{"nodes":[{"nodeID":"783784","text":"we need to know until we know more about Omicron","type":"I","timestamp":"2021-12-09 20:52:07"},{"nodeID":"783791","text":"the economy suffers","type":"I","timestamp":"2021-12-09 20:52:09"},{"nodeID":"783798","text":"the UK should or should not send more vaccines abroad","type":"I","timestamp":"2021-12-09 20:52:11"},{"nodeID":"783805","text":"we need an internal partnership to make sure people are vaccinated everywhere","type":"I","timestamp":"2021-12-09 20:52:13"},{"nodeID":"783812","text":"none of us are going to be safe until the entire world has a grip","type":"I","timestamp":"2021-12-09 20:52:15"},{"nodeID":"1281039","text":"Fiona Bruce: should all nonessential travel be postponed until spring","type":"L","timestamp":"2023-11-09 12:28:40"},{"nodeID":"1281040","text":"all nonessential travel should or should not be postponed until spring","type":"I","timestamp":"2023-11-09 12:28:41"},{"nodeID":"1281041","text":"Analysing","type":"YA","timestamp":"2023-11-09 12:28:41"},{"nodeID":"1281042","text":"Clara: Fiona Bruce: should all nonessential travel be postponed until spring","type":"L","timestamp":"2023-11-09 12:28:41"},{"nodeID":"1281043","text":"Pure Questioning","type":"YA","timestamp":"2023-11-09 12:28:41"},{"nodeID":"1281044","text":"even Peter Openshaw didn't say a definitive no to postponing nonessential travel","type":"I","timestamp":"2023-11-09 12:28:41"},{"nodeID":"1281045","text":"Thangam Debonnaire: even Peter didn't say a definitive no","type":"L","timestamp":"2023-11-09 12:28:41"},{"nodeID":"1281046","text":"Analysing","type":"YA","timestamp":"2023-11-09 12:28:41"},{"nodeID":"1281047","text":"Clara: Thangam Debonnaire: even Peter didn't say a definitive no","type":"L","timestamp":"2023-11-09 12:28:41"},{"nodeID":"1281048","text":"Asserting","type":"YA","timestamp":"2023-11-09 12:28:41"},{"nodeID":"1281049","text":"Default Transition","type":"TA","timestamp":"2023-11-09 12:28:41"},{"nodeID":"1281050","text":"Thangam Debonnaire: we need to know until we know more about Omicron","type":"L","timestamp":"2023-11-09 12:28:42"},{"nodeID":"1281051","text":"Analysing","type":"YA","timestamp":"2023-11-09 12:28:42"},{"nodeID":"1281052","text":"Clara: Thangam Debonnaire: we need to know until we know more about Omicron","type":"L","timestamp":"2023-11-09 12:28:42"},{"nodeID":"1281053","text":"Asserting","type":"YA","timestamp":"2023-11-09 12:28:42"},{"nodeID":"1281054","text":"Default Transition","type":"TA","timestamp":"2023-11-09 12:28:42"},{"nodeID":"1281055","text":"Default Rephrase","type":"MA","timestamp":"2023-11-09 12:28:42"},{"nodeID":"1281056","text":"Default Illocuting","type":"YA","timestamp":"2023-11-09 12:28:42"},{"nodeID":"1281057","text":"Default Transition","type":"TA","timestamp":"2023-11-09 12:28:42"},{"nodeID":"1281058","text":"Default Rephrase","type":"MA","timestamp":"2023-11-09 12:28:42"},{"nodeID":"1281059","text":"Restating","type":"YA","timestamp":"2023-11-09 12:28:42"},{"nodeID":"1281060","text":"we should have predeparture PCRs","type":"I","timestamp":"2023-11-09 12:28:42"},{"nodeID":"1281061","text":"Thangam Debonnaire: we should have predeparture PCRs","type":"L","timestamp":"2023-11-09 12:28:42"},{"nodeID":"1281062","text":"Analysing","type":"YA","timestamp":"2023-11-09 12:28:42"},{"nodeID":"1281063","text":"Clara: Thangam Debonnaire: we should have predeparture PCRs","type":"L","timestamp":"2023-11-09 12:28:42"},{"nodeID":"1281064","text":"Asserting","type":"YA","timestamp":"2023-11-09 12:28:42"},{"nodeID":"1281065","text":"Default Transition","type":"TA","timestamp":"2023-11-09 12:28:42"},{"nodeID":"1281066","text":"it is astonishing you can get on a flight, arrive in the UK, get on a bus, mix with other people, get home, and wait two days before being tested","type":"I","timestamp":"2023-11-09 12:28:43"},{"nodeID":"1281067","text":"Thangam Debonnaire: it is astonishing you can get on a flight, arrive here, get on a bus, mix with other people, get home, and you wait two days before you are being tested","type":"L","timestamp":"2023-11-09 12:28:43"},{"nodeID":"1281068","text":"Analysing","type":"YA","timestamp":"2023-11-09 12:28:43"},{"nodeID":"1281069","text":"Clara: Thangam Debonnaire: it is astonishing you can get on a flight, arrive here, get on a bus, mix with other people, get home, and you wait two days before you are being tested","type":"L","timestamp":"2023-11-09 12:28:43"},{"nodeID":"1281070","text":"Asserting","type":"YA","timestamp":"2023-11-09 12:28:43"},{"nodeID":"1281071","text":"Default Transition","type":"TA","timestamp":"2023-11-09 12:28:43"},{"nodeID":"1281072","text":"Default Inference","type":"RA","timestamp":"2023-11-09 12:28:43"},{"nodeID":"1281073","text":"getting on a flight, arriving in the UK, getting on a bus, mixing with other people, getting home and waiting two days before being tested is a problem","type":"I","timestamp":"2023-11-09 12:28:44"},{"nodeID":"1281074","text":"Thangam Debonnaire: That's a problem","type":"L","timestamp":"2023-11-09 12:28:44"},{"nodeID":"1281075","text":"Analysing","type":"YA","timestamp":"2023-11-09 12:28:44"},{"nodeID":"1281076","text":"Clara: Thangam Debonnaire: That's a problem","type":"L","timestamp":"2023-11-09 12:28:44"},{"nodeID":"1281077","text":"Asserting","type":"YA","timestamp":"2023-11-09 12:28:44"},{"nodeID":"1281078","text":"Default Transition","type":"TA","timestamp":"2023-11-09 12:28:44"},{"nodeID":"1281079","text":"Arguing","type":"YA","timestamp":"2023-11-09 12:28:44"},{"nodeID":"1281080","text":"we should do things like investing in ventilation","type":"I","timestamp":"2023-11-09 12:28:44"},{"nodeID":"1281081","text":"Thangam Debonnaire: there are other things like investing in ventilation","type":"L","timestamp":"2023-11-09 12:28:44"},{"nodeID":"1281082","text":"Analysing","type":"YA","timestamp":"2023-11-09 12:28:44"},{"nodeID":"1281083","text":"Clara: Thangam Debonnaire: there are other things like investing in ventilation","type":"L","timestamp":"2023-11-09 12:28:44"},{"nodeID":"1281084","text":"Asserting","type":"YA","timestamp":"2023-11-09 12:28:44"},{"nodeID":"1281085","text":"Default Transition","type":"TA","timestamp":"2023-11-09 12:28:44"},{"nodeID":"1281086","text":"investing in ventilation should have happened months ago","type":"I","timestamp":"2023-11-09 12:28:45"},{"nodeID":"1281087","text":"Thangam Debonnaire: It should have happened months ago","type":"L","timestamp":"2023-11-09 12:28:45"},{"nodeID":"1281088","text":"Analysing","type":"YA","timestamp":"2023-11-09 12:28:45"},{"nodeID":"1281089","text":"Clara: Thangam Debonnaire: It should have happened months ago","type":"L","timestamp":"2023-11-09 12:28:45"},{"nodeID":"1281090","text":"Asserting","type":"YA","timestamp":"2023-11-09 12:28:45"},{"nodeID":"1281091","text":"Default Transition","type":"TA","timestamp":"2023-11-09 12:28:45"},{"nodeID":"1281092","text":"the government was warned that schools need ventilation","type":"I","timestamp":"2023-11-09 12:28:45"},{"nodeID":"1281093","text":"Thangam Debonnaire: The government was warned that schools need ventilation","type":"L","timestamp":"2023-11-09 12:28:45"},{"nodeID":"1281094","text":"Analysing","type":"YA","timestamp":"2023-11-09 12:28:45"},{"nodeID":"1281095","text":"Clara: Thangam Debonnaire: The government was warned that schools need ventilation","type":"L","timestamp":"2023-11-09 12:28:45"},{"nodeID":"1281096","text":"Asserting","type":"YA","timestamp":"2023-11-09 12:28:45"},{"nodeID":"1281097","text":"Default Transition","type":"TA","timestamp":"2023-11-09 12:28:45"},{"nodeID":"1281098","text":"Default Inference","type":"RA","timestamp":"2023-11-09 12:28:45"},{"nodeID":"1281099","text":"Arguing","type":"YA","timestamp":"2023-11-09 12:28:45"},{"nodeID":"1281100","text":"Thangam Debonnaire has people telling her the only options they have in schools is to open the window","type":"I","timestamp":"2023-11-09 12:28:46"},{"nodeID":"1281101","text":"Thangam Debonnaire: I have people telling me the only options they have in schools is to open the window","type":"L","timestamp":"2023-11-09 12:28:46"},{"nodeID":"1281102","text":"Analysing","type":"YA","timestamp":"2023-11-09 12:28:46"},{"nodeID":"1281103","text":"Clara: Thangam Debonnaire: I have people telling me the only options they have in schools is to open the window","type":"L","timestamp":"2023-11-09 12:28:46"},{"nodeID":"1281104","text":"Asserting","type":"YA","timestamp":"2023-11-09 12:28:46"},{"nodeID":"1281105","text":"Default Transition","type":"TA","timestamp":"2023-11-09 12:28:46"},{"nodeID":"1281106","text":"Default Inference","type":"RA","timestamp":"2023-11-09 12:28:46"},{"nodeID":"1281107","text":"Arguing","type":"YA","timestamp":"2023-11-09 12:28:46"},{"nodeID":"1281108","text":"Default Inference","type":"RA","timestamp":"2023-11-09 12:28:46"},{"nodeID":"1281109","text":"Arguing","type":"YA","timestamp":"2023-11-09 12:28:46"},{"nodeID":"1281110","text":"Thangam Debonnaire: the economy suffers","type":"L","timestamp":"2023-11-09 12:28:46"},{"nodeID":"1281111","text":"Analysing","type":"YA","timestamp":"2023-11-09 12:28:46"},{"nodeID":"1281112","text":"Clara: Thangam Debonnaire: the economy suffers","type":"L","timestamp":"2023-11-09 12:28:46"},{"nodeID":"1281113","text":"Asserting","type":"YA","timestamp":"2023-11-09 12:28:46"},{"nodeID":"1281114","text":"Default Transition","type":"TA","timestamp":"2023-11-09 12:28:46"},{"nodeID":"1281115","text":"COVID might run rampant as well","type":"I","timestamp":"2023-11-09 12:28:47"},{"nodeID":"1281116","text":"Thangam Debonnaire: COVID runs rampant as well","type":"L","timestamp":"2023-11-09 12:28:47"},{"nodeID":"1281117","text":"Analysing","type":"YA","timestamp":"2023-11-09 12:28:47"},{"nodeID":"1281118","text":"Clara: Thangam Debonnaire: COVID runs rampant as well","type":"L","timestamp":"2023-11-09 12:28:47"},{"nodeID":"1281119","text":"Asserting","type":"YA","timestamp":"2023-11-09 12:28:47"},{"nodeID":"1281120","text":"Default Transition","type":"TA","timestamp":"2023-11-09 12:28:47"},{"nodeID":"1281121","text":"Default Inference","type":"RA","timestamp":"2023-11-09 12:28:47"},{"nodeID":"1281122","text":"Arguing","type":"YA","timestamp":"2023-11-09 12:28:47"},{"nodeID":"1281123","text":"it is not a simple case of if we shut things down, the economy suffers","type":"I","timestamp":"2023-11-09 12:28:47"},{"nodeID":"1281124","text":"Thangam Debonnaire: It is not a simple case of if we shut things down, the economy suffers","type":"L","timestamp":"2023-11-09 12:28:47"},{"nodeID":"1281125","text":"Analysing","type":"YA","timestamp":"2023-11-09 12:28:47"},{"nodeID":"1281126","text":"Clara: Thangam Debonnaire: It is not a simple case of if we shut things down, the economy suffers","type":"L","timestamp":"2023-11-09 12:28:47"},{"nodeID":"1281127","text":"Asserting","type":"YA","timestamp":"2023-11-09 12:28:47"},{"nodeID":"1281128","text":"Default Transition","type":"TA","timestamp":"2023-11-09 12:28:47"},{"nodeID":"1281129","text":"Default Rephrase","type":"MA","timestamp":"2023-11-09 12:28:47"},{"nodeID":"1281130","text":"Restating","type":"YA","timestamp":"2023-11-09 12:28:47"},{"nodeID":"1281131","text":"when Thangam Debonnaire reads economic briefings, some of the complexities come out in that","type":"I","timestamp":"2023-11-09 12:28:48"},{"nodeID":"1281132","text":"Thangam Debonnaire:  when I read economic briefings, some of the complexities come out in that","type":"L","timestamp":"2023-11-09 12:28:48"},{"nodeID":"1281133","text":"Analysing","type":"YA","timestamp":"2023-11-09 12:28:48"},{"nodeID":"1281134","text":"Clara: Thangam Debonnaire:  when I read economic briefings, some of the complexities come out in that","type":"L","timestamp":"2023-11-09 12:28:48"},{"nodeID":"1281135","text":"Asserting","type":"YA","timestamp":"2023-11-09 12:28:48"},{"nodeID":"1281136","text":"Default Transition","type":"TA","timestamp":"2023-11-09 12:28:48"},{"nodeID":"1281137","text":"Default Inference","type":"RA","timestamp":"2023-11-09 12:28:48"},{"nodeID":"1281138","text":"Arguing","type":"YA","timestamp":"2023-11-09 12:28:48"},{"nodeID":"1281139","text":"we can't afford to have the economy shut down because everybody is sick","type":"I","timestamp":"2023-11-09 12:28:49"},{"nodeID":"1281140","text":"Thangam Debonnaire: We can't afford to have the economy shut down because everybody is sick","type":"L","timestamp":"2023-11-09 12:28:49"},{"nodeID":"1281141","text":"Analysing","type":"YA","timestamp":"2023-11-09 12:28:49"},{"nodeID":"1281142","text":"Clara: Thangam Debonnaire: We can't afford to have the economy shut down because everybody is sick","type":"L","timestamp":"2023-11-09 12:28:49"},{"nodeID":"1281143","text":"Asserting","type":"YA","timestamp":"2023-11-09 12:28:49"},{"nodeID":"1281144","text":"Default Transition","type":"TA","timestamp":"2023-11-09 12:28:49"},{"nodeID":"1281145","text":"Default Conflict","type":"CA","timestamp":"2023-11-09 12:28:49"},{"nodeID":"1281146","text":"Disagreeing","type":"YA","timestamp":"2023-11-09 12:28:49"},{"nodeID":"1281147","text":"Fiona Bruce: What about sending more vaccines abroad","type":"L","timestamp":"2023-11-09 12:28:49"},{"nodeID":"1281148","text":"Analysing","type":"YA","timestamp":"2023-11-09 12:28:49"},{"nodeID":"1281149","text":"Clara: Fiona Bruce: What about sending more vaccines abroad","type":"L","timestamp":"2023-11-09 12:28:49"},{"nodeID":"1281150","text":"Pure Questioning","type":"YA","timestamp":"2023-11-09 12:28:49"},{"nodeID":"1281151","text":"Default Transition","type":"TA","timestamp":"2023-11-09 12:28:49"},{"nodeID":"1281152","text":"the UK should send more vaccines abroad","type":"I","timestamp":"2023-11-09 12:28:50"},{"nodeID":"1281153","text":"Thangam Debonnaire: Absolutely","type":"L","timestamp":"2023-11-09 12:28:50"},{"nodeID":"1281154","text":"Analysing","type":"YA","timestamp":"2023-11-09 12:28:50"},{"nodeID":"1281155","text":"Clara: Thangam Debonnaire: Absolutely","type":"L","timestamp":"2023-11-09 12:28:50"},{"nodeID":"1281156","text":"Asserting","type":"YA","timestamp":"2023-11-09 12:28:50"},{"nodeID":"1281157","text":"Default Transition","type":"TA","timestamp":"2023-11-09 12:28:50"},{"nodeID":"1281158","text":"Default Rephrase","type":"MA","timestamp":"2023-11-09 12:28:50"},{"nodeID":"1281159","text":"Default Illocuting","type":"YA","timestamp":"2023-11-09 12:28:50"},{"nodeID":"1281160","text":"Thangam Debonnaire: We need an internal partnership to make sure people are vaccinated everywhere","type":"L","timestamp":"2023-11-09 12:28:50"},{"nodeID":"1281161","text":"Analysing","type":"YA","timestamp":"2023-11-09 12:28:50"},{"nodeID":"1281162","text":"Clara: Thangam Debonnaire: We need an internal partnership to make sure people are vaccinated everywhere","type":"L","timestamp":"2023-11-09 12:28:50"},{"nodeID":"1281163","text":"Asserting","type":"YA","timestamp":"2023-11-09 12:28:50"},{"nodeID":"1281164","text":"Default Inference","type":"RA","timestamp":"2023-11-09 12:28:50"},{"nodeID":"1281165","text":"Default Transition","type":"TA","timestamp":"2023-11-09 12:28:50"},{"nodeID":"1281166","text":"Arguing","type":"YA","timestamp":"2023-11-09 12:28:50"},{"nodeID":"1281167","text":"the government said they were going to get 30 million vaccines sent abroad","type":"I","timestamp":"2023-11-09 12:28:51"},{"nodeID":"1281168","text":"Thangam Debonnaire: The government said they were going to get 30 million vaccines sent abroad","type":"L","timestamp":"2023-11-09 12:28:51"},{"nodeID":"1281169","text":"Analysing","type":"YA","timestamp":"2023-11-09 12:28:51"},{"nodeID":"1281170","text":"Clara: Thangam Debonnaire: The government said they were going to get 30 million vaccines sent abroad","type":"L","timestamp":"2023-11-09 12:28:51"},{"nodeID":"1281171","text":"Asserting","type":"YA","timestamp":"2023-11-09 12:28:51"},{"nodeID":"1281172","text":"so far the government have only sent million vaccines abroad","type":"I","timestamp":"2023-11-09 12:28:51"},{"nodeID":"1281173","text":"Thangam Debonnaire: is it is only 11.5 million so far","type":"L","timestamp":"2023-11-09 12:28:51"},{"nodeID":"1281174","text":"Analysing","type":"YA","timestamp":"2023-11-09 12:28:51"},{"nodeID":"1281175","text":"Clara: Thangam Debonnaire: is it is only 11.5 million so far","type":"L","timestamp":"2023-11-09 12:28:51"},{"nodeID":"1281176","text":"Asserting","type":"YA","timestamp":"2023-11-09 12:28:51"},{"nodeID":"1281177","text":"Default Transition","type":"TA","timestamp":"2023-11-09 12:28:51"},{"nodeID":"1281178","text":"Default Conflict","type":"CA","timestamp":"2023-11-09 12:28:51"},{"nodeID":"1281179","text":"Disagreeing","type":"YA","timestamp":"2023-11-09 12:28:51"},{"nodeID":"1281180","text":"shamefully 600,000 vaccine doses were thrown away","type":"I","timestamp":"2023-11-09 12:28:52"},{"nodeID":"1281181","text":"Thangam Debonnaire: Shamefully 600,000 doses were thrown away","type":"L","timestamp":"2023-11-09 12:28:52"},{"nodeID":"1281182","text":"Analysing","type":"YA","timestamp":"2023-11-09 12:28:52"},{"nodeID":"1281183","text":"Clara: Thangam Debonnaire: Shamefully 600,000 doses were thrown away","type":"L","timestamp":"2023-11-09 12:28:52"},{"nodeID":"1281184","text":"Asserting","type":"YA","timestamp":"2023-11-09 12:28:52"},{"nodeID":"1281185","text":"the government's distribution of vaccines is not good planning","type":"I","timestamp":"2023-11-09 12:28:53"},{"nodeID":"1281186","text":"Thangam Debonnaire: That's not good planning","type":"L","timestamp":"2023-11-09 12:28:53"},{"nodeID":"1281187","text":"Analysing","type":"YA","timestamp":"2023-11-09 12:28:53"},{"nodeID":"1281188","text":"Clara: Thangam Debonnaire: That's not good planning","type":"L","timestamp":"2023-11-09 12:28:53"},{"nodeID":"1281189","text":"Asserting","type":"YA","timestamp":"2023-11-09 12:28:53"},{"nodeID":"1281190","text":"Default Transition","type":"TA","timestamp":"2023-11-09 12:28:53"},{"nodeID":"1281191","text":"Default Transition","type":"TA","timestamp":"2023-11-09 12:28:53"},{"nodeID":"1281192","text":"Default Inference","type":"RA","timestamp":"2023-11-09 12:28:53"},{"nodeID":"1281193","text":"the government's distribution of vaccines is not sensible","type":"I","timestamp":"2023-11-09 12:28:53"},{"nodeID":"1281194","text":"Thangam Debonnaire: it is not sensible","type":"L","timestamp":"2023-11-09 12:28:53"},{"nodeID":"1281195","text":"Analysing","type":"YA","timestamp":"2023-11-09 12:28:53"},{"nodeID":"1281196","text":"Clara: Thangam Debonnaire: it is not sensible","type":"L","timestamp":"2023-11-09 12:28:53"},{"nodeID":"1281197","text":"Asserting","type":"YA","timestamp":"2023-11-09 12:28:53"},{"nodeID":"1281198","text":"Default Transition","type":"TA","timestamp":"2023-11-09 12:28:53"},{"nodeID":"1281199","text":"Default Rephrase","type":"MA","timestamp":"2023-11-09 12:28:53"},{"nodeID":"1281200","text":"Restating","type":"YA","timestamp":"2023-11-09 12:28:53"},{"nodeID":"1281201","text":"Thangam Debonnaire: none of us are going to be safe until the entire world has a grip","type":"L","timestamp":"2023-11-09 12:28:54"},{"nodeID":"1281202","text":"Analysing","type":"YA","timestamp":"2023-11-09 12:28:54"},{"nodeID":"1281203","text":"Clara: Thangam Debonnaire: none of us are going to be safe until the entire world has a grip","type":"L","timestamp":"2023-11-09 12:28:54"},{"nodeID":"1281204","text":"Asserting","type":"YA","timestamp":"2023-11-09 12:28:54"},{"nodeID":"1281205","text":"Default Transition","type":"TA","timestamp":"2023-11-09 12:28:54"},{"nodeID":"1281206","text":"Arguing","type":"YA","timestamp":"2023-11-09 12:28:54"},{"nodeID":"1281207","text":"it doesn't benefit the UK to hoard all the vaccines","type":"I","timestamp":"2023-11-09 12:28:54"},{"nodeID":"1281208","text":"Thangam Debonnaire: It doesn't benefit us to hoard all the vaccines","type":"L","timestamp":"2023-11-09 12:28:54"},{"nodeID":"1281209","text":"Analysing","type":"YA","timestamp":"2023-11-09 12:28:54"},{"nodeID":"1281210","text":"Clara: Thangam Debonnaire: It doesn't benefit us to hoard all the vaccines","type":"L","timestamp":"2023-11-09 12:28:54"},{"nodeID":"1281211","text":"Asserting","type":"YA","timestamp":"2023-11-09 12:28:54"},{"nodeID":"1281212","text":"Default Transition","type":"TA","timestamp":"2023-11-09 12:28:54"},{"nodeID":"1281213","text":"Default Inference","type":"RA","timestamp":"2023-11-09 12:28:54"},{"nodeID":"1281214","text":"Arguing","type":"YA","timestamp":"2023-11-09 12:28:54"},{"nodeID":"1281215","text":"Default Transition","type":"TA","timestamp":"2023-11-09 12:28:54"},{"nodeID":"1281216","text":"Default Inference","type":"RA","timestamp":"2023-11-09 12:28:54"},{"nodeID":"1281217","text":"Default Transition","type":"TA","timestamp":"2023-11-09 12:28:54"},{"nodeID":"1281218","text":"Default Inference","type":"RA","timestamp":"2023-11-09 12:28:54"},{"nodeID":"1281219","text":"Arguing","type":"YA","timestamp":"2023-11-09 12:28:54"},{"nodeID":"1281220","text":"Default Transition","type":"TA","timestamp":"2023-11-09 12:28:54"},{"nodeID":"1281221","text":"Arguing","type":"YA","timestamp":"2023-11-09 12:28:54"},{"nodeID":"1281222","text":"Default Transition","type":"TA","timestamp":"2023-11-09 12:28:54"},{"nodeID":"1281223","text":"Default Inference","type":"RA","timestamp":"2023-11-09 12:28:54"},{"nodeID":"1281224","text":"Arguing","type":"YA","timestamp":"2023-11-09 12:28:54"}],"edges":[{"edgeID":"1685662","fromID":"1281041","toID":"1281039","formEdgeID":null},{"edgeID":"1685663","fromID":"1281042","toID":"1281041","formEdgeID":null},{"edgeID":"1685664","fromID":"1281039","toID":"1281043","formEdgeID":null},{"edgeID":"1685665","fromID":"1281043","toID":"1281040","formEdgeID":null},{"edgeID":"1685666","fromID":"1281046","toID":"1281045","formEdgeID":null},{"edgeID":"1685667","fromID":"1281047","toID":"1281046","formEdgeID":null},{"edgeID":"1685668","fromID":"1281045","toID":"1281048","formEdgeID":null},{"edgeID":"1685669","fromID":"1281048","toID":"1281044","formEdgeID":null},{"edgeID":"1685670","fromID":"1281039","toID":"1281049","formEdgeID":null},{"edgeID":"1685671","fromID":"1281049","toID":"1281045","formEdgeID":null},{"edgeID":"1685672","fromID":"1281051","toID":"1281050","formEdgeID":null},{"edgeID":"1685673","fromID":"1281052","toID":"1281051","formEdgeID":null},{"edgeID":"1685674","fromID":"1281050","toID":"1281053","formEdgeID":null},{"edgeID":"1685675","fromID":"1281053","toID":"783784","formEdgeID":null},{"edgeID":"1685676","fromID":"1281039","toID":"1281054","formEdgeID":null},{"edgeID":"1685677","fromID":"1281054","toID":"1281050","formEdgeID":null},{"edgeID":"1685678","fromID":"783784","toID":"1281055","formEdgeID":null},{"edgeID":"1685679","fromID":"1281055","toID":"1281040","formEdgeID":null},{"edgeID":"1685680","fromID":"1281054","toID":"1281056","formEdgeID":null},{"edgeID":"1685681","fromID":"1281056","toID":"1281055","formEdgeID":null},{"edgeID":"1685682","fromID":"1281045","toID":"1281057","formEdgeID":null},{"edgeID":"1685683","fromID":"1281057","toID":"1281050","formEdgeID":null},{"edgeID":"1685684","fromID":"783784","toID":"1281058","formEdgeID":null},{"edgeID":"1685685","fromID":"1281058","toID":"1281044","formEdgeID":null},{"edgeID":"1685686","fromID":"1281057","toID":"1281059","formEdgeID":null},{"edgeID":"1685687","fromID":"1281059","toID":"1281058","formEdgeID":null},{"edgeID":"1685688","fromID":"1281062","toID":"1281061","formEdgeID":null},{"edgeID":"1685689","fromID":"1281063","toID":"1281062","formEdgeID":null},{"edgeID":"1685690","fromID":"1281061","toID":"1281064","formEdgeID":null},{"edgeID":"1685691","fromID":"1281064","toID":"1281060","formEdgeID":null},{"edgeID":"1685692","fromID":"1281050","toID":"1281065","formEdgeID":null},{"edgeID":"1685693","fromID":"1281065","toID":"1281061","formEdgeID":null},{"edgeID":"1685694","fromID":"1281068","toID":"1281067","formEdgeID":null},{"edgeID":"1685695","fromID":"1281069","toID":"1281068","formEdgeID":null},{"edgeID":"1685696","fromID":"1281067","toID":"1281070","formEdgeID":null},{"edgeID":"1685697","fromID":"1281070","toID":"1281066","formEdgeID":null},{"edgeID":"1685698","fromID":"1281061","toID":"1281071","formEdgeID":null},{"edgeID":"1685699","fromID":"1281071","toID":"1281067","formEdgeID":null},{"edgeID":"1685700","fromID":"1281066","toID":"1281072","formEdgeID":null},{"edgeID":"1685701","fromID":"1281072","toID":"1281060","formEdgeID":null},{"edgeID":"1685702","fromID":"1281075","toID":"1281074","formEdgeID":null},{"edgeID":"1685703","fromID":"1281076","toID":"1281075","formEdgeID":null},{"edgeID":"1685704","fromID":"1281074","toID":"1281077","formEdgeID":null},{"edgeID":"1685705","fromID":"1281077","toID":"1281073","formEdgeID":null},{"edgeID":"1685706","fromID":"1281061","toID":"1281078","formEdgeID":null},{"edgeID":"1685707","fromID":"1281078","toID":"1281074","formEdgeID":null},{"edgeID":"1685708","fromID":"1281073","toID":"1281072","formEdgeID":null},{"edgeID":"1685709","fromID":"1281078","toID":"1281079","formEdgeID":null},{"edgeID":"1685710","fromID":"1281079","toID":"1281072","formEdgeID":null},{"edgeID":"1685711","fromID":"1281082","toID":"1281081","formEdgeID":null},{"edgeID":"1685712","fromID":"1281083","toID":"1281082","formEdgeID":null},{"edgeID":"1685713","fromID":"1281081","toID":"1281084","formEdgeID":null},{"edgeID":"1685714","fromID":"1281084","toID":"1281080","formEdgeID":null},{"edgeID":"1685715","fromID":"1281074","toID":"1281085","formEdgeID":null},{"edgeID":"1685716","fromID":"1281085","toID":"1281081","formEdgeID":null},{"edgeID":"1685717","fromID":"1281088","toID":"1281087","formEdgeID":null},{"edgeID":"1685718","fromID":"1281089","toID":"1281088","formEdgeID":null},{"edgeID":"1685719","fromID":"1281087","toID":"1281090","formEdgeID":null},{"edgeID":"1685720","fromID":"1281090","toID":"1281086","formEdgeID":null},{"edgeID":"1685721","fromID":"1281081","toID":"1281091","formEdgeID":null},{"edgeID":"1685722","fromID":"1281091","toID":"1281087","formEdgeID":null},{"edgeID":"1685723","fromID":"1281094","toID":"1281093","formEdgeID":null},{"edgeID":"1685724","fromID":"1281095","toID":"1281094","formEdgeID":null},{"edgeID":"1685725","fromID":"1281093","toID":"1281096","formEdgeID":null},{"edgeID":"1685726","fromID":"1281096","toID":"1281092","formEdgeID":null},{"edgeID":"1685727","fromID":"1281087","toID":"1281097","formEdgeID":null},{"edgeID":"1685728","fromID":"1281097","toID":"1281093","formEdgeID":null},{"edgeID":"1685729","fromID":"1281092","toID":"1281098","formEdgeID":null},{"edgeID":"1685730","fromID":"1281098","toID":"1281086","formEdgeID":null},{"edgeID":"1685731","fromID":"1281097","toID":"1281099","formEdgeID":null},{"edgeID":"1685732","fromID":"1281099","toID":"1281098","formEdgeID":null},{"edgeID":"1685733","fromID":"1281102","toID":"1281101","formEdgeID":null},{"edgeID":"1685734","fromID":"1281103","toID":"1281102","formEdgeID":null},{"edgeID":"1685735","fromID":"1281101","toID":"1281104","formEdgeID":null},{"edgeID":"1685736","fromID":"1281104","toID":"1281100","formEdgeID":null},{"edgeID":"1685737","fromID":"1281087","toID":"1281105","formEdgeID":null},{"edgeID":"1685738","fromID":"1281105","toID":"1281101","formEdgeID":null},{"edgeID":"1685739","fromID":"1281086","toID":"1281106","formEdgeID":null},{"edgeID":"1685740","fromID":"1281106","toID":"1281100","formEdgeID":null},{"edgeID":"1685741","fromID":"1281105","toID":"1281107","formEdgeID":null},{"edgeID":"1685742","fromID":"1281107","toID":"1281106","formEdgeID":null},{"edgeID":"1685743","fromID":"1281086","toID":"1281108","formEdgeID":null},{"edgeID":"1685744","fromID":"1281108","toID":"1281080","formEdgeID":null},{"edgeID":"1685745","fromID":"1281091","toID":"1281109","formEdgeID":null},{"edgeID":"1685746","fromID":"1281109","toID":"1281108","formEdgeID":null},{"edgeID":"1685747","fromID":"1281111","toID":"1281110","formEdgeID":null},{"edgeID":"1685748","fromID":"1281112","toID":"1281111","formEdgeID":null},{"edgeID":"1685749","fromID":"1281110","toID":"1281113","formEdgeID":null},{"edgeID":"1685750","fromID":"1281113","toID":"783791","formEdgeID":null},{"edgeID":"1685751","fromID":"1281101","toID":"1281114","formEdgeID":null},{"edgeID":"1685752","fromID":"1281114","toID":"1281110","formEdgeID":null},{"edgeID":"1685753","fromID":"1281117","toID":"1281116","formEdgeID":null},{"edgeID":"1685754","fromID":"1281118","toID":"1281117","formEdgeID":null},{"edgeID":"1685755","fromID":"1281116","toID":"1281119","formEdgeID":null},{"edgeID":"1685756","fromID":"1281119","toID":"1281115","formEdgeID":null},{"edgeID":"1685757","fromID":"1281110","toID":"1281120","formEdgeID":null},{"edgeID":"1685758","fromID":"1281120","toID":"1281116","formEdgeID":null},{"edgeID":"1685759","fromID":"1281115","toID":"1281121","formEdgeID":null},{"edgeID":"1685760","fromID":"1281121","toID":"783791","formEdgeID":null},{"edgeID":"1685761","fromID":"1281120","toID":"1281122","formEdgeID":null},{"edgeID":"1685762","fromID":"1281122","toID":"1281121","formEdgeID":null},{"edgeID":"1685763","fromID":"1281125","toID":"1281124","formEdgeID":null},{"edgeID":"1685764","fromID":"1281126","toID":"1281125","formEdgeID":null},{"edgeID":"1685765","fromID":"1281124","toID":"1281127","formEdgeID":null},{"edgeID":"1685766","fromID":"1281127","toID":"1281123","formEdgeID":null},{"edgeID":"1685767","fromID":"1281110","toID":"1281128","formEdgeID":null},{"edgeID":"1685768","fromID":"1281128","toID":"1281124","formEdgeID":null},{"edgeID":"1685769","fromID":"1281123","toID":"1281129","formEdgeID":null},{"edgeID":"1685770","fromID":"1281129","toID":"783791","formEdgeID":null},{"edgeID":"1685771","fromID":"1281128","toID":"1281130","formEdgeID":null},{"edgeID":"1685772","fromID":"1281130","toID":"1281129","formEdgeID":null},{"edgeID":"1685773","fromID":"1281133","toID":"1281132","formEdgeID":null},{"edgeID":"1685774","fromID":"1281134","toID":"1281133","formEdgeID":null},{"edgeID":"1685775","fromID":"1281132","toID":"1281135","formEdgeID":null},{"edgeID":"1685776","fromID":"1281135","toID":"1281131","formEdgeID":null},{"edgeID":"1685777","fromID":"1281124","toID":"1281136","formEdgeID":null},{"edgeID":"1685778","fromID":"1281136","toID":"1281132","formEdgeID":null},{"edgeID":"1685779","fromID":"1281131","toID":"1281137","formEdgeID":null},{"edgeID":"1685780","fromID":"1281137","toID":"1281123","formEdgeID":null},{"edgeID":"1685781","fromID":"1281136","toID":"1281138","formEdgeID":null},{"edgeID":"1685782","fromID":"1281138","toID":"1281137","formEdgeID":null},{"edgeID":"1685783","fromID":"1281141","toID":"1281140","formEdgeID":null},{"edgeID":"1685784","fromID":"1281142","toID":"1281141","formEdgeID":null},{"edgeID":"1685785","fromID":"1281140","toID":"1281143","formEdgeID":null},{"edgeID":"1685786","fromID":"1281143","toID":"1281139","formEdgeID":null},{"edgeID":"1685787","fromID":"1281124","toID":"1281144","formEdgeID":null},{"edgeID":"1685788","fromID":"1281144","toID":"1281140","formEdgeID":null},{"edgeID":"1685789","fromID":"1281139","toID":"1281145","formEdgeID":null},{"edgeID":"1685790","fromID":"1281145","toID":"1281123","formEdgeID":null},{"edgeID":"1685791","fromID":"1281144","toID":"1281146","formEdgeID":null},{"edgeID":"1685792","fromID":"1281146","toID":"1281145","formEdgeID":null},{"edgeID":"1685793","fromID":"1281148","toID":"1281147","formEdgeID":null},{"edgeID":"1685794","fromID":"1281149","toID":"1281148","formEdgeID":null},{"edgeID":"1685795","fromID":"1281147","toID":"1281150","formEdgeID":null},{"edgeID":"1685796","fromID":"1281150","toID":"783798","formEdgeID":null},{"edgeID":"1685797","fromID":"1281140","toID":"1281151","formEdgeID":null},{"edgeID":"1685798","fromID":"1281151","toID":"1281147","formEdgeID":null},{"edgeID":"1685799","fromID":"1281154","toID":"1281153","formEdgeID":null},{"edgeID":"1685800","fromID":"1281155","toID":"1281154","formEdgeID":null},{"edgeID":"1685801","fromID":"1281153","toID":"1281156","formEdgeID":null},{"edgeID":"1685802","fromID":"1281156","toID":"1281152","formEdgeID":null},{"edgeID":"1685803","fromID":"1281147","toID":"1281157","formEdgeID":null},{"edgeID":"1685804","fromID":"1281157","toID":"1281153","formEdgeID":null},{"edgeID":"1685805","fromID":"1281152","toID":"1281158","formEdgeID":null},{"edgeID":"1685806","fromID":"1281158","toID":"783798","formEdgeID":null},{"edgeID":"1685807","fromID":"1281157","toID":"1281159","formEdgeID":null},{"edgeID":"1685808","fromID":"1281159","toID":"1281158","formEdgeID":null},{"edgeID":"1685809","fromID":"1281161","toID":"1281160","formEdgeID":null},{"edgeID":"1685810","fromID":"1281162","toID":"1281161","formEdgeID":null},{"edgeID":"1685811","fromID":"1281160","toID":"1281163","formEdgeID":null},{"edgeID":"1685812","fromID":"1281163","toID":"783805","formEdgeID":null},{"edgeID":"1685813","fromID":"1281152","toID":"1281164","formEdgeID":null},{"edgeID":"1685814","fromID":"1281164","toID":"783805","formEdgeID":null},{"edgeID":"1685815","fromID":"1281153","toID":"1281165","formEdgeID":null},{"edgeID":"1685816","fromID":"1281165","toID":"1281160","formEdgeID":null},{"edgeID":"1685817","fromID":"1281165","toID":"1281166","formEdgeID":null},{"edgeID":"1685818","fromID":"1281166","toID":"1281164","formEdgeID":null},{"edgeID":"1685819","fromID":"1281169","toID":"1281168","formEdgeID":null},{"edgeID":"1685820","fromID":"1281170","toID":"1281169","formEdgeID":null},{"edgeID":"1685821","fromID":"1281168","toID":"1281171","formEdgeID":null},{"edgeID":"1685822","fromID":"1281171","toID":"1281167","formEdgeID":null},{"edgeID":"1685823","fromID":"1281174","toID":"1281173","formEdgeID":null},{"edgeID":"1685824","fromID":"1281175","toID":"1281174","formEdgeID":null},{"edgeID":"1685825","fromID":"1281173","toID":"1281176","formEdgeID":null},{"edgeID":"1685826","fromID":"1281176","toID":"1281172","formEdgeID":null},{"edgeID":"1685827","fromID":"1281168","toID":"1281177","formEdgeID":null},{"edgeID":"1685828","fromID":"1281177","toID":"1281173","formEdgeID":null},{"edgeID":"1685829","fromID":"1281172","toID":"1281178","formEdgeID":null},{"edgeID":"1685830","fromID":"1281178","toID":"1281167","formEdgeID":null},{"edgeID":"1685831","fromID":"1281177","toID":"1281179","formEdgeID":null},{"edgeID":"1685832","fromID":"1281179","toID":"1281178","formEdgeID":null},{"edgeID":"1685833","fromID":"1281182","toID":"1281181","formEdgeID":null},{"edgeID":"1685834","fromID":"1281183","toID":"1281182","formEdgeID":null},{"edgeID":"1685835","fromID":"1281181","toID":"1281184","formEdgeID":null},{"edgeID":"1685836","fromID":"1281184","toID":"1281180","formEdgeID":null},{"edgeID":"1685837","fromID":"1281187","toID":"1281186","formEdgeID":null},{"edgeID":"1685838","fromID":"1281188","toID":"1281187","formEdgeID":null},{"edgeID":"1685839","fromID":"1281186","toID":"1281189","formEdgeID":null},{"edgeID":"1685840","fromID":"1281189","toID":"1281185","formEdgeID":null},{"edgeID":"1685841","fromID":"1281181","toID":"1281190","formEdgeID":null},{"edgeID":"1685842","fromID":"1281190","toID":"1281186","formEdgeID":null},{"edgeID":"1685843","fromID":"1281173","toID":"1281191","formEdgeID":null},{"edgeID":"1685844","fromID":"1281191","toID":"1281186","formEdgeID":null},{"edgeID":"1685845","fromID":"1281180","toID":"1281192","formEdgeID":null},{"edgeID":"1685846","fromID":"1281192","toID":"1281185","formEdgeID":null},{"edgeID":"1685847","fromID":"1281172","toID":"1281192","formEdgeID":null},{"edgeID":"1685848","fromID":"1281195","toID":"1281194","formEdgeID":null},{"edgeID":"1685849","fromID":"1281196","toID":"1281195","formEdgeID":null},{"edgeID":"1685850","fromID":"1281194","toID":"1281197","formEdgeID":null},{"edgeID":"1685851","fromID":"1281197","toID":"1281193","formEdgeID":null},{"edgeID":"1685852","fromID":"1281186","toID":"1281198","formEdgeID":null},{"edgeID":"1685853","fromID":"1281198","toID":"1281194","formEdgeID":null},{"edgeID":"1685854","fromID":"1281193","toID":"1281199","formEdgeID":null},{"edgeID":"1685855","fromID":"1281199","toID":"1281185","formEdgeID":null},{"edgeID":"1685856","fromID":"1281198","toID":"1281200","formEdgeID":null},{"edgeID":"1685857","fromID":"1281200","toID":"1281199","formEdgeID":null},{"edgeID":"1685858","fromID":"1281202","toID":"1281201","formEdgeID":null},{"edgeID":"1685859","fromID":"1281203","toID":"1281202","formEdgeID":null},{"edgeID":"1685860","fromID":"1281201","toID":"1281204","formEdgeID":null},{"edgeID":"1685861","fromID":"1281204","toID":"783812","formEdgeID":null},{"edgeID":"1685862","fromID":"1281186","toID":"1281205","formEdgeID":null},{"edgeID":"1685863","fromID":"1281205","toID":"1281201","formEdgeID":null},{"edgeID":"1685864","fromID":"1281205","toID":"1281206","formEdgeID":null},{"edgeID":"1685865","fromID":"1281206","toID":"1281192","formEdgeID":null},{"edgeID":"1685866","fromID":"1281209","toID":"1281208","formEdgeID":null},{"edgeID":"1685867","fromID":"1281210","toID":"1281209","formEdgeID":null},{"edgeID":"1685868","fromID":"1281208","toID":"1281211","formEdgeID":null},{"edgeID":"1685869","fromID":"1281211","toID":"1281207","formEdgeID":null},{"edgeID":"1685870","fromID":"783812","toID":"1281192","formEdgeID":null},{"edgeID":"1685871","fromID":"1281181","toID":"1281212","formEdgeID":null},{"edgeID":"1685872","fromID":"1281212","toID":"1281208","formEdgeID":null},{"edgeID":"1685873","fromID":"1281180","toID":"1281213","formEdgeID":null},{"edgeID":"1685874","fromID":"1281213","toID":"1281207","formEdgeID":null},{"edgeID":"1685875","fromID":"1281212","toID":"1281214","formEdgeID":null},{"edgeID":"1685876","fromID":"1281214","toID":"1281213","formEdgeID":null},{"edgeID":"1685877","fromID":"1281153","toID":"1281215","formEdgeID":null},{"edgeID":"1685878","fromID":"1281215","toID":"1281208","formEdgeID":null},{"edgeID":"1685879","fromID":"1281207","toID":"1281216","formEdgeID":null},{"edgeID":"1685880","fromID":"1281216","toID":"1281152","formEdgeID":null},{"edgeID":"1685881","fromID":"1281160","toID":"1281217","formEdgeID":null},{"edgeID":"1685882","fromID":"1281217","toID":"1281186","formEdgeID":null},{"edgeID":"1685883","fromID":"1281185","toID":"1281218","formEdgeID":null},{"edgeID":"1685884","fromID":"1281218","toID":"783805","formEdgeID":null},{"edgeID":"1685885","fromID":"1281217","toID":"1281219","formEdgeID":null},{"edgeID":"1685886","fromID":"1281219","toID":"1281218","formEdgeID":null},{"edgeID":"1685887","fromID":"1281153","toID":"1281220","formEdgeID":null},{"edgeID":"1685888","fromID":"1281220","toID":"1281201","formEdgeID":null},{"edgeID":"1685889","fromID":"783812","toID":"1281216","formEdgeID":null},{"edgeID":"1685890","fromID":"1281220","toID":"1281221","formEdgeID":null},{"edgeID":"1685891","fromID":"1281221","toID":"1281216","formEdgeID":null},{"edgeID":"1685892","fromID":"1281194","toID":"1281222","formEdgeID":null},{"edgeID":"1685893","fromID":"1281222","toID":"1281208","formEdgeID":null},{"edgeID":"1685894","fromID":"1281207","toID":"1281223","formEdgeID":null},{"edgeID":"1685895","fromID":"1281223","toID":"1281193","formEdgeID":null},{"edgeID":"1685896","fromID":"1281222","toID":"1281224","formEdgeID":null},{"edgeID":"1685897","fromID":"1281224","toID":"1281223","formEdgeID":null}],"locutions":[]}