{"nodes":[{"nodeID":"783680","text":"we should or should not be having Christmas parties","type":"I","timestamp":"2021-12-09 20:51:34"},{"nodeID":"783689","text":"we don't know enough","type":"I","timestamp":"2021-12-09 20:51:37"},{"nodeID":"783774","text":"the difficulty we've got is we don't know yet what the Omicron is going to do","type":"I","timestamp":"2021-12-09 20:52:04"},{"nodeID":"1155456","text":"Thangam Debonnaire wants people to have fun","type":"I","timestamp":"2023-04-21 13:45:48"},{"nodeID":"1155458","text":"the Labour Party is or is not going to have a Christmas party","type":"I","timestamp":"2023-04-21 13:45:50"},{"nodeID":"1155629","text":"the WHO is going to take days rather than weeks","type":"I","timestamp":"2023-04-21 13:47:17"},{"nodeID":"1155635","text":"we can make an accurate judgment as to the risk","type":"I","timestamp":"2023-04-21 13:47:20"},{"nodeID":"1155643","text":"we are right to be cautious and anxious","type":"I","timestamp":"2023-04-21 13:47:22"},{"nodeID":"1155649","text":"there are different things","type":"I","timestamp":"2023-04-21 13:47:25"},{"nodeID":"1155667","text":"Thangam Debonnaire doesn't think a Labour Christmas party is appropriate","type":"I","timestamp":"2023-04-21 13:47:32"},{"nodeID":"1155681","text":"no Christmas party for Theo Paphitis' team","type":"I","timestamp":"2023-04-21 13:47:37"},{"nodeID":"1155686","text":"Theo Paphitis would rather they had a safe Christmas with their family and friends rather than something happen at a massive works Christmas do","type":"I","timestamp":"2023-04-21 13:47:40"},{"nodeID":"1155691","text":"we are going to have a summer party","type":"I","timestamp":"2023-04-21 13:47:42"},{"nodeID":"1155696","text":"we can't take the risk","type":"I","timestamp":"2023-04-21 13:47:45"},{"nodeID":"1278794","text":"Fiona Bruce: Should we be having Christmas parties","type":"L","timestamp":"2023-11-09 12:25:22"},{"nodeID":"1278795","text":"Analysing","type":"YA","timestamp":"2023-11-09 12:25:22"},{"nodeID":"1278796","text":"Ella: Fiona Bruce: Should we be having Christmas parties","type":"L","timestamp":"2023-11-09 12:25:22"},{"nodeID":"1278797","text":"Pure Questioning","type":"YA","timestamp":"2023-11-09 12:25:22"},{"nodeID":"1278798","text":"Thangam Debonnaire: The difficulty we've got is we don't know yet what the Omicron is going to do","type":"L","timestamp":"2023-11-09 12:25:22"},{"nodeID":"1278799","text":"Analysing","type":"YA","timestamp":"2023-11-09 12:25:22"},{"nodeID":"1278800","text":"Ella: Thangam Debonnaire: The difficulty we've got is we don't know yet what the Omicron is going to do","type":"L","timestamp":"2023-11-09 12:25:22"},{"nodeID":"1278801","text":"Asserting","type":"YA","timestamp":"2023-11-09 12:25:22"},{"nodeID":"1278802","text":"Default Transition","type":"TA","timestamp":"2023-11-09 12:25:22"},{"nodeID":"1278803","text":"Thangam Debonnaire: The WHO is going to take days rather than weeks","type":"L","timestamp":"2023-11-09 12:25:23"},{"nodeID":"1278804","text":"Analysing","type":"YA","timestamp":"2023-11-09 12:25:23"},{"nodeID":"1278805","text":"Ella: Thangam Debonnaire: The WHO is going to take days rather than weeks","type":"L","timestamp":"2023-11-09 12:25:23"},{"nodeID":"1278806","text":"Asserting","type":"YA","timestamp":"2023-11-09 12:25:23"},{"nodeID":"1278807","text":"Default Transition","type":"TA","timestamp":"2023-11-09 12:25:23"},{"nodeID":"1278808","text":"Thangam Debonnaire: we can make an accurate judgment as to the risk","type":"L","timestamp":"2023-11-09 12:25:23"},{"nodeID":"1278809","text":"Analysing","type":"YA","timestamp":"2023-11-09 12:25:23"},{"nodeID":"1278810","text":"Ella: Thangam Debonnaire: we can make an accurate judgment as to the risk","type":"L","timestamp":"2023-11-09 12:25:23"},{"nodeID":"1278811","text":"Asserting","type":"YA","timestamp":"2023-11-09 12:25:23"},{"nodeID":"1278812","text":"Default Transition","type":"TA","timestamp":"2023-11-09 12:25:23"},{"nodeID":"1278813","text":"Default Inference","type":"RA","timestamp":"2023-11-09 12:25:23"},{"nodeID":"1278814","text":"Arguing","type":"YA","timestamp":"2023-11-09 12:25:23"},{"nodeID":"1278815","text":"Thangam Debonnaire: we are right to be cautious and anxious","type":"L","timestamp":"2023-11-09 12:25:24"},{"nodeID":"1278816","text":"Analysing","type":"YA","timestamp":"2023-11-09 12:25:24"},{"nodeID":"1278817","text":"Ella: Thangam Debonnaire: we are right to be cautious and anxious","type":"L","timestamp":"2023-11-09 12:25:24"},{"nodeID":"1278818","text":"Asserting","type":"YA","timestamp":"2023-11-09 12:25:24"},{"nodeID":"1278819","text":"Default Transition","type":"TA","timestamp":"2023-11-09 12:25:24"},{"nodeID":"1278820","text":"Thangam Debonnaire: there are different things","type":"L","timestamp":"2023-11-09 12:25:25"},{"nodeID":"1278821","text":"Analysing","type":"YA","timestamp":"2023-11-09 12:25:25"},{"nodeID":"1278822","text":"Ella: Thangam Debonnaire: there are different things","type":"L","timestamp":"2023-11-09 12:25:25"},{"nodeID":"1278823","text":"Asserting","type":"YA","timestamp":"2023-11-09 12:25:25"},{"nodeID":"1278824","text":"Default Transition","type":"TA","timestamp":"2023-11-09 12:25:25"},{"nodeID":"1278825","text":"Default Conflict","type":"CA","timestamp":"2023-11-09 12:25:25"},{"nodeID":"1278826","text":"Disagreeing","type":"YA","timestamp":"2023-11-09 12:25:25"},{"nodeID":"1278827","text":"Thangam Debonnaire: I want people to have fun","type":"L","timestamp":"2023-11-09 12:25:25"},{"nodeID":"1278828","text":"Analysing","type":"YA","timestamp":"2023-11-09 12:25:25"},{"nodeID":"1278829","text":"Ella: Thangam Debonnaire: I want people to have fun","type":"L","timestamp":"2023-11-09 12:25:25"},{"nodeID":"1278830","text":"Asserting","type":"YA","timestamp":"2023-11-09 12:25:25"},{"nodeID":"1278831","text":"Default Transition","type":"TA","timestamp":"2023-11-09 12:25:25"},{"nodeID":"1278832","text":"Fiona Bruce: Is the Labour Party going to have a Christmas party","type":"L","timestamp":"2023-11-09 12:25:26"},{"nodeID":"1278833","text":"Analysing","type":"YA","timestamp":"2023-11-09 12:25:26"},{"nodeID":"1278834","text":"Ella: Fiona Bruce: Is the Labour Party going to have a Christmas party","type":"L","timestamp":"2023-11-09 12:25:26"},{"nodeID":"1278835","text":"Asserting","type":"YA","timestamp":"2023-11-09 12:25:26"},{"nodeID":"1278836","text":"Default Rephrase","type":"MA","timestamp":"2023-11-09 12:25:26"},{"nodeID":"1278837","text":"Default Transition","type":"TA","timestamp":"2023-11-09 12:25:26"},{"nodeID":"1278838","text":"Restating","type":"YA","timestamp":"2023-11-09 12:25:26"},{"nodeID":"1278839","text":"Thangam Debonnaire: I don't think it is appropriate","type":"L","timestamp":"2023-11-09 12:25:26"},{"nodeID":"1278840","text":"Analysing","type":"YA","timestamp":"2023-11-09 12:25:26"},{"nodeID":"1278841","text":"Ella: Thangam Debonnaire: I don't think it is appropriate","type":"L","timestamp":"2023-11-09 12:25:26"},{"nodeID":"1278842","text":"Asserting","type":"YA","timestamp":"2023-11-09 12:25:26"},{"nodeID":"1278843","text":"Default Rephrase","type":"MA","timestamp":"2023-11-09 12:25:26"},{"nodeID":"1278844","text":"Default Transition","type":"TA","timestamp":"2023-11-09 12:25:26"},{"nodeID":"1278845","text":"Default Illocuting","type":"YA","timestamp":"2023-11-09 12:25:26"},{"nodeID":"1278846","text":"Thangam Debonnaire: We don't know enough","type":"L","timestamp":"2023-11-09 12:25:27"},{"nodeID":"1278847","text":"Analysing","type":"YA","timestamp":"2023-11-09 12:25:27"},{"nodeID":"1278848","text":"Ella: Thangam Debonnaire: We don't know enough","type":"L","timestamp":"2023-11-09 12:25:27"},{"nodeID":"1278849","text":"Asserting","type":"YA","timestamp":"2023-11-09 12:25:27"},{"nodeID":"1278850","text":"Default Inference","type":"RA","timestamp":"2023-11-09 12:25:27"},{"nodeID":"1278851","text":"Default Transition","type":"TA","timestamp":"2023-11-09 12:25:27"},{"nodeID":"1278852","text":"Arguing","type":"YA","timestamp":"2023-11-09 12:25:27"},{"nodeID":"1278853","text":"Theo Paphitis: No Christmas party for my team","type":"L","timestamp":"2023-11-09 12:25:28"},{"nodeID":"1278854","text":"Analysing","type":"YA","timestamp":"2023-11-09 12:25:28"},{"nodeID":"1278855","text":"Ella: Theo Paphitis: No Christmas party for my team","type":"L","timestamp":"2023-11-09 12:25:28"},{"nodeID":"1278856","text":"Asserting","type":"YA","timestamp":"2023-11-09 12:25:28"},{"nodeID":"1278857","text":"Theo Paphitis: I'd rather they had a safe Christmas with their family and friends rather than something happen at a massive works Christmas do","type":"L","timestamp":"2023-11-09 12:25:28"},{"nodeID":"1278858","text":"Analysing","type":"YA","timestamp":"2023-11-09 12:25:28"},{"nodeID":"1278859","text":"Ella: Theo Paphitis: I'd rather they had a safe Christmas with their family and friends rather than something happen at a massive works Christmas do","type":"L","timestamp":"2023-11-09 12:25:28"},{"nodeID":"1278860","text":"Asserting","type":"YA","timestamp":"2023-11-09 12:25:28"},{"nodeID":"1278861","text":"Default Transition","type":"TA","timestamp":"2023-11-09 12:25:28"},{"nodeID":"1278862","text":"Theo Paphitis: We are going to have a summer party","type":"L","timestamp":"2023-11-09 12:25:29"},{"nodeID":"1278863","text":"Analysing","type":"YA","timestamp":"2023-11-09 12:25:29"},{"nodeID":"1278864","text":"Ella: Theo Paphitis: We are going to have a summer party","type":"L","timestamp":"2023-11-09 12:25:29"},{"nodeID":"1278865","text":"Asserting","type":"YA","timestamp":"2023-11-09 12:25:29"},{"nodeID":"1278866","text":"Theo Paphitis: we can't take the risk","type":"L","timestamp":"2023-11-09 12:25:29"},{"nodeID":"1278867","text":"Analysing","type":"YA","timestamp":"2023-11-09 12:25:29"},{"nodeID":"1278868","text":"Ella: Theo Paphitis: we can't take the risk","type":"L","timestamp":"2023-11-09 12:25:29"},{"nodeID":"1278869","text":"Asserting","type":"YA","timestamp":"2023-11-09 12:25:29"},{"nodeID":"1278870","text":"Default Transition","type":"TA","timestamp":"2023-11-09 12:25:29"},{"nodeID":"1278871","text":"Default Transition","type":"TA","timestamp":"2023-11-09 12:25:29"},{"nodeID":"1278872","text":"Default Transition","type":"TA","timestamp":"2023-11-09 12:25:29"},{"nodeID":"1278873","text":"Default Inference","type":"RA","timestamp":"2023-11-09 12:25:29"},{"nodeID":"1278874","text":"Arguing","type":"YA","timestamp":"2023-11-09 12:25:29"},{"nodeID":"1278875","text":"Default Rephrase","type":"MA","timestamp":"2023-11-09 12:25:29"},{"nodeID":"1278876","text":"Restating","type":"YA","timestamp":"2023-11-09 12:25:29"},{"nodeID":"1278877","text":"Default Rephrase","type":"MA","timestamp":"2023-11-09 12:25:29"},{"nodeID":"1278878","text":"Default Transition","type":"TA","timestamp":"2023-11-09 12:25:29"},{"nodeID":"1278879","text":"Restating","type":"YA","timestamp":"2023-11-09 12:25:29"},{"nodeID":"1278880","text":"Default Inference","type":"RA","timestamp":"2023-11-09 12:25:29"},{"nodeID":"1278881","text":"Arguing","type":"YA","timestamp":"2023-11-09 12:25:29"}],"edges":[{"edgeID":"1682817","fromID":"1278795","toID":"1278794","formEdgeID":null},{"edgeID":"1682818","fromID":"1278796","toID":"1278795","formEdgeID":null},{"edgeID":"1682819","fromID":"1278794","toID":"1278797","formEdgeID":null},{"edgeID":"1682820","fromID":"1278797","toID":"783680","formEdgeID":null},{"edgeID":"1682821","fromID":"1278799","toID":"1278798","formEdgeID":null},{"edgeID":"1682822","fromID":"1278800","toID":"1278799","formEdgeID":null},{"edgeID":"1682823","fromID":"1278798","toID":"1278801","formEdgeID":null},{"edgeID":"1682824","fromID":"1278801","toID":"783774","formEdgeID":null},{"edgeID":"1682825","fromID":"1278794","toID":"1278802","formEdgeID":null},{"edgeID":"1682826","fromID":"1278802","toID":"1278798","formEdgeID":null},{"edgeID":"1682827","fromID":"1278804","toID":"1278803","formEdgeID":null},{"edgeID":"1682828","fromID":"1278805","toID":"1278804","formEdgeID":null},{"edgeID":"1682829","fromID":"1278803","toID":"1278806","formEdgeID":null},{"edgeID":"1682830","fromID":"1278806","toID":"1155629","formEdgeID":null},{"edgeID":"1682831","fromID":"1278798","toID":"1278807","formEdgeID":null},{"edgeID":"1682832","fromID":"1278807","toID":"1278803","formEdgeID":null},{"edgeID":"1682833","fromID":"1278809","toID":"1278808","formEdgeID":null},{"edgeID":"1682834","fromID":"1278810","toID":"1278809","formEdgeID":null},{"edgeID":"1682835","fromID":"1278808","toID":"1278811","formEdgeID":null},{"edgeID":"1682836","fromID":"1278811","toID":"1155635","formEdgeID":null},{"edgeID":"1682837","fromID":"1278803","toID":"1278812","formEdgeID":null},{"edgeID":"1682838","fromID":"1278812","toID":"1278808","formEdgeID":null},{"edgeID":"1682839","fromID":"1155629","toID":"1278813","formEdgeID":null},{"edgeID":"1682840","fromID":"1278813","toID":"1155635","formEdgeID":null},{"edgeID":"1682841","fromID":"1278812","toID":"1278814","formEdgeID":null},{"edgeID":"1682842","fromID":"1278814","toID":"1278813","formEdgeID":null},{"edgeID":"1682843","fromID":"1278816","toID":"1278815","formEdgeID":null},{"edgeID":"1682844","fromID":"1278817","toID":"1278816","formEdgeID":null},{"edgeID":"1682845","fromID":"1278815","toID":"1278818","formEdgeID":null},{"edgeID":"1682846","fromID":"1278818","toID":"1155643","formEdgeID":null},{"edgeID":"1682847","fromID":"1278808","toID":"1278819","formEdgeID":null},{"edgeID":"1682848","fromID":"1278819","toID":"1278815","formEdgeID":null},{"edgeID":"1682849","fromID":"1278821","toID":"1278820","formEdgeID":null},{"edgeID":"1682850","fromID":"1278822","toID":"1278821","formEdgeID":null},{"edgeID":"1682851","fromID":"1278820","toID":"1278823","formEdgeID":null},{"edgeID":"1682852","fromID":"1278823","toID":"1155649","formEdgeID":null},{"edgeID":"1682853","fromID":"1278815","toID":"1278824","formEdgeID":null},{"edgeID":"1682854","fromID":"1278824","toID":"1278820","formEdgeID":null},{"edgeID":"1682855","fromID":"1155649","toID":"1278825","formEdgeID":null},{"edgeID":"1682856","fromID":"1278825","toID":"1155643","formEdgeID":null},{"edgeID":"1682857","fromID":"1278824","toID":"1278826","formEdgeID":null},{"edgeID":"1682858","fromID":"1278826","toID":"1278825","formEdgeID":null},{"edgeID":"1682859","fromID":"1278828","toID":"1278827","formEdgeID":null},{"edgeID":"1682860","fromID":"1278829","toID":"1278828","formEdgeID":null},{"edgeID":"1682861","fromID":"1278827","toID":"1278830","formEdgeID":null},{"edgeID":"1682862","fromID":"1278830","toID":"1155456","formEdgeID":null},{"edgeID":"1682863","fromID":"1278820","toID":"1278831","formEdgeID":null},{"edgeID":"1682864","fromID":"1278831","toID":"1278827","formEdgeID":null},{"edgeID":"1682865","fromID":"1278833","toID":"1278832","formEdgeID":null},{"edgeID":"1682866","fromID":"1278834","toID":"1278833","formEdgeID":null},{"edgeID":"1682867","fromID":"1278832","toID":"1278835","formEdgeID":null},{"edgeID":"1682868","fromID":"1278835","toID":"1155458","formEdgeID":null},{"edgeID":"1682869","fromID":"1155458","toID":"1278836","formEdgeID":null},{"edgeID":"1682870","fromID":"1278836","toID":"783774","formEdgeID":null},{"edgeID":"1682871","fromID":"1278798","toID":"1278837","formEdgeID":null},{"edgeID":"1682872","fromID":"1278837","toID":"1278832","formEdgeID":null},{"edgeID":"1682873","fromID":"1278837","toID":"1278838","formEdgeID":null},{"edgeID":"1682874","fromID":"1278838","toID":"1278836","formEdgeID":null},{"edgeID":"1682875","fromID":"1278840","toID":"1278839","formEdgeID":null},{"edgeID":"1682876","fromID":"1278841","toID":"1278840","formEdgeID":null},{"edgeID":"1682877","fromID":"1278839","toID":"1278842","formEdgeID":null},{"edgeID":"1682878","fromID":"1278842","toID":"1155667","formEdgeID":null},{"edgeID":"1682879","fromID":"1155667","toID":"1278843","formEdgeID":null},{"edgeID":"1682880","fromID":"1278843","toID":"1155458","formEdgeID":null},{"edgeID":"1682881","fromID":"1278832","toID":"1278844","formEdgeID":null},{"edgeID":"1682882","fromID":"1278844","toID":"1278839","formEdgeID":null},{"edgeID":"1682883","fromID":"1278844","toID":"1278845","formEdgeID":null},{"edgeID":"1682884","fromID":"1278845","toID":"1278843","formEdgeID":null},{"edgeID":"1682885","fromID":"1278847","toID":"1278846","formEdgeID":null},{"edgeID":"1682886","fromID":"1278848","toID":"1278847","formEdgeID":null},{"edgeID":"1682887","fromID":"1278846","toID":"1278849","formEdgeID":null},{"edgeID":"1682888","fromID":"1278849","toID":"783689","formEdgeID":null},{"edgeID":"1682889","fromID":"783689","toID":"1278850","formEdgeID":null},{"edgeID":"1682890","fromID":"1278850","toID":"1155667","formEdgeID":null},{"edgeID":"1682891","fromID":"1278839","toID":"1278851","formEdgeID":null},{"edgeID":"1682892","fromID":"1278851","toID":"1278846","formEdgeID":null},{"edgeID":"1682893","fromID":"1278851","toID":"1278852","formEdgeID":null},{"edgeID":"1682894","fromID":"1278852","toID":"1278850","formEdgeID":null},{"edgeID":"1682895","fromID":"1278854","toID":"1278853","formEdgeID":null},{"edgeID":"1682896","fromID":"1278855","toID":"1278854","formEdgeID":null},{"edgeID":"1682897","fromID":"1278853","toID":"1278856","formEdgeID":null},{"edgeID":"1682898","fromID":"1278856","toID":"1155681","formEdgeID":null},{"edgeID":"1682899","fromID":"1278858","toID":"1278857","formEdgeID":null},{"edgeID":"1682900","fromID":"1278859","toID":"1278858","formEdgeID":null},{"edgeID":"1682901","fromID":"1278857","toID":"1278860","formEdgeID":null},{"edgeID":"1682902","fromID":"1278860","toID":"1155686","formEdgeID":null},{"edgeID":"1682903","fromID":"1278846","toID":"1278861","formEdgeID":null},{"edgeID":"1682904","fromID":"1278861","toID":"1278853","formEdgeID":null},{"edgeID":"1682905","fromID":"1278863","toID":"1278862","formEdgeID":null},{"edgeID":"1682906","fromID":"1278864","toID":"1278863","formEdgeID":null},{"edgeID":"1682907","fromID":"1278862","toID":"1278865","formEdgeID":null},{"edgeID":"1682908","fromID":"1278865","toID":"1155691","formEdgeID":null},{"edgeID":"1682909","fromID":"1278867","toID":"1278866","formEdgeID":null},{"edgeID":"1682910","fromID":"1278868","toID":"1278867","formEdgeID":null},{"edgeID":"1682911","fromID":"1278866","toID":"1278869","formEdgeID":null},{"edgeID":"1682912","fromID":"1278869","toID":"1155696","formEdgeID":null},{"edgeID":"1682913","fromID":"1278853","toID":"1278870","formEdgeID":null},{"edgeID":"1682914","fromID":"1278870","toID":"1278862","formEdgeID":null},{"edgeID":"1682915","fromID":"1278862","toID":"1278871","formEdgeID":null},{"edgeID":"1682916","fromID":"1278871","toID":"1278866","formEdgeID":null},{"edgeID":"1682917","fromID":"1278866","toID":"1278872","formEdgeID":null},{"edgeID":"1682918","fromID":"1278872","toID":"1278857","formEdgeID":null},{"edgeID":"1682919","fromID":"1155696","toID":"1278873","formEdgeID":null},{"edgeID":"1682920","fromID":"1278873","toID":"1155691","formEdgeID":null},{"edgeID":"1682921","fromID":"1278871","toID":"1278874","formEdgeID":null},{"edgeID":"1682922","fromID":"1278874","toID":"1278873","formEdgeID":null},{"edgeID":"1682923","fromID":"1155686","toID":"1278875","formEdgeID":null},{"edgeID":"1682924","fromID":"1278875","toID":"1155696","formEdgeID":null},{"edgeID":"1682925","fromID":"1278872","toID":"1278876","formEdgeID":null},{"edgeID":"1682926","fromID":"1278876","toID":"1278875","formEdgeID":null},{"edgeID":"1682927","fromID":"1155696","toID":"1278877","formEdgeID":null},{"edgeID":"1682928","fromID":"1278877","toID":"783689","formEdgeID":null},{"edgeID":"1682929","fromID":"1278846","toID":"1278878","formEdgeID":null},{"edgeID":"1682930","fromID":"1278878","toID":"1278866","formEdgeID":null},{"edgeID":"1682931","fromID":"1278878","toID":"1278879","formEdgeID":null},{"edgeID":"1682932","fromID":"1278879","toID":"1278877","formEdgeID":null},{"edgeID":"1682933","fromID":"1155681","toID":"1278880","formEdgeID":null},{"edgeID":"1682934","fromID":"1278880","toID":"1155691","formEdgeID":null},{"edgeID":"1682935","fromID":"1278870","toID":"1278881","formEdgeID":null},{"edgeID":"1682936","fromID":"1278881","toID":"1278880","formEdgeID":null}],"locutions":[]}