{"nodes":[{"nodeID":"783699","text":"Maggie Throup is not aware of the Christmas party","type":"I","timestamp":"2021-12-09 20:51:40"},{"nodeID":"783706","text":"Maggie Throup has been reassured that all guidance was carefully followed","type":"I","timestamp":"2021-12-09 20:51:42"},{"nodeID":"783713","text":"Maggie Throup wasn't invited, just like the deputy leader of the Labour Party isn't invited to the Labour Party party next week","type":"I","timestamp":"2021-12-09 20:51:44"},{"nodeID":"1154662","text":"xxx wants to know if there was a Christmas party or not","type":"I","timestamp":"2023-04-21 13:40:19"},{"nodeID":"1154667","text":"all these people here want to know if there was a Christmas party","type":"I","timestamp":"2023-04-21 13:40:22"},{"nodeID":"1154672","text":"there was a Christmas party or there wasn't","type":"I","timestamp":"2023-04-21 13:40:25"},{"nodeID":"1154688","text":"the answer is a yes or no","type":"I","timestamp":"2023-04-21 13:40:29"},{"nodeID":"1154700","text":"that all guidance was carefully followed does or doesn't answer your question","type":"I","timestamp":"2023-04-21 13:40:35"},{"nodeID":"1154706","text":"Maggie Throup wants another go at answering the question","type":"I","timestamp":"2023-04-21 13:40:37"},{"nodeID":"1154711","text":"Maggie Throup's answer is not going to change","type":"I","timestamp":"2023-04-21 13:40:40"},{"nodeID":"1154719","text":"the guidance was followed","type":"I","timestamp":"2023-04-21 13:40:42"},{"nodeID":"1154727","text":"that the guidance was followed means there wasn't a party","type":"I","timestamp":"2023-04-21 13:40:45"},{"nodeID":"1154733","text":"the guidance was there were no Christmas parties","type":"I","timestamp":"2023-04-21 13:40:47"},{"nodeID":"1154743","text":"whatever the event was","type":"I","timestamp":"2023-04-21 13:40:50"},{"nodeID":"1154751","text":"there was an event","type":"I","timestamp":"2023-04-21 13:40:52"},{"nodeID":"1154759","text":"this has been a rumour and hearsay","type":"I","timestamp":"2023-04-21 13:40:55"},{"nodeID":"1154767","text":"let Maggie Throup be very clear, that all guidance was followed at No. 10","type":"I","timestamp":"2023-04-21 13:40:57"},{"nodeID":"1154775","text":"all guidance was followed whether it is business meetings or whatever","type":"I","timestamp":"2023-04-21 13:41:00"},{"nodeID":"1154789","text":"we're cancelling the Labour Party party","type":"I","timestamp":"2023-04-21 13:41:05"},{"nodeID":"1154797","text":"that the deputy leader of the Labour Party isn't invited to the Labour Party party next week is just ridiculous","type":"I","timestamp":"2023-04-21 13:41:07"},{"nodeID":"1154805","text":"Maggie Throup has confirmed there was an event","type":"I","timestamp":"2023-04-21 13:41:10"},{"nodeID":"1154813","text":"AudienceMember 20211209QT03 just wondered why has it taken so long, nearly a year, for this story to break","type":"I","timestamp":"2023-04-21 13:41:13"},{"nodeID":"1154819","text":"surely the media knew beforehand","type":"I","timestamp":"2023-04-21 13:41:15"},{"nodeID":"1154825","text":"shouldn't the media have brought it out","type":"I","timestamp":"2023-04-21 13:41:18"},{"nodeID":"1154833","text":"it's just convenient political timing","type":"I","timestamp":"2023-04-21 13:41:20"},{"nodeID":"1154839","text":"that's assuming the media knew","type":"I","timestamp":"2023-04-21 13:41:23"},{"nodeID":"1154847","text":"Fiona Bruce certainly didn't know about it","type":"I","timestamp":"2023-04-21 13:41:25"},{"nodeID":"1154855","text":"xxx is how Maggie Throup can say it is a rumour","type":"I","timestamp":"2023-04-21 13:41:28"},{"nodeID":"1154860","text":"xxx would be making this up","type":"I","timestamp":"2023-04-21 13:41:30"},{"nodeID":"1154871","text":"when Maggie Throup says it is a rumour, she means guidance was broken","type":"I","timestamp":"2023-04-21 13:41:33"},{"nodeID":"1154884","text":"there can't have been a party if the guidance was followed","type":"I","timestamp":"2023-04-21 13:41:36"},{"nodeID":"1154892","text":"AudienceMember 20211209QT05 is afraid the prime minister has Maggie Throup in a little bubble","type":"I","timestamp":"2023-04-21 13:41:38"},{"nodeID":"1154898","text":"Maggie Throup has to say what she thinks the prime minister wants her to say","type":"I","timestamp":"2023-04-21 13:41:41"},{"nodeID":"1154906","text":"Maggie Throup has to say what she thinks the prime minister wants her to say is not the case","type":"I","timestamp":"2023-04-21 13:41:43"},{"nodeID":"1279953","text":"Fiona Bruce: Was there a Christmas party or wasn't there","type":"L","timestamp":"2023-11-09 12:27:03"},{"nodeID":"1279954","text":"Fiona Bruce: Who wants to know if there was a Christmas party or not","type":"L","timestamp":"2023-11-09 12:27:04"},{"nodeID":"1279955","text":"Analysing","type":"YA","timestamp":"2023-11-09 12:27:04"},{"nodeID":"1279956","text":"Nicole: Fiona Bruce: Who wants to know if there was a Christmas party or not","type":"L","timestamp":"2023-11-09 12:27:04"},{"nodeID":"1279957","text":"Pure Questioning","type":"YA","timestamp":"2023-11-09 12:27:04"},{"nodeID":"1279958","text":"Fiona Bruce: All these people here","type":"L","timestamp":"2023-11-09 12:27:04"},{"nodeID":"1279959","text":"Analysing","type":"YA","timestamp":"2023-11-09 12:27:04"},{"nodeID":"1279960","text":"Nicole: Fiona Bruce: All these people here","type":"L","timestamp":"2023-11-09 12:27:04"},{"nodeID":"1279961","text":"Asserting","type":"YA","timestamp":"2023-11-09 12:27:04"},{"nodeID":"1279962","text":"Analysing","type":"YA","timestamp":"2023-11-09 12:27:05"},{"nodeID":"1279963","text":"Nicole: Fiona Bruce: Was there a Christmas party or wasn't there","type":"L","timestamp":"2023-11-09 12:27:05"},{"nodeID":"1279964","text":"Pure Questioning","type":"YA","timestamp":"2023-11-09 12:27:05"},{"nodeID":"1279965","text":"Default Transition","type":"TA","timestamp":"2023-11-09 12:27:05"},{"nodeID":"1279966","text":"Default Rephrase","type":"MA","timestamp":"2023-11-09 12:27:05"},{"nodeID":"1279967","text":"Restating","type":"YA","timestamp":"2023-11-09 12:27:05"},{"nodeID":"1279968","text":"Default Transition","type":"TA","timestamp":"2023-11-09 12:27:05"},{"nodeID":"1279969","text":"Default Rephrase","type":"MA","timestamp":"2023-11-09 12:27:05"},{"nodeID":"1279970","text":"Default Illocuting","type":"YA","timestamp":"2023-11-09 12:27:05"},{"nodeID":"1279971","text":"Maggie Throup: I am not aware of the Christmas party","type":"L","timestamp":"2023-11-09 12:27:05"},{"nodeID":"1279972","text":"Analysing","type":"YA","timestamp":"2023-11-09 12:27:05"},{"nodeID":"1279973","text":"Nicole: Maggie Throup: I am not aware of the Christmas party","type":"L","timestamp":"2023-11-09 12:27:05"},{"nodeID":"1279974","text":"Asserting","type":"YA","timestamp":"2023-11-09 12:27:05"},{"nodeID":"1279975","text":"Default Transition","type":"TA","timestamp":"2023-11-09 12:27:05"},{"nodeID":"1279976","text":"Default Rephrase","type":"MA","timestamp":"2023-11-09 12:27:05"},{"nodeID":"1279977","text":"Default Illocuting","type":"YA","timestamp":"2023-11-09 12:27:05"},{"nodeID":"1279978","text":"Thangam Debonnaire: It is a yes or no","type":"L","timestamp":"2023-11-09 12:27:06"},{"nodeID":"1279979","text":"Analysing","type":"YA","timestamp":"2023-11-09 12:27:06"},{"nodeID":"1279980","text":"Nicole: Thangam Debonnaire: It is a yes or no","type":"L","timestamp":"2023-11-09 12:27:06"},{"nodeID":"1279981","text":"Asserting","type":"YA","timestamp":"2023-11-09 12:27:06"},{"nodeID":"1279982","text":"Default Transition","type":"TA","timestamp":"2023-11-09 12:27:06"},{"nodeID":"1279983","text":"Default Conflict","type":"CA","timestamp":"2023-11-09 12:27:06"},{"nodeID":"1279984","text":"Disagreeing","type":"YA","timestamp":"2023-11-09 12:27:06"},{"nodeID":"1279985","text":"Maggie Throup: I have been reassured that all guidance was carefully followed","type":"L","timestamp":"2023-11-09 12:27:07"},{"nodeID":"1279986","text":"Analysing","type":"YA","timestamp":"2023-11-09 12:27:07"},{"nodeID":"1279987","text":"Nicole: Maggie Throup: I have been reassured that all guidance was carefully followed","type":"L","timestamp":"2023-11-09 12:27:07"},{"nodeID":"1279988","text":"Asserting","type":"YA","timestamp":"2023-11-09 12:27:07"},{"nodeID":"1279989","text":"Default Transition","type":"TA","timestamp":"2023-11-09 12:27:07"},{"nodeID":"1279990","text":"Fiona Bruce: Does that answer your question","type":"L","timestamp":"2023-11-09 12:27:07"},{"nodeID":"1279991","text":"Analysing","type":"YA","timestamp":"2023-11-09 12:27:07"},{"nodeID":"1279992","text":"Nicole: Fiona Bruce: Does that answer your question","type":"L","timestamp":"2023-11-09 12:27:07"},{"nodeID":"1279993","text":"Pure Questioning","type":"YA","timestamp":"2023-11-09 12:27:07"},{"nodeID":"1279994","text":"Default Transition","type":"TA","timestamp":"2023-11-09 12:27:07"},{"nodeID":"1279995","text":"Fiona Bruce: Do you want another go, Maggie","type":"L","timestamp":"2023-11-09 12:27:08"},{"nodeID":"1279996","text":"Analysing","type":"YA","timestamp":"2023-11-09 12:27:08"},{"nodeID":"1279997","text":"Nicole: Fiona Bruce: Do you want another go, Maggie","type":"L","timestamp":"2023-11-09 12:27:08"},{"nodeID":"1279998","text":"Assertive Questioning","type":"YA","timestamp":"2023-11-09 12:27:08"},{"nodeID":"1279999","text":"Maggie Throup: My answer is not going to change","type":"L","timestamp":"2023-11-09 12:27:08"},{"nodeID":"1280000","text":"Analysing","type":"YA","timestamp":"2023-11-09 12:27:08"},{"nodeID":"1280001","text":"Nicole: Maggie Throup: My answer is not going to change","type":"L","timestamp":"2023-11-09 12:27:08"},{"nodeID":"1280002","text":"Asserting","type":"YA","timestamp":"2023-11-09 12:27:08"},{"nodeID":"1280003","text":"Default Transition","type":"TA","timestamp":"2023-11-09 12:27:08"},{"nodeID":"1280004","text":"Default Conflict","type":"CA","timestamp":"2023-11-09 12:27:08"},{"nodeID":"1280005","text":"Disagreeing","type":"YA","timestamp":"2023-11-09 12:27:08"},{"nodeID":"1280006","text":"Maggie Throup: The guidance was followed","type":"L","timestamp":"2023-11-09 12:27:09"},{"nodeID":"1280007","text":"Analysing","type":"YA","timestamp":"2023-11-09 12:27:09"},{"nodeID":"1280008","text":"Nicole: Maggie Throup: The guidance was followed","type":"L","timestamp":"2023-11-09 12:27:09"},{"nodeID":"1280009","text":"Asserting","type":"YA","timestamp":"2023-11-09 12:27:09"},{"nodeID":"1280010","text":"Default Transition","type":"TA","timestamp":"2023-11-09 12:27:09"},{"nodeID":"1280011","text":"Default Inference","type":"RA","timestamp":"2023-11-09 12:27:09"},{"nodeID":"1280012","text":"Arguing","type":"YA","timestamp":"2023-11-09 12:27:09"},{"nodeID":"1280013","text":"Fiona Bruce: That means there wasn't a party","type":"L","timestamp":"2023-11-09 12:27:10"},{"nodeID":"1280014","text":"Analysing","type":"YA","timestamp":"2023-11-09 12:27:10"},{"nodeID":"1280015","text":"Nicole: Fiona Bruce: That means there wasn't a party","type":"L","timestamp":"2023-11-09 12:27:10"},{"nodeID":"1280016","text":"Asserting","type":"YA","timestamp":"2023-11-09 12:27:10"},{"nodeID":"1280017","text":"Default Transition","type":"TA","timestamp":"2023-11-09 12:27:10"},{"nodeID":"1280018","text":"Fiona Bruce: the guidance was there were no Christmas parties","type":"L","timestamp":"2023-11-09 12:27:10"},{"nodeID":"1280019","text":"Analysing","type":"YA","timestamp":"2023-11-09 12:27:10"},{"nodeID":"1280020","text":"Nicole: Fiona Bruce: the guidance was there were no Christmas parties","type":"L","timestamp":"2023-11-09 12:27:10"},{"nodeID":"1280021","text":"Asserting","type":"YA","timestamp":"2023-11-09 12:27:10"},{"nodeID":"1280022","text":"Default Transition","type":"TA","timestamp":"2023-11-09 12:27:10"},{"nodeID":"1280023","text":"Default Inference","type":"RA","timestamp":"2023-11-09 12:27:10"},{"nodeID":"1280024","text":"Arguing","type":"YA","timestamp":"2023-11-09 12:27:10"},{"nodeID":"1280025","text":"Default Rephrase","type":"MA","timestamp":"2023-11-09 12:27:10"},{"nodeID":"1280026","text":"Restating","type":"YA","timestamp":"2023-11-09 12:27:10"},{"nodeID":"1280027","text":"Maggie Throup: Whatever the event was","type":"L","timestamp":"2023-11-09 12:27:11"},{"nodeID":"1280028","text":"Analysing","type":"YA","timestamp":"2023-11-09 12:27:11"},{"nodeID":"1280029","text":"Nicole: Maggie Throup: Whatever the event was","type":"L","timestamp":"2023-11-09 12:27:11"},{"nodeID":"1280030","text":"Asserting","type":"YA","timestamp":"2023-11-09 12:27:11"},{"nodeID":"1280031","text":"Default Transition","type":"TA","timestamp":"2023-11-09 12:27:11"},{"nodeID":"1280032","text":"Default Conflict","type":"CA","timestamp":"2023-11-09 12:27:11"},{"nodeID":"1280033","text":"Disagreeing","type":"YA","timestamp":"2023-11-09 12:27:11"},{"nodeID":"1280034","text":"Fiona Bruce: There was an event","type":"L","timestamp":"2023-11-09 12:27:11"},{"nodeID":"1280035","text":"Analysing","type":"YA","timestamp":"2023-11-09 12:27:11"},{"nodeID":"1280036","text":"Nicole: Fiona Bruce: There was an event","type":"L","timestamp":"2023-11-09 12:27:11"},{"nodeID":"1280037","text":"Assertive Questioning","type":"YA","timestamp":"2023-11-09 12:27:11"},{"nodeID":"1280038","text":"Default Transition","type":"TA","timestamp":"2023-11-09 12:27:11"},{"nodeID":"1280039","text":"Default Rephrase","type":"MA","timestamp":"2023-11-09 12:27:11"},{"nodeID":"1280040","text":"Restating","type":"YA","timestamp":"2023-11-09 12:27:11"},{"nodeID":"1280041","text":"Maggie Throup: this has been a rumour and hearsay","type":"L","timestamp":"2023-11-09 12:27:12"},{"nodeID":"1280042","text":"Analysing","type":"YA","timestamp":"2023-11-09 12:27:12"},{"nodeID":"1280043","text":"Nicole: Maggie Throup: this has been a rumour and hearsay","type":"L","timestamp":"2023-11-09 12:27:12"},{"nodeID":"1280044","text":"Asserting","type":"YA","timestamp":"2023-11-09 12:27:12"},{"nodeID":"1280045","text":"Default Transition","type":"TA","timestamp":"2023-11-09 12:27:12"},{"nodeID":"1280046","text":"Default Conflict","type":"CA","timestamp":"2023-11-09 12:27:12"},{"nodeID":"1280047","text":"Disagreeing","type":"YA","timestamp":"2023-11-09 12:27:12"},{"nodeID":"1280048","text":"Maggie Throup: Let me be very clear, that all guidance was followed at No. 10","type":"L","timestamp":"2023-11-09 12:27:13"},{"nodeID":"1280049","text":"Analysing","type":"YA","timestamp":"2023-11-09 12:27:13"},{"nodeID":"1280050","text":"Nicole: Maggie Throup: Let me be very clear, that all guidance was followed at No. 10","type":"L","timestamp":"2023-11-09 12:27:13"},{"nodeID":"1280051","text":"Asserting","type":"YA","timestamp":"2023-11-09 12:27:13"},{"nodeID":"1280052","text":"Default Transition","type":"TA","timestamp":"2023-11-09 12:27:13"},{"nodeID":"1280053","text":"Default Rephrase","type":"MA","timestamp":"2023-11-09 12:27:13"},{"nodeID":"1280054","text":"Restating","type":"YA","timestamp":"2023-11-09 12:27:13"},{"nodeID":"1280055","text":"Maggie Throup: whether it is business meetings or whatever","type":"L","timestamp":"2023-11-09 12:27:13"},{"nodeID":"1280056","text":"Analysing","type":"YA","timestamp":"2023-11-09 12:27:13"},{"nodeID":"1280057","text":"Nicole: Maggie Throup: whether it is business meetings or whatever","type":"L","timestamp":"2023-11-09 12:27:13"},{"nodeID":"1280058","text":"Asserting","type":"YA","timestamp":"2023-11-09 12:27:13"},{"nodeID":"1280059","text":"Default Transition","type":"TA","timestamp":"2023-11-09 12:27:13"},{"nodeID":"1280060","text":"Default Rephrase","type":"MA","timestamp":"2023-11-09 12:27:13"},{"nodeID":"1280061","text":"Restating","type":"YA","timestamp":"2023-11-09 12:27:13"},{"nodeID":"1280062","text":"Maggie Throup: I wasn't invited, just like the deputy leader of the Labour Party isn't invited to the Labour Party party next week","type":"L","timestamp":"2023-11-09 12:27:14"},{"nodeID":"1280063","text":"Analysing","type":"YA","timestamp":"2023-11-09 12:27:14"},{"nodeID":"1280064","text":"Nicole: Maggie Throup: I wasn't invited, just like the deputy leader of the Labour Party isn't invited to the Labour Party party next week","type":"L","timestamp":"2023-11-09 12:27:14"},{"nodeID":"1280065","text":"Asserting","type":"YA","timestamp":"2023-11-09 12:27:14"},{"nodeID":"1280066","text":"Default Transition","type":"TA","timestamp":"2023-11-09 12:27:14"},{"nodeID":"1280067","text":"Default Rephrase","type":"MA","timestamp":"2023-11-09 12:27:14"},{"nodeID":"1280068","text":"Restating","type":"YA","timestamp":"2023-11-09 12:27:14"},{"nodeID":"1280069","text":"Thangam Debonnaire: We're cancelling it","type":"L","timestamp":"2023-11-09 12:27:14"},{"nodeID":"1280070","text":"Analysing","type":"YA","timestamp":"2023-11-09 12:27:14"},{"nodeID":"1280071","text":"Nicole: Thangam Debonnaire: We're cancelling it","type":"L","timestamp":"2023-11-09 12:27:14"},{"nodeID":"1280072","text":"Asserting","type":"YA","timestamp":"2023-11-09 12:27:14"},{"nodeID":"1280073","text":"Default Transition","type":"TA","timestamp":"2023-11-09 12:27:14"},{"nodeID":"1280074","text":"Default Conflict","type":"CA","timestamp":"2023-11-09 12:27:14"},{"nodeID":"1280075","text":"Disagreeing","type":"YA","timestamp":"2023-11-09 12:27:14"},{"nodeID":"1280076","text":"Thangam Debonnaire: That's just ridiculous","type":"L","timestamp":"2023-11-09 12:27:15"},{"nodeID":"1280077","text":"Analysing","type":"YA","timestamp":"2023-11-09 12:27:15"},{"nodeID":"1280078","text":"Nicole: Thangam Debonnaire: That's just ridiculous","type":"L","timestamp":"2023-11-09 12:27:15"},{"nodeID":"1280079","text":"Asserting","type":"YA","timestamp":"2023-11-09 12:27:15"},{"nodeID":"1280080","text":"Default Transition","type":"TA","timestamp":"2023-11-09 12:27:15"},{"nodeID":"1280081","text":"Default Inference","type":"RA","timestamp":"2023-11-09 12:27:15"},{"nodeID":"1280082","text":"Arguing","type":"YA","timestamp":"2023-11-09 12:27:15"},{"nodeID":"1280083","text":"Fiona Bruce: You have confirmed there was an event","type":"L","timestamp":"2023-11-09 12:27:16"},{"nodeID":"1280084","text":"Analysing","type":"YA","timestamp":"2023-11-09 12:27:16"},{"nodeID":"1280085","text":"Nicole: Fiona Bruce: You have confirmed there was an event","type":"L","timestamp":"2023-11-09 12:27:16"},{"nodeID":"1280086","text":"Asserting","type":"YA","timestamp":"2023-11-09 12:27:16"},{"nodeID":"1280087","text":"Default Transition","type":"TA","timestamp":"2023-11-09 12:27:16"},{"nodeID":"1280088","text":"Default Rephrase","type":"MA","timestamp":"2023-11-09 12:27:16"},{"nodeID":"1280089","text":"Restating","type":"YA","timestamp":"2023-11-09 12:27:16"},{"nodeID":"1280090","text":"AudienceMember 20210912QT03: I just wondered why has it taken so long, nearly a year, for this story to break","type":"L","timestamp":"2023-11-09 12:27:16"},{"nodeID":"1280091","text":"Analysing","type":"YA","timestamp":"2023-11-09 12:27:16"},{"nodeID":"1280092","text":"Nicole: AudienceMember 20210912QT03: I just wondered why has it taken so long, nearly a year, for this story to break","type":"L","timestamp":"2023-11-09 12:27:16"},{"nodeID":"1280093","text":"Asserting","type":"YA","timestamp":"2023-11-09 12:27:16"},{"nodeID":"1280094","text":"Default Transition","type":"TA","timestamp":"2023-11-09 12:27:16"},{"nodeID":"1280095","text":"AudienceMember 20210912QT03: Surely the media knew beforehand","type":"L","timestamp":"2023-11-09 12:27:17"},{"nodeID":"1280096","text":"Analysing","type":"YA","timestamp":"2023-11-09 12:27:17"},{"nodeID":"1280097","text":"Nicole: AudienceMember 20210912QT03: Surely the media knew beforehand","type":"L","timestamp":"2023-11-09 12:27:17"},{"nodeID":"1280098","text":"Assertive Questioning","type":"YA","timestamp":"2023-11-09 12:27:17"},{"nodeID":"1280099","text":"Default Transition","type":"TA","timestamp":"2023-11-09 12:27:17"},{"nodeID":"1280100","text":"AudienceMember 20210912QT03: Shouldn't they have brought it out","type":"L","timestamp":"2023-11-09 12:27:17"},{"nodeID":"1280101","text":"Analysing","type":"YA","timestamp":"2023-11-09 12:27:17"},{"nodeID":"1280102","text":"Nicole: AudienceMember 20210912QT03: Shouldn't they have brought it out","type":"L","timestamp":"2023-11-09 12:27:17"},{"nodeID":"1280103","text":"Assertive Questioning","type":"YA","timestamp":"2023-11-09 12:27:17"},{"nodeID":"1280104","text":"Default Transition","type":"TA","timestamp":"2023-11-09 12:27:17"},{"nodeID":"1280105","text":"Default Inference","type":"RA","timestamp":"2023-11-09 12:27:17"},{"nodeID":"1280106","text":"Arguing","type":"YA","timestamp":"2023-11-09 12:27:17"},{"nodeID":"1280107","text":"AudienceMember 20210912QT03: Just convenient political timing","type":"L","timestamp":"2023-11-09 12:27:18"},{"nodeID":"1280108","text":"Analysing","type":"YA","timestamp":"2023-11-09 12:27:18"},{"nodeID":"1280109","text":"Nicole: AudienceMember 20210912QT03: Just convenient political timing","type":"L","timestamp":"2023-11-09 12:27:18"},{"nodeID":"1280110","text":"Asserting","type":"YA","timestamp":"2023-11-09 12:27:18"},{"nodeID":"1280111","text":"Default Transition","type":"TA","timestamp":"2023-11-09 12:27:18"},{"nodeID":"1280112","text":"Fiona Bruce: That's assuming the media knew","type":"L","timestamp":"2023-11-09 12:27:19"},{"nodeID":"1280113","text":"Analysing","type":"YA","timestamp":"2023-11-09 12:27:19"},{"nodeID":"1280114","text":"Nicole: Fiona Bruce: That's assuming the media knew","type":"L","timestamp":"2023-11-09 12:27:19"},{"nodeID":"1280115","text":"Asserting","type":"YA","timestamp":"2023-11-09 12:27:19"},{"nodeID":"1280116","text":"Default Transition","type":"TA","timestamp":"2023-11-09 12:27:19"},{"nodeID":"1280117","text":"Default Conflict","type":"CA","timestamp":"2023-11-09 12:27:19"},{"nodeID":"1280118","text":"Disagreeing","type":"YA","timestamp":"2023-11-09 12:27:19"},{"nodeID":"1280119","text":"Fiona Bruce: I certainly didn't know about it","type":"L","timestamp":"2023-11-09 12:27:19"},{"nodeID":"1280120","text":"Analysing","type":"YA","timestamp":"2023-11-09 12:27:19"},{"nodeID":"1280121","text":"Nicole: Fiona Bruce: I certainly didn't know about it","type":"L","timestamp":"2023-11-09 12:27:19"},{"nodeID":"1280122","text":"Asserting","type":"YA","timestamp":"2023-11-09 12:27:19"},{"nodeID":"1280123","text":"Default Transition","type":"TA","timestamp":"2023-11-09 12:27:19"},{"nodeID":"1280124","text":"Default Inference","type":"RA","timestamp":"2023-11-09 12:27:19"},{"nodeID":"1280125","text":"Arguing","type":"YA","timestamp":"2023-11-09 12:27:19"},{"nodeID":"1280126","text":"AudienceMember 20210912QT04: How can you say it is a rumour","type":"L","timestamp":"2023-11-09 12:27:20"},{"nodeID":"1280127","text":"Analysing","type":"YA","timestamp":"2023-11-09 12:27:20"},{"nodeID":"1280128","text":"Nicole: AudienceMember 20210912QT04: How can you say it is a rumour","type":"L","timestamp":"2023-11-09 12:27:20"},{"nodeID":"1280129","text":"Pure Questioning","type":"YA","timestamp":"2023-11-09 12:27:20"},{"nodeID":"1280130","text":"AudienceMember 20210912QT04: Who would be making this up","type":"L","timestamp":"2023-11-09 12:27:20"},{"nodeID":"1280131","text":"Analysing","type":"YA","timestamp":"2023-11-09 12:27:20"},{"nodeID":"1280132","text":"Nicole: AudienceMember 20210912QT04: Who would be making this up","type":"L","timestamp":"2023-11-09 12:27:20"},{"nodeID":"1280133","text":"Pure Questioning","type":"YA","timestamp":"2023-11-09 12:27:20"},{"nodeID":"1280134","text":"Default Transition","type":"TA","timestamp":"2023-11-09 12:27:20"},{"nodeID":"1280135","text":"Default Rephrase","type":"MA","timestamp":"2023-11-09 12:27:20"},{"nodeID":"1280136","text":"Restating","type":"YA","timestamp":"2023-11-09 12:27:20"},{"nodeID":"1280137","text":"Default Rephrase","type":"MA","timestamp":"2023-11-09 12:27:20"},{"nodeID":"1280138","text":"Default Transition","type":"TA","timestamp":"2023-11-09 12:27:20"},{"nodeID":"1280139","text":"Restating","type":"YA","timestamp":"2023-11-09 12:27:20"},{"nodeID":"1280140","text":"Maggie Throup: When I say it is a rumour, guidance was broken","type":"L","timestamp":"2023-11-09 12:27:21"},{"nodeID":"1280141","text":"Analysing","type":"YA","timestamp":"2023-11-09 12:27:21"},{"nodeID":"1280142","text":"Nicole: Maggie Throup: When I say it is a rumour, guidance was broken","type":"L","timestamp":"2023-11-09 12:27:21"},{"nodeID":"1280143","text":"Asserting","type":"YA","timestamp":"2023-11-09 12:27:21"},{"nodeID":"1280144","text":"Default Transition","type":"TA","timestamp":"2023-11-09 12:27:21"},{"nodeID":"1280145","text":"Default Rephrase","type":"MA","timestamp":"2023-11-09 12:27:21"},{"nodeID":"1280146","text":"Default Illocuting","type":"YA","timestamp":"2023-11-09 12:27:21"},{"nodeID":"1280147","text":"Analysing","type":"YA","timestamp":"2023-11-09 12:27:21"},{"nodeID":"1280148","text":"Asserting","type":"YA","timestamp":"2023-11-09 12:27:21"},{"nodeID":"1280149","text":"Default Transition","type":"TA","timestamp":"2023-11-09 12:27:21"},{"nodeID":"1280150","text":"Default Inference","type":"RA","timestamp":"2023-11-09 12:27:21"},{"nodeID":"1280151","text":"Arguing","type":"YA","timestamp":"2023-11-09 12:27:21"},{"nodeID":"1280152","text":"Theo Paphitis: There can't have been a party if the guidance was followed","type":"L","timestamp":"2023-11-09 12:27:22"},{"nodeID":"1280153","text":"Analysing","type":"YA","timestamp":"2023-11-09 12:27:22"},{"nodeID":"1280154","text":"Nicole: Theo Paphitis: There can't have been a party if the guidance was followed","type":"L","timestamp":"2023-11-09 12:27:22"},{"nodeID":"1280155","text":"Asserting","type":"YA","timestamp":"2023-11-09 12:27:22"},{"nodeID":"1280156","text":"Default Transition","type":"TA","timestamp":"2023-11-09 12:27:22"},{"nodeID":"1280157","text":"Default Conflict","type":"CA","timestamp":"2023-11-09 12:27:22"},{"nodeID":"1280158","text":"Disagreeing","type":"YA","timestamp":"2023-11-09 12:27:22"},{"nodeID":"1280159","text":"AudienceMember 20210912QT05: I'm afraid your prime Minister has you in a little bubble","type":"L","timestamp":"2023-11-09 12:27:22"},{"nodeID":"1280160","text":"Analysing","type":"YA","timestamp":"2023-11-09 12:27:22"},{"nodeID":"1280161","text":"Nicole: AudienceMember 20210912QT05: I'm afraid your prime Minister has you in a little bubble","type":"L","timestamp":"2023-11-09 12:27:22"},{"nodeID":"1280162","text":"Asserting","type":"YA","timestamp":"2023-11-09 12:27:22"},{"nodeID":"1280163","text":"Default Transition","type":"TA","timestamp":"2023-11-09 12:27:22"},{"nodeID":"1280164","text":"AudienceMember 20210912QT05: you have to say what you think he wants you to say","type":"L","timestamp":"2023-11-09 12:27:23"},{"nodeID":"1280165","text":"Analysing","type":"YA","timestamp":"2023-11-09 12:27:23"},{"nodeID":"1280166","text":"Nicole: AudienceMember 20210912QT05: you have to say what you think he wants you to say","type":"L","timestamp":"2023-11-09 12:27:23"},{"nodeID":"1280167","text":"Asserting","type":"YA","timestamp":"2023-11-09 12:27:23"},{"nodeID":"1280168","text":"Default Transition","type":"TA","timestamp":"2023-11-09 12:27:23"},{"nodeID":"1280169","text":"Default Inference","type":"RA","timestamp":"2023-11-09 12:27:23"},{"nodeID":"1280170","text":"Arguing","type":"YA","timestamp":"2023-11-09 12:27:23"},{"nodeID":"1280171","text":"Maggie Throup: That's not the case","type":"L","timestamp":"2023-11-09 12:27:23"},{"nodeID":"1280172","text":"Analysing","type":"YA","timestamp":"2023-11-09 12:27:23"},{"nodeID":"1280173","text":"Nicole: Maggie Throup: That's not the case","type":"L","timestamp":"2023-11-09 12:27:23"},{"nodeID":"1280174","text":"Asserting","type":"YA","timestamp":"2023-11-09 12:27:23"},{"nodeID":"1280175","text":"Default Transition","type":"TA","timestamp":"2023-11-09 12:27:23"},{"nodeID":"1280176","text":"Default Conflict","type":"CA","timestamp":"2023-11-09 12:27:23"},{"nodeID":"1280177","text":"Disagreeing","type":"YA","timestamp":"2023-11-09 12:27:23"},{"nodeID":"1280178","text":"Default Transition","type":"TA","timestamp":"2023-11-09 12:27:23"}],"edges":[{"edgeID":"1684277","fromID":"1279955","toID":"1279954","formEdgeID":null},{"edgeID":"1684278","fromID":"1279956","toID":"1279955","formEdgeID":null},{"edgeID":"1684279","fromID":"1279954","toID":"1279957","formEdgeID":null},{"edgeID":"1684280","fromID":"1279957","toID":"1154662","formEdgeID":null},{"edgeID":"1684281","fromID":"1279959","toID":"1279958","formEdgeID":null},{"edgeID":"1684282","fromID":"1279960","toID":"1279959","formEdgeID":null},{"edgeID":"1684283","fromID":"1279958","toID":"1279961","formEdgeID":null},{"edgeID":"1684284","fromID":"1279961","toID":"1154667","formEdgeID":null},{"edgeID":"1684285","fromID":"1279962","toID":"1279953","formEdgeID":null},{"edgeID":"1684286","fromID":"1279963","toID":"1279962","formEdgeID":null},{"edgeID":"1684287","fromID":"1279953","toID":"1279964","formEdgeID":null},{"edgeID":"1684288","fromID":"1279964","toID":"1154672","formEdgeID":null},{"edgeID":"1684289","fromID":"1279954","toID":"1279965","formEdgeID":null},{"edgeID":"1684290","fromID":"1279965","toID":"1279953","formEdgeID":null},{"edgeID":"1684291","fromID":"1154672","toID":"1279966","formEdgeID":null},{"edgeID":"1684292","fromID":"1279966","toID":"1154662","formEdgeID":null},{"edgeID":"1684293","fromID":"1279965","toID":"1279967","formEdgeID":null},{"edgeID":"1684294","fromID":"1279967","toID":"1279966","formEdgeID":null},{"edgeID":"1684295","fromID":"1279954","toID":"1279968","formEdgeID":null},{"edgeID":"1684296","fromID":"1279968","toID":"1279958","formEdgeID":null},{"edgeID":"1684297","fromID":"1154667","toID":"1279969","formEdgeID":null},{"edgeID":"1684298","fromID":"1279969","toID":"1154662","formEdgeID":null},{"edgeID":"1684299","fromID":"1279968","toID":"1279970","formEdgeID":null},{"edgeID":"1684300","fromID":"1279970","toID":"1279969","formEdgeID":null},{"edgeID":"1684301","fromID":"1279972","toID":"1279971","formEdgeID":null},{"edgeID":"1684302","fromID":"1279973","toID":"1279972","formEdgeID":null},{"edgeID":"1684303","fromID":"1279971","toID":"1279974","formEdgeID":null},{"edgeID":"1684304","fromID":"1279974","toID":"783699","formEdgeID":null},{"edgeID":"1684305","fromID":"1279953","toID":"1279975","formEdgeID":null},{"edgeID":"1684306","fromID":"1279975","toID":"1279971","formEdgeID":null},{"edgeID":"1684307","fromID":"783699","toID":"1279976","formEdgeID":null},{"edgeID":"1684308","fromID":"1279976","toID":"1154672","formEdgeID":null},{"edgeID":"1684309","fromID":"1279975","toID":"1279977","formEdgeID":null},{"edgeID":"1684310","fromID":"1279977","toID":"1279976","formEdgeID":null},{"edgeID":"1684311","fromID":"1279979","toID":"1279978","formEdgeID":null},{"edgeID":"1684312","fromID":"1279980","toID":"1279979","formEdgeID":null},{"edgeID":"1684313","fromID":"1279978","toID":"1279981","formEdgeID":null},{"edgeID":"1684314","fromID":"1279981","toID":"1154688","formEdgeID":null},{"edgeID":"1684315","fromID":"1279971","toID":"1279982","formEdgeID":null},{"edgeID":"1684316","fromID":"1279982","toID":"1279978","formEdgeID":null},{"edgeID":"1684317","fromID":"1154688","toID":"1279983","formEdgeID":null},{"edgeID":"1684318","fromID":"1279983","toID":"783699","formEdgeID":null},{"edgeID":"1684319","fromID":"1279982","toID":"1279984","formEdgeID":null},{"edgeID":"1684320","fromID":"1279984","toID":"1279983","formEdgeID":null},{"edgeID":"1684321","fromID":"1279986","toID":"1279985","formEdgeID":null},{"edgeID":"1684322","fromID":"1279987","toID":"1279986","formEdgeID":null},{"edgeID":"1684323","fromID":"1279985","toID":"1279988","formEdgeID":null},{"edgeID":"1684324","fromID":"1279988","toID":"783706","formEdgeID":null},{"edgeID":"1684325","fromID":"1279978","toID":"1279989","formEdgeID":null},{"edgeID":"1684326","fromID":"1279989","toID":"1279985","formEdgeID":null},{"edgeID":"1684327","fromID":"1279991","toID":"1279990","formEdgeID":null},{"edgeID":"1684328","fromID":"1279992","toID":"1279991","formEdgeID":null},{"edgeID":"1684329","fromID":"1279990","toID":"1279993","formEdgeID":null},{"edgeID":"1684330","fromID":"1279993","toID":"1154700","formEdgeID":null},{"edgeID":"1684331","fromID":"1279985","toID":"1279994","formEdgeID":null},{"edgeID":"1684332","fromID":"1279994","toID":"1279990","formEdgeID":null},{"edgeID":"1684333","fromID":"1279996","toID":"1279995","formEdgeID":null},{"edgeID":"1684334","fromID":"1279997","toID":"1279996","formEdgeID":null},{"edgeID":"1684335","fromID":"1279995","toID":"1279998","formEdgeID":null},{"edgeID":"1684336","fromID":"1279998","toID":"1154706","formEdgeID":null},{"edgeID":"1684337","fromID":"1280000","toID":"1279999","formEdgeID":null},{"edgeID":"1684338","fromID":"1280001","toID":"1280000","formEdgeID":null},{"edgeID":"1684339","fromID":"1279999","toID":"1280002","formEdgeID":null},{"edgeID":"1684340","fromID":"1280002","toID":"1154711","formEdgeID":null},{"edgeID":"1684341","fromID":"1279995","toID":"1280003","formEdgeID":null},{"edgeID":"1684342","fromID":"1280003","toID":"1279999","formEdgeID":null},{"edgeID":"1684343","fromID":"1154711","toID":"1280004","formEdgeID":null},{"edgeID":"1684344","fromID":"1280004","toID":"1154706","formEdgeID":null},{"edgeID":"1684345","fromID":"1280003","toID":"1280005","formEdgeID":null},{"edgeID":"1684346","fromID":"1280005","toID":"1280004","formEdgeID":null},{"edgeID":"1684347","fromID":"1280007","toID":"1280006","formEdgeID":null},{"edgeID":"1684348","fromID":"1280008","toID":"1280007","formEdgeID":null},{"edgeID":"1684349","fromID":"1280006","toID":"1280009","formEdgeID":null},{"edgeID":"1684350","fromID":"1280009","toID":"1154719","formEdgeID":null},{"edgeID":"1684351","fromID":"1279999","toID":"1280010","formEdgeID":null},{"edgeID":"1684352","fromID":"1280010","toID":"1280006","formEdgeID":null},{"edgeID":"1684353","fromID":"1154719","toID":"1280011","formEdgeID":null},{"edgeID":"1684354","fromID":"1280011","toID":"1154711","formEdgeID":null},{"edgeID":"1684355","fromID":"1280010","toID":"1280012","formEdgeID":null},{"edgeID":"1684356","fromID":"1280012","toID":"1280011","formEdgeID":null},{"edgeID":"1684357","fromID":"1280014","toID":"1280013","formEdgeID":null},{"edgeID":"1684358","fromID":"1280015","toID":"1280014","formEdgeID":null},{"edgeID":"1684359","fromID":"1280013","toID":"1280016","formEdgeID":null},{"edgeID":"1684360","fromID":"1280016","toID":"1154727","formEdgeID":null},{"edgeID":"1684361","fromID":"1280006","toID":"1280017","formEdgeID":null},{"edgeID":"1684362","fromID":"1280017","toID":"1280013","formEdgeID":null},{"edgeID":"1684363","fromID":"1280019","toID":"1280018","formEdgeID":null},{"edgeID":"1684364","fromID":"1280020","toID":"1280019","formEdgeID":null},{"edgeID":"1684365","fromID":"1280018","toID":"1280021","formEdgeID":null},{"edgeID":"1684366","fromID":"1280021","toID":"1154733","formEdgeID":null},{"edgeID":"1684367","fromID":"1280013","toID":"1280022","formEdgeID":null},{"edgeID":"1684368","fromID":"1280022","toID":"1280018","formEdgeID":null},{"edgeID":"1684369","fromID":"1154733","toID":"1280023","formEdgeID":null},{"edgeID":"1684370","fromID":"1280023","toID":"1154727","formEdgeID":null},{"edgeID":"1684371","fromID":"1280022","toID":"1280024","formEdgeID":null},{"edgeID":"1684372","fromID":"1280024","toID":"1280023","formEdgeID":null},{"edgeID":"1684373","fromID":"1154727","toID":"1280025","formEdgeID":null},{"edgeID":"1684374","fromID":"1280025","toID":"1154719","formEdgeID":null},{"edgeID":"1684375","fromID":"1280017","toID":"1280026","formEdgeID":null},{"edgeID":"1684376","fromID":"1280026","toID":"1280025","formEdgeID":null},{"edgeID":"1684377","fromID":"1280028","toID":"1280027","formEdgeID":null},{"edgeID":"1684378","fromID":"1280029","toID":"1280028","formEdgeID":null},{"edgeID":"1684379","fromID":"1280027","toID":"1280030","formEdgeID":null},{"edgeID":"1684380","fromID":"1280030","toID":"1154743","formEdgeID":null},{"edgeID":"1684381","fromID":"1280013","toID":"1280031","formEdgeID":null},{"edgeID":"1684382","fromID":"1280031","toID":"1280027","formEdgeID":null},{"edgeID":"1684383","fromID":"1154743","toID":"1280032","formEdgeID":null},{"edgeID":"1684384","fromID":"1280032","toID":"1154727","formEdgeID":null},{"edgeID":"1684385","fromID":"1280031","toID":"1280033","formEdgeID":null},{"edgeID":"1684386","fromID":"1280033","toID":"1280032","formEdgeID":null},{"edgeID":"1684387","fromID":"1280035","toID":"1280034","formEdgeID":null},{"edgeID":"1684388","fromID":"1280036","toID":"1280035","formEdgeID":null},{"edgeID":"1684389","fromID":"1280034","toID":"1280037","formEdgeID":null},{"edgeID":"1684390","fromID":"1280037","toID":"1154751","formEdgeID":null},{"edgeID":"1684391","fromID":"1280027","toID":"1280038","formEdgeID":null},{"edgeID":"1684392","fromID":"1280038","toID":"1280034","formEdgeID":null},{"edgeID":"1684393","fromID":"1154751","toID":"1280039","formEdgeID":null},{"edgeID":"1684394","fromID":"1280039","toID":"1154743","formEdgeID":null},{"edgeID":"1684395","fromID":"1280038","toID":"1280040","formEdgeID":null},{"edgeID":"1684396","fromID":"1280040","toID":"1280039","formEdgeID":null},{"edgeID":"1684397","fromID":"1280042","toID":"1280041","formEdgeID":null},{"edgeID":"1684398","fromID":"1280043","toID":"1280042","formEdgeID":null},{"edgeID":"1684399","fromID":"1280041","toID":"1280044","formEdgeID":null},{"edgeID":"1684400","fromID":"1280044","toID":"1154759","formEdgeID":null},{"edgeID":"1684401","fromID":"1280034","toID":"1280045","formEdgeID":null},{"edgeID":"1684402","fromID":"1280045","toID":"1280041","formEdgeID":null},{"edgeID":"1684403","fromID":"1154759","toID":"1280046","formEdgeID":null},{"edgeID":"1684404","fromID":"1280046","toID":"1154751","formEdgeID":null},{"edgeID":"1684405","fromID":"1280045","toID":"1280047","formEdgeID":null},{"edgeID":"1684406","fromID":"1280047","toID":"1280046","formEdgeID":null},{"edgeID":"1684407","fromID":"1280049","toID":"1280048","formEdgeID":null},{"edgeID":"1684408","fromID":"1280050","toID":"1280049","formEdgeID":null},{"edgeID":"1684409","fromID":"1280048","toID":"1280051","formEdgeID":null},{"edgeID":"1684410","fromID":"1280051","toID":"1154767","formEdgeID":null},{"edgeID":"1684411","fromID":"1280006","toID":"1280052","formEdgeID":null},{"edgeID":"1684412","fromID":"1280052","toID":"1280048","formEdgeID":null},{"edgeID":"1684413","fromID":"1154767","toID":"1280053","formEdgeID":null},{"edgeID":"1684414","fromID":"1280053","toID":"1154719","formEdgeID":null},{"edgeID":"1684415","fromID":"1280052","toID":"1280054","formEdgeID":null},{"edgeID":"1684416","fromID":"1280054","toID":"1280053","formEdgeID":null},{"edgeID":"1684417","fromID":"1280056","toID":"1280055","formEdgeID":null},{"edgeID":"1684418","fromID":"1280057","toID":"1280056","formEdgeID":null},{"edgeID":"1684419","fromID":"1280055","toID":"1280058","formEdgeID":null},{"edgeID":"1684420","fromID":"1280058","toID":"1154775","formEdgeID":null},{"edgeID":"1684421","fromID":"1280048","toID":"1280059","formEdgeID":null},{"edgeID":"1684422","fromID":"1280059","toID":"1280055","formEdgeID":null},{"edgeID":"1684423","fromID":"1154775","toID":"1280060","formEdgeID":null},{"edgeID":"1684424","fromID":"1280060","toID":"1154767","formEdgeID":null},{"edgeID":"1684425","fromID":"1280059","toID":"1280061","formEdgeID":null},{"edgeID":"1684426","fromID":"1280061","toID":"1280060","formEdgeID":null},{"edgeID":"1684427","fromID":"1280063","toID":"1280062","formEdgeID":null},{"edgeID":"1684428","fromID":"1280064","toID":"1280063","formEdgeID":null},{"edgeID":"1684429","fromID":"1280062","toID":"1280065","formEdgeID":null},{"edgeID":"1684430","fromID":"1280065","toID":"783713","formEdgeID":null},{"edgeID":"1684431","fromID":"1279971","toID":"1280066","formEdgeID":null},{"edgeID":"1684432","fromID":"1280066","toID":"1280062","formEdgeID":null},{"edgeID":"1684433","fromID":"783713","toID":"1280067","formEdgeID":null},{"edgeID":"1684434","fromID":"1280067","toID":"783699","formEdgeID":null},{"edgeID":"1684435","fromID":"1280066","toID":"1280068","formEdgeID":null},{"edgeID":"1684436","fromID":"1280068","toID":"1280067","formEdgeID":null},{"edgeID":"1684437","fromID":"1280070","toID":"1280069","formEdgeID":null},{"edgeID":"1684438","fromID":"1280071","toID":"1280070","formEdgeID":null},{"edgeID":"1684439","fromID":"1280069","toID":"1280072","formEdgeID":null},{"edgeID":"1684440","fromID":"1280072","toID":"1154789","formEdgeID":null},{"edgeID":"1684441","fromID":"1280062","toID":"1280073","formEdgeID":null},{"edgeID":"1684442","fromID":"1280073","toID":"1280069","formEdgeID":null},{"edgeID":"1684443","fromID":"1154789","toID":"1280074","formEdgeID":null},{"edgeID":"1684444","fromID":"1280074","toID":"783713","formEdgeID":null},{"edgeID":"1684445","fromID":"1280073","toID":"1280075","formEdgeID":null},{"edgeID":"1684446","fromID":"1280075","toID":"1280074","formEdgeID":null},{"edgeID":"1684447","fromID":"1280077","toID":"1280076","formEdgeID":null},{"edgeID":"1684448","fromID":"1280078","toID":"1280077","formEdgeID":null},{"edgeID":"1684449","fromID":"1280076","toID":"1280079","formEdgeID":null},{"edgeID":"1684450","fromID":"1280079","toID":"1154797","formEdgeID":null},{"edgeID":"1684451","fromID":"1280069","toID":"1280080","formEdgeID":null},{"edgeID":"1684452","fromID":"1280080","toID":"1280076","formEdgeID":null},{"edgeID":"1684453","fromID":"1154789","toID":"1280081","formEdgeID":null},{"edgeID":"1684454","fromID":"1280081","toID":"1154797","formEdgeID":null},{"edgeID":"1684455","fromID":"1280080","toID":"1280082","formEdgeID":null},{"edgeID":"1684456","fromID":"1280082","toID":"1280081","formEdgeID":null},{"edgeID":"1684457","fromID":"1280084","toID":"1280083","formEdgeID":null},{"edgeID":"1684458","fromID":"1280085","toID":"1280084","formEdgeID":null},{"edgeID":"1684459","fromID":"1280083","toID":"1280086","formEdgeID":null},{"edgeID":"1684460","fromID":"1280086","toID":"1154805","formEdgeID":null},{"edgeID":"1684461","fromID":"1280055","toID":"1280087","formEdgeID":null},{"edgeID":"1684462","fromID":"1280087","toID":"1280083","formEdgeID":null},{"edgeID":"1684463","fromID":"1154805","toID":"1280088","formEdgeID":null},{"edgeID":"1684464","fromID":"1280088","toID":"1154775","formEdgeID":null},{"edgeID":"1684465","fromID":"1280087","toID":"1280089","formEdgeID":null},{"edgeID":"1684466","fromID":"1280089","toID":"1280088","formEdgeID":null},{"edgeID":"1684467","fromID":"1280091","toID":"1280090","formEdgeID":null},{"edgeID":"1684468","fromID":"1280092","toID":"1280091","formEdgeID":null},{"edgeID":"1684469","fromID":"1280090","toID":"1280093","formEdgeID":null},{"edgeID":"1684470","fromID":"1280093","toID":"1154813","formEdgeID":null},{"edgeID":"1684471","fromID":"1280083","toID":"1280094","formEdgeID":null},{"edgeID":"1684472","fromID":"1280094","toID":"1280090","formEdgeID":null},{"edgeID":"1684473","fromID":"1280096","toID":"1280095","formEdgeID":null},{"edgeID":"1684474","fromID":"1280097","toID":"1280096","formEdgeID":null},{"edgeID":"1684475","fromID":"1280095","toID":"1280098","formEdgeID":null},{"edgeID":"1684476","fromID":"1280098","toID":"1154819","formEdgeID":null},{"edgeID":"1684477","fromID":"1280090","toID":"1280099","formEdgeID":null},{"edgeID":"1684478","fromID":"1280099","toID":"1280095","formEdgeID":null},{"edgeID":"1684479","fromID":"1280101","toID":"1280100","formEdgeID":null},{"edgeID":"1684480","fromID":"1280102","toID":"1280101","formEdgeID":null},{"edgeID":"1684481","fromID":"1280100","toID":"1280103","formEdgeID":null},{"edgeID":"1684482","fromID":"1280103","toID":"1154825","formEdgeID":null},{"edgeID":"1684483","fromID":"1280095","toID":"1280104","formEdgeID":null},{"edgeID":"1684484","fromID":"1280104","toID":"1280100","formEdgeID":null},{"edgeID":"1684485","fromID":"1154819","toID":"1280105","formEdgeID":null},{"edgeID":"1684486","fromID":"1280105","toID":"1154825","formEdgeID":null},{"edgeID":"1684487","fromID":"1280104","toID":"1280106","formEdgeID":null},{"edgeID":"1684488","fromID":"1280106","toID":"1280105","formEdgeID":null},{"edgeID":"1684489","fromID":"1280108","toID":"1280107","formEdgeID":null},{"edgeID":"1684490","fromID":"1280109","toID":"1280108","formEdgeID":null},{"edgeID":"1684491","fromID":"1280107","toID":"1280110","formEdgeID":null},{"edgeID":"1684492","fromID":"1280110","toID":"1154833","formEdgeID":null},{"edgeID":"1684493","fromID":"1280100","toID":"1280111","formEdgeID":null},{"edgeID":"1684494","fromID":"1280111","toID":"1280107","formEdgeID":null},{"edgeID":"1684495","fromID":"1280113","toID":"1280112","formEdgeID":null},{"edgeID":"1684496","fromID":"1280114","toID":"1280113","formEdgeID":null},{"edgeID":"1684497","fromID":"1280112","toID":"1280115","formEdgeID":null},{"edgeID":"1684498","fromID":"1280115","toID":"1154839","formEdgeID":null},{"edgeID":"1684499","fromID":"1280100","toID":"1280116","formEdgeID":null},{"edgeID":"1684500","fromID":"1280116","toID":"1280112","formEdgeID":null},{"edgeID":"1684501","fromID":"1154839","toID":"1280117","formEdgeID":null},{"edgeID":"1684502","fromID":"1280117","toID":"1154825","formEdgeID":null},{"edgeID":"1684503","fromID":"1280116","toID":"1280118","formEdgeID":null},{"edgeID":"1684504","fromID":"1280118","toID":"1280117","formEdgeID":null},{"edgeID":"1684505","fromID":"1280120","toID":"1280119","formEdgeID":null},{"edgeID":"1684506","fromID":"1280121","toID":"1280120","formEdgeID":null},{"edgeID":"1684507","fromID":"1280119","toID":"1280122","formEdgeID":null},{"edgeID":"1684508","fromID":"1280122","toID":"1154847","formEdgeID":null},{"edgeID":"1684509","fromID":"1280112","toID":"1280123","formEdgeID":null},{"edgeID":"1684510","fromID":"1280123","toID":"1280119","formEdgeID":null},{"edgeID":"1684511","fromID":"1154847","toID":"1280124","formEdgeID":null},{"edgeID":"1684512","fromID":"1280124","toID":"1154839","formEdgeID":null},{"edgeID":"1684513","fromID":"1280123","toID":"1280125","formEdgeID":null},{"edgeID":"1684514","fromID":"1280125","toID":"1280124","formEdgeID":null},{"edgeID":"1684515","fromID":"1280127","toID":"1280126","formEdgeID":null},{"edgeID":"1684516","fromID":"1280128","toID":"1280127","formEdgeID":null},{"edgeID":"1684517","fromID":"1280126","toID":"1280129","formEdgeID":null},{"edgeID":"1684518","fromID":"1280129","toID":"1154855","formEdgeID":null},{"edgeID":"1684519","fromID":"1280131","toID":"1280130","formEdgeID":null},{"edgeID":"1684520","fromID":"1280132","toID":"1280131","formEdgeID":null},{"edgeID":"1684521","fromID":"1280130","toID":"1280133","formEdgeID":null},{"edgeID":"1684522","fromID":"1280133","toID":"1154860","formEdgeID":null},{"edgeID":"1684523","fromID":"1280126","toID":"1280134","formEdgeID":null},{"edgeID":"1684524","fromID":"1280134","toID":"1280130","formEdgeID":null},{"edgeID":"1684525","fromID":"1154860","toID":"1280135","formEdgeID":null},{"edgeID":"1684526","fromID":"1280135","toID":"1154855","formEdgeID":null},{"edgeID":"1684527","fromID":"1280134","toID":"1280136","formEdgeID":null},{"edgeID":"1684528","fromID":"1280136","toID":"1280135","formEdgeID":null},{"edgeID":"1684529","fromID":"1154855","toID":"1280137","formEdgeID":null},{"edgeID":"1684530","fromID":"1280137","toID":"1154759","formEdgeID":null},{"edgeID":"1684531","fromID":"1280041","toID":"1280138","formEdgeID":null},{"edgeID":"1684532","fromID":"1280138","toID":"1280126","formEdgeID":null},{"edgeID":"1684533","fromID":"1280138","toID":"1280139","formEdgeID":null},{"edgeID":"1684534","fromID":"1280139","toID":"1280137","formEdgeID":null},{"edgeID":"1684535","fromID":"1280141","toID":"1280140","formEdgeID":null},{"edgeID":"1684536","fromID":"1280142","toID":"1280141","formEdgeID":null},{"edgeID":"1684537","fromID":"1280140","toID":"1280143","formEdgeID":null},{"edgeID":"1684538","fromID":"1280143","toID":"1154871","formEdgeID":null},{"edgeID":"1684539","fromID":"1280126","toID":"1280144","formEdgeID":null},{"edgeID":"1684540","fromID":"1280144","toID":"1280140","formEdgeID":null},{"edgeID":"1684541","fromID":"1154871","toID":"1280145","formEdgeID":null},{"edgeID":"1684542","fromID":"1280145","toID":"1154855","formEdgeID":null},{"edgeID":"1684543","fromID":"1280144","toID":"1280146","formEdgeID":null},{"edgeID":"1684544","fromID":"1280146","toID":"1280145","formEdgeID":null},{"edgeID":"1684545","fromID":"1280147","toID":"1280006","formEdgeID":null},{"edgeID":"1684546","fromID":"1280008","toID":"1280147","formEdgeID":null},{"edgeID":"1684547","fromID":"1280006","toID":"1280148","formEdgeID":null},{"edgeID":"1684548","fromID":"1280148","toID":"1154719","formEdgeID":null},{"edgeID":"1684549","fromID":"1280140","toID":"1280149","formEdgeID":null},{"edgeID":"1684550","fromID":"1280149","toID":"1280006","formEdgeID":null},{"edgeID":"1684551","fromID":"1154719","toID":"1280150","formEdgeID":null},{"edgeID":"1684552","fromID":"1280150","toID":"1154871","formEdgeID":null},{"edgeID":"1684553","fromID":"1280149","toID":"1280151","formEdgeID":null},{"edgeID":"1684554","fromID":"1280151","toID":"1280150","formEdgeID":null},{"edgeID":"1684555","fromID":"1280153","toID":"1280152","formEdgeID":null},{"edgeID":"1684556","fromID":"1280154","toID":"1280153","formEdgeID":null},{"edgeID":"1684557","fromID":"1280152","toID":"1280155","formEdgeID":null},{"edgeID":"1684558","fromID":"1280155","toID":"1154884","formEdgeID":null},{"edgeID":"1684559","fromID":"1280006","toID":"1280156","formEdgeID":null},{"edgeID":"1684560","fromID":"1280156","toID":"1280152","formEdgeID":null},{"edgeID":"1684561","fromID":"1154884","toID":"1280157","formEdgeID":null},{"edgeID":"1684562","fromID":"1280157","toID":"1154719","formEdgeID":null},{"edgeID":"1684563","fromID":"1280156","toID":"1280158","formEdgeID":null},{"edgeID":"1684564","fromID":"1280158","toID":"1280157","formEdgeID":null},{"edgeID":"1684565","fromID":"1280160","toID":"1280159","formEdgeID":null},{"edgeID":"1684566","fromID":"1280161","toID":"1280160","formEdgeID":null},{"edgeID":"1684567","fromID":"1280159","toID":"1280162","formEdgeID":null},{"edgeID":"1684568","fromID":"1280162","toID":"1154892","formEdgeID":null},{"edgeID":"1684569","fromID":"1280152","toID":"1280163","formEdgeID":null},{"edgeID":"1684570","fromID":"1280163","toID":"1280159","formEdgeID":null},{"edgeID":"1684571","fromID":"1280165","toID":"1280164","formEdgeID":null},{"edgeID":"1684572","fromID":"1280166","toID":"1280165","formEdgeID":null},{"edgeID":"1684573","fromID":"1280164","toID":"1280167","formEdgeID":null},{"edgeID":"1684574","fromID":"1280167","toID":"1154898","formEdgeID":null},{"edgeID":"1684575","fromID":"1280159","toID":"1280168","formEdgeID":null},{"edgeID":"1684576","fromID":"1280168","toID":"1280164","formEdgeID":null},{"edgeID":"1684577","fromID":"1154892","toID":"1280169","formEdgeID":null},{"edgeID":"1684578","fromID":"1280169","toID":"1154898","formEdgeID":null},{"edgeID":"1684579","fromID":"1280168","toID":"1280170","formEdgeID":null},{"edgeID":"1684580","fromID":"1280170","toID":"1280169","formEdgeID":null},{"edgeID":"1684581","fromID":"1280172","toID":"1280171","formEdgeID":null},{"edgeID":"1684582","fromID":"1280173","toID":"1280172","formEdgeID":null},{"edgeID":"1684583","fromID":"1280171","toID":"1280174","formEdgeID":null},{"edgeID":"1684584","fromID":"1280174","toID":"1154906","formEdgeID":null},{"edgeID":"1684585","fromID":"1280164","toID":"1280175","formEdgeID":null},{"edgeID":"1684586","fromID":"1280175","toID":"1280171","formEdgeID":null},{"edgeID":"1684587","fromID":"1154906","toID":"1280176","formEdgeID":null},{"edgeID":"1684588","fromID":"1280176","toID":"1154898","formEdgeID":null},{"edgeID":"1684589","fromID":"1280175","toID":"1280177","formEdgeID":null},{"edgeID":"1684590","fromID":"1280177","toID":"1280176","formEdgeID":null},{"edgeID":"1684591","fromID":"1279990","toID":"1280178","formEdgeID":null},{"edgeID":"1684592","fromID":"1280178","toID":"1279995","formEdgeID":null}],"locutions":[]}