{"nodes":[{"nodeID":"783760","text":"in light of the new COVID variant, you do or do not believe that all nonessential travel should be postponed until spring as more variants are likely to emerge due to lack of vaccinations in many countries","type":"I","timestamp":"2021-12-09 20:51:59"},{"nodeID":"783767","text":"the purpose of travel restrictions is to slow spreading down and buy time","type":"I","timestamp":"2021-12-09 20:52:02"},{"nodeID":"783786","text":"reducing travel will give us time to find out more about how this variant behaves","type":"I","timestamp":"2021-12-09 20:52:08"},{"nodeID":"1144133","text":"AudienceMember 20211209QT11 appreciates there is a need for celebration for the Christmas","type":"I","timestamp":"2023-04-20 10:04:56"},{"nodeID":"1144137","text":"even if the politicians give advice, there is an element of personal stability in weighing up whether it is right to have a party or how many people","type":"I","timestamp":"2023-04-20 10:04:58"},{"nodeID":"1144142","text":"it is a small family get-together","type":"I","timestamp":"2023-04-20 10:05:01"},{"nodeID":"1144147","text":"maybe a party in a protected bubble","type":"I","timestamp":"2023-04-20 10:05:04"},{"nodeID":"1144152","text":"you are going into a bigger group in a pub","type":"I","timestamp":"2023-04-20 10:05:07"},{"nodeID":"1144157","text":"there may be hundreds of people in a pub","type":"I","timestamp":"2023-04-20 10:05:10"},{"nodeID":"1144162","text":"there is a danger of infection","type":"I","timestamp":"2023-04-20 10:05:12"},{"nodeID":"1144167","text":"be cautious","type":"I","timestamp":"2023-04-20 10:05:15"},{"nodeID":"1144172","text":"be sensible in your decision-making","type":"I","timestamp":"2023-04-20 10:05:19"},{"nodeID":"1144199","text":"Peter Openshaw knows better than any of people here on the panel about COVID","type":"I","timestamp":"2023-04-20 10:05:29"},{"nodeID":"1144204","text":"Peter Openshaw knows better than any of people on the panel about what we know about Omicron so far","type":"I","timestamp":"2023-04-20 10:05:33"},{"nodeID":"1144213","text":"do you believe that all nonessential travel should be postponed until spring is a really difficult question to answer","type":"I","timestamp":"2023-04-20 10:05:38"},{"nodeID":"1144218","text":"we know by the time we detect a variant it probably is spreading","type":"I","timestamp":"2023-04-20 10:05:42"},{"nodeID":"1144223","text":"by the time that we knew Omicron was in South Africa, there were almost certainly cases on our shores already","type":"I","timestamp":"2023-04-20 10:05:45"},{"nodeID":"1144231","text":"reducing travel will give us time to find out how severe is the disease","type":"I","timestamp":"2023-04-20 10:05:52"},{"nodeID":"1144236","text":"reducing travel will give us time to find out what degree of protection there is","type":"I","timestamp":"2023-04-20 10:05:56"},{"nodeID":"1144244","text":"travel restriction is not going to stop the spread completely","type":"I","timestamp":"2023-04-20 10:06:03"},{"nodeID":"1279008","text":"AudienceMember 20210912QT11: I appreciate there is a need for celebration for the Christmas","type":"L","timestamp":"2023-11-09 12:25:41"},{"nodeID":"1279009","text":"Analysing","type":"YA","timestamp":"2023-11-09 12:25:41"},{"nodeID":"1279010","text":"Dominika: AudienceMember 20210912QT11: I appreciate there is a need for celebration for the Christmas","type":"L","timestamp":"2023-11-09 12:25:41"},{"nodeID":"1279011","text":"Asserting","type":"YA","timestamp":"2023-11-09 12:25:41"},{"nodeID":"1279012","text":"AudienceMember 20210912QT11: even if the politicians give advice, there is an element of personal stability in weighing up whether it is right to have a party or how many people","type":"L","timestamp":"2023-11-09 12:25:42"},{"nodeID":"1279013","text":"Analysing","type":"YA","timestamp":"2023-11-09 12:25:42"},{"nodeID":"1279014","text":"Dominika: AudienceMember 20210912QT11: even if the politicians give advice, there is an element of personal stability in weighing up whether it is right to have a party or how many people","type":"L","timestamp":"2023-11-09 12:25:42"},{"nodeID":"1279015","text":"Asserting","type":"YA","timestamp":"2023-11-09 12:25:42"},{"nodeID":"1279016","text":"AudienceMember 20210912QT11: it is a small family get-together","type":"L","timestamp":"2023-11-09 12:25:42"},{"nodeID":"1279017","text":"Analysing","type":"YA","timestamp":"2023-11-09 12:25:42"},{"nodeID":"1279018","text":"Dominika: AudienceMember 20210912QT11: it is a small family get-together","type":"L","timestamp":"2023-11-09 12:25:42"},{"nodeID":"1279019","text":"Asserting","type":"YA","timestamp":"2023-11-09 12:25:42"},{"nodeID":"1279020","text":"AudienceMember 20210912QT11: maybe in a protected bubble","type":"L","timestamp":"2023-11-09 12:25:43"},{"nodeID":"1279021","text":"Analysing","type":"YA","timestamp":"2023-11-09 12:25:43"},{"nodeID":"1279022","text":"Dominika: AudienceMember 20210912QT11: maybe in a protected bubble","type":"L","timestamp":"2023-11-09 12:25:43"},{"nodeID":"1279023","text":"Asserting","type":"YA","timestamp":"2023-11-09 12:25:43"},{"nodeID":"1279024","text":"AudienceMember 20210912QT11:  you are going into a bigger group in a pub","type":"L","timestamp":"2023-11-09 12:25:43"},{"nodeID":"1279025","text":"Analysing","type":"YA","timestamp":"2023-11-09 12:25:43"},{"nodeID":"1279026","text":"Dominika: AudienceMember 20210912QT11:  you are going into a bigger group in a pub","type":"L","timestamp":"2023-11-09 12:25:43"},{"nodeID":"1279027","text":"Asserting","type":"YA","timestamp":"2023-11-09 12:25:43"},{"nodeID":"1279028","text":"AudienceMember 20210912QT11: there may be hundreds of people","type":"L","timestamp":"2023-11-09 12:25:44"},{"nodeID":"1279029","text":"Analysing","type":"YA","timestamp":"2023-11-09 12:25:44"},{"nodeID":"1279030","text":"Dominika: AudienceMember 20210912QT11: there may be hundreds of people","type":"L","timestamp":"2023-11-09 12:25:44"},{"nodeID":"1279031","text":"Asserting","type":"YA","timestamp":"2023-11-09 12:25:44"},{"nodeID":"1279032","text":"AudienceMember 20210912QT11: there is a danger of infection","type":"L","timestamp":"2023-11-09 12:25:44"},{"nodeID":"1279033","text":"Analysing","type":"YA","timestamp":"2023-11-09 12:25:44"},{"nodeID":"1279034","text":"Dominika: AudienceMember 20210912QT11: there is a danger of infection","type":"L","timestamp":"2023-11-09 12:25:44"},{"nodeID":"1279035","text":"Asserting","type":"YA","timestamp":"2023-11-09 12:25:44"},{"nodeID":"1279036","text":"AudienceMember 20210912QT11: be cautious","type":"L","timestamp":"2023-11-09 12:25:45"},{"nodeID":"1279037","text":"Analysing","type":"YA","timestamp":"2023-11-09 12:25:45"},{"nodeID":"1279038","text":"Dominika: AudienceMember 20210912QT11: be cautious","type":"L","timestamp":"2023-11-09 12:25:45"},{"nodeID":"1279039","text":"Asserting","type":"YA","timestamp":"2023-11-09 12:25:45"},{"nodeID":"1279040","text":"AudienceMember 20210912QT11: be sensible in your decision-making","type":"L","timestamp":"2023-11-09 12:25:45"},{"nodeID":"1279041","text":"Analysing","type":"YA","timestamp":"2023-11-09 12:25:45"},{"nodeID":"1279042","text":"Dominika: AudienceMember 20210912QT11: be sensible in your decision-making","type":"L","timestamp":"2023-11-09 12:25:45"},{"nodeID":"1279043","text":"Asserting","type":"YA","timestamp":"2023-11-09 12:25:45"},{"nodeID":"1279044","text":"Default Transition","type":"TA","timestamp":"2023-11-09 12:25:45"},{"nodeID":"1279045","text":"Default Transition","type":"TA","timestamp":"2023-11-09 12:25:45"},{"nodeID":"1279046","text":"Default Transition","type":"TA","timestamp":"2023-11-09 12:25:45"},{"nodeID":"1279047","text":"Default Rephrase","type":"MA","timestamp":"2023-11-09 12:25:45"},{"nodeID":"1279048","text":"Default Transition","type":"TA","timestamp":"2023-11-09 12:25:45"},{"nodeID":"1279049","text":"Default Rephrase","type":"MA","timestamp":"2023-11-09 12:25:45"},{"nodeID":"1279050","text":"Default Transition","type":"TA","timestamp":"2023-11-09 12:25:45"},{"nodeID":"1279051","text":"Default Transition","type":"TA","timestamp":"2023-11-09 12:25:45"},{"nodeID":"1279052","text":"Default Inference","type":"RA","timestamp":"2023-11-09 12:25:45"},{"nodeID":"1279053","text":"Restating","type":"YA","timestamp":"2023-11-09 12:25:45"},{"nodeID":"1279054","text":"Restating","type":"YA","timestamp":"2023-11-09 12:25:45"},{"nodeID":"1279055","text":"Arguing","type":"YA","timestamp":"2023-11-09 12:25:45"},{"nodeID":"1279056","text":"Default Transition","type":"TA","timestamp":"2023-11-09 12:25:45"},{"nodeID":"1279057","text":"Default Transition","type":"TA","timestamp":"2023-11-09 12:25:45"},{"nodeID":"1279058","text":"Default Inference","type":"RA","timestamp":"2023-11-09 12:25:45"},{"nodeID":"1279059","text":"Arguing","type":"YA","timestamp":"2023-11-09 12:25:45"},{"nodeID":"1279060","text":"Default Rephrase","type":"MA","timestamp":"2023-11-09 12:25:45"},{"nodeID":"1279061","text":"Restating","type":"YA","timestamp":"2023-11-09 12:25:45"},{"nodeID":"1279062","text":"AudienceMember 20210912QT12: In light of the new COVID variant, do you believe that all nonessential travel should be postponed until spring as more variants are likely to emerge due to lack of vaccinations in many countries","type":"L","timestamp":"2023-11-09 12:25:46"},{"nodeID":"1279063","text":"Analysing","type":"YA","timestamp":"2023-11-09 12:25:46"},{"nodeID":"1279064","text":"Dominika: AudienceMember 20210912QT12: In light of the new COVID variant, do you believe that all nonessential travel should be postponed until spring as more variants are likely to emerge due to lack of vaccinations in many countries","type":"L","timestamp":"2023-11-09 12:25:46"},{"nodeID":"1279065","text":"Pure Questioning","type":"YA","timestamp":"2023-11-09 12:25:46"},{"nodeID":"1279066","text":"Default Transition","type":"TA","timestamp":"2023-11-09 12:25:46"},{"nodeID":"1279067","text":"Fiona Bruce: You know better than any of us here on the panel about COVID","type":"L","timestamp":"2023-11-09 12:25:47"},{"nodeID":"1279068","text":"Analysing","type":"YA","timestamp":"2023-11-09 12:25:47"},{"nodeID":"1279069","text":"Dominika: Fiona Bruce: You know better than any of us here on the panel about COVID","type":"L","timestamp":"2023-11-09 12:25:47"},{"nodeID":"1279070","text":"Asserting","type":"YA","timestamp":"2023-11-09 12:25:47"},{"nodeID":"1279071","text":"Fiona Bruce: about what we know about Omicron so far","type":"L","timestamp":"2023-11-09 12:25:47"},{"nodeID":"1279072","text":"Analysing","type":"YA","timestamp":"2023-11-09 12:25:47"},{"nodeID":"1279073","text":"Dominika: Fiona Bruce: about what we know about Omicron so far","type":"L","timestamp":"2023-11-09 12:25:47"},{"nodeID":"1279074","text":"Asserting","type":"YA","timestamp":"2023-11-09 12:25:47"},{"nodeID":"1279075","text":"Default Transition","type":"TA","timestamp":"2023-11-09 12:25:47"},{"nodeID":"1279076","text":"Default Transition","type":"TA","timestamp":"2023-11-09 12:25:47"},{"nodeID":"1279077","text":"Default Rephrase","type":"MA","timestamp":"2023-11-09 12:25:47"},{"nodeID":"1279078","text":"Restating","type":"YA","timestamp":"2023-11-09 12:25:47"},{"nodeID":"1279079","text":"Peter Openshaw: It is a really difficult question to answer","type":"L","timestamp":"2023-11-09 12:25:48"},{"nodeID":"1279080","text":"Analysing","type":"YA","timestamp":"2023-11-09 12:25:48"},{"nodeID":"1279081","text":"Dominika: Peter Openshaw: It is a really difficult question to answer","type":"L","timestamp":"2023-11-09 12:25:48"},{"nodeID":"1279082","text":"Asserting","type":"YA","timestamp":"2023-11-09 12:25:48"},{"nodeID":"1279083","text":"Peter Openshaw: We know by the time we detect a variant it probably is spreading","type":"L","timestamp":"2023-11-09 12:25:48"},{"nodeID":"1279084","text":"Analysing","type":"YA","timestamp":"2023-11-09 12:25:48"},{"nodeID":"1279085","text":"Dominika: Peter Openshaw: We know by the time we detect a variant it probably is spreading","type":"L","timestamp":"2023-11-09 12:25:48"},{"nodeID":"1279086","text":"Asserting","type":"YA","timestamp":"2023-11-09 12:25:48"},{"nodeID":"1279087","text":"Peter Openshaw: By the time that we knew it was in South Africa, there were almost certainly cases on our shores already","type":"L","timestamp":"2023-11-09 12:25:49"},{"nodeID":"1279088","text":"Analysing","type":"YA","timestamp":"2023-11-09 12:25:49"},{"nodeID":"1279089","text":"Dominika: Peter Openshaw: By the time that we knew it was in South Africa, there were almost certainly cases on our shores already","type":"L","timestamp":"2023-11-09 12:25:49"},{"nodeID":"1279090","text":"Asserting","type":"YA","timestamp":"2023-11-09 12:25:49"},{"nodeID":"1279091","text":"Peter Openshaw: reducing travel will give us time to find out more about how this variant behaves","type":"L","timestamp":"2023-11-09 12:25:49"},{"nodeID":"1279092","text":"Analysing","type":"YA","timestamp":"2023-11-09 12:25:49"},{"nodeID":"1279093","text":"Dominika: Peter Openshaw: reducing travel will give us time to find out more about how this variant behaves","type":"L","timestamp":"2023-11-09 12:25:49"},{"nodeID":"1279094","text":"Asserting","type":"YA","timestamp":"2023-11-09 12:25:49"},{"nodeID":"1279095","text":"Peter Openshaw: how severe is the disease","type":"L","timestamp":"2023-11-09 12:25:50"},{"nodeID":"1279096","text":"Analysing","type":"YA","timestamp":"2023-11-09 12:25:50"},{"nodeID":"1279097","text":"Dominika: Peter Openshaw: how severe is the disease","type":"L","timestamp":"2023-11-09 12:25:50"},{"nodeID":"1279098","text":"Asserting","type":"YA","timestamp":"2023-11-09 12:25:50"},{"nodeID":"1279099","text":"Peter Openshaw: what degree of protection there is","type":"L","timestamp":"2023-11-09 12:25:51"},{"nodeID":"1279100","text":"Analysing","type":"YA","timestamp":"2023-11-09 12:25:51"},{"nodeID":"1279101","text":"Dominika: Peter Openshaw: what degree of protection there is","type":"L","timestamp":"2023-11-09 12:25:51"},{"nodeID":"1279102","text":"Asserting","type":"YA","timestamp":"2023-11-09 12:25:51"},{"nodeID":"1279103","text":"Peter Openshaw: the purpose of travel restrictions is to slow it down and buy time","type":"L","timestamp":"2023-11-09 12:25:51"},{"nodeID":"1279104","text":"Analysing","type":"YA","timestamp":"2023-11-09 12:25:51"},{"nodeID":"1279105","text":"Dominika: Peter Openshaw: the purpose of travel restrictions is to slow it down and buy time","type":"L","timestamp":"2023-11-09 12:25:51"},{"nodeID":"1279106","text":"Asserting","type":"YA","timestamp":"2023-11-09 12:25:51"},{"nodeID":"1279107","text":"Peter Openshaw: it is not going to stop the spread completely","type":"L","timestamp":"2023-11-09 12:25:52"},{"nodeID":"1279108","text":"Analysing","type":"YA","timestamp":"2023-11-09 12:25:52"},{"nodeID":"1279109","text":"Dominika: Peter Openshaw: it is not going to stop the spread completely","type":"L","timestamp":"2023-11-09 12:25:52"},{"nodeID":"1279110","text":"Asserting","type":"YA","timestamp":"2023-11-09 12:25:52"},{"nodeID":"1279111","text":"Default Transition","type":"TA","timestamp":"2023-11-09 12:25:52"},{"nodeID":"1279112","text":"Default Transition","type":"TA","timestamp":"2023-11-09 12:25:52"},{"nodeID":"1279113","text":"Default Transition","type":"TA","timestamp":"2023-11-09 12:25:52"},{"nodeID":"1279114","text":"Default Inference","type":"RA","timestamp":"2023-11-09 12:25:52"},{"nodeID":"1279115","text":"Arguing","type":"YA","timestamp":"2023-11-09 12:25:52"},{"nodeID":"1279116","text":"Default Transition","type":"TA","timestamp":"2023-11-09 12:25:52"},{"nodeID":"1279117","text":"Default Transition","type":"TA","timestamp":"2023-11-09 12:25:52"},{"nodeID":"1279118","text":"Default Transition","type":"TA","timestamp":"2023-11-09 12:25:52"},{"nodeID":"1279119","text":"Default Transition","type":"TA","timestamp":"2023-11-09 12:25:52"},{"nodeID":"1279120","text":"Default Rephrase","type":"MA","timestamp":"2023-11-09 12:25:52"},{"nodeID":"1279121","text":"Default Rephrase","type":"MA","timestamp":"2023-11-09 12:25:52"},{"nodeID":"1279122","text":"Default Inference","type":"RA","timestamp":"2023-11-09 12:25:52"},{"nodeID":"1279123","text":"Restating","type":"YA","timestamp":"2023-11-09 12:25:52"},{"nodeID":"1279124","text":"Restating","type":"YA","timestamp":"2023-11-09 12:25:52"},{"nodeID":"1279125","text":"Arguing","type":"YA","timestamp":"2023-11-09 12:25:52"},{"nodeID":"1279126","text":"Default Transition","type":"TA","timestamp":"2023-11-09 12:25:52"},{"nodeID":"1279127","text":"Default Rephrase","type":"MA","timestamp":"2023-11-09 12:25:52"},{"nodeID":"1279128","text":"Restating","type":"YA","timestamp":"2023-11-09 12:25:52"}],"edges":[{"edgeID":"1683099","fromID":"1279009","toID":"1279008","formEdgeID":null},{"edgeID":"1683100","fromID":"1279010","toID":"1279009","formEdgeID":null},{"edgeID":"1683101","fromID":"1279008","toID":"1279011","formEdgeID":null},{"edgeID":"1683102","fromID":"1279011","toID":"1144133","formEdgeID":null},{"edgeID":"1683103","fromID":"1279013","toID":"1279012","formEdgeID":null},{"edgeID":"1683104","fromID":"1279014","toID":"1279013","formEdgeID":null},{"edgeID":"1683105","fromID":"1279012","toID":"1279015","formEdgeID":null},{"edgeID":"1683106","fromID":"1279015","toID":"1144137","formEdgeID":null},{"edgeID":"1683107","fromID":"1279017","toID":"1279016","formEdgeID":null},{"edgeID":"1683108","fromID":"1279018","toID":"1279017","formEdgeID":null},{"edgeID":"1683109","fromID":"1279016","toID":"1279019","formEdgeID":null},{"edgeID":"1683110","fromID":"1279019","toID":"1144142","formEdgeID":null},{"edgeID":"1683111","fromID":"1279021","toID":"1279020","formEdgeID":null},{"edgeID":"1683112","fromID":"1279022","toID":"1279021","formEdgeID":null},{"edgeID":"1683113","fromID":"1279020","toID":"1279023","formEdgeID":null},{"edgeID":"1683114","fromID":"1279023","toID":"1144147","formEdgeID":null},{"edgeID":"1683115","fromID":"1279025","toID":"1279024","formEdgeID":null},{"edgeID":"1683116","fromID":"1279026","toID":"1279025","formEdgeID":null},{"edgeID":"1683117","fromID":"1279024","toID":"1279027","formEdgeID":null},{"edgeID":"1683118","fromID":"1279027","toID":"1144152","formEdgeID":null},{"edgeID":"1683119","fromID":"1279029","toID":"1279028","formEdgeID":null},{"edgeID":"1683120","fromID":"1279030","toID":"1279029","formEdgeID":null},{"edgeID":"1683121","fromID":"1279028","toID":"1279031","formEdgeID":null},{"edgeID":"1683122","fromID":"1279031","toID":"1144157","formEdgeID":null},{"edgeID":"1683123","fromID":"1279033","toID":"1279032","formEdgeID":null},{"edgeID":"1683124","fromID":"1279034","toID":"1279033","formEdgeID":null},{"edgeID":"1683125","fromID":"1279032","toID":"1279035","formEdgeID":null},{"edgeID":"1683126","fromID":"1279035","toID":"1144162","formEdgeID":null},{"edgeID":"1683127","fromID":"1279037","toID":"1279036","formEdgeID":null},{"edgeID":"1683128","fromID":"1279038","toID":"1279037","formEdgeID":null},{"edgeID":"1683129","fromID":"1279036","toID":"1279039","formEdgeID":null},{"edgeID":"1683130","fromID":"1279039","toID":"1144167","formEdgeID":null},{"edgeID":"1683131","fromID":"1279041","toID":"1279040","formEdgeID":null},{"edgeID":"1683132","fromID":"1279042","toID":"1279041","formEdgeID":null},{"edgeID":"1683133","fromID":"1279040","toID":"1279043","formEdgeID":null},{"edgeID":"1683134","fromID":"1279043","toID":"1144172","formEdgeID":null},{"edgeID":"1683135","fromID":"1279012","toID":"1279044","formEdgeID":null},{"edgeID":"1683136","fromID":"1279044","toID":"1279016","formEdgeID":null},{"edgeID":"1683137","fromID":"1279008","toID":"1279045","formEdgeID":null},{"edgeID":"1683138","fromID":"1279045","toID":"1279012","formEdgeID":null},{"edgeID":"1683139","fromID":"1279016","toID":"1279046","formEdgeID":null},{"edgeID":"1683140","fromID":"1279046","toID":"1279020","formEdgeID":null},{"edgeID":"1683141","fromID":"1144147","toID":"1279047","formEdgeID":null},{"edgeID":"1683142","fromID":"1279047","toID":"1144142","formEdgeID":null},{"edgeID":"1683143","fromID":"1279020","toID":"1279048","formEdgeID":null},{"edgeID":"1683144","fromID":"1279048","toID":"1279024","formEdgeID":null},{"edgeID":"1683145","fromID":"1144157","toID":"1279049","formEdgeID":null},{"edgeID":"1683146","fromID":"1279049","toID":"1144152","formEdgeID":null},{"edgeID":"1683147","fromID":"1279024","toID":"1279050","formEdgeID":null},{"edgeID":"1683148","fromID":"1279050","toID":"1279028","formEdgeID":null},{"edgeID":"1683149","fromID":"1279028","toID":"1279051","formEdgeID":null},{"edgeID":"1683150","fromID":"1279051","toID":"1279032","formEdgeID":null},{"edgeID":"1683151","fromID":"1144157","toID":"1279052","formEdgeID":null},{"edgeID":"1683152","fromID":"1279052","toID":"1144162","formEdgeID":null},{"edgeID":"1683153","fromID":"1279050","toID":"1279053","formEdgeID":null},{"edgeID":"1683154","fromID":"1279053","toID":"1279049","formEdgeID":null},{"edgeID":"1683155","fromID":"1279046","toID":"1279054","formEdgeID":null},{"edgeID":"1683156","fromID":"1279054","toID":"1279047","formEdgeID":null},{"edgeID":"1683157","fromID":"1279051","toID":"1279055","formEdgeID":null},{"edgeID":"1683158","fromID":"1279055","toID":"1279052","formEdgeID":null},{"edgeID":"1683159","fromID":"1279032","toID":"1279056","formEdgeID":null},{"edgeID":"1683160","fromID":"1279056","toID":"1279036","formEdgeID":null},{"edgeID":"1683161","fromID":"1279036","toID":"1279057","formEdgeID":null},{"edgeID":"1683162","fromID":"1279057","toID":"1279040","formEdgeID":null},{"edgeID":"1683163","fromID":"1144162","toID":"1279058","formEdgeID":null},{"edgeID":"1683164","fromID":"1279058","toID":"1144167","formEdgeID":null},{"edgeID":"1683165","fromID":"1279056","toID":"1279059","formEdgeID":null},{"edgeID":"1683166","fromID":"1279059","toID":"1279058","formEdgeID":null},{"edgeID":"1683167","fromID":"1144172","toID":"1279060","formEdgeID":null},{"edgeID":"1683168","fromID":"1279060","toID":"1144167","formEdgeID":null},{"edgeID":"1683169","fromID":"1279057","toID":"1279061","formEdgeID":null},{"edgeID":"1683170","fromID":"1279061","toID":"1279060","formEdgeID":null},{"edgeID":"1683171","fromID":"1279063","toID":"1279062","formEdgeID":null},{"edgeID":"1683172","fromID":"1279064","toID":"1279063","formEdgeID":null},{"edgeID":"1683173","fromID":"1279062","toID":"1279065","formEdgeID":null},{"edgeID":"1683174","fromID":"1279065","toID":"783760","formEdgeID":null},{"edgeID":"1683175","fromID":"1279040","toID":"1279066","formEdgeID":null},{"edgeID":"1683176","fromID":"1279066","toID":"1279062","formEdgeID":null},{"edgeID":"1683177","fromID":"1279068","toID":"1279067","formEdgeID":null},{"edgeID":"1683178","fromID":"1279069","toID":"1279068","formEdgeID":null},{"edgeID":"1683179","fromID":"1279067","toID":"1279070","formEdgeID":null},{"edgeID":"1683180","fromID":"1279070","toID":"1144199","formEdgeID":null},{"edgeID":"1683181","fromID":"1279072","toID":"1279071","formEdgeID":null},{"edgeID":"1683182","fromID":"1279073","toID":"1279072","formEdgeID":null},{"edgeID":"1683183","fromID":"1279071","toID":"1279074","formEdgeID":null},{"edgeID":"1683184","fromID":"1279074","toID":"1144204","formEdgeID":null},{"edgeID":"1683185","fromID":"1279062","toID":"1279075","formEdgeID":null},{"edgeID":"1683186","fromID":"1279075","toID":"1279067","formEdgeID":null},{"edgeID":"1683187","fromID":"1279067","toID":"1279076","formEdgeID":null},{"edgeID":"1683188","fromID":"1279076","toID":"1279071","formEdgeID":null},{"edgeID":"1683189","fromID":"1144204","toID":"1279077","formEdgeID":null},{"edgeID":"1683190","fromID":"1279077","toID":"1144199","formEdgeID":null},{"edgeID":"1683191","fromID":"1279076","toID":"1279078","formEdgeID":null},{"edgeID":"1683192","fromID":"1279078","toID":"1279077","formEdgeID":null},{"edgeID":"1683193","fromID":"1279080","toID":"1279079","formEdgeID":null},{"edgeID":"1683194","fromID":"1279081","toID":"1279080","formEdgeID":null},{"edgeID":"1683195","fromID":"1279079","toID":"1279082","formEdgeID":null},{"edgeID":"1683196","fromID":"1279082","toID":"1144213","formEdgeID":null},{"edgeID":"1683197","fromID":"1279084","toID":"1279083","formEdgeID":null},{"edgeID":"1683198","fromID":"1279085","toID":"1279084","formEdgeID":null},{"edgeID":"1683199","fromID":"1279083","toID":"1279086","formEdgeID":null},{"edgeID":"1683200","fromID":"1279086","toID":"1144218","formEdgeID":null},{"edgeID":"1683201","fromID":"1279088","toID":"1279087","formEdgeID":null},{"edgeID":"1683202","fromID":"1279089","toID":"1279088","formEdgeID":null},{"edgeID":"1683203","fromID":"1279087","toID":"1279090","formEdgeID":null},{"edgeID":"1683204","fromID":"1279090","toID":"1144223","formEdgeID":null},{"edgeID":"1683205","fromID":"1279092","toID":"1279091","formEdgeID":null},{"edgeID":"1683206","fromID":"1279093","toID":"1279092","formEdgeID":null},{"edgeID":"1683207","fromID":"1279091","toID":"1279094","formEdgeID":null},{"edgeID":"1683208","fromID":"1279094","toID":"783786","formEdgeID":null},{"edgeID":"1683209","fromID":"1279096","toID":"1279095","formEdgeID":null},{"edgeID":"1683210","fromID":"1279097","toID":"1279096","formEdgeID":null},{"edgeID":"1683211","fromID":"1279095","toID":"1279098","formEdgeID":null},{"edgeID":"1683212","fromID":"1279098","toID":"1144231","formEdgeID":null},{"edgeID":"1683213","fromID":"1279100","toID":"1279099","formEdgeID":null},{"edgeID":"1683214","fromID":"1279101","toID":"1279100","formEdgeID":null},{"edgeID":"1683215","fromID":"1279099","toID":"1279102","formEdgeID":null},{"edgeID":"1683216","fromID":"1279102","toID":"1144236","formEdgeID":null},{"edgeID":"1683217","fromID":"1279104","toID":"1279103","formEdgeID":null},{"edgeID":"1683218","fromID":"1279105","toID":"1279104","formEdgeID":null},{"edgeID":"1683219","fromID":"1279103","toID":"1279106","formEdgeID":null},{"edgeID":"1683220","fromID":"1279106","toID":"783767","formEdgeID":null},{"edgeID":"1683221","fromID":"1279108","toID":"1279107","formEdgeID":null},{"edgeID":"1683222","fromID":"1279109","toID":"1279108","formEdgeID":null},{"edgeID":"1683223","fromID":"1279107","toID":"1279110","formEdgeID":null},{"edgeID":"1683224","fromID":"1279110","toID":"1144244","formEdgeID":null},{"edgeID":"1683225","fromID":"1279071","toID":"1279111","formEdgeID":null},{"edgeID":"1683226","fromID":"1279111","toID":"1279079","formEdgeID":null},{"edgeID":"1683227","fromID":"1279079","toID":"1279112","formEdgeID":null},{"edgeID":"1683228","fromID":"1279112","toID":"1279083","formEdgeID":null},{"edgeID":"1683229","fromID":"1279083","toID":"1279113","formEdgeID":null},{"edgeID":"1683230","fromID":"1279113","toID":"1279087","formEdgeID":null},{"edgeID":"1683231","fromID":"1144218","toID":"1279114","formEdgeID":null},{"edgeID":"1683232","fromID":"1279114","toID":"1144223","formEdgeID":null},{"edgeID":"1683233","fromID":"1279113","toID":"1279115","formEdgeID":null},{"edgeID":"1683234","fromID":"1279115","toID":"1279114","formEdgeID":null},{"edgeID":"1683235","fromID":"1279087","toID":"1279116","formEdgeID":null},{"edgeID":"1683236","fromID":"1279116","toID":"1279091","formEdgeID":null},{"edgeID":"1683237","fromID":"1279091","toID":"1279117","formEdgeID":null},{"edgeID":"1683238","fromID":"1279117","toID":"1279095","formEdgeID":null},{"edgeID":"1683239","fromID":"1279095","toID":"1279118","formEdgeID":null},{"edgeID":"1683240","fromID":"1279118","toID":"1279099","formEdgeID":null},{"edgeID":"1683241","fromID":"1279099","toID":"1279119","formEdgeID":null},{"edgeID":"1683242","fromID":"1279119","toID":"1279103","formEdgeID":null},{"edgeID":"1683243","fromID":"1144231","toID":"1279120","formEdgeID":null},{"edgeID":"1683244","fromID":"1279120","toID":"783786","formEdgeID":null},{"edgeID":"1683245","fromID":"1144236","toID":"1279121","formEdgeID":null},{"edgeID":"1683246","fromID":"1279121","toID":"1144231","formEdgeID":null},{"edgeID":"1683247","fromID":"1144236","toID":"1279122","formEdgeID":null},{"edgeID":"1683248","fromID":"1279122","toID":"783767","formEdgeID":null},{"edgeID":"1683249","fromID":"1279117","toID":"1279123","formEdgeID":null},{"edgeID":"1683250","fromID":"1279123","toID":"1279120","formEdgeID":null},{"edgeID":"1683251","fromID":"1279118","toID":"1279124","formEdgeID":null},{"edgeID":"1683252","fromID":"1279124","toID":"1279121","formEdgeID":null},{"edgeID":"1683253","fromID":"1279119","toID":"1279125","formEdgeID":null},{"edgeID":"1683254","fromID":"1279125","toID":"1279122","formEdgeID":null},{"edgeID":"1683255","fromID":"1279103","toID":"1279126","formEdgeID":null},{"edgeID":"1683256","fromID":"1279126","toID":"1279107","formEdgeID":null},{"edgeID":"1683257","fromID":"1144244","toID":"1279127","formEdgeID":null},{"edgeID":"1683258","fromID":"1279127","toID":"783767","formEdgeID":null},{"edgeID":"1683259","fromID":"1279126","toID":"1279128","formEdgeID":null},{"edgeID":"1683260","fromID":"1279128","toID":"1279127","formEdgeID":null}],"locutions":[]}