{"nodes":[{"nodeID":"783899","text":"something like 40 percent of Nobel Prize winners win in a country which is not their country of origin","type":"I","timestamp":"2021-12-09 20:52:44"},{"nodeID":"1281921","text":"now the refugees are xxx","type":"I","timestamp":"2023-11-09 12:29:53"},{"nodeID":"1281922","text":"Thangam Debonnaire: You know what they are doing now","type":"L","timestamp":"2023-11-09 12:29:53"},{"nodeID":"1281923","text":"Analysing","type":"YA","timestamp":"2023-11-09 12:29:53"},{"nodeID":"1281924","text":"Louise: Thangam Debonnaire: You know what they are doing now","type":"L","timestamp":"2023-11-09 12:29:53"},{"nodeID":"1281925","text":"Pure Challenging","type":"YA","timestamp":"2023-11-09 12:29:53"},{"nodeID":"1281926","text":"the refugees are desperate","type":"I","timestamp":"2023-11-09 12:29:54"},{"nodeID":"1281927","text":"Thangam Debonnaire: They are desperate","type":"L","timestamp":"2023-11-09 12:29:54"},{"nodeID":"1281928","text":"Analysing","type":"YA","timestamp":"2023-11-09 12:29:54"},{"nodeID":"1281929","text":"Louise: Thangam Debonnaire: They are desperate","type":"L","timestamp":"2023-11-09 12:29:54"},{"nodeID":"1281930","text":"Asserting","type":"YA","timestamp":"2023-11-09 12:29:54"},{"nodeID":"1281931","text":"Default Transition","type":"TA","timestamp":"2023-11-09 12:29:54"},{"nodeID":"1281932","text":"the refugees are trying to get to the UK","type":"I","timestamp":"2023-11-09 12:29:55"},{"nodeID":"1281933","text":"Thangam Debonnaire: They are trying to get here","type":"L","timestamp":"2023-11-09 12:29:55"},{"nodeID":"1281934","text":"Analysing","type":"YA","timestamp":"2023-11-09 12:29:55"},{"nodeID":"1281935","text":"Louise: Thangam Debonnaire: They are trying to get here","type":"L","timestamp":"2023-11-09 12:29:55"},{"nodeID":"1281936","text":"Asserting","type":"YA","timestamp":"2023-11-09 12:29:55"},{"nodeID":"1281937","text":"Default Rephrase","type":"MA","timestamp":"2023-11-09 12:29:55"},{"nodeID":"1281938","text":"Default Transition","type":"TA","timestamp":"2023-11-09 12:29:55"},{"nodeID":"1281939","text":"Default Illocuting","type":"YA","timestamp":"2023-11-09 12:29:55"},{"nodeID":"1281940","text":"the refugees want to be with their families","type":"I","timestamp":"2023-11-09 12:29:55"},{"nodeID":"1281941","text":"Thangam Debonnaire: they want to be with their families","type":"L","timestamp":"2023-11-09 12:29:55"},{"nodeID":"1281942","text":"Analysing","type":"YA","timestamp":"2023-11-09 12:29:55"},{"nodeID":"1281943","text":"Louise: Thangam Debonnaire: they want to be with their families","type":"L","timestamp":"2023-11-09 12:29:55"},{"nodeID":"1281944","text":"Asserting","type":"YA","timestamp":"2023-11-09 12:29:55"},{"nodeID":"1281945","text":"Default Inference","type":"RA","timestamp":"2023-11-09 12:29:55"},{"nodeID":"1281946","text":"Default Transition","type":"TA","timestamp":"2023-11-09 12:29:55"},{"nodeID":"1281947","text":"Arguing","type":"YA","timestamp":"2023-11-09 12:29:55"},{"nodeID":"1281948","text":"we should be proud of the fact that people see the UK as a place of sanctuary","type":"I","timestamp":"2023-11-09 12:29:56"},{"nodeID":"1281949","text":"Thangam Debonnaire: we should be proud of the fact that people see this place as a place of sanctuary","type":"L","timestamp":"2023-11-09 12:29:56"},{"nodeID":"1281950","text":"Analysing","type":"YA","timestamp":"2023-11-09 12:29:56"},{"nodeID":"1281951","text":"Louise: Thangam Debonnaire: we should be proud of the fact that people see this place as a place of sanctuary","type":"L","timestamp":"2023-11-09 12:29:56"},{"nodeID":"1281952","text":"Asserting","type":"YA","timestamp":"2023-11-09 12:29:56"},{"nodeID":"1281953","text":"Default Transition","type":"TA","timestamp":"2023-11-09 12:29:56"},{"nodeID":"1281954","text":"we should be proud people see the UK has a place of sanctuary","type":"I","timestamp":"2023-11-09 12:29:56"},{"nodeID":"1281955","text":"Thangam Debonnaire: We should be proud of that","type":"L","timestamp":"2023-11-09 12:29:56"},{"nodeID":"1281956","text":"Analysing","type":"YA","timestamp":"2023-11-09 12:29:56"},{"nodeID":"1281957","text":"Louise: Thangam Debonnaire: We should be proud of that","type":"L","timestamp":"2023-11-09 12:29:56"},{"nodeID":"1281958","text":"Asserting","type":"YA","timestamp":"2023-11-09 12:29:56"},{"nodeID":"1281959","text":"Default Rephrase","type":"MA","timestamp":"2023-11-09 12:29:56"},{"nodeID":"1281960","text":"Default Transition","type":"TA","timestamp":"2023-11-09 12:29:56"},{"nodeID":"1281961","text":"Restating","type":"YA","timestamp":"2023-11-09 12:29:56"},{"nodeID":"1281962","text":"we need safe and legal routes for refugees","type":"I","timestamp":"2023-11-09 12:29:57"},{"nodeID":"1281963","text":"Thangam Debonnaire:  we need safe and legal routes","type":"L","timestamp":"2023-11-09 12:29:57"},{"nodeID":"1281964","text":"Analysing","type":"YA","timestamp":"2023-11-09 12:29:57"},{"nodeID":"1281965","text":"Louise: Thangam Debonnaire:  we need safe and legal routes","type":"L","timestamp":"2023-11-09 12:29:57"},{"nodeID":"1281966","text":"Asserting","type":"YA","timestamp":"2023-11-09 12:29:57"},{"nodeID":"1281967","text":"Default Transition","type":"TA","timestamp":"2023-11-09 12:29:57"},{"nodeID":"1281968","text":"bust the traffickers and restore the cuts to overseas aid","type":"I","timestamp":"2023-11-09 12:29:57"},{"nodeID":"1281969","text":"Thangam Debonnaire:  bust the traffickers and restore the cuts to overseas aid","type":"L","timestamp":"2023-11-09 12:29:57"},{"nodeID":"1281970","text":"Analysing","type":"YA","timestamp":"2023-11-09 12:29:57"},{"nodeID":"1281971","text":"Louise: Thangam Debonnaire:  bust the traffickers and restore the cuts to overseas aid","type":"L","timestamp":"2023-11-09 12:29:57"},{"nodeID":"1281972","text":"Asserting","type":"YA","timestamp":"2023-11-09 12:29:57"},{"nodeID":"1281973","text":"Default Inference","type":"RA","timestamp":"2023-11-09 12:29:57"},{"nodeID":"1281974","text":"Default Transition","type":"TA","timestamp":"2023-11-09 12:29:57"},{"nodeID":"1281975","text":"Arguing","type":"YA","timestamp":"2023-11-09 12:29:57"},{"nodeID":"1281976","text":"we could bust the traffickers and restore the cuts to overseas aid now","type":"I","timestamp":"2023-11-09 12:29:58"},{"nodeID":"1281977","text":"Thangam Debonnaire: We could do all those things now","type":"L","timestamp":"2023-11-09 12:29:58"},{"nodeID":"1281978","text":"Analysing","type":"YA","timestamp":"2023-11-09 12:29:58"},{"nodeID":"1281979","text":"Louise: Thangam Debonnaire: We could do all those things now","type":"L","timestamp":"2023-11-09 12:29:58"},{"nodeID":"1281980","text":"Asserting","type":"YA","timestamp":"2023-11-09 12:29:58"},{"nodeID":"1281981","text":"Default Rephrase","type":"MA","timestamp":"2023-11-09 12:29:58"},{"nodeID":"1281982","text":"Default Transition","type":"TA","timestamp":"2023-11-09 12:29:58"},{"nodeID":"1281983","text":"Restating","type":"YA","timestamp":"2023-11-09 12:29:58"},{"nodeID":"1281984","text":"we could bust the traffickers and restore the cutes to overseas aid now","type":"I","timestamp":"2023-11-09 12:29:58"},{"nodeID":"1281985","text":"Thangam Debonnaire: We could do them now","type":"L","timestamp":"2023-11-09 12:29:58"},{"nodeID":"1281986","text":"Analysing","type":"YA","timestamp":"2023-11-09 12:29:58"},{"nodeID":"1281987","text":"Louise: Thangam Debonnaire: We could do them now","type":"L","timestamp":"2023-11-09 12:29:58"},{"nodeID":"1281988","text":"Asserting","type":"YA","timestamp":"2023-11-09 12:29:58"},{"nodeID":"1281989","text":"Default Rephrase","type":"MA","timestamp":"2023-11-09 12:29:58"},{"nodeID":"1281990","text":"Default Transition","type":"TA","timestamp":"2023-11-09 12:29:58"},{"nodeID":"1281991","text":"Restating","type":"YA","timestamp":"2023-11-09 12:29:58"},{"nodeID":"1281992","text":"it is such a shame refugee imigration has become so politicised","type":"I","timestamp":"2023-11-09 12:29:59"},{"nodeID":"1281993","text":"Peter Openshaw: it is such a shame this has become so politicised","type":"L","timestamp":"2023-11-09 12:29:59"},{"nodeID":"1281994","text":"Analysing","type":"YA","timestamp":"2023-11-09 12:29:59"},{"nodeID":"1281995","text":"Louise: Peter Openshaw: it is such a shame this has become so politicised","type":"L","timestamp":"2023-11-09 12:29:59"},{"nodeID":"1281996","text":"Asserting","type":"YA","timestamp":"2023-11-09 12:29:59"},{"nodeID":"1281997","text":"Default Transition","type":"TA","timestamp":"2023-11-09 12:29:59"},{"nodeID":"1281998","text":"Peter Openshaw quite agrees that this is really a humanitarian issue","type":"I","timestamp":"2023-11-09 12:30:00"},{"nodeID":"1281999","text":"Peter Openshaw: I quite agree that this is really a humanitarian issue","type":"L","timestamp":"2023-11-09 12:30:00"},{"nodeID":"1282000","text":"Analysing","type":"YA","timestamp":"2023-11-09 12:30:00"},{"nodeID":"1282001","text":"Louise: Peter Openshaw: I quite agree that this is really a humanitarian issue","type":"L","timestamp":"2023-11-09 12:30:00"},{"nodeID":"1282002","text":"Asserting","type":"YA","timestamp":"2023-11-09 12:30:00"},{"nodeID":"1282003","text":"Default Transition","type":"TA","timestamp":"2023-11-09 12:30:00"},{"nodeID":"1282004","text":"from the point of view of somebody who works in science and universities a lot of our extraordinary talent does come from overseas","type":"I","timestamp":"2023-11-09 12:30:00"},{"nodeID":"1282005","text":"Peter Openshaw: from the point of view of somebody who works in science and universities that a lot of our extraordinary talent does come from overseas","type":"L","timestamp":"2023-11-09 12:30:00"},{"nodeID":"1282006","text":"Analysing","type":"YA","timestamp":"2023-11-09 12:30:00"},{"nodeID":"1282007","text":"Louise: Peter Openshaw: from the point of view of somebody who works in science and universities that a lot of our extraordinary talent does come from overseas","type":"L","timestamp":"2023-11-09 12:30:00"},{"nodeID":"1282008","text":"Asserting","type":"YA","timestamp":"2023-11-09 12:30:00"},{"nodeID":"1282009","text":"Default Inference","type":"RA","timestamp":"2023-11-09 12:30:00"},{"nodeID":"1282010","text":"a lot of the most internationally mobile people are the best talents in terms of innovations, in terms of science","type":"I","timestamp":"2023-11-09 12:30:01"},{"nodeID":"1282011","text":"Peter Openshaw: A lot of the most internationally mobile people are the best talents in terms of innovations, in terms of science","type":"L","timestamp":"2023-11-09 12:30:01"},{"nodeID":"1282012","text":"Analysing","type":"YA","timestamp":"2023-11-09 12:30:01"},{"nodeID":"1282013","text":"Louise: Peter Openshaw: A lot of the most internationally mobile people are the best talents in terms of innovations, in terms of science","type":"L","timestamp":"2023-11-09 12:30:01"},{"nodeID":"1282014","text":"Asserting","type":"YA","timestamp":"2023-11-09 12:30:01"},{"nodeID":"1282015","text":"Default Inference","type":"RA","timestamp":"2023-11-09 12:30:01"},{"nodeID":"1282016","text":"Default Transition","type":"TA","timestamp":"2023-11-09 12:30:01"},{"nodeID":"1282017","text":"Arguing","type":"YA","timestamp":"2023-11-09 12:30:01"},{"nodeID":"1282018","text":"Peter Openshaw: Something like 40 percent of Nobel Prize winners win in a country which is not their country of origin","type":"L","timestamp":"2023-11-09 12:30:01"},{"nodeID":"1282019","text":"Analysing","type":"YA","timestamp":"2023-11-09 12:30:01"},{"nodeID":"1282020","text":"Louise: Peter Openshaw: Something like 40 percent of Nobel Prize winners win in a country which is not their country of origin","type":"L","timestamp":"2023-11-09 12:30:01"},{"nodeID":"1282021","text":"Asserting","type":"YA","timestamp":"2023-11-09 12:30:01"},{"nodeID":"1282022","text":"Default Transition","type":"TA","timestamp":"2023-11-09 12:30:01"},{"nodeID":"1282023","text":"Default Inference","type":"RA","timestamp":"2023-11-09 12:30:01"},{"nodeID":"1282024","text":"Arguing","type":"YA","timestamp":"2023-11-09 12:30:01"},{"nodeID":"1282025","text":"people who move should be applauded and we ought to be finding ways to help them","type":"I","timestamp":"2023-11-09 12:30:02"},{"nodeID":"1282026","text":"Peter Openshaw: People who move should be applauded and we ought to be finding ways to help them","type":"L","timestamp":"2023-11-09 12:30:02"},{"nodeID":"1282027","text":"Analysing","type":"YA","timestamp":"2023-11-09 12:30:02"},{"nodeID":"1282028","text":"Louise: Peter Openshaw: People who move should be applauded and we ought to be finding ways to help them","type":"L","timestamp":"2023-11-09 12:30:02"},{"nodeID":"1282029","text":"Asserting","type":"YA","timestamp":"2023-11-09 12:30:02"},{"nodeID":"1282030","text":"Default Transition","type":"TA","timestamp":"2023-11-09 12:30:02"},{"nodeID":"1282031","text":"Default Inference","type":"RA","timestamp":"2023-11-09 12:30:02"},{"nodeID":"1282032","text":"Arguing","type":"YA","timestamp":"2023-11-09 12:30:02"},{"nodeID":"1282033","text":"in Parliament Wendy Chamberlain met two people seeking asylum","type":"I","timestamp":"2023-11-09 12:30:02"},{"nodeID":"1282034","text":"Wendy Chamberlain: In Parliament I met two people seeking asylum","type":"L","timestamp":"2023-11-09 12:30:02"},{"nodeID":"1282035","text":"Analysing","type":"YA","timestamp":"2023-11-09 12:30:02"},{"nodeID":"1282036","text":"Louise: Wendy Chamberlain: In Parliament I met two people seeking asylum","type":"L","timestamp":"2023-11-09 12:30:02"},{"nodeID":"1282037","text":"Asserting","type":"YA","timestamp":"2023-11-09 12:30:02"},{"nodeID":"1282038","text":"Default Transition","type":"TA","timestamp":"2023-11-09 12:30:02"},{"nodeID":"1282039","text":"the two asylum seekers Wendy met's asylum processes were under way","type":"I","timestamp":"2023-11-09 12:30:03"},{"nodeID":"1282040","text":"Wendy Chamberlain: Their processes were under way","type":"L","timestamp":"2023-11-09 12:30:03"},{"nodeID":"1282041","text":"Analysing","type":"YA","timestamp":"2023-11-09 12:30:03"},{"nodeID":"1282042","text":"Louise: Wendy Chamberlain: Their processes were under way","type":"L","timestamp":"2023-11-09 12:30:03"},{"nodeID":"1282043","text":"Asserting","type":"YA","timestamp":"2023-11-09 12:30:03"},{"nodeID":"1282044","text":"Default Transition","type":"TA","timestamp":"2023-11-09 12:30:03"},{"nodeID":"1282045","text":"Default Inference","type":"RA","timestamp":"2023-11-09 12:30:03"},{"nodeID":"1282046","text":"Arguing","type":"YA","timestamp":"2023-11-09 12:30:03"},{"nodeID":"1282047","text":"one of the asylum seekers was a human resources professional, the other a social worker, and we don't allow them to work","type":"I","timestamp":"2023-11-09 12:30:04"},{"nodeID":"1282048","text":"Wendy Chamberlain: One was a human resources professional, the other a social worker, and we don't allow them to work","type":"L","timestamp":"2023-11-09 12:30:04"},{"nodeID":"1282049","text":"Analysing","type":"YA","timestamp":"2023-11-09 12:30:04"},{"nodeID":"1282050","text":"Louise: Wendy Chamberlain: One was a human resources professional, the other a social worker, and we don't allow them to work","type":"L","timestamp":"2023-11-09 12:30:04"},{"nodeID":"1282051","text":"Asserting","type":"YA","timestamp":"2023-11-09 12:30:04"},{"nodeID":"1282052","text":"Default Transition","type":"TA","timestamp":"2023-11-09 12:30:04"},{"nodeID":"1282053","text":"asylum seekers are people we could have in our supply chains and the government don't let them work","type":"I","timestamp":"2023-11-09 12:30:04"},{"nodeID":"1282054","text":"Wendy Chamberlain: These are people we could have in our supply chains and the government don't let them work","type":"L","timestamp":"2023-11-09 12:30:04"},{"nodeID":"1282055","text":"Analysing","type":"YA","timestamp":"2023-11-09 12:30:04"},{"nodeID":"1282056","text":"Louise: Wendy Chamberlain: These are people we could have in our supply chains and the government don't let them work","type":"L","timestamp":"2023-11-09 12:30:04"},{"nodeID":"1282057","text":"Asserting","type":"YA","timestamp":"2023-11-09 12:30:04"},{"nodeID":"1282058","text":"Default Transition","type":"TA","timestamp":"2023-11-09 12:30:04"},{"nodeID":"1282059","text":"Default Rephrase","type":"MA","timestamp":"2023-11-09 12:30:04"},{"nodeID":"1282060","text":"Restating","type":"YA","timestamp":"2023-11-09 12:30:04"},{"nodeID":"1282061","text":"Default Transition","type":"TA","timestamp":"2023-11-09 12:30:04"},{"nodeID":"1282062","text":"Arguing","type":"YA","timestamp":"2023-11-09 12:30:04"}],"edges":[{"edgeID":"1686745","fromID":"1281923","toID":"1281922","formEdgeID":null},{"edgeID":"1686746","fromID":"1281924","toID":"1281923","formEdgeID":null},{"edgeID":"1686747","fromID":"1281922","toID":"1281925","formEdgeID":null},{"edgeID":"1686748","fromID":"1281925","toID":"1281921","formEdgeID":null},{"edgeID":"1686749","fromID":"1281928","toID":"1281927","formEdgeID":null},{"edgeID":"1686750","fromID":"1281929","toID":"1281928","formEdgeID":null},{"edgeID":"1686751","fromID":"1281927","toID":"1281930","formEdgeID":null},{"edgeID":"1686752","fromID":"1281930","toID":"1281926","formEdgeID":null},{"edgeID":"1686753","fromID":"1281922","toID":"1281931","formEdgeID":null},{"edgeID":"1686754","fromID":"1281931","toID":"1281927","formEdgeID":null},{"edgeID":"1686755","fromID":"1281934","toID":"1281933","formEdgeID":null},{"edgeID":"1686756","fromID":"1281935","toID":"1281934","formEdgeID":null},{"edgeID":"1686757","fromID":"1281933","toID":"1281936","formEdgeID":null},{"edgeID":"1686758","fromID":"1281936","toID":"1281932","formEdgeID":null},{"edgeID":"1686759","fromID":"1281932","toID":"1281937","formEdgeID":null},{"edgeID":"1686760","fromID":"1281937","toID":"1281921","formEdgeID":null},{"edgeID":"1686761","fromID":"1281927","toID":"1281938","formEdgeID":null},{"edgeID":"1686762","fromID":"1281938","toID":"1281933","formEdgeID":null},{"edgeID":"1686763","fromID":"1281938","toID":"1281939","formEdgeID":null},{"edgeID":"1686764","fromID":"1281939","toID":"1281937","formEdgeID":null},{"edgeID":"1686765","fromID":"1281942","toID":"1281941","formEdgeID":null},{"edgeID":"1686766","fromID":"1281943","toID":"1281942","formEdgeID":null},{"edgeID":"1686767","fromID":"1281941","toID":"1281944","formEdgeID":null},{"edgeID":"1686768","fromID":"1281944","toID":"1281940","formEdgeID":null},{"edgeID":"1686769","fromID":"1281940","toID":"1281945","formEdgeID":null},{"edgeID":"1686770","fromID":"1281945","toID":"1281932","formEdgeID":null},{"edgeID":"1686771","fromID":"1281926","toID":"1281945","formEdgeID":null},{"edgeID":"1686772","fromID":"1281933","toID":"1281946","formEdgeID":null},{"edgeID":"1686773","fromID":"1281946","toID":"1281941","formEdgeID":null},{"edgeID":"1686774","fromID":"1281946","toID":"1281947","formEdgeID":null},{"edgeID":"1686775","fromID":"1281947","toID":"1281945","formEdgeID":null},{"edgeID":"1686776","fromID":"1281950","toID":"1281949","formEdgeID":null},{"edgeID":"1686777","fromID":"1281951","toID":"1281950","formEdgeID":null},{"edgeID":"1686778","fromID":"1281949","toID":"1281952","formEdgeID":null},{"edgeID":"1686779","fromID":"1281952","toID":"1281948","formEdgeID":null},{"edgeID":"1686780","fromID":"1281941","toID":"1281953","formEdgeID":null},{"edgeID":"1686781","fromID":"1281953","toID":"1281949","formEdgeID":null},{"edgeID":"1686782","fromID":"1281956","toID":"1281955","formEdgeID":null},{"edgeID":"1686783","fromID":"1281957","toID":"1281956","formEdgeID":null},{"edgeID":"1686784","fromID":"1281955","toID":"1281958","formEdgeID":null},{"edgeID":"1686785","fromID":"1281958","toID":"1281954","formEdgeID":null},{"edgeID":"1686786","fromID":"1281954","toID":"1281959","formEdgeID":null},{"edgeID":"1686787","fromID":"1281959","toID":"1281948","formEdgeID":null},{"edgeID":"1686788","fromID":"1281949","toID":"1281960","formEdgeID":null},{"edgeID":"1686789","fromID":"1281960","toID":"1281955","formEdgeID":null},{"edgeID":"1686790","fromID":"1281960","toID":"1281961","formEdgeID":null},{"edgeID":"1686791","fromID":"1281961","toID":"1281959","formEdgeID":null},{"edgeID":"1686792","fromID":"1281964","toID":"1281963","formEdgeID":null},{"edgeID":"1686793","fromID":"1281965","toID":"1281964","formEdgeID":null},{"edgeID":"1686794","fromID":"1281963","toID":"1281966","formEdgeID":null},{"edgeID":"1686795","fromID":"1281966","toID":"1281962","formEdgeID":null},{"edgeID":"1686796","fromID":"1281955","toID":"1281967","formEdgeID":null},{"edgeID":"1686797","fromID":"1281967","toID":"1281963","formEdgeID":null},{"edgeID":"1686798","fromID":"1281970","toID":"1281969","formEdgeID":null},{"edgeID":"1686799","fromID":"1281971","toID":"1281970","formEdgeID":null},{"edgeID":"1686800","fromID":"1281969","toID":"1281972","formEdgeID":null},{"edgeID":"1686801","fromID":"1281972","toID":"1281968","formEdgeID":null},{"edgeID":"1686802","fromID":"1281962","toID":"1281973","formEdgeID":null},{"edgeID":"1686803","fromID":"1281973","toID":"1281968","formEdgeID":null},{"edgeID":"1686804","fromID":"1281963","toID":"1281974","formEdgeID":null},{"edgeID":"1686805","fromID":"1281974","toID":"1281969","formEdgeID":null},{"edgeID":"1686806","fromID":"1281974","toID":"1281975","formEdgeID":null},{"edgeID":"1686807","fromID":"1281975","toID":"1281973","formEdgeID":null},{"edgeID":"1686808","fromID":"1281978","toID":"1281977","formEdgeID":null},{"edgeID":"1686809","fromID":"1281979","toID":"1281978","formEdgeID":null},{"edgeID":"1686810","fromID":"1281977","toID":"1281980","formEdgeID":null},{"edgeID":"1686811","fromID":"1281980","toID":"1281976","formEdgeID":null},{"edgeID":"1686812","fromID":"1281976","toID":"1281981","formEdgeID":null},{"edgeID":"1686813","fromID":"1281981","toID":"1281968","formEdgeID":null},{"edgeID":"1686814","fromID":"1281969","toID":"1281982","formEdgeID":null},{"edgeID":"1686815","fromID":"1281982","toID":"1281977","formEdgeID":null},{"edgeID":"1686816","fromID":"1281982","toID":"1281983","formEdgeID":null},{"edgeID":"1686817","fromID":"1281983","toID":"1281981","formEdgeID":null},{"edgeID":"1686818","fromID":"1281986","toID":"1281985","formEdgeID":null},{"edgeID":"1686819","fromID":"1281987","toID":"1281986","formEdgeID":null},{"edgeID":"1686820","fromID":"1281985","toID":"1281988","formEdgeID":null},{"edgeID":"1686821","fromID":"1281988","toID":"1281984","formEdgeID":null},{"edgeID":"1686822","fromID":"1281984","toID":"1281989","formEdgeID":null},{"edgeID":"1686823","fromID":"1281989","toID":"1281976","formEdgeID":null},{"edgeID":"1686824","fromID":"1281977","toID":"1281990","formEdgeID":null},{"edgeID":"1686825","fromID":"1281990","toID":"1281985","formEdgeID":null},{"edgeID":"1686826","fromID":"1281990","toID":"1281991","formEdgeID":null},{"edgeID":"1686827","fromID":"1281991","toID":"1281989","formEdgeID":null},{"edgeID":"1686828","fromID":"1281994","toID":"1281993","formEdgeID":null},{"edgeID":"1686829","fromID":"1281995","toID":"1281994","formEdgeID":null},{"edgeID":"1686830","fromID":"1281993","toID":"1281996","formEdgeID":null},{"edgeID":"1686831","fromID":"1281996","toID":"1281992","formEdgeID":null},{"edgeID":"1686832","fromID":"1281985","toID":"1281997","formEdgeID":null},{"edgeID":"1686833","fromID":"1281997","toID":"1281993","formEdgeID":null},{"edgeID":"1686834","fromID":"1282000","toID":"1281999","formEdgeID":null},{"edgeID":"1686835","fromID":"1282001","toID":"1282000","formEdgeID":null},{"edgeID":"1686836","fromID":"1281999","toID":"1282002","formEdgeID":null},{"edgeID":"1686837","fromID":"1282002","toID":"1281998","formEdgeID":null},{"edgeID":"1686838","fromID":"1281993","toID":"1282003","formEdgeID":null},{"edgeID":"1686839","fromID":"1282003","toID":"1281999","formEdgeID":null},{"edgeID":"1686840","fromID":"1282006","toID":"1282005","formEdgeID":null},{"edgeID":"1686841","fromID":"1282007","toID":"1282006","formEdgeID":null},{"edgeID":"1686842","fromID":"1282005","toID":"1282008","formEdgeID":null},{"edgeID":"1686843","fromID":"1282008","toID":"1282004","formEdgeID":null},{"edgeID":"1686844","fromID":"1282004","toID":"1282009","formEdgeID":null},{"edgeID":"1686845","fromID":"1282009","toID":"1281992","formEdgeID":null},{"edgeID":"1686846","fromID":"1282012","toID":"1282011","formEdgeID":null},{"edgeID":"1686847","fromID":"1282013","toID":"1282012","formEdgeID":null},{"edgeID":"1686848","fromID":"1282011","toID":"1282014","formEdgeID":null},{"edgeID":"1686849","fromID":"1282014","toID":"1282010","formEdgeID":null},{"edgeID":"1686850","fromID":"1282010","toID":"1282015","formEdgeID":null},{"edgeID":"1686851","fromID":"1282015","toID":"1282004","formEdgeID":null},{"edgeID":"1686852","fromID":"1282005","toID":"1282016","formEdgeID":null},{"edgeID":"1686853","fromID":"1282016","toID":"1282011","formEdgeID":null},{"edgeID":"1686854","fromID":"1282016","toID":"1282017","formEdgeID":null},{"edgeID":"1686855","fromID":"1282017","toID":"1282015","formEdgeID":null},{"edgeID":"1686856","fromID":"1282019","toID":"1282018","formEdgeID":null},{"edgeID":"1686857","fromID":"1282020","toID":"1282019","formEdgeID":null},{"edgeID":"1686858","fromID":"1282018","toID":"1282021","formEdgeID":null},{"edgeID":"1686859","fromID":"1282021","toID":"783899","formEdgeID":null},{"edgeID":"1686860","fromID":"1282011","toID":"1282022","formEdgeID":null},{"edgeID":"1686861","fromID":"1282022","toID":"1282018","formEdgeID":null},{"edgeID":"1686862","fromID":"1282010","toID":"1282023","formEdgeID":null},{"edgeID":"1686863","fromID":"1282023","toID":"783899","formEdgeID":null},{"edgeID":"1686864","fromID":"1282022","toID":"1282024","formEdgeID":null},{"edgeID":"1686865","fromID":"1282024","toID":"1282023","formEdgeID":null},{"edgeID":"1686866","fromID":"1282027","toID":"1282026","formEdgeID":null},{"edgeID":"1686867","fromID":"1282028","toID":"1282027","formEdgeID":null},{"edgeID":"1686868","fromID":"1282026","toID":"1282029","formEdgeID":null},{"edgeID":"1686869","fromID":"1282029","toID":"1282025","formEdgeID":null},{"edgeID":"1686870","fromID":"1282018","toID":"1282030","formEdgeID":null},{"edgeID":"1686871","fromID":"1282030","toID":"1282026","formEdgeID":null},{"edgeID":"1686872","fromID":"783899","toID":"1282031","formEdgeID":null},{"edgeID":"1686873","fromID":"1282031","toID":"1282025","formEdgeID":null},{"edgeID":"1686874","fromID":"1282030","toID":"1282032","formEdgeID":null},{"edgeID":"1686875","fromID":"1282032","toID":"1282031","formEdgeID":null},{"edgeID":"1686876","fromID":"1282035","toID":"1282034","formEdgeID":null},{"edgeID":"1686877","fromID":"1282036","toID":"1282035","formEdgeID":null},{"edgeID":"1686878","fromID":"1282034","toID":"1282037","formEdgeID":null},{"edgeID":"1686879","fromID":"1282037","toID":"1282033","formEdgeID":null},{"edgeID":"1686880","fromID":"1282026","toID":"1282038","formEdgeID":null},{"edgeID":"1686881","fromID":"1282038","toID":"1282034","formEdgeID":null},{"edgeID":"1686882","fromID":"1282041","toID":"1282040","formEdgeID":null},{"edgeID":"1686883","fromID":"1282042","toID":"1282041","formEdgeID":null},{"edgeID":"1686884","fromID":"1282040","toID":"1282043","formEdgeID":null},{"edgeID":"1686885","fromID":"1282043","toID":"1282039","formEdgeID":null},{"edgeID":"1686886","fromID":"1282034","toID":"1282044","formEdgeID":null},{"edgeID":"1686887","fromID":"1282044","toID":"1282040","formEdgeID":null},{"edgeID":"1686888","fromID":"1282039","toID":"1282045","formEdgeID":null},{"edgeID":"1686889","fromID":"1282045","toID":"1282033","formEdgeID":null},{"edgeID":"1686890","fromID":"1282044","toID":"1282046","formEdgeID":null},{"edgeID":"1686891","fromID":"1282046","toID":"1282045","formEdgeID":null},{"edgeID":"1686892","fromID":"1282049","toID":"1282048","formEdgeID":null},{"edgeID":"1686893","fromID":"1282050","toID":"1282049","formEdgeID":null},{"edgeID":"1686894","fromID":"1282048","toID":"1282051","formEdgeID":null},{"edgeID":"1686895","fromID":"1282051","toID":"1282047","formEdgeID":null},{"edgeID":"1686896","fromID":"1282040","toID":"1282052","formEdgeID":null},{"edgeID":"1686897","fromID":"1282052","toID":"1282048","formEdgeID":null},{"edgeID":"1686898","fromID":"1282055","toID":"1282054","formEdgeID":null},{"edgeID":"1686899","fromID":"1282056","toID":"1282055","formEdgeID":null},{"edgeID":"1686900","fromID":"1282054","toID":"1282057","formEdgeID":null},{"edgeID":"1686901","fromID":"1282057","toID":"1282053","formEdgeID":null},{"edgeID":"1686902","fromID":"1282048","toID":"1282058","formEdgeID":null},{"edgeID":"1686903","fromID":"1282058","toID":"1282054","formEdgeID":null},{"edgeID":"1686904","fromID":"1282053","toID":"1282059","formEdgeID":null},{"edgeID":"1686905","fromID":"1282059","toID":"1282047","formEdgeID":null},{"edgeID":"1686906","fromID":"1282058","toID":"1282060","formEdgeID":null},{"edgeID":"1686907","fromID":"1282060","toID":"1282059","formEdgeID":null},{"edgeID":"1686908","fromID":"1281993","toID":"1282061","formEdgeID":null},{"edgeID":"1686909","fromID":"1282061","toID":"1282005","formEdgeID":null},{"edgeID":"1686910","fromID":"1282061","toID":"1282062","formEdgeID":null},{"edgeID":"1686911","fromID":"1282062","toID":"1282009","formEdgeID":null}],"locutions":[]}