{"nodes":[{"nodeID":"783819","text":"with regards to the economy, we do need to keep the economy going","type":"I","timestamp":"2021-12-09 20:52:17"},{"nodeID":"783826","text":"it does not make sense the UK government mandated for face coverings just in shops and on transport","type":"I","timestamp":"2021-12-09 20:52:19"},{"nodeID":"783840","text":"Maggie Throup does or does not believe that all nonessential travel should be postponed until spring","type":"I","timestamp":"2021-12-09 20:52:24"},{"nodeID":"1281359","text":"Analysing","type":"YA","timestamp":"2023-11-09 12:29:07"},{"nodeID":"1281360","text":"Calum: Fiona Bruce: the question is from Paul, do you believe all nonessential travel should be postponed until spring","type":"L","timestamp":"2023-11-09 12:29:07"},{"nodeID":"1281361","text":"Fiona Bruce: the question is from Paul, do you believe all nonessential travel should be postponed until spring","type":"L","timestamp":"2023-11-09 12:29:07"},{"nodeID":"1281362","text":"AudienceMember 20211209QT12: do you believe all nonessential travel should be postponed until spring","type":"L","timestamp":"2023-11-09 12:29:07"},{"nodeID":"1281363","text":"Calum: Unknown Speaker: the question is from Paul, do you believe all nonessential travel should be postponed until spring","type":"L","timestamp":"2023-11-09 12:29:07"},{"nodeID":"1281364","text":"Analysing","type":"YA","timestamp":"2023-11-09 12:29:07"},{"nodeID":"1281365","text":"Pure Questioning","type":"YA","timestamp":"2023-11-09 12:29:07"},{"nodeID":"1281366","text":"Asserting","type":"YA","timestamp":"2023-11-09 12:29:07"},{"nodeID":"1281367","text":"we heard a lot of other questions about vaccinations being sent abroad","type":"I","timestamp":"2023-11-09 12:29:08"},{"nodeID":"1281368","text":"Fiona Bruce: We heard a lot of other questions about vaccinations being sent abroad","type":"L","timestamp":"2023-11-09 12:29:08"},{"nodeID":"1281369","text":"Analysing","type":"YA","timestamp":"2023-11-09 12:29:08"},{"nodeID":"1281370","text":"Calum: Fiona Bruce: We heard a lot of other questions about vaccinations being sent abroad","type":"L","timestamp":"2023-11-09 12:29:08"},{"nodeID":"1281371","text":"Asserting","type":"YA","timestamp":"2023-11-09 12:29:08"},{"nodeID":"1281372","text":"we heard questions about making it clear what countries are and are not on the red list","type":"I","timestamp":"2023-11-09 12:29:08"},{"nodeID":"1281373","text":"Fiona Bruce: making it clear what countries are and are not on the red list","type":"L","timestamp":"2023-11-09 12:29:08"},{"nodeID":"1281374","text":"Analysing","type":"YA","timestamp":"2023-11-09 12:29:08"},{"nodeID":"1281375","text":"Calum: Fiona Bruce: making it clear what countries are and are not on the red list","type":"L","timestamp":"2023-11-09 12:29:08"},{"nodeID":"1281376","text":"Asserting","type":"YA","timestamp":"2023-11-09 12:29:08"},{"nodeID":"1281377","text":"Default Transition","type":"TA","timestamp":"2023-11-09 12:29:08"},{"nodeID":"1281378","text":"Default Transition","type":"TA","timestamp":"2023-11-09 12:29:08"},{"nodeID":"1281379","text":"we should not cancel unessential travel until spring","type":"I","timestamp":"2023-11-09 12:29:09"},{"nodeID":"1281380","text":"Maggie Throup: I don't think we should cancel unessential travel until spring","type":"L","timestamp":"2023-11-09 12:29:09"},{"nodeID":"1281381","text":"Analysing","type":"YA","timestamp":"2023-11-09 12:29:09"},{"nodeID":"1281382","text":"Calum: Maggie Throup: I don't think we should cancel unessential travel until spring","type":"L","timestamp":"2023-11-09 12:29:09"},{"nodeID":"1281383","text":"Asserting","type":"YA","timestamp":"2023-11-09 12:29:09"},{"nodeID":"1281384","text":"we should not cancel unnessential travel until spring at all","type":"I","timestamp":"2023-11-09 12:29:09"},{"nodeID":"1281385","text":"Maggie Throup: not at all","type":"L","timestamp":"2023-11-09 12:29:09"},{"nodeID":"1281386","text":"Analysing","type":"YA","timestamp":"2023-11-09 12:29:09"},{"nodeID":"1281387","text":"Calum: Maggie Throup: not at all","type":"L","timestamp":"2023-11-09 12:29:09"},{"nodeID":"1281388","text":"Asserting","type":"YA","timestamp":"2023-11-09 12:29:09"},{"nodeID":"1281389","text":"the UK government took decisive action to put 10 countries on the red list very quickly","type":"I","timestamp":"2023-11-09 12:29:10"},{"nodeID":"1281390","text":"Maggie Throup: We took decisive action to put 10 countries on the red list very quickly","type":"L","timestamp":"2023-11-09 12:29:10"},{"nodeID":"1281391","text":"Calum: Maggie Throup: We took decisive action to put 10 countries on the red list very quickly","type":"L","timestamp":"2023-11-09 12:29:10"},{"nodeID":"1281392","text":"Analysing","type":"YA","timestamp":"2023-11-09 12:29:10"},{"nodeID":"1281393","text":"Asserting","type":"YA","timestamp":"2023-11-09 12:29:10"},{"nodeID":"1281394","text":"those who have been to a country on the red list have to go to managed quarantine","type":"I","timestamp":"2023-11-09 12:29:11"},{"nodeID":"1281395","text":"Maggie Throup: Those who have been to the country have to go to managed quarantine","type":"L","timestamp":"2023-11-09 12:29:11"},{"nodeID":"1281396","text":"Analysing","type":"YA","timestamp":"2023-11-09 12:29:11"},{"nodeID":"1281397","text":"Calum: Maggie Throup: Those who have been to the country have to go to managed quarantine","type":"L","timestamp":"2023-11-09 12:29:11"},{"nodeID":"1281398","text":"Asserting","type":"YA","timestamp":"2023-11-09 12:29:11"},{"nodeID":"1281399","text":"Default Transition","type":"TA","timestamp":"2023-11-09 12:29:11"},{"nodeID":"1281400","text":"Default Rephrase","type":"MA","timestamp":"2023-11-09 12:29:11"},{"nodeID":"1281401","text":"Restating","type":"YA","timestamp":"2023-11-09 12:29:11"},{"nodeID":"1281402","text":"Default Rephrase","type":"MA","timestamp":"2023-11-09 12:29:11"},{"nodeID":"1281403","text":"Default Transition","type":"TA","timestamp":"2023-11-09 12:29:11"},{"nodeID":"1281404","text":"Default Illocuting","type":"YA","timestamp":"2023-11-09 12:29:11"},{"nodeID":"1281405","text":"Default Transition","type":"TA","timestamp":"2023-11-09 12:29:11"},{"nodeID":"1281406","text":"Default Inference","type":"RA","timestamp":"2023-11-09 12:29:11"},{"nodeID":"1281407","text":"Default Transition","type":"TA","timestamp":"2023-11-09 12:29:11"},{"nodeID":"1281408","text":"Arguing","type":"YA","timestamp":"2023-11-09 12:29:11"},{"nodeID":"1281409","text":"the point about testing is xxx","type":"I","timestamp":"2023-11-09 12:29:11"},{"nodeID":"1281410","text":"Fiona Bruce: What about the point about testing","type":"L","timestamp":"2023-11-09 12:29:11"},{"nodeID":"1281411","text":"Analysing","type":"YA","timestamp":"2023-11-09 12:29:11"},{"nodeID":"1281412","text":"Calum: Fiona Bruce: What about the point about testing","type":"L","timestamp":"2023-11-09 12:29:11"},{"nodeID":"1281413","text":"Pure Questioning","type":"YA","timestamp":"2023-11-09 12:29:11"},{"nodeID":"1281414","text":"Default Transition","type":"TA","timestamp":"2023-11-09 12:29:11"},{"nodeID":"1281415","text":"Labour's point is about PCR tests","type":"I","timestamp":"2023-11-09 12:29:12"},{"nodeID":"1281416","text":"Fiona Bruce: Labour's point is about PCR tests","type":"L","timestamp":"2023-11-09 12:29:12"},{"nodeID":"1281417","text":"Analysing","type":"YA","timestamp":"2023-11-09 12:29:12"},{"nodeID":"1281418","text":"Calum: Fiona Bruce: Labour's point is about PCR tests","type":"L","timestamp":"2023-11-09 12:29:12"},{"nodeID":"1281419","text":"Asserting","type":"YA","timestamp":"2023-11-09 12:29:12"},{"nodeID":"1281420","text":"Peter Openshaw talked about the value of testing before people get on a plane","type":"I","timestamp":"2023-11-09 12:29:12"},{"nodeID":"1281421","text":"Fiona Bruce: Peter talked about the value of testing before people get on a plane","type":"L","timestamp":"2023-11-09 12:29:12"},{"nodeID":"1281422","text":"Analysing","type":"YA","timestamp":"2023-11-09 12:29:12"},{"nodeID":"1281423","text":"Calum: Fiona Bruce: Peter talked about the value of testing before people get on a plane","type":"L","timestamp":"2023-11-09 12:29:12"},{"nodeID":"1281424","text":"Asserting","type":"YA","timestamp":"2023-11-09 12:29:12"},{"nodeID":"1281425","text":"Default Transition","type":"TA","timestamp":"2023-11-09 12:29:12"},{"nodeID":"1281426","text":"Default Transition","type":"TA","timestamp":"2023-11-09 12:29:12"},{"nodeID":"1281427","text":"Default Conflict","type":"CA","timestamp":"2023-11-09 12:29:12"},{"nodeID":"1281428","text":"Disagreeing","type":"YA","timestamp":"2023-11-09 12:29:12"},{"nodeID":"1281429","text":"we have to take a balanced approach","type":"I","timestamp":"2023-11-09 12:29:13"},{"nodeID":"1281430","text":"Maggie Throup:  we have to take a balanced approach","type":"L","timestamp":"2023-11-09 12:29:13"},{"nodeID":"1281431","text":"Analysing","type":"YA","timestamp":"2023-11-09 12:29:13"},{"nodeID":"1281432","text":"Calum: Maggie Throup:  we have to take a balanced approach","type":"L","timestamp":"2023-11-09 12:29:13"},{"nodeID":"1281433","text":"Asserting","type":"YA","timestamp":"2023-11-09 12:29:13"},{"nodeID":"1281434","text":"Default Transition","type":"TA","timestamp":"2023-11-09 12:29:13"},{"nodeID":"1281435","text":"testing is one thing the UK government are doing","type":"I","timestamp":"2023-11-09 12:29:13"},{"nodeID":"1281436","text":"Maggie Throup: that's one thing we're doing","type":"L","timestamp":"2023-11-09 12:29:13"},{"nodeID":"1281437","text":"Calum: Maggie Throup: that's one thing we're doing","type":"L","timestamp":"2023-11-09 12:29:13"},{"nodeID":"1281438","text":"Analysing","type":"YA","timestamp":"2023-11-09 12:29:13"},{"nodeID":"1281439","text":"Asserting","type":"YA","timestamp":"2023-11-09 12:29:13"},{"nodeID":"1281440","text":"the UK government took swift action","type":"I","timestamp":"2023-11-09 12:29:14"},{"nodeID":"1281441","text":"Maggie Throup: The way that we took swift action","type":"L","timestamp":"2023-11-09 12:29:14"},{"nodeID":"1281442","text":"Analysing","type":"YA","timestamp":"2023-11-09 12:29:14"},{"nodeID":"1281443","text":"Calum: Maggie Throup: The way that we took swift action","type":"L","timestamp":"2023-11-09 12:29:14"},{"nodeID":"1281444","text":"Asserting","type":"YA","timestamp":"2023-11-09 12:29:14"},{"nodeID":"1281445","text":"the UK government did not wait for the next general review","type":"I","timestamp":"2023-11-09 12:29:15"},{"nodeID":"1281446","text":"Maggie Throup: we didn't wait for the next general review","type":"L","timestamp":"2023-11-09 12:29:15"},{"nodeID":"1281447","text":"Analysing","type":"YA","timestamp":"2023-11-09 12:29:15"},{"nodeID":"1281448","text":"Calum: Maggie Throup: we didn't wait for the next general review","type":"L","timestamp":"2023-11-09 12:29:15"},{"nodeID":"1281449","text":"Asserting","type":"YA","timestamp":"2023-11-09 12:29:15"},{"nodeID":"1281450","text":"the red list is reviewed on a regular basis and the UK government have no hesitation putting more countries on the red list should it be necessary","type":"I","timestamp":"2023-11-09 12:29:15"},{"nodeID":"1281451","text":"Maggie Throup: The red list is reviewed on a regular basis and we'll have no hesitation putting more countries on the red list should it be necessary","type":"L","timestamp":"2023-11-09 12:29:15"},{"nodeID":"1281452","text":"Analysing","type":"YA","timestamp":"2023-11-09 12:29:15"},{"nodeID":"1281453","text":"Calum: Maggie Throup: The red list is reviewed on a regular basis and we'll have no hesitation putting more countries on the red list should it be necessary","type":"L","timestamp":"2023-11-09 12:29:15"},{"nodeID":"1281454","text":"Asserting","type":"YA","timestamp":"2023-11-09 12:29:15"},{"nodeID":"1281455","text":"Maggie Throup: With regards to the economy, we do need to keep the economy going","type":"L","timestamp":"2023-11-09 12:29:16"},{"nodeID":"1281456","text":"Analysing","type":"YA","timestamp":"2023-11-09 12:29:16"},{"nodeID":"1281457","text":"Calum: Maggie Throup: With regards to the economy, we do need to keep the economy going","type":"L","timestamp":"2023-11-09 12:29:16"},{"nodeID":"1281458","text":"Asserting","type":"YA","timestamp":"2023-11-09 12:29:16"},{"nodeID":"1281459","text":"the UK government mandated for face coverings just in shops and on transport","type":"I","timestamp":"2023-11-09 12:29:16"},{"nodeID":"1281460","text":"Maggie Throup: we mandated for face coverings just in shops and on transport","type":"L","timestamp":"2023-11-09 12:29:16"},{"nodeID":"1281461","text":"Analysing","type":"YA","timestamp":"2023-11-09 12:29:16"},{"nodeID":"1281462","text":"Calum: Maggie Throup: we mandated for face coverings just in shops and on transport","type":"L","timestamp":"2023-11-09 12:29:16"},{"nodeID":"1281463","text":"Asserting","type":"YA","timestamp":"2023-11-09 12:29:16"},{"nodeID":"1281464","text":"Theo Paphitis: That doesn't make sense","type":"L","timestamp":"2023-11-09 12:29:17"},{"nodeID":"1281465","text":"Analysing","type":"YA","timestamp":"2023-11-09 12:29:17"},{"nodeID":"1281466","text":"Calum: Theo Paphitis: That doesn't make sense","type":"L","timestamp":"2023-11-09 12:29:17"},{"nodeID":"1281467","text":"Asserting","type":"YA","timestamp":"2023-11-09 12:29:17"},{"nodeID":"1281468","text":"Maggie Throup knows what she said is nonsense","type":"I","timestamp":"2023-11-09 12:29:17"},{"nodeID":"1281469","text":"Theo Paphitis: You know that's nonsense","type":"L","timestamp":"2023-11-09 12:29:17"},{"nodeID":"1281470","text":"Analysing","type":"YA","timestamp":"2023-11-09 12:29:17"},{"nodeID":"1281471","text":"Calum: Theo Paphitis: You know that's nonsense","type":"L","timestamp":"2023-11-09 12:29:17"},{"nodeID":"1281472","text":"Asserting","type":"YA","timestamp":"2023-11-09 12:29:17"},{"nodeID":"1281473","text":"Maggie Throup is a psychiatrist","type":"I","timestamp":"2023-11-09 12:29:18"},{"nodeID":"1281474","text":"Theo Paphitis: Maggie, you're a psychiatrist","type":"L","timestamp":"2023-11-09 12:29:18"},{"nodeID":"1281475","text":"Analysing","type":"YA","timestamp":"2023-11-09 12:29:18"},{"nodeID":"1281476","text":"Calum: Theo Paphitis: Maggie, you're a psychiatrist","type":"L","timestamp":"2023-11-09 12:29:18"},{"nodeID":"1281477","text":"Asserting","type":"YA","timestamp":"2023-11-09 12:29:18"},{"nodeID":"1281478","text":"Default Transition","type":"TA","timestamp":"2023-11-09 12:29:18"},{"nodeID":"1281479","text":"Default Inference","type":"RA","timestamp":"2023-11-09 12:29:18"},{"nodeID":"1281480","text":"Arguing","type":"YA","timestamp":"2023-11-09 12:29:18"},{"nodeID":"1281481","text":"Default Transition","type":"TA","timestamp":"2023-11-09 12:29:18"},{"nodeID":"1281482","text":"Default Rephrase","type":"MA","timestamp":"2023-11-09 12:29:18"},{"nodeID":"1281483","text":"Restating","type":"YA","timestamp":"2023-11-09 12:29:18"},{"nodeID":"1281484","text":"Default Transition","type":"TA","timestamp":"2023-11-09 12:29:18"},{"nodeID":"1281485","text":"Default Conflict","type":"CA","timestamp":"2023-11-09 12:29:18"},{"nodeID":"1281486","text":"Disagreeing","type":"YA","timestamp":"2023-11-09 12:29:18"},{"nodeID":"1281487","text":"Default Transition","type":"TA","timestamp":"2023-11-09 12:29:18"},{"nodeID":"1281488","text":"Default Inference","type":"RA","timestamp":"2023-11-09 12:29:18"},{"nodeID":"1281489","text":"Arguing","type":"YA","timestamp":"2023-11-09 12:29:18"},{"nodeID":"1281490","text":"Default Transition","type":"TA","timestamp":"2023-11-09 12:29:18"},{"nodeID":"1281491","text":"Default Rephrase","type":"MA","timestamp":"2023-11-09 12:29:18"},{"nodeID":"1281492","text":"Restating","type":"YA","timestamp":"2023-11-09 12:29:18"},{"nodeID":"1281493","text":"Default Transition","type":"TA","timestamp":"2023-11-09 12:29:18"},{"nodeID":"1281494","text":"Default Transition","type":"TA","timestamp":"2023-11-09 12:29:18"},{"nodeID":"1281495","text":"Default Rephrase","type":"MA","timestamp":"2023-11-09 12:29:18"},{"nodeID":"1281496","text":"Default Rephrase","type":"MA","timestamp":"2023-11-09 12:29:18"},{"nodeID":"1281497","text":"Default Rephrase","type":"MA","timestamp":"2023-11-09 12:29:18"},{"nodeID":"1281498","text":"Restating","type":"YA","timestamp":"2023-11-09 12:29:18"},{"nodeID":"1281499","text":"Default Transition","type":"TA","timestamp":"2023-11-09 12:29:18"},{"nodeID":"1281500","text":"Default Transition","type":"TA","timestamp":"2023-11-09 12:29:18"},{"nodeID":"1281501","text":"Restating","type":"YA","timestamp":"2023-11-09 12:29:18"},{"nodeID":"1281502","text":"Restating","type":"YA","timestamp":"2023-11-09 12:29:18"},{"nodeID":"1281503","text":"Do the rephrases work here? I took them as instantiating the balanced approach that was talked about. Is a linked argument better?","type":"EN","timestamp":"2023-11-09 12:29:18"},{"nodeID":"1281504","text":"Default Rephrase","type":"MA","timestamp":"2023-11-09 12:29:18"},{"nodeID":"1281505","text":"Restating","type":"YA","timestamp":"2023-11-09 12:29:18"}],"edges":[{"edgeID":"1686082","fromID":"1281359","toID":"1281361","formEdgeID":null},{"edgeID":"1686083","fromID":"1281360","toID":"1281359","formEdgeID":null},{"edgeID":"1686084","fromID":"1281364","toID":"1281362","formEdgeID":null},{"edgeID":"1686085","fromID":"1281363","toID":"1281364","formEdgeID":null},{"edgeID":"1686086","fromID":"1281362","toID":"1281365","formEdgeID":null},{"edgeID":"1686087","fromID":"1281365","toID":"783840","formEdgeID":null},{"edgeID":"1686088","fromID":"1281361","toID":"1281366","formEdgeID":null},{"edgeID":"1686089","fromID":"1281366","toID":"1281362","formEdgeID":null},{"edgeID":"1686090","fromID":"1281369","toID":"1281368","formEdgeID":null},{"edgeID":"1686091","fromID":"1281370","toID":"1281369","formEdgeID":null},{"edgeID":"1686092","fromID":"1281371","toID":"1281367","formEdgeID":null},{"edgeID":"1686093","fromID":"1281368","toID":"1281371","formEdgeID":null},{"edgeID":"1686094","fromID":"1281375","toID":"1281374","formEdgeID":null},{"edgeID":"1686095","fromID":"1281374","toID":"1281373","formEdgeID":null},{"edgeID":"1686096","fromID":"1281373","toID":"1281376","formEdgeID":null},{"edgeID":"1686097","fromID":"1281376","toID":"1281372","formEdgeID":null},{"edgeID":"1686098","fromID":"1281368","toID":"1281377","formEdgeID":null},{"edgeID":"1686099","fromID":"1281377","toID":"1281373","formEdgeID":null},{"edgeID":"1686100","fromID":"1281361","toID":"1281378","formEdgeID":null},{"edgeID":"1686101","fromID":"1281378","toID":"1281368","formEdgeID":null},{"edgeID":"1686102","fromID":"1281382","toID":"1281381","formEdgeID":null},{"edgeID":"1686103","fromID":"1281381","toID":"1281380","formEdgeID":null},{"edgeID":"1686104","fromID":"1281380","toID":"1281383","formEdgeID":null},{"edgeID":"1686105","fromID":"1281383","toID":"1281379","formEdgeID":null},{"edgeID":"1686106","fromID":"1281386","toID":"1281385","formEdgeID":null},{"edgeID":"1686107","fromID":"1281387","toID":"1281386","formEdgeID":null},{"edgeID":"1686108","fromID":"1281385","toID":"1281388","formEdgeID":null},{"edgeID":"1686109","fromID":"1281388","toID":"1281384","formEdgeID":null},{"edgeID":"1686110","fromID":"1281392","toID":"1281390","formEdgeID":null},{"edgeID":"1686111","fromID":"1281391","toID":"1281392","formEdgeID":null},{"edgeID":"1686112","fromID":"1281390","toID":"1281393","formEdgeID":null},{"edgeID":"1686113","fromID":"1281393","toID":"1281389","formEdgeID":null},{"edgeID":"1686114","fromID":"1281396","toID":"1281395","formEdgeID":null},{"edgeID":"1686115","fromID":"1281397","toID":"1281396","formEdgeID":null},{"edgeID":"1686116","fromID":"1281395","toID":"1281398","formEdgeID":null},{"edgeID":"1686117","fromID":"1281398","toID":"1281394","formEdgeID":null},{"edgeID":"1686118","fromID":"1281380","toID":"1281399","formEdgeID":null},{"edgeID":"1686119","fromID":"1281399","toID":"1281385","formEdgeID":null},{"edgeID":"1686120","fromID":"1281384","toID":"1281400","formEdgeID":null},{"edgeID":"1686121","fromID":"1281400","toID":"1281379","formEdgeID":null},{"edgeID":"1686122","fromID":"1281399","toID":"1281401","formEdgeID":null},{"edgeID":"1686123","fromID":"1281401","toID":"1281400","formEdgeID":null},{"edgeID":"1686124","fromID":"1281379","toID":"1281402","formEdgeID":null},{"edgeID":"1686125","fromID":"1281402","toID":"783840","formEdgeID":null},{"edgeID":"1686126","fromID":"1281361","toID":"1281403","formEdgeID":null},{"edgeID":"1686127","fromID":"1281403","toID":"1281380","formEdgeID":null},{"edgeID":"1686128","fromID":"1281404","toID":"1281402","formEdgeID":null},{"edgeID":"1686129","fromID":"1281403","toID":"1281404","formEdgeID":null},{"edgeID":"1686130","fromID":"1281385","toID":"1281405","formEdgeID":null},{"edgeID":"1686131","fromID":"1281405","toID":"1281390","formEdgeID":null},{"edgeID":"1686132","fromID":"1281389","toID":"1281406","formEdgeID":null},{"edgeID":"1686133","fromID":"1281406","toID":"1281384","formEdgeID":null},{"edgeID":"1686134","fromID":"1281394","toID":"1281406","formEdgeID":null},{"edgeID":"1686135","fromID":"1281385","toID":"1281407","formEdgeID":null},{"edgeID":"1686136","fromID":"1281407","toID":"1281395","formEdgeID":null},{"edgeID":"1686137","fromID":"1281407","toID":"1281408","formEdgeID":null},{"edgeID":"1686138","fromID":"1281408","toID":"1281406","formEdgeID":null},{"edgeID":"1686139","fromID":"1281412","toID":"1281411","formEdgeID":null},{"edgeID":"1686140","fromID":"1281411","toID":"1281410","formEdgeID":null},{"edgeID":"1686141","fromID":"1281413","toID":"1281409","formEdgeID":null},{"edgeID":"1686142","fromID":"1281410","toID":"1281413","formEdgeID":null},{"edgeID":"1686143","fromID":"1281414","toID":"1281410","formEdgeID":null},{"edgeID":"1686144","fromID":"1281395","toID":"1281414","formEdgeID":null},{"edgeID":"1686145","fromID":"1281418","toID":"1281417","formEdgeID":null},{"edgeID":"1686146","fromID":"1281417","toID":"1281416","formEdgeID":null},{"edgeID":"1686147","fromID":"1281416","toID":"1281419","formEdgeID":null},{"edgeID":"1686148","fromID":"1281419","toID":"1281415","formEdgeID":null},{"edgeID":"1686149","fromID":"1281422","toID":"1281421","formEdgeID":null},{"edgeID":"1686150","fromID":"1281423","toID":"1281422","formEdgeID":null},{"edgeID":"1686151","fromID":"1281424","toID":"1281420","formEdgeID":null},{"edgeID":"1686152","fromID":"1281421","toID":"1281424","formEdgeID":null},{"edgeID":"1686153","fromID":"1281410","toID":"1281425","formEdgeID":null},{"edgeID":"1686154","fromID":"1281425","toID":"1281416","formEdgeID":null},{"edgeID":"1686155","fromID":"1281426","toID":"1281421","formEdgeID":null},{"edgeID":"1686156","fromID":"1281416","toID":"1281426","formEdgeID":null},{"edgeID":"1686157","fromID":"1281420","toID":"1281427","formEdgeID":null},{"edgeID":"1686158","fromID":"1281427","toID":"1281415","formEdgeID":null},{"edgeID":"1686159","fromID":"1281426","toID":"1281428","formEdgeID":null},{"edgeID":"1686160","fromID":"1281428","toID":"1281427","formEdgeID":null},{"edgeID":"1686161","fromID":"1281431","toID":"1281430","formEdgeID":null},{"edgeID":"1686162","fromID":"1281432","toID":"1281431","formEdgeID":null},{"edgeID":"1686163","fromID":"1281430","toID":"1281433","formEdgeID":null},{"edgeID":"1686164","fromID":"1281433","toID":"1281429","formEdgeID":null},{"edgeID":"1686165","fromID":"1281421","toID":"1281434","formEdgeID":null},{"edgeID":"1686166","fromID":"1281434","toID":"1281430","formEdgeID":null},{"edgeID":"1686167","fromID":"1281438","toID":"1281436","formEdgeID":null},{"edgeID":"1686168","fromID":"1281437","toID":"1281438","formEdgeID":null},{"edgeID":"1686169","fromID":"1281436","toID":"1281439","formEdgeID":null},{"edgeID":"1686170","fromID":"1281439","toID":"1281435","formEdgeID":null},{"edgeID":"1686171","fromID":"1281442","toID":"1281441","formEdgeID":null},{"edgeID":"1686172","fromID":"1281443","toID":"1281442","formEdgeID":null},{"edgeID":"1686173","fromID":"1281441","toID":"1281444","formEdgeID":null},{"edgeID":"1686174","fromID":"1281444","toID":"1281440","formEdgeID":null},{"edgeID":"1686175","fromID":"1281447","toID":"1281446","formEdgeID":null},{"edgeID":"1686176","fromID":"1281448","toID":"1281447","formEdgeID":null},{"edgeID":"1686177","fromID":"1281446","toID":"1281449","formEdgeID":null},{"edgeID":"1686178","fromID":"1281449","toID":"1281445","formEdgeID":null},{"edgeID":"1686179","fromID":"1281452","toID":"1281451","formEdgeID":null},{"edgeID":"1686180","fromID":"1281453","toID":"1281452","formEdgeID":null},{"edgeID":"1686181","fromID":"1281451","toID":"1281454","formEdgeID":null},{"edgeID":"1686182","fromID":"1281454","toID":"1281450","formEdgeID":null},{"edgeID":"1686183","fromID":"1281456","toID":"1281455","formEdgeID":null},{"edgeID":"1686184","fromID":"1281457","toID":"1281456","formEdgeID":null},{"edgeID":"1686185","fromID":"1281455","toID":"1281458","formEdgeID":null},{"edgeID":"1686186","fromID":"1281458","toID":"783819","formEdgeID":null},{"edgeID":"1686187","fromID":"1281461","toID":"1281460","formEdgeID":null},{"edgeID":"1686188","fromID":"1281462","toID":"1281461","formEdgeID":null},{"edgeID":"1686189","fromID":"1281460","toID":"1281463","formEdgeID":null},{"edgeID":"1686190","fromID":"1281463","toID":"1281459","formEdgeID":null},{"edgeID":"1686191","fromID":"1281465","toID":"1281464","formEdgeID":null},{"edgeID":"1686192","fromID":"1281466","toID":"1281465","formEdgeID":null},{"edgeID":"1686193","fromID":"1281464","toID":"1281467","formEdgeID":null},{"edgeID":"1686194","fromID":"1281467","toID":"783826","formEdgeID":null},{"edgeID":"1686195","fromID":"1281471","toID":"1281470","formEdgeID":null},{"edgeID":"1686196","fromID":"1281470","toID":"1281469","formEdgeID":null},{"edgeID":"1686197","fromID":"1281469","toID":"1281472","formEdgeID":null},{"edgeID":"1686198","fromID":"1281472","toID":"1281468","formEdgeID":null},{"edgeID":"1686199","fromID":"1281475","toID":"1281474","formEdgeID":null},{"edgeID":"1686200","fromID":"1281476","toID":"1281475","formEdgeID":null},{"edgeID":"1686201","fromID":"1281474","toID":"1281477","formEdgeID":null},{"edgeID":"1686202","fromID":"1281477","toID":"1281473","formEdgeID":null},{"edgeID":"1686203","fromID":"1281474","toID":"1281478","formEdgeID":null},{"edgeID":"1686204","fromID":"1281478","toID":"1281469","formEdgeID":null},{"edgeID":"1686205","fromID":"1281473","toID":"1281479","formEdgeID":null},{"edgeID":"1686206","fromID":"1281479","toID":"1281468","formEdgeID":null},{"edgeID":"1686207","fromID":"1281478","toID":"1281480","formEdgeID":null},{"edgeID":"1686208","fromID":"1281480","toID":"1281479","formEdgeID":null},{"edgeID":"1686209","fromID":"1281464","toID":"1281481","formEdgeID":null},{"edgeID":"1686210","fromID":"1281481","toID":"1281469","formEdgeID":null},{"edgeID":"1686211","fromID":"1281468","toID":"1281482","formEdgeID":null},{"edgeID":"1686212","fromID":"1281482","toID":"783826","formEdgeID":null},{"edgeID":"1686213","fromID":"1281481","toID":"1281483","formEdgeID":null},{"edgeID":"1686214","fromID":"1281483","toID":"1281482","formEdgeID":null},{"edgeID":"1686215","fromID":"1281460","toID":"1281484","formEdgeID":null},{"edgeID":"1686216","fromID":"1281484","toID":"1281464","formEdgeID":null},{"edgeID":"1686217","fromID":"1281485","toID":"1281459","formEdgeID":null},{"edgeID":"1686218","fromID":"783826","toID":"1281485","formEdgeID":null},{"edgeID":"1686219","fromID":"1281484","toID":"1281486","formEdgeID":null},{"edgeID":"1686220","fromID":"1281486","toID":"1281485","formEdgeID":null},{"edgeID":"1686221","fromID":"1281455","toID":"1281487","formEdgeID":null},{"edgeID":"1686222","fromID":"1281487","toID":"1281460","formEdgeID":null},{"edgeID":"1686223","fromID":"1281459","toID":"1281488","formEdgeID":null},{"edgeID":"1686224","fromID":"1281488","toID":"783819","formEdgeID":null},{"edgeID":"1686225","fromID":"1281487","toID":"1281489","formEdgeID":null},{"edgeID":"1686226","fromID":"1281489","toID":"1281488","formEdgeID":null},{"edgeID":"1686227","fromID":"1281441","toID":"1281490","formEdgeID":null},{"edgeID":"1686228","fromID":"1281490","toID":"1281446","formEdgeID":null},{"edgeID":"1686229","fromID":"1281445","toID":"1281491","formEdgeID":null},{"edgeID":"1686230","fromID":"1281491","toID":"1281440","formEdgeID":null},{"edgeID":"1686231","fromID":"1281490","toID":"1281492","formEdgeID":null},{"edgeID":"1686232","fromID":"1281492","toID":"1281491","formEdgeID":null},{"edgeID":"1686233","fromID":"1281430","toID":"1281493","formEdgeID":null},{"edgeID":"1686234","fromID":"1281493","toID":"1281436","formEdgeID":null},{"edgeID":"1686235","fromID":"1281436","toID":"1281494","formEdgeID":null},{"edgeID":"1686236","fromID":"1281494","toID":"1281441","formEdgeID":null},{"edgeID":"1686237","fromID":"1281435","toID":"1281495","formEdgeID":null},{"edgeID":"1686238","fromID":"1281495","toID":"1281429","formEdgeID":null},{"edgeID":"1686239","fromID":"1281450","toID":"1281496","formEdgeID":null},{"edgeID":"1686240","fromID":"1281496","toID":"1281429","formEdgeID":null},{"edgeID":"1686241","fromID":"783819","toID":"1281497","formEdgeID":null},{"edgeID":"1686242","fromID":"1281497","toID":"1281429","formEdgeID":null},{"edgeID":"1686243","fromID":"1281493","toID":"1281498","formEdgeID":null},{"edgeID":"1686244","fromID":"1281498","toID":"1281495","formEdgeID":null},{"edgeID":"1686245","fromID":"1281499","toID":"1281451","formEdgeID":null},{"edgeID":"1686246","fromID":"1281430","toID":"1281499","formEdgeID":null},{"edgeID":"1686247","fromID":"1281430","toID":"1281500","formEdgeID":null},{"edgeID":"1686248","fromID":"1281500","toID":"1281455","formEdgeID":null},{"edgeID":"1686249","fromID":"1281501","toID":"1281497","formEdgeID":null},{"edgeID":"1686250","fromID":"1281500","toID":"1281501","formEdgeID":null},{"edgeID":"1686251","fromID":"1281499","toID":"1281502","formEdgeID":null},{"edgeID":"1686252","fromID":"1281502","toID":"1281496","formEdgeID":null},{"edgeID":"1686253","fromID":"1281372","toID":"1281504","formEdgeID":null},{"edgeID":"1686254","fromID":"1281504","toID":"1281367","formEdgeID":null},{"edgeID":"1686255","fromID":"1281377","toID":"1281505","formEdgeID":null},{"edgeID":"1686256","fromID":"1281505","toID":"1281504","formEdgeID":null}],"locutions":[]}