{"nodes":[{"nodeID":"783687","text":"the problem we have of course is the lack of information","type":"I","timestamp":"2021-12-09 20:51:36"},{"nodeID":"783753","text":"they are contradictory in everything they are saying","type":"I","timestamp":"2021-12-09 20:51:57"},{"nodeID":"1144075","text":"Theo Paphitis concerned that this government is not treating it seriously","type":"I","timestamp":"2023-04-20 10:04:32"},{"nodeID":"1144079","text":"they are saying they have been proportionate, taking precautions","type":"I","timestamp":"2023-04-20 10:04:34"},{"nodeID":"1144086","text":"the government have not been proportionate","type":"I","timestamp":"2023-04-20 10:04:37"},{"nodeID":"1144096","text":"whichever minister you speak to, you get a different answer","type":"I","timestamp":"2023-04-20 10:04:42"},{"nodeID":"1144103","text":"we can't tell","type":"I","timestamp":"2023-04-20 10:04:44"},{"nodeID":"1144110","text":"the best thing is to be safe","type":"I","timestamp":"2023-04-20 10:04:46"},{"nodeID":"1144115","text":"people here who are intending to go to a Christmas party are xxx","type":"I","timestamp":"2023-04-20 10:04:49"},{"nodeID":"1144120","text":"people here have had a Christmas party cancelled are xxx","type":"I","timestamp":"2023-04-20 10:04:51"},{"nodeID":"1144124","text":"not so many people here have had a Christmas party cancelled","type":"I","timestamp":"2023-04-20 10:04:54"},{"nodeID":"1278667","text":"Theo Paphitis : The problem we have of course is the lack of information","type":"L","timestamp":"2023-11-09 12:25:09"},{"nodeID":"1278668","text":"Asserting","type":"YA","timestamp":"2023-11-09 12:25:09"},{"nodeID":"1278669","text":"Xiyuan: Theo Paphitis : The problem we have of course is the lack of information","type":"L","timestamp":"2023-11-09 12:25:09"},{"nodeID":"1278670","text":"Theo Paphitis : I am concerned that this government is not treating it seriously","type":"L","timestamp":"2023-11-09 12:25:09"},{"nodeID":"1278671","text":"Asserting","type":"YA","timestamp":"2023-11-09 12:25:09"},{"nodeID":"1278672","text":"Xiyuan: Theo Paphitis : I am concerned that this government is not treating it seriously","type":"L","timestamp":"2023-11-09 12:25:10"},{"nodeID":"1278673","text":"Theo Paphitis : they are saying they have been proportionate, taking precautions","type":"L","timestamp":"2023-11-09 12:25:10"},{"nodeID":"1278674","text":"Asserting","type":"YA","timestamp":"2023-11-09 12:25:10"},{"nodeID":"1278675","text":"Xiyuan: Theo Paphitis : they are saying they have been proportionate, taking precautions","type":"L","timestamp":"2023-11-09 12:25:11"},{"nodeID":"1278676","text":"Default Inference","type":"RA","timestamp":"2023-11-09 12:25:11"},{"nodeID":"1278677","text":"Default Transition","type":"TA","timestamp":"2023-11-09 12:25:11"},{"nodeID":"1278678","text":"Default Transition","type":"TA","timestamp":"2023-11-09 12:25:11"},{"nodeID":"1278679","text":"Arguing","type":"YA","timestamp":"2023-11-09 12:25:11"},{"nodeID":"1278680","text":"Theo Paphitis : They have not been proportionate","type":"L","timestamp":"2023-11-09 12:25:11"},{"nodeID":"1278681","text":"Xiyuan: Theo Paphitis : They have not been proportionate","type":"L","timestamp":"2023-11-09 12:25:11"},{"nodeID":"1278682","text":"Default Conflict","type":"CA","timestamp":"2023-11-09 12:25:11"},{"nodeID":"1278683","text":"Default Transition","type":"TA","timestamp":"2023-11-09 12:25:11"},{"nodeID":"1278684","text":"Disagreeing","type":"YA","timestamp":"2023-11-09 12:25:11"},{"nodeID":"1278685","text":"Theo Paphitis : They are contradictory in everything they are saying","type":"L","timestamp":"2023-11-09 12:25:11"},{"nodeID":"1278686","text":"Asserting","type":"YA","timestamp":"2023-11-09 12:25:11"},{"nodeID":"1278687","text":"Xiyuan: Theo Paphitis : They are contradictory in everything they are saying","type":"L","timestamp":"2023-11-09 12:25:12"},{"nodeID":"1278688","text":"Default Transition","type":"TA","timestamp":"2023-11-09 12:25:12"},{"nodeID":"1278689","text":"Theo Paphitis : Whichever minister you speak to, you get a different answer","type":"L","timestamp":"2023-11-09 12:25:12"},{"nodeID":"1278690","text":"Asserting","type":"YA","timestamp":"2023-11-09 12:25:12"},{"nodeID":"1278691","text":"Xiyuan: Theo Paphitis : Whichever minister you speak to, you get a different answer","type":"L","timestamp":"2023-11-09 12:25:12"},{"nodeID":"1278692","text":"Default Rephrase","type":"MA","timestamp":"2023-11-09 12:25:12"},{"nodeID":"1278693","text":"Default Transition","type":"TA","timestamp":"2023-11-09 12:25:12"},{"nodeID":"1278694","text":"Restating","type":"YA","timestamp":"2023-11-09 12:25:12"},{"nodeID":"1278695","text":"Theo Paphitis : we can't tell","type":"L","timestamp":"2023-11-09 12:25:12"},{"nodeID":"1278696","text":"Asserting","type":"YA","timestamp":"2023-11-09 12:25:12"},{"nodeID":"1278697","text":"Xiyuan: Theo Paphitis : we can't tell","type":"L","timestamp":"2023-11-09 12:25:13"},{"nodeID":"1278698","text":"Default Inference","type":"RA","timestamp":"2023-11-09 12:25:13"},{"nodeID":"1278699","text":"Default Transition","type":"TA","timestamp":"2023-11-09 12:25:13"},{"nodeID":"1278700","text":"Arguing","type":"YA","timestamp":"2023-11-09 12:25:13"},{"nodeID":"1278701","text":"Theo Paphitis : The best thing is to be safe","type":"L","timestamp":"2023-11-09 12:25:13"},{"nodeID":"1278702","text":"Asserting","type":"YA","timestamp":"2023-11-09 12:25:13"},{"nodeID":"1278703","text":"Xiyuan: Theo Paphitis : The best thing is to be safe","type":"L","timestamp":"2023-11-09 12:25:13"},{"nodeID":"1278704","text":"Default Transition","type":"TA","timestamp":"2023-11-09 12:25:13"},{"nodeID":"1278705","text":"Fiona Bruce : Who here is intending to go to a Christmas party","type":"L","timestamp":"2023-11-09 12:25:13"},{"nodeID":"1278706","text":"Pure Questioning","type":"YA","timestamp":"2023-11-09 12:25:13"},{"nodeID":"1278707","text":"Xiyuan: Fiona Bruce : Who here is intending to go to a Christmas party","type":"L","timestamp":"2023-11-09 12:25:14"},{"nodeID":"1278708","text":"Default Transition","type":"TA","timestamp":"2023-11-09 12:25:14"},{"nodeID":"1278709","text":"Theo Paphitis : Who has had a Christmas party cancelled","type":"L","timestamp":"2023-11-09 12:25:14"},{"nodeID":"1278710","text":"Asserting","type":"YA","timestamp":"2023-11-09 12:25:14"},{"nodeID":"1278711","text":"Xiyuan: Theo Paphitis : Who has had a Christmas party cancelled","type":"L","timestamp":"2023-11-09 12:25:15"},{"nodeID":"1278712","text":"Theo Paphitis : Not so many people","type":"L","timestamp":"2023-11-09 12:25:15"},{"nodeID":"1278713","text":"Asserting","type":"YA","timestamp":"2023-11-09 12:25:15"},{"nodeID":"1278714","text":"Xiyuan: Theo Paphitis : Not so many people","type":"L","timestamp":"2023-11-09 12:25:15"},{"nodeID":"1278715","text":"Default Transition","type":"TA","timestamp":"2023-11-09 12:25:15"},{"nodeID":"1278716","text":"Default Transition","type":"TA","timestamp":"2023-11-09 12:25:15"},{"nodeID":"1278717","text":"Default Rephrase","type":"MA","timestamp":"2023-11-09 12:25:15"},{"nodeID":"1278718","text":"Default Illocuting","type":"YA","timestamp":"2023-11-09 12:25:15"},{"nodeID":"1278719","text":"Asserting","type":"YA","timestamp":"2023-11-09 12:25:15"},{"nodeID":"1278720","text":"Default Inference","type":"RA","timestamp":"2023-11-09 12:25:15"},{"nodeID":"1278721","text":"Arguing","type":"YA","timestamp":"2023-11-09 12:25:15"}],"edges":[{"edgeID":"1682646","fromID":"1278668","toID":"783687","formEdgeID":null},{"edgeID":"1682647","fromID":"1278667","toID":"1278668","formEdgeID":null},{"edgeID":"1682648","fromID":"1278671","toID":"1144075","formEdgeID":null},{"edgeID":"1682649","fromID":"1278670","toID":"1278671","formEdgeID":null},{"edgeID":"1682650","fromID":"1278674","toID":"1144079","formEdgeID":null},{"edgeID":"1682651","fromID":"1278673","toID":"1278674","formEdgeID":null},{"edgeID":"1682652","fromID":"1144079","toID":"1278676","formEdgeID":null},{"edgeID":"1682653","fromID":"1278676","toID":"1144075","formEdgeID":null},{"edgeID":"1682654","fromID":"1278670","toID":"1278677","formEdgeID":null},{"edgeID":"1682655","fromID":"1278677","toID":"1278673","formEdgeID":null},{"edgeID":"1682656","fromID":"1278667","toID":"1278678","formEdgeID":null},{"edgeID":"1682657","fromID":"1278678","toID":"1278670","formEdgeID":null},{"edgeID":"1682658","fromID":"1278677","toID":"1278679","formEdgeID":null},{"edgeID":"1682659","fromID":"1278679","toID":"1278676","formEdgeID":null},{"edgeID":"1682660","fromID":"1144086","toID":"1278682","formEdgeID":null},{"edgeID":"1682661","fromID":"1278682","toID":"1144079","formEdgeID":null},{"edgeID":"1682662","fromID":"1278673","toID":"1278683","formEdgeID":null},{"edgeID":"1682663","fromID":"1278683","toID":"1278680","formEdgeID":null},{"edgeID":"1682664","fromID":"1278683","toID":"1278684","formEdgeID":null},{"edgeID":"1682665","fromID":"1278684","toID":"1278682","formEdgeID":null},{"edgeID":"1682666","fromID":"1278686","toID":"783753","formEdgeID":null},{"edgeID":"1682667","fromID":"1278685","toID":"1278686","formEdgeID":null},{"edgeID":"1682668","fromID":"1278680","toID":"1278688","formEdgeID":null},{"edgeID":"1682669","fromID":"1278688","toID":"1278685","formEdgeID":null},{"edgeID":"1682670","fromID":"1278690","toID":"1144096","formEdgeID":null},{"edgeID":"1682671","fromID":"1278689","toID":"1278690","formEdgeID":null},{"edgeID":"1682672","fromID":"1144096","toID":"1278692","formEdgeID":null},{"edgeID":"1682673","fromID":"1278692","toID":"783753","formEdgeID":null},{"edgeID":"1682674","fromID":"1278685","toID":"1278693","formEdgeID":null},{"edgeID":"1682675","fromID":"1278693","toID":"1278689","formEdgeID":null},{"edgeID":"1682676","fromID":"1278693","toID":"1278694","formEdgeID":null},{"edgeID":"1682677","fromID":"1278694","toID":"1278692","formEdgeID":null},{"edgeID":"1682678","fromID":"1278696","toID":"1144103","formEdgeID":null},{"edgeID":"1682679","fromID":"1278695","toID":"1278696","formEdgeID":null},{"edgeID":"1682680","fromID":"1144096","toID":"1278698","formEdgeID":null},{"edgeID":"1682681","fromID":"1278698","toID":"1144103","formEdgeID":null},{"edgeID":"1682682","fromID":"1278689","toID":"1278699","formEdgeID":null},{"edgeID":"1682683","fromID":"1278699","toID":"1278695","formEdgeID":null},{"edgeID":"1682684","fromID":"1278699","toID":"1278700","formEdgeID":null},{"edgeID":"1682685","fromID":"1278700","toID":"1278698","formEdgeID":null},{"edgeID":"1682686","fromID":"1278702","toID":"1144110","formEdgeID":null},{"edgeID":"1682687","fromID":"1278701","toID":"1278702","formEdgeID":null},{"edgeID":"1682688","fromID":"1278695","toID":"1278704","formEdgeID":null},{"edgeID":"1682689","fromID":"1278704","toID":"1278701","formEdgeID":null},{"edgeID":"1682690","fromID":"1278706","toID":"1144115","formEdgeID":null},{"edgeID":"1682691","fromID":"1278705","toID":"1278706","formEdgeID":null},{"edgeID":"1682692","fromID":"1278701","toID":"1278708","formEdgeID":null},{"edgeID":"1682693","fromID":"1278708","toID":"1278705","formEdgeID":null},{"edgeID":"1682694","fromID":"1278710","toID":"1144120","formEdgeID":null},{"edgeID":"1682695","fromID":"1278709","toID":"1278710","formEdgeID":null},{"edgeID":"1682696","fromID":"1278713","toID":"1144124","formEdgeID":null},{"edgeID":"1682697","fromID":"1278712","toID":"1278713","formEdgeID":null},{"edgeID":"1682698","fromID":"1278705","toID":"1278715","formEdgeID":null},{"edgeID":"1682699","fromID":"1278715","toID":"1278709","formEdgeID":null},{"edgeID":"1682700","fromID":"1278709","toID":"1278716","formEdgeID":null},{"edgeID":"1682701","fromID":"1278716","toID":"1278712","formEdgeID":null},{"edgeID":"1682702","fromID":"1144124","toID":"1278717","formEdgeID":null},{"edgeID":"1682703","fromID":"1278717","toID":"1144120","formEdgeID":null},{"edgeID":"1682704","fromID":"1278716","toID":"1278718","formEdgeID":null},{"edgeID":"1682705","fromID":"1278718","toID":"1278717","formEdgeID":null},{"edgeID":"1682706","fromID":"1278680","toID":"1278719","formEdgeID":null},{"edgeID":"1682707","fromID":"1278719","toID":"1144086","formEdgeID":null},{"edgeID":"1682708","fromID":"1144079","toID":"1278720","formEdgeID":null},{"edgeID":"1682709","fromID":"1278720","toID":"783753","formEdgeID":null},{"edgeID":"1682710","fromID":"1144086","toID":"1278720","formEdgeID":null},{"edgeID":"1682711","fromID":"1278688","toID":"1278721","formEdgeID":null},{"edgeID":"1682712","fromID":"1278721","toID":"1278720","formEdgeID":null}],"locutions":[]}