{"nodes":[{"nodeID":"1280921","text":"it is or is not time to make vaccinations compulsory","type":"I","timestamp":"2023-11-09 12:28:30"},{"nodeID":"1280922","text":"AudienceMember 20210912QT17: Is it time to make vaccinations compulsory","type":"L","timestamp":"2023-11-09 12:28:30"},{"nodeID":"1280923","text":"Analysing","type":"YA","timestamp":"2023-11-09 12:28:30"},{"nodeID":"1280924","text":"Fyfe: AudienceMember 20210912QT17: Is it time to make vaccinations compulsory","type":"L","timestamp":"2023-11-09 12:28:30"},{"nodeID":"1280925","text":"Pure Questioning","type":"YA","timestamp":"2023-11-09 12:28:30"},{"nodeID":"1280926","text":"one of the problems when planning for a future with Covid is that it is extremely difficult to predict","type":"I","timestamp":"2023-11-09 12:28:30"},{"nodeID":"1280927","text":"AudienceMember 20210912QT18: Is one of the problems that we don't actually know","type":"L","timestamp":"2023-11-09 12:28:30"},{"nodeID":"1280928","text":"Analysing","type":"YA","timestamp":"2023-11-09 12:28:30"},{"nodeID":"1280929","text":"Fyfe: AudienceMember 20210912QT18: Is one of the problems that we don't actually know","type":"L","timestamp":"2023-11-09 12:28:30"},{"nodeID":"1280930","text":"Assertive Questioning","type":"YA","timestamp":"2023-11-09 12:28:30"},{"nodeID":"1280931","text":"Default Transition","type":"TA","timestamp":"2023-11-09 12:28:30"},{"nodeID":"1280932","text":"over the past 12 months AudienceMember 20211209QT18 booked three trips to Poland","type":"I","timestamp":"2023-11-09 12:28:31"},{"nodeID":"1280933","text":"AudienceMember 20210912QT18: over the past 12 months I've booked three trips to Poland","type":"L","timestamp":"2023-11-09 12:28:31"},{"nodeID":"1280934","text":"Analysing","type":"YA","timestamp":"2023-11-09 12:28:31"},{"nodeID":"1280935","text":"Fyfe: AudienceMember 20210912QT18: over the past 12 months I've booked three trips to Poland","type":"L","timestamp":"2023-11-09 12:28:31"},{"nodeID":"1280936","text":"Asserting","type":"YA","timestamp":"2023-11-09 12:28:31"},{"nodeID":"1280937","text":"Default Transition","type":"TA","timestamp":"2023-11-09 12:28:31"},{"nodeID":"1280938","text":"out of the three trips to Poland that were booked over the last 12 months every single one cancelled","type":"I","timestamp":"2023-11-09 12:28:31"},{"nodeID":"1280939","text":"AudienceMember 20210912QT18: Every single one was cancelled","type":"L","timestamp":"2023-11-09 12:28:31"},{"nodeID":"1280940","text":"Analysing","type":"YA","timestamp":"2023-11-09 12:28:31"},{"nodeID":"1280941","text":"Fyfe: AudienceMember 20210912QT18: Every single one was cancelled","type":"L","timestamp":"2023-11-09 12:28:31"},{"nodeID":"1280942","text":"Asserting","type":"YA","timestamp":"2023-11-09 12:28:31"},{"nodeID":"1280943","text":"Default Transition","type":"TA","timestamp":"2023-11-09 12:28:31"},{"nodeID":"1280944","text":"one of the trips to Poland weren't cancelled by a direct government ruling but instead had AudienceMember 20211209QT18 gone he'd have had to do a fortnight's worth of quarantine","type":"I","timestamp":"2023-11-09 12:28:32"},{"nodeID":"1280945","text":"AudienceMember 20210912QT18: One of them wasn't because had I gone I'd have had to do a fortnight's worth of quarantine","type":"L","timestamp":"2023-11-09 12:28:32"},{"nodeID":"1280946","text":"Analysing","type":"YA","timestamp":"2023-11-09 12:28:32"},{"nodeID":"1280947","text":"Fyfe: AudienceMember 20210912QT18: One of them wasn't because had I gone I'd have had to do a fortnight's worth of quarantine","type":"L","timestamp":"2023-11-09 12:28:32"},{"nodeID":"1280948","text":"Asserting","type":"YA","timestamp":"2023-11-09 12:28:32"},{"nodeID":"1280949","text":"due to the two weeks of quarantine AudienceMember 20211209QT18 cancelled the trip to Poland himself","type":"I","timestamp":"2023-11-09 12:28:33"},{"nodeID":"1280950","text":"AudienceMember 20210912QT18: I cancelled it myself","type":"L","timestamp":"2023-11-09 12:28:33"},{"nodeID":"1280951","text":"Analysing","type":"YA","timestamp":"2023-11-09 12:28:33"},{"nodeID":"1280952","text":"Fyfe: AudienceMember 20210912QT18: I cancelled it myself","type":"L","timestamp":"2023-11-09 12:28:33"},{"nodeID":"1280953","text":"Asserting","type":"YA","timestamp":"2023-11-09 12:28:33"},{"nodeID":"1280954","text":"Default Transition","type":"TA","timestamp":"2023-11-09 12:28:33"},{"nodeID":"1280955","text":"Default Transition","type":"TA","timestamp":"2023-11-09 12:28:33"},{"nodeID":"1280956","text":"due to the three separate cancellations on trips to Poland it is clear the rules are changing every couple of days","type":"I","timestamp":"2023-11-09 12:28:33"},{"nodeID":"1280957","text":"AudienceMember 20210912QT18: The rules are changing every couple of days","type":"L","timestamp":"2023-11-09 12:28:33"},{"nodeID":"1280958","text":"Analysing","type":"YA","timestamp":"2023-11-09 12:28:33"},{"nodeID":"1280959","text":"Fyfe: AudienceMember 20210912QT18: The rules are changing every couple of days","type":"L","timestamp":"2023-11-09 12:28:33"},{"nodeID":"1280960","text":"Asserting","type":"YA","timestamp":"2023-11-09 12:28:33"},{"nodeID":"1280961","text":"Default Transition","type":"TA","timestamp":"2023-11-09 12:28:33"},{"nodeID":"1280962","text":"Default Rephrase","type":"MA","timestamp":"2023-11-09 12:28:33"},{"nodeID":"1280963","text":"Restating","type":"YA","timestamp":"2023-11-09 12:28:33"},{"nodeID":"1280964","text":"Default Inference","type":"RA","timestamp":"2023-11-09 12:28:33"},{"nodeID":"1280965","text":"you don't have to wear a mask, you have to wear a mask","type":"I","timestamp":"2023-11-09 12:28:34"},{"nodeID":"1280966","text":"AudienceMember 20210912QT18: You don't have to wear a mask, you have to wear a mask","type":"L","timestamp":"2023-11-09 12:28:34"},{"nodeID":"1280967","text":"Analysing","type":"YA","timestamp":"2023-11-09 12:28:34"},{"nodeID":"1280968","text":"Fyfe: AudienceMember 20210912QT18: You don't have to wear a mask, you have to wear a mask","type":"L","timestamp":"2023-11-09 12:28:34"},{"nodeID":"1280969","text":"Asserting","type":"YA","timestamp":"2023-11-09 12:28:34"},{"nodeID":"1280970","text":"Default Transition","type":"TA","timestamp":"2023-11-09 12:28:34"},{"nodeID":"1280971","text":"we need a plan for Covid that's definite so we know where we stand","type":"I","timestamp":"2023-11-09 12:28:34"},{"nodeID":"1280972","text":"AudienceMember 20210912QT18: Don't we need a plan that's definite so we know where we stand","type":"L","timestamp":"2023-11-09 12:28:34"},{"nodeID":"1280973","text":"Analysing","type":"YA","timestamp":"2023-11-09 12:28:34"},{"nodeID":"1280974","text":"Fyfe: AudienceMember 20210912QT18: Don't we need a plan that's definite so we know where we stand","type":"L","timestamp":"2023-11-09 12:28:34"},{"nodeID":"1280975","text":"Assertive Questioning","type":"YA","timestamp":"2023-11-09 12:28:34"},{"nodeID":"1280976","text":"Default Transition","type":"TA","timestamp":"2023-11-09 12:28:34"},{"nodeID":"1280977","text":"no one said you can't go to a pub at the moment","type":"I","timestamp":"2023-11-09 12:28:35"},{"nodeID":"1280978","text":"Fiona Bruce: No one said you can't go to a pub at the moment","type":"L","timestamp":"2023-11-09 12:28:35"},{"nodeID":"1280979","text":"Analysing","type":"YA","timestamp":"2023-11-09 12:28:35"},{"nodeID":"1280980","text":"Fyfe: Fiona Bruce: No one said you can't go to a pub at the moment","type":"L","timestamp":"2023-11-09 12:28:35"},{"nodeID":"1280981","text":"Asserting","type":"YA","timestamp":"2023-11-09 12:28:35"},{"nodeID":"1280982","text":"Default Transition","type":"TA","timestamp":"2023-11-09 12:28:35"},{"nodeID":"1280983","text":"the government should be clearly identifying the red country list on a regular basis, such as once a week","type":"I","timestamp":"2023-11-09 12:28:36"},{"nodeID":"1280984","text":"AudienceMember 20210912QT19: the government should be clearly identifying the red country list on a regular basis, once a week","type":"L","timestamp":"2023-11-09 12:28:36"},{"nodeID":"1280985","text":"Analysing","type":"YA","timestamp":"2023-11-09 12:28:36"},{"nodeID":"1280986","text":"Fyfe: AudienceMember 20210912QT19: the government should be clearly identifying the red country list on a regular basis, once a week","type":"L","timestamp":"2023-11-09 12:28:36"},{"nodeID":"1280987","text":"Asserting","type":"YA","timestamp":"2023-11-09 12:28:36"},{"nodeID":"1280988","text":"Default Transition","type":"TA","timestamp":"2023-11-09 12:28:36"},{"nodeID":"1280989","text":"AudienceMember 20211209QT19 has a niece who is in Canada who hasn't been home for 18 months and her trip back to the UK in December is up in the air","type":"I","timestamp":"2023-11-09 12:28:36"},{"nodeID":"1280990","text":"AudienceMember 20210912QT19: I have a niece who is in Canada who hasn't been home for 18 months and her trip back in December is up in the air","type":"L","timestamp":"2023-11-09 12:28:36"},{"nodeID":"1280991","text":"Analysing","type":"YA","timestamp":"2023-11-09 12:28:36"},{"nodeID":"1280992","text":"Fyfe: AudienceMember 20210912QT19: I have a niece who is in Canada who hasn't been home for 18 months and her trip back in December is up in the air","type":"L","timestamp":"2023-11-09 12:28:36"},{"nodeID":"1280993","text":"Asserting","type":"YA","timestamp":"2023-11-09 12:28:36"},{"nodeID":"1280994","text":"Default Transition","type":"TA","timestamp":"2023-11-09 12:28:36"},{"nodeID":"1280995","text":"AudienceMember 20211209QT19's niece is or is not going to be able to come back to the UK in December","type":"I","timestamp":"2023-11-09 12:28:37"},{"nodeID":"1280996","text":"AudienceMember 20210912QT19: Is she going to be able to come back","type":"L","timestamp":"2023-11-09 12:28:37"},{"nodeID":"1280997","text":"Analysing","type":"YA","timestamp":"2023-11-09 12:28:37"},{"nodeID":"1280998","text":"Fyfe: AudienceMember 20210912QT19: s she going to be able to come back","type":"L","timestamp":"2023-11-09 12:28:37"},{"nodeID":"1280999","text":"Pure Questioning","type":"YA","timestamp":"2023-11-09 12:28:37"},{"nodeID":"1281000","text":"Default Transition","type":"TA","timestamp":"2023-11-09 12:28:37"},{"nodeID":"1281001","text":"the rules on travel restrictions are or are not clear on the government website","type":"I","timestamp":"2023-11-09 12:28:37"},{"nodeID":"1281002","text":"Fiona Bruce: It is not clear on the government website","type":"L","timestamp":"2023-11-09 12:28:37"},{"nodeID":"1281003","text":"Analysing","type":"YA","timestamp":"2023-11-09 12:28:37"},{"nodeID":"1281004","text":"Fyfe: Fiona Bruce: It is not clear on the government website","type":"L","timestamp":"2023-11-09 12:28:37"},{"nodeID":"1281005","text":"Pure Questioning","type":"YA","timestamp":"2023-11-09 12:28:37"},{"nodeID":"1281006","text":"Default Transition","type":"TA","timestamp":"2023-11-09 12:28:37"},{"nodeID":"1281007","text":"the rules on travel restrictions are not clear on the government website, as they constantly change","type":"I","timestamp":"2023-11-09 12:28:38"},{"nodeID":"1281008","text":"AudienceMember 20210912QT20: No. It changes","type":"L","timestamp":"2023-11-09 12:28:38"},{"nodeID":"1281009","text":"Analysing","type":"YA","timestamp":"2023-11-09 12:28:38"},{"nodeID":"1281010","text":"Fyfe: AudienceMember 20210912QT20: No. It changes","type":"L","timestamp":"2023-11-09 12:28:38"},{"nodeID":"1281011","text":"Asserting","type":"YA","timestamp":"2023-11-09 12:28:38"},{"nodeID":"1281012","text":"Default Transition","type":"TA","timestamp":"2023-11-09 12:28:38"},{"nodeID":"1281013","text":"the UK Government should perhaps every Monday or Tuesday or whatever day of the week provide a regular update to the travel list so people have at least a week to organise cat care, dog care, childcare","type":"I","timestamp":"2023-11-09 12:28:39"},{"nodeID":"1281014","text":"AudienceMember 20210912QT20: they should perhaps every Monday or Tuesday or whatever day of the week provide a regular update to the travel list so people have at least a week to organise cat care, dog care, childcare","type":"L","timestamp":"2023-11-09 12:28:39"},{"nodeID":"1281015","text":"Analysing","type":"YA","timestamp":"2023-11-09 12:28:39"},{"nodeID":"1281016","text":"Fyfe: AudienceMember 20210912QT20: they should perhaps every Monday or Tuesday or whatever day of the week provide a regular update to the travel list so people have at least a week to organise cat care, dog care, childcare","type":"L","timestamp":"2023-11-09 12:28:39"},{"nodeID":"1281017","text":"Asserting","type":"YA","timestamp":"2023-11-09 12:28:39"},{"nodeID":"1281018","text":"Default Transition","type":"TA","timestamp":"2023-11-09 12:28:39"},{"nodeID":"1281019","text":"AudienceMember 20211209QT20 is or is not talking from personal experience here about the cat care","type":"I","timestamp":"2023-11-09 12:28:39"},{"nodeID":"1281020","text":"Fiona Bruce: Are you talking from personal experience here about the cat care","type":"L","timestamp":"2023-11-09 12:28:39"},{"nodeID":"1281021","text":"Analysing","type":"YA","timestamp":"2023-11-09 12:28:39"},{"nodeID":"1281022","text":"Fyfe: Fiona Bruce: Are you talking from personal experience here about the cat care","type":"L","timestamp":"2023-11-09 12:28:39"},{"nodeID":"1281023","text":"Pure Questioning","type":"YA","timestamp":"2023-11-09 12:28:39"},{"nodeID":"1281024","text":"Default Transition","type":"TA","timestamp":"2023-11-09 12:28:39"},{"nodeID":"1281025","text":"AudienceMember 20211209QT20 is talking from personal experience here about the cat care, and therefore thinks it should be on a regular basis","type":"I","timestamp":"2023-11-09 12:28:40"},{"nodeID":"1281026","text":"AudienceMember 20210912QT20: yeah, I think it should be on a regular basis","type":"L","timestamp":"2023-11-09 12:28:40"},{"nodeID":"1281027","text":"Analysing","type":"YA","timestamp":"2023-11-09 12:28:40"},{"nodeID":"1281028","text":"Fyfe: AudienceMember 20210912QT20: yeah, I think it should be on a regular basis","type":"L","timestamp":"2023-11-09 12:28:40"},{"nodeID":"1281029","text":"Asserting","type":"YA","timestamp":"2023-11-09 12:28:40"},{"nodeID":"1281030","text":"Default Transition","type":"TA","timestamp":"2023-11-09 12:28:40"},{"nodeID":"1281031","text":"Default Rephrase","type":"MA","timestamp":"2023-11-09 12:28:40"},{"nodeID":"1281032","text":"Default Inference","type":"RA","timestamp":"2023-11-09 12:28:40"},{"nodeID":"1281033","text":"Default Illocuting","type":"YA","timestamp":"2023-11-09 12:28:40"},{"nodeID":"1281034","text":"Default Rephrase","type":"MA","timestamp":"2023-11-09 12:28:40"},{"nodeID":"1281035","text":"Restating","type":"YA","timestamp":"2023-11-09 12:28:40"},{"nodeID":"1281036","text":"Default Illocuting","type":"YA","timestamp":"2023-11-09 12:28:40"},{"nodeID":"1281037","text":"Default Rephrase","type":"MA","timestamp":"2023-11-09 12:28:40"},{"nodeID":"1281038","text":"Default Illocuting","type":"YA","timestamp":"2023-11-09 12:28:40"}],"edges":[{"edgeID":"1685534","fromID":"1280923","toID":"1280922","formEdgeID":null},{"edgeID":"1685535","fromID":"1280924","toID":"1280923","formEdgeID":null},{"edgeID":"1685536","fromID":"1280922","toID":"1280925","formEdgeID":null},{"edgeID":"1685537","fromID":"1280925","toID":"1280921","formEdgeID":null},{"edgeID":"1685538","fromID":"1280928","toID":"1280927","formEdgeID":null},{"edgeID":"1685539","fromID":"1280929","toID":"1280928","formEdgeID":null},{"edgeID":"1685540","fromID":"1280927","toID":"1280930","formEdgeID":null},{"edgeID":"1685541","fromID":"1280930","toID":"1280926","formEdgeID":null},{"edgeID":"1685542","fromID":"1280922","toID":"1280931","formEdgeID":null},{"edgeID":"1685543","fromID":"1280931","toID":"1280927","formEdgeID":null},{"edgeID":"1685544","fromID":"1280934","toID":"1280933","formEdgeID":null},{"edgeID":"1685545","fromID":"1280935","toID":"1280934","formEdgeID":null},{"edgeID":"1685546","fromID":"1280933","toID":"1280936","formEdgeID":null},{"edgeID":"1685547","fromID":"1280936","toID":"1280932","formEdgeID":null},{"edgeID":"1685548","fromID":"1280927","toID":"1280937","formEdgeID":null},{"edgeID":"1685549","fromID":"1280937","toID":"1280933","formEdgeID":null},{"edgeID":"1685550","fromID":"1280940","toID":"1280939","formEdgeID":null},{"edgeID":"1685551","fromID":"1280941","toID":"1280940","formEdgeID":null},{"edgeID":"1685552","fromID":"1280939","toID":"1280942","formEdgeID":null},{"edgeID":"1685553","fromID":"1280942","toID":"1280938","formEdgeID":null},{"edgeID":"1685554","fromID":"1280933","toID":"1280943","formEdgeID":null},{"edgeID":"1685555","fromID":"1280943","toID":"1280939","formEdgeID":null},{"edgeID":"1685556","fromID":"1280946","toID":"1280945","formEdgeID":null},{"edgeID":"1685557","fromID":"1280947","toID":"1280946","formEdgeID":null},{"edgeID":"1685558","fromID":"1280945","toID":"1280948","formEdgeID":null},{"edgeID":"1685559","fromID":"1280948","toID":"1280944","formEdgeID":null},{"edgeID":"1685560","fromID":"1280951","toID":"1280950","formEdgeID":null},{"edgeID":"1685561","fromID":"1280952","toID":"1280951","formEdgeID":null},{"edgeID":"1685562","fromID":"1280950","toID":"1280953","formEdgeID":null},{"edgeID":"1685563","fromID":"1280953","toID":"1280949","formEdgeID":null},{"edgeID":"1685564","fromID":"1280939","toID":"1280954","formEdgeID":null},{"edgeID":"1685565","fromID":"1280954","toID":"1280945","formEdgeID":null},{"edgeID":"1685566","fromID":"1280945","toID":"1280955","formEdgeID":null},{"edgeID":"1685567","fromID":"1280955","toID":"1280950","formEdgeID":null},{"edgeID":"1685568","fromID":"1280958","toID":"1280957","formEdgeID":null},{"edgeID":"1685569","fromID":"1280959","toID":"1280958","formEdgeID":null},{"edgeID":"1685570","fromID":"1280957","toID":"1280960","formEdgeID":null},{"edgeID":"1685571","fromID":"1280960","toID":"1280956","formEdgeID":null},{"edgeID":"1685572","fromID":"1280950","toID":"1280961","formEdgeID":null},{"edgeID":"1685573","fromID":"1280961","toID":"1280957","formEdgeID":null},{"edgeID":"1685574","fromID":"1280949","toID":"1280962","formEdgeID":null},{"edgeID":"1685575","fromID":"1280962","toID":"1280944","formEdgeID":null},{"edgeID":"1685576","fromID":"1280955","toID":"1280963","formEdgeID":null},{"edgeID":"1685577","fromID":"1280963","toID":"1280962","formEdgeID":null},{"edgeID":"1685578","fromID":"1280944","toID":"1280964","formEdgeID":null},{"edgeID":"1685579","fromID":"1280964","toID":"1280956","formEdgeID":null},{"edgeID":"1685580","fromID":"1280967","toID":"1280966","formEdgeID":null},{"edgeID":"1685581","fromID":"1280968","toID":"1280967","formEdgeID":null},{"edgeID":"1685582","fromID":"1280966","toID":"1280969","formEdgeID":null},{"edgeID":"1685583","fromID":"1280969","toID":"1280965","formEdgeID":null},{"edgeID":"1685584","fromID":"1280957","toID":"1280970","formEdgeID":null},{"edgeID":"1685585","fromID":"1280970","toID":"1280966","formEdgeID":null},{"edgeID":"1685586","fromID":"1280973","toID":"1280972","formEdgeID":null},{"edgeID":"1685587","fromID":"1280974","toID":"1280973","formEdgeID":null},{"edgeID":"1685588","fromID":"1280972","toID":"1280975","formEdgeID":null},{"edgeID":"1685589","fromID":"1280975","toID":"1280971","formEdgeID":null},{"edgeID":"1685590","fromID":"1280966","toID":"1280976","formEdgeID":null},{"edgeID":"1685591","fromID":"1280976","toID":"1280972","formEdgeID":null},{"edgeID":"1685592","fromID":"1280979","toID":"1280978","formEdgeID":null},{"edgeID":"1685593","fromID":"1280980","toID":"1280979","formEdgeID":null},{"edgeID":"1685594","fromID":"1280978","toID":"1280981","formEdgeID":null},{"edgeID":"1685595","fromID":"1280981","toID":"1280977","formEdgeID":null},{"edgeID":"1685596","fromID":"1280972","toID":"1280982","formEdgeID":null},{"edgeID":"1685597","fromID":"1280982","toID":"1280978","formEdgeID":null},{"edgeID":"1685598","fromID":"1280985","toID":"1280984","formEdgeID":null},{"edgeID":"1685599","fromID":"1280986","toID":"1280985","formEdgeID":null},{"edgeID":"1685600","fromID":"1280984","toID":"1280987","formEdgeID":null},{"edgeID":"1685601","fromID":"1280987","toID":"1280983","formEdgeID":null},{"edgeID":"1685602","fromID":"1280978","toID":"1280988","formEdgeID":null},{"edgeID":"1685603","fromID":"1280988","toID":"1280984","formEdgeID":null},{"edgeID":"1685604","fromID":"1280991","toID":"1280990","formEdgeID":null},{"edgeID":"1685605","fromID":"1280992","toID":"1280991","formEdgeID":null},{"edgeID":"1685606","fromID":"1280990","toID":"1280993","formEdgeID":null},{"edgeID":"1685607","fromID":"1280993","toID":"1280989","formEdgeID":null},{"edgeID":"1685608","fromID":"1280984","toID":"1280994","formEdgeID":null},{"edgeID":"1685609","fromID":"1280994","toID":"1280990","formEdgeID":null},{"edgeID":"1685610","fromID":"1280997","toID":"1280996","formEdgeID":null},{"edgeID":"1685611","fromID":"1280998","toID":"1280997","formEdgeID":null},{"edgeID":"1685612","fromID":"1280996","toID":"1280999","formEdgeID":null},{"edgeID":"1685613","fromID":"1280999","toID":"1280995","formEdgeID":null},{"edgeID":"1685614","fromID":"1280990","toID":"1281000","formEdgeID":null},{"edgeID":"1685615","fromID":"1281000","toID":"1280996","formEdgeID":null},{"edgeID":"1685616","fromID":"1281003","toID":"1281002","formEdgeID":null},{"edgeID":"1685617","fromID":"1281004","toID":"1281003","formEdgeID":null},{"edgeID":"1685618","fromID":"1281002","toID":"1281005","formEdgeID":null},{"edgeID":"1685619","fromID":"1281005","toID":"1281001","formEdgeID":null},{"edgeID":"1685620","fromID":"1280996","toID":"1281006","formEdgeID":null},{"edgeID":"1685621","fromID":"1281006","toID":"1281002","formEdgeID":null},{"edgeID":"1685622","fromID":"1281009","toID":"1281008","formEdgeID":null},{"edgeID":"1685623","fromID":"1281010","toID":"1281009","formEdgeID":null},{"edgeID":"1685624","fromID":"1281008","toID":"1281011","formEdgeID":null},{"edgeID":"1685625","fromID":"1281011","toID":"1281007","formEdgeID":null},{"edgeID":"1685626","fromID":"1281002","toID":"1281012","formEdgeID":null},{"edgeID":"1685627","fromID":"1281012","toID":"1281008","formEdgeID":null},{"edgeID":"1685628","fromID":"1281015","toID":"1281014","formEdgeID":null},{"edgeID":"1685629","fromID":"1281016","toID":"1281015","formEdgeID":null},{"edgeID":"1685630","fromID":"1281014","toID":"1281017","formEdgeID":null},{"edgeID":"1685631","fromID":"1281017","toID":"1281013","formEdgeID":null},{"edgeID":"1685632","fromID":"1281008","toID":"1281018","formEdgeID":null},{"edgeID":"1685633","fromID":"1281018","toID":"1281014","formEdgeID":null},{"edgeID":"1685634","fromID":"1281021","toID":"1281020","formEdgeID":null},{"edgeID":"1685635","fromID":"1281022","toID":"1281021","formEdgeID":null},{"edgeID":"1685636","fromID":"1281020","toID":"1281023","formEdgeID":null},{"edgeID":"1685637","fromID":"1281023","toID":"1281019","formEdgeID":null},{"edgeID":"1685638","fromID":"1281014","toID":"1281024","formEdgeID":null},{"edgeID":"1685639","fromID":"1281024","toID":"1281020","formEdgeID":null},{"edgeID":"1685640","fromID":"1281027","toID":"1281026","formEdgeID":null},{"edgeID":"1685641","fromID":"1281028","toID":"1281027","formEdgeID":null},{"edgeID":"1685642","fromID":"1281026","toID":"1281029","formEdgeID":null},{"edgeID":"1685643","fromID":"1281029","toID":"1281025","formEdgeID":null},{"edgeID":"1685644","fromID":"1281020","toID":"1281030","formEdgeID":null},{"edgeID":"1685645","fromID":"1281030","toID":"1281026","formEdgeID":null},{"edgeID":"1685646","fromID":"1281025","toID":"1281031","formEdgeID":null},{"edgeID":"1685647","fromID":"1281031","toID":"1281019","formEdgeID":null},{"edgeID":"1685648","fromID":"1280938","toID":"1281032","formEdgeID":null},{"edgeID":"1685649","fromID":"1281032","toID":"1280932","formEdgeID":null},{"edgeID":"1685650","fromID":"1280943","toID":"1281033","formEdgeID":null},{"edgeID":"1685651","fromID":"1281033","toID":"1281032","formEdgeID":null},{"edgeID":"1685652","fromID":"1280944","toID":"1281034","formEdgeID":null},{"edgeID":"1685653","fromID":"1281034","toID":"1280938","formEdgeID":null},{"edgeID":"1685654","fromID":"1280954","toID":"1281035","formEdgeID":null},{"edgeID":"1685655","fromID":"1281035","toID":"1281034","formEdgeID":null},{"edgeID":"1685656","fromID":"1281030","toID":"1281036","formEdgeID":null},{"edgeID":"1685657","fromID":"1281036","toID":"1281031","formEdgeID":null},{"edgeID":"1685658","fromID":"1281007","toID":"1281037","formEdgeID":null},{"edgeID":"1685659","fromID":"1281037","toID":"1281001","formEdgeID":null},{"edgeID":"1685660","fromID":"1281012","toID":"1281038","formEdgeID":null},{"edgeID":"1685661","fromID":"1281038","toID":"1281037","formEdgeID":null}],"locutions":[]}