{"nodes":[{"nodeID":"783941","text":"the high streets are changing and are adapting","type":"I","timestamp":"2021-12-09 20:52:56"},{"nodeID":"783948","text":"people can't afford to trade on the high streets","type":"I","timestamp":"2021-12-09 20:52:58"},{"nodeID":"1282141","text":"xxx is Maggie Throup's opinion on Theo Paphitis's point that the Local Authority should really need to look at business rates sometimes being higher than rent and get realistic","type":"I","timestamp":"2023-11-09 12:30:12"},{"nodeID":"1282142","text":"Fiona Bruce: What about Theo's points about business rates","type":"L","timestamp":"2023-11-09 12:30:12"},{"nodeID":"1282143","text":"Clara: Fiona Bruce: What about Theo's points about business rates","type":"L","timestamp":"2023-11-09 12:30:12"},{"nodeID":"1282144","text":"we have done a lot to support businesses","type":"I","timestamp":"2023-11-09 12:30:13"},{"nodeID":"1282145","text":"Maggie Throup: We have done a lot to support businesses","type":"L","timestamp":"2023-11-09 12:30:13"},{"nodeID":"1282146","text":"Clara: Maggie Throup: We have done a lot to support businesses","type":"L","timestamp":"2023-11-09 12:30:13"},{"nodeID":"1282147","text":"a lot of shops in Maggie Throup's constituency are small shops","type":"I","timestamp":"2023-11-09 12:30:13"},{"nodeID":"1282148","text":"Maggie Throup: a lot of shops in my constituency are small shops","type":"L","timestamp":"2023-11-09 12:30:13"},{"nodeID":"1282149","text":"Clara: Maggie Throup: a lot of shops in my constituency are small shops","type":"L","timestamp":"2023-11-09 12:30:13"},{"nodeID":"1282150","text":"a lot of shops in Maggie Throup's constituency  get business rate relief to make sure they can keep going","type":"I","timestamp":"2023-11-09 12:30:14"},{"nodeID":"1282151","text":"Maggie Throup: they get business rate relief to make sure they can keep going","type":"L","timestamp":"2023-11-09 12:30:14"},{"nodeID":"1282152","text":"Clara: Maggie Throup: they get business rate relief to make sure they can keep going","type":"L","timestamp":"2023-11-09 12:30:14"},{"nodeID":"1282153","text":"we have changed the way we use our high streets","type":"I","timestamp":"2023-11-09 12:30:14"},{"nodeID":"1282154","text":"Maggie Throup: We have changed the way we use our high streets","type":"L","timestamp":"2023-11-09 12:30:14"},{"nodeID":"1282155","text":"Clara: Maggie Throup: We have changed the way we use our high streets","type":"L","timestamp":"2023-11-09 12:30:14"},{"nodeID":"1282156","text":"the onus is on us as well to use our high streets or lose them","type":"I","timestamp":"2023-11-09 12:30:15"},{"nodeID":"1282157","text":"Maggie Throup: the onus is on us as well to use them or lose them","type":"L","timestamp":"2023-11-09 12:30:15"},{"nodeID":"1282158","text":"Clara: Maggie Throup: the onus is on us as well to use them or lose them","type":"L","timestamp":"2023-11-09 12:30:15"},{"nodeID":"1282159","text":"we'll lose our high streets","type":"I","timestamp":"2023-11-09 12:30:15"},{"nodeID":"1282160","text":"Theo Paphitis: We'll lose them","type":"L","timestamp":"2023-11-09 12:30:15"},{"nodeID":"1282161","text":"Clara: Theo Paphitis: We'll lose them","type":"L","timestamp":"2023-11-09 12:30:15"},{"nodeID":"1282162","text":"Theo Paphitis: people can't afford to trade there","type":"L","timestamp":"2023-11-09 12:30:16"},{"nodeID":"1282163","text":"Clara: Theo Paphitis: people can't afford to trade there","type":"L","timestamp":"2023-11-09 12:30:16"},{"nodeID":"1282164","text":"it costs you very little to trade online","type":"I","timestamp":"2023-11-09 12:30:17"},{"nodeID":"1282165","text":"Theo Paphitis: it costs you very little to trade online","type":"L","timestamp":"2023-11-09 12:30:17"},{"nodeID":"1282166","text":"Clara: Theo Paphitis: it costs you very little to trade online","type":"L","timestamp":"2023-11-09 12:30:17"},{"nodeID":"1282167","text":"Theo Paphitis can buy a pound retail online for 20p","type":"I","timestamp":"2023-11-09 12:30:17"},{"nodeID":"1282168","text":"Theo Paphitis: I can buy a pound retail on line for 20p","type":"L","timestamp":"2023-11-09 12:30:17"},{"nodeID":"1282169","text":"Clara: Theo Paphitis: I can buy a pound retail on line for 20p","type":"L","timestamp":"2023-11-09 12:30:17"},{"nodeID":"1282170","text":"Theo Paphitis is not going to buy a pound retail for 75p in the high street","type":"I","timestamp":"2023-11-09 12:30:18"},{"nodeID":"1282171","text":"Theo Paphitis: why am I going to buy a pound retail for 75p in the high street","type":"L","timestamp":"2023-11-09 12:30:18"},{"nodeID":"1282172","text":"Clara: Theo Paphitis: why am I going to buy a pound retail for 75p in the high street","type":"L","timestamp":"2023-11-09 12:30:18"},{"nodeID":"1282173","text":"the onus is on us to use our high streets or lose them","type":"I","timestamp":"2023-11-09 12:30:18"},{"nodeID":"1282174","text":"Maggie Throup: the onus is on us to use it or lose it","type":"L","timestamp":"2023-11-09 12:30:18"},{"nodeID":"1282175","text":"Clara: Maggie Throup: the onus is on us to use it or lose it","type":"L","timestamp":"2023-11-09 12:30:18"},{"nodeID":"1282176","text":"Maggie Throup: the high streets are changing and are adapting","type":"L","timestamp":"2023-11-09 12:30:19"},{"nodeID":"1282177","text":"Clara: Maggie Throup: the high streets are changing and are adapting","type":"L","timestamp":"2023-11-09 12:30:19"},{"nodeID":"1282178","text":"Analysing","type":"YA","timestamp":"2023-11-09 12:30:19"},{"nodeID":"1282179","text":"Asserting","type":"YA","timestamp":"2023-11-09 12:30:19"},{"nodeID":"1282180","text":"Analysing","type":"YA","timestamp":"2023-11-09 12:30:19"},{"nodeID":"1282181","text":"Asserting","type":"YA","timestamp":"2023-11-09 12:30:19"},{"nodeID":"1282182","text":"Default Transition","type":"TA","timestamp":"2023-11-09 12:30:19"},{"nodeID":"1282183","text":"Analysing","type":"YA","timestamp":"2023-11-09 12:30:19"},{"nodeID":"1282184","text":"Asserting","type":"YA","timestamp":"2023-11-09 12:30:19"},{"nodeID":"1282185","text":"Analysing","type":"YA","timestamp":"2023-11-09 12:30:19"},{"nodeID":"1282186","text":"Asserting","type":"YA","timestamp":"2023-11-09 12:30:19"},{"nodeID":"1282187","text":"Default Inference","type":"RA","timestamp":"2023-11-09 12:30:19"},{"nodeID":"1282188","text":"Default Transition","type":"TA","timestamp":"2023-11-09 12:30:19"},{"nodeID":"1282189","text":"Arguing","type":"YA","timestamp":"2023-11-09 12:30:19"},{"nodeID":"1282190","text":"Default Rephrase","type":"MA","timestamp":"2023-11-09 12:30:19"},{"nodeID":"1282191","text":"Default Illocuting","type":"YA","timestamp":"2023-11-09 12:30:19"},{"nodeID":"1282192","text":"Default Transition","type":"TA","timestamp":"2023-11-09 12:30:19"},{"nodeID":"1282193","text":"Default Inference","type":"RA","timestamp":"2023-11-09 12:30:19"},{"nodeID":"1282194","text":"Arguing","type":"YA","timestamp":"2023-11-09 12:30:19"},{"nodeID":"1282195","text":"Analysing","type":"YA","timestamp":"2023-11-09 12:30:19"},{"nodeID":"1282196","text":"Asserting","type":"YA","timestamp":"2023-11-09 12:30:19"},{"nodeID":"1282197","text":"Default Transition","type":"TA","timestamp":"2023-11-09 12:30:19"},{"nodeID":"1282198","text":"Analysing","type":"YA","timestamp":"2023-11-09 12:30:19"},{"nodeID":"1282199","text":"Asserting","type":"YA","timestamp":"2023-11-09 12:30:19"},{"nodeID":"1282200","text":"Default Transition","type":"TA","timestamp":"2023-11-09 12:30:19"},{"nodeID":"1282201","text":"Default Rephrase","type":"MA","timestamp":"2023-11-09 12:30:19"},{"nodeID":"1282202","text":"Restating","type":"YA","timestamp":"2023-11-09 12:30:19"},{"nodeID":"1282203","text":"Analysing","type":"YA","timestamp":"2023-11-09 12:30:19"},{"nodeID":"1282204","text":"Asserting","type":"YA","timestamp":"2023-11-09 12:30:19"},{"nodeID":"1282205","text":"Default Transition","type":"TA","timestamp":"2023-11-09 12:30:19"},{"nodeID":"1282206","text":"Default Conflict","type":"CA","timestamp":"2023-11-09 12:30:19"},{"nodeID":"1282207","text":"Disagreeing","type":"YA","timestamp":"2023-11-09 12:30:19"},{"nodeID":"1282208","text":"Analysing","type":"YA","timestamp":"2023-11-09 12:30:19"},{"nodeID":"1282209","text":"Asserting","type":"YA","timestamp":"2023-11-09 12:30:19"},{"nodeID":"1282210","text":"Default Transition","type":"TA","timestamp":"2023-11-09 12:30:19"},{"nodeID":"1282211","text":"Default Inference","type":"RA","timestamp":"2023-11-09 12:30:19"},{"nodeID":"1282212","text":"Arguing","type":"YA","timestamp":"2023-11-09 12:30:19"},{"nodeID":"1282213","text":"Analysing","type":"YA","timestamp":"2023-11-09 12:30:19"},{"nodeID":"1282214","text":"Asserting","type":"YA","timestamp":"2023-11-09 12:30:19"},{"nodeID":"1282215","text":"Default Transition","type":"TA","timestamp":"2023-11-09 12:30:19"},{"nodeID":"1282216","text":"Analysing","type":"YA","timestamp":"2023-11-09 12:30:19"},{"nodeID":"1282217","text":"Asserting","type":"YA","timestamp":"2023-11-09 12:30:19"},{"nodeID":"1282218","text":"Default Transition","type":"TA","timestamp":"2023-11-09 12:30:19"},{"nodeID":"1282219","text":"Analysing","type":"YA","timestamp":"2023-11-09 12:30:19"},{"nodeID":"1282220","text":"Rhetorical Questioning","type":"YA","timestamp":"2023-11-09 12:30:19"},{"nodeID":"1282221","text":"Default Transition","type":"TA","timestamp":"2023-11-09 12:30:19"},{"nodeID":"1282222","text":"Default Inference","type":"RA","timestamp":"2023-11-09 12:30:19"},{"nodeID":"1282223","text":"Arguing","type":"YA","timestamp":"2023-11-09 12:30:19"},{"nodeID":"1282224","text":"Default Transition","type":"TA","timestamp":"2023-11-09 12:30:19"},{"nodeID":"1282225","text":"Default Inference","type":"RA","timestamp":"2023-11-09 12:30:19"},{"nodeID":"1282226","text":"Arguing","type":"YA","timestamp":"2023-11-09 12:30:19"},{"nodeID":"1282227","text":"Analysing","type":"YA","timestamp":"2023-11-09 12:30:19"},{"nodeID":"1282228","text":"Asserting","type":"YA","timestamp":"2023-11-09 12:30:19"},{"nodeID":"1282229","text":"Default Transition","type":"TA","timestamp":"2023-11-09 12:30:19"},{"nodeID":"1282230","text":"Default Rephrase","type":"MA","timestamp":"2023-11-09 12:30:19"},{"nodeID":"1282231","text":"Restating","type":"YA","timestamp":"2023-11-09 12:30:19"},{"nodeID":"1282232","text":"Analysing","type":"YA","timestamp":"2023-11-09 12:30:19"},{"nodeID":"1282233","text":"Asserting","type":"YA","timestamp":"2023-11-09 12:30:19"},{"nodeID":"1282234","text":"Default Transition","type":"TA","timestamp":"2023-11-09 12:30:19"},{"nodeID":"1282235","text":"Default Inference","type":"RA","timestamp":"2023-11-09 12:30:19"},{"nodeID":"1282236","text":"Arguing","type":"YA","timestamp":"2023-11-09 12:30:19"},{"nodeID":"1282237","text":"Default Transition","type":"TA","timestamp":"2023-11-09 12:30:19"},{"nodeID":"1282238","text":"Default Inference","type":"RA","timestamp":"2023-11-09 12:30:19"},{"nodeID":"1282239","text":"Arguing","type":"YA","timestamp":"2023-11-09 12:30:19"},{"nodeID":"1282240","text":"Default Transition","type":"TA","timestamp":"2023-11-09 12:30:19"}],"edges":[{"edgeID":"1687005","fromID":"1282178","toID":"1282142","formEdgeID":null},{"edgeID":"1687006","fromID":"1282143","toID":"1282178","formEdgeID":null},{"edgeID":"1687007","fromID":"1282142","toID":"1282179","formEdgeID":null},{"edgeID":"1687008","fromID":"1282179","toID":"1282141","formEdgeID":null},{"edgeID":"1687009","fromID":"1282180","toID":"1282145","formEdgeID":null},{"edgeID":"1687010","fromID":"1282146","toID":"1282180","formEdgeID":null},{"edgeID":"1687011","fromID":"1282145","toID":"1282181","formEdgeID":null},{"edgeID":"1687012","fromID":"1282181","toID":"1282144","formEdgeID":null},{"edgeID":"1687013","fromID":"1282142","toID":"1282182","formEdgeID":null},{"edgeID":"1687014","fromID":"1282182","toID":"1282145","formEdgeID":null},{"edgeID":"1687015","fromID":"1282183","toID":"1282148","formEdgeID":null},{"edgeID":"1687016","fromID":"1282149","toID":"1282183","formEdgeID":null},{"edgeID":"1687017","fromID":"1282148","toID":"1282184","formEdgeID":null},{"edgeID":"1687018","fromID":"1282184","toID":"1282147","formEdgeID":null},{"edgeID":"1687019","fromID":"1282185","toID":"1282151","formEdgeID":null},{"edgeID":"1687020","fromID":"1282152","toID":"1282185","formEdgeID":null},{"edgeID":"1687021","fromID":"1282151","toID":"1282186","formEdgeID":null},{"edgeID":"1687022","fromID":"1282186","toID":"1282150","formEdgeID":null},{"edgeID":"1687023","fromID":"1282147","toID":"1282187","formEdgeID":null},{"edgeID":"1687024","fromID":"1282187","toID":"1282150","formEdgeID":null},{"edgeID":"1687025","fromID":"1282148","toID":"1282188","formEdgeID":null},{"edgeID":"1687026","fromID":"1282188","toID":"1282151","formEdgeID":null},{"edgeID":"1687027","fromID":"1282188","toID":"1282189","formEdgeID":null},{"edgeID":"1687028","fromID":"1282189","toID":"1282187","formEdgeID":null},{"edgeID":"1687029","fromID":"1282144","toID":"1282190","formEdgeID":null},{"edgeID":"1687030","fromID":"1282190","toID":"1282141","formEdgeID":null},{"edgeID":"1687031","fromID":"1282182","toID":"1282191","formEdgeID":null},{"edgeID":"1687032","fromID":"1282191","toID":"1282190","formEdgeID":null},{"edgeID":"1687033","fromID":"1282145","toID":"1282192","formEdgeID":null},{"edgeID":"1687034","fromID":"1282192","toID":"1282151","formEdgeID":null},{"edgeID":"1687035","fromID":"1282150","toID":"1282193","formEdgeID":null},{"edgeID":"1687036","fromID":"1282193","toID":"1282144","formEdgeID":null},{"edgeID":"1687037","fromID":"1282192","toID":"1282194","formEdgeID":null},{"edgeID":"1687038","fromID":"1282194","toID":"1282193","formEdgeID":null},{"edgeID":"1687039","fromID":"1282195","toID":"1282154","formEdgeID":null},{"edgeID":"1687040","fromID":"1282155","toID":"1282195","formEdgeID":null},{"edgeID":"1687041","fromID":"1282154","toID":"1282196","formEdgeID":null},{"edgeID":"1687042","fromID":"1282196","toID":"1282153","formEdgeID":null},{"edgeID":"1687043","fromID":"1282151","toID":"1282197","formEdgeID":null},{"edgeID":"1687044","fromID":"1282197","toID":"1282154","formEdgeID":null},{"edgeID":"1687045","fromID":"1282198","toID":"1282157","formEdgeID":null},{"edgeID":"1687046","fromID":"1282158","toID":"1282198","formEdgeID":null},{"edgeID":"1687047","fromID":"1282157","toID":"1282199","formEdgeID":null},{"edgeID":"1687048","fromID":"1282199","toID":"1282156","formEdgeID":null},{"edgeID":"1687049","fromID":"1282154","toID":"1282200","formEdgeID":null},{"edgeID":"1687050","fromID":"1282200","toID":"1282157","formEdgeID":null},{"edgeID":"1687051","fromID":"1282156","toID":"1282201","formEdgeID":null},{"edgeID":"1687052","fromID":"1282201","toID":"1282153","formEdgeID":null},{"edgeID":"1687053","fromID":"1282200","toID":"1282202","formEdgeID":null},{"edgeID":"1687054","fromID":"1282202","toID":"1282201","formEdgeID":null},{"edgeID":"1687055","fromID":"1282203","toID":"1282160","formEdgeID":null},{"edgeID":"1687056","fromID":"1282161","toID":"1282203","formEdgeID":null},{"edgeID":"1687057","fromID":"1282160","toID":"1282204","formEdgeID":null},{"edgeID":"1687058","fromID":"1282204","toID":"1282159","formEdgeID":null},{"edgeID":"1687059","fromID":"1282157","toID":"1282205","formEdgeID":null},{"edgeID":"1687060","fromID":"1282205","toID":"1282160","formEdgeID":null},{"edgeID":"1687061","fromID":"1282159","toID":"1282206","formEdgeID":null},{"edgeID":"1687062","fromID":"1282206","toID":"1282156","formEdgeID":null},{"edgeID":"1687063","fromID":"1282205","toID":"1282207","formEdgeID":null},{"edgeID":"1687064","fromID":"1282207","toID":"1282206","formEdgeID":null},{"edgeID":"1687065","fromID":"1282208","toID":"1282162","formEdgeID":null},{"edgeID":"1687066","fromID":"1282163","toID":"1282208","formEdgeID":null},{"edgeID":"1687067","fromID":"1282162","toID":"1282209","formEdgeID":null},{"edgeID":"1687068","fromID":"1282209","toID":"783948","formEdgeID":null},{"edgeID":"1687069","fromID":"1282160","toID":"1282210","formEdgeID":null},{"edgeID":"1687070","fromID":"1282210","toID":"1282162","formEdgeID":null},{"edgeID":"1687071","fromID":"783948","toID":"1282211","formEdgeID":null},{"edgeID":"1687072","fromID":"1282211","toID":"1282159","formEdgeID":null},{"edgeID":"1687073","fromID":"1282210","toID":"1282212","formEdgeID":null},{"edgeID":"1687074","fromID":"1282212","toID":"1282211","formEdgeID":null},{"edgeID":"1687075","fromID":"1282213","toID":"1282165","formEdgeID":null},{"edgeID":"1687076","fromID":"1282166","toID":"1282213","formEdgeID":null},{"edgeID":"1687077","fromID":"1282165","toID":"1282214","formEdgeID":null},{"edgeID":"1687078","fromID":"1282214","toID":"1282164","formEdgeID":null},{"edgeID":"1687079","fromID":"1282162","toID":"1282215","formEdgeID":null},{"edgeID":"1687080","fromID":"1282215","toID":"1282165","formEdgeID":null},{"edgeID":"1687081","fromID":"1282216","toID":"1282168","formEdgeID":null},{"edgeID":"1687082","fromID":"1282169","toID":"1282216","formEdgeID":null},{"edgeID":"1687083","fromID":"1282168","toID":"1282217","formEdgeID":null},{"edgeID":"1687084","fromID":"1282217","toID":"1282167","formEdgeID":null},{"edgeID":"1687085","fromID":"1282165","toID":"1282218","formEdgeID":null},{"edgeID":"1687086","fromID":"1282218","toID":"1282168","formEdgeID":null},{"edgeID":"1687087","fromID":"1282219","toID":"1282171","formEdgeID":null},{"edgeID":"1687088","fromID":"1282172","toID":"1282219","formEdgeID":null},{"edgeID":"1687089","fromID":"1282171","toID":"1282220","formEdgeID":null},{"edgeID":"1687090","fromID":"1282220","toID":"1282170","formEdgeID":null},{"edgeID":"1687091","fromID":"1282168","toID":"1282221","formEdgeID":null},{"edgeID":"1687092","fromID":"1282221","toID":"1282171","formEdgeID":null},{"edgeID":"1687093","fromID":"1282167","toID":"1282222","formEdgeID":null},{"edgeID":"1687094","fromID":"1282222","toID":"1282170","formEdgeID":null},{"edgeID":"1687095","fromID":"1282221","toID":"1282223","formEdgeID":null},{"edgeID":"1687096","fromID":"1282223","toID":"1282222","formEdgeID":null},{"edgeID":"1687097","fromID":"1282162","toID":"1282224","formEdgeID":null},{"edgeID":"1687098","fromID":"1282224","toID":"1282171","formEdgeID":null},{"edgeID":"1687099","fromID":"1282170","toID":"1282225","formEdgeID":null},{"edgeID":"1687100","fromID":"1282225","toID":"783948","formEdgeID":null},{"edgeID":"1687101","fromID":"1282164","toID":"1282225","formEdgeID":null},{"edgeID":"1687102","fromID":"1282224","toID":"1282226","formEdgeID":null},{"edgeID":"1687103","fromID":"1282226","toID":"1282225","formEdgeID":null},{"edgeID":"1687104","fromID":"1282227","toID":"1282174","formEdgeID":null},{"edgeID":"1687105","fromID":"1282175","toID":"1282227","formEdgeID":null},{"edgeID":"1687106","fromID":"1282174","toID":"1282228","formEdgeID":null},{"edgeID":"1687107","fromID":"1282228","toID":"1282173","formEdgeID":null},{"edgeID":"1687108","fromID":"1282157","toID":"1282229","formEdgeID":null},{"edgeID":"1687109","fromID":"1282229","toID":"1282174","formEdgeID":null},{"edgeID":"1687110","fromID":"1282173","toID":"1282230","formEdgeID":null},{"edgeID":"1687111","fromID":"1282230","toID":"1282156","formEdgeID":null},{"edgeID":"1687112","fromID":"1282229","toID":"1282231","formEdgeID":null},{"edgeID":"1687113","fromID":"1282231","toID":"1282230","formEdgeID":null},{"edgeID":"1687114","fromID":"1282232","toID":"1282176","formEdgeID":null},{"edgeID":"1687115","fromID":"1282177","toID":"1282232","formEdgeID":null},{"edgeID":"1687116","fromID":"1282176","toID":"1282233","formEdgeID":null},{"edgeID":"1687117","fromID":"1282233","toID":"783941","formEdgeID":null},{"edgeID":"1687118","fromID":"1282154","toID":"1282234","formEdgeID":null},{"edgeID":"1687119","fromID":"1282234","toID":"1282176","formEdgeID":null},{"edgeID":"1687120","fromID":"1282153","toID":"1282235","formEdgeID":null},{"edgeID":"1687121","fromID":"1282235","toID":"783941","formEdgeID":null},{"edgeID":"1687122","fromID":"1282234","toID":"1282236","formEdgeID":null},{"edgeID":"1687123","fromID":"1282236","toID":"1282235","formEdgeID":null},{"edgeID":"1687124","fromID":"1282176","toID":"1282237","formEdgeID":null},{"edgeID":"1687125","fromID":"1282237","toID":"1282174","formEdgeID":null},{"edgeID":"1687126","fromID":"783941","toID":"1282238","formEdgeID":null},{"edgeID":"1687127","fromID":"1282238","toID":"1282173","formEdgeID":null},{"edgeID":"1687128","fromID":"1282237","toID":"1282239","formEdgeID":null},{"edgeID":"1687129","fromID":"1282239","toID":"1282238","formEdgeID":null},{"edgeID":"1687130","fromID":"1282145","toID":"1282240","formEdgeID":null},{"edgeID":"1687131","fromID":"1282240","toID":"1282148","formEdgeID":null}],"locutions":[]}