{"nodes":[{"nodeID":"783779","text":"all nonessential travel should or shouldn't be postponed until spring","type":"I","timestamp":"2021-12-09 20:52:05"},{"nodeID":"783833","text":"at this stage Maggie Throup can or cannot say whether we need the vaccines every year or not","type":"I","timestamp":"2021-12-09 20:52:21"},{"nodeID":"783851","text":"the best thing people can do, if you haven't had a jab at all","type":"I","timestamp":"2021-12-09 20:52:28"},{"nodeID":"1138960","text":"we thought we were getting somewhere","type":"I","timestamp":"2023-04-05 20:29:21"},{"nodeID":"1138965","text":"we have a new variant","type":"I","timestamp":"2023-04-05 20:29:24"},{"nodeID":"1138979","text":"the vaccines are so, so powerful against the Delta variant","type":"I","timestamp":"2023-04-05 20:29:28"},{"nodeID":"1139001","text":"you delayed the second jab","type":"I","timestamp":"2023-04-05 20:29:35"},{"nodeID":"1139006","text":"get the second jab","type":"I","timestamp":"2023-04-05 20:29:37"},{"nodeID":"1139011","text":"get the booster as well","type":"I","timestamp":"2023-04-05 20:29:39"},{"nodeID":"1139030","text":"it is back to a degree of clarity from the government","type":"I","timestamp":"2023-04-05 20:29:44"},{"nodeID":"1139046","text":"it is easy to think about travel just as people are going on their holidays","type":"I","timestamp":"2023-04-05 20:29:50"},{"nodeID":"1139066","text":"Wendy Chamberlain is supportive of what Labour are calling for in terms of testing","type":"I","timestamp":"2023-04-05 20:29:59"},{"nodeID":"1280334","text":"Fiona Bruce: Can you say whether we need them every year at not at this stage","type":"L","timestamp":"2023-11-09 12:27:37"},{"nodeID":"1280335","text":"Zlata: Fiona Bruce: Can you say whether we need them every year at not at this stage","type":"L","timestamp":"2023-11-09 12:27:37"},{"nodeID":"1280336","text":"at the moment it looks like we probably will need vaccines every year","type":"I","timestamp":"2023-11-09 12:27:38"},{"nodeID":"1280337","text":"Maggie Throup: At the moment it looks like we probably will","type":"L","timestamp":"2023-11-09 12:27:38"},{"nodeID":"1280338","text":"Zlata: Maggie Throup: At the moment it looks like we probably will","type":"L","timestamp":"2023-11-09 12:27:38"},{"nodeID":"1280339","text":"one thing about this virus, it has been unpredictable","type":"I","timestamp":"2023-11-09 12:27:39"},{"nodeID":"1280340","text":"Maggie Throup: One thing about this virus, it has been unpredictable","type":"L","timestamp":"2023-11-09 12:27:39"},{"nodeID":"1280341","text":"Zlata: Maggie Throup: One thing about this virus, it has been unpredictable","type":"L","timestamp":"2023-11-09 12:27:39"},{"nodeID":"1280342","text":"Maggie Throup: we thought we were getting somewhere","type":"L","timestamp":"2023-11-09 12:27:39"},{"nodeID":"1280343","text":"Zlata: Maggie Throup: we thought we were getting somewhere","type":"L","timestamp":"2023-11-09 12:27:39"},{"nodeID":"1280344","text":"Maggie Throup: we have a new variant","type":"L","timestamp":"2023-11-09 12:27:40"},{"nodeID":"1280345","text":"Zlata: Maggie Throup: we have a new variant","type":"L","timestamp":"2023-11-09 12:27:40"},{"nodeID":"1280346","text":"the most dominant variant in the UK at the moment is still the Delta variant","type":"I","timestamp":"2023-11-09 12:27:40"},{"nodeID":"1280347","text":"Maggie Throup:  the most dominant variant in the UK at the moment is still the Delta variant","type":"L","timestamp":"2023-11-09 12:27:40"},{"nodeID":"1280348","text":"Zlata: Maggie Throup:  the most dominant variant in the UK at the moment is still the Delta variant","type":"L","timestamp":"2023-11-09 12:27:40"},{"nodeID":"1280349","text":"Maggie Throup: The vaccines are so, so powerful against the Delta variant","type":"L","timestamp":"2023-11-09 12:27:41"},{"nodeID":"1280350","text":"Zlata: Maggie Throup: The vaccines are so, so powerful against the Delta variant","type":"L","timestamp":"2023-11-09 12:27:41"},{"nodeID":"1280351","text":"Maggie Throup:  The best thing people can do, if you haven't had a jab at all","type":"L","timestamp":"2023-11-09 12:27:42"},{"nodeID":"1280352","text":"Zlata: Maggie Throup:  The best thing people can do, if you haven't had a jab at all","type":"L","timestamp":"2023-11-09 12:27:42"},{"nodeID":"1280353","text":"get the first jab","type":"I","timestamp":"2023-11-09 12:27:42"},{"nodeID":"1280354","text":"Maggie Throup: get the first jab","type":"L","timestamp":"2023-11-09 12:27:42"},{"nodeID":"1280355","text":"Zlata: Maggie Throup: get the first jab","type":"L","timestamp":"2023-11-09 12:27:42"},{"nodeID":"1280356","text":"Maggie Throup:  you delayed the second jab","type":"L","timestamp":"2023-11-09 12:27:43"},{"nodeID":"1280357","text":"Zlata: Maggie Throup:  you delayed the second jab","type":"L","timestamp":"2023-11-09 12:27:43"},{"nodeID":"1280358","text":"Maggie Throup: get that","type":"L","timestamp":"2023-11-09 12:27:43"},{"nodeID":"1280359","text":"Zlata: Maggie Throup: get that","type":"L","timestamp":"2023-11-09 12:27:43"},{"nodeID":"1280360","text":"Maggie Throup:  get the booster as well","type":"L","timestamp":"2023-11-09 12:27:44"},{"nodeID":"1280361","text":"Zlata: Maggie Throup:  get the booster as well","type":"L","timestamp":"2023-11-09 12:27:44"},{"nodeID":"1280362","text":"Fiona Bruce: should all nonessential travel be postponed until spring","type":"L","timestamp":"2023-11-09 12:27:45"},{"nodeID":"1280363","text":"Zlata: Fiona Bruce: should all nonessential travel be postponed until spring","type":"L","timestamp":"2023-11-09 12:27:45"},{"nodeID":"1280364","text":"Wendy Chamberlain: it is back to a degree of clarity from the government","type":"L","timestamp":"2023-11-09 12:27:45"},{"nodeID":"1280365","text":"Zlata: Wendy Chamberlain: it is back to a degree of clarity from the government","type":"L","timestamp":"2023-11-09 12:27:45"},{"nodeID":"1280366","text":"AudienceMember 20211209QT19 was talking about the fact that for many families Christmas was cancelled","type":"I","timestamp":"2023-11-09 12:27:46"},{"nodeID":"1280367","text":"Wendy Chamberlain: Our last questioner was talking about the fact for many families Christmas was cancelled","type":"L","timestamp":"2023-11-09 12:27:46"},{"nodeID":"1280368","text":"Zlata: Wendy Chamberlain: Our last questioner was talking about the fact for many families Christmas was cancelled","type":"L","timestamp":"2023-11-09 12:27:46"},{"nodeID":"1280369","text":"Wendy Chamberlain: it is easy to think about travel just as people are going on their holidays","type":"L","timestamp":"2023-11-09 12:27:46"},{"nodeID":"1280370","text":"Zlata: Wendy Chamberlain: it is easy to think about travel just as people are going on their holidays","type":"L","timestamp":"2023-11-09 12:27:46"},{"nodeID":"1280371","text":"there are people separated for significant periods of time as a result of COVID restrictions","type":"I","timestamp":"2023-11-09 12:27:47"},{"nodeID":"1280372","text":"Wendy Chamberlain: there are people separated for significant periods of time as a result of COVID restrictions","type":"L","timestamp":"2023-11-09 12:27:47"},{"nodeID":"1280373","text":"Zlata: Wendy Chamberlain: there are people separated for significant periods of time as a result of COVID restrictions","type":"L","timestamp":"2023-11-09 12:27:47"},{"nodeID":"1280374","text":"we need to think very carefully about people separated for significant periods of time as a result of COVID restrictions","type":"I","timestamp":"2023-11-09 12:27:47"},{"nodeID":"1280375","text":"Wendy Chamberlain:  we need to think very careful about that","type":"L","timestamp":"2023-11-09 12:27:47"},{"nodeID":"1280376","text":"Zlata: Wendy Chamberlain:  we need to think very careful about that","type":"L","timestamp":"2023-11-09 12:27:47"},{"nodeID":"1280377","text":"Wendy Chamberlain: I'm supportive of what Labour are calling for in terms of testing","type":"L","timestamp":"2023-11-09 12:27:48"},{"nodeID":"1280378","text":"Zlata: Wendy Chamberlain: I'm supportive of what Labour are calling for in terms of testing","type":"L","timestamp":"2023-11-09 12:27:48"},{"nodeID":"1280379","text":"we've done what Labour are calling for in terms of testing before","type":"I","timestamp":"2023-11-09 12:27:49"},{"nodeID":"1280380","text":"Wendy Chamberlain: We've done it before","type":"L","timestamp":"2023-11-09 12:27:49"},{"nodeID":"1280381","text":"Zlata: Wendy Chamberlain: We've done it before","type":"L","timestamp":"2023-11-09 12:27:49"},{"nodeID":"1280382","text":"we aren't doing what Labour are calling for in terms of testing again","type":"I","timestamp":"2023-11-09 12:27:49"},{"nodeID":"1280383","text":"Wendy Chamberlain: why aren't we doing it again","type":"L","timestamp":"2023-11-09 12:27:49"},{"nodeID":"1280384","text":"Zlata: Wendy Chamberlain: why aren't we doing it again","type":"L","timestamp":"2023-11-09 12:27:49"},{"nodeID":"1280385","text":"Analysing","type":"YA","timestamp":"2023-11-09 12:27:49"},{"nodeID":"1280386","text":"Pure Questioning","type":"YA","timestamp":"2023-11-09 12:27:49"},{"nodeID":"1280387","text":"Analysing","type":"YA","timestamp":"2023-11-09 12:27:49"},{"nodeID":"1280388","text":"Asserting","type":"YA","timestamp":"2023-11-09 12:27:49"},{"nodeID":"1280389","text":"Default Transition","type":"TA","timestamp":"2023-11-09 12:27:49"},{"nodeID":"1280390","text":"Default Rephrase","type":"MA","timestamp":"2023-11-09 12:27:49"},{"nodeID":"1280391","text":"Default Illocuting","type":"YA","timestamp":"2023-11-09 12:27:49"},{"nodeID":"1280392","text":"Analysing","type":"YA","timestamp":"2023-11-09 12:27:49"},{"nodeID":"1280393","text":"Asserting","type":"YA","timestamp":"2023-11-09 12:27:49"},{"nodeID":"1280394","text":"Default Transition","type":"TA","timestamp":"2023-11-09 12:27:49"},{"nodeID":"1280395","text":"Default Inference","type":"RA","timestamp":"2023-11-09 12:27:49"},{"nodeID":"1280396","text":"Arguing","type":"YA","timestamp":"2023-11-09 12:27:49"},{"nodeID":"1280397","text":"Analysing","type":"YA","timestamp":"2023-11-09 12:27:49"},{"nodeID":"1280398","text":"Asserting","type":"YA","timestamp":"2023-11-09 12:27:49"},{"nodeID":"1280399","text":"Analysing","type":"YA","timestamp":"2023-11-09 12:27:49"},{"nodeID":"1280400","text":"Asserting","type":"YA","timestamp":"2023-11-09 12:27:49"},{"nodeID":"1280401","text":"Default Transition","type":"TA","timestamp":"2023-11-09 12:27:49"},{"nodeID":"1280402","text":"Default Transition","type":"TA","timestamp":"2023-11-09 12:27:49"},{"nodeID":"1280403","text":"Default Inference","type":"RA","timestamp":"2023-11-09 12:27:49"},{"nodeID":"1280404","text":"Arguing","type":"YA","timestamp":"2023-11-09 12:27:49"},{"nodeID":"1280405","text":"Analysing","type":"YA","timestamp":"2023-11-09 12:27:49"},{"nodeID":"1280406","text":"Asserting","type":"YA","timestamp":"2023-11-09 12:27:49"},{"nodeID":"1280407","text":"Default Transition","type":"TA","timestamp":"2023-11-09 12:27:49"},{"nodeID":"1280408","text":"Analysing","type":"YA","timestamp":"2023-11-09 12:27:49"},{"nodeID":"1280409","text":"Asserting","type":"YA","timestamp":"2023-11-09 12:27:49"},{"nodeID":"1280410","text":"Analysing","type":"YA","timestamp":"2023-11-09 12:27:49"},{"nodeID":"1280411","text":"Asserting","type":"YA","timestamp":"2023-11-09 12:27:49"},{"nodeID":"1280412","text":"Analysing","type":"YA","timestamp":"2023-11-09 12:27:49"},{"nodeID":"1280413","text":"Asserting","type":"YA","timestamp":"2023-11-09 12:27:49"},{"nodeID":"1280414","text":"Default Transition","type":"TA","timestamp":"2023-11-09 12:27:49"},{"nodeID":"1280415","text":"Analysing","type":"YA","timestamp":"2023-11-09 12:27:49"},{"nodeID":"1280416","text":"Asserting","type":"YA","timestamp":"2023-11-09 12:27:49"},{"nodeID":"1280417","text":"Default Transition","type":"TA","timestamp":"2023-11-09 12:27:49"},{"nodeID":"1280418","text":"Analysing","type":"YA","timestamp":"2023-11-09 12:27:49"},{"nodeID":"1280419","text":"Asserting","type":"YA","timestamp":"2023-11-09 12:27:49"},{"nodeID":"1280420","text":"Default Transition","type":"TA","timestamp":"2023-11-09 12:27:49"},{"nodeID":"1280421","text":"Analysing","type":"YA","timestamp":"2023-11-09 12:27:49"},{"nodeID":"1280422","text":"Asserting","type":"YA","timestamp":"2023-11-09 12:27:49"},{"nodeID":"1280423","text":"Default Transition","type":"TA","timestamp":"2023-11-09 12:27:49"},{"nodeID":"1280424","text":"Default Transition","type":"TA","timestamp":"2023-11-09 12:27:49"},{"nodeID":"1280425","text":"Default Inference","type":"RA","timestamp":"2023-11-09 12:27:49"},{"nodeID":"1280426","text":"Arguing","type":"YA","timestamp":"2023-11-09 12:27:49"},{"nodeID":"1280427","text":"Analysing","type":"YA","timestamp":"2023-11-09 12:27:49"},{"nodeID":"1280428","text":"Pure Questioning","type":"YA","timestamp":"2023-11-09 12:27:49"},{"nodeID":"1280429","text":"Default Transition","type":"TA","timestamp":"2023-11-09 12:27:49"},{"nodeID":"1280430","text":"Analysing","type":"YA","timestamp":"2023-11-09 12:27:49"},{"nodeID":"1280431","text":"Asserting","type":"YA","timestamp":"2023-11-09 12:27:49"},{"nodeID":"1280432","text":"Default Transition","type":"TA","timestamp":"2023-11-09 12:27:49"},{"nodeID":"1280433","text":"Analysing","type":"YA","timestamp":"2023-11-09 12:27:49"},{"nodeID":"1280434","text":"Asserting","type":"YA","timestamp":"2023-11-09 12:27:49"},{"nodeID":"1280435","text":"Default Transition","type":"TA","timestamp":"2023-11-09 12:27:49"},{"nodeID":"1280436","text":"Analysing","type":"YA","timestamp":"2023-11-09 12:27:49"},{"nodeID":"1280437","text":"Asserting","type":"YA","timestamp":"2023-11-09 12:27:49"},{"nodeID":"1280438","text":"Default Transition","type":"TA","timestamp":"2023-11-09 12:27:49"},{"nodeID":"1280439","text":"Analysing","type":"YA","timestamp":"2023-11-09 12:27:49"},{"nodeID":"1280440","text":"Asserting","type":"YA","timestamp":"2023-11-09 12:27:49"},{"nodeID":"1280441","text":"Default Transition","type":"TA","timestamp":"2023-11-09 12:27:49"},{"nodeID":"1280442","text":"Analysing","type":"YA","timestamp":"2023-11-09 12:27:49"},{"nodeID":"1280443","text":"Asserting","type":"YA","timestamp":"2023-11-09 12:27:49"},{"nodeID":"1280444","text":"Default Transition","type":"TA","timestamp":"2023-11-09 12:27:49"},{"nodeID":"1280445","text":"Default Rephrase","type":"MA","timestamp":"2023-11-09 12:27:49"},{"nodeID":"1280446","text":"Restating","type":"YA","timestamp":"2023-11-09 12:27:49"},{"nodeID":"1280447","text":"Analysing","type":"YA","timestamp":"2023-11-09 12:27:49"},{"nodeID":"1280448","text":"Asserting","type":"YA","timestamp":"2023-11-09 12:27:49"},{"nodeID":"1280449","text":"Default Transition","type":"TA","timestamp":"2023-11-09 12:27:49"},{"nodeID":"1280450","text":"Analysing","type":"YA","timestamp":"2023-11-09 12:27:49"},{"nodeID":"1280451","text":"Asserting","type":"YA","timestamp":"2023-11-09 12:27:49"},{"nodeID":"1280452","text":"Default Transition","type":"TA","timestamp":"2023-11-09 12:27:49"},{"nodeID":"1280453","text":"Default Inference","type":"RA","timestamp":"2023-11-09 12:27:49"},{"nodeID":"1280454","text":"Analysing","type":"YA","timestamp":"2023-11-09 12:27:49"},{"nodeID":"1280455","text":"Rhetorical Questioning","type":"YA","timestamp":"2023-11-09 12:27:49"},{"nodeID":"1280456","text":"Default Transition","type":"TA","timestamp":"2023-11-09 12:27:49"},{"nodeID":"1280457","text":"Default Inference","type":"RA","timestamp":"2023-11-09 12:27:49"},{"nodeID":"1280458","text":"Arguing","type":"YA","timestamp":"2023-11-09 12:27:49"},{"nodeID":"1280459","text":"Default Inference","type":"RA","timestamp":"2023-11-09 12:27:49"},{"nodeID":"1280460","text":"Default Transition","type":"TA","timestamp":"2023-11-09 12:27:49"},{"nodeID":"1280461","text":"Default Transition","type":"TA","timestamp":"2023-11-09 12:27:49"},{"nodeID":"1280462","text":"Arguing","type":"YA","timestamp":"2023-11-09 12:27:49"},{"nodeID":"1280463","text":"Default Inference","type":"RA","timestamp":"2023-11-09 12:27:49"},{"nodeID":"1280464","text":"Arguing","type":"YA","timestamp":"2023-11-09 12:27:49"},{"nodeID":"1280465","text":"Arguing","type":"YA","timestamp":"2023-11-09 12:27:49"}],"edges":[{"edgeID":"1684816","fromID":"1280385","toID":"1280334","formEdgeID":null},{"edgeID":"1684817","fromID":"1280335","toID":"1280385","formEdgeID":null},{"edgeID":"1684818","fromID":"1280334","toID":"1280386","formEdgeID":null},{"edgeID":"1684819","fromID":"1280386","toID":"783833","formEdgeID":null},{"edgeID":"1684820","fromID":"1280387","toID":"1280337","formEdgeID":null},{"edgeID":"1684821","fromID":"1280338","toID":"1280387","formEdgeID":null},{"edgeID":"1684822","fromID":"1280337","toID":"1280388","formEdgeID":null},{"edgeID":"1684823","fromID":"1280388","toID":"1280336","formEdgeID":null},{"edgeID":"1684824","fromID":"1280334","toID":"1280389","formEdgeID":null},{"edgeID":"1684825","fromID":"1280389","toID":"1280337","formEdgeID":null},{"edgeID":"1684826","fromID":"1280336","toID":"1280390","formEdgeID":null},{"edgeID":"1684827","fromID":"1280390","toID":"783833","formEdgeID":null},{"edgeID":"1684828","fromID":"1280389","toID":"1280391","formEdgeID":null},{"edgeID":"1684829","fromID":"1280391","toID":"1280390","formEdgeID":null},{"edgeID":"1684830","fromID":"1280392","toID":"1280340","formEdgeID":null},{"edgeID":"1684831","fromID":"1280341","toID":"1280392","formEdgeID":null},{"edgeID":"1684832","fromID":"1280340","toID":"1280393","formEdgeID":null},{"edgeID":"1684833","fromID":"1280393","toID":"1280339","formEdgeID":null},{"edgeID":"1684834","fromID":"1280337","toID":"1280394","formEdgeID":null},{"edgeID":"1684835","fromID":"1280394","toID":"1280340","formEdgeID":null},{"edgeID":"1684836","fromID":"1280339","toID":"1280395","formEdgeID":null},{"edgeID":"1684837","fromID":"1280395","toID":"1280336","formEdgeID":null},{"edgeID":"1684838","fromID":"1280394","toID":"1280396","formEdgeID":null},{"edgeID":"1684839","fromID":"1280396","toID":"1280395","formEdgeID":null},{"edgeID":"1684840","fromID":"1280397","toID":"1280342","formEdgeID":null},{"edgeID":"1684841","fromID":"1280343","toID":"1280397","formEdgeID":null},{"edgeID":"1684842","fromID":"1280342","toID":"1280398","formEdgeID":null},{"edgeID":"1684843","fromID":"1280398","toID":"1138960","formEdgeID":null},{"edgeID":"1684844","fromID":"1280399","toID":"1280344","formEdgeID":null},{"edgeID":"1684845","fromID":"1280345","toID":"1280399","formEdgeID":null},{"edgeID":"1684846","fromID":"1280344","toID":"1280400","formEdgeID":null},{"edgeID":"1684847","fromID":"1280400","toID":"1138965","formEdgeID":null},{"edgeID":"1684848","fromID":"1280340","toID":"1280401","formEdgeID":null},{"edgeID":"1684849","fromID":"1280401","toID":"1280342","formEdgeID":null},{"edgeID":"1684850","fromID":"1280340","toID":"1280402","formEdgeID":null},{"edgeID":"1684851","fromID":"1280402","toID":"1280344","formEdgeID":null},{"edgeID":"1684852","fromID":"1138965","toID":"1280403","formEdgeID":null},{"edgeID":"1684853","fromID":"1280403","toID":"1280339","formEdgeID":null},{"edgeID":"1684854","fromID":"1138960","toID":"1280403","formEdgeID":null},{"edgeID":"1684855","fromID":"1280402","toID":"1280404","formEdgeID":null},{"edgeID":"1684856","fromID":"1280404","toID":"1280403","formEdgeID":null},{"edgeID":"1684857","fromID":"1280405","toID":"1280347","formEdgeID":null},{"edgeID":"1684858","fromID":"1280348","toID":"1280405","formEdgeID":null},{"edgeID":"1684859","fromID":"1280347","toID":"1280406","formEdgeID":null},{"edgeID":"1684860","fromID":"1280406","toID":"1280346","formEdgeID":null},{"edgeID":"1684861","fromID":"1280344","toID":"1280407","formEdgeID":null},{"edgeID":"1684862","fromID":"1280407","toID":"1280347","formEdgeID":null},{"edgeID":"1684863","fromID":"1280408","toID":"1280349","formEdgeID":null},{"edgeID":"1684864","fromID":"1280350","toID":"1280408","formEdgeID":null},{"edgeID":"1684865","fromID":"1280349","toID":"1280409","formEdgeID":null},{"edgeID":"1684866","fromID":"1280409","toID":"1138979","formEdgeID":null},{"edgeID":"1684867","fromID":"1280410","toID":"1280351","formEdgeID":null},{"edgeID":"1684868","fromID":"1280352","toID":"1280410","formEdgeID":null},{"edgeID":"1684869","fromID":"1280351","toID":"1280411","formEdgeID":null},{"edgeID":"1684870","fromID":"1280411","toID":"783851","formEdgeID":null},{"edgeID":"1684871","fromID":"1280412","toID":"1280354","formEdgeID":null},{"edgeID":"1684872","fromID":"1280355","toID":"1280412","formEdgeID":null},{"edgeID":"1684873","fromID":"1280354","toID":"1280413","formEdgeID":null},{"edgeID":"1684874","fromID":"1280413","toID":"1280353","formEdgeID":null},{"edgeID":"1684875","fromID":"1280351","toID":"1280414","formEdgeID":null},{"edgeID":"1684876","fromID":"1280414","toID":"1280354","formEdgeID":null},{"edgeID":"1684877","fromID":"1280415","toID":"1280356","formEdgeID":null},{"edgeID":"1684878","fromID":"1280357","toID":"1280415","formEdgeID":null},{"edgeID":"1684879","fromID":"1280356","toID":"1280416","formEdgeID":null},{"edgeID":"1684880","fromID":"1280416","toID":"1139001","formEdgeID":null},{"edgeID":"1684881","fromID":"1280354","toID":"1280417","formEdgeID":null},{"edgeID":"1684882","fromID":"1280417","toID":"1280356","formEdgeID":null},{"edgeID":"1684883","fromID":"1280418","toID":"1280358","formEdgeID":null},{"edgeID":"1684884","fromID":"1280359","toID":"1280418","formEdgeID":null},{"edgeID":"1684885","fromID":"1280358","toID":"1280419","formEdgeID":null},{"edgeID":"1684886","fromID":"1280419","toID":"1139006","formEdgeID":null},{"edgeID":"1684887","fromID":"1280356","toID":"1280420","formEdgeID":null},{"edgeID":"1684888","fromID":"1280420","toID":"1280358","formEdgeID":null},{"edgeID":"1684889","fromID":"1280421","toID":"1280360","formEdgeID":null},{"edgeID":"1684890","fromID":"1280361","toID":"1280421","formEdgeID":null},{"edgeID":"1684891","fromID":"1280360","toID":"1280422","formEdgeID":null},{"edgeID":"1684892","fromID":"1280422","toID":"1139011","formEdgeID":null},{"edgeID":"1684893","fromID":"1280347","toID":"1280423","formEdgeID":null},{"edgeID":"1684894","fromID":"1280423","toID":"1280360","formEdgeID":null},{"edgeID":"1684895","fromID":"1280349","toID":"1280424","formEdgeID":null},{"edgeID":"1684896","fromID":"1280424","toID":"1280360","formEdgeID":null},{"edgeID":"1684897","fromID":"1280346","toID":"1280425","formEdgeID":null},{"edgeID":"1684898","fromID":"1280425","toID":"1139011","formEdgeID":null},{"edgeID":"1684899","fromID":"1138979","toID":"1280425","formEdgeID":null},{"edgeID":"1684900","fromID":"1280424","toID":"1280426","formEdgeID":null},{"edgeID":"1684901","fromID":"1280426","toID":"1280425","formEdgeID":null},{"edgeID":"1684902","fromID":"1280427","toID":"1280362","formEdgeID":null},{"edgeID":"1684903","fromID":"1280363","toID":"1280427","formEdgeID":null},{"edgeID":"1684904","fromID":"1280362","toID":"1280428","formEdgeID":null},{"edgeID":"1684905","fromID":"1280428","toID":"783779","formEdgeID":null},{"edgeID":"1684906","fromID":"1280360","toID":"1280429","formEdgeID":null},{"edgeID":"1684907","fromID":"1280429","toID":"1280362","formEdgeID":null},{"edgeID":"1684908","fromID":"1280430","toID":"1280364","formEdgeID":null},{"edgeID":"1684909","fromID":"1280365","toID":"1280430","formEdgeID":null},{"edgeID":"1684910","fromID":"1280364","toID":"1280431","formEdgeID":null},{"edgeID":"1684911","fromID":"1280431","toID":"1139030","formEdgeID":null},{"edgeID":"1684912","fromID":"1280362","toID":"1280432","formEdgeID":null},{"edgeID":"1684913","fromID":"1280432","toID":"1280364","formEdgeID":null},{"edgeID":"1684914","fromID":"1280433","toID":"1280367","formEdgeID":null},{"edgeID":"1684915","fromID":"1280368","toID":"1280433","formEdgeID":null},{"edgeID":"1684916","fromID":"1280367","toID":"1280434","formEdgeID":null},{"edgeID":"1684917","fromID":"1280434","toID":"1280366","formEdgeID":null},{"edgeID":"1684918","fromID":"1280364","toID":"1280435","formEdgeID":null},{"edgeID":"1684919","fromID":"1280435","toID":"1280367","formEdgeID":null},{"edgeID":"1684920","fromID":"1280436","toID":"1280369","formEdgeID":null},{"edgeID":"1684921","fromID":"1280370","toID":"1280436","formEdgeID":null},{"edgeID":"1684922","fromID":"1280369","toID":"1280437","formEdgeID":null},{"edgeID":"1684923","fromID":"1280437","toID":"1139046","formEdgeID":null},{"edgeID":"1684924","fromID":"1280367","toID":"1280438","formEdgeID":null},{"edgeID":"1684925","fromID":"1280438","toID":"1280369","formEdgeID":null},{"edgeID":"1684926","fromID":"1280439","toID":"1280372","formEdgeID":null},{"edgeID":"1684927","fromID":"1280373","toID":"1280439","formEdgeID":null},{"edgeID":"1684928","fromID":"1280372","toID":"1280440","formEdgeID":null},{"edgeID":"1684929","fromID":"1280440","toID":"1280371","formEdgeID":null},{"edgeID":"1684930","fromID":"1280369","toID":"1280441","formEdgeID":null},{"edgeID":"1684931","fromID":"1280441","toID":"1280372","formEdgeID":null},{"edgeID":"1684932","fromID":"1280442","toID":"1280375","formEdgeID":null},{"edgeID":"1684933","fromID":"1280376","toID":"1280442","formEdgeID":null},{"edgeID":"1684934","fromID":"1280375","toID":"1280443","formEdgeID":null},{"edgeID":"1684935","fromID":"1280443","toID":"1280374","formEdgeID":null},{"edgeID":"1684936","fromID":"1280372","toID":"1280444","formEdgeID":null},{"edgeID":"1684937","fromID":"1280444","toID":"1280375","formEdgeID":null},{"edgeID":"1684938","fromID":"1280374","toID":"1280445","formEdgeID":null},{"edgeID":"1684939","fromID":"1280445","toID":"1280371","formEdgeID":null},{"edgeID":"1684940","fromID":"1280444","toID":"1280446","formEdgeID":null},{"edgeID":"1684941","fromID":"1280446","toID":"1280445","formEdgeID":null},{"edgeID":"1684942","fromID":"1280447","toID":"1280377","formEdgeID":null},{"edgeID":"1684943","fromID":"1280378","toID":"1280447","formEdgeID":null},{"edgeID":"1684944","fromID":"1280377","toID":"1280448","formEdgeID":null},{"edgeID":"1684945","fromID":"1280448","toID":"1139066","formEdgeID":null},{"edgeID":"1684946","fromID":"1280375","toID":"1280449","formEdgeID":null},{"edgeID":"1684947","fromID":"1280449","toID":"1280377","formEdgeID":null},{"edgeID":"1684948","fromID":"1280450","toID":"1280380","formEdgeID":null},{"edgeID":"1684949","fromID":"1280381","toID":"1280450","formEdgeID":null},{"edgeID":"1684950","fromID":"1280380","toID":"1280451","formEdgeID":null},{"edgeID":"1684951","fromID":"1280451","toID":"1280379","formEdgeID":null},{"edgeID":"1684952","fromID":"1280377","toID":"1280452","formEdgeID":null},{"edgeID":"1684953","fromID":"1280452","toID":"1280380","formEdgeID":null},{"edgeID":"1684954","fromID":"1280379","toID":"1280453","formEdgeID":null},{"edgeID":"1684955","fromID":"1280453","toID":"1139066","formEdgeID":null},{"edgeID":"1684956","fromID":"1280454","toID":"1280383","formEdgeID":null},{"edgeID":"1684957","fromID":"1280384","toID":"1280454","formEdgeID":null},{"edgeID":"1684958","fromID":"1280383","toID":"1280455","formEdgeID":null},{"edgeID":"1684959","fromID":"1280455","toID":"1280382","formEdgeID":null},{"edgeID":"1684960","fromID":"1280380","toID":"1280456","formEdgeID":null},{"edgeID":"1684961","fromID":"1280456","toID":"1280383","formEdgeID":null},{"edgeID":"1684962","fromID":"783851","toID":"1280457","formEdgeID":null},{"edgeID":"1684963","fromID":"1280457","toID":"1280353","formEdgeID":null},{"edgeID":"1684964","fromID":"1280414","toID":"1280458","formEdgeID":null},{"edgeID":"1684965","fromID":"1280458","toID":"1280457","formEdgeID":null},{"edgeID":"1684966","fromID":"1280346","toID":"1280459","formEdgeID":null},{"edgeID":"1684967","fromID":"1280459","toID":"1280353","formEdgeID":null},{"edgeID":"1684968","fromID":"1138979","toID":"1280459","formEdgeID":null},{"edgeID":"1684969","fromID":"1280347","toID":"1280460","formEdgeID":null},{"edgeID":"1684970","fromID":"1280460","toID":"1280354","formEdgeID":null},{"edgeID":"1684971","fromID":"1280349","toID":"1280461","formEdgeID":null},{"edgeID":"1684972","fromID":"1280461","toID":"1280354","formEdgeID":null},{"edgeID":"1684973","fromID":"1280461","toID":"1280462","formEdgeID":null},{"edgeID":"1684974","fromID":"1280462","toID":"1280459","formEdgeID":null},{"edgeID":"1684975","fromID":"1139001","toID":"1280463","formEdgeID":null},{"edgeID":"1684976","fromID":"1280463","toID":"1139006","formEdgeID":null},{"edgeID":"1684977","fromID":"1280420","toID":"1280464","formEdgeID":null},{"edgeID":"1684978","fromID":"1280464","toID":"1280463","formEdgeID":null},{"edgeID":"1684979","fromID":"1280452","toID":"1280465","formEdgeID":null},{"edgeID":"1684980","fromID":"1280465","toID":"1280453","formEdgeID":null}],"locutions":[]}