{"nodes":[{"nodeID":"783932","text":"we need to support local authorities","type":"I","timestamp":"2021-12-09 20:52:53"},{"nodeID":"1282063","text":"another is a very deprived area","type":"I","timestamp":"2023-11-09 12:30:05"},{"nodeID":"1282064","text":"Wendy Chamberlain: Another is a very deprived area","type":"L","timestamp":"2023-11-09 12:30:05"},{"nodeID":"1282065","text":"Analysing","type":"YA","timestamp":"2023-11-09 12:30:05"},{"nodeID":"1282066","text":"Rebecca: Wendy Chamberlain: Another is a very deprived area","type":"L","timestamp":"2023-11-09 12:30:05"},{"nodeID":"1282067","text":"Asserting","type":"YA","timestamp":"2023-11-09 12:30:05"},{"nodeID":"1282068","text":"it is important that the community gets a say how the money is done","type":"I","timestamp":"2023-11-09 12:30:06"},{"nodeID":"1282069","text":"Wendy Chamberlain: it is important they get a say how the money is done","type":"L","timestamp":"2023-11-09 12:30:06"},{"nodeID":"1282070","text":"Analysing","type":"YA","timestamp":"2023-11-09 12:30:06"},{"nodeID":"1282071","text":"Rebecca: Wendy Chamberlain: it is important they get a say how the money is done","type":"L","timestamp":"2023-11-09 12:30:06"},{"nodeID":"1282072","text":"Asserting","type":"YA","timestamp":"2023-11-09 12:30:06"},{"nodeID":"1282073","text":"Default Transition","type":"TA","timestamp":"2023-11-09 12:30:06"},{"nodeID":"1282074","text":"Default Inference","type":"RA","timestamp":"2023-11-09 12:30:06"},{"nodeID":"1282075","text":"Arguing","type":"YA","timestamp":"2023-11-09 12:30:06"},{"nodeID":"1282076","text":"Wendy Chamberlain: We need to support local authorities","type":"L","timestamp":"2023-11-09 12:30:06"},{"nodeID":"1282077","text":"Analysing","type":"YA","timestamp":"2023-11-09 12:30:06"},{"nodeID":"1282078","text":"Rebecca: Wendy Chamberlain: We need to support local authorities","type":"L","timestamp":"2023-11-09 12:30:06"},{"nodeID":"1282079","text":"Asserting","type":"YA","timestamp":"2023-11-09 12:30:06"},{"nodeID":"1282080","text":"Wendy Chamberlain agrees with Theo Paphitis in relation to business rates","type":"I","timestamp":"2023-11-09 12:30:07"},{"nodeID":"1282081","text":"Wendy Chamberlain:  I agree with Theo in relation to business rates","type":"L","timestamp":"2023-11-09 12:30:07"},{"nodeID":"1282082","text":"Analysing","type":"YA","timestamp":"2023-11-09 12:30:07"},{"nodeID":"1282083","text":"Rebecca: Wendy Chamberlain:  I agree with Theo in relation to business rates","type":"L","timestamp":"2023-11-09 12:30:07"},{"nodeID":"1282084","text":"Asserting","type":"YA","timestamp":"2023-11-09 12:30:07"},{"nodeID":"1282085","text":"Default Transition","type":"TA","timestamp":"2023-11-09 12:30:07"},{"nodeID":"1282086","text":"Default Transition","type":"TA","timestamp":"2023-11-09 12:30:07"},{"nodeID":"1282087","text":"there's two others things the government are doing that Wendy Chamberlain thinks is wrong","type":"I","timestamp":"2023-11-09 12:30:07"},{"nodeID":"1282088","text":"Wendy Chamberlain: there's two others things the government are doing that I think is wrong","type":"L","timestamp":"2023-11-09 12:30:07"},{"nodeID":"1282089","text":"Analysing","type":"YA","timestamp":"2023-11-09 12:30:07"},{"nodeID":"1282090","text":"Rebecca: Wendy Chamberlain: there's two others things the government are doing that I think is wrong","type":"L","timestamp":"2023-11-09 12:30:07"},{"nodeID":"1282091","text":"Asserting","type":"YA","timestamp":"2023-11-09 12:30:07"},{"nodeID":"1282092","text":"Default Transition","type":"TA","timestamp":"2023-11-09 12:30:07"},{"nodeID":"1282093","text":"one thing the government does wrong is in relation for VAT","type":"I","timestamp":"2023-11-09 12:30:08"},{"nodeID":"1282094","text":"Wendy Chamberlain: One is in relation for VAT","type":"L","timestamp":"2023-11-09 12:30:08"},{"nodeID":"1282095","text":"Analysing","type":"YA","timestamp":"2023-11-09 12:30:08"},{"nodeID":"1282096","text":"Rebecca: Wendy Chamberlain: One is in relation for VAT","type":"L","timestamp":"2023-11-09 12:30:08"},{"nodeID":"1282097","text":"Asserting","type":"YA","timestamp":"2023-11-09 12:30:08"},{"nodeID":"1282098","text":"Default Transition","type":"TA","timestamp":"2023-11-09 12:30:08"},{"nodeID":"1282099","text":"the Liberal Democrats have asked for VAT to be kept at 5 percent until April","type":"I","timestamp":"2023-11-09 12:30:09"},{"nodeID":"1282100","text":"Wendy Chamberlain: The Liberal Democrats have asked for that to be kept at 5 percent until April","type":"L","timestamp":"2023-11-09 12:30:09"},{"nodeID":"1282101","text":"Analysing","type":"YA","timestamp":"2023-11-09 12:30:09"},{"nodeID":"1282102","text":"Rebecca: Wendy Chamberlain: The Liberal Democrats have asked for that to be kept at 5 percent until April","type":"L","timestamp":"2023-11-09 12:30:09"},{"nodeID":"1282103","text":"Asserting","type":"YA","timestamp":"2023-11-09 12:30:09"},{"nodeID":"1282104","text":"Default Transition","type":"TA","timestamp":"2023-11-09 12:30:09"},{"nodeID":"1282105","text":"Default Rephrase","type":"MA","timestamp":"2023-11-09 12:30:09"},{"nodeID":"1282106","text":"Restating","type":"YA","timestamp":"2023-11-09 12:30:09"},{"nodeID":"1282107","text":"the government has not kept VAT at 5 percent","type":"I","timestamp":"2023-11-09 12:30:09"},{"nodeID":"1282108","text":"Wendy Chamberlain: They have not done that","type":"L","timestamp":"2023-11-09 12:30:09"},{"nodeID":"1282109","text":"Analysing","type":"YA","timestamp":"2023-11-09 12:30:09"},{"nodeID":"1282110","text":"Rebecca: Wendy Chamberlain: They have not done that","type":"L","timestamp":"2023-11-09 12:30:09"},{"nodeID":"1282111","text":"Asserting","type":"YA","timestamp":"2023-11-09 12:30:09"},{"nodeID":"1282112","text":"Default Transition","type":"TA","timestamp":"2023-11-09 12:30:09"},{"nodeID":"1282113","text":"Default Conflict","type":"CA","timestamp":"2023-11-09 12:30:09"},{"nodeID":"1282114","text":"Disagreeing","type":"YA","timestamp":"2023-11-09 12:30:09"},{"nodeID":"1282115","text":"businesses are seeing those increased costs now when things are difficult","type":"I","timestamp":"2023-11-09 12:30:10"},{"nodeID":"1282116","text":"Wendy Chamberlain: businesses are seeing those increased costs now when things are difficult","type":"L","timestamp":"2023-11-09 12:30:10"},{"nodeID":"1282117","text":"Analysing","type":"YA","timestamp":"2023-11-09 12:30:10"},{"nodeID":"1282118","text":"Rebecca: Wendy Chamberlain: businesses are seeing those increased costs now when things are difficult","type":"L","timestamp":"2023-11-09 12:30:10"},{"nodeID":"1282119","text":"Asserting","type":"YA","timestamp":"2023-11-09 12:30:10"},{"nodeID":"1282120","text":"Default Transition","type":"TA","timestamp":"2023-11-09 12:30:10"},{"nodeID":"1282121","text":"Default Inference","type":"RA","timestamp":"2023-11-09 12:30:10"},{"nodeID":"1282122","text":"Arguing","type":"YA","timestamp":"2023-11-09 12:30:10"},{"nodeID":"1282123","text":"those national insurance hikes that we're all going to feel in our pockets as individuals, are also felt by businesses as well","type":"I","timestamp":"2023-11-09 12:30:11"},{"nodeID":"1282124","text":"Wendy Chamberlain: those national insurance hikes that we're all going to feel in our pockets as individuals, are also felt by businesses as well","type":"L","timestamp":"2023-11-09 12:30:11"},{"nodeID":"1282125","text":"Analysing","type":"YA","timestamp":"2023-11-09 12:30:11"},{"nodeID":"1282126","text":"Rebecca: Wendy Chamberlain: those national insurance hikes that we're all going to feel in our pockets as individuals, are also felt by businesses as well","type":"L","timestamp":"2023-11-09 12:30:11"},{"nodeID":"1282127","text":"Asserting","type":"YA","timestamp":"2023-11-09 12:30:11"},{"nodeID":"1282128","text":"Default Transition","type":"TA","timestamp":"2023-11-09 12:30:11"},{"nodeID":"1282129","text":"Default Inference","type":"RA","timestamp":"2023-11-09 12:30:11"},{"nodeID":"1282130","text":"Arguing","type":"YA","timestamp":"2023-11-09 12:30:11"},{"nodeID":"1282131","text":"the national insrance hikes are a big cost to businesses at a time they can least afford it","type":"I","timestamp":"2023-11-09 12:30:11"},{"nodeID":"1282132","text":"Wendy Chamberlain: That's a big cost to businesses at a time they can least afford it","type":"L","timestamp":"2023-11-09 12:30:11"},{"nodeID":"1282133","text":"Analysing","type":"YA","timestamp":"2023-11-09 12:30:11"},{"nodeID":"1282134","text":"Rebecca: Wendy Chamberlain: That's a big cost to businesses at a time they can least afford it","type":"L","timestamp":"2023-11-09 12:30:11"},{"nodeID":"1282135","text":"Asserting","type":"YA","timestamp":"2023-11-09 12:30:11"},{"nodeID":"1282136","text":"Default Transition","type":"TA","timestamp":"2023-11-09 12:30:11"},{"nodeID":"1282137","text":"Default Rephrase","type":"MA","timestamp":"2023-11-09 12:30:11"},{"nodeID":"1282138","text":"Restating","type":"YA","timestamp":"2023-11-09 12:30:11"},{"nodeID":"1282139","text":"Default Inference","type":"RA","timestamp":"2023-11-09 12:30:11"},{"nodeID":"1282140","text":"Arguing","type":"YA","timestamp":"2023-11-09 12:30:11"}],"edges":[{"edgeID":"1686912","fromID":"1282065","toID":"1282064","formEdgeID":null},{"edgeID":"1686913","fromID":"1282066","toID":"1282065","formEdgeID":null},{"edgeID":"1686914","fromID":"1282064","toID":"1282067","formEdgeID":null},{"edgeID":"1686915","fromID":"1282067","toID":"1282063","formEdgeID":null},{"edgeID":"1686916","fromID":"1282070","toID":"1282069","formEdgeID":null},{"edgeID":"1686917","fromID":"1282071","toID":"1282070","formEdgeID":null},{"edgeID":"1686918","fromID":"1282069","toID":"1282072","formEdgeID":null},{"edgeID":"1686919","fromID":"1282072","toID":"1282068","formEdgeID":null},{"edgeID":"1686920","fromID":"1282064","toID":"1282073","formEdgeID":null},{"edgeID":"1686921","fromID":"1282073","toID":"1282069","formEdgeID":null},{"edgeID":"1686922","fromID":"1282063","toID":"1282074","formEdgeID":null},{"edgeID":"1686923","fromID":"1282074","toID":"1282068","formEdgeID":null},{"edgeID":"1686924","fromID":"1282073","toID":"1282075","formEdgeID":null},{"edgeID":"1686925","fromID":"1282075","toID":"1282074","formEdgeID":null},{"edgeID":"1686926","fromID":"1282077","toID":"1282076","formEdgeID":null},{"edgeID":"1686927","fromID":"1282078","toID":"1282077","formEdgeID":null},{"edgeID":"1686928","fromID":"1282076","toID":"1282079","formEdgeID":null},{"edgeID":"1686929","fromID":"1282079","toID":"783932","formEdgeID":null},{"edgeID":"1686930","fromID":"1282082","toID":"1282081","formEdgeID":null},{"edgeID":"1686931","fromID":"1282083","toID":"1282082","formEdgeID":null},{"edgeID":"1686932","fromID":"1282081","toID":"1282084","formEdgeID":null},{"edgeID":"1686933","fromID":"1282084","toID":"1282080","formEdgeID":null},{"edgeID":"1686934","fromID":"1282069","toID":"1282085","formEdgeID":null},{"edgeID":"1686935","fromID":"1282085","toID":"1282081","formEdgeID":null},{"edgeID":"1686936","fromID":"1282081","toID":"1282086","formEdgeID":null},{"edgeID":"1686937","fromID":"1282086","toID":"1282076","formEdgeID":null},{"edgeID":"1686938","fromID":"1282089","toID":"1282088","formEdgeID":null},{"edgeID":"1686939","fromID":"1282090","toID":"1282089","formEdgeID":null},{"edgeID":"1686940","fromID":"1282088","toID":"1282091","formEdgeID":null},{"edgeID":"1686941","fromID":"1282091","toID":"1282087","formEdgeID":null},{"edgeID":"1686942","fromID":"1282076","toID":"1282092","formEdgeID":null},{"edgeID":"1686943","fromID":"1282092","toID":"1282088","formEdgeID":null},{"edgeID":"1686944","fromID":"1282095","toID":"1282094","formEdgeID":null},{"edgeID":"1686945","fromID":"1282096","toID":"1282095","formEdgeID":null},{"edgeID":"1686946","fromID":"1282094","toID":"1282097","formEdgeID":null},{"edgeID":"1686947","fromID":"1282097","toID":"1282093","formEdgeID":null},{"edgeID":"1686948","fromID":"1282088","toID":"1282098","formEdgeID":null},{"edgeID":"1686949","fromID":"1282098","toID":"1282094","formEdgeID":null},{"edgeID":"1686950","fromID":"1282101","toID":"1282100","formEdgeID":null},{"edgeID":"1686951","fromID":"1282102","toID":"1282101","formEdgeID":null},{"edgeID":"1686952","fromID":"1282100","toID":"1282103","formEdgeID":null},{"edgeID":"1686953","fromID":"1282103","toID":"1282099","formEdgeID":null},{"edgeID":"1686954","fromID":"1282094","toID":"1282104","formEdgeID":null},{"edgeID":"1686955","fromID":"1282104","toID":"1282100","formEdgeID":null},{"edgeID":"1686956","fromID":"1282099","toID":"1282105","formEdgeID":null},{"edgeID":"1686957","fromID":"1282105","toID":"1282093","formEdgeID":null},{"edgeID":"1686958","fromID":"1282104","toID":"1282106","formEdgeID":null},{"edgeID":"1686959","fromID":"1282106","toID":"1282105","formEdgeID":null},{"edgeID":"1686960","fromID":"1282109","toID":"1282108","formEdgeID":null},{"edgeID":"1686961","fromID":"1282110","toID":"1282109","formEdgeID":null},{"edgeID":"1686962","fromID":"1282108","toID":"1282111","formEdgeID":null},{"edgeID":"1686963","fromID":"1282111","toID":"1282107","formEdgeID":null},{"edgeID":"1686964","fromID":"1282100","toID":"1282112","formEdgeID":null},{"edgeID":"1686965","fromID":"1282112","toID":"1282108","formEdgeID":null},{"edgeID":"1686966","fromID":"1282107","toID":"1282113","formEdgeID":null},{"edgeID":"1686967","fromID":"1282113","toID":"1282099","formEdgeID":null},{"edgeID":"1686968","fromID":"1282112","toID":"1282114","formEdgeID":null},{"edgeID":"1686969","fromID":"1282114","toID":"1282113","formEdgeID":null},{"edgeID":"1686970","fromID":"1282117","toID":"1282116","formEdgeID":null},{"edgeID":"1686971","fromID":"1282118","toID":"1282117","formEdgeID":null},{"edgeID":"1686972","fromID":"1282116","toID":"1282119","formEdgeID":null},{"edgeID":"1686973","fromID":"1282119","toID":"1282115","formEdgeID":null},{"edgeID":"1686974","fromID":"1282108","toID":"1282120","formEdgeID":null},{"edgeID":"1686975","fromID":"1282120","toID":"1282116","formEdgeID":null},{"edgeID":"1686976","fromID":"1282107","toID":"1282121","formEdgeID":null},{"edgeID":"1686977","fromID":"1282121","toID":"1282115","formEdgeID":null},{"edgeID":"1686978","fromID":"1282120","toID":"1282122","formEdgeID":null},{"edgeID":"1686979","fromID":"1282122","toID":"1282121","formEdgeID":null},{"edgeID":"1686980","fromID":"1282125","toID":"1282124","formEdgeID":null},{"edgeID":"1686981","fromID":"1282126","toID":"1282125","formEdgeID":null},{"edgeID":"1686982","fromID":"1282124","toID":"1282127","formEdgeID":null},{"edgeID":"1686983","fromID":"1282127","toID":"1282123","formEdgeID":null},{"edgeID":"1686984","fromID":"1282088","toID":"1282128","formEdgeID":null},{"edgeID":"1686985","fromID":"1282128","toID":"1282124","formEdgeID":null},{"edgeID":"1686986","fromID":"1282123","toID":"1282129","formEdgeID":null},{"edgeID":"1686987","fromID":"1282129","toID":"1282087","formEdgeID":null},{"edgeID":"1686988","fromID":"1282093","toID":"1282129","formEdgeID":null},{"edgeID":"1686989","fromID":"1282128","toID":"1282130","formEdgeID":null},{"edgeID":"1686990","fromID":"1282130","toID":"1282129","formEdgeID":null},{"edgeID":"1686991","fromID":"1282133","toID":"1282132","formEdgeID":null},{"edgeID":"1686992","fromID":"1282134","toID":"1282133","formEdgeID":null},{"edgeID":"1686993","fromID":"1282132","toID":"1282135","formEdgeID":null},{"edgeID":"1686994","fromID":"1282135","toID":"1282131","formEdgeID":null},{"edgeID":"1686995","fromID":"1282124","toID":"1282136","formEdgeID":null},{"edgeID":"1686996","fromID":"1282136","toID":"1282132","formEdgeID":null},{"edgeID":"1686997","fromID":"1282131","toID":"1282137","formEdgeID":null},{"edgeID":"1686998","fromID":"1282137","toID":"1282123","formEdgeID":null},{"edgeID":"1686999","fromID":"1282136","toID":"1282138","formEdgeID":null},{"edgeID":"1687000","fromID":"1282138","toID":"1282137","formEdgeID":null},{"edgeID":"1687001","fromID":"783932","toID":"1282139","formEdgeID":null},{"edgeID":"1687002","fromID":"1282139","toID":"1282080","formEdgeID":null},{"edgeID":"1687003","fromID":"1282086","toID":"1282140","formEdgeID":null},{"edgeID":"1687004","fromID":"1282140","toID":"1282139","formEdgeID":null}],"locutions":[]}