{"nodes":[{"nodeID":"783725","text":"to have 50 mutations, many of which have actually been seen in previous variants, all concentrated in this one variant is very concerning","type":"I","timestamp":"2021-12-09 20:51:49"},{"nodeID":"783730","text":"the evidence is still emerging","type":"I","timestamp":"2021-12-09 20:51:50"},{"nodeID":"783737","text":"it is or or it is not worrying if this research is suggesting substantial ability to evade immunity from previous COVID infections","type":"I","timestamp":"2021-12-09 20:51:52"},{"nodeID":"1155242","text":"the chances of being admitted with Omicron are reduced","type":"I","timestamp":"2023-04-21 13:44:21"},{"nodeID":"1155248","text":"the chances of being admitted to hospital with Omicron are reduced","type":"I","timestamp":"2023-04-21 13:44:24"},{"nodeID":"1155256","text":"the chances of being admitted to hospital with Omicron are reduced very significantly if you are vaccinated","type":"I","timestamp":"2023-04-21 13:44:26"},{"nodeID":"1155264","text":"there's a lower proportion being admitted of those who have been vaccinated","type":"I","timestamp":"2023-04-21 13:44:29"},{"nodeID":"1155272","text":"the more serious end of the spectrum of disease seems to be reasonably well controlled by vaccination","type":"I","timestamp":"2023-04-21 13:44:31"},{"nodeID":"1155280","text":"the less severe end of disease is harder to protect against with vaccination","type":"I","timestamp":"2023-04-21 13:44:33"},{"nodeID":"1155288","text":"you are telling the immune system there's something there by injecting into your arm","type":"I","timestamp":"2023-04-21 13:44:36"},{"nodeID":"1155296","text":"the immune system doesn't know it has to concentrate on what is going on in your nose and lung","type":"I","timestamp":"2023-04-21 13:44:38"},{"nodeID":"1155309","text":"we are all very worried","type":"I","timestamp":"2023-04-21 13:44:43"},{"nodeID":"1155316","text":"the numbers of changes in the genetic sequence of the virus is quite unusual","type":"I","timestamp":"2023-04-21 13:44:45"},{"nodeID":"1155330","text":"a lot of those mutations are in this spike protein, the attachment protein, and the target for antibody","type":"I","timestamp":"2023-04-21 13:44:50"},{"nodeID":"1155338","text":"we are waiting to see how much change there is","type":"I","timestamp":"2023-04-21 13:44:52"},{"nodeID":"1155344","text":"we are very, very concerned about Omicron","type":"I","timestamp":"2023-04-21 13:44:55"},{"nodeID":"1279183","text":"Peter Openshaw: The evidence is still emerging","type":"L","timestamp":"2023-11-09 12:25:58"},{"nodeID":"1279184","text":"Analysing","type":"YA","timestamp":"2023-11-09 12:25:58"},{"nodeID":"1279185","text":"Anon: Peter Openshaw: The evidence is still emerging","type":"L","timestamp":"2023-11-09 12:25:58"},{"nodeID":"1279186","text":"Asserting","type":"YA","timestamp":"2023-11-09 12:25:58"},{"nodeID":"1279187","text":"Peter Openshaw: the chances of being admitted with Omicron are reduced","type":"L","timestamp":"2023-11-09 12:25:59"},{"nodeID":"1279188","text":"Analysing","type":"YA","timestamp":"2023-11-09 12:25:59"},{"nodeID":"1279189","text":"Anon: Peter Openshaw: the chances of being admitted with Omicron are reduced","type":"L","timestamp":"2023-11-09 12:25:59"},{"nodeID":"1279190","text":"Asserting","type":"YA","timestamp":"2023-11-09 12:25:59"},{"nodeID":"1279191","text":"Default Transition","type":"TA","timestamp":"2023-11-09 12:25:59"},{"nodeID":"1279192","text":"Fiona Bruce: To hospital","type":"L","timestamp":"2023-11-09 12:25:59"},{"nodeID":"1279193","text":"Analysing","type":"YA","timestamp":"2023-11-09 12:25:59"},{"nodeID":"1279194","text":"Anon: Fiona Bruce: To hospital","type":"L","timestamp":"2023-11-09 12:25:59"},{"nodeID":"1279195","text":"Asserting","type":"YA","timestamp":"2023-11-09 12:25:59"},{"nodeID":"1279196","text":"Default Transition","type":"TA","timestamp":"2023-11-09 12:25:59"},{"nodeID":"1279197","text":"Default Rephrase","type":"MA","timestamp":"2023-11-09 12:25:59"},{"nodeID":"1279198","text":"Restating","type":"YA","timestamp":"2023-11-09 12:25:59"},{"nodeID":"1279199","text":"Peter Openshaw: Are reduced very significantly if you are vaccinated","type":"L","timestamp":"2023-11-09 12:26:00"},{"nodeID":"1279200","text":"Analysing","type":"YA","timestamp":"2023-11-09 12:26:00"},{"nodeID":"1279201","text":"Anon: Peter Openshaw: Are reduced very significantly if you are vaccinated","type":"L","timestamp":"2023-11-09 12:26:00"},{"nodeID":"1279202","text":"Asserting","type":"YA","timestamp":"2023-11-09 12:26:00"},{"nodeID":"1279203","text":"Default Transition","type":"TA","timestamp":"2023-11-09 12:26:00"},{"nodeID":"1279204","text":"Default Rephrase","type":"MA","timestamp":"2023-11-09 12:26:00"},{"nodeID":"1279205","text":"Restating","type":"YA","timestamp":"2023-11-09 12:26:00"},{"nodeID":"1279206","text":"Peter Openshaw: there's a lower proportion being admitted of those who have been vaccinated","type":"L","timestamp":"2023-11-09 12:26:00"},{"nodeID":"1279207","text":"Analysing","type":"YA","timestamp":"2023-11-09 12:26:00"},{"nodeID":"1279208","text":"Anon: Peter Openshaw: there's a lower proportion being admitted of those who have been vaccinated","type":"L","timestamp":"2023-11-09 12:26:00"},{"nodeID":"1279209","text":"Asserting","type":"YA","timestamp":"2023-11-09 12:26:00"},{"nodeID":"1279210","text":"Default Transition","type":"TA","timestamp":"2023-11-09 12:26:00"},{"nodeID":"1279211","text":"Default Inference","type":"RA","timestamp":"2023-11-09 12:26:00"},{"nodeID":"1279212","text":"Arguing","type":"YA","timestamp":"2023-11-09 12:26:00"},{"nodeID":"1279213","text":"Peter Openshaw: The more serious end of the spectrum of disease seems to be reasonably well controlled by vaccination","type":"L","timestamp":"2023-11-09 12:26:01"},{"nodeID":"1279214","text":"Analysing","type":"YA","timestamp":"2023-11-09 12:26:01"},{"nodeID":"1279215","text":"Anon: Peter Openshaw: The more serious end of the spectrum of disease seems to be reasonably well controlled by vaccination","type":"L","timestamp":"2023-11-09 12:26:01"},{"nodeID":"1279216","text":"Asserting","type":"YA","timestamp":"2023-11-09 12:26:01"},{"nodeID":"1279217","text":"Default Transition","type":"TA","timestamp":"2023-11-09 12:26:01"},{"nodeID":"1279218","text":"Default Rephrase","type":"MA","timestamp":"2023-11-09 12:26:01"},{"nodeID":"1279219","text":"Restating","type":"YA","timestamp":"2023-11-09 12:26:01"},{"nodeID":"1279220","text":"Peter Openshaw: the less severe end of disease is harder to protect against with vaccination","type":"L","timestamp":"2023-11-09 12:26:02"},{"nodeID":"1279221","text":"Analysing","type":"YA","timestamp":"2023-11-09 12:26:02"},{"nodeID":"1279222","text":"Anon: Peter Openshaw: the less severe end of disease is harder to protect against with vaccination","type":"L","timestamp":"2023-11-09 12:26:02"},{"nodeID":"1279223","text":"Asserting","type":"YA","timestamp":"2023-11-09 12:26:02"},{"nodeID":"1279224","text":"Default Transition","type":"TA","timestamp":"2023-11-09 12:26:02"},{"nodeID":"1279225","text":"Default Conflict","type":"CA","timestamp":"2023-11-09 12:26:02"},{"nodeID":"1279226","text":"Disagreeing","type":"YA","timestamp":"2023-11-09 12:26:02"},{"nodeID":"1279227","text":"Peter Openshaw: you are telling the immune system there's something there by injecting into your arm","type":"L","timestamp":"2023-11-09 12:26:02"},{"nodeID":"1279228","text":"Analysing","type":"YA","timestamp":"2023-11-09 12:26:02"},{"nodeID":"1279229","text":"Anon: Peter Openshaw: you are telling the immune system there's something there by injecting into your arm","type":"L","timestamp":"2023-11-09 12:26:02"},{"nodeID":"1279230","text":"Asserting","type":"YA","timestamp":"2023-11-09 12:26:02"},{"nodeID":"1279231","text":"Default Transition","type":"TA","timestamp":"2023-11-09 12:26:02"},{"nodeID":"1279232","text":"Default Inference","type":"RA","timestamp":"2023-11-09 12:26:02"},{"nodeID":"1279233","text":"Arguing","type":"YA","timestamp":"2023-11-09 12:26:02"},{"nodeID":"1279234","text":"Peter Openshaw: The immune system doesn't know it has to concentrate on what is going on in your nose and lung","type":"L","timestamp":"2023-11-09 12:26:03"},{"nodeID":"1279235","text":"Analysing","type":"YA","timestamp":"2023-11-09 12:26:03"},{"nodeID":"1279236","text":"Anon: Peter Openshaw: The immune system doesn't know it has to concentrate on what is going on in your nose and lung","type":"L","timestamp":"2023-11-09 12:26:03"},{"nodeID":"1279237","text":"Asserting","type":"YA","timestamp":"2023-11-09 12:26:03"},{"nodeID":"1279238","text":"Default Transition","type":"TA","timestamp":"2023-11-09 12:26:03"},{"nodeID":"1279239","text":"Default Rephrase","type":"MA","timestamp":"2023-11-09 12:26:03"},{"nodeID":"1279240","text":"Restating","type":"YA","timestamp":"2023-11-09 12:26:03"},{"nodeID":"1279241","text":"Fiona Bruce: If this research is suggesting substantial ability to evade immunity from previous COVID infections, how worrying is that","type":"L","timestamp":"2023-11-09 12:26:03"},{"nodeID":"1279242","text":"Analysing","type":"YA","timestamp":"2023-11-09 12:26:03"},{"nodeID":"1279243","text":"Anon: Fiona Bruce: If this research is suggesting substantial ability to evade immunity from previous COVID infections, how worrying is that","type":"L","timestamp":"2023-11-09 12:26:03"},{"nodeID":"1279244","text":"Default Inference","type":"RA","timestamp":"2023-11-09 12:26:03"},{"nodeID":"1279245","text":"Default Transition","type":"TA","timestamp":"2023-11-09 12:26:03"},{"nodeID":"1279246","text":"Arguing","type":"YA","timestamp":"2023-11-09 12:26:03"},{"nodeID":"1279247","text":"Peter Openshaw: We are all very worried","type":"L","timestamp":"2023-11-09 12:26:04"},{"nodeID":"1279248","text":"Analysing","type":"YA","timestamp":"2023-11-09 12:26:04"},{"nodeID":"1279249","text":"Anon: Peter Openshaw: We are all very worried","type":"L","timestamp":"2023-11-09 12:26:04"},{"nodeID":"1279250","text":"Asserting","type":"YA","timestamp":"2023-11-09 12:26:04"},{"nodeID":"1279251","text":"Default Transition","type":"TA","timestamp":"2023-11-09 12:26:04"},{"nodeID":"1279252","text":"Default Rephrase","type":"MA","timestamp":"2023-11-09 12:26:04"},{"nodeID":"1279253","text":"Peter Openshaw: The numbers of changes in the genetic sequence of the virus is quite unusual","type":"L","timestamp":"2023-11-09 12:26:04"},{"nodeID":"1279254","text":"Analysing","type":"YA","timestamp":"2023-11-09 12:26:04"},{"nodeID":"1279255","text":"Anon: Peter Openshaw: The numbers of changes in the genetic sequence of the virus is quite unusual","type":"L","timestamp":"2023-11-09 12:26:04"},{"nodeID":"1279256","text":"Asserting","type":"YA","timestamp":"2023-11-09 12:26:04"},{"nodeID":"1279257","text":"Default Transition","type":"TA","timestamp":"2023-11-09 12:26:04"},{"nodeID":"1279258","text":"Default Inference","type":"RA","timestamp":"2023-11-09 12:26:04"},{"nodeID":"1279259","text":"Arguing","type":"YA","timestamp":"2023-11-09 12:26:04"},{"nodeID":"1279260","text":"Peter Openshaw: To have 50 mutations, many of which have actually been seen in previous variants, all concentrated in this one variant is very concerning","type":"L","timestamp":"2023-11-09 12:26:05"},{"nodeID":"1279261","text":"Analysing","type":"YA","timestamp":"2023-11-09 12:26:05"},{"nodeID":"1279262","text":"Anon: Peter Openshaw: To have 50 mutations, many of which have actually been seen in previous variants, all concentrated in this one variant is very concerning","type":"L","timestamp":"2023-11-09 12:26:05"},{"nodeID":"1279263","text":"Asserting","type":"YA","timestamp":"2023-11-09 12:26:05"},{"nodeID":"1279264","text":"Default Transition","type":"TA","timestamp":"2023-11-09 12:26:05"},{"nodeID":"1279265","text":"Default Rephrase","type":"MA","timestamp":"2023-11-09 12:26:05"},{"nodeID":"1279266","text":"Restating","type":"YA","timestamp":"2023-11-09 12:26:05"},{"nodeID":"1279267","text":"Peter Openshaw: A lot of those mutations are in this spike protein, the attachment protein, and the target for antibody","type":"L","timestamp":"2023-11-09 12:26:05"},{"nodeID":"1279268","text":"Analysing","type":"YA","timestamp":"2023-11-09 12:26:05"},{"nodeID":"1279269","text":"Anon: Peter Openshaw: A lot of those mutations are in this spike protein, the attachment protein, and the target for antibody","type":"L","timestamp":"2023-11-09 12:26:05"},{"nodeID":"1279270","text":"Asserting","type":"YA","timestamp":"2023-11-09 12:26:05"},{"nodeID":"1279271","text":"Default Transition","type":"TA","timestamp":"2023-11-09 12:26:05"},{"nodeID":"1279272","text":"Default Rephrase","type":"MA","timestamp":"2023-11-09 12:26:05"},{"nodeID":"1279273","text":"Restating","type":"YA","timestamp":"2023-11-09 12:26:05"},{"nodeID":"1279274","text":"Peter Openshaw: We are waiting to see how much change there is","type":"L","timestamp":"2023-11-09 12:26:06"},{"nodeID":"1279275","text":"Analysing","type":"YA","timestamp":"2023-11-09 12:26:06"},{"nodeID":"1279276","text":"Anon: Peter Openshaw: We are waiting to see how much change there is","type":"L","timestamp":"2023-11-09 12:26:06"},{"nodeID":"1279277","text":"Asserting","type":"YA","timestamp":"2023-11-09 12:26:06"},{"nodeID":"1279278","text":"Default Transition","type":"TA","timestamp":"2023-11-09 12:26:06"},{"nodeID":"1279279","text":"Peter Openshaw: we are very, very concerned about it","type":"L","timestamp":"2023-11-09 12:26:07"},{"nodeID":"1279280","text":"Analysing","type":"YA","timestamp":"2023-11-09 12:26:07"},{"nodeID":"1279281","text":"Anon: Peter Openshaw: we are very, very concerned about it","type":"L","timestamp":"2023-11-09 12:26:07"},{"nodeID":"1279282","text":"Asserting","type":"YA","timestamp":"2023-11-09 12:26:07"},{"nodeID":"1279283","text":"Default Rephrase","type":"MA","timestamp":"2023-11-09 12:26:07"},{"nodeID":"1279284","text":"Default Transition","type":"TA","timestamp":"2023-11-09 12:26:07"},{"nodeID":"1279285","text":"Restating","type":"YA","timestamp":"2023-11-09 12:26:07"},{"nodeID":"1279286","text":"Pure Questioning","type":"YA","timestamp":"2023-11-09 12:26:07"},{"nodeID":"1279287","text":"Default Illocuting","type":"YA","timestamp":"2023-11-09 12:26:07"}],"edges":[{"edgeID":"1683311","fromID":"1279184","toID":"1279183","formEdgeID":null},{"edgeID":"1683312","fromID":"1279185","toID":"1279184","formEdgeID":null},{"edgeID":"1683313","fromID":"1279183","toID":"1279186","formEdgeID":null},{"edgeID":"1683314","fromID":"1279186","toID":"783730","formEdgeID":null},{"edgeID":"1683315","fromID":"1279188","toID":"1279187","formEdgeID":null},{"edgeID":"1683316","fromID":"1279189","toID":"1279188","formEdgeID":null},{"edgeID":"1683317","fromID":"1279187","toID":"1279190","formEdgeID":null},{"edgeID":"1683318","fromID":"1279190","toID":"1155242","formEdgeID":null},{"edgeID":"1683319","fromID":"1279183","toID":"1279191","formEdgeID":null},{"edgeID":"1683320","fromID":"1279191","toID":"1279187","formEdgeID":null},{"edgeID":"1683321","fromID":"1279193","toID":"1279192","formEdgeID":null},{"edgeID":"1683322","fromID":"1279194","toID":"1279193","formEdgeID":null},{"edgeID":"1683323","fromID":"1279192","toID":"1279195","formEdgeID":null},{"edgeID":"1683324","fromID":"1279195","toID":"1155248","formEdgeID":null},{"edgeID":"1683325","fromID":"1279187","toID":"1279196","formEdgeID":null},{"edgeID":"1683326","fromID":"1279196","toID":"1279192","formEdgeID":null},{"edgeID":"1683327","fromID":"1155248","toID":"1279197","formEdgeID":null},{"edgeID":"1683328","fromID":"1279197","toID":"1155242","formEdgeID":null},{"edgeID":"1683329","fromID":"1279196","toID":"1279198","formEdgeID":null},{"edgeID":"1683330","fromID":"1279198","toID":"1279197","formEdgeID":null},{"edgeID":"1683331","fromID":"1279200","toID":"1279199","formEdgeID":null},{"edgeID":"1683332","fromID":"1279201","toID":"1279200","formEdgeID":null},{"edgeID":"1683333","fromID":"1279199","toID":"1279202","formEdgeID":null},{"edgeID":"1683334","fromID":"1279202","toID":"1155256","formEdgeID":null},{"edgeID":"1683335","fromID":"1279192","toID":"1279203","formEdgeID":null},{"edgeID":"1683336","fromID":"1279203","toID":"1279199","formEdgeID":null},{"edgeID":"1683337","fromID":"1155256","toID":"1279204","formEdgeID":null},{"edgeID":"1683338","fromID":"1279204","toID":"1155248","formEdgeID":null},{"edgeID":"1683339","fromID":"1279203","toID":"1279205","formEdgeID":null},{"edgeID":"1683340","fromID":"1279205","toID":"1279204","formEdgeID":null},{"edgeID":"1683341","fromID":"1279207","toID":"1279206","formEdgeID":null},{"edgeID":"1683342","fromID":"1279208","toID":"1279207","formEdgeID":null},{"edgeID":"1683343","fromID":"1279206","toID":"1279209","formEdgeID":null},{"edgeID":"1683344","fromID":"1279209","toID":"1155264","formEdgeID":null},{"edgeID":"1683345","fromID":"1279199","toID":"1279210","formEdgeID":null},{"edgeID":"1683346","fromID":"1279210","toID":"1279206","formEdgeID":null},{"edgeID":"1683347","fromID":"1155256","toID":"1279211","formEdgeID":null},{"edgeID":"1683348","fromID":"1279211","toID":"1155264","formEdgeID":null},{"edgeID":"1683349","fromID":"1279210","toID":"1279212","formEdgeID":null},{"edgeID":"1683350","fromID":"1279212","toID":"1279211","formEdgeID":null},{"edgeID":"1683351","fromID":"1279214","toID":"1279213","formEdgeID":null},{"edgeID":"1683352","fromID":"1279215","toID":"1279214","formEdgeID":null},{"edgeID":"1683353","fromID":"1279213","toID":"1279216","formEdgeID":null},{"edgeID":"1683354","fromID":"1279216","toID":"1155272","formEdgeID":null},{"edgeID":"1683355","fromID":"1279206","toID":"1279217","formEdgeID":null},{"edgeID":"1683356","fromID":"1279217","toID":"1279213","formEdgeID":null},{"edgeID":"1683357","fromID":"1155272","toID":"1279218","formEdgeID":null},{"edgeID":"1683358","fromID":"1279218","toID":"1155264","formEdgeID":null},{"edgeID":"1683359","fromID":"1279217","toID":"1279219","formEdgeID":null},{"edgeID":"1683360","fromID":"1279219","toID":"1279218","formEdgeID":null},{"edgeID":"1683361","fromID":"1279221","toID":"1279220","formEdgeID":null},{"edgeID":"1683362","fromID":"1279222","toID":"1279221","formEdgeID":null},{"edgeID":"1683363","fromID":"1279220","toID":"1279223","formEdgeID":null},{"edgeID":"1683364","fromID":"1279223","toID":"1155280","formEdgeID":null},{"edgeID":"1683365","fromID":"1279213","toID":"1279224","formEdgeID":null},{"edgeID":"1683366","fromID":"1279224","toID":"1279220","formEdgeID":null},{"edgeID":"1683367","fromID":"1155280","toID":"1279225","formEdgeID":null},{"edgeID":"1683368","fromID":"1279225","toID":"1155272","formEdgeID":null},{"edgeID":"1683369","fromID":"1279224","toID":"1279226","formEdgeID":null},{"edgeID":"1683370","fromID":"1279226","toID":"1279225","formEdgeID":null},{"edgeID":"1683371","fromID":"1279228","toID":"1279227","formEdgeID":null},{"edgeID":"1683372","fromID":"1279229","toID":"1279228","formEdgeID":null},{"edgeID":"1683373","fromID":"1279227","toID":"1279230","formEdgeID":null},{"edgeID":"1683374","fromID":"1279230","toID":"1155288","formEdgeID":null},{"edgeID":"1683375","fromID":"1279220","toID":"1279231","formEdgeID":null},{"edgeID":"1683376","fromID":"1279231","toID":"1279227","formEdgeID":null},{"edgeID":"1683377","fromID":"1155288","toID":"1279232","formEdgeID":null},{"edgeID":"1683378","fromID":"1279232","toID":"1155280","formEdgeID":null},{"edgeID":"1683379","fromID":"1279231","toID":"1279233","formEdgeID":null},{"edgeID":"1683380","fromID":"1279233","toID":"1279232","formEdgeID":null},{"edgeID":"1683381","fromID":"1279235","toID":"1279234","formEdgeID":null},{"edgeID":"1683382","fromID":"1279236","toID":"1279235","formEdgeID":null},{"edgeID":"1683383","fromID":"1279234","toID":"1279237","formEdgeID":null},{"edgeID":"1683384","fromID":"1279237","toID":"1155296","formEdgeID":null},{"edgeID":"1683385","fromID":"1279227","toID":"1279238","formEdgeID":null},{"edgeID":"1683386","fromID":"1279238","toID":"1279234","formEdgeID":null},{"edgeID":"1683387","fromID":"1155296","toID":"1279239","formEdgeID":null},{"edgeID":"1683388","fromID":"1279239","toID":"1155288","formEdgeID":null},{"edgeID":"1683389","fromID":"1279238","toID":"1279240","formEdgeID":null},{"edgeID":"1683390","fromID":"1279240","toID":"1279239","formEdgeID":null},{"edgeID":"1683391","fromID":"1279242","toID":"1279241","formEdgeID":null},{"edgeID":"1683392","fromID":"1279243","toID":"1279242","formEdgeID":null},{"edgeID":"1683393","fromID":"1155280","toID":"1279244","formEdgeID":null},{"edgeID":"1683394","fromID":"1279244","toID":"783737","formEdgeID":null},{"edgeID":"1683395","fromID":"1279220","toID":"1279245","formEdgeID":null},{"edgeID":"1683396","fromID":"1279245","toID":"1279241","formEdgeID":null},{"edgeID":"1683397","fromID":"1279245","toID":"1279246","formEdgeID":null},{"edgeID":"1683398","fromID":"1279246","toID":"1279244","formEdgeID":null},{"edgeID":"1683399","fromID":"1279248","toID":"1279247","formEdgeID":null},{"edgeID":"1683400","fromID":"1279249","toID":"1279248","formEdgeID":null},{"edgeID":"1683401","fromID":"1279247","toID":"1279250","formEdgeID":null},{"edgeID":"1683402","fromID":"1279250","toID":"1155309","formEdgeID":null},{"edgeID":"1683403","fromID":"1279241","toID":"1279251","formEdgeID":null},{"edgeID":"1683404","fromID":"1279251","toID":"1279247","formEdgeID":null},{"edgeID":"1683405","fromID":"1155309","toID":"1279252","formEdgeID":null},{"edgeID":"1683406","fromID":"1279252","toID":"783737","formEdgeID":null},{"edgeID":"1683407","fromID":"1279254","toID":"1279253","formEdgeID":null},{"edgeID":"1683408","fromID":"1279255","toID":"1279254","formEdgeID":null},{"edgeID":"1683409","fromID":"1279253","toID":"1279256","formEdgeID":null},{"edgeID":"1683410","fromID":"1279256","toID":"1155316","formEdgeID":null},{"edgeID":"1683411","fromID":"1279247","toID":"1279257","formEdgeID":null},{"edgeID":"1683412","fromID":"1279257","toID":"1279253","formEdgeID":null},{"edgeID":"1683413","fromID":"1155316","toID":"1279258","formEdgeID":null},{"edgeID":"1683414","fromID":"1279258","toID":"1155309","formEdgeID":null},{"edgeID":"1683415","fromID":"1279257","toID":"1279259","formEdgeID":null},{"edgeID":"1683416","fromID":"1279259","toID":"1279258","formEdgeID":null},{"edgeID":"1683417","fromID":"1279261","toID":"1279260","formEdgeID":null},{"edgeID":"1683418","fromID":"1279262","toID":"1279261","formEdgeID":null},{"edgeID":"1683419","fromID":"1279260","toID":"1279263","formEdgeID":null},{"edgeID":"1683420","fromID":"1279263","toID":"783725","formEdgeID":null},{"edgeID":"1683421","fromID":"1279253","toID":"1279264","formEdgeID":null},{"edgeID":"1683422","fromID":"1279264","toID":"1279260","formEdgeID":null},{"edgeID":"1683423","fromID":"783725","toID":"1279265","formEdgeID":null},{"edgeID":"1683424","fromID":"1279265","toID":"1155316","formEdgeID":null},{"edgeID":"1683425","fromID":"1279264","toID":"1279266","formEdgeID":null},{"edgeID":"1683426","fromID":"1279266","toID":"1279265","formEdgeID":null},{"edgeID":"1683427","fromID":"1279268","toID":"1279267","formEdgeID":null},{"edgeID":"1683428","fromID":"1279269","toID":"1279268","formEdgeID":null},{"edgeID":"1683429","fromID":"1279267","toID":"1279270","formEdgeID":null},{"edgeID":"1683430","fromID":"1279270","toID":"1155330","formEdgeID":null},{"edgeID":"1683431","fromID":"1279260","toID":"1279271","formEdgeID":null},{"edgeID":"1683432","fromID":"1279271","toID":"1279267","formEdgeID":null},{"edgeID":"1683433","fromID":"1155330","toID":"1279272","formEdgeID":null},{"edgeID":"1683434","fromID":"1279272","toID":"783725","formEdgeID":null},{"edgeID":"1683435","fromID":"1279271","toID":"1279273","formEdgeID":null},{"edgeID":"1683436","fromID":"1279273","toID":"1279272","formEdgeID":null},{"edgeID":"1683437","fromID":"1279275","toID":"1279274","formEdgeID":null},{"edgeID":"1683438","fromID":"1279276","toID":"1279275","formEdgeID":null},{"edgeID":"1683439","fromID":"1279274","toID":"1279277","formEdgeID":null},{"edgeID":"1683440","fromID":"1279277","toID":"1155338","formEdgeID":null},{"edgeID":"1683441","fromID":"1279267","toID":"1279278","formEdgeID":null},{"edgeID":"1683442","fromID":"1279278","toID":"1279274","formEdgeID":null},{"edgeID":"1683443","fromID":"1279280","toID":"1279279","formEdgeID":null},{"edgeID":"1683444","fromID":"1279281","toID":"1279280","formEdgeID":null},{"edgeID":"1683445","fromID":"1279279","toID":"1279282","formEdgeID":null},{"edgeID":"1683446","fromID":"1279282","toID":"1155344","formEdgeID":null},{"edgeID":"1683447","fromID":"1155344","toID":"1279283","formEdgeID":null},{"edgeID":"1683448","fromID":"1279283","toID":"1155309","formEdgeID":null},{"edgeID":"1683449","fromID":"1279247","toID":"1279284","formEdgeID":null},{"edgeID":"1683450","fromID":"1279284","toID":"1279279","formEdgeID":null},{"edgeID":"1683451","fromID":"1279284","toID":"1279285","formEdgeID":null},{"edgeID":"1683452","fromID":"1279285","toID":"1279283","formEdgeID":null},{"edgeID":"1683453","fromID":"1279241","toID":"1279286","formEdgeID":null},{"edgeID":"1683454","fromID":"1279286","toID":"783737","formEdgeID":null},{"edgeID":"1683455","fromID":"1279251","toID":"1279287","formEdgeID":null},{"edgeID":"1683456","fromID":"1279287","toID":"1279252","formEdgeID":null}],"locutions":[]}