{"nodes":[{"nodeID":"1283306","text":"people are laughing at that","type":"I","timestamp":"2023-11-09 12:31:45"},{"nodeID":"1283307","text":"Fiona Bruce: People are laughing at that","type":"L","timestamp":"2023-11-09 12:31:45"},{"nodeID":"1283308","text":"Analysing","type":"YA","timestamp":"2023-11-09 12:31:45"},{"nodeID":"1283309","text":"Nicole: Fiona Bruce: People are laughing at that","type":"L","timestamp":"2023-11-09 12:31:45"},{"nodeID":"1283310","text":"Asserting","type":"YA","timestamp":"2023-11-09 12:31:45"},{"nodeID":"1283311","text":"xxx is why Maggie Throup thinks that people are laughing","type":"I","timestamp":"2023-11-09 12:31:46"},{"nodeID":"1283312","text":"Fiona Bruce: Why do you think that is","type":"L","timestamp":"2023-11-09 12:31:46"},{"nodeID":"1283313","text":"Analysing","type":"YA","timestamp":"2023-11-09 12:31:46"},{"nodeID":"1283314","text":"Nicole: Fiona Bruce: Why do you think that is","type":"L","timestamp":"2023-11-09 12:31:46"},{"nodeID":"1283315","text":"Challenging","type":"YA","timestamp":"2023-11-09 12:31:46"},{"nodeID":"1283316","text":"Default Transition","type":"TA","timestamp":"2023-11-09 12:31:46"},{"nodeID":"1283317","text":"Maggie Throup shops in her constituency and she's proud to support her local shops","type":"I","timestamp":"2023-11-09 12:31:46"},{"nodeID":"1283318","text":"Maggie Throup: I shop in my constituency and I'm proud to support my local shops","type":"L","timestamp":"2023-11-09 12:31:46"},{"nodeID":"1283319","text":"Analysing","type":"YA","timestamp":"2023-11-09 12:31:46"},{"nodeID":"1283320","text":"Nicole: Maggie Throup: I shop in my constituency and I'm proud to support my local shops","type":"L","timestamp":"2023-11-09 12:31:46"},{"nodeID":"1283321","text":"Asserting","type":"YA","timestamp":"2023-11-09 12:31:46"},{"nodeID":"1283322","text":"Default Transition","type":"TA","timestamp":"2023-11-09 12:31:46"},{"nodeID":"1283323","text":"that Maggie Throup shops in her constituency and she's proud to support her local shops is the message she'd like to put out","type":"I","timestamp":"2023-11-09 12:31:47"},{"nodeID":"1283324","text":"Maggie Throup: That's the message I'd like to put out","type":"L","timestamp":"2023-11-09 12:31:47"},{"nodeID":"1283325","text":"Analysing","type":"YA","timestamp":"2023-11-09 12:31:47"},{"nodeID":"1283326","text":"Nicole: Maggie Throup: That's the message I'd like to put out","type":"L","timestamp":"2023-11-09 12:31:47"},{"nodeID":"1283327","text":"Asserting","type":"YA","timestamp":"2023-11-09 12:31:47"},{"nodeID":"1283328","text":"Default Transition","type":"TA","timestamp":"2023-11-09 12:31:47"},{"nodeID":"1283329","text":"Default Rephrase","type":"MA","timestamp":"2023-11-09 12:31:47"},{"nodeID":"1283330","text":"Restating","type":"YA","timestamp":"2023-11-09 12:31:47"},{"nodeID":"1283331","text":"we can't blame other people","type":"I","timestamp":"2023-11-09 12:31:48"},{"nodeID":"1283332","text":"Maggie Throup: We can't blame other people","type":"L","timestamp":"2023-11-09 12:31:48"},{"nodeID":"1283333","text":"Analysing","type":"YA","timestamp":"2023-11-09 12:31:48"},{"nodeID":"1283334","text":"Nicole: Maggie Throup: We can't blame other people","type":"L","timestamp":"2023-11-09 12:31:48"},{"nodeID":"1283335","text":"Asserting","type":"YA","timestamp":"2023-11-09 12:31:48"},{"nodeID":"1283336","text":"Default Transition","type":"TA","timestamp":"2023-11-09 12:31:48"},{"nodeID":"1283337","text":"we are not doing it ourself","type":"I","timestamp":"2023-11-09 12:31:48"},{"nodeID":"1283338","text":"Maggie Throup: if we are not doing it ourself","type":"L","timestamp":"2023-11-09 12:31:48"},{"nodeID":"1283339","text":"Analysing","type":"YA","timestamp":"2023-11-09 12:31:48"},{"nodeID":"1283340","text":"Nicole: Maggie Throup: if we are not doing it ourself","type":"L","timestamp":"2023-11-09 12:31:48"},{"nodeID":"1283341","text":"Asserting","type":"YA","timestamp":"2023-11-09 12:31:48"},{"nodeID":"1283342","text":"Default Transition","type":"TA","timestamp":"2023-11-09 12:31:48"},{"nodeID":"1283343","text":"Default Inference","type":"RA","timestamp":"2023-11-09 12:31:48"},{"nodeID":"1283344","text":"Arguing","type":"YA","timestamp":"2023-11-09 12:31:48"},{"nodeID":"1283345","text":"we go for a coffee and do different things in the high streets","type":"I","timestamp":"2023-11-09 12:31:49"},{"nodeID":"1283346","text":"Maggie Throup: we go for a coffee and do different things in the high streets","type":"L","timestamp":"2023-11-09 12:31:49"},{"nodeID":"1283347","text":"Analysing","type":"YA","timestamp":"2023-11-09 12:31:49"},{"nodeID":"1283348","text":"Nicole: Maggie Throup: we go for a coffee and do different things in the high streets","type":"L","timestamp":"2023-11-09 12:31:49"},{"nodeID":"1283349","text":"Asserting","type":"YA","timestamp":"2023-11-09 12:31:49"},{"nodeID":"1283350","text":"the high street is not just about what we see as retail","type":"I","timestamp":"2023-11-09 12:31:49"},{"nodeID":"1283351","text":"Maggie Throup: it is not just about what we see as retail","type":"L","timestamp":"2023-11-09 12:31:49"},{"nodeID":"1283352","text":"Analysing","type":"YA","timestamp":"2023-11-09 12:31:49"},{"nodeID":"1283353","text":"Nicole: Maggie Throup: it is not just about what we see as retail","type":"L","timestamp":"2023-11-09 12:31:49"},{"nodeID":"1283354","text":"Asserting","type":"YA","timestamp":"2023-11-09 12:31:49"},{"nodeID":"1283355","text":"Default Transition","type":"TA","timestamp":"2023-11-09 12:31:49"},{"nodeID":"1283356","text":"Default Rephrase","type":"MA","timestamp":"2023-11-09 12:31:49"},{"nodeID":"1283357","text":"Restating","type":"YA","timestamp":"2023-11-09 12:31:49"},{"nodeID":"1283358","text":"we have to change the culture around the high streets","type":"I","timestamp":"2023-11-09 12:31:50"},{"nodeID":"1283359","text":"Maggie Throup: We have to change the culture around","type":"L","timestamp":"2023-11-09 12:31:50"},{"nodeID":"1283360","text":"Analysing","type":"YA","timestamp":"2023-11-09 12:31:50"},{"nodeID":"1283361","text":"Nicole: Maggie Throup: We have to change the culture around","type":"L","timestamp":"2023-11-09 12:31:50"},{"nodeID":"1283362","text":"Asserting","type":"YA","timestamp":"2023-11-09 12:31:50"},{"nodeID":"1283363","text":"Default Transition","type":"TA","timestamp":"2023-11-09 12:31:50"},{"nodeID":"1283364","text":"the high street is a destination","type":"I","timestamp":"2023-11-09 12:31:50"},{"nodeID":"1283365","text":"Maggie Throup: it is a destination","type":"L","timestamp":"2023-11-09 12:31:50"},{"nodeID":"1283366","text":"Analysing","type":"YA","timestamp":"2023-11-09 12:31:50"},{"nodeID":"1283367","text":"Nicole: Maggie Throup: it is a destination","type":"L","timestamp":"2023-11-09 12:31:50"},{"nodeID":"1283368","text":"Asserting","type":"YA","timestamp":"2023-11-09 12:31:50"},{"nodeID":"1283369","text":"Default Transition","type":"TA","timestamp":"2023-11-09 12:31:50"},{"nodeID":"1283370","text":"Default Transition","type":"TA","timestamp":"2023-11-09 12:31:50"},{"nodeID":"1283371","text":"Default Inference","type":"RA","timestamp":"2023-11-09 12:31:50"},{"nodeID":"1283372","text":"Arguing","type":"YA","timestamp":"2023-11-09 12:31:50"},{"nodeID":"1283373","text":"Default Inference","type":"RA","timestamp":"2023-11-09 12:31:50"},{"nodeID":"1283374","text":"Arguing","type":"YA","timestamp":"2023-11-09 12:31:50"},{"nodeID":"1283375","text":"our high streets have changed in terms of it is somewhere we go to socialise as well as shop and there's a mixed economy","type":"I","timestamp":"2023-11-09 12:31:51"},{"nodeID":"1283376","text":"Wendy Chamberlain: our high streets have changed in terms of it is somewhere we go to socialise as well as shop and there's a mixed economy","type":"L","timestamp":"2023-11-09 12:31:51"},{"nodeID":"1283377","text":"Analysing","type":"YA","timestamp":"2023-11-09 12:31:51"},{"nodeID":"1283378","text":"Nicole: Wendy Chamberlain: our high streets have changed in terms of it is somewhere we go to socialise as well as shop and there's a mixed economy","type":"L","timestamp":"2023-11-09 12:31:51"},{"nodeID":"1283379","text":"Asserting","type":"YA","timestamp":"2023-11-09 12:31:51"},{"nodeID":"1283380","text":"Default Transition","type":"TA","timestamp":"2023-11-09 12:31:51"},{"nodeID":"1283381","text":"it is small business Saturday this weekend and Wendy Chamberlain is going to be in two areas of her constituency, St Andrews","type":"I","timestamp":"2023-11-09 12:31:51"},{"nodeID":"1283382","text":"Wendy Chamberlain: It is small business Saturday this weekend and I'm going to be in two areas of my constituency, St Andrews","type":"L","timestamp":"2023-11-09 12:31:51"},{"nodeID":"1283383","text":"Analysing","type":"YA","timestamp":"2023-11-09 12:31:51"},{"nodeID":"1283384","text":"Nicole: Wendy Chamberlain: It is small business Saturday this weekend and I'm going to be in two areas of my constituency, St Andrews","type":"L","timestamp":"2023-11-09 12:31:51"},{"nodeID":"1283385","text":"Asserting","type":"YA","timestamp":"2023-11-09 12:31:52"},{"nodeID":"1283386","text":"Default Transition","type":"TA","timestamp":"2023-11-09 12:31:52"},{"nodeID":"1283387","text":"St Andrews has independent shops supported by business independent district using funding","type":"I","timestamp":"2023-11-09 12:31:52"},{"nodeID":"1283388","text":"Wendy Chamberlain: it has independent shops supported by business independent district using funding","type":"L","timestamp":"2023-11-09 12:31:52"},{"nodeID":"1283389","text":"Analysing","type":"YA","timestamp":"2023-11-09 12:31:52"},{"nodeID":"1283390","text":"Nicole: Wendy Chamberlain: it has independent shops supported by business independent district using funding","type":"L","timestamp":"2023-11-09 12:31:52"},{"nodeID":"1283391","text":"Asserting","type":"YA","timestamp":"2023-11-09 12:31:52"},{"nodeID":"1283392","text":"the Scottish government actually developed an app","type":"I","timestamp":"2023-11-09 12:31:53"},{"nodeID":"1283393","text":"Wendy Chamberlain: the Scottish government actually developed an app","type":"L","timestamp":"2023-11-09 12:31:53"},{"nodeID":"1283394","text":"Analysing","type":"YA","timestamp":"2023-11-09 12:31:53"},{"nodeID":"1283395","text":"Nicole: Wendy Chamberlain: the Scottish government actually developed an app","type":"L","timestamp":"2023-11-09 12:31:53"},{"nodeID":"1283396","text":"Asserting","type":"YA","timestamp":"2023-11-09 12:31:53"},{"nodeID":"1283397","text":"those local businesses who couldn't afford to do that themselves are able to do that","type":"I","timestamp":"2023-11-09 12:31:53"},{"nodeID":"1283398","text":"Wendy Chamberlain: those local businesses who couldn't afford to do that themselves are able to do that","type":"L","timestamp":"2023-11-09 12:31:53"},{"nodeID":"1283399","text":"Analysing","type":"YA","timestamp":"2023-11-09 12:31:53"},{"nodeID":"1283400","text":"Nicole: Wendy Chamberlain: those local businesses who couldn't afford to do that themselves are able to do that","type":"L","timestamp":"2023-11-09 12:31:53"},{"nodeID":"1283401","text":"Asserting","type":"YA","timestamp":"2023-11-09 12:31:53"},{"nodeID":"1283402","text":"Default Inference","type":"RA","timestamp":"2023-11-09 12:31:53"},{"nodeID":"1283403","text":"Default Transition","type":"TA","timestamp":"2023-11-09 12:31:53"},{"nodeID":"1283404","text":"Arguing","type":"YA","timestamp":"2023-11-09 12:31:53"},{"nodeID":"1283405","text":"Default Transition","type":"TA","timestamp":"2023-11-09 12:31:53"},{"nodeID":"1283406","text":"Default Transition","type":"TA","timestamp":"2023-11-09 12:31:53"},{"nodeID":"1283407","text":"Default Rephrase","type":"MA","timestamp":"2023-11-09 12:31:53"},{"nodeID":"1283408","text":"Restating","type":"YA","timestamp":"2023-11-09 12:31:53"}],"edges":[{"edgeID":"1688412","fromID":"1283308","toID":"1283307","formEdgeID":null},{"edgeID":"1688413","fromID":"1283309","toID":"1283308","formEdgeID":null},{"edgeID":"1688414","fromID":"1283307","toID":"1283310","formEdgeID":null},{"edgeID":"1688415","fromID":"1283310","toID":"1283306","formEdgeID":null},{"edgeID":"1688416","fromID":"1283313","toID":"1283312","formEdgeID":null},{"edgeID":"1688417","fromID":"1283314","toID":"1283313","formEdgeID":null},{"edgeID":"1688418","fromID":"1283312","toID":"1283315","formEdgeID":null},{"edgeID":"1688419","fromID":"1283315","toID":"1283311","formEdgeID":null},{"edgeID":"1688420","fromID":"1283307","toID":"1283316","formEdgeID":null},{"edgeID":"1688421","fromID":"1283316","toID":"1283312","formEdgeID":null},{"edgeID":"1688422","fromID":"1283319","toID":"1283318","formEdgeID":null},{"edgeID":"1688423","fromID":"1283320","toID":"1283319","formEdgeID":null},{"edgeID":"1688424","fromID":"1283318","toID":"1283321","formEdgeID":null},{"edgeID":"1688425","fromID":"1283321","toID":"1283317","formEdgeID":null},{"edgeID":"1688426","fromID":"1283312","toID":"1283322","formEdgeID":null},{"edgeID":"1688427","fromID":"1283322","toID":"1283318","formEdgeID":null},{"edgeID":"1688428","fromID":"1283325","toID":"1283324","formEdgeID":null},{"edgeID":"1688429","fromID":"1283326","toID":"1283325","formEdgeID":null},{"edgeID":"1688430","fromID":"1283324","toID":"1283327","formEdgeID":null},{"edgeID":"1688431","fromID":"1283327","toID":"1283323","formEdgeID":null},{"edgeID":"1688432","fromID":"1283318","toID":"1283328","formEdgeID":null},{"edgeID":"1688433","fromID":"1283328","toID":"1283324","formEdgeID":null},{"edgeID":"1688434","fromID":"1283323","toID":"1283329","formEdgeID":null},{"edgeID":"1688435","fromID":"1283329","toID":"1283317","formEdgeID":null},{"edgeID":"1688436","fromID":"1283328","toID":"1283330","formEdgeID":null},{"edgeID":"1688437","fromID":"1283330","toID":"1283329","formEdgeID":null},{"edgeID":"1688438","fromID":"1283333","toID":"1283332","formEdgeID":null},{"edgeID":"1688439","fromID":"1283334","toID":"1283333","formEdgeID":null},{"edgeID":"1688440","fromID":"1283332","toID":"1283335","formEdgeID":null},{"edgeID":"1688441","fromID":"1283335","toID":"1283331","formEdgeID":null},{"edgeID":"1688442","fromID":"1283324","toID":"1283336","formEdgeID":null},{"edgeID":"1688443","fromID":"1283336","toID":"1283332","formEdgeID":null},{"edgeID":"1688444","fromID":"1283339","toID":"1283338","formEdgeID":null},{"edgeID":"1688445","fromID":"1283340","toID":"1283339","formEdgeID":null},{"edgeID":"1688446","fromID":"1283338","toID":"1283341","formEdgeID":null},{"edgeID":"1688447","fromID":"1283341","toID":"1283337","formEdgeID":null},{"edgeID":"1688448","fromID":"1283332","toID":"1283342","formEdgeID":null},{"edgeID":"1688449","fromID":"1283342","toID":"1283338","formEdgeID":null},{"edgeID":"1688450","fromID":"1283337","toID":"1283343","formEdgeID":null},{"edgeID":"1688451","fromID":"1283343","toID":"1283331","formEdgeID":null},{"edgeID":"1688452","fromID":"1283342","toID":"1283344","formEdgeID":null},{"edgeID":"1688453","fromID":"1283344","toID":"1283343","formEdgeID":null},{"edgeID":"1688454","fromID":"1283347","toID":"1283346","formEdgeID":null},{"edgeID":"1688455","fromID":"1283348","toID":"1283347","formEdgeID":null},{"edgeID":"1688456","fromID":"1283346","toID":"1283349","formEdgeID":null},{"edgeID":"1688457","fromID":"1283349","toID":"1283345","formEdgeID":null},{"edgeID":"1688458","fromID":"1283352","toID":"1283351","formEdgeID":null},{"edgeID":"1688459","fromID":"1283353","toID":"1283352","formEdgeID":null},{"edgeID":"1688460","fromID":"1283351","toID":"1283354","formEdgeID":null},{"edgeID":"1688461","fromID":"1283354","toID":"1283350","formEdgeID":null},{"edgeID":"1688462","fromID":"1283346","toID":"1283355","formEdgeID":null},{"edgeID":"1688463","fromID":"1283355","toID":"1283351","formEdgeID":null},{"edgeID":"1688464","fromID":"1283350","toID":"1283356","formEdgeID":null},{"edgeID":"1688465","fromID":"1283356","toID":"1283345","formEdgeID":null},{"edgeID":"1688466","fromID":"1283355","toID":"1283357","formEdgeID":null},{"edgeID":"1688467","fromID":"1283357","toID":"1283356","formEdgeID":null},{"edgeID":"1688468","fromID":"1283360","toID":"1283359","formEdgeID":null},{"edgeID":"1688469","fromID":"1283361","toID":"1283360","formEdgeID":null},{"edgeID":"1688470","fromID":"1283359","toID":"1283362","formEdgeID":null},{"edgeID":"1688471","fromID":"1283362","toID":"1283358","formEdgeID":null},{"edgeID":"1688472","fromID":"1283338","toID":"1283363","formEdgeID":null},{"edgeID":"1688473","fromID":"1283363","toID":"1283359","formEdgeID":null},{"edgeID":"1688474","fromID":"1283366","toID":"1283365","formEdgeID":null},{"edgeID":"1688475","fromID":"1283367","toID":"1283366","formEdgeID":null},{"edgeID":"1688476","fromID":"1283365","toID":"1283368","formEdgeID":null},{"edgeID":"1688477","fromID":"1283368","toID":"1283364","formEdgeID":null},{"edgeID":"1688478","fromID":"1283359","toID":"1283369","formEdgeID":null},{"edgeID":"1688479","fromID":"1283369","toID":"1283365","formEdgeID":null},{"edgeID":"1688480","fromID":"1283365","toID":"1283370","formEdgeID":null},{"edgeID":"1688481","fromID":"1283370","toID":"1283346","formEdgeID":null},{"edgeID":"1688482","fromID":"1283364","toID":"1283371","formEdgeID":null},{"edgeID":"1688483","fromID":"1283371","toID":"1283358","formEdgeID":null},{"edgeID":"1688484","fromID":"1283369","toID":"1283372","formEdgeID":null},{"edgeID":"1688485","fromID":"1283372","toID":"1283371","formEdgeID":null},{"edgeID":"1688486","fromID":"1283345","toID":"1283373","formEdgeID":null},{"edgeID":"1688487","fromID":"1283373","toID":"1283364","formEdgeID":null},{"edgeID":"1688488","fromID":"1283370","toID":"1283374","formEdgeID":null},{"edgeID":"1688489","fromID":"1283374","toID":"1283373","formEdgeID":null},{"edgeID":"1688490","fromID":"1283377","toID":"1283376","formEdgeID":null},{"edgeID":"1688491","fromID":"1283378","toID":"1283377","formEdgeID":null},{"edgeID":"1688492","fromID":"1283376","toID":"1283379","formEdgeID":null},{"edgeID":"1688493","fromID":"1283379","toID":"1283375","formEdgeID":null},{"edgeID":"1688494","fromID":"1283351","toID":"1283380","formEdgeID":null},{"edgeID":"1688495","fromID":"1283380","toID":"1283376","formEdgeID":null},{"edgeID":"1688496","fromID":"1283383","toID":"1283382","formEdgeID":null},{"edgeID":"1688497","fromID":"1283384","toID":"1283383","formEdgeID":null},{"edgeID":"1688498","fromID":"1283382","toID":"1283385","formEdgeID":null},{"edgeID":"1688499","fromID":"1283385","toID":"1283381","formEdgeID":null},{"edgeID":"1688500","fromID":"1283376","toID":"1283386","formEdgeID":null},{"edgeID":"1688501","fromID":"1283386","toID":"1283382","formEdgeID":null},{"edgeID":"1688502","fromID":"1283389","toID":"1283388","formEdgeID":null},{"edgeID":"1688503","fromID":"1283390","toID":"1283389","formEdgeID":null},{"edgeID":"1688504","fromID":"1283388","toID":"1283391","formEdgeID":null},{"edgeID":"1688505","fromID":"1283391","toID":"1283387","formEdgeID":null},{"edgeID":"1688506","fromID":"1283394","toID":"1283393","formEdgeID":null},{"edgeID":"1688507","fromID":"1283395","toID":"1283394","formEdgeID":null},{"edgeID":"1688508","fromID":"1283393","toID":"1283396","formEdgeID":null},{"edgeID":"1688509","fromID":"1283396","toID":"1283392","formEdgeID":null},{"edgeID":"1688510","fromID":"1283399","toID":"1283398","formEdgeID":null},{"edgeID":"1688511","fromID":"1283400","toID":"1283399","formEdgeID":null},{"edgeID":"1688512","fromID":"1283398","toID":"1283401","formEdgeID":null},{"edgeID":"1688513","fromID":"1283401","toID":"1283397","formEdgeID":null},{"edgeID":"1688514","fromID":"1283397","toID":"1283402","formEdgeID":null},{"edgeID":"1688515","fromID":"1283402","toID":"1283392","formEdgeID":null},{"edgeID":"1688516","fromID":"1283393","toID":"1283403","formEdgeID":null},{"edgeID":"1688517","fromID":"1283403","toID":"1283398","formEdgeID":null},{"edgeID":"1688518","fromID":"1283403","toID":"1283404","formEdgeID":null},{"edgeID":"1688519","fromID":"1283404","toID":"1283402","formEdgeID":null},{"edgeID":"1688520","fromID":"1283382","toID":"1283405","formEdgeID":null},{"edgeID":"1688521","fromID":"1283405","toID":"1283388","formEdgeID":null},{"edgeID":"1688522","fromID":"1283388","toID":"1283406","formEdgeID":null},{"edgeID":"1688523","fromID":"1283406","toID":"1283393","formEdgeID":null},{"edgeID":"1688524","fromID":"1283375","toID":"1283407","formEdgeID":null},{"edgeID":"1688525","fromID":"1283407","toID":"1283350","formEdgeID":null},{"edgeID":"1688526","fromID":"1283380","toID":"1283408","formEdgeID":null},{"edgeID":"1688527","fromID":"1283408","toID":"1283407","formEdgeID":null}],"locutions":[]}