{"nodes":[{"nodeID":"783946","text":"the local high street can't afford a loss of business","type":"I","timestamp":"2021-12-09 20:52:57"},{"nodeID":"1283552","text":"we need to sort out the tax system so the online world and offline world have some equality","type":"I","timestamp":"2023-11-09 12:32:07"},{"nodeID":"1283553","text":"Thangam Debonnaire: we need to sort out the tax system so the online world and offline world have some equality","type":"L","timestamp":"2023-11-09 12:32:07"},{"nodeID":"1283554","text":"Fyfe: Thangam Debonnaire: we need to sort out the tax system so the online world and offline world have some equality","type":"L","timestamp":"2023-11-09 12:32:07"},{"nodeID":"1283555","text":"we could also do with a minister for the supply chain","type":"I","timestamp":"2023-11-09 12:32:07"},{"nodeID":"1283556","text":"Thangam Debonnaire: We could also do with a minister for the supply chain","type":"L","timestamp":"2023-11-09 12:32:07"},{"nodeID":"1283557","text":"Fyfe: Thangam Debonnaire: We could also do with a minister for the supply chain","type":"L","timestamp":"2023-11-09 12:32:07"},{"nodeID":"1283558","text":"Thangham Debonnaire will be shopping in her high street on Saturday","type":"I","timestamp":"2023-11-09 12:32:08"},{"nodeID":"1283559","text":"Thangam Debonnaire: I will be shopping in my high street as well on Saturday","type":"L","timestamp":"2023-11-09 12:32:08"},{"nodeID":"1283560","text":"Fyfe: Thangam Debonnaire: I will be shopping in my high street as well on Saturday","type":"L","timestamp":"2023-11-09 12:32:08"},{"nodeID":"1283561","text":"it is not just small businesses on the high street that need help, it is the supply chain as well and therefore we need to appoint a minister for supply chain","type":"I","timestamp":"2023-11-09 12:32:08"},{"nodeID":"1283562","text":"Thangam Debonnaire:  it is not just small businesses on the high street, it is the supply chain as well","type":"L","timestamp":"2023-11-09 12:32:08"},{"nodeID":"1283563","text":"Fyfe: Thangam Debonnaire:  it is not just small businesses on the high street, it is the supply chain as well","type":"L","timestamp":"2023-11-09 12:32:08"},{"nodeID":"1283564","text":"Maggie Thourp is sure the Chancellor will get the message","type":"I","timestamp":"2023-11-09 12:32:09"},{"nodeID":"1283565","text":"Maggie Throup: I'm sure the Chancellor will get the message","type":"L","timestamp":"2023-11-09 12:32:09"},{"nodeID":"1283566","text":"Fyfe: Maggie Throup: I'm sure the Chancellor will get the message","type":"L","timestamp":"2023-11-09 12:32:09"},{"nodeID":"1283567","text":"the expression \"use it or lose it\" starts to sound like the government blaming us for the problem","type":"I","timestamp":"2023-11-09 12:32:10"},{"nodeID":"1283568","text":"AudienceMember 20210912QT40: The expression \"use it or lose it\" starts to sound like the government blaming us for the problem","type":"L","timestamp":"2023-11-09 12:32:10"},{"nodeID":"1283569","text":"Fyfe: AudienceMember 20210912QT40: The expression \"use it or lose it\" starts to sound like the government blaming us for the problem","type":"L","timestamp":"2023-11-09 12:32:10"},{"nodeID":"1283570","text":"Maggie Throup knows if she doesn't use her local shops, then we will lose them","type":"I","timestamp":"2023-11-09 12:32:10"},{"nodeID":"1283571","text":"Maggie Throup: I know if I don't use my local shops, then we will lose them","type":"L","timestamp":"2023-11-09 12:32:10"},{"nodeID":"1283572","text":"Fyfe: Maggie Throup: I know if I don't use my local shops, then we will lose them","type":"L","timestamp":"2023-11-09 12:32:10"},{"nodeID":"1283573","text":"the local high street is a community which Maggie Throup is willing to support","type":"I","timestamp":"2023-11-09 12:32:11"},{"nodeID":"1283574","text":"Maggie Throup: It is a community which I'm willing to support","type":"L","timestamp":"2023-11-09 12:32:11"},{"nodeID":"1283575","text":"Fyfe: Maggie Throup: It is a community which I'm willing to support","type":"L","timestamp":"2023-11-09 12:32:11"},{"nodeID":"1283576","text":"for heaven sake, sort out the online tax system so there is equality with the offline tax system","type":"I","timestamp":"2023-11-09 12:32:11"},{"nodeID":"1283577","text":"Thangam Debonnaire:  for heaven sake, sort out the online tax system","type":"L","timestamp":"2023-11-09 12:32:11"},{"nodeID":"1283578","text":"Fyfe: Thangam Debonnaire:  for heaven sake, sort out the online tax system","type":"L","timestamp":"2023-11-09 12:32:11"},{"nodeID":"1283579","text":"Theo Paphitis: They can't afford it","type":"L","timestamp":"2023-11-09 12:32:12"},{"nodeID":"1283580","text":"Fyfe: Theo Paphitis: They can't afford it","type":"L","timestamp":"2023-11-09 12:32:12"},{"nodeID":"1283581","text":"Analysing","type":"YA","timestamp":"2023-11-09 12:32:12"},{"nodeID":"1283582","text":"Asserting","type":"YA","timestamp":"2023-11-09 12:32:12"},{"nodeID":"1283583","text":"Analysing","type":"YA","timestamp":"2023-11-09 12:32:12"},{"nodeID":"1283584","text":"Asserting","type":"YA","timestamp":"2023-11-09 12:32:12"},{"nodeID":"1283585","text":"Default Transition","type":"TA","timestamp":"2023-11-09 12:32:12"},{"nodeID":"1283586","text":"Analysing","type":"YA","timestamp":"2023-11-09 12:32:12"},{"nodeID":"1283587","text":"Asserting","type":"YA","timestamp":"2023-11-09 12:32:12"},{"nodeID":"1283588","text":"Analysing","type":"YA","timestamp":"2023-11-09 12:32:12"},{"nodeID":"1283589","text":"Asserting","type":"YA","timestamp":"2023-11-09 12:32:12"},{"nodeID":"1283590","text":"Analysing","type":"YA","timestamp":"2023-11-09 12:32:12"},{"nodeID":"1283591","text":"Asserting","type":"YA","timestamp":"2023-11-09 12:32:12"},{"nodeID":"1283592","text":"Analysing","type":"YA","timestamp":"2023-11-09 12:32:12"},{"nodeID":"1283593","text":"Asserting","type":"YA","timestamp":"2023-11-09 12:32:12"},{"nodeID":"1283594","text":"Analysing","type":"YA","timestamp":"2023-11-09 12:32:12"},{"nodeID":"1283595","text":"Asserting","type":"YA","timestamp":"2023-11-09 12:32:12"},{"nodeID":"1283596","text":"Analysing","type":"YA","timestamp":"2023-11-09 12:32:12"},{"nodeID":"1283597","text":"Asserting","type":"YA","timestamp":"2023-11-09 12:32:12"},{"nodeID":"1283598","text":"Analysing","type":"YA","timestamp":"2023-11-09 12:32:12"},{"nodeID":"1283599","text":"Asserting","type":"YA","timestamp":"2023-11-09 12:32:12"},{"nodeID":"1283600","text":"Default Transition","type":"TA","timestamp":"2023-11-09 12:32:12"},{"nodeID":"1283601","text":"Default Transition","type":"TA","timestamp":"2023-11-09 12:32:12"},{"nodeID":"1283602","text":"Default Transition","type":"TA","timestamp":"2023-11-09 12:32:12"},{"nodeID":"1283603","text":"Default Transition","type":"TA","timestamp":"2023-11-09 12:32:12"},{"nodeID":"1283604","text":"Default Transition","type":"TA","timestamp":"2023-11-09 12:32:12"},{"nodeID":"1283605","text":"Default Rephrase","type":"MA","timestamp":"2023-11-09 12:32:12"},{"nodeID":"1283606","text":"Default Rephrase","type":"MA","timestamp":"2023-11-09 12:32:12"},{"nodeID":"1283607","text":"Default Transition","type":"TA","timestamp":"2023-11-09 12:32:12"},{"nodeID":"1283608","text":"Restating","type":"YA","timestamp":"2023-11-09 12:32:12"},{"nodeID":"1283609","text":"Default Transition","type":"TA","timestamp":"2023-11-09 12:32:12"},{"nodeID":"1283610","text":"Restating","type":"YA","timestamp":"2023-11-09 12:32:12"},{"nodeID":"1283611","text":"Default Transition","type":"TA","timestamp":"2023-11-09 12:32:12"},{"nodeID":"1283612","text":"Default Transition","type":"TA","timestamp":"2023-11-09 12:32:12"},{"nodeID":"1283613","text":"Analysing","type":"YA","timestamp":"2023-11-09 12:32:12"},{"nodeID":"1283614","text":"Asserting","type":"YA","timestamp":"2023-11-09 12:32:12"},{"nodeID":"1283615","text":"Default Transition","type":"TA","timestamp":"2023-11-09 12:32:12"},{"nodeID":"1283616","text":"Default Rephrase","type":"MA","timestamp":"2023-11-09 12:32:12"},{"nodeID":"1283617","text":"Restating","type":"YA","timestamp":"2023-11-09 12:32:12"}],"edges":[{"edgeID":"1688691","fromID":"1283581","toID":"1283553","formEdgeID":null},{"edgeID":"1688692","fromID":"1283554","toID":"1283581","formEdgeID":null},{"edgeID":"1688693","fromID":"1283553","toID":"1283582","formEdgeID":null},{"edgeID":"1688694","fromID":"1283582","toID":"1283552","formEdgeID":null},{"edgeID":"1688695","fromID":"1283583","toID":"1283556","formEdgeID":null},{"edgeID":"1688696","fromID":"1283557","toID":"1283583","formEdgeID":null},{"edgeID":"1688697","fromID":"1283556","toID":"1283584","formEdgeID":null},{"edgeID":"1688698","fromID":"1283584","toID":"1283555","formEdgeID":null},{"edgeID":"1688699","fromID":"1283553","toID":"1283585","formEdgeID":null},{"edgeID":"1688700","fromID":"1283585","toID":"1283556","formEdgeID":null},{"edgeID":"1688701","fromID":"1283586","toID":"1283559","formEdgeID":null},{"edgeID":"1688702","fromID":"1283560","toID":"1283586","formEdgeID":null},{"edgeID":"1688703","fromID":"1283559","toID":"1283587","formEdgeID":null},{"edgeID":"1688704","fromID":"1283587","toID":"1283558","formEdgeID":null},{"edgeID":"1688705","fromID":"1283588","toID":"1283562","formEdgeID":null},{"edgeID":"1688706","fromID":"1283563","toID":"1283588","formEdgeID":null},{"edgeID":"1688707","fromID":"1283562","toID":"1283589","formEdgeID":null},{"edgeID":"1688708","fromID":"1283589","toID":"1283561","formEdgeID":null},{"edgeID":"1688709","fromID":"1283590","toID":"1283565","formEdgeID":null},{"edgeID":"1688710","fromID":"1283566","toID":"1283590","formEdgeID":null},{"edgeID":"1688711","fromID":"1283565","toID":"1283591","formEdgeID":null},{"edgeID":"1688712","fromID":"1283591","toID":"1283564","formEdgeID":null},{"edgeID":"1688713","fromID":"1283592","toID":"1283568","formEdgeID":null},{"edgeID":"1688714","fromID":"1283569","toID":"1283592","formEdgeID":null},{"edgeID":"1688715","fromID":"1283568","toID":"1283593","formEdgeID":null},{"edgeID":"1688716","fromID":"1283593","toID":"1283567","formEdgeID":null},{"edgeID":"1688717","fromID":"1283594","toID":"1283571","formEdgeID":null},{"edgeID":"1688718","fromID":"1283572","toID":"1283594","formEdgeID":null},{"edgeID":"1688719","fromID":"1283571","toID":"1283595","formEdgeID":null},{"edgeID":"1688720","fromID":"1283595","toID":"1283570","formEdgeID":null},{"edgeID":"1688721","fromID":"1283596","toID":"1283574","formEdgeID":null},{"edgeID":"1688722","fromID":"1283575","toID":"1283596","formEdgeID":null},{"edgeID":"1688723","fromID":"1283574","toID":"1283597","formEdgeID":null},{"edgeID":"1688724","fromID":"1283597","toID":"1283573","formEdgeID":null},{"edgeID":"1688725","fromID":"1283598","toID":"1283577","formEdgeID":null},{"edgeID":"1688726","fromID":"1283578","toID":"1283598","formEdgeID":null},{"edgeID":"1688727","fromID":"1283577","toID":"1283599","formEdgeID":null},{"edgeID":"1688728","fromID":"1283599","toID":"1283576","formEdgeID":null},{"edgeID":"1688729","fromID":"1283556","toID":"1283600","formEdgeID":null},{"edgeID":"1688730","fromID":"1283600","toID":"1283559","formEdgeID":null},{"edgeID":"1688731","fromID":"1283559","toID":"1283601","formEdgeID":null},{"edgeID":"1688732","fromID":"1283601","toID":"1283562","formEdgeID":null},{"edgeID":"1688733","fromID":"1283562","toID":"1283602","formEdgeID":null},{"edgeID":"1688734","fromID":"1283602","toID":"1283577","formEdgeID":null},{"edgeID":"1688735","fromID":"1283577","toID":"1283603","formEdgeID":null},{"edgeID":"1688736","fromID":"1283603","toID":"1283565","formEdgeID":null},{"edgeID":"1688737","fromID":"1283565","toID":"1283604","formEdgeID":null},{"edgeID":"1688738","fromID":"1283604","toID":"1283568","formEdgeID":null},{"edgeID":"1688739","fromID":"1283561","toID":"1283605","formEdgeID":null},{"edgeID":"1688740","fromID":"1283605","toID":"1283555","formEdgeID":null},{"edgeID":"1688741","fromID":"1283576","toID":"1283606","formEdgeID":null},{"edgeID":"1688742","fromID":"1283606","toID":"1283552","formEdgeID":null},{"edgeID":"1688743","fromID":"1283556","toID":"1283607","formEdgeID":null},{"edgeID":"1688744","fromID":"1283607","toID":"1283562","formEdgeID":null},{"edgeID":"1688745","fromID":"1283607","toID":"1283608","formEdgeID":null},{"edgeID":"1688746","fromID":"1283608","toID":"1283605","formEdgeID":null},{"edgeID":"1688747","fromID":"1283553","toID":"1283609","formEdgeID":null},{"edgeID":"1688748","fromID":"1283609","toID":"1283577","formEdgeID":null},{"edgeID":"1688749","fromID":"1283609","toID":"1283610","formEdgeID":null},{"edgeID":"1688750","fromID":"1283610","toID":"1283606","formEdgeID":null},{"edgeID":"1688751","fromID":"1283568","toID":"1283611","formEdgeID":null},{"edgeID":"1688752","fromID":"1283611","toID":"1283571","formEdgeID":null},{"edgeID":"1688753","fromID":"1283571","toID":"1283612","formEdgeID":null},{"edgeID":"1688754","fromID":"1283612","toID":"1283574","formEdgeID":null},{"edgeID":"1688755","fromID":"1283613","toID":"1283579","formEdgeID":null},{"edgeID":"1688756","fromID":"1283580","toID":"1283613","formEdgeID":null},{"edgeID":"1688757","fromID":"1283579","toID":"1283614","formEdgeID":null},{"edgeID":"1688758","fromID":"1283614","toID":"783946","formEdgeID":null},{"edgeID":"1688759","fromID":"1283574","toID":"1283615","formEdgeID":null},{"edgeID":"1688760","fromID":"1283615","toID":"1283579","formEdgeID":null},{"edgeID":"1688761","fromID":"783946","toID":"1283616","formEdgeID":null},{"edgeID":"1688762","fromID":"1283616","toID":"1283570","formEdgeID":null},{"edgeID":"1688763","fromID":"1283615","toID":"1283617","formEdgeID":null},{"edgeID":"1688764","fromID":"1283617","toID":"1283616","formEdgeID":null}],"locutions":[]}