{"nodes":[{"nodeID":"1140599","text":"there's lots we don't know about Omicron","type":"I","timestamp":"2023-04-11 18:39:45"},{"nodeID":"1140691","text":"we are very concerned that there is significant disease","type":"I","timestamp":"2023-04-11 18:40:56"},{"nodeID":"1279804","text":"Fiona Bruce: But there's lots we don't know about Omicron","type":"L","timestamp":"2023-11-09 12:26:53"},{"nodeID":"1279805","text":"Analysing","type":"YA","timestamp":"2023-11-09 12:26:53"},{"nodeID":"1279806","text":"Anna : Fiona Bruce: But there's lots we don't know about Omicron","type":"L","timestamp":"2023-11-09 12:26:53"},{"nodeID":"1279807","text":"Asserting","type":"YA","timestamp":"2023-11-09 12:26:53"},{"nodeID":"1279808","text":"it is a very, very interesting question if the Omicron variant could be a blessing in disguise","type":"I","timestamp":"2023-11-09 12:26:53"},{"nodeID":"1279809","text":"Peter Openshaw: It is a very, very interesting question","type":"L","timestamp":"2023-11-09 12:26:53"},{"nodeID":"1279810","text":"Analysing","type":"YA","timestamp":"2023-11-09 12:26:53"},{"nodeID":"1279811","text":"Anna : Peter Openshaw: It is a very, very interesting question","type":"L","timestamp":"2023-11-09 12:26:53"},{"nodeID":"1279812","text":"Asserting","type":"YA","timestamp":"2023-11-09 12:26:53"},{"nodeID":"1279813","text":"the virus is or is not going to mutate into a form that is very mild and might spread amongst the population and cause immunity to subsequent iterations","type":"I","timestamp":"2023-11-09 12:26:54"},{"nodeID":"1279814","text":"Peter Openshaw: Is this virus going to mutate into a form that is very mild and might spread amongst the population and cause immunity to subsequent iterations","type":"L","timestamp":"2023-11-09 12:26:54"},{"nodeID":"1279815","text":"Analysing","type":"YA","timestamp":"2023-11-09 12:26:54"},{"nodeID":"1279816","text":"Anna : Peter Openshaw: Is this virus going to mutate into a form that is very mild and might spread amongst the population and cause immunity to subsequent iterations","type":"L","timestamp":"2023-11-09 12:26:54"},{"nodeID":"1279817","text":"Rhetorical Questioning","type":"YA","timestamp":"2023-11-09 12:26:54"},{"nodeID":"1279818","text":"it is a theoretical possibility that the new variant is a blessing in disguise","type":"I","timestamp":"2023-11-09 12:26:55"},{"nodeID":"1279819","text":"Peter Openshaw: So it is a theoretical possibility","type":"L","timestamp":"2023-11-09 12:26:55"},{"nodeID":"1279820","text":"Analysing","type":"YA","timestamp":"2023-11-09 12:26:55"},{"nodeID":"1279821","text":"Anna : Peter Openshaw: So it is a theoretical possibility","type":"L","timestamp":"2023-11-09 12:26:55"},{"nodeID":"1279822","text":"Asserting","type":"YA","timestamp":"2023-11-09 12:26:55"},{"nodeID":"1279823","text":"we don't know whether the Omicron variant being a blessing in disguise is going to happen","type":"I","timestamp":"2023-11-09 12:26:55"},{"nodeID":"1279824","text":"Peter Openshaw: We don't know whether that's going to happen","type":"L","timestamp":"2023-11-09 12:26:55"},{"nodeID":"1279825","text":"Analysing","type":"YA","timestamp":"2023-11-09 12:26:55"},{"nodeID":"1279826","text":"Anna : Peter Openshaw: We don't know whether that's going to happen","type":"L","timestamp":"2023-11-09 12:26:55"},{"nodeID":"1279827","text":"Asserting","type":"YA","timestamp":"2023-11-09 12:26:55"},{"nodeID":"1279828","text":"the news so far we have on this new variant is that it isn't especially mild","type":"I","timestamp":"2023-11-09 12:26:56"},{"nodeID":"1279829","text":"Peter Openshaw:  I think the news so far we have on this new variant is that it isn't especially mild","type":"L","timestamp":"2023-11-09 12:26:56"},{"nodeID":"1279830","text":"Analysing","type":"YA","timestamp":"2023-11-09 12:26:56"},{"nodeID":"1279831","text":"Anna : Peter Openshaw:  I think the news so far we have on this new variant is that it isn't especially mild","type":"L","timestamp":"2023-11-09 12:26:56"},{"nodeID":"1279832","text":"Asserting","type":"YA","timestamp":"2023-11-09 12:26:56"},{"nodeID":"1279833","text":"Peter Openshaw: We are very concerned that there is significant disease","type":"L","timestamp":"2023-11-09 12:26:56"},{"nodeID":"1279834","text":"Analysing","type":"YA","timestamp":"2023-11-09 12:26:56"},{"nodeID":"1279835","text":"Anna : Peter Openshaw: We are very concerned that there is significant disease","type":"L","timestamp":"2023-11-09 12:26:56"},{"nodeID":"1279836","text":"Asserting","type":"YA","timestamp":"2023-11-09 12:26:56"},{"nodeID":"1279837","text":"the initial report has come from South Africa","type":"I","timestamp":"2023-11-09 12:26:57"},{"nodeID":"1279838","text":"Fiona Bruce:  The initial report has come from South Africa","type":"L","timestamp":"2023-11-09 12:26:57"},{"nodeID":"1279839","text":"Analysing","type":"YA","timestamp":"2023-11-09 12:26:57"},{"nodeID":"1279840","text":"Anna : Fiona Bruce:  The initial report has come from South Africa","type":"L","timestamp":"2023-11-09 12:26:57"},{"nodeID":"1279841","text":"Asserting","type":"YA","timestamp":"2023-11-09 12:26:57"},{"nodeID":"1279842","text":"the initial report from South Africa was only one report","type":"I","timestamp":"2023-11-09 12:26:57"},{"nodeID":"1279843","text":"Fiona Bruce: it was only one report","type":"L","timestamp":"2023-11-09 12:26:57"},{"nodeID":"1279844","text":"Analysing","type":"YA","timestamp":"2023-11-09 12:26:57"},{"nodeID":"1279845","text":"Anna : Fiona Bruce: it was only one report","type":"L","timestamp":"2023-11-09 12:26:57"},{"nodeID":"1279846","text":"Asserting","type":"YA","timestamp":"2023-11-09 12:26:57"},{"nodeID":"1279847","text":"the report came from a professor in South Africa who has personal experience of these cases","type":"I","timestamp":"2023-11-09 12:26:58"},{"nodeID":"1279848","text":"Fiona Bruce: but from a professor in South Africa who has personal experience of these cases","type":"L","timestamp":"2023-11-09 12:26:58"},{"nodeID":"1279849","text":"Analysing","type":"YA","timestamp":"2023-11-09 12:26:58"},{"nodeID":"1279850","text":"Anna : Fiona Bruce: but from a professor in South Africa who has personal experience of these cases","type":"L","timestamp":"2023-11-09 12:26:58"},{"nodeID":"1279851","text":"Asserting","type":"YA","timestamp":"2023-11-09 12:26:58"},{"nodeID":"1279852","text":"the report said on the whole the cases of Omicron are mild","type":"I","timestamp":"2023-11-09 12:26:58"},{"nodeID":"1279853","text":"Fiona Bruce: saying on the whole they are mild","type":"L","timestamp":"2023-11-09 12:26:58"},{"nodeID":"1279854","text":"Analysing","type":"YA","timestamp":"2023-11-09 12:26:58"},{"nodeID":"1279855","text":"Anna : Fiona Bruce: saying on the whole they are mild","type":"L","timestamp":"2023-11-09 12:26:58"},{"nodeID":"1279856","text":"Asserting","type":"YA","timestamp":"2023-11-09 12:26:58"},{"nodeID":"1279857","text":"the Omicron cases tend to be on the severe end then","type":"I","timestamp":"2023-11-09 12:26:59"},{"nodeID":"1279858","text":"Fiona Bruce: But you are saying they tend to be on the severe end then","type":"L","timestamp":"2023-11-09 12:26:59"},{"nodeID":"1279859","text":"Analysing","type":"YA","timestamp":"2023-11-09 12:26:59"},{"nodeID":"1279860","text":"Anna : Fiona Bruce: But you are saying they tend to be on the severe end then","type":"L","timestamp":"2023-11-09 12:26:59"},{"nodeID":"1279861","text":"we need to know more about the Omicron variant","type":"I","timestamp":"2023-11-09 12:26:59"},{"nodeID":"1279862","text":"Peter Openshaw: I think we need to know more about this","type":"L","timestamp":"2023-11-09 12:26:59"},{"nodeID":"1279863","text":"Analysing","type":"YA","timestamp":"2023-11-09 12:26:59"},{"nodeID":"1279864","text":"Anna : Peter Openshaw: I think we need to know more about this","type":"L","timestamp":"2023-11-09 12:26:59"},{"nodeID":"1279865","text":"Asserting","type":"YA","timestamp":"2023-11-09 12:26:59"},{"nodeID":"1279866","text":"we've had descriptions from people in primary care saying they are seeing a lot of mild cases of the Omicron variant","type":"I","timestamp":"2023-11-09 12:27:00"},{"nodeID":"1279867","text":"Peter Openshaw:  We've had descriptions from people in primary care saying they are seeing a lot of mild cases","type":"L","timestamp":"2023-11-09 12:27:00"},{"nodeID":"1279868","text":"Analysing","type":"YA","timestamp":"2023-11-09 12:27:00"},{"nodeID":"1279869","text":"Anna : Peter Openshaw:  We've had descriptions from people in primary care saying they are seeing a lot of mild cases","type":"L","timestamp":"2023-11-09 12:27:00"},{"nodeID":"1279870","text":"Asserting","type":"YA","timestamp":"2023-11-09 12:27:00"},{"nodeID":"1279871","text":"there are increased cases of the Omicron variant in hospitals","type":"I","timestamp":"2023-11-09 12:27:01"},{"nodeID":"1279872","text":"Peter Openshaw: but there are increased cases in hospitals","type":"L","timestamp":"2023-11-09 12:27:01"},{"nodeID":"1279873","text":"Analysing","type":"YA","timestamp":"2023-11-09 12:27:01"},{"nodeID":"1279874","text":"Anna : Peter Openshaw: but there are increased cases in hospitals","type":"L","timestamp":"2023-11-09 12:27:01"},{"nodeID":"1279875","text":"Asserting","type":"YA","timestamp":"2023-11-09 12:27:01"},{"nodeID":"1279876","text":"we don't know what the balance of mild to severe Omicron cases is","type":"I","timestamp":"2023-11-09 12:27:01"},{"nodeID":"1279877","text":"Peter Openshaw: We don't know what the balance is","type":"L","timestamp":"2023-11-09 12:27:01"},{"nodeID":"1279878","text":"Analysing","type":"YA","timestamp":"2023-11-09 12:27:01"},{"nodeID":"1279879","text":"Anna : Peter Openshaw: We don't know what the balance is","type":"L","timestamp":"2023-11-09 12:27:01"},{"nodeID":"1279880","text":"Asserting","type":"YA","timestamp":"2023-11-09 12:27:01"},{"nodeID":"1279881","text":"we need more information before we can say anything","type":"I","timestamp":"2023-11-09 12:27:02"},{"nodeID":"1279882","text":"Peter Openshaw:  We need more information before we can say anything","type":"L","timestamp":"2023-11-09 12:27:02"},{"nodeID":"1279883","text":"Analysing","type":"YA","timestamp":"2023-11-09 12:27:02"},{"nodeID":"1279884","text":"Anna : Peter Openshaw:  We need more information before we can say anything","type":"L","timestamp":"2023-11-09 12:27:02"},{"nodeID":"1279885","text":"Asserting","type":"YA","timestamp":"2023-11-09 12:27:02"},{"nodeID":"1279886","text":"the Omicron variant could or could not turn out to be a blessing in disguise","type":"I","timestamp":"2023-11-09 12:27:02"},{"nodeID":"1279887","text":"Fiona Bruce: but could it turn out to be a blessing in disguise","type":"L","timestamp":"2023-11-09 12:27:02"},{"nodeID":"1279888","text":"Analysing","type":"YA","timestamp":"2023-11-09 12:27:02"},{"nodeID":"1279889","text":"Anna : Fiona Bruce: but could it turn out to be a blessing in disguise","type":"L","timestamp":"2023-11-09 12:27:02"},{"nodeID":"1279890","text":"Pure Questioning","type":"YA","timestamp":"2023-11-09 12:27:02"},{"nodeID":"1279891","text":"the Omicron Variant doesn't cause serious illness but does boost our immunity","type":"I","timestamp":"2023-11-09 12:27:03"},{"nodeID":"1279892","text":"Fiona Bruce:  if it doesn't cause serious illness but does boost our immunity","type":"L","timestamp":"2023-11-09 12:27:03"},{"nodeID":"1279893","text":"Analysing","type":"YA","timestamp":"2023-11-09 12:27:03"},{"nodeID":"1279894","text":"Anna : Fiona Bruce:  if it doesn't cause serious illness but does boost our immunity","type":"L","timestamp":"2023-11-09 12:27:03"},{"nodeID":"1279895","text":"Asserting","type":"YA","timestamp":"2023-11-09 12:27:03"},{"nodeID":"1279896","text":"Default Transition","type":"TA","timestamp":"2023-11-09 12:27:03"},{"nodeID":"1279897","text":"Default Transition","type":"TA","timestamp":"2023-11-09 12:27:03"},{"nodeID":"1279898","text":"Default Inference","type":"RA","timestamp":"2023-11-09 12:27:03"},{"nodeID":"1279899","text":"Arguing","type":"YA","timestamp":"2023-11-09 12:27:03"},{"nodeID":"1279900","text":"Default Transition","type":"TA","timestamp":"2023-11-09 12:27:03"},{"nodeID":"1279901","text":"Default Transition","type":"TA","timestamp":"2023-11-09 12:27:03"},{"nodeID":"1279902","text":"Default Rephrase","type":"MA","timestamp":"2023-11-09 12:27:03"},{"nodeID":"1279903","text":"Default Transition","type":"TA","timestamp":"2023-11-09 12:27:03"},{"nodeID":"1279904","text":"Default Illocuting","type":"YA","timestamp":"2023-11-09 12:27:03"},{"nodeID":"1279905","text":"Default Transition","type":"TA","timestamp":"2023-11-09 12:27:03"},{"nodeID":"1279906","text":"Default Rephrase","type":"MA","timestamp":"2023-11-09 12:27:03"},{"nodeID":"1279907","text":"Default Illocuting","type":"YA","timestamp":"2023-11-09 12:27:03"},{"nodeID":"1279908","text":"Default Conflict","type":"CA","timestamp":"2023-11-09 12:27:03"},{"nodeID":"1279909","text":"Default Rephrase","type":"MA","timestamp":"2023-11-09 12:27:03"},{"nodeID":"1279910","text":"Restating","type":"YA","timestamp":"2023-11-09 12:27:03"},{"nodeID":"1279911","text":"Default Transition","type":"TA","timestamp":"2023-11-09 12:27:03"},{"nodeID":"1279912","text":"Disagreeing","type":"YA","timestamp":"2023-11-09 12:27:03"},{"nodeID":"1279913","text":"Default Transition","type":"TA","timestamp":"2023-11-09 12:27:03"},{"nodeID":"1279914","text":"Default Rephrase","type":"MA","timestamp":"2023-11-09 12:27:03"},{"nodeID":"1279915","text":"Restating","type":"YA","timestamp":"2023-11-09 12:27:03"},{"nodeID":"1279916","text":"Default Transition","type":"TA","timestamp":"2023-11-09 12:27:03"},{"nodeID":"1279917","text":"Default Transition","type":"TA","timestamp":"2023-11-09 12:27:03"},{"nodeID":"1279918","text":"Default Rephrase","type":"MA","timestamp":"2023-11-09 12:27:03"},{"nodeID":"1279919","text":"Restating","type":"YA","timestamp":"2023-11-09 12:27:03"},{"nodeID":"1279920","text":"Default Rephrase","type":"MA","timestamp":"2023-11-09 12:27:03"},{"nodeID":"1279921","text":"Default Transition","type":"TA","timestamp":"2023-11-09 12:27:03"},{"nodeID":"1279922","text":"Restating","type":"YA","timestamp":"2023-11-09 12:27:03"},{"nodeID":"1279923","text":"Default Transition","type":"TA","timestamp":"2023-11-09 12:27:03"},{"nodeID":"1279924","text":"Default Rephrase","type":"MA","timestamp":"2023-11-09 12:27:03"},{"nodeID":"1279925","text":"Restating","type":"YA","timestamp":"2023-11-09 12:27:03"},{"nodeID":"1279926","text":"Default Conflict","type":"CA","timestamp":"2023-11-09 12:27:03"},{"nodeID":"1279927","text":"Default Transition","type":"TA","timestamp":"2023-11-09 12:27:03"},{"nodeID":"1279928","text":"Challenging","type":"YA","timestamp":"2023-11-09 12:27:03"},{"nodeID":"1279929","text":"Peter Openshaw: the Omicron cases tend to be on the severe end then","type":"L","timestamp":"2023-11-09 12:27:03"},{"nodeID":"1279930","text":"Analysing","type":"YA","timestamp":"2023-11-09 12:27:03"},{"nodeID":"1279931","text":"Anna : Peter Openshaw: But you are saying they tend to be on the severe end then","type":"L","timestamp":"2023-11-09 12:27:03"},{"nodeID":"1279932","text":"Asserting","type":"YA","timestamp":"2023-11-09 12:27:03"},{"nodeID":"1279933","text":"Asserting","type":"YA","timestamp":"2023-11-09 12:27:03"},{"nodeID":"1279934","text":"Default Transition","type":"TA","timestamp":"2023-11-09 12:27:03"},{"nodeID":"1279935","text":"Default Rephrase","type":"MA","timestamp":"2023-11-09 12:27:03"},{"nodeID":"1279936","text":"Restating","type":"YA","timestamp":"2023-11-09 12:27:03"},{"nodeID":"1279937","text":"Default Transition","type":"TA","timestamp":"2023-11-09 12:27:03"},{"nodeID":"1279938","text":"Default Conflict","type":"CA","timestamp":"2023-11-09 12:27:03"},{"nodeID":"1279939","text":"Disagreeing","type":"YA","timestamp":"2023-11-09 12:27:03"},{"nodeID":"1279940","text":"Default Inference","type":"RA","timestamp":"2023-11-09 12:27:03"},{"nodeID":"1279941","text":"Default Transition","type":"TA","timestamp":"2023-11-09 12:27:03"},{"nodeID":"1279942","text":"Default Transition","type":"TA","timestamp":"2023-11-09 12:27:03"},{"nodeID":"1279943","text":"Arguing","type":"YA","timestamp":"2023-11-09 12:27:03"},{"nodeID":"1279944","text":"Default Inference","type":"RA","timestamp":"2023-11-09 12:27:03"},{"nodeID":"1279945","text":"Default Transition","type":"TA","timestamp":"2023-11-09 12:27:03"},{"nodeID":"1279946","text":"Arguing","type":"YA","timestamp":"2023-11-09 12:27:03"},{"nodeID":"1279947","text":"Default Transition","type":"TA","timestamp":"2023-11-09 12:27:03"},{"nodeID":"1279948","text":"Default Rephrase","type":"MA","timestamp":"2023-11-09 12:27:03"},{"nodeID":"1279949","text":"Restating","type":"YA","timestamp":"2023-11-09 12:27:03"},{"nodeID":"1279950","text":"Default Conflict","type":"CA","timestamp":"2023-11-09 12:27:03"},{"nodeID":"1279951","text":"Default Transition","type":"TA","timestamp":"2023-11-09 12:27:03"},{"nodeID":"1279952","text":"Disagreeing","type":"YA","timestamp":"2023-11-09 12:27:03"}],"edges":[{"edgeID":"1684092","fromID":"1279805","toID":"1279804","formEdgeID":null},{"edgeID":"1684093","fromID":"1279806","toID":"1279805","formEdgeID":null},{"edgeID":"1684094","fromID":"1279804","toID":"1279807","formEdgeID":null},{"edgeID":"1684095","fromID":"1279807","toID":"1140599","formEdgeID":null},{"edgeID":"1684096","fromID":"1279810","toID":"1279809","formEdgeID":null},{"edgeID":"1684097","fromID":"1279811","toID":"1279810","formEdgeID":null},{"edgeID":"1684098","fromID":"1279809","toID":"1279812","formEdgeID":null},{"edgeID":"1684099","fromID":"1279812","toID":"1279808","formEdgeID":null},{"edgeID":"1684100","fromID":"1279815","toID":"1279814","formEdgeID":null},{"edgeID":"1684101","fromID":"1279816","toID":"1279815","formEdgeID":null},{"edgeID":"1684102","fromID":"1279814","toID":"1279817","formEdgeID":null},{"edgeID":"1684103","fromID":"1279817","toID":"1279813","formEdgeID":null},{"edgeID":"1684104","fromID":"1279820","toID":"1279819","formEdgeID":null},{"edgeID":"1684105","fromID":"1279821","toID":"1279820","formEdgeID":null},{"edgeID":"1684106","fromID":"1279819","toID":"1279822","formEdgeID":null},{"edgeID":"1684107","fromID":"1279822","toID":"1279818","formEdgeID":null},{"edgeID":"1684108","fromID":"1279825","toID":"1279824","formEdgeID":null},{"edgeID":"1684109","fromID":"1279826","toID":"1279825","formEdgeID":null},{"edgeID":"1684110","fromID":"1279824","toID":"1279827","formEdgeID":null},{"edgeID":"1684111","fromID":"1279827","toID":"1279823","formEdgeID":null},{"edgeID":"1684112","fromID":"1279830","toID":"1279829","formEdgeID":null},{"edgeID":"1684113","fromID":"1279831","toID":"1279830","formEdgeID":null},{"edgeID":"1684114","fromID":"1279829","toID":"1279832","formEdgeID":null},{"edgeID":"1684115","fromID":"1279832","toID":"1279828","formEdgeID":null},{"edgeID":"1684116","fromID":"1279834","toID":"1279833","formEdgeID":null},{"edgeID":"1684117","fromID":"1279835","toID":"1279834","formEdgeID":null},{"edgeID":"1684118","fromID":"1279833","toID":"1279836","formEdgeID":null},{"edgeID":"1684119","fromID":"1279836","toID":"1140691","formEdgeID":null},{"edgeID":"1684120","fromID":"1279839","toID":"1279838","formEdgeID":null},{"edgeID":"1684121","fromID":"1279840","toID":"1279839","formEdgeID":null},{"edgeID":"1684122","fromID":"1279838","toID":"1279841","formEdgeID":null},{"edgeID":"1684123","fromID":"1279841","toID":"1279837","formEdgeID":null},{"edgeID":"1684124","fromID":"1279844","toID":"1279843","formEdgeID":null},{"edgeID":"1684125","fromID":"1279845","toID":"1279844","formEdgeID":null},{"edgeID":"1684126","fromID":"1279843","toID":"1279846","formEdgeID":null},{"edgeID":"1684127","fromID":"1279846","toID":"1279842","formEdgeID":null},{"edgeID":"1684128","fromID":"1279849","toID":"1279848","formEdgeID":null},{"edgeID":"1684129","fromID":"1279850","toID":"1279849","formEdgeID":null},{"edgeID":"1684130","fromID":"1279848","toID":"1279851","formEdgeID":null},{"edgeID":"1684131","fromID":"1279851","toID":"1279847","formEdgeID":null},{"edgeID":"1684132","fromID":"1279854","toID":"1279853","formEdgeID":null},{"edgeID":"1684133","fromID":"1279855","toID":"1279854","formEdgeID":null},{"edgeID":"1684134","fromID":"1279853","toID":"1279856","formEdgeID":null},{"edgeID":"1684135","fromID":"1279856","toID":"1279852","formEdgeID":null},{"edgeID":"1684136","fromID":"1279859","toID":"1279858","formEdgeID":null},{"edgeID":"1684137","fromID":"1279860","toID":"1279859","formEdgeID":null},{"edgeID":"1684138","fromID":"1279863","toID":"1279862","formEdgeID":null},{"edgeID":"1684139","fromID":"1279864","toID":"1279863","formEdgeID":null},{"edgeID":"1684140","fromID":"1279862","toID":"1279865","formEdgeID":null},{"edgeID":"1684141","fromID":"1279865","toID":"1279861","formEdgeID":null},{"edgeID":"1684142","fromID":"1279868","toID":"1279867","formEdgeID":null},{"edgeID":"1684143","fromID":"1279869","toID":"1279868","formEdgeID":null},{"edgeID":"1684144","fromID":"1279867","toID":"1279870","formEdgeID":null},{"edgeID":"1684145","fromID":"1279870","toID":"1279866","formEdgeID":null},{"edgeID":"1684146","fromID":"1279873","toID":"1279872","formEdgeID":null},{"edgeID":"1684147","fromID":"1279874","toID":"1279873","formEdgeID":null},{"edgeID":"1684148","fromID":"1279872","toID":"1279875","formEdgeID":null},{"edgeID":"1684149","fromID":"1279875","toID":"1279871","formEdgeID":null},{"edgeID":"1684150","fromID":"1279878","toID":"1279877","formEdgeID":null},{"edgeID":"1684151","fromID":"1279879","toID":"1279878","formEdgeID":null},{"edgeID":"1684152","fromID":"1279877","toID":"1279880","formEdgeID":null},{"edgeID":"1684153","fromID":"1279880","toID":"1279876","formEdgeID":null},{"edgeID":"1684154","fromID":"1279883","toID":"1279882","formEdgeID":null},{"edgeID":"1684155","fromID":"1279884","toID":"1279883","formEdgeID":null},{"edgeID":"1684156","fromID":"1279882","toID":"1279885","formEdgeID":null},{"edgeID":"1684157","fromID":"1279885","toID":"1279881","formEdgeID":null},{"edgeID":"1684158","fromID":"1279888","toID":"1279887","formEdgeID":null},{"edgeID":"1684159","fromID":"1279889","toID":"1279888","formEdgeID":null},{"edgeID":"1684160","fromID":"1279887","toID":"1279890","formEdgeID":null},{"edgeID":"1684161","fromID":"1279890","toID":"1279886","formEdgeID":null},{"edgeID":"1684162","fromID":"1279893","toID":"1279892","formEdgeID":null},{"edgeID":"1684163","fromID":"1279894","toID":"1279893","formEdgeID":null},{"edgeID":"1684164","fromID":"1279892","toID":"1279895","formEdgeID":null},{"edgeID":"1684165","fromID":"1279895","toID":"1279891","formEdgeID":null},{"edgeID":"1684166","fromID":"1279804","toID":"1279896","formEdgeID":null},{"edgeID":"1684167","fromID":"1279896","toID":"1279887","formEdgeID":null},{"edgeID":"1684168","fromID":"1279887","toID":"1279897","formEdgeID":null},{"edgeID":"1684169","fromID":"1279897","toID":"1279892","formEdgeID":null},{"edgeID":"1684170","fromID":"1279891","toID":"1279898","formEdgeID":null},{"edgeID":"1684171","fromID":"1279898","toID":"1279886","formEdgeID":null},{"edgeID":"1684172","fromID":"1279897","toID":"1279899","formEdgeID":null},{"edgeID":"1684173","fromID":"1279899","toID":"1279898","formEdgeID":null},{"edgeID":"1684174","fromID":"1279887","toID":"1279900","formEdgeID":null},{"edgeID":"1684175","fromID":"1279900","toID":"1279809","formEdgeID":null},{"edgeID":"1684176","fromID":"1279809","toID":"1279901","formEdgeID":null},{"edgeID":"1684177","fromID":"1279901","toID":"1279814","formEdgeID":null},{"edgeID":"1684178","fromID":"1279818","toID":"1279902","formEdgeID":null},{"edgeID":"1684179","fromID":"1279902","toID":"1279886","formEdgeID":null},{"edgeID":"1684180","fromID":"1279887","toID":"1279903","formEdgeID":null},{"edgeID":"1684181","fromID":"1279903","toID":"1279819","formEdgeID":null},{"edgeID":"1684182","fromID":"1279903","toID":"1279904","formEdgeID":null},{"edgeID":"1684183","fromID":"1279904","toID":"1279902","formEdgeID":null},{"edgeID":"1684184","fromID":"1279887","toID":"1279905","formEdgeID":null},{"edgeID":"1684185","fromID":"1279905","toID":"1279824","formEdgeID":null},{"edgeID":"1684186","fromID":"1279823","toID":"1279906","formEdgeID":null},{"edgeID":"1684187","fromID":"1279906","toID":"1279886","formEdgeID":null},{"edgeID":"1684188","fromID":"1279905","toID":"1279907","formEdgeID":null},{"edgeID":"1684189","fromID":"1279907","toID":"1279906","formEdgeID":null},{"edgeID":"1684190","fromID":"1279828","toID":"1279908","formEdgeID":null},{"edgeID":"1684191","fromID":"1279908","toID":"1279891","formEdgeID":null},{"edgeID":"1684192","fromID":"1279813","toID":"1279909","formEdgeID":null},{"edgeID":"1684193","fromID":"1279909","toID":"1279886","formEdgeID":null},{"edgeID":"1684194","fromID":"1279901","toID":"1279910","formEdgeID":null},{"edgeID":"1684195","fromID":"1279910","toID":"1279909","formEdgeID":null},{"edgeID":"1684196","fromID":"1279892","toID":"1279911","formEdgeID":null},{"edgeID":"1684197","fromID":"1279911","toID":"1279829","formEdgeID":null},{"edgeID":"1684198","fromID":"1279911","toID":"1279912","formEdgeID":null},{"edgeID":"1684199","fromID":"1279912","toID":"1279908","formEdgeID":null},{"edgeID":"1684200","fromID":"1279829","toID":"1279913","formEdgeID":null},{"edgeID":"1684201","fromID":"1279913","toID":"1279833","formEdgeID":null},{"edgeID":"1684202","fromID":"1140691","toID":"1279914","formEdgeID":null},{"edgeID":"1684203","fromID":"1279914","toID":"1279828","formEdgeID":null},{"edgeID":"1684204","fromID":"1279913","toID":"1279915","formEdgeID":null},{"edgeID":"1684205","fromID":"1279915","toID":"1279914","formEdgeID":null},{"edgeID":"1684206","fromID":"1279833","toID":"1279916","formEdgeID":null},{"edgeID":"1684207","fromID":"1279916","toID":"1279838","formEdgeID":null},{"edgeID":"1684208","fromID":"1279838","toID":"1279917","formEdgeID":null},{"edgeID":"1684209","fromID":"1279917","toID":"1279843","formEdgeID":null},{"edgeID":"1684210","fromID":"1279842","toID":"1279918","formEdgeID":null},{"edgeID":"1684211","fromID":"1279918","toID":"1279837","formEdgeID":null},{"edgeID":"1684212","fromID":"1279917","toID":"1279919","formEdgeID":null},{"edgeID":"1684213","fromID":"1279919","toID":"1279918","formEdgeID":null},{"edgeID":"1684214","fromID":"1279847","toID":"1279920","formEdgeID":null},{"edgeID":"1684215","fromID":"1279920","toID":"1279842","formEdgeID":null},{"edgeID":"1684216","fromID":"1279843","toID":"1279921","formEdgeID":null},{"edgeID":"1684217","fromID":"1279921","toID":"1279848","formEdgeID":null},{"edgeID":"1684218","fromID":"1279921","toID":"1279922","formEdgeID":null},{"edgeID":"1684219","fromID":"1279922","toID":"1279920","formEdgeID":null},{"edgeID":"1684220","fromID":"1279848","toID":"1279923","formEdgeID":null},{"edgeID":"1684221","fromID":"1279923","toID":"1279853","formEdgeID":null},{"edgeID":"1684222","fromID":"1279852","toID":"1279924","formEdgeID":null},{"edgeID":"1684223","fromID":"1279924","toID":"1279847","formEdgeID":null},{"edgeID":"1684224","fromID":"1279923","toID":"1279925","formEdgeID":null},{"edgeID":"1684225","fromID":"1279925","toID":"1279924","formEdgeID":null},{"edgeID":"1684226","fromID":"1279852","toID":"1279926","formEdgeID":null},{"edgeID":"1684227","fromID":"1279926","toID":"1279828","formEdgeID":null},{"edgeID":"1684228","fromID":"1279829","toID":"1279927","formEdgeID":null},{"edgeID":"1684229","fromID":"1279927","toID":"1279853","formEdgeID":null},{"edgeID":"1684230","fromID":"1279927","toID":"1279928","formEdgeID":null},{"edgeID":"1684231","fromID":"1279928","toID":"1279926","formEdgeID":null},{"edgeID":"1684232","fromID":"1279930","toID":"1279929","formEdgeID":null},{"edgeID":"1684233","fromID":"1279931","toID":"1279930","formEdgeID":null},{"edgeID":"1684234","fromID":"1279929","toID":"1279932","formEdgeID":null},{"edgeID":"1684235","fromID":"1279932","toID":"1279857","formEdgeID":null},{"edgeID":"1684236","fromID":"1279858","toID":"1279933","formEdgeID":null},{"edgeID":"1684237","fromID":"1279933","toID":"1279929","formEdgeID":null},{"edgeID":"1684238","fromID":"1279829","toID":"1279934","formEdgeID":null},{"edgeID":"1684239","fromID":"1279934","toID":"1279858","formEdgeID":null},{"edgeID":"1684240","fromID":"1279857","toID":"1279935","formEdgeID":null},{"edgeID":"1684241","fromID":"1279935","toID":"1279828","formEdgeID":null},{"edgeID":"1684242","fromID":"1279934","toID":"1279936","formEdgeID":null},{"edgeID":"1684243","fromID":"1279936","toID":"1279935","formEdgeID":null},{"edgeID":"1684244","fromID":"1279858","toID":"1279937","formEdgeID":null},{"edgeID":"1684245","fromID":"1279937","toID":"1279862","formEdgeID":null},{"edgeID":"1684246","fromID":"1279861","toID":"1279938","formEdgeID":null},{"edgeID":"1684247","fromID":"1279938","toID":"1279857","formEdgeID":null},{"edgeID":"1684248","fromID":"1279937","toID":"1279939","formEdgeID":null},{"edgeID":"1684249","fromID":"1279939","toID":"1279938","formEdgeID":null},{"edgeID":"1684250","fromID":"1279866","toID":"1279940","formEdgeID":null},{"edgeID":"1684251","fromID":"1279940","toID":"1279876","formEdgeID":null},{"edgeID":"1684252","fromID":"1279867","toID":"1279941","formEdgeID":null},{"edgeID":"1684253","fromID":"1279941","toID":"1279877","formEdgeID":null},{"edgeID":"1684254","fromID":"1279872","toID":"1279942","formEdgeID":null},{"edgeID":"1684255","fromID":"1279942","toID":"1279877","formEdgeID":null},{"edgeID":"1684256","fromID":"1279871","toID":"1279940","formEdgeID":null},{"edgeID":"1684257","fromID":"1279942","toID":"1279943","formEdgeID":null},{"edgeID":"1684258","fromID":"1279943","toID":"1279940","formEdgeID":null},{"edgeID":"1684259","fromID":"1279876","toID":"1279944","formEdgeID":null},{"edgeID":"1684260","fromID":"1279944","toID":"1279861","formEdgeID":null},{"edgeID":"1684261","fromID":"1279862","toID":"1279945","formEdgeID":null},{"edgeID":"1684262","fromID":"1279945","toID":"1279877","formEdgeID":null},{"edgeID":"1684263","fromID":"1279945","toID":"1279946","formEdgeID":null},{"edgeID":"1684264","fromID":"1279946","toID":"1279944","formEdgeID":null},{"edgeID":"1684265","fromID":"1279862","toID":"1279947","formEdgeID":null},{"edgeID":"1684266","fromID":"1279947","toID":"1279882","formEdgeID":null},{"edgeID":"1684267","fromID":"1279881","toID":"1279948","formEdgeID":null},{"edgeID":"1684268","fromID":"1279948","toID":"1279861","formEdgeID":null},{"edgeID":"1684269","fromID":"1279947","toID":"1279949","formEdgeID":null},{"edgeID":"1684270","fromID":"1279949","toID":"1279948","formEdgeID":null},{"edgeID":"1684271","fromID":"1279823","toID":"1279950","formEdgeID":null},{"edgeID":"1684272","fromID":"1279950","toID":"1279818","formEdgeID":null},{"edgeID":"1684273","fromID":"1279819","toID":"1279951","formEdgeID":null},{"edgeID":"1684274","fromID":"1279951","toID":"1279824","formEdgeID":null},{"edgeID":"1684275","fromID":"1279951","toID":"1279952","formEdgeID":null},{"edgeID":"1684276","fromID":"1279952","toID":"1279950","formEdgeID":null}],"locutions":[]}