{"nodes":[{"nodeID":"783911","text":"we do need to be held to account, and it makes better government when we have strong opposition","type":"I","timestamp":"2021-12-09 20:52:47"},{"nodeID":"783920","text":"let's be honest, there really isn't much of a credible alternative and there hasn't been for years","type":"I","timestamp":"2021-12-09 20:52:50"},{"nodeID":"783927","text":"it is important that Labour and Conservatives have strong opposition in other ways","type":"I","timestamp":"2021-12-09 20:52:52"},{"nodeID":"1282685","text":"it is not often we hear party praise","type":"I","timestamp":"2023-11-09 12:30:55"},{"nodeID":"1282686","text":"Fiona Bruce: It is not often we hear party praise","type":"L","timestamp":"2023-11-09 12:30:55"},{"nodeID":"1282687","text":"Analysing","type":"YA","timestamp":"2023-11-09 12:30:55"},{"nodeID":"1282688","text":"Anna : Fiona Bruce: It is not often we hear party praise","type":"L","timestamp":"2023-11-09 12:30:55"},{"nodeID":"1282689","text":"Asserting","type":"YA","timestamp":"2023-11-09 12:30:55"},{"nodeID":"1282690","text":"Maggie Throup would or would like to praise the Labour Party","type":"I","timestamp":"2023-11-09 12:30:55"},{"nodeID":"1282691","text":"Fiona Bruce: Maggie, would you like to do the same","type":"L","timestamp":"2023-11-09 12:30:55"},{"nodeID":"1282692","text":"Analysing","type":"YA","timestamp":"2023-11-09 12:30:55"},{"nodeID":"1282693","text":"Anna : Fiona Bruce: Maggie, would you like to do the same","type":"L","timestamp":"2023-11-09 12:30:55"},{"nodeID":"1282694","text":"Pure Questioning","type":"YA","timestamp":"2023-11-09 12:30:55"},{"nodeID":"1282695","text":"Maggie Throup thinks the timing for the Labor reshuffle was not the best timing","type":"I","timestamp":"2023-11-09 12:30:56"},{"nodeID":"1282696","text":"Maggie Throup:  I think the timing was not the best timing","type":"L","timestamp":"2023-11-09 12:30:56"},{"nodeID":"1282697","text":"Analysing","type":"YA","timestamp":"2023-11-09 12:30:56"},{"nodeID":"1282698","text":"Anna : Maggie Throup:  I think the timing was not the best timing","type":"L","timestamp":"2023-11-09 12:30:56"},{"nodeID":"1282699","text":"Asserting","type":"YA","timestamp":"2023-11-09 12:30:56"},{"nodeID":"1282700","text":"Maggie Throup is referring to the fact that the deputy leader was making a speech at the time","type":"I","timestamp":"2023-11-09 12:30:56"},{"nodeID":"1282701","text":"Fiona Bruce: You're referring to the fact that the deputy leader was making a speech at the time","type":"L","timestamp":"2023-11-09 12:30:56"},{"nodeID":"1282702","text":"Analysing","type":"YA","timestamp":"2023-11-09 12:30:56"},{"nodeID":"1282703","text":"Anna : Fiona Bruce: You're referring to the fact that the deputy leader was making a speech at the time","type":"L","timestamp":"2023-11-09 12:30:56"},{"nodeID":"1282704","text":"Asserting","type":"YA","timestamp":"2023-11-09 12:30:56"},{"nodeID":"1282705","text":"Maggie Throup: Yes","type":"L","timestamp":"2023-11-09 12:30:56"},{"nodeID":"1282706","text":"Analysing","type":"YA","timestamp":"2023-11-09 12:30:56"},{"nodeID":"1282707","text":"Anna : Maggie Throup: Yes","type":"L","timestamp":"2023-11-09 12:30:56"},{"nodeID":"1282708","text":"it is always known governments are stronger with strong opposition","type":"I","timestamp":"2023-11-09 12:30:57"},{"nodeID":"1282709","text":"Maggie Throup: It is always known governments are stronger with strong opposition","type":"L","timestamp":"2023-11-09 12:30:57"},{"nodeID":"1282710","text":"Analysing","type":"YA","timestamp":"2023-11-09 12:30:57"},{"nodeID":"1282711","text":"Anna : Maggie Throup: It is always known governments are stronger with strong opposition","type":"L","timestamp":"2023-11-09 12:30:57"},{"nodeID":"1282712","text":"Asserting","type":"YA","timestamp":"2023-11-09 12:30:57"},{"nodeID":"1282713","text":"it has been great that Labour have been supportive of the Conservative Party during the pandemic","type":"I","timestamp":"2023-11-09 12:30:57"},{"nodeID":"1282714","text":"Maggie Throup: I think it has been great that Labour have been supportive of us during the pandemic","type":"L","timestamp":"2023-11-09 12:30:57"},{"nodeID":"1282715","text":"Analysing","type":"YA","timestamp":"2023-11-09 12:30:57"},{"nodeID":"1282716","text":"Anna : Maggie Throup: I think it has been great that Labour have been supportive of us during the pandemic","type":"L","timestamp":"2023-11-09 12:30:57"},{"nodeID":"1282717","text":"Asserting","type":"YA","timestamp":"2023-11-09 12:30:57"},{"nodeID":"1282718","text":"it has been really important that Labour and Conservatives work together","type":"I","timestamp":"2023-11-09 12:30:58"},{"nodeID":"1282719","text":"Maggie Throup:  I think it has been really important we work together","type":"L","timestamp":"2023-11-09 12:30:58"},{"nodeID":"1282720","text":"Analysing","type":"YA","timestamp":"2023-11-09 12:30:58"},{"nodeID":"1282721","text":"Anna : Maggie Throup:  I think it has been really important we work together","type":"L","timestamp":"2023-11-09 12:30:58"},{"nodeID":"1282722","text":"Asserting","type":"YA","timestamp":"2023-11-09 12:30:58"},{"nodeID":"1282723","text":"Maggie Throup: but it is important we have strong opposition in other ways.","type":"L","timestamp":"2023-11-09 12:30:59"},{"nodeID":"1282724","text":"Analysing","type":"YA","timestamp":"2023-11-09 12:30:59"},{"nodeID":"1282725","text":"Anna : Maggie Throup: but it is important we have strong opposition in other ways.","type":"L","timestamp":"2023-11-09 12:30:59"},{"nodeID":"1282726","text":"Asserting","type":"YA","timestamp":"2023-11-09 12:30:59"},{"nodeID":"1282727","text":"Maggie Throup: As Wendy said, we do need to be held to account, and it makes better government when we have strong opposition","type":"L","timestamp":"2023-11-09 12:30:59"},{"nodeID":"1282728","text":"Analysing","type":"YA","timestamp":"2023-11-09 12:30:59"},{"nodeID":"1282729","text":"Anna : Maggie Throup: As Wendy said, we do need to be held to account, and it makes better government when we have strong opposition","type":"L","timestamp":"2023-11-09 12:30:59"},{"nodeID":"1282730","text":"Wendy Chamberlain: we do need to be held to account, and it makes better government when we have strong opposition","type":"L","timestamp":"2023-11-09 12:30:59"},{"nodeID":"1282731","text":"Analysing","type":"YA","timestamp":"2023-11-09 12:30:59"},{"nodeID":"1282732","text":"Anna : Wendy Chamberlain: As Wendy said, we do need to be held to account, and it makes better government when we have strong opposition","type":"L","timestamp":"2023-11-09 12:30:59"},{"nodeID":"1282733","text":"Asserting","type":"YA","timestamp":"2023-11-09 12:30:59"},{"nodeID":"1282734","text":"Default Illocuting","type":"YA","timestamp":"2023-11-09 12:30:59"},{"nodeID":"1282735","text":"time will tell whether the new shadow cabinet is stronger than the previous one","type":"I","timestamp":"2023-11-09 12:31:00"},{"nodeID":"1282736","text":"Maggie Throup: Time will tell whether the new shadow cabinet is stronger than the previous one","type":"L","timestamp":"2023-11-09 12:31:00"},{"nodeID":"1282737","text":"Analysing","type":"YA","timestamp":"2023-11-09 12:31:00"},{"nodeID":"1282738","text":"Anna : Maggie Throup: Time will tell whether the new shadow cabinet is stronger than the previous one","type":"L","timestamp":"2023-11-09 12:31:00"},{"nodeID":"1282739","text":"Asserting","type":"YA","timestamp":"2023-11-09 12:31:00"},{"nodeID":"1282740","text":"Maggie Throup looks forward to seeing if the new shadow cabinet is stronger than the previous one","type":"I","timestamp":"2023-11-09 12:31:00"},{"nodeID":"1282741","text":"Maggie Throup: I look forward to seeing if that is the case","type":"L","timestamp":"2023-11-09 12:31:00"},{"nodeID":"1282742","text":"Analysing","type":"YA","timestamp":"2023-11-09 12:31:00"},{"nodeID":"1282743","text":"Anna : Maggie Throup: I look forward to seeing if that is the case","type":"L","timestamp":"2023-11-09 12:31:00"},{"nodeID":"1282744","text":"Asserting","type":"YA","timestamp":"2023-11-09 12:31:00"},{"nodeID":"1282745","text":"they had two labour reshuffle","type":"I","timestamp":"2023-11-09 12:31:01"},{"nodeID":"1282746","text":"AudienceMember 20210912QT31: they had two labour reshuffle","type":"L","timestamp":"2023-11-09 12:31:01"},{"nodeID":"1282747","text":"Analysing","type":"YA","timestamp":"2023-11-09 12:31:01"},{"nodeID":"1282748","text":"Anna : AudienceMember 20210912QT31: they had two labour reshuffle","type":"L","timestamp":"2023-11-09 12:31:01"},{"nodeID":"1282749","text":"Asserting","type":"YA","timestamp":"2023-11-09 12:31:01"},{"nodeID":"1282750","text":"the two labour reshuffles evidence that, one, labour are willing to change","type":"I","timestamp":"2023-11-09 12:31:01"},{"nodeID":"1282751","text":"AudienceMember 20210912QT31: does that not evidence that, one, labour are willing to change","type":"L","timestamp":"2023-11-09 12:31:01"},{"nodeID":"1282752","text":"Analysing","type":"YA","timestamp":"2023-11-09 12:31:01"},{"nodeID":"1282753","text":"Anna : AudienceMember 20210912QT31: does that not evidence that, one, labour are willing to change","type":"L","timestamp":"2023-11-09 12:31:01"},{"nodeID":"1282754","text":"Assertive Questioning","type":"YA","timestamp":"2023-11-09 12:31:01"},{"nodeID":"1282755","text":"when Labour are willing to change they are happy to reflect on that, do that","type":"I","timestamp":"2023-11-09 12:31:02"},{"nodeID":"1282756","text":"AudienceMember 20210912QT31: and when they are willing to change they are happy to reflect on that, do that","type":"L","timestamp":"2023-11-09 12:31:02"},{"nodeID":"1282757","text":"Analysing","type":"YA","timestamp":"2023-11-09 12:31:02"},{"nodeID":"1282758","text":"Anna : AudienceMember 20210912QT31: and when they are willing to change they are happy to reflect on that, do that","type":"L","timestamp":"2023-11-09 12:31:02"},{"nodeID":"1282759","text":"Assertive Questioning","type":"YA","timestamp":"2023-11-09 12:31:02"},{"nodeID":"1282760","text":"Labour are willing to say that didn't work but we're going to try again","type":"I","timestamp":"2023-11-09 12:31:02"},{"nodeID":"1282761","text":"AudienceMember 20210912QT31: and say that didn't work but we're going to try again","type":"L","timestamp":"2023-11-09 12:31:02"},{"nodeID":"1282762","text":"Analysing","type":"YA","timestamp":"2023-11-09 12:31:02"},{"nodeID":"1282763","text":"Anna : AudienceMember 20210912QT31: and say that didn't work but we're going to try again","type":"L","timestamp":"2023-11-09 12:31:02"},{"nodeID":"1282764","text":"Assertive Questioning","type":"YA","timestamp":"2023-11-09 12:31:02"},{"nodeID":"1282765","text":"when we look at the opposition party, we see failure after failure","type":"I","timestamp":"2023-11-09 12:31:03"},{"nodeID":"1282766","text":"AudienceMember 20210912QT31: When we look at the opposition party, we see failure after failure","type":"L","timestamp":"2023-11-09 12:31:03"},{"nodeID":"1282767","text":"Analysing","type":"YA","timestamp":"2023-11-09 12:31:03"},{"nodeID":"1282768","text":"Anna : AudienceMember 20210912QT31: When we look at the opposition party, we see failure after failure","type":"L","timestamp":"2023-11-09 12:31:03"},{"nodeID":"1282769","text":"Asserting","type":"YA","timestamp":"2023-11-09 12:31:03"},{"nodeID":"1282770","text":"when we look at the opposition party, we see lie after lie","type":"I","timestamp":"2023-11-09 12:31:04"},{"nodeID":"1282771","text":"AudienceMember 20210912QT31:  lie after lie","type":"L","timestamp":"2023-11-09 12:31:04"},{"nodeID":"1282772","text":"Analysing","type":"YA","timestamp":"2023-11-09 12:31:04"},{"nodeID":"1282773","text":"Anna : AudienceMember 20210912QT31:  lie after lie","type":"L","timestamp":"2023-11-09 12:31:04"},{"nodeID":"1282774","text":"Asserting","type":"YA","timestamp":"2023-11-09 12:31:04"},{"nodeID":"1282775","text":"when we look at the opposition party, we see denial after denial","type":"I","timestamp":"2023-11-09 12:31:04"},{"nodeID":"1282776","text":"AudienceMember 20210912QT31:  denial after denial","type":"L","timestamp":"2023-11-09 12:31:04"},{"nodeID":"1282777","text":"Analysing","type":"YA","timestamp":"2023-11-09 12:31:04"},{"nodeID":"1282778","text":"Anna : AudienceMember 20210912QT31:  denial after denial","type":"L","timestamp":"2023-11-09 12:31:04"},{"nodeID":"1282779","text":"Asserting","type":"YA","timestamp":"2023-11-09 12:31:04"},{"nodeID":"1282780","text":"the opposition party is Labour","type":"I","timestamp":"2023-11-09 12:31:05"},{"nodeID":"1282781","text":"Fiona Bruce:  The opposition party is Labour","type":"L","timestamp":"2023-11-09 12:31:05"},{"nodeID":"1282782","text":"Analysing","type":"YA","timestamp":"2023-11-09 12:31:05"},{"nodeID":"1282783","text":"Anna : Fiona Bruce:  The opposition party is Labour","type":"L","timestamp":"2023-11-09 12:31:05"},{"nodeID":"1282784","text":"Asserting","type":"YA","timestamp":"2023-11-09 12:31:05"},{"nodeID":"1282785","text":"the audience member is referring to the  Conservative party","type":"I","timestamp":"2023-11-09 12:31:05"},{"nodeID":"1282786","text":"AudienceMember 20210912QT32: No, the Conservative party","type":"L","timestamp":"2023-11-09 12:31:05"},{"nodeID":"1282787","text":"Analysing","type":"YA","timestamp":"2023-11-09 12:31:05"},{"nodeID":"1282788","text":"Anna : AudienceMember 20210912QT32: No, the Conservative party","type":"L","timestamp":"2023-11-09 12:31:05"},{"nodeID":"1282789","text":"Asserting","type":"YA","timestamp":"2023-11-09 12:31:05"},{"nodeID":"1282790","text":"the audience member is referring to the government","type":"I","timestamp":"2023-11-09 12:31:06"},{"nodeID":"1282791","text":"Fiona Bruce:  You mean the government","type":"L","timestamp":"2023-11-09 12:31:06"},{"nodeID":"1282792","text":"Analysing","type":"YA","timestamp":"2023-11-09 12:31:06"},{"nodeID":"1282793","text":"Anna : Fiona Bruce:  You mean the government","type":"L","timestamp":"2023-11-09 12:31:06"},{"nodeID":"1282794","text":"Assertive Questioning","type":"YA","timestamp":"2023-11-09 12:31:06"},{"nodeID":"1282795","text":"AudienceMember 20210912QT33: Yes","type":"L","timestamp":"2023-11-09 12:31:06"},{"nodeID":"1282796","text":"Analysing","type":"YA","timestamp":"2023-11-09 12:31:06"},{"nodeID":"1282797","text":"Anna : AudienceMember 20210912QT33: Yes","type":"L","timestamp":"2023-11-09 12:31:06"},{"nodeID":"1282798","text":"people talk about a one nation -- a one-party nation.","type":"I","timestamp":"2023-11-09 12:31:06"},{"nodeID":"1282799","text":"AudienceMember 20210912QT34: People talk about a one nation -- a one-party nation.","type":"L","timestamp":"2023-11-09 12:31:06"},{"nodeID":"1282800","text":"Analysing","type":"YA","timestamp":"2023-11-09 12:31:06"},{"nodeID":"1282801","text":"Anna : AudienceMember 20210912QT34: People talk about a one nation -- a one-party nation.","type":"L","timestamp":"2023-11-09 12:31:06"},{"nodeID":"1282802","text":"Asserting","type":"YA","timestamp":"2023-11-09 12:31:06"},{"nodeID":"1282803","text":"AudienceMember 20210912QT34: But is that not simply because, let's be honest, there really isn't much of a credible alternative and there hasn't been for years?","type":"L","timestamp":"2023-11-09 12:31:07"},{"nodeID":"1282804","text":"Analysing","type":"YA","timestamp":"2023-11-09 12:31:07"},{"nodeID":"1282805","text":"Anna : AudienceMember 20210912QT34: But is that not simply because, let's be honest, there really isn't much of a credible alternative and there hasn't been for years?","type":"L","timestamp":"2023-11-09 12:31:07"},{"nodeID":"1282806","text":"Assertive Questioning","type":"YA","timestamp":"2023-11-09 12:31:07"},{"nodeID":"1282807","text":"not much of a credible alternative and there hasn't been for years","type":"I","timestamp":"2023-11-09 12:31:08"},{"nodeID":"1282808","text":"Fiona Bruce: Not much of a credible alternative and there hasn't been for years","type":"L","timestamp":"2023-11-09 12:31:08"},{"nodeID":"1282809","text":"Analysing","type":"YA","timestamp":"2023-11-09 12:31:08"},{"nodeID":"1282810","text":"Anna : Fiona Bruce: Not much of a credible alternative and there hasn't been for years","type":"L","timestamp":"2023-11-09 12:31:08"},{"nodeID":"1282811","text":"Asserting","type":"YA","timestamp":"2023-11-09 12:31:08"},{"nodeID":"1282812","text":"Default Transition","type":"TA","timestamp":"2023-11-09 12:31:08"},{"nodeID":"1282813","text":"Default Transition","type":"TA","timestamp":"2023-11-09 12:31:08"},{"nodeID":"1282814","text":"Default Transition","type":"TA","timestamp":"2023-11-09 12:31:08"},{"nodeID":"1282815","text":"Default Transition","type":"TA","timestamp":"2023-11-09 12:31:08"},{"nodeID":"1282816","text":"Agreeing","type":"YA","timestamp":"2023-11-09 12:31:08"},{"nodeID":"1282817","text":"Default Transition","type":"TA","timestamp":"2023-11-09 12:31:08"},{"nodeID":"1282818","text":"Default Transition","type":"TA","timestamp":"2023-11-09 12:31:08"},{"nodeID":"1282819","text":"Default Transition","type":"TA","timestamp":"2023-11-09 12:31:08"},{"nodeID":"1282820","text":"Default Rephrase","type":"MA","timestamp":"2023-11-09 12:31:08"},{"nodeID":"1282821","text":"Restating","type":"YA","timestamp":"2023-11-09 12:31:08"},{"nodeID":"1282822","text":"Default Conflict","type":"CA","timestamp":"2023-11-09 12:31:08"},{"nodeID":"1282823","text":"Default Transition","type":"TA","timestamp":"2023-11-09 12:31:08"},{"nodeID":"1282824","text":"Disagreeing","type":"YA","timestamp":"2023-11-09 12:31:08"},{"nodeID":"1282825","text":"Default Transition","type":"TA","timestamp":"2023-11-09 12:31:08"},{"nodeID":"1282826","text":"Default Inference","type":"RA","timestamp":"2023-11-09 12:31:08"},{"nodeID":"1282827","text":"Arguing","type":"YA","timestamp":"2023-11-09 12:31:08"},{"nodeID":"1282828","text":"Default Transition","type":"TA","timestamp":"2023-11-09 12:31:08"},{"nodeID":"1282829","text":"Default Rephrase","type":"MA","timestamp":"2023-11-09 12:31:08"},{"nodeID":"1282830","text":"Restating","type":"YA","timestamp":"2023-11-09 12:31:08"},{"nodeID":"1282831","text":"Default Transition","type":"TA","timestamp":"2023-11-09 12:31:08"},{"nodeID":"1282832","text":"Default Rephrase","type":"MA","timestamp":"2023-11-09 12:31:08"},{"nodeID":"1282833","text":"Default Transition","type":"TA","timestamp":"2023-11-09 12:31:08"},{"nodeID":"1282834","text":"Restating","type":"YA","timestamp":"2023-11-09 12:31:08"},{"nodeID":"1282835","text":"Default Transition","type":"TA","timestamp":"2023-11-09 12:31:08"},{"nodeID":"1282836","text":"Default Transition","type":"TA","timestamp":"2023-11-09 12:31:08"},{"nodeID":"1282837","text":"Default Transition","type":"TA","timestamp":"2023-11-09 12:31:08"},{"nodeID":"1282838","text":"Default Rephrase","type":"MA","timestamp":"2023-11-09 12:31:08"},{"nodeID":"1282839","text":"Restating","type":"YA","timestamp":"2023-11-09 12:31:08"},{"nodeID":"1282840","text":"Default Rephrase","type":"MA","timestamp":"2023-11-09 12:31:08"},{"nodeID":"1282841","text":"Default Transition","type":"TA","timestamp":"2023-11-09 12:31:08"},{"nodeID":"1282842","text":"Restating","type":"YA","timestamp":"2023-11-09 12:31:08"},{"nodeID":"1282843","text":"Default Transition","type":"TA","timestamp":"2023-11-09 12:31:08"},{"nodeID":"1282844","text":"Default Transition","type":"TA","timestamp":"2023-11-09 12:31:08"},{"nodeID":"1282845","text":"Default Rephrase","type":"MA","timestamp":"2023-11-09 12:31:08"},{"nodeID":"1282846","text":"Restating","type":"YA","timestamp":"2023-11-09 12:31:08"},{"nodeID":"1282847","text":"Default Rephrase","type":"MA","timestamp":"2023-11-09 12:31:08"},{"nodeID":"1282848","text":"Default Transition","type":"TA","timestamp":"2023-11-09 12:31:08"},{"nodeID":"1282849","text":"Default Rephrase","type":"MA","timestamp":"2023-11-09 12:31:08"},{"nodeID":"1282850","text":"Restating","type":"YA","timestamp":"2023-11-09 12:31:08"},{"nodeID":"1282851","text":"Default Conflict","type":"CA","timestamp":"2023-11-09 12:31:08"},{"nodeID":"1282852","text":"Challenging","type":"YA","timestamp":"2023-11-09 12:31:08"},{"nodeID":"1282853","text":"Default Conflict","type":"CA","timestamp":"2023-11-09 12:31:08"},{"nodeID":"1282854","text":"Default Transition","type":"TA","timestamp":"2023-11-09 12:31:08"},{"nodeID":"1282855","text":"Disagreeing","type":"YA","timestamp":"2023-11-09 12:31:08"},{"nodeID":"1282856","text":"Default Transition","type":"TA","timestamp":"2023-11-09 12:31:08"},{"nodeID":"1282857","text":"Default Conflict","type":"CA","timestamp":"2023-11-09 12:31:08"},{"nodeID":"1282858","text":"Disagreeing","type":"YA","timestamp":"2023-11-09 12:31:08"},{"nodeID":"1282859","text":"Default Transition","type":"TA","timestamp":"2023-11-09 12:31:08"},{"nodeID":"1282860","text":"Agreeing","type":"YA","timestamp":"2023-11-09 12:31:08"},{"nodeID":"1282861","text":"Default Transition","type":"TA","timestamp":"2023-11-09 12:31:08"},{"nodeID":"1282862","text":"Default Transition","type":"TA","timestamp":"2023-11-09 12:31:08"},{"nodeID":"1282863","text":"Default Inference","type":"RA","timestamp":"2023-11-09 12:31:08"},{"nodeID":"1282864","text":"Arguing","type":"YA","timestamp":"2023-11-09 12:31:08"},{"nodeID":"1282865","text":"Default Transition","type":"TA","timestamp":"2023-11-09 12:31:08"},{"nodeID":"1282866","text":"Default Rephrase","type":"MA","timestamp":"2023-11-09 12:31:08"},{"nodeID":"1282867","text":"Agreeing","type":"YA","timestamp":"2023-11-09 12:31:08"},{"nodeID":"1282868","text":"Default Inference","type":"RA","timestamp":"2023-11-09 12:31:08"},{"nodeID":"1282869","text":"Arguing","type":"YA","timestamp":"2023-11-09 12:31:08"}],"edges":[{"edgeID":"1687685","fromID":"1282687","toID":"1282686","formEdgeID":null},{"edgeID":"1687686","fromID":"1282688","toID":"1282687","formEdgeID":null},{"edgeID":"1687687","fromID":"1282686","toID":"1282689","formEdgeID":null},{"edgeID":"1687688","fromID":"1282689","toID":"1282685","formEdgeID":null},{"edgeID":"1687689","fromID":"1282692","toID":"1282691","formEdgeID":null},{"edgeID":"1687690","fromID":"1282693","toID":"1282692","formEdgeID":null},{"edgeID":"1687691","fromID":"1282691","toID":"1282694","formEdgeID":null},{"edgeID":"1687692","fromID":"1282694","toID":"1282690","formEdgeID":null},{"edgeID":"1687693","fromID":"1282697","toID":"1282696","formEdgeID":null},{"edgeID":"1687694","fromID":"1282698","toID":"1282697","formEdgeID":null},{"edgeID":"1687695","fromID":"1282696","toID":"1282699","formEdgeID":null},{"edgeID":"1687696","fromID":"1282699","toID":"1282695","formEdgeID":null},{"edgeID":"1687697","fromID":"1282702","toID":"1282701","formEdgeID":null},{"edgeID":"1687698","fromID":"1282703","toID":"1282702","formEdgeID":null},{"edgeID":"1687699","fromID":"1282701","toID":"1282704","formEdgeID":null},{"edgeID":"1687700","fromID":"1282704","toID":"1282700","formEdgeID":null},{"edgeID":"1687701","fromID":"1282706","toID":"1282705","formEdgeID":null},{"edgeID":"1687702","fromID":"1282707","toID":"1282706","formEdgeID":null},{"edgeID":"1687703","fromID":"1282710","toID":"1282709","formEdgeID":null},{"edgeID":"1687704","fromID":"1282711","toID":"1282710","formEdgeID":null},{"edgeID":"1687705","fromID":"1282709","toID":"1282712","formEdgeID":null},{"edgeID":"1687706","fromID":"1282712","toID":"1282708","formEdgeID":null},{"edgeID":"1687707","fromID":"1282715","toID":"1282714","formEdgeID":null},{"edgeID":"1687708","fromID":"1282716","toID":"1282715","formEdgeID":null},{"edgeID":"1687709","fromID":"1282714","toID":"1282717","formEdgeID":null},{"edgeID":"1687710","fromID":"1282717","toID":"1282713","formEdgeID":null},{"edgeID":"1687711","fromID":"1282720","toID":"1282719","formEdgeID":null},{"edgeID":"1687712","fromID":"1282721","toID":"1282720","formEdgeID":null},{"edgeID":"1687713","fromID":"1282719","toID":"1282722","formEdgeID":null},{"edgeID":"1687714","fromID":"1282722","toID":"1282718","formEdgeID":null},{"edgeID":"1687715","fromID":"1282724","toID":"1282723","formEdgeID":null},{"edgeID":"1687716","fromID":"1282725","toID":"1282724","formEdgeID":null},{"edgeID":"1687717","fromID":"1282723","toID":"1282726","formEdgeID":null},{"edgeID":"1687718","fromID":"1282726","toID":"783927","formEdgeID":null},{"edgeID":"1687719","fromID":"1282728","toID":"1282727","formEdgeID":null},{"edgeID":"1687720","fromID":"1282729","toID":"1282728","formEdgeID":null},{"edgeID":"1687721","fromID":"1282731","toID":"1282730","formEdgeID":null},{"edgeID":"1687722","fromID":"1282732","toID":"1282731","formEdgeID":null},{"edgeID":"1687723","fromID":"1282730","toID":"1282733","formEdgeID":null},{"edgeID":"1687724","fromID":"1282733","toID":"783911","formEdgeID":null},{"edgeID":"1687725","fromID":"1282727","toID":"1282734","formEdgeID":null},{"edgeID":"1687726","fromID":"1282734","toID":"1282730","formEdgeID":null},{"edgeID":"1687727","fromID":"1282737","toID":"1282736","formEdgeID":null},{"edgeID":"1687728","fromID":"1282738","toID":"1282737","formEdgeID":null},{"edgeID":"1687729","fromID":"1282736","toID":"1282739","formEdgeID":null},{"edgeID":"1687730","fromID":"1282739","toID":"1282735","formEdgeID":null},{"edgeID":"1687731","fromID":"1282742","toID":"1282741","formEdgeID":null},{"edgeID":"1687732","fromID":"1282743","toID":"1282742","formEdgeID":null},{"edgeID":"1687733","fromID":"1282741","toID":"1282744","formEdgeID":null},{"edgeID":"1687734","fromID":"1282744","toID":"1282740","formEdgeID":null},{"edgeID":"1687735","fromID":"1282747","toID":"1282746","formEdgeID":null},{"edgeID":"1687736","fromID":"1282748","toID":"1282747","formEdgeID":null},{"edgeID":"1687737","fromID":"1282746","toID":"1282749","formEdgeID":null},{"edgeID":"1687738","fromID":"1282749","toID":"1282745","formEdgeID":null},{"edgeID":"1687739","fromID":"1282752","toID":"1282751","formEdgeID":null},{"edgeID":"1687740","fromID":"1282753","toID":"1282752","formEdgeID":null},{"edgeID":"1687741","fromID":"1282751","toID":"1282754","formEdgeID":null},{"edgeID":"1687742","fromID":"1282754","toID":"1282750","formEdgeID":null},{"edgeID":"1687743","fromID":"1282757","toID":"1282756","formEdgeID":null},{"edgeID":"1687744","fromID":"1282758","toID":"1282757","formEdgeID":null},{"edgeID":"1687745","fromID":"1282756","toID":"1282759","formEdgeID":null},{"edgeID":"1687746","fromID":"1282759","toID":"1282755","formEdgeID":null},{"edgeID":"1687747","fromID":"1282762","toID":"1282761","formEdgeID":null},{"edgeID":"1687748","fromID":"1282763","toID":"1282762","formEdgeID":null},{"edgeID":"1687749","fromID":"1282761","toID":"1282764","formEdgeID":null},{"edgeID":"1687750","fromID":"1282764","toID":"1282760","formEdgeID":null},{"edgeID":"1687751","fromID":"1282767","toID":"1282766","formEdgeID":null},{"edgeID":"1687752","fromID":"1282768","toID":"1282767","formEdgeID":null},{"edgeID":"1687753","fromID":"1282766","toID":"1282769","formEdgeID":null},{"edgeID":"1687754","fromID":"1282769","toID":"1282765","formEdgeID":null},{"edgeID":"1687755","fromID":"1282772","toID":"1282771","formEdgeID":null},{"edgeID":"1687756","fromID":"1282773","toID":"1282772","formEdgeID":null},{"edgeID":"1687757","fromID":"1282771","toID":"1282774","formEdgeID":null},{"edgeID":"1687758","fromID":"1282774","toID":"1282770","formEdgeID":null},{"edgeID":"1687759","fromID":"1282777","toID":"1282776","formEdgeID":null},{"edgeID":"1687760","fromID":"1282778","toID":"1282777","formEdgeID":null},{"edgeID":"1687761","fromID":"1282776","toID":"1282779","formEdgeID":null},{"edgeID":"1687762","fromID":"1282779","toID":"1282775","formEdgeID":null},{"edgeID":"1687763","fromID":"1282782","toID":"1282781","formEdgeID":null},{"edgeID":"1687764","fromID":"1282783","toID":"1282782","formEdgeID":null},{"edgeID":"1687765","fromID":"1282781","toID":"1282784","formEdgeID":null},{"edgeID":"1687766","fromID":"1282784","toID":"1282780","formEdgeID":null},{"edgeID":"1687767","fromID":"1282787","toID":"1282786","formEdgeID":null},{"edgeID":"1687768","fromID":"1282788","toID":"1282787","formEdgeID":null},{"edgeID":"1687769","fromID":"1282786","toID":"1282789","formEdgeID":null},{"edgeID":"1687770","fromID":"1282789","toID":"1282785","formEdgeID":null},{"edgeID":"1687771","fromID":"1282792","toID":"1282791","formEdgeID":null},{"edgeID":"1687772","fromID":"1282793","toID":"1282792","formEdgeID":null},{"edgeID":"1687773","fromID":"1282791","toID":"1282794","formEdgeID":null},{"edgeID":"1687774","fromID":"1282794","toID":"1282790","formEdgeID":null},{"edgeID":"1687775","fromID":"1282796","toID":"1282795","formEdgeID":null},{"edgeID":"1687776","fromID":"1282797","toID":"1282796","formEdgeID":null},{"edgeID":"1687777","fromID":"1282800","toID":"1282799","formEdgeID":null},{"edgeID":"1687778","fromID":"1282801","toID":"1282800","formEdgeID":null},{"edgeID":"1687779","fromID":"1282799","toID":"1282802","formEdgeID":null},{"edgeID":"1687780","fromID":"1282802","toID":"1282798","formEdgeID":null},{"edgeID":"1687781","fromID":"1282804","toID":"1282803","formEdgeID":null},{"edgeID":"1687782","fromID":"1282805","toID":"1282804","formEdgeID":null},{"edgeID":"1687783","fromID":"1282803","toID":"1282806","formEdgeID":null},{"edgeID":"1687784","fromID":"1282806","toID":"783920","formEdgeID":null},{"edgeID":"1687785","fromID":"1282809","toID":"1282808","formEdgeID":null},{"edgeID":"1687786","fromID":"1282810","toID":"1282809","formEdgeID":null},{"edgeID":"1687787","fromID":"1282808","toID":"1282811","formEdgeID":null},{"edgeID":"1687788","fromID":"1282811","toID":"1282807","formEdgeID":null},{"edgeID":"1687789","fromID":"1282686","toID":"1282812","formEdgeID":null},{"edgeID":"1687790","fromID":"1282812","toID":"1282691","formEdgeID":null},{"edgeID":"1687791","fromID":"1282691","toID":"1282813","formEdgeID":null},{"edgeID":"1687792","fromID":"1282813","toID":"1282696","formEdgeID":null},{"edgeID":"1687793","fromID":"1282696","toID":"1282814","formEdgeID":null},{"edgeID":"1687794","fromID":"1282814","toID":"1282701","formEdgeID":null},{"edgeID":"1687795","fromID":"1282701","toID":"1282815","formEdgeID":null},{"edgeID":"1687796","fromID":"1282815","toID":"1282705","formEdgeID":null},{"edgeID":"1687797","fromID":"1282815","toID":"1282816","formEdgeID":null},{"edgeID":"1687798","fromID":"1282816","toID":"1282700","formEdgeID":null},{"edgeID":"1687799","fromID":"1282705","toID":"1282817","formEdgeID":null},{"edgeID":"1687800","fromID":"1282817","toID":"1282709","formEdgeID":null},{"edgeID":"1687801","fromID":"1282709","toID":"1282818","formEdgeID":null},{"edgeID":"1687802","fromID":"1282818","toID":"1282714","formEdgeID":null},{"edgeID":"1687803","fromID":"1282714","toID":"1282819","formEdgeID":null},{"edgeID":"1687804","fromID":"1282819","toID":"1282719","formEdgeID":null},{"edgeID":"1687805","fromID":"1282718","toID":"1282820","formEdgeID":null},{"edgeID":"1687806","fromID":"1282820","toID":"1282713","formEdgeID":null},{"edgeID":"1687807","fromID":"1282819","toID":"1282821","formEdgeID":null},{"edgeID":"1687808","fromID":"1282821","toID":"1282820","formEdgeID":null},{"edgeID":"1687809","fromID":"783927","toID":"1282822","formEdgeID":null},{"edgeID":"1687810","fromID":"1282822","toID":"1282718","formEdgeID":null},{"edgeID":"1687811","fromID":"1282719","toID":"1282823","formEdgeID":null},{"edgeID":"1687812","fromID":"1282823","toID":"1282723","formEdgeID":null},{"edgeID":"1687813","fromID":"1282823","toID":"1282824","formEdgeID":null},{"edgeID":"1687814","fromID":"1282824","toID":"1282822","formEdgeID":null},{"edgeID":"1687815","fromID":"1282723","toID":"1282825","formEdgeID":null},{"edgeID":"1687816","fromID":"1282825","toID":"1282727","formEdgeID":null},{"edgeID":"1687817","fromID":"783911","toID":"1282826","formEdgeID":null},{"edgeID":"1687818","fromID":"1282826","toID":"783927","formEdgeID":null},{"edgeID":"1687819","fromID":"1282825","toID":"1282827","formEdgeID":null},{"edgeID":"1687820","fromID":"1282827","toID":"1282826","formEdgeID":null},{"edgeID":"1687821","fromID":"1282709","toID":"1282828","formEdgeID":null},{"edgeID":"1687822","fromID":"1282828","toID":"1282727","formEdgeID":null},{"edgeID":"1687823","fromID":"783911","toID":"1282829","formEdgeID":null},{"edgeID":"1687824","fromID":"1282829","toID":"1282708","formEdgeID":null},{"edgeID":"1687825","fromID":"1282828","toID":"1282830","formEdgeID":null},{"edgeID":"1687826","fromID":"1282830","toID":"1282829","formEdgeID":null},{"edgeID":"1687827","fromID":"1282727","toID":"1282831","formEdgeID":null},{"edgeID":"1687828","fromID":"1282831","toID":"1282736","formEdgeID":null},{"edgeID":"1687829","fromID":"1282740","toID":"1282832","formEdgeID":null},{"edgeID":"1687830","fromID":"1282832","toID":"1282735","formEdgeID":null},{"edgeID":"1687831","fromID":"1282736","toID":"1282833","formEdgeID":null},{"edgeID":"1687832","fromID":"1282833","toID":"1282741","formEdgeID":null},{"edgeID":"1687833","fromID":"1282833","toID":"1282834","formEdgeID":null},{"edgeID":"1687834","fromID":"1282834","toID":"1282832","formEdgeID":null},{"edgeID":"1687835","fromID":"1282741","toID":"1282835","formEdgeID":null},{"edgeID":"1687836","fromID":"1282835","toID":"1282746","formEdgeID":null},{"edgeID":"1687837","fromID":"1282751","toID":"1282836","formEdgeID":null},{"edgeID":"1687838","fromID":"1282836","toID":"1282756","formEdgeID":null},{"edgeID":"1687839","fromID":"1282746","toID":"1282837","formEdgeID":null},{"edgeID":"1687840","fromID":"1282837","toID":"1282751","formEdgeID":null},{"edgeID":"1687841","fromID":"1282755","toID":"1282838","formEdgeID":null},{"edgeID":"1687842","fromID":"1282838","toID":"1282750","formEdgeID":null},{"edgeID":"1687843","fromID":"1282836","toID":"1282839","formEdgeID":null},{"edgeID":"1687844","fromID":"1282839","toID":"1282838","formEdgeID":null},{"edgeID":"1687845","fromID":"1282760","toID":"1282840","formEdgeID":null},{"edgeID":"1687846","fromID":"1282840","toID":"1282755","formEdgeID":null},{"edgeID":"1687847","fromID":"1282756","toID":"1282841","formEdgeID":null},{"edgeID":"1687848","fromID":"1282841","toID":"1282761","formEdgeID":null},{"edgeID":"1687849","fromID":"1282841","toID":"1282842","formEdgeID":null},{"edgeID":"1687850","fromID":"1282842","toID":"1282840","formEdgeID":null},{"edgeID":"1687851","fromID":"1282761","toID":"1282843","formEdgeID":null},{"edgeID":"1687852","fromID":"1282843","toID":"1282766","formEdgeID":null},{"edgeID":"1687853","fromID":"1282766","toID":"1282844","formEdgeID":null},{"edgeID":"1687854","fromID":"1282844","toID":"1282771","formEdgeID":null},{"edgeID":"1687855","fromID":"1282770","toID":"1282845","formEdgeID":null},{"edgeID":"1687856","fromID":"1282845","toID":"1282765","formEdgeID":null},{"edgeID":"1687857","fromID":"1282844","toID":"1282846","formEdgeID":null},{"edgeID":"1687858","fromID":"1282846","toID":"1282845","formEdgeID":null},{"edgeID":"1687859","fromID":"1282775","toID":"1282847","formEdgeID":null},{"edgeID":"1687860","fromID":"1282847","toID":"1282770","formEdgeID":null},{"edgeID":"1687861","fromID":"1282776","toID":"1282848","formEdgeID":null},{"edgeID":"1687862","fromID":"1282848","toID":"1282781","formEdgeID":null},{"edgeID":"1687863","fromID":"1282750","toID":"1282849","formEdgeID":null},{"edgeID":"1687864","fromID":"1282849","toID":"1282745","formEdgeID":null},{"edgeID":"1687865","fromID":"1282837","toID":"1282850","formEdgeID":null},{"edgeID":"1687866","fromID":"1282850","toID":"1282849","formEdgeID":null},{"edgeID":"1687867","fromID":"1282780","toID":"1282851","formEdgeID":null},{"edgeID":"1687868","fromID":"1282851","toID":"1282775","formEdgeID":null},{"edgeID":"1687869","fromID":"1282848","toID":"1282852","formEdgeID":null},{"edgeID":"1687870","fromID":"1282852","toID":"1282851","formEdgeID":null},{"edgeID":"1687871","fromID":"1282785","toID":"1282853","formEdgeID":null},{"edgeID":"1687872","fromID":"1282853","toID":"1282780","formEdgeID":null},{"edgeID":"1687873","fromID":"1282781","toID":"1282854","formEdgeID":null},{"edgeID":"1687874","fromID":"1282854","toID":"1282786","formEdgeID":null},{"edgeID":"1687875","fromID":"1282854","toID":"1282855","formEdgeID":null},{"edgeID":"1687876","fromID":"1282855","toID":"1282853","formEdgeID":null},{"edgeID":"1687877","fromID":"1282786","toID":"1282856","formEdgeID":null},{"edgeID":"1687878","fromID":"1282856","toID":"1282791","formEdgeID":null},{"edgeID":"1687879","fromID":"1282790","toID":"1282857","formEdgeID":null},{"edgeID":"1687880","fromID":"1282857","toID":"1282785","formEdgeID":null},{"edgeID":"1687881","fromID":"1282856","toID":"1282858","formEdgeID":null},{"edgeID":"1687882","fromID":"1282858","toID":"1282857","formEdgeID":null},{"edgeID":"1687883","fromID":"1282791","toID":"1282859","formEdgeID":null},{"edgeID":"1687884","fromID":"1282859","toID":"1282795","formEdgeID":null},{"edgeID":"1687885","fromID":"1282859","toID":"1282860","formEdgeID":null},{"edgeID":"1687886","fromID":"1282860","toID":"1282790","formEdgeID":null},{"edgeID":"1687887","fromID":"1282795","toID":"1282861","formEdgeID":null},{"edgeID":"1687888","fromID":"1282861","toID":"1282799","formEdgeID":null},{"edgeID":"1687889","fromID":"1282799","toID":"1282862","formEdgeID":null},{"edgeID":"1687890","fromID":"1282862","toID":"1282803","formEdgeID":null},{"edgeID":"1687891","fromID":"783920","toID":"1282863","formEdgeID":null},{"edgeID":"1687892","fromID":"1282863","toID":"1282798","formEdgeID":null},{"edgeID":"1687893","fromID":"1282862","toID":"1282864","formEdgeID":null},{"edgeID":"1687894","fromID":"1282864","toID":"1282863","formEdgeID":null},{"edgeID":"1687895","fromID":"1282803","toID":"1282865","formEdgeID":null},{"edgeID":"1687896","fromID":"1282865","toID":"1282808","formEdgeID":null},{"edgeID":"1687897","fromID":"1282807","toID":"1282866","formEdgeID":null},{"edgeID":"1687898","fromID":"1282866","toID":"783920","formEdgeID":null},{"edgeID":"1687899","fromID":"1282865","toID":"1282867","formEdgeID":null},{"edgeID":"1687900","fromID":"1282867","toID":"1282866","formEdgeID":null},{"edgeID":"1687901","fromID":"1282700","toID":"1282868","formEdgeID":null},{"edgeID":"1687902","fromID":"1282868","toID":"1282695","formEdgeID":null},{"edgeID":"1687903","fromID":"1282814","toID":"1282869","formEdgeID":null},{"edgeID":"1687904","fromID":"1282869","toID":"1282868","formEdgeID":null}],"locutions":[]}