{"nodes":[{"nodeID":"783845","text":"in terms of vaccination access, against it is showing the divide between the developed and developing world in terms of yes, what we are doing here","type":"I","timestamp":"2021-12-09 20:52:25"},{"nodeID":"1138508","text":"Liberal Democrat policy is for everyone to work from home","type":"I","timestamp":"2023-04-05 19:43:36"},{"nodeID":"1279129","text":"Wendy Chamberlain : In terms of vaccination access, against it is showing the divide between the developed and developing world in terms of yes, what we are doing here","type":"L","timestamp":"2023-11-09 12:25:52"},{"nodeID":"1279130","text":"Asserting","type":"YA","timestamp":"2023-11-09 12:25:52"},{"nodeID":"1279131","text":"Xiyuan: Wendy Chamberlain : In terms of vaccination access, against it is showing the divide between the developed and developing world in terms of yes, what we are doing here","type":"L","timestamp":"2023-11-09 12:25:52"},{"nodeID":"1279132","text":"Xiyuan: Wendy Chamberlain : there's no question that, you know, it is not a case of should we be boosting and should we be providing vaccines abroad, overseas, we can do both of those things","type":"L","timestamp":"2023-11-09 12:25:52"},{"nodeID":"1279133","text":"Wendy Chamberlain : The other thing is not only are the developing countries behind in vaccines, the UK has cut AIDS budget as well","type":"L","timestamp":"2023-11-09 12:25:52"},{"nodeID":"1279134","text":"Asserting","type":"YA","timestamp":"2023-11-09 12:25:52"},{"nodeID":"1279135","text":"the other thing is not only are the developing countries behind in vaccines, the UK has cut AIDS budget as well","type":"I","timestamp":"2023-11-09 12:25:53"},{"nodeID":"1279136","text":"Xiyuan: Wendy Chamberlain : The other thing is not only are the developing countries behind in vaccines, the UK has cut AIDS budget as well","type":"L","timestamp":"2023-11-09 12:25:53"},{"nodeID":"1279137","text":"Wendy Chamberlain : In my constituency, St Andrew's university had a direct cut to one of its programmes that was helping countries in southern Africa in terms of preparation","type":"L","timestamp":"2023-11-09 12:25:53"},{"nodeID":"1279138","text":"Asserting","type":"YA","timestamp":"2023-11-09 12:25:53"},{"nodeID":"1279139","text":"in my constituency, St Andrew's university had a direct cut to one of its programmes that was helping countries in southern Africa in terms of preparation","type":"I","timestamp":"2023-11-09 12:25:54"},{"nodeID":"1279140","text":"Xiyuan: Wendy Chamberlain : In my constituency, St Andrew's university had a direct cut to one of its programmes that was helping countries in southern Africa in terms of preparation","type":"L","timestamp":"2023-11-09 12:25:54"},{"nodeID":"1279141","text":"Default Inference","type":"RA","timestamp":"2023-11-09 12:25:54"},{"nodeID":"1279142","text":"Default Transition","type":"TA","timestamp":"2023-11-09 12:25:54"},{"nodeID":"1279143","text":"Arguing","type":"YA","timestamp":"2023-11-09 12:25:54"},{"nodeID":"1279144","text":"Wendy Chamberlain : we are pulling the rug out from under them","type":"L","timestamp":"2023-11-09 12:25:54"},{"nodeID":"1279145","text":"Asserting","type":"YA","timestamp":"2023-11-09 12:25:54"},{"nodeID":"1279146","text":"we are pulling the rug out from under them","type":"I","timestamp":"2023-11-09 12:25:54"},{"nodeID":"1279147","text":"Xiyuan: Wendy Chamberlain : we are pulling the rug out from under them","type":"L","timestamp":"2023-11-09 12:25:54"},{"nodeID":"1279148","text":"Default Rephrase","type":"MA","timestamp":"2023-11-09 12:25:54"},{"nodeID":"1279149","text":"Default Transition","type":"TA","timestamp":"2023-11-09 12:25:54"},{"nodeID":"1279150","text":"Restating","type":"YA","timestamp":"2023-11-09 12:25:54"},{"nodeID":"1279151","text":"Wendy Chamberlain : The final thing is the SAGE minutes tell us the best way of slowing the spread of COVID currently is to return to working from home, for those able to do so","type":"L","timestamp":"2023-11-09 12:25:54"},{"nodeID":"1279152","text":"Asserting","type":"YA","timestamp":"2023-11-09 12:25:54"},{"nodeID":"1279153","text":"the final thing is the SAGE minutes tell us the best way of slowing the spread of COVID currently is to return to working from home, for those able to do so","type":"I","timestamp":"2023-11-09 12:25:55"},{"nodeID":"1279154","text":"Xiyuan: Wendy Chamberlain : The final thing is the SAGE minutes tell us the best way of slowing the spread of COVID currently is to return to working from home, for those able to do so","type":"L","timestamp":"2023-11-09 12:25:55"},{"nodeID":"1279155","text":"Default Transition","type":"TA","timestamp":"2023-11-09 12:25:55"},{"nodeID":"1279156","text":"Wendy Chamberlain : those who can't, can therefore then carry out their jobs, their essential jobs in more safety","type":"L","timestamp":"2023-11-09 12:25:55"},{"nodeID":"1279157","text":"Asserting","type":"YA","timestamp":"2023-11-09 12:25:55"},{"nodeID":"1279158","text":"people who can't return to work from home, can therefore then carry out their jobs, their essential jobs in more safety","type":"I","timestamp":"2023-11-09 12:25:55"},{"nodeID":"1279159","text":"Xiyuan: Wendy Chamberlain : those who can't, can therefore then carry out their jobs, their essential jobs in more safety","type":"L","timestamp":"2023-11-09 12:25:55"},{"nodeID":"1279160","text":"Default Transition","type":"TA","timestamp":"2023-11-09 12:25:55"},{"nodeID":"1279161","text":"Fiona Bruce : Liberal Democrat policy is for everyone to work from home","type":"L","timestamp":"2023-11-09 12:25:55"},{"nodeID":"1279162","text":"Asserting","type":"YA","timestamp":"2023-11-09 12:25:55"},{"nodeID":"1279163","text":"Xiyuan: Fiona Bruce : Liberal Democrat policy is for everyone to work from home","type":"L","timestamp":"2023-11-09 12:25:56"},{"nodeID":"1279164","text":"Wendy Chamberlain : Where it is possible for them to do so. Absolutely","type":"L","timestamp":"2023-11-09 12:25:56"},{"nodeID":"1279165","text":"Asserting","type":"YA","timestamp":"2023-11-09 12:25:56"},{"nodeID":"1279166","text":"where it is possible for them to have everyone work from home, absolutely","type":"I","timestamp":"2023-11-09 12:25:56"},{"nodeID":"1279167","text":"Xiyuan: Wendy Chamberlain : Where it is possible for them to do so. Absolutely","type":"L","timestamp":"2023-11-09 12:25:56"},{"nodeID":"1279168","text":"Default Transition","type":"TA","timestamp":"2023-11-09 12:25:56"},{"nodeID":"1279169","text":"Default Transition","type":"TA","timestamp":"2023-11-09 12:25:56"},{"nodeID":"1279170","text":"Wendy Chamberlain : there's no question that, you know, it is not a case of should we be boosting and should we be providing vaccines abroad, overseas","type":"L","timestamp":"2023-11-09 12:25:56"},{"nodeID":"1279171","text":"Asserting","type":"YA","timestamp":"2023-11-09 12:25:56"},{"nodeID":"1279172","text":"there's no question that, you know, it is not a case of should we be boosting and should we be providing vaccines abroad, overseas","type":"I","timestamp":"2023-11-09 12:25:57"},{"nodeID":"1279173","text":"Xiyuan: Wendy Chamberlain : there's no question that, you know, it is not a case of should we be boosting and should we be providing vaccines abroad, overseas","type":"L","timestamp":"2023-11-09 12:25:57"},{"nodeID":"1279174","text":"Wendy Chamberlain : we can do both of those things","type":"L","timestamp":"2023-11-09 12:25:57"},{"nodeID":"1279175","text":"Asserting","type":"YA","timestamp":"2023-11-09 12:25:57"},{"nodeID":"1279176","text":"we can do both boosting and providing vaccines abroad","type":"I","timestamp":"2023-11-09 12:25:58"},{"nodeID":"1279177","text":"Xiyuan: Wendy Chamberlain : we can do both of those things","type":"L","timestamp":"2023-11-09 12:25:58"},{"nodeID":"1279178","text":"Default Inference","type":"RA","timestamp":"2023-11-09 12:25:58"},{"nodeID":"1279179","text":"Default Transition","type":"TA","timestamp":"2023-11-09 12:25:58"},{"nodeID":"1279180","text":"Default Transition","type":"TA","timestamp":"2023-11-09 12:25:58"},{"nodeID":"1279181","text":"Default Transition","type":"TA","timestamp":"2023-11-09 12:25:58"},{"nodeID":"1279182","text":"Arguing","type":"YA","timestamp":"2023-11-09 12:25:58"}],"edges":[{"edgeID":"1683261","fromID":"1279130","toID":"783845","formEdgeID":null},{"edgeID":"1683262","fromID":"1279129","toID":"1279130","formEdgeID":null},{"edgeID":"1683263","fromID":"1279134","toID":"1279135","formEdgeID":null},{"edgeID":"1683264","fromID":"1279133","toID":"1279134","formEdgeID":null},{"edgeID":"1683265","fromID":"1279138","toID":"1279139","formEdgeID":null},{"edgeID":"1683266","fromID":"1279137","toID":"1279138","formEdgeID":null},{"edgeID":"1683267","fromID":"1279139","toID":"1279141","formEdgeID":null},{"edgeID":"1683268","fromID":"1279141","toID":"1279135","formEdgeID":null},{"edgeID":"1683269","fromID":"1279133","toID":"1279142","formEdgeID":null},{"edgeID":"1683270","fromID":"1279142","toID":"1279137","formEdgeID":null},{"edgeID":"1683271","fromID":"1279142","toID":"1279143","formEdgeID":null},{"edgeID":"1683272","fromID":"1279143","toID":"1279141","formEdgeID":null},{"edgeID":"1683273","fromID":"1279145","toID":"1279146","formEdgeID":null},{"edgeID":"1683274","fromID":"1279144","toID":"1279145","formEdgeID":null},{"edgeID":"1683275","fromID":"1279146","toID":"1279148","formEdgeID":null},{"edgeID":"1683276","fromID":"1279148","toID":"1279139","formEdgeID":null},{"edgeID":"1683277","fromID":"1279137","toID":"1279149","formEdgeID":null},{"edgeID":"1683278","fromID":"1279149","toID":"1279144","formEdgeID":null},{"edgeID":"1683279","fromID":"1279149","toID":"1279150","formEdgeID":null},{"edgeID":"1683280","fromID":"1279150","toID":"1279148","formEdgeID":null},{"edgeID":"1683281","fromID":"1279152","toID":"1279153","formEdgeID":null},{"edgeID":"1683282","fromID":"1279151","toID":"1279152","formEdgeID":null},{"edgeID":"1683283","fromID":"1279144","toID":"1279155","formEdgeID":null},{"edgeID":"1683284","fromID":"1279155","toID":"1279151","formEdgeID":null},{"edgeID":"1683285","fromID":"1279157","toID":"1279158","formEdgeID":null},{"edgeID":"1683286","fromID":"1279156","toID":"1279157","formEdgeID":null},{"edgeID":"1683287","fromID":"1279151","toID":"1279160","formEdgeID":null},{"edgeID":"1683288","fromID":"1279160","toID":"1279156","formEdgeID":null},{"edgeID":"1683289","fromID":"1279162","toID":"1138508","formEdgeID":null},{"edgeID":"1683290","fromID":"1279161","toID":"1279162","formEdgeID":null},{"edgeID":"1683291","fromID":"1279165","toID":"1279166","formEdgeID":null},{"edgeID":"1683292","fromID":"1279164","toID":"1279165","formEdgeID":null},{"edgeID":"1683293","fromID":"1279156","toID":"1279168","formEdgeID":null},{"edgeID":"1683294","fromID":"1279168","toID":"1279161","formEdgeID":null},{"edgeID":"1683295","fromID":"1279161","toID":"1279169","formEdgeID":null},{"edgeID":"1683296","fromID":"1279169","toID":"1279164","formEdgeID":null},{"edgeID":"1683297","fromID":"1279171","toID":"1279172","formEdgeID":null},{"edgeID":"1683298","fromID":"1279170","toID":"1279171","formEdgeID":null},{"edgeID":"1683299","fromID":"1279175","toID":"1279176","formEdgeID":null},{"edgeID":"1683300","fromID":"1279174","toID":"1279175","formEdgeID":null},{"edgeID":"1683301","fromID":"1279172","toID":"1279178","formEdgeID":null},{"edgeID":"1683302","fromID":"1279178","toID":"1279176","formEdgeID":null},{"edgeID":"1683303","fromID":"1279170","toID":"1279179","formEdgeID":null},{"edgeID":"1683304","fromID":"1279179","toID":"1279174","formEdgeID":null},{"edgeID":"1683305","fromID":"1279129","toID":"1279180","formEdgeID":null},{"edgeID":"1683306","fromID":"1279180","toID":"1279170","formEdgeID":null},{"edgeID":"1683307","fromID":"1279174","toID":"1279181","formEdgeID":null},{"edgeID":"1683308","fromID":"1279181","toID":"1279133","formEdgeID":null},{"edgeID":"1683309","fromID":"1279179","toID":"1279182","formEdgeID":null},{"edgeID":"1683310","fromID":"1279182","toID":"1279178","formEdgeID":null}],"locutions":[]}