{"nodes":[{"nodeID":"783878","text":"the question is about the spat between the French and the British governments","type":"I","timestamp":"2021-12-09 20:52:36"},{"nodeID":"783906","text":"let's just be human and think of it in that way","type":"I","timestamp":"2021-12-09 20:52:46"},{"nodeID":"1282485","text":"AudienceMember 20211209QT26 travelled through Calais about a month ago","type":"I","timestamp":"2023-11-09 12:30:39"},{"nodeID":"1282486","text":"AudienceMember 20210912QT26: I travelled through Calais about a month ago","type":"L","timestamp":"2023-11-09 12:30:39"},{"nodeID":"1282487","text":"Analysing","type":"YA","timestamp":"2023-11-09 12:30:39"},{"nodeID":"1282488","text":"Anon: AudienceMember 20210912QT26: I travelled through Calais about a month ago","type":"L","timestamp":"2023-11-09 12:30:39"},{"nodeID":"1282489","text":"Asserting","type":"YA","timestamp":"2023-11-09 12:30:39"},{"nodeID":"1282490","text":"it was mostly young people sitting on the side of the road, trying clothes on, makeshift dry pieces of sticks in Calais","type":"I","timestamp":"2023-11-09 12:30:39"},{"nodeID":"1282491","text":"AudienceMember 20210912QT26: It was mostly young people sitting on the side of the road, trying clothes on, makeshift dry pieces of sticks","type":"L","timestamp":"2023-11-09 12:30:39"},{"nodeID":"1282492","text":"Analysing","type":"YA","timestamp":"2023-11-09 12:30:39"},{"nodeID":"1282493","text":"Anon: AudienceMember 20210912QT26: It was mostly young people sitting on the side of the road, trying clothes on, makeshift dry pieces of sticks","type":"L","timestamp":"2023-11-09 12:30:39"},{"nodeID":"1282494","text":"Asserting","type":"YA","timestamp":"2023-11-09 12:30:39"},{"nodeID":"1282495","text":"Default Transition","type":"TA","timestamp":"2023-11-09 12:30:39"},{"nodeID":"1282496","text":"young people again being taken out of vans in Calais","type":"I","timestamp":"2023-11-09 12:30:40"},{"nodeID":"1282497","text":"AudienceMember 20210912QT26: Young people again being taken out of vans","type":"L","timestamp":"2023-11-09 12:30:40"},{"nodeID":"1282498","text":"Analysing","type":"YA","timestamp":"2023-11-09 12:30:40"},{"nodeID":"1282499","text":"Anon: AudienceMember 20210912QT26: Young people again being taken out of vans","type":"L","timestamp":"2023-11-09 12:30:40"},{"nodeID":"1282500","text":"Asserting","type":"YA","timestamp":"2023-11-09 12:30:40"},{"nodeID":"1282501","text":"Default Transition","type":"TA","timestamp":"2023-11-09 12:30:40"},{"nodeID":"1282502","text":"Default Rephrase","type":"MA","timestamp":"2023-11-09 12:30:40"},{"nodeID":"1282503","text":"Restating","type":"YA","timestamp":"2023-11-09 12:30:40"},{"nodeID":"1282504","text":"Default Rephrase","type":"MA","timestamp":"2023-11-09 12:30:40"},{"nodeID":"1282505","text":"Restating","type":"YA","timestamp":"2023-11-09 12:30:40"},{"nodeID":"1282506","text":"young people tried to get out, been picked up by the police, dumped on the side of the road in Calais","type":"I","timestamp":"2023-11-09 12:30:40"},{"nodeID":"1282507","text":"AudienceMember 20210912QT26: They tried to get out, been picked up by the police, dumped on the side of the road","type":"L","timestamp":"2023-11-09 12:30:40"},{"nodeID":"1282508","text":"Analysing","type":"YA","timestamp":"2023-11-09 12:30:40"},{"nodeID":"1282509","text":"Anon: AudienceMember 20210912QT26: They tried to get out, been picked up by the police, dumped on the side of the road","type":"L","timestamp":"2023-11-09 12:30:40"},{"nodeID":"1282510","text":"Asserting","type":"YA","timestamp":"2023-11-09 12:30:40"},{"nodeID":"1282511","text":"Default Transition","type":"TA","timestamp":"2023-11-09 12:30:40"},{"nodeID":"1282512","text":"Default Rephrase","type":"MA","timestamp":"2023-11-09 12:30:40"},{"nodeID":"1282513","text":"Restating","type":"YA","timestamp":"2023-11-09 12:30:40"},{"nodeID":"1282514","text":"the lack of humanity for the people in Calais","type":"I","timestamp":"2023-11-09 12:30:41"},{"nodeID":"1282515","text":"AudienceMember 20210912QT26: The lack of humanity","type":"L","timestamp":"2023-11-09 12:30:41"},{"nodeID":"1282516","text":"Analysing","type":"YA","timestamp":"2023-11-09 12:30:41"},{"nodeID":"1282517","text":"Anon: AudienceMember 20210912QT26: The lack of humanity","type":"L","timestamp":"2023-11-09 12:30:41"},{"nodeID":"1282518","text":"Asserting","type":"YA","timestamp":"2023-11-09 12:30:41"},{"nodeID":"1282519","text":"Default Transition","type":"TA","timestamp":"2023-11-09 12:30:41"},{"nodeID":"1282520","text":"Default Rephrase","type":"MA","timestamp":"2023-11-09 12:30:41"},{"nodeID":"1282521","text":"Restating","type":"YA","timestamp":"2023-11-09 12:30:41"},{"nodeID":"1282522","text":"AudienceMember 20211209QT26 was very distressed to see the situation in Calais firsthand like that","type":"I","timestamp":"2023-11-09 12:30:42"},{"nodeID":"1282523","text":"AudienceMember 20210912QT26: I was very distressed to see it firsthand like that","type":"L","timestamp":"2023-11-09 12:30:42"},{"nodeID":"1282524","text":"Analysing","type":"YA","timestamp":"2023-11-09 12:30:42"},{"nodeID":"1282525","text":"Anon: AudienceMember 20210912QT26: I was very distressed to see it firsthand like that","type":"L","timestamp":"2023-11-09 12:30:42"},{"nodeID":"1282526","text":"Asserting","type":"YA","timestamp":"2023-11-09 12:30:42"},{"nodeID":"1282527","text":"Default Transition","type":"TA","timestamp":"2023-11-09 12:30:42"},{"nodeID":"1282528","text":"Default Inference","type":"RA","timestamp":"2023-11-09 12:30:42"},{"nodeID":"1282529","text":"Arguing","type":"YA","timestamp":"2023-11-09 12:30:42"},{"nodeID":"1282530","text":"there is a lack of humility in Calais","type":"I","timestamp":"2023-11-09 12:30:42"},{"nodeID":"1282531","text":"AudienceMember 20210912QT26: It's the lack of humility","type":"L","timestamp":"2023-11-09 12:30:42"},{"nodeID":"1282532","text":"Analysing","type":"YA","timestamp":"2023-11-09 12:30:42"},{"nodeID":"1282533","text":"Anon: AudienceMember 20210912QT26: It's the lack of humility","type":"L","timestamp":"2023-11-09 12:30:42"},{"nodeID":"1282534","text":"Asserting","type":"YA","timestamp":"2023-11-09 12:30:42"},{"nodeID":"1282535","text":"Default Transition","type":"TA","timestamp":"2023-11-09 12:30:42"},{"nodeID":"1282536","text":"Default Rephrase","type":"MA","timestamp":"2023-11-09 12:30:42"},{"nodeID":"1282537","text":"Restating","type":"YA","timestamp":"2023-11-09 12:30:42"},{"nodeID":"1282538","text":"people in Calais don't have a life","type":"I","timestamp":"2023-11-09 12:30:43"},{"nodeID":"1282539","text":"AudienceMember 20210912QT26: What life do they have","type":"L","timestamp":"2023-11-09 12:30:43"},{"nodeID":"1282540","text":"Analysing","type":"YA","timestamp":"2023-11-09 12:30:43"},{"nodeID":"1282541","text":"Anon: AudienceMember 20210912QT26: What life do they have","type":"L","timestamp":"2023-11-09 12:30:43"},{"nodeID":"1282542","text":"Rhetorical Questioning","type":"YA","timestamp":"2023-11-09 12:30:43"},{"nodeID":"1282543","text":"Default Transition","type":"TA","timestamp":"2023-11-09 12:30:43"},{"nodeID":"1282544","text":"Default Inference","type":"RA","timestamp":"2023-11-09 12:30:43"},{"nodeID":"1282545","text":"Arguing","type":"YA","timestamp":"2023-11-09 12:30:43"},{"nodeID":"1282546","text":"we can surely solve this problem of the situation in Calais","type":"I","timestamp":"2023-11-09 12:30:44"},{"nodeID":"1282547","text":"AudienceMember 20210912QT26: We can surely solve this problem","type":"L","timestamp":"2023-11-09 12:30:44"},{"nodeID":"1282548","text":"Analysing","type":"YA","timestamp":"2023-11-09 12:30:44"},{"nodeID":"1282549","text":"Anon: AudienceMember 20210912QT26: We can surely solve this problem","type":"L","timestamp":"2023-11-09 12:30:44"},{"nodeID":"1282550","text":"Asserting","type":"YA","timestamp":"2023-11-09 12:30:44"},{"nodeID":"1282551","text":"Default Transition","type":"TA","timestamp":"2023-11-09 12:30:44"},{"nodeID":"1282552","text":"the situation in Calais is a global issue","type":"I","timestamp":"2023-11-09 12:30:44"},{"nodeID":"1282553","text":"AudienceMember 20210912QT26: it is a global issue","type":"L","timestamp":"2023-11-09 12:30:44"},{"nodeID":"1282554","text":"Analysing","type":"YA","timestamp":"2023-11-09 12:30:44"},{"nodeID":"1282555","text":"Anon: AudienceMember 20210912QT26: it is a global issue","type":"L","timestamp":"2023-11-09 12:30:44"},{"nodeID":"1282556","text":"Asserting","type":"YA","timestamp":"2023-11-09 12:30:44"},{"nodeID":"1282557","text":"Default Transition","type":"TA","timestamp":"2023-11-09 12:30:44"},{"nodeID":"1282558","text":"Default Rephrase","type":"MA","timestamp":"2023-11-09 12:30:44"},{"nodeID":"1282559","text":"Restating","type":"YA","timestamp":"2023-11-09 12:30:44"},{"nodeID":"1282560","text":"Fiona Bruce: The question is about the spat between the French and the British governments","type":"L","timestamp":"2023-11-09 12:30:45"},{"nodeID":"1282561","text":"Analysing","type":"YA","timestamp":"2023-11-09 12:30:45"},{"nodeID":"1282562","text":"Anon: Fiona Bruce: The question is about the spat between the French and the British governments","type":"L","timestamp":"2023-11-09 12:30:45"},{"nodeID":"1282563","text":"Asserting","type":"YA","timestamp":"2023-11-09 12:30:45"},{"nodeID":"1282564","text":"Default Transition","type":"TA","timestamp":"2023-11-09 12:30:45"},{"nodeID":"1282565","text":"AudienceMember 20211209QT27 makes xxx of the spat they are seeing between the French and the British governments","type":"I","timestamp":"2023-11-09 12:30:45"},{"nodeID":"1282566","text":"AudienceMember 20210912QT27: What do you make of what you're seeing there","type":"L","timestamp":"2023-11-09 12:30:45"},{"nodeID":"1282567","text":"Analysing","type":"YA","timestamp":"2023-11-09 12:30:45"},{"nodeID":"1282568","text":"Anon: AudienceMember 20210912QT27: What do you make of what you're seeing there","type":"L","timestamp":"2023-11-09 12:30:45"},{"nodeID":"1282569","text":"Pure Questioning","type":"YA","timestamp":"2023-11-09 12:30:45"},{"nodeID":"1282570","text":"Default Transition","type":"TA","timestamp":"2023-11-09 12:30:45"},{"nodeID":"1282571","text":"Default Rephrase","type":"MA","timestamp":"2023-11-09 12:30:45"},{"nodeID":"1282572","text":"Restating","type":"YA","timestamp":"2023-11-09 12:30:45"},{"nodeID":"1282573","text":"the situation with Calais is bigger than a spat between the French and British governments","type":"I","timestamp":"2023-11-09 12:30:46"},{"nodeID":"1282574","text":"AudienceMember 20210912QT27: it is bigger than that","type":"L","timestamp":"2023-11-09 12:30:46"},{"nodeID":"1282575","text":"Analysing","type":"YA","timestamp":"2023-11-09 12:30:46"},{"nodeID":"1282576","text":"Anon: AudienceMember 20210912QT27: it is bigger than that","type":"L","timestamp":"2023-11-09 12:30:46"},{"nodeID":"1282577","text":"Asserting","type":"YA","timestamp":"2023-11-09 12:30:46"},{"nodeID":"1282578","text":"Default Transition","type":"TA","timestamp":"2023-11-09 12:30:46"},{"nodeID":"1282579","text":"Default Rephrase","type":"MA","timestamp":"2023-11-09 12:30:46"},{"nodeID":"1282580","text":"Default Illocuting","type":"YA","timestamp":"2023-11-09 12:30:46"},{"nodeID":"1282581","text":"get your heads out of the sand","type":"I","timestamp":"2023-11-09 12:30:47"},{"nodeID":"1282582","text":"AudienceMember 20210912QT27: get your heads out of the sand","type":"L","timestamp":"2023-11-09 12:30:47"},{"nodeID":"1282583","text":"Analysing","type":"YA","timestamp":"2023-11-09 12:30:47"},{"nodeID":"1282584","text":"Anon: AudienceMember 20210912QT27: get your heads out of the sand","type":"L","timestamp":"2023-11-09 12:30:47"},{"nodeID":"1282585","text":"Asserting","type":"YA","timestamp":"2023-11-09 12:30:47"},{"nodeID":"1282586","text":"Default Transition","type":"TA","timestamp":"2023-11-09 12:30:47"},{"nodeID":"1282587","text":"Default Inference","type":"RA","timestamp":"2023-11-09 12:30:47"},{"nodeID":"1282588","text":"Arguing","type":"YA","timestamp":"2023-11-09 12:30:47"},{"nodeID":"1282589","text":"the situation with Calais is a lack of integrity","type":"I","timestamp":"2023-11-09 12:30:47"},{"nodeID":"1282590","text":"AudienceMember 20210912QT27: It is lack of integrity","type":"L","timestamp":"2023-11-09 12:30:47"},{"nodeID":"1282591","text":"Analysing","type":"YA","timestamp":"2023-11-09 12:30:47"},{"nodeID":"1282592","text":"Anon: AudienceMember 20210912QT27: It is lack of integrity","type":"L","timestamp":"2023-11-09 12:30:47"},{"nodeID":"1282593","text":"Asserting","type":"YA","timestamp":"2023-11-09 12:30:47"},{"nodeID":"1282594","text":"Default Rephrase","type":"MA","timestamp":"2023-11-09 12:30:47"},{"nodeID":"1282595","text":"Default Transition","type":"TA","timestamp":"2023-11-09 12:30:47"},{"nodeID":"1282596","text":"Restating","type":"YA","timestamp":"2023-11-09 12:30:47"},{"nodeID":"1282597","text":"AudienceMember 20211209QT27 is sick of the lack of integrity worldwide","type":"I","timestamp":"2023-11-09 12:30:48"},{"nodeID":"1282598","text":"AudienceMember 20210912QT27: I am sick of the lack of integrity worldwide","type":"L","timestamp":"2023-11-09 12:30:48"},{"nodeID":"1282599","text":"Analysing","type":"YA","timestamp":"2023-11-09 12:30:48"},{"nodeID":"1282600","text":"Anon: AudienceMember 20210912QT27: I am sick of the lack of integrity worldwide","type":"L","timestamp":"2023-11-09 12:30:48"},{"nodeID":"1282601","text":"Asserting","type":"YA","timestamp":"2023-11-09 12:30:48"},{"nodeID":"1282602","text":"Default Transition","type":"TA","timestamp":"2023-11-09 12:30:48"},{"nodeID":"1282603","text":"Default Inference","type":"RA","timestamp":"2023-11-09 12:30:48"},{"nodeID":"1282604","text":"Arguing","type":"YA","timestamp":"2023-11-09 12:30:48"},{"nodeID":"1282605","text":"AudienceMember 20210912QT27: Let's just be human and think of it in that way","type":"L","timestamp":"2023-11-09 12:30:48"},{"nodeID":"1282606","text":"Analysing","type":"YA","timestamp":"2023-11-09 12:30:48"},{"nodeID":"1282607","text":"Anon: AudienceMember 20210912QT27: Let's just be human and think of it in that way","type":"L","timestamp":"2023-11-09 12:30:48"},{"nodeID":"1282608","text":"Asserting","type":"YA","timestamp":"2023-11-09 12:30:48"},{"nodeID":"1282609","text":"Default Transition","type":"TA","timestamp":"2023-11-09 12:30:48"},{"nodeID":"1282610","text":"Default Rephrase","type":"MA","timestamp":"2023-11-09 12:30:48"},{"nodeID":"1282611","text":"Restating","type":"YA","timestamp":"2023-11-09 12:30:48"},{"nodeID":"1282612","text":"these people in Calais want a life","type":"I","timestamp":"2023-11-09 12:30:49"},{"nodeID":"1282613","text":"AudienceMember 20210912QT27: These are people that want a life","type":"L","timestamp":"2023-11-09 12:30:49"},{"nodeID":"1282614","text":"Analysing","type":"YA","timestamp":"2023-11-09 12:30:49"},{"nodeID":"1282615","text":"Anon: AudienceMember 20210912QT27: These are people that want a life","type":"L","timestamp":"2023-11-09 12:30:49"},{"nodeID":"1282616","text":"Asserting","type":"YA","timestamp":"2023-11-09 12:30:49"},{"nodeID":"1282617","text":"Default Transition","type":"TA","timestamp":"2023-11-09 12:30:49"},{"nodeID":"1282618","text":"Default Rephrase","type":"MA","timestamp":"2023-11-09 12:30:49"},{"nodeID":"1282619","text":"Restating","type":"YA","timestamp":"2023-11-09 12:30:49"},{"nodeID":"1282620","text":"these people in Calais have no life","type":"I","timestamp":"2023-11-09 12:30:49"},{"nodeID":"1282621","text":"AudienceMember 20210912QT27: They have no life","type":"L","timestamp":"2023-11-09 12:30:50"},{"nodeID":"1282622","text":"Analysing","type":"YA","timestamp":"2023-11-09 12:30:50"},{"nodeID":"1282623","text":"Anon: AudienceMember 20210912QT27: They have no life","type":"L","timestamp":"2023-11-09 12:30:50"},{"nodeID":"1282624","text":"Asserting","type":"YA","timestamp":"2023-11-09 12:30:50"},{"nodeID":"1282625","text":"Default Transition","type":"TA","timestamp":"2023-11-09 12:30:50"},{"nodeID":"1282626","text":"Default Rephrase","type":"MA","timestamp":"2023-11-09 12:30:50"},{"nodeID":"1282627","text":"Restating","type":"YA","timestamp":"2023-11-09 12:30:50"},{"nodeID":"1282628","text":"Default Rephrase","type":"MA","timestamp":"2023-11-09 12:30:50"},{"nodeID":"1282629","text":"Default Transition","type":"TA","timestamp":"2023-11-09 12:30:50"},{"nodeID":"1282630","text":"Restating","type":"YA","timestamp":"2023-11-09 12:30:50"},{"nodeID":"1282631","text":"we seem to think that the government is responsible for solving all of these issues","type":"I","timestamp":"2023-11-09 12:30:50"},{"nodeID":"1282632","text":"AudienceMember 20210912QT28: We seem to think that the government is responsible for solving all of these issues","type":"L","timestamp":"2023-11-09 12:30:50"},{"nodeID":"1282633","text":"Analysing","type":"YA","timestamp":"2023-11-09 12:30:50"},{"nodeID":"1282634","text":"Anon: AudienceMember 20210912QT28: We seem to think that the government is responsible for solving all of these issues","type":"L","timestamp":"2023-11-09 12:30:50"},{"nodeID":"1282635","text":"Asserting","type":"YA","timestamp":"2023-11-09 12:30:50"},{"nodeID":"1282636","text":"Default Transition","type":"TA","timestamp":"2023-11-09 12:30:50"},{"nodeID":"1282637","text":"the public could actually take a greater role globally in how we can support people in need","type":"I","timestamp":"2023-11-09 12:30:51"},{"nodeID":"1282638","text":"AudienceMember 20210912QT28: the public could actually take a greater role globally in how we can support people in need","type":"L","timestamp":"2023-11-09 12:30:51"},{"nodeID":"1282639","text":"Analysing","type":"YA","timestamp":"2023-11-09 12:30:51"},{"nodeID":"1282640","text":"Anon: AudienceMember 20210912QT28: the public could actually take a greater role globally in how we can support people in need","type":"L","timestamp":"2023-11-09 12:30:51"},{"nodeID":"1282641","text":"Asserting","type":"YA","timestamp":"2023-11-09 12:30:51"},{"nodeID":"1282642","text":"Default Transition","type":"TA","timestamp":"2023-11-09 12:30:51"},{"nodeID":"1282643","text":"Default Conflict","type":"CA","timestamp":"2023-11-09 12:30:51"},{"nodeID":"1282644","text":"Disagreeing","type":"YA","timestamp":"2023-11-09 12:30:51"},{"nodeID":"1282645","text":"AudienceMember 20211209QT29 sees the public taking a greater role globally in how we can support people in need by xxx","type":"I","timestamp":"2023-11-09 12:30:51"},{"nodeID":"1282646","text":"Fiona Bruce: How do you see that","type":"L","timestamp":"2023-11-09 12:30:51"},{"nodeID":"1282647","text":"Analysing","type":"YA","timestamp":"2023-11-09 12:30:51"},{"nodeID":"1282648","text":"Anon: Fiona Bruce: How do you see that","type":"L","timestamp":"2023-11-09 12:30:51"},{"nodeID":"1282649","text":"Pure Questioning","type":"YA","timestamp":"2023-11-09 12:30:51"},{"nodeID":"1282650","text":"Default Transition","type":"TA","timestamp":"2023-11-09 12:30:51"},{"nodeID":"1282651","text":"Default Rephrase","type":"MA","timestamp":"2023-11-09 12:30:51"},{"nodeID":"1282652","text":"Restating","type":"YA","timestamp":"2023-11-09 12:30:51"},{"nodeID":"1282653","text":"we all look on those in need in sadness, at these events from the comfort of our own homes","type":"I","timestamp":"2023-11-09 12:30:52"},{"nodeID":"1282654","text":"AudienceMember 20210912QT29: we all kind of look on it in sadness, at these events from the comfort of our own homes","type":"L","timestamp":"2023-11-09 12:30:52"},{"nodeID":"1282655","text":"Analysing","type":"YA","timestamp":"2023-11-09 12:30:52"},{"nodeID":"1282656","text":"Anon: AudienceMember 20210912QT29: we all kind of look on it in sadness, at these events from the comfort of our own homes","type":"L","timestamp":"2023-11-09 12:30:52"},{"nodeID":"1282657","text":"Asserting","type":"YA","timestamp":"2023-11-09 12:30:52"},{"nodeID":"1282658","text":"it is about time that we looked at things in a very different way","type":"I","timestamp":"2023-11-09 12:30:53"},{"nodeID":"1282659","text":"AudienceMember 20210912QT29: it is about time that we looked at things in a very different way","type":"L","timestamp":"2023-11-09 12:30:53"},{"nodeID":"1282660","text":"Analysing","type":"YA","timestamp":"2023-11-09 12:30:53"},{"nodeID":"1282661","text":"Anon: AudienceMember 20210912QT29: it is about time that we looked at things in a very different way","type":"L","timestamp":"2023-11-09 12:30:53"},{"nodeID":"1282662","text":"Asserting","type":"YA","timestamp":"2023-11-09 12:30:53"},{"nodeID":"1282663","text":"Default Transition","type":"TA","timestamp":"2023-11-09 12:30:53"},{"nodeID":"1282664","text":"Default Conflict","type":"CA","timestamp":"2023-11-09 12:30:53"},{"nodeID":"1282665","text":"Disagreeing","type":"YA","timestamp":"2023-11-09 12:30:53"},{"nodeID":"1282666","text":"whether looking at things differently was funding, back to Theo's point earlier about cancelling Christmas parties","type":"I","timestamp":"2023-11-09 12:30:53"},{"nodeID":"1282667","text":"AudienceMember 20210912QT29: Whether that was funding, back to Theo's point earlier about cancelling Christmas parties","type":"L","timestamp":"2023-11-09 12:30:53"},{"nodeID":"1282668","text":"Analysing","type":"YA","timestamp":"2023-11-09 12:30:53"},{"nodeID":"1282669","text":"Anon: AudienceMember 20210912QT29: Whether that was funding, back to Theo's point earlier about cancelling Christmas parties","type":"L","timestamp":"2023-11-09 12:30:53"},{"nodeID":"1282670","text":"Asserting","type":"YA","timestamp":"2023-11-09 12:30:53"},{"nodeID":"1282671","text":"Default Transition","type":"TA","timestamp":"2023-11-09 12:30:53"},{"nodeID":"1282672","text":"we could use all of those funds from businesses that are cancelling Christmas parties this year to go to those in most need","type":"I","timestamp":"2023-11-09 12:30:54"},{"nodeID":"1282673","text":"AudienceMember 20210912QT29: we could use all of those funds from businesses that are cancelling Christmas parties this year to go to those in most need","type":"L","timestamp":"2023-11-09 12:30:54"},{"nodeID":"1282674","text":"Analysing","type":"YA","timestamp":"2023-11-09 12:30:54"},{"nodeID":"1282675","text":"Anon: AudienceMember 20210912QT29: we could use all of those funds from businesses that are cancelling Christmas parties this year to go to those in most need","type":"L","timestamp":"2023-11-09 12:30:54"},{"nodeID":"1282676","text":"Asserting","type":"YA","timestamp":"2023-11-09 12:30:54"},{"nodeID":"1282677","text":"Default Rephrase","type":"MA","timestamp":"2023-11-09 12:30:54"},{"nodeID":"1282678","text":"Restating","type":"YA","timestamp":"2023-11-09 12:30:54"},{"nodeID":"1282679","text":"Default Transition","type":"TA","timestamp":"2023-11-09 12:30:54"},{"nodeID":"1282680","text":"Default Inference","type":"RA","timestamp":"2023-11-09 12:30:54"},{"nodeID":"1282681","text":"Arguing","type":"YA","timestamp":"2023-11-09 12:30:54"},{"nodeID":"1282682","text":"Default Rephrase","type":"MA","timestamp":"2023-11-09 12:30:54"},{"nodeID":"1282683","text":"Default Transition","type":"TA","timestamp":"2023-11-09 12:30:54"},{"nodeID":"1282684","text":"Default Illocuting","type":"YA","timestamp":"2023-11-09 12:30:54"}],"edges":[{"edgeID":"1687437","fromID":"1282487","toID":"1282486","formEdgeID":null},{"edgeID":"1687438","fromID":"1282488","toID":"1282487","formEdgeID":null},{"edgeID":"1687439","fromID":"1282486","toID":"1282489","formEdgeID":null},{"edgeID":"1687440","fromID":"1282489","toID":"1282485","formEdgeID":null},{"edgeID":"1687441","fromID":"1282492","toID":"1282491","formEdgeID":null},{"edgeID":"1687442","fromID":"1282493","toID":"1282492","formEdgeID":null},{"edgeID":"1687443","fromID":"1282491","toID":"1282494","formEdgeID":null},{"edgeID":"1687444","fromID":"1282494","toID":"1282490","formEdgeID":null},{"edgeID":"1687445","fromID":"1282486","toID":"1282495","formEdgeID":null},{"edgeID":"1687446","fromID":"1282495","toID":"1282491","formEdgeID":null},{"edgeID":"1687447","fromID":"1282498","toID":"1282497","formEdgeID":null},{"edgeID":"1687448","fromID":"1282499","toID":"1282498","formEdgeID":null},{"edgeID":"1687449","fromID":"1282497","toID":"1282500","formEdgeID":null},{"edgeID":"1687450","fromID":"1282500","toID":"1282496","formEdgeID":null},{"edgeID":"1687451","fromID":"1282491","toID":"1282501","formEdgeID":null},{"edgeID":"1687452","fromID":"1282501","toID":"1282497","formEdgeID":null},{"edgeID":"1687453","fromID":"1282490","toID":"1282502","formEdgeID":null},{"edgeID":"1687454","fromID":"1282502","toID":"1282485","formEdgeID":null},{"edgeID":"1687455","fromID":"1282495","toID":"1282503","formEdgeID":null},{"edgeID":"1687456","fromID":"1282503","toID":"1282502","formEdgeID":null},{"edgeID":"1687457","fromID":"1282496","toID":"1282504","formEdgeID":null},{"edgeID":"1687458","fromID":"1282504","toID":"1282490","formEdgeID":null},{"edgeID":"1687459","fromID":"1282501","toID":"1282505","formEdgeID":null},{"edgeID":"1687460","fromID":"1282505","toID":"1282504","formEdgeID":null},{"edgeID":"1687461","fromID":"1282508","toID":"1282507","formEdgeID":null},{"edgeID":"1687462","fromID":"1282509","toID":"1282508","formEdgeID":null},{"edgeID":"1687463","fromID":"1282507","toID":"1282510","formEdgeID":null},{"edgeID":"1687464","fromID":"1282510","toID":"1282506","formEdgeID":null},{"edgeID":"1687465","fromID":"1282497","toID":"1282511","formEdgeID":null},{"edgeID":"1687466","fromID":"1282511","toID":"1282507","formEdgeID":null},{"edgeID":"1687467","fromID":"1282506","toID":"1282512","formEdgeID":null},{"edgeID":"1687468","fromID":"1282512","toID":"1282496","formEdgeID":null},{"edgeID":"1687469","fromID":"1282511","toID":"1282513","formEdgeID":null},{"edgeID":"1687470","fromID":"1282513","toID":"1282512","formEdgeID":null},{"edgeID":"1687471","fromID":"1282516","toID":"1282515","formEdgeID":null},{"edgeID":"1687472","fromID":"1282517","toID":"1282516","formEdgeID":null},{"edgeID":"1687473","fromID":"1282515","toID":"1282518","formEdgeID":null},{"edgeID":"1687474","fromID":"1282518","toID":"1282514","formEdgeID":null},{"edgeID":"1687475","fromID":"1282507","toID":"1282519","formEdgeID":null},{"edgeID":"1687476","fromID":"1282519","toID":"1282515","formEdgeID":null},{"edgeID":"1687477","fromID":"1282514","toID":"1282520","formEdgeID":null},{"edgeID":"1687478","fromID":"1282520","toID":"1282506","formEdgeID":null},{"edgeID":"1687479","fromID":"1282519","toID":"1282521","formEdgeID":null},{"edgeID":"1687480","fromID":"1282521","toID":"1282520","formEdgeID":null},{"edgeID":"1687481","fromID":"1282524","toID":"1282523","formEdgeID":null},{"edgeID":"1687482","fromID":"1282525","toID":"1282524","formEdgeID":null},{"edgeID":"1687483","fromID":"1282523","toID":"1282526","formEdgeID":null},{"edgeID":"1687484","fromID":"1282526","toID":"1282522","formEdgeID":null},{"edgeID":"1687485","fromID":"1282515","toID":"1282527","formEdgeID":null},{"edgeID":"1687486","fromID":"1282527","toID":"1282523","formEdgeID":null},{"edgeID":"1687487","fromID":"1282514","toID":"1282528","formEdgeID":null},{"edgeID":"1687488","fromID":"1282528","toID":"1282522","formEdgeID":null},{"edgeID":"1687489","fromID":"1282527","toID":"1282529","formEdgeID":null},{"edgeID":"1687490","fromID":"1282529","toID":"1282528","formEdgeID":null},{"edgeID":"1687491","fromID":"1282532","toID":"1282531","formEdgeID":null},{"edgeID":"1687492","fromID":"1282533","toID":"1282532","formEdgeID":null},{"edgeID":"1687493","fromID":"1282531","toID":"1282534","formEdgeID":null},{"edgeID":"1687494","fromID":"1282534","toID":"1282530","formEdgeID":null},{"edgeID":"1687495","fromID":"1282523","toID":"1282535","formEdgeID":null},{"edgeID":"1687496","fromID":"1282535","toID":"1282531","formEdgeID":null},{"edgeID":"1687497","fromID":"1282530","toID":"1282536","formEdgeID":null},{"edgeID":"1687498","fromID":"1282536","toID":"1282522","formEdgeID":null},{"edgeID":"1687499","fromID":"1282535","toID":"1282537","formEdgeID":null},{"edgeID":"1687500","fromID":"1282537","toID":"1282536","formEdgeID":null},{"edgeID":"1687501","fromID":"1282540","toID":"1282539","formEdgeID":null},{"edgeID":"1687502","fromID":"1282541","toID":"1282540","formEdgeID":null},{"edgeID":"1687503","fromID":"1282539","toID":"1282542","formEdgeID":null},{"edgeID":"1687504","fromID":"1282542","toID":"1282538","formEdgeID":null},{"edgeID":"1687505","fromID":"1282531","toID":"1282543","formEdgeID":null},{"edgeID":"1687506","fromID":"1282543","toID":"1282539","formEdgeID":null},{"edgeID":"1687507","fromID":"1282530","toID":"1282544","formEdgeID":null},{"edgeID":"1687508","fromID":"1282544","toID":"1282538","formEdgeID":null},{"edgeID":"1687509","fromID":"1282543","toID":"1282545","formEdgeID":null},{"edgeID":"1687510","fromID":"1282545","toID":"1282544","formEdgeID":null},{"edgeID":"1687511","fromID":"1282548","toID":"1282547","formEdgeID":null},{"edgeID":"1687512","fromID":"1282549","toID":"1282548","formEdgeID":null},{"edgeID":"1687513","fromID":"1282547","toID":"1282550","formEdgeID":null},{"edgeID":"1687514","fromID":"1282550","toID":"1282546","formEdgeID":null},{"edgeID":"1687515","fromID":"1282539","toID":"1282551","formEdgeID":null},{"edgeID":"1687516","fromID":"1282551","toID":"1282547","formEdgeID":null},{"edgeID":"1687517","fromID":"1282554","toID":"1282553","formEdgeID":null},{"edgeID":"1687518","fromID":"1282555","toID":"1282554","formEdgeID":null},{"edgeID":"1687519","fromID":"1282553","toID":"1282556","formEdgeID":null},{"edgeID":"1687520","fromID":"1282556","toID":"1282552","formEdgeID":null},{"edgeID":"1687521","fromID":"1282547","toID":"1282557","formEdgeID":null},{"edgeID":"1687522","fromID":"1282557","toID":"1282553","formEdgeID":null},{"edgeID":"1687523","fromID":"1282552","toID":"1282558","formEdgeID":null},{"edgeID":"1687524","fromID":"1282558","toID":"1282546","formEdgeID":null},{"edgeID":"1687525","fromID":"1282557","toID":"1282559","formEdgeID":null},{"edgeID":"1687526","fromID":"1282559","toID":"1282558","formEdgeID":null},{"edgeID":"1687527","fromID":"1282561","toID":"1282560","formEdgeID":null},{"edgeID":"1687528","fromID":"1282562","toID":"1282561","formEdgeID":null},{"edgeID":"1687529","fromID":"1282560","toID":"1282563","formEdgeID":null},{"edgeID":"1687530","fromID":"1282563","toID":"783878","formEdgeID":null},{"edgeID":"1687531","fromID":"1282553","toID":"1282564","formEdgeID":null},{"edgeID":"1687532","fromID":"1282564","toID":"1282560","formEdgeID":null},{"edgeID":"1687533","fromID":"1282567","toID":"1282566","formEdgeID":null},{"edgeID":"1687534","fromID":"1282568","toID":"1282567","formEdgeID":null},{"edgeID":"1687535","fromID":"1282566","toID":"1282569","formEdgeID":null},{"edgeID":"1687536","fromID":"1282569","toID":"1282565","formEdgeID":null},{"edgeID":"1687537","fromID":"1282560","toID":"1282570","formEdgeID":null},{"edgeID":"1687538","fromID":"1282570","toID":"1282566","formEdgeID":null},{"edgeID":"1687539","fromID":"1282565","toID":"1282571","formEdgeID":null},{"edgeID":"1687540","fromID":"1282571","toID":"783878","formEdgeID":null},{"edgeID":"1687541","fromID":"1282570","toID":"1282572","formEdgeID":null},{"edgeID":"1687542","fromID":"1282572","toID":"1282571","formEdgeID":null},{"edgeID":"1687543","fromID":"1282575","toID":"1282574","formEdgeID":null},{"edgeID":"1687544","fromID":"1282576","toID":"1282575","formEdgeID":null},{"edgeID":"1687545","fromID":"1282574","toID":"1282577","formEdgeID":null},{"edgeID":"1687546","fromID":"1282577","toID":"1282573","formEdgeID":null},{"edgeID":"1687547","fromID":"1282566","toID":"1282578","formEdgeID":null},{"edgeID":"1687548","fromID":"1282578","toID":"1282574","formEdgeID":null},{"edgeID":"1687549","fromID":"1282573","toID":"1282579","formEdgeID":null},{"edgeID":"1687550","fromID":"1282579","toID":"1282565","formEdgeID":null},{"edgeID":"1687551","fromID":"1282578","toID":"1282580","formEdgeID":null},{"edgeID":"1687552","fromID":"1282580","toID":"1282579","formEdgeID":null},{"edgeID":"1687553","fromID":"1282583","toID":"1282582","formEdgeID":null},{"edgeID":"1687554","fromID":"1282584","toID":"1282583","formEdgeID":null},{"edgeID":"1687555","fromID":"1282582","toID":"1282585","formEdgeID":null},{"edgeID":"1687556","fromID":"1282585","toID":"1282581","formEdgeID":null},{"edgeID":"1687557","fromID":"1282574","toID":"1282586","formEdgeID":null},{"edgeID":"1687558","fromID":"1282586","toID":"1282582","formEdgeID":null},{"edgeID":"1687559","fromID":"1282573","toID":"1282587","formEdgeID":null},{"edgeID":"1687560","fromID":"1282587","toID":"1282581","formEdgeID":null},{"edgeID":"1687561","fromID":"1282586","toID":"1282588","formEdgeID":null},{"edgeID":"1687562","fromID":"1282588","toID":"1282587","formEdgeID":null},{"edgeID":"1687563","fromID":"1282591","toID":"1282590","formEdgeID":null},{"edgeID":"1687564","fromID":"1282592","toID":"1282591","formEdgeID":null},{"edgeID":"1687565","fromID":"1282590","toID":"1282593","formEdgeID":null},{"edgeID":"1687566","fromID":"1282593","toID":"1282589","formEdgeID":null},{"edgeID":"1687567","fromID":"1282589","toID":"1282594","formEdgeID":null},{"edgeID":"1687568","fromID":"1282594","toID":"1282565","formEdgeID":null},{"edgeID":"1687569","fromID":"1282566","toID":"1282595","formEdgeID":null},{"edgeID":"1687570","fromID":"1282595","toID":"1282590","formEdgeID":null},{"edgeID":"1687571","fromID":"1282595","toID":"1282596","formEdgeID":null},{"edgeID":"1687572","fromID":"1282596","toID":"1282594","formEdgeID":null},{"edgeID":"1687573","fromID":"1282599","toID":"1282598","formEdgeID":null},{"edgeID":"1687574","fromID":"1282600","toID":"1282599","formEdgeID":null},{"edgeID":"1687575","fromID":"1282598","toID":"1282601","formEdgeID":null},{"edgeID":"1687576","fromID":"1282601","toID":"1282597","formEdgeID":null},{"edgeID":"1687577","fromID":"1282590","toID":"1282602","formEdgeID":null},{"edgeID":"1687578","fromID":"1282602","toID":"1282598","formEdgeID":null},{"edgeID":"1687579","fromID":"1282589","toID":"1282603","formEdgeID":null},{"edgeID":"1687580","fromID":"1282603","toID":"1282597","formEdgeID":null},{"edgeID":"1687581","fromID":"1282602","toID":"1282604","formEdgeID":null},{"edgeID":"1687582","fromID":"1282604","toID":"1282603","formEdgeID":null},{"edgeID":"1687583","fromID":"1282606","toID":"1282605","formEdgeID":null},{"edgeID":"1687584","fromID":"1282607","toID":"1282606","formEdgeID":null},{"edgeID":"1687585","fromID":"1282605","toID":"1282608","formEdgeID":null},{"edgeID":"1687586","fromID":"1282608","toID":"783906","formEdgeID":null},{"edgeID":"1687587","fromID":"1282598","toID":"1282609","formEdgeID":null},{"edgeID":"1687588","fromID":"1282609","toID":"1282605","formEdgeID":null},{"edgeID":"1687589","fromID":"783906","toID":"1282610","formEdgeID":null},{"edgeID":"1687590","fromID":"1282610","toID":"1282597","formEdgeID":null},{"edgeID":"1687591","fromID":"1282609","toID":"1282611","formEdgeID":null},{"edgeID":"1687592","fromID":"1282611","toID":"1282610","formEdgeID":null},{"edgeID":"1687593","fromID":"1282614","toID":"1282613","formEdgeID":null},{"edgeID":"1687594","fromID":"1282615","toID":"1282614","formEdgeID":null},{"edgeID":"1687595","fromID":"1282613","toID":"1282616","formEdgeID":null},{"edgeID":"1687596","fromID":"1282616","toID":"1282612","formEdgeID":null},{"edgeID":"1687597","fromID":"1282605","toID":"1282617","formEdgeID":null},{"edgeID":"1687598","fromID":"1282617","toID":"1282613","formEdgeID":null},{"edgeID":"1687599","fromID":"1282612","toID":"1282618","formEdgeID":null},{"edgeID":"1687600","fromID":"1282618","toID":"783906","formEdgeID":null},{"edgeID":"1687601","fromID":"1282617","toID":"1282619","formEdgeID":null},{"edgeID":"1687602","fromID":"1282619","toID":"1282618","formEdgeID":null},{"edgeID":"1687603","fromID":"1282622","toID":"1282621","formEdgeID":null},{"edgeID":"1687604","fromID":"1282623","toID":"1282622","formEdgeID":null},{"edgeID":"1687605","fromID":"1282621","toID":"1282624","formEdgeID":null},{"edgeID":"1687606","fromID":"1282624","toID":"1282620","formEdgeID":null},{"edgeID":"1687607","fromID":"1282613","toID":"1282625","formEdgeID":null},{"edgeID":"1687608","fromID":"1282625","toID":"1282621","formEdgeID":null},{"edgeID":"1687609","fromID":"1282620","toID":"1282626","formEdgeID":null},{"edgeID":"1687610","fromID":"1282626","toID":"1282612","formEdgeID":null},{"edgeID":"1687611","fromID":"1282625","toID":"1282627","formEdgeID":null},{"edgeID":"1687612","fromID":"1282627","toID":"1282626","formEdgeID":null},{"edgeID":"1687613","fromID":"1282620","toID":"1282628","formEdgeID":null},{"edgeID":"1687614","fromID":"1282628","toID":"1282538","formEdgeID":null},{"edgeID":"1687615","fromID":"1282539","toID":"1282629","formEdgeID":null},{"edgeID":"1687616","fromID":"1282629","toID":"1282621","formEdgeID":null},{"edgeID":"1687617","fromID":"1282629","toID":"1282630","formEdgeID":null},{"edgeID":"1687618","fromID":"1282630","toID":"1282628","formEdgeID":null},{"edgeID":"1687619","fromID":"1282633","toID":"1282632","formEdgeID":null},{"edgeID":"1687620","fromID":"1282634","toID":"1282633","formEdgeID":null},{"edgeID":"1687621","fromID":"1282632","toID":"1282635","formEdgeID":null},{"edgeID":"1687622","fromID":"1282635","toID":"1282631","formEdgeID":null},{"edgeID":"1687623","fromID":"1282621","toID":"1282636","formEdgeID":null},{"edgeID":"1687624","fromID":"1282636","toID":"1282632","formEdgeID":null},{"edgeID":"1687625","fromID":"1282639","toID":"1282638","formEdgeID":null},{"edgeID":"1687626","fromID":"1282640","toID":"1282639","formEdgeID":null},{"edgeID":"1687627","fromID":"1282638","toID":"1282641","formEdgeID":null},{"edgeID":"1687628","fromID":"1282641","toID":"1282637","formEdgeID":null},{"edgeID":"1687629","fromID":"1282632","toID":"1282642","formEdgeID":null},{"edgeID":"1687630","fromID":"1282642","toID":"1282638","formEdgeID":null},{"edgeID":"1687631","fromID":"1282637","toID":"1282643","formEdgeID":null},{"edgeID":"1687632","fromID":"1282643","toID":"1282631","formEdgeID":null},{"edgeID":"1687633","fromID":"1282642","toID":"1282644","formEdgeID":null},{"edgeID":"1687634","fromID":"1282644","toID":"1282643","formEdgeID":null},{"edgeID":"1687635","fromID":"1282647","toID":"1282646","formEdgeID":null},{"edgeID":"1687636","fromID":"1282648","toID":"1282647","formEdgeID":null},{"edgeID":"1687637","fromID":"1282646","toID":"1282649","formEdgeID":null},{"edgeID":"1687638","fromID":"1282649","toID":"1282645","formEdgeID":null},{"edgeID":"1687639","fromID":"1282638","toID":"1282650","formEdgeID":null},{"edgeID":"1687640","fromID":"1282650","toID":"1282646","formEdgeID":null},{"edgeID":"1687641","fromID":"1282645","toID":"1282651","formEdgeID":null},{"edgeID":"1687642","fromID":"1282651","toID":"1282637","formEdgeID":null},{"edgeID":"1687643","fromID":"1282650","toID":"1282652","formEdgeID":null},{"edgeID":"1687644","fromID":"1282652","toID":"1282651","formEdgeID":null},{"edgeID":"1687645","fromID":"1282655","toID":"1282654","formEdgeID":null},{"edgeID":"1687646","fromID":"1282656","toID":"1282655","formEdgeID":null},{"edgeID":"1687647","fromID":"1282654","toID":"1282657","formEdgeID":null},{"edgeID":"1687648","fromID":"1282657","toID":"1282653","formEdgeID":null},{"edgeID":"1687649","fromID":"1282660","toID":"1282659","formEdgeID":null},{"edgeID":"1687650","fromID":"1282661","toID":"1282660","formEdgeID":null},{"edgeID":"1687651","fromID":"1282659","toID":"1282662","formEdgeID":null},{"edgeID":"1687652","fromID":"1282662","toID":"1282658","formEdgeID":null},{"edgeID":"1687653","fromID":"1282654","toID":"1282663","formEdgeID":null},{"edgeID":"1687654","fromID":"1282663","toID":"1282659","formEdgeID":null},{"edgeID":"1687655","fromID":"1282658","toID":"1282664","formEdgeID":null},{"edgeID":"1687656","fromID":"1282664","toID":"1282653","formEdgeID":null},{"edgeID":"1687657","fromID":"1282663","toID":"1282665","formEdgeID":null},{"edgeID":"1687658","fromID":"1282665","toID":"1282664","formEdgeID":null},{"edgeID":"1687659","fromID":"1282668","toID":"1282667","formEdgeID":null},{"edgeID":"1687660","fromID":"1282669","toID":"1282668","formEdgeID":null},{"edgeID":"1687661","fromID":"1282667","toID":"1282670","formEdgeID":null},{"edgeID":"1687662","fromID":"1282670","toID":"1282666","formEdgeID":null},{"edgeID":"1687663","fromID":"1282659","toID":"1282671","formEdgeID":null},{"edgeID":"1687664","fromID":"1282671","toID":"1282667","formEdgeID":null},{"edgeID":"1687665","fromID":"1282674","toID":"1282673","formEdgeID":null},{"edgeID":"1687666","fromID":"1282675","toID":"1282674","formEdgeID":null},{"edgeID":"1687667","fromID":"1282673","toID":"1282676","formEdgeID":null},{"edgeID":"1687668","fromID":"1282676","toID":"1282672","formEdgeID":null},{"edgeID":"1687669","fromID":"1282666","toID":"1282677","formEdgeID":null},{"edgeID":"1687670","fromID":"1282677","toID":"1282658","formEdgeID":null},{"edgeID":"1687671","fromID":"1282671","toID":"1282678","formEdgeID":null},{"edgeID":"1687672","fromID":"1282678","toID":"1282677","formEdgeID":null},{"edgeID":"1687673","fromID":"1282667","toID":"1282679","formEdgeID":null},{"edgeID":"1687674","fromID":"1282679","toID":"1282673","formEdgeID":null},{"edgeID":"1687675","fromID":"1282666","toID":"1282680","formEdgeID":null},{"edgeID":"1687676","fromID":"1282680","toID":"1282672","formEdgeID":null},{"edgeID":"1687677","fromID":"1282679","toID":"1282681","formEdgeID":null},{"edgeID":"1687678","fromID":"1282681","toID":"1282680","formEdgeID":null},{"edgeID":"1687679","fromID":"1282672","toID":"1282682","formEdgeID":null},{"edgeID":"1687680","fromID":"1282682","toID":"1282645","formEdgeID":null},{"edgeID":"1687681","fromID":"1282646","toID":"1282683","formEdgeID":null},{"edgeID":"1687682","fromID":"1282683","toID":"1282673","formEdgeID":null},{"edgeID":"1687683","fromID":"1282683","toID":"1282684","formEdgeID":null},{"edgeID":"1687684","fromID":"1282684","toID":"1282682","formEdgeID":null}],"locutions":[]}