{"nodes":[{"nodeID":"783862","text":"the government haven't brought anybody in yet","type":"I","timestamp":"2021-12-09 20:52:31"},{"nodeID":"783872","text":"is it time UK and France put their political spats aside to prevent deaths","type":"I","timestamp":"2021-12-09 20:52:34"},{"nodeID":"1280783","text":"there's one person who had been working for and with the British Army in Afghanistan","type":"I","timestamp":"2023-11-09 12:28:19"},{"nodeID":"1280784","text":"Wendy Chamberlain: There's one person who had been working for and with the British Army in Afghanistan","type":"L","timestamp":"2023-11-09 12:28:19"},{"nodeID":"1280785","text":"Analysing","type":"YA","timestamp":"2023-11-09 12:28:19"},{"nodeID":"1280786","text":"Dominika: Wendy Chamberlain: There's one person who had been working for and with the British Army in Afghanistan","type":"L","timestamp":"2023-11-09 12:28:19"},{"nodeID":"1280787","text":"Asserting","type":"YA","timestamp":"2023-11-09 12:28:19"},{"nodeID":"1280788","text":"the government have been promising to bring 20,000 Afghanistan refugees to the UK, 5,000 this year","type":"I","timestamp":"2023-11-09 12:28:19"},{"nodeID":"1280789","text":"Wendy Chamberlain: The government have been promising to bring 20,000 Afghanistan refugees to the UK, 5,000 this year","type":"L","timestamp":"2023-11-09 12:28:19"},{"nodeID":"1280790","text":"Analysing","type":"YA","timestamp":"2023-11-09 12:28:19"},{"nodeID":"1280791","text":"Dominika: Wendy Chamberlain: The government have been promising to bring 20,000 Afghanistan refugees to the UK, 5,000 this year","type":"L","timestamp":"2023-11-09 12:28:19"},{"nodeID":"1280792","text":"Asserting","type":"YA","timestamp":"2023-11-09 12:28:19"},{"nodeID":"1280793","text":"Wendy Chamberlain: They haven't brought anybody in yet","type":"L","timestamp":"2023-11-09 12:28:20"},{"nodeID":"1280794","text":"Analysing","type":"YA","timestamp":"2023-11-09 12:28:20"},{"nodeID":"1280795","text":"Dominika: Wendy Chamberlain: They haven't brought anybody in yet","type":"L","timestamp":"2023-11-09 12:28:20"},{"nodeID":"1280796","text":"Asserting","type":"YA","timestamp":"2023-11-09 12:28:20"},{"nodeID":"1280797","text":"the scheme hasn't started","type":"I","timestamp":"2023-11-09 12:28:20"},{"nodeID":"1280798","text":"Wendy Chamberlain: the scheme hasn't started","type":"L","timestamp":"2023-11-09 12:28:20"},{"nodeID":"1280799","text":"Analysing","type":"YA","timestamp":"2023-11-09 12:28:20"},{"nodeID":"1280800","text":"Dominika: Wendy Chamberlain: the scheme hasn't started","type":"L","timestamp":"2023-11-09 12:28:20"},{"nodeID":"1280801","text":"Asserting","type":"YA","timestamp":"2023-11-09 12:28:20"},{"nodeID":"1280802","text":"people are fleeing for better lives, making those desperate crossings","type":"I","timestamp":"2023-11-09 12:28:21"},{"nodeID":"1280803","text":"Wendy Chamberlain: people are fleeing for better lives, making those desperate crossings","type":"L","timestamp":"2023-11-09 12:28:21"},{"nodeID":"1280804","text":"Analysing","type":"YA","timestamp":"2023-11-09 12:28:21"},{"nodeID":"1280805","text":"Dominika: Wendy Chamberlain: people are fleeing for better lives, making those desperate crossings","type":"L","timestamp":"2023-11-09 12:28:21"},{"nodeID":"1280806","text":"Asserting","type":"YA","timestamp":"2023-11-09 12:28:21"},{"nodeID":"1280807","text":"it has been tragic how the situation with crossings has unfolded in the last few days","type":"I","timestamp":"2023-11-09 12:28:21"},{"nodeID":"1280808","text":"Wendy Chamberlain: It has been tragic how this one has unfolded in the last few days","type":"L","timestamp":"2023-11-09 12:28:21"},{"nodeID":"1280809","text":"Analysing","type":"YA","timestamp":"2023-11-09 12:28:21"},{"nodeID":"1280810","text":"Dominika: Wendy Chamberlain: It has been tragic how this one has unfolded in the last few days","type":"L","timestamp":"2023-11-09 12:28:21"},{"nodeID":"1280811","text":"Asserting","type":"YA","timestamp":"2023-11-09 12:28:21"},{"nodeID":"1280812","text":"we have a long and proud history of being a place of sanctuary","type":"I","timestamp":"2023-11-09 12:28:22"},{"nodeID":"1280813","text":"Wendy Chamberlain: We have a long and proud history of being a place of sanctuary","type":"L","timestamp":"2023-11-09 12:28:22"},{"nodeID":"1280814","text":"Analysing","type":"YA","timestamp":"2023-11-09 12:28:22"},{"nodeID":"1280815","text":"Dominika: Wendy Chamberlain: We have a long and proud history of being a place of sanctuary","type":"L","timestamp":"2023-11-09 12:28:22"},{"nodeID":"1280816","text":"Asserting","type":"YA","timestamp":"2023-11-09 12:28:22"},{"nodeID":"1280817","text":"we need to do our bit","type":"I","timestamp":"2023-11-09 12:28:23"},{"nodeID":"1280818","text":"Wendy Chamberlain: we need to do our bit","type":"L","timestamp":"2023-11-09 12:28:23"},{"nodeID":"1280819","text":"Analysing","type":"YA","timestamp":"2023-11-09 12:28:23"},{"nodeID":"1280820","text":"Dominika: Wendy Chamberlain: we need to do our bit","type":"L","timestamp":"2023-11-09 12:28:23"},{"nodeID":"1280821","text":"Asserting","type":"YA","timestamp":"2023-11-09 12:28:23"},{"nodeID":"1280822","text":"we need to work with the French","type":"I","timestamp":"2023-11-09 12:28:23"},{"nodeID":"1280823","text":"Wendy Chamberlain: We need to work with the French","type":"L","timestamp":"2023-11-09 12:28:23"},{"nodeID":"1280824","text":"Analysing","type":"YA","timestamp":"2023-11-09 12:28:23"},{"nodeID":"1280825","text":"Dominika: Wendy Chamberlain: We need to work with the French","type":"L","timestamp":"2023-11-09 12:28:23"},{"nodeID":"1280826","text":"Asserting","type":"YA","timestamp":"2023-11-09 12:28:23"},{"nodeID":"1280827","text":"we need to work with all our European allies","type":"I","timestamp":"2023-11-09 12:28:24"},{"nodeID":"1280828","text":"Wendy Chamberlain: We need to work with all our European allies","type":"L","timestamp":"2023-11-09 12:28:24"},{"nodeID":"1280829","text":"Analysing","type":"YA","timestamp":"2023-11-09 12:28:24"},{"nodeID":"1280830","text":"Dominika: Wendy Chamberlain: We need to work with all our European allies","type":"L","timestamp":"2023-11-09 12:28:24"},{"nodeID":"1280831","text":"Asserting","type":"YA","timestamp":"2023-11-09 12:28:24"},{"nodeID":"1280832","text":"we want to work with all our European allies","type":"I","timestamp":"2023-11-09 12:28:24"},{"nodeID":"1280833","text":"Wendy Chamberlain: That's what the government says it wants to do","type":"L","timestamp":"2023-11-09 12:28:24"},{"nodeID":"1280834","text":"Analysing","type":"YA","timestamp":"2023-11-09 12:28:24"},{"nodeID":"1280835","text":"Dominika: Wendy Chamberlain: That's what the government says it wants to do","type":"L","timestamp":"2023-11-09 12:28:24"},{"nodeID":"1280836","text":"the Government: we want to work with all our European allies","type":"L","timestamp":"2023-11-09 12:28:24"},{"nodeID":"1280837","text":"Analysing","type":"YA","timestamp":"2023-11-09 12:28:24"},{"nodeID":"1280838","text":"Dominika: the Government: That's what the government says it wants to do","type":"L","timestamp":"2023-11-09 12:28:24"},{"nodeID":"1280839","text":"Asserting","type":"YA","timestamp":"2023-11-09 12:28:24"},{"nodeID":"1280840","text":"Asserting","type":"YA","timestamp":"2023-11-09 12:28:24"},{"nodeID":"1280841","text":"clearly we need to ensure that we prevent these crossings from happening","type":"I","timestamp":"2023-11-09 12:28:25"},{"nodeID":"1280842","text":"Wendy Chamberlain: clearly we need to ensure that we prevent these crossings from happening","type":"L","timestamp":"2023-11-09 12:28:25"},{"nodeID":"1280843","text":"Analysing","type":"YA","timestamp":"2023-11-09 12:28:25"},{"nodeID":"1280844","text":"Dominika: Wendy Chamberlain: clearly we need to ensure that we prevent these crossings from happening","type":"L","timestamp":"2023-11-09 12:28:25"},{"nodeID":"1280845","text":"Asserting","type":"YA","timestamp":"2023-11-09 12:28:25"},{"nodeID":"1280846","text":"we preventing crossings from happening by allowing those who need to claim asylum a safe passage in which to do so","type":"I","timestamp":"2023-11-09 12:28:25"},{"nodeID":"1280847","text":"Wendy Chamberlain: we do that by allowing those who need to claim asylum a safe passage in which to do so","type":"L","timestamp":"2023-11-09 12:28:25"},{"nodeID":"1280848","text":"Analysing","type":"YA","timestamp":"2023-11-09 12:28:25"},{"nodeID":"1280849","text":"Dominika: Wendy Chamberlain: we do that by allowing those who need to claim asylum a safe passage in which to do so","type":"L","timestamp":"2023-11-09 12:28:25"},{"nodeID":"1280850","text":"Asserting","type":"YA","timestamp":"2023-11-09 12:28:25"},{"nodeID":"1280851","text":"Default Transition","type":"TA","timestamp":"2023-11-09 12:28:25"},{"nodeID":"1280852","text":"Default Transition","type":"TA","timestamp":"2023-11-09 12:28:25"},{"nodeID":"1280853","text":"Default Transition","type":"TA","timestamp":"2023-11-09 12:28:25"},{"nodeID":"1280854","text":"Default Rephrase","type":"MA","timestamp":"2023-11-09 12:28:25"},{"nodeID":"1280855","text":"Restating","type":"YA","timestamp":"2023-11-09 12:28:25"},{"nodeID":"1280856","text":"Default Transition","type":"TA","timestamp":"2023-11-09 12:28:25"},{"nodeID":"1280857","text":"Default Inference","type":"RA","timestamp":"2023-11-09 12:28:25"},{"nodeID":"1280858","text":"Arguing","type":"YA","timestamp":"2023-11-09 12:28:25"},{"nodeID":"1280859","text":"Default Transition","type":"TA","timestamp":"2023-11-09 12:28:25"},{"nodeID":"1280860","text":"Default Transition","type":"TA","timestamp":"2023-11-09 12:28:25"},{"nodeID":"1280861","text":"Default Transition","type":"TA","timestamp":"2023-11-09 12:28:25"},{"nodeID":"1280862","text":"Default Inference","type":"RA","timestamp":"2023-11-09 12:28:25"},{"nodeID":"1280863","text":"Arguing","type":"YA","timestamp":"2023-11-09 12:28:25"},{"nodeID":"1280864","text":"Default Transition","type":"TA","timestamp":"2023-11-09 12:28:25"},{"nodeID":"1280865","text":"Default Rephrase","type":"MA","timestamp":"2023-11-09 12:28:25"},{"nodeID":"1280866","text":"Default Transition","type":"TA","timestamp":"2023-11-09 12:28:25"},{"nodeID":"1280867","text":"Default Rephrase","type":"MA","timestamp":"2023-11-09 12:28:25"},{"nodeID":"1280868","text":"Restating","type":"YA","timestamp":"2023-11-09 12:28:25"},{"nodeID":"1280869","text":"Restating","type":"YA","timestamp":"2023-11-09 12:28:25"},{"nodeID":"1280870","text":"Default Transition","type":"TA","timestamp":"2023-11-09 12:28:25"},{"nodeID":"1280871","text":"Default Transition","type":"TA","timestamp":"2023-11-09 12:28:25"},{"nodeID":"1280872","text":"Default Inference","type":"RA","timestamp":"2023-11-09 12:28:25"},{"nodeID":"1280873","text":"Default Transition","type":"TA","timestamp":"2023-11-09 12:28:25"},{"nodeID":"1280874","text":"Arguing","type":"YA","timestamp":"2023-11-09 12:28:25"},{"nodeID":"1280875","text":"Default Transition","type":"TA","timestamp":"2023-11-09 12:28:25"},{"nodeID":"1280876","text":"Fiona Bruce: is it time UK and France put their political spats aside to prevent deaths","type":"L","timestamp":"2023-11-09 12:28:26"},{"nodeID":"1280877","text":"Analysing","type":"YA","timestamp":"2023-11-09 12:28:26"},{"nodeID":"1280878","text":"Dominika: Fiona Bruce: is it time UK and France put their political spats aside to prevent deaths","type":"L","timestamp":"2023-11-09 12:28:26"},{"nodeID":"1280879","text":"Asserting","type":"YA","timestamp":"2023-11-09 12:28:26"},{"nodeID":"1280880","text":"Default Transition","type":"TA","timestamp":"2023-11-09 12:28:26"},{"nodeID":"1280881","text":"the situation with crossings is a sad one","type":"I","timestamp":"2023-11-09 12:28:26"},{"nodeID":"1280882","text":"Theo Paphitis: it is a sad situation","type":"L","timestamp":"2023-11-09 12:28:26"},{"nodeID":"1280883","text":"Analysing","type":"YA","timestamp":"2023-11-09 12:28:26"},{"nodeID":"1280884","text":"Dominika: Theo Paphitis: it is a sad situation","type":"L","timestamp":"2023-11-09 12:28:26"},{"nodeID":"1280885","text":"Asserting","type":"YA","timestamp":"2023-11-09 12:28:26"},{"nodeID":"1280886","text":"the situation with crossings is now politicised","type":"I","timestamp":"2023-11-09 12:28:27"},{"nodeID":"1280887","text":"Theo Paphitis: it is now politicised","type":"L","timestamp":"2023-11-09 12:28:27"},{"nodeID":"1280888","text":"Analysing","type":"YA","timestamp":"2023-11-09 12:28:27"},{"nodeID":"1280889","text":"Dominika: Theo Paphitis: it is now politicised","type":"L","timestamp":"2023-11-09 12:28:27"},{"nodeID":"1280890","text":"Asserting","type":"YA","timestamp":"2023-11-09 12:28:27"},{"nodeID":"1280891","text":"we are now talking about men, children, women, bodies floating in the channel, in this day and age","type":"I","timestamp":"2023-11-09 12:28:28"},{"nodeID":"1280892","text":"Theo Paphitis: We are now talking about men, children, women, bodies floating in the channel, in this day and age","type":"L","timestamp":"2023-11-09 12:28:28"},{"nodeID":"1280893","text":"Analysing","type":"YA","timestamp":"2023-11-09 12:28:28"},{"nodeID":"1280894","text":"Dominika: Theo Paphitis: We are now talking about men, children, women, bodies floating in the channel, in this day and age","type":"L","timestamp":"2023-11-09 12:28:28"},{"nodeID":"1280895","text":"Asserting","type":"YA","timestamp":"2023-11-09 12:28:28"},{"nodeID":"1280896","text":"we're politicising by sending letters to world leaders that they tweet","type":"I","timestamp":"2023-11-09 12:28:28"},{"nodeID":"1280897","text":"Theo Paphitis: We're politicising by sending letters to world leaders that they tweet","type":"L","timestamp":"2023-11-09 12:28:28"},{"nodeID":"1280898","text":"Analysing","type":"YA","timestamp":"2023-11-09 12:28:28"},{"nodeID":"1280899","text":"Dominika: Theo Paphitis: We're politicising by sending letters to world leaders that they tweet","type":"L","timestamp":"2023-11-09 12:28:28"},{"nodeID":"1280900","text":"Asserting","type":"YA","timestamp":"2023-11-09 12:28:28"},{"nodeID":"1280901","text":"they got offended about sending letters to world leaders that they tweet","type":"I","timestamp":"2023-11-09 12:28:29"},{"nodeID":"1280902","text":"Theo Paphitis: That's what they got offended about","type":"L","timestamp":"2023-11-09 12:28:29"},{"nodeID":"1280903","text":"Analysing","type":"YA","timestamp":"2023-11-09 12:28:29"},{"nodeID":"1280904","text":"Dominika: Theo Paphitis: That's what they got offended about","type":"L","timestamp":"2023-11-09 12:28:29"},{"nodeID":"1280905","text":"Asserting","type":"YA","timestamp":"2023-11-09 12:28:29"},{"nodeID":"1280906","text":"Default Transition","type":"TA","timestamp":"2023-11-09 12:28:29"},{"nodeID":"1280907","text":"Default Transition","type":"TA","timestamp":"2023-11-09 12:28:29"},{"nodeID":"1280908","text":"Default Inference","type":"RA","timestamp":"2023-11-09 12:28:29"},{"nodeID":"1280909","text":"Arguing","type":"YA","timestamp":"2023-11-09 12:28:29"},{"nodeID":"1280910","text":"Default Transition","type":"TA","timestamp":"2023-11-09 12:28:29"},{"nodeID":"1280911","text":"Default Transition","type":"TA","timestamp":"2023-11-09 12:28:29"},{"nodeID":"1280912","text":"Default Inference","type":"RA","timestamp":"2023-11-09 12:28:29"},{"nodeID":"1280913","text":"Default Transition","type":"TA","timestamp":"2023-11-09 12:28:29"},{"nodeID":"1280914","text":"Arguing","type":"YA","timestamp":"2023-11-09 12:28:29"},{"nodeID":"1280915","text":"Default Transition","type":"TA","timestamp":"2023-11-09 12:28:29"},{"nodeID":"1280916","text":"Default Conflict","type":"CA","timestamp":"2023-11-09 12:28:29"},{"nodeID":"1280917","text":"Disagreeing","type":"YA","timestamp":"2023-11-09 12:28:29"},{"nodeID":"1280918","text":"Default Inference","type":"RA","timestamp":"2023-11-09 12:28:29"},{"nodeID":"1280919","text":"Default Transition","type":"TA","timestamp":"2023-11-09 12:28:29"},{"nodeID":"1280920","text":"Arguing","type":"YA","timestamp":"2023-11-09 12:28:29"}],"edges":[{"edgeID":"1685372","fromID":"1280785","toID":"1280784","formEdgeID":null},{"edgeID":"1685373","fromID":"1280786","toID":"1280785","formEdgeID":null},{"edgeID":"1685374","fromID":"1280784","toID":"1280787","formEdgeID":null},{"edgeID":"1685375","fromID":"1280787","toID":"1280783","formEdgeID":null},{"edgeID":"1685376","fromID":"1280790","toID":"1280789","formEdgeID":null},{"edgeID":"1685377","fromID":"1280791","toID":"1280790","formEdgeID":null},{"edgeID":"1685378","fromID":"1280789","toID":"1280792","formEdgeID":null},{"edgeID":"1685379","fromID":"1280792","toID":"1280788","formEdgeID":null},{"edgeID":"1685380","fromID":"1280794","toID":"1280793","formEdgeID":null},{"edgeID":"1685381","fromID":"1280795","toID":"1280794","formEdgeID":null},{"edgeID":"1685382","fromID":"1280793","toID":"1280796","formEdgeID":null},{"edgeID":"1685383","fromID":"1280796","toID":"783862","formEdgeID":null},{"edgeID":"1685384","fromID":"1280799","toID":"1280798","formEdgeID":null},{"edgeID":"1685385","fromID":"1280800","toID":"1280799","formEdgeID":null},{"edgeID":"1685386","fromID":"1280798","toID":"1280801","formEdgeID":null},{"edgeID":"1685387","fromID":"1280801","toID":"1280797","formEdgeID":null},{"edgeID":"1685388","fromID":"1280804","toID":"1280803","formEdgeID":null},{"edgeID":"1685389","fromID":"1280805","toID":"1280804","formEdgeID":null},{"edgeID":"1685390","fromID":"1280803","toID":"1280806","formEdgeID":null},{"edgeID":"1685391","fromID":"1280806","toID":"1280802","formEdgeID":null},{"edgeID":"1685392","fromID":"1280809","toID":"1280808","formEdgeID":null},{"edgeID":"1685393","fromID":"1280810","toID":"1280809","formEdgeID":null},{"edgeID":"1685394","fromID":"1280808","toID":"1280811","formEdgeID":null},{"edgeID":"1685395","fromID":"1280811","toID":"1280807","formEdgeID":null},{"edgeID":"1685396","fromID":"1280814","toID":"1280813","formEdgeID":null},{"edgeID":"1685397","fromID":"1280815","toID":"1280814","formEdgeID":null},{"edgeID":"1685398","fromID":"1280813","toID":"1280816","formEdgeID":null},{"edgeID":"1685399","fromID":"1280816","toID":"1280812","formEdgeID":null},{"edgeID":"1685400","fromID":"1280819","toID":"1280818","formEdgeID":null},{"edgeID":"1685401","fromID":"1280820","toID":"1280819","formEdgeID":null},{"edgeID":"1685402","fromID":"1280818","toID":"1280821","formEdgeID":null},{"edgeID":"1685403","fromID":"1280821","toID":"1280817","formEdgeID":null},{"edgeID":"1685404","fromID":"1280824","toID":"1280823","formEdgeID":null},{"edgeID":"1685405","fromID":"1280825","toID":"1280824","formEdgeID":null},{"edgeID":"1685406","fromID":"1280823","toID":"1280826","formEdgeID":null},{"edgeID":"1685407","fromID":"1280826","toID":"1280822","formEdgeID":null},{"edgeID":"1685408","fromID":"1280829","toID":"1280828","formEdgeID":null},{"edgeID":"1685409","fromID":"1280830","toID":"1280829","formEdgeID":null},{"edgeID":"1685410","fromID":"1280828","toID":"1280831","formEdgeID":null},{"edgeID":"1685411","fromID":"1280831","toID":"1280827","formEdgeID":null},{"edgeID":"1685412","fromID":"1280834","toID":"1280833","formEdgeID":null},{"edgeID":"1685413","fromID":"1280835","toID":"1280834","formEdgeID":null},{"edgeID":"1685414","fromID":"1280837","toID":"1280836","formEdgeID":null},{"edgeID":"1685415","fromID":"1280838","toID":"1280837","formEdgeID":null},{"edgeID":"1685416","fromID":"1280836","toID":"1280839","formEdgeID":null},{"edgeID":"1685417","fromID":"1280839","toID":"1280832","formEdgeID":null},{"edgeID":"1685418","fromID":"1280833","toID":"1280840","formEdgeID":null},{"edgeID":"1685419","fromID":"1280840","toID":"1280836","formEdgeID":null},{"edgeID":"1685420","fromID":"1280843","toID":"1280842","formEdgeID":null},{"edgeID":"1685421","fromID":"1280844","toID":"1280843","formEdgeID":null},{"edgeID":"1685422","fromID":"1280842","toID":"1280845","formEdgeID":null},{"edgeID":"1685423","fromID":"1280845","toID":"1280841","formEdgeID":null},{"edgeID":"1685424","fromID":"1280848","toID":"1280847","formEdgeID":null},{"edgeID":"1685425","fromID":"1280849","toID":"1280848","formEdgeID":null},{"edgeID":"1685426","fromID":"1280847","toID":"1280850","formEdgeID":null},{"edgeID":"1685427","fromID":"1280850","toID":"1280846","formEdgeID":null},{"edgeID":"1685428","fromID":"1280784","toID":"1280851","formEdgeID":null},{"edgeID":"1685429","fromID":"1280851","toID":"1280789","formEdgeID":null},{"edgeID":"1685430","fromID":"1280789","toID":"1280852","formEdgeID":null},{"edgeID":"1685431","fromID":"1280852","toID":"1280793","formEdgeID":null},{"edgeID":"1685432","fromID":"1280793","toID":"1280853","formEdgeID":null},{"edgeID":"1685433","fromID":"1280853","toID":"1280798","formEdgeID":null},{"edgeID":"1685434","fromID":"1280797","toID":"1280854","formEdgeID":null},{"edgeID":"1685435","fromID":"1280854","toID":"783862","formEdgeID":null},{"edgeID":"1685436","fromID":"1280853","toID":"1280855","formEdgeID":null},{"edgeID":"1685437","fromID":"1280855","toID":"1280854","formEdgeID":null},{"edgeID":"1685438","fromID":"1280798","toID":"1280856","formEdgeID":null},{"edgeID":"1685439","fromID":"1280856","toID":"1280803","formEdgeID":null},{"edgeID":"1685440","fromID":"1280797","toID":"1280857","formEdgeID":null},{"edgeID":"1685441","fromID":"1280857","toID":"1280802","formEdgeID":null},{"edgeID":"1685442","fromID":"1280856","toID":"1280858","formEdgeID":null},{"edgeID":"1685443","fromID":"1280858","toID":"1280857","formEdgeID":null},{"edgeID":"1685444","fromID":"1280803","toID":"1280859","formEdgeID":null},{"edgeID":"1685445","fromID":"1280859","toID":"1280808","formEdgeID":null},{"edgeID":"1685446","fromID":"1280808","toID":"1280860","formEdgeID":null},{"edgeID":"1685447","fromID":"1280860","toID":"1280813","formEdgeID":null},{"edgeID":"1685448","fromID":"1280813","toID":"1280861","formEdgeID":null},{"edgeID":"1685449","fromID":"1280861","toID":"1280818","formEdgeID":null},{"edgeID":"1685450","fromID":"1280812","toID":"1280862","formEdgeID":null},{"edgeID":"1685451","fromID":"1280862","toID":"1280817","formEdgeID":null},{"edgeID":"1685452","fromID":"1280861","toID":"1280863","formEdgeID":null},{"edgeID":"1685453","fromID":"1280863","toID":"1280862","formEdgeID":null},{"edgeID":"1685454","fromID":"1280818","toID":"1280864","formEdgeID":null},{"edgeID":"1685455","fromID":"1280864","toID":"1280823","formEdgeID":null},{"edgeID":"1685456","fromID":"1280822","toID":"1280865","formEdgeID":null},{"edgeID":"1685457","fromID":"1280865","toID":"1280817","formEdgeID":null},{"edgeID":"1685458","fromID":"1280823","toID":"1280866","formEdgeID":null},{"edgeID":"1685459","fromID":"1280866","toID":"1280828","formEdgeID":null},{"edgeID":"1685460","fromID":"1280827","toID":"1280867","formEdgeID":null},{"edgeID":"1685461","fromID":"1280867","toID":"1280822","formEdgeID":null},{"edgeID":"1685462","fromID":"1280864","toID":"1280868","formEdgeID":null},{"edgeID":"1685463","fromID":"1280868","toID":"1280865","formEdgeID":null},{"edgeID":"1685464","fromID":"1280866","toID":"1280869","formEdgeID":null},{"edgeID":"1685465","fromID":"1280869","toID":"1280867","formEdgeID":null},{"edgeID":"1685466","fromID":"1280828","toID":"1280870","formEdgeID":null},{"edgeID":"1685467","fromID":"1280870","toID":"1280833","formEdgeID":null},{"edgeID":"1685468","fromID":"1280833","toID":"1280871","formEdgeID":null},{"edgeID":"1685469","fromID":"1280871","toID":"1280842","formEdgeID":null},{"edgeID":"1685470","fromID":"1280807","toID":"1280872","formEdgeID":null},{"edgeID":"1685471","fromID":"1280872","toID":"1280841","formEdgeID":null},{"edgeID":"1685472","fromID":"1280808","toID":"1280873","formEdgeID":null},{"edgeID":"1685473","fromID":"1280873","toID":"1280842","formEdgeID":null},{"edgeID":"1685474","fromID":"1280873","toID":"1280874","formEdgeID":null},{"edgeID":"1685475","fromID":"1280874","toID":"1280872","formEdgeID":null},{"edgeID":"1685476","fromID":"1280842","toID":"1280875","formEdgeID":null},{"edgeID":"1685477","fromID":"1280875","toID":"1280847","formEdgeID":null},{"edgeID":"1685478","fromID":"1280877","toID":"1280876","formEdgeID":null},{"edgeID":"1685479","fromID":"1280878","toID":"1280877","formEdgeID":null},{"edgeID":"1685480","fromID":"1280876","toID":"1280879","formEdgeID":null},{"edgeID":"1685481","fromID":"1280879","toID":"783872","formEdgeID":null},{"edgeID":"1685482","fromID":"1280847","toID":"1280880","formEdgeID":null},{"edgeID":"1685483","fromID":"1280880","toID":"1280876","formEdgeID":null},{"edgeID":"1685484","fromID":"1280883","toID":"1280882","formEdgeID":null},{"edgeID":"1685485","fromID":"1280884","toID":"1280883","formEdgeID":null},{"edgeID":"1685486","fromID":"1280882","toID":"1280885","formEdgeID":null},{"edgeID":"1685487","fromID":"1280885","toID":"1280881","formEdgeID":null},{"edgeID":"1685488","fromID":"1280888","toID":"1280887","formEdgeID":null},{"edgeID":"1685489","fromID":"1280889","toID":"1280888","formEdgeID":null},{"edgeID":"1685490","fromID":"1280887","toID":"1280890","formEdgeID":null},{"edgeID":"1685491","fromID":"1280890","toID":"1280886","formEdgeID":null},{"edgeID":"1685492","fromID":"1280893","toID":"1280892","formEdgeID":null},{"edgeID":"1685493","fromID":"1280894","toID":"1280893","formEdgeID":null},{"edgeID":"1685494","fromID":"1280892","toID":"1280895","formEdgeID":null},{"edgeID":"1685495","fromID":"1280895","toID":"1280891","formEdgeID":null},{"edgeID":"1685496","fromID":"1280898","toID":"1280897","formEdgeID":null},{"edgeID":"1685497","fromID":"1280899","toID":"1280898","formEdgeID":null},{"edgeID":"1685498","fromID":"1280897","toID":"1280900","formEdgeID":null},{"edgeID":"1685499","fromID":"1280900","toID":"1280896","formEdgeID":null},{"edgeID":"1685500","fromID":"1280903","toID":"1280902","formEdgeID":null},{"edgeID":"1685501","fromID":"1280904","toID":"1280903","formEdgeID":null},{"edgeID":"1685502","fromID":"1280902","toID":"1280905","formEdgeID":null},{"edgeID":"1685503","fromID":"1280905","toID":"1280901","formEdgeID":null},{"edgeID":"1685504","fromID":"1280876","toID":"1280906","formEdgeID":null},{"edgeID":"1685505","fromID":"1280906","toID":"1280882","formEdgeID":null},{"edgeID":"1685506","fromID":"1280882","toID":"1280907","formEdgeID":null},{"edgeID":"1685507","fromID":"1280907","toID":"1280887","formEdgeID":null},{"edgeID":"1685508","fromID":"1280886","toID":"1280908","formEdgeID":null},{"edgeID":"1685509","fromID":"1280908","toID":"1280881","formEdgeID":null},{"edgeID":"1685510","fromID":"1280907","toID":"1280909","formEdgeID":null},{"edgeID":"1685511","fromID":"1280909","toID":"1280908","formEdgeID":null},{"edgeID":"1685512","fromID":"1280887","toID":"1280910","formEdgeID":null},{"edgeID":"1685513","fromID":"1280910","toID":"1280892","formEdgeID":null},{"edgeID":"1685514","fromID":"1280892","toID":"1280911","formEdgeID":null},{"edgeID":"1685515","fromID":"1280911","toID":"1280897","formEdgeID":null},{"edgeID":"1685516","fromID":"1280896","toID":"1280912","formEdgeID":null},{"edgeID":"1685517","fromID":"1280912","toID":"1280886","formEdgeID":null},{"edgeID":"1685518","fromID":"1280887","toID":"1280913","formEdgeID":null},{"edgeID":"1685519","fromID":"1280913","toID":"1280897","formEdgeID":null},{"edgeID":"1685520","fromID":"1280913","toID":"1280914","formEdgeID":null},{"edgeID":"1685521","fromID":"1280914","toID":"1280912","formEdgeID":null},{"edgeID":"1685522","fromID":"1280897","toID":"1280915","formEdgeID":null},{"edgeID":"1685523","fromID":"1280915","toID":"1280902","formEdgeID":null},{"edgeID":"1685524","fromID":"783862","toID":"1280916","formEdgeID":null},{"edgeID":"1685525","fromID":"1280916","toID":"1280788","formEdgeID":null},{"edgeID":"1685526","fromID":"1280852","toID":"1280917","formEdgeID":null},{"edgeID":"1685527","fromID":"1280917","toID":"1280916","formEdgeID":null},{"edgeID":"1685528","fromID":"1280891","toID":"1280918","formEdgeID":null},{"edgeID":"1685529","fromID":"1280918","toID":"1280881","formEdgeID":null},{"edgeID":"1685530","fromID":"1280876","toID":"1280919","formEdgeID":null},{"edgeID":"1685531","fromID":"1280919","toID":"1280892","formEdgeID":null},{"edgeID":"1685532","fromID":"1280919","toID":"1280920","formEdgeID":null},{"edgeID":"1685533","fromID":"1280920","toID":"1280918","formEdgeID":null}],"locutions":[]}