{"nodes":[{"nodeID":"783925","text":"we do need strong opposition to keep Boris Johnson and team honest","type":"I","timestamp":"2021-12-09 20:52:51"},{"nodeID":"1283618","text":"at the moment Boris and team have been running around like a partridge looking for a pear tree to sit down in","type":"I","timestamp":"2023-11-09 12:32:13"},{"nodeID":"1283619","text":"Theo Paphitis: At the moment Boris and team have been running around like a partridge looking for a pear tree to sit down in","type":"L","timestamp":"2023-11-09 12:32:13"},{"nodeID":"1283620","text":"Analysing","type":"YA","timestamp":"2023-11-09 12:32:13"},{"nodeID":"1283621","text":"Zlata: Theo Paphitis: At the moment Boris and team have been running around like a partridge looking for a pear tree to sit down in","type":"L","timestamp":"2023-11-09 12:32:13"},{"nodeID":"1283622","text":"Asserting","type":"YA","timestamp":"2023-11-09 12:32:13"},{"nodeID":"1283623","text":"Boris Johnson and team have had no opposition","type":"I","timestamp":"2023-11-09 12:32:13"},{"nodeID":"1283624","text":"Theo Paphitis: They have had no opposition","type":"L","timestamp":"2023-11-09 12:32:13"},{"nodeID":"1283625","text":"Analysing","type":"YA","timestamp":"2023-11-09 12:32:13"},{"nodeID":"1283626","text":"Zlata: Theo Paphitis: They have had no opposition","type":"L","timestamp":"2023-11-09 12:32:13"},{"nodeID":"1283627","text":"Asserting","type":"YA","timestamp":"2023-11-09 12:32:13"},{"nodeID":"1283628","text":"Default Transition","type":"TA","timestamp":"2023-11-09 12:32:13"},{"nodeID":"1283629","text":"Default Inference","type":"RA","timestamp":"2023-11-09 12:32:13"},{"nodeID":"1283630","text":"Arguing","type":"YA","timestamp":"2023-11-09 12:32:13"},{"nodeID":"1283631","text":"Boris Johnson has acted like an emperor","type":"I","timestamp":"2023-11-09 12:32:14"},{"nodeID":"1283632","text":"Theo Paphitis:  he has acted like an emperor","type":"L","timestamp":"2023-11-09 12:32:14"},{"nodeID":"1283633","text":"Analysing","type":"YA","timestamp":"2023-11-09 12:32:14"},{"nodeID":"1283634","text":"Zlata: Theo Paphitis:  he has acted like an emperor","type":"L","timestamp":"2023-11-09 12:32:14"},{"nodeID":"1283635","text":"Asserting","type":"YA","timestamp":"2023-11-09 12:32:14"},{"nodeID":"1283636","text":"Theo Paphitis lives in the real world","type":"I","timestamp":"2023-11-09 12:32:14"},{"nodeID":"1283637","text":"Theo Paphitis: I live in the real world","type":"L","timestamp":"2023-11-09 12:32:14"},{"nodeID":"1283638","text":"Analysing","type":"YA","timestamp":"2023-11-09 12:32:14"},{"nodeID":"1283639","text":"Zlata: Theo Paphitis: I live in the real world","type":"L","timestamp":"2023-11-09 12:32:14"},{"nodeID":"1283640","text":"Asserting","type":"YA","timestamp":"2023-11-09 12:32:14"},{"nodeID":"1283641","text":"Default Transition","type":"TA","timestamp":"2023-11-09 12:32:14"},{"nodeID":"1283642","text":"this government has to pull itself together now","type":"I","timestamp":"2023-11-09 12:32:15"},{"nodeID":"1283643","text":"Theo Paphitis: this government has to pull itself together now","type":"L","timestamp":"2023-11-09 12:32:15"},{"nodeID":"1283644","text":"Analysing","type":"YA","timestamp":"2023-11-09 12:32:15"},{"nodeID":"1283645","text":"Zlata: Theo Paphitis: this government has to pull itself together now","type":"L","timestamp":"2023-11-09 12:32:15"},{"nodeID":"1283646","text":"Asserting","type":"YA","timestamp":"2023-11-09 12:32:15"},{"nodeID":"1283647","text":"Default Transition","type":"TA","timestamp":"2023-11-09 12:32:15"},{"nodeID":"1283648","text":"Default Inference","type":"RA","timestamp":"2023-11-09 12:32:15"},{"nodeID":"1283649","text":"Arguing","type":"YA","timestamp":"2023-11-09 12:32:15"},{"nodeID":"1283650","text":"Default Inference","type":"RA","timestamp":"2023-11-09 12:32:15"},{"nodeID":"1283651","text":"Default Transition","type":"TA","timestamp":"2023-11-09 12:32:15"},{"nodeID":"1283652","text":"Arguing","type":"YA","timestamp":"2023-11-09 12:32:15"},{"nodeID":"1283653","text":"the government has lost touch with reality","type":"I","timestamp":"2023-11-09 12:32:16"},{"nodeID":"1283654","text":"Theo Paphitis: Lost touch with reality","type":"L","timestamp":"2023-11-09 12:32:16"},{"nodeID":"1283655","text":"Analysing","type":"YA","timestamp":"2023-11-09 12:32:16"},{"nodeID":"1283656","text":"Zlata: Theo Paphitis: Lost touch with reality","type":"L","timestamp":"2023-11-09 12:32:16"},{"nodeID":"1283657","text":"Asserting","type":"YA","timestamp":"2023-11-09 12:32:16"},{"nodeID":"1283658","text":"spin has taken over","type":"I","timestamp":"2023-11-09 12:32:16"},{"nodeID":"1283659","text":"Theo Paphitis: Spin has taken over","type":"L","timestamp":"2023-11-09 12:32:16"},{"nodeID":"1283660","text":"Analysing","type":"YA","timestamp":"2023-11-09 12:32:16"},{"nodeID":"1283661","text":"Zlata: Theo Paphitis: Spin has taken over","type":"L","timestamp":"2023-11-09 12:32:16"},{"nodeID":"1283662","text":"Asserting","type":"YA","timestamp":"2023-11-09 12:32:16"},{"nodeID":"1283663","text":"Default Transition","type":"TA","timestamp":"2023-11-09 12:32:16"},{"nodeID":"1283664","text":"Theo Paphitis:  we do need strong opposition to keep them honest","type":"L","timestamp":"2023-11-09 12:32:17"},{"nodeID":"1283665","text":"Analysing","type":"YA","timestamp":"2023-11-09 12:32:17"},{"nodeID":"1283666","text":"Zlata: Theo Paphitis:  we do need strong opposition to keep them honest","type":"L","timestamp":"2023-11-09 12:32:17"},{"nodeID":"1283667","text":"Asserting","type":"YA","timestamp":"2023-11-09 12:32:17"},{"nodeID":"1283668","text":"Default Transition","type":"TA","timestamp":"2023-11-09 12:32:17"},{"nodeID":"1283669","text":"Default Rephrase","type":"MA","timestamp":"2023-11-09 12:32:17"},{"nodeID":"1283670","text":"Restating","type":"YA","timestamp":"2023-11-09 12:32:17"},{"nodeID":"1283671","text":"Default Transition","type":"TA","timestamp":"2023-11-09 12:32:17"},{"nodeID":"1283672","text":"Default Inference","type":"RA","timestamp":"2023-11-09 12:32:17"},{"nodeID":"1283673","text":"Arguing","type":"YA","timestamp":"2023-11-09 12:32:17"},{"nodeID":"1283674","text":"Default Inference","type":"RA","timestamp":"2023-11-09 12:32:17"},{"nodeID":"1283675","text":"Default Transition","type":"TA","timestamp":"2023-11-09 12:32:17"},{"nodeID":"1283676","text":"Arguing","type":"YA","timestamp":"2023-11-09 12:32:17"},{"nodeID":"1283677","text":"Labour party now looks or does't look like a credible opposition","type":"I","timestamp":"2023-11-09 12:32:17"},{"nodeID":"1283678","text":"Fiona Bruce:  they now look like a credible opposition","type":"L","timestamp":"2023-11-09 12:32:17"},{"nodeID":"1283679","text":"Analysing","type":"YA","timestamp":"2023-11-09 12:32:17"},{"nodeID":"1283680","text":"Zlata: Fiona Bruce:  they now look like a credible opposition","type":"L","timestamp":"2023-11-09 12:32:17"},{"nodeID":"1283681","text":"Pure Questioning","type":"YA","timestamp":"2023-11-09 12:32:17"},{"nodeID":"1283682","text":"Default Transition","type":"TA","timestamp":"2023-11-09 12:32:17"},{"nodeID":"1283683","text":"Labour party is beginning to look like a credible opposition","type":"I","timestamp":"2023-11-09 12:32:18"},{"nodeID":"1283684","text":"Theo Paphitis: It is beginning to","type":"L","timestamp":"2023-11-09 12:32:18"},{"nodeID":"1283685","text":"Analysing","type":"YA","timestamp":"2023-11-09 12:32:18"},{"nodeID":"1283686","text":"Zlata: Theo Paphitis: It is beginning to","type":"L","timestamp":"2023-11-09 12:32:18"},{"nodeID":"1283687","text":"Asserting","type":"YA","timestamp":"2023-11-09 12:32:18"},{"nodeID":"1283688","text":"Default Transition","type":"TA","timestamp":"2023-11-09 12:32:18"},{"nodeID":"1283689","text":"Default Rephrase","type":"MA","timestamp":"2023-11-09 12:32:18"},{"nodeID":"1283690","text":"Default Illocuting","type":"YA","timestamp":"2023-11-09 12:32:18"},{"nodeID":"1283691","text":"Yvette Cooper coming back is a big positive to the Labour Party","type":"I","timestamp":"2023-11-09 12:32:18"},{"nodeID":"1283692","text":"Theo Paphitis: Yvette coming back is a big positive to the Labour Party","type":"L","timestamp":"2023-11-09 12:32:18"},{"nodeID":"1283693","text":"Analysing","type":"YA","timestamp":"2023-11-09 12:32:18"},{"nodeID":"1283694","text":"Zlata: Theo Paphitis: Yvette coming back is a big positive to the Labour Party","type":"L","timestamp":"2023-11-09 12:32:18"},{"nodeID":"1283695","text":"Asserting","type":"YA","timestamp":"2023-11-09 12:32:18"},{"nodeID":"1283696","text":"Default Transition","type":"TA","timestamp":"2023-11-09 12:32:18"},{"nodeID":"1283697","text":"Default Inference","type":"RA","timestamp":"2023-11-09 12:32:18"},{"nodeID":"1283698","text":"Arguing","type":"YA","timestamp":"2023-11-09 12:32:18"},{"nodeID":"1283699","text":"the more centralist Labour members come into the cabinet, the shadow cabinet,the stronger Labour party is","type":"I","timestamp":"2023-11-09 12:32:19"},{"nodeID":"1283700","text":"Theo Paphitis: As you say, the more centralist Labour members that come into the cabinet, the shadow cabinet, it will make them stronger","type":"L","timestamp":"2023-11-09 12:32:19"},{"nodeID":"1283701","text":"Analysing","type":"YA","timestamp":"2023-11-09 12:32:19"},{"nodeID":"1283702","text":"Zlata: Theo Paphitis: As you say, the more centralist Labour members that come into the cabinet, the shadow cabinet, it will make them stronger","type":"L","timestamp":"2023-11-09 12:32:19"},{"nodeID":"1283703","text":"Unknown Speaker: the more centralist Labour members that come into the cabinet, the shadow cabinet, it will make them stronger","type":"L","timestamp":"2023-11-09 12:32:19"},{"nodeID":"1283704","text":"Analysing","type":"YA","timestamp":"2023-11-09 12:32:19"},{"nodeID":"1283705","text":"Zlata: Unknown Speaker: As you say, the more centralist Labour members that come into the cabinet, the shadow cabinet, it will make them stronger","type":"L","timestamp":"2023-11-09 12:32:19"},{"nodeID":"1283706","text":"Default Transition","type":"TA","timestamp":"2023-11-09 12:32:19"},{"nodeID":"1283707","text":"Asserting","type":"YA","timestamp":"2023-11-09 12:32:19"},{"nodeID":"1283708","text":"Asserting","type":"YA","timestamp":"2023-11-09 12:32:19"},{"nodeID":"1283709","text":"Default Inference","type":"RA","timestamp":"2023-11-09 12:32:19"},{"nodeID":"1283710","text":"Arguing","type":"YA","timestamp":"2023-11-09 12:32:19"},{"nodeID":"1283711","text":"one day the Labour party might have a chance of being electable again after the last debacle","type":"I","timestamp":"2023-11-09 12:32:19"},{"nodeID":"1283712","text":"Theo Paphitis: One day they might have a chance of being electable again after the last debacle","type":"L","timestamp":"2023-11-09 12:32:19"},{"nodeID":"1283713","text":"Analysing","type":"YA","timestamp":"2023-11-09 12:32:19"},{"nodeID":"1283714","text":"Zlata: Theo Paphitis: One day they might have a chance of being electable again after the last debacle","type":"L","timestamp":"2023-11-09 12:32:19"},{"nodeID":"1283715","text":"Asserting","type":"YA","timestamp":"2023-11-09 12:32:19"},{"nodeID":"1283716","text":"Default Transition","type":"TA","timestamp":"2023-11-09 12:32:19"},{"nodeID":"1283717","text":"those in government and the civil service would serve better by having more of a science background or STEM background or a university education","type":"I","timestamp":"2023-11-09 12:32:20"},{"nodeID":"1283718","text":"Peter Openshaw: whether those in government, those in the civil service would be better served by having more of a science background, more of a STEM background, more of a university education","type":"L","timestamp":"2023-11-09 12:32:20"},{"nodeID":"1283719","text":"Analysing","type":"YA","timestamp":"2023-11-09 12:32:20"},{"nodeID":"1283720","text":"Zlata: Peter Openshaw: whether those in government, those in the civil service would be better served by having more of a science background, more of a STEM background, more of a university education","type":"L","timestamp":"2023-11-09 12:32:20"},{"nodeID":"1283721","text":"Rhetorical Questioning","type":"YA","timestamp":"2023-11-09 12:32:20"},{"nodeID":"1283722","text":"there are more people with a classics degree in the Cabinet than there are with a science degree","type":"I","timestamp":"2023-11-09 12:32:21"},{"nodeID":"1283723","text":"Peter Openshaw:  there are more people with a classics degree in the Cabinet than there are with a science degree","type":"L","timestamp":"2023-11-09 12:32:21"},{"nodeID":"1283724","text":"Analysing","type":"YA","timestamp":"2023-11-09 12:32:21"},{"nodeID":"1283725","text":"Zlata: Peter Openshaw:  there are more people with a classics degree in the Cabinet than there are with a science degree","type":"L","timestamp":"2023-11-09 12:32:21"},{"nodeID":"1283726","text":"Asserting","type":"YA","timestamp":"2023-11-09 12:32:21"},{"nodeID":"1283727","text":"having more people with a classics degree than with a science degree in the Cabinet  a bit strange to Peter Openshaw","type":"I","timestamp":"2023-11-09 12:32:21"},{"nodeID":"1283728","text":"Peter Openshaw: That to me is a bit strange","type":"L","timestamp":"2023-11-09 12:32:21"},{"nodeID":"1283729","text":"Analysing","type":"YA","timestamp":"2023-11-09 12:32:21"},{"nodeID":"1283730","text":"Zlata: Peter Openshaw: That to me is a bit strange","type":"L","timestamp":"2023-11-09 12:32:21"},{"nodeID":"1283731","text":"Asserting","type":"YA","timestamp":"2023-11-09 12:32:21"},{"nodeID":"1283732","text":"Default Transition","type":"TA","timestamp":"2023-11-09 12:32:21"},{"nodeID":"1283733","text":"Default Rephrase","type":"MA","timestamp":"2023-11-09 12:32:21"},{"nodeID":"1283734","text":"Restating","type":"YA","timestamp":"2023-11-09 12:32:21"},{"nodeID":"1283735","text":"the training in science is a good background in logical thought","type":"I","timestamp":"2023-11-09 12:32:22"},{"nodeID":"1283736","text":"Peter Openshaw: the training in science is a good background in logical thought","type":"L","timestamp":"2023-11-09 12:32:22"},{"nodeID":"1283737","text":"Analysing","type":"YA","timestamp":"2023-11-09 12:32:22"},{"nodeID":"1283738","text":"Zlata: Peter Openshaw: the training in science is a good background in logical thought","type":"L","timestamp":"2023-11-09 12:32:22"},{"nodeID":"1283739","text":"Asserting","type":"YA","timestamp":"2023-11-09 12:32:22"},{"nodeID":"1283740","text":"Default Transition","type":"TA","timestamp":"2023-11-09 12:32:22"},{"nodeID":"1283741","text":"Default Inference","type":"RA","timestamp":"2023-11-09 12:32:22"},{"nodeID":"1283742","text":"Arguing","type":"YA","timestamp":"2023-11-09 12:32:22"},{"nodeID":"1283743","text":"Default Transition","type":"TA","timestamp":"2023-11-09 12:32:22"},{"nodeID":"1283744","text":"Default Inference","type":"RA","timestamp":"2023-11-09 12:32:22"},{"nodeID":"1283745","text":"Default Transition","type":"TA","timestamp":"2023-11-09 12:32:22"},{"nodeID":"1283746","text":"Arguing","type":"YA","timestamp":"2023-11-09 12:32:22"}],"edges":[{"edgeID":"1688765","fromID":"1283620","toID":"1283619","formEdgeID":null},{"edgeID":"1688766","fromID":"1283621","toID":"1283620","formEdgeID":null},{"edgeID":"1688767","fromID":"1283619","toID":"1283622","formEdgeID":null},{"edgeID":"1688768","fromID":"1283622","toID":"1283618","formEdgeID":null},{"edgeID":"1688769","fromID":"1283625","toID":"1283624","formEdgeID":null},{"edgeID":"1688770","fromID":"1283626","toID":"1283625","formEdgeID":null},{"edgeID":"1688771","fromID":"1283624","toID":"1283627","formEdgeID":null},{"edgeID":"1688772","fromID":"1283627","toID":"1283623","formEdgeID":null},{"edgeID":"1688773","fromID":"1283619","toID":"1283628","formEdgeID":null},{"edgeID":"1688774","fromID":"1283628","toID":"1283624","formEdgeID":null},{"edgeID":"1688775","fromID":"1283623","toID":"1283629","formEdgeID":null},{"edgeID":"1688776","fromID":"1283629","toID":"1283618","formEdgeID":null},{"edgeID":"1688777","fromID":"1283628","toID":"1283630","formEdgeID":null},{"edgeID":"1688778","fromID":"1283630","toID":"1283629","formEdgeID":null},{"edgeID":"1688779","fromID":"1283633","toID":"1283632","formEdgeID":null},{"edgeID":"1688780","fromID":"1283634","toID":"1283633","formEdgeID":null},{"edgeID":"1688781","fromID":"1283632","toID":"1283635","formEdgeID":null},{"edgeID":"1688782","fromID":"1283635","toID":"1283631","formEdgeID":null},{"edgeID":"1688783","fromID":"1283638","toID":"1283637","formEdgeID":null},{"edgeID":"1688784","fromID":"1283639","toID":"1283638","formEdgeID":null},{"edgeID":"1688785","fromID":"1283637","toID":"1283640","formEdgeID":null},{"edgeID":"1688786","fromID":"1283640","toID":"1283636","formEdgeID":null},{"edgeID":"1688787","fromID":"1283632","toID":"1283641","formEdgeID":null},{"edgeID":"1688788","fromID":"1283641","toID":"1283637","formEdgeID":null},{"edgeID":"1688789","fromID":"1283644","toID":"1283643","formEdgeID":null},{"edgeID":"1688790","fromID":"1283645","toID":"1283644","formEdgeID":null},{"edgeID":"1688791","fromID":"1283643","toID":"1283646","formEdgeID":null},{"edgeID":"1688792","fromID":"1283646","toID":"1283642","formEdgeID":null},{"edgeID":"1688793","fromID":"1283619","toID":"1283647","formEdgeID":null},{"edgeID":"1688794","fromID":"1283647","toID":"1283643","formEdgeID":null},{"edgeID":"1688795","fromID":"1283618","toID":"1283648","formEdgeID":null},{"edgeID":"1688796","fromID":"1283648","toID":"1283642","formEdgeID":null},{"edgeID":"1688797","fromID":"1283647","toID":"1283649","formEdgeID":null},{"edgeID":"1688798","fromID":"1283649","toID":"1283648","formEdgeID":null},{"edgeID":"1688799","fromID":"1283623","toID":"1283650","formEdgeID":null},{"edgeID":"1688800","fromID":"1283650","toID":"1283631","formEdgeID":null},{"edgeID":"1688801","fromID":"1283624","toID":"1283651","formEdgeID":null},{"edgeID":"1688802","fromID":"1283651","toID":"1283632","formEdgeID":null},{"edgeID":"1688803","fromID":"1283651","toID":"1283652","formEdgeID":null},{"edgeID":"1688804","fromID":"1283652","toID":"1283650","formEdgeID":null},{"edgeID":"1688805","fromID":"1283655","toID":"1283654","formEdgeID":null},{"edgeID":"1688806","fromID":"1283656","toID":"1283655","formEdgeID":null},{"edgeID":"1688807","fromID":"1283654","toID":"1283657","formEdgeID":null},{"edgeID":"1688808","fromID":"1283657","toID":"1283653","formEdgeID":null},{"edgeID":"1688809","fromID":"1283660","toID":"1283659","formEdgeID":null},{"edgeID":"1688810","fromID":"1283661","toID":"1283660","formEdgeID":null},{"edgeID":"1688811","fromID":"1283659","toID":"1283662","formEdgeID":null},{"edgeID":"1688812","fromID":"1283662","toID":"1283658","formEdgeID":null},{"edgeID":"1688813","fromID":"1283654","toID":"1283663","formEdgeID":null},{"edgeID":"1688814","fromID":"1283663","toID":"1283659","formEdgeID":null},{"edgeID":"1688815","fromID":"1283665","toID":"1283664","formEdgeID":null},{"edgeID":"1688816","fromID":"1283666","toID":"1283665","formEdgeID":null},{"edgeID":"1688817","fromID":"1283664","toID":"1283667","formEdgeID":null},{"edgeID":"1688818","fromID":"1283667","toID":"783925","formEdgeID":null},{"edgeID":"1688819","fromID":"1283632","toID":"1283668","formEdgeID":null},{"edgeID":"1688820","fromID":"1283668","toID":"1283654","formEdgeID":null},{"edgeID":"1688821","fromID":"1283653","toID":"1283669","formEdgeID":null},{"edgeID":"1688822","fromID":"1283669","toID":"1283631","formEdgeID":null},{"edgeID":"1688823","fromID":"1283668","toID":"1283670","formEdgeID":null},{"edgeID":"1688824","fromID":"1283670","toID":"1283669","formEdgeID":null},{"edgeID":"1688825","fromID":"1283654","toID":"1283671","formEdgeID":null},{"edgeID":"1688826","fromID":"1283671","toID":"1283664","formEdgeID":null},{"edgeID":"1688827","fromID":"1283653","toID":"1283672","formEdgeID":null},{"edgeID":"1688828","fromID":"1283672","toID":"783925","formEdgeID":null},{"edgeID":"1688829","fromID":"1283671","toID":"1283673","formEdgeID":null},{"edgeID":"1688830","fromID":"1283673","toID":"1283672","formEdgeID":null},{"edgeID":"1688831","fromID":"783925","toID":"1283674","formEdgeID":null},{"edgeID":"1688832","fromID":"1283674","toID":"1283658","formEdgeID":null},{"edgeID":"1688833","fromID":"1283659","toID":"1283675","formEdgeID":null},{"edgeID":"1688834","fromID":"1283675","toID":"1283664","formEdgeID":null},{"edgeID":"1688835","fromID":"1283675","toID":"1283676","formEdgeID":null},{"edgeID":"1688836","fromID":"1283676","toID":"1283674","formEdgeID":null},{"edgeID":"1688837","fromID":"1283679","toID":"1283678","formEdgeID":null},{"edgeID":"1688838","fromID":"1283680","toID":"1283679","formEdgeID":null},{"edgeID":"1688839","fromID":"1283678","toID":"1283681","formEdgeID":null},{"edgeID":"1688840","fromID":"1283681","toID":"1283677","formEdgeID":null},{"edgeID":"1688841","fromID":"1283664","toID":"1283682","formEdgeID":null},{"edgeID":"1688842","fromID":"1283682","toID":"1283678","formEdgeID":null},{"edgeID":"1688843","fromID":"1283685","toID":"1283684","formEdgeID":null},{"edgeID":"1688844","fromID":"1283686","toID":"1283685","formEdgeID":null},{"edgeID":"1688845","fromID":"1283684","toID":"1283687","formEdgeID":null},{"edgeID":"1688846","fromID":"1283687","toID":"1283683","formEdgeID":null},{"edgeID":"1688847","fromID":"1283678","toID":"1283688","formEdgeID":null},{"edgeID":"1688848","fromID":"1283688","toID":"1283684","formEdgeID":null},{"edgeID":"1688849","fromID":"1283683","toID":"1283689","formEdgeID":null},{"edgeID":"1688850","fromID":"1283689","toID":"1283677","formEdgeID":null},{"edgeID":"1688851","fromID":"1283688","toID":"1283690","formEdgeID":null},{"edgeID":"1688852","fromID":"1283690","toID":"1283689","formEdgeID":null},{"edgeID":"1688853","fromID":"1283693","toID":"1283692","formEdgeID":null},{"edgeID":"1688854","fromID":"1283694","toID":"1283693","formEdgeID":null},{"edgeID":"1688855","fromID":"1283692","toID":"1283695","formEdgeID":null},{"edgeID":"1688856","fromID":"1283695","toID":"1283691","formEdgeID":null},{"edgeID":"1688857","fromID":"1283684","toID":"1283696","formEdgeID":null},{"edgeID":"1688858","fromID":"1283696","toID":"1283692","formEdgeID":null},{"edgeID":"1688859","fromID":"1283691","toID":"1283697","formEdgeID":null},{"edgeID":"1688860","fromID":"1283697","toID":"1283683","formEdgeID":null},{"edgeID":"1688861","fromID":"1283696","toID":"1283698","formEdgeID":null},{"edgeID":"1688862","fromID":"1283698","toID":"1283697","formEdgeID":null},{"edgeID":"1688863","fromID":"1283701","toID":"1283700","formEdgeID":null},{"edgeID":"1688864","fromID":"1283702","toID":"1283701","formEdgeID":null},{"edgeID":"1688865","fromID":"1283704","toID":"1283703","formEdgeID":null},{"edgeID":"1688866","fromID":"1283705","toID":"1283704","formEdgeID":null},{"edgeID":"1688867","fromID":"1283692","toID":"1283706","formEdgeID":null},{"edgeID":"1688868","fromID":"1283706","toID":"1283700","formEdgeID":null},{"edgeID":"1688869","fromID":"1283700","toID":"1283707","formEdgeID":null},{"edgeID":"1688870","fromID":"1283707","toID":"1283703","formEdgeID":null},{"edgeID":"1688871","fromID":"1283703","toID":"1283708","formEdgeID":null},{"edgeID":"1688872","fromID":"1283708","toID":"1283699","formEdgeID":null},{"edgeID":"1688873","fromID":"1283699","toID":"1283709","formEdgeID":null},{"edgeID":"1688874","fromID":"1283709","toID":"1283691","formEdgeID":null},{"edgeID":"1688875","fromID":"1283706","toID":"1283710","formEdgeID":null},{"edgeID":"1688876","fromID":"1283710","toID":"1283709","formEdgeID":null},{"edgeID":"1688877","fromID":"1283713","toID":"1283712","formEdgeID":null},{"edgeID":"1688878","fromID":"1283714","toID":"1283713","formEdgeID":null},{"edgeID":"1688879","fromID":"1283712","toID":"1283715","formEdgeID":null},{"edgeID":"1688880","fromID":"1283715","toID":"1283711","formEdgeID":null},{"edgeID":"1688881","fromID":"1283700","toID":"1283716","formEdgeID":null},{"edgeID":"1688882","fromID":"1283716","toID":"1283712","formEdgeID":null},{"edgeID":"1688883","fromID":"1283719","toID":"1283718","formEdgeID":null},{"edgeID":"1688884","fromID":"1283720","toID":"1283719","formEdgeID":null},{"edgeID":"1688885","fromID":"1283718","toID":"1283721","formEdgeID":null},{"edgeID":"1688886","fromID":"1283721","toID":"1283717","formEdgeID":null},{"edgeID":"1688887","fromID":"1283724","toID":"1283723","formEdgeID":null},{"edgeID":"1688888","fromID":"1283725","toID":"1283724","formEdgeID":null},{"edgeID":"1688889","fromID":"1283723","toID":"1283726","formEdgeID":null},{"edgeID":"1688890","fromID":"1283726","toID":"1283722","formEdgeID":null},{"edgeID":"1688891","fromID":"1283729","toID":"1283728","formEdgeID":null},{"edgeID":"1688892","fromID":"1283730","toID":"1283729","formEdgeID":null},{"edgeID":"1688893","fromID":"1283728","toID":"1283731","formEdgeID":null},{"edgeID":"1688894","fromID":"1283731","toID":"1283727","formEdgeID":null},{"edgeID":"1688895","fromID":"1283723","toID":"1283732","formEdgeID":null},{"edgeID":"1688896","fromID":"1283732","toID":"1283728","formEdgeID":null},{"edgeID":"1688897","fromID":"1283727","toID":"1283733","formEdgeID":null},{"edgeID":"1688898","fromID":"1283733","toID":"1283722","formEdgeID":null},{"edgeID":"1688899","fromID":"1283732","toID":"1283734","formEdgeID":null},{"edgeID":"1688900","fromID":"1283734","toID":"1283733","formEdgeID":null},{"edgeID":"1688901","fromID":"1283737","toID":"1283736","formEdgeID":null},{"edgeID":"1688902","fromID":"1283738","toID":"1283737","formEdgeID":null},{"edgeID":"1688903","fromID":"1283736","toID":"1283739","formEdgeID":null},{"edgeID":"1688904","fromID":"1283739","toID":"1283735","formEdgeID":null},{"edgeID":"1688905","fromID":"1283728","toID":"1283740","formEdgeID":null},{"edgeID":"1688906","fromID":"1283740","toID":"1283736","formEdgeID":null},{"edgeID":"1688907","fromID":"1283735","toID":"1283741","formEdgeID":null},{"edgeID":"1688908","fromID":"1283741","toID":"1283727","formEdgeID":null},{"edgeID":"1688909","fromID":"1283740","toID":"1283742","formEdgeID":null},{"edgeID":"1688910","fromID":"1283742","toID":"1283741","formEdgeID":null},{"edgeID":"1688911","fromID":"1283712","toID":"1283743","formEdgeID":null},{"edgeID":"1688912","fromID":"1283743","toID":"1283718","formEdgeID":null},{"edgeID":"1688913","fromID":"1283735","toID":"1283744","formEdgeID":null},{"edgeID":"1688914","fromID":"1283744","toID":"1283717","formEdgeID":null},{"edgeID":"1688915","fromID":"1283718","toID":"1283745","formEdgeID":null},{"edgeID":"1688916","fromID":"1283745","toID":"1283736","formEdgeID":null},{"edgeID":"1688917","fromID":"1283745","toID":"1283746","formEdgeID":null},{"edgeID":"1688918","fromID":"1283746","toID":"1283744","formEdgeID":null}],"locutions":[]}