{"nodes":[{"nodeID":"783857","text":"they lost their lives because of criminality","type":"I","timestamp":"2021-12-09 20:52:30"},{"nodeID":"783874","text":"it's time the UK and France put their political spats aside to prevent any more migrant deaths from channel crossings","type":"I","timestamp":"2021-12-09 20:52:35"},{"nodeID":"783886","text":"it is that criminality we have to stop","type":"I","timestamp":"2021-12-09 20:52:40"},{"nodeID":"1138521","text":"there seems to have been intemperate language","type":"I","timestamp":"2023-04-05 19:43:40"},{"nodeID":"1138560","text":"the French, President Macron, is calling Boris Johnsen a clown and a knuckle head","type":"I","timestamp":"2023-04-05 19:43:43"},{"nodeID":"1138569","text":"the government sent a letter to President Macron which they took much umbrage at and disinvited the host to a meeting","type":"I","timestamp":"2023-04-05 19:43:45"},{"nodeID":"1138583","text":"my thoughts must be with the loved ones of those people who lost their lives","type":"I","timestamp":"2023-04-05 19:43:50"},{"nodeID":"1279726","text":"AudienceMember 20210912QT23: Isn't it time the UK and France put their political spats aside to prevent any more migrant deaths from channel crossings","type":"L","timestamp":"2023-11-09 12:26:46"},{"nodeID":"1279727","text":"Analysing","type":"YA","timestamp":"2023-11-09 12:26:46"},{"nodeID":"1279728","text":"Ella: AudienceMember 20210912QT23: Isn't it time the UK and France put their political spats aside to prevent any more migrant deaths from channel crossings","type":"L","timestamp":"2023-11-09 12:26:46"},{"nodeID":"1279729","text":"Assertive Questioning","type":"YA","timestamp":"2023-11-09 12:26:46"},{"nodeID":"1279730","text":"Fiona Bruce: There seems to have been intemperate language","type":"L","timestamp":"2023-11-09 12:26:46"},{"nodeID":"1279731","text":"Analysing","type":"YA","timestamp":"2023-11-09 12:26:46"},{"nodeID":"1279732","text":"Ella: Fiona Bruce: There seems to have been intemperate language","type":"L","timestamp":"2023-11-09 12:26:46"},{"nodeID":"1279733","text":"Asserting","type":"YA","timestamp":"2023-11-09 12:26:46"},{"nodeID":"1279734","text":"Fiona Bruce: The French, President Macron, is calling Boris Johnsen a clown and a knuckle head","type":"L","timestamp":"2023-11-09 12:26:47"},{"nodeID":"1279735","text":"Analysing","type":"YA","timestamp":"2023-11-09 12:26:47"},{"nodeID":"1279736","text":"Ella: Fiona Bruce: The French, President Macron, is calling Boris Johnsen a clown and a knuckle head","type":"L","timestamp":"2023-11-09 12:26:47"},{"nodeID":"1279737","text":"Asserting","type":"YA","timestamp":"2023-11-09 12:26:47"},{"nodeID":"1279738","text":"Default Transition","type":"TA","timestamp":"2023-11-09 12:26:47"},{"nodeID":"1279739","text":"Default Transition","type":"TA","timestamp":"2023-11-09 12:26:47"},{"nodeID":"1279740","text":"Default Rephrase","type":"MA","timestamp":"2023-11-09 12:26:47"},{"nodeID":"1279741","text":"Restating","type":"YA","timestamp":"2023-11-09 12:26:47"},{"nodeID":"1279742","text":"Fiona Bruce: the government sent a letter to President Macron which they took much umbrage at and disinvited the host to a meeting","type":"L","timestamp":"2023-11-09 12:26:47"},{"nodeID":"1279743","text":"Analysing","type":"YA","timestamp":"2023-11-09 12:26:47"},{"nodeID":"1279744","text":"Ella: Fiona Bruce: the government sent a letter to President Macron which they took much umbrage at and disinvited the host to a meeting","type":"L","timestamp":"2023-11-09 12:26:47"},{"nodeID":"1279745","text":"Asserting","type":"YA","timestamp":"2023-11-09 12:26:47"},{"nodeID":"1279746","text":"Default Inference","type":"RA","timestamp":"2023-11-09 12:26:47"},{"nodeID":"1279747","text":"Default Transition","type":"TA","timestamp":"2023-11-09 12:26:47"},{"nodeID":"1279748","text":"Arguing","type":"YA","timestamp":"2023-11-09 12:26:47"},{"nodeID":"1279749","text":"this falling out between the British and the French can or cannot be sorted out","type":"I","timestamp":"2023-11-09 12:26:48"},{"nodeID":"1279750","text":"Fiona Bruce: Can this be sorted out","type":"L","timestamp":"2023-11-09 12:26:48"},{"nodeID":"1279751","text":"Analysing","type":"YA","timestamp":"2023-11-09 12:26:48"},{"nodeID":"1279752","text":"Ella: Fiona Bruce: Can this be sorted out","type":"L","timestamp":"2023-11-09 12:26:48"},{"nodeID":"1279753","text":"Pure Questioning","type":"YA","timestamp":"2023-11-09 12:26:48"},{"nodeID":"1279754","text":"Default Transition","type":"TA","timestamp":"2023-11-09 12:26:48"},{"nodeID":"1279755","text":"Maggie Throup does hope the falling out can be sorted out","type":"I","timestamp":"2023-11-09 12:26:49"},{"nodeID":"1279756","text":"Maggie Throup: I do hope so","type":"L","timestamp":"2023-11-09 12:26:49"},{"nodeID":"1279757","text":"Analysing","type":"YA","timestamp":"2023-11-09 12:26:49"},{"nodeID":"1279758","text":"Ella: Maggie Throup: I do hope so","type":"L","timestamp":"2023-11-09 12:26:49"},{"nodeID":"1279759","text":"Asserting","type":"YA","timestamp":"2023-11-09 12:26:49"},{"nodeID":"1279760","text":"Default Transition","type":"TA","timestamp":"2023-11-09 12:26:49"},{"nodeID":"1279761","text":"Maggie Throup: my thoughts must be with the loved ones of those people who lost their lives","type":"L","timestamp":"2023-11-09 12:26:49"},{"nodeID":"1279762","text":"Analysing","type":"YA","timestamp":"2023-11-09 12:26:49"},{"nodeID":"1279763","text":"Ella: Maggie Throup: my thoughts must be with the loved ones of those people who lost their lives","type":"L","timestamp":"2023-11-09 12:26:49"},{"nodeID":"1279764","text":"Asserting","type":"YA","timestamp":"2023-11-09 12:26:49"},{"nodeID":"1279765","text":"Maggie Throup: They lost their lives because of criminality","type":"L","timestamp":"2023-11-09 12:26:50"},{"nodeID":"1279766","text":"Analysing","type":"YA","timestamp":"2023-11-09 12:26:50"},{"nodeID":"1279767","text":"Ella: Maggie Throup: They lost their lives because of criminality","type":"L","timestamp":"2023-11-09 12:26:50"},{"nodeID":"1279768","text":"Asserting","type":"YA","timestamp":"2023-11-09 12:26:50"},{"nodeID":"1279769","text":"Maggie Throup: It is that criminality we have to stop","type":"L","timestamp":"2023-11-09 12:26:50"},{"nodeID":"1279770","text":"Analysing","type":"YA","timestamp":"2023-11-09 12:26:50"},{"nodeID":"1279771","text":"Ella: Maggie Throup: It is that criminality we have to stop","type":"L","timestamp":"2023-11-09 12:26:50"},{"nodeID":"1279772","text":"Asserting","type":"YA","timestamp":"2023-11-09 12:26:50"},{"nodeID":"1279773","text":"Fiona Bruce talks about the letter that went last week to the French","type":"I","timestamp":"2023-11-09 12:26:51"},{"nodeID":"1279774","text":"Maggie Throup: You talk about the letter that went last week","type":"L","timestamp":"2023-11-09 12:26:51"},{"nodeID":"1279775","text":"Analysing","type":"YA","timestamp":"2023-11-09 12:26:51"},{"nodeID":"1279776","text":"Ella: Maggie Throup: You talk about the letter that went last week","type":"L","timestamp":"2023-11-09 12:26:51"},{"nodeID":"1279777","text":"Asserting","type":"YA","timestamp":"2023-11-09 12:26:51"},{"nodeID":"1279778","text":"that letter had already gone through all the formal channels","type":"I","timestamp":"2023-11-09 12:26:52"},{"nodeID":"1279779","text":"Maggie Throup: that letter had already gone through all the formal channels","type":"L","timestamp":"2023-11-09 12:26:52"},{"nodeID":"1279780","text":"Analysing","type":"YA","timestamp":"2023-11-09 12:26:52"},{"nodeID":"1279781","text":"Ella: Maggie Throup: that letter had already gone through all the formal channels","type":"L","timestamp":"2023-11-09 12:26:52"},{"nodeID":"1279782","text":"Asserting","type":"YA","timestamp":"2023-11-09 12:26:52"},{"nodeID":"1279783","text":"It was saying to the French let's work together","type":"I","timestamp":"2023-11-09 12:26:52"},{"nodeID":"1279784","text":"Maggie Throup: It was saying to the French let's work together","type":"L","timestamp":"2023-11-09 12:26:52"},{"nodeID":"1279785","text":"Analysing","type":"YA","timestamp":"2023-11-09 12:26:52"},{"nodeID":"1279786","text":"Ella: Maggie Throup: It was saying to the French let's work together","type":"L","timestamp":"2023-11-09 12:26:52"},{"nodeID":"1279787","text":"Asserting","type":"YA","timestamp":"2023-11-09 12:26:52"},{"nodeID":"1279788","text":"Default Transition","type":"TA","timestamp":"2023-11-09 12:26:52"},{"nodeID":"1279789","text":"Default Transition","type":"TA","timestamp":"2023-11-09 12:26:52"},{"nodeID":"1279790","text":"Default Transition","type":"TA","timestamp":"2023-11-09 12:26:52"},{"nodeID":"1279791","text":"Default Inference","type":"RA","timestamp":"2023-11-09 12:26:52"},{"nodeID":"1279792","text":"Arguing","type":"YA","timestamp":"2023-11-09 12:26:52"},{"nodeID":"1279793","text":"Default Rephrase","type":"MA","timestamp":"2023-11-09 12:26:52"},{"nodeID":"1279794","text":"Default Transition","type":"TA","timestamp":"2023-11-09 12:26:52"},{"nodeID":"1279795","text":"Restating","type":"YA","timestamp":"2023-11-09 12:26:52"},{"nodeID":"1279796","text":"Default Transition","type":"TA","timestamp":"2023-11-09 12:26:52"},{"nodeID":"1279797","text":"Default Rephrase","type":"MA","timestamp":"2023-11-09 12:26:52"},{"nodeID":"1279798","text":"Default Illocuting","type":"YA","timestamp":"2023-11-09 12:26:52"},{"nodeID":"1279799","text":"Default Rephrase","type":"MA","timestamp":"2023-11-09 12:26:52"},{"nodeID":"1279800","text":"Default Transition","type":"TA","timestamp":"2023-11-09 12:26:52"},{"nodeID":"1279801","text":"Arguing","type":"YA","timestamp":"2023-11-09 12:26:52"},{"nodeID":"1279802","text":"Default Rephrase","type":"MA","timestamp":"2023-11-09 12:26:52"},{"nodeID":"1279803","text":"Restating","type":"YA","timestamp":"2023-11-09 12:26:52"}],"edges":[{"edgeID":"1683994","fromID":"1279727","toID":"1279726","formEdgeID":null},{"edgeID":"1683995","fromID":"1279728","toID":"1279727","formEdgeID":null},{"edgeID":"1683996","fromID":"1279726","toID":"1279729","formEdgeID":null},{"edgeID":"1683997","fromID":"1279729","toID":"783874","formEdgeID":null},{"edgeID":"1683998","fromID":"1279731","toID":"1279730","formEdgeID":null},{"edgeID":"1683999","fromID":"1279732","toID":"1279731","formEdgeID":null},{"edgeID":"1684000","fromID":"1279730","toID":"1279733","formEdgeID":null},{"edgeID":"1684001","fromID":"1279733","toID":"1138521","formEdgeID":null},{"edgeID":"1684002","fromID":"1279735","toID":"1279734","formEdgeID":null},{"edgeID":"1684003","fromID":"1279736","toID":"1279735","formEdgeID":null},{"edgeID":"1684004","fromID":"1279734","toID":"1279737","formEdgeID":null},{"edgeID":"1684005","fromID":"1279737","toID":"1138560","formEdgeID":null},{"edgeID":"1684006","fromID":"1279726","toID":"1279738","formEdgeID":null},{"edgeID":"1684007","fromID":"1279738","toID":"1279730","formEdgeID":null},{"edgeID":"1684008","fromID":"1279730","toID":"1279739","formEdgeID":null},{"edgeID":"1684009","fromID":"1279739","toID":"1279734","formEdgeID":null},{"edgeID":"1684010","fromID":"1138560","toID":"1279740","formEdgeID":null},{"edgeID":"1684011","fromID":"1279740","toID":"1138521","formEdgeID":null},{"edgeID":"1684012","fromID":"1279739","toID":"1279741","formEdgeID":null},{"edgeID":"1684013","fromID":"1279741","toID":"1279740","formEdgeID":null},{"edgeID":"1684014","fromID":"1279743","toID":"1279742","formEdgeID":null},{"edgeID":"1684015","fromID":"1279744","toID":"1279743","formEdgeID":null},{"edgeID":"1684016","fromID":"1279742","toID":"1279745","formEdgeID":null},{"edgeID":"1684017","fromID":"1279745","toID":"1138569","formEdgeID":null},{"edgeID":"1684018","fromID":"1138569","toID":"1279746","formEdgeID":null},{"edgeID":"1684019","fromID":"1279746","toID":"1138521","formEdgeID":null},{"edgeID":"1684020","fromID":"1279730","toID":"1279747","formEdgeID":null},{"edgeID":"1684021","fromID":"1279747","toID":"1279742","formEdgeID":null},{"edgeID":"1684022","fromID":"1279747","toID":"1279748","formEdgeID":null},{"edgeID":"1684023","fromID":"1279748","toID":"1279746","formEdgeID":null},{"edgeID":"1684024","fromID":"1279751","toID":"1279750","formEdgeID":null},{"edgeID":"1684025","fromID":"1279752","toID":"1279751","formEdgeID":null},{"edgeID":"1684026","fromID":"1279750","toID":"1279753","formEdgeID":null},{"edgeID":"1684027","fromID":"1279753","toID":"1279749","formEdgeID":null},{"edgeID":"1684028","fromID":"1279742","toID":"1279754","formEdgeID":null},{"edgeID":"1684029","fromID":"1279754","toID":"1279750","formEdgeID":null},{"edgeID":"1684030","fromID":"1279757","toID":"1279756","formEdgeID":null},{"edgeID":"1684031","fromID":"1279758","toID":"1279757","formEdgeID":null},{"edgeID":"1684032","fromID":"1279756","toID":"1279759","formEdgeID":null},{"edgeID":"1684033","fromID":"1279759","toID":"1279755","formEdgeID":null},{"edgeID":"1684034","fromID":"1279750","toID":"1279760","formEdgeID":null},{"edgeID":"1684035","fromID":"1279760","toID":"1279756","formEdgeID":null},{"edgeID":"1684036","fromID":"1279762","toID":"1279761","formEdgeID":null},{"edgeID":"1684037","fromID":"1279763","toID":"1279762","formEdgeID":null},{"edgeID":"1684038","fromID":"1279761","toID":"1279764","formEdgeID":null},{"edgeID":"1684039","fromID":"1279764","toID":"1138583","formEdgeID":null},{"edgeID":"1684040","fromID":"1279766","toID":"1279765","formEdgeID":null},{"edgeID":"1684041","fromID":"1279767","toID":"1279766","formEdgeID":null},{"edgeID":"1684042","fromID":"1279765","toID":"1279768","formEdgeID":null},{"edgeID":"1684043","fromID":"1279768","toID":"783857","formEdgeID":null},{"edgeID":"1684044","fromID":"1279770","toID":"1279769","formEdgeID":null},{"edgeID":"1684045","fromID":"1279771","toID":"1279770","formEdgeID":null},{"edgeID":"1684046","fromID":"1279769","toID":"1279772","formEdgeID":null},{"edgeID":"1684047","fromID":"1279772","toID":"783886","formEdgeID":null},{"edgeID":"1684048","fromID":"1279775","toID":"1279774","formEdgeID":null},{"edgeID":"1684049","fromID":"1279776","toID":"1279775","formEdgeID":null},{"edgeID":"1684050","fromID":"1279774","toID":"1279777","formEdgeID":null},{"edgeID":"1684051","fromID":"1279777","toID":"1279773","formEdgeID":null},{"edgeID":"1684052","fromID":"1279780","toID":"1279779","formEdgeID":null},{"edgeID":"1684053","fromID":"1279781","toID":"1279780","formEdgeID":null},{"edgeID":"1684054","fromID":"1279779","toID":"1279782","formEdgeID":null},{"edgeID":"1684055","fromID":"1279782","toID":"1279778","formEdgeID":null},{"edgeID":"1684056","fromID":"1279785","toID":"1279784","formEdgeID":null},{"edgeID":"1684057","fromID":"1279786","toID":"1279785","formEdgeID":null},{"edgeID":"1684058","fromID":"1279784","toID":"1279787","formEdgeID":null},{"edgeID":"1684059","fromID":"1279787","toID":"1279783","formEdgeID":null},{"edgeID":"1684060","fromID":"1279756","toID":"1279788","formEdgeID":null},{"edgeID":"1684061","fromID":"1279788","toID":"1279761","formEdgeID":null},{"edgeID":"1684062","fromID":"1279761","toID":"1279789","formEdgeID":null},{"edgeID":"1684063","fromID":"1279789","toID":"1279765","formEdgeID":null},{"edgeID":"1684064","fromID":"1279765","toID":"1279790","formEdgeID":null},{"edgeID":"1684065","fromID":"1279790","toID":"1279769","formEdgeID":null},{"edgeID":"1684066","fromID":"783857","toID":"1279791","formEdgeID":null},{"edgeID":"1684067","fromID":"1279791","toID":"783886","formEdgeID":null},{"edgeID":"1684068","fromID":"1279790","toID":"1279792","formEdgeID":null},{"edgeID":"1684069","fromID":"1279792","toID":"1279791","formEdgeID":null},{"edgeID":"1684070","fromID":"1279783","toID":"1279793","formEdgeID":null},{"edgeID":"1684071","fromID":"1279793","toID":"1279778","formEdgeID":null},{"edgeID":"1684072","fromID":"1279784","toID":"1279794","formEdgeID":null},{"edgeID":"1684073","fromID":"1279794","toID":"1279779","formEdgeID":null},{"edgeID":"1684074","fromID":"1279794","toID":"1279795","formEdgeID":null},{"edgeID":"1684075","fromID":"1279795","toID":"1279793","formEdgeID":null},{"edgeID":"1684076","fromID":"1279774","toID":"1279796","formEdgeID":null},{"edgeID":"1684077","fromID":"1279796","toID":"1279779","formEdgeID":null},{"edgeID":"1684078","fromID":"1279797","toID":"1279749","formEdgeID":null},{"edgeID":"1684079","fromID":"1279755","toID":"1279797","formEdgeID":null},{"edgeID":"1684080","fromID":"1279760","toID":"1279798","formEdgeID":null},{"edgeID":"1684081","fromID":"1279798","toID":"1279797","formEdgeID":null},{"edgeID":"1684082","fromID":"1279773","toID":"1279799","formEdgeID":null},{"edgeID":"1684083","fromID":"1279799","toID":"1138569","formEdgeID":null},{"edgeID":"1684084","fromID":"1279742","toID":"1279800","formEdgeID":null},{"edgeID":"1684085","fromID":"1279800","toID":"1279774","formEdgeID":null},{"edgeID":"1684086","fromID":"1279800","toID":"1279801","formEdgeID":null},{"edgeID":"1684087","fromID":"1279801","toID":"1279799","formEdgeID":null},{"edgeID":"1684088","fromID":"1279778","toID":"1279802","formEdgeID":null},{"edgeID":"1684089","fromID":"1279802","toID":"1279773","formEdgeID":null},{"edgeID":"1684090","fromID":"1279796","toID":"1279803","formEdgeID":null},{"edgeID":"1684091","fromID":"1279803","toID":"1279802","formEdgeID":null}],"locutions":[]}