{"nodes":[{"nodeID":"783835","text":"Maggie Throup does or does not think that we will need boosts every year","type":"I","timestamp":"2021-12-09 20:52:22"},{"nodeID":"1278006","text":"one looks at other places and the venues","type":"I","timestamp":"2023-11-09 11:26:26"},{"nodeID":"1278011","text":"the gentleman talked about the pub","type":"I","timestamp":"2023-11-09 11:26:27"},{"nodeID":"1278019","text":"people can still go to the pub","type":"I","timestamp":"2023-11-09 11:26:28"},{"nodeID":"1278024","text":"when one is in the pub one tends to be drinking and eating","type":"I","timestamp":"2023-11-09 11:26:28"},{"nodeID":"1278029","text":"one is sitting down next to somebody for 20 minutes.","type":"I","timestamp":"2023-11-09 11:26:29"},{"nodeID":"1278034","text":"when one pops into a shop, one pops in quickly","type":"I","timestamp":"2023-11-09 11:26:29"},{"nodeID":"1278039","text":"one would put a mask on to go into a shop quickly but where one sits next to someone possibly for hours in unventilated premise one has not got to wear a mask because of xxx","type":"I","timestamp":"2023-11-09 11:26:30"},{"nodeID":"1278044","text":"it is very hard to eat and drink with a face covering on","type":"I","timestamp":"2023-11-09 11:26:31"},{"nodeID":"1278049","text":"the best way we can protect ourselves and travel and keep our economy going is for everybody to get boosted","type":"I","timestamp":"2023-11-09 11:26:31"},{"nodeID":"1278054","text":"the value and the power of the vaccination programme has been incredible","type":"I","timestamp":"2023-11-09 11:26:32"},{"nodeID":"1278059","text":"it is actually the anniversary of the Pfizer vaccine being regulated today","type":"I","timestamp":"2023-11-09 11:26:33"},{"nodeID":"1278064","text":"there is a commercial aspect for Albert Bourla","type":"I","timestamp":"2023-11-09 11:26:33"},{"nodeID":"1278069","text":"we will need boosts every year","type":"I","timestamp":"2023-11-09 11:26:34"},{"nodeID":"1278073","text":"that everyone will need boosters every year is or is not Maggie Throup's understanding","type":"I","timestamp":"2023-11-09 11:26:34"},{"nodeID":"1278078","text":"every year Great Britain has the flu programme","type":"I","timestamp":"2023-11-09 11:26:35"},{"nodeID":"1278083","text":"we are talking about another virus","type":"I","timestamp":"2023-11-09 11:26:36"},{"nodeID":"1278092","text":"the government has preordered vaccines for future years","type":"I","timestamp":"2023-11-09 11:26:37"},{"nodeID":"1278097","text":"the public would expect the government to be prepared for future years","type":"I","timestamp":"2023-11-09 11:26:38"},{"nodeID":"1278102","text":"it would be wrong of the government not to be prepared for future years","type":"I","timestamp":"2023-11-09 11:26:38"},{"nodeID":"1281225","text":"Maggie Throup: You look at other places and the venues","type":"L","timestamp":"2023-11-09 12:28:55"},{"nodeID":"1281226","text":"Analysing","type":"YA","timestamp":"2023-11-09 12:28:55"},{"nodeID":"1281227","text":"Rebecca: Maggie Throup: You look at other places and the venues","type":"L","timestamp":"2023-11-09 12:28:55"},{"nodeID":"1281228","text":"Asserting","type":"YA","timestamp":"2023-11-09 12:28:55"},{"nodeID":"1281229","text":"Maggie Throup: the gentleman talked about the pub","type":"L","timestamp":"2023-11-09 12:28:56"},{"nodeID":"1281230","text":"Analysing","type":"YA","timestamp":"2023-11-09 12:28:56"},{"nodeID":"1281231","text":"Rebecca: Maggie Throup: the gentleman talked about the pub","type":"L","timestamp":"2023-11-09 12:28:56"},{"nodeID":"1281232","text":"Asserting","type":"YA","timestamp":"2023-11-09 12:28:56"},{"nodeID":"1281233","text":"Default Rephrase","type":"MA","timestamp":"2023-11-09 12:28:56"},{"nodeID":"1281234","text":"Default Transition","type":"TA","timestamp":"2023-11-09 12:28:56"},{"nodeID":"1281235","text":"Restating","type":"YA","timestamp":"2023-11-09 12:28:56"},{"nodeID":"1281236","text":"Maggie Throup: people can still go to the pub","type":"L","timestamp":"2023-11-09 12:28:56"},{"nodeID":"1281237","text":"Analysing","type":"YA","timestamp":"2023-11-09 12:28:56"},{"nodeID":"1281238","text":"Rebecca: Maggie Throup: people can still go to the pub","type":"L","timestamp":"2023-11-09 12:28:56"},{"nodeID":"1281239","text":"Asserting","type":"YA","timestamp":"2023-11-09 12:28:56"},{"nodeID":"1281240","text":"Maggie Throup: when are you in the pub you tend to be drinking and eating","type":"L","timestamp":"2023-11-09 12:28:57"},{"nodeID":"1281241","text":"Analysing","type":"YA","timestamp":"2023-11-09 12:28:57"},{"nodeID":"1281242","text":"Rebecca: Maggie Throup: when are you in the pub you tend to be drinking and eating","type":"L","timestamp":"2023-11-09 12:28:57"},{"nodeID":"1281243","text":"Asserting","type":"YA","timestamp":"2023-11-09 12:28:57"},{"nodeID":"1281244","text":"Theo Paphitis: You are sitting down next to somebody for 20 minutes.","type":"L","timestamp":"2023-11-09 12:28:57"},{"nodeID":"1281245","text":"Analysing","type":"YA","timestamp":"2023-11-09 12:28:57"},{"nodeID":"1281246","text":"Rebecca: Theo Paphitis: You are sitting down next to somebody for 20 minutes.","type":"L","timestamp":"2023-11-09 12:28:57"},{"nodeID":"1281247","text":"Asserting","type":"YA","timestamp":"2023-11-09 12:28:57"},{"nodeID":"1281248","text":"Theo Paphitis: When you pop into a shop, you pop in quickly","type":"L","timestamp":"2023-11-09 12:28:58"},{"nodeID":"1281249","text":"Analysing","type":"YA","timestamp":"2023-11-09 12:28:58"},{"nodeID":"1281250","text":"Rebecca: Theo Paphitis: When you pop into a shop, you pop in quickly","type":"L","timestamp":"2023-11-09 12:28:58"},{"nodeID":"1281251","text":"Asserting","type":"YA","timestamp":"2023-11-09 12:28:58"},{"nodeID":"1281252","text":"Theo Paphitis: Why would you go to put a mask in quickly but where you sit to someone possibly for hours in unventilated premise have to wear a mask","type":"L","timestamp":"2023-11-09 12:28:59"},{"nodeID":"1281253","text":"Analysing","type":"YA","timestamp":"2023-11-09 12:28:59"},{"nodeID":"1281254","text":"Rebecca: Theo Paphitis: Why would you go to put a mask in quickly but where you sit to someone possibly for hours in unventilated premise have to wear a mask","type":"L","timestamp":"2023-11-09 12:28:59"},{"nodeID":"1281255","text":"Pure Challenging","type":"YA","timestamp":"2023-11-09 12:28:59"},{"nodeID":"1281256","text":"Maggie Throup: It is very hard to eat and drink with a face covering on","type":"L","timestamp":"2023-11-09 12:28:59"},{"nodeID":"1281257","text":"Analysing","type":"YA","timestamp":"2023-11-09 12:28:59"},{"nodeID":"1281258","text":"Rebecca: Maggie Throup: It is very hard to eat and drink with a face covering on","type":"L","timestamp":"2023-11-09 12:28:59"},{"nodeID":"1281259","text":"Asserting","type":"YA","timestamp":"2023-11-09 12:28:59"},{"nodeID":"1281260","text":"Maggie Throup: The best way we can protect ourselves and travel and keep our economy going is for everybody to get boosted","type":"L","timestamp":"2023-11-09 12:29:00"},{"nodeID":"1281261","text":"Analysing","type":"YA","timestamp":"2023-11-09 12:29:00"},{"nodeID":"1281262","text":"Rebecca: Maggie Throup: The best way we can protect ourselves and travel and keep our economy going is for everybody to get boosted","type":"L","timestamp":"2023-11-09 12:29:00"},{"nodeID":"1281263","text":"Asserting","type":"YA","timestamp":"2023-11-09 12:29:00"},{"nodeID":"1281264","text":"Maggie Throup: The value and the power of the vaccination programme has been incredible","type":"L","timestamp":"2023-11-09 12:29:00"},{"nodeID":"1281265","text":"Analysing","type":"YA","timestamp":"2023-11-09 12:29:00"},{"nodeID":"1281266","text":"Rebecca: Maggie Throup: The value and the power of the vaccination programme has been incredible","type":"L","timestamp":"2023-11-09 12:29:00"},{"nodeID":"1281267","text":"Asserting","type":"YA","timestamp":"2023-11-09 12:29:00"},{"nodeID":"1281268","text":"Maggie Throup: it is actually the anniversary of the Pfizer vaccine being regulated today","type":"L","timestamp":"2023-11-09 12:29:01"},{"nodeID":"1281269","text":"Analysing","type":"YA","timestamp":"2023-11-09 12:29:01"},{"nodeID":"1281270","text":"Rebecca: Maggie Throup: it is actually the anniversary of the Pfizer vaccine being regulated today","type":"L","timestamp":"2023-11-09 12:29:01"},{"nodeID":"1281271","text":"Asserting","type":"YA","timestamp":"2023-11-09 12:29:01"},{"nodeID":"1281272","text":"Fiona Bruce: there is a commercial aspect for him","type":"L","timestamp":"2023-11-09 12:29:02"},{"nodeID":"1281273","text":"Analysing","type":"YA","timestamp":"2023-11-09 12:29:02"},{"nodeID":"1281274","text":"Rebecca: Fiona Bruce: there is a commercial aspect for him","type":"L","timestamp":"2023-11-09 12:29:02"},{"nodeID":"1281275","text":"Asserting","type":"YA","timestamp":"2023-11-09 12:29:02"},{"nodeID":"1281276","text":"Fiona Bruce: in his view we will need boosts every year","type":"L","timestamp":"2023-11-09 12:29:02"},{"nodeID":"1281277","text":"Analysing","type":"YA","timestamp":"2023-11-09 12:29:02"},{"nodeID":"1281278","text":"Rebecca: Fiona Bruce: in his view we will need boosts every year","type":"L","timestamp":"2023-11-09 12:29:02"},{"nodeID":"1281279","text":"Fiona Bruce: Is that your understanding","type":"L","timestamp":"2023-11-09 12:29:03"},{"nodeID":"1281280","text":"Analysing","type":"YA","timestamp":"2023-11-09 12:29:03"},{"nodeID":"1281281","text":"Rebecca: Fiona Bruce: Is that your understanding","type":"L","timestamp":"2023-11-09 12:29:03"},{"nodeID":"1281282","text":"Pure Questioning","type":"YA","timestamp":"2023-11-09 12:29:03"},{"nodeID":"1281283","text":"Maggie Throup: Every year we have the flu programme","type":"L","timestamp":"2023-11-09 12:29:03"},{"nodeID":"1281284","text":"Analysing","type":"YA","timestamp":"2023-11-09 12:29:03"},{"nodeID":"1281285","text":"Rebecca: Maggie Throup: Every year we have the flu programme","type":"L","timestamp":"2023-11-09 12:29:03"},{"nodeID":"1281286","text":"Asserting","type":"YA","timestamp":"2023-11-09 12:29:03"},{"nodeID":"1281287","text":"Maggie Throup: We are talking about another virus","type":"L","timestamp":"2023-11-09 12:29:04"},{"nodeID":"1281288","text":"Analysing","type":"YA","timestamp":"2023-11-09 12:29:04"},{"nodeID":"1281289","text":"Rebecca: Maggie Throup: We are talking about another virus","type":"L","timestamp":"2023-11-09 12:29:04"},{"nodeID":"1281290","text":"Asserting","type":"YA","timestamp":"2023-11-09 12:29:04"},{"nodeID":"1281291","text":"Fiona Bruce: Do you think we will need boosts every year","type":"L","timestamp":"2023-11-09 12:29:05"},{"nodeID":"1281292","text":"Analysing","type":"YA","timestamp":"2023-11-09 12:29:05"},{"nodeID":"1281293","text":"Rebecca: Fiona Bruce: Do you think we will need boosts every year","type":"L","timestamp":"2023-11-09 12:29:05"},{"nodeID":"1281294","text":"Pure Questioning","type":"YA","timestamp":"2023-11-09 12:29:05"},{"nodeID":"1281295","text":"Maggie Throup: We have preordered vaccines for future years","type":"L","timestamp":"2023-11-09 12:29:05"},{"nodeID":"1281296","text":"Analysing","type":"YA","timestamp":"2023-11-09 12:29:05"},{"nodeID":"1281297","text":"Rebecca: Maggie Throup: We have preordered vaccines for future years","type":"L","timestamp":"2023-11-09 12:29:05"},{"nodeID":"1281298","text":"Asserting","type":"YA","timestamp":"2023-11-09 12:29:05"},{"nodeID":"1281299","text":"Maggie Throup: the public would expect us to be prepared for future years","type":"L","timestamp":"2023-11-09 12:29:06"},{"nodeID":"1281300","text":"Analysing","type":"YA","timestamp":"2023-11-09 12:29:06"},{"nodeID":"1281301","text":"Rebecca: Maggie Throup: the public would expect us to be prepared for future years","type":"L","timestamp":"2023-11-09 12:29:06"},{"nodeID":"1281302","text":"Asserting","type":"YA","timestamp":"2023-11-09 12:29:06"},{"nodeID":"1281303","text":"Maggie Throup: It would be wrong of us not to be prepared","type":"L","timestamp":"2023-11-09 12:29:06"},{"nodeID":"1281304","text":"Analysing","type":"YA","timestamp":"2023-11-09 12:29:06"},{"nodeID":"1281305","text":"Rebecca: Maggie Throup: It would be wrong of us not to be prepared","type":"L","timestamp":"2023-11-09 12:29:06"},{"nodeID":"1281306","text":"Asserting","type":"YA","timestamp":"2023-11-09 12:29:06"},{"nodeID":"1281307","text":"Default Inference","type":"RA","timestamp":"2023-11-09 12:29:06"},{"nodeID":"1281308","text":"Default Transition","type":"TA","timestamp":"2023-11-09 12:29:06"},{"nodeID":"1281309","text":"Arguing","type":"YA","timestamp":"2023-11-09 12:29:06"},{"nodeID":"1281310","text":"Default Transition","type":"TA","timestamp":"2023-11-09 12:29:06"},{"nodeID":"1281311","text":"Default Inference","type":"RA","timestamp":"2023-11-09 12:29:06"},{"nodeID":"1281312","text":"Arguing","type":"YA","timestamp":"2023-11-09 12:29:06"},{"nodeID":"1281313","text":"Default Inference","type":"RA","timestamp":"2023-11-09 12:29:06"},{"nodeID":"1281314","text":"Default Transition","type":"TA","timestamp":"2023-11-09 12:29:06"},{"nodeID":"1281315","text":"Arguing","type":"YA","timestamp":"2023-11-09 12:29:06"},{"nodeID":"1281316","text":"Default Transition","type":"TA","timestamp":"2023-11-09 12:29:06"},{"nodeID":"1281317","text":"Default Transition","type":"TA","timestamp":"2023-11-09 12:29:06"},{"nodeID":"1281318","text":"Default Transition","type":"TA","timestamp":"2023-11-09 12:29:06"},{"nodeID":"1281319","text":"Default Conflict","type":"CA","timestamp":"2023-11-09 12:29:06"},{"nodeID":"1281320","text":"Default Transition","type":"TA","timestamp":"2023-11-09 12:29:06"},{"nodeID":"1281321","text":"Default Inference","type":"RA","timestamp":"2023-11-09 12:29:06"},{"nodeID":"1281322","text":"Default Transition","type":"TA","timestamp":"2023-11-09 12:29:06"},{"nodeID":"1281323","text":"Arguing","type":"YA","timestamp":"2023-11-09 12:29:06"},{"nodeID":"1281324","text":"Default Transition","type":"TA","timestamp":"2023-11-09 12:29:06"},{"nodeID":"1281325","text":"Albert Bourla: we will need boosts every year","type":"L","timestamp":"2023-11-09 12:29:06"},{"nodeID":"1281326","text":"Analysing","type":"YA","timestamp":"2023-11-09 12:29:06"},{"nodeID":"1281327","text":"Rebecca: Albert Bourla: in his view we will need boosts every year","type":"L","timestamp":"2023-11-09 12:29:06"},{"nodeID":"1281328","text":"Asserting","type":"YA","timestamp":"2023-11-09 12:29:06"},{"nodeID":"1281329","text":"Arguing","type":"YA","timestamp":"2023-11-09 12:29:06"},{"nodeID":"1281330","text":"Default Transition","type":"TA","timestamp":"2023-11-09 12:29:06"},{"nodeID":"1281331","text":"Default Transition","type":"TA","timestamp":"2023-11-09 12:29:06"},{"nodeID":"1281332","text":"Default Inference","type":"RA","timestamp":"2023-11-09 12:29:06"},{"nodeID":"1281333","text":"Arguing","type":"YA","timestamp":"2023-11-09 12:29:06"},{"nodeID":"1281334","text":"Default Transition","type":"TA","timestamp":"2023-11-09 12:29:06"},{"nodeID":"1281335","text":"Default Rephrase","type":"MA","timestamp":"2023-11-09 12:29:06"},{"nodeID":"1281336","text":"Restating","type":"YA","timestamp":"2023-11-09 12:29:06"},{"nodeID":"1281337","text":"Default Transition","type":"TA","timestamp":"2023-11-09 12:29:06"},{"nodeID":"1281338","text":"Default Rephrase","type":"MA","timestamp":"2023-11-09 12:29:06"},{"nodeID":"1281339","text":"Default Transition","type":"TA","timestamp":"2023-11-09 12:29:06"},{"nodeID":"1281340","text":"Default Conflict","type":"CA","timestamp":"2023-11-09 12:29:06"},{"nodeID":"1281341","text":"Disagreeing","type":"YA","timestamp":"2023-11-09 12:29:06"},{"nodeID":"1281342","text":"Default Rephrase","type":"MA","timestamp":"2023-11-09 12:29:06"},{"nodeID":"1281343","text":"Default Transition","type":"TA","timestamp":"2023-11-09 12:29:06"},{"nodeID":"1281344","text":"Restating","type":"YA","timestamp":"2023-11-09 12:29:06"},{"nodeID":"1281345","text":"Default Transition","type":"TA","timestamp":"2023-11-09 12:29:06"},{"nodeID":"1281346","text":"Default Rephrase","type":"MA","timestamp":"2023-11-09 12:29:06"},{"nodeID":"1281347","text":"Default Illocuting","type":"YA","timestamp":"2023-11-09 12:29:06"},{"nodeID":"1281348","text":"Default Inference","type":"RA","timestamp":"2023-11-09 12:29:06"},{"nodeID":"1281349","text":"Default Transition","type":"TA","timestamp":"2023-11-09 12:29:06"},{"nodeID":"1281350","text":"Arguing","type":"YA","timestamp":"2023-11-09 12:29:06"},{"nodeID":"1281351","text":"Default Transition","type":"TA","timestamp":"2023-11-09 12:29:06"},{"nodeID":"1281352","text":"Default Rephrase","type":"MA","timestamp":"2023-11-09 12:29:06"},{"nodeID":"1281353","text":"Restating","type":"YA","timestamp":"2023-11-09 12:29:06"},{"nodeID":"1281354","text":"Default Transition","type":"TA","timestamp":"2023-11-09 12:29:06"},{"nodeID":"1281355","text":"Default Inference","type":"RA","timestamp":"2023-11-09 12:29:06"},{"nodeID":"1281356","text":"Arguing","type":"YA","timestamp":"2023-11-09 12:29:06"},{"nodeID":"1281357","text":"Disagreeing","type":"YA","timestamp":"2023-11-09 12:29:06"},{"nodeID":"1281358","text":"Default Illocuting","type":"YA","timestamp":"2023-11-09 12:29:06"}],"edges":[{"edgeID":"1685898","fromID":"1281226","toID":"1281225","formEdgeID":null},{"edgeID":"1685899","fromID":"1281227","toID":"1281226","formEdgeID":null},{"edgeID":"1685900","fromID":"1281225","toID":"1281228","formEdgeID":null},{"edgeID":"1685901","fromID":"1281228","toID":"1278006","formEdgeID":null},{"edgeID":"1685902","fromID":"1281230","toID":"1281229","formEdgeID":null},{"edgeID":"1685903","fromID":"1281231","toID":"1281230","formEdgeID":null},{"edgeID":"1685904","fromID":"1281229","toID":"1281232","formEdgeID":null},{"edgeID":"1685905","fromID":"1281232","toID":"1278011","formEdgeID":null},{"edgeID":"1685906","fromID":"1278011","toID":"1281233","formEdgeID":null},{"edgeID":"1685907","fromID":"1281233","toID":"1278006","formEdgeID":null},{"edgeID":"1685908","fromID":"1281225","toID":"1281234","formEdgeID":null},{"edgeID":"1685909","fromID":"1281234","toID":"1281229","formEdgeID":null},{"edgeID":"1685910","fromID":"1281234","toID":"1281235","formEdgeID":null},{"edgeID":"1685911","fromID":"1281235","toID":"1281233","formEdgeID":null},{"edgeID":"1685912","fromID":"1281237","toID":"1281236","formEdgeID":null},{"edgeID":"1685913","fromID":"1281238","toID":"1281237","formEdgeID":null},{"edgeID":"1685914","fromID":"1281236","toID":"1281239","formEdgeID":null},{"edgeID":"1685915","fromID":"1281239","toID":"1278019","formEdgeID":null},{"edgeID":"1685916","fromID":"1281241","toID":"1281240","formEdgeID":null},{"edgeID":"1685917","fromID":"1281242","toID":"1281241","formEdgeID":null},{"edgeID":"1685918","fromID":"1281240","toID":"1281243","formEdgeID":null},{"edgeID":"1685919","fromID":"1281243","toID":"1278024","formEdgeID":null},{"edgeID":"1685920","fromID":"1281245","toID":"1281244","formEdgeID":null},{"edgeID":"1685921","fromID":"1281246","toID":"1281245","formEdgeID":null},{"edgeID":"1685922","fromID":"1281244","toID":"1281247","formEdgeID":null},{"edgeID":"1685923","fromID":"1281247","toID":"1278029","formEdgeID":null},{"edgeID":"1685924","fromID":"1281249","toID":"1281248","formEdgeID":null},{"edgeID":"1685925","fromID":"1281250","toID":"1281249","formEdgeID":null},{"edgeID":"1685926","fromID":"1281248","toID":"1281251","formEdgeID":null},{"edgeID":"1685927","fromID":"1281251","toID":"1278034","formEdgeID":null},{"edgeID":"1685928","fromID":"1281253","toID":"1281252","formEdgeID":null},{"edgeID":"1685929","fromID":"1281254","toID":"1281253","formEdgeID":null},{"edgeID":"1685930","fromID":"1281252","toID":"1281255","formEdgeID":null},{"edgeID":"1685931","fromID":"1281255","toID":"1278039","formEdgeID":null},{"edgeID":"1685932","fromID":"1281257","toID":"1281256","formEdgeID":null},{"edgeID":"1685933","fromID":"1281258","toID":"1281257","formEdgeID":null},{"edgeID":"1685934","fromID":"1281256","toID":"1281259","formEdgeID":null},{"edgeID":"1685935","fromID":"1281259","toID":"1278044","formEdgeID":null},{"edgeID":"1685936","fromID":"1281261","toID":"1281260","formEdgeID":null},{"edgeID":"1685937","fromID":"1281262","toID":"1281261","formEdgeID":null},{"edgeID":"1685938","fromID":"1281260","toID":"1281263","formEdgeID":null},{"edgeID":"1685939","fromID":"1281263","toID":"1278049","formEdgeID":null},{"edgeID":"1685940","fromID":"1281265","toID":"1281264","formEdgeID":null},{"edgeID":"1685941","fromID":"1281266","toID":"1281265","formEdgeID":null},{"edgeID":"1685942","fromID":"1281264","toID":"1281267","formEdgeID":null},{"edgeID":"1685943","fromID":"1281267","toID":"1278054","formEdgeID":null},{"edgeID":"1685944","fromID":"1281269","toID":"1281268","formEdgeID":null},{"edgeID":"1685945","fromID":"1281270","toID":"1281269","formEdgeID":null},{"edgeID":"1685946","fromID":"1281268","toID":"1281271","formEdgeID":null},{"edgeID":"1685947","fromID":"1281271","toID":"1278059","formEdgeID":null},{"edgeID":"1685948","fromID":"1281273","toID":"1281272","formEdgeID":null},{"edgeID":"1685949","fromID":"1281274","toID":"1281273","formEdgeID":null},{"edgeID":"1685950","fromID":"1281272","toID":"1281275","formEdgeID":null},{"edgeID":"1685951","fromID":"1281275","toID":"1278064","formEdgeID":null},{"edgeID":"1685952","fromID":"1281277","toID":"1281276","formEdgeID":null},{"edgeID":"1685953","fromID":"1281278","toID":"1281277","formEdgeID":null},{"edgeID":"1685954","fromID":"1281280","toID":"1281279","formEdgeID":null},{"edgeID":"1685955","fromID":"1281281","toID":"1281280","formEdgeID":null},{"edgeID":"1685956","fromID":"1281279","toID":"1281282","formEdgeID":null},{"edgeID":"1685957","fromID":"1281282","toID":"1278073","formEdgeID":null},{"edgeID":"1685958","fromID":"1281284","toID":"1281283","formEdgeID":null},{"edgeID":"1685959","fromID":"1281285","toID":"1281284","formEdgeID":null},{"edgeID":"1685960","fromID":"1281283","toID":"1281286","formEdgeID":null},{"edgeID":"1685961","fromID":"1281286","toID":"1278078","formEdgeID":null},{"edgeID":"1685962","fromID":"1281288","toID":"1281287","formEdgeID":null},{"edgeID":"1685963","fromID":"1281289","toID":"1281288","formEdgeID":null},{"edgeID":"1685964","fromID":"1281287","toID":"1281290","formEdgeID":null},{"edgeID":"1685965","fromID":"1281290","toID":"1278083","formEdgeID":null},{"edgeID":"1685966","fromID":"1281292","toID":"1281291","formEdgeID":null},{"edgeID":"1685967","fromID":"1281293","toID":"1281292","formEdgeID":null},{"edgeID":"1685968","fromID":"1281291","toID":"1281294","formEdgeID":null},{"edgeID":"1685969","fromID":"1281294","toID":"783835","formEdgeID":null},{"edgeID":"1685970","fromID":"1281296","toID":"1281295","formEdgeID":null},{"edgeID":"1685971","fromID":"1281297","toID":"1281296","formEdgeID":null},{"edgeID":"1685972","fromID":"1281295","toID":"1281298","formEdgeID":null},{"edgeID":"1685973","fromID":"1281298","toID":"1278092","formEdgeID":null},{"edgeID":"1685974","fromID":"1281300","toID":"1281299","formEdgeID":null},{"edgeID":"1685975","fromID":"1281301","toID":"1281300","formEdgeID":null},{"edgeID":"1685976","fromID":"1281299","toID":"1281302","formEdgeID":null},{"edgeID":"1685977","fromID":"1281302","toID":"1278097","formEdgeID":null},{"edgeID":"1685978","fromID":"1281304","toID":"1281303","formEdgeID":null},{"edgeID":"1685979","fromID":"1281305","toID":"1281304","formEdgeID":null},{"edgeID":"1685980","fromID":"1281303","toID":"1281306","formEdgeID":null},{"edgeID":"1685981","fromID":"1281306","toID":"1278102","formEdgeID":null},{"edgeID":"1685982","fromID":"1278019","toID":"1281307","formEdgeID":null},{"edgeID":"1685983","fromID":"1281307","toID":"1278011","formEdgeID":null},{"edgeID":"1685984","fromID":"1281229","toID":"1281308","formEdgeID":null},{"edgeID":"1685985","fromID":"1281308","toID":"1281236","formEdgeID":null},{"edgeID":"1685986","fromID":"1281308","toID":"1281309","formEdgeID":null},{"edgeID":"1685987","fromID":"1281309","toID":"1281307","formEdgeID":null},{"edgeID":"1685988","fromID":"1281236","toID":"1281310","formEdgeID":null},{"edgeID":"1685989","fromID":"1281310","toID":"1281240","formEdgeID":null},{"edgeID":"1685990","fromID":"1278019","toID":"1281311","formEdgeID":null},{"edgeID":"1685991","fromID":"1281311","toID":"1278024","formEdgeID":null},{"edgeID":"1685992","fromID":"1281310","toID":"1281312","formEdgeID":null},{"edgeID":"1685993","fromID":"1281312","toID":"1281311","formEdgeID":null},{"edgeID":"1685994","fromID":"1278024","toID":"1281313","formEdgeID":null},{"edgeID":"1685995","fromID":"1281313","toID":"1278029","formEdgeID":null},{"edgeID":"1685996","fromID":"1281240","toID":"1281314","formEdgeID":null},{"edgeID":"1685997","fromID":"1281314","toID":"1281244","formEdgeID":null},{"edgeID":"1685998","fromID":"1281314","toID":"1281315","formEdgeID":null},{"edgeID":"1685999","fromID":"1281315","toID":"1281313","formEdgeID":null},{"edgeID":"1686000","fromID":"1281244","toID":"1281316","formEdgeID":null},{"edgeID":"1686001","fromID":"1281316","toID":"1281248","formEdgeID":null},{"edgeID":"1686002","fromID":"1281248","toID":"1281317","formEdgeID":null},{"edgeID":"1686003","fromID":"1281317","toID":"1281252","formEdgeID":null},{"edgeID":"1686004","fromID":"1281252","toID":"1281318","formEdgeID":null},{"edgeID":"1686005","fromID":"1281318","toID":"1281256","formEdgeID":null},{"edgeID":"1686006","fromID":"1278044","toID":"1281319","formEdgeID":null},{"edgeID":"1686007","fromID":"1281319","toID":"1278039","formEdgeID":null},{"edgeID":"1686008","fromID":"1281256","toID":"1281320","formEdgeID":null},{"edgeID":"1686009","fromID":"1281320","toID":"1281260","formEdgeID":null},{"edgeID":"1686010","fromID":"1278054","toID":"1281321","formEdgeID":null},{"edgeID":"1686011","fromID":"1281321","toID":"1278049","formEdgeID":null},{"edgeID":"1686012","fromID":"1281260","toID":"1281322","formEdgeID":null},{"edgeID":"1686013","fromID":"1281322","toID":"1281264","formEdgeID":null},{"edgeID":"1686014","fromID":"1281322","toID":"1281323","formEdgeID":null},{"edgeID":"1686015","fromID":"1281323","toID":"1281321","formEdgeID":null},{"edgeID":"1686016","fromID":"1281264","toID":"1281324","formEdgeID":null},{"edgeID":"1686017","fromID":"1281324","toID":"1281268","formEdgeID":null},{"edgeID":"1686018","fromID":"1281326","toID":"1281325","formEdgeID":null},{"edgeID":"1686019","fromID":"1281327","toID":"1281326","formEdgeID":null},{"edgeID":"1686020","fromID":"1281325","toID":"1281328","formEdgeID":null},{"edgeID":"1686021","fromID":"1281328","toID":"1278069","formEdgeID":null},{"edgeID":"1686022","fromID":"1281276","toID":"1281329","formEdgeID":null},{"edgeID":"1686023","fromID":"1281329","toID":"1281325","formEdgeID":null},{"edgeID":"1686024","fromID":"1281268","toID":"1281330","formEdgeID":null},{"edgeID":"1686025","fromID":"1281330","toID":"1281276","formEdgeID":null},{"edgeID":"1686026","fromID":"1281276","toID":"1281331","formEdgeID":null},{"edgeID":"1686027","fromID":"1281331","toID":"1281272","formEdgeID":null},{"edgeID":"1686028","fromID":"1278064","toID":"1281332","formEdgeID":null},{"edgeID":"1686029","fromID":"1281332","toID":"1278069","formEdgeID":null},{"edgeID":"1686030","fromID":"1281331","toID":"1281333","formEdgeID":null},{"edgeID":"1686031","fromID":"1281333","toID":"1281332","formEdgeID":null},{"edgeID":"1686032","fromID":"1281276","toID":"1281334","formEdgeID":null},{"edgeID":"1686033","fromID":"1281334","toID":"1281279","formEdgeID":null},{"edgeID":"1686034","fromID":"1278073","toID":"1281335","formEdgeID":null},{"edgeID":"1686035","fromID":"1281335","toID":"1278069","formEdgeID":null},{"edgeID":"1686036","fromID":"1281334","toID":"1281336","formEdgeID":null},{"edgeID":"1686037","fromID":"1281336","toID":"1281335","formEdgeID":null},{"edgeID":"1686038","fromID":"1281279","toID":"1281337","formEdgeID":null},{"edgeID":"1686039","fromID":"1281337","toID":"1281283","formEdgeID":null},{"edgeID":"1686040","fromID":"1278078","toID":"1281338","formEdgeID":null},{"edgeID":"1686041","fromID":"1281338","toID":"1278073","formEdgeID":null},{"edgeID":"1686042","fromID":"1281283","toID":"1281339","formEdgeID":null},{"edgeID":"1686043","fromID":"1281339","toID":"1281287","formEdgeID":null},{"edgeID":"1686044","fromID":"1278083","toID":"1281340","formEdgeID":null},{"edgeID":"1686045","fromID":"1281340","toID":"1278078","formEdgeID":null},{"edgeID":"1686046","fromID":"1281339","toID":"1281341","formEdgeID":null},{"edgeID":"1686047","fromID":"1281341","toID":"1281340","formEdgeID":null},{"edgeID":"1686048","fromID":"783835","toID":"1281342","formEdgeID":null},{"edgeID":"1686049","fromID":"1281342","toID":"1278073","formEdgeID":null},{"edgeID":"1686050","fromID":"1281279","toID":"1281343","formEdgeID":null},{"edgeID":"1686051","fromID":"1281343","toID":"1281291","formEdgeID":null},{"edgeID":"1686052","fromID":"1281343","toID":"1281344","formEdgeID":null},{"edgeID":"1686053","fromID":"1281344","toID":"1281342","formEdgeID":null},{"edgeID":"1686054","fromID":"1281291","toID":"1281345","formEdgeID":null},{"edgeID":"1686055","fromID":"1281345","toID":"1281295","formEdgeID":null},{"edgeID":"1686056","fromID":"1278092","toID":"1281346","formEdgeID":null},{"edgeID":"1686057","fromID":"1281346","toID":"783835","formEdgeID":null},{"edgeID":"1686058","fromID":"1281345","toID":"1281347","formEdgeID":null},{"edgeID":"1686059","fromID":"1281347","toID":"1281346","formEdgeID":null},{"edgeID":"1686060","fromID":"1278097","toID":"1281348","formEdgeID":null},{"edgeID":"1686061","fromID":"1281348","toID":"1278092","formEdgeID":null},{"edgeID":"1686062","fromID":"1281295","toID":"1281349","formEdgeID":null},{"edgeID":"1686063","fromID":"1281349","toID":"1281299","formEdgeID":null},{"edgeID":"1686064","fromID":"1281349","toID":"1281350","formEdgeID":null},{"edgeID":"1686065","fromID":"1281350","toID":"1281348","formEdgeID":null},{"edgeID":"1686066","fromID":"1281299","toID":"1281351","formEdgeID":null},{"edgeID":"1686067","fromID":"1281351","toID":"1281303","formEdgeID":null},{"edgeID":"1686068","fromID":"1278102","toID":"1281352","formEdgeID":null},{"edgeID":"1686069","fromID":"1281352","toID":"1278097","formEdgeID":null},{"edgeID":"1686070","fromID":"1281351","toID":"1281353","formEdgeID":null},{"edgeID":"1686071","fromID":"1281353","toID":"1281352","formEdgeID":null},{"edgeID":"1686072","fromID":"1281244","toID":"1281354","formEdgeID":null},{"edgeID":"1686073","fromID":"1281354","toID":"1281252","formEdgeID":null},{"edgeID":"1686074","fromID":"1278039","toID":"1281355","formEdgeID":null},{"edgeID":"1686075","fromID":"1281355","toID":"1278029","formEdgeID":null},{"edgeID":"1686076","fromID":"1281317","toID":"1281356","formEdgeID":null},{"edgeID":"1686077","fromID":"1281356","toID":"1281355","formEdgeID":null},{"edgeID":"1686078","fromID":"1281318","toID":"1281357","formEdgeID":null},{"edgeID":"1686079","fromID":"1281357","toID":"1281319","formEdgeID":null},{"edgeID":"1686080","fromID":"1281337","toID":"1281358","formEdgeID":null},{"edgeID":"1686081","fromID":"1281358","toID":"1281338","formEdgeID":null}],"locutions":[]}