{"nodes":[{"nodeID":"783744","text":"to hear the rules made by the government weren't being followed right at the heart of government does stick in people's craw","type":"I","timestamp":"2021-12-09 20:51:54"},{"nodeID":"1146516","text":"provisions will have been ordered for Christmas Parties","type":"I","timestamp":"2023-04-20 10:20:25"},{"nodeID":"1146520","text":"there is or is not any compensation or offer of recompense for people who have shelled out for people to have Christmas parties","type":"I","timestamp":"2023-04-20 10:20:28"},{"nodeID":"1146525","text":"xxx is what happens to those who have paid for Christmas parties that are then cancelled","type":"I","timestamp":"2023-04-20 10:20:30"},{"nodeID":"1146534","text":"we look back to a year ago in terms of Christmas being cancelled and parts of the UK where families were in the car with their turkeys, told to turn back","type":"I","timestamp":"2023-04-20 10:20:33"},{"nodeID":"1146539","text":"the excuse being given was those in government were working incredibly hard","type":"I","timestamp":"2023-04-20 10:20:36"},{"nodeID":"1146547","text":"everybody was working incredibly hard","type":"I","timestamp":"2023-04-20 10:20:38"},{"nodeID":"1146555","text":"those people in supermarkets were working incredibly hard","type":"I","timestamp":"2023-04-20 10:20:40"},{"nodeID":"1146562","text":"our emergency services were working incredibly hard","type":"I","timestamp":"2023-04-20 10:20:43"},{"nodeID":"1146569","text":"both my stepchildren are serving police officers","type":"I","timestamp":"2023-04-20 10:20:45"},{"nodeID":"1146574","text":"Wendy Chamberlain's stepchildren were working incredibly hard","type":"I","timestamp":"2023-04-20 10:20:48"},{"nodeID":"1146583","text":"police officers were busy enforcing the rules the government put in place","type":"I","timestamp":"2023-04-20 10:20:51"},{"nodeID":"1146596","text":"Wendy Chamberlain, xxx is your position on AudienceMember 20211209QT08's question","type":"I","timestamp":"2023-04-20 10:20:56"},{"nodeID":"1146602","text":"Wendy Chamberlain, xxx is your position on AudienceMember 20211209QT01's question","type":"I","timestamp":"2023-04-20 10:20:58"},{"nodeID":"1146611","text":"in relation to businesses, we do need a definition","type":"I","timestamp":"2023-04-20 10:21:01"},{"nodeID":"1146619","text":"a definition of \"Christmas party\" is what we are looking for","type":"I","timestamp":"2023-04-20 10:21:04"},{"nodeID":"1146627","text":"we need clarity from the government","type":"I","timestamp":"2023-04-20 10:21:06"},{"nodeID":"1146635","text":"everybody understands Christmas Covid regulations are a fast-moving situation","type":"I","timestamp":"2023-04-20 10:21:09"},{"nodeID":"1146641","text":"when we talk about a Christmas party, xxx is what we mean","type":"I","timestamp":"2023-04-20 10:21:11"},{"nodeID":"1146648","text":"a Christmas party is a gathering, as people said, a large number of people, no masks on","type":"I","timestamp":"2023-04-20 10:21:14"},{"nodeID":"1146656","text":"a Christmas party is ensuring that Christmas lunches with small numbers of people that we have in hospitality settings can continue","type":"I","timestamp":"2023-04-20 10:21:16"},{"nodeID":"1146663","text":"we need that clarity from the government and we need it as soon as possible","type":"I","timestamp":"2023-04-20 10:21:19"},{"nodeID":"1146671","text":"works' Christmas parties are looking to be cancelled","type":"I","timestamp":"2023-04-20 10:21:21"},{"nodeID":"1280179","text":"AudienceMember 20210912QT08: provisions will have been ordered","type":"L","timestamp":"2023-11-09 12:27:24"},{"nodeID":"1280180","text":"Analysing","type":"YA","timestamp":"2023-11-09 12:27:24"},{"nodeID":"1280181","text":"Chris : AudienceMember 20210912QT08: provisions will have been ordered","type":"L","timestamp":"2023-11-09 12:27:24"},{"nodeID":"1280182","text":"Asserting","type":"YA","timestamp":"2023-11-09 12:27:24"},{"nodeID":"1280183","text":"AudienceMember 20210912QT08:  is there any compensation or offer of recompense for people who have shelled out for people to have Christmas parties","type":"L","timestamp":"2023-11-09 12:27:25"},{"nodeID":"1280184","text":"Analysing","type":"YA","timestamp":"2023-11-09 12:27:25"},{"nodeID":"1280185","text":"Chris : AudienceMember 20210912QT08:  is there any compensation or offer of recompense for people who have shelled out for people to have Christmas parties","type":"L","timestamp":"2023-11-09 12:27:25"},{"nodeID":"1280186","text":"Pure Questioning","type":"YA","timestamp":"2023-11-09 12:27:25"},{"nodeID":"1280187","text":"AudienceMember 20210912QT08: What happens to them","type":"L","timestamp":"2023-11-09 12:27:25"},{"nodeID":"1280188","text":"Analysing","type":"YA","timestamp":"2023-11-09 12:27:25"},{"nodeID":"1280189","text":"Chris : AudienceMember 20210912QT08: What happens to them","type":"L","timestamp":"2023-11-09 12:27:25"},{"nodeID":"1280190","text":"Pure Questioning","type":"YA","timestamp":"2023-11-09 12:27:25"},{"nodeID":"1280191","text":"Default Transition","type":"TA","timestamp":"2023-11-09 12:27:25"},{"nodeID":"1280192","text":"Default Rephrase","type":"MA","timestamp":"2023-11-09 12:27:25"},{"nodeID":"1280193","text":"Default Transition","type":"TA","timestamp":"2023-11-09 12:27:25"},{"nodeID":"1280194","text":"Restating","type":"YA","timestamp":"2023-11-09 12:27:25"},{"nodeID":"1280195","text":"Wendy Chamberlain: we look back to a year ago in terms of Christmas being cancelled and parts of the UK where families were in the car with their turkeys, told to turn back","type":"L","timestamp":"2023-11-09 12:27:26"},{"nodeID":"1280196","text":"Analysing","type":"YA","timestamp":"2023-11-09 12:27:26"},{"nodeID":"1280197","text":"Chris : Wendy Chamberlain: we look back to a year ago in terms of Christmas being cancelled and parts of the UK where families were in the car with their turkeys, told to turn back","type":"L","timestamp":"2023-11-09 12:27:26"},{"nodeID":"1280198","text":"Asserting","type":"YA","timestamp":"2023-11-09 12:27:26"},{"nodeID":"1280199","text":"Wendy Chamberlain: the excuse being given was those in government were working incredibly hard","type":"L","timestamp":"2023-11-09 12:27:26"},{"nodeID":"1280200","text":"Analysing","type":"YA","timestamp":"2023-11-09 12:27:26"},{"nodeID":"1280201","text":"Chris : Wendy Chamberlain: the excuse being given was those in government were working incredibly hard","type":"L","timestamp":"2023-11-09 12:27:26"},{"nodeID":"1280202","text":"Asserting","type":"YA","timestamp":"2023-11-09 12:27:26"},{"nodeID":"1280203","text":"Default Transition","type":"TA","timestamp":"2023-11-09 12:27:26"},{"nodeID":"1280204","text":"Default Conflict","type":"CA","timestamp":"2023-11-09 12:27:26"},{"nodeID":"1280205","text":"Disagreeing","type":"YA","timestamp":"2023-11-09 12:27:26"},{"nodeID":"1280206","text":"Wendy Chamberlain: Everybody was working incredibly hard","type":"L","timestamp":"2023-11-09 12:27:27"},{"nodeID":"1280207","text":"Analysing","type":"YA","timestamp":"2023-11-09 12:27:27"},{"nodeID":"1280208","text":"Chris : Wendy Chamberlain: Everybody was working incredibly hard","type":"L","timestamp":"2023-11-09 12:27:27"},{"nodeID":"1280209","text":"Asserting","type":"YA","timestamp":"2023-11-09 12:27:27"},{"nodeID":"1280210","text":"Default Transition","type":"TA","timestamp":"2023-11-09 12:27:27"},{"nodeID":"1280211","text":"Default Inference","type":"RA","timestamp":"2023-11-09 12:27:27"},{"nodeID":"1280212","text":"Arguing","type":"YA","timestamp":"2023-11-09 12:27:27"},{"nodeID":"1280213","text":"Wendy Chamberlain: Those people in supermarkets were working incredibly hard","type":"L","timestamp":"2023-11-09 12:27:28"},{"nodeID":"1280214","text":"Analysing","type":"YA","timestamp":"2023-11-09 12:27:28"},{"nodeID":"1280215","text":"Chris : Wendy Chamberlain: Those people in supermarkets were working incredibly hard","type":"L","timestamp":"2023-11-09 12:27:28"},{"nodeID":"1280216","text":"Asserting","type":"YA","timestamp":"2023-11-09 12:27:28"},{"nodeID":"1280217","text":"Default Rephrase","type":"MA","timestamp":"2023-11-09 12:27:28"},{"nodeID":"1280218","text":"Default Transition","type":"TA","timestamp":"2023-11-09 12:27:28"},{"nodeID":"1280219","text":"Wendy Chamberlain: Our emergency services","type":"L","timestamp":"2023-11-09 12:27:28"},{"nodeID":"1280220","text":"Analysing","type":"YA","timestamp":"2023-11-09 12:27:28"},{"nodeID":"1280221","text":"Chris : Wendy Chamberlain: Our emergency services","type":"L","timestamp":"2023-11-09 12:27:28"},{"nodeID":"1280222","text":"Asserting","type":"YA","timestamp":"2023-11-09 12:27:28"},{"nodeID":"1280223","text":"Default Rephrase","type":"MA","timestamp":"2023-11-09 12:27:28"},{"nodeID":"1280224","text":"Default Transition","type":"TA","timestamp":"2023-11-09 12:27:28"},{"nodeID":"1280225","text":"Wendy Chamberlain: Both my stepchildren are serving police officers","type":"L","timestamp":"2023-11-09 12:27:29"},{"nodeID":"1280226","text":"Analysing","type":"YA","timestamp":"2023-11-09 12:27:29"},{"nodeID":"1280227","text":"Chris : Wendy Chamberlain: Both my stepchildren are serving police officers","type":"L","timestamp":"2023-11-09 12:27:29"},{"nodeID":"1280228","text":"Asserting","type":"YA","timestamp":"2023-11-09 12:27:29"},{"nodeID":"1280229","text":"Wendy Chamberlain: They were working incredibly hard","type":"L","timestamp":"2023-11-09 12:27:29"},{"nodeID":"1280230","text":"Analysing","type":"YA","timestamp":"2023-11-09 12:27:29"},{"nodeID":"1280231","text":"Chris : Wendy Chamberlain: They were working incredibly hard","type":"L","timestamp":"2023-11-09 12:27:29"},{"nodeID":"1280232","text":"Asserting","type":"YA","timestamp":"2023-11-09 12:27:29"},{"nodeID":"1280233","text":"Default Rephrase","type":"MA","timestamp":"2023-11-09 12:27:29"},{"nodeID":"1280234","text":"Default Rephrase","type":"MA","timestamp":"2023-11-09 12:27:29"},{"nodeID":"1280235","text":"Default Transition","type":"TA","timestamp":"2023-11-09 12:27:29"},{"nodeID":"1280236","text":"Default Transition","type":"TA","timestamp":"2023-11-09 12:27:29"},{"nodeID":"1280237","text":"Wendy Chamberlain: enforcing the rules the government put in place","type":"L","timestamp":"2023-11-09 12:27:30"},{"nodeID":"1280238","text":"Analysing","type":"YA","timestamp":"2023-11-09 12:27:30"},{"nodeID":"1280239","text":"Chris : Wendy Chamberlain: enforcing the rules the government put in place","type":"L","timestamp":"2023-11-09 12:27:30"},{"nodeID":"1280240","text":"Asserting","type":"YA","timestamp":"2023-11-09 12:27:30"},{"nodeID":"1280241","text":"Default Transition","type":"TA","timestamp":"2023-11-09 12:27:30"},{"nodeID":"1280242","text":"Default Inference","type":"RA","timestamp":"2023-11-09 12:27:30"},{"nodeID":"1280243","text":"Wendy Chamberlain: To hear those rules weren't being followed right at the heart of government does stick in people's craw","type":"L","timestamp":"2023-11-09 12:27:30"},{"nodeID":"1280244","text":"Analysing","type":"YA","timestamp":"2023-11-09 12:27:30"},{"nodeID":"1280245","text":"Chris : Wendy Chamberlain: To hear those rules weren't being followed right at the heart of government does stick in people's craw","type":"L","timestamp":"2023-11-09 12:27:30"},{"nodeID":"1280246","text":"Asserting","type":"YA","timestamp":"2023-11-09 12:27:30"},{"nodeID":"1280247","text":"Default Inference","type":"RA","timestamp":"2023-11-09 12:27:30"},{"nodeID":"1280248","text":"Default Transition","type":"TA","timestamp":"2023-11-09 12:27:30"},{"nodeID":"1280249","text":"Arguing","type":"YA","timestamp":"2023-11-09 12:27:30"},{"nodeID":"1280250","text":"Fiona Bruce: Wendy, your position on that","type":"L","timestamp":"2023-11-09 12:27:31"},{"nodeID":"1280251","text":"Analysing","type":"YA","timestamp":"2023-11-09 12:27:31"},{"nodeID":"1280252","text":"Chris : Fiona Bruce: Wendy, your position on that","type":"L","timestamp":"2023-11-09 12:27:31"},{"nodeID":"1280253","text":"Pure Questioning","type":"YA","timestamp":"2023-11-09 12:27:31"},{"nodeID":"1280254","text":"Default Transition","type":"TA","timestamp":"2023-11-09 12:27:31"},{"nodeID":"1280255","text":"Fiona Bruce: also the original question","type":"L","timestamp":"2023-11-09 12:27:32"},{"nodeID":"1280256","text":"Analysing","type":"YA","timestamp":"2023-11-09 12:27:32"},{"nodeID":"1280257","text":"Chris : Fiona Bruce: also the original question","type":"L","timestamp":"2023-11-09 12:27:32"},{"nodeID":"1280258","text":"Asserting","type":"YA","timestamp":"2023-11-09 12:27:32"},{"nodeID":"1280259","text":"Default Transition","type":"TA","timestamp":"2023-11-09 12:27:32"},{"nodeID":"1280260","text":"Default Rephrase","type":"MA","timestamp":"2023-11-09 12:27:32"},{"nodeID":"1280261","text":"Default Transition","type":"TA","timestamp":"2023-11-09 12:27:32"},{"nodeID":"1280262","text":"Default Illocuting","type":"YA","timestamp":"2023-11-09 12:27:32"},{"nodeID":"1280263","text":"Wendy Chamberlain: In relation to businesses, we do need a definition","type":"L","timestamp":"2023-11-09 12:27:32"},{"nodeID":"1280264","text":"Analysing","type":"YA","timestamp":"2023-11-09 12:27:32"},{"nodeID":"1280265","text":"Chris : Wendy Chamberlain: In relation to businesses, we do need a definition","type":"L","timestamp":"2023-11-09 12:27:32"},{"nodeID":"1280266","text":"Asserting","type":"YA","timestamp":"2023-11-09 12:27:32"},{"nodeID":"1280267","text":"Default Rephrase","type":"MA","timestamp":"2023-11-09 12:27:32"},{"nodeID":"1280268","text":"Default Transition","type":"TA","timestamp":"2023-11-09 12:27:32"},{"nodeID":"1280269","text":"Default Illocuting","type":"YA","timestamp":"2023-11-09 12:27:32"},{"nodeID":"1280270","text":"Wendy Chamberlain: This is what we are looking for","type":"L","timestamp":"2023-11-09 12:27:33"},{"nodeID":"1280271","text":"Analysing","type":"YA","timestamp":"2023-11-09 12:27:33"},{"nodeID":"1280272","text":"Chris : Wendy Chamberlain: This is what we are looking for","type":"L","timestamp":"2023-11-09 12:27:33"},{"nodeID":"1280273","text":"Asserting","type":"YA","timestamp":"2023-11-09 12:27:33"},{"nodeID":"1280274","text":"Default Transition","type":"TA","timestamp":"2023-11-09 12:27:33"},{"nodeID":"1280275","text":"Default Inference","type":"RA","timestamp":"2023-11-09 12:27:33"},{"nodeID":"1280276","text":"Arguing","type":"YA","timestamp":"2023-11-09 12:27:33"},{"nodeID":"1280277","text":"Wendy Chamberlain: We need clarity from the government","type":"L","timestamp":"2023-11-09 12:27:33"},{"nodeID":"1280278","text":"Analysing","type":"YA","timestamp":"2023-11-09 12:27:33"},{"nodeID":"1280279","text":"Chris : Wendy Chamberlain: We need clarity from the government","type":"L","timestamp":"2023-11-09 12:27:33"},{"nodeID":"1280280","text":"Asserting","type":"YA","timestamp":"2023-11-09 12:27:33"},{"nodeID":"1280281","text":"Default Rephrase","type":"MA","timestamp":"2023-11-09 12:27:33"},{"nodeID":"1280282","text":"Default Transition","type":"TA","timestamp":"2023-11-09 12:27:33"},{"nodeID":"1280283","text":"Restating","type":"YA","timestamp":"2023-11-09 12:27:33"},{"nodeID":"1280284","text":"Wendy Chamberlain: everybody understands this is a fast-moving situation","type":"L","timestamp":"2023-11-09 12:27:34"},{"nodeID":"1280285","text":"Analysing","type":"YA","timestamp":"2023-11-09 12:27:34"},{"nodeID":"1280286","text":"Chris : Wendy Chamberlain: everybody understands this is a fast-moving situation","type":"L","timestamp":"2023-11-09 12:27:34"},{"nodeID":"1280287","text":"Asserting","type":"YA","timestamp":"2023-11-09 12:27:34"},{"nodeID":"1280288","text":"Default Transition","type":"TA","timestamp":"2023-11-09 12:27:34"},{"nodeID":"1280289","text":"Wendy Chamberlain: when we talk about a Christmas party, what do we mean","type":"L","timestamp":"2023-11-09 12:27:34"},{"nodeID":"1280290","text":"Analysing","type":"YA","timestamp":"2023-11-09 12:27:34"},{"nodeID":"1280291","text":"Chris : Wendy Chamberlain: when we talk about a Christmas party, what do we mean","type":"L","timestamp":"2023-11-09 12:27:34"},{"nodeID":"1280292","text":"Pure Questioning","type":"YA","timestamp":"2023-11-09 12:27:34"},{"nodeID":"1280293","text":"Default Transition","type":"TA","timestamp":"2023-11-09 12:27:34"},{"nodeID":"1280294","text":"Default Inference","type":"RA","timestamp":"2023-11-09 12:27:34"},{"nodeID":"1280295","text":"Arguing","type":"YA","timestamp":"2023-11-09 12:27:34"},{"nodeID":"1280296","text":"Wendy Chamberlain: Do we many a gathering, as people said, a large number of people, no masks on","type":"L","timestamp":"2023-11-09 12:27:35"},{"nodeID":"1280297","text":"Analysing","type":"YA","timestamp":"2023-11-09 12:27:35"},{"nodeID":"1280298","text":"Chris : Wendy Chamberlain: Do we many a gathering, as people said, a large number of people, no masks on","type":"L","timestamp":"2023-11-09 12:27:35"},{"nodeID":"1280299","text":"Rhetorical Questioning","type":"YA","timestamp":"2023-11-09 12:27:35"},{"nodeID":"1280300","text":"Default Transition","type":"TA","timestamp":"2023-11-09 12:27:35"},{"nodeID":"1280301","text":"Default Rephrase","type":"MA","timestamp":"2023-11-09 12:27:35"},{"nodeID":"1280302","text":"Default Illocuting","type":"YA","timestamp":"2023-11-09 12:27:35"},{"nodeID":"1280303","text":"Wendy Chamberlain: Or ensuring that Christmas lunches with small numbers of people that we have in hospitality settings can continue","type":"L","timestamp":"2023-11-09 12:27:36"},{"nodeID":"1280304","text":"Analysing","type":"YA","timestamp":"2023-11-09 12:27:36"},{"nodeID":"1280305","text":"Chris : Wendy Chamberlain: Or ensuring that Christmas lunches with small numbers of people that we have in hospitality settings can continue","type":"L","timestamp":"2023-11-09 12:27:36"},{"nodeID":"1280306","text":"Rhetorical Questioning","type":"YA","timestamp":"2023-11-09 12:27:36"},{"nodeID":"1280307","text":"Default Transition","type":"TA","timestamp":"2023-11-09 12:27:36"},{"nodeID":"1280308","text":"Default Rephrase","type":"MA","timestamp":"2023-11-09 12:27:36"},{"nodeID":"1280309","text":"Wendy Chamberlain: We need that clarity from the government and we need it as soon as possible","type":"L","timestamp":"2023-11-09 12:27:36"},{"nodeID":"1280310","text":"Analysing","type":"YA","timestamp":"2023-11-09 12:27:36"},{"nodeID":"1280311","text":"Chris : Wendy Chamberlain: We need that clarity from the government and we need it as soon as possible","type":"L","timestamp":"2023-11-09 12:27:36"},{"nodeID":"1280312","text":"Asserting","type":"YA","timestamp":"2023-11-09 12:27:36"},{"nodeID":"1280313","text":"Default Rephrase","type":"MA","timestamp":"2023-11-09 12:27:36"},{"nodeID":"1280314","text":"Default Transition","type":"TA","timestamp":"2023-11-09 12:27:36"},{"nodeID":"1280315","text":"Restating","type":"YA","timestamp":"2023-11-09 12:27:36"},{"nodeID":"1280316","text":"AudienceMember 20210912QT08: works' Christmas parties are looking to be cancelled","type":"L","timestamp":"2023-11-09 12:27:37"},{"nodeID":"1280317","text":"Analysing","type":"YA","timestamp":"2023-11-09 12:27:37"},{"nodeID":"1280318","text":"Chris : AudienceMember 20210912QT08: works' Christmas parties are looking to be cancelled","type":"L","timestamp":"2023-11-09 12:27:37"},{"nodeID":"1280319","text":"Asserting","type":"YA","timestamp":"2023-11-09 12:27:37"},{"nodeID":"1280320","text":"Default Transition","type":"TA","timestamp":"2023-11-09 12:27:37"},{"nodeID":"1280321","text":"Default Rephrase","type":"MA","timestamp":"2023-11-09 12:27:37"},{"nodeID":"1280322","text":"Restating","type":"YA","timestamp":"2023-11-09 12:27:37"},{"nodeID":"1280323","text":"Default Inference","type":"RA","timestamp":"2023-11-09 12:27:37"},{"nodeID":"1280324","text":"Arguing","type":"YA","timestamp":"2023-11-09 12:27:37"},{"nodeID":"1280325","text":"Restating","type":"YA","timestamp":"2023-11-09 12:27:37"},{"nodeID":"1280326","text":"Restating","type":"YA","timestamp":"2023-11-09 12:27:37"},{"nodeID":"1280327","text":"Restating","type":"YA","timestamp":"2023-11-09 12:27:37"},{"nodeID":"1280328","text":"Restating","type":"YA","timestamp":"2023-11-09 12:27:37"},{"nodeID":"1280329","text":"Arguing","type":"YA","timestamp":"2023-11-09 12:27:37"},{"nodeID":"1280330","text":"Default Conflict","type":"CA","timestamp":"2023-11-09 12:27:37"},{"nodeID":"1280331","text":"Default Transition","type":"TA","timestamp":"2023-11-09 12:27:37"},{"nodeID":"1280332","text":"Disagreeing","type":"YA","timestamp":"2023-11-09 12:27:37"},{"nodeID":"1280333","text":"Default Illocuting","type":"YA","timestamp":"2023-11-09 12:27:37"}],"edges":[{"edgeID":"1684593","fromID":"1280180","toID":"1280179","formEdgeID":null},{"edgeID":"1684594","fromID":"1280181","toID":"1280180","formEdgeID":null},{"edgeID":"1684595","fromID":"1280179","toID":"1280182","formEdgeID":null},{"edgeID":"1684596","fromID":"1280182","toID":"1146516","formEdgeID":null},{"edgeID":"1684597","fromID":"1280184","toID":"1280183","formEdgeID":null},{"edgeID":"1684598","fromID":"1280185","toID":"1280184","formEdgeID":null},{"edgeID":"1684599","fromID":"1280183","toID":"1280186","formEdgeID":null},{"edgeID":"1684600","fromID":"1280186","toID":"1146520","formEdgeID":null},{"edgeID":"1684601","fromID":"1280188","toID":"1280187","formEdgeID":null},{"edgeID":"1684602","fromID":"1280189","toID":"1280188","formEdgeID":null},{"edgeID":"1684603","fromID":"1280187","toID":"1280190","formEdgeID":null},{"edgeID":"1684604","fromID":"1280190","toID":"1146525","formEdgeID":null},{"edgeID":"1684605","fromID":"1280179","toID":"1280191","formEdgeID":null},{"edgeID":"1684606","fromID":"1280191","toID":"1280183","formEdgeID":null},{"edgeID":"1684607","fromID":"1146525","toID":"1280192","formEdgeID":null},{"edgeID":"1684608","fromID":"1280192","toID":"1146520","formEdgeID":null},{"edgeID":"1684609","fromID":"1280183","toID":"1280193","formEdgeID":null},{"edgeID":"1684610","fromID":"1280193","toID":"1280187","formEdgeID":null},{"edgeID":"1684611","fromID":"1280193","toID":"1280194","formEdgeID":null},{"edgeID":"1684612","fromID":"1280194","toID":"1280192","formEdgeID":null},{"edgeID":"1684613","fromID":"1280196","toID":"1280195","formEdgeID":null},{"edgeID":"1684614","fromID":"1280197","toID":"1280196","formEdgeID":null},{"edgeID":"1684615","fromID":"1280195","toID":"1280198","formEdgeID":null},{"edgeID":"1684616","fromID":"1280198","toID":"1146534","formEdgeID":null},{"edgeID":"1684617","fromID":"1280200","toID":"1280199","formEdgeID":null},{"edgeID":"1684618","fromID":"1280201","toID":"1280200","formEdgeID":null},{"edgeID":"1684619","fromID":"1280199","toID":"1280202","formEdgeID":null},{"edgeID":"1684620","fromID":"1280202","toID":"1146539","formEdgeID":null},{"edgeID":"1684621","fromID":"1280195","toID":"1280203","formEdgeID":null},{"edgeID":"1684622","fromID":"1280203","toID":"1280199","formEdgeID":null},{"edgeID":"1684623","fromID":"1146539","toID":"1280204","formEdgeID":null},{"edgeID":"1684624","fromID":"1280204","toID":"1146534","formEdgeID":null},{"edgeID":"1684625","fromID":"1280203","toID":"1280205","formEdgeID":null},{"edgeID":"1684626","fromID":"1280205","toID":"1280204","formEdgeID":null},{"edgeID":"1684627","fromID":"1280207","toID":"1280206","formEdgeID":null},{"edgeID":"1684628","fromID":"1280208","toID":"1280207","formEdgeID":null},{"edgeID":"1684629","fromID":"1280206","toID":"1280209","formEdgeID":null},{"edgeID":"1684630","fromID":"1280209","toID":"1146547","formEdgeID":null},{"edgeID":"1684631","fromID":"1280199","toID":"1280210","formEdgeID":null},{"edgeID":"1684632","fromID":"1280210","toID":"1280206","formEdgeID":null},{"edgeID":"1684633","fromID":"1146534","toID":"1280211","formEdgeID":null},{"edgeID":"1684634","fromID":"1280211","toID":"1146547","formEdgeID":null},{"edgeID":"1684635","fromID":"1146539","toID":"1280211","formEdgeID":null},{"edgeID":"1684636","fromID":"1280210","toID":"1280212","formEdgeID":null},{"edgeID":"1684637","fromID":"1280212","toID":"1280211","formEdgeID":null},{"edgeID":"1684638","fromID":"1280214","toID":"1280213","formEdgeID":null},{"edgeID":"1684639","fromID":"1280215","toID":"1280214","formEdgeID":null},{"edgeID":"1684640","fromID":"1280213","toID":"1280216","formEdgeID":null},{"edgeID":"1684641","fromID":"1280216","toID":"1146555","formEdgeID":null},{"edgeID":"1684642","fromID":"1146555","toID":"1280217","formEdgeID":null},{"edgeID":"1684643","fromID":"1280217","toID":"1146547","formEdgeID":null},{"edgeID":"1684644","fromID":"1280206","toID":"1280218","formEdgeID":null},{"edgeID":"1684645","fromID":"1280218","toID":"1280213","formEdgeID":null},{"edgeID":"1684646","fromID":"1280220","toID":"1280219","formEdgeID":null},{"edgeID":"1684647","fromID":"1280221","toID":"1280220","formEdgeID":null},{"edgeID":"1684648","fromID":"1280219","toID":"1280222","formEdgeID":null},{"edgeID":"1684649","fromID":"1280222","toID":"1146562","formEdgeID":null},{"edgeID":"1684650","fromID":"1146562","toID":"1280223","formEdgeID":null},{"edgeID":"1684651","fromID":"1280223","toID":"1146555","formEdgeID":null},{"edgeID":"1684652","fromID":"1280213","toID":"1280224","formEdgeID":null},{"edgeID":"1684653","fromID":"1280224","toID":"1280219","formEdgeID":null},{"edgeID":"1684654","fromID":"1280226","toID":"1280225","formEdgeID":null},{"edgeID":"1684655","fromID":"1280227","toID":"1280226","formEdgeID":null},{"edgeID":"1684656","fromID":"1280225","toID":"1280228","formEdgeID":null},{"edgeID":"1684657","fromID":"1280228","toID":"1146569","formEdgeID":null},{"edgeID":"1684658","fromID":"1280230","toID":"1280229","formEdgeID":null},{"edgeID":"1684659","fromID":"1280231","toID":"1280230","formEdgeID":null},{"edgeID":"1684660","fromID":"1280229","toID":"1280232","formEdgeID":null},{"edgeID":"1684661","fromID":"1280232","toID":"1146574","formEdgeID":null},{"edgeID":"1684662","fromID":"1146574","toID":"1280233","formEdgeID":null},{"edgeID":"1684663","fromID":"1280233","toID":"1146562","formEdgeID":null},{"edgeID":"1684664","fromID":"1146574","toID":"1280234","formEdgeID":null},{"edgeID":"1684665","fromID":"1280234","toID":"1146569","formEdgeID":null},{"edgeID":"1684666","fromID":"1280219","toID":"1280235","formEdgeID":null},{"edgeID":"1684667","fromID":"1280235","toID":"1280225","formEdgeID":null},{"edgeID":"1684668","fromID":"1280225","toID":"1280236","formEdgeID":null},{"edgeID":"1684669","fromID":"1280236","toID":"1280229","formEdgeID":null},{"edgeID":"1684670","fromID":"1280238","toID":"1280237","formEdgeID":null},{"edgeID":"1684671","fromID":"1280239","toID":"1280238","formEdgeID":null},{"edgeID":"1684672","fromID":"1280237","toID":"1280240","formEdgeID":null},{"edgeID":"1684673","fromID":"1280240","toID":"1146583","formEdgeID":null},{"edgeID":"1684674","fromID":"1280229","toID":"1280241","formEdgeID":null},{"edgeID":"1684675","fromID":"1280241","toID":"1280237","formEdgeID":null},{"edgeID":"1684676","fromID":"1146583","toID":"1280242","formEdgeID":null},{"edgeID":"1684677","fromID":"1280242","toID":"1146574","formEdgeID":null},{"edgeID":"1684678","fromID":"1280244","toID":"1280243","formEdgeID":null},{"edgeID":"1684679","fromID":"1280245","toID":"1280244","formEdgeID":null},{"edgeID":"1684680","fromID":"1280243","toID":"1280246","formEdgeID":null},{"edgeID":"1684681","fromID":"1280246","toID":"783744","formEdgeID":null},{"edgeID":"1684682","fromID":"1146583","toID":"1280247","formEdgeID":null},{"edgeID":"1684683","fromID":"1280247","toID":"783744","formEdgeID":null},{"edgeID":"1684684","fromID":"1146539","toID":"1280247","formEdgeID":null},{"edgeID":"1684685","fromID":"1280237","toID":"1280248","formEdgeID":null},{"edgeID":"1684686","fromID":"1280248","toID":"1280243","formEdgeID":null},{"edgeID":"1684687","fromID":"1280248","toID":"1280249","formEdgeID":null},{"edgeID":"1684688","fromID":"1280249","toID":"1280247","formEdgeID":null},{"edgeID":"1684689","fromID":"1280251","toID":"1280250","formEdgeID":null},{"edgeID":"1684690","fromID":"1280252","toID":"1280251","formEdgeID":null},{"edgeID":"1684691","fromID":"1280250","toID":"1280253","formEdgeID":null},{"edgeID":"1684692","fromID":"1280253","toID":"1146596","formEdgeID":null},{"edgeID":"1684693","fromID":"1280187","toID":"1280254","formEdgeID":null},{"edgeID":"1684694","fromID":"1280254","toID":"1280250","formEdgeID":null},{"edgeID":"1684695","fromID":"1280256","toID":"1280255","formEdgeID":null},{"edgeID":"1684696","fromID":"1280257","toID":"1280256","formEdgeID":null},{"edgeID":"1684697","fromID":"1280255","toID":"1280258","formEdgeID":null},{"edgeID":"1684698","fromID":"1280258","toID":"1146602","formEdgeID":null},{"edgeID":"1684699","fromID":"1280250","toID":"1280259","formEdgeID":null},{"edgeID":"1684700","fromID":"1280259","toID":"1280255","formEdgeID":null},{"edgeID":"1684701","fromID":"1146534","toID":"1280260","formEdgeID":null},{"edgeID":"1684702","fromID":"1280260","toID":"1146602","formEdgeID":null},{"edgeID":"1684703","fromID":"1280255","toID":"1280261","formEdgeID":null},{"edgeID":"1684704","fromID":"1280261","toID":"1280195","formEdgeID":null},{"edgeID":"1684705","fromID":"1280261","toID":"1280262","formEdgeID":null},{"edgeID":"1684706","fromID":"1280262","toID":"1280260","formEdgeID":null},{"edgeID":"1684707","fromID":"1280264","toID":"1280263","formEdgeID":null},{"edgeID":"1684708","fromID":"1280265","toID":"1280264","formEdgeID":null},{"edgeID":"1684709","fromID":"1280263","toID":"1280266","formEdgeID":null},{"edgeID":"1684710","fromID":"1280266","toID":"1146611","formEdgeID":null},{"edgeID":"1684711","fromID":"1146611","toID":"1280267","formEdgeID":null},{"edgeID":"1684712","fromID":"1280267","toID":"1146596","formEdgeID":null},{"edgeID":"1684713","fromID":"1280250","toID":"1280268","formEdgeID":null},{"edgeID":"1684714","fromID":"1280268","toID":"1280263","formEdgeID":null},{"edgeID":"1684715","fromID":"1280268","toID":"1280269","formEdgeID":null},{"edgeID":"1684716","fromID":"1280269","toID":"1280267","formEdgeID":null},{"edgeID":"1684717","fromID":"1280271","toID":"1280270","formEdgeID":null},{"edgeID":"1684718","fromID":"1280272","toID":"1280271","formEdgeID":null},{"edgeID":"1684719","fromID":"1280270","toID":"1280273","formEdgeID":null},{"edgeID":"1684720","fromID":"1280273","toID":"1146619","formEdgeID":null},{"edgeID":"1684721","fromID":"1280263","toID":"1280274","formEdgeID":null},{"edgeID":"1684722","fromID":"1280274","toID":"1280270","formEdgeID":null},{"edgeID":"1684723","fromID":"1146619","toID":"1280275","formEdgeID":null},{"edgeID":"1684724","fromID":"1280275","toID":"1146611","formEdgeID":null},{"edgeID":"1684725","fromID":"1280274","toID":"1280276","formEdgeID":null},{"edgeID":"1684726","fromID":"1280276","toID":"1280275","formEdgeID":null},{"edgeID":"1684727","fromID":"1280278","toID":"1280277","formEdgeID":null},{"edgeID":"1684728","fromID":"1280279","toID":"1280278","formEdgeID":null},{"edgeID":"1684729","fromID":"1280277","toID":"1280280","formEdgeID":null},{"edgeID":"1684730","fromID":"1280280","toID":"1146627","formEdgeID":null},{"edgeID":"1684731","fromID":"1146627","toID":"1280281","formEdgeID":null},{"edgeID":"1684732","fromID":"1280281","toID":"1146611","formEdgeID":null},{"edgeID":"1684733","fromID":"1280263","toID":"1280282","formEdgeID":null},{"edgeID":"1684734","fromID":"1280282","toID":"1280277","formEdgeID":null},{"edgeID":"1684735","fromID":"1280282","toID":"1280283","formEdgeID":null},{"edgeID":"1684736","fromID":"1280283","toID":"1280281","formEdgeID":null},{"edgeID":"1684737","fromID":"1280285","toID":"1280284","formEdgeID":null},{"edgeID":"1684738","fromID":"1280286","toID":"1280285","formEdgeID":null},{"edgeID":"1684739","fromID":"1280284","toID":"1280287","formEdgeID":null},{"edgeID":"1684740","fromID":"1280287","toID":"1146635","formEdgeID":null},{"edgeID":"1684741","fromID":"1280277","toID":"1280288","formEdgeID":null},{"edgeID":"1684742","fromID":"1280288","toID":"1280284","formEdgeID":null},{"edgeID":"1684743","fromID":"1280290","toID":"1280289","formEdgeID":null},{"edgeID":"1684744","fromID":"1280291","toID":"1280290","formEdgeID":null},{"edgeID":"1684745","fromID":"1280289","toID":"1280292","formEdgeID":null},{"edgeID":"1684746","fromID":"1280292","toID":"1146641","formEdgeID":null},{"edgeID":"1684747","fromID":"1280284","toID":"1280293","formEdgeID":null},{"edgeID":"1684748","fromID":"1280293","toID":"1280289","formEdgeID":null},{"edgeID":"1684749","fromID":"1146635","toID":"1280294","formEdgeID":null},{"edgeID":"1684750","fromID":"1280294","toID":"1146627","formEdgeID":null},{"edgeID":"1684751","fromID":"1146641","toID":"1280294","formEdgeID":null},{"edgeID":"1684752","fromID":"1280293","toID":"1280295","formEdgeID":null},{"edgeID":"1684753","fromID":"1280295","toID":"1280294","formEdgeID":null},{"edgeID":"1684754","fromID":"1280297","toID":"1280296","formEdgeID":null},{"edgeID":"1684755","fromID":"1280298","toID":"1280297","formEdgeID":null},{"edgeID":"1684756","fromID":"1280296","toID":"1280299","formEdgeID":null},{"edgeID":"1684757","fromID":"1280299","toID":"1146648","formEdgeID":null},{"edgeID":"1684758","fromID":"1280289","toID":"1280300","formEdgeID":null},{"edgeID":"1684759","fromID":"1280300","toID":"1280296","formEdgeID":null},{"edgeID":"1684760","fromID":"1146648","toID":"1280301","formEdgeID":null},{"edgeID":"1684761","fromID":"1280301","toID":"1146641","formEdgeID":null},{"edgeID":"1684762","fromID":"1280300","toID":"1280302","formEdgeID":null},{"edgeID":"1684763","fromID":"1280302","toID":"1280301","formEdgeID":null},{"edgeID":"1684764","fromID":"1280304","toID":"1280303","formEdgeID":null},{"edgeID":"1684765","fromID":"1280305","toID":"1280304","formEdgeID":null},{"edgeID":"1684766","fromID":"1280303","toID":"1280306","formEdgeID":null},{"edgeID":"1684767","fromID":"1280306","toID":"1146656","formEdgeID":null},{"edgeID":"1684768","fromID":"1280289","toID":"1280307","formEdgeID":null},{"edgeID":"1684769","fromID":"1280307","toID":"1280303","formEdgeID":null},{"edgeID":"1684770","fromID":"1146656","toID":"1280308","formEdgeID":null},{"edgeID":"1684771","fromID":"1280308","toID":"1146641","formEdgeID":null},{"edgeID":"1684772","fromID":"1280310","toID":"1280309","formEdgeID":null},{"edgeID":"1684773","fromID":"1280311","toID":"1280310","formEdgeID":null},{"edgeID":"1684774","fromID":"1280309","toID":"1280312","formEdgeID":null},{"edgeID":"1684775","fromID":"1280312","toID":"1146663","formEdgeID":null},{"edgeID":"1684776","fromID":"1146663","toID":"1280313","formEdgeID":null},{"edgeID":"1684777","fromID":"1280313","toID":"1146627","formEdgeID":null},{"edgeID":"1684778","fromID":"1280277","toID":"1280314","formEdgeID":null},{"edgeID":"1684779","fromID":"1280314","toID":"1280309","formEdgeID":null},{"edgeID":"1684780","fromID":"1280314","toID":"1280315","formEdgeID":null},{"edgeID":"1684781","fromID":"1280315","toID":"1280313","formEdgeID":null},{"edgeID":"1684782","fromID":"1280317","toID":"1280316","formEdgeID":null},{"edgeID":"1684783","fromID":"1280318","toID":"1280317","formEdgeID":null},{"edgeID":"1684784","fromID":"1280316","toID":"1280319","formEdgeID":null},{"edgeID":"1684785","fromID":"1280319","toID":"1146671","formEdgeID":null},{"edgeID":"1684786","fromID":"1280316","toID":"1280320","formEdgeID":null},{"edgeID":"1684787","fromID":"1280320","toID":"1280179","formEdgeID":null},{"edgeID":"1684788","fromID":"1146516","toID":"1280321","formEdgeID":null},{"edgeID":"1684789","fromID":"1280321","toID":"1146671","formEdgeID":null},{"edgeID":"1684790","fromID":"1280320","toID":"1280322","formEdgeID":null},{"edgeID":"1684791","fromID":"1280322","toID":"1280321","formEdgeID":null},{"edgeID":"1684792","fromID":"1146516","toID":"1280323","formEdgeID":null},{"edgeID":"1684793","fromID":"1280323","toID":"1146520","formEdgeID":null},{"edgeID":"1684794","fromID":"1146671","toID":"1280323","formEdgeID":null},{"edgeID":"1684795","fromID":"1280191","toID":"1280324","formEdgeID":null},{"edgeID":"1684796","fromID":"1280324","toID":"1280323","formEdgeID":null},{"edgeID":"1684797","fromID":"1280218","toID":"1280325","formEdgeID":null},{"edgeID":"1684798","fromID":"1280325","toID":"1280217","formEdgeID":null},{"edgeID":"1684799","fromID":"1280224","toID":"1280326","formEdgeID":null},{"edgeID":"1684800","fromID":"1280326","toID":"1280223","formEdgeID":null},{"edgeID":"1684801","fromID":"1280235","toID":"1280327","formEdgeID":null},{"edgeID":"1684802","fromID":"1280327","toID":"1280233","formEdgeID":null},{"edgeID":"1684803","fromID":"1280236","toID":"1280328","formEdgeID":null},{"edgeID":"1684804","fromID":"1280328","toID":"1280234","formEdgeID":null},{"edgeID":"1684805","fromID":"1280241","toID":"1280329","formEdgeID":null},{"edgeID":"1684806","fromID":"1280329","toID":"1280242","formEdgeID":null},{"edgeID":"1684807","fromID":"1146569","toID":"1280242","formEdgeID":null},{"edgeID":"1684808","fromID":"1146656","toID":"1280330","formEdgeID":null},{"edgeID":"1684809","fromID":"1280330","toID":"1146648","formEdgeID":null},{"edgeID":"1684810","fromID":"1280296","toID":"1280331","formEdgeID":null},{"edgeID":"1684811","fromID":"1280331","toID":"1280303","formEdgeID":null},{"edgeID":"1684812","fromID":"1280331","toID":"1280332","formEdgeID":null},{"edgeID":"1684813","fromID":"1280332","toID":"1280330","formEdgeID":null},{"edgeID":"1684814","fromID":"1280307","toID":"1280333","formEdgeID":null},{"edgeID":"1684815","fromID":"1280333","toID":"1280308","formEdgeID":null}],"locutions":[]}