{"nodes":[{"nodeID":"783723","text":"Peter Openshaw wouldn't feel safe going to a party at the moment","type":"I","timestamp":"2021-12-09 20:51:48"},{"nodeID":"783732","text":"this might reinforce the view that it is not safe right now to go to a party that a study has just come out from the National Institute for Communicable Disease in South Africa which shows ability on the part of Omicron to evade immunity from previous infections","type":"I","timestamp":"2021-12-09 20:51:51"},{"nodeID":"783739","text":"ability on the part of Omicron to evade immunity from previous infections means xxx","type":"I","timestamp":"2021-12-09 20:51:53"},{"nodeID":"1154036","text":"the manager lost the dressing room","type":"I","timestamp":"2023-04-21 13:36:15"},{"nodeID":"1154041","text":"there would be no confidence left","type":"I","timestamp":"2023-04-21 13:36:18"},{"nodeID":"1154049","text":"Boris Johnson has or has not lost the dressing room","type":"I","timestamp":"2023-04-21 13:36:20"},{"nodeID":"1154055","text":"xxx amount of people is needed for it to be a party","type":"I","timestamp":"2023-04-21 13:36:23"},{"nodeID":"1154060","text":"AudienceMember 20210912QT07 hasn't heard how many was at this party at number 10 Downing Street","type":"I","timestamp":"2023-04-21 13:36:25"},{"nodeID":"1154066","text":"there were more people than in a social bubble at the party at number 10 Downing Street","type":"I","timestamp":"2023-04-21 13:36:28"},{"nodeID":"1154071","text":"according to one source, there were dozens at the party at number 10 Downing Street","type":"I","timestamp":"2023-04-21 13:36:30"},{"nodeID":"1154079","text":"Maggie Throup could tell us how many people were there at the party at number 10 Downing Street","type":"I","timestamp":"2023-04-21 13:36:33"},{"nodeID":"1154085","text":"Maggie Throup wasn't there at the party at number 10 Downing Street","type":"I","timestamp":"2023-04-21 13:36:35"},{"nodeID":"1154092","text":"Maggie Throup doesn't know how many people were there at the party at number 10 Downing Street","type":"I","timestamp":"2023-04-21 13:36:37"},{"nodeID":"1154100","text":"Fiona Bruce can or cannot have a Christmas party regardless of restrictions","type":"I","timestamp":"2023-04-21 13:36:40"},{"nodeID":"1154106","text":"whether Fiona Bruce can or cannot have a Christmas party regardless of restrictions is the question","type":"I","timestamp":"2023-04-21 13:36:42"},{"nodeID":"1154114","text":"we have not been planning to have a Christmas party","type":"I","timestamp":"2023-04-21 13:36:45"},{"nodeID":"1154120","text":"things as they are, regardless of Omicron, we thought the chances of getting infected were too high","type":"I","timestamp":"2023-04-21 13:36:48"},{"nodeID":"1154128","text":"we had not been planning that Christmas party","type":"I","timestamp":"2023-04-21 13:36:51"},{"nodeID":"1154136","text":"there are several other parties Peter Openshaw was invited to which were cancelled","type":"I","timestamp":"2023-04-21 13:36:54"},{"nodeID":"1154142","text":"people shouldn't cancel Christmas parties","type":"I","timestamp":"2023-04-21 13:36:57"},{"nodeID":"1154153","text":"Peter Openshaw thinks or does not think Boris Johnson is wrong about that people shouldn't cancel Christmas parties","type":"I","timestamp":"2023-04-21 13:37:01"},{"nodeID":"1154165","text":"going to a party involves being indoors, in enclosed space where you are close to other people and they are not wearing masks","type":"I","timestamp":"2023-04-21 13:37:07"},{"nodeID":"1154173","text":"even tested and vaccinated, Peter Openshaw wouldn't feel safe at a party","type":"I","timestamp":"2023-04-21 13:37:09"},{"nodeID":"1279466","text":"Maggie Throup: I wasn't there","type":"L","timestamp":"2023-11-09 12:26:22"},{"nodeID":"1279467","text":"AudienceMember 20210912QT06: the manager lost the dressing room","type":"L","timestamp":"2023-11-09 12:26:22"},{"nodeID":"1279468","text":"Analysing","type":"YA","timestamp":"2023-11-09 12:26:22"},{"nodeID":"1279469","text":"Tuuli: AudienceMember 20210912QT06: the manager lost the dressing room","type":"L","timestamp":"2023-11-09 12:26:22"},{"nodeID":"1279470","text":"Asserting","type":"YA","timestamp":"2023-11-09 12:26:22"},{"nodeID":"1279471","text":"AudienceMember 20210912QT06: there would be no confidence left","type":"L","timestamp":"2023-11-09 12:26:23"},{"nodeID":"1279472","text":"Analysing","type":"YA","timestamp":"2023-11-09 12:26:23"},{"nodeID":"1279473","text":"Tuuli: AudienceMember 20210912QT06: there would be no confidence left","type":"L","timestamp":"2023-11-09 12:26:23"},{"nodeID":"1279474","text":"Asserting","type":"YA","timestamp":"2023-11-09 12:26:23"},{"nodeID":"1279475","text":"Default Transition","type":"TA","timestamp":"2023-11-09 12:26:23"},{"nodeID":"1279476","text":"Default Inference","type":"RA","timestamp":"2023-11-09 12:26:23"},{"nodeID":"1279477","text":"Arguing","type":"YA","timestamp":"2023-11-09 12:26:23"},{"nodeID":"1279478","text":"AudienceMember 20210912QT06: Has Boris Johnsen lost the dressing room","type":"L","timestamp":"2023-11-09 12:26:24"},{"nodeID":"1279479","text":"Analysing","type":"YA","timestamp":"2023-11-09 12:26:24"},{"nodeID":"1279480","text":"Tuuli: AudienceMember 20210912QT06: Has Boris Johnsen lost the dressing room","type":"L","timestamp":"2023-11-09 12:26:24"},{"nodeID":"1279481","text":"Pure Questioning","type":"YA","timestamp":"2023-11-09 12:26:24"},{"nodeID":"1279482","text":"Default Transition","type":"TA","timestamp":"2023-11-09 12:26:24"},{"nodeID":"1279483","text":"AudienceMember 20210912QT07: How many people does it need to be a party","type":"L","timestamp":"2023-11-09 12:26:24"},{"nodeID":"1279484","text":"Analysing","type":"YA","timestamp":"2023-11-09 12:26:24"},{"nodeID":"1279485","text":"Tuuli: AudienceMember 20210912QT07: How many people does it need to be a party","type":"L","timestamp":"2023-11-09 12:26:24"},{"nodeID":"1279486","text":"Pure Questioning","type":"YA","timestamp":"2023-11-09 12:26:24"},{"nodeID":"1279487","text":"Default Transition","type":"TA","timestamp":"2023-11-09 12:26:24"},{"nodeID":"1279488","text":"AudienceMember 20210912QT07:  I haven't heard how many was at this party","type":"L","timestamp":"2023-11-09 12:26:25"},{"nodeID":"1279489","text":"Analysing","type":"YA","timestamp":"2023-11-09 12:26:25"},{"nodeID":"1279490","text":"Tuuli: AudienceMember 20210912QT07:  I haven't heard how many was at this party","type":"L","timestamp":"2023-11-09 12:26:25"},{"nodeID":"1279491","text":"Asserting","type":"YA","timestamp":"2023-11-09 12:26:25"},{"nodeID":"1279492","text":"Default Transition","type":"TA","timestamp":"2023-11-09 12:26:25"},{"nodeID":"1279493","text":"Fiona Bruce: More than a bubble","type":"L","timestamp":"2023-11-09 12:26:25"},{"nodeID":"1279494","text":"Analysing","type":"YA","timestamp":"2023-11-09 12:26:25"},{"nodeID":"1279495","text":"Tuuli: Fiona Bruce: More than a bubble","type":"L","timestamp":"2023-11-09 12:26:25"},{"nodeID":"1279496","text":"Asserting","type":"YA","timestamp":"2023-11-09 12:26:25"},{"nodeID":"1279497","text":"Fiona Bruce: According to one source, dozens","type":"L","timestamp":"2023-11-09 12:26:26"},{"nodeID":"1279498","text":"Analysing","type":"YA","timestamp":"2023-11-09 12:26:26"},{"nodeID":"1279499","text":"Tuuli: Fiona Bruce: According to one source, dozens","type":"L","timestamp":"2023-11-09 12:26:26"},{"nodeID":"1279500","text":"Asserting","type":"YA","timestamp":"2023-11-09 12:26:26"},{"nodeID":"1279501","text":"Default Transition","type":"TA","timestamp":"2023-11-09 12:26:26"},{"nodeID":"1279502","text":"Default Rephrase","type":"MA","timestamp":"2023-11-09 12:26:26"},{"nodeID":"1279503","text":"Restating","type":"YA","timestamp":"2023-11-09 12:26:26"},{"nodeID":"1279504","text":"Fiona Bruce: you could tell us, Maggie","type":"L","timestamp":"2023-11-09 12:26:27"},{"nodeID":"1279505","text":"Analysing","type":"YA","timestamp":"2023-11-09 12:26:27"},{"nodeID":"1279506","text":"Tuuli: Fiona Bruce: you could tell us, Maggie","type":"L","timestamp":"2023-11-09 12:26:27"},{"nodeID":"1279507","text":"Assertive Questioning","type":"YA","timestamp":"2023-11-09 12:26:27"},{"nodeID":"1279508","text":"Default Transition","type":"TA","timestamp":"2023-11-09 12:26:27"},{"nodeID":"1279509","text":"Analysing","type":"YA","timestamp":"2023-11-09 12:26:27"},{"nodeID":"1279510","text":"Tuuli: Maggie Throup: I wasn't there","type":"L","timestamp":"2023-11-09 12:26:27"},{"nodeID":"1279511","text":"Asserting","type":"YA","timestamp":"2023-11-09 12:26:27"},{"nodeID":"1279512","text":"Default Transition","type":"TA","timestamp":"2023-11-09 12:26:27"},{"nodeID":"1279513","text":"Default Conflict","type":"CA","timestamp":"2023-11-09 12:26:27"},{"nodeID":"1279514","text":"Disagreeing","type":"YA","timestamp":"2023-11-09 12:26:27"},{"nodeID":"1279515","text":"Maggie Throup: I don't know","type":"L","timestamp":"2023-11-09 12:26:28"},{"nodeID":"1279516","text":"Analysing","type":"YA","timestamp":"2023-11-09 12:26:28"},{"nodeID":"1279517","text":"Tuuli: Maggie Throup: I don't know","type":"L","timestamp":"2023-11-09 12:26:28"},{"nodeID":"1279518","text":"Asserting","type":"YA","timestamp":"2023-11-09 12:26:28"},{"nodeID":"1279519","text":"Default Transition","type":"TA","timestamp":"2023-11-09 12:26:28"},{"nodeID":"1279520","text":"Default Inference","type":"RA","timestamp":"2023-11-09 12:26:28"},{"nodeID":"1279521","text":"Arguing","type":"YA","timestamp":"2023-11-09 12:26:28"},{"nodeID":"1279522","text":"Fiona Bruce: can I have a Christmas party regardless of restrictions","type":"L","timestamp":"2023-11-09 12:26:28"},{"nodeID":"1279523","text":"Analysing","type":"YA","timestamp":"2023-11-09 12:26:28"},{"nodeID":"1279524","text":"Tuuli: Fiona Bruce: can I have a Christmas party regardless of restrictions","type":"L","timestamp":"2023-11-09 12:26:28"},{"nodeID":"1279525","text":"Pure Questioning","type":"YA","timestamp":"2023-11-09 12:26:28"},{"nodeID":"1279526","text":"Default Transition","type":"TA","timestamp":"2023-11-09 12:26:28"},{"nodeID":"1279527","text":"Fiona Bruce: That's the question","type":"L","timestamp":"2023-11-09 12:26:29"},{"nodeID":"1279528","text":"Analysing","type":"YA","timestamp":"2023-11-09 12:26:29"},{"nodeID":"1279529","text":"Tuuli: Fiona Bruce: That's the question","type":"L","timestamp":"2023-11-09 12:26:29"},{"nodeID":"1279530","text":"Asserting","type":"YA","timestamp":"2023-11-09 12:26:29"},{"nodeID":"1279531","text":"Default Transition","type":"TA","timestamp":"2023-11-09 12:26:29"},{"nodeID":"1279532","text":"Default Rephrase","type":"MA","timestamp":"2023-11-09 12:26:29"},{"nodeID":"1279533","text":"Restating","type":"YA","timestamp":"2023-11-09 12:26:29"},{"nodeID":"1279534","text":"Peter Openshaw: We have not been planning to have a Christmas party","type":"L","timestamp":"2023-11-09 12:26:30"},{"nodeID":"1279535","text":"Analysing","type":"YA","timestamp":"2023-11-09 12:26:30"},{"nodeID":"1279536","text":"Tuuli: Peter Openshaw: We have not been planning to have a Christmas party","type":"L","timestamp":"2023-11-09 12:26:30"},{"nodeID":"1279537","text":"Asserting","type":"YA","timestamp":"2023-11-09 12:26:30"},{"nodeID":"1279538","text":"Default Transition","type":"TA","timestamp":"2023-11-09 12:26:30"},{"nodeID":"1279539","text":"Peter Openshaw: things as they are, regardless of Omicron, we thought the chances of getting infected were too high","type":"L","timestamp":"2023-11-09 12:26:30"},{"nodeID":"1279540","text":"Analysing","type":"YA","timestamp":"2023-11-09 12:26:30"},{"nodeID":"1279541","text":"Tuuli: Peter Openshaw: things as they are, regardless of Omicron, we thought the chances of getting infected were too high","type":"L","timestamp":"2023-11-09 12:26:30"},{"nodeID":"1279542","text":"Asserting","type":"YA","timestamp":"2023-11-09 12:26:30"},{"nodeID":"1279543","text":"Default Transition","type":"TA","timestamp":"2023-11-09 12:26:30"},{"nodeID":"1279544","text":"Default Inference","type":"RA","timestamp":"2023-11-09 12:26:30"},{"nodeID":"1279545","text":"Arguing","type":"YA","timestamp":"2023-11-09 12:26:30"},{"nodeID":"1279546","text":"Peter Openshaw: We had not been planning that party","type":"L","timestamp":"2023-11-09 12:26:31"},{"nodeID":"1279547","text":"Analysing","type":"YA","timestamp":"2023-11-09 12:26:31"},{"nodeID":"1279548","text":"Tuuli: Peter Openshaw: We had not been planning that party","type":"L","timestamp":"2023-11-09 12:26:31"},{"nodeID":"1279549","text":"Asserting","type":"YA","timestamp":"2023-11-09 12:26:31"},{"nodeID":"1279550","text":"Default Transition","type":"TA","timestamp":"2023-11-09 12:26:31"},{"nodeID":"1279551","text":"Default Rephrase","type":"MA","timestamp":"2023-11-09 12:26:31"},{"nodeID":"1279552","text":"Restating","type":"YA","timestamp":"2023-11-09 12:26:31"},{"nodeID":"1279553","text":"Peter Openshaw: There are several other parties I was invited to which were cancelled","type":"L","timestamp":"2023-11-09 12:26:31"},{"nodeID":"1279554","text":"Analysing","type":"YA","timestamp":"2023-11-09 12:26:31"},{"nodeID":"1279555","text":"Tuuli: Peter Openshaw: There are several other parties I was invited to which were cancelled","type":"L","timestamp":"2023-11-09 12:26:31"},{"nodeID":"1279556","text":"Asserting","type":"YA","timestamp":"2023-11-09 12:26:31"},{"nodeID":"1279557","text":"Default Transition","type":"TA","timestamp":"2023-11-09 12:26:31"},{"nodeID":"1279558","text":"Fiona Bruce: Boris Johnson's has said twice now people shouldn't cancel them","type":"L","timestamp":"2023-11-09 12:26:32"},{"nodeID":"1279559","text":"Analysing","type":"YA","timestamp":"2023-11-09 12:26:32"},{"nodeID":"1279560","text":"Tuuli: Fiona Bruce: Boris Johnson's has said twice now people shouldn't cancel them","type":"L","timestamp":"2023-11-09 12:26:32"},{"nodeID":"1279561","text":"Default Transition","type":"TA","timestamp":"2023-11-09 12:26:32"},{"nodeID":"1279562","text":"Boris Johnson: people shouldn't cancel them","type":"L","timestamp":"2023-11-09 12:26:32"},{"nodeID":"1279563","text":"Analysing","type":"YA","timestamp":"2023-11-09 12:26:32"},{"nodeID":"1279564","text":"Tuuli: Boris Johnson: Boris Johnson's has said twice now people shouldn't cancel them","type":"L","timestamp":"2023-11-09 12:26:32"},{"nodeID":"1279565","text":"Asserting","type":"YA","timestamp":"2023-11-09 12:26:32"},{"nodeID":"1279566","text":"Asserting","type":"YA","timestamp":"2023-11-09 12:26:32"},{"nodeID":"1279567","text":"Default Conflict","type":"CA","timestamp":"2023-11-09 12:26:32"},{"nodeID":"1279568","text":"Disagreeing","type":"YA","timestamp":"2023-11-09 12:26:32"},{"nodeID":"1279569","text":"Fiona Bruce: Do you think he is wrong about that","type":"L","timestamp":"2023-11-09 12:26:32"},{"nodeID":"1279570","text":"Analysing","type":"YA","timestamp":"2023-11-09 12:26:32"},{"nodeID":"1279571","text":"Tuuli: Fiona Bruce: Do you think he is wrong about that","type":"L","timestamp":"2023-11-09 12:26:32"},{"nodeID":"1279572","text":"Pure Questioning","type":"YA","timestamp":"2023-11-09 12:26:32"},{"nodeID":"1279573","text":"Default Transition","type":"TA","timestamp":"2023-11-09 12:26:32"},{"nodeID":"1279574","text":"Peter Openshaw: I wouldn't feel safe going to a party at the moment","type":"L","timestamp":"2023-11-09 12:26:33"},{"nodeID":"1279575","text":"Analysing","type":"YA","timestamp":"2023-11-09 12:26:33"},{"nodeID":"1279576","text":"Tuuli: Peter Openshaw: I wouldn't feel safe going to a party at the moment","type":"L","timestamp":"2023-11-09 12:26:33"},{"nodeID":"1279577","text":"Asserting","type":"YA","timestamp":"2023-11-09 12:26:33"},{"nodeID":"1279578","text":"Default Transition","type":"TA","timestamp":"2023-11-09 12:26:33"},{"nodeID":"1279579","text":"Default Rephrase","type":"MA","timestamp":"2023-11-09 12:26:33"},{"nodeID":"1279580","text":"Default Illocuting","type":"YA","timestamp":"2023-11-09 12:26:33"},{"nodeID":"1279581","text":"Peter Openshaw: it involved being indoors, in enclosed space where you are close to other people and they are not wearing masks","type":"L","timestamp":"2023-11-09 12:26:34"},{"nodeID":"1279582","text":"Analysing","type":"YA","timestamp":"2023-11-09 12:26:34"},{"nodeID":"1279583","text":"Tuuli: Peter Openshaw: it involved being indoors, in enclosed space where you are close to other people and they are not wearing masks","type":"L","timestamp":"2023-11-09 12:26:34"},{"nodeID":"1279584","text":"Asserting","type":"YA","timestamp":"2023-11-09 12:26:34"},{"nodeID":"1279585","text":"Default Transition","type":"TA","timestamp":"2023-11-09 12:26:34"},{"nodeID":"1279586","text":"Default Inference","type":"RA","timestamp":"2023-11-09 12:26:34"},{"nodeID":"1279587","text":"Arguing","type":"YA","timestamp":"2023-11-09 12:26:34"},{"nodeID":"1279588","text":"Peter Openshaw: Even tested and vaccinated, I wouldn't feel safe","type":"L","timestamp":"2023-11-09 12:26:34"},{"nodeID":"1279589","text":"Analysing","type":"YA","timestamp":"2023-11-09 12:26:34"},{"nodeID":"1279590","text":"Tuuli: Peter Openshaw: Even tested and vaccinated, I wouldn't feel safe","type":"L","timestamp":"2023-11-09 12:26:34"},{"nodeID":"1279591","text":"Asserting","type":"YA","timestamp":"2023-11-09 12:26:34"},{"nodeID":"1279592","text":"Default Transition","type":"TA","timestamp":"2023-11-09 12:26:34"},{"nodeID":"1279593","text":"Default Rephrase","type":"MA","timestamp":"2023-11-09 12:26:34"},{"nodeID":"1279594","text":"Restating","type":"YA","timestamp":"2023-11-09 12:26:34"},{"nodeID":"1279595","text":"Fiona Bruce: this might reinforce the view that a study has just come out from the National Institute for Communicable Disease in South Africa which shows ability on the part of Omicron to evade immunity from previous infections","type":"L","timestamp":"2023-11-09 12:26:35"},{"nodeID":"1279596","text":"Analysing","type":"YA","timestamp":"2023-11-09 12:26:35"},{"nodeID":"1279597","text":"Tuuli: Fiona Bruce: this might reinforce the view that a study has just come out from the National Institute for Communicable Disease in South Africa which shows ability on the part of Omicron to evade immunity from previous infections","type":"L","timestamp":"2023-11-09 12:26:35"},{"nodeID":"1279598","text":"Asserting","type":"YA","timestamp":"2023-11-09 12:26:35"},{"nodeID":"1279599","text":"Default Transition","type":"TA","timestamp":"2023-11-09 12:26:35"},{"nodeID":"1279600","text":"Fiona Bruce: What does that mean","type":"L","timestamp":"2023-11-09 12:26:35"},{"nodeID":"1279601","text":"Analysing","type":"YA","timestamp":"2023-11-09 12:26:35"},{"nodeID":"1279602","text":"Tuuli: Fiona Bruce: What does that mean","type":"L","timestamp":"2023-11-09 12:26:35"},{"nodeID":"1279603","text":"Pure Questioning","type":"YA","timestamp":"2023-11-09 12:26:35"},{"nodeID":"1279604","text":"Default Transition","type":"TA","timestamp":"2023-11-09 12:26:35"},{"nodeID":"1279605","text":"Default Rephrase","type":"MA","timestamp":"2023-11-09 12:26:35"},{"nodeID":"1279606","text":"Restating","type":"YA","timestamp":"2023-11-09 12:26:35"},{"nodeID":"1279607","text":"Default Rephrase","type":"MA","timestamp":"2023-11-09 12:26:35"},{"nodeID":"1279608","text":"Default Transition","type":"TA","timestamp":"2023-11-09 12:26:35"},{"nodeID":"1279609","text":"Default Illocuting","type":"YA","timestamp":"2023-11-09 12:26:35"}],"edges":[{"edgeID":"1683667","fromID":"1279468","toID":"1279467","formEdgeID":null},{"edgeID":"1683668","fromID":"1279469","toID":"1279468","formEdgeID":null},{"edgeID":"1683669","fromID":"1279467","toID":"1279470","formEdgeID":null},{"edgeID":"1683670","fromID":"1279470","toID":"1154036","formEdgeID":null},{"edgeID":"1683671","fromID":"1279472","toID":"1279471","formEdgeID":null},{"edgeID":"1683672","fromID":"1279473","toID":"1279472","formEdgeID":null},{"edgeID":"1683673","fromID":"1279471","toID":"1279474","formEdgeID":null},{"edgeID":"1683674","fromID":"1279474","toID":"1154041","formEdgeID":null},{"edgeID":"1683675","fromID":"1279467","toID":"1279475","formEdgeID":null},{"edgeID":"1683676","fromID":"1279475","toID":"1279471","formEdgeID":null},{"edgeID":"1683677","fromID":"1154036","toID":"1279476","formEdgeID":null},{"edgeID":"1683678","fromID":"1279476","toID":"1154041","formEdgeID":null},{"edgeID":"1683679","fromID":"1279475","toID":"1279477","formEdgeID":null},{"edgeID":"1683680","fromID":"1279477","toID":"1279476","formEdgeID":null},{"edgeID":"1683681","fromID":"1279479","toID":"1279478","formEdgeID":null},{"edgeID":"1683682","fromID":"1279480","toID":"1279479","formEdgeID":null},{"edgeID":"1683683","fromID":"1279478","toID":"1279481","formEdgeID":null},{"edgeID":"1683684","fromID":"1279481","toID":"1154049","formEdgeID":null},{"edgeID":"1683685","fromID":"1279471","toID":"1279482","formEdgeID":null},{"edgeID":"1683686","fromID":"1279482","toID":"1279478","formEdgeID":null},{"edgeID":"1683687","fromID":"1279484","toID":"1279483","formEdgeID":null},{"edgeID":"1683688","fromID":"1279485","toID":"1279484","formEdgeID":null},{"edgeID":"1683689","fromID":"1279483","toID":"1279486","formEdgeID":null},{"edgeID":"1683690","fromID":"1279486","toID":"1154055","formEdgeID":null},{"edgeID":"1683691","fromID":"1279478","toID":"1279487","formEdgeID":null},{"edgeID":"1683692","fromID":"1279487","toID":"1279483","formEdgeID":null},{"edgeID":"1683693","fromID":"1279489","toID":"1279488","formEdgeID":null},{"edgeID":"1683694","fromID":"1279490","toID":"1279489","formEdgeID":null},{"edgeID":"1683695","fromID":"1279488","toID":"1279491","formEdgeID":null},{"edgeID":"1683696","fromID":"1279491","toID":"1154060","formEdgeID":null},{"edgeID":"1683697","fromID":"1279483","toID":"1279492","formEdgeID":null},{"edgeID":"1683698","fromID":"1279492","toID":"1279488","formEdgeID":null},{"edgeID":"1683699","fromID":"1279494","toID":"1279493","formEdgeID":null},{"edgeID":"1683700","fromID":"1279495","toID":"1279494","formEdgeID":null},{"edgeID":"1683701","fromID":"1279493","toID":"1279496","formEdgeID":null},{"edgeID":"1683702","fromID":"1279496","toID":"1154066","formEdgeID":null},{"edgeID":"1683703","fromID":"1279498","toID":"1279497","formEdgeID":null},{"edgeID":"1683704","fromID":"1279499","toID":"1279498","formEdgeID":null},{"edgeID":"1683705","fromID":"1279497","toID":"1279500","formEdgeID":null},{"edgeID":"1683706","fromID":"1279500","toID":"1154071","formEdgeID":null},{"edgeID":"1683707","fromID":"1279493","toID":"1279501","formEdgeID":null},{"edgeID":"1683708","fromID":"1279501","toID":"1279497","formEdgeID":null},{"edgeID":"1683709","fromID":"1154071","toID":"1279502","formEdgeID":null},{"edgeID":"1683710","fromID":"1279502","toID":"1154066","formEdgeID":null},{"edgeID":"1683711","fromID":"1279501","toID":"1279503","formEdgeID":null},{"edgeID":"1683712","fromID":"1279503","toID":"1279502","formEdgeID":null},{"edgeID":"1683713","fromID":"1279505","toID":"1279504","formEdgeID":null},{"edgeID":"1683714","fromID":"1279506","toID":"1279505","formEdgeID":null},{"edgeID":"1683715","fromID":"1279504","toID":"1279507","formEdgeID":null},{"edgeID":"1683716","fromID":"1279507","toID":"1154079","formEdgeID":null},{"edgeID":"1683717","fromID":"1279497","toID":"1279508","formEdgeID":null},{"edgeID":"1683718","fromID":"1279508","toID":"1279504","formEdgeID":null},{"edgeID":"1683719","fromID":"1279509","toID":"1279466","formEdgeID":null},{"edgeID":"1683720","fromID":"1279510","toID":"1279509","formEdgeID":null},{"edgeID":"1683721","fromID":"1279466","toID":"1279511","formEdgeID":null},{"edgeID":"1683722","fromID":"1279511","toID":"1154085","formEdgeID":null},{"edgeID":"1683723","fromID":"1279504","toID":"1279512","formEdgeID":null},{"edgeID":"1683724","fromID":"1279512","toID":"1279466","formEdgeID":null},{"edgeID":"1683725","fromID":"1154085","toID":"1279513","formEdgeID":null},{"edgeID":"1683726","fromID":"1279513","toID":"1154079","formEdgeID":null},{"edgeID":"1683727","fromID":"1279512","toID":"1279514","formEdgeID":null},{"edgeID":"1683728","fromID":"1279514","toID":"1279513","formEdgeID":null},{"edgeID":"1683729","fromID":"1279516","toID":"1279515","formEdgeID":null},{"edgeID":"1683730","fromID":"1279517","toID":"1279516","formEdgeID":null},{"edgeID":"1683731","fromID":"1279515","toID":"1279518","formEdgeID":null},{"edgeID":"1683732","fromID":"1279518","toID":"1154092","formEdgeID":null},{"edgeID":"1683733","fromID":"1279466","toID":"1279519","formEdgeID":null},{"edgeID":"1683734","fromID":"1279519","toID":"1279515","formEdgeID":null},{"edgeID":"1683735","fromID":"1154085","toID":"1279520","formEdgeID":null},{"edgeID":"1683736","fromID":"1279520","toID":"1154092","formEdgeID":null},{"edgeID":"1683737","fromID":"1279519","toID":"1279521","formEdgeID":null},{"edgeID":"1683738","fromID":"1279521","toID":"1279520","formEdgeID":null},{"edgeID":"1683739","fromID":"1279523","toID":"1279522","formEdgeID":null},{"edgeID":"1683740","fromID":"1279524","toID":"1279523","formEdgeID":null},{"edgeID":"1683741","fromID":"1279522","toID":"1279525","formEdgeID":null},{"edgeID":"1683742","fromID":"1279525","toID":"1154100","formEdgeID":null},{"edgeID":"1683743","fromID":"1279515","toID":"1279526","formEdgeID":null},{"edgeID":"1683744","fromID":"1279526","toID":"1279522","formEdgeID":null},{"edgeID":"1683745","fromID":"1279528","toID":"1279527","formEdgeID":null},{"edgeID":"1683746","fromID":"1279529","toID":"1279528","formEdgeID":null},{"edgeID":"1683747","fromID":"1279527","toID":"1279530","formEdgeID":null},{"edgeID":"1683748","fromID":"1279530","toID":"1154106","formEdgeID":null},{"edgeID":"1683749","fromID":"1279522","toID":"1279531","formEdgeID":null},{"edgeID":"1683750","fromID":"1279531","toID":"1279527","formEdgeID":null},{"edgeID":"1683751","fromID":"1154106","toID":"1279532","formEdgeID":null},{"edgeID":"1683752","fromID":"1279532","toID":"1154100","formEdgeID":null},{"edgeID":"1683753","fromID":"1279531","toID":"1279533","formEdgeID":null},{"edgeID":"1683754","fromID":"1279533","toID":"1279532","formEdgeID":null},{"edgeID":"1683755","fromID":"1279535","toID":"1279534","formEdgeID":null},{"edgeID":"1683756","fromID":"1279536","toID":"1279535","formEdgeID":null},{"edgeID":"1683757","fromID":"1279534","toID":"1279537","formEdgeID":null},{"edgeID":"1683758","fromID":"1279537","toID":"1154114","formEdgeID":null},{"edgeID":"1683759","fromID":"1279527","toID":"1279538","formEdgeID":null},{"edgeID":"1683760","fromID":"1279538","toID":"1279534","formEdgeID":null},{"edgeID":"1683761","fromID":"1279540","toID":"1279539","formEdgeID":null},{"edgeID":"1683762","fromID":"1279541","toID":"1279540","formEdgeID":null},{"edgeID":"1683763","fromID":"1279539","toID":"1279542","formEdgeID":null},{"edgeID":"1683764","fromID":"1279542","toID":"1154120","formEdgeID":null},{"edgeID":"1683765","fromID":"1279534","toID":"1279543","formEdgeID":null},{"edgeID":"1683766","fromID":"1279543","toID":"1279539","formEdgeID":null},{"edgeID":"1683767","fromID":"1154120","toID":"1279544","formEdgeID":null},{"edgeID":"1683768","fromID":"1279544","toID":"1154114","formEdgeID":null},{"edgeID":"1683769","fromID":"1279543","toID":"1279545","formEdgeID":null},{"edgeID":"1683770","fromID":"1279545","toID":"1279544","formEdgeID":null},{"edgeID":"1683771","fromID":"1279547","toID":"1279546","formEdgeID":null},{"edgeID":"1683772","fromID":"1279548","toID":"1279547","formEdgeID":null},{"edgeID":"1683773","fromID":"1279546","toID":"1279549","formEdgeID":null},{"edgeID":"1683774","fromID":"1279549","toID":"1154128","formEdgeID":null},{"edgeID":"1683775","fromID":"1279539","toID":"1279550","formEdgeID":null},{"edgeID":"1683776","fromID":"1279550","toID":"1279546","formEdgeID":null},{"edgeID":"1683777","fromID":"1154128","toID":"1279551","formEdgeID":null},{"edgeID":"1683778","fromID":"1279551","toID":"1154114","formEdgeID":null},{"edgeID":"1683779","fromID":"1279550","toID":"1279552","formEdgeID":null},{"edgeID":"1683780","fromID":"1279552","toID":"1279551","formEdgeID":null},{"edgeID":"1683781","fromID":"1279554","toID":"1279553","formEdgeID":null},{"edgeID":"1683782","fromID":"1279555","toID":"1279554","formEdgeID":null},{"edgeID":"1683783","fromID":"1279553","toID":"1279556","formEdgeID":null},{"edgeID":"1683784","fromID":"1279556","toID":"1154136","formEdgeID":null},{"edgeID":"1683785","fromID":"1279546","toID":"1279557","formEdgeID":null},{"edgeID":"1683786","fromID":"1279557","toID":"1279553","formEdgeID":null},{"edgeID":"1683787","fromID":"1279559","toID":"1279558","formEdgeID":null},{"edgeID":"1683788","fromID":"1279560","toID":"1279559","formEdgeID":null},{"edgeID":"1683789","fromID":"1279553","toID":"1279561","formEdgeID":null},{"edgeID":"1683790","fromID":"1279561","toID":"1279558","formEdgeID":null},{"edgeID":"1683791","fromID":"1279563","toID":"1279562","formEdgeID":null},{"edgeID":"1683792","fromID":"1279564","toID":"1279563","formEdgeID":null},{"edgeID":"1683793","fromID":"1279562","toID":"1279565","formEdgeID":null},{"edgeID":"1683794","fromID":"1279565","toID":"1154142","formEdgeID":null},{"edgeID":"1683795","fromID":"1279558","toID":"1279566","formEdgeID":null},{"edgeID":"1683796","fromID":"1279566","toID":"1279562","formEdgeID":null},{"edgeID":"1683797","fromID":"1154142","toID":"1279567","formEdgeID":null},{"edgeID":"1683798","fromID":"1279567","toID":"1154136","formEdgeID":null},{"edgeID":"1683799","fromID":"1279561","toID":"1279568","formEdgeID":null},{"edgeID":"1683800","fromID":"1279568","toID":"1279567","formEdgeID":null},{"edgeID":"1683801","fromID":"1279570","toID":"1279569","formEdgeID":null},{"edgeID":"1683802","fromID":"1279571","toID":"1279570","formEdgeID":null},{"edgeID":"1683803","fromID":"1279569","toID":"1279572","formEdgeID":null},{"edgeID":"1683804","fromID":"1279572","toID":"1154153","formEdgeID":null},{"edgeID":"1683805","fromID":"1279558","toID":"1279573","formEdgeID":null},{"edgeID":"1683806","fromID":"1279573","toID":"1279569","formEdgeID":null},{"edgeID":"1683807","fromID":"1279575","toID":"1279574","formEdgeID":null},{"edgeID":"1683808","fromID":"1279576","toID":"1279575","formEdgeID":null},{"edgeID":"1683809","fromID":"1279574","toID":"1279577","formEdgeID":null},{"edgeID":"1683810","fromID":"1279577","toID":"783723","formEdgeID":null},{"edgeID":"1683811","fromID":"1279569","toID":"1279578","formEdgeID":null},{"edgeID":"1683812","fromID":"1279578","toID":"1279574","formEdgeID":null},{"edgeID":"1683813","fromID":"783723","toID":"1279579","formEdgeID":null},{"edgeID":"1683814","fromID":"1279579","toID":"1154153","formEdgeID":null},{"edgeID":"1683815","fromID":"1279578","toID":"1279580","formEdgeID":null},{"edgeID":"1683816","fromID":"1279580","toID":"1279579","formEdgeID":null},{"edgeID":"1683817","fromID":"1279582","toID":"1279581","formEdgeID":null},{"edgeID":"1683818","fromID":"1279583","toID":"1279582","formEdgeID":null},{"edgeID":"1683819","fromID":"1279581","toID":"1279584","formEdgeID":null},{"edgeID":"1683820","fromID":"1279584","toID":"1154165","formEdgeID":null},{"edgeID":"1683821","fromID":"1279574","toID":"1279585","formEdgeID":null},{"edgeID":"1683822","fromID":"1279585","toID":"1279581","formEdgeID":null},{"edgeID":"1683823","fromID":"1154165","toID":"1279586","formEdgeID":null},{"edgeID":"1683824","fromID":"1279586","toID":"783723","formEdgeID":null},{"edgeID":"1683825","fromID":"1279585","toID":"1279587","formEdgeID":null},{"edgeID":"1683826","fromID":"1279587","toID":"1279586","formEdgeID":null},{"edgeID":"1683827","fromID":"1279589","toID":"1279588","formEdgeID":null},{"edgeID":"1683828","fromID":"1279590","toID":"1279589","formEdgeID":null},{"edgeID":"1683829","fromID":"1279588","toID":"1279591","formEdgeID":null},{"edgeID":"1683830","fromID":"1279591","toID":"1154173","formEdgeID":null},{"edgeID":"1683831","fromID":"1279581","toID":"1279592","formEdgeID":null},{"edgeID":"1683832","fromID":"1279592","toID":"1279588","formEdgeID":null},{"edgeID":"1683833","fromID":"1154173","toID":"1279593","formEdgeID":null},{"edgeID":"1683834","fromID":"1279593","toID":"783723","formEdgeID":null},{"edgeID":"1683835","fromID":"1279592","toID":"1279594","formEdgeID":null},{"edgeID":"1683836","fromID":"1279594","toID":"1279593","formEdgeID":null},{"edgeID":"1683837","fromID":"1279596","toID":"1279595","formEdgeID":null},{"edgeID":"1683838","fromID":"1279597","toID":"1279596","formEdgeID":null},{"edgeID":"1683839","fromID":"1279595","toID":"1279598","formEdgeID":null},{"edgeID":"1683840","fromID":"1279598","toID":"783732","formEdgeID":null},{"edgeID":"1683841","fromID":"1279588","toID":"1279599","formEdgeID":null},{"edgeID":"1683842","fromID":"1279599","toID":"1279595","formEdgeID":null},{"edgeID":"1683843","fromID":"1279601","toID":"1279600","formEdgeID":null},{"edgeID":"1683844","fromID":"1279602","toID":"1279601","formEdgeID":null},{"edgeID":"1683845","fromID":"1279600","toID":"1279603","formEdgeID":null},{"edgeID":"1683846","fromID":"1279603","toID":"783739","formEdgeID":null},{"edgeID":"1683847","fromID":"1279595","toID":"1279604","formEdgeID":null},{"edgeID":"1683848","fromID":"1279604","toID":"1279600","formEdgeID":null},{"edgeID":"1683849","fromID":"1154060","toID":"1279605","formEdgeID":null},{"edgeID":"1683850","fromID":"1279605","toID":"1154055","formEdgeID":null},{"edgeID":"1683851","fromID":"1279492","toID":"1279606","formEdgeID":null},{"edgeID":"1683852","fromID":"1279606","toID":"1279605","formEdgeID":null},{"edgeID":"1683853","fromID":"1154066","toID":"1279607","formEdgeID":null},{"edgeID":"1683854","fromID":"1279607","toID":"1154055","formEdgeID":null},{"edgeID":"1683855","fromID":"1279483","toID":"1279608","formEdgeID":null},{"edgeID":"1683856","fromID":"1279608","toID":"1279493","formEdgeID":null},{"edgeID":"1683857","fromID":"1279608","toID":"1279609","formEdgeID":null},{"edgeID":"1683858","fromID":"1279609","toID":"1279607","formEdgeID":null}],"locutions":[]}