{"nodes":[{"nodeID":"783918","text":"Thangham Debonnaire obviously disagrees","type":"I","timestamp":"2021-12-09 20:52:49"},{"nodeID":"1282708","text":"it is always known governments are stronger with strong opposition","type":"I","timestamp":"2023-11-09 12:30:57"},{"nodeID":"1283409","text":"Maggie Throup: It is always known governments are stronger with strong opposition","type":"L","timestamp":"2023-11-09 12:31:54"},{"nodeID":"1283410","text":"Thangam Debonnaire: I obviously disagree","type":"L","timestamp":"2023-11-09 12:31:55"},{"nodeID":"1283411","text":"Analysing","type":"YA","timestamp":"2023-11-09 12:31:55"},{"nodeID":"1283412","text":"Chris : Thangam Debonnaire: I obviously disagree","type":"L","timestamp":"2023-11-09 12:31:55"},{"nodeID":"1283413","text":"Asserting","type":"YA","timestamp":"2023-11-09 12:31:55"},{"nodeID":"1283414","text":"the Labour Party have been critical when we needed to be","type":"I","timestamp":"2023-11-09 12:31:55"},{"nodeID":"1283415","text":"Thangam Debonnaire: we have been critical when we needed to be","type":"L","timestamp":"2023-11-09 12:31:55"},{"nodeID":"1283416","text":"Analysing","type":"YA","timestamp":"2023-11-09 12:31:55"},{"nodeID":"1283417","text":"Chris : Thangam Debonnaire: we have been critical when we needed to be","type":"L","timestamp":"2023-11-09 12:31:55"},{"nodeID":"1283418","text":"Asserting","type":"YA","timestamp":"2023-11-09 12:31:55"},{"nodeID":"1283419","text":"the Labour Party have been cooperative when it was in the nation's interest","type":"I","timestamp":"2023-11-09 12:31:56"},{"nodeID":"1283420","text":"Thangam Debonnaire: cooperative in the nation's interest","type":"L","timestamp":"2023-11-09 12:31:56"},{"nodeID":"1283421","text":"Analysing","type":"YA","timestamp":"2023-11-09 12:31:56"},{"nodeID":"1283422","text":"Chris : Thangam Debonnaire: cooperative in the nation's interest","type":"L","timestamp":"2023-11-09 12:31:56"},{"nodeID":"1283423","text":"Asserting","type":"YA","timestamp":"2023-11-09 12:31:56"},{"nodeID":"1283424","text":"Analysing","type":"YA","timestamp":"2023-11-09 12:31:56"},{"nodeID":"1283425","text":"Chris : Maggie Throup: it is always known governments are stronger with strong opposition","type":"L","timestamp":"2023-11-09 12:31:56"},{"nodeID":"1283426","text":"Asserting","type":"YA","timestamp":"2023-11-09 12:31:56"},{"nodeID":"1283427","text":"Thangam Debonnaire: Maggie says the government needs strong opposition","type":"L","timestamp":"2023-11-09 12:31:56"},{"nodeID":"1283428","text":"Analysing","type":"YA","timestamp":"2023-11-09 12:31:56"},{"nodeID":"1283429","text":"Chris : Thangam Debonnaire: Maggie says the government needs strong opposition","type":"L","timestamp":"2023-11-09 12:31:56"},{"nodeID":"1283430","text":"Asserting","type":"YA","timestamp":"2023-11-09 12:31:56"},{"nodeID":"1283431","text":"Default Transition","type":"TA","timestamp":"2023-11-09 12:31:56"},{"nodeID":"1283432","text":"Default Transition","type":"TA","timestamp":"2023-11-09 12:31:56"},{"nodeID":"1283433","text":"Default Transition","type":"TA","timestamp":"2023-11-09 12:31:56"},{"nodeID":"1283434","text":"Thangam Debonnaire can point to any number of U-turns that this party, my Labour Party that she's proud to be a shadow cabinet member of, has forced the government into over the year when it was necessary","type":"I","timestamp":"2023-11-09 12:31:56"},{"nodeID":"1283435","text":"Thangam Debonnaire: I can point to any number of U-turns that this party, my Labour Party that I'm proud to be a shadow cabinet member of, has forced the government into over the year when it was necessary","type":"L","timestamp":"2023-11-09 12:31:56"},{"nodeID":"1283436","text":"Analysing","type":"YA","timestamp":"2023-11-09 12:31:56"},{"nodeID":"1283437","text":"Chris : Thangam Debonnaire: I can point to any number of U-turns that this party, my Labour Party that I'm proud to be a shadow cabinet member of, has forced the government into over the year when it was necessary","type":"L","timestamp":"2023-11-09 12:31:56"},{"nodeID":"1283438","text":"Asserting","type":"YA","timestamp":"2023-11-09 12:31:56"},{"nodeID":"1283439","text":"Default Transition","type":"TA","timestamp":"2023-11-09 12:31:56"},{"nodeID":"1283440","text":"Default Rephrase","type":"MA","timestamp":"2023-11-09 12:31:56"},{"nodeID":"1283441","text":"Restating","type":"YA","timestamp":"2023-11-09 12:31:56"},{"nodeID":"1283442","text":"as shadow housing secretary it was hard to get the government to acknowledge the damage done on cladding","type":"I","timestamp":"2023-11-09 12:31:57"},{"nodeID":"1283443","text":"Thangam Debonnaire: It was shadow housing secretary it was hard to get the government to acknowledge the damage done on cladding","type":"L","timestamp":"2023-11-09 12:31:57"},{"nodeID":"1283444","text":"Analysing","type":"YA","timestamp":"2023-11-09 12:31:57"},{"nodeID":"1283445","text":"Chris : Thangam Debonnaire: It was shadow housing secretary it was hard to get the government to acknowledge the damage done on cladding","type":"L","timestamp":"2023-11-09 12:31:57"},{"nodeID":"1283446","text":"Asserting","type":"YA","timestamp":"2023-11-09 12:31:57"},{"nodeID":"1283447","text":"Thangam Debonnaire was able to push the then actual Secretary of State for housing to make a commitment to 3.5 billion for cladding removal","type":"I","timestamp":"2023-11-09 12:31:58"},{"nodeID":"1283448","text":"Thangam Debonnaire:  I was able to push the then actual Secretary of State for housing to make a commitment to 3.5 billion for cladding removal","type":"L","timestamp":"2023-11-09 12:31:58"},{"nodeID":"1283449","text":"Analysing","type":"YA","timestamp":"2023-11-09 12:31:58"},{"nodeID":"1283450","text":"Chris : Thangam Debonnaire:  I was able to push the then actual Secretary of State for housing to make a commitment to 3.5 billion for cladding removal","type":"L","timestamp":"2023-11-09 12:31:58"},{"nodeID":"1283451","text":"Asserting","type":"YA","timestamp":"2023-11-09 12:31:58"},{"nodeID":"1283452","text":"Thangham Debonnaire's success with cladding is just an example of Labour forcing government U-turns","type":"I","timestamp":"2023-11-09 12:31:58"},{"nodeID":"1283453","text":"Thangam Debonnaire: Just as an example","type":"L","timestamp":"2023-11-09 12:31:58"},{"nodeID":"1283454","text":"Analysing","type":"YA","timestamp":"2023-11-09 12:31:58"},{"nodeID":"1283455","text":"Chris : Thangam Debonnaire: Just as an example","type":"L","timestamp":"2023-11-09 12:31:58"},{"nodeID":"1283456","text":"Asserting","type":"YA","timestamp":"2023-11-09 12:31:58"},{"nodeID":"1283457","text":"Default Conflict","type":"CA","timestamp":"2023-11-09 12:31:58"},{"nodeID":"1283458","text":"Default Transition","type":"TA","timestamp":"2023-11-09 12:31:58"},{"nodeID":"1283459","text":"Disagreeing","type":"YA","timestamp":"2023-11-09 12:31:58"},{"nodeID":"1283460","text":"Default Inference","type":"RA","timestamp":"2023-11-09 12:31:58"},{"nodeID":"1283461","text":"Default Transition","type":"TA","timestamp":"2023-11-09 12:31:58"},{"nodeID":"1283462","text":"Default Transition","type":"TA","timestamp":"2023-11-09 12:31:58"},{"nodeID":"1283463","text":"Arguing","type":"YA","timestamp":"2023-11-09 12:31:58"},{"nodeID":"1283464","text":"Default Rephrase","type":"MA","timestamp":"2023-11-09 12:31:58"},{"nodeID":"1283465","text":"Default Transition","type":"TA","timestamp":"2023-11-09 12:31:58"},{"nodeID":"1283466","text":"Restating","type":"YA","timestamp":"2023-11-09 12:31:58"},{"nodeID":"1283467","text":"Default Transition","type":"TA","timestamp":"2023-11-09 12:31:58"},{"nodeID":"1283468","text":"Default Rephrase","type":"MA","timestamp":"2023-11-09 12:31:58"},{"nodeID":"1283469","text":"Restating","type":"YA","timestamp":"2023-11-09 12:31:58"},{"nodeID":"1283470","text":"Yvette is obviously a loss to the home affairs economy","type":"I","timestamp":"2023-11-09 12:31:59"},{"nodeID":"1283471","text":"Thangam Debonnaire: Yvette is obviously a loss to the home affairs economy","type":"L","timestamp":"2023-11-09 12:31:59"},{"nodeID":"1283472","text":"Analysing","type":"YA","timestamp":"2023-11-09 12:31:59"},{"nodeID":"1283473","text":"Chris : Thangam Debonnaire: Yvette is obviously a loss to the home affairs economy","type":"L","timestamp":"2023-11-09 12:31:59"},{"nodeID":"1283474","text":"Asserting","type":"YA","timestamp":"2023-11-09 12:31:59"},{"nodeID":"1283475","text":"Default Transition","type":"TA","timestamp":"2023-11-09 12:31:59"},{"nodeID":"1283476","text":"Thangham Debonnaire can't wait to see Yvette Cooper go against Priti Patel in the despatch box","type":"I","timestamp":"2023-11-09 12:31:59"},{"nodeID":"1283477","text":"Thangam Debonnaire:  I can't wait to see her go against Priti Patel in the despatch box","type":"L","timestamp":"2023-11-09 12:31:59"},{"nodeID":"1283478","text":"Analysing","type":"YA","timestamp":"2023-11-09 12:31:59"},{"nodeID":"1283479","text":"Chris : Thangam Debonnaire:  I can't wait to see her go against Priti Patel in the despatch box","type":"L","timestamp":"2023-11-09 12:31:59"},{"nodeID":"1283480","text":"Asserting","type":"YA","timestamp":"2023-11-09 12:31:59"},{"nodeID":"1283481","text":"Default Conflict","type":"CA","timestamp":"2023-11-09 12:31:59"},{"nodeID":"1283482","text":"Default Transition","type":"TA","timestamp":"2023-11-09 12:31:59"},{"nodeID":"1283483","text":"Disagreeing","type":"YA","timestamp":"2023-11-09 12:31:59"},{"nodeID":"1283484","text":"a slimming down, effective shadow cabinet","type":"I","timestamp":"2023-11-09 12:32:00"},{"nodeID":"1283485","text":"Thangam Debonnaire: A slimming down, effective shadow cabinet","type":"L","timestamp":"2023-11-09 12:32:00"},{"nodeID":"1283486","text":"Analysing","type":"YA","timestamp":"2023-11-09 12:32:00"},{"nodeID":"1283487","text":"Chris : Thangam Debonnaire: A slimming down, effective shadow cabinet","type":"L","timestamp":"2023-11-09 12:32:00"},{"nodeID":"1283488","text":"Asserting","type":"YA","timestamp":"2023-11-09 12:32:00"},{"nodeID":"1283489","text":"Default Transition","type":"TA","timestamp":"2023-11-09 12:32:00"},{"nodeID":"1283490","text":"Thangam Debonnaire is thrilled and proud to work for a new and slimmed down shadow cabinet","type":"I","timestamp":"2023-11-09 12:32:01"},{"nodeID":"1283491","text":"Thangam Debonnaire: I'm thrilled and proud to work for it","type":"L","timestamp":"2023-11-09 12:32:01"},{"nodeID":"1283492","text":"Analysing","type":"YA","timestamp":"2023-11-09 12:32:01"},{"nodeID":"1283493","text":"Chris : Thangam Debonnaire: I'm thrilled and proud to work for it","type":"L","timestamp":"2023-11-09 12:32:01"},{"nodeID":"1283494","text":"Asserting","type":"YA","timestamp":"2023-11-09 12:32:01"},{"nodeID":"1283495","text":"Default Transition","type":"TA","timestamp":"2023-11-09 12:32:01"},{"nodeID":"1283496","text":"the new shadow cabinet are waiting and eager to go into government","type":"I","timestamp":"2023-11-09 12:32:01"},{"nodeID":"1283497","text":"Thangam Debonnaire: We are waiting and eager to go into government","type":"L","timestamp":"2023-11-09 12:32:01"},{"nodeID":"1283498","text":"Analysing","type":"YA","timestamp":"2023-11-09 12:32:01"},{"nodeID":"1283499","text":"Chris : Thangam Debonnaire: We are waiting and eager to go into government","type":"L","timestamp":"2023-11-09 12:32:01"},{"nodeID":"1283500","text":"Asserting","type":"YA","timestamp":"2023-11-09 12:32:01"},{"nodeID":"1283501","text":"Default Transition","type":"TA","timestamp":"2023-11-09 12:32:01"},{"nodeID":"1283502","text":"Thangam Debonnaire is turning this into a party political broadcast","type":"I","timestamp":"2023-11-09 12:32:02"},{"nodeID":"1283503","text":"Thangam Debonnaire: You are turning this into a party political broadcast","type":"L","timestamp":"2023-11-09 12:32:02"},{"nodeID":"1283504","text":"Analysing","type":"YA","timestamp":"2023-11-09 12:32:02"},{"nodeID":"1283505","text":"Chris : Thangam Debonnaire: You are turning this into a party political broadcast","type":"L","timestamp":"2023-11-09 12:32:02"},{"nodeID":"1283506","text":"Asserting","type":"YA","timestamp":"2023-11-09 12:32:02"},{"nodeID":"1283507","text":"Default Transition","type":"TA","timestamp":"2023-11-09 12:32:02"},{"nodeID":"1283508","text":"Default Inference","type":"RA","timestamp":"2023-11-09 12:32:02"},{"nodeID":"1283509","text":"Arguing","type":"YA","timestamp":"2023-11-09 12:32:02"}],"edges":[{"edgeID":"1688528","fromID":"1283411","toID":"1283410","formEdgeID":null},{"edgeID":"1688529","fromID":"1283412","toID":"1283411","formEdgeID":null},{"edgeID":"1688530","fromID":"1283410","toID":"1283413","formEdgeID":null},{"edgeID":"1688531","fromID":"1283413","toID":"783918","formEdgeID":null},{"edgeID":"1688532","fromID":"1283416","toID":"1283415","formEdgeID":null},{"edgeID":"1688533","fromID":"1283417","toID":"1283416","formEdgeID":null},{"edgeID":"1688534","fromID":"1283415","toID":"1283418","formEdgeID":null},{"edgeID":"1688535","fromID":"1283418","toID":"1283414","formEdgeID":null},{"edgeID":"1688536","fromID":"1283421","toID":"1283420","formEdgeID":null},{"edgeID":"1688537","fromID":"1283422","toID":"1283421","formEdgeID":null},{"edgeID":"1688538","fromID":"1283420","toID":"1283423","formEdgeID":null},{"edgeID":"1688539","fromID":"1283423","toID":"1283419","formEdgeID":null},{"edgeID":"1688540","fromID":"1283424","toID":"1283409","formEdgeID":null},{"edgeID":"1688541","fromID":"1283425","toID":"1283424","formEdgeID":null},{"edgeID":"1688542","fromID":"1283409","toID":"1283426","formEdgeID":null},{"edgeID":"1688543","fromID":"1283426","toID":"1282708","formEdgeID":null},{"edgeID":"1688544","fromID":"1283428","toID":"1283427","formEdgeID":null},{"edgeID":"1688545","fromID":"1283429","toID":"1283428","formEdgeID":null},{"edgeID":"1688546","fromID":"1283427","toID":"1283430","formEdgeID":null},{"edgeID":"1688547","fromID":"1283430","toID":"1283409","formEdgeID":null},{"edgeID":"1688548","fromID":"1283410","toID":"1283431","formEdgeID":null},{"edgeID":"1688549","fromID":"1283431","toID":"1283427","formEdgeID":null},{"edgeID":"1688550","fromID":"1283427","toID":"1283432","formEdgeID":null},{"edgeID":"1688551","fromID":"1283432","toID":"1283415","formEdgeID":null},{"edgeID":"1688552","fromID":"1283415","toID":"1283433","formEdgeID":null},{"edgeID":"1688553","fromID":"1283433","toID":"1283420","formEdgeID":null},{"edgeID":"1688554","fromID":"1283436","toID":"1283435","formEdgeID":null},{"edgeID":"1688555","fromID":"1283437","toID":"1283436","formEdgeID":null},{"edgeID":"1688556","fromID":"1283435","toID":"1283438","formEdgeID":null},{"edgeID":"1688557","fromID":"1283438","toID":"1283434","formEdgeID":null},{"edgeID":"1688558","fromID":"1283415","toID":"1283439","formEdgeID":null},{"edgeID":"1688559","fromID":"1283439","toID":"1283435","formEdgeID":null},{"edgeID":"1688560","fromID":"1283434","toID":"1283440","formEdgeID":null},{"edgeID":"1688561","fromID":"1283440","toID":"1283414","formEdgeID":null},{"edgeID":"1688562","fromID":"1283439","toID":"1283441","formEdgeID":null},{"edgeID":"1688563","fromID":"1283441","toID":"1283440","formEdgeID":null},{"edgeID":"1688564","fromID":"1283444","toID":"1283443","formEdgeID":null},{"edgeID":"1688565","fromID":"1283445","toID":"1283444","formEdgeID":null},{"edgeID":"1688566","fromID":"1283443","toID":"1283446","formEdgeID":null},{"edgeID":"1688567","fromID":"1283446","toID":"1283442","formEdgeID":null},{"edgeID":"1688568","fromID":"1283449","toID":"1283448","formEdgeID":null},{"edgeID":"1688569","fromID":"1283450","toID":"1283449","formEdgeID":null},{"edgeID":"1688570","fromID":"1283448","toID":"1283451","formEdgeID":null},{"edgeID":"1688571","fromID":"1283451","toID":"1283447","formEdgeID":null},{"edgeID":"1688572","fromID":"1283454","toID":"1283453","formEdgeID":null},{"edgeID":"1688573","fromID":"1283455","toID":"1283454","formEdgeID":null},{"edgeID":"1688574","fromID":"1283453","toID":"1283456","formEdgeID":null},{"edgeID":"1688575","fromID":"1283456","toID":"1283452","formEdgeID":null},{"edgeID":"1688576","fromID":"1283447","toID":"1283457","formEdgeID":null},{"edgeID":"1688577","fromID":"1283457","toID":"1283442","formEdgeID":null},{"edgeID":"1688578","fromID":"1283443","toID":"1283458","formEdgeID":null},{"edgeID":"1688579","fromID":"1283458","toID":"1283448","formEdgeID":null},{"edgeID":"1688580","fromID":"1283458","toID":"1283459","formEdgeID":null},{"edgeID":"1688581","fromID":"1283459","toID":"1283457","formEdgeID":null},{"edgeID":"1688582","fromID":"1283442","toID":"1283460","formEdgeID":null},{"edgeID":"1688583","fromID":"1283460","toID":"1283434","formEdgeID":null},{"edgeID":"1688584","fromID":"1283447","toID":"1283460","formEdgeID":null},{"edgeID":"1688585","fromID":"1283435","toID":"1283461","formEdgeID":null},{"edgeID":"1688586","fromID":"1283461","toID":"1283448","formEdgeID":null},{"edgeID":"1688587","fromID":"1283435","toID":"1283462","formEdgeID":null},{"edgeID":"1688588","fromID":"1283462","toID":"1283443","formEdgeID":null},{"edgeID":"1688589","fromID":"1283461","toID":"1283463","formEdgeID":null},{"edgeID":"1688590","fromID":"1283463","toID":"1283460","formEdgeID":null},{"edgeID":"1688591","fromID":"1283452","toID":"1283464","formEdgeID":null},{"edgeID":"1688592","fromID":"1283464","toID":"1283434","formEdgeID":null},{"edgeID":"1688593","fromID":"1283435","toID":"1283465","formEdgeID":null},{"edgeID":"1688594","fromID":"1283465","toID":"1283453","formEdgeID":null},{"edgeID":"1688595","fromID":"1283465","toID":"1283466","formEdgeID":null},{"edgeID":"1688596","fromID":"1283466","toID":"1283464","formEdgeID":null},{"edgeID":"1688597","fromID":"1283448","toID":"1283467","formEdgeID":null},{"edgeID":"1688598","fromID":"1283467","toID":"1283453","formEdgeID":null},{"edgeID":"1688599","fromID":"1283452","toID":"1283468","formEdgeID":null},{"edgeID":"1688600","fromID":"1283468","toID":"1283447","formEdgeID":null},{"edgeID":"1688601","fromID":"1283467","toID":"1283469","formEdgeID":null},{"edgeID":"1688602","fromID":"1283469","toID":"1283468","formEdgeID":null},{"edgeID":"1688603","fromID":"1283472","toID":"1283471","formEdgeID":null},{"edgeID":"1688604","fromID":"1283473","toID":"1283472","formEdgeID":null},{"edgeID":"1688605","fromID":"1283471","toID":"1283474","formEdgeID":null},{"edgeID":"1688606","fromID":"1283474","toID":"1283470","formEdgeID":null},{"edgeID":"1688607","fromID":"1283453","toID":"1283475","formEdgeID":null},{"edgeID":"1688608","fromID":"1283475","toID":"1283471","formEdgeID":null},{"edgeID":"1688609","fromID":"1283478","toID":"1283477","formEdgeID":null},{"edgeID":"1688610","fromID":"1283479","toID":"1283478","formEdgeID":null},{"edgeID":"1688611","fromID":"1283477","toID":"1283480","formEdgeID":null},{"edgeID":"1688612","fromID":"1283480","toID":"1283476","formEdgeID":null},{"edgeID":"1688613","fromID":"1283476","toID":"1283481","formEdgeID":null},{"edgeID":"1688614","fromID":"1283481","toID":"1283470","formEdgeID":null},{"edgeID":"1688615","fromID":"1283471","toID":"1283482","formEdgeID":null},{"edgeID":"1688616","fromID":"1283482","toID":"1283477","formEdgeID":null},{"edgeID":"1688617","fromID":"1283482","toID":"1283483","formEdgeID":null},{"edgeID":"1688618","fromID":"1283483","toID":"1283481","formEdgeID":null},{"edgeID":"1688619","fromID":"1283486","toID":"1283485","formEdgeID":null},{"edgeID":"1688620","fromID":"1283487","toID":"1283486","formEdgeID":null},{"edgeID":"1688621","fromID":"1283485","toID":"1283488","formEdgeID":null},{"edgeID":"1688622","fromID":"1283488","toID":"1283484","formEdgeID":null},{"edgeID":"1688623","fromID":"1283477","toID":"1283489","formEdgeID":null},{"edgeID":"1688624","fromID":"1283489","toID":"1283485","formEdgeID":null},{"edgeID":"1688625","fromID":"1283492","toID":"1283491","formEdgeID":null},{"edgeID":"1688626","fromID":"1283493","toID":"1283492","formEdgeID":null},{"edgeID":"1688627","fromID":"1283491","toID":"1283494","formEdgeID":null},{"edgeID":"1688628","fromID":"1283494","toID":"1283490","formEdgeID":null},{"edgeID":"1688629","fromID":"1283485","toID":"1283495","formEdgeID":null},{"edgeID":"1688630","fromID":"1283495","toID":"1283491","formEdgeID":null},{"edgeID":"1688631","fromID":"1283498","toID":"1283497","formEdgeID":null},{"edgeID":"1688632","fromID":"1283499","toID":"1283498","formEdgeID":null},{"edgeID":"1688633","fromID":"1283497","toID":"1283500","formEdgeID":null},{"edgeID":"1688634","fromID":"1283500","toID":"1283496","formEdgeID":null},{"edgeID":"1688635","fromID":"1283491","toID":"1283501","formEdgeID":null},{"edgeID":"1688636","fromID":"1283501","toID":"1283497","formEdgeID":null},{"edgeID":"1688637","fromID":"1283504","toID":"1283503","formEdgeID":null},{"edgeID":"1688638","fromID":"1283505","toID":"1283504","formEdgeID":null},{"edgeID":"1688639","fromID":"1283503","toID":"1283506","formEdgeID":null},{"edgeID":"1688640","fromID":"1283506","toID":"1283502","formEdgeID":null},{"edgeID":"1688641","fromID":"1283497","toID":"1283507","formEdgeID":null},{"edgeID":"1688642","fromID":"1283507","toID":"1283503","formEdgeID":null},{"edgeID":"1688643","fromID":"1283496","toID":"1283508","formEdgeID":null},{"edgeID":"1688644","fromID":"1283508","toID":"1283490","formEdgeID":null},{"edgeID":"1688645","fromID":"1283501","toID":"1283509","formEdgeID":null},{"edgeID":"1688646","fromID":"1283509","toID":"1283508","formEdgeID":null}],"locutions":[]}