{"nodes":[{"nodeID":"783682","text":"AudienceMember20211209QT01 can or cannot have a Christmas party regardless of restrictions","type":"I","timestamp":"2021-12-09 20:51:35"},{"nodeID":"783746","text":"it is hard to hear now not only that there was a Christmas party in high places but that it was literally in the Prime Minister's residence","type":"I","timestamp":"2021-12-09 20:51:55"},{"nodeID":"884129","text":"AudeinceMember20211209QT01 lives at number 10 on their street","type":"I","timestamp":"2022-01-29 12:36:24"},{"nodeID":"884140","text":"hearing about the Prime Minister's Christmas party hurts for a lot of people","type":"I","timestamp":"2022-01-29 12:36:28"},{"nodeID":"884146","text":"this time last year when the regulations were tough, case rates were going up, people were suffering, in hospital, losing loved ones","type":"I","timestamp":"2022-01-29 12:36:29"},{"nodeID":"884154","text":"this time last year most of us were sticking by the rules, doing all things, told no Christmas parties","type":"I","timestamp":"2022-01-29 12:36:31"},{"nodeID":"1278627","text":"AudienceMember 20210912QT01: I live at number 10 on my street","type":"L","timestamp":"2023-11-09 12:25:06"},{"nodeID":"1278628","text":"Analysing","type":"YA","timestamp":"2023-11-09 12:25:06"},{"nodeID":"1278629","text":"Chris : AudienceMember 20210912QT01: I live at number 10 on my street","type":"L","timestamp":"2023-11-09 12:25:06"},{"nodeID":"1278630","text":"Asserting","type":"YA","timestamp":"2023-11-09 12:25:06"},{"nodeID":"1278631","text":"AudienceMember 20210912QT01: Can I have a Christmas party regardless of restrictions","type":"L","timestamp":"2023-11-09 12:25:06"},{"nodeID":"1278632","text":"Analysing","type":"YA","timestamp":"2023-11-09 12:25:06"},{"nodeID":"1278633","text":"Chris : AudienceMember 20210912QT01: Can I have a Christmas party regardless of restrictions","type":"L","timestamp":"2023-11-09 12:25:06"},{"nodeID":"1278634","text":"Pure Questioning","type":"YA","timestamp":"2023-11-09 12:25:06"},{"nodeID":"1278635","text":"Default Inference","type":"RA","timestamp":"2023-11-09 12:25:06"},{"nodeID":"1278636","text":"Default Transition","type":"TA","timestamp":"2023-11-09 12:25:06"},{"nodeID":"1278637","text":"Arguing","type":"YA","timestamp":"2023-11-09 12:25:06"},{"nodeID":"1278638","text":"Thangam Debonnaire: It hurts for a lot of people","type":"L","timestamp":"2023-11-09 12:25:07"},{"nodeID":"1278639","text":"Analysing","type":"YA","timestamp":"2023-11-09 12:25:07"},{"nodeID":"1278640","text":"Chris : Thangam Debonnaire: It hurts for a lot of people","type":"L","timestamp":"2023-11-09 12:25:07"},{"nodeID":"1278641","text":"Asserting","type":"YA","timestamp":"2023-11-09 12:25:07"},{"nodeID":"1278642","text":"Default Transition","type":"TA","timestamp":"2023-11-09 12:25:07"},{"nodeID":"1278643","text":"Thangam Debonnaire: this time last year when the regulations were tough, case rates were going up, people were suffering, in hospital, losing loved ones","type":"L","timestamp":"2023-11-09 12:25:07"},{"nodeID":"1278644","text":"Analysing","type":"YA","timestamp":"2023-11-09 12:25:07"},{"nodeID":"1278645","text":"Chris : Thangam Debonnaire: this time last year when the regulations were tough, case rates were going up, people were suffering, in hospital, losing loved ones","type":"L","timestamp":"2023-11-09 12:25:07"},{"nodeID":"1278646","text":"Asserting","type":"YA","timestamp":"2023-11-09 12:25:07"},{"nodeID":"1278647","text":"Default Transition","type":"TA","timestamp":"2023-11-09 12:25:07"},{"nodeID":"1278648","text":"Default Rephrase","type":"MA","timestamp":"2023-11-09 12:25:07"},{"nodeID":"1278649","text":"Restating","type":"YA","timestamp":"2023-11-09 12:25:07"},{"nodeID":"1278650","text":"Thangam Debonnaire: most of us were sticking by the rules, doing all things, told no Christmas parties","type":"L","timestamp":"2023-11-09 12:25:08"},{"nodeID":"1278651","text":"Analysing","type":"YA","timestamp":"2023-11-09 12:25:08"},{"nodeID":"1278652","text":"Chris : Thangam Debonnaire: most of us were sticking by the rules, doing all things, told no Christmas parties","type":"L","timestamp":"2023-11-09 12:25:08"},{"nodeID":"1278653","text":"Asserting","type":"YA","timestamp":"2023-11-09 12:25:08"},{"nodeID":"1278654","text":"Default Transition","type":"TA","timestamp":"2023-11-09 12:25:08"},{"nodeID":"1278655","text":"Default Rephrase","type":"MA","timestamp":"2023-11-09 12:25:08"},{"nodeID":"1278656","text":"Restating","type":"YA","timestamp":"2023-11-09 12:25:08"},{"nodeID":"1278657","text":"Thangam Debonnaire: to hear now not only that there was a Christmas party in high places but that it was literally in the Prime Minister's residence is pretty hard, isn't it","type":"L","timestamp":"2023-11-09 12:25:09"},{"nodeID":"1278658","text":"Analysing","type":"YA","timestamp":"2023-11-09 12:25:09"},{"nodeID":"1278659","text":"Chris : Thangam Debonnaire: to hear now not only that there was a Christmas party in high places but that it was literally in the Prime Minister's residence is pretty hard, isn't it","type":"L","timestamp":"2023-11-09 12:25:09"},{"nodeID":"1278660","text":"Rhetorical Questioning","type":"YA","timestamp":"2023-11-09 12:25:09"},{"nodeID":"1278661","text":"Default Rephrase","type":"MA","timestamp":"2023-11-09 12:25:09"},{"nodeID":"1278662","text":"Default Inference","type":"RA","timestamp":"2023-11-09 12:25:09"},{"nodeID":"1278663","text":"Default Transition","type":"TA","timestamp":"2023-11-09 12:25:09"},{"nodeID":"1278664","text":"Arguing","type":"YA","timestamp":"2023-11-09 12:25:09"},{"nodeID":"1278665","text":"Default Transition","type":"TA","timestamp":"2023-11-09 12:25:09"},{"nodeID":"1278666","text":"Restating","type":"YA","timestamp":"2023-11-09 12:25:09"}],"edges":[{"edgeID":"1682589","fromID":"1278628","toID":"1278627","formEdgeID":null},{"edgeID":"1682590","fromID":"1278629","toID":"1278628","formEdgeID":null},{"edgeID":"1682591","fromID":"1278627","toID":"1278630","formEdgeID":null},{"edgeID":"1682592","fromID":"1278630","toID":"884129","formEdgeID":null},{"edgeID":"1682593","fromID":"1278632","toID":"1278631","formEdgeID":null},{"edgeID":"1682594","fromID":"1278633","toID":"1278632","formEdgeID":null},{"edgeID":"1682595","fromID":"1278631","toID":"1278634","formEdgeID":null},{"edgeID":"1682596","fromID":"1278634","toID":"783682","formEdgeID":null},{"edgeID":"1682597","fromID":"884129","toID":"1278635","formEdgeID":null},{"edgeID":"1682598","fromID":"1278635","toID":"783682","formEdgeID":null},{"edgeID":"1682599","fromID":"1278627","toID":"1278636","formEdgeID":null},{"edgeID":"1682600","fromID":"1278636","toID":"1278631","formEdgeID":null},{"edgeID":"1682601","fromID":"1278636","toID":"1278637","formEdgeID":null},{"edgeID":"1682602","fromID":"1278637","toID":"1278635","formEdgeID":null},{"edgeID":"1682603","fromID":"1278639","toID":"1278638","formEdgeID":null},{"edgeID":"1682604","fromID":"1278640","toID":"1278639","formEdgeID":null},{"edgeID":"1682605","fromID":"1278638","toID":"1278641","formEdgeID":null},{"edgeID":"1682606","fromID":"1278641","toID":"884140","formEdgeID":null},{"edgeID":"1682607","fromID":"1278631","toID":"1278642","formEdgeID":null},{"edgeID":"1682608","fromID":"1278642","toID":"1278638","formEdgeID":null},{"edgeID":"1682609","fromID":"1278644","toID":"1278643","formEdgeID":null},{"edgeID":"1682610","fromID":"1278645","toID":"1278644","formEdgeID":null},{"edgeID":"1682611","fromID":"1278643","toID":"1278646","formEdgeID":null},{"edgeID":"1682612","fromID":"1278646","toID":"884146","formEdgeID":null},{"edgeID":"1682613","fromID":"1278638","toID":"1278647","formEdgeID":null},{"edgeID":"1682614","fromID":"1278647","toID":"1278643","formEdgeID":null},{"edgeID":"1682615","fromID":"884146","toID":"1278648","formEdgeID":null},{"edgeID":"1682616","fromID":"1278648","toID":"884140","formEdgeID":null},{"edgeID":"1682617","fromID":"1278647","toID":"1278649","formEdgeID":null},{"edgeID":"1682618","fromID":"1278649","toID":"1278648","formEdgeID":null},{"edgeID":"1682619","fromID":"1278651","toID":"1278650","formEdgeID":null},{"edgeID":"1682620","fromID":"1278652","toID":"1278651","formEdgeID":null},{"edgeID":"1682621","fromID":"1278650","toID":"1278653","formEdgeID":null},{"edgeID":"1682622","fromID":"1278653","toID":"884154","formEdgeID":null},{"edgeID":"1682623","fromID":"1278643","toID":"1278654","formEdgeID":null},{"edgeID":"1682624","fromID":"1278654","toID":"1278650","formEdgeID":null},{"edgeID":"1682625","fromID":"884154","toID":"1278655","formEdgeID":null},{"edgeID":"1682626","fromID":"1278655","toID":"884146","formEdgeID":null},{"edgeID":"1682627","fromID":"1278654","toID":"1278656","formEdgeID":null},{"edgeID":"1682628","fromID":"1278656","toID":"1278655","formEdgeID":null},{"edgeID":"1682629","fromID":"1278658","toID":"1278657","formEdgeID":null},{"edgeID":"1682630","fromID":"1278659","toID":"1278658","formEdgeID":null},{"edgeID":"1682631","fromID":"1278657","toID":"1278660","formEdgeID":null},{"edgeID":"1682632","fromID":"1278660","toID":"783746","formEdgeID":null},{"edgeID":"1682633","fromID":"783746","toID":"1278661","formEdgeID":null},{"edgeID":"1682634","fromID":"1278661","toID":"884140","formEdgeID":null},{"edgeID":"1682635","fromID":"884154","toID":"1278662","formEdgeID":null},{"edgeID":"1682636","fromID":"1278662","toID":"783746","formEdgeID":null},{"edgeID":"1682637","fromID":"884146","toID":"1278662","formEdgeID":null},{"edgeID":"1682638","fromID":"1278650","toID":"1278663","formEdgeID":null},{"edgeID":"1682639","fromID":"1278663","toID":"1278657","formEdgeID":null},{"edgeID":"1682640","fromID":"1278663","toID":"1278664","formEdgeID":null},{"edgeID":"1682641","fromID":"1278664","toID":"1278662","formEdgeID":null},{"edgeID":"1682642","fromID":"1278638","toID":"1278665","formEdgeID":null},{"edgeID":"1682643","fromID":"1278665","toID":"1278657","formEdgeID":null},{"edgeID":"1682644","fromID":"1278665","toID":"1278666","formEdgeID":null},{"edgeID":"1682645","fromID":"1278666","toID":"1278661","formEdgeID":null}],"locutions":[]}