{"nodes":[{"nodeID":"22328","text":"no","type":"I","timestamp":"2013-03-20 12:21:59"},{"nodeID":"783897","text":"people do want to see that richness of society","type":"I","timestamp":"2021-12-09 20:52:43"},{"nodeID":"783904","text":"people in this audience have said they want us to welcome people who are fleeing dangerous people","type":"I","timestamp":"2021-12-09 20:52:45"},{"nodeID":"1282241","text":"since 2015 the UK have brought 25 people in through safe and legal routes which is more than any other EU country","type":"I","timestamp":"2023-11-09 12:30:20"},{"nodeID":"1282242","text":"Analysing","type":"YA","timestamp":"2023-11-09 12:30:20"},{"nodeID":"1282243","text":"Maggie Throup: Since 2015 we brought 25 people in through safe and legal routes which is more than any other EU country","type":"L","timestamp":"2023-11-09 12:30:20"},{"nodeID":"1282244","text":"Kamila: Maggie Throup: Since 2015 we brought 25 people in through safe and legal routes which is more than any other EU country","type":"L","timestamp":"2023-11-09 12:30:20"},{"nodeID":"1282245","text":"Asserting","type":"YA","timestamp":"2023-11-09 12:30:20"},{"nodeID":"1282246","text":"since 2015 the UK have brought 25 people in through safe and legal routes which is more than any other EU country is not true","type":"I","timestamp":"2023-11-09 12:30:21"},{"nodeID":"1282247","text":"Analysing","type":"YA","timestamp":"2023-11-09 12:30:21"},{"nodeID":"1282248","text":"Kamila: Thangam Debonnaire: It is not true","type":"L","timestamp":"2023-11-09 12:30:21"},{"nodeID":"1282249","text":"Thangam Debonnaire: It is not true","type":"L","timestamp":"2023-11-09 12:30:21"},{"nodeID":"1282250","text":"Asserting","type":"YA","timestamp":"2023-11-09 12:30:21"},{"nodeID":"1282251","text":"Default Transition","type":"TA","timestamp":"2023-11-09 12:30:21"},{"nodeID":"1282252","text":"Default Conflict","type":"CA","timestamp":"2023-11-09 12:30:21"},{"nodeID":"1282253","text":"Disagreeing","type":"YA","timestamp":"2023-11-09 12:30:21"},{"nodeID":"1282254","text":"since 2015 the UK have brought 25 people in through safe and legal routes which is more than any other EU country is true","type":"I","timestamp":"2023-11-09 12:30:22"},{"nodeID":"1282255","text":"Kamila: Maggie Throup: It is true","type":"L","timestamp":"2023-11-09 12:30:22"},{"nodeID":"1282256","text":"Analysing","type":"YA","timestamp":"2023-11-09 12:30:22"},{"nodeID":"1282257","text":"Maggie Throup: It is true","type":"L","timestamp":"2023-11-09 12:30:22"},{"nodeID":"1282258","text":"Asserting","type":"YA","timestamp":"2023-11-09 12:30:22"},{"nodeID":"1282259","text":"Default Transition","type":"TA","timestamp":"2023-11-09 12:30:22"},{"nodeID":"1282260","text":"Default Conflict","type":"CA","timestamp":"2023-11-09 12:30:22"},{"nodeID":"1282261","text":"Disagreeing","type":"YA","timestamp":"2023-11-09 12:30:22"},{"nodeID":"1282262","text":"overall the UK take fewer refugees","type":"I","timestamp":"2023-11-09 12:30:22"},{"nodeID":"1282263","text":"Analysing","type":"YA","timestamp":"2023-11-09 12:30:22"},{"nodeID":"1282264","text":"Kamila: Fiona Bruce: Overall we take fewer refugees","type":"L","timestamp":"2023-11-09 12:30:22"},{"nodeID":"1282265","text":"Fiona Bruce: Overall we take fewer refugees","type":"L","timestamp":"2023-11-09 12:30:22"},{"nodeID":"1282266","text":"Asserting","type":"YA","timestamp":"2023-11-09 12:30:22"},{"nodeID":"1282267","text":"Default Transition","type":"TA","timestamp":"2023-11-09 12:30:22"},{"nodeID":"1282268","text":"Default Conflict","type":"CA","timestamp":"2023-11-09 12:30:22"},{"nodeID":"1282269","text":"deferments we can't get people out of","type":"I","timestamp":"2023-11-09 12:30:23"},{"nodeID":"1282270","text":"Kamila: Fiona Bruce: Deferments we can't get people out of","type":"L","timestamp":"2023-11-09 12:30:23"},{"nodeID":"1282271","text":"Analysing","type":"YA","timestamp":"2023-11-09 12:30:23"},{"nodeID":"1282272","text":"Fiona Bruce: Deferments we can't get people out of","type":"L","timestamp":"2023-11-09 12:30:23"},{"nodeID":"1282273","text":"Asserting","type":"YA","timestamp":"2023-11-09 12:30:23"},{"nodeID":"1282274","text":"Default Transition","type":"TA","timestamp":"2023-11-09 12:30:23"},{"nodeID":"1282275","text":"Default Inference","type":"RA","timestamp":"2023-11-09 12:30:23"},{"nodeID":"1282276","text":"Arguing","type":"YA","timestamp":"2023-11-09 12:30:23"},{"nodeID":"1282277","text":"we have schemes put in place","type":"I","timestamp":"2023-11-09 12:30:23"},{"nodeID":"1282278","text":"Kamila: Maggie Throup: We have schemes put in place","type":"L","timestamp":"2023-11-09 12:30:23"},{"nodeID":"1282279","text":"Analysing","type":"YA","timestamp":"2023-11-09 12:30:23"},{"nodeID":"1282280","text":"Maggie Throup: We have schemes put in place","type":"L","timestamp":"2023-11-09 12:30:23"},{"nodeID":"1282281","text":"Asserting","type":"YA","timestamp":"2023-11-09 12:30:23"},{"nodeID":"1282282","text":"Default Transition","type":"TA","timestamp":"2023-11-09 12:30:23"},{"nodeID":"1282283","text":"Default Conflict","type":"CA","timestamp":"2023-11-09 12:30:23"},{"nodeID":"1282284","text":"Disagreeing","type":"YA","timestamp":"2023-11-09 12:30:23"},{"nodeID":"1282285","text":"schemes will be put in place when xxx","type":"I","timestamp":"2023-11-09 12:30:24"},{"nodeID":"1282286","text":"Analysing","type":"YA","timestamp":"2023-11-09 12:30:24"},{"nodeID":"1282287","text":"Kamila: Thangam Debonnaire: When","type":"L","timestamp":"2023-11-09 12:30:24"},{"nodeID":"1282288","text":"Thangam Debonnaire: When","type":"L","timestamp":"2023-11-09 12:30:24"},{"nodeID":"1282289","text":"Pure Questioning","type":"YA","timestamp":"2023-11-09 12:30:24"},{"nodeID":"1282290","text":"Default Transition","type":"TA","timestamp":"2023-11-09 12:30:24"},{"nodeID":"1282291","text":"schemes to be put in place are coming when xxx","type":"I","timestamp":"2023-11-09 12:30:24"},{"nodeID":"1282292","text":"Analysing","type":"YA","timestamp":"2023-11-09 12:30:24"},{"nodeID":"1282293","text":"Kamila: Thangam Debonnaire: When is it coming","type":"L","timestamp":"2023-11-09 12:30:24"},{"nodeID":"1282294","text":"Thangam Debonnaire: When is it coming","type":"L","timestamp":"2023-11-09 12:30:24"},{"nodeID":"1282295","text":"Pure Questioning","type":"YA","timestamp":"2023-11-09 12:30:24"},{"nodeID":"1282296","text":"Default Transition","type":"TA","timestamp":"2023-11-09 12:30:24"},{"nodeID":"1282297","text":"Default Rephrase","type":"MA","timestamp":"2023-11-09 12:30:24"},{"nodeID":"1282298","text":"Restating","type":"YA","timestamp":"2023-11-09 12:30:24"},{"nodeID":"1282299","text":"the government knew for a long time","type":"I","timestamp":"2023-11-09 12:30:25"},{"nodeID":"1282300","text":"Analysing","type":"YA","timestamp":"2023-11-09 12:30:25"},{"nodeID":"1282301","text":"Kamila: Thangam Debonnaire: The government knew for a long time","type":"L","timestamp":"2023-11-09 12:30:25"},{"nodeID":"1282302","text":"Thangam Debonnaire: The government knew for a long time","type":"L","timestamp":"2023-11-09 12:30:25"},{"nodeID":"1282303","text":"Asserting","type":"YA","timestamp":"2023-11-09 12:30:25"},{"nodeID":"1282304","text":"Default Transition","type":"TA","timestamp":"2023-11-09 12:30:25"},{"nodeID":"1282305","text":"we were very quick off the mark","type":"I","timestamp":"2023-11-09 12:30:25"},{"nodeID":"1282306","text":"Analysing","type":"YA","timestamp":"2023-11-09 12:30:25"},{"nodeID":"1282307","text":"Kamila: Maggie Throup: We were very quick off the mark","type":"L","timestamp":"2023-11-09 12:30:25"},{"nodeID":"1282308","text":"Maggie Throup: We were very quick off the mark","type":"L","timestamp":"2023-11-09 12:30:25"},{"nodeID":"1282309","text":"Asserting","type":"YA","timestamp":"2023-11-09 12:30:25"},{"nodeID":"1282310","text":"Default Transition","type":"TA","timestamp":"2023-11-09 12:30:25"},{"nodeID":"1282311","text":"Default Conflict","type":"CA","timestamp":"2023-11-09 12:30:25"},{"nodeID":"1282312","text":"Disagreeing","type":"YA","timestamp":"2023-11-09 12:30:25"},{"nodeID":"1282313","text":"Kamila: Thangam Debonnaire: No","type":"L","timestamp":"2023-11-09 12:30:25"},{"nodeID":"1282314","text":"Analysing","type":"YA","timestamp":"2023-11-09 12:30:25"},{"nodeID":"1282315","text":"Thangam Debonnaire: No","type":"L","timestamp":"2023-11-09 12:30:25"},{"nodeID":"1282316","text":"Asserting","type":"YA","timestamp":"2023-11-09 12:30:25"},{"nodeID":"1282317","text":"Default Transition","type":"TA","timestamp":"2023-11-09 12:30:25"},{"nodeID":"1282318","text":"Default Conflict","type":"CA","timestamp":"2023-11-09 12:30:25"},{"nodeID":"1282319","text":"Disagreeing","type":"YA","timestamp":"2023-11-09 12:30:25"},{"nodeID":"1282320","text":"you left a lot of people behind","type":"I","timestamp":"2023-11-09 12:30:26"},{"nodeID":"1282321","text":"Analysing","type":"YA","timestamp":"2023-11-09 12:30:26"},{"nodeID":"1282322","text":"Thangam Debonnaire: You left a lot of people behind","type":"L","timestamp":"2023-11-09 12:30:26"},{"nodeID":"1282323","text":"Kamila: Thangam Debonnaire: You left a lot of people behind","type":"L","timestamp":"2023-11-09 12:30:26"},{"nodeID":"1282324","text":"Asserting","type":"YA","timestamp":"2023-11-09 12:30:26"},{"nodeID":"1282325","text":"Analysing","type":"YA","timestamp":"2023-11-09 12:30:26"},{"nodeID":"1282326","text":"Default Transition","type":"TA","timestamp":"2023-11-09 12:30:26"},{"nodeID":"1282327","text":"Default Transition","type":"TA","timestamp":"2023-11-09 12:30:26"},{"nodeID":"1282328","text":"Asserting","type":"YA","timestamp":"2023-11-09 12:30:26"},{"nodeID":"1282329","text":"Default Inference","type":"RA","timestamp":"2023-11-09 12:30:26"},{"nodeID":"1282330","text":"Arguing","type":"YA","timestamp":"2023-11-09 12:30:26"},{"nodeID":"1282331","text":"you left a lot of people who already had the right to be here","type":"I","timestamp":"2023-11-09 12:30:27"},{"nodeID":"1282332","text":"Thangam Debonnaire: You left a lot of people who already had the right to be here","type":"L","timestamp":"2023-11-09 12:30:27"},{"nodeID":"1282333","text":"Analysing","type":"YA","timestamp":"2023-11-09 12:30:27"},{"nodeID":"1282334","text":"Kamila: Thangam Debonnaire: You left a lot of people who already had the right to be here","type":"L","timestamp":"2023-11-09 12:30:27"},{"nodeID":"1282335","text":"Asserting","type":"YA","timestamp":"2023-11-09 12:30:27"},{"nodeID":"1282336","text":"Default Transition","type":"TA","timestamp":"2023-11-09 12:30:27"},{"nodeID":"1282337","text":"Default Rephrase","type":"MA","timestamp":"2023-11-09 12:30:27"},{"nodeID":"1282338","text":"Restating","type":"YA","timestamp":"2023-11-09 12:30:27"},{"nodeID":"1282339","text":"the government knew eventually we were going to withdraw from Afghanistan","type":"I","timestamp":"2023-11-09 12:30:27"},{"nodeID":"1282340","text":"Thangam Debonnaire: You knew eventually we were going to withdraw from Afghanistan","type":"L","timestamp":"2023-11-09 12:30:27"},{"nodeID":"1282341","text":"Analysing","type":"YA","timestamp":"2023-11-09 12:30:27"},{"nodeID":"1282342","text":"Kamila: Thangam Debonnaire: You knew eventually we were going to withdraw from Afghanistan","type":"L","timestamp":"2023-11-09 12:30:27"},{"nodeID":"1282343","text":"Asserting","type":"YA","timestamp":"2023-11-09 12:30:27"},{"nodeID":"1282344","text":"Default Transition","type":"TA","timestamp":"2023-11-09 12:30:27"},{"nodeID":"1282345","text":"there was no plan, no plan","type":"I","timestamp":"2023-11-09 12:30:28"},{"nodeID":"1282346","text":"Thangam Debonnaire: There was no plan, no plan","type":"L","timestamp":"2023-11-09 12:30:28"},{"nodeID":"1282347","text":"Analysing","type":"YA","timestamp":"2023-11-09 12:30:28"},{"nodeID":"1282348","text":"Kamila: Thangam Debonnaire: There was no plan, no plan","type":"L","timestamp":"2023-11-09 12:30:28"},{"nodeID":"1282349","text":"Asserting","type":"YA","timestamp":"2023-11-09 12:30:28"},{"nodeID":"1282350","text":"Default Transition","type":"TA","timestamp":"2023-11-09 12:30:28"},{"nodeID":"1282351","text":"the plan is left for people who work for the British authorities","type":"I","timestamp":"2023-11-09 12:30:28"},{"nodeID":"1282352","text":"Thangam Debonnaire: That's left people who work for the British authorities","type":"L","timestamp":"2023-11-09 12:30:28"},{"nodeID":"1282353","text":"Analysing","type":"YA","timestamp":"2023-11-09 12:30:28"},{"nodeID":"1282354","text":"Kamila: Thangam Debonnaire: That's left people who work for the British authorities","type":"L","timestamp":"2023-11-09 12:30:28"},{"nodeID":"1282355","text":"Asserting","type":"YA","timestamp":"2023-11-09 12:30:28"},{"nodeID":"1282356","text":"Default Transition","type":"TA","timestamp":"2023-11-09 12:30:28"},{"nodeID":"1282357","text":"the plan is left for people who work for the British Army","type":"I","timestamp":"2023-11-09 12:30:29"},{"nodeID":"1282358","text":"Thangam Debonnaire: for the British Army","type":"L","timestamp":"2023-11-09 12:30:29"},{"nodeID":"1282359","text":"Analysing","type":"YA","timestamp":"2023-11-09 12:30:29"},{"nodeID":"1282360","text":"Kamila: Thangam Debonnaire: for the British Army","type":"L","timestamp":"2023-11-09 12:30:29"},{"nodeID":"1282361","text":"Asserting","type":"YA","timestamp":"2023-11-09 12:30:29"},{"nodeID":"1282362","text":"Default Transition","type":"TA","timestamp":"2023-11-09 12:30:29"},{"nodeID":"1282363","text":"Default Rephrase","type":"MA","timestamp":"2023-11-09 12:30:29"},{"nodeID":"1282364","text":"Restating","type":"YA","timestamp":"2023-11-09 12:30:29"},{"nodeID":"1282365","text":"the plan is left for  interpreters whose lives are at risk right now","type":"I","timestamp":"2023-11-09 12:30:29"},{"nodeID":"1282366","text":"Thangam Debonnaire: interpreters whose lives are at risk right now","type":"L","timestamp":"2023-11-09 12:30:29"},{"nodeID":"1282367","text":"Analysing","type":"YA","timestamp":"2023-11-09 12:30:29"},{"nodeID":"1282368","text":"Kamila: Thangam Debonnaire: interpreters whose lives are at risk right now","type":"L","timestamp":"2023-11-09 12:30:29"},{"nodeID":"1282369","text":"Asserting","type":"YA","timestamp":"2023-11-09 12:30:29"},{"nodeID":"1282370","text":"Default Transition","type":"TA","timestamp":"2023-11-09 12:30:29"},{"nodeID":"1282371","text":"Default Rephrase","type":"MA","timestamp":"2023-11-09 12:30:29"},{"nodeID":"1282372","text":"Restating","type":"YA","timestamp":"2023-11-09 12:30:29"},{"nodeID":"1282373","text":"the plan is left for people who are, for all we know, being tortured by the Taliban","type":"I","timestamp":"2023-11-09 12:30:30"},{"nodeID":"1282374","text":"Thangam Debonnaire: who are, for all we know, being tortured by the Taliban","type":"L","timestamp":"2023-11-09 12:30:30"},{"nodeID":"1282375","text":"Analysing","type":"YA","timestamp":"2023-11-09 12:30:30"},{"nodeID":"1282376","text":"Kamila: Thangam Debonnaire: who are, for all we know, being tortured by the Taliban","type":"L","timestamp":"2023-11-09 12:30:30"},{"nodeID":"1282377","text":"Asserting","type":"YA","timestamp":"2023-11-09 12:30:30"},{"nodeID":"1282378","text":"Default Transition","type":"TA","timestamp":"2023-11-09 12:30:30"},{"nodeID":"1282379","text":"Default Rephrase","type":"MA","timestamp":"2023-11-09 12:30:30"},{"nodeID":"1282380","text":"Restating","type":"YA","timestamp":"2023-11-09 12:30:30"},{"nodeID":"1282381","text":"we have let them down","type":"I","timestamp":"2023-11-09 12:30:31"},{"nodeID":"1282382","text":"Thangam Debonnaire: We have let them down","type":"L","timestamp":"2023-11-09 12:30:31"},{"nodeID":"1282383","text":"Analysing","type":"YA","timestamp":"2023-11-09 12:30:31"},{"nodeID":"1282384","text":"Kamila: Thangam Debonnaire: We have let them down","type":"L","timestamp":"2023-11-09 12:30:31"},{"nodeID":"1282385","text":"Asserting","type":"YA","timestamp":"2023-11-09 12:30:31"},{"nodeID":"1282386","text":"Default Transition","type":"TA","timestamp":"2023-11-09 12:30:31"},{"nodeID":"1282387","text":"Default Inference","type":"RA","timestamp":"2023-11-09 12:30:31"},{"nodeID":"1282388","text":"Arguing","type":"YA","timestamp":"2023-11-09 12:30:31"},{"nodeID":"1282389","text":"we are creating safe and legal routes","type":"I","timestamp":"2023-11-09 12:30:31"},{"nodeID":"1282390","text":"Maggie Throup: We are creating safe and legal routes","type":"L","timestamp":"2023-11-09 12:30:31"},{"nodeID":"1282391","text":"Analysing","type":"YA","timestamp":"2023-11-09 12:30:31"},{"nodeID":"1282392","text":"Kamila: Maggie Throup: We are creating safe and legal routes","type":"L","timestamp":"2023-11-09 12:30:31"},{"nodeID":"1282393","text":"Asserting","type":"YA","timestamp":"2023-11-09 12:30:31"},{"nodeID":"1282394","text":"Default Transition","type":"TA","timestamp":"2023-11-09 12:30:31"},{"nodeID":"1282395","text":"the goverment is creating safe and legal routes when xxx","type":"I","timestamp":"2023-11-09 12:30:32"},{"nodeID":"1282396","text":"Analysing","type":"YA","timestamp":"2023-11-09 12:30:32"},{"nodeID":"1282397","text":"Pure Questioning","type":"YA","timestamp":"2023-11-09 12:30:32"},{"nodeID":"1282398","text":"Default Transition","type":"TA","timestamp":"2023-11-09 12:30:32"},{"nodeID":"1282399","text":"safe and legal routes are coming when xxx","type":"I","timestamp":"2023-11-09 12:30:32"},{"nodeID":"1282400","text":"Analysing","type":"YA","timestamp":"2023-11-09 12:30:32"},{"nodeID":"1282401","text":"Pure Questioning","type":"YA","timestamp":"2023-11-09 12:30:32"},{"nodeID":"1282402","text":"Default Transition","type":"TA","timestamp":"2023-11-09 12:30:32"},{"nodeID":"1282403","text":"Default Rephrase","type":"MA","timestamp":"2023-11-09 12:30:32"},{"nodeID":"1282404","text":"Restating","type":"YA","timestamp":"2023-11-09 12:30:32"},{"nodeID":"1282405","text":"we need to make sure people come through in a timely fashion","type":"I","timestamp":"2023-11-09 12:30:33"},{"nodeID":"1282406","text":"Maggie Throup: We need to make sure people come through in a timely fashion","type":"L","timestamp":"2023-11-09 12:30:33"},{"nodeID":"1282407","text":"Analysing","type":"YA","timestamp":"2023-11-09 12:30:33"},{"nodeID":"1282408","text":"Kamila: Maggie Throup: We need to make sure people come through in a timely fashion","type":"L","timestamp":"2023-11-09 12:30:33"},{"nodeID":"1282409","text":"Asserting","type":"YA","timestamp":"2023-11-09 12:30:33"},{"nodeID":"1282410","text":"Default Transition","type":"TA","timestamp":"2023-11-09 12:30:33"},{"nodeID":"1282411","text":"it was August","type":"I","timestamp":"2023-11-09 12:30:33"},{"nodeID":"1282412","text":"Thangam Debonnaire: It was August","type":"L","timestamp":"2023-11-09 12:30:33"},{"nodeID":"1282413","text":"Analysing","type":"YA","timestamp":"2023-11-09 12:30:33"},{"nodeID":"1282414","text":"Kamila: Thangam Debonnaire: It was August","type":"L","timestamp":"2023-11-09 12:30:33"},{"nodeID":"1282415","text":"Asserting","type":"YA","timestamp":"2023-11-09 12:30:33"},{"nodeID":"1282416","text":"Default Transition","type":"TA","timestamp":"2023-11-09 12:30:33"},{"nodeID":"1282417","text":"it is now December","type":"I","timestamp":"2023-11-09 12:30:34"},{"nodeID":"1282418","text":"Thangam Debonnaire: It is now December","type":"L","timestamp":"2023-11-09 12:30:34"},{"nodeID":"1282419","text":"Analysing","type":"YA","timestamp":"2023-11-09 12:30:34"},{"nodeID":"1282420","text":"Kamila: Thangam Debonnaire: It is now December","type":"L","timestamp":"2023-11-09 12:30:34"},{"nodeID":"1282421","text":"Asserting","type":"YA","timestamp":"2023-11-09 12:30:34"},{"nodeID":"1282422","text":"we still don't have the scheme","type":"I","timestamp":"2023-11-09 12:30:34"},{"nodeID":"1282423","text":"Thangam Debonnaire: We still don't have the scheme","type":"L","timestamp":"2023-11-09 12:30:34"},{"nodeID":"1282424","text":"Analysing","type":"YA","timestamp":"2023-11-09 12:30:34"},{"nodeID":"1282425","text":"Kamila: Thangam Debonnaire: We still don't have the scheme","type":"L","timestamp":"2023-11-09 12:30:34"},{"nodeID":"1282426","text":"Asserting","type":"YA","timestamp":"2023-11-09 12:30:34"},{"nodeID":"1282427","text":"Default Transition","type":"TA","timestamp":"2023-11-09 12:30:34"},{"nodeID":"1282428","text":"Default Transition","type":"TA","timestamp":"2023-11-09 12:30:34"},{"nodeID":"1282429","text":"Default Inference","type":"RA","timestamp":"2023-11-09 12:30:34"},{"nodeID":"1282430","text":"Default Transition","type":"TA","timestamp":"2023-11-09 12:30:34"},{"nodeID":"1282431","text":"Arguing","type":"YA","timestamp":"2023-11-09 12:30:34"},{"nodeID":"1282432","text":"Default Transition","type":"TA","timestamp":"2023-11-09 12:30:34"},{"nodeID":"1282433","text":"Default Conflict","type":"CA","timestamp":"2023-11-09 12:30:34"},{"nodeID":"1282434","text":"Disagreeing","type":"YA","timestamp":"2023-11-09 12:30:34"},{"nodeID":"1282435","text":"Maggie Throup knows how to do a resettlement scheme because -- it is not that hard","type":"I","timestamp":"2023-11-09 12:30:35"},{"nodeID":"1282436","text":"Thangam Debonnaire: You know how to do a resettlement scheme because -- it is not that hard","type":"L","timestamp":"2023-11-09 12:30:35"},{"nodeID":"1282437","text":"Analysing","type":"YA","timestamp":"2023-11-09 12:30:35"},{"nodeID":"1282438","text":"Kamila: Thangam Debonnaire: You know how to do a resettlement scheme because -- it is not that hard","type":"L","timestamp":"2023-11-09 12:30:35"},{"nodeID":"1282439","text":"Asserting","type":"YA","timestamp":"2023-11-09 12:30:35"},{"nodeID":"1282440","text":"Default Transition","type":"TA","timestamp":"2023-11-09 12:30:35"},{"nodeID":"1282441","text":"we are not starting from scratch","type":"I","timestamp":"2023-11-09 12:30:36"},{"nodeID":"1282442","text":"Thangam Debonnaire: We are not starting from scratch","type":"L","timestamp":"2023-11-09 12:30:36"},{"nodeID":"1282443","text":"Analysing","type":"YA","timestamp":"2023-11-09 12:30:36"},{"nodeID":"1282444","text":"Kamila: Thangam Debonnaire: We are not starting from scratch","type":"L","timestamp":"2023-11-09 12:30:36"},{"nodeID":"1282445","text":"Asserting","type":"YA","timestamp":"2023-11-09 12:30:36"},{"nodeID":"1282446","text":"Default Transition","type":"TA","timestamp":"2023-11-09 12:30:36"},{"nodeID":"1282447","text":"Default Inference","type":"RA","timestamp":"2023-11-09 12:30:36"},{"nodeID":"1282448","text":"Arguing","type":"YA","timestamp":"2023-11-09 12:30:36"},{"nodeID":"1282449","text":"the Professor is right","type":"I","timestamp":"2023-11-09 12:30:36"},{"nodeID":"1282450","text":"Thangam Debonnaire: the Professor is right","type":"L","timestamp":"2023-11-09 12:30:36"},{"nodeID":"1282451","text":"Analysing","type":"YA","timestamp":"2023-11-09 12:30:36"},{"nodeID":"1282452","text":"Kamila: Thangam Debonnaire: the Professor is right","type":"L","timestamp":"2023-11-09 12:30:36"},{"nodeID":"1282453","text":"Asserting","type":"YA","timestamp":"2023-11-09 12:30:36"},{"nodeID":"1282454","text":"Default Transition","type":"TA","timestamp":"2023-11-09 12:30:36"},{"nodeID":"1282455","text":"Thangam Debonnaire: People do want to see that richness of society","type":"L","timestamp":"2023-11-09 12:30:37"},{"nodeID":"1282456","text":"Analysing","type":"YA","timestamp":"2023-11-09 12:30:37"},{"nodeID":"1282457","text":"Kamila: Thangam Debonnaire: People do want to see that richness of society","type":"L","timestamp":"2023-11-09 12:30:37"},{"nodeID":"1282458","text":"Asserting","type":"YA","timestamp":"2023-11-09 12:30:37"},{"nodeID":"1282459","text":"Default Transition","type":"TA","timestamp":"2023-11-09 12:30:37"},{"nodeID":"1282460","text":"Default Inference","type":"RA","timestamp":"2023-11-09 12:30:37"},{"nodeID":"1282461","text":"Arguing","type":"YA","timestamp":"2023-11-09 12:30:37"},{"nodeID":"1282462","text":"the government have had a chance and you failed","type":"I","timestamp":"2023-11-09 12:30:37"},{"nodeID":"1282463","text":"Thangam Debonnaire: You had a chance and you failed","type":"L","timestamp":"2023-11-09 12:30:37"},{"nodeID":"1282464","text":"Analysing","type":"YA","timestamp":"2023-11-09 12:30:37"},{"nodeID":"1282465","text":"Kamila: Thangam Debonnaire: You had a chance and you failed","type":"L","timestamp":"2023-11-09 12:30:37"},{"nodeID":"1282466","text":"Asserting","type":"YA","timestamp":"2023-11-09 12:30:37"},{"nodeID":"1282467","text":"Thangam Debonnaire: people in this audience have said they want us to welcome people who are fleeing dangerous people","type":"L","timestamp":"2023-11-09 12:30:38"},{"nodeID":"1282468","text":"Analysing","type":"YA","timestamp":"2023-11-09 12:30:38"},{"nodeID":"1282469","text":"Kamila: Thangam Debonnaire: people in this audience have said they want us to welcome people who are fleeing dangerous people","type":"L","timestamp":"2023-11-09 12:30:38"},{"nodeID":"1282470","text":"Asserting","type":"YA","timestamp":"2023-11-09 12:30:38"},{"nodeID":"1282471","text":"Default Transition","type":"TA","timestamp":"2023-11-09 12:30:38"},{"nodeID":"1282472","text":"Default Transition","type":"TA","timestamp":"2023-11-09 12:30:38"},{"nodeID":"1282473","text":"Default Transition","type":"TA","timestamp":"2023-11-09 12:30:38"},{"nodeID":"1282474","text":"Default Conflict","type":"CA","timestamp":"2023-11-09 12:30:38"},{"nodeID":"1282475","text":"Disagreeing","type":"YA","timestamp":"2023-11-09 12:30:38"},{"nodeID":"1282476","text":"Default Transition","type":"TA","timestamp":"2023-11-09 12:30:38"},{"nodeID":"1282477","text":"Default Rephrase","type":"MA","timestamp":"2023-11-09 12:30:38"},{"nodeID":"1282478","text":"Restating","type":"YA","timestamp":"2023-11-09 12:30:38"},{"nodeID":"1282479","text":"Default Transition","type":"TA","timestamp":"2023-11-09 12:30:38"},{"nodeID":"1282480","text":"Default Conflict","type":"CA","timestamp":"2023-11-09 12:30:38"},{"nodeID":"1282481","text":"Disagreeing","type":"YA","timestamp":"2023-11-09 12:30:38"},{"nodeID":"1282482","text":"Default Transition","type":"TA","timestamp":"2023-11-09 12:30:38"},{"nodeID":"1282483","text":"Default Rephrase","type":"MA","timestamp":"2023-11-09 12:30:38"},{"nodeID":"1282484","text":"Restating","type":"YA","timestamp":"2023-11-09 12:30:38"}],"edges":[{"edgeID":"1687132","fromID":"1282242","toID":"1282243","formEdgeID":null},{"edgeID":"1687133","fromID":"1282244","toID":"1282242","formEdgeID":null},{"edgeID":"1687134","fromID":"1282243","toID":"1282245","formEdgeID":null},{"edgeID":"1687135","fromID":"1282245","toID":"1282241","formEdgeID":null},{"edgeID":"1687136","fromID":"1282247","toID":"1282249","formEdgeID":null},{"edgeID":"1687137","fromID":"1282248","toID":"1282247","formEdgeID":null},{"edgeID":"1687138","fromID":"1282249","toID":"1282250","formEdgeID":null},{"edgeID":"1687139","fromID":"1282250","toID":"1282246","formEdgeID":null},{"edgeID":"1687140","fromID":"1282243","toID":"1282251","formEdgeID":null},{"edgeID":"1687141","fromID":"1282251","toID":"1282249","formEdgeID":null},{"edgeID":"1687142","fromID":"1282246","toID":"1282252","formEdgeID":null},{"edgeID":"1687143","fromID":"1282252","toID":"1282241","formEdgeID":null},{"edgeID":"1687144","fromID":"1282251","toID":"1282253","formEdgeID":null},{"edgeID":"1687145","fromID":"1282253","toID":"1282252","formEdgeID":null},{"edgeID":"1687146","fromID":"1282256","toID":"1282257","formEdgeID":null},{"edgeID":"1687147","fromID":"1282255","toID":"1282256","formEdgeID":null},{"edgeID":"1687148","fromID":"1282257","toID":"1282258","formEdgeID":null},{"edgeID":"1687149","fromID":"1282258","toID":"1282254","formEdgeID":null},{"edgeID":"1687150","fromID":"1282249","toID":"1282259","formEdgeID":null},{"edgeID":"1687151","fromID":"1282259","toID":"1282257","formEdgeID":null},{"edgeID":"1687152","fromID":"1282254","toID":"1282260","formEdgeID":null},{"edgeID":"1687153","fromID":"1282260","toID":"1282246","formEdgeID":null},{"edgeID":"1687154","fromID":"1282261","toID":"1282260","formEdgeID":null},{"edgeID":"1687155","fromID":"1282259","toID":"1282261","formEdgeID":null},{"edgeID":"1687156","fromID":"1282263","toID":"1282265","formEdgeID":null},{"edgeID":"1687157","fromID":"1282264","toID":"1282263","formEdgeID":null},{"edgeID":"1687158","fromID":"1282266","toID":"1282262","formEdgeID":null},{"edgeID":"1687159","fromID":"1282265","toID":"1282266","formEdgeID":null},{"edgeID":"1687160","fromID":"1282257","toID":"1282267","formEdgeID":null},{"edgeID":"1687161","fromID":"1282267","toID":"1282265","formEdgeID":null},{"edgeID":"1687162","fromID":"1282268","toID":"1282254","formEdgeID":null},{"edgeID":"1687163","fromID":"1282262","toID":"1282268","formEdgeID":null},{"edgeID":"1687164","fromID":"1282271","toID":"1282272","formEdgeID":null},{"edgeID":"1687165","fromID":"1282270","toID":"1282271","formEdgeID":null},{"edgeID":"1687166","fromID":"1282272","toID":"1282273","formEdgeID":null},{"edgeID":"1687167","fromID":"1282273","toID":"1282269","formEdgeID":null},{"edgeID":"1687168","fromID":"1282265","toID":"1282274","formEdgeID":null},{"edgeID":"1687169","fromID":"1282274","toID":"1282272","formEdgeID":null},{"edgeID":"1687170","fromID":"1282269","toID":"1282275","formEdgeID":null},{"edgeID":"1687171","fromID":"1282275","toID":"1282262","formEdgeID":null},{"edgeID":"1687172","fromID":"1282274","toID":"1282276","formEdgeID":null},{"edgeID":"1687173","fromID":"1282276","toID":"1282275","formEdgeID":null},{"edgeID":"1687174","fromID":"1282279","toID":"1282280","formEdgeID":null},{"edgeID":"1687175","fromID":"1282278","toID":"1282279","formEdgeID":null},{"edgeID":"1687176","fromID":"1282280","toID":"1282281","formEdgeID":null},{"edgeID":"1687177","fromID":"1282281","toID":"1282277","formEdgeID":null},{"edgeID":"1687178","fromID":"1282272","toID":"1282282","formEdgeID":null},{"edgeID":"1687179","fromID":"1282282","toID":"1282280","formEdgeID":null},{"edgeID":"1687180","fromID":"1282277","toID":"1282283","formEdgeID":null},{"edgeID":"1687181","fromID":"1282283","toID":"1282269","formEdgeID":null},{"edgeID":"1687182","fromID":"1282284","toID":"1282283","formEdgeID":null},{"edgeID":"1687183","fromID":"1282282","toID":"1282284","formEdgeID":null},{"edgeID":"1687184","fromID":"1282287","toID":"1282286","formEdgeID":null},{"edgeID":"1687185","fromID":"1282286","toID":"1282288","formEdgeID":null},{"edgeID":"1687186","fromID":"1282288","toID":"1282289","formEdgeID":null},{"edgeID":"1687187","fromID":"1282289","toID":"1282285","formEdgeID":null},{"edgeID":"1687188","fromID":"1282280","toID":"1282290","formEdgeID":null},{"edgeID":"1687189","fromID":"1282290","toID":"1282288","formEdgeID":null},{"edgeID":"1687190","fromID":"1282293","toID":"1282292","formEdgeID":null},{"edgeID":"1687191","fromID":"1282292","toID":"1282294","formEdgeID":null},{"edgeID":"1687192","fromID":"1282294","toID":"1282295","formEdgeID":null},{"edgeID":"1687193","fromID":"1282295","toID":"1282291","formEdgeID":null},{"edgeID":"1687194","fromID":"1282288","toID":"1282296","formEdgeID":null},{"edgeID":"1687195","fromID":"1282296","toID":"1282294","formEdgeID":null},{"edgeID":"1687196","fromID":"1282291","toID":"1282297","formEdgeID":null},{"edgeID":"1687197","fromID":"1282297","toID":"1282285","formEdgeID":null},{"edgeID":"1687198","fromID":"1282296","toID":"1282298","formEdgeID":null},{"edgeID":"1687199","fromID":"1282298","toID":"1282297","formEdgeID":null},{"edgeID":"1687200","fromID":"1282300","toID":"1282302","formEdgeID":null},{"edgeID":"1687201","fromID":"1282301","toID":"1282300","formEdgeID":null},{"edgeID":"1687202","fromID":"1282303","toID":"1282299","formEdgeID":null},{"edgeID":"1687203","fromID":"1282302","toID":"1282303","formEdgeID":null},{"edgeID":"1687204","fromID":"1282294","toID":"1282304","formEdgeID":null},{"edgeID":"1687205","fromID":"1282304","toID":"1282302","formEdgeID":null},{"edgeID":"1687206","fromID":"1282307","toID":"1282306","formEdgeID":null},{"edgeID":"1687207","fromID":"1282306","toID":"1282308","formEdgeID":null},{"edgeID":"1687208","fromID":"1282309","toID":"1282305","formEdgeID":null},{"edgeID":"1687209","fromID":"1282308","toID":"1282309","formEdgeID":null},{"edgeID":"1687210","fromID":"1282302","toID":"1282310","formEdgeID":null},{"edgeID":"1687211","fromID":"1282310","toID":"1282308","formEdgeID":null},{"edgeID":"1687212","fromID":"1282311","toID":"1282299","formEdgeID":null},{"edgeID":"1687213","fromID":"1282305","toID":"1282311","formEdgeID":null},{"edgeID":"1687214","fromID":"1282310","toID":"1282312","formEdgeID":null},{"edgeID":"1687215","fromID":"1282312","toID":"1282311","formEdgeID":null},{"edgeID":"1687216","fromID":"1282314","toID":"1282315","formEdgeID":null},{"edgeID":"1687217","fromID":"1282313","toID":"1282314","formEdgeID":null},{"edgeID":"1687218","fromID":"1282316","toID":"22328","formEdgeID":null},{"edgeID":"1687219","fromID":"1282315","toID":"1282316","formEdgeID":null},{"edgeID":"1687220","fromID":"1282308","toID":"1282317","formEdgeID":null},{"edgeID":"1687221","fromID":"1282317","toID":"1282315","formEdgeID":null},{"edgeID":"1687222","fromID":"22328","toID":"1282318","formEdgeID":null},{"edgeID":"1687223","fromID":"1282318","toID":"1282305","formEdgeID":null},{"edgeID":"1687224","fromID":"1282317","toID":"1282319","formEdgeID":null},{"edgeID":"1687225","fromID":"1282319","toID":"1282318","formEdgeID":null},{"edgeID":"1687226","fromID":"1282323","toID":"1282321","formEdgeID":null},{"edgeID":"1687227","fromID":"1282321","toID":"1282322","formEdgeID":null},{"edgeID":"1687228","fromID":"1282322","toID":"1282324","formEdgeID":null},{"edgeID":"1687229","fromID":"1282324","toID":"1282320","formEdgeID":null},{"edgeID":"1687230","fromID":"1282325","toID":"1282322","formEdgeID":null},{"edgeID":"1687231","fromID":"1282323","toID":"1282325","formEdgeID":null},{"edgeID":"1687232","fromID":"1282315","toID":"1282326","formEdgeID":null},{"edgeID":"1687233","fromID":"1282326","toID":"1282322","formEdgeID":null},{"edgeID":"1687234","fromID":"1282322","toID":"1282327","formEdgeID":null},{"edgeID":"1687235","fromID":"1282327","toID":"1282322","formEdgeID":null},{"edgeID":"1687236","fromID":"1282322","toID":"1282328","formEdgeID":null},{"edgeID":"1687237","fromID":"1282328","toID":"1282320","formEdgeID":null},{"edgeID":"1687238","fromID":"1282320","toID":"1282329","formEdgeID":null},{"edgeID":"1687239","fromID":"1282329","toID":"22328","formEdgeID":null},{"edgeID":"1687240","fromID":"1282326","toID":"1282330","formEdgeID":null},{"edgeID":"1687241","fromID":"1282330","toID":"1282329","formEdgeID":null},{"edgeID":"1687242","fromID":"1282333","toID":"1282332","formEdgeID":null},{"edgeID":"1687243","fromID":"1282334","toID":"1282333","formEdgeID":null},{"edgeID":"1687244","fromID":"1282332","toID":"1282335","formEdgeID":null},{"edgeID":"1687245","fromID":"1282335","toID":"1282331","formEdgeID":null},{"edgeID":"1687246","fromID":"1282322","toID":"1282336","formEdgeID":null},{"edgeID":"1687247","fromID":"1282336","toID":"1282332","formEdgeID":null},{"edgeID":"1687248","fromID":"1282331","toID":"1282337","formEdgeID":null},{"edgeID":"1687249","fromID":"1282337","toID":"1282320","formEdgeID":null},{"edgeID":"1687250","fromID":"1282336","toID":"1282338","formEdgeID":null},{"edgeID":"1687251","fromID":"1282338","toID":"1282337","formEdgeID":null},{"edgeID":"1687252","fromID":"1282341","toID":"1282340","formEdgeID":null},{"edgeID":"1687253","fromID":"1282342","toID":"1282341","formEdgeID":null},{"edgeID":"1687254","fromID":"1282340","toID":"1282343","formEdgeID":null},{"edgeID":"1687255","fromID":"1282343","toID":"1282339","formEdgeID":null},{"edgeID":"1687256","fromID":"1282332","toID":"1282344","formEdgeID":null},{"edgeID":"1687257","fromID":"1282344","toID":"1282340","formEdgeID":null},{"edgeID":"1687258","fromID":"1282347","toID":"1282346","formEdgeID":null},{"edgeID":"1687259","fromID":"1282348","toID":"1282347","formEdgeID":null},{"edgeID":"1687260","fromID":"1282346","toID":"1282349","formEdgeID":null},{"edgeID":"1687261","fromID":"1282349","toID":"1282345","formEdgeID":null},{"edgeID":"1687262","fromID":"1282340","toID":"1282350","formEdgeID":null},{"edgeID":"1687263","fromID":"1282350","toID":"1282346","formEdgeID":null},{"edgeID":"1687264","fromID":"1282353","toID":"1282352","formEdgeID":null},{"edgeID":"1687265","fromID":"1282354","toID":"1282353","formEdgeID":null},{"edgeID":"1687266","fromID":"1282352","toID":"1282355","formEdgeID":null},{"edgeID":"1687267","fromID":"1282355","toID":"1282351","formEdgeID":null},{"edgeID":"1687268","fromID":"1282346","toID":"1282356","formEdgeID":null},{"edgeID":"1687269","fromID":"1282356","toID":"1282352","formEdgeID":null},{"edgeID":"1687270","fromID":"1282359","toID":"1282358","formEdgeID":null},{"edgeID":"1687271","fromID":"1282360","toID":"1282359","formEdgeID":null},{"edgeID":"1687272","fromID":"1282358","toID":"1282361","formEdgeID":null},{"edgeID":"1687273","fromID":"1282361","toID":"1282357","formEdgeID":null},{"edgeID":"1687274","fromID":"1282352","toID":"1282362","formEdgeID":null},{"edgeID":"1687275","fromID":"1282362","toID":"1282358","formEdgeID":null},{"edgeID":"1687276","fromID":"1282357","toID":"1282363","formEdgeID":null},{"edgeID":"1687277","fromID":"1282363","toID":"1282351","formEdgeID":null},{"edgeID":"1687278","fromID":"1282362","toID":"1282364","formEdgeID":null},{"edgeID":"1687279","fromID":"1282364","toID":"1282363","formEdgeID":null},{"edgeID":"1687280","fromID":"1282367","toID":"1282366","formEdgeID":null},{"edgeID":"1687281","fromID":"1282368","toID":"1282367","formEdgeID":null},{"edgeID":"1687282","fromID":"1282366","toID":"1282369","formEdgeID":null},{"edgeID":"1687283","fromID":"1282369","toID":"1282365","formEdgeID":null},{"edgeID":"1687284","fromID":"1282358","toID":"1282370","formEdgeID":null},{"edgeID":"1687285","fromID":"1282370","toID":"1282366","formEdgeID":null},{"edgeID":"1687286","fromID":"1282365","toID":"1282371","formEdgeID":null},{"edgeID":"1687287","fromID":"1282371","toID":"1282357","formEdgeID":null},{"edgeID":"1687288","fromID":"1282370","toID":"1282372","formEdgeID":null},{"edgeID":"1687289","fromID":"1282372","toID":"1282371","formEdgeID":null},{"edgeID":"1687290","fromID":"1282375","toID":"1282374","formEdgeID":null},{"edgeID":"1687291","fromID":"1282376","toID":"1282375","formEdgeID":null},{"edgeID":"1687292","fromID":"1282374","toID":"1282377","formEdgeID":null},{"edgeID":"1687293","fromID":"1282377","toID":"1282373","formEdgeID":null},{"edgeID":"1687294","fromID":"1282366","toID":"1282378","formEdgeID":null},{"edgeID":"1687295","fromID":"1282378","toID":"1282374","formEdgeID":null},{"edgeID":"1687296","fromID":"1282373","toID":"1282379","formEdgeID":null},{"edgeID":"1687297","fromID":"1282379","toID":"1282365","formEdgeID":null},{"edgeID":"1687298","fromID":"1282378","toID":"1282380","formEdgeID":null},{"edgeID":"1687299","fromID":"1282380","toID":"1282379","formEdgeID":null},{"edgeID":"1687300","fromID":"1282383","toID":"1282382","formEdgeID":null},{"edgeID":"1687301","fromID":"1282384","toID":"1282383","formEdgeID":null},{"edgeID":"1687302","fromID":"1282382","toID":"1282385","formEdgeID":null},{"edgeID":"1687303","fromID":"1282385","toID":"1282381","formEdgeID":null},{"edgeID":"1687304","fromID":"1282374","toID":"1282386","formEdgeID":null},{"edgeID":"1687305","fromID":"1282386","toID":"1282382","formEdgeID":null},{"edgeID":"1687306","fromID":"1282351","toID":"1282387","formEdgeID":null},{"edgeID":"1687307","fromID":"1282387","toID":"1282345","formEdgeID":null},{"edgeID":"1687308","fromID":"1282356","toID":"1282388","formEdgeID":null},{"edgeID":"1687309","fromID":"1282388","toID":"1282387","formEdgeID":null},{"edgeID":"1687310","fromID":"1282391","toID":"1282390","formEdgeID":null},{"edgeID":"1687311","fromID":"1282392","toID":"1282391","formEdgeID":null},{"edgeID":"1687312","fromID":"1282390","toID":"1282393","formEdgeID":null},{"edgeID":"1687313","fromID":"1282393","toID":"1282389","formEdgeID":null},{"edgeID":"1687314","fromID":"1282382","toID":"1282394","formEdgeID":null},{"edgeID":"1687315","fromID":"1282394","toID":"1282390","formEdgeID":null},{"edgeID":"1687316","fromID":"1282396","toID":"1282288","formEdgeID":null},{"edgeID":"1687317","fromID":"1282287","toID":"1282396","formEdgeID":null},{"edgeID":"1687318","fromID":"1282288","toID":"1282397","formEdgeID":null},{"edgeID":"1687319","fromID":"1282397","toID":"1282395","formEdgeID":null},{"edgeID":"1687320","fromID":"1282390","toID":"1282398","formEdgeID":null},{"edgeID":"1687321","fromID":"1282398","toID":"1282288","formEdgeID":null},{"edgeID":"1687322","fromID":"1282400","toID":"1282294","formEdgeID":null},{"edgeID":"1687323","fromID":"1282293","toID":"1282400","formEdgeID":null},{"edgeID":"1687324","fromID":"1282294","toID":"1282401","formEdgeID":null},{"edgeID":"1687325","fromID":"1282401","toID":"1282399","formEdgeID":null},{"edgeID":"1687326","fromID":"1282288","toID":"1282402","formEdgeID":null},{"edgeID":"1687327","fromID":"1282402","toID":"1282294","formEdgeID":null},{"edgeID":"1687328","fromID":"1282399","toID":"1282403","formEdgeID":null},{"edgeID":"1687329","fromID":"1282403","toID":"1282395","formEdgeID":null},{"edgeID":"1687330","fromID":"1282402","toID":"1282404","formEdgeID":null},{"edgeID":"1687331","fromID":"1282404","toID":"1282403","formEdgeID":null},{"edgeID":"1687332","fromID":"1282407","toID":"1282406","formEdgeID":null},{"edgeID":"1687333","fromID":"1282408","toID":"1282407","formEdgeID":null},{"edgeID":"1687334","fromID":"1282406","toID":"1282409","formEdgeID":null},{"edgeID":"1687335","fromID":"1282409","toID":"1282405","formEdgeID":null},{"edgeID":"1687336","fromID":"1282294","toID":"1282410","formEdgeID":null},{"edgeID":"1687337","fromID":"1282410","toID":"1282406","formEdgeID":null},{"edgeID":"1687338","fromID":"1282413","toID":"1282412","formEdgeID":null},{"edgeID":"1687339","fromID":"1282414","toID":"1282413","formEdgeID":null},{"edgeID":"1687340","fromID":"1282412","toID":"1282415","formEdgeID":null},{"edgeID":"1687341","fromID":"1282415","toID":"1282411","formEdgeID":null},{"edgeID":"1687342","fromID":"1282406","toID":"1282416","formEdgeID":null},{"edgeID":"1687343","fromID":"1282416","toID":"1282412","formEdgeID":null},{"edgeID":"1687344","fromID":"1282419","toID":"1282418","formEdgeID":null},{"edgeID":"1687345","fromID":"1282420","toID":"1282419","formEdgeID":null},{"edgeID":"1687346","fromID":"1282418","toID":"1282421","formEdgeID":null},{"edgeID":"1687347","fromID":"1282421","toID":"1282417","formEdgeID":null},{"edgeID":"1687348","fromID":"1282424","toID":"1282423","formEdgeID":null},{"edgeID":"1687349","fromID":"1282425","toID":"1282424","formEdgeID":null},{"edgeID":"1687350","fromID":"1282423","toID":"1282426","formEdgeID":null},{"edgeID":"1687351","fromID":"1282426","toID":"1282422","formEdgeID":null},{"edgeID":"1687352","fromID":"1282418","toID":"1282427","formEdgeID":null},{"edgeID":"1687353","fromID":"1282427","toID":"1282423","formEdgeID":null},{"edgeID":"1687354","fromID":"1282412","toID":"1282428","formEdgeID":null},{"edgeID":"1687355","fromID":"1282428","toID":"1282418","formEdgeID":null},{"edgeID":"1687356","fromID":"1282417","toID":"1282429","formEdgeID":null},{"edgeID":"1687357","fromID":"1282429","toID":"1282422","formEdgeID":null},{"edgeID":"1687358","fromID":"1282411","toID":"1282429","formEdgeID":null},{"edgeID":"1687359","fromID":"1282412","toID":"1282430","formEdgeID":null},{"edgeID":"1687360","fromID":"1282430","toID":"1282423","formEdgeID":null},{"edgeID":"1687361","fromID":"1282430","toID":"1282431","formEdgeID":null},{"edgeID":"1687362","fromID":"1282431","toID":"1282429","formEdgeID":null},{"edgeID":"1687363","fromID":"1282406","toID":"1282432","formEdgeID":null},{"edgeID":"1687364","fromID":"1282432","toID":"1282423","formEdgeID":null},{"edgeID":"1687365","fromID":"1282422","toID":"1282433","formEdgeID":null},{"edgeID":"1687366","fromID":"1282433","toID":"1282405","formEdgeID":null},{"edgeID":"1687367","fromID":"1282432","toID":"1282434","formEdgeID":null},{"edgeID":"1687368","fromID":"1282434","toID":"1282433","formEdgeID":null},{"edgeID":"1687369","fromID":"1282437","toID":"1282436","formEdgeID":null},{"edgeID":"1687370","fromID":"1282438","toID":"1282437","formEdgeID":null},{"edgeID":"1687371","fromID":"1282436","toID":"1282439","formEdgeID":null},{"edgeID":"1687372","fromID":"1282439","toID":"1282435","formEdgeID":null},{"edgeID":"1687373","fromID":"1282423","toID":"1282440","formEdgeID":null},{"edgeID":"1687374","fromID":"1282440","toID":"1282436","formEdgeID":null},{"edgeID":"1687375","fromID":"1282443","toID":"1282442","formEdgeID":null},{"edgeID":"1687376","fromID":"1282444","toID":"1282443","formEdgeID":null},{"edgeID":"1687377","fromID":"1282442","toID":"1282445","formEdgeID":null},{"edgeID":"1687378","fromID":"1282445","toID":"1282441","formEdgeID":null},{"edgeID":"1687379","fromID":"1282436","toID":"1282446","formEdgeID":null},{"edgeID":"1687380","fromID":"1282446","toID":"1282442","formEdgeID":null},{"edgeID":"1687381","fromID":"1282441","toID":"1282447","formEdgeID":null},{"edgeID":"1687382","fromID":"1282447","toID":"1282435","formEdgeID":null},{"edgeID":"1687383","fromID":"1282446","toID":"1282448","formEdgeID":null},{"edgeID":"1687384","fromID":"1282448","toID":"1282447","formEdgeID":null},{"edgeID":"1687385","fromID":"1282451","toID":"1282450","formEdgeID":null},{"edgeID":"1687386","fromID":"1282452","toID":"1282451","formEdgeID":null},{"edgeID":"1687387","fromID":"1282450","toID":"1282453","formEdgeID":null},{"edgeID":"1687388","fromID":"1282453","toID":"1282449","formEdgeID":null},{"edgeID":"1687389","fromID":"1282442","toID":"1282454","formEdgeID":null},{"edgeID":"1687390","fromID":"1282454","toID":"1282450","formEdgeID":null},{"edgeID":"1687391","fromID":"1282456","toID":"1282455","formEdgeID":null},{"edgeID":"1687392","fromID":"1282457","toID":"1282456","formEdgeID":null},{"edgeID":"1687393","fromID":"1282455","toID":"1282458","formEdgeID":null},{"edgeID":"1687394","fromID":"1282458","toID":"783897","formEdgeID":null},{"edgeID":"1687395","fromID":"1282450","toID":"1282459","formEdgeID":null},{"edgeID":"1687396","fromID":"1282459","toID":"1282455","formEdgeID":null},{"edgeID":"1687397","fromID":"783897","toID":"1282460","formEdgeID":null},{"edgeID":"1687398","fromID":"1282460","toID":"1282449","formEdgeID":null},{"edgeID":"1687399","fromID":"1282459","toID":"1282461","formEdgeID":null},{"edgeID":"1687400","fromID":"1282461","toID":"1282460","formEdgeID":null},{"edgeID":"1687401","fromID":"1282464","toID":"1282463","formEdgeID":null},{"edgeID":"1687402","fromID":"1282465","toID":"1282464","formEdgeID":null},{"edgeID":"1687403","fromID":"1282463","toID":"1282466","formEdgeID":null},{"edgeID":"1687404","fromID":"1282466","toID":"1282462","formEdgeID":null},{"edgeID":"1687405","fromID":"1282468","toID":"1282467","formEdgeID":null},{"edgeID":"1687406","fromID":"1282469","toID":"1282468","formEdgeID":null},{"edgeID":"1687407","fromID":"1282467","toID":"1282470","formEdgeID":null},{"edgeID":"1687408","fromID":"1282470","toID":"783904","formEdgeID":null},{"edgeID":"1687409","fromID":"1282455","toID":"1282471","formEdgeID":null},{"edgeID":"1687410","fromID":"1282471","toID":"1282467","formEdgeID":null},{"edgeID":"1687411","fromID":"1282467","toID":"1282472","formEdgeID":null},{"edgeID":"1687412","fromID":"1282472","toID":"1282463","formEdgeID":null},{"edgeID":"1687413","fromID":"1282390","toID":"1282473","formEdgeID":null},{"edgeID":"1687414","fromID":"1282473","toID":"1282463","formEdgeID":null},{"edgeID":"1687415","fromID":"1282462","toID":"1282474","formEdgeID":null},{"edgeID":"1687416","fromID":"1282474","toID":"1282389","formEdgeID":null},{"edgeID":"1687417","fromID":"1282473","toID":"1282475","formEdgeID":null},{"edgeID":"1687418","fromID":"1282475","toID":"1282474","formEdgeID":null},{"edgeID":"1687419","fromID":"1282302","toID":"1282476","formEdgeID":null},{"edgeID":"1687420","fromID":"1282476","toID":"1282340","formEdgeID":null},{"edgeID":"1687421","fromID":"1282339","toID":"1282477","formEdgeID":null},{"edgeID":"1687422","fromID":"1282477","toID":"1282299","formEdgeID":null},{"edgeID":"1687423","fromID":"1282476","toID":"1282478","formEdgeID":null},{"edgeID":"1687424","fromID":"1282478","toID":"1282477","formEdgeID":null},{"edgeID":"1687425","fromID":"1282280","toID":"1282479","formEdgeID":null},{"edgeID":"1687426","fromID":"1282479","toID":"1282346","formEdgeID":null},{"edgeID":"1687427","fromID":"1282345","toID":"1282480","formEdgeID":null},{"edgeID":"1687428","fromID":"1282480","toID":"1282285","formEdgeID":null},{"edgeID":"1687429","fromID":"1282479","toID":"1282481","formEdgeID":null},{"edgeID":"1687430","fromID":"1282481","toID":"1282480","formEdgeID":null},{"edgeID":"1687431","fromID":"1282294","toID":"1282482","formEdgeID":null},{"edgeID":"1687432","fromID":"1282482","toID":"1282390","formEdgeID":null},{"edgeID":"1687433","fromID":"1282389","toID":"1282483","formEdgeID":null},{"edgeID":"1687434","fromID":"1282483","toID":"1282291","formEdgeID":null},{"edgeID":"1687435","fromID":"1282482","toID":"1282484","formEdgeID":null},{"edgeID":"1687436","fromID":"1282484","toID":"1282483","formEdgeID":null}],"locutions":[]}