{"nodes":[{"nodeID":"1281659","text":"AudienceMember 20211209QT37 agrees","type":"I","timestamp":"2023-11-09 12:29:31"},{"nodeID":"1281660","text":"AudienceMember 20210912QT37: I agree","type":"L","timestamp":"2023-11-09 12:29:31"},{"nodeID":"1281661","text":"Analysing","type":"YA","timestamp":"2023-11-09 12:29:31"},{"nodeID":"1281662","text":"Mascha: AudienceMember 20210912QT37: I agree","type":"L","timestamp":"2023-11-09 12:29:31"},{"nodeID":"1281663","text":"Asserting","type":"YA","timestamp":"2023-11-09 12:29:31"},{"nodeID":"1281664","text":"what we need to do is to not bring in these knee-jerk reactions","type":"I","timestamp":"2023-11-09 12:29:32"},{"nodeID":"1281665","text":"AudienceMember 20210912QT37: what we need to do is to not bring in these knee-jerk reactions","type":"L","timestamp":"2023-11-09 12:29:32"},{"nodeID":"1281666","text":"Analysing","type":"YA","timestamp":"2023-11-09 12:29:32"},{"nodeID":"1281667","text":"Mascha: AudienceMember 20210912QT37: what we need to do is to not bring in these knee-jerk reactions","type":"L","timestamp":"2023-11-09 12:29:32"},{"nodeID":"1281668","text":"Asserting","type":"YA","timestamp":"2023-11-09 12:29:32"},{"nodeID":"1281669","text":"Default Transition","type":"TA","timestamp":"2023-11-09 12:29:32"},{"nodeID":"1281670","text":"you have to wear a mask","type":"I","timestamp":"2023-11-09 12:29:33"},{"nodeID":"1281671","text":"AudienceMember 20210912QT37:  you have to wear a mask","type":"L","timestamp":"2023-11-09 12:29:33"},{"nodeID":"1281672","text":"Analysing","type":"YA","timestamp":"2023-11-09 12:29:33"},{"nodeID":"1281673","text":"Mascha: AudienceMember 20210912QT37:  you have to wear a mask","type":"L","timestamp":"2023-11-09 12:29:33"},{"nodeID":"1281674","text":"Asserting","type":"YA","timestamp":"2023-11-09 12:29:33"},{"nodeID":"1281675","text":"the reaction to the virus Omicron is a knee-jerk reaction","type":"I","timestamp":"2023-11-09 12:29:33"},{"nodeID":"1281676","text":"AudienceMember 20210912QT37:  like the virus Omicron","type":"L","timestamp":"2023-11-09 12:29:33"},{"nodeID":"1281677","text":"Analysing","type":"YA","timestamp":"2023-11-09 12:29:33"},{"nodeID":"1281678","text":"Mascha: AudienceMember 20210912QT37:  like the virus Omicron","type":"L","timestamp":"2023-11-09 12:29:33"},{"nodeID":"1281679","text":"Asserting","type":"YA","timestamp":"2023-11-09 12:29:33"},{"nodeID":"1281680","text":"Default Transition","type":"TA","timestamp":"2023-11-09 12:29:33"},{"nodeID":"1281681","text":"Default Rephrase","type":"MA","timestamp":"2023-11-09 12:29:33"},{"nodeID":"1281682","text":"Restating","type":"YA","timestamp":"2023-11-09 12:29:33"},{"nodeID":"1281683","text":"Default Transition","type":"TA","timestamp":"2023-11-09 12:29:33"},{"nodeID":"1281684","text":"the reaction to Omicron seems ludicrous to AudienceMember 20211209QT37","type":"I","timestamp":"2023-11-09 12:29:34"},{"nodeID":"1281685","text":"AudienceMember 20210912QT37: It seems ludicrous to me","type":"L","timestamp":"2023-11-09 12:29:34"},{"nodeID":"1281686","text":"Analysing","type":"YA","timestamp":"2023-11-09 12:29:34"},{"nodeID":"1281687","text":"Mascha: AudienceMember 20210912QT37: It seems ludicrous to me","type":"L","timestamp":"2023-11-09 12:29:34"},{"nodeID":"1281688","text":"Asserting","type":"YA","timestamp":"2023-11-09 12:29:34"},{"nodeID":"1281689","text":"Default Rephrase","type":"MA","timestamp":"2023-11-09 12:29:34"},{"nodeID":"1281690","text":"Default Transition","type":"TA","timestamp":"2023-11-09 12:29:34"},{"nodeID":"1281691","text":"Restating","type":"YA","timestamp":"2023-11-09 12:29:34"},{"nodeID":"1281692","text":"the reaction to Omicron seems to be an overreaction","type":"I","timestamp":"2023-11-09 12:29:34"},{"nodeID":"1281693","text":"AudienceMember 20210912QT37: it seems to be an overreaction","type":"L","timestamp":"2023-11-09 12:29:34"},{"nodeID":"1281694","text":"Analysing","type":"YA","timestamp":"2023-11-09 12:29:34"},{"nodeID":"1281695","text":"Mascha: AudienceMember 20210912QT37: it seems to be an overreaction","type":"L","timestamp":"2023-11-09 12:29:34"},{"nodeID":"1281696","text":"Asserting","type":"YA","timestamp":"2023-11-09 12:29:34"},{"nodeID":"1281697","text":"Default Transition","type":"TA","timestamp":"2023-11-09 12:29:34"},{"nodeID":"1281698","text":"Default Rephrase","type":"MA","timestamp":"2023-11-09 12:29:34"},{"nodeID":"1281699","text":"Restating","type":"YA","timestamp":"2023-11-09 12:29:34"},{"nodeID":"1281700","text":"people are going to go insular","type":"I","timestamp":"2023-11-09 12:29:35"},{"nodeID":"1281701","text":"AudienceMember 20210912QT37:  people are going to go insular","type":"L","timestamp":"2023-11-09 12:29:35"},{"nodeID":"1281702","text":"Analysing","type":"YA","timestamp":"2023-11-09 12:29:35"},{"nodeID":"1281703","text":"Mascha: AudienceMember 20210912QT37:  people are going to go insular","type":"L","timestamp":"2023-11-09 12:29:35"},{"nodeID":"1281704","text":"Asserting","type":"YA","timestamp":"2023-11-09 12:29:35"},{"nodeID":"1281705","text":"Default Transition","type":"TA","timestamp":"2023-11-09 12:29:35"},{"nodeID":"1281706","text":"Default Inference","type":"RA","timestamp":"2023-11-09 12:29:35"},{"nodeID":"1281707","text":"Arguing","type":"YA","timestamp":"2023-11-09 12:29:35"},{"nodeID":"1281708","text":"people are going to stop themselves going out because they don't want to go to the local high street in case they catch something","type":"I","timestamp":"2023-11-09 12:29:35"},{"nodeID":"1281709","text":"AudienceMember 20210912QT37: they are going to stop themselves going out because they don't want to go to the local high street in case they catch something","type":"L","timestamp":"2023-11-09 12:29:35"},{"nodeID":"1281710","text":"Analysing","type":"YA","timestamp":"2023-11-09 12:29:35"},{"nodeID":"1281711","text":"Mascha: AudienceMember 20210912QT37: they are going to stop themselves going out because they don't want to go to the local high street in case they catch something","type":"L","timestamp":"2023-11-09 12:29:35"},{"nodeID":"1281712","text":"Asserting","type":"YA","timestamp":"2023-11-09 12:29:35"},{"nodeID":"1281713","text":"Default Transition","type":"TA","timestamp":"2023-11-09 12:29:35"},{"nodeID":"1281714","text":"Default Rephrase","type":"MA","timestamp":"2023-11-09 12:29:35"},{"nodeID":"1281715","text":"Restating","type":"YA","timestamp":"2023-11-09 12:29:35"},{"nodeID":"1281716","text":"people stopping themselves going out is a pre-pandemic problem as well in terms of shops closing on the high street","type":"I","timestamp":"2023-11-09 12:29:36"},{"nodeID":"1281717","text":"Fiona Bruce:  This is a pre-pandemic problem as well in terms of shops closing on the high street","type":"L","timestamp":"2023-11-09 12:29:36"},{"nodeID":"1281718","text":"Analysing","type":"YA","timestamp":"2023-11-09 12:29:36"},{"nodeID":"1281719","text":"Mascha: Fiona Bruce:  This is a pre-pandemic problem as well in terms of shops closing on the high street","type":"L","timestamp":"2023-11-09 12:29:36"},{"nodeID":"1281720","text":"Asserting","type":"YA","timestamp":"2023-11-09 12:29:36"},{"nodeID":"1281721","text":"Default Transition","type":"TA","timestamp":"2023-11-09 12:29:36"},{"nodeID":"1281722","text":"business rates are in some cases more than the rent now","type":"I","timestamp":"2023-11-09 12:29:37"},{"nodeID":"1281723","text":"Theo Paphitis: business rates now, in some cases they are more than the rent","type":"L","timestamp":"2023-11-09 12:29:37"},{"nodeID":"1281724","text":"Analysing","type":"YA","timestamp":"2023-11-09 12:29:37"},{"nodeID":"1281725","text":"Mascha: Theo Paphitis: business rates now, in some cases they are more than the rent","type":"L","timestamp":"2023-11-09 12:29:37"},{"nodeID":"1281726","text":"Asserting","type":"YA","timestamp":"2023-11-09 12:29:37"},{"nodeID":"1281727","text":"Default Transition","type":"TA","timestamp":"2023-11-09 12:29:37"},{"nodeID":"1281728","text":"now you can negotiate with a landlord and say \"I'm not going to take the shop unless you reduce the rent\"","type":"I","timestamp":"2023-11-09 12:29:37"},{"nodeID":"1281729","text":"Theo Paphitis: Now you can negotiate with a landlord and say \"I'm not going to take the shop unless you reduce the rent\"","type":"L","timestamp":"2023-11-09 12:29:37"},{"nodeID":"1281730","text":"Analysing","type":"YA","timestamp":"2023-11-09 12:29:37"},{"nodeID":"1281731","text":"Mascha: Theo Paphitis: Now you can negotiate with a landlord and say \"I'm not going to take the shop unless you reduce the rent\"","type":"L","timestamp":"2023-11-09 12:29:37"},{"nodeID":"1281732","text":"Asserting","type":"YA","timestamp":"2023-11-09 12:29:37"},{"nodeID":"1281733","text":"Default Transition","type":"TA","timestamp":"2023-11-09 12:29:37"},{"nodeID":"1281734","text":"Default Inference","type":"RA","timestamp":"2023-11-09 12:29:37"},{"nodeID":"1281735","text":"Arguing","type":"YA","timestamp":"2023-11-09 12:29:37"},{"nodeID":"1281736","text":"you can't negotiate with the Local Authority on rates","type":"I","timestamp":"2023-11-09 12:29:38"},{"nodeID":"1281737","text":"Theo Paphitis: You can't negotiate with the Local Authority on rates","type":"L","timestamp":"2023-11-09 12:29:38"},{"nodeID":"1281738","text":"Analysing","type":"YA","timestamp":"2023-11-09 12:29:38"},{"nodeID":"1281739","text":"Mascha: Theo Paphitis: You can't negotiate with the Local Authority on rates","type":"L","timestamp":"2023-11-09 12:29:38"},{"nodeID":"1281740","text":"Asserting","type":"YA","timestamp":"2023-11-09 12:29:38"},{"nodeID":"1281741","text":"Default Transition","type":"TA","timestamp":"2023-11-09 12:29:38"},{"nodeID":"1281742","text":"not being able to negotiate the rates with the Local Authorities is something that they really need to look at and get realistic about","type":"I","timestamp":"2023-11-09 12:29:38"},{"nodeID":"1281743","text":"Theo Paphitis: That's something that they really need to look at and get realistic about","type":"L","timestamp":"2023-11-09 12:29:38"},{"nodeID":"1281744","text":"Analysing","type":"YA","timestamp":"2023-11-09 12:29:38"},{"nodeID":"1281745","text":"Mascha: Theo Paphitis: That's something that they really need to look at and get realistic about","type":"L","timestamp":"2023-11-09 12:29:38"},{"nodeID":"1281746","text":"Asserting","type":"YA","timestamp":"2023-11-09 12:29:38"},{"nodeID":"1281747","text":"Default Transition","type":"TA","timestamp":"2023-11-09 12:29:38"},{"nodeID":"1281748","text":"Default Rephrase","type":"MA","timestamp":"2023-11-09 12:29:38"},{"nodeID":"1281749","text":"Restating","type":"YA","timestamp":"2023-11-09 12:29:38"},{"nodeID":"1281750","text":"otherwise you'll see a lot more stores emptied out","type":"I","timestamp":"2023-11-09 12:29:39"},{"nodeID":"1281751","text":"Theo Paphitis: Otherwise you'll see a lot more stores emptied out","type":"L","timestamp":"2023-11-09 12:29:39"},{"nodeID":"1281752","text":"Analysing","type":"YA","timestamp":"2023-11-09 12:29:39"},{"nodeID":"1281753","text":"Mascha: Theo Paphitis: Otherwise you'll see a lot more stores emptied out","type":"L","timestamp":"2023-11-09 12:29:39"},{"nodeID":"1281754","text":"Asserting","type":"YA","timestamp":"2023-11-09 12:29:39"},{"nodeID":"1281755","text":"Default Transition","type":"TA","timestamp":"2023-11-09 12:29:39"},{"nodeID":"1281756","text":"Default Inference","type":"RA","timestamp":"2023-11-09 12:29:39"},{"nodeID":"1281757","text":"Arguing","type":"YA","timestamp":"2023-11-09 12:29:39"},{"nodeID":"1281758","text":"when M and S move away, everybody else moves away as well","type":"I","timestamp":"2023-11-09 12:29:39"},{"nodeID":"1281759","text":"Theo Paphitis: When M and S move away, everybody else moves away as well","type":"L","timestamp":"2023-11-09 12:29:39"},{"nodeID":"1281760","text":"Analysing","type":"YA","timestamp":"2023-11-09 12:29:39"},{"nodeID":"1281761","text":"Mascha: Theo Paphitis: When M and S move away, everybody else moves away as well","type":"L","timestamp":"2023-11-09 12:29:39"},{"nodeID":"1281762","text":"Asserting","type":"YA","timestamp":"2023-11-09 12:29:39"},{"nodeID":"1281763","text":"Default Transition","type":"TA","timestamp":"2023-11-09 12:29:39"},{"nodeID":"1281764","text":"Default Inference","type":"RA","timestamp":"2023-11-09 12:29:39"},{"nodeID":"1281765","text":"Arguing","type":"YA","timestamp":"2023-11-09 12:29:39"},{"nodeID":"1281766","text":"business rates and rents are too high","type":"I","timestamp":"2023-11-09 12:29:40"},{"nodeID":"1281767","text":"AudienceMember 20210912QT38: business rates and rents are too high","type":"L","timestamp":"2023-11-09 12:29:40"},{"nodeID":"1281768","text":"Analysing","type":"YA","timestamp":"2023-11-09 12:29:40"},{"nodeID":"1281769","text":"Mascha: AudienceMember 20210912QT38: business rates and rents are too high","type":"L","timestamp":"2023-11-09 12:29:40"},{"nodeID":"1281770","text":"Asserting","type":"YA","timestamp":"2023-11-09 12:29:40"},{"nodeID":"1281771","text":"Default Transition","type":"TA","timestamp":"2023-11-09 12:29:40"},{"nodeID":"1281772","text":"if someone is thinking about starting a business we should support them by reducing rent and rates and helping them","type":"I","timestamp":"2023-11-09 12:29:40"},{"nodeID":"1281773","text":"AudienceMember 20210912QT38: If someone is thinking about starting a business we should support them by reducing rent and rates and helping them","type":"L","timestamp":"2023-11-09 12:29:40"},{"nodeID":"1281774","text":"Analysing","type":"YA","timestamp":"2023-11-09 12:29:40"},{"nodeID":"1281775","text":"Mascha: AudienceMember 20210912QT38: If someone is thinking about starting a business we should support them by reducing rent and rates and helping them","type":"L","timestamp":"2023-11-09 12:29:40"},{"nodeID":"1281776","text":"Asserting","type":"YA","timestamp":"2023-11-09 12:29:40"},{"nodeID":"1281777","text":"Default Transition","type":"TA","timestamp":"2023-11-09 12:29:40"},{"nodeID":"1281778","text":"Default Inference","type":"RA","timestamp":"2023-11-09 12:29:40"},{"nodeID":"1281779","text":"Arguing","type":"YA","timestamp":"2023-11-09 12:29:40"},{"nodeID":"1281780","text":"another Tory chancellor kicks it into the long grass","type":"I","timestamp":"2023-11-09 12:29:41"},{"nodeID":"1281781","text":"Theo Paphitis: another Tory chancellor kicks it into the long grass","type":"L","timestamp":"2023-11-09 12:29:41"},{"nodeID":"1281782","text":"Analysing","type":"YA","timestamp":"2023-11-09 12:29:41"},{"nodeID":"1281783","text":"Mascha: Theo Paphitis: another Tory chancellor kicks it into the long grass","type":"L","timestamp":"2023-11-09 12:29:41"},{"nodeID":"1281784","text":"Asserting","type":"YA","timestamp":"2023-11-09 12:29:41"},{"nodeID":"1281785","text":"Default Transition","type":"TA","timestamp":"2023-11-09 12:29:41"}],"edges":[{"edgeID":"1686439","fromID":"1281661","toID":"1281660","formEdgeID":null},{"edgeID":"1686440","fromID":"1281662","toID":"1281661","formEdgeID":null},{"edgeID":"1686441","fromID":"1281660","toID":"1281663","formEdgeID":null},{"edgeID":"1686442","fromID":"1281663","toID":"1281659","formEdgeID":null},{"edgeID":"1686443","fromID":"1281666","toID":"1281665","formEdgeID":null},{"edgeID":"1686444","fromID":"1281667","toID":"1281666","formEdgeID":null},{"edgeID":"1686445","fromID":"1281665","toID":"1281668","formEdgeID":null},{"edgeID":"1686446","fromID":"1281668","toID":"1281664","formEdgeID":null},{"edgeID":"1686447","fromID":"1281660","toID":"1281669","formEdgeID":null},{"edgeID":"1686448","fromID":"1281669","toID":"1281665","formEdgeID":null},{"edgeID":"1686449","fromID":"1281672","toID":"1281671","formEdgeID":null},{"edgeID":"1686450","fromID":"1281673","toID":"1281672","formEdgeID":null},{"edgeID":"1686451","fromID":"1281671","toID":"1281674","formEdgeID":null},{"edgeID":"1686452","fromID":"1281674","toID":"1281670","formEdgeID":null},{"edgeID":"1686453","fromID":"1281677","toID":"1281676","formEdgeID":null},{"edgeID":"1686454","fromID":"1281678","toID":"1281677","formEdgeID":null},{"edgeID":"1686455","fromID":"1281676","toID":"1281679","formEdgeID":null},{"edgeID":"1686456","fromID":"1281679","toID":"1281675","formEdgeID":null},{"edgeID":"1686457","fromID":"1281665","toID":"1281680","formEdgeID":null},{"edgeID":"1686458","fromID":"1281680","toID":"1281676","formEdgeID":null},{"edgeID":"1686459","fromID":"1281675","toID":"1281681","formEdgeID":null},{"edgeID":"1686460","fromID":"1281681","toID":"1281664","formEdgeID":null},{"edgeID":"1686461","fromID":"1281680","toID":"1281682","formEdgeID":null},{"edgeID":"1686462","fromID":"1281682","toID":"1281681","formEdgeID":null},{"edgeID":"1686463","fromID":"1281676","toID":"1281683","formEdgeID":null},{"edgeID":"1686464","fromID":"1281683","toID":"1281671","formEdgeID":null},{"edgeID":"1686465","fromID":"1281686","toID":"1281685","formEdgeID":null},{"edgeID":"1686466","fromID":"1281687","toID":"1281686","formEdgeID":null},{"edgeID":"1686467","fromID":"1281685","toID":"1281688","formEdgeID":null},{"edgeID":"1686468","fromID":"1281688","toID":"1281684","formEdgeID":null},{"edgeID":"1686469","fromID":"1281684","toID":"1281689","formEdgeID":null},{"edgeID":"1686470","fromID":"1281689","toID":"1281675","formEdgeID":null},{"edgeID":"1686471","fromID":"1281676","toID":"1281690","formEdgeID":null},{"edgeID":"1686472","fromID":"1281690","toID":"1281685","formEdgeID":null},{"edgeID":"1686473","fromID":"1281690","toID":"1281691","formEdgeID":null},{"edgeID":"1686474","fromID":"1281691","toID":"1281689","formEdgeID":null},{"edgeID":"1686475","fromID":"1281694","toID":"1281693","formEdgeID":null},{"edgeID":"1686476","fromID":"1281695","toID":"1281694","formEdgeID":null},{"edgeID":"1686477","fromID":"1281693","toID":"1281696","formEdgeID":null},{"edgeID":"1686478","fromID":"1281696","toID":"1281692","formEdgeID":null},{"edgeID":"1686479","fromID":"1281685","toID":"1281697","formEdgeID":null},{"edgeID":"1686480","fromID":"1281697","toID":"1281693","formEdgeID":null},{"edgeID":"1686481","fromID":"1281692","toID":"1281698","formEdgeID":null},{"edgeID":"1686482","fromID":"1281698","toID":"1281684","formEdgeID":null},{"edgeID":"1686483","fromID":"1281697","toID":"1281699","formEdgeID":null},{"edgeID":"1686484","fromID":"1281699","toID":"1281698","formEdgeID":null},{"edgeID":"1686485","fromID":"1281702","toID":"1281701","formEdgeID":null},{"edgeID":"1686486","fromID":"1281703","toID":"1281702","formEdgeID":null},{"edgeID":"1686487","fromID":"1281701","toID":"1281704","formEdgeID":null},{"edgeID":"1686488","fromID":"1281704","toID":"1281700","formEdgeID":null},{"edgeID":"1686489","fromID":"1281693","toID":"1281705","formEdgeID":null},{"edgeID":"1686490","fromID":"1281705","toID":"1281701","formEdgeID":null},{"edgeID":"1686491","fromID":"1281692","toID":"1281706","formEdgeID":null},{"edgeID":"1686492","fromID":"1281706","toID":"1281700","formEdgeID":null},{"edgeID":"1686493","fromID":"1281705","toID":"1281707","formEdgeID":null},{"edgeID":"1686494","fromID":"1281707","toID":"1281706","formEdgeID":null},{"edgeID":"1686495","fromID":"1281710","toID":"1281709","formEdgeID":null},{"edgeID":"1686496","fromID":"1281711","toID":"1281710","formEdgeID":null},{"edgeID":"1686497","fromID":"1281709","toID":"1281712","formEdgeID":null},{"edgeID":"1686498","fromID":"1281712","toID":"1281708","formEdgeID":null},{"edgeID":"1686499","fromID":"1281701","toID":"1281713","formEdgeID":null},{"edgeID":"1686500","fromID":"1281713","toID":"1281709","formEdgeID":null},{"edgeID":"1686501","fromID":"1281708","toID":"1281714","formEdgeID":null},{"edgeID":"1686502","fromID":"1281714","toID":"1281700","formEdgeID":null},{"edgeID":"1686503","fromID":"1281713","toID":"1281715","formEdgeID":null},{"edgeID":"1686504","fromID":"1281715","toID":"1281714","formEdgeID":null},{"edgeID":"1686505","fromID":"1281718","toID":"1281717","formEdgeID":null},{"edgeID":"1686506","fromID":"1281719","toID":"1281718","formEdgeID":null},{"edgeID":"1686507","fromID":"1281717","toID":"1281720","formEdgeID":null},{"edgeID":"1686508","fromID":"1281720","toID":"1281716","formEdgeID":null},{"edgeID":"1686509","fromID":"1281709","toID":"1281721","formEdgeID":null},{"edgeID":"1686510","fromID":"1281721","toID":"1281717","formEdgeID":null},{"edgeID":"1686511","fromID":"1281724","toID":"1281723","formEdgeID":null},{"edgeID":"1686512","fromID":"1281725","toID":"1281724","formEdgeID":null},{"edgeID":"1686513","fromID":"1281723","toID":"1281726","formEdgeID":null},{"edgeID":"1686514","fromID":"1281726","toID":"1281722","formEdgeID":null},{"edgeID":"1686515","fromID":"1281717","toID":"1281727","formEdgeID":null},{"edgeID":"1686516","fromID":"1281727","toID":"1281723","formEdgeID":null},{"edgeID":"1686517","fromID":"1281730","toID":"1281729","formEdgeID":null},{"edgeID":"1686518","fromID":"1281731","toID":"1281730","formEdgeID":null},{"edgeID":"1686519","fromID":"1281729","toID":"1281732","formEdgeID":null},{"edgeID":"1686520","fromID":"1281732","toID":"1281728","formEdgeID":null},{"edgeID":"1686521","fromID":"1281723","toID":"1281733","formEdgeID":null},{"edgeID":"1686522","fromID":"1281733","toID":"1281729","formEdgeID":null},{"edgeID":"1686523","fromID":"1281722","toID":"1281734","formEdgeID":null},{"edgeID":"1686524","fromID":"1281734","toID":"1281728","formEdgeID":null},{"edgeID":"1686525","fromID":"1281733","toID":"1281735","formEdgeID":null},{"edgeID":"1686526","fromID":"1281735","toID":"1281734","formEdgeID":null},{"edgeID":"1686527","fromID":"1281738","toID":"1281737","formEdgeID":null},{"edgeID":"1686528","fromID":"1281739","toID":"1281738","formEdgeID":null},{"edgeID":"1686529","fromID":"1281737","toID":"1281740","formEdgeID":null},{"edgeID":"1686530","fromID":"1281740","toID":"1281736","formEdgeID":null},{"edgeID":"1686531","fromID":"1281729","toID":"1281741","formEdgeID":null},{"edgeID":"1686532","fromID":"1281741","toID":"1281737","formEdgeID":null},{"edgeID":"1686533","fromID":"1281744","toID":"1281743","formEdgeID":null},{"edgeID":"1686534","fromID":"1281745","toID":"1281744","formEdgeID":null},{"edgeID":"1686535","fromID":"1281743","toID":"1281746","formEdgeID":null},{"edgeID":"1686536","fromID":"1281746","toID":"1281742","formEdgeID":null},{"edgeID":"1686537","fromID":"1281737","toID":"1281747","formEdgeID":null},{"edgeID":"1686538","fromID":"1281747","toID":"1281743","formEdgeID":null},{"edgeID":"1686539","fromID":"1281742","toID":"1281748","formEdgeID":null},{"edgeID":"1686540","fromID":"1281748","toID":"1281736","formEdgeID":null},{"edgeID":"1686541","fromID":"1281747","toID":"1281749","formEdgeID":null},{"edgeID":"1686542","fromID":"1281749","toID":"1281748","formEdgeID":null},{"edgeID":"1686543","fromID":"1281752","toID":"1281751","formEdgeID":null},{"edgeID":"1686544","fromID":"1281753","toID":"1281752","formEdgeID":null},{"edgeID":"1686545","fromID":"1281751","toID":"1281754","formEdgeID":null},{"edgeID":"1686546","fromID":"1281754","toID":"1281750","formEdgeID":null},{"edgeID":"1686547","fromID":"1281743","toID":"1281755","formEdgeID":null},{"edgeID":"1686548","fromID":"1281755","toID":"1281751","formEdgeID":null},{"edgeID":"1686549","fromID":"1281750","toID":"1281756","formEdgeID":null},{"edgeID":"1686550","fromID":"1281756","toID":"1281742","formEdgeID":null},{"edgeID":"1686551","fromID":"1281755","toID":"1281757","formEdgeID":null},{"edgeID":"1686552","fromID":"1281757","toID":"1281756","formEdgeID":null},{"edgeID":"1686553","fromID":"1281760","toID":"1281759","formEdgeID":null},{"edgeID":"1686554","fromID":"1281761","toID":"1281760","formEdgeID":null},{"edgeID":"1686555","fromID":"1281759","toID":"1281762","formEdgeID":null},{"edgeID":"1686556","fromID":"1281762","toID":"1281758","formEdgeID":null},{"edgeID":"1686557","fromID":"1281751","toID":"1281763","formEdgeID":null},{"edgeID":"1686558","fromID":"1281763","toID":"1281759","formEdgeID":null},{"edgeID":"1686559","fromID":"1281758","toID":"1281764","formEdgeID":null},{"edgeID":"1686560","fromID":"1281764","toID":"1281750","formEdgeID":null},{"edgeID":"1686561","fromID":"1281763","toID":"1281765","formEdgeID":null},{"edgeID":"1686562","fromID":"1281765","toID":"1281764","formEdgeID":null},{"edgeID":"1686563","fromID":"1281768","toID":"1281767","formEdgeID":null},{"edgeID":"1686564","fromID":"1281769","toID":"1281768","formEdgeID":null},{"edgeID":"1686565","fromID":"1281767","toID":"1281770","formEdgeID":null},{"edgeID":"1686566","fromID":"1281770","toID":"1281766","formEdgeID":null},{"edgeID":"1686567","fromID":"1281759","toID":"1281771","formEdgeID":null},{"edgeID":"1686568","fromID":"1281771","toID":"1281767","formEdgeID":null},{"edgeID":"1686569","fromID":"1281774","toID":"1281773","formEdgeID":null},{"edgeID":"1686570","fromID":"1281775","toID":"1281774","formEdgeID":null},{"edgeID":"1686571","fromID":"1281773","toID":"1281776","formEdgeID":null},{"edgeID":"1686572","fromID":"1281776","toID":"1281772","formEdgeID":null},{"edgeID":"1686573","fromID":"1281767","toID":"1281777","formEdgeID":null},{"edgeID":"1686574","fromID":"1281777","toID":"1281773","formEdgeID":null},{"edgeID":"1686575","fromID":"1281772","toID":"1281778","formEdgeID":null},{"edgeID":"1686576","fromID":"1281778","toID":"1281766","formEdgeID":null},{"edgeID":"1686577","fromID":"1281777","toID":"1281779","formEdgeID":null},{"edgeID":"1686578","fromID":"1281779","toID":"1281778","formEdgeID":null},{"edgeID":"1686579","fromID":"1281782","toID":"1281781","formEdgeID":null},{"edgeID":"1686580","fromID":"1281783","toID":"1281782","formEdgeID":null},{"edgeID":"1686581","fromID":"1281781","toID":"1281784","formEdgeID":null},{"edgeID":"1686582","fromID":"1281784","toID":"1281780","formEdgeID":null},{"edgeID":"1686583","fromID":"1281773","toID":"1281785","formEdgeID":null},{"edgeID":"1686584","fromID":"1281785","toID":"1281781","formEdgeID":null}],"locutions":[]}