{"nodes":[{"nodeID":"783772","text":"we don't know very much about the Omicron variant","type":"I","timestamp":"2021-12-09 20:52:03"},{"nodeID":"783800","text":"any spare vaccines that the UK has should be given to people abroad","type":"I","timestamp":"2021-12-09 20:52:12"},{"nodeID":"783807","text":"the most important thing here is to make sure that as many people are vaccinated as possible","type":"I","timestamp":"2021-12-09 20:52:14"},{"nodeID":"783814","text":"what we are being told and what the evidence clearly is, the more people vaccinated, the quicker and the safer we will all be","type":"I","timestamp":"2021-12-09 20:52:16"},{"nodeID":"1279610","text":"it would be interesting to listen to an economist talk about the pandemic","type":"I","timestamp":"2023-11-09 12:26:36"},{"nodeID":"1279611","text":"AudienceMember 20210912QT13: it would be interesting to listen to an economist talk about the pandemic","type":"L","timestamp":"2023-11-09 12:26:36"},{"nodeID":"1279612","text":"Analysing","type":"YA","timestamp":"2023-11-09 12:26:36"},{"nodeID":"1279613","text":"Zofia: AudienceMember 20210912QT13: it would be interesting to listen to an economist talk about the pandemic","type":"L","timestamp":"2023-11-09 12:26:36"},{"nodeID":"1279614","text":"Asserting","type":"YA","timestamp":"2023-11-09 12:26:36"},{"nodeID":"1279615","text":"we have lots of views from scientists about the pandemic","type":"I","timestamp":"2023-11-09 12:26:37"},{"nodeID":"1279616","text":"AudienceMember 20210912QT13: we have lots of views from scientists","type":"L","timestamp":"2023-11-09 12:26:37"},{"nodeID":"1279617","text":"Analysing","type":"YA","timestamp":"2023-11-09 12:26:37"},{"nodeID":"1279618","text":"Zofia: AudienceMember 20210912QT13: we have lots of views from scientists","type":"L","timestamp":"2023-11-09 12:26:37"},{"nodeID":"1279619","text":"Asserting","type":"YA","timestamp":"2023-11-09 12:26:37"},{"nodeID":"1279620","text":"health and the economy are interlinked","type":"I","timestamp":"2023-11-09 12:26:37"},{"nodeID":"1279621","text":"AudienceMember 20210912QT13: health and the economy interlinked","type":"L","timestamp":"2023-11-09 12:26:37"},{"nodeID":"1279622","text":"Analysing","type":"YA","timestamp":"2023-11-09 12:26:37"},{"nodeID":"1279623","text":"Zofia: AudienceMember 20210912QT13: health and the economy interlinked","type":"L","timestamp":"2023-11-09 12:26:37"},{"nodeID":"1279624","text":"Asserting","type":"YA","timestamp":"2023-11-09 12:26:37"},{"nodeID":"1279625","text":"AudienceMember 20210912QT13: it would be interesting to listen to an economist","type":"L","timestamp":"2023-11-09 12:26:37"},{"nodeID":"1279626","text":"Analysing","type":"YA","timestamp":"2023-11-09 12:26:37"},{"nodeID":"1279627","text":"Zofia: AudienceMember 20210912QT13: it would be interesting to listen to an economist","type":"L","timestamp":"2023-11-09 12:26:37"},{"nodeID":"1279628","text":"Asserting","type":"YA","timestamp":"2023-11-09 12:26:37"},{"nodeID":"1279629","text":"Default Inference","type":"RA","timestamp":"2023-11-09 12:26:37"},{"nodeID":"1279630","text":"Default Transition","type":"TA","timestamp":"2023-11-09 12:26:37"},{"nodeID":"1279631","text":"Default Transition","type":"TA","timestamp":"2023-11-09 12:26:37"},{"nodeID":"1279632","text":"Arguing","type":"YA","timestamp":"2023-11-09 12:26:37"},{"nodeID":"1279633","text":"Default Transition","type":"TA","timestamp":"2023-11-09 12:26:37"},{"nodeID":"1279634","text":"we had plenty of economists on the series","type":"I","timestamp":"2023-11-09 12:26:38"},{"nodeID":"1279635","text":"Fiona Bruce: We had plenty of economists on the series","type":"L","timestamp":"2023-11-09 12:26:38"},{"nodeID":"1279636","text":"Analysing","type":"YA","timestamp":"2023-11-09 12:26:38"},{"nodeID":"1279637","text":"Zofia: Fiona Bruce: We had plenty of economists on the series","type":"L","timestamp":"2023-11-09 12:26:38"},{"nodeID":"1279638","text":"Asserting","type":"YA","timestamp":"2023-11-09 12:26:38"},{"nodeID":"1279639","text":"we do have Mr Retail here","type":"I","timestamp":"2023-11-09 12:26:38"},{"nodeID":"1279640","text":"Fiona Bruce: we do have Mr Retail here","type":"L","timestamp":"2023-11-09 12:26:38"},{"nodeID":"1279641","text":"Analysing","type":"YA","timestamp":"2023-11-09 12:26:38"},{"nodeID":"1279642","text":"Zofia: Fiona Bruce: we do have Mr Retail here","type":"L","timestamp":"2023-11-09 12:26:38"},{"nodeID":"1279643","text":"Asserting","type":"YA","timestamp":"2023-11-09 12:26:38"},{"nodeID":"1279644","text":"Default Rephrase","type":"MA","timestamp":"2023-11-09 12:26:38"},{"nodeID":"1279645","text":"Default Transition","type":"TA","timestamp":"2023-11-09 12:26:38"},{"nodeID":"1279646","text":"Restating","type":"YA","timestamp":"2023-11-09 12:26:38"},{"nodeID":"1279647","text":"Default Rephrase","type":"MA","timestamp":"2023-11-09 12:26:38"},{"nodeID":"1279648","text":"Default Transition","type":"TA","timestamp":"2023-11-09 12:26:38"},{"nodeID":"1279649","text":"Restating","type":"YA","timestamp":"2023-11-09 12:26:38"},{"nodeID":"1279650","text":"AudienceMember 20210912QT14: we don't know very much about the Omicron variant","type":"L","timestamp":"2023-11-09 12:26:39"},{"nodeID":"1279651","text":"Analysing","type":"YA","timestamp":"2023-11-09 12:26:39"},{"nodeID":"1279652","text":"Zofia: AudienceMember 20210912QT14: we don't know very much about the Omicron variant","type":"L","timestamp":"2023-11-09 12:26:39"},{"nodeID":"1279653","text":"Asserting","type":"YA","timestamp":"2023-11-09 12:26:39"},{"nodeID":"1279654","text":"Default Transition","type":"TA","timestamp":"2023-11-09 12:26:39"},{"nodeID":"1279655","text":"the Omicron could or couldn't variant prove to be our way out of the pandemic if it proves not to be very deadly","type":"I","timestamp":"2023-11-09 12:26:39"},{"nodeID":"1279656","text":"AudienceMember 20210912QT14: could it prove to be our way out of the pandemic if it proves not to be very deadly","type":"L","timestamp":"2023-11-09 12:26:39"},{"nodeID":"1279657","text":"Analysing","type":"YA","timestamp":"2023-11-09 12:26:39"},{"nodeID":"1279658","text":"Zofia: AudienceMember 20210912QT14: could it prove to be our way out of the pandemic if it proves not to be very deadly","type":"L","timestamp":"2023-11-09 12:26:39"},{"nodeID":"1279659","text":"Pure Questioning","type":"YA","timestamp":"2023-11-09 12:26:39"},{"nodeID":"1279660","text":"Default Transition","type":"TA","timestamp":"2023-11-09 12:26:39"},{"nodeID":"1279661","text":"we could or couldn't get out from inoculation","type":"I","timestamp":"2023-11-09 12:26:40"},{"nodeID":"1279662","text":"AudienceMember 20210912QT14: Could we get out from inoculation","type":"L","timestamp":"2023-11-09 12:26:40"},{"nodeID":"1279663","text":"Analysing","type":"YA","timestamp":"2023-11-09 12:26:40"},{"nodeID":"1279664","text":"Zofia: AudienceMember 20210912QT14: Could we get out from inoculation","type":"L","timestamp":"2023-11-09 12:26:40"},{"nodeID":"1279665","text":"Pure Questioning","type":"YA","timestamp":"2023-11-09 12:26:40"},{"nodeID":"1279666","text":"Default Transition","type":"TA","timestamp":"2023-11-09 12:26:40"},{"nodeID":"1279667","text":"Default Inference","type":"RA","timestamp":"2023-11-09 12:26:40"},{"nodeID":"1279668","text":"Arguing","type":"YA","timestamp":"2023-11-09 12:26:40"},{"nodeID":"1279669","text":"Default Rephrase","type":"MA","timestamp":"2023-11-09 12:26:40"},{"nodeID":"1279670","text":"Restating","type":"YA","timestamp":"2023-11-09 12:26:40"},{"nodeID":"1279671","text":"AudienceMember 20211209QT15 has a trip in the New Year to go to Amsterdam","type":"I","timestamp":"2023-11-09 12:26:41"},{"nodeID":"1279672","text":"AudienceMember 20210912QT15: I have a trip in the New Year to go to Amsterdam","type":"L","timestamp":"2023-11-09 12:26:41"},{"nodeID":"1279673","text":"Analysing","type":"YA","timestamp":"2023-11-09 12:26:41"},{"nodeID":"1279674","text":"Zofia: AudienceMember 20210912QT15: I have a trip in the New Year to go to Amsterdam","type":"L","timestamp":"2023-11-09 12:26:41"},{"nodeID":"1279675","text":"Asserting","type":"YA","timestamp":"2023-11-09 12:26:41"},{"nodeID":"1279676","text":"AudienceMember 20211209QT15 has had to pay for their trip in the New Year","type":"I","timestamp":"2023-11-09 12:26:41"},{"nodeID":"1279677","text":"AudienceMember 20210912QT15: I have had to pay","type":"L","timestamp":"2023-11-09 12:26:41"},{"nodeID":"1279678","text":"Analysing","type":"YA","timestamp":"2023-11-09 12:26:41"},{"nodeID":"1279679","text":"Zofia: AudienceMember 20210912QT15: I have had to pay","type":"L","timestamp":"2023-11-09 12:26:41"},{"nodeID":"1279680","text":"Asserting","type":"YA","timestamp":"2023-11-09 12:26:41"},{"nodeID":"1279681","text":"Default Transition","type":"TA","timestamp":"2023-11-09 12:26:41"},{"nodeID":"1279682","text":"if AudienceMember 20211209QT15 can't go on the trip in the New Year, they are going to be able to find that out at the time xxx","type":"I","timestamp":"2023-11-09 12:26:42"},{"nodeID":"1279683","text":"AudienceMember 20210912QT15: if I can't go, when am I going to be able to find out","type":"L","timestamp":"2023-11-09 12:26:42"},{"nodeID":"1279684","text":"Analysing","type":"YA","timestamp":"2023-11-09 12:26:42"},{"nodeID":"1279685","text":"Zofia: AudienceMember 20210912QT15: if I can't go, when am I going to be able to find out","type":"L","timestamp":"2023-11-09 12:26:42"},{"nodeID":"1279686","text":"Pure Questioning","type":"YA","timestamp":"2023-11-09 12:26:42"},{"nodeID":"1279687","text":"Default Transition","type":"TA","timestamp":"2023-11-09 12:26:42"},{"nodeID":"1279688","text":"there's still so much we don't know","type":"I","timestamp":"2023-11-09 12:26:42"},{"nodeID":"1279689","text":"Fiona Bruce: There's still so much we don't know","type":"L","timestamp":"2023-11-09 12:26:42"},{"nodeID":"1279690","text":"Analysing","type":"YA","timestamp":"2023-11-09 12:26:42"},{"nodeID":"1279691","text":"Zofia: Fiona Bruce: There's still so much we don't know","type":"L","timestamp":"2023-11-09 12:26:42"},{"nodeID":"1279692","text":"Asserting","type":"YA","timestamp":"2023-11-09 12:26:42"},{"nodeID":"1279693","text":"Default Transition","type":"TA","timestamp":"2023-11-09 12:26:42"},{"nodeID":"1279694","text":"AudienceMember 20210912QT16: most important here is make sure that as many people are vaccinated as possible","type":"L","timestamp":"2023-11-09 12:26:43"},{"nodeID":"1279695","text":"Analysing","type":"YA","timestamp":"2023-11-09 12:26:43"},{"nodeID":"1279696","text":"Zofia: AudienceMember 20210912QT16: most important here is make sure that as many people are vaccinated as possible","type":"L","timestamp":"2023-11-09 12:26:43"},{"nodeID":"1279697","text":"Asserting","type":"YA","timestamp":"2023-11-09 12:26:43"},{"nodeID":"1279698","text":"Default Transition","type":"TA","timestamp":"2023-11-09 12:26:43"},{"nodeID":"1279699","text":"AudienceMember 20210912QT16: any spare vaccines that the UK has should be given to people abroad","type":"L","timestamp":"2023-11-09 12:26:43"},{"nodeID":"1279700","text":"Analysing","type":"YA","timestamp":"2023-11-09 12:26:43"},{"nodeID":"1279701","text":"Zofia: AudienceMember 20210912QT16: any spare vaccines that the UK has should be given to people abroad","type":"L","timestamp":"2023-11-09 12:26:43"},{"nodeID":"1279702","text":"Asserting","type":"YA","timestamp":"2023-11-09 12:26:43"},{"nodeID":"1279703","text":"Default Transition","type":"TA","timestamp":"2023-11-09 12:26:43"},{"nodeID":"1279704","text":"Default Inference","type":"RA","timestamp":"2023-11-09 12:26:43"},{"nodeID":"1279705","text":"Arguing","type":"YA","timestamp":"2023-11-09 12:26:43"},{"nodeID":"1279706","text":"AudienceMember 20211209QT16 is not a scientist by any stretch of the imagination","type":"I","timestamp":"2023-11-09 12:26:44"},{"nodeID":"1279707","text":"AudienceMember 20210912QT16: I'm not a scientist by any stretch of the imagination","type":"L","timestamp":"2023-11-09 12:26:44"},{"nodeID":"1279708","text":"Analysing","type":"YA","timestamp":"2023-11-09 12:26:44"},{"nodeID":"1279709","text":"Zofia: AudienceMember 20210912QT16: I'm not a scientist by any stretch of the imagination","type":"L","timestamp":"2023-11-09 12:26:44"},{"nodeID":"1279710","text":"Asserting","type":"YA","timestamp":"2023-11-09 12:26:44"},{"nodeID":"1279711","text":"Default Transition","type":"TA","timestamp":"2023-11-09 12:26:44"},{"nodeID":"1279712","text":"AudienceMember 20210912QT16: what we are being told and what the evidence clearly is, the more people vaccinated, the quicker and the safer we will all be","type":"L","timestamp":"2023-11-09 12:26:44"},{"nodeID":"1279713","text":"Analysing","type":"YA","timestamp":"2023-11-09 12:26:44"},{"nodeID":"1279714","text":"Zofia: AudienceMember 20210912QT16: what we are being told and what the evidence clearly is, the more people vaccinated, the quicker and the safer we will all be","type":"L","timestamp":"2023-11-09 12:26:44"},{"nodeID":"1279715","text":"Asserting","type":"YA","timestamp":"2023-11-09 12:26:44"},{"nodeID":"1279716","text":"we are or aren't allowed to travel to other country","type":"I","timestamp":"2023-11-09 12:26:45"},{"nodeID":"1279717","text":"AudienceMember 20210912QT15: are we allowed to travel to other country","type":"L","timestamp":"2023-11-09 12:26:45"},{"nodeID":"1279718","text":"Analysing","type":"YA","timestamp":"2023-11-09 12:26:45"},{"nodeID":"1279719","text":"Zofia: AudienceMember 20210912QT15: are we allowed to travel to other country","type":"L","timestamp":"2023-11-09 12:26:45"},{"nodeID":"1279720","text":"Pure Questioning","type":"YA","timestamp":"2023-11-09 12:26:45"},{"nodeID":"1279721","text":"Default Transition","type":"TA","timestamp":"2023-11-09 12:26:45"},{"nodeID":"1279722","text":"Default Transition","type":"TA","timestamp":"2023-11-09 12:26:45"},{"nodeID":"1279723","text":"Default Inference","type":"RA","timestamp":"2023-11-09 12:26:45"},{"nodeID":"1279724","text":"Default Transition","type":"TA","timestamp":"2023-11-09 12:26:45"},{"nodeID":"1279725","text":"Arguing","type":"YA","timestamp":"2023-11-09 12:26:45"}],"edges":[{"edgeID":"1683859","fromID":"1279612","toID":"1279611","formEdgeID":null},{"edgeID":"1683860","fromID":"1279613","toID":"1279612","formEdgeID":null},{"edgeID":"1683861","fromID":"1279611","toID":"1279614","formEdgeID":null},{"edgeID":"1683862","fromID":"1279614","toID":"1279610","formEdgeID":null},{"edgeID":"1683863","fromID":"1279617","toID":"1279616","formEdgeID":null},{"edgeID":"1683864","fromID":"1279618","toID":"1279617","formEdgeID":null},{"edgeID":"1683865","fromID":"1279616","toID":"1279619","formEdgeID":null},{"edgeID":"1683866","fromID":"1279619","toID":"1279615","formEdgeID":null},{"edgeID":"1683867","fromID":"1279622","toID":"1279621","formEdgeID":null},{"edgeID":"1683868","fromID":"1279623","toID":"1279622","formEdgeID":null},{"edgeID":"1683869","fromID":"1279621","toID":"1279624","formEdgeID":null},{"edgeID":"1683870","fromID":"1279624","toID":"1279620","formEdgeID":null},{"edgeID":"1683871","fromID":"1279626","toID":"1279625","formEdgeID":null},{"edgeID":"1683872","fromID":"1279627","toID":"1279626","formEdgeID":null},{"edgeID":"1683873","fromID":"1279625","toID":"1279628","formEdgeID":null},{"edgeID":"1683874","fromID":"1279628","toID":"1279610","formEdgeID":null},{"edgeID":"1683875","fromID":"1279620","toID":"1279629","formEdgeID":null},{"edgeID":"1683876","fromID":"1279629","toID":"1279610","formEdgeID":null},{"edgeID":"1683877","fromID":"1279615","toID":"1279629","formEdgeID":null},{"edgeID":"1683878","fromID":"1279611","toID":"1279630","formEdgeID":null},{"edgeID":"1683879","fromID":"1279630","toID":"1279616","formEdgeID":null},{"edgeID":"1683880","fromID":"1279611","toID":"1279631","formEdgeID":null},{"edgeID":"1683881","fromID":"1279631","toID":"1279621","formEdgeID":null},{"edgeID":"1683882","fromID":"1279631","toID":"1279632","formEdgeID":null},{"edgeID":"1683883","fromID":"1279632","toID":"1279629","formEdgeID":null},{"edgeID":"1683884","fromID":"1279616","toID":"1279633","formEdgeID":null},{"edgeID":"1683885","fromID":"1279633","toID":"1279625","formEdgeID":null},{"edgeID":"1683886","fromID":"1279636","toID":"1279635","formEdgeID":null},{"edgeID":"1683887","fromID":"1279637","toID":"1279636","formEdgeID":null},{"edgeID":"1683888","fromID":"1279635","toID":"1279638","formEdgeID":null},{"edgeID":"1683889","fromID":"1279638","toID":"1279634","formEdgeID":null},{"edgeID":"1683890","fromID":"1279641","toID":"1279640","formEdgeID":null},{"edgeID":"1683891","fromID":"1279642","toID":"1279641","formEdgeID":null},{"edgeID":"1683892","fromID":"1279640","toID":"1279643","formEdgeID":null},{"edgeID":"1683893","fromID":"1279643","toID":"1279639","formEdgeID":null},{"edgeID":"1683894","fromID":"1279634","toID":"1279644","formEdgeID":null},{"edgeID":"1683895","fromID":"1279644","toID":"1279610","formEdgeID":null},{"edgeID":"1683896","fromID":"1279611","toID":"1279645","formEdgeID":null},{"edgeID":"1683897","fromID":"1279645","toID":"1279635","formEdgeID":null},{"edgeID":"1683898","fromID":"1279645","toID":"1279646","formEdgeID":null},{"edgeID":"1683899","fromID":"1279646","toID":"1279644","formEdgeID":null},{"edgeID":"1683900","fromID":"1279639","toID":"1279647","formEdgeID":null},{"edgeID":"1683901","fromID":"1279647","toID":"1279634","formEdgeID":null},{"edgeID":"1683902","fromID":"1279635","toID":"1279648","formEdgeID":null},{"edgeID":"1683903","fromID":"1279648","toID":"1279640","formEdgeID":null},{"edgeID":"1683904","fromID":"1279648","toID":"1279649","formEdgeID":null},{"edgeID":"1683905","fromID":"1279649","toID":"1279647","formEdgeID":null},{"edgeID":"1683906","fromID":"1279651","toID":"1279650","formEdgeID":null},{"edgeID":"1683907","fromID":"1279652","toID":"1279651","formEdgeID":null},{"edgeID":"1683908","fromID":"1279650","toID":"1279653","formEdgeID":null},{"edgeID":"1683909","fromID":"1279653","toID":"783772","formEdgeID":null},{"edgeID":"1683910","fromID":"1279640","toID":"1279654","formEdgeID":null},{"edgeID":"1683911","fromID":"1279654","toID":"1279650","formEdgeID":null},{"edgeID":"1683912","fromID":"1279657","toID":"1279656","formEdgeID":null},{"edgeID":"1683913","fromID":"1279658","toID":"1279657","formEdgeID":null},{"edgeID":"1683914","fromID":"1279656","toID":"1279659","formEdgeID":null},{"edgeID":"1683915","fromID":"1279659","toID":"1279655","formEdgeID":null},{"edgeID":"1683916","fromID":"1279650","toID":"1279660","formEdgeID":null},{"edgeID":"1683917","fromID":"1279660","toID":"1279656","formEdgeID":null},{"edgeID":"1683918","fromID":"1279663","toID":"1279662","formEdgeID":null},{"edgeID":"1683919","fromID":"1279664","toID":"1279663","formEdgeID":null},{"edgeID":"1683920","fromID":"1279662","toID":"1279665","formEdgeID":null},{"edgeID":"1683921","fromID":"1279665","toID":"1279661","formEdgeID":null},{"edgeID":"1683922","fromID":"1279656","toID":"1279666","formEdgeID":null},{"edgeID":"1683923","fromID":"1279666","toID":"1279662","formEdgeID":null},{"edgeID":"1683924","fromID":"783772","toID":"1279667","formEdgeID":null},{"edgeID":"1683925","fromID":"1279667","toID":"1279655","formEdgeID":null},{"edgeID":"1683926","fromID":"1279660","toID":"1279668","formEdgeID":null},{"edgeID":"1683927","fromID":"1279668","toID":"1279667","formEdgeID":null},{"edgeID":"1683928","fromID":"1279661","toID":"1279669","formEdgeID":null},{"edgeID":"1683929","fromID":"1279669","toID":"1279655","formEdgeID":null},{"edgeID":"1683930","fromID":"1279666","toID":"1279670","formEdgeID":null},{"edgeID":"1683931","fromID":"1279670","toID":"1279669","formEdgeID":null},{"edgeID":"1683932","fromID":"1279673","toID":"1279672","formEdgeID":null},{"edgeID":"1683933","fromID":"1279674","toID":"1279673","formEdgeID":null},{"edgeID":"1683934","fromID":"1279672","toID":"1279675","formEdgeID":null},{"edgeID":"1683935","fromID":"1279675","toID":"1279671","formEdgeID":null},{"edgeID":"1683936","fromID":"1279678","toID":"1279677","formEdgeID":null},{"edgeID":"1683937","fromID":"1279679","toID":"1279678","formEdgeID":null},{"edgeID":"1683938","fromID":"1279677","toID":"1279680","formEdgeID":null},{"edgeID":"1683939","fromID":"1279680","toID":"1279676","formEdgeID":null},{"edgeID":"1683940","fromID":"1279672","toID":"1279681","formEdgeID":null},{"edgeID":"1683941","fromID":"1279681","toID":"1279677","formEdgeID":null},{"edgeID":"1683942","fromID":"1279684","toID":"1279683","formEdgeID":null},{"edgeID":"1683943","fromID":"1279685","toID":"1279684","formEdgeID":null},{"edgeID":"1683944","fromID":"1279683","toID":"1279686","formEdgeID":null},{"edgeID":"1683945","fromID":"1279686","toID":"1279682","formEdgeID":null},{"edgeID":"1683946","fromID":"1279677","toID":"1279687","formEdgeID":null},{"edgeID":"1683947","fromID":"1279687","toID":"1279683","formEdgeID":null},{"edgeID":"1683948","fromID":"1279690","toID":"1279689","formEdgeID":null},{"edgeID":"1683949","fromID":"1279691","toID":"1279690","formEdgeID":null},{"edgeID":"1683950","fromID":"1279689","toID":"1279692","formEdgeID":null},{"edgeID":"1683951","fromID":"1279692","toID":"1279688","formEdgeID":null},{"edgeID":"1683952","fromID":"1279683","toID":"1279693","formEdgeID":null},{"edgeID":"1683953","fromID":"1279693","toID":"1279689","formEdgeID":null},{"edgeID":"1683954","fromID":"1279695","toID":"1279694","formEdgeID":null},{"edgeID":"1683955","fromID":"1279696","toID":"1279695","formEdgeID":null},{"edgeID":"1683956","fromID":"1279694","toID":"1279697","formEdgeID":null},{"edgeID":"1683957","fromID":"1279697","toID":"783807","formEdgeID":null},{"edgeID":"1683958","fromID":"1279689","toID":"1279698","formEdgeID":null},{"edgeID":"1683959","fromID":"1279698","toID":"1279694","formEdgeID":null},{"edgeID":"1683960","fromID":"1279700","toID":"1279699","formEdgeID":null},{"edgeID":"1683961","fromID":"1279701","toID":"1279700","formEdgeID":null},{"edgeID":"1683962","fromID":"1279699","toID":"1279702","formEdgeID":null},{"edgeID":"1683963","fromID":"1279702","toID":"783800","formEdgeID":null},{"edgeID":"1683964","fromID":"1279694","toID":"1279703","formEdgeID":null},{"edgeID":"1683965","fromID":"1279703","toID":"1279699","formEdgeID":null},{"edgeID":"1683966","fromID":"783807","toID":"1279704","formEdgeID":null},{"edgeID":"1683967","fromID":"1279704","toID":"783800","formEdgeID":null},{"edgeID":"1683968","fromID":"1279703","toID":"1279705","formEdgeID":null},{"edgeID":"1683969","fromID":"1279705","toID":"1279704","formEdgeID":null},{"edgeID":"1683970","fromID":"1279708","toID":"1279707","formEdgeID":null},{"edgeID":"1683971","fromID":"1279709","toID":"1279708","formEdgeID":null},{"edgeID":"1683972","fromID":"1279707","toID":"1279710","formEdgeID":null},{"edgeID":"1683973","fromID":"1279710","toID":"1279706","formEdgeID":null},{"edgeID":"1683974","fromID":"1279699","toID":"1279711","formEdgeID":null},{"edgeID":"1683975","fromID":"1279711","toID":"1279707","formEdgeID":null},{"edgeID":"1683976","fromID":"1279713","toID":"1279712","formEdgeID":null},{"edgeID":"1683977","fromID":"1279714","toID":"1279713","formEdgeID":null},{"edgeID":"1683978","fromID":"1279712","toID":"1279715","formEdgeID":null},{"edgeID":"1683979","fromID":"1279715","toID":"783814","formEdgeID":null},{"edgeID":"1683980","fromID":"1279718","toID":"1279717","formEdgeID":null},{"edgeID":"1683981","fromID":"1279719","toID":"1279718","formEdgeID":null},{"edgeID":"1683982","fromID":"1279717","toID":"1279720","formEdgeID":null},{"edgeID":"1683983","fromID":"1279720","toID":"1279716","formEdgeID":null},{"edgeID":"1683984","fromID":"1279662","toID":"1279721","formEdgeID":null},{"edgeID":"1683985","fromID":"1279721","toID":"1279717","formEdgeID":null},{"edgeID":"1683986","fromID":"1279717","toID":"1279722","formEdgeID":null},{"edgeID":"1683987","fromID":"1279722","toID":"1279672","formEdgeID":null},{"edgeID":"1683988","fromID":"783814","toID":"1279723","formEdgeID":null},{"edgeID":"1683989","fromID":"1279723","toID":"783807","formEdgeID":null},{"edgeID":"1683990","fromID":"1279694","toID":"1279724","formEdgeID":null},{"edgeID":"1683991","fromID":"1279724","toID":"1279712","formEdgeID":null},{"edgeID":"1683992","fromID":"1279724","toID":"1279725","formEdgeID":null},{"edgeID":"1683993","fromID":"1279725","toID":"1279723","formEdgeID":null}],"locutions":[]}