{"nodes":[{"nodeID":"783892","text":"the attraction to come to the UK is xxx","type":"I","timestamp":"2021-12-09 20:52:42"},{"nodeID":"1281506","text":"it's the lack of treating Afghanistan refugees issue seriously","type":"I","timestamp":"2023-11-09 12:29:19"},{"nodeID":"1281507","text":"Theo Paphitis: It's the lack of treating it seriously","type":"L","timestamp":"2023-11-09 12:29:19"},{"nodeID":"1281508","text":"Analysing","type":"YA","timestamp":"2023-11-09 12:29:19"},{"nodeID":"1281509","text":"Xiyuan: Theo Paphitis: It's the lack of treating it seriously","type":"L","timestamp":"2023-11-09 12:29:19"},{"nodeID":"1281510","text":"Asserting","type":"YA","timestamp":"2023-11-09 12:29:19"},{"nodeID":"1281511","text":"Theo Paphitis is quite sickened","type":"I","timestamp":"2023-11-09 12:29:19"},{"nodeID":"1281512","text":"Theo Paphitis: I'm quite sickened","type":"L","timestamp":"2023-11-09 12:29:19"},{"nodeID":"1281513","text":"Analysing","type":"YA","timestamp":"2023-11-09 12:29:19"},{"nodeID":"1281514","text":"Xiyuan: Theo Paphitis: I'm quite sickened","type":"L","timestamp":"2023-11-09 12:29:19"},{"nodeID":"1281515","text":"Asserting","type":"YA","timestamp":"2023-11-09 12:29:19"},{"nodeID":"1281516","text":"Afghanistan refugees is not a UK problem","type":"I","timestamp":"2023-11-09 12:29:20"},{"nodeID":"1281517","text":"Theo Paphitis: it's not a UK problem","type":"L","timestamp":"2023-11-09 12:29:20"},{"nodeID":"1281518","text":"Analysing","type":"YA","timestamp":"2023-11-09 12:29:20"},{"nodeID":"1281519","text":"Xiyuan: Theo Paphitis: it's not a UK problem","type":"L","timestamp":"2023-11-09 12:29:20"},{"nodeID":"1281520","text":"Asserting","type":"YA","timestamp":"2023-11-09 12:29:20"},{"nodeID":"1281521","text":"Afghanistan refugees is not a French problem","type":"I","timestamp":"2023-11-09 12:29:20"},{"nodeID":"1281522","text":"Theo Paphitis: it's not a French problem","type":"L","timestamp":"2023-11-09 12:29:20"},{"nodeID":"1281523","text":"Analysing","type":"YA","timestamp":"2023-11-09 12:29:20"},{"nodeID":"1281524","text":"Xiyuan: Theo Paphitis: it's not a French problem","type":"L","timestamp":"2023-11-09 12:29:20"},{"nodeID":"1281525","text":"Asserting","type":"YA","timestamp":"2023-11-09 12:29:20"},{"nodeID":"1281526","text":"Afghanistan refugees is not a European problem","type":"I","timestamp":"2023-11-09 12:29:21"},{"nodeID":"1281527","text":"Theo Paphitis: it's not a European problem","type":"L","timestamp":"2023-11-09 12:29:21"},{"nodeID":"1281528","text":"Analysing","type":"YA","timestamp":"2023-11-09 12:29:21"},{"nodeID":"1281529","text":"Xiyuan: Theo Paphitis: it's not a European problem","type":"L","timestamp":"2023-11-09 12:29:21"},{"nodeID":"1281530","text":"Asserting","type":"YA","timestamp":"2023-11-09 12:29:21"},{"nodeID":"1281531","text":"Afghanistan refugees issue is a world problem","type":"I","timestamp":"2023-11-09 12:29:22"},{"nodeID":"1281532","text":"Theo Paphitis: This is a world problem","type":"L","timestamp":"2023-11-09 12:29:22"},{"nodeID":"1281533","text":"Analysing","type":"YA","timestamp":"2023-11-09 12:29:22"},{"nodeID":"1281534","text":"Xiyuan: Theo Paphitis: This is a world problem","type":"L","timestamp":"2023-11-09 12:29:22"},{"nodeID":"1281535","text":"Asserting","type":"YA","timestamp":"2023-11-09 12:29:22"},{"nodeID":"1281536","text":"Default Inference","type":"RA","timestamp":"2023-11-09 12:29:22"},{"nodeID":"1281537","text":"Default Rephrase","type":"MA","timestamp":"2023-11-09 12:29:22"},{"nodeID":"1281538","text":"Default Rephrase","type":"MA","timestamp":"2023-11-09 12:29:22"},{"nodeID":"1281539","text":"Default Rephrase","type":"MA","timestamp":"2023-11-09 12:29:22"},{"nodeID":"1281540","text":"Default Transition","type":"TA","timestamp":"2023-11-09 12:29:22"},{"nodeID":"1281541","text":"Default Transition","type":"TA","timestamp":"2023-11-09 12:29:22"},{"nodeID":"1281542","text":"Default Transition","type":"TA","timestamp":"2023-11-09 12:29:22"},{"nodeID":"1281543","text":"Default Transition","type":"TA","timestamp":"2023-11-09 12:29:22"},{"nodeID":"1281544","text":"Default Transition","type":"TA","timestamp":"2023-11-09 12:29:22"},{"nodeID":"1281545","text":"Arguing","type":"YA","timestamp":"2023-11-09 12:29:22"},{"nodeID":"1281546","text":"Restating","type":"YA","timestamp":"2023-11-09 12:29:22"},{"nodeID":"1281547","text":"Restating","type":"YA","timestamp":"2023-11-09 12:29:22"},{"nodeID":"1281548","text":"Restating","type":"YA","timestamp":"2023-11-09 12:29:22"},{"nodeID":"1281549","text":"we have to tackle Afghanistan refugees issue together","type":"I","timestamp":"2023-11-09 12:29:22"},{"nodeID":"1281550","text":"Theo Paphitis: we have to tackle it together","type":"L","timestamp":"2023-11-09 12:29:22"},{"nodeID":"1281551","text":"Analysing","type":"YA","timestamp":"2023-11-09 12:29:22"},{"nodeID":"1281552","text":"Xiyuan: Theo Paphitis: we have to tackle it together","type":"L","timestamp":"2023-11-09 12:29:22"},{"nodeID":"1281553","text":"Asserting","type":"YA","timestamp":"2023-11-09 12:29:22"},{"nodeID":"1281554","text":"Default Inference","type":"RA","timestamp":"2023-11-09 12:29:22"},{"nodeID":"1281555","text":"Default Transition","type":"TA","timestamp":"2023-11-09 12:29:22"},{"nodeID":"1281556","text":"Arguing","type":"YA","timestamp":"2023-11-09 12:29:22"},{"nodeID":"1281557","text":"as far as Theo Paphitis awares, Iraq, Syria, Afghanistan, are not in the EU","type":"I","timestamp":"2023-11-09 12:29:23"},{"nodeID":"1281558","text":"Theo Paphitis: as far as I'm aware, Iraq, Syria, Afghanistan, are not in the EU","type":"L","timestamp":"2023-11-09 12:29:23"},{"nodeID":"1281559","text":"Analysing","type":"YA","timestamp":"2023-11-09 12:29:23"},{"nodeID":"1281560","text":"Xiyuan: Theo Paphitis: as far as I'm aware, Iraq, Syria, Afghanistan, are not in the EU","type":"L","timestamp":"2023-11-09 12:29:23"},{"nodeID":"1281561","text":"Asserting","type":"YA","timestamp":"2023-11-09 12:29:23"},{"nodeID":"1281562","text":"Default Transition","type":"TA","timestamp":"2023-11-09 12:29:23"},{"nodeID":"1281563","text":"let's not bash the EU","type":"I","timestamp":"2023-11-09 12:29:23"},{"nodeID":"1281564","text":"Theo Paphitis: let's not bash the EU","type":"L","timestamp":"2023-11-09 12:29:23"},{"nodeID":"1281565","text":"Analysing","type":"YA","timestamp":"2023-11-09 12:29:23"},{"nodeID":"1281566","text":"Xiyuan: Theo Paphitis: let's not bash the EU","type":"L","timestamp":"2023-11-09 12:29:23"},{"nodeID":"1281567","text":"Asserting","type":"YA","timestamp":"2023-11-09 12:29:23"},{"nodeID":"1281568","text":"Default Inference","type":"RA","timestamp":"2023-11-09 12:29:23"},{"nodeID":"1281569","text":"Default Transition","type":"TA","timestamp":"2023-11-09 12:29:23"},{"nodeID":"1281570","text":"Arguing","type":"YA","timestamp":"2023-11-09 12:29:23"},{"nodeID":"1281571","text":"let's not bash the French","type":"I","timestamp":"2023-11-09 12:29:24"},{"nodeID":"1281572","text":"Theo Paphitis: Let's not bash the French","type":"L","timestamp":"2023-11-09 12:29:24"},{"nodeID":"1281573","text":"Analysing","type":"YA","timestamp":"2023-11-09 12:29:24"},{"nodeID":"1281574","text":"Xiyuan: Theo Paphitis: Let's not bash the French","type":"L","timestamp":"2023-11-09 12:29:24"},{"nodeID":"1281575","text":"Asserting","type":"YA","timestamp":"2023-11-09 12:29:24"},{"nodeID":"1281576","text":"Default Rephrase","type":"MA","timestamp":"2023-11-09 12:29:24"},{"nodeID":"1281577","text":"Default Transition","type":"TA","timestamp":"2023-11-09 12:29:24"},{"nodeID":"1281578","text":"Restating","type":"YA","timestamp":"2023-11-09 12:29:24"},{"nodeID":"1281579","text":"unless we work together and not use the whole tragedy as a political up and down, which quite sickens Theo Paphitis, we're never going to deal with Afghanistan refugees issue","type":"I","timestamp":"2023-11-09 12:29:25"},{"nodeID":"1281580","text":"Theo Paphitis: Unless we work together and not use the whole tragedy as a political up and down, which quite sickens me, to be honest with you, we're never going to deal with it","type":"L","timestamp":"2023-11-09 12:29:25"},{"nodeID":"1281581","text":"Analysing","type":"YA","timestamp":"2023-11-09 12:29:25"},{"nodeID":"1281582","text":"Xiyuan: Theo Paphitis: Unless we work together and not use the whole tragedy as a political up and down, which quite sickens me, to be honest with you, we're never going to deal with it","type":"L","timestamp":"2023-11-09 12:29:25"},{"nodeID":"1281583","text":"Asserting","type":"YA","timestamp":"2023-11-09 12:29:25"},{"nodeID":"1281584","text":"Default Transition","type":"TA","timestamp":"2023-11-09 12:29:25"},{"nodeID":"1281585","text":"Default Rephrase","type":"MA","timestamp":"2023-11-09 12:29:25"},{"nodeID":"1281586","text":"Default Transition","type":"TA","timestamp":"2023-11-09 12:29:25"},{"nodeID":"1281587","text":"Restating","type":"YA","timestamp":"2023-11-09 12:29:25"},{"nodeID":"1281588","text":"these people are already in a safe country called France","type":"I","timestamp":"2023-11-09 12:29:25"},{"nodeID":"1281589","text":"AudienceMember 20210912QT24: These people are already in a safe country called France","type":"L","timestamp":"2023-11-09 12:29:25"},{"nodeID":"1281590","text":"Analysing","type":"YA","timestamp":"2023-11-09 12:29:25"},{"nodeID":"1281591","text":"Xiyuan: AudienceMember 20210912QT24: These people are already in a safe country called France","type":"L","timestamp":"2023-11-09 12:29:25"},{"nodeID":"1281592","text":"Asserting","type":"YA","timestamp":"2023-11-09 12:29:25"},{"nodeID":"1281593","text":"Default Transition","type":"TA","timestamp":"2023-11-09 12:29:25"},{"nodeID":"1281594","text":"AudienceMember 20210912QT24: what is the attraction to come to the UK","type":"L","timestamp":"2023-11-09 12:29:26"},{"nodeID":"1281595","text":"Analysing","type":"YA","timestamp":"2023-11-09 12:29:26"},{"nodeID":"1281596","text":"Xiyuan: AudienceMember 20210912QT24: what is the attraction to come to the UK","type":"L","timestamp":"2023-11-09 12:29:26"},{"nodeID":"1281597","text":"Rhetorical Questioning","type":"YA","timestamp":"2023-11-09 12:29:26"},{"nodeID":"1281598","text":"Default Inference","type":"RA","timestamp":"2023-11-09 12:29:26"},{"nodeID":"1281599","text":"Default Transition","type":"TA","timestamp":"2023-11-09 12:29:26"},{"nodeID":"1281600","text":"Arguing","type":"YA","timestamp":"2023-11-09 12:29:26"},{"nodeID":"1281601","text":"we should do other things over there, form private companies to buy up all the dinghies","type":"I","timestamp":"2023-11-09 12:29:26"},{"nodeID":"1281602","text":"Theo Paphitis: Shouldn't we do other things over there, form private companies to buy up all the dinghies","type":"L","timestamp":"2023-11-09 12:29:26"},{"nodeID":"1281603","text":"Analysing","type":"YA","timestamp":"2023-11-09 12:29:26"},{"nodeID":"1281604","text":"Xiyuan: Theo Paphitis: Shouldn't we do other things over there, form private companies to buy up all the dinghies","type":"L","timestamp":"2023-11-09 12:29:26"},{"nodeID":"1281605","text":"Assertive Questioning","type":"YA","timestamp":"2023-11-09 12:29:26"},{"nodeID":"1281606","text":"buy up all the dinghies will push the problem somewhere else","type":"I","timestamp":"2023-11-09 12:29:27"},{"nodeID":"1281607","text":"AudienceMember 20210912QT24: that will push the problem somewhere else","type":"L","timestamp":"2023-11-09 12:29:27"},{"nodeID":"1281608","text":"Analysing","type":"YA","timestamp":"2023-11-09 12:29:27"},{"nodeID":"1281609","text":"Xiyuan: AudienceMember 20210912QT24: that will push the problem somewhere else","type":"L","timestamp":"2023-11-09 12:29:27"},{"nodeID":"1281610","text":"Asserting","type":"YA","timestamp":"2023-11-09 12:29:27"},{"nodeID":"1281611","text":"buy up all the dinghies may not solve the problem","type":"I","timestamp":"2023-11-09 12:29:28"},{"nodeID":"1281612","text":"AudienceMember 20210912QT24: it may not solve the problem","type":"L","timestamp":"2023-11-09 12:29:28"},{"nodeID":"1281613","text":"Analysing","type":"YA","timestamp":"2023-11-09 12:29:28"},{"nodeID":"1281614","text":"Xiyuan: AudienceMember 20210912QT24: it may not solve the problem","type":"L","timestamp":"2023-11-09 12:29:28"},{"nodeID":"1281615","text":"Asserting","type":"YA","timestamp":"2023-11-09 12:29:28"},{"nodeID":"1281616","text":"Default Transition","type":"TA","timestamp":"2023-11-09 12:29:28"},{"nodeID":"1281617","text":"Default Transition","type":"TA","timestamp":"2023-11-09 12:29:28"},{"nodeID":"1281618","text":"Default Transition","type":"TA","timestamp":"2023-11-09 12:29:28"},{"nodeID":"1281619","text":"if it stops one more death by buying one more dinghy, then we should not be doing something like that","type":"I","timestamp":"2023-11-09 12:29:28"},{"nodeID":"1281620","text":"AudienceMember 20210912QT24: if it stops one more death by buying one more dinghy, then shouldn't we be doing something like that","type":"L","timestamp":"2023-11-09 12:29:28"},{"nodeID":"1281621","text":"Analysing","type":"YA","timestamp":"2023-11-09 12:29:28"},{"nodeID":"1281622","text":"Xiyuan: AudienceMember 20210912QT24: if it stops one more death by buying one more dinghy, then shouldn't we be doing something like that","type":"L","timestamp":"2023-11-09 12:29:28"},{"nodeID":"1281623","text":"Assertive Questioning","type":"YA","timestamp":"2023-11-09 12:29:28"},{"nodeID":"1281624","text":"Default Transition","type":"TA","timestamp":"2023-11-09 12:29:28"},{"nodeID":"1281625","text":"Default Rephrase","type":"MA","timestamp":"2023-11-09 12:29:28"},{"nodeID":"1281626","text":"Restating","type":"YA","timestamp":"2023-11-09 12:29:28"},{"nodeID":"1281627","text":"Default Rephrase","type":"MA","timestamp":"2023-11-09 12:29:28"},{"nodeID":"1281628","text":"Restating","type":"YA","timestamp":"2023-11-09 12:29:28"},{"nodeID":"1281629","text":"AudienceMember 20210912QT24 thinks or not thinks that might result in lots more dinghies being made","type":"I","timestamp":"2023-11-09 12:29:29"},{"nodeID":"1281630","text":"Fiona Bruce: you think that might result in lots more dinghies being made","type":"L","timestamp":"2023-11-09 12:29:29"},{"nodeID":"1281631","text":"Analysing","type":"YA","timestamp":"2023-11-09 12:29:29"},{"nodeID":"1281632","text":"Xiyuan: Fiona Bruce: you think that might result in lots more dinghies being made","type":"L","timestamp":"2023-11-09 12:29:29"},{"nodeID":"1281633","text":"Pure Questioning","type":"YA","timestamp":"2023-11-09 12:29:29"},{"nodeID":"1281634","text":"Default Transition","type":"TA","timestamp":"2023-11-09 12:29:29"},{"nodeID":"1281635","text":"it probably would result in lots more dinghies being made","type":"I","timestamp":"2023-11-09 12:29:29"},{"nodeID":"1281636","text":"AudienceMember 20210912QT25: It probably would","type":"L","timestamp":"2023-11-09 12:29:29"},{"nodeID":"1281637","text":"Analysing","type":"YA","timestamp":"2023-11-09 12:29:29"},{"nodeID":"1281638","text":"Xiyuan: AudienceMember 20210912QT25: It probably would","type":"L","timestamp":"2023-11-09 12:29:29"},{"nodeID":"1281639","text":"Asserting","type":"YA","timestamp":"2023-11-09 12:29:29"},{"nodeID":"1281640","text":"it would push the prices up","type":"I","timestamp":"2023-11-09 12:29:30"},{"nodeID":"1281641","text":"AudienceMember 20210912QT25: It would push the prices up","type":"L","timestamp":"2023-11-09 12:29:30"},{"nodeID":"1281642","text":"Analysing","type":"YA","timestamp":"2023-11-09 12:29:30"},{"nodeID":"1281643","text":"Xiyuan: AudienceMember 20210912QT25: It would push the prices up","type":"L","timestamp":"2023-11-09 12:29:30"},{"nodeID":"1281644","text":"Asserting","type":"YA","timestamp":"2023-11-09 12:29:30"},{"nodeID":"1281645","text":"Default Rephrase","type":"MA","timestamp":"2023-11-09 12:29:30"},{"nodeID":"1281646","text":"Default Transition","type":"TA","timestamp":"2023-11-09 12:29:30"},{"nodeID":"1281647","text":"Restating","type":"YA","timestamp":"2023-11-09 12:29:30"},{"nodeID":"1281648","text":"Default Transition","type":"TA","timestamp":"2023-11-09 12:29:30"},{"nodeID":"1281649","text":"Default Rephrase","type":"MA","timestamp":"2023-11-09 12:29:30"},{"nodeID":"1281650","text":"Default Illocuting","type":"YA","timestamp":"2023-11-09 12:29:30"},{"nodeID":"1281651","text":"what else anybody is doing is xxx","type":"I","timestamp":"2023-11-09 12:29:31"},{"nodeID":"1281652","text":"AudienceMember 20210912QT25: what else is anybody doing","type":"L","timestamp":"2023-11-09 12:29:31"},{"nodeID":"1281653","text":"Analysing","type":"YA","timestamp":"2023-11-09 12:29:31"},{"nodeID":"1281654","text":"Xiyuan: AudienceMember 20210912QT25: what else is anybody doing","type":"L","timestamp":"2023-11-09 12:29:31"},{"nodeID":"1281655","text":"Pure Questioning","type":"YA","timestamp":"2023-11-09 12:29:31"},{"nodeID":"1281656","text":"Default Transition","type":"TA","timestamp":"2023-11-09 12:29:31"},{"nodeID":"1281657","text":"Default Inference","type":"RA","timestamp":"2023-11-09 12:29:31"},{"nodeID":"1281658","text":"Arguing","type":"YA","timestamp":"2023-11-09 12:29:31"}],"edges":[{"edgeID":"1686257","fromID":"1281508","toID":"1281507","formEdgeID":null},{"edgeID":"1686258","fromID":"1281509","toID":"1281508","formEdgeID":null},{"edgeID":"1686259","fromID":"1281507","toID":"1281510","formEdgeID":null},{"edgeID":"1686260","fromID":"1281510","toID":"1281506","formEdgeID":null},{"edgeID":"1686261","fromID":"1281513","toID":"1281512","formEdgeID":null},{"edgeID":"1686262","fromID":"1281514","toID":"1281513","formEdgeID":null},{"edgeID":"1686263","fromID":"1281512","toID":"1281515","formEdgeID":null},{"edgeID":"1686264","fromID":"1281515","toID":"1281511","formEdgeID":null},{"edgeID":"1686265","fromID":"1281518","toID":"1281517","formEdgeID":null},{"edgeID":"1686266","fromID":"1281519","toID":"1281518","formEdgeID":null},{"edgeID":"1686267","fromID":"1281517","toID":"1281520","formEdgeID":null},{"edgeID":"1686268","fromID":"1281520","toID":"1281516","formEdgeID":null},{"edgeID":"1686269","fromID":"1281523","toID":"1281522","formEdgeID":null},{"edgeID":"1686270","fromID":"1281524","toID":"1281523","formEdgeID":null},{"edgeID":"1686271","fromID":"1281522","toID":"1281525","formEdgeID":null},{"edgeID":"1686272","fromID":"1281525","toID":"1281521","formEdgeID":null},{"edgeID":"1686273","fromID":"1281528","toID":"1281527","formEdgeID":null},{"edgeID":"1686274","fromID":"1281529","toID":"1281528","formEdgeID":null},{"edgeID":"1686275","fromID":"1281527","toID":"1281530","formEdgeID":null},{"edgeID":"1686276","fromID":"1281530","toID":"1281526","formEdgeID":null},{"edgeID":"1686277","fromID":"1281533","toID":"1281532","formEdgeID":null},{"edgeID":"1686278","fromID":"1281534","toID":"1281533","formEdgeID":null},{"edgeID":"1686279","fromID":"1281532","toID":"1281535","formEdgeID":null},{"edgeID":"1686280","fromID":"1281535","toID":"1281531","formEdgeID":null},{"edgeID":"1686281","fromID":"1281516","toID":"1281536","formEdgeID":null},{"edgeID":"1686282","fromID":"1281536","toID":"1281511","formEdgeID":null},{"edgeID":"1686283","fromID":"1281521","toID":"1281537","formEdgeID":null},{"edgeID":"1686284","fromID":"1281537","toID":"1281516","formEdgeID":null},{"edgeID":"1686285","fromID":"1281526","toID":"1281538","formEdgeID":null},{"edgeID":"1686286","fromID":"1281538","toID":"1281521","formEdgeID":null},{"edgeID":"1686287","fromID":"1281531","toID":"1281539","formEdgeID":null},{"edgeID":"1686288","fromID":"1281539","toID":"1281526","formEdgeID":null},{"edgeID":"1686289","fromID":"1281527","toID":"1281540","formEdgeID":null},{"edgeID":"1686290","fromID":"1281540","toID":"1281532","formEdgeID":null},{"edgeID":"1686291","fromID":"1281522","toID":"1281541","formEdgeID":null},{"edgeID":"1686292","fromID":"1281541","toID":"1281527","formEdgeID":null},{"edgeID":"1686293","fromID":"1281517","toID":"1281542","formEdgeID":null},{"edgeID":"1686294","fromID":"1281542","toID":"1281522","formEdgeID":null},{"edgeID":"1686295","fromID":"1281512","toID":"1281543","formEdgeID":null},{"edgeID":"1686296","fromID":"1281543","toID":"1281517","formEdgeID":null},{"edgeID":"1686297","fromID":"1281507","toID":"1281544","formEdgeID":null},{"edgeID":"1686298","fromID":"1281544","toID":"1281512","formEdgeID":null},{"edgeID":"1686299","fromID":"1281543","toID":"1281545","formEdgeID":null},{"edgeID":"1686300","fromID":"1281545","toID":"1281536","formEdgeID":null},{"edgeID":"1686301","fromID":"1281542","toID":"1281546","formEdgeID":null},{"edgeID":"1686302","fromID":"1281546","toID":"1281537","formEdgeID":null},{"edgeID":"1686303","fromID":"1281541","toID":"1281547","formEdgeID":null},{"edgeID":"1686304","fromID":"1281547","toID":"1281538","formEdgeID":null},{"edgeID":"1686305","fromID":"1281540","toID":"1281548","formEdgeID":null},{"edgeID":"1686306","fromID":"1281548","toID":"1281539","formEdgeID":null},{"edgeID":"1686307","fromID":"1281551","toID":"1281550","formEdgeID":null},{"edgeID":"1686308","fromID":"1281552","toID":"1281551","formEdgeID":null},{"edgeID":"1686309","fromID":"1281550","toID":"1281553","formEdgeID":null},{"edgeID":"1686310","fromID":"1281553","toID":"1281549","formEdgeID":null},{"edgeID":"1686311","fromID":"1281531","toID":"1281554","formEdgeID":null},{"edgeID":"1686312","fromID":"1281554","toID":"1281549","formEdgeID":null},{"edgeID":"1686313","fromID":"1281532","toID":"1281555","formEdgeID":null},{"edgeID":"1686314","fromID":"1281555","toID":"1281550","formEdgeID":null},{"edgeID":"1686315","fromID":"1281555","toID":"1281556","formEdgeID":null},{"edgeID":"1686316","fromID":"1281556","toID":"1281554","formEdgeID":null},{"edgeID":"1686317","fromID":"1281559","toID":"1281558","formEdgeID":null},{"edgeID":"1686318","fromID":"1281560","toID":"1281559","formEdgeID":null},{"edgeID":"1686319","fromID":"1281558","toID":"1281561","formEdgeID":null},{"edgeID":"1686320","fromID":"1281561","toID":"1281557","formEdgeID":null},{"edgeID":"1686321","fromID":"1281550","toID":"1281562","formEdgeID":null},{"edgeID":"1686322","fromID":"1281562","toID":"1281558","formEdgeID":null},{"edgeID":"1686323","fromID":"1281565","toID":"1281564","formEdgeID":null},{"edgeID":"1686324","fromID":"1281566","toID":"1281565","formEdgeID":null},{"edgeID":"1686325","fromID":"1281564","toID":"1281567","formEdgeID":null},{"edgeID":"1686326","fromID":"1281567","toID":"1281563","formEdgeID":null},{"edgeID":"1686327","fromID":"1281557","toID":"1281568","formEdgeID":null},{"edgeID":"1686328","fromID":"1281568","toID":"1281563","formEdgeID":null},{"edgeID":"1686329","fromID":"1281558","toID":"1281569","formEdgeID":null},{"edgeID":"1686330","fromID":"1281569","toID":"1281564","formEdgeID":null},{"edgeID":"1686331","fromID":"1281569","toID":"1281570","formEdgeID":null},{"edgeID":"1686332","fromID":"1281570","toID":"1281568","formEdgeID":null},{"edgeID":"1686333","fromID":"1281573","toID":"1281572","formEdgeID":null},{"edgeID":"1686334","fromID":"1281574","toID":"1281573","formEdgeID":null},{"edgeID":"1686335","fromID":"1281572","toID":"1281575","formEdgeID":null},{"edgeID":"1686336","fromID":"1281575","toID":"1281571","formEdgeID":null},{"edgeID":"1686337","fromID":"1281571","toID":"1281576","formEdgeID":null},{"edgeID":"1686338","fromID":"1281576","toID":"1281563","formEdgeID":null},{"edgeID":"1686339","fromID":"1281564","toID":"1281577","formEdgeID":null},{"edgeID":"1686340","fromID":"1281577","toID":"1281572","formEdgeID":null},{"edgeID":"1686341","fromID":"1281577","toID":"1281578","formEdgeID":null},{"edgeID":"1686342","fromID":"1281578","toID":"1281576","formEdgeID":null},{"edgeID":"1686343","fromID":"1281581","toID":"1281580","formEdgeID":null},{"edgeID":"1686344","fromID":"1281582","toID":"1281581","formEdgeID":null},{"edgeID":"1686345","fromID":"1281580","toID":"1281583","formEdgeID":null},{"edgeID":"1686346","fromID":"1281583","toID":"1281579","formEdgeID":null},{"edgeID":"1686347","fromID":"1281572","toID":"1281584","formEdgeID":null},{"edgeID":"1686348","fromID":"1281584","toID":"1281580","formEdgeID":null},{"edgeID":"1686349","fromID":"1281579","toID":"1281585","formEdgeID":null},{"edgeID":"1686350","fromID":"1281585","toID":"1281549","formEdgeID":null},{"edgeID":"1686351","fromID":"1281550","toID":"1281586","formEdgeID":null},{"edgeID":"1686352","fromID":"1281586","toID":"1281580","formEdgeID":null},{"edgeID":"1686353","fromID":"1281586","toID":"1281587","formEdgeID":null},{"edgeID":"1686354","fromID":"1281587","toID":"1281585","formEdgeID":null},{"edgeID":"1686355","fromID":"1281590","toID":"1281589","formEdgeID":null},{"edgeID":"1686356","fromID":"1281591","toID":"1281590","formEdgeID":null},{"edgeID":"1686357","fromID":"1281589","toID":"1281592","formEdgeID":null},{"edgeID":"1686358","fromID":"1281592","toID":"1281588","formEdgeID":null},{"edgeID":"1686359","fromID":"1281580","toID":"1281593","formEdgeID":null},{"edgeID":"1686360","fromID":"1281593","toID":"1281589","formEdgeID":null},{"edgeID":"1686361","fromID":"1281595","toID":"1281594","formEdgeID":null},{"edgeID":"1686362","fromID":"1281596","toID":"1281595","formEdgeID":null},{"edgeID":"1686363","fromID":"1281594","toID":"1281597","formEdgeID":null},{"edgeID":"1686364","fromID":"1281597","toID":"783892","formEdgeID":null},{"edgeID":"1686365","fromID":"1281588","toID":"1281598","formEdgeID":null},{"edgeID":"1686366","fromID":"1281598","toID":"783892","formEdgeID":null},{"edgeID":"1686367","fromID":"1281589","toID":"1281599","formEdgeID":null},{"edgeID":"1686368","fromID":"1281599","toID":"1281594","formEdgeID":null},{"edgeID":"1686369","fromID":"1281599","toID":"1281600","formEdgeID":null},{"edgeID":"1686370","fromID":"1281600","toID":"1281598","formEdgeID":null},{"edgeID":"1686371","fromID":"1281603","toID":"1281602","formEdgeID":null},{"edgeID":"1686372","fromID":"1281604","toID":"1281603","formEdgeID":null},{"edgeID":"1686373","fromID":"1281602","toID":"1281605","formEdgeID":null},{"edgeID":"1686374","fromID":"1281605","toID":"1281601","formEdgeID":null},{"edgeID":"1686375","fromID":"1281608","toID":"1281607","formEdgeID":null},{"edgeID":"1686376","fromID":"1281609","toID":"1281608","formEdgeID":null},{"edgeID":"1686377","fromID":"1281607","toID":"1281610","formEdgeID":null},{"edgeID":"1686378","fromID":"1281610","toID":"1281606","formEdgeID":null},{"edgeID":"1686379","fromID":"1281613","toID":"1281612","formEdgeID":null},{"edgeID":"1686380","fromID":"1281614","toID":"1281613","formEdgeID":null},{"edgeID":"1686381","fromID":"1281612","toID":"1281615","formEdgeID":null},{"edgeID":"1686382","fromID":"1281615","toID":"1281611","formEdgeID":null},{"edgeID":"1686383","fromID":"1281594","toID":"1281616","formEdgeID":null},{"edgeID":"1686384","fromID":"1281616","toID":"1281602","formEdgeID":null},{"edgeID":"1686385","fromID":"1281602","toID":"1281617","formEdgeID":null},{"edgeID":"1686386","fromID":"1281617","toID":"1281607","formEdgeID":null},{"edgeID":"1686387","fromID":"1281607","toID":"1281618","formEdgeID":null},{"edgeID":"1686388","fromID":"1281618","toID":"1281612","formEdgeID":null},{"edgeID":"1686389","fromID":"1281621","toID":"1281620","formEdgeID":null},{"edgeID":"1686390","fromID":"1281622","toID":"1281621","formEdgeID":null},{"edgeID":"1686391","fromID":"1281620","toID":"1281623","formEdgeID":null},{"edgeID":"1686392","fromID":"1281623","toID":"1281619","formEdgeID":null},{"edgeID":"1686393","fromID":"1281612","toID":"1281624","formEdgeID":null},{"edgeID":"1686394","fromID":"1281624","toID":"1281620","formEdgeID":null},{"edgeID":"1686395","fromID":"1281611","toID":"1281625","formEdgeID":null},{"edgeID":"1686396","fromID":"1281625","toID":"1281606","formEdgeID":null},{"edgeID":"1686397","fromID":"1281618","toID":"1281626","formEdgeID":null},{"edgeID":"1686398","fromID":"1281626","toID":"1281625","formEdgeID":null},{"edgeID":"1686399","fromID":"1281619","toID":"1281627","formEdgeID":null},{"edgeID":"1686400","fromID":"1281627","toID":"1281611","formEdgeID":null},{"edgeID":"1686401","fromID":"1281624","toID":"1281628","formEdgeID":null},{"edgeID":"1686402","fromID":"1281628","toID":"1281627","formEdgeID":null},{"edgeID":"1686403","fromID":"1281631","toID":"1281630","formEdgeID":null},{"edgeID":"1686404","fromID":"1281632","toID":"1281631","formEdgeID":null},{"edgeID":"1686405","fromID":"1281630","toID":"1281633","formEdgeID":null},{"edgeID":"1686406","fromID":"1281633","toID":"1281629","formEdgeID":null},{"edgeID":"1686407","fromID":"1281620","toID":"1281634","formEdgeID":null},{"edgeID":"1686408","fromID":"1281634","toID":"1281630","formEdgeID":null},{"edgeID":"1686409","fromID":"1281637","toID":"1281636","formEdgeID":null},{"edgeID":"1686410","fromID":"1281638","toID":"1281637","formEdgeID":null},{"edgeID":"1686411","fromID":"1281636","toID":"1281639","formEdgeID":null},{"edgeID":"1686412","fromID":"1281639","toID":"1281635","formEdgeID":null},{"edgeID":"1686413","fromID":"1281642","toID":"1281641","formEdgeID":null},{"edgeID":"1686414","fromID":"1281643","toID":"1281642","formEdgeID":null},{"edgeID":"1686415","fromID":"1281641","toID":"1281644","formEdgeID":null},{"edgeID":"1686416","fromID":"1281644","toID":"1281640","formEdgeID":null},{"edgeID":"1686417","fromID":"1281640","toID":"1281645","formEdgeID":null},{"edgeID":"1686418","fromID":"1281645","toID":"1281635","formEdgeID":null},{"edgeID":"1686419","fromID":"1281636","toID":"1281646","formEdgeID":null},{"edgeID":"1686420","fromID":"1281646","toID":"1281641","formEdgeID":null},{"edgeID":"1686421","fromID":"1281646","toID":"1281647","formEdgeID":null},{"edgeID":"1686422","fromID":"1281647","toID":"1281645","formEdgeID":null},{"edgeID":"1686423","fromID":"1281630","toID":"1281648","formEdgeID":null},{"edgeID":"1686424","fromID":"1281648","toID":"1281636","formEdgeID":null},{"edgeID":"1686425","fromID":"1281635","toID":"1281649","formEdgeID":null},{"edgeID":"1686426","fromID":"1281649","toID":"1281629","formEdgeID":null},{"edgeID":"1686427","fromID":"1281648","toID":"1281650","formEdgeID":null},{"edgeID":"1686428","fromID":"1281650","toID":"1281649","formEdgeID":null},{"edgeID":"1686429","fromID":"1281653","toID":"1281652","formEdgeID":null},{"edgeID":"1686430","fromID":"1281654","toID":"1281653","formEdgeID":null},{"edgeID":"1686431","fromID":"1281652","toID":"1281655","formEdgeID":null},{"edgeID":"1686432","fromID":"1281655","toID":"1281651","formEdgeID":null},{"edgeID":"1686433","fromID":"1281641","toID":"1281656","formEdgeID":null},{"edgeID":"1686434","fromID":"1281656","toID":"1281652","formEdgeID":null},{"edgeID":"1686435","fromID":"1281601","toID":"1281657","formEdgeID":null},{"edgeID":"1686436","fromID":"1281657","toID":"1281606","formEdgeID":null},{"edgeID":"1686437","fromID":"1281617","toID":"1281658","formEdgeID":null},{"edgeID":"1686438","fromID":"1281658","toID":"1281657","formEdgeID":null}],"locutions":[]}