{"nodes":[{"nodeID":"783890","text":"people come from France","type":"I","timestamp":"2021-12-09 20:52:41"},{"nodeID":"1280637","text":"it is or is not time to stop the political spats between the UK and France","type":"I","timestamp":"2023-11-09 12:28:06"},{"nodeID":"1280638","text":"Thangam Debonnaire: in straight answer to Ashley's question, is it time to stop this","type":"L","timestamp":"2023-11-09 12:28:06"},{"nodeID":"1280639","text":"Analysing","type":"YA","timestamp":"2023-11-09 12:28:06"},{"nodeID":"1280640","text":"Mascha: Thangam Debonnaire: in straight answer to Ashley's question, is it time to stop this","type":"L","timestamp":"2023-11-09 12:28:06"},{"nodeID":"1280641","text":"AudienceMember 20210912QT23:it is or is not time to stop the political spats between the UK and France","type":"L","timestamp":"2023-11-09 12:28:06"},{"nodeID":"1280642","text":"Analysing","type":"YA","timestamp":"2023-11-09 12:28:06"},{"nodeID":"1280643","text":"Mascha: AudienceMember 20210912QT23: in straight answer to Ashley's question, is it time to stop this","type":"L","timestamp":"2023-11-09 12:28:06"},{"nodeID":"1280644","text":"Asserting","type":"YA","timestamp":"2023-11-09 12:28:06"},{"nodeID":"1280645","text":"Asserting","type":"YA","timestamp":"2023-11-09 12:28:06"},{"nodeID":"1280646","text":"yes, it is time to stop the political spats between the UK and France","type":"I","timestamp":"2023-11-09 12:28:07"},{"nodeID":"1280647","text":"Thangam Debonnaire: Yes, it is","type":"L","timestamp":"2023-11-09 12:28:07"},{"nodeID":"1280648","text":"Analysing","type":"YA","timestamp":"2023-11-09 12:28:07"},{"nodeID":"1280649","text":"Mascha: Thangam Debonnaire: Yes, it is","type":"L","timestamp":"2023-11-09 12:28:07"},{"nodeID":"1280650","text":"Asserting","type":"YA","timestamp":"2023-11-09 12:28:07"},{"nodeID":"1280651","text":"Default Transition","type":"TA","timestamp":"2023-11-09 12:28:07"},{"nodeID":"1280652","text":"Default Rephrase","type":"MA","timestamp":"2023-11-09 12:28:07"},{"nodeID":"1280653","text":"Default Illocuting","type":"YA","timestamp":"2023-11-09 12:28:07"},{"nodeID":"1280654","text":"the French and British need to get along at the face of the tragedies","type":"I","timestamp":"2023-11-09 12:28:08"},{"nodeID":"1280655","text":"Thangam Debonnaire: As well as the tragedies","type":"L","timestamp":"2023-11-09 12:28:08"},{"nodeID":"1280656","text":"Analysing","type":"YA","timestamp":"2023-11-09 12:28:08"},{"nodeID":"1280657","text":"Mascha: Thangam Debonnaire: As well as the tragedies","type":"L","timestamp":"2023-11-09 12:28:08"},{"nodeID":"1280658","text":"Asserting","type":"YA","timestamp":"2023-11-09 12:28:08"},{"nodeID":"1280659","text":"Default Transition","type":"TA","timestamp":"2023-11-09 12:28:08"},{"nodeID":"1280660","text":"there are other reasons why the French and British need to get along","type":"I","timestamp":"2023-11-09 12:28:08"},{"nodeID":"1280661","text":"Thangam Debonnaire: there are other reasons why the French and British need to get along","type":"L","timestamp":"2023-11-09 12:28:08"},{"nodeID":"1280662","text":"Analysing","type":"YA","timestamp":"2023-11-09 12:28:08"},{"nodeID":"1280663","text":"Mascha: Thangam Debonnaire: there are other reasons why the French and British need to get along","type":"L","timestamp":"2023-11-09 12:28:08"},{"nodeID":"1280664","text":"Asserting","type":"YA","timestamp":"2023-11-09 12:28:08"},{"nodeID":"1280665","text":"Default Transition","type":"TA","timestamp":"2023-11-09 12:28:08"},{"nodeID":"1280666","text":"we need to fight climate change","type":"I","timestamp":"2023-11-09 12:28:09"},{"nodeID":"1280667","text":"Thangam Debonnaire: We need to fight climate change","type":"L","timestamp":"2023-11-09 12:28:09"},{"nodeID":"1280668","text":"Analysing","type":"YA","timestamp":"2023-11-09 12:28:09"},{"nodeID":"1280669","text":"Mascha: Thangam Debonnaire: We need to fight climate change","type":"L","timestamp":"2023-11-09 12:28:09"},{"nodeID":"1280670","text":"Asserting","type":"YA","timestamp":"2023-11-09 12:28:09"},{"nodeID":"1280671","text":"we need counter terrorism","type":"I","timestamp":"2023-11-09 12:28:09"},{"nodeID":"1280672","text":"Thangam Debonnaire:  counter terrorism","type":"L","timestamp":"2023-11-09 12:28:10"},{"nodeID":"1280673","text":"Analysing","type":"YA","timestamp":"2023-11-09 12:28:10"},{"nodeID":"1280674","text":"Mascha: Thangam Debonnaire:  counter terrorism","type":"L","timestamp":"2023-11-09 12:28:10"},{"nodeID":"1280675","text":"Asserting","type":"YA","timestamp":"2023-11-09 12:28:10"},{"nodeID":"1280676","text":"Default Inference","type":"RA","timestamp":"2023-11-09 12:28:10"},{"nodeID":"1280677","text":"Default Transition","type":"TA","timestamp":"2023-11-09 12:28:10"},{"nodeID":"1280678","text":"Arguing","type":"YA","timestamp":"2023-11-09 12:28:10"},{"nodeID":"1280679","text":"Default Transition","type":"TA","timestamp":"2023-11-09 12:28:10"},{"nodeID":"1280680","text":"there are all sorts of other reasons to come back, to come back to safe and legal routes","type":"I","timestamp":"2023-11-09 12:28:10"},{"nodeID":"1280681","text":"Thangam Debonnaire: There are all sorts of other reasons to come back, to come back to safe and legal routes","type":"L","timestamp":"2023-11-09 12:28:10"},{"nodeID":"1280682","text":"Analysing","type":"YA","timestamp":"2023-11-09 12:28:10"},{"nodeID":"1280683","text":"Mascha: Thangam Debonnaire: There are all sorts of other reasons to come back, to come back to safe and legal routes","type":"L","timestamp":"2023-11-09 12:28:10"},{"nodeID":"1280684","text":"Asserting","type":"YA","timestamp":"2023-11-09 12:28:10"},{"nodeID":"1280685","text":"Default Transition","type":"TA","timestamp":"2023-11-09 12:28:10"},{"nodeID":"1280686","text":"Default Rephrase","type":"MA","timestamp":"2023-11-09 12:28:10"},{"nodeID":"1280687","text":"Restating","type":"YA","timestamp":"2023-11-09 12:28:10"},{"nodeID":"1280688","text":"people have asked what could we do","type":"I","timestamp":"2023-11-09 12:28:11"},{"nodeID":"1280689","text":"Thangam Debonnaire:  people have asked what could we do","type":"L","timestamp":"2023-11-09 12:28:11"},{"nodeID":"1280690","text":"Analysing","type":"YA","timestamp":"2023-11-09 12:28:11"},{"nodeID":"1280691","text":"Mascha: Thangam Debonnaire:  people have asked what could we do","type":"L","timestamp":"2023-11-09 12:28:11"},{"nodeID":"1280692","text":"Asserting","type":"YA","timestamp":"2023-11-09 12:28:11"},{"nodeID":"1280693","text":"Default Transition","type":"TA","timestamp":"2023-11-09 12:28:11"},{"nodeID":"1280694","text":"there are things the government could do right now","type":"I","timestamp":"2023-11-09 12:28:11"},{"nodeID":"1280695","text":"Thangam Debonnaire: There are things the government could do right now","type":"L","timestamp":"2023-11-09 12:28:11"},{"nodeID":"1280696","text":"Analysing","type":"YA","timestamp":"2023-11-09 12:28:11"},{"nodeID":"1280697","text":"Mascha: Thangam Debonnaire: There are things the government could do right now","type":"L","timestamp":"2023-11-09 12:28:11"},{"nodeID":"1280698","text":"Asserting","type":"YA","timestamp":"2023-11-09 12:28:11"},{"nodeID":"1280699","text":"Default Transition","type":"TA","timestamp":"2023-11-09 12:28:11"},{"nodeID":"1280700","text":"they could reverse the atropes cuts to overseas development aid","type":"I","timestamp":"2023-11-09 12:28:12"},{"nodeID":"1280701","text":"Thangam Debonnaire: They could reverse the atropes cuts to overseas development aid","type":"L","timestamp":"2023-11-09 12:28:12"},{"nodeID":"1280702","text":"Analysing","type":"YA","timestamp":"2023-11-09 12:28:12"},{"nodeID":"1280703","text":"Mascha: Thangam Debonnaire: They could reverse the atropes cuts to overseas development aid","type":"L","timestamp":"2023-11-09 12:28:12"},{"nodeID":"1280704","text":"Asserting","type":"YA","timestamp":"2023-11-09 12:28:12"},{"nodeID":"1280705","text":"Default Transition","type":"TA","timestamp":"2023-11-09 12:28:12"},{"nodeID":"1280706","text":"Default Inference","type":"RA","timestamp":"2023-11-09 12:28:12"},{"nodeID":"1280707","text":"Arguing","type":"YA","timestamp":"2023-11-09 12:28:12"},{"nodeID":"1280708","text":"reversing the cuts to overseas development could be done straightaway","type":"I","timestamp":"2023-11-09 12:28:13"},{"nodeID":"1280709","text":"Thangam Debonnaire: That could be done straightaway","type":"L","timestamp":"2023-11-09 12:28:13"},{"nodeID":"1280710","text":"Analysing","type":"YA","timestamp":"2023-11-09 12:28:13"},{"nodeID":"1280711","text":"Mascha: Thangam Debonnaire: That could be done straightaway","type":"L","timestamp":"2023-11-09 12:28:13"},{"nodeID":"1280712","text":"Asserting","type":"YA","timestamp":"2023-11-09 12:28:13"},{"nodeID":"1280713","text":"Default Transition","type":"TA","timestamp":"2023-11-09 12:28:13"},{"nodeID":"1280714","text":"Default Rephrase","type":"MA","timestamp":"2023-11-09 12:28:13"},{"nodeID":"1280715","text":"Restating","type":"YA","timestamp":"2023-11-09 12:28:13"},{"nodeID":"1280716","text":"reversing the cuts to overseas development benefits everybody as well as the people who receive it","type":"I","timestamp":"2023-11-09 12:28:13"},{"nodeID":"1280717","text":"Thangam Debonnaire: it benefits everybody as well as the people who receive it","type":"L","timestamp":"2023-11-09 12:28:13"},{"nodeID":"1280718","text":"Analysing","type":"YA","timestamp":"2023-11-09 12:28:13"},{"nodeID":"1280719","text":"Mascha: Thangam Debonnaire: it benefits everybody as well as the people who receive it","type":"L","timestamp":"2023-11-09 12:28:13"},{"nodeID":"1280720","text":"Asserting","type":"YA","timestamp":"2023-11-09 12:28:13"},{"nodeID":"1280721","text":"Default Transition","type":"TA","timestamp":"2023-11-09 12:28:13"},{"nodeID":"1280722","text":"Default Inference","type":"RA","timestamp":"2023-11-09 12:28:13"},{"nodeID":"1280723","text":"Arguing","type":"YA","timestamp":"2023-11-09 12:28:13"},{"nodeID":"1280724","text":"we could work with partners in other countries about how we try to protect people from evil, vile traffickers","type":"I","timestamp":"2023-11-09 12:28:14"},{"nodeID":"1280725","text":"Thangam Debonnaire: We could work with partners in other countries about how we try to protect people from evil, vile traffickers","type":"L","timestamp":"2023-11-09 12:28:14"},{"nodeID":"1280726","text":"Analysing","type":"YA","timestamp":"2023-11-09 12:28:14"},{"nodeID":"1280727","text":"Mascha: Thangam Debonnaire: We could work with partners in other countries about how we try to protect people from evil, vile traffickers","type":"L","timestamp":"2023-11-09 12:28:14"},{"nodeID":"1280728","text":"Asserting","type":"YA","timestamp":"2023-11-09 12:28:14"},{"nodeID":"1280729","text":"Default Inference","type":"RA","timestamp":"2023-11-09 12:28:14"},{"nodeID":"1280730","text":"Default Transition","type":"TA","timestamp":"2023-11-09 12:28:14"},{"nodeID":"1280731","text":"Arguing","type":"YA","timestamp":"2023-11-09 12:28:14"},{"nodeID":"1280732","text":"it is the traffickers that cause the problem","type":"I","timestamp":"2023-11-09 12:28:14"},{"nodeID":"1280733","text":"Thangam Debonnaire: she says it is the traffickers that cause the problem","type":"L","timestamp":"2023-11-09 12:28:14"},{"nodeID":"1280734","text":"Analysing","type":"YA","timestamp":"2023-11-09 12:28:14"},{"nodeID":"1280735","text":"Mascha: Thangam Debonnaire: she says it is the traffickers that cause the problem","type":"L","timestamp":"2023-11-09 12:28:14"},{"nodeID":"1280736","text":"Maggie Throup: it is the traffickers that cause the problem","type":"L","timestamp":"2023-11-09 12:28:14"},{"nodeID":"1280737","text":"Analysing","type":"YA","timestamp":"2023-11-09 12:28:14"},{"nodeID":"1280738","text":"Mascha: Maggie Throup: she says it is the traffickers that cause the problem","type":"L","timestamp":"2023-11-09 12:28:14"},{"nodeID":"1280739","text":"Asserting","type":"YA","timestamp":"2023-11-09 12:28:14"},{"nodeID":"1280740","text":"Asserting","type":"YA","timestamp":"2023-11-09 12:28:14"},{"nodeID":"1280741","text":"the problem is war, conflict, legal persecution and the lack of safe roots","type":"I","timestamp":"2023-11-09 12:28:15"},{"nodeID":"1280742","text":"Thangam Debonnaire:  The problem is war, conflict, legal persecution and the lack of safe roots","type":"L","timestamp":"2023-11-09 12:28:15"},{"nodeID":"1280743","text":"Analysing","type":"YA","timestamp":"2023-11-09 12:28:15"},{"nodeID":"1280744","text":"Mascha: Thangam Debonnaire:  The problem is war, conflict, legal persecution and the lack of safe roots","type":"L","timestamp":"2023-11-09 12:28:15"},{"nodeID":"1280745","text":"Asserting","type":"YA","timestamp":"2023-11-09 12:28:15"},{"nodeID":"1280746","text":"Maggie Throup is wrong","type":"I","timestamp":"2023-11-09 12:28:15"},{"nodeID":"1280747","text":"Thangam Debonnaire: Maggie is wrong","type":"L","timestamp":"2023-11-09 12:28:15"},{"nodeID":"1280748","text":"Analysing","type":"YA","timestamp":"2023-11-09 12:28:15"},{"nodeID":"1280749","text":"Mascha: Thangam Debonnaire: Maggie is wrong","type":"L","timestamp":"2023-11-09 12:28:15"},{"nodeID":"1280750","text":"Asserting","type":"YA","timestamp":"2023-11-09 12:28:15"},{"nodeID":"1280751","text":"Default Transition","type":"TA","timestamp":"2023-11-09 12:28:15"},{"nodeID":"1280752","text":"Default Transition","type":"TA","timestamp":"2023-11-09 12:28:15"},{"nodeID":"1280753","text":"Default Inference","type":"RA","timestamp":"2023-11-09 12:28:15"},{"nodeID":"1280754","text":"Default Transition","type":"TA","timestamp":"2023-11-09 12:28:16"},{"nodeID":"1280755","text":"Arguing","type":"YA","timestamp":"2023-11-09 12:28:16"},{"nodeID":"1280756","text":"Thangam Debonnaire: Why do people come from France","type":"L","timestamp":"2023-11-09 12:28:16"},{"nodeID":"1280757","text":"Analysing","type":"YA","timestamp":"2023-11-09 12:28:16"},{"nodeID":"1280758","text":"Mascha: Thangam Debonnaire: Why do people come from France","type":"L","timestamp":"2023-11-09 12:28:16"},{"nodeID":"1280759","text":"Rhetorical Questioning","type":"YA","timestamp":"2023-11-09 12:28:16"},{"nodeID":"1280760","text":"Default Transition","type":"TA","timestamp":"2023-11-09 12:28:16"},{"nodeID":"1280761","text":"France takes more migrants than the UK, so does Germany","type":"I","timestamp":"2023-11-09 12:28:17"},{"nodeID":"1280762","text":"Thangam Debonnaire: France takes more than us, so does Germany","type":"L","timestamp":"2023-11-09 12:28:17"},{"nodeID":"1280763","text":"Analysing","type":"YA","timestamp":"2023-11-09 12:28:17"},{"nodeID":"1280764","text":"Mascha: Thangam Debonnaire: France takes more than us, so does Germany","type":"L","timestamp":"2023-11-09 12:28:17"},{"nodeID":"1280765","text":"Asserting","type":"YA","timestamp":"2023-11-09 12:28:17"},{"nodeID":"1280766","text":"Default Transition","type":"TA","timestamp":"2023-11-09 12:28:17"},{"nodeID":"1280767","text":"Thangam Debonnaire has people who she has tried to get out of Afghanistan, months and months to the Home Office trying to get people who had the legal right to be reunited with their wife and children","type":"I","timestamp":"2023-11-09 12:28:17"},{"nodeID":"1280768","text":"Thangam Debonnaire:  I have people who I have who tried to get out of Afghanistan, months and months to the Home Office trying to get people who had the legal right to be reunited with their wife and children","type":"L","timestamp":"2023-11-09 12:28:17"},{"nodeID":"1280769","text":"Analysing","type":"YA","timestamp":"2023-11-09 12:28:17"},{"nodeID":"1280770","text":"Mascha: Thangam Debonnaire:  I have people who I have who tried to get out of Afghanistan, months and months to the Home Office trying to get people who had the legal right to be reunited with their wife and children","type":"L","timestamp":"2023-11-09 12:28:17"},{"nodeID":"1280771","text":"Asserting","type":"YA","timestamp":"2023-11-09 12:28:17"},{"nodeID":"1280772","text":"Default Transition","type":"TA","timestamp":"2023-11-09 12:28:17"},{"nodeID":"1280773","text":"we couldn't get them here","type":"I","timestamp":"2023-11-09 12:28:18"},{"nodeID":"1280774","text":"Thangam Debonnaire:  we couldn't get them here","type":"L","timestamp":"2023-11-09 12:28:18"},{"nodeID":"1280775","text":"Analysing","type":"YA","timestamp":"2023-11-09 12:28:18"},{"nodeID":"1280776","text":"Mascha: Thangam Debonnaire:  we couldn't get them here","type":"L","timestamp":"2023-11-09 12:28:18"},{"nodeID":"1280777","text":"Asserting","type":"YA","timestamp":"2023-11-09 12:28:18"},{"nodeID":"1280778","text":"Default Inference","type":"RA","timestamp":"2023-11-09 12:28:18"},{"nodeID":"1280779","text":"Default Transition","type":"TA","timestamp":"2023-11-09 12:28:18"},{"nodeID":"1280780","text":"Arguing","type":"YA","timestamp":"2023-11-09 12:28:18"},{"nodeID":"1280781","text":"Default Conflict","type":"CA","timestamp":"2023-11-09 12:28:18"},{"nodeID":"1280782","text":"Disagreeing","type":"YA","timestamp":"2023-11-09 12:28:18"}],"edges":[{"edgeID":"1685203","fromID":"1280639","toID":"1280638","formEdgeID":null},{"edgeID":"1685204","fromID":"1280640","toID":"1280639","formEdgeID":null},{"edgeID":"1685205","fromID":"1280642","toID":"1280641","formEdgeID":null},{"edgeID":"1685206","fromID":"1280643","toID":"1280642","formEdgeID":null},{"edgeID":"1685207","fromID":"1280641","toID":"1280644","formEdgeID":null},{"edgeID":"1685208","fromID":"1280644","toID":"1280637","formEdgeID":null},{"edgeID":"1685209","fromID":"1280638","toID":"1280645","formEdgeID":null},{"edgeID":"1685210","fromID":"1280645","toID":"1280641","formEdgeID":null},{"edgeID":"1685211","fromID":"1280648","toID":"1280647","formEdgeID":null},{"edgeID":"1685212","fromID":"1280649","toID":"1280648","formEdgeID":null},{"edgeID":"1685213","fromID":"1280647","toID":"1280650","formEdgeID":null},{"edgeID":"1685214","fromID":"1280650","toID":"1280646","formEdgeID":null},{"edgeID":"1685215","fromID":"1280638","toID":"1280651","formEdgeID":null},{"edgeID":"1685216","fromID":"1280651","toID":"1280647","formEdgeID":null},{"edgeID":"1685217","fromID":"1280646","toID":"1280652","formEdgeID":null},{"edgeID":"1685218","fromID":"1280652","toID":"1280637","formEdgeID":null},{"edgeID":"1685219","fromID":"1280651","toID":"1280653","formEdgeID":null},{"edgeID":"1685220","fromID":"1280653","toID":"1280652","formEdgeID":null},{"edgeID":"1685221","fromID":"1280656","toID":"1280655","formEdgeID":null},{"edgeID":"1685222","fromID":"1280657","toID":"1280656","formEdgeID":null},{"edgeID":"1685223","fromID":"1280655","toID":"1280658","formEdgeID":null},{"edgeID":"1685224","fromID":"1280658","toID":"1280654","formEdgeID":null},{"edgeID":"1685225","fromID":"1280647","toID":"1280659","formEdgeID":null},{"edgeID":"1685226","fromID":"1280659","toID":"1280655","formEdgeID":null},{"edgeID":"1685227","fromID":"1280662","toID":"1280661","formEdgeID":null},{"edgeID":"1685228","fromID":"1280663","toID":"1280662","formEdgeID":null},{"edgeID":"1685229","fromID":"1280661","toID":"1280664","formEdgeID":null},{"edgeID":"1685230","fromID":"1280664","toID":"1280660","formEdgeID":null},{"edgeID":"1685231","fromID":"1280655","toID":"1280665","formEdgeID":null},{"edgeID":"1685232","fromID":"1280665","toID":"1280661","formEdgeID":null},{"edgeID":"1685233","fromID":"1280668","toID":"1280667","formEdgeID":null},{"edgeID":"1685234","fromID":"1280669","toID":"1280668","formEdgeID":null},{"edgeID":"1685235","fromID":"1280667","toID":"1280670","formEdgeID":null},{"edgeID":"1685236","fromID":"1280670","toID":"1280666","formEdgeID":null},{"edgeID":"1685237","fromID":"1280673","toID":"1280672","formEdgeID":null},{"edgeID":"1685238","fromID":"1280674","toID":"1280673","formEdgeID":null},{"edgeID":"1685239","fromID":"1280672","toID":"1280675","formEdgeID":null},{"edgeID":"1685240","fromID":"1280675","toID":"1280671","formEdgeID":null},{"edgeID":"1685241","fromID":"1280671","toID":"1280676","formEdgeID":null},{"edgeID":"1685242","fromID":"1280676","toID":"1280646","formEdgeID":null},{"edgeID":"1685243","fromID":"1280666","toID":"1280676","formEdgeID":null},{"edgeID":"1685244","fromID":"1280654","toID":"1280676","formEdgeID":null},{"edgeID":"1685245","fromID":"1280647","toID":"1280677","formEdgeID":null},{"edgeID":"1685246","fromID":"1280677","toID":"1280672","formEdgeID":null},{"edgeID":"1685247","fromID":"1280677","toID":"1280678","formEdgeID":null},{"edgeID":"1685248","fromID":"1280678","toID":"1280676","formEdgeID":null},{"edgeID":"1685249","fromID":"1280647","toID":"1280679","formEdgeID":null},{"edgeID":"1685250","fromID":"1280679","toID":"1280667","formEdgeID":null},{"edgeID":"1685251","fromID":"1280682","toID":"1280681","formEdgeID":null},{"edgeID":"1685252","fromID":"1280683","toID":"1280682","formEdgeID":null},{"edgeID":"1685253","fromID":"1280681","toID":"1280684","formEdgeID":null},{"edgeID":"1685254","fromID":"1280684","toID":"1280680","formEdgeID":null},{"edgeID":"1685255","fromID":"1280661","toID":"1280685","formEdgeID":null},{"edgeID":"1685256","fromID":"1280685","toID":"1280681","formEdgeID":null},{"edgeID":"1685257","fromID":"1280680","toID":"1280686","formEdgeID":null},{"edgeID":"1685258","fromID":"1280686","toID":"1280660","formEdgeID":null},{"edgeID":"1685259","fromID":"1280685","toID":"1280687","formEdgeID":null},{"edgeID":"1685260","fromID":"1280687","toID":"1280686","formEdgeID":null},{"edgeID":"1685261","fromID":"1280690","toID":"1280689","formEdgeID":null},{"edgeID":"1685262","fromID":"1280691","toID":"1280690","formEdgeID":null},{"edgeID":"1685263","fromID":"1280689","toID":"1280692","formEdgeID":null},{"edgeID":"1685264","fromID":"1280692","toID":"1280688","formEdgeID":null},{"edgeID":"1685265","fromID":"1280681","toID":"1280693","formEdgeID":null},{"edgeID":"1685266","fromID":"1280693","toID":"1280689","formEdgeID":null},{"edgeID":"1685267","fromID":"1280696","toID":"1280695","formEdgeID":null},{"edgeID":"1685268","fromID":"1280697","toID":"1280696","formEdgeID":null},{"edgeID":"1685269","fromID":"1280695","toID":"1280698","formEdgeID":null},{"edgeID":"1685270","fromID":"1280698","toID":"1280694","formEdgeID":null},{"edgeID":"1685271","fromID":"1280689","toID":"1280699","formEdgeID":null},{"edgeID":"1685272","fromID":"1280699","toID":"1280695","formEdgeID":null},{"edgeID":"1685273","fromID":"1280702","toID":"1280701","formEdgeID":null},{"edgeID":"1685274","fromID":"1280703","toID":"1280702","formEdgeID":null},{"edgeID":"1685275","fromID":"1280701","toID":"1280704","formEdgeID":null},{"edgeID":"1685276","fromID":"1280704","toID":"1280700","formEdgeID":null},{"edgeID":"1685277","fromID":"1280695","toID":"1280705","formEdgeID":null},{"edgeID":"1685278","fromID":"1280705","toID":"1280701","formEdgeID":null},{"edgeID":"1685279","fromID":"1280700","toID":"1280706","formEdgeID":null},{"edgeID":"1685280","fromID":"1280706","toID":"1280694","formEdgeID":null},{"edgeID":"1685281","fromID":"1280705","toID":"1280707","formEdgeID":null},{"edgeID":"1685282","fromID":"1280707","toID":"1280706","formEdgeID":null},{"edgeID":"1685283","fromID":"1280710","toID":"1280709","formEdgeID":null},{"edgeID":"1685284","fromID":"1280711","toID":"1280710","formEdgeID":null},{"edgeID":"1685285","fromID":"1280709","toID":"1280712","formEdgeID":null},{"edgeID":"1685286","fromID":"1280712","toID":"1280708","formEdgeID":null},{"edgeID":"1685287","fromID":"1280701","toID":"1280713","formEdgeID":null},{"edgeID":"1685288","fromID":"1280713","toID":"1280709","formEdgeID":null},{"edgeID":"1685289","fromID":"1280708","toID":"1280714","formEdgeID":null},{"edgeID":"1685290","fromID":"1280714","toID":"1280700","formEdgeID":null},{"edgeID":"1685291","fromID":"1280713","toID":"1280715","formEdgeID":null},{"edgeID":"1685292","fromID":"1280715","toID":"1280714","formEdgeID":null},{"edgeID":"1685293","fromID":"1280718","toID":"1280717","formEdgeID":null},{"edgeID":"1685294","fromID":"1280719","toID":"1280718","formEdgeID":null},{"edgeID":"1685295","fromID":"1280717","toID":"1280720","formEdgeID":null},{"edgeID":"1685296","fromID":"1280720","toID":"1280716","formEdgeID":null},{"edgeID":"1685297","fromID":"1280709","toID":"1280721","formEdgeID":null},{"edgeID":"1685298","fromID":"1280721","toID":"1280717","formEdgeID":null},{"edgeID":"1685299","fromID":"1280716","toID":"1280722","formEdgeID":null},{"edgeID":"1685300","fromID":"1280722","toID":"1280708","formEdgeID":null},{"edgeID":"1685301","fromID":"1280721","toID":"1280723","formEdgeID":null},{"edgeID":"1685302","fromID":"1280723","toID":"1280722","formEdgeID":null},{"edgeID":"1685303","fromID":"1280726","toID":"1280725","formEdgeID":null},{"edgeID":"1685304","fromID":"1280727","toID":"1280726","formEdgeID":null},{"edgeID":"1685305","fromID":"1280725","toID":"1280728","formEdgeID":null},{"edgeID":"1685306","fromID":"1280728","toID":"1280724","formEdgeID":null},{"edgeID":"1685307","fromID":"1280724","toID":"1280729","formEdgeID":null},{"edgeID":"1685308","fromID":"1280729","toID":"1280694","formEdgeID":null},{"edgeID":"1685309","fromID":"1280695","toID":"1280730","formEdgeID":null},{"edgeID":"1685310","fromID":"1280730","toID":"1280725","formEdgeID":null},{"edgeID":"1685311","fromID":"1280730","toID":"1280731","formEdgeID":null},{"edgeID":"1685312","fromID":"1280731","toID":"1280729","formEdgeID":null},{"edgeID":"1685313","fromID":"1280734","toID":"1280733","formEdgeID":null},{"edgeID":"1685314","fromID":"1280735","toID":"1280734","formEdgeID":null},{"edgeID":"1685315","fromID":"1280737","toID":"1280736","formEdgeID":null},{"edgeID":"1685316","fromID":"1280738","toID":"1280737","formEdgeID":null},{"edgeID":"1685317","fromID":"1280736","toID":"1280739","formEdgeID":null},{"edgeID":"1685318","fromID":"1280739","toID":"1280732","formEdgeID":null},{"edgeID":"1685319","fromID":"1280733","toID":"1280740","formEdgeID":null},{"edgeID":"1685320","fromID":"1280740","toID":"1280736","formEdgeID":null},{"edgeID":"1685321","fromID":"1280743","toID":"1280742","formEdgeID":null},{"edgeID":"1685322","fromID":"1280744","toID":"1280743","formEdgeID":null},{"edgeID":"1685323","fromID":"1280742","toID":"1280745","formEdgeID":null},{"edgeID":"1685324","fromID":"1280745","toID":"1280741","formEdgeID":null},{"edgeID":"1685325","fromID":"1280748","toID":"1280747","formEdgeID":null},{"edgeID":"1685326","fromID":"1280749","toID":"1280748","formEdgeID":null},{"edgeID":"1685327","fromID":"1280747","toID":"1280750","formEdgeID":null},{"edgeID":"1685328","fromID":"1280750","toID":"1280746","formEdgeID":null},{"edgeID":"1685329","fromID":"1280725","toID":"1280751","formEdgeID":null},{"edgeID":"1685330","fromID":"1280751","toID":"1280747","formEdgeID":null},{"edgeID":"1685331","fromID":"1280747","toID":"1280752","formEdgeID":null},{"edgeID":"1685332","fromID":"1280752","toID":"1280733","formEdgeID":null},{"edgeID":"1685333","fromID":"1280741","toID":"1280753","formEdgeID":null},{"edgeID":"1685334","fromID":"1280753","toID":"1280746","formEdgeID":null},{"edgeID":"1685335","fromID":"1280747","toID":"1280754","formEdgeID":null},{"edgeID":"1685336","fromID":"1280754","toID":"1280742","formEdgeID":null},{"edgeID":"1685337","fromID":"1280754","toID":"1280755","formEdgeID":null},{"edgeID":"1685338","fromID":"1280755","toID":"1280753","formEdgeID":null},{"edgeID":"1685339","fromID":"1280757","toID":"1280756","formEdgeID":null},{"edgeID":"1685340","fromID":"1280758","toID":"1280757","formEdgeID":null},{"edgeID":"1685341","fromID":"1280756","toID":"1280759","formEdgeID":null},{"edgeID":"1685342","fromID":"1280759","toID":"783890","formEdgeID":null},{"edgeID":"1685343","fromID":"1280742","toID":"1280760","formEdgeID":null},{"edgeID":"1685344","fromID":"1280760","toID":"1280756","formEdgeID":null},{"edgeID":"1685345","fromID":"1280763","toID":"1280762","formEdgeID":null},{"edgeID":"1685346","fromID":"1280764","toID":"1280763","formEdgeID":null},{"edgeID":"1685347","fromID":"1280762","toID":"1280765","formEdgeID":null},{"edgeID":"1685348","fromID":"1280765","toID":"1280761","formEdgeID":null},{"edgeID":"1685349","fromID":"1280756","toID":"1280766","formEdgeID":null},{"edgeID":"1685350","fromID":"1280766","toID":"1280762","formEdgeID":null},{"edgeID":"1685351","fromID":"1280769","toID":"1280768","formEdgeID":null},{"edgeID":"1685352","fromID":"1280770","toID":"1280769","formEdgeID":null},{"edgeID":"1685353","fromID":"1280768","toID":"1280771","formEdgeID":null},{"edgeID":"1685354","fromID":"1280771","toID":"1280767","formEdgeID":null},{"edgeID":"1685355","fromID":"1280762","toID":"1280772","formEdgeID":null},{"edgeID":"1685356","fromID":"1280772","toID":"1280768","formEdgeID":null},{"edgeID":"1685357","fromID":"1280775","toID":"1280774","formEdgeID":null},{"edgeID":"1685358","fromID":"1280776","toID":"1280775","formEdgeID":null},{"edgeID":"1685359","fromID":"1280774","toID":"1280777","formEdgeID":null},{"edgeID":"1685360","fromID":"1280777","toID":"1280773","formEdgeID":null},{"edgeID":"1685361","fromID":"1280773","toID":"1280778","formEdgeID":null},{"edgeID":"1685362","fromID":"1280778","toID":"1280761","formEdgeID":null},{"edgeID":"1685363","fromID":"1280767","toID":"1280778","formEdgeID":null},{"edgeID":"1685364","fromID":"1280762","toID":"1280779","formEdgeID":null},{"edgeID":"1685365","fromID":"1280779","toID":"1280774","formEdgeID":null},{"edgeID":"1685366","fromID":"1280779","toID":"1280780","formEdgeID":null},{"edgeID":"1685367","fromID":"1280780","toID":"1280778","formEdgeID":null},{"edgeID":"1685368","fromID":"1280746","toID":"1280781","formEdgeID":null},{"edgeID":"1685369","fromID":"1280781","toID":"1280732","formEdgeID":null},{"edgeID":"1685370","fromID":"1280752","toID":"1280782","formEdgeID":null},{"edgeID":"1685371","fromID":"1280782","toID":"1280781","formEdgeID":null}],"locutions":[]}