{"nodes":[{"nodeID":"783913","text":"we need a credible opposition","type":"I","timestamp":"2021-12-09 20:52:48"},{"nodeID":"1283009","text":"Analysing","type":"YA","timestamp":"2023-11-09 12:31:20"},{"nodeID":"1283010","text":"Tuuli: Fiona Bruce: Let's take another question from Karl McDermott","type":"L","timestamp":"2023-11-09 12:31:20"},{"nodeID":"1283011","text":"after the recent shuffle, the Labour Party is now a credible opposition or they must continue to rely on the Conservative blunders to make their progress in the polls","type":"I","timestamp":"2023-11-09 12:31:21"},{"nodeID":"1283012","text":"AudienceMember 20210912QT30: After the recent shuffle, is the Labour Party now a credible opposition or must they continue to rely on the Conservative blunders to make their progress in the polls","type":"L","timestamp":"2023-11-09 12:31:21"},{"nodeID":"1283013","text":"Analysing","type":"YA","timestamp":"2023-11-09 12:31:21"},{"nodeID":"1283014","text":"Tuuli: AudienceMember 20210912QT30: After the recent shuffle, is the Labour Party now a credible opposition or must they continue to rely on the Conservative blunders to make their progress in the polls","type":"L","timestamp":"2023-11-09 12:31:21"},{"nodeID":"1283015","text":"Pure Questioning","type":"YA","timestamp":"2023-11-09 12:31:21"},{"nodeID":"1283016","text":"the audience is laughing","type":"I","timestamp":"2023-11-09 12:31:21"},{"nodeID":"1283017","text":"Fiona Bruce: You're laughing","type":"L","timestamp":"2023-11-09 12:31:21"},{"nodeID":"1283018","text":"Analysing","type":"YA","timestamp":"2023-11-09 12:31:21"},{"nodeID":"1283019","text":"Tuuli: Fiona Bruce: You're laughing","type":"L","timestamp":"2023-11-09 12:31:21"},{"nodeID":"1283020","text":"Asserting","type":"YA","timestamp":"2023-11-09 12:31:21"},{"nodeID":"1283021","text":"Default Transition","type":"TA","timestamp":"2023-11-09 12:31:21"},{"nodeID":"1283022","text":"we should see if the audience is laughing in a minute","type":"I","timestamp":"2023-11-09 12:31:22"},{"nodeID":"1283023","text":"Fiona Bruce: Let's see if you are laughing in a minute","type":"L","timestamp":"2023-11-09 12:31:22"},{"nodeID":"1283024","text":"Analysing","type":"YA","timestamp":"2023-11-09 12:31:22"},{"nodeID":"1283025","text":"Tuuli: Fiona Bruce: Let's see if you are laughing in a minute","type":"L","timestamp":"2023-11-09 12:31:22"},{"nodeID":"1283026","text":"Asserting","type":"YA","timestamp":"2023-11-09 12:31:22"},{"nodeID":"1283027","text":"Default Transition","type":"TA","timestamp":"2023-11-09 12:31:22"},{"nodeID":"1283028","text":"what was interesting about this week is the fact that this is the second reshuffle that the Labour Party have made in six months","type":"I","timestamp":"2023-11-09 12:31:22"},{"nodeID":"1283029","text":"Wendy Chamberlain: what was interesting about this week is the fact that this is the second reshuffle that the Labour Party have made in six months","type":"L","timestamp":"2023-11-09 12:31:22"},{"nodeID":"1283030","text":"Analysing","type":"YA","timestamp":"2023-11-09 12:31:22"},{"nodeID":"1283031","text":"Tuuli: Wendy Chamberlain: what was interesting about this week is the fact that this is the second reshuffle that the Labour Party have made in six months","type":"L","timestamp":"2023-11-09 12:31:22"},{"nodeID":"1283032","text":"Asserting","type":"YA","timestamp":"2023-11-09 12:31:22"},{"nodeID":"1283033","text":"Default Transition","type":"TA","timestamp":"2023-11-09 12:31:22"},{"nodeID":"1283034","text":"the fact that this is the second reshuffle that the Labour Party have made in six months does suggest that maybe it didn't go exactly as they had planned","type":"I","timestamp":"2023-11-09 12:31:23"},{"nodeID":"1283035","text":"Wendy Chamberlain: which does suggest that maybe it didn't go exactly as they had planned","type":"L","timestamp":"2023-11-09 12:31:23"},{"nodeID":"1283036","text":"Analysing","type":"YA","timestamp":"2023-11-09 12:31:23"},{"nodeID":"1283037","text":"Tuuli: Wendy Chamberlain: which does suggest that maybe it didn't go exactly as they had planned","type":"L","timestamp":"2023-11-09 12:31:23"},{"nodeID":"1283038","text":"Asserting","type":"YA","timestamp":"2023-11-09 12:31:23"},{"nodeID":"1283039","text":"Default Transition","type":"TA","timestamp":"2023-11-09 12:31:23"},{"nodeID":"1283040","text":"Default Inference","type":"RA","timestamp":"2023-11-09 12:31:23"},{"nodeID":"1283041","text":"Arguing","type":"YA","timestamp":"2023-11-09 12:31:23"},{"nodeID":"1283042","text":"what is clear, it certainly does feel to Wendy Chamberlain as a politician in another opposition party, Wendy Chamberlain is elected as a LME and her job is to oppose the government unless they persuade her otherwise","type":"I","timestamp":"2023-11-09 12:31:23"},{"nodeID":"1283043","text":"Wendy Chamberlain: What is clear, it certainly does feel to me as a politician in another opposition party, I am elected as a LME and my job is to oppose the government unless they persuade me otherwise","type":"L","timestamp":"2023-11-09 12:31:23"},{"nodeID":"1283044","text":"Analysing","type":"YA","timestamp":"2023-11-09 12:31:23"},{"nodeID":"1283045","text":"Tuuli: Wendy Chamberlain: What is clear, it certainly does feel to me as a politician in another opposition party, my view is quite clear, I am elected as a LME and my job is to oppose the government unless they persuade me otherwise","type":"L","timestamp":"2023-11-09 12:31:23"},{"nodeID":"1283046","text":"Asserting","type":"YA","timestamp":"2023-11-09 12:31:23"},{"nodeID":"1283047","text":"Default Transition","type":"TA","timestamp":"2023-11-09 12:31:23"},{"nodeID":"1283048","text":"Wendy Chamberlain's view is quite clear","type":"I","timestamp":"2023-11-09 12:31:24"},{"nodeID":"1283049","text":"Wendy Chamberlain: my view is quite clear","type":"L","timestamp":"2023-11-09 12:31:24"},{"nodeID":"1283050","text":"Analysing","type":"YA","timestamp":"2023-11-09 12:31:24"},{"nodeID":"1283051","text":"Tuuli: Wendy Chamberlain: my view is quite clear","type":"L","timestamp":"2023-11-09 12:31:24"},{"nodeID":"1283052","text":"Asserting","type":"YA","timestamp":"2023-11-09 12:31:24"},{"nodeID":"1283053","text":"Default Transition","type":"TA","timestamp":"2023-11-09 12:31:24"},{"nodeID":"1283054","text":"Default Rephrase","type":"MA","timestamp":"2023-11-09 12:31:24"},{"nodeID":"1283055","text":"Arguing","type":"YA","timestamp":"2023-11-09 12:31:24"},{"nodeID":"1283056","text":"Wendy Chamberlain has been elected on the basis of the policies on which she stood","type":"I","timestamp":"2023-11-09 12:31:25"},{"nodeID":"1283057","text":"Wendy Chamberlain: I have been elected on the basis of the policies on which I stood","type":"L","timestamp":"2023-11-09 12:31:25"},{"nodeID":"1283058","text":"Analysing","type":"YA","timestamp":"2023-11-09 12:31:25"},{"nodeID":"1283059","text":"Tuuli: Wendy Chamberlain: I have been elected on the basis of the policies on which I stood","type":"L","timestamp":"2023-11-09 12:31:25"},{"nodeID":"1283060","text":"Asserting","type":"YA","timestamp":"2023-11-09 12:31:25"},{"nodeID":"1283061","text":"Default Transition","type":"TA","timestamp":"2023-11-09 12:31:25"},{"nodeID":"1283062","text":"as an opposition politician from another party, Wendy Chamberlain does feel this does feel like a reshuffle that is now looking forward positively for the Labour Party to the next election","type":"I","timestamp":"2023-11-09 12:31:25"},{"nodeID":"1283063","text":"Wendy Chamberlain: As an opposition politician from another party, I do feel this does feel like a reshuffle that is now looking forward positively for the Labour Party to the next election","type":"L","timestamp":"2023-11-09 12:31:25"},{"nodeID":"1283064","text":"Analysing","type":"YA","timestamp":"2023-11-09 12:31:25"},{"nodeID":"1283065","text":"Tuuli: Wendy Chamberlain: As an opposition politician from another party, I do feel this does feel like a reshuffle that is now looking forward positively for the Labour Party to the next election","type":"L","timestamp":"2023-11-09 12:31:25"},{"nodeID":"1283066","text":"Asserting","type":"YA","timestamp":"2023-11-09 12:31:25"},{"nodeID":"1283067","text":"Default Inference","type":"RA","timestamp":"2023-11-09 12:31:25"},{"nodeID":"1283068","text":"Arguing","type":"YA","timestamp":"2023-11-09 12:31:25"},{"nodeID":"1283069","text":"Default Inference","type":"RA","timestamp":"2023-11-09 12:31:25"},{"nodeID":"1283070","text":"Default Transition","type":"TA","timestamp":"2023-11-09 12:31:25"},{"nodeID":"1283071","text":"Arguing","type":"YA","timestamp":"2023-11-09 12:31:25"},{"nodeID":"1283072","text":"it will be interesting to see how the next election goes for the Labour Party","type":"I","timestamp":"2023-11-09 12:31:26"},{"nodeID":"1283073","text":"Wendy Chamberlain: It will be interesting to see how it goes","type":"L","timestamp":"2023-11-09 12:31:26"},{"nodeID":"1283074","text":"Analysing","type":"YA","timestamp":"2023-11-09 12:31:26"},{"nodeID":"1283075","text":"Tuuli: Wendy Chamberlain: It will be interesting to see how it goes","type":"L","timestamp":"2023-11-09 12:31:26"},{"nodeID":"1283076","text":"Asserting","type":"YA","timestamp":"2023-11-09 12:31:26"},{"nodeID":"1283077","text":"Default Transition","type":"TA","timestamp":"2023-11-09 12:31:26"},{"nodeID":"1283078","text":"Default Inference","type":"RA","timestamp":"2023-11-09 12:31:26"},{"nodeID":"1283079","text":"Arguing","type":"YA","timestamp":"2023-11-09 12:31:26"},{"nodeID":"1283080","text":"Yvette Cooper is a loss as chair of the Home Office SME","type":"I","timestamp":"2023-11-09 12:31:26"},{"nodeID":"1283081","text":"Wendy Chamberlain: Yvette Cooper is a loss as chair of the Home Office SME","type":"L","timestamp":"2023-11-09 12:31:26"},{"nodeID":"1283082","text":"Analysing","type":"YA","timestamp":"2023-11-09 12:31:26"},{"nodeID":"1283083","text":"Tuuli: Wendy Chamberlain: Yvette Cooper is a loss as chair of the Home Office SME","type":"L","timestamp":"2023-11-09 12:31:26"},{"nodeID":"1283084","text":"Asserting","type":"YA","timestamp":"2023-11-09 12:31:26"},{"nodeID":"1283085","text":"Default Transition","type":"TA","timestamp":"2023-11-09 12:31:26"},{"nodeID":"1283086","text":"Yvette Cooper had a powerful role as chair of the Home Office SME","type":"I","timestamp":"2023-11-09 12:31:27"},{"nodeID":"1283087","text":"Wendy Chamberlain: she had a powerful role there","type":"L","timestamp":"2023-11-09 12:31:27"},{"nodeID":"1283088","text":"Analysing","type":"YA","timestamp":"2023-11-09 12:31:27"},{"nodeID":"1283089","text":"Tuuli: Wendy Chamberlain: she had a powerful role there","type":"L","timestamp":"2023-11-09 12:31:27"},{"nodeID":"1283090","text":"Asserting","type":"YA","timestamp":"2023-11-09 12:31:27"},{"nodeID":"1283091","text":"Default Transition","type":"TA","timestamp":"2023-11-09 12:31:27"},{"nodeID":"1283092","text":"Default Inference","type":"RA","timestamp":"2023-11-09 12:31:27"},{"nodeID":"1283093","text":"Arguing","type":"YA","timestamp":"2023-11-09 12:31:27"},{"nodeID":"1283094","text":"we talked about the issue already this evening","type":"I","timestamp":"2023-11-09 12:31:27"},{"nodeID":"1283095","text":"Wendy Chamberlain: we talked about it already this evening","type":"L","timestamp":"2023-11-09 12:31:27"},{"nodeID":"1283096","text":"Analysing","type":"YA","timestamp":"2023-11-09 12:31:27"},{"nodeID":"1283097","text":"Tuuli: Wendy Chamberlain: we talked about it already this evening","type":"L","timestamp":"2023-11-09 12:31:27"},{"nodeID":"1283098","text":"Asserting","type":"YA","timestamp":"2023-11-09 12:31:27"},{"nodeID":"1283099","text":"Default Transition","type":"TA","timestamp":"2023-11-09 12:31:27"},{"nodeID":"1283100","text":"the last two months and the number of things we feel the government hasn't got right","type":"I","timestamp":"2023-11-09 12:31:28"},{"nodeID":"1283101","text":"Wendy Chamberlain: the last two months and the number of things we feel the government hasn't got right","type":"L","timestamp":"2023-11-09 12:31:28"},{"nodeID":"1283102","text":"Analysing","type":"YA","timestamp":"2023-11-09 12:31:28"},{"nodeID":"1283103","text":"Tuuli: Wendy Chamberlain: the last two months and the number of things we feel the government hasn't got right","type":"L","timestamp":"2023-11-09 12:31:28"},{"nodeID":"1283104","text":"Asserting","type":"YA","timestamp":"2023-11-09 12:31:28"},{"nodeID":"1283105","text":"Default Transition","type":"TA","timestamp":"2023-11-09 12:31:28"},{"nodeID":"1283106","text":"Wendy Chamberlain: we need a credible opposition","type":"L","timestamp":"2023-11-09 12:31:29"},{"nodeID":"1283107","text":"Analysing","type":"YA","timestamp":"2023-11-09 12:31:29"},{"nodeID":"1283108","text":"Tuuli: Wendy Chamberlain: we need a credible opposition","type":"L","timestamp":"2023-11-09 12:31:29"},{"nodeID":"1283109","text":"Asserting","type":"YA","timestamp":"2023-11-09 12:31:29"},{"nodeID":"1283110","text":"Default Transition","type":"TA","timestamp":"2023-11-09 12:31:29"},{"nodeID":"1283111","text":"Labour are the biggest party to be a credible opposition at the moment","type":"I","timestamp":"2023-11-09 12:31:29"},{"nodeID":"1283112","text":"Wendy Chamberlain: Labour are the biggest party to do so at the moment","type":"L","timestamp":"2023-11-09 12:31:29"},{"nodeID":"1283113","text":"Analysing","type":"YA","timestamp":"2023-11-09 12:31:29"},{"nodeID":"1283114","text":"Tuuli: Wendy Chamberlain: Labour are the biggest party to do so at the moment","type":"L","timestamp":"2023-11-09 12:31:29"},{"nodeID":"1283115","text":"Asserting","type":"YA","timestamp":"2023-11-09 12:31:29"},{"nodeID":"1283116","text":"Default Transition","type":"TA","timestamp":"2023-11-09 12:31:29"},{"nodeID":"1283117","text":"Default Rephrase","type":"MA","timestamp":"2023-11-09 12:31:29"},{"nodeID":"1283118","text":"Restating","type":"YA","timestamp":"2023-11-09 12:31:29"},{"nodeID":"1283119","text":"Default Inference","type":"RA","timestamp":"2023-11-09 12:31:29"},{"nodeID":"1283120","text":"Arguing","type":"YA","timestamp":"2023-11-09 12:31:29"}],"edges":[{"edgeID":"1688063","fromID":"1283010","toID":"1283009","formEdgeID":null},{"edgeID":"1688064","fromID":"1283013","toID":"1283012","formEdgeID":null},{"edgeID":"1688065","fromID":"1283014","toID":"1283013","formEdgeID":null},{"edgeID":"1688066","fromID":"1283012","toID":"1283015","formEdgeID":null},{"edgeID":"1688067","fromID":"1283015","toID":"1283011","formEdgeID":null},{"edgeID":"1688068","fromID":"1283018","toID":"1283017","formEdgeID":null},{"edgeID":"1688069","fromID":"1283019","toID":"1283018","formEdgeID":null},{"edgeID":"1688070","fromID":"1283017","toID":"1283020","formEdgeID":null},{"edgeID":"1688071","fromID":"1283020","toID":"1283016","formEdgeID":null},{"edgeID":"1688072","fromID":"1283012","toID":"1283021","formEdgeID":null},{"edgeID":"1688073","fromID":"1283021","toID":"1283017","formEdgeID":null},{"edgeID":"1688074","fromID":"1283024","toID":"1283023","formEdgeID":null},{"edgeID":"1688075","fromID":"1283025","toID":"1283024","formEdgeID":null},{"edgeID":"1688076","fromID":"1283023","toID":"1283026","formEdgeID":null},{"edgeID":"1688077","fromID":"1283026","toID":"1283022","formEdgeID":null},{"edgeID":"1688078","fromID":"1283017","toID":"1283027","formEdgeID":null},{"edgeID":"1688079","fromID":"1283027","toID":"1283023","formEdgeID":null},{"edgeID":"1688080","fromID":"1283030","toID":"1283029","formEdgeID":null},{"edgeID":"1688081","fromID":"1283031","toID":"1283030","formEdgeID":null},{"edgeID":"1688082","fromID":"1283029","toID":"1283032","formEdgeID":null},{"edgeID":"1688083","fromID":"1283032","toID":"1283028","formEdgeID":null},{"edgeID":"1688084","fromID":"1283023","toID":"1283033","formEdgeID":null},{"edgeID":"1688085","fromID":"1283033","toID":"1283029","formEdgeID":null},{"edgeID":"1688086","fromID":"1283036","toID":"1283035","formEdgeID":null},{"edgeID":"1688087","fromID":"1283037","toID":"1283036","formEdgeID":null},{"edgeID":"1688088","fromID":"1283035","toID":"1283038","formEdgeID":null},{"edgeID":"1688089","fromID":"1283038","toID":"1283034","formEdgeID":null},{"edgeID":"1688090","fromID":"1283029","toID":"1283039","formEdgeID":null},{"edgeID":"1688091","fromID":"1283039","toID":"1283035","formEdgeID":null},{"edgeID":"1688092","fromID":"1283034","toID":"1283040","formEdgeID":null},{"edgeID":"1688093","fromID":"1283040","toID":"1283028","formEdgeID":null},{"edgeID":"1688094","fromID":"1283039","toID":"1283041","formEdgeID":null},{"edgeID":"1688095","fromID":"1283041","toID":"1283040","formEdgeID":null},{"edgeID":"1688096","fromID":"1283044","toID":"1283043","formEdgeID":null},{"edgeID":"1688097","fromID":"1283045","toID":"1283044","formEdgeID":null},{"edgeID":"1688098","fromID":"1283043","toID":"1283046","formEdgeID":null},{"edgeID":"1688099","fromID":"1283046","toID":"1283042","formEdgeID":null},{"edgeID":"1688100","fromID":"1283035","toID":"1283047","formEdgeID":null},{"edgeID":"1688101","fromID":"1283047","toID":"1283043","formEdgeID":null},{"edgeID":"1688102","fromID":"1283050","toID":"1283049","formEdgeID":null},{"edgeID":"1688103","fromID":"1283051","toID":"1283050","formEdgeID":null},{"edgeID":"1688104","fromID":"1283049","toID":"1283052","formEdgeID":null},{"edgeID":"1688105","fromID":"1283052","toID":"1283048","formEdgeID":null},{"edgeID":"1688106","fromID":"1283043","toID":"1283053","formEdgeID":null},{"edgeID":"1688107","fromID":"1283053","toID":"1283049","formEdgeID":null},{"edgeID":"1688108","fromID":"1283048","toID":"1283054","formEdgeID":null},{"edgeID":"1688109","fromID":"1283054","toID":"1283042","formEdgeID":null},{"edgeID":"1688110","fromID":"1283053","toID":"1283055","formEdgeID":null},{"edgeID":"1688111","fromID":"1283055","toID":"1283054","formEdgeID":null},{"edgeID":"1688112","fromID":"1283058","toID":"1283057","formEdgeID":null},{"edgeID":"1688113","fromID":"1283059","toID":"1283058","formEdgeID":null},{"edgeID":"1688114","fromID":"1283057","toID":"1283060","formEdgeID":null},{"edgeID":"1688115","fromID":"1283060","toID":"1283056","formEdgeID":null},{"edgeID":"1688116","fromID":"1283049","toID":"1283061","formEdgeID":null},{"edgeID":"1688117","fromID":"1283061","toID":"1283057","formEdgeID":null},{"edgeID":"1688118","fromID":"1283064","toID":"1283063","formEdgeID":null},{"edgeID":"1688119","fromID":"1283065","toID":"1283064","formEdgeID":null},{"edgeID":"1688120","fromID":"1283063","toID":"1283066","formEdgeID":null},{"edgeID":"1688121","fromID":"1283066","toID":"1283062","formEdgeID":null},{"edgeID":"1688122","fromID":"1283056","toID":"1283067","formEdgeID":null},{"edgeID":"1688123","fromID":"1283067","toID":"1283048","formEdgeID":null},{"edgeID":"1688124","fromID":"1283061","toID":"1283068","formEdgeID":null},{"edgeID":"1688125","fromID":"1283068","toID":"1283067","formEdgeID":null},{"edgeID":"1688126","fromID":"1283062","toID":"1283069","formEdgeID":null},{"edgeID":"1688127","fromID":"1283069","toID":"1283011","formEdgeID":null},{"edgeID":"1688128","fromID":"1283012","toID":"1283070","formEdgeID":null},{"edgeID":"1688129","fromID":"1283070","toID":"1283063","formEdgeID":null},{"edgeID":"1688130","fromID":"1283070","toID":"1283071","formEdgeID":null},{"edgeID":"1688131","fromID":"1283071","toID":"1283069","formEdgeID":null},{"edgeID":"1688132","fromID":"1283074","toID":"1283073","formEdgeID":null},{"edgeID":"1688133","fromID":"1283075","toID":"1283074","formEdgeID":null},{"edgeID":"1688134","fromID":"1283073","toID":"1283076","formEdgeID":null},{"edgeID":"1688135","fromID":"1283076","toID":"1283072","formEdgeID":null},{"edgeID":"1688136","fromID":"1283063","toID":"1283077","formEdgeID":null},{"edgeID":"1688137","fromID":"1283077","toID":"1283073","formEdgeID":null},{"edgeID":"1688138","fromID":"1283062","toID":"1283078","formEdgeID":null},{"edgeID":"1688139","fromID":"1283078","toID":"1283072","formEdgeID":null},{"edgeID":"1688140","fromID":"1283077","toID":"1283079","formEdgeID":null},{"edgeID":"1688141","fromID":"1283079","toID":"1283078","formEdgeID":null},{"edgeID":"1688142","fromID":"1283082","toID":"1283081","formEdgeID":null},{"edgeID":"1688143","fromID":"1283083","toID":"1283082","formEdgeID":null},{"edgeID":"1688144","fromID":"1283081","toID":"1283084","formEdgeID":null},{"edgeID":"1688145","fromID":"1283084","toID":"1283080","formEdgeID":null},{"edgeID":"1688146","fromID":"1283073","toID":"1283085","formEdgeID":null},{"edgeID":"1688147","fromID":"1283085","toID":"1283081","formEdgeID":null},{"edgeID":"1688148","fromID":"1283088","toID":"1283087","formEdgeID":null},{"edgeID":"1688149","fromID":"1283089","toID":"1283088","formEdgeID":null},{"edgeID":"1688150","fromID":"1283087","toID":"1283090","formEdgeID":null},{"edgeID":"1688151","fromID":"1283090","toID":"1283086","formEdgeID":null},{"edgeID":"1688152","fromID":"1283081","toID":"1283091","formEdgeID":null},{"edgeID":"1688153","fromID":"1283091","toID":"1283087","formEdgeID":null},{"edgeID":"1688154","fromID":"1283086","toID":"1283092","formEdgeID":null},{"edgeID":"1688155","fromID":"1283092","toID":"1283080","formEdgeID":null},{"edgeID":"1688156","fromID":"1283091","toID":"1283093","formEdgeID":null},{"edgeID":"1688157","fromID":"1283093","toID":"1283092","formEdgeID":null},{"edgeID":"1688158","fromID":"1283096","toID":"1283095","formEdgeID":null},{"edgeID":"1688159","fromID":"1283097","toID":"1283096","formEdgeID":null},{"edgeID":"1688160","fromID":"1283095","toID":"1283098","formEdgeID":null},{"edgeID":"1688161","fromID":"1283098","toID":"1283094","formEdgeID":null},{"edgeID":"1688162","fromID":"1283087","toID":"1283099","formEdgeID":null},{"edgeID":"1688163","fromID":"1283099","toID":"1283095","formEdgeID":null},{"edgeID":"1688164","fromID":"1283102","toID":"1283101","formEdgeID":null},{"edgeID":"1688165","fromID":"1283103","toID":"1283102","formEdgeID":null},{"edgeID":"1688166","fromID":"1283101","toID":"1283104","formEdgeID":null},{"edgeID":"1688167","fromID":"1283104","toID":"1283100","formEdgeID":null},{"edgeID":"1688168","fromID":"1283095","toID":"1283105","formEdgeID":null},{"edgeID":"1688169","fromID":"1283105","toID":"1283101","formEdgeID":null},{"edgeID":"1688170","fromID":"1283107","toID":"1283106","formEdgeID":null},{"edgeID":"1688171","fromID":"1283108","toID":"1283107","formEdgeID":null},{"edgeID":"1688172","fromID":"1283106","toID":"1283109","formEdgeID":null},{"edgeID":"1688173","fromID":"1283109","toID":"783913","formEdgeID":null},{"edgeID":"1688174","fromID":"1283101","toID":"1283110","formEdgeID":null},{"edgeID":"1688175","fromID":"1283110","toID":"1283106","formEdgeID":null},{"edgeID":"1688176","fromID":"1283113","toID":"1283112","formEdgeID":null},{"edgeID":"1688177","fromID":"1283114","toID":"1283113","formEdgeID":null},{"edgeID":"1688178","fromID":"1283112","toID":"1283115","formEdgeID":null},{"edgeID":"1688179","fromID":"1283115","toID":"1283111","formEdgeID":null},{"edgeID":"1688180","fromID":"1283106","toID":"1283116","formEdgeID":null},{"edgeID":"1688181","fromID":"1283116","toID":"1283112","formEdgeID":null},{"edgeID":"1688182","fromID":"1283111","toID":"1283117","formEdgeID":null},{"edgeID":"1688183","fromID":"1283117","toID":"783913","formEdgeID":null},{"edgeID":"1688184","fromID":"1283116","toID":"1283118","formEdgeID":null},{"edgeID":"1688185","fromID":"1283118","toID":"1283117","formEdgeID":null},{"edgeID":"1688186","fromID":"1283100","toID":"1283119","formEdgeID":null},{"edgeID":"1688187","fromID":"1283119","toID":"783913","formEdgeID":null},{"edgeID":"1688188","fromID":"1283110","toID":"1283120","formEdgeID":null},{"edgeID":"1688189","fromID":"1283120","toID":"1283119","formEdgeID":null}],"locutions":[]}