{"nodes":[{"nodeID":"783934","text":"the power is there for the local authority to do something about it","type":"I","timestamp":"2021-12-09 20:52:54"},{"nodeID":"1283121","text":"that's because scientists don't want to be politicians","type":"I","timestamp":"2023-11-09 12:31:30"},{"nodeID":"1283122","text":"Thangam Debonnaire: Isn't that because scientists don't want to be politicians","type":"L","timestamp":"2023-11-09 12:31:30"},{"nodeID":"1283123","text":"Analysing","type":"YA","timestamp":"2023-11-09 12:31:30"},{"nodeID":"1283124","text":"Ella: Thangam Debonnaire: Isn't that because scientists don't want to be politicians","type":"L","timestamp":"2023-11-09 12:31:30"},{"nodeID":"1283125","text":"Assertive Questioning","type":"YA","timestamp":"2023-11-09 12:31:30"},{"nodeID":"1283126","text":"mostly scientists don't want to be politicians","type":"I","timestamp":"2023-11-09 12:31:30"},{"nodeID":"1283127","text":"Thangam Debonnaire: Mostly they don't","type":"L","timestamp":"2023-11-09 12:31:30"},{"nodeID":"1283128","text":"Analysing","type":"YA","timestamp":"2023-11-09 12:31:30"},{"nodeID":"1283129","text":"Ella: Thangam Debonnaire: Mostly they don't","type":"L","timestamp":"2023-11-09 12:31:30"},{"nodeID":"1283130","text":"Asserting","type":"YA","timestamp":"2023-11-09 12:31:30"},{"nodeID":"1283131","text":"Maggie is a wonderful exception","type":"I","timestamp":"2023-11-09 12:31:31"},{"nodeID":"1283132","text":"Thangam Debonnaire: Maggie is a wonderful exception","type":"L","timestamp":"2023-11-09 12:31:31"},{"nodeID":"1283133","text":"Analysing","type":"YA","timestamp":"2023-11-09 12:31:31"},{"nodeID":"1283134","text":"Ella: Thangam Debonnaire: Maggie is a wonderful exception","type":"L","timestamp":"2023-11-09 12:31:31"},{"nodeID":"1283135","text":"Asserting","type":"YA","timestamp":"2023-11-09 12:31:31"},{"nodeID":"1283136","text":"scientists like their science","type":"I","timestamp":"2023-11-09 12:31:32"},{"nodeID":"1283137","text":"Thangam Debonnaire: They like their science","type":"L","timestamp":"2023-11-09 12:31:32"},{"nodeID":"1283138","text":"Analysing","type":"YA","timestamp":"2023-11-09 12:31:32"},{"nodeID":"1283139","text":"Ella: Thangam Debonnaire: They like their science","type":"L","timestamp":"2023-11-09 12:31:32"},{"nodeID":"1283140","text":"Asserting","type":"YA","timestamp":"2023-11-09 12:31:32"},{"nodeID":"1283141","text":"Default Rephrase","type":"MA","timestamp":"2023-11-09 12:31:32"},{"nodeID":"1283142","text":"Default Transition","type":"TA","timestamp":"2023-11-09 12:31:32"},{"nodeID":"1283143","text":"Restating","type":"YA","timestamp":"2023-11-09 12:31:32"},{"nodeID":"1283144","text":"Default Conflict","type":"CA","timestamp":"2023-11-09 12:31:32"},{"nodeID":"1283145","text":"Default Transition","type":"TA","timestamp":"2023-11-09 12:31:32"},{"nodeID":"1283146","text":"Disagreeing","type":"YA","timestamp":"2023-11-09 12:31:32"},{"nodeID":"1283147","text":"there aren't many scientists becoming politicians","type":"I","timestamp":"2023-11-09 12:31:32"},{"nodeID":"1283148","text":"Thangam Debonnaire: There aren't many","type":"L","timestamp":"2023-11-09 12:31:32"},{"nodeID":"1283149","text":"Analysing","type":"YA","timestamp":"2023-11-09 12:31:32"},{"nodeID":"1283150","text":"Ella: Thangam Debonnaire: There aren't many","type":"L","timestamp":"2023-11-09 12:31:32"},{"nodeID":"1283151","text":"Asserting","type":"YA","timestamp":"2023-11-09 12:31:32"},{"nodeID":"1283152","text":"scientists mostly don't want to become politicians","type":"I","timestamp":"2023-11-09 12:31:33"},{"nodeID":"1283153","text":"Thangam Debonnaire: they mostly don't want to","type":"L","timestamp":"2023-11-09 12:31:33"},{"nodeID":"1283154","text":"Analysing","type":"YA","timestamp":"2023-11-09 12:31:33"},{"nodeID":"1283155","text":"Ella: Thangam Debonnaire: they mostly don't want to","type":"L","timestamp":"2023-11-09 12:31:33"},{"nodeID":"1283156","text":"Asserting","type":"YA","timestamp":"2023-11-09 12:31:33"},{"nodeID":"1283157","text":"Default Transition","type":"TA","timestamp":"2023-11-09 12:31:33"},{"nodeID":"1283158","text":"Default Transition","type":"TA","timestamp":"2023-11-09 12:31:33"},{"nodeID":"1283159","text":"Default Transition","type":"TA","timestamp":"2023-11-09 12:31:33"},{"nodeID":"1283160","text":"Default Inference","type":"RA","timestamp":"2023-11-09 12:31:33"},{"nodeID":"1283161","text":"Arguing","type":"YA","timestamp":"2023-11-09 12:31:33"},{"nodeID":"1283162","text":"Default Rephrase","type":"MA","timestamp":"2023-11-09 12:31:33"},{"nodeID":"1283163","text":"Default Transition","type":"TA","timestamp":"2023-11-09 12:31:33"},{"nodeID":"1283164","text":"Restating","type":"YA","timestamp":"2023-11-09 12:31:33"},{"nodeID":"1283165","text":"Default Inference","type":"RA","timestamp":"2023-11-09 12:31:33"},{"nodeID":"1283166","text":"Arguing","type":"YA","timestamp":"2023-11-09 12:31:33"},{"nodeID":"1283167","text":"like many other parts of the UK, Weston-super-Mare's high street is a shadow of its former self, with loads of boarded up shops","type":"I","timestamp":"2023-11-09 12:31:33"},{"nodeID":"1283168","text":"AudienceMember 20210912QT35: Like many other parts of the UK, Weston Super Mare's high street is a shadow of its former self, with loads of boarded up shops","type":"L","timestamp":"2023-11-09 12:31:33"},{"nodeID":"1283169","text":"Analysing","type":"YA","timestamp":"2023-11-09 12:31:33"},{"nodeID":"1283170","text":"Ella: AudienceMember 20210912QT35: Like many other parts of the UK, Weston Super Mare's high street is a shadow of its former self, with loads of boarded up shops","type":"L","timestamp":"2023-11-09 12:31:33"},{"nodeID":"1283171","text":"Asserting","type":"YA","timestamp":"2023-11-09 12:31:33"},{"nodeID":"1283172","text":"xxx is what we can do to revive the high street in a post-COVID world","type":"I","timestamp":"2023-11-09 12:31:34"},{"nodeID":"1283173","text":"AudienceMember 20210912QT35: What can we do to revive it in a post-COVID world","type":"L","timestamp":"2023-11-09 12:31:34"},{"nodeID":"1283174","text":"Analysing","type":"YA","timestamp":"2023-11-09 12:31:34"},{"nodeID":"1283175","text":"Ella: AudienceMember 20210912QT35: What can we do to revive it in a post-COVID world","type":"L","timestamp":"2023-11-09 12:31:34"},{"nodeID":"1283176","text":"Pure Questioning","type":"YA","timestamp":"2023-11-09 12:31:34"},{"nodeID":"1283177","text":"Default Inference","type":"RA","timestamp":"2023-11-09 12:31:34"},{"nodeID":"1283178","text":"Default Transition","type":"TA","timestamp":"2023-11-09 12:31:34"},{"nodeID":"1283179","text":"Arguing","type":"YA","timestamp":"2023-11-09 12:31:34"},{"nodeID":"1283180","text":"they pedestrianised their local Marks and Spencer","type":"I","timestamp":"2023-11-09 12:31:35"},{"nodeID":"1283181","text":"AudienceMember 20210912QT36: they pedestrianised their local Marks and Spencer","type":"L","timestamp":"2023-11-09 12:31:35"},{"nodeID":"1283182","text":"Analysing","type":"YA","timestamp":"2023-11-09 12:31:35"},{"nodeID":"1283183","text":"Ella: AudienceMember 20210912QT36: they pedestrianised their local Marks and Spencer","type":"L","timestamp":"2023-11-09 12:31:35"},{"nodeID":"1283184","text":"Asserting","type":"YA","timestamp":"2023-11-09 12:31:35"},{"nodeID":"1283185","text":"Default Transition","type":"TA","timestamp":"2023-11-09 12:31:35"},{"nodeID":"1283186","text":"Marks and Spencer is another dead shop","type":"I","timestamp":"2023-11-09 12:31:35"},{"nodeID":"1283187","text":"AudienceMember 20210912QT36: is another dead shop","type":"L","timestamp":"2023-11-09 12:31:35"},{"nodeID":"1283188","text":"Analysing","type":"YA","timestamp":"2023-11-09 12:31:35"},{"nodeID":"1283189","text":"Ella: AudienceMember 20210912QT36: is another dead shop","type":"L","timestamp":"2023-11-09 12:31:35"},{"nodeID":"1283190","text":"Asserting","type":"YA","timestamp":"2023-11-09 12:31:35"},{"nodeID":"1283191","text":"Default Rephrase","type":"MA","timestamp":"2023-11-09 12:31:35"},{"nodeID":"1283192","text":"Default Transition","type":"TA","timestamp":"2023-11-09 12:31:35"},{"nodeID":"1283193","text":"Restating","type":"YA","timestamp":"2023-11-09 12:31:35"},{"nodeID":"1283194","text":"AudienceMember 20210912QT36: The power is there for the local authority to do something about it","type":"L","timestamp":"2023-11-09 12:31:36"},{"nodeID":"1283195","text":"Analysing","type":"YA","timestamp":"2023-11-09 12:31:36"},{"nodeID":"1283196","text":"Ella: AudienceMember 20210912QT36: The power is there for the local authority to do something about it","type":"L","timestamp":"2023-11-09 12:31:36"},{"nodeID":"1283197","text":"Asserting","type":"YA","timestamp":"2023-11-09 12:31:36"},{"nodeID":"1283198","text":"Default Transition","type":"TA","timestamp":"2023-11-09 12:31:36"},{"nodeID":"1283199","text":"xxx is what local authorities can do","type":"I","timestamp":"2023-11-09 12:31:36"},{"nodeID":"1283200","text":"Fiona Bruce: What can they do","type":"L","timestamp":"2023-11-09 12:31:36"},{"nodeID":"1283201","text":"Analysing","type":"YA","timestamp":"2023-11-09 12:31:36"},{"nodeID":"1283202","text":"Ella: Fiona Bruce: What can they do","type":"L","timestamp":"2023-11-09 12:31:36"},{"nodeID":"1283203","text":"Pure Questioning","type":"YA","timestamp":"2023-11-09 12:31:36"},{"nodeID":"1283204","text":"we vitalise areas of the town by investing in the town","type":"I","timestamp":"2023-11-09 12:31:37"},{"nodeID":"1283205","text":"Theo Paphitis: We vitalise areas of the town by investing in the town","type":"L","timestamp":"2023-11-09 12:31:37"},{"nodeID":"1283206","text":"Analysing","type":"YA","timestamp":"2023-11-09 12:31:37"},{"nodeID":"1283207","text":"Ella: Theo Paphitis: We vitalise areas of the town by investing in the town","type":"L","timestamp":"2023-11-09 12:31:37"},{"nodeID":"1283208","text":"Asserting","type":"YA","timestamp":"2023-11-09 12:31:37"},{"nodeID":"1283209","text":"Default Transition","type":"TA","timestamp":"2023-11-09 12:31:37"},{"nodeID":"1283210","text":"Default Rephrase","type":"MA","timestamp":"2023-11-09 12:31:37"},{"nodeID":"1283211","text":"Default Illocuting","type":"YA","timestamp":"2023-11-09 12:31:37"},{"nodeID":"1283212","text":"Theo Paphitis walks past some of those areas we talked about","type":"I","timestamp":"2023-11-09 12:31:38"},{"nodeID":"1283213","text":"Theo Paphitis: I walk past some of those areas we talked about","type":"L","timestamp":"2023-11-09 12:31:38"},{"nodeID":"1283214","text":"Analysing","type":"YA","timestamp":"2023-11-09 12:31:38"},{"nodeID":"1283215","text":"Ella: Theo Paphitis: I walk past some of those areas we talked about","type":"L","timestamp":"2023-11-09 12:31:38"},{"nodeID":"1283216","text":"Asserting","type":"YA","timestamp":"2023-11-09 12:31:38"},{"nodeID":"1283217","text":"Theo Paphitis doesn't know when a penny was spent on those areas","type":"I","timestamp":"2023-11-09 12:31:38"},{"nodeID":"1283218","text":"Theo Paphitis: I don't know when a penny was spent on it","type":"L","timestamp":"2023-11-09 12:31:38"},{"nodeID":"1283219","text":"Analysing","type":"YA","timestamp":"2023-11-09 12:31:38"},{"nodeID":"1283220","text":"Ella: Theo Paphitis: I don't know when a penny was spent on it","type":"L","timestamp":"2023-11-09 12:31:38"},{"nodeID":"1283221","text":"Asserting","type":"YA","timestamp":"2023-11-09 12:31:38"},{"nodeID":"1283222","text":"Default Transition","type":"TA","timestamp":"2023-11-09 12:31:38"},{"nodeID":"1283223","text":"Default Inference","type":"RA","timestamp":"2023-11-09 12:31:38"},{"nodeID":"1283224","text":"Default Transition","type":"TA","timestamp":"2023-11-09 12:31:38"},{"nodeID":"1283225","text":"Arguing","type":"YA","timestamp":"2023-11-09 12:31:38"},{"nodeID":"1283226","text":"local authorities need to think forward","type":"I","timestamp":"2023-11-09 12:31:39"},{"nodeID":"1283227","text":"Theo Paphitis: They need to think forward","type":"L","timestamp":"2023-11-09 12:31:39"},{"nodeID":"1283228","text":"Analysing","type":"YA","timestamp":"2023-11-09 12:31:39"},{"nodeID":"1283229","text":"Ella: Theo Paphitis: They need to think forward","type":"L","timestamp":"2023-11-09 12:31:39"},{"nodeID":"1283230","text":"Asserting","type":"YA","timestamp":"2023-11-09 12:31:39"},{"nodeID":"1283231","text":"local authorities need to think what is going to attract people there","type":"I","timestamp":"2023-11-09 12:31:40"},{"nodeID":"1283232","text":"Theo Paphitis: What is going to attract people there","type":"L","timestamp":"2023-11-09 12:31:40"},{"nodeID":"1283233","text":"Analysing","type":"YA","timestamp":"2023-11-09 12:31:40"},{"nodeID":"1283234","text":"Ella: Theo Paphitis: What is going to attract people there","type":"L","timestamp":"2023-11-09 12:31:40"},{"nodeID":"1283235","text":"Asserting","type":"YA","timestamp":"2023-11-09 12:31:40"},{"nodeID":"1283236","text":"local authorities need to look at planning","type":"I","timestamp":"2023-11-09 12:31:40"},{"nodeID":"1283237","text":"Theo Paphitis: Look at planning","type":"L","timestamp":"2023-11-09 12:31:40"},{"nodeID":"1283238","text":"Analysing","type":"YA","timestamp":"2023-11-09 12:31:40"},{"nodeID":"1283239","text":"Ella: Theo Paphitis: Look at planning","type":"L","timestamp":"2023-11-09 12:31:40"},{"nodeID":"1283240","text":"Asserting","type":"YA","timestamp":"2023-11-09 12:31:40"},{"nodeID":"1283241","text":"local authorities need to look at support and putting in places an ecosphere that makes the high street far more active","type":"I","timestamp":"2023-11-09 12:31:41"},{"nodeID":"1283242","text":"Theo Paphitis: Look at support and putting in places an ecosphere that makes the high street far more active","type":"L","timestamp":"2023-11-09 12:31:41"},{"nodeID":"1283243","text":"Analysing","type":"YA","timestamp":"2023-11-09 12:31:41"},{"nodeID":"1283244","text":"Ella: Theo Paphitis: Look at support and putting in places an ecosphere that makes the high street far more active","type":"L","timestamp":"2023-11-09 12:31:41"},{"nodeID":"1283245","text":"Asserting","type":"YA","timestamp":"2023-11-09 12:31:41"},{"nodeID":"1283246","text":"Default Transition","type":"TA","timestamp":"2023-11-09 12:31:41"},{"nodeID":"1283247","text":"Default Transition","type":"TA","timestamp":"2023-11-09 12:31:41"},{"nodeID":"1283248","text":"Default Rephrase","type":"MA","timestamp":"2023-11-09 12:31:41"},{"nodeID":"1283249","text":"Default Rephrase","type":"MA","timestamp":"2023-11-09 12:31:41"},{"nodeID":"1283250","text":"Default Rephrase","type":"MA","timestamp":"2023-11-09 12:31:41"},{"nodeID":"1283251","text":"Default Transition","type":"TA","timestamp":"2023-11-09 12:31:41"},{"nodeID":"1283252","text":"Default Transition","type":"TA","timestamp":"2023-11-09 12:31:41"},{"nodeID":"1283253","text":"Restating","type":"YA","timestamp":"2023-11-09 12:31:41"},{"nodeID":"1283254","text":"Restating","type":"YA","timestamp":"2023-11-09 12:31:41"},{"nodeID":"1283255","text":"Restating","type":"YA","timestamp":"2023-11-09 12:31:41"},{"nodeID":"1283256","text":"we have seen great developments on the sea front, with your wonderful pier, everything else","type":"I","timestamp":"2023-11-09 12:31:41"},{"nodeID":"1283257","text":"Theo Paphitis: We have seen great developments on the sea front, with your wonderful pier, everything else","type":"L","timestamp":"2023-11-09 12:31:41"},{"nodeID":"1283258","text":"Analysing","type":"YA","timestamp":"2023-11-09 12:31:41"},{"nodeID":"1283259","text":"Ella: Theo Paphitis: We have seen great developments on the sea front, with your wonderful pier, everything else","type":"L","timestamp":"2023-11-09 12:31:41"},{"nodeID":"1283260","text":"Asserting","type":"YA","timestamp":"2023-11-09 12:31:41"},{"nodeID":"1283261","text":"you need to worry about the local economy as well","type":"I","timestamp":"2023-11-09 12:31:42"},{"nodeID":"1283262","text":"Theo Paphitis: you need to worry about the local economy as well","type":"L","timestamp":"2023-11-09 12:31:42"},{"nodeID":"1283263","text":"Analysing","type":"YA","timestamp":"2023-11-09 12:31:42"},{"nodeID":"1283264","text":"Ella: Theo Paphitis: you need to worry about the local economy as well","type":"L","timestamp":"2023-11-09 12:31:42"},{"nodeID":"1283265","text":"Asserting","type":"YA","timestamp":"2023-11-09 12:31:42"},{"nodeID":"1283266","text":"Default Transition","type":"TA","timestamp":"2023-11-09 12:31:42"},{"nodeID":"1283267","text":"Default Transition","type":"TA","timestamp":"2023-11-09 12:31:42"},{"nodeID":"1283268","text":"Default Conflict","type":"CA","timestamp":"2023-11-09 12:31:42"},{"nodeID":"1283269","text":"Disagreeing","type":"YA","timestamp":"2023-11-09 12:31:42"},{"nodeID":"1283270","text":"it is not just tourism","type":"I","timestamp":"2023-11-09 12:31:43"},{"nodeID":"1283271","text":"Theo Paphitis: It is not just tourism","type":"L","timestamp":"2023-11-09 12:31:43"},{"nodeID":"1283272","text":"Analysing","type":"YA","timestamp":"2023-11-09 12:31:43"},{"nodeID":"1283273","text":"Ella: Theo Paphitis: It is not just tourism","type":"L","timestamp":"2023-11-09 12:31:43"},{"nodeID":"1283274","text":"Asserting","type":"YA","timestamp":"2023-11-09 12:31:43"},{"nodeID":"1283275","text":"it is about investment that goes through for 12 months of the year","type":"I","timestamp":"2023-11-09 12:31:43"},{"nodeID":"1283276","text":"Theo Paphitis: it is about investment that goes through for 12 months of the year","type":"L","timestamp":"2023-11-09 12:31:43"},{"nodeID":"1283277","text":"Analysing","type":"YA","timestamp":"2023-11-09 12:31:43"},{"nodeID":"1283278","text":"Ella: Theo Paphitis: it is about investment that goes through for 12 months of the year","type":"L","timestamp":"2023-11-09 12:31:43"},{"nodeID":"1283279","text":"Asserting","type":"YA","timestamp":"2023-11-09 12:31:43"},{"nodeID":"1283280","text":"not just that summer period","type":"I","timestamp":"2023-11-09 12:31:44"},{"nodeID":"1283281","text":"Theo Paphitis: not just that summer period","type":"L","timestamp":"2023-11-09 12:31:44"},{"nodeID":"1283282","text":"Analysing","type":"YA","timestamp":"2023-11-09 12:31:44"},{"nodeID":"1283283","text":"Ella: Theo Paphitis: not just that summer period","type":"L","timestamp":"2023-11-09 12:31:44"},{"nodeID":"1283284","text":"Asserting","type":"YA","timestamp":"2023-11-09 12:31:44"},{"nodeID":"1283285","text":"Default Transition","type":"TA","timestamp":"2023-11-09 12:31:44"},{"nodeID":"1283286","text":"Default Inference","type":"RA","timestamp":"2023-11-09 12:31:44"},{"nodeID":"1283287","text":"Arguing","type":"YA","timestamp":"2023-11-09 12:31:44"},{"nodeID":"1283288","text":"Default Rephrase","type":"MA","timestamp":"2023-11-09 12:31:44"},{"nodeID":"1283289","text":"Default Transition","type":"TA","timestamp":"2023-11-09 12:31:44"},{"nodeID":"1283290","text":"Restating","type":"YA","timestamp":"2023-11-09 12:31:44"},{"nodeID":"1283291","text":"Default Rephrase","type":"MA","timestamp":"2023-11-09 12:31:44"},{"nodeID":"1283292","text":"Default Transition","type":"TA","timestamp":"2023-11-09 12:31:44"},{"nodeID":"1283293","text":"Restating","type":"YA","timestamp":"2023-11-09 12:31:44"},{"nodeID":"1283294","text":"there's a broad spectrum of backgrounds","type":"I","timestamp":"2023-11-09 12:31:44"},{"nodeID":"1283295","text":"Maggie Throup: There's a broad spectrum of backgrounds","type":"L","timestamp":"2023-11-09 12:31:44"},{"nodeID":"1283296","text":"Analysing","type":"YA","timestamp":"2023-11-09 12:31:44"},{"nodeID":"1283297","text":"Ella: Maggie Throup: There's a broad spectrum of backgrounds","type":"L","timestamp":"2023-11-09 12:31:44"},{"nodeID":"1283298","text":"Asserting","type":"YA","timestamp":"2023-11-09 12:31:44"},{"nodeID":"1283299","text":"Default Transition","type":"TA","timestamp":"2023-11-09 12:31:44"},{"nodeID":"1283300","text":"Default Transition","type":"TA","timestamp":"2023-11-09 12:31:44"},{"nodeID":"1283301","text":"Default Conflict","type":"CA","timestamp":"2023-11-09 12:31:44"},{"nodeID":"1283302","text":"Disagreeing","type":"YA","timestamp":"2023-11-09 12:31:44"},{"nodeID":"1283303","text":"Default Rephrase","type":"MA","timestamp":"2023-11-09 12:31:44"},{"nodeID":"1283304","text":"Default Transition","type":"TA","timestamp":"2023-11-09 12:31:44"},{"nodeID":"1283305","text":"Restating","type":"YA","timestamp":"2023-11-09 12:31:44"}],"edges":[{"edgeID":"1688190","fromID":"1283123","toID":"1283122","formEdgeID":null},{"edgeID":"1688191","fromID":"1283124","toID":"1283123","formEdgeID":null},{"edgeID":"1688192","fromID":"1283122","toID":"1283125","formEdgeID":null},{"edgeID":"1688193","fromID":"1283125","toID":"1283121","formEdgeID":null},{"edgeID":"1688194","fromID":"1283128","toID":"1283127","formEdgeID":null},{"edgeID":"1688195","fromID":"1283129","toID":"1283128","formEdgeID":null},{"edgeID":"1688196","fromID":"1283127","toID":"1283130","formEdgeID":null},{"edgeID":"1688197","fromID":"1283130","toID":"1283126","formEdgeID":null},{"edgeID":"1688198","fromID":"1283133","toID":"1283132","formEdgeID":null},{"edgeID":"1688199","fromID":"1283134","toID":"1283133","formEdgeID":null},{"edgeID":"1688200","fromID":"1283132","toID":"1283135","formEdgeID":null},{"edgeID":"1688201","fromID":"1283135","toID":"1283131","formEdgeID":null},{"edgeID":"1688202","fromID":"1283138","toID":"1283137","formEdgeID":null},{"edgeID":"1688203","fromID":"1283139","toID":"1283138","formEdgeID":null},{"edgeID":"1688204","fromID":"1283137","toID":"1283140","formEdgeID":null},{"edgeID":"1688205","fromID":"1283140","toID":"1283136","formEdgeID":null},{"edgeID":"1688206","fromID":"1283126","toID":"1283141","formEdgeID":null},{"edgeID":"1688207","fromID":"1283141","toID":"1283121","formEdgeID":null},{"edgeID":"1688208","fromID":"1283122","toID":"1283142","formEdgeID":null},{"edgeID":"1688209","fromID":"1283142","toID":"1283127","formEdgeID":null},{"edgeID":"1688210","fromID":"1283142","toID":"1283143","formEdgeID":null},{"edgeID":"1688211","fromID":"1283143","toID":"1283141","formEdgeID":null},{"edgeID":"1688212","fromID":"1283131","toID":"1283144","formEdgeID":null},{"edgeID":"1688213","fromID":"1283144","toID":"1283121","formEdgeID":null},{"edgeID":"1688214","fromID":"1283122","toID":"1283145","formEdgeID":null},{"edgeID":"1688215","fromID":"1283145","toID":"1283132","formEdgeID":null},{"edgeID":"1688216","fromID":"1283145","toID":"1283146","formEdgeID":null},{"edgeID":"1688217","fromID":"1283146","toID":"1283144","formEdgeID":null},{"edgeID":"1688218","fromID":"1283149","toID":"1283148","formEdgeID":null},{"edgeID":"1688219","fromID":"1283150","toID":"1283149","formEdgeID":null},{"edgeID":"1688220","fromID":"1283148","toID":"1283151","formEdgeID":null},{"edgeID":"1688221","fromID":"1283151","toID":"1283147","formEdgeID":null},{"edgeID":"1688222","fromID":"1283154","toID":"1283153","formEdgeID":null},{"edgeID":"1688223","fromID":"1283155","toID":"1283154","formEdgeID":null},{"edgeID":"1688224","fromID":"1283153","toID":"1283156","formEdgeID":null},{"edgeID":"1688225","fromID":"1283156","toID":"1283152","formEdgeID":null},{"edgeID":"1688226","fromID":"1283132","toID":"1283157","formEdgeID":null},{"edgeID":"1688227","fromID":"1283157","toID":"1283148","formEdgeID":null},{"edgeID":"1688228","fromID":"1283148","toID":"1283158","formEdgeID":null},{"edgeID":"1688229","fromID":"1283158","toID":"1283153","formEdgeID":null},{"edgeID":"1688230","fromID":"1283153","toID":"1283159","formEdgeID":null},{"edgeID":"1688231","fromID":"1283159","toID":"1283137","formEdgeID":null},{"edgeID":"1688232","fromID":"1283152","toID":"1283160","formEdgeID":null},{"edgeID":"1688233","fromID":"1283160","toID":"1283147","formEdgeID":null},{"edgeID":"1688234","fromID":"1283158","toID":"1283161","formEdgeID":null},{"edgeID":"1688235","fromID":"1283161","toID":"1283160","formEdgeID":null},{"edgeID":"1688236","fromID":"1283152","toID":"1283162","formEdgeID":null},{"edgeID":"1688237","fromID":"1283162","toID":"1283126","formEdgeID":null},{"edgeID":"1688238","fromID":"1283127","toID":"1283163","formEdgeID":null},{"edgeID":"1688239","fromID":"1283163","toID":"1283153","formEdgeID":null},{"edgeID":"1688240","fromID":"1283163","toID":"1283164","formEdgeID":null},{"edgeID":"1688241","fromID":"1283164","toID":"1283162","formEdgeID":null},{"edgeID":"1688242","fromID":"1283136","toID":"1283165","formEdgeID":null},{"edgeID":"1688243","fromID":"1283165","toID":"1283152","formEdgeID":null},{"edgeID":"1688244","fromID":"1283159","toID":"1283166","formEdgeID":null},{"edgeID":"1688245","fromID":"1283166","toID":"1283165","formEdgeID":null},{"edgeID":"1688246","fromID":"1283169","toID":"1283168","formEdgeID":null},{"edgeID":"1688247","fromID":"1283170","toID":"1283169","formEdgeID":null},{"edgeID":"1688248","fromID":"1283168","toID":"1283171","formEdgeID":null},{"edgeID":"1688249","fromID":"1283171","toID":"1283167","formEdgeID":null},{"edgeID":"1688250","fromID":"1283174","toID":"1283173","formEdgeID":null},{"edgeID":"1688251","fromID":"1283175","toID":"1283174","formEdgeID":null},{"edgeID":"1688252","fromID":"1283173","toID":"1283176","formEdgeID":null},{"edgeID":"1688253","fromID":"1283176","toID":"1283172","formEdgeID":null},{"edgeID":"1688254","fromID":"1283167","toID":"1283177","formEdgeID":null},{"edgeID":"1688255","fromID":"1283177","toID":"1283172","formEdgeID":null},{"edgeID":"1688256","fromID":"1283168","toID":"1283178","formEdgeID":null},{"edgeID":"1688257","fromID":"1283178","toID":"1283173","formEdgeID":null},{"edgeID":"1688258","fromID":"1283178","toID":"1283179","formEdgeID":null},{"edgeID":"1688259","fromID":"1283179","toID":"1283177","formEdgeID":null},{"edgeID":"1688260","fromID":"1283182","toID":"1283181","formEdgeID":null},{"edgeID":"1688261","fromID":"1283183","toID":"1283182","formEdgeID":null},{"edgeID":"1688262","fromID":"1283181","toID":"1283184","formEdgeID":null},{"edgeID":"1688263","fromID":"1283184","toID":"1283180","formEdgeID":null},{"edgeID":"1688264","fromID":"1283173","toID":"1283185","formEdgeID":null},{"edgeID":"1688265","fromID":"1283185","toID":"1283181","formEdgeID":null},{"edgeID":"1688266","fromID":"1283188","toID":"1283187","formEdgeID":null},{"edgeID":"1688267","fromID":"1283189","toID":"1283188","formEdgeID":null},{"edgeID":"1688268","fromID":"1283187","toID":"1283190","formEdgeID":null},{"edgeID":"1688269","fromID":"1283190","toID":"1283186","formEdgeID":null},{"edgeID":"1688270","fromID":"1283186","toID":"1283191","formEdgeID":null},{"edgeID":"1688271","fromID":"1283191","toID":"1283180","formEdgeID":null},{"edgeID":"1688272","fromID":"1283181","toID":"1283192","formEdgeID":null},{"edgeID":"1688273","fromID":"1283192","toID":"1283187","formEdgeID":null},{"edgeID":"1688274","fromID":"1283192","toID":"1283193","formEdgeID":null},{"edgeID":"1688275","fromID":"1283193","toID":"1283191","formEdgeID":null},{"edgeID":"1688276","fromID":"1283195","toID":"1283194","formEdgeID":null},{"edgeID":"1688277","fromID":"1283196","toID":"1283195","formEdgeID":null},{"edgeID":"1688278","fromID":"1283194","toID":"1283197","formEdgeID":null},{"edgeID":"1688279","fromID":"1283197","toID":"783934","formEdgeID":null},{"edgeID":"1688280","fromID":"1283187","toID":"1283198","formEdgeID":null},{"edgeID":"1688281","fromID":"1283198","toID":"1283194","formEdgeID":null},{"edgeID":"1688282","fromID":"1283201","toID":"1283200","formEdgeID":null},{"edgeID":"1688283","fromID":"1283202","toID":"1283201","formEdgeID":null},{"edgeID":"1688284","fromID":"1283200","toID":"1283203","formEdgeID":null},{"edgeID":"1688285","fromID":"1283203","toID":"1283199","formEdgeID":null},{"edgeID":"1688286","fromID":"1283206","toID":"1283205","formEdgeID":null},{"edgeID":"1688287","fromID":"1283207","toID":"1283206","formEdgeID":null},{"edgeID":"1688288","fromID":"1283205","toID":"1283208","formEdgeID":null},{"edgeID":"1688289","fromID":"1283208","toID":"1283204","formEdgeID":null},{"edgeID":"1688290","fromID":"1283200","toID":"1283209","formEdgeID":null},{"edgeID":"1688291","fromID":"1283209","toID":"1283205","formEdgeID":null},{"edgeID":"1688292","fromID":"1283204","toID":"1283210","formEdgeID":null},{"edgeID":"1688293","fromID":"1283210","toID":"1283199","formEdgeID":null},{"edgeID":"1688294","fromID":"1283209","toID":"1283211","formEdgeID":null},{"edgeID":"1688295","fromID":"1283211","toID":"1283210","formEdgeID":null},{"edgeID":"1688296","fromID":"1283214","toID":"1283213","formEdgeID":null},{"edgeID":"1688297","fromID":"1283215","toID":"1283214","formEdgeID":null},{"edgeID":"1688298","fromID":"1283213","toID":"1283216","formEdgeID":null},{"edgeID":"1688299","fromID":"1283216","toID":"1283212","formEdgeID":null},{"edgeID":"1688300","fromID":"1283219","toID":"1283218","formEdgeID":null},{"edgeID":"1688301","fromID":"1283220","toID":"1283219","formEdgeID":null},{"edgeID":"1688302","fromID":"1283218","toID":"1283221","formEdgeID":null},{"edgeID":"1688303","fromID":"1283221","toID":"1283217","formEdgeID":null},{"edgeID":"1688304","fromID":"1283205","toID":"1283222","formEdgeID":null},{"edgeID":"1688305","fromID":"1283222","toID":"1283213","formEdgeID":null},{"edgeID":"1688306","fromID":"1283212","toID":"1283223","formEdgeID":null},{"edgeID":"1688307","fromID":"1283223","toID":"1283217","formEdgeID":null},{"edgeID":"1688308","fromID":"1283213","toID":"1283224","formEdgeID":null},{"edgeID":"1688309","fromID":"1283224","toID":"1283218","formEdgeID":null},{"edgeID":"1688310","fromID":"1283224","toID":"1283225","formEdgeID":null},{"edgeID":"1688311","fromID":"1283225","toID":"1283223","formEdgeID":null},{"edgeID":"1688312","fromID":"1283228","toID":"1283227","formEdgeID":null},{"edgeID":"1688313","fromID":"1283229","toID":"1283228","formEdgeID":null},{"edgeID":"1688314","fromID":"1283227","toID":"1283230","formEdgeID":null},{"edgeID":"1688315","fromID":"1283230","toID":"1283226","formEdgeID":null},{"edgeID":"1688316","fromID":"1283233","toID":"1283232","formEdgeID":null},{"edgeID":"1688317","fromID":"1283234","toID":"1283233","formEdgeID":null},{"edgeID":"1688318","fromID":"1283232","toID":"1283235","formEdgeID":null},{"edgeID":"1688319","fromID":"1283235","toID":"1283231","formEdgeID":null},{"edgeID":"1688320","fromID":"1283238","toID":"1283237","formEdgeID":null},{"edgeID":"1688321","fromID":"1283239","toID":"1283238","formEdgeID":null},{"edgeID":"1688322","fromID":"1283237","toID":"1283240","formEdgeID":null},{"edgeID":"1688323","fromID":"1283240","toID":"1283236","formEdgeID":null},{"edgeID":"1688324","fromID":"1283243","toID":"1283242","formEdgeID":null},{"edgeID":"1688325","fromID":"1283244","toID":"1283243","formEdgeID":null},{"edgeID":"1688326","fromID":"1283242","toID":"1283245","formEdgeID":null},{"edgeID":"1688327","fromID":"1283245","toID":"1283241","formEdgeID":null},{"edgeID":"1688328","fromID":"1283218","toID":"1283246","formEdgeID":null},{"edgeID":"1688329","fromID":"1283246","toID":"1283227","formEdgeID":null},{"edgeID":"1688330","fromID":"1283227","toID":"1283247","formEdgeID":null},{"edgeID":"1688331","fromID":"1283247","toID":"1283232","formEdgeID":null},{"edgeID":"1688332","fromID":"1283231","toID":"1283248","formEdgeID":null},{"edgeID":"1688333","fromID":"1283248","toID":"1283226","formEdgeID":null},{"edgeID":"1688334","fromID":"1283236","toID":"1283249","formEdgeID":null},{"edgeID":"1688335","fromID":"1283249","toID":"1283226","formEdgeID":null},{"edgeID":"1688336","fromID":"1283241","toID":"1283250","formEdgeID":null},{"edgeID":"1688337","fromID":"1283250","toID":"1283226","formEdgeID":null},{"edgeID":"1688338","fromID":"1283227","toID":"1283251","formEdgeID":null},{"edgeID":"1688339","fromID":"1283251","toID":"1283237","formEdgeID":null},{"edgeID":"1688340","fromID":"1283227","toID":"1283252","formEdgeID":null},{"edgeID":"1688341","fromID":"1283252","toID":"1283242","formEdgeID":null},{"edgeID":"1688342","fromID":"1283251","toID":"1283253","formEdgeID":null},{"edgeID":"1688343","fromID":"1283253","toID":"1283249","formEdgeID":null},{"edgeID":"1688344","fromID":"1283252","toID":"1283254","formEdgeID":null},{"edgeID":"1688345","fromID":"1283254","toID":"1283250","formEdgeID":null},{"edgeID":"1688346","fromID":"1283247","toID":"1283255","formEdgeID":null},{"edgeID":"1688347","fromID":"1283255","toID":"1283248","formEdgeID":null},{"edgeID":"1688348","fromID":"1283258","toID":"1283257","formEdgeID":null},{"edgeID":"1688349","fromID":"1283259","toID":"1283258","formEdgeID":null},{"edgeID":"1688350","fromID":"1283257","toID":"1283260","formEdgeID":null},{"edgeID":"1688351","fromID":"1283260","toID":"1283256","formEdgeID":null},{"edgeID":"1688352","fromID":"1283263","toID":"1283262","formEdgeID":null},{"edgeID":"1688353","fromID":"1283264","toID":"1283263","formEdgeID":null},{"edgeID":"1688354","fromID":"1283262","toID":"1283265","formEdgeID":null},{"edgeID":"1688355","fromID":"1283265","toID":"1283261","formEdgeID":null},{"edgeID":"1688356","fromID":"1283242","toID":"1283266","formEdgeID":null},{"edgeID":"1688357","fromID":"1283266","toID":"1283257","formEdgeID":null},{"edgeID":"1688358","fromID":"1283257","toID":"1283267","formEdgeID":null},{"edgeID":"1688359","fromID":"1283267","toID":"1283262","formEdgeID":null},{"edgeID":"1688360","fromID":"1283261","toID":"1283268","formEdgeID":null},{"edgeID":"1688361","fromID":"1283268","toID":"1283256","formEdgeID":null},{"edgeID":"1688362","fromID":"1283267","toID":"1283269","formEdgeID":null},{"edgeID":"1688363","fromID":"1283269","toID":"1283268","formEdgeID":null},{"edgeID":"1688364","fromID":"1283272","toID":"1283271","formEdgeID":null},{"edgeID":"1688365","fromID":"1283273","toID":"1283272","formEdgeID":null},{"edgeID":"1688366","fromID":"1283271","toID":"1283274","formEdgeID":null},{"edgeID":"1688367","fromID":"1283274","toID":"1283270","formEdgeID":null},{"edgeID":"1688368","fromID":"1283277","toID":"1283276","formEdgeID":null},{"edgeID":"1688369","fromID":"1283278","toID":"1283277","formEdgeID":null},{"edgeID":"1688370","fromID":"1283276","toID":"1283279","formEdgeID":null},{"edgeID":"1688371","fromID":"1283279","toID":"1283275","formEdgeID":null},{"edgeID":"1688372","fromID":"1283282","toID":"1283281","formEdgeID":null},{"edgeID":"1688373","fromID":"1283283","toID":"1283282","formEdgeID":null},{"edgeID":"1688374","fromID":"1283281","toID":"1283284","formEdgeID":null},{"edgeID":"1688375","fromID":"1283284","toID":"1283280","formEdgeID":null},{"edgeID":"1688376","fromID":"1283262","toID":"1283285","formEdgeID":null},{"edgeID":"1688377","fromID":"1283285","toID":"1283271","formEdgeID":null},{"edgeID":"1688378","fromID":"1283270","toID":"1283286","formEdgeID":null},{"edgeID":"1688379","fromID":"1283286","toID":"1283261","formEdgeID":null},{"edgeID":"1688380","fromID":"1283285","toID":"1283287","formEdgeID":null},{"edgeID":"1688381","fromID":"1283287","toID":"1283286","formEdgeID":null},{"edgeID":"1688382","fromID":"1283275","toID":"1283288","formEdgeID":null},{"edgeID":"1688383","fromID":"1283288","toID":"1283270","formEdgeID":null},{"edgeID":"1688384","fromID":"1283271","toID":"1283289","formEdgeID":null},{"edgeID":"1688385","fromID":"1283289","toID":"1283276","formEdgeID":null},{"edgeID":"1688386","fromID":"1283289","toID":"1283290","formEdgeID":null},{"edgeID":"1688387","fromID":"1283290","toID":"1283288","formEdgeID":null},{"edgeID":"1688388","fromID":"1283280","toID":"1283291","formEdgeID":null},{"edgeID":"1688389","fromID":"1283291","toID":"1283270","formEdgeID":null},{"edgeID":"1688390","fromID":"1283271","toID":"1283292","formEdgeID":null},{"edgeID":"1688391","fromID":"1283292","toID":"1283281","formEdgeID":null},{"edgeID":"1688392","fromID":"1283292","toID":"1283293","formEdgeID":null},{"edgeID":"1688393","fromID":"1283293","toID":"1283291","formEdgeID":null},{"edgeID":"1688394","fromID":"1283296","toID":"1283295","formEdgeID":null},{"edgeID":"1688395","fromID":"1283297","toID":"1283296","formEdgeID":null},{"edgeID":"1688396","fromID":"1283295","toID":"1283298","formEdgeID":null},{"edgeID":"1688397","fromID":"1283298","toID":"1283294","formEdgeID":null},{"edgeID":"1688398","fromID":"1283148","toID":"1283299","formEdgeID":null},{"edgeID":"1688399","fromID":"1283299","toID":"1283295","formEdgeID":null},{"edgeID":"1688400","fromID":"1283295","toID":"1283300","formEdgeID":null},{"edgeID":"1688401","fromID":"1283300","toID":"1283168","formEdgeID":null},{"edgeID":"1688402","fromID":"1283294","toID":"1283301","formEdgeID":null},{"edgeID":"1688403","fromID":"1283301","toID":"1283147","formEdgeID":null},{"edgeID":"1688404","fromID":"1283299","toID":"1283302","formEdgeID":null},{"edgeID":"1688405","fromID":"1283302","toID":"1283301","formEdgeID":null},{"edgeID":"1688406","fromID":"1283199","toID":"1283303","formEdgeID":null},{"edgeID":"1688407","fromID":"1283303","toID":"1283172","formEdgeID":null},{"edgeID":"1688408","fromID":"1283173","toID":"1283304","formEdgeID":null},{"edgeID":"1688409","fromID":"1283304","toID":"1283200","formEdgeID":null},{"edgeID":"1688410","fromID":"1283304","toID":"1283305","formEdgeID":null},{"edgeID":"1688411","fromID":"1283305","toID":"1283303","formEdgeID":null}],"locutions":[]}