{"nodes":[{"nodeID":"783694","text":"there as or was not a Christmas party at Boris Johnson's house","type":"I","timestamp":"2021-12-09 20:51:38"},{"nodeID":"783701","text":"Maggie Throup wasn't invited to what was happening at No. 10","type":"I","timestamp":"2021-12-09 20:51:41"},{"nodeID":"783708","text":"all guidance was followed during the Christmas party","type":"I","timestamp":"2021-12-09 20:51:43"},{"nodeID":"1155461","text":"then you hear they're having Christmas parties while we are suffering","type":"I","timestamp":"2023-04-21 13:45:55"},{"nodeID":"1155463","text":"hearing they're having Christmas parties while we are suffering makes AudienceMember 20211209QT02 sick","type":"I","timestamp":"2023-04-21 13:45:57"},{"nodeID":"1155845","text":"My parents both had COVID","type":"I","timestamp":"2023-04-21 13:48:39"},{"nodeID":"1155850","text":"we followed the guidance","type":"I","timestamp":"2023-04-21 13:48:41"},{"nodeID":"1155855","text":"we did what we were told","type":"I","timestamp":"2023-04-21 13:48:43"},{"nodeID":"1155866","text":"AudienceMember 20211209QT02 is stuck here in Milwall, mum and dad are at home in south London","type":"I","timestamp":"2023-04-21 13:48:46"},{"nodeID":"1155882","text":"hearing they're having Christmas parties while we are suffering makes AudienceMember 20211209QT02 really sick","type":"I","timestamp":"2023-04-21 13:48:53"},{"nodeID":"1155887","text":"hearing they're having Christmas parties while we are suffering makes AudienceMember 20211209QT02 really upset","type":"I","timestamp":"2023-04-21 13:48:56"},{"nodeID":"1155898","text":"Maggie Throup respects that people put up with a lot","type":"I","timestamp":"2023-04-21 13:48:58"},{"nodeID":"1155904","text":"does the Prime Minister in particular respect that people put up with a lot","type":"I","timestamp":"2023-04-21 13:49:01"},{"nodeID":"1155918","text":"whether or not the guidance was followed during Boris Johnson's Christmas party wasn't the question that was asked","type":"I","timestamp":"2023-04-21 13:49:08"},{"nodeID":"1155924","text":"everyone is laughing","type":"I","timestamp":"2023-04-21 13:49:11"},{"nodeID":"1155932","text":"Maggie Throup might as well put it straight","type":"I","timestamp":"2023-04-21 13:49:13"},{"nodeID":"1155944","text":"Maggie Throup wasn't at the Christmas party","type":"I","timestamp":"2023-04-21 13:49:18"},{"nodeID":"1155954","text":"Fione Bruce is sure Magge Throup was briefed before she came on","type":"I","timestamp":"2023-04-21 13:49:22"},{"nodeID":"1155970","text":"this time last year we couldn't go see them","type":"I","timestamp":"2023-04-21 13:49:30"},{"nodeID":"1278882","text":"AudienceMember 20210912QT02: My parents both had COVID","type":"L","timestamp":"2023-11-09 12:25:30"},{"nodeID":"1278883","text":"Analysing","type":"YA","timestamp":"2023-11-09 12:25:30"},{"nodeID":"1278884","text":"Steffi: AudienceMember 20210912QT02: My parents both had COVID","type":"L","timestamp":"2023-11-09 12:25:30"},{"nodeID":"1278885","text":"Asserting","type":"YA","timestamp":"2023-11-09 12:25:30"},{"nodeID":"1278886","text":"AudienceMember 20210912QT02: We followed the guidance","type":"L","timestamp":"2023-11-09 12:25:31"},{"nodeID":"1278887","text":"Analysing","type":"YA","timestamp":"2023-11-09 12:25:31"},{"nodeID":"1278888","text":"Steffi: AudienceMember 20210912QT02: We followed the guidance","type":"L","timestamp":"2023-11-09 12:25:31"},{"nodeID":"1278889","text":"Asserting","type":"YA","timestamp":"2023-11-09 12:25:31"},{"nodeID":"1278890","text":"AudienceMember 20210912QT02: did what we were told","type":"L","timestamp":"2023-11-09 12:25:31"},{"nodeID":"1278891","text":"Analysing","type":"YA","timestamp":"2023-11-09 12:25:31"},{"nodeID":"1278892","text":"Steffi: AudienceMember 20210912QT02: did what we were told","type":"L","timestamp":"2023-11-09 12:25:31"},{"nodeID":"1278893","text":"Asserting","type":"YA","timestamp":"2023-11-09 12:25:31"},{"nodeID":"1278894","text":"Default Transition","type":"TA","timestamp":"2023-11-09 12:25:31"},{"nodeID":"1278895","text":"Default Transition","type":"TA","timestamp":"2023-11-09 12:25:31"},{"nodeID":"1278896","text":"Default Conflict","type":"CA","timestamp":"2023-11-09 12:25:31"},{"nodeID":"1278897","text":"Default Rephrase","type":"MA","timestamp":"2023-11-09 12:25:31"},{"nodeID":"1278898","text":"Disagreeing","type":"YA","timestamp":"2023-11-09 12:25:31"},{"nodeID":"1278899","text":"Restating","type":"YA","timestamp":"2023-11-09 12:25:31"},{"nodeID":"1278900","text":"AudienceMember 20210912QT02: I'm stuck here, mum and dad are at home in south London","type":"L","timestamp":"2023-11-09 12:25:32"},{"nodeID":"1278901","text":"Analysing","type":"YA","timestamp":"2023-11-09 12:25:32"},{"nodeID":"1278902","text":"Steffi: AudienceMember 20210912QT02: I'm stuck here, mum and dad are at home in south London","type":"L","timestamp":"2023-11-09 12:25:32"},{"nodeID":"1278903","text":"Asserting","type":"YA","timestamp":"2023-11-09 12:25:32"},{"nodeID":"1278904","text":"Default Transition","type":"TA","timestamp":"2023-11-09 12:25:32"},{"nodeID":"1278905","text":"AudienceMember 20210912QT02: Then you hear they're having Christmas parties while we are suffering","type":"L","timestamp":"2023-11-09 12:25:32"},{"nodeID":"1278906","text":"Analysing","type":"YA","timestamp":"2023-11-09 12:25:32"},{"nodeID":"1278907","text":"Steffi: AudienceMember 20210912QT02: Then you hear they're having Christmas parties while we are suffering","type":"L","timestamp":"2023-11-09 12:25:32"},{"nodeID":"1278908","text":"Asserting","type":"YA","timestamp":"2023-11-09 12:25:32"},{"nodeID":"1278909","text":"Default Transition","type":"TA","timestamp":"2023-11-09 12:25:32"},{"nodeID":"1278910","text":"AudienceMember 20210912QT02: It makes me sick","type":"L","timestamp":"2023-11-09 12:25:33"},{"nodeID":"1278911","text":"Analysing","type":"YA","timestamp":"2023-11-09 12:25:33"},{"nodeID":"1278912","text":"Steffi: AudienceMember 20210912QT02: It makes me sick","type":"L","timestamp":"2023-11-09 12:25:33"},{"nodeID":"1278913","text":"Asserting","type":"YA","timestamp":"2023-11-09 12:25:33"},{"nodeID":"1278914","text":"Default Transition","type":"TA","timestamp":"2023-11-09 12:25:33"},{"nodeID":"1278915","text":"Default Inference","type":"RA","timestamp":"2023-11-09 12:25:33"},{"nodeID":"1278916","text":"Arguing","type":"YA","timestamp":"2023-11-09 12:25:33"},{"nodeID":"1278917","text":"AudienceMember 20210912QT02: It really does","type":"L","timestamp":"2023-11-09 12:25:33"},{"nodeID":"1278918","text":"Analysing","type":"YA","timestamp":"2023-11-09 12:25:33"},{"nodeID":"1278919","text":"Steffi: AudienceMember 20210912QT02: It really does","type":"L","timestamp":"2023-11-09 12:25:33"},{"nodeID":"1278920","text":"Asserting","type":"YA","timestamp":"2023-11-09 12:25:33"},{"nodeID":"1278921","text":"AudienceMember 20210912QT02: It makes me really upset","type":"L","timestamp":"2023-11-09 12:25:34"},{"nodeID":"1278922","text":"Analysing","type":"YA","timestamp":"2023-11-09 12:25:34"},{"nodeID":"1278923","text":"Steffi: AudienceMember 20210912QT02: It makes me really upset","type":"L","timestamp":"2023-11-09 12:25:34"},{"nodeID":"1278924","text":"Asserting","type":"YA","timestamp":"2023-11-09 12:25:34"},{"nodeID":"1278925","text":"Default Transition","type":"TA","timestamp":"2023-11-09 12:25:34"},{"nodeID":"1278926","text":"Default Rephrase","type":"MA","timestamp":"2023-11-09 12:25:34"},{"nodeID":"1278927","text":"Default Rephrase","type":"MA","timestamp":"2023-11-09 12:25:34"},{"nodeID":"1278928","text":"Default Transition","type":"TA","timestamp":"2023-11-09 12:25:34"},{"nodeID":"1278929","text":"Restating","type":"YA","timestamp":"2023-11-09 12:25:34"},{"nodeID":"1278930","text":"Restating","type":"YA","timestamp":"2023-11-09 12:25:34"},{"nodeID":"1278931","text":"Maggie Throup:  I respect that people put up with a lot","type":"L","timestamp":"2023-11-09 12:25:35"},{"nodeID":"1278932","text":"Analysing","type":"YA","timestamp":"2023-11-09 12:25:35"},{"nodeID":"1278933","text":"Steffi: Maggie Throup:  I respect that people put up with a lot","type":"L","timestamp":"2023-11-09 12:25:35"},{"nodeID":"1278934","text":"Asserting","type":"YA","timestamp":"2023-11-09 12:25:35"},{"nodeID":"1278935","text":"Default Transition","type":"TA","timestamp":"2023-11-09 12:25:35"},{"nodeID":"1278936","text":"Fiona Bruce: What about the Prime Minister in particular","type":"L","timestamp":"2023-11-09 12:25:35"},{"nodeID":"1278937","text":"Analysing","type":"YA","timestamp":"2023-11-09 12:25:35"},{"nodeID":"1278938","text":"Steffi: Fiona Bruce: What about the Prime Minister in particular","type":"L","timestamp":"2023-11-09 12:25:35"},{"nodeID":"1278939","text":"Assertive Questioning","type":"YA","timestamp":"2023-11-09 12:25:35"},{"nodeID":"1278940","text":"Default Transition","type":"TA","timestamp":"2023-11-09 12:25:35"},{"nodeID":"1278941","text":"Maggie Throup: The PM said that all guidance was followed","type":"L","timestamp":"2023-11-09 12:25:36"},{"nodeID":"1278942","text":"Analysing","type":"YA","timestamp":"2023-11-09 12:25:36"},{"nodeID":"1278943","text":"Steffi: Maggie Throup: The PM said that all guidance was followed","type":"L","timestamp":"2023-11-09 12:25:36"},{"nodeID":"1278944","text":"Default Transition","type":"TA","timestamp":"2023-11-09 12:25:36"},{"nodeID":"1278945","text":"Boris Johnson: all guidance was followed during the Christmas party","type":"L","timestamp":"2023-11-09 12:25:36"},{"nodeID":"1278946","text":"Analysing","type":"YA","timestamp":"2023-11-09 12:25:36"},{"nodeID":"1278947","text":"Steffi: Boris Johnson: The PM said that all guidance was followed","type":"L","timestamp":"2023-11-09 12:25:36"},{"nodeID":"1278948","text":"Asserting","type":"YA","timestamp":"2023-11-09 12:25:36"},{"nodeID":"1278949","text":"Asserting","type":"YA","timestamp":"2023-11-09 12:25:36"},{"nodeID":"1278950","text":"Fiona Bruce: That wasn't the question that was asked","type":"L","timestamp":"2023-11-09 12:25:36"},{"nodeID":"1278951","text":"Analysing","type":"YA","timestamp":"2023-11-09 12:25:36"},{"nodeID":"1278952","text":"Steffi: Fiona Bruce: That wasn't the question that was asked","type":"L","timestamp":"2023-11-09 12:25:36"},{"nodeID":"1278953","text":"Asserting","type":"YA","timestamp":"2023-11-09 12:25:36"},{"nodeID":"1278954","text":"Default Transition","type":"TA","timestamp":"2023-11-09 12:25:36"},{"nodeID":"1278955","text":"Fiona Bruce: everyone is laughing","type":"L","timestamp":"2023-11-09 12:25:37"},{"nodeID":"1278956","text":"Analysing","type":"YA","timestamp":"2023-11-09 12:25:37"},{"nodeID":"1278957","text":"Steffi: Fiona Bruce: everyone is laughing","type":"L","timestamp":"2023-11-09 12:25:37"},{"nodeID":"1278958","text":"Asserting","type":"YA","timestamp":"2023-11-09 12:25:37"},{"nodeID":"1278959","text":"Default Transition","type":"TA","timestamp":"2023-11-09 12:25:37"},{"nodeID":"1278960","text":"Default Inference","type":"RA","timestamp":"2023-11-09 12:25:37"},{"nodeID":"1278961","text":"Arguing","type":"YA","timestamp":"2023-11-09 12:25:37"},{"nodeID":"1278962","text":"Fiona Bruce: You might as well put it straight","type":"L","timestamp":"2023-11-09 12:25:37"},{"nodeID":"1278963","text":"Analysing","type":"YA","timestamp":"2023-11-09 12:25:37"},{"nodeID":"1278964","text":"Steffi: Fiona Bruce: You might as well put it straight","type":"L","timestamp":"2023-11-09 12:25:37"},{"nodeID":"1278965","text":"Asserting","type":"YA","timestamp":"2023-11-09 12:25:37"},{"nodeID":"1278966","text":"Fiona Bruce: Was there a Christmas party or wasn't there","type":"L","timestamp":"2023-11-09 12:25:38"},{"nodeID":"1278967","text":"Analysing","type":"YA","timestamp":"2023-11-09 12:25:38"},{"nodeID":"1278968","text":"Steffi: Fiona Bruce: Was there a Christmas party or wasn't there","type":"L","timestamp":"2023-11-09 12:25:38"},{"nodeID":"1278969","text":"Pure Questioning","type":"YA","timestamp":"2023-11-09 12:25:38"},{"nodeID":"1278970","text":"Default Transition","type":"TA","timestamp":"2023-11-09 12:25:38"},{"nodeID":"1278971","text":"Default Inference","type":"RA","timestamp":"2023-11-09 12:25:38"},{"nodeID":"1278972","text":"Default Transition","type":"TA","timestamp":"2023-11-09 12:25:38"},{"nodeID":"1278973","text":"Arguing","type":"YA","timestamp":"2023-11-09 12:25:38"},{"nodeID":"1278974","text":"Maggie Throup: I wasn't there","type":"L","timestamp":"2023-11-09 12:25:39"},{"nodeID":"1278975","text":"Analysing","type":"YA","timestamp":"2023-11-09 12:25:39"},{"nodeID":"1278976","text":"Steffi: Maggie Throup: I wasn't there","type":"L","timestamp":"2023-11-09 12:25:39"},{"nodeID":"1278977","text":"Asserting","type":"YA","timestamp":"2023-11-09 12:25:39"},{"nodeID":"1278978","text":"Default Transition","type":"TA","timestamp":"2023-11-09 12:25:39"},{"nodeID":"1278979","text":"Fiona Bruce: No","type":"L","timestamp":"2023-11-09 12:25:39"},{"nodeID":"1278980","text":"Analysing","type":"YA","timestamp":"2023-11-09 12:25:39"},{"nodeID":"1278981","text":"Steffi: Fiona Bruce: No","type":"L","timestamp":"2023-11-09 12:25:39"},{"nodeID":"1278982","text":"Default Transition","type":"TA","timestamp":"2023-11-09 12:25:39"},{"nodeID":"1278983","text":"Agreeing","type":"YA","timestamp":"2023-11-09 12:25:39"},{"nodeID":"1278984","text":"Fiona Bruce: I'm sure you were briefed before you came on","type":"L","timestamp":"2023-11-09 12:25:39"},{"nodeID":"1278985","text":"Analysing","type":"YA","timestamp":"2023-11-09 12:25:39"},{"nodeID":"1278986","text":"Steffi: Fiona Bruce: I'm sure you were briefed before you came on","type":"L","timestamp":"2023-11-09 12:25:39"},{"nodeID":"1278987","text":"Asserting","type":"YA","timestamp":"2023-11-09 12:25:39"},{"nodeID":"1278988","text":"Default Transition","type":"TA","timestamp":"2023-11-09 12:25:39"},{"nodeID":"1278989","text":"Maggie Throup: I wasn't invited to what was happening at No. 10","type":"L","timestamp":"2023-11-09 12:25:40"},{"nodeID":"1278990","text":"Analysing","type":"YA","timestamp":"2023-11-09 12:25:40"},{"nodeID":"1278991","text":"Steffi: Maggie Throup: I wasn't invited to what was happening at No. 10","type":"L","timestamp":"2023-11-09 12:25:40"},{"nodeID":"1278992","text":"Asserting","type":"YA","timestamp":"2023-11-09 12:25:40"},{"nodeID":"1278993","text":"Default Transition","type":"TA","timestamp":"2023-11-09 12:25:40"},{"nodeID":"1278994","text":"AudienceMember 20210912QT02: my parents are from south London","type":"L","timestamp":"2023-11-09 12:25:40"},{"nodeID":"1278995","text":"Analysing","type":"YA","timestamp":"2023-11-09 12:25:40"},{"nodeID":"1278996","text":"Steffi: AudienceMember 20210912QT02: this time last year my parents are from south London","type":"L","timestamp":"2023-11-09 12:25:40"},{"nodeID":"1278997","text":"my parents are from south London","type":"L","timestamp":"2023-11-09 12:25:40"},{"nodeID":"1278998","text":"Analysing","type":"YA","timestamp":"2023-11-09 12:25:40"},{"nodeID":"1278999","text":"Asserting","type":"YA","timestamp":"2023-11-09 12:25:40"},{"nodeID":"1279000","text":"AudienceMember 20210912QT02: This time last year my parents are from south London, so we couldn't go see them","type":"L","timestamp":"2023-11-09 12:25:40"},{"nodeID":"1279001","text":"Analysing","type":"YA","timestamp":"2023-11-09 12:25:40"},{"nodeID":"1279002","text":"Steffi: AudienceMember 20210912QT02: This time last year my parents are from south London, so we couldn't go see them","type":"L","timestamp":"2023-11-09 12:25:40"},{"nodeID":"1279003","text":"Asserting","type":"YA","timestamp":"2023-11-09 12:25:40"},{"nodeID":"1279004","text":"Default Transition","type":"TA","timestamp":"2023-11-09 12:25:40"},{"nodeID":"1279005","text":"Default Transition","type":"TA","timestamp":"2023-11-09 12:25:40"},{"nodeID":"1279006","text":"Default Inference","type":"RA","timestamp":"2023-11-09 12:25:40"},{"nodeID":"1279007","text":"Arguing","type":"YA","timestamp":"2023-11-09 12:25:40"}],"edges":[{"edgeID":"1682937","fromID":"1278883","toID":"1278882","formEdgeID":null},{"edgeID":"1682938","fromID":"1278884","toID":"1278883","formEdgeID":null},{"edgeID":"1682939","fromID":"1278882","toID":"1278885","formEdgeID":null},{"edgeID":"1682940","fromID":"1278885","toID":"1155845","formEdgeID":null},{"edgeID":"1682941","fromID":"1278887","toID":"1278886","formEdgeID":null},{"edgeID":"1682942","fromID":"1278888","toID":"1278887","formEdgeID":null},{"edgeID":"1682943","fromID":"1278886","toID":"1278889","formEdgeID":null},{"edgeID":"1682944","fromID":"1278889","toID":"1155850","formEdgeID":null},{"edgeID":"1682945","fromID":"1278891","toID":"1278890","formEdgeID":null},{"edgeID":"1682946","fromID":"1278892","toID":"1278891","formEdgeID":null},{"edgeID":"1682947","fromID":"1278890","toID":"1278893","formEdgeID":null},{"edgeID":"1682948","fromID":"1278893","toID":"1155855","formEdgeID":null},{"edgeID":"1682949","fromID":"1278882","toID":"1278894","formEdgeID":null},{"edgeID":"1682950","fromID":"1278894","toID":"1278886","formEdgeID":null},{"edgeID":"1682951","fromID":"1278886","toID":"1278895","formEdgeID":null},{"edgeID":"1682952","fromID":"1278895","toID":"1278890","formEdgeID":null},{"edgeID":"1682953","fromID":"1155850","toID":"1278896","formEdgeID":null},{"edgeID":"1682954","fromID":"1278896","toID":"1155845","formEdgeID":null},{"edgeID":"1682955","fromID":"1155855","toID":"1278897","formEdgeID":null},{"edgeID":"1682956","fromID":"1278897","toID":"1155850","formEdgeID":null},{"edgeID":"1682957","fromID":"1278894","toID":"1278898","formEdgeID":null},{"edgeID":"1682958","fromID":"1278898","toID":"1278896","formEdgeID":null},{"edgeID":"1682959","fromID":"1278895","toID":"1278899","formEdgeID":null},{"edgeID":"1682960","fromID":"1278899","toID":"1278897","formEdgeID":null},{"edgeID":"1682961","fromID":"1278901","toID":"1278900","formEdgeID":null},{"edgeID":"1682962","fromID":"1278902","toID":"1278901","formEdgeID":null},{"edgeID":"1682963","fromID":"1278900","toID":"1278903","formEdgeID":null},{"edgeID":"1682964","fromID":"1278903","toID":"1155866","formEdgeID":null},{"edgeID":"1682965","fromID":"1278890","toID":"1278904","formEdgeID":null},{"edgeID":"1682966","fromID":"1278904","toID":"1278900","formEdgeID":null},{"edgeID":"1682967","fromID":"1278906","toID":"1278905","formEdgeID":null},{"edgeID":"1682968","fromID":"1278907","toID":"1278906","formEdgeID":null},{"edgeID":"1682969","fromID":"1278905","toID":"1278908","formEdgeID":null},{"edgeID":"1682970","fromID":"1278908","toID":"1155461","formEdgeID":null},{"edgeID":"1682971","fromID":"1278900","toID":"1278909","formEdgeID":null},{"edgeID":"1682972","fromID":"1278909","toID":"1278905","formEdgeID":null},{"edgeID":"1682973","fromID":"1278911","toID":"1278910","formEdgeID":null},{"edgeID":"1682974","fromID":"1278912","toID":"1278911","formEdgeID":null},{"edgeID":"1682975","fromID":"1278910","toID":"1278913","formEdgeID":null},{"edgeID":"1682976","fromID":"1278913","toID":"1155463","formEdgeID":null},{"edgeID":"1682977","fromID":"1278905","toID":"1278914","formEdgeID":null},{"edgeID":"1682978","fromID":"1278914","toID":"1278910","formEdgeID":null},{"edgeID":"1682979","fromID":"1155461","toID":"1278915","formEdgeID":null},{"edgeID":"1682980","fromID":"1278915","toID":"1155463","formEdgeID":null},{"edgeID":"1682981","fromID":"1278914","toID":"1278916","formEdgeID":null},{"edgeID":"1682982","fromID":"1278916","toID":"1278915","formEdgeID":null},{"edgeID":"1682983","fromID":"1278918","toID":"1278917","formEdgeID":null},{"edgeID":"1682984","fromID":"1278919","toID":"1278918","formEdgeID":null},{"edgeID":"1682985","fromID":"1278917","toID":"1278920","formEdgeID":null},{"edgeID":"1682986","fromID":"1278920","toID":"1155882","formEdgeID":null},{"edgeID":"1682987","fromID":"1278922","toID":"1278921","formEdgeID":null},{"edgeID":"1682988","fromID":"1278923","toID":"1278922","formEdgeID":null},{"edgeID":"1682989","fromID":"1278921","toID":"1278924","formEdgeID":null},{"edgeID":"1682990","fromID":"1278924","toID":"1155887","formEdgeID":null},{"edgeID":"1682991","fromID":"1278910","toID":"1278925","formEdgeID":null},{"edgeID":"1682992","fromID":"1278925","toID":"1278917","formEdgeID":null},{"edgeID":"1682993","fromID":"1155882","toID":"1278926","formEdgeID":null},{"edgeID":"1682994","fromID":"1278926","toID":"1155463","formEdgeID":null},{"edgeID":"1682995","fromID":"1155887","toID":"1278927","formEdgeID":null},{"edgeID":"1682996","fromID":"1278927","toID":"1155463","formEdgeID":null},{"edgeID":"1682997","fromID":"1278910","toID":"1278928","formEdgeID":null},{"edgeID":"1682998","fromID":"1278928","toID":"1278921","formEdgeID":null},{"edgeID":"1682999","fromID":"1278928","toID":"1278929","formEdgeID":null},{"edgeID":"1683000","fromID":"1278929","toID":"1278927","formEdgeID":null},{"edgeID":"1683001","fromID":"1278925","toID":"1278930","formEdgeID":null},{"edgeID":"1683002","fromID":"1278930","toID":"1278926","formEdgeID":null},{"edgeID":"1683003","fromID":"1278932","toID":"1278931","formEdgeID":null},{"edgeID":"1683004","fromID":"1278933","toID":"1278932","formEdgeID":null},{"edgeID":"1683005","fromID":"1278931","toID":"1278934","formEdgeID":null},{"edgeID":"1683006","fromID":"1278934","toID":"1155898","formEdgeID":null},{"edgeID":"1683007","fromID":"1278921","toID":"1278935","formEdgeID":null},{"edgeID":"1683008","fromID":"1278935","toID":"1278931","formEdgeID":null},{"edgeID":"1683009","fromID":"1278937","toID":"1278936","formEdgeID":null},{"edgeID":"1683010","fromID":"1278938","toID":"1278937","formEdgeID":null},{"edgeID":"1683011","fromID":"1278936","toID":"1278939","formEdgeID":null},{"edgeID":"1683012","fromID":"1278939","toID":"1155904","formEdgeID":null},{"edgeID":"1683013","fromID":"1278931","toID":"1278940","formEdgeID":null},{"edgeID":"1683014","fromID":"1278940","toID":"1278936","formEdgeID":null},{"edgeID":"1683015","fromID":"1278942","toID":"1278941","formEdgeID":null},{"edgeID":"1683016","fromID":"1278943","toID":"1278942","formEdgeID":null},{"edgeID":"1683017","fromID":"1278936","toID":"1278944","formEdgeID":null},{"edgeID":"1683018","fromID":"1278944","toID":"1278941","formEdgeID":null},{"edgeID":"1683019","fromID":"1278946","toID":"1278945","formEdgeID":null},{"edgeID":"1683020","fromID":"1278947","toID":"1278946","formEdgeID":null},{"edgeID":"1683021","fromID":"1278945","toID":"1278948","formEdgeID":null},{"edgeID":"1683022","fromID":"1278948","toID":"783708","formEdgeID":null},{"edgeID":"1683023","fromID":"1278941","toID":"1278949","formEdgeID":null},{"edgeID":"1683024","fromID":"1278949","toID":"1278945","formEdgeID":null},{"edgeID":"1683025","fromID":"1278951","toID":"1278950","formEdgeID":null},{"edgeID":"1683026","fromID":"1278952","toID":"1278951","formEdgeID":null},{"edgeID":"1683027","fromID":"1278950","toID":"1278953","formEdgeID":null},{"edgeID":"1683028","fromID":"1278953","toID":"1155918","formEdgeID":null},{"edgeID":"1683029","fromID":"1278941","toID":"1278954","formEdgeID":null},{"edgeID":"1683030","fromID":"1278954","toID":"1278950","formEdgeID":null},{"edgeID":"1683031","fromID":"1278956","toID":"1278955","formEdgeID":null},{"edgeID":"1683032","fromID":"1278957","toID":"1278956","formEdgeID":null},{"edgeID":"1683033","fromID":"1278955","toID":"1278958","formEdgeID":null},{"edgeID":"1683034","fromID":"1278958","toID":"1155924","formEdgeID":null},{"edgeID":"1683035","fromID":"1278950","toID":"1278959","formEdgeID":null},{"edgeID":"1683036","fromID":"1278959","toID":"1278955","formEdgeID":null},{"edgeID":"1683037","fromID":"1155918","toID":"1278960","formEdgeID":null},{"edgeID":"1683038","fromID":"1278960","toID":"1155924","formEdgeID":null},{"edgeID":"1683039","fromID":"1278959","toID":"1278961","formEdgeID":null},{"edgeID":"1683040","fromID":"1278961","toID":"1278960","formEdgeID":null},{"edgeID":"1683041","fromID":"1278963","toID":"1278962","formEdgeID":null},{"edgeID":"1683042","fromID":"1278964","toID":"1278963","formEdgeID":null},{"edgeID":"1683043","fromID":"1278962","toID":"1278965","formEdgeID":null},{"edgeID":"1683044","fromID":"1278965","toID":"1155932","formEdgeID":null},{"edgeID":"1683045","fromID":"1278967","toID":"1278966","formEdgeID":null},{"edgeID":"1683046","fromID":"1278968","toID":"1278967","formEdgeID":null},{"edgeID":"1683047","fromID":"1278966","toID":"1278969","formEdgeID":null},{"edgeID":"1683048","fromID":"1278969","toID":"783694","formEdgeID":null},{"edgeID":"1683049","fromID":"1278962","toID":"1278970","formEdgeID":null},{"edgeID":"1683050","fromID":"1278970","toID":"1278966","formEdgeID":null},{"edgeID":"1683051","fromID":"1155918","toID":"1278971","formEdgeID":null},{"edgeID":"1683052","fromID":"1278971","toID":"1155932","formEdgeID":null},{"edgeID":"1683053","fromID":"1278950","toID":"1278972","formEdgeID":null},{"edgeID":"1683054","fromID":"1278972","toID":"1278962","formEdgeID":null},{"edgeID":"1683055","fromID":"1278972","toID":"1278973","formEdgeID":null},{"edgeID":"1683056","fromID":"1278973","toID":"1278971","formEdgeID":null},{"edgeID":"1683057","fromID":"1278975","toID":"1278974","formEdgeID":null},{"edgeID":"1683058","fromID":"1278976","toID":"1278975","formEdgeID":null},{"edgeID":"1683059","fromID":"1278974","toID":"1278977","formEdgeID":null},{"edgeID":"1683060","fromID":"1278977","toID":"1155944","formEdgeID":null},{"edgeID":"1683061","fromID":"1278966","toID":"1278978","formEdgeID":null},{"edgeID":"1683062","fromID":"1278978","toID":"1278974","formEdgeID":null},{"edgeID":"1683063","fromID":"1278980","toID":"1278979","formEdgeID":null},{"edgeID":"1683064","fromID":"1278981","toID":"1278980","formEdgeID":null},{"edgeID":"1683065","fromID":"1278974","toID":"1278982","formEdgeID":null},{"edgeID":"1683066","fromID":"1278982","toID":"1278979","formEdgeID":null},{"edgeID":"1683067","fromID":"1278982","toID":"1278983","formEdgeID":null},{"edgeID":"1683068","fromID":"1278983","toID":"1155944","formEdgeID":null},{"edgeID":"1683069","fromID":"1278985","toID":"1278984","formEdgeID":null},{"edgeID":"1683070","fromID":"1278986","toID":"1278985","formEdgeID":null},{"edgeID":"1683071","fromID":"1278984","toID":"1278987","formEdgeID":null},{"edgeID":"1683072","fromID":"1278987","toID":"1155954","formEdgeID":null},{"edgeID":"1683073","fromID":"1278979","toID":"1278988","formEdgeID":null},{"edgeID":"1683074","fromID":"1278988","toID":"1278984","formEdgeID":null},{"edgeID":"1683075","fromID":"1278990","toID":"1278989","formEdgeID":null},{"edgeID":"1683076","fromID":"1278991","toID":"1278990","formEdgeID":null},{"edgeID":"1683077","fromID":"1278989","toID":"1278992","formEdgeID":null},{"edgeID":"1683078","fromID":"1278992","toID":"783701","formEdgeID":null},{"edgeID":"1683079","fromID":"1278984","toID":"1278993","formEdgeID":null},{"edgeID":"1683080","fromID":"1278993","toID":"1278989","formEdgeID":null},{"edgeID":"1683081","fromID":"1278995","toID":"1278994","formEdgeID":null},{"edgeID":"1683082","fromID":"1278996","toID":"1278995","formEdgeID":null},{"edgeID":"1683083","fromID":"1278998","toID":"1278997","formEdgeID":null},{"edgeID":"1683084","fromID":"1278996","toID":"1278998","formEdgeID":null},{"edgeID":"1683085","fromID":"1278994","toID":"1278999","formEdgeID":null},{"edgeID":"1683086","fromID":"1278999","toID":"1278997","formEdgeID":null},{"edgeID":"1683087","fromID":"1279001","toID":"1279000","formEdgeID":null},{"edgeID":"1683088","fromID":"1279002","toID":"1279001","formEdgeID":null},{"edgeID":"1683089","fromID":"1279000","toID":"1279003","formEdgeID":null},{"edgeID":"1683090","fromID":"1279003","toID":"1155970","formEdgeID":null},{"edgeID":"1683091","fromID":"1278994","toID":"1279004","formEdgeID":null},{"edgeID":"1683092","fromID":"1279004","toID":"1279000","formEdgeID":null},{"edgeID":"1683093","fromID":"1279000","toID":"1279005","formEdgeID":null},{"edgeID":"1683094","fromID":"1279005","toID":"1278882","formEdgeID":null},{"edgeID":"1683095","fromID":"1278997","toID":"1279006","formEdgeID":null},{"edgeID":"1683096","fromID":"1279006","toID":"1155970","formEdgeID":null},{"edgeID":"1683097","fromID":"1279004","toID":"1279007","formEdgeID":null},{"edgeID":"1683098","fromID":"1279007","toID":"1279006","formEdgeID":null}],"locutions":[]}