{"nodes":[{"nodeID":"1282870","text":"AudienceMember 20211209QT39 used to live in a Victorian, Edwardian residential area","type":"I","timestamp":"2023-11-09 12:31:08"},{"nodeID":"1282871","text":"AudienceMember 20210912QT39: I used to live in a Victorian, Edwardian residential area","type":"L","timestamp":"2023-11-09 12:31:08"},{"nodeID":"1282872","text":"Analysing","type":"YA","timestamp":"2023-11-09 12:31:08"},{"nodeID":"1282873","text":"Dominika: AudienceMember 20210912QT39: I used to live in a Victorian, Edwardian residential area","type":"L","timestamp":"2023-11-09 12:31:08"},{"nodeID":"1282874","text":"Asserting","type":"YA","timestamp":"2023-11-09 12:31:08"},{"nodeID":"1282875","text":"if you looked around you saw a lot of the corner houses once had a shop","type":"I","timestamp":"2023-11-09 12:31:09"},{"nodeID":"1282876","text":"AudienceMember 20210912QT39: If you looked around you saw a lot of the corner houses once had a shop","type":"L","timestamp":"2023-11-09 12:31:09"},{"nodeID":"1282877","text":"Analysing","type":"YA","timestamp":"2023-11-09 12:31:09"},{"nodeID":"1282878","text":"Dominika: AudienceMember 20210912QT39: If you looked around you saw a lot of the corner houses once had a shop","type":"L","timestamp":"2023-11-09 12:31:09"},{"nodeID":"1282879","text":"Asserting","type":"YA","timestamp":"2023-11-09 12:31:09"},{"nodeID":"1282880","text":"Supermarkets came along, finished the corner houses shops","type":"I","timestamp":"2023-11-09 12:31:10"},{"nodeID":"1282881","text":"AudienceMember 20210912QT39: Supermarkets came along, finished them","type":"L","timestamp":"2023-11-09 12:31:10"},{"nodeID":"1282882","text":"Analysing","type":"YA","timestamp":"2023-11-09 12:31:10"},{"nodeID":"1282883","text":"Dominika: AudienceMember 20210912QT39: Supermarkets came along, finished them","type":"L","timestamp":"2023-11-09 12:31:10"},{"nodeID":"1282884","text":"Asserting","type":"YA","timestamp":"2023-11-09 12:31:10"},{"nodeID":"1282885","text":"the supermarkets started ranging","type":"I","timestamp":"2023-11-09 12:31:10"},{"nodeID":"1282886","text":"AudienceMember 20210912QT39: The supermarkets started ranging","type":"L","timestamp":"2023-11-09 12:31:10"},{"nodeID":"1282887","text":"Analysing","type":"YA","timestamp":"2023-11-09 12:31:10"},{"nodeID":"1282888","text":"Dominika: AudienceMember 20210912QT39: The supermarkets started ranging","type":"L","timestamp":"2023-11-09 12:31:10"},{"nodeID":"1282889","text":"Asserting","type":"YA","timestamp":"2023-11-09 12:31:10"},{"nodeID":"1282890","text":"then the out of town malls came with free parking","type":"I","timestamp":"2023-11-09 12:31:11"},{"nodeID":"1282891","text":"AudienceMember 20210912QT39: then the out of town malls came with free parking","type":"L","timestamp":"2023-11-09 12:31:11"},{"nodeID":"1282892","text":"Analysing","type":"YA","timestamp":"2023-11-09 12:31:11"},{"nodeID":"1282893","text":"Dominika: AudienceMember 20210912QT39: then the out of town malls came with free parking","type":"L","timestamp":"2023-11-09 12:31:11"},{"nodeID":"1282894","text":"Asserting","type":"YA","timestamp":"2023-11-09 12:31:11"},{"nodeID":"1282895","text":"people started going to out of town malls","type":"I","timestamp":"2023-11-09 12:31:11"},{"nodeID":"1282896","text":"AudienceMember 20210912QT39: People started going there","type":"L","timestamp":"2023-11-09 12:31:11"},{"nodeID":"1282897","text":"Analysing","type":"YA","timestamp":"2023-11-09 12:31:11"},{"nodeID":"1282898","text":"Dominika: AudienceMember 20210912QT39: People started going there","type":"L","timestamp":"2023-11-09 12:31:11"},{"nodeID":"1282899","text":"Asserting","type":"YA","timestamp":"2023-11-09 12:31:11"},{"nodeID":"1282900","text":"then the Internet came along","type":"I","timestamp":"2023-11-09 12:31:12"},{"nodeID":"1282901","text":"AudienceMember 20210912QT39: Then the Internet came along","type":"L","timestamp":"2023-11-09 12:31:12"},{"nodeID":"1282902","text":"Analysing","type":"YA","timestamp":"2023-11-09 12:31:12"},{"nodeID":"1282903","text":"Dominika: AudienceMember 20210912QT39: Then the Internet came along","type":"L","timestamp":"2023-11-09 12:31:12"},{"nodeID":"1282904","text":"Asserting","type":"YA","timestamp":"2023-11-09 12:31:12"},{"nodeID":"1282905","text":"people started on Internet","type":"I","timestamp":"2023-11-09 12:31:13"},{"nodeID":"1282906","text":"AudienceMember 20210912QT39: People started on Internet","type":"L","timestamp":"2023-11-09 12:31:13"},{"nodeID":"1282907","text":"Analysing","type":"YA","timestamp":"2023-11-09 12:31:13"},{"nodeID":"1282908","text":"Dominika: AudienceMember 20210912QT39: People started on Internet","type":"L","timestamp":"2023-11-09 12:31:13"},{"nodeID":"1282909","text":"Asserting","type":"YA","timestamp":"2023-11-09 12:31:13"},{"nodeID":"1282910","text":"the nail in the coffin is councils making -- charging for you to park","type":"I","timestamp":"2023-11-09 12:31:13"},{"nodeID":"1282911","text":"AudienceMember 20210912QT39: the nail in the coffin is councils making -- charging for you to park","type":"L","timestamp":"2023-11-09 12:31:13"},{"nodeID":"1282912","text":"Analysing","type":"YA","timestamp":"2023-11-09 12:31:13"},{"nodeID":"1282913","text":"Dominika: AudienceMember 20210912QT39: the nail in the coffin is councils making -- charging for you to park","type":"L","timestamp":"2023-11-09 12:31:13"},{"nodeID":"1282914","text":"Asserting","type":"YA","timestamp":"2023-11-09 12:31:13"},{"nodeID":"1282915","text":"nobody has the need to go to the high street nowadays","type":"I","timestamp":"2023-11-09 12:31:14"},{"nodeID":"1282916","text":"AudienceMember 20210912QT39: nobody has the need to go to the high street nowadays","type":"L","timestamp":"2023-11-09 12:31:14"},{"nodeID":"1282917","text":"Analysing","type":"YA","timestamp":"2023-11-09 12:31:14"},{"nodeID":"1282918","text":"Dominika: AudienceMember 20210912QT39: nobody has the need to go to the high street nowadays","type":"L","timestamp":"2023-11-09 12:31:14"},{"nodeID":"1282919","text":"Asserting","type":"YA","timestamp":"2023-11-09 12:31:14"},{"nodeID":"1282920","text":"Weston centre used to be beautiful, it's gone to the dogs now","type":"I","timestamp":"2023-11-09 12:31:14"},{"nodeID":"1282921","text":"AudienceMember 20210912QT39: Weston centre used to be beautiful, it's gone to the dogs now","type":"L","timestamp":"2023-11-09 12:31:14"},{"nodeID":"1282922","text":"Analysing","type":"YA","timestamp":"2023-11-09 12:31:14"},{"nodeID":"1282923","text":"Dominika: AudienceMember 20210912QT39: Weston centre used to be beautiful, it's gone to the dogs now","type":"L","timestamp":"2023-11-09 12:31:14"},{"nodeID":"1282924","text":"Asserting","type":"YA","timestamp":"2023-11-09 12:31:14"},{"nodeID":"1282925","text":"Maggie Throup completely understands the issue of local shops closing","type":"I","timestamp":"2023-11-09 12:31:15"},{"nodeID":"1282926","text":"Maggie Throup: I completely understand the issue","type":"L","timestamp":"2023-11-09 12:31:15"},{"nodeID":"1282927","text":"Analysing","type":"YA","timestamp":"2023-11-09 12:31:15"},{"nodeID":"1282928","text":"Dominika: Maggie Throup: I completely understand the issue","type":"L","timestamp":"2023-11-09 12:31:15"},{"nodeID":"1282929","text":"Asserting","type":"YA","timestamp":"2023-11-09 12:31:15"},{"nodeID":"1282930","text":"two towns in Maggie Throup's constituency have a similar problem","type":"I","timestamp":"2023-11-09 12:31:16"},{"nodeID":"1282931","text":"Maggie Throup: two towns in my constituency have a similar problem","type":"L","timestamp":"2023-11-09 12:31:16"},{"nodeID":"1282932","text":"Analysing","type":"YA","timestamp":"2023-11-09 12:31:16"},{"nodeID":"1282933","text":"Dominika: Maggie Throup: two towns in my constituency have a similar problem","type":"L","timestamp":"2023-11-09 12:31:16"},{"nodeID":"1282934","text":"Asserting","type":"YA","timestamp":"2023-11-09 12:31:16"},{"nodeID":"1282935","text":"we're determined to level up","type":"I","timestamp":"2023-11-09 12:31:16"},{"nodeID":"1282936","text":"Maggie Throup: We're determined to level up","type":"L","timestamp":"2023-11-09 12:31:16"},{"nodeID":"1282937","text":"Analysing","type":"YA","timestamp":"2023-11-09 12:31:16"},{"nodeID":"1282938","text":"Dominika: Maggie Throup: We're determined to level up","type":"L","timestamp":"2023-11-09 12:31:16"},{"nodeID":"1282939","text":"Asserting","type":"YA","timestamp":"2023-11-09 12:31:16"},{"nodeID":"1282940","text":"people, particularly the Labour Party, seem to define levelling up as between north and south","type":"I","timestamp":"2023-11-09 12:31:17"},{"nodeID":"1282941","text":"Maggie Throup: People, particularly the Labour Party, seem to define levelling up as between north and south","type":"L","timestamp":"2023-11-09 12:31:17"},{"nodeID":"1282942","text":"Analysing","type":"YA","timestamp":"2023-11-09 12:31:17"},{"nodeID":"1282943","text":"Dominika: Maggie Throup: People, particularly the Labour Party, seem to define levelling up as between north and south","type":"L","timestamp":"2023-11-09 12:31:17"},{"nodeID":"1282944","text":"Asserting","type":"YA","timestamp":"2023-11-09 12:31:17"},{"nodeID":"1282945","text":"Maggie Throup doesn't believe defining levelling up as between north and south at all","type":"I","timestamp":"2023-11-09 12:31:17"},{"nodeID":"1282946","text":"Maggie Throup: I don't believe that at all","type":"L","timestamp":"2023-11-09 12:31:17"},{"nodeID":"1282947","text":"Analysing","type":"YA","timestamp":"2023-11-09 12:31:17"},{"nodeID":"1282948","text":"Dominika: Maggie Throup: I don't believe that at all","type":"L","timestamp":"2023-11-09 12:31:17"},{"nodeID":"1282949","text":"Asserting","type":"YA","timestamp":"2023-11-09 12:31:17"},{"nodeID":"1282950","text":"your coastal communities are quite hard hit as well","type":"I","timestamp":"2023-11-09 12:31:18"},{"nodeID":"1282951","text":"Maggie Throup: your coastal communities are quite hard hit as well","type":"L","timestamp":"2023-11-09 12:31:18"},{"nodeID":"1282952","text":"Analysing","type":"YA","timestamp":"2023-11-09 12:31:18"},{"nodeID":"1282953","text":"Dominika: Maggie Throup: your coastal communities are quite hard hit as well","type":"L","timestamp":"2023-11-09 12:31:18"},{"nodeID":"1282954","text":"Asserting","type":"YA","timestamp":"2023-11-09 12:31:18"},{"nodeID":"1282955","text":"it is important we recognise that coastal communities are hard hit as well","type":"I","timestamp":"2023-11-09 12:31:19"},{"nodeID":"1282956","text":"Maggie Throup: it is important we recognise that","type":"L","timestamp":"2023-11-09 12:31:19"},{"nodeID":"1282957","text":"Analysing","type":"YA","timestamp":"2023-11-09 12:31:19"},{"nodeID":"1282958","text":"Dominika: Maggie Throup: it is important we recognise that","type":"L","timestamp":"2023-11-09 12:31:19"},{"nodeID":"1282959","text":"Asserting","type":"YA","timestamp":"2023-11-09 12:31:19"},{"nodeID":"1282960","text":"until the pandemic people went elsewhere for their holidays","type":"I","timestamp":"2023-11-09 12:31:19"},{"nodeID":"1282961","text":"Maggie Throup:  until the pandemic people went elsewhere for their holidays","type":"L","timestamp":"2023-11-09 12:31:19"},{"nodeID":"1282962","text":"Analysing","type":"YA","timestamp":"2023-11-09 12:31:19"},{"nodeID":"1282963","text":"Dominika: Maggie Throup:  until the pandemic people went elsewhere for their holidays","type":"L","timestamp":"2023-11-09 12:31:19"},{"nodeID":"1282964","text":"Asserting","type":"YA","timestamp":"2023-11-09 12:31:19"},{"nodeID":"1282965","text":"hopefully now we recognise what a lovely country we have for people to come into our coastal communities","type":"I","timestamp":"2023-11-09 12:31:20"},{"nodeID":"1282966","text":"Maggie Throup: hopefully now we recognise what a lovely country we have for people to come into our coastal communities","type":"L","timestamp":"2023-11-09 12:31:20"},{"nodeID":"1282967","text":"Analysing","type":"YA","timestamp":"2023-11-09 12:31:20"},{"nodeID":"1282968","text":"Dominika: Maggie Throup: hopefully now we recognise what a lovely country we have for people to come into our coastal communities","type":"L","timestamp":"2023-11-09 12:31:20"},{"nodeID":"1282969","text":"Asserting","type":"YA","timestamp":"2023-11-09 12:31:20"},{"nodeID":"1282970","text":"Default Transition","type":"TA","timestamp":"2023-11-09 12:31:20"},{"nodeID":"1282971","text":"Default Transition","type":"TA","timestamp":"2023-11-09 12:31:20"},{"nodeID":"1282972","text":"Default Inference","type":"RA","timestamp":"2023-11-09 12:31:20"},{"nodeID":"1282973","text":"Arguing","type":"YA","timestamp":"2023-11-09 12:31:20"},{"nodeID":"1282974","text":"Default Rephrase","type":"MA","timestamp":"2023-11-09 12:31:20"},{"nodeID":"1282975","text":"Restating","type":"YA","timestamp":"2023-11-09 12:31:20"},{"nodeID":"1282976","text":"Default Transition","type":"TA","timestamp":"2023-11-09 12:31:20"},{"nodeID":"1282977","text":"Default Transition","type":"TA","timestamp":"2023-11-09 12:31:20"},{"nodeID":"1282978","text":"Default Inference","type":"RA","timestamp":"2023-11-09 12:31:20"},{"nodeID":"1282979","text":"Arguing","type":"YA","timestamp":"2023-11-09 12:31:20"},{"nodeID":"1282980","text":"Default Transition","type":"TA","timestamp":"2023-11-09 12:31:20"},{"nodeID":"1282981","text":"Default Conflict","type":"CA","timestamp":"2023-11-09 12:31:20"},{"nodeID":"1282982","text":"Disagreeing","type":"YA","timestamp":"2023-11-09 12:31:20"},{"nodeID":"1282983","text":"Default Transition","type":"TA","timestamp":"2023-11-09 12:31:20"},{"nodeID":"1282984","text":"Default Transition","type":"TA","timestamp":"2023-11-09 12:31:20"},{"nodeID":"1282985","text":"Default Inference","type":"RA","timestamp":"2023-11-09 12:31:20"},{"nodeID":"1282986","text":"Arguing","type":"YA","timestamp":"2023-11-09 12:31:20"},{"nodeID":"1282987","text":"Default Transition","type":"TA","timestamp":"2023-11-09 12:31:20"},{"nodeID":"1282988","text":"Default Rephrase","type":"MA","timestamp":"2023-11-09 12:31:20"},{"nodeID":"1282989","text":"Default Transition","type":"TA","timestamp":"2023-11-09 12:31:20"},{"nodeID":"1282990","text":"Default Transition","type":"TA","timestamp":"2023-11-09 12:31:20"},{"nodeID":"1282991","text":"Default Inference","type":"RA","timestamp":"2023-11-09 12:31:20"},{"nodeID":"1282992","text":"Arguing","type":"YA","timestamp":"2023-11-09 12:31:20"},{"nodeID":"1282993","text":"Default Transition","type":"TA","timestamp":"2023-11-09 12:31:20"},{"nodeID":"1282994","text":"Default Transition","type":"TA","timestamp":"2023-11-09 12:31:20"},{"nodeID":"1282995","text":"Default Transition","type":"TA","timestamp":"2023-11-09 12:31:20"},{"nodeID":"1282996","text":"Default Transition","type":"TA","timestamp":"2023-11-09 12:31:20"},{"nodeID":"1282997","text":"Default Inference","type":"RA","timestamp":"2023-11-09 12:31:20"},{"nodeID":"1282998","text":"Arguing","type":"YA","timestamp":"2023-11-09 12:31:20"},{"nodeID":"1282999","text":"Default Transition","type":"TA","timestamp":"2023-11-09 12:31:20"},{"nodeID":"1283000","text":"Default Inference","type":"RA","timestamp":"2023-11-09 12:31:20"},{"nodeID":"1283001","text":"Arguing","type":"YA","timestamp":"2023-11-09 12:31:20"},{"nodeID":"1283002","text":"Default Transition","type":"TA","timestamp":"2023-11-09 12:31:20"},{"nodeID":"1283003","text":"Default Transition","type":"TA","timestamp":"2023-11-09 12:31:20"},{"nodeID":"1283004","text":"Default Transition","type":"TA","timestamp":"2023-11-09 12:31:20"},{"nodeID":"1283005","text":"Default Transition","type":"TA","timestamp":"2023-11-09 12:31:20"},{"nodeID":"1283006","text":"Default Rephrase","type":"MA","timestamp":"2023-11-09 12:31:20"},{"nodeID":"1283007","text":"Default Rephrase","type":"MA","timestamp":"2023-11-09 12:31:20"},{"nodeID":"1283008","text":"Restating","type":"YA","timestamp":"2023-11-09 12:31:20"}],"edges":[{"edgeID":"1687905","fromID":"1282872","toID":"1282871","formEdgeID":null},{"edgeID":"1687906","fromID":"1282873","toID":"1282872","formEdgeID":null},{"edgeID":"1687907","fromID":"1282871","toID":"1282874","formEdgeID":null},{"edgeID":"1687908","fromID":"1282874","toID":"1282870","formEdgeID":null},{"edgeID":"1687909","fromID":"1282877","toID":"1282876","formEdgeID":null},{"edgeID":"1687910","fromID":"1282878","toID":"1282877","formEdgeID":null},{"edgeID":"1687911","fromID":"1282876","toID":"1282879","formEdgeID":null},{"edgeID":"1687912","fromID":"1282879","toID":"1282875","formEdgeID":null},{"edgeID":"1687913","fromID":"1282882","toID":"1282881","formEdgeID":null},{"edgeID":"1687914","fromID":"1282883","toID":"1282882","formEdgeID":null},{"edgeID":"1687915","fromID":"1282881","toID":"1282884","formEdgeID":null},{"edgeID":"1687916","fromID":"1282884","toID":"1282880","formEdgeID":null},{"edgeID":"1687917","fromID":"1282887","toID":"1282886","formEdgeID":null},{"edgeID":"1687918","fromID":"1282888","toID":"1282887","formEdgeID":null},{"edgeID":"1687919","fromID":"1282886","toID":"1282889","formEdgeID":null},{"edgeID":"1687920","fromID":"1282889","toID":"1282885","formEdgeID":null},{"edgeID":"1687921","fromID":"1282892","toID":"1282891","formEdgeID":null},{"edgeID":"1687922","fromID":"1282893","toID":"1282892","formEdgeID":null},{"edgeID":"1687923","fromID":"1282891","toID":"1282894","formEdgeID":null},{"edgeID":"1687924","fromID":"1282894","toID":"1282890","formEdgeID":null},{"edgeID":"1687925","fromID":"1282897","toID":"1282896","formEdgeID":null},{"edgeID":"1687926","fromID":"1282898","toID":"1282897","formEdgeID":null},{"edgeID":"1687927","fromID":"1282896","toID":"1282899","formEdgeID":null},{"edgeID":"1687928","fromID":"1282899","toID":"1282895","formEdgeID":null},{"edgeID":"1687929","fromID":"1282902","toID":"1282901","formEdgeID":null},{"edgeID":"1687930","fromID":"1282903","toID":"1282902","formEdgeID":null},{"edgeID":"1687931","fromID":"1282901","toID":"1282904","formEdgeID":null},{"edgeID":"1687932","fromID":"1282904","toID":"1282900","formEdgeID":null},{"edgeID":"1687933","fromID":"1282907","toID":"1282906","formEdgeID":null},{"edgeID":"1687934","fromID":"1282908","toID":"1282907","formEdgeID":null},{"edgeID":"1687935","fromID":"1282906","toID":"1282909","formEdgeID":null},{"edgeID":"1687936","fromID":"1282909","toID":"1282905","formEdgeID":null},{"edgeID":"1687937","fromID":"1282912","toID":"1282911","formEdgeID":null},{"edgeID":"1687938","fromID":"1282913","toID":"1282912","formEdgeID":null},{"edgeID":"1687939","fromID":"1282911","toID":"1282914","formEdgeID":null},{"edgeID":"1687940","fromID":"1282914","toID":"1282910","formEdgeID":null},{"edgeID":"1687941","fromID":"1282917","toID":"1282916","formEdgeID":null},{"edgeID":"1687942","fromID":"1282918","toID":"1282917","formEdgeID":null},{"edgeID":"1687943","fromID":"1282916","toID":"1282919","formEdgeID":null},{"edgeID":"1687944","fromID":"1282919","toID":"1282915","formEdgeID":null},{"edgeID":"1687945","fromID":"1282922","toID":"1282921","formEdgeID":null},{"edgeID":"1687946","fromID":"1282923","toID":"1282922","formEdgeID":null},{"edgeID":"1687947","fromID":"1282921","toID":"1282924","formEdgeID":null},{"edgeID":"1687948","fromID":"1282924","toID":"1282920","formEdgeID":null},{"edgeID":"1687949","fromID":"1282927","toID":"1282926","formEdgeID":null},{"edgeID":"1687950","fromID":"1282928","toID":"1282927","formEdgeID":null},{"edgeID":"1687951","fromID":"1282926","toID":"1282929","formEdgeID":null},{"edgeID":"1687952","fromID":"1282929","toID":"1282925","formEdgeID":null},{"edgeID":"1687953","fromID":"1282932","toID":"1282931","formEdgeID":null},{"edgeID":"1687954","fromID":"1282933","toID":"1282932","formEdgeID":null},{"edgeID":"1687955","fromID":"1282931","toID":"1282934","formEdgeID":null},{"edgeID":"1687956","fromID":"1282934","toID":"1282930","formEdgeID":null},{"edgeID":"1687957","fromID":"1282937","toID":"1282936","formEdgeID":null},{"edgeID":"1687958","fromID":"1282938","toID":"1282937","formEdgeID":null},{"edgeID":"1687959","fromID":"1282936","toID":"1282939","formEdgeID":null},{"edgeID":"1687960","fromID":"1282939","toID":"1282935","formEdgeID":null},{"edgeID":"1687961","fromID":"1282942","toID":"1282941","formEdgeID":null},{"edgeID":"1687962","fromID":"1282943","toID":"1282942","formEdgeID":null},{"edgeID":"1687963","fromID":"1282941","toID":"1282944","formEdgeID":null},{"edgeID":"1687964","fromID":"1282944","toID":"1282940","formEdgeID":null},{"edgeID":"1687965","fromID":"1282947","toID":"1282946","formEdgeID":null},{"edgeID":"1687966","fromID":"1282948","toID":"1282947","formEdgeID":null},{"edgeID":"1687967","fromID":"1282946","toID":"1282949","formEdgeID":null},{"edgeID":"1687968","fromID":"1282949","toID":"1282945","formEdgeID":null},{"edgeID":"1687969","fromID":"1282952","toID":"1282951","formEdgeID":null},{"edgeID":"1687970","fromID":"1282953","toID":"1282952","formEdgeID":null},{"edgeID":"1687971","fromID":"1282951","toID":"1282954","formEdgeID":null},{"edgeID":"1687972","fromID":"1282954","toID":"1282950","formEdgeID":null},{"edgeID":"1687973","fromID":"1282957","toID":"1282956","formEdgeID":null},{"edgeID":"1687974","fromID":"1282958","toID":"1282957","formEdgeID":null},{"edgeID":"1687975","fromID":"1282956","toID":"1282959","formEdgeID":null},{"edgeID":"1687976","fromID":"1282959","toID":"1282955","formEdgeID":null},{"edgeID":"1687977","fromID":"1282962","toID":"1282961","formEdgeID":null},{"edgeID":"1687978","fromID":"1282963","toID":"1282962","formEdgeID":null},{"edgeID":"1687979","fromID":"1282961","toID":"1282964","formEdgeID":null},{"edgeID":"1687980","fromID":"1282964","toID":"1282960","formEdgeID":null},{"edgeID":"1687981","fromID":"1282967","toID":"1282966","formEdgeID":null},{"edgeID":"1687982","fromID":"1282968","toID":"1282967","formEdgeID":null},{"edgeID":"1687983","fromID":"1282966","toID":"1282969","formEdgeID":null},{"edgeID":"1687984","fromID":"1282969","toID":"1282965","formEdgeID":null},{"edgeID":"1687985","fromID":"1282956","toID":"1282970","formEdgeID":null},{"edgeID":"1687986","fromID":"1282970","toID":"1282961","formEdgeID":null},{"edgeID":"1687987","fromID":"1282956","toID":"1282971","formEdgeID":null},{"edgeID":"1687988","fromID":"1282971","toID":"1282966","formEdgeID":null},{"edgeID":"1687989","fromID":"1282960","toID":"1282972","formEdgeID":null},{"edgeID":"1687990","fromID":"1282972","toID":"1282955","formEdgeID":null},{"edgeID":"1687991","fromID":"1282970","toID":"1282973","formEdgeID":null},{"edgeID":"1687992","fromID":"1282973","toID":"1282972","formEdgeID":null},{"edgeID":"1687993","fromID":"1282965","toID":"1282974","formEdgeID":null},{"edgeID":"1687994","fromID":"1282974","toID":"1282955","formEdgeID":null},{"edgeID":"1687995","fromID":"1282971","toID":"1282975","formEdgeID":null},{"edgeID":"1687996","fromID":"1282975","toID":"1282974","formEdgeID":null},{"edgeID":"1687997","fromID":"1282951","toID":"1282976","formEdgeID":null},{"edgeID":"1687998","fromID":"1282976","toID":"1282956","formEdgeID":null},{"edgeID":"1687999","fromID":"1282946","toID":"1282977","formEdgeID":null},{"edgeID":"1688000","fromID":"1282977","toID":"1282951","formEdgeID":null},{"edgeID":"1688001","fromID":"1282950","toID":"1282978","formEdgeID":null},{"edgeID":"1688002","fromID":"1282978","toID":"1282945","formEdgeID":null},{"edgeID":"1688003","fromID":"1282977","toID":"1282979","formEdgeID":null},{"edgeID":"1688004","fromID":"1282979","toID":"1282978","formEdgeID":null},{"edgeID":"1688005","fromID":"1282941","toID":"1282980","formEdgeID":null},{"edgeID":"1688006","fromID":"1282980","toID":"1282946","formEdgeID":null},{"edgeID":"1688007","fromID":"1282945","toID":"1282981","formEdgeID":null},{"edgeID":"1688008","fromID":"1282981","toID":"1282940","formEdgeID":null},{"edgeID":"1688009","fromID":"1282980","toID":"1282982","formEdgeID":null},{"edgeID":"1688010","fromID":"1282982","toID":"1282981","formEdgeID":null},{"edgeID":"1688011","fromID":"1282936","toID":"1282983","formEdgeID":null},{"edgeID":"1688012","fromID":"1282983","toID":"1282941","formEdgeID":null},{"edgeID":"1688013","fromID":"1282926","toID":"1282984","formEdgeID":null},{"edgeID":"1688014","fromID":"1282984","toID":"1282931","formEdgeID":null},{"edgeID":"1688015","fromID":"1282930","toID":"1282985","formEdgeID":null},{"edgeID":"1688016","fromID":"1282985","toID":"1282925","formEdgeID":null},{"edgeID":"1688017","fromID":"1282984","toID":"1282986","formEdgeID":null},{"edgeID":"1688018","fromID":"1282986","toID":"1282985","formEdgeID":null},{"edgeID":"1688019","fromID":"1282931","toID":"1282987","formEdgeID":null},{"edgeID":"1688020","fromID":"1282987","toID":"1282936","formEdgeID":null},{"edgeID":"1688021","fromID":"1282885","toID":"1282988","formEdgeID":null},{"edgeID":"1688022","fromID":"1282988","toID":"1282880","formEdgeID":null},{"edgeID":"1688023","fromID":"1282886","toID":"1282989","formEdgeID":null},{"edgeID":"1688024","fromID":"1282989","toID":"1282891","formEdgeID":null},{"edgeID":"1688025","fromID":"1282891","toID":"1282990","formEdgeID":null},{"edgeID":"1688026","fromID":"1282990","toID":"1282896","formEdgeID":null},{"edgeID":"1688027","fromID":"1282890","toID":"1282991","formEdgeID":null},{"edgeID":"1688028","fromID":"1282991","toID":"1282895","formEdgeID":null},{"edgeID":"1688029","fromID":"1282990","toID":"1282992","formEdgeID":null},{"edgeID":"1688030","fromID":"1282992","toID":"1282991","formEdgeID":null},{"edgeID":"1688031","fromID":"1282896","toID":"1282993","formEdgeID":null},{"edgeID":"1688032","fromID":"1282993","toID":"1282901","formEdgeID":null},{"edgeID":"1688033","fromID":"1282901","toID":"1282994","formEdgeID":null},{"edgeID":"1688034","fromID":"1282994","toID":"1282906","formEdgeID":null},{"edgeID":"1688035","fromID":"1282906","toID":"1282995","formEdgeID":null},{"edgeID":"1688036","fromID":"1282995","toID":"1282911","formEdgeID":null},{"edgeID":"1688037","fromID":"1282911","toID":"1282996","formEdgeID":null},{"edgeID":"1688038","fromID":"1282996","toID":"1282916","formEdgeID":null},{"edgeID":"1688039","fromID":"1282910","toID":"1282997","formEdgeID":null},{"edgeID":"1688040","fromID":"1282997","toID":"1282915","formEdgeID":null},{"edgeID":"1688041","fromID":"1282996","toID":"1282998","formEdgeID":null},{"edgeID":"1688042","fromID":"1282998","toID":"1282997","formEdgeID":null},{"edgeID":"1688043","fromID":"1282916","toID":"1282999","formEdgeID":null},{"edgeID":"1688044","fromID":"1282999","toID":"1282921","formEdgeID":null},{"edgeID":"1688045","fromID":"1282900","toID":"1283000","formEdgeID":null},{"edgeID":"1688046","fromID":"1283000","toID":"1282905","formEdgeID":null},{"edgeID":"1688047","fromID":"1282994","toID":"1283001","formEdgeID":null},{"edgeID":"1688048","fromID":"1283001","toID":"1283000","formEdgeID":null},{"edgeID":"1688049","fromID":"1282921","toID":"1283002","formEdgeID":null},{"edgeID":"1688050","fromID":"1283002","toID":"1282926","formEdgeID":null},{"edgeID":"1688051","fromID":"1282871","toID":"1283003","formEdgeID":null},{"edgeID":"1688052","fromID":"1283003","toID":"1282876","formEdgeID":null},{"edgeID":"1688053","fromID":"1282876","toID":"1283004","formEdgeID":null},{"edgeID":"1688054","fromID":"1283004","toID":"1282881","formEdgeID":null},{"edgeID":"1688055","fromID":"1282881","toID":"1283005","formEdgeID":null},{"edgeID":"1688056","fromID":"1283005","toID":"1282886","formEdgeID":null},{"edgeID":"1688057","fromID":"1283005","toID":"1283006","formEdgeID":null},{"edgeID":"1688058","fromID":"1283006","toID":"1282988","formEdgeID":null},{"edgeID":"1688059","fromID":"1282955","toID":"1283007","formEdgeID":null},{"edgeID":"1688060","fromID":"1283007","toID":"1282950","formEdgeID":null},{"edgeID":"1688061","fromID":"1282976","toID":"1283008","formEdgeID":null},{"edgeID":"1688062","fromID":"1283008","toID":"1283007","formEdgeID":null}],"locutions":[]}