{"nodes":[{"nodeID":"1329211","text":"in Cornwall, rents at the moment are about 50% more than the rest of the country average rent","type":"I","timestamp":"2023-11-09 13:36:33"},{"nodeID":"1329212","text":"AudienceMember 20220721QT38: if you go back to Cornwall, rents at the moment are about 50% more than the rest of the country average rent","type":"L","timestamp":"2023-11-09 13:36:33"},{"nodeID":"1329213","text":"Analysing","type":"YA","timestamp":"2023-11-09 13:36:33"},{"nodeID":"1329214","text":"Zofia: AudienceMember 20220721QT38: if you go back to Cornwall, rents at the moment are about 50% more than the rest of the country average rent","type":"L","timestamp":"2023-11-09 13:36:33"},{"nodeID":"1329215","text":"Asserting","type":"YA","timestamp":"2023-11-09 13:36:33"},{"nodeID":"1329216","text":"in Conwall average house prices are about 30% bigger than in the rest of the country and wages are about 25% smaller","type":"I","timestamp":"2023-11-09 13:36:34"},{"nodeID":"1329217","text":"AudienceMember 20220721QT38: Average house prices are about 30% more, wages are about 25% less","type":"L","timestamp":"2023-11-09 13:36:34"},{"nodeID":"1329218","text":"Analysing","type":"YA","timestamp":"2023-11-09 13:36:34"},{"nodeID":"1329219","text":"Zofia: AudienceMember 20220721QT38: Average house prices are about 30% more, wages are about 25% less","type":"L","timestamp":"2023-11-09 13:36:34"},{"nodeID":"1329220","text":"Asserting","type":"YA","timestamp":"2023-11-09 13:36:34"},{"nodeID":"1329221","text":"in parts of Cornwall, there's a lot of new build going on, and local people can't afford them","type":"I","timestamp":"2023-11-09 13:36:35"},{"nodeID":"1329222","text":"AudienceMember 20220721QT38: in parts of Cornwall, there's a lot of new build going on, and local people can't afford them","type":"L","timestamp":"2023-11-09 13:36:35"},{"nodeID":"1329223","text":"Analysing","type":"YA","timestamp":"2023-11-09 13:36:35"},{"nodeID":"1329224","text":"Zofia: AudienceMember 20220721QT38: in parts of Cornwall, there's a lot of new build going on, and local people can't afford them","type":"L","timestamp":"2023-11-09 13:36:35"},{"nodeID":"1329225","text":"Asserting","type":"YA","timestamp":"2023-11-09 13:36:35"},{"nodeID":"1329226","text":"Default Transition","type":"TA","timestamp":"2023-11-09 13:36:35"},{"nodeID":"1329227","text":"Default Transition","type":"TA","timestamp":"2023-11-09 13:36:35"},{"nodeID":"1329228","text":"Default Inference","type":"RA","timestamp":"2023-11-09 13:36:35"},{"nodeID":"1329229","text":"Arguing","type":"YA","timestamp":"2023-11-09 13:36:35"},{"nodeID":"1329230","text":"new families are moving in in Cornwall","type":"I","timestamp":"2023-11-09 13:36:35"},{"nodeID":"1329231","text":"AudienceMember 20220721QT38: new families are moving in","type":"L","timestamp":"2023-11-09 13:36:35"},{"nodeID":"1329232","text":"Analysing","type":"YA","timestamp":"2023-11-09 13:36:35"},{"nodeID":"1329233","text":"Zofia: AudienceMember 20220721QT38: new families are moving in","type":"L","timestamp":"2023-11-09 13:36:35"},{"nodeID":"1329234","text":"Asserting","type":"YA","timestamp":"2023-11-09 13:36:35"},{"nodeID":"1329235","text":"Default Inference","type":"RA","timestamp":"2023-11-09 13:36:35"},{"nodeID":"1329236","text":"Default Transition","type":"TA","timestamp":"2023-11-09 13:36:35"},{"nodeID":"1329237","text":"Arguing","type":"YA","timestamp":"2023-11-09 13:36:35"},{"nodeID":"1329238","text":"new families moving in in Cornwall is putting pressure on a creaking infrastructure","type":"I","timestamp":"2023-11-09 13:36:36"},{"nodeID":"1329239","text":"AudienceMember 20220721QT38: which is putting pressure on a creaking infrastructure","type":"L","timestamp":"2023-11-09 13:36:36"},{"nodeID":"1329240","text":"Analysing","type":"YA","timestamp":"2023-11-09 13:36:36"},{"nodeID":"1329241","text":"Zofia: AudienceMember 20220721QT38: which is putting pressure on a creaking infrastructure","type":"L","timestamp":"2023-11-09 13:36:36"},{"nodeID":"1329242","text":"Asserting","type":"YA","timestamp":"2023-11-09 13:36:36"},{"nodeID":"1329243","text":"Default Transition","type":"TA","timestamp":"2023-11-09 13:36:36"},{"nodeID":"1329244","text":"Default Rephrase","type":"MA","timestamp":"2023-11-09 13:36:36"},{"nodeID":"1329245","text":"Restating","type":"YA","timestamp":"2023-11-09 13:36:36"},{"nodeID":"1329246","text":"housing legislation needs to be looked at depending on different regions","type":"I","timestamp":"2023-11-09 13:36:36"},{"nodeID":"1329247","text":"AudienceMember 20220721QT38: it needs to be looked at different regions","type":"L","timestamp":"2023-11-09 13:36:36"},{"nodeID":"1329248","text":"Analysing","type":"YA","timestamp":"2023-11-09 13:36:36"},{"nodeID":"1329249","text":"Zofia: AudienceMember 20220721QT38: it needs to be looked at different regions","type":"L","timestamp":"2023-11-09 13:36:36"},{"nodeID":"1329250","text":"Asserting","type":"YA","timestamp":"2023-11-09 13:36:36"},{"nodeID":"1329251","text":"Default Transition","type":"TA","timestamp":"2023-11-09 13:36:36"},{"nodeID":"1329252","text":"local people not being able to buy houses in Cornwall isn't completely clearcut","type":"I","timestamp":"2023-11-09 13:36:37"},{"nodeID":"1329253","text":"AudienceMember 20220721QT39: this is completely clearcut","type":"L","timestamp":"2023-11-09 13:36:37"},{"nodeID":"1329254","text":"Analysing","type":"YA","timestamp":"2023-11-09 13:36:37"},{"nodeID":"1329255","text":"Zofia: AudienceMember 20220721QT39: this is completely clearcut","type":"L","timestamp":"2023-11-09 13:36:37"},{"nodeID":"1329256","text":"Asserting","type":"YA","timestamp":"2023-11-09 13:36:37"},{"nodeID":"1329257","text":"Default Conflict","type":"CA","timestamp":"2023-11-09 13:36:37"},{"nodeID":"1329258","text":"Default Transition","type":"TA","timestamp":"2023-11-09 13:36:37"},{"nodeID":"1329259","text":"Disagreeing","type":"YA","timestamp":"2023-11-09 13:36:37"},{"nodeID":"1329260","text":"Devon and Cornwall rely heavily on tourism","type":"I","timestamp":"2023-11-09 13:36:38"},{"nodeID":"1329261","text":"AudienceMember 20220721QT39: Devon and Cornwall rely heavily on tourism","type":"L","timestamp":"2023-11-09 13:36:38"},{"nodeID":"1329262","text":"Analysing","type":"YA","timestamp":"2023-11-09 13:36:38"},{"nodeID":"1329263","text":"Zofia: AudienceMember 20220721QT39: Devon and Cornwall rely heavily on tourism","type":"L","timestamp":"2023-11-09 13:36:38"},{"nodeID":"1329264","text":"Asserting","type":"YA","timestamp":"2023-11-09 13:36:38"},{"nodeID":"1329265","text":"Default Transition","type":"TA","timestamp":"2023-11-09 13:36:38"},{"nodeID":"1329266","text":"Devon and Cornwall rely heavily on the employment that tourism brings","type":"I","timestamp":"2023-11-09 13:36:38"},{"nodeID":"1329267","text":"AudienceMember 20220721QT39: the employment that that brings","type":"L","timestamp":"2023-11-09 13:36:38"},{"nodeID":"1329268","text":"Analysing","type":"YA","timestamp":"2023-11-09 13:36:38"},{"nodeID":"1329269","text":"Zofia: AudienceMember 20220721QT39: the employment that that brings","type":"L","timestamp":"2023-11-09 13:36:38"},{"nodeID":"1329270","text":"Asserting","type":"YA","timestamp":"2023-11-09 13:36:38"},{"nodeID":"1329271","text":"relying on tourism alienates local people not being able buy a house in Cornwall","type":"I","timestamp":"2023-11-09 13:36:39"},{"nodeID":"1329272","text":"AudienceMember 20220721QT39: alienating the whole you know, can't buy a house here","type":"L","timestamp":"2023-11-09 13:36:39"},{"nodeID":"1329273","text":"Analysing","type":"YA","timestamp":"2023-11-09 13:36:39"},{"nodeID":"1329274","text":"Zofia: AudienceMember 20220721QT39: alienating the whole you know, can't buy a house here","type":"L","timestamp":"2023-11-09 13:36:39"},{"nodeID":"1329275","text":"Asserting","type":"YA","timestamp":"2023-11-09 13:36:39"},{"nodeID":"1329276","text":"Default Transition","type":"TA","timestamp":"2023-11-09 13:36:39"},{"nodeID":"1329277","text":"Default Transition","type":"TA","timestamp":"2023-11-09 13:36:39"},{"nodeID":"1329278","text":"Default Inference","type":"RA","timestamp":"2023-11-09 13:36:39"},{"nodeID":"1329279","text":"Arguing","type":"YA","timestamp":"2023-11-09 13:36:39"},{"nodeID":"1329280","text":"Default Inference","type":"RA","timestamp":"2023-11-09 13:36:39"},{"nodeID":"1329281","text":"Arguing","type":"YA","timestamp":"2023-11-09 13:36:39"}],"edges":[{"edgeID":"1743566","fromID":"1329213","toID":"1329212","formEdgeID":null},{"edgeID":"1743567","fromID":"1329214","toID":"1329213","formEdgeID":null},{"edgeID":"1743568","fromID":"1329212","toID":"1329215","formEdgeID":null},{"edgeID":"1743569","fromID":"1329215","toID":"1329211","formEdgeID":null},{"edgeID":"1743570","fromID":"1329218","toID":"1329217","formEdgeID":null},{"edgeID":"1743571","fromID":"1329219","toID":"1329218","formEdgeID":null},{"edgeID":"1743572","fromID":"1329217","toID":"1329220","formEdgeID":null},{"edgeID":"1743573","fromID":"1329220","toID":"1329216","formEdgeID":null},{"edgeID":"1743574","fromID":"1329223","toID":"1329222","formEdgeID":null},{"edgeID":"1743575","fromID":"1329224","toID":"1329223","formEdgeID":null},{"edgeID":"1743576","fromID":"1329222","toID":"1329225","formEdgeID":null},{"edgeID":"1743577","fromID":"1329225","toID":"1329221","formEdgeID":null},{"edgeID":"1743578","fromID":"1329212","toID":"1329226","formEdgeID":null},{"edgeID":"1743579","fromID":"1329226","toID":"1329217","formEdgeID":null},{"edgeID":"1743580","fromID":"1329217","toID":"1329227","formEdgeID":null},{"edgeID":"1743581","fromID":"1329227","toID":"1329222","formEdgeID":null},{"edgeID":"1743582","fromID":"1329216","toID":"1329228","formEdgeID":null},{"edgeID":"1743583","fromID":"1329228","toID":"1329221","formEdgeID":null},{"edgeID":"1743584","fromID":"1329227","toID":"1329229","formEdgeID":null},{"edgeID":"1743585","fromID":"1329229","toID":"1329228","formEdgeID":null},{"edgeID":"1743586","fromID":"1329232","toID":"1329231","formEdgeID":null},{"edgeID":"1743587","fromID":"1329233","toID":"1329232","formEdgeID":null},{"edgeID":"1743588","fromID":"1329231","toID":"1329234","formEdgeID":null},{"edgeID":"1743589","fromID":"1329234","toID":"1329230","formEdgeID":null},{"edgeID":"1743590","fromID":"1329221","toID":"1329235","formEdgeID":null},{"edgeID":"1743591","fromID":"1329235","toID":"1329230","formEdgeID":null},{"edgeID":"1743592","fromID":"1329222","toID":"1329236","formEdgeID":null},{"edgeID":"1743593","fromID":"1329236","toID":"1329231","formEdgeID":null},{"edgeID":"1743594","fromID":"1329236","toID":"1329237","formEdgeID":null},{"edgeID":"1743595","fromID":"1329237","toID":"1329235","formEdgeID":null},{"edgeID":"1743596","fromID":"1329240","toID":"1329239","formEdgeID":null},{"edgeID":"1743597","fromID":"1329241","toID":"1329240","formEdgeID":null},{"edgeID":"1743598","fromID":"1329239","toID":"1329242","formEdgeID":null},{"edgeID":"1743599","fromID":"1329242","toID":"1329238","formEdgeID":null},{"edgeID":"1743600","fromID":"1329231","toID":"1329243","formEdgeID":null},{"edgeID":"1743601","fromID":"1329243","toID":"1329239","formEdgeID":null},{"edgeID":"1743602","fromID":"1329238","toID":"1329244","formEdgeID":null},{"edgeID":"1743603","fromID":"1329244","toID":"1329230","formEdgeID":null},{"edgeID":"1743604","fromID":"1329243","toID":"1329245","formEdgeID":null},{"edgeID":"1743605","fromID":"1329245","toID":"1329244","formEdgeID":null},{"edgeID":"1743606","fromID":"1329248","toID":"1329247","formEdgeID":null},{"edgeID":"1743607","fromID":"1329249","toID":"1329248","formEdgeID":null},{"edgeID":"1743608","fromID":"1329247","toID":"1329250","formEdgeID":null},{"edgeID":"1743609","fromID":"1329250","toID":"1329246","formEdgeID":null},{"edgeID":"1743610","fromID":"1329239","toID":"1329251","formEdgeID":null},{"edgeID":"1743611","fromID":"1329251","toID":"1329247","formEdgeID":null},{"edgeID":"1743612","fromID":"1329254","toID":"1329253","formEdgeID":null},{"edgeID":"1743613","fromID":"1329255","toID":"1329254","formEdgeID":null},{"edgeID":"1743614","fromID":"1329253","toID":"1329256","formEdgeID":null},{"edgeID":"1743615","fromID":"1329256","toID":"1329252","formEdgeID":null},{"edgeID":"1743616","fromID":"1329252","toID":"1329257","formEdgeID":null},{"edgeID":"1743617","fromID":"1329257","toID":"1329221","formEdgeID":null},{"edgeID":"1743618","fromID":"1329222","toID":"1329258","formEdgeID":null},{"edgeID":"1743619","fromID":"1329258","toID":"1329253","formEdgeID":null},{"edgeID":"1743620","fromID":"1329258","toID":"1329259","formEdgeID":null},{"edgeID":"1743621","fromID":"1329259","toID":"1329257","formEdgeID":null},{"edgeID":"1743622","fromID":"1329262","toID":"1329261","formEdgeID":null},{"edgeID":"1743623","fromID":"1329263","toID":"1329262","formEdgeID":null},{"edgeID":"1743624","fromID":"1329261","toID":"1329264","formEdgeID":null},{"edgeID":"1743625","fromID":"1329264","toID":"1329260","formEdgeID":null},{"edgeID":"1743626","fromID":"1329253","toID":"1329265","formEdgeID":null},{"edgeID":"1743627","fromID":"1329265","toID":"1329261","formEdgeID":null},{"edgeID":"1743628","fromID":"1329268","toID":"1329267","formEdgeID":null},{"edgeID":"1743629","fromID":"1329269","toID":"1329268","formEdgeID":null},{"edgeID":"1743630","fromID":"1329267","toID":"1329270","formEdgeID":null},{"edgeID":"1743631","fromID":"1329270","toID":"1329266","formEdgeID":null},{"edgeID":"1743632","fromID":"1329273","toID":"1329272","formEdgeID":null},{"edgeID":"1743633","fromID":"1329274","toID":"1329273","formEdgeID":null},{"edgeID":"1743634","fromID":"1329272","toID":"1329275","formEdgeID":null},{"edgeID":"1743635","fromID":"1329275","toID":"1329271","formEdgeID":null},{"edgeID":"1743636","fromID":"1329253","toID":"1329276","formEdgeID":null},{"edgeID":"1743637","fromID":"1329276","toID":"1329272","formEdgeID":null},{"edgeID":"1743638","fromID":"1329253","toID":"1329277","formEdgeID":null},{"edgeID":"1743639","fromID":"1329277","toID":"1329267","formEdgeID":null},{"edgeID":"1743640","fromID":"1329278","toID":"1329260","formEdgeID":null},{"edgeID":"1743641","fromID":"1329266","toID":"1329278","formEdgeID":null},{"edgeID":"1743642","fromID":"1329279","toID":"1329278","formEdgeID":null},{"edgeID":"1743643","fromID":"1329277","toID":"1329279","formEdgeID":null},{"edgeID":"1743644","fromID":"1329260","toID":"1329280","formEdgeID":null},{"edgeID":"1743645","fromID":"1329280","toID":"1329252","formEdgeID":null},{"edgeID":"1743646","fromID":"1329271","toID":"1329280","formEdgeID":null},{"edgeID":"1743647","fromID":"1329281","toID":"1329280","formEdgeID":null},{"edgeID":"1743648","fromID":"1329276","toID":"1329281","formEdgeID":null}],"locutions":[]}