{"nodes":[{"nodeID":"1325080","text":"there was a meeting with Boris Johnson and Charles Moore and others","type":"I","timestamp":"2023-11-09 13:30:55"},{"nodeID":"1325081","text":"Mary Bousted: there was a meeting with Boris Johnson and Charles Moore and others","type":"L","timestamp":"2023-11-09 13:30:55"},{"nodeID":"1325082","text":"Analysing","type":"YA","timestamp":"2023-11-09 13:30:55"},{"nodeID":"1325083","text":"Zofia: Mary Bousted: there was a meeting with Boris Johnson and Charles Moore and others","type":"L","timestamp":"2023-11-09 13:30:55"},{"nodeID":"1325084","text":"Asserting","type":"YA","timestamp":"2023-11-09 13:30:55"},{"nodeID":"1325085","text":"Boris Johnson, Charles Moore and others decided to get Owen Paterson off","type":"I","timestamp":"2023-11-09 13:30:56"},{"nodeID":"1325086","text":"Mary Bousted: they decided to get Owen Paterson off","type":"L","timestamp":"2023-11-09 13:30:56"},{"nodeID":"1325087","text":"Analysing","type":"YA","timestamp":"2023-11-09 13:30:56"},{"nodeID":"1325088","text":"Zofia: Mary Bousted: they decided to get Owen Paterson off","type":"L","timestamp":"2023-11-09 13:30:56"},{"nodeID":"1325089","text":"Asserting","type":"YA","timestamp":"2023-11-09 13:30:56"},{"nodeID":"1325090","text":"getting Owen Paterson off at a meeting wasn't right","type":"I","timestamp":"2023-11-09 13:30:57"},{"nodeID":"1325091","text":"Mary Bousted: That's not right","type":"L","timestamp":"2023-11-09 13:30:57"},{"nodeID":"1325092","text":"Analysing","type":"YA","timestamp":"2023-11-09 13:30:57"},{"nodeID":"1325093","text":"Zofia: Mary Bousted: That's not right","type":"L","timestamp":"2023-11-09 13:30:57"},{"nodeID":"1325094","text":"Asserting","type":"YA","timestamp":"2023-11-09 13:30:57"},{"nodeID":"1325095","text":"one can't get out of a lobbying scandal by being laid off at a meeting","type":"I","timestamp":"2023-11-09 13:30:57"},{"nodeID":"1325096","text":"Mary Bousted: you can't you know get out of it like that","type":"L","timestamp":"2023-11-09 13:30:57"},{"nodeID":"1325097","text":"Analysing","type":"YA","timestamp":"2023-11-09 13:30:57"},{"nodeID":"1325098","text":"Zofia: Mary Bousted: you can't you know get out of it like that","type":"L","timestamp":"2023-11-09 13:30:57"},{"nodeID":"1325099","text":"Asserting","type":"YA","timestamp":"2023-11-09 13:30:57"},{"nodeID":"1325100","text":"honesty and truth and probity are being dragged through the mud","type":"I","timestamp":"2023-11-09 13:30:58"},{"nodeID":"1325101","text":"Mary Bousted: dragging, honesty and truth and probity through the mud","type":"L","timestamp":"2023-11-09 13:30:58"},{"nodeID":"1325102","text":"Analysing","type":"YA","timestamp":"2023-11-09 13:30:58"},{"nodeID":"1325103","text":"Zofia: Mary Bousted: dragging, honesty and truth and probity through the mud","type":"L","timestamp":"2023-11-09 13:30:58"},{"nodeID":"1325104","text":"Asserting","type":"YA","timestamp":"2023-11-09 13:30:58"},{"nodeID":"1325105","text":"there is a danger of people switching off from politics","type":"I","timestamp":"2023-11-09 13:30:58"},{"nodeID":"1325106","text":"Mary Bousted: the danger is people switch off from politics","type":"L","timestamp":"2023-11-09 13:30:58"},{"nodeID":"1325107","text":"Analysing","type":"YA","timestamp":"2023-11-09 13:30:58"},{"nodeID":"1325108","text":"Zofia: Mary Bousted: the danger is people switch off from politics","type":"L","timestamp":"2023-11-09 13:30:58"},{"nodeID":"1325109","text":"Asserting","type":"YA","timestamp":"2023-11-09 13:30:58"},{"nodeID":"1325110","text":"Default Inference","type":"RA","timestamp":"2023-11-09 13:30:58"},{"nodeID":"1325111","text":"Default Transition","type":"TA","timestamp":"2023-11-09 13:30:58"},{"nodeID":"1325112","text":"Arguing","type":"YA","timestamp":"2023-11-09 13:30:58"},{"nodeID":"1325113","text":"Prime Minister didn't just decide to tie up Owen Paterson, who is a serial liar, with a wider reform","type":"I","timestamp":"2023-11-09 13:30:59"},{"nodeID":"1325114","text":"Mary Bousted: Prime Minister, somebody who is a serial liar, who, and it wasn't that you just decided to tie up Owen Paterson with a wider reform","type":"L","timestamp":"2023-11-09 13:30:59"},{"nodeID":"1325115","text":"Analysing","type":"YA","timestamp":"2023-11-09 13:30:59"},{"nodeID":"1325116","text":"Zofia: Mary Bousted: Prime Minister, somebody who is a serial liar, who, and it wasn't that you just decided to tie up Owen Paterson with a wider reform","type":"L","timestamp":"2023-11-09 13:30:59"},{"nodeID":"1325117","text":"Asserting","type":"YA","timestamp":"2023-11-09 13:30:59"},{"nodeID":"1325118","text":"Default Transition","type":"TA","timestamp":"2023-11-09 13:30:59"},{"nodeID":"1325119","text":"Default Transition","type":"TA","timestamp":"2023-11-09 13:30:59"},{"nodeID":"1325120","text":"Default Transition","type":"TA","timestamp":"2023-11-09 13:30:59"},{"nodeID":"1325121","text":"Default Transition","type":"TA","timestamp":"2023-11-09 13:30:59"},{"nodeID":"1325122","text":"Default Inference","type":"RA","timestamp":"2023-11-09 13:30:59"},{"nodeID":"1325123","text":"Arguing","type":"YA","timestamp":"2023-11-09 13:30:59"},{"nodeID":"1325124","text":"Default Transition","type":"TA","timestamp":"2023-11-09 13:30:59"},{"nodeID":"1325125","text":"politics is serious","type":"I","timestamp":"2023-11-09 13:31:00"},{"nodeID":"1325126","text":"Mary Bousted: Politics is serious","type":"L","timestamp":"2023-11-09 13:31:00"},{"nodeID":"1325127","text":"Analysing","type":"YA","timestamp":"2023-11-09 13:31:00"},{"nodeID":"1325128","text":"Zofia: Mary Bousted: Politics is serious","type":"L","timestamp":"2023-11-09 13:31:00"},{"nodeID":"1325129","text":"Asserting","type":"YA","timestamp":"2023-11-09 13:31:00"},{"nodeID":"1325130","text":"Default Transition","type":"TA","timestamp":"2023-11-09 13:31:00"},{"nodeID":"1325131","text":"whether we like it or not politics affects our daily lives, every day","type":"I","timestamp":"2023-11-09 13:31:00"},{"nodeID":"1325132","text":"Mary Bousted: Whether we like it or not politics affects our daily lives, every day","type":"L","timestamp":"2023-11-09 13:31:00"},{"nodeID":"1325133","text":"Analysing","type":"YA","timestamp":"2023-11-09 13:31:00"},{"nodeID":"1325134","text":"Zofia: Mary Bousted: Whether we like it or not politics affects our daily lives, every day","type":"L","timestamp":"2023-11-09 13:31:00"},{"nodeID":"1325135","text":"Asserting","type":"YA","timestamp":"2023-11-09 13:31:00"},{"nodeID":"1325136","text":"Default Transition","type":"TA","timestamp":"2023-11-09 13:31:00"},{"nodeID":"1325137","text":"we have to have politicians who we can engage with","type":"I","timestamp":"2023-11-09 13:31:01"},{"nodeID":"1325138","text":"Mary Bousted: we have to have politicians who we can engage with","type":"L","timestamp":"2023-11-09 13:31:01"},{"nodeID":"1325139","text":"Analysing","type":"YA","timestamp":"2023-11-09 13:31:01"},{"nodeID":"1325140","text":"Zofia: Mary Bousted: we have to have politicians who we can engage with","type":"L","timestamp":"2023-11-09 13:31:01"},{"nodeID":"1325141","text":"Asserting","type":"YA","timestamp":"2023-11-09 13:31:01"},{"nodeID":"1325142","text":"we have to have politicians who we can trust","type":"I","timestamp":"2023-11-09 13:31:01"},{"nodeID":"1325143","text":"Mary Bousted: who we can trust","type":"L","timestamp":"2023-11-09 13:31:01"},{"nodeID":"1325144","text":"Analysing","type":"YA","timestamp":"2023-11-09 13:31:01"},{"nodeID":"1325145","text":"Zofia: Mary Bousted: who we can trust","type":"L","timestamp":"2023-11-09 13:31:01"},{"nodeID":"1325146","text":"Asserting","type":"YA","timestamp":"2023-11-09 13:31:01"},{"nodeID":"1325147","text":"we have to have politicians who we can respect","type":"I","timestamp":"2023-11-09 13:31:02"},{"nodeID":"1325148","text":"Mary Bousted:  who we can respect","type":"L","timestamp":"2023-11-09 13:31:02"},{"nodeID":"1325149","text":"Analysing","type":"YA","timestamp":"2023-11-09 13:31:02"},{"nodeID":"1325150","text":"Zofia: Mary Bousted:  who we can respect","type":"L","timestamp":"2023-11-09 13:31:02"},{"nodeID":"1325151","text":"Asserting","type":"YA","timestamp":"2023-11-09 13:31:02"},{"nodeID":"1325152","text":"we have to have politicians who we can challenge","type":"I","timestamp":"2023-11-09 13:31:03"},{"nodeID":"1325153","text":"Mary Bousted: who we can challenge","type":"L","timestamp":"2023-11-09 13:31:03"},{"nodeID":"1325154","text":"Analysing","type":"YA","timestamp":"2023-11-09 13:31:03"},{"nodeID":"1325155","text":"Zofia: Mary Bousted: who we can challenge","type":"L","timestamp":"2023-11-09 13:31:03"},{"nodeID":"1325156","text":"Asserting","type":"YA","timestamp":"2023-11-09 13:31:03"},{"nodeID":"1325157","text":"when we are challenging politicians, we have to know that they are to the best of their ability telling us the truth","type":"I","timestamp":"2023-11-09 13:31:03"},{"nodeID":"1325158","text":"Mary Bousted: knowing that when we challenge them, they are to the best of their ability telling us the truth","type":"L","timestamp":"2023-11-09 13:31:03"},{"nodeID":"1325159","text":"Analysing","type":"YA","timestamp":"2023-11-09 13:31:03"},{"nodeID":"1325160","text":"Zofia: Mary Bousted: knowing that when we challenge them, they are to the best of their ability telling us the truth","type":"L","timestamp":"2023-11-09 13:31:03"},{"nodeID":"1325161","text":"Asserting","type":"YA","timestamp":"2023-11-09 13:31:03"},{"nodeID":"1325162","text":"Default Inference","type":"RA","timestamp":"2023-11-09 13:31:03"},{"nodeID":"1325163","text":"Default Transition","type":"TA","timestamp":"2023-11-09 13:31:03"},{"nodeID":"1325164","text":"Arguing","type":"YA","timestamp":"2023-11-09 13:31:03"},{"nodeID":"1325165","text":"Default Transition","type":"TA","timestamp":"2023-11-09 13:31:03"},{"nodeID":"1325166","text":"Default Rephrase","type":"MA","timestamp":"2023-11-09 13:31:03"},{"nodeID":"1325167","text":"Default Rephrase","type":"MA","timestamp":"2023-11-09 13:31:03"},{"nodeID":"1325168","text":"Default Rephrase","type":"MA","timestamp":"2023-11-09 13:31:03"},{"nodeID":"1325169","text":"Restating","type":"YA","timestamp":"2023-11-09 13:31:03"},{"nodeID":"1325170","text":"Default Transition","type":"TA","timestamp":"2023-11-09 13:31:03"},{"nodeID":"1325171","text":"Restating","type":"YA","timestamp":"2023-11-09 13:31:03"},{"nodeID":"1325172","text":"Default Transition","type":"TA","timestamp":"2023-11-09 13:31:03"},{"nodeID":"1325173","text":"Restating","type":"YA","timestamp":"2023-11-09 13:31:03"},{"nodeID":"1325174","text":"Default Rephrase","type":"MA","timestamp":"2023-11-09 13:31:03"},{"nodeID":"1325175","text":"Default Transition","type":"TA","timestamp":"2023-11-09 13:31:03"},{"nodeID":"1325176","text":"Restating","type":"YA","timestamp":"2023-11-09 13:31:03"},{"nodeID":"1325177","text":"Mary Bousted is very, very slow to call someone a liar","type":"I","timestamp":"2023-11-09 13:31:04"},{"nodeID":"1325178","text":"Mary Bousted: I am very, very slow to call someone a liar","type":"L","timestamp":"2023-11-09 13:31:04"},{"nodeID":"1325179","text":"Analysing","type":"YA","timestamp":"2023-11-09 13:31:04"},{"nodeID":"1325180","text":"Zofia: Mary Bousted: I am very, very slow to call someone a liar","type":"L","timestamp":"2023-11-09 13:31:04"},{"nodeID":"1325181","text":"Asserting","type":"YA","timestamp":"2023-11-09 13:31:04"},{"nodeID":"1325182","text":"Default Transition","type":"TA","timestamp":"2023-11-09 13:31:04"},{"nodeID":"1325183","text":"liar is a big word","type":"I","timestamp":"2023-11-09 13:31:04"},{"nodeID":"1325184","text":"Mary Bousted: that's a big word","type":"L","timestamp":"2023-11-09 13:31:04"},{"nodeID":"1325185","text":"Analysing","type":"YA","timestamp":"2023-11-09 13:31:04"},{"nodeID":"1325186","text":"Zofia: Mary Bousted: that's a big word","type":"L","timestamp":"2023-11-09 13:31:04"},{"nodeID":"1325187","text":"Asserting","type":"YA","timestamp":"2023-11-09 13:31:04"},{"nodeID":"1325188","text":"lying is intentional","type":"I","timestamp":"2023-11-09 13:31:05"},{"nodeID":"1325189","text":"Mary Bousted: that's an intentional","type":"L","timestamp":"2023-11-09 13:31:05"},{"nodeID":"1325190","text":"Analysing","type":"YA","timestamp":"2023-11-09 13:31:05"},{"nodeID":"1325191","text":"Zofia: Mary Bousted: that's an intentional","type":"L","timestamp":"2023-11-09 13:31:05"},{"nodeID":"1325192","text":"Asserting","type":"YA","timestamp":"2023-11-09 13:31:05"},{"nodeID":"1325193","text":"lying is done intentionally to deceive","type":"I","timestamp":"2023-11-09 13:31:06"},{"nodeID":"1325194","text":"Mary Bousted: it's intentionally to deceive","type":"L","timestamp":"2023-11-09 13:31:06"},{"nodeID":"1325195","text":"Analysing","type":"YA","timestamp":"2023-11-09 13:31:06"},{"nodeID":"1325196","text":"Zofia: Mary Bousted: it's intentionally to deceive","type":"L","timestamp":"2023-11-09 13:31:06"},{"nodeID":"1325197","text":"Asserting","type":"YA","timestamp":"2023-11-09 13:31:06"},{"nodeID":"1325198","text":"Default Transition","type":"TA","timestamp":"2023-11-09 13:31:06"},{"nodeID":"1325199","text":"Default Rephrase","type":"MA","timestamp":"2023-11-09 13:31:06"},{"nodeID":"1325200","text":"Restating","type":"YA","timestamp":"2023-11-09 13:31:06"},{"nodeID":"1325201","text":"Default Inference","type":"RA","timestamp":"2023-11-09 13:31:06"},{"nodeID":"1325202","text":"Default Transition","type":"TA","timestamp":"2023-11-09 13:31:06"},{"nodeID":"1325203","text":"Arguing","type":"YA","timestamp":"2023-11-09 13:31:06"},{"nodeID":"1325204","text":"Default Transition","type":"TA","timestamp":"2023-11-09 13:31:06"},{"nodeID":"1325205","text":"you can get things wrong, make mistakes and forget","type":"I","timestamp":"2023-11-09 13:31:06"},{"nodeID":"1325206","text":"Mary Bousted: You can get things wrong, make mistakes and forget","type":"L","timestamp":"2023-11-09 13:31:06"},{"nodeID":"1325207","text":"Analysing","type":"YA","timestamp":"2023-11-09 13:31:06"},{"nodeID":"1325208","text":"Zofia: Mary Bousted: You can get things wrong, make mistakes and forget","type":"L","timestamp":"2023-11-09 13:31:06"},{"nodeID":"1325209","text":"Asserting","type":"YA","timestamp":"2023-11-09 13:31:06"},{"nodeID":"1325210","text":"Default Transition","type":"TA","timestamp":"2023-11-09 13:31:06"},{"nodeID":"1325211","text":"we have been led by somebody who has lied and lied again","type":"I","timestamp":"2023-11-09 13:31:07"},{"nodeID":"1325212","text":"Mary Bousted: we have been led by somebody who has lied and lied again","type":"L","timestamp":"2023-11-09 13:31:07"},{"nodeID":"1325213","text":"Analysing","type":"YA","timestamp":"2023-11-09 13:31:07"},{"nodeID":"1325214","text":"Zofia: Mary Bousted: we have been led by somebody who has lied and lied again","type":"L","timestamp":"2023-11-09 13:31:07"},{"nodeID":"1325215","text":"Asserting","type":"YA","timestamp":"2023-11-09 13:31:07"},{"nodeID":"1325216","text":"Default Transition","type":"TA","timestamp":"2023-11-09 13:31:07"},{"nodeID":"1325217","text":"having been led by somebody who has lied and lied again is toxic to the body politic","type":"I","timestamp":"2023-11-09 13:31:07"},{"nodeID":"1325218","text":"Mary Bousted: that's toxic to the body politic","type":"L","timestamp":"2023-11-09 13:31:07"},{"nodeID":"1325219","text":"Analysing","type":"YA","timestamp":"2023-11-09 13:31:07"},{"nodeID":"1325220","text":"Zofia: Mary Bousted: that's toxic to the body politic","type":"L","timestamp":"2023-11-09 13:31:07"},{"nodeID":"1325221","text":"Asserting","type":"YA","timestamp":"2023-11-09 13:31:07"},{"nodeID":"1325222","text":"Default Transition","type":"TA","timestamp":"2023-11-09 13:31:07"},{"nodeID":"1325223","text":"Default Conflict","type":"CA","timestamp":"2023-11-09 13:31:07"},{"nodeID":"1325224","text":"Disagreeing","type":"YA","timestamp":"2023-11-09 13:31:07"}],"edges":[{"edgeID":"1738670","fromID":"1325082","toID":"1325081","formEdgeID":null},{"edgeID":"1738671","fromID":"1325083","toID":"1325082","formEdgeID":null},{"edgeID":"1738672","fromID":"1325081","toID":"1325084","formEdgeID":null},{"edgeID":"1738673","fromID":"1325084","toID":"1325080","formEdgeID":null},{"edgeID":"1738674","fromID":"1325087","toID":"1325086","formEdgeID":null},{"edgeID":"1738675","fromID":"1325088","toID":"1325087","formEdgeID":null},{"edgeID":"1738676","fromID":"1325086","toID":"1325089","formEdgeID":null},{"edgeID":"1738677","fromID":"1325089","toID":"1325085","formEdgeID":null},{"edgeID":"1738678","fromID":"1325092","toID":"1325091","formEdgeID":null},{"edgeID":"1738679","fromID":"1325093","toID":"1325092","formEdgeID":null},{"edgeID":"1738680","fromID":"1325091","toID":"1325094","formEdgeID":null},{"edgeID":"1738681","fromID":"1325094","toID":"1325090","formEdgeID":null},{"edgeID":"1738682","fromID":"1325097","toID":"1325096","formEdgeID":null},{"edgeID":"1738683","fromID":"1325098","toID":"1325097","formEdgeID":null},{"edgeID":"1738684","fromID":"1325096","toID":"1325099","formEdgeID":null},{"edgeID":"1738685","fromID":"1325099","toID":"1325095","formEdgeID":null},{"edgeID":"1738686","fromID":"1325102","toID":"1325101","formEdgeID":null},{"edgeID":"1738687","fromID":"1325103","toID":"1325102","formEdgeID":null},{"edgeID":"1738688","fromID":"1325101","toID":"1325104","formEdgeID":null},{"edgeID":"1738689","fromID":"1325104","toID":"1325100","formEdgeID":null},{"edgeID":"1738690","fromID":"1325107","toID":"1325106","formEdgeID":null},{"edgeID":"1738691","fromID":"1325108","toID":"1325107","formEdgeID":null},{"edgeID":"1738692","fromID":"1325106","toID":"1325109","formEdgeID":null},{"edgeID":"1738693","fromID":"1325109","toID":"1325105","formEdgeID":null},{"edgeID":"1738694","fromID":"1325100","toID":"1325110","formEdgeID":null},{"edgeID":"1738695","fromID":"1325110","toID":"1325105","formEdgeID":null},{"edgeID":"1738696","fromID":"1325101","toID":"1325111","formEdgeID":null},{"edgeID":"1738697","fromID":"1325111","toID":"1325106","formEdgeID":null},{"edgeID":"1738698","fromID":"1325111","toID":"1325112","formEdgeID":null},{"edgeID":"1738699","fromID":"1325112","toID":"1325110","formEdgeID":null},{"edgeID":"1738700","fromID":"1325115","toID":"1325114","formEdgeID":null},{"edgeID":"1738701","fromID":"1325116","toID":"1325115","formEdgeID":null},{"edgeID":"1738702","fromID":"1325114","toID":"1325117","formEdgeID":null},{"edgeID":"1738703","fromID":"1325117","toID":"1325113","formEdgeID":null},{"edgeID":"1738704","fromID":"1325114","toID":"1325118","formEdgeID":null},{"edgeID":"1738705","fromID":"1325118","toID":"1325081","formEdgeID":null},{"edgeID":"1738706","fromID":"1325081","toID":"1325119","formEdgeID":null},{"edgeID":"1738707","fromID":"1325119","toID":"1325086","formEdgeID":null},{"edgeID":"1738708","fromID":"1325086","toID":"1325120","formEdgeID":null},{"edgeID":"1738709","fromID":"1325120","toID":"1325091","formEdgeID":null},{"edgeID":"1738710","fromID":"1325091","toID":"1325121","formEdgeID":null},{"edgeID":"1738711","fromID":"1325121","toID":"1325096","formEdgeID":null},{"edgeID":"1738712","fromID":"1325095","toID":"1325122","formEdgeID":null},{"edgeID":"1738713","fromID":"1325122","toID":"1325090","formEdgeID":null},{"edgeID":"1738714","fromID":"1325121","toID":"1325123","formEdgeID":null},{"edgeID":"1738715","fromID":"1325123","toID":"1325122","formEdgeID":null},{"edgeID":"1738716","fromID":"1325096","toID":"1325124","formEdgeID":null},{"edgeID":"1738717","fromID":"1325124","toID":"1325101","formEdgeID":null},{"edgeID":"1738718","fromID":"1325127","toID":"1325126","formEdgeID":null},{"edgeID":"1738719","fromID":"1325128","toID":"1325127","formEdgeID":null},{"edgeID":"1738720","fromID":"1325126","toID":"1325129","formEdgeID":null},{"edgeID":"1738721","fromID":"1325129","toID":"1325125","formEdgeID":null},{"edgeID":"1738722","fromID":"1325106","toID":"1325130","formEdgeID":null},{"edgeID":"1738723","fromID":"1325130","toID":"1325126","formEdgeID":null},{"edgeID":"1738724","fromID":"1325133","toID":"1325132","formEdgeID":null},{"edgeID":"1738725","fromID":"1325134","toID":"1325133","formEdgeID":null},{"edgeID":"1738726","fromID":"1325132","toID":"1325135","formEdgeID":null},{"edgeID":"1738727","fromID":"1325135","toID":"1325131","formEdgeID":null},{"edgeID":"1738728","fromID":"1325126","toID":"1325136","formEdgeID":null},{"edgeID":"1738729","fromID":"1325136","toID":"1325132","formEdgeID":null},{"edgeID":"1738730","fromID":"1325139","toID":"1325138","formEdgeID":null},{"edgeID":"1738731","fromID":"1325140","toID":"1325139","formEdgeID":null},{"edgeID":"1738732","fromID":"1325138","toID":"1325141","formEdgeID":null},{"edgeID":"1738733","fromID":"1325141","toID":"1325137","formEdgeID":null},{"edgeID":"1738734","fromID":"1325144","toID":"1325143","formEdgeID":null},{"edgeID":"1738735","fromID":"1325145","toID":"1325144","formEdgeID":null},{"edgeID":"1738736","fromID":"1325143","toID":"1325146","formEdgeID":null},{"edgeID":"1738737","fromID":"1325146","toID":"1325142","formEdgeID":null},{"edgeID":"1738738","fromID":"1325149","toID":"1325148","formEdgeID":null},{"edgeID":"1738739","fromID":"1325150","toID":"1325149","formEdgeID":null},{"edgeID":"1738740","fromID":"1325148","toID":"1325151","formEdgeID":null},{"edgeID":"1738741","fromID":"1325151","toID":"1325147","formEdgeID":null},{"edgeID":"1738742","fromID":"1325154","toID":"1325153","formEdgeID":null},{"edgeID":"1738743","fromID":"1325155","toID":"1325154","formEdgeID":null},{"edgeID":"1738744","fromID":"1325153","toID":"1325156","formEdgeID":null},{"edgeID":"1738745","fromID":"1325156","toID":"1325152","formEdgeID":null},{"edgeID":"1738746","fromID":"1325159","toID":"1325158","formEdgeID":null},{"edgeID":"1738747","fromID":"1325160","toID":"1325159","formEdgeID":null},{"edgeID":"1738748","fromID":"1325158","toID":"1325161","formEdgeID":null},{"edgeID":"1738749","fromID":"1325161","toID":"1325157","formEdgeID":null},{"edgeID":"1738750","fromID":"1325125","toID":"1325162","formEdgeID":null},{"edgeID":"1738751","fromID":"1325162","toID":"1325137","formEdgeID":null},{"edgeID":"1738752","fromID":"1325131","toID":"1325162","formEdgeID":null},{"edgeID":"1738753","fromID":"1325126","toID":"1325163","formEdgeID":null},{"edgeID":"1738754","fromID":"1325163","toID":"1325138","formEdgeID":null},{"edgeID":"1738755","fromID":"1325163","toID":"1325164","formEdgeID":null},{"edgeID":"1738756","fromID":"1325164","toID":"1325162","formEdgeID":null},{"edgeID":"1738757","fromID":"1325138","toID":"1325165","formEdgeID":null},{"edgeID":"1738758","fromID":"1325165","toID":"1325143","formEdgeID":null},{"edgeID":"1738759","fromID":"1325142","toID":"1325166","formEdgeID":null},{"edgeID":"1738760","fromID":"1325166","toID":"1325137","formEdgeID":null},{"edgeID":"1738761","fromID":"1325147","toID":"1325167","formEdgeID":null},{"edgeID":"1738762","fromID":"1325167","toID":"1325142","formEdgeID":null},{"edgeID":"1738763","fromID":"1325152","toID":"1325168","formEdgeID":null},{"edgeID":"1738764","fromID":"1325168","toID":"1325147","formEdgeID":null},{"edgeID":"1738765","fromID":"1325165","toID":"1325169","formEdgeID":null},{"edgeID":"1738766","fromID":"1325169","toID":"1325166","formEdgeID":null},{"edgeID":"1738767","fromID":"1325143","toID":"1325170","formEdgeID":null},{"edgeID":"1738768","fromID":"1325170","toID":"1325148","formEdgeID":null},{"edgeID":"1738769","fromID":"1325170","toID":"1325171","formEdgeID":null},{"edgeID":"1738770","fromID":"1325171","toID":"1325167","formEdgeID":null},{"edgeID":"1738771","fromID":"1325148","toID":"1325172","formEdgeID":null},{"edgeID":"1738772","fromID":"1325172","toID":"1325153","formEdgeID":null},{"edgeID":"1738773","fromID":"1325172","toID":"1325173","formEdgeID":null},{"edgeID":"1738774","fromID":"1325173","toID":"1325168","formEdgeID":null},{"edgeID":"1738775","fromID":"1325157","toID":"1325174","formEdgeID":null},{"edgeID":"1738776","fromID":"1325174","toID":"1325152","formEdgeID":null},{"edgeID":"1738777","fromID":"1325153","toID":"1325175","formEdgeID":null},{"edgeID":"1738778","fromID":"1325175","toID":"1325158","formEdgeID":null},{"edgeID":"1738779","fromID":"1325175","toID":"1325176","formEdgeID":null},{"edgeID":"1738780","fromID":"1325176","toID":"1325174","formEdgeID":null},{"edgeID":"1738781","fromID":"1325179","toID":"1325178","formEdgeID":null},{"edgeID":"1738782","fromID":"1325180","toID":"1325179","formEdgeID":null},{"edgeID":"1738783","fromID":"1325178","toID":"1325181","formEdgeID":null},{"edgeID":"1738784","fromID":"1325181","toID":"1325177","formEdgeID":null},{"edgeID":"1738785","fromID":"1325158","toID":"1325182","formEdgeID":null},{"edgeID":"1738786","fromID":"1325182","toID":"1325178","formEdgeID":null},{"edgeID":"1738787","fromID":"1325185","toID":"1325184","formEdgeID":null},{"edgeID":"1738788","fromID":"1325186","toID":"1325185","formEdgeID":null},{"edgeID":"1738789","fromID":"1325184","toID":"1325187","formEdgeID":null},{"edgeID":"1738790","fromID":"1325187","toID":"1325183","formEdgeID":null},{"edgeID":"1738791","fromID":"1325190","toID":"1325189","formEdgeID":null},{"edgeID":"1738792","fromID":"1325191","toID":"1325190","formEdgeID":null},{"edgeID":"1738793","fromID":"1325189","toID":"1325192","formEdgeID":null},{"edgeID":"1738794","fromID":"1325192","toID":"1325188","formEdgeID":null},{"edgeID":"1738795","fromID":"1325195","toID":"1325194","formEdgeID":null},{"edgeID":"1738796","fromID":"1325196","toID":"1325195","formEdgeID":null},{"edgeID":"1738797","fromID":"1325194","toID":"1325197","formEdgeID":null},{"edgeID":"1738798","fromID":"1325197","toID":"1325193","formEdgeID":null},{"edgeID":"1738799","fromID":"1325189","toID":"1325198","formEdgeID":null},{"edgeID":"1738800","fromID":"1325198","toID":"1325194","formEdgeID":null},{"edgeID":"1738801","fromID":"1325193","toID":"1325199","formEdgeID":null},{"edgeID":"1738802","fromID":"1325199","toID":"1325188","formEdgeID":null},{"edgeID":"1738803","fromID":"1325198","toID":"1325200","formEdgeID":null},{"edgeID":"1738804","fromID":"1325200","toID":"1325199","formEdgeID":null},{"edgeID":"1738805","fromID":"1325188","toID":"1325201","formEdgeID":null},{"edgeID":"1738806","fromID":"1325201","toID":"1325177","formEdgeID":null},{"edgeID":"1738807","fromID":"1325183","toID":"1325201","formEdgeID":null},{"edgeID":"1738808","fromID":"1325178","toID":"1325202","formEdgeID":null},{"edgeID":"1738809","fromID":"1325202","toID":"1325189","formEdgeID":null},{"edgeID":"1738810","fromID":"1325202","toID":"1325203","formEdgeID":null},{"edgeID":"1738811","fromID":"1325203","toID":"1325201","formEdgeID":null},{"edgeID":"1738812","fromID":"1325178","toID":"1325204","formEdgeID":null},{"edgeID":"1738813","fromID":"1325204","toID":"1325184","formEdgeID":null},{"edgeID":"1738814","fromID":"1325207","toID":"1325206","formEdgeID":null},{"edgeID":"1738815","fromID":"1325208","toID":"1325207","formEdgeID":null},{"edgeID":"1738816","fromID":"1325206","toID":"1325209","formEdgeID":null},{"edgeID":"1738817","fromID":"1325209","toID":"1325205","formEdgeID":null},{"edgeID":"1738818","fromID":"1325194","toID":"1325210","formEdgeID":null},{"edgeID":"1738819","fromID":"1325210","toID":"1325206","formEdgeID":null},{"edgeID":"1738820","fromID":"1325213","toID":"1325212","formEdgeID":null},{"edgeID":"1738821","fromID":"1325214","toID":"1325213","formEdgeID":null},{"edgeID":"1738822","fromID":"1325212","toID":"1325215","formEdgeID":null},{"edgeID":"1738823","fromID":"1325215","toID":"1325211","formEdgeID":null},{"edgeID":"1738824","fromID":"1325206","toID":"1325216","formEdgeID":null},{"edgeID":"1738825","fromID":"1325216","toID":"1325212","formEdgeID":null},{"edgeID":"1738826","fromID":"1325219","toID":"1325218","formEdgeID":null},{"edgeID":"1738827","fromID":"1325220","toID":"1325219","formEdgeID":null},{"edgeID":"1738828","fromID":"1325218","toID":"1325221","formEdgeID":null},{"edgeID":"1738829","fromID":"1325221","toID":"1325217","formEdgeID":null},{"edgeID":"1738830","fromID":"1325212","toID":"1325222","formEdgeID":null},{"edgeID":"1738831","fromID":"1325222","toID":"1325218","formEdgeID":null},{"edgeID":"1738832","fromID":"1325090","toID":"1325223","formEdgeID":null},{"edgeID":"1738833","fromID":"1325223","toID":"1325085","formEdgeID":null},{"edgeID":"1738834","fromID":"1325120","toID":"1325224","formEdgeID":null},{"edgeID":"1738835","fromID":"1325224","toID":"1325223","formEdgeID":null}],"locutions":[]}