{"nodes":[{"nodeID":"1149275","text":"the biggest concern is moving forward","type":"I","timestamp":"2023-04-20 19:24:24"},{"nodeID":"1149294","text":"a lot of the people are standing now for this candidate leadership","type":"I","timestamp":"2023-04-20 19:24:29"},{"nodeID":"1149338","text":"AudienceMember 20220721QT18 will stand for Prime Minister","type":"I","timestamp":"2023-04-20 19:24:40"},{"nodeID":"1149346","text":"AudienceMember 20220721QT18 stepped away a week ago","type":"I","timestamp":"2023-04-20 19:24:43"},{"nodeID":"1149369","text":"the Labour Party are fabulous at criticising","type":"I","timestamp":"2023-04-20 19:24:48"},{"nodeID":"1149379","text":"the Labour Party don't come up with any ideas","type":"I","timestamp":"2023-04-20 19:24:51"},{"nodeID":"1325354","text":"AudienceMember 20220721QT18: the biggest concern is moving forward","type":"L","timestamp":"2023-11-09 13:31:19"},{"nodeID":"1325355","text":"Anon: AudienceMember 20220721QT18: the biggest concern is moving forward","type":"L","timestamp":"2023-11-09 13:31:19"},{"nodeID":"1325356","text":"Analysing","type":"YA","timestamp":"2023-11-09 13:31:19"},{"nodeID":"1325357","text":"Asserting","type":"YA","timestamp":"2023-11-09 13:31:19"},{"nodeID":"1325358","text":"tonight is showing, there's still a little bit of sniping going on between the two parties","type":"I","timestamp":"2023-11-09 13:31:20"},{"nodeID":"1325359","text":"AudienceMember 20220721QT18: tonight is showing, there's still a little bit of sniping going on between the two parties","type":"L","timestamp":"2023-11-09 13:31:20"},{"nodeID":"1325360","text":"Analysing","type":"YA","timestamp":"2023-11-09 13:31:20"},{"nodeID":"1325361","text":"Anon: AudienceMember 20220721QT18: tonight is showing, there's still a little bit of sniping going on between the two parties","type":"L","timestamp":"2023-11-09 13:31:20"},{"nodeID":"1325362","text":"Asserting","type":"YA","timestamp":"2023-11-09 13:31:20"},{"nodeID":"1325363","text":"Default Transition","type":"TA","timestamp":"2023-11-09 13:31:20"},{"nodeID":"1325364","text":"Default Inference","type":"RA","timestamp":"2023-11-09 13:31:20"},{"nodeID":"1325365","text":"Arguing","type":"YA","timestamp":"2023-11-09 13:31:20"},{"nodeID":"1325366","text":"AudienceMember 20220721QT18: a lot of the people are standing now for this candidate leadership","type":"L","timestamp":"2023-11-09 13:31:20"},{"nodeID":"1325367","text":"Analysing","type":"YA","timestamp":"2023-11-09 13:31:20"},{"nodeID":"1325368","text":"Anon: AudienceMember 20220721QT18: a lot of the people are standing now for this candidate leadership","type":"L","timestamp":"2023-11-09 13:31:20"},{"nodeID":"1325369","text":"Asserting","type":"YA","timestamp":"2023-11-09 13:31:20"},{"nodeID":"1325370","text":"Default Transition","type":"TA","timestamp":"2023-11-09 13:31:20"},{"nodeID":"1325371","text":"three weeks ago, the people who are standing now for this candidate leadership, were voting to keep Boris Johnson in","type":"I","timestamp":"2023-11-09 13:31:21"},{"nodeID":"1325372","text":"AudienceMember 20220721QT18: three weeks ago, they were voting to keep Boris in","type":"L","timestamp":"2023-11-09 13:31:21"},{"nodeID":"1325373","text":"Analysing","type":"YA","timestamp":"2023-11-09 13:31:21"},{"nodeID":"1325374","text":"Anon: AudienceMember 20220721QT18: three weeks ago, they were voting to keep Boris in","type":"L","timestamp":"2023-11-09 13:31:21"},{"nodeID":"1325375","text":"Asserting","type":"YA","timestamp":"2023-11-09 13:31:21"},{"nodeID":"1325376","text":"Default Transition","type":"TA","timestamp":"2023-11-09 13:31:21"},{"nodeID":"1325377","text":"Default Conflict","type":"CA","timestamp":"2023-11-09 13:31:21"},{"nodeID":"1325378","text":"Disagreeing","type":"YA","timestamp":"2023-11-09 13:31:21"},{"nodeID":"1325379","text":"then we will step away and start a new mandate and work out we are nothing to do with it","type":"I","timestamp":"2023-11-09 13:31:21"},{"nodeID":"1325380","text":"AudienceMember 20220721QT18: Then we will step away and start a new mandate and work out we are nothing to do with it","type":"L","timestamp":"2023-11-09 13:31:21"},{"nodeID":"1325381","text":"Anon: AudienceMember 20220721QT18: Then we will step away and start a new mandate and work out we are nothing to do with it","type":"L","timestamp":"2023-11-09 13:31:21"},{"nodeID":"1325382","text":"Analysing","type":"YA","timestamp":"2023-11-09 13:31:21"},{"nodeID":"1325383","text":"Asserting","type":"YA","timestamp":"2023-11-09 13:31:21"},{"nodeID":"1325384","text":"Default Rephrase","type":"MA","timestamp":"2023-11-09 13:31:21"},{"nodeID":"1325385","text":"Default Transition","type":"TA","timestamp":"2023-11-09 13:31:21"},{"nodeID":"1325386","text":"Restating","type":"YA","timestamp":"2023-11-09 13:31:21"},{"nodeID":"1325387","text":"AudienceMember 20220721QT18: I will stand for Prime Minister","type":"L","timestamp":"2023-11-09 13:31:22"},{"nodeID":"1325388","text":"Analysing","type":"YA","timestamp":"2023-11-09 13:31:22"},{"nodeID":"1325389","text":"Anon: AudienceMember 20220721QT18: I will stand for Prime Minister","type":"L","timestamp":"2023-11-09 13:31:22"},{"nodeID":"1325390","text":"Asserting","type":"YA","timestamp":"2023-11-09 13:31:22"},{"nodeID":"1325391","text":"Default Transition","type":"TA","timestamp":"2023-11-09 13:31:22"},{"nodeID":"1325392","text":"AudienceMember 20220721QT18: I stepped away a week ago","type":"L","timestamp":"2023-11-09 13:31:23"},{"nodeID":"1325393","text":"Analysing","type":"YA","timestamp":"2023-11-09 13:31:23"},{"nodeID":"1325394","text":"Anon: AudienceMember 20220721QT18: I stepped away a week ago","type":"L","timestamp":"2023-11-09 13:31:23"},{"nodeID":"1325395","text":"Asserting","type":"YA","timestamp":"2023-11-09 13:31:23"},{"nodeID":"1325396","text":"Default Transition","type":"TA","timestamp":"2023-11-09 13:31:23"},{"nodeID":"1325397","text":"people in the public noticed that AudienceMember 20220721QT18 had anything to do with Boris Johnson","type":"I","timestamp":"2023-11-09 13:31:23"},{"nodeID":"1325398","text":"AudienceMember 20220721QT18: people in the Public Noticed that I had anything to do with Boris","type":"L","timestamp":"2023-11-09 13:31:23"},{"nodeID":"1325399","text":"Analysing","type":"YA","timestamp":"2023-11-09 13:31:23"},{"nodeID":"1325400","text":"Anon: AudienceMember 20220721QT18: people in the Public Noticed that I had anything to do with Boris","type":"L","timestamp":"2023-11-09 13:31:23"},{"nodeID":"1325401","text":"Asserting","type":"YA","timestamp":"2023-11-09 13:31:23"},{"nodeID":"1325402","text":"Default Inference","type":"RA","timestamp":"2023-11-09 13:31:23"},{"nodeID":"1325403","text":"Default Transition","type":"TA","timestamp":"2023-11-09 13:31:23"},{"nodeID":"1325404","text":"Arguing","type":"YA","timestamp":"2023-11-09 13:31:23"},{"nodeID":"1325405","text":"Default Rephrase","type":"MA","timestamp":"2023-11-09 13:31:23"},{"nodeID":"1325406","text":"Restating","type":"YA","timestamp":"2023-11-09 13:31:23"},{"nodeID":"1325407","text":"the public noticing that AudienceMember 20220721QT18 had anything to do with Boris Johnson is a major concern","type":"I","timestamp":"2023-11-09 13:31:24"},{"nodeID":"1325408","text":"AudienceMember 20220721QT18: That's a major concern","type":"L","timestamp":"2023-11-09 13:31:24"},{"nodeID":"1325409","text":"Analysing","type":"YA","timestamp":"2023-11-09 13:31:24"},{"nodeID":"1325410","text":"Anon: AudienceMember 20220721QT18: That's a major concern","type":"L","timestamp":"2023-11-09 13:31:24"},{"nodeID":"1325411","text":"Asserting","type":"YA","timestamp":"2023-11-09 13:31:24"},{"nodeID":"1325412","text":"Default Transition","type":"TA","timestamp":"2023-11-09 13:31:24"},{"nodeID":"1325413","text":"bickering amongst your party, and criticism by the Labour Party","type":"I","timestamp":"2023-11-09 13:31:24"},{"nodeID":"1325414","text":"AudienceMember 20220721QT18: bickering amongst your party, and I think criticism by the Labour Party","type":"L","timestamp":"2023-11-09 13:31:24"},{"nodeID":"1325415","text":"Analysing","type":"YA","timestamp":"2023-11-09 13:31:24"},{"nodeID":"1325416","text":"Anon: AudienceMember 20220721QT18: bickering amongst your party, and I think criticism by the Labour Party","type":"L","timestamp":"2023-11-09 13:31:24"},{"nodeID":"1325417","text":"Asserting","type":"YA","timestamp":"2023-11-09 13:31:24"},{"nodeID":"1325418","text":"Default Transition","type":"TA","timestamp":"2023-11-09 13:31:24"},{"nodeID":"1325419","text":"AudienceMember 20220721QT18: the Labour Party are fabulous at criticising","type":"L","timestamp":"2023-11-09 13:31:25"},{"nodeID":"1325420","text":"Analysing","type":"YA","timestamp":"2023-11-09 13:31:25"},{"nodeID":"1325421","text":"Anon: AudienceMember 20220721QT18: the Labour Party are fabulous at criticising","type":"L","timestamp":"2023-11-09 13:31:25"},{"nodeID":"1325422","text":"Asserting","type":"YA","timestamp":"2023-11-09 13:31:25"},{"nodeID":"1325423","text":"Default Transition","type":"TA","timestamp":"2023-11-09 13:31:25"},{"nodeID":"1325424","text":"Default Rephrase","type":"MA","timestamp":"2023-11-09 13:31:25"},{"nodeID":"1325425","text":"Restating","type":"YA","timestamp":"2023-11-09 13:31:25"},{"nodeID":"1325426","text":"AudienceMember 20220721QT18: they don't come up with any ideas","type":"L","timestamp":"2023-11-09 13:31:26"},{"nodeID":"1325427","text":"Analysing","type":"YA","timestamp":"2023-11-09 13:31:26"},{"nodeID":"1325428","text":"Anon: AudienceMember 20220721QT18: they don't come up with any ideas","type":"L","timestamp":"2023-11-09 13:31:26"},{"nodeID":"1325429","text":"Asserting","type":"YA","timestamp":"2023-11-09 13:31:26"},{"nodeID":"1325430","text":"Default Transition","type":"TA","timestamp":"2023-11-09 13:31:26"},{"nodeID":"1325431","text":"Default Conflict","type":"CA","timestamp":"2023-11-09 13:31:26"},{"nodeID":"1325432","text":"Disagreeing","type":"YA","timestamp":"2023-11-09 13:31:26"},{"nodeID":"1325433","text":"the government are doing this wrong","type":"I","timestamp":"2023-11-09 13:31:26"},{"nodeID":"1325434","text":"AudienceMember 20220721QT18: You are doing this wrong","type":"L","timestamp":"2023-11-09 13:31:26"},{"nodeID":"1325435","text":"Anon: AudienceMember 20220721QT18: You are doing this wrong","type":"L","timestamp":"2023-11-09 13:31:26"},{"nodeID":"1325436","text":"Analysing","type":"YA","timestamp":"2023-11-09 13:31:26"},{"nodeID":"1325437","text":"Asserting","type":"YA","timestamp":"2023-11-09 13:31:26"},{"nodeID":"1325438","text":"Default Transition","type":"TA","timestamp":"2023-11-09 13:31:26"},{"nodeID":"1325439","text":"the next worry is if you get in, we don't know that we are now not going to be bogged down for the next six months with an investigation into this one and he said and she said and they were doing this and more muck-raking between the parties","type":"I","timestamp":"2023-11-09 13:31:27"},{"nodeID":"1325440","text":"AudienceMember 20220721QT18: the next worry is if you get in, how do we know that we are now not going to be bogged down for the next six months with an investigation into this one and he said and she said and they were doing this and more muck-raking between the parties","type":"L","timestamp":"2023-11-09 13:31:27"},{"nodeID":"1325441","text":"Analysing","type":"YA","timestamp":"2023-11-09 13:31:27"},{"nodeID":"1325442","text":"Anon: AudienceMember 20220721QT18: the next worry is if you get in, how do we know that we are now not going to be bogged down for the next six months with an investigation into this one and he said and she said and they were doing this and more muck-raking between the parties","type":"L","timestamp":"2023-11-09 13:31:27"},{"nodeID":"1325443","text":"Assertive Questioning","type":"YA","timestamp":"2023-11-09 13:31:27"},{"nodeID":"1325444","text":"Default Transition","type":"TA","timestamp":"2023-11-09 13:31:27"},{"nodeID":"1325445","text":"Default Inference","type":"RA","timestamp":"2023-11-09 13:31:27"},{"nodeID":"1325446","text":"Arguing","type":"YA","timestamp":"2023-11-09 13:31:27"},{"nodeID":"1325447","text":"we need to know that who is going into power is actually going to win-back the trust of the British people that they are going to start doing a job","type":"I","timestamp":"2023-11-09 13:31:27"},{"nodeID":"1325448","text":"AudienceMember 20220721QT18: We need to know that who is going into power is actually going to win-back the trust of the British people that they are going to start doing a job","type":"L","timestamp":"2023-11-09 13:31:27"},{"nodeID":"1325449","text":"Analysing","type":"YA","timestamp":"2023-11-09 13:31:27"},{"nodeID":"1325450","text":"Anon: AudienceMember 20220721QT18: We need to know that who is going into power is actually going to win-back the trust of the British people that they are going to start doing a job","type":"L","timestamp":"2023-11-09 13:31:27"},{"nodeID":"1325451","text":"Asserting","type":"YA","timestamp":"2023-11-09 13:31:27"},{"nodeID":"1325452","text":"Default Transition","type":"TA","timestamp":"2023-11-09 13:31:27"},{"nodeID":"1325453","text":"Default Inference","type":"RA","timestamp":"2023-11-09 13:31:27"},{"nodeID":"1325454","text":"Arguing","type":"YA","timestamp":"2023-11-09 13:31:27"},{"nodeID":"1325455","text":"what the government need to do is lots of little adjustments to the problems, and the issues that this country has, and create a domino effect, and get Great Britain back on track","type":"I","timestamp":"2023-11-09 13:31:28"},{"nodeID":"1325456","text":"AudienceMember 20220721QT18: what they need to do is lots of little adjustments to the problems, and the issues that this country has, and create a domino effect, and get Great Britain back on track","type":"L","timestamp":"2023-11-09 13:31:28"},{"nodeID":"1325457","text":"Anon: AudienceMember 20220721QT18: what they need to do is lots of little adjustments to the problems, and the issues that this country has, and create a domino effect, and get Great Britain back on track","type":"L","timestamp":"2023-11-09 13:31:28"},{"nodeID":"1325458","text":"Analysing","type":"YA","timestamp":"2023-11-09 13:31:28"},{"nodeID":"1325459","text":"Asserting","type":"YA","timestamp":"2023-11-09 13:31:28"},{"nodeID":"1325460","text":"Default Transition","type":"TA","timestamp":"2023-11-09 13:31:28"},{"nodeID":"1325461","text":"Default Rephrase","type":"MA","timestamp":"2023-11-09 13:31:28"},{"nodeID":"1325462","text":"Restating","type":"YA","timestamp":"2023-11-09 13:31:28"}],"edges":[{"edgeID":"1738982","fromID":"1325356","toID":"1325354","formEdgeID":null},{"edgeID":"1738983","fromID":"1325355","toID":"1325356","formEdgeID":null},{"edgeID":"1738984","fromID":"1325354","toID":"1325357","formEdgeID":null},{"edgeID":"1738985","fromID":"1325357","toID":"1149275","formEdgeID":null},{"edgeID":"1738986","fromID":"1325361","toID":"1325360","formEdgeID":null},{"edgeID":"1738987","fromID":"1325360","toID":"1325359","formEdgeID":null},{"edgeID":"1738988","fromID":"1325359","toID":"1325362","formEdgeID":null},{"edgeID":"1738989","fromID":"1325362","toID":"1325358","formEdgeID":null},{"edgeID":"1738990","fromID":"1325354","toID":"1325363","formEdgeID":null},{"edgeID":"1738991","fromID":"1325363","toID":"1325359","formEdgeID":null},{"edgeID":"1738992","fromID":"1325358","toID":"1325364","formEdgeID":null},{"edgeID":"1738993","fromID":"1325364","toID":"1149275","formEdgeID":null},{"edgeID":"1738994","fromID":"1325363","toID":"1325365","formEdgeID":null},{"edgeID":"1738995","fromID":"1325365","toID":"1325364","formEdgeID":null},{"edgeID":"1738996","fromID":"1325367","toID":"1325366","formEdgeID":null},{"edgeID":"1738997","fromID":"1325368","toID":"1325367","formEdgeID":null},{"edgeID":"1738998","fromID":"1325366","toID":"1325369","formEdgeID":null},{"edgeID":"1738999","fromID":"1325369","toID":"1149294","formEdgeID":null},{"edgeID":"1739000","fromID":"1325359","toID":"1325370","formEdgeID":null},{"edgeID":"1739001","fromID":"1325370","toID":"1325366","formEdgeID":null},{"edgeID":"1739002","fromID":"1325373","toID":"1325372","formEdgeID":null},{"edgeID":"1739003","fromID":"1325374","toID":"1325373","formEdgeID":null},{"edgeID":"1739004","fromID":"1325372","toID":"1325375","formEdgeID":null},{"edgeID":"1739005","fromID":"1325375","toID":"1325371","formEdgeID":null},{"edgeID":"1739006","fromID":"1325376","toID":"1325372","formEdgeID":null},{"edgeID":"1739007","fromID":"1325366","toID":"1325376","formEdgeID":null},{"edgeID":"1739008","fromID":"1325377","toID":"1149294","formEdgeID":null},{"edgeID":"1739009","fromID":"1325371","toID":"1325377","formEdgeID":null},{"edgeID":"1739010","fromID":"1325378","toID":"1325377","formEdgeID":null},{"edgeID":"1739011","fromID":"1325376","toID":"1325378","formEdgeID":null},{"edgeID":"1739012","fromID":"1325382","toID":"1325380","formEdgeID":null},{"edgeID":"1739013","fromID":"1325381","toID":"1325382","formEdgeID":null},{"edgeID":"1739014","fromID":"1325380","toID":"1325383","formEdgeID":null},{"edgeID":"1739015","fromID":"1325383","toID":"1325379","formEdgeID":null},{"edgeID":"1739016","fromID":"1325379","toID":"1325384","formEdgeID":null},{"edgeID":"1739017","fromID":"1325384","toID":"1149294","formEdgeID":null},{"edgeID":"1739018","fromID":"1325366","toID":"1325385","formEdgeID":null},{"edgeID":"1739019","fromID":"1325385","toID":"1325380","formEdgeID":null},{"edgeID":"1739020","fromID":"1325385","toID":"1325386","formEdgeID":null},{"edgeID":"1739021","fromID":"1325386","toID":"1325384","formEdgeID":null},{"edgeID":"1739022","fromID":"1325388","toID":"1325387","formEdgeID":null},{"edgeID":"1739023","fromID":"1325389","toID":"1325388","formEdgeID":null},{"edgeID":"1739024","fromID":"1325387","toID":"1325390","formEdgeID":null},{"edgeID":"1739025","fromID":"1325390","toID":"1149338","formEdgeID":null},{"edgeID":"1739026","fromID":"1325380","toID":"1325391","formEdgeID":null},{"edgeID":"1739027","fromID":"1325391","toID":"1325387","formEdgeID":null},{"edgeID":"1739028","fromID":"1325393","toID":"1325392","formEdgeID":null},{"edgeID":"1739029","fromID":"1325394","toID":"1325393","formEdgeID":null},{"edgeID":"1739030","fromID":"1325392","toID":"1325395","formEdgeID":null},{"edgeID":"1739031","fromID":"1325395","toID":"1149346","formEdgeID":null},{"edgeID":"1739032","fromID":"1325387","toID":"1325396","formEdgeID":null},{"edgeID":"1739033","fromID":"1325396","toID":"1325392","formEdgeID":null},{"edgeID":"1739034","fromID":"1325399","toID":"1325398","formEdgeID":null},{"edgeID":"1739035","fromID":"1325400","toID":"1325399","formEdgeID":null},{"edgeID":"1739036","fromID":"1325398","toID":"1325401","formEdgeID":null},{"edgeID":"1739037","fromID":"1325401","toID":"1325397","formEdgeID":null},{"edgeID":"1739038","fromID":"1325402","toID":"1325397","formEdgeID":null},{"edgeID":"1739039","fromID":"1149346","toID":"1325402","formEdgeID":null},{"edgeID":"1739040","fromID":"1325392","toID":"1325403","formEdgeID":null},{"edgeID":"1739041","fromID":"1325403","toID":"1325398","formEdgeID":null},{"edgeID":"1739042","fromID":"1325403","toID":"1325404","formEdgeID":null},{"edgeID":"1739043","fromID":"1325404","toID":"1325402","formEdgeID":null},{"edgeID":"1739044","fromID":"1149346","toID":"1325405","formEdgeID":null},{"edgeID":"1739045","fromID":"1325405","toID":"1149338","formEdgeID":null},{"edgeID":"1739046","fromID":"1325396","toID":"1325406","formEdgeID":null},{"edgeID":"1739047","fromID":"1325406","toID":"1325405","formEdgeID":null},{"edgeID":"1739048","fromID":"1325409","toID":"1325408","formEdgeID":null},{"edgeID":"1739049","fromID":"1325410","toID":"1325409","formEdgeID":null},{"edgeID":"1739050","fromID":"1325408","toID":"1325411","formEdgeID":null},{"edgeID":"1739051","fromID":"1325411","toID":"1325407","formEdgeID":null},{"edgeID":"1739052","fromID":"1325398","toID":"1325412","formEdgeID":null},{"edgeID":"1739053","fromID":"1325412","toID":"1325408","formEdgeID":null},{"edgeID":"1739054","fromID":"1325415","toID":"1325414","formEdgeID":null},{"edgeID":"1739055","fromID":"1325416","toID":"1325415","formEdgeID":null},{"edgeID":"1739056","fromID":"1325414","toID":"1325417","formEdgeID":null},{"edgeID":"1739057","fromID":"1325417","toID":"1325413","formEdgeID":null},{"edgeID":"1739058","fromID":"1325408","toID":"1325418","formEdgeID":null},{"edgeID":"1739059","fromID":"1325418","toID":"1325414","formEdgeID":null},{"edgeID":"1739060","fromID":"1325420","toID":"1325419","formEdgeID":null},{"edgeID":"1739061","fromID":"1325421","toID":"1325420","formEdgeID":null},{"edgeID":"1739062","fromID":"1325419","toID":"1325422","formEdgeID":null},{"edgeID":"1739063","fromID":"1325422","toID":"1149369","formEdgeID":null},{"edgeID":"1739064","fromID":"1325423","toID":"1325419","formEdgeID":null},{"edgeID":"1739065","fromID":"1325414","toID":"1325423","formEdgeID":null},{"edgeID":"1739066","fromID":"1325424","toID":"1325413","formEdgeID":null},{"edgeID":"1739067","fromID":"1149369","toID":"1325424","formEdgeID":null},{"edgeID":"1739068","fromID":"1325423","toID":"1325425","formEdgeID":null},{"edgeID":"1739069","fromID":"1325425","toID":"1325424","formEdgeID":null},{"edgeID":"1739070","fromID":"1325427","toID":"1325426","formEdgeID":null},{"edgeID":"1739071","fromID":"1325428","toID":"1325427","formEdgeID":null},{"edgeID":"1739072","fromID":"1325426","toID":"1325429","formEdgeID":null},{"edgeID":"1739073","fromID":"1325429","toID":"1149379","formEdgeID":null},{"edgeID":"1739074","fromID":"1325419","toID":"1325430","formEdgeID":null},{"edgeID":"1739075","fromID":"1325430","toID":"1325426","formEdgeID":null},{"edgeID":"1739076","fromID":"1149379","toID":"1325431","formEdgeID":null},{"edgeID":"1739077","fromID":"1325431","toID":"1149369","formEdgeID":null},{"edgeID":"1739078","fromID":"1325430","toID":"1325432","formEdgeID":null},{"edgeID":"1739079","fromID":"1325432","toID":"1325431","formEdgeID":null},{"edgeID":"1739080","fromID":"1325436","toID":"1325434","formEdgeID":null},{"edgeID":"1739081","fromID":"1325435","toID":"1325436","formEdgeID":null},{"edgeID":"1739082","fromID":"1325434","toID":"1325437","formEdgeID":null},{"edgeID":"1739083","fromID":"1325437","toID":"1325433","formEdgeID":null},{"edgeID":"1739084","fromID":"1325438","toID":"1325434","formEdgeID":null},{"edgeID":"1739085","fromID":"1325426","toID":"1325438","formEdgeID":null},{"edgeID":"1739086","fromID":"1325441","toID":"1325440","formEdgeID":null},{"edgeID":"1739087","fromID":"1325442","toID":"1325441","formEdgeID":null},{"edgeID":"1739088","fromID":"1325440","toID":"1325443","formEdgeID":null},{"edgeID":"1739089","fromID":"1325443","toID":"1325439","formEdgeID":null},{"edgeID":"1739090","fromID":"1325434","toID":"1325444","formEdgeID":null},{"edgeID":"1739091","fromID":"1325444","toID":"1325440","formEdgeID":null},{"edgeID":"1739092","fromID":"1149379","toID":"1325445","formEdgeID":null},{"edgeID":"1739093","fromID":"1325445","toID":"1325433","formEdgeID":null},{"edgeID":"1739094","fromID":"1325438","toID":"1325446","formEdgeID":null},{"edgeID":"1739095","fromID":"1325446","toID":"1325445","formEdgeID":null},{"edgeID":"1739096","fromID":"1325449","toID":"1325448","formEdgeID":null},{"edgeID":"1739097","fromID":"1325450","toID":"1325449","formEdgeID":null},{"edgeID":"1739098","fromID":"1325448","toID":"1325451","formEdgeID":null},{"edgeID":"1739099","fromID":"1325451","toID":"1325447","formEdgeID":null},{"edgeID":"1739100","fromID":"1325440","toID":"1325452","formEdgeID":null},{"edgeID":"1739101","fromID":"1325452","toID":"1325448","formEdgeID":null},{"edgeID":"1739102","fromID":"1325439","toID":"1325453","formEdgeID":null},{"edgeID":"1739103","fromID":"1325453","toID":"1325447","formEdgeID":null},{"edgeID":"1739104","fromID":"1325452","toID":"1325454","formEdgeID":null},{"edgeID":"1739105","fromID":"1325454","toID":"1325453","formEdgeID":null},{"edgeID":"1739106","fromID":"1325458","toID":"1325456","formEdgeID":null},{"edgeID":"1739107","fromID":"1325457","toID":"1325458","formEdgeID":null},{"edgeID":"1739108","fromID":"1325456","toID":"1325459","formEdgeID":null},{"edgeID":"1739109","fromID":"1325459","toID":"1325455","formEdgeID":null},{"edgeID":"1739110","fromID":"1325448","toID":"1325460","formEdgeID":null},{"edgeID":"1739111","fromID":"1325460","toID":"1325456","formEdgeID":null},{"edgeID":"1739112","fromID":"1325455","toID":"1325461","formEdgeID":null},{"edgeID":"1739113","fromID":"1325461","toID":"1325447","formEdgeID":null},{"edgeID":"1739114","fromID":"1325460","toID":"1325462","formEdgeID":null},{"edgeID":"1739115","fromID":"1325462","toID":"1325461","formEdgeID":null}],"locutions":[]}