{"nodes":[{"nodeID":"1324493","text":"it's important we don't trivialise what has happened","type":"I","timestamp":"2023-11-09 13:30:07"},{"nodeID":"1324494","text":"Bim Afolami: It's important we don't trivialise what has happened","type":"L","timestamp":"2023-11-09 13:30:07"},{"nodeID":"1324495","text":"Analysing","type":"YA","timestamp":"2023-11-09 13:30:07"},{"nodeID":"1324496","text":"Amelie: Bim Afolami: It's important we don't trivialise what has happened","type":"L","timestamp":"2023-11-09 13:30:07"},{"nodeID":"1324497","text":"Asserting","type":"YA","timestamp":"2023-11-09 13:30:07"},{"nodeID":"1324498","text":"we live in a democracy","type":"I","timestamp":"2023-11-09 13:30:07"},{"nodeID":"1324499","text":"Bim Afolami: We live in a democracy","type":"L","timestamp":"2023-11-09 13:30:07"},{"nodeID":"1324500","text":"Analysing","type":"YA","timestamp":"2023-11-09 13:30:07"},{"nodeID":"1324501","text":"Amelie: Bim Afolami: We live in a democracy","type":"L","timestamp":"2023-11-09 13:30:07"},{"nodeID":"1324502","text":"Asserting","type":"YA","timestamp":"2023-11-09 13:30:07"},{"nodeID":"1324503","text":"we had a Prime Minister elected with an 80 seat majority 2.5 years ago","type":"I","timestamp":"2023-11-09 13:30:08"},{"nodeID":"1324504","text":"Bim Afolami: We had a Prime Minister elected with an 80 seat majority 2.5 years ago","type":"L","timestamp":"2023-11-09 13:30:08"},{"nodeID":"1324505","text":"Analysing","type":"YA","timestamp":"2023-11-09 13:30:08"},{"nodeID":"1324506","text":"Amelie: Bim Afolami: We had a Prime Minister elected with an 80 seat majority 2.5 years ago","type":"L","timestamp":"2023-11-09 13:30:08"},{"nodeID":"1324507","text":"Asserting","type":"YA","timestamp":"2023-11-09 13:30:08"},{"nodeID":"1324508","text":"it's a big thing for a party to remove or for a Prime Minister to be forced to step-down mid-term like that","type":"I","timestamp":"2023-11-09 13:30:09"},{"nodeID":"1324509","text":"Bim Afolami: It's a big thing for a party to remove or for a Prime Minister to be forced to step-down mid-term like that","type":"L","timestamp":"2023-11-09 13:30:09"},{"nodeID":"1324510","text":"Analysing","type":"YA","timestamp":"2023-11-09 13:30:09"},{"nodeID":"1324511","text":"Amelie: Bim Afolami: It's a big thing for a party to remove or for a Prime Minister to be forced to step-down mid-term like that","type":"L","timestamp":"2023-11-09 13:30:09"},{"nodeID":"1324512","text":"Asserting","type":"YA","timestamp":"2023-11-09 13:30:09"},{"nodeID":"1324513","text":"we shouldn't trivialise that Boris Johnson had to step down","type":"I","timestamp":"2023-11-09 13:30:09"},{"nodeID":"1324514","text":"Bim Afolami: We shouldn't trivialise that","type":"L","timestamp":"2023-11-09 13:30:09"},{"nodeID":"1324515","text":"Analysing","type":"YA","timestamp":"2023-11-09 13:30:09"},{"nodeID":"1324516","text":"Amelie: Bim Afolami: We shouldn't trivialise that","type":"L","timestamp":"2023-11-09 13:30:09"},{"nodeID":"1324517","text":"Asserting","type":"YA","timestamp":"2023-11-09 13:30:09"},{"nodeID":"1324518","text":"Default Rephrase","type":"MA","timestamp":"2023-11-09 13:30:09"},{"nodeID":"1324519","text":"Default Transition","type":"TA","timestamp":"2023-11-09 13:30:09"},{"nodeID":"1324520","text":"Restating","type":"YA","timestamp":"2023-11-09 13:30:09"},{"nodeID":"1324521","text":"Default Rephrase","type":"MA","timestamp":"2023-11-09 13:30:09"},{"nodeID":"1324522","text":"Default Transition","type":"TA","timestamp":"2023-11-09 13:30:09"},{"nodeID":"1324523","text":"Restating","type":"YA","timestamp":"2023-11-09 13:30:09"},{"nodeID":"1324524","text":"Bim Afolami doesn't apologise for the resignation as it was a very hard decision","type":"I","timestamp":"2023-11-09 13:30:10"},{"nodeID":"1324525","text":"Bim Afolami: I don't apologise for it being a very hard decision","type":"L","timestamp":"2023-11-09 13:30:10"},{"nodeID":"1324526","text":"Analysing","type":"YA","timestamp":"2023-11-09 13:30:10"},{"nodeID":"1324527","text":"Amelie: Bim Afolami: I don't apologise for it being a very hard decision","type":"L","timestamp":"2023-11-09 13:30:10"},{"nodeID":"1324528","text":"Asserting","type":"YA","timestamp":"2023-11-09 13:30:10"},{"nodeID":"1324529","text":"the loyalty that they owed as Conservative MPs to the Prime Minister and indeed staying together as a party was important to deliver on the mandate that they were elected on","type":"I","timestamp":"2023-11-09 13:30:10"},{"nodeID":"1324530","text":"Bim Afolami: the loyalty that we owed as Conservative MPs to the Prime Minister and indeed staying together as a party was important to deliver on the mandate that we were elected on","type":"L","timestamp":"2023-11-09 13:30:10"},{"nodeID":"1324531","text":"Analysing","type":"YA","timestamp":"2023-11-09 13:30:10"},{"nodeID":"1324532","text":"Amelie: Bim Afolami: the loyalty that we owed as Conservative MPs to the Prime Minister and indeed staying together as a party was important to deliver on the mandate that we were elected on","type":"L","timestamp":"2023-11-09 13:30:10"},{"nodeID":"1324533","text":"Asserting","type":"YA","timestamp":"2023-11-09 13:30:10"},{"nodeID":"1324534","text":"Default Transition","type":"TA","timestamp":"2023-11-09 13:30:10"},{"nodeID":"1324535","text":"Default Inference","type":"RA","timestamp":"2023-11-09 13:30:10"},{"nodeID":"1324536","text":"Default Transition","type":"TA","timestamp":"2023-11-09 13:30:10"},{"nodeID":"1324537","text":"Arguing","type":"YA","timestamp":"2023-11-09 13:30:10"},{"nodeID":"1324538","text":"Default Inference","type":"RA","timestamp":"2023-11-09 13:30:10"},{"nodeID":"1324539","text":"Default Transition","type":"TA","timestamp":"2023-11-09 13:30:10"},{"nodeID":"1324540","text":"Arguing","type":"YA","timestamp":"2023-11-09 13:30:10"},{"nodeID":"1324541","text":"Default Transition","type":"TA","timestamp":"2023-11-09 13:30:10"},{"nodeID":"1324542","text":"when they felt that they couldn't do it, those of them like Bim Afolami who felt that he thought it was right to resign and many other people did as well","type":"I","timestamp":"2023-11-09 13:30:11"},{"nodeID":"1324543","text":"Bim Afolami: When we felt that we couldn't do it, those of us like myself who felt that I thought it was right to resign and many other people did as well","type":"L","timestamp":"2023-11-09 13:30:11"},{"nodeID":"1324544","text":"Analysing","type":"YA","timestamp":"2023-11-09 13:30:11"},{"nodeID":"1324545","text":"Amelie: Bim Afolami: When we felt that we couldn't do it, those of us like myself who felt that I thought it was right to resign and many other people did as well","type":"L","timestamp":"2023-11-09 13:30:11"},{"nodeID":"1324546","text":"Asserting","type":"YA","timestamp":"2023-11-09 13:30:11"},{"nodeID":"1324547","text":"Default Transition","type":"TA","timestamp":"2023-11-09 13:30:11"},{"nodeID":"1324548","text":"Default Inference","type":"RA","timestamp":"2023-11-09 13:30:11"},{"nodeID":"1324549","text":"Arguing","type":"YA","timestamp":"2023-11-09 13:30:11"},{"nodeID":"1324550","text":"Default Transition","type":"TA","timestamp":"2023-11-09 13:30:11"},{"nodeID":"1324551","text":"Default Inference","type":"RA","timestamp":"2023-11-09 13:30:11"},{"nodeID":"1324552","text":"Arguing","type":"YA","timestamp":"2023-11-09 13:30:11"}],"edges":[{"edgeID":"1737969","fromID":"1324495","toID":"1324494","formEdgeID":null},{"edgeID":"1737970","fromID":"1324496","toID":"1324495","formEdgeID":null},{"edgeID":"1737971","fromID":"1324494","toID":"1324497","formEdgeID":null},{"edgeID":"1737972","fromID":"1324497","toID":"1324493","formEdgeID":null},{"edgeID":"1737973","fromID":"1324500","toID":"1324499","formEdgeID":null},{"edgeID":"1737974","fromID":"1324501","toID":"1324500","formEdgeID":null},{"edgeID":"1737975","fromID":"1324499","toID":"1324502","formEdgeID":null},{"edgeID":"1737976","fromID":"1324502","toID":"1324498","formEdgeID":null},{"edgeID":"1737977","fromID":"1324505","toID":"1324504","formEdgeID":null},{"edgeID":"1737978","fromID":"1324506","toID":"1324505","formEdgeID":null},{"edgeID":"1737979","fromID":"1324504","toID":"1324507","formEdgeID":null},{"edgeID":"1737980","fromID":"1324507","toID":"1324503","formEdgeID":null},{"edgeID":"1737981","fromID":"1324510","toID":"1324509","formEdgeID":null},{"edgeID":"1737982","fromID":"1324511","toID":"1324510","formEdgeID":null},{"edgeID":"1737983","fromID":"1324509","toID":"1324512","formEdgeID":null},{"edgeID":"1737984","fromID":"1324512","toID":"1324508","formEdgeID":null},{"edgeID":"1737985","fromID":"1324515","toID":"1324514","formEdgeID":null},{"edgeID":"1737986","fromID":"1324516","toID":"1324515","formEdgeID":null},{"edgeID":"1737987","fromID":"1324514","toID":"1324517","formEdgeID":null},{"edgeID":"1737988","fromID":"1324517","toID":"1324513","formEdgeID":null},{"edgeID":"1737989","fromID":"1324513","toID":"1324518","formEdgeID":null},{"edgeID":"1737990","fromID":"1324518","toID":"1324493","formEdgeID":null},{"edgeID":"1737991","fromID":"1324494","toID":"1324519","formEdgeID":null},{"edgeID":"1737992","fromID":"1324519","toID":"1324514","formEdgeID":null},{"edgeID":"1737993","fromID":"1324519","toID":"1324520","formEdgeID":null},{"edgeID":"1737994","fromID":"1324520","toID":"1324518","formEdgeID":null},{"edgeID":"1737995","fromID":"1324503","toID":"1324521","formEdgeID":null},{"edgeID":"1737996","fromID":"1324521","toID":"1324498","formEdgeID":null},{"edgeID":"1737997","fromID":"1324499","toID":"1324522","formEdgeID":null},{"edgeID":"1737998","fromID":"1324522","toID":"1324504","formEdgeID":null},{"edgeID":"1737999","fromID":"1324522","toID":"1324523","formEdgeID":null},{"edgeID":"1738000","fromID":"1324523","toID":"1324521","formEdgeID":null},{"edgeID":"1738001","fromID":"1324526","toID":"1324525","formEdgeID":null},{"edgeID":"1738002","fromID":"1324527","toID":"1324526","formEdgeID":null},{"edgeID":"1738003","fromID":"1324525","toID":"1324528","formEdgeID":null},{"edgeID":"1738004","fromID":"1324528","toID":"1324524","formEdgeID":null},{"edgeID":"1738005","fromID":"1324531","toID":"1324530","formEdgeID":null},{"edgeID":"1738006","fromID":"1324532","toID":"1324531","formEdgeID":null},{"edgeID":"1738007","fromID":"1324530","toID":"1324533","formEdgeID":null},{"edgeID":"1738008","fromID":"1324533","toID":"1324529","formEdgeID":null},{"edgeID":"1738009","fromID":"1324525","toID":"1324534","formEdgeID":null},{"edgeID":"1738010","fromID":"1324534","toID":"1324530","formEdgeID":null},{"edgeID":"1738011","fromID":"1324513","toID":"1324535","formEdgeID":null},{"edgeID":"1738012","fromID":"1324535","toID":"1324524","formEdgeID":null},{"edgeID":"1738013","fromID":"1324514","toID":"1324536","formEdgeID":null},{"edgeID":"1738014","fromID":"1324536","toID":"1324525","formEdgeID":null},{"edgeID":"1738015","fromID":"1324536","toID":"1324537","formEdgeID":null},{"edgeID":"1738016","fromID":"1324537","toID":"1324535","formEdgeID":null},{"edgeID":"1738017","fromID":"1324503","toID":"1324538","formEdgeID":null},{"edgeID":"1738018","fromID":"1324538","toID":"1324513","formEdgeID":null},{"edgeID":"1738019","fromID":"1324508","toID":"1324538","formEdgeID":null},{"edgeID":"1738020","fromID":"1324504","toID":"1324539","formEdgeID":null},{"edgeID":"1738021","fromID":"1324539","toID":"1324514","formEdgeID":null},{"edgeID":"1738022","fromID":"1324539","toID":"1324540","formEdgeID":null},{"edgeID":"1738023","fromID":"1324540","toID":"1324538","formEdgeID":null},{"edgeID":"1738024","fromID":"1324494","toID":"1324541","formEdgeID":null},{"edgeID":"1738025","fromID":"1324541","toID":"1324499","formEdgeID":null},{"edgeID":"1738026","fromID":"1324544","toID":"1324543","formEdgeID":null},{"edgeID":"1738027","fromID":"1324545","toID":"1324544","formEdgeID":null},{"edgeID":"1738028","fromID":"1324543","toID":"1324546","formEdgeID":null},{"edgeID":"1738029","fromID":"1324546","toID":"1324542","formEdgeID":null},{"edgeID":"1738030","fromID":"1324530","toID":"1324547","formEdgeID":null},{"edgeID":"1738031","fromID":"1324547","toID":"1324543","formEdgeID":null},{"edgeID":"1738032","fromID":"1324529","toID":"1324548","formEdgeID":null},{"edgeID":"1738033","fromID":"1324548","toID":"1324542","formEdgeID":null},{"edgeID":"1738034","fromID":"1324547","toID":"1324549","formEdgeID":null},{"edgeID":"1738035","fromID":"1324549","toID":"1324548","formEdgeID":null},{"edgeID":"1738036","fromID":"1324504","toID":"1324550","formEdgeID":null},{"edgeID":"1738037","fromID":"1324550","toID":"1324509","formEdgeID":null},{"edgeID":"1738038","fromID":"1324529","toID":"1324551","formEdgeID":null},{"edgeID":"1738039","fromID":"1324551","toID":"1324524","formEdgeID":null},{"edgeID":"1738040","fromID":"1324534","toID":"1324552","formEdgeID":null},{"edgeID":"1738041","fromID":"1324552","toID":"1324551","formEdgeID":null}],"locutions":[]}