{"nodes":[{"nodeID":"1328043","text":"xxx is how we are going to have affordable housing in Devon, Cornwall, and other parts of the country","type":"I","timestamp":"2023-11-09 13:34:59"},{"nodeID":"1328044","text":"Minette Batters: How are we going to have affordable housing in these areas","type":"L","timestamp":"2023-11-09 13:34:59"},{"nodeID":"1328045","text":"Analysing","type":"YA","timestamp":"2023-11-09 13:34:59"},{"nodeID":"1328046","text":"Calum: Minette Batters: How are we going to have affordable housing in these areas","type":"L","timestamp":"2023-11-09 13:34:59"},{"nodeID":"1328047","text":"Pure Questioning","type":"YA","timestamp":"2023-11-09 13:34:59"},{"nodeID":"1328048","text":"at the moment second homes are continuing to rise","type":"I","timestamp":"2023-11-09 13:34:59"},{"nodeID":"1328049","text":"Minette Batters: At the moment second homes is continuing to rise","type":"L","timestamp":"2023-11-09 13:34:59"},{"nodeID":"1328050","text":"Analysing","type":"YA","timestamp":"2023-11-09 13:34:59"},{"nodeID":"1328051","text":"Calum: Minette Batters: At the moment second homes is continuing to rise","type":"L","timestamp":"2023-11-09 13:34:59"},{"nodeID":"1328052","text":"Asserting","type":"YA","timestamp":"2023-11-09 13:34:59"},{"nodeID":"1328053","text":"affordable housing is getting more and more difficult","type":"I","timestamp":"2023-11-09 13:35:00"},{"nodeID":"1328054","text":"Minette Batters: affordable housing is getting more and more difficult","type":"L","timestamp":"2023-11-09 13:35:00"},{"nodeID":"1328055","text":"Analysing","type":"YA","timestamp":"2023-11-09 13:35:00"},{"nodeID":"1328056","text":"Calum: Minette Batters: affordable housing is getting more and more difficult","type":"L","timestamp":"2023-11-09 13:35:00"},{"nodeID":"1328057","text":"Asserting","type":"YA","timestamp":"2023-11-09 13:35:00"},{"nodeID":"1328058","text":"second homes are driving people out of communities","type":"I","timestamp":"2023-11-09 13:35:00"},{"nodeID":"1328059","text":"Minette Batters: that is driving people out of communities","type":"L","timestamp":"2023-11-09 13:35:00"},{"nodeID":"1328060","text":"Analysing","type":"YA","timestamp":"2023-11-09 13:35:00"},{"nodeID":"1328061","text":"Calum: Minette Batters: that is driving people out of communities","type":"L","timestamp":"2023-11-09 13:35:00"},{"nodeID":"1328062","text":"Asserting","type":"YA","timestamp":"2023-11-09 13:35:00"},{"nodeID":"1328063","text":"people being driven out of communities is creating an even greater challenge with workforce, fishing, farming, workforce being pushed-out","type":"I","timestamp":"2023-11-09 13:35:01"},{"nodeID":"1328064","text":"Minette Batters: that is creating an even greater challenge with workforce, fishing, farming, workforce being pushed-out","type":"L","timestamp":"2023-11-09 13:35:01"},{"nodeID":"1328065","text":"Analysing","type":"YA","timestamp":"2023-11-09 13:35:01"},{"nodeID":"1328066","text":"Calum: Minette Batters: that is creating an even greater challenge with workforce, fishing, farming, workforce being pushed-out","type":"L","timestamp":"2023-11-09 13:35:01"},{"nodeID":"1328067","text":"Asserting","type":"YA","timestamp":"2023-11-09 13:35:01"},{"nodeID":"1328068","text":"the workforce cannot afford to live in places with rising numbers of second homes","type":"I","timestamp":"2023-11-09 13:35:02"},{"nodeID":"1328069","text":"Minette Batters: it cannot afford to live in these places","type":"L","timestamp":"2023-11-09 13:35:02"},{"nodeID":"1328070","text":"Analysing","type":"YA","timestamp":"2023-11-09 13:35:02"},{"nodeID":"1328071","text":"Calum: Minette Batters: it cannot afford to live in these places","type":"L","timestamp":"2023-11-09 13:35:02"},{"nodeID":"1328072","text":"Asserting","type":"YA","timestamp":"2023-11-09 13:35:02"},{"nodeID":"1328073","text":"Default Transition","type":"TA","timestamp":"2023-11-09 13:35:02"},{"nodeID":"1328074","text":"Default Transition","type":"TA","timestamp":"2023-11-09 13:35:02"},{"nodeID":"1328075","text":"Default Inference","type":"RA","timestamp":"2023-11-09 13:35:02"},{"nodeID":"1328076","text":"Arguing","type":"YA","timestamp":"2023-11-09 13:35:02"},{"nodeID":"1328077","text":"Default Inference","type":"RA","timestamp":"2023-11-09 13:35:02"},{"nodeID":"1328078","text":"Default Transition","type":"TA","timestamp":"2023-11-09 13:35:02"},{"nodeID":"1328079","text":"Arguing","type":"YA","timestamp":"2023-11-09 13:35:02"},{"nodeID":"1328080","text":"Default Transition","type":"TA","timestamp":"2023-11-09 13:35:02"},{"nodeID":"1328081","text":"Default Inference","type":"RA","timestamp":"2023-11-09 13:35:02"},{"nodeID":"1328082","text":"Arguing","type":"YA","timestamp":"2023-11-09 13:35:02"},{"nodeID":"1328083","text":"Default Transition","type":"TA","timestamp":"2023-11-09 13:35:02"},{"nodeID":"1328084","text":"Default Rephrase","type":"MA","timestamp":"2023-11-09 13:35:02"},{"nodeID":"1328085","text":"Restating","type":"YA","timestamp":"2023-11-09 13:35:02"},{"nodeID":"1328086","text":"legislation on second homes should or should not be introduced","type":"I","timestamp":"2023-11-09 13:35:02"},{"nodeID":"1328087","text":"Fiona Bruce: Should legislation be introduced","type":"L","timestamp":"2023-11-09 13:35:02"},{"nodeID":"1328088","text":"Calum: Fiona Bruce: Should legislation be introduced","type":"L","timestamp":"2023-11-09 13:35:02"},{"nodeID":"1328089","text":"Analysing","type":"YA","timestamp":"2023-11-09 13:35:02"},{"nodeID":"1328090","text":"Pure Questioning","type":"YA","timestamp":"2023-11-09 13:35:02"},{"nodeID":"1328091","text":"Default Transition","type":"TA","timestamp":"2023-11-09 13:35:02"},{"nodeID":"1328092","text":"one simple solution to the workforce being unable to afford to live in places with rising numbers of second homes is to build more homes","type":"I","timestamp":"2023-11-09 13:35:03"},{"nodeID":"1328093","text":"Olivia Utley: One simple solution is to build more homes","type":"L","timestamp":"2023-11-09 13:35:03"},{"nodeID":"1328094","text":"Analysing","type":"YA","timestamp":"2023-11-09 13:35:03"},{"nodeID":"1328095","text":"Calum: Olivia Utley: One simple solution is to build more homes","type":"L","timestamp":"2023-11-09 13:35:03"},{"nodeID":"1328096","text":"Asserting","type":"YA","timestamp":"2023-11-09 13:35:03"},{"nodeID":"1328097","text":"the problem is that ordinary local people are being pushed out of their houses by second homeowners","type":"I","timestamp":"2023-11-09 13:35:03"},{"nodeID":"1328098","text":"Analysing","type":"YA","timestamp":"2023-11-09 13:35:03"},{"nodeID":"1328099","text":"Olivia Utley: The problem is that ordinary local people are being pushed out of their houses by second homeowners","type":"L","timestamp":"2023-11-09 13:35:03"},{"nodeID":"1328100","text":"Calum: Olivia Utley: The problem is that ordinary local people are being pushed out of their houses by second homeowners","type":"L","timestamp":"2023-11-09 13:35:03"},{"nodeID":"1328101","text":"Asserting","type":"YA","timestamp":"2023-11-09 13:35:03"},{"nodeID":"1328102","text":"local people are being priced out of the area altogether","type":"I","timestamp":"2023-11-09 13:35:04"},{"nodeID":"1328103","text":"Olivia Utley: are being priced out of the area altogether","type":"L","timestamp":"2023-11-09 13:35:04"},{"nodeID":"1328104","text":"Analysing","type":"YA","timestamp":"2023-11-09 13:35:04"},{"nodeID":"1328105","text":"Calum: Olivia Utley: are being priced out of the area altogether","type":"L","timestamp":"2023-11-09 13:35:04"},{"nodeID":"1328106","text":"Asserting","type":"YA","timestamp":"2023-11-09 13:35:04"},{"nodeID":"1328107","text":"Olivia Utley's in-laws in Cornwall see that all of the second homeowners do decimate communities","type":"I","timestamp":"2023-11-09 13:35:05"},{"nodeID":"1328108","text":"Olivia Utley: My in-laws are in Cornwall and they see that all of the second homeowners, it does decimate communities","type":"L","timestamp":"2023-11-09 13:35:05"},{"nodeID":"1328109","text":"Analysing","type":"YA","timestamp":"2023-11-09 13:35:05"},{"nodeID":"1328110","text":"Calum: Olivia Utley: My in-laws are in Cornwall and they see that all of the second homeowners, it does decimate communities","type":"L","timestamp":"2023-11-09 13:35:05"},{"nodeID":"1328111","text":"Asserting","type":"YA","timestamp":"2023-11-09 13:35:05"},{"nodeID":"1328112","text":"second homeowners are a massive problem","type":"I","timestamp":"2023-11-09 13:35:05"},{"nodeID":"1328113","text":"Olivia Utley: it's a massive problem","type":"L","timestamp":"2023-11-09 13:35:05"},{"nodeID":"1328114","text":"Analysing","type":"YA","timestamp":"2023-11-09 13:35:05"},{"nodeID":"1328115","text":"Calum: Olivia Utley: it's a massive problem","type":"L","timestamp":"2023-11-09 13:35:05"},{"nodeID":"1328116","text":"Asserting","type":"YA","timestamp":"2023-11-09 13:35:05"},{"nodeID":"1328117","text":"Default Transition","type":"TA","timestamp":"2023-11-09 13:35:05"},{"nodeID":"1328118","text":"Default Rephrase","type":"MA","timestamp":"2023-11-09 13:35:05"},{"nodeID":"1328119","text":"Default Illocuting","type":"YA","timestamp":"2023-11-09 13:35:05"},{"nodeID":"1328120","text":"Default Transition","type":"TA","timestamp":"2023-11-09 13:35:05"},{"nodeID":"1328121","text":"Default Conflict","type":"CA","timestamp":"2023-11-09 13:35:05"},{"nodeID":"1328122","text":"Disagreeing","type":"YA","timestamp":"2023-11-09 13:35:05"},{"nodeID":"1328123","text":"Default Transition","type":"TA","timestamp":"2023-11-09 13:35:05"},{"nodeID":"1328124","text":"Default Rephrase","type":"MA","timestamp":"2023-11-09 13:35:05"},{"nodeID":"1328125","text":"Restating","type":"YA","timestamp":"2023-11-09 13:35:05"},{"nodeID":"1328126","text":"Default Transition","type":"TA","timestamp":"2023-11-09 13:35:05"},{"nodeID":"1328127","text":"Default Rephrase","type":"MA","timestamp":"2023-11-09 13:35:05"},{"nodeID":"1328128","text":"Restating","type":"YA","timestamp":"2023-11-09 13:35:05"},{"nodeID":"1328129","text":"Default Transition","type":"TA","timestamp":"2023-11-09 13:35:05"},{"nodeID":"1328130","text":"Default Inference","type":"RA","timestamp":"2023-11-09 13:35:05"},{"nodeID":"1328131","text":"Arguing","type":"YA","timestamp":"2023-11-09 13:35:05"},{"nodeID":"1328132","text":"Olivia Utley still does not understand why there's so much regulation over planning","type":"I","timestamp":"2023-11-09 13:35:06"},{"nodeID":"1328133","text":"Olivia Utley: I still don't understand why there's so much regulation over planning","type":"L","timestamp":"2023-11-09 13:35:06"},{"nodeID":"1328134","text":"Analysing","type":"YA","timestamp":"2023-11-09 13:35:06"},{"nodeID":"1328135","text":"Calum: Olivia Utley: I still don't understand why there's so much regulation over planning","type":"L","timestamp":"2023-11-09 13:35:06"},{"nodeID":"1328136","text":"Asserting","type":"YA","timestamp":"2023-11-09 13:35:06"},{"nodeID":"1328137","text":"one big answer is to build more","type":"I","timestamp":"2023-11-09 13:35:06"},{"nodeID":"1328138","text":"Olivia Utley: one big answer is to build more","type":"L","timestamp":"2023-11-09 13:35:06"},{"nodeID":"1328139","text":"Analysing","type":"YA","timestamp":"2023-11-09 13:35:06"},{"nodeID":"1328140","text":"Calum: Olivia Utley: one big answer I still don't understand why there's so much regulation over planning is to build more","type":"L","timestamp":"2023-11-09 13:35:06"},{"nodeID":"1328141","text":"Asserting","type":"YA","timestamp":"2023-11-09 13:35:06"},{"nodeID":"1328142","text":"after building more there will be more affordable homes naturally","type":"I","timestamp":"2023-11-09 13:35:07"},{"nodeID":"1328143","text":"Olivia Utley:  then there are more affordable homes naturally","type":"L","timestamp":"2023-11-09 13:35:07"},{"nodeID":"1328144","text":"Analysing","type":"YA","timestamp":"2023-11-09 13:35:07"},{"nodeID":"1328145","text":"Calum: Olivia Utley:  then there are more affordable homes naturally","type":"L","timestamp":"2023-11-09 13:35:07"},{"nodeID":"1328146","text":"Asserting","type":"YA","timestamp":"2023-11-09 13:35:07"},{"nodeID":"1328147","text":"more affordable homes means people can then buy homes in their areas","type":"I","timestamp":"2023-11-09 13:35:08"},{"nodeID":"1328148","text":"Olivia Utley: People can then buy homes in their areas","type":"L","timestamp":"2023-11-09 13:35:08"},{"nodeID":"1328149","text":"Analysing","type":"YA","timestamp":"2023-11-09 13:35:08"},{"nodeID":"1328150","text":"Calum: Olivia Utley: People can then buy homes in their areas","type":"L","timestamp":"2023-11-09 13:35:08"},{"nodeID":"1328151","text":"Asserting","type":"YA","timestamp":"2023-11-09 13:35:08"},{"nodeID":"1328152","text":"we don't have to build ugly homes which is often the problem","type":"I","timestamp":"2023-11-09 13:35:08"},{"nodeID":"1328153","text":"Olivia Utley: We don't have to build ugly homes which is often the problem","type":"L","timestamp":"2023-11-09 13:35:08"},{"nodeID":"1328154","text":"Analysing","type":"YA","timestamp":"2023-11-09 13:35:08"},{"nodeID":"1328155","text":"Calum: Olivia Utley: We don't have to build ugly homes which is often the problem","type":"L","timestamp":"2023-11-09 13:35:08"},{"nodeID":"1328156","text":"Asserting","type":"YA","timestamp":"2023-11-09 13:35:08"},{"nodeID":"1328157","text":"this is why we talk about NIMBYs","type":"I","timestamp":"2023-11-09 13:35:09"},{"nodeID":"1328158","text":"Olivia Utley: This is why we talk about NIMBYs","type":"L","timestamp":"2023-11-09 13:35:09"},{"nodeID":"1328159","text":"Analysing","type":"YA","timestamp":"2023-11-09 13:35:09"},{"nodeID":"1328160","text":"Calum: Olivia Utley: This is why we talk about NIMBYs","type":"L","timestamp":"2023-11-09 13:35:09"},{"nodeID":"1328161","text":"Asserting","type":"YA","timestamp":"2023-11-09 13:35:09"},{"nodeID":"1328162","text":"of course people don't want unattractive brand new horrible houses going up in their back gardens","type":"I","timestamp":"2023-11-09 13:35:09"},{"nodeID":"1328163","text":"Olivia Utley: Of course people don't want unattractive brand new horrible houses going up in their back gardens","type":"L","timestamp":"2023-11-09 13:35:09"},{"nodeID":"1328164","text":"Analysing","type":"YA","timestamp":"2023-11-09 13:35:09"},{"nodeID":"1328165","text":"Calum: Olivia Utley: Of course people don't want unattractive brand new horrible houses going up in their back gardens","type":"L","timestamp":"2023-11-09 13:35:09"},{"nodeID":"1328166","text":"Asserting","type":"YA","timestamp":"2023-11-09 13:35:09"},{"nodeID":"1328167","text":"you can build nice homes","type":"I","timestamp":"2023-11-09 13:35:10"},{"nodeID":"1328168","text":"Olivia Utley: you can build nice homes","type":"L","timestamp":"2023-11-09 13:35:10"},{"nodeID":"1328169","text":"Analysing","type":"YA","timestamp":"2023-11-09 13:35:10"},{"nodeID":"1328170","text":"Calum: Olivia Utley: you can build nice homes","type":"L","timestamp":"2023-11-09 13:35:10"},{"nodeID":"1328171","text":"Asserting","type":"YA","timestamp":"2023-11-09 13:35:10"},{"nodeID":"1328172","text":"Default Transition","type":"TA","timestamp":"2023-11-09 13:35:10"},{"nodeID":"1328173","text":"Default Transition","type":"TA","timestamp":"2023-11-09 13:35:10"},{"nodeID":"1328174","text":"Default Rephrase","type":"MA","timestamp":"2023-11-09 13:35:10"},{"nodeID":"1328175","text":"Restating","type":"YA","timestamp":"2023-11-09 13:35:10"},{"nodeID":"1328176","text":"Default Transition","type":"TA","timestamp":"2023-11-09 13:35:10"},{"nodeID":"1328177","text":"Default Transition","type":"TA","timestamp":"2023-11-09 13:35:10"},{"nodeID":"1328178","text":"Default Transition","type":"TA","timestamp":"2023-11-09 13:35:10"},{"nodeID":"1328179","text":"Default Inference","type":"RA","timestamp":"2023-11-09 13:35:10"},{"nodeID":"1328180","text":"Arguing","type":"YA","timestamp":"2023-11-09 13:35:10"},{"nodeID":"1328181","text":"Default Transition","type":"TA","timestamp":"2023-11-09 13:35:10"},{"nodeID":"1328182","text":"Default Rephrase","type":"MA","timestamp":"2023-11-09 13:35:10"},{"nodeID":"1328183","text":"Restating","type":"YA","timestamp":"2023-11-09 13:35:10"},{"nodeID":"1328184","text":"Default Transition","type":"TA","timestamp":"2023-11-09 13:35:10"},{"nodeID":"1328185","text":"Default Inference","type":"RA","timestamp":"2023-11-09 13:35:10"},{"nodeID":"1328186","text":"Arguing","type":"YA","timestamp":"2023-11-09 13:35:10"},{"nodeID":"1328187","text":"Default Transition","type":"TA","timestamp":"2023-11-09 13:35:10"},{"nodeID":"1328188","text":"Default Inference","type":"RA","timestamp":"2023-11-09 13:35:10"},{"nodeID":"1328189","text":"Arguing","type":"YA","timestamp":"2023-11-09 13:35:10"},{"nodeID":"1328190","text":"people might want green space around their homes","type":"I","timestamp":"2023-11-09 13:35:11"},{"nodeID":"1328191","text":"Fiona Bruce: They might want green space around their homes","type":"L","timestamp":"2023-11-09 13:35:11"},{"nodeID":"1328192","text":"Analysing","type":"YA","timestamp":"2023-11-09 13:35:11"},{"nodeID":"1328193","text":"Calum: Fiona Bruce: They might want green space around their homes","type":"L","timestamp":"2023-11-09 13:35:11"},{"nodeID":"1328194","text":"Asserting","type":"YA","timestamp":"2023-11-09 13:35:11"},{"nodeID":"1328195","text":"the UK has got massive amount of brown field land with golf courses on","type":"I","timestamp":"2023-11-09 13:35:11"},{"nodeID":"1328196","text":"Olivia Utley: We have got massive amount of brown field land with golf courses on","type":"L","timestamp":"2023-11-09 13:35:11"},{"nodeID":"1328197","text":"Analysing","type":"YA","timestamp":"2023-11-09 13:35:11"},{"nodeID":"1328198","text":"Calum: Olivia Utley: We have got massive amount of brown field land with golf courses on","type":"L","timestamp":"2023-11-09 13:35:11"},{"nodeID":"1328199","text":"Asserting","type":"YA","timestamp":"2023-11-09 13:35:11"},{"nodeID":"1328200","text":"Default Transition","type":"TA","timestamp":"2023-11-09 13:35:11"},{"nodeID":"1328201","text":"Default Transition","type":"TA","timestamp":"2023-11-09 13:35:11"},{"nodeID":"1328202","text":"the UK have a massive housing strategy","type":"I","timestamp":"2023-11-09 13:35:12"},{"nodeID":"1328203","text":"Minette Batters: We have a massive housing strategy","type":"L","timestamp":"2023-11-09 13:35:12"},{"nodeID":"1328204","text":"Analysing","type":"YA","timestamp":"2023-11-09 13:35:12"},{"nodeID":"1328205","text":"Calum: Minette Batters: We have a massive housing strategy","type":"L","timestamp":"2023-11-09 13:35:12"},{"nodeID":"1328206","text":"Asserting","type":"YA","timestamp":"2023-11-09 13:35:12"},{"nodeID":"1328207","text":"the UK are building houses on grade one and two land","type":"I","timestamp":"2023-11-09 13:35:12"},{"nodeID":"1328208","text":"Minette Batters: we are building houses on grade one and two land","type":"L","timestamp":"2023-11-09 13:35:12"},{"nodeID":"1328209","text":"Analysing","type":"YA","timestamp":"2023-11-09 13:35:12"},{"nodeID":"1328210","text":"Calum: Minette Batters: we are building houses on grade one and two land","type":"L","timestamp":"2023-11-09 13:35:12"},{"nodeID":"1328211","text":"Asserting","type":"YA","timestamp":"2023-11-09 13:35:12"},{"nodeID":"1328212","text":"the UK are putting solar things up","type":"I","timestamp":"2023-11-09 13:35:13"},{"nodeID":"1328213","text":"Minette Batters: We are putting solar things up","type":"L","timestamp":"2023-11-09 13:35:13"},{"nodeID":"1328214","text":"Analysing","type":"YA","timestamp":"2023-11-09 13:35:13"},{"nodeID":"1328215","text":"Calum: Minette Batters: We are putting solar things up","type":"L","timestamp":"2023-11-09 13:35:13"},{"nodeID":"1328216","text":"Asserting","type":"YA","timestamp":"2023-11-09 13:35:13"},{"nodeID":"1328217","text":"there are plenty of places we could build homes without harm to the environment in the area","type":"I","timestamp":"2023-11-09 13:35:13"},{"nodeID":"1328218","text":"Olivia Utley: There are plenty of places we could build without harm to the environment in the area","type":"L","timestamp":"2023-11-09 13:35:13"},{"nodeID":"1328219","text":"Analysing","type":"YA","timestamp":"2023-11-09 13:35:13"},{"nodeID":"1328220","text":"Calum: Olivia Utley: There are plenty of places we could build without harm to the environment in the area","type":"L","timestamp":"2023-11-09 13:35:13"},{"nodeID":"1328221","text":"Asserting","type":"YA","timestamp":"2023-11-09 13:35:13"},{"nodeID":"1328222","text":"there are a lot of heads shaking in the Question Time audience","type":"I","timestamp":"2023-11-09 13:35:14"},{"nodeID":"1328223","text":"Fiona Bruce: There's a lot of heads shaking in the audience","type":"L","timestamp":"2023-11-09 13:35:14"},{"nodeID":"1328224","text":"Analysing","type":"YA","timestamp":"2023-11-09 13:35:14"},{"nodeID":"1328225","text":"Calum: Fiona Bruce: There's a lot of heads shaking in the audience","type":"L","timestamp":"2023-11-09 13:35:14"},{"nodeID":"1328226","text":"Asserting","type":"YA","timestamp":"2023-11-09 13:35:14"},{"nodeID":"1328227","text":"Default Transition","type":"TA","timestamp":"2023-11-09 13:35:14"},{"nodeID":"1328228","text":"Default Transition","type":"TA","timestamp":"2023-11-09 13:35:14"},{"nodeID":"1328229","text":"Default Inference","type":"RA","timestamp":"2023-11-09 13:35:14"},{"nodeID":"1328230","text":"Default Transition","type":"TA","timestamp":"2023-11-09 13:35:14"},{"nodeID":"1328231","text":"Arguing","type":"YA","timestamp":"2023-11-09 13:35:14"},{"nodeID":"1328232","text":"Default Transition","type":"TA","timestamp":"2023-11-09 13:35:14"},{"nodeID":"1328233","text":"Default Transition","type":"TA","timestamp":"2023-11-09 13:35:14"},{"nodeID":"1328234","text":"Default Rephrase","type":"MA","timestamp":"2023-11-09 13:35:14"},{"nodeID":"1328235","text":"Default Conflict","type":"CA","timestamp":"2023-11-09 13:35:14"},{"nodeID":"1328236","text":"Disagreeing","type":"YA","timestamp":"2023-11-09 13:35:14"},{"nodeID":"1328237","text":"Restating","type":"YA","timestamp":"2023-11-09 13:35:14"},{"nodeID":"1328238","text":"Default Conflict","type":"CA","timestamp":"2023-11-09 13:35:14"},{"nodeID":"1328239","text":"Disagreeing","type":"YA","timestamp":"2023-11-09 13:35:14"}],"edges":[{"edgeID":"1742193","fromID":"1328045","toID":"1328044","formEdgeID":null},{"edgeID":"1742194","fromID":"1328046","toID":"1328045","formEdgeID":null},{"edgeID":"1742195","fromID":"1328044","toID":"1328047","formEdgeID":null},{"edgeID":"1742196","fromID":"1328047","toID":"1328043","formEdgeID":null},{"edgeID":"1742197","fromID":"1328050","toID":"1328049","formEdgeID":null},{"edgeID":"1742198","fromID":"1328051","toID":"1328050","formEdgeID":null},{"edgeID":"1742199","fromID":"1328049","toID":"1328052","formEdgeID":null},{"edgeID":"1742200","fromID":"1328052","toID":"1328048","formEdgeID":null},{"edgeID":"1742201","fromID":"1328055","toID":"1328054","formEdgeID":null},{"edgeID":"1742202","fromID":"1328056","toID":"1328055","formEdgeID":null},{"edgeID":"1742203","fromID":"1328054","toID":"1328057","formEdgeID":null},{"edgeID":"1742204","fromID":"1328057","toID":"1328053","formEdgeID":null},{"edgeID":"1742205","fromID":"1328060","toID":"1328059","formEdgeID":null},{"edgeID":"1742206","fromID":"1328061","toID":"1328060","formEdgeID":null},{"edgeID":"1742207","fromID":"1328059","toID":"1328062","formEdgeID":null},{"edgeID":"1742208","fromID":"1328062","toID":"1328058","formEdgeID":null},{"edgeID":"1742209","fromID":"1328065","toID":"1328064","formEdgeID":null},{"edgeID":"1742210","fromID":"1328066","toID":"1328065","formEdgeID":null},{"edgeID":"1742211","fromID":"1328064","toID":"1328067","formEdgeID":null},{"edgeID":"1742212","fromID":"1328067","toID":"1328063","formEdgeID":null},{"edgeID":"1742213","fromID":"1328070","toID":"1328069","formEdgeID":null},{"edgeID":"1742214","fromID":"1328071","toID":"1328070","formEdgeID":null},{"edgeID":"1742215","fromID":"1328069","toID":"1328072","formEdgeID":null},{"edgeID":"1742216","fromID":"1328072","toID":"1328068","formEdgeID":null},{"edgeID":"1742217","fromID":"1328044","toID":"1328073","formEdgeID":null},{"edgeID":"1742218","fromID":"1328073","toID":"1328049","formEdgeID":null},{"edgeID":"1742219","fromID":"1328074","toID":"1328054","formEdgeID":null},{"edgeID":"1742220","fromID":"1328049","toID":"1328074","formEdgeID":null},{"edgeID":"1742221","fromID":"1328048","toID":"1328075","formEdgeID":null},{"edgeID":"1742222","fromID":"1328075","toID":"1328053","formEdgeID":null},{"edgeID":"1742223","fromID":"1328076","toID":"1328075","formEdgeID":null},{"edgeID":"1742224","fromID":"1328074","toID":"1328076","formEdgeID":null},{"edgeID":"1742225","fromID":"1328053","toID":"1328077","formEdgeID":null},{"edgeID":"1742226","fromID":"1328077","toID":"1328058","formEdgeID":null},{"edgeID":"1742227","fromID":"1328054","toID":"1328078","formEdgeID":null},{"edgeID":"1742228","fromID":"1328078","toID":"1328059","formEdgeID":null},{"edgeID":"1742229","fromID":"1328078","toID":"1328079","formEdgeID":null},{"edgeID":"1742230","fromID":"1328079","toID":"1328077","formEdgeID":null},{"edgeID":"1742231","fromID":"1328059","toID":"1328080","formEdgeID":null},{"edgeID":"1742232","fromID":"1328080","toID":"1328064","formEdgeID":null},{"edgeID":"1742233","fromID":"1328081","toID":"1328063","formEdgeID":null},{"edgeID":"1742234","fromID":"1328058","toID":"1328081","formEdgeID":null},{"edgeID":"1742235","fromID":"1328082","toID":"1328081","formEdgeID":null},{"edgeID":"1742236","fromID":"1328080","toID":"1328082","formEdgeID":null},{"edgeID":"1742237","fromID":"1328064","toID":"1328083","formEdgeID":null},{"edgeID":"1742238","fromID":"1328083","toID":"1328069","formEdgeID":null},{"edgeID":"1742239","fromID":"1328068","toID":"1328084","formEdgeID":null},{"edgeID":"1742240","fromID":"1328084","toID":"1328063","formEdgeID":null},{"edgeID":"1742241","fromID":"1328083","toID":"1328085","formEdgeID":null},{"edgeID":"1742242","fromID":"1328085","toID":"1328084","formEdgeID":null},{"edgeID":"1742243","fromID":"1328089","toID":"1328087","formEdgeID":null},{"edgeID":"1742244","fromID":"1328088","toID":"1328089","formEdgeID":null},{"edgeID":"1742245","fromID":"1328087","toID":"1328090","formEdgeID":null},{"edgeID":"1742246","fromID":"1328090","toID":"1328086","formEdgeID":null},{"edgeID":"1742247","fromID":"1328069","toID":"1328091","formEdgeID":null},{"edgeID":"1742248","fromID":"1328091","toID":"1328087","formEdgeID":null},{"edgeID":"1742249","fromID":"1328094","toID":"1328093","formEdgeID":null},{"edgeID":"1742250","fromID":"1328095","toID":"1328094","formEdgeID":null},{"edgeID":"1742251","fromID":"1328093","toID":"1328096","formEdgeID":null},{"edgeID":"1742252","fromID":"1328096","toID":"1328092","formEdgeID":null},{"edgeID":"1742253","fromID":"1328098","toID":"1328099","formEdgeID":null},{"edgeID":"1742254","fromID":"1328100","toID":"1328098","formEdgeID":null},{"edgeID":"1742255","fromID":"1328101","toID":"1328097","formEdgeID":null},{"edgeID":"1742256","fromID":"1328099","toID":"1328101","formEdgeID":null},{"edgeID":"1742257","fromID":"1328104","toID":"1328103","formEdgeID":null},{"edgeID":"1742258","fromID":"1328105","toID":"1328104","formEdgeID":null},{"edgeID":"1742259","fromID":"1328103","toID":"1328106","formEdgeID":null},{"edgeID":"1742260","fromID":"1328106","toID":"1328102","formEdgeID":null},{"edgeID":"1742261","fromID":"1328109","toID":"1328108","formEdgeID":null},{"edgeID":"1742262","fromID":"1328110","toID":"1328109","formEdgeID":null},{"edgeID":"1742263","fromID":"1328108","toID":"1328111","formEdgeID":null},{"edgeID":"1742264","fromID":"1328111","toID":"1328107","formEdgeID":null},{"edgeID":"1742265","fromID":"1328114","toID":"1328113","formEdgeID":null},{"edgeID":"1742266","fromID":"1328115","toID":"1328114","formEdgeID":null},{"edgeID":"1742267","fromID":"1328113","toID":"1328116","formEdgeID":null},{"edgeID":"1742268","fromID":"1328116","toID":"1328112","formEdgeID":null},{"edgeID":"1742269","fromID":"1328087","toID":"1328117","formEdgeID":null},{"edgeID":"1742270","fromID":"1328117","toID":"1328093","formEdgeID":null},{"edgeID":"1742271","fromID":"1328092","toID":"1328118","formEdgeID":null},{"edgeID":"1742272","fromID":"1328118","toID":"1328086","formEdgeID":null},{"edgeID":"1742273","fromID":"1328117","toID":"1328119","formEdgeID":null},{"edgeID":"1742274","fromID":"1328119","toID":"1328118","formEdgeID":null},{"edgeID":"1742275","fromID":"1328093","toID":"1328120","formEdgeID":null},{"edgeID":"1742276","fromID":"1328120","toID":"1328099","formEdgeID":null},{"edgeID":"1742277","fromID":"1328097","toID":"1328121","formEdgeID":null},{"edgeID":"1742278","fromID":"1328121","toID":"1328092","formEdgeID":null},{"edgeID":"1742279","fromID":"1328120","toID":"1328122","formEdgeID":null},{"edgeID":"1742280","fromID":"1328122","toID":"1328121","formEdgeID":null},{"edgeID":"1742281","fromID":"1328099","toID":"1328123","formEdgeID":null},{"edgeID":"1742282","fromID":"1328123","toID":"1328103","formEdgeID":null},{"edgeID":"1742283","fromID":"1328102","toID":"1328124","formEdgeID":null},{"edgeID":"1742284","fromID":"1328124","toID":"1328097","formEdgeID":null},{"edgeID":"1742285","fromID":"1328123","toID":"1328125","formEdgeID":null},{"edgeID":"1742286","fromID":"1328125","toID":"1328124","formEdgeID":null},{"edgeID":"1742287","fromID":"1328103","toID":"1328126","formEdgeID":null},{"edgeID":"1742288","fromID":"1328126","toID":"1328108","formEdgeID":null},{"edgeID":"1742289","fromID":"1328107","toID":"1328127","formEdgeID":null},{"edgeID":"1742290","fromID":"1328127","toID":"1328102","formEdgeID":null},{"edgeID":"1742291","fromID":"1328126","toID":"1328128","formEdgeID":null},{"edgeID":"1742292","fromID":"1328128","toID":"1328127","formEdgeID":null},{"edgeID":"1742293","fromID":"1328108","toID":"1328129","formEdgeID":null},{"edgeID":"1742294","fromID":"1328129","toID":"1328113","formEdgeID":null},{"edgeID":"1742295","fromID":"1328107","toID":"1328130","formEdgeID":null},{"edgeID":"1742296","fromID":"1328130","toID":"1328112","formEdgeID":null},{"edgeID":"1742297","fromID":"1328129","toID":"1328131","formEdgeID":null},{"edgeID":"1742298","fromID":"1328131","toID":"1328130","formEdgeID":null},{"edgeID":"1742299","fromID":"1328134","toID":"1328133","formEdgeID":null},{"edgeID":"1742300","fromID":"1328135","toID":"1328134","formEdgeID":null},{"edgeID":"1742301","fromID":"1328133","toID":"1328136","formEdgeID":null},{"edgeID":"1742302","fromID":"1328136","toID":"1328132","formEdgeID":null},{"edgeID":"1742303","fromID":"1328139","toID":"1328138","formEdgeID":null},{"edgeID":"1742304","fromID":"1328140","toID":"1328139","formEdgeID":null},{"edgeID":"1742305","fromID":"1328138","toID":"1328141","formEdgeID":null},{"edgeID":"1742306","fromID":"1328141","toID":"1328137","formEdgeID":null},{"edgeID":"1742307","fromID":"1328144","toID":"1328143","formEdgeID":null},{"edgeID":"1742308","fromID":"1328145","toID":"1328144","formEdgeID":null},{"edgeID":"1742309","fromID":"1328143","toID":"1328146","formEdgeID":null},{"edgeID":"1742310","fromID":"1328146","toID":"1328142","formEdgeID":null},{"edgeID":"1742311","fromID":"1328149","toID":"1328148","formEdgeID":null},{"edgeID":"1742312","fromID":"1328150","toID":"1328149","formEdgeID":null},{"edgeID":"1742313","fromID":"1328148","toID":"1328151","formEdgeID":null},{"edgeID":"1742314","fromID":"1328151","toID":"1328147","formEdgeID":null},{"edgeID":"1742315","fromID":"1328154","toID":"1328153","formEdgeID":null},{"edgeID":"1742316","fromID":"1328155","toID":"1328154","formEdgeID":null},{"edgeID":"1742317","fromID":"1328153","toID":"1328156","formEdgeID":null},{"edgeID":"1742318","fromID":"1328156","toID":"1328152","formEdgeID":null},{"edgeID":"1742319","fromID":"1328159","toID":"1328158","formEdgeID":null},{"edgeID":"1742320","fromID":"1328160","toID":"1328159","formEdgeID":null},{"edgeID":"1742321","fromID":"1328158","toID":"1328161","formEdgeID":null},{"edgeID":"1742322","fromID":"1328161","toID":"1328157","formEdgeID":null},{"edgeID":"1742323","fromID":"1328164","toID":"1328163","formEdgeID":null},{"edgeID":"1742324","fromID":"1328165","toID":"1328164","formEdgeID":null},{"edgeID":"1742325","fromID":"1328163","toID":"1328166","formEdgeID":null},{"edgeID":"1742326","fromID":"1328166","toID":"1328162","formEdgeID":null},{"edgeID":"1742327","fromID":"1328169","toID":"1328168","formEdgeID":null},{"edgeID":"1742328","fromID":"1328170","toID":"1328169","formEdgeID":null},{"edgeID":"1742329","fromID":"1328168","toID":"1328171","formEdgeID":null},{"edgeID":"1742330","fromID":"1328171","toID":"1328167","formEdgeID":null},{"edgeID":"1742331","fromID":"1328138","toID":"1328172","formEdgeID":null},{"edgeID":"1742332","fromID":"1328172","toID":"1328133","formEdgeID":null},{"edgeID":"1742333","fromID":"1328093","toID":"1328173","formEdgeID":null},{"edgeID":"1742334","fromID":"1328173","toID":"1328138","formEdgeID":null},{"edgeID":"1742335","fromID":"1328137","toID":"1328174","formEdgeID":null},{"edgeID":"1742336","fromID":"1328174","toID":"1328092","formEdgeID":null},{"edgeID":"1742337","fromID":"1328173","toID":"1328175","formEdgeID":null},{"edgeID":"1742338","fromID":"1328175","toID":"1328174","formEdgeID":null},{"edgeID":"1742339","fromID":"1328138","toID":"1328176","formEdgeID":null},{"edgeID":"1742340","fromID":"1328176","toID":"1328143","formEdgeID":null},{"edgeID":"1742341","fromID":"1328138","toID":"1328177","formEdgeID":null},{"edgeID":"1742342","fromID":"1328177","toID":"1328148","formEdgeID":null},{"edgeID":"1742343","fromID":"1328148","toID":"1328178","formEdgeID":null},{"edgeID":"1742344","fromID":"1328178","toID":"1328153","formEdgeID":null},{"edgeID":"1742345","fromID":"1328142","toID":"1328179","formEdgeID":null},{"edgeID":"1742346","fromID":"1328179","toID":"1328137","formEdgeID":null},{"edgeID":"1742347","fromID":"1328147","toID":"1328179","formEdgeID":null},{"edgeID":"1742348","fromID":"1328177","toID":"1328180","formEdgeID":null},{"edgeID":"1742349","fromID":"1328180","toID":"1328179","formEdgeID":null},{"edgeID":"1742350","fromID":"1328153","toID":"1328181","formEdgeID":null},{"edgeID":"1742351","fromID":"1328181","toID":"1328168","formEdgeID":null},{"edgeID":"1742352","fromID":"1328167","toID":"1328182","formEdgeID":null},{"edgeID":"1742353","fromID":"1328182","toID":"1328152","formEdgeID":null},{"edgeID":"1742354","fromID":"1328181","toID":"1328183","formEdgeID":null},{"edgeID":"1742355","fromID":"1328183","toID":"1328182","formEdgeID":null},{"edgeID":"1742356","fromID":"1328153","toID":"1328184","formEdgeID":null},{"edgeID":"1742357","fromID":"1328184","toID":"1328158","formEdgeID":null},{"edgeID":"1742358","fromID":"1328152","toID":"1328185","formEdgeID":null},{"edgeID":"1742359","fromID":"1328185","toID":"1328157","formEdgeID":null},{"edgeID":"1742360","fromID":"1328184","toID":"1328186","formEdgeID":null},{"edgeID":"1742361","fromID":"1328186","toID":"1328185","formEdgeID":null},{"edgeID":"1742362","fromID":"1328153","toID":"1328187","formEdgeID":null},{"edgeID":"1742363","fromID":"1328187","toID":"1328163","formEdgeID":null},{"edgeID":"1742364","fromID":"1328162","toID":"1328188","formEdgeID":null},{"edgeID":"1742365","fromID":"1328188","toID":"1328152","formEdgeID":null},{"edgeID":"1742366","fromID":"1328187","toID":"1328189","formEdgeID":null},{"edgeID":"1742367","fromID":"1328189","toID":"1328188","formEdgeID":null},{"edgeID":"1742368","fromID":"1328192","toID":"1328191","formEdgeID":null},{"edgeID":"1742369","fromID":"1328193","toID":"1328192","formEdgeID":null},{"edgeID":"1742370","fromID":"1328191","toID":"1328194","formEdgeID":null},{"edgeID":"1742371","fromID":"1328194","toID":"1328190","formEdgeID":null},{"edgeID":"1742372","fromID":"1328197","toID":"1328196","formEdgeID":null},{"edgeID":"1742373","fromID":"1328198","toID":"1328197","formEdgeID":null},{"edgeID":"1742374","fromID":"1328196","toID":"1328199","formEdgeID":null},{"edgeID":"1742375","fromID":"1328199","toID":"1328195","formEdgeID":null},{"edgeID":"1742376","fromID":"1328168","toID":"1328200","formEdgeID":null},{"edgeID":"1742377","fromID":"1328200","toID":"1328191","formEdgeID":null},{"edgeID":"1742378","fromID":"1328191","toID":"1328201","formEdgeID":null},{"edgeID":"1742379","fromID":"1328201","toID":"1328196","formEdgeID":null},{"edgeID":"1742380","fromID":"1328204","toID":"1328203","formEdgeID":null},{"edgeID":"1742381","fromID":"1328205","toID":"1328204","formEdgeID":null},{"edgeID":"1742382","fromID":"1328203","toID":"1328206","formEdgeID":null},{"edgeID":"1742383","fromID":"1328206","toID":"1328202","formEdgeID":null},{"edgeID":"1742384","fromID":"1328209","toID":"1328208","formEdgeID":null},{"edgeID":"1742385","fromID":"1328210","toID":"1328209","formEdgeID":null},{"edgeID":"1742386","fromID":"1328208","toID":"1328211","formEdgeID":null},{"edgeID":"1742387","fromID":"1328211","toID":"1328207","formEdgeID":null},{"edgeID":"1742388","fromID":"1328214","toID":"1328213","formEdgeID":null},{"edgeID":"1742389","fromID":"1328215","toID":"1328214","formEdgeID":null},{"edgeID":"1742390","fromID":"1328213","toID":"1328216","formEdgeID":null},{"edgeID":"1742391","fromID":"1328216","toID":"1328212","formEdgeID":null},{"edgeID":"1742392","fromID":"1328219","toID":"1328218","formEdgeID":null},{"edgeID":"1742393","fromID":"1328220","toID":"1328219","formEdgeID":null},{"edgeID":"1742394","fromID":"1328218","toID":"1328221","formEdgeID":null},{"edgeID":"1742395","fromID":"1328221","toID":"1328217","formEdgeID":null},{"edgeID":"1742396","fromID":"1328224","toID":"1328223","formEdgeID":null},{"edgeID":"1742397","fromID":"1328225","toID":"1328224","formEdgeID":null},{"edgeID":"1742398","fromID":"1328223","toID":"1328226","formEdgeID":null},{"edgeID":"1742399","fromID":"1328226","toID":"1328222","formEdgeID":null},{"edgeID":"1742400","fromID":"1328196","toID":"1328227","formEdgeID":null},{"edgeID":"1742401","fromID":"1328227","toID":"1328203","formEdgeID":null},{"edgeID":"1742402","fromID":"1328203","toID":"1328228","formEdgeID":null},{"edgeID":"1742403","fromID":"1328228","toID":"1328208","formEdgeID":null},{"edgeID":"1742404","fromID":"1328207","toID":"1328229","formEdgeID":null},{"edgeID":"1742405","fromID":"1328229","toID":"1328202","formEdgeID":null},{"edgeID":"1742406","fromID":"1328212","toID":"1328229","formEdgeID":null},{"edgeID":"1742407","fromID":"1328203","toID":"1328230","formEdgeID":null},{"edgeID":"1742408","fromID":"1328230","toID":"1328213","formEdgeID":null},{"edgeID":"1742409","fromID":"1328230","toID":"1328231","formEdgeID":null},{"edgeID":"1742410","fromID":"1328231","toID":"1328229","formEdgeID":null},{"edgeID":"1742411","fromID":"1328218","toID":"1328232","formEdgeID":null},{"edgeID":"1742412","fromID":"1328232","toID":"1328223","formEdgeID":null},{"edgeID":"1742413","fromID":"1328196","toID":"1328233","formEdgeID":null},{"edgeID":"1742414","fromID":"1328233","toID":"1328218","formEdgeID":null},{"edgeID":"1742415","fromID":"1328217","toID":"1328234","formEdgeID":null},{"edgeID":"1742416","fromID":"1328234","toID":"1328195","formEdgeID":null},{"edgeID":"1742417","fromID":"1328195","toID":"1328235","formEdgeID":null},{"edgeID":"1742418","fromID":"1328235","toID":"1328190","formEdgeID":null},{"edgeID":"1742419","fromID":"1328201","toID":"1328236","formEdgeID":null},{"edgeID":"1742420","fromID":"1328236","toID":"1328235","formEdgeID":null},{"edgeID":"1742421","fromID":"1328233","toID":"1328237","formEdgeID":null},{"edgeID":"1742422","fromID":"1328237","toID":"1328234","formEdgeID":null},{"edgeID":"1742423","fromID":"1328190","toID":"1328238","formEdgeID":null},{"edgeID":"1742424","fromID":"1328238","toID":"1328167","formEdgeID":null},{"edgeID":"1742425","fromID":"1328200","toID":"1328239","formEdgeID":null},{"edgeID":"1742426","fromID":"1328239","toID":"1328238","formEdgeID":null}],"locutions":[]}