{"nodes":[{"nodeID":"1325225","text":"when the Owen Paterson report came forward which showed that Owen Paterson on at least 14 occasions had lobbied Government ministers in favour of companies who were paying him hundreds of thousands of pounds Bim Afolami voted to tear up the rule book","type":"I","timestamp":"2023-11-09 13:31:08"},{"nodeID":"1325226","text":"Chris Bryant: When the Owen Paterson report came forward which showed that Owen Paterson on at least 14 occasions had lobbied Government ministers in favour of companies who were paying him hundreds of thousands of pounds, you voted to tear up the rule book","type":"L","timestamp":"2023-11-09 13:31:08"},{"nodeID":"1325227","text":"Analysing","type":"YA","timestamp":"2023-11-09 13:31:08"},{"nodeID":"1325228","text":"Louise: Chris Bryant: When the Owen Paterson report came forward which showed that Owen Paterson on at least 14 occasions had lobbied Government ministers in favour of companies who were paying him hundreds of thousands of pounds, you voted to tear up the rule book","type":"L","timestamp":"2023-11-09 13:31:08"},{"nodeID":"1325229","text":"Asserting","type":"YA","timestamp":"2023-11-09 13:31:08"},{"nodeID":"1325230","text":"Bim Afolami voted to protect him Owen Paterson","type":"I","timestamp":"2023-11-09 13:31:09"},{"nodeID":"1325231","text":"Chris Bryant: to protect him","type":"L","timestamp":"2023-11-09 13:31:09"},{"nodeID":"1325232","text":"Analysing","type":"YA","timestamp":"2023-11-09 13:31:09"},{"nodeID":"1325233","text":"Louise: Chris Bryant: to protect him","type":"L","timestamp":"2023-11-09 13:31:09"},{"nodeID":"1325234","text":"Asserting","type":"YA","timestamp":"2023-11-09 13:31:09"},{"nodeID":"1325235","text":"Default Rephrase","type":"MA","timestamp":"2023-11-09 13:31:09"},{"nodeID":"1325236","text":"Default Transition","type":"TA","timestamp":"2023-11-09 13:31:09"},{"nodeID":"1325237","text":"Restating","type":"YA","timestamp":"2023-11-09 13:31:09"},{"nodeID":"1325238","text":"Bim Afolami should not have come to the conclusion that voting to protect Owen Paterson was the right thing to do","type":"I","timestamp":"2023-11-09 13:31:09"},{"nodeID":"1325239","text":"Chris Bryant: How on Earth can you come to the conclusion that that was the right thing to do","type":"L","timestamp":"2023-11-09 13:31:09"},{"nodeID":"1325240","text":"Analysing","type":"YA","timestamp":"2023-11-09 13:31:09"},{"nodeID":"1325241","text":"Louise: Chris Bryant: How on Earth can you come to the conclusion that that was the right thing to do","type":"L","timestamp":"2023-11-09 13:31:09"},{"nodeID":"1325242","text":"Rhetorical Questioning","type":"YA","timestamp":"2023-11-09 13:31:09"},{"nodeID":"1325243","text":"Default Rephrase","type":"MA","timestamp":"2023-11-09 13:31:09"},{"nodeID":"1325244","text":"Default Transition","type":"TA","timestamp":"2023-11-09 13:31:09"},{"nodeID":"1325245","text":"Restating","type":"YA","timestamp":"2023-11-09 13:31:09"},{"nodeID":"1325246","text":"Bim Afolami did or did not vote to protect Owen Paterson because he was standing by the whip","type":"I","timestamp":"2023-11-09 13:31:10"},{"nodeID":"1325247","text":"Chris Bryant: Was it just because you were standing by the whip","type":"L","timestamp":"2023-11-09 13:31:10"},{"nodeID":"1325248","text":"Analysing","type":"YA","timestamp":"2023-11-09 13:31:10"},{"nodeID":"1325249","text":"Louise: Chris Bryant: Was it just because you were standing by the whip","type":"L","timestamp":"2023-11-09 13:31:10"},{"nodeID":"1325250","text":"Pure Questioning","type":"YA","timestamp":"2023-11-09 13:31:10"},{"nodeID":"1325251","text":"Default Transition","type":"TA","timestamp":"2023-11-09 13:31:10"},{"nodeID":"1325252","text":"Bim Afolami is a decent person","type":"I","timestamp":"2023-11-09 13:31:11"},{"nodeID":"1325253","text":"Chris Bryant: You are a decent person","type":"L","timestamp":"2023-11-09 13:31:11"},{"nodeID":"1325254","text":"Analysing","type":"YA","timestamp":"2023-11-09 13:31:11"},{"nodeID":"1325255","text":"Louise: Chris Bryant: You are a decent person","type":"L","timestamp":"2023-11-09 13:31:11"},{"nodeID":"1325256","text":"Asserting","type":"YA","timestamp":"2023-11-09 13:31:11"},{"nodeID":"1325257","text":"Default Transition","type":"TA","timestamp":"2023-11-09 13:31:11"},{"nodeID":"1325258","text":"voting to protect Owen Paterson was not the right thing to do","type":"I","timestamp":"2023-11-09 13:31:11"},{"nodeID":"1325259","text":"Chris Bryant: How on Earth was that the right thing to do","type":"L","timestamp":"2023-11-09 13:31:11"},{"nodeID":"1325260","text":"Analysing","type":"YA","timestamp":"2023-11-09 13:31:11"},{"nodeID":"1325261","text":"Louise: Chris Bryant: How on Earth was that the right thing to do","type":"L","timestamp":"2023-11-09 13:31:11"},{"nodeID":"1325262","text":"Rhetorical Questioning","type":"YA","timestamp":"2023-11-09 13:31:11"},{"nodeID":"1325263","text":"Default Rephrase","type":"MA","timestamp":"2023-11-09 13:31:11"},{"nodeID":"1325264","text":"Default Transition","type":"TA","timestamp":"2023-11-09 13:31:11"},{"nodeID":"1325265","text":"Restating","type":"YA","timestamp":"2023-11-09 13:31:11"},{"nodeID":"1325266","text":"Bim Afolami voting to protect Owen Paterson is where all of this started","type":"I","timestamp":"2023-11-09 13:31:12"},{"nodeID":"1325267","text":"Chris Bryant: that's where all of this started","type":"L","timestamp":"2023-11-09 13:31:12"},{"nodeID":"1325268","text":"Analysing","type":"YA","timestamp":"2023-11-09 13:31:12"},{"nodeID":"1325269","text":"Louise: Chris Bryant: that's where all of this started","type":"L","timestamp":"2023-11-09 13:31:12"},{"nodeID":"1325270","text":"Asserting","type":"YA","timestamp":"2023-11-09 13:31:12"},{"nodeID":"1325271","text":"Default Transition","type":"TA","timestamp":"2023-11-09 13:31:12"},{"nodeID":"1325272","text":"it didn't start in June of this year","type":"I","timestamp":"2023-11-09 13:31:12"},{"nodeID":"1325273","text":"Chris Bryant: It didn't start in June of this year","type":"L","timestamp":"2023-11-09 13:31:12"},{"nodeID":"1325274","text":"Analysing","type":"YA","timestamp":"2023-11-09 13:31:12"},{"nodeID":"1325275","text":"Louise: Chris Bryant: It didn't start in June of this year","type":"L","timestamp":"2023-11-09 13:31:12"},{"nodeID":"1325276","text":"Asserting","type":"YA","timestamp":"2023-11-09 13:31:12"},{"nodeID":"1325277","text":"Default Transition","type":"TA","timestamp":"2023-11-09 13:31:12"},{"nodeID":"1325278","text":"Default Inference","type":"RA","timestamp":"2023-11-09 13:31:12"},{"nodeID":"1325279","text":"Arguing","type":"YA","timestamp":"2023-11-09 13:31:12"},{"nodeID":"1325280","text":"the government was trying to deal with some of the broader problems with the whole system that many people felt was unfair","type":"I","timestamp":"2023-11-09 13:31:13"},{"nodeID":"1325281","text":"Bim Afolami: we were trying to deal with some of the broader problems with the whole system that many people felt was unfair","type":"L","timestamp":"2023-11-09 13:31:13"},{"nodeID":"1325282","text":"Analysing","type":"YA","timestamp":"2023-11-09 13:31:13"},{"nodeID":"1325283","text":"Louise: Bim Afolami: we were trying to deal with some of the broader problems with the whole system that many people felt was unfair","type":"L","timestamp":"2023-11-09 13:31:13"},{"nodeID":"1325284","text":"Asserting","type":"YA","timestamp":"2023-11-09 13:31:13"},{"nodeID":"1325285","text":"Default Transition","type":"TA","timestamp":"2023-11-09 13:31:13"},{"nodeID":"1325286","text":"people weren't given a right of address in the way that system worked in Parliament","type":"I","timestamp":"2023-11-09 13:31:14"},{"nodeID":"1325287","text":"Bim Afolami:  didn't give people a right of address in the way that system worked in Parliament","type":"L","timestamp":"2023-11-09 13:31:14"},{"nodeID":"1325288","text":"Analysing","type":"YA","timestamp":"2023-11-09 13:31:14"},{"nodeID":"1325289","text":"Louise: Bim Afolami:  didn't give people a right of address in the way that system worked in Parliament","type":"L","timestamp":"2023-11-09 13:31:14"},{"nodeID":"1325290","text":"Asserting","type":"YA","timestamp":"2023-11-09 13:31:14"},{"nodeID":"1325291","text":"Default Inference","type":"RA","timestamp":"2023-11-09 13:31:14"},{"nodeID":"1325292","text":"Default Transition","type":"TA","timestamp":"2023-11-09 13:31:14"},{"nodeID":"1325293","text":"Arguing","type":"YA","timestamp":"2023-11-09 13:31:14"},{"nodeID":"1325294","text":"the timing of the Owen Paterson vote was or was not coincidental","type":"I","timestamp":"2023-11-09 13:31:14"},{"nodeID":"1325295","text":"Fiona Bruce: The timing was coincidental with Owen Paterson","type":"L","timestamp":"2023-11-09 13:31:14"},{"nodeID":"1325296","text":"Analysing","type":"YA","timestamp":"2023-11-09 13:31:14"},{"nodeID":"1325297","text":"Louise: Fiona Bruce: The timing was coincidental with Owen Paterson","type":"L","timestamp":"2023-11-09 13:31:14"},{"nodeID":"1325298","text":"Pure Questioning","type":"YA","timestamp":"2023-11-09 13:31:14"},{"nodeID":"1325299","text":"Default Transition","type":"TA","timestamp":"2023-11-09 13:31:14"},{"nodeID":"1325300","text":"the mistake we made was trying to change some of the broader problems within the whole system at the same time as the Owen Paterson issue came up","type":"I","timestamp":"2023-11-09 13:31:15"},{"nodeID":"1325301","text":"Bim Afolami: the mistake we made was doing the same thing, trying to make those changes at the same time as the Owen Paterson issue came up","type":"L","timestamp":"2023-11-09 13:31:15"},{"nodeID":"1325302","text":"Analysing","type":"YA","timestamp":"2023-11-09 13:31:15"},{"nodeID":"1325303","text":"Louise: Bim Afolami: the mistake we made was doing the same thing, trying to make those changes at the same time as the Owen Paterson issue came up","type":"L","timestamp":"2023-11-09 13:31:15"},{"nodeID":"1325304","text":"Asserting","type":"YA","timestamp":"2023-11-09 13:31:15"},{"nodeID":"1325305","text":"Default Transition","type":"TA","timestamp":"2023-11-09 13:31:15"},{"nodeID":"1325306","text":"trying to change some of the broader problems within the whole system at the same time as the Owen Paterson issue was obviously a mistake","type":"I","timestamp":"2023-11-09 13:31:15"},{"nodeID":"1325307","text":"Bim Afolami: That was obviously a mistake","type":"L","timestamp":"2023-11-09 13:31:15"},{"nodeID":"1325308","text":"Analysing","type":"YA","timestamp":"2023-11-09 13:31:15"},{"nodeID":"1325309","text":"Louise: Bim Afolami: That was obviously a mistake","type":"L","timestamp":"2023-11-09 13:31:15"},{"nodeID":"1325310","text":"Asserting","type":"YA","timestamp":"2023-11-09 13:31:15"},{"nodeID":"1325311","text":"Default Rephrase","type":"MA","timestamp":"2023-11-09 13:31:15"},{"nodeID":"1325312","text":"Default Transition","type":"TA","timestamp":"2023-11-09 13:31:15"},{"nodeID":"1325313","text":"Restating","type":"YA","timestamp":"2023-11-09 13:31:15"},{"nodeID":"1325314","text":"within 24 hours of the Owen Paterson vote the parliamentary party and the Government have said look we made a mistake","type":"I","timestamp":"2023-11-09 13:31:16"},{"nodeID":"1325315","text":"Bim Afolami:  within 24 hours the parliamentary party and the Government have said look we made a mistake","type":"L","timestamp":"2023-11-09 13:31:16"},{"nodeID":"1325316","text":"Analysing","type":"YA","timestamp":"2023-11-09 13:31:16"},{"nodeID":"1325317","text":"Louise: Bim Afolami:  within 24 hours the parliamentary party and the Government have said look we made a mistake","type":"L","timestamp":"2023-11-09 13:31:16"},{"nodeID":"1325318","text":"The Government: look we made a mistake","type":"L","timestamp":"2023-11-09 13:31:16"},{"nodeID":"1325319","text":"Analysing","type":"YA","timestamp":"2023-11-09 13:31:16"},{"nodeID":"1325320","text":"Louise: The Government:  within 24 hours the parliamentary party and the Government have said look we made a mistake","type":"L","timestamp":"2023-11-09 13:31:16"},{"nodeID":"1325321","text":"Asserting","type":"YA","timestamp":"2023-11-09 13:31:16"},{"nodeID":"1325322","text":"Asserting","type":"YA","timestamp":"2023-11-09 13:31:16"},{"nodeID":"1325323","text":"Default Transition","type":"TA","timestamp":"2023-11-09 13:31:16"},{"nodeID":"1325324","text":"Default Rephrase","type":"MA","timestamp":"2023-11-09 13:31:16"},{"nodeID":"1325325","text":"xxx is how we rebuild trust now","type":"I","timestamp":"2023-11-09 13:31:16"},{"nodeID":"1325326","text":"Bim Afolami: how do we rebuild trust now","type":"L","timestamp":"2023-11-09 13:31:16"},{"nodeID":"1325327","text":"Analysing","type":"YA","timestamp":"2023-11-09 13:31:16"},{"nodeID":"1325328","text":"Louise: Bim Afolami: how do we rebuild trust now","type":"L","timestamp":"2023-11-09 13:31:16"},{"nodeID":"1325329","text":"Pure Questioning","type":"YA","timestamp":"2023-11-09 13:31:16"},{"nodeID":"1325330","text":"Default Transition","type":"TA","timestamp":"2023-11-09 13:31:16"},{"nodeID":"1325331","text":"a change in leader will not necessarily rebuild trust","type":"I","timestamp":"2023-11-09 13:31:17"},{"nodeID":"1325332","text":"Bim Afolami: it's not necessarily a change in leader will do that","type":"L","timestamp":"2023-11-09 13:31:17"},{"nodeID":"1325333","text":"Analysing","type":"YA","timestamp":"2023-11-09 13:31:17"},{"nodeID":"1325334","text":"Louise: Bim Afolami: it's not necessarily a change in leader will do that","type":"L","timestamp":"2023-11-09 13:31:17"},{"nodeID":"1325335","text":"Asserting","type":"YA","timestamp":"2023-11-09 13:31:17"},{"nodeID":"1325336","text":"Default Transition","type":"TA","timestamp":"2023-11-09 13:31:17"},{"nodeID":"1325337","text":"the new Conservative Party leader and new Government and party will have to try and rebuild trust with you and other people in the audience","type":"I","timestamp":"2023-11-09 13:31:18"},{"nodeID":"1325338","text":"Bim Afolami: The new leader and new Government and party will have to try and rebuild that trust with you and other people in the audience","type":"L","timestamp":"2023-11-09 13:31:18"},{"nodeID":"1325339","text":"Analysing","type":"YA","timestamp":"2023-11-09 13:31:18"},{"nodeID":"1325340","text":"Louise: Bim Afolami: The new leader and new Government and party will have to try and rebuild that trust with you and other people in the audience","type":"L","timestamp":"2023-11-09 13:31:18"},{"nodeID":"1325341","text":"Asserting","type":"YA","timestamp":"2023-11-09 13:31:18"},{"nodeID":"1325342","text":"Default Inference","type":"RA","timestamp":"2023-11-09 13:31:18"},{"nodeID":"1325343","text":"Default Transition","type":"TA","timestamp":"2023-11-09 13:31:18"},{"nodeID":"1325344","text":"Arguing","type":"YA","timestamp":"2023-11-09 13:31:18"},{"nodeID":"1325345","text":"Bim Afolami hopes the Conservative Party can rebuild the people's trust","type":"I","timestamp":"2023-11-09 13:31:18"},{"nodeID":"1325346","text":"Bim Afolami: I hope we can do","type":"L","timestamp":"2023-11-09 13:31:18"},{"nodeID":"1325347","text":"Analysing","type":"YA","timestamp":"2023-11-09 13:31:18"},{"nodeID":"1325348","text":"Louise: Bim Afolami: I hope we can do","type":"L","timestamp":"2023-11-09 13:31:18"},{"nodeID":"1325349","text":"Asserting","type":"YA","timestamp":"2023-11-09 13:31:18"},{"nodeID":"1325350","text":"Default Transition","type":"TA","timestamp":"2023-11-09 13:31:18"},{"nodeID":"1325351","text":"Default Inference","type":"RA","timestamp":"2023-11-09 13:31:18"},{"nodeID":"1325352","text":"Arguing","type":"YA","timestamp":"2023-11-09 13:31:18"},{"nodeID":"1325353","text":"Restating","type":"YA","timestamp":"2023-11-09 13:31:18"}],"edges":[{"edgeID":"1738836","fromID":"1325227","toID":"1325226","formEdgeID":null},{"edgeID":"1738837","fromID":"1325228","toID":"1325227","formEdgeID":null},{"edgeID":"1738838","fromID":"1325226","toID":"1325229","formEdgeID":null},{"edgeID":"1738839","fromID":"1325229","toID":"1325225","formEdgeID":null},{"edgeID":"1738840","fromID":"1325232","toID":"1325231","formEdgeID":null},{"edgeID":"1738841","fromID":"1325233","toID":"1325232","formEdgeID":null},{"edgeID":"1738842","fromID":"1325231","toID":"1325234","formEdgeID":null},{"edgeID":"1738843","fromID":"1325234","toID":"1325230","formEdgeID":null},{"edgeID":"1738844","fromID":"1325230","toID":"1325235","formEdgeID":null},{"edgeID":"1738845","fromID":"1325235","toID":"1325225","formEdgeID":null},{"edgeID":"1738846","fromID":"1325226","toID":"1325236","formEdgeID":null},{"edgeID":"1738847","fromID":"1325236","toID":"1325231","formEdgeID":null},{"edgeID":"1738848","fromID":"1325236","toID":"1325237","formEdgeID":null},{"edgeID":"1738849","fromID":"1325237","toID":"1325235","formEdgeID":null},{"edgeID":"1738850","fromID":"1325240","toID":"1325239","formEdgeID":null},{"edgeID":"1738851","fromID":"1325241","toID":"1325240","formEdgeID":null},{"edgeID":"1738852","fromID":"1325239","toID":"1325242","formEdgeID":null},{"edgeID":"1738853","fromID":"1325242","toID":"1325238","formEdgeID":null},{"edgeID":"1738854","fromID":"1325238","toID":"1325243","formEdgeID":null},{"edgeID":"1738855","fromID":"1325243","toID":"1325230","formEdgeID":null},{"edgeID":"1738856","fromID":"1325231","toID":"1325244","formEdgeID":null},{"edgeID":"1738857","fromID":"1325244","toID":"1325239","formEdgeID":null},{"edgeID":"1738858","fromID":"1325244","toID":"1325245","formEdgeID":null},{"edgeID":"1738859","fromID":"1325245","toID":"1325243","formEdgeID":null},{"edgeID":"1738860","fromID":"1325248","toID":"1325247","formEdgeID":null},{"edgeID":"1738861","fromID":"1325249","toID":"1325248","formEdgeID":null},{"edgeID":"1738862","fromID":"1325247","toID":"1325250","formEdgeID":null},{"edgeID":"1738863","fromID":"1325250","toID":"1325246","formEdgeID":null},{"edgeID":"1738864","fromID":"1325239","toID":"1325251","formEdgeID":null},{"edgeID":"1738865","fromID":"1325251","toID":"1325247","formEdgeID":null},{"edgeID":"1738866","fromID":"1325254","toID":"1325253","formEdgeID":null},{"edgeID":"1738867","fromID":"1325255","toID":"1325254","formEdgeID":null},{"edgeID":"1738868","fromID":"1325253","toID":"1325256","formEdgeID":null},{"edgeID":"1738869","fromID":"1325256","toID":"1325252","formEdgeID":null},{"edgeID":"1738870","fromID":"1325247","toID":"1325257","formEdgeID":null},{"edgeID":"1738871","fromID":"1325257","toID":"1325253","formEdgeID":null},{"edgeID":"1738872","fromID":"1325260","toID":"1325259","formEdgeID":null},{"edgeID":"1738873","fromID":"1325261","toID":"1325260","formEdgeID":null},{"edgeID":"1738874","fromID":"1325259","toID":"1325262","formEdgeID":null},{"edgeID":"1738875","fromID":"1325262","toID":"1325258","formEdgeID":null},{"edgeID":"1738876","fromID":"1325258","toID":"1325263","formEdgeID":null},{"edgeID":"1738877","fromID":"1325263","toID":"1325238","formEdgeID":null},{"edgeID":"1738878","fromID":"1325239","toID":"1325264","formEdgeID":null},{"edgeID":"1738879","fromID":"1325264","toID":"1325259","formEdgeID":null},{"edgeID":"1738880","fromID":"1325264","toID":"1325265","formEdgeID":null},{"edgeID":"1738881","fromID":"1325265","toID":"1325263","formEdgeID":null},{"edgeID":"1738882","fromID":"1325268","toID":"1325267","formEdgeID":null},{"edgeID":"1738883","fromID":"1325269","toID":"1325268","formEdgeID":null},{"edgeID":"1738884","fromID":"1325267","toID":"1325270","formEdgeID":null},{"edgeID":"1738885","fromID":"1325270","toID":"1325266","formEdgeID":null},{"edgeID":"1738886","fromID":"1325259","toID":"1325271","formEdgeID":null},{"edgeID":"1738887","fromID":"1325271","toID":"1325267","formEdgeID":null},{"edgeID":"1738888","fromID":"1325274","toID":"1325273","formEdgeID":null},{"edgeID":"1738889","fromID":"1325275","toID":"1325274","formEdgeID":null},{"edgeID":"1738890","fromID":"1325273","toID":"1325276","formEdgeID":null},{"edgeID":"1738891","fromID":"1325276","toID":"1325272","formEdgeID":null},{"edgeID":"1738892","fromID":"1325267","toID":"1325277","formEdgeID":null},{"edgeID":"1738893","fromID":"1325277","toID":"1325273","formEdgeID":null},{"edgeID":"1738894","fromID":"1325266","toID":"1325278","formEdgeID":null},{"edgeID":"1738895","fromID":"1325278","toID":"1325272","formEdgeID":null},{"edgeID":"1738896","fromID":"1325277","toID":"1325279","formEdgeID":null},{"edgeID":"1738897","fromID":"1325279","toID":"1325278","formEdgeID":null},{"edgeID":"1738898","fromID":"1325282","toID":"1325281","formEdgeID":null},{"edgeID":"1738899","fromID":"1325283","toID":"1325282","formEdgeID":null},{"edgeID":"1738900","fromID":"1325281","toID":"1325284","formEdgeID":null},{"edgeID":"1738901","fromID":"1325284","toID":"1325280","formEdgeID":null},{"edgeID":"1738902","fromID":"1325273","toID":"1325285","formEdgeID":null},{"edgeID":"1738903","fromID":"1325285","toID":"1325281","formEdgeID":null},{"edgeID":"1738904","fromID":"1325288","toID":"1325287","formEdgeID":null},{"edgeID":"1738905","fromID":"1325289","toID":"1325288","formEdgeID":null},{"edgeID":"1738906","fromID":"1325287","toID":"1325290","formEdgeID":null},{"edgeID":"1738907","fromID":"1325290","toID":"1325286","formEdgeID":null},{"edgeID":"1738908","fromID":"1325280","toID":"1325291","formEdgeID":null},{"edgeID":"1738909","fromID":"1325291","toID":"1325286","formEdgeID":null},{"edgeID":"1738910","fromID":"1325281","toID":"1325292","formEdgeID":null},{"edgeID":"1738911","fromID":"1325292","toID":"1325287","formEdgeID":null},{"edgeID":"1738912","fromID":"1325292","toID":"1325293","formEdgeID":null},{"edgeID":"1738913","fromID":"1325293","toID":"1325291","formEdgeID":null},{"edgeID":"1738914","fromID":"1325296","toID":"1325295","formEdgeID":null},{"edgeID":"1738915","fromID":"1325297","toID":"1325296","formEdgeID":null},{"edgeID":"1738916","fromID":"1325295","toID":"1325298","formEdgeID":null},{"edgeID":"1738917","fromID":"1325298","toID":"1325294","formEdgeID":null},{"edgeID":"1738918","fromID":"1325287","toID":"1325299","formEdgeID":null},{"edgeID":"1738919","fromID":"1325299","toID":"1325295","formEdgeID":null},{"edgeID":"1738920","fromID":"1325302","toID":"1325301","formEdgeID":null},{"edgeID":"1738921","fromID":"1325303","toID":"1325302","formEdgeID":null},{"edgeID":"1738922","fromID":"1325301","toID":"1325304","formEdgeID":null},{"edgeID":"1738923","fromID":"1325304","toID":"1325300","formEdgeID":null},{"edgeID":"1738924","fromID":"1325295","toID":"1325305","formEdgeID":null},{"edgeID":"1738925","fromID":"1325305","toID":"1325301","formEdgeID":null},{"edgeID":"1738926","fromID":"1325308","toID":"1325307","formEdgeID":null},{"edgeID":"1738927","fromID":"1325309","toID":"1325308","formEdgeID":null},{"edgeID":"1738928","fromID":"1325307","toID":"1325310","formEdgeID":null},{"edgeID":"1738929","fromID":"1325310","toID":"1325306","formEdgeID":null},{"edgeID":"1738930","fromID":"1325306","toID":"1325311","formEdgeID":null},{"edgeID":"1738931","fromID":"1325311","toID":"1325300","formEdgeID":null},{"edgeID":"1738932","fromID":"1325301","toID":"1325312","formEdgeID":null},{"edgeID":"1738933","fromID":"1325312","toID":"1325307","formEdgeID":null},{"edgeID":"1738934","fromID":"1325312","toID":"1325313","formEdgeID":null},{"edgeID":"1738935","fromID":"1325313","toID":"1325311","formEdgeID":null},{"edgeID":"1738936","fromID":"1325316","toID":"1325315","formEdgeID":null},{"edgeID":"1738937","fromID":"1325317","toID":"1325316","formEdgeID":null},{"edgeID":"1738938","fromID":"1325319","toID":"1325318","formEdgeID":null},{"edgeID":"1738939","fromID":"1325320","toID":"1325319","formEdgeID":null},{"edgeID":"1738940","fromID":"1325318","toID":"1325321","formEdgeID":null},{"edgeID":"1738941","fromID":"1325321","toID":"1325314","formEdgeID":null},{"edgeID":"1738942","fromID":"1325315","toID":"1325322","formEdgeID":null},{"edgeID":"1738943","fromID":"1325322","toID":"1325318","formEdgeID":null},{"edgeID":"1738944","fromID":"1325307","toID":"1325323","formEdgeID":null},{"edgeID":"1738945","fromID":"1325323","toID":"1325315","formEdgeID":null},{"edgeID":"1738946","fromID":"1325314","toID":"1325324","formEdgeID":null},{"edgeID":"1738947","fromID":"1325324","toID":"1325306","formEdgeID":null},{"edgeID":"1738948","fromID":"1325327","toID":"1325326","formEdgeID":null},{"edgeID":"1738949","fromID":"1325328","toID":"1325327","formEdgeID":null},{"edgeID":"1738950","fromID":"1325326","toID":"1325329","formEdgeID":null},{"edgeID":"1738951","fromID":"1325329","toID":"1325325","formEdgeID":null},{"edgeID":"1738952","fromID":"1325315","toID":"1325330","formEdgeID":null},{"edgeID":"1738953","fromID":"1325330","toID":"1325326","formEdgeID":null},{"edgeID":"1738954","fromID":"1325333","toID":"1325332","formEdgeID":null},{"edgeID":"1738955","fromID":"1325334","toID":"1325333","formEdgeID":null},{"edgeID":"1738956","fromID":"1325332","toID":"1325335","formEdgeID":null},{"edgeID":"1738957","fromID":"1325335","toID":"1325331","formEdgeID":null},{"edgeID":"1738958","fromID":"1325326","toID":"1325336","formEdgeID":null},{"edgeID":"1738959","fromID":"1325336","toID":"1325332","formEdgeID":null},{"edgeID":"1738960","fromID":"1325339","toID":"1325338","formEdgeID":null},{"edgeID":"1738961","fromID":"1325340","toID":"1325339","formEdgeID":null},{"edgeID":"1738962","fromID":"1325338","toID":"1325341","formEdgeID":null},{"edgeID":"1738963","fromID":"1325341","toID":"1325337","formEdgeID":null},{"edgeID":"1738964","fromID":"1325337","toID":"1325342","formEdgeID":null},{"edgeID":"1738965","fromID":"1325342","toID":"1325331","formEdgeID":null},{"edgeID":"1738966","fromID":"1325332","toID":"1325343","formEdgeID":null},{"edgeID":"1738967","fromID":"1325343","toID":"1325338","formEdgeID":null},{"edgeID":"1738968","fromID":"1325343","toID":"1325344","formEdgeID":null},{"edgeID":"1738969","fromID":"1325344","toID":"1325342","formEdgeID":null},{"edgeID":"1738970","fromID":"1325347","toID":"1325346","formEdgeID":null},{"edgeID":"1738971","fromID":"1325348","toID":"1325347","formEdgeID":null},{"edgeID":"1738972","fromID":"1325346","toID":"1325349","formEdgeID":null},{"edgeID":"1738973","fromID":"1325349","toID":"1325345","formEdgeID":null},{"edgeID":"1738974","fromID":"1325338","toID":"1325350","formEdgeID":null},{"edgeID":"1738975","fromID":"1325350","toID":"1325346","formEdgeID":null},{"edgeID":"1738976","fromID":"1325337","toID":"1325351","formEdgeID":null},{"edgeID":"1738977","fromID":"1325351","toID":"1325345","formEdgeID":null},{"edgeID":"1738978","fromID":"1325350","toID":"1325352","formEdgeID":null},{"edgeID":"1738979","fromID":"1325352","toID":"1325351","formEdgeID":null},{"edgeID":"1738980","fromID":"1325323","toID":"1325353","formEdgeID":null},{"edgeID":"1738981","fromID":"1325353","toID":"1325324","formEdgeID":null}],"locutions":[]}