{"nodes":[{"nodeID":"1147231","text":"the point the Prime Minister was making was, wanting to thank people is something he didn't want to resile from","type":"I","timestamp":"2023-04-20 10:24:33"},{"nodeID":"1147236","text":"the Prime Minister asked for that a chance to rebuild that trust","type":"I","timestamp":"2023-04-20 10:24:35"},{"nodeID":"1147244","text":"we gave the Prime Minister that chance only at the beginning of January","type":"I","timestamp":"2023-04-20 10:24:38"},{"nodeID":"1147250","text":"the confidence motion, beginning of June rather, it seems like a bit longer ago now","type":"I","timestamp":"2023-04-20 10:24:40"},{"nodeID":"1147256","text":"Bim Afolami resigned when he did","type":"I","timestamp":"2023-04-20 10:24:43"},{"nodeID":"1147262","text":"the issue with the former deputy Chief Whip","type":"I","timestamp":"2023-04-20 10:24:45"},{"nodeID":"1147270","text":"Bim Afolami felt that that was an example of some of the similar behaviours that we had seen","type":"I","timestamp":"2023-04-20 10:24:47"},{"nodeID":"1147278","text":"Bim Afolami didn't feel things were getting better","type":"I","timestamp":"2023-04-20 10:24:50"},{"nodeID":"1147286","text":"Bim Afolami thought things were not improving","type":"I","timestamp":"2023-04-20 10:24:52"},{"nodeID":"1147294","text":"Bim Afolami felt he should resign","type":"I","timestamp":"2023-04-20 10:24:55"},{"nodeID":"1147302","text":"many other of Bim Afolami's colleagues also resigned","type":"I","timestamp":"2023-04-20 10:24:57"},{"nodeID":"1324268","text":"Bim Afolami: The point he was making was, wanting to thank people is something he didn't want to resile from","type":"L","timestamp":"2023-11-09 13:29:47"},{"nodeID":"1324269","text":"Analysing","type":"YA","timestamp":"2023-11-09 13:29:47"},{"nodeID":"1324270","text":"Anon: Bim Afolami: The point he was making was, wanting to thank people is something he didn't want to resile from","type":"L","timestamp":"2023-11-09 13:29:47"},{"nodeID":"1324271","text":"Asserting","type":"YA","timestamp":"2023-11-09 13:29:47"},{"nodeID":"1324272","text":"Bim Afolami: my point was simply, he asked for that a chance to rebuild that trust","type":"L","timestamp":"2023-11-09 13:29:48"},{"nodeID":"1324273","text":"Analysing","type":"YA","timestamp":"2023-11-09 13:29:48"},{"nodeID":"1324274","text":"Anon: Bim Afolami: my point was simply, he asked for that a chance to rebuild that trust","type":"L","timestamp":"2023-11-09 13:29:48"},{"nodeID":"1324275","text":"Asserting","type":"YA","timestamp":"2023-11-09 13:29:48"},{"nodeID":"1324276","text":"Default Transition","type":"TA","timestamp":"2023-11-09 13:29:48"},{"nodeID":"1324277","text":"Default Rephrase","type":"MA","timestamp":"2023-11-09 13:29:48"},{"nodeID":"1324278","text":"Restating","type":"YA","timestamp":"2023-11-09 13:29:48"},{"nodeID":"1324279","text":"Bim Afolami: We gave him that chance only at the beginning of January","type":"L","timestamp":"2023-11-09 13:29:49"},{"nodeID":"1324280","text":"Analysing","type":"YA","timestamp":"2023-11-09 13:29:49"},{"nodeID":"1324281","text":"Anon: Bim Afolami: We gave him that chance only at the beginning of January","type":"L","timestamp":"2023-11-09 13:29:49"},{"nodeID":"1324282","text":"Asserting","type":"YA","timestamp":"2023-11-09 13:29:49"},{"nodeID":"1324283","text":"Default Transition","type":"TA","timestamp":"2023-11-09 13:29:49"},{"nodeID":"1324284","text":"Bim Afolami: the confidence motio, beginning of June rather, it seems like a bit longer ago now","type":"L","timestamp":"2023-11-09 13:29:49"},{"nodeID":"1324285","text":"Analysing","type":"YA","timestamp":"2023-11-09 13:29:49"},{"nodeID":"1324286","text":"Anon: Bim Afolami: the confidence motio, beginning of June rather, it seems like a bit longer ago now","type":"L","timestamp":"2023-11-09 13:29:49"},{"nodeID":"1324287","text":"Asserting","type":"YA","timestamp":"2023-11-09 13:29:49"},{"nodeID":"1324288","text":"Default Transition","type":"TA","timestamp":"2023-11-09 13:29:49"},{"nodeID":"1324289","text":"Bim Afolami: I resigned when I did","type":"L","timestamp":"2023-11-09 13:29:50"},{"nodeID":"1324290","text":"Analysing","type":"YA","timestamp":"2023-11-09 13:29:50"},{"nodeID":"1324291","text":"Anon: Bim Afolami: I resigned when I did","type":"L","timestamp":"2023-11-09 13:29:50"},{"nodeID":"1324292","text":"Asserting","type":"YA","timestamp":"2023-11-09 13:29:50"},{"nodeID":"1324293","text":"Default Transition","type":"TA","timestamp":"2023-11-09 13:29:50"},{"nodeID":"1324294","text":"Bim Afolami: the issue with the former deputy Chief Whip","type":"L","timestamp":"2023-11-09 13:29:50"},{"nodeID":"1324295","text":"Analysing","type":"YA","timestamp":"2023-11-09 13:29:50"},{"nodeID":"1324296","text":"Anon: Bim Afolami: the issue with the former deputy Chief Whip","type":"L","timestamp":"2023-11-09 13:29:50"},{"nodeID":"1324297","text":"Asserting","type":"YA","timestamp":"2023-11-09 13:29:50"},{"nodeID":"1324298","text":"Default Inference","type":"RA","timestamp":"2023-11-09 13:29:50"},{"nodeID":"1324299","text":"Default Transition","type":"TA","timestamp":"2023-11-09 13:29:50"},{"nodeID":"1324300","text":"Arguing","type":"YA","timestamp":"2023-11-09 13:29:50"},{"nodeID":"1324301","text":"Bim Afolami: I felt that that was an example of some of the similar behaviours that we had seen","type":"L","timestamp":"2023-11-09 13:29:51"},{"nodeID":"1324302","text":"Analysing","type":"YA","timestamp":"2023-11-09 13:29:51"},{"nodeID":"1324303","text":"Anon: Bim Afolami: I felt that that was an example of some of the similar behaviours that we had seen","type":"L","timestamp":"2023-11-09 13:29:51"},{"nodeID":"1324304","text":"Asserting","type":"YA","timestamp":"2023-11-09 13:29:51"},{"nodeID":"1324305","text":"Default Transition","type":"TA","timestamp":"2023-11-09 13:29:51"},{"nodeID":"1324306","text":"Default Rephrase","type":"MA","timestamp":"2023-11-09 13:29:51"},{"nodeID":"1324307","text":"Restating","type":"YA","timestamp":"2023-11-09 13:29:51"},{"nodeID":"1324308","text":"Bim Afolami: I didn't feel things were getting better","type":"L","timestamp":"2023-11-09 13:29:52"},{"nodeID":"1324309","text":"Analysing","type":"YA","timestamp":"2023-11-09 13:29:52"},{"nodeID":"1324310","text":"Anon: Bim Afolami: I didn't feel things were getting better","type":"L","timestamp":"2023-11-09 13:29:52"},{"nodeID":"1324311","text":"Asserting","type":"YA","timestamp":"2023-11-09 13:29:52"},{"nodeID":"1324312","text":"Default Transition","type":"TA","timestamp":"2023-11-09 13:29:52"},{"nodeID":"1324313","text":"Default Inference","type":"RA","timestamp":"2023-11-09 13:29:52"},{"nodeID":"1324314","text":"Arguing","type":"YA","timestamp":"2023-11-09 13:29:52"},{"nodeID":"1324315","text":"Bim Afolami: I thought they were not improving","type":"L","timestamp":"2023-11-09 13:29:52"},{"nodeID":"1324316","text":"Analysing","type":"YA","timestamp":"2023-11-09 13:29:52"},{"nodeID":"1324317","text":"Anon: Bim Afolami: I thought they were not improving","type":"L","timestamp":"2023-11-09 13:29:52"},{"nodeID":"1324318","text":"Asserting","type":"YA","timestamp":"2023-11-09 13:29:52"},{"nodeID":"1324319","text":"Default Transition","type":"TA","timestamp":"2023-11-09 13:29:52"},{"nodeID":"1324320","text":"Default Rephrase","type":"MA","timestamp":"2023-11-09 13:29:52"},{"nodeID":"1324321","text":"Restating","type":"YA","timestamp":"2023-11-09 13:29:52"},{"nodeID":"1324322","text":"Bim Afolami: I felt I should resign","type":"L","timestamp":"2023-11-09 13:29:53"},{"nodeID":"1324323","text":"Analysing","type":"YA","timestamp":"2023-11-09 13:29:53"},{"nodeID":"1324324","text":"Anon: Bim Afolami: I felt I should resign","type":"L","timestamp":"2023-11-09 13:29:53"},{"nodeID":"1324325","text":"Asserting","type":"YA","timestamp":"2023-11-09 13:29:53"},{"nodeID":"1324326","text":"Default Rephrase","type":"MA","timestamp":"2023-11-09 13:29:53"},{"nodeID":"1324327","text":"Default Transition","type":"TA","timestamp":"2023-11-09 13:29:53"},{"nodeID":"1324328","text":"Restating","type":"YA","timestamp":"2023-11-09 13:29:53"},{"nodeID":"1324329","text":"Bim Afolami: many, many other of my colleagues did so","type":"L","timestamp":"2023-11-09 13:29:53"},{"nodeID":"1324330","text":"Analysing","type":"YA","timestamp":"2023-11-09 13:29:53"},{"nodeID":"1324331","text":"Anon: Bim Afolami: many, many other of my colleagues did so","type":"L","timestamp":"2023-11-09 13:29:53"},{"nodeID":"1324332","text":"Asserting","type":"YA","timestamp":"2023-11-09 13:29:53"},{"nodeID":"1324333","text":"Default Transition","type":"TA","timestamp":"2023-11-09 13:29:53"},{"nodeID":"1324334","text":"Default Rephrase","type":"MA","timestamp":"2023-11-09 13:29:53"},{"nodeID":"1324335","text":"Restating","type":"YA","timestamp":"2023-11-09 13:29:53"},{"nodeID":"1324336","text":"Default Rephrase","type":"MA","timestamp":"2023-11-09 13:29:53"},{"nodeID":"1324337","text":"Restating","type":"YA","timestamp":"2023-11-09 13:29:53"}],"edges":[{"edgeID":"1737666","fromID":"1324269","toID":"1324268","formEdgeID":null},{"edgeID":"1737667","fromID":"1324270","toID":"1324269","formEdgeID":null},{"edgeID":"1737668","fromID":"1324268","toID":"1324271","formEdgeID":null},{"edgeID":"1737669","fromID":"1324271","toID":"1147231","formEdgeID":null},{"edgeID":"1737670","fromID":"1324273","toID":"1324272","formEdgeID":null},{"edgeID":"1737671","fromID":"1324274","toID":"1324273","formEdgeID":null},{"edgeID":"1737672","fromID":"1324272","toID":"1324275","formEdgeID":null},{"edgeID":"1737673","fromID":"1324275","toID":"1147236","formEdgeID":null},{"edgeID":"1737674","fromID":"1324268","toID":"1324276","formEdgeID":null},{"edgeID":"1737675","fromID":"1324276","toID":"1324272","formEdgeID":null},{"edgeID":"1737676","fromID":"1147236","toID":"1324277","formEdgeID":null},{"edgeID":"1737677","fromID":"1324277","toID":"1147231","formEdgeID":null},{"edgeID":"1737678","fromID":"1324276","toID":"1324278","formEdgeID":null},{"edgeID":"1737679","fromID":"1324278","toID":"1324277","formEdgeID":null},{"edgeID":"1737680","fromID":"1324280","toID":"1324279","formEdgeID":null},{"edgeID":"1737681","fromID":"1324281","toID":"1324280","formEdgeID":null},{"edgeID":"1737682","fromID":"1324279","toID":"1324282","formEdgeID":null},{"edgeID":"1737683","fromID":"1324282","toID":"1147244","formEdgeID":null},{"edgeID":"1737684","fromID":"1324272","toID":"1324283","formEdgeID":null},{"edgeID":"1737685","fromID":"1324283","toID":"1324279","formEdgeID":null},{"edgeID":"1737686","fromID":"1324285","toID":"1324284","formEdgeID":null},{"edgeID":"1737687","fromID":"1324286","toID":"1324285","formEdgeID":null},{"edgeID":"1737688","fromID":"1324284","toID":"1324287","formEdgeID":null},{"edgeID":"1737689","fromID":"1324287","toID":"1147250","formEdgeID":null},{"edgeID":"1737690","fromID":"1324279","toID":"1324288","formEdgeID":null},{"edgeID":"1737691","fromID":"1324288","toID":"1324284","formEdgeID":null},{"edgeID":"1737692","fromID":"1324290","toID":"1324289","formEdgeID":null},{"edgeID":"1737693","fromID":"1324291","toID":"1324290","formEdgeID":null},{"edgeID":"1737694","fromID":"1324289","toID":"1324292","formEdgeID":null},{"edgeID":"1737695","fromID":"1324292","toID":"1147256","formEdgeID":null},{"edgeID":"1737696","fromID":"1324284","toID":"1324293","formEdgeID":null},{"edgeID":"1737697","fromID":"1324293","toID":"1324289","formEdgeID":null},{"edgeID":"1737698","fromID":"1324295","toID":"1324294","formEdgeID":null},{"edgeID":"1737699","fromID":"1324296","toID":"1324295","formEdgeID":null},{"edgeID":"1737700","fromID":"1324294","toID":"1324297","formEdgeID":null},{"edgeID":"1737701","fromID":"1324297","toID":"1147262","formEdgeID":null},{"edgeID":"1737702","fromID":"1147262","toID":"1324298","formEdgeID":null},{"edgeID":"1737703","fromID":"1324298","toID":"1147256","formEdgeID":null},{"edgeID":"1737704","fromID":"1324289","toID":"1324299","formEdgeID":null},{"edgeID":"1737705","fromID":"1324299","toID":"1324294","formEdgeID":null},{"edgeID":"1737706","fromID":"1324299","toID":"1324300","formEdgeID":null},{"edgeID":"1737707","fromID":"1324300","toID":"1324298","formEdgeID":null},{"edgeID":"1737708","fromID":"1324302","toID":"1324301","formEdgeID":null},{"edgeID":"1737709","fromID":"1324303","toID":"1324302","formEdgeID":null},{"edgeID":"1737710","fromID":"1324301","toID":"1324304","formEdgeID":null},{"edgeID":"1737711","fromID":"1324304","toID":"1147270","formEdgeID":null},{"edgeID":"1737712","fromID":"1324294","toID":"1324305","formEdgeID":null},{"edgeID":"1737713","fromID":"1324305","toID":"1324301","formEdgeID":null},{"edgeID":"1737714","fromID":"1147270","toID":"1324306","formEdgeID":null},{"edgeID":"1737715","fromID":"1324306","toID":"1147262","formEdgeID":null},{"edgeID":"1737716","fromID":"1324305","toID":"1324307","formEdgeID":null},{"edgeID":"1737717","fromID":"1324307","toID":"1324306","formEdgeID":null},{"edgeID":"1737718","fromID":"1324309","toID":"1324308","formEdgeID":null},{"edgeID":"1737719","fromID":"1324310","toID":"1324309","formEdgeID":null},{"edgeID":"1737720","fromID":"1324308","toID":"1324311","formEdgeID":null},{"edgeID":"1737721","fromID":"1324311","toID":"1147278","formEdgeID":null},{"edgeID":"1737722","fromID":"1324301","toID":"1324312","formEdgeID":null},{"edgeID":"1737723","fromID":"1324312","toID":"1324308","formEdgeID":null},{"edgeID":"1737724","fromID":"1147270","toID":"1324313","formEdgeID":null},{"edgeID":"1737725","fromID":"1324313","toID":"1147278","formEdgeID":null},{"edgeID":"1737726","fromID":"1324312","toID":"1324314","formEdgeID":null},{"edgeID":"1737727","fromID":"1324314","toID":"1324313","formEdgeID":null},{"edgeID":"1737728","fromID":"1324316","toID":"1324315","formEdgeID":null},{"edgeID":"1737729","fromID":"1324317","toID":"1324316","formEdgeID":null},{"edgeID":"1737730","fromID":"1324315","toID":"1324318","formEdgeID":null},{"edgeID":"1737731","fromID":"1324318","toID":"1147286","formEdgeID":null},{"edgeID":"1737732","fromID":"1324308","toID":"1324319","formEdgeID":null},{"edgeID":"1737733","fromID":"1324319","toID":"1324315","formEdgeID":null},{"edgeID":"1737734","fromID":"1147286","toID":"1324320","formEdgeID":null},{"edgeID":"1737735","fromID":"1324320","toID":"1147278","formEdgeID":null},{"edgeID":"1737736","fromID":"1324319","toID":"1324321","formEdgeID":null},{"edgeID":"1737737","fromID":"1324321","toID":"1324320","formEdgeID":null},{"edgeID":"1737738","fromID":"1324323","toID":"1324322","formEdgeID":null},{"edgeID":"1737739","fromID":"1324324","toID":"1324323","formEdgeID":null},{"edgeID":"1737740","fromID":"1324322","toID":"1324325","formEdgeID":null},{"edgeID":"1737741","fromID":"1324325","toID":"1147294","formEdgeID":null},{"edgeID":"1737742","fromID":"1147294","toID":"1324326","formEdgeID":null},{"edgeID":"1737743","fromID":"1324326","toID":"1147256","formEdgeID":null},{"edgeID":"1737744","fromID":"1324289","toID":"1324327","formEdgeID":null},{"edgeID":"1737745","fromID":"1324327","toID":"1324322","formEdgeID":null},{"edgeID":"1737746","fromID":"1324327","toID":"1324328","formEdgeID":null},{"edgeID":"1737747","fromID":"1324328","toID":"1324326","formEdgeID":null},{"edgeID":"1737748","fromID":"1324330","toID":"1324329","formEdgeID":null},{"edgeID":"1737749","fromID":"1324331","toID":"1324330","formEdgeID":null},{"edgeID":"1737750","fromID":"1324329","toID":"1324332","formEdgeID":null},{"edgeID":"1737751","fromID":"1324332","toID":"1147302","formEdgeID":null},{"edgeID":"1737752","fromID":"1324322","toID":"1324333","formEdgeID":null},{"edgeID":"1737753","fromID":"1324333","toID":"1324329","formEdgeID":null},{"edgeID":"1737754","fromID":"1147302","toID":"1324334","formEdgeID":null},{"edgeID":"1737755","fromID":"1324334","toID":"1147294","formEdgeID":null},{"edgeID":"1737756","fromID":"1324333","toID":"1324335","formEdgeID":null},{"edgeID":"1737757","fromID":"1324335","toID":"1324334","formEdgeID":null},{"edgeID":"1737758","fromID":"1147244","toID":"1324336","formEdgeID":null},{"edgeID":"1737759","fromID":"1324336","toID":"1147236","formEdgeID":null},{"edgeID":"1737760","fromID":"1324283","toID":"1324337","formEdgeID":null},{"edgeID":"1737761","fromID":"1324337","toID":"1324336","formEdgeID":null}],"locutions":[]}