{"nodes":[{"nodeID":"1328599","text":"Analysing","type":"YA","timestamp":"2023-11-09 13:35:44"},{"nodeID":"1328600","text":"Tuuli: AudienceMember 20220721QT30: Do you think that legislation should be introduced to curb the number of second homes in Devon Cornwall, and other parts of the country, which is creating real problems for local people","type":"L","timestamp":"2023-11-09 13:35:44"},{"nodeID":"1328601","text":"legislation should or should not be introduced to curb the number of second homes in Devon Cornwall, and other parts of the UK","type":"I","timestamp":"2023-11-09 13:35:44"},{"nodeID":"1328602","text":"AudienceMember 20220721QT30: legislation should be introduced to curb the number of second homes in Devon Cornwall, and other parts of the country","type":"L","timestamp":"2023-11-09 13:35:44"},{"nodeID":"1328603","text":"Analysing","type":"YA","timestamp":"2023-11-09 13:35:44"},{"nodeID":"1328604","text":"Tuuli: AudienceMember 20220721QT30: legislation should be introduced to curb the number of second homes in Devon Cornwall, and other parts of the country","type":"L","timestamp":"2023-11-09 13:35:44"},{"nodeID":"1328605","text":"Pure Questioning","type":"YA","timestamp":"2023-11-09 13:35:44"},{"nodeID":"1328606","text":"the number of second homes is creating real problems for local people","type":"I","timestamp":"2023-11-09 13:35:45"},{"nodeID":"1328607","text":"AudienceMember 20220721QT30: which is creating real problems for local people","type":"L","timestamp":"2023-11-09 13:35:45"},{"nodeID":"1328608","text":"Analysing","type":"YA","timestamp":"2023-11-09 13:35:45"},{"nodeID":"1328609","text":"Tuuli: AudienceMember 20220721QT30: which is creating real problems for local people","type":"L","timestamp":"2023-11-09 13:35:45"},{"nodeID":"1328610","text":"Asserting","type":"YA","timestamp":"2023-11-09 13:35:45"},{"nodeID":"1328611","text":"Default Transition","type":"TA","timestamp":"2023-11-09 13:35:45"},{"nodeID":"1328612","text":"Default Rephrase","type":"MA","timestamp":"2023-11-09 13:35:45"},{"nodeID":"1328613","text":"Restating","type":"YA","timestamp":"2023-11-09 13:35:45"},{"nodeID":"1328614","text":"AudienceMember 20220721QT31's thoughts on legislation to curb the number of second homes are xxx","type":"I","timestamp":"2023-11-09 13:35:46"},{"nodeID":"1328615","text":"Fiona Bruce: What are your thoughts on this Mary","type":"L","timestamp":"2023-11-09 13:35:46"},{"nodeID":"1328616","text":"Analysing","type":"YA","timestamp":"2023-11-09 13:35:46"},{"nodeID":"1328617","text":"Tuuli: Fiona Bruce: What are your thoughts on this Mary","type":"L","timestamp":"2023-11-09 13:35:46"},{"nodeID":"1328618","text":"Pure Questioning","type":"YA","timestamp":"2023-11-09 13:35:46"},{"nodeID":"1328619","text":"Default Transition","type":"TA","timestamp":"2023-11-09 13:35:46"},{"nodeID":"1328620","text":"AudienceMember 20220721QT31 works in Cornwall in the health and Social Care sector","type":"I","timestamp":"2023-11-09 13:35:46"},{"nodeID":"1328621","text":"AudienceMember 20220721QT31: I work in Cornwall in the health and Social Care sector","type":"L","timestamp":"2023-11-09 13:35:46"},{"nodeID":"1328622","text":"Analysing","type":"YA","timestamp":"2023-11-09 13:35:46"},{"nodeID":"1328623","text":"Tuuli: AudienceMember 20220721QT31: I work in Cornwall in the health and Social Care sector","type":"L","timestamp":"2023-11-09 13:35:46"},{"nodeID":"1328624","text":"Asserting","type":"YA","timestamp":"2023-11-09 13:35:46"},{"nodeID":"1328625","text":"Default Transition","type":"TA","timestamp":"2023-11-09 13:35:46"},{"nodeID":"1328626","text":"AudienceMember 20220721Qt31 lives in Devon","type":"I","timestamp":"2023-11-09 13:35:47"},{"nodeID":"1328627","text":"AudienceMember 20220721QT31: I live in Devon","type":"L","timestamp":"2023-11-09 13:35:47"},{"nodeID":"1328628","text":"Analysing","type":"YA","timestamp":"2023-11-09 13:35:47"},{"nodeID":"1328629","text":"Tuuli: AudienceMember 20220721QT31: I live in Devon","type":"L","timestamp":"2023-11-09 13:35:47"},{"nodeID":"1328630","text":"Asserting","type":"YA","timestamp":"2023-11-09 13:35:47"},{"nodeID":"1328631","text":"Default Transition","type":"TA","timestamp":"2023-11-09 13:35:47"},{"nodeID":"1328632","text":"what we see is three things really","type":"I","timestamp":"2023-11-09 13:35:47"},{"nodeID":"1328633","text":"AudienceMember 20220721QT31: What we see is three things really","type":"L","timestamp":"2023-11-09 13:35:47"},{"nodeID":"1328634","text":"Analysing","type":"YA","timestamp":"2023-11-09 13:35:47"},{"nodeID":"1328635","text":"Tuuli: AudienceMember 20220721QT31: What we see is three things really","type":"L","timestamp":"2023-11-09 13:35:47"},{"nodeID":"1328636","text":"Asserting","type":"YA","timestamp":"2023-11-09 13:35:47"},{"nodeID":"1328637","text":"Default Transition","type":"TA","timestamp":"2023-11-09 13:35:47"},{"nodeID":"1328638","text":"one thing that we see is that communities are being completely decimated","type":"I","timestamp":"2023-11-09 13:35:48"},{"nodeID":"1328639","text":"AudienceMember 20220721QT31: One is that communities are being completely decimated","type":"L","timestamp":"2023-11-09 13:35:48"},{"nodeID":"1328640","text":"Analysing","type":"YA","timestamp":"2023-11-09 13:35:48"},{"nodeID":"1328641","text":"Tuuli: AudienceMember 20220721QT31: One is that communities are being completely decimated","type":"L","timestamp":"2023-11-09 13:35:48"},{"nodeID":"1328642","text":"Asserting","type":"YA","timestamp":"2023-11-09 13:35:48"},{"nodeID":"1328643","text":"Default Transition","type":"TA","timestamp":"2023-11-09 13:35:48"},{"nodeID":"1328644","text":"Default Rephrase","type":"MA","timestamp":"2023-11-09 13:35:48"},{"nodeID":"1328645","text":"Restating","type":"YA","timestamp":"2023-11-09 13:35:48"},{"nodeID":"1328646","text":"communities in Cornwall where 70% of the homes are second homes and they are usually empty","type":"I","timestamp":"2023-11-09 13:35:49"},{"nodeID":"1328647","text":"AudienceMember 20220721QT31: communities in Cornwall where 70% of the homes are second homes and they are usually empty","type":"L","timestamp":"2023-11-09 13:35:49"},{"nodeID":"1328648","text":"Analysing","type":"YA","timestamp":"2023-11-09 13:35:49"},{"nodeID":"1328649","text":"Tuuli: AudienceMember 20220721QT31: communities in Cornwall where 70% of the homes are second homes and they are usually empty","type":"L","timestamp":"2023-11-09 13:35:49"},{"nodeID":"1328650","text":"Asserting","type":"YA","timestamp":"2023-11-09 13:35:49"},{"nodeID":"1328651","text":"Default Transition","type":"TA","timestamp":"2023-11-09 13:35:49"},{"nodeID":"1328652","text":"Default Inference","type":"RA","timestamp":"2023-11-09 13:35:49"},{"nodeID":"1328653","text":"Arguing","type":"YA","timestamp":"2023-11-09 13:35:49"},{"nodeID":"1328654","text":"the second thing that's happening is that we are having dreadful problems recruiting staff and health and Social Care","type":"I","timestamp":"2023-11-09 13:35:49"},{"nodeID":"1328655","text":"AudienceMember 20220721QT31: The second thing that's happening is that we are having dreadful problems recruiting staff and health and Social Care","type":"L","timestamp":"2023-11-09 13:35:49"},{"nodeID":"1328656","text":"Analysing","type":"YA","timestamp":"2023-11-09 13:35:49"},{"nodeID":"1328657","text":"Tuuli: AudienceMember 20220721QT31: The second thing that's happening is that we are having dreadful problems recruiting staff and health and Social Care","type":"L","timestamp":"2023-11-09 13:35:49"},{"nodeID":"1328658","text":"Asserting","type":"YA","timestamp":"2023-11-09 13:35:49"},{"nodeID":"1328659","text":"Default Rephrase","type":"MA","timestamp":"2023-11-09 13:35:49"},{"nodeID":"1328660","text":"Default Transition","type":"TA","timestamp":"2023-11-09 13:35:49"},{"nodeID":"1328661","text":"Restating","type":"YA","timestamp":"2023-11-09 13:35:49"},{"nodeID":"1328662","text":"staff and health and Social Care can't find anywhere affordable to live","type":"I","timestamp":"2023-11-09 13:35:50"},{"nodeID":"1328663","text":"AudienceMember 20220721QT31: they can't find anywhere affordable to live","type":"L","timestamp":"2023-11-09 13:35:50"},{"nodeID":"1328664","text":"Analysing","type":"YA","timestamp":"2023-11-09 13:35:50"},{"nodeID":"1328665","text":"Tuuli: AudienceMember 20220721QT31: they can't find anywhere affordable to live","type":"L","timestamp":"2023-11-09 13:35:50"},{"nodeID":"1328666","text":"Asserting","type":"YA","timestamp":"2023-11-09 13:35:50"},{"nodeID":"1328667","text":"Default Transition","type":"TA","timestamp":"2023-11-09 13:35:50"},{"nodeID":"1328668","text":"Default Inference","type":"RA","timestamp":"2023-11-09 13:35:50"},{"nodeID":"1328669","text":"Arguing","type":"YA","timestamp":"2023-11-09 13:35:50"},{"nodeID":"1328670","text":"the third thing is that we are working with some very vulnerable people","type":"I","timestamp":"2023-11-09 13:35:50"},{"nodeID":"1328671","text":"AudienceMember 20220721QT31: The third thing is that we are working with some very vulnerable people","type":"L","timestamp":"2023-11-09 13:35:50"},{"nodeID":"1328672","text":"Analysing","type":"YA","timestamp":"2023-11-09 13:35:50"},{"nodeID":"1328673","text":"Tuuli: AudienceMember 20220721QT31: The third thing is that we are working with some very vulnerable people","type":"L","timestamp":"2023-11-09 13:35:50"},{"nodeID":"1328674","text":"Asserting","type":"YA","timestamp":"2023-11-09 13:35:50"},{"nodeID":"1328675","text":"Default Rephrase","type":"MA","timestamp":"2023-11-09 13:35:50"},{"nodeID":"1328676","text":"Default Transition","type":"TA","timestamp":"2023-11-09 13:35:50"},{"nodeID":"1328677","text":"Restating","type":"YA","timestamp":"2023-11-09 13:35:50"},{"nodeID":"1328678","text":"recovering from a drug problem or mental health problem is really difficult","type":"I","timestamp":"2023-11-09 13:35:51"},{"nodeID":"1328679","text":"AudienceMember 20220721QT31: it's really difficult","type":"L","timestamp":"2023-11-09 13:35:51"},{"nodeID":"1328680","text":"Analysing","type":"YA","timestamp":"2023-11-09 13:35:51"},{"nodeID":"1328681","text":"Tuuli: AudienceMember 20220721QT31: it's really difficult","type":"L","timestamp":"2023-11-09 13:35:51"},{"nodeID":"1328682","text":"Asserting","type":"YA","timestamp":"2023-11-09 13:35:51"},{"nodeID":"1328683","text":"you haven't got a decent roof over your head","type":"I","timestamp":"2023-11-09 13:35:52"},{"nodeID":"1328684","text":"AudienceMember 20220721QT31: you haven't got a decent roof over your head","type":"L","timestamp":"2023-11-09 13:35:52"},{"nodeID":"1328685","text":"Analysing","type":"YA","timestamp":"2023-11-09 13:35:52"},{"nodeID":"1328686","text":"Tuuli: AudienceMember 20220721QT31: you haven't got a decent roof over your head","type":"L","timestamp":"2023-11-09 13:35:52"},{"nodeID":"1328687","text":"Asserting","type":"YA","timestamp":"2023-11-09 13:35:52"},{"nodeID":"1328688","text":"Default Transition","type":"TA","timestamp":"2023-11-09 13:35:52"},{"nodeID":"1328689","text":"you are trying to recover from a drug problem, mental health problem","type":"I","timestamp":"2023-11-09 13:35:52"},{"nodeID":"1328690","text":"AudienceMember 20220721QT31: you are trying to recover from a drug problem, mental health problem","type":"L","timestamp":"2023-11-09 13:35:52"},{"nodeID":"1328691","text":"Analysing","type":"YA","timestamp":"2023-11-09 13:35:52"},{"nodeID":"1328692","text":"Tuuli: AudienceMember 20220721QT31: you are trying to recover from a drug problem, mental health problem","type":"L","timestamp":"2023-11-09 13:35:52"},{"nodeID":"1328693","text":"Asserting","type":"YA","timestamp":"2023-11-09 13:35:52"},{"nodeID":"1328694","text":"Default Transition","type":"TA","timestamp":"2023-11-09 13:35:52"},{"nodeID":"1328695","text":"Default Transition","type":"TA","timestamp":"2023-11-09 13:35:52"},{"nodeID":"1328696","text":"Default Inference","type":"RA","timestamp":"2023-11-09 13:35:52"},{"nodeID":"1328697","text":"Default Inference","type":"RA","timestamp":"2023-11-09 13:35:52"},{"nodeID":"1328698","text":"Arguing","type":"YA","timestamp":"2023-11-09 13:35:52"},{"nodeID":"1328699","text":"Arguing","type":"YA","timestamp":"2023-11-09 13:35:52"},{"nodeID":"1328700","text":"the number of second homes is a problem across the country","type":"I","timestamp":"2023-11-09 13:35:53"},{"nodeID":"1328701","text":"AudienceMember 20220721QT31: it's a problem across the country","type":"L","timestamp":"2023-11-09 13:35:53"},{"nodeID":"1328702","text":"Analysing","type":"YA","timestamp":"2023-11-09 13:35:53"},{"nodeID":"1328703","text":"Tuuli: AudienceMember 20220721QT31: it's a problem across the country","type":"L","timestamp":"2023-11-09 13:35:53"},{"nodeID":"1328704","text":"Asserting","type":"YA","timestamp":"2023-11-09 13:35:53"},{"nodeID":"1328705","text":"Default Transition","type":"TA","timestamp":"2023-11-09 13:35:53"},{"nodeID":"1328706","text":"Default Rephrase","type":"MA","timestamp":"2023-11-09 13:35:53"},{"nodeID":"1328707","text":"Default Transition","type":"TA","timestamp":"2023-11-09 13:35:53"},{"nodeID":"1328708","text":"Default Illocuting","type":"YA","timestamp":"2023-11-09 13:35:53"},{"nodeID":"1328709","text":"in Cornwall in particular and in Devon the number of second homes is a real problem","type":"I","timestamp":"2023-11-09 13:35:53"},{"nodeID":"1328710","text":"AudienceMember 20220721QT31: in Cornwall in particular and in Devon it's a real problem","type":"L","timestamp":"2023-11-09 13:35:53"},{"nodeID":"1328711","text":"Analysing","type":"YA","timestamp":"2023-11-09 13:35:53"},{"nodeID":"1328712","text":"Tuuli: AudienceMember 20220721QT31: in Cornwall in particular and in Devon it's a real problem","type":"L","timestamp":"2023-11-09 13:35:53"},{"nodeID":"1328713","text":"Asserting","type":"YA","timestamp":"2023-11-09 13:35:53"},{"nodeID":"1328714","text":"Default Transition","type":"TA","timestamp":"2023-11-09 13:35:53"},{"nodeID":"1328715","text":"the real problem of the number of second homes in Cornwall and in Devon needs to be addressed","type":"I","timestamp":"2023-11-09 13:35:54"},{"nodeID":"1328716","text":"AudienceMember 20220721QT31:  it needs to be addressed","type":"L","timestamp":"2023-11-09 13:35:54"},{"nodeID":"1328717","text":"Analysing","type":"YA","timestamp":"2023-11-09 13:35:54"},{"nodeID":"1328718","text":"Tuuli: AudienceMember 20220721QT31:  it needs to be addressed","type":"L","timestamp":"2023-11-09 13:35:54"},{"nodeID":"1328719","text":"Asserting","type":"YA","timestamp":"2023-11-09 13:35:54"},{"nodeID":"1328720","text":"Default Transition","type":"TA","timestamp":"2023-11-09 13:35:54"},{"nodeID":"1328721","text":"Default Rephrase","type":"MA","timestamp":"2023-11-09 13:35:54"},{"nodeID":"1328722","text":"Restating","type":"YA","timestamp":"2023-11-09 13:35:54"},{"nodeID":"1328723","text":"there are 11,000 second homes alone just in Devon","type":"I","timestamp":"2023-11-09 13:35:54"},{"nodeID":"1328724","text":"Minette Batters: there are 11,000 second homes alone just in Devon","type":"L","timestamp":"2023-11-09 13:35:54"},{"nodeID":"1328725","text":"Analysing","type":"YA","timestamp":"2023-11-09 13:35:54"},{"nodeID":"1328726","text":"Tuuli: Minette Batters: there are 11,000 second homes alone just in Devon","type":"L","timestamp":"2023-11-09 13:35:54"},{"nodeID":"1328727","text":"Asserting","type":"YA","timestamp":"2023-11-09 13:35:54"},{"nodeID":"1328728","text":"Default Transition","type":"TA","timestamp":"2023-11-09 13:35:54"},{"nodeID":"1328729","text":"11,000 second homes in Devon doesn't include holiday lets","type":"I","timestamp":"2023-11-09 13:35:55"},{"nodeID":"1328730","text":"Fiona Bruce: That doesn't include holiday let's","type":"L","timestamp":"2023-11-09 13:35:55"},{"nodeID":"1328731","text":"Analysing","type":"YA","timestamp":"2023-11-09 13:35:55"},{"nodeID":"1328732","text":"Tuuli: Fiona Bruce: That doesn't include holiday let's","type":"L","timestamp":"2023-11-09 13:35:55"},{"nodeID":"1328733","text":"Asserting","type":"YA","timestamp":"2023-11-09 13:35:55"},{"nodeID":"1328734","text":"Default Transition","type":"TA","timestamp":"2023-11-09 13:35:55"},{"nodeID":"1328735","text":"Default Rephrase","type":"MA","timestamp":"2023-11-09 13:35:55"},{"nodeID":"1328736","text":"Restating","type":"YA","timestamp":"2023-11-09 13:35:55"},{"nodeID":"1328737","text":"Minette Batters: Exactly","type":"L","timestamp":"2023-11-09 13:35:55"},{"nodeID":"1328738","text":"Analysing","type":"YA","timestamp":"2023-11-09 13:35:55"},{"nodeID":"1328739","text":"Tuuli: Minette Batters: Exactly","type":"L","timestamp":"2023-11-09 13:35:55"},{"nodeID":"1328740","text":"Default Transition","type":"TA","timestamp":"2023-11-09 13:35:55"},{"nodeID":"1328741","text":"Agreeing","type":"YA","timestamp":"2023-11-09 13:35:55"},{"nodeID":"1328742","text":"the number of second homes in Devon is a massive issue","type":"I","timestamp":"2023-11-09 13:35:56"},{"nodeID":"1328743","text":"Minette Batters: It's a massive issue","type":"L","timestamp":"2023-11-09 13:35:56"},{"nodeID":"1328744","text":"Analysing","type":"YA","timestamp":"2023-11-09 13:35:56"},{"nodeID":"1328745","text":"Tuuli: Minette Batters: It's a massive issue","type":"L","timestamp":"2023-11-09 13:35:56"},{"nodeID":"1328746","text":"Asserting","type":"YA","timestamp":"2023-11-09 13:35:56"},{"nodeID":"1328747","text":"it looks like the loophole is going to be closed","type":"I","timestamp":"2023-11-09 13:35:56"},{"nodeID":"1328748","text":"Minette Batters: It looks like the loophole is going to be closed","type":"L","timestamp":"2023-11-09 13:35:56"},{"nodeID":"1328749","text":"Analysing","type":"YA","timestamp":"2023-11-09 13:35:56"},{"nodeID":"1328750","text":"Tuuli: Minette Batters: It looks like the loophole is going to be closed","type":"L","timestamp":"2023-11-09 13:35:56"},{"nodeID":"1328751","text":"Asserting","type":"YA","timestamp":"2023-11-09 13:35:56"},{"nodeID":"1328752","text":"Default Transition","type":"TA","timestamp":"2023-11-09 13:35:56"},{"nodeID":"1328753","text":"the loophole being closed is only going to happen in 2023","type":"I","timestamp":"2023-11-09 13:35:57"},{"nodeID":"1328754","text":"Minette Batters: that is only going to happen in 2023","type":"L","timestamp":"2023-11-09 13:35:57"},{"nodeID":"1328755","text":"Analysing","type":"YA","timestamp":"2023-11-09 13:35:57"},{"nodeID":"1328756","text":"Tuuli: Minette Batters: that is only going to happen in 2023","type":"L","timestamp":"2023-11-09 13:35:57"},{"nodeID":"1328757","text":"Asserting","type":"YA","timestamp":"2023-11-09 13:35:57"},{"nodeID":"1328758","text":"Default Transition","type":"TA","timestamp":"2023-11-09 13:35:57"},{"nodeID":"1328759","text":"Default Conflict","type":"CA","timestamp":"2023-11-09 13:35:57"},{"nodeID":"1328760","text":"Disagreeing","type":"YA","timestamp":"2023-11-09 13:35:57"},{"nodeID":"1328761","text":"affordable housing for people to stay in communities is now a massive and growing issue","type":"I","timestamp":"2023-11-09 13:35:57"},{"nodeID":"1328762","text":"Minette Batters: affordable housing for people to stay in communities is now a massive and growing issue","type":"L","timestamp":"2023-11-09 13:35:57"},{"nodeID":"1328763","text":"Analysing","type":"YA","timestamp":"2023-11-09 13:35:57"},{"nodeID":"1328764","text":"Tuuli: Minette Batters: affordable housing for people to stay in communities is now a massive and growing issue","type":"L","timestamp":"2023-11-09 13:35:57"},{"nodeID":"1328765","text":"Asserting","type":"YA","timestamp":"2023-11-09 13:35:57"},{"nodeID":"1328766","text":"Minette Batters hasn't seen Bim Afolami particularly featuring again back to the policy and the strategy of the road that we are on in the Levelling Up Bill as though how this is going to be resolved","type":"I","timestamp":"2023-11-09 13:35:58"},{"nodeID":"1328767","text":"Minette Batters: I haven't seen Bim particularly featuring again back to the policy and the strategy of the road that we are on in the Levelling Up Bill as though how this is going to be resolved","type":"L","timestamp":"2023-11-09 13:35:58"},{"nodeID":"1328768","text":"Analysing","type":"YA","timestamp":"2023-11-09 13:35:58"},{"nodeID":"1328769","text":"Tuuli: Minette Batters: I haven't seen Bim particularly featuring again back to the policy and the strategy of the road that we are on in the Levelling Up Bill as though how this is going to be resolved","type":"L","timestamp":"2023-11-09 13:35:58"},{"nodeID":"1328770","text":"Asserting","type":"YA","timestamp":"2023-11-09 13:35:58"},{"nodeID":"1328771","text":"Default Transition","type":"TA","timestamp":"2023-11-09 13:35:58"},{"nodeID":"1328772","text":"Default Rephrase","type":"MA","timestamp":"2023-11-09 13:35:58"},{"nodeID":"1328773","text":"Default Transition","type":"TA","timestamp":"2023-11-09 13:35:58"},{"nodeID":"1328774","text":"Restating","type":"YA","timestamp":"2023-11-09 13:35:58"},{"nodeID":"1328775","text":"Default Rephrase","type":"MA","timestamp":"2023-11-09 13:35:58"},{"nodeID":"1328776","text":"Default Transition","type":"TA","timestamp":"2023-11-09 13:35:58"},{"nodeID":"1328777","text":"Restating","type":"YA","timestamp":"2023-11-09 13:35:58"},{"nodeID":"1328778","text":"Default Conflict","type":"CA","timestamp":"2023-11-09 13:35:58"},{"nodeID":"1328779","text":"Disagreeing","type":"YA","timestamp":"2023-11-09 13:35:58"},{"nodeID":"1328780","text":"Default Rephrase","type":"MA","timestamp":"2023-11-09 13:35:58"},{"nodeID":"1328781","text":"Restating","type":"YA","timestamp":"2023-11-09 13:35:58"},{"nodeID":"1328782","text":"Default Inference","type":"RA","timestamp":"2023-11-09 13:35:58"},{"nodeID":"1328783","text":"Arguing","type":"YA","timestamp":"2023-11-09 13:35:58"},{"nodeID":"1328784","text":"Default Rephrase","type":"MA","timestamp":"2023-11-09 13:35:58"},{"nodeID":"1328785","text":"Restating","type":"YA","timestamp":"2023-11-09 13:35:58"}],"edges":[{"edgeID":"1742849","fromID":"1328600","toID":"1328599","formEdgeID":null},{"edgeID":"1742850","fromID":"1328603","toID":"1328602","formEdgeID":null},{"edgeID":"1742851","fromID":"1328604","toID":"1328603","formEdgeID":null},{"edgeID":"1742852","fromID":"1328602","toID":"1328605","formEdgeID":null},{"edgeID":"1742853","fromID":"1328605","toID":"1328601","formEdgeID":null},{"edgeID":"1742854","fromID":"1328608","toID":"1328607","formEdgeID":null},{"edgeID":"1742855","fromID":"1328609","toID":"1328608","formEdgeID":null},{"edgeID":"1742856","fromID":"1328607","toID":"1328610","formEdgeID":null},{"edgeID":"1742857","fromID":"1328610","toID":"1328606","formEdgeID":null},{"edgeID":"1742858","fromID":"1328602","toID":"1328611","formEdgeID":null},{"edgeID":"1742859","fromID":"1328611","toID":"1328607","formEdgeID":null},{"edgeID":"1742860","fromID":"1328606","toID":"1328612","formEdgeID":null},{"edgeID":"1742861","fromID":"1328612","toID":"1328601","formEdgeID":null},{"edgeID":"1742862","fromID":"1328611","toID":"1328613","formEdgeID":null},{"edgeID":"1742863","fromID":"1328613","toID":"1328612","formEdgeID":null},{"edgeID":"1742864","fromID":"1328616","toID":"1328615","formEdgeID":null},{"edgeID":"1742865","fromID":"1328617","toID":"1328616","formEdgeID":null},{"edgeID":"1742866","fromID":"1328615","toID":"1328618","formEdgeID":null},{"edgeID":"1742867","fromID":"1328618","toID":"1328614","formEdgeID":null},{"edgeID":"1742868","fromID":"1328607","toID":"1328619","formEdgeID":null},{"edgeID":"1742869","fromID":"1328619","toID":"1328615","formEdgeID":null},{"edgeID":"1742870","fromID":"1328622","toID":"1328621","formEdgeID":null},{"edgeID":"1742871","fromID":"1328623","toID":"1328622","formEdgeID":null},{"edgeID":"1742872","fromID":"1328621","toID":"1328624","formEdgeID":null},{"edgeID":"1742873","fromID":"1328624","toID":"1328620","formEdgeID":null},{"edgeID":"1742874","fromID":"1328615","toID":"1328625","formEdgeID":null},{"edgeID":"1742875","fromID":"1328625","toID":"1328621","formEdgeID":null},{"edgeID":"1742876","fromID":"1328628","toID":"1328627","formEdgeID":null},{"edgeID":"1742877","fromID":"1328629","toID":"1328628","formEdgeID":null},{"edgeID":"1742878","fromID":"1328627","toID":"1328630","formEdgeID":null},{"edgeID":"1742879","fromID":"1328630","toID":"1328626","formEdgeID":null},{"edgeID":"1742880","fromID":"1328621","toID":"1328631","formEdgeID":null},{"edgeID":"1742881","fromID":"1328631","toID":"1328627","formEdgeID":null},{"edgeID":"1742882","fromID":"1328634","toID":"1328633","formEdgeID":null},{"edgeID":"1742883","fromID":"1328635","toID":"1328634","formEdgeID":null},{"edgeID":"1742884","fromID":"1328633","toID":"1328636","formEdgeID":null},{"edgeID":"1742885","fromID":"1328636","toID":"1328632","formEdgeID":null},{"edgeID":"1742886","fromID":"1328627","toID":"1328637","formEdgeID":null},{"edgeID":"1742887","fromID":"1328637","toID":"1328633","formEdgeID":null},{"edgeID":"1742888","fromID":"1328640","toID":"1328639","formEdgeID":null},{"edgeID":"1742889","fromID":"1328641","toID":"1328640","formEdgeID":null},{"edgeID":"1742890","fromID":"1328639","toID":"1328642","formEdgeID":null},{"edgeID":"1742891","fromID":"1328642","toID":"1328638","formEdgeID":null},{"edgeID":"1742892","fromID":"1328633","toID":"1328643","formEdgeID":null},{"edgeID":"1742893","fromID":"1328643","toID":"1328639","formEdgeID":null},{"edgeID":"1742894","fromID":"1328638","toID":"1328644","formEdgeID":null},{"edgeID":"1742895","fromID":"1328644","toID":"1328632","formEdgeID":null},{"edgeID":"1742896","fromID":"1328643","toID":"1328645","formEdgeID":null},{"edgeID":"1742897","fromID":"1328645","toID":"1328644","formEdgeID":null},{"edgeID":"1742898","fromID":"1328648","toID":"1328647","formEdgeID":null},{"edgeID":"1742899","fromID":"1328649","toID":"1328648","formEdgeID":null},{"edgeID":"1742900","fromID":"1328647","toID":"1328650","formEdgeID":null},{"edgeID":"1742901","fromID":"1328650","toID":"1328646","formEdgeID":null},{"edgeID":"1742902","fromID":"1328639","toID":"1328651","formEdgeID":null},{"edgeID":"1742903","fromID":"1328651","toID":"1328647","formEdgeID":null},{"edgeID":"1742904","fromID":"1328646","toID":"1328652","formEdgeID":null},{"edgeID":"1742905","fromID":"1328652","toID":"1328638","formEdgeID":null},{"edgeID":"1742906","fromID":"1328651","toID":"1328653","formEdgeID":null},{"edgeID":"1742907","fromID":"1328653","toID":"1328652","formEdgeID":null},{"edgeID":"1742908","fromID":"1328656","toID":"1328655","formEdgeID":null},{"edgeID":"1742909","fromID":"1328657","toID":"1328656","formEdgeID":null},{"edgeID":"1742910","fromID":"1328655","toID":"1328658","formEdgeID":null},{"edgeID":"1742911","fromID":"1328658","toID":"1328654","formEdgeID":null},{"edgeID":"1742912","fromID":"1328654","toID":"1328659","formEdgeID":null},{"edgeID":"1742913","fromID":"1328659","toID":"1328638","formEdgeID":null},{"edgeID":"1742914","fromID":"1328639","toID":"1328660","formEdgeID":null},{"edgeID":"1742915","fromID":"1328660","toID":"1328655","formEdgeID":null},{"edgeID":"1742916","fromID":"1328660","toID":"1328661","formEdgeID":null},{"edgeID":"1742917","fromID":"1328661","toID":"1328659","formEdgeID":null},{"edgeID":"1742918","fromID":"1328664","toID":"1328663","formEdgeID":null},{"edgeID":"1742919","fromID":"1328665","toID":"1328664","formEdgeID":null},{"edgeID":"1742920","fromID":"1328663","toID":"1328666","formEdgeID":null},{"edgeID":"1742921","fromID":"1328666","toID":"1328662","formEdgeID":null},{"edgeID":"1742922","fromID":"1328655","toID":"1328667","formEdgeID":null},{"edgeID":"1742923","fromID":"1328667","toID":"1328663","formEdgeID":null},{"edgeID":"1742924","fromID":"1328662","toID":"1328668","formEdgeID":null},{"edgeID":"1742925","fromID":"1328668","toID":"1328654","formEdgeID":null},{"edgeID":"1742926","fromID":"1328667","toID":"1328669","formEdgeID":null},{"edgeID":"1742927","fromID":"1328669","toID":"1328668","formEdgeID":null},{"edgeID":"1742928","fromID":"1328672","toID":"1328671","formEdgeID":null},{"edgeID":"1742929","fromID":"1328673","toID":"1328672","formEdgeID":null},{"edgeID":"1742930","fromID":"1328671","toID":"1328674","formEdgeID":null},{"edgeID":"1742931","fromID":"1328674","toID":"1328670","formEdgeID":null},{"edgeID":"1742932","fromID":"1328670","toID":"1328675","formEdgeID":null},{"edgeID":"1742933","fromID":"1328675","toID":"1328654","formEdgeID":null},{"edgeID":"1742934","fromID":"1328647","toID":"1328676","formEdgeID":null},{"edgeID":"1742935","fromID":"1328676","toID":"1328671","formEdgeID":null},{"edgeID":"1742936","fromID":"1328676","toID":"1328677","formEdgeID":null},{"edgeID":"1742937","fromID":"1328677","toID":"1328675","formEdgeID":null},{"edgeID":"1742938","fromID":"1328680","toID":"1328679","formEdgeID":null},{"edgeID":"1742939","fromID":"1328681","toID":"1328680","formEdgeID":null},{"edgeID":"1742940","fromID":"1328679","toID":"1328682","formEdgeID":null},{"edgeID":"1742941","fromID":"1328682","toID":"1328678","formEdgeID":null},{"edgeID":"1742942","fromID":"1328685","toID":"1328684","formEdgeID":null},{"edgeID":"1742943","fromID":"1328686","toID":"1328685","formEdgeID":null},{"edgeID":"1742944","fromID":"1328684","toID":"1328687","formEdgeID":null},{"edgeID":"1742945","fromID":"1328687","toID":"1328683","formEdgeID":null},{"edgeID":"1742946","fromID":"1328679","toID":"1328688","formEdgeID":null},{"edgeID":"1742947","fromID":"1328688","toID":"1328684","formEdgeID":null},{"edgeID":"1742948","fromID":"1328691","toID":"1328690","formEdgeID":null},{"edgeID":"1742949","fromID":"1328692","toID":"1328691","formEdgeID":null},{"edgeID":"1742950","fromID":"1328690","toID":"1328693","formEdgeID":null},{"edgeID":"1742951","fromID":"1328693","toID":"1328689","formEdgeID":null},{"edgeID":"1742952","fromID":"1328671","toID":"1328694","formEdgeID":null},{"edgeID":"1742953","fromID":"1328694","toID":"1328690","formEdgeID":null},{"edgeID":"1742954","fromID":"1328690","toID":"1328695","formEdgeID":null},{"edgeID":"1742955","fromID":"1328695","toID":"1328679","formEdgeID":null},{"edgeID":"1742956","fromID":"1328689","toID":"1328696","formEdgeID":null},{"edgeID":"1742957","fromID":"1328696","toID":"1328678","formEdgeID":null},{"edgeID":"1742958","fromID":"1328683","toID":"1328697","formEdgeID":null},{"edgeID":"1742959","fromID":"1328697","toID":"1328678","formEdgeID":null},{"edgeID":"1742960","fromID":"1328695","toID":"1328698","formEdgeID":null},{"edgeID":"1742961","fromID":"1328698","toID":"1328696","formEdgeID":null},{"edgeID":"1742962","fromID":"1328688","toID":"1328699","formEdgeID":null},{"edgeID":"1742963","fromID":"1328699","toID":"1328697","formEdgeID":null},{"edgeID":"1742964","fromID":"1328702","toID":"1328701","formEdgeID":null},{"edgeID":"1742965","fromID":"1328703","toID":"1328702","formEdgeID":null},{"edgeID":"1742966","fromID":"1328701","toID":"1328704","formEdgeID":null},{"edgeID":"1742967","fromID":"1328704","toID":"1328700","formEdgeID":null},{"edgeID":"1742968","fromID":"1328684","toID":"1328705","formEdgeID":null},{"edgeID":"1742969","fromID":"1328705","toID":"1328701","formEdgeID":null},{"edgeID":"1742970","fromID":"1328700","toID":"1328706","formEdgeID":null},{"edgeID":"1742971","fromID":"1328706","toID":"1328614","formEdgeID":null},{"edgeID":"1742972","fromID":"1328615","toID":"1328707","formEdgeID":null},{"edgeID":"1742973","fromID":"1328707","toID":"1328701","formEdgeID":null},{"edgeID":"1742974","fromID":"1328707","toID":"1328708","formEdgeID":null},{"edgeID":"1742975","fromID":"1328708","toID":"1328706","formEdgeID":null},{"edgeID":"1742976","fromID":"1328711","toID":"1328710","formEdgeID":null},{"edgeID":"1742977","fromID":"1328712","toID":"1328711","formEdgeID":null},{"edgeID":"1742978","fromID":"1328710","toID":"1328713","formEdgeID":null},{"edgeID":"1742979","fromID":"1328713","toID":"1328709","formEdgeID":null},{"edgeID":"1742980","fromID":"1328701","toID":"1328714","formEdgeID":null},{"edgeID":"1742981","fromID":"1328714","toID":"1328710","formEdgeID":null},{"edgeID":"1742982","fromID":"1328717","toID":"1328716","formEdgeID":null},{"edgeID":"1742983","fromID":"1328718","toID":"1328717","formEdgeID":null},{"edgeID":"1742984","fromID":"1328716","toID":"1328719","formEdgeID":null},{"edgeID":"1742985","fromID":"1328719","toID":"1328715","formEdgeID":null},{"edgeID":"1742986","fromID":"1328710","toID":"1328720","formEdgeID":null},{"edgeID":"1742987","fromID":"1328720","toID":"1328716","formEdgeID":null},{"edgeID":"1742988","fromID":"1328709","toID":"1328721","formEdgeID":null},{"edgeID":"1742989","fromID":"1328721","toID":"1328700","formEdgeID":null},{"edgeID":"1742990","fromID":"1328714","toID":"1328722","formEdgeID":null},{"edgeID":"1742991","fromID":"1328722","toID":"1328721","formEdgeID":null},{"edgeID":"1742992","fromID":"1328725","toID":"1328724","formEdgeID":null},{"edgeID":"1742993","fromID":"1328726","toID":"1328725","formEdgeID":null},{"edgeID":"1742994","fromID":"1328724","toID":"1328727","formEdgeID":null},{"edgeID":"1742995","fromID":"1328727","toID":"1328723","formEdgeID":null},{"edgeID":"1742996","fromID":"1328716","toID":"1328728","formEdgeID":null},{"edgeID":"1742997","fromID":"1328728","toID":"1328724","formEdgeID":null},{"edgeID":"1742998","fromID":"1328731","toID":"1328730","formEdgeID":null},{"edgeID":"1742999","fromID":"1328732","toID":"1328731","formEdgeID":null},{"edgeID":"1743000","fromID":"1328730","toID":"1328733","formEdgeID":null},{"edgeID":"1743001","fromID":"1328733","toID":"1328729","formEdgeID":null},{"edgeID":"1743002","fromID":"1328724","toID":"1328734","formEdgeID":null},{"edgeID":"1743003","fromID":"1328734","toID":"1328730","formEdgeID":null},{"edgeID":"1743004","fromID":"1328729","toID":"1328735","formEdgeID":null},{"edgeID":"1743005","fromID":"1328735","toID":"1328723","formEdgeID":null},{"edgeID":"1743006","fromID":"1328734","toID":"1328736","formEdgeID":null},{"edgeID":"1743007","fromID":"1328736","toID":"1328735","formEdgeID":null},{"edgeID":"1743008","fromID":"1328738","toID":"1328737","formEdgeID":null},{"edgeID":"1743009","fromID":"1328739","toID":"1328738","formEdgeID":null},{"edgeID":"1743010","fromID":"1328730","toID":"1328740","formEdgeID":null},{"edgeID":"1743011","fromID":"1328740","toID":"1328737","formEdgeID":null},{"edgeID":"1743012","fromID":"1328740","toID":"1328741","formEdgeID":null},{"edgeID":"1743013","fromID":"1328741","toID":"1328729","formEdgeID":null},{"edgeID":"1743014","fromID":"1328744","toID":"1328743","formEdgeID":null},{"edgeID":"1743015","fromID":"1328745","toID":"1328744","formEdgeID":null},{"edgeID":"1743016","fromID":"1328743","toID":"1328746","formEdgeID":null},{"edgeID":"1743017","fromID":"1328746","toID":"1328742","formEdgeID":null},{"edgeID":"1743018","fromID":"1328749","toID":"1328748","formEdgeID":null},{"edgeID":"1743019","fromID":"1328750","toID":"1328749","formEdgeID":null},{"edgeID":"1743020","fromID":"1328748","toID":"1328751","formEdgeID":null},{"edgeID":"1743021","fromID":"1328751","toID":"1328747","formEdgeID":null},{"edgeID":"1743022","fromID":"1328743","toID":"1328752","formEdgeID":null},{"edgeID":"1743023","fromID":"1328752","toID":"1328748","formEdgeID":null},{"edgeID":"1743024","fromID":"1328755","toID":"1328754","formEdgeID":null},{"edgeID":"1743025","fromID":"1328756","toID":"1328755","formEdgeID":null},{"edgeID":"1743026","fromID":"1328754","toID":"1328757","formEdgeID":null},{"edgeID":"1743027","fromID":"1328757","toID":"1328753","formEdgeID":null},{"edgeID":"1743028","fromID":"1328748","toID":"1328758","formEdgeID":null},{"edgeID":"1743029","fromID":"1328758","toID":"1328754","formEdgeID":null},{"edgeID":"1743030","fromID":"1328753","toID":"1328759","formEdgeID":null},{"edgeID":"1743031","fromID":"1328759","toID":"1328747","formEdgeID":null},{"edgeID":"1743032","fromID":"1328758","toID":"1328760","formEdgeID":null},{"edgeID":"1743033","fromID":"1328760","toID":"1328759","formEdgeID":null},{"edgeID":"1743034","fromID":"1328763","toID":"1328762","formEdgeID":null},{"edgeID":"1743035","fromID":"1328764","toID":"1328763","formEdgeID":null},{"edgeID":"1743036","fromID":"1328762","toID":"1328765","formEdgeID":null},{"edgeID":"1743037","fromID":"1328765","toID":"1328761","formEdgeID":null},{"edgeID":"1743038","fromID":"1328768","toID":"1328767","formEdgeID":null},{"edgeID":"1743039","fromID":"1328769","toID":"1328768","formEdgeID":null},{"edgeID":"1743040","fromID":"1328767","toID":"1328770","formEdgeID":null},{"edgeID":"1743041","fromID":"1328770","toID":"1328766","formEdgeID":null},{"edgeID":"1743042","fromID":"1328762","toID":"1328771","formEdgeID":null},{"edgeID":"1743043","fromID":"1328771","toID":"1328767","formEdgeID":null},{"edgeID":"1743044","fromID":"1328742","toID":"1328772","formEdgeID":null},{"edgeID":"1743045","fromID":"1328772","toID":"1328709","formEdgeID":null},{"edgeID":"1743046","fromID":"1328710","toID":"1328773","formEdgeID":null},{"edgeID":"1743047","fromID":"1328773","toID":"1328743","formEdgeID":null},{"edgeID":"1743048","fromID":"1328773","toID":"1328774","formEdgeID":null},{"edgeID":"1743049","fromID":"1328774","toID":"1328772","formEdgeID":null},{"edgeID":"1743050","fromID":"1328761","toID":"1328775","formEdgeID":null},{"edgeID":"1743051","fromID":"1328775","toID":"1328742","formEdgeID":null},{"edgeID":"1743052","fromID":"1328743","toID":"1328776","formEdgeID":null},{"edgeID":"1743053","fromID":"1328776","toID":"1328762","formEdgeID":null},{"edgeID":"1743054","fromID":"1328776","toID":"1328777","formEdgeID":null},{"edgeID":"1743055","fromID":"1328777","toID":"1328775","formEdgeID":null},{"edgeID":"1743056","fromID":"1328766","toID":"1328778","formEdgeID":null},{"edgeID":"1743057","fromID":"1328778","toID":"1328761","formEdgeID":null},{"edgeID":"1743058","fromID":"1328771","toID":"1328779","formEdgeID":null},{"edgeID":"1743059","fromID":"1328779","toID":"1328778","formEdgeID":null},{"edgeID":"1743060","fromID":"1328626","toID":"1328780","formEdgeID":null},{"edgeID":"1743061","fromID":"1328780","toID":"1328620","formEdgeID":null},{"edgeID":"1743062","fromID":"1328631","toID":"1328781","formEdgeID":null},{"edgeID":"1743063","fromID":"1328781","toID":"1328780","formEdgeID":null},{"edgeID":"1743064","fromID":"1328709","toID":"1328782","formEdgeID":null},{"edgeID":"1743065","fromID":"1328782","toID":"1328715","formEdgeID":null},{"edgeID":"1743066","fromID":"1328720","toID":"1328783","formEdgeID":null},{"edgeID":"1743067","fromID":"1328783","toID":"1328782","formEdgeID":null},{"edgeID":"1743068","fromID":"1328723","toID":"1328784","formEdgeID":null},{"edgeID":"1743069","fromID":"1328784","toID":"1328715","formEdgeID":null},{"edgeID":"1743070","fromID":"1328728","toID":"1328785","formEdgeID":null},{"edgeID":"1743071","fromID":"1328785","toID":"1328784","formEdgeID":null}],"locutions":[]}