{"nodes":[{"nodeID":"1327555","text":"we just aren't having the resources to be able to support the needs of our learners","type":"I","timestamp":"2023-11-09 13:34:19"},{"nodeID":"1327556","text":"AudienceMember 20220721QT25: we just aren't having the resources to be able to support the needs of our learners","type":"L","timestamp":"2023-11-09 13:34:19"},{"nodeID":"1327557","text":"Analysing","type":"YA","timestamp":"2023-11-09 13:34:19"},{"nodeID":"1327558","text":"Anon: AudienceMember 20220721QT25: we just aren't having the resources to be able to support the needs of our learners","type":"L","timestamp":"2023-11-09 13:34:19"},{"nodeID":"1327559","text":"Asserting","type":"YA","timestamp":"2023-11-09 13:34:19"},{"nodeID":"1327560","text":"at least 50% of AudienceMember 20220721QT25's learners are living through extreme poverty","type":"I","timestamp":"2023-11-09 13:34:20"},{"nodeID":"1327561","text":"AudienceMember 20220721QT25: at least 50% of my learners are living through extreme poverty","type":"L","timestamp":"2023-11-09 13:34:20"},{"nodeID":"1327562","text":"Analysing","type":"YA","timestamp":"2023-11-09 13:34:20"},{"nodeID":"1327563","text":"Anon: AudienceMember 20220721QT25: at least 50% of my learners are living through extreme poverty","type":"L","timestamp":"2023-11-09 13:34:20"},{"nodeID":"1327564","text":"Asserting","type":"YA","timestamp":"2023-11-09 13:34:20"},{"nodeID":"1327565","text":"Default Transition","type":"TA","timestamp":"2023-11-09 13:34:20"},{"nodeID":"1327566","text":"Default Rephrase","type":"MA","timestamp":"2023-11-09 13:34:20"},{"nodeID":"1327567","text":"Restating","type":"YA","timestamp":"2023-11-09 13:34:20"},{"nodeID":"1327568","text":"AudienceMember 20220721QT25 is using their own fund to provide breakfast for their learners and their colleagues are","type":"I","timestamp":"2023-11-09 13:34:21"},{"nodeID":"1327569","text":"AudienceMember 20220721QT25: I'm using my own fund to provide breakfast for my learners and I know my colleagues are","type":"L","timestamp":"2023-11-09 13:34:21"},{"nodeID":"1327570","text":"Analysing","type":"YA","timestamp":"2023-11-09 13:34:21"},{"nodeID":"1327571","text":"Anon: AudienceMember 20220721QT25: I'm using my own fund to provide breakfast for my learners and I know my colleagues are","type":"L","timestamp":"2023-11-09 13:34:21"},{"nodeID":"1327572","text":"Asserting","type":"YA","timestamp":"2023-11-09 13:34:21"},{"nodeID":"1327573","text":"Default Inference","type":"RA","timestamp":"2023-11-09 13:34:21"},{"nodeID":"1327574","text":"Default Transition","type":"TA","timestamp":"2023-11-09 13:34:21"},{"nodeID":"1327575","text":"Arguing","type":"YA","timestamp":"2023-11-09 13:34:21"},{"nodeID":"1327576","text":"we are waiting for CAMHS","type":"I","timestamp":"2023-11-09 13:34:21"},{"nodeID":"1327577","text":"AudienceMember 20220721QT25: We are waiting for CAMHS","type":"L","timestamp":"2023-11-09 13:34:21"},{"nodeID":"1327578","text":"Analysing","type":"YA","timestamp":"2023-11-09 13:34:21"},{"nodeID":"1327579","text":"Anon: AudienceMember 20220721QT25: We are waiting for CAMHS","type":"L","timestamp":"2023-11-09 13:34:21"},{"nodeID":"1327580","text":"Asserting","type":"YA","timestamp":"2023-11-09 13:34:21"},{"nodeID":"1327581","text":"Default Transition","type":"TA","timestamp":"2023-11-09 13:34:21"},{"nodeID":"1327582","text":"we have significant mental health problems","type":"I","timestamp":"2023-11-09 13:34:22"},{"nodeID":"1327583","text":"AudienceMember 20220721QT25: we have significant mental health problems","type":"L","timestamp":"2023-11-09 13:34:22"},{"nodeID":"1327584","text":"Analysing","type":"YA","timestamp":"2023-11-09 13:34:22"},{"nodeID":"1327585","text":"Anon: AudienceMember 20220721QT25: we have significant mental health problems","type":"L","timestamp":"2023-11-09 13:34:22"},{"nodeID":"1327586","text":"Asserting","type":"YA","timestamp":"2023-11-09 13:34:22"},{"nodeID":"1327587","text":"Default Transition","type":"TA","timestamp":"2023-11-09 13:34:22"},{"nodeID":"1327588","text":"Default Rephrase","type":"MA","timestamp":"2023-11-09 13:34:22"},{"nodeID":"1327589","text":"Restating","type":"YA","timestamp":"2023-11-09 13:34:22"},{"nodeID":"1327590","text":"the impact of the lack of resources has on your own mental health as a professional it can't be estimated","type":"I","timestamp":"2023-11-09 13:34:22"},{"nodeID":"1327591","text":"AudienceMember 20220721QT25: The impact it has on your own mental health as a professional it can't be estimated","type":"L","timestamp":"2023-11-09 13:34:22"},{"nodeID":"1327592","text":"Analysing","type":"YA","timestamp":"2023-11-09 13:34:22"},{"nodeID":"1327593","text":"Anon: AudienceMember 20220721QT25: The impact it has on your own mental health as a professional it can't be estimated","type":"L","timestamp":"2023-11-09 13:34:22"},{"nodeID":"1327594","text":"Asserting","type":"YA","timestamp":"2023-11-09 13:34:22"},{"nodeID":"1327595","text":"Default Transition","type":"TA","timestamp":"2023-11-09 13:34:22"},{"nodeID":"1327596","text":"you are not able to deliver what you are set out to do as a teacher","type":"I","timestamp":"2023-11-09 13:34:23"},{"nodeID":"1327597","text":"AudienceMember 20220721QT25: you are not able to deliver what you are set out to do as a teacher","type":"L","timestamp":"2023-11-09 13:34:23"},{"nodeID":"1327598","text":"Analysing","type":"YA","timestamp":"2023-11-09 13:34:23"},{"nodeID":"1327599","text":"Anon: AudienceMember 20220721QT25: you are not able to deliver what you are set out to do as a teacher","type":"L","timestamp":"2023-11-09 13:34:23"},{"nodeID":"1327600","text":"Asserting","type":"YA","timestamp":"2023-11-09 13:34:23"},{"nodeID":"1327601","text":"Default Transition","type":"TA","timestamp":"2023-11-09 13:34:23"},{"nodeID":"1327602","text":"Default Rephrase","type":"MA","timestamp":"2023-11-09 13:34:23"},{"nodeID":"1327603","text":"Restating","type":"YA","timestamp":"2023-11-09 13:34:23"},{"nodeID":"1327604","text":"your role becomes obsolete","type":"I","timestamp":"2023-11-09 13:34:24"},{"nodeID":"1327605","text":"AudienceMember 20220721QT25: your role becomes obsolete","type":"L","timestamp":"2023-11-09 13:34:24"},{"nodeID":"1327606","text":"Analysing","type":"YA","timestamp":"2023-11-09 13:34:24"},{"nodeID":"1327607","text":"Anon: AudienceMember 20220721QT25: your role becomes obsolete","type":"L","timestamp":"2023-11-09 13:34:24"},{"nodeID":"1327608","text":"Asserting","type":"YA","timestamp":"2023-11-09 13:34:24"},{"nodeID":"1327609","text":"Default Transition","type":"TA","timestamp":"2023-11-09 13:34:24"},{"nodeID":"1327610","text":"Default Inference","type":"RA","timestamp":"2023-11-09 13:34:24"},{"nodeID":"1327611","text":"Arguing","type":"YA","timestamp":"2023-11-09 13:34:24"},{"nodeID":"1327612","text":"it's not about us not getting necessarily a pay rise","type":"I","timestamp":"2023-11-09 13:34:24"},{"nodeID":"1327613","text":"AudienceMember 20220721QT25: It's not about us not getting necessarily a pay rise","type":"L","timestamp":"2023-11-09 13:34:24"},{"nodeID":"1327614","text":"Analysing","type":"YA","timestamp":"2023-11-09 13:34:24"},{"nodeID":"1327615","text":"Anon: AudienceMember 20220721QT25: It's not about us not getting necessarily a pay rise","type":"L","timestamp":"2023-11-09 13:34:24"},{"nodeID":"1327616","text":"Asserting","type":"YA","timestamp":"2023-11-09 13:34:24"},{"nodeID":"1327617","text":"Default Transition","type":"TA","timestamp":"2023-11-09 13:34:24"},{"nodeID":"1327618","text":"Default Inference","type":"RA","timestamp":"2023-11-09 13:34:24"},{"nodeID":"1327619","text":"Arguing","type":"YA","timestamp":"2023-11-09 13:34:24"},{"nodeID":"1327620","text":"what we really want is to see our young people being looked after the way they are promised by Government","type":"I","timestamp":"2023-11-09 13:34:25"},{"nodeID":"1327621","text":"AudienceMember 20220721QT25: what we really want is to see our young people being looked after the way they are promised by Government","type":"L","timestamp":"2023-11-09 13:34:25"},{"nodeID":"1327622","text":"Analysing","type":"YA","timestamp":"2023-11-09 13:34:25"},{"nodeID":"1327623","text":"Anon: AudienceMember 20220721QT25: what we really want is to see our young people being looked after the way they are promised by Government","type":"L","timestamp":"2023-11-09 13:34:25"},{"nodeID":"1327624","text":"Asserting","type":"YA","timestamp":"2023-11-09 13:34:25"},{"nodeID":"1327625","text":"Default Transition","type":"TA","timestamp":"2023-11-09 13:34:25"},{"nodeID":"1327626","text":"Default Rephrase","type":"MA","timestamp":"2023-11-09 13:34:25"},{"nodeID":"1327627","text":"Restating","type":"YA","timestamp":"2023-11-09 13:34:25"},{"nodeID":"1327628","text":"young people are never looked after as promised by the government on the classroom floor","type":"I","timestamp":"2023-11-09 13:34:25"},{"nodeID":"1327629","text":"AudienceMember 20220721QT25: it never happens on the classroom floor","type":"L","timestamp":"2023-11-09 13:34:25"},{"nodeID":"1327630","text":"Analysing","type":"YA","timestamp":"2023-11-09 13:34:25"},{"nodeID":"1327631","text":"Anon: AudienceMember 20220721QT25: it never happens on the classroom floor","type":"L","timestamp":"2023-11-09 13:34:25"},{"nodeID":"1327632","text":"Asserting","type":"YA","timestamp":"2023-11-09 13:34:25"},{"nodeID":"1327633","text":"Default Transition","type":"TA","timestamp":"2023-11-09 13:34:25"},{"nodeID":"1327634","text":"Default Conflict","type":"CA","timestamp":"2023-11-09 13:34:25"},{"nodeID":"1327635","text":"Disagreeing","type":"YA","timestamp":"2023-11-09 13:34:25"},{"nodeID":"1327636","text":"throughout AudienceMember 20220721QT27's degree, a lot of it was at home","type":"I","timestamp":"2023-11-09 13:34:26"},{"nodeID":"1327637","text":"AudienceMember 20220721QT27: throughout my degree, a lot of it was of course at home","type":"L","timestamp":"2023-11-09 13:34:26"},{"nodeID":"1327638","text":"Analysing","type":"YA","timestamp":"2023-11-09 13:34:26"},{"nodeID":"1327639","text":"Anon: AudienceMember 20220721QT27: throughout my degree, a lot of it was of course at home","type":"L","timestamp":"2023-11-09 13:34:26"},{"nodeID":"1327640","text":"Asserting","type":"YA","timestamp":"2023-11-09 13:34:26"},{"nodeID":"1327641","text":"Default Transition","type":"TA","timestamp":"2023-11-09 13:34:26"},{"nodeID":"1327642","text":"towards the later stages of AudienceMember 20220721QT27's degree there were a lot of strikes","type":"I","timestamp":"2023-11-09 13:34:26"},{"nodeID":"1327643","text":"AudienceMember 20220721QT27: towards the later stages there were a lot of strikes","type":"L","timestamp":"2023-11-09 13:34:26"},{"nodeID":"1327644","text":"Analysing","type":"YA","timestamp":"2023-11-09 13:34:26"},{"nodeID":"1327645","text":"Anon: AudienceMember 20220721QT27: towards the later stages there were a lot of strikes","type":"L","timestamp":"2023-11-09 13:34:26"},{"nodeID":"1327646","text":"Asserting","type":"YA","timestamp":"2023-11-09 13:34:26"},{"nodeID":"1327647","text":"Default Transition","type":"TA","timestamp":"2023-11-09 13:34:26"},{"nodeID":"1327648","text":"Default Rephrase","type":"MA","timestamp":"2023-11-09 13:34:26"},{"nodeID":"1327649","text":"Restating","type":"YA","timestamp":"2023-11-09 13:34:26"},{"nodeID":"1327650","text":"the strikes were really damaging to AudienceMember 20220721QT27's education, some weeks before important final exams","type":"I","timestamp":"2023-11-09 13:34:27"},{"nodeID":"1327651","text":"AudienceMember 20220721QT27: they were really damaging to my education, some weeks before important final exams","type":"L","timestamp":"2023-11-09 13:34:27"},{"nodeID":"1327652","text":"Analysing","type":"YA","timestamp":"2023-11-09 13:34:27"},{"nodeID":"1327653","text":"Anon: AudienceMember 20220721QT27: they were really damaging to my education, some weeks before important final exams","type":"L","timestamp":"2023-11-09 13:34:27"},{"nodeID":"1327654","text":"Asserting","type":"YA","timestamp":"2023-11-09 13:34:27"},{"nodeID":"1327655","text":"Default Transition","type":"TA","timestamp":"2023-11-09 13:34:27"},{"nodeID":"1327656","text":"Default Inference","type":"RA","timestamp":"2023-11-09 13:34:27"},{"nodeID":"1327657","text":"Arguing","type":"YA","timestamp":"2023-11-09 13:34:27"},{"nodeID":"1327658","text":"AudienceMember 20220721QT27 100% supports pay rises for teachers","type":"I","timestamp":"2023-11-09 13:34:28"},{"nodeID":"1327659","text":"AudienceMember 20220721QT27: 100% support pay rises for teachers","type":"L","timestamp":"2023-11-09 13:34:28"},{"nodeID":"1327660","text":"Analysing","type":"YA","timestamp":"2023-11-09 13:34:28"},{"nodeID":"1327661","text":"Anon: AudienceMember 20220721QT27: 100% support pay rises for teachers","type":"L","timestamp":"2023-11-09 13:34:28"},{"nodeID":"1327662","text":"Asserting","type":"YA","timestamp":"2023-11-09 13:34:28"},{"nodeID":"1327663","text":"Default Transition","type":"TA","timestamp":"2023-11-09 13:34:28"},{"nodeID":"1327664","text":"strikes are so damaging to students","type":"I","timestamp":"2023-11-09 13:34:28"},{"nodeID":"1327665","text":"AudienceMember 20220721QT27: strikes are so damaging to students","type":"L","timestamp":"2023-11-09 13:34:28"},{"nodeID":"1327666","text":"Analysing","type":"YA","timestamp":"2023-11-09 13:34:28"},{"nodeID":"1327667","text":"Anon: AudienceMember 20220721QT27: strikes are so damaging to students","type":"L","timestamp":"2023-11-09 13:34:28"},{"nodeID":"1327668","text":"Asserting","type":"YA","timestamp":"2023-11-09 13:34:28"},{"nodeID":"1327669","text":"Default Transition","type":"TA","timestamp":"2023-11-09 13:34:28"},{"nodeID":"1327670","text":"Default Conflict","type":"CA","timestamp":"2023-11-09 13:34:28"},{"nodeID":"1327671","text":"Disagreeing","type":"YA","timestamp":"2023-11-09 13:34:28"},{"nodeID":"1327672","text":"strikes really do have an impact on how well we perform","type":"I","timestamp":"2023-11-09 13:34:29"},{"nodeID":"1327673","text":"AudienceMember 20220721QT27: it really does have an impact on how well we perform","type":"L","timestamp":"2023-11-09 13:34:29"},{"nodeID":"1327674","text":"Analysing","type":"YA","timestamp":"2023-11-09 13:34:29"},{"nodeID":"1327675","text":"Anon: AudienceMember 20220721QT27: it really does have an impact on how well we perform","type":"L","timestamp":"2023-11-09 13:34:29"},{"nodeID":"1327676","text":"Asserting","type":"YA","timestamp":"2023-11-09 13:34:29"},{"nodeID":"1327677","text":"Default Transition","type":"TA","timestamp":"2023-11-09 13:34:29"},{"nodeID":"1327678","text":"Default Rephrase","type":"MA","timestamp":"2023-11-09 13:34:29"},{"nodeID":"1327679","text":"Restating","type":"YA","timestamp":"2023-11-09 13:34:29"},{"nodeID":"1327680","text":"we are going to create this high-skilled economy, and impacting the students and people who are going to become the high-skilled workers","type":"I","timestamp":"2023-11-09 13:34:30"},{"nodeID":"1327681","text":"AudienceMember 20220721QT27: we are going to create this high-skilled economy, and impacting the students and people who are going to become the high-skilled workers","type":"L","timestamp":"2023-11-09 13:34:30"},{"nodeID":"1327682","text":"Analysing","type":"YA","timestamp":"2023-11-09 13:34:30"},{"nodeID":"1327683","text":"Anon: AudienceMember 20220721QT27: we are going to create this high-skilled economy, and impacting the students and people who are going to become the high-skilled workers","type":"L","timestamp":"2023-11-09 13:34:30"},{"nodeID":"1327684","text":"Asserting","type":"YA","timestamp":"2023-11-09 13:34:30"},{"nodeID":"1327685","text":"Default Transition","type":"TA","timestamp":"2023-11-09 13:34:30"},{"nodeID":"1327686","text":"the situation of striking is surely not the way to go about creating a high-skilled economy","type":"I","timestamp":"2023-11-09 13:34:30"},{"nodeID":"1327687","text":"AudienceMember 20220721QT27: this is surely not the way to go about that","type":"L","timestamp":"2023-11-09 13:34:30"},{"nodeID":"1327688","text":"Analysing","type":"YA","timestamp":"2023-11-09 13:34:30"},{"nodeID":"1327689","text":"Anon: AudienceMember 20220721QT27: this is surely not the way to go about that","type":"L","timestamp":"2023-11-09 13:34:30"},{"nodeID":"1327690","text":"Asserting","type":"YA","timestamp":"2023-11-09 13:34:30"},{"nodeID":"1327691","text":"Default Transition","type":"TA","timestamp":"2023-11-09 13:34:30"},{"nodeID":"1327692","text":"Default Inference","type":"RA","timestamp":"2023-11-09 13:34:30"},{"nodeID":"1327693","text":"Arguing","type":"YA","timestamp":"2023-11-09 13:34:30"},{"nodeID":"1327694","text":"Default Rephrase","type":"MA","timestamp":"2023-11-09 13:34:30"},{"nodeID":"1327695","text":"Restating","type":"YA","timestamp":"2023-11-09 13:34:30"},{"nodeID":"1327696","text":"Default Inference","type":"RA","timestamp":"2023-11-09 13:34:30"},{"nodeID":"1327697","text":"Arguing","type":"YA","timestamp":"2023-11-09 13:34:30"}],"edges":[{"edgeID":"1741629","fromID":"1327557","toID":"1327556","formEdgeID":null},{"edgeID":"1741630","fromID":"1327558","toID":"1327557","formEdgeID":null},{"edgeID":"1741631","fromID":"1327556","toID":"1327559","formEdgeID":null},{"edgeID":"1741632","fromID":"1327559","toID":"1327555","formEdgeID":null},{"edgeID":"1741633","fromID":"1327562","toID":"1327561","formEdgeID":null},{"edgeID":"1741634","fromID":"1327563","toID":"1327562","formEdgeID":null},{"edgeID":"1741635","fromID":"1327561","toID":"1327564","formEdgeID":null},{"edgeID":"1741636","fromID":"1327564","toID":"1327560","formEdgeID":null},{"edgeID":"1741637","fromID":"1327556","toID":"1327565","formEdgeID":null},{"edgeID":"1741638","fromID":"1327565","toID":"1327561","formEdgeID":null},{"edgeID":"1741639","fromID":"1327560","toID":"1327566","formEdgeID":null},{"edgeID":"1741640","fromID":"1327566","toID":"1327555","formEdgeID":null},{"edgeID":"1741641","fromID":"1327565","toID":"1327567","formEdgeID":null},{"edgeID":"1741642","fromID":"1327567","toID":"1327566","formEdgeID":null},{"edgeID":"1741643","fromID":"1327570","toID":"1327569","formEdgeID":null},{"edgeID":"1741644","fromID":"1327571","toID":"1327570","formEdgeID":null},{"edgeID":"1741645","fromID":"1327569","toID":"1327572","formEdgeID":null},{"edgeID":"1741646","fromID":"1327572","toID":"1327568","formEdgeID":null},{"edgeID":"1741647","fromID":"1327568","toID":"1327573","formEdgeID":null},{"edgeID":"1741648","fromID":"1327573","toID":"1327555","formEdgeID":null},{"edgeID":"1741649","fromID":"1327556","toID":"1327574","formEdgeID":null},{"edgeID":"1741650","fromID":"1327574","toID":"1327569","formEdgeID":null},{"edgeID":"1741651","fromID":"1327574","toID":"1327575","formEdgeID":null},{"edgeID":"1741652","fromID":"1327575","toID":"1327573","formEdgeID":null},{"edgeID":"1741653","fromID":"1327578","toID":"1327577","formEdgeID":null},{"edgeID":"1741654","fromID":"1327579","toID":"1327578","formEdgeID":null},{"edgeID":"1741655","fromID":"1327577","toID":"1327580","formEdgeID":null},{"edgeID":"1741656","fromID":"1327580","toID":"1327576","formEdgeID":null},{"edgeID":"1741657","fromID":"1327569","toID":"1327581","formEdgeID":null},{"edgeID":"1741658","fromID":"1327581","toID":"1327577","formEdgeID":null},{"edgeID":"1741659","fromID":"1327584","toID":"1327583","formEdgeID":null},{"edgeID":"1741660","fromID":"1327585","toID":"1327584","formEdgeID":null},{"edgeID":"1741661","fromID":"1327583","toID":"1327586","formEdgeID":null},{"edgeID":"1741662","fromID":"1327586","toID":"1327582","formEdgeID":null},{"edgeID":"1741663","fromID":"1327577","toID":"1327587","formEdgeID":null},{"edgeID":"1741664","fromID":"1327587","toID":"1327583","formEdgeID":null},{"edgeID":"1741665","fromID":"1327582","toID":"1327588","formEdgeID":null},{"edgeID":"1741666","fromID":"1327588","toID":"1327576","formEdgeID":null},{"edgeID":"1741667","fromID":"1327587","toID":"1327589","formEdgeID":null},{"edgeID":"1741668","fromID":"1327589","toID":"1327588","formEdgeID":null},{"edgeID":"1741669","fromID":"1327592","toID":"1327591","formEdgeID":null},{"edgeID":"1741670","fromID":"1327593","toID":"1327592","formEdgeID":null},{"edgeID":"1741671","fromID":"1327591","toID":"1327594","formEdgeID":null},{"edgeID":"1741672","fromID":"1327594","toID":"1327590","formEdgeID":null},{"edgeID":"1741673","fromID":"1327583","toID":"1327595","formEdgeID":null},{"edgeID":"1741674","fromID":"1327595","toID":"1327591","formEdgeID":null},{"edgeID":"1741675","fromID":"1327598","toID":"1327597","formEdgeID":null},{"edgeID":"1741676","fromID":"1327599","toID":"1327598","formEdgeID":null},{"edgeID":"1741677","fromID":"1327597","toID":"1327600","formEdgeID":null},{"edgeID":"1741678","fromID":"1327600","toID":"1327596","formEdgeID":null},{"edgeID":"1741679","fromID":"1327591","toID":"1327601","formEdgeID":null},{"edgeID":"1741680","fromID":"1327601","toID":"1327597","formEdgeID":null},{"edgeID":"1741681","fromID":"1327596","toID":"1327602","formEdgeID":null},{"edgeID":"1741682","fromID":"1327602","toID":"1327590","formEdgeID":null},{"edgeID":"1741683","fromID":"1327601","toID":"1327603","formEdgeID":null},{"edgeID":"1741684","fromID":"1327603","toID":"1327602","formEdgeID":null},{"edgeID":"1741685","fromID":"1327606","toID":"1327605","formEdgeID":null},{"edgeID":"1741686","fromID":"1327607","toID":"1327606","formEdgeID":null},{"edgeID":"1741687","fromID":"1327605","toID":"1327608","formEdgeID":null},{"edgeID":"1741688","fromID":"1327608","toID":"1327604","formEdgeID":null},{"edgeID":"1741689","fromID":"1327597","toID":"1327609","formEdgeID":null},{"edgeID":"1741690","fromID":"1327609","toID":"1327605","formEdgeID":null},{"edgeID":"1741691","fromID":"1327596","toID":"1327610","formEdgeID":null},{"edgeID":"1741692","fromID":"1327610","toID":"1327604","formEdgeID":null},{"edgeID":"1741693","fromID":"1327609","toID":"1327611","formEdgeID":null},{"edgeID":"1741694","fromID":"1327611","toID":"1327610","formEdgeID":null},{"edgeID":"1741695","fromID":"1327614","toID":"1327613","formEdgeID":null},{"edgeID":"1741696","fromID":"1327615","toID":"1327614","formEdgeID":null},{"edgeID":"1741697","fromID":"1327613","toID":"1327616","formEdgeID":null},{"edgeID":"1741698","fromID":"1327616","toID":"1327612","formEdgeID":null},{"edgeID":"1741699","fromID":"1327605","toID":"1327617","formEdgeID":null},{"edgeID":"1741700","fromID":"1327617","toID":"1327613","formEdgeID":null},{"edgeID":"1741701","fromID":"1327604","toID":"1327618","formEdgeID":null},{"edgeID":"1741702","fromID":"1327618","toID":"1327612","formEdgeID":null},{"edgeID":"1741703","fromID":"1327617","toID":"1327619","formEdgeID":null},{"edgeID":"1741704","fromID":"1327619","toID":"1327618","formEdgeID":null},{"edgeID":"1741705","fromID":"1327622","toID":"1327621","formEdgeID":null},{"edgeID":"1741706","fromID":"1327623","toID":"1327622","formEdgeID":null},{"edgeID":"1741707","fromID":"1327621","toID":"1327624","formEdgeID":null},{"edgeID":"1741708","fromID":"1327624","toID":"1327620","formEdgeID":null},{"edgeID":"1741709","fromID":"1327613","toID":"1327625","formEdgeID":null},{"edgeID":"1741710","fromID":"1327625","toID":"1327621","formEdgeID":null},{"edgeID":"1741711","fromID":"1327620","toID":"1327626","formEdgeID":null},{"edgeID":"1741712","fromID":"1327626","toID":"1327612","formEdgeID":null},{"edgeID":"1741713","fromID":"1327625","toID":"1327627","formEdgeID":null},{"edgeID":"1741714","fromID":"1327627","toID":"1327626","formEdgeID":null},{"edgeID":"1741715","fromID":"1327630","toID":"1327629","formEdgeID":null},{"edgeID":"1741716","fromID":"1327631","toID":"1327630","formEdgeID":null},{"edgeID":"1741717","fromID":"1327629","toID":"1327632","formEdgeID":null},{"edgeID":"1741718","fromID":"1327632","toID":"1327628","formEdgeID":null},{"edgeID":"1741719","fromID":"1327621","toID":"1327633","formEdgeID":null},{"edgeID":"1741720","fromID":"1327633","toID":"1327629","formEdgeID":null},{"edgeID":"1741721","fromID":"1327628","toID":"1327634","formEdgeID":null},{"edgeID":"1741722","fromID":"1327634","toID":"1327620","formEdgeID":null},{"edgeID":"1741723","fromID":"1327633","toID":"1327635","formEdgeID":null},{"edgeID":"1741724","fromID":"1327635","toID":"1327634","formEdgeID":null},{"edgeID":"1741725","fromID":"1327638","toID":"1327637","formEdgeID":null},{"edgeID":"1741726","fromID":"1327639","toID":"1327638","formEdgeID":null},{"edgeID":"1741727","fromID":"1327637","toID":"1327640","formEdgeID":null},{"edgeID":"1741728","fromID":"1327640","toID":"1327636","formEdgeID":null},{"edgeID":"1741729","fromID":"1327629","toID":"1327641","formEdgeID":null},{"edgeID":"1741730","fromID":"1327641","toID":"1327637","formEdgeID":null},{"edgeID":"1741731","fromID":"1327644","toID":"1327643","formEdgeID":null},{"edgeID":"1741732","fromID":"1327645","toID":"1327644","formEdgeID":null},{"edgeID":"1741733","fromID":"1327643","toID":"1327646","formEdgeID":null},{"edgeID":"1741734","fromID":"1327646","toID":"1327642","formEdgeID":null},{"edgeID":"1741735","fromID":"1327637","toID":"1327647","formEdgeID":null},{"edgeID":"1741736","fromID":"1327647","toID":"1327643","formEdgeID":null},{"edgeID":"1741737","fromID":"1327642","toID":"1327648","formEdgeID":null},{"edgeID":"1741738","fromID":"1327648","toID":"1327636","formEdgeID":null},{"edgeID":"1741739","fromID":"1327647","toID":"1327649","formEdgeID":null},{"edgeID":"1741740","fromID":"1327649","toID":"1327648","formEdgeID":null},{"edgeID":"1741741","fromID":"1327652","toID":"1327651","formEdgeID":null},{"edgeID":"1741742","fromID":"1327653","toID":"1327652","formEdgeID":null},{"edgeID":"1741743","fromID":"1327651","toID":"1327654","formEdgeID":null},{"edgeID":"1741744","fromID":"1327654","toID":"1327650","formEdgeID":null},{"edgeID":"1741745","fromID":"1327643","toID":"1327655","formEdgeID":null},{"edgeID":"1741746","fromID":"1327655","toID":"1327651","formEdgeID":null},{"edgeID":"1741747","fromID":"1327642","toID":"1327656","formEdgeID":null},{"edgeID":"1741748","fromID":"1327656","toID":"1327650","formEdgeID":null},{"edgeID":"1741749","fromID":"1327655","toID":"1327657","formEdgeID":null},{"edgeID":"1741750","fromID":"1327657","toID":"1327656","formEdgeID":null},{"edgeID":"1741751","fromID":"1327660","toID":"1327659","formEdgeID":null},{"edgeID":"1741752","fromID":"1327661","toID":"1327660","formEdgeID":null},{"edgeID":"1741753","fromID":"1327659","toID":"1327662","formEdgeID":null},{"edgeID":"1741754","fromID":"1327662","toID":"1327658","formEdgeID":null},{"edgeID":"1741755","fromID":"1327651","toID":"1327663","formEdgeID":null},{"edgeID":"1741756","fromID":"1327663","toID":"1327659","formEdgeID":null},{"edgeID":"1741757","fromID":"1327666","toID":"1327665","formEdgeID":null},{"edgeID":"1741758","fromID":"1327667","toID":"1327666","formEdgeID":null},{"edgeID":"1741759","fromID":"1327665","toID":"1327668","formEdgeID":null},{"edgeID":"1741760","fromID":"1327668","toID":"1327664","formEdgeID":null},{"edgeID":"1741761","fromID":"1327659","toID":"1327669","formEdgeID":null},{"edgeID":"1741762","fromID":"1327669","toID":"1327665","formEdgeID":null},{"edgeID":"1741763","fromID":"1327664","toID":"1327670","formEdgeID":null},{"edgeID":"1741764","fromID":"1327670","toID":"1327658","formEdgeID":null},{"edgeID":"1741765","fromID":"1327669","toID":"1327671","formEdgeID":null},{"edgeID":"1741766","fromID":"1327671","toID":"1327670","formEdgeID":null},{"edgeID":"1741767","fromID":"1327674","toID":"1327673","formEdgeID":null},{"edgeID":"1741768","fromID":"1327675","toID":"1327674","formEdgeID":null},{"edgeID":"1741769","fromID":"1327673","toID":"1327676","formEdgeID":null},{"edgeID":"1741770","fromID":"1327676","toID":"1327672","formEdgeID":null},{"edgeID":"1741771","fromID":"1327665","toID":"1327677","formEdgeID":null},{"edgeID":"1741772","fromID":"1327677","toID":"1327673","formEdgeID":null},{"edgeID":"1741773","fromID":"1327672","toID":"1327678","formEdgeID":null},{"edgeID":"1741774","fromID":"1327678","toID":"1327664","formEdgeID":null},{"edgeID":"1741775","fromID":"1327677","toID":"1327679","formEdgeID":null},{"edgeID":"1741776","fromID":"1327679","toID":"1327678","formEdgeID":null},{"edgeID":"1741777","fromID":"1327682","toID":"1327681","formEdgeID":null},{"edgeID":"1741778","fromID":"1327683","toID":"1327682","formEdgeID":null},{"edgeID":"1741779","fromID":"1327681","toID":"1327684","formEdgeID":null},{"edgeID":"1741780","fromID":"1327684","toID":"1327680","formEdgeID":null},{"edgeID":"1741781","fromID":"1327673","toID":"1327685","formEdgeID":null},{"edgeID":"1741782","fromID":"1327685","toID":"1327681","formEdgeID":null},{"edgeID":"1741783","fromID":"1327688","toID":"1327687","formEdgeID":null},{"edgeID":"1741784","fromID":"1327689","toID":"1327688","formEdgeID":null},{"edgeID":"1741785","fromID":"1327687","toID":"1327690","formEdgeID":null},{"edgeID":"1741786","fromID":"1327690","toID":"1327686","formEdgeID":null},{"edgeID":"1741787","fromID":"1327681","toID":"1327691","formEdgeID":null},{"edgeID":"1741788","fromID":"1327691","toID":"1327687","formEdgeID":null},{"edgeID":"1741789","fromID":"1327680","toID":"1327692","formEdgeID":null},{"edgeID":"1741790","fromID":"1327692","toID":"1327686","formEdgeID":null},{"edgeID":"1741791","fromID":"1327691","toID":"1327693","formEdgeID":null},{"edgeID":"1741792","fromID":"1327693","toID":"1327692","formEdgeID":null},{"edgeID":"1741793","fromID":"1327680","toID":"1327694","formEdgeID":null},{"edgeID":"1741794","fromID":"1327694","toID":"1327672","formEdgeID":null},{"edgeID":"1741795","fromID":"1327685","toID":"1327695","formEdgeID":null},{"edgeID":"1741796","fromID":"1327695","toID":"1327694","formEdgeID":null},{"edgeID":"1741797","fromID":"1327590","toID":"1327696","formEdgeID":null},{"edgeID":"1741798","fromID":"1327696","toID":"1327582","formEdgeID":null},{"edgeID":"1741799","fromID":"1327595","toID":"1327697","formEdgeID":null},{"edgeID":"1741800","fromID":"1327697","toID":"1327696","formEdgeID":null}],"locutions":[]}