{"nodes":[{"nodeID":"1327052","text":"one of the big problems with Boris Johnson is he did promise too much without explaining in any way how he was going to get there","type":"I","timestamp":"2023-11-09 13:33:38"},{"nodeID":"1327053","text":"Olivia Utley: one of the big problems with Boris Johnson as we have discussed, is he did promise too much without explaining in any way how he was going to get there","type":"L","timestamp":"2023-11-09 13:33:38"},{"nodeID":"1327054","text":"Analysing","type":"YA","timestamp":"2023-11-09 13:33:38"},{"nodeID":"1327055","text":"Clara: Olivia Utley: one of the big problems with Boris Johnson as we have discussed, is he did promise too much without explaining in any way how he was going to get there","type":"L","timestamp":"2023-11-09 13:33:38"},{"nodeID":"1327056","text":"Asserting","type":"YA","timestamp":"2023-11-09 13:33:38"},{"nodeID":"1327057","text":"specifically Boris Johnson promised a high wage high skill economy","type":"I","timestamp":"2023-11-09 13:33:39"},{"nodeID":"1327058","text":"Fiona Bruce: Specifically a high wage high skill economy","type":"L","timestamp":"2023-11-09 13:33:39"},{"nodeID":"1327059","text":"Analysing","type":"YA","timestamp":"2023-11-09 13:33:39"},{"nodeID":"1327060","text":"Clara: Fiona Bruce: Specifically a high wage high skill economy","type":"L","timestamp":"2023-11-09 13:33:39"},{"nodeID":"1327061","text":"Asserting","type":"YA","timestamp":"2023-11-09 13:33:39"},{"nodeID":"1327062","text":"Default Transition","type":"TA","timestamp":"2023-11-09 13:33:39"},{"nodeID":"1327063","text":"Default Rephrase","type":"MA","timestamp":"2023-11-09 13:33:39"},{"nodeID":"1327064","text":"Restating","type":"YA","timestamp":"2023-11-09 13:33:39"},{"nodeID":"1327065","text":"it looks like we are heading for a recession","type":"I","timestamp":"2023-11-09 13:33:40"},{"nodeID":"1327066","text":"Olivia Utley: it looks like we are heading for a recession","type":"L","timestamp":"2023-11-09 13:33:40"},{"nodeID":"1327067","text":"Analysing","type":"YA","timestamp":"2023-11-09 13:33:40"},{"nodeID":"1327068","text":"Clara: Olivia Utley: it looks like we are heading for a recession","type":"L","timestamp":"2023-11-09 13:33:40"},{"nodeID":"1327069","text":"Asserting","type":"YA","timestamp":"2023-11-09 13:33:40"},{"nodeID":"1327070","text":"Default Transition","type":"TA","timestamp":"2023-11-09 13:33:40"},{"nodeID":"1327071","text":"the economy is in massive trouble","type":"I","timestamp":"2023-11-09 13:33:40"},{"nodeID":"1327072","text":"Olivia Utley: the economy is in massive trouble","type":"L","timestamp":"2023-11-09 13:33:40"},{"nodeID":"1327073","text":"Analysing","type":"YA","timestamp":"2023-11-09 13:33:40"},{"nodeID":"1327074","text":"Clara: Olivia Utley: the economy is in massive trouble","type":"L","timestamp":"2023-11-09 13:33:40"},{"nodeID":"1327075","text":"Asserting","type":"YA","timestamp":"2023-11-09 13:33:40"},{"nodeID":"1327076","text":"Default Inference","type":"RA","timestamp":"2023-11-09 13:33:40"},{"nodeID":"1327077","text":"Default Transition","type":"TA","timestamp":"2023-11-09 13:33:40"},{"nodeID":"1327078","text":"Arguing","type":"YA","timestamp":"2023-11-09 13:33:40"},{"nodeID":"1327079","text":"promises like the promise of a high wage high skill economy sound like platitudes","type":"I","timestamp":"2023-11-09 13:33:41"},{"nodeID":"1327080","text":"Olivia Utley: To send out promises like that they sound like platitudes","type":"L","timestamp":"2023-11-09 13:33:41"},{"nodeID":"1327081","text":"Analysing","type":"YA","timestamp":"2023-11-09 13:33:41"},{"nodeID":"1327082","text":"Clara: Olivia Utley: To send out promises like that they sound like platitudes","type":"L","timestamp":"2023-11-09 13:33:41"},{"nodeID":"1327083","text":"Asserting","type":"YA","timestamp":"2023-11-09 13:33:41"},{"nodeID":"1327084","text":"Default Transition","type":"TA","timestamp":"2023-11-09 13:33:41"},{"nodeID":"1327085","text":"Default Rephrase","type":"MA","timestamp":"2023-11-09 13:33:41"},{"nodeID":"1327086","text":"Restating","type":"YA","timestamp":"2023-11-09 13:33:41"},{"nodeID":"1327087","text":"clearly the public doesn't really believe promises like the promise of a high wage high skill economy","type":"I","timestamp":"2023-11-09 13:33:41"},{"nodeID":"1327088","text":"Olivia Utley: clearly the public doesn't really believe it","type":"L","timestamp":"2023-11-09 13:33:41"},{"nodeID":"1327089","text":"Analysing","type":"YA","timestamp":"2023-11-09 13:33:41"},{"nodeID":"1327090","text":"Clara: Olivia Utley: clearly the public doesn't really believe it","type":"L","timestamp":"2023-11-09 13:33:41"},{"nodeID":"1327091","text":"Asserting","type":"YA","timestamp":"2023-11-09 13:33:41"},{"nodeID":"1327092","text":"what we need from the next Prime Minister is someone who is willing to have difficult conversations","type":"I","timestamp":"2023-11-09 13:33:42"},{"nodeID":"1327093","text":"Olivia Utley: What we need from the next Prime Minister is someone who is willing to have difficult conversations","type":"L","timestamp":"2023-11-09 13:33:42"},{"nodeID":"1327094","text":"Analysing","type":"YA","timestamp":"2023-11-09 13:33:42"},{"nodeID":"1327095","text":"Clara: Olivia Utley: What we need from the next Prime Minister is someone who is willing to have difficult conversations","type":"L","timestamp":"2023-11-09 13:33:42"},{"nodeID":"1327096","text":"Asserting","type":"YA","timestamp":"2023-11-09 13:33:42"},{"nodeID":"1327097","text":"Default Transition","type":"TA","timestamp":"2023-11-09 13:33:42"},{"nodeID":"1327098","text":"Default Inference","type":"RA","timestamp":"2023-11-09 13:33:42"},{"nodeID":"1327099","text":"Arguing","type":"YA","timestamp":"2023-11-09 13:33:42"},{"nodeID":"1327100","text":"what we need from the next Prime Minister is someone who is willing to be honest","type":"I","timestamp":"2023-11-09 13:33:43"},{"nodeID":"1327101","text":"Olivia Utley: to be honest","type":"L","timestamp":"2023-11-09 13:33:43"},{"nodeID":"1327102","text":"Analysing","type":"YA","timestamp":"2023-11-09 13:33:43"},{"nodeID":"1327103","text":"Clara: Olivia Utley: to be honest","type":"L","timestamp":"2023-11-09 13:33:43"},{"nodeID":"1327104","text":"Asserting","type":"YA","timestamp":"2023-11-09 13:33:43"},{"nodeID":"1327105","text":"Default Transition","type":"TA","timestamp":"2023-11-09 13:33:43"},{"nodeID":"1327106","text":"Default Rephrase","type":"MA","timestamp":"2023-11-09 13:33:43"},{"nodeID":"1327107","text":"Restating","type":"YA","timestamp":"2023-11-09 13:33:43"},{"nodeID":"1327108","text":"what we need from the next Prime Minister is someone who is willing to say yes if we are going to have this we are living in fantasy land if we are talking about a high-wage economy at the same time as cutting tax, and we are not going to cut public services","type":"I","timestamp":"2023-11-09 13:33:43"},{"nodeID":"1327109","text":"Olivia Utley: say yes if we are going to have this we are living in fantasy land if we are talking about a high-wage economy at the same time as cutting tax, and we are not going to cut public services","type":"L","timestamp":"2023-11-09 13:33:43"},{"nodeID":"1327110","text":"Analysing","type":"YA","timestamp":"2023-11-09 13:33:43"},{"nodeID":"1327111","text":"Clara: Olivia Utley: say yes if we are going to have this we are living in fantasy land if we are talking about a high-wage economy at the same time as cutting tax, and we are not going to cut public services","type":"L","timestamp":"2023-11-09 13:33:43"},{"nodeID":"1327112","text":"Asserting","type":"YA","timestamp":"2023-11-09 13:33:43"},{"nodeID":"1327113","text":"Default Rephrase","type":"MA","timestamp":"2023-11-09 13:33:43"},{"nodeID":"1327114","text":"Default Transition","type":"TA","timestamp":"2023-11-09 13:33:43"},{"nodeID":"1327115","text":"Restating","type":"YA","timestamp":"2023-11-09 13:33:43"},{"nodeID":"1327116","text":"there's too many promises","type":"I","timestamp":"2023-11-09 13:33:44"},{"nodeID":"1327117","text":"Olivia Utley: There's too many promises","type":"L","timestamp":"2023-11-09 13:33:44"},{"nodeID":"1327118","text":"Analysing","type":"YA","timestamp":"2023-11-09 13:33:44"},{"nodeID":"1327119","text":"Clara: Olivia Utley: There's too many promises","type":"L","timestamp":"2023-11-09 13:33:44"},{"nodeID":"1327120","text":"Asserting","type":"YA","timestamp":"2023-11-09 13:33:44"},{"nodeID":"1327121","text":"Default Transition","type":"TA","timestamp":"2023-11-09 13:33:44"},{"nodeID":"1327122","text":"Default Inference","type":"RA","timestamp":"2023-11-09 13:33:44"},{"nodeID":"1327123","text":"Arguing","type":"YA","timestamp":"2023-11-09 13:33:44"},{"nodeID":"1327124","text":"the Tory Party hopefuls are saying that there's too many promises","type":"I","timestamp":"2023-11-09 13:33:44"},{"nodeID":"1327125","text":"Mary Bousted: That's what the Tory Party hopefuls are saying","type":"L","timestamp":"2023-11-09 13:33:44"},{"nodeID":"1327126","text":"Analysing","type":"YA","timestamp":"2023-11-09 13:33:44"},{"nodeID":"1327127","text":"Clara: Mary Bousted: That's what the Tory Party hopefuls are saying","type":"L","timestamp":"2023-11-09 13:33:44"},{"nodeID":"1327128","text":"Asserting","type":"YA","timestamp":"2023-11-09 13:33:44"},{"nodeID":"1327129","text":"Default Transition","type":"TA","timestamp":"2023-11-09 13:33:44"},{"nodeID":"1327130","text":"that there's too many promises is what the Tory Party hopefuls are saying","type":"I","timestamp":"2023-11-09 13:33:45"},{"nodeID":"1327131","text":"Mary Bousted: That's what they are saying","type":"L","timestamp":"2023-11-09 13:33:45"},{"nodeID":"1327132","text":"Analysing","type":"YA","timestamp":"2023-11-09 13:33:45"},{"nodeID":"1327133","text":"Clara: Mary Bousted: That's what they are saying","type":"L","timestamp":"2023-11-09 13:33:45"},{"nodeID":"1327134","text":"Asserting","type":"YA","timestamp":"2023-11-09 13:33:45"},{"nodeID":"1327135","text":"Default Rephrase","type":"MA","timestamp":"2023-11-09 13:33:45"},{"nodeID":"1327136","text":"Default Transition","type":"TA","timestamp":"2023-11-09 13:33:45"},{"nodeID":"1327137","text":"Restating","type":"YA","timestamp":"2023-11-09 13:33:45"},{"nodeID":"1327138","text":"the Tory Party hopefuls are at once saying that there's too many promises","type":"I","timestamp":"2023-11-09 13:33:46"},{"nodeID":"1327139","text":"Mary Bousted: At once","type":"L","timestamp":"2023-11-09 13:33:46"},{"nodeID":"1327140","text":"Analysing","type":"YA","timestamp":"2023-11-09 13:33:46"},{"nodeID":"1327141","text":"Clara: Mary Bousted: At once","type":"L","timestamp":"2023-11-09 13:33:46"},{"nodeID":"1327142","text":"Asserting","type":"YA","timestamp":"2023-11-09 13:33:46"},{"nodeID":"1327143","text":"Default Rephrase","type":"MA","timestamp":"2023-11-09 13:33:46"},{"nodeID":"1327144","text":"Default Transition","type":"TA","timestamp":"2023-11-09 13:33:46"},{"nodeID":"1327145","text":"Restating","type":"YA","timestamp":"2023-11-09 13:33:46"},{"nodeID":"1327146","text":"Default Rephrase","type":"MA","timestamp":"2023-11-09 13:33:46"},{"nodeID":"1327147","text":"Restating","type":"YA","timestamp":"2023-11-09 13:33:46"},{"nodeID":"1327148","text":"she is saying she will get to tax cuts when she can","type":"I","timestamp":"2023-11-09 13:33:46"},{"nodeID":"1327149","text":"Olivia Utley: She is saying she will get to tax cuts when she can","type":"L","timestamp":"2023-11-09 13:33:46"},{"nodeID":"1327150","text":"Analysing","type":"YA","timestamp":"2023-11-09 13:33:46"},{"nodeID":"1327151","text":"Clara: Olivia Utley: She is saying she will get to tax cuts when she can","type":"L","timestamp":"2023-11-09 13:33:46"},{"nodeID":"1327152","text":"Asserting","type":"YA","timestamp":"2023-11-09 13:33:46"},{"nodeID":"1327153","text":"she's prepared to have a genuinely honest conversation about what needs to be done","type":"I","timestamp":"2023-11-09 13:33:47"},{"nodeID":"1327154","text":"Olivia Utley: she's prepared to have a genuinely honest conversation about what needs to be done","type":"L","timestamp":"2023-11-09 13:33:47"},{"nodeID":"1327155","text":"Analysing","type":"YA","timestamp":"2023-11-09 13:33:47"},{"nodeID":"1327156","text":"Clara: Olivia Utley: she's prepared to have a genuinely honest conversation about what needs to be done","type":"L","timestamp":"2023-11-09 13:33:47"},{"nodeID":"1327157","text":"Asserting","type":"YA","timestamp":"2023-11-09 13:33:47"},{"nodeID":"1327158","text":"Default Transition","type":"TA","timestamp":"2023-11-09 13:33:47"},{"nodeID":"1327159","text":"Default Rephrase","type":"MA","timestamp":"2023-11-09 13:33:47"},{"nodeID":"1327160","text":"Restating","type":"YA","timestamp":"2023-11-09 13:33:47"},{"nodeID":"1327161","text":"Default Transition","type":"TA","timestamp":"2023-11-09 13:33:47"},{"nodeID":"1327162","text":"Default Rephrase","type":"MA","timestamp":"2023-11-09 13:33:47"},{"nodeID":"1327163","text":"Restating","type":"YA","timestamp":"2023-11-09 13:33:47"},{"nodeID":"1327164","text":"the teachers Mary Bousted is representing, and threatening to go on strike should or should not get more than a 3% raise","type":"I","timestamp":"2023-11-09 13:33:47"},{"nodeID":"1327165","text":"Fiona Bruce:  When it comes to the teachers Mary is representing, and threatening to go on strike 3% should they get more","type":"L","timestamp":"2023-11-09 13:33:47"},{"nodeID":"1327166","text":"Analysing","type":"YA","timestamp":"2023-11-09 13:33:47"},{"nodeID":"1327167","text":"Clara: Fiona Bruce:  When it comes to the teachers Mary is representing, and threatening to go on strike 3% should they get more","type":"L","timestamp":"2023-11-09 13:33:47"},{"nodeID":"1327168","text":"Asserting","type":"YA","timestamp":"2023-11-09 13:33:47"},{"nodeID":"1327169","text":"Default Transition","type":"TA","timestamp":"2023-11-09 13:33:47"},{"nodeID":"1327170","text":"the teachers should get a pay rise","type":"I","timestamp":"2023-11-09 13:33:48"},{"nodeID":"1327171","text":"Olivia Utley: the teachers should get a pay rise","type":"L","timestamp":"2023-11-09 13:33:48"},{"nodeID":"1327172","text":"Analysing","type":"YA","timestamp":"2023-11-09 13:33:48"},{"nodeID":"1327173","text":"Clara: Olivia Utley: the teachers should get a pay rise","type":"L","timestamp":"2023-11-09 13:33:48"},{"nodeID":"1327174","text":"Asserting","type":"YA","timestamp":"2023-11-09 13:33:48"},{"nodeID":"1327175","text":"Default Rephrase","type":"MA","timestamp":"2023-11-09 13:33:48"},{"nodeID":"1327176","text":"Default Transition","type":"TA","timestamp":"2023-11-09 13:33:48"},{"nodeID":"1327177","text":"Default Illocuting","type":"YA","timestamp":"2023-11-09 13:33:48"},{"nodeID":"1327178","text":"a simple rule to apply here, if there's clear problems with retainment and recruitment in an industry, then the pay should be raised","type":"I","timestamp":"2023-11-09 13:33:49"},{"nodeID":"1327179","text":"Olivia Utley: a simple rule to apply here, if there's clear problems with retainment and recruitment in an industry, then the pay should be raised","type":"L","timestamp":"2023-11-09 13:33:49"},{"nodeID":"1327180","text":"Analysing","type":"YA","timestamp":"2023-11-09 13:33:49"},{"nodeID":"1327181","text":"Clara: Olivia Utley: a simple rule to apply here, if there's clear problems with retainment and recruitment in an industry, then the pay should be raised","type":"L","timestamp":"2023-11-09 13:33:49"},{"nodeID":"1327182","text":"Asserting","type":"YA","timestamp":"2023-11-09 13:33:49"},{"nodeID":"1327183","text":"Default Inference","type":"RA","timestamp":"2023-11-09 13:33:49"},{"nodeID":"1327184","text":"Default Transition","type":"TA","timestamp":"2023-11-09 13:33:49"},{"nodeID":"1327185","text":"Arguing","type":"YA","timestamp":"2023-11-09 13:33:49"},{"nodeID":"1327186","text":"on the train lines, it's very clear that almost every position on every train line, there are 20 applicants per-place","type":"I","timestamp":"2023-11-09 13:33:49"},{"nodeID":"1327187","text":"Olivia Utley: on the train lines, it's very clear that almost every position on every train line, there are 20 applicants per-place","type":"L","timestamp":"2023-11-09 13:33:49"},{"nodeID":"1327188","text":"Analysing","type":"YA","timestamp":"2023-11-09 13:33:49"},{"nodeID":"1327189","text":"Clara: Olivia Utley: on the train lines, it's very clear that almost every position on every train line, there are 20 applicants per-place","type":"L","timestamp":"2023-11-09 13:33:49"},{"nodeID":"1327190","text":"Asserting","type":"YA","timestamp":"2023-11-09 13:33:49"},{"nodeID":"1327191","text":"Default Rephrase","type":"MA","timestamp":"2023-11-09 13:33:49"},{"nodeID":"1327192","text":"Default Transition","type":"TA","timestamp":"2023-11-09 13:33:49"},{"nodeID":"1327193","text":"Restating","type":"YA","timestamp":"2023-11-09 13:33:49"}],"edges":[{"edgeID":"1741028","fromID":"1327054","toID":"1327053","formEdgeID":null},{"edgeID":"1741029","fromID":"1327055","toID":"1327054","formEdgeID":null},{"edgeID":"1741030","fromID":"1327053","toID":"1327056","formEdgeID":null},{"edgeID":"1741031","fromID":"1327056","toID":"1327052","formEdgeID":null},{"edgeID":"1741032","fromID":"1327059","toID":"1327058","formEdgeID":null},{"edgeID":"1741033","fromID":"1327060","toID":"1327059","formEdgeID":null},{"edgeID":"1741034","fromID":"1327058","toID":"1327061","formEdgeID":null},{"edgeID":"1741035","fromID":"1327061","toID":"1327057","formEdgeID":null},{"edgeID":"1741036","fromID":"1327053","toID":"1327062","formEdgeID":null},{"edgeID":"1741037","fromID":"1327062","toID":"1327058","formEdgeID":null},{"edgeID":"1741038","fromID":"1327057","toID":"1327063","formEdgeID":null},{"edgeID":"1741039","fromID":"1327063","toID":"1327052","formEdgeID":null},{"edgeID":"1741040","fromID":"1327062","toID":"1327064","formEdgeID":null},{"edgeID":"1741041","fromID":"1327064","toID":"1327063","formEdgeID":null},{"edgeID":"1741042","fromID":"1327067","toID":"1327066","formEdgeID":null},{"edgeID":"1741043","fromID":"1327068","toID":"1327067","formEdgeID":null},{"edgeID":"1741044","fromID":"1327066","toID":"1327069","formEdgeID":null},{"edgeID":"1741045","fromID":"1327069","toID":"1327065","formEdgeID":null},{"edgeID":"1741046","fromID":"1327058","toID":"1327070","formEdgeID":null},{"edgeID":"1741047","fromID":"1327070","toID":"1327066","formEdgeID":null},{"edgeID":"1741048","fromID":"1327073","toID":"1327072","formEdgeID":null},{"edgeID":"1741049","fromID":"1327074","toID":"1327073","formEdgeID":null},{"edgeID":"1741050","fromID":"1327072","toID":"1327075","formEdgeID":null},{"edgeID":"1741051","fromID":"1327075","toID":"1327071","formEdgeID":null},{"edgeID":"1741052","fromID":"1327071","toID":"1327076","formEdgeID":null},{"edgeID":"1741053","fromID":"1327076","toID":"1327065","formEdgeID":null},{"edgeID":"1741054","fromID":"1327066","toID":"1327077","formEdgeID":null},{"edgeID":"1741055","fromID":"1327077","toID":"1327072","formEdgeID":null},{"edgeID":"1741056","fromID":"1327077","toID":"1327078","formEdgeID":null},{"edgeID":"1741057","fromID":"1327078","toID":"1327076","formEdgeID":null},{"edgeID":"1741058","fromID":"1327081","toID":"1327080","formEdgeID":null},{"edgeID":"1741059","fromID":"1327082","toID":"1327081","formEdgeID":null},{"edgeID":"1741060","fromID":"1327080","toID":"1327083","formEdgeID":null},{"edgeID":"1741061","fromID":"1327083","toID":"1327079","formEdgeID":null},{"edgeID":"1741062","fromID":"1327053","toID":"1327084","formEdgeID":null},{"edgeID":"1741063","fromID":"1327084","toID":"1327080","formEdgeID":null},{"edgeID":"1741064","fromID":"1327079","toID":"1327085","formEdgeID":null},{"edgeID":"1741065","fromID":"1327085","toID":"1327052","formEdgeID":null},{"edgeID":"1741066","fromID":"1327084","toID":"1327086","formEdgeID":null},{"edgeID":"1741067","fromID":"1327086","toID":"1327085","formEdgeID":null},{"edgeID":"1741068","fromID":"1327089","toID":"1327088","formEdgeID":null},{"edgeID":"1741069","fromID":"1327090","toID":"1327089","formEdgeID":null},{"edgeID":"1741070","fromID":"1327088","toID":"1327091","formEdgeID":null},{"edgeID":"1741071","fromID":"1327091","toID":"1327087","formEdgeID":null},{"edgeID":"1741072","fromID":"1327094","toID":"1327093","formEdgeID":null},{"edgeID":"1741073","fromID":"1327095","toID":"1327094","formEdgeID":null},{"edgeID":"1741074","fromID":"1327093","toID":"1327096","formEdgeID":null},{"edgeID":"1741075","fromID":"1327096","toID":"1327092","formEdgeID":null},{"edgeID":"1741076","fromID":"1327088","toID":"1327097","formEdgeID":null},{"edgeID":"1741077","fromID":"1327097","toID":"1327093","formEdgeID":null},{"edgeID":"1741078","fromID":"1327087","toID":"1327098","formEdgeID":null},{"edgeID":"1741079","fromID":"1327098","toID":"1327092","formEdgeID":null},{"edgeID":"1741080","fromID":"1327097","toID":"1327099","formEdgeID":null},{"edgeID":"1741081","fromID":"1327099","toID":"1327098","formEdgeID":null},{"edgeID":"1741082","fromID":"1327102","toID":"1327101","formEdgeID":null},{"edgeID":"1741083","fromID":"1327103","toID":"1327102","formEdgeID":null},{"edgeID":"1741084","fromID":"1327101","toID":"1327104","formEdgeID":null},{"edgeID":"1741085","fromID":"1327104","toID":"1327100","formEdgeID":null},{"edgeID":"1741086","fromID":"1327093","toID":"1327105","formEdgeID":null},{"edgeID":"1741087","fromID":"1327105","toID":"1327101","formEdgeID":null},{"edgeID":"1741088","fromID":"1327100","toID":"1327106","formEdgeID":null},{"edgeID":"1741089","fromID":"1327106","toID":"1327092","formEdgeID":null},{"edgeID":"1741090","fromID":"1327105","toID":"1327107","formEdgeID":null},{"edgeID":"1741091","fromID":"1327107","toID":"1327106","formEdgeID":null},{"edgeID":"1741092","fromID":"1327110","toID":"1327109","formEdgeID":null},{"edgeID":"1741093","fromID":"1327111","toID":"1327110","formEdgeID":null},{"edgeID":"1741094","fromID":"1327109","toID":"1327112","formEdgeID":null},{"edgeID":"1741095","fromID":"1327112","toID":"1327108","formEdgeID":null},{"edgeID":"1741096","fromID":"1327108","toID":"1327113","formEdgeID":null},{"edgeID":"1741097","fromID":"1327113","toID":"1327100","formEdgeID":null},{"edgeID":"1741098","fromID":"1327101","toID":"1327114","formEdgeID":null},{"edgeID":"1741099","fromID":"1327114","toID":"1327109","formEdgeID":null},{"edgeID":"1741100","fromID":"1327114","toID":"1327115","formEdgeID":null},{"edgeID":"1741101","fromID":"1327115","toID":"1327113","formEdgeID":null},{"edgeID":"1741102","fromID":"1327118","toID":"1327117","formEdgeID":null},{"edgeID":"1741103","fromID":"1327119","toID":"1327118","formEdgeID":null},{"edgeID":"1741104","fromID":"1327117","toID":"1327120","formEdgeID":null},{"edgeID":"1741105","fromID":"1327120","toID":"1327116","formEdgeID":null},{"edgeID":"1741106","fromID":"1327088","toID":"1327121","formEdgeID":null},{"edgeID":"1741107","fromID":"1327121","toID":"1327117","formEdgeID":null},{"edgeID":"1741108","fromID":"1327116","toID":"1327122","formEdgeID":null},{"edgeID":"1741109","fromID":"1327122","toID":"1327087","formEdgeID":null},{"edgeID":"1741110","fromID":"1327079","toID":"1327122","formEdgeID":null},{"edgeID":"1741111","fromID":"1327121","toID":"1327123","formEdgeID":null},{"edgeID":"1741112","fromID":"1327123","toID":"1327122","formEdgeID":null},{"edgeID":"1741113","fromID":"1327126","toID":"1327125","formEdgeID":null},{"edgeID":"1741114","fromID":"1327127","toID":"1327126","formEdgeID":null},{"edgeID":"1741115","fromID":"1327125","toID":"1327128","formEdgeID":null},{"edgeID":"1741116","fromID":"1327128","toID":"1327124","formEdgeID":null},{"edgeID":"1741117","fromID":"1327117","toID":"1327129","formEdgeID":null},{"edgeID":"1741118","fromID":"1327129","toID":"1327125","formEdgeID":null},{"edgeID":"1741119","fromID":"1327132","toID":"1327131","formEdgeID":null},{"edgeID":"1741120","fromID":"1327133","toID":"1327132","formEdgeID":null},{"edgeID":"1741121","fromID":"1327131","toID":"1327134","formEdgeID":null},{"edgeID":"1741122","fromID":"1327134","toID":"1327130","formEdgeID":null},{"edgeID":"1741123","fromID":"1327130","toID":"1327135","formEdgeID":null},{"edgeID":"1741124","fromID":"1327135","toID":"1327124","formEdgeID":null},{"edgeID":"1741125","fromID":"1327125","toID":"1327136","formEdgeID":null},{"edgeID":"1741126","fromID":"1327136","toID":"1327131","formEdgeID":null},{"edgeID":"1741127","fromID":"1327136","toID":"1327137","formEdgeID":null},{"edgeID":"1741128","fromID":"1327137","toID":"1327135","formEdgeID":null},{"edgeID":"1741129","fromID":"1327140","toID":"1327139","formEdgeID":null},{"edgeID":"1741130","fromID":"1327141","toID":"1327140","formEdgeID":null},{"edgeID":"1741131","fromID":"1327139","toID":"1327142","formEdgeID":null},{"edgeID":"1741132","fromID":"1327142","toID":"1327138","formEdgeID":null},{"edgeID":"1741133","fromID":"1327138","toID":"1327143","formEdgeID":null},{"edgeID":"1741134","fromID":"1327143","toID":"1327130","formEdgeID":null},{"edgeID":"1741135","fromID":"1327131","toID":"1327144","formEdgeID":null},{"edgeID":"1741136","fromID":"1327144","toID":"1327139","formEdgeID":null},{"edgeID":"1741137","fromID":"1327144","toID":"1327145","formEdgeID":null},{"edgeID":"1741138","fromID":"1327145","toID":"1327143","formEdgeID":null},{"edgeID":"1741139","fromID":"1327124","toID":"1327146","formEdgeID":null},{"edgeID":"1741140","fromID":"1327146","toID":"1327116","formEdgeID":null},{"edgeID":"1741141","fromID":"1327129","toID":"1327147","formEdgeID":null},{"edgeID":"1741142","fromID":"1327147","toID":"1327146","formEdgeID":null},{"edgeID":"1741143","fromID":"1327150","toID":"1327149","formEdgeID":null},{"edgeID":"1741144","fromID":"1327151","toID":"1327150","formEdgeID":null},{"edgeID":"1741145","fromID":"1327149","toID":"1327152","formEdgeID":null},{"edgeID":"1741146","fromID":"1327152","toID":"1327148","formEdgeID":null},{"edgeID":"1741147","fromID":"1327155","toID":"1327154","formEdgeID":null},{"edgeID":"1741148","fromID":"1327156","toID":"1327155","formEdgeID":null},{"edgeID":"1741149","fromID":"1327154","toID":"1327157","formEdgeID":null},{"edgeID":"1741150","fromID":"1327157","toID":"1327153","formEdgeID":null},{"edgeID":"1741151","fromID":"1327109","toID":"1327158","formEdgeID":null},{"edgeID":"1741152","fromID":"1327158","toID":"1327149","formEdgeID":null},{"edgeID":"1741153","fromID":"1327148","toID":"1327159","formEdgeID":null},{"edgeID":"1741154","fromID":"1327159","toID":"1327108","formEdgeID":null},{"edgeID":"1741155","fromID":"1327158","toID":"1327160","formEdgeID":null},{"edgeID":"1741156","fromID":"1327160","toID":"1327159","formEdgeID":null},{"edgeID":"1741157","fromID":"1327101","toID":"1327161","formEdgeID":null},{"edgeID":"1741158","fromID":"1327161","toID":"1327154","formEdgeID":null},{"edgeID":"1741159","fromID":"1327153","toID":"1327162","formEdgeID":null},{"edgeID":"1741160","fromID":"1327162","toID":"1327100","formEdgeID":null},{"edgeID":"1741161","fromID":"1327161","toID":"1327163","formEdgeID":null},{"edgeID":"1741162","fromID":"1327163","toID":"1327162","formEdgeID":null},{"edgeID":"1741163","fromID":"1327166","toID":"1327165","formEdgeID":null},{"edgeID":"1741164","fromID":"1327167","toID":"1327166","formEdgeID":null},{"edgeID":"1741165","fromID":"1327165","toID":"1327168","formEdgeID":null},{"edgeID":"1741166","fromID":"1327168","toID":"1327164","formEdgeID":null},{"edgeID":"1741167","fromID":"1327154","toID":"1327169","formEdgeID":null},{"edgeID":"1741168","fromID":"1327169","toID":"1327165","formEdgeID":null},{"edgeID":"1741169","fromID":"1327172","toID":"1327171","formEdgeID":null},{"edgeID":"1741170","fromID":"1327173","toID":"1327172","formEdgeID":null},{"edgeID":"1741171","fromID":"1327171","toID":"1327174","formEdgeID":null},{"edgeID":"1741172","fromID":"1327174","toID":"1327170","formEdgeID":null},{"edgeID":"1741173","fromID":"1327170","toID":"1327175","formEdgeID":null},{"edgeID":"1741174","fromID":"1327175","toID":"1327164","formEdgeID":null},{"edgeID":"1741175","fromID":"1327165","toID":"1327176","formEdgeID":null},{"edgeID":"1741176","fromID":"1327176","toID":"1327171","formEdgeID":null},{"edgeID":"1741177","fromID":"1327176","toID":"1327177","formEdgeID":null},{"edgeID":"1741178","fromID":"1327177","toID":"1327175","formEdgeID":null},{"edgeID":"1741179","fromID":"1327180","toID":"1327179","formEdgeID":null},{"edgeID":"1741180","fromID":"1327181","toID":"1327180","formEdgeID":null},{"edgeID":"1741181","fromID":"1327179","toID":"1327182","formEdgeID":null},{"edgeID":"1741182","fromID":"1327182","toID":"1327178","formEdgeID":null},{"edgeID":"1741183","fromID":"1327178","toID":"1327183","formEdgeID":null},{"edgeID":"1741184","fromID":"1327183","toID":"1327170","formEdgeID":null},{"edgeID":"1741185","fromID":"1327171","toID":"1327184","formEdgeID":null},{"edgeID":"1741186","fromID":"1327184","toID":"1327179","formEdgeID":null},{"edgeID":"1741187","fromID":"1327184","toID":"1327185","formEdgeID":null},{"edgeID":"1741188","fromID":"1327185","toID":"1327183","formEdgeID":null},{"edgeID":"1741189","fromID":"1327188","toID":"1327187","formEdgeID":null},{"edgeID":"1741190","fromID":"1327189","toID":"1327188","formEdgeID":null},{"edgeID":"1741191","fromID":"1327187","toID":"1327190","formEdgeID":null},{"edgeID":"1741192","fromID":"1327190","toID":"1327186","formEdgeID":null},{"edgeID":"1741193","fromID":"1327186","toID":"1327191","formEdgeID":null},{"edgeID":"1741194","fromID":"1327191","toID":"1327178","formEdgeID":null},{"edgeID":"1741195","fromID":"1327179","toID":"1327192","formEdgeID":null},{"edgeID":"1741196","fromID":"1327192","toID":"1327187","formEdgeID":null},{"edgeID":"1741197","fromID":"1327192","toID":"1327193","formEdgeID":null},{"edgeID":"1741198","fromID":"1327193","toID":"1327191","formEdgeID":null},{"edgeID":"1741199","fromID":"1327080","toID":"1327121","formEdgeID":null}],"locutions":[]}