{"nodes":[{"nodeID":"1327844","text":"Minette Batters: It doesn't at all","type":"L","timestamp":"2023-11-09 13:34:42"},{"nodeID":"1327845","text":"Analysing","type":"YA","timestamp":"2023-11-09 13:34:42"},{"nodeID":"1327846","text":"Nicole: Minette Batters: It doesn't at all","type":"L","timestamp":"2023-11-09 13:34:42"},{"nodeID":"1327847","text":"Minette Batters, Jacqui's question we are talking about teachers here obviously but it doesn't just apply to teachers","type":"I","timestamp":"2023-11-09 13:34:43"},{"nodeID":"1327848","text":"Fiona Bruce: Minette, Jacqui's question we are talking about teachers here obviously for reasons that you are here Mary but it doesn't just apply to teachers","type":"L","timestamp":"2023-11-09 13:34:43"},{"nodeID":"1327849","text":"Analysing","type":"YA","timestamp":"2023-11-09 13:34:43"},{"nodeID":"1327850","text":"Nicole: Fiona Bruce: Minette, Jacqui's question we are talking about teachers here obviously for reasons that you are here Mary but it doesn't just apply to teachers","type":"L","timestamp":"2023-11-09 13:34:43"},{"nodeID":"1327851","text":"Asserting","type":"YA","timestamp":"2023-11-09 13:34:43"},{"nodeID":"1327852","text":"Default Transition","type":"TA","timestamp":"2023-11-09 13:34:43"},{"nodeID":"1327853","text":"Agreeing","type":"YA","timestamp":"2023-11-09 13:34:43"},{"nodeID":"1327854","text":"we are going to be a high-wage, high-skill economy","type":"I","timestamp":"2023-11-09 13:34:43"},{"nodeID":"1327855","text":"Minette Batters: I remember when this comment or sound bite was made at Party Conference last year, when the Prime Minister said we are going to be a high-wage, high-skill economy","type":"L","timestamp":"2023-11-09 13:34:43"},{"nodeID":"1327856","text":"Analysing","type":"YA","timestamp":"2023-11-09 13:34:43"},{"nodeID":"1327857","text":"Nicole: Minette Batters: I remember when this comment or sound bite was made at Party Conference last year, when the Prime Minister said we are going to be a high-wage, high-skill economy","type":"L","timestamp":"2023-11-09 13:34:43"},{"nodeID":"1327858","text":"Default Transition","type":"TA","timestamp":"2023-11-09 13:34:43"},{"nodeID":"1327859","text":"Boris Johnson: we are going to be a high-wage, high-skill economy","type":"L","timestamp":"2023-11-09 13:34:43"},{"nodeID":"1327860","text":"Analysing","type":"YA","timestamp":"2023-11-09 13:34:43"},{"nodeID":"1327861","text":"Nicole: Boris Johnson: we are going to be a high-wage, high-skill economy","type":"L","timestamp":"2023-11-09 13:34:43"},{"nodeID":"1327862","text":"Asserting","type":"YA","timestamp":"2023-11-09 13:34:43"},{"nodeID":"1327863","text":"Asserting","type":"YA","timestamp":"2023-11-09 13:34:43"},{"nodeID":"1327864","text":"it was sort of economically illiterate","type":"I","timestamp":"2023-11-09 13:34:44"},{"nodeID":"1327865","text":"Minette Batters: it was sort of economically illiterate","type":"L","timestamp":"2023-11-09 13:34:44"},{"nodeID":"1327866","text":"Analysing","type":"YA","timestamp":"2023-11-09 13:34:44"},{"nodeID":"1327867","text":"Nicole: Minette Batters: it was sort of economically illiterate","type":"L","timestamp":"2023-11-09 13:34:44"},{"nodeID":"1327868","text":"Asserting","type":"YA","timestamp":"2023-11-09 13:34:44"},{"nodeID":"1327869","text":"Default Transition","type":"TA","timestamp":"2023-11-09 13:34:44"},{"nodeID":"1327870","text":"alongside that was the promise of course, that everything was going to be cheaper","type":"I","timestamp":"2023-11-09 13:34:45"},{"nodeID":"1327871","text":"Minette Batters: alongside that was the promise of course, that everything was going to be cheaper","type":"L","timestamp":"2023-11-09 13:34:45"},{"nodeID":"1327872","text":"Analysing","type":"YA","timestamp":"2023-11-09 13:34:45"},{"nodeID":"1327873","text":"Nicole: Minette Batters: alongside that was the promise of course, that everything was going to be cheaper","type":"L","timestamp":"2023-11-09 13:34:45"},{"nodeID":"1327874","text":"Asserting","type":"YA","timestamp":"2023-11-09 13:34:45"},{"nodeID":"1327875","text":"Default Transition","type":"TA","timestamp":"2023-11-09 13:34:45"},{"nodeID":"1327876","text":"cheaper shoes, cheaper clothes and cheaper food","type":"I","timestamp":"2023-11-09 13:34:45"},{"nodeID":"1327877","text":"Minette Batters: cheaper shoes, cheaper clothes and cheaper food","type":"L","timestamp":"2023-11-09 13:34:45"},{"nodeID":"1327878","text":"Analysing","type":"YA","timestamp":"2023-11-09 13:34:45"},{"nodeID":"1327879","text":"Nicole: Minette Batters: cheaper shoes, cheaper clothes and cheaper food","type":"L","timestamp":"2023-11-09 13:34:45"},{"nodeID":"1327880","text":"Asserting","type":"YA","timestamp":"2023-11-09 13:34:45"},{"nodeID":"1327881","text":"Default Transition","type":"TA","timestamp":"2023-11-09 13:34:45"},{"nodeID":"1327882","text":"Default Rephrase","type":"MA","timestamp":"2023-11-09 13:34:45"},{"nodeID":"1327883","text":"Restating","type":"YA","timestamp":"2023-11-09 13:34:45"},{"nodeID":"1327884","text":"xxx was how all of this was going to work","type":"I","timestamp":"2023-11-09 13:34:46"},{"nodeID":"1327885","text":"Minette Batters: How was all of this going to work","type":"L","timestamp":"2023-11-09 13:34:46"},{"nodeID":"1327886","text":"Analysing","type":"YA","timestamp":"2023-11-09 13:34:46"},{"nodeID":"1327887","text":"Nicole: Minette Batters: How was all of this going to work","type":"L","timestamp":"2023-11-09 13:34:46"},{"nodeID":"1327888","text":"Pure Questioning","type":"YA","timestamp":"2023-11-09 13:34:46"},{"nodeID":"1327889","text":"Default Transition","type":"TA","timestamp":"2023-11-09 13:34:46"},{"nodeID":"1327890","text":"how all of this is going to work is the biggest challenge","type":"I","timestamp":"2023-11-09 13:34:46"},{"nodeID":"1327891","text":"Minette Batters: that is the biggest challenge","type":"L","timestamp":"2023-11-09 13:34:46"},{"nodeID":"1327892","text":"Analysing","type":"YA","timestamp":"2023-11-09 13:34:46"},{"nodeID":"1327893","text":"Nicole: Minette Batters: that is the biggest challenge","type":"L","timestamp":"2023-11-09 13:34:46"},{"nodeID":"1327894","text":"Asserting","type":"YA","timestamp":"2023-11-09 13:34:46"},{"nodeID":"1327895","text":"Default Transition","type":"TA","timestamp":"2023-11-09 13:34:46"},{"nodeID":"1327896","text":"Default Rephrase","type":"MA","timestamp":"2023-11-09 13:34:46"},{"nodeID":"1327897","text":"Restating","type":"YA","timestamp":"2023-11-09 13:34:46"},{"nodeID":"1327898","text":"what Minette Batters hopes the new Prime Minister will do is effectively open the door to business across all departments actually, in the public sector as well and have the conversation","type":"I","timestamp":"2023-11-09 13:34:47"},{"nodeID":"1327899","text":"Minette Batters: what I hope the new Prime Minister will do is effectively open the door to business across all departments actually, in the public sector as well and have the conversation","type":"L","timestamp":"2023-11-09 13:34:47"},{"nodeID":"1327900","text":"Analysing","type":"YA","timestamp":"2023-11-09 13:34:47"},{"nodeID":"1327901","text":"Nicole: Minette Batters: what I hope the new Prime Minister will do is effectively open the door to business across all departments actually, in the public sector as well and have the conversation","type":"L","timestamp":"2023-11-09 13:34:47"},{"nodeID":"1327902","text":"Asserting","type":"YA","timestamp":"2023-11-09 13:34:47"},{"nodeID":"1327903","text":"Default Transition","type":"TA","timestamp":"2023-11-09 13:34:47"},{"nodeID":"1327904","text":"engaging has been our greatest challenge","type":"I","timestamp":"2023-11-09 13:34:48"},{"nodeID":"1327905","text":"Minette Batters: engaging has been our greatest challenge","type":"L","timestamp":"2023-11-09 13:34:48"},{"nodeID":"1327906","text":"Analysing","type":"YA","timestamp":"2023-11-09 13:34:48"},{"nodeID":"1327907","text":"Nicole: Minette Batters: engaging has been our greatest challenge","type":"L","timestamp":"2023-11-09 13:34:48"},{"nodeID":"1327908","text":"Asserting","type":"YA","timestamp":"2023-11-09 13:34:48"},{"nodeID":"1327909","text":"Default Transition","type":"TA","timestamp":"2023-11-09 13:34:48"},{"nodeID":"1327910","text":"Default Inference","type":"RA","timestamp":"2023-11-09 13:34:48"},{"nodeID":"1327911","text":"Arguing","type":"YA","timestamp":"2023-11-09 13:34:48"},{"nodeID":"1327912","text":"in Minette Batters' entire time she never got into the Home Office","type":"I","timestamp":"2023-11-09 13:34:48"},{"nodeID":"1327913","text":"Minette Batters: In my entire time I never got into the Home Office","type":"L","timestamp":"2023-11-09 13:34:48"},{"nodeID":"1327914","text":"Analysing","type":"YA","timestamp":"2023-11-09 13:34:48"},{"nodeID":"1327915","text":"Nicole: Minette Batters: In my entire time I never got into the Home Office","type":"L","timestamp":"2023-11-09 13:34:48"},{"nodeID":"1327916","text":"Asserting","type":"YA","timestamp":"2023-11-09 13:34:48"},{"nodeID":"1327917","text":"Default Transition","type":"TA","timestamp":"2023-11-09 13:34:48"},{"nodeID":"1327918","text":"Minette Batters was never able to get into the Home Office despite the fact the pigs were getting cold on the farms","type":"I","timestamp":"2023-11-09 13:34:49"},{"nodeID":"1327919","text":"Minette Batters: I was never able despite the fact the pigs were getting cold on the farms","type":"L","timestamp":"2023-11-09 13:34:49"},{"nodeID":"1327920","text":"Analysing","type":"YA","timestamp":"2023-11-09 13:34:49"},{"nodeID":"1327921","text":"Nicole: Minette Batters: I was never able despite the fact the pigs were getting cold on the farms","type":"L","timestamp":"2023-11-09 13:34:49"},{"nodeID":"1327922","text":"Asserting","type":"YA","timestamp":"2023-11-09 13:34:49"},{"nodeID":"1327923","text":"Default Transition","type":"TA","timestamp":"2023-11-09 13:34:49"},{"nodeID":"1327924","text":"Default Rephrase","type":"MA","timestamp":"2023-11-09 13:34:49"},{"nodeID":"1327925","text":"Restating","type":"YA","timestamp":"2023-11-09 13:34:49"},{"nodeID":"1327926","text":"the crops are still rotting in the fields and Minette Batters never got into the Home Office","type":"I","timestamp":"2023-11-09 13:34:49"},{"nodeID":"1327927","text":"Minette Batters: the crops are still rotting in the fields I never got into the Home Office","type":"L","timestamp":"2023-11-09 13:34:49"},{"nodeID":"1327928","text":"Analysing","type":"YA","timestamp":"2023-11-09 13:34:49"},{"nodeID":"1327929","text":"Nicole: Minette Batters: the crops are still rotting in the fields I never got into the Home Office","type":"L","timestamp":"2023-11-09 13:34:49"},{"nodeID":"1327930","text":"Asserting","type":"YA","timestamp":"2023-11-09 13:34:49"},{"nodeID":"1327931","text":"Default Transition","type":"TA","timestamp":"2023-11-09 13:34:49"},{"nodeID":"1327932","text":"Default Rephrase","type":"MA","timestamp":"2023-11-09 13:34:49"},{"nodeID":"1327933","text":"Restating","type":"YA","timestamp":"2023-11-09 13:34:49"},{"nodeID":"1327934","text":"Torbay is Kevin Foster's constituency","type":"I","timestamp":"2023-11-09 13:34:50"},{"nodeID":"1327935","text":"Minette Batters: this is Kevin foster's constituency","type":"L","timestamp":"2023-11-09 13:34:50"},{"nodeID":"1327936","text":"Analysing","type":"YA","timestamp":"2023-11-09 13:34:50"},{"nodeID":"1327937","text":"Nicole: Minette Batters: this is Kevin foster's constituency","type":"L","timestamp":"2023-11-09 13:34:50"},{"nodeID":"1327938","text":"Asserting","type":"YA","timestamp":"2023-11-09 13:34:50"},{"nodeID":"1327939","text":"Default Transition","type":"TA","timestamp":"2023-11-09 13:34:50"},{"nodeID":"1327940","text":"Minette Batters never got Kevin Foster out on farm to see what was going on","type":"I","timestamp":"2023-11-09 13:34:51"},{"nodeID":"1327941","text":"Minette Batters: I never got him out on farm to see what was going on","type":"L","timestamp":"2023-11-09 13:34:51"},{"nodeID":"1327942","text":"Analysing","type":"YA","timestamp":"2023-11-09 13:34:51"},{"nodeID":"1327943","text":"Nicole: Minette Batters: I never got him out on farm to see what was going on","type":"L","timestamp":"2023-11-09 13:34:51"},{"nodeID":"1327944","text":"Asserting","type":"YA","timestamp":"2023-11-09 13:34:51"},{"nodeID":"1327945","text":"Default Transition","type":"TA","timestamp":"2023-11-09 13:34:51"},{"nodeID":"1327946","text":"Minette Batters was pleading and still is pleading Bim for it to be sorted","type":"I","timestamp":"2023-11-09 13:34:51"},{"nodeID":"1327947","text":"Minette Batters: I was pleading and I still am pleading Bim for it to be sorted","type":"L","timestamp":"2023-11-09 13:34:51"},{"nodeID":"1327948","text":"Analysing","type":"YA","timestamp":"2023-11-09 13:34:51"},{"nodeID":"1327949","text":"Nicole: Minette Batters: I was pleading and I still am pleading Bim for it to be sorted","type":"L","timestamp":"2023-11-09 13:34:51"},{"nodeID":"1327950","text":"Asserting","type":"YA","timestamp":"2023-11-09 13:34:51"},{"nodeID":"1327951","text":"Default Transition","type":"TA","timestamp":"2023-11-09 13:34:51"},{"nodeID":"1327952","text":"Default Conflict","type":"CA","timestamp":"2023-11-09 13:34:51"},{"nodeID":"1327953","text":"Disagreeing","type":"YA","timestamp":"2023-11-09 13:34:51"},{"nodeID":"1327954","text":"Default Inference","type":"RA","timestamp":"2023-11-09 13:34:51"},{"nodeID":"1327955","text":"Arguing","type":"YA","timestamp":"2023-11-09 13:34:51"},{"nodeID":"1327956","text":"Default Rephrase","type":"MA","timestamp":"2023-11-09 13:34:51"},{"nodeID":"1327957","text":"Restating","type":"YA","timestamp":"2023-11-09 13:34:51"}],"edges":[{"edgeID":"1741957","fromID":"1327845","toID":"1327844","formEdgeID":null},{"edgeID":"1741958","fromID":"1327846","toID":"1327845","formEdgeID":null},{"edgeID":"1741959","fromID":"1327849","toID":"1327848","formEdgeID":null},{"edgeID":"1741960","fromID":"1327850","toID":"1327849","formEdgeID":null},{"edgeID":"1741961","fromID":"1327848","toID":"1327851","formEdgeID":null},{"edgeID":"1741962","fromID":"1327851","toID":"1327847","formEdgeID":null},{"edgeID":"1741963","fromID":"1327848","toID":"1327852","formEdgeID":null},{"edgeID":"1741964","fromID":"1327852","toID":"1327844","formEdgeID":null},{"edgeID":"1741965","fromID":"1327852","toID":"1327853","formEdgeID":null},{"edgeID":"1741966","fromID":"1327853","toID":"1327847","formEdgeID":null},{"edgeID":"1741967","fromID":"1327856","toID":"1327855","formEdgeID":null},{"edgeID":"1741968","fromID":"1327857","toID":"1327856","formEdgeID":null},{"edgeID":"1741969","fromID":"1327844","toID":"1327858","formEdgeID":null},{"edgeID":"1741970","fromID":"1327858","toID":"1327855","formEdgeID":null},{"edgeID":"1741971","fromID":"1327860","toID":"1327859","formEdgeID":null},{"edgeID":"1741972","fromID":"1327861","toID":"1327860","formEdgeID":null},{"edgeID":"1741973","fromID":"1327859","toID":"1327862","formEdgeID":null},{"edgeID":"1741974","fromID":"1327862","toID":"1327854","formEdgeID":null},{"edgeID":"1741975","fromID":"1327855","toID":"1327863","formEdgeID":null},{"edgeID":"1741976","fromID":"1327863","toID":"1327859","formEdgeID":null},{"edgeID":"1741977","fromID":"1327866","toID":"1327865","formEdgeID":null},{"edgeID":"1741978","fromID":"1327867","toID":"1327866","formEdgeID":null},{"edgeID":"1741979","fromID":"1327865","toID":"1327868","formEdgeID":null},{"edgeID":"1741980","fromID":"1327868","toID":"1327864","formEdgeID":null},{"edgeID":"1741981","fromID":"1327855","toID":"1327869","formEdgeID":null},{"edgeID":"1741982","fromID":"1327869","toID":"1327865","formEdgeID":null},{"edgeID":"1741983","fromID":"1327872","toID":"1327871","formEdgeID":null},{"edgeID":"1741984","fromID":"1327873","toID":"1327872","formEdgeID":null},{"edgeID":"1741985","fromID":"1327871","toID":"1327874","formEdgeID":null},{"edgeID":"1741986","fromID":"1327874","toID":"1327870","formEdgeID":null},{"edgeID":"1741987","fromID":"1327865","toID":"1327875","formEdgeID":null},{"edgeID":"1741988","fromID":"1327875","toID":"1327871","formEdgeID":null},{"edgeID":"1741989","fromID":"1327878","toID":"1327877","formEdgeID":null},{"edgeID":"1741990","fromID":"1327879","toID":"1327878","formEdgeID":null},{"edgeID":"1741991","fromID":"1327877","toID":"1327880","formEdgeID":null},{"edgeID":"1741992","fromID":"1327880","toID":"1327876","formEdgeID":null},{"edgeID":"1741993","fromID":"1327871","toID":"1327881","formEdgeID":null},{"edgeID":"1741994","fromID":"1327881","toID":"1327877","formEdgeID":null},{"edgeID":"1741995","fromID":"1327876","toID":"1327882","formEdgeID":null},{"edgeID":"1741996","fromID":"1327882","toID":"1327870","formEdgeID":null},{"edgeID":"1741997","fromID":"1327881","toID":"1327883","formEdgeID":null},{"edgeID":"1741998","fromID":"1327883","toID":"1327882","formEdgeID":null},{"edgeID":"1741999","fromID":"1327886","toID":"1327885","formEdgeID":null},{"edgeID":"1742000","fromID":"1327887","toID":"1327886","formEdgeID":null},{"edgeID":"1742001","fromID":"1327885","toID":"1327888","formEdgeID":null},{"edgeID":"1742002","fromID":"1327888","toID":"1327884","formEdgeID":null},{"edgeID":"1742003","fromID":"1327877","toID":"1327889","formEdgeID":null},{"edgeID":"1742004","fromID":"1327889","toID":"1327885","formEdgeID":null},{"edgeID":"1742005","fromID":"1327892","toID":"1327891","formEdgeID":null},{"edgeID":"1742006","fromID":"1327893","toID":"1327892","formEdgeID":null},{"edgeID":"1742007","fromID":"1327891","toID":"1327894","formEdgeID":null},{"edgeID":"1742008","fromID":"1327894","toID":"1327890","formEdgeID":null},{"edgeID":"1742009","fromID":"1327885","toID":"1327895","formEdgeID":null},{"edgeID":"1742010","fromID":"1327895","toID":"1327891","formEdgeID":null},{"edgeID":"1742011","fromID":"1327890","toID":"1327896","formEdgeID":null},{"edgeID":"1742012","fromID":"1327896","toID":"1327884","formEdgeID":null},{"edgeID":"1742013","fromID":"1327895","toID":"1327897","formEdgeID":null},{"edgeID":"1742014","fromID":"1327897","toID":"1327896","formEdgeID":null},{"edgeID":"1742015","fromID":"1327900","toID":"1327899","formEdgeID":null},{"edgeID":"1742016","fromID":"1327901","toID":"1327900","formEdgeID":null},{"edgeID":"1742017","fromID":"1327899","toID":"1327902","formEdgeID":null},{"edgeID":"1742018","fromID":"1327902","toID":"1327898","formEdgeID":null},{"edgeID":"1742019","fromID":"1327891","toID":"1327903","formEdgeID":null},{"edgeID":"1742020","fromID":"1327903","toID":"1327899","formEdgeID":null},{"edgeID":"1742021","fromID":"1327906","toID":"1327905","formEdgeID":null},{"edgeID":"1742022","fromID":"1327907","toID":"1327906","formEdgeID":null},{"edgeID":"1742023","fromID":"1327905","toID":"1327908","formEdgeID":null},{"edgeID":"1742024","fromID":"1327908","toID":"1327904","formEdgeID":null},{"edgeID":"1742025","fromID":"1327899","toID":"1327909","formEdgeID":null},{"edgeID":"1742026","fromID":"1327909","toID":"1327905","formEdgeID":null},{"edgeID":"1742027","fromID":"1327904","toID":"1327910","formEdgeID":null},{"edgeID":"1742028","fromID":"1327910","toID":"1327898","formEdgeID":null},{"edgeID":"1742029","fromID":"1327909","toID":"1327911","formEdgeID":null},{"edgeID":"1742030","fromID":"1327911","toID":"1327910","formEdgeID":null},{"edgeID":"1742031","fromID":"1327914","toID":"1327913","formEdgeID":null},{"edgeID":"1742032","fromID":"1327915","toID":"1327914","formEdgeID":null},{"edgeID":"1742033","fromID":"1327913","toID":"1327916","formEdgeID":null},{"edgeID":"1742034","fromID":"1327916","toID":"1327912","formEdgeID":null},{"edgeID":"1742035","fromID":"1327905","toID":"1327917","formEdgeID":null},{"edgeID":"1742036","fromID":"1327917","toID":"1327913","formEdgeID":null},{"edgeID":"1742037","fromID":"1327920","toID":"1327919","formEdgeID":null},{"edgeID":"1742038","fromID":"1327921","toID":"1327920","formEdgeID":null},{"edgeID":"1742039","fromID":"1327919","toID":"1327922","formEdgeID":null},{"edgeID":"1742040","fromID":"1327922","toID":"1327918","formEdgeID":null},{"edgeID":"1742041","fromID":"1327913","toID":"1327923","formEdgeID":null},{"edgeID":"1742042","fromID":"1327923","toID":"1327919","formEdgeID":null},{"edgeID":"1742043","fromID":"1327918","toID":"1327924","formEdgeID":null},{"edgeID":"1742044","fromID":"1327924","toID":"1327912","formEdgeID":null},{"edgeID":"1742045","fromID":"1327923","toID":"1327925","formEdgeID":null},{"edgeID":"1742046","fromID":"1327925","toID":"1327924","formEdgeID":null},{"edgeID":"1742047","fromID":"1327928","toID":"1327927","formEdgeID":null},{"edgeID":"1742048","fromID":"1327929","toID":"1327928","formEdgeID":null},{"edgeID":"1742049","fromID":"1327927","toID":"1327930","formEdgeID":null},{"edgeID":"1742050","fromID":"1327930","toID":"1327926","formEdgeID":null},{"edgeID":"1742051","fromID":"1327919","toID":"1327931","formEdgeID":null},{"edgeID":"1742052","fromID":"1327931","toID":"1327927","formEdgeID":null},{"edgeID":"1742053","fromID":"1327926","toID":"1327932","formEdgeID":null},{"edgeID":"1742054","fromID":"1327932","toID":"1327918","formEdgeID":null},{"edgeID":"1742055","fromID":"1327931","toID":"1327933","formEdgeID":null},{"edgeID":"1742056","fromID":"1327933","toID":"1327932","formEdgeID":null},{"edgeID":"1742057","fromID":"1327936","toID":"1327935","formEdgeID":null},{"edgeID":"1742058","fromID":"1327937","toID":"1327936","formEdgeID":null},{"edgeID":"1742059","fromID":"1327935","toID":"1327938","formEdgeID":null},{"edgeID":"1742060","fromID":"1327938","toID":"1327934","formEdgeID":null},{"edgeID":"1742061","fromID":"1327927","toID":"1327939","formEdgeID":null},{"edgeID":"1742062","fromID":"1327939","toID":"1327935","formEdgeID":null},{"edgeID":"1742063","fromID":"1327942","toID":"1327941","formEdgeID":null},{"edgeID":"1742064","fromID":"1327943","toID":"1327942","formEdgeID":null},{"edgeID":"1742065","fromID":"1327941","toID":"1327944","formEdgeID":null},{"edgeID":"1742066","fromID":"1327944","toID":"1327940","formEdgeID":null},{"edgeID":"1742067","fromID":"1327935","toID":"1327945","formEdgeID":null},{"edgeID":"1742068","fromID":"1327945","toID":"1327941","formEdgeID":null},{"edgeID":"1742069","fromID":"1327948","toID":"1327947","formEdgeID":null},{"edgeID":"1742070","fromID":"1327949","toID":"1327948","formEdgeID":null},{"edgeID":"1742071","fromID":"1327947","toID":"1327950","formEdgeID":null},{"edgeID":"1742072","fromID":"1327950","toID":"1327946","formEdgeID":null},{"edgeID":"1742073","fromID":"1327941","toID":"1327951","formEdgeID":null},{"edgeID":"1742074","fromID":"1327951","toID":"1327947","formEdgeID":null},{"edgeID":"1742075","fromID":"1327864","toID":"1327952","formEdgeID":null},{"edgeID":"1742076","fromID":"1327952","toID":"1327854","formEdgeID":null},{"edgeID":"1742077","fromID":"1327869","toID":"1327953","formEdgeID":null},{"edgeID":"1742078","fromID":"1327953","toID":"1327952","formEdgeID":null},{"edgeID":"1742079","fromID":"1327870","toID":"1327954","formEdgeID":null},{"edgeID":"1742080","fromID":"1327954","toID":"1327864","formEdgeID":null},{"edgeID":"1742081","fromID":"1327875","toID":"1327955","formEdgeID":null},{"edgeID":"1742082","fromID":"1327955","toID":"1327954","formEdgeID":null},{"edgeID":"1742083","fromID":"1327940","toID":"1327956","formEdgeID":null},{"edgeID":"1742084","fromID":"1327956","toID":"1327934","formEdgeID":null},{"edgeID":"1742085","fromID":"1327945","toID":"1327957","formEdgeID":null},{"edgeID":"1742086","fromID":"1327957","toID":"1327956","formEdgeID":null}],"locutions":[]}