{"nodes":[{"nodeID":"1326170","text":"normally when you are disgraced as a Prime Minister or President you go immediately","type":"I","timestamp":"2023-11-09 13:32:26"},{"nodeID":"1326171","text":"Chris Bryant: normally when you are disgraced as a Prime Minister or President you go immediately","type":"L","timestamp":"2023-11-09 13:32:26"},{"nodeID":"1326172","text":"Analysing","type":"YA","timestamp":"2023-11-09 13:32:26"},{"nodeID":"1326173","text":"Amelie: Chris Bryant: normally when you are disgraced as a Prime Minister or President you go immediately","type":"L","timestamp":"2023-11-09 13:32:26"},{"nodeID":"1326174","text":"Asserting","type":"YA","timestamp":"2023-11-09 13:32:26"},{"nodeID":"1326175","text":"you don't hang around for two months when you are disgraced as Prime Minister or President","type":"I","timestamp":"2023-11-09 13:32:27"},{"nodeID":"1326176","text":"Chris Bryant: You don't hang around for two months","type":"L","timestamp":"2023-11-09 13:32:27"},{"nodeID":"1326177","text":"Analysing","type":"YA","timestamp":"2023-11-09 13:32:27"},{"nodeID":"1326178","text":"Amelie: Chris Bryant: You don't hang around for two months","type":"L","timestamp":"2023-11-09 13:32:27"},{"nodeID":"1326179","text":"Asserting","type":"YA","timestamp":"2023-11-09 13:32:27"},{"nodeID":"1326180","text":"Default Rephrase","type":"MA","timestamp":"2023-11-09 13:32:27"},{"nodeID":"1326181","text":"Default Transition","type":"TA","timestamp":"2023-11-09 13:32:27"},{"nodeID":"1326182","text":"Restating","type":"YA","timestamp":"2023-11-09 13:32:27"},{"nodeID":"1326183","text":"the cost of living crisis is going to get considerably worse in September","type":"I","timestamp":"2023-11-09 13:32:27"},{"nodeID":"1326184","text":"Chris Bryant: the cost of living crisis is going to get considerably worse in September","type":"L","timestamp":"2023-11-09 13:32:27"},{"nodeID":"1326185","text":"Analysing","type":"YA","timestamp":"2023-11-09 13:32:27"},{"nodeID":"1326186","text":"Amelie: Chris Bryant: the cost of living crisis is going to get considerably worse in September","type":"L","timestamp":"2023-11-09 13:32:27"},{"nodeID":"1326187","text":"Asserting","type":"YA","timestamp":"2023-11-09 13:32:27"},{"nodeID":"1326188","text":"that will be the next round of changes to the cap on energy phase which is going to be something like 700 pounds extra","type":"I","timestamp":"2023-11-09 13:32:28"},{"nodeID":"1326189","text":"Chris Bryant: that will be the next round of changes to the cap on energy phase which is going to be something like 700 pounds extra","type":"L","timestamp":"2023-11-09 13:32:28"},{"nodeID":"1326190","text":"Analysing","type":"YA","timestamp":"2023-11-09 13:32:28"},{"nodeID":"1326191","text":"Amelie: Chris Bryant: that will be the next round of changes to the cap on energy phase which is going to be something like 700 pounds extra","type":"L","timestamp":"2023-11-09 13:32:28"},{"nodeID":"1326192","text":"Asserting","type":"YA","timestamp":"2023-11-09 13:32:28"},{"nodeID":"1326193","text":"Default Inference","type":"RA","timestamp":"2023-11-09 13:32:28"},{"nodeID":"1326194","text":"Default Transition","type":"TA","timestamp":"2023-11-09 13:32:28"},{"nodeID":"1326195","text":"Arguing","type":"YA","timestamp":"2023-11-09 13:32:28"},{"nodeID":"1326196","text":"we have had one big policy victory this year","type":"I","timestamp":"2023-11-09 13:32:28"},{"nodeID":"1326197","text":"Chris Bryant: We have had one big policy victory this year","type":"L","timestamp":"2023-11-09 13:32:28"},{"nodeID":"1326198","text":"Analysing","type":"YA","timestamp":"2023-11-09 13:32:28"},{"nodeID":"1326199","text":"Amelie: Chris Bryant: We have had one big policy victory this year","type":"L","timestamp":"2023-11-09 13:32:28"},{"nodeID":"1326200","text":"Asserting","type":"YA","timestamp":"2023-11-09 13:32:28"},{"nodeID":"1326201","text":"we campaigned for a windfall tax","type":"I","timestamp":"2023-11-09 13:32:29"},{"nodeID":"1326202","text":"Chris Bryant: We campaigned for a windfall tax","type":"L","timestamp":"2023-11-09 13:32:29"},{"nodeID":"1326203","text":"Analysing","type":"YA","timestamp":"2023-11-09 13:32:29"},{"nodeID":"1326204","text":"Amelie: Chris Bryant: We campaigned for a windfall tax","type":"L","timestamp":"2023-11-09 13:32:29"},{"nodeID":"1326205","text":"Asserting","type":"YA","timestamp":"2023-11-09 13:32:29"},{"nodeID":"1326206","text":"unfortunately the Government haven't done the windfall tax properly","type":"I","timestamp":"2023-11-09 13:32:30"},{"nodeID":"1326207","text":"Chris Bryant: unfortunately the Government haven't done it properly","type":"L","timestamp":"2023-11-09 13:32:30"},{"nodeID":"1326208","text":"Analysing","type":"YA","timestamp":"2023-11-09 13:32:30"},{"nodeID":"1326209","text":"Amelie: Chris Bryant: unfortunately the Government haven't done it properly","type":"L","timestamp":"2023-11-09 13:32:30"},{"nodeID":"1326210","text":"Asserting","type":"YA","timestamp":"2023-11-09 13:32:30"},{"nodeID":"1326211","text":"Default Rephrase","type":"MA","timestamp":"2023-11-09 13:32:30"},{"nodeID":"1326212","text":"Default Transition","type":"TA","timestamp":"2023-11-09 13:32:30"},{"nodeID":"1326213","text":"Restating","type":"YA","timestamp":"2023-11-09 13:32:30"},{"nodeID":"1326214","text":"Default Transition","type":"TA","timestamp":"2023-11-09 13:32:30"},{"nodeID":"1326215","text":"the Government didn't back-date the windfall tax","type":"I","timestamp":"2023-11-09 13:32:30"},{"nodeID":"1326216","text":"Chris Bryant: They didn't back-date it","type":"L","timestamp":"2023-11-09 13:32:30"},{"nodeID":"1326217","text":"Analysing","type":"YA","timestamp":"2023-11-09 13:32:30"},{"nodeID":"1326218","text":"Amelie: Chris Bryant: They didn't back-date it","type":"L","timestamp":"2023-11-09 13:32:30"},{"nodeID":"1326219","text":"Asserting","type":"YA","timestamp":"2023-11-09 13:32:30"},{"nodeID":"1326220","text":"Default Rephrase","type":"MA","timestamp":"2023-11-09 13:32:30"},{"nodeID":"1326221","text":"Default Transition","type":"TA","timestamp":"2023-11-09 13:32:30"},{"nodeID":"1326222","text":"Restating","type":"YA","timestamp":"2023-11-09 13:32:30"},{"nodeID":"1326223","text":"the energy companies have had massive profits","type":"I","timestamp":"2023-11-09 13:32:31"},{"nodeID":"1326224","text":"Chris Bryant:  The energy companies have had massive profits","type":"L","timestamp":"2023-11-09 13:32:31"},{"nodeID":"1326225","text":"Analysing","type":"YA","timestamp":"2023-11-09 13:32:31"},{"nodeID":"1326226","text":"Amelie: Chris Bryant:  The energy companies have had massive profits","type":"L","timestamp":"2023-11-09 13:32:31"},{"nodeID":"1326227","text":"Asserting","type":"YA","timestamp":"2023-11-09 13:32:31"},{"nodeID":"1326228","text":"Default Transition","type":"TA","timestamp":"2023-11-09 13:32:31"},{"nodeID":"1326229","text":"windfall profits the energy companies have had should have been properly taxed and all of the money going to the people who need the support","type":"I","timestamp":"2023-11-09 13:32:31"},{"nodeID":"1326230","text":"Chris Bryant: windfall profits they have had should have been properly taxed and all of the money going to the people who need the support","type":"L","timestamp":"2023-11-09 13:32:31"},{"nodeID":"1326231","text":"Analysing","type":"YA","timestamp":"2023-11-09 13:32:31"},{"nodeID":"1326232","text":"Amelie: Chris Bryant: windfall profits they have had should have been properly taxed and all of the money going to the people who need the support","type":"L","timestamp":"2023-11-09 13:32:31"},{"nodeID":"1326233","text":"Asserting","type":"YA","timestamp":"2023-11-09 13:32:31"},{"nodeID":"1326234","text":"not just some of the energy companies profits should have been taxed which is what the Government has done","type":"I","timestamp":"2023-11-09 13:32:32"},{"nodeID":"1326235","text":"Chris Bryant: Not just some of it which is what the Government has done","type":"L","timestamp":"2023-11-09 13:32:32"},{"nodeID":"1326236","text":"Analysing","type":"YA","timestamp":"2023-11-09 13:32:32"},{"nodeID":"1326237","text":"Amelie: Chris Bryant: Not just some of it which is what the Government has done","type":"L","timestamp":"2023-11-09 13:32:32"},{"nodeID":"1326238","text":"Asserting","type":"YA","timestamp":"2023-11-09 13:32:32"},{"nodeID":"1326239","text":"Default Rephrase","type":"MA","timestamp":"2023-11-09 13:32:32"},{"nodeID":"1326240","text":"Default Transition","type":"TA","timestamp":"2023-11-09 13:32:32"},{"nodeID":"1326241","text":"Restating","type":"YA","timestamp":"2023-11-09 13:32:32"},{"nodeID":"1326242","text":"Default Transition","type":"TA","timestamp":"2023-11-09 13:32:32"},{"nodeID":"1326243","text":"it's not tradition for PM to leave, the state it would be in","type":"I","timestamp":"2023-11-09 13:32:33"},{"nodeID":"1326244","text":"AudienceMember 20220721QT21: Bim who just said it's not tradition for PM to leave, the state it would be in","type":"L","timestamp":"2023-11-09 13:32:33"},{"nodeID":"1326245","text":"Analysing","type":"YA","timestamp":"2023-11-09 13:32:33"},{"nodeID":"1326246","text":"Amelie: AudienceMember 20220721QT21: Bim who just said it's not tradition for PM to leave, the state it would be in","type":"L","timestamp":"2023-11-09 13:32:33"},{"nodeID":"1326247","text":"Bim Afolami: It's not tradition for PM to leave, the state it would be in","type":"L","timestamp":"2023-11-09 13:32:33"},{"nodeID":"1326248","text":"Analysing","type":"YA","timestamp":"2023-11-09 13:32:33"},{"nodeID":"1326249","text":"Amelie: Bim Afolami: Bim who just said it's not tradition for PM to leave, the state it would be in","type":"L","timestamp":"2023-11-09 13:32:33"},{"nodeID":"1326250","text":"Asserting","type":"YA","timestamp":"2023-11-09 13:32:33"},{"nodeID":"1326251","text":"Asserting","type":"YA","timestamp":"2023-11-09 13:32:33"},{"nodeID":"1326252","text":"this Tory Government has never given a monkeys about tradition","type":"I","timestamp":"2023-11-09 13:32:33"},{"nodeID":"1326253","text":"AudienceMember 20220721QT21: since when has this Tory Government given a monkeys about tradition","type":"L","timestamp":"2023-11-09 13:32:33"},{"nodeID":"1326254","text":"Analysing","type":"YA","timestamp":"2023-11-09 13:32:33"},{"nodeID":"1326255","text":"Amelie: AudienceMember 20220721QT21: since when has this Tory Government given a monkeys about tradition","type":"L","timestamp":"2023-11-09 13:32:33"},{"nodeID":"1326256","text":"Rhetorical Questioning","type":"YA","timestamp":"2023-11-09 13:32:33"},{"nodeID":"1326257","text":"Default Conflict","type":"CA","timestamp":"2023-11-09 13:32:33"},{"nodeID":"1326258","text":"Default Transition","type":"TA","timestamp":"2023-11-09 13:32:33"},{"nodeID":"1326259","text":"Disagreeing","type":"YA","timestamp":"2023-11-09 13:32:33"},{"nodeID":"1326260","text":"we shouldn't be trivialising the fact that a Prime Minister is being pushed out of his seat in the midst of his term","type":"I","timestamp":"2023-11-09 13:32:34"},{"nodeID":"1326261","text":"AudienceMember 20220721QT22: you are saying about how we shouldn't be trivialising the fact that you know, a Prime Minister is being pushed out of his seat you know in the midst of his term","type":"L","timestamp":"2023-11-09 13:32:34"},{"nodeID":"1326262","text":"Analysing","type":"YA","timestamp":"2023-11-09 13:32:34"},{"nodeID":"1326263","text":"Amelie: AudienceMember 20220721QT22: you are saying about how we shouldn't be trivialising the fact that you know, a Prime Minister is being pushed out of his seat you know in the midst of his term","type":"L","timestamp":"2023-11-09 13:32:34"},{"nodeID":"1326264","text":"Bim Afolami: we shouldn't be trivialising the fact that a Prime Minister is being pushed out of his seat in the midst of his term","type":"L","timestamp":"2023-11-09 13:32:34"},{"nodeID":"1326265","text":"Analysing","type":"YA","timestamp":"2023-11-09 13:32:34"},{"nodeID":"1326266","text":"Amelie: Bim Afolami: you are saying about how we shouldn't be trivialising the fact that you know, a Prime Minister is being pushed out of his seat you know in the midst of his term","type":"L","timestamp":"2023-11-09 13:32:34"},{"nodeID":"1326267","text":"Asserting","type":"YA","timestamp":"2023-11-09 13:32:34"},{"nodeID":"1326268","text":"Asserting","type":"YA","timestamp":"2023-11-09 13:32:34"},{"nodeID":"1326269","text":"the Conservative Party is the party that we will be having four leaders from in  seven years","type":"I","timestamp":"2023-11-09 13:32:34"},{"nodeID":"1326270","text":"AudienceMember 20220721QT22: isn't the Conservative Party the party that we have now had well we will be having four leaders from in well, seven years","type":"L","timestamp":"2023-11-09 13:32:34"},{"nodeID":"1326271","text":"Analysing","type":"YA","timestamp":"2023-11-09 13:32:34"},{"nodeID":"1326272","text":"Amelie: AudienceMember 20220721QT22: isn't the Conservative Party the party that we have now had well we will be having four leaders from in well, seven years","type":"L","timestamp":"2023-11-09 13:32:34"},{"nodeID":"1326273","text":"Assertive Questioning","type":"YA","timestamp":"2023-11-09 13:32:34"},{"nodeID":"1326274","text":"the Conservative Party is or isn't making a Prime Minister being pushed out of his seat trivial, and making that appropriate for us to be dealing with","type":"I","timestamp":"2023-11-09 13:32:35"},{"nodeID":"1326275","text":"AudienceMember 20220721QT22: is the Conservative Party making that trivial, and making that appropriate for us to be dealing with","type":"L","timestamp":"2023-11-09 13:32:35"},{"nodeID":"1326276","text":"Analysing","type":"YA","timestamp":"2023-11-09 13:32:35"},{"nodeID":"1326277","text":"Amelie: AudienceMember 20220721QT22: is the Conservative Party making that trivial, and making that appropriate for us to be dealing with","type":"L","timestamp":"2023-11-09 13:32:35"},{"nodeID":"1326278","text":"Pure Questioning","type":"YA","timestamp":"2023-11-09 13:32:35"},{"nodeID":"1326279","text":"Default Transition","type":"TA","timestamp":"2023-11-09 13:32:35"},{"nodeID":"1326280","text":"Default Transition","type":"TA","timestamp":"2023-11-09 13:32:35"},{"nodeID":"1326281","text":"Default Inference","type":"RA","timestamp":"2023-11-09 13:32:35"},{"nodeID":"1326282","text":"Arguing","type":"YA","timestamp":"2023-11-09 13:32:35"},{"nodeID":"1326283","text":"Default Transition","type":"TA","timestamp":"2023-11-09 13:32:35"},{"nodeID":"1326284","text":"Default Transition","type":"TA","timestamp":"2023-11-09 13:32:35"},{"nodeID":"1326285","text":"Default Transition","type":"TA","timestamp":"2023-11-09 13:32:35"},{"nodeID":"1326286","text":"Default Transition","type":"TA","timestamp":"2023-11-09 13:32:35"},{"nodeID":"1326287","text":"Default Inference","type":"RA","timestamp":"2023-11-09 13:32:35"},{"nodeID":"1326288","text":"Arguing","type":"YA","timestamp":"2023-11-09 13:32:35"}],"edges":[{"edgeID":"1739950","fromID":"1326172","toID":"1326171","formEdgeID":null},{"edgeID":"1739951","fromID":"1326173","toID":"1326172","formEdgeID":null},{"edgeID":"1739952","fromID":"1326171","toID":"1326174","formEdgeID":null},{"edgeID":"1739953","fromID":"1326174","toID":"1326170","formEdgeID":null},{"edgeID":"1739954","fromID":"1326177","toID":"1326176","formEdgeID":null},{"edgeID":"1739955","fromID":"1326178","toID":"1326177","formEdgeID":null},{"edgeID":"1739956","fromID":"1326176","toID":"1326179","formEdgeID":null},{"edgeID":"1739957","fromID":"1326179","toID":"1326175","formEdgeID":null},{"edgeID":"1739958","fromID":"1326175","toID":"1326180","formEdgeID":null},{"edgeID":"1739959","fromID":"1326180","toID":"1326170","formEdgeID":null},{"edgeID":"1739960","fromID":"1326171","toID":"1326181","formEdgeID":null},{"edgeID":"1739961","fromID":"1326181","toID":"1326176","formEdgeID":null},{"edgeID":"1739962","fromID":"1326181","toID":"1326182","formEdgeID":null},{"edgeID":"1739963","fromID":"1326182","toID":"1326180","formEdgeID":null},{"edgeID":"1739964","fromID":"1326185","toID":"1326184","formEdgeID":null},{"edgeID":"1739965","fromID":"1326186","toID":"1326185","formEdgeID":null},{"edgeID":"1739966","fromID":"1326184","toID":"1326187","formEdgeID":null},{"edgeID":"1739967","fromID":"1326187","toID":"1326183","formEdgeID":null},{"edgeID":"1739968","fromID":"1326190","toID":"1326189","formEdgeID":null},{"edgeID":"1739969","fromID":"1326191","toID":"1326190","formEdgeID":null},{"edgeID":"1739970","fromID":"1326189","toID":"1326192","formEdgeID":null},{"edgeID":"1739971","fromID":"1326192","toID":"1326188","formEdgeID":null},{"edgeID":"1739972","fromID":"1326188","toID":"1326193","formEdgeID":null},{"edgeID":"1739973","fromID":"1326193","toID":"1326183","formEdgeID":null},{"edgeID":"1739974","fromID":"1326184","toID":"1326194","formEdgeID":null},{"edgeID":"1739975","fromID":"1326194","toID":"1326189","formEdgeID":null},{"edgeID":"1739976","fromID":"1326194","toID":"1326195","formEdgeID":null},{"edgeID":"1739977","fromID":"1326195","toID":"1326193","formEdgeID":null},{"edgeID":"1739978","fromID":"1326198","toID":"1326197","formEdgeID":null},{"edgeID":"1739979","fromID":"1326199","toID":"1326198","formEdgeID":null},{"edgeID":"1739980","fromID":"1326197","toID":"1326200","formEdgeID":null},{"edgeID":"1739981","fromID":"1326200","toID":"1326196","formEdgeID":null},{"edgeID":"1739982","fromID":"1326203","toID":"1326202","formEdgeID":null},{"edgeID":"1739983","fromID":"1326204","toID":"1326203","formEdgeID":null},{"edgeID":"1739984","fromID":"1326202","toID":"1326205","formEdgeID":null},{"edgeID":"1739985","fromID":"1326205","toID":"1326201","formEdgeID":null},{"edgeID":"1739986","fromID":"1326208","toID":"1326207","formEdgeID":null},{"edgeID":"1739987","fromID":"1326209","toID":"1326208","formEdgeID":null},{"edgeID":"1739988","fromID":"1326207","toID":"1326210","formEdgeID":null},{"edgeID":"1739989","fromID":"1326210","toID":"1326206","formEdgeID":null},{"edgeID":"1739990","fromID":"1326201","toID":"1326211","formEdgeID":null},{"edgeID":"1739991","fromID":"1326211","toID":"1326196","formEdgeID":null},{"edgeID":"1739992","fromID":"1326197","toID":"1326212","formEdgeID":null},{"edgeID":"1739993","fromID":"1326212","toID":"1326202","formEdgeID":null},{"edgeID":"1739994","fromID":"1326212","toID":"1326213","formEdgeID":null},{"edgeID":"1739995","fromID":"1326213","toID":"1326211","formEdgeID":null},{"edgeID":"1739996","fromID":"1326202","toID":"1326214","formEdgeID":null},{"edgeID":"1739997","fromID":"1326214","toID":"1326207","formEdgeID":null},{"edgeID":"1739998","fromID":"1326217","toID":"1326216","formEdgeID":null},{"edgeID":"1739999","fromID":"1326218","toID":"1326217","formEdgeID":null},{"edgeID":"1740000","fromID":"1326216","toID":"1326219","formEdgeID":null},{"edgeID":"1740001","fromID":"1326219","toID":"1326215","formEdgeID":null},{"edgeID":"1740002","fromID":"1326215","toID":"1326220","formEdgeID":null},{"edgeID":"1740003","fromID":"1326220","toID":"1326206","formEdgeID":null},{"edgeID":"1740004","fromID":"1326207","toID":"1326221","formEdgeID":null},{"edgeID":"1740005","fromID":"1326221","toID":"1326216","formEdgeID":null},{"edgeID":"1740006","fromID":"1326221","toID":"1326222","formEdgeID":null},{"edgeID":"1740007","fromID":"1326222","toID":"1326220","formEdgeID":null},{"edgeID":"1740008","fromID":"1326225","toID":"1326224","formEdgeID":null},{"edgeID":"1740009","fromID":"1326226","toID":"1326225","formEdgeID":null},{"edgeID":"1740010","fromID":"1326224","toID":"1326227","formEdgeID":null},{"edgeID":"1740011","fromID":"1326227","toID":"1326223","formEdgeID":null},{"edgeID":"1740012","fromID":"1326216","toID":"1326228","formEdgeID":null},{"edgeID":"1740013","fromID":"1326228","toID":"1326224","formEdgeID":null},{"edgeID":"1740014","fromID":"1326231","toID":"1326230","formEdgeID":null},{"edgeID":"1740015","fromID":"1326232","toID":"1326231","formEdgeID":null},{"edgeID":"1740016","fromID":"1326230","toID":"1326233","formEdgeID":null},{"edgeID":"1740017","fromID":"1326233","toID":"1326229","formEdgeID":null},{"edgeID":"1740018","fromID":"1326236","toID":"1326235","formEdgeID":null},{"edgeID":"1740019","fromID":"1326237","toID":"1326236","formEdgeID":null},{"edgeID":"1740020","fromID":"1326235","toID":"1326238","formEdgeID":null},{"edgeID":"1740021","fromID":"1326238","toID":"1326234","formEdgeID":null},{"edgeID":"1740022","fromID":"1326234","toID":"1326239","formEdgeID":null},{"edgeID":"1740023","fromID":"1326239","toID":"1326229","formEdgeID":null},{"edgeID":"1740024","fromID":"1326230","toID":"1326240","formEdgeID":null},{"edgeID":"1740025","fromID":"1326240","toID":"1326235","formEdgeID":null},{"edgeID":"1740026","fromID":"1326240","toID":"1326241","formEdgeID":null},{"edgeID":"1740027","fromID":"1326241","toID":"1326239","formEdgeID":null},{"edgeID":"1740028","fromID":"1326224","toID":"1326242","formEdgeID":null},{"edgeID":"1740029","fromID":"1326242","toID":"1326230","formEdgeID":null},{"edgeID":"1740030","fromID":"1326245","toID":"1326244","formEdgeID":null},{"edgeID":"1740031","fromID":"1326246","toID":"1326245","formEdgeID":null},{"edgeID":"1740032","fromID":"1326248","toID":"1326247","formEdgeID":null},{"edgeID":"1740033","fromID":"1326249","toID":"1326248","formEdgeID":null},{"edgeID":"1740034","fromID":"1326247","toID":"1326250","formEdgeID":null},{"edgeID":"1740035","fromID":"1326250","toID":"1326243","formEdgeID":null},{"edgeID":"1740036","fromID":"1326244","toID":"1326251","formEdgeID":null},{"edgeID":"1740037","fromID":"1326251","toID":"1326247","formEdgeID":null},{"edgeID":"1740038","fromID":"1326254","toID":"1326253","formEdgeID":null},{"edgeID":"1740039","fromID":"1326255","toID":"1326254","formEdgeID":null},{"edgeID":"1740040","fromID":"1326253","toID":"1326256","formEdgeID":null},{"edgeID":"1740041","fromID":"1326256","toID":"1326252","formEdgeID":null},{"edgeID":"1740042","fromID":"1326252","toID":"1326257","formEdgeID":null},{"edgeID":"1740043","fromID":"1326257","toID":"1326243","formEdgeID":null},{"edgeID":"1740044","fromID":"1326244","toID":"1326258","formEdgeID":null},{"edgeID":"1740045","fromID":"1326258","toID":"1326253","formEdgeID":null},{"edgeID":"1740046","fromID":"1326258","toID":"1326259","formEdgeID":null},{"edgeID":"1740047","fromID":"1326259","toID":"1326257","formEdgeID":null},{"edgeID":"1740048","fromID":"1326262","toID":"1326261","formEdgeID":null},{"edgeID":"1740049","fromID":"1326263","toID":"1326262","formEdgeID":null},{"edgeID":"1740050","fromID":"1326265","toID":"1326264","formEdgeID":null},{"edgeID":"1740051","fromID":"1326266","toID":"1326265","formEdgeID":null},{"edgeID":"1740052","fromID":"1326264","toID":"1326267","formEdgeID":null},{"edgeID":"1740053","fromID":"1326267","toID":"1326260","formEdgeID":null},{"edgeID":"1740054","fromID":"1326261","toID":"1326268","formEdgeID":null},{"edgeID":"1740055","fromID":"1326268","toID":"1326264","formEdgeID":null},{"edgeID":"1740056","fromID":"1326271","toID":"1326270","formEdgeID":null},{"edgeID":"1740057","fromID":"1326272","toID":"1326271","formEdgeID":null},{"edgeID":"1740058","fromID":"1326270","toID":"1326273","formEdgeID":null},{"edgeID":"1740059","fromID":"1326273","toID":"1326269","formEdgeID":null},{"edgeID":"1740060","fromID":"1326276","toID":"1326275","formEdgeID":null},{"edgeID":"1740061","fromID":"1326277","toID":"1326276","formEdgeID":null},{"edgeID":"1740062","fromID":"1326275","toID":"1326278","formEdgeID":null},{"edgeID":"1740063","fromID":"1326278","toID":"1326274","formEdgeID":null},{"edgeID":"1740064","fromID":"1326261","toID":"1326279","formEdgeID":null},{"edgeID":"1740065","fromID":"1326279","toID":"1326270","formEdgeID":null},{"edgeID":"1740066","fromID":"1326189","toID":"1326280","formEdgeID":null},{"edgeID":"1740067","fromID":"1326280","toID":"1326197","formEdgeID":null},{"edgeID":"1740068","fromID":"1326215","toID":"1326281","formEdgeID":null},{"edgeID":"1740069","fromID":"1326281","toID":"1326223","formEdgeID":null},{"edgeID":"1740070","fromID":"1326228","toID":"1326282","formEdgeID":null},{"edgeID":"1740071","fromID":"1326282","toID":"1326281","formEdgeID":null},{"edgeID":"1740072","fromID":"1326176","toID":"1326283","formEdgeID":null},{"edgeID":"1740073","fromID":"1326283","toID":"1326184","formEdgeID":null},{"edgeID":"1740074","fromID":"1326235","toID":"1326284","formEdgeID":null},{"edgeID":"1740075","fromID":"1326284","toID":"1326244","formEdgeID":null},{"edgeID":"1740076","fromID":"1326253","toID":"1326285","formEdgeID":null},{"edgeID":"1740077","fromID":"1326285","toID":"1326261","formEdgeID":null},{"edgeID":"1740078","fromID":"1326270","toID":"1326286","formEdgeID":null},{"edgeID":"1740079","fromID":"1326286","toID":"1326275","formEdgeID":null},{"edgeID":"1740080","fromID":"1326269","toID":"1326287","formEdgeID":null},{"edgeID":"1740081","fromID":"1326287","toID":"1326260","formEdgeID":null},{"edgeID":"1740082","fromID":"1326279","toID":"1326288","formEdgeID":null},{"edgeID":"1740083","fromID":"1326288","toID":"1326287","formEdgeID":null}],"locutions":[]}