{"nodes":[{"nodeID":"1326671","text":"at the moment we have for next year 40 physics teachers on courses. That's 2% of the target","type":"I","timestamp":"2023-11-09 13:33:07"},{"nodeID":"1326672","text":"Mary Bousted: at the moment we have for next year 40 physics teachers on courses. That's 2% of the target","type":"L","timestamp":"2023-11-09 13:33:07"},{"nodeID":"1326673","text":"Analysing","type":"YA","timestamp":"2023-11-09 13:33:07"},{"nodeID":"1326674","text":"Anon: Mary Bousted: at the moment we have for next year 40 physics teachers on courses. That's 2% of the target","type":"L","timestamp":"2023-11-09 13:33:07"},{"nodeID":"1326675","text":"Asserting","type":"YA","timestamp":"2023-11-09 13:33:07"},{"nodeID":"1326676","text":"we have 16 computer teachers next year that's 1%","type":"I","timestamp":"2023-11-09 13:33:08"},{"nodeID":"1326677","text":"Mary Bousted: We have 16 computer teachers next year that's 1%","type":"L","timestamp":"2023-11-09 13:33:08"},{"nodeID":"1326678","text":"Analysing","type":"YA","timestamp":"2023-11-09 13:33:08"},{"nodeID":"1326679","text":"Anon: Mary Bousted: We have 16 computer teachers next year that's 1%","type":"L","timestamp":"2023-11-09 13:33:08"},{"nodeID":"1326680","text":"Asserting","type":"YA","timestamp":"2023-11-09 13:33:08"},{"nodeID":"1326681","text":"we have 133 maths teachers, that's 7%","type":"I","timestamp":"2023-11-09 13:33:08"},{"nodeID":"1326682","text":"Mary Bousted: We have 133 maths teachers 7%","type":"L","timestamp":"2023-11-09 13:33:08"},{"nodeID":"1326683","text":"Analysing","type":"YA","timestamp":"2023-11-09 13:33:08"},{"nodeID":"1326684","text":"Anon: Mary Bousted: We have 133 maths teachers 7%","type":"L","timestamp":"2023-11-09 13:33:08"},{"nodeID":"1326685","text":"Asserting","type":"YA","timestamp":"2023-11-09 13:33:08"},{"nodeID":"1326686","text":"we are going to start next year with half our Teacher Training places not filled","type":"I","timestamp":"2023-11-09 13:33:09"},{"nodeID":"1326687","text":"Mary Bousted: We are going to start next year with half our Teacher Training places not filled","type":"L","timestamp":"2023-11-09 13:33:09"},{"nodeID":"1326688","text":"Analysing","type":"YA","timestamp":"2023-11-09 13:33:09"},{"nodeID":"1326689","text":"Anon: Mary Bousted: We are going to start next year with half our Teacher Training places not filled","type":"L","timestamp":"2023-11-09 13:33:09"},{"nodeID":"1326690","text":"Asserting","type":"YA","timestamp":"2023-11-09 13:33:09"},{"nodeID":"1326691","text":"we have teachers leaving, one in eight after one year, one in four after two years, 40% within ten years","type":"I","timestamp":"2023-11-09 13:33:09"},{"nodeID":"1326692","text":"Mary Bousted: We have teachers leaving, one in eight after one year, one in four after two years, 40% within ten years","type":"L","timestamp":"2023-11-09 13:33:09"},{"nodeID":"1326693","text":"Analysing","type":"YA","timestamp":"2023-11-09 13:33:09"},{"nodeID":"1326694","text":"Anon: Mary Bousted: We have teachers leaving, one in eight after one year, one in four after two years, 40% within ten years","type":"L","timestamp":"2023-11-09 13:33:09"},{"nodeID":"1326695","text":"Asserting","type":"YA","timestamp":"2023-11-09 13:33:09"},{"nodeID":"1326696","text":"teachers are walking away","type":"I","timestamp":"2023-11-09 13:33:10"},{"nodeID":"1326697","text":"Mary Bousted: They are walking away","type":"L","timestamp":"2023-11-09 13:33:10"},{"nodeID":"1326698","text":"Analysing","type":"YA","timestamp":"2023-11-09 13:33:10"},{"nodeID":"1326699","text":"Anon: Mary Bousted: They are walking away","type":"L","timestamp":"2023-11-09 13:33:10"},{"nodeID":"1326700","text":"Asserting","type":"YA","timestamp":"2023-11-09 13:33:10"},{"nodeID":"1326701","text":"members of the National Education Union have seen a fifth of their pay in real terms taken away from them in ten years","type":"I","timestamp":"2023-11-09 13:33:11"},{"nodeID":"1326702","text":"Mary Bousted: My members have seen a fifth of their pay in real terms taken away from them in ten years","type":"L","timestamp":"2023-11-09 13:33:11"},{"nodeID":"1326703","text":"Analysing","type":"YA","timestamp":"2023-11-09 13:33:11"},{"nodeID":"1326704","text":"Anon: Mary Bousted: My members have seen a fifth of their pay in real terms taken away from them in ten years","type":"L","timestamp":"2023-11-09 13:33:11"},{"nodeID":"1326705","text":"Asserting","type":"YA","timestamp":"2023-11-09 13:33:11"},{"nodeID":"1326706","text":"they get 3% which is what the Government is offering that's another 8% taken off their real terms pay, 18% decline","type":"I","timestamp":"2023-11-09 13:33:11"},{"nodeID":"1326707","text":"Mary Bousted: If they get 3% which is what the Government is offering that's another 8% taken off their real terms pay, 18% decline","type":"L","timestamp":"2023-11-09 13:33:11"},{"nodeID":"1326708","text":"Analysing","type":"YA","timestamp":"2023-11-09 13:33:11"},{"nodeID":"1326709","text":"Anon: Mary Bousted: If they get 3% which is what the Government is offering that's another 8% taken off their real terms pay, 18% decline","type":"L","timestamp":"2023-11-09 13:33:11"},{"nodeID":"1326710","text":"Asserting","type":"YA","timestamp":"2023-11-09 13:33:11"},{"nodeID":"1326711","text":"you cannot underpay public services and expect them to function","type":"I","timestamp":"2023-11-09 13:33:12"},{"nodeID":"1326712","text":"Mary Bousted: you cannot do that to public services and expect them to function","type":"L","timestamp":"2023-11-09 13:33:12"},{"nodeID":"1326713","text":"Analysing","type":"YA","timestamp":"2023-11-09 13:33:12"},{"nodeID":"1326714","text":"Anon: Mary Bousted: you cannot do that to public services and expect them to function","type":"L","timestamp":"2023-11-09 13:33:12"},{"nodeID":"1326715","text":"Asserting","type":"YA","timestamp":"2023-11-09 13:33:12"},{"nodeID":"1326716","text":"public services are the bedrock of a civilised society","type":"I","timestamp":"2023-11-09 13:33:12"},{"nodeID":"1326717","text":"Mary Bousted: Public services are the bedrock of a civilised society","type":"L","timestamp":"2023-11-09 13:33:12"},{"nodeID":"1326718","text":"Analysing","type":"YA","timestamp":"2023-11-09 13:33:12"},{"nodeID":"1326719","text":"Anon: Mary Bousted: Public services are the bedrock of a civilised society","type":"L","timestamp":"2023-11-09 13:33:12"},{"nodeID":"1326720","text":"Asserting","type":"YA","timestamp":"2023-11-09 13:33:12"},{"nodeID":"1326721","text":"you have to pay for public services","type":"I","timestamp":"2023-11-09 13:33:13"},{"nodeID":"1326722","text":"Mary Bousted: You have to pay for them","type":"L","timestamp":"2023-11-09 13:33:13"},{"nodeID":"1326723","text":"Analysing","type":"YA","timestamp":"2023-11-09 13:33:13"},{"nodeID":"1326724","text":"Anon: Mary Bousted: You have to pay for them","type":"L","timestamp":"2023-11-09 13:33:13"},{"nodeID":"1326725","text":"Asserting","type":"YA","timestamp":"2023-11-09 13:33:13"},{"nodeID":"1326726","text":"you are going to have good public services","type":"I","timestamp":"2023-11-09 13:33:14"},{"nodeID":"1326727","text":"Mary Bousted: you are going to have good public services","type":"L","timestamp":"2023-11-09 13:33:14"},{"nodeID":"1326728","text":"Analysing","type":"YA","timestamp":"2023-11-09 13:33:14"},{"nodeID":"1326729","text":"Anon: Mary Bousted: you are going to have good public services","type":"L","timestamp":"2023-11-09 13:33:14"},{"nodeID":"1326730","text":"Asserting","type":"YA","timestamp":"2023-11-09 13:33:14"},{"nodeID":"1326731","text":"you have to have sufficient taxes to pay for them","type":"I","timestamp":"2023-11-09 13:33:14"},{"nodeID":"1326732","text":"Mary Bousted: you have to have sufficient taxes to pay for them","type":"L","timestamp":"2023-11-09 13:33:14"},{"nodeID":"1326733","text":"Analysing","type":"YA","timestamp":"2023-11-09 13:33:14"},{"nodeID":"1326734","text":"Anon: Mary Bousted: you have to have sufficient taxes to pay for them","type":"L","timestamp":"2023-11-09 13:33:14"},{"nodeID":"1326735","text":"Asserting","type":"YA","timestamp":"2023-11-09 13:33:14"},{"nodeID":"1326736","text":"we are starving our public services","type":"I","timestamp":"2023-11-09 13:33:15"},{"nodeID":"1326737","text":"Mary Bousted: we are starving our public services","type":"L","timestamp":"2023-11-09 13:33:15"},{"nodeID":"1326738","text":"Analysing","type":"YA","timestamp":"2023-11-09 13:33:15"},{"nodeID":"1326739","text":"Anon: Mary Bousted: we are starving our public services","type":"L","timestamp":"2023-11-09 13:33:15"},{"nodeID":"1326740","text":"Asserting","type":"YA","timestamp":"2023-11-09 13:33:15"},{"nodeID":"1326741","text":"Default Transition","type":"TA","timestamp":"2023-11-09 13:33:15"},{"nodeID":"1326742","text":"Default Inference","type":"RA","timestamp":"2023-11-09 13:33:15"},{"nodeID":"1326743","text":"Arguing","type":"YA","timestamp":"2023-11-09 13:33:15"},{"nodeID":"1326744","text":"Default Transition","type":"TA","timestamp":"2023-11-09 13:33:15"},{"nodeID":"1326745","text":"Default Inference","type":"RA","timestamp":"2023-11-09 13:33:15"},{"nodeID":"1326746","text":"Arguing","type":"YA","timestamp":"2023-11-09 13:33:15"},{"nodeID":"1326747","text":"Default Rephrase","type":"MA","timestamp":"2023-11-09 13:33:15"},{"nodeID":"1326748","text":"Default Transition","type":"TA","timestamp":"2023-11-09 13:33:15"},{"nodeID":"1326749","text":"Restating","type":"YA","timestamp":"2023-11-09 13:33:15"},{"nodeID":"1326750","text":"Default Transition","type":"TA","timestamp":"2023-11-09 13:33:15"},{"nodeID":"1326751","text":"Default Rephrase","type":"MA","timestamp":"2023-11-09 13:33:15"},{"nodeID":"1326752","text":"Restating","type":"YA","timestamp":"2023-11-09 13:33:15"},{"nodeID":"1326753","text":"Default Transition","type":"TA","timestamp":"2023-11-09 13:33:15"},{"nodeID":"1326754","text":"Default Inference","type":"RA","timestamp":"2023-11-09 13:33:15"},{"nodeID":"1326755","text":"Arguing","type":"YA","timestamp":"2023-11-09 13:33:15"},{"nodeID":"1326756","text":"parents or grandparents know that their children or grandchildren will be taught by multiple teachers","type":"I","timestamp":"2023-11-09 13:33:15"},{"nodeID":"1326757","text":"Mary Bousted: You know if you are parents or grandparents that your children or grandchildren will be taught by multiple teachers","type":"L","timestamp":"2023-11-09 13:33:15"},{"nodeID":"1326758","text":"Analysing","type":"YA","timestamp":"2023-11-09 13:33:15"},{"nodeID":"1326759","text":"Anon: Mary Bousted: You know if you are parents or grandparents that your children or grandchildren will be taught by multiple teachers","type":"L","timestamp":"2023-11-09 13:33:15"},{"nodeID":"1326760","text":"Asserting","type":"YA","timestamp":"2023-11-09 13:33:15"},{"nodeID":"1326761","text":"teachers leave","type":"I","timestamp":"2023-11-09 13:33:16"},{"nodeID":"1326762","text":"Mary Bousted: they leave","type":"L","timestamp":"2023-11-09 13:33:16"},{"nodeID":"1326763","text":"Analysing","type":"YA","timestamp":"2023-11-09 13:33:16"},{"nodeID":"1326764","text":"Anon: Mary Bousted: they leave","type":"L","timestamp":"2023-11-09 13:33:16"},{"nodeID":"1326765","text":"Asserting","type":"YA","timestamp":"2023-11-09 13:33:16"},{"nodeID":"1326766","text":"in many schools now, in secondary schools, the curriculum is being narrowed","type":"I","timestamp":"2023-11-09 13:33:16"},{"nodeID":"1326767","text":"Mary Bousted: in many schools now, in secondary schools, the curriculum is being narrowed","type":"L","timestamp":"2023-11-09 13:33:16"},{"nodeID":"1326768","text":"Analysing","type":"YA","timestamp":"2023-11-09 13:33:16"},{"nodeID":"1326769","text":"Anon: Mary Bousted: in many schools now, in secondary schools, the curriculum is being narrowed","type":"L","timestamp":"2023-11-09 13:33:16"},{"nodeID":"1326770","text":"Asserting","type":"YA","timestamp":"2023-11-09 13:33:16"},{"nodeID":"1326771","text":"there aren't enough teachers to do the full curriculum","type":"I","timestamp":"2023-11-09 13:33:17"},{"nodeID":"1326772","text":"Mary Bousted:  there aren't enough teachers to do it","type":"L","timestamp":"2023-11-09 13:33:17"},{"nodeID":"1326773","text":"Analysing","type":"YA","timestamp":"2023-11-09 13:33:17"},{"nodeID":"1326774","text":"Anon: Mary Bousted:  there aren't enough teachers to do it","type":"L","timestamp":"2023-11-09 13:33:17"},{"nodeID":"1326775","text":"Asserting","type":"YA","timestamp":"2023-11-09 13:33:17"},{"nodeID":"1326776","text":"Default Inference","type":"RA","timestamp":"2023-11-09 13:33:17"},{"nodeID":"1326777","text":"Default Transition","type":"TA","timestamp":"2023-11-09 13:33:17"},{"nodeID":"1326778","text":"Arguing","type":"YA","timestamp":"2023-11-09 13:33:17"},{"nodeID":"1326779","text":"Default Inference","type":"RA","timestamp":"2023-11-09 13:33:17"},{"nodeID":"1326780","text":"Default Transition","type":"TA","timestamp":"2023-11-09 13:33:17"},{"nodeID":"1326781","text":"Arguing","type":"YA","timestamp":"2023-11-09 13:33:17"},{"nodeID":"1326782","text":"Default Rephrase","type":"MA","timestamp":"2023-11-09 13:33:17"},{"nodeID":"1326783","text":"Default Transition","type":"TA","timestamp":"2023-11-09 13:33:17"},{"nodeID":"1326784","text":"Restating","type":"YA","timestamp":"2023-11-09 13:33:17"},{"nodeID":"1326785","text":"Default Transition","type":"TA","timestamp":"2023-11-09 13:33:17"},{"nodeID":"1326786","text":"Default Transition","type":"TA","timestamp":"2023-11-09 13:33:17"},{"nodeID":"1326787","text":"Default Rephrase","type":"MA","timestamp":"2023-11-09 13:33:17"},{"nodeID":"1326788","text":"Default Transition","type":"TA","timestamp":"2023-11-09 13:33:17"},{"nodeID":"1326789","text":"Restating","type":"YA","timestamp":"2023-11-09 13:33:17"},{"nodeID":"1326790","text":"Default Transition","type":"TA","timestamp":"2023-11-09 13:33:17"},{"nodeID":"1326791","text":"Default Conflict","type":"CA","timestamp":"2023-11-09 13:33:17"},{"nodeID":"1326792","text":"Default Transition","type":"TA","timestamp":"2023-11-09 13:33:17"},{"nodeID":"1326793","text":"Conceding","type":"YA","timestamp":"2023-11-09 13:33:17"},{"nodeID":"1326794","text":"Default Rephrase","type":"MA","timestamp":"2023-11-09 13:33:17"},{"nodeID":"1326795","text":"Default Transition","type":"TA","timestamp":"2023-11-09 13:33:17"},{"nodeID":"1326796","text":"Restating","type":"YA","timestamp":"2023-11-09 13:33:17"},{"nodeID":"1326797","text":"Default Transition","type":"TA","timestamp":"2023-11-09 13:33:17"},{"nodeID":"1326798","text":"Default Inference","type":"RA","timestamp":"2023-11-09 13:33:17"},{"nodeID":"1326799","text":"Arguing","type":"YA","timestamp":"2023-11-09 13:33:17"},{"nodeID":"1326800","text":"Default Rephrase","type":"MA","timestamp":"2023-11-09 13:33:17"},{"nodeID":"1326801","text":"Default Transition","type":"TA","timestamp":"2023-11-09 13:33:17"},{"nodeID":"1326802","text":"Restating","type":"YA","timestamp":"2023-11-09 13:33:17"},{"nodeID":"1326803","text":"Default Transition","type":"TA","timestamp":"2023-11-09 13:33:17"},{"nodeID":"1326804","text":"Default Transition","type":"TA","timestamp":"2023-11-09 13:33:17"},{"nodeID":"1326805","text":"Default Conflict","type":"CA","timestamp":"2023-11-09 13:33:17"},{"nodeID":"1326806","text":"Disagreeing","type":"YA","timestamp":"2023-11-09 13:33:17"}],"edges":[{"edgeID":"1740574","fromID":"1326673","toID":"1326672","formEdgeID":null},{"edgeID":"1740575","fromID":"1326674","toID":"1326673","formEdgeID":null},{"edgeID":"1740576","fromID":"1326672","toID":"1326675","formEdgeID":null},{"edgeID":"1740577","fromID":"1326675","toID":"1326671","formEdgeID":null},{"edgeID":"1740578","fromID":"1326678","toID":"1326677","formEdgeID":null},{"edgeID":"1740579","fromID":"1326679","toID":"1326678","formEdgeID":null},{"edgeID":"1740580","fromID":"1326677","toID":"1326680","formEdgeID":null},{"edgeID":"1740581","fromID":"1326680","toID":"1326676","formEdgeID":null},{"edgeID":"1740582","fromID":"1326683","toID":"1326682","formEdgeID":null},{"edgeID":"1740583","fromID":"1326684","toID":"1326683","formEdgeID":null},{"edgeID":"1740584","fromID":"1326682","toID":"1326685","formEdgeID":null},{"edgeID":"1740585","fromID":"1326685","toID":"1326681","formEdgeID":null},{"edgeID":"1740586","fromID":"1326688","toID":"1326687","formEdgeID":null},{"edgeID":"1740587","fromID":"1326689","toID":"1326688","formEdgeID":null},{"edgeID":"1740588","fromID":"1326687","toID":"1326690","formEdgeID":null},{"edgeID":"1740589","fromID":"1326690","toID":"1326686","formEdgeID":null},{"edgeID":"1740590","fromID":"1326693","toID":"1326692","formEdgeID":null},{"edgeID":"1740591","fromID":"1326694","toID":"1326693","formEdgeID":null},{"edgeID":"1740592","fromID":"1326692","toID":"1326695","formEdgeID":null},{"edgeID":"1740593","fromID":"1326695","toID":"1326691","formEdgeID":null},{"edgeID":"1740594","fromID":"1326698","toID":"1326697","formEdgeID":null},{"edgeID":"1740595","fromID":"1326699","toID":"1326698","formEdgeID":null},{"edgeID":"1740596","fromID":"1326697","toID":"1326700","formEdgeID":null},{"edgeID":"1740597","fromID":"1326700","toID":"1326696","formEdgeID":null},{"edgeID":"1740598","fromID":"1326703","toID":"1326702","formEdgeID":null},{"edgeID":"1740599","fromID":"1326704","toID":"1326703","formEdgeID":null},{"edgeID":"1740600","fromID":"1326702","toID":"1326705","formEdgeID":null},{"edgeID":"1740601","fromID":"1326705","toID":"1326701","formEdgeID":null},{"edgeID":"1740602","fromID":"1326708","toID":"1326707","formEdgeID":null},{"edgeID":"1740603","fromID":"1326709","toID":"1326708","formEdgeID":null},{"edgeID":"1740604","fromID":"1326707","toID":"1326710","formEdgeID":null},{"edgeID":"1740605","fromID":"1326710","toID":"1326706","formEdgeID":null},{"edgeID":"1740606","fromID":"1326713","toID":"1326712","formEdgeID":null},{"edgeID":"1740607","fromID":"1326714","toID":"1326713","formEdgeID":null},{"edgeID":"1740608","fromID":"1326712","toID":"1326715","formEdgeID":null},{"edgeID":"1740609","fromID":"1326715","toID":"1326711","formEdgeID":null},{"edgeID":"1740610","fromID":"1326718","toID":"1326717","formEdgeID":null},{"edgeID":"1740611","fromID":"1326719","toID":"1326718","formEdgeID":null},{"edgeID":"1740612","fromID":"1326717","toID":"1326720","formEdgeID":null},{"edgeID":"1740613","fromID":"1326720","toID":"1326716","formEdgeID":null},{"edgeID":"1740614","fromID":"1326723","toID":"1326722","formEdgeID":null},{"edgeID":"1740615","fromID":"1326724","toID":"1326723","formEdgeID":null},{"edgeID":"1740616","fromID":"1326722","toID":"1326725","formEdgeID":null},{"edgeID":"1740617","fromID":"1326725","toID":"1326721","formEdgeID":null},{"edgeID":"1740618","fromID":"1326728","toID":"1326727","formEdgeID":null},{"edgeID":"1740619","fromID":"1326729","toID":"1326728","formEdgeID":null},{"edgeID":"1740620","fromID":"1326727","toID":"1326730","formEdgeID":null},{"edgeID":"1740621","fromID":"1326730","toID":"1326726","formEdgeID":null},{"edgeID":"1740622","fromID":"1326733","toID":"1326732","formEdgeID":null},{"edgeID":"1740623","fromID":"1326734","toID":"1326733","formEdgeID":null},{"edgeID":"1740624","fromID":"1326732","toID":"1326735","formEdgeID":null},{"edgeID":"1740625","fromID":"1326735","toID":"1326731","formEdgeID":null},{"edgeID":"1740626","fromID":"1326738","toID":"1326737","formEdgeID":null},{"edgeID":"1740627","fromID":"1326739","toID":"1326738","formEdgeID":null},{"edgeID":"1740628","fromID":"1326737","toID":"1326740","formEdgeID":null},{"edgeID":"1740629","fromID":"1326740","toID":"1326736","formEdgeID":null},{"edgeID":"1740630","fromID":"1326682","toID":"1326741","formEdgeID":null},{"edgeID":"1740631","fromID":"1326741","toID":"1326687","formEdgeID":null},{"edgeID":"1740632","fromID":"1326681","toID":"1326742","formEdgeID":null},{"edgeID":"1740633","fromID":"1326742","toID":"1326686","formEdgeID":null},{"edgeID":"1740634","fromID":"1326676","toID":"1326742","formEdgeID":null},{"edgeID":"1740635","fromID":"1326671","toID":"1326742","formEdgeID":null},{"edgeID":"1740636","fromID":"1326677","toID":"1326741","formEdgeID":null},{"edgeID":"1740637","fromID":"1326672","toID":"1326741","formEdgeID":null},{"edgeID":"1740638","fromID":"1326741","toID":"1326743","formEdgeID":null},{"edgeID":"1740639","fromID":"1326743","toID":"1326742","formEdgeID":null},{"edgeID":"1740640","fromID":"1326687","toID":"1326744","formEdgeID":null},{"edgeID":"1740641","fromID":"1326744","toID":"1326692","formEdgeID":null},{"edgeID":"1740642","fromID":"1326691","toID":"1326745","formEdgeID":null},{"edgeID":"1740643","fromID":"1326745","toID":"1326686","formEdgeID":null},{"edgeID":"1740644","fromID":"1326744","toID":"1326746","formEdgeID":null},{"edgeID":"1740645","fromID":"1326746","toID":"1326745","formEdgeID":null},{"edgeID":"1740646","fromID":"1326696","toID":"1326747","formEdgeID":null},{"edgeID":"1740647","fromID":"1326747","toID":"1326691","formEdgeID":null},{"edgeID":"1740648","fromID":"1326692","toID":"1326748","formEdgeID":null},{"edgeID":"1740649","fromID":"1326748","toID":"1326697","formEdgeID":null},{"edgeID":"1740650","fromID":"1326748","toID":"1326749","formEdgeID":null},{"edgeID":"1740651","fromID":"1326749","toID":"1326747","formEdgeID":null},{"edgeID":"1740652","fromID":"1326702","toID":"1326750","formEdgeID":null},{"edgeID":"1740653","fromID":"1326750","toID":"1326707","formEdgeID":null},{"edgeID":"1740654","fromID":"1326706","toID":"1326751","formEdgeID":null},{"edgeID":"1740655","fromID":"1326751","toID":"1326701","formEdgeID":null},{"edgeID":"1740656","fromID":"1326750","toID":"1326752","formEdgeID":null},{"edgeID":"1740657","fromID":"1326752","toID":"1326751","formEdgeID":null},{"edgeID":"1740658","fromID":"1326697","toID":"1326753","formEdgeID":null},{"edgeID":"1740659","fromID":"1326753","toID":"1326702","formEdgeID":null},{"edgeID":"1740660","fromID":"1326701","toID":"1326754","formEdgeID":null},{"edgeID":"1740661","fromID":"1326754","toID":"1326696","formEdgeID":null},{"edgeID":"1740662","fromID":"1326753","toID":"1326755","formEdgeID":null},{"edgeID":"1740663","fromID":"1326755","toID":"1326754","formEdgeID":null},{"edgeID":"1740664","fromID":"1326758","toID":"1326757","formEdgeID":null},{"edgeID":"1740665","fromID":"1326759","toID":"1326758","formEdgeID":null},{"edgeID":"1740666","fromID":"1326757","toID":"1326760","formEdgeID":null},{"edgeID":"1740667","fromID":"1326760","toID":"1326756","formEdgeID":null},{"edgeID":"1740668","fromID":"1326763","toID":"1326762","formEdgeID":null},{"edgeID":"1740669","fromID":"1326764","toID":"1326763","formEdgeID":null},{"edgeID":"1740670","fromID":"1326762","toID":"1326765","formEdgeID":null},{"edgeID":"1740671","fromID":"1326765","toID":"1326761","formEdgeID":null},{"edgeID":"1740672","fromID":"1326768","toID":"1326767","formEdgeID":null},{"edgeID":"1740673","fromID":"1326769","toID":"1326768","formEdgeID":null},{"edgeID":"1740674","fromID":"1326767","toID":"1326770","formEdgeID":null},{"edgeID":"1740675","fromID":"1326770","toID":"1326766","formEdgeID":null},{"edgeID":"1740676","fromID":"1326773","toID":"1326772","formEdgeID":null},{"edgeID":"1740677","fromID":"1326774","toID":"1326773","formEdgeID":null},{"edgeID":"1740678","fromID":"1326772","toID":"1326775","formEdgeID":null},{"edgeID":"1740679","fromID":"1326775","toID":"1326771","formEdgeID":null},{"edgeID":"1740680","fromID":"1326761","toID":"1326776","formEdgeID":null},{"edgeID":"1740681","fromID":"1326776","toID":"1326756","formEdgeID":null},{"edgeID":"1740682","fromID":"1326757","toID":"1326777","formEdgeID":null},{"edgeID":"1740683","fromID":"1326777","toID":"1326762","formEdgeID":null},{"edgeID":"1740684","fromID":"1326777","toID":"1326778","formEdgeID":null},{"edgeID":"1740685","fromID":"1326778","toID":"1326776","formEdgeID":null},{"edgeID":"1740686","fromID":"1326771","toID":"1326779","formEdgeID":null},{"edgeID":"1740687","fromID":"1326779","toID":"1326766","formEdgeID":null},{"edgeID":"1740688","fromID":"1326767","toID":"1326780","formEdgeID":null},{"edgeID":"1740689","fromID":"1326780","toID":"1326772","formEdgeID":null},{"edgeID":"1740690","fromID":"1326780","toID":"1326781","formEdgeID":null},{"edgeID":"1740691","fromID":"1326781","toID":"1326779","formEdgeID":null},{"edgeID":"1740692","fromID":"1326761","toID":"1326782","formEdgeID":null},{"edgeID":"1740693","fromID":"1326782","toID":"1326691","formEdgeID":null},{"edgeID":"1740694","fromID":"1326692","toID":"1326783","formEdgeID":null},{"edgeID":"1740695","fromID":"1326783","toID":"1326762","formEdgeID":null},{"edgeID":"1740696","fromID":"1326783","toID":"1326784","formEdgeID":null},{"edgeID":"1740697","fromID":"1326784","toID":"1326782","formEdgeID":null},{"edgeID":"1740698","fromID":"1326692","toID":"1326785","formEdgeID":null},{"edgeID":"1740699","fromID":"1326785","toID":"1326757","formEdgeID":null},{"edgeID":"1740700","fromID":"1326762","toID":"1326786","formEdgeID":null},{"edgeID":"1740701","fromID":"1326786","toID":"1326767","formEdgeID":null},{"edgeID":"1740702","fromID":"1326771","toID":"1326787","formEdgeID":null},{"edgeID":"1740703","fromID":"1326787","toID":"1326691","formEdgeID":null},{"edgeID":"1740704","fromID":"1326692","toID":"1326788","formEdgeID":null},{"edgeID":"1740705","fromID":"1326788","toID":"1326772","formEdgeID":null},{"edgeID":"1740706","fromID":"1326788","toID":"1326789","formEdgeID":null},{"edgeID":"1740707","fromID":"1326789","toID":"1326787","formEdgeID":null},{"edgeID":"1740708","fromID":"1326707","toID":"1326790","formEdgeID":null},{"edgeID":"1740709","fromID":"1326790","toID":"1326712","formEdgeID":null},{"edgeID":"1740710","fromID":"1326721","toID":"1326791","formEdgeID":null},{"edgeID":"1740711","fromID":"1326791","toID":"1326716","formEdgeID":null},{"edgeID":"1740712","fromID":"1326717","toID":"1326792","formEdgeID":null},{"edgeID":"1740713","fromID":"1326792","toID":"1326722","formEdgeID":null},{"edgeID":"1740714","fromID":"1326792","toID":"1326793","formEdgeID":null},{"edgeID":"1740715","fromID":"1326793","toID":"1326791","formEdgeID":null},{"edgeID":"1740716","fromID":"1326721","toID":"1326794","formEdgeID":null},{"edgeID":"1740717","fromID":"1326794","toID":"1326711","formEdgeID":null},{"edgeID":"1740718","fromID":"1326712","toID":"1326795","formEdgeID":null},{"edgeID":"1740719","fromID":"1326795","toID":"1326722","formEdgeID":null},{"edgeID":"1740720","fromID":"1326795","toID":"1326796","formEdgeID":null},{"edgeID":"1740721","fromID":"1326796","toID":"1326794","formEdgeID":null},{"edgeID":"1740722","fromID":"1326727","toID":"1326797","formEdgeID":null},{"edgeID":"1740723","fromID":"1326797","toID":"1326732","formEdgeID":null},{"edgeID":"1740724","fromID":"1326731","toID":"1326798","formEdgeID":null},{"edgeID":"1740725","fromID":"1326798","toID":"1326726","formEdgeID":null},{"edgeID":"1740726","fromID":"1326797","toID":"1326799","formEdgeID":null},{"edgeID":"1740727","fromID":"1326799","toID":"1326798","formEdgeID":null},{"edgeID":"1740728","fromID":"1326731","toID":"1326800","formEdgeID":null},{"edgeID":"1740729","fromID":"1326800","toID":"1326721","formEdgeID":null},{"edgeID":"1740730","fromID":"1326722","toID":"1326801","formEdgeID":null},{"edgeID":"1740731","fromID":"1326801","toID":"1326732","formEdgeID":null},{"edgeID":"1740732","fromID":"1326801","toID":"1326802","formEdgeID":null},{"edgeID":"1740733","fromID":"1326802","toID":"1326800","formEdgeID":null},{"edgeID":"1740734","fromID":"1326722","toID":"1326803","formEdgeID":null},{"edgeID":"1740735","fromID":"1326803","toID":"1326727","formEdgeID":null},{"edgeID":"1740736","fromID":"1326732","toID":"1326804","formEdgeID":null},{"edgeID":"1740737","fromID":"1326804","toID":"1326737","formEdgeID":null},{"edgeID":"1740738","fromID":"1326736","toID":"1326805","formEdgeID":null},{"edgeID":"1740739","fromID":"1326805","toID":"1326731","formEdgeID":null},{"edgeID":"1740740","fromID":"1326804","toID":"1326806","formEdgeID":null},{"edgeID":"1740741","fromID":"1326806","toID":"1326805","formEdgeID":null}],"locutions":[]}