{"nodes":[{"nodeID":"1327958","text":"rents should or should not be capped","type":"I","timestamp":"2023-11-09 13:34:52"},{"nodeID":"1327959","text":"Fiona Bruce: Cap rents","type":"L","timestamp":"2023-11-09 13:34:52"},{"nodeID":"1327960","text":"Analysing","type":"YA","timestamp":"2023-11-09 13:34:52"},{"nodeID":"1327961","text":"Clara: Fiona Bruce: Cap rents","type":"L","timestamp":"2023-11-09 13:34:52"},{"nodeID":"1327962","text":"Pure Questioning","type":"YA","timestamp":"2023-11-09 13:34:52"},{"nodeID":"1327963","text":"capping rents would be an interesting idea","type":"I","timestamp":"2023-11-09 13:34:53"},{"nodeID":"1327964","text":"AudienceMember 20220721QT42: That would be an interesting idea","type":"L","timestamp":"2023-11-09 13:34:53"},{"nodeID":"1327965","text":"Analysing","type":"YA","timestamp":"2023-11-09 13:34:53"},{"nodeID":"1327966","text":"Clara: AudienceMember 20220721QT42: That would be an interesting idea","type":"L","timestamp":"2023-11-09 13:34:53"},{"nodeID":"1327967","text":"Asserting","type":"YA","timestamp":"2023-11-09 13:34:53"},{"nodeID":"1327968","text":"Default Transition","type":"TA","timestamp":"2023-11-09 13:34:53"},{"nodeID":"1327969","text":"Default Rephrase","type":"MA","timestamp":"2023-11-09 13:34:53"},{"nodeID":"1327970","text":"Default Illocuting","type":"YA","timestamp":"2023-11-09 13:34:53"},{"nodeID":"1327971","text":"in the past we have capped rents in terms of rent control","type":"I","timestamp":"2023-11-09 13:34:53"},{"nodeID":"1327972","text":"AudienceMember 20220721QT42: We have done that in the past in terms of rent control","type":"L","timestamp":"2023-11-09 13:34:53"},{"nodeID":"1327973","text":"Analysing","type":"YA","timestamp":"2023-11-09 13:34:53"},{"nodeID":"1327974","text":"Clara: AudienceMember 20220721QT42: We have done that in the past in terms of rent control","type":"L","timestamp":"2023-11-09 13:34:53"},{"nodeID":"1327975","text":"Asserting","type":"YA","timestamp":"2023-11-09 13:34:53"},{"nodeID":"1327976","text":"Default Rephrase","type":"MA","timestamp":"2023-11-09 13:34:53"},{"nodeID":"1327977","text":"Default Transition","type":"TA","timestamp":"2023-11-09 13:34:53"},{"nodeID":"1327978","text":"Restating","type":"YA","timestamp":"2023-11-09 13:34:53"},{"nodeID":"1327979","text":"nobody is advocating capping rents","type":"I","timestamp":"2023-11-09 13:34:54"},{"nodeID":"1327980","text":"AudienceMember 20220721QT42: nobody is advocating that","type":"L","timestamp":"2023-11-09 13:34:54"},{"nodeID":"1327981","text":"Analysing","type":"YA","timestamp":"2023-11-09 13:34:54"},{"nodeID":"1327982","text":"Clara: AudienceMember 20220721QT42: nobody is advocating that","type":"L","timestamp":"2023-11-09 13:34:54"},{"nodeID":"1327983","text":"Asserting","type":"YA","timestamp":"2023-11-09 13:34:54"},{"nodeID":"1327984","text":"Default Transition","type":"TA","timestamp":"2023-11-09 13:34:54"},{"nodeID":"1327985","text":"capping rents would be a reasonable idea","type":"I","timestamp":"2023-11-09 13:34:54"},{"nodeID":"1327986","text":"AudienceMember 20220721QT42: it would be a reasonable idea","type":"L","timestamp":"2023-11-09 13:34:54"},{"nodeID":"1327987","text":"Analysing","type":"YA","timestamp":"2023-11-09 13:34:54"},{"nodeID":"1327988","text":"Clara: AudienceMember 20220721QT42: it would be a reasonable idea","type":"L","timestamp":"2023-11-09 13:34:54"},{"nodeID":"1327989","text":"Asserting","type":"YA","timestamp":"2023-11-09 13:34:54"},{"nodeID":"1327990","text":"Default Transition","type":"TA","timestamp":"2023-11-09 13:34:54"},{"nodeID":"1327991","text":"Default Rephrase","type":"MA","timestamp":"2023-11-09 13:34:54"},{"nodeID":"1327992","text":"Restating","type":"YA","timestamp":"2023-11-09 13:34:54"},{"nodeID":"1327993","text":"Default Transition","type":"TA","timestamp":"2023-11-09 13:34:54"},{"nodeID":"1327994","text":"Default Conflict","type":"CA","timestamp":"2023-11-09 13:34:54"},{"nodeID":"1327995","text":"Disagreeing","type":"YA","timestamp":"2023-11-09 13:34:54"},{"nodeID":"1327996","text":"AudienceMember 20220721QT43 feels very uncomfortable about saying we need more houses built in Devon","type":"I","timestamp":"2023-11-09 13:34:55"},{"nodeID":"1327997","text":"AudienceMember 20220721QT43: I feel very uncomfortable about saying we need more houses built in Devon","type":"L","timestamp":"2023-11-09 13:34:55"},{"nodeID":"1327998","text":"Analysing","type":"YA","timestamp":"2023-11-09 13:34:55"},{"nodeID":"1327999","text":"Clara: AudienceMember 20220721QT43: I feel very uncomfortable about saying we need more houses built in Devon","type":"L","timestamp":"2023-11-09 13:34:55"},{"nodeID":"1328000","text":"Asserting","type":"YA","timestamp":"2023-11-09 13:34:55"},{"nodeID":"1328001","text":"Default Transition","type":"TA","timestamp":"2023-11-09 13:34:55"},{"nodeID":"1328002","text":"AudienceMember 20220721QT43 too works in health and Social Care","type":"I","timestamp":"2023-11-09 13:34:56"},{"nodeID":"1328003","text":"AudienceMember 20220721QT43: I too work in health and Social Care","type":"L","timestamp":"2023-11-09 13:34:56"},{"nodeID":"1328004","text":"Analysing","type":"YA","timestamp":"2023-11-09 13:34:56"},{"nodeID":"1328005","text":"Clara: AudienceMember 20220721QT43: I too work in health and Social Care","type":"L","timestamp":"2023-11-09 13:34:56"},{"nodeID":"1328006","text":"Asserting","type":"YA","timestamp":"2023-11-09 13:34:56"},{"nodeID":"1328007","text":"Default Transition","type":"TA","timestamp":"2023-11-09 13:34:56"},{"nodeID":"1328008","text":"we have seen over the last few years developments popping-up everywhere","type":"I","timestamp":"2023-11-09 13:34:56"},{"nodeID":"1328009","text":"AudienceMember 20220721QT43: we have seen over the last few years developments popping-up everywhere","type":"L","timestamp":"2023-11-09 13:34:56"},{"nodeID":"1328010","text":"Analysing","type":"YA","timestamp":"2023-11-09 13:34:56"},{"nodeID":"1328011","text":"Clara: AudienceMember 20220721QT43: we have seen over the last few years developments popping-up everywhere","type":"L","timestamp":"2023-11-09 13:34:56"},{"nodeID":"1328012","text":"Asserting","type":"YA","timestamp":"2023-11-09 13:34:56"},{"nodeID":"1328013","text":"Default Rephrase","type":"MA","timestamp":"2023-11-09 13:34:56"},{"nodeID":"1328014","text":"Default Transition","type":"TA","timestamp":"2023-11-09 13:34:56"},{"nodeID":"1328015","text":"Restating","type":"YA","timestamp":"2023-11-09 13:34:56"},{"nodeID":"1328016","text":"all we have seen is an influx of people from the south east, and other parts of England","type":"I","timestamp":"2023-11-09 13:34:57"},{"nodeID":"1328017","text":"AudienceMember 20220721QT43: all we have seen is an influx of people from the south east, and other parts of England","type":"L","timestamp":"2023-11-09 13:34:57"},{"nodeID":"1328018","text":"Analysing","type":"YA","timestamp":"2023-11-09 13:34:57"},{"nodeID":"1328019","text":"Clara: AudienceMember 20220721QT43: all we have seen is an influx of people from the south east, and other parts of England","type":"L","timestamp":"2023-11-09 13:34:57"},{"nodeID":"1328020","text":"Asserting","type":"YA","timestamp":"2023-11-09 13:34:57"},{"nodeID":"1328021","text":"Default Rephrase","type":"MA","timestamp":"2023-11-09 13:34:57"},{"nodeID":"1328022","text":"Default Transition","type":"TA","timestamp":"2023-11-09 13:34:57"},{"nodeID":"1328023","text":"Restating","type":"YA","timestamp":"2023-11-09 13:34:57"},{"nodeID":"1328024","text":"at the same time, we have seen cuts in schools, and we have seen cuts in hospitals and the public sector","type":"I","timestamp":"2023-11-09 13:34:57"},{"nodeID":"1328025","text":"AudienceMember 20220721QT43: At the same time, we have seen cuts in schools, and we have seen cuts in hospitals and the public sector","type":"L","timestamp":"2023-11-09 13:34:57"},{"nodeID":"1328026","text":"Analysing","type":"YA","timestamp":"2023-11-09 13:34:57"},{"nodeID":"1328027","text":"Clara: AudienceMember 20220721QT43: At the same time, we have seen cuts in schools, and we have seen cuts in hospitals and the public sector","type":"L","timestamp":"2023-11-09 13:34:57"},{"nodeID":"1328028","text":"Asserting","type":"YA","timestamp":"2023-11-09 13:34:57"},{"nodeID":"1328029","text":"Default Transition","type":"TA","timestamp":"2023-11-09 13:34:57"},{"nodeID":"1328030","text":"Default Rephrase","type":"MA","timestamp":"2023-11-09 13:34:57"},{"nodeID":"1328031","text":"Restating","type":"YA","timestamp":"2023-11-09 13:34:57"},{"nodeID":"1328032","text":"one of the big issues for AudienceMember 20220721QT43 is about not necessarily second homeowners that is part of it, but it's the people who historically have rented-out long-term to local residents, often working in low-paid industries, and sectors like domiciliary care, home care","type":"I","timestamp":"2023-11-09 13:34:58"},{"nodeID":"1328033","text":"AudienceMember 20220721QT43: One of the big issues for me is about not necessarily second homeowners that is part of it, but it's the people who historically have rented-out long-term to local residents, often working in low-paid industries, and sectors like domiciliary care, home care","type":"L","timestamp":"2023-11-09 13:34:58"},{"nodeID":"1328034","text":"Analysing","type":"YA","timestamp":"2023-11-09 13:34:58"},{"nodeID":"1328035","text":"Clara: AudienceMember 20220721QT43: One of the big issues for me is about not necessarily second homeowners that is part of it, but it's the people who historically have rented-out long-term to local residents, often working in low-paid industries, and sectors like domiciliary care, home care","type":"L","timestamp":"2023-11-09 13:34:58"},{"nodeID":"1328036","text":"Asserting","type":"YA","timestamp":"2023-11-09 13:34:58"},{"nodeID":"1328037","text":"Default Transition","type":"TA","timestamp":"2023-11-09 13:34:58"},{"nodeID":"1328038","text":"Default Inference","type":"RA","timestamp":"2023-11-09 13:34:58"},{"nodeID":"1328039","text":"Arguing","type":"YA","timestamp":"2023-11-09 13:34:58"},{"nodeID":"1328040","text":"Default Transition","type":"TA","timestamp":"2023-11-09 13:34:58"},{"nodeID":"1328041","text":"Default Inference","type":"RA","timestamp":"2023-11-09 13:34:58"},{"nodeID":"1328042","text":"Arguing","type":"YA","timestamp":"2023-11-09 13:34:58"}],"edges":[{"edgeID":"1742087","fromID":"1327960","toID":"1327959","formEdgeID":null},{"edgeID":"1742088","fromID":"1327961","toID":"1327960","formEdgeID":null},{"edgeID":"1742089","fromID":"1327959","toID":"1327962","formEdgeID":null},{"edgeID":"1742090","fromID":"1327962","toID":"1327958","formEdgeID":null},{"edgeID":"1742091","fromID":"1327965","toID":"1327964","formEdgeID":null},{"edgeID":"1742092","fromID":"1327966","toID":"1327965","formEdgeID":null},{"edgeID":"1742093","fromID":"1327964","toID":"1327967","formEdgeID":null},{"edgeID":"1742094","fromID":"1327967","toID":"1327963","formEdgeID":null},{"edgeID":"1742095","fromID":"1327959","toID":"1327968","formEdgeID":null},{"edgeID":"1742096","fromID":"1327968","toID":"1327964","formEdgeID":null},{"edgeID":"1742097","fromID":"1327963","toID":"1327969","formEdgeID":null},{"edgeID":"1742098","fromID":"1327969","toID":"1327958","formEdgeID":null},{"edgeID":"1742099","fromID":"1327968","toID":"1327970","formEdgeID":null},{"edgeID":"1742100","fromID":"1327970","toID":"1327969","formEdgeID":null},{"edgeID":"1742101","fromID":"1327973","toID":"1327972","formEdgeID":null},{"edgeID":"1742102","fromID":"1327974","toID":"1327973","formEdgeID":null},{"edgeID":"1742103","fromID":"1327972","toID":"1327975","formEdgeID":null},{"edgeID":"1742104","fromID":"1327975","toID":"1327971","formEdgeID":null},{"edgeID":"1742105","fromID":"1327971","toID":"1327976","formEdgeID":null},{"edgeID":"1742106","fromID":"1327976","toID":"1327963","formEdgeID":null},{"edgeID":"1742107","fromID":"1327964","toID":"1327977","formEdgeID":null},{"edgeID":"1742108","fromID":"1327977","toID":"1327972","formEdgeID":null},{"edgeID":"1742109","fromID":"1327977","toID":"1327978","formEdgeID":null},{"edgeID":"1742110","fromID":"1327978","toID":"1327976","formEdgeID":null},{"edgeID":"1742111","fromID":"1327981","toID":"1327980","formEdgeID":null},{"edgeID":"1742112","fromID":"1327982","toID":"1327981","formEdgeID":null},{"edgeID":"1742113","fromID":"1327980","toID":"1327983","formEdgeID":null},{"edgeID":"1742114","fromID":"1327983","toID":"1327979","formEdgeID":null},{"edgeID":"1742115","fromID":"1327972","toID":"1327984","formEdgeID":null},{"edgeID":"1742116","fromID":"1327984","toID":"1327980","formEdgeID":null},{"edgeID":"1742117","fromID":"1327987","toID":"1327986","formEdgeID":null},{"edgeID":"1742118","fromID":"1327988","toID":"1327987","formEdgeID":null},{"edgeID":"1742119","fromID":"1327986","toID":"1327989","formEdgeID":null},{"edgeID":"1742120","fromID":"1327989","toID":"1327985","formEdgeID":null},{"edgeID":"1742121","fromID":"1327964","toID":"1327990","formEdgeID":null},{"edgeID":"1742122","fromID":"1327990","toID":"1327986","formEdgeID":null},{"edgeID":"1742123","fromID":"1327985","toID":"1327991","formEdgeID":null},{"edgeID":"1742124","fromID":"1327991","toID":"1327963","formEdgeID":null},{"edgeID":"1742125","fromID":"1327990","toID":"1327992","formEdgeID":null},{"edgeID":"1742126","fromID":"1327992","toID":"1327991","formEdgeID":null},{"edgeID":"1742127","fromID":"1327980","toID":"1327993","formEdgeID":null},{"edgeID":"1742128","fromID":"1327993","toID":"1327986","formEdgeID":null},{"edgeID":"1742129","fromID":"1327985","toID":"1327994","formEdgeID":null},{"edgeID":"1742130","fromID":"1327994","toID":"1327979","formEdgeID":null},{"edgeID":"1742131","fromID":"1327993","toID":"1327995","formEdgeID":null},{"edgeID":"1742132","fromID":"1327995","toID":"1327994","formEdgeID":null},{"edgeID":"1742133","fromID":"1327998","toID":"1327997","formEdgeID":null},{"edgeID":"1742134","fromID":"1327999","toID":"1327998","formEdgeID":null},{"edgeID":"1742135","fromID":"1327997","toID":"1328000","formEdgeID":null},{"edgeID":"1742136","fromID":"1328000","toID":"1327996","formEdgeID":null},{"edgeID":"1742137","fromID":"1327986","toID":"1328001","formEdgeID":null},{"edgeID":"1742138","fromID":"1328001","toID":"1327997","formEdgeID":null},{"edgeID":"1742139","fromID":"1328004","toID":"1328003","formEdgeID":null},{"edgeID":"1742140","fromID":"1328005","toID":"1328004","formEdgeID":null},{"edgeID":"1742141","fromID":"1328003","toID":"1328006","formEdgeID":null},{"edgeID":"1742142","fromID":"1328006","toID":"1328002","formEdgeID":null},{"edgeID":"1742143","fromID":"1327997","toID":"1328007","formEdgeID":null},{"edgeID":"1742144","fromID":"1328007","toID":"1328003","formEdgeID":null},{"edgeID":"1742145","fromID":"1328010","toID":"1328009","formEdgeID":null},{"edgeID":"1742146","fromID":"1328011","toID":"1328010","formEdgeID":null},{"edgeID":"1742147","fromID":"1328009","toID":"1328012","formEdgeID":null},{"edgeID":"1742148","fromID":"1328012","toID":"1328008","formEdgeID":null},{"edgeID":"1742149","fromID":"1328008","toID":"1328013","formEdgeID":null},{"edgeID":"1742150","fromID":"1328013","toID":"1328002","formEdgeID":null},{"edgeID":"1742151","fromID":"1328003","toID":"1328014","formEdgeID":null},{"edgeID":"1742152","fromID":"1328014","toID":"1328009","formEdgeID":null},{"edgeID":"1742153","fromID":"1328014","toID":"1328015","formEdgeID":null},{"edgeID":"1742154","fromID":"1328015","toID":"1328013","formEdgeID":null},{"edgeID":"1742155","fromID":"1328018","toID":"1328017","formEdgeID":null},{"edgeID":"1742156","fromID":"1328019","toID":"1328018","formEdgeID":null},{"edgeID":"1742157","fromID":"1328017","toID":"1328020","formEdgeID":null},{"edgeID":"1742158","fromID":"1328020","toID":"1328016","formEdgeID":null},{"edgeID":"1742159","fromID":"1328016","toID":"1328021","formEdgeID":null},{"edgeID":"1742160","fromID":"1328021","toID":"1328008","formEdgeID":null},{"edgeID":"1742161","fromID":"1328009","toID":"1328022","formEdgeID":null},{"edgeID":"1742162","fromID":"1328022","toID":"1328017","formEdgeID":null},{"edgeID":"1742163","fromID":"1328022","toID":"1328023","formEdgeID":null},{"edgeID":"1742164","fromID":"1328023","toID":"1328021","formEdgeID":null},{"edgeID":"1742165","fromID":"1328026","toID":"1328025","formEdgeID":null},{"edgeID":"1742166","fromID":"1328027","toID":"1328026","formEdgeID":null},{"edgeID":"1742167","fromID":"1328025","toID":"1328028","formEdgeID":null},{"edgeID":"1742168","fromID":"1328028","toID":"1328024","formEdgeID":null},{"edgeID":"1742169","fromID":"1328017","toID":"1328029","formEdgeID":null},{"edgeID":"1742170","fromID":"1328029","toID":"1328025","formEdgeID":null},{"edgeID":"1742171","fromID":"1328024","toID":"1328030","formEdgeID":null},{"edgeID":"1742172","fromID":"1328030","toID":"1328016","formEdgeID":null},{"edgeID":"1742173","fromID":"1328029","toID":"1328031","formEdgeID":null},{"edgeID":"1742174","fromID":"1328031","toID":"1328030","formEdgeID":null},{"edgeID":"1742175","fromID":"1328034","toID":"1328033","formEdgeID":null},{"edgeID":"1742176","fromID":"1328035","toID":"1328034","formEdgeID":null},{"edgeID":"1742177","fromID":"1328033","toID":"1328036","formEdgeID":null},{"edgeID":"1742178","fromID":"1328036","toID":"1328032","formEdgeID":null},{"edgeID":"1742179","fromID":"1328017","toID":"1328037","formEdgeID":null},{"edgeID":"1742180","fromID":"1328037","toID":"1328033","formEdgeID":null},{"edgeID":"1742181","fromID":"1328016","toID":"1328038","formEdgeID":null},{"edgeID":"1742182","fromID":"1328038","toID":"1328032","formEdgeID":null},{"edgeID":"1742183","fromID":"1328037","toID":"1328039","formEdgeID":null},{"edgeID":"1742184","fromID":"1328039","toID":"1328038","formEdgeID":null},{"edgeID":"1742185","fromID":"1328024","toID":"1328038","formEdgeID":null},{"edgeID":"1742186","fromID":"1328025","toID":"1328037","formEdgeID":null},{"edgeID":"1742187","fromID":"1327997","toID":"1328040","formEdgeID":null},{"edgeID":"1742188","fromID":"1328040","toID":"1328033","formEdgeID":null},{"edgeID":"1742189","fromID":"1328032","toID":"1328041","formEdgeID":null},{"edgeID":"1742190","fromID":"1328041","toID":"1327996","formEdgeID":null},{"edgeID":"1742191","fromID":"1328040","toID":"1328042","formEdgeID":null},{"edgeID":"1742192","fromID":"1328042","toID":"1328041","formEdgeID":null}],"locutions":[]}