{"nodes":[{"nodeID":"257184","text":"we have to do two things","type":"I","timestamp":"2016-12-22 15:21:13"},{"nodeID":"1328354","text":"Mary Bousted: we have to do two things","type":"L","timestamp":"2023-11-09 13:35:25"},{"nodeID":"1328355","text":"Analysing","type":"YA","timestamp":"2023-11-09 13:35:25"},{"nodeID":"1328356","text":"Louise: Mary Bousted: we have to do two things","type":"L","timestamp":"2023-11-09 13:35:25"},{"nodeID":"1328357","text":"Asserting","type":"YA","timestamp":"2023-11-09 13:35:25"},{"nodeID":"1328358","text":"we have to stop rich people from abroad from buying up properties as business investments by making it unaffordable to do so","type":"I","timestamp":"2023-11-09 13:35:25"},{"nodeID":"1328359","text":"Mary Bousted: We have to stop that by making it unaffordable to do that","type":"L","timestamp":"2023-11-09 13:35:25"},{"nodeID":"1328360","text":"Analysing","type":"YA","timestamp":"2023-11-09 13:35:25"},{"nodeID":"1328361","text":"Louise: Mary Bousted: We have to stop that by making it unaffordable to do that","type":"L","timestamp":"2023-11-09 13:35:25"},{"nodeID":"1328362","text":"Asserting","type":"YA","timestamp":"2023-11-09 13:35:25"},{"nodeID":"1328363","text":"rich people just buy and use houses and never live there","type":"I","timestamp":"2023-11-09 13:35:26"},{"nodeID":"1328364","text":"Mary Bousted: to just buy and use it and never live there","type":"L","timestamp":"2023-11-09 13:35:26"},{"nodeID":"1328365","text":"Analysing","type":"YA","timestamp":"2023-11-09 13:35:26"},{"nodeID":"1328366","text":"Louise: Mary Bousted: to just buy and use it and never live there","type":"L","timestamp":"2023-11-09 13:35:26"},{"nodeID":"1328367","text":"Asserting","type":"YA","timestamp":"2023-11-09 13:35:26"},{"nodeID":"1328368","text":"Default Rephrase","type":"MA","timestamp":"2023-11-09 13:35:26"},{"nodeID":"1328369","text":"Default Transition","type":"TA","timestamp":"2023-11-09 13:35:26"},{"nodeID":"1328370","text":"Default Transition","type":"TA","timestamp":"2023-11-09 13:35:26"},{"nodeID":"1328371","text":"Restating","type":"YA","timestamp":"2023-11-09 13:35:26"},{"nodeID":"1328372","text":"what we have to absolutely do is what developers do when they are developing is the category for socially-affordable housing","type":"I","timestamp":"2023-11-09 13:35:26"},{"nodeID":"1328373","text":"Mary Bousted: what we have to absolutely do is what developers do when they are developing is the category for socially-affordable housing","type":"L","timestamp":"2023-11-09 13:35:26"},{"nodeID":"1328374","text":"Analysing","type":"YA","timestamp":"2023-11-09 13:35:26"},{"nodeID":"1328375","text":"Louise: Mary Bousted: what we have to absolutely do is what developers do when they are developing is the category for socially-affordable housing","type":"L","timestamp":"2023-11-09 13:35:26"},{"nodeID":"1328376","text":"Asserting","type":"YA","timestamp":"2023-11-09 13:35:26"},{"nodeID":"1328377","text":"Default Inference","type":"RA","timestamp":"2023-11-09 13:35:26"},{"nodeID":"1328378","text":"Default Transition","type":"TA","timestamp":"2023-11-09 13:35:26"},{"nodeID":"1328379","text":"Arguing","type":"YA","timestamp":"2023-11-09 13:35:26"},{"nodeID":"1328380","text":"we need to stop developers not building affordable housing from happening","type":"I","timestamp":"2023-11-09 13:35:27"},{"nodeID":"1328381","text":"Mary Bousted: we need to stop that happening","type":"L","timestamp":"2023-11-09 13:35:27"},{"nodeID":"1328382","text":"Analysing","type":"YA","timestamp":"2023-11-09 13:35:27"},{"nodeID":"1328383","text":"Louise: Mary Bousted: we need to stop that happening","type":"L","timestamp":"2023-11-09 13:35:27"},{"nodeID":"1328384","text":"Asserting","type":"YA","timestamp":"2023-11-09 13:35:27"},{"nodeID":"1328385","text":"we need a Labour Government to have housing as a major commitment","type":"I","timestamp":"2023-11-09 13:35:28"},{"nodeID":"1328386","text":"Mary Bousted: we need a Labour Government to have housing as a major commitment","type":"L","timestamp":"2023-11-09 13:35:28"},{"nodeID":"1328387","text":"Analysing","type":"YA","timestamp":"2023-11-09 13:35:28"},{"nodeID":"1328388","text":"Louise: Mary Bousted: we need a Labour Government to have housing as a major commitment","type":"L","timestamp":"2023-11-09 13:35:28"},{"nodeID":"1328389","text":"Asserting","type":"YA","timestamp":"2023-11-09 13:35:28"},{"nodeID":"1328390","text":"Default Inference","type":"RA","timestamp":"2023-11-09 13:35:28"},{"nodeID":"1328391","text":"Default Transition","type":"TA","timestamp":"2023-11-09 13:35:28"},{"nodeID":"1328392","text":"Arguing","type":"YA","timestamp":"2023-11-09 13:35:28"},{"nodeID":"1328393","text":"we need a Labour Government to allow local authorities to build Council houses which people can rent and live good decent lives in Council housing","type":"I","timestamp":"2023-11-09 13:35:28"},{"nodeID":"1328394","text":"Mary Bousted: to allow local authorities to build Council houses which people can rent and live good decent lives in Council housing","type":"L","timestamp":"2023-11-09 13:35:28"},{"nodeID":"1328395","text":"Analysing","type":"YA","timestamp":"2023-11-09 13:35:28"},{"nodeID":"1328396","text":"Louise: Mary Bousted: to allow local authorities to build Council houses which people can rent and live good decent lives in Council housing","type":"L","timestamp":"2023-11-09 13:35:28"},{"nodeID":"1328397","text":"Asserting","type":"YA","timestamp":"2023-11-09 13:35:28"},{"nodeID":"1328398","text":"Default Inference","type":"RA","timestamp":"2023-11-09 13:35:28"},{"nodeID":"1328399","text":"Default Transition","type":"TA","timestamp":"2023-11-09 13:35:28"},{"nodeID":"1328400","text":"Arguing","type":"YA","timestamp":"2023-11-09 13:35:28"},{"nodeID":"1328401","text":"legislation should or should not be introduced to curb the number of second homes in Devon and Cornwall","type":"I","timestamp":"2023-11-09 13:35:29"},{"nodeID":"1328402","text":"Fiona Bruce: should legislation be introduced to curb the number of second homes in Devon and Cornwall","type":"L","timestamp":"2023-11-09 13:35:29"},{"nodeID":"1328403","text":"Analysing","type":"YA","timestamp":"2023-11-09 13:35:29"},{"nodeID":"1328404","text":"Louise: Fiona Bruce: should legislation be introduced to curb the number of second homes in Devon and Cornwall","type":"L","timestamp":"2023-11-09 13:35:29"},{"nodeID":"1328405","text":"Pure Questioning","type":"YA","timestamp":"2023-11-09 13:35:29"},{"nodeID":"1328406","text":"Default Transition","type":"TA","timestamp":"2023-11-09 13:35:29"},{"nodeID":"1328407","text":"legislation should or should not be introduced to curb the number of second homes in other parts of the country","type":"I","timestamp":"2023-11-09 13:35:29"},{"nodeID":"1328408","text":"Fiona Bruce:  in other parts of the country too","type":"L","timestamp":"2023-11-09 13:35:29"},{"nodeID":"1328409","text":"Analysing","type":"YA","timestamp":"2023-11-09 13:35:29"},{"nodeID":"1328410","text":"Louise: Fiona Bruce:  in other parts of the country too","type":"L","timestamp":"2023-11-09 13:35:29"},{"nodeID":"1328411","text":"Pure Questioning","type":"YA","timestamp":"2023-11-09 13:35:29"},{"nodeID":"1328412","text":"Default Transition","type":"TA","timestamp":"2023-11-09 13:35:29"},{"nodeID":"1328413","text":"Default Rephrase","type":"MA","timestamp":"2023-11-09 13:35:29"},{"nodeID":"1328414","text":"Restating","type":"YA","timestamp":"2023-11-09 13:35:29"},{"nodeID":"1328415","text":"Bim Afolami:  No","type":"L","timestamp":"2023-11-09 13:35:29"},{"nodeID":"1328416","text":"Analysing","type":"YA","timestamp":"2023-11-09 13:35:29"},{"nodeID":"1328417","text":"Louise: Bim Afolami:  No","type":"L","timestamp":"2023-11-09 13:35:29"},{"nodeID":"1328418","text":"Disagreeing","type":"YA","timestamp":"2023-11-09 13:35:29"},{"nodeID":"1328419","text":"Default Transition","type":"TA","timestamp":"2023-11-09 13:35:29"},{"nodeID":"1328420","text":"Bim Afolami does not think we should use legislation to curb the numbers of second homes","type":"I","timestamp":"2023-11-09 13:35:30"},{"nodeID":"1328421","text":"Bim Afolami: I don't think we should use legislation","type":"L","timestamp":"2023-11-09 13:35:30"},{"nodeID":"1328422","text":"Analysing","type":"YA","timestamp":"2023-11-09 13:35:30"},{"nodeID":"1328423","text":"Louise: Bim Afolami: I don't think we should use legislation","type":"L","timestamp":"2023-11-09 13:35:30"},{"nodeID":"1328424","text":"Asserting","type":"YA","timestamp":"2023-11-09 13:35:30"},{"nodeID":"1328425","text":"Default Transition","type":"TA","timestamp":"2023-11-09 13:35:30"},{"nodeID":"1328426","text":"Default Rephrase","type":"MA","timestamp":"2023-11-09 13:35:30"},{"nodeID":"1328427","text":"Default Illocuting","type":"YA","timestamp":"2023-11-09 13:35:30"},{"nodeID":"1328428","text":"local councils should be allowed to take more action in areas where second homes are a big problem","type":"I","timestamp":"2023-11-09 13:35:30"},{"nodeID":"1328429","text":"Bim Afolami: Your local councils should be allowed to take more action in areas where it's a big problem as it is here","type":"L","timestamp":"2023-11-09 13:35:30"},{"nodeID":"1328430","text":"Analysing","type":"YA","timestamp":"2023-11-09 13:35:31"},{"nodeID":"1328431","text":"Louise: Bim Afolami: Your local councils should be allowed to take more action in areas where it's a big problem as it is here","type":"L","timestamp":"2023-11-09 13:35:31"},{"nodeID":"1328432","text":"Asserting","type":"YA","timestamp":"2023-11-09 13:35:31"},{"nodeID":"1328433","text":"Default Transition","type":"TA","timestamp":"2023-11-09 13:35:31"},{"nodeID":"1328434","text":"Default Inference","type":"RA","timestamp":"2023-11-09 13:35:31"},{"nodeID":"1328435","text":"Arguing","type":"YA","timestamp":"2023-11-09 13:35:31"},{"nodeID":"1328436","text":"there are a couple of things we can do to curb the number of second homes","type":"I","timestamp":"2023-11-09 13:35:31"},{"nodeID":"1328437","text":"Bim Afolami: there are a couple of things we can do","type":"L","timestamp":"2023-11-09 13:35:31"},{"nodeID":"1328438","text":"Analysing","type":"YA","timestamp":"2023-11-09 13:35:31"},{"nodeID":"1328439","text":"Louise: Bim Afolami: there are a couple of things we can do","type":"L","timestamp":"2023-11-09 13:35:31"},{"nodeID":"1328440","text":"Asserting","type":"YA","timestamp":"2023-11-09 13:35:31"},{"nodeID":"1328441","text":"Default Transition","type":"TA","timestamp":"2023-11-09 13:35:31"},{"nodeID":"1328442","text":"we could increase the taxes on people having second homes to reduce the incentive for people to do that and put that money directly into building more affordable housing or social housing in the local area","type":"I","timestamp":"2023-11-09 13:35:32"},{"nodeID":"1328443","text":"Bim Afolami: we could increase the taxes on people having be second homes to reduce the incentive for people to do that and put that money directly into building more affordable housing or social housing in the local area","type":"L","timestamp":"2023-11-09 13:35:32"},{"nodeID":"1328444","text":"Analysing","type":"YA","timestamp":"2023-11-09 13:35:32"},{"nodeID":"1328445","text":"Louise: Bim Afolami: we could increase the taxes on people having be second homes to reduce the incentive for people to do that and put that money directly into building more affordable housing or social housing in the local area","type":"L","timestamp":"2023-11-09 13:35:32"},{"nodeID":"1328446","text":"Asserting","type":"YA","timestamp":"2023-11-09 13:35:32"},{"nodeID":"1328447","text":"Default Transition","type":"TA","timestamp":"2023-11-09 13:35:32"},{"nodeID":"1328448","text":"Default Inference","type":"RA","timestamp":"2023-11-09 13:35:32"},{"nodeID":"1328449","text":"Arguing","type":"YA","timestamp":"2023-11-09 13:35:32"},{"nodeID":"1328450","text":"developers say they are going to build so many socially affordable houses","type":"I","timestamp":"2023-11-09 13:35:32"},{"nodeID":"1328451","text":"Mary Bousted: they say they are going to build so many socially affordable houses","type":"L","timestamp":"2023-11-09 13:35:32"},{"nodeID":"1328452","text":"Analysing","type":"YA","timestamp":"2023-11-09 13:35:32"},{"nodeID":"1328453","text":"Louise: Mary Bousted: they say they are going to build so many socially affordable houses","type":"L","timestamp":"2023-11-09 13:35:32"},{"nodeID":"1328454","text":"Asserting","type":"YA","timestamp":"2023-11-09 13:35:32"},{"nodeID":"1328455","text":"Default Inference","type":"RA","timestamp":"2023-11-09 13:35:32"},{"nodeID":"1328456","text":"Default Transition","type":"TA","timestamp":"2023-11-09 13:35:32"},{"nodeID":"1328457","text":"the developed houses are not affordable and then the developers pay back to the Council the money that you know","type":"I","timestamp":"2023-11-09 13:35:33"},{"nodeID":"1328458","text":"Mary Bousted: they are not affordable and then they pay back to the Council the money that you know","type":"L","timestamp":"2023-11-09 13:35:33"},{"nodeID":"1328459","text":"Analysing","type":"YA","timestamp":"2023-11-09 13:35:33"},{"nodeID":"1328460","text":"Louise: Mary Bousted: they are not affordable and then they pay back to the Council the money that you know","type":"L","timestamp":"2023-11-09 13:35:33"},{"nodeID":"1328461","text":"Asserting","type":"YA","timestamp":"2023-11-09 13:35:33"},{"nodeID":"1328462","text":"Default Transition","type":"TA","timestamp":"2023-11-09 13:35:33"},{"nodeID":"1328463","text":"Arguing","type":"YA","timestamp":"2023-11-09 13:35:33"},{"nodeID":"1328464","text":"Default Transition","type":"TA","timestamp":"2023-11-09 13:35:33"},{"nodeID":"1328465","text":"Default Inference","type":"RA","timestamp":"2023-11-09 13:35:33"},{"nodeID":"1328466","text":"Arguing","type":"YA","timestamp":"2023-11-09 13:35:33"}],"edges":[{"edgeID":"1742557","fromID":"1328355","toID":"1328354","formEdgeID":null},{"edgeID":"1742558","fromID":"1328356","toID":"1328355","formEdgeID":null},{"edgeID":"1742559","fromID":"1328354","toID":"1328357","formEdgeID":null},{"edgeID":"1742560","fromID":"1328357","toID":"257184","formEdgeID":null},{"edgeID":"1742561","fromID":"1328360","toID":"1328359","formEdgeID":null},{"edgeID":"1742562","fromID":"1328361","toID":"1328360","formEdgeID":null},{"edgeID":"1742563","fromID":"1328359","toID":"1328362","formEdgeID":null},{"edgeID":"1742564","fromID":"1328362","toID":"1328358","formEdgeID":null},{"edgeID":"1742565","fromID":"1328365","toID":"1328364","formEdgeID":null},{"edgeID":"1742566","fromID":"1328366","toID":"1328365","formEdgeID":null},{"edgeID":"1742567","fromID":"1328364","toID":"1328367","formEdgeID":null},{"edgeID":"1742568","fromID":"1328367","toID":"1328363","formEdgeID":null},{"edgeID":"1742569","fromID":"1328363","toID":"1328368","formEdgeID":null},{"edgeID":"1742570","fromID":"1328368","toID":"1328358","formEdgeID":null},{"edgeID":"1742571","fromID":"1328354","toID":"1328369","formEdgeID":null},{"edgeID":"1742572","fromID":"1328369","toID":"1328359","formEdgeID":null},{"edgeID":"1742573","fromID":"1328359","toID":"1328370","formEdgeID":null},{"edgeID":"1742574","fromID":"1328370","toID":"1328364","formEdgeID":null},{"edgeID":"1742575","fromID":"1328370","toID":"1328371","formEdgeID":null},{"edgeID":"1742576","fromID":"1328371","toID":"1328368","formEdgeID":null},{"edgeID":"1742577","fromID":"1328374","toID":"1328373","formEdgeID":null},{"edgeID":"1742578","fromID":"1328375","toID":"1328374","formEdgeID":null},{"edgeID":"1742579","fromID":"1328373","toID":"1328376","formEdgeID":null},{"edgeID":"1742580","fromID":"1328376","toID":"1328372","formEdgeID":null},{"edgeID":"1742581","fromID":"1328372","toID":"1328377","formEdgeID":null},{"edgeID":"1742582","fromID":"1328377","toID":"257184","formEdgeID":null},{"edgeID":"1742583","fromID":"1328358","toID":"1328377","formEdgeID":null},{"edgeID":"1742584","fromID":"1328354","toID":"1328378","formEdgeID":null},{"edgeID":"1742585","fromID":"1328378","toID":"1328373","formEdgeID":null},{"edgeID":"1742586","fromID":"1328378","toID":"1328379","formEdgeID":null},{"edgeID":"1742587","fromID":"1328379","toID":"1328377","formEdgeID":null},{"edgeID":"1742588","fromID":"1328382","toID":"1328381","formEdgeID":null},{"edgeID":"1742589","fromID":"1328383","toID":"1328382","formEdgeID":null},{"edgeID":"1742590","fromID":"1328381","toID":"1328384","formEdgeID":null},{"edgeID":"1742591","fromID":"1328384","toID":"1328380","formEdgeID":null},{"edgeID":"1742592","fromID":"1328387","toID":"1328386","formEdgeID":null},{"edgeID":"1742593","fromID":"1328388","toID":"1328387","formEdgeID":null},{"edgeID":"1742594","fromID":"1328386","toID":"1328389","formEdgeID":null},{"edgeID":"1742595","fromID":"1328389","toID":"1328385","formEdgeID":null},{"edgeID":"1742596","fromID":"1328380","toID":"1328390","formEdgeID":null},{"edgeID":"1742597","fromID":"1328390","toID":"1328385","formEdgeID":null},{"edgeID":"1742598","fromID":"1328381","toID":"1328391","formEdgeID":null},{"edgeID":"1742599","fromID":"1328391","toID":"1328386","formEdgeID":null},{"edgeID":"1742600","fromID":"1328391","toID":"1328392","formEdgeID":null},{"edgeID":"1742601","fromID":"1328392","toID":"1328390","formEdgeID":null},{"edgeID":"1742602","fromID":"1328395","toID":"1328394","formEdgeID":null},{"edgeID":"1742603","fromID":"1328396","toID":"1328395","formEdgeID":null},{"edgeID":"1742604","fromID":"1328394","toID":"1328397","formEdgeID":null},{"edgeID":"1742605","fromID":"1328397","toID":"1328393","formEdgeID":null},{"edgeID":"1742606","fromID":"1328380","toID":"1328398","formEdgeID":null},{"edgeID":"1742607","fromID":"1328398","toID":"1328393","formEdgeID":null},{"edgeID":"1742608","fromID":"1328381","toID":"1328399","formEdgeID":null},{"edgeID":"1742609","fromID":"1328399","toID":"1328394","formEdgeID":null},{"edgeID":"1742610","fromID":"1328399","toID":"1328400","formEdgeID":null},{"edgeID":"1742611","fromID":"1328400","toID":"1328398","formEdgeID":null},{"edgeID":"1742612","fromID":"1328403","toID":"1328402","formEdgeID":null},{"edgeID":"1742613","fromID":"1328404","toID":"1328403","formEdgeID":null},{"edgeID":"1742614","fromID":"1328402","toID":"1328405","formEdgeID":null},{"edgeID":"1742615","fromID":"1328405","toID":"1328401","formEdgeID":null},{"edgeID":"1742616","fromID":"1328394","toID":"1328406","formEdgeID":null},{"edgeID":"1742617","fromID":"1328406","toID":"1328402","formEdgeID":null},{"edgeID":"1742618","fromID":"1328409","toID":"1328408","formEdgeID":null},{"edgeID":"1742619","fromID":"1328410","toID":"1328409","formEdgeID":null},{"edgeID":"1742620","fromID":"1328408","toID":"1328411","formEdgeID":null},{"edgeID":"1742621","fromID":"1328411","toID":"1328407","formEdgeID":null},{"edgeID":"1742622","fromID":"1328402","toID":"1328412","formEdgeID":null},{"edgeID":"1742623","fromID":"1328412","toID":"1328408","formEdgeID":null},{"edgeID":"1742624","fromID":"1328407","toID":"1328413","formEdgeID":null},{"edgeID":"1742625","fromID":"1328413","toID":"1328401","formEdgeID":null},{"edgeID":"1742626","fromID":"1328412","toID":"1328414","formEdgeID":null},{"edgeID":"1742627","fromID":"1328414","toID":"1328413","formEdgeID":null},{"edgeID":"1742628","fromID":"1328416","toID":"1328415","formEdgeID":null},{"edgeID":"1742629","fromID":"1328417","toID":"1328416","formEdgeID":null},{"edgeID":"1742630","fromID":"1328415","toID":"1328418","formEdgeID":null},{"edgeID":"1742631","fromID":"1328418","toID":"1328407","formEdgeID":null},{"edgeID":"1742632","fromID":"1328408","toID":"1328419","formEdgeID":null},{"edgeID":"1742633","fromID":"1328419","toID":"1328415","formEdgeID":null},{"edgeID":"1742634","fromID":"1328422","toID":"1328421","formEdgeID":null},{"edgeID":"1742635","fromID":"1328423","toID":"1328422","formEdgeID":null},{"edgeID":"1742636","fromID":"1328421","toID":"1328424","formEdgeID":null},{"edgeID":"1742637","fromID":"1328424","toID":"1328420","formEdgeID":null},{"edgeID":"1742638","fromID":"1328415","toID":"1328425","formEdgeID":null},{"edgeID":"1742639","fromID":"1328425","toID":"1328421","formEdgeID":null},{"edgeID":"1742640","fromID":"1328420","toID":"1328426","formEdgeID":null},{"edgeID":"1742641","fromID":"1328426","toID":"1328407","formEdgeID":null},{"edgeID":"1742642","fromID":"1328425","toID":"1328427","formEdgeID":null},{"edgeID":"1742643","fromID":"1328427","toID":"1328426","formEdgeID":null},{"edgeID":"1742644","fromID":"1328430","toID":"1328429","formEdgeID":null},{"edgeID":"1742645","fromID":"1328431","toID":"1328430","formEdgeID":null},{"edgeID":"1742646","fromID":"1328429","toID":"1328432","formEdgeID":null},{"edgeID":"1742647","fromID":"1328432","toID":"1328428","formEdgeID":null},{"edgeID":"1742648","fromID":"1328421","toID":"1328433","formEdgeID":null},{"edgeID":"1742649","fromID":"1328433","toID":"1328429","formEdgeID":null},{"edgeID":"1742650","fromID":"1328428","toID":"1328434","formEdgeID":null},{"edgeID":"1742651","fromID":"1328434","toID":"1328420","formEdgeID":null},{"edgeID":"1742652","fromID":"1328433","toID":"1328435","formEdgeID":null},{"edgeID":"1742653","fromID":"1328435","toID":"1328434","formEdgeID":null},{"edgeID":"1742654","fromID":"1328438","toID":"1328437","formEdgeID":null},{"edgeID":"1742655","fromID":"1328439","toID":"1328438","formEdgeID":null},{"edgeID":"1742656","fromID":"1328437","toID":"1328440","formEdgeID":null},{"edgeID":"1742657","fromID":"1328440","toID":"1328436","formEdgeID":null},{"edgeID":"1742658","fromID":"1328429","toID":"1328441","formEdgeID":null},{"edgeID":"1742659","fromID":"1328441","toID":"1328437","formEdgeID":null},{"edgeID":"1742660","fromID":"1328444","toID":"1328443","formEdgeID":null},{"edgeID":"1742661","fromID":"1328445","toID":"1328444","formEdgeID":null},{"edgeID":"1742662","fromID":"1328443","toID":"1328446","formEdgeID":null},{"edgeID":"1742663","fromID":"1328446","toID":"1328442","formEdgeID":null},{"edgeID":"1742664","fromID":"1328437","toID":"1328447","formEdgeID":null},{"edgeID":"1742665","fromID":"1328447","toID":"1328443","formEdgeID":null},{"edgeID":"1742666","fromID":"1328442","toID":"1328448","formEdgeID":null},{"edgeID":"1742667","fromID":"1328448","toID":"1328436","formEdgeID":null},{"edgeID":"1742668","fromID":"1328447","toID":"1328449","formEdgeID":null},{"edgeID":"1742669","fromID":"1328449","toID":"1328448","formEdgeID":null},{"edgeID":"1742670","fromID":"1328452","toID":"1328451","formEdgeID":null},{"edgeID":"1742671","fromID":"1328453","toID":"1328452","formEdgeID":null},{"edgeID":"1742672","fromID":"1328451","toID":"1328454","formEdgeID":null},{"edgeID":"1742673","fromID":"1328454","toID":"1328450","formEdgeID":null},{"edgeID":"1742674","fromID":"1328450","toID":"1328455","formEdgeID":null},{"edgeID":"1742675","fromID":"1328455","toID":"1328372","formEdgeID":null},{"edgeID":"1742676","fromID":"1328373","toID":"1328456","formEdgeID":null},{"edgeID":"1742677","fromID":"1328456","toID":"1328451","formEdgeID":null},{"edgeID":"1742678","fromID":"1328459","toID":"1328458","formEdgeID":null},{"edgeID":"1742679","fromID":"1328460","toID":"1328459","formEdgeID":null},{"edgeID":"1742680","fromID":"1328458","toID":"1328461","formEdgeID":null},{"edgeID":"1742681","fromID":"1328461","toID":"1328457","formEdgeID":null},{"edgeID":"1742682","fromID":"1328457","toID":"1328455","formEdgeID":null},{"edgeID":"1742683","fromID":"1328373","toID":"1328462","formEdgeID":null},{"edgeID":"1742684","fromID":"1328462","toID":"1328458","formEdgeID":null},{"edgeID":"1742685","fromID":"1328462","toID":"1328463","formEdgeID":null},{"edgeID":"1742686","fromID":"1328463","toID":"1328455","formEdgeID":null},{"edgeID":"1742687","fromID":"1328458","toID":"1328464","formEdgeID":null},{"edgeID":"1742688","fromID":"1328464","toID":"1328381","formEdgeID":null},{"edgeID":"1742689","fromID":"1328380","toID":"1328465","formEdgeID":null},{"edgeID":"1742690","fromID":"1328465","toID":"1328457","formEdgeID":null},{"edgeID":"1742691","fromID":"1328464","toID":"1328466","formEdgeID":null},{"edgeID":"1742692","fromID":"1328466","toID":"1328465","formEdgeID":null}],"locutions":[]}