{"nodes":[{"nodeID":"1329109","text":"Bim Afolami is very worried about the prospect for the next generation in terms of home ownership, and in terms of getting on in life","type":"I","timestamp":"2023-11-09 13:36:25"},{"nodeID":"1329110","text":"Bim Afolami: I'm very worried about the prospect for the next generation in terms of home ownership, and in terms of getting on in life","type":"L","timestamp":"2023-11-09 13:36:25"},{"nodeID":"1329111","text":"Analysing","type":"YA","timestamp":"2023-11-09 13:36:25"},{"nodeID":"1329112","text":"Amelie: Bim Afolami: I'm very worried about the prospect for the next generation in terms of home ownership, and in terms of getting on in life","type":"L","timestamp":"2023-11-09 13:36:25"},{"nodeID":"1329113","text":"Asserting","type":"YA","timestamp":"2023-11-09 13:36:25"},{"nodeID":"1329114","text":"if you compare home ownership levels of younger people under 35 now, compared to 30 years ago, they are significantly down on where they used to be","type":"I","timestamp":"2023-11-09 13:36:26"},{"nodeID":"1329115","text":"Bim Afolami: if you compare home ownership levels of younger people say under 35 now, compared to say 30 years ago, they are significantly down on where they used to be","type":"L","timestamp":"2023-11-09 13:36:26"},{"nodeID":"1329116","text":"Analysing","type":"YA","timestamp":"2023-11-09 13:36:26"},{"nodeID":"1329117","text":"Amelie: Bim Afolami: if you compare home ownership levels of younger people say under 35 now, compared to say 30 years ago, they are significantly down on where they used to be","type":"L","timestamp":"2023-11-09 13:36:26"},{"nodeID":"1329118","text":"Asserting","type":"YA","timestamp":"2023-11-09 13:36:26"},{"nodeID":"1329119","text":"low home ownership levels are a real social problem that will grow over time","type":"I","timestamp":"2023-11-09 13:36:27"},{"nodeID":"1329120","text":"Bim Afolami: that is a real social problem that will grow over time","type":"L","timestamp":"2023-11-09 13:36:27"},{"nodeID":"1329121","text":"Analysing","type":"YA","timestamp":"2023-11-09 13:36:27"},{"nodeID":"1329122","text":"Amelie: Bim Afolami: that is a real social problem that will grow over time","type":"L","timestamp":"2023-11-09 13:36:27"},{"nodeID":"1329123","text":"Asserting","type":"YA","timestamp":"2023-11-09 13:36:27"},{"nodeID":"1329124","text":"we need much more focus not just in the Conservative Party but across the political spectrum on the issue of home ownership","type":"I","timestamp":"2023-11-09 13:36:27"},{"nodeID":"1329125","text":"Bim Afolami: we need much more focus not just in the Conservative Party but across the political spectrum on that issue","type":"L","timestamp":"2023-11-09 13:36:27"},{"nodeID":"1329126","text":"Analysing","type":"YA","timestamp":"2023-11-09 13:36:27"},{"nodeID":"1329127","text":"Amelie: Bim Afolami: we need much more focus not just in the Conservative Party but across the political spectrum on that issue","type":"L","timestamp":"2023-11-09 13:36:27"},{"nodeID":"1329128","text":"Asserting","type":"YA","timestamp":"2023-11-09 13:36:27"},{"nodeID":"1329129","text":"we need to make sure that our homes are fit for purpose","type":"I","timestamp":"2023-11-09 13:36:28"},{"nodeID":"1329130","text":"Bim Afolami: we need to make sure that our homes are fit for purpose","type":"L","timestamp":"2023-11-09 13:36:28"},{"nodeID":"1329131","text":"Analysing","type":"YA","timestamp":"2023-11-09 13:36:28"},{"nodeID":"1329132","text":"Amelie: Bim Afolami: we need to make sure that our homes are fit for purpose","type":"L","timestamp":"2023-11-09 13:36:28"},{"nodeID":"1329133","text":"Asserting","type":"YA","timestamp":"2023-11-09 13:36:28"},{"nodeID":"1329134","text":"Default Inference","type":"RA","timestamp":"2023-11-09 13:36:28"},{"nodeID":"1329135","text":"Default Transition","type":"TA","timestamp":"2023-11-09 13:36:28"},{"nodeID":"1329136","text":"Arguing","type":"YA","timestamp":"2023-11-09 13:36:28"},{"nodeID":"1329137","text":"Default Transition","type":"TA","timestamp":"2023-11-09 13:36:28"},{"nodeID":"1329138","text":"Default Inference","type":"RA","timestamp":"2023-11-09 13:36:28"},{"nodeID":"1329139","text":"Default Transition","type":"TA","timestamp":"2023-11-09 13:36:28"},{"nodeID":"1329140","text":"Arguing","type":"YA","timestamp":"2023-11-09 13:36:28"},{"nodeID":"1329141","text":"Mary Bousted wants a Labour Government","type":"I","timestamp":"2023-11-09 13:36:28"},{"nodeID":"1329142","text":"Chris Bryant: Mary said she wanted a Labour Government","type":"L","timestamp":"2023-11-09 13:36:28"},{"nodeID":"1329143","text":"Analysing","type":"YA","timestamp":"2023-11-09 13:36:28"},{"nodeID":"1329144","text":"Amelie: Chris Bryant: Mary said she wanted a Labour Government","type":"L","timestamp":"2023-11-09 13:36:28"},{"nodeID":"1329145","text":"Mary Bousted: I want a Labour Government","type":"L","timestamp":"2023-11-09 13:36:28"},{"nodeID":"1329146","text":"Analysing","type":"YA","timestamp":"2023-11-09 13:36:28"},{"nodeID":"1329147","text":"Amelie: Mary Bousted: Mary said she wanted a Labour Government","type":"L","timestamp":"2023-11-09 13:36:28"},{"nodeID":"1329148","text":"Asserting","type":"YA","timestamp":"2023-11-09 13:36:28"},{"nodeID":"1329149","text":"Asserting","type":"YA","timestamp":"2023-11-09 13:36:28"},{"nodeID":"1329150","text":"Default Inference","type":"RA","timestamp":"2023-11-09 13:36:28"},{"nodeID":"1329151","text":"Arguing","type":"YA","timestamp":"2023-11-09 13:36:28"},{"nodeID":"1329152","text":"Mary Bousted wants a government to build Council houses","type":"I","timestamp":"2023-11-09 13:36:29"},{"nodeID":"1329153","text":"Mary Bousted: Government to build Council houses","type":"L","timestamp":"2023-11-09 13:36:29"},{"nodeID":"1329154","text":"Analysing","type":"YA","timestamp":"2023-11-09 13:36:29"},{"nodeID":"1329155","text":"Amelie: Mary Bousted: Government to build Council houses","type":"L","timestamp":"2023-11-09 13:36:29"},{"nodeID":"1329156","text":"Asserting","type":"YA","timestamp":"2023-11-09 13:36:29"},{"nodeID":"1329157","text":"Chris Bryant is an MP for Rhondda","type":"I","timestamp":"2023-11-09 13:36:30"},{"nodeID":"1329158","text":"Fiona Bruce: You are an MP for Rhondda","type":"L","timestamp":"2023-11-09 13:36:30"},{"nodeID":"1329159","text":"Analysing","type":"YA","timestamp":"2023-11-09 13:36:30"},{"nodeID":"1329160","text":"Amelie: Fiona Bruce: You are an MP for Rhondda","type":"L","timestamp":"2023-11-09 13:36:30"},{"nodeID":"1329161","text":"Asserting","type":"YA","timestamp":"2023-11-09 13:36:30"},{"nodeID":"1329162","text":"Wales is taking action","type":"I","timestamp":"2023-11-09 13:36:30"},{"nodeID":"1329163","text":"Fiona Bruce: Wales is taking action","type":"L","timestamp":"2023-11-09 13:36:30"},{"nodeID":"1329164","text":"Analysing","type":"YA","timestamp":"2023-11-09 13:36:30"},{"nodeID":"1329165","text":"Amelie: Fiona Bruce: Wales is taking action","type":"L","timestamp":"2023-11-09 13:36:30"},{"nodeID":"1329166","text":"Assertive Questioning","type":"YA","timestamp":"2023-11-09 13:36:30"},{"nodeID":"1329167","text":"Default Transition","type":"TA","timestamp":"2023-11-09 13:36:30"},{"nodeID":"1329168","text":"Default Transition","type":"TA","timestamp":"2023-11-09 13:36:30"},{"nodeID":"1329169","text":"Default Transition","type":"TA","timestamp":"2023-11-09 13:36:30"},{"nodeID":"1329170","text":"Default Transition","type":"TA","timestamp":"2023-11-09 13:36:30"},{"nodeID":"1329171","text":"Wales is building council houses","type":"I","timestamp":"2023-11-09 13:36:31"},{"nodeID":"1329172","text":"Chris Bryant: Wales is in precisely this way","type":"L","timestamp":"2023-11-09 13:36:31"},{"nodeID":"1329173","text":"Analysing","type":"YA","timestamp":"2023-11-09 13:36:31"},{"nodeID":"1329174","text":"Amelie: Chris Bryant: Wales is in precisely this way","type":"L","timestamp":"2023-11-09 13:36:31"},{"nodeID":"1329175","text":"Asserting","type":"YA","timestamp":"2023-11-09 13:36:31"},{"nodeID":"1329176","text":"Default Transition","type":"TA","timestamp":"2023-11-09 13:36:31"},{"nodeID":"1329177","text":"Default Rephrase","type":"MA","timestamp":"2023-11-09 13:36:31"},{"nodeID":"1329178","text":"Restating","type":"YA","timestamp":"2023-11-09 13:36:31"},{"nodeID":"1329179","text":"too many decisions are made in London and the south east affecting the whole of the rest of the country","type":"I","timestamp":"2023-11-09 13:36:31"},{"nodeID":"1329180","text":"Chris Bryant: too many decisions are made in London and the south east affecting the whole of the rest of the country","type":"L","timestamp":"2023-11-09 13:36:31"},{"nodeID":"1329181","text":"Analysing","type":"YA","timestamp":"2023-11-09 13:36:31"},{"nodeID":"1329182","text":"Amelie: Chris Bryant: too many decisions are made in London and the south east affecting the whole of the rest of the country","type":"L","timestamp":"2023-11-09 13:36:31"},{"nodeID":"1329183","text":"Asserting","type":"YA","timestamp":"2023-11-09 13:36:31"},{"nodeID":"1329184","text":"we need far more devolution across the whole of the country so that more decisions are made closure to the people they most affect","type":"I","timestamp":"2023-11-09 13:36:32"},{"nodeID":"1329185","text":"Chris Bryant: We need far more devolution across the whole of the country so that more decisions are made closure to the people they most affect","type":"L","timestamp":"2023-11-09 13:36:32"},{"nodeID":"1329186","text":"Analysing","type":"YA","timestamp":"2023-11-09 13:36:32"},{"nodeID":"1329187","text":"Amelie: Chris Bryant: We need far more devolution across the whole of the country so that more decisions are made closure to the people they most affect","type":"L","timestamp":"2023-11-09 13:36:32"},{"nodeID":"1329188","text":"Asserting","type":"YA","timestamp":"2023-11-09 13:36:32"},{"nodeID":"1329189","text":"Default Inference","type":"RA","timestamp":"2023-11-09 13:36:32"},{"nodeID":"1329190","text":"Default Transition","type":"TA","timestamp":"2023-11-09 13:36:32"},{"nodeID":"1329191","text":"Arguing","type":"YA","timestamp":"2023-11-09 13:36:32"},{"nodeID":"1329192","text":"Default Transition","type":"TA","timestamp":"2023-11-09 13:36:32"},{"nodeID":"1329193","text":"Default Conflict","type":"CA","timestamp":"2023-11-09 13:36:32"},{"nodeID":"1329194","text":"Disagreeing","type":"YA","timestamp":"2023-11-09 13:36:32"},{"nodeID":"1329195","text":"Bim Afolami: I support","type":"L","timestamp":"2023-11-09 13:36:32"},{"nodeID":"1329196","text":"Kamila: Bim Afolami: I support","type":"L","timestamp":"2023-11-09 13:36:32"},{"nodeID":"1329197","text":"Analysing","type":"YA","timestamp":"2023-11-09 13:36:32"},{"nodeID":"1329198","text":"in terms of building more homes and building attractive homes, and homes that are eco, and environmentally-friendly, and have the insulation, and that sort of modern materials that can last for the long-term","type":"I","timestamp":"2023-11-09 13:36:33"},{"nodeID":"1329199","text":"Bim Afolami: Olivia said in terms of building more homes and building attractive homes, and homes that are eco, and environmentally-friendly, and have the insulation, and that sort of modern materials that can last for the long-term","type":"L","timestamp":"2023-11-09 13:36:33"},{"nodeID":"1329200","text":"Analysing","type":"YA","timestamp":"2023-11-09 13:36:33"},{"nodeID":"1329201","text":"Kamila: Bim Afolami: Olivia said in terms of building more homes and building attractive homes, and homes that are eco, and environmentally-friendly, and have the insulation, and that sort of modern materials that can last for the long-term","type":"L","timestamp":"2023-11-09 13:36:33"},{"nodeID":"1329202","text":"Kamila: Olivia Utley: Olivia said in terms of building more homes and building attractive homes, and homes that are eco, and environmentally-friendly, and have the insulation, and that sort of modern materials that can last for the long-term","type":"L","timestamp":"2023-11-09 13:36:33"},{"nodeID":"1329203","text":"Asserting","type":"YA","timestamp":"2023-11-09 13:36:33"},{"nodeID":"1329204","text":"Olivia Utley: in terms of building more homes and building attractive homes, and homes that are eco, and environmentally-friendly, and have the insulation, and that sort of modern materials that can last for the long-term","type":"L","timestamp":"2023-11-09 13:36:33"},{"nodeID":"1329205","text":"Analysing","type":"YA","timestamp":"2023-11-09 13:36:33"},{"nodeID":"1329206","text":"Asserting","type":"YA","timestamp":"2023-11-09 13:36:33"},{"nodeID":"1329207","text":"Default Transition","type":"TA","timestamp":"2023-11-09 13:36:33"},{"nodeID":"1329208","text":"Default Transition","type":"TA","timestamp":"2023-11-09 13:36:33"},{"nodeID":"1329209","text":"Default Transition","type":"TA","timestamp":"2023-11-09 13:36:33"},{"nodeID":"1329210","text":"Agreeing","type":"YA","timestamp":"2023-11-09 13:36:33"}],"edges":[{"edgeID":"1743452","fromID":"1329111","toID":"1329110","formEdgeID":null},{"edgeID":"1743453","fromID":"1329112","toID":"1329111","formEdgeID":null},{"edgeID":"1743454","fromID":"1329110","toID":"1329113","formEdgeID":null},{"edgeID":"1743455","fromID":"1329113","toID":"1329109","formEdgeID":null},{"edgeID":"1743456","fromID":"1329116","toID":"1329115","formEdgeID":null},{"edgeID":"1743457","fromID":"1329117","toID":"1329116","formEdgeID":null},{"edgeID":"1743458","fromID":"1329115","toID":"1329118","formEdgeID":null},{"edgeID":"1743459","fromID":"1329118","toID":"1329114","formEdgeID":null},{"edgeID":"1743460","fromID":"1329121","toID":"1329120","formEdgeID":null},{"edgeID":"1743461","fromID":"1329122","toID":"1329121","formEdgeID":null},{"edgeID":"1743462","fromID":"1329120","toID":"1329123","formEdgeID":null},{"edgeID":"1743463","fromID":"1329123","toID":"1329119","formEdgeID":null},{"edgeID":"1743464","fromID":"1329126","toID":"1329125","formEdgeID":null},{"edgeID":"1743465","fromID":"1329127","toID":"1329126","formEdgeID":null},{"edgeID":"1743466","fromID":"1329125","toID":"1329128","formEdgeID":null},{"edgeID":"1743467","fromID":"1329128","toID":"1329124","formEdgeID":null},{"edgeID":"1743468","fromID":"1329131","toID":"1329130","formEdgeID":null},{"edgeID":"1743469","fromID":"1329132","toID":"1329131","formEdgeID":null},{"edgeID":"1743470","fromID":"1329130","toID":"1329133","formEdgeID":null},{"edgeID":"1743471","fromID":"1329133","toID":"1329129","formEdgeID":null},{"edgeID":"1743472","fromID":"1329114","toID":"1329134","formEdgeID":null},{"edgeID":"1743473","fromID":"1329134","toID":"1329109","formEdgeID":null},{"edgeID":"1743474","fromID":"1329115","toID":"1329135","formEdgeID":null},{"edgeID":"1743475","fromID":"1329135","toID":"1329110","formEdgeID":null},{"edgeID":"1743476","fromID":"1329135","toID":"1329136","formEdgeID":null},{"edgeID":"1743477","fromID":"1329136","toID":"1329134","formEdgeID":null},{"edgeID":"1743478","fromID":"1329115","toID":"1329137","formEdgeID":null},{"edgeID":"1743479","fromID":"1329137","toID":"1329120","formEdgeID":null},{"edgeID":"1743480","fromID":"1329119","toID":"1329138","formEdgeID":null},{"edgeID":"1743481","fromID":"1329138","toID":"1329124","formEdgeID":null},{"edgeID":"1743482","fromID":"1329120","toID":"1329139","formEdgeID":null},{"edgeID":"1743483","fromID":"1329139","toID":"1329125","formEdgeID":null},{"edgeID":"1743484","fromID":"1329139","toID":"1329140","formEdgeID":null},{"edgeID":"1743485","fromID":"1329140","toID":"1329138","formEdgeID":null},{"edgeID":"1743486","fromID":"1329143","toID":"1329142","formEdgeID":null},{"edgeID":"1743487","fromID":"1329144","toID":"1329143","formEdgeID":null},{"edgeID":"1743488","fromID":"1329146","toID":"1329145","formEdgeID":null},{"edgeID":"1743489","fromID":"1329147","toID":"1329146","formEdgeID":null},{"edgeID":"1743490","fromID":"1329145","toID":"1329148","formEdgeID":null},{"edgeID":"1743491","fromID":"1329148","toID":"1329141","formEdgeID":null},{"edgeID":"1743492","fromID":"1329142","toID":"1329149","formEdgeID":null},{"edgeID":"1743493","fromID":"1329149","toID":"1329145","formEdgeID":null},{"edgeID":"1743494","fromID":"1329114","toID":"1329150","formEdgeID":null},{"edgeID":"1743495","fromID":"1329150","toID":"1329119","formEdgeID":null},{"edgeID":"1743496","fromID":"1329137","toID":"1329151","formEdgeID":null},{"edgeID":"1743497","fromID":"1329151","toID":"1329150","formEdgeID":null},{"edgeID":"1743498","fromID":"1329154","toID":"1329153","formEdgeID":null},{"edgeID":"1743499","fromID":"1329155","toID":"1329154","formEdgeID":null},{"edgeID":"1743500","fromID":"1329153","toID":"1329156","formEdgeID":null},{"edgeID":"1743501","fromID":"1329156","toID":"1329152","formEdgeID":null},{"edgeID":"1743502","fromID":"1329159","toID":"1329158","formEdgeID":null},{"edgeID":"1743503","fromID":"1329160","toID":"1329159","formEdgeID":null},{"edgeID":"1743504","fromID":"1329158","toID":"1329161","formEdgeID":null},{"edgeID":"1743505","fromID":"1329161","toID":"1329157","formEdgeID":null},{"edgeID":"1743506","fromID":"1329164","toID":"1329163","formEdgeID":null},{"edgeID":"1743507","fromID":"1329165","toID":"1329164","formEdgeID":null},{"edgeID":"1743508","fromID":"1329163","toID":"1329166","formEdgeID":null},{"edgeID":"1743509","fromID":"1329166","toID":"1329162","formEdgeID":null},{"edgeID":"1743510","fromID":"1329158","toID":"1329167","formEdgeID":null},{"edgeID":"1743511","fromID":"1329167","toID":"1329163","formEdgeID":null},{"edgeID":"1743512","fromID":"1329130","toID":"1329168","formEdgeID":null},{"edgeID":"1743513","fromID":"1329168","toID":"1329142","formEdgeID":null},{"edgeID":"1743514","fromID":"1329142","toID":"1329169","formEdgeID":null},{"edgeID":"1743515","fromID":"1329169","toID":"1329153","formEdgeID":null},{"edgeID":"1743516","fromID":"1329153","toID":"1329170","formEdgeID":null},{"edgeID":"1743517","fromID":"1329170","toID":"1329158","formEdgeID":null},{"edgeID":"1743518","fromID":"1329173","toID":"1329172","formEdgeID":null},{"edgeID":"1743519","fromID":"1329174","toID":"1329173","formEdgeID":null},{"edgeID":"1743520","fromID":"1329172","toID":"1329175","formEdgeID":null},{"edgeID":"1743521","fromID":"1329175","toID":"1329171","formEdgeID":null},{"edgeID":"1743522","fromID":"1329163","toID":"1329176","formEdgeID":null},{"edgeID":"1743523","fromID":"1329176","toID":"1329172","formEdgeID":null},{"edgeID":"1743524","fromID":"1329171","toID":"1329177","formEdgeID":null},{"edgeID":"1743525","fromID":"1329177","toID":"1329162","formEdgeID":null},{"edgeID":"1743526","fromID":"1329176","toID":"1329178","formEdgeID":null},{"edgeID":"1743527","fromID":"1329178","toID":"1329177","formEdgeID":null},{"edgeID":"1743528","fromID":"1329181","toID":"1329180","formEdgeID":null},{"edgeID":"1743529","fromID":"1329182","toID":"1329181","formEdgeID":null},{"edgeID":"1743530","fromID":"1329180","toID":"1329183","formEdgeID":null},{"edgeID":"1743531","fromID":"1329183","toID":"1329179","formEdgeID":null},{"edgeID":"1743532","fromID":"1329186","toID":"1329185","formEdgeID":null},{"edgeID":"1743533","fromID":"1329187","toID":"1329186","formEdgeID":null},{"edgeID":"1743534","fromID":"1329185","toID":"1329188","formEdgeID":null},{"edgeID":"1743535","fromID":"1329188","toID":"1329184","formEdgeID":null},{"edgeID":"1743536","fromID":"1329179","toID":"1329189","formEdgeID":null},{"edgeID":"1743537","fromID":"1329189","toID":"1329184","formEdgeID":null},{"edgeID":"1743538","fromID":"1329180","toID":"1329190","formEdgeID":null},{"edgeID":"1743539","fromID":"1329190","toID":"1329185","formEdgeID":null},{"edgeID":"1743540","fromID":"1329190","toID":"1329191","formEdgeID":null},{"edgeID":"1743541","fromID":"1329191","toID":"1329189","formEdgeID":null},{"edgeID":"1743542","fromID":"1329172","toID":"1329192","formEdgeID":null},{"edgeID":"1743543","fromID":"1329192","toID":"1329180","formEdgeID":null},{"edgeID":"1743544","fromID":"1329152","toID":"1329193","formEdgeID":null},{"edgeID":"1743545","fromID":"1329193","toID":"1329141","formEdgeID":null},{"edgeID":"1743546","fromID":"1329169","toID":"1329194","formEdgeID":null},{"edgeID":"1743547","fromID":"1329194","toID":"1329193","formEdgeID":null},{"edgeID":"1743548","fromID":"1329197","toID":"1329195","formEdgeID":null},{"edgeID":"1743549","fromID":"1329196","toID":"1329197","formEdgeID":null},{"edgeID":"1743550","fromID":"1329201","toID":"1329200","formEdgeID":null},{"edgeID":"1743551","fromID":"1329200","toID":"1329199","formEdgeID":null},{"edgeID":"1743552","fromID":"1329204","toID":"1329203","formEdgeID":null},{"edgeID":"1743553","fromID":"1329203","toID":"1329198","formEdgeID":null},{"edgeID":"1743554","fromID":"1329205","toID":"1329204","formEdgeID":null},{"edgeID":"1743555","fromID":"1329202","toID":"1329205","formEdgeID":null},{"edgeID":"1743556","fromID":"1329206","toID":"1329204","formEdgeID":null},{"edgeID":"1743557","fromID":"1329199","toID":"1329206","formEdgeID":null},{"edgeID":"1743558","fromID":"1329195","toID":"1329207","formEdgeID":null},{"edgeID":"1743559","fromID":"1329207","toID":"1329199","formEdgeID":null},{"edgeID":"1743560","fromID":"1329199","toID":"1329208","formEdgeID":null},{"edgeID":"1743561","fromID":"1329208","toID":"1329130","formEdgeID":null},{"edgeID":"1743562","fromID":"1329125","toID":"1329209","formEdgeID":null},{"edgeID":"1743563","fromID":"1329209","toID":"1329195","formEdgeID":null},{"edgeID":"1743564","fromID":"1329207","toID":"1329210","formEdgeID":null},{"edgeID":"1743565","fromID":"1329210","toID":"1329198","formEdgeID":null}],"locutions":[]}