{"nodes":[{"nodeID":"1325659","text":"Analysing","type":"YA","timestamp":"2023-11-09 13:31:44"},{"nodeID":"1325660","text":"Tuuli: AudienceMember 20220721QT08: Getting back to the point about the leadership, I totally agree, I don't think a change of leader will necessarily, it's not enough","type":"L","timestamp":"2023-11-09 13:31:44"},{"nodeID":"1325661","text":"AudienceMember 20220721QT08 totally agrees","type":"I","timestamp":"2023-11-09 13:31:45"},{"nodeID":"1325662","text":"AudienceMember 20220721QT08: I totally agree","type":"L","timestamp":"2023-11-09 13:31:45"},{"nodeID":"1325663","text":"Analysing","type":"YA","timestamp":"2023-11-09 13:31:45"},{"nodeID":"1325664","text":"Tuuli: AudienceMember 20220721QT08: I totally agree","type":"L","timestamp":"2023-11-09 13:31:45"},{"nodeID":"1325665","text":"Asserting","type":"YA","timestamp":"2023-11-09 13:31:45"},{"nodeID":"1325666","text":"a change of leader will necessarily, it's not enough","type":"I","timestamp":"2023-11-09 13:31:45"},{"nodeID":"1325667","text":"AudienceMember 20220721QT08: a change of leader will necessarily, it's not enough","type":"L","timestamp":"2023-11-09 13:31:45"},{"nodeID":"1325668","text":"Analysing","type":"YA","timestamp":"2023-11-09 13:31:45"},{"nodeID":"1325669","text":"Tuuli: AudienceMember 20220721QT08: a change of leader will necessarily, it's not enough","type":"L","timestamp":"2023-11-09 13:31:45"},{"nodeID":"1325670","text":"Asserting","type":"YA","timestamp":"2023-11-09 13:31:45"},{"nodeID":"1325671","text":"Default Transition","type":"TA","timestamp":"2023-11-09 13:31:45"},{"nodeID":"1325672","text":"Default Inference","type":"RA","timestamp":"2023-11-09 13:31:45"},{"nodeID":"1325673","text":"Arguing","type":"YA","timestamp":"2023-11-09 13:31:45"},{"nodeID":"1325674","text":"AudienceMember 20220721QT08 does or does not want a General Election","type":"I","timestamp":"2023-11-09 13:31:46"},{"nodeID":"1325675","text":"Fiona Bruce: Do you want a General Election","type":"L","timestamp":"2023-11-09 13:31:46"},{"nodeID":"1325676","text":"Analysing","type":"YA","timestamp":"2023-11-09 13:31:46"},{"nodeID":"1325677","text":"Tuuli: Fiona Bruce: Do you want a General Election","type":"L","timestamp":"2023-11-09 13:31:46"},{"nodeID":"1325678","text":"Pure Questioning","type":"YA","timestamp":"2023-11-09 13:31:46"},{"nodeID":"1325679","text":"Default Transition","type":"TA","timestamp":"2023-11-09 13:31:46"},{"nodeID":"1325680","text":"AudienceMember 20220721QT09 doesn't think they want a General Election","type":"I","timestamp":"2023-11-09 13:31:46"},{"nodeID":"1325681","text":"AudienceMember 20220721QT09:  I don't think I do","type":"L","timestamp":"2023-11-09 13:31:46"},{"nodeID":"1325682","text":"Analysing","type":"YA","timestamp":"2023-11-09 13:31:46"},{"nodeID":"1325683","text":"Tuuli: AudienceMember 20220721QT09:  I don't think I do","type":"L","timestamp":"2023-11-09 13:31:46"},{"nodeID":"1325684","text":"Asserting","type":"YA","timestamp":"2023-11-09 13:31:46"},{"nodeID":"1325685","text":"Default Transition","type":"TA","timestamp":"2023-11-09 13:31:46"},{"nodeID":"1325686","text":"Default Rephrase","type":"MA","timestamp":"2023-11-09 13:31:46"},{"nodeID":"1325687","text":"Default Illocuting","type":"YA","timestamp":"2023-11-09 13:31:46"},{"nodeID":"1325688","text":"the process is totally out of the public's control","type":"I","timestamp":"2023-11-09 13:31:47"},{"nodeID":"1325689","text":"AudienceMember 20220721QT09:  the process is totally out of the public's control","type":"L","timestamp":"2023-11-09 13:31:47"},{"nodeID":"1325690","text":"Analysing","type":"YA","timestamp":"2023-11-09 13:31:47"},{"nodeID":"1325691","text":"Tuuli: AudienceMember 20220721QT09:  the process is totally out of the public's control","type":"L","timestamp":"2023-11-09 13:31:47"},{"nodeID":"1325692","text":"Asserting","type":"YA","timestamp":"2023-11-09 13:31:47"},{"nodeID":"1325693","text":"Default Transition","type":"TA","timestamp":"2023-11-09 13:31:47"},{"nodeID":"1325694","text":"we voted 2.5 years ago","type":"I","timestamp":"2023-11-09 13:31:47"},{"nodeID":"1325695","text":"AudienceMember 20220721QT09: We voted 2.5 years ago","type":"L","timestamp":"2023-11-09 13:31:47"},{"nodeID":"1325696","text":"Analysing","type":"YA","timestamp":"2023-11-09 13:31:47"},{"nodeID":"1325697","text":"Tuuli: AudienceMember 20220721QT09: We voted 2.5 years ago","type":"L","timestamp":"2023-11-09 13:31:47"},{"nodeID":"1325698","text":"Asserting","type":"YA","timestamp":"2023-11-09 13:31:47"},{"nodeID":"1325699","text":"Default Transition","type":"TA","timestamp":"2023-11-09 13:31:47"},{"nodeID":"1325700","text":"the vote was a democratic process","type":"I","timestamp":"2023-11-09 13:31:48"},{"nodeID":"1325701","text":"AudienceMember 20220721QT09: it was a democratic process","type":"L","timestamp":"2023-11-09 13:31:48"},{"nodeID":"1325702","text":"Analysing","type":"YA","timestamp":"2023-11-09 13:31:48"},{"nodeID":"1325703","text":"Tuuli: AudienceMember 20220721QT09: it was a democratic process","type":"L","timestamp":"2023-11-09 13:31:48"},{"nodeID":"1325704","text":"Asserting","type":"YA","timestamp":"2023-11-09 13:31:48"},{"nodeID":"1325705","text":"the way the UK Government runs, we have now, we are in the situation where those decisions are going to be made for us by somebody else","type":"I","timestamp":"2023-11-09 13:31:49"},{"nodeID":"1325706","text":"AudienceMember 20220721QT09: the way our Government runs, we have now, we are in the situation where those decisions are going to be made for us by somebody else","type":"L","timestamp":"2023-11-09 13:31:49"},{"nodeID":"1325707","text":"Analysing","type":"YA","timestamp":"2023-11-09 13:31:49"},{"nodeID":"1325708","text":"Tuuli: AudienceMember 20220721QT09: the way our Government runs, we have now, we are in the situation where those decisions are going to be made for us by somebody else","type":"L","timestamp":"2023-11-09 13:31:49"},{"nodeID":"1325709","text":"Asserting","type":"YA","timestamp":"2023-11-09 13:31:49"},{"nodeID":"1325710","text":"Default Inference","type":"RA","timestamp":"2023-11-09 13:31:49"},{"nodeID":"1325711","text":"Default Transition","type":"TA","timestamp":"2023-11-09 13:31:49"},{"nodeID":"1325712","text":"Arguing","type":"YA","timestamp":"2023-11-09 13:31:49"},{"nodeID":"1325713","text":"Default Transition","type":"TA","timestamp":"2023-11-09 13:31:49"},{"nodeID":"1325714","text":"to the lady's point here about the tax rises, and that's great","type":"I","timestamp":"2023-11-09 13:31:49"},{"nodeID":"1325715","text":"AudienceMember 20220721QT09: To the lady's point here about the tax rises, and that's great","type":"L","timestamp":"2023-11-09 13:31:49"},{"nodeID":"1325716","text":"Analysing","type":"YA","timestamp":"2023-11-09 13:31:49"},{"nodeID":"1325717","text":"Tuuli: AudienceMember 20220721QT09: To the lady's point here about the tax rises, and that's great","type":"L","timestamp":"2023-11-09 13:31:49"},{"nodeID":"1325718","text":"Asserting","type":"YA","timestamp":"2023-11-09 13:31:49"},{"nodeID":"1325719","text":"Default Transition","type":"TA","timestamp":"2023-11-09 13:31:49"},{"nodeID":"1325720","text":"AudienceMember 20220721QT09 means the tax cuts","type":"I","timestamp":"2023-11-09 13:31:50"},{"nodeID":"1325721","text":"Fiona Bruce: The tax cuts","type":"L","timestamp":"2023-11-09 13:31:50"},{"nodeID":"1325722","text":"Analysing","type":"YA","timestamp":"2023-11-09 13:31:50"},{"nodeID":"1325723","text":"Tuuli: Fiona Bruce: The tax cuts","type":"L","timestamp":"2023-11-09 13:31:50"},{"nodeID":"1325724","text":"Asserting","type":"YA","timestamp":"2023-11-09 13:31:50"},{"nodeID":"1325725","text":"Default Transition","type":"TA","timestamp":"2023-11-09 13:31:50"},{"nodeID":"1325726","text":"Default Conflict","type":"CA","timestamp":"2023-11-09 13:31:50"},{"nodeID":"1325727","text":"Disagreeing","type":"YA","timestamp":"2023-11-09 13:31:50"},{"nodeID":"1325728","text":"AudienceMember 20220721QT09: yes","type":"L","timestamp":"2023-11-09 13:31:50"},{"nodeID":"1325729","text":"Analysing","type":"YA","timestamp":"2023-11-09 13:31:50"},{"nodeID":"1325730","text":"Tuuli: AudienceMember 20220721QT09: yes","type":"L","timestamp":"2023-11-09 13:31:50"},{"nodeID":"1325731","text":"Default Transition","type":"TA","timestamp":"2023-11-09 13:31:50"},{"nodeID":"1325732","text":"Agreeing","type":"YA","timestamp":"2023-11-09 13:31:50"},{"nodeID":"1325733","text":"the tax cuts come at a price","type":"I","timestamp":"2023-11-09 13:31:50"},{"nodeID":"1325734","text":"AudienceMember 20220721QT09: that comes at a price","type":"L","timestamp":"2023-11-09 13:31:50"},{"nodeID":"1325735","text":"Analysing","type":"YA","timestamp":"2023-11-09 13:31:50"},{"nodeID":"1325736","text":"Tuuli: AudienceMember 20220721QT09: that comes at a price","type":"L","timestamp":"2023-11-09 13:31:50"},{"nodeID":"1325737","text":"Asserting","type":"YA","timestamp":"2023-11-09 13:31:50"},{"nodeID":"1325738","text":"Default Conflict","type":"CA","timestamp":"2023-11-09 13:31:50"},{"nodeID":"1325739","text":"our communities down here in Torquay, we have got some of the most deprived wards in England","type":"I","timestamp":"2023-11-09 13:31:51"},{"nodeID":"1325740","text":"AudienceMember 20220721QT09: our communities down here, we have got some of the most deprived wards in England","type":"L","timestamp":"2023-11-09 13:31:51"},{"nodeID":"1325741","text":"Analysing","type":"YA","timestamp":"2023-11-09 13:31:51"},{"nodeID":"1325742","text":"Tuuli: AudienceMember 20220721QT09: our communities down here, we have got some of the most deprived wards in England","type":"L","timestamp":"2023-11-09 13:31:51"},{"nodeID":"1325743","text":"Asserting","type":"YA","timestamp":"2023-11-09 13:31:51"},{"nodeID":"1325744","text":"Default Transition","type":"TA","timestamp":"2023-11-09 13:31:51"},{"nodeID":"1325745","text":"people are surprised by that Torquay has got some of the most deprived wards in England","type":"I","timestamp":"2023-11-09 13:31:52"},{"nodeID":"1325746","text":"AudienceMember 20220721QT09: people are surprised by that","type":"L","timestamp":"2023-11-09 13:31:52"},{"nodeID":"1325747","text":"Analysing","type":"YA","timestamp":"2023-11-09 13:31:52"},{"nodeID":"1325748","text":"Tuuli: AudienceMember 20220721QT09: people are surprised by that","type":"L","timestamp":"2023-11-09 13:31:52"},{"nodeID":"1325749","text":"Asserting","type":"YA","timestamp":"2023-11-09 13:31:52"},{"nodeID":"1325750","text":"Default Transition","type":"TA","timestamp":"2023-11-09 13:31:52"},{"nodeID":"1325751","text":"Default Rephrase","type":"MA","timestamp":"2023-11-09 13:31:52"},{"nodeID":"1325752","text":"Restating","type":"YA","timestamp":"2023-11-09 13:31:52"},{"nodeID":"1325753","text":"Default Inference","type":"RA","timestamp":"2023-11-09 13:31:52"},{"nodeID":"1325754","text":"Arguing","type":"YA","timestamp":"2023-11-09 13:31:52"},{"nodeID":"1325755","text":"Torquay has the highest child protection rate outside of Liverpool","type":"I","timestamp":"2023-11-09 13:31:52"},{"nodeID":"1325756","text":"AudienceMember 20220721QT09: it's the highest child protection rate outside of Liverpool","type":"L","timestamp":"2023-11-09 13:31:52"},{"nodeID":"1325757","text":"Analysing","type":"YA","timestamp":"2023-11-09 13:31:52"},{"nodeID":"1325758","text":"Tuuli: AudienceMember 20220721QT09: it's the highest child protection rate outside of Liverpool","type":"L","timestamp":"2023-11-09 13:31:52"},{"nodeID":"1325759","text":"Asserting","type":"YA","timestamp":"2023-11-09 13:31:52"},{"nodeID":"1325760","text":"Default Inference","type":"RA","timestamp":"2023-11-09 13:31:52"},{"nodeID":"1325761","text":"Default Transition","type":"TA","timestamp":"2023-11-09 13:31:52"},{"nodeID":"1325762","text":"Arguing","type":"YA","timestamp":"2023-11-09 13:31:52"},{"nodeID":"1325763","text":"Default Transition","type":"TA","timestamp":"2023-11-09 13:31:52"},{"nodeID":"1325764","text":"Disagreeing","type":"YA","timestamp":"2023-11-09 13:31:52"},{"nodeID":"1325765","text":"Torquay is not all green and lovely","type":"I","timestamp":"2023-11-09 13:31:53"},{"nodeID":"1325766","text":"AudienceMember 20220721QT09: it's not all green and lovely","type":"L","timestamp":"2023-11-09 13:31:53"},{"nodeID":"1325767","text":"Analysing","type":"YA","timestamp":"2023-11-09 13:31:53"},{"nodeID":"1325768","text":"Tuuli: AudienceMember 20220721QT09: it's not all green and lovely","type":"L","timestamp":"2023-11-09 13:31:53"},{"nodeID":"1325769","text":"Asserting","type":"YA","timestamp":"2023-11-09 13:31:53"},{"nodeID":"1325770","text":"Default Transition","type":"TA","timestamp":"2023-11-09 13:31:53"},{"nodeID":"1325771","text":"Torquay is not all beautiful","type":"I","timestamp":"2023-11-09 13:31:53"},{"nodeID":"1325772","text":"AudienceMember 20220721QT09: It's not all beautiful","type":"L","timestamp":"2023-11-09 13:31:53"},{"nodeID":"1325773","text":"Analysing","type":"YA","timestamp":"2023-11-09 13:31:53"},{"nodeID":"1325774","text":"Tuuli: AudienceMember 20220721QT09: It's not all beautiful","type":"L","timestamp":"2023-11-09 13:31:53"},{"nodeID":"1325775","text":"Asserting","type":"YA","timestamp":"2023-11-09 13:31:53"},{"nodeID":"1325776","text":"Default Transition","type":"TA","timestamp":"2023-11-09 13:31:53"},{"nodeID":"1325777","text":"Default Rephrase","type":"MA","timestamp":"2023-11-09 13:31:53"},{"nodeID":"1325778","text":"Restating","type":"YA","timestamp":"2023-11-09 13:31:53"},{"nodeID":"1325779","text":"Default Inference","type":"RA","timestamp":"2023-11-09 13:31:53"},{"nodeID":"1325780","text":"Arguing","type":"YA","timestamp":"2023-11-09 13:31:53"},{"nodeID":"1325781","text":"we need to have our say as well","type":"I","timestamp":"2023-11-09 13:31:54"},{"nodeID":"1325782","text":"AudienceMember 20220721QT09: we need to have our say as well","type":"L","timestamp":"2023-11-09 13:31:54"},{"nodeID":"1325783","text":"Analysing","type":"YA","timestamp":"2023-11-09 13:31:54"},{"nodeID":"1325784","text":"Tuuli: AudienceMember 20220721QT09: we need to have our say as well","type":"L","timestamp":"2023-11-09 13:31:54"},{"nodeID":"1325785","text":"Asserting","type":"YA","timestamp":"2023-11-09 13:31:54"},{"nodeID":"1325786","text":"Default Transition","type":"TA","timestamp":"2023-11-09 13:31:54"},{"nodeID":"1325787","text":"honesty matters","type":"I","timestamp":"2023-11-09 13:31:54"},{"nodeID":"1325788","text":"AudienceMember 20220721QT11: Honesty matters","type":"L","timestamp":"2023-11-09 13:31:54"},{"nodeID":"1325789","text":"Analysing","type":"YA","timestamp":"2023-11-09 13:31:54"},{"nodeID":"1325790","text":"Tuuli: AudienceMember 20220721QT11: Honesty matters","type":"L","timestamp":"2023-11-09 13:31:54"},{"nodeID":"1325791","text":"Asserting","type":"YA","timestamp":"2023-11-09 13:31:54"},{"nodeID":"1325792","text":"Default Transition","type":"TA","timestamp":"2023-11-09 13:31:54"},{"nodeID":"1325793","text":"a contender has publicly defended a lie","type":"I","timestamp":"2023-11-09 13:31:55"},{"nodeID":"1325794","text":"AudienceMember 20220721QT11: a contender has publicly defended a lie","type":"L","timestamp":"2023-11-09 13:31:55"},{"nodeID":"1325795","text":"Analysing","type":"YA","timestamp":"2023-11-09 13:31:55"},{"nodeID":"1325796","text":"Tuuli: AudienceMember 20220721QT11: a contender has publicly defended a lie","type":"L","timestamp":"2023-11-09 13:31:55"},{"nodeID":"1325797","text":"Asserting","type":"YA","timestamp":"2023-11-09 13:31:55"},{"nodeID":"1325798","text":"Default Transition","type":"TA","timestamp":"2023-11-09 13:31:55"},{"nodeID":"1325799","text":"the contender is xxx","type":"I","timestamp":"2023-11-09 13:31:56"},{"nodeID":"1325800","text":"AudienceMember 20220721QT11: where does that put the contender","type":"L","timestamp":"2023-11-09 13:31:56"},{"nodeID":"1325801","text":"Analysing","type":"YA","timestamp":"2023-11-09 13:31:56"},{"nodeID":"1325802","text":"Tuuli: AudienceMember 20220721QT11: where does that put the contender","type":"L","timestamp":"2023-11-09 13:31:56"},{"nodeID":"1325803","text":"Pure Questioning","type":"YA","timestamp":"2023-11-09 13:31:56"},{"nodeID":"1325804","text":"Default Transition","type":"TA","timestamp":"2023-11-09 13:31:56"},{"nodeID":"1325805","text":"Default Inference","type":"RA","timestamp":"2023-11-09 13:31:56"},{"nodeID":"1325806","text":"Arguing","type":"YA","timestamp":"2023-11-09 13:31:56"},{"nodeID":"1325807","text":"Olivia Utley voted for Boris Johnson at the last election","type":"I","timestamp":"2023-11-09 13:31:56"},{"nodeID":"1325808","text":"Olivia Utley: I voted for Boris Johnson at the last election","type":"L","timestamp":"2023-11-09 13:31:56"},{"nodeID":"1325809","text":"Analysing","type":"YA","timestamp":"2023-11-09 13:31:56"},{"nodeID":"1325810","text":"Tuuli: Olivia Utley: I voted for Boris Johnson at the last election","type":"L","timestamp":"2023-11-09 13:31:56"},{"nodeID":"1325811","text":"Asserting","type":"YA","timestamp":"2023-11-09 13:31:56"},{"nodeID":"1325812","text":"Default Transition","type":"TA","timestamp":"2023-11-09 13:31:56"},{"nodeID":"1325813","text":"Boris Johnson did get quite a lot of the big calls right","type":"I","timestamp":"2023-11-09 13:31:57"},{"nodeID":"1325814","text":"Olivia Utley: the man in the front row says here, he did get quite a lot of the big calls right","type":"L","timestamp":"2023-11-09 13:31:57"},{"nodeID":"1325815","text":"Analysing","type":"YA","timestamp":"2023-11-09 13:31:57"},{"nodeID":"1325816","text":"Tuuli: Olivia Utley: the man in the front row says here, he did get quite a lot of the big calls right","type":"L","timestamp":"2023-11-09 13:31:57"},{"nodeID":"1325817","text":"Default Transition","type":"TA","timestamp":"2023-11-09 13:31:57"},{"nodeID":"1325818","text":"AudienceMember 20220721QT06: he did get quite a lot of the big calls right","type":"L","timestamp":"2023-11-09 13:31:57"},{"nodeID":"1325819","text":"Analysing","type":"YA","timestamp":"2023-11-09 13:31:57"},{"nodeID":"1325820","text":"Tuuli: AudienceMember 20220721QT06: the man in the front row says here, he did get quite a lot of the big calls right","type":"L","timestamp":"2023-11-09 13:31:57"},{"nodeID":"1325821","text":"Asserting","type":"YA","timestamp":"2023-11-09 13:31:57"},{"nodeID":"1325822","text":"Asserting","type":"YA","timestamp":"2023-11-09 13:31:57"},{"nodeID":"1325823","text":"Olivia Utley was ultimately very disappointed in Boris Johnson","type":"I","timestamp":"2023-11-09 13:31:57"},{"nodeID":"1325824","text":"Olivia Utley: I was ultimately very disappointed in him","type":"L","timestamp":"2023-11-09 13:31:57"},{"nodeID":"1325825","text":"Analysing","type":"YA","timestamp":"2023-11-09 13:31:57"},{"nodeID":"1325826","text":"Tuuli: Olivia Utley: I was ultimately very disappointed in him","type":"L","timestamp":"2023-11-09 13:31:57"},{"nodeID":"1325827","text":"Asserting","type":"YA","timestamp":"2023-11-09 13:31:57"},{"nodeID":"1325828","text":"Default Transition","type":"TA","timestamp":"2023-11-09 13:31:57"},{"nodeID":"1325829","text":"Boris Johnson was temperamently unsuited to the job","type":"I","timestamp":"2023-11-09 13:31:58"},{"nodeID":"1325830","text":"Olivia Utley: he was temperamently unsuited to the job","type":"L","timestamp":"2023-11-09 13:31:58"},{"nodeID":"1325831","text":"Analysing","type":"YA","timestamp":"2023-11-09 13:31:58"},{"nodeID":"1325832","text":"Tuuli: Olivia Utley: he was temperamently unsuited to the job","type":"L","timestamp":"2023-11-09 13:31:58"},{"nodeID":"1325833","text":"Asserting","type":"YA","timestamp":"2023-11-09 13:31:58"},{"nodeID":"1325834","text":"Default Transition","type":"TA","timestamp":"2023-11-09 13:31:58"},{"nodeID":"1325835","text":"Boris Johnson wasn't willing to have honest conversations with people","type":"I","timestamp":"2023-11-09 13:31:59"},{"nodeID":"1325836","text":"Olivia Utley: wasn't willing to have honest conversations with people","type":"L","timestamp":"2023-11-09 13:31:59"},{"nodeID":"1325837","text":"Analysing","type":"YA","timestamp":"2023-11-09 13:31:59"},{"nodeID":"1325838","text":"Tuuli: Olivia Utley: wasn't willing to have honest conversations with people","type":"L","timestamp":"2023-11-09 13:31:59"},{"nodeID":"1325839","text":"Asserting","type":"YA","timestamp":"2023-11-09 13:31:59"},{"nodeID":"1325840","text":"Default Conflict","type":"CA","timestamp":"2023-11-09 13:31:59"},{"nodeID":"1325841","text":"Disagreeing","type":"YA","timestamp":"2023-11-09 13:31:59"},{"nodeID":"1325842","text":"Default Inference","type":"RA","timestamp":"2023-11-09 13:31:59"},{"nodeID":"1325843","text":"Default Transition","type":"TA","timestamp":"2023-11-09 13:31:59"},{"nodeID":"1325844","text":"Arguing","type":"YA","timestamp":"2023-11-09 13:31:59"}],"edges":[{"edgeID":"1739351","fromID":"1325660","toID":"1325659","formEdgeID":null},{"edgeID":"1739352","fromID":"1325663","toID":"1325662","formEdgeID":null},{"edgeID":"1739353","fromID":"1325664","toID":"1325663","formEdgeID":null},{"edgeID":"1739354","fromID":"1325662","toID":"1325665","formEdgeID":null},{"edgeID":"1739355","fromID":"1325665","toID":"1325661","formEdgeID":null},{"edgeID":"1739356","fromID":"1325668","toID":"1325667","formEdgeID":null},{"edgeID":"1739357","fromID":"1325669","toID":"1325668","formEdgeID":null},{"edgeID":"1739358","fromID":"1325667","toID":"1325670","formEdgeID":null},{"edgeID":"1739359","fromID":"1325670","toID":"1325666","formEdgeID":null},{"edgeID":"1739360","fromID":"1325662","toID":"1325671","formEdgeID":null},{"edgeID":"1739361","fromID":"1325671","toID":"1325667","formEdgeID":null},{"edgeID":"1739362","fromID":"1325666","toID":"1325672","formEdgeID":null},{"edgeID":"1739363","fromID":"1325672","toID":"1325661","formEdgeID":null},{"edgeID":"1739364","fromID":"1325671","toID":"1325673","formEdgeID":null},{"edgeID":"1739365","fromID":"1325673","toID":"1325672","formEdgeID":null},{"edgeID":"1739366","fromID":"1325676","toID":"1325675","formEdgeID":null},{"edgeID":"1739367","fromID":"1325677","toID":"1325676","formEdgeID":null},{"edgeID":"1739368","fromID":"1325675","toID":"1325678","formEdgeID":null},{"edgeID":"1739369","fromID":"1325678","toID":"1325674","formEdgeID":null},{"edgeID":"1739370","fromID":"1325667","toID":"1325679","formEdgeID":null},{"edgeID":"1739371","fromID":"1325679","toID":"1325675","formEdgeID":null},{"edgeID":"1739372","fromID":"1325682","toID":"1325681","formEdgeID":null},{"edgeID":"1739373","fromID":"1325683","toID":"1325682","formEdgeID":null},{"edgeID":"1739374","fromID":"1325681","toID":"1325684","formEdgeID":null},{"edgeID":"1739375","fromID":"1325684","toID":"1325680","formEdgeID":null},{"edgeID":"1739376","fromID":"1325675","toID":"1325685","formEdgeID":null},{"edgeID":"1739377","fromID":"1325685","toID":"1325681","formEdgeID":null},{"edgeID":"1739378","fromID":"1325680","toID":"1325686","formEdgeID":null},{"edgeID":"1739379","fromID":"1325686","toID":"1325674","formEdgeID":null},{"edgeID":"1739380","fromID":"1325685","toID":"1325687","formEdgeID":null},{"edgeID":"1739381","fromID":"1325687","toID":"1325686","formEdgeID":null},{"edgeID":"1739382","fromID":"1325690","toID":"1325689","formEdgeID":null},{"edgeID":"1739383","fromID":"1325691","toID":"1325690","formEdgeID":null},{"edgeID":"1739384","fromID":"1325689","toID":"1325692","formEdgeID":null},{"edgeID":"1739385","fromID":"1325692","toID":"1325688","formEdgeID":null},{"edgeID":"1739386","fromID":"1325681","toID":"1325693","formEdgeID":null},{"edgeID":"1739387","fromID":"1325693","toID":"1325689","formEdgeID":null},{"edgeID":"1739388","fromID":"1325696","toID":"1325695","formEdgeID":null},{"edgeID":"1739389","fromID":"1325697","toID":"1325696","formEdgeID":null},{"edgeID":"1739390","fromID":"1325695","toID":"1325698","formEdgeID":null},{"edgeID":"1739391","fromID":"1325698","toID":"1325694","formEdgeID":null},{"edgeID":"1739392","fromID":"1325689","toID":"1325699","formEdgeID":null},{"edgeID":"1739393","fromID":"1325699","toID":"1325695","formEdgeID":null},{"edgeID":"1739394","fromID":"1325702","toID":"1325701","formEdgeID":null},{"edgeID":"1739395","fromID":"1325703","toID":"1325702","formEdgeID":null},{"edgeID":"1739396","fromID":"1325701","toID":"1325704","formEdgeID":null},{"edgeID":"1739397","fromID":"1325704","toID":"1325700","formEdgeID":null},{"edgeID":"1739398","fromID":"1325707","toID":"1325706","formEdgeID":null},{"edgeID":"1739399","fromID":"1325708","toID":"1325707","formEdgeID":null},{"edgeID":"1739400","fromID":"1325706","toID":"1325709","formEdgeID":null},{"edgeID":"1739401","fromID":"1325709","toID":"1325705","formEdgeID":null},{"edgeID":"1739402","fromID":"1325705","toID":"1325710","formEdgeID":null},{"edgeID":"1739403","fromID":"1325710","toID":"1325688","formEdgeID":null},{"edgeID":"1739404","fromID":"1325689","toID":"1325711","formEdgeID":null},{"edgeID":"1739405","fromID":"1325711","toID":"1325706","formEdgeID":null},{"edgeID":"1739406","fromID":"1325711","toID":"1325712","formEdgeID":null},{"edgeID":"1739407","fromID":"1325712","toID":"1325710","formEdgeID":null},{"edgeID":"1739408","fromID":"1325700","toID":"1325710","formEdgeID":null},{"edgeID":"1739409","fromID":"1325694","toID":"1325710","formEdgeID":null},{"edgeID":"1739410","fromID":"1325689","toID":"1325713","formEdgeID":null},{"edgeID":"1739411","fromID":"1325713","toID":"1325701","formEdgeID":null},{"edgeID":"1739412","fromID":"1325716","toID":"1325715","formEdgeID":null},{"edgeID":"1739413","fromID":"1325717","toID":"1325716","formEdgeID":null},{"edgeID":"1739414","fromID":"1325715","toID":"1325718","formEdgeID":null},{"edgeID":"1739415","fromID":"1325718","toID":"1325714","formEdgeID":null},{"edgeID":"1739416","fromID":"1325706","toID":"1325719","formEdgeID":null},{"edgeID":"1739417","fromID":"1325719","toID":"1325715","formEdgeID":null},{"edgeID":"1739418","fromID":"1325722","toID":"1325721","formEdgeID":null},{"edgeID":"1739419","fromID":"1325723","toID":"1325722","formEdgeID":null},{"edgeID":"1739420","fromID":"1325721","toID":"1325724","formEdgeID":null},{"edgeID":"1739421","fromID":"1325724","toID":"1325720","formEdgeID":null},{"edgeID":"1739422","fromID":"1325715","toID":"1325725","formEdgeID":null},{"edgeID":"1739423","fromID":"1325725","toID":"1325721","formEdgeID":null},{"edgeID":"1739424","fromID":"1325720","toID":"1325726","formEdgeID":null},{"edgeID":"1739425","fromID":"1325726","toID":"1325714","formEdgeID":null},{"edgeID":"1739426","fromID":"1325725","toID":"1325727","formEdgeID":null},{"edgeID":"1739427","fromID":"1325727","toID":"1325726","formEdgeID":null},{"edgeID":"1739428","fromID":"1325729","toID":"1325728","formEdgeID":null},{"edgeID":"1739429","fromID":"1325730","toID":"1325729","formEdgeID":null},{"edgeID":"1739430","fromID":"1325721","toID":"1325731","formEdgeID":null},{"edgeID":"1739431","fromID":"1325731","toID":"1325728","formEdgeID":null},{"edgeID":"1739432","fromID":"1325731","toID":"1325732","formEdgeID":null},{"edgeID":"1739433","fromID":"1325732","toID":"1325720","formEdgeID":null},{"edgeID":"1739434","fromID":"1325735","toID":"1325734","formEdgeID":null},{"edgeID":"1739435","fromID":"1325736","toID":"1325735","formEdgeID":null},{"edgeID":"1739436","fromID":"1325734","toID":"1325737","formEdgeID":null},{"edgeID":"1739437","fromID":"1325737","toID":"1325733","formEdgeID":null},{"edgeID":"1739438","fromID":"1325733","toID":"1325738","formEdgeID":null},{"edgeID":"1739439","fromID":"1325738","toID":"1325714","formEdgeID":null},{"edgeID":"1739440","fromID":"1325741","toID":"1325740","formEdgeID":null},{"edgeID":"1739441","fromID":"1325742","toID":"1325741","formEdgeID":null},{"edgeID":"1739442","fromID":"1325740","toID":"1325743","formEdgeID":null},{"edgeID":"1739443","fromID":"1325743","toID":"1325739","formEdgeID":null},{"edgeID":"1739444","fromID":"1325734","toID":"1325744","formEdgeID":null},{"edgeID":"1739445","fromID":"1325744","toID":"1325740","formEdgeID":null},{"edgeID":"1739446","fromID":"1325747","toID":"1325746","formEdgeID":null},{"edgeID":"1739447","fromID":"1325748","toID":"1325747","formEdgeID":null},{"edgeID":"1739448","fromID":"1325746","toID":"1325749","formEdgeID":null},{"edgeID":"1739449","fromID":"1325749","toID":"1325745","formEdgeID":null},{"edgeID":"1739450","fromID":"1325740","toID":"1325750","formEdgeID":null},{"edgeID":"1739451","fromID":"1325750","toID":"1325746","formEdgeID":null},{"edgeID":"1739452","fromID":"1325745","toID":"1325751","formEdgeID":null},{"edgeID":"1739453","fromID":"1325751","toID":"1325739","formEdgeID":null},{"edgeID":"1739454","fromID":"1325750","toID":"1325752","formEdgeID":null},{"edgeID":"1739455","fromID":"1325752","toID":"1325751","formEdgeID":null},{"edgeID":"1739456","fromID":"1325739","toID":"1325753","formEdgeID":null},{"edgeID":"1739457","fromID":"1325753","toID":"1325733","formEdgeID":null},{"edgeID":"1739458","fromID":"1325744","toID":"1325754","formEdgeID":null},{"edgeID":"1739459","fromID":"1325754","toID":"1325753","formEdgeID":null},{"edgeID":"1739460","fromID":"1325757","toID":"1325756","formEdgeID":null},{"edgeID":"1739461","fromID":"1325758","toID":"1325757","formEdgeID":null},{"edgeID":"1739462","fromID":"1325756","toID":"1325759","formEdgeID":null},{"edgeID":"1739463","fromID":"1325759","toID":"1325755","formEdgeID":null},{"edgeID":"1739464","fromID":"1325755","toID":"1325760","formEdgeID":null},{"edgeID":"1739465","fromID":"1325760","toID":"1325733","formEdgeID":null},{"edgeID":"1739466","fromID":"1325734","toID":"1325761","formEdgeID":null},{"edgeID":"1739467","fromID":"1325761","toID":"1325756","formEdgeID":null},{"edgeID":"1739468","fromID":"1325761","toID":"1325762","formEdgeID":null},{"edgeID":"1739469","fromID":"1325762","toID":"1325760","formEdgeID":null},{"edgeID":"1739470","fromID":"1325715","toID":"1325763","formEdgeID":null},{"edgeID":"1739471","fromID":"1325763","toID":"1325734","formEdgeID":null},{"edgeID":"1739472","fromID":"1325763","toID":"1325764","formEdgeID":null},{"edgeID":"1739473","fromID":"1325764","toID":"1325738","formEdgeID":null},{"edgeID":"1739474","fromID":"1325767","toID":"1325766","formEdgeID":null},{"edgeID":"1739475","fromID":"1325768","toID":"1325767","formEdgeID":null},{"edgeID":"1739476","fromID":"1325766","toID":"1325769","formEdgeID":null},{"edgeID":"1739477","fromID":"1325769","toID":"1325765","formEdgeID":null},{"edgeID":"1739478","fromID":"1325756","toID":"1325770","formEdgeID":null},{"edgeID":"1739479","fromID":"1325770","toID":"1325766","formEdgeID":null},{"edgeID":"1739480","fromID":"1325773","toID":"1325772","formEdgeID":null},{"edgeID":"1739481","fromID":"1325774","toID":"1325773","formEdgeID":null},{"edgeID":"1739482","fromID":"1325772","toID":"1325775","formEdgeID":null},{"edgeID":"1739483","fromID":"1325775","toID":"1325771","formEdgeID":null},{"edgeID":"1739484","fromID":"1325766","toID":"1325776","formEdgeID":null},{"edgeID":"1739485","fromID":"1325776","toID":"1325772","formEdgeID":null},{"edgeID":"1739486","fromID":"1325771","toID":"1325777","formEdgeID":null},{"edgeID":"1739487","fromID":"1325777","toID":"1325765","formEdgeID":null},{"edgeID":"1739488","fromID":"1325776","toID":"1325778","formEdgeID":null},{"edgeID":"1739489","fromID":"1325778","toID":"1325777","formEdgeID":null},{"edgeID":"1739490","fromID":"1325755","toID":"1325779","formEdgeID":null},{"edgeID":"1739491","fromID":"1325779","toID":"1325765","formEdgeID":null},{"edgeID":"1739492","fromID":"1325770","toID":"1325780","formEdgeID":null},{"edgeID":"1739493","fromID":"1325780","toID":"1325779","formEdgeID":null},{"edgeID":"1739494","fromID":"1325783","toID":"1325782","formEdgeID":null},{"edgeID":"1739495","fromID":"1325784","toID":"1325783","formEdgeID":null},{"edgeID":"1739496","fromID":"1325782","toID":"1325785","formEdgeID":null},{"edgeID":"1739497","fromID":"1325785","toID":"1325781","formEdgeID":null},{"edgeID":"1739498","fromID":"1325772","toID":"1325786","formEdgeID":null},{"edgeID":"1739499","fromID":"1325786","toID":"1325782","formEdgeID":null},{"edgeID":"1739500","fromID":"1325789","toID":"1325788","formEdgeID":null},{"edgeID":"1739501","fromID":"1325790","toID":"1325789","formEdgeID":null},{"edgeID":"1739502","fromID":"1325788","toID":"1325791","formEdgeID":null},{"edgeID":"1739503","fromID":"1325791","toID":"1325787","formEdgeID":null},{"edgeID":"1739504","fromID":"1325782","toID":"1325792","formEdgeID":null},{"edgeID":"1739505","fromID":"1325792","toID":"1325788","formEdgeID":null},{"edgeID":"1739506","fromID":"1325795","toID":"1325794","formEdgeID":null},{"edgeID":"1739507","fromID":"1325796","toID":"1325795","formEdgeID":null},{"edgeID":"1739508","fromID":"1325794","toID":"1325797","formEdgeID":null},{"edgeID":"1739509","fromID":"1325797","toID":"1325793","formEdgeID":null},{"edgeID":"1739510","fromID":"1325788","toID":"1325798","formEdgeID":null},{"edgeID":"1739511","fromID":"1325798","toID":"1325794","formEdgeID":null},{"edgeID":"1739512","fromID":"1325801","toID":"1325800","formEdgeID":null},{"edgeID":"1739513","fromID":"1325802","toID":"1325801","formEdgeID":null},{"edgeID":"1739514","fromID":"1325800","toID":"1325803","formEdgeID":null},{"edgeID":"1739515","fromID":"1325803","toID":"1325799","formEdgeID":null},{"edgeID":"1739516","fromID":"1325794","toID":"1325804","formEdgeID":null},{"edgeID":"1739517","fromID":"1325804","toID":"1325800","formEdgeID":null},{"edgeID":"1739518","fromID":"1325793","toID":"1325805","formEdgeID":null},{"edgeID":"1739519","fromID":"1325805","toID":"1325799","formEdgeID":null},{"edgeID":"1739520","fromID":"1325804","toID":"1325806","formEdgeID":null},{"edgeID":"1739521","fromID":"1325806","toID":"1325805","formEdgeID":null},{"edgeID":"1739522","fromID":"1325809","toID":"1325808","formEdgeID":null},{"edgeID":"1739523","fromID":"1325810","toID":"1325809","formEdgeID":null},{"edgeID":"1739524","fromID":"1325808","toID":"1325811","formEdgeID":null},{"edgeID":"1739525","fromID":"1325811","toID":"1325807","formEdgeID":null},{"edgeID":"1739526","fromID":"1325800","toID":"1325812","formEdgeID":null},{"edgeID":"1739527","fromID":"1325812","toID":"1325808","formEdgeID":null},{"edgeID":"1739528","fromID":"1325815","toID":"1325814","formEdgeID":null},{"edgeID":"1739529","fromID":"1325816","toID":"1325815","formEdgeID":null},{"edgeID":"1739530","fromID":"1325808","toID":"1325817","formEdgeID":null},{"edgeID":"1739531","fromID":"1325817","toID":"1325814","formEdgeID":null},{"edgeID":"1739532","fromID":"1325819","toID":"1325818","formEdgeID":null},{"edgeID":"1739533","fromID":"1325820","toID":"1325819","formEdgeID":null},{"edgeID":"1739534","fromID":"1325818","toID":"1325821","formEdgeID":null},{"edgeID":"1739535","fromID":"1325821","toID":"1325813","formEdgeID":null},{"edgeID":"1739536","fromID":"1325814","toID":"1325822","formEdgeID":null},{"edgeID":"1739537","fromID":"1325822","toID":"1325818","formEdgeID":null},{"edgeID":"1739538","fromID":"1325825","toID":"1325824","formEdgeID":null},{"edgeID":"1739539","fromID":"1325826","toID":"1325825","formEdgeID":null},{"edgeID":"1739540","fromID":"1325824","toID":"1325827","formEdgeID":null},{"edgeID":"1739541","fromID":"1325827","toID":"1325823","formEdgeID":null},{"edgeID":"1739542","fromID":"1325814","toID":"1325828","formEdgeID":null},{"edgeID":"1739543","fromID":"1325828","toID":"1325824","formEdgeID":null},{"edgeID":"1739544","fromID":"1325831","toID":"1325830","formEdgeID":null},{"edgeID":"1739545","fromID":"1325832","toID":"1325831","formEdgeID":null},{"edgeID":"1739546","fromID":"1325830","toID":"1325833","formEdgeID":null},{"edgeID":"1739547","fromID":"1325833","toID":"1325829","formEdgeID":null},{"edgeID":"1739548","fromID":"1325824","toID":"1325834","formEdgeID":null},{"edgeID":"1739549","fromID":"1325834","toID":"1325830","formEdgeID":null},{"edgeID":"1739550","fromID":"1325837","toID":"1325836","formEdgeID":null},{"edgeID":"1739551","fromID":"1325838","toID":"1325837","formEdgeID":null},{"edgeID":"1739552","fromID":"1325836","toID":"1325839","formEdgeID":null},{"edgeID":"1739553","fromID":"1325839","toID":"1325835","formEdgeID":null},{"edgeID":"1739554","fromID":"1325823","toID":"1325840","formEdgeID":null},{"edgeID":"1739555","fromID":"1325840","toID":"1325813","formEdgeID":null},{"edgeID":"1739556","fromID":"1325828","toID":"1325841","formEdgeID":null},{"edgeID":"1739557","fromID":"1325841","toID":"1325840","formEdgeID":null},{"edgeID":"1739558","fromID":"1325835","toID":"1325842","formEdgeID":null},{"edgeID":"1739559","fromID":"1325842","toID":"1325823","formEdgeID":null},{"edgeID":"1739560","fromID":"1325829","toID":"1325842","formEdgeID":null},{"edgeID":"1739561","fromID":"1325824","toID":"1325843","formEdgeID":null},{"edgeID":"1739562","fromID":"1325843","toID":"1325836","formEdgeID":null},{"edgeID":"1739563","fromID":"1325843","toID":"1325844","formEdgeID":null},{"edgeID":"1739564","fromID":"1325844","toID":"1325842","formEdgeID":null}],"locutions":[]}