{"nodes":[{"nodeID":"1149851","text":"we keep talking about trust","type":"I","timestamp":"2023-04-20 20:06:08"},{"nodeID":"1149864","text":"we are stuck with this zombie Government","type":"I","timestamp":"2023-04-20 20:06:14"},{"nodeID":"1149872","text":"nothing is getting done","type":"I","timestamp":"2023-04-20 20:06:17"},{"nodeID":"1149957","text":"we need sensible Government before a transition","type":"I","timestamp":"2023-04-20 20:06:45"},{"nodeID":"1324825","text":"AudienceMember 20220721QT19: We keep talking about trust","type":"L","timestamp":"2023-11-09 13:30:35"},{"nodeID":"1324826","text":"Analysing","type":"YA","timestamp":"2023-11-09 13:30:35"},{"nodeID":"1324827","text":"Mascha: AudienceMember 20220721QT19: We keep talking about trust","type":"L","timestamp":"2023-11-09 13:30:35"},{"nodeID":"1324828","text":"Asserting","type":"YA","timestamp":"2023-11-09 13:30:35"},{"nodeID":"1324829","text":"AudienceMember 20220721QT19 does not see any of the current leadership contenders asking for Boris Johnson to go now","type":"I","timestamp":"2023-11-09 13:30:35"},{"nodeID":"1324830","text":"AudienceMember 20220721QT19: I don't see any of the current leadership contenders asking for Johnson to go now","type":"L","timestamp":"2023-11-09 13:30:35"},{"nodeID":"1324831","text":"Analysing","type":"YA","timestamp":"2023-11-09 13:30:35"},{"nodeID":"1324832","text":"Mascha: AudienceMember 20220721QT19: I don't see any of the current leadership contenders asking for Johnson to go now","type":"L","timestamp":"2023-11-09 13:30:35"},{"nodeID":"1324833","text":"Asserting","type":"YA","timestamp":"2023-11-09 13:30:35"},{"nodeID":"1324834","text":"Default Transition","type":"TA","timestamp":"2023-11-09 13:30:35"},{"nodeID":"1324835","text":"AudienceMember 20220721QT19: we are stuck with this zombie Government","type":"L","timestamp":"2023-11-09 13:30:36"},{"nodeID":"1324836","text":"Analysing","type":"YA","timestamp":"2023-11-09 13:30:36"},{"nodeID":"1324837","text":"Mascha: AudienceMember 20220721QT19: we are stuck with this zombie Government","type":"L","timestamp":"2023-11-09 13:30:36"},{"nodeID":"1324838","text":"Asserting","type":"YA","timestamp":"2023-11-09 13:30:36"},{"nodeID":"1324839","text":"Default Transition","type":"TA","timestamp":"2023-11-09 13:30:36"},{"nodeID":"1324840","text":"Default Inference","type":"RA","timestamp":"2023-11-09 13:30:36"},{"nodeID":"1324841","text":"Arguing","type":"YA","timestamp":"2023-11-09 13:30:36"},{"nodeID":"1324842","text":"AudienceMember 20220721QT19: nothing is getting done","type":"L","timestamp":"2023-11-09 13:30:36"},{"nodeID":"1324843","text":"Analysing","type":"YA","timestamp":"2023-11-09 13:30:36"},{"nodeID":"1324844","text":"Mascha: AudienceMember 20220721QT19: nothing is getting done","type":"L","timestamp":"2023-11-09 13:30:36"},{"nodeID":"1324845","text":"Asserting","type":"YA","timestamp":"2023-11-09 13:30:36"},{"nodeID":"1324846","text":"Default Transition","type":"TA","timestamp":"2023-11-09 13:30:36"},{"nodeID":"1324847","text":"Default Rephrase","type":"MA","timestamp":"2023-11-09 13:30:36"},{"nodeID":"1324848","text":"Restating","type":"YA","timestamp":"2023-11-09 13:30:36"},{"nodeID":"1324849","text":"in any other walk of life Boris Johnson would be gone","type":"I","timestamp":"2023-11-09 13:30:37"},{"nodeID":"1324850","text":"AudienceMember 20220721QT19: In any other walk of life, I mean he would be gone","type":"L","timestamp":"2023-11-09 13:30:37"},{"nodeID":"1324851","text":"Analysing","type":"YA","timestamp":"2023-11-09 13:30:37"},{"nodeID":"1324852","text":"Mascha: AudienceMember 20220721QT19: In any other walk of life, I mean he would be gone","type":"L","timestamp":"2023-11-09 13:30:37"},{"nodeID":"1324853","text":"Asserting","type":"YA","timestamp":"2023-11-09 13:30:37"},{"nodeID":"1324854","text":"Default Transition","type":"TA","timestamp":"2023-11-09 13:30:37"},{"nodeID":"1324855","text":"in any other walk of life, Boris Johnson could not stay on for another two months","type":"I","timestamp":"2023-11-09 13:30:37"},{"nodeID":"1324856","text":"AudienceMember 20220721QT19: it wouldn't be you can stay on for another two months","type":"L","timestamp":"2023-11-09 13:30:37"},{"nodeID":"1324857","text":"Analysing","type":"YA","timestamp":"2023-11-09 13:30:37"},{"nodeID":"1324858","text":"Mascha: AudienceMember 20220721QT19: it wouldn't be you can stay on for another two months","type":"L","timestamp":"2023-11-09 13:30:37"},{"nodeID":"1324859","text":"Asserting","type":"YA","timestamp":"2023-11-09 13:30:37"},{"nodeID":"1324860","text":"Default Transition","type":"TA","timestamp":"2023-11-09 13:30:37"},{"nodeID":"1324861","text":"Default Rephrase","type":"MA","timestamp":"2023-11-09 13:30:37"},{"nodeID":"1324862","text":"Restating","type":"YA","timestamp":"2023-11-09 13:30:37"},{"nodeID":"1324863","text":"Boris Johnson staying on for another two months highlights why so many people feel divorced and separate from Westminster","type":"I","timestamp":"2023-11-09 13:30:38"},{"nodeID":"1324864","text":"AudienceMember 20220721QT19: That highlights what so many people feel divorced and separate from Westminster","type":"L","timestamp":"2023-11-09 13:30:38"},{"nodeID":"1324865","text":"Analysing","type":"YA","timestamp":"2023-11-09 13:30:38"},{"nodeID":"1324866","text":"Mascha: AudienceMember 20220721QT19: That highlights what so many people feel divorced and separate from Westminster","type":"L","timestamp":"2023-11-09 13:30:38"},{"nodeID":"1324867","text":"Asserting","type":"YA","timestamp":"2023-11-09 13:30:38"},{"nodeID":"1324868","text":"Default Transition","type":"TA","timestamp":"2023-11-09 13:30:38"},{"nodeID":"1324869","text":"processes in Westminster seem really counter intuitive to how things work sometimes","type":"I","timestamp":"2023-11-09 13:30:39"},{"nodeID":"1324870","text":"AudienceMember 20220721QT19: it just kind of seems really co intuitive to how things work sometimes","type":"L","timestamp":"2023-11-09 13:30:39"},{"nodeID":"1324871","text":"Analysing","type":"YA","timestamp":"2023-11-09 13:30:39"},{"nodeID":"1324872","text":"Mascha: AudienceMember 20220721QT19: it just kind of seems really co intuitive to how things work sometimes","type":"L","timestamp":"2023-11-09 13:30:39"},{"nodeID":"1324873","text":"Asserting","type":"YA","timestamp":"2023-11-09 13:30:39"},{"nodeID":"1324874","text":"Default Transition","type":"TA","timestamp":"2023-11-09 13:30:39"},{"nodeID":"1324875","text":"Default Inference","type":"RA","timestamp":"2023-11-09 13:30:39"},{"nodeID":"1324876","text":"Arguing","type":"YA","timestamp":"2023-11-09 13:30:39"},{"nodeID":"1324877","text":"Default Inference","type":"RA","timestamp":"2023-11-09 13:30:39"},{"nodeID":"1324878","text":"Default Transition","type":"TA","timestamp":"2023-11-09 13:30:39"},{"nodeID":"1324879","text":"Arguing","type":"YA","timestamp":"2023-11-09 13:30:39"},{"nodeID":"1324880","text":"you need there to be a Prime Minister","type":"I","timestamp":"2023-11-09 13:30:39"},{"nodeID":"1324881","text":"Bim Afolami: you need there to be a Prime Minister","type":"L","timestamp":"2023-11-09 13:30:39"},{"nodeID":"1324882","text":"Analysing","type":"YA","timestamp":"2023-11-09 13:30:39"},{"nodeID":"1324883","text":"Mascha: Bim Afolami: you need there to be a Prime Minister","type":"L","timestamp":"2023-11-09 13:30:39"},{"nodeID":"1324884","text":"Asserting","type":"YA","timestamp":"2023-11-09 13:30:39"},{"nodeID":"1324885","text":"Default Transition","type":"TA","timestamp":"2023-11-09 13:30:39"},{"nodeID":"1324886","text":"when we have had a change of Government in between General Elections, the previous or existing Prime Minister continues to enable an orderly transition","type":"I","timestamp":"2023-11-09 13:30:40"},{"nodeID":"1324887","text":"Bim Afolami: when we have had a change of Government in between General Elections, the previous or existing Prime Minister continues to enable an orderly transition","type":"L","timestamp":"2023-11-09 13:30:40"},{"nodeID":"1324888","text":"Analysing","type":"YA","timestamp":"2023-11-09 13:30:40"},{"nodeID":"1324889","text":"Mascha: Bim Afolami: when we have had a change of Government in between General Elections, the previous or existing Prime Minister continues to enable an orderly transition","type":"L","timestamp":"2023-11-09 13:30:40"},{"nodeID":"1324890","text":"Asserting","type":"YA","timestamp":"2023-11-09 13:30:40"},{"nodeID":"1324891","text":"Bim Afolami does not think that Boris Johnson staying on for two more months is illegitimate","type":"I","timestamp":"2023-11-09 13:30:40"},{"nodeID":"1324892","text":"Bim Afolami:  I don't think that's ill legitimate","type":"L","timestamp":"2023-11-09 13:30:40"},{"nodeID":"1324893","text":"Analysing","type":"YA","timestamp":"2023-11-09 13:30:40"},{"nodeID":"1324894","text":"Mascha: Bim Afolami:  I don't think that's ill legitimate","type":"L","timestamp":"2023-11-09 13:30:40"},{"nodeID":"1324895","text":"Asserting","type":"YA","timestamp":"2023-11-09 13:30:40"},{"nodeID":"1324896","text":"Default Transition","type":"TA","timestamp":"2023-11-09 13:30:40"},{"nodeID":"1324897","text":"Default Inference","type":"RA","timestamp":"2023-11-09 13:30:40"},{"nodeID":"1324898","text":"Default Transition","type":"TA","timestamp":"2023-11-09 13:30:40"},{"nodeID":"1324899","text":"Arguing","type":"YA","timestamp":"2023-11-09 13:30:40"},{"nodeID":"1324900","text":"Bim Afolami thinks Boris Johnson staying on for two more months is important","type":"I","timestamp":"2023-11-09 13:30:41"},{"nodeID":"1324901","text":"Bim Afolami:  I think that's important","type":"L","timestamp":"2023-11-09 13:30:41"},{"nodeID":"1324902","text":"Analysing","type":"YA","timestamp":"2023-11-09 13:30:41"},{"nodeID":"1324903","text":"Mascha: Bim Afolami:  I think that's important","type":"L","timestamp":"2023-11-09 13:30:41"},{"nodeID":"1324904","text":"Asserting","type":"YA","timestamp":"2023-11-09 13:30:41"},{"nodeID":"1324905","text":"Default Transition","type":"TA","timestamp":"2023-11-09 13:30:41"},{"nodeID":"1324906","text":"the Prime Minister just walked off and gone away on holiday","type":"I","timestamp":"2023-11-09 13:30:42"},{"nodeID":"1324907","text":"Bim Afolami: The Prime Minister just walked off and gone away on holiday or something","type":"L","timestamp":"2023-11-09 13:30:42"},{"nodeID":"1324908","text":"Analysing","type":"YA","timestamp":"2023-11-09 13:30:42"},{"nodeID":"1324909","text":"Mascha: Bim Afolami: The Prime Minister just walked off and gone away on holiday or something","type":"L","timestamp":"2023-11-09 13:30:42"},{"nodeID":"1324910","text":"Asserting","type":"YA","timestamp":"2023-11-09 13:30:42"},{"nodeID":"1324911","text":"many people or maybe even you in this audience would be saying why has he abdicated his responsibility","type":"I","timestamp":"2023-11-09 13:30:42"},{"nodeID":"1324912","text":"Bim Afolami:  many people or maybe even you in this audience would be saying why has he abdicated his responsibility","type":"L","timestamp":"2023-11-09 13:30:42"},{"nodeID":"1324913","text":"Analysing","type":"YA","timestamp":"2023-11-09 13:30:42"},{"nodeID":"1324914","text":"Mascha: Bim Afolami:  many people or maybe even you in this audience would be saying why has he abdicated his responsibility","type":"L","timestamp":"2023-11-09 13:30:42"},{"nodeID":"1324915","text":"Asserting","type":"YA","timestamp":"2023-11-09 13:30:42"},{"nodeID":"1324916","text":"Default Transition","type":"TA","timestamp":"2023-11-09 13:30:42"},{"nodeID":"1324917","text":"Default Inference","type":"RA","timestamp":"2023-11-09 13:30:42"},{"nodeID":"1324918","text":"Arguing","type":"YA","timestamp":"2023-11-09 13:30:42"},{"nodeID":"1324919","text":"Bim Afolami: We need sensible Government before a transition","type":"L","timestamp":"2023-11-09 13:30:43"},{"nodeID":"1324920","text":"Analysing","type":"YA","timestamp":"2023-11-09 13:30:43"},{"nodeID":"1324921","text":"Mascha: Bim Afolami: We need sensible Government before a transition","type":"L","timestamp":"2023-11-09 13:30:43"},{"nodeID":"1324922","text":"Asserting","type":"YA","timestamp":"2023-11-09 13:30:43"},{"nodeID":"1324923","text":"Default Rephrase","type":"MA","timestamp":"2023-11-09 13:30:43"},{"nodeID":"1324924","text":"Default Transition","type":"TA","timestamp":"2023-11-09 13:30:43"},{"nodeID":"1324925","text":"Restating","type":"YA","timestamp":"2023-11-09 13:30:43"},{"nodeID":"1324926","text":"AudienceMember20220721QT20 would or would not say that Boris Johnson has abdicated his responsibility if he went on holiday","type":"I","timestamp":"2023-11-09 13:30:43"},{"nodeID":"1324927","text":"Fiona Bruce: would be saying that","type":"L","timestamp":"2023-11-09 13:30:43"},{"nodeID":"1324928","text":"Analysing","type":"YA","timestamp":"2023-11-09 13:30:43"},{"nodeID":"1324929","text":"Mascha: Fiona Bruce: would be saying that","type":"L","timestamp":"2023-11-09 13:30:43"},{"nodeID":"1324930","text":"Pure Questioning","type":"YA","timestamp":"2023-11-09 13:30:43"},{"nodeID":"1324931","text":"Default Transition","type":"TA","timestamp":"2023-11-09 13:30:43"},{"nodeID":"1324932","text":"no, AudienceMember 20220721QT20 would not say that Boris Johnson has abdicated his responsibility if he went on holiday","type":"I","timestamp":"2023-11-09 13:30:44"},{"nodeID":"1324933","text":"AudienceMember 20220721QT20: No","type":"L","timestamp":"2023-11-09 13:30:44"},{"nodeID":"1324934","text":"Analysing","type":"YA","timestamp":"2023-11-09 13:30:44"},{"nodeID":"1324935","text":"Mascha: AudienceMember 20220721QT20: No","type":"L","timestamp":"2023-11-09 13:30:44"},{"nodeID":"1324936","text":"Asserting","type":"YA","timestamp":"2023-11-09 13:30:44"},{"nodeID":"1324937","text":"Default Transition","type":"TA","timestamp":"2023-11-09 13:30:44"},{"nodeID":"1324938","text":"Default Rephrase","type":"MA","timestamp":"2023-11-09 13:30:44"},{"nodeID":"1324939","text":"Default Illocuting","type":"YA","timestamp":"2023-11-09 13:30:44"},{"nodeID":"1324940","text":"if no-one stepped-up AudienceMember 20220721QT20 would be saying why don't the Tories have deep enough ranks for anyone to step up in a moment's notice","type":"I","timestamp":"2023-11-09 13:30:45"},{"nodeID":"1324941","text":"AudienceMember 20220721QT20: If no-one stepped-up I would be saying why don't the Tories have deep enough ranks for anyone to step up in a moment's notice","type":"L","timestamp":"2023-11-09 13:30:45"},{"nodeID":"1324942","text":"Analysing","type":"YA","timestamp":"2023-11-09 13:30:45"},{"nodeID":"1324943","text":"Mascha: AudienceMember 20220721QT20: If no-one stepped-up I would be saying why don't the Tories have deep enough ranks for anyone to step up in a moment's notice","type":"L","timestamp":"2023-11-09 13:30:45"},{"nodeID":"1324944","text":"Asserting","type":"YA","timestamp":"2023-11-09 13:30:45"},{"nodeID":"1324945","text":"Default Transition","type":"TA","timestamp":"2023-11-09 13:30:45"},{"nodeID":"1324946","text":"Default Inference","type":"RA","timestamp":"2023-11-09 13:30:45"},{"nodeID":"1324947","text":"Arguing","type":"YA","timestamp":"2023-11-09 13:30:45"},{"nodeID":"1324948","text":"Default Conflict","type":"CA","timestamp":"2023-11-09 13:30:45"},{"nodeID":"1324949","text":"Disagreeing","type":"YA","timestamp":"2023-11-09 13:30:45"},{"nodeID":"1324950","text":"Default Inference","type":"RA","timestamp":"2023-11-09 13:30:45"},{"nodeID":"1324951","text":"Default Transition","type":"TA","timestamp":"2023-11-09 13:30:45"},{"nodeID":"1324952","text":"Arguing","type":"YA","timestamp":"2023-11-09 13:30:45"}],"edges":[{"edgeID":"1738357","fromID":"1324826","toID":"1324825","formEdgeID":null},{"edgeID":"1738358","fromID":"1324827","toID":"1324826","formEdgeID":null},{"edgeID":"1738359","fromID":"1324825","toID":"1324828","formEdgeID":null},{"edgeID":"1738360","fromID":"1324828","toID":"1149851","formEdgeID":null},{"edgeID":"1738361","fromID":"1324831","toID":"1324830","formEdgeID":null},{"edgeID":"1738362","fromID":"1324832","toID":"1324831","formEdgeID":null},{"edgeID":"1738363","fromID":"1324830","toID":"1324833","formEdgeID":null},{"edgeID":"1738364","fromID":"1324833","toID":"1324829","formEdgeID":null},{"edgeID":"1738365","fromID":"1324825","toID":"1324834","formEdgeID":null},{"edgeID":"1738366","fromID":"1324834","toID":"1324830","formEdgeID":null},{"edgeID":"1738367","fromID":"1324836","toID":"1324835","formEdgeID":null},{"edgeID":"1738368","fromID":"1324837","toID":"1324836","formEdgeID":null},{"edgeID":"1738369","fromID":"1324835","toID":"1324838","formEdgeID":null},{"edgeID":"1738370","fromID":"1324838","toID":"1149864","formEdgeID":null},{"edgeID":"1738371","fromID":"1324830","toID":"1324839","formEdgeID":null},{"edgeID":"1738372","fromID":"1324839","toID":"1324835","formEdgeID":null},{"edgeID":"1738373","fromID":"1324829","toID":"1324840","formEdgeID":null},{"edgeID":"1738374","fromID":"1324840","toID":"1149864","formEdgeID":null},{"edgeID":"1738375","fromID":"1324839","toID":"1324841","formEdgeID":null},{"edgeID":"1738376","fromID":"1324841","toID":"1324840","formEdgeID":null},{"edgeID":"1738377","fromID":"1324843","toID":"1324842","formEdgeID":null},{"edgeID":"1738378","fromID":"1324844","toID":"1324843","formEdgeID":null},{"edgeID":"1738379","fromID":"1324842","toID":"1324845","formEdgeID":null},{"edgeID":"1738380","fromID":"1324845","toID":"1149872","formEdgeID":null},{"edgeID":"1738381","fromID":"1324835","toID":"1324846","formEdgeID":null},{"edgeID":"1738382","fromID":"1324846","toID":"1324842","formEdgeID":null},{"edgeID":"1738383","fromID":"1149872","toID":"1324847","formEdgeID":null},{"edgeID":"1738384","fromID":"1324847","toID":"1149864","formEdgeID":null},{"edgeID":"1738385","fromID":"1324846","toID":"1324848","formEdgeID":null},{"edgeID":"1738386","fromID":"1324848","toID":"1324847","formEdgeID":null},{"edgeID":"1738387","fromID":"1324851","toID":"1324850","formEdgeID":null},{"edgeID":"1738388","fromID":"1324852","toID":"1324851","formEdgeID":null},{"edgeID":"1738389","fromID":"1324850","toID":"1324853","formEdgeID":null},{"edgeID":"1738390","fromID":"1324853","toID":"1324849","formEdgeID":null},{"edgeID":"1738391","fromID":"1324842","toID":"1324854","formEdgeID":null},{"edgeID":"1738392","fromID":"1324854","toID":"1324850","formEdgeID":null},{"edgeID":"1738393","fromID":"1324857","toID":"1324856","formEdgeID":null},{"edgeID":"1738394","fromID":"1324858","toID":"1324857","formEdgeID":null},{"edgeID":"1738395","fromID":"1324856","toID":"1324859","formEdgeID":null},{"edgeID":"1738396","fromID":"1324859","toID":"1324855","formEdgeID":null},{"edgeID":"1738397","fromID":"1324850","toID":"1324860","formEdgeID":null},{"edgeID":"1738398","fromID":"1324860","toID":"1324856","formEdgeID":null},{"edgeID":"1738399","fromID":"1324855","toID":"1324861","formEdgeID":null},{"edgeID":"1738400","fromID":"1324861","toID":"1324849","formEdgeID":null},{"edgeID":"1738401","fromID":"1324860","toID":"1324862","formEdgeID":null},{"edgeID":"1738402","fromID":"1324862","toID":"1324861","formEdgeID":null},{"edgeID":"1738403","fromID":"1324865","toID":"1324864","formEdgeID":null},{"edgeID":"1738404","fromID":"1324866","toID":"1324865","formEdgeID":null},{"edgeID":"1738405","fromID":"1324864","toID":"1324867","formEdgeID":null},{"edgeID":"1738406","fromID":"1324867","toID":"1324863","formEdgeID":null},{"edgeID":"1738407","fromID":"1324856","toID":"1324868","formEdgeID":null},{"edgeID":"1738408","fromID":"1324868","toID":"1324864","formEdgeID":null},{"edgeID":"1738409","fromID":"1324871","toID":"1324870","formEdgeID":null},{"edgeID":"1738410","fromID":"1324872","toID":"1324871","formEdgeID":null},{"edgeID":"1738411","fromID":"1324870","toID":"1324873","formEdgeID":null},{"edgeID":"1738412","fromID":"1324873","toID":"1324869","formEdgeID":null},{"edgeID":"1738413","fromID":"1324864","toID":"1324874","formEdgeID":null},{"edgeID":"1738414","fromID":"1324874","toID":"1324870","formEdgeID":null},{"edgeID":"1738415","fromID":"1324869","toID":"1324875","formEdgeID":null},{"edgeID":"1738416","fromID":"1324875","toID":"1324863","formEdgeID":null},{"edgeID":"1738417","fromID":"1324874","toID":"1324876","formEdgeID":null},{"edgeID":"1738418","fromID":"1324876","toID":"1324875","formEdgeID":null},{"edgeID":"1738419","fromID":"1324855","toID":"1324877","formEdgeID":null},{"edgeID":"1738420","fromID":"1324877","toID":"1324869","formEdgeID":null},{"edgeID":"1738421","fromID":"1324856","toID":"1324878","formEdgeID":null},{"edgeID":"1738422","fromID":"1324878","toID":"1324870","formEdgeID":null},{"edgeID":"1738423","fromID":"1324878","toID":"1324879","formEdgeID":null},{"edgeID":"1738424","fromID":"1324879","toID":"1324877","formEdgeID":null},{"edgeID":"1738425","fromID":"1324882","toID":"1324881","formEdgeID":null},{"edgeID":"1738426","fromID":"1324883","toID":"1324882","formEdgeID":null},{"edgeID":"1738427","fromID":"1324881","toID":"1324884","formEdgeID":null},{"edgeID":"1738428","fromID":"1324884","toID":"1324880","formEdgeID":null},{"edgeID":"1738429","fromID":"1324870","toID":"1324885","formEdgeID":null},{"edgeID":"1738430","fromID":"1324885","toID":"1324881","formEdgeID":null},{"edgeID":"1738431","fromID":"1324888","toID":"1324887","formEdgeID":null},{"edgeID":"1738432","fromID":"1324889","toID":"1324888","formEdgeID":null},{"edgeID":"1738433","fromID":"1324887","toID":"1324890","formEdgeID":null},{"edgeID":"1738434","fromID":"1324890","toID":"1324886","formEdgeID":null},{"edgeID":"1738435","fromID":"1324893","toID":"1324892","formEdgeID":null},{"edgeID":"1738436","fromID":"1324894","toID":"1324893","formEdgeID":null},{"edgeID":"1738437","fromID":"1324892","toID":"1324895","formEdgeID":null},{"edgeID":"1738438","fromID":"1324895","toID":"1324891","formEdgeID":null},{"edgeID":"1738439","fromID":"1324887","toID":"1324896","formEdgeID":null},{"edgeID":"1738440","fromID":"1324896","toID":"1324892","formEdgeID":null},{"edgeID":"1738441","fromID":"1324886","toID":"1324897","formEdgeID":null},{"edgeID":"1738442","fromID":"1324897","toID":"1324891","formEdgeID":null},{"edgeID":"1738443","fromID":"1324880","toID":"1324897","formEdgeID":null},{"edgeID":"1738444","fromID":"1324881","toID":"1324898","formEdgeID":null},{"edgeID":"1738445","fromID":"1324898","toID":"1324892","formEdgeID":null},{"edgeID":"1738446","fromID":"1324896","toID":"1324899","formEdgeID":null},{"edgeID":"1738447","fromID":"1324899","toID":"1324897","formEdgeID":null},{"edgeID":"1738448","fromID":"1324902","toID":"1324901","formEdgeID":null},{"edgeID":"1738449","fromID":"1324903","toID":"1324902","formEdgeID":null},{"edgeID":"1738450","fromID":"1324901","toID":"1324904","formEdgeID":null},{"edgeID":"1738451","fromID":"1324904","toID":"1324900","formEdgeID":null},{"edgeID":"1738452","fromID":"1324892","toID":"1324905","formEdgeID":null},{"edgeID":"1738453","fromID":"1324905","toID":"1324901","formEdgeID":null},{"edgeID":"1738454","fromID":"1324908","toID":"1324907","formEdgeID":null},{"edgeID":"1738455","fromID":"1324909","toID":"1324908","formEdgeID":null},{"edgeID":"1738456","fromID":"1324907","toID":"1324910","formEdgeID":null},{"edgeID":"1738457","fromID":"1324910","toID":"1324906","formEdgeID":null},{"edgeID":"1738458","fromID":"1324913","toID":"1324912","formEdgeID":null},{"edgeID":"1738459","fromID":"1324914","toID":"1324913","formEdgeID":null},{"edgeID":"1738460","fromID":"1324912","toID":"1324915","formEdgeID":null},{"edgeID":"1738461","fromID":"1324915","toID":"1324911","formEdgeID":null},{"edgeID":"1738462","fromID":"1324907","toID":"1324916","formEdgeID":null},{"edgeID":"1738463","fromID":"1324916","toID":"1324912","formEdgeID":null},{"edgeID":"1738464","fromID":"1324911","toID":"1324917","formEdgeID":null},{"edgeID":"1738465","fromID":"1324917","toID":"1324900","formEdgeID":null},{"edgeID":"1738466","fromID":"1324906","toID":"1324917","formEdgeID":null},{"edgeID":"1738467","fromID":"1324916","toID":"1324918","formEdgeID":null},{"edgeID":"1738468","fromID":"1324918","toID":"1324917","formEdgeID":null},{"edgeID":"1738469","fromID":"1324920","toID":"1324919","formEdgeID":null},{"edgeID":"1738470","fromID":"1324921","toID":"1324920","formEdgeID":null},{"edgeID":"1738471","fromID":"1324919","toID":"1324922","formEdgeID":null},{"edgeID":"1738472","fromID":"1324922","toID":"1149957","formEdgeID":null},{"edgeID":"1738473","fromID":"1149957","toID":"1324923","formEdgeID":null},{"edgeID":"1738474","fromID":"1324923","toID":"1324886","formEdgeID":null},{"edgeID":"1738475","fromID":"1324887","toID":"1324924","formEdgeID":null},{"edgeID":"1738476","fromID":"1324924","toID":"1324919","formEdgeID":null},{"edgeID":"1738477","fromID":"1324924","toID":"1324925","formEdgeID":null},{"edgeID":"1738478","fromID":"1324925","toID":"1324923","formEdgeID":null},{"edgeID":"1738479","fromID":"1324928","toID":"1324927","formEdgeID":null},{"edgeID":"1738480","fromID":"1324929","toID":"1324928","formEdgeID":null},{"edgeID":"1738481","fromID":"1324927","toID":"1324930","formEdgeID":null},{"edgeID":"1738482","fromID":"1324930","toID":"1324926","formEdgeID":null},{"edgeID":"1738483","fromID":"1324919","toID":"1324931","formEdgeID":null},{"edgeID":"1738484","fromID":"1324931","toID":"1324927","formEdgeID":null},{"edgeID":"1738485","fromID":"1324934","toID":"1324933","formEdgeID":null},{"edgeID":"1738486","fromID":"1324935","toID":"1324934","formEdgeID":null},{"edgeID":"1738487","fromID":"1324933","toID":"1324936","formEdgeID":null},{"edgeID":"1738488","fromID":"1324936","toID":"1324932","formEdgeID":null},{"edgeID":"1738489","fromID":"1324927","toID":"1324937","formEdgeID":null},{"edgeID":"1738490","fromID":"1324937","toID":"1324933","formEdgeID":null},{"edgeID":"1738491","fromID":"1324932","toID":"1324938","formEdgeID":null},{"edgeID":"1738492","fromID":"1324938","toID":"1324926","formEdgeID":null},{"edgeID":"1738493","fromID":"1324937","toID":"1324939","formEdgeID":null},{"edgeID":"1738494","fromID":"1324939","toID":"1324938","formEdgeID":null},{"edgeID":"1738495","fromID":"1324942","toID":"1324941","formEdgeID":null},{"edgeID":"1738496","fromID":"1324943","toID":"1324942","formEdgeID":null},{"edgeID":"1738497","fromID":"1324941","toID":"1324944","formEdgeID":null},{"edgeID":"1738498","fromID":"1324944","toID":"1324940","formEdgeID":null},{"edgeID":"1738499","fromID":"1324933","toID":"1324945","formEdgeID":null},{"edgeID":"1738500","fromID":"1324945","toID":"1324941","formEdgeID":null},{"edgeID":"1738501","fromID":"1324940","toID":"1324946","formEdgeID":null},{"edgeID":"1738502","fromID":"1324946","toID":"1324932","formEdgeID":null},{"edgeID":"1738503","fromID":"1324945","toID":"1324947","formEdgeID":null},{"edgeID":"1738504","fromID":"1324947","toID":"1324946","formEdgeID":null},{"edgeID":"1738505","fromID":"1324829","toID":"1324948","formEdgeID":null},{"edgeID":"1738506","fromID":"1324948","toID":"1149851","formEdgeID":null},{"edgeID":"1738507","fromID":"1324834","toID":"1324949","formEdgeID":null},{"edgeID":"1738508","fromID":"1324949","toID":"1324948","formEdgeID":null},{"edgeID":"1738509","fromID":"1324911","toID":"1324950","formEdgeID":null},{"edgeID":"1738510","fromID":"1324950","toID":"1149957","formEdgeID":null},{"edgeID":"1738511","fromID":"1324906","toID":"1324950","formEdgeID":null},{"edgeID":"1738512","fromID":"1324912","toID":"1324951","formEdgeID":null},{"edgeID":"1738513","fromID":"1324951","toID":"1324919","formEdgeID":null},{"edgeID":"1738514","fromID":"1324951","toID":"1324952","formEdgeID":null},{"edgeID":"1738515","fromID":"1324952","toID":"1324950","formEdgeID":null},{"edgeID":"1738516","fromID":"1324907","toID":"1324951","formEdgeID":null},{"edgeID":"1738517","fromID":"1324901","toID":"1324916","formEdgeID":null}],"locutions":[]}