{"nodes":[{"nodeID":"1324670","text":"a change in leadership will or will not be enough for AudienceMember 20220721QT02","type":"I","timestamp":"2023-11-09 13:30:21"},{"nodeID":"1324671","text":"Fiona Bruce: will it be enough for you","type":"L","timestamp":"2023-11-09 13:30:21"},{"nodeID":"1324672","text":"Analysing","type":"YA","timestamp":"2023-11-09 13:30:21"},{"nodeID":"1324673","text":"Pawe\u0142: Fiona Bruce: will it be enough for you","type":"L","timestamp":"2023-11-09 13:30:21"},{"nodeID":"1324674","text":"Pure Questioning","type":"YA","timestamp":"2023-11-09 13:30:21"},{"nodeID":"1324675","text":"a change in leadership will not be enough for AudienceMember 20220721QT02","type":"I","timestamp":"2023-11-09 13:30:22"},{"nodeID":"1324676","text":"AudienceMember 20220721QT02: I don't think so","type":"L","timestamp":"2023-11-09 13:30:22"},{"nodeID":"1324677","text":"Analysing","type":"YA","timestamp":"2023-11-09 13:30:22"},{"nodeID":"1324678","text":"Pawe\u0142: AudienceMember 20220721QT02: I don't think so","type":"L","timestamp":"2023-11-09 13:30:22"},{"nodeID":"1324679","text":"Asserting","type":"YA","timestamp":"2023-11-09 13:30:22"},{"nodeID":"1324680","text":"regaining trust is about hearts and minds","type":"I","timestamp":"2023-11-09 13:30:23"},{"nodeID":"1324681","text":"Analysing","type":"YA","timestamp":"2023-11-09 13:30:23"},{"nodeID":"1324682","text":"AudienceMember 20220721QT02: I think it's about hearts and minds","type":"L","timestamp":"2023-11-09 13:30:23"},{"nodeID":"1324683","text":"Pawe\u0142: AudienceMember 20220721QT02: I think it's about hearts and minds","type":"L","timestamp":"2023-11-09 13:30:23"},{"nodeID":"1324684","text":"Asserting","type":"YA","timestamp":"2023-11-09 13:30:23"},{"nodeID":"1324685","text":"AudienceMember 20220721QT02 is or is not saying that regaining trust is about hearts and mins as a Conservative voter","type":"I","timestamp":"2023-11-09 13:30:23"},{"nodeID":"1324686","text":"Fiona Bruce: Are you saying that as a Conservative voter","type":"L","timestamp":"2023-11-09 13:30:23"},{"nodeID":"1324687","text":"Analysing","type":"YA","timestamp":"2023-11-09 13:30:23"},{"nodeID":"1324688","text":"Pawe\u0142: Fiona Bruce: Are you saying that as a Conservative voter","type":"L","timestamp":"2023-11-09 13:30:23"},{"nodeID":"1324689","text":"Pure Questioning","type":"YA","timestamp":"2023-11-09 13:30:23"},{"nodeID":"1324690","text":"AudienceMember 20220721QT03 is saying that regaining trust is about hearts and minds as a person who has watched people take the mickey out of the public","type":"I","timestamp":"2023-11-09 13:30:24"},{"nodeID":"1324691","text":"Analysing","type":"YA","timestamp":"2023-11-09 13:30:24"},{"nodeID":"1324692","text":"Pawe\u0142: AudienceMember 20220721QT03:  I'm saying it as a person who has watched people take just take the mickey out of us really the public","type":"L","timestamp":"2023-11-09 13:30:24"},{"nodeID":"1324693","text":"Asserting","type":"YA","timestamp":"2023-11-09 13:30:24"},{"nodeID":"1324694","text":"AudienceMember 20220721QT03:  I'm saying it as a person who has watched people take just take the mickey out of us really the public","type":"L","timestamp":"2023-11-09 13:30:24"},{"nodeID":"1324695","text":"it's got to be more than just put a new person in and everything is going to be OK","type":"I","timestamp":"2023-11-09 13:30:24"},{"nodeID":"1324696","text":"AudienceMember 20220721QT03: I just feel that it's got to be more than just put a new person in and everything is going to be OK","type":"L","timestamp":"2023-11-09 13:30:24"},{"nodeID":"1324697","text":"Analysing","type":"YA","timestamp":"2023-11-09 13:30:24"},{"nodeID":"1324698","text":"Pawe\u0142: AudienceMember 20220721QT03: I just feel that it's got to be more than just put a new person in and everything is going to be OK","type":"L","timestamp":"2023-11-09 13:30:24"},{"nodeID":"1324699","text":"Asserting","type":"YA","timestamp":"2023-11-09 13:30:24"},{"nodeID":"1324700","text":"for AudienceMember 20220721QT03 everything is not OK","type":"I","timestamp":"2023-11-09 13:30:25"},{"nodeID":"1324701","text":"Analysing","type":"YA","timestamp":"2023-11-09 13:30:25"},{"nodeID":"1324702","text":"AudienceMember 20220721QT03: For me it's not","type":"L","timestamp":"2023-11-09 13:30:25"},{"nodeID":"1324703","text":"Pawe\u0142: AudienceMember 20220721QT03: For me it's not","type":"L","timestamp":"2023-11-09 13:30:25"},{"nodeID":"1324704","text":"Asserting","type":"YA","timestamp":"2023-11-09 13:30:25"},{"nodeID":"1324705","text":"we have been through so much","type":"I","timestamp":"2023-11-09 13:30:26"},{"nodeID":"1324706","text":"Pawe\u0142: AudienceMember 20220721QT03: And I think that we have been through so much that","type":"L","timestamp":"2023-11-09 13:30:26"},{"nodeID":"1324707","text":"Analysing","type":"YA","timestamp":"2023-11-09 13:30:26"},{"nodeID":"1324708","text":"AudienceMember 20220721QT03: And I think that we have been through so much that","type":"L","timestamp":"2023-11-09 13:30:26"},{"nodeID":"1324709","text":"Asserting","type":"YA","timestamp":"2023-11-09 13:30:26"},{"nodeID":"1324710","text":"AudienceMember 20220721QT03 would like to see xxx","type":"I","timestamp":"2023-11-09 13:30:26"},{"nodeID":"1324711","text":"Fiona Bruce: What would you like to see happen Maureen","type":"L","timestamp":"2023-11-09 13:30:26"},{"nodeID":"1324712","text":"Analysing","type":"YA","timestamp":"2023-11-09 13:30:26"},{"nodeID":"1324713","text":"Pawe\u0142: Fiona Bruce: What would you like to see happen Maureen","type":"L","timestamp":"2023-11-09 13:30:26"},{"nodeID":"1324714","text":"Asserting","type":"YA","timestamp":"2023-11-09 13:30:26"},{"nodeID":"1324715","text":"AudienceMember 20220721QT04 is not qualified to make those sorts of views","type":"I","timestamp":"2023-11-09 13:30:27"},{"nodeID":"1324716","text":"Pawe\u0142: AudienceMember 20220721QT04: I don't think I'm qualified to make those sorts of views","type":"L","timestamp":"2023-11-09 13:30:27"},{"nodeID":"1324717","text":"AudienceMember 20220721QT04: I don't think I'm qualified to make those sorts of views","type":"L","timestamp":"2023-11-09 13:30:27"},{"nodeID":"1324718","text":"Analysing","type":"YA","timestamp":"2023-11-09 13:30:27"},{"nodeID":"1324719","text":"Asserting","type":"YA","timestamp":"2023-11-09 13:30:27"},{"nodeID":"1324720","text":"so many things have gone wrong, so many things have been put in place that were wrong for years","type":"I","timestamp":"2023-11-09 13:30:27"},{"nodeID":"1324721","text":"AudienceMember 20220721QT04:  I just think it's somebody that's actually so many things have gone wrong, so many things have been put in place that were wrong. You know. For years","type":"L","timestamp":"2023-11-09 13:30:27"},{"nodeID":"1324722","text":"Analysing","type":"YA","timestamp":"2023-11-09 13:30:27"},{"nodeID":"1324723","text":"Pawe\u0142: AudienceMember 20220721QT04:  I just think it's somebody that's actually so many things have gone wrong, so many things have been put in place that were wrong. You know. For years","type":"L","timestamp":"2023-11-09 13:30:27"},{"nodeID":"1324724","text":"Asserting","type":"YA","timestamp":"2023-11-09 13:30:27"},{"nodeID":"1324725","text":"we didn't get to have a confidence vote","type":"I","timestamp":"2023-11-09 13:30:28"},{"nodeID":"1324726","text":"AudienceMember 20220721QT04: We didn't","type":"L","timestamp":"2023-11-09 13:30:28"},{"nodeID":"1324727","text":"Analysing","type":"YA","timestamp":"2023-11-09 13:30:28"},{"nodeID":"1324728","text":"Pawe\u0142: AudienceMember 20220721QT04: We didn't","type":"L","timestamp":"2023-11-09 13:30:28"},{"nodeID":"1324729","text":"Asserting","type":"YA","timestamp":"2023-11-09 13:30:28"},{"nodeID":"1324730","text":"a change in leadership is actually taking a bit of responsibility","type":"I","timestamp":"2023-11-09 13:30:28"},{"nodeID":"1324731","text":"AudienceMember 20220721QT04:  I think it's actually taking a bit of responsibility","type":"L","timestamp":"2023-11-09 13:30:28"},{"nodeID":"1324732","text":"Analysing","type":"YA","timestamp":"2023-11-09 13:30:28"},{"nodeID":"1324733","text":"Pawe\u0142: AudienceMember 20220721QT04:  I think it's actually taking a bit of responsibility","type":"L","timestamp":"2023-11-09 13:30:28"},{"nodeID":"1324734","text":"Asserting","type":"YA","timestamp":"2023-11-09 13:30:28"},{"nodeID":"1324735","text":"the government got to have a confidence vote","type":"I","timestamp":"2023-11-09 13:30:29"},{"nodeID":"1324736","text":"AudienceMember 20220721QT04: you all got to have a confidence vote","type":"L","timestamp":"2023-11-09 13:30:29"},{"nodeID":"1324737","text":"Analysing","type":"YA","timestamp":"2023-11-09 13:30:29"},{"nodeID":"1324738","text":"Pawe\u0142: AudienceMember 20220721QT04: you all got to have a confidence vote","type":"L","timestamp":"2023-11-09 13:30:29"},{"nodeID":"1324739","text":"Asserting","type":"YA","timestamp":"2023-11-09 13:30:29"},{"nodeID":"1324740","text":"it's our country","type":"I","timestamp":"2023-11-09 13:30:30"},{"nodeID":"1324741","text":"AudienceMember 20220721QT04: It's our country","type":"L","timestamp":"2023-11-09 13:30:30"},{"nodeID":"1324742","text":"Analysing","type":"YA","timestamp":"2023-11-09 13:30:30"},{"nodeID":"1324743","text":"Pawe\u0142: AudienceMember 20220721QT04: It's our country","type":"L","timestamp":"2023-11-09 13:30:30"},{"nodeID":"1324744","text":"Asserting","type":"YA","timestamp":"2023-11-09 13:30:30"},{"nodeID":"1324745","text":"we need to have more respect for the government but the government needs to have more respect for us","type":"I","timestamp":"2023-11-09 13:30:30"},{"nodeID":"1324746","text":"AudienceMember 20220721QT04: I just think it's having, we need to have more respect for you but I think you need to have more respect for us","type":"L","timestamp":"2023-11-09 13:30:30"},{"nodeID":"1324747","text":"Analysing","type":"YA","timestamp":"2023-11-09 13:30:30"},{"nodeID":"1324748","text":"Pawe\u0142: AudienceMember 20220721QT04: I just think it's having, we need to have more respect for you but I think you need to have more respect for us","type":"L","timestamp":"2023-11-09 13:30:30"},{"nodeID":"1324749","text":"Asserting","type":"YA","timestamp":"2023-11-09 13:30:30"},{"nodeID":"1324750","text":"when you get really, really bad behaviour over such a long period as we have had it also has an effect on politics itself","type":"I","timestamp":"2023-11-09 13:30:31"},{"nodeID":"1324751","text":"Mary Bousted:  it also has an effect on politics itself","type":"L","timestamp":"2023-11-09 13:30:31"},{"nodeID":"1324752","text":"Analysing","type":"YA","timestamp":"2023-11-09 13:30:31"},{"nodeID":"1324753","text":"Pawe\u0142: Mary Bousted:  it also has an effect on politics itself","type":"L","timestamp":"2023-11-09 13:30:31"},{"nodeID":"1324754","text":"Asserting","type":"YA","timestamp":"2023-11-09 13:30:31"},{"nodeID":"1324755","text":"it's very easy when you get really, really bad behaviour over such a long period as we have had for everyone to say all politicians are the same","type":"I","timestamp":"2023-11-09 13:30:31"},{"nodeID":"1324756","text":"Mary Bousted: it's very easy then for everyone to say well they are all the same","type":"L","timestamp":"2023-11-09 13:30:31"},{"nodeID":"1324757","text":"Analysing","type":"YA","timestamp":"2023-11-09 13:30:31"},{"nodeID":"1324758","text":"Pawe\u0142: Mary Bousted: it's very easy then for everyone to say well they are all the same","type":"L","timestamp":"2023-11-09 13:30:31"},{"nodeID":"1324759","text":"Asserting","type":"YA","timestamp":"2023-11-09 13:30:31"},{"nodeID":"1324760","text":"everyone saying well all politicians are the same is really dangerous","type":"I","timestamp":"2023-11-09 13:30:32"},{"nodeID":"1324761","text":"Mary Bousted: I think that's really dangerous","type":"L","timestamp":"2023-11-09 13:30:32"},{"nodeID":"1324762","text":"Analysing","type":"YA","timestamp":"2023-11-09 13:30:32"},{"nodeID":"1324763","text":"Pawe\u0142: Mary Bousted: I think that's really dangerous","type":"L","timestamp":"2023-11-09 13:30:32"},{"nodeID":"1324764","text":"Asserting","type":"YA","timestamp":"2023-11-09 13:30:32"},{"nodeID":"1324765","text":"politicians and politics has such an effect on our lives, on our taxes and our public services, and on really important decisions around our relationships with the rest of the world, our standing in the world","type":"I","timestamp":"2023-11-09 13:30:33"},{"nodeID":"1324766","text":"Mary Bousted: politicians and politics has such an effect on our lives, on our taxes and our public services, and on really important decisions around our relationships with the rest of the world, our standing in the world","type":"L","timestamp":"2023-11-09 13:30:33"},{"nodeID":"1324767","text":"Pawe\u0142: Mary Bousted: politicians and politics has such an effect on our lives, on our taxes and our public services, and on really important decisions around our relationships with the rest of the world, our standing in the world","type":"L","timestamp":"2023-11-09 13:30:33"},{"nodeID":"1324768","text":"Analysing","type":"YA","timestamp":"2023-11-09 13:30:33"},{"nodeID":"1324769","text":"Asserting","type":"YA","timestamp":"2023-11-09 13:30:33"},{"nodeID":"1324770","text":"Default Rephrase","type":"MA","timestamp":"2023-11-09 13:30:33"},{"nodeID":"1324771","text":"Default Transition","type":"TA","timestamp":"2023-11-09 13:30:33"},{"nodeID":"1324772","text":"Default Illocuting","type":"YA","timestamp":"2023-11-09 13:30:33"},{"nodeID":"1324773","text":"Default Transition","type":"TA","timestamp":"2023-11-09 13:30:33"},{"nodeID":"1324774","text":"Default Inference","type":"RA","timestamp":"2023-11-09 13:30:33"},{"nodeID":"1324775","text":"Arguing","type":"YA","timestamp":"2023-11-09 13:30:33"},{"nodeID":"1324776","text":"Default Transition","type":"TA","timestamp":"2023-11-09 13:30:33"},{"nodeID":"1324777","text":"Default Transition","type":"TA","timestamp":"2023-11-09 13:30:33"},{"nodeID":"1324778","text":"Default Rephrase","type":"MA","timestamp":"2023-11-09 13:30:33"},{"nodeID":"1324779","text":"Restating","type":"YA","timestamp":"2023-11-09 13:30:33"},{"nodeID":"1324780","text":"Default Transition","type":"TA","timestamp":"2023-11-09 13:30:33"},{"nodeID":"1324781","text":"Default Transition","type":"TA","timestamp":"2023-11-09 13:30:33"},{"nodeID":"1324782","text":"Default Inference","type":"RA","timestamp":"2023-11-09 13:30:33"},{"nodeID":"1324783","text":"Arguing","type":"YA","timestamp":"2023-11-09 13:30:33"},{"nodeID":"1324784","text":"Default Transition","type":"TA","timestamp":"2023-11-09 13:30:33"},{"nodeID":"1324785","text":"Default Inference","type":"RA","timestamp":"2023-11-09 13:30:33"},{"nodeID":"1324786","text":"Arguing","type":"YA","timestamp":"2023-11-09 13:30:33"},{"nodeID":"1324787","text":"Default Transition","type":"TA","timestamp":"2023-11-09 13:30:33"},{"nodeID":"1324788","text":"Default Transition","type":"TA","timestamp":"2023-11-09 13:30:33"},{"nodeID":"1324789","text":"Default Transition","type":"TA","timestamp":"2023-11-09 13:30:33"},{"nodeID":"1324790","text":"Default Transition","type":"TA","timestamp":"2023-11-09 13:30:33"},{"nodeID":"1324791","text":"Default Transition","type":"TA","timestamp":"2023-11-09 13:30:33"},{"nodeID":"1324792","text":"Default Transition","type":"TA","timestamp":"2023-11-09 13:30:33"},{"nodeID":"1324793","text":"Default Rephrase","type":"MA","timestamp":"2023-11-09 13:30:33"},{"nodeID":"1324794","text":"Default Illocuting","type":"YA","timestamp":"2023-11-09 13:30:33"},{"nodeID":"1324795","text":"Default Transition","type":"TA","timestamp":"2023-11-09 13:30:33"},{"nodeID":"1324796","text":"Default Rephrase","type":"MA","timestamp":"2023-11-09 13:30:33"},{"nodeID":"1324797","text":"Restating","type":"YA","timestamp":"2023-11-09 13:30:33"},{"nodeID":"1324798","text":"Default Conflict","type":"CA","timestamp":"2023-11-09 13:30:33"},{"nodeID":"1324799","text":"Disagreeing","type":"YA","timestamp":"2023-11-09 13:30:33"},{"nodeID":"1324800","text":"Default Transition","type":"TA","timestamp":"2023-11-09 13:30:33"},{"nodeID":"1324801","text":"Default Inference","type":"RA","timestamp":"2023-11-09 13:30:33"},{"nodeID":"1324802","text":"Arguing","type":"YA","timestamp":"2023-11-09 13:30:33"},{"nodeID":"1324803","text":"when you get really, really bad behaviour over such a long period as we have had, then it does more than just tarnish the Conservative Party","type":"I","timestamp":"2023-11-09 13:30:33"},{"nodeID":"1324804","text":"Mary Bousted: I think when you get really, really bad behaviour over such a long period as we have had, then it does more than just tarnish the Conservative Party","type":"L","timestamp":"2023-11-09 13:30:33"},{"nodeID":"1324805","text":"Analysing","type":"YA","timestamp":"2023-11-09 13:30:33"},{"nodeID":"1324806","text":"Pawe\u0142: Mary Bousted: I think when you get really, really bad behaviour over such a long period as we have had, then it does more than just tarnish the Conservative Party","type":"L","timestamp":"2023-11-09 13:30:33"},{"nodeID":"1324807","text":"Asserting","type":"YA","timestamp":"2023-11-09 13:30:33"},{"nodeID":"1324808","text":"the Conservative party is utterly tarnished at the moment for the reasons that Chris Bryant has laid out","type":"I","timestamp":"2023-11-09 13:30:34"},{"nodeID":"1324809","text":"Mary Bousted: which is utterly tarnished at the moment for the reasons that Chris has laid out","type":"L","timestamp":"2023-11-09 13:30:34"},{"nodeID":"1324810","text":"Pawe\u0142: Mary Bousted: which is utterly tarnished at the moment for the reasons that Chris has laid out","type":"L","timestamp":"2023-11-09 13:30:34"},{"nodeID":"1324811","text":"Analysing","type":"YA","timestamp":"2023-11-09 13:30:34"},{"nodeID":"1324812","text":"Asserting","type":"YA","timestamp":"2023-11-09 13:30:34"},{"nodeID":"1324813","text":"Default Transition","type":"TA","timestamp":"2023-11-09 13:30:34"},{"nodeID":"1324814","text":"Default Transition","type":"TA","timestamp":"2023-11-09 13:30:34"},{"nodeID":"1324815","text":"Default Transition","type":"TA","timestamp":"2023-11-09 13:30:34"},{"nodeID":"1324816","text":"Default Rephrase","type":"MA","timestamp":"2023-11-09 13:30:34"},{"nodeID":"1324817","text":"Restating","type":"YA","timestamp":"2023-11-09 13:30:34"},{"nodeID":"1324818","text":"Default Transition","type":"TA","timestamp":"2023-11-09 13:30:34"},{"nodeID":"1324819","text":"Default Inference","type":"RA","timestamp":"2023-11-09 13:30:34"},{"nodeID":"1324820","text":"Arguing","type":"YA","timestamp":"2023-11-09 13:30:34"},{"nodeID":"1324821","text":"Default Transition","type":"TA","timestamp":"2023-11-09 13:30:34"},{"nodeID":"1324822","text":"Default Inference","type":"RA","timestamp":"2023-11-09 13:30:34"},{"nodeID":"1324823","text":"Default Transition","type":"TA","timestamp":"2023-11-09 13:30:34"},{"nodeID":"1324824","text":"Arguing","type":"YA","timestamp":"2023-11-09 13:30:34"}],"edges":[{"edgeID":"1738179","fromID":"1324672","toID":"1324671","formEdgeID":null},{"edgeID":"1738180","fromID":"1324673","toID":"1324672","formEdgeID":null},{"edgeID":"1738181","fromID":"1324674","toID":"1324670","formEdgeID":null},{"edgeID":"1738182","fromID":"1324671","toID":"1324674","formEdgeID":null},{"edgeID":"1738183","fromID":"1324678","toID":"1324677","formEdgeID":null},{"edgeID":"1738184","fromID":"1324677","toID":"1324676","formEdgeID":null},{"edgeID":"1738185","fromID":"1324676","toID":"1324679","formEdgeID":null},{"edgeID":"1738186","fromID":"1324679","toID":"1324675","formEdgeID":null},{"edgeID":"1738187","fromID":"1324681","toID":"1324682","formEdgeID":null},{"edgeID":"1738188","fromID":"1324683","toID":"1324681","formEdgeID":null},{"edgeID":"1738189","fromID":"1324682","toID":"1324684","formEdgeID":null},{"edgeID":"1738190","fromID":"1324684","toID":"1324680","formEdgeID":null},{"edgeID":"1738191","fromID":"1324687","toID":"1324686","formEdgeID":null},{"edgeID":"1738192","fromID":"1324688","toID":"1324687","formEdgeID":null},{"edgeID":"1738193","fromID":"1324686","toID":"1324689","formEdgeID":null},{"edgeID":"1738194","fromID":"1324689","toID":"1324685","formEdgeID":null},{"edgeID":"1738195","fromID":"1324691","toID":"1324694","formEdgeID":null},{"edgeID":"1738196","fromID":"1324692","toID":"1324691","formEdgeID":null},{"edgeID":"1738197","fromID":"1324694","toID":"1324693","formEdgeID":null},{"edgeID":"1738198","fromID":"1324693","toID":"1324690","formEdgeID":null},{"edgeID":"1738199","fromID":"1324698","toID":"1324697","formEdgeID":null},{"edgeID":"1738200","fromID":"1324699","toID":"1324695","formEdgeID":null},{"edgeID":"1738201","fromID":"1324696","toID":"1324699","formEdgeID":null},{"edgeID":"1738202","fromID":"1324697","toID":"1324696","formEdgeID":null},{"edgeID":"1738203","fromID":"1324701","toID":"1324702","formEdgeID":null},{"edgeID":"1738204","fromID":"1324703","toID":"1324701","formEdgeID":null},{"edgeID":"1738205","fromID":"1324702","toID":"1324704","formEdgeID":null},{"edgeID":"1738206","fromID":"1324704","toID":"1324700","formEdgeID":null},{"edgeID":"1738207","fromID":"1324706","toID":"1324707","formEdgeID":null},{"edgeID":"1738208","fromID":"1324707","toID":"1324708","formEdgeID":null},{"edgeID":"1738209","fromID":"1324709","toID":"1324705","formEdgeID":null},{"edgeID":"1738210","fromID":"1324708","toID":"1324709","formEdgeID":null},{"edgeID":"1738211","fromID":"1324712","toID":"1324711","formEdgeID":null},{"edgeID":"1738212","fromID":"1324713","toID":"1324712","formEdgeID":null},{"edgeID":"1738213","fromID":"1324714","toID":"1324710","formEdgeID":null},{"edgeID":"1738214","fromID":"1324711","toID":"1324714","formEdgeID":null},{"edgeID":"1738215","fromID":"1324717","toID":"1324719","formEdgeID":null},{"edgeID":"1738216","fromID":"1324716","toID":"1324718","formEdgeID":null},{"edgeID":"1738217","fromID":"1324719","toID":"1324715","formEdgeID":null},{"edgeID":"1738218","fromID":"1324718","toID":"1324717","formEdgeID":null},{"edgeID":"1738219","fromID":"1324722","toID":"1324721","formEdgeID":null},{"edgeID":"1738220","fromID":"1324723","toID":"1324722","formEdgeID":null},{"edgeID":"1738221","fromID":"1324721","toID":"1324724","formEdgeID":null},{"edgeID":"1738222","fromID":"1324724","toID":"1324720","formEdgeID":null},{"edgeID":"1738223","fromID":"1324727","toID":"1324726","formEdgeID":null},{"edgeID":"1738224","fromID":"1324728","toID":"1324727","formEdgeID":null},{"edgeID":"1738225","fromID":"1324726","toID":"1324729","formEdgeID":null},{"edgeID":"1738226","fromID":"1324729","toID":"1324725","formEdgeID":null},{"edgeID":"1738227","fromID":"1324732","toID":"1324731","formEdgeID":null},{"edgeID":"1738228","fromID":"1324733","toID":"1324732","formEdgeID":null},{"edgeID":"1738229","fromID":"1324731","toID":"1324734","formEdgeID":null},{"edgeID":"1738230","fromID":"1324734","toID":"1324730","formEdgeID":null},{"edgeID":"1738231","fromID":"1324737","toID":"1324736","formEdgeID":null},{"edgeID":"1738232","fromID":"1324738","toID":"1324737","formEdgeID":null},{"edgeID":"1738233","fromID":"1324736","toID":"1324739","formEdgeID":null},{"edgeID":"1738234","fromID":"1324739","toID":"1324735","formEdgeID":null},{"edgeID":"1738235","fromID":"1324742","toID":"1324741","formEdgeID":null},{"edgeID":"1738236","fromID":"1324743","toID":"1324742","formEdgeID":null},{"edgeID":"1738237","fromID":"1324741","toID":"1324744","formEdgeID":null},{"edgeID":"1738238","fromID":"1324744","toID":"1324740","formEdgeID":null},{"edgeID":"1738239","fromID":"1324747","toID":"1324746","formEdgeID":null},{"edgeID":"1738240","fromID":"1324748","toID":"1324747","formEdgeID":null},{"edgeID":"1738241","fromID":"1324746","toID":"1324749","formEdgeID":null},{"edgeID":"1738242","fromID":"1324749","toID":"1324745","formEdgeID":null},{"edgeID":"1738243","fromID":"1324753","toID":"1324752","formEdgeID":null},{"edgeID":"1738244","fromID":"1324751","toID":"1324754","formEdgeID":null},{"edgeID":"1738245","fromID":"1324754","toID":"1324750","formEdgeID":null},{"edgeID":"1738246","fromID":"1324752","toID":"1324751","formEdgeID":null},{"edgeID":"1738247","fromID":"1324757","toID":"1324756","formEdgeID":null},{"edgeID":"1738248","fromID":"1324758","toID":"1324757","formEdgeID":null},{"edgeID":"1738249","fromID":"1324756","toID":"1324759","formEdgeID":null},{"edgeID":"1738250","fromID":"1324759","toID":"1324755","formEdgeID":null},{"edgeID":"1738251","fromID":"1324762","toID":"1324761","formEdgeID":null},{"edgeID":"1738252","fromID":"1324763","toID":"1324762","formEdgeID":null},{"edgeID":"1738253","fromID":"1324764","toID":"1324760","formEdgeID":null},{"edgeID":"1738254","fromID":"1324761","toID":"1324764","formEdgeID":null},{"edgeID":"1738255","fromID":"1324768","toID":"1324766","formEdgeID":null},{"edgeID":"1738256","fromID":"1324767","toID":"1324768","formEdgeID":null},{"edgeID":"1738257","fromID":"1324766","toID":"1324769","formEdgeID":null},{"edgeID":"1738258","fromID":"1324769","toID":"1324765","formEdgeID":null},{"edgeID":"1738259","fromID":"1324675","toID":"1324770","formEdgeID":null},{"edgeID":"1738260","fromID":"1324770","toID":"1324670","formEdgeID":null},{"edgeID":"1738261","fromID":"1324671","toID":"1324771","formEdgeID":null},{"edgeID":"1738262","fromID":"1324771","toID":"1324676","formEdgeID":null},{"edgeID":"1738263","fromID":"1324771","toID":"1324772","formEdgeID":null},{"edgeID":"1738264","fromID":"1324772","toID":"1324770","formEdgeID":null},{"edgeID":"1738265","fromID":"1324676","toID":"1324773","formEdgeID":null},{"edgeID":"1738266","fromID":"1324773","toID":"1324682","formEdgeID":null},{"edgeID":"1738267","fromID":"1324680","toID":"1324774","formEdgeID":null},{"edgeID":"1738268","fromID":"1324774","toID":"1324675","formEdgeID":null},{"edgeID":"1738269","fromID":"1324773","toID":"1324775","formEdgeID":null},{"edgeID":"1738270","fromID":"1324775","toID":"1324774","formEdgeID":null},{"edgeID":"1738271","fromID":"1324682","toID":"1324776","formEdgeID":null},{"edgeID":"1738272","fromID":"1324776","toID":"1324686","formEdgeID":null},{"edgeID":"1738273","fromID":"1324686","toID":"1324777","formEdgeID":null},{"edgeID":"1738274","fromID":"1324777","toID":"1324694","formEdgeID":null},{"edgeID":"1738275","fromID":"1324690","toID":"1324778","formEdgeID":null},{"edgeID":"1738276","fromID":"1324778","toID":"1324685","formEdgeID":null},{"edgeID":"1738277","fromID":"1324777","toID":"1324779","formEdgeID":null},{"edgeID":"1738278","fromID":"1324779","toID":"1324778","formEdgeID":null},{"edgeID":"1738279","fromID":"1324694","toID":"1324780","formEdgeID":null},{"edgeID":"1738280","fromID":"1324780","toID":"1324696","formEdgeID":null},{"edgeID":"1738281","fromID":"1324696","toID":"1324781","formEdgeID":null},{"edgeID":"1738282","fromID":"1324781","toID":"1324702","formEdgeID":null},{"edgeID":"1738283","fromID":"1324700","toID":"1324782","formEdgeID":null},{"edgeID":"1738284","fromID":"1324782","toID":"1324695","formEdgeID":null},{"edgeID":"1738285","fromID":"1324781","toID":"1324783","formEdgeID":null},{"edgeID":"1738286","fromID":"1324783","toID":"1324782","formEdgeID":null},{"edgeID":"1738287","fromID":"1324702","toID":"1324784","formEdgeID":null},{"edgeID":"1738288","fromID":"1324784","toID":"1324708","formEdgeID":null},{"edgeID":"1738289","fromID":"1324705","toID":"1324785","formEdgeID":null},{"edgeID":"1738290","fromID":"1324785","toID":"1324700","formEdgeID":null},{"edgeID":"1738291","fromID":"1324784","toID":"1324786","formEdgeID":null},{"edgeID":"1738292","fromID":"1324786","toID":"1324785","formEdgeID":null},{"edgeID":"1738293","fromID":"1324708","toID":"1324787","formEdgeID":null},{"edgeID":"1738294","fromID":"1324787","toID":"1324711","formEdgeID":null},{"edgeID":"1738295","fromID":"1324711","toID":"1324788","formEdgeID":null},{"edgeID":"1738296","fromID":"1324788","toID":"1324717","formEdgeID":null},{"edgeID":"1738297","fromID":"1324717","toID":"1324789","formEdgeID":null},{"edgeID":"1738298","fromID":"1324789","toID":"1324721","formEdgeID":null},{"edgeID":"1738299","fromID":"1324790","toID":"1324726","formEdgeID":null},{"edgeID":"1738300","fromID":"1324736","toID":"1324790","formEdgeID":null},{"edgeID":"1738301","fromID":"1324791","toID":"1324736","formEdgeID":null},{"edgeID":"1738302","fromID":"1324731","toID":"1324791","formEdgeID":null},{"edgeID":"1738303","fromID":"1324792","toID":"1324731","formEdgeID":null},{"edgeID":"1738304","fromID":"1324721","toID":"1324792","formEdgeID":null},{"edgeID":"1738305","fromID":"1324715","toID":"1324793","formEdgeID":null},{"edgeID":"1738306","fromID":"1324793","toID":"1324710","formEdgeID":null},{"edgeID":"1738307","fromID":"1324794","toID":"1324793","formEdgeID":null},{"edgeID":"1738308","fromID":"1324788","toID":"1324794","formEdgeID":null},{"edgeID":"1738309","fromID":"1324726","toID":"1324795","formEdgeID":null},{"edgeID":"1738310","fromID":"1324795","toID":"1324741","formEdgeID":null},{"edgeID":"1738311","fromID":"1324725","toID":"1324796","formEdgeID":null},{"edgeID":"1738312","fromID":"1324796","toID":"1324735","formEdgeID":null},{"edgeID":"1738313","fromID":"1324790","toID":"1324797","formEdgeID":null},{"edgeID":"1738314","fromID":"1324797","toID":"1324796","formEdgeID":null},{"edgeID":"1738315","fromID":"1324740","toID":"1324798","formEdgeID":null},{"edgeID":"1738316","fromID":"1324798","toID":"1324725","formEdgeID":null},{"edgeID":"1738317","fromID":"1324795","toID":"1324799","formEdgeID":null},{"edgeID":"1738318","fromID":"1324799","toID":"1324798","formEdgeID":null},{"edgeID":"1738319","fromID":"1324800","toID":"1324746","formEdgeID":null},{"edgeID":"1738320","fromID":"1324741","toID":"1324800","formEdgeID":null},{"edgeID":"1738321","fromID":"1324740","toID":"1324801","formEdgeID":null},{"edgeID":"1738322","fromID":"1324801","toID":"1324745","formEdgeID":null},{"edgeID":"1738323","fromID":"1324800","toID":"1324802","formEdgeID":null},{"edgeID":"1738324","fromID":"1324802","toID":"1324801","formEdgeID":null},{"edgeID":"1738325","fromID":"1324806","toID":"1324805","formEdgeID":null},{"edgeID":"1738326","fromID":"1324805","toID":"1324804","formEdgeID":null},{"edgeID":"1738327","fromID":"1324804","toID":"1324807","formEdgeID":null},{"edgeID":"1738328","fromID":"1324807","toID":"1324803","formEdgeID":null},{"edgeID":"1738329","fromID":"1324811","toID":"1324809","formEdgeID":null},{"edgeID":"1738330","fromID":"1324810","toID":"1324811","formEdgeID":null},{"edgeID":"1738331","fromID":"1324809","toID":"1324812","formEdgeID":null},{"edgeID":"1738332","fromID":"1324812","toID":"1324808","formEdgeID":null},{"edgeID":"1738333","fromID":"1324804","toID":"1324813","formEdgeID":null},{"edgeID":"1738334","fromID":"1324813","toID":"1324809","formEdgeID":null},{"edgeID":"1738335","fromID":"1324746","toID":"1324814","formEdgeID":null},{"edgeID":"1738336","fromID":"1324814","toID":"1324804","formEdgeID":null},{"edgeID":"1738337","fromID":"1324815","toID":"1324751","formEdgeID":null},{"edgeID":"1738338","fromID":"1324804","toID":"1324815","formEdgeID":null},{"edgeID":"1738339","fromID":"1324750","toID":"1324816","formEdgeID":null},{"edgeID":"1738340","fromID":"1324816","toID":"1324803","formEdgeID":null},{"edgeID":"1738341","fromID":"1324815","toID":"1324817","formEdgeID":null},{"edgeID":"1738342","fromID":"1324817","toID":"1324816","formEdgeID":null},{"edgeID":"1738343","fromID":"1324751","toID":"1324818","formEdgeID":null},{"edgeID":"1738344","fromID":"1324818","toID":"1324756","formEdgeID":null},{"edgeID":"1738345","fromID":"1324755","toID":"1324819","formEdgeID":null},{"edgeID":"1738346","fromID":"1324819","toID":"1324750","formEdgeID":null},{"edgeID":"1738347","fromID":"1324818","toID":"1324820","formEdgeID":null},{"edgeID":"1738348","fromID":"1324820","toID":"1324819","formEdgeID":null},{"edgeID":"1738349","fromID":"1324821","toID":"1324761","formEdgeID":null},{"edgeID":"1738350","fromID":"1324756","toID":"1324821","formEdgeID":null},{"edgeID":"1738351","fromID":"1324765","toID":"1324822","formEdgeID":null},{"edgeID":"1738352","fromID":"1324822","toID":"1324760","formEdgeID":null},{"edgeID":"1738353","fromID":"1324823","toID":"1324766","formEdgeID":null},{"edgeID":"1738354","fromID":"1324761","toID":"1324823","formEdgeID":null},{"edgeID":"1738355","fromID":"1324823","toID":"1324824","formEdgeID":null},{"edgeID":"1738356","fromID":"1324824","toID":"1324822","formEdgeID":null}],"locutions":[]}