{"nodes":[{"nodeID":"1326908","text":"we should do many more things to make sure that ordinary people who are in all those jobs that we clapped during covid","type":"I","timestamp":"2023-11-09 13:33:27"},{"nodeID":"1326909","text":"Chris Bryant: we should do many more things to make sure that ordinary people who are in all those jobs that we clapped during covid","type":"L","timestamp":"2023-11-09 13:33:27"},{"nodeID":"1326910","text":"Analysing","type":"YA","timestamp":"2023-11-09 13:33:27"},{"nodeID":"1326911","text":"Kamila: Chris Bryant: we should do many more things to make sure that ordinary people who are in all those jobs that we clapped during covid","type":"L","timestamp":"2023-11-09 13:33:27"},{"nodeID":"1326912","text":"Asserting","type":"YA","timestamp":"2023-11-09 13:33:27"},{"nodeID":"1326913","text":"people were clapped hypocriteically it now turns out","type":"I","timestamp":"2023-11-09 13:33:28"},{"nodeID":"1326914","text":"Chris Bryant: hypocriteically it now turns out","type":"L","timestamp":"2023-11-09 13:33:28"},{"nodeID":"1326915","text":"Analysing","type":"YA","timestamp":"2023-11-09 13:33:28"},{"nodeID":"1326916","text":"Kamila: Chris Bryant: hypocriteically it now turns out","type":"L","timestamp":"2023-11-09 13:33:28"},{"nodeID":"1326917","text":"Asserting","type":"YA","timestamp":"2023-11-09 13:33:28"},{"nodeID":"1326918","text":"we should do more things to make sure all those people are able to put food on the table and pay the rent","type":"I","timestamp":"2023-11-09 13:33:28"},{"nodeID":"1326919","text":"Chris Bryant: All those people are able to put food on the table and pay the rent","type":"L","timestamp":"2023-11-09 13:33:28"},{"nodeID":"1326920","text":"Analysing","type":"YA","timestamp":"2023-11-09 13:33:28"},{"nodeID":"1326921","text":"Kamila: Chris Bryant: All those people are able to put food on the table and pay the rent","type":"L","timestamp":"2023-11-09 13:33:28"},{"nodeID":"1326922","text":"Asserting","type":"YA","timestamp":"2023-11-09 13:33:28"},{"nodeID":"1326923","text":"Default Transition","type":"TA","timestamp":"2023-11-09 13:33:28"},{"nodeID":"1326924","text":"Default Rephrase","type":"MA","timestamp":"2023-11-09 13:33:28"},{"nodeID":"1326925","text":"Restating","type":"YA","timestamp":"2023-11-09 13:33:28"},{"nodeID":"1326926","text":"Chris Bryant can't tell you how many people he has in his constituency who are literally terrified about paying the rent","type":"I","timestamp":"2023-11-09 13:33:29"},{"nodeID":"1326927","text":"Chris Bryant: I can't tell you how many people I have in my constituency who are literally terrified about paying the rent","type":"L","timestamp":"2023-11-09 13:33:29"},{"nodeID":"1326928","text":"Analysing","type":"YA","timestamp":"2023-11-09 13:33:29"},{"nodeID":"1326929","text":"Kamila: Chris Bryant: I can't tell you how many people I have in my constituency who are literally terrified about paying the rent","type":"L","timestamp":"2023-11-09 13:33:29"},{"nodeID":"1326930","text":"Asserting","type":"YA","timestamp":"2023-11-09 13:33:29"},{"nodeID":"1326931","text":"Default Transition","type":"TA","timestamp":"2023-11-09 13:33:29"},{"nodeID":"1326932","text":"Default Transition","type":"TA","timestamp":"2023-11-09 13:33:29"},{"nodeID":"1326933","text":"many of the people who are terrified about paying rent are public sector workers","type":"I","timestamp":"2023-11-09 13:33:29"},{"nodeID":"1326934","text":"Chris Bryant: Many of them are public sector workers","type":"L","timestamp":"2023-11-09 13:33:29"},{"nodeID":"1326935","text":"Analysing","type":"YA","timestamp":"2023-11-09 13:33:29"},{"nodeID":"1326936","text":"Kamila: Chris Bryant: Many of them are public sector workers","type":"L","timestamp":"2023-11-09 13:33:29"},{"nodeID":"1326937","text":"Asserting","type":"YA","timestamp":"2023-11-09 13:33:29"},{"nodeID":"1326938","text":"Default Transition","type":"TA","timestamp":"2023-11-09 13:33:29"},{"nodeID":"1326939","text":"it is the worry also that there are private sector workers who are in exactly the same situation terrified about paying rent","type":"I","timestamp":"2023-11-09 13:33:30"},{"nodeID":"1326940","text":"Olivia Utley: Isn't the worry also that there are private sector workers who are in exactly the same situation","type":"L","timestamp":"2023-11-09 13:33:30"},{"nodeID":"1326941","text":"Analysing","type":"YA","timestamp":"2023-11-09 13:33:30"},{"nodeID":"1326942","text":"Kamila: Olivia Utley: Isn't the worry also that there are private sector workers who are in exactly the same situation","type":"L","timestamp":"2023-11-09 13:33:30"},{"nodeID":"1326943","text":"Assertive Questioning","type":"YA","timestamp":"2023-11-09 13:33:30"},{"nodeID":"1326944","text":"sometimes people make the mistake of imagining that everyone in the private sector is somehow rich","type":"I","timestamp":"2023-11-09 13:33:30"},{"nodeID":"1326945","text":"Olivia Utley: Sometimes people make the mistake of imagining that everyone in the private sector is somehow rich","type":"L","timestamp":"2023-11-09 13:33:30"},{"nodeID":"1326946","text":"Analysing","type":"YA","timestamp":"2023-11-09 13:33:30"},{"nodeID":"1326947","text":"Kamila: Olivia Utley: Sometimes people make the mistake of imagining that everyone in the private sector is somehow rich","type":"L","timestamp":"2023-11-09 13:33:30"},{"nodeID":"1326948","text":"Asserting","type":"YA","timestamp":"2023-11-09 13:33:30"},{"nodeID":"1326949","text":"Default Transition","type":"TA","timestamp":"2023-11-09 13:33:30"},{"nodeID":"1326950","text":"Default Transition","type":"TA","timestamp":"2023-11-09 13:33:30"},{"nodeID":"1326951","text":"there are all sorts of cleaners working in offices etc, who are in exactly the same situation terrified about paying rent","type":"I","timestamp":"2023-11-09 13:33:31"},{"nodeID":"1326952","text":"Olivia Utley: there are all sorts of cleaners working in offices etc, who are in exactly the same situation","type":"L","timestamp":"2023-11-09 13:33:31"},{"nodeID":"1326953","text":"Analysing","type":"YA","timestamp":"2023-11-09 13:33:31"},{"nodeID":"1326954","text":"Kamila: Olivia Utley: there are all sorts of cleaners working in offices etc, who are in exactly the same situation","type":"L","timestamp":"2023-11-09 13:33:31"},{"nodeID":"1326955","text":"Asserting","type":"YA","timestamp":"2023-11-09 13:33:31"},{"nodeID":"1326956","text":"Default Conflict","type":"CA","timestamp":"2023-11-09 13:33:31"},{"nodeID":"1326957","text":"Default Transition","type":"TA","timestamp":"2023-11-09 13:33:31"},{"nodeID":"1326958","text":"Disagreeing","type":"YA","timestamp":"2023-11-09 13:33:31"},{"nodeID":"1326959","text":"Default Transition","type":"TA","timestamp":"2023-11-09 13:33:31"},{"nodeID":"1326960","text":"Default Rephrase","type":"MA","timestamp":"2023-11-09 13:33:31"},{"nodeID":"1326961","text":"Restating","type":"YA","timestamp":"2023-11-09 13:33:31"},{"nodeID":"1326962","text":"private sector workers will just be paying for an enormous rise in public sector wages out of their own salaries and become poorer","type":"I","timestamp":"2023-11-09 13:33:32"},{"nodeID":"1326963","text":"Olivia Utley: won't they just be paying for an enormous rise in public sector wages out of their own salaries and become poorer","type":"L","timestamp":"2023-11-09 13:33:32"},{"nodeID":"1326964","text":"Analysing","type":"YA","timestamp":"2023-11-09 13:33:32"},{"nodeID":"1326965","text":"Kamila: Olivia Utley: won't they just be paying for an enormous rise in public sector wages out of their own salaries and become poorer","type":"L","timestamp":"2023-11-09 13:33:32"},{"nodeID":"1326966","text":"Rhetorical Questioning","type":"YA","timestamp":"2023-11-09 13:33:32"},{"nodeID":"1326967","text":"Default Transition","type":"TA","timestamp":"2023-11-09 13:33:32"},{"nodeID":"1326968","text":"Default Inference","type":"RA","timestamp":"2023-11-09 13:33:32"},{"nodeID":"1326969","text":"Arguing","type":"YA","timestamp":"2023-11-09 13:33:32"},{"nodeID":"1326970","text":"unless there's a way to balance private sector workers paying for a rise in public sector wages, it's easy for Labour to promise rises","type":"I","timestamp":"2023-11-09 13:33:32"},{"nodeID":"1326971","text":"Olivia Utley: Unless there's a way to balance this it's easy for Labour to promise rises","type":"L","timestamp":"2023-11-09 13:33:32"},{"nodeID":"1326972","text":"Analysing","type":"YA","timestamp":"2023-11-09 13:33:32"},{"nodeID":"1326973","text":"Kamila: Olivia Utley: Unless there's a way to balance this it's easy for Labour to promise rises","type":"L","timestamp":"2023-11-09 13:33:32"},{"nodeID":"1326974","text":"Asserting","type":"YA","timestamp":"2023-11-09 13:33:32"},{"nodeID":"1326975","text":"Default Transition","type":"TA","timestamp":"2023-11-09 13:33:32"},{"nodeID":"1326976","text":"Default Inference","type":"RA","timestamp":"2023-11-09 13:33:32"},{"nodeID":"1326977","text":"Arguing","type":"YA","timestamp":"2023-11-09 13:33:32"},{"nodeID":"1326978","text":"people in those circumstances are people who are in work but on Universal Credit","type":"I","timestamp":"2023-11-09 13:33:33"},{"nodeID":"1326979","text":"Chris Bryant: People in those circumstances are people who are in work but on Universal Credit","type":"L","timestamp":"2023-11-09 13:33:33"},{"nodeID":"1326980","text":"Analysing","type":"YA","timestamp":"2023-11-09 13:33:33"},{"nodeID":"1326981","text":"Kamila: Chris Bryant: People in those circumstances are people who are in work but on Universal Credit","type":"L","timestamp":"2023-11-09 13:33:33"},{"nodeID":"1326982","text":"Asserting","type":"YA","timestamp":"2023-11-09 13:33:33"},{"nodeID":"1326983","text":"Default Transition","type":"TA","timestamp":"2023-11-09 13:33:33"},{"nodeID":"1326984","text":"Chris Bryant would reverse the cut of 20 pounds a week the Government took off everybody","type":"I","timestamp":"2023-11-09 13:33:33"},{"nodeID":"1326985","text":"Chris Bryant: I would reverse the cut of 20 pounds a week the Government took off everybody","type":"L","timestamp":"2023-11-09 13:33:33"},{"nodeID":"1326986","text":"Analysing","type":"YA","timestamp":"2023-11-09 13:33:33"},{"nodeID":"1326987","text":"Kamila: Chris Bryant: I would reverse the cut of 20 pounds a week the Government took off everybody","type":"L","timestamp":"2023-11-09 13:33:33"},{"nodeID":"1326988","text":"Asserting","type":"YA","timestamp":"2023-11-09 13:33:33"},{"nodeID":"1326989","text":"Default Inference","type":"RA","timestamp":"2023-11-09 13:33:33"},{"nodeID":"1326990","text":"Default Conflict","type":"CA","timestamp":"2023-11-09 13:33:33"},{"nodeID":"1326991","text":"Default Transition","type":"TA","timestamp":"2023-11-09 13:33:33"},{"nodeID":"1326992","text":"Disagreeing","type":"YA","timestamp":"2023-11-09 13:33:33"},{"nodeID":"1326993","text":"the second thing, Chris Bryant doesn't know if people know this for the first five weeks on Universal Credit you get nothing","type":"I","timestamp":"2023-11-09 13:33:34"},{"nodeID":"1326994","text":"Chris Bryant: The second thing, I don't know if people know this for the first five weeks on Universal Credit you get nothing","type":"L","timestamp":"2023-11-09 13:33:34"},{"nodeID":"1326995","text":"Analysing","type":"YA","timestamp":"2023-11-09 13:33:34"},{"nodeID":"1326996","text":"Kamila: Chris Bryant: The second thing, I don't know if people know this for the first five weeks on Universal Credit you get nothing","type":"L","timestamp":"2023-11-09 13:33:34"},{"nodeID":"1326997","text":"Asserting","type":"YA","timestamp":"2023-11-09 13:33:34"},{"nodeID":"1326998","text":"Default Transition","type":"TA","timestamp":"2023-11-09 13:33:34"},{"nodeID":"1326999","text":"you have to wait for five weeks for Universal Credit","type":"I","timestamp":"2023-11-09 13:33:35"},{"nodeID":"1327000","text":"Chris Bryant: You have to wait for five weeks","type":"L","timestamp":"2023-11-09 13:33:35"},{"nodeID":"1327001","text":"Analysing","type":"YA","timestamp":"2023-11-09 13:33:35"},{"nodeID":"1327002","text":"Kamila: Chris Bryant: You have to wait for five weeks","type":"L","timestamp":"2023-11-09 13:33:35"},{"nodeID":"1327003","text":"Asserting","type":"YA","timestamp":"2023-11-09 13:33:35"},{"nodeID":"1327004","text":"Default Transition","type":"TA","timestamp":"2023-11-09 13:33:35"},{"nodeID":"1327005","text":"Default Rephrase","type":"MA","timestamp":"2023-11-09 13:33:35"},{"nodeID":"1327006","text":"Restating","type":"YA","timestamp":"2023-11-09 13:33:35"},{"nodeID":"1327007","text":"you can apply for a loan from the Government","type":"I","timestamp":"2023-11-09 13:33:35"},{"nodeID":"1327008","text":"Chris Bryant: You can apply for a loan from the Government","type":"L","timestamp":"2023-11-09 13:33:35"},{"nodeID":"1327009","text":"Analysing","type":"YA","timestamp":"2023-11-09 13:33:35"},{"nodeID":"1327010","text":"Kamila: Chris Bryant: You can apply for a loan from the Government","type":"L","timestamp":"2023-11-09 13:33:35"},{"nodeID":"1327011","text":"Asserting","type":"YA","timestamp":"2023-11-09 13:33:35"},{"nodeID":"1327012","text":"Default Transition","type":"TA","timestamp":"2023-11-09 13:33:35"},{"nodeID":"1327013","text":"the Government puts you into debt from the very beginning","type":"I","timestamp":"2023-11-09 13:33:36"},{"nodeID":"1327014","text":"Chris Bryant: the Government puts you into debt from the very beginning","type":"L","timestamp":"2023-11-09 13:33:36"},{"nodeID":"1327015","text":"Analysing","type":"YA","timestamp":"2023-11-09 13:33:36"},{"nodeID":"1327016","text":"Kamila: Chris Bryant: the Government puts you into debt from the very beginning","type":"L","timestamp":"2023-11-09 13:33:36"},{"nodeID":"1327017","text":"Asserting","type":"YA","timestamp":"2023-11-09 13:33:36"},{"nodeID":"1327018","text":"Default Transition","type":"TA","timestamp":"2023-11-09 13:33:36"},{"nodeID":"1327019","text":"Default Inference","type":"RA","timestamp":"2023-11-09 13:33:36"},{"nodeID":"1327020","text":"Arguing","type":"YA","timestamp":"2023-11-09 13:33:36"},{"nodeID":"1327021","text":"then you never get back out of debt","type":"I","timestamp":"2023-11-09 13:33:36"},{"nodeID":"1327022","text":"Chris Bryant: Then you never get back out of it","type":"L","timestamp":"2023-11-09 13:33:36"},{"nodeID":"1327023","text":"Analysing","type":"YA","timestamp":"2023-11-09 13:33:36"},{"nodeID":"1327024","text":"Kamila: Chris Bryant: Then you never get back out of it","type":"L","timestamp":"2023-11-09 13:33:36"},{"nodeID":"1327025","text":"Asserting","type":"YA","timestamp":"2023-11-09 13:33:36"},{"nodeID":"1327026","text":"Default Transition","type":"TA","timestamp":"2023-11-09 13:33:36"},{"nodeID":"1327027","text":"in communities like the area where Chris Bryant represents, and it's also true in a lot of parts of the south-west down here, working families private sector or public sector, many of them are reliant on food banks","type":"I","timestamp":"2023-11-09 13:33:37"},{"nodeID":"1327028","text":"Chris Bryant: In communities like the area where I represent, and it's also true in a lot of parts of the south-west down here, working families private sector or public sector, many of them are reliant on food banks","type":"L","timestamp":"2023-11-09 13:33:37"},{"nodeID":"1327029","text":"Analysing","type":"YA","timestamp":"2023-11-09 13:33:37"},{"nodeID":"1327030","text":"Kamila: Chris Bryant: In communities like the area where I represent, and it's also true in a lot of parts of the south-west down here, working families private sector or public sector, many of them are reliant on food banks","type":"L","timestamp":"2023-11-09 13:33:37"},{"nodeID":"1327031","text":"Asserting","type":"YA","timestamp":"2023-11-09 13:33:37"},{"nodeID":"1327032","text":"Default Transition","type":"TA","timestamp":"2023-11-09 13:33:37"},{"nodeID":"1327033","text":"people relying on food banks shames our country","type":"I","timestamp":"2023-11-09 13:33:38"},{"nodeID":"1327034","text":"Chris Bryant: that shames our country","type":"L","timestamp":"2023-11-09 13:33:38"},{"nodeID":"1327035","text":"Analysing","type":"YA","timestamp":"2023-11-09 13:33:38"},{"nodeID":"1327036","text":"Kamila: Chris Bryant: that shames our country","type":"L","timestamp":"2023-11-09 13:33:38"},{"nodeID":"1327037","text":"Asserting","type":"YA","timestamp":"2023-11-09 13:33:38"},{"nodeID":"1327038","text":"Default Transition","type":"TA","timestamp":"2023-11-09 13:33:38"},{"nodeID":"1327039","text":"Default Inference","type":"RA","timestamp":"2023-11-09 13:33:38"},{"nodeID":"1327040","text":"Arguing","type":"YA","timestamp":"2023-11-09 13:33:38"},{"nodeID":"1327041","text":"Default Inference","type":"RA","timestamp":"2023-11-09 13:33:38"},{"nodeID":"1327042","text":"Arguing","type":"YA","timestamp":"2023-11-09 13:33:38"},{"nodeID":"1327043","text":"Default Rephrase","type":"MA","timestamp":"2023-11-09 13:33:38"},{"nodeID":"1327044","text":"Restating","type":"YA","timestamp":"2023-11-09 13:33:38"},{"nodeID":"1327045","text":"Default Transition","type":"TA","timestamp":"2023-11-09 13:33:38"},{"nodeID":"1327046","text":"Arguing","type":"YA","timestamp":"2023-11-09 13:33:38"},{"nodeID":"1327047","text":"Default Transition","type":"TA","timestamp":"2023-11-09 13:33:38"},{"nodeID":"1327048","text":"Default Inference","type":"RA","timestamp":"2023-11-09 13:33:38"},{"nodeID":"1327049","text":"Arguing","type":"YA","timestamp":"2023-11-09 13:33:38"},{"nodeID":"1327050","text":"Default Inference","type":"RA","timestamp":"2023-11-09 13:33:38"},{"nodeID":"1327051","text":"Arguing","type":"YA","timestamp":"2023-11-09 13:33:38"}],"edges":[{"edgeID":"1740854","fromID":"1326910","toID":"1326909","formEdgeID":null},{"edgeID":"1740855","fromID":"1326911","toID":"1326910","formEdgeID":null},{"edgeID":"1740856","fromID":"1326909","toID":"1326912","formEdgeID":null},{"edgeID":"1740857","fromID":"1326912","toID":"1326908","formEdgeID":null},{"edgeID":"1740858","fromID":"1326915","toID":"1326914","formEdgeID":null},{"edgeID":"1740859","fromID":"1326916","toID":"1326915","formEdgeID":null},{"edgeID":"1740860","fromID":"1326914","toID":"1326917","formEdgeID":null},{"edgeID":"1740861","fromID":"1326917","toID":"1326913","formEdgeID":null},{"edgeID":"1740862","fromID":"1326920","toID":"1326919","formEdgeID":null},{"edgeID":"1740863","fromID":"1326921","toID":"1326920","formEdgeID":null},{"edgeID":"1740864","fromID":"1326919","toID":"1326922","formEdgeID":null},{"edgeID":"1740865","fromID":"1326922","toID":"1326918","formEdgeID":null},{"edgeID":"1740866","fromID":"1326909","toID":"1326923","formEdgeID":null},{"edgeID":"1740867","fromID":"1326923","toID":"1326919","formEdgeID":null},{"edgeID":"1740868","fromID":"1326918","toID":"1326924","formEdgeID":null},{"edgeID":"1740869","fromID":"1326924","toID":"1326908","formEdgeID":null},{"edgeID":"1740870","fromID":"1326923","toID":"1326925","formEdgeID":null},{"edgeID":"1740871","fromID":"1326925","toID":"1326924","formEdgeID":null},{"edgeID":"1740872","fromID":"1326928","toID":"1326927","formEdgeID":null},{"edgeID":"1740873","fromID":"1326929","toID":"1326928","formEdgeID":null},{"edgeID":"1740874","fromID":"1326927","toID":"1326930","formEdgeID":null},{"edgeID":"1740875","fromID":"1326930","toID":"1326926","formEdgeID":null},{"edgeID":"1740876","fromID":"1326909","toID":"1326931","formEdgeID":null},{"edgeID":"1740877","fromID":"1326931","toID":"1326914","formEdgeID":null},{"edgeID":"1740878","fromID":"1326919","toID":"1326932","formEdgeID":null},{"edgeID":"1740879","fromID":"1326932","toID":"1326927","formEdgeID":null},{"edgeID":"1740880","fromID":"1326935","toID":"1326934","formEdgeID":null},{"edgeID":"1740881","fromID":"1326936","toID":"1326935","formEdgeID":null},{"edgeID":"1740882","fromID":"1326934","toID":"1326937","formEdgeID":null},{"edgeID":"1740883","fromID":"1326937","toID":"1326933","formEdgeID":null},{"edgeID":"1740884","fromID":"1326927","toID":"1326938","formEdgeID":null},{"edgeID":"1740885","fromID":"1326938","toID":"1326934","formEdgeID":null},{"edgeID":"1740886","fromID":"1326941","toID":"1326940","formEdgeID":null},{"edgeID":"1740887","fromID":"1326942","toID":"1326941","formEdgeID":null},{"edgeID":"1740888","fromID":"1326940","toID":"1326943","formEdgeID":null},{"edgeID":"1740889","fromID":"1326943","toID":"1326939","formEdgeID":null},{"edgeID":"1740890","fromID":"1326946","toID":"1326945","formEdgeID":null},{"edgeID":"1740891","fromID":"1326947","toID":"1326946","formEdgeID":null},{"edgeID":"1740892","fromID":"1326945","toID":"1326948","formEdgeID":null},{"edgeID":"1740893","fromID":"1326948","toID":"1326944","formEdgeID":null},{"edgeID":"1740894","fromID":"1326940","toID":"1326949","formEdgeID":null},{"edgeID":"1740895","fromID":"1326949","toID":"1326945","formEdgeID":null},{"edgeID":"1740896","fromID":"1326934","toID":"1326950","formEdgeID":null},{"edgeID":"1740897","fromID":"1326950","toID":"1326940","formEdgeID":null},{"edgeID":"1740898","fromID":"1326953","toID":"1326952","formEdgeID":null},{"edgeID":"1740899","fromID":"1326954","toID":"1326953","formEdgeID":null},{"edgeID":"1740900","fromID":"1326952","toID":"1326955","formEdgeID":null},{"edgeID":"1740901","fromID":"1326955","toID":"1326951","formEdgeID":null},{"edgeID":"1740902","fromID":"1326951","toID":"1326956","formEdgeID":null},{"edgeID":"1740903","fromID":"1326956","toID":"1326944","formEdgeID":null},{"edgeID":"1740904","fromID":"1326945","toID":"1326957","formEdgeID":null},{"edgeID":"1740905","fromID":"1326957","toID":"1326952","formEdgeID":null},{"edgeID":"1740906","fromID":"1326957","toID":"1326958","formEdgeID":null},{"edgeID":"1740907","fromID":"1326958","toID":"1326956","formEdgeID":null},{"edgeID":"1740908","fromID":"1326940","toID":"1326959","formEdgeID":null},{"edgeID":"1740909","fromID":"1326959","toID":"1326952","formEdgeID":null},{"edgeID":"1740910","fromID":"1326951","toID":"1326960","formEdgeID":null},{"edgeID":"1740911","fromID":"1326960","toID":"1326939","formEdgeID":null},{"edgeID":"1740912","fromID":"1326959","toID":"1326961","formEdgeID":null},{"edgeID":"1740913","fromID":"1326961","toID":"1326960","formEdgeID":null},{"edgeID":"1740914","fromID":"1326964","toID":"1326963","formEdgeID":null},{"edgeID":"1740915","fromID":"1326965","toID":"1326964","formEdgeID":null},{"edgeID":"1740916","fromID":"1326963","toID":"1326966","formEdgeID":null},{"edgeID":"1740917","fromID":"1326966","toID":"1326962","formEdgeID":null},{"edgeID":"1740918","fromID":"1326952","toID":"1326967","formEdgeID":null},{"edgeID":"1740919","fromID":"1326967","toID":"1326963","formEdgeID":null},{"edgeID":"1740920","fromID":"1326962","toID":"1326968","formEdgeID":null},{"edgeID":"1740921","fromID":"1326968","toID":"1326951","formEdgeID":null},{"edgeID":"1740922","fromID":"1326967","toID":"1326969","formEdgeID":null},{"edgeID":"1740923","fromID":"1326969","toID":"1326968","formEdgeID":null},{"edgeID":"1740924","fromID":"1326972","toID":"1326971","formEdgeID":null},{"edgeID":"1740925","fromID":"1326973","toID":"1326972","formEdgeID":null},{"edgeID":"1740926","fromID":"1326971","toID":"1326974","formEdgeID":null},{"edgeID":"1740927","fromID":"1326974","toID":"1326970","formEdgeID":null},{"edgeID":"1740928","fromID":"1326963","toID":"1326975","formEdgeID":null},{"edgeID":"1740929","fromID":"1326975","toID":"1326971","formEdgeID":null},{"edgeID":"1740930","fromID":"1326962","toID":"1326976","formEdgeID":null},{"edgeID":"1740931","fromID":"1326976","toID":"1326970","formEdgeID":null},{"edgeID":"1740932","fromID":"1326975","toID":"1326977","formEdgeID":null},{"edgeID":"1740933","fromID":"1326977","toID":"1326976","formEdgeID":null},{"edgeID":"1740934","fromID":"1326980","toID":"1326979","formEdgeID":null},{"edgeID":"1740935","fromID":"1326981","toID":"1326980","formEdgeID":null},{"edgeID":"1740936","fromID":"1326979","toID":"1326982","formEdgeID":null},{"edgeID":"1740937","fromID":"1326982","toID":"1326978","formEdgeID":null},{"edgeID":"1740938","fromID":"1326971","toID":"1326983","formEdgeID":null},{"edgeID":"1740939","fromID":"1326983","toID":"1326979","formEdgeID":null},{"edgeID":"1740940","fromID":"1326986","toID":"1326985","formEdgeID":null},{"edgeID":"1740941","fromID":"1326987","toID":"1326986","formEdgeID":null},{"edgeID":"1740942","fromID":"1326985","toID":"1326988","formEdgeID":null},{"edgeID":"1740943","fromID":"1326988","toID":"1326984","formEdgeID":null},{"edgeID":"1740944","fromID":"1326978","toID":"1326989","formEdgeID":null},{"edgeID":"1740945","fromID":"1326989","toID":"1326984","formEdgeID":null},{"edgeID":"1740946","fromID":"1326984","toID":"1326990","formEdgeID":null},{"edgeID":"1740947","fromID":"1326990","toID":"1326970","formEdgeID":null},{"edgeID":"1740948","fromID":"1326971","toID":"1326991","formEdgeID":null},{"edgeID":"1740949","fromID":"1326991","toID":"1326985","formEdgeID":null},{"edgeID":"1740950","fromID":"1326991","toID":"1326992","formEdgeID":null},{"edgeID":"1740951","fromID":"1326992","toID":"1326990","formEdgeID":null},{"edgeID":"1740952","fromID":"1326995","toID":"1326994","formEdgeID":null},{"edgeID":"1740953","fromID":"1326996","toID":"1326995","formEdgeID":null},{"edgeID":"1740954","fromID":"1326994","toID":"1326997","formEdgeID":null},{"edgeID":"1740955","fromID":"1326997","toID":"1326993","formEdgeID":null},{"edgeID":"1740956","fromID":"1326985","toID":"1326998","formEdgeID":null},{"edgeID":"1740957","fromID":"1326998","toID":"1326994","formEdgeID":null},{"edgeID":"1740958","fromID":"1327001","toID":"1327000","formEdgeID":null},{"edgeID":"1740959","fromID":"1327002","toID":"1327001","formEdgeID":null},{"edgeID":"1740960","fromID":"1327000","toID":"1327003","formEdgeID":null},{"edgeID":"1740961","fromID":"1327003","toID":"1326999","formEdgeID":null},{"edgeID":"1740962","fromID":"1326994","toID":"1327004","formEdgeID":null},{"edgeID":"1740963","fromID":"1327004","toID":"1327000","formEdgeID":null},{"edgeID":"1740964","fromID":"1326999","toID":"1327005","formEdgeID":null},{"edgeID":"1740965","fromID":"1327005","toID":"1326993","formEdgeID":null},{"edgeID":"1740966","fromID":"1327004","toID":"1327006","formEdgeID":null},{"edgeID":"1740967","fromID":"1327006","toID":"1327005","formEdgeID":null},{"edgeID":"1740968","fromID":"1327009","toID":"1327008","formEdgeID":null},{"edgeID":"1740969","fromID":"1327010","toID":"1327009","formEdgeID":null},{"edgeID":"1740970","fromID":"1327008","toID":"1327011","formEdgeID":null},{"edgeID":"1740971","fromID":"1327011","toID":"1327007","formEdgeID":null},{"edgeID":"1740972","fromID":"1327000","toID":"1327012","formEdgeID":null},{"edgeID":"1740973","fromID":"1327012","toID":"1327008","formEdgeID":null},{"edgeID":"1740974","fromID":"1327015","toID":"1327014","formEdgeID":null},{"edgeID":"1740975","fromID":"1327016","toID":"1327015","formEdgeID":null},{"edgeID":"1740976","fromID":"1327014","toID":"1327017","formEdgeID":null},{"edgeID":"1740977","fromID":"1327017","toID":"1327013","formEdgeID":null},{"edgeID":"1740978","fromID":"1327008","toID":"1327018","formEdgeID":null},{"edgeID":"1740979","fromID":"1327018","toID":"1327014","formEdgeID":null},{"edgeID":"1740980","fromID":"1327007","toID":"1327019","formEdgeID":null},{"edgeID":"1740981","fromID":"1327019","toID":"1327013","formEdgeID":null},{"edgeID":"1740982","fromID":"1327018","toID":"1327020","formEdgeID":null},{"edgeID":"1740983","fromID":"1327020","toID":"1327019","formEdgeID":null},{"edgeID":"1740984","fromID":"1327023","toID":"1327022","formEdgeID":null},{"edgeID":"1740985","fromID":"1327024","toID":"1327023","formEdgeID":null},{"edgeID":"1740986","fromID":"1327022","toID":"1327025","formEdgeID":null},{"edgeID":"1740987","fromID":"1327025","toID":"1327021","formEdgeID":null},{"edgeID":"1740988","fromID":"1327014","toID":"1327026","formEdgeID":null},{"edgeID":"1740989","fromID":"1327026","toID":"1327022","formEdgeID":null},{"edgeID":"1740990","fromID":"1327029","toID":"1327028","formEdgeID":null},{"edgeID":"1740991","fromID":"1327030","toID":"1327029","formEdgeID":null},{"edgeID":"1740992","fromID":"1327028","toID":"1327031","formEdgeID":null},{"edgeID":"1740993","fromID":"1327031","toID":"1327027","formEdgeID":null},{"edgeID":"1740994","fromID":"1327022","toID":"1327032","formEdgeID":null},{"edgeID":"1740995","fromID":"1327032","toID":"1327028","formEdgeID":null},{"edgeID":"1740996","fromID":"1327035","toID":"1327034","formEdgeID":null},{"edgeID":"1740997","fromID":"1327036","toID":"1327035","formEdgeID":null},{"edgeID":"1740998","fromID":"1327034","toID":"1327037","formEdgeID":null},{"edgeID":"1740999","fromID":"1327037","toID":"1327033","formEdgeID":null},{"edgeID":"1741000","fromID":"1327028","toID":"1327038","formEdgeID":null},{"edgeID":"1741001","fromID":"1327038","toID":"1327034","formEdgeID":null},{"edgeID":"1741002","fromID":"1327027","toID":"1327039","formEdgeID":null},{"edgeID":"1741003","fromID":"1327039","toID":"1327033","formEdgeID":null},{"edgeID":"1741004","fromID":"1327038","toID":"1327040","formEdgeID":null},{"edgeID":"1741005","fromID":"1327040","toID":"1327039","formEdgeID":null},{"edgeID":"1741006","fromID":"1326926","toID":"1327041","formEdgeID":null},{"edgeID":"1741007","fromID":"1327041","toID":"1326918","formEdgeID":null},{"edgeID":"1741008","fromID":"1326932","toID":"1327042","formEdgeID":null},{"edgeID":"1741009","fromID":"1327042","toID":"1327041","formEdgeID":null},{"edgeID":"1741010","fromID":"1326933","toID":"1327043","formEdgeID":null},{"edgeID":"1741011","fromID":"1327043","toID":"1326926","formEdgeID":null},{"edgeID":"1741012","fromID":"1326938","toID":"1327044","formEdgeID":null},{"edgeID":"1741013","fromID":"1327044","toID":"1327043","formEdgeID":null},{"edgeID":"1741014","fromID":"1326979","toID":"1327045","formEdgeID":null},{"edgeID":"1741015","fromID":"1327045","toID":"1326985","formEdgeID":null},{"edgeID":"1741016","fromID":"1327045","toID":"1327046","formEdgeID":null},{"edgeID":"1741017","fromID":"1327046","toID":"1326989","formEdgeID":null},{"edgeID":"1741018","fromID":"1326945","toID":"1327047","formEdgeID":null},{"edgeID":"1741019","fromID":"1327047","toID":"1326979","formEdgeID":null},{"edgeID":"1741020","fromID":"1326978","toID":"1327048","formEdgeID":null},{"edgeID":"1741021","fromID":"1327048","toID":"1326944","formEdgeID":null},{"edgeID":"1741022","fromID":"1327047","toID":"1327049","formEdgeID":null},{"edgeID":"1741023","fromID":"1327049","toID":"1327048","formEdgeID":null},{"edgeID":"1741024","fromID":"1327013","toID":"1327050","formEdgeID":null},{"edgeID":"1741025","fromID":"1327050","toID":"1327021","formEdgeID":null},{"edgeID":"1741026","fromID":"1327026","toID":"1327051","formEdgeID":null},{"edgeID":"1741027","fromID":"1327051","toID":"1327050","formEdgeID":null}],"locutions":[]}