{"nodes":[{"nodeID":"1328467","text":"Minette Batters really hopes that the new Prime Minister is going to open the door, engage and sort these things out","type":"I","timestamp":"2023-11-09 13:35:34"},{"nodeID":"1328468","text":"Minette Batters:  I really, really hope that the new Prime Minister is going to open the door, engage and sort these things out","type":"L","timestamp":"2023-11-09 13:35:34"},{"nodeID":"1328469","text":"Analysing","type":"YA","timestamp":"2023-11-09 13:35:34"},{"nodeID":"1328470","text":"Anon: Minette Batters:  I really, really hope that the new Prime Minister is going to open the door, engage and sort these things out","type":"L","timestamp":"2023-11-09 13:35:34"},{"nodeID":"1328471","text":"Asserting","type":"YA","timestamp":"2023-11-09 13:35:34"},{"nodeID":"1328472","text":"wrong things are piling-up and up","type":"I","timestamp":"2023-11-09 13:35:34"},{"nodeID":"1328473","text":"Minette Batters: they are piling-up and up","type":"L","timestamp":"2023-11-09 13:35:34"},{"nodeID":"1328474","text":"Analysing","type":"YA","timestamp":"2023-11-09 13:35:34"},{"nodeID":"1328475","text":"Anon: Minette Batters: they are piling-up and up","type":"L","timestamp":"2023-11-09 13:35:34"},{"nodeID":"1328476","text":"Asserting","type":"YA","timestamp":"2023-11-09 13:35:34"},{"nodeID":"1328477","text":"we go back to more sound bite, illiterate economic lack of viability","type":"I","timestamp":"2023-11-09 13:35:35"},{"nodeID":"1328478","text":"Minette Batters: we go back to more sound bite, illiterate economic lack of viability","type":"L","timestamp":"2023-11-09 13:35:35"},{"nodeID":"1328479","text":"Analysing","type":"YA","timestamp":"2023-11-09 13:35:35"},{"nodeID":"1328480","text":"Anon: Minette Batters: we go back to more sound bite, illiterate economic lack of viability","type":"L","timestamp":"2023-11-09 13:35:35"},{"nodeID":"1328481","text":"Asserting","type":"YA","timestamp":"2023-11-09 13:35:35"},{"nodeID":"1328482","text":"it's going to be disastrous","type":"I","timestamp":"2023-11-09 13:35:35"},{"nodeID":"1328483","text":"Minette Batters: it's going to be disastrous","type":"L","timestamp":"2023-11-09 13:35:35"},{"nodeID":"1328484","text":"Analysing","type":"YA","timestamp":"2023-11-09 13:35:35"},{"nodeID":"1328485","text":"Anon: Minette Batters: it's going to be disastrous","type":"L","timestamp":"2023-11-09 13:35:35"},{"nodeID":"1328486","text":"Asserting","type":"YA","timestamp":"2023-11-09 13:35:35"},{"nodeID":"1328487","text":"the situation has to change","type":"I","timestamp":"2023-11-09 13:35:36"},{"nodeID":"1328488","text":"Minette Batters: it has to change","type":"L","timestamp":"2023-11-09 13:35:36"},{"nodeID":"1328489","text":"Analysing","type":"YA","timestamp":"2023-11-09 13:35:36"},{"nodeID":"1328490","text":"Anon: Minette Batters: it has to change","type":"L","timestamp":"2023-11-09 13:35:36"},{"nodeID":"1328491","text":"Asserting","type":"YA","timestamp":"2023-11-09 13:35:36"},{"nodeID":"1328492","text":"we were promised a high wage high skill economy","type":"I","timestamp":"2023-11-09 13:35:37"},{"nodeID":"1328493","text":"Fiona Bruce: We were promised a high wage high skill economy","type":"L","timestamp":"2023-11-09 13:35:37"},{"nodeID":"1328494","text":"Analysing","type":"YA","timestamp":"2023-11-09 13:35:37"},{"nodeID":"1328495","text":"Anon: Fiona Bruce: We were promised a high wage high skill economy","type":"L","timestamp":"2023-11-09 13:35:37"},{"nodeID":"1328496","text":"Asserting","type":"YA","timestamp":"2023-11-09 13:35:37"},{"nodeID":"1328497","text":"high wage high skill economy is or is not likely","type":"I","timestamp":"2023-11-09 13:35:37"},{"nodeID":"1328498","text":"Fiona Bruce:  is this likely","type":"L","timestamp":"2023-11-09 13:35:37"},{"nodeID":"1328499","text":"Analysing","type":"YA","timestamp":"2023-11-09 13:35:37"},{"nodeID":"1328500","text":"Anon: Fiona Bruce:  is this likely","type":"L","timestamp":"2023-11-09 13:35:37"},{"nodeID":"1328501","text":"Pure Questioning","type":"YA","timestamp":"2023-11-09 13:35:37"},{"nodeID":"1328502","text":"public sector workers are expecting to get a pay cut","type":"I","timestamp":"2023-11-09 13:35:38"},{"nodeID":"1328503","text":"Fiona Bruce: public sector workers are expecting to get a pay cut","type":"L","timestamp":"2023-11-09 13:35:38"},{"nodeID":"1328504","text":"Analysing","type":"YA","timestamp":"2023-11-09 13:35:38"},{"nodeID":"1328505","text":"Anon: Fiona Bruce: public sector workers are expecting to get a pay cut","type":"L","timestamp":"2023-11-09 13:35:38"},{"nodeID":"1328506","text":"Asserting","type":"YA","timestamp":"2023-11-09 13:35:38"},{"nodeID":"1328507","text":"Default Inference","type":"RA","timestamp":"2023-11-09 13:35:38"},{"nodeID":"1328508","text":"Default Transition","type":"TA","timestamp":"2023-11-09 13:35:38"},{"nodeID":"1328509","text":"Arguing","type":"YA","timestamp":"2023-11-09 13:35:38"},{"nodeID":"1328510","text":"Default Transition","type":"TA","timestamp":"2023-11-09 13:35:38"},{"nodeID":"1328511","text":"Default Transition","type":"TA","timestamp":"2023-11-09 13:35:38"},{"nodeID":"1328512","text":"Default Transition","type":"TA","timestamp":"2023-11-09 13:35:38"},{"nodeID":"1328513","text":"Default Inference","type":"RA","timestamp":"2023-11-09 13:35:38"},{"nodeID":"1328514","text":"Arguing","type":"YA","timestamp":"2023-11-09 13:35:38"},{"nodeID":"1328515","text":"Default Transition","type":"TA","timestamp":"2023-11-09 13:35:38"},{"nodeID":"1328516","text":"Default Transition","type":"TA","timestamp":"2023-11-09 13:35:38"},{"nodeID":"1328517","text":"Default Conflict","type":"CA","timestamp":"2023-11-09 13:35:38"},{"nodeID":"1328518","text":"Default Transition","type":"TA","timestamp":"2023-11-09 13:35:38"},{"nodeID":"1328519","text":"Disagreeing","type":"YA","timestamp":"2023-11-09 13:35:38"},{"nodeID":"1328520","text":"Default Inference","type":"RA","timestamp":"2023-11-09 13:35:38"},{"nodeID":"1328521","text":"Arguing","type":"YA","timestamp":"2023-11-09 13:35:38"},{"nodeID":"1328522","text":"a lot has been unfair","type":"I","timestamp":"2023-11-09 13:35:38"},{"nodeID":"1328523","text":"Bim Afolami:  I think a lot has been unfair","type":"L","timestamp":"2023-11-09 13:35:38"},{"nodeID":"1328524","text":"Analysing","type":"YA","timestamp":"2023-11-09 13:35:38"},{"nodeID":"1328525","text":"Anon: Bim Afolami:  I think a lot has been unfair","type":"L","timestamp":"2023-11-09 13:35:38"},{"nodeID":"1328526","text":"Asserting","type":"YA","timestamp":"2023-11-09 13:35:38"},{"nodeID":"1328527","text":"Default Transition","type":"TA","timestamp":"2023-11-09 13:35:38"},{"nodeID":"1328528","text":"in terms of high skill high-wage economy, the way how in any country like this, we are going to improve the wealth and prosperity of our country is by skilling our people well","type":"I","timestamp":"2023-11-09 13:35:39"},{"nodeID":"1328529","text":"Bim Afolami: In terms of high skill high-wage economy, the way how in any country like this, we are going to improve the wealth and prosperity of our country is by skilling our people well","type":"L","timestamp":"2023-11-09 13:35:39"},{"nodeID":"1328530","text":"Analysing","type":"YA","timestamp":"2023-11-09 13:35:39"},{"nodeID":"1328531","text":"Anon: Bim Afolami: In terms of high skill high-wage economy, the way how in any country like this, we are going to improve the wealth and prosperity of our country is by skilling our people well","type":"L","timestamp":"2023-11-09 13:35:39"},{"nodeID":"1328532","text":"Asserting","type":"YA","timestamp":"2023-11-09 13:35:39"},{"nodeID":"1328533","text":"we are talking about schools and Further Education colleges and university, that is core to what we are doing","type":"I","timestamp":"2023-11-09 13:35:40"},{"nodeID":"1328534","text":"Bim Afolami: we are talking about schools and Further Education colleges and university, that is core to what we are doing","type":"L","timestamp":"2023-11-09 13:35:40"},{"nodeID":"1328535","text":"Analysing","type":"YA","timestamp":"2023-11-09 13:35:40"},{"nodeID":"1328536","text":"Anon: Bim Afolami: we are talking about schools and Further Education colleges and university, that is core to what we are doing","type":"L","timestamp":"2023-11-09 13:35:40"},{"nodeID":"1328537","text":"Asserting","type":"YA","timestamp":"2023-11-09 13:35:40"},{"nodeID":"1328538","text":"Default Transition","type":"TA","timestamp":"2023-11-09 13:35:40"},{"nodeID":"1328539","text":"Default Rephrase","type":"MA","timestamp":"2023-11-09 13:35:40"},{"nodeID":"1328540","text":"Restating","type":"YA","timestamp":"2023-11-09 13:35:40"},{"nodeID":"1328541","text":"all the effort and policy needs to go into improving that","type":"I","timestamp":"2023-11-09 13:35:40"},{"nodeID":"1328542","text":"Bim Afolami: all the effort and policy needs to go into improving that","type":"L","timestamp":"2023-11-09 13:35:40"},{"nodeID":"1328543","text":"Analysing","type":"YA","timestamp":"2023-11-09 13:35:40"},{"nodeID":"1328544","text":"Anon: Bim Afolami: all the effort and policy needs to go into improving that","type":"L","timestamp":"2023-11-09 13:35:40"},{"nodeID":"1328545","text":"Asserting","type":"YA","timestamp":"2023-11-09 13:35:40"},{"nodeID":"1328546","text":"Default Transition","type":"TA","timestamp":"2023-11-09 13:35:40"},{"nodeID":"1328547","text":"Default Inference","type":"RA","timestamp":"2023-11-09 13:35:40"},{"nodeID":"1328548","text":"Arguing","type":"YA","timestamp":"2023-11-09 13:35:40"},{"nodeID":"1328549","text":"once you improve skills, you can improve wages","type":"I","timestamp":"2023-11-09 13:35:41"},{"nodeID":"1328550","text":"Bim Afolami: once you improve skills, you can improve wages","type":"L","timestamp":"2023-11-09 13:35:41"},{"nodeID":"1328551","text":"Analysing","type":"YA","timestamp":"2023-11-09 13:35:41"},{"nodeID":"1328552","text":"Anon: Bim Afolami: once you improve skills, you can improve wages","type":"L","timestamp":"2023-11-09 13:35:41"},{"nodeID":"1328553","text":"Asserting","type":"YA","timestamp":"2023-11-09 13:35:41"},{"nodeID":"1328554","text":"Default Transition","type":"TA","timestamp":"2023-11-09 13:35:41"},{"nodeID":"1328555","text":"Default Transition","type":"TA","timestamp":"2023-11-09 13:35:41"},{"nodeID":"1328556","text":"your businesses and the businesses you are setting up and where you are working they are making more high-value products","type":"I","timestamp":"2023-11-09 13:35:41"},{"nodeID":"1328557","text":"Bim Afolami: your businesses and the businesses you are setting up and where you are working they are making more high-value products","type":"L","timestamp":"2023-11-09 13:35:41"},{"nodeID":"1328558","text":"Analysing","type":"YA","timestamp":"2023-11-09 13:35:41"},{"nodeID":"1328559","text":"Anon: Bim Afolami: your businesses and the businesses you are setting up and where you are working they are making more high-value products","type":"L","timestamp":"2023-11-09 13:35:41"},{"nodeID":"1328560","text":"Asserting","type":"YA","timestamp":"2023-11-09 13:35:41"},{"nodeID":"1328561","text":"businesses are doing better and they sell products for more","type":"I","timestamp":"2023-11-09 13:35:42"},{"nodeID":"1328562","text":"Bim Afolami: are doing better and they sell them for more","type":"L","timestamp":"2023-11-09 13:35:42"},{"nodeID":"1328563","text":"Analysing","type":"YA","timestamp":"2023-11-09 13:35:42"},{"nodeID":"1328564","text":"Anon: Bim Afolami: are doing better and they sell them for more","type":"L","timestamp":"2023-11-09 13:35:42"},{"nodeID":"1328565","text":"Asserting","type":"YA","timestamp":"2023-11-09 13:35:42"},{"nodeID":"1328566","text":"Default Transition","type":"TA","timestamp":"2023-11-09 13:35:42"},{"nodeID":"1328567","text":"selling products for more increases the wages they can pay people","type":"I","timestamp":"2023-11-09 13:35:42"},{"nodeID":"1328568","text":"Bim Afolami: that increases the wages they can pay people","type":"L","timestamp":"2023-11-09 13:35:42"},{"nodeID":"1328569","text":"Analysing","type":"YA","timestamp":"2023-11-09 13:35:42"},{"nodeID":"1328570","text":"Anon: Bim Afolami: that increases the wages they can pay people","type":"L","timestamp":"2023-11-09 13:35:42"},{"nodeID":"1328571","text":"Asserting","type":"YA","timestamp":"2023-11-09 13:35:42"},{"nodeID":"1328572","text":"Default Transition","type":"TA","timestamp":"2023-11-09 13:35:42"},{"nodeID":"1328573","text":"Default Inference","type":"RA","timestamp":"2023-11-09 13:35:42"},{"nodeID":"1328574","text":"Arguing","type":"YA","timestamp":"2023-11-09 13:35:42"},{"nodeID":"1328575","text":"Default Inference","type":"RA","timestamp":"2023-11-09 13:35:42"},{"nodeID":"1328576","text":"Arguing","type":"YA","timestamp":"2023-11-09 13:35:42"},{"nodeID":"1328577","text":"Default Rephrase","type":"MA","timestamp":"2023-11-09 13:35:42"},{"nodeID":"1328578","text":"Default Transition","type":"TA","timestamp":"2023-11-09 13:35:42"},{"nodeID":"1328579","text":"Restating","type":"YA","timestamp":"2023-11-09 13:35:42"},{"nodeID":"1328580","text":"Default Transition","type":"TA","timestamp":"2023-11-09 13:35:42"},{"nodeID":"1328581","text":"high skill high wage economy is core to not just what this country needs to do","type":"I","timestamp":"2023-11-09 13:35:43"},{"nodeID":"1328582","text":"Bim Afolami: That's core to not just what this country needs to do","type":"L","timestamp":"2023-11-09 13:35:43"},{"nodeID":"1328583","text":"Analysing","type":"YA","timestamp":"2023-11-09 13:35:43"},{"nodeID":"1328584","text":"Anon: Bim Afolami: That's core to not just what this country needs to do","type":"L","timestamp":"2023-11-09 13:35:43"},{"nodeID":"1328585","text":"Asserting","type":"YA","timestamp":"2023-11-09 13:35:43"},{"nodeID":"1328586","text":"what every country should be aiming for is a high skill high wage economy","type":"I","timestamp":"2023-11-09 13:35:44"},{"nodeID":"1328587","text":"Bim Afolami: what every country should be aiming for is a high wage high skill economy","type":"L","timestamp":"2023-11-09 13:35:44"},{"nodeID":"1328588","text":"Analysing","type":"YA","timestamp":"2023-11-09 13:35:44"},{"nodeID":"1328589","text":"Anon: Bim Afolami: what every country should be aiming for is a high wage high skill economy","type":"L","timestamp":"2023-11-09 13:35:44"},{"nodeID":"1328590","text":"Asserting","type":"YA","timestamp":"2023-11-09 13:35:44"},{"nodeID":"1328591","text":"Default Transition","type":"TA","timestamp":"2023-11-09 13:35:44"},{"nodeID":"1328592","text":"Default Transition","type":"TA","timestamp":"2023-11-09 13:35:44"},{"nodeID":"1328593","text":"Default Rephrase","type":"MA","timestamp":"2023-11-09 13:35:44"},{"nodeID":"1328594","text":"Restating","type":"YA","timestamp":"2023-11-09 13:35:44"},{"nodeID":"1328595","text":"Default Rephrase","type":"MA","timestamp":"2023-11-09 13:35:44"},{"nodeID":"1328596","text":"Restating","type":"YA","timestamp":"2023-11-09 13:35:44"},{"nodeID":"1328597","text":"Default Inference","type":"RA","timestamp":"2023-11-09 13:35:44"},{"nodeID":"1328598","text":"Arguing","type":"YA","timestamp":"2023-11-09 13:35:44"}],"edges":[{"edgeID":"1742693","fromID":"1328469","toID":"1328468","formEdgeID":null},{"edgeID":"1742694","fromID":"1328470","toID":"1328469","formEdgeID":null},{"edgeID":"1742695","fromID":"1328468","toID":"1328471","formEdgeID":null},{"edgeID":"1742696","fromID":"1328471","toID":"1328467","formEdgeID":null},{"edgeID":"1742697","fromID":"1328474","toID":"1328473","formEdgeID":null},{"edgeID":"1742698","fromID":"1328475","toID":"1328474","formEdgeID":null},{"edgeID":"1742699","fromID":"1328473","toID":"1328476","formEdgeID":null},{"edgeID":"1742700","fromID":"1328476","toID":"1328472","formEdgeID":null},{"edgeID":"1742701","fromID":"1328479","toID":"1328478","formEdgeID":null},{"edgeID":"1742702","fromID":"1328480","toID":"1328479","formEdgeID":null},{"edgeID":"1742703","fromID":"1328478","toID":"1328481","formEdgeID":null},{"edgeID":"1742704","fromID":"1328481","toID":"1328477","formEdgeID":null},{"edgeID":"1742705","fromID":"1328484","toID":"1328483","formEdgeID":null},{"edgeID":"1742706","fromID":"1328485","toID":"1328484","formEdgeID":null},{"edgeID":"1742707","fromID":"1328483","toID":"1328486","formEdgeID":null},{"edgeID":"1742708","fromID":"1328486","toID":"1328482","formEdgeID":null},{"edgeID":"1742709","fromID":"1328489","toID":"1328488","formEdgeID":null},{"edgeID":"1742710","fromID":"1328490","toID":"1328489","formEdgeID":null},{"edgeID":"1742711","fromID":"1328488","toID":"1328491","formEdgeID":null},{"edgeID":"1742712","fromID":"1328491","toID":"1328487","formEdgeID":null},{"edgeID":"1742713","fromID":"1328494","toID":"1328493","formEdgeID":null},{"edgeID":"1742714","fromID":"1328495","toID":"1328494","formEdgeID":null},{"edgeID":"1742715","fromID":"1328493","toID":"1328496","formEdgeID":null},{"edgeID":"1742716","fromID":"1328496","toID":"1328492","formEdgeID":null},{"edgeID":"1742717","fromID":"1328499","toID":"1328498","formEdgeID":null},{"edgeID":"1742718","fromID":"1328500","toID":"1328499","formEdgeID":null},{"edgeID":"1742719","fromID":"1328498","toID":"1328501","formEdgeID":null},{"edgeID":"1742720","fromID":"1328501","toID":"1328497","formEdgeID":null},{"edgeID":"1742721","fromID":"1328504","toID":"1328503","formEdgeID":null},{"edgeID":"1742722","fromID":"1328505","toID":"1328504","formEdgeID":null},{"edgeID":"1742723","fromID":"1328503","toID":"1328506","formEdgeID":null},{"edgeID":"1742724","fromID":"1328506","toID":"1328502","formEdgeID":null},{"edgeID":"1742725","fromID":"1328472","toID":"1328507","formEdgeID":null},{"edgeID":"1742726","fromID":"1328507","toID":"1328467","formEdgeID":null},{"edgeID":"1742727","fromID":"1328468","toID":"1328508","formEdgeID":null},{"edgeID":"1742728","fromID":"1328508","toID":"1328473","formEdgeID":null},{"edgeID":"1742729","fromID":"1328508","toID":"1328509","formEdgeID":null},{"edgeID":"1742730","fromID":"1328509","toID":"1328507","formEdgeID":null},{"edgeID":"1742731","fromID":"1328473","toID":"1328510","formEdgeID":null},{"edgeID":"1742732","fromID":"1328510","toID":"1328478","formEdgeID":null},{"edgeID":"1742733","fromID":"1328478","toID":"1328511","formEdgeID":null},{"edgeID":"1742734","fromID":"1328511","toID":"1328483","formEdgeID":null},{"edgeID":"1742735","fromID":"1328483","toID":"1328512","formEdgeID":null},{"edgeID":"1742736","fromID":"1328512","toID":"1328488","formEdgeID":null},{"edgeID":"1742737","fromID":"1328482","toID":"1328513","formEdgeID":null},{"edgeID":"1742738","fromID":"1328513","toID":"1328487","formEdgeID":null},{"edgeID":"1742739","fromID":"1328512","toID":"1328514","formEdgeID":null},{"edgeID":"1742740","fromID":"1328514","toID":"1328513","formEdgeID":null},{"edgeID":"1742741","fromID":"1328488","toID":"1328515","formEdgeID":null},{"edgeID":"1742742","fromID":"1328515","toID":"1328493","formEdgeID":null},{"edgeID":"1742743","fromID":"1328493","toID":"1328516","formEdgeID":null},{"edgeID":"1742744","fromID":"1328516","toID":"1328498","formEdgeID":null},{"edgeID":"1742745","fromID":"1328502","toID":"1328517","formEdgeID":null},{"edgeID":"1742746","fromID":"1328517","toID":"1328492","formEdgeID":null},{"edgeID":"1742747","fromID":"1328493","toID":"1328518","formEdgeID":null},{"edgeID":"1742748","fromID":"1328518","toID":"1328503","formEdgeID":null},{"edgeID":"1742749","fromID":"1328518","toID":"1328519","formEdgeID":null},{"edgeID":"1742750","fromID":"1328519","toID":"1328517","formEdgeID":null},{"edgeID":"1742751","fromID":"1328492","toID":"1328520","formEdgeID":null},{"edgeID":"1742752","fromID":"1328520","toID":"1328497","formEdgeID":null},{"edgeID":"1742753","fromID":"1328516","toID":"1328521","formEdgeID":null},{"edgeID":"1742754","fromID":"1328521","toID":"1328520","formEdgeID":null},{"edgeID":"1742755","fromID":"1328524","toID":"1328523","formEdgeID":null},{"edgeID":"1742756","fromID":"1328525","toID":"1328524","formEdgeID":null},{"edgeID":"1742757","fromID":"1328523","toID":"1328526","formEdgeID":null},{"edgeID":"1742758","fromID":"1328526","toID":"1328522","formEdgeID":null},{"edgeID":"1742759","fromID":"1328503","toID":"1328527","formEdgeID":null},{"edgeID":"1742760","fromID":"1328527","toID":"1328523","formEdgeID":null},{"edgeID":"1742761","fromID":"1328530","toID":"1328529","formEdgeID":null},{"edgeID":"1742762","fromID":"1328531","toID":"1328530","formEdgeID":null},{"edgeID":"1742763","fromID":"1328529","toID":"1328532","formEdgeID":null},{"edgeID":"1742764","fromID":"1328532","toID":"1328528","formEdgeID":null},{"edgeID":"1742765","fromID":"1328535","toID":"1328534","formEdgeID":null},{"edgeID":"1742766","fromID":"1328536","toID":"1328535","formEdgeID":null},{"edgeID":"1742767","fromID":"1328534","toID":"1328537","formEdgeID":null},{"edgeID":"1742768","fromID":"1328537","toID":"1328533","formEdgeID":null},{"edgeID":"1742769","fromID":"1328529","toID":"1328538","formEdgeID":null},{"edgeID":"1742770","fromID":"1328538","toID":"1328534","formEdgeID":null},{"edgeID":"1742771","fromID":"1328533","toID":"1328539","formEdgeID":null},{"edgeID":"1742772","fromID":"1328539","toID":"1328528","formEdgeID":null},{"edgeID":"1742773","fromID":"1328538","toID":"1328540","formEdgeID":null},{"edgeID":"1742774","fromID":"1328540","toID":"1328539","formEdgeID":null},{"edgeID":"1742775","fromID":"1328543","toID":"1328542","formEdgeID":null},{"edgeID":"1742776","fromID":"1328544","toID":"1328543","formEdgeID":null},{"edgeID":"1742777","fromID":"1328542","toID":"1328545","formEdgeID":null},{"edgeID":"1742778","fromID":"1328545","toID":"1328541","formEdgeID":null},{"edgeID":"1742779","fromID":"1328529","toID":"1328546","formEdgeID":null},{"edgeID":"1742780","fromID":"1328546","toID":"1328542","formEdgeID":null},{"edgeID":"1742781","fromID":"1328528","toID":"1328547","formEdgeID":null},{"edgeID":"1742782","fromID":"1328547","toID":"1328541","formEdgeID":null},{"edgeID":"1742783","fromID":"1328546","toID":"1328548","formEdgeID":null},{"edgeID":"1742784","fromID":"1328548","toID":"1328547","formEdgeID":null},{"edgeID":"1742785","fromID":"1328551","toID":"1328550","formEdgeID":null},{"edgeID":"1742786","fromID":"1328552","toID":"1328551","formEdgeID":null},{"edgeID":"1742787","fromID":"1328550","toID":"1328553","formEdgeID":null},{"edgeID":"1742788","fromID":"1328553","toID":"1328549","formEdgeID":null},{"edgeID":"1742789","fromID":"1328542","toID":"1328554","formEdgeID":null},{"edgeID":"1742790","fromID":"1328554","toID":"1328550","formEdgeID":null},{"edgeID":"1742791","fromID":"1328523","toID":"1328555","formEdgeID":null},{"edgeID":"1742792","fromID":"1328555","toID":"1328529","formEdgeID":null},{"edgeID":"1742793","fromID":"1328558","toID":"1328557","formEdgeID":null},{"edgeID":"1742794","fromID":"1328559","toID":"1328558","formEdgeID":null},{"edgeID":"1742795","fromID":"1328557","toID":"1328560","formEdgeID":null},{"edgeID":"1742796","fromID":"1328560","toID":"1328556","formEdgeID":null},{"edgeID":"1742797","fromID":"1328563","toID":"1328562","formEdgeID":null},{"edgeID":"1742798","fromID":"1328564","toID":"1328563","formEdgeID":null},{"edgeID":"1742799","fromID":"1328562","toID":"1328565","formEdgeID":null},{"edgeID":"1742800","fromID":"1328565","toID":"1328561","formEdgeID":null},{"edgeID":"1742801","fromID":"1328557","toID":"1328566","formEdgeID":null},{"edgeID":"1742802","fromID":"1328566","toID":"1328562","formEdgeID":null},{"edgeID":"1742803","fromID":"1328569","toID":"1328568","formEdgeID":null},{"edgeID":"1742804","fromID":"1328570","toID":"1328569","formEdgeID":null},{"edgeID":"1742805","fromID":"1328568","toID":"1328571","formEdgeID":null},{"edgeID":"1742806","fromID":"1328571","toID":"1328567","formEdgeID":null},{"edgeID":"1742807","fromID":"1328562","toID":"1328572","formEdgeID":null},{"edgeID":"1742808","fromID":"1328572","toID":"1328568","formEdgeID":null},{"edgeID":"1742809","fromID":"1328556","toID":"1328573","formEdgeID":null},{"edgeID":"1742810","fromID":"1328573","toID":"1328561","formEdgeID":null},{"edgeID":"1742811","fromID":"1328566","toID":"1328574","formEdgeID":null},{"edgeID":"1742812","fromID":"1328574","toID":"1328573","formEdgeID":null},{"edgeID":"1742813","fromID":"1328561","toID":"1328575","formEdgeID":null},{"edgeID":"1742814","fromID":"1328575","toID":"1328567","formEdgeID":null},{"edgeID":"1742815","fromID":"1328572","toID":"1328576","formEdgeID":null},{"edgeID":"1742816","fromID":"1328576","toID":"1328575","formEdgeID":null},{"edgeID":"1742817","fromID":"1328567","toID":"1328577","formEdgeID":null},{"edgeID":"1742818","fromID":"1328577","toID":"1328549","formEdgeID":null},{"edgeID":"1742819","fromID":"1328550","toID":"1328578","formEdgeID":null},{"edgeID":"1742820","fromID":"1328578","toID":"1328568","formEdgeID":null},{"edgeID":"1742821","fromID":"1328578","toID":"1328579","formEdgeID":null},{"edgeID":"1742822","fromID":"1328579","toID":"1328577","formEdgeID":null},{"edgeID":"1742823","fromID":"1328550","toID":"1328580","formEdgeID":null},{"edgeID":"1742824","fromID":"1328580","toID":"1328557","formEdgeID":null},{"edgeID":"1742825","fromID":"1328583","toID":"1328582","formEdgeID":null},{"edgeID":"1742826","fromID":"1328584","toID":"1328583","formEdgeID":null},{"edgeID":"1742827","fromID":"1328582","toID":"1328585","formEdgeID":null},{"edgeID":"1742828","fromID":"1328585","toID":"1328581","formEdgeID":null},{"edgeID":"1742829","fromID":"1328588","toID":"1328587","formEdgeID":null},{"edgeID":"1742830","fromID":"1328589","toID":"1328588","formEdgeID":null},{"edgeID":"1742831","fromID":"1328587","toID":"1328590","formEdgeID":null},{"edgeID":"1742832","fromID":"1328590","toID":"1328586","formEdgeID":null},{"edgeID":"1742833","fromID":"1328582","toID":"1328591","formEdgeID":null},{"edgeID":"1742834","fromID":"1328591","toID":"1328587","formEdgeID":null},{"edgeID":"1742835","fromID":"1328542","toID":"1328592","formEdgeID":null},{"edgeID":"1742836","fromID":"1328592","toID":"1328582","formEdgeID":null},{"edgeID":"1742837","fromID":"1328581","toID":"1328593","formEdgeID":null},{"edgeID":"1742838","fromID":"1328593","toID":"1328541","formEdgeID":null},{"edgeID":"1742839","fromID":"1328592","toID":"1328594","formEdgeID":null},{"edgeID":"1742840","fromID":"1328594","toID":"1328593","formEdgeID":null},{"edgeID":"1742841","fromID":"1328586","toID":"1328595","formEdgeID":null},{"edgeID":"1742842","fromID":"1328595","toID":"1328581","formEdgeID":null},{"edgeID":"1742843","fromID":"1328591","toID":"1328596","formEdgeID":null},{"edgeID":"1742844","fromID":"1328596","toID":"1328595","formEdgeID":null},{"edgeID":"1742845","fromID":"1328477","toID":"1328597","formEdgeID":null},{"edgeID":"1742846","fromID":"1328597","toID":"1328482","formEdgeID":null},{"edgeID":"1742847","fromID":"1328511","toID":"1328598","formEdgeID":null},{"edgeID":"1742848","fromID":"1328598","toID":"1328597","formEdgeID":null}],"locutions":[]}