{"nodes":[{"nodeID":"1324553","text":"we can't now trust the Conservative Party with the choice of the next leader","type":"I","timestamp":"2023-11-09 13:30:12"},{"nodeID":"1324554","text":"AudienceMember 20220721QT05: how do we now trust the Conservative Party with the choice of the next leader","type":"L","timestamp":"2023-11-09 13:30:12"},{"nodeID":"1324555","text":"Analysing","type":"YA","timestamp":"2023-11-09 13:30:12"},{"nodeID":"1324556","text":"Dominika: AudienceMember 20220721QT05: how do we now trust the Conservative Party with the choice of the next leader","type":"L","timestamp":"2023-11-09 13:30:12"},{"nodeID":"1324557","text":"Rhetorical Questioning","type":"YA","timestamp":"2023-11-09 13:30:12"},{"nodeID":"1324558","text":"all AudienceMember20220721QT05 is hearing is we are going to give you tax cuts","type":"I","timestamp":"2023-11-09 13:30:12"},{"nodeID":"1324559","text":"AudienceMember 20220721QT05: all I'm hearing is we are going to give you tax cuts","type":"L","timestamp":"2023-11-09 13:30:12"},{"nodeID":"1324560","text":"Analysing","type":"YA","timestamp":"2023-11-09 13:30:12"},{"nodeID":"1324561","text":"Dominika: AudienceMember 20220721QT05: all I'm hearing is we are going to give you tax cuts","type":"L","timestamp":"2023-11-09 13:30:12"},{"nodeID":"1324562","text":"Asserting","type":"YA","timestamp":"2023-11-09 13:30:12"},{"nodeID":"1324563","text":"we need more than tax cuts in this country","type":"I","timestamp":"2023-11-09 13:30:13"},{"nodeID":"1324564","text":"AudienceMember 20220721QT05: We need more than that in this country","type":"L","timestamp":"2023-11-09 13:30:13"},{"nodeID":"1324565","text":"Analysing","type":"YA","timestamp":"2023-11-09 13:30:13"},{"nodeID":"1324566","text":"Dominika: AudienceMember 20220721QT05: We need more than that in this country","type":"L","timestamp":"2023-11-09 13:30:13"},{"nodeID":"1324567","text":"Asserting","type":"YA","timestamp":"2023-11-09 13:30:13"},{"nodeID":"1324568","text":"we need a good statesman to bring this country back to looking after its people again","type":"I","timestamp":"2023-11-09 13:30:13"},{"nodeID":"1324569","text":"AudienceMember 20220721QT05: We need a good statesman to bring this country back to you know, looking after its people again","type":"L","timestamp":"2023-11-09 13:30:13"},{"nodeID":"1324570","text":"Analysing","type":"YA","timestamp":"2023-11-09 13:30:13"},{"nodeID":"1324571","text":"Dominika: AudienceMember 20220721QT05: We need a good statesman to bring this country back to you know, looking after its people again","type":"L","timestamp":"2023-11-09 13:30:13"},{"nodeID":"1324572","text":"Asserting","type":"YA","timestamp":"2023-11-09 13:30:13"},{"nodeID":"1324573","text":"Default Transition","type":"TA","timestamp":"2023-11-09 13:30:13"},{"nodeID":"1324574","text":"Default Transition","type":"TA","timestamp":"2023-11-09 13:30:13"},{"nodeID":"1324575","text":"Default Inference","type":"RA","timestamp":"2023-11-09 13:30:13"},{"nodeID":"1324576","text":"Default Transition","type":"TA","timestamp":"2023-11-09 13:30:13"},{"nodeID":"1324577","text":"Arguing","type":"YA","timestamp":"2023-11-09 13:30:13"},{"nodeID":"1324578","text":"talking about turning people off from politics, one of the problems is it's so binary like a punch and Judy show, even with the conversation happening now","type":"I","timestamp":"2023-11-09 13:30:14"},{"nodeID":"1324579","text":"AudienceMember 20220721QT06: Talking about turning people off from politics, one of the problems is it's so binary like a punch and Judy show, even with the conversation happening now","type":"L","timestamp":"2023-11-09 13:30:14"},{"nodeID":"1324580","text":"Analysing","type":"YA","timestamp":"2023-11-09 13:30:14"},{"nodeID":"1324581","text":"Dominika: AudienceMember 20220721QT06: Talking about turning people off from politics, one of the problems is it's so binary like a punch and Judy show, even with the conversation happening now","type":"L","timestamp":"2023-11-09 13:30:14"},{"nodeID":"1324582","text":"Asserting","type":"YA","timestamp":"2023-11-09 13:30:14"},{"nodeID":"1324583","text":"the Government are liars, Boris Johnson is a liar that's it. And then there's just a defensive response","type":"I","timestamp":"2023-11-09 13:30:15"},{"nodeID":"1324584","text":"AudienceMember 20220721QT06: Chris you are saying they are liars, he is a liar that's it. And then there's just a defensive response","type":"L","timestamp":"2023-11-09 13:30:15"},{"nodeID":"1324585","text":"Analysing","type":"YA","timestamp":"2023-11-09 13:30:15"},{"nodeID":"1324586","text":"Dominika: AudienceMember 20220721QT06: Chris you are saying they are liars, he is a liar that's it. And then there's just a defensive response","type":"L","timestamp":"2023-11-09 13:30:15"},{"nodeID":"1324587","text":"Chris Bryant:  they are liars, he is a liar that's it. And then there's just a defensive response","type":"L","timestamp":"2023-11-09 13:30:15"},{"nodeID":"1324588","text":"Analysing","type":"YA","timestamp":"2023-11-09 13:30:15"},{"nodeID":"1324589","text":"Dominika: Chris Bryant:","type":"L","timestamp":"2023-11-09 13:30:15"},{"nodeID":"1324590","text":"Asserting","type":"YA","timestamp":"2023-11-09 13:30:15"},{"nodeID":"1324591","text":"Asserting","type":"YA","timestamp":"2023-11-09 13:30:15"},{"nodeID":"1324592","text":"Default Transition","type":"TA","timestamp":"2023-11-09 13:30:15"},{"nodeID":"1324593","text":"Default Transition","type":"TA","timestamp":"2023-11-09 13:30:15"},{"nodeID":"1324594","text":"if you talk about this maturely then yes Boris Johnson is a liar","type":"I","timestamp":"2023-11-09 13:30:15"},{"nodeID":"1324595","text":"AudienceMember 20220721QT06: if you talk about this maturely then yes Boris Johnson is a liar","type":"L","timestamp":"2023-11-09 13:30:15"},{"nodeID":"1324596","text":"Analysing","type":"YA","timestamp":"2023-11-09 13:30:15"},{"nodeID":"1324597","text":"Dominika: AudienceMember 20220721QT06: if you talk about this maturely then yes Boris Johnson is a liar","type":"L","timestamp":"2023-11-09 13:30:15"},{"nodeID":"1324598","text":"Asserting","type":"YA","timestamp":"2023-11-09 13:30:15"},{"nodeID":"1324599","text":"Default Transition","type":"TA","timestamp":"2023-11-09 13:30:15"},{"nodeID":"1324600","text":"Default Rephrase","type":"MA","timestamp":"2023-11-09 13:30:15"},{"nodeID":"1324601","text":"Agreeing","type":"YA","timestamp":"2023-11-09 13:30:15"},{"nodeID":"1324602","text":"AudienceMember 20220721QT06 wouldn't defend that Boris Johnson isn't a liar","type":"I","timestamp":"2023-11-09 13:30:16"},{"nodeID":"1324603","text":"AudienceMember 20220721QT06: I wouldn't defend that","type":"L","timestamp":"2023-11-09 13:30:16"},{"nodeID":"1324604","text":"Analysing","type":"YA","timestamp":"2023-11-09 13:30:16"},{"nodeID":"1324605","text":"Dominika: AudienceMember 20220721QT06: I wouldn't defend that","type":"L","timestamp":"2023-11-09 13:30:16"},{"nodeID":"1324606","text":"Asserting","type":"YA","timestamp":"2023-11-09 13:30:16"},{"nodeID":"1324607","text":"Default Rephrase","type":"MA","timestamp":"2023-11-09 13:30:16"},{"nodeID":"1324608","text":"Default Transition","type":"TA","timestamp":"2023-11-09 13:30:16"},{"nodeID":"1324609","text":"Restating","type":"YA","timestamp":"2023-11-09 13:30:16"},{"nodeID":"1324610","text":"look at what Boris Johnson has done","type":"I","timestamp":"2023-11-09 13:30:16"},{"nodeID":"1324611","text":"AudienceMember 20220721QT06: look at what he has done","type":"L","timestamp":"2023-11-09 13:30:16"},{"nodeID":"1324612","text":"Analysing","type":"YA","timestamp":"2023-11-09 13:30:16"},{"nodeID":"1324613","text":"Dominika: AudienceMember 20220721QT06: look at what he has done","type":"L","timestamp":"2023-11-09 13:30:16"},{"nodeID":"1324614","text":"Asserting","type":"YA","timestamp":"2023-11-09 13:30:16"},{"nodeID":"1324615","text":"Default Transition","type":"TA","timestamp":"2023-11-09 13:30:16"},{"nodeID":"1324616","text":"to remind ourselves what Boris Johnson has done","type":"I","timestamp":"2023-11-09 13:30:17"},{"nodeID":"1324617","text":"AudienceMember 20220721QT06: to remind ourselves","type":"L","timestamp":"2023-11-09 13:30:17"},{"nodeID":"1324618","text":"Analysing","type":"YA","timestamp":"2023-11-09 13:30:17"},{"nodeID":"1324619","text":"Dominika: AudienceMember 20220721QT06: to remind ourselves","type":"L","timestamp":"2023-11-09 13:30:17"},{"nodeID":"1324620","text":"Asserting","type":"YA","timestamp":"2023-11-09 13:30:17"},{"nodeID":"1324621","text":"look at what Parliament was like before Boris Johnson took over when we are going through the Brexit situation and Parliament was just a laughing stock in a way, and it could not handle the situation","type":"I","timestamp":"2023-11-09 13:30:18"},{"nodeID":"1324622","text":"AudienceMember 20220721QT06: look at what Parliament was like before he took over when we are going through the Brexit situation and Parliament was just a laughing stock in a way, and it could not handle the situation","type":"L","timestamp":"2023-11-09 13:30:18"},{"nodeID":"1324623","text":"Analysing","type":"YA","timestamp":"2023-11-09 13:30:18"},{"nodeID":"1324624","text":"Dominika: AudienceMember 20220721QT06: look at what Parliament was like before he took over when we are going through the Brexit situation and Parliament was just a laughing stock in a way, and it could not handle the situation","type":"L","timestamp":"2023-11-09 13:30:18"},{"nodeID":"1324625","text":"Asserting","type":"YA","timestamp":"2023-11-09 13:30:18"},{"nodeID":"1324626","text":"Default Transition","type":"TA","timestamp":"2023-11-09 13:30:18"},{"nodeID":"1324627","text":"Default Transition","type":"TA","timestamp":"2023-11-09 13:30:18"},{"nodeID":"1324628","text":"Default Inference","type":"RA","timestamp":"2023-11-09 13:30:18"},{"nodeID":"1324629","text":"Arguing","type":"YA","timestamp":"2023-11-09 13:30:18"},{"nodeID":"1324630","text":"Default Rephrase","type":"MA","timestamp":"2023-11-09 13:30:18"},{"nodeID":"1324631","text":"Restating","type":"YA","timestamp":"2023-11-09 13:30:18"},{"nodeID":"1324632","text":"Boris Johnson has led us out of that and followed the will of the people in the country, got through that, and got us Brexit, and dealt with covid","type":"I","timestamp":"2023-11-09 13:30:18"},{"nodeID":"1324633","text":"AudienceMember 20220721QT06: Boris has led us out of that and followed the will of the people in the country, got through that, and got us Brexit, and dealt with covid","type":"L","timestamp":"2023-11-09 13:30:18"},{"nodeID":"1324634","text":"Analysing","type":"YA","timestamp":"2023-11-09 13:30:18"},{"nodeID":"1324635","text":"Dominika: AudienceMember 20220721QT06: Boris has led us out of that and followed the will of the people in the country, got through that, and got us Brexit, and dealt with covid","type":"L","timestamp":"2023-11-09 13:30:18"},{"nodeID":"1324636","text":"Asserting","type":"YA","timestamp":"2023-11-09 13:30:18"},{"nodeID":"1324637","text":"Default Conflict","type":"CA","timestamp":"2023-11-09 13:30:18"},{"nodeID":"1324638","text":"Default Transition","type":"TA","timestamp":"2023-11-09 13:30:18"},{"nodeID":"1324639","text":"Disagreeing","type":"YA","timestamp":"2023-11-09 13:30:18"},{"nodeID":"1324640","text":"Default Inference","type":"RA","timestamp":"2023-11-09 13:30:18"},{"nodeID":"1324641","text":"Default Transition","type":"TA","timestamp":"2023-11-09 13:30:18"},{"nodeID":"1324642","text":"Arguing","type":"YA","timestamp":"2023-11-09 13:30:18"},{"nodeID":"1324643","text":"AudienceMember 20220721QT06 lives in Bideford in north Devon and Levelling Up is extremely important for towns like that","type":"I","timestamp":"2023-11-09 13:30:19"},{"nodeID":"1324644","text":"AudienceMember 20220721QT06: I live in Bideford in north Devon and Levelling Up is extremely important for towns like that","type":"L","timestamp":"2023-11-09 13:30:19"},{"nodeID":"1324645","text":"Analysing","type":"YA","timestamp":"2023-11-09 13:30:19"},{"nodeID":"1324646","text":"Dominika: AudienceMember 20220721QT06: I live in Bideford in north Devon and Levelling Up is extremely important for towns like that","type":"L","timestamp":"2023-11-09 13:30:19"},{"nodeID":"1324647","text":"Asserting","type":"YA","timestamp":"2023-11-09 13:30:19"},{"nodeID":"1324648","text":"Boris Johnson has introduced Levelling Up","type":"I","timestamp":"2023-11-09 13:30:19"},{"nodeID":"1324649","text":"AudienceMember 20220721QT06: he has introduced that","type":"L","timestamp":"2023-11-09 13:30:19"},{"nodeID":"1324650","text":"Analysing","type":"YA","timestamp":"2023-11-09 13:30:19"},{"nodeID":"1324651","text":"Dominika: AudienceMember 20220721QT06: he has introduced that","type":"L","timestamp":"2023-11-09 13:30:19"},{"nodeID":"1324652","text":"Asserting","type":"YA","timestamp":"2023-11-09 13:30:19"},{"nodeID":"1324653","text":"Default Transition","type":"TA","timestamp":"2023-11-09 13:30:19"},{"nodeID":"1324654","text":"Default Transition","type":"TA","timestamp":"2023-11-09 13:30:19"},{"nodeID":"1324655","text":"Default Inference","type":"RA","timestamp":"2023-11-09 13:30:19"},{"nodeID":"1324656","text":"Default Transition","type":"TA","timestamp":"2023-11-09 13:30:19"},{"nodeID":"1324657","text":"Arguing","type":"YA","timestamp":"2023-11-09 13:30:19"},{"nodeID":"1324658","text":"Ukraine done well there","type":"I","timestamp":"2023-11-09 13:30:20"},{"nodeID":"1324659","text":"AudienceMember 20220721QT06: Ukraine done well there","type":"L","timestamp":"2023-11-09 13:30:20"},{"nodeID":"1324660","text":"Analysing","type":"YA","timestamp":"2023-11-09 13:30:20"},{"nodeID":"1324661","text":"Dominika: AudienceMember 20220721QT06: Ukraine done well there","type":"L","timestamp":"2023-11-09 13:30:20"},{"nodeID":"1324662","text":"Asserting","type":"YA","timestamp":"2023-11-09 13:30:20"},{"nodeID":"1324663","text":"the reason Chris Bryant will not say that Boris Johnson is a liar that should be dealt with but on the other side he has done things which are good then we can have a more mature conversation is xxx","type":"I","timestamp":"2023-11-09 13:30:21"},{"nodeID":"1324664","text":"AudienceMember 20220721QT06: Chris why don't you say yes he is a liar should be dealt with. On the other side he has done things which are good then we can have a more mature conversation.","type":"L","timestamp":"2023-11-09 13:30:21"},{"nodeID":"1324665","text":"Analysing","type":"YA","timestamp":"2023-11-09 13:30:21"},{"nodeID":"1324666","text":"Dominika: AudienceMember 20220721QT06: Chris why don't you say yes he is a liar should be dealt with. On the other side he has done things which are good then we can have a more mature conversation.","type":"L","timestamp":"2023-11-09 13:30:21"},{"nodeID":"1324667","text":"Assertive Questioning","type":"YA","timestamp":"2023-11-09 13:30:21"},{"nodeID":"1324668","text":"Default Transition","type":"TA","timestamp":"2023-11-09 13:30:21"},{"nodeID":"1324669","text":"Default Transition","type":"TA","timestamp":"2023-11-09 13:30:21"}],"edges":[{"edgeID":"1738042","fromID":"1324555","toID":"1324554","formEdgeID":null},{"edgeID":"1738043","fromID":"1324556","toID":"1324555","formEdgeID":null},{"edgeID":"1738044","fromID":"1324554","toID":"1324557","formEdgeID":null},{"edgeID":"1738045","fromID":"1324557","toID":"1324553","formEdgeID":null},{"edgeID":"1738046","fromID":"1324560","toID":"1324559","formEdgeID":null},{"edgeID":"1738047","fromID":"1324561","toID":"1324560","formEdgeID":null},{"edgeID":"1738048","fromID":"1324559","toID":"1324562","formEdgeID":null},{"edgeID":"1738049","fromID":"1324562","toID":"1324558","formEdgeID":null},{"edgeID":"1738050","fromID":"1324565","toID":"1324564","formEdgeID":null},{"edgeID":"1738051","fromID":"1324566","toID":"1324565","formEdgeID":null},{"edgeID":"1738052","fromID":"1324564","toID":"1324567","formEdgeID":null},{"edgeID":"1738053","fromID":"1324567","toID":"1324563","formEdgeID":null},{"edgeID":"1738054","fromID":"1324570","toID":"1324569","formEdgeID":null},{"edgeID":"1738055","fromID":"1324571","toID":"1324570","formEdgeID":null},{"edgeID":"1738056","fromID":"1324569","toID":"1324572","formEdgeID":null},{"edgeID":"1738057","fromID":"1324572","toID":"1324568","formEdgeID":null},{"edgeID":"1738058","fromID":"1324559","toID":"1324573","formEdgeID":null},{"edgeID":"1738059","fromID":"1324573","toID":"1324564","formEdgeID":null},{"edgeID":"1738060","fromID":"1324564","toID":"1324574","formEdgeID":null},{"edgeID":"1738061","fromID":"1324574","toID":"1324569","formEdgeID":null},{"edgeID":"1738062","fromID":"1324568","toID":"1324575","formEdgeID":null},{"edgeID":"1738063","fromID":"1324575","toID":"1324553","formEdgeID":null},{"edgeID":"1738064","fromID":"1324563","toID":"1324575","formEdgeID":null},{"edgeID":"1738065","fromID":"1324558","toID":"1324575","formEdgeID":null},{"edgeID":"1738066","fromID":"1324554","toID":"1324576","formEdgeID":null},{"edgeID":"1738067","fromID":"1324576","toID":"1324569","formEdgeID":null},{"edgeID":"1738068","fromID":"1324576","toID":"1324577","formEdgeID":null},{"edgeID":"1738069","fromID":"1324577","toID":"1324575","formEdgeID":null},{"edgeID":"1738070","fromID":"1324580","toID":"1324579","formEdgeID":null},{"edgeID":"1738071","fromID":"1324581","toID":"1324580","formEdgeID":null},{"edgeID":"1738072","fromID":"1324579","toID":"1324582","formEdgeID":null},{"edgeID":"1738073","fromID":"1324582","toID":"1324578","formEdgeID":null},{"edgeID":"1738074","fromID":"1324585","toID":"1324584","formEdgeID":null},{"edgeID":"1738075","fromID":"1324586","toID":"1324585","formEdgeID":null},{"edgeID":"1738076","fromID":"1324588","toID":"1324587","formEdgeID":null},{"edgeID":"1738077","fromID":"1324589","toID":"1324588","formEdgeID":null},{"edgeID":"1738078","fromID":"1324584","toID":"1324590","formEdgeID":null},{"edgeID":"1738079","fromID":"1324590","toID":"1324587","formEdgeID":null},{"edgeID":"1738080","fromID":"1324587","toID":"1324591","formEdgeID":null},{"edgeID":"1738081","fromID":"1324591","toID":"1324583","formEdgeID":null},{"edgeID":"1738082","fromID":"1324569","toID":"1324592","formEdgeID":null},{"edgeID":"1738083","fromID":"1324592","toID":"1324579","formEdgeID":null},{"edgeID":"1738084","fromID":"1324579","toID":"1324593","formEdgeID":null},{"edgeID":"1738085","fromID":"1324593","toID":"1324584","formEdgeID":null},{"edgeID":"1738086","fromID":"1324596","toID":"1324595","formEdgeID":null},{"edgeID":"1738087","fromID":"1324597","toID":"1324596","formEdgeID":null},{"edgeID":"1738088","fromID":"1324595","toID":"1324598","formEdgeID":null},{"edgeID":"1738089","fromID":"1324598","toID":"1324594","formEdgeID":null},{"edgeID":"1738090","fromID":"1324584","toID":"1324599","formEdgeID":null},{"edgeID":"1738091","fromID":"1324599","toID":"1324595","formEdgeID":null},{"edgeID":"1738092","fromID":"1324594","toID":"1324600","formEdgeID":null},{"edgeID":"1738093","fromID":"1324600","toID":"1324583","formEdgeID":null},{"edgeID":"1738094","fromID":"1324599","toID":"1324601","formEdgeID":null},{"edgeID":"1738095","fromID":"1324601","toID":"1324600","formEdgeID":null},{"edgeID":"1738096","fromID":"1324604","toID":"1324603","formEdgeID":null},{"edgeID":"1738097","fromID":"1324605","toID":"1324604","formEdgeID":null},{"edgeID":"1738098","fromID":"1324603","toID":"1324606","formEdgeID":null},{"edgeID":"1738099","fromID":"1324606","toID":"1324602","formEdgeID":null},{"edgeID":"1738100","fromID":"1324602","toID":"1324607","formEdgeID":null},{"edgeID":"1738101","fromID":"1324607","toID":"1324594","formEdgeID":null},{"edgeID":"1738102","fromID":"1324595","toID":"1324608","formEdgeID":null},{"edgeID":"1738103","fromID":"1324608","toID":"1324603","formEdgeID":null},{"edgeID":"1738104","fromID":"1324608","toID":"1324609","formEdgeID":null},{"edgeID":"1738105","fromID":"1324609","toID":"1324607","formEdgeID":null},{"edgeID":"1738106","fromID":"1324612","toID":"1324611","formEdgeID":null},{"edgeID":"1738107","fromID":"1324613","toID":"1324612","formEdgeID":null},{"edgeID":"1738108","fromID":"1324611","toID":"1324614","formEdgeID":null},{"edgeID":"1738109","fromID":"1324614","toID":"1324610","formEdgeID":null},{"edgeID":"1738110","fromID":"1324603","toID":"1324615","formEdgeID":null},{"edgeID":"1738111","fromID":"1324615","toID":"1324611","formEdgeID":null},{"edgeID":"1738112","fromID":"1324618","toID":"1324617","formEdgeID":null},{"edgeID":"1738113","fromID":"1324619","toID":"1324618","formEdgeID":null},{"edgeID":"1738114","fromID":"1324617","toID":"1324620","formEdgeID":null},{"edgeID":"1738115","fromID":"1324620","toID":"1324616","formEdgeID":null},{"edgeID":"1738116","fromID":"1324623","toID":"1324622","formEdgeID":null},{"edgeID":"1738117","fromID":"1324624","toID":"1324623","formEdgeID":null},{"edgeID":"1738118","fromID":"1324622","toID":"1324625","formEdgeID":null},{"edgeID":"1738119","fromID":"1324625","toID":"1324621","formEdgeID":null},{"edgeID":"1738120","fromID":"1324611","toID":"1324626","formEdgeID":null},{"edgeID":"1738121","fromID":"1324626","toID":"1324617","formEdgeID":null},{"edgeID":"1738122","fromID":"1324617","toID":"1324627","formEdgeID":null},{"edgeID":"1738123","fromID":"1324627","toID":"1324622","formEdgeID":null},{"edgeID":"1738124","fromID":"1324616","toID":"1324628","formEdgeID":null},{"edgeID":"1738125","fromID":"1324628","toID":"1324610","formEdgeID":null},{"edgeID":"1738126","fromID":"1324626","toID":"1324629","formEdgeID":null},{"edgeID":"1738127","fromID":"1324629","toID":"1324628","formEdgeID":null},{"edgeID":"1738128","fromID":"1324621","toID":"1324630","formEdgeID":null},{"edgeID":"1738129","fromID":"1324630","toID":"1324610","formEdgeID":null},{"edgeID":"1738130","fromID":"1324627","toID":"1324631","formEdgeID":null},{"edgeID":"1738131","fromID":"1324631","toID":"1324630","formEdgeID":null},{"edgeID":"1738132","fromID":"1324634","toID":"1324633","formEdgeID":null},{"edgeID":"1738133","fromID":"1324635","toID":"1324634","formEdgeID":null},{"edgeID":"1738134","fromID":"1324633","toID":"1324636","formEdgeID":null},{"edgeID":"1738135","fromID":"1324636","toID":"1324632","formEdgeID":null},{"edgeID":"1738136","fromID":"1324632","toID":"1324637","formEdgeID":null},{"edgeID":"1738137","fromID":"1324637","toID":"1324602","formEdgeID":null},{"edgeID":"1738138","fromID":"1324603","toID":"1324638","formEdgeID":null},{"edgeID":"1738139","fromID":"1324638","toID":"1324633","formEdgeID":null},{"edgeID":"1738140","fromID":"1324638","toID":"1324639","formEdgeID":null},{"edgeID":"1738141","fromID":"1324639","toID":"1324637","formEdgeID":null},{"edgeID":"1738142","fromID":"1324632","toID":"1324640","formEdgeID":null},{"edgeID":"1738143","fromID":"1324640","toID":"1324621","formEdgeID":null},{"edgeID":"1738144","fromID":"1324622","toID":"1324641","formEdgeID":null},{"edgeID":"1738145","fromID":"1324641","toID":"1324633","formEdgeID":null},{"edgeID":"1738146","fromID":"1324641","toID":"1324642","formEdgeID":null},{"edgeID":"1738147","fromID":"1324642","toID":"1324640","formEdgeID":null},{"edgeID":"1738148","fromID":"1324645","toID":"1324644","formEdgeID":null},{"edgeID":"1738149","fromID":"1324646","toID":"1324645","formEdgeID":null},{"edgeID":"1738150","fromID":"1324644","toID":"1324647","formEdgeID":null},{"edgeID":"1738151","fromID":"1324647","toID":"1324643","formEdgeID":null},{"edgeID":"1738152","fromID":"1324650","toID":"1324649","formEdgeID":null},{"edgeID":"1738153","fromID":"1324651","toID":"1324650","formEdgeID":null},{"edgeID":"1738154","fromID":"1324649","toID":"1324652","formEdgeID":null},{"edgeID":"1738155","fromID":"1324652","toID":"1324648","formEdgeID":null},{"edgeID":"1738156","fromID":"1324633","toID":"1324653","formEdgeID":null},{"edgeID":"1738157","fromID":"1324653","toID":"1324644","formEdgeID":null},{"edgeID":"1738158","fromID":"1324644","toID":"1324654","formEdgeID":null},{"edgeID":"1738159","fromID":"1324654","toID":"1324649","formEdgeID":null},{"edgeID":"1738160","fromID":"1324648","toID":"1324655","formEdgeID":null},{"edgeID":"1738161","fromID":"1324655","toID":"1324621","formEdgeID":null},{"edgeID":"1738162","fromID":"1324643","toID":"1324655","formEdgeID":null},{"edgeID":"1738163","fromID":"1324622","toID":"1324656","formEdgeID":null},{"edgeID":"1738164","fromID":"1324656","toID":"1324649","formEdgeID":null},{"edgeID":"1738165","fromID":"1324656","toID":"1324657","formEdgeID":null},{"edgeID":"1738166","fromID":"1324657","toID":"1324655","formEdgeID":null},{"edgeID":"1738167","fromID":"1324660","toID":"1324659","formEdgeID":null},{"edgeID":"1738168","fromID":"1324661","toID":"1324660","formEdgeID":null},{"edgeID":"1738169","fromID":"1324659","toID":"1324662","formEdgeID":null},{"edgeID":"1738170","fromID":"1324662","toID":"1324658","formEdgeID":null},{"edgeID":"1738171","fromID":"1324665","toID":"1324664","formEdgeID":null},{"edgeID":"1738172","fromID":"1324666","toID":"1324665","formEdgeID":null},{"edgeID":"1738173","fromID":"1324664","toID":"1324667","formEdgeID":null},{"edgeID":"1738174","fromID":"1324667","toID":"1324663","formEdgeID":null},{"edgeID":"1738175","fromID":"1324649","toID":"1324668","formEdgeID":null},{"edgeID":"1738176","fromID":"1324668","toID":"1324659","formEdgeID":null},{"edgeID":"1738177","fromID":"1324659","toID":"1324669","formEdgeID":null},{"edgeID":"1738178","fromID":"1324669","toID":"1324664","formEdgeID":null}],"locutions":[]}