{"nodes":[{"nodeID":"1325845","text":"Boris Johnson should or should not have gone earlier","type":"I","timestamp":"2023-11-09 13:31:59"},{"nodeID":"1325846","text":"Chris Bryant: Should Boris have gone earlier","type":"L","timestamp":"2023-11-09 13:31:59"},{"nodeID":"1325847","text":"Calum: Chris Bryant: Should Boris have gone earlier","type":"L","timestamp":"2023-11-09 13:31:59"},{"nodeID":"1325848","text":"Analysing","type":"YA","timestamp":"2023-11-09 13:31:59"},{"nodeID":"1325849","text":"Pure Questioning","type":"YA","timestamp":"2023-11-09 13:31:59"},{"nodeID":"1325850","text":"Olivia Utley did or did not write that Boris Johnson should have gone earlier","type":"I","timestamp":"2023-11-09 13:32:00"},{"nodeID":"1325851","text":"Analysing","type":"YA","timestamp":"2023-11-09 13:32:00"},{"nodeID":"1325852","text":"Calum: Chris Bryant: Did you write that","type":"L","timestamp":"2023-11-09 13:32:00"},{"nodeID":"1325853","text":"Chris Bryant: Did you write that","type":"L","timestamp":"2023-11-09 13:32:00"},{"nodeID":"1325854","text":"Pure Questioning","type":"YA","timestamp":"2023-11-09 13:32:00"},{"nodeID":"1325855","text":"Default Transition","type":"TA","timestamp":"2023-11-09 13:32:00"},{"nodeID":"1325856","text":"the challenge is with some of what Olivia Utley says","type":"I","timestamp":"2023-11-09 13:32:01"},{"nodeID":"1325857","text":"Minette Batters: The challenge is with some of what Olivia says","type":"L","timestamp":"2023-11-09 13:32:01"},{"nodeID":"1325858","text":"Analysing","type":"YA","timestamp":"2023-11-09 13:32:01"},{"nodeID":"1325859","text":"Calum: Minette Batters: The challenge is with some of what Olivia says","type":"L","timestamp":"2023-11-09 13:32:01"},{"nodeID":"1325860","text":"Asserting","type":"YA","timestamp":"2023-11-09 13:32:01"},{"nodeID":"1325861","text":"there are lovely bright young things no-one has heard of","type":"I","timestamp":"2023-11-09 13:32:01"},{"nodeID":"1325862","text":"Analysing","type":"YA","timestamp":"2023-11-09 13:32:01"},{"nodeID":"1325863","text":"Minette Batters: lovely bright young things no-one has heard of","type":"L","timestamp":"2023-11-09 13:32:01"},{"nodeID":"1325864","text":"Calum: Minette Batters: lovely bright young things no-one has heard of","type":"L","timestamp":"2023-11-09 13:32:01"},{"nodeID":"1325865","text":"Asserting","type":"YA","timestamp":"2023-11-09 13:32:01"},{"nodeID":"1325866","text":"there are people no-one knows","type":"I","timestamp":"2023-11-09 13:32:02"},{"nodeID":"1325867","text":"Minette Batters: no-one knows","type":"L","timestamp":"2023-11-09 13:32:02"},{"nodeID":"1325868","text":"Analysing","type":"YA","timestamp":"2023-11-09 13:32:02"},{"nodeID":"1325869","text":"Calum: Minette Batters: no-one knows","type":"L","timestamp":"2023-11-09 13:32:02"},{"nodeID":"1325870","text":"Asserting","type":"YA","timestamp":"2023-11-09 13:32:02"},{"nodeID":"1325871","text":"people no-one knows are suddenly running the country which is frightening","type":"I","timestamp":"2023-11-09 13:32:02"},{"nodeID":"1325872","text":"Minette Batters: suddenly running the country that's frightening","type":"L","timestamp":"2023-11-09 13:32:02"},{"nodeID":"1325873","text":"Analysing","type":"YA","timestamp":"2023-11-09 13:32:02"},{"nodeID":"1325874","text":"Calum: Minette Batters: suddenly running the country that's frightening","type":"L","timestamp":"2023-11-09 13:32:02"},{"nodeID":"1325875","text":"Asserting","type":"YA","timestamp":"2023-11-09 13:32:02"},{"nodeID":"1325876","text":"Default Transition","type":"TA","timestamp":"2023-11-09 13:32:02"},{"nodeID":"1325877","text":"Default Inference","type":"RA","timestamp":"2023-11-09 13:32:02"},{"nodeID":"1325878","text":"Arguing","type":"YA","timestamp":"2023-11-09 13:32:02"},{"nodeID":"1325879","text":"Default Transition","type":"TA","timestamp":"2023-11-09 13:32:02"},{"nodeID":"1325880","text":"Default Rephrase","type":"MA","timestamp":"2023-11-09 13:32:02"},{"nodeID":"1325881","text":"Default Inference","type":"RA","timestamp":"2023-11-09 13:32:02"},{"nodeID":"1325882","text":"Default Transition","type":"TA","timestamp":"2023-11-09 13:32:02"},{"nodeID":"1325883","text":"Arguing","type":"YA","timestamp":"2023-11-09 13:32:02"},{"nodeID":"1325884","text":"we should hope to goodness that trust is restored in Minette Batters' Sector","type":"I","timestamp":"2023-11-09 13:32:03"},{"nodeID":"1325885","text":"Minette Batters: let's hope to goodness","type":"L","timestamp":"2023-11-09 13:32:03"},{"nodeID":"1325886","text":"Calum: Minette Batters: let's hope to goodness","type":"L","timestamp":"2023-11-09 13:32:03"},{"nodeID":"1325887","text":"Analysing","type":"YA","timestamp":"2023-11-09 13:32:03"},{"nodeID":"1325888","text":"Asserting","type":"YA","timestamp":"2023-11-09 13:32:03"},{"nodeID":"1325889","text":"we don't have time to restore trust in Minette Batters' sector","type":"I","timestamp":"2023-11-09 13:32:04"},{"nodeID":"1325890","text":"Analysing","type":"YA","timestamp":"2023-11-09 13:32:04"},{"nodeID":"1325891","text":"Minette Batters: we don't have time","type":"L","timestamp":"2023-11-09 13:32:04"},{"nodeID":"1325892","text":"Calum: Minette Batters: we don't have time","type":"L","timestamp":"2023-11-09 13:32:04"},{"nodeID":"1325893","text":"Asserting","type":"YA","timestamp":"2023-11-09 13:32:04"},{"nodeID":"1325894","text":"every single one of us eats","type":"I","timestamp":"2023-11-09 13:32:04"},{"nodeID":"1325895","text":"Minette Batters: every single one of us eats","type":"L","timestamp":"2023-11-09 13:32:04"},{"nodeID":"1325896","text":"Analysing","type":"YA","timestamp":"2023-11-09 13:32:04"},{"nodeID":"1325897","text":"Calum: Minette Batters: every single one of us eats","type":"L","timestamp":"2023-11-09 13:32:04"},{"nodeID":"1325898","text":"Asserting","type":"YA","timestamp":"2023-11-09 13:32:04"},{"nodeID":"1325899","text":"we are going to restore trust in Minette Batters' sector","type":"I","timestamp":"2023-11-09 13:32:05"},{"nodeID":"1325900","text":"Minette Batters: we are going to restore trust my sector","type":"L","timestamp":"2023-11-09 13:32:05"},{"nodeID":"1325901","text":"Analysing","type":"YA","timestamp":"2023-11-09 13:32:05"},{"nodeID":"1325902","text":"Calum: Minette Batters: we are going to restore trust, and let's hope to goodness, we don't have time, my sector","type":"L","timestamp":"2023-11-09 13:32:05"},{"nodeID":"1325903","text":"Asserting","type":"YA","timestamp":"2023-11-09 13:32:05"},{"nodeID":"1325904","text":"it is not just Minette Batters' farming sector that needs trust restored","type":"I","timestamp":"2023-11-09 13:32:05"},{"nodeID":"1325905","text":"Minette Batters: not just my sector, farming","type":"L","timestamp":"2023-11-09 13:32:05"},{"nodeID":"1325906","text":"Analysing","type":"YA","timestamp":"2023-11-09 13:32:05"},{"nodeID":"1325907","text":"Calum: Minette Batters: not just my sector, farming","type":"L","timestamp":"2023-11-09 13:32:05"},{"nodeID":"1325908","text":"Asserting","type":"YA","timestamp":"2023-11-09 13:32:05"},{"nodeID":"1325909","text":"Default Transition","type":"TA","timestamp":"2023-11-09 13:32:05"},{"nodeID":"1325910","text":"Restating","type":"YA","timestamp":"2023-11-09 13:32:05"},{"nodeID":"1325911","text":"Default Transition","type":"TA","timestamp":"2023-11-09 13:32:05"},{"nodeID":"1325912","text":"Default Rephrase","type":"MA","timestamp":"2023-11-09 13:32:05"},{"nodeID":"1325913","text":"Restating","type":"YA","timestamp":"2023-11-09 13:32:05"},{"nodeID":"1325914","text":"Default Transition","type":"TA","timestamp":"2023-11-09 13:32:05"},{"nodeID":"1325915","text":"Default Inference","type":"RA","timestamp":"2023-11-09 13:32:05"},{"nodeID":"1325916","text":"Arguing","type":"YA","timestamp":"2023-11-09 13:32:05"},{"nodeID":"1325917","text":"Default Transition","type":"TA","timestamp":"2023-11-09 13:32:05"},{"nodeID":"1325918","text":"Default Inference","type":"RA","timestamp":"2023-11-09 13:32:05"},{"nodeID":"1325919","text":"Arguing","type":"YA","timestamp":"2023-11-09 13:32:05"},{"nodeID":"1325920","text":"Default Transition","type":"TA","timestamp":"2023-11-09 13:32:05"},{"nodeID":"1325921","text":"Default Inference","type":"RA","timestamp":"2023-11-09 13:32:05"},{"nodeID":"1325922","text":"Arguing","type":"YA","timestamp":"2023-11-09 13:32:05"},{"nodeID":"1325923","text":"Default Transition","type":"TA","timestamp":"2023-11-09 13:32:05"},{"nodeID":"1325924","text":"Default Rephrase","type":"MA","timestamp":"2023-11-09 13:32:05"},{"nodeID":"1325925","text":"Restating","type":"YA","timestamp":"2023-11-09 13:32:05"},{"nodeID":"1325926","text":"above all else, Minette Batters wants people to take food seriously","type":"I","timestamp":"2023-11-09 13:32:06"},{"nodeID":"1325927","text":"Minette Batters: above all else, I want them to take food seriously","type":"L","timestamp":"2023-11-09 13:32:06"},{"nodeID":"1325928","text":"Calum: Minette Batters: above all else, I want them to take food seriously","type":"L","timestamp":"2023-11-09 13:32:06"},{"nodeID":"1325929","text":"Analysing","type":"YA","timestamp":"2023-11-09 13:32:06"},{"nodeID":"1325930","text":"Asserting","type":"YA","timestamp":"2023-11-09 13:32:06"},{"nodeID":"1325931","text":"Default Transition","type":"TA","timestamp":"2023-11-09 13:32:06"},{"nodeID":"1325932","text":"Default Inference","type":"RA","timestamp":"2023-11-09 13:32:06"},{"nodeID":"1325933","text":"Arguing","type":"YA","timestamp":"2023-11-09 13:32:06"},{"nodeID":"1325934","text":"food hasn't been taken seriously at all for the entire time of the previous Government","type":"I","timestamp":"2023-11-09 13:32:07"},{"nodeID":"1325935","text":"Minette Batters: it hasn't been taken seriously at all for the entire time of the previous Government","type":"L","timestamp":"2023-11-09 13:32:07"},{"nodeID":"1325936","text":"Analysing","type":"YA","timestamp":"2023-11-09 13:32:07"},{"nodeID":"1325937","text":"Calum: Minette Batters: it hasn't been taken seriously at all for the entire time of the previous Government","type":"L","timestamp":"2023-11-09 13:32:07"},{"nodeID":"1325938","text":"Asserting","type":"YA","timestamp":"2023-11-09 13:32:07"},{"nodeID":"1325939","text":"Default Transition","type":"TA","timestamp":"2023-11-09 13:32:07"},{"nodeID":"1325940","text":"Default Inference","type":"RA","timestamp":"2023-11-09 13:32:07"},{"nodeID":"1325941","text":"Arguing","type":"YA","timestamp":"2023-11-09 13:32:07"},{"nodeID":"1325942","text":"we only saw this week an expose and Politico saying that actually Australia and New Zealand were going to harm British agriculture, and not just British agriculture","type":"I","timestamp":"2023-11-09 13:32:07"},{"nodeID":"1325943","text":"Analysing","type":"YA","timestamp":"2023-11-09 13:32:07"},{"nodeID":"1325944","text":"Calum: Minette Batters: We only saw this week an expose and Politico saying that actually Australia and New Zealand were going to harm British agriculture, and not just British agriculture","type":"L","timestamp":"2023-11-09 13:32:07"},{"nodeID":"1325945","text":"Minette Batters: We only saw this week an expose and Politico saying that actually Australia and New Zealand were going to harm British agriculture, and not just British agriculture","type":"L","timestamp":"2023-11-09 13:32:07"},{"nodeID":"1325946","text":"Asserting","type":"YA","timestamp":"2023-11-09 13:32:07"},{"nodeID":"1325947","text":"Default Transition","type":"TA","timestamp":"2023-11-09 13:32:07"},{"nodeID":"1325948","text":"Analysing","type":"YA","timestamp":"2023-11-09 13:32:07"},{"nodeID":"1325949","text":"Minette Batters: With Australia and New Zealand","type":"L","timestamp":"2023-11-09 13:32:07"},{"nodeID":"1325950","text":"Calum: Minette Batters: With Australia and New Zealand","type":"L","timestamp":"2023-11-09 13:32:07"},{"nodeID":"1325951","text":"the UK government were going to cause harm to farmers in the four nations","type":"I","timestamp":"2023-11-09 13:32:08"},{"nodeID":"1325952","text":"Minette Batters: They were going to cause harm to farmers in the four nations","type":"L","timestamp":"2023-11-09 13:32:08"},{"nodeID":"1325953","text":"Analysing","type":"YA","timestamp":"2023-11-09 13:32:08"},{"nodeID":"1325954","text":"Calum: Minette Batters: They were going to cause harm to farmers in the four nations","type":"L","timestamp":"2023-11-09 13:32:08"},{"nodeID":"1325955","text":"Asserting","type":"YA","timestamp":"2023-11-09 13:32:08"},{"nodeID":"1325956","text":"time and time again we said the trade deals with Australia and New Zealand are going to cause harm","type":"I","timestamp":"2023-11-09 13:32:08"},{"nodeID":"1325957","text":"Minette Batters: time and time again we said they are going to cause harm","type":"L","timestamp":"2023-11-09 13:32:08"},{"nodeID":"1325958","text":"Analysing","type":"YA","timestamp":"2023-11-09 13:32:08"},{"nodeID":"1325959","text":"Calum: Minette Batters: time and time again we said they are going to cause harm","type":"L","timestamp":"2023-11-09 13:32:08"},{"nodeID":"1325960","text":"Asserting","type":"YA","timestamp":"2023-11-09 13:32:08"},{"nodeID":"1325961","text":"the UK government are going to undermine the UK with trade deals with Australia and New Zealand","type":"I","timestamp":"2023-11-09 13:32:09"},{"nodeID":"1325962","text":"Minette Batters: They are going to undermine us","type":"L","timestamp":"2023-11-09 13:32:09"},{"nodeID":"1325963","text":"Analysing","type":"YA","timestamp":"2023-11-09 13:32:09"},{"nodeID":"1325964","text":"Calum: Minette Batters: They are going to undermine us","type":"L","timestamp":"2023-11-09 13:32:09"},{"nodeID":"1325965","text":"Asserting","type":"YA","timestamp":"2023-11-09 13:32:09"},{"nodeID":"1325966","text":"the freedom of information request went in from Labour, and it came out that trade deals with Australia and New Zealand were going to cause harm","type":"I","timestamp":"2023-11-09 13:32:10"},{"nodeID":"1325967","text":"Minette Batters: the FOI goes in from Labour, and comes out yes it is going to cause harm","type":"L","timestamp":"2023-11-09 13:32:10"},{"nodeID":"1325968","text":"Analysing","type":"YA","timestamp":"2023-11-09 13:32:10"},{"nodeID":"1325969","text":"Calum: Minette Batters: the FOI goes in from Labour, and comes out yes it is going to cause harm","type":"L","timestamp":"2023-11-09 13:32:10"},{"nodeID":"1325970","text":"Asserting","type":"YA","timestamp":"2023-11-09 13:32:10"},{"nodeID":"1325971","text":"time and time again Minette Batters was told to be more positive","type":"I","timestamp":"2023-11-09 13:32:10"},{"nodeID":"1325972","text":"Minette Batters: Time and time again I was told you must be more positive","type":"L","timestamp":"2023-11-09 13:32:10"},{"nodeID":"1325973","text":"Analysing","type":"YA","timestamp":"2023-11-09 13:32:10"},{"nodeID":"1325974","text":"Calum: Minette Batters: Time and time again I was told you must be more positive","type":"L","timestamp":"2023-11-09 13:32:10"},{"nodeID":"1325975","text":"Asserting","type":"YA","timestamp":"2023-11-09 13:32:10"},{"nodeID":"1325976","text":"the farmers wanted a strategy and a policy","type":"I","timestamp":"2023-11-09 13:32:11"},{"nodeID":"1325977","text":"Minette Batters: I said we want a strategy and a policy","type":"L","timestamp":"2023-11-09 13:32:11"},{"nodeID":"1325978","text":"Analysing","type":"YA","timestamp":"2023-11-09 13:32:11"},{"nodeID":"1325979","text":"Calum: Minette Batters: I said we want a strategy and a policy","type":"L","timestamp":"2023-11-09 13:32:11"},{"nodeID":"1325980","text":"we know what we are on with a strategy and a policy","type":"I","timestamp":"2023-11-09 13:32:11"},{"nodeID":"1325981","text":"Minette Batters: we know what we are on then","type":"L","timestamp":"2023-11-09 13:32:11"},{"nodeID":"1325982","text":"Analysing","type":"YA","timestamp":"2023-11-09 13:32:11"},{"nodeID":"1325983","text":"Calum: Minette Batters: we know what we are on then","type":"L","timestamp":"2023-11-09 13:32:11"},{"nodeID":"1325984","text":"Asserting","type":"YA","timestamp":"2023-11-09 13:32:11"},{"nodeID":"1325985","text":"farmers need security","type":"I","timestamp":"2023-11-09 13:32:12"},{"nodeID":"1325986","text":"Minette Batters: farmers need security","type":"L","timestamp":"2023-11-09 13:32:12"},{"nodeID":"1325987","text":"Analysing","type":"YA","timestamp":"2023-11-09 13:32:12"},{"nodeID":"1325988","text":"Calum: Minette Batters: farmers need security","type":"L","timestamp":"2023-11-09 13:32:12"},{"nodeID":"1325989","text":"Asserting","type":"YA","timestamp":"2023-11-09 13:32:12"},{"nodeID":"1325990","text":"Default Transition","type":"TA","timestamp":"2023-11-09 13:32:12"},{"nodeID":"1325991","text":"Default Rephrase","type":"MA","timestamp":"2023-11-09 13:32:12"},{"nodeID":"1325992","text":"Restating","type":"YA","timestamp":"2023-11-09 13:32:12"},{"nodeID":"1325993","text":"Default Transition","type":"TA","timestamp":"2023-11-09 13:32:12"},{"nodeID":"1325994","text":"Default Transition","type":"TA","timestamp":"2023-11-09 13:32:12"},{"nodeID":"1325995","text":"Default Rephrase","type":"MA","timestamp":"2023-11-09 13:32:12"},{"nodeID":"1325996","text":"Restating","type":"YA","timestamp":"2023-11-09 13:32:12"},{"nodeID":"1325997","text":"Minette Batters: we want a strategy and a policy","type":"L","timestamp":"2023-11-09 13:32:12"},{"nodeID":"1325998","text":"Analysing","type":"YA","timestamp":"2023-11-09 13:32:12"},{"nodeID":"1325999","text":"Asserting","type":"YA","timestamp":"2023-11-09 13:32:12"},{"nodeID":"1326000","text":"Asserting","type":"YA","timestamp":"2023-11-09 13:32:12"},{"nodeID":"1326001","text":"Default Transition","type":"TA","timestamp":"2023-11-09 13:32:12"},{"nodeID":"1326002","text":"Default Transition","type":"TA","timestamp":"2023-11-09 13:32:12"},{"nodeID":"1326003","text":"Default Inference","type":"RA","timestamp":"2023-11-09 13:32:12"},{"nodeID":"1326004","text":"Arguing","type":"YA","timestamp":"2023-11-09 13:32:12"},{"nodeID":"1326005","text":"Default Transition","type":"TA","timestamp":"2023-11-09 13:32:12"},{"nodeID":"1326006","text":"Default Rephrase","type":"MA","timestamp":"2023-11-09 13:32:12"},{"nodeID":"1326007","text":"Restating","type":"YA","timestamp":"2023-11-09 13:32:12"},{"nodeID":"1326008","text":"Default Transition","type":"TA","timestamp":"2023-11-09 13:32:12"},{"nodeID":"1326009","text":"Default Transition","type":"TA","timestamp":"2023-11-09 13:32:12"},{"nodeID":"1326010","text":"Olivia Utley did write that Boris Johnson should have gone earlier","type":"I","timestamp":"2023-11-09 13:32:13"},{"nodeID":"1326011","text":"Olivia Utley: Yes","type":"L","timestamp":"2023-11-09 13:32:13"},{"nodeID":"1326012","text":"Analysing","type":"YA","timestamp":"2023-11-09 13:32:13"},{"nodeID":"1326013","text":"Calum: Olivia Utley: Yes","type":"L","timestamp":"2023-11-09 13:32:13"},{"nodeID":"1326014","text":"Asserting","type":"YA","timestamp":"2023-11-09 13:32:13"},{"nodeID":"1326015","text":"The Telegraph was writing that Boris Johnson should have gone sooner constantly","type":"I","timestamp":"2023-11-09 13:32:13"},{"nodeID":"1326016","text":"Olivia Utley: The Telegraph was writing it constantly","type":"L","timestamp":"2023-11-09 13:32:13"},{"nodeID":"1326017","text":"Analysing","type":"YA","timestamp":"2023-11-09 13:32:13"},{"nodeID":"1326018","text":"Calum: Olivia Utley: The Telegraph was writing it constantly","type":"L","timestamp":"2023-11-09 13:32:13"},{"nodeID":"1326019","text":"Asserting","type":"YA","timestamp":"2023-11-09 13:32:13"},{"nodeID":"1326020","text":"Default Transition","type":"TA","timestamp":"2023-11-09 13:32:13"},{"nodeID":"1326021","text":"Default Rephrase","type":"MA","timestamp":"2023-11-09 13:32:13"},{"nodeID":"1326022","text":"Default Illocuting","type":"YA","timestamp":"2023-11-09 13:32:13"},{"nodeID":"1326023","text":"Default Transition","type":"TA","timestamp":"2023-11-09 13:32:13"},{"nodeID":"1326024","text":"Default Rephrase","type":"MA","timestamp":"2023-11-09 13:32:13"},{"nodeID":"1326025","text":"Restating","type":"YA","timestamp":"2023-11-09 13:32:13"},{"nodeID":"1326026","text":"Default Transition","type":"TA","timestamp":"2023-11-09 13:32:13"},{"nodeID":"1326027","text":"Minette Batters is referring to trade deals with Australia and New Zealand","type":"I","timestamp":"2023-11-09 13:32:14"},{"nodeID":"1326028","text":"Fiona Bruce: The trade deals","type":"L","timestamp":"2023-11-09 13:32:14"},{"nodeID":"1326029","text":"Analysing","type":"YA","timestamp":"2023-11-09 13:32:14"},{"nodeID":"1326030","text":"Calum: Fiona Bruce: The trade deals","type":"L","timestamp":"2023-11-09 13:32:14"},{"nodeID":"1326031","text":"Assertive Questioning","type":"YA","timestamp":"2023-11-09 13:32:14"},{"nodeID":"1326032","text":"Default Transition","type":"TA","timestamp":"2023-11-09 13:32:14"},{"nodeID":"1326033","text":"Default Transition","type":"TA","timestamp":"2023-11-09 13:32:14"},{"nodeID":"1326034","text":"Agreeing","type":"YA","timestamp":"2023-11-09 13:32:14"},{"nodeID":"1326035","text":"Australia and New Zealand are allowed to produce food to different standards","type":"I","timestamp":"2023-11-09 13:32:14"},{"nodeID":"1326036","text":"Minette Batters: They are allowed to produce food to different standards","type":"L","timestamp":"2023-11-09 13:32:14"},{"nodeID":"1326037","text":"Analysing","type":"YA","timestamp":"2023-11-09 13:32:14"},{"nodeID":"1326038","text":"Calum: Minette Batters: They are allowed to produce food to different standards","type":"L","timestamp":"2023-11-09 13:32:14"},{"nodeID":"1326039","text":"Asserting","type":"YA","timestamp":"2023-11-09 13:32:14"},{"nodeID":"1326040","text":"Australia and New Zealand being allowed to produce food to different standards was ignored","type":"I","timestamp":"2023-11-09 13:32:15"},{"nodeID":"1326041","text":"Minette Batters: that was ignored","type":"L","timestamp":"2023-11-09 13:32:15"},{"nodeID":"1326042","text":"Analysing","type":"YA","timestamp":"2023-11-09 13:32:15"},{"nodeID":"1326043","text":"Calum: Minette Batters: that was ignored","type":"L","timestamp":"2023-11-09 13:32:15"},{"nodeID":"1326044","text":"Asserting","type":"YA","timestamp":"2023-11-09 13:32:15"},{"nodeID":"1326045","text":"Default Transition","type":"TA","timestamp":"2023-11-09 13:32:15"},{"nodeID":"1326046","text":"Default Transition","type":"TA","timestamp":"2023-11-09 13:32:15"},{"nodeID":"1326047","text":"Default Transition","type":"TA","timestamp":"2023-11-09 13:32:15"},{"nodeID":"1326048","text":"Default Inference","type":"RA","timestamp":"2023-11-09 13:32:15"},{"nodeID":"1326049","text":"Arguing","type":"YA","timestamp":"2023-11-09 13:32:15"},{"nodeID":"1326050","text":"Default Conflict","type":"CA","timestamp":"2023-11-09 13:32:15"},{"nodeID":"1326051","text":"Disagreeing","type":"YA","timestamp":"2023-11-09 13:32:15"}],"edges":[{"edgeID":"1739565","fromID":"1325848","toID":"1325846","formEdgeID":null},{"edgeID":"1739566","fromID":"1325847","toID":"1325848","formEdgeID":null},{"edgeID":"1739567","fromID":"1325849","toID":"1325845","formEdgeID":null},{"edgeID":"1739568","fromID":"1325846","toID":"1325849","formEdgeID":null},{"edgeID":"1739569","fromID":"1325851","toID":"1325853","formEdgeID":null},{"edgeID":"1739570","fromID":"1325852","toID":"1325851","formEdgeID":null},{"edgeID":"1739571","fromID":"1325853","toID":"1325854","formEdgeID":null},{"edgeID":"1739572","fromID":"1325854","toID":"1325850","formEdgeID":null},{"edgeID":"1739573","fromID":"1325846","toID":"1325855","formEdgeID":null},{"edgeID":"1739574","fromID":"1325855","toID":"1325853","formEdgeID":null},{"edgeID":"1739575","fromID":"1325858","toID":"1325857","formEdgeID":null},{"edgeID":"1739576","fromID":"1325859","toID":"1325858","formEdgeID":null},{"edgeID":"1739577","fromID":"1325860","toID":"1325856","formEdgeID":null},{"edgeID":"1739578","fromID":"1325857","toID":"1325860","formEdgeID":null},{"edgeID":"1739579","fromID":"1325862","toID":"1325863","formEdgeID":null},{"edgeID":"1739580","fromID":"1325864","toID":"1325862","formEdgeID":null},{"edgeID":"1739581","fromID":"1325863","toID":"1325865","formEdgeID":null},{"edgeID":"1739582","fromID":"1325865","toID":"1325861","formEdgeID":null},{"edgeID":"1739583","fromID":"1325869","toID":"1325868","formEdgeID":null},{"edgeID":"1739584","fromID":"1325868","toID":"1325867","formEdgeID":null},{"edgeID":"1739585","fromID":"1325867","toID":"1325870","formEdgeID":null},{"edgeID":"1739586","fromID":"1325870","toID":"1325866","formEdgeID":null},{"edgeID":"1739587","fromID":"1325873","toID":"1325872","formEdgeID":null},{"edgeID":"1739588","fromID":"1325874","toID":"1325873","formEdgeID":null},{"edgeID":"1739589","fromID":"1325872","toID":"1325875","formEdgeID":null},{"edgeID":"1739590","fromID":"1325875","toID":"1325871","formEdgeID":null},{"edgeID":"1739591","fromID":"1325857","toID":"1325876","formEdgeID":null},{"edgeID":"1739592","fromID":"1325876","toID":"1325863","formEdgeID":null},{"edgeID":"1739593","fromID":"1325877","toID":"1325856","formEdgeID":null},{"edgeID":"1739594","fromID":"1325861","toID":"1325877","formEdgeID":null},{"edgeID":"1739595","fromID":"1325876","toID":"1325878","formEdgeID":null},{"edgeID":"1739596","fromID":"1325878","toID":"1325877","formEdgeID":null},{"edgeID":"1739597","fromID":"1325863","toID":"1325879","formEdgeID":null},{"edgeID":"1739598","fromID":"1325879","toID":"1325867","formEdgeID":null},{"edgeID":"1739599","fromID":"1325880","toID":"1325861","formEdgeID":null},{"edgeID":"1739600","fromID":"1325866","toID":"1325880","formEdgeID":null},{"edgeID":"1739601","fromID":"1325861","toID":"1325881","formEdgeID":null},{"edgeID":"1739602","fromID":"1325881","toID":"1325871","formEdgeID":null},{"edgeID":"1739603","fromID":"1325863","toID":"1325882","formEdgeID":null},{"edgeID":"1739604","fromID":"1325882","toID":"1325872","formEdgeID":null},{"edgeID":"1739605","fromID":"1325882","toID":"1325883","formEdgeID":null},{"edgeID":"1739606","fromID":"1325883","toID":"1325881","formEdgeID":null},{"edgeID":"1739607","fromID":"1325887","toID":"1325885","formEdgeID":null},{"edgeID":"1739608","fromID":"1325886","toID":"1325887","formEdgeID":null},{"edgeID":"1739609","fromID":"1325888","toID":"1325884","formEdgeID":null},{"edgeID":"1739610","fromID":"1325885","toID":"1325888","formEdgeID":null},{"edgeID":"1739611","fromID":"1325890","toID":"1325891","formEdgeID":null},{"edgeID":"1739612","fromID":"1325892","toID":"1325890","formEdgeID":null},{"edgeID":"1739613","fromID":"1325891","toID":"1325893","formEdgeID":null},{"edgeID":"1739614","fromID":"1325893","toID":"1325889","formEdgeID":null},{"edgeID":"1739615","fromID":"1325897","toID":"1325896","formEdgeID":null},{"edgeID":"1739616","fromID":"1325896","toID":"1325895","formEdgeID":null},{"edgeID":"1739617","fromID":"1325898","toID":"1325894","formEdgeID":null},{"edgeID":"1739618","fromID":"1325895","toID":"1325898","formEdgeID":null},{"edgeID":"1739619","fromID":"1325901","toID":"1325900","formEdgeID":null},{"edgeID":"1739620","fromID":"1325902","toID":"1325901","formEdgeID":null},{"edgeID":"1739621","fromID":"1325900","toID":"1325903","formEdgeID":null},{"edgeID":"1739622","fromID":"1325903","toID":"1325899","formEdgeID":null},{"edgeID":"1739623","fromID":"1325906","toID":"1325905","formEdgeID":null},{"edgeID":"1739624","fromID":"1325907","toID":"1325906","formEdgeID":null},{"edgeID":"1739625","fromID":"1325905","toID":"1325908","formEdgeID":null},{"edgeID":"1739626","fromID":"1325908","toID":"1325904","formEdgeID":null},{"edgeID":"1739627","fromID":"1325872","toID":"1325909","formEdgeID":null},{"edgeID":"1739628","fromID":"1325909","toID":"1325900","formEdgeID":null},{"edgeID":"1739629","fromID":"1325879","toID":"1325910","formEdgeID":null},{"edgeID":"1739630","fromID":"1325910","toID":"1325880","formEdgeID":null},{"edgeID":"1739631","fromID":"1325911","toID":"1325885","formEdgeID":null},{"edgeID":"1739632","fromID":"1325900","toID":"1325911","formEdgeID":null},{"edgeID":"1739633","fromID":"1325884","toID":"1325912","formEdgeID":null},{"edgeID":"1739634","fromID":"1325912","toID":"1325899","formEdgeID":null},{"edgeID":"1739635","fromID":"1325911","toID":"1325913","formEdgeID":null},{"edgeID":"1739636","fromID":"1325913","toID":"1325912","formEdgeID":null},{"edgeID":"1739637","fromID":"1325885","toID":"1325914","formEdgeID":null},{"edgeID":"1739638","fromID":"1325914","toID":"1325895","formEdgeID":null},{"edgeID":"1739639","fromID":"1325894","toID":"1325915","formEdgeID":null},{"edgeID":"1739640","fromID":"1325915","toID":"1325884","formEdgeID":null},{"edgeID":"1739641","fromID":"1325914","toID":"1325916","formEdgeID":null},{"edgeID":"1739642","fromID":"1325916","toID":"1325915","formEdgeID":null},{"edgeID":"1739643","fromID":"1325885","toID":"1325917","formEdgeID":null},{"edgeID":"1739644","fromID":"1325917","toID":"1325891","formEdgeID":null},{"edgeID":"1739645","fromID":"1325889","toID":"1325918","formEdgeID":null},{"edgeID":"1739646","fromID":"1325918","toID":"1325884","formEdgeID":null},{"edgeID":"1739647","fromID":"1325919","toID":"1325918","formEdgeID":null},{"edgeID":"1739648","fromID":"1325917","toID":"1325919","formEdgeID":null},{"edgeID":"1739649","fromID":"1325905","toID":"1325920","formEdgeID":null},{"edgeID":"1739650","fromID":"1325920","toID":"1325895","formEdgeID":null},{"edgeID":"1739651","fromID":"1325921","toID":"1325904","formEdgeID":null},{"edgeID":"1739652","fromID":"1325894","toID":"1325921","formEdgeID":null},{"edgeID":"1739653","fromID":"1325920","toID":"1325922","formEdgeID":null},{"edgeID":"1739654","fromID":"1325922","toID":"1325921","formEdgeID":null},{"edgeID":"1739655","fromID":"1325900","toID":"1325923","formEdgeID":null},{"edgeID":"1739656","fromID":"1325923","toID":"1325905","formEdgeID":null},{"edgeID":"1739657","fromID":"1325904","toID":"1325924","formEdgeID":null},{"edgeID":"1739658","fromID":"1325924","toID":"1325899","formEdgeID":null},{"edgeID":"1739659","fromID":"1325923","toID":"1325925","formEdgeID":null},{"edgeID":"1739660","fromID":"1325925","toID":"1325924","formEdgeID":null},{"edgeID":"1739661","fromID":"1325928","toID":"1325929","formEdgeID":null},{"edgeID":"1739662","fromID":"1325929","toID":"1325927","formEdgeID":null},{"edgeID":"1739663","fromID":"1325930","toID":"1325926","formEdgeID":null},{"edgeID":"1739664","fromID":"1325927","toID":"1325930","formEdgeID":null},{"edgeID":"1739665","fromID":"1325895","toID":"1325931","formEdgeID":null},{"edgeID":"1739666","fromID":"1325931","toID":"1325927","formEdgeID":null},{"edgeID":"1739667","fromID":"1325894","toID":"1325932","formEdgeID":null},{"edgeID":"1739668","fromID":"1325932","toID":"1325926","formEdgeID":null},{"edgeID":"1739669","fromID":"1325931","toID":"1325933","formEdgeID":null},{"edgeID":"1739670","fromID":"1325933","toID":"1325932","formEdgeID":null},{"edgeID":"1739671","fromID":"1325936","toID":"1325935","formEdgeID":null},{"edgeID":"1739672","fromID":"1325937","toID":"1325936","formEdgeID":null},{"edgeID":"1739673","fromID":"1325935","toID":"1325938","formEdgeID":null},{"edgeID":"1739674","fromID":"1325938","toID":"1325934","formEdgeID":null},{"edgeID":"1739675","fromID":"1325927","toID":"1325939","formEdgeID":null},{"edgeID":"1739676","fromID":"1325939","toID":"1325935","formEdgeID":null},{"edgeID":"1739677","fromID":"1325934","toID":"1325940","formEdgeID":null},{"edgeID":"1739678","fromID":"1325940","toID":"1325926","formEdgeID":null},{"edgeID":"1739679","fromID":"1325939","toID":"1325941","formEdgeID":null},{"edgeID":"1739680","fromID":"1325941","toID":"1325940","formEdgeID":null},{"edgeID":"1739681","fromID":"1325943","toID":"1325945","formEdgeID":null},{"edgeID":"1739682","fromID":"1325944","toID":"1325943","formEdgeID":null},{"edgeID":"1739683","fromID":"1325945","toID":"1325946","formEdgeID":null},{"edgeID":"1739684","fromID":"1325946","toID":"1325942","formEdgeID":null},{"edgeID":"1739685","fromID":"1325947","toID":"1325945","formEdgeID":null},{"edgeID":"1739686","fromID":"1325935","toID":"1325947","formEdgeID":null},{"edgeID":"1739687","fromID":"1325948","toID":"1325949","formEdgeID":null},{"edgeID":"1739688","fromID":"1325950","toID":"1325948","formEdgeID":null},{"edgeID":"1739689","fromID":"1325953","toID":"1325952","formEdgeID":null},{"edgeID":"1739690","fromID":"1325954","toID":"1325953","formEdgeID":null},{"edgeID":"1739691","fromID":"1325952","toID":"1325955","formEdgeID":null},{"edgeID":"1739692","fromID":"1325955","toID":"1325951","formEdgeID":null},{"edgeID":"1739693","fromID":"1325958","toID":"1325957","formEdgeID":null},{"edgeID":"1739694","fromID":"1325959","toID":"1325958","formEdgeID":null},{"edgeID":"1739695","fromID":"1325957","toID":"1325960","formEdgeID":null},{"edgeID":"1739696","fromID":"1325960","toID":"1325956","formEdgeID":null},{"edgeID":"1739697","fromID":"1325963","toID":"1325962","formEdgeID":null},{"edgeID":"1739698","fromID":"1325964","toID":"1325963","formEdgeID":null},{"edgeID":"1739699","fromID":"1325962","toID":"1325965","formEdgeID":null},{"edgeID":"1739700","fromID":"1325965","toID":"1325961","formEdgeID":null},{"edgeID":"1739701","fromID":"1325968","toID":"1325967","formEdgeID":null},{"edgeID":"1739702","fromID":"1325969","toID":"1325968","formEdgeID":null},{"edgeID":"1739703","fromID":"1325967","toID":"1325970","formEdgeID":null},{"edgeID":"1739704","fromID":"1325970","toID":"1325966","formEdgeID":null},{"edgeID":"1739705","fromID":"1325973","toID":"1325972","formEdgeID":null},{"edgeID":"1739706","fromID":"1325974","toID":"1325973","formEdgeID":null},{"edgeID":"1739707","fromID":"1325972","toID":"1325975","formEdgeID":null},{"edgeID":"1739708","fromID":"1325975","toID":"1325971","formEdgeID":null},{"edgeID":"1739709","fromID":"1325978","toID":"1325977","formEdgeID":null},{"edgeID":"1739710","fromID":"1325979","toID":"1325978","formEdgeID":null},{"edgeID":"1739711","fromID":"1325982","toID":"1325981","formEdgeID":null},{"edgeID":"1739712","fromID":"1325983","toID":"1325982","formEdgeID":null},{"edgeID":"1739713","fromID":"1325981","toID":"1325984","formEdgeID":null},{"edgeID":"1739714","fromID":"1325984","toID":"1325980","formEdgeID":null},{"edgeID":"1739715","fromID":"1325987","toID":"1325986","formEdgeID":null},{"edgeID":"1739716","fromID":"1325988","toID":"1325987","formEdgeID":null},{"edgeID":"1739717","fromID":"1325986","toID":"1325989","formEdgeID":null},{"edgeID":"1739718","fromID":"1325989","toID":"1325985","formEdgeID":null},{"edgeID":"1739719","fromID":"1325945","toID":"1325990","formEdgeID":null},{"edgeID":"1739720","fromID":"1325990","toID":"1325952","formEdgeID":null},{"edgeID":"1739721","fromID":"1325951","toID":"1325991","formEdgeID":null},{"edgeID":"1739722","fromID":"1325991","toID":"1325942","formEdgeID":null},{"edgeID":"1739723","fromID":"1325990","toID":"1325992","formEdgeID":null},{"edgeID":"1739724","fromID":"1325992","toID":"1325991","formEdgeID":null},{"edgeID":"1739725","fromID":"1325952","toID":"1325993","formEdgeID":null},{"edgeID":"1739726","fromID":"1325993","toID":"1325957","formEdgeID":null},{"edgeID":"1739727","fromID":"1325957","toID":"1325994","formEdgeID":null},{"edgeID":"1739728","fromID":"1325994","toID":"1325962","formEdgeID":null},{"edgeID":"1739729","fromID":"1325961","toID":"1325995","formEdgeID":null},{"edgeID":"1739730","fromID":"1325995","toID":"1325956","formEdgeID":null},{"edgeID":"1739731","fromID":"1325994","toID":"1325996","formEdgeID":null},{"edgeID":"1739732","fromID":"1325996","toID":"1325995","formEdgeID":null},{"edgeID":"1739733","fromID":"1325998","toID":"1325997","formEdgeID":null},{"edgeID":"1739734","fromID":"1325979","toID":"1325998","formEdgeID":null},{"edgeID":"1739735","fromID":"1325997","toID":"1325999","formEdgeID":null},{"edgeID":"1739736","fromID":"1325999","toID":"1325976","formEdgeID":null},{"edgeID":"1739737","fromID":"1325977","toID":"1326000","formEdgeID":null},{"edgeID":"1739738","fromID":"1326000","toID":"1325997","formEdgeID":null},{"edgeID":"1739739","fromID":"1325977","toID":"1326001","formEdgeID":null},{"edgeID":"1739740","fromID":"1326001","toID":"1325981","formEdgeID":null},{"edgeID":"1739741","fromID":"1325977","toID":"1326002","formEdgeID":null},{"edgeID":"1739742","fromID":"1326002","toID":"1325986","formEdgeID":null},{"edgeID":"1739743","fromID":"1325980","toID":"1326003","formEdgeID":null},{"edgeID":"1739744","fromID":"1326003","toID":"1325976","formEdgeID":null},{"edgeID":"1739745","fromID":"1325985","toID":"1326003","formEdgeID":null},{"edgeID":"1739746","fromID":"1326002","toID":"1326004","formEdgeID":null},{"edgeID":"1739747","fromID":"1326004","toID":"1326003","formEdgeID":null},{"edgeID":"1739748","fromID":"1325957","toID":"1326005","formEdgeID":null},{"edgeID":"1739749","fromID":"1326005","toID":"1325972","formEdgeID":null},{"edgeID":"1739750","fromID":"1325971","toID":"1326006","formEdgeID":null},{"edgeID":"1739751","fromID":"1326006","toID":"1325956","formEdgeID":null},{"edgeID":"1739752","fromID":"1326005","toID":"1326007","formEdgeID":null},{"edgeID":"1739753","fromID":"1326007","toID":"1326006","formEdgeID":null},{"edgeID":"1739754","fromID":"1325967","toID":"1326008","formEdgeID":null},{"edgeID":"1739755","fromID":"1326008","toID":"1325972","formEdgeID":null},{"edgeID":"1739756","fromID":"1325972","toID":"1326009","formEdgeID":null},{"edgeID":"1739757","fromID":"1326009","toID":"1325977","formEdgeID":null},{"edgeID":"1739758","fromID":"1326012","toID":"1326011","formEdgeID":null},{"edgeID":"1739759","fromID":"1326013","toID":"1326012","formEdgeID":null},{"edgeID":"1739760","fromID":"1326011","toID":"1326014","formEdgeID":null},{"edgeID":"1739761","fromID":"1326014","toID":"1326010","formEdgeID":null},{"edgeID":"1739762","fromID":"1326017","toID":"1326016","formEdgeID":null},{"edgeID":"1739763","fromID":"1326018","toID":"1326017","formEdgeID":null},{"edgeID":"1739764","fromID":"1326016","toID":"1326019","formEdgeID":null},{"edgeID":"1739765","fromID":"1326019","toID":"1326015","formEdgeID":null},{"edgeID":"1739766","fromID":"1325853","toID":"1326020","formEdgeID":null},{"edgeID":"1739767","fromID":"1326020","toID":"1326011","formEdgeID":null},{"edgeID":"1739768","fromID":"1326010","toID":"1326021","formEdgeID":null},{"edgeID":"1739769","fromID":"1326021","toID":"1325850","formEdgeID":null},{"edgeID":"1739770","fromID":"1326020","toID":"1326022","formEdgeID":null},{"edgeID":"1739771","fromID":"1326022","toID":"1326021","formEdgeID":null},{"edgeID":"1739772","fromID":"1326011","toID":"1326023","formEdgeID":null},{"edgeID":"1739773","fromID":"1326023","toID":"1326016","formEdgeID":null},{"edgeID":"1739774","fromID":"1326015","toID":"1326024","formEdgeID":null},{"edgeID":"1739775","fromID":"1326024","toID":"1326010","formEdgeID":null},{"edgeID":"1739776","fromID":"1326023","toID":"1326025","formEdgeID":null},{"edgeID":"1739777","fromID":"1326025","toID":"1326024","formEdgeID":null},{"edgeID":"1739778","fromID":"1326016","toID":"1326026","formEdgeID":null},{"edgeID":"1739779","fromID":"1326026","toID":"1325857","formEdgeID":null},{"edgeID":"1739780","fromID":"1326029","toID":"1326028","formEdgeID":null},{"edgeID":"1739781","fromID":"1326030","toID":"1326029","formEdgeID":null},{"edgeID":"1739782","fromID":"1326028","toID":"1326031","formEdgeID":null},{"edgeID":"1739783","fromID":"1326031","toID":"1326027","formEdgeID":null},{"edgeID":"1739784","fromID":"1325945","toID":"1326032","formEdgeID":null},{"edgeID":"1739785","fromID":"1326032","toID":"1326028","formEdgeID":null},{"edgeID":"1739786","fromID":"1326028","toID":"1326033","formEdgeID":null},{"edgeID":"1739787","fromID":"1326033","toID":"1325949","formEdgeID":null},{"edgeID":"1739788","fromID":"1326033","toID":"1326034","formEdgeID":null},{"edgeID":"1739789","fromID":"1326034","toID":"1326027","formEdgeID":null},{"edgeID":"1739790","fromID":"1326037","toID":"1326036","formEdgeID":null},{"edgeID":"1739791","fromID":"1326038","toID":"1326037","formEdgeID":null},{"edgeID":"1739792","fromID":"1326036","toID":"1326039","formEdgeID":null},{"edgeID":"1739793","fromID":"1326039","toID":"1326035","formEdgeID":null},{"edgeID":"1739794","fromID":"1326042","toID":"1326041","formEdgeID":null},{"edgeID":"1739795","fromID":"1326043","toID":"1326042","formEdgeID":null},{"edgeID":"1739796","fromID":"1326041","toID":"1326044","formEdgeID":null},{"edgeID":"1739797","fromID":"1326044","toID":"1326040","formEdgeID":null},{"edgeID":"1739798","fromID":"1325962","toID":"1326045","formEdgeID":null},{"edgeID":"1739799","fromID":"1326045","toID":"1326036","formEdgeID":null},{"edgeID":"1739800","fromID":"1326036","toID":"1326046","formEdgeID":null},{"edgeID":"1739801","fromID":"1326046","toID":"1326041","formEdgeID":null},{"edgeID":"1739802","fromID":"1326041","toID":"1326047","formEdgeID":null},{"edgeID":"1739803","fromID":"1326047","toID":"1325967","formEdgeID":null},{"edgeID":"1739804","fromID":"1326035","toID":"1326048","formEdgeID":null},{"edgeID":"1739805","fromID":"1326048","toID":"1325961","formEdgeID":null},{"edgeID":"1739806","fromID":"1326045","toID":"1326049","formEdgeID":null},{"edgeID":"1739807","fromID":"1326049","toID":"1326048","formEdgeID":null},{"edgeID":"1739808","fromID":"1326040","toID":"1326050","formEdgeID":null},{"edgeID":"1739809","fromID":"1326050","toID":"1326035","formEdgeID":null},{"edgeID":"1739810","fromID":"1326046","toID":"1326051","formEdgeID":null},{"edgeID":"1739811","fromID":"1326051","toID":"1326050","formEdgeID":null}],"locutions":[]}