{"nodes":[{"nodeID":"1327439","text":"AudienceMember 20220721QT28 works in a Secondary School","type":"I","timestamp":"2023-11-09 13:34:10"},{"nodeID":"1327440","text":"AudienceMember 20220721QT28: I work in a Secondary School","type":"L","timestamp":"2023-11-09 13:34:10"},{"nodeID":"1327441","text":"Analysing","type":"YA","timestamp":"2023-11-09 13:34:10"},{"nodeID":"1327442","text":"Joanna: AudienceMember 20220721QT28: I work in a Secondary School","type":"L","timestamp":"2023-11-09 13:34:10"},{"nodeID":"1327443","text":"Asserting","type":"YA","timestamp":"2023-11-09 13:34:10"},{"nodeID":"1327444","text":"AudienceMember 20220721QT28 is not a teacher, they are a support staff","type":"I","timestamp":"2023-11-09 13:34:10"},{"nodeID":"1327445","text":"AudienceMember 20220721QT28: I'm not a teacher I'm a support staff","type":"L","timestamp":"2023-11-09 13:34:10"},{"nodeID":"1327446","text":"Analysing","type":"YA","timestamp":"2023-11-09 13:34:10"},{"nodeID":"1327447","text":"Joanna: AudienceMember 20220721QT28: I'm not a teacher I'm a support staff","type":"L","timestamp":"2023-11-09 13:34:10"},{"nodeID":"1327448","text":"Asserting","type":"YA","timestamp":"2023-11-09 13:34:10"},{"nodeID":"1327449","text":"Default Transition","type":"TA","timestamp":"2023-11-09 13:34:10"},{"nodeID":"1327450","text":"Default Rephrase","type":"MA","timestamp":"2023-11-09 13:34:10"},{"nodeID":"1327451","text":"Restating","type":"YA","timestamp":"2023-11-09 13:34:10"},{"nodeID":"1327452","text":"AudienceMember 20220721QT28 works with some absolutely amazing teachers who are so dedicated","type":"I","timestamp":"2023-11-09 13:34:11"},{"nodeID":"1327453","text":"AudienceMember 20220721QT28: I work with some absolutely amazing teachers who are so dedicated","type":"L","timestamp":"2023-11-09 13:34:11"},{"nodeID":"1327454","text":"Analysing","type":"YA","timestamp":"2023-11-09 13:34:11"},{"nodeID":"1327455","text":"Joanna: AudienceMember 20220721QT28: I work with some absolutely amazing teachers who are so dedicated","type":"L","timestamp":"2023-11-09 13:34:11"},{"nodeID":"1327456","text":"Asserting","type":"YA","timestamp":"2023-11-09 13:34:11"},{"nodeID":"1327457","text":"Default Transition","type":"TA","timestamp":"2023-11-09 13:34:11"},{"nodeID":"1327458","text":"AudienceMember 20220721QT28 works with amazing teachers like this lady up here who said and are paying out of their own pocket to feed children so that they have breakfast in the morning","type":"I","timestamp":"2023-11-09 13:34:12"},{"nodeID":"1327459","text":"AudienceMember 20220721QT28: Like this lady up here who said and are paying out of their own pocket to feed children so that they have breakfast in the morning","type":"L","timestamp":"2023-11-09 13:34:12"},{"nodeID":"1327460","text":"Analysing","type":"YA","timestamp":"2023-11-09 13:34:12"},{"nodeID":"1327461","text":"Joanna: AudienceMember 20220721QT28: Like this lady up here who said and are paying out of their own pocket to feed children so that they have breakfast in the morning","type":"L","timestamp":"2023-11-09 13:34:12"},{"nodeID":"1327462","text":"Asserting","type":"YA","timestamp":"2023-11-09 13:34:12"},{"nodeID":"1327463","text":"Default Transition","type":"TA","timestamp":"2023-11-09 13:34:12"},{"nodeID":"1327464","text":"Default Inference","type":"RA","timestamp":"2023-11-09 13:34:12"},{"nodeID":"1327465","text":"Arguing","type":"YA","timestamp":"2023-11-09 13:34:12"},{"nodeID":"1327466","text":"buying the food for children by teachers works in a way xxx","type":"I","timestamp":"2023-11-09 13:34:12"},{"nodeID":"1327467","text":"Fiona Bruce: how that works, so, what they are just -- buying the food","type":"L","timestamp":"2023-11-09 13:34:12"},{"nodeID":"1327468","text":"Analysing","type":"YA","timestamp":"2023-11-09 13:34:12"},{"nodeID":"1327469","text":"Joanna: Fiona Bruce: how that works, so, what they are just -- buying the food","type":"L","timestamp":"2023-11-09 13:34:12"},{"nodeID":"1327470","text":"Asserting","type":"YA","timestamp":"2023-11-09 13:34:12"},{"nodeID":"1327471","text":"Default Transition","type":"TA","timestamp":"2023-11-09 13:34:12"},{"nodeID":"1327472","text":"teachers are buying toast, milk, so that children can come in and have a chat","type":"I","timestamp":"2023-11-09 13:34:13"},{"nodeID":"1327473","text":"AudienceMember 20220721QT29: they are buying toast, milk, so that children can come in and have a chat","type":"L","timestamp":"2023-11-09 13:34:13"},{"nodeID":"1327474","text":"Analysing","type":"YA","timestamp":"2023-11-09 13:34:13"},{"nodeID":"1327475","text":"Joanna: AudienceMember 20220721QT29: they are buying toast, milk, so that children can come in and have a chat","type":"L","timestamp":"2023-11-09 13:34:13"},{"nodeID":"1327476","text":"Asserting","type":"YA","timestamp":"2023-11-09 13:34:13"},{"nodeID":"1327477","text":"Default Transition","type":"TA","timestamp":"2023-11-09 13:34:13"},{"nodeID":"1327478","text":"Default Rephrase","type":"MA","timestamp":"2023-11-09 13:34:13"},{"nodeID":"1327479","text":"Default Illocuting","type":"YA","timestamp":"2023-11-09 13:34:13"},{"nodeID":"1327480","text":"teachers are buying food for children who are may not have a great start in the morning at home because they have got a big family, so they can come in before they go into a lesson, and have some time with the teacher, have a chat, be calm before they go into the classroom","type":"I","timestamp":"2023-11-09 13:34:13"},{"nodeID":"1327481","text":"AudienceMember 20220721QT29: children who are may not have a great start in the morning at home because they have got a big family, so they can come in before they go into a lesson, and have some time with the teacher, have a chat, be calm before they go into the classroom","type":"L","timestamp":"2023-11-09 13:34:13"},{"nodeID":"1327482","text":"Analysing","type":"YA","timestamp":"2023-11-09 13:34:13"},{"nodeID":"1327483","text":"Joanna: AudienceMember 20220721QT29: children who are may not have a great start in the morning at home because they have got a big family, so they can come in before they go into a lesson, and have some time with the teacher, have a chat, be calm before they go into the classroom","type":"L","timestamp":"2023-11-09 13:34:13"},{"nodeID":"1327484","text":"Asserting","type":"YA","timestamp":"2023-11-09 13:34:13"},{"nodeID":"1327485","text":"Default Transition","type":"TA","timestamp":"2023-11-09 13:34:13"},{"nodeID":"1327486","text":"Default Rephrase","type":"MA","timestamp":"2023-11-09 13:34:13"},{"nodeID":"1327487","text":"Restating","type":"YA","timestamp":"2023-11-09 13:34:13"},{"nodeID":"1327488","text":"Mary Bousted made a valid point about teachers leaving the profession","type":"I","timestamp":"2023-11-09 13:34:14"},{"nodeID":"1327489","text":"AudienceMember 20220721QT29: you made a valid point about teachers leaving the profession","type":"L","timestamp":"2023-11-09 13:34:14"},{"nodeID":"1327490","text":"Analysing","type":"YA","timestamp":"2023-11-09 13:34:14"},{"nodeID":"1327491","text":"Joanna: AudienceMember 20220721QT29: you made a valid point about teachers leaving the profession","type":"L","timestamp":"2023-11-09 13:34:14"},{"nodeID":"1327492","text":"Asserting","type":"YA","timestamp":"2023-11-09 13:34:14"},{"nodeID":"1327493","text":"Default Transition","type":"TA","timestamp":"2023-11-09 13:34:14"},{"nodeID":"1327494","text":"those teachers that are leaving the profession are leaving because they want to teach","type":"I","timestamp":"2023-11-09 13:34:15"},{"nodeID":"1327495","text":"AudienceMember 20220721QT29: those teachers that are leaving the profession are leaving because they want to teach","type":"L","timestamp":"2023-11-09 13:34:15"},{"nodeID":"1327496","text":"Analysing","type":"YA","timestamp":"2023-11-09 13:34:15"},{"nodeID":"1327497","text":"Joanna: AudienceMember 20220721QT29: those teachers that are leaving the profession are leaving because they want to teach","type":"L","timestamp":"2023-11-09 13:34:15"},{"nodeID":"1327498","text":"Asserting","type":"YA","timestamp":"2023-11-09 13:34:15"},{"nodeID":"1327499","text":"Default Transition","type":"TA","timestamp":"2023-11-09 13:34:15"},{"nodeID":"1327500","text":"teachers are not just teaching, they are being social workers","type":"I","timestamp":"2023-11-09 13:34:15"},{"nodeID":"1327501","text":"AudienceMember 20220721QT29: They are not just teaching, they are being social workers","type":"L","timestamp":"2023-11-09 13:34:15"},{"nodeID":"1327502","text":"Analysing","type":"YA","timestamp":"2023-11-09 13:34:15"},{"nodeID":"1327503","text":"Joanna: AudienceMember 20220721QT29: They are not just teaching, they are being social workers","type":"L","timestamp":"2023-11-09 13:34:15"},{"nodeID":"1327504","text":"Asserting","type":"YA","timestamp":"2023-11-09 13:34:15"},{"nodeID":"1327505","text":"Default Transition","type":"TA","timestamp":"2023-11-09 13:34:15"},{"nodeID":"1327506","text":"teachers are being parents","type":"I","timestamp":"2023-11-09 13:34:16"},{"nodeID":"1327507","text":"AudienceMember 20220721QT29: They are being parents","type":"L","timestamp":"2023-11-09 13:34:16"},{"nodeID":"1327508","text":"Analysing","type":"YA","timestamp":"2023-11-09 13:34:16"},{"nodeID":"1327509","text":"Joanna: AudienceMember 20220721QT29: They are being parents","type":"L","timestamp":"2023-11-09 13:34:16"},{"nodeID":"1327510","text":"Asserting","type":"YA","timestamp":"2023-11-09 13:34:16"},{"nodeID":"1327511","text":"Default Transition","type":"TA","timestamp":"2023-11-09 13:34:16"},{"nodeID":"1327512","text":"teachers are making sure that those children are taking part in after-school clubs","type":"I","timestamp":"2023-11-09 13:34:16"},{"nodeID":"1327513","text":"AudienceMember 20220721QT29: They are making sure that those children are taking part in after-school clubs","type":"L","timestamp":"2023-11-09 13:34:16"},{"nodeID":"1327514","text":"Analysing","type":"YA","timestamp":"2023-11-09 13:34:16"},{"nodeID":"1327515","text":"Joanna: AudienceMember 20220721QT29: They are making sure that those children are taking part in after-school clubs","type":"L","timestamp":"2023-11-09 13:34:16"},{"nodeID":"1327516","text":"Asserting","type":"YA","timestamp":"2023-11-09 13:34:16"},{"nodeID":"1327517","text":"Default Inference","type":"RA","timestamp":"2023-11-09 13:34:16"},{"nodeID":"1327518","text":"Default Transition","type":"TA","timestamp":"2023-11-09 13:34:16"},{"nodeID":"1327519","text":"Arguing","type":"YA","timestamp":"2023-11-09 13:34:16"},{"nodeID":"1327520","text":"teachers taking roles outside of only teaching is not right","type":"I","timestamp":"2023-11-09 13:34:17"},{"nodeID":"1327521","text":"AudienceMember 20220721QT29: That's not right","type":"L","timestamp":"2023-11-09 13:34:17"},{"nodeID":"1327522","text":"Analysing","type":"YA","timestamp":"2023-11-09 13:34:17"},{"nodeID":"1327523","text":"Joanna: AudienceMember 20220721QT29: That's not right","type":"L","timestamp":"2023-11-09 13:34:17"},{"nodeID":"1327524","text":"Asserting","type":"YA","timestamp":"2023-11-09 13:34:17"},{"nodeID":"1327525","text":"Default Transition","type":"TA","timestamp":"2023-11-09 13:34:17"},{"nodeID":"1327526","text":"the teachers want to teach their subjects well and be in the classroom with those teachers so that they have the best education","type":"I","timestamp":"2023-11-09 13:34:17"},{"nodeID":"1327527","text":"AudienceMember 20220721QT29: The teachers want to teach their subjects well and be in the classroom with those teachers so that they have the best education","type":"L","timestamp":"2023-11-09 13:34:17"},{"nodeID":"1327528","text":"Analysing","type":"YA","timestamp":"2023-11-09 13:34:17"},{"nodeID":"1327529","text":"Joanna: AudienceMember 20220721QT29: The teachers want to teach their subjects well and be in the classroom with those teachers so that they have the best education","type":"L","timestamp":"2023-11-09 13:34:17"},{"nodeID":"1327530","text":"Asserting","type":"YA","timestamp":"2023-11-09 13:34:17"},{"nodeID":"1327531","text":"Default Transition","type":"TA","timestamp":"2023-11-09 13:34:17"},{"nodeID":"1327532","text":"Default Rephrase","type":"MA","timestamp":"2023-11-09 13:34:17"},{"nodeID":"1327533","text":"Default Transition","type":"TA","timestamp":"2023-11-09 13:34:17"},{"nodeID":"1327534","text":"Restating","type":"YA","timestamp":"2023-11-09 13:34:17"},{"nodeID":"1327535","text":"teachers are not being recognised for wanting to teach their subjects well and to give the best education","type":"I","timestamp":"2023-11-09 13:34:18"},{"nodeID":"1327536","text":"AudienceMember 20220721QT29: they are not being recognised for that","type":"L","timestamp":"2023-11-09 13:34:18"},{"nodeID":"1327537","text":"Analysing","type":"YA","timestamp":"2023-11-09 13:34:18"},{"nodeID":"1327538","text":"Joanna: AudienceMember 20220721QT29: they are not being recognised for that","type":"L","timestamp":"2023-11-09 13:34:18"},{"nodeID":"1327539","text":"Asserting","type":"YA","timestamp":"2023-11-09 13:34:18"},{"nodeID":"1327540","text":"Default Transition","type":"TA","timestamp":"2023-11-09 13:34:18"},{"nodeID":"1327541","text":"teachers are not being upskilled","type":"I","timestamp":"2023-11-09 13:34:19"},{"nodeID":"1327542","text":"AudienceMember 20220721QT29: They are not being upskilled","type":"L","timestamp":"2023-11-09 13:34:19"},{"nodeID":"1327543","text":"Analysing","type":"YA","timestamp":"2023-11-09 13:34:19"},{"nodeID":"1327544","text":"Joanna: AudienceMember 20220721QT29: They are not being upskilled","type":"L","timestamp":"2023-11-09 13:34:19"},{"nodeID":"1327545","text":"Asserting","type":"YA","timestamp":"2023-11-09 13:34:19"},{"nodeID":"1327546","text":"Default Inference","type":"RA","timestamp":"2023-11-09 13:34:19"},{"nodeID":"1327547","text":"Default Transition","type":"TA","timestamp":"2023-11-09 13:34:19"},{"nodeID":"1327548","text":"Arguing","type":"YA","timestamp":"2023-11-09 13:34:19"},{"nodeID":"1327549","text":"Default Inference","type":"RA","timestamp":"2023-11-09 13:34:19"},{"nodeID":"1327550","text":"Default Transition","type":"TA","timestamp":"2023-11-09 13:34:19"},{"nodeID":"1327551","text":"Arguing","type":"YA","timestamp":"2023-11-09 13:34:19"},{"nodeID":"1327552","text":"Default Inference","type":"RA","timestamp":"2023-11-09 13:34:19"},{"nodeID":"1327553","text":"Default Transition","type":"TA","timestamp":"2023-11-09 13:34:19"},{"nodeID":"1327554","text":"Arguing","type":"YA","timestamp":"2023-11-09 13:34:19"}],"edges":[{"edgeID":"1741491","fromID":"1327441","toID":"1327440","formEdgeID":null},{"edgeID":"1741492","fromID":"1327442","toID":"1327441","formEdgeID":null},{"edgeID":"1741493","fromID":"1327440","toID":"1327443","formEdgeID":null},{"edgeID":"1741494","fromID":"1327443","toID":"1327439","formEdgeID":null},{"edgeID":"1741495","fromID":"1327446","toID":"1327445","formEdgeID":null},{"edgeID":"1741496","fromID":"1327447","toID":"1327446","formEdgeID":null},{"edgeID":"1741497","fromID":"1327445","toID":"1327448","formEdgeID":null},{"edgeID":"1741498","fromID":"1327448","toID":"1327444","formEdgeID":null},{"edgeID":"1741499","fromID":"1327440","toID":"1327449","formEdgeID":null},{"edgeID":"1741500","fromID":"1327449","toID":"1327445","formEdgeID":null},{"edgeID":"1741501","fromID":"1327444","toID":"1327450","formEdgeID":null},{"edgeID":"1741502","fromID":"1327450","toID":"1327439","formEdgeID":null},{"edgeID":"1741503","fromID":"1327449","toID":"1327451","formEdgeID":null},{"edgeID":"1741504","fromID":"1327451","toID":"1327450","formEdgeID":null},{"edgeID":"1741505","fromID":"1327454","toID":"1327453","formEdgeID":null},{"edgeID":"1741506","fromID":"1327455","toID":"1327454","formEdgeID":null},{"edgeID":"1741507","fromID":"1327453","toID":"1327456","formEdgeID":null},{"edgeID":"1741508","fromID":"1327456","toID":"1327452","formEdgeID":null},{"edgeID":"1741509","fromID":"1327445","toID":"1327457","formEdgeID":null},{"edgeID":"1741510","fromID":"1327457","toID":"1327453","formEdgeID":null},{"edgeID":"1741511","fromID":"1327460","toID":"1327459","formEdgeID":null},{"edgeID":"1741512","fromID":"1327461","toID":"1327460","formEdgeID":null},{"edgeID":"1741513","fromID":"1327459","toID":"1327462","formEdgeID":null},{"edgeID":"1741514","fromID":"1327462","toID":"1327458","formEdgeID":null},{"edgeID":"1741515","fromID":"1327453","toID":"1327463","formEdgeID":null},{"edgeID":"1741516","fromID":"1327463","toID":"1327459","formEdgeID":null},{"edgeID":"1741517","fromID":"1327458","toID":"1327464","formEdgeID":null},{"edgeID":"1741518","fromID":"1327464","toID":"1327452","formEdgeID":null},{"edgeID":"1741519","fromID":"1327463","toID":"1327465","formEdgeID":null},{"edgeID":"1741520","fromID":"1327465","toID":"1327464","formEdgeID":null},{"edgeID":"1741521","fromID":"1327468","toID":"1327467","formEdgeID":null},{"edgeID":"1741522","fromID":"1327469","toID":"1327468","formEdgeID":null},{"edgeID":"1741523","fromID":"1327467","toID":"1327470","formEdgeID":null},{"edgeID":"1741524","fromID":"1327470","toID":"1327466","formEdgeID":null},{"edgeID":"1741525","fromID":"1327459","toID":"1327471","formEdgeID":null},{"edgeID":"1741526","fromID":"1327471","toID":"1327467","formEdgeID":null},{"edgeID":"1741527","fromID":"1327474","toID":"1327473","formEdgeID":null},{"edgeID":"1741528","fromID":"1327475","toID":"1327474","formEdgeID":null},{"edgeID":"1741529","fromID":"1327473","toID":"1327476","formEdgeID":null},{"edgeID":"1741530","fromID":"1327476","toID":"1327472","formEdgeID":null},{"edgeID":"1741531","fromID":"1327467","toID":"1327477","formEdgeID":null},{"edgeID":"1741532","fromID":"1327477","toID":"1327473","formEdgeID":null},{"edgeID":"1741533","fromID":"1327472","toID":"1327478","formEdgeID":null},{"edgeID":"1741534","fromID":"1327478","toID":"1327466","formEdgeID":null},{"edgeID":"1741535","fromID":"1327477","toID":"1327479","formEdgeID":null},{"edgeID":"1741536","fromID":"1327479","toID":"1327478","formEdgeID":null},{"edgeID":"1741537","fromID":"1327482","toID":"1327481","formEdgeID":null},{"edgeID":"1741538","fromID":"1327483","toID":"1327482","formEdgeID":null},{"edgeID":"1741539","fromID":"1327481","toID":"1327484","formEdgeID":null},{"edgeID":"1741540","fromID":"1327484","toID":"1327480","formEdgeID":null},{"edgeID":"1741541","fromID":"1327473","toID":"1327485","formEdgeID":null},{"edgeID":"1741542","fromID":"1327485","toID":"1327481","formEdgeID":null},{"edgeID":"1741543","fromID":"1327480","toID":"1327486","formEdgeID":null},{"edgeID":"1741544","fromID":"1327486","toID":"1327472","formEdgeID":null},{"edgeID":"1741545","fromID":"1327485","toID":"1327487","formEdgeID":null},{"edgeID":"1741546","fromID":"1327487","toID":"1327486","formEdgeID":null},{"edgeID":"1741547","fromID":"1327490","toID":"1327489","formEdgeID":null},{"edgeID":"1741548","fromID":"1327491","toID":"1327490","formEdgeID":null},{"edgeID":"1741549","fromID":"1327489","toID":"1327492","formEdgeID":null},{"edgeID":"1741550","fromID":"1327492","toID":"1327488","formEdgeID":null},{"edgeID":"1741551","fromID":"1327481","toID":"1327493","formEdgeID":null},{"edgeID":"1741552","fromID":"1327493","toID":"1327489","formEdgeID":null},{"edgeID":"1741553","fromID":"1327496","toID":"1327495","formEdgeID":null},{"edgeID":"1741554","fromID":"1327497","toID":"1327496","formEdgeID":null},{"edgeID":"1741555","fromID":"1327495","toID":"1327498","formEdgeID":null},{"edgeID":"1741556","fromID":"1327498","toID":"1327494","formEdgeID":null},{"edgeID":"1741557","fromID":"1327489","toID":"1327499","formEdgeID":null},{"edgeID":"1741558","fromID":"1327499","toID":"1327495","formEdgeID":null},{"edgeID":"1741559","fromID":"1327502","toID":"1327501","formEdgeID":null},{"edgeID":"1741560","fromID":"1327503","toID":"1327502","formEdgeID":null},{"edgeID":"1741561","fromID":"1327501","toID":"1327504","formEdgeID":null},{"edgeID":"1741562","fromID":"1327504","toID":"1327500","formEdgeID":null},{"edgeID":"1741563","fromID":"1327495","toID":"1327505","formEdgeID":null},{"edgeID":"1741564","fromID":"1327505","toID":"1327501","formEdgeID":null},{"edgeID":"1741565","fromID":"1327508","toID":"1327507","formEdgeID":null},{"edgeID":"1741566","fromID":"1327509","toID":"1327508","formEdgeID":null},{"edgeID":"1741567","fromID":"1327507","toID":"1327510","formEdgeID":null},{"edgeID":"1741568","fromID":"1327510","toID":"1327506","formEdgeID":null},{"edgeID":"1741569","fromID":"1327501","toID":"1327511","formEdgeID":null},{"edgeID":"1741570","fromID":"1327511","toID":"1327507","formEdgeID":null},{"edgeID":"1741571","fromID":"1327514","toID":"1327513","formEdgeID":null},{"edgeID":"1741572","fromID":"1327515","toID":"1327514","formEdgeID":null},{"edgeID":"1741573","fromID":"1327513","toID":"1327516","formEdgeID":null},{"edgeID":"1741574","fromID":"1327516","toID":"1327512","formEdgeID":null},{"edgeID":"1741575","fromID":"1327512","toID":"1327517","formEdgeID":null},{"edgeID":"1741576","fromID":"1327517","toID":"1327494","formEdgeID":null},{"edgeID":"1741577","fromID":"1327506","toID":"1327517","formEdgeID":null},{"edgeID":"1741578","fromID":"1327500","toID":"1327517","formEdgeID":null},{"edgeID":"1741579","fromID":"1327495","toID":"1327518","formEdgeID":null},{"edgeID":"1741580","fromID":"1327518","toID":"1327513","formEdgeID":null},{"edgeID":"1741581","fromID":"1327518","toID":"1327519","formEdgeID":null},{"edgeID":"1741582","fromID":"1327519","toID":"1327517","formEdgeID":null},{"edgeID":"1741583","fromID":"1327522","toID":"1327521","formEdgeID":null},{"edgeID":"1741584","fromID":"1327523","toID":"1327522","formEdgeID":null},{"edgeID":"1741585","fromID":"1327521","toID":"1327524","formEdgeID":null},{"edgeID":"1741586","fromID":"1327524","toID":"1327520","formEdgeID":null},{"edgeID":"1741587","fromID":"1327513","toID":"1327525","formEdgeID":null},{"edgeID":"1741588","fromID":"1327525","toID":"1327521","formEdgeID":null},{"edgeID":"1741589","fromID":"1327528","toID":"1327527","formEdgeID":null},{"edgeID":"1741590","fromID":"1327529","toID":"1327528","formEdgeID":null},{"edgeID":"1741591","fromID":"1327527","toID":"1327530","formEdgeID":null},{"edgeID":"1741592","fromID":"1327530","toID":"1327526","formEdgeID":null},{"edgeID":"1741593","fromID":"1327521","toID":"1327531","formEdgeID":null},{"edgeID":"1741594","fromID":"1327531","toID":"1327527","formEdgeID":null},{"edgeID":"1741595","fromID":"1327526","toID":"1327532","formEdgeID":null},{"edgeID":"1741596","fromID":"1327532","toID":"1327494","formEdgeID":null},{"edgeID":"1741597","fromID":"1327495","toID":"1327533","formEdgeID":null},{"edgeID":"1741598","fromID":"1327533","toID":"1327527","formEdgeID":null},{"edgeID":"1741599","fromID":"1327533","toID":"1327534","formEdgeID":null},{"edgeID":"1741600","fromID":"1327534","toID":"1327532","formEdgeID":null},{"edgeID":"1741601","fromID":"1327537","toID":"1327536","formEdgeID":null},{"edgeID":"1741602","fromID":"1327538","toID":"1327537","formEdgeID":null},{"edgeID":"1741603","fromID":"1327536","toID":"1327539","formEdgeID":null},{"edgeID":"1741604","fromID":"1327539","toID":"1327535","formEdgeID":null},{"edgeID":"1741605","fromID":"1327527","toID":"1327540","formEdgeID":null},{"edgeID":"1741606","fromID":"1327540","toID":"1327536","formEdgeID":null},{"edgeID":"1741607","fromID":"1327543","toID":"1327542","formEdgeID":null},{"edgeID":"1741608","fromID":"1327544","toID":"1327543","formEdgeID":null},{"edgeID":"1741609","fromID":"1327542","toID":"1327545","formEdgeID":null},{"edgeID":"1741610","fromID":"1327545","toID":"1327541","formEdgeID":null},{"edgeID":"1741611","fromID":"1327541","toID":"1327546","formEdgeID":null},{"edgeID":"1741612","fromID":"1327546","toID":"1327535","formEdgeID":null},{"edgeID":"1741613","fromID":"1327536","toID":"1327547","formEdgeID":null},{"edgeID":"1741614","fromID":"1327547","toID":"1327542","formEdgeID":null},{"edgeID":"1741615","fromID":"1327547","toID":"1327548","formEdgeID":null},{"edgeID":"1741616","fromID":"1327548","toID":"1327546","formEdgeID":null},{"edgeID":"1741617","fromID":"1327494","toID":"1327549","formEdgeID":null},{"edgeID":"1741618","fromID":"1327549","toID":"1327520","formEdgeID":null},{"edgeID":"1741619","fromID":"1327495","toID":"1327550","formEdgeID":null},{"edgeID":"1741620","fromID":"1327550","toID":"1327521","formEdgeID":null},{"edgeID":"1741621","fromID":"1327550","toID":"1327551","formEdgeID":null},{"edgeID":"1741622","fromID":"1327551","toID":"1327549","formEdgeID":null},{"edgeID":"1741623","fromID":"1327535","toID":"1327552","formEdgeID":null},{"edgeID":"1741624","fromID":"1327552","toID":"1327494","formEdgeID":null},{"edgeID":"1741625","fromID":"1327495","toID":"1327553","formEdgeID":null},{"edgeID":"1741626","fromID":"1327553","toID":"1327536","formEdgeID":null},{"edgeID":"1741627","fromID":"1327553","toID":"1327554","formEdgeID":null},{"edgeID":"1741628","fromID":"1327554","toID":"1327552","formEdgeID":null}],"locutions":[]}