{"nodes":[{"nodeID":"1325498","text":"Boris Johson spoke to one person and they said can you give money to my constituency","type":"I","timestamp":"2023-11-09 13:31:32"},{"nodeID":"1325499","text":"Olivia Utley: He spoke to one person and they said can you give money to my constituency","type":"L","timestamp":"2023-11-09 13:31:32"},{"nodeID":"1325500","text":"Analysing","type":"YA","timestamp":"2023-11-09 13:31:32"},{"nodeID":"1325501","text":"Joanna: Olivia Utley: He spoke to one person and they said can you give money to my constituency","type":"L","timestamp":"2023-11-09 13:31:32"},{"nodeID":"1325502","text":"Asserting","type":"YA","timestamp":"2023-11-09 13:31:32"},{"nodeID":"1325503","text":"Boris Johnson said yes to giving money to that person constituency and then cuts tax here","type":"I","timestamp":"2023-11-09 13:31:32"},{"nodeID":"1325504","text":"Olivia Utley:  he said yes then tax cuts here","type":"L","timestamp":"2023-11-09 13:31:32"},{"nodeID":"1325505","text":"Analysing","type":"YA","timestamp":"2023-11-09 13:31:32"},{"nodeID":"1325506","text":"Joanna: Olivia Utley:  he said yes then tax cuts here","type":"L","timestamp":"2023-11-09 13:31:32"},{"nodeID":"1325507","text":"Asserting","type":"YA","timestamp":"2023-11-09 13:31:32"},{"nodeID":"1325508","text":"Default Transition","type":"TA","timestamp":"2023-11-09 13:31:32"},{"nodeID":"1325509","text":"Boris Johnson wanted to please everyone all the time","type":"I","timestamp":"2023-11-09 13:31:33"},{"nodeID":"1325510","text":"Olivia Utley: He wanted to please everyone all the time","type":"L","timestamp":"2023-11-09 13:31:33"},{"nodeID":"1325511","text":"Analysing","type":"YA","timestamp":"2023-11-09 13:31:33"},{"nodeID":"1325512","text":"Joanna: Olivia Utley: He wanted to please everyone all the time","type":"L","timestamp":"2023-11-09 13:31:33"},{"nodeID":"1325513","text":"Asserting","type":"YA","timestamp":"2023-11-09 13:31:33"},{"nodeID":"1325514","text":"Default Transition","type":"TA","timestamp":"2023-11-09 13:31:33"},{"nodeID":"1325515","text":"Default Inference","type":"RA","timestamp":"2023-11-09 13:31:33"},{"nodeID":"1325516","text":"Default Transition","type":"TA","timestamp":"2023-11-09 13:31:33"},{"nodeID":"1325517","text":"Arguing","type":"YA","timestamp":"2023-11-09 13:31:33"},{"nodeID":"1325518","text":"Boris Johnson wanting to please everyone all the time ultimately was his undoing","type":"I","timestamp":"2023-11-09 13:31:34"},{"nodeID":"1325519","text":"Olivia Utley: That ultimately was his undoing","type":"L","timestamp":"2023-11-09 13:31:34"},{"nodeID":"1325520","text":"Analysing","type":"YA","timestamp":"2023-11-09 13:31:34"},{"nodeID":"1325521","text":"Joanna: Olivia Utley: That ultimately was his undoing","type":"L","timestamp":"2023-11-09 13:31:34"},{"nodeID":"1325522","text":"Asserting","type":"YA","timestamp":"2023-11-09 13:31:34"},{"nodeID":"1325523","text":"Default Transition","type":"TA","timestamp":"2023-11-09 13:31:34"},{"nodeID":"1325524","text":"Default Inference","type":"RA","timestamp":"2023-11-09 13:31:34"},{"nodeID":"1325525","text":"Arguing","type":"YA","timestamp":"2023-11-09 13:31:34"},{"nodeID":"1325526","text":"Olivia Utley is actually excited by this leadership race","type":"I","timestamp":"2023-11-09 13:31:34"},{"nodeID":"1325527","text":"Olivia Utley: I'm actually excited by this leadership race","type":"L","timestamp":"2023-11-09 13:31:34"},{"nodeID":"1325528","text":"Analysing","type":"YA","timestamp":"2023-11-09 13:31:34"},{"nodeID":"1325529","text":"Joanna: Olivia Utley: I'm actually excited by this leadership race","type":"L","timestamp":"2023-11-09 13:31:34"},{"nodeID":"1325530","text":"Asserting","type":"YA","timestamp":"2023-11-09 13:31:34"},{"nodeID":"1325531","text":"Default Transition","type":"TA","timestamp":"2023-11-09 13:31:34"},{"nodeID":"1325532","text":"you have got quite a lot of interesting, young candidates, pushing forward quite bold new ideas in the leadership race","type":"I","timestamp":"2023-11-09 13:31:35"},{"nodeID":"1325533","text":"Olivia Utley: you have got quite a lot of interesting, young candidates, pushing forward quite bold new ideas","type":"L","timestamp":"2023-11-09 13:31:35"},{"nodeID":"1325534","text":"Analysing","type":"YA","timestamp":"2023-11-09 13:31:35"},{"nodeID":"1325535","text":"Joanna: Olivia Utley: you have got quite a lot of interesting, young candidates, pushing forward quite bold new ideas","type":"L","timestamp":"2023-11-09 13:31:35"},{"nodeID":"1325536","text":"Asserting","type":"YA","timestamp":"2023-11-09 13:31:35"},{"nodeID":"1325537","text":"Default Transition","type":"TA","timestamp":"2023-11-09 13:31:35"},{"nodeID":"1325538","text":"Default Inference","type":"RA","timestamp":"2023-11-09 13:31:35"},{"nodeID":"1325539","text":"there are too many of the candidates in the leadership race offering tax cuts which are unfunded","type":"I","timestamp":"2023-11-09 13:31:35"},{"nodeID":"1325540","text":"Olivia Utley: there are too many of them offering tax cuts which are unfunded","type":"L","timestamp":"2023-11-09 13:31:35"},{"nodeID":"1325541","text":"Analysing","type":"YA","timestamp":"2023-11-09 13:31:35"},{"nodeID":"1325542","text":"Joanna: Olivia Utley: there are too many of them offering tax cuts which are unfunded","type":"L","timestamp":"2023-11-09 13:31:35"},{"nodeID":"1325543","text":"Asserting","type":"YA","timestamp":"2023-11-09 13:31:35"},{"nodeID":"1325544","text":"Default Transition","type":"TA","timestamp":"2023-11-09 13:31:35"},{"nodeID":"1325545","text":"Default Conflict","type":"CA","timestamp":"2023-11-09 13:31:35"},{"nodeID":"1325546","text":"Disagreeing","type":"YA","timestamp":"2023-11-09 13:31:35"},{"nodeID":"1325547","text":"Olivia Utley would love tax cuts as much as the next person","type":"I","timestamp":"2023-11-09 13:31:36"},{"nodeID":"1325548","text":"Olivia Utley: I would love tax cuts as much as the next person","type":"L","timestamp":"2023-11-09 13:31:36"},{"nodeID":"1325549","text":"Analysing","type":"YA","timestamp":"2023-11-09 13:31:36"},{"nodeID":"1325550","text":"Joanna: Olivia Utley: I would love tax cuts as much as the next person","type":"L","timestamp":"2023-11-09 13:31:36"},{"nodeID":"1325551","text":"Asserting","type":"YA","timestamp":"2023-11-09 13:31:36"},{"nodeID":"1325552","text":"Default Transition","type":"TA","timestamp":"2023-11-09 13:31:36"},{"nodeID":"1325553","text":"Default Conflict","type":"CA","timestamp":"2023-11-09 13:31:36"},{"nodeID":"1325554","text":"Disagreeing","type":"YA","timestamp":"2023-11-09 13:31:36"},{"nodeID":"1325555","text":"we do have would work out how we do the tax cuts","type":"I","timestamp":"2023-11-09 13:31:37"},{"nodeID":"1325556","text":"Olivia Utley: We do have would work out how we do that","type":"L","timestamp":"2023-11-09 13:31:37"},{"nodeID":"1325557","text":"Analysing","type":"YA","timestamp":"2023-11-09 13:31:37"},{"nodeID":"1325558","text":"Joanna: Olivia Utley: We do have would work out how we do that","type":"L","timestamp":"2023-11-09 13:31:37"},{"nodeID":"1325559","text":"Asserting","type":"YA","timestamp":"2023-11-09 13:31:37"},{"nodeID":"1325560","text":"Default Transition","type":"TA","timestamp":"2023-11-09 13:31:37"},{"nodeID":"1325561","text":"Default Inference","type":"RA","timestamp":"2023-11-09 13:31:37"},{"nodeID":"1325562","text":"Arguing","type":"YA","timestamp":"2023-11-09 13:31:37"},{"nodeID":"1325563","text":"if these leadership contenders have defended Boris Johnson we can trust them in a way xxx","type":"I","timestamp":"2023-11-09 13:31:37"},{"nodeID":"1325564","text":"Fiona Bruce: if these leadership contenders have defended Boris Johnson how can we trust them","type":"L","timestamp":"2023-11-09 13:31:37"},{"nodeID":"1325565","text":"Analysing","type":"YA","timestamp":"2023-11-09 13:31:37"},{"nodeID":"1325566","text":"Joanna: Fiona Bruce: if these leadership contenders have defended Boris Johnson how can we trust them","type":"L","timestamp":"2023-11-09 13:31:37"},{"nodeID":"1325567","text":"Pure Questioning","type":"YA","timestamp":"2023-11-09 13:31:37"},{"nodeID":"1325568","text":"Default Transition","type":"TA","timestamp":"2023-11-09 13:31:37"},{"nodeID":"1325569","text":"trusting the leadership contenders who have defended Boris Johnson is difficult","type":"I","timestamp":"2023-11-09 13:31:38"},{"nodeID":"1325570","text":"Olivia Utley: It's difficult","type":"L","timestamp":"2023-11-09 13:31:38"},{"nodeID":"1325571","text":"Analysing","type":"YA","timestamp":"2023-11-09 13:31:38"},{"nodeID":"1325572","text":"Joanna: Olivia Utley: It's difficult","type":"L","timestamp":"2023-11-09 13:31:38"},{"nodeID":"1325573","text":"Asserting","type":"YA","timestamp":"2023-11-09 13:31:38"},{"nodeID":"1325574","text":"Default Transition","type":"TA","timestamp":"2023-11-09 13:31:38"},{"nodeID":"1325575","text":"Default Rephrase","type":"MA","timestamp":"2023-11-09 13:31:38"},{"nodeID":"1325576","text":"Default Illocuting","type":"YA","timestamp":"2023-11-09 13:31:38"},{"nodeID":"1325577","text":"unseating an elected Prime Minister after 2.5 years is a big decision","type":"I","timestamp":"2023-11-09 13:31:38"},{"nodeID":"1325578","text":"Olivia Utley: unseating an elected Prime Minister after 2.5 years is a big decision","type":"L","timestamp":"2023-11-09 13:31:38"},{"nodeID":"1325579","text":"Analysing","type":"YA","timestamp":"2023-11-09 13:31:38"},{"nodeID":"1325580","text":"Joanna: Olivia Utley: unseating an elected Prime Minister after 2.5 years is a big decision","type":"L","timestamp":"2023-11-09 13:31:38"},{"nodeID":"1325581","text":"Bim Afolami: unseating an elected Prime Minister after 2.5 years is a big decision","type":"L","timestamp":"2023-11-09 13:31:38"},{"nodeID":"1325582","text":"Analysing","type":"YA","timestamp":"2023-11-09 13:31:38"},{"nodeID":"1325583","text":"Joanna: Bim Afolami: unseating an elected Prime Minister after 2.5 years is a big decision","type":"L","timestamp":"2023-11-09 13:31:38"},{"nodeID":"1325584","text":"Asserting","type":"YA","timestamp":"2023-11-09 13:31:38"},{"nodeID":"1325585","text":"Asserting","type":"YA","timestamp":"2023-11-09 13:31:38"},{"nodeID":"1325586","text":"what a lot of those MPs and ministers were doing was thinking what's the right thing to do here","type":"I","timestamp":"2023-11-09 13:31:39"},{"nodeID":"1325587","text":"Olivia Utley: what a lot of those MPs and ministers were doing was thinking what's the right thing to do here","type":"L","timestamp":"2023-11-09 13:31:39"},{"nodeID":"1325588","text":"Analysing","type":"YA","timestamp":"2023-11-09 13:31:39"},{"nodeID":"1325589","text":"Joanna: Olivia Utley: what a lot of those MPs and ministers were doing was thinking what's the right thing to do here","type":"L","timestamp":"2023-11-09 13:31:39"},{"nodeID":"1325590","text":"Asserting","type":"YA","timestamp":"2023-11-09 13:31:39"},{"nodeID":"1325591","text":"Default Transition","type":"TA","timestamp":"2023-11-09 13:31:39"},{"nodeID":"1325592","text":"MPs came to the decision and maybe the decision to unseat an elected Prime Minister took a little bit too long","type":"I","timestamp":"2023-11-09 13:31:40"},{"nodeID":"1325593","text":"Olivia Utley: They came to the decision and maybe it took a little bit too long","type":"L","timestamp":"2023-11-09 13:31:40"},{"nodeID":"1325594","text":"Analysing","type":"YA","timestamp":"2023-11-09 13:31:40"},{"nodeID":"1325595","text":"Joanna: Olivia Utley: They came to the decision and maybe it took a little bit too long","type":"L","timestamp":"2023-11-09 13:31:40"},{"nodeID":"1325596","text":"Asserting","type":"YA","timestamp":"2023-11-09 13:31:40"},{"nodeID":"1325597","text":"Default Transition","type":"TA","timestamp":"2023-11-09 13:31:40"},{"nodeID":"1325598","text":"MPs were worried about the democratic consequences and their own seats","type":"I","timestamp":"2023-11-09 13:31:40"},{"nodeID":"1325599","text":"Olivia Utley: they were worried about the democratic consequences and their own seats","type":"L","timestamp":"2023-11-09 13:31:40"},{"nodeID":"1325600","text":"Analysing","type":"YA","timestamp":"2023-11-09 13:31:40"},{"nodeID":"1325601","text":"Joanna: Olivia Utley: they were worried about the democratic consequences and their own seats","type":"L","timestamp":"2023-11-09 13:31:40"},{"nodeID":"1325602","text":"Asserting","type":"YA","timestamp":"2023-11-09 13:31:40"},{"nodeID":"1325603","text":"Default Transition","type":"TA","timestamp":"2023-11-09 13:31:40"},{"nodeID":"1325604","text":"ultimately democracy worked","type":"I","timestamp":"2023-11-09 13:31:41"},{"nodeID":"1325605","text":"Olivia Utley: ultimately democracy worked","type":"L","timestamp":"2023-11-09 13:31:41"},{"nodeID":"1325606","text":"Analysing","type":"YA","timestamp":"2023-11-09 13:31:41"},{"nodeID":"1325607","text":"Joanna: Olivia Utley: ultimately democracy worked","type":"L","timestamp":"2023-11-09 13:31:41"},{"nodeID":"1325608","text":"Asserting","type":"YA","timestamp":"2023-11-09 13:31:41"},{"nodeID":"1325609","text":"Default Transition","type":"TA","timestamp":"2023-11-09 13:31:41"},{"nodeID":"1325610","text":"Default Inference","type":"RA","timestamp":"2023-11-09 13:31:41"},{"nodeID":"1325611","text":"we got Boris Johnson out who clearly wasn't suited to the job","type":"I","timestamp":"2023-11-09 13:31:41"},{"nodeID":"1325612","text":"Olivia Utley: We got the man out who clearly wasn't suited to the job","type":"L","timestamp":"2023-11-09 13:31:41"},{"nodeID":"1325613","text":"Analysing","type":"YA","timestamp":"2023-11-09 13:31:41"},{"nodeID":"1325614","text":"Joanna: Olivia Utley: We got the man out who clearly wasn't suited to the job","type":"L","timestamp":"2023-11-09 13:31:41"},{"nodeID":"1325615","text":"Asserting","type":"YA","timestamp":"2023-11-09 13:31:41"},{"nodeID":"1325616","text":"Default Transition","type":"TA","timestamp":"2023-11-09 13:31:41"},{"nodeID":"1325617","text":"Default Inference","type":"RA","timestamp":"2023-11-09 13:31:41"},{"nodeID":"1325618","text":"we now have a raft of new leadership contenders from diverse backgrounds, and as Olivia Utley says young, interesting, offering something different for the country","type":"I","timestamp":"2023-11-09 13:31:42"},{"nodeID":"1325619","text":"Olivia Utley: we now have a raft of new leadership contenders from diverse backgrounds, and as I say young, interesting, offering something different for the country","type":"L","timestamp":"2023-11-09 13:31:42"},{"nodeID":"1325620","text":"Analysing","type":"YA","timestamp":"2023-11-09 13:31:42"},{"nodeID":"1325621","text":"Joanna: Olivia Utley: we now have a raft of new leadership contenders from diverse backgrounds, and as I say young, interesting, offering something different for the country","type":"L","timestamp":"2023-11-09 13:31:42"},{"nodeID":"1325622","text":"Asserting","type":"YA","timestamp":"2023-11-09 13:31:42"},{"nodeID":"1325623","text":"Default Transition","type":"TA","timestamp":"2023-11-09 13:31:42"},{"nodeID":"1325624","text":"Default Rephrase","type":"MA","timestamp":"2023-11-09 13:31:42"},{"nodeID":"1325625","text":"Default Transition","type":"TA","timestamp":"2023-11-09 13:31:42"},{"nodeID":"1325626","text":"Restating","type":"YA","timestamp":"2023-11-09 13:31:42"},{"nodeID":"1325627","text":"it will take a while to restore faith in the Conservative Party","type":"I","timestamp":"2023-11-09 13:31:42"},{"nodeID":"1325628","text":"Olivia Utley: it will take a while to restore faith in the Conservative Party","type":"L","timestamp":"2023-11-09 13:31:42"},{"nodeID":"1325629","text":"Analysing","type":"YA","timestamp":"2023-11-09 13:31:42"},{"nodeID":"1325630","text":"Joanna: Olivia Utley: it will take a while to restore faith in the Conservative Party","type":"L","timestamp":"2023-11-09 13:31:42"},{"nodeID":"1325631","text":"Asserting","type":"YA","timestamp":"2023-11-09 13:31:42"},{"nodeID":"1325632","text":"Default Transition","type":"TA","timestamp":"2023-11-09 13:31:42"},{"nodeID":"1325633","text":"this is democracy working at its best","type":"I","timestamp":"2023-11-09 13:31:43"},{"nodeID":"1325634","text":"Olivia Utley: this is democracy working at its best","type":"L","timestamp":"2023-11-09 13:31:43"},{"nodeID":"1325635","text":"Analysing","type":"YA","timestamp":"2023-11-09 13:31:43"},{"nodeID":"1325636","text":"Joanna: Olivia Utley: this is democracy working at its best","type":"L","timestamp":"2023-11-09 13:31:43"},{"nodeID":"1325637","text":"Asserting","type":"YA","timestamp":"2023-11-09 13:31:43"},{"nodeID":"1325638","text":"Default Transition","type":"TA","timestamp":"2023-11-09 13:31:43"},{"nodeID":"1325639","text":"Default Rephrase","type":"MA","timestamp":"2023-11-09 13:31:43"},{"nodeID":"1325640","text":"Default Transition","type":"TA","timestamp":"2023-11-09 13:31:43"},{"nodeID":"1325641","text":"Default Illocuting","type":"YA","timestamp":"2023-11-09 13:31:43"},{"nodeID":"1325642","text":"Default Rephrase","type":"MA","timestamp":"2023-11-09 13:31:43"},{"nodeID":"1325643","text":"Default Transition","type":"TA","timestamp":"2023-11-09 13:31:43"},{"nodeID":"1325644","text":"Restating","type":"YA","timestamp":"2023-11-09 13:31:43"},{"nodeID":"1325645","text":"Default Inference","type":"RA","timestamp":"2023-11-09 13:31:43"},{"nodeID":"1325646","text":"Default Transition","type":"TA","timestamp":"2023-11-09 13:31:43"},{"nodeID":"1325647","text":"Arguing","type":"YA","timestamp":"2023-11-09 13:31:43"},{"nodeID":"1325648","text":"Default Inference","type":"RA","timestamp":"2023-11-09 13:31:43"},{"nodeID":"1325649","text":"Default Transition","type":"TA","timestamp":"2023-11-09 13:31:43"},{"nodeID":"1325650","text":"Arguing","type":"YA","timestamp":"2023-11-09 13:31:43"},{"nodeID":"1325651","text":"Olivia Utley agrees with what Bim Afolami was saying","type":"I","timestamp":"2023-11-09 13:31:44"},{"nodeID":"1325652","text":"Olivia Utley: I agree with what Bim was saying","type":"L","timestamp":"2023-11-09 13:31:44"},{"nodeID":"1325653","text":"Analysing","type":"YA","timestamp":"2023-11-09 13:31:44"},{"nodeID":"1325654","text":"Joanna: Olivia Utley: I agree with what Bim was saying","type":"L","timestamp":"2023-11-09 13:31:44"},{"nodeID":"1325655","text":"Asserting","type":"YA","timestamp":"2023-11-09 13:31:44"},{"nodeID":"1325656","text":"Default Transition","type":"TA","timestamp":"2023-11-09 13:31:44"},{"nodeID":"1325657","text":"Default Transition","type":"TA","timestamp":"2023-11-09 13:31:44"},{"nodeID":"1325658","text":"Arguing","type":"YA","timestamp":"2023-11-09 13:31:44"}],"edges":[{"edgeID":"1739156","fromID":"1325500","toID":"1325499","formEdgeID":null},{"edgeID":"1739157","fromID":"1325501","toID":"1325500","formEdgeID":null},{"edgeID":"1739158","fromID":"1325499","toID":"1325502","formEdgeID":null},{"edgeID":"1739159","fromID":"1325502","toID":"1325498","formEdgeID":null},{"edgeID":"1739160","fromID":"1325505","toID":"1325504","formEdgeID":null},{"edgeID":"1739161","fromID":"1325506","toID":"1325505","formEdgeID":null},{"edgeID":"1739162","fromID":"1325504","toID":"1325507","formEdgeID":null},{"edgeID":"1739163","fromID":"1325507","toID":"1325503","formEdgeID":null},{"edgeID":"1739164","fromID":"1325499","toID":"1325508","formEdgeID":null},{"edgeID":"1739165","fromID":"1325508","toID":"1325504","formEdgeID":null},{"edgeID":"1739166","fromID":"1325511","toID":"1325510","formEdgeID":null},{"edgeID":"1739167","fromID":"1325512","toID":"1325511","formEdgeID":null},{"edgeID":"1739168","fromID":"1325510","toID":"1325513","formEdgeID":null},{"edgeID":"1739169","fromID":"1325513","toID":"1325509","formEdgeID":null},{"edgeID":"1739170","fromID":"1325504","toID":"1325514","formEdgeID":null},{"edgeID":"1739171","fromID":"1325514","toID":"1325510","formEdgeID":null},{"edgeID":"1739172","fromID":"1325498","toID":"1325515","formEdgeID":null},{"edgeID":"1739173","fromID":"1325515","toID":"1325509","formEdgeID":null},{"edgeID":"1739174","fromID":"1325503","toID":"1325515","formEdgeID":null},{"edgeID":"1739175","fromID":"1325499","toID":"1325516","formEdgeID":null},{"edgeID":"1739176","fromID":"1325516","toID":"1325510","formEdgeID":null},{"edgeID":"1739177","fromID":"1325516","toID":"1325517","formEdgeID":null},{"edgeID":"1739178","fromID":"1325517","toID":"1325515","formEdgeID":null},{"edgeID":"1739179","fromID":"1325520","toID":"1325519","formEdgeID":null},{"edgeID":"1739180","fromID":"1325521","toID":"1325520","formEdgeID":null},{"edgeID":"1739181","fromID":"1325519","toID":"1325522","formEdgeID":null},{"edgeID":"1739182","fromID":"1325522","toID":"1325518","formEdgeID":null},{"edgeID":"1739183","fromID":"1325510","toID":"1325523","formEdgeID":null},{"edgeID":"1739184","fromID":"1325523","toID":"1325519","formEdgeID":null},{"edgeID":"1739185","fromID":"1325509","toID":"1325524","formEdgeID":null},{"edgeID":"1739186","fromID":"1325524","toID":"1325518","formEdgeID":null},{"edgeID":"1739187","fromID":"1325523","toID":"1325525","formEdgeID":null},{"edgeID":"1739188","fromID":"1325525","toID":"1325524","formEdgeID":null},{"edgeID":"1739189","fromID":"1325528","toID":"1325527","formEdgeID":null},{"edgeID":"1739190","fromID":"1325529","toID":"1325528","formEdgeID":null},{"edgeID":"1739191","fromID":"1325527","toID":"1325530","formEdgeID":null},{"edgeID":"1739192","fromID":"1325530","toID":"1325526","formEdgeID":null},{"edgeID":"1739193","fromID":"1325519","toID":"1325531","formEdgeID":null},{"edgeID":"1739194","fromID":"1325531","toID":"1325527","formEdgeID":null},{"edgeID":"1739195","fromID":"1325534","toID":"1325533","formEdgeID":null},{"edgeID":"1739196","fromID":"1325535","toID":"1325534","formEdgeID":null},{"edgeID":"1739197","fromID":"1325533","toID":"1325536","formEdgeID":null},{"edgeID":"1739198","fromID":"1325536","toID":"1325532","formEdgeID":null},{"edgeID":"1739199","fromID":"1325527","toID":"1325537","formEdgeID":null},{"edgeID":"1739200","fromID":"1325537","toID":"1325533","formEdgeID":null},{"edgeID":"1739201","fromID":"1325532","toID":"1325538","formEdgeID":null},{"edgeID":"1739202","fromID":"1325538","toID":"1325526","formEdgeID":null},{"edgeID":"1739203","fromID":"1325541","toID":"1325540","formEdgeID":null},{"edgeID":"1739204","fromID":"1325542","toID":"1325541","formEdgeID":null},{"edgeID":"1739205","fromID":"1325540","toID":"1325543","formEdgeID":null},{"edgeID":"1739206","fromID":"1325543","toID":"1325539","formEdgeID":null},{"edgeID":"1739207","fromID":"1325533","toID":"1325544","formEdgeID":null},{"edgeID":"1739208","fromID":"1325544","toID":"1325540","formEdgeID":null},{"edgeID":"1739209","fromID":"1325539","toID":"1325545","formEdgeID":null},{"edgeID":"1739210","fromID":"1325545","toID":"1325532","formEdgeID":null},{"edgeID":"1739211","fromID":"1325544","toID":"1325546","formEdgeID":null},{"edgeID":"1739212","fromID":"1325546","toID":"1325545","formEdgeID":null},{"edgeID":"1739213","fromID":"1325549","toID":"1325548","formEdgeID":null},{"edgeID":"1739214","fromID":"1325550","toID":"1325549","formEdgeID":null},{"edgeID":"1739215","fromID":"1325548","toID":"1325551","formEdgeID":null},{"edgeID":"1739216","fromID":"1325551","toID":"1325547","formEdgeID":null},{"edgeID":"1739217","fromID":"1325540","toID":"1325552","formEdgeID":null},{"edgeID":"1739218","fromID":"1325552","toID":"1325548","formEdgeID":null},{"edgeID":"1739219","fromID":"1325547","toID":"1325553","formEdgeID":null},{"edgeID":"1739220","fromID":"1325553","toID":"1325539","formEdgeID":null},{"edgeID":"1739221","fromID":"1325552","toID":"1325554","formEdgeID":null},{"edgeID":"1739222","fromID":"1325554","toID":"1325553","formEdgeID":null},{"edgeID":"1739223","fromID":"1325557","toID":"1325556","formEdgeID":null},{"edgeID":"1739224","fromID":"1325558","toID":"1325557","formEdgeID":null},{"edgeID":"1739225","fromID":"1325556","toID":"1325559","formEdgeID":null},{"edgeID":"1739226","fromID":"1325559","toID":"1325555","formEdgeID":null},{"edgeID":"1739227","fromID":"1325548","toID":"1325560","formEdgeID":null},{"edgeID":"1739228","fromID":"1325560","toID":"1325556","formEdgeID":null},{"edgeID":"1739229","fromID":"1325547","toID":"1325561","formEdgeID":null},{"edgeID":"1739230","fromID":"1325561","toID":"1325555","formEdgeID":null},{"edgeID":"1739231","fromID":"1325560","toID":"1325562","formEdgeID":null},{"edgeID":"1739232","fromID":"1325562","toID":"1325561","formEdgeID":null},{"edgeID":"1739233","fromID":"1325565","toID":"1325564","formEdgeID":null},{"edgeID":"1739234","fromID":"1325566","toID":"1325565","formEdgeID":null},{"edgeID":"1739235","fromID":"1325564","toID":"1325567","formEdgeID":null},{"edgeID":"1739236","fromID":"1325567","toID":"1325563","formEdgeID":null},{"edgeID":"1739237","fromID":"1325556","toID":"1325568","formEdgeID":null},{"edgeID":"1739238","fromID":"1325568","toID":"1325564","formEdgeID":null},{"edgeID":"1739239","fromID":"1325571","toID":"1325570","formEdgeID":null},{"edgeID":"1739240","fromID":"1325572","toID":"1325571","formEdgeID":null},{"edgeID":"1739241","fromID":"1325570","toID":"1325573","formEdgeID":null},{"edgeID":"1739242","fromID":"1325573","toID":"1325569","formEdgeID":null},{"edgeID":"1739243","fromID":"1325564","toID":"1325574","formEdgeID":null},{"edgeID":"1739244","fromID":"1325574","toID":"1325570","formEdgeID":null},{"edgeID":"1739245","fromID":"1325569","toID":"1325575","formEdgeID":null},{"edgeID":"1739246","fromID":"1325575","toID":"1325563","formEdgeID":null},{"edgeID":"1739247","fromID":"1325574","toID":"1325576","formEdgeID":null},{"edgeID":"1739248","fromID":"1325576","toID":"1325575","formEdgeID":null},{"edgeID":"1739249","fromID":"1325579","toID":"1325578","formEdgeID":null},{"edgeID":"1739250","fromID":"1325580","toID":"1325579","formEdgeID":null},{"edgeID":"1739251","fromID":"1325582","toID":"1325581","formEdgeID":null},{"edgeID":"1739252","fromID":"1325583","toID":"1325582","formEdgeID":null},{"edgeID":"1739253","fromID":"1325581","toID":"1325584","formEdgeID":null},{"edgeID":"1739254","fromID":"1325584","toID":"1325577","formEdgeID":null},{"edgeID":"1739255","fromID":"1325578","toID":"1325585","formEdgeID":null},{"edgeID":"1739256","fromID":"1325585","toID":"1325581","formEdgeID":null},{"edgeID":"1739257","fromID":"1325588","toID":"1325587","formEdgeID":null},{"edgeID":"1739258","fromID":"1325589","toID":"1325588","formEdgeID":null},{"edgeID":"1739259","fromID":"1325587","toID":"1325590","formEdgeID":null},{"edgeID":"1739260","fromID":"1325590","toID":"1325586","formEdgeID":null},{"edgeID":"1739261","fromID":"1325578","toID":"1325591","formEdgeID":null},{"edgeID":"1739262","fromID":"1325591","toID":"1325587","formEdgeID":null},{"edgeID":"1739263","fromID":"1325594","toID":"1325593","formEdgeID":null},{"edgeID":"1739264","fromID":"1325595","toID":"1325594","formEdgeID":null},{"edgeID":"1739265","fromID":"1325593","toID":"1325596","formEdgeID":null},{"edgeID":"1739266","fromID":"1325596","toID":"1325592","formEdgeID":null},{"edgeID":"1739267","fromID":"1325587","toID":"1325597","formEdgeID":null},{"edgeID":"1739268","fromID":"1325597","toID":"1325593","formEdgeID":null},{"edgeID":"1739269","fromID":"1325600","toID":"1325599","formEdgeID":null},{"edgeID":"1739270","fromID":"1325601","toID":"1325600","formEdgeID":null},{"edgeID":"1739271","fromID":"1325599","toID":"1325602","formEdgeID":null},{"edgeID":"1739272","fromID":"1325602","toID":"1325598","formEdgeID":null},{"edgeID":"1739273","fromID":"1325593","toID":"1325603","formEdgeID":null},{"edgeID":"1739274","fromID":"1325603","toID":"1325599","formEdgeID":null},{"edgeID":"1739275","fromID":"1325606","toID":"1325605","formEdgeID":null},{"edgeID":"1739276","fromID":"1325607","toID":"1325606","formEdgeID":null},{"edgeID":"1739277","fromID":"1325605","toID":"1325608","formEdgeID":null},{"edgeID":"1739278","fromID":"1325608","toID":"1325604","formEdgeID":null},{"edgeID":"1739279","fromID":"1325599","toID":"1325609","formEdgeID":null},{"edgeID":"1739280","fromID":"1325609","toID":"1325605","formEdgeID":null},{"edgeID":"1739281","fromID":"1325598","toID":"1325610","formEdgeID":null},{"edgeID":"1739282","fromID":"1325610","toID":"1325577","formEdgeID":null},{"edgeID":"1739283","fromID":"1325586","toID":"1325610","formEdgeID":null},{"edgeID":"1739284","fromID":"1325592","toID":"1325610","formEdgeID":null},{"edgeID":"1739285","fromID":"1325613","toID":"1325612","formEdgeID":null},{"edgeID":"1739286","fromID":"1325614","toID":"1325613","formEdgeID":null},{"edgeID":"1739287","fromID":"1325612","toID":"1325615","formEdgeID":null},{"edgeID":"1739288","fromID":"1325615","toID":"1325611","formEdgeID":null},{"edgeID":"1739289","fromID":"1325605","toID":"1325616","formEdgeID":null},{"edgeID":"1739290","fromID":"1325616","toID":"1325612","formEdgeID":null},{"edgeID":"1739291","fromID":"1325611","toID":"1325617","formEdgeID":null},{"edgeID":"1739292","fromID":"1325617","toID":"1325604","formEdgeID":null},{"edgeID":"1739293","fromID":"1325620","toID":"1325619","formEdgeID":null},{"edgeID":"1739294","fromID":"1325621","toID":"1325620","formEdgeID":null},{"edgeID":"1739295","fromID":"1325619","toID":"1325622","formEdgeID":null},{"edgeID":"1739296","fromID":"1325622","toID":"1325618","formEdgeID":null},{"edgeID":"1739297","fromID":"1325612","toID":"1325623","formEdgeID":null},{"edgeID":"1739298","fromID":"1325623","toID":"1325619","formEdgeID":null},{"edgeID":"1739299","fromID":"1325618","toID":"1325624","formEdgeID":null},{"edgeID":"1739300","fromID":"1325624","toID":"1325532","formEdgeID":null},{"edgeID":"1739301","fromID":"1325533","toID":"1325625","formEdgeID":null},{"edgeID":"1739302","fromID":"1325625","toID":"1325619","formEdgeID":null},{"edgeID":"1739303","fromID":"1325625","toID":"1325626","formEdgeID":null},{"edgeID":"1739304","fromID":"1325626","toID":"1325624","formEdgeID":null},{"edgeID":"1739305","fromID":"1325629","toID":"1325628","formEdgeID":null},{"edgeID":"1739306","fromID":"1325630","toID":"1325629","formEdgeID":null},{"edgeID":"1739307","fromID":"1325628","toID":"1325631","formEdgeID":null},{"edgeID":"1739308","fromID":"1325631","toID":"1325627","formEdgeID":null},{"edgeID":"1739309","fromID":"1325619","toID":"1325632","formEdgeID":null},{"edgeID":"1739310","fromID":"1325632","toID":"1325628","formEdgeID":null},{"edgeID":"1739311","fromID":"1325635","toID":"1325634","formEdgeID":null},{"edgeID":"1739312","fromID":"1325636","toID":"1325635","formEdgeID":null},{"edgeID":"1739313","fromID":"1325634","toID":"1325637","formEdgeID":null},{"edgeID":"1739314","fromID":"1325637","toID":"1325633","formEdgeID":null},{"edgeID":"1739315","fromID":"1325628","toID":"1325638","formEdgeID":null},{"edgeID":"1739316","fromID":"1325638","toID":"1325634","formEdgeID":null},{"edgeID":"1739317","fromID":"1325627","toID":"1325639","formEdgeID":null},{"edgeID":"1739318","fromID":"1325639","toID":"1325563","formEdgeID":null},{"edgeID":"1739319","fromID":"1325564","toID":"1325640","formEdgeID":null},{"edgeID":"1739320","fromID":"1325640","toID":"1325628","formEdgeID":null},{"edgeID":"1739321","fromID":"1325640","toID":"1325641","formEdgeID":null},{"edgeID":"1739322","fromID":"1325641","toID":"1325639","formEdgeID":null},{"edgeID":"1739323","fromID":"1325633","toID":"1325642","formEdgeID":null},{"edgeID":"1739324","fromID":"1325642","toID":"1325604","formEdgeID":null},{"edgeID":"1739325","fromID":"1325605","toID":"1325643","formEdgeID":null},{"edgeID":"1739326","fromID":"1325643","toID":"1325634","formEdgeID":null},{"edgeID":"1739327","fromID":"1325643","toID":"1325644","formEdgeID":null},{"edgeID":"1739328","fromID":"1325644","toID":"1325642","formEdgeID":null},{"edgeID":"1739329","fromID":"1325611","toID":"1325645","formEdgeID":null},{"edgeID":"1739330","fromID":"1325645","toID":"1325627","formEdgeID":null},{"edgeID":"1739331","fromID":"1325612","toID":"1325646","formEdgeID":null},{"edgeID":"1739332","fromID":"1325646","toID":"1325628","formEdgeID":null},{"edgeID":"1739333","fromID":"1325646","toID":"1325647","formEdgeID":null},{"edgeID":"1739334","fromID":"1325647","toID":"1325645","formEdgeID":null},{"edgeID":"1739335","fromID":"1325618","toID":"1325648","formEdgeID":null},{"edgeID":"1739336","fromID":"1325648","toID":"1325633","formEdgeID":null},{"edgeID":"1739337","fromID":"1325619","toID":"1325649","formEdgeID":null},{"edgeID":"1739338","fromID":"1325649","toID":"1325634","formEdgeID":null},{"edgeID":"1739339","fromID":"1325649","toID":"1325650","formEdgeID":null},{"edgeID":"1739340","fromID":"1325650","toID":"1325648","formEdgeID":null},{"edgeID":"1739341","fromID":"1325653","toID":"1325652","formEdgeID":null},{"edgeID":"1739342","fromID":"1325654","toID":"1325653","formEdgeID":null},{"edgeID":"1739343","fromID":"1325652","toID":"1325655","formEdgeID":null},{"edgeID":"1739344","fromID":"1325655","toID":"1325651","formEdgeID":null},{"edgeID":"1739345","fromID":"1325570","toID":"1325656","formEdgeID":null},{"edgeID":"1739346","fromID":"1325656","toID":"1325652","formEdgeID":null},{"edgeID":"1739347","fromID":"1325652","toID":"1325657","formEdgeID":null},{"edgeID":"1739348","fromID":"1325657","toID":"1325578","formEdgeID":null},{"edgeID":"1739349","fromID":"1325603","toID":"1325658","formEdgeID":null},{"edgeID":"1739350","fromID":"1325658","toID":"1325610","formEdgeID":null}],"locutions":[]}