{"nodes":[{"nodeID":"1324953","text":"Chris Bryant doesn't think Boris Johnson has the big calls right either","type":"I","timestamp":"2023-11-09 13:30:45"},{"nodeID":"1324954","text":"Chris Bryant: I don't think he has the big calls right. Either.","type":"L","timestamp":"2023-11-09 13:30:45"},{"nodeID":"1324955","text":"Analysing","type":"YA","timestamp":"2023-11-09 13:30:45"},{"nodeID":"1324956","text":"Anon: Chris Bryant: I don't think he has the big calls right. Either.","type":"L","timestamp":"2023-11-09 13:30:45"},{"nodeID":"1324957","text":"Asserting","type":"YA","timestamp":"2023-11-09 13:30:45"},{"nodeID":"1324958","text":"France, Germany Italy Spain, perhaps Sweden and Singapore have all done a faster vaccination process than UK has","type":"I","timestamp":"2023-11-09 13:30:46"},{"nodeID":"1324959","text":"Chris Bryant: Actually, France, Germany Italy Spain, and I think Sweden and Singapore have all done a faster vaccination process than we have","type":"L","timestamp":"2023-11-09 13:30:46"},{"nodeID":"1324960","text":"Analysing","type":"YA","timestamp":"2023-11-09 13:30:46"},{"nodeID":"1324961","text":"Anon: Chris Bryant: Actually, France, Germany Italy Spain, and I think Sweden and Singapore have all done a faster vaccination process than we have","type":"L","timestamp":"2023-11-09 13:30:46"},{"nodeID":"1324962","text":"Asserting","type":"YA","timestamp":"2023-11-09 13:30:46"},{"nodeID":"1324963","text":"Boris Johnson earlier this year was saying inflation was not something to be worried about","type":"I","timestamp":"2023-11-09 13:30:47"},{"nodeID":"1324964","text":"Chris Bryant: Boris Johnson earlier this year was saying inflation was not something to be worried about","type":"L","timestamp":"2023-11-09 13:30:47"},{"nodeID":"1324965","text":"Analysing","type":"YA","timestamp":"2023-11-09 13:30:47"},{"nodeID":"1324966","text":"Anon: Chris Bryant: Boris Johnson earlier this year was saying inflation was not something to be worried about","type":"L","timestamp":"2023-11-09 13:30:47"},{"nodeID":"1324967","text":"Asserting","type":"YA","timestamp":"2023-11-09 13:30:47"},{"nodeID":"1324968","text":"look what's happening in the country due to inflation","type":"I","timestamp":"2023-11-09 13:30:47"},{"nodeID":"1324969","text":"Chris Bryant: Look what's happening in the country","type":"L","timestamp":"2023-11-09 13:30:47"},{"nodeID":"1324970","text":"Analysing","type":"YA","timestamp":"2023-11-09 13:30:47"},{"nodeID":"1324971","text":"Anon: Chris Bryant: Look what's happening in the country","type":"L","timestamp":"2023-11-09 13:30:47"},{"nodeID":"1324972","text":"Asserting","type":"YA","timestamp":"2023-11-09 13:30:47"},{"nodeID":"1324973","text":"the Prime Minister last year said we we were not going to see tanks rolling across Europe again","type":"I","timestamp":"2023-11-09 13:30:48"},{"nodeID":"1324974","text":"Chris Bryant: The Prime Minister last year said we we were not going to see tanks rolling across Europe again","type":"L","timestamp":"2023-11-09 13:30:48"},{"nodeID":"1324975","text":"Analysing","type":"YA","timestamp":"2023-11-09 13:30:48"},{"nodeID":"1324976","text":"Anon: Chris Bryant: The Prime Minister last year said we we were not going to see tanks rolling across Europe again","type":"L","timestamp":"2023-11-09 13:30:48"},{"nodeID":"1324977","text":"Asserting","type":"YA","timestamp":"2023-11-09 13:30:48"},{"nodeID":"1324978","text":"look what's happened in Ukraine in terms of armed conflicts","type":"I","timestamp":"2023-11-09 13:30:48"},{"nodeID":"1324979","text":"Chris Bryant: look what's happened in Ukraine","type":"L","timestamp":"2023-11-09 13:30:48"},{"nodeID":"1324980","text":"Analysing","type":"YA","timestamp":"2023-11-09 13:30:48"},{"nodeID":"1324981","text":"Anon: Chris Bryant: look what's happened in Ukraine","type":"L","timestamp":"2023-11-09 13:30:48"},{"nodeID":"1324982","text":"Asserting","type":"YA","timestamp":"2023-11-09 13:30:48"},{"nodeID":"1324983","text":"Chris Bryant is very critical of Boris Johnson","type":"I","timestamp":"2023-11-09 13:30:49"},{"nodeID":"1324984","text":"Chris Bryant: For that matter I am very critical of Boris Johnson","type":"L","timestamp":"2023-11-09 13:30:49"},{"nodeID":"1324985","text":"Analysing","type":"YA","timestamp":"2023-11-09 13:30:49"},{"nodeID":"1324986","text":"Anon: Chris Bryant: For that matter I am very critical of Boris Johnson","type":"L","timestamp":"2023-11-09 13:30:49"},{"nodeID":"1324987","text":"Asserting","type":"YA","timestamp":"2023-11-09 13:30:49"},{"nodeID":"1324988","text":"Chris Bryant doesn't think Boris Johnson has done well with Ukraine at all","type":"I","timestamp":"2023-11-09 13:30:49"},{"nodeID":"1324989","text":"Chris Bryant: I don't think he has done well with Ukraine at all","type":"L","timestamp":"2023-11-09 13:30:49"},{"nodeID":"1324990","text":"Analysing","type":"YA","timestamp":"2023-11-09 13:30:49"},{"nodeID":"1324991","text":"Anon: Chris Bryant: I don't think he has done well with Ukraine at all","type":"L","timestamp":"2023-11-09 13:30:49"},{"nodeID":"1324992","text":"Asserting","type":"YA","timestamp":"2023-11-09 13:30:49"},{"nodeID":"1324993","text":"ever since 2014 the Conservative Party have refused to deal with Russian money","type":"I","timestamp":"2023-11-09 13:30:50"},{"nodeID":"1324994","text":"Chris Bryant: ever since 2014 and the Conservative Party they have refused to deal with Russian money","type":"L","timestamp":"2023-11-09 13:30:50"},{"nodeID":"1324995","text":"Analysing","type":"YA","timestamp":"2023-11-09 13:30:50"},{"nodeID":"1324996","text":"Anon: Chris Bryant: ever since 2014 and the Conservative Party they have refused to deal with Russian money","type":"L","timestamp":"2023-11-09 13:30:50"},{"nodeID":"1324997","text":"Asserting","type":"YA","timestamp":"2023-11-09 13:30:50"},{"nodeID":"1324998","text":"we are tonight in the far south-west of England, and being here feels completely different to Westminster","type":"I","timestamp":"2023-11-09 13:30:51"},{"nodeID":"1324999","text":"AudienceMember 20220721QT07: I want to pick up a point you raised at the very beginning about being in the far south-west of England, and being feeling completely different to Westminster","type":"L","timestamp":"2023-11-09 13:30:51"},{"nodeID":"1325000","text":"Analysing","type":"YA","timestamp":"2023-11-09 13:30:51"},{"nodeID":"1325001","text":"Anon: AudienceMember 20220721QT07: I want to pick up a point you raised at the very beginning about being in the far south-west of England, and being feeling completely different to Westminster","type":"L","timestamp":"2023-11-09 13:30:51"},{"nodeID":"1325002","text":"AudienceMember 20220721QT07 has a feeling that we have been left behind","type":"I","timestamp":"2023-11-09 13:30:51"},{"nodeID":"1325003","text":"Chris Bryant: there's something for me a feeling that we have been left behind","type":"L","timestamp":"2023-11-09 13:30:51"},{"nodeID":"1325004","text":"Analysing","type":"YA","timestamp":"2023-11-09 13:30:51"},{"nodeID":"1325005","text":"Anon: Chris Bryant: there's something for me a feeling that we have been left behind","type":"L","timestamp":"2023-11-09 13:30:51"},{"nodeID":"1325006","text":"Asserting","type":"YA","timestamp":"2023-11-09 13:30:51"},{"nodeID":"1325007","text":"we were affected by Brexit by not getting the grants from to do with agriculture and farming","type":"I","timestamp":"2023-11-09 13:30:52"},{"nodeID":"1325008","text":"AudienceMember 20220721QT07: We were affected by Brexit by not getting the grants from to do with agriculture and farming","type":"L","timestamp":"2023-11-09 13:30:52"},{"nodeID":"1325009","text":"Analysing","type":"YA","timestamp":"2023-11-09 13:30:52"},{"nodeID":"1325010","text":"Anon: AudienceMember 20220721QT07: We were affected by Brexit by not getting the grants from to do with agriculture and farming","type":"L","timestamp":"2023-11-09 13:30:52"},{"nodeID":"1325011","text":"Asserting","type":"YA","timestamp":"2023-11-09 13:30:52"},{"nodeID":"1325012","text":"we are part of England, we are part of a wider system","type":"I","timestamp":"2023-11-09 13:30:52"},{"nodeID":"1325013","text":"AudienceMember 20220721QT07: we are part of England, we are part of a wider system","type":"L","timestamp":"2023-11-09 13:30:52"},{"nodeID":"1325014","text":"Analysing","type":"YA","timestamp":"2023-11-09 13:30:52"},{"nodeID":"1325015","text":"Anon: AudienceMember 20220721QT07: we are part of England, we are part of a wider system","type":"L","timestamp":"2023-11-09 13:30:52"},{"nodeID":"1325016","text":"Asserting","type":"YA","timestamp":"2023-11-09 13:30:52"},{"nodeID":"1325017","text":"fisheries was a big issue","type":"I","timestamp":"2023-11-09 13:30:53"},{"nodeID":"1325018","text":"AudienceMember 20220721QT07: fisheries was a big issue","type":"L","timestamp":"2023-11-09 13:30:53"},{"nodeID":"1325019","text":"Analysing","type":"YA","timestamp":"2023-11-09 13:30:53"},{"nodeID":"1325020","text":"Anon: AudienceMember 20220721QT07: fisheries was a big issue","type":"L","timestamp":"2023-11-09 13:30:53"},{"nodeID":"1325021","text":"Asserting","type":"YA","timestamp":"2023-11-09 13:30:53"},{"nodeID":"1325022","text":"we have been promised things time and time again about better transport link","type":"I","timestamp":"2023-11-09 13:30:53"},{"nodeID":"1325023","text":"AudienceMember 20220721QT07: we have been promised things time and time again about better transport link","type":"L","timestamp":"2023-11-09 13:30:53"},{"nodeID":"1325024","text":"Analysing","type":"YA","timestamp":"2023-11-09 13:30:53"},{"nodeID":"1325025","text":"Anon: AudienceMember 20220721QT07: we have been promised things time and time again about better transport link","type":"L","timestamp":"2023-11-09 13:30:53"},{"nodeID":"1325026","text":"Asserting","type":"YA","timestamp":"2023-11-09 13:30:53"},{"nodeID":"1325027","text":"we will lose that link along the estuary if it rains again","type":"I","timestamp":"2023-11-09 13:30:54"},{"nodeID":"1325028","text":"AudienceMember 20220721QT07: God help us if it rains again because we will lose that link along the estuary","type":"L","timestamp":"2023-11-09 13:30:54"},{"nodeID":"1325029","text":"Analysing","type":"YA","timestamp":"2023-11-09 13:30:54"},{"nodeID":"1325030","text":"Anon: AudienceMember 20220721QT07: God help us if it rains again because we will lose that link along the estuary","type":"L","timestamp":"2023-11-09 13:30:54"},{"nodeID":"1325031","text":"Asserting","type":"YA","timestamp":"2023-11-09 13:30:54"},{"nodeID":"1325032","text":"we deserve better transport links","type":"I","timestamp":"2023-11-09 13:30:55"},{"nodeID":"1325033","text":"AudienceMember 20220721QT07: Better transport links","type":"L","timestamp":"2023-11-09 13:30:55"},{"nodeID":"1325034","text":"Analysing","type":"YA","timestamp":"2023-11-09 13:30:55"},{"nodeID":"1325035","text":"Anon: AudienceMember 20220721QT07: Better transport links","type":"L","timestamp":"2023-11-09 13:30:55"},{"nodeID":"1325036","text":"Asserting","type":"YA","timestamp":"2023-11-09 13:30:55"},{"nodeID":"1325037","text":"Default Inference","type":"RA","timestamp":"2023-11-09 13:30:55"},{"nodeID":"1325038","text":"Default Transition","type":"TA","timestamp":"2023-11-09 13:30:55"},{"nodeID":"1325039","text":"Default Conflict","type":"CA","timestamp":"2023-11-09 13:30:55"},{"nodeID":"1325040","text":"Disagreeing","type":"YA","timestamp":"2023-11-09 13:30:55"},{"nodeID":"1325041","text":"Default Transition","type":"TA","timestamp":"2023-11-09 13:30:55"},{"nodeID":"1325042","text":"Default Conflict","type":"CA","timestamp":"2023-11-09 13:30:55"},{"nodeID":"1325043","text":"Disagreeing","type":"YA","timestamp":"2023-11-09 13:30:55"},{"nodeID":"1325044","text":"Default Transition","type":"TA","timestamp":"2023-11-09 13:30:55"},{"nodeID":"1325045","text":"Arguing","type":"YA","timestamp":"2023-11-09 13:30:55"},{"nodeID":"1325046","text":"Default Transition","type":"TA","timestamp":"2023-11-09 13:30:55"},{"nodeID":"1325047","text":"Default Transition","type":"TA","timestamp":"2023-11-09 13:30:55"},{"nodeID":"1325048","text":"Default Inference","type":"RA","timestamp":"2023-11-09 13:30:55"},{"nodeID":"1325049","text":"Default Rephrase","type":"MA","timestamp":"2023-11-09 13:30:55"},{"nodeID":"1325050","text":"Default Transition","type":"TA","timestamp":"2023-11-09 13:30:55"},{"nodeID":"1325051","text":"Restating","type":"YA","timestamp":"2023-11-09 13:30:55"},{"nodeID":"1325052","text":"Arguing","type":"YA","timestamp":"2023-11-09 13:30:55"},{"nodeID":"1325053","text":"Default Transition","type":"TA","timestamp":"2023-11-09 13:30:55"},{"nodeID":"1325054","text":"Chris Bryant: we are tonight in the far south-west of England, and being here feels completely different to Westminster","type":"L","timestamp":"2023-11-09 13:30:55"},{"nodeID":"1325055","text":"Analysing","type":"YA","timestamp":"2023-11-09 13:30:55"},{"nodeID":"1325056","text":"Anon: Chris Bryant: I want to pick up a point you raised at the very beginning about being in the far south-west of England, and being feeling completely different to Westminster","type":"L","timestamp":"2023-11-09 13:30:55"},{"nodeID":"1325057","text":"Asserting","type":"YA","timestamp":"2023-11-09 13:30:55"},{"nodeID":"1325058","text":"Asserting","type":"YA","timestamp":"2023-11-09 13:30:55"},{"nodeID":"1325059","text":"Default Transition","type":"TA","timestamp":"2023-11-09 13:30:55"},{"nodeID":"1325060","text":"Agreeing","type":"YA","timestamp":"2023-11-09 13:30:55"},{"nodeID":"1325061","text":"Default Transition","type":"TA","timestamp":"2023-11-09 13:30:55"},{"nodeID":"1325062","text":"Default Rephrase","type":"MA","timestamp":"2023-11-09 13:30:55"},{"nodeID":"1325063","text":"Restating","type":"YA","timestamp":"2023-11-09 13:30:55"},{"nodeID":"1325064","text":"Default Rephrase","type":"MA","timestamp":"2023-11-09 13:30:55"},{"nodeID":"1325065","text":"Default Transition","type":"TA","timestamp":"2023-11-09 13:30:55"},{"nodeID":"1325066","text":"Restating","type":"YA","timestamp":"2023-11-09 13:30:55"},{"nodeID":"1325067","text":"Default Rephrase","type":"MA","timestamp":"2023-11-09 13:30:55"},{"nodeID":"1325068","text":"Default Transition","type":"TA","timestamp":"2023-11-09 13:30:55"},{"nodeID":"1325069","text":"Restating","type":"YA","timestamp":"2023-11-09 13:30:55"},{"nodeID":"1325070","text":"Default Rephrase","type":"MA","timestamp":"2023-11-09 13:30:55"},{"nodeID":"1325071","text":"Default Transition","type":"TA","timestamp":"2023-11-09 13:30:55"},{"nodeID":"1325072","text":"Restating","type":"YA","timestamp":"2023-11-09 13:30:55"},{"nodeID":"1325073","text":"Default Transition","type":"TA","timestamp":"2023-11-09 13:30:55"},{"nodeID":"1325074","text":"Default Conflict","type":"CA","timestamp":"2023-11-09 13:30:55"},{"nodeID":"1325075","text":"Disagreeing","type":"YA","timestamp":"2023-11-09 13:30:55"},{"nodeID":"1325076","text":"Default Transition","type":"TA","timestamp":"2023-11-09 13:30:55"},{"nodeID":"1325077","text":"Default Inference","type":"RA","timestamp":"2023-11-09 13:30:55"},{"nodeID":"1325078","text":"Default Transition","type":"TA","timestamp":"2023-11-09 13:30:55"},{"nodeID":"1325079","text":"Arguing","type":"YA","timestamp":"2023-11-09 13:30:55"}],"edges":[{"edgeID":"1738518","fromID":"1324955","toID":"1324954","formEdgeID":null},{"edgeID":"1738519","fromID":"1324956","toID":"1324955","formEdgeID":null},{"edgeID":"1738520","fromID":"1324954","toID":"1324957","formEdgeID":null},{"edgeID":"1738521","fromID":"1324957","toID":"1324953","formEdgeID":null},{"edgeID":"1738522","fromID":"1324960","toID":"1324959","formEdgeID":null},{"edgeID":"1738523","fromID":"1324961","toID":"1324960","formEdgeID":null},{"edgeID":"1738524","fromID":"1324959","toID":"1324962","formEdgeID":null},{"edgeID":"1738525","fromID":"1324962","toID":"1324958","formEdgeID":null},{"edgeID":"1738526","fromID":"1324965","toID":"1324964","formEdgeID":null},{"edgeID":"1738527","fromID":"1324966","toID":"1324965","formEdgeID":null},{"edgeID":"1738528","fromID":"1324964","toID":"1324967","formEdgeID":null},{"edgeID":"1738529","fromID":"1324967","toID":"1324963","formEdgeID":null},{"edgeID":"1738530","fromID":"1324970","toID":"1324969","formEdgeID":null},{"edgeID":"1738531","fromID":"1324971","toID":"1324970","formEdgeID":null},{"edgeID":"1738532","fromID":"1324969","toID":"1324972","formEdgeID":null},{"edgeID":"1738533","fromID":"1324972","toID":"1324968","formEdgeID":null},{"edgeID":"1738534","fromID":"1324975","toID":"1324974","formEdgeID":null},{"edgeID":"1738535","fromID":"1324976","toID":"1324975","formEdgeID":null},{"edgeID":"1738536","fromID":"1324974","toID":"1324977","formEdgeID":null},{"edgeID":"1738537","fromID":"1324977","toID":"1324973","formEdgeID":null},{"edgeID":"1738538","fromID":"1324980","toID":"1324979","formEdgeID":null},{"edgeID":"1738539","fromID":"1324981","toID":"1324980","formEdgeID":null},{"edgeID":"1738540","fromID":"1324979","toID":"1324982","formEdgeID":null},{"edgeID":"1738541","fromID":"1324982","toID":"1324978","formEdgeID":null},{"edgeID":"1738542","fromID":"1324985","toID":"1324984","formEdgeID":null},{"edgeID":"1738543","fromID":"1324986","toID":"1324985","formEdgeID":null},{"edgeID":"1738544","fromID":"1324984","toID":"1324987","formEdgeID":null},{"edgeID":"1738545","fromID":"1324987","toID":"1324983","formEdgeID":null},{"edgeID":"1738546","fromID":"1324990","toID":"1324989","formEdgeID":null},{"edgeID":"1738547","fromID":"1324991","toID":"1324990","formEdgeID":null},{"edgeID":"1738548","fromID":"1324989","toID":"1324992","formEdgeID":null},{"edgeID":"1738549","fromID":"1324992","toID":"1324988","formEdgeID":null},{"edgeID":"1738550","fromID":"1324995","toID":"1324994","formEdgeID":null},{"edgeID":"1738551","fromID":"1324996","toID":"1324995","formEdgeID":null},{"edgeID":"1738552","fromID":"1324994","toID":"1324997","formEdgeID":null},{"edgeID":"1738553","fromID":"1324997","toID":"1324993","formEdgeID":null},{"edgeID":"1738554","fromID":"1325000","toID":"1324999","formEdgeID":null},{"edgeID":"1738555","fromID":"1325001","toID":"1325000","formEdgeID":null},{"edgeID":"1738556","fromID":"1325004","toID":"1325003","formEdgeID":null},{"edgeID":"1738557","fromID":"1325005","toID":"1325004","formEdgeID":null},{"edgeID":"1738558","fromID":"1325003","toID":"1325006","formEdgeID":null},{"edgeID":"1738559","fromID":"1325006","toID":"1325002","formEdgeID":null},{"edgeID":"1738560","fromID":"1325009","toID":"1325008","formEdgeID":null},{"edgeID":"1738561","fromID":"1325010","toID":"1325009","formEdgeID":null},{"edgeID":"1738562","fromID":"1325008","toID":"1325011","formEdgeID":null},{"edgeID":"1738563","fromID":"1325011","toID":"1325007","formEdgeID":null},{"edgeID":"1738564","fromID":"1325014","toID":"1325013","formEdgeID":null},{"edgeID":"1738565","fromID":"1325015","toID":"1325014","formEdgeID":null},{"edgeID":"1738566","fromID":"1325013","toID":"1325016","formEdgeID":null},{"edgeID":"1738567","fromID":"1325016","toID":"1325012","formEdgeID":null},{"edgeID":"1738568","fromID":"1325019","toID":"1325018","formEdgeID":null},{"edgeID":"1738569","fromID":"1325020","toID":"1325019","formEdgeID":null},{"edgeID":"1738570","fromID":"1325018","toID":"1325021","formEdgeID":null},{"edgeID":"1738571","fromID":"1325021","toID":"1325017","formEdgeID":null},{"edgeID":"1738572","fromID":"1325024","toID":"1325023","formEdgeID":null},{"edgeID":"1738573","fromID":"1325025","toID":"1325024","formEdgeID":null},{"edgeID":"1738574","fromID":"1325023","toID":"1325026","formEdgeID":null},{"edgeID":"1738575","fromID":"1325026","toID":"1325022","formEdgeID":null},{"edgeID":"1738576","fromID":"1325029","toID":"1325028","formEdgeID":null},{"edgeID":"1738577","fromID":"1325030","toID":"1325029","formEdgeID":null},{"edgeID":"1738578","fromID":"1325028","toID":"1325031","formEdgeID":null},{"edgeID":"1738579","fromID":"1325031","toID":"1325027","formEdgeID":null},{"edgeID":"1738580","fromID":"1325034","toID":"1325033","formEdgeID":null},{"edgeID":"1738581","fromID":"1325035","toID":"1325034","formEdgeID":null},{"edgeID":"1738582","fromID":"1325033","toID":"1325036","formEdgeID":null},{"edgeID":"1738583","fromID":"1325036","toID":"1325032","formEdgeID":null},{"edgeID":"1738584","fromID":"1324958","toID":"1325037","formEdgeID":null},{"edgeID":"1738585","fromID":"1325037","toID":"1324953","formEdgeID":null},{"edgeID":"1738586","fromID":"1324964","toID":"1325038","formEdgeID":null},{"edgeID":"1738587","fromID":"1325038","toID":"1324969","formEdgeID":null},{"edgeID":"1738588","fromID":"1324968","toID":"1325039","formEdgeID":null},{"edgeID":"1738589","fromID":"1325039","toID":"1324963","formEdgeID":null},{"edgeID":"1738590","fromID":"1325038","toID":"1325040","formEdgeID":null},{"edgeID":"1738591","fromID":"1325040","toID":"1325039","formEdgeID":null},{"edgeID":"1738592","fromID":"1324974","toID":"1325041","formEdgeID":null},{"edgeID":"1738593","fromID":"1325041","toID":"1324979","formEdgeID":null},{"edgeID":"1738594","fromID":"1324978","toID":"1325042","formEdgeID":null},{"edgeID":"1738595","fromID":"1325042","toID":"1324973","formEdgeID":null},{"edgeID":"1738596","fromID":"1325041","toID":"1325043","formEdgeID":null},{"edgeID":"1738597","fromID":"1325043","toID":"1325042","formEdgeID":null},{"edgeID":"1738598","fromID":"1324963","toID":"1325037","formEdgeID":null},{"edgeID":"1738599","fromID":"1324973","toID":"1325037","formEdgeID":null},{"edgeID":"1738600","fromID":"1324954","toID":"1325044","formEdgeID":null},{"edgeID":"1738601","fromID":"1325044","toID":"1324974","formEdgeID":null},{"edgeID":"1738602","fromID":"1324964","toID":"1325044","formEdgeID":null},{"edgeID":"1738603","fromID":"1324959","toID":"1325044","formEdgeID":null},{"edgeID":"1738604","fromID":"1325044","toID":"1325045","formEdgeID":null},{"edgeID":"1738605","fromID":"1325045","toID":"1325037","formEdgeID":null},{"edgeID":"1738606","fromID":"1324979","toID":"1325046","formEdgeID":null},{"edgeID":"1738607","fromID":"1325046","toID":"1324984","formEdgeID":null},{"edgeID":"1738608","fromID":"1324984","toID":"1325047","formEdgeID":null},{"edgeID":"1738609","fromID":"1325047","toID":"1324994","formEdgeID":null},{"edgeID":"1738610","fromID":"1324993","toID":"1325048","formEdgeID":null},{"edgeID":"1738611","fromID":"1325048","toID":"1324983","formEdgeID":null},{"edgeID":"1738612","fromID":"1324988","toID":"1325049","formEdgeID":null},{"edgeID":"1738613","fromID":"1325049","toID":"1324978","formEdgeID":null},{"edgeID":"1738614","fromID":"1324979","toID":"1325050","formEdgeID":null},{"edgeID":"1738615","fromID":"1325050","toID":"1324989","formEdgeID":null},{"edgeID":"1738616","fromID":"1325050","toID":"1325051","formEdgeID":null},{"edgeID":"1738617","fromID":"1325051","toID":"1325049","formEdgeID":null},{"edgeID":"1738618","fromID":"1325047","toID":"1325052","formEdgeID":null},{"edgeID":"1738619","fromID":"1325052","toID":"1325048","formEdgeID":null},{"edgeID":"1738620","fromID":"1324989","toID":"1325053","formEdgeID":null},{"edgeID":"1738621","fromID":"1325053","toID":"1324999","formEdgeID":null},{"edgeID":"1738622","fromID":"1325055","toID":"1325054","formEdgeID":null},{"edgeID":"1738623","fromID":"1325056","toID":"1325055","formEdgeID":null},{"edgeID":"1738624","fromID":"1324999","toID":"1325057","formEdgeID":null},{"edgeID":"1738625","fromID":"1325057","toID":"1325054","formEdgeID":null},{"edgeID":"1738626","fromID":"1325054","toID":"1325058","formEdgeID":null},{"edgeID":"1738627","fromID":"1325058","toID":"1324998","formEdgeID":null},{"edgeID":"1738628","fromID":"1324999","toID":"1325059","formEdgeID":null},{"edgeID":"1738629","fromID":"1325059","toID":"1325003","formEdgeID":null},{"edgeID":"1738630","fromID":"1325059","toID":"1325060","formEdgeID":null},{"edgeID":"1738631","fromID":"1325060","toID":"1324998","formEdgeID":null},{"edgeID":"1738632","fromID":"1325003","toID":"1325061","formEdgeID":null},{"edgeID":"1738633","fromID":"1325061","toID":"1325008","formEdgeID":null},{"edgeID":"1738634","fromID":"1325007","toID":"1325062","formEdgeID":null},{"edgeID":"1738635","fromID":"1325062","toID":"1325002","formEdgeID":null},{"edgeID":"1738636","fromID":"1325061","toID":"1325063","formEdgeID":null},{"edgeID":"1738637","fromID":"1325063","toID":"1325062","formEdgeID":null},{"edgeID":"1738638","fromID":"1325017","toID":"1325064","formEdgeID":null},{"edgeID":"1738639","fromID":"1325064","toID":"1325002","formEdgeID":null},{"edgeID":"1738640","fromID":"1325003","toID":"1325065","formEdgeID":null},{"edgeID":"1738641","fromID":"1325065","toID":"1325018","formEdgeID":null},{"edgeID":"1738642","fromID":"1325065","toID":"1325066","formEdgeID":null},{"edgeID":"1738643","fromID":"1325066","toID":"1325064","formEdgeID":null},{"edgeID":"1738644","fromID":"1325022","toID":"1325067","formEdgeID":null},{"edgeID":"1738645","fromID":"1325067","toID":"1325002","formEdgeID":null},{"edgeID":"1738646","fromID":"1325003","toID":"1325068","formEdgeID":null},{"edgeID":"1738647","fromID":"1325068","toID":"1325023","formEdgeID":null},{"edgeID":"1738648","fromID":"1325068","toID":"1325069","formEdgeID":null},{"edgeID":"1738649","fromID":"1325069","toID":"1325067","formEdgeID":null},{"edgeID":"1738650","fromID":"1325027","toID":"1325070","formEdgeID":null},{"edgeID":"1738651","fromID":"1325070","toID":"1325002","formEdgeID":null},{"edgeID":"1738652","fromID":"1325003","toID":"1325071","formEdgeID":null},{"edgeID":"1738653","fromID":"1325071","toID":"1325028","formEdgeID":null},{"edgeID":"1738654","fromID":"1325071","toID":"1325072","formEdgeID":null},{"edgeID":"1738655","fromID":"1325072","toID":"1325070","formEdgeID":null},{"edgeID":"1738656","fromID":"1325023","toID":"1325073","formEdgeID":null},{"edgeID":"1738657","fromID":"1325073","toID":"1325028","formEdgeID":null},{"edgeID":"1738658","fromID":"1325027","toID":"1325074","formEdgeID":null},{"edgeID":"1738659","fromID":"1325074","toID":"1325022","formEdgeID":null},{"edgeID":"1738660","fromID":"1325073","toID":"1325075","formEdgeID":null},{"edgeID":"1738661","fromID":"1325075","toID":"1325074","formEdgeID":null},{"edgeID":"1738662","fromID":"1325028","toID":"1325076","formEdgeID":null},{"edgeID":"1738663","fromID":"1325076","toID":"1325033","formEdgeID":null},{"edgeID":"1738664","fromID":"1325012","toID":"1325077","formEdgeID":null},{"edgeID":"1738665","fromID":"1325077","toID":"1325032","formEdgeID":null},{"edgeID":"1738666","fromID":"1325033","toID":"1325078","formEdgeID":null},{"edgeID":"1738667","fromID":"1325078","toID":"1325013","formEdgeID":null},{"edgeID":"1738668","fromID":"1325078","toID":"1325079","formEdgeID":null},{"edgeID":"1738669","fromID":"1325079","toID":"1325077","formEdgeID":null}],"locutions":[]}