{"nodes":[{"nodeID":"1328786","text":"second homes are obviously a real bad issue in the south west","type":"I","timestamp":"2023-11-09 13:35:59"},{"nodeID":"1328787","text":"AudienceMember 20220721QT32: second homes are obviously a real bad issue in the south west","type":"L","timestamp":"2023-11-09 13:35:59"},{"nodeID":"1328788","text":"Ella: AudienceMember 20220721QT32: second homes are obviously a real bad issue in the south west","type":"L","timestamp":"2023-11-09 13:35:59"},{"nodeID":"1328789","text":"AudienceMember 20220721QT32 understand second homes are a problem in the south west","type":"I","timestamp":"2023-11-09 13:35:59"},{"nodeID":"1328790","text":"AudienceMember 20220721QT32: I totally understand tha","type":"L","timestamp":"2023-11-09 13:35:59"},{"nodeID":"1328791","text":"Ella: AudienceMember 20220721QT32: I totally understand tha","type":"L","timestamp":"2023-11-09 13:35:59"},{"nodeID":"1328792","text":"the planning regime needs to be overhauled to stop the nonsense of development going on in the nimby-ism","type":"I","timestamp":"2023-11-09 13:36:00"},{"nodeID":"1328793","text":"AudienceMember 20220721QT32: doesn't the planning regime need to be overhauled to stop the nonsense of development going on in the nimby-ism","type":"L","timestamp":"2023-11-09 13:36:00"},{"nodeID":"1328794","text":"Ella: AudienceMember 20220721QT32: doesn't the planning regime need to be overhauled to stop the nonsense of development going on in the nimby-ism","type":"L","timestamp":"2023-11-09 13:36:00"},{"nodeID":"1328795","text":"there should or should not be more development","type":"I","timestamp":"2023-11-09 13:36:01"},{"nodeID":"1328796","text":"Ella: Fiona Bruce: Should be more development","type":"L","timestamp":"2023-11-09 13:36:01"},{"nodeID":"1328797","text":"Fiona Bruce: Should be more development","type":"L","timestamp":"2023-11-09 13:36:01"},{"nodeID":"1328798","text":"more development should be allowed","type":"I","timestamp":"2023-11-09 13:36:01"},{"nodeID":"1328799","text":"AudienceMember 20220721QT33: allow more development","type":"L","timestamp":"2023-11-09 13:36:01"},{"nodeID":"1328800","text":"Ella: AudienceMember 20220721QT33: allow more development","type":"L","timestamp":"2023-11-09 13:36:01"},{"nodeID":"1328801","text":"the length of time it takes to get planning for new houses should be shortened","type":"I","timestamp":"2023-11-09 13:36:02"},{"nodeID":"1328802","text":"AudienceMember 20220721QT33: shorten the length of time it takes to get planning for new houses","type":"L","timestamp":"2023-11-09 13:36:02"},{"nodeID":"1328803","text":"Ella: AudienceMember 20220721QT33: shorten the length of time it takes to get planning for new houses","type":"L","timestamp":"2023-11-09 13:36:02"},{"nodeID":"1328804","text":"in Paignton, in the town centre, they are trying to build houses","type":"I","timestamp":"2023-11-09 13:36:02"},{"nodeID":"1328805","text":"AudienceMember 20220721QT34: In Paignton, in the town centre, they are trying to build houses","type":"L","timestamp":"2023-11-09 13:36:02"},{"nodeID":"1328806","text":"Ella: AudienceMember 20220721QT34: In Paignton, in the town centre, they are trying to build houses","type":"L","timestamp":"2023-11-09 13:36:02"},{"nodeID":"1328807","text":"they are using every bit of land","type":"I","timestamp":"2023-11-09 13:36:03"},{"nodeID":"1328808","text":"AudienceMember 20220721QT34: Every bit of land they are","type":"L","timestamp":"2023-11-09 13:36:03"},{"nodeID":"1328809","text":"Ella: AudienceMember 20220721QT34: Every bit of land they are","type":"L","timestamp":"2023-11-09 13:36:03"},{"nodeID":"1328810","text":"they are going to take down a car park in Paignton to build social housing","type":"I","timestamp":"2023-11-09 13:36:04"},{"nodeID":"1328811","text":"AudienceMember 20220721QT34: they are going to take down a car park in Paignton to build social housing","type":"L","timestamp":"2023-11-09 13:36:04"},{"nodeID":"1328812","text":"Ella: AudienceMember 20220721QT34: they are going to take down a car park in Paignton to build social housing","type":"L","timestamp":"2023-11-09 13:36:04"},{"nodeID":"1328813","text":"we have got empty properties in Paignton","type":"I","timestamp":"2023-11-09 13:36:04"},{"nodeID":"1328814","text":"AudienceMember 20220721QT34: We have got empty properties in Paignton","type":"L","timestamp":"2023-11-09 13:36:04"},{"nodeID":"1328815","text":"Ella: AudienceMember 20220721QT34: We have got empty properties in Paignton","type":"L","timestamp":"2023-11-09 13:36:04"},{"nodeID":"1328816","text":"we have empty properties not being used","type":"I","timestamp":"2023-11-09 13:36:05"},{"nodeID":"1328817","text":"AudienceMember 20220721QT34: not being used","type":"L","timestamp":"2023-11-09 13:36:05"},{"nodeID":"1328818","text":"Ella: AudienceMember 20220721QT34: not being used","type":"L","timestamp":"2023-11-09 13:36:05"},{"nodeID":"1328819","text":"it means there are any more houses","type":"I","timestamp":"2023-11-09 13:36:05"},{"nodeID":"1328820","text":"AudienceMember 20220721QT34: It means if there are any more houses","type":"L","timestamp":"2023-11-09 13:36:05"},{"nodeID":"1328821","text":"Ella: AudienceMember 20220721QT34: It means if there are any more houses","type":"L","timestamp":"2023-11-09 13:36:05"},{"nodeID":"1328822","text":"the houses are going to bring more people into the area","type":"I","timestamp":"2023-11-09 13:36:06"},{"nodeID":"1328823","text":"AudienceMember 20220721QT34: they are going to bring more people into the area","type":"L","timestamp":"2023-11-09 13:36:06"},{"nodeID":"1328824","text":"Ella: AudienceMember 20220721QT34: they are going to bring more people into the area","type":"L","timestamp":"2023-11-09 13:36:06"},{"nodeID":"1328825","text":"bringing more people into the area would be a good or a bad thing","type":"I","timestamp":"2023-11-09 13:36:07"},{"nodeID":"1328826","text":"Fiona Bruce: Which would be a good or bad thing","type":"L","timestamp":"2023-11-09 13:36:07"},{"nodeID":"1328827","text":"Ella: Fiona Bruce: Which would be a good or bad thing","type":"L","timestamp":"2023-11-09 13:36:07"},{"nodeID":"1328828","text":"bringing more people into the area would be bad","type":"I","timestamp":"2023-11-09 13:36:07"},{"nodeID":"1328829","text":"AudienceMember 20220721QT35: it would be bad","type":"L","timestamp":"2023-11-09 13:36:07"},{"nodeID":"1328830","text":"Ella: AudienceMember 20220721QT35: it would be bad","type":"L","timestamp":"2023-11-09 13:36:07"},{"nodeID":"1328831","text":"doctors, and schools, and hospitals are overrun at the moment","type":"I","timestamp":"2023-11-09 13:36:08"},{"nodeID":"1328832","text":"AudienceMember 20220721QT35: doctors, and schools, and hospitals, and our hospital is overrun at the moment","type":"L","timestamp":"2023-11-09 13:36:08"},{"nodeID":"1328833","text":"Ella: AudienceMember 20220721QT35: doctors, and schools, and hospitals, and our hospital is overrun at the moment","type":"L","timestamp":"2023-11-09 13:36:08"},{"nodeID":"1328834","text":"our hospital is overrun at the moment as people know","type":"I","timestamp":"2023-11-09 13:36:08"},{"nodeID":"1328835","text":"AudienceMember 20220721QT35: as people know","type":"L","timestamp":"2023-11-09 13:36:08"},{"nodeID":"1328836","text":"Ella: AudienceMember 20220721QT35: as people know","type":"L","timestamp":"2023-11-09 13:36:08"},{"nodeID":"1328837","text":"in Torquay high street alone, you can walk along and there are so many empty residential units above shops","type":"I","timestamp":"2023-11-09 13:36:09"},{"nodeID":"1328838","text":"AudienceMember 20220721QT36: In Torquay high street alone, you can walk along and there are so many empty residential units above shops","type":"L","timestamp":"2023-11-09 13:36:09"},{"nodeID":"1328839","text":"Ella: AudienceMember 20220721QT36: In Torquay high street alone, you can walk along and there are so many empty residential units above shops","type":"L","timestamp":"2023-11-09 13:36:09"},{"nodeID":"1328840","text":"we don't need to build more homes that young people can't afford","type":"I","timestamp":"2023-11-09 13:36:10"},{"nodeID":"1328841","text":"AudienceMember 20220721QT36: we need to build more homes that young people can't afford","type":"L","timestamp":"2023-11-09 13:36:10"},{"nodeID":"1328842","text":"Ella: AudienceMember 20220721QT36: we need to build more homes that young people can't afford","type":"L","timestamp":"2023-11-09 13:36:10"},{"nodeID":"1328843","text":"we should be incentivising property owners to modernise and transform their current properties into residential lettings","type":"I","timestamp":"2023-11-09 13:36:10"},{"nodeID":"1328844","text":"AudienceMember 20220721QT36: Should we not be incentivising property owners to modernise, and transform their current properties into residential lettings","type":"L","timestamp":"2023-11-09 13:36:10"},{"nodeID":"1328845","text":"Ella: AudienceMember 20220721QT36: Should we not be incentivising property owners to modernise, and transform their current properties into residential lettings","type":"L","timestamp":"2023-11-09 13:36:10"},{"nodeID":"1328846","text":"Mary Bousted comes from London","type":"I","timestamp":"2023-11-09 13:36:11"},{"nodeID":"1328847","text":"Mary Bousted: I come from London","type":"L","timestamp":"2023-11-09 13:36:11"},{"nodeID":"1328848","text":"Ella: Mary Bousted: I come from London","type":"L","timestamp":"2023-11-09 13:36:11"},{"nodeID":"1328849","text":"you would be amazed to know, London have the same issues with housing","type":"I","timestamp":"2023-11-09 13:36:11"},{"nodeID":"1328850","text":"Mary Bousted: you would be amazed to know, we have the same","type":"L","timestamp":"2023-11-09 13:36:11"},{"nodeID":"1328851","text":"Ella: Mary Bousted: you would be amazed to know, we have the same","type":"L","timestamp":"2023-11-09 13:36:11"},{"nodeID":"1328852","text":"what happens in London is that very rich people from abroad buy up","type":"I","timestamp":"2023-11-09 13:36:12"},{"nodeID":"1328853","text":"Mary Bousted: What happens in London is that very rich people from abroad buy up","type":"L","timestamp":"2023-11-09 13:36:12"},{"nodeID":"1328854","text":"Ella: Mary Bousted: What happens in London is that very rich people from abroad buy up","type":"L","timestamp":"2023-11-09 13:36:12"},{"nodeID":"1328855","text":"there's a big development around Battersea power station","type":"I","timestamp":"2023-11-09 13:36:13"},{"nodeID":"1328856","text":"Mary Bousted: there's a big development around Battersea power station","type":"L","timestamp":"2023-11-09 13:36:13"},{"nodeID":"1328857","text":"Ella: Mary Bousted: there's a big development around Battersea power station","type":"L","timestamp":"2023-11-09 13:36:13"},{"nodeID":"1328858","text":"they have got people who are employed, of a night, going in, turning the lights on, on a computer programme on and off, so they look inhabited","type":"I","timestamp":"2023-11-09 13:36:13"},{"nodeID":"1328859","text":"Mary Bousted: they have got people who are employed, of a night, going in, turning the lights on, on a computer programme on and off, so they look inhabited","type":"L","timestamp":"2023-11-09 13:36:13"},{"nodeID":"1328860","text":"Ella: Mary Bousted: they have got people who are employed, of a night, going in, turning the lights on, on a computer programme on and off, so they look inhabited","type":"L","timestamp":"2023-11-09 13:36:13"},{"nodeID":"1328861","text":"thousands and thousands of dwellings which have been bought purely as a business investment","type":"I","timestamp":"2023-11-09 13:36:14"},{"nodeID":"1328862","text":"Mary Bousted: Thousands, thousands of dwellings which have been bought purely as a business investment","type":"L","timestamp":"2023-11-09 13:36:14"},{"nodeID":"1328863","text":"Ella: Mary Bousted: Thousands, thousands of dwellings which have been bought purely as a business investment","type":"L","timestamp":"2023-11-09 13:36:14"},{"nodeID":"1328864","text":"Analysing","type":"YA","timestamp":"2023-11-09 13:36:14"},{"nodeID":"1328865","text":"Asserting","type":"YA","timestamp":"2023-11-09 13:36:14"},{"nodeID":"1328866","text":"Analysing","type":"YA","timestamp":"2023-11-09 13:36:14"},{"nodeID":"1328867","text":"Asserting","type":"YA","timestamp":"2023-11-09 13:36:14"},{"nodeID":"1328868","text":"Analysing","type":"YA","timestamp":"2023-11-09 13:36:14"},{"nodeID":"1328869","text":"Assertive Questioning","type":"YA","timestamp":"2023-11-09 13:36:14"},{"nodeID":"1328870","text":"Default Transition","type":"TA","timestamp":"2023-11-09 13:36:14"},{"nodeID":"1328871","text":"Default Conflict","type":"CA","timestamp":"2023-11-09 13:36:14"},{"nodeID":"1328872","text":"Default Transition","type":"TA","timestamp":"2023-11-09 13:36:14"},{"nodeID":"1328873","text":"Disagreeing","type":"YA","timestamp":"2023-11-09 13:36:14"},{"nodeID":"1328874","text":"Analysing","type":"YA","timestamp":"2023-11-09 13:36:14"},{"nodeID":"1328875","text":"Pure Questioning","type":"YA","timestamp":"2023-11-09 13:36:14"},{"nodeID":"1328876","text":"Default Transition","type":"TA","timestamp":"2023-11-09 13:36:14"},{"nodeID":"1328877","text":"Analysing","type":"YA","timestamp":"2023-11-09 13:36:14"},{"nodeID":"1328878","text":"Asserting","type":"YA","timestamp":"2023-11-09 13:36:14"},{"nodeID":"1328879","text":"Default Rephrase","type":"MA","timestamp":"2023-11-09 13:36:14"},{"nodeID":"1328880","text":"Default Transition","type":"TA","timestamp":"2023-11-09 13:36:14"},{"nodeID":"1328881","text":"Default Illocuting","type":"YA","timestamp":"2023-11-09 13:36:14"},{"nodeID":"1328882","text":"Analysing","type":"YA","timestamp":"2023-11-09 13:36:14"},{"nodeID":"1328883","text":"Asserting","type":"YA","timestamp":"2023-11-09 13:36:14"},{"nodeID":"1328884","text":"Default Inference","type":"RA","timestamp":"2023-11-09 13:36:14"},{"nodeID":"1328885","text":"Default Transition","type":"TA","timestamp":"2023-11-09 13:36:14"},{"nodeID":"1328886","text":"Arguing","type":"YA","timestamp":"2023-11-09 13:36:14"},{"nodeID":"1328887","text":"Analysing","type":"YA","timestamp":"2023-11-09 13:36:14"},{"nodeID":"1328888","text":"Asserting","type":"YA","timestamp":"2023-11-09 13:36:14"},{"nodeID":"1328889","text":"Analysing","type":"YA","timestamp":"2023-11-09 13:36:14"},{"nodeID":"1328890","text":"Asserting","type":"YA","timestamp":"2023-11-09 13:36:14"},{"nodeID":"1328891","text":"Analysing","type":"YA","timestamp":"2023-11-09 13:36:14"},{"nodeID":"1328892","text":"Asserting","type":"YA","timestamp":"2023-11-09 13:36:14"},{"nodeID":"1328893","text":"Default Transition","type":"TA","timestamp":"2023-11-09 13:36:14"},{"nodeID":"1328894","text":"Default Transition","type":"TA","timestamp":"2023-11-09 13:36:14"},{"nodeID":"1328895","text":"Default Transition","type":"TA","timestamp":"2023-11-09 13:36:14"},{"nodeID":"1328896","text":"Default Rephrase","type":"MA","timestamp":"2023-11-09 13:36:14"},{"nodeID":"1328897","text":"Restating","type":"YA","timestamp":"2023-11-09 13:36:14"},{"nodeID":"1328898","text":"Analysing","type":"YA","timestamp":"2023-11-09 13:36:14"},{"nodeID":"1328899","text":"Asserting","type":"YA","timestamp":"2023-11-09 13:36:14"},{"nodeID":"1328900","text":"Analysing","type":"YA","timestamp":"2023-11-09 13:36:14"},{"nodeID":"1328901","text":"Asserting","type":"YA","timestamp":"2023-11-09 13:36:14"},{"nodeID":"1328902","text":"Default Rephrase","type":"MA","timestamp":"2023-11-09 13:36:14"},{"nodeID":"1328903","text":"Default Transition","type":"TA","timestamp":"2023-11-09 13:36:14"},{"nodeID":"1328904","text":"Restating","type":"YA","timestamp":"2023-11-09 13:36:14"},{"nodeID":"1328905","text":"Default Conflict","type":"CA","timestamp":"2023-11-09 13:36:14"},{"nodeID":"1328906","text":"Default Transition","type":"TA","timestamp":"2023-11-09 13:36:14"},{"nodeID":"1328907","text":"Disagreeing","type":"YA","timestamp":"2023-11-09 13:36:14"},{"nodeID":"1328908","text":"Analysing","type":"YA","timestamp":"2023-11-09 13:36:14"},{"nodeID":"1328909","text":"Asserting","type":"YA","timestamp":"2023-11-09 13:36:14"},{"nodeID":"1328910","text":"Analysing","type":"YA","timestamp":"2023-11-09 13:36:14"},{"nodeID":"1328911","text":"Asserting","type":"YA","timestamp":"2023-11-09 13:36:14"},{"nodeID":"1328912","text":"Default Inference","type":"RA","timestamp":"2023-11-09 13:36:14"},{"nodeID":"1328913","text":"Default Transition","type":"TA","timestamp":"2023-11-09 13:36:14"},{"nodeID":"1328914","text":"Default Transition","type":"TA","timestamp":"2023-11-09 13:36:14"},{"nodeID":"1328915","text":"Analysing","type":"YA","timestamp":"2023-11-09 13:36:14"},{"nodeID":"1328916","text":"Pure Questioning","type":"YA","timestamp":"2023-11-09 13:36:14"},{"nodeID":"1328917","text":"Default Transition","type":"TA","timestamp":"2023-11-09 13:36:14"},{"nodeID":"1328918","text":"Analysing","type":"YA","timestamp":"2023-11-09 13:36:14"},{"nodeID":"1328919","text":"Asserting","type":"YA","timestamp":"2023-11-09 13:36:14"},{"nodeID":"1328920","text":"Default Rephrase","type":"MA","timestamp":"2023-11-09 13:36:14"},{"nodeID":"1328921","text":"Default Transition","type":"TA","timestamp":"2023-11-09 13:36:14"},{"nodeID":"1328922","text":"Default Illocuting","type":"YA","timestamp":"2023-11-09 13:36:14"},{"nodeID":"1328923","text":"Analysing","type":"YA","timestamp":"2023-11-09 13:36:14"},{"nodeID":"1328924","text":"Asserting","type":"YA","timestamp":"2023-11-09 13:36:14"},{"nodeID":"1328925","text":"Analysing","type":"YA","timestamp":"2023-11-09 13:36:14"},{"nodeID":"1328926","text":"Asserting","type":"YA","timestamp":"2023-11-09 13:36:14"},{"nodeID":"1328927","text":"Default Inference","type":"RA","timestamp":"2023-11-09 13:36:14"},{"nodeID":"1328928","text":"Default Transition","type":"TA","timestamp":"2023-11-09 13:36:14"},{"nodeID":"1328929","text":"Arguing","type":"YA","timestamp":"2023-11-09 13:36:14"},{"nodeID":"1328930","text":"Default Rephrase","type":"MA","timestamp":"2023-11-09 13:36:14"},{"nodeID":"1328931","text":"Default Transition","type":"TA","timestamp":"2023-11-09 13:36:14"},{"nodeID":"1328932","text":"Restating","type":"YA","timestamp":"2023-11-09 13:36:14"},{"nodeID":"1328933","text":"Analysing","type":"YA","timestamp":"2023-11-09 13:36:14"},{"nodeID":"1328934","text":"Asserting","type":"YA","timestamp":"2023-11-09 13:36:14"},{"nodeID":"1328935","text":"Analysing","type":"YA","timestamp":"2023-11-09 13:36:14"},{"nodeID":"1328936","text":"Asserting","type":"YA","timestamp":"2023-11-09 13:36:14"},{"nodeID":"1328937","text":"Default Transition","type":"TA","timestamp":"2023-11-09 13:36:14"},{"nodeID":"1328938","text":"Default Transition","type":"TA","timestamp":"2023-11-09 13:36:14"},{"nodeID":"1328939","text":"Default Inference","type":"RA","timestamp":"2023-11-09 13:36:14"},{"nodeID":"1328940","text":"Arguing","type":"YA","timestamp":"2023-11-09 13:36:14"},{"nodeID":"1328941","text":"Analysing","type":"YA","timestamp":"2023-11-09 13:36:14"},{"nodeID":"1328942","text":"Assertive Questioning","type":"YA","timestamp":"2023-11-09 13:36:14"},{"nodeID":"1328943","text":"Default Transition","type":"TA","timestamp":"2023-11-09 13:36:14"},{"nodeID":"1328944","text":"Default Inference","type":"RA","timestamp":"2023-11-09 13:36:14"},{"nodeID":"1328945","text":"Arguing","type":"YA","timestamp":"2023-11-09 13:36:14"},{"nodeID":"1328946","text":"Analysing","type":"YA","timestamp":"2023-11-09 13:36:14"},{"nodeID":"1328947","text":"Asserting","type":"YA","timestamp":"2023-11-09 13:36:14"},{"nodeID":"1328948","text":"Analysing","type":"YA","timestamp":"2023-11-09 13:36:14"},{"nodeID":"1328949","text":"Asserting","type":"YA","timestamp":"2023-11-09 13:36:14"},{"nodeID":"1328950","text":"Analysing","type":"YA","timestamp":"2023-11-09 13:36:14"},{"nodeID":"1328951","text":"Asserting","type":"YA","timestamp":"2023-11-09 13:36:14"},{"nodeID":"1328952","text":"Default Transition","type":"TA","timestamp":"2023-11-09 13:36:14"},{"nodeID":"1328953","text":"Default Transition","type":"TA","timestamp":"2023-11-09 13:36:14"},{"nodeID":"1328954","text":"Default Inference","type":"RA","timestamp":"2023-11-09 13:36:14"},{"nodeID":"1328955","text":"Default Transition","type":"TA","timestamp":"2023-11-09 13:36:14"},{"nodeID":"1328956","text":"Arguing","type":"YA","timestamp":"2023-11-09 13:36:14"},{"nodeID":"1328957","text":"Analysing","type":"YA","timestamp":"2023-11-09 13:36:14"},{"nodeID":"1328958","text":"Asserting","type":"YA","timestamp":"2023-11-09 13:36:14"},{"nodeID":"1328959","text":"Default Inference","type":"RA","timestamp":"2023-11-09 13:36:14"},{"nodeID":"1328960","text":"Default Transition","type":"TA","timestamp":"2023-11-09 13:36:14"},{"nodeID":"1328961","text":"Arguing","type":"YA","timestamp":"2023-11-09 13:36:14"},{"nodeID":"1328962","text":"Analysing","type":"YA","timestamp":"2023-11-09 13:36:14"},{"nodeID":"1328963","text":"Asserting","type":"YA","timestamp":"2023-11-09 13:36:14"},{"nodeID":"1328964","text":"Analysing","type":"YA","timestamp":"2023-11-09 13:36:14"},{"nodeID":"1328965","text":"Asserting","type":"YA","timestamp":"2023-11-09 13:36:14"},{"nodeID":"1328966","text":"Default Transition","type":"TA","timestamp":"2023-11-09 13:36:14"},{"nodeID":"1328967","text":"Default Rephrase","type":"MA","timestamp":"2023-11-09 13:36:14"},{"nodeID":"1328968","text":"Default Inference","type":"RA","timestamp":"2023-11-09 13:36:14"},{"nodeID":"1328969","text":"Arguing","type":"YA","timestamp":"2023-11-09 13:36:14"},{"nodeID":"1328970","text":"Default Transition","type":"TA","timestamp":"2023-11-09 13:36:14"},{"nodeID":"1328971","text":"Restating","type":"YA","timestamp":"2023-11-09 13:36:14"}],"edges":[{"edgeID":"1743072","fromID":"1328787","toID":"1328865","formEdgeID":null},{"edgeID":"1743073","fromID":"1328788","toID":"1328864","formEdgeID":null},{"edgeID":"1743074","fromID":"1328865","toID":"1328786","formEdgeID":null},{"edgeID":"1743075","fromID":"1328864","toID":"1328787","formEdgeID":null},{"edgeID":"1743076","fromID":"1328866","toID":"1328790","formEdgeID":null},{"edgeID":"1743077","fromID":"1328791","toID":"1328866","formEdgeID":null},{"edgeID":"1743078","fromID":"1328867","toID":"1328789","formEdgeID":null},{"edgeID":"1743079","fromID":"1328790","toID":"1328867","formEdgeID":null},{"edgeID":"1743080","fromID":"1328868","toID":"1328793","formEdgeID":null},{"edgeID":"1743081","fromID":"1328794","toID":"1328868","formEdgeID":null},{"edgeID":"1743082","fromID":"1328793","toID":"1328869","formEdgeID":null},{"edgeID":"1743083","fromID":"1328869","toID":"1328792","formEdgeID":null},{"edgeID":"1743084","fromID":"1328787","toID":"1328870","formEdgeID":null},{"edgeID":"1743085","fromID":"1328870","toID":"1328790","formEdgeID":null},{"edgeID":"1743086","fromID":"1328792","toID":"1328871","formEdgeID":null},{"edgeID":"1743087","fromID":"1328871","toID":"1328786","formEdgeID":null},{"edgeID":"1743088","fromID":"1328787","toID":"1328872","formEdgeID":null},{"edgeID":"1743089","fromID":"1328872","toID":"1328793","formEdgeID":null},{"edgeID":"1743090","fromID":"1328872","toID":"1328873","formEdgeID":null},{"edgeID":"1743091","fromID":"1328873","toID":"1328871","formEdgeID":null},{"edgeID":"1743092","fromID":"1328874","toID":"1328797","formEdgeID":null},{"edgeID":"1743093","fromID":"1328796","toID":"1328874","formEdgeID":null},{"edgeID":"1743094","fromID":"1328797","toID":"1328875","formEdgeID":null},{"edgeID":"1743095","fromID":"1328875","toID":"1328795","formEdgeID":null},{"edgeID":"1743096","fromID":"1328793","toID":"1328876","formEdgeID":null},{"edgeID":"1743097","fromID":"1328876","toID":"1328797","formEdgeID":null},{"edgeID":"1743098","fromID":"1328877","toID":"1328799","formEdgeID":null},{"edgeID":"1743099","fromID":"1328800","toID":"1328877","formEdgeID":null},{"edgeID":"1743100","fromID":"1328799","toID":"1328878","formEdgeID":null},{"edgeID":"1743101","fromID":"1328878","toID":"1328798","formEdgeID":null},{"edgeID":"1743102","fromID":"1328798","toID":"1328879","formEdgeID":null},{"edgeID":"1743103","fromID":"1328879","toID":"1328795","formEdgeID":null},{"edgeID":"1743104","fromID":"1328880","toID":"1328799","formEdgeID":null},{"edgeID":"1743105","fromID":"1328797","toID":"1328880","formEdgeID":null},{"edgeID":"1743106","fromID":"1328880","toID":"1328881","formEdgeID":null},{"edgeID":"1743107","fromID":"1328881","toID":"1328879","formEdgeID":null},{"edgeID":"1743108","fromID":"1328883","toID":"1328801","formEdgeID":null},{"edgeID":"1743109","fromID":"1328882","toID":"1328802","formEdgeID":null},{"edgeID":"1743110","fromID":"1328802","toID":"1328883","formEdgeID":null},{"edgeID":"1743111","fromID":"1328803","toID":"1328882","formEdgeID":null},{"edgeID":"1743112","fromID":"1328798","toID":"1328884","formEdgeID":null},{"edgeID":"1743113","fromID":"1328884","toID":"1328801","formEdgeID":null},{"edgeID":"1743114","fromID":"1328799","toID":"1328885","formEdgeID":null},{"edgeID":"1743115","fromID":"1328885","toID":"1328802","formEdgeID":null},{"edgeID":"1743116","fromID":"1328885","toID":"1328886","formEdgeID":null},{"edgeID":"1743117","fromID":"1328886","toID":"1328884","formEdgeID":null},{"edgeID":"1743118","fromID":"1328887","toID":"1328805","formEdgeID":null},{"edgeID":"1743119","fromID":"1328806","toID":"1328887","formEdgeID":null},{"edgeID":"1743120","fromID":"1328805","toID":"1328888","formEdgeID":null},{"edgeID":"1743121","fromID":"1328888","toID":"1328804","formEdgeID":null},{"edgeID":"1743122","fromID":"1328889","toID":"1328808","formEdgeID":null},{"edgeID":"1743123","fromID":"1328809","toID":"1328889","formEdgeID":null},{"edgeID":"1743124","fromID":"1328808","toID":"1328890","formEdgeID":null},{"edgeID":"1743125","fromID":"1328890","toID":"1328807","formEdgeID":null},{"edgeID":"1743126","fromID":"1328891","toID":"1328811","formEdgeID":null},{"edgeID":"1743127","fromID":"1328812","toID":"1328891","formEdgeID":null},{"edgeID":"1743128","fromID":"1328811","toID":"1328892","formEdgeID":null},{"edgeID":"1743129","fromID":"1328892","toID":"1328810","formEdgeID":null},{"edgeID":"1743130","fromID":"1328802","toID":"1328893","formEdgeID":null},{"edgeID":"1743131","fromID":"1328893","toID":"1328805","formEdgeID":null},{"edgeID":"1743132","fromID":"1328805","toID":"1328894","formEdgeID":null},{"edgeID":"1743133","fromID":"1328894","toID":"1328808","formEdgeID":null},{"edgeID":"1743134","fromID":"1328808","toID":"1328895","formEdgeID":null},{"edgeID":"1743135","fromID":"1328895","toID":"1328811","formEdgeID":null},{"edgeID":"1743136","fromID":"1328810","toID":"1328896","formEdgeID":null},{"edgeID":"1743137","fromID":"1328896","toID":"1328807","formEdgeID":null},{"edgeID":"1743138","fromID":"1328897","toID":"1328896","formEdgeID":null},{"edgeID":"1743139","fromID":"1328895","toID":"1328897","formEdgeID":null},{"edgeID":"1743140","fromID":"1328898","toID":"1328814","formEdgeID":null},{"edgeID":"1743141","fromID":"1328815","toID":"1328898","formEdgeID":null},{"edgeID":"1743142","fromID":"1328814","toID":"1328899","formEdgeID":null},{"edgeID":"1743143","fromID":"1328899","toID":"1328813","formEdgeID":null},{"edgeID":"1743144","fromID":"1328900","toID":"1328817","formEdgeID":null},{"edgeID":"1743145","fromID":"1328818","toID":"1328900","formEdgeID":null},{"edgeID":"1743146","fromID":"1328817","toID":"1328901","formEdgeID":null},{"edgeID":"1743147","fromID":"1328901","toID":"1328816","formEdgeID":null},{"edgeID":"1743148","fromID":"1328902","toID":"1328813","formEdgeID":null},{"edgeID":"1743149","fromID":"1328816","toID":"1328902","formEdgeID":null},{"edgeID":"1743150","fromID":"1328814","toID":"1328903","formEdgeID":null},{"edgeID":"1743151","fromID":"1328903","toID":"1328817","formEdgeID":null},{"edgeID":"1743152","fromID":"1328903","toID":"1328904","formEdgeID":null},{"edgeID":"1743153","fromID":"1328904","toID":"1328902","formEdgeID":null},{"edgeID":"1743154","fromID":"1328813","toID":"1328905","formEdgeID":null},{"edgeID":"1743155","fromID":"1328905","toID":"1328807","formEdgeID":null},{"edgeID":"1743156","fromID":"1328808","toID":"1328906","formEdgeID":null},{"edgeID":"1743157","fromID":"1328906","toID":"1328814","formEdgeID":null},{"edgeID":"1743158","fromID":"1328907","toID":"1328905","formEdgeID":null},{"edgeID":"1743159","fromID":"1328906","toID":"1328907","formEdgeID":null},{"edgeID":"1743160","fromID":"1328908","toID":"1328820","formEdgeID":null},{"edgeID":"1743161","fromID":"1328820","toID":"1328909","formEdgeID":null},{"edgeID":"1743162","fromID":"1328909","toID":"1328819","formEdgeID":null},{"edgeID":"1743163","fromID":"1328821","toID":"1328908","formEdgeID":null},{"edgeID":"1743164","fromID":"1328910","toID":"1328823","formEdgeID":null},{"edgeID":"1743165","fromID":"1328824","toID":"1328910","formEdgeID":null},{"edgeID":"1743166","fromID":"1328823","toID":"1328911","formEdgeID":null},{"edgeID":"1743167","fromID":"1328911","toID":"1328822","formEdgeID":null},{"edgeID":"1743168","fromID":"1328912","toID":"1328819","formEdgeID":null},{"edgeID":"1743169","fromID":"1328822","toID":"1328912","formEdgeID":null},{"edgeID":"1743170","fromID":"1328817","toID":"1328913","formEdgeID":null},{"edgeID":"1743171","fromID":"1328913","toID":"1328820","formEdgeID":null},{"edgeID":"1743172","fromID":"1328820","toID":"1328914","formEdgeID":null},{"edgeID":"1743173","fromID":"1328914","toID":"1328823","formEdgeID":null},{"edgeID":"1743174","fromID":"1328915","toID":"1328826","formEdgeID":null},{"edgeID":"1743175","fromID":"1328827","toID":"1328915","formEdgeID":null},{"edgeID":"1743176","fromID":"1328826","toID":"1328916","formEdgeID":null},{"edgeID":"1743177","fromID":"1328916","toID":"1328825","formEdgeID":null},{"edgeID":"1743178","fromID":"1328917","toID":"1328826","formEdgeID":null},{"edgeID":"1743179","fromID":"1328823","toID":"1328917","formEdgeID":null},{"edgeID":"1743180","fromID":"1328830","toID":"1328918","formEdgeID":null},{"edgeID":"1743181","fromID":"1328918","toID":"1328829","formEdgeID":null},{"edgeID":"1743182","fromID":"1328919","toID":"1328828","formEdgeID":null},{"edgeID":"1743183","fromID":"1328829","toID":"1328919","formEdgeID":null},{"edgeID":"1743184","fromID":"1328828","toID":"1328920","formEdgeID":null},{"edgeID":"1743185","fromID":"1328920","toID":"1328825","formEdgeID":null},{"edgeID":"1743186","fromID":"1328826","toID":"1328921","formEdgeID":null},{"edgeID":"1743187","fromID":"1328921","toID":"1328829","formEdgeID":null},{"edgeID":"1743188","fromID":"1328921","toID":"1328922","formEdgeID":null},{"edgeID":"1743189","fromID":"1328922","toID":"1328920","formEdgeID":null},{"edgeID":"1743190","fromID":"1328833","toID":"1328923","formEdgeID":null},{"edgeID":"1743191","fromID":"1328923","toID":"1328832","formEdgeID":null},{"edgeID":"1743192","fromID":"1328832","toID":"1328924","formEdgeID":null},{"edgeID":"1743193","fromID":"1328924","toID":"1328831","formEdgeID":null},{"edgeID":"1743194","fromID":"1328836","toID":"1328925","formEdgeID":null},{"edgeID":"1743195","fromID":"1328925","toID":"1328835","formEdgeID":null},{"edgeID":"1743196","fromID":"1328926","toID":"1328834","formEdgeID":null},{"edgeID":"1743197","fromID":"1328835","toID":"1328926","formEdgeID":null},{"edgeID":"1743198","fromID":"1328831","toID":"1328927","formEdgeID":null},{"edgeID":"1743199","fromID":"1328927","toID":"1328828","formEdgeID":null},{"edgeID":"1743200","fromID":"1328829","toID":"1328928","formEdgeID":null},{"edgeID":"1743201","fromID":"1328928","toID":"1328832","formEdgeID":null},{"edgeID":"1743202","fromID":"1328929","toID":"1328927","formEdgeID":null},{"edgeID":"1743203","fromID":"1328928","toID":"1328929","formEdgeID":null},{"edgeID":"1743204","fromID":"1328834","toID":"1328930","formEdgeID":null},{"edgeID":"1743205","fromID":"1328930","toID":"1328831","formEdgeID":null},{"edgeID":"1743206","fromID":"1328832","toID":"1328931","formEdgeID":null},{"edgeID":"1743207","fromID":"1328931","toID":"1328835","formEdgeID":null},{"edgeID":"1743208","fromID":"1328931","toID":"1328932","formEdgeID":null},{"edgeID":"1743209","fromID":"1328932","toID":"1328930","formEdgeID":null},{"edgeID":"1743210","fromID":"1328933","toID":"1328838","formEdgeID":null},{"edgeID":"1743211","fromID":"1328839","toID":"1328933","formEdgeID":null},{"edgeID":"1743212","fromID":"1328934","toID":"1328837","formEdgeID":null},{"edgeID":"1743213","fromID":"1328838","toID":"1328934","formEdgeID":null},{"edgeID":"1743214","fromID":"1328842","toID":"1328935","formEdgeID":null},{"edgeID":"1743215","fromID":"1328935","toID":"1328841","formEdgeID":null},{"edgeID":"1743216","fromID":"1328841","toID":"1328936","formEdgeID":null},{"edgeID":"1743217","fromID":"1328936","toID":"1328840","formEdgeID":null},{"edgeID":"1743218","fromID":"1328835","toID":"1328937","formEdgeID":null},{"edgeID":"1743219","fromID":"1328937","toID":"1328838","formEdgeID":null},{"edgeID":"1743220","fromID":"1328938","toID":"1328841","formEdgeID":null},{"edgeID":"1743221","fromID":"1328838","toID":"1328938","formEdgeID":null},{"edgeID":"1743222","fromID":"1328939","toID":"1328840","formEdgeID":null},{"edgeID":"1743223","fromID":"1328837","toID":"1328939","formEdgeID":null},{"edgeID":"1743224","fromID":"1328938","toID":"1328940","formEdgeID":null},{"edgeID":"1743225","fromID":"1328940","toID":"1328939","formEdgeID":null},{"edgeID":"1743226","fromID":"1328844","toID":"1328942","formEdgeID":null},{"edgeID":"1743227","fromID":"1328942","toID":"1328843","formEdgeID":null},{"edgeID":"1743228","fromID":"1328845","toID":"1328941","formEdgeID":null},{"edgeID":"1743229","fromID":"1328941","toID":"1328844","formEdgeID":null},{"edgeID":"1743230","fromID":"1328943","toID":"1328844","formEdgeID":null},{"edgeID":"1743231","fromID":"1328841","toID":"1328943","formEdgeID":null},{"edgeID":"1743232","fromID":"1328944","toID":"1328843","formEdgeID":null},{"edgeID":"1743233","fromID":"1328840","toID":"1328944","formEdgeID":null},{"edgeID":"1743234","fromID":"1328943","toID":"1328945","formEdgeID":null},{"edgeID":"1743235","fromID":"1328945","toID":"1328944","formEdgeID":null},{"edgeID":"1743236","fromID":"1328848","toID":"1328946","formEdgeID":null},{"edgeID":"1743237","fromID":"1328946","toID":"1328847","formEdgeID":null},{"edgeID":"1743238","fromID":"1328847","toID":"1328947","formEdgeID":null},{"edgeID":"1743239","fromID":"1328947","toID":"1328846","formEdgeID":null},{"edgeID":"1743240","fromID":"1328948","toID":"1328850","formEdgeID":null},{"edgeID":"1743241","fromID":"1328851","toID":"1328948","formEdgeID":null},{"edgeID":"1743242","fromID":"1328850","toID":"1328949","formEdgeID":null},{"edgeID":"1743243","fromID":"1328949","toID":"1328849","formEdgeID":null},{"edgeID":"1743244","fromID":"1328950","toID":"1328853","formEdgeID":null},{"edgeID":"1743245","fromID":"1328854","toID":"1328950","formEdgeID":null},{"edgeID":"1743246","fromID":"1328853","toID":"1328951","formEdgeID":null},{"edgeID":"1743247","fromID":"1328951","toID":"1328852","formEdgeID":null},{"edgeID":"1743248","fromID":"1328844","toID":"1328952","formEdgeID":null},{"edgeID":"1743249","fromID":"1328952","toID":"1328847","formEdgeID":null},{"edgeID":"1743250","fromID":"1328847","toID":"1328953","formEdgeID":null},{"edgeID":"1743251","fromID":"1328953","toID":"1328850","formEdgeID":null},{"edgeID":"1743252","fromID":"1328852","toID":"1328954","formEdgeID":null},{"edgeID":"1743253","fromID":"1328954","toID":"1328849","formEdgeID":null},{"edgeID":"1743254","fromID":"1328850","toID":"1328955","formEdgeID":null},{"edgeID":"1743255","fromID":"1328955","toID":"1328853","formEdgeID":null},{"edgeID":"1743256","fromID":"1328955","toID":"1328956","formEdgeID":null},{"edgeID":"1743257","fromID":"1328956","toID":"1328954","formEdgeID":null},{"edgeID":"1743258","fromID":"1328957","toID":"1328856","formEdgeID":null},{"edgeID":"1743259","fromID":"1328856","toID":"1328958","formEdgeID":null},{"edgeID":"1743260","fromID":"1328958","toID":"1328855","formEdgeID":null},{"edgeID":"1743261","fromID":"1328857","toID":"1328957","formEdgeID":null},{"edgeID":"1743262","fromID":"1328852","toID":"1328959","formEdgeID":null},{"edgeID":"1743263","fromID":"1328959","toID":"1328855","formEdgeID":null},{"edgeID":"1743264","fromID":"1328853","toID":"1328960","formEdgeID":null},{"edgeID":"1743265","fromID":"1328960","toID":"1328856","formEdgeID":null},{"edgeID":"1743266","fromID":"1328961","toID":"1328959","formEdgeID":null},{"edgeID":"1743267","fromID":"1328960","toID":"1328961","formEdgeID":null},{"edgeID":"1743268","fromID":"1328859","toID":"1328963","formEdgeID":null},{"edgeID":"1743269","fromID":"1328963","toID":"1328858","formEdgeID":null},{"edgeID":"1743270","fromID":"1328962","toID":"1328859","formEdgeID":null},{"edgeID":"1743271","fromID":"1328860","toID":"1328962","formEdgeID":null},{"edgeID":"1743272","fromID":"1328964","toID":"1328862","formEdgeID":null},{"edgeID":"1743273","fromID":"1328863","toID":"1328964","formEdgeID":null},{"edgeID":"1743274","fromID":"1328862","toID":"1328965","formEdgeID":null},{"edgeID":"1743275","fromID":"1328965","toID":"1328861","formEdgeID":null},{"edgeID":"1743276","fromID":"1328966","toID":"1328859","formEdgeID":null},{"edgeID":"1743277","fromID":"1328856","toID":"1328966","formEdgeID":null},{"edgeID":"1743278","fromID":"1328861","toID":"1328967","formEdgeID":null},{"edgeID":"1743279","fromID":"1328967","toID":"1328852","formEdgeID":null},{"edgeID":"1743280","fromID":"1328858","toID":"1328968","formEdgeID":null},{"edgeID":"1743281","fromID":"1328968","toID":"1328855","formEdgeID":null},{"edgeID":"1743282","fromID":"1328966","toID":"1328969","formEdgeID":null},{"edgeID":"1743283","fromID":"1328969","toID":"1328968","formEdgeID":null},{"edgeID":"1743284","fromID":"1328970","toID":"1328862","formEdgeID":null},{"edgeID":"1743285","fromID":"1328853","toID":"1328970","formEdgeID":null},{"edgeID":"1743286","fromID":"1328971","toID":"1328967","formEdgeID":null},{"edgeID":"1743287","fromID":"1328970","toID":"1328971","formEdgeID":null}],"locutions":[]}