{"nodes":[{"nodeID":"1325463","text":"it is clearly, not ideal to change Prime Minister frequently","type":"I","timestamp":"2023-11-09 13:31:29"},{"nodeID":"1325464","text":"Bim Afolami: It is clearly, not ideal to change Prime Minister frequently","type":"L","timestamp":"2023-11-09 13:31:29"},{"nodeID":"1325465","text":"Analysing","type":"YA","timestamp":"2023-11-09 13:31:29"},{"nodeID":"1325466","text":"Pawe\u0142: Bim Afolami: It is clearly, not ideal to change Prime Minister frequently","type":"L","timestamp":"2023-11-09 13:31:29"},{"nodeID":"1325467","text":"Asserting","type":"YA","timestamp":"2023-11-09 13:31:29"},{"nodeID":"1325468","text":"through elections, through the things we have been discussing, democracy takes its course and you go through periods of time where maybe you change leaders more frequently than you would like","type":"I","timestamp":"2023-11-09 13:31:29"},{"nodeID":"1325469","text":"Bim Afolami:  through elections, through the things we have been discussing, democracy takes its course and you go through periods of time where maybe you change leaders more frequently than you would like","type":"L","timestamp":"2023-11-09 13:31:29"},{"nodeID":"1325470","text":"Analysing","type":"YA","timestamp":"2023-11-09 13:31:29"},{"nodeID":"1325471","text":"Pawe\u0142: Bim Afolami:  through elections, through the things we have been discussing, democracy takes its course and you go through periods of time where maybe you change leaders more frequently than you would like","type":"L","timestamp":"2023-11-09 13:31:29"},{"nodeID":"1325472","text":"Asserting","type":"YA","timestamp":"2023-11-09 13:31:29"},{"nodeID":"1325473","text":"Default Conflict","type":"CA","timestamp":"2023-11-09 13:31:29"},{"nodeID":"1325474","text":"Default Transition","type":"TA","timestamp":"2023-11-09 13:31:29"},{"nodeID":"1325475","text":"Disagreeing","type":"YA","timestamp":"2023-11-09 13:31:29"},{"nodeID":"1325476","text":"Bim Afolami hopes that going forward now, focusing on the issues again that really matter to people in this room and all over the country, the Conservative party can rebuild your trust, rebuild that connection with the people","type":"I","timestamp":"2023-11-09 13:31:30"},{"nodeID":"1325477","text":"Bim Afolami: What I would hope is that going forward now, focusing on the issues again that really matter to people in this room and all over the country, we can rebuild your trust, we can rebuild that connection with the people","type":"L","timestamp":"2023-11-09 13:31:30"},{"nodeID":"1325478","text":"Analysing","type":"YA","timestamp":"2023-11-09 13:31:30"},{"nodeID":"1325479","text":"Pawe\u0142: Bim Afolami: What I would hope is that going forward now, focusing on the issues again that really matter to people in this room and all over the country, we can rebuild your trust, we can rebuild that connection with the people","type":"L","timestamp":"2023-11-09 13:31:30"},{"nodeID":"1325480","text":"Asserting","type":"YA","timestamp":"2023-11-09 13:31:30"},{"nodeID":"1325481","text":"Default Transition","type":"TA","timestamp":"2023-11-09 13:31:30"},{"nodeID":"1325482","text":"Bim Afolami hopes that the Conservative party can show the people in a couple of years' time that they have actually done the right thing","type":"I","timestamp":"2023-11-09 13:31:30"},{"nodeID":"1325483","text":"Bim Afolami: show you in a couple of years' time that we have actually done the right thing","type":"L","timestamp":"2023-11-09 13:31:30"},{"nodeID":"1325484","text":"Analysing","type":"YA","timestamp":"2023-11-09 13:31:30"},{"nodeID":"1325485","text":"Pawe\u0142: Bim Afolami: show you in a couple of years' time that we have actually done the right thing","type":"L","timestamp":"2023-11-09 13:31:30"},{"nodeID":"1325486","text":"Asserting","type":"YA","timestamp":"2023-11-09 13:31:30"},{"nodeID":"1325487","text":"Default Transition","type":"TA","timestamp":"2023-11-09 13:31:30"},{"nodeID":"1325488","text":"Default Rephrase","type":"MA","timestamp":"2023-11-09 13:31:30"},{"nodeID":"1325489","text":"Restating","type":"YA","timestamp":"2023-11-09 13:31:30"},{"nodeID":"1325490","text":"if the Conservatives aren't able to do regain trust the people will vote them out and put in Chris Bryant and the Labour party","type":"I","timestamp":"2023-11-09 13:31:31"},{"nodeID":"1325491","text":"Bim Afolami: If we aren't able to do that you will vote us out and put in Chris and Labour","type":"L","timestamp":"2023-11-09 13:31:31"},{"nodeID":"1325492","text":"Analysing","type":"YA","timestamp":"2023-11-09 13:31:31"},{"nodeID":"1325493","text":"Pawe\u0142: Bim Afolami: If we aren't able to do that you will vote us out and put in Chris and Labour","type":"L","timestamp":"2023-11-09 13:31:31"},{"nodeID":"1325494","text":"Asserting","type":"YA","timestamp":"2023-11-09 13:31:31"},{"nodeID":"1325495","text":"Default Transition","type":"TA","timestamp":"2023-11-09 13:31:31"},{"nodeID":"1325496","text":"Default Inference","type":"RA","timestamp":"2023-11-09 13:31:31"},{"nodeID":"1325497","text":"Arguing","type":"YA","timestamp":"2023-11-09 13:31:31"}],"edges":[{"edgeID":"1739116","fromID":"1325465","toID":"1325464","formEdgeID":null},{"edgeID":"1739117","fromID":"1325466","toID":"1325465","formEdgeID":null},{"edgeID":"1739118","fromID":"1325464","toID":"1325467","formEdgeID":null},{"edgeID":"1739119","fromID":"1325467","toID":"1325463","formEdgeID":null},{"edgeID":"1739120","fromID":"1325470","toID":"1325469","formEdgeID":null},{"edgeID":"1739121","fromID":"1325471","toID":"1325470","formEdgeID":null},{"edgeID":"1739122","fromID":"1325469","toID":"1325472","formEdgeID":null},{"edgeID":"1739123","fromID":"1325472","toID":"1325468","formEdgeID":null},{"edgeID":"1739124","fromID":"1325468","toID":"1325473","formEdgeID":null},{"edgeID":"1739125","fromID":"1325473","toID":"1325463","formEdgeID":null},{"edgeID":"1739126","fromID":"1325464","toID":"1325474","formEdgeID":null},{"edgeID":"1739127","fromID":"1325474","toID":"1325469","formEdgeID":null},{"edgeID":"1739128","fromID":"1325474","toID":"1325475","formEdgeID":null},{"edgeID":"1739129","fromID":"1325475","toID":"1325473","formEdgeID":null},{"edgeID":"1739130","fromID":"1325478","toID":"1325477","formEdgeID":null},{"edgeID":"1739131","fromID":"1325479","toID":"1325478","formEdgeID":null},{"edgeID":"1739132","fromID":"1325477","toID":"1325480","formEdgeID":null},{"edgeID":"1739133","fromID":"1325480","toID":"1325476","formEdgeID":null},{"edgeID":"1739134","fromID":"1325469","toID":"1325481","formEdgeID":null},{"edgeID":"1739135","fromID":"1325481","toID":"1325477","formEdgeID":null},{"edgeID":"1739136","fromID":"1325484","toID":"1325483","formEdgeID":null},{"edgeID":"1739137","fromID":"1325485","toID":"1325484","formEdgeID":null},{"edgeID":"1739138","fromID":"1325483","toID":"1325486","formEdgeID":null},{"edgeID":"1739139","fromID":"1325486","toID":"1325482","formEdgeID":null},{"edgeID":"1739140","fromID":"1325477","toID":"1325487","formEdgeID":null},{"edgeID":"1739141","fromID":"1325487","toID":"1325483","formEdgeID":null},{"edgeID":"1739142","fromID":"1325482","toID":"1325488","formEdgeID":null},{"edgeID":"1739143","fromID":"1325488","toID":"1325476","formEdgeID":null},{"edgeID":"1739144","fromID":"1325487","toID":"1325489","formEdgeID":null},{"edgeID":"1739145","fromID":"1325489","toID":"1325488","formEdgeID":null},{"edgeID":"1739146","fromID":"1325492","toID":"1325491","formEdgeID":null},{"edgeID":"1739147","fromID":"1325493","toID":"1325492","formEdgeID":null},{"edgeID":"1739148","fromID":"1325491","toID":"1325494","formEdgeID":null},{"edgeID":"1739149","fromID":"1325494","toID":"1325490","formEdgeID":null},{"edgeID":"1739150","fromID":"1325483","toID":"1325495","formEdgeID":null},{"edgeID":"1739151","fromID":"1325495","toID":"1325491","formEdgeID":null},{"edgeID":"1739152","fromID":"1325490","toID":"1325496","formEdgeID":null},{"edgeID":"1739153","fromID":"1325496","toID":"1325482","formEdgeID":null},{"edgeID":"1739154","fromID":"1325495","toID":"1325497","formEdgeID":null},{"edgeID":"1739155","fromID":"1325497","toID":"1325496","formEdgeID":null}],"locutions":[]}