{"nodes":[{"nodeID":"1148852","text":"the deputy Prime Minister isn't standing up","type":"I","timestamp":"2023-04-20 19:17:38"},{"nodeID":"1148890","text":"in most countries, even after General Elections, they have a transition that lasts a long time","type":"I","timestamp":"2023-04-20 19:17:50"},{"nodeID":"1326052","text":"Mary Bousted: Why isn't the deputy Prime Minister standing up","type":"L","timestamp":"2023-11-09 13:32:16"},{"nodeID":"1326053","text":"Analysing","type":"YA","timestamp":"2023-11-09 13:32:16"},{"nodeID":"1326054","text":"Ella: Mary Bousted: Why isn't the deputy Prime Minister standing up","type":"L","timestamp":"2023-11-09 13:32:16"},{"nodeID":"1326055","text":"Rhetorical Questioning","type":"YA","timestamp":"2023-11-09 13:32:16"},{"nodeID":"1326056","text":"there is no point of a deputy Prime Minister","type":"I","timestamp":"2023-11-09 13:32:16"},{"nodeID":"1326057","text":"Mary Bousted: What's the point of a deputy Prime Minister","type":"L","timestamp":"2023-11-09 13:32:16"},{"nodeID":"1326058","text":"Analysing","type":"YA","timestamp":"2023-11-09 13:32:16"},{"nodeID":"1326059","text":"Ella: Mary Bousted: What's the point of a deputy Prime Minister","type":"L","timestamp":"2023-11-09 13:32:16"},{"nodeID":"1326060","text":"Assertive Questioning","type":"YA","timestamp":"2023-11-09 13:32:16"},{"nodeID":"1326061","text":"he doesn't step up when the Prime Minister has clearly been found unfit to govern","type":"I","timestamp":"2023-11-09 13:32:17"},{"nodeID":"1326062","text":"Mary Bousted: he doesn't step up when the Prime Minister has clearly been found unfit to govern","type":"L","timestamp":"2023-11-09 13:32:17"},{"nodeID":"1326063","text":"Analysing","type":"YA","timestamp":"2023-11-09 13:32:17"},{"nodeID":"1326064","text":"Ella: Mary Bousted: he doesn't step up when the Prime Minister has clearly been found unfit to govern","type":"L","timestamp":"2023-11-09 13:32:17"},{"nodeID":"1326065","text":"Asserting","type":"YA","timestamp":"2023-11-09 13:32:17"},{"nodeID":"1326066","text":"Default Transition","type":"TA","timestamp":"2023-11-09 13:32:17"},{"nodeID":"1326067","text":"Default Inference","type":"RA","timestamp":"2023-11-09 13:32:17"},{"nodeID":"1326068","text":"Default Transition","type":"TA","timestamp":"2023-11-09 13:32:17"},{"nodeID":"1326069","text":"Arguing","type":"YA","timestamp":"2023-11-09 13:32:17"},{"nodeID":"1326070","text":"every other time in other history, when this has happened, the Prime Minister has stayed in place and allowed an orderly transition of power","type":"I","timestamp":"2023-11-09 13:32:18"},{"nodeID":"1326071","text":"Bim Afolami: every other time in other history, when this has happened, we have, the Prime Minister has stayed in place, and allowed an orderly transition of power","type":"L","timestamp":"2023-11-09 13:32:18"},{"nodeID":"1326072","text":"Analysing","type":"YA","timestamp":"2023-11-09 13:32:18"},{"nodeID":"1326073","text":"Ella: Bim Afolami: every other time in other history, when this has happened, we have, the Prime Minister has stayed in place, and allowed an orderly transition of power","type":"L","timestamp":"2023-11-09 13:32:18"},{"nodeID":"1326074","text":"Asserting","type":"YA","timestamp":"2023-11-09 13:32:18"},{"nodeID":"1326075","text":"Default Transition","type":"TA","timestamp":"2023-11-09 13:32:18"},{"nodeID":"1326076","text":"the Prime Minister staying in place and allowing an orderly transition of power is very sensible","type":"I","timestamp":"2023-11-09 13:32:18"},{"nodeID":"1326077","text":"Bim Afolami: that's very sensible","type":"L","timestamp":"2023-11-09 13:32:18"},{"nodeID":"1326078","text":"Analysing","type":"YA","timestamp":"2023-11-09 13:32:18"},{"nodeID":"1326079","text":"Ella: Bim Afolami: that's very sensible","type":"L","timestamp":"2023-11-09 13:32:18"},{"nodeID":"1326080","text":"Asserting","type":"YA","timestamp":"2023-11-09 13:32:18"},{"nodeID":"1326081","text":"Default Transition","type":"TA","timestamp":"2023-11-09 13:32:18"},{"nodeID":"1326082","text":"Default Rephrase","type":"MA","timestamp":"2023-11-09 13:32:18"},{"nodeID":"1326083","text":"Restating","type":"YA","timestamp":"2023-11-09 13:32:18"},{"nodeID":"1326084","text":"Bim Afolami: In most countries, even after General Elections they have a transition that lasts a long time","type":"L","timestamp":"2023-11-09 13:32:19"},{"nodeID":"1326085","text":"Analysing","type":"YA","timestamp":"2023-11-09 13:32:19"},{"nodeID":"1326086","text":"Ella: Bim Afolami: In most countries, even after General Elections they have a transition that lasts a long time","type":"L","timestamp":"2023-11-09 13:32:19"},{"nodeID":"1326087","text":"Asserting","type":"YA","timestamp":"2023-11-09 13:32:19"},{"nodeID":"1326088","text":"long transition times are not unusual","type":"I","timestamp":"2023-11-09 13:32:19"},{"nodeID":"1326089","text":"Bim Afolami: It's not unusual","type":"L","timestamp":"2023-11-09 13:32:19"},{"nodeID":"1326090","text":"Analysing","type":"YA","timestamp":"2023-11-09 13:32:19"},{"nodeID":"1326091","text":"Ella: Bim Afolami: It's not unusual","type":"L","timestamp":"2023-11-09 13:32:19"},{"nodeID":"1326092","text":"Asserting","type":"YA","timestamp":"2023-11-09 13:32:19"},{"nodeID":"1326093","text":"Default Transition","type":"TA","timestamp":"2023-11-09 13:32:19"},{"nodeID":"1326094","text":"Default Inference","type":"RA","timestamp":"2023-11-09 13:32:19"},{"nodeID":"1326095","text":"Default Transition","type":"TA","timestamp":"2023-11-09 13:32:19"},{"nodeID":"1326096","text":"Arguing","type":"YA","timestamp":"2023-11-09 13:32:19"},{"nodeID":"1326097","text":"the cost of food, the cost of heating your home, these are critical issues now","type":"I","timestamp":"2023-11-09 13:32:20"},{"nodeID":"1326098","text":"Bim Afolami: the cost of food, the cost of heating your home, these are critical issues now","type":"L","timestamp":"2023-11-09 13:32:20"},{"nodeID":"1326099","text":"Analysing","type":"YA","timestamp":"2023-11-09 13:32:20"},{"nodeID":"1326100","text":"Ella: Bim Afolami: the cost of food, the cost of heating your home, these are critical issues now","type":"L","timestamp":"2023-11-09 13:32:20"},{"nodeID":"1326101","text":"Asserting","type":"YA","timestamp":"2023-11-09 13:32:20"},{"nodeID":"1326102","text":"these critical issues are probably going to get worse later on in this year when it gets into winter","type":"I","timestamp":"2023-11-09 13:32:21"},{"nodeID":"1326103","text":"Bim Afolami: are probably going to get worse later on in this year when it gets into winter","type":"L","timestamp":"2023-11-09 13:32:21"},{"nodeID":"1326104","text":"Analysing","type":"YA","timestamp":"2023-11-09 13:32:21"},{"nodeID":"1326105","text":"Ella: Bim Afolami: are probably going to get worse later on in this year when it gets into winter","type":"L","timestamp":"2023-11-09 13:32:21"},{"nodeID":"1326106","text":"Asserting","type":"YA","timestamp":"2023-11-09 13:32:21"},{"nodeID":"1326107","text":"this is really important, what many of you have said, talking about the real issues that affect people in this country","type":"I","timestamp":"2023-11-09 13:32:21"},{"nodeID":"1326108","text":"Bim Afolami: this is really important, what many of you have said, talking about the real issues that affect people in this country","type":"L","timestamp":"2023-11-09 13:32:21"},{"nodeID":"1326109","text":"Analysing","type":"YA","timestamp":"2023-11-09 13:32:21"},{"nodeID":"1326110","text":"Ella: Bim Afolami: this is really important, what many of you have said, talking about the real issues that affect people in this country","type":"L","timestamp":"2023-11-09 13:32:21"},{"nodeID":"1326111","text":"Asserting","type":"YA","timestamp":"2023-11-09 13:32:21"},{"nodeID":"1326112","text":"Default Transition","type":"TA","timestamp":"2023-11-09 13:32:21"},{"nodeID":"1326113","text":"Default Transition","type":"TA","timestamp":"2023-11-09 13:32:21"},{"nodeID":"1326114","text":"Default Transition","type":"TA","timestamp":"2023-11-09 13:32:21"},{"nodeID":"1326115","text":"Default Rephrase","type":"MA","timestamp":"2023-11-09 13:32:21"},{"nodeID":"1326116","text":"Restating","type":"YA","timestamp":"2023-11-09 13:32:21"},{"nodeID":"1326117","text":"one of the main reasons why Bim Afolami is supporting Rishi Sunak is he appreciates these critical issues, and understands them, and has the experience to deal with them","type":"I","timestamp":"2023-11-09 13:32:22"},{"nodeID":"1326118","text":"Bim Afolami: One of the main reasons why I'm supporting Rishi Sunak is I know he appreciates he's issues, and understands them and has the experience to deal with them","type":"L","timestamp":"2023-11-09 13:32:22"},{"nodeID":"1326119","text":"Analysing","type":"YA","timestamp":"2023-11-09 13:32:22"},{"nodeID":"1326120","text":"Ella: Bim Afolami: One of the main reasons why I'm supporting Rishi Sunak is I know he appreciates he's issues, and understands them and has the experience to deal with them","type":"L","timestamp":"2023-11-09 13:32:22"},{"nodeID":"1326121","text":"Asserting","type":"YA","timestamp":"2023-11-09 13:32:22"},{"nodeID":"1326122","text":"Default Transition","type":"TA","timestamp":"2023-11-09 13:32:22"},{"nodeID":"1326123","text":"Default Inference","type":"RA","timestamp":"2023-11-09 13:32:22"},{"nodeID":"1326124","text":"Arguing","type":"YA","timestamp":"2023-11-09 13:32:22"},{"nodeID":"1326125","text":"a long transition is not the only thing people are talking about","type":"I","timestamp":"2023-11-09 13:32:22"},{"nodeID":"1326126","text":"Fiona Bruce: That's not the only thing people are saying","type":"L","timestamp":"2023-11-09 13:32:22"},{"nodeID":"1326127","text":"Analysing","type":"YA","timestamp":"2023-11-09 13:32:22"},{"nodeID":"1326128","text":"Ella: Fiona Bruce: That's not the only thing people are saying","type":"L","timestamp":"2023-11-09 13:32:22"},{"nodeID":"1326129","text":"Asserting","type":"YA","timestamp":"2023-11-09 13:32:22"},{"nodeID":"1326130","text":"xxx is how we can trust people part of the previous Government in the future Government","type":"I","timestamp":"2023-11-09 13:32:23"},{"nodeID":"1326131","text":"Fiona Bruce: how can we trust people part of the previous Government in","type":"L","timestamp":"2023-11-09 13:32:23"},{"nodeID":"1326132","text":"Analysing","type":"YA","timestamp":"2023-11-09 13:32:23"},{"nodeID":"1326133","text":"Ella: Fiona Bruce: how can we trust people part of the previous Government in","type":"L","timestamp":"2023-11-09 13:32:23"},{"nodeID":"1326134","text":"Pure Questioning","type":"YA","timestamp":"2023-11-09 13:32:23"},{"nodeID":"1326135","text":"Default Transition","type":"TA","timestamp":"2023-11-09 13:32:23"},{"nodeID":"1326136","text":"Default Transition","type":"TA","timestamp":"2023-11-09 13:32:23"},{"nodeID":"1326137","text":"Default Rephrase","type":"MA","timestamp":"2023-11-09 13:32:23"},{"nodeID":"1326138","text":"Restating","type":"YA","timestamp":"2023-11-09 13:32:23"},{"nodeID":"1326139","text":"the point is dealing with the actual issues","type":"I","timestamp":"2023-11-09 13:32:23"},{"nodeID":"1326140","text":"Bim Afolami: The point is dealing with the actual issues","type":"L","timestamp":"2023-11-09 13:32:23"},{"nodeID":"1326141","text":"Analysing","type":"YA","timestamp":"2023-11-09 13:32:23"},{"nodeID":"1326142","text":"Ella: Bim Afolami: The point is dealing with the actual issues","type":"L","timestamp":"2023-11-09 13:32:23"},{"nodeID":"1326143","text":"Asserting","type":"YA","timestamp":"2023-11-09 13:32:23"},{"nodeID":"1326144","text":"there's a lot of political bickering and Bim Afolami appreciates that","type":"I","timestamp":"2023-11-09 13:32:24"},{"nodeID":"1326145","text":"Bim Afolami: I know a lot of political bickering and appreciate that,","type":"L","timestamp":"2023-11-09 13:32:24"},{"nodeID":"1326146","text":"Analysing","type":"YA","timestamp":"2023-11-09 13:32:24"},{"nodeID":"1326147","text":"Ella: Bim Afolami: I know a lot of political bickering and appreciate that,","type":"L","timestamp":"2023-11-09 13:32:24"},{"nodeID":"1326148","text":"Asserting","type":"YA","timestamp":"2023-11-09 13:32:24"},{"nodeID":"1326149","text":"Default Transition","type":"TA","timestamp":"2023-11-09 13:32:24"},{"nodeID":"1326150","text":"Default Transition","type":"TA","timestamp":"2023-11-09 13:32:24"},{"nodeID":"1326151","text":"dealing with the actual issues and being ready on day one to come in, not as an apprenticeship but ready on day one, is really important","type":"I","timestamp":"2023-11-09 13:32:25"},{"nodeID":"1326152","text":"Bim Afolami: dealing with the actual issues and being ready on day one to come in, not as an apprenticeship but ready on day one is really importan","type":"L","timestamp":"2023-11-09 13:32:25"},{"nodeID":"1326153","text":"Analysing","type":"YA","timestamp":"2023-11-09 13:32:25"},{"nodeID":"1326154","text":"Ella: Bim Afolami: dealing with the actual issues and being ready on day one to come in, not as an apprenticeship but ready on day one is really importan","type":"L","timestamp":"2023-11-09 13:32:25"},{"nodeID":"1326155","text":"Asserting","type":"YA","timestamp":"2023-11-09 13:32:25"},{"nodeID":"1326156","text":"being ready on day one is why lots of Bim Afolami's colleagues are supporting Rishi Sunak","type":"I","timestamp":"2023-11-09 13:32:25"},{"nodeID":"1326157","text":"Bim Afolami: That's why lots of my colleagues are supporting Rishi Sunak for that reason","type":"L","timestamp":"2023-11-09 13:32:25"},{"nodeID":"1326158","text":"Analysing","type":"YA","timestamp":"2023-11-09 13:32:25"},{"nodeID":"1326159","text":"Ella: Bim Afolami: That's why lots of my colleagues are supporting Rishi Sunak for that reason","type":"L","timestamp":"2023-11-09 13:32:25"},{"nodeID":"1326160","text":"Asserting","type":"YA","timestamp":"2023-11-09 13:32:25"},{"nodeID":"1326161","text":"Default Transition","type":"TA","timestamp":"2023-11-09 13:32:25"},{"nodeID":"1326162","text":"Default Conflict","type":"CA","timestamp":"2023-11-09 13:32:25"},{"nodeID":"1326163","text":"Disagreeing","type":"YA","timestamp":"2023-11-09 13:32:25"},{"nodeID":"1326164","text":"Default Rephrase","type":"MA","timestamp":"2023-11-09 13:32:25"},{"nodeID":"1326165","text":"Default Transition","type":"TA","timestamp":"2023-11-09 13:32:25"},{"nodeID":"1326166","text":"Restating","type":"YA","timestamp":"2023-11-09 13:32:25"},{"nodeID":"1326167","text":"Default Inference","type":"RA","timestamp":"2023-11-09 13:32:25"},{"nodeID":"1326168","text":"Default Transition","type":"TA","timestamp":"2023-11-09 13:32:25"},{"nodeID":"1326169","text":"Arguing","type":"YA","timestamp":"2023-11-09 13:32:25"}],"edges":[{"edgeID":"1739812","fromID":"1326053","toID":"1326052","formEdgeID":null},{"edgeID":"1739813","fromID":"1326054","toID":"1326053","formEdgeID":null},{"edgeID":"1739814","fromID":"1326052","toID":"1326055","formEdgeID":null},{"edgeID":"1739815","fromID":"1326055","toID":"1148852","formEdgeID":null},{"edgeID":"1739816","fromID":"1326058","toID":"1326057","formEdgeID":null},{"edgeID":"1739817","fromID":"1326059","toID":"1326058","formEdgeID":null},{"edgeID":"1739818","fromID":"1326057","toID":"1326060","formEdgeID":null},{"edgeID":"1739819","fromID":"1326060","toID":"1326056","formEdgeID":null},{"edgeID":"1739820","fromID":"1326063","toID":"1326062","formEdgeID":null},{"edgeID":"1739821","fromID":"1326064","toID":"1326063","formEdgeID":null},{"edgeID":"1739822","fromID":"1326062","toID":"1326065","formEdgeID":null},{"edgeID":"1739823","fromID":"1326065","toID":"1326061","formEdgeID":null},{"edgeID":"1739824","fromID":"1326052","toID":"1326066","formEdgeID":null},{"edgeID":"1739825","fromID":"1326066","toID":"1326057","formEdgeID":null},{"edgeID":"1739826","fromID":"1326061","toID":"1326067","formEdgeID":null},{"edgeID":"1739827","fromID":"1326067","toID":"1326056","formEdgeID":null},{"edgeID":"1739828","fromID":"1326057","toID":"1326068","formEdgeID":null},{"edgeID":"1739829","fromID":"1326068","toID":"1326062","formEdgeID":null},{"edgeID":"1739830","fromID":"1326068","toID":"1326069","formEdgeID":null},{"edgeID":"1739831","fromID":"1326069","toID":"1326067","formEdgeID":null},{"edgeID":"1739832","fromID":"1326072","toID":"1326071","formEdgeID":null},{"edgeID":"1739833","fromID":"1326073","toID":"1326072","formEdgeID":null},{"edgeID":"1739834","fromID":"1326071","toID":"1326074","formEdgeID":null},{"edgeID":"1739835","fromID":"1326074","toID":"1326070","formEdgeID":null},{"edgeID":"1739836","fromID":"1326062","toID":"1326075","formEdgeID":null},{"edgeID":"1739837","fromID":"1326075","toID":"1326071","formEdgeID":null},{"edgeID":"1739838","fromID":"1326078","toID":"1326077","formEdgeID":null},{"edgeID":"1739839","fromID":"1326079","toID":"1326078","formEdgeID":null},{"edgeID":"1739840","fromID":"1326077","toID":"1326080","formEdgeID":null},{"edgeID":"1739841","fromID":"1326080","toID":"1326076","formEdgeID":null},{"edgeID":"1739842","fromID":"1326071","toID":"1326081","formEdgeID":null},{"edgeID":"1739843","fromID":"1326081","toID":"1326077","formEdgeID":null},{"edgeID":"1739844","fromID":"1326076","toID":"1326082","formEdgeID":null},{"edgeID":"1739845","fromID":"1326082","toID":"1326070","formEdgeID":null},{"edgeID":"1739846","fromID":"1326081","toID":"1326083","formEdgeID":null},{"edgeID":"1739847","fromID":"1326083","toID":"1326082","formEdgeID":null},{"edgeID":"1739848","fromID":"1326085","toID":"1326084","formEdgeID":null},{"edgeID":"1739849","fromID":"1326086","toID":"1326085","formEdgeID":null},{"edgeID":"1739850","fromID":"1326084","toID":"1326087","formEdgeID":null},{"edgeID":"1739851","fromID":"1326087","toID":"1148890","formEdgeID":null},{"edgeID":"1739852","fromID":"1326090","toID":"1326089","formEdgeID":null},{"edgeID":"1739853","fromID":"1326091","toID":"1326090","formEdgeID":null},{"edgeID":"1739854","fromID":"1326089","toID":"1326092","formEdgeID":null},{"edgeID":"1739855","fromID":"1326092","toID":"1326088","formEdgeID":null},{"edgeID":"1739856","fromID":"1326077","toID":"1326093","formEdgeID":null},{"edgeID":"1739857","fromID":"1326093","toID":"1326084","formEdgeID":null},{"edgeID":"1739858","fromID":"1148890","toID":"1326094","formEdgeID":null},{"edgeID":"1739859","fromID":"1326094","toID":"1326088","formEdgeID":null},{"edgeID":"1739860","fromID":"1326084","toID":"1326095","formEdgeID":null},{"edgeID":"1739861","fromID":"1326095","toID":"1326089","formEdgeID":null},{"edgeID":"1739862","fromID":"1326095","toID":"1326096","formEdgeID":null},{"edgeID":"1739863","fromID":"1326096","toID":"1326094","formEdgeID":null},{"edgeID":"1739864","fromID":"1326099","toID":"1326098","formEdgeID":null},{"edgeID":"1739865","fromID":"1326100","toID":"1326099","formEdgeID":null},{"edgeID":"1739866","fromID":"1326098","toID":"1326101","formEdgeID":null},{"edgeID":"1739867","fromID":"1326101","toID":"1326097","formEdgeID":null},{"edgeID":"1739868","fromID":"1326104","toID":"1326103","formEdgeID":null},{"edgeID":"1739869","fromID":"1326105","toID":"1326104","formEdgeID":null},{"edgeID":"1739870","fromID":"1326103","toID":"1326106","formEdgeID":null},{"edgeID":"1739871","fromID":"1326106","toID":"1326102","formEdgeID":null},{"edgeID":"1739872","fromID":"1326109","toID":"1326108","formEdgeID":null},{"edgeID":"1739873","fromID":"1326110","toID":"1326109","formEdgeID":null},{"edgeID":"1739874","fromID":"1326108","toID":"1326111","formEdgeID":null},{"edgeID":"1739875","fromID":"1326111","toID":"1326107","formEdgeID":null},{"edgeID":"1739876","fromID":"1326089","toID":"1326112","formEdgeID":null},{"edgeID":"1739877","fromID":"1326112","toID":"1326108","formEdgeID":null},{"edgeID":"1739878","fromID":"1326108","toID":"1326113","formEdgeID":null},{"edgeID":"1739879","fromID":"1326113","toID":"1326098","formEdgeID":null},{"edgeID":"1739880","fromID":"1326098","toID":"1326114","formEdgeID":null},{"edgeID":"1739881","fromID":"1326114","toID":"1326103","formEdgeID":null},{"edgeID":"1739882","fromID":"1326097","toID":"1326115","formEdgeID":null},{"edgeID":"1739883","fromID":"1326115","toID":"1326107","formEdgeID":null},{"edgeID":"1739884","fromID":"1326113","toID":"1326116","formEdgeID":null},{"edgeID":"1739885","fromID":"1326116","toID":"1326115","formEdgeID":null},{"edgeID":"1739886","fromID":"1326119","toID":"1326118","formEdgeID":null},{"edgeID":"1739887","fromID":"1326120","toID":"1326119","formEdgeID":null},{"edgeID":"1739888","fromID":"1326118","toID":"1326121","formEdgeID":null},{"edgeID":"1739889","fromID":"1326121","toID":"1326117","formEdgeID":null},{"edgeID":"1739890","fromID":"1326103","toID":"1326122","formEdgeID":null},{"edgeID":"1739891","fromID":"1326122","toID":"1326118","formEdgeID":null},{"edgeID":"1739892","fromID":"1326102","toID":"1326123","formEdgeID":null},{"edgeID":"1739893","fromID":"1326123","toID":"1326117","formEdgeID":null},{"edgeID":"1739894","fromID":"1326122","toID":"1326124","formEdgeID":null},{"edgeID":"1739895","fromID":"1326124","toID":"1326123","formEdgeID":null},{"edgeID":"1739896","fromID":"1326127","toID":"1326126","formEdgeID":null},{"edgeID":"1739897","fromID":"1326128","toID":"1326127","formEdgeID":null},{"edgeID":"1739898","fromID":"1326126","toID":"1326129","formEdgeID":null},{"edgeID":"1739899","fromID":"1326129","toID":"1326125","formEdgeID":null},{"edgeID":"1739900","fromID":"1326132","toID":"1326131","formEdgeID":null},{"edgeID":"1739901","fromID":"1326133","toID":"1326132","formEdgeID":null},{"edgeID":"1739902","fromID":"1326131","toID":"1326134","formEdgeID":null},{"edgeID":"1739903","fromID":"1326134","toID":"1326130","formEdgeID":null},{"edgeID":"1739904","fromID":"1326118","toID":"1326135","formEdgeID":null},{"edgeID":"1739905","fromID":"1326135","toID":"1326126","formEdgeID":null},{"edgeID":"1739906","fromID":"1326126","toID":"1326136","formEdgeID":null},{"edgeID":"1739907","fromID":"1326136","toID":"1326131","formEdgeID":null},{"edgeID":"1739908","fromID":"1326130","toID":"1326137","formEdgeID":null},{"edgeID":"1739909","fromID":"1326137","toID":"1326125","formEdgeID":null},{"edgeID":"1739910","fromID":"1326136","toID":"1326138","formEdgeID":null},{"edgeID":"1739911","fromID":"1326138","toID":"1326137","formEdgeID":null},{"edgeID":"1739912","fromID":"1326141","toID":"1326140","formEdgeID":null},{"edgeID":"1739913","fromID":"1326142","toID":"1326141","formEdgeID":null},{"edgeID":"1739914","fromID":"1326140","toID":"1326143","formEdgeID":null},{"edgeID":"1739915","fromID":"1326143","toID":"1326139","formEdgeID":null},{"edgeID":"1739916","fromID":"1326146","toID":"1326145","formEdgeID":null},{"edgeID":"1739917","fromID":"1326147","toID":"1326146","formEdgeID":null},{"edgeID":"1739918","fromID":"1326145","toID":"1326148","formEdgeID":null},{"edgeID":"1739919","fromID":"1326148","toID":"1326144","formEdgeID":null},{"edgeID":"1739920","fromID":"1326131","toID":"1326149","formEdgeID":null},{"edgeID":"1739921","fromID":"1326149","toID":"1326140","formEdgeID":null},{"edgeID":"1739922","fromID":"1326140","toID":"1326150","formEdgeID":null},{"edgeID":"1739923","fromID":"1326150","toID":"1326145","formEdgeID":null},{"edgeID":"1739924","fromID":"1326153","toID":"1326152","formEdgeID":null},{"edgeID":"1739925","fromID":"1326154","toID":"1326153","formEdgeID":null},{"edgeID":"1739926","fromID":"1326152","toID":"1326155","formEdgeID":null},{"edgeID":"1739927","fromID":"1326155","toID":"1326151","formEdgeID":null},{"edgeID":"1739928","fromID":"1326158","toID":"1326157","formEdgeID":null},{"edgeID":"1739929","fromID":"1326159","toID":"1326158","formEdgeID":null},{"edgeID":"1739930","fromID":"1326157","toID":"1326160","formEdgeID":null},{"edgeID":"1739931","fromID":"1326160","toID":"1326156","formEdgeID":null},{"edgeID":"1739932","fromID":"1326145","toID":"1326161","formEdgeID":null},{"edgeID":"1739933","fromID":"1326161","toID":"1326152","formEdgeID":null},{"edgeID":"1739934","fromID":"1326151","toID":"1326162","formEdgeID":null},{"edgeID":"1739935","fromID":"1326162","toID":"1326144","formEdgeID":null},{"edgeID":"1739936","fromID":"1326161","toID":"1326163","formEdgeID":null},{"edgeID":"1739937","fromID":"1326163","toID":"1326162","formEdgeID":null},{"edgeID":"1739938","fromID":"1326151","toID":"1326164","formEdgeID":null},{"edgeID":"1739939","fromID":"1326164","toID":"1326139","formEdgeID":null},{"edgeID":"1739940","fromID":"1326140","toID":"1326165","formEdgeID":null},{"edgeID":"1739941","fromID":"1326165","toID":"1326152","formEdgeID":null},{"edgeID":"1739942","fromID":"1326165","toID":"1326166","formEdgeID":null},{"edgeID":"1739943","fromID":"1326166","toID":"1326164","formEdgeID":null},{"edgeID":"1739944","fromID":"1326139","toID":"1326167","formEdgeID":null},{"edgeID":"1739945","fromID":"1326167","toID":"1326156","formEdgeID":null},{"edgeID":"1739946","fromID":"1326140","toID":"1326168","formEdgeID":null},{"edgeID":"1739947","fromID":"1326168","toID":"1326157","formEdgeID":null},{"edgeID":"1739948","fromID":"1326168","toID":"1326169","formEdgeID":null},{"edgeID":"1739949","fromID":"1326169","toID":"1326167","formEdgeID":null}],"locutions":[]}