{"nodes":[{"nodeID":"1328972","text":"we have regional disparities","type":"I","timestamp":"2023-11-09 13:36:15"},{"nodeID":"1328973","text":"Chris Bryant: We have regional disparities","type":"L","timestamp":"2023-11-09 13:36:15"},{"nodeID":"1328974","text":"Analysing","type":"YA","timestamp":"2023-11-09 13:36:15"},{"nodeID":"1328975","text":"Zlata: Chris Bryant: We have regional disparities","type":"L","timestamp":"2023-11-09 13:36:15"},{"nodeID":"1328976","text":"Asserting","type":"YA","timestamp":"2023-11-09 13:36:15"},{"nodeID":"1328977","text":"we have postcode lotteries in terms of healthcare provision, and housing","type":"I","timestamp":"2023-11-09 13:36:15"},{"nodeID":"1328978","text":"Chris Bryant: postcode lotteries in terms of healthcare provision, and housing","type":"L","timestamp":"2023-11-09 13:36:15"},{"nodeID":"1328979","text":"Analysing","type":"YA","timestamp":"2023-11-09 13:36:15"},{"nodeID":"1328980","text":"Zlata: Chris Bryant: postcode lotteries in terms of healthcare provision, and housing","type":"L","timestamp":"2023-11-09 13:36:15"},{"nodeID":"1328981","text":"Asserting","type":"YA","timestamp":"2023-11-09 13:36:15"},{"nodeID":"1328982","text":"Default Transition","type":"TA","timestamp":"2023-11-09 13:36:15"},{"nodeID":"1328983","text":"Chris Bryant always supported the idea of people being able to buy their own Council house as long as the money then went into building more Council houses for other people","type":"I","timestamp":"2023-11-09 13:36:16"},{"nodeID":"1328984","text":"Chris Bryant:  I always supported the idea of people being able to buy their own Council house as long as the money then went into building more Council houses for other people","type":"L","timestamp":"2023-11-09 13:36:16"},{"nodeID":"1328985","text":"Analysing","type":"YA","timestamp":"2023-11-09 13:36:16"},{"nodeID":"1328986","text":"Zlata: Chris Bryant:  I always supported the idea of people being able to buy their own Council house as long as the money then went into building more Council houses for other people","type":"L","timestamp":"2023-11-09 13:36:16"},{"nodeID":"1328987","text":"Asserting","type":"YA","timestamp":"2023-11-09 13:36:16"},{"nodeID":"1328988","text":"Chris Bryant:  I completely agree","type":"L","timestamp":"2023-11-09 13:36:16"},{"nodeID":"1328989","text":"Analysing","type":"YA","timestamp":"2023-11-09 13:36:16"},{"nodeID":"1328990","text":"Zlata: Chris Bryant:  I completely agree","type":"L","timestamp":"2023-11-09 13:36:16"},{"nodeID":"1328991","text":"Default Transition","type":"TA","timestamp":"2023-11-09 13:36:16"},{"nodeID":"1328992","text":"Chris Bryant will be straight about the housing issue in the UK","type":"I","timestamp":"2023-11-09 13:36:16"},{"nodeID":"1328993","text":"Chris Bryant:  I will be straight about this","type":"L","timestamp":"2023-11-09 13:36:16"},{"nodeID":"1328994","text":"Analysing","type":"YA","timestamp":"2023-11-09 13:36:16"},{"nodeID":"1328995","text":"Zlata: Chris Bryant:  I will be straight about this","type":"L","timestamp":"2023-11-09 13:36:16"},{"nodeID":"1328996","text":"Asserting","type":"YA","timestamp":"2023-11-09 13:36:16"},{"nodeID":"1328997","text":"Default Transition","type":"TA","timestamp":"2023-11-09 13:36:16"},{"nodeID":"1328998","text":"failure of the Labour Government in the past was that we didn't build enough Council housing","type":"I","timestamp":"2023-11-09 13:36:17"},{"nodeID":"1328999","text":"Chris Bryant: failure of the Labour Government in the past was that we didn't build enough Council housing","type":"L","timestamp":"2023-11-09 13:36:17"},{"nodeID":"1329000","text":"Analysing","type":"YA","timestamp":"2023-11-09 13:36:17"},{"nodeID":"1329001","text":"Zlata: Chris Bryant: failure of the Labour Government in the past was that we didn't build enough Council housing","type":"L","timestamp":"2023-11-09 13:36:17"},{"nodeID":"1329002","text":"Asserting","type":"YA","timestamp":"2023-11-09 13:36:17"},{"nodeID":"1329003","text":"Default Transition","type":"TA","timestamp":"2023-11-09 13:36:17"},{"nodeID":"1329004","text":"Default Rephrase","type":"MA","timestamp":"2023-11-09 13:36:17"},{"nodeID":"1329005","text":"Restating","type":"YA","timestamp":"2023-11-09 13:36:17"},{"nodeID":"1329006","text":"you are basically pulling up the ladder once you have climbed up if money spent on Council housing doesn't go back into building more Council housing","type":"I","timestamp":"2023-11-09 13:36:18"},{"nodeID":"1329007","text":"Chris Bryant: you are basically pulling up the ladder once you have climbed up","type":"L","timestamp":"2023-11-09 13:36:18"},{"nodeID":"1329008","text":"Analysing","type":"YA","timestamp":"2023-11-09 13:36:18"},{"nodeID":"1329009","text":"Zlata: Chris Bryant: you are basically pulling up the ladder once you have climbed up","type":"L","timestamp":"2023-11-09 13:36:18"},{"nodeID":"1329010","text":"Asserting","type":"YA","timestamp":"2023-11-09 13:36:18"},{"nodeID":"1329011","text":"Default Transition","type":"TA","timestamp":"2023-11-09 13:36:18"},{"nodeID":"1329012","text":"Default Inference","type":"RA","timestamp":"2023-11-09 13:36:18"},{"nodeID":"1329013","text":"Arguing","type":"YA","timestamp":"2023-11-09 13:36:18"},{"nodeID":"1329014","text":"we just need to build more affordable houses","type":"I","timestamp":"2023-11-09 13:36:18"},{"nodeID":"1329015","text":"Chris Bryant: we just need to build more affordable houses","type":"L","timestamp":"2023-11-09 13:36:18"},{"nodeID":"1329016","text":"Analysing","type":"YA","timestamp":"2023-11-09 13:36:18"},{"nodeID":"1329017","text":"Zlata: Chris Bryant: we just need to build more affordable houses","type":"L","timestamp":"2023-11-09 13:36:18"},{"nodeID":"1329018","text":"Asserting","type":"YA","timestamp":"2023-11-09 13:36:18"},{"nodeID":"1329019","text":"Default Transition","type":"TA","timestamp":"2023-11-09 13:36:18"},{"nodeID":"1329020","text":"Default Inference","type":"RA","timestamp":"2023-11-09 13:36:18"},{"nodeID":"1329021","text":"Arguing","type":"YA","timestamp":"2023-11-09 13:36:18"},{"nodeID":"1329022","text":"the affordable housing that we build needs to be genuinely affordable","type":"I","timestamp":"2023-11-09 13:36:19"},{"nodeID":"1329023","text":"Fiona Bruce: it needs to be genuinely affordable","type":"L","timestamp":"2023-11-09 13:36:19"},{"nodeID":"1329024","text":"Analysing","type":"YA","timestamp":"2023-11-09 13:36:19"},{"nodeID":"1329025","text":"Zlata: Fiona Bruce: it needs to be genuinely affordable","type":"L","timestamp":"2023-11-09 13:36:19"},{"nodeID":"1329026","text":"Asserting","type":"YA","timestamp":"2023-11-09 13:36:19"},{"nodeID":"1329027","text":"Default Transition","type":"TA","timestamp":"2023-11-09 13:36:19"},{"nodeID":"1329028","text":"Default Rephrase","type":"MA","timestamp":"2023-11-09 13:36:19"},{"nodeID":"1329029","text":"Restating","type":"YA","timestamp":"2023-11-09 13:36:19"},{"nodeID":"1329030","text":"Default Transition","type":"TA","timestamp":"2023-11-09 13:36:19"},{"nodeID":"1329031","text":"Default Inference","type":"RA","timestamp":"2023-11-09 13:36:19"},{"nodeID":"1329032","text":"Arguing","type":"YA","timestamp":"2023-11-09 13:36:19"},{"nodeID":"1329033","text":"there should or shouldn't be legislation to curb the number of second homes","type":"I","timestamp":"2023-11-09 13:36:19"},{"nodeID":"1329034","text":"Fiona Bruce:  should there be legislation to curb the number of second homes","type":"L","timestamp":"2023-11-09 13:36:19"},{"nodeID":"1329035","text":"Analysing","type":"YA","timestamp":"2023-11-09 13:36:19"},{"nodeID":"1329036","text":"Zlata: Fiona Bruce:  should there be legislation to curb the number of second homes","type":"L","timestamp":"2023-11-09 13:36:19"},{"nodeID":"1329037","text":"Pure Questioning","type":"YA","timestamp":"2023-11-09 13:36:19"},{"nodeID":"1329038","text":"Default Transition","type":"TA","timestamp":"2023-11-09 13:36:19"},{"nodeID":"1329039","text":"there needs to be legislation to curb the number of second homes","type":"I","timestamp":"2023-11-09 13:36:20"},{"nodeID":"1329040","text":"Chris Bryant: there needs to be legislation","type":"L","timestamp":"2023-11-09 13:36:20"},{"nodeID":"1329041","text":"Analysing","type":"YA","timestamp":"2023-11-09 13:36:20"},{"nodeID":"1329042","text":"Zlata: Chris Bryant: there needs to be legislation","type":"L","timestamp":"2023-11-09 13:36:20"},{"nodeID":"1329043","text":"Asserting","type":"YA","timestamp":"2023-11-09 13:36:20"},{"nodeID":"1329044","text":"Default Transition","type":"TA","timestamp":"2023-11-09 13:36:20"},{"nodeID":"1329045","text":"Default Rephrase","type":"MA","timestamp":"2023-11-09 13:36:20"},{"nodeID":"1329046","text":"Default Illocuting","type":"YA","timestamp":"2023-11-09 13:36:20"},{"nodeID":"1329047","text":"we need to implement legislation that curbs the number of second homes in a way that allows local authorities to make specific decisions","type":"I","timestamp":"2023-11-09 13:36:20"},{"nodeID":"1329048","text":"Chris Bryant: It needs to do it in a way that allows local authorities to make specific decisions","type":"L","timestamp":"2023-11-09 13:36:20"},{"nodeID":"1329049","text":"Analysing","type":"YA","timestamp":"2023-11-09 13:36:20"},{"nodeID":"1329050","text":"Zlata: Chris Bryant: It needs to do it in a way that allows local authorities to make specific decisions","type":"L","timestamp":"2023-11-09 13:36:20"},{"nodeID":"1329051","text":"Asserting","type":"YA","timestamp":"2023-11-09 13:36:20"},{"nodeID":"1329052","text":"Default Transition","type":"TA","timestamp":"2023-11-09 13:36:20"},{"nodeID":"1329053","text":"Default Rephrase","type":"MA","timestamp":"2023-11-09 13:36:20"},{"nodeID":"1329054","text":"Restating","type":"YA","timestamp":"2023-11-09 13:36:20"},{"nodeID":"1329055","text":"one of the issues in the Rhondda is that we have something like 72% home ownership","type":"I","timestamp":"2023-11-09 13:36:21"},{"nodeID":"1329056","text":"Chris Bryant: one of the issues in the Rhondda we have something like 72% home ownership","type":"L","timestamp":"2023-11-09 13:36:21"},{"nodeID":"1329057","text":"Analysing","type":"YA","timestamp":"2023-11-09 13:36:21"},{"nodeID":"1329058","text":"Zlata: Chris Bryant: one of the issues in the Rhondda we have something like 72% home ownership","type":"L","timestamp":"2023-11-09 13:36:21"},{"nodeID":"1329059","text":"Asserting","type":"YA","timestamp":"2023-11-09 13:36:21"},{"nodeID":"1329060","text":"Default Transition","type":"TA","timestamp":"2023-11-09 13:36:21"},{"nodeID":"1329061","text":"homes that are owned in Rhondda were all former miner cottages","type":"I","timestamp":"2023-11-09 13:36:22"},{"nodeID":"1329062","text":"Chris Bryant: They were all former miner cottages","type":"L","timestamp":"2023-11-09 13:36:22"},{"nodeID":"1329063","text":"Analysing","type":"YA","timestamp":"2023-11-09 13:36:22"},{"nodeID":"1329064","text":"Zlata: Chris Bryant: They were all former miner cottages","type":"L","timestamp":"2023-11-09 13:36:22"},{"nodeID":"1329065","text":"Asserting","type":"YA","timestamp":"2023-11-09 13:36:22"},{"nodeID":"1329066","text":"Default Transition","type":"TA","timestamp":"2023-11-09 13:36:22"},{"nodeID":"1329067","text":"the average cost of a house in Rhondda is something like 100,000 pounds","type":"I","timestamp":"2023-11-09 13:36:22"},{"nodeID":"1329068","text":"Chris Bryant: The average cost of a house is something like 100,000 pounds","type":"L","timestamp":"2023-11-09 13:36:22"},{"nodeID":"1329069","text":"Analysing","type":"YA","timestamp":"2023-11-09 13:36:22"},{"nodeID":"1329070","text":"Zlata: Chris Bryant: The average cost of a house is something like 100,000 pounds","type":"L","timestamp":"2023-11-09 13:36:22"},{"nodeID":"1329071","text":"Asserting","type":"YA","timestamp":"2023-11-09 13:36:22"},{"nodeID":"1329072","text":"Default Transition","type":"TA","timestamp":"2023-11-09 13:36:22"},{"nodeID":"1329073","text":"the avarage cost of a house in Rhondda is less than the cost of a tree house at Chequers","type":"I","timestamp":"2023-11-09 13:36:23"},{"nodeID":"1329074","text":"Chris Bryant:  less than the cost of a tree house at Chequers","type":"L","timestamp":"2023-11-09 13:36:23"},{"nodeID":"1329075","text":"Analysing","type":"YA","timestamp":"2023-11-09 13:36:23"},{"nodeID":"1329076","text":"Zlata: Chris Bryant:  less than the cost of a tree house at Chequers","type":"L","timestamp":"2023-11-09 13:36:23"},{"nodeID":"1329077","text":"Asserting","type":"YA","timestamp":"2023-11-09 13:36:23"},{"nodeID":"1329078","text":"Default Transition","type":"TA","timestamp":"2023-11-09 13:36:23"},{"nodeID":"1329079","text":"Default Rephrase","type":"MA","timestamp":"2023-11-09 13:36:23"},{"nodeID":"1329080","text":"Restating","type":"YA","timestamp":"2023-11-09 13:36:23"},{"nodeID":"1329081","text":"Chris Bryant wants to see each different area being able to make their own decisions regarding the second home ownership","type":"I","timestamp":"2023-11-09 13:36:23"},{"nodeID":"1329082","text":"Chris Bryant: I want to see is each different area being able to make their own decisions","type":"L","timestamp":"2023-11-09 13:36:23"},{"nodeID":"1329083","text":"Analysing","type":"YA","timestamp":"2023-11-09 13:36:23"},{"nodeID":"1329084","text":"Zlata: Chris Bryant: I want to see is each different area being able to make their own decisions","type":"L","timestamp":"2023-11-09 13:36:23"},{"nodeID":"1329085","text":"Asserting","type":"YA","timestamp":"2023-11-09 13:36:23"},{"nodeID":"1329086","text":"in the Rhondda we haven't got this issue with second home ownership","type":"I","timestamp":"2023-11-09 13:36:24"},{"nodeID":"1329087","text":"Chris Bryant: in the Rhondda we haven't got this issue","type":"L","timestamp":"2023-11-09 13:36:24"},{"nodeID":"1329088","text":"Analysing","type":"YA","timestamp":"2023-11-09 13:36:24"},{"nodeID":"1329089","text":"Zlata: Chris Bryant: in the Rhondda we haven't got this issue","type":"L","timestamp":"2023-11-09 13:36:24"},{"nodeID":"1329090","text":"Asserting","type":"YA","timestamp":"2023-11-09 13:36:24"},{"nodeID":"1329091","text":"Default Transition","type":"TA","timestamp":"2023-11-09 13:36:24"},{"nodeID":"1329092","text":"in the Brecon Beacons just next door they do have an issue with a second home ownership","type":"I","timestamp":"2023-11-09 13:36:25"},{"nodeID":"1329093","text":"Chris Bryant: in the Brecon Beacons just next door they do","type":"L","timestamp":"2023-11-09 13:36:25"},{"nodeID":"1329094","text":"Analysing","type":"YA","timestamp":"2023-11-09 13:36:25"},{"nodeID":"1329095","text":"Zlata: Chris Bryant: in the Brecon Beacons just next door they do","type":"L","timestamp":"2023-11-09 13:36:25"},{"nodeID":"1329096","text":"Asserting","type":"YA","timestamp":"2023-11-09 13:36:25"},{"nodeID":"1329097","text":"Default Transition","type":"TA","timestamp":"2023-11-09 13:36:25"},{"nodeID":"1329098","text":"Default Inference","type":"RA","timestamp":"2023-11-09 13:36:25"},{"nodeID":"1329099","text":"Arguing","type":"YA","timestamp":"2023-11-09 13:36:25"},{"nodeID":"1329100","text":"Default Rephrase","type":"MA","timestamp":"2023-11-09 13:36:25"},{"nodeID":"1329101","text":"Default Transition","type":"TA","timestamp":"2023-11-09 13:36:25"},{"nodeID":"1329102","text":"Restating","type":"YA","timestamp":"2023-11-09 13:36:25"},{"nodeID":"1329103","text":"Default Inference","type":"RA","timestamp":"2023-11-09 13:36:25"},{"nodeID":"1329104","text":"Arguing","type":"YA","timestamp":"2023-11-09 13:36:25"},{"nodeID":"1329105","text":"Default Inference","type":"RA","timestamp":"2023-11-09 13:36:25"},{"nodeID":"1329106","text":"Default Transition","type":"TA","timestamp":"2023-11-09 13:36:25"},{"nodeID":"1329107","text":"Default Transition","type":"TA","timestamp":"2023-11-09 13:36:25"},{"nodeID":"1329108","text":"Arguing","type":"YA","timestamp":"2023-11-09 13:36:25"}],"edges":[{"edgeID":"1743288","fromID":"1328974","toID":"1328973","formEdgeID":null},{"edgeID":"1743289","fromID":"1328975","toID":"1328974","formEdgeID":null},{"edgeID":"1743290","fromID":"1328973","toID":"1328976","formEdgeID":null},{"edgeID":"1743291","fromID":"1328976","toID":"1328972","formEdgeID":null},{"edgeID":"1743292","fromID":"1328979","toID":"1328978","formEdgeID":null},{"edgeID":"1743293","fromID":"1328980","toID":"1328979","formEdgeID":null},{"edgeID":"1743294","fromID":"1328978","toID":"1328981","formEdgeID":null},{"edgeID":"1743295","fromID":"1328981","toID":"1328977","formEdgeID":null},{"edgeID":"1743296","fromID":"1328973","toID":"1328982","formEdgeID":null},{"edgeID":"1743297","fromID":"1328982","toID":"1328978","formEdgeID":null},{"edgeID":"1743298","fromID":"1328985","toID":"1328984","formEdgeID":null},{"edgeID":"1743299","fromID":"1328986","toID":"1328985","formEdgeID":null},{"edgeID":"1743300","fromID":"1328984","toID":"1328987","formEdgeID":null},{"edgeID":"1743301","fromID":"1328987","toID":"1328983","formEdgeID":null},{"edgeID":"1743302","fromID":"1328989","toID":"1328988","formEdgeID":null},{"edgeID":"1743303","fromID":"1328990","toID":"1328989","formEdgeID":null},{"edgeID":"1743304","fromID":"1328978","toID":"1328991","formEdgeID":null},{"edgeID":"1743305","fromID":"1328991","toID":"1328988","formEdgeID":null},{"edgeID":"1743306","fromID":"1328994","toID":"1328993","formEdgeID":null},{"edgeID":"1743307","fromID":"1328995","toID":"1328994","formEdgeID":null},{"edgeID":"1743308","fromID":"1328993","toID":"1328996","formEdgeID":null},{"edgeID":"1743309","fromID":"1328996","toID":"1328992","formEdgeID":null},{"edgeID":"1743310","fromID":"1328988","toID":"1328997","formEdgeID":null},{"edgeID":"1743311","fromID":"1328997","toID":"1328993","formEdgeID":null},{"edgeID":"1743312","fromID":"1329000","toID":"1328999","formEdgeID":null},{"edgeID":"1743313","fromID":"1329001","toID":"1329000","formEdgeID":null},{"edgeID":"1743314","fromID":"1328999","toID":"1329002","formEdgeID":null},{"edgeID":"1743315","fromID":"1329002","toID":"1328998","formEdgeID":null},{"edgeID":"1743316","fromID":"1328993","toID":"1329003","formEdgeID":null},{"edgeID":"1743317","fromID":"1329003","toID":"1328999","formEdgeID":null},{"edgeID":"1743318","fromID":"1328998","toID":"1329004","formEdgeID":null},{"edgeID":"1743319","fromID":"1329004","toID":"1328992","formEdgeID":null},{"edgeID":"1743320","fromID":"1329003","toID":"1329005","formEdgeID":null},{"edgeID":"1743321","fromID":"1329005","toID":"1329004","formEdgeID":null},{"edgeID":"1743322","fromID":"1329008","toID":"1329007","formEdgeID":null},{"edgeID":"1743323","fromID":"1329009","toID":"1329008","formEdgeID":null},{"edgeID":"1743324","fromID":"1329007","toID":"1329010","formEdgeID":null},{"edgeID":"1743325","fromID":"1329010","toID":"1329006","formEdgeID":null},{"edgeID":"1743326","fromID":"1328984","toID":"1329011","formEdgeID":null},{"edgeID":"1743327","fromID":"1329011","toID":"1329007","formEdgeID":null},{"edgeID":"1743328","fromID":"1329006","toID":"1329012","formEdgeID":null},{"edgeID":"1743329","fromID":"1329012","toID":"1328983","formEdgeID":null},{"edgeID":"1743330","fromID":"1329011","toID":"1329013","formEdgeID":null},{"edgeID":"1743331","fromID":"1329013","toID":"1329012","formEdgeID":null},{"edgeID":"1743332","fromID":"1329016","toID":"1329015","formEdgeID":null},{"edgeID":"1743333","fromID":"1329017","toID":"1329016","formEdgeID":null},{"edgeID":"1743334","fromID":"1329015","toID":"1329018","formEdgeID":null},{"edgeID":"1743335","fromID":"1329018","toID":"1329014","formEdgeID":null},{"edgeID":"1743336","fromID":"1328999","toID":"1329019","formEdgeID":null},{"edgeID":"1743337","fromID":"1329019","toID":"1329007","formEdgeID":null},{"edgeID":"1743338","fromID":"1329006","toID":"1329020","formEdgeID":null},{"edgeID":"1743339","fromID":"1329020","toID":"1328998","formEdgeID":null},{"edgeID":"1743340","fromID":"1329019","toID":"1329021","formEdgeID":null},{"edgeID":"1743341","fromID":"1329021","toID":"1329020","formEdgeID":null},{"edgeID":"1743342","fromID":"1329024","toID":"1329023","formEdgeID":null},{"edgeID":"1743343","fromID":"1329025","toID":"1329024","formEdgeID":null},{"edgeID":"1743344","fromID":"1329023","toID":"1329026","formEdgeID":null},{"edgeID":"1743345","fromID":"1329026","toID":"1329022","formEdgeID":null},{"edgeID":"1743346","fromID":"1329015","toID":"1329027","formEdgeID":null},{"edgeID":"1743347","fromID":"1329027","toID":"1329023","formEdgeID":null},{"edgeID":"1743348","fromID":"1329022","toID":"1329028","formEdgeID":null},{"edgeID":"1743349","fromID":"1329028","toID":"1329014","formEdgeID":null},{"edgeID":"1743350","fromID":"1329027","toID":"1329029","formEdgeID":null},{"edgeID":"1743351","fromID":"1329029","toID":"1329028","formEdgeID":null},{"edgeID":"1743352","fromID":"1328999","toID":"1329030","formEdgeID":null},{"edgeID":"1743353","fromID":"1329030","toID":"1329015","formEdgeID":null},{"edgeID":"1743354","fromID":"1328998","toID":"1329031","formEdgeID":null},{"edgeID":"1743355","fromID":"1329031","toID":"1329014","formEdgeID":null},{"edgeID":"1743356","fromID":"1329030","toID":"1329032","formEdgeID":null},{"edgeID":"1743357","fromID":"1329032","toID":"1329031","formEdgeID":null},{"edgeID":"1743358","fromID":"1329035","toID":"1329034","formEdgeID":null},{"edgeID":"1743359","fromID":"1329036","toID":"1329035","formEdgeID":null},{"edgeID":"1743360","fromID":"1329034","toID":"1329037","formEdgeID":null},{"edgeID":"1743361","fromID":"1329037","toID":"1329033","formEdgeID":null},{"edgeID":"1743362","fromID":"1329023","toID":"1329038","formEdgeID":null},{"edgeID":"1743363","fromID":"1329038","toID":"1329034","formEdgeID":null},{"edgeID":"1743364","fromID":"1329041","toID":"1329040","formEdgeID":null},{"edgeID":"1743365","fromID":"1329042","toID":"1329041","formEdgeID":null},{"edgeID":"1743366","fromID":"1329040","toID":"1329043","formEdgeID":null},{"edgeID":"1743367","fromID":"1329043","toID":"1329039","formEdgeID":null},{"edgeID":"1743368","fromID":"1329034","toID":"1329044","formEdgeID":null},{"edgeID":"1743369","fromID":"1329044","toID":"1329040","formEdgeID":null},{"edgeID":"1743370","fromID":"1329039","toID":"1329045","formEdgeID":null},{"edgeID":"1743371","fromID":"1329045","toID":"1329033","formEdgeID":null},{"edgeID":"1743372","fromID":"1329044","toID":"1329046","formEdgeID":null},{"edgeID":"1743373","fromID":"1329046","toID":"1329045","formEdgeID":null},{"edgeID":"1743374","fromID":"1329049","toID":"1329048","formEdgeID":null},{"edgeID":"1743375","fromID":"1329050","toID":"1329049","formEdgeID":null},{"edgeID":"1743376","fromID":"1329048","toID":"1329051","formEdgeID":null},{"edgeID":"1743377","fromID":"1329051","toID":"1329047","formEdgeID":null},{"edgeID":"1743378","fromID":"1329040","toID":"1329052","formEdgeID":null},{"edgeID":"1743379","fromID":"1329052","toID":"1329048","formEdgeID":null},{"edgeID":"1743380","fromID":"1329047","toID":"1329053","formEdgeID":null},{"edgeID":"1743381","fromID":"1329053","toID":"1329039","formEdgeID":null},{"edgeID":"1743382","fromID":"1329052","toID":"1329054","formEdgeID":null},{"edgeID":"1743383","fromID":"1329054","toID":"1329053","formEdgeID":null},{"edgeID":"1743384","fromID":"1329057","toID":"1329056","formEdgeID":null},{"edgeID":"1743385","fromID":"1329058","toID":"1329057","formEdgeID":null},{"edgeID":"1743386","fromID":"1329056","toID":"1329059","formEdgeID":null},{"edgeID":"1743387","fromID":"1329059","toID":"1329055","formEdgeID":null},{"edgeID":"1743388","fromID":"1329048","toID":"1329060","formEdgeID":null},{"edgeID":"1743389","fromID":"1329060","toID":"1329056","formEdgeID":null},{"edgeID":"1743390","fromID":"1329063","toID":"1329062","formEdgeID":null},{"edgeID":"1743391","fromID":"1329064","toID":"1329063","formEdgeID":null},{"edgeID":"1743392","fromID":"1329062","toID":"1329065","formEdgeID":null},{"edgeID":"1743393","fromID":"1329065","toID":"1329061","formEdgeID":null},{"edgeID":"1743394","fromID":"1329056","toID":"1329066","formEdgeID":null},{"edgeID":"1743395","fromID":"1329066","toID":"1329062","formEdgeID":null},{"edgeID":"1743396","fromID":"1329069","toID":"1329068","formEdgeID":null},{"edgeID":"1743397","fromID":"1329070","toID":"1329069","formEdgeID":null},{"edgeID":"1743398","fromID":"1329068","toID":"1329071","formEdgeID":null},{"edgeID":"1743399","fromID":"1329071","toID":"1329067","formEdgeID":null},{"edgeID":"1743400","fromID":"1329062","toID":"1329072","formEdgeID":null},{"edgeID":"1743401","fromID":"1329072","toID":"1329068","formEdgeID":null},{"edgeID":"1743402","fromID":"1329075","toID":"1329074","formEdgeID":null},{"edgeID":"1743403","fromID":"1329076","toID":"1329075","formEdgeID":null},{"edgeID":"1743404","fromID":"1329074","toID":"1329077","formEdgeID":null},{"edgeID":"1743405","fromID":"1329077","toID":"1329073","formEdgeID":null},{"edgeID":"1743406","fromID":"1329068","toID":"1329078","formEdgeID":null},{"edgeID":"1743407","fromID":"1329078","toID":"1329074","formEdgeID":null},{"edgeID":"1743408","fromID":"1329073","toID":"1329079","formEdgeID":null},{"edgeID":"1743409","fromID":"1329079","toID":"1329067","formEdgeID":null},{"edgeID":"1743410","fromID":"1329078","toID":"1329080","formEdgeID":null},{"edgeID":"1743411","fromID":"1329080","toID":"1329079","formEdgeID":null},{"edgeID":"1743412","fromID":"1329083","toID":"1329082","formEdgeID":null},{"edgeID":"1743413","fromID":"1329084","toID":"1329083","formEdgeID":null},{"edgeID":"1743414","fromID":"1329082","toID":"1329085","formEdgeID":null},{"edgeID":"1743415","fromID":"1329085","toID":"1329081","formEdgeID":null},{"edgeID":"1743416","fromID":"1329088","toID":"1329087","formEdgeID":null},{"edgeID":"1743417","fromID":"1329089","toID":"1329088","formEdgeID":null},{"edgeID":"1743418","fromID":"1329087","toID":"1329090","formEdgeID":null},{"edgeID":"1743419","fromID":"1329090","toID":"1329086","formEdgeID":null},{"edgeID":"1743420","fromID":"1329082","toID":"1329091","formEdgeID":null},{"edgeID":"1743421","fromID":"1329091","toID":"1329087","formEdgeID":null},{"edgeID":"1743422","fromID":"1329094","toID":"1329093","formEdgeID":null},{"edgeID":"1743423","fromID":"1329095","toID":"1329094","formEdgeID":null},{"edgeID":"1743424","fromID":"1329093","toID":"1329096","formEdgeID":null},{"edgeID":"1743425","fromID":"1329096","toID":"1329092","formEdgeID":null},{"edgeID":"1743426","fromID":"1329082","toID":"1329097","formEdgeID":null},{"edgeID":"1743427","fromID":"1329097","toID":"1329093","formEdgeID":null},{"edgeID":"1743428","fromID":"1329092","toID":"1329098","formEdgeID":null},{"edgeID":"1743429","fromID":"1329098","toID":"1329081","formEdgeID":null},{"edgeID":"1743430","fromID":"1329086","toID":"1329098","formEdgeID":null},{"edgeID":"1743431","fromID":"1329097","toID":"1329099","formEdgeID":null},{"edgeID":"1743432","fromID":"1329099","toID":"1329098","formEdgeID":null},{"edgeID":"1743433","fromID":"1329081","toID":"1329100","formEdgeID":null},{"edgeID":"1743434","fromID":"1329100","toID":"1329047","formEdgeID":null},{"edgeID":"1743435","fromID":"1329048","toID":"1329101","formEdgeID":null},{"edgeID":"1743436","fromID":"1329101","toID":"1329082","formEdgeID":null},{"edgeID":"1743437","fromID":"1329101","toID":"1329102","formEdgeID":null},{"edgeID":"1743438","fromID":"1329102","toID":"1329100","formEdgeID":null},{"edgeID":"1743439","fromID":"1329061","toID":"1329103","formEdgeID":null},{"edgeID":"1743440","fromID":"1329103","toID":"1329055","formEdgeID":null},{"edgeID":"1743441","fromID":"1329066","toID":"1329104","formEdgeID":null},{"edgeID":"1743442","fromID":"1329104","toID":"1329103","formEdgeID":null},{"edgeID":"1743443","fromID":"1329055","toID":"1329105","formEdgeID":null},{"edgeID":"1743444","fromID":"1329105","toID":"1329086","formEdgeID":null},{"edgeID":"1743445","fromID":"1329067","toID":"1329105","formEdgeID":null},{"edgeID":"1743446","fromID":"1329056","toID":"1329106","formEdgeID":null},{"edgeID":"1743447","fromID":"1329106","toID":"1329087","formEdgeID":null},{"edgeID":"1743448","fromID":"1329068","toID":"1329107","formEdgeID":null},{"edgeID":"1743449","fromID":"1329107","toID":"1329087","formEdgeID":null},{"edgeID":"1743450","fromID":"1329107","toID":"1329108","formEdgeID":null},{"edgeID":"1743451","fromID":"1329108","toID":"1329105","formEdgeID":null}],"locutions":[]}