{"nodes":[{"nodeID":"1327698","text":"it's important we don't say right now because of rising prices all the wages in the economy need to go up by the same amount","type":"I","timestamp":"2023-11-09 13:34:31"},{"nodeID":"1327699","text":"Bim Afolami: It's important we don't say right now because of rising prices all the wages in the economy need to go up by the same amount","type":"L","timestamp":"2023-11-09 13:34:31"},{"nodeID":"1327700","text":"Analysing","type":"YA","timestamp":"2023-11-09 13:34:31"},{"nodeID":"1327701","text":"Pawe\u0142: Bim Afolami: It's important we don't say right now because of rising prices all the wages in the economy need to go up by the same amount","type":"L","timestamp":"2023-11-09 13:34:31"},{"nodeID":"1327702","text":"Asserting","type":"YA","timestamp":"2023-11-09 13:34:31"},{"nodeID":"1327703","text":"what rising wages mean is those prices will continue to go up","type":"I","timestamp":"2023-11-09 13:34:31"},{"nodeID":"1327704","text":"Bim Afolami: what that means is those prices will continue to go up","type":"L","timestamp":"2023-11-09 13:34:31"},{"nodeID":"1327705","text":"Analysing","type":"YA","timestamp":"2023-11-09 13:34:31"},{"nodeID":"1327706","text":"Pawe\u0142: Bim Afolami: what that means is those prices will continue to go up","type":"L","timestamp":"2023-11-09 13:34:31"},{"nodeID":"1327707","text":"Asserting","type":"YA","timestamp":"2023-11-09 13:34:31"},{"nodeID":"1327708","text":"Default Inference","type":"RA","timestamp":"2023-11-09 13:34:31"},{"nodeID":"1327709","text":"Default Transition","type":"TA","timestamp":"2023-11-09 13:34:31"},{"nodeID":"1327710","text":"Arguing","type":"YA","timestamp":"2023-11-09 13:34:31"},{"nodeID":"1327711","text":"you need to go through a period of time where we bear-down on those rising prices","type":"I","timestamp":"2023-11-09 13:34:32"},{"nodeID":"1327712","text":"Bim Afolami:  You need to go through a period of time where we bear-down on those rising prices","type":"L","timestamp":"2023-11-09 13:34:32"},{"nodeID":"1327713","text":"Analysing","type":"YA","timestamp":"2023-11-09 13:34:32"},{"nodeID":"1327714","text":"Pawe\u0142: Bim Afolami:  You need to go through a period of time where we bear-down on those rising prices","type":"L","timestamp":"2023-11-09 13:34:32"},{"nodeID":"1327715","text":"Asserting","type":"YA","timestamp":"2023-11-09 13:34:32"},{"nodeID":"1327716","text":"Default Transition","type":"TA","timestamp":"2023-11-09 13:34:32"},{"nodeID":"1327717","text":"Default Rephrase","type":"MA","timestamp":"2023-11-09 13:34:32"},{"nodeID":"1327718","text":"Restating","type":"YA","timestamp":"2023-11-09 13:34:32"},{"nodeID":"1327719","text":"sometimes politicians are massively out of touch with how people's ordinary lives are","type":"I","timestamp":"2023-11-09 13:34:33"},{"nodeID":"1327720","text":"Analysing","type":"YA","timestamp":"2023-11-09 13:34:33"},{"nodeID":"1327721","text":"Chris Bryant: I think sometimes politicians are massively out of touch with how people's ordinary lives are","type":"L","timestamp":"2023-11-09 13:34:33"},{"nodeID":"1327722","text":"Pawe\u0142: Chris Bryant: I think sometimes politicians are massively out of touch with how people's ordinary lives are","type":"L","timestamp":"2023-11-09 13:34:33"},{"nodeID":"1327723","text":"Asserting","type":"YA","timestamp":"2023-11-09 13:34:33"},{"nodeID":"1327724","text":"Default Transition","type":"TA","timestamp":"2023-11-09 13:34:33"},{"nodeID":"1327725","text":"the thing that Chris Bryant read recently which shamed him more about the UK than anything else he has read is that we now have NHS hospitals that are running food banks for their staff","type":"I","timestamp":"2023-11-09 13:34:33"},{"nodeID":"1327726","text":"Chris Bryant: I think the thing that I read recently which shamed me more about the UK than anything else I have read is that we now have NHS hospitals that are running food banks for their staff","type":"L","timestamp":"2023-11-09 13:34:33"},{"nodeID":"1327727","text":"Analysing","type":"YA","timestamp":"2023-11-09 13:34:33"},{"nodeID":"1327728","text":"Pawe\u0142: Chris Bryant: I think the thing that I read recently which shamed me more about the UK than anything else I have read is that we now have NHS hospitals that are running food banks for their staff","type":"L","timestamp":"2023-11-09 13:34:33"},{"nodeID":"1327729","text":"Asserting","type":"YA","timestamp":"2023-11-09 13:34:33"},{"nodeID":"1327730","text":"Default Transition","type":"TA","timestamp":"2023-11-09 13:34:33"},{"nodeID":"1327731","text":"the staff of hospitals that started running food banks aren't able to make ends meet on the salaries they receive","type":"I","timestamp":"2023-11-09 13:34:34"},{"nodeID":"1327732","text":"Analysing","type":"YA","timestamp":"2023-11-09 13:34:34"},{"nodeID":"1327733","text":"Chris Bryant: Because their staff aren't able to make ends meet on the salaries they receive","type":"L","timestamp":"2023-11-09 13:34:34"},{"nodeID":"1327734","text":"Pawe\u0142: Chris Bryant: Because their staff aren't able to make ends meet on the salaries they receive","type":"L","timestamp":"2023-11-09 13:34:34"},{"nodeID":"1327735","text":"Asserting","type":"YA","timestamp":"2023-11-09 13:34:34"},{"nodeID":"1327736","text":"Default Transition","type":"TA","timestamp":"2023-11-09 13:34:34"},{"nodeID":"1327737","text":"Default Inference","type":"RA","timestamp":"2023-11-09 13:34:34"},{"nodeID":"1327738","text":"Arguing","type":"YA","timestamp":"2023-11-09 13:34:34"},{"nodeID":"1327739","text":"no lectures about stagnating wages are going to make any difference to people","type":"I","timestamp":"2023-11-09 13:34:34"},{"nodeID":"1327740","text":"Chris Bryant: I don't think any lectures about you know, this is going to make any difference to people","type":"L","timestamp":"2023-11-09 13:34:34"},{"nodeID":"1327741","text":"Pawe\u0142: Chris Bryant: I don't think any lectures about you know, this is going to make any difference to people","type":"L","timestamp":"2023-11-09 13:34:34"},{"nodeID":"1327742","text":"Analysing","type":"YA","timestamp":"2023-11-09 13:34:34"},{"nodeID":"1327743","text":"Asserting","type":"YA","timestamp":"2023-11-09 13:34:34"},{"nodeID":"1327744","text":"Default Transition","type":"TA","timestamp":"2023-11-09 13:34:34"},{"nodeID":"1327745","text":"we have got an NHS backlog of 6.6 million people waiting for treatments","type":"I","timestamp":"2023-11-09 13:34:35"},{"nodeID":"1327746","text":"Chris Bryant: we have got an NHS backlog of 6. 6 million people waiting for treatments, 6. 6 million.","type":"L","timestamp":"2023-11-09 13:34:35"},{"nodeID":"1327747","text":"Analysing","type":"YA","timestamp":"2023-11-09 13:34:35"},{"nodeID":"1327748","text":"Pawe\u0142: Chris Bryant: we have got an NHS backlog of 6. 6 million people waiting for treatments, 6. 6 million.","type":"L","timestamp":"2023-11-09 13:34:35"},{"nodeID":"1327749","text":"Asserting","type":"YA","timestamp":"2023-11-09 13:34:35"},{"nodeID":"1327750","text":"Default Transition","type":"TA","timestamp":"2023-11-09 13:34:35"},{"nodeID":"1327751","text":"if you think the NHS backlog is all about covid, it's not","type":"I","timestamp":"2023-11-09 13:34:36"},{"nodeID":"1327752","text":"Chris Bryant: If you think it's all about covid. It's not","type":"L","timestamp":"2023-11-09 13:34:36"},{"nodeID":"1327753","text":"Analysing","type":"YA","timestamp":"2023-11-09 13:34:36"},{"nodeID":"1327754","text":"Pawe\u0142: Chris Bryant: If you think it's all about covid. It's not","type":"L","timestamp":"2023-11-09 13:34:36"},{"nodeID":"1327755","text":"Asserting","type":"YA","timestamp":"2023-11-09 13:34:36"},{"nodeID":"1327756","text":"Default Transition","type":"TA","timestamp":"2023-11-09 13:34:36"},{"nodeID":"1327757","text":"the NHS backlog was 4. 8 million before covid started","type":"I","timestamp":"2023-11-09 13:34:36"},{"nodeID":"1327758","text":"Chris Bryant: It was 4. 8 million before covid started","type":"L","timestamp":"2023-11-09 13:34:36"},{"nodeID":"1327759","text":"Analysing","type":"YA","timestamp":"2023-11-09 13:34:36"},{"nodeID":"1327760","text":"Pawe\u0142: Chris Bryant: It was 4. 8 million before covid started","type":"L","timestamp":"2023-11-09 13:34:36"},{"nodeID":"1327761","text":"Asserting","type":"YA","timestamp":"2023-11-09 13:34:36"},{"nodeID":"1327762","text":"Default Transition","type":"TA","timestamp":"2023-11-09 13:34:36"},{"nodeID":"1327763","text":"Default Inference","type":"RA","timestamp":"2023-11-09 13:34:36"},{"nodeID":"1327764","text":"Arguing","type":"YA","timestamp":"2023-11-09 13:34:36"},{"nodeID":"1327765","text":"at the moment, we are not training enough GPs to meet the number of GPs who are leaving this year","type":"I","timestamp":"2023-11-09 13:34:37"},{"nodeID":"1327766","text":"Chris Bryant: At the moment, we are not training enough GPs to meet the number of GPs who are leaving this year","type":"L","timestamp":"2023-11-09 13:34:37"},{"nodeID":"1327767","text":"Pawe\u0142: Chris Bryant: At the moment, we are not training enough GPs to meet the number of GPs who are leaving this year","type":"L","timestamp":"2023-11-09 13:34:37"},{"nodeID":"1327768","text":"Analysing","type":"YA","timestamp":"2023-11-09 13:34:37"},{"nodeID":"1327769","text":"Asserting","type":"YA","timestamp":"2023-11-09 13:34:37"},{"nodeID":"1327770","text":"Default Transition","type":"TA","timestamp":"2023-11-09 13:34:37"},{"nodeID":"1327771","text":"teachers should get more than 3% wage increase","type":"I","timestamp":"2023-11-09 13:34:37"},{"nodeID":"1327772","text":"Fiona Bruce: Mary here is saying that teachers should get more than 3%","type":"L","timestamp":"2023-11-09 13:34:37"},{"nodeID":"1327773","text":"Analysing","type":"YA","timestamp":"2023-11-09 13:34:37"},{"nodeID":"1327774","text":"Pawe\u0142: Fiona Bruce: Mary here is saying that teachers should get more than 3%","type":"L","timestamp":"2023-11-09 13:34:37"},{"nodeID":"1327775","text":"Mary Bousted: teachers should get more than 3%","type":"L","timestamp":"2023-11-09 13:34:37"},{"nodeID":"1327776","text":"Analysing","type":"YA","timestamp":"2023-11-09 13:34:37"},{"nodeID":"1327777","text":"Asserting","type":"YA","timestamp":"2023-11-09 13:34:37"},{"nodeID":"1327778","text":"Pawe\u0142: Mary Bousted: Mary here is saying that teachers should get more than 3%","type":"L","timestamp":"2023-11-09 13:34:37"},{"nodeID":"1327779","text":"Asserting","type":"YA","timestamp":"2023-11-09 13:34:37"},{"nodeID":"1327780","text":"Default Transition","type":"TA","timestamp":"2023-11-09 13:34:37"},{"nodeID":"1327781","text":"if you increase teacher's wages more than 3% you go for 11% fuel inflation","type":"I","timestamp":"2023-11-09 13:34:38"},{"nodeID":"1327782","text":"Fiona Bruce: Bim saying if you go for 11% fuel inflation","type":"L","timestamp":"2023-11-09 13:34:38"},{"nodeID":"1327783","text":"Analysing","type":"YA","timestamp":"2023-11-09 13:34:38"},{"nodeID":"1327784","text":"Pawe\u0142: Fiona Bruce: Bim saying if you go for 11% fuel inflation","type":"L","timestamp":"2023-11-09 13:34:38"},{"nodeID":"1327785","text":"Bim Afolami: if you increase teacher's wages more than 3% you go for 11% fuel inflation","type":"L","timestamp":"2023-11-09 13:34:38"},{"nodeID":"1327786","text":"Analysing","type":"YA","timestamp":"2023-11-09 13:34:38"},{"nodeID":"1327787","text":"Pawe\u0142: Bim Afolami: Bim saying if you go for 11% fuel inflation","type":"L","timestamp":"2023-11-09 13:34:38"},{"nodeID":"1327788","text":"Asserting","type":"YA","timestamp":"2023-11-09 13:34:38"},{"nodeID":"1327789","text":"Asserting","type":"YA","timestamp":"2023-11-09 13:34:38"},{"nodeID":"1327790","text":"Default Transition","type":"TA","timestamp":"2023-11-09 13:34:38"},{"nodeID":"1327791","text":"Labour would do xxx","type":"I","timestamp":"2023-11-09 13:34:39"},{"nodeID":"1327792","text":"Fiona Bruce: What would Labour do","type":"L","timestamp":"2023-11-09 13:34:39"},{"nodeID":"1327793","text":"Analysing","type":"YA","timestamp":"2023-11-09 13:34:39"},{"nodeID":"1327794","text":"Pawe\u0142: Fiona Bruce: What would Labour do","type":"L","timestamp":"2023-11-09 13:34:39"},{"nodeID":"1327795","text":"Pure Questioning","type":"YA","timestamp":"2023-11-09 13:34:39"},{"nodeID":"1327796","text":"Default Transition","type":"TA","timestamp":"2023-11-09 13:34:39"},{"nodeID":"1327797","text":"the stagnant wages, rising prices, inflation, and issues with the NHS are all connected","type":"I","timestamp":"2023-11-09 13:34:39"},{"nodeID":"1327798","text":"Chris Bryant: My point is all of these things are connected","type":"L","timestamp":"2023-11-09 13:34:39"},{"nodeID":"1327799","text":"Analysing","type":"YA","timestamp":"2023-11-09 13:34:39"},{"nodeID":"1327800","text":"Pawe\u0142: Chris Bryant: My point is all of these things are connected","type":"L","timestamp":"2023-11-09 13:34:39"},{"nodeID":"1327801","text":"Asserting","type":"YA","timestamp":"2023-11-09 13:34:39"},{"nodeID":"1327802","text":"Default Transition","type":"TA","timestamp":"2023-11-09 13:34:39"},{"nodeID":"1327803","text":"Chris Bryant wouldn't waste 28 billion pounds on a Test & Trace system that didn't work at all","type":"I","timestamp":"2023-11-09 13:34:40"},{"nodeID":"1327804","text":"Chris Bryant: I wouldn't waste 28 billion pounds on a Test & Trace system that didn't work at all","type":"L","timestamp":"2023-11-09 13:34:40"},{"nodeID":"1327805","text":"Analysing","type":"YA","timestamp":"2023-11-09 13:34:40"},{"nodeID":"1327806","text":"Pawe\u0142: Chris Bryant: I wouldn't waste 28 billion pounds on a Test & Trace system that didn't work at all","type":"L","timestamp":"2023-11-09 13:34:40"},{"nodeID":"1327807","text":"Asserting","type":"YA","timestamp":"2023-11-09 13:34:40"},{"nodeID":"1327808","text":"Default Transition","type":"TA","timestamp":"2023-11-09 13:34:40"},{"nodeID":"1327809","text":"waste is important","type":"I","timestamp":"2023-11-09 13:34:40"},{"nodeID":"1327810","text":"Chris Bryant: Waste is important","type":"L","timestamp":"2023-11-09 13:34:40"},{"nodeID":"1327811","text":"Analysing","type":"YA","timestamp":"2023-11-09 13:34:40"},{"nodeID":"1327812","text":"Pawe\u0142: Chris Bryant: Waste is important","type":"L","timestamp":"2023-11-09 13:34:40"},{"nodeID":"1327813","text":"Asserting","type":"YA","timestamp":"2023-11-09 13:34:40"},{"nodeID":"1327814","text":"Default Transition","type":"TA","timestamp":"2023-11-09 13:34:40"},{"nodeID":"1327815","text":"teachers should get a higher pay rise","type":"I","timestamp":"2023-11-09 13:34:41"},{"nodeID":"1327816","text":"Fiona Bruce: Mary is saying teachers should get a higher pay rise","type":"L","timestamp":"2023-11-09 13:34:41"},{"nodeID":"1327817","text":"Analysing","type":"YA","timestamp":"2023-11-09 13:34:41"},{"nodeID":"1327818","text":"Pawe\u0142: Fiona Bruce: Mary is saying teachers should get a higher pay rise","type":"L","timestamp":"2023-11-09 13:34:41"},{"nodeID":"1327819","text":"Mary Bousted: teachers should get a higher pay rise","type":"L","timestamp":"2023-11-09 13:34:41"},{"nodeID":"1327820","text":"Analysing","type":"YA","timestamp":"2023-11-09 13:34:41"},{"nodeID":"1327821","text":"Pawe\u0142: Mary Bousted: Mary is saying teachers should get a higher pay rise","type":"L","timestamp":"2023-11-09 13:34:41"},{"nodeID":"1327822","text":"Asserting","type":"YA","timestamp":"2023-11-09 13:34:41"},{"nodeID":"1327823","text":"Asserting","type":"YA","timestamp":"2023-11-09 13:34:41"},{"nodeID":"1327824","text":"Default Transition","type":"TA","timestamp":"2023-11-09 13:34:41"},{"nodeID":"1327825","text":"Labour would or would not agree that teachers should get a higher pay rise","type":"I","timestamp":"2023-11-09 13:34:42"},{"nodeID":"1327826","text":"Fiona Bruce: would Labour agree","type":"L","timestamp":"2023-11-09 13:34:42"},{"nodeID":"1327827","text":"Analysing","type":"YA","timestamp":"2023-11-09 13:34:42"},{"nodeID":"1327828","text":"Pawe\u0142: Fiona Bruce: would Labour agree","type":"L","timestamp":"2023-11-09 13:34:42"},{"nodeID":"1327829","text":"Asserting","type":"YA","timestamp":"2023-11-09 13:34:42"},{"nodeID":"1327830","text":"Default Transition","type":"TA","timestamp":"2023-11-09 13:34:42"},{"nodeID":"1327831","text":"Chris Bryant is not the Labour spokesperson","type":"I","timestamp":"2023-11-09 13:34:42"},{"nodeID":"1327832","text":"Chris Bryant: I'm not the Labour spokesperson","type":"L","timestamp":"2023-11-09 13:34:42"},{"nodeID":"1327833","text":"Analysing","type":"YA","timestamp":"2023-11-09 13:34:42"},{"nodeID":"1327834","text":"Pawe\u0142: Chris Bryant: I'm not the Labour spokesperson","type":"L","timestamp":"2023-11-09 13:34:42"},{"nodeID":"1327835","text":"Asserting","type":"YA","timestamp":"2023-11-09 13:34:42"},{"nodeID":"1327836","text":"Default Transition","type":"TA","timestamp":"2023-11-09 13:34:42"},{"nodeID":"1327837","text":"Chris Bryant: yes, I think they should","type":"L","timestamp":"2023-11-09 13:34:42"},{"nodeID":"1327838","text":"Analysing","type":"YA","timestamp":"2023-11-09 13:34:42"},{"nodeID":"1327839","text":"Pawe\u0142: Chris Bryant: yes, I think they should","type":"L","timestamp":"2023-11-09 13:34:42"},{"nodeID":"1327840","text":"Asserting","type":"YA","timestamp":"2023-11-09 13:34:42"},{"nodeID":"1327841","text":"Default Transition","type":"TA","timestamp":"2023-11-09 13:34:42"},{"nodeID":"1327842","text":"Default Rephrase","type":"MA","timestamp":"2023-11-09 13:34:42"},{"nodeID":"1327843","text":"Default Illocuting","type":"YA","timestamp":"2023-11-09 13:34:42"}],"edges":[{"edgeID":"1741801","fromID":"1327700","toID":"1327699","formEdgeID":null},{"edgeID":"1741802","fromID":"1327699","toID":"1327702","formEdgeID":null},{"edgeID":"1741803","fromID":"1327702","toID":"1327698","formEdgeID":null},{"edgeID":"1741804","fromID":"1327701","toID":"1327700","formEdgeID":null},{"edgeID":"1741805","fromID":"1327706","toID":"1327705","formEdgeID":null},{"edgeID":"1741806","fromID":"1327705","toID":"1327704","formEdgeID":null},{"edgeID":"1741807","fromID":"1327704","toID":"1327707","formEdgeID":null},{"edgeID":"1741808","fromID":"1327707","toID":"1327703","formEdgeID":null},{"edgeID":"1741809","fromID":"1327703","toID":"1327708","formEdgeID":null},{"edgeID":"1741810","fromID":"1327708","toID":"1327698","formEdgeID":null},{"edgeID":"1741811","fromID":"1327699","toID":"1327709","formEdgeID":null},{"edgeID":"1741812","fromID":"1327709","toID":"1327704","formEdgeID":null},{"edgeID":"1741813","fromID":"1327709","toID":"1327710","formEdgeID":null},{"edgeID":"1741814","fromID":"1327710","toID":"1327708","formEdgeID":null},{"edgeID":"1741815","fromID":"1327713","toID":"1327712","formEdgeID":null},{"edgeID":"1741816","fromID":"1327714","toID":"1327713","formEdgeID":null},{"edgeID":"1741817","fromID":"1327715","toID":"1327711","formEdgeID":null},{"edgeID":"1741818","fromID":"1327712","toID":"1327715","formEdgeID":null},{"edgeID":"1741819","fromID":"1327704","toID":"1327716","formEdgeID":null},{"edgeID":"1741820","fromID":"1327716","toID":"1327712","formEdgeID":null},{"edgeID":"1741821","fromID":"1327711","toID":"1327717","formEdgeID":null},{"edgeID":"1741822","fromID":"1327717","toID":"1327698","formEdgeID":null},{"edgeID":"1741823","fromID":"1327716","toID":"1327718","formEdgeID":null},{"edgeID":"1741824","fromID":"1327718","toID":"1327717","formEdgeID":null},{"edgeID":"1741825","fromID":"1327723","toID":"1327719","formEdgeID":null},{"edgeID":"1741826","fromID":"1327722","toID":"1327720","formEdgeID":null},{"edgeID":"1741827","fromID":"1327720","toID":"1327721","formEdgeID":null},{"edgeID":"1741828","fromID":"1327721","toID":"1327723","formEdgeID":null},{"edgeID":"1741829","fromID":"1327712","toID":"1327724","formEdgeID":null},{"edgeID":"1741830","fromID":"1327724","toID":"1327721","formEdgeID":null},{"edgeID":"1741831","fromID":"1327727","toID":"1327726","formEdgeID":null},{"edgeID":"1741832","fromID":"1327728","toID":"1327727","formEdgeID":null},{"edgeID":"1741833","fromID":"1327726","toID":"1327729","formEdgeID":null},{"edgeID":"1741834","fromID":"1327729","toID":"1327725","formEdgeID":null},{"edgeID":"1741835","fromID":"1327721","toID":"1327730","formEdgeID":null},{"edgeID":"1741836","fromID":"1327730","toID":"1327726","formEdgeID":null},{"edgeID":"1741837","fromID":"1327732","toID":"1327733","formEdgeID":null},{"edgeID":"1741838","fromID":"1327734","toID":"1327732","formEdgeID":null},{"edgeID":"1741839","fromID":"1327733","toID":"1327735","formEdgeID":null},{"edgeID":"1741840","fromID":"1327735","toID":"1327731","formEdgeID":null},{"edgeID":"1741841","fromID":"1327726","toID":"1327736","formEdgeID":null},{"edgeID":"1741842","fromID":"1327736","toID":"1327733","formEdgeID":null},{"edgeID":"1741843","fromID":"1327731","toID":"1327737","formEdgeID":null},{"edgeID":"1741844","fromID":"1327737","toID":"1327725","formEdgeID":null},{"edgeID":"1741845","fromID":"1327736","toID":"1327738","formEdgeID":null},{"edgeID":"1741846","fromID":"1327738","toID":"1327737","formEdgeID":null},{"edgeID":"1741847","fromID":"1327741","toID":"1327742","formEdgeID":null},{"edgeID":"1741848","fromID":"1327742","toID":"1327740","formEdgeID":null},{"edgeID":"1741849","fromID":"1327740","toID":"1327743","formEdgeID":null},{"edgeID":"1741850","fromID":"1327743","toID":"1327739","formEdgeID":null},{"edgeID":"1741851","fromID":"1327733","toID":"1327744","formEdgeID":null},{"edgeID":"1741852","fromID":"1327744","toID":"1327740","formEdgeID":null},{"edgeID":"1741853","fromID":"1327747","toID":"1327746","formEdgeID":null},{"edgeID":"1741854","fromID":"1327748","toID":"1327747","formEdgeID":null},{"edgeID":"1741855","fromID":"1327749","toID":"1327745","formEdgeID":null},{"edgeID":"1741856","fromID":"1327746","toID":"1327749","formEdgeID":null},{"edgeID":"1741857","fromID":"1327740","toID":"1327750","formEdgeID":null},{"edgeID":"1741858","fromID":"1327750","toID":"1327746","formEdgeID":null},{"edgeID":"1741859","fromID":"1327753","toID":"1327752","formEdgeID":null},{"edgeID":"1741860","fromID":"1327754","toID":"1327753","formEdgeID":null},{"edgeID":"1741861","fromID":"1327752","toID":"1327755","formEdgeID":null},{"edgeID":"1741862","fromID":"1327755","toID":"1327751","formEdgeID":null},{"edgeID":"1741863","fromID":"1327756","toID":"1327752","formEdgeID":null},{"edgeID":"1741864","fromID":"1327746","toID":"1327756","formEdgeID":null},{"edgeID":"1741865","fromID":"1327759","toID":"1327758","formEdgeID":null},{"edgeID":"1741866","fromID":"1327758","toID":"1327761","formEdgeID":null},{"edgeID":"1741867","fromID":"1327761","toID":"1327757","formEdgeID":null},{"edgeID":"1741868","fromID":"1327760","toID":"1327759","formEdgeID":null},{"edgeID":"1741869","fromID":"1327752","toID":"1327762","formEdgeID":null},{"edgeID":"1741870","fromID":"1327762","toID":"1327758","formEdgeID":null},{"edgeID":"1741871","fromID":"1327757","toID":"1327763","formEdgeID":null},{"edgeID":"1741872","fromID":"1327763","toID":"1327751","formEdgeID":null},{"edgeID":"1741873","fromID":"1327762","toID":"1327764","formEdgeID":null},{"edgeID":"1741874","fromID":"1327764","toID":"1327763","formEdgeID":null},{"edgeID":"1741875","fromID":"1327769","toID":"1327765","formEdgeID":null},{"edgeID":"1741876","fromID":"1327767","toID":"1327768","formEdgeID":null},{"edgeID":"1741877","fromID":"1327766","toID":"1327769","formEdgeID":null},{"edgeID":"1741878","fromID":"1327768","toID":"1327766","formEdgeID":null},{"edgeID":"1741879","fromID":"1327770","toID":"1327766","formEdgeID":null},{"edgeID":"1741880","fromID":"1327758","toID":"1327770","formEdgeID":null},{"edgeID":"1741881","fromID":"1327773","toID":"1327772","formEdgeID":null},{"edgeID":"1741882","fromID":"1327774","toID":"1327773","formEdgeID":null},{"edgeID":"1741883","fromID":"1327775","toID":"1327777","formEdgeID":null},{"edgeID":"1741884","fromID":"1327777","toID":"1327771","formEdgeID":null},{"edgeID":"1741885","fromID":"1327776","toID":"1327775","formEdgeID":null},{"edgeID":"1741886","fromID":"1327778","toID":"1327776","formEdgeID":null},{"edgeID":"1741887","fromID":"1327772","toID":"1327779","formEdgeID":null},{"edgeID":"1741888","fromID":"1327779","toID":"1327775","formEdgeID":null},{"edgeID":"1741889","fromID":"1327766","toID":"1327780","formEdgeID":null},{"edgeID":"1741890","fromID":"1327780","toID":"1327772","formEdgeID":null},{"edgeID":"1741891","fromID":"1327783","toID":"1327782","formEdgeID":null},{"edgeID":"1741892","fromID":"1327784","toID":"1327783","formEdgeID":null},{"edgeID":"1741893","fromID":"1327786","toID":"1327785","formEdgeID":null},{"edgeID":"1741894","fromID":"1327787","toID":"1327786","formEdgeID":null},{"edgeID":"1741895","fromID":"1327785","toID":"1327788","formEdgeID":null},{"edgeID":"1741896","fromID":"1327788","toID":"1327781","formEdgeID":null},{"edgeID":"1741897","fromID":"1327782","toID":"1327789","formEdgeID":null},{"edgeID":"1741898","fromID":"1327789","toID":"1327785","formEdgeID":null},{"edgeID":"1741899","fromID":"1327772","toID":"1327790","formEdgeID":null},{"edgeID":"1741900","fromID":"1327790","toID":"1327782","formEdgeID":null},{"edgeID":"1741901","fromID":"1327793","toID":"1327792","formEdgeID":null},{"edgeID":"1741902","fromID":"1327794","toID":"1327793","formEdgeID":null},{"edgeID":"1741903","fromID":"1327795","toID":"1327791","formEdgeID":null},{"edgeID":"1741904","fromID":"1327792","toID":"1327795","formEdgeID":null},{"edgeID":"1741905","fromID":"1327782","toID":"1327796","formEdgeID":null},{"edgeID":"1741906","fromID":"1327796","toID":"1327792","formEdgeID":null},{"edgeID":"1741907","fromID":"1327799","toID":"1327798","formEdgeID":null},{"edgeID":"1741908","fromID":"1327800","toID":"1327799","formEdgeID":null},{"edgeID":"1741909","fromID":"1327801","toID":"1327797","formEdgeID":null},{"edgeID":"1741910","fromID":"1327798","toID":"1327801","formEdgeID":null},{"edgeID":"1741911","fromID":"1327792","toID":"1327802","formEdgeID":null},{"edgeID":"1741912","fromID":"1327802","toID":"1327798","formEdgeID":null},{"edgeID":"1741913","fromID":"1327805","toID":"1327804","formEdgeID":null},{"edgeID":"1741914","fromID":"1327806","toID":"1327805","formEdgeID":null},{"edgeID":"1741915","fromID":"1327804","toID":"1327807","formEdgeID":null},{"edgeID":"1741916","fromID":"1327807","toID":"1327803","formEdgeID":null},{"edgeID":"1741917","fromID":"1327798","toID":"1327808","formEdgeID":null},{"edgeID":"1741918","fromID":"1327808","toID":"1327804","formEdgeID":null},{"edgeID":"1741919","fromID":"1327811","toID":"1327810","formEdgeID":null},{"edgeID":"1741920","fromID":"1327812","toID":"1327811","formEdgeID":null},{"edgeID":"1741921","fromID":"1327810","toID":"1327813","formEdgeID":null},{"edgeID":"1741922","fromID":"1327813","toID":"1327809","formEdgeID":null},{"edgeID":"1741923","fromID":"1327804","toID":"1327814","formEdgeID":null},{"edgeID":"1741924","fromID":"1327814","toID":"1327810","formEdgeID":null},{"edgeID":"1741925","fromID":"1327817","toID":"1327816","formEdgeID":null},{"edgeID":"1741926","fromID":"1327818","toID":"1327817","formEdgeID":null},{"edgeID":"1741927","fromID":"1327820","toID":"1327819","formEdgeID":null},{"edgeID":"1741928","fromID":"1327821","toID":"1327820","formEdgeID":null},{"edgeID":"1741929","fromID":"1327819","toID":"1327822","formEdgeID":null},{"edgeID":"1741930","fromID":"1327822","toID":"1327815","formEdgeID":null},{"edgeID":"1741931","fromID":"1327816","toID":"1327823","formEdgeID":null},{"edgeID":"1741932","fromID":"1327823","toID":"1327819","formEdgeID":null},{"edgeID":"1741933","fromID":"1327810","toID":"1327824","formEdgeID":null},{"edgeID":"1741934","fromID":"1327824","toID":"1327816","formEdgeID":null},{"edgeID":"1741935","fromID":"1327827","toID":"1327826","formEdgeID":null},{"edgeID":"1741936","fromID":"1327828","toID":"1327827","formEdgeID":null},{"edgeID":"1741937","fromID":"1327826","toID":"1327829","formEdgeID":null},{"edgeID":"1741938","fromID":"1327829","toID":"1327825","formEdgeID":null},{"edgeID":"1741939","fromID":"1327816","toID":"1327830","formEdgeID":null},{"edgeID":"1741940","fromID":"1327830","toID":"1327826","formEdgeID":null},{"edgeID":"1741941","fromID":"1327833","toID":"1327832","formEdgeID":null},{"edgeID":"1741942","fromID":"1327834","toID":"1327833","formEdgeID":null},{"edgeID":"1741943","fromID":"1327832","toID":"1327835","formEdgeID":null},{"edgeID":"1741944","fromID":"1327835","toID":"1327831","formEdgeID":null},{"edgeID":"1741945","fromID":"1327826","toID":"1327836","formEdgeID":null},{"edgeID":"1741946","fromID":"1327836","toID":"1327832","formEdgeID":null},{"edgeID":"1741947","fromID":"1327838","toID":"1327837","formEdgeID":null},{"edgeID":"1741948","fromID":"1327839","toID":"1327838","formEdgeID":null},{"edgeID":"1741949","fromID":"1327837","toID":"1327840","formEdgeID":null},{"edgeID":"1741950","fromID":"1327840","toID":"1327815","formEdgeID":null},{"edgeID":"1741951","fromID":"1327826","toID":"1327841","formEdgeID":null},{"edgeID":"1741952","fromID":"1327841","toID":"1327837","formEdgeID":null},{"edgeID":"1741953","fromID":"1327815","toID":"1327842","formEdgeID":null},{"edgeID":"1741954","fromID":"1327842","toID":"1327825","formEdgeID":null},{"edgeID":"1741955","fromID":"1327841","toID":"1327843","formEdgeID":null},{"edgeID":"1741956","fromID":"1327843","toID":"1327842","formEdgeID":null}],"locutions":[]}