{"nodes":[{"nodeID":"1148744","text":"Keir Starmer is a man of fundamental decency","type":"I","timestamp":"2023-04-20 19:12:51"},{"nodeID":"1148752","text":"Boris Johnson was the first Prime Minister ever to be given a criminal sanction in Parliament by the police for the partying in Downing Street","type":"I","timestamp":"2023-04-20 19:12:53"},{"nodeID":"1148782","text":"Keir Starmer is a man of decency and integrity","type":"I","timestamp":"2023-04-20 19:13:06"},{"nodeID":"1148790","text":"Keir Starmer would be a very fine Prime Minister","type":"I","timestamp":"2023-04-20 19:13:08"},{"nodeID":"1153817","text":"AudienceMember 20220721QT13 doesn't know a lot of candidates for the Prime Minister position","type":"I","timestamp":"2023-04-21 13:34:52"},{"nodeID":"1153824","text":"AudienceMember 20220721QT13 had heard of xxx number of candidates for the Prime Minister position","type":"I","timestamp":"2023-04-21 13:34:56"},{"nodeID":"1153829","text":"AudienceMember 20220721QT14 had heard of two candidates for the Prime Minister positions","type":"I","timestamp":"2023-04-21 13:34:58"},{"nodeID":"1153841","text":"the main thing for AudienceMember 20220721QT14 is that candidates for the Prime Minister position have to show us that they can work together restoratively","type":"I","timestamp":"2023-04-21 13:35:03"},{"nodeID":"1153847","text":"the main thing for AudienceMember 20220721QT14 is that candidates for the Prime Minister position have got to do is show us that they can work relationally","type":"I","timestamp":"2023-04-21 13:35:07"},{"nodeID":"1153855","text":"the main thing for AudienceMember 20220721QT14 is that candidates for the Prime Minister position have to show us that they are getting on in their party as well as with everybody else","type":"I","timestamp":"2023-04-21 13:35:10"},{"nodeID":"1153863","text":"we have get on with each other in our own lives and in our jobs","type":"I","timestamp":"2023-04-21 13:35:12"},{"nodeID":"1153870","text":"you can't get on with other people  in your own life and in your job","type":"I","timestamp":"2023-04-21 13:35:15"},{"nodeID":"1153877","text":"you are not going to get the rest right","type":"I","timestamp":"2023-04-21 13:35:17"},{"nodeID":"1153884","text":"what AudienceMember 20220721QT14 is seeing is or isn't inspiring hope","type":"I","timestamp":"2023-04-21 13:35:20"},{"nodeID":"1153890","text":"Chris Bryant is talking about honesty amongst the leaders","type":"I","timestamp":"2023-04-21 13:35:22"},{"nodeID":"1153894","text":"what AudienceMember 20220721QT14 is seeing is inspiring a tiny bit of hope","type":"I","timestamp":"2023-04-21 13:35:25"},{"nodeID":"1153902","text":"Keir Starmer is or isn't an honest man","type":"I","timestamp":"2023-04-21 13:35:27"},{"nodeID":"1153919","text":"Boris Johnson didn't do anything when he was given a criminal sanction in Parliament by the police for the partying in Downing Street","type":"I","timestamp":"2023-04-21 13:35:35"},{"nodeID":"1153927","text":"Boris Johnson tried to shrug it off when he was given a criminal sanction in Parliament by the police for the partying in Downing Street","type":"I","timestamp":"2023-04-21 13:35:37"},{"nodeID":"1153935","text":"Keir Starmer acted when everybody was saying he needed to be investigated by the police","type":"I","timestamp":"2023-04-21 13:35:39"},{"nodeID":"1153940","text":"Keir Starmer is fined","type":"I","timestamp":"2023-04-21 13:35:42"},{"nodeID":"1153949","text":"Keir Starmer will resign","type":"I","timestamp":"2023-04-21 13:35:46"},{"nodeID":"1153980","text":"Keir Starmer was ordering 30 curries for his people in that beer gate","type":"I","timestamp":"2023-04-21 13:35:55"},{"nodeID":"1153985","text":"Keir Starmer isn't an honest man","type":"I","timestamp":"2023-04-21 13:35:57"},{"nodeID":"1153989","text":"it was unreasonable of Keir Starmer to order 30 30 curries for his people in that beer gate","type":"I","timestamp":"2023-04-21 13:36:00"},{"nodeID":"1154002","text":"we are talking about Keir Starmer ordering curries for his people","type":"I","timestamp":"2023-04-21 13:36:03"},{"nodeID":"1154010","text":"the police said there was no case to answer in the situation with Keir Starmer ordering curries for his people","type":"I","timestamp":"2023-04-21 13:36:06"},{"nodeID":"1154018","text":"the police investigated the fact Keir Starmer ordered curries for his people","type":"I","timestamp":"2023-04-21 13:36:08"},{"nodeID":"1154024","text":"there is no case for Keir Starmer to answer regarding him ordering curries for his people","type":"I","timestamp":"2023-04-21 13:36:11"},{"nodeID":"1326463","text":"AudienceMember 20220721QT13: who are these people","type":"L","timestamp":"2023-11-09 13:32:49"},{"nodeID":"1326464","text":"Fiona Bruce: you say who are these people","type":"L","timestamp":"2023-11-09 13:32:49"},{"nodeID":"1326465","text":"Analysing","type":"YA","timestamp":"2023-11-09 13:32:49"},{"nodeID":"1326466","text":"Zlata: Fiona Bruce: you say who are these people","type":"L","timestamp":"2023-11-09 13:32:49"},{"nodeID":"1326467","text":"Analysing","type":"YA","timestamp":"2023-11-09 13:32:49"},{"nodeID":"1326468","text":"Zlata: AudienceMember 20220721QT13: you say who are these people","type":"L","timestamp":"2023-11-09 13:32:49"},{"nodeID":"1326469","text":"Asserting","type":"YA","timestamp":"2023-11-09 13:32:49"},{"nodeID":"1326470","text":"Rhetorical Questioning","type":"YA","timestamp":"2023-11-09 13:32:49"},{"nodeID":"1326471","text":"Fiona Bruce: how many of them had you heard of","type":"L","timestamp":"2023-11-09 13:32:50"},{"nodeID":"1326472","text":"Analysing","type":"YA","timestamp":"2023-11-09 13:32:50"},{"nodeID":"1326473","text":"Zlata: Fiona Bruce: how many of them had you heard of","type":"L","timestamp":"2023-11-09 13:32:50"},{"nodeID":"1326474","text":"Asserting","type":"YA","timestamp":"2023-11-09 13:32:50"},{"nodeID":"1326475","text":"Default Transition","type":"TA","timestamp":"2023-11-09 13:32:50"},{"nodeID":"1326476","text":"AudienceMember 20220721QT14: Two","type":"L","timestamp":"2023-11-09 13:32:51"},{"nodeID":"1326477","text":"Analysing","type":"YA","timestamp":"2023-11-09 13:32:51"},{"nodeID":"1326478","text":"Zlata: AudienceMember 20220721QT14: Two","type":"L","timestamp":"2023-11-09 13:32:51"},{"nodeID":"1326479","text":"Asserting","type":"YA","timestamp":"2023-11-09 13:32:51"},{"nodeID":"1326480","text":"Default Transition","type":"TA","timestamp":"2023-11-09 13:32:51"},{"nodeID":"1326481","text":"Default Rephrase","type":"MA","timestamp":"2023-11-09 13:32:51"},{"nodeID":"1326482","text":"Default Illocuting","type":"YA","timestamp":"2023-11-09 13:32:51"},{"nodeID":"1326483","text":"AudienceMember 20220721QT14: Yes","type":"L","timestamp":"2023-11-09 13:32:51"},{"nodeID":"1326484","text":"Analysing","type":"YA","timestamp":"2023-11-09 13:32:51"},{"nodeID":"1326485","text":"Zlata: AudienceMember 20220721QT14: Yes","type":"L","timestamp":"2023-11-09 13:32:51"},{"nodeID":"1326486","text":"Default Transition","type":"TA","timestamp":"2023-11-09 13:32:51"},{"nodeID":"1326487","text":"Agreeing","type":"YA","timestamp":"2023-11-09 13:32:51"},{"nodeID":"1326488","text":"AudienceMember 20220721QT14: for me, the main thing they have got to do is show us that they can work together restoratively","type":"L","timestamp":"2023-11-09 13:32:51"},{"nodeID":"1326489","text":"Analysing","type":"YA","timestamp":"2023-11-09 13:32:51"},{"nodeID":"1326490","text":"Zlata: AudienceMember 20220721QT14: for me, the main thing they have got to do is show us that they can work together restoratively","type":"L","timestamp":"2023-11-09 13:32:51"},{"nodeID":"1326491","text":"Asserting","type":"YA","timestamp":"2023-11-09 13:32:51"},{"nodeID":"1326492","text":"Default Transition","type":"TA","timestamp":"2023-11-09 13:32:51"},{"nodeID":"1326493","text":"AudienceMember 20220721QT14: relationally","type":"L","timestamp":"2023-11-09 13:32:52"},{"nodeID":"1326494","text":"Analysing","type":"YA","timestamp":"2023-11-09 13:32:52"},{"nodeID":"1326495","text":"Zlata: AudienceMember 20220721QT14: relationally","type":"L","timestamp":"2023-11-09 13:32:52"},{"nodeID":"1326496","text":"Asserting","type":"YA","timestamp":"2023-11-09 13:32:52"},{"nodeID":"1326497","text":"Default Transition","type":"TA","timestamp":"2023-11-09 13:32:52"},{"nodeID":"1326498","text":"Default Rephrase","type":"MA","timestamp":"2023-11-09 13:32:52"},{"nodeID":"1326499","text":"Restating","type":"YA","timestamp":"2023-11-09 13:32:52"},{"nodeID":"1326500","text":"AudienceMember 20220721QT14: getting on in their party as well as with everybody else","type":"L","timestamp":"2023-11-09 13:32:52"},{"nodeID":"1326501","text":"Analysing","type":"YA","timestamp":"2023-11-09 13:32:52"},{"nodeID":"1326502","text":"Zlata: AudienceMember 20220721QT14: getting on in their party as well as with everybody else","type":"L","timestamp":"2023-11-09 13:32:52"},{"nodeID":"1326503","text":"Asserting","type":"YA","timestamp":"2023-11-09 13:32:52"},{"nodeID":"1326504","text":"Default Transition","type":"TA","timestamp":"2023-11-09 13:32:52"},{"nodeID":"1326505","text":"Default Rephrase","type":"MA","timestamp":"2023-11-09 13:32:52"},{"nodeID":"1326506","text":"Restating","type":"YA","timestamp":"2023-11-09 13:32:52"},{"nodeID":"1326507","text":"AudienceMember 20220721QT14: that's what we have to do in our own lives and in our jobs","type":"L","timestamp":"2023-11-09 13:32:53"},{"nodeID":"1326508","text":"Analysing","type":"YA","timestamp":"2023-11-09 13:32:53"},{"nodeID":"1326509","text":"Zlata: AudienceMember 20220721QT14: that's what we have to do in our own lives and in our jobs","type":"L","timestamp":"2023-11-09 13:32:53"},{"nodeID":"1326510","text":"Asserting","type":"YA","timestamp":"2023-11-09 13:32:53"},{"nodeID":"1326511","text":"Default Transition","type":"TA","timestamp":"2023-11-09 13:32:53"},{"nodeID":"1326512","text":"Default Inference","type":"RA","timestamp":"2023-11-09 13:32:53"},{"nodeID":"1326513","text":"Arguing","type":"YA","timestamp":"2023-11-09 13:32:53"},{"nodeID":"1326514","text":"AudienceMember 20220721QT14: you can't do that","type":"L","timestamp":"2023-11-09 13:32:54"},{"nodeID":"1326515","text":"Analysing","type":"YA","timestamp":"2023-11-09 13:32:54"},{"nodeID":"1326516","text":"Zlata: AudienceMember 20220721QT14: you can't do that","type":"L","timestamp":"2023-11-09 13:32:54"},{"nodeID":"1326517","text":"Asserting","type":"YA","timestamp":"2023-11-09 13:32:54"},{"nodeID":"1326518","text":"Default Transition","type":"TA","timestamp":"2023-11-09 13:32:54"},{"nodeID":"1326519","text":"Default Conflict","type":"CA","timestamp":"2023-11-09 13:32:54"},{"nodeID":"1326520","text":"Disagreeing","type":"YA","timestamp":"2023-11-09 13:32:54"},{"nodeID":"1326521","text":"AudienceMember 20220721QT14: how are you going to get the rest right","type":"L","timestamp":"2023-11-09 13:32:54"},{"nodeID":"1326522","text":"Analysing","type":"YA","timestamp":"2023-11-09 13:32:54"},{"nodeID":"1326523","text":"Zlata: AudienceMember 20220721QT14: how are you going to get the rest right","type":"L","timestamp":"2023-11-09 13:32:54"},{"nodeID":"1326524","text":"Rhetorical Questioning","type":"YA","timestamp":"2023-11-09 13:32:54"},{"nodeID":"1326525","text":"Default Transition","type":"TA","timestamp":"2023-11-09 13:32:54"},{"nodeID":"1326526","text":"Default Inference","type":"RA","timestamp":"2023-11-09 13:32:54"},{"nodeID":"1326527","text":"Arguing","type":"YA","timestamp":"2023-11-09 13:32:54"},{"nodeID":"1326528","text":"AudienceMember 20220721QT14: Is what you are seeing inspiring hope","type":"L","timestamp":"2023-11-09 13:32:55"},{"nodeID":"1326529","text":"Analysing","type":"YA","timestamp":"2023-11-09 13:32:55"},{"nodeID":"1326530","text":"Zlata: AudienceMember 20220721QT14: Is what you are seeing inspiring hope","type":"L","timestamp":"2023-11-09 13:32:55"},{"nodeID":"1326531","text":"Pure Questioning","type":"YA","timestamp":"2023-11-09 13:32:55"},{"nodeID":"1326532","text":"Default Transition","type":"TA","timestamp":"2023-11-09 13:32:55"},{"nodeID":"1326533","text":"AudienceMember 20220721QT16: You are talking about honesty amongst the leaders","type":"L","timestamp":"2023-11-09 13:32:55"},{"nodeID":"1326534","text":"Analysing","type":"YA","timestamp":"2023-11-09 13:32:55"},{"nodeID":"1326535","text":"Zlata: AudienceMember 20220721QT16: You are talking about honesty amongst the leaders","type":"L","timestamp":"2023-11-09 13:32:55"},{"nodeID":"1326536","text":"Asserting","type":"YA","timestamp":"2023-11-09 13:32:55"},{"nodeID":"1326537","text":"AudienceMember 20220721QT15: Tiny bit","type":"L","timestamp":"2023-11-09 13:32:56"},{"nodeID":"1326538","text":"Analysing","type":"YA","timestamp":"2023-11-09 13:32:56"},{"nodeID":"1326539","text":"Zlata: AudienceMember 20220721QT15: Tiny bit","type":"L","timestamp":"2023-11-09 13:32:56"},{"nodeID":"1326540","text":"Asserting","type":"YA","timestamp":"2023-11-09 13:32:56"},{"nodeID":"1326541","text":"Default Transition","type":"TA","timestamp":"2023-11-09 13:32:56"},{"nodeID":"1326542","text":"Default Rephrase","type":"MA","timestamp":"2023-11-09 13:32:56"},{"nodeID":"1326543","text":"Default Illocuting","type":"YA","timestamp":"2023-11-09 13:32:56"},{"nodeID":"1326544","text":"Default Transition","type":"TA","timestamp":"2023-11-09 13:32:56"},{"nodeID":"1326545","text":"AudienceMember 20220721QT16:  is Keir Starmer an honest man","type":"L","timestamp":"2023-11-09 13:32:57"},{"nodeID":"1326546","text":"Analysing","type":"YA","timestamp":"2023-11-09 13:32:57"},{"nodeID":"1326547","text":"Zlata: AudienceMember 20220721QT16:  is Keir Starmer an honest man","type":"L","timestamp":"2023-11-09 13:32:57"},{"nodeID":"1326548","text":"Pure Questioning","type":"YA","timestamp":"2023-11-09 13:32:57"},{"nodeID":"1326549","text":"Default Transition","type":"TA","timestamp":"2023-11-09 13:32:57"},{"nodeID":"1326550","text":"Chris Bryant: Yes he is a man of fundamental decency","type":"L","timestamp":"2023-11-09 13:32:57"},{"nodeID":"1326551","text":"Analysing","type":"YA","timestamp":"2023-11-09 13:32:57"},{"nodeID":"1326552","text":"Zlata: Chris Bryant: Yes he is a man of fundamental decency","type":"L","timestamp":"2023-11-09 13:32:57"},{"nodeID":"1326553","text":"Asserting","type":"YA","timestamp":"2023-11-09 13:32:57"},{"nodeID":"1326554","text":"Default Transition","type":"TA","timestamp":"2023-11-09 13:32:57"},{"nodeID":"1326555","text":"Default Rephrase","type":"MA","timestamp":"2023-11-09 13:32:57"},{"nodeID":"1326556","text":"Default Illocuting","type":"YA","timestamp":"2023-11-09 13:32:57"},{"nodeID":"1326557","text":"Chris Bryant: Boris Johnson who was the first Prime Minister ever to be given a criminal sanction in Parliament by the police for the partying in Downing Street","type":"L","timestamp":"2023-11-09 13:32:58"},{"nodeID":"1326558","text":"Analysing","type":"YA","timestamp":"2023-11-09 13:32:58"},{"nodeID":"1326559","text":"Zlata: Chris Bryant: Boris Johnson who was the first Prime Minister ever to be given a criminal sanction in Parliament by the police for the partying in Downing Street","type":"L","timestamp":"2023-11-09 13:32:58"},{"nodeID":"1326560","text":"Asserting","type":"YA","timestamp":"2023-11-09 13:32:58"},{"nodeID":"1326561","text":"Default Transition","type":"TA","timestamp":"2023-11-09 13:32:58"},{"nodeID":"1326562","text":"Chris Bryant: What did he do","type":"L","timestamp":"2023-11-09 13:32:58"},{"nodeID":"1326563","text":"Analysing","type":"YA","timestamp":"2023-11-09 13:32:58"},{"nodeID":"1326564","text":"Zlata: Chris Bryant: What did he do","type":"L","timestamp":"2023-11-09 13:32:58"},{"nodeID":"1326565","text":"Rhetorical Questioning","type":"YA","timestamp":"2023-11-09 13:32:58"},{"nodeID":"1326566","text":"Default Transition","type":"TA","timestamp":"2023-11-09 13:32:58"},{"nodeID":"1326567","text":"Default Rephrase","type":"MA","timestamp":"2023-11-09 13:32:58"},{"nodeID":"1326568","text":"Restating","type":"YA","timestamp":"2023-11-09 13:32:58"},{"nodeID":"1326569","text":"Chris Bryant: tried to shrug it off","type":"L","timestamp":"2023-11-09 13:32:59"},{"nodeID":"1326570","text":"Analysing","type":"YA","timestamp":"2023-11-09 13:32:59"},{"nodeID":"1326571","text":"Zlata: Chris Bryant: tried to shrug it off","type":"L","timestamp":"2023-11-09 13:32:59"},{"nodeID":"1326572","text":"Asserting","type":"YA","timestamp":"2023-11-09 13:32:59"},{"nodeID":"1326573","text":"Default Transition","type":"TA","timestamp":"2023-11-09 13:32:59"},{"nodeID":"1326574","text":"Default Rephrase","type":"MA","timestamp":"2023-11-09 13:32:59"},{"nodeID":"1326575","text":"Restating","type":"YA","timestamp":"2023-11-09 13:32:59"},{"nodeID":"1326576","text":"Chris Bryant: What do Keir Starmer do when everybody was saying he needed to be investigated by the police","type":"L","timestamp":"2023-11-09 13:33:00"},{"nodeID":"1326577","text":"Analysing","type":"YA","timestamp":"2023-11-09 13:33:00"},{"nodeID":"1326578","text":"Zlata: Chris Bryant: What do Keir Starmer do when everybody was saying he needed to be investigated by the police","type":"L","timestamp":"2023-11-09 13:33:00"},{"nodeID":"1326579","text":"Rhetorical Questioning","type":"YA","timestamp":"2023-11-09 13:33:00"},{"nodeID":"1326580","text":"Default Transition","type":"TA","timestamp":"2023-11-09 13:33:00"},{"nodeID":"1326581","text":"Chris Bryant: he said if I am fined","type":"L","timestamp":"2023-11-09 13:33:00"},{"nodeID":"1326582","text":"Analysing","type":"YA","timestamp":"2023-11-09 13:33:00"},{"nodeID":"1326583","text":"Zlata: Chris Bryant: he said if I am fined","type":"L","timestamp":"2023-11-09 13:33:00"},{"nodeID":"1326584","text":"Keir Starmer: I am fined","type":"L","timestamp":"2023-11-09 13:33:00"},{"nodeID":"1326585","text":"Analysing","type":"YA","timestamp":"2023-11-09 13:33:00"},{"nodeID":"1326586","text":"Zlata: Keir Starmer: he said if I am fined","type":"L","timestamp":"2023-11-09 13:33:00"},{"nodeID":"1326587","text":"Asserting","type":"YA","timestamp":"2023-11-09 13:33:00"},{"nodeID":"1326588","text":"Asserting","type":"YA","timestamp":"2023-11-09 13:33:00"},{"nodeID":"1326589","text":"Chris Bryant: I will resign","type":"L","timestamp":"2023-11-09 13:33:01"},{"nodeID":"1326590","text":"Analysing","type":"YA","timestamp":"2023-11-09 13:33:01"},{"nodeID":"1326591","text":"Zlata: Chris Bryant: I will resign","type":"L","timestamp":"2023-11-09 13:33:01"},{"nodeID":"1326592","text":"Keir Starmer: I will resign","type":"L","timestamp":"2023-11-09 13:33:01"},{"nodeID":"1326593","text":"Analysing","type":"YA","timestamp":"2023-11-09 13:33:01"},{"nodeID":"1326594","text":"Zlata: Keir Starmer: I will resign","type":"L","timestamp":"2023-11-09 13:33:01"},{"nodeID":"1326595","text":"Asserting","type":"YA","timestamp":"2023-11-09 13:33:01"},{"nodeID":"1326596","text":"Default Transition","type":"TA","timestamp":"2023-11-09 13:33:01"},{"nodeID":"1326597","text":"Asserting","type":"YA","timestamp":"2023-11-09 13:33:01"},{"nodeID":"1326598","text":"Default Inference","type":"RA","timestamp":"2023-11-09 13:33:01"},{"nodeID":"1326599","text":"Arguing","type":"YA","timestamp":"2023-11-09 13:33:01"},{"nodeID":"1326600","text":"Default Transition","type":"TA","timestamp":"2023-11-09 13:33:01"},{"nodeID":"1326601","text":"Default Inference","type":"RA","timestamp":"2023-11-09 13:33:01"},{"nodeID":"1326602","text":"Arguing","type":"YA","timestamp":"2023-11-09 13:33:01"},{"nodeID":"1326603","text":"Chris Bryant: That is a man of decency integrity","type":"L","timestamp":"2023-11-09 13:33:01"},{"nodeID":"1326604","text":"Analysing","type":"YA","timestamp":"2023-11-09 13:33:01"},{"nodeID":"1326605","text":"Zlata: Chris Bryant: That is a man of decency integrity","type":"L","timestamp":"2023-11-09 13:33:01"},{"nodeID":"1326606","text":"Asserting","type":"YA","timestamp":"2023-11-09 13:33:01"},{"nodeID":"1326607","text":"Default Transition","type":"TA","timestamp":"2023-11-09 13:33:01"},{"nodeID":"1326608","text":"Default Rephrase","type":"MA","timestamp":"2023-11-09 13:33:01"},{"nodeID":"1326609","text":"Restating","type":"YA","timestamp":"2023-11-09 13:33:01"},{"nodeID":"1326610","text":"Default Inference","type":"RA","timestamp":"2023-11-09 13:33:01"},{"nodeID":"1326611","text":"Default Transition","type":"TA","timestamp":"2023-11-09 13:33:01"},{"nodeID":"1326612","text":"Arguing","type":"YA","timestamp":"2023-11-09 13:33:01"},{"nodeID":"1326613","text":"Chris Bryant: he would be a very fine Prime Minister","type":"L","timestamp":"2023-11-09 13:33:02"},{"nodeID":"1326614","text":"Analysing","type":"YA","timestamp":"2023-11-09 13:33:02"},{"nodeID":"1326615","text":"Zlata: Chris Bryant: he would be a very fine Prime Minister","type":"L","timestamp":"2023-11-09 13:33:02"},{"nodeID":"1326616","text":"Asserting","type":"YA","timestamp":"2023-11-09 13:33:02"},{"nodeID":"1326617","text":"Default Transition","type":"TA","timestamp":"2023-11-09 13:33:02"},{"nodeID":"1326618","text":"Default Inference","type":"RA","timestamp":"2023-11-09 13:33:02"},{"nodeID":"1326619","text":"Arguing","type":"YA","timestamp":"2023-11-09 13:33:02"},{"nodeID":"1326620","text":"AudienceMember 20220721QT17: Ordering 30 pieces for his people in that beer gate","type":"L","timestamp":"2023-11-09 13:33:03"},{"nodeID":"1326621","text":"Analysing","type":"YA","timestamp":"2023-11-09 13:33:03"},{"nodeID":"1326622","text":"Zlata: AudienceMember 20220721QT17: Ordering 30 pieces for his people in that beer gate","type":"L","timestamp":"2023-11-09 13:33:03"},{"nodeID":"1326623","text":"Assertive Questioning","type":"YA","timestamp":"2023-11-09 13:33:03"},{"nodeID":"1326624","text":"Default Transition","type":"TA","timestamp":"2023-11-09 13:33:03"},{"nodeID":"1326625","text":"AudienceMember 20220721QT17: Is that an honest man","type":"L","timestamp":"2023-11-09 13:33:03"},{"nodeID":"1326626","text":"Analysing","type":"YA","timestamp":"2023-11-09 13:33:03"},{"nodeID":"1326627","text":"Zlata: AudienceMember 20220721QT17: Is that an honest man","type":"L","timestamp":"2023-11-09 13:33:03"},{"nodeID":"1326628","text":"Assertive Questioning","type":"YA","timestamp":"2023-11-09 13:33:03"},{"nodeID":"1326629","text":"AudienceMember 20220721QT17: Sorry","type":"L","timestamp":"2023-11-09 13:33:04"},{"nodeID":"1326630","text":"Analysing","type":"YA","timestamp":"2023-11-09 13:33:04"},{"nodeID":"1326631","text":"Zlata: AudienceMember 20220721QT17: Sorry","type":"L","timestamp":"2023-11-09 13:33:04"},{"nodeID":"1326632","text":"Rhetorical Questioning","type":"YA","timestamp":"2023-11-09 13:33:04"},{"nodeID":"1326633","text":"Default Transition","type":"TA","timestamp":"2023-11-09 13:33:04"},{"nodeID":"1326634","text":"Default Rephrase","type":"MA","timestamp":"2023-11-09 13:33:04"},{"nodeID":"1326635","text":"Restating","type":"YA","timestamp":"2023-11-09 13:33:04"},{"nodeID":"1326636","text":"Default Inference","type":"RA","timestamp":"2023-11-09 13:33:04"},{"nodeID":"1326637","text":"Default Transition","type":"TA","timestamp":"2023-11-09 13:33:04"},{"nodeID":"1326638","text":"Arguing","type":"YA","timestamp":"2023-11-09 13:33:04"},{"nodeID":"1326639","text":"Default Transition","type":"TA","timestamp":"2023-11-09 13:33:04"},{"nodeID":"1326640","text":"Default Conflict","type":"CA","timestamp":"2023-11-09 13:33:04"},{"nodeID":"1326641","text":"Disagreeing","type":"YA","timestamp":"2023-11-09 13:33:04"},{"nodeID":"1326642","text":"Fiona Bruce: Ordering the curry you are talking about","type":"L","timestamp":"2023-11-09 13:33:04"},{"nodeID":"1326643","text":"Analysing","type":"YA","timestamp":"2023-11-09 13:33:04"},{"nodeID":"1326644","text":"Zlata: Fiona Bruce: Ordering the curry you are talking about","type":"L","timestamp":"2023-11-09 13:33:04"},{"nodeID":"1326645","text":"Asserting","type":"YA","timestamp":"2023-11-09 13:33:04"},{"nodeID":"1326646","text":"Default Transition","type":"TA","timestamp":"2023-11-09 13:33:04"},{"nodeID":"1326647","text":"Default Rephrase","type":"MA","timestamp":"2023-11-09 13:33:04"},{"nodeID":"1326648","text":"Restating","type":"YA","timestamp":"2023-11-09 13:33:04"},{"nodeID":"1326649","text":"Chris Bryant: The police said there was no case to answer","type":"L","timestamp":"2023-11-09 13:33:05"},{"nodeID":"1326650","text":"Analysing","type":"YA","timestamp":"2023-11-09 13:33:05"},{"nodeID":"1326651","text":"Zlata: Chris Bryant: The police said there was no case to answer","type":"L","timestamp":"2023-11-09 13:33:05"},{"nodeID":"1326652","text":"Asserting","type":"YA","timestamp":"2023-11-09 13:33:05"},{"nodeID":"1326653","text":"Default Transition","type":"TA","timestamp":"2023-11-09 13:33:05"},{"nodeID":"1326654","text":"Default Conflict","type":"CA","timestamp":"2023-11-09 13:33:05"},{"nodeID":"1326655","text":"Disagreeing","type":"YA","timestamp":"2023-11-09 13:33:05"},{"nodeID":"1326656","text":"Fiona Bruce: The police has done an investigation","type":"L","timestamp":"2023-11-09 13:33:06"},{"nodeID":"1326657","text":"Analysing","type":"YA","timestamp":"2023-11-09 13:33:06"},{"nodeID":"1326658","text":"Zlata: Fiona Bruce: The police has done an investigation","type":"L","timestamp":"2023-11-09 13:33:06"},{"nodeID":"1326659","text":"Asserting","type":"YA","timestamp":"2023-11-09 13:33:06"},{"nodeID":"1326660","text":"Default Transition","type":"TA","timestamp":"2023-11-09 13:33:06"},{"nodeID":"1326661","text":"Fiona Bruce: there is no case to answer","type":"L","timestamp":"2023-11-09 13:33:06"},{"nodeID":"1326662","text":"Analysing","type":"YA","timestamp":"2023-11-09 13:33:06"},{"nodeID":"1326663","text":"Zlata: Fiona Bruce: there is no case to answer","type":"L","timestamp":"2023-11-09 13:33:06"},{"nodeID":"1326664","text":"Asserting","type":"YA","timestamp":"2023-11-09 13:33:06"},{"nodeID":"1326665","text":"Default Transition","type":"TA","timestamp":"2023-11-09 13:33:06"},{"nodeID":"1326666","text":"Default Rephrase","type":"MA","timestamp":"2023-11-09 13:33:06"},{"nodeID":"1326667","text":"Restating","type":"YA","timestamp":"2023-11-09 13:33:06"},{"nodeID":"1326668","text":"Default Transition","type":"TA","timestamp":"2023-11-09 13:33:06"},{"nodeID":"1326669","text":"Default Rephrase","type":"MA","timestamp":"2023-11-09 13:33:06"},{"nodeID":"1326670","text":"Restating","type":"YA","timestamp":"2023-11-09 13:33:06"}],"edges":[{"edgeID":"1740290","fromID":"1326465","toID":"1326464","formEdgeID":null},{"edgeID":"1740291","fromID":"1326466","toID":"1326465","formEdgeID":null},{"edgeID":"1740292","fromID":"1326467","toID":"1326463","formEdgeID":null},{"edgeID":"1740293","fromID":"1326468","toID":"1326467","formEdgeID":null},{"edgeID":"1740294","fromID":"1326464","toID":"1326469","formEdgeID":null},{"edgeID":"1740295","fromID":"1326469","toID":"1326463","formEdgeID":null},{"edgeID":"1740296","fromID":"1326463","toID":"1326470","formEdgeID":null},{"edgeID":"1740297","fromID":"1326470","toID":"1153817","formEdgeID":null},{"edgeID":"1740298","fromID":"1326472","toID":"1326471","formEdgeID":null},{"edgeID":"1740299","fromID":"1326473","toID":"1326472","formEdgeID":null},{"edgeID":"1740300","fromID":"1326471","toID":"1326474","formEdgeID":null},{"edgeID":"1740301","fromID":"1326474","toID":"1153824","formEdgeID":null},{"edgeID":"1740302","fromID":"1326464","toID":"1326475","formEdgeID":null},{"edgeID":"1740303","fromID":"1326475","toID":"1326471","formEdgeID":null},{"edgeID":"1740304","fromID":"1326477","toID":"1326476","formEdgeID":null},{"edgeID":"1740305","fromID":"1326478","toID":"1326477","formEdgeID":null},{"edgeID":"1740306","fromID":"1326476","toID":"1326479","formEdgeID":null},{"edgeID":"1740307","fromID":"1326479","toID":"1153829","formEdgeID":null},{"edgeID":"1740308","fromID":"1326471","toID":"1326480","formEdgeID":null},{"edgeID":"1740309","fromID":"1326480","toID":"1326476","formEdgeID":null},{"edgeID":"1740310","fromID":"1153829","toID":"1326481","formEdgeID":null},{"edgeID":"1740311","fromID":"1326481","toID":"1153824","formEdgeID":null},{"edgeID":"1740312","fromID":"1326480","toID":"1326482","formEdgeID":null},{"edgeID":"1740313","fromID":"1326482","toID":"1326481","formEdgeID":null},{"edgeID":"1740314","fromID":"1326484","toID":"1326483","formEdgeID":null},{"edgeID":"1740315","fromID":"1326485","toID":"1326484","formEdgeID":null},{"edgeID":"1740316","fromID":"1326476","toID":"1326486","formEdgeID":null},{"edgeID":"1740317","fromID":"1326486","toID":"1326483","formEdgeID":null},{"edgeID":"1740318","fromID":"1326486","toID":"1326487","formEdgeID":null},{"edgeID":"1740319","fromID":"1326487","toID":"1153829","formEdgeID":null},{"edgeID":"1740320","fromID":"1326489","toID":"1326488","formEdgeID":null},{"edgeID":"1740321","fromID":"1326490","toID":"1326489","formEdgeID":null},{"edgeID":"1740322","fromID":"1326488","toID":"1326491","formEdgeID":null},{"edgeID":"1740323","fromID":"1326491","toID":"1153841","formEdgeID":null},{"edgeID":"1740324","fromID":"1326483","toID":"1326492","formEdgeID":null},{"edgeID":"1740325","fromID":"1326492","toID":"1326488","formEdgeID":null},{"edgeID":"1740326","fromID":"1326494","toID":"1326493","formEdgeID":null},{"edgeID":"1740327","fromID":"1326495","toID":"1326494","formEdgeID":null},{"edgeID":"1740328","fromID":"1326493","toID":"1326496","formEdgeID":null},{"edgeID":"1740329","fromID":"1326496","toID":"1153847","formEdgeID":null},{"edgeID":"1740330","fromID":"1326488","toID":"1326497","formEdgeID":null},{"edgeID":"1740331","fromID":"1326497","toID":"1326493","formEdgeID":null},{"edgeID":"1740332","fromID":"1153847","toID":"1326498","formEdgeID":null},{"edgeID":"1740333","fromID":"1326498","toID":"1153841","formEdgeID":null},{"edgeID":"1740334","fromID":"1326497","toID":"1326499","formEdgeID":null},{"edgeID":"1740335","fromID":"1326499","toID":"1326498","formEdgeID":null},{"edgeID":"1740336","fromID":"1326501","toID":"1326500","formEdgeID":null},{"edgeID":"1740337","fromID":"1326502","toID":"1326501","formEdgeID":null},{"edgeID":"1740338","fromID":"1326500","toID":"1326503","formEdgeID":null},{"edgeID":"1740339","fromID":"1326503","toID":"1153855","formEdgeID":null},{"edgeID":"1740340","fromID":"1326493","toID":"1326504","formEdgeID":null},{"edgeID":"1740341","fromID":"1326504","toID":"1326500","formEdgeID":null},{"edgeID":"1740342","fromID":"1153855","toID":"1326505","formEdgeID":null},{"edgeID":"1740343","fromID":"1326505","toID":"1153847","formEdgeID":null},{"edgeID":"1740344","fromID":"1326504","toID":"1326506","formEdgeID":null},{"edgeID":"1740345","fromID":"1326506","toID":"1326505","formEdgeID":null},{"edgeID":"1740346","fromID":"1326508","toID":"1326507","formEdgeID":null},{"edgeID":"1740347","fromID":"1326509","toID":"1326508","formEdgeID":null},{"edgeID":"1740348","fromID":"1326507","toID":"1326510","formEdgeID":null},{"edgeID":"1740349","fromID":"1326510","toID":"1153863","formEdgeID":null},{"edgeID":"1740350","fromID":"1326500","toID":"1326511","formEdgeID":null},{"edgeID":"1740351","fromID":"1326511","toID":"1326507","formEdgeID":null},{"edgeID":"1740352","fromID":"1153863","toID":"1326512","formEdgeID":null},{"edgeID":"1740353","fromID":"1326512","toID":"1153855","formEdgeID":null},{"edgeID":"1740354","fromID":"1326511","toID":"1326513","formEdgeID":null},{"edgeID":"1740355","fromID":"1326513","toID":"1326512","formEdgeID":null},{"edgeID":"1740356","fromID":"1326515","toID":"1326514","formEdgeID":null},{"edgeID":"1740357","fromID":"1326516","toID":"1326515","formEdgeID":null},{"edgeID":"1740358","fromID":"1326514","toID":"1326517","formEdgeID":null},{"edgeID":"1740359","fromID":"1326517","toID":"1153870","formEdgeID":null},{"edgeID":"1740360","fromID":"1326507","toID":"1326518","formEdgeID":null},{"edgeID":"1740361","fromID":"1326518","toID":"1326514","formEdgeID":null},{"edgeID":"1740362","fromID":"1153870","toID":"1326519","formEdgeID":null},{"edgeID":"1740363","fromID":"1326519","toID":"1153863","formEdgeID":null},{"edgeID":"1740364","fromID":"1326518","toID":"1326520","formEdgeID":null},{"edgeID":"1740365","fromID":"1326520","toID":"1326519","formEdgeID":null},{"edgeID":"1740366","fromID":"1326522","toID":"1326521","formEdgeID":null},{"edgeID":"1740367","fromID":"1326523","toID":"1326522","formEdgeID":null},{"edgeID":"1740368","fromID":"1326521","toID":"1326524","formEdgeID":null},{"edgeID":"1740369","fromID":"1326524","toID":"1153877","formEdgeID":null},{"edgeID":"1740370","fromID":"1326514","toID":"1326525","formEdgeID":null},{"edgeID":"1740371","fromID":"1326525","toID":"1326521","formEdgeID":null},{"edgeID":"1740372","fromID":"1153870","toID":"1326526","formEdgeID":null},{"edgeID":"1740373","fromID":"1326526","toID":"1153877","formEdgeID":null},{"edgeID":"1740374","fromID":"1326525","toID":"1326527","formEdgeID":null},{"edgeID":"1740375","fromID":"1326527","toID":"1326526","formEdgeID":null},{"edgeID":"1740376","fromID":"1326529","toID":"1326528","formEdgeID":null},{"edgeID":"1740377","fromID":"1326530","toID":"1326529","formEdgeID":null},{"edgeID":"1740378","fromID":"1326528","toID":"1326531","formEdgeID":null},{"edgeID":"1740379","fromID":"1326531","toID":"1153884","formEdgeID":null},{"edgeID":"1740380","fromID":"1326521","toID":"1326532","formEdgeID":null},{"edgeID":"1740381","fromID":"1326532","toID":"1326528","formEdgeID":null},{"edgeID":"1740382","fromID":"1326534","toID":"1326533","formEdgeID":null},{"edgeID":"1740383","fromID":"1326535","toID":"1326534","formEdgeID":null},{"edgeID":"1740384","fromID":"1326533","toID":"1326536","formEdgeID":null},{"edgeID":"1740385","fromID":"1326536","toID":"1153890","formEdgeID":null},{"edgeID":"1740386","fromID":"1326538","toID":"1326537","formEdgeID":null},{"edgeID":"1740387","fromID":"1326539","toID":"1326538","formEdgeID":null},{"edgeID":"1740388","fromID":"1326537","toID":"1326540","formEdgeID":null},{"edgeID":"1740389","fromID":"1326540","toID":"1153894","formEdgeID":null},{"edgeID":"1740390","fromID":"1326528","toID":"1326541","formEdgeID":null},{"edgeID":"1740391","fromID":"1326541","toID":"1326537","formEdgeID":null},{"edgeID":"1740392","fromID":"1153894","toID":"1326542","formEdgeID":null},{"edgeID":"1740393","fromID":"1326542","toID":"1153884","formEdgeID":null},{"edgeID":"1740394","fromID":"1326541","toID":"1326543","formEdgeID":null},{"edgeID":"1740395","fromID":"1326543","toID":"1326542","formEdgeID":null},{"edgeID":"1740396","fromID":"1326537","toID":"1326544","formEdgeID":null},{"edgeID":"1740397","fromID":"1326544","toID":"1326533","formEdgeID":null},{"edgeID":"1740398","fromID":"1326546","toID":"1326545","formEdgeID":null},{"edgeID":"1740399","fromID":"1326547","toID":"1326546","formEdgeID":null},{"edgeID":"1740400","fromID":"1326545","toID":"1326548","formEdgeID":null},{"edgeID":"1740401","fromID":"1326548","toID":"1153902","formEdgeID":null},{"edgeID":"1740402","fromID":"1326533","toID":"1326549","formEdgeID":null},{"edgeID":"1740403","fromID":"1326549","toID":"1326545","formEdgeID":null},{"edgeID":"1740404","fromID":"1326551","toID":"1326550","formEdgeID":null},{"edgeID":"1740405","fromID":"1326552","toID":"1326551","formEdgeID":null},{"edgeID":"1740406","fromID":"1326550","toID":"1326553","formEdgeID":null},{"edgeID":"1740407","fromID":"1326553","toID":"1148744","formEdgeID":null},{"edgeID":"1740408","fromID":"1326545","toID":"1326554","formEdgeID":null},{"edgeID":"1740409","fromID":"1326554","toID":"1326550","formEdgeID":null},{"edgeID":"1740410","fromID":"1148744","toID":"1326555","formEdgeID":null},{"edgeID":"1740411","fromID":"1326555","toID":"1153902","formEdgeID":null},{"edgeID":"1740412","fromID":"1326554","toID":"1326556","formEdgeID":null},{"edgeID":"1740413","fromID":"1326556","toID":"1326555","formEdgeID":null},{"edgeID":"1740414","fromID":"1326558","toID":"1326557","formEdgeID":null},{"edgeID":"1740415","fromID":"1326559","toID":"1326558","formEdgeID":null},{"edgeID":"1740416","fromID":"1326557","toID":"1326560","formEdgeID":null},{"edgeID":"1740417","fromID":"1326560","toID":"1148752","formEdgeID":null},{"edgeID":"1740418","fromID":"1326550","toID":"1326561","formEdgeID":null},{"edgeID":"1740419","fromID":"1326561","toID":"1326557","formEdgeID":null},{"edgeID":"1740420","fromID":"1326563","toID":"1326562","formEdgeID":null},{"edgeID":"1740421","fromID":"1326564","toID":"1326563","formEdgeID":null},{"edgeID":"1740422","fromID":"1326562","toID":"1326565","formEdgeID":null},{"edgeID":"1740423","fromID":"1326565","toID":"1153919","formEdgeID":null},{"edgeID":"1740424","fromID":"1326557","toID":"1326566","formEdgeID":null},{"edgeID":"1740425","fromID":"1326566","toID":"1326562","formEdgeID":null},{"edgeID":"1740426","fromID":"1153919","toID":"1326567","formEdgeID":null},{"edgeID":"1740427","fromID":"1326567","toID":"1148752","formEdgeID":null},{"edgeID":"1740428","fromID":"1326566","toID":"1326568","formEdgeID":null},{"edgeID":"1740429","fromID":"1326568","toID":"1326567","formEdgeID":null},{"edgeID":"1740430","fromID":"1326570","toID":"1326569","formEdgeID":null},{"edgeID":"1740431","fromID":"1326571","toID":"1326570","formEdgeID":null},{"edgeID":"1740432","fromID":"1326569","toID":"1326572","formEdgeID":null},{"edgeID":"1740433","fromID":"1326572","toID":"1153927","formEdgeID":null},{"edgeID":"1740434","fromID":"1326562","toID":"1326573","formEdgeID":null},{"edgeID":"1740435","fromID":"1326573","toID":"1326569","formEdgeID":null},{"edgeID":"1740436","fromID":"1153927","toID":"1326574","formEdgeID":null},{"edgeID":"1740437","fromID":"1326574","toID":"1153919","formEdgeID":null},{"edgeID":"1740438","fromID":"1326573","toID":"1326575","formEdgeID":null},{"edgeID":"1740439","fromID":"1326575","toID":"1326574","formEdgeID":null},{"edgeID":"1740440","fromID":"1326577","toID":"1326576","formEdgeID":null},{"edgeID":"1740441","fromID":"1326578","toID":"1326577","formEdgeID":null},{"edgeID":"1740442","fromID":"1326576","toID":"1326579","formEdgeID":null},{"edgeID":"1740443","fromID":"1326579","toID":"1153935","formEdgeID":null},{"edgeID":"1740444","fromID":"1326569","toID":"1326580","formEdgeID":null},{"edgeID":"1740445","fromID":"1326580","toID":"1326576","formEdgeID":null},{"edgeID":"1740446","fromID":"1326582","toID":"1326581","formEdgeID":null},{"edgeID":"1740447","fromID":"1326583","toID":"1326582","formEdgeID":null},{"edgeID":"1740448","fromID":"1326585","toID":"1326584","formEdgeID":null},{"edgeID":"1740449","fromID":"1326586","toID":"1326585","formEdgeID":null},{"edgeID":"1740450","fromID":"1326584","toID":"1326587","formEdgeID":null},{"edgeID":"1740451","fromID":"1326587","toID":"1153940","formEdgeID":null},{"edgeID":"1740452","fromID":"1326581","toID":"1326588","formEdgeID":null},{"edgeID":"1740453","fromID":"1326588","toID":"1326584","formEdgeID":null},{"edgeID":"1740454","fromID":"1326590","toID":"1326589","formEdgeID":null},{"edgeID":"1740455","fromID":"1326591","toID":"1326590","formEdgeID":null},{"edgeID":"1740456","fromID":"1326593","toID":"1326592","formEdgeID":null},{"edgeID":"1740457","fromID":"1326594","toID":"1326593","formEdgeID":null},{"edgeID":"1740458","fromID":"1326592","toID":"1326595","formEdgeID":null},{"edgeID":"1740459","fromID":"1326595","toID":"1153949","formEdgeID":null},{"edgeID":"1740460","fromID":"1326581","toID":"1326596","formEdgeID":null},{"edgeID":"1740461","fromID":"1326596","toID":"1326589","formEdgeID":null},{"edgeID":"1740462","fromID":"1326589","toID":"1326597","formEdgeID":null},{"edgeID":"1740463","fromID":"1326597","toID":"1326592","formEdgeID":null},{"edgeID":"1740464","fromID":"1153940","toID":"1326598","formEdgeID":null},{"edgeID":"1740465","fromID":"1326598","toID":"1153949","formEdgeID":null},{"edgeID":"1740466","fromID":"1326596","toID":"1326599","formEdgeID":null},{"edgeID":"1740467","fromID":"1326599","toID":"1326598","formEdgeID":null},{"edgeID":"1740468","fromID":"1326550","toID":"1326600","formEdgeID":null},{"edgeID":"1740469","fromID":"1326600","toID":"1326576","formEdgeID":null},{"edgeID":"1740470","fromID":"1153935","toID":"1326601","formEdgeID":null},{"edgeID":"1740471","fromID":"1326601","toID":"1148744","formEdgeID":null},{"edgeID":"1740472","fromID":"1326600","toID":"1326602","formEdgeID":null},{"edgeID":"1740473","fromID":"1326602","toID":"1326601","formEdgeID":null},{"edgeID":"1740474","fromID":"1326604","toID":"1326603","formEdgeID":null},{"edgeID":"1740475","fromID":"1326605","toID":"1326604","formEdgeID":null},{"edgeID":"1740476","fromID":"1326603","toID":"1326606","formEdgeID":null},{"edgeID":"1740477","fromID":"1326606","toID":"1148782","formEdgeID":null},{"edgeID":"1740478","fromID":"1326550","toID":"1326607","formEdgeID":null},{"edgeID":"1740479","fromID":"1326607","toID":"1326603","formEdgeID":null},{"edgeID":"1740480","fromID":"1148782","toID":"1326608","formEdgeID":null},{"edgeID":"1740481","fromID":"1326608","toID":"1148744","formEdgeID":null},{"edgeID":"1740482","fromID":"1326607","toID":"1326609","formEdgeID":null},{"edgeID":"1740483","fromID":"1326609","toID":"1326608","formEdgeID":null},{"edgeID":"1740484","fromID":"1153949","toID":"1326610","formEdgeID":null},{"edgeID":"1740485","fromID":"1326610","toID":"1153935","formEdgeID":null},{"edgeID":"1740486","fromID":"1326576","toID":"1326611","formEdgeID":null},{"edgeID":"1740487","fromID":"1326611","toID":"1326589","formEdgeID":null},{"edgeID":"1740488","fromID":"1326611","toID":"1326612","formEdgeID":null},{"edgeID":"1740489","fromID":"1326612","toID":"1326610","formEdgeID":null},{"edgeID":"1740490","fromID":"1326614","toID":"1326613","formEdgeID":null},{"edgeID":"1740491","fromID":"1326615","toID":"1326614","formEdgeID":null},{"edgeID":"1740492","fromID":"1326613","toID":"1326616","formEdgeID":null},{"edgeID":"1740493","fromID":"1326616","toID":"1148790","formEdgeID":null},{"edgeID":"1740494","fromID":"1326603","toID":"1326617","formEdgeID":null},{"edgeID":"1740495","fromID":"1326617","toID":"1326613","formEdgeID":null},{"edgeID":"1740496","fromID":"1148782","toID":"1326618","formEdgeID":null},{"edgeID":"1740497","fromID":"1326618","toID":"1148790","formEdgeID":null},{"edgeID":"1740498","fromID":"1326617","toID":"1326619","formEdgeID":null},{"edgeID":"1740499","fromID":"1326619","toID":"1326618","formEdgeID":null},{"edgeID":"1740500","fromID":"1326621","toID":"1326620","formEdgeID":null},{"edgeID":"1740501","fromID":"1326622","toID":"1326621","formEdgeID":null},{"edgeID":"1740502","fromID":"1326620","toID":"1326623","formEdgeID":null},{"edgeID":"1740503","fromID":"1326623","toID":"1153980","formEdgeID":null},{"edgeID":"1740504","fromID":"1326613","toID":"1326624","formEdgeID":null},{"edgeID":"1740505","fromID":"1326624","toID":"1326620","formEdgeID":null},{"edgeID":"1740506","fromID":"1326626","toID":"1326625","formEdgeID":null},{"edgeID":"1740507","fromID":"1326627","toID":"1326626","formEdgeID":null},{"edgeID":"1740508","fromID":"1326625","toID":"1326628","formEdgeID":null},{"edgeID":"1740509","fromID":"1326628","toID":"1153985","formEdgeID":null},{"edgeID":"1740510","fromID":"1326630","toID":"1326629","formEdgeID":null},{"edgeID":"1740511","fromID":"1326631","toID":"1326630","formEdgeID":null},{"edgeID":"1740512","fromID":"1326629","toID":"1326632","formEdgeID":null},{"edgeID":"1740513","fromID":"1326632","toID":"1153989","formEdgeID":null},{"edgeID":"1740514","fromID":"1326620","toID":"1326633","formEdgeID":null},{"edgeID":"1740515","fromID":"1326633","toID":"1326629","formEdgeID":null},{"edgeID":"1740516","fromID":"1153989","toID":"1326634","formEdgeID":null},{"edgeID":"1740517","fromID":"1326634","toID":"1153980","formEdgeID":null},{"edgeID":"1740518","fromID":"1326633","toID":"1326635","formEdgeID":null},{"edgeID":"1740519","fromID":"1326635","toID":"1326634","formEdgeID":null},{"edgeID":"1740520","fromID":"1153980","toID":"1326636","formEdgeID":null},{"edgeID":"1740521","fromID":"1326636","toID":"1153985","formEdgeID":null},{"edgeID":"1740522","fromID":"1326620","toID":"1326637","formEdgeID":null},{"edgeID":"1740523","fromID":"1326637","toID":"1326625","formEdgeID":null},{"edgeID":"1740524","fromID":"1326637","toID":"1326638","formEdgeID":null},{"edgeID":"1740525","fromID":"1326638","toID":"1326636","formEdgeID":null},{"edgeID":"1740526","fromID":"1326603","toID":"1326639","formEdgeID":null},{"edgeID":"1740527","fromID":"1326639","toID":"1326625","formEdgeID":null},{"edgeID":"1740528","fromID":"1153985","toID":"1326640","formEdgeID":null},{"edgeID":"1740529","fromID":"1326640","toID":"1148782","formEdgeID":null},{"edgeID":"1740530","fromID":"1326639","toID":"1326641","formEdgeID":null},{"edgeID":"1740531","fromID":"1326641","toID":"1326640","formEdgeID":null},{"edgeID":"1740532","fromID":"1326643","toID":"1326642","formEdgeID":null},{"edgeID":"1740533","fromID":"1326644","toID":"1326643","formEdgeID":null},{"edgeID":"1740534","fromID":"1326642","toID":"1326645","formEdgeID":null},{"edgeID":"1740535","fromID":"1326645","toID":"1154002","formEdgeID":null},{"edgeID":"1740536","fromID":"1326620","toID":"1326646","formEdgeID":null},{"edgeID":"1740537","fromID":"1326646","toID":"1326642","formEdgeID":null},{"edgeID":"1740538","fromID":"1154002","toID":"1326647","formEdgeID":null},{"edgeID":"1740539","fromID":"1326647","toID":"1153980","formEdgeID":null},{"edgeID":"1740540","fromID":"1326646","toID":"1326648","formEdgeID":null},{"edgeID":"1740541","fromID":"1326648","toID":"1326647","formEdgeID":null},{"edgeID":"1740542","fromID":"1326650","toID":"1326649","formEdgeID":null},{"edgeID":"1740543","fromID":"1326651","toID":"1326650","formEdgeID":null},{"edgeID":"1740544","fromID":"1326649","toID":"1326652","formEdgeID":null},{"edgeID":"1740545","fromID":"1326652","toID":"1154010","formEdgeID":null},{"edgeID":"1740546","fromID":"1326629","toID":"1326653","formEdgeID":null},{"edgeID":"1740547","fromID":"1326653","toID":"1326649","formEdgeID":null},{"edgeID":"1740548","fromID":"1154010","toID":"1326654","formEdgeID":null},{"edgeID":"1740549","fromID":"1326654","toID":"1153989","formEdgeID":null},{"edgeID":"1740550","fromID":"1326653","toID":"1326655","formEdgeID":null},{"edgeID":"1740551","fromID":"1326655","toID":"1326654","formEdgeID":null},{"edgeID":"1740552","fromID":"1326657","toID":"1326656","formEdgeID":null},{"edgeID":"1740553","fromID":"1326658","toID":"1326657","formEdgeID":null},{"edgeID":"1740554","fromID":"1326656","toID":"1326659","formEdgeID":null},{"edgeID":"1740555","fromID":"1326659","toID":"1154018","formEdgeID":null},{"edgeID":"1740556","fromID":"1326649","toID":"1326660","formEdgeID":null},{"edgeID":"1740557","fromID":"1326660","toID":"1326656","formEdgeID":null},{"edgeID":"1740558","fromID":"1326662","toID":"1326661","formEdgeID":null},{"edgeID":"1740559","fromID":"1326663","toID":"1326662","formEdgeID":null},{"edgeID":"1740560","fromID":"1326661","toID":"1326664","formEdgeID":null},{"edgeID":"1740561","fromID":"1326664","toID":"1154024","formEdgeID":null},{"edgeID":"1740562","fromID":"1326649","toID":"1326665","formEdgeID":null},{"edgeID":"1740563","fromID":"1326665","toID":"1326661","formEdgeID":null},{"edgeID":"1740564","fromID":"1154024","toID":"1326666","formEdgeID":null},{"edgeID":"1740565","fromID":"1326666","toID":"1154010","formEdgeID":null},{"edgeID":"1740566","fromID":"1326665","toID":"1326667","formEdgeID":null},{"edgeID":"1740567","fromID":"1326667","toID":"1326666","formEdgeID":null},{"edgeID":"1740568","fromID":"1326656","toID":"1326668","formEdgeID":null},{"edgeID":"1740569","fromID":"1326668","toID":"1326661","formEdgeID":null},{"edgeID":"1740570","fromID":"1154024","toID":"1326669","formEdgeID":null},{"edgeID":"1740571","fromID":"1326669","toID":"1154018","formEdgeID":null},{"edgeID":"1740572","fromID":"1326668","toID":"1326670","formEdgeID":null},{"edgeID":"1740573","fromID":"1326670","toID":"1326669","formEdgeID":null}],"locutions":[]}