{"nodes":[{"nodeID":"1326289","text":"it isn't just about farmers","type":"I","timestamp":"2023-11-09 13:32:36"},{"nodeID":"1326290","text":"Minette Batters: it isn't just about farmers","type":"L","timestamp":"2023-11-09 13:32:36"},{"nodeID":"1326291","text":"Analysing","type":"YA","timestamp":"2023-11-09 13:32:36"},{"nodeID":"1326292","text":"Nicole: Minette Batters: it isn't just about farmers","type":"L","timestamp":"2023-11-09 13:32:36"},{"nodeID":"1326293","text":"Asserting","type":"YA","timestamp":"2023-11-09 13:32:36"},{"nodeID":"1326294","text":"Minette Batters has witnessed the pig sector now, 20% smaller than what it was","type":"I","timestamp":"2023-11-09 13:32:36"},{"nodeID":"1326295","text":"Minette Batters: I have witnessed the pig sector now, 20% smaller than what it was","type":"L","timestamp":"2023-11-09 13:32:36"},{"nodeID":"1326296","text":"Analysing","type":"YA","timestamp":"2023-11-09 13:32:36"},{"nodeID":"1326297","text":"Nicole: Minette Batters: I have witnessed the pig sector now, 20% smaller than what it was","type":"L","timestamp":"2023-11-09 13:32:36"},{"nodeID":"1326298","text":"Asserting","type":"YA","timestamp":"2023-11-09 13:32:36"},{"nodeID":"1326299","text":"Default Transition","type":"TA","timestamp":"2023-11-09 13:32:36"},{"nodeID":"1326300","text":"we have culled thousands and thousands of pigs","type":"I","timestamp":"2023-11-09 13:32:37"},{"nodeID":"1326301","text":"Minette Batters: we have culled thousands and thousands of pigs","type":"L","timestamp":"2023-11-09 13:32:37"},{"nodeID":"1326302","text":"Analysing","type":"YA","timestamp":"2023-11-09 13:32:37"},{"nodeID":"1326303","text":"Nicole: Minette Batters: we have culled thousands and thousands of pigs","type":"L","timestamp":"2023-11-09 13:32:37"},{"nodeID":"1326304","text":"Asserting","type":"YA","timestamp":"2023-11-09 13:32:37"},{"nodeID":"1326305","text":"Default Transition","type":"TA","timestamp":"2023-11-09 13:32:37"},{"nodeID":"1326306","text":"Default Rephrase","type":"MA","timestamp":"2023-11-09 13:32:37"},{"nodeID":"1326307","text":"Restating","type":"YA","timestamp":"2023-11-09 13:32:37"},{"nodeID":"1326308","text":"we didn't have a strategy for when we left the EU","type":"I","timestamp":"2023-11-09 13:32:38"},{"nodeID":"1326309","text":"Minette Batters: we didn't have a strategy for when we left the EU","type":"L","timestamp":"2023-11-09 13:32:38"},{"nodeID":"1326310","text":"Analysing","type":"YA","timestamp":"2023-11-09 13:32:38"},{"nodeID":"1326311","text":"Nicole: Minette Batters: we didn't have a strategy for when we left the EU","type":"L","timestamp":"2023-11-09 13:32:38"},{"nodeID":"1326312","text":"Asserting","type":"YA","timestamp":"2023-11-09 13:32:38"},{"nodeID":"1326313","text":"Default Inference","type":"RA","timestamp":"2023-11-09 13:32:38"},{"nodeID":"1326314","text":"Default Transition","type":"TA","timestamp":"2023-11-09 13:32:38"},{"nodeID":"1326315","text":"Arguing","type":"YA","timestamp":"2023-11-09 13:32:38"},{"nodeID":"1326316","text":"we have got fruit and vegetables rotting in the fields","type":"I","timestamp":"2023-11-09 13:32:38"},{"nodeID":"1326317","text":"Minette Batters: We have got fruit and vegetables rotting in the fields","type":"L","timestamp":"2023-11-09 13:32:38"},{"nodeID":"1326318","text":"Analysing","type":"YA","timestamp":"2023-11-09 13:32:38"},{"nodeID":"1326319","text":"Nicole: Minette Batters: We have got fruit and vegetables rotting in the fields","type":"L","timestamp":"2023-11-09 13:32:38"},{"nodeID":"1326320","text":"Asserting","type":"YA","timestamp":"2023-11-09 13:32:38"},{"nodeID":"1326321","text":"Default Transition","type":"TA","timestamp":"2023-11-09 13:32:38"},{"nodeID":"1326322","text":"we have got a cost of living crisis which Minette Batters is sure we will come on to","type":"I","timestamp":"2023-11-09 13:32:39"},{"nodeID":"1326323","text":"Minette Batters: We have got a cost of living crisis which I'm sure we will come on to","type":"L","timestamp":"2023-11-09 13:32:39"},{"nodeID":"1326324","text":"Analysing","type":"YA","timestamp":"2023-11-09 13:32:39"},{"nodeID":"1326325","text":"Nicole: Minette Batters: We have got a cost of living crisis which I'm sure we will come on to","type":"L","timestamp":"2023-11-09 13:32:39"},{"nodeID":"1326326","text":"Asserting","type":"YA","timestamp":"2023-11-09 13:32:39"},{"nodeID":"1326327","text":"Default Transition","type":"TA","timestamp":"2023-11-09 13:32:39"},{"nodeID":"1326328","text":"it's criminal to be wasting the food that we are and putting people out of business","type":"I","timestamp":"2023-11-09 13:32:39"},{"nodeID":"1326329","text":"Minette Batters: it's criminal to be wasting the food that we are and putting people out of business","type":"L","timestamp":"2023-11-09 13:32:39"},{"nodeID":"1326330","text":"Analysing","type":"YA","timestamp":"2023-11-09 13:32:39"},{"nodeID":"1326331","text":"Nicole: Minette Batters: it's criminal to be wasting the food that we are and putting people out of business","type":"L","timestamp":"2023-11-09 13:32:39"},{"nodeID":"1326332","text":"Asserting","type":"YA","timestamp":"2023-11-09 13:32:39"},{"nodeID":"1326333","text":"Default Rephrase","type":"MA","timestamp":"2023-11-09 13:32:39"},{"nodeID":"1326334","text":"Default Transition","type":"TA","timestamp":"2023-11-09 13:32:39"},{"nodeID":"1326335","text":"Restating","type":"YA","timestamp":"2023-11-09 13:32:39"},{"nodeID":"1326336","text":"we haven't got a strategy and a policy in place","type":"I","timestamp":"2023-11-09 13:32:40"},{"nodeID":"1326337","text":"Minette Batters: we haven't got a strategy and a policy in place","type":"L","timestamp":"2023-11-09 13:32:40"},{"nodeID":"1326338","text":"Analysing","type":"YA","timestamp":"2023-11-09 13:32:40"},{"nodeID":"1326339","text":"Nicole: Minette Batters: we haven't got a strategy and a policy in place","type":"L","timestamp":"2023-11-09 13:32:40"},{"nodeID":"1326340","text":"Asserting","type":"YA","timestamp":"2023-11-09 13:32:40"},{"nodeID":"1326341","text":"Default Transition","type":"TA","timestamp":"2023-11-09 13:32:40"},{"nodeID":"1326342","text":"Default Inference","type":"RA","timestamp":"2023-11-09 13:32:40"},{"nodeID":"1326343","text":"Arguing","type":"YA","timestamp":"2023-11-09 13:32:40"},{"nodeID":"1326344","text":"Default Transition","type":"TA","timestamp":"2023-11-09 13:32:40"},{"nodeID":"1326345","text":"Default Rephrase","type":"MA","timestamp":"2023-11-09 13:32:40"},{"nodeID":"1326346","text":"Restating","type":"YA","timestamp":"2023-11-09 13:32:40"},{"nodeID":"1326347","text":"in terms of the question Minette Batters, a change of leadership will or won't be enough to encourage more trust","type":"I","timestamp":"2023-11-09 13:32:40"},{"nodeID":"1326348","text":"Fiona Bruce: In terms of the question Minette, will a change of leadership be enough to encourage more trust","type":"L","timestamp":"2023-11-09 13:32:40"},{"nodeID":"1326349","text":"Analysing","type":"YA","timestamp":"2023-11-09 13:32:40"},{"nodeID":"1326350","text":"Nicole: Fiona Bruce: In terms of the question Minette, will a change of leadership be enough to encourage more trust","type":"L","timestamp":"2023-11-09 13:32:40"},{"nodeID":"1326351","text":"Pure Questioning","type":"YA","timestamp":"2023-11-09 13:32:40"},{"nodeID":"1326352","text":"Default Transition","type":"TA","timestamp":"2023-11-09 13:32:40"},{"nodeID":"1326353","text":"Minette Batters desperately hopes that a change of leadership will be enough to encourage more trust","type":"I","timestamp":"2023-11-09 13:32:41"},{"nodeID":"1326354","text":"Minette Batters: I desperately hope so","type":"L","timestamp":"2023-11-09 13:32:41"},{"nodeID":"1326355","text":"Analysing","type":"YA","timestamp":"2023-11-09 13:32:41"},{"nodeID":"1326356","text":"Nicole: Minette Batters: I desperately hope so","type":"L","timestamp":"2023-11-09 13:32:41"},{"nodeID":"1326357","text":"Asserting","type":"YA","timestamp":"2023-11-09 13:32:41"},{"nodeID":"1326358","text":"Default Transition","type":"TA","timestamp":"2023-11-09 13:32:41"},{"nodeID":"1326359","text":"Default Rephrase","type":"MA","timestamp":"2023-11-09 13:32:41"},{"nodeID":"1326360","text":"Default Illocuting","type":"YA","timestamp":"2023-11-09 13:32:41"},{"nodeID":"1326361","text":"whether a change of leadership will be enough to encourage more trust depends on the bright young things Olivia refers to","type":"I","timestamp":"2023-11-09 13:32:42"},{"nodeID":"1326362","text":"Minette Batters: That depends on the bright young things Olivia refers to","type":"L","timestamp":"2023-11-09 13:32:42"},{"nodeID":"1326363","text":"Analysing","type":"YA","timestamp":"2023-11-09 13:32:42"},{"nodeID":"1326364","text":"Nicole: Minette Batters: That depends on the bright young things Olivia refers to","type":"L","timestamp":"2023-11-09 13:32:42"},{"nodeID":"1326365","text":"Asserting","type":"YA","timestamp":"2023-11-09 13:32:42"},{"nodeID":"1326366","text":"the Chancellor of the Exchequer to be fair he is","type":"I","timestamp":"2023-11-09 13:32:42"},{"nodeID":"1326367","text":"Olivia Utley: The Chancellor of the Exchequer to be fair he is","type":"L","timestamp":"2023-11-09 13:32:42"},{"nodeID":"1326368","text":"Analysing","type":"YA","timestamp":"2023-11-09 13:32:42"},{"nodeID":"1326369","text":"Nicole: Olivia Utley: The Chancellor of the Exchequer to be fair he is","type":"L","timestamp":"2023-11-09 13:32:42"},{"nodeID":"1326370","text":"Asserting","type":"YA","timestamp":"2023-11-09 13:32:42"},{"nodeID":"1326371","text":"Default Transition","type":"TA","timestamp":"2023-11-09 13:32:42"},{"nodeID":"1326372","text":"there are some in the previous cabinet and many that are not","type":"I","timestamp":"2023-11-09 13:32:43"},{"nodeID":"1326373","text":"Minette Batters: There are some in the previous cabinet and many that are not","type":"L","timestamp":"2023-11-09 13:32:43"},{"nodeID":"1326374","text":"Analysing","type":"YA","timestamp":"2023-11-09 13:32:43"},{"nodeID":"1326375","text":"Nicole: Minette Batters: There are some in the previous cabinet and many that are not","type":"L","timestamp":"2023-11-09 13:32:43"},{"nodeID":"1326376","text":"Asserting","type":"YA","timestamp":"2023-11-09 13:32:43"},{"nodeID":"1326377","text":"Default Transition","type":"TA","timestamp":"2023-11-09 13:32:43"},{"nodeID":"1326378","text":"the polling today said less than 10% knew who they were","type":"I","timestamp":"2023-11-09 13:32:43"},{"nodeID":"1326379","text":"Minette Batters: the polling today said less than 10% knew who they were","type":"L","timestamp":"2023-11-09 13:32:43"},{"nodeID":"1326380","text":"Analysing","type":"YA","timestamp":"2023-11-09 13:32:43"},{"nodeID":"1326381","text":"Nicole: Minette Batters: the polling today said less than 10% knew who they were","type":"L","timestamp":"2023-11-09 13:32:43"},{"nodeID":"1326382","text":"Asserting","type":"YA","timestamp":"2023-11-09 13:32:43"},{"nodeID":"1326383","text":"Default Transition","type":"TA","timestamp":"2023-11-09 13:32:43"},{"nodeID":"1326384","text":"Default Rephrase","type":"MA","timestamp":"2023-11-09 13:32:43"},{"nodeID":"1326385","text":"Restating","type":"YA","timestamp":"2023-11-09 13:32:43"},{"nodeID":"1326386","text":"that the polling today said less than 10% knew who they were is a huge issue really","type":"I","timestamp":"2023-11-09 13:32:44"},{"nodeID":"1326387","text":"Minette Batters: that's a huge issue really","type":"L","timestamp":"2023-11-09 13:32:44"},{"nodeID":"1326388","text":"Analysing","type":"YA","timestamp":"2023-11-09 13:32:44"},{"nodeID":"1326389","text":"Nicole: Minette Batters: that's a huge issue really","type":"L","timestamp":"2023-11-09 13:32:44"},{"nodeID":"1326390","text":"Asserting","type":"YA","timestamp":"2023-11-09 13:32:44"},{"nodeID":"1326391","text":"Default Transition","type":"TA","timestamp":"2023-11-09 13:32:44"},{"nodeID":"1326392","text":"Default Rephrase","type":"MA","timestamp":"2023-11-09 13:32:44"},{"nodeID":"1326393","text":"Restating","type":"YA","timestamp":"2023-11-09 13:32:44"},{"nodeID":"1326394","text":"when this is such a rural area, farming absolutely underpins this part of the world, and it's so important people want to know","type":"I","timestamp":"2023-11-09 13:32:45"},{"nodeID":"1326395","text":"Minette Batters: When this is such a rural area, farming absolutely underpins this part of the world, and it's so important people want to know","type":"L","timestamp":"2023-11-09 13:32:45"},{"nodeID":"1326396","text":"Analysing","type":"YA","timestamp":"2023-11-09 13:32:45"},{"nodeID":"1326397","text":"Nicole: Minette Batters: When this is such a rural area, farming absolutely underpins this part of the world, and it's so important people want to know","type":"L","timestamp":"2023-11-09 13:32:45"},{"nodeID":"1326398","text":"Asserting","type":"YA","timestamp":"2023-11-09 13:32:45"},{"nodeID":"1326399","text":"Default Transition","type":"TA","timestamp":"2023-11-09 13:32:45"},{"nodeID":"1326400","text":"Default Inference","type":"RA","timestamp":"2023-11-09 13:32:45"},{"nodeID":"1326401","text":"Arguing","type":"YA","timestamp":"2023-11-09 13:32:45"},{"nodeID":"1326402","text":"farming and fishing absolutely underpins this part of the world","type":"I","timestamp":"2023-11-09 13:32:45"},{"nodeID":"1326403","text":"AudienceMember 20220721QT12: And fishing","type":"L","timestamp":"2023-11-09 13:32:45"},{"nodeID":"1326404","text":"Analysing","type":"YA","timestamp":"2023-11-09 13:32:45"},{"nodeID":"1326405","text":"Nicole: AudienceMember 20220721QT12: And fishing","type":"L","timestamp":"2023-11-09 13:32:45"},{"nodeID":"1326406","text":"Asserting","type":"YA","timestamp":"2023-11-09 13:32:45"},{"nodeID":"1326407","text":"Default Transition","type":"TA","timestamp":"2023-11-09 13:32:45"},{"nodeID":"1326408","text":"Default Rephrase","type":"MA","timestamp":"2023-11-09 13:32:45"},{"nodeID":"1326409","text":"Restating","type":"YA","timestamp":"2023-11-09 13:32:45"},{"nodeID":"1326410","text":"Minette Batters: Farming and fishing","type":"L","timestamp":"2023-11-09 13:32:45"},{"nodeID":"1326411","text":"Analysing","type":"YA","timestamp":"2023-11-09 13:32:45"},{"nodeID":"1326412","text":"Nicole: Minette Batters: Farming and fishing","type":"L","timestamp":"2023-11-09 13:32:45"},{"nodeID":"1326413","text":"Default Transition","type":"TA","timestamp":"2023-11-09 13:32:45"},{"nodeID":"1326414","text":"Agreeing","type":"YA","timestamp":"2023-11-09 13:32:45"},{"nodeID":"1326415","text":"everyone keeps saying Boris Johnson got Brexit done","type":"I","timestamp":"2023-11-09 13:32:46"},{"nodeID":"1326416","text":"Minette Batters: everyone keeps saying Boris Johnson got Brexit done","type":"L","timestamp":"2023-11-09 13:32:46"},{"nodeID":"1326417","text":"Analysing","type":"YA","timestamp":"2023-11-09 13:32:46"},{"nodeID":"1326418","text":"Nicole: Minette Batters: everyone keeps saying Boris Johnson got Brexit done","type":"L","timestamp":"2023-11-09 13:32:46"},{"nodeID":"1326419","text":"Asserting","type":"YA","timestamp":"2023-11-09 13:32:46"},{"nodeID":"1326420","text":"Default Transition","type":"TA","timestamp":"2023-11-09 13:32:46"},{"nodeID":"1326421","text":"no Boris Johnson hasn't got Brexit done, the Northern Ireland protocol hasn't started yet","type":"I","timestamp":"2023-11-09 13:32:46"},{"nodeID":"1326422","text":"Minette Batters: no he hasn't the Northern Ireland protocol hasn't started yet","type":"L","timestamp":"2023-11-09 13:32:46"},{"nodeID":"1326423","text":"Analysing","type":"YA","timestamp":"2023-11-09 13:32:46"},{"nodeID":"1326424","text":"Nicole: Minette Batters: no he hasn't the Northern Ireland protocol hasn't started yet","type":"L","timestamp":"2023-11-09 13:32:46"},{"nodeID":"1326425","text":"Asserting","type":"YA","timestamp":"2023-11-09 13:32:46"},{"nodeID":"1326426","text":"Default Transition","type":"TA","timestamp":"2023-11-09 13:32:46"},{"nodeID":"1326427","text":"Default Conflict","type":"CA","timestamp":"2023-11-09 13:32:46"},{"nodeID":"1326428","text":"Disagreeing","type":"YA","timestamp":"2023-11-09 13:32:46"},{"nodeID":"1326429","text":"it can be seen to be quite an exciting time","type":"I","timestamp":"2023-11-09 13:32:47"},{"nodeID":"1326430","text":"AudienceMember 20220721QT13: it can be seen to be quite an exciting time","type":"L","timestamp":"2023-11-09 13:32:47"},{"nodeID":"1326431","text":"Analysing","type":"YA","timestamp":"2023-11-09 13:32:47"},{"nodeID":"1326432","text":"Nicole: AudienceMember 20220721QT13: it can be seen to be quite an exciting time","type":"L","timestamp":"2023-11-09 13:32:47"},{"nodeID":"1326433","text":"Asserting","type":"YA","timestamp":"2023-11-09 13:32:47"},{"nodeID":"1326434","text":"Default Transition","type":"TA","timestamp":"2023-11-09 13:32:47"},{"nodeID":"1326435","text":"AudienceMember 20220721QT13 has got the same worries as Minette Batters","type":"I","timestamp":"2023-11-09 13:32:47"},{"nodeID":"1326436","text":"AudienceMember 20220721QT13: I have got the same worries as yourself","type":"L","timestamp":"2023-11-09 13:32:47"},{"nodeID":"1326437","text":"Analysing","type":"YA","timestamp":"2023-11-09 13:32:47"},{"nodeID":"1326438","text":"Nicole: AudienceMember 20220721QT13: I have got the same worries as yourself","type":"L","timestamp":"2023-11-09 13:32:47"},{"nodeID":"1326439","text":"Asserting","type":"YA","timestamp":"2023-11-09 13:32:47"},{"nodeID":"1326440","text":"Default Transition","type":"TA","timestamp":"2023-11-09 13:32:47"},{"nodeID":"1326441","text":"who are these people","type":"I","timestamp":"2023-11-09 13:32:48"},{"nodeID":"1326442","text":"AudienceMember 20220721QT13: who are these people","type":"L","timestamp":"2023-11-09 13:32:48"},{"nodeID":"1326443","text":"Analysing","type":"YA","timestamp":"2023-11-09 13:32:48"},{"nodeID":"1326444","text":"Nicole: AudienceMember 20220721QT13: who are these people","type":"L","timestamp":"2023-11-09 13:32:48"},{"nodeID":"1326445","text":"Rhetorical Questioning","type":"YA","timestamp":"2023-11-09 13:32:48"},{"nodeID":"1326446","text":"Default Transition","type":"TA","timestamp":"2023-11-09 13:32:48"},{"nodeID":"1326447","text":"Default Inference","type":"RA","timestamp":"2023-11-09 13:32:48"},{"nodeID":"1326448","text":"Arguing","type":"YA","timestamp":"2023-11-09 13:32:48"},{"nodeID":"1326449","text":"Default Transition","type":"TA","timestamp":"2023-11-09 13:32:48"},{"nodeID":"1326450","text":"Default Rephrase","type":"MA","timestamp":"2023-11-09 13:32:48"},{"nodeID":"1326451","text":"Restating","type":"YA","timestamp":"2023-11-09 13:32:48"},{"nodeID":"1326452","text":"Minette Batters does or doesn't think a change of leadership will be enough to encourage more trust","type":"I","timestamp":"2023-11-09 13:32:49"},{"nodeID":"1326453","text":"Mislabelled Fiona Bruce: Do you think it will","type":"L","timestamp":"2023-11-09 13:32:49"},{"nodeID":"1326454","text":"Analysing","type":"YA","timestamp":"2023-11-09 13:32:49"},{"nodeID":"1326455","text":"Nicole: Mislabelled Fiona Bruce: Do you think it will","type":"L","timestamp":"2023-11-09 13:32:49"},{"nodeID":"1326456","text":"Asserting","type":"YA","timestamp":"2023-11-09 13:32:49"},{"nodeID":"1326457","text":"Default Transition","type":"TA","timestamp":"2023-11-09 13:32:49"},{"nodeID":"1326458","text":"Default Rephrase","type":"MA","timestamp":"2023-11-09 13:32:49"},{"nodeID":"1326459","text":"Restating","type":"YA","timestamp":"2023-11-09 13:32:49"},{"nodeID":"1326460","text":"Default Transition","type":"TA","timestamp":"2023-11-09 13:32:49"},{"nodeID":"1326461","text":"Default Rephrase","type":"MA","timestamp":"2023-11-09 13:32:49"},{"nodeID":"1326462","text":"Default Illocuting","type":"YA","timestamp":"2023-11-09 13:32:49"}],"edges":[{"edgeID":"1740084","fromID":"1326291","toID":"1326290","formEdgeID":null},{"edgeID":"1740085","fromID":"1326292","toID":"1326291","formEdgeID":null},{"edgeID":"1740086","fromID":"1326290","toID":"1326293","formEdgeID":null},{"edgeID":"1740087","fromID":"1326293","toID":"1326289","formEdgeID":null},{"edgeID":"1740088","fromID":"1326296","toID":"1326295","formEdgeID":null},{"edgeID":"1740089","fromID":"1326297","toID":"1326296","formEdgeID":null},{"edgeID":"1740090","fromID":"1326295","toID":"1326298","formEdgeID":null},{"edgeID":"1740091","fromID":"1326298","toID":"1326294","formEdgeID":null},{"edgeID":"1740092","fromID":"1326290","toID":"1326299","formEdgeID":null},{"edgeID":"1740093","fromID":"1326299","toID":"1326295","formEdgeID":null},{"edgeID":"1740094","fromID":"1326302","toID":"1326301","formEdgeID":null},{"edgeID":"1740095","fromID":"1326303","toID":"1326302","formEdgeID":null},{"edgeID":"1740096","fromID":"1326301","toID":"1326304","formEdgeID":null},{"edgeID":"1740097","fromID":"1326304","toID":"1326300","formEdgeID":null},{"edgeID":"1740098","fromID":"1326295","toID":"1326305","formEdgeID":null},{"edgeID":"1740099","fromID":"1326305","toID":"1326301","formEdgeID":null},{"edgeID":"1740100","fromID":"1326300","toID":"1326306","formEdgeID":null},{"edgeID":"1740101","fromID":"1326306","toID":"1326294","formEdgeID":null},{"edgeID":"1740102","fromID":"1326305","toID":"1326307","formEdgeID":null},{"edgeID":"1740103","fromID":"1326307","toID":"1326306","formEdgeID":null},{"edgeID":"1740104","fromID":"1326310","toID":"1326309","formEdgeID":null},{"edgeID":"1740105","fromID":"1326311","toID":"1326310","formEdgeID":null},{"edgeID":"1740106","fromID":"1326309","toID":"1326312","formEdgeID":null},{"edgeID":"1740107","fromID":"1326312","toID":"1326308","formEdgeID":null},{"edgeID":"1740108","fromID":"1326308","toID":"1326313","formEdgeID":null},{"edgeID":"1740109","fromID":"1326313","toID":"1326300","formEdgeID":null},{"edgeID":"1740110","fromID":"1326301","toID":"1326314","formEdgeID":null},{"edgeID":"1740111","fromID":"1326314","toID":"1326309","formEdgeID":null},{"edgeID":"1740112","fromID":"1326314","toID":"1326315","formEdgeID":null},{"edgeID":"1740113","fromID":"1326315","toID":"1326313","formEdgeID":null},{"edgeID":"1740114","fromID":"1326318","toID":"1326317","formEdgeID":null},{"edgeID":"1740115","fromID":"1326319","toID":"1326318","formEdgeID":null},{"edgeID":"1740116","fromID":"1326317","toID":"1326320","formEdgeID":null},{"edgeID":"1740117","fromID":"1326320","toID":"1326316","formEdgeID":null},{"edgeID":"1740118","fromID":"1326309","toID":"1326321","formEdgeID":null},{"edgeID":"1740119","fromID":"1326321","toID":"1326317","formEdgeID":null},{"edgeID":"1740120","fromID":"1326324","toID":"1326323","formEdgeID":null},{"edgeID":"1740121","fromID":"1326325","toID":"1326324","formEdgeID":null},{"edgeID":"1740122","fromID":"1326323","toID":"1326326","formEdgeID":null},{"edgeID":"1740123","fromID":"1326326","toID":"1326322","formEdgeID":null},{"edgeID":"1740124","fromID":"1326317","toID":"1326327","formEdgeID":null},{"edgeID":"1740125","fromID":"1326327","toID":"1326323","formEdgeID":null},{"edgeID":"1740126","fromID":"1326330","toID":"1326329","formEdgeID":null},{"edgeID":"1740127","fromID":"1326331","toID":"1326330","formEdgeID":null},{"edgeID":"1740128","fromID":"1326329","toID":"1326332","formEdgeID":null},{"edgeID":"1740129","fromID":"1326332","toID":"1326328","formEdgeID":null},{"edgeID":"1740130","fromID":"1326328","toID":"1326333","formEdgeID":null},{"edgeID":"1740131","fromID":"1326333","toID":"1326316","formEdgeID":null},{"edgeID":"1740132","fromID":"1326317","toID":"1326334","formEdgeID":null},{"edgeID":"1740133","fromID":"1326334","toID":"1326329","formEdgeID":null},{"edgeID":"1740134","fromID":"1326334","toID":"1326335","formEdgeID":null},{"edgeID":"1740135","fromID":"1326335","toID":"1326333","formEdgeID":null},{"edgeID":"1740136","fromID":"1326338","toID":"1326337","formEdgeID":null},{"edgeID":"1740137","fromID":"1326339","toID":"1326338","formEdgeID":null},{"edgeID":"1740138","fromID":"1326337","toID":"1326340","formEdgeID":null},{"edgeID":"1740139","fromID":"1326340","toID":"1326336","formEdgeID":null},{"edgeID":"1740140","fromID":"1326329","toID":"1326341","formEdgeID":null},{"edgeID":"1740141","fromID":"1326341","toID":"1326337","formEdgeID":null},{"edgeID":"1740142","fromID":"1326336","toID":"1326342","formEdgeID":null},{"edgeID":"1740143","fromID":"1326342","toID":"1326328","formEdgeID":null},{"edgeID":"1740144","fromID":"1326341","toID":"1326343","formEdgeID":null},{"edgeID":"1740145","fromID":"1326343","toID":"1326342","formEdgeID":null},{"edgeID":"1740146","fromID":"1326309","toID":"1326344","formEdgeID":null},{"edgeID":"1740147","fromID":"1326344","toID":"1326337","formEdgeID":null},{"edgeID":"1740148","fromID":"1326336","toID":"1326345","formEdgeID":null},{"edgeID":"1740149","fromID":"1326345","toID":"1326308","formEdgeID":null},{"edgeID":"1740150","fromID":"1326344","toID":"1326346","formEdgeID":null},{"edgeID":"1740151","fromID":"1326346","toID":"1326345","formEdgeID":null},{"edgeID":"1740152","fromID":"1326349","toID":"1326348","formEdgeID":null},{"edgeID":"1740153","fromID":"1326350","toID":"1326349","formEdgeID":null},{"edgeID":"1740154","fromID":"1326348","toID":"1326351","formEdgeID":null},{"edgeID":"1740155","fromID":"1326351","toID":"1326347","formEdgeID":null},{"edgeID":"1740156","fromID":"1326337","toID":"1326352","formEdgeID":null},{"edgeID":"1740157","fromID":"1326352","toID":"1326348","formEdgeID":null},{"edgeID":"1740158","fromID":"1326355","toID":"1326354","formEdgeID":null},{"edgeID":"1740159","fromID":"1326356","toID":"1326355","formEdgeID":null},{"edgeID":"1740160","fromID":"1326354","toID":"1326357","formEdgeID":null},{"edgeID":"1740161","fromID":"1326357","toID":"1326353","formEdgeID":null},{"edgeID":"1740162","fromID":"1326348","toID":"1326358","formEdgeID":null},{"edgeID":"1740163","fromID":"1326358","toID":"1326354","formEdgeID":null},{"edgeID":"1740164","fromID":"1326353","toID":"1326359","formEdgeID":null},{"edgeID":"1740165","fromID":"1326359","toID":"1326347","formEdgeID":null},{"edgeID":"1740166","fromID":"1326358","toID":"1326360","formEdgeID":null},{"edgeID":"1740167","fromID":"1326360","toID":"1326359","formEdgeID":null},{"edgeID":"1740168","fromID":"1326363","toID":"1326362","formEdgeID":null},{"edgeID":"1740169","fromID":"1326364","toID":"1326363","formEdgeID":null},{"edgeID":"1740170","fromID":"1326362","toID":"1326365","formEdgeID":null},{"edgeID":"1740171","fromID":"1326365","toID":"1326361","formEdgeID":null},{"edgeID":"1740172","fromID":"1326368","toID":"1326367","formEdgeID":null},{"edgeID":"1740173","fromID":"1326369","toID":"1326368","formEdgeID":null},{"edgeID":"1740174","fromID":"1326367","toID":"1326370","formEdgeID":null},{"edgeID":"1740175","fromID":"1326370","toID":"1326366","formEdgeID":null},{"edgeID":"1740176","fromID":"1326362","toID":"1326371","formEdgeID":null},{"edgeID":"1740177","fromID":"1326371","toID":"1326367","formEdgeID":null},{"edgeID":"1740178","fromID":"1326374","toID":"1326373","formEdgeID":null},{"edgeID":"1740179","fromID":"1326375","toID":"1326374","formEdgeID":null},{"edgeID":"1740180","fromID":"1326373","toID":"1326376","formEdgeID":null},{"edgeID":"1740181","fromID":"1326376","toID":"1326372","formEdgeID":null},{"edgeID":"1740182","fromID":"1326367","toID":"1326377","formEdgeID":null},{"edgeID":"1740183","fromID":"1326377","toID":"1326373","formEdgeID":null},{"edgeID":"1740184","fromID":"1326380","toID":"1326379","formEdgeID":null},{"edgeID":"1740185","fromID":"1326381","toID":"1326380","formEdgeID":null},{"edgeID":"1740186","fromID":"1326379","toID":"1326382","formEdgeID":null},{"edgeID":"1740187","fromID":"1326382","toID":"1326378","formEdgeID":null},{"edgeID":"1740188","fromID":"1326373","toID":"1326383","formEdgeID":null},{"edgeID":"1740189","fromID":"1326383","toID":"1326379","formEdgeID":null},{"edgeID":"1740190","fromID":"1326378","toID":"1326384","formEdgeID":null},{"edgeID":"1740191","fromID":"1326384","toID":"1326372","formEdgeID":null},{"edgeID":"1740192","fromID":"1326383","toID":"1326385","formEdgeID":null},{"edgeID":"1740193","fromID":"1326385","toID":"1326384","formEdgeID":null},{"edgeID":"1740194","fromID":"1326388","toID":"1326387","formEdgeID":null},{"edgeID":"1740195","fromID":"1326389","toID":"1326388","formEdgeID":null},{"edgeID":"1740196","fromID":"1326387","toID":"1326390","formEdgeID":null},{"edgeID":"1740197","fromID":"1326390","toID":"1326386","formEdgeID":null},{"edgeID":"1740198","fromID":"1326379","toID":"1326391","formEdgeID":null},{"edgeID":"1740199","fromID":"1326391","toID":"1326387","formEdgeID":null},{"edgeID":"1740200","fromID":"1326386","toID":"1326392","formEdgeID":null},{"edgeID":"1740201","fromID":"1326392","toID":"1326378","formEdgeID":null},{"edgeID":"1740202","fromID":"1326391","toID":"1326393","formEdgeID":null},{"edgeID":"1740203","fromID":"1326393","toID":"1326392","formEdgeID":null},{"edgeID":"1740204","fromID":"1326396","toID":"1326395","formEdgeID":null},{"edgeID":"1740205","fromID":"1326397","toID":"1326396","formEdgeID":null},{"edgeID":"1740206","fromID":"1326395","toID":"1326398","formEdgeID":null},{"edgeID":"1740207","fromID":"1326398","toID":"1326394","formEdgeID":null},{"edgeID":"1740208","fromID":"1326387","toID":"1326399","formEdgeID":null},{"edgeID":"1740209","fromID":"1326399","toID":"1326395","formEdgeID":null},{"edgeID":"1740210","fromID":"1326394","toID":"1326400","formEdgeID":null},{"edgeID":"1740211","fromID":"1326400","toID":"1326386","formEdgeID":null},{"edgeID":"1740212","fromID":"1326399","toID":"1326401","formEdgeID":null},{"edgeID":"1740213","fromID":"1326401","toID":"1326400","formEdgeID":null},{"edgeID":"1740214","fromID":"1326404","toID":"1326403","formEdgeID":null},{"edgeID":"1740215","fromID":"1326405","toID":"1326404","formEdgeID":null},{"edgeID":"1740216","fromID":"1326403","toID":"1326406","formEdgeID":null},{"edgeID":"1740217","fromID":"1326406","toID":"1326402","formEdgeID":null},{"edgeID":"1740218","fromID":"1326395","toID":"1326407","formEdgeID":null},{"edgeID":"1740219","fromID":"1326407","toID":"1326403","formEdgeID":null},{"edgeID":"1740220","fromID":"1326402","toID":"1326408","formEdgeID":null},{"edgeID":"1740221","fromID":"1326408","toID":"1326394","formEdgeID":null},{"edgeID":"1740222","fromID":"1326407","toID":"1326409","formEdgeID":null},{"edgeID":"1740223","fromID":"1326409","toID":"1326408","formEdgeID":null},{"edgeID":"1740224","fromID":"1326411","toID":"1326410","formEdgeID":null},{"edgeID":"1740225","fromID":"1326412","toID":"1326411","formEdgeID":null},{"edgeID":"1740226","fromID":"1326403","toID":"1326413","formEdgeID":null},{"edgeID":"1740227","fromID":"1326413","toID":"1326410","formEdgeID":null},{"edgeID":"1740228","fromID":"1326413","toID":"1326414","formEdgeID":null},{"edgeID":"1740229","fromID":"1326414","toID":"1326402","formEdgeID":null},{"edgeID":"1740230","fromID":"1326417","toID":"1326416","formEdgeID":null},{"edgeID":"1740231","fromID":"1326418","toID":"1326417","formEdgeID":null},{"edgeID":"1740232","fromID":"1326416","toID":"1326419","formEdgeID":null},{"edgeID":"1740233","fromID":"1326419","toID":"1326415","formEdgeID":null},{"edgeID":"1740234","fromID":"1326410","toID":"1326420","formEdgeID":null},{"edgeID":"1740235","fromID":"1326420","toID":"1326416","formEdgeID":null},{"edgeID":"1740236","fromID":"1326423","toID":"1326422","formEdgeID":null},{"edgeID":"1740237","fromID":"1326424","toID":"1326423","formEdgeID":null},{"edgeID":"1740238","fromID":"1326422","toID":"1326425","formEdgeID":null},{"edgeID":"1740239","fromID":"1326425","toID":"1326421","formEdgeID":null},{"edgeID":"1740240","fromID":"1326416","toID":"1326426","formEdgeID":null},{"edgeID":"1740241","fromID":"1326426","toID":"1326422","formEdgeID":null},{"edgeID":"1740242","fromID":"1326421","toID":"1326427","formEdgeID":null},{"edgeID":"1740243","fromID":"1326427","toID":"1326415","formEdgeID":null},{"edgeID":"1740244","fromID":"1326426","toID":"1326428","formEdgeID":null},{"edgeID":"1740245","fromID":"1326428","toID":"1326427","formEdgeID":null},{"edgeID":"1740246","fromID":"1326431","toID":"1326430","formEdgeID":null},{"edgeID":"1740247","fromID":"1326432","toID":"1326431","formEdgeID":null},{"edgeID":"1740248","fromID":"1326430","toID":"1326433","formEdgeID":null},{"edgeID":"1740249","fromID":"1326433","toID":"1326429","formEdgeID":null},{"edgeID":"1740250","fromID":"1326422","toID":"1326434","formEdgeID":null},{"edgeID":"1740251","fromID":"1326434","toID":"1326430","formEdgeID":null},{"edgeID":"1740252","fromID":"1326437","toID":"1326436","formEdgeID":null},{"edgeID":"1740253","fromID":"1326438","toID":"1326437","formEdgeID":null},{"edgeID":"1740254","fromID":"1326436","toID":"1326439","formEdgeID":null},{"edgeID":"1740255","fromID":"1326439","toID":"1326435","formEdgeID":null},{"edgeID":"1740256","fromID":"1326430","toID":"1326440","formEdgeID":null},{"edgeID":"1740257","fromID":"1326440","toID":"1326436","formEdgeID":null},{"edgeID":"1740258","fromID":"1326443","toID":"1326442","formEdgeID":null},{"edgeID":"1740259","fromID":"1326444","toID":"1326443","formEdgeID":null},{"edgeID":"1740260","fromID":"1326442","toID":"1326445","formEdgeID":null},{"edgeID":"1740261","fromID":"1326445","toID":"1326441","formEdgeID":null},{"edgeID":"1740262","fromID":"1326436","toID":"1326446","formEdgeID":null},{"edgeID":"1740263","fromID":"1326446","toID":"1326442","formEdgeID":null},{"edgeID":"1740264","fromID":"1326441","toID":"1326447","formEdgeID":null},{"edgeID":"1740265","fromID":"1326447","toID":"1326435","formEdgeID":null},{"edgeID":"1740266","fromID":"1326446","toID":"1326448","formEdgeID":null},{"edgeID":"1740267","fromID":"1326448","toID":"1326447","formEdgeID":null},{"edgeID":"1740268","fromID":"1326379","toID":"1326449","formEdgeID":null},{"edgeID":"1740269","fromID":"1326449","toID":"1326442","formEdgeID":null},{"edgeID":"1740270","fromID":"1326441","toID":"1326450","formEdgeID":null},{"edgeID":"1740271","fromID":"1326450","toID":"1326378","formEdgeID":null},{"edgeID":"1740272","fromID":"1326449","toID":"1326451","formEdgeID":null},{"edgeID":"1740273","fromID":"1326451","toID":"1326450","formEdgeID":null},{"edgeID":"1740274","fromID":"1326454","toID":"1326453","formEdgeID":null},{"edgeID":"1740275","fromID":"1326455","toID":"1326454","formEdgeID":null},{"edgeID":"1740276","fromID":"1326453","toID":"1326456","formEdgeID":null},{"edgeID":"1740277","fromID":"1326456","toID":"1326452","formEdgeID":null},{"edgeID":"1740278","fromID":"1326348","toID":"1326457","formEdgeID":null},{"edgeID":"1740279","fromID":"1326457","toID":"1326453","formEdgeID":null},{"edgeID":"1740280","fromID":"1326452","toID":"1326458","formEdgeID":null},{"edgeID":"1740281","fromID":"1326458","toID":"1326347","formEdgeID":null},{"edgeID":"1740282","fromID":"1326457","toID":"1326459","formEdgeID":null},{"edgeID":"1740283","fromID":"1326459","toID":"1326458","formEdgeID":null},{"edgeID":"1740284","fromID":"1326453","toID":"1326460","formEdgeID":null},{"edgeID":"1740285","fromID":"1326460","toID":"1326362","formEdgeID":null},{"edgeID":"1740286","fromID":"1326361","toID":"1326461","formEdgeID":null},{"edgeID":"1740287","fromID":"1326461","toID":"1326452","formEdgeID":null},{"edgeID":"1740288","fromID":"1326460","toID":"1326462","formEdgeID":null},{"edgeID":"1740289","fromID":"1326462","toID":"1326461","formEdgeID":null}],"locutions":[]}