{"nodes":[{"nodeID":"1326807","text":"it's so awful to work on the train lines","type":"I","timestamp":"2023-11-09 13:33:18"},{"nodeID":"1326808","text":"Olivia Utley: it's so awful to work on the train lines","type":"L","timestamp":"2023-11-09 13:33:18"},{"nodeID":"1326809","text":"Analysing","type":"YA","timestamp":"2023-11-09 13:33:18"},{"nodeID":"1326810","text":"Zofia: Olivia Utley: it's so awful to work on the train lines","type":"L","timestamp":"2023-11-09 13:33:18"},{"nodeID":"1326811","text":"Asserting","type":"YA","timestamp":"2023-11-09 13:33:18"},{"nodeID":"1326812","text":"there are people working on train lines","type":"I","timestamp":"2023-11-09 13:33:18"},{"nodeID":"1326813","text":"Olivia Utley: why is anyone doing it","type":"L","timestamp":"2023-11-09 13:33:18"},{"nodeID":"1326814","text":"Analysing","type":"YA","timestamp":"2023-11-09 13:33:18"},{"nodeID":"1326815","text":"Zofia: Olivia Utley: why is anyone doing it","type":"L","timestamp":"2023-11-09 13:33:18"},{"nodeID":"1326816","text":"Rhetorical Questioning","type":"YA","timestamp":"2023-11-09 13:33:18"},{"nodeID":"1326817","text":"Default Conflict","type":"CA","timestamp":"2023-11-09 13:33:18"},{"nodeID":"1326818","text":"Default Transition","type":"TA","timestamp":"2023-11-09 13:33:18"},{"nodeID":"1326819","text":"Disagreeing","type":"YA","timestamp":"2023-11-09 13:33:18"},{"nodeID":"1326820","text":"in the case of teachers there's a good cause for giving a pay rise","type":"I","timestamp":"2023-11-09 13:33:19"},{"nodeID":"1326821","text":"Olivia Utley: In the case of teachers there's a good cause for giving a pay rise","type":"L","timestamp":"2023-11-09 13:33:19"},{"nodeID":"1326822","text":"Analysing","type":"YA","timestamp":"2023-11-09 13:33:19"},{"nodeID":"1326823","text":"Zofia: Olivia Utley: In the case of teachers there's a good cause for giving a pay rise","type":"L","timestamp":"2023-11-09 13:33:19"},{"nodeID":"1326824","text":"Asserting","type":"YA","timestamp":"2023-11-09 13:33:19"},{"nodeID":"1326825","text":"Default Transition","type":"TA","timestamp":"2023-11-09 13:33:19"},{"nodeID":"1326826","text":"it is very difficult to keep teachers in their jobs","type":"I","timestamp":"2023-11-09 13:33:20"},{"nodeID":"1326827","text":"Olivia Utley: it is very difficult to keep teachers in their jobs","type":"L","timestamp":"2023-11-09 13:33:20"},{"nodeID":"1326828","text":"Analysing","type":"YA","timestamp":"2023-11-09 13:33:20"},{"nodeID":"1326829","text":"Zofia: Olivia Utley: it is very difficult to keep teachers in their jobs","type":"L","timestamp":"2023-11-09 13:33:20"},{"nodeID":"1326830","text":"Asserting","type":"YA","timestamp":"2023-11-09 13:33:20"},{"nodeID":"1326831","text":"Default Inference","type":"RA","timestamp":"2023-11-09 13:33:20"},{"nodeID":"1326832","text":"Default Transition","type":"TA","timestamp":"2023-11-09 13:33:20"},{"nodeID":"1326833","text":"Arguing","type":"YA","timestamp":"2023-11-09 13:33:20"},{"nodeID":"1326834","text":"militant strikes are not the best way to go about fighting for a pay rise","type":"I","timestamp":"2023-11-09 13:33:20"},{"nodeID":"1326835","text":"Olivia Utley: militant strikes is the best way to go about it","type":"L","timestamp":"2023-11-09 13:33:20"},{"nodeID":"1326836","text":"Analysing","type":"YA","timestamp":"2023-11-09 13:33:20"},{"nodeID":"1326837","text":"Zofia: Olivia Utley: militant strikes is the best way to go about it","type":"L","timestamp":"2023-11-09 13:33:20"},{"nodeID":"1326838","text":"Asserting","type":"YA","timestamp":"2023-11-09 13:33:20"},{"nodeID":"1326839","text":"Default Transition","type":"TA","timestamp":"2023-11-09 13:33:20"},{"nodeID":"1326840","text":"only a third of teachers are interested in going on strike","type":"I","timestamp":"2023-11-09 13:33:21"},{"nodeID":"1326841","text":"Olivia Utley: Only a third of teachers are interested in going on strike","type":"L","timestamp":"2023-11-09 13:33:21"},{"nodeID":"1326842","text":"Analysing","type":"YA","timestamp":"2023-11-09 13:33:21"},{"nodeID":"1326843","text":"Zofia: Olivia Utley: Only a third of teachers are interested in going on strike","type":"L","timestamp":"2023-11-09 13:33:21"},{"nodeID":"1326844","text":"Asserting","type":"YA","timestamp":"2023-11-09 13:33:21"},{"nodeID":"1326845","text":"Default Transition","type":"TA","timestamp":"2023-11-09 13:33:21"},{"nodeID":"1326846","text":"the vast majority of teachers, everyone Olivia Utley has spoken to, is desperate to get back into the classroom","type":"I","timestamp":"2023-11-09 13:33:21"},{"nodeID":"1326847","text":"Olivia Utley: The vast majority of them, everyone I have spoken to is desperate to get back into the classroom","type":"L","timestamp":"2023-11-09 13:33:21"},{"nodeID":"1326848","text":"Analysing","type":"YA","timestamp":"2023-11-09 13:33:21"},{"nodeID":"1326849","text":"Zofia: Olivia Utley: The vast majority of them, everyone I have spoken to is desperate to get back into the classroom","type":"L","timestamp":"2023-11-09 13:33:21"},{"nodeID":"1326850","text":"Asserting","type":"YA","timestamp":"2023-11-09 13:33:21"},{"nodeID":"1326851","text":"Default Transition","type":"TA","timestamp":"2023-11-09 13:33:21"},{"nodeID":"1326852","text":"Default Rephrase","type":"MA","timestamp":"2023-11-09 13:33:21"},{"nodeID":"1326853","text":"Restating","type":"YA","timestamp":"2023-11-09 13:33:21"},{"nodeID":"1326854","text":"Default Inference","type":"RA","timestamp":"2023-11-09 13:33:21"},{"nodeID":"1326855","text":"Arguing","type":"YA","timestamp":"2023-11-09 13:33:21"},{"nodeID":"1326856","text":"the vast majority of teachers are desperate to teach the children who have missed two years of education because of lockdown","type":"I","timestamp":"2023-11-09 13:33:22"},{"nodeID":"1326857","text":"Olivia Utley: teach the children who have missed two years of education because of lockdown","type":"L","timestamp":"2023-11-09 13:33:22"},{"nodeID":"1326858","text":"Analysing","type":"YA","timestamp":"2023-11-09 13:33:22"},{"nodeID":"1326859","text":"Zofia: Olivia Utley: teach the children who have missed two years of education because of lockdown","type":"L","timestamp":"2023-11-09 13:33:22"},{"nodeID":"1326860","text":"Asserting","type":"YA","timestamp":"2023-11-09 13:33:22"},{"nodeID":"1326861","text":"Default Rephrase","type":"MA","timestamp":"2023-11-09 13:33:22"},{"nodeID":"1326862","text":"Default Transition","type":"TA","timestamp":"2023-11-09 13:33:22"},{"nodeID":"1326863","text":"Restating","type":"YA","timestamp":"2023-11-09 13:33:22"},{"nodeID":"1326864","text":"there are often very good cases for pay rises","type":"I","timestamp":"2023-11-09 13:33:23"},{"nodeID":"1326865","text":"Olivia Utley: there are often very good cases for pay rises","type":"L","timestamp":"2023-11-09 13:33:23"},{"nodeID":"1326866","text":"Analysing","type":"YA","timestamp":"2023-11-09 13:33:23"},{"nodeID":"1326867","text":"Zofia: Olivia Utley: there are often very good cases for pay rises","type":"L","timestamp":"2023-11-09 13:33:23"},{"nodeID":"1326868","text":"Asserting","type":"YA","timestamp":"2023-11-09 13:33:23"},{"nodeID":"1326869","text":"Default Transition","type":"TA","timestamp":"2023-11-09 13:33:23"},{"nodeID":"1326870","text":"we need to have a Prime Minister who is prepared to explain to people, be honest with people, about the tough economic decisions they have got to make","type":"I","timestamp":"2023-11-09 13:33:23"},{"nodeID":"1326871","text":"Olivia Utley: we need to have a Prime Minister who is prepared to explain to people, be honest with people, about the tough economic decisions they have got to make","type":"L","timestamp":"2023-11-09 13:33:23"},{"nodeID":"1326872","text":"Analysing","type":"YA","timestamp":"2023-11-09 13:33:23"},{"nodeID":"1326873","text":"Zofia: Olivia Utley: we need to have a Prime Minister who is prepared to explain to people, be honest with people, about the tough economic decisions they have got to make","type":"L","timestamp":"2023-11-09 13:33:23"},{"nodeID":"1326874","text":"Asserting","type":"YA","timestamp":"2023-11-09 13:33:23"},{"nodeID":"1326875","text":"Default Transition","type":"TA","timestamp":"2023-11-09 13:33:23"},{"nodeID":"1326876","text":"we don't need to have a Prime Minister who just throws out huge promises","type":"I","timestamp":"2023-11-09 13:33:24"},{"nodeID":"1326877","text":"Olivia Utley: not just throw out huge promises","type":"L","timestamp":"2023-11-09 13:33:24"},{"nodeID":"1326878","text":"Analysing","type":"YA","timestamp":"2023-11-09 13:33:24"},{"nodeID":"1326879","text":"Zofia: Olivia Utley: not just throw out huge promises","type":"L","timestamp":"2023-11-09 13:33:24"},{"nodeID":"1326880","text":"Asserting","type":"YA","timestamp":"2023-11-09 13:33:24"},{"nodeID":"1326881","text":"Default Inference","type":"RA","timestamp":"2023-11-09 13:33:24"},{"nodeID":"1326882","text":"Default Transition","type":"TA","timestamp":"2023-11-09 13:33:24"},{"nodeID":"1326883","text":"Arguing","type":"YA","timestamp":"2023-11-09 13:33:24"},{"nodeID":"1326884","text":"we are going to cut taxes while having a high wage economy","type":"I","timestamp":"2023-11-09 13:33:24"},{"nodeID":"1326885","text":"Olivia Utley: We are going to cut taxes and immediately while having a high wage economy","type":"L","timestamp":"2023-11-09 13:33:24"},{"nodeID":"1326886","text":"Analysing","type":"YA","timestamp":"2023-11-09 13:33:24"},{"nodeID":"1326887","text":"Zofia: Olivia Utley: We are going to cut taxes and immediately while having a high wage economy","type":"L","timestamp":"2023-11-09 13:33:24"},{"nodeID":"1326888","text":"Asserting","type":"YA","timestamp":"2023-11-09 13:33:24"},{"nodeID":"1326889","text":"Default Transition","type":"TA","timestamp":"2023-11-09 13:33:24"},{"nodeID":"1326890","text":"it's just a question of honesty","type":"I","timestamp":"2023-11-09 13:33:25"},{"nodeID":"1326891","text":"Olivia Utley: it's just a question of honesty","type":"L","timestamp":"2023-11-09 13:33:25"},{"nodeID":"1326892","text":"Analysing","type":"YA","timestamp":"2023-11-09 13:33:25"},{"nodeID":"1326893","text":"Zofia: Olivia Utley: it's just a question of honesty","type":"L","timestamp":"2023-11-09 13:33:25"},{"nodeID":"1326894","text":"Asserting","type":"YA","timestamp":"2023-11-09 13:33:25"},{"nodeID":"1326895","text":"Default Transition","type":"TA","timestamp":"2023-11-09 13:33:25"},{"nodeID":"1326896","text":"AudienceMember 20220721QT24 is a teacher working in Further Education in a Secondary School","type":"I","timestamp":"2023-11-09 13:33:26"},{"nodeID":"1326897","text":"AudienceMember 20220721QT24: I'm a teacher working in Further Education in a Secondary School","type":"L","timestamp":"2023-11-09 13:33:26"},{"nodeID":"1326898","text":"Analysing","type":"YA","timestamp":"2023-11-09 13:33:26"},{"nodeID":"1326899","text":"Zofia: AudienceMember 20220721QT24: I'm a teacher working in Further Education in a Secondary School","type":"L","timestamp":"2023-11-09 13:33:26"},{"nodeID":"1326900","text":"Asserting","type":"YA","timestamp":"2023-11-09 13:33:26"},{"nodeID":"1326901","text":"Default Transition","type":"TA","timestamp":"2023-11-09 13:33:26"},{"nodeID":"1326902","text":"AudienceMember 20220721QT24 has seen lots of her colleagues particularly since covid, leave the profession","type":"I","timestamp":"2023-11-09 13:33:26"},{"nodeID":"1326903","text":"AudienceMember 20220721QT24: I have seen lots of my colleagues particularly since covid, leave the profession","type":"L","timestamp":"2023-11-09 13:33:26"},{"nodeID":"1326904","text":"Analysing","type":"YA","timestamp":"2023-11-09 13:33:26"},{"nodeID":"1326905","text":"Zofia: AudienceMember 20220721QT24: I have seen lots of my colleagues particularly since covid, leave the profession","type":"L","timestamp":"2023-11-09 13:33:26"},{"nodeID":"1326906","text":"Asserting","type":"YA","timestamp":"2023-11-09 13:33:26"},{"nodeID":"1326907","text":"Default Transition","type":"TA","timestamp":"2023-11-09 13:33:26"}],"edges":[{"edgeID":"1740742","fromID":"1326809","toID":"1326808","formEdgeID":null},{"edgeID":"1740743","fromID":"1326810","toID":"1326809","formEdgeID":null},{"edgeID":"1740744","fromID":"1326808","toID":"1326811","formEdgeID":null},{"edgeID":"1740745","fromID":"1326811","toID":"1326807","formEdgeID":null},{"edgeID":"1740746","fromID":"1326814","toID":"1326813","formEdgeID":null},{"edgeID":"1740747","fromID":"1326815","toID":"1326814","formEdgeID":null},{"edgeID":"1740748","fromID":"1326813","toID":"1326816","formEdgeID":null},{"edgeID":"1740749","fromID":"1326816","toID":"1326812","formEdgeID":null},{"edgeID":"1740750","fromID":"1326812","toID":"1326817","formEdgeID":null},{"edgeID":"1740751","fromID":"1326817","toID":"1326807","formEdgeID":null},{"edgeID":"1740752","fromID":"1326808","toID":"1326818","formEdgeID":null},{"edgeID":"1740753","fromID":"1326818","toID":"1326813","formEdgeID":null},{"edgeID":"1740754","fromID":"1326818","toID":"1326819","formEdgeID":null},{"edgeID":"1740755","fromID":"1326819","toID":"1326817","formEdgeID":null},{"edgeID":"1740756","fromID":"1326822","toID":"1326821","formEdgeID":null},{"edgeID":"1740757","fromID":"1326823","toID":"1326822","formEdgeID":null},{"edgeID":"1740758","fromID":"1326821","toID":"1326824","formEdgeID":null},{"edgeID":"1740759","fromID":"1326824","toID":"1326820","formEdgeID":null},{"edgeID":"1740760","fromID":"1326813","toID":"1326825","formEdgeID":null},{"edgeID":"1740761","fromID":"1326825","toID":"1326821","formEdgeID":null},{"edgeID":"1740762","fromID":"1326828","toID":"1326827","formEdgeID":null},{"edgeID":"1740763","fromID":"1326829","toID":"1326828","formEdgeID":null},{"edgeID":"1740764","fromID":"1326827","toID":"1326830","formEdgeID":null},{"edgeID":"1740765","fromID":"1326830","toID":"1326826","formEdgeID":null},{"edgeID":"1740766","fromID":"1326826","toID":"1326831","formEdgeID":null},{"edgeID":"1740767","fromID":"1326831","toID":"1326820","formEdgeID":null},{"edgeID":"1740768","fromID":"1326821","toID":"1326832","formEdgeID":null},{"edgeID":"1740769","fromID":"1326832","toID":"1326827","formEdgeID":null},{"edgeID":"1740770","fromID":"1326832","toID":"1326833","formEdgeID":null},{"edgeID":"1740771","fromID":"1326833","toID":"1326831","formEdgeID":null},{"edgeID":"1740772","fromID":"1326836","toID":"1326835","formEdgeID":null},{"edgeID":"1740773","fromID":"1326837","toID":"1326836","formEdgeID":null},{"edgeID":"1740774","fromID":"1326835","toID":"1326838","formEdgeID":null},{"edgeID":"1740775","fromID":"1326838","toID":"1326834","formEdgeID":null},{"edgeID":"1740776","fromID":"1326827","toID":"1326839","formEdgeID":null},{"edgeID":"1740777","fromID":"1326839","toID":"1326835","formEdgeID":null},{"edgeID":"1740778","fromID":"1326842","toID":"1326841","formEdgeID":null},{"edgeID":"1740779","fromID":"1326843","toID":"1326842","formEdgeID":null},{"edgeID":"1740780","fromID":"1326841","toID":"1326844","formEdgeID":null},{"edgeID":"1740781","fromID":"1326844","toID":"1326840","formEdgeID":null},{"edgeID":"1740782","fromID":"1326835","toID":"1326845","formEdgeID":null},{"edgeID":"1740783","fromID":"1326845","toID":"1326841","formEdgeID":null},{"edgeID":"1740784","fromID":"1326848","toID":"1326847","formEdgeID":null},{"edgeID":"1740785","fromID":"1326849","toID":"1326848","formEdgeID":null},{"edgeID":"1740786","fromID":"1326847","toID":"1326850","formEdgeID":null},{"edgeID":"1740787","fromID":"1326850","toID":"1326846","formEdgeID":null},{"edgeID":"1740788","fromID":"1326841","toID":"1326851","formEdgeID":null},{"edgeID":"1740789","fromID":"1326851","toID":"1326847","formEdgeID":null},{"edgeID":"1740790","fromID":"1326846","toID":"1326852","formEdgeID":null},{"edgeID":"1740791","fromID":"1326852","toID":"1326840","formEdgeID":null},{"edgeID":"1740792","fromID":"1326851","toID":"1326853","formEdgeID":null},{"edgeID":"1740793","fromID":"1326853","toID":"1326852","formEdgeID":null},{"edgeID":"1740794","fromID":"1326840","toID":"1326854","formEdgeID":null},{"edgeID":"1740795","fromID":"1326854","toID":"1326834","formEdgeID":null},{"edgeID":"1740796","fromID":"1326845","toID":"1326855","formEdgeID":null},{"edgeID":"1740797","fromID":"1326855","toID":"1326854","formEdgeID":null},{"edgeID":"1740798","fromID":"1326858","toID":"1326857","formEdgeID":null},{"edgeID":"1740799","fromID":"1326859","toID":"1326858","formEdgeID":null},{"edgeID":"1740800","fromID":"1326857","toID":"1326860","formEdgeID":null},{"edgeID":"1740801","fromID":"1326860","toID":"1326856","formEdgeID":null},{"edgeID":"1740802","fromID":"1326856","toID":"1326861","formEdgeID":null},{"edgeID":"1740803","fromID":"1326861","toID":"1326846","formEdgeID":null},{"edgeID":"1740804","fromID":"1326847","toID":"1326862","formEdgeID":null},{"edgeID":"1740805","fromID":"1326862","toID":"1326857","formEdgeID":null},{"edgeID":"1740806","fromID":"1326862","toID":"1326863","formEdgeID":null},{"edgeID":"1740807","fromID":"1326863","toID":"1326861","formEdgeID":null},{"edgeID":"1740808","fromID":"1326866","toID":"1326865","formEdgeID":null},{"edgeID":"1740809","fromID":"1326867","toID":"1326866","formEdgeID":null},{"edgeID":"1740810","fromID":"1326865","toID":"1326868","formEdgeID":null},{"edgeID":"1740811","fromID":"1326868","toID":"1326864","formEdgeID":null},{"edgeID":"1740812","fromID":"1326857","toID":"1326869","formEdgeID":null},{"edgeID":"1740813","fromID":"1326869","toID":"1326865","formEdgeID":null},{"edgeID":"1740814","fromID":"1326872","toID":"1326871","formEdgeID":null},{"edgeID":"1740815","fromID":"1326873","toID":"1326872","formEdgeID":null},{"edgeID":"1740816","fromID":"1326871","toID":"1326874","formEdgeID":null},{"edgeID":"1740817","fromID":"1326874","toID":"1326870","formEdgeID":null},{"edgeID":"1740818","fromID":"1326865","toID":"1326875","formEdgeID":null},{"edgeID":"1740819","fromID":"1326875","toID":"1326871","formEdgeID":null},{"edgeID":"1740820","fromID":"1326878","toID":"1326877","formEdgeID":null},{"edgeID":"1740821","fromID":"1326879","toID":"1326878","formEdgeID":null},{"edgeID":"1740822","fromID":"1326877","toID":"1326880","formEdgeID":null},{"edgeID":"1740823","fromID":"1326880","toID":"1326876","formEdgeID":null},{"edgeID":"1740824","fromID":"1326870","toID":"1326881","formEdgeID":null},{"edgeID":"1740825","fromID":"1326881","toID":"1326876","formEdgeID":null},{"edgeID":"1740826","fromID":"1326871","toID":"1326882","formEdgeID":null},{"edgeID":"1740827","fromID":"1326882","toID":"1326877","formEdgeID":null},{"edgeID":"1740828","fromID":"1326882","toID":"1326883","formEdgeID":null},{"edgeID":"1740829","fromID":"1326883","toID":"1326881","formEdgeID":null},{"edgeID":"1740830","fromID":"1326886","toID":"1326885","formEdgeID":null},{"edgeID":"1740831","fromID":"1326887","toID":"1326886","formEdgeID":null},{"edgeID":"1740832","fromID":"1326885","toID":"1326888","formEdgeID":null},{"edgeID":"1740833","fromID":"1326888","toID":"1326884","formEdgeID":null},{"edgeID":"1740834","fromID":"1326877","toID":"1326889","formEdgeID":null},{"edgeID":"1740835","fromID":"1326889","toID":"1326885","formEdgeID":null},{"edgeID":"1740836","fromID":"1326892","toID":"1326891","formEdgeID":null},{"edgeID":"1740837","fromID":"1326893","toID":"1326892","formEdgeID":null},{"edgeID":"1740838","fromID":"1326891","toID":"1326894","formEdgeID":null},{"edgeID":"1740839","fromID":"1326894","toID":"1326890","formEdgeID":null},{"edgeID":"1740840","fromID":"1326885","toID":"1326895","formEdgeID":null},{"edgeID":"1740841","fromID":"1326895","toID":"1326891","formEdgeID":null},{"edgeID":"1740842","fromID":"1326898","toID":"1326897","formEdgeID":null},{"edgeID":"1740843","fromID":"1326899","toID":"1326898","formEdgeID":null},{"edgeID":"1740844","fromID":"1326897","toID":"1326900","formEdgeID":null},{"edgeID":"1740845","fromID":"1326900","toID":"1326896","formEdgeID":null},{"edgeID":"1740846","fromID":"1326891","toID":"1326901","formEdgeID":null},{"edgeID":"1740847","fromID":"1326901","toID":"1326897","formEdgeID":null},{"edgeID":"1740848","fromID":"1326904","toID":"1326903","formEdgeID":null},{"edgeID":"1740849","fromID":"1326905","toID":"1326904","formEdgeID":null},{"edgeID":"1740850","fromID":"1326903","toID":"1326906","formEdgeID":null},{"edgeID":"1740851","fromID":"1326906","toID":"1326902","formEdgeID":null},{"edgeID":"1740852","fromID":"1326897","toID":"1326907","formEdgeID":null},{"edgeID":"1740853","fromID":"1326907","toID":"1326903","formEdgeID":null}],"locutions":[]}