{"nodes":[{"nodeID":"1153539","text":"a change of leadership will or will not be enough to encourage more trust in our Government","type":"I","timestamp":"2023-04-21 13:32:43"},{"nodeID":"1153544","text":"we are down now to the last five candidates for PM","type":"I","timestamp":"2023-04-21 13:32:46"},{"nodeID":"1153550","text":"no, a change of leadership will not be enough to encourage trust in our government","type":"I","timestamp":"2023-04-21 13:32:48"},{"nodeID":"1153558","text":"Chris Bryant is absolutely shocked that they kept this man, Boris Johnson, in place for so long","type":"I","timestamp":"2023-04-21 13:32:51"},{"nodeID":"1153564","text":"Boris Johnson's party didn't spot something","type":"I","timestamp":"2023-04-21 13:32:53"},{"nodeID":"1153569","text":"Boris Johnson's party didn't spot something ages and ages ago","type":"I","timestamp":"2023-04-21 13:32:56"},{"nodeID":"1153575","text":"it wasn't just the lying to The Queen about suspending Parliament illegally","type":"I","timestamp":"2023-04-21 13:32:59"},{"nodeID":"1153580","text":"it wasn't just the partying and then lying about it","type":"I","timestamp":"2023-04-21 13:33:01"},{"nodeID":"1153585","text":"it wasn't just trying to tear up the rule book to protect Boris Johnson's friend Owen Paterson who had been found to be lobbying other MPs who were paying his clients more than thousands of pounds","type":"I","timestamp":"2023-04-21 13:33:04"},{"nodeID":"1153590","text":"it wasn't just appointing a person Boris Johnson believed to be a sex pest to a senior job in the Whip's Office","type":"I","timestamp":"2023-04-21 13:33:07"},{"nodeID":"1153595","text":"the Conservatives didn't spot something in that process","type":"I","timestamp":"2023-04-21 13:33:10"},{"nodeID":"1324423","text":"AudienceMember 20220721QT01: Do you think a change of leadership will be enough to encourage more trust in our Government","type":"L","timestamp":"2023-11-09 13:30:00"},{"nodeID":"1324424","text":"Analysing","type":"YA","timestamp":"2023-11-09 13:30:00"},{"nodeID":"1324425","text":"Ella: AudienceMember 20220721QT01: Do you think a change of leadership will be enough to encourage more trust in our Government","type":"L","timestamp":"2023-11-09 13:30:00"},{"nodeID":"1324426","text":"Pure Questioning","type":"YA","timestamp":"2023-11-09 13:30:00"},{"nodeID":"1324427","text":"Fiona Bruce: we are down now to the last five","type":"L","timestamp":"2023-11-09 13:30:01"},{"nodeID":"1324428","text":"Analysing","type":"YA","timestamp":"2023-11-09 13:30:01"},{"nodeID":"1324429","text":"Ella: Fiona Bruce: we are down now to the last five","type":"L","timestamp":"2023-11-09 13:30:01"},{"nodeID":"1324430","text":"Asserting","type":"YA","timestamp":"2023-11-09 13:30:01"},{"nodeID":"1324431","text":"Default Transition","type":"TA","timestamp":"2023-11-09 13:30:01"},{"nodeID":"1324432","text":"Chris Bryant: No","type":"L","timestamp":"2023-11-09 13:30:01"},{"nodeID":"1324433","text":"Analysing","type":"YA","timestamp":"2023-11-09 13:30:01"},{"nodeID":"1324434","text":"Ella: Chris Bryant: No","type":"L","timestamp":"2023-11-09 13:30:01"},{"nodeID":"1324435","text":"Asserting","type":"YA","timestamp":"2023-11-09 13:30:01"},{"nodeID":"1324436","text":"Default Rephrase","type":"MA","timestamp":"2023-11-09 13:30:01"},{"nodeID":"1324437","text":"Default Transition","type":"TA","timestamp":"2023-11-09 13:30:01"},{"nodeID":"1324438","text":"Default Illocuting","type":"YA","timestamp":"2023-11-09 13:30:01"},{"nodeID":"1324439","text":"Chris Bryant: I'm absolutely shocked that they kept this man in place for so long","type":"L","timestamp":"2023-11-09 13:30:02"},{"nodeID":"1324440","text":"Analysing","type":"YA","timestamp":"2023-11-09 13:30:02"},{"nodeID":"1324441","text":"Ella: Chris Bryant: I'm absolutely shocked that they kept this man in place for so long","type":"L","timestamp":"2023-11-09 13:30:02"},{"nodeID":"1324442","text":"Asserting","type":"YA","timestamp":"2023-11-09 13:30:02"},{"nodeID":"1324443","text":"Default Transition","type":"TA","timestamp":"2023-11-09 13:30:02"},{"nodeID":"1324444","text":"Chris Bryant: What was it they didn't spot","type":"L","timestamp":"2023-11-09 13:30:03"},{"nodeID":"1324445","text":"Analysing","type":"YA","timestamp":"2023-11-09 13:30:03"},{"nodeID":"1324446","text":"Ella: Chris Bryant: What was it they didn't spot","type":"L","timestamp":"2023-11-09 13:30:03"},{"nodeID":"1324447","text":"Rhetorical Questioning","type":"YA","timestamp":"2023-11-09 13:30:03"},{"nodeID":"1324448","text":"Chris Bryant: Ages and ages ago","type":"L","timestamp":"2023-11-09 13:30:03"},{"nodeID":"1324449","text":"Analysing","type":"YA","timestamp":"2023-11-09 13:30:03"},{"nodeID":"1324450","text":"Ella: Chris Bryant: Ages and ages ago","type":"L","timestamp":"2023-11-09 13:30:03"},{"nodeID":"1324451","text":"Rhetorical Questioning","type":"YA","timestamp":"2023-11-09 13:30:03"},{"nodeID":"1324452","text":"Default Transition","type":"TA","timestamp":"2023-11-09 13:30:03"},{"nodeID":"1324453","text":"Chris Bryant: it wasn't just the lying to The Queen about suspending Parliament illegally","type":"L","timestamp":"2023-11-09 13:30:04"},{"nodeID":"1324454","text":"Analysing","type":"YA","timestamp":"2023-11-09 13:30:04"},{"nodeID":"1324455","text":"Ella: Chris Bryant: it wasn't just the lying to The Queen about suspending Parliament illegally","type":"L","timestamp":"2023-11-09 13:30:04"},{"nodeID":"1324456","text":"Asserting","type":"YA","timestamp":"2023-11-09 13:30:04"},{"nodeID":"1324457","text":"Chris Bryant: the partying and then lying about it","type":"L","timestamp":"2023-11-09 13:30:04"},{"nodeID":"1324458","text":"Analysing","type":"YA","timestamp":"2023-11-09 13:30:04"},{"nodeID":"1324459","text":"Ella: Chris Bryant: the partying and then lying about it","type":"L","timestamp":"2023-11-09 13:30:04"},{"nodeID":"1324460","text":"Asserting","type":"YA","timestamp":"2023-11-09 13:30:04"},{"nodeID":"1324461","text":"Chris Bryant: trying to tear up the rule book to protect his friend Owen Paterson who had been found to be lobbying other MPs who were paying his clients more than thousands of pounds","type":"L","timestamp":"2023-11-09 13:30:05"},{"nodeID":"1324462","text":"Analysing","type":"YA","timestamp":"2023-11-09 13:30:05"},{"nodeID":"1324463","text":"Ella: Chris Bryant: trying to tear up the rule book to protect his friend Owen Paterson who had been found to be lobbying other MPs who were paying his clients more than thousands of pounds","type":"L","timestamp":"2023-11-09 13:30:05"},{"nodeID":"1324464","text":"Asserting","type":"YA","timestamp":"2023-11-09 13:30:05"},{"nodeID":"1324465","text":"Chris Bryant: appointing a person he believed to be a sex pest to a senior job in the Whip's Office","type":"L","timestamp":"2023-11-09 13:30:05"},{"nodeID":"1324466","text":"Analysing","type":"YA","timestamp":"2023-11-09 13:30:05"},{"nodeID":"1324467","text":"Ella: Chris Bryant: appointing a person he believed to be a sex pest to a senior job in the Whip's Office","type":"L","timestamp":"2023-11-09 13:30:05"},{"nodeID":"1324468","text":"Asserting","type":"YA","timestamp":"2023-11-09 13:30:05"},{"nodeID":"1324469","text":"Chris Bryant: What was it they didn't spot in that process","type":"L","timestamp":"2023-11-09 13:30:06"},{"nodeID":"1324470","text":"Analysing","type":"YA","timestamp":"2023-11-09 13:30:06"},{"nodeID":"1324471","text":"Ella: Chris Bryant: What was it they didn't spot in that process","type":"L","timestamp":"2023-11-09 13:30:06"},{"nodeID":"1324472","text":"Rhetorical Questioning","type":"YA","timestamp":"2023-11-09 13:30:06"},{"nodeID":"1324473","text":"Default Rephrase","type":"MA","timestamp":"2023-11-09 13:30:06"},{"nodeID":"1324474","text":"Restating","type":"YA","timestamp":"2023-11-09 13:30:06"},{"nodeID":"1324475","text":"Default Inference","type":"RA","timestamp":"2023-11-09 13:30:06"},{"nodeID":"1324476","text":"Default Transition","type":"TA","timestamp":"2023-11-09 13:30:06"},{"nodeID":"1324477","text":"Arguing","type":"YA","timestamp":"2023-11-09 13:30:06"},{"nodeID":"1324478","text":"Default Inference","type":"RA","timestamp":"2023-11-09 13:30:06"},{"nodeID":"1324479","text":"Default Transition","type":"TA","timestamp":"2023-11-09 13:30:06"},{"nodeID":"1324480","text":"Arguing","type":"YA","timestamp":"2023-11-09 13:30:06"},{"nodeID":"1324481","text":"Default Inference","type":"RA","timestamp":"2023-11-09 13:30:06"},{"nodeID":"1324482","text":"Default Inference","type":"RA","timestamp":"2023-11-09 13:30:06"},{"nodeID":"1324483","text":"Default Transition","type":"TA","timestamp":"2023-11-09 13:30:06"},{"nodeID":"1324484","text":"Default Transition","type":"TA","timestamp":"2023-11-09 13:30:06"},{"nodeID":"1324485","text":"Arguing","type":"YA","timestamp":"2023-11-09 13:30:06"},{"nodeID":"1324486","text":"Arguing","type":"YA","timestamp":"2023-11-09 13:30:06"},{"nodeID":"1324487","text":"Default Rephrase","type":"MA","timestamp":"2023-11-09 13:30:06"},{"nodeID":"1324488","text":"Default Transition","type":"TA","timestamp":"2023-11-09 13:30:06"},{"nodeID":"1324489","text":"Restating","type":"YA","timestamp":"2023-11-09 13:30:06"},{"nodeID":"1324490","text":"Default Conflict","type":"CA","timestamp":"2023-11-09 13:30:06"},{"nodeID":"1324491","text":"Default Transition","type":"TA","timestamp":"2023-11-09 13:30:06"},{"nodeID":"1324492","text":"Disagreeing","type":"YA","timestamp":"2023-11-09 13:30:06"}],"edges":[{"edgeID":"1737873","fromID":"1324424","toID":"1324423","formEdgeID":null},{"edgeID":"1737874","fromID":"1324425","toID":"1324424","formEdgeID":null},{"edgeID":"1737875","fromID":"1324423","toID":"1324426","formEdgeID":null},{"edgeID":"1737876","fromID":"1324426","toID":"1153539","formEdgeID":null},{"edgeID":"1737877","fromID":"1324428","toID":"1324427","formEdgeID":null},{"edgeID":"1737878","fromID":"1324429","toID":"1324428","formEdgeID":null},{"edgeID":"1737879","fromID":"1324427","toID":"1324430","formEdgeID":null},{"edgeID":"1737880","fromID":"1324430","toID":"1153544","formEdgeID":null},{"edgeID":"1737881","fromID":"1324423","toID":"1324431","formEdgeID":null},{"edgeID":"1737882","fromID":"1324431","toID":"1324427","formEdgeID":null},{"edgeID":"1737883","fromID":"1324433","toID":"1324432","formEdgeID":null},{"edgeID":"1737884","fromID":"1324434","toID":"1324433","formEdgeID":null},{"edgeID":"1737885","fromID":"1324432","toID":"1324435","formEdgeID":null},{"edgeID":"1737886","fromID":"1324435","toID":"1153550","formEdgeID":null},{"edgeID":"1737887","fromID":"1153550","toID":"1324436","formEdgeID":null},{"edgeID":"1737888","fromID":"1324436","toID":"1153539","formEdgeID":null},{"edgeID":"1737889","fromID":"1324423","toID":"1324437","formEdgeID":null},{"edgeID":"1737890","fromID":"1324437","toID":"1324432","formEdgeID":null},{"edgeID":"1737891","fromID":"1324437","toID":"1324438","formEdgeID":null},{"edgeID":"1737892","fromID":"1324438","toID":"1324436","formEdgeID":null},{"edgeID":"1737893","fromID":"1324440","toID":"1324439","formEdgeID":null},{"edgeID":"1737894","fromID":"1324441","toID":"1324440","formEdgeID":null},{"edgeID":"1737895","fromID":"1324439","toID":"1324442","formEdgeID":null},{"edgeID":"1737896","fromID":"1324442","toID":"1153558","formEdgeID":null},{"edgeID":"1737897","fromID":"1324432","toID":"1324443","formEdgeID":null},{"edgeID":"1737898","fromID":"1324443","toID":"1324439","formEdgeID":null},{"edgeID":"1737899","fromID":"1324445","toID":"1324444","formEdgeID":null},{"edgeID":"1737900","fromID":"1324446","toID":"1324445","formEdgeID":null},{"edgeID":"1737901","fromID":"1324444","toID":"1324447","formEdgeID":null},{"edgeID":"1737902","fromID":"1324447","toID":"1153564","formEdgeID":null},{"edgeID":"1737903","fromID":"1324449","toID":"1324448","formEdgeID":null},{"edgeID":"1737904","fromID":"1324450","toID":"1324449","formEdgeID":null},{"edgeID":"1737905","fromID":"1324448","toID":"1324451","formEdgeID":null},{"edgeID":"1737906","fromID":"1324451","toID":"1153569","formEdgeID":null},{"edgeID":"1737907","fromID":"1324444","toID":"1324452","formEdgeID":null},{"edgeID":"1737908","fromID":"1324452","toID":"1324448","formEdgeID":null},{"edgeID":"1737909","fromID":"1324454","toID":"1324453","formEdgeID":null},{"edgeID":"1737910","fromID":"1324455","toID":"1324454","formEdgeID":null},{"edgeID":"1737911","fromID":"1324453","toID":"1324456","formEdgeID":null},{"edgeID":"1737912","fromID":"1324456","toID":"1153575","formEdgeID":null},{"edgeID":"1737913","fromID":"1324458","toID":"1324457","formEdgeID":null},{"edgeID":"1737914","fromID":"1324459","toID":"1324458","formEdgeID":null},{"edgeID":"1737915","fromID":"1324457","toID":"1324460","formEdgeID":null},{"edgeID":"1737916","fromID":"1324460","toID":"1153580","formEdgeID":null},{"edgeID":"1737917","fromID":"1324462","toID":"1324461","formEdgeID":null},{"edgeID":"1737918","fromID":"1324463","toID":"1324462","formEdgeID":null},{"edgeID":"1737919","fromID":"1324461","toID":"1324464","formEdgeID":null},{"edgeID":"1737920","fromID":"1324464","toID":"1153585","formEdgeID":null},{"edgeID":"1737921","fromID":"1324466","toID":"1324465","formEdgeID":null},{"edgeID":"1737922","fromID":"1324467","toID":"1324466","formEdgeID":null},{"edgeID":"1737923","fromID":"1324465","toID":"1324468","formEdgeID":null},{"edgeID":"1737924","fromID":"1324468","toID":"1153590","formEdgeID":null},{"edgeID":"1737925","fromID":"1324470","toID":"1324469","formEdgeID":null},{"edgeID":"1737926","fromID":"1324471","toID":"1324470","formEdgeID":null},{"edgeID":"1737927","fromID":"1324469","toID":"1324472","formEdgeID":null},{"edgeID":"1737928","fromID":"1324472","toID":"1153595","formEdgeID":null},{"edgeID":"1737929","fromID":"1153569","toID":"1324473","formEdgeID":null},{"edgeID":"1737930","fromID":"1324473","toID":"1153564","formEdgeID":null},{"edgeID":"1737931","fromID":"1324452","toID":"1324474","formEdgeID":null},{"edgeID":"1737932","fromID":"1324474","toID":"1324473","formEdgeID":null},{"edgeID":"1737933","fromID":"1153575","toID":"1324475","formEdgeID":null},{"edgeID":"1737934","fromID":"1324475","toID":"1153558","formEdgeID":null},{"edgeID":"1737935","fromID":"1324439","toID":"1324476","formEdgeID":null},{"edgeID":"1737936","fromID":"1324476","toID":"1324453","formEdgeID":null},{"edgeID":"1737937","fromID":"1324476","toID":"1324477","formEdgeID":null},{"edgeID":"1737938","fromID":"1324477","toID":"1324475","formEdgeID":null},{"edgeID":"1737939","fromID":"1153580","toID":"1324478","formEdgeID":null},{"edgeID":"1737940","fromID":"1324478","toID":"1153558","formEdgeID":null},{"edgeID":"1737941","fromID":"1324439","toID":"1324479","formEdgeID":null},{"edgeID":"1737942","fromID":"1324479","toID":"1324457","formEdgeID":null},{"edgeID":"1737943","fromID":"1324479","toID":"1324480","formEdgeID":null},{"edgeID":"1737944","fromID":"1324480","toID":"1324478","formEdgeID":null},{"edgeID":"1737945","fromID":"1153585","toID":"1324481","formEdgeID":null},{"edgeID":"1737946","fromID":"1324481","toID":"1153558","formEdgeID":null},{"edgeID":"1737947","fromID":"1153590","toID":"1324482","formEdgeID":null},{"edgeID":"1737948","fromID":"1324482","toID":"1153558","formEdgeID":null},{"edgeID":"1737949","fromID":"1324439","toID":"1324483","formEdgeID":null},{"edgeID":"1737950","fromID":"1324483","toID":"1324461","formEdgeID":null},{"edgeID":"1737951","fromID":"1324439","toID":"1324484","formEdgeID":null},{"edgeID":"1737952","fromID":"1324484","toID":"1324465","formEdgeID":null},{"edgeID":"1737953","fromID":"1324483","toID":"1324485","formEdgeID":null},{"edgeID":"1737954","fromID":"1324485","toID":"1324481","formEdgeID":null},{"edgeID":"1737955","fromID":"1324484","toID":"1324486","formEdgeID":null},{"edgeID":"1737956","fromID":"1324486","toID":"1324482","formEdgeID":null},{"edgeID":"1737957","fromID":"1153595","toID":"1324487","formEdgeID":null},{"edgeID":"1737958","fromID":"1324487","toID":"1153569","formEdgeID":null},{"edgeID":"1737959","fromID":"1324448","toID":"1324488","formEdgeID":null},{"edgeID":"1737960","fromID":"1324488","toID":"1324469","formEdgeID":null},{"edgeID":"1737961","fromID":"1324488","toID":"1324489","formEdgeID":null},{"edgeID":"1737962","fromID":"1324489","toID":"1324487","formEdgeID":null},{"edgeID":"1737963","fromID":"1153564","toID":"1324490","formEdgeID":null},{"edgeID":"1737964","fromID":"1324490","toID":"1153558","formEdgeID":null},{"edgeID":"1737965","fromID":"1324439","toID":"1324491","formEdgeID":null},{"edgeID":"1737966","fromID":"1324491","toID":"1324444","formEdgeID":null},{"edgeID":"1737967","fromID":"1324491","toID":"1324492","formEdgeID":null},{"edgeID":"1737968","fromID":"1324492","toID":"1324490","formEdgeID":null}],"locutions":[]}