{"nodes":[{"nodeID":"1328240","text":"AudienceMember 20220721QT40 doesn't think that letting second homeowners move in locally is the issue","type":"I","timestamp":"2023-11-09 13:35:15"},{"nodeID":"1328241","text":"AudienceMember 20220721QT40: I don't think that's the issue","type":"L","timestamp":"2023-11-09 13:35:15"},{"nodeID":"1328242","text":"Analysing","type":"YA","timestamp":"2023-11-09 13:35:15"},{"nodeID":"1328243","text":"Dominika: AudienceMember 20220721QT40: I don't think that's the issue","type":"L","timestamp":"2023-11-09 13:35:15"},{"nodeID":"1328244","text":"Asserting","type":"YA","timestamp":"2023-11-09 13:35:15"},{"nodeID":"1328245","text":"the lack of affordable well social housing being built, and the awful idea of bringing back the right to buy are more of the problem than letting second homeowners move in locally","type":"I","timestamp":"2023-11-09 13:35:15"},{"nodeID":"1328246","text":"AudienceMember 20220721QT40: the lack of affordable well social housing being built, and the awful idea of bringing back the right to buy. They are more of the problem than letting second homeowners move in locally","type":"L","timestamp":"2023-11-09 13:35:15"},{"nodeID":"1328247","text":"Analysing","type":"YA","timestamp":"2023-11-09 13:35:15"},{"nodeID":"1328248","text":"Dominika: AudienceMember 20220721QT40: the lack of affordable well social housing being built, and the awful idea of bringing back the right to buy. They are more of the problem than letting second homeowners move in locally","type":"L","timestamp":"2023-11-09 13:35:15"},{"nodeID":"1328249","text":"Asserting","type":"YA","timestamp":"2023-11-09 13:35:15"},{"nodeID":"1328250","text":"Default Transition","type":"TA","timestamp":"2023-11-09 13:35:15"},{"nodeID":"1328251","text":"Default Inference","type":"RA","timestamp":"2023-11-09 13:35:15"},{"nodeID":"1328252","text":"Arguing","type":"YA","timestamp":"2023-11-09 13:35:15"},{"nodeID":"1328253","text":"the only way you are going to solve the housing problem is if the state provides housing at an affordable rent for people","type":"I","timestamp":"2023-11-09 13:35:16"},{"nodeID":"1328254","text":"AudienceMember 20220721QT41: The only way you are going to solve this is if the state provides housing at an affordable rent for people","type":"L","timestamp":"2023-11-09 13:35:16"},{"nodeID":"1328255","text":"Analysing","type":"YA","timestamp":"2023-11-09 13:35:16"},{"nodeID":"1328256","text":"Dominika: AudienceMember 20220721QT41: The only way you are going to solve this is if the state provides housing at an affordable rent for people","type":"L","timestamp":"2023-11-09 13:35:16"},{"nodeID":"1328257","text":"Asserting","type":"YA","timestamp":"2023-11-09 13:35:16"},{"nodeID":"1328258","text":"Default Transition","type":"TA","timestamp":"2023-11-09 13:35:16"},{"nodeID":"1328259","text":"rents go through the roof","type":"I","timestamp":"2023-11-09 13:35:17"},{"nodeID":"1328260","text":"AudienceMember 20220721QT41: rents go through the roof","type":"L","timestamp":"2023-11-09 13:35:17"},{"nodeID":"1328261","text":"Analysing","type":"YA","timestamp":"2023-11-09 13:35:17"},{"nodeID":"1328262","text":"Dominika: AudienceMember 20220721QT41: rents go through the roof","type":"L","timestamp":"2023-11-09 13:35:17"},{"nodeID":"1328263","text":"Asserting","type":"YA","timestamp":"2023-11-09 13:35:17"},{"nodeID":"1328264","text":"Default Transition","type":"TA","timestamp":"2023-11-09 13:35:17"},{"nodeID":"1328265","text":"Default Inference","type":"RA","timestamp":"2023-11-09 13:35:17"},{"nodeID":"1328266","text":"Arguing","type":"YA","timestamp":"2023-11-09 13:35:17"},{"nodeID":"1328267","text":"people who own property that they rent out can make a lot more doing airbnb or just a few weeks in the summer rather than renting their properties for the whole year","type":"I","timestamp":"2023-11-09 13:35:17"},{"nodeID":"1328268","text":"AudienceMember 20220721QT41: People who own property that they rent out can make a lot more doing airbnb or just a few weeks in the summer rather than renting their properties for the whole year","type":"L","timestamp":"2023-11-09 13:35:17"},{"nodeID":"1328269","text":"Analysing","type":"YA","timestamp":"2023-11-09 13:35:17"},{"nodeID":"1328270","text":"Dominika: AudienceMember 20220721QT41: People who own property that they rent out can make a lot more doing airbnb or just a few weeks in the summer rather than renting their properties for the whole year","type":"L","timestamp":"2023-11-09 13:35:17"},{"nodeID":"1328271","text":"Asserting","type":"YA","timestamp":"2023-11-09 13:35:17"},{"nodeID":"1328272","text":"Default Transition","type":"TA","timestamp":"2023-11-09 13:35:17"},{"nodeID":"1328273","text":"the state is going to have to step in and pay some money and provide some accommodation","type":"I","timestamp":"2023-11-09 13:35:18"},{"nodeID":"1328274","text":"AudienceMember 20220721QT41: the state is going to have to step in and pay some money and provide some accommodation","type":"L","timestamp":"2023-11-09 13:35:18"},{"nodeID":"1328275","text":"Analysing","type":"YA","timestamp":"2023-11-09 13:35:18"},{"nodeID":"1328276","text":"Dominika: AudienceMember 20220721QT41: the state is going to have to step in and pay some money and provide some accommodation","type":"L","timestamp":"2023-11-09 13:35:18"},{"nodeID":"1328277","text":"Asserting","type":"YA","timestamp":"2023-11-09 13:35:18"},{"nodeID":"1328278","text":"Default Transition","type":"TA","timestamp":"2023-11-09 13:35:18"},{"nodeID":"1328279","text":"Default Inference","type":"RA","timestamp":"2023-11-09 13:35:18"},{"nodeID":"1328280","text":"Arguing","type":"YA","timestamp":"2023-11-09 13:35:18"},{"nodeID":"1328281","text":"the state paying some money and providing some accommodation is the only way to solve the housing problem","type":"I","timestamp":"2023-11-09 13:35:18"},{"nodeID":"1328282","text":"AudienceMember 20220721QT41: That's the only way","type":"L","timestamp":"2023-11-09 13:35:18"},{"nodeID":"1328283","text":"Analysing","type":"YA","timestamp":"2023-11-09 13:35:18"},{"nodeID":"1328284","text":"Dominika: AudienceMember 20220721QT41: That's the only way","type":"L","timestamp":"2023-11-09 13:35:18"},{"nodeID":"1328285","text":"Asserting","type":"YA","timestamp":"2023-11-09 13:35:18"},{"nodeID":"1328286","text":"Default Transition","type":"TA","timestamp":"2023-11-09 13:35:18"},{"nodeID":"1328287","text":"Default Rephrase","type":"MA","timestamp":"2023-11-09 13:35:18"},{"nodeID":"1328288","text":"Restating","type":"YA","timestamp":"2023-11-09 13:35:18"}],"edges":[{"edgeID":"1742427","fromID":"1328242","toID":"1328241","formEdgeID":null},{"edgeID":"1742428","fromID":"1328243","toID":"1328242","formEdgeID":null},{"edgeID":"1742429","fromID":"1328241","toID":"1328244","formEdgeID":null},{"edgeID":"1742430","fromID":"1328244","toID":"1328240","formEdgeID":null},{"edgeID":"1742431","fromID":"1328247","toID":"1328246","formEdgeID":null},{"edgeID":"1742432","fromID":"1328248","toID":"1328247","formEdgeID":null},{"edgeID":"1742433","fromID":"1328246","toID":"1328249","formEdgeID":null},{"edgeID":"1742434","fromID":"1328249","toID":"1328245","formEdgeID":null},{"edgeID":"1742435","fromID":"1328241","toID":"1328250","formEdgeID":null},{"edgeID":"1742436","fromID":"1328250","toID":"1328246","formEdgeID":null},{"edgeID":"1742437","fromID":"1328245","toID":"1328251","formEdgeID":null},{"edgeID":"1742438","fromID":"1328251","toID":"1328240","formEdgeID":null},{"edgeID":"1742439","fromID":"1328250","toID":"1328252","formEdgeID":null},{"edgeID":"1742440","fromID":"1328252","toID":"1328251","formEdgeID":null},{"edgeID":"1742441","fromID":"1328255","toID":"1328254","formEdgeID":null},{"edgeID":"1742442","fromID":"1328256","toID":"1328255","formEdgeID":null},{"edgeID":"1742443","fromID":"1328254","toID":"1328257","formEdgeID":null},{"edgeID":"1742444","fromID":"1328257","toID":"1328253","formEdgeID":null},{"edgeID":"1742445","fromID":"1328246","toID":"1328258","formEdgeID":null},{"edgeID":"1742446","fromID":"1328258","toID":"1328254","formEdgeID":null},{"edgeID":"1742447","fromID":"1328261","toID":"1328260","formEdgeID":null},{"edgeID":"1742448","fromID":"1328262","toID":"1328261","formEdgeID":null},{"edgeID":"1742449","fromID":"1328260","toID":"1328263","formEdgeID":null},{"edgeID":"1742450","fromID":"1328263","toID":"1328259","formEdgeID":null},{"edgeID":"1742451","fromID":"1328254","toID":"1328264","formEdgeID":null},{"edgeID":"1742452","fromID":"1328264","toID":"1328260","formEdgeID":null},{"edgeID":"1742453","fromID":"1328259","toID":"1328265","formEdgeID":null},{"edgeID":"1742454","fromID":"1328265","toID":"1328253","formEdgeID":null},{"edgeID":"1742455","fromID":"1328264","toID":"1328266","formEdgeID":null},{"edgeID":"1742456","fromID":"1328266","toID":"1328265","formEdgeID":null},{"edgeID":"1742457","fromID":"1328269","toID":"1328268","formEdgeID":null},{"edgeID":"1742458","fromID":"1328270","toID":"1328269","formEdgeID":null},{"edgeID":"1742459","fromID":"1328268","toID":"1328271","formEdgeID":null},{"edgeID":"1742460","fromID":"1328271","toID":"1328267","formEdgeID":null},{"edgeID":"1742461","fromID":"1328260","toID":"1328272","formEdgeID":null},{"edgeID":"1742462","fromID":"1328272","toID":"1328268","formEdgeID":null},{"edgeID":"1742463","fromID":"1328275","toID":"1328274","formEdgeID":null},{"edgeID":"1742464","fromID":"1328276","toID":"1328275","formEdgeID":null},{"edgeID":"1742465","fromID":"1328274","toID":"1328277","formEdgeID":null},{"edgeID":"1742466","fromID":"1328277","toID":"1328273","formEdgeID":null},{"edgeID":"1742467","fromID":"1328268","toID":"1328278","formEdgeID":null},{"edgeID":"1742468","fromID":"1328278","toID":"1328274","formEdgeID":null},{"edgeID":"1742469","fromID":"1328267","toID":"1328279","formEdgeID":null},{"edgeID":"1742470","fromID":"1328279","toID":"1328273","formEdgeID":null},{"edgeID":"1742471","fromID":"1328278","toID":"1328280","formEdgeID":null},{"edgeID":"1742472","fromID":"1328280","toID":"1328279","formEdgeID":null},{"edgeID":"1742473","fromID":"1328283","toID":"1328282","formEdgeID":null},{"edgeID":"1742474","fromID":"1328284","toID":"1328283","formEdgeID":null},{"edgeID":"1742475","fromID":"1328282","toID":"1328285","formEdgeID":null},{"edgeID":"1742476","fromID":"1328285","toID":"1328281","formEdgeID":null},{"edgeID":"1742477","fromID":"1328274","toID":"1328286","formEdgeID":null},{"edgeID":"1742478","fromID":"1328286","toID":"1328282","formEdgeID":null},{"edgeID":"1742479","fromID":"1328281","toID":"1328287","formEdgeID":null},{"edgeID":"1742480","fromID":"1328287","toID":"1328273","formEdgeID":null},{"edgeID":"1742481","fromID":"1328286","toID":"1328288","formEdgeID":null},{"edgeID":"1742482","fromID":"1328288","toID":"1328287","formEdgeID":null}],"locutions":[]}