{"nodes":[{"nodeID":"1327293","text":"a high wage high skill economy is somehow not possible","type":"I","timestamp":"2023-11-09 13:33:58"},{"nodeID":"1327294","text":"Bim Afolami: that's somehow not possible","type":"L","timestamp":"2023-11-09 13:33:58"},{"nodeID":"1327295","text":"Analysing","type":"YA","timestamp":"2023-11-09 13:33:58"},{"nodeID":"1327296","text":"Mascha: Bim Afolami: that's somehow not possible","type":"L","timestamp":"2023-11-09 13:33:58"},{"nodeID":"1327297","text":"Asserting","type":"YA","timestamp":"2023-11-09 13:33:58"},{"nodeID":"1327298","text":"the government is not giving very high, very desirable wage salary increases for teachers for example, or other areas of the economy","type":"I","timestamp":"2023-11-09 13:33:59"},{"nodeID":"1327299","text":"Bim Afolami: not giving very high though potentially you know, very desirable wage salary increases for teachers for example, or other areas of the economy","type":"L","timestamp":"2023-11-09 13:33:59"},{"nodeID":"1327300","text":"Analysing","type":"YA","timestamp":"2023-11-09 13:33:59"},{"nodeID":"1327301","text":"Mascha: Bim Afolami: not giving very high though potentially you know, very desirable wage salary increases for teachers for example, or other areas of the economy","type":"L","timestamp":"2023-11-09 13:33:59"},{"nodeID":"1327302","text":"Asserting","type":"YA","timestamp":"2023-11-09 13:33:59"},{"nodeID":"1327303","text":"Default Transition","type":"TA","timestamp":"2023-11-09 13:33:59"},{"nodeID":"1327304","text":"the question is really not whether we want to increase teachers' salaries","type":"I","timestamp":"2023-11-09 13:34:00"},{"nodeID":"1327305","text":"Bim Afolami:  the question is really not whether we want to increase teachers' salaries","type":"L","timestamp":"2023-11-09 13:34:00"},{"nodeID":"1327306","text":"Analysing","type":"YA","timestamp":"2023-11-09 13:34:00"},{"nodeID":"1327307","text":"Mascha: Bim Afolami:  the question is really not whether we want to increase teachers' salaries","type":"L","timestamp":"2023-11-09 13:34:00"},{"nodeID":"1327308","text":"Asserting","type":"YA","timestamp":"2023-11-09 13:34:00"},{"nodeID":"1327309","text":"Default Transition","type":"TA","timestamp":"2023-11-09 13:34:00"},{"nodeID":"1327310","text":"Default Inference","type":"RA","timestamp":"2023-11-09 13:34:00"},{"nodeID":"1327311","text":"Arguing","type":"YA","timestamp":"2023-11-09 13:34:00"},{"nodeID":"1327312","text":"Bim Afolami thinks teachers' salaries should be increased","type":"I","timestamp":"2023-11-09 13:34:00"},{"nodeID":"1327313","text":"Bim Afolami:  I think they should be","type":"L","timestamp":"2023-11-09 13:34:00"},{"nodeID":"1327314","text":"Analysing","type":"YA","timestamp":"2023-11-09 13:34:00"},{"nodeID":"1327315","text":"Mascha: Bim Afolami:  I think they should be","type":"L","timestamp":"2023-11-09 13:34:00"},{"nodeID":"1327316","text":"Asserting","type":"YA","timestamp":"2023-11-09 13:34:00"},{"nodeID":"1327317","text":"Default Transition","type":"TA","timestamp":"2023-11-09 13:34:00"},{"nodeID":"1327318","text":"the question is about the timing of salary increases","type":"I","timestamp":"2023-11-09 13:34:01"},{"nodeID":"1327319","text":"Bim Afolami: It's about the timing","type":"L","timestamp":"2023-11-09 13:34:01"},{"nodeID":"1327320","text":"Analysing","type":"YA","timestamp":"2023-11-09 13:34:01"},{"nodeID":"1327321","text":"Mascha: Bim Afolami: It's about the timing","type":"L","timestamp":"2023-11-09 13:34:01"},{"nodeID":"1327322","text":"Asserting","type":"YA","timestamp":"2023-11-09 13:34:01"},{"nodeID":"1327323","text":"Default Transition","type":"TA","timestamp":"2023-11-09 13:34:01"},{"nodeID":"1327324","text":"we have had a 20% cut of salaries","type":"I","timestamp":"2023-11-09 13:34:01"},{"nodeID":"1327325","text":"Mary Bousted: We have had a 20% cut","type":"L","timestamp":"2023-11-09 13:34:01"},{"nodeID":"1327326","text":"Analysing","type":"YA","timestamp":"2023-11-09 13:34:01"},{"nodeID":"1327327","text":"Mascha: Mary Bousted: We have had a 20% cut","type":"L","timestamp":"2023-11-09 13:34:01"},{"nodeID":"1327328","text":"Asserting","type":"YA","timestamp":"2023-11-09 13:34:01"},{"nodeID":"1327329","text":"Default Transition","type":"TA","timestamp":"2023-11-09 13:34:01"},{"nodeID":"1327330","text":"xxx is when salaries will be increased","type":"I","timestamp":"2023-11-09 13:34:02"},{"nodeID":"1327331","text":"Mary Bousted: So when","type":"L","timestamp":"2023-11-09 13:34:02"},{"nodeID":"1327332","text":"Analysing","type":"YA","timestamp":"2023-11-09 13:34:02"},{"nodeID":"1327333","text":"Mascha: Mary Bousted: So when","type":"L","timestamp":"2023-11-09 13:34:02"},{"nodeID":"1327334","text":"Pure Questioning","type":"YA","timestamp":"2023-11-09 13:34:02"},{"nodeID":"1327335","text":"Default Transition","type":"TA","timestamp":"2023-11-09 13:34:02"},{"nodeID":"1327336","text":"Mary Bousted: When","type":"L","timestamp":"2023-11-09 13:34:02"},{"nodeID":"1327337","text":"Analysing","type":"YA","timestamp":"2023-11-09 13:34:02"},{"nodeID":"1327338","text":"Mascha: Mary Bousted: When","type":"L","timestamp":"2023-11-09 13:34:02"},{"nodeID":"1327339","text":"Default Transition","type":"TA","timestamp":"2023-11-09 13:34:02"},{"nodeID":"1327340","text":"what we have right now is we have a problem of inflation","type":"I","timestamp":"2023-11-09 13:34:03"},{"nodeID":"1327341","text":"Bim Afolami: What we have right now is we have a problem of inflation","type":"L","timestamp":"2023-11-09 13:34:03"},{"nodeID":"1327342","text":"Analysing","type":"YA","timestamp":"2023-11-09 13:34:03"},{"nodeID":"1327343","text":"Mascha: Bim Afolami: What we have right now is we have a problem of inflation","type":"L","timestamp":"2023-11-09 13:34:03"},{"nodeID":"1327344","text":"Asserting","type":"YA","timestamp":"2023-11-09 13:34:03"},{"nodeID":"1327345","text":"Bim Afolami: significantly rising prices that are above ten, 11%, and in some things they are significantly higher than that","type":"L","timestamp":"2023-11-09 13:34:03"},{"nodeID":"1327346","text":"Analysing","type":"YA","timestamp":"2023-11-09 13:34:03"},{"nodeID":"1327347","text":"Mascha: Bim Afolami: significantly rising prices that are above ten, 11%, and in some things they are significantly higher than that","type":"L","timestamp":"2023-11-09 13:34:03"},{"nodeID":"1327348","text":"Default Transition","type":"TA","timestamp":"2023-11-09 13:34:03"},{"nodeID":"1327349","text":"Default Transition","type":"TA","timestamp":"2023-11-09 13:34:03"},{"nodeID":"1327350","text":"the job of the Government and the previous Chancellor, and indeed if he becomes Prime Minister or any other of the candidates who become Prime Minister is to try and bear-down on those rising prices so they don't keep going up over the medium and longer term","type":"I","timestamp":"2023-11-09 13:34:03"},{"nodeID":"1327351","text":"Bim Afolami: the job of the Government and the previous Chancellor, and indeed if he becomes Prime Minister or any other of the candidates who become Prime Minister is to try and bear-down on those rising prices so they don't keep going up over the medium and longer term","type":"L","timestamp":"2023-11-09 13:34:03"},{"nodeID":"1327352","text":"Analysing","type":"YA","timestamp":"2023-11-09 13:34:03"},{"nodeID":"1327353","text":"Mascha: Bim Afolami: the job of the Government and the previous Chancellor, and indeed if he becomes Prime Minister or any other of the candidates who become Prime Minister is to try and bear-down on those rising prices so they don't keep going up over the medium and longer term","type":"L","timestamp":"2023-11-09 13:34:03"},{"nodeID":"1327354","text":"Asserting","type":"YA","timestamp":"2023-11-09 13:34:03"},{"nodeID":"1327355","text":"Default Transition","type":"TA","timestamp":"2023-11-09 13:34:03"},{"nodeID":"1327356","text":"Asserting","type":"YA","timestamp":"2023-11-09 13:34:03"},{"nodeID":"1327357","text":"significantly rising prices that are above ten, 11%, and in some things they are significantly higher than that","type":"I","timestamp":"2023-11-09 13:34:04"},{"nodeID":"1327358","text":"Restating","type":"YA","timestamp":"2023-11-09 13:34:04"},{"nodeID":"1327359","text":"Default Rephrase","type":"MA","timestamp":"2023-11-09 13:34:04"},{"nodeID":"1327360","text":"Pure Questioning","type":"YA","timestamp":"2023-11-09 13:34:04"},{"nodeID":"1327361","text":"wages aren't driving inflation","type":"I","timestamp":"2023-11-09 13:34:04"},{"nodeID":"1327362","text":"Mary Bousted: Wages aren't driving inflation","type":"L","timestamp":"2023-11-09 13:34:04"},{"nodeID":"1327363","text":"Analysing","type":"YA","timestamp":"2023-11-09 13:34:04"},{"nodeID":"1327364","text":"Mascha: Mary Bousted: Wages aren't driving inflation","type":"L","timestamp":"2023-11-09 13:34:04"},{"nodeID":"1327365","text":"Asserting","type":"YA","timestamp":"2023-11-09 13:34:04"},{"nodeID":"1327366","text":"3% is not going to drive inflation at 11%","type":"I","timestamp":"2023-11-09 13:34:05"},{"nodeID":"1327367","text":"Mary Bousted: 3% is not going to drive inflation at 11%","type":"L","timestamp":"2023-11-09 13:34:05"},{"nodeID":"1327368","text":"Analysing","type":"YA","timestamp":"2023-11-09 13:34:05"},{"nodeID":"1327369","text":"Mascha: Mary Bousted: 3% is not going to drive inflation at 11%","type":"L","timestamp":"2023-11-09 13:34:05"},{"nodeID":"1327370","text":"Asserting","type":"YA","timestamp":"2023-11-09 13:34:05"},{"nodeID":"1327371","text":"Default Transition","type":"TA","timestamp":"2023-11-09 13:34:05"},{"nodeID":"1327372","text":"Default Rephrase","type":"MA","timestamp":"2023-11-09 13:34:05"},{"nodeID":"1327373","text":"Restating","type":"YA","timestamp":"2023-11-09 13:34:05"},{"nodeID":"1327374","text":"it's a war in Ukraine putting up oil prices, gas prices, and food prices","type":"I","timestamp":"2023-11-09 13:34:05"},{"nodeID":"1327375","text":"Mary Bousted:  It's a war in Ukraine putting up oil prices, gas prices, and food prices","type":"L","timestamp":"2023-11-09 13:34:05"},{"nodeID":"1327376","text":"Analysing","type":"YA","timestamp":"2023-11-09 13:34:05"},{"nodeID":"1327377","text":"Mascha: Mary Bousted:  It's a war in Ukraine putting up oil prices, gas prices, and food prices","type":"L","timestamp":"2023-11-09 13:34:05"},{"nodeID":"1327378","text":"Asserting","type":"YA","timestamp":"2023-11-09 13:34:05"},{"nodeID":"1327379","text":"Default Transition","type":"TA","timestamp":"2023-11-09 13:34:05"},{"nodeID":"1327380","text":"Default Inference","type":"RA","timestamp":"2023-11-09 13:34:05"},{"nodeID":"1327381","text":"Arguing","type":"YA","timestamp":"2023-11-09 13:34:05"},{"nodeID":"1327382","text":"it's not public sector pay that puts up prices","type":"I","timestamp":"2023-11-09 13:34:06"},{"nodeID":"1327383","text":"Mary Bousted:  it's not public sector pay","type":"L","timestamp":"2023-11-09 13:34:06"},{"nodeID":"1327384","text":"Analysing","type":"YA","timestamp":"2023-11-09 13:34:06"},{"nodeID":"1327385","text":"Mascha: Mary Bousted:  it's not public sector pay","type":"L","timestamp":"2023-11-09 13:34:06"},{"nodeID":"1327386","text":"Asserting","type":"YA","timestamp":"2023-11-09 13:34:06"},{"nodeID":"1327387","text":"Default Transition","type":"TA","timestamp":"2023-11-09 13:34:06"},{"nodeID":"1327388","text":"Default Rephrase","type":"MA","timestamp":"2023-11-09 13:34:06"},{"nodeID":"1327389","text":"Restating","type":"YA","timestamp":"2023-11-09 13:34:06"},{"nodeID":"1327390","text":"it's not a question of what drives inflation","type":"I","timestamp":"2023-11-09 13:34:07"},{"nodeID":"1327391","text":"Bim Afolami:  It's not a question of what drives inflation","type":"L","timestamp":"2023-11-09 13:34:07"},{"nodeID":"1327392","text":"Analysing","type":"YA","timestamp":"2023-11-09 13:34:07"},{"nodeID":"1327393","text":"Mascha: Bim Afolami:  It's not a question of what drives inflation","type":"L","timestamp":"2023-11-09 13:34:07"},{"nodeID":"1327394","text":"Asserting","type":"YA","timestamp":"2023-11-09 13:34:07"},{"nodeID":"1327395","text":"Default Transition","type":"TA","timestamp":"2023-11-09 13:34:07"},{"nodeID":"1327396","text":"Default Conflict","type":"CA","timestamp":"2023-11-09 13:34:07"},{"nodeID":"1327397","text":"Disagreeing","type":"YA","timestamp":"2023-11-09 13:34:07"},{"nodeID":"1327398","text":"it's what can contribute to it getting worse","type":"I","timestamp":"2023-11-09 13:34:07"},{"nodeID":"1327399","text":"Bim Afolami:  it's what can contribute to it getting worse","type":"L","timestamp":"2023-11-09 13:34:07"},{"nodeID":"1327400","text":"Analysing","type":"YA","timestamp":"2023-11-09 13:34:07"},{"nodeID":"1327401","text":"Mascha: Bim Afolami:  it's what can contribute to it getting worse","type":"L","timestamp":"2023-11-09 13:34:07"},{"nodeID":"1327402","text":"Asserting","type":"YA","timestamp":"2023-11-09 13:34:07"},{"nodeID":"1327403","text":"Default Transition","type":"TA","timestamp":"2023-11-09 13:34:07"},{"nodeID":"1327404","text":"Default Rephrase","type":"MA","timestamp":"2023-11-09 13:34:07"},{"nodeID":"1327405","text":"Restating","type":"YA","timestamp":"2023-11-09 13:34:07"},{"nodeID":"1327406","text":"what you have is a situation where you have got energy problems that are global to do with oil and gas, partly made worse by Ukraine, and supply problems in Asia and China, and other things","type":"I","timestamp":"2023-11-09 13:34:08"},{"nodeID":"1327407","text":"Bim Afolami: what you have is a situation where you have got energy problems that are global to do with oil and gas, partly made worse by Ukraine, and supply problems in Asia and China, and other things","type":"L","timestamp":"2023-11-09 13:34:08"},{"nodeID":"1327408","text":"Analysing","type":"YA","timestamp":"2023-11-09 13:34:08"},{"nodeID":"1327409","text":"Mascha: Bim Afolami: what you have is a situation where you have got energy problems that are global to do with oil and gas, partly made worse by Ukraine, and supply problems in Asia and China, and other things","type":"L","timestamp":"2023-11-09 13:34:08"},{"nodeID":"1327410","text":"Asserting","type":"YA","timestamp":"2023-11-09 13:34:08"},{"nodeID":"1327411","text":"Default Transition","type":"TA","timestamp":"2023-11-09 13:34:08"},{"nodeID":"1327412","text":"what we need to do for the time now is to make sure we get a lid on control rising prices","type":"I","timestamp":"2023-11-09 13:34:08"},{"nodeID":"1327413","text":"Bim Afolami: What we need to do for the time now is to make sure we get a lid on control rising prices","type":"L","timestamp":"2023-11-09 13:34:08"},{"nodeID":"1327414","text":"Analysing","type":"YA","timestamp":"2023-11-09 13:34:08"},{"nodeID":"1327415","text":"Mascha: Bim Afolami: What we need to do for the time now is to make sure we get a lid on control rising prices","type":"L","timestamp":"2023-11-09 13:34:08"},{"nodeID":"1327416","text":"Asserting","type":"YA","timestamp":"2023-11-09 13:34:08"},{"nodeID":"1327417","text":"Default Transition","type":"TA","timestamp":"2023-11-09 13:34:08"},{"nodeID":"1327418","text":"once we control rising prices we do the things that improve, and get salaries up in all, private and public sector","type":"I","timestamp":"2023-11-09 13:34:09"},{"nodeID":"1327419","text":"Bim Afolami: Once we do that we do the things that improve, and get salaries up in all, private and public sector","type":"L","timestamp":"2023-11-09 13:34:09"},{"nodeID":"1327420","text":"Analysing","type":"YA","timestamp":"2023-11-09 13:34:09"},{"nodeID":"1327421","text":"Mascha: Bim Afolami: Once we do that we do the things that improve, and get salaries up in all, private and public sector","type":"L","timestamp":"2023-11-09 13:34:09"},{"nodeID":"1327422","text":"Asserting","type":"YA","timestamp":"2023-11-09 13:34:09"},{"nodeID":"1327423","text":"Default Transition","type":"TA","timestamp":"2023-11-09 13:34:09"},{"nodeID":"1327424","text":"Default Inference","type":"RA","timestamp":"2023-11-09 13:34:09"},{"nodeID":"1327425","text":"Arguing","type":"YA","timestamp":"2023-11-09 13:34:09"},{"nodeID":"1327426","text":"Default Rephrase","type":"MA","timestamp":"2023-11-09 13:34:09"},{"nodeID":"1327427","text":"Default Transition","type":"TA","timestamp":"2023-11-09 13:34:09"},{"nodeID":"1327428","text":"Restating","type":"YA","timestamp":"2023-11-09 13:34:09"},{"nodeID":"1327429","text":"Default Conflict","type":"CA","timestamp":"2023-11-09 13:34:09"},{"nodeID":"1327430","text":"Disagreeing","type":"YA","timestamp":"2023-11-09 13:34:09"},{"nodeID":"1327431","text":"Default Inference","type":"RA","timestamp":"2023-11-09 13:34:09"},{"nodeID":"1327432","text":"Arguing","type":"YA","timestamp":"2023-11-09 13:34:09"},{"nodeID":"1327433","text":"Default Conflict","type":"CA","timestamp":"2023-11-09 13:34:09"},{"nodeID":"1327434","text":"Default Transition","type":"TA","timestamp":"2023-11-09 13:34:09"},{"nodeID":"1327435","text":"Disagreeing","type":"YA","timestamp":"2023-11-09 13:34:09"},{"nodeID":"1327436","text":"Default Transition","type":"TA","timestamp":"2023-11-09 13:34:09"},{"nodeID":"1327437","text":"Default Inference","type":"RA","timestamp":"2023-11-09 13:34:09"},{"nodeID":"1327438","text":"Arguing","type":"YA","timestamp":"2023-11-09 13:34:09"}],"edges":[{"edgeID":"1741317","fromID":"1327295","toID":"1327294","formEdgeID":null},{"edgeID":"1741318","fromID":"1327296","toID":"1327295","formEdgeID":null},{"edgeID":"1741319","fromID":"1327294","toID":"1327297","formEdgeID":null},{"edgeID":"1741320","fromID":"1327297","toID":"1327293","formEdgeID":null},{"edgeID":"1741321","fromID":"1327300","toID":"1327299","formEdgeID":null},{"edgeID":"1741322","fromID":"1327301","toID":"1327300","formEdgeID":null},{"edgeID":"1741323","fromID":"1327299","toID":"1327302","formEdgeID":null},{"edgeID":"1741324","fromID":"1327302","toID":"1327298","formEdgeID":null},{"edgeID":"1741325","fromID":"1327294","toID":"1327303","formEdgeID":null},{"edgeID":"1741326","fromID":"1327303","toID":"1327299","formEdgeID":null},{"edgeID":"1741327","fromID":"1327306","toID":"1327305","formEdgeID":null},{"edgeID":"1741328","fromID":"1327307","toID":"1327306","formEdgeID":null},{"edgeID":"1741329","fromID":"1327305","toID":"1327308","formEdgeID":null},{"edgeID":"1741330","fromID":"1327308","toID":"1327304","formEdgeID":null},{"edgeID":"1741331","fromID":"1327299","toID":"1327309","formEdgeID":null},{"edgeID":"1741332","fromID":"1327309","toID":"1327305","formEdgeID":null},{"edgeID":"1741333","fromID":"1327298","toID":"1327310","formEdgeID":null},{"edgeID":"1741334","fromID":"1327310","toID":"1327293","formEdgeID":null},{"edgeID":"1741335","fromID":"1327303","toID":"1327311","formEdgeID":null},{"edgeID":"1741336","fromID":"1327311","toID":"1327310","formEdgeID":null},{"edgeID":"1741337","fromID":"1327314","toID":"1327313","formEdgeID":null},{"edgeID":"1741338","fromID":"1327315","toID":"1327314","formEdgeID":null},{"edgeID":"1741339","fromID":"1327313","toID":"1327316","formEdgeID":null},{"edgeID":"1741340","fromID":"1327316","toID":"1327312","formEdgeID":null},{"edgeID":"1741341","fromID":"1327305","toID":"1327317","formEdgeID":null},{"edgeID":"1741342","fromID":"1327317","toID":"1327313","formEdgeID":null},{"edgeID":"1741343","fromID":"1327320","toID":"1327319","formEdgeID":null},{"edgeID":"1741344","fromID":"1327321","toID":"1327320","formEdgeID":null},{"edgeID":"1741345","fromID":"1327319","toID":"1327322","formEdgeID":null},{"edgeID":"1741346","fromID":"1327322","toID":"1327318","formEdgeID":null},{"edgeID":"1741347","fromID":"1327305","toID":"1327323","formEdgeID":null},{"edgeID":"1741348","fromID":"1327323","toID":"1327319","formEdgeID":null},{"edgeID":"1741349","fromID":"1327326","toID":"1327325","formEdgeID":null},{"edgeID":"1741350","fromID":"1327327","toID":"1327326","formEdgeID":null},{"edgeID":"1741351","fromID":"1327325","toID":"1327328","formEdgeID":null},{"edgeID":"1741352","fromID":"1327328","toID":"1327324","formEdgeID":null},{"edgeID":"1741353","fromID":"1327319","toID":"1327329","formEdgeID":null},{"edgeID":"1741354","fromID":"1327329","toID":"1327325","formEdgeID":null},{"edgeID":"1741355","fromID":"1327332","toID":"1327331","formEdgeID":null},{"edgeID":"1741356","fromID":"1327333","toID":"1327332","formEdgeID":null},{"edgeID":"1741357","fromID":"1327331","toID":"1327334","formEdgeID":null},{"edgeID":"1741358","fromID":"1327334","toID":"1327330","formEdgeID":null},{"edgeID":"1741359","fromID":"1327325","toID":"1327335","formEdgeID":null},{"edgeID":"1741360","fromID":"1327335","toID":"1327331","formEdgeID":null},{"edgeID":"1741361","fromID":"1327337","toID":"1327336","formEdgeID":null},{"edgeID":"1741362","fromID":"1327338","toID":"1327337","formEdgeID":null},{"edgeID":"1741363","fromID":"1327331","toID":"1327339","formEdgeID":null},{"edgeID":"1741364","fromID":"1327339","toID":"1327336","formEdgeID":null},{"edgeID":"1741365","fromID":"1327342","toID":"1327341","formEdgeID":null},{"edgeID":"1741366","fromID":"1327343","toID":"1327342","formEdgeID":null},{"edgeID":"1741367","fromID":"1327341","toID":"1327344","formEdgeID":null},{"edgeID":"1741368","fromID":"1327344","toID":"1327340","formEdgeID":null},{"edgeID":"1741369","fromID":"1327346","toID":"1327345","formEdgeID":null},{"edgeID":"1741370","fromID":"1327347","toID":"1327346","formEdgeID":null},{"edgeID":"1741371","fromID":"1327341","toID":"1327348","formEdgeID":null},{"edgeID":"1741372","fromID":"1327348","toID":"1327345","formEdgeID":null},{"edgeID":"1741373","fromID":"1327336","toID":"1327349","formEdgeID":null},{"edgeID":"1741374","fromID":"1327349","toID":"1327341","formEdgeID":null},{"edgeID":"1741375","fromID":"1327352","toID":"1327351","formEdgeID":null},{"edgeID":"1741376","fromID":"1327353","toID":"1327352","formEdgeID":null},{"edgeID":"1741377","fromID":"1327351","toID":"1327354","formEdgeID":null},{"edgeID":"1741378","fromID":"1327354","toID":"1327350","formEdgeID":null},{"edgeID":"1741379","fromID":"1327345","toID":"1327355","formEdgeID":null},{"edgeID":"1741380","fromID":"1327355","toID":"1327351","formEdgeID":null},{"edgeID":"1741381","fromID":"1327345","toID":"1327356","formEdgeID":null},{"edgeID":"1741382","fromID":"1327356","toID":"1327357","formEdgeID":null},{"edgeID":"1741383","fromID":"1327358","toID":"1327359","formEdgeID":null},{"edgeID":"1741384","fromID":"1327359","toID":"1327340","formEdgeID":null},{"edgeID":"1741385","fromID":"1327348","toID":"1327358","formEdgeID":null},{"edgeID":"1741386","fromID":"1327357","toID":"1327359","formEdgeID":null},{"edgeID":"1741387","fromID":"1327336","toID":"1327360","formEdgeID":null},{"edgeID":"1741388","fromID":"1327360","toID":"1327330","formEdgeID":null},{"edgeID":"1741389","fromID":"1327363","toID":"1327362","formEdgeID":null},{"edgeID":"1741390","fromID":"1327364","toID":"1327363","formEdgeID":null},{"edgeID":"1741391","fromID":"1327362","toID":"1327365","formEdgeID":null},{"edgeID":"1741392","fromID":"1327365","toID":"1327361","formEdgeID":null},{"edgeID":"1741393","fromID":"1327368","toID":"1327367","formEdgeID":null},{"edgeID":"1741394","fromID":"1327369","toID":"1327368","formEdgeID":null},{"edgeID":"1741395","fromID":"1327367","toID":"1327370","formEdgeID":null},{"edgeID":"1741396","fromID":"1327370","toID":"1327366","formEdgeID":null},{"edgeID":"1741397","fromID":"1327362","toID":"1327371","formEdgeID":null},{"edgeID":"1741398","fromID":"1327371","toID":"1327367","formEdgeID":null},{"edgeID":"1741399","fromID":"1327366","toID":"1327372","formEdgeID":null},{"edgeID":"1741400","fromID":"1327372","toID":"1327361","formEdgeID":null},{"edgeID":"1741401","fromID":"1327371","toID":"1327373","formEdgeID":null},{"edgeID":"1741402","fromID":"1327373","toID":"1327372","formEdgeID":null},{"edgeID":"1741403","fromID":"1327376","toID":"1327375","formEdgeID":null},{"edgeID":"1741404","fromID":"1327377","toID":"1327376","formEdgeID":null},{"edgeID":"1741405","fromID":"1327375","toID":"1327378","formEdgeID":null},{"edgeID":"1741406","fromID":"1327378","toID":"1327374","formEdgeID":null},{"edgeID":"1741407","fromID":"1327367","toID":"1327379","formEdgeID":null},{"edgeID":"1741408","fromID":"1327379","toID":"1327375","formEdgeID":null},{"edgeID":"1741409","fromID":"1327374","toID":"1327380","formEdgeID":null},{"edgeID":"1741410","fromID":"1327380","toID":"1327366","formEdgeID":null},{"edgeID":"1741411","fromID":"1327379","toID":"1327381","formEdgeID":null},{"edgeID":"1741412","fromID":"1327381","toID":"1327380","formEdgeID":null},{"edgeID":"1741413","fromID":"1327384","toID":"1327383","formEdgeID":null},{"edgeID":"1741414","fromID":"1327385","toID":"1327384","formEdgeID":null},{"edgeID":"1741415","fromID":"1327383","toID":"1327386","formEdgeID":null},{"edgeID":"1741416","fromID":"1327386","toID":"1327382","formEdgeID":null},{"edgeID":"1741417","fromID":"1327375","toID":"1327387","formEdgeID":null},{"edgeID":"1741418","fromID":"1327387","toID":"1327383","formEdgeID":null},{"edgeID":"1741419","fromID":"1327382","toID":"1327388","formEdgeID":null},{"edgeID":"1741420","fromID":"1327388","toID":"1327374","formEdgeID":null},{"edgeID":"1741421","fromID":"1327387","toID":"1327389","formEdgeID":null},{"edgeID":"1741422","fromID":"1327389","toID":"1327388","formEdgeID":null},{"edgeID":"1741423","fromID":"1327392","toID":"1327391","formEdgeID":null},{"edgeID":"1741424","fromID":"1327393","toID":"1327392","formEdgeID":null},{"edgeID":"1741425","fromID":"1327391","toID":"1327394","formEdgeID":null},{"edgeID":"1741426","fromID":"1327394","toID":"1327390","formEdgeID":null},{"edgeID":"1741427","fromID":"1327383","toID":"1327395","formEdgeID":null},{"edgeID":"1741428","fromID":"1327395","toID":"1327391","formEdgeID":null},{"edgeID":"1741429","fromID":"1327390","toID":"1327396","formEdgeID":null},{"edgeID":"1741430","fromID":"1327396","toID":"1327382","formEdgeID":null},{"edgeID":"1741431","fromID":"1327395","toID":"1327397","formEdgeID":null},{"edgeID":"1741432","fromID":"1327397","toID":"1327396","formEdgeID":null},{"edgeID":"1741433","fromID":"1327400","toID":"1327399","formEdgeID":null},{"edgeID":"1741434","fromID":"1327401","toID":"1327400","formEdgeID":null},{"edgeID":"1741435","fromID":"1327399","toID":"1327402","formEdgeID":null},{"edgeID":"1741436","fromID":"1327402","toID":"1327398","formEdgeID":null},{"edgeID":"1741437","fromID":"1327391","toID":"1327403","formEdgeID":null},{"edgeID":"1741438","fromID":"1327403","toID":"1327399","formEdgeID":null},{"edgeID":"1741439","fromID":"1327398","toID":"1327404","formEdgeID":null},{"edgeID":"1741440","fromID":"1327404","toID":"1327390","formEdgeID":null},{"edgeID":"1741441","fromID":"1327403","toID":"1327405","formEdgeID":null},{"edgeID":"1741442","fromID":"1327405","toID":"1327404","formEdgeID":null},{"edgeID":"1741443","fromID":"1327408","toID":"1327407","formEdgeID":null},{"edgeID":"1741444","fromID":"1327409","toID":"1327408","formEdgeID":null},{"edgeID":"1741445","fromID":"1327407","toID":"1327410","formEdgeID":null},{"edgeID":"1741446","fromID":"1327410","toID":"1327406","formEdgeID":null},{"edgeID":"1741447","fromID":"1327399","toID":"1327411","formEdgeID":null},{"edgeID":"1741448","fromID":"1327411","toID":"1327407","formEdgeID":null},{"edgeID":"1741449","fromID":"1327414","toID":"1327413","formEdgeID":null},{"edgeID":"1741450","fromID":"1327415","toID":"1327414","formEdgeID":null},{"edgeID":"1741451","fromID":"1327413","toID":"1327416","formEdgeID":null},{"edgeID":"1741452","fromID":"1327416","toID":"1327412","formEdgeID":null},{"edgeID":"1741453","fromID":"1327407","toID":"1327417","formEdgeID":null},{"edgeID":"1741454","fromID":"1327417","toID":"1327413","formEdgeID":null},{"edgeID":"1741455","fromID":"1327420","toID":"1327419","formEdgeID":null},{"edgeID":"1741456","fromID":"1327421","toID":"1327420","formEdgeID":null},{"edgeID":"1741457","fromID":"1327419","toID":"1327422","formEdgeID":null},{"edgeID":"1741458","fromID":"1327422","toID":"1327418","formEdgeID":null},{"edgeID":"1741459","fromID":"1327413","toID":"1327423","formEdgeID":null},{"edgeID":"1741460","fromID":"1327423","toID":"1327419","formEdgeID":null},{"edgeID":"1741461","fromID":"1327406","toID":"1327424","formEdgeID":null},{"edgeID":"1741462","fromID":"1327424","toID":"1327412","formEdgeID":null},{"edgeID":"1741463","fromID":"1327417","toID":"1327425","formEdgeID":null},{"edgeID":"1741464","fromID":"1327425","toID":"1327424","formEdgeID":null},{"edgeID":"1741465","fromID":"1327412","toID":"1327426","formEdgeID":null},{"edgeID":"1741466","fromID":"1327426","toID":"1327350","formEdgeID":null},{"edgeID":"1741467","fromID":"1327351","toID":"1327427","formEdgeID":null},{"edgeID":"1741468","fromID":"1327427","toID":"1327413","formEdgeID":null},{"edgeID":"1741469","fromID":"1327427","toID":"1327428","formEdgeID":null},{"edgeID":"1741470","fromID":"1327428","toID":"1327426","formEdgeID":null},{"edgeID":"1741471","fromID":"1327312","toID":"1327429","formEdgeID":null},{"edgeID":"1741472","fromID":"1327429","toID":"1327304","formEdgeID":null},{"edgeID":"1741473","fromID":"1327317","toID":"1327430","formEdgeID":null},{"edgeID":"1741474","fromID":"1327430","toID":"1327429","formEdgeID":null},{"edgeID":"1741475","fromID":"1327318","toID":"1327431","formEdgeID":null},{"edgeID":"1741476","fromID":"1327431","toID":"1327304","formEdgeID":null},{"edgeID":"1741477","fromID":"1327323","toID":"1327432","formEdgeID":null},{"edgeID":"1741478","fromID":"1327432","toID":"1327431","formEdgeID":null},{"edgeID":"1741479","fromID":"1327361","toID":"1327433","formEdgeID":null},{"edgeID":"1741480","fromID":"1327433","toID":"1327340","formEdgeID":null},{"edgeID":"1741481","fromID":"1327341","toID":"1327434","formEdgeID":null},{"edgeID":"1741482","fromID":"1327434","toID":"1327362","formEdgeID":null},{"edgeID":"1741483","fromID":"1327434","toID":"1327435","formEdgeID":null},{"edgeID":"1741484","fromID":"1327435","toID":"1327433","formEdgeID":null},{"edgeID":"1741485","fromID":"1327341","toID":"1327436","formEdgeID":null},{"edgeID":"1741486","fromID":"1327436","toID":"1327413","formEdgeID":null},{"edgeID":"1741487","fromID":"1327340","toID":"1327437","formEdgeID":null},{"edgeID":"1741488","fromID":"1327437","toID":"1327412","formEdgeID":null},{"edgeID":"1741489","fromID":"1327436","toID":"1327438","formEdgeID":null},{"edgeID":"1741490","fromID":"1327438","toID":"1327437","formEdgeID":null}],"locutions":[]}