{"nodes":[{"nodeID":"1382114","text":"Fiona Bruce: What's the solution","type":"L","timestamp":"2023-11-09 14:56:33"},{"nodeID":"1382115","text":"Anon: Fiona Bruce: What's the solution","type":"L","timestamp":"2023-11-09 14:56:33"},{"nodeID":"1382116","text":"the solution is xxx","type":"I","timestamp":"2023-11-09 14:56:34"},{"nodeID":"1382117","text":"Analysing","type":"YA","timestamp":"2023-11-09 14:56:34"},{"nodeID":"1382118","text":"Pure Questioning","type":"YA","timestamp":"2023-11-09 14:56:34"},{"nodeID":"1382119","text":"you have to grow the economy through spreading economic development throughout the whole country","type":"I","timestamp":"2023-11-09 14:56:34"},{"nodeID":"1382120","text":"Ian Murray: through spreading economic development throughout the whole country","type":"L","timestamp":"2023-11-09 14:56:34"},{"nodeID":"1382121","text":"Analysing","type":"YA","timestamp":"2023-11-09 14:56:34"},{"nodeID":"1382122","text":"Anon: Ian Murray: through spreading economic development throughout the whole country","type":"L","timestamp":"2023-11-09 14:56:34"},{"nodeID":"1382123","text":"Asserting","type":"YA","timestamp":"2023-11-09 14:56:34"},{"nodeID":"1382124","text":"you have to grow the economy by dealing with the climate crisis","type":"I","timestamp":"2023-11-09 14:56:35"},{"nodeID":"1382125","text":"Ian Murray: by dealing with the climate crisis","type":"L","timestamp":"2023-11-09 14:56:35"},{"nodeID":"1382126","text":"Analysing","type":"YA","timestamp":"2023-11-09 14:56:35"},{"nodeID":"1382127","text":"Anon: Ian Murray: by dealing with the climate crisis","type":"L","timestamp":"2023-11-09 14:56:35"},{"nodeID":"1382128","text":"Asserting","type":"YA","timestamp":"2023-11-09 14:56:35"},{"nodeID":"1382129","text":"you have to grow the economy getting good high-quality jobs","type":"I","timestamp":"2023-11-09 14:56:35"},{"nodeID":"1382130","text":"Ian Murray: getting good high-quality jobs","type":"L","timestamp":"2023-11-09 14:56:35"},{"nodeID":"1382131","text":"Analysing","type":"YA","timestamp":"2023-11-09 14:56:35"},{"nodeID":"1382132","text":"Anon: Ian Murray: getting good high-quality jobs","type":"L","timestamp":"2023-11-09 14:56:35"},{"nodeID":"1382133","text":"Asserting","type":"YA","timestamp":"2023-11-09 14:56:35"},{"nodeID":"1382134","text":"the economic situation is a huge problem for this government","type":"I","timestamp":"2023-11-09 14:56:36"},{"nodeID":"1382135","text":"Ian Murray: It's a huge problem for this government","type":"L","timestamp":"2023-11-09 14:56:36"},{"nodeID":"1382136","text":"Analysing","type":"YA","timestamp":"2023-11-09 14:56:36"},{"nodeID":"1382137","text":"Anon: Ian Murray: It's a huge problem for this government","type":"L","timestamp":"2023-11-09 14:56:36"},{"nodeID":"1382138","text":"Asserting","type":"YA","timestamp":"2023-11-09 14:56:36"},{"nodeID":"1382139","text":"Default Transition","type":"TA","timestamp":"2023-11-09 14:56:36"},{"nodeID":"1382140","text":"the government just can't talk their way out of their economic situation","type":"I","timestamp":"2023-11-09 14:56:37"},{"nodeID":"1382141","text":"Ian Murray: they just can't talk their way out of it","type":"L","timestamp":"2023-11-09 14:56:37"},{"nodeID":"1382142","text":"Analysing","type":"YA","timestamp":"2023-11-09 14:56:37"},{"nodeID":"1382143","text":"Anon: Ian Murray: they just can't talk their way out of it","type":"L","timestamp":"2023-11-09 14:56:37"},{"nodeID":"1382144","text":"Asserting","type":"YA","timestamp":"2023-11-09 14:56:37"},{"nodeID":"1382145","text":"Default Transition","type":"TA","timestamp":"2023-11-09 14:56:37"},{"nodeID":"1382146","text":"Default Inference","type":"RA","timestamp":"2023-11-09 14:56:37"},{"nodeID":"1382147","text":"Arguing","type":"YA","timestamp":"2023-11-09 14:56:37"},{"nodeID":"1382148","text":"Shell today made eye-watering profits, driven by the energy crisis, paid by everybody in this room","type":"I","timestamp":"2023-11-09 14:56:37"},{"nodeID":"1382149","text":"Ian Murray: Shell today made eye-watering profits, driven by the energy crisis, paid by everybody in this room","type":"L","timestamp":"2023-11-09 14:56:37"},{"nodeID":"1382150","text":"Analysing","type":"YA","timestamp":"2023-11-09 14:56:37"},{"nodeID":"1382151","text":"Anon: Ian Murray: Shell today made eye-watering profits, driven by the energy crisis, paid by everybody in this room","type":"L","timestamp":"2023-11-09 14:56:37"},{"nodeID":"1382152","text":"Asserting","type":"YA","timestamp":"2023-11-09 14:56:37"},{"nodeID":"1382153","text":"Default Transition","type":"TA","timestamp":"2023-11-09 14:56:37"},{"nodeID":"1382154","text":"the government refuses to put in place a proper windfall tax","type":"I","timestamp":"2023-11-09 14:56:38"},{"nodeID":"1382155","text":"Ian Murray: the government refuses to put in place a proper windfall tax","type":"L","timestamp":"2023-11-09 14:56:38"},{"nodeID":"1382156","text":"Analysing","type":"YA","timestamp":"2023-11-09 14:56:38"},{"nodeID":"1382157","text":"Anon: Ian Murray: the government refuses to put in place a proper windfall tax","type":"L","timestamp":"2023-11-09 14:56:38"},{"nodeID":"1382158","text":"Asserting","type":"YA","timestamp":"2023-11-09 14:56:38"},{"nodeID":"1382159","text":"Default Transition","type":"TA","timestamp":"2023-11-09 14:56:38"},{"nodeID":"1382160","text":"John Lamont: That's not true","type":"L","timestamp":"2023-11-09 14:56:38"},{"nodeID":"1382161","text":"Analysing","type":"YA","timestamp":"2023-11-09 14:56:38"},{"nodeID":"1382162","text":"Anon: John Lamont: That's not true","type":"L","timestamp":"2023-11-09 14:56:38"},{"nodeID":"1382163","text":"Default Transition","type":"TA","timestamp":"2023-11-09 14:56:38"},{"nodeID":"1382164","text":"Disagreeing","type":"YA","timestamp":"2023-11-09 14:56:38"},{"nodeID":"1382165","text":"the solution is very simple","type":"I","timestamp":"2023-11-09 14:56:38"},{"nodeID":"1382166","text":"Ella Whelan: The solution is very simple","type":"L","timestamp":"2023-11-09 14:56:38"},{"nodeID":"1382167","text":"Analysing","type":"YA","timestamp":"2023-11-09 14:56:38"},{"nodeID":"1382168","text":"Anon: Ella Whelan: The solution is very simple","type":"L","timestamp":"2023-11-09 14:56:38"},{"nodeID":"1382169","text":"Asserting","type":"YA","timestamp":"2023-11-09 14:56:38"},{"nodeID":"1382170","text":"Default Rephrase","type":"MA","timestamp":"2023-11-09 14:56:38"},{"nodeID":"1382171","text":"Default Transition","type":"TA","timestamp":"2023-11-09 14:56:38"},{"nodeID":"1382172","text":"Restating","type":"YA","timestamp":"2023-11-09 14:56:38"},{"nodeID":"1382173","text":"the issue of this country's economy is lack of productivity","type":"I","timestamp":"2023-11-09 14:56:39"},{"nodeID":"1382174","text":"Ella Whelan: The issue of this country's economy is lack of productivity","type":"L","timestamp":"2023-11-09 14:56:39"},{"nodeID":"1382175","text":"Analysing","type":"YA","timestamp":"2023-11-09 14:56:39"},{"nodeID":"1382176","text":"Anon: Ella Whelan: The issue of this country's economy is lack of productivity","type":"L","timestamp":"2023-11-09 14:56:39"},{"nodeID":"1382177","text":"Asserting","type":"YA","timestamp":"2023-11-09 14:56:39"},{"nodeID":"1382178","text":"Default Transition","type":"TA","timestamp":"2023-11-09 14:56:39"},{"nodeID":"1382179","text":"the issue of this country's economy goes before the war in Ukraine","type":"I","timestamp":"2023-11-09 14:56:40"},{"nodeID":"1382180","text":"Ella Whelan: It goes before the war in Ukraine","type":"L","timestamp":"2023-11-09 14:56:40"},{"nodeID":"1382181","text":"Analysing","type":"YA","timestamp":"2023-11-09 14:56:40"},{"nodeID":"1382182","text":"Anon: Ella Whelan: It goes before the war in Ukraine","type":"L","timestamp":"2023-11-09 14:56:40"},{"nodeID":"1382183","text":"Asserting","type":"YA","timestamp":"2023-11-09 14:56:40"},{"nodeID":"1382184","text":"Default Transition","type":"TA","timestamp":"2023-11-09 14:56:40"},{"nodeID":"1382185","text":"Default Rephrase","type":"MA","timestamp":"2023-11-09 14:56:40"},{"nodeID":"1382186","text":"Restating","type":"YA","timestamp":"2023-11-09 14:56:40"},{"nodeID":"1382187","text":"politicians are very fond of pointing towards the war in Ukraine when asked who is to blame or what the solution is to fix the economy","type":"I","timestamp":"2023-11-09 14:56:40"},{"nodeID":"1382188","text":"Ella Whelan: Politicians are very fond of pointing that way when asked who is to blame or what the solution is to fix the economy","type":"L","timestamp":"2023-11-09 14:56:40"},{"nodeID":"1382189","text":"Analysing","type":"YA","timestamp":"2023-11-09 14:56:40"},{"nodeID":"1382190","text":"Anon: Ella Whelan: Politicians are very fond of pointing that way when asked who is to blame or what the solution is to fix the economy","type":"L","timestamp":"2023-11-09 14:56:40"},{"nodeID":"1382191","text":"Asserting","type":"YA","timestamp":"2023-11-09 14:56:40"},{"nodeID":"1382192","text":"Default Transition","type":"TA","timestamp":"2023-11-09 14:56:40"},{"nodeID":"1382193","text":"Default Rephrase","type":"MA","timestamp":"2023-11-09 14:56:40"},{"nodeID":"1382194","text":"Restating","type":"YA","timestamp":"2023-11-09 14:56:40"},{"nodeID":"1382195","text":"the Conservatives have been in power for 13 years","type":"I","timestamp":"2023-11-09 14:56:41"},{"nodeID":"1382196","text":"Ian Murray: They have been in power for 13 years","type":"L","timestamp":"2023-11-09 14:56:41"},{"nodeID":"1382197","text":"Analysing","type":"YA","timestamp":"2023-11-09 14:56:41"},{"nodeID":"1382198","text":"Anon: Ian Murray: They have been in power for 13 years","type":"L","timestamp":"2023-11-09 14:56:41"},{"nodeID":"1382199","text":"Asserting","type":"YA","timestamp":"2023-11-09 14:56:41"},{"nodeID":"1382200","text":"Default Transition","type":"TA","timestamp":"2023-11-09 14:56:41"},{"nodeID":"1382201","text":"the Conservatives have, in someone like Liz Truss, made the sounds that you might find acceptable in terms of using the word \"growth\"","type":"I","timestamp":"2023-11-09 14:56:41"},{"nodeID":"1382202","text":"Ella Whelan: The Conservatives have, in someone like Liz Truss, made the sounds that you might find acceptable in terms of using the word \"growth\"","type":"L","timestamp":"2023-11-09 14:56:41"},{"nodeID":"1382203","text":"Analysing","type":"YA","timestamp":"2023-11-09 14:56:41"},{"nodeID":"1382204","text":"Anon: Ella Whelan: The Conservatives have, in someone like Liz Truss, made the sounds that you might find acceptable in terms of using the word \"growth\"","type":"L","timestamp":"2023-11-09 14:56:41"},{"nodeID":"1382205","text":"Asserting","type":"YA","timestamp":"2023-11-09 14:56:41"},{"nodeID":"1382206","text":"Default Transition","type":"TA","timestamp":"2023-11-09 14:56:41"},{"nodeID":"1382207","text":"there's nothing substantial in the basis of the proclamation of growth","type":"I","timestamp":"2023-11-09 14:56:42"},{"nodeID":"1382208","text":"Ella Whelan: there's nothing substantial in the basis of that kind of proclamation","type":"L","timestamp":"2023-11-09 14:56:42"},{"nodeID":"1382209","text":"Analysing","type":"YA","timestamp":"2023-11-09 14:56:42"},{"nodeID":"1382210","text":"Anon: Ella Whelan: there's nothing substantial in the basis of that kind of proclamation","type":"L","timestamp":"2023-11-09 14:56:42"},{"nodeID":"1382211","text":"Asserting","type":"YA","timestamp":"2023-11-09 14:56:42"},{"nodeID":"1382212","text":"Default Transition","type":"TA","timestamp":"2023-11-09 14:56:42"},{"nodeID":"1382213","text":"the Conservative Party at the moment is just obsessed with tax -- not paying it, maybe paying a little bit more","type":"I","timestamp":"2023-11-09 14:56:43"},{"nodeID":"1382214","text":"Ella Whelan: The Conservative Party at the moment is just obsessed with tax -- not paying it, maybe paying a little bit more","type":"L","timestamp":"2023-11-09 14:56:43"},{"nodeID":"1382215","text":"Analysing","type":"YA","timestamp":"2023-11-09 14:56:43"},{"nodeID":"1382216","text":"Anon: Ella Whelan: The Conservative Party at the moment is just obsessed with tax -- not paying it, maybe paying a little bit more","type":"L","timestamp":"2023-11-09 14:56:43"},{"nodeID":"1382217","text":"Asserting","type":"YA","timestamp":"2023-11-09 14:56:43"},{"nodeID":"1382218","text":"Default Transition","type":"TA","timestamp":"2023-11-09 14:56:43"},{"nodeID":"1382219","text":"Default Conflict","type":"CA","timestamp":"2023-11-09 14:56:43"},{"nodeID":"1382220","text":"Disagreeing","type":"YA","timestamp":"2023-11-09 14:56:43"},{"nodeID":"1382221","text":"you have to grow the economy","type":"I","timestamp":"2023-11-09 14:56:43"},{"nodeID":"1382222","text":"Ian Murray: You have to grow the economy","type":"L","timestamp":"2023-11-09 14:56:43"},{"nodeID":"1382223","text":"Analysing","type":"YA","timestamp":"2023-11-09 14:56:43"},{"nodeID":"1382224","text":"Anon: Ian Murray: You have to grow the economy","type":"L","timestamp":"2023-11-09 14:56:43"},{"nodeID":"1382225","text":"Asserting","type":"YA","timestamp":"2023-11-09 14:56:43"},{"nodeID":"1382226","text":"Default Transition","type":"TA","timestamp":"2023-11-09 14:56:43"},{"nodeID":"1382227","text":"Default Rephrase","type":"MA","timestamp":"2023-11-09 14:56:43"},{"nodeID":"1382228","text":"Default Illocuting","type":"YA","timestamp":"2023-11-09 14:56:43"},{"nodeID":"1382229","text":"you have to grow the economy through trade","type":"I","timestamp":"2023-11-09 14:56:44"},{"nodeID":"1382230","text":"Ian Murray: through trade","type":"L","timestamp":"2023-11-09 14:56:44"},{"nodeID":"1382231","text":"Analysing","type":"YA","timestamp":"2023-11-09 14:56:44"},{"nodeID":"1382232","text":"Anon: Ian Murray: through trade","type":"L","timestamp":"2023-11-09 14:56:44"},{"nodeID":"1382233","text":"Asserting","type":"YA","timestamp":"2023-11-09 14:56:44"},{"nodeID":"1382234","text":"Default Rephrase","type":"MA","timestamp":"2023-11-09 14:56:44"},{"nodeID":"1382235","text":"Default Transition","type":"TA","timestamp":"2023-11-09 14:56:44"},{"nodeID":"1382236","text":"Restating","type":"YA","timestamp":"2023-11-09 14:56:44"},{"nodeID":"1382237","text":"Default Rephrase","type":"MA","timestamp":"2023-11-09 14:56:44"},{"nodeID":"1382238","text":"Default Transition","type":"TA","timestamp":"2023-11-09 14:56:44"},{"nodeID":"1382239","text":"Restating","type":"YA","timestamp":"2023-11-09 14:56:44"},{"nodeID":"1382240","text":"Default Transition","type":"TA","timestamp":"2023-11-09 14:56:44"},{"nodeID":"1382241","text":"Default Rephrase","type":"MA","timestamp":"2023-11-09 14:56:44"},{"nodeID":"1382242","text":"Restating","type":"YA","timestamp":"2023-11-09 14:56:44"},{"nodeID":"1382243","text":"Default Rephrase","type":"MA","timestamp":"2023-11-09 14:56:44"},{"nodeID":"1382244","text":"Default Transition","type":"TA","timestamp":"2023-11-09 14:56:44"},{"nodeID":"1382245","text":"Restating","type":"YA","timestamp":"2023-11-09 14:56:44"},{"nodeID":"1382246","text":"Default Conflict","type":"CA","timestamp":"2023-11-09 14:56:44"},{"nodeID":"1382247","text":"Disagreeing","type":"YA","timestamp":"2023-11-09 14:56:44"}],"edges":[{"edgeID":"1806450","fromID":"1382117","toID":"1382114","formEdgeID":null},{"edgeID":"1806451","fromID":"1382118","toID":"1382116","formEdgeID":null},{"edgeID":"1806452","fromID":"1382114","toID":"1382118","formEdgeID":null},{"edgeID":"1806453","fromID":"1382115","toID":"1382117","formEdgeID":null},{"edgeID":"1806454","fromID":"1382121","toID":"1382120","formEdgeID":null},{"edgeID":"1806455","fromID":"1382122","toID":"1382121","formEdgeID":null},{"edgeID":"1806456","fromID":"1382120","toID":"1382123","formEdgeID":null},{"edgeID":"1806457","fromID":"1382123","toID":"1382119","formEdgeID":null},{"edgeID":"1806458","fromID":"1382126","toID":"1382125","formEdgeID":null},{"edgeID":"1806459","fromID":"1382127","toID":"1382126","formEdgeID":null},{"edgeID":"1806460","fromID":"1382125","toID":"1382128","formEdgeID":null},{"edgeID":"1806461","fromID":"1382128","toID":"1382124","formEdgeID":null},{"edgeID":"1806462","fromID":"1382131","toID":"1382130","formEdgeID":null},{"edgeID":"1806463","fromID":"1382132","toID":"1382131","formEdgeID":null},{"edgeID":"1806464","fromID":"1382130","toID":"1382133","formEdgeID":null},{"edgeID":"1806465","fromID":"1382133","toID":"1382129","formEdgeID":null},{"edgeID":"1806466","fromID":"1382136","toID":"1382135","formEdgeID":null},{"edgeID":"1806467","fromID":"1382137","toID":"1382136","formEdgeID":null},{"edgeID":"1806468","fromID":"1382135","toID":"1382138","formEdgeID":null},{"edgeID":"1806469","fromID":"1382138","toID":"1382134","formEdgeID":null},{"edgeID":"1806470","fromID":"1382130","toID":"1382139","formEdgeID":null},{"edgeID":"1806471","fromID":"1382139","toID":"1382135","formEdgeID":null},{"edgeID":"1806472","fromID":"1382142","toID":"1382141","formEdgeID":null},{"edgeID":"1806473","fromID":"1382143","toID":"1382142","formEdgeID":null},{"edgeID":"1806474","fromID":"1382141","toID":"1382144","formEdgeID":null},{"edgeID":"1806475","fromID":"1382144","toID":"1382140","formEdgeID":null},{"edgeID":"1806476","fromID":"1382135","toID":"1382145","formEdgeID":null},{"edgeID":"1806477","fromID":"1382145","toID":"1382141","formEdgeID":null},{"edgeID":"1806478","fromID":"1382134","toID":"1382146","formEdgeID":null},{"edgeID":"1806479","fromID":"1382146","toID":"1382140","formEdgeID":null},{"edgeID":"1806480","fromID":"1382145","toID":"1382147","formEdgeID":null},{"edgeID":"1806481","fromID":"1382147","toID":"1382146","formEdgeID":null},{"edgeID":"1806482","fromID":"1382150","toID":"1382149","formEdgeID":null},{"edgeID":"1806483","fromID":"1382151","toID":"1382150","formEdgeID":null},{"edgeID":"1806484","fromID":"1382149","toID":"1382152","formEdgeID":null},{"edgeID":"1806485","fromID":"1382152","toID":"1382148","formEdgeID":null},{"edgeID":"1806486","fromID":"1382141","toID":"1382153","formEdgeID":null},{"edgeID":"1806487","fromID":"1382153","toID":"1382149","formEdgeID":null},{"edgeID":"1806488","fromID":"1382156","toID":"1382155","formEdgeID":null},{"edgeID":"1806489","fromID":"1382157","toID":"1382156","formEdgeID":null},{"edgeID":"1806490","fromID":"1382155","toID":"1382158","formEdgeID":null},{"edgeID":"1806491","fromID":"1382158","toID":"1382154","formEdgeID":null},{"edgeID":"1806492","fromID":"1382149","toID":"1382159","formEdgeID":null},{"edgeID":"1806493","fromID":"1382159","toID":"1382155","formEdgeID":null},{"edgeID":"1806494","fromID":"1382161","toID":"1382160","formEdgeID":null},{"edgeID":"1806495","fromID":"1382162","toID":"1382161","formEdgeID":null},{"edgeID":"1806496","fromID":"1382155","toID":"1382163","formEdgeID":null},{"edgeID":"1806497","fromID":"1382163","toID":"1382160","formEdgeID":null},{"edgeID":"1806498","fromID":"1382163","toID":"1382164","formEdgeID":null},{"edgeID":"1806499","fromID":"1382164","toID":"1382154","formEdgeID":null},{"edgeID":"1806500","fromID":"1382167","toID":"1382166","formEdgeID":null},{"edgeID":"1806501","fromID":"1382168","toID":"1382167","formEdgeID":null},{"edgeID":"1806502","fromID":"1382166","toID":"1382169","formEdgeID":null},{"edgeID":"1806503","fromID":"1382169","toID":"1382165","formEdgeID":null},{"edgeID":"1806504","fromID":"1382165","toID":"1382170","formEdgeID":null},{"edgeID":"1806505","fromID":"1382170","toID":"1382116","formEdgeID":null},{"edgeID":"1806506","fromID":"1382114","toID":"1382171","formEdgeID":null},{"edgeID":"1806507","fromID":"1382171","toID":"1382166","formEdgeID":null},{"edgeID":"1806508","fromID":"1382172","toID":"1382170","formEdgeID":null},{"edgeID":"1806509","fromID":"1382171","toID":"1382172","formEdgeID":null},{"edgeID":"1806510","fromID":"1382175","toID":"1382174","formEdgeID":null},{"edgeID":"1806511","fromID":"1382176","toID":"1382175","formEdgeID":null},{"edgeID":"1806512","fromID":"1382174","toID":"1382177","formEdgeID":null},{"edgeID":"1806513","fromID":"1382177","toID":"1382173","formEdgeID":null},{"edgeID":"1806514","fromID":"1382166","toID":"1382178","formEdgeID":null},{"edgeID":"1806515","fromID":"1382178","toID":"1382174","formEdgeID":null},{"edgeID":"1806516","fromID":"1382181","toID":"1382180","formEdgeID":null},{"edgeID":"1806517","fromID":"1382182","toID":"1382181","formEdgeID":null},{"edgeID":"1806518","fromID":"1382180","toID":"1382183","formEdgeID":null},{"edgeID":"1806519","fromID":"1382183","toID":"1382179","formEdgeID":null},{"edgeID":"1806520","fromID":"1382174","toID":"1382184","formEdgeID":null},{"edgeID":"1806521","fromID":"1382184","toID":"1382180","formEdgeID":null},{"edgeID":"1806522","fromID":"1382179","toID":"1382185","formEdgeID":null},{"edgeID":"1806523","fromID":"1382185","toID":"1382173","formEdgeID":null},{"edgeID":"1806524","fromID":"1382184","toID":"1382186","formEdgeID":null},{"edgeID":"1806525","fromID":"1382186","toID":"1382185","formEdgeID":null},{"edgeID":"1806526","fromID":"1382189","toID":"1382188","formEdgeID":null},{"edgeID":"1806527","fromID":"1382190","toID":"1382189","formEdgeID":null},{"edgeID":"1806528","fromID":"1382188","toID":"1382191","formEdgeID":null},{"edgeID":"1806529","fromID":"1382191","toID":"1382187","formEdgeID":null},{"edgeID":"1806530","fromID":"1382180","toID":"1382192","formEdgeID":null},{"edgeID":"1806531","fromID":"1382192","toID":"1382188","formEdgeID":null},{"edgeID":"1806532","fromID":"1382187","toID":"1382193","formEdgeID":null},{"edgeID":"1806533","fromID":"1382193","toID":"1382179","formEdgeID":null},{"edgeID":"1806534","fromID":"1382192","toID":"1382194","formEdgeID":null},{"edgeID":"1806535","fromID":"1382194","toID":"1382193","formEdgeID":null},{"edgeID":"1806536","fromID":"1382197","toID":"1382196","formEdgeID":null},{"edgeID":"1806537","fromID":"1382198","toID":"1382197","formEdgeID":null},{"edgeID":"1806538","fromID":"1382196","toID":"1382199","formEdgeID":null},{"edgeID":"1806539","fromID":"1382199","toID":"1382195","formEdgeID":null},{"edgeID":"1806540","fromID":"1382188","toID":"1382200","formEdgeID":null},{"edgeID":"1806541","fromID":"1382200","toID":"1382196","formEdgeID":null},{"edgeID":"1806542","fromID":"1382203","toID":"1382202","formEdgeID":null},{"edgeID":"1806543","fromID":"1382204","toID":"1382203","formEdgeID":null},{"edgeID":"1806544","fromID":"1382202","toID":"1382205","formEdgeID":null},{"edgeID":"1806545","fromID":"1382205","toID":"1382201","formEdgeID":null},{"edgeID":"1806546","fromID":"1382196","toID":"1382206","formEdgeID":null},{"edgeID":"1806547","fromID":"1382206","toID":"1382202","formEdgeID":null},{"edgeID":"1806548","fromID":"1382209","toID":"1382208","formEdgeID":null},{"edgeID":"1806549","fromID":"1382210","toID":"1382209","formEdgeID":null},{"edgeID":"1806550","fromID":"1382208","toID":"1382211","formEdgeID":null},{"edgeID":"1806551","fromID":"1382211","toID":"1382207","formEdgeID":null},{"edgeID":"1806552","fromID":"1382202","toID":"1382212","formEdgeID":null},{"edgeID":"1806553","fromID":"1382212","toID":"1382208","formEdgeID":null},{"edgeID":"1806554","fromID":"1382215","toID":"1382214","formEdgeID":null},{"edgeID":"1806555","fromID":"1382216","toID":"1382215","formEdgeID":null},{"edgeID":"1806556","fromID":"1382214","toID":"1382217","formEdgeID":null},{"edgeID":"1806557","fromID":"1382217","toID":"1382213","formEdgeID":null},{"edgeID":"1806558","fromID":"1382208","toID":"1382218","formEdgeID":null},{"edgeID":"1806559","fromID":"1382218","toID":"1382214","formEdgeID":null},{"edgeID":"1806560","fromID":"1382207","toID":"1382219","formEdgeID":null},{"edgeID":"1806561","fromID":"1382219","toID":"1382201","formEdgeID":null},{"edgeID":"1806562","fromID":"1382212","toID":"1382220","formEdgeID":null},{"edgeID":"1806563","fromID":"1382220","toID":"1382219","formEdgeID":null},{"edgeID":"1806564","fromID":"1382223","toID":"1382222","formEdgeID":null},{"edgeID":"1806565","fromID":"1382224","toID":"1382223","formEdgeID":null},{"edgeID":"1806566","fromID":"1382222","toID":"1382225","formEdgeID":null},{"edgeID":"1806567","fromID":"1382225","toID":"1382221","formEdgeID":null},{"edgeID":"1806568","fromID":"1382114","toID":"1382226","formEdgeID":null},{"edgeID":"1806569","fromID":"1382226","toID":"1382222","formEdgeID":null},{"edgeID":"1806570","fromID":"1382221","toID":"1382227","formEdgeID":null},{"edgeID":"1806571","fromID":"1382227","toID":"1382116","formEdgeID":null},{"edgeID":"1806572","fromID":"1382226","toID":"1382228","formEdgeID":null},{"edgeID":"1806573","fromID":"1382228","toID":"1382227","formEdgeID":null},{"edgeID":"1806574","fromID":"1382231","toID":"1382230","formEdgeID":null},{"edgeID":"1806575","fromID":"1382232","toID":"1382231","formEdgeID":null},{"edgeID":"1806576","fromID":"1382230","toID":"1382233","formEdgeID":null},{"edgeID":"1806577","fromID":"1382233","toID":"1382229","formEdgeID":null},{"edgeID":"1806578","fromID":"1382229","toID":"1382234","formEdgeID":null},{"edgeID":"1806579","fromID":"1382234","toID":"1382221","formEdgeID":null},{"edgeID":"1806580","fromID":"1382222","toID":"1382235","formEdgeID":null},{"edgeID":"1806581","fromID":"1382235","toID":"1382230","formEdgeID":null},{"edgeID":"1806582","fromID":"1382235","toID":"1382236","formEdgeID":null},{"edgeID":"1806583","fromID":"1382236","toID":"1382234","formEdgeID":null},{"edgeID":"1806584","fromID":"1382119","toID":"1382237","formEdgeID":null},{"edgeID":"1806585","fromID":"1382237","toID":"1382221","formEdgeID":null},{"edgeID":"1806586","fromID":"1382238","toID":"1382120","formEdgeID":null},{"edgeID":"1806587","fromID":"1382222","toID":"1382238","formEdgeID":null},{"edgeID":"1806588","fromID":"1382238","toID":"1382239","formEdgeID":null},{"edgeID":"1806589","fromID":"1382239","toID":"1382237","formEdgeID":null},{"edgeID":"1806590","fromID":"1382222","toID":"1382240","formEdgeID":null},{"edgeID":"1806591","fromID":"1382240","toID":"1382125","formEdgeID":null},{"edgeID":"1806592","fromID":"1382124","toID":"1382241","formEdgeID":null},{"edgeID":"1806593","fromID":"1382241","toID":"1382221","formEdgeID":null},{"edgeID":"1806594","fromID":"1382240","toID":"1382242","formEdgeID":null},{"edgeID":"1806595","fromID":"1382242","toID":"1382241","formEdgeID":null},{"edgeID":"1806596","fromID":"1382129","toID":"1382243","formEdgeID":null},{"edgeID":"1806597","fromID":"1382243","toID":"1382221","formEdgeID":null},{"edgeID":"1806598","fromID":"1382222","toID":"1382244","formEdgeID":null},{"edgeID":"1806599","fromID":"1382244","toID":"1382130","formEdgeID":null},{"edgeID":"1806600","fromID":"1382244","toID":"1382245","formEdgeID":null},{"edgeID":"1806601","fromID":"1382245","toID":"1382243","formEdgeID":null},{"edgeID":"1806602","fromID":"1382154","toID":"1382246","formEdgeID":null},{"edgeID":"1806603","fromID":"1382246","toID":"1382148","formEdgeID":null},{"edgeID":"1806604","fromID":"1382159","toID":"1382247","formEdgeID":null},{"edgeID":"1806605","fromID":"1382247","toID":"1382246","formEdgeID":null}],"locutions":[]}