{"nodes":[{"nodeID":"1367402","text":"there's no discussion about investment","type":"I","timestamp":"2023-11-09 14:35:53"},{"nodeID":"1367403","text":"Ella Whelan: there's no discussion about investment","type":"L","timestamp":"2023-11-09 14:35:53"},{"nodeID":"1367404","text":"Analysing","type":"YA","timestamp":"2023-11-09 14:35:53"},{"nodeID":"1367405","text":"Lara: Ella Whelan: there's no discussion about investment","type":"L","timestamp":"2023-11-09 14:35:53"},{"nodeID":"1367406","text":"Asserting","type":"YA","timestamp":"2023-11-09 14:35:53"},{"nodeID":"1367407","text":"the Labour Party is at fault here","type":"I","timestamp":"2023-11-09 14:35:53"},{"nodeID":"1367408","text":"Ella Whelan: the Labour Party is at fault here","type":"L","timestamp":"2023-11-09 14:35:53"},{"nodeID":"1367409","text":"Analysing","type":"YA","timestamp":"2023-11-09 14:35:53"},{"nodeID":"1367410","text":"Lara: Ella Whelan: the Labour Party is at fault here","type":"L","timestamp":"2023-11-09 14:35:53"},{"nodeID":"1367411","text":"Asserting","type":"YA","timestamp":"2023-11-09 14:35:53"},{"nodeID":"1367412","text":"Ella Whelan was listening to Ed Milleband on the radio this morning","type":"I","timestamp":"2023-11-09 14:35:54"},{"nodeID":"1367413","text":"Ella Whelan: I was listening to Ed Milleband on the radio this morning","type":"L","timestamp":"2023-11-09 14:35:54"},{"nodeID":"1367414","text":"Analysing","type":"YA","timestamp":"2023-11-09 14:35:54"},{"nodeID":"1367415","text":"Lara: Ella Whelan: I was listening to Ed Milleband on the radio this morning","type":"L","timestamp":"2023-11-09 14:35:54"},{"nodeID":"1367416","text":"Asserting","type":"YA","timestamp":"2023-11-09 14:35:54"},{"nodeID":"1367417","text":"Ella Whelan: talking about the fact that the solution to the energy crisis is to not invest in any kind of new exploration in North Sea Oil","type":"L","timestamp":"2023-11-09 14:35:54"},{"nodeID":"1367418","text":"Analysing","type":"YA","timestamp":"2023-11-09 14:35:54"},{"nodeID":"1367419","text":"Lara: Ella Whelan: talking about the fact that the solution to the energy crisis is to not invest in any kind of new exploration in North Sea Oil","type":"L","timestamp":"2023-11-09 14:35:54"},{"nodeID":"1367420","text":"the solution to the energy crisis is to not invest in any kind of new exploration in North Sea Oil","type":"I","timestamp":"2023-11-09 14:35:54"},{"nodeID":"1367421","text":"Ed Milleband: the solution to the energy crisis is to not invest in any kind of new exploration in North Sea Oil","type":"L","timestamp":"2023-11-09 14:35:54"},{"nodeID":"1367422","text":"Analysing","type":"YA","timestamp":"2023-11-09 14:35:54"},{"nodeID":"1367423","text":"Lara: Ed Milleband: the solution to the energy crisis is to not invest in any kind of new exploration in North Sea Oil","type":"L","timestamp":"2023-11-09 14:35:54"},{"nodeID":"1367424","text":"Asserting","type":"YA","timestamp":"2023-11-09 14:35:54"},{"nodeID":"1367425","text":"Asserting","type":"YA","timestamp":"2023-11-09 14:35:54"},{"nodeID":"1367426","text":"anyone can tell you that wind turbines and solar panels are not going to keep us warm","type":"I","timestamp":"2023-11-09 14:35:55"},{"nodeID":"1367427","text":"Ella Whelan: anyone can tell you that wind turbines and solar panels are not going to keep us warm","type":"L","timestamp":"2023-11-09 14:35:55"},{"nodeID":"1367428","text":"Analysing","type":"YA","timestamp":"2023-11-09 14:35:55"},{"nodeID":"1367429","text":"Lara: Ella Whelan: anyone can tell you that wind turbines and solar panels are not going to keep us warm","type":"L","timestamp":"2023-11-09 14:35:55"},{"nodeID":"1367430","text":"Asserting","type":"YA","timestamp":"2023-11-09 14:35:55"},{"nodeID":"1367431","text":"wind turbines and solar panels are not going to keep our taps running throughout this winter","type":"I","timestamp":"2023-11-09 14:35:56"},{"nodeID":"1367432","text":"Ella Whelan: are not going to keep our taps running throughout this winter","type":"L","timestamp":"2023-11-09 14:35:56"},{"nodeID":"1367433","text":"Analysing","type":"YA","timestamp":"2023-11-09 14:35:56"},{"nodeID":"1367434","text":"Lara: Ella Whelan: are not going to keep our taps running throughout this winter","type":"L","timestamp":"2023-11-09 14:35:56"},{"nodeID":"1367435","text":"Asserting","type":"YA","timestamp":"2023-11-09 14:35:56"},{"nodeID":"1367436","text":"there's a lack of ambition in all political parties","type":"I","timestamp":"2023-11-09 14:35:56"},{"nodeID":"1367437","text":"Ella Whelan: There's a lack of ambition in all political parties","type":"L","timestamp":"2023-11-09 14:35:56"},{"nodeID":"1367438","text":"Analysing","type":"YA","timestamp":"2023-11-09 14:35:56"},{"nodeID":"1367439","text":"Lara: Ella Whelan: There's a lack of ambition in all political parties","type":"L","timestamp":"2023-11-09 14:35:56"},{"nodeID":"1367440","text":"Asserting","type":"YA","timestamp":"2023-11-09 14:35:56"},{"nodeID":"1367441","text":"there's particularly a lack of ambition in the Conservatives at the moment","type":"I","timestamp":"2023-11-09 14:35:57"},{"nodeID":"1367442","text":"Ella Whelan:  particularly the Conservatives at the moment","type":"L","timestamp":"2023-11-09 14:35:57"},{"nodeID":"1367443","text":"Analysing","type":"YA","timestamp":"2023-11-09 14:35:57"},{"nodeID":"1367444","text":"Lara: Ella Whelan:  particularly the Conservatives at the moment","type":"L","timestamp":"2023-11-09 14:35:57"},{"nodeID":"1367445","text":"Asserting","type":"YA","timestamp":"2023-11-09 14:35:57"},{"nodeID":"1367446","text":"there's a lack of foresight in the Conservative Party","type":"I","timestamp":"2023-11-09 14:35:57"},{"nodeID":"1367447","text":"Ella Whelan: There's a lack of foresight","type":"L","timestamp":"2023-11-09 14:35:57"},{"nodeID":"1367448","text":"Analysing","type":"YA","timestamp":"2023-11-09 14:35:57"},{"nodeID":"1367449","text":"Lara: Ella Whelan: There's a lack of foresight","type":"L","timestamp":"2023-11-09 14:35:57"},{"nodeID":"1367450","text":"Asserting","type":"YA","timestamp":"2023-11-09 14:35:57"},{"nodeID":"1367451","text":"at the start of this programme we talked about where is the money going to come from","type":"I","timestamp":"2023-11-09 14:35:58"},{"nodeID":"1367452","text":"Ella Whelan: at the start of this programme we talked about where is the money going to come from","type":"L","timestamp":"2023-11-09 14:35:58"},{"nodeID":"1367453","text":"Analysing","type":"YA","timestamp":"2023-11-09 14:35:58"},{"nodeID":"1367454","text":"Lara: Ella Whelan: at the start of this programme we talked about where is the money going to come from","type":"L","timestamp":"2023-11-09 14:35:58"},{"nodeID":"1367455","text":"Asserting","type":"YA","timestamp":"2023-11-09 14:35:58"},{"nodeID":"1367456","text":"striking workers can't ask for money","type":"I","timestamp":"2023-11-09 14:35:59"},{"nodeID":"1367457","text":"Ella Whelan: How can striking workers ask for money","type":"L","timestamp":"2023-11-09 14:35:59"},{"nodeID":"1367458","text":"Analysing","type":"YA","timestamp":"2023-11-09 14:35:59"},{"nodeID":"1367459","text":"Lara: Ella Whelan: How can striking workers ask for money","type":"L","timestamp":"2023-11-09 14:35:59"},{"nodeID":"1367460","text":"Rhetorical Questioning","type":"YA","timestamp":"2023-11-09 14:35:59"},{"nodeID":"1367461","text":"the money for striking workers is going to come from xxx","type":"I","timestamp":"2023-11-09 14:35:59"},{"nodeID":"1367462","text":"Ella Whelan: where is it going to come from","type":"L","timestamp":"2023-11-09 14:35:59"},{"nodeID":"1367463","text":"Analysing","type":"YA","timestamp":"2023-11-09 14:35:59"},{"nodeID":"1367464","text":"Lara: Ella Whelan: where is it going to come from","type":"L","timestamp":"2023-11-09 14:35:59"},{"nodeID":"1367465","text":"Pure Questioning","type":"YA","timestamp":"2023-11-09 14:35:59"},{"nodeID":"1367466","text":"the money for striking workers could come from a country and government that was dedicated to conditions of all its citizens","type":"I","timestamp":"2023-11-09 14:36:00"},{"nodeID":"1367467","text":"Ella Whelan: It could come from a country and governme that was dedicated to conditions of all its citizens","type":"L","timestamp":"2023-11-09 14:36:00"},{"nodeID":"1367468","text":"Analysing","type":"YA","timestamp":"2023-11-09 14:36:00"},{"nodeID":"1367469","text":"Lara: Ella Whelan: It could come from a country and governme that was dedicated to conditions of all its citizens","type":"L","timestamp":"2023-11-09 14:36:00"},{"nodeID":"1367470","text":"Asserting","type":"YA","timestamp":"2023-11-09 14:36:00"},{"nodeID":"1367471","text":"Default Transition","type":"TA","timestamp":"2023-11-09 14:36:00"},{"nodeID":"1367472","text":"Default Transition","type":"TA","timestamp":"2023-11-09 14:36:00"},{"nodeID":"1367473","text":"Default Transition","type":"TA","timestamp":"2023-11-09 14:36:00"},{"nodeID":"1367474","text":"Default Rephrase","type":"MA","timestamp":"2023-11-09 14:36:00"},{"nodeID":"1367475","text":"Restating","type":"YA","timestamp":"2023-11-09 14:36:00"},{"nodeID":"1367476","text":"Default Transition","type":"TA","timestamp":"2023-11-09 14:36:00"},{"nodeID":"1367477","text":"Default Transition","type":"TA","timestamp":"2023-11-09 14:36:00"},{"nodeID":"1367478","text":"Default Rephrase","type":"MA","timestamp":"2023-11-09 14:36:00"},{"nodeID":"1367479","text":"Restating","type":"YA","timestamp":"2023-11-09 14:36:00"},{"nodeID":"1367480","text":"Default Transition","type":"TA","timestamp":"2023-11-09 14:36:00"},{"nodeID":"1367481","text":"Default Rephrase","type":"MA","timestamp":"2023-11-09 14:36:00"},{"nodeID":"1367482","text":"Restating","type":"YA","timestamp":"2023-11-09 14:36:00"},{"nodeID":"1367483","text":"Default Transition","type":"TA","timestamp":"2023-11-09 14:36:00"},{"nodeID":"1367484","text":"Default Transition","type":"TA","timestamp":"2023-11-09 14:36:00"},{"nodeID":"1367485","text":"Default Transition","type":"TA","timestamp":"2023-11-09 14:36:00"},{"nodeID":"1367486","text":"Default Inference","type":"RA","timestamp":"2023-11-09 14:36:00"},{"nodeID":"1367487","text":"Arguing","type":"YA","timestamp":"2023-11-09 14:36:00"},{"nodeID":"1367488","text":"Default Transition","type":"TA","timestamp":"2023-11-09 14:36:00"},{"nodeID":"1367489","text":"Default Rephrase","type":"MA","timestamp":"2023-11-09 14:36:00"},{"nodeID":"1367490","text":"Default Illocuting","type":"YA","timestamp":"2023-11-09 14:36:00"},{"nodeID":"1367491","text":"Default Transition","type":"TA","timestamp":"2023-11-09 14:36:00"},{"nodeID":"1367492","text":"Default Rephrase","type":"MA","timestamp":"2023-11-09 14:36:00"},{"nodeID":"1367493","text":"Restating","type":"YA","timestamp":"2023-11-09 14:36:00"},{"nodeID":"1367494","text":"Default Transition","type":"TA","timestamp":"2023-11-09 14:36:00"},{"nodeID":"1367495","text":"Default Inference","type":"RA","timestamp":"2023-11-09 14:36:00"},{"nodeID":"1367496","text":"Default Transition","type":"TA","timestamp":"2023-11-09 14:36:00"},{"nodeID":"1367497","text":"Arguing","type":"YA","timestamp":"2023-11-09 14:36:00"}],"edges":[{"edgeID":"1789065","fromID":"1367404","toID":"1367403","formEdgeID":null},{"edgeID":"1789066","fromID":"1367405","toID":"1367404","formEdgeID":null},{"edgeID":"1789067","fromID":"1367403","toID":"1367406","formEdgeID":null},{"edgeID":"1789068","fromID":"1367406","toID":"1367402","formEdgeID":null},{"edgeID":"1789069","fromID":"1367409","toID":"1367408","formEdgeID":null},{"edgeID":"1789070","fromID":"1367410","toID":"1367409","formEdgeID":null},{"edgeID":"1789071","fromID":"1367408","toID":"1367411","formEdgeID":null},{"edgeID":"1789072","fromID":"1367411","toID":"1367407","formEdgeID":null},{"edgeID":"1789073","fromID":"1367414","toID":"1367413","formEdgeID":null},{"edgeID":"1789074","fromID":"1367415","toID":"1367414","formEdgeID":null},{"edgeID":"1789075","fromID":"1367413","toID":"1367416","formEdgeID":null},{"edgeID":"1789076","fromID":"1367416","toID":"1367412","formEdgeID":null},{"edgeID":"1789077","fromID":"1367418","toID":"1367417","formEdgeID":null},{"edgeID":"1789078","fromID":"1367419","toID":"1367418","formEdgeID":null},{"edgeID":"1789079","fromID":"1367422","toID":"1367421","formEdgeID":null},{"edgeID":"1789080","fromID":"1367423","toID":"1367422","formEdgeID":null},{"edgeID":"1789081","fromID":"1367421","toID":"1367424","formEdgeID":null},{"edgeID":"1789082","fromID":"1367424","toID":"1367420","formEdgeID":null},{"edgeID":"1789083","fromID":"1367417","toID":"1367425","formEdgeID":null},{"edgeID":"1789084","fromID":"1367425","toID":"1367421","formEdgeID":null},{"edgeID":"1789085","fromID":"1367428","toID":"1367427","formEdgeID":null},{"edgeID":"1789086","fromID":"1367429","toID":"1367428","formEdgeID":null},{"edgeID":"1789087","fromID":"1367427","toID":"1367430","formEdgeID":null},{"edgeID":"1789088","fromID":"1367430","toID":"1367426","formEdgeID":null},{"edgeID":"1789089","fromID":"1367433","toID":"1367432","formEdgeID":null},{"edgeID":"1789090","fromID":"1367434","toID":"1367433","formEdgeID":null},{"edgeID":"1789091","fromID":"1367432","toID":"1367435","formEdgeID":null},{"edgeID":"1789092","fromID":"1367435","toID":"1367431","formEdgeID":null},{"edgeID":"1789093","fromID":"1367438","toID":"1367437","formEdgeID":null},{"edgeID":"1789094","fromID":"1367439","toID":"1367438","formEdgeID":null},{"edgeID":"1789095","fromID":"1367437","toID":"1367440","formEdgeID":null},{"edgeID":"1789096","fromID":"1367440","toID":"1367436","formEdgeID":null},{"edgeID":"1789097","fromID":"1367443","toID":"1367442","formEdgeID":null},{"edgeID":"1789098","fromID":"1367444","toID":"1367443","formEdgeID":null},{"edgeID":"1789099","fromID":"1367442","toID":"1367445","formEdgeID":null},{"edgeID":"1789100","fromID":"1367445","toID":"1367441","formEdgeID":null},{"edgeID":"1789101","fromID":"1367448","toID":"1367447","formEdgeID":null},{"edgeID":"1789102","fromID":"1367449","toID":"1367448","formEdgeID":null},{"edgeID":"1789103","fromID":"1367447","toID":"1367450","formEdgeID":null},{"edgeID":"1789104","fromID":"1367450","toID":"1367446","formEdgeID":null},{"edgeID":"1789105","fromID":"1367453","toID":"1367452","formEdgeID":null},{"edgeID":"1789106","fromID":"1367454","toID":"1367453","formEdgeID":null},{"edgeID":"1789107","fromID":"1367452","toID":"1367455","formEdgeID":null},{"edgeID":"1789108","fromID":"1367455","toID":"1367451","formEdgeID":null},{"edgeID":"1789109","fromID":"1367458","toID":"1367457","formEdgeID":null},{"edgeID":"1789110","fromID":"1367459","toID":"1367458","formEdgeID":null},{"edgeID":"1789111","fromID":"1367457","toID":"1367460","formEdgeID":null},{"edgeID":"1789112","fromID":"1367460","toID":"1367456","formEdgeID":null},{"edgeID":"1789113","fromID":"1367463","toID":"1367462","formEdgeID":null},{"edgeID":"1789114","fromID":"1367464","toID":"1367463","formEdgeID":null},{"edgeID":"1789115","fromID":"1367462","toID":"1367465","formEdgeID":null},{"edgeID":"1789116","fromID":"1367465","toID":"1367461","formEdgeID":null},{"edgeID":"1789117","fromID":"1367468","toID":"1367467","formEdgeID":null},{"edgeID":"1789118","fromID":"1367469","toID":"1367468","formEdgeID":null},{"edgeID":"1789119","fromID":"1367467","toID":"1367470","formEdgeID":null},{"edgeID":"1789120","fromID":"1367470","toID":"1367466","formEdgeID":null},{"edgeID":"1789121","fromID":"1367403","toID":"1367471","formEdgeID":null},{"edgeID":"1789122","fromID":"1367471","toID":"1367408","formEdgeID":null},{"edgeID":"1789123","fromID":"1367408","toID":"1367472","formEdgeID":null},{"edgeID":"1789124","fromID":"1367472","toID":"1367413","formEdgeID":null},{"edgeID":"1789125","fromID":"1367427","toID":"1367473","formEdgeID":null},{"edgeID":"1789126","fromID":"1367473","toID":"1367432","formEdgeID":null},{"edgeID":"1789127","fromID":"1367431","toID":"1367474","formEdgeID":null},{"edgeID":"1789128","fromID":"1367474","toID":"1367426","formEdgeID":null},{"edgeID":"1789129","fromID":"1367473","toID":"1367475","formEdgeID":null},{"edgeID":"1789130","fromID":"1367475","toID":"1367474","formEdgeID":null},{"edgeID":"1789131","fromID":"1367432","toID":"1367476","formEdgeID":null},{"edgeID":"1789132","fromID":"1367476","toID":"1367437","formEdgeID":null},{"edgeID":"1789133","fromID":"1367437","toID":"1367477","formEdgeID":null},{"edgeID":"1789134","fromID":"1367477","toID":"1367442","formEdgeID":null},{"edgeID":"1789135","fromID":"1367441","toID":"1367478","formEdgeID":null},{"edgeID":"1789136","fromID":"1367478","toID":"1367436","formEdgeID":null},{"edgeID":"1789137","fromID":"1367477","toID":"1367479","formEdgeID":null},{"edgeID":"1789138","fromID":"1367479","toID":"1367478","formEdgeID":null},{"edgeID":"1789139","fromID":"1367442","toID":"1367480","formEdgeID":null},{"edgeID":"1789140","fromID":"1367480","toID":"1367447","formEdgeID":null},{"edgeID":"1789141","fromID":"1367446","toID":"1367481","formEdgeID":null},{"edgeID":"1789142","fromID":"1367481","toID":"1367441","formEdgeID":null},{"edgeID":"1789143","fromID":"1367480","toID":"1367482","formEdgeID":null},{"edgeID":"1789144","fromID":"1367482","toID":"1367481","formEdgeID":null},{"edgeID":"1789145","fromID":"1367447","toID":"1367483","formEdgeID":null},{"edgeID":"1789146","fromID":"1367483","toID":"1367452","formEdgeID":null},{"edgeID":"1789147","fromID":"1367452","toID":"1367484","formEdgeID":null},{"edgeID":"1789148","fromID":"1367484","toID":"1367457","formEdgeID":null},{"edgeID":"1789149","fromID":"1367457","toID":"1367485","formEdgeID":null},{"edgeID":"1789150","fromID":"1367485","toID":"1367462","formEdgeID":null},{"edgeID":"1789151","fromID":"1367461","toID":"1367486","formEdgeID":null},{"edgeID":"1789152","fromID":"1367486","toID":"1367456","formEdgeID":null},{"edgeID":"1789153","fromID":"1367485","toID":"1367487","formEdgeID":null},{"edgeID":"1789154","fromID":"1367487","toID":"1367486","formEdgeID":null},{"edgeID":"1789155","fromID":"1367462","toID":"1367488","formEdgeID":null},{"edgeID":"1789156","fromID":"1367488","toID":"1367467","formEdgeID":null},{"edgeID":"1789157","fromID":"1367466","toID":"1367489","formEdgeID":null},{"edgeID":"1789158","fromID":"1367489","toID":"1367461","formEdgeID":null},{"edgeID":"1789159","fromID":"1367488","toID":"1367490","formEdgeID":null},{"edgeID":"1789160","fromID":"1367490","toID":"1367489","formEdgeID":null},{"edgeID":"1789161","fromID":"1367452","toID":"1367491","formEdgeID":null},{"edgeID":"1789162","fromID":"1367491","toID":"1367462","formEdgeID":null},{"edgeID":"1789163","fromID":"1367461","toID":"1367492","formEdgeID":null},{"edgeID":"1789164","fromID":"1367492","toID":"1367451","formEdgeID":null},{"edgeID":"1789165","fromID":"1367491","toID":"1367493","formEdgeID":null},{"edgeID":"1789166","fromID":"1367493","toID":"1367492","formEdgeID":null},{"edgeID":"1789167","fromID":"1367408","toID":"1367494","formEdgeID":null},{"edgeID":"1789168","fromID":"1367494","toID":"1367427","formEdgeID":null},{"edgeID":"1789169","fromID":"1367426","toID":"1367495","formEdgeID":null},{"edgeID":"1789170","fromID":"1367495","toID":"1367407","formEdgeID":null},{"edgeID":"1789171","fromID":"1367420","toID":"1367495","formEdgeID":null},{"edgeID":"1789172","fromID":"1367417","toID":"1367496","formEdgeID":null},{"edgeID":"1789173","fromID":"1367496","toID":"1367408","formEdgeID":null},{"edgeID":"1789174","fromID":"1367494","toID":"1367497","formEdgeID":null},{"edgeID":"1789175","fromID":"1367497","toID":"1367495","formEdgeID":null}],"locutions":[]}