{"nodes":[{"nodeID":"1158709","text":"transgender people and gay people are not paedophiles","type":"I","timestamp":"2023-04-24 20:06:05"},{"nodeID":"1158715","text":"there's a certain percent of transgender people and gay people who might be paedophiles","type":"I","timestamp":"2023-04-24 20:06:09"},{"nodeID":"1158756","text":"transgender people and gay people are still men and women","type":"I","timestamp":"2023-04-24 20:06:26"},{"nodeID":"1158793","text":"young people can't get access to a GP","type":"I","timestamp":"2023-04-24 20:06:46"},{"nodeID":"1158800","text":"young people can't get the ball rolling in terms of working out what they need","type":"I","timestamp":"2023-04-24 20:06:49"},{"nodeID":"1158807","text":"AudienceMember 20230209QT21 works through a charity","type":"I","timestamp":"2023-04-24 20:06:52"},{"nodeID":"1158815","text":"AudienceMember 20230209QT21 is able to offer services for free","type":"I","timestamp":"2023-04-24 20:06:56"},{"nodeID":"1158864","text":"teachers are also like the new social workers","type":"I","timestamp":"2023-04-24 20:07:20"},{"nodeID":"1367802","text":"India Willoughby: no","type":"L","timestamp":"2023-11-09 14:36:26"},{"nodeID":"1367803","text":"what we want to do is have a civilised and polite conversation about it","type":"I","timestamp":"2023-11-09 14:36:26"},{"nodeID":"1367804","text":"Fiona Bruce: What we want to do is have a civilised and polite conversation about it","type":"L","timestamp":"2023-11-09 14:36:26"},{"nodeID":"1367805","text":"Analysing","type":"YA","timestamp":"2023-11-09 14:36:26"},{"nodeID":"1367806","text":"Anon: Fiona Bruce: What we want to do is have a civilised and polite conversation about it","type":"L","timestamp":"2023-11-09 14:36:26"},{"nodeID":"1367807","text":"Asserting","type":"YA","timestamp":"2023-11-09 14:36:26"},{"nodeID":"1367808","text":"let's have a civilised and polite conversation about it","type":"I","timestamp":"2023-11-09 14:36:27"},{"nodeID":"1367809","text":"Fiona Bruce: Let's have that","type":"L","timestamp":"2023-11-09 14:36:27"},{"nodeID":"1367810","text":"Analysing","type":"YA","timestamp":"2023-11-09 14:36:27"},{"nodeID":"1367811","text":"Anon: Fiona Bruce: Let's have that","type":"L","timestamp":"2023-11-09 14:36:27"},{"nodeID":"1367812","text":"Asserting","type":"YA","timestamp":"2023-11-09 14:36:27"},{"nodeID":"1367813","text":"Default Transition","type":"TA","timestamp":"2023-11-09 14:36:27"},{"nodeID":"1367814","text":"Default Rephrase","type":"MA","timestamp":"2023-11-09 14:36:27"},{"nodeID":"1367815","text":"Restating","type":"YA","timestamp":"2023-11-09 14:36:27"},{"nodeID":"1367816","text":"AudienceMember 20230209QT19: Transgender people and gay people are not paedophiles","type":"L","timestamp":"2023-11-09 14:36:28"},{"nodeID":"1367817","text":"Analysing","type":"YA","timestamp":"2023-11-09 14:36:28"},{"nodeID":"1367818","text":"Anon: AudienceMember 20230209QT19: Transgender people and gay people are not paedophiles","type":"L","timestamp":"2023-11-09 14:36:28"},{"nodeID":"1367819","text":"Asserting","type":"YA","timestamp":"2023-11-09 14:36:28"},{"nodeID":"1367820","text":"Default Transition","type":"TA","timestamp":"2023-11-09 14:36:28"},{"nodeID":"1367821","text":"AudienceMember 20230209QT19: There's a certain percent who might be","type":"L","timestamp":"2023-11-09 14:36:28"},{"nodeID":"1367822","text":"Analysing","type":"YA","timestamp":"2023-11-09 14:36:28"},{"nodeID":"1367823","text":"Anon: AudienceMember 20230209QT19: There's a certain percent who might be","type":"L","timestamp":"2023-11-09 14:36:28"},{"nodeID":"1367824","text":"Asserting","type":"YA","timestamp":"2023-11-09 14:36:28"},{"nodeID":"1367825","text":"Default Transition","type":"TA","timestamp":"2023-11-09 14:36:28"},{"nodeID":"1367826","text":"Default Rephrase","type":"MA","timestamp":"2023-11-09 14:36:28"},{"nodeID":"1367827","text":"Restating","type":"YA","timestamp":"2023-11-09 14:36:28"},{"nodeID":"1367828","text":"with this conversation, we don't put them in a male prison","type":"I","timestamp":"2023-11-09 14:36:29"},{"nodeID":"1367829","text":"AudienceMember 20230209QT19: with this conversation, we don't put them in a male prison","type":"L","timestamp":"2023-11-09 14:36:29"},{"nodeID":"1367830","text":"Analysing","type":"YA","timestamp":"2023-11-09 14:36:29"},{"nodeID":"1367831","text":"Anon: AudienceMember 20230209QT19: with this conversation, we don't put them in a male prison","type":"L","timestamp":"2023-11-09 14:36:29"},{"nodeID":"1367832","text":"Asserting","type":"YA","timestamp":"2023-11-09 14:36:29"},{"nodeID":"1367833","text":"Default Transition","type":"TA","timestamp":"2023-11-09 14:36:29"},{"nodeID":"1367834","text":"we don't put them in a female prison","type":"I","timestamp":"2023-11-09 14:36:30"},{"nodeID":"1367835","text":"AudienceMember 20230209QT19: we don't put them in a female prison","type":"L","timestamp":"2023-11-09 14:36:30"},{"nodeID":"1367836","text":"Analysing","type":"YA","timestamp":"2023-11-09 14:36:30"},{"nodeID":"1367837","text":"Anon: AudienceMember 20230209QT19: we don't put them in a female prison","type":"L","timestamp":"2023-11-09 14:36:30"},{"nodeID":"1367838","text":"Asserting","type":"YA","timestamp":"2023-11-09 14:36:30"},{"nodeID":"1367839","text":"it is or is not time we say, you transgender people and gay people have your own prison to go to","type":"I","timestamp":"2023-11-09 14:36:30"},{"nodeID":"1367840","text":"AudienceMember 20230209QT19: Is it time we say, you have your own prison to go to","type":"L","timestamp":"2023-11-09 14:36:30"},{"nodeID":"1367841","text":"Analysing","type":"YA","timestamp":"2023-11-09 14:36:30"},{"nodeID":"1367842","text":"Anon: AudienceMember 20230209QT19: Is it time we say, you have your own prison to go to","type":"L","timestamp":"2023-11-09 14:36:30"},{"nodeID":"1367843","text":"Pure Questioning","type":"YA","timestamp":"2023-11-09 14:36:30"},{"nodeID":"1367844","text":"Default Transition","type":"TA","timestamp":"2023-11-09 14:36:30"},{"nodeID":"1367845","text":"no, it is not time we say you transgender people and gay people have your own prison to go to","type":"I","timestamp":"2023-11-09 14:36:31"},{"nodeID":"1367846","text":"Analysing","type":"YA","timestamp":"2023-11-09 14:36:31"},{"nodeID":"1367847","text":"Anon: India Willoughby: No","type":"L","timestamp":"2023-11-09 14:36:31"},{"nodeID":"1367848","text":"Asserting","type":"YA","timestamp":"2023-11-09 14:36:31"},{"nodeID":"1367849","text":"Default Transition","type":"TA","timestamp":"2023-11-09 14:36:31"},{"nodeID":"1367850","text":"Default Rephrase","type":"MA","timestamp":"2023-11-09 14:36:31"},{"nodeID":"1367851","text":"Default Illocuting","type":"YA","timestamp":"2023-11-09 14:36:31"},{"nodeID":"1367852","text":"India Willoughby: we're still men and women","type":"L","timestamp":"2023-11-09 14:36:31"},{"nodeID":"1367853","text":"Analysing","type":"YA","timestamp":"2023-11-09 14:36:31"},{"nodeID":"1367854","text":"Anon: India Willoughby: we're still men and women","type":"L","timestamp":"2023-11-09 14:36:31"},{"nodeID":"1367855","text":"Asserting","type":"YA","timestamp":"2023-11-09 14:36:31"},{"nodeID":"1367856","text":"Default Transition","type":"TA","timestamp":"2023-11-09 14:36:31"},{"nodeID":"1367857","text":"Default Inference","type":"RA","timestamp":"2023-11-09 14:36:31"},{"nodeID":"1367858","text":"Arguing","type":"YA","timestamp":"2023-11-09 14:36:31"},{"nodeID":"1367859","text":"it is or is not time that somebody has that conversation on whether transgender people and gay people should have their own prison","type":"I","timestamp":"2023-11-09 14:36:32"},{"nodeID":"1367860","text":"AudienceMember 20230209QT20: Is it not time that somebody has that conversation","type":"L","timestamp":"2023-11-09 14:36:32"},{"nodeID":"1367861","text":"Analysing","type":"YA","timestamp":"2023-11-09 14:36:32"},{"nodeID":"1367862","text":"Anon: AudienceMember 20230209QT20: Is it not time that somebody has that conversation","type":"L","timestamp":"2023-11-09 14:36:32"},{"nodeID":"1367863","text":"Pure Questioning","type":"YA","timestamp":"2023-11-09 14:36:32"},{"nodeID":"1367864","text":"Default Transition","type":"TA","timestamp":"2023-11-09 14:36:32"},{"nodeID":"1367865","text":"no, it is not time to have that conversation on whether transgender people and gay people should have their own prison","type":"I","timestamp":"2023-11-09 14:36:33"},{"nodeID":"1367866","text":"Analysing","type":"YA","timestamp":"2023-11-09 14:36:33"},{"nodeID":"1367867","text":"Asserting","type":"YA","timestamp":"2023-11-09 14:36:33"},{"nodeID":"1367868","text":"Default Transition","type":"TA","timestamp":"2023-11-09 14:36:33"},{"nodeID":"1367869","text":"Default Rephrase","type":"MA","timestamp":"2023-11-09 14:36:33"},{"nodeID":"1367870","text":"Default Illocuting","type":"YA","timestamp":"2023-11-09 14:36:33"},{"nodeID":"1367871","text":"AudienceMember 20230209QT21 is a psychiatrist that supports a lot of children coming through this","type":"I","timestamp":"2023-11-09 14:36:33"},{"nodeID":"1367872","text":"AudienceMember 20230209QT21: I'm a psychiatrist that supports a lot of children coming through this","type":"L","timestamp":"2023-11-09 14:36:33"},{"nodeID":"1367873","text":"Analysing","type":"YA","timestamp":"2023-11-09 14:36:33"},{"nodeID":"1367874","text":"Anon: AudienceMember 20230209QT21: I'm a psychiatrist that supports a lot of children coming through this","type":"L","timestamp":"2023-11-09 14:36:33"},{"nodeID":"1367875","text":"Asserting","type":"YA","timestamp":"2023-11-09 14:36:33"},{"nodeID":"1367876","text":"Default Transition","type":"TA","timestamp":"2023-11-09 14:36:33"},{"nodeID":"1367877","text":"AudienceMember 20230209QT21 is a psychiatrist that supports a lot of children coming through this whether transgender or transsexual","type":"I","timestamp":"2023-11-09 14:36:34"},{"nodeID":"1367878","text":"AudienceMember 20230209QT21: whether transgender or transsexual","type":"L","timestamp":"2023-11-09 14:36:34"},{"nodeID":"1367879","text":"Analysing","type":"YA","timestamp":"2023-11-09 14:36:34"},{"nodeID":"1367880","text":"Anon: AudienceMember 20230209QT21: whether transgender or transsexual","type":"L","timestamp":"2023-11-09 14:36:34"},{"nodeID":"1367881","text":"Asserting","type":"YA","timestamp":"2023-11-09 14:36:34"},{"nodeID":"1367882","text":"Default Transition","type":"TA","timestamp":"2023-11-09 14:36:34"},{"nodeID":"1367883","text":"Default Rephrase","type":"MA","timestamp":"2023-11-09 14:36:34"},{"nodeID":"1367884","text":"Restating","type":"YA","timestamp":"2023-11-09 14:36:34"},{"nodeID":"1367885","text":"the issue of single sex basis is coming into schools now","type":"I","timestamp":"2023-11-09 14:36:35"},{"nodeID":"1367886","text":"AudienceMember 20230209QT21: it is coming into schools now","type":"L","timestamp":"2023-11-09 14:36:35"},{"nodeID":"1367887","text":"Analysing","type":"YA","timestamp":"2023-11-09 14:36:35"},{"nodeID":"1367888","text":"Anon: AudienceMember 20230209QT21: it is coming into schools now","type":"L","timestamp":"2023-11-09 14:36:35"},{"nodeID":"1367889","text":"Asserting","type":"YA","timestamp":"2023-11-09 14:36:35"},{"nodeID":"1367890","text":"Default Transition","type":"TA","timestamp":"2023-11-09 14:36:35"},{"nodeID":"1367891","text":"the issue of single sex basis is a big issue that teachers are dealing with now","type":"I","timestamp":"2023-11-09 14:36:35"},{"nodeID":"1367892","text":"AudienceMember 20230209QT21: that is a big issues that teachers are dealing with now","type":"L","timestamp":"2023-11-09 14:36:35"},{"nodeID":"1367893","text":"Analysing","type":"YA","timestamp":"2023-11-09 14:36:35"},{"nodeID":"1367894","text":"Anon: AudienceMember 20230209QT21: that is a big issues that teachers are dealing with now","type":"L","timestamp":"2023-11-09 14:36:35"},{"nodeID":"1367895","text":"Asserting","type":"YA","timestamp":"2023-11-09 14:36:35"},{"nodeID":"1367896","text":"Default Transition","type":"TA","timestamp":"2023-11-09 14:36:35"},{"nodeID":"1367897","text":"Default Rephrase","type":"MA","timestamp":"2023-11-09 14:36:35"},{"nodeID":"1367898","text":"Restating","type":"YA","timestamp":"2023-11-09 14:36:35"},{"nodeID":"1367899","text":"AudienceMember 20230209QT21: young people can't get access to a GP","type":"L","timestamp":"2023-11-09 14:36:36"},{"nodeID":"1367900","text":"Analysing","type":"YA","timestamp":"2023-11-09 14:36:36"},{"nodeID":"1367901","text":"Anon: AudienceMember 20230209QT21: young people can't get access to a GP","type":"L","timestamp":"2023-11-09 14:36:36"},{"nodeID":"1367902","text":"Asserting","type":"YA","timestamp":"2023-11-09 14:36:36"},{"nodeID":"1367903","text":"Default Transition","type":"TA","timestamp":"2023-11-09 14:36:36"},{"nodeID":"1367904","text":"Default Inference","type":"RA","timestamp":"2023-11-09 14:36:36"},{"nodeID":"1367905","text":"Arguing","type":"YA","timestamp":"2023-11-09 14:36:36"},{"nodeID":"1367906","text":"AudienceMember 20230209QT21: can't get the ball rolling in terms of working out what they need","type":"L","timestamp":"2023-11-09 14:36:36"},{"nodeID":"1367907","text":"Analysing","type":"YA","timestamp":"2023-11-09 14:36:36"},{"nodeID":"1367908","text":"Anon: AudienceMember 20230209QT21: can't get the ball rolling in terms of working out what they need","type":"L","timestamp":"2023-11-09 14:36:36"},{"nodeID":"1367909","text":"Asserting","type":"YA","timestamp":"2023-11-09 14:36:36"},{"nodeID":"1367910","text":"Default Transition","type":"TA","timestamp":"2023-11-09 14:36:36"},{"nodeID":"1367911","text":"Default Rephrase","type":"MA","timestamp":"2023-11-09 14:36:36"},{"nodeID":"1367912","text":"Restating","type":"YA","timestamp":"2023-11-09 14:36:36"},{"nodeID":"1367913","text":"AudienceMember 20230209QT21: I work through a charity","type":"L","timestamp":"2023-11-09 14:36:37"},{"nodeID":"1367914","text":"Analysing","type":"YA","timestamp":"2023-11-09 14:36:37"},{"nodeID":"1367915","text":"Anon: AudienceMember 20230209QT21: I work through a charity","type":"L","timestamp":"2023-11-09 14:36:37"},{"nodeID":"1367916","text":"Asserting","type":"YA","timestamp":"2023-11-09 14:36:37"},{"nodeID":"1367917","text":"Default Transition","type":"TA","timestamp":"2023-11-09 14:36:37"},{"nodeID":"1367918","text":"AudienceMember 20230209QT21: I'm able to offer services for free","type":"L","timestamp":"2023-11-09 14:36:38"},{"nodeID":"1367919","text":"Analysing","type":"YA","timestamp":"2023-11-09 14:36:38"},{"nodeID":"1367920","text":"Anon: AudienceMember 20230209QT21: I'm able to offer services for free","type":"L","timestamp":"2023-11-09 14:36:38"},{"nodeID":"1367921","text":"Asserting","type":"YA","timestamp":"2023-11-09 14:36:38"},{"nodeID":"1367922","text":"Default Transition","type":"TA","timestamp":"2023-11-09 14:36:38"},{"nodeID":"1367923","text":"Default Inference","type":"RA","timestamp":"2023-11-09 14:36:38"},{"nodeID":"1367924","text":"Arguing","type":"YA","timestamp":"2023-11-09 14:36:38"},{"nodeID":"1367925","text":"in terms of gender reform, the government is going to give xxx to support people to really make sense of the reality of their identity","type":"I","timestamp":"2023-11-09 14:36:38"},{"nodeID":"1367926","text":"AudienceMember 20230209QT21: in terms of gender reform, how is the government going to support people really make sense of the reality of their identity","type":"L","timestamp":"2023-11-09 14:36:38"},{"nodeID":"1367927","text":"Analysing","type":"YA","timestamp":"2023-11-09 14:36:38"},{"nodeID":"1367928","text":"Anon: AudienceMember 20230209QT21: in terms of gender reform, how is the government going to support people really make sense of the reality of their identity","type":"L","timestamp":"2023-11-09 14:36:38"},{"nodeID":"1367929","text":"Pure Questioning","type":"YA","timestamp":"2023-11-09 14:36:38"},{"nodeID":"1367930","text":"Default Transition","type":"TA","timestamp":"2023-11-09 14:36:38"},{"nodeID":"1367931","text":"the government going to give xxx to support young transgender or transsexual people","type":"I","timestamp":"2023-11-09 14:36:39"},{"nodeID":"1367932","text":"AudienceMember 20230209QT21: the support that they need","type":"L","timestamp":"2023-11-09 14:36:39"},{"nodeID":"1367933","text":"Analysing","type":"YA","timestamp":"2023-11-09 14:36:39"},{"nodeID":"1367934","text":"Anon: AudienceMember 20230209QT21: the support that they need","type":"L","timestamp":"2023-11-09 14:36:39"},{"nodeID":"1367935","text":"Pure Questioning","type":"YA","timestamp":"2023-11-09 14:36:39"},{"nodeID":"1367936","text":"Default Transition","type":"TA","timestamp":"2023-11-09 14:36:39"},{"nodeID":"1367937","text":"in schools what do we see a single sex space where, you know, if we have transgender, transsexual, we do or don't then have female, male and nonbinary","type":"I","timestamp":"2023-11-09 14:36:40"},{"nodeID":"1367938","text":"AudienceMember 20230209QT21: in schools what do we see a single sex space where, you know, if we have transgender, transsexual, do we then have female, male, nonbinary","type":"L","timestamp":"2023-11-09 14:36:40"},{"nodeID":"1367939","text":"Analysing","type":"YA","timestamp":"2023-11-09 14:36:40"},{"nodeID":"1367940","text":"Anon: AudienceMember 20230209QT21: in schools what do we see a single sex space where, you know, if we have transgender, transsexual, do we then have female, male, nonbinary","type":"L","timestamp":"2023-11-09 14:36:40"},{"nodeID":"1367941","text":"Pure Questioning","type":"YA","timestamp":"2023-11-09 14:36:40"},{"nodeID":"1367942","text":"Default Transition","type":"TA","timestamp":"2023-11-09 14:36:40"},{"nodeID":"1367943","text":"teachers are dealing with the issue of single sex basis on a daily basis","type":"I","timestamp":"2023-11-09 14:36:40"},{"nodeID":"1367944","text":"AudienceMember 20230209QT21: Teachers are dealing with this on a daily basis","type":"L","timestamp":"2023-11-09 14:36:40"},{"nodeID":"1367945","text":"Analysing","type":"YA","timestamp":"2023-11-09 14:36:40"},{"nodeID":"1367946","text":"Anon: AudienceMember 20230209QT21: Teachers are dealing with this on a daily basis","type":"L","timestamp":"2023-11-09 14:36:40"},{"nodeID":"1367947","text":"Asserting","type":"YA","timestamp":"2023-11-09 14:36:40"},{"nodeID":"1367948","text":"Default Transition","type":"TA","timestamp":"2023-11-09 14:36:40"},{"nodeID":"1367949","text":"AudienceMember 20230209QT21: they are also like the new social workers","type":"L","timestamp":"2023-11-09 14:36:41"},{"nodeID":"1367950","text":"Analysing","type":"YA","timestamp":"2023-11-09 14:36:41"},{"nodeID":"1367951","text":"Anon: AudienceMember 20230209QT21: they are also like the new social workers","type":"L","timestamp":"2023-11-09 14:36:41"},{"nodeID":"1367952","text":"Asserting","type":"YA","timestamp":"2023-11-09 14:36:41"},{"nodeID":"1367953","text":"Default Transition","type":"TA","timestamp":"2023-11-09 14:36:41"},{"nodeID":"1367954","text":"teachers are trying to support families manage this","type":"I","timestamp":"2023-11-09 14:36:41"},{"nodeID":"1367955","text":"AudienceMember 20230209QT21: they are trying to support families manage this","type":"L","timestamp":"2023-11-09 14:36:41"},{"nodeID":"1367956","text":"Analysing","type":"YA","timestamp":"2023-11-09 14:36:41"},{"nodeID":"1367957","text":"Anon: AudienceMember 20230209QT21: they are trying to support families manage this","type":"L","timestamp":"2023-11-09 14:36:41"},{"nodeID":"1367958","text":"Asserting","type":"YA","timestamp":"2023-11-09 14:36:41"},{"nodeID":"1367959","text":"Default Transition","type":"TA","timestamp":"2023-11-09 14:36:41"},{"nodeID":"1367960","text":"Default Inference","type":"RA","timestamp":"2023-11-09 14:36:41"},{"nodeID":"1367961","text":"Arguing","type":"YA","timestamp":"2023-11-09 14:36:41"},{"nodeID":"1367962","text":"it is about support","type":"I","timestamp":"2023-11-09 14:36:42"},{"nodeID":"1367963","text":"AudienceMember 20230209QT21: It is about support","type":"L","timestamp":"2023-11-09 14:36:42"},{"nodeID":"1367964","text":"Analysing","type":"YA","timestamp":"2023-11-09 14:36:42"},{"nodeID":"1367965","text":"Anon: AudienceMember 20230209QT21: It is about support","type":"L","timestamp":"2023-11-09 14:36:42"},{"nodeID":"1367966","text":"Asserting","type":"YA","timestamp":"2023-11-09 14:36:42"},{"nodeID":"1367967","text":"Default Transition","type":"TA","timestamp":"2023-11-09 14:36:42"},{"nodeID":"1367968","text":"we need resources to really support these young people that need these services","type":"I","timestamp":"2023-11-09 14:36:43"},{"nodeID":"1367969","text":"AudienceMember 20230209QT21: We need resources to really support these young people that need these services","type":"L","timestamp":"2023-11-09 14:36:43"},{"nodeID":"1367970","text":"Analysing","type":"YA","timestamp":"2023-11-09 14:36:43"},{"nodeID":"1367971","text":"Anon: AudienceMember 20230209QT21: We need resources to really support these young people that need these services","type":"L","timestamp":"2023-11-09 14:36:43"},{"nodeID":"1367972","text":"Asserting","type":"YA","timestamp":"2023-11-09 14:36:43"},{"nodeID":"1367973","text":"Default Transition","type":"TA","timestamp":"2023-11-09 14:36:43"},{"nodeID":"1367974","text":"Default Rephrase","type":"MA","timestamp":"2023-11-09 14:36:43"},{"nodeID":"1367975","text":"Restating","type":"YA","timestamp":"2023-11-09 14:36:43"},{"nodeID":"1367976","text":"Default Rephrase","type":"MA","timestamp":"2023-11-09 14:36:43"},{"nodeID":"1367977","text":"Restating","type":"YA","timestamp":"2023-11-09 14:36:43"},{"nodeID":"1367978","text":"Default Inference","type":"RA","timestamp":"2023-11-09 14:36:43"},{"nodeID":"1367979","text":"Arguing","type":"YA","timestamp":"2023-11-09 14:36:43"},{"nodeID":"1367980","text":"Default Inference","type":"RA","timestamp":"2023-11-09 14:36:43"},{"nodeID":"1367981","text":"Default Transition","type":"TA","timestamp":"2023-11-09 14:36:43"},{"nodeID":"1367982","text":"Arguing","type":"YA","timestamp":"2023-11-09 14:36:43"}],"edges":[{"edgeID":"1789542","fromID":"1367805","toID":"1367804","formEdgeID":null},{"edgeID":"1789543","fromID":"1367806","toID":"1367805","formEdgeID":null},{"edgeID":"1789544","fromID":"1367804","toID":"1367807","formEdgeID":null},{"edgeID":"1789545","fromID":"1367807","toID":"1367803","formEdgeID":null},{"edgeID":"1789546","fromID":"1367810","toID":"1367809","formEdgeID":null},{"edgeID":"1789547","fromID":"1367811","toID":"1367810","formEdgeID":null},{"edgeID":"1789548","fromID":"1367809","toID":"1367812","formEdgeID":null},{"edgeID":"1789549","fromID":"1367812","toID":"1367808","formEdgeID":null},{"edgeID":"1789550","fromID":"1367804","toID":"1367813","formEdgeID":null},{"edgeID":"1789551","fromID":"1367813","toID":"1367809","formEdgeID":null},{"edgeID":"1789552","fromID":"1367808","toID":"1367814","formEdgeID":null},{"edgeID":"1789553","fromID":"1367814","toID":"1367803","formEdgeID":null},{"edgeID":"1789554","fromID":"1367813","toID":"1367815","formEdgeID":null},{"edgeID":"1789555","fromID":"1367815","toID":"1367814","formEdgeID":null},{"edgeID":"1789556","fromID":"1367817","toID":"1367816","formEdgeID":null},{"edgeID":"1789557","fromID":"1367818","toID":"1367817","formEdgeID":null},{"edgeID":"1789558","fromID":"1367816","toID":"1367819","formEdgeID":null},{"edgeID":"1789559","fromID":"1367819","toID":"1158709","formEdgeID":null},{"edgeID":"1789560","fromID":"1367809","toID":"1367820","formEdgeID":null},{"edgeID":"1789561","fromID":"1367820","toID":"1367816","formEdgeID":null},{"edgeID":"1789562","fromID":"1367822","toID":"1367821","formEdgeID":null},{"edgeID":"1789563","fromID":"1367823","toID":"1367822","formEdgeID":null},{"edgeID":"1789564","fromID":"1367821","toID":"1367824","formEdgeID":null},{"edgeID":"1789565","fromID":"1367824","toID":"1158715","formEdgeID":null},{"edgeID":"1789566","fromID":"1367816","toID":"1367825","formEdgeID":null},{"edgeID":"1789567","fromID":"1367825","toID":"1367821","formEdgeID":null},{"edgeID":"1789568","fromID":"1158715","toID":"1367826","formEdgeID":null},{"edgeID":"1789569","fromID":"1367826","toID":"1158709","formEdgeID":null},{"edgeID":"1789570","fromID":"1367825","toID":"1367827","formEdgeID":null},{"edgeID":"1789571","fromID":"1367827","toID":"1367826","formEdgeID":null},{"edgeID":"1789572","fromID":"1367830","toID":"1367829","formEdgeID":null},{"edgeID":"1789573","fromID":"1367831","toID":"1367830","formEdgeID":null},{"edgeID":"1789574","fromID":"1367829","toID":"1367832","formEdgeID":null},{"edgeID":"1789575","fromID":"1367832","toID":"1367828","formEdgeID":null},{"edgeID":"1789576","fromID":"1367821","toID":"1367833","formEdgeID":null},{"edgeID":"1789577","fromID":"1367833","toID":"1367829","formEdgeID":null},{"edgeID":"1789578","fromID":"1367836","toID":"1367835","formEdgeID":null},{"edgeID":"1789579","fromID":"1367837","toID":"1367836","formEdgeID":null},{"edgeID":"1789580","fromID":"1367835","toID":"1367838","formEdgeID":null},{"edgeID":"1789581","fromID":"1367838","toID":"1367834","formEdgeID":null},{"edgeID":"1789582","fromID":"1367841","toID":"1367840","formEdgeID":null},{"edgeID":"1789583","fromID":"1367842","toID":"1367841","formEdgeID":null},{"edgeID":"1789584","fromID":"1367840","toID":"1367843","formEdgeID":null},{"edgeID":"1789585","fromID":"1367843","toID":"1367839","formEdgeID":null},{"edgeID":"1789586","fromID":"1367835","toID":"1367844","formEdgeID":null},{"edgeID":"1789587","fromID":"1367844","toID":"1367840","formEdgeID":null},{"edgeID":"1789588","fromID":"1367846","toID":"1367802","formEdgeID":null},{"edgeID":"1789589","fromID":"1367847","toID":"1367846","formEdgeID":null},{"edgeID":"1789590","fromID":"1367802","toID":"1367848","formEdgeID":null},{"edgeID":"1789591","fromID":"1367848","toID":"1367845","formEdgeID":null},{"edgeID":"1789592","fromID":"1367840","toID":"1367849","formEdgeID":null},{"edgeID":"1789593","fromID":"1367849","toID":"1367802","formEdgeID":null},{"edgeID":"1789594","fromID":"1367845","toID":"1367850","formEdgeID":null},{"edgeID":"1789595","fromID":"1367850","toID":"1367839","formEdgeID":null},{"edgeID":"1789596","fromID":"1367849","toID":"1367851","formEdgeID":null},{"edgeID":"1789597","fromID":"1367851","toID":"1367850","formEdgeID":null},{"edgeID":"1789598","fromID":"1367853","toID":"1367852","formEdgeID":null},{"edgeID":"1789599","fromID":"1367854","toID":"1367853","formEdgeID":null},{"edgeID":"1789600","fromID":"1367852","toID":"1367855","formEdgeID":null},{"edgeID":"1789601","fromID":"1367855","toID":"1158756","formEdgeID":null},{"edgeID":"1789602","fromID":"1367802","toID":"1367856","formEdgeID":null},{"edgeID":"1789603","fromID":"1367856","toID":"1367852","formEdgeID":null},{"edgeID":"1789604","fromID":"1158756","toID":"1367857","formEdgeID":null},{"edgeID":"1789605","fromID":"1367857","toID":"1367845","formEdgeID":null},{"edgeID":"1789606","fromID":"1367856","toID":"1367858","formEdgeID":null},{"edgeID":"1789607","fromID":"1367858","toID":"1367857","formEdgeID":null},{"edgeID":"1789608","fromID":"1367861","toID":"1367860","formEdgeID":null},{"edgeID":"1789609","fromID":"1367862","toID":"1367861","formEdgeID":null},{"edgeID":"1789610","fromID":"1367860","toID":"1367863","formEdgeID":null},{"edgeID":"1789611","fromID":"1367863","toID":"1367859","formEdgeID":null},{"edgeID":"1789612","fromID":"1367852","toID":"1367864","formEdgeID":null},{"edgeID":"1789613","fromID":"1367864","toID":"1367860","formEdgeID":null},{"edgeID":"1789614","fromID":"1367866","toID":"1367802","formEdgeID":null},{"edgeID":"1789615","fromID":"1367847","toID":"1367866","formEdgeID":null},{"edgeID":"1789616","fromID":"1367802","toID":"1367867","formEdgeID":null},{"edgeID":"1789617","fromID":"1367867","toID":"1367865","formEdgeID":null},{"edgeID":"1789618","fromID":"1367860","toID":"1367868","formEdgeID":null},{"edgeID":"1789619","fromID":"1367868","toID":"1367802","formEdgeID":null},{"edgeID":"1789620","fromID":"1367865","toID":"1367869","formEdgeID":null},{"edgeID":"1789621","fromID":"1367869","toID":"1367859","formEdgeID":null},{"edgeID":"1789622","fromID":"1367868","toID":"1367870","formEdgeID":null},{"edgeID":"1789623","fromID":"1367870","toID":"1367869","formEdgeID":null},{"edgeID":"1789624","fromID":"1367873","toID":"1367872","formEdgeID":null},{"edgeID":"1789625","fromID":"1367874","toID":"1367873","formEdgeID":null},{"edgeID":"1789626","fromID":"1367872","toID":"1367875","formEdgeID":null},{"edgeID":"1789627","fromID":"1367875","toID":"1367871","formEdgeID":null},{"edgeID":"1789628","fromID":"1367802","toID":"1367876","formEdgeID":null},{"edgeID":"1789629","fromID":"1367876","toID":"1367872","formEdgeID":null},{"edgeID":"1789630","fromID":"1367879","toID":"1367878","formEdgeID":null},{"edgeID":"1789631","fromID":"1367880","toID":"1367879","formEdgeID":null},{"edgeID":"1789632","fromID":"1367878","toID":"1367881","formEdgeID":null},{"edgeID":"1789633","fromID":"1367881","toID":"1367877","formEdgeID":null},{"edgeID":"1789634","fromID":"1367872","toID":"1367882","formEdgeID":null},{"edgeID":"1789635","fromID":"1367882","toID":"1367878","formEdgeID":null},{"edgeID":"1789636","fromID":"1367877","toID":"1367883","formEdgeID":null},{"edgeID":"1789637","fromID":"1367883","toID":"1367871","formEdgeID":null},{"edgeID":"1789638","fromID":"1367882","toID":"1367884","formEdgeID":null},{"edgeID":"1789639","fromID":"1367884","toID":"1367883","formEdgeID":null},{"edgeID":"1789640","fromID":"1367887","toID":"1367886","formEdgeID":null},{"edgeID":"1789641","fromID":"1367888","toID":"1367887","formEdgeID":null},{"edgeID":"1789642","fromID":"1367886","toID":"1367889","formEdgeID":null},{"edgeID":"1789643","fromID":"1367889","toID":"1367885","formEdgeID":null},{"edgeID":"1789644","fromID":"1367878","toID":"1367890","formEdgeID":null},{"edgeID":"1789645","fromID":"1367890","toID":"1367886","formEdgeID":null},{"edgeID":"1789646","fromID":"1367893","toID":"1367892","formEdgeID":null},{"edgeID":"1789647","fromID":"1367894","toID":"1367893","formEdgeID":null},{"edgeID":"1789648","fromID":"1367892","toID":"1367895","formEdgeID":null},{"edgeID":"1789649","fromID":"1367895","toID":"1367891","formEdgeID":null},{"edgeID":"1789650","fromID":"1367886","toID":"1367896","formEdgeID":null},{"edgeID":"1789651","fromID":"1367896","toID":"1367892","formEdgeID":null},{"edgeID":"1789652","fromID":"1367891","toID":"1367897","formEdgeID":null},{"edgeID":"1789653","fromID":"1367897","toID":"1367885","formEdgeID":null},{"edgeID":"1789654","fromID":"1367896","toID":"1367898","formEdgeID":null},{"edgeID":"1789655","fromID":"1367898","toID":"1367897","formEdgeID":null},{"edgeID":"1789656","fromID":"1367900","toID":"1367899","formEdgeID":null},{"edgeID":"1789657","fromID":"1367901","toID":"1367900","formEdgeID":null},{"edgeID":"1789658","fromID":"1367899","toID":"1367902","formEdgeID":null},{"edgeID":"1789659","fromID":"1367902","toID":"1158793","formEdgeID":null},{"edgeID":"1789660","fromID":"1367892","toID":"1367903","formEdgeID":null},{"edgeID":"1789661","fromID":"1367903","toID":"1367899","formEdgeID":null},{"edgeID":"1789662","fromID":"1158793","toID":"1367904","formEdgeID":null},{"edgeID":"1789663","fromID":"1367904","toID":"1367891","formEdgeID":null},{"edgeID":"1789664","fromID":"1367903","toID":"1367905","formEdgeID":null},{"edgeID":"1789665","fromID":"1367905","toID":"1367904","formEdgeID":null},{"edgeID":"1789666","fromID":"1367907","toID":"1367906","formEdgeID":null},{"edgeID":"1789667","fromID":"1367908","toID":"1367907","formEdgeID":null},{"edgeID":"1789668","fromID":"1367906","toID":"1367909","formEdgeID":null},{"edgeID":"1789669","fromID":"1367909","toID":"1158800","formEdgeID":null},{"edgeID":"1789670","fromID":"1367899","toID":"1367910","formEdgeID":null},{"edgeID":"1789671","fromID":"1367910","toID":"1367906","formEdgeID":null},{"edgeID":"1789672","fromID":"1158800","toID":"1367911","formEdgeID":null},{"edgeID":"1789673","fromID":"1367911","toID":"1158793","formEdgeID":null},{"edgeID":"1789674","fromID":"1367910","toID":"1367912","formEdgeID":null},{"edgeID":"1789675","fromID":"1367912","toID":"1367911","formEdgeID":null},{"edgeID":"1789676","fromID":"1367914","toID":"1367913","formEdgeID":null},{"edgeID":"1789677","fromID":"1367915","toID":"1367914","formEdgeID":null},{"edgeID":"1789678","fromID":"1367913","toID":"1367916","formEdgeID":null},{"edgeID":"1789679","fromID":"1367916","toID":"1158807","formEdgeID":null},{"edgeID":"1789680","fromID":"1367906","toID":"1367917","formEdgeID":null},{"edgeID":"1789681","fromID":"1367917","toID":"1367913","formEdgeID":null},{"edgeID":"1789682","fromID":"1367919","toID":"1367918","formEdgeID":null},{"edgeID":"1789683","fromID":"1367920","toID":"1367919","formEdgeID":null},{"edgeID":"1789684","fromID":"1367918","toID":"1367921","formEdgeID":null},{"edgeID":"1789685","fromID":"1367921","toID":"1158815","formEdgeID":null},{"edgeID":"1789686","fromID":"1367913","toID":"1367922","formEdgeID":null},{"edgeID":"1789687","fromID":"1367922","toID":"1367918","formEdgeID":null},{"edgeID":"1789688","fromID":"1158807","toID":"1367923","formEdgeID":null},{"edgeID":"1789689","fromID":"1367923","toID":"1158815","formEdgeID":null},{"edgeID":"1789690","fromID":"1367922","toID":"1367924","formEdgeID":null},{"edgeID":"1789691","fromID":"1367924","toID":"1367923","formEdgeID":null},{"edgeID":"1789692","fromID":"1367927","toID":"1367926","formEdgeID":null},{"edgeID":"1789693","fromID":"1367928","toID":"1367927","formEdgeID":null},{"edgeID":"1789694","fromID":"1367926","toID":"1367929","formEdgeID":null},{"edgeID":"1789695","fromID":"1367929","toID":"1367925","formEdgeID":null},{"edgeID":"1789696","fromID":"1367918","toID":"1367930","formEdgeID":null},{"edgeID":"1789697","fromID":"1367930","toID":"1367926","formEdgeID":null},{"edgeID":"1789698","fromID":"1367933","toID":"1367932","formEdgeID":null},{"edgeID":"1789699","fromID":"1367934","toID":"1367933","formEdgeID":null},{"edgeID":"1789700","fromID":"1367932","toID":"1367935","formEdgeID":null},{"edgeID":"1789701","fromID":"1367935","toID":"1367931","formEdgeID":null},{"edgeID":"1789702","fromID":"1367926","toID":"1367936","formEdgeID":null},{"edgeID":"1789703","fromID":"1367936","toID":"1367932","formEdgeID":null},{"edgeID":"1789704","fromID":"1367939","toID":"1367938","formEdgeID":null},{"edgeID":"1789705","fromID":"1367940","toID":"1367939","formEdgeID":null},{"edgeID":"1789706","fromID":"1367938","toID":"1367941","formEdgeID":null},{"edgeID":"1789707","fromID":"1367941","toID":"1367937","formEdgeID":null},{"edgeID":"1789708","fromID":"1367932","toID":"1367942","formEdgeID":null},{"edgeID":"1789709","fromID":"1367942","toID":"1367938","formEdgeID":null},{"edgeID":"1789710","fromID":"1367945","toID":"1367944","formEdgeID":null},{"edgeID":"1789711","fromID":"1367946","toID":"1367945","formEdgeID":null},{"edgeID":"1789712","fromID":"1367944","toID":"1367947","formEdgeID":null},{"edgeID":"1789713","fromID":"1367947","toID":"1367943","formEdgeID":null},{"edgeID":"1789714","fromID":"1367938","toID":"1367948","formEdgeID":null},{"edgeID":"1789715","fromID":"1367948","toID":"1367944","formEdgeID":null},{"edgeID":"1789716","fromID":"1367950","toID":"1367949","formEdgeID":null},{"edgeID":"1789717","fromID":"1367951","toID":"1367950","formEdgeID":null},{"edgeID":"1789718","fromID":"1367949","toID":"1367952","formEdgeID":null},{"edgeID":"1789719","fromID":"1367952","toID":"1158864","formEdgeID":null},{"edgeID":"1789720","fromID":"1367944","toID":"1367953","formEdgeID":null},{"edgeID":"1789721","fromID":"1367953","toID":"1367949","formEdgeID":null},{"edgeID":"1789722","fromID":"1367956","toID":"1367955","formEdgeID":null},{"edgeID":"1789723","fromID":"1367957","toID":"1367956","formEdgeID":null},{"edgeID":"1789724","fromID":"1367955","toID":"1367958","formEdgeID":null},{"edgeID":"1789725","fromID":"1367958","toID":"1367954","formEdgeID":null},{"edgeID":"1789726","fromID":"1367949","toID":"1367959","formEdgeID":null},{"edgeID":"1789727","fromID":"1367959","toID":"1367955","formEdgeID":null},{"edgeID":"1789728","fromID":"1367954","toID":"1367960","formEdgeID":null},{"edgeID":"1789729","fromID":"1367960","toID":"1158864","formEdgeID":null},{"edgeID":"1789730","fromID":"1367959","toID":"1367961","formEdgeID":null},{"edgeID":"1789731","fromID":"1367961","toID":"1367960","formEdgeID":null},{"edgeID":"1789732","fromID":"1367964","toID":"1367963","formEdgeID":null},{"edgeID":"1789733","fromID":"1367965","toID":"1367964","formEdgeID":null},{"edgeID":"1789734","fromID":"1367963","toID":"1367966","formEdgeID":null},{"edgeID":"1789735","fromID":"1367966","toID":"1367962","formEdgeID":null},{"edgeID":"1789736","fromID":"1367955","toID":"1367967","formEdgeID":null},{"edgeID":"1789737","fromID":"1367967","toID":"1367963","formEdgeID":null},{"edgeID":"1789738","fromID":"1367970","toID":"1367969","formEdgeID":null},{"edgeID":"1789739","fromID":"1367971","toID":"1367970","formEdgeID":null},{"edgeID":"1789740","fromID":"1367969","toID":"1367972","formEdgeID":null},{"edgeID":"1789741","fromID":"1367972","toID":"1367968","formEdgeID":null},{"edgeID":"1789742","fromID":"1367963","toID":"1367973","formEdgeID":null},{"edgeID":"1789743","fromID":"1367973","toID":"1367969","formEdgeID":null},{"edgeID":"1789744","fromID":"1367968","toID":"1367974","formEdgeID":null},{"edgeID":"1789745","fromID":"1367974","toID":"1367962","formEdgeID":null},{"edgeID":"1789746","fromID":"1367973","toID":"1367975","formEdgeID":null},{"edgeID":"1789747","fromID":"1367975","toID":"1367974","formEdgeID":null},{"edgeID":"1789748","fromID":"1367962","toID":"1367976","formEdgeID":null},{"edgeID":"1789749","fromID":"1367976","toID":"1367954","formEdgeID":null},{"edgeID":"1789750","fromID":"1367967","toID":"1367977","formEdgeID":null},{"edgeID":"1789751","fromID":"1367977","toID":"1367976","formEdgeID":null},{"edgeID":"1789752","fromID":"1367828","toID":"1367978","formEdgeID":null},{"edgeID":"1789753","fromID":"1367978","toID":"1367839","formEdgeID":null},{"edgeID":"1789754","fromID":"1367834","toID":"1367978","formEdgeID":null},{"edgeID":"1789755","fromID":"1367844","toID":"1367979","formEdgeID":null},{"edgeID":"1789756","fromID":"1367979","toID":"1367978","formEdgeID":null},{"edgeID":"1789757","fromID":"1367829","toID":"1367844","formEdgeID":null},{"edgeID":"1789758","fromID":"1367954","toID":"1367980","formEdgeID":null},{"edgeID":"1789759","fromID":"1367980","toID":"1367943","formEdgeID":null},{"edgeID":"1789760","fromID":"1367981","toID":"1367955","formEdgeID":null},{"edgeID":"1789761","fromID":"1367944","toID":"1367981","formEdgeID":null},{"edgeID":"1789762","fromID":"1367981","toID":"1367982","formEdgeID":null},{"edgeID":"1789763","fromID":"1367982","toID":"1367980","formEdgeID":null}],"locutions":[]}