{"nodes":[{"nodeID":"1364376","text":"let's be honest about it","type":"I","timestamp":"2023-11-09 14:31:30"},{"nodeID":"1364377","text":"AudienceMember 20230209QT16: let's be honest about it","type":"L","timestamp":"2023-11-09 14:31:30"},{"nodeID":"1364378","text":"Analysing","type":"YA","timestamp":"2023-11-09 14:31:30"},{"nodeID":"1364379","text":"Chris: AudienceMember 20230209QT16: let's be honest about it","type":"L","timestamp":"2023-11-09 14:31:30"},{"nodeID":"1364380","text":"Asserting","type":"YA","timestamp":"2023-11-09 14:31:30"},{"nodeID":"1364381","text":"let's not play politics about it","type":"I","timestamp":"2023-11-09 14:31:30"},{"nodeID":"1364382","text":"AudienceMember 20230209QT16:  Let's not play politics about it","type":"L","timestamp":"2023-11-09 14:31:30"},{"nodeID":"1364383","text":"Analysing","type":"YA","timestamp":"2023-11-09 14:31:30"},{"nodeID":"1364384","text":"Chris: AudienceMember 20230209QT16:  Let's not play politics about it","type":"L","timestamp":"2023-11-09 14:31:30"},{"nodeID":"1364385","text":"Asserting","type":"YA","timestamp":"2023-11-09 14:31:30"},{"nodeID":"1364386","text":"let's think about it","type":"I","timestamp":"2023-11-09 14:31:31"},{"nodeID":"1364387","text":"AudienceMember 20230209QT16: Let's think about it","type":"L","timestamp":"2023-11-09 14:31:31"},{"nodeID":"1364388","text":"Analysing","type":"YA","timestamp":"2023-11-09 14:31:31"},{"nodeID":"1364389","text":"Chris: AudienceMember 20230209QT16: Let's think about it","type":"L","timestamp":"2023-11-09 14:31:31"},{"nodeID":"1364390","text":"Asserting","type":"YA","timestamp":"2023-11-09 14:31:31"},{"nodeID":"1364391","text":"let's get the truth about it","type":"I","timestamp":"2023-11-09 14:31:31"},{"nodeID":"1364392","text":"AudienceMember 20230209QT16:  Let's get the truth about it","type":"L","timestamp":"2023-11-09 14:31:31"},{"nodeID":"1364393","text":"Analysing","type":"YA","timestamp":"2023-11-09 14:31:31"},{"nodeID":"1364394","text":"Chris: AudienceMember 20230209QT16:  Let's get the truth about it","type":"L","timestamp":"2023-11-09 14:31:31"},{"nodeID":"1364395","text":"Asserting","type":"YA","timestamp":"2023-11-09 14:31:31"},{"nodeID":"1364396","text":"it starts with you guys being honest about it","type":"I","timestamp":"2023-11-09 14:31:32"},{"nodeID":"1364397","text":"AudienceMember 20230209QT16: it starts with you guys being honest about it","type":"L","timestamp":"2023-11-09 14:31:32"},{"nodeID":"1364398","text":"Analysing","type":"YA","timestamp":"2023-11-09 14:31:32"},{"nodeID":"1364399","text":"Chris: AudienceMember 20230209QT16: it starts with you guys being honest about it","type":"L","timestamp":"2023-11-09 14:31:32"},{"nodeID":"1364400","text":"Asserting","type":"YA","timestamp":"2023-11-09 14:31:32"},{"nodeID":"1364401","text":"Default Rephrase","type":"MA","timestamp":"2023-11-09 14:31:32"},{"nodeID":"1364402","text":"Default Rephrase","type":"MA","timestamp":"2023-11-09 14:31:32"},{"nodeID":"1364403","text":"Default Rephrase","type":"MA","timestamp":"2023-11-09 14:31:32"},{"nodeID":"1364404","text":"Default Rephrase","type":"MA","timestamp":"2023-11-09 14:31:32"},{"nodeID":"1364405","text":"Default Transition","type":"TA","timestamp":"2023-11-09 14:31:32"},{"nodeID":"1364406","text":"Default Transition","type":"TA","timestamp":"2023-11-09 14:31:32"},{"nodeID":"1364407","text":"Default Transition","type":"TA","timestamp":"2023-11-09 14:31:32"},{"nodeID":"1364408","text":"Default Transition","type":"TA","timestamp":"2023-11-09 14:31:32"},{"nodeID":"1364409","text":"Restating","type":"YA","timestamp":"2023-11-09 14:31:32"},{"nodeID":"1364410","text":"Restating","type":"YA","timestamp":"2023-11-09 14:31:32"},{"nodeID":"1364411","text":"Restating","type":"YA","timestamp":"2023-11-09 14:31:32"},{"nodeID":"1364412","text":"Restating","type":"YA","timestamp":"2023-11-09 14:31:32"},{"nodeID":"1364413","text":"those opposed to gender reforms wonder why safeguarding has been tightened for women's prisons but not women-only spaces in society","type":"I","timestamp":"2023-11-09 14:31:33"},{"nodeID":"1364414","text":"AudienceMember 20230209QT17: Those opposed to gender reforms wonder why safeguarding has been tightened for women's prisons but not women-only spaces in society","type":"L","timestamp":"2023-11-09 14:31:33"},{"nodeID":"1364415","text":"Analysing","type":"YA","timestamp":"2023-11-09 14:31:33"},{"nodeID":"1364416","text":"Chris: AudienceMember 20230209QT17: Those opposed to gender reforms wonder why safeguarding has been tightened for women's prisons but not women-only spaces in society","type":"L","timestamp":"2023-11-09 14:31:33"},{"nodeID":"1364417","text":"Asserting","type":"YA","timestamp":"2023-11-09 14:31:33"},{"nodeID":"1364418","text":"Default Transition","type":"TA","timestamp":"2023-11-09 14:31:33"},{"nodeID":"1364419","text":"there should or should not be a wider review in light of the double rapist Isla Bryson","type":"I","timestamp":"2023-11-09 14:31:33"},{"nodeID":"1364420","text":"AudienceMember 20230209QT17: Should there be a wider review in light of the double rapist Isla Bryson","type":"L","timestamp":"2023-11-09 14:31:33"},{"nodeID":"1364421","text":"Analysing","type":"YA","timestamp":"2023-11-09 14:31:33"},{"nodeID":"1364422","text":"Chris: AudienceMember 20230209QT17: Should there be a wider review in light of the double rapist Isla Bryson","type":"L","timestamp":"2023-11-09 14:31:33"},{"nodeID":"1364423","text":"Pure Questioning","type":"YA","timestamp":"2023-11-09 14:31:33"},{"nodeID":"1364424","text":"Scotland has passed a law, which Westminster has vetoed, which would make it easier and quicker to change gender","type":"I","timestamp":"2023-11-09 14:31:34"},{"nodeID":"1364425","text":"Fiona Bruce: Scotland has passed a law, which Westminster has vetoed, which would make it easier and quicker to change gender","type":"L","timestamp":"2023-11-09 14:31:34"},{"nodeID":"1364426","text":"Analysing","type":"YA","timestamp":"2023-11-09 14:31:34"},{"nodeID":"1364427","text":"Chris: Fiona Bruce: Scotland has passed a law, which Westminster has vetoed, which would make it easier and quicker to change gender","type":"L","timestamp":"2023-11-09 14:31:34"},{"nodeID":"1364428","text":"Asserting","type":"YA","timestamp":"2023-11-09 14:31:34"},{"nodeID":"1364429","text":"Default Transition","type":"TA","timestamp":"2023-11-09 14:31:34"},{"nodeID":"1364430","text":"Default Transition","type":"TA","timestamp":"2023-11-09 14:31:34"},{"nodeID":"1364431","text":"at the same time a convicted male rapist, the Isla Bryson you are referring to, is claiming to be a woman and wants to be in a woman's prison","type":"I","timestamp":"2023-11-09 14:31:35"},{"nodeID":"1364432","text":"Fiona Bruce: at the same time a convicted male rapist, the Isla Bryson you are referring to, is claiming to be a woman and wants to be in a woman's prison","type":"L","timestamp":"2023-11-09 14:31:35"},{"nodeID":"1364433","text":"Analysing","type":"YA","timestamp":"2023-11-09 14:31:35"},{"nodeID":"1364434","text":"Chris: Fiona Bruce: at the same time a convicted male rapist, the Isla Bryson you are referring to, is claiming to be a woman and wants to be in a woman's prison","type":"L","timestamp":"2023-11-09 14:31:35"},{"nodeID":"1364435","text":"Asserting","type":"YA","timestamp":"2023-11-09 14:31:35"},{"nodeID":"1364436","text":"Default Transition","type":"TA","timestamp":"2023-11-09 14:31:35"},{"nodeID":"1364437","text":"the decision to transfer Isla Bryson is now under review","type":"I","timestamp":"2023-11-09 14:31:35"},{"nodeID":"1364438","text":"Fiona Bruce: That decision is now under review","type":"L","timestamp":"2023-11-09 14:31:35"},{"nodeID":"1364439","text":"Analysing","type":"YA","timestamp":"2023-11-09 14:31:35"},{"nodeID":"1364440","text":"Chris: Fiona Bruce: That decision is now under review","type":"L","timestamp":"2023-11-09 14:31:35"},{"nodeID":"1364441","text":"Asserting","type":"YA","timestamp":"2023-11-09 14:31:35"},{"nodeID":"1364442","text":"Default Transition","type":"TA","timestamp":"2023-11-09 14:31:35"},{"nodeID":"1364443","text":"Default Rephrase","type":"MA","timestamp":"2023-11-09 14:31:35"},{"nodeID":"1364444","text":"Restating","type":"YA","timestamp":"2023-11-09 14:31:35"}],"edges":[{"edgeID":"1785441","fromID":"1364378","toID":"1364377","formEdgeID":null},{"edgeID":"1785442","fromID":"1364379","toID":"1364378","formEdgeID":null},{"edgeID":"1785443","fromID":"1364377","toID":"1364380","formEdgeID":null},{"edgeID":"1785444","fromID":"1364380","toID":"1364376","formEdgeID":null},{"edgeID":"1785445","fromID":"1364383","toID":"1364382","formEdgeID":null},{"edgeID":"1785446","fromID":"1364384","toID":"1364383","formEdgeID":null},{"edgeID":"1785447","fromID":"1364382","toID":"1364385","formEdgeID":null},{"edgeID":"1785448","fromID":"1364385","toID":"1364381","formEdgeID":null},{"edgeID":"1785449","fromID":"1364388","toID":"1364387","formEdgeID":null},{"edgeID":"1785450","fromID":"1364389","toID":"1364388","formEdgeID":null},{"edgeID":"1785451","fromID":"1364387","toID":"1364390","formEdgeID":null},{"edgeID":"1785452","fromID":"1364390","toID":"1364386","formEdgeID":null},{"edgeID":"1785453","fromID":"1364393","toID":"1364392","formEdgeID":null},{"edgeID":"1785454","fromID":"1364394","toID":"1364393","formEdgeID":null},{"edgeID":"1785455","fromID":"1364392","toID":"1364395","formEdgeID":null},{"edgeID":"1785456","fromID":"1364395","toID":"1364391","formEdgeID":null},{"edgeID":"1785457","fromID":"1364398","toID":"1364397","formEdgeID":null},{"edgeID":"1785458","fromID":"1364399","toID":"1364398","formEdgeID":null},{"edgeID":"1785459","fromID":"1364397","toID":"1364400","formEdgeID":null},{"edgeID":"1785460","fromID":"1364400","toID":"1364396","formEdgeID":null},{"edgeID":"1785461","fromID":"1364381","toID":"1364401","formEdgeID":null},{"edgeID":"1785462","fromID":"1364401","toID":"1364376","formEdgeID":null},{"edgeID":"1785463","fromID":"1364386","toID":"1364402","formEdgeID":null},{"edgeID":"1785464","fromID":"1364402","toID":"1364381","formEdgeID":null},{"edgeID":"1785465","fromID":"1364391","toID":"1364403","formEdgeID":null},{"edgeID":"1785466","fromID":"1364403","toID":"1364386","formEdgeID":null},{"edgeID":"1785467","fromID":"1364396","toID":"1364404","formEdgeID":null},{"edgeID":"1785468","fromID":"1364404","toID":"1364403","formEdgeID":null},{"edgeID":"1785469","fromID":"1364377","toID":"1364405","formEdgeID":null},{"edgeID":"1785470","fromID":"1364405","toID":"1364382","formEdgeID":null},{"edgeID":"1785471","fromID":"1364382","toID":"1364406","formEdgeID":null},{"edgeID":"1785472","fromID":"1364406","toID":"1364387","formEdgeID":null},{"edgeID":"1785473","fromID":"1364387","toID":"1364407","formEdgeID":null},{"edgeID":"1785474","fromID":"1364407","toID":"1364392","formEdgeID":null},{"edgeID":"1785475","fromID":"1364392","toID":"1364408","formEdgeID":null},{"edgeID":"1785476","fromID":"1364408","toID":"1364397","formEdgeID":null},{"edgeID":"1785477","fromID":"1364408","toID":"1364409","formEdgeID":null},{"edgeID":"1785478","fromID":"1364409","toID":"1364404","formEdgeID":null},{"edgeID":"1785479","fromID":"1364407","toID":"1364410","formEdgeID":null},{"edgeID":"1785480","fromID":"1364410","toID":"1364403","formEdgeID":null},{"edgeID":"1785481","fromID":"1364406","toID":"1364411","formEdgeID":null},{"edgeID":"1785482","fromID":"1364411","toID":"1364402","formEdgeID":null},{"edgeID":"1785483","fromID":"1364405","toID":"1364412","formEdgeID":null},{"edgeID":"1785484","fromID":"1364412","toID":"1364401","formEdgeID":null},{"edgeID":"1785485","fromID":"1364415","toID":"1364414","formEdgeID":null},{"edgeID":"1785486","fromID":"1364416","toID":"1364415","formEdgeID":null},{"edgeID":"1785487","fromID":"1364414","toID":"1364417","formEdgeID":null},{"edgeID":"1785488","fromID":"1364417","toID":"1364413","formEdgeID":null},{"edgeID":"1785489","fromID":"1364397","toID":"1364418","formEdgeID":null},{"edgeID":"1785490","fromID":"1364418","toID":"1364414","formEdgeID":null},{"edgeID":"1785491","fromID":"1364421","toID":"1364420","formEdgeID":null},{"edgeID":"1785492","fromID":"1364422","toID":"1364421","formEdgeID":null},{"edgeID":"1785493","fromID":"1364420","toID":"1364423","formEdgeID":null},{"edgeID":"1785494","fromID":"1364423","toID":"1364419","formEdgeID":null},{"edgeID":"1785495","fromID":"1364426","toID":"1364425","formEdgeID":null},{"edgeID":"1785496","fromID":"1364427","toID":"1364426","formEdgeID":null},{"edgeID":"1785497","fromID":"1364425","toID":"1364428","formEdgeID":null},{"edgeID":"1785498","fromID":"1364428","toID":"1364424","formEdgeID":null},{"edgeID":"1785499","fromID":"1364414","toID":"1364429","formEdgeID":null},{"edgeID":"1785500","fromID":"1364429","toID":"1364420","formEdgeID":null},{"edgeID":"1785501","fromID":"1364420","toID":"1364430","formEdgeID":null},{"edgeID":"1785502","fromID":"1364430","toID":"1364425","formEdgeID":null},{"edgeID":"1785503","fromID":"1364433","toID":"1364432","formEdgeID":null},{"edgeID":"1785504","fromID":"1364434","toID":"1364433","formEdgeID":null},{"edgeID":"1785505","fromID":"1364432","toID":"1364435","formEdgeID":null},{"edgeID":"1785506","fromID":"1364435","toID":"1364431","formEdgeID":null},{"edgeID":"1785507","fromID":"1364425","toID":"1364436","formEdgeID":null},{"edgeID":"1785508","fromID":"1364436","toID":"1364432","formEdgeID":null},{"edgeID":"1785509","fromID":"1364439","toID":"1364438","formEdgeID":null},{"edgeID":"1785510","fromID":"1364440","toID":"1364439","formEdgeID":null},{"edgeID":"1785511","fromID":"1364438","toID":"1364441","formEdgeID":null},{"edgeID":"1785512","fromID":"1364441","toID":"1364437","formEdgeID":null},{"edgeID":"1785513","fromID":"1364432","toID":"1364442","formEdgeID":null},{"edgeID":"1785514","fromID":"1364442","toID":"1364438","formEdgeID":null},{"edgeID":"1785515","fromID":"1364437","toID":"1364443","formEdgeID":null},{"edgeID":"1785516","fromID":"1364443","toID":"1364431","formEdgeID":null},{"edgeID":"1785517","fromID":"1364442","toID":"1364444","formEdgeID":null},{"edgeID":"1785518","fromID":"1364444","toID":"1364443","formEdgeID":null}],"locutions":[]}