{"nodes":[{"nodeID":"1381398","text":"we want to get a resolution","type":"I","timestamp":"2023-11-09 14:55:33"},{"nodeID":"1381399","text":"Jenny Gilruth: We want to get a resolution","type":"L","timestamp":"2023-11-09 14:55:33"},{"nodeID":"1381400","text":"Analysing","type":"YA","timestamp":"2023-11-09 14:55:33"},{"nodeID":"1381401","text":"Anon: Jenny Gilruth: We want to get a resolution","type":"L","timestamp":"2023-11-09 14:55:33"},{"nodeID":"1381402","text":"Asserting","type":"YA","timestamp":"2023-11-09 14:55:33"},{"nodeID":"1381403","text":"we asked for more detail","type":"I","timestamp":"2023-11-09 14:55:34"},{"nodeID":"1381404","text":"Jenny Gilruth:  we asked for more detail","type":"L","timestamp":"2023-11-09 14:55:34"},{"nodeID":"1381405","text":"Analysing","type":"YA","timestamp":"2023-11-09 14:55:34"},{"nodeID":"1381406","text":"Anon: Jenny Gilruth:  we asked for more detail","type":"L","timestamp":"2023-11-09 14:55:34"},{"nodeID":"1381407","text":"Asserting","type":"YA","timestamp":"2023-11-09 14:55:34"},{"nodeID":"1381408","text":"perhaps John Lamont can tell us what the key challenges are","type":"I","timestamp":"2023-11-09 14:55:35"},{"nodeID":"1381409","text":"Jenny Gilruth: perhaps you can tell us what the key challenges are","type":"L","timestamp":"2023-11-09 14:55:35"},{"nodeID":"1381410","text":"Analysing","type":"YA","timestamp":"2023-11-09 14:55:35"},{"nodeID":"1381411","text":"Anon: Jenny Gilruth: perhaps you can tell us what the key challenges are","type":"L","timestamp":"2023-11-09 14:55:35"},{"nodeID":"1381412","text":"Asserting","type":"YA","timestamp":"2023-11-09 14:55:35"},{"nodeID":"1381413","text":"Default Inference","type":"RA","timestamp":"2023-11-09 14:55:35"},{"nodeID":"1381414","text":"Default Transition","type":"TA","timestamp":"2023-11-09 14:55:35"},{"nodeID":"1381415","text":"Default Transition","type":"TA","timestamp":"2023-11-09 14:55:35"},{"nodeID":"1381416","text":"Arguing","type":"YA","timestamp":"2023-11-09 14:55:35"},{"nodeID":"1381417","text":"we can get a resolution","type":"I","timestamp":"2023-11-09 14:55:35"},{"nodeID":"1381418","text":"Jenny Gilruth: we can get a resolution","type":"L","timestamp":"2023-11-09 14:55:35"},{"nodeID":"1381419","text":"Analysing","type":"YA","timestamp":"2023-11-09 14:55:35"},{"nodeID":"1381420","text":"Anon: Jenny Gilruth: we can get a resolution","type":"L","timestamp":"2023-11-09 14:55:35"},{"nodeID":"1381421","text":"Asserting","type":"YA","timestamp":"2023-11-09 14:55:35"},{"nodeID":"1381422","text":"Default Inference","type":"RA","timestamp":"2023-11-09 14:55:35"},{"nodeID":"1381423","text":"Default Transition","type":"TA","timestamp":"2023-11-09 14:55:35"},{"nodeID":"1381424","text":"Arguing","type":"YA","timestamp":"2023-11-09 14:55:35"},{"nodeID":"1381425","text":"the Secretary of State was very clear, both in the House of Commons when he made the statement","type":"I","timestamp":"2023-11-09 14:55:36"},{"nodeID":"1381426","text":"John Lamont: The Secretary of State was very clear, both in the House of Commons when he made the statement","type":"L","timestamp":"2023-11-09 14:55:36"},{"nodeID":"1381427","text":"Analysing","type":"YA","timestamp":"2023-11-09 14:55:36"},{"nodeID":"1381428","text":"Anon: John Lamont: The Secretary of State was very clear, both in the House of Commons when he made the statement","type":"L","timestamp":"2023-11-09 14:55:36"},{"nodeID":"1381429","text":"Asserting","type":"YA","timestamp":"2023-11-09 14:55:36"},{"nodeID":"1381430","text":"Default Transition","type":"TA","timestamp":"2023-11-09 14:55:36"},{"nodeID":"1381431","text":"John Lamont would like the situation to change in an xxx way","type":"I","timestamp":"2023-11-09 14:55:36"},{"nodeID":"1381432","text":"Fiona Bruce: How would you like it to change","type":"L","timestamp":"2023-11-09 14:55:36"},{"nodeID":"1381433","text":"Analysing","type":"YA","timestamp":"2023-11-09 14:55:36"},{"nodeID":"1381434","text":"Anon: Fiona Bruce: How would you like it to change","type":"L","timestamp":"2023-11-09 14:55:36"},{"nodeID":"1381435","text":"Pure Questioning","type":"YA","timestamp":"2023-11-09 14:55:36"},{"nodeID":"1381436","text":"Default Transition","type":"TA","timestamp":"2023-11-09 14:55:36"},{"nodeID":"1381437","text":"we set out the concerns that we have","type":"I","timestamp":"2023-11-09 14:55:37"},{"nodeID":"1381438","text":"John Lamont: We set out the concerns that we have","type":"L","timestamp":"2023-11-09 14:55:37"},{"nodeID":"1381439","text":"Analysing","type":"YA","timestamp":"2023-11-09 14:55:37"},{"nodeID":"1381440","text":"Anon: John Lamont: We set out the concerns that we have","type":"L","timestamp":"2023-11-09 14:55:37"},{"nodeID":"1381441","text":"Asserting","type":"YA","timestamp":"2023-11-09 14:55:37"},{"nodeID":"1381442","text":"an example was used earlier about prisons","type":"I","timestamp":"2023-11-09 14:55:38"},{"nodeID":"1381443","text":"John Lamont: The example that was used earlier about prisons","type":"L","timestamp":"2023-11-09 14:55:38"},{"nodeID":"1381444","text":"Analysing","type":"YA","timestamp":"2023-11-09 14:55:38"},{"nodeID":"1381445","text":"Anon: John Lamont: The example that was used earlier about prisons","type":"L","timestamp":"2023-11-09 14:55:38"},{"nodeID":"1381446","text":"Asserting","type":"YA","timestamp":"2023-11-09 14:55:38"},{"nodeID":"1381447","text":"the other real concern we have is, for example, women's refuges","type":"I","timestamp":"2023-11-09 14:55:38"},{"nodeID":"1381448","text":"John Lamont: the other real concern we have is, for example, women's refuges","type":"L","timestamp":"2023-11-09 14:55:38"},{"nodeID":"1381449","text":"Analysing","type":"YA","timestamp":"2023-11-09 14:55:38"},{"nodeID":"1381450","text":"Anon: John Lamont: the other real concern we have is, for example, women's refuges","type":"L","timestamp":"2023-11-09 14:55:38"},{"nodeID":"1381451","text":"Asserting","type":"YA","timestamp":"2023-11-09 14:55:38"},{"nodeID":"1381452","text":"Default Transition","type":"TA","timestamp":"2023-11-09 14:55:38"},{"nodeID":"1381453","text":"Default Rephrase","type":"MA","timestamp":"2023-11-09 14:55:38"},{"nodeID":"1381454","text":"Default Transition","type":"TA","timestamp":"2023-11-09 14:55:38"},{"nodeID":"1381455","text":"Default Rephrase","type":"MA","timestamp":"2023-11-09 14:55:38"},{"nodeID":"1381456","text":"Default Transition","type":"TA","timestamp":"2023-11-09 14:55:38"},{"nodeID":"1381457","text":"Restating","type":"YA","timestamp":"2023-11-09 14:55:38"},{"nodeID":"1381458","text":"Restating","type":"YA","timestamp":"2023-11-09 14:55:38"},{"nodeID":"1381459","text":"somebody changed their gender to allow them to have access to a women's-only safe place","type":"I","timestamp":"2023-11-09 14:55:39"},{"nodeID":"1381460","text":"John Lamont: somebody changed their gender to allow them to have access to a women's-only safe place","type":"L","timestamp":"2023-11-09 14:55:39"},{"nodeID":"1381461","text":"Analysing","type":"YA","timestamp":"2023-11-09 14:55:39"},{"nodeID":"1381462","text":"Anon: John Lamont: somebody changed their gender to allow them to have access to a women's-only safe place","type":"L","timestamp":"2023-11-09 14:55:39"},{"nodeID":"1381463","text":"Asserting","type":"YA","timestamp":"2023-11-09 14:55:39"},{"nodeID":"1381464","text":"Default Inference","type":"RA","timestamp":"2023-11-09 14:55:39"},{"nodeID":"1381465","text":"Default Transition","type":"TA","timestamp":"2023-11-09 14:55:39"},{"nodeID":"1381466","text":"Arguing","type":"YA","timestamp":"2023-11-09 14:55:39"},{"nodeID":"1381467","text":"a number of organisations supporting refuges in Scotland have supported the Gender Reform Act","type":"I","timestamp":"2023-11-09 14:55:39"},{"nodeID":"1381468","text":"Fiona Bruce: a number of organisations supporting refuges in Scotland have supported the Gender Reform Act","type":"L","timestamp":"2023-11-09 14:55:39"},{"nodeID":"1381469","text":"Analysing","type":"YA","timestamp":"2023-11-09 14:55:39"},{"nodeID":"1381470","text":"Anon: Fiona Bruce: a number of organisations supporting refuges in Scotland have supported the Gender Reform Act","type":"L","timestamp":"2023-11-09 14:55:39"},{"nodeID":"1381471","text":"Asserting","type":"YA","timestamp":"2023-11-09 14:55:39"},{"nodeID":"1381472","text":"Default Transition","type":"TA","timestamp":"2023-11-09 14:55:39"},{"nodeID":"1381473","text":"being in favour of the Gender Reform Act is not a consistent view","type":"I","timestamp":"2023-11-09 14:55:40"},{"nodeID":"1381474","text":"John Lamont:  It is not a consistent view","type":"L","timestamp":"2023-11-09 14:55:40"},{"nodeID":"1381475","text":"Analysing","type":"YA","timestamp":"2023-11-09 14:55:40"},{"nodeID":"1381476","text":"Anon: John Lamont:  It is not a consistent view","type":"L","timestamp":"2023-11-09 14:55:40"},{"nodeID":"1381477","text":"Asserting","type":"YA","timestamp":"2023-11-09 14:55:40"},{"nodeID":"1381478","text":"Default Transition","type":"TA","timestamp":"2023-11-09 14:55:40"},{"nodeID":"1381479","text":"Default Rephrase","type":"MA","timestamp":"2023-11-09 14:55:40"},{"nodeID":"1381480","text":"Restating","type":"YA","timestamp":"2023-11-09 14:55:40"},{"nodeID":"1381481","text":"big concerns raised in Scotland about the impact that the Gender Reform Act is going to have","type":"I","timestamp":"2023-11-09 14:55:41"},{"nodeID":"1381482","text":"John Lamont: Big concerns raised in Scotland about the impact that this Act is going to have","type":"L","timestamp":"2023-11-09 14:55:41"},{"nodeID":"1381483","text":"Analysing","type":"YA","timestamp":"2023-11-09 14:55:41"},{"nodeID":"1381484","text":"Anon: John Lamont: Big concerns raised in Scotland about the impact that this Act is going to have","type":"L","timestamp":"2023-11-09 14:55:41"},{"nodeID":"1381485","text":"Asserting","type":"YA","timestamp":"2023-11-09 14:55:41"},{"nodeID":"1381486","text":"Default Rephrase","type":"MA","timestamp":"2023-11-09 14:55:41"},{"nodeID":"1381487","text":"Default Transition","type":"TA","timestamp":"2023-11-09 14:55:41"},{"nodeID":"1381488","text":"Restating","type":"YA","timestamp":"2023-11-09 14:55:41"},{"nodeID":"1381489","text":"in terms of particular changes, there's nothing John Lamont is going to suggest here","type":"I","timestamp":"2023-11-09 14:55:41"},{"nodeID":"1381490","text":"Fiona Bruce: In terms of particular changes there's nothing you are going to suggest here","type":"L","timestamp":"2023-11-09 14:55:41"},{"nodeID":"1381491","text":"Analysing","type":"YA","timestamp":"2023-11-09 14:55:41"},{"nodeID":"1381492","text":"Anon: Fiona Bruce: In terms of particular changes there's nothing you are going to suggest here","type":"L","timestamp":"2023-11-09 14:55:41"},{"nodeID":"1381493","text":"Asserting","type":"YA","timestamp":"2023-11-09 14:55:41"},{"nodeID":"1381494","text":"Default Transition","type":"TA","timestamp":"2023-11-09 14:55:41"},{"nodeID":"1381495","text":"the Gender Reform Act is the Scottish government's bill","type":"I","timestamp":"2023-11-09 14:55:42"},{"nodeID":"1381496","text":"John Lamont: It is the Scottish government's bill","type":"L","timestamp":"2023-11-09 14:55:42"},{"nodeID":"1381497","text":"Analysing","type":"YA","timestamp":"2023-11-09 14:55:42"},{"nodeID":"1381498","text":"Anon: John Lamont: It is the Scottish government's bill","type":"L","timestamp":"2023-11-09 14:55:42"},{"nodeID":"1381499","text":"Asserting","type":"YA","timestamp":"2023-11-09 14:55:42"},{"nodeID":"1381500","text":"the fact that the Gender Reform Act is the Scottish government's bill is important","type":"I","timestamp":"2023-11-09 14:55:42"},{"nodeID":"1381501","text":"John Lamont: this is so important","type":"L","timestamp":"2023-11-09 14:55:42"},{"nodeID":"1381502","text":"Analysing","type":"YA","timestamp":"2023-11-09 14:55:42"},{"nodeID":"1381503","text":"Anon: John Lamont: this is so important","type":"L","timestamp":"2023-11-09 14:55:42"},{"nodeID":"1381504","text":"Asserting","type":"YA","timestamp":"2023-11-09 14:55:42"},{"nodeID":"1381505","text":"the fact that the Gender Reform Act is the Scottish government's bill has to be discussed","type":"I","timestamp":"2023-11-09 14:55:43"},{"nodeID":"1381506","text":"John Lamont:  it has to be discussed","type":"L","timestamp":"2023-11-09 14:55:43"},{"nodeID":"1381507","text":"Analysing","type":"YA","timestamp":"2023-11-09 14:55:43"},{"nodeID":"1381508","text":"Anon: John Lamont:  it has to be discussed","type":"L","timestamp":"2023-11-09 14:55:43"},{"nodeID":"1381509","text":"Asserting","type":"YA","timestamp":"2023-11-09 14:55:43"},{"nodeID":"1381510","text":"John Lamont is the only person on this Panel who is of the mind that sex is not something you can change","type":"I","timestamp":"2023-11-09 14:55:44"},{"nodeID":"1381511","text":"John Lamont:  I am the only person on this Panel who is of the mind, like the vast majority of the rest of the country, that sex is not something you can change","type":"L","timestamp":"2023-11-09 14:55:44"},{"nodeID":"1381512","text":"Analysing","type":"YA","timestamp":"2023-11-09 14:55:44"},{"nodeID":"1381513","text":"Anon: John Lamont:  I am the only person on this Panel who is of the mind, like the vast majority of the rest of the country, that sex is not something you can change","type":"L","timestamp":"2023-11-09 14:55:44"},{"nodeID":"1381514","text":"Asserting","type":"YA","timestamp":"2023-11-09 14:55:44"},{"nodeID":"1381515","text":"sex not being something you can change is the view of the vast majority of the rest of the country","type":"I","timestamp":"2023-11-09 14:55:44"},{"nodeID":"1381516","text":"John Lamont:  like the vast majority of the rest of the country","type":"L","timestamp":"2023-11-09 14:55:44"},{"nodeID":"1381517","text":"Analysing","type":"YA","timestamp":"2023-11-09 14:55:44"},{"nodeID":"1381518","text":"Anon: John Lamont:  like the vast majority of the rest of the country","type":"L","timestamp":"2023-11-09 14:55:44"},{"nodeID":"1381519","text":"Asserting","type":"YA","timestamp":"2023-11-09 14:55:44"},{"nodeID":"1381520","text":"Default Inference","type":"RA","timestamp":"2023-11-09 14:55:44"},{"nodeID":"1381521","text":"Default Inference","type":"RA","timestamp":"2023-11-09 14:55:44"},{"nodeID":"1381522","text":"Default Transition","type":"TA","timestamp":"2023-11-09 14:55:44"},{"nodeID":"1381523","text":"Default Transition","type":"TA","timestamp":"2023-11-09 14:55:44"},{"nodeID":"1381524","text":"Arguing","type":"YA","timestamp":"2023-11-09 14:55:44"},{"nodeID":"1381525","text":"Arguing","type":"YA","timestamp":"2023-11-09 14:55:44"},{"nodeID":"1381526","text":"Default Transition","type":"TA","timestamp":"2023-11-09 14:55:44"},{"nodeID":"1381527","text":"Default Rephrase","type":"MA","timestamp":"2023-11-09 14:55:44"},{"nodeID":"1381528","text":"Default Rephrase","type":"MA","timestamp":"2023-11-09 14:55:44"},{"nodeID":"1381529","text":"Restating","type":"YA","timestamp":"2023-11-09 14:55:44"},{"nodeID":"1381530","text":"Default Transition","type":"TA","timestamp":"2023-11-09 14:55:44"},{"nodeID":"1381531","text":"Restating","type":"YA","timestamp":"2023-11-09 14:55:44"},{"nodeID":"1381532","text":"Default Rephrase","type":"MA","timestamp":"2023-11-09 14:55:44"},{"nodeID":"1381533","text":"Default Transition","type":"TA","timestamp":"2023-11-09 14:55:44"},{"nodeID":"1381534","text":"Restating","type":"YA","timestamp":"2023-11-09 14:55:44"},{"nodeID":"1381535","text":"Default Inference","type":"RA","timestamp":"2023-11-09 14:55:44"},{"nodeID":"1381536","text":"Default Transition","type":"TA","timestamp":"2023-11-09 14:55:44"},{"nodeID":"1381537","text":"Arguing","type":"YA","timestamp":"2023-11-09 14:55:44"}],"edges":[{"edgeID":"1805603","fromID":"1381400","toID":"1381399","formEdgeID":null},{"edgeID":"1805604","fromID":"1381401","toID":"1381400","formEdgeID":null},{"edgeID":"1805605","fromID":"1381399","toID":"1381402","formEdgeID":null},{"edgeID":"1805606","fromID":"1381402","toID":"1381398","formEdgeID":null},{"edgeID":"1805607","fromID":"1381405","toID":"1381404","formEdgeID":null},{"edgeID":"1805608","fromID":"1381406","toID":"1381405","formEdgeID":null},{"edgeID":"1805609","fromID":"1381404","toID":"1381407","formEdgeID":null},{"edgeID":"1805610","fromID":"1381407","toID":"1381403","formEdgeID":null},{"edgeID":"1805611","fromID":"1381410","toID":"1381409","formEdgeID":null},{"edgeID":"1805612","fromID":"1381411","toID":"1381410","formEdgeID":null},{"edgeID":"1805613","fromID":"1381409","toID":"1381412","formEdgeID":null},{"edgeID":"1805614","fromID":"1381412","toID":"1381408","formEdgeID":null},{"edgeID":"1805615","fromID":"1381398","toID":"1381413","formEdgeID":null},{"edgeID":"1805616","fromID":"1381413","toID":"1381403","formEdgeID":null},{"edgeID":"1805617","fromID":"1381399","toID":"1381414","formEdgeID":null},{"edgeID":"1805618","fromID":"1381414","toID":"1381404","formEdgeID":null},{"edgeID":"1805619","fromID":"1381404","toID":"1381415","formEdgeID":null},{"edgeID":"1805620","fromID":"1381415","toID":"1381409","formEdgeID":null},{"edgeID":"1805621","fromID":"1381414","toID":"1381416","formEdgeID":null},{"edgeID":"1805622","fromID":"1381416","toID":"1381413","formEdgeID":null},{"edgeID":"1805623","fromID":"1381419","toID":"1381418","formEdgeID":null},{"edgeID":"1805624","fromID":"1381420","toID":"1381419","formEdgeID":null},{"edgeID":"1805625","fromID":"1381418","toID":"1381421","formEdgeID":null},{"edgeID":"1805626","fromID":"1381421","toID":"1381417","formEdgeID":null},{"edgeID":"1805627","fromID":"1381408","toID":"1381422","formEdgeID":null},{"edgeID":"1805628","fromID":"1381422","toID":"1381417","formEdgeID":null},{"edgeID":"1805629","fromID":"1381409","toID":"1381423","formEdgeID":null},{"edgeID":"1805630","fromID":"1381423","toID":"1381418","formEdgeID":null},{"edgeID":"1805631","fromID":"1381423","toID":"1381424","formEdgeID":null},{"edgeID":"1805632","fromID":"1381424","toID":"1381422","formEdgeID":null},{"edgeID":"1805633","fromID":"1381427","toID":"1381426","formEdgeID":null},{"edgeID":"1805634","fromID":"1381428","toID":"1381427","formEdgeID":null},{"edgeID":"1805635","fromID":"1381426","toID":"1381429","formEdgeID":null},{"edgeID":"1805636","fromID":"1381429","toID":"1381425","formEdgeID":null},{"edgeID":"1805637","fromID":"1381418","toID":"1381430","formEdgeID":null},{"edgeID":"1805638","fromID":"1381430","toID":"1381426","formEdgeID":null},{"edgeID":"1805639","fromID":"1381433","toID":"1381432","formEdgeID":null},{"edgeID":"1805640","fromID":"1381434","toID":"1381433","formEdgeID":null},{"edgeID":"1805641","fromID":"1381432","toID":"1381435","formEdgeID":null},{"edgeID":"1805642","fromID":"1381435","toID":"1381431","formEdgeID":null},{"edgeID":"1805643","fromID":"1381426","toID":"1381436","formEdgeID":null},{"edgeID":"1805644","fromID":"1381436","toID":"1381432","formEdgeID":null},{"edgeID":"1805645","fromID":"1381439","toID":"1381438","formEdgeID":null},{"edgeID":"1805646","fromID":"1381440","toID":"1381439","formEdgeID":null},{"edgeID":"1805647","fromID":"1381438","toID":"1381441","formEdgeID":null},{"edgeID":"1805648","fromID":"1381441","toID":"1381437","formEdgeID":null},{"edgeID":"1805649","fromID":"1381444","toID":"1381443","formEdgeID":null},{"edgeID":"1805650","fromID":"1381445","toID":"1381444","formEdgeID":null},{"edgeID":"1805651","fromID":"1381443","toID":"1381446","formEdgeID":null},{"edgeID":"1805652","fromID":"1381446","toID":"1381442","formEdgeID":null},{"edgeID":"1805653","fromID":"1381449","toID":"1381448","formEdgeID":null},{"edgeID":"1805654","fromID":"1381450","toID":"1381449","formEdgeID":null},{"edgeID":"1805655","fromID":"1381448","toID":"1381451","formEdgeID":null},{"edgeID":"1805656","fromID":"1381451","toID":"1381447","formEdgeID":null},{"edgeID":"1805657","fromID":"1381432","toID":"1381452","formEdgeID":null},{"edgeID":"1805658","fromID":"1381452","toID":"1381438","formEdgeID":null},{"edgeID":"1805659","fromID":"1381447","toID":"1381453","formEdgeID":null},{"edgeID":"1805660","fromID":"1381453","toID":"1381408","formEdgeID":null},{"edgeID":"1805661","fromID":"1381409","toID":"1381454","formEdgeID":null},{"edgeID":"1805662","fromID":"1381454","toID":"1381448","formEdgeID":null},{"edgeID":"1805663","fromID":"1381442","toID":"1381455","formEdgeID":null},{"edgeID":"1805664","fromID":"1381455","toID":"1381408","formEdgeID":null},{"edgeID":"1805665","fromID":"1381409","toID":"1381456","formEdgeID":null},{"edgeID":"1805666","fromID":"1381456","toID":"1381443","formEdgeID":null},{"edgeID":"1805667","fromID":"1381454","toID":"1381457","formEdgeID":null},{"edgeID":"1805668","fromID":"1381457","toID":"1381453","formEdgeID":null},{"edgeID":"1805669","fromID":"1381456","toID":"1381458","formEdgeID":null},{"edgeID":"1805670","fromID":"1381458","toID":"1381455","formEdgeID":null},{"edgeID":"1805671","fromID":"1381461","toID":"1381460","formEdgeID":null},{"edgeID":"1805672","fromID":"1381462","toID":"1381461","formEdgeID":null},{"edgeID":"1805673","fromID":"1381460","toID":"1381463","formEdgeID":null},{"edgeID":"1805674","fromID":"1381463","toID":"1381459","formEdgeID":null},{"edgeID":"1805675","fromID":"1381459","toID":"1381464","formEdgeID":null},{"edgeID":"1805676","fromID":"1381464","toID":"1381447","formEdgeID":null},{"edgeID":"1805677","fromID":"1381448","toID":"1381465","formEdgeID":null},{"edgeID":"1805678","fromID":"1381465","toID":"1381460","formEdgeID":null},{"edgeID":"1805679","fromID":"1381465","toID":"1381466","formEdgeID":null},{"edgeID":"1805680","fromID":"1381466","toID":"1381464","formEdgeID":null},{"edgeID":"1805681","fromID":"1381469","toID":"1381468","formEdgeID":null},{"edgeID":"1805682","fromID":"1381470","toID":"1381469","formEdgeID":null},{"edgeID":"1805683","fromID":"1381468","toID":"1381471","formEdgeID":null},{"edgeID":"1805684","fromID":"1381471","toID":"1381467","formEdgeID":null},{"edgeID":"1805685","fromID":"1381460","toID":"1381472","formEdgeID":null},{"edgeID":"1805686","fromID":"1381472","toID":"1381468","formEdgeID":null},{"edgeID":"1805687","fromID":"1381475","toID":"1381474","formEdgeID":null},{"edgeID":"1805688","fromID":"1381476","toID":"1381475","formEdgeID":null},{"edgeID":"1805689","fromID":"1381474","toID":"1381477","formEdgeID":null},{"edgeID":"1805690","fromID":"1381477","toID":"1381473","formEdgeID":null},{"edgeID":"1805691","fromID":"1381468","toID":"1381478","formEdgeID":null},{"edgeID":"1805692","fromID":"1381478","toID":"1381474","formEdgeID":null},{"edgeID":"1805693","fromID":"1381473","toID":"1381479","formEdgeID":null},{"edgeID":"1805694","fromID":"1381479","toID":"1381467","formEdgeID":null},{"edgeID":"1805695","fromID":"1381478","toID":"1381480","formEdgeID":null},{"edgeID":"1805696","fromID":"1381480","toID":"1381479","formEdgeID":null},{"edgeID":"1805697","fromID":"1381483","toID":"1381482","formEdgeID":null},{"edgeID":"1805698","fromID":"1381484","toID":"1381483","formEdgeID":null},{"edgeID":"1805699","fromID":"1381482","toID":"1381485","formEdgeID":null},{"edgeID":"1805700","fromID":"1381485","toID":"1381481","formEdgeID":null},{"edgeID":"1805701","fromID":"1381481","toID":"1381486","formEdgeID":null},{"edgeID":"1805702","fromID":"1381486","toID":"1381473","formEdgeID":null},{"edgeID":"1805703","fromID":"1381474","toID":"1381487","formEdgeID":null},{"edgeID":"1805704","fromID":"1381487","toID":"1381482","formEdgeID":null},{"edgeID":"1805705","fromID":"1381487","toID":"1381488","formEdgeID":null},{"edgeID":"1805706","fromID":"1381488","toID":"1381486","formEdgeID":null},{"edgeID":"1805707","fromID":"1381491","toID":"1381490","formEdgeID":null},{"edgeID":"1805708","fromID":"1381492","toID":"1381491","formEdgeID":null},{"edgeID":"1805709","fromID":"1381490","toID":"1381493","formEdgeID":null},{"edgeID":"1805710","fromID":"1381493","toID":"1381489","formEdgeID":null},{"edgeID":"1805711","fromID":"1381482","toID":"1381494","formEdgeID":null},{"edgeID":"1805712","fromID":"1381494","toID":"1381490","formEdgeID":null},{"edgeID":"1805713","fromID":"1381497","toID":"1381496","formEdgeID":null},{"edgeID":"1805714","fromID":"1381498","toID":"1381497","formEdgeID":null},{"edgeID":"1805715","fromID":"1381496","toID":"1381499","formEdgeID":null},{"edgeID":"1805716","fromID":"1381499","toID":"1381495","formEdgeID":null},{"edgeID":"1805717","fromID":"1381502","toID":"1381501","formEdgeID":null},{"edgeID":"1805718","fromID":"1381503","toID":"1381502","formEdgeID":null},{"edgeID":"1805719","fromID":"1381501","toID":"1381504","formEdgeID":null},{"edgeID":"1805720","fromID":"1381504","toID":"1381500","formEdgeID":null},{"edgeID":"1805721","fromID":"1381507","toID":"1381506","formEdgeID":null},{"edgeID":"1805722","fromID":"1381508","toID":"1381507","formEdgeID":null},{"edgeID":"1805723","fromID":"1381506","toID":"1381509","formEdgeID":null},{"edgeID":"1805724","fromID":"1381509","toID":"1381505","formEdgeID":null},{"edgeID":"1805725","fromID":"1381512","toID":"1381511","formEdgeID":null},{"edgeID":"1805726","fromID":"1381513","toID":"1381512","formEdgeID":null},{"edgeID":"1805727","fromID":"1381511","toID":"1381514","formEdgeID":null},{"edgeID":"1805728","fromID":"1381514","toID":"1381510","formEdgeID":null},{"edgeID":"1805729","fromID":"1381517","toID":"1381516","formEdgeID":null},{"edgeID":"1805730","fromID":"1381518","toID":"1381517","formEdgeID":null},{"edgeID":"1805731","fromID":"1381516","toID":"1381519","formEdgeID":null},{"edgeID":"1805732","fromID":"1381519","toID":"1381515","formEdgeID":null},{"edgeID":"1805733","fromID":"1381510","toID":"1381520","formEdgeID":null},{"edgeID":"1805734","fromID":"1381520","toID":"1381505","formEdgeID":null},{"edgeID":"1805735","fromID":"1381510","toID":"1381521","formEdgeID":null},{"edgeID":"1805736","fromID":"1381521","toID":"1381500","formEdgeID":null},{"edgeID":"1805737","fromID":"1381501","toID":"1381522","formEdgeID":null},{"edgeID":"1805738","fromID":"1381522","toID":"1381511","formEdgeID":null},{"edgeID":"1805739","fromID":"1381506","toID":"1381523","formEdgeID":null},{"edgeID":"1805740","fromID":"1381523","toID":"1381511","formEdgeID":null},{"edgeID":"1805741","fromID":"1381523","toID":"1381524","formEdgeID":null},{"edgeID":"1805742","fromID":"1381524","toID":"1381520","formEdgeID":null},{"edgeID":"1805743","fromID":"1381522","toID":"1381525","formEdgeID":null},{"edgeID":"1805744","fromID":"1381525","toID":"1381521","formEdgeID":null},{"edgeID":"1805745","fromID":"1381496","toID":"1381526","formEdgeID":null},{"edgeID":"1805746","fromID":"1381526","toID":"1381501","formEdgeID":null},{"edgeID":"1805747","fromID":"1381500","toID":"1381527","formEdgeID":null},{"edgeID":"1805748","fromID":"1381527","toID":"1381495","formEdgeID":null},{"edgeID":"1805749","fromID":"1381505","toID":"1381528","formEdgeID":null},{"edgeID":"1805750","fromID":"1381528","toID":"1381495","formEdgeID":null},{"edgeID":"1805751","fromID":"1381526","toID":"1381529","formEdgeID":null},{"edgeID":"1805752","fromID":"1381529","toID":"1381527","formEdgeID":null},{"edgeID":"1805753","fromID":"1381496","toID":"1381530","formEdgeID":null},{"edgeID":"1805754","fromID":"1381530","toID":"1381506","formEdgeID":null},{"edgeID":"1805755","fromID":"1381530","toID":"1381531","formEdgeID":null},{"edgeID":"1805756","fromID":"1381531","toID":"1381528","formEdgeID":null},{"edgeID":"1805757","fromID":"1381515","toID":"1381532","formEdgeID":null},{"edgeID":"1805758","fromID":"1381532","toID":"1381510","formEdgeID":null},{"edgeID":"1805759","fromID":"1381511","toID":"1381533","formEdgeID":null},{"edgeID":"1805760","fromID":"1381533","toID":"1381516","formEdgeID":null},{"edgeID":"1805761","fromID":"1381533","toID":"1381534","formEdgeID":null},{"edgeID":"1805762","fromID":"1381534","toID":"1381532","formEdgeID":null},{"edgeID":"1805763","fromID":"1381495","toID":"1381535","formEdgeID":null},{"edgeID":"1805764","fromID":"1381535","toID":"1381481","formEdgeID":null},{"edgeID":"1805765","fromID":"1381482","toID":"1381536","formEdgeID":null},{"edgeID":"1805766","fromID":"1381536","toID":"1381496","formEdgeID":null},{"edgeID":"1805767","fromID":"1381536","toID":"1381537","formEdgeID":null},{"edgeID":"1805768","fromID":"1381537","toID":"1381535","formEdgeID":null}],"locutions":[]}