{"nodes":[{"nodeID":"1366147","text":"this is the first time that we have in the same room, in the studio here, a representative of the UK government and the Scottish government after the UK government has vetoed, using Section 35, a law that has been passed by the Scottish Government","type":"I","timestamp":"2023-11-09 14:33:58"},{"nodeID":"1366148","text":"Fiona Bruce: This is the first time, as far as I'm aware, correct me if I'm wrong, that we have in the same room, in the studio here, a representative of the UK government and the Scottish government after the UK government has vetoed, using Section 35, a law that has been passed by the Scottish Government","type":"L","timestamp":"2023-11-09 14:33:58"},{"nodeID":"1366149","text":"Analysing","type":"YA","timestamp":"2023-11-09 14:33:58"},{"nodeID":"1366150","text":"Anon: Fiona Bruce: This is the first time, as far as I'm aware, correct me if I'm wrong, that we have in the same room, in the studio here, a representative of the UK government and the Scottish government after the UK government has vetoed, using Section 35, a law that has been passed by the Scottish Government","type":"L","timestamp":"2023-11-09 14:33:58"},{"nodeID":"1366151","text":"Assertive Questioning","type":"YA","timestamp":"2023-11-09 14:33:58"},{"nodeID":"1366152","text":"the law the UK government has vetoed is the gender reform","type":"I","timestamp":"2023-11-09 14:33:58"},{"nodeID":"1366153","text":"Fiona Bruce: by which I mean this gender reform","type":"L","timestamp":"2023-11-09 14:33:58"},{"nodeID":"1366154","text":"Analysing","type":"YA","timestamp":"2023-11-09 14:33:58"},{"nodeID":"1366155","text":"Anon: Fiona Bruce: by which I mean this gender reform","type":"L","timestamp":"2023-11-09 14:33:58"},{"nodeID":"1366156","text":"Asserting","type":"YA","timestamp":"2023-11-09 14:33:58"},{"nodeID":"1366157","text":"Default Transition","type":"TA","timestamp":"2023-11-09 14:33:58"},{"nodeID":"1366158","text":"Default Rephrase","type":"MA","timestamp":"2023-11-09 14:33:58"},{"nodeID":"1366159","text":"Restating","type":"YA","timestamp":"2023-11-09 14:33:58"},{"nodeID":"1366160","text":"the gender reform would make it easier for people to change their gender","type":"I","timestamp":"2023-11-09 14:33:59"},{"nodeID":"1366161","text":"Fiona Bruce: which would make it easier for people to change their gender","type":"L","timestamp":"2023-11-09 14:33:59"},{"nodeID":"1366162","text":"Analysing","type":"YA","timestamp":"2023-11-09 14:33:59"},{"nodeID":"1366163","text":"Anon: Fiona Bruce: which would make it easier for people to change their gender","type":"L","timestamp":"2023-11-09 14:33:59"},{"nodeID":"1366164","text":"Asserting","type":"YA","timestamp":"2023-11-09 14:33:59"},{"nodeID":"1366165","text":"Default Transition","type":"TA","timestamp":"2023-11-09 14:33:59"},{"nodeID":"1366166","text":"Default Rephrase","type":"MA","timestamp":"2023-11-09 14:33:59"},{"nodeID":"1366167","text":"Restating","type":"YA","timestamp":"2023-11-09 14:33:59"},{"nodeID":"1366168","text":"John Lamont might like to say why the UK government has chosen to veto the gender reform","type":"I","timestamp":"2023-11-09 14:34:00"},{"nodeID":"1366169","text":"Fiona Bruce: Would you like to say why the UK government has chosen to do that","type":"L","timestamp":"2023-11-09 14:34:00"},{"nodeID":"1366170","text":"Analysing","type":"YA","timestamp":"2023-11-09 14:34:00"},{"nodeID":"1366171","text":"Anon: Fiona Bruce: Would you like to say why the UK government has chosen to do that","type":"L","timestamp":"2023-11-09 14:34:00"},{"nodeID":"1366172","text":"Assertive Questioning","type":"YA","timestamp":"2023-11-09 14:34:00"},{"nodeID":"1366173","text":"Default Transition","type":"TA","timestamp":"2023-11-09 14:34:00"},{"nodeID":"1366174","text":"John Lamont: I will","type":"L","timestamp":"2023-11-09 14:34:00"},{"nodeID":"1366175","text":"Analysing","type":"YA","timestamp":"2023-11-09 14:34:00"},{"nodeID":"1366176","text":"Anon: John Lamont: I will","type":"L","timestamp":"2023-11-09 14:34:00"},{"nodeID":"1366177","text":"Default Transition","type":"TA","timestamp":"2023-11-09 14:34:00"},{"nodeID":"1366178","text":"Agreeing","type":"YA","timestamp":"2023-11-09 14:34:00"},{"nodeID":"1366179","text":"the key part of the question is that it is absolutely wrong that that man who committed two very serious sexual offences against women was allowed to be jailed in a female-only prison","type":"I","timestamp":"2023-11-09 14:34:00"},{"nodeID":"1366180","text":"John Lamont: It is absolutely wrong that that man who committed two very serious sexual offences against women was allowed to be jailed in a female-only prison","type":"L","timestamp":"2023-11-09 14:34:00"},{"nodeID":"1366181","text":"Analysing","type":"YA","timestamp":"2023-11-09 14:34:00"},{"nodeID":"1366182","text":"Anon: John Lamont: It is absolutely wrong that that man who committed two very serious sexual offences against women was allowed to be jailed in a female-only prison","type":"L","timestamp":"2023-11-09 14:34:00"},{"nodeID":"1366183","text":"Asserting","type":"YA","timestamp":"2023-11-09 14:34:00"},{"nodeID":"1366184","text":"that man who committed two very serious sexual offences against women was segregated from female prisoners","type":"I","timestamp":"2023-11-09 14:34:01"},{"nodeID":"1366185","text":"Fiona Bruce: He was segregated","type":"L","timestamp":"2023-11-09 14:34:01"},{"nodeID":"1366186","text":"Analysing","type":"YA","timestamp":"2023-11-09 14:34:01"},{"nodeID":"1366187","text":"Anon: Fiona Bruce: He was segregated","type":"L","timestamp":"2023-11-09 14:34:01"},{"nodeID":"1366188","text":"Asserting","type":"YA","timestamp":"2023-11-09 14:34:01"},{"nodeID":"1366189","text":"Default Transition","type":"TA","timestamp":"2023-11-09 14:34:01"},{"nodeID":"1366190","text":"Default Conflict","type":"CA","timestamp":"2023-11-09 14:34:01"},{"nodeID":"1366191","text":"Disagreeing","type":"YA","timestamp":"2023-11-09 14:34:01"},{"nodeID":"1366192","text":"serious questions have to be asked of the Scottish Prison Service and the Scottish government how it was allowed to happen that that man who committed two very serious sexual offences against women was allowed to be jailed in a female-only prison","type":"I","timestamp":"2023-11-09 14:34:02"},{"nodeID":"1366193","text":"John Lamont: Serious questions have to be asked of the Scottish Prison Service and the Scottish government how that was allowed to happen","type":"L","timestamp":"2023-11-09 14:34:02"},{"nodeID":"1366194","text":"Analysing","type":"YA","timestamp":"2023-11-09 14:34:02"},{"nodeID":"1366195","text":"Anon: John Lamont: Serious questions have to be asked of the Scottish Prison Service and the Scottish government how that was allowed to happen","type":"L","timestamp":"2023-11-09 14:34:02"},{"nodeID":"1366196","text":"Asserting","type":"YA","timestamp":"2023-11-09 14:34:02"},{"nodeID":"1366197","text":"Default Inference","type":"RA","timestamp":"2023-11-09 14:34:02"},{"nodeID":"1366198","text":"Default Transition","type":"TA","timestamp":"2023-11-09 14:34:02"},{"nodeID":"1366199","text":"Arguing","type":"YA","timestamp":"2023-11-09 14:34:02"},{"nodeID":"1366200","text":"we all know what a woman is","type":"I","timestamp":"2023-11-09 14:34:02"},{"nodeID":"1366201","text":"John Lamont: we all know what a woman is","type":"L","timestamp":"2023-11-09 14:34:02"},{"nodeID":"1366202","text":"Analysing","type":"YA","timestamp":"2023-11-09 14:34:02"},{"nodeID":"1366203","text":"Anon: John Lamont: we all know what a woman is","type":"L","timestamp":"2023-11-09 14:34:02"},{"nodeID":"1366204","text":"Asserting","type":"YA","timestamp":"2023-11-09 14:34:02"},{"nodeID":"1366205","text":"Default Transition","type":"TA","timestamp":"2023-11-09 14:34:02"},{"nodeID":"1366206","text":"we have mothers","type":"I","timestamp":"2023-11-09 14:34:03"},{"nodeID":"1366207","text":"John Lamont: We have mothers","type":"L","timestamp":"2023-11-09 14:34:03"},{"nodeID":"1366208","text":"Analysing","type":"YA","timestamp":"2023-11-09 14:34:03"},{"nodeID":"1366209","text":"Anon: John Lamont: We have mothers","type":"L","timestamp":"2023-11-09 14:34:03"},{"nodeID":"1366210","text":"Asserting","type":"YA","timestamp":"2023-11-09 14:34:03"},{"nodeID":"1366211","text":"we have sisters","type":"I","timestamp":"2023-11-09 14:34:03"},{"nodeID":"1366212","text":"John Lamont: we have sisters","type":"L","timestamp":"2023-11-09 14:34:03"},{"nodeID":"1366213","text":"Analysing","type":"YA","timestamp":"2023-11-09 14:34:03"},{"nodeID":"1366214","text":"Anon: John Lamont: we have sisters","type":"L","timestamp":"2023-11-09 14:34:03"},{"nodeID":"1366215","text":"Asserting","type":"YA","timestamp":"2023-11-09 14:34:03"},{"nodeID":"1366216","text":"we have biological women","type":"I","timestamp":"2023-11-09 14:34:04"},{"nodeID":"1366217","text":"John Lamont: we have biological women","type":"L","timestamp":"2023-11-09 14:34:04"},{"nodeID":"1366218","text":"Analysing","type":"YA","timestamp":"2023-11-09 14:34:04"},{"nodeID":"1366219","text":"Anon: John Lamont: we have biological women","type":"L","timestamp":"2023-11-09 14:34:04"},{"nodeID":"1366220","text":"Asserting","type":"YA","timestamp":"2023-11-09 14:34:04"},{"nodeID":"1366221","text":"we have trans women","type":"I","timestamp":"2023-11-09 14:34:05"},{"nodeID":"1366222","text":"John Lamont: trans women","type":"L","timestamp":"2023-11-09 14:34:05"},{"nodeID":"1366223","text":"Analysing","type":"YA","timestamp":"2023-11-09 14:34:05"},{"nodeID":"1366224","text":"Anon: John Lamont: trans women","type":"L","timestamp":"2023-11-09 14:34:05"},{"nodeID":"1366225","text":"Asserting","type":"YA","timestamp":"2023-11-09 14:34:05"},{"nodeID":"1366226","text":"Default Transition","type":"TA","timestamp":"2023-11-09 14:34:05"},{"nodeID":"1366227","text":"Default Transition","type":"TA","timestamp":"2023-11-09 14:34:05"},{"nodeID":"1366228","text":"Default Transition","type":"TA","timestamp":"2023-11-09 14:34:05"},{"nodeID":"1366229","text":"Default Transition","type":"TA","timestamp":"2023-11-09 14:34:05"},{"nodeID":"1366230","text":"Default Inference","type":"RA","timestamp":"2023-11-09 14:34:05"},{"nodeID":"1366231","text":"Arguing","type":"YA","timestamp":"2023-11-09 14:34:05"},{"nodeID":"1366232","text":"Default Inference","type":"RA","timestamp":"2023-11-09 14:34:05"},{"nodeID":"1366233","text":"Arguing","type":"YA","timestamp":"2023-11-09 14:34:05"},{"nodeID":"1366234","text":"we have a legal process to allow people to change their gender","type":"I","timestamp":"2023-11-09 14:34:05"},{"nodeID":"1366235","text":"John Lamont: we have a legal process to allow people to change their gender","type":"L","timestamp":"2023-11-09 14:34:05"},{"nodeID":"1366236","text":"Analysing","type":"YA","timestamp":"2023-11-09 14:34:05"},{"nodeID":"1366237","text":"Anon: John Lamont: we have a legal process to allow people to change their gender","type":"L","timestamp":"2023-11-09 14:34:05"},{"nodeID":"1366238","text":"Asserting","type":"YA","timestamp":"2023-11-09 14:34:05"},{"nodeID":"1366239","text":"Default Transition","type":"TA","timestamp":"2023-11-09 14:34:05"},{"nodeID":"1366240","text":"Default Rephrase","type":"MA","timestamp":"2023-11-09 14:34:05"},{"nodeID":"1366241","text":"Restating","type":"YA","timestamp":"2023-11-09 14:34:05"},{"nodeID":"1366242","text":"John Lamont personally supports that we have a legal process to allow people to change their gender","type":"I","timestamp":"2023-11-09 14:34:06"},{"nodeID":"1366243","text":"John Lamont: That's something that I personally support","type":"L","timestamp":"2023-11-09 14:34:06"},{"nodeID":"1366244","text":"Analysing","type":"YA","timestamp":"2023-11-09 14:34:06"},{"nodeID":"1366245","text":"Anon: John Lamont: That's something that I personally support","type":"L","timestamp":"2023-11-09 14:34:06"},{"nodeID":"1366246","text":"Asserting","type":"YA","timestamp":"2023-11-09 14:34:06"},{"nodeID":"1366247","text":"Default Transition","type":"TA","timestamp":"2023-11-09 14:34:06"},{"nodeID":"1366248","text":"the UK government supports that we have a legal process to allow people to change their gender","type":"I","timestamp":"2023-11-09 14:34:07"},{"nodeID":"1366249","text":"John Lamont: the UK government supports","type":"L","timestamp":"2023-11-09 14:34:07"},{"nodeID":"1366250","text":"Analysing","type":"YA","timestamp":"2023-11-09 14:34:07"},{"nodeID":"1366251","text":"Anon: John Lamont: the UK government supports","type":"L","timestamp":"2023-11-09 14:34:07"},{"nodeID":"1366252","text":"Asserting","type":"YA","timestamp":"2023-11-09 14:34:07"},{"nodeID":"1366253","text":"we need to support people and recognise the very challenging circumstances that people going through the process of changing their gender have to face","type":"I","timestamp":"2023-11-09 14:34:07"},{"nodeID":"1366254","text":"John Lamont: we need to support people and recognise the very challenging circumstances that people going through that process have to face","type":"L","timestamp":"2023-11-09 14:34:07"},{"nodeID":"1366255","text":"Analysing","type":"YA","timestamp":"2023-11-09 14:34:07"},{"nodeID":"1366256","text":"Anon: John Lamont: we need to support people and recognise the very challenging circumstances that people going through that process have to face","type":"L","timestamp":"2023-11-09 14:34:07"},{"nodeID":"1366257","text":"Asserting","type":"YA","timestamp":"2023-11-09 14:34:07"},{"nodeID":"1366258","text":"Default Transition","type":"TA","timestamp":"2023-11-09 14:34:07"},{"nodeID":"1366259","text":"Default Transition","type":"TA","timestamp":"2023-11-09 14:34:07"},{"nodeID":"1366260","text":"Default Inference","type":"RA","timestamp":"2023-11-09 14:34:07"},{"nodeID":"1366261","text":"Arguing","type":"YA","timestamp":"2023-11-09 14:34:07"},{"nodeID":"1366262","text":"Default Transition","type":"TA","timestamp":"2023-11-09 14:34:07"},{"nodeID":"1366263","text":"John Lamont:  biological women","type":"L","timestamp":"2023-11-09 14:34:07"},{"nodeID":"1366264","text":"Analysing","type":"YA","timestamp":"2023-11-09 14:34:07"},{"nodeID":"1366265","text":"Anon: John Lamont:  biological women","type":"L","timestamp":"2023-11-09 14:34:07"},{"nodeID":"1366266","text":"Default Transition","type":"TA","timestamp":"2023-11-09 14:34:07"},{"nodeID":"1366267","text":"Default Transition","type":"TA","timestamp":"2023-11-09 14:34:07"},{"nodeID":"1366268","text":"Asserting","type":"YA","timestamp":"2023-11-09 14:34:07"},{"nodeID":"1366269","text":"Default Rephrase","type":"MA","timestamp":"2023-11-09 14:34:07"},{"nodeID":"1366270","text":"Restating","type":"YA","timestamp":"2023-11-09 14:34:07"}],"edges":[{"edgeID":"1787567","fromID":"1366149","toID":"1366148","formEdgeID":null},{"edgeID":"1787568","fromID":"1366150","toID":"1366149","formEdgeID":null},{"edgeID":"1787569","fromID":"1366148","toID":"1366151","formEdgeID":null},{"edgeID":"1787570","fromID":"1366151","toID":"1366147","formEdgeID":null},{"edgeID":"1787571","fromID":"1366154","toID":"1366153","formEdgeID":null},{"edgeID":"1787572","fromID":"1366155","toID":"1366154","formEdgeID":null},{"edgeID":"1787573","fromID":"1366153","toID":"1366156","formEdgeID":null},{"edgeID":"1787574","fromID":"1366156","toID":"1366152","formEdgeID":null},{"edgeID":"1787575","fromID":"1366148","toID":"1366157","formEdgeID":null},{"edgeID":"1787576","fromID":"1366157","toID":"1366153","formEdgeID":null},{"edgeID":"1787577","fromID":"1366152","toID":"1366158","formEdgeID":null},{"edgeID":"1787578","fromID":"1366158","toID":"1366147","formEdgeID":null},{"edgeID":"1787579","fromID":"1366157","toID":"1366159","formEdgeID":null},{"edgeID":"1787580","fromID":"1366159","toID":"1366158","formEdgeID":null},{"edgeID":"1787581","fromID":"1366162","toID":"1366161","formEdgeID":null},{"edgeID":"1787582","fromID":"1366163","toID":"1366162","formEdgeID":null},{"edgeID":"1787583","fromID":"1366161","toID":"1366164","formEdgeID":null},{"edgeID":"1787584","fromID":"1366164","toID":"1366160","formEdgeID":null},{"edgeID":"1787585","fromID":"1366153","toID":"1366165","formEdgeID":null},{"edgeID":"1787586","fromID":"1366165","toID":"1366161","formEdgeID":null},{"edgeID":"1787587","fromID":"1366160","toID":"1366166","formEdgeID":null},{"edgeID":"1787588","fromID":"1366166","toID":"1366152","formEdgeID":null},{"edgeID":"1787589","fromID":"1366165","toID":"1366167","formEdgeID":null},{"edgeID":"1787590","fromID":"1366167","toID":"1366166","formEdgeID":null},{"edgeID":"1787591","fromID":"1366170","toID":"1366169","formEdgeID":null},{"edgeID":"1787592","fromID":"1366171","toID":"1366170","formEdgeID":null},{"edgeID":"1787593","fromID":"1366169","toID":"1366172","formEdgeID":null},{"edgeID":"1787594","fromID":"1366172","toID":"1366168","formEdgeID":null},{"edgeID":"1787595","fromID":"1366161","toID":"1366173","formEdgeID":null},{"edgeID":"1787596","fromID":"1366173","toID":"1366169","formEdgeID":null},{"edgeID":"1787597","fromID":"1366175","toID":"1366174","formEdgeID":null},{"edgeID":"1787598","fromID":"1366176","toID":"1366175","formEdgeID":null},{"edgeID":"1787599","fromID":"1366169","toID":"1366177","formEdgeID":null},{"edgeID":"1787600","fromID":"1366177","toID":"1366174","formEdgeID":null},{"edgeID":"1787601","fromID":"1366177","toID":"1366178","formEdgeID":null},{"edgeID":"1787602","fromID":"1366178","toID":"1366168","formEdgeID":null},{"edgeID":"1787603","fromID":"1366181","toID":"1366180","formEdgeID":null},{"edgeID":"1787604","fromID":"1366182","toID":"1366181","formEdgeID":null},{"edgeID":"1787605","fromID":"1366180","toID":"1366183","formEdgeID":null},{"edgeID":"1787606","fromID":"1366183","toID":"1366179","formEdgeID":null},{"edgeID":"1787607","fromID":"1366186","toID":"1366185","formEdgeID":null},{"edgeID":"1787608","fromID":"1366187","toID":"1366186","formEdgeID":null},{"edgeID":"1787609","fromID":"1366185","toID":"1366188","formEdgeID":null},{"edgeID":"1787610","fromID":"1366188","toID":"1366184","formEdgeID":null},{"edgeID":"1787611","fromID":"1366180","toID":"1366189","formEdgeID":null},{"edgeID":"1787612","fromID":"1366189","toID":"1366185","formEdgeID":null},{"edgeID":"1787613","fromID":"1366184","toID":"1366190","formEdgeID":null},{"edgeID":"1787614","fromID":"1366190","toID":"1366179","formEdgeID":null},{"edgeID":"1787615","fromID":"1366189","toID":"1366191","formEdgeID":null},{"edgeID":"1787616","fromID":"1366191","toID":"1366190","formEdgeID":null},{"edgeID":"1787617","fromID":"1366194","toID":"1366193","formEdgeID":null},{"edgeID":"1787618","fromID":"1366195","toID":"1366194","formEdgeID":null},{"edgeID":"1787619","fromID":"1366193","toID":"1366196","formEdgeID":null},{"edgeID":"1787620","fromID":"1366196","toID":"1366192","formEdgeID":null},{"edgeID":"1787621","fromID":"1366179","toID":"1366197","formEdgeID":null},{"edgeID":"1787622","fromID":"1366197","toID":"1366192","formEdgeID":null},{"edgeID":"1787623","fromID":"1366180","toID":"1366198","formEdgeID":null},{"edgeID":"1787624","fromID":"1366198","toID":"1366193","formEdgeID":null},{"edgeID":"1787625","fromID":"1366198","toID":"1366199","formEdgeID":null},{"edgeID":"1787626","fromID":"1366199","toID":"1366197","formEdgeID":null},{"edgeID":"1787627","fromID":"1366202","toID":"1366201","formEdgeID":null},{"edgeID":"1787628","fromID":"1366203","toID":"1366202","formEdgeID":null},{"edgeID":"1787629","fromID":"1366201","toID":"1366204","formEdgeID":null},{"edgeID":"1787630","fromID":"1366204","toID":"1366200","formEdgeID":null},{"edgeID":"1787631","fromID":"1366193","toID":"1366205","formEdgeID":null},{"edgeID":"1787632","fromID":"1366205","toID":"1366201","formEdgeID":null},{"edgeID":"1787633","fromID":"1366208","toID":"1366207","formEdgeID":null},{"edgeID":"1787634","fromID":"1366209","toID":"1366208","formEdgeID":null},{"edgeID":"1787635","fromID":"1366207","toID":"1366210","formEdgeID":null},{"edgeID":"1787636","fromID":"1366210","toID":"1366206","formEdgeID":null},{"edgeID":"1787637","fromID":"1366213","toID":"1366212","formEdgeID":null},{"edgeID":"1787638","fromID":"1366214","toID":"1366213","formEdgeID":null},{"edgeID":"1787639","fromID":"1366212","toID":"1366215","formEdgeID":null},{"edgeID":"1787640","fromID":"1366215","toID":"1366211","formEdgeID":null},{"edgeID":"1787641","fromID":"1366218","toID":"1366217","formEdgeID":null},{"edgeID":"1787642","fromID":"1366219","toID":"1366218","formEdgeID":null},{"edgeID":"1787643","fromID":"1366217","toID":"1366220","formEdgeID":null},{"edgeID":"1787644","fromID":"1366220","toID":"1366216","formEdgeID":null},{"edgeID":"1787645","fromID":"1366223","toID":"1366222","formEdgeID":null},{"edgeID":"1787646","fromID":"1366224","toID":"1366223","formEdgeID":null},{"edgeID":"1787647","fromID":"1366222","toID":"1366225","formEdgeID":null},{"edgeID":"1787648","fromID":"1366225","toID":"1366221","formEdgeID":null},{"edgeID":"1787649","fromID":"1366201","toID":"1366226","formEdgeID":null},{"edgeID":"1787650","fromID":"1366226","toID":"1366207","formEdgeID":null},{"edgeID":"1787651","fromID":"1366201","toID":"1366227","formEdgeID":null},{"edgeID":"1787652","fromID":"1366227","toID":"1366212","formEdgeID":null},{"edgeID":"1787653","fromID":"1366201","toID":"1366228","formEdgeID":null},{"edgeID":"1787654","fromID":"1366228","toID":"1366217","formEdgeID":null},{"edgeID":"1787655","fromID":"1366201","toID":"1366229","formEdgeID":null},{"edgeID":"1787656","fromID":"1366229","toID":"1366222","formEdgeID":null},{"edgeID":"1787657","fromID":"1366221","toID":"1366230","formEdgeID":null},{"edgeID":"1787658","fromID":"1366230","toID":"1366200","formEdgeID":null},{"edgeID":"1787659","fromID":"1366216","toID":"1366230","formEdgeID":null},{"edgeID":"1787660","fromID":"1366229","toID":"1366231","formEdgeID":null},{"edgeID":"1787661","fromID":"1366231","toID":"1366230","formEdgeID":null},{"edgeID":"1787662","fromID":"1366211","toID":"1366232","formEdgeID":null},{"edgeID":"1787663","fromID":"1366232","toID":"1366200","formEdgeID":null},{"edgeID":"1787664","fromID":"1366206","toID":"1366232","formEdgeID":null},{"edgeID":"1787665","fromID":"1366227","toID":"1366233","formEdgeID":null},{"edgeID":"1787666","fromID":"1366233","toID":"1366232","formEdgeID":null},{"edgeID":"1787667","fromID":"1366236","toID":"1366235","formEdgeID":null},{"edgeID":"1787668","fromID":"1366237","toID":"1366236","formEdgeID":null},{"edgeID":"1787669","fromID":"1366235","toID":"1366238","formEdgeID":null},{"edgeID":"1787670","fromID":"1366238","toID":"1366234","formEdgeID":null},{"edgeID":"1787671","fromID":"1366222","toID":"1366239","formEdgeID":null},{"edgeID":"1787672","fromID":"1366239","toID":"1366235","formEdgeID":null},{"edgeID":"1787673","fromID":"1366234","toID":"1366240","formEdgeID":null},{"edgeID":"1787674","fromID":"1366240","toID":"1366221","formEdgeID":null},{"edgeID":"1787675","fromID":"1366239","toID":"1366241","formEdgeID":null},{"edgeID":"1787676","fromID":"1366241","toID":"1366240","formEdgeID":null},{"edgeID":"1787677","fromID":"1366244","toID":"1366243","formEdgeID":null},{"edgeID":"1787678","fromID":"1366245","toID":"1366244","formEdgeID":null},{"edgeID":"1787679","fromID":"1366243","toID":"1366246","formEdgeID":null},{"edgeID":"1787680","fromID":"1366246","toID":"1366242","formEdgeID":null},{"edgeID":"1787681","fromID":"1366235","toID":"1366247","formEdgeID":null},{"edgeID":"1787682","fromID":"1366247","toID":"1366243","formEdgeID":null},{"edgeID":"1787683","fromID":"1366250","toID":"1366249","formEdgeID":null},{"edgeID":"1787684","fromID":"1366251","toID":"1366250","formEdgeID":null},{"edgeID":"1787685","fromID":"1366249","toID":"1366252","formEdgeID":null},{"edgeID":"1787686","fromID":"1366252","toID":"1366248","formEdgeID":null},{"edgeID":"1787687","fromID":"1366255","toID":"1366254","formEdgeID":null},{"edgeID":"1787688","fromID":"1366256","toID":"1366255","formEdgeID":null},{"edgeID":"1787689","fromID":"1366254","toID":"1366257","formEdgeID":null},{"edgeID":"1787690","fromID":"1366257","toID":"1366253","formEdgeID":null},{"edgeID":"1787691","fromID":"1366249","toID":"1366258","formEdgeID":null},{"edgeID":"1787692","fromID":"1366258","toID":"1366254","formEdgeID":null},{"edgeID":"1787693","fromID":"1366243","toID":"1366259","formEdgeID":null},{"edgeID":"1787694","fromID":"1366259","toID":"1366254","formEdgeID":null},{"edgeID":"1787695","fromID":"1366248","toID":"1366260","formEdgeID":null},{"edgeID":"1787696","fromID":"1366260","toID":"1366253","formEdgeID":null},{"edgeID":"1787697","fromID":"1366242","toID":"1366260","formEdgeID":null},{"edgeID":"1787698","fromID":"1366258","toID":"1366261","formEdgeID":null},{"edgeID":"1787699","fromID":"1366261","toID":"1366260","formEdgeID":null},{"edgeID":"1787700","fromID":"1366174","toID":"1366262","formEdgeID":null},{"edgeID":"1787701","fromID":"1366262","toID":"1366180","formEdgeID":null},{"edgeID":"1787702","fromID":"1366264","toID":"1366263","formEdgeID":null},{"edgeID":"1787703","fromID":"1366265","toID":"1366264","formEdgeID":null},{"edgeID":"1787704","fromID":"1366217","toID":"1366266","formEdgeID":null},{"edgeID":"1787705","fromID":"1366266","toID":"1366263","formEdgeID":null},{"edgeID":"1787706","fromID":"1366263","toID":"1366267","formEdgeID":null},{"edgeID":"1787707","fromID":"1366267","toID":"1366222","formEdgeID":null},{"edgeID":"1787708","fromID":"1366263","toID":"1366268","formEdgeID":null},{"edgeID":"1787709","fromID":"1366268","toID":"1366216","formEdgeID":null},{"edgeID":"1787710","fromID":"1366242","toID":"1366269","formEdgeID":null},{"edgeID":"1787711","fromID":"1366269","toID":"1366234","formEdgeID":null},{"edgeID":"1787712","fromID":"1366247","toID":"1366270","formEdgeID":null},{"edgeID":"1787713","fromID":"1366270","toID":"1366269","formEdgeID":null}],"locutions":[]}