{"nodes":[{"nodeID":"1366692","text":"we don't allow men into female spaces","type":"I","timestamp":"2023-11-09 14:34:44"},{"nodeID":"1366693","text":"AudienceMember 20230209QT23: We don't allow men into female spaces","type":"L","timestamp":"2023-11-09 14:34:44"},{"nodeID":"1366694","text":"Analysing","type":"YA","timestamp":"2023-11-09 14:34:44"},{"nodeID":"1366695","text":"Dominika: AudienceMember 20230209QT23: We don't allow men into female spaces","type":"L","timestamp":"2023-11-09 14:34:44"},{"nodeID":"1366696","text":"Asserting","type":"YA","timestamp":"2023-11-09 14:34:44"},{"nodeID":"1366697","text":"AudienceMember 20230209QT23: for good reason","type":"L","timestamp":"2023-11-09 14:34:44"},{"nodeID":"1366698","text":"Analysing","type":"YA","timestamp":"2023-11-09 14:34:44"},{"nodeID":"1366699","text":"Dominika: AudienceMember 20230209QT23: for good reason","type":"L","timestamp":"2023-11-09 14:34:44"},{"nodeID":"1366700","text":"Default Transition","type":"TA","timestamp":"2023-11-09 14:34:44"},{"nodeID":"1366701","text":"Asserting","type":"YA","timestamp":"2023-11-09 14:34:44"},{"nodeID":"1366702","text":"there are good men, there are predatory men","type":"I","timestamp":"2023-11-09 14:34:45"},{"nodeID":"1366703","text":"AudienceMember 20230209QT23: There are good men, there are predatory men","type":"L","timestamp":"2023-11-09 14:34:45"},{"nodeID":"1366704","text":"Analysing","type":"YA","timestamp":"2023-11-09 14:34:45"},{"nodeID":"1366705","text":"Dominika: AudienceMember 20230209QT23: There are good men, there are predatory men","type":"L","timestamp":"2023-11-09 14:34:45"},{"nodeID":"1366706","text":"Asserting","type":"YA","timestamp":"2023-11-09 14:34:45"},{"nodeID":"1366707","text":"we should not allow trans into female spaces","type":"I","timestamp":"2023-11-09 14:34:46"},{"nodeID":"1366708","text":"AudienceMember 20230209QT23: We should not allow trans into female spaces","type":"L","timestamp":"2023-11-09 14:34:46"},{"nodeID":"1366709","text":"Analysing","type":"YA","timestamp":"2023-11-09 14:34:46"},{"nodeID":"1366710","text":"Dominika: AudienceMember 20230209QT23: We should not allow trans into female spaces","type":"L","timestamp":"2023-11-09 14:34:46"},{"nodeID":"1366711","text":"Asserting","type":"YA","timestamp":"2023-11-09 14:34:46"},{"nodeID":"1366712","text":"there are good trans, predatory trans and that's a fact","type":"I","timestamp":"2023-11-09 14:34:46"},{"nodeID":"1366713","text":"AudienceMember 20230209QT23: There are good trans, predatory trans and that's a fact","type":"L","timestamp":"2023-11-09 14:34:46"},{"nodeID":"1366714","text":"Analysing","type":"YA","timestamp":"2023-11-09 14:34:46"},{"nodeID":"1366715","text":"Dominika: AudienceMember 20230209QT23: There are good trans, predatory trans and that's a fact","type":"L","timestamp":"2023-11-09 14:34:46"},{"nodeID":"1366716","text":"Asserting","type":"YA","timestamp":"2023-11-09 14:34:46"},{"nodeID":"1366717","text":"women have to be safe","type":"I","timestamp":"2023-11-09 14:34:47"},{"nodeID":"1366718","text":"AudienceMember 20230209QT23: Women have to be safe","type":"L","timestamp":"2023-11-09 14:34:47"},{"nodeID":"1366719","text":"Analysing","type":"YA","timestamp":"2023-11-09 14:34:47"},{"nodeID":"1366720","text":"Dominika: AudienceMember 20230209QT23: Women have to be safe","type":"L","timestamp":"2023-11-09 14:34:47"},{"nodeID":"1366721","text":"Asserting","type":"YA","timestamp":"2023-11-09 14:34:47"},{"nodeID":"1366722","text":"the women and children have to be safe","type":"I","timestamp":"2023-11-09 14:34:47"},{"nodeID":"1366723","text":"AudienceMember 20230209QT23: The women and children have to be safe","type":"L","timestamp":"2023-11-09 14:34:47"},{"nodeID":"1366724","text":"Analysing","type":"YA","timestamp":"2023-11-09 14:34:47"},{"nodeID":"1366725","text":"Dominika: AudienceMember 20230209QT23: The women and children have to be safe","type":"L","timestamp":"2023-11-09 14:34:47"},{"nodeID":"1366726","text":"Asserting","type":"YA","timestamp":"2023-11-09 14:34:47"},{"nodeID":"1366727","text":"Default Transition","type":"TA","timestamp":"2023-11-09 14:34:47"},{"nodeID":"1366728","text":"Default Rephrase","type":"MA","timestamp":"2023-11-09 14:34:47"},{"nodeID":"1366729","text":"Restating","type":"YA","timestamp":"2023-11-09 14:34:47"},{"nodeID":"1366730","text":"Default Inference","type":"RA","timestamp":"2023-11-09 14:34:47"},{"nodeID":"1366731","text":"Default Transition","type":"TA","timestamp":"2023-11-09 14:34:47"},{"nodeID":"1366732","text":"Default Transition","type":"TA","timestamp":"2023-11-09 14:34:47"},{"nodeID":"1366733","text":"Arguing","type":"YA","timestamp":"2023-11-09 14:34:47"},{"nodeID":"1366734","text":"Default Transition","type":"TA","timestamp":"2023-11-09 14:34:47"},{"nodeID":"1366735","text":"Default Transition","type":"TA","timestamp":"2023-11-09 14:34:47"},{"nodeID":"1366736","text":"Default Inference","type":"RA","timestamp":"2023-11-09 14:34:47"},{"nodeID":"1366737","text":"Arguing","type":"YA","timestamp":"2023-11-09 14:34:47"},{"nodeID":"1366738","text":"a transgender woman who has lived as a woman for many years, who may have had surgery, for example, to all intents considers herself as a woman","type":"I","timestamp":"2023-11-09 14:34:48"},{"nodeID":"1366739","text":"Fiona Bruce: a transgender woman who has lived as a woman for many years, who may have had surgery, for example, to all intents considers herself as a woman","type":"L","timestamp":"2023-11-09 14:34:48"},{"nodeID":"1366740","text":"Analysing","type":"YA","timestamp":"2023-11-09 14:34:48"},{"nodeID":"1366741","text":"Dominika: Fiona Bruce: a transgender woman who has lived as a woman for many years, who may have had surgery, for example, to all intents considers herself as a woman","type":"L","timestamp":"2023-11-09 14:34:48"},{"nodeID":"1366742","text":"Asserting","type":"YA","timestamp":"2023-11-09 14:34:48"},{"nodeID":"1366743","text":"Default Transition","type":"TA","timestamp":"2023-11-09 14:34:48"},{"nodeID":"1366744","text":"you can't know if there's nothing on transgender women head to say they're predatory or not","type":"I","timestamp":"2023-11-09 14:34:49"},{"nodeID":"1366745","text":"AudienceMember 20230209QT24: No. How do you know there's nothing on their head to say they're predatory or not","type":"L","timestamp":"2023-11-09 14:34:49"},{"nodeID":"1366746","text":"Analysing","type":"YA","timestamp":"2023-11-09 14:34:49"},{"nodeID":"1366747","text":"Dominika: AudienceMember 20230209QT24: No. How do you know there's nothing on their head to say they're predatory or not","type":"L","timestamp":"2023-11-09 14:34:49"},{"nodeID":"1366748","text":"Asserting","type":"YA","timestamp":"2023-11-09 14:34:49"},{"nodeID":"1366749","text":"you can't know by looking at a man if he is predatory or not","type":"I","timestamp":"2023-11-09 14:34:49"},{"nodeID":"1366750","text":"AudienceMember 20230209QT24: How do you know by looking at a man if he is predatory or not","type":"L","timestamp":"2023-11-09 14:34:49"},{"nodeID":"1366751","text":"Analysing","type":"YA","timestamp":"2023-11-09 14:34:49"},{"nodeID":"1366752","text":"Dominika: AudienceMember 20230209QT24: How do you know by looking at a man if he is predatory or not","type":"L","timestamp":"2023-11-09 14:34:49"},{"nodeID":"1366753","text":"Asserting","type":"YA","timestamp":"2023-11-09 14:34:49"},{"nodeID":"1366754","text":"Default Transition","type":"TA","timestamp":"2023-11-09 14:34:49"},{"nodeID":"1366755","text":"Default Rephrase","type":"MA","timestamp":"2023-11-09 14:34:49"},{"nodeID":"1366756","text":"Challenging","type":"YA","timestamp":"2023-11-09 14:34:49"},{"nodeID":"1366757","text":"Default Rephrase","type":"MA","timestamp":"2023-11-09 14:34:49"},{"nodeID":"1366758","text":"Default Transition","type":"TA","timestamp":"2023-11-09 14:34:49"},{"nodeID":"1366759","text":"Challenging","type":"YA","timestamp":"2023-11-09 14:34:49"},{"nodeID":"1366760","text":"you want to check a history of a predatory lesbian","type":"I","timestamp":"2023-11-09 14:34:50"},{"nodeID":"1366761","text":"India Willoughby: A predatory lesbian and you want to check their history","type":"L","timestamp":"2023-11-09 14:34:50"},{"nodeID":"1366762","text":"Analysing","type":"YA","timestamp":"2023-11-09 14:34:50"},{"nodeID":"1366763","text":"Dominika: India Willoughby: A predatory lesbian and you want to check their history","type":"L","timestamp":"2023-11-09 14:34:50"},{"nodeID":"1366764","text":"Asserting","type":"YA","timestamp":"2023-11-09 14:34:50"},{"nodeID":"1366765","text":"Default Transition","type":"TA","timestamp":"2023-11-09 14:34:50"},{"nodeID":"1366766","text":"trans women are men","type":"I","timestamp":"2023-11-09 14:34:50"},{"nodeID":"1366767","text":"India Willoughby: What you have said there is trans women are men","type":"L","timestamp":"2023-11-09 14:34:50"},{"nodeID":"1366768","text":"Analysing","type":"YA","timestamp":"2023-11-09 14:34:50"},{"nodeID":"1366769","text":"Dominika: India Willoughby: What you have said there is trans women are men","type":"L","timestamp":"2023-11-09 14:34:50"},{"nodeID":"1366770","text":"AudienceMember 20230209QT24: trans women are men","type":"L","timestamp":"2023-11-09 14:34:50"},{"nodeID":"1366771","text":"Analysing","type":"YA","timestamp":"2023-11-09 14:34:50"},{"nodeID":"1366772","text":"Dominika: AudienceMember 20230209QT24: What you have said there is trans women are men","type":"L","timestamp":"2023-11-09 14:34:50"},{"nodeID":"1366773","text":"Default Transition","type":"TA","timestamp":"2023-11-09 14:34:50"},{"nodeID":"1366774","text":"Asserting","type":"YA","timestamp":"2023-11-09 14:34:50"},{"nodeID":"1366775","text":"Asserting","type":"YA","timestamp":"2023-11-09 14:34:50"},{"nodeID":"1366776","text":"AudienceMember 20230209QT25: In my opinion they still are men","type":"L","timestamp":"2023-11-09 14:34:50"},{"nodeID":"1366777","text":"Analysing","type":"YA","timestamp":"2023-11-09 14:34:50"},{"nodeID":"1366778","text":"Dominika: AudienceMember 20230209QT25: In my opinion they still are men","type":"L","timestamp":"2023-11-09 14:34:50"},{"nodeID":"1366779","text":"Default Transition","type":"TA","timestamp":"2023-11-09 14:34:50"},{"nodeID":"1366780","text":"Agreeing","type":"YA","timestamp":"2023-11-09 14:34:50"},{"nodeID":"1366781","text":"India Willoughby would go in a male jail, take her chances","type":"I","timestamp":"2023-11-09 14:34:51"},{"nodeID":"1366782","text":"India Willoughby: I would go in a male jail, take my chances","type":"L","timestamp":"2023-11-09 14:34:51"},{"nodeID":"1366783","text":"Analysing","type":"YA","timestamp":"2023-11-09 14:34:51"},{"nodeID":"1366784","text":"Dominika: India Willoughby: I would go in a male jail, take my chances","type":"L","timestamp":"2023-11-09 14:34:51"},{"nodeID":"1366785","text":"Asserting","type":"YA","timestamp":"2023-11-09 14:34:51"},{"nodeID":"1366786","text":"Default Transition","type":"TA","timestamp":"2023-11-09 14:34:51"},{"nodeID":"1366787","text":"you can't change sex","type":"I","timestamp":"2023-11-09 14:34:52"},{"nodeID":"1366788","text":"AudienceMember 20230209QT26: you can't change sex","type":"L","timestamp":"2023-11-09 14:34:52"},{"nodeID":"1366789","text":"Analysing","type":"YA","timestamp":"2023-11-09 14:34:52"},{"nodeID":"1366790","text":"Dominika: AudienceMember 20230209QT26: you can't change sex","type":"L","timestamp":"2023-11-09 14:34:52"},{"nodeID":"1366791","text":"Asserting","type":"YA","timestamp":"2023-11-09 14:34:52"},{"nodeID":"1366792","text":"Default Rephrase","type":"MA","timestamp":"2023-11-09 14:34:52"},{"nodeID":"1366793","text":"Default Transition","type":"TA","timestamp":"2023-11-09 14:34:52"},{"nodeID":"1366794","text":"Restating","type":"YA","timestamp":"2023-11-09 14:34:52"},{"nodeID":"1366795","text":"AudienceMember 20230209QT26: That's my opinion","type":"L","timestamp":"2023-11-09 14:34:52"},{"nodeID":"1366796","text":"Analysing","type":"YA","timestamp":"2023-11-09 14:34:52"},{"nodeID":"1366797","text":"Dominika: AudienceMember 20230209QT26: That's my opinion","type":"L","timestamp":"2023-11-09 14:34:52"},{"nodeID":"1366798","text":"Analysing","type":"YA","timestamp":"2023-11-09 14:34:52"},{"nodeID":"1366799","text":"Default Transition","type":"TA","timestamp":"2023-11-09 14:34:52"},{"nodeID":"1366800","text":"Default Transition","type":"TA","timestamp":"2023-11-09 14:34:52"},{"nodeID":"1366801","text":"Asserting","type":"YA","timestamp":"2023-11-09 14:34:52"},{"nodeID":"1366802","text":"Asserting","type":"YA","timestamp":"2023-11-09 14:34:52"},{"nodeID":"1366803","text":"you can live your life how you like","type":"I","timestamp":"2023-11-09 14:34:52"},{"nodeID":"1366804","text":"AudienceMember 20230209QT26: You can live your life how you like","type":"L","timestamp":"2023-11-09 14:34:52"},{"nodeID":"1366805","text":"Analysing","type":"YA","timestamp":"2023-11-09 14:34:52"},{"nodeID":"1366806","text":"Dominika: AudienceMember 20230209QT26: You can live your life how you like","type":"L","timestamp":"2023-11-09 14:34:52"},{"nodeID":"1366807","text":"Asserting","type":"YA","timestamp":"2023-11-09 14:34:52"},{"nodeID":"1366808","text":"AudienceMember 20230209QT26 wishes you no harm","type":"I","timestamp":"2023-11-09 14:34:53"},{"nodeID":"1366809","text":"AudienceMember 20230209QT26: I wish you no harm","type":"L","timestamp":"2023-11-09 14:34:53"},{"nodeID":"1366810","text":"Analysing","type":"YA","timestamp":"2023-11-09 14:34:53"},{"nodeID":"1366811","text":"Dominika: AudienceMember 20230209QT26: I wish you no harm","type":"L","timestamp":"2023-11-09 14:34:53"},{"nodeID":"1366812","text":"Asserting","type":"YA","timestamp":"2023-11-09 14:34:53"},{"nodeID":"1366813","text":"you can't biologically change sex","type":"I","timestamp":"2023-11-09 14:34:53"},{"nodeID":"1366814","text":"AudienceMember 20230209QT26: you can't biologically change sex","type":"L","timestamp":"2023-11-09 14:34:53"},{"nodeID":"1366815","text":"Analysing","type":"YA","timestamp":"2023-11-09 14:34:53"},{"nodeID":"1366816","text":"Dominika: AudienceMember 20230209QT26: you can't biologically change sex","type":"L","timestamp":"2023-11-09 14:34:53"},{"nodeID":"1366817","text":"Asserting","type":"YA","timestamp":"2023-11-09 14:34:53"},{"nodeID":"1366818","text":"Default Transition","type":"TA","timestamp":"2023-11-09 14:34:53"},{"nodeID":"1366819","text":"Default Rephrase","type":"MA","timestamp":"2023-11-09 14:34:53"},{"nodeID":"1366820","text":"Restating","type":"YA","timestamp":"2023-11-09 14:34:53"},{"nodeID":"1366821","text":"Default Transition","type":"TA","timestamp":"2023-11-09 14:34:53"},{"nodeID":"1366822","text":"Default Conflict","type":"CA","timestamp":"2023-11-09 14:34:53"},{"nodeID":"1366823","text":"Disagreeing","type":"YA","timestamp":"2023-11-09 14:34:53"},{"nodeID":"1366824","text":"India Willoughby didn't choose to be trans","type":"I","timestamp":"2023-11-09 14:34:54"},{"nodeID":"1366825","text":"India Willoughby: I didn't choose to be trans","type":"L","timestamp":"2023-11-09 14:34:54"},{"nodeID":"1366826","text":"Analysing","type":"YA","timestamp":"2023-11-09 14:34:54"},{"nodeID":"1366827","text":"Dominika: India Willoughby: I didn't choose to be trans","type":"L","timestamp":"2023-11-09 14:34:54"},{"nodeID":"1366828","text":"Asserting","type":"YA","timestamp":"2023-11-09 14:34:54"},{"nodeID":"1366829","text":"Default Transition","type":"TA","timestamp":"2023-11-09 14:34:54"},{"nodeID":"1366830","text":"India Willoughby was born trans","type":"I","timestamp":"2023-11-09 14:34:55"},{"nodeID":"1366831","text":"India Willoughby: This is how I was born","type":"L","timestamp":"2023-11-09 14:34:55"},{"nodeID":"1366832","text":"Analysing","type":"YA","timestamp":"2023-11-09 14:34:55"},{"nodeID":"1366833","text":"Dominika: India Willoughby: This is how I was born","type":"L","timestamp":"2023-11-09 14:34:55"},{"nodeID":"1366834","text":"Asserting","type":"YA","timestamp":"2023-11-09 14:34:55"},{"nodeID":"1366835","text":"Default Inference","type":"RA","timestamp":"2023-11-09 14:34:55"},{"nodeID":"1366836","text":"Default Transition","type":"TA","timestamp":"2023-11-09 14:34:55"},{"nodeID":"1366837","text":"Arguing","type":"YA","timestamp":"2023-11-09 14:34:55"},{"nodeID":"1366838","text":"all India Willoughby has done is align her body with how she feels","type":"I","timestamp":"2023-11-09 14:34:55"},{"nodeID":"1366839","text":"India Willoughby: All I have done is align my body with how I feel","type":"L","timestamp":"2023-11-09 14:34:55"},{"nodeID":"1366840","text":"Analysing","type":"YA","timestamp":"2023-11-09 14:34:55"},{"nodeID":"1366841","text":"Dominika: India Willoughby: All I have done is align my body with how I feel","type":"L","timestamp":"2023-11-09 14:34:55"},{"nodeID":"1366842","text":"Asserting","type":"YA","timestamp":"2023-11-09 14:34:55"},{"nodeID":"1366843","text":"Default Transition","type":"TA","timestamp":"2023-11-09 14:34:55"},{"nodeID":"1366844","text":"India Willoughby can have a reasonable life by transitioning","type":"I","timestamp":"2023-11-09 14:34:56"},{"nodeID":"1366845","text":"India Willoughby: I have a reasonable life","type":"L","timestamp":"2023-11-09 14:34:56"},{"nodeID":"1366846","text":"Analysing","type":"YA","timestamp":"2023-11-09 14:34:56"},{"nodeID":"1366847","text":"Dominika: India Willoughby: I have a reasonable life","type":"L","timestamp":"2023-11-09 14:34:56"},{"nodeID":"1366848","text":"Asserting","type":"YA","timestamp":"2023-11-09 14:34:56"},{"nodeID":"1366849","text":"Default Transition","type":"TA","timestamp":"2023-11-09 14:34:56"},{"nodeID":"1366850","text":"Default Inference","type":"RA","timestamp":"2023-11-09 14:34:56"},{"nodeID":"1366851","text":"Arguing","type":"YA","timestamp":"2023-11-09 14:34:56"},{"nodeID":"1366852","text":"most trans people lead normal lives","type":"I","timestamp":"2023-11-09 14:34:56"},{"nodeID":"1366853","text":"India Willoughby: Most trans people, we lead normal lives","type":"L","timestamp":"2023-11-09 14:34:56"},{"nodeID":"1366854","text":"Analysing","type":"YA","timestamp":"2023-11-09 14:34:56"},{"nodeID":"1366855","text":"Dominika: India Willoughby: Most trans people, we lead normal lives","type":"L","timestamp":"2023-11-09 14:34:56"},{"nodeID":"1366856","text":"Asserting","type":"YA","timestamp":"2023-11-09 14:34:56"},{"nodeID":"1366857","text":"Default Transition","type":"TA","timestamp":"2023-11-09 14:34:56"},{"nodeID":"1366858","text":"Default Conflict","type":"CA","timestamp":"2023-11-09 14:34:56"},{"nodeID":"1366859","text":"Disagreeing","type":"YA","timestamp":"2023-11-09 14:34:56"},{"nodeID":"1366860","text":"there are few of trans people around","type":"I","timestamp":"2023-11-09 14:34:57"},{"nodeID":"1366861","text":"AudienceMember 20230209QT27: there are few of you around","type":"L","timestamp":"2023-11-09 14:34:57"},{"nodeID":"1366862","text":"Analysing","type":"YA","timestamp":"2023-11-09 14:34:57"},{"nodeID":"1366863","text":"Dominika: AudienceMember 20230209QT27: there are few of you around","type":"L","timestamp":"2023-11-09 14:34:57"},{"nodeID":"1366864","text":"Asserting","type":"YA","timestamp":"2023-11-09 14:34:57"},{"nodeID":"1366865","text":"Default Transition","type":"TA","timestamp":"2023-11-09 14:34:57"},{"nodeID":"1366866","text":"society doesn't have to change","type":"I","timestamp":"2023-11-09 14:34:58"},{"nodeID":"1366867","text":"AudienceMember 20230209QT27: why does society have to change","type":"L","timestamp":"2023-11-09 14:34:58"},{"nodeID":"1366868","text":"Analysing","type":"YA","timestamp":"2023-11-09 14:34:58"},{"nodeID":"1366869","text":"Dominika: AudienceMember 20230209QT27: why does society have to change","type":"L","timestamp":"2023-11-09 14:34:58"},{"nodeID":"1366870","text":"Assertive Questioning","type":"YA","timestamp":"2023-11-09 14:34:58"},{"nodeID":"1366871","text":"Default Transition","type":"TA","timestamp":"2023-11-09 14:34:58"},{"nodeID":"1366872","text":"Default Inference","type":"RA","timestamp":"2023-11-09 14:34:58"},{"nodeID":"1366873","text":"Arguing","type":"YA","timestamp":"2023-11-09 14:34:58"},{"nodeID":"1366874","text":"society have to change because we are civilised","type":"I","timestamp":"2023-11-09 14:34:58"},{"nodeID":"1366875","text":"India Willoughby: Because we're a civilised society","type":"L","timestamp":"2023-11-09 14:34:58"},{"nodeID":"1366876","text":"Analysing","type":"YA","timestamp":"2023-11-09 14:34:58"},{"nodeID":"1366877","text":"Dominika: India Willoughby: Because we're a civilised society","type":"L","timestamp":"2023-11-09 14:34:58"},{"nodeID":"1366878","text":"Asserting","type":"YA","timestamp":"2023-11-09 14:34:58"},{"nodeID":"1366879","text":"Default Transition","type":"TA","timestamp":"2023-11-09 14:34:58"},{"nodeID":"1366880","text":"Default Rephrase","type":"MA","timestamp":"2023-11-09 14:34:58"},{"nodeID":"1366881","text":"Disagreeing","type":"YA","timestamp":"2023-11-09 14:34:58"},{"nodeID":"1366882","text":"India Willoughby could have heard this conversation in the 1970s about black people","type":"I","timestamp":"2023-11-09 14:34:59"},{"nodeID":"1366883","text":"India Willoughby: I could have heard this conversation in the 1970s about black people","type":"L","timestamp":"2023-11-09 14:34:59"},{"nodeID":"1366884","text":"Analysing","type":"YA","timestamp":"2023-11-09 14:34:59"},{"nodeID":"1366885","text":"Dominika: India Willoughby: I could have heard this conversation in the 1970s about black people","type":"L","timestamp":"2023-11-09 14:34:59"},{"nodeID":"1366886","text":"Asserting","type":"YA","timestamp":"2023-11-09 14:34:59"},{"nodeID":"1366887","text":"Default Transition","type":"TA","timestamp":"2023-11-09 14:34:59"},{"nodeID":"1366888","text":"comparing conversation about trans people rights to conversation about black people rights is a cheap shot","type":"I","timestamp":"2023-11-09 14:34:59"},{"nodeID":"1366889","text":"Ella Whelan: What a cheap shot","type":"L","timestamp":"2023-11-09 14:34:59"},{"nodeID":"1366890","text":"Analysing","type":"YA","timestamp":"2023-11-09 14:34:59"},{"nodeID":"1366891","text":"Dominika: Ella Whelan: What a cheap shot","type":"L","timestamp":"2023-11-09 14:34:59"},{"nodeID":"1366892","text":"Asserting","type":"YA","timestamp":"2023-11-09 14:34:59"},{"nodeID":"1366893","text":"Default Transition","type":"TA","timestamp":"2023-11-09 14:34:59"},{"nodeID":"1366894","text":"Default Conflict","type":"CA","timestamp":"2023-11-09 14:34:59"},{"nodeID":"1366895","text":"Disagreeing","type":"YA","timestamp":"2023-11-09 14:34:59"},{"nodeID":"1366896","text":"Analysing","type":"YA","timestamp":"2023-11-09 14:34:59"},{"nodeID":"1366897","text":"Default Transition","type":"TA","timestamp":"2023-11-09 14:34:59"},{"nodeID":"1366898","text":"Asserting","type":"YA","timestamp":"2023-11-09 14:34:59"},{"nodeID":"1366899","text":"Default Rephrase","type":"MA","timestamp":"2023-11-09 14:34:59"},{"nodeID":"1366900","text":"Restating","type":"YA","timestamp":"2023-11-09 14:34:59"}],"edges":[{"edgeID":"1788225","fromID":"1366694","toID":"1366693","formEdgeID":null},{"edgeID":"1788226","fromID":"1366695","toID":"1366694","formEdgeID":null},{"edgeID":"1788227","fromID":"1366693","toID":"1366696","formEdgeID":null},{"edgeID":"1788228","fromID":"1366696","toID":"1366692","formEdgeID":null},{"edgeID":"1788229","fromID":"1366698","toID":"1366697","formEdgeID":null},{"edgeID":"1788230","fromID":"1366699","toID":"1366698","formEdgeID":null},{"edgeID":"1788231","fromID":"1366693","toID":"1366700","formEdgeID":null},{"edgeID":"1788232","fromID":"1366700","toID":"1366697","formEdgeID":null},{"edgeID":"1788233","fromID":"1366697","toID":"1366701","formEdgeID":null},{"edgeID":"1788234","fromID":"1366701","toID":"1366692","formEdgeID":null},{"edgeID":"1788235","fromID":"1366704","toID":"1366703","formEdgeID":null},{"edgeID":"1788236","fromID":"1366705","toID":"1366704","formEdgeID":null},{"edgeID":"1788237","fromID":"1366703","toID":"1366706","formEdgeID":null},{"edgeID":"1788238","fromID":"1366706","toID":"1366702","formEdgeID":null},{"edgeID":"1788239","fromID":"1366709","toID":"1366708","formEdgeID":null},{"edgeID":"1788240","fromID":"1366710","toID":"1366709","formEdgeID":null},{"edgeID":"1788241","fromID":"1366708","toID":"1366711","formEdgeID":null},{"edgeID":"1788242","fromID":"1366711","toID":"1366707","formEdgeID":null},{"edgeID":"1788243","fromID":"1366714","toID":"1366713","formEdgeID":null},{"edgeID":"1788244","fromID":"1366715","toID":"1366714","formEdgeID":null},{"edgeID":"1788245","fromID":"1366713","toID":"1366716","formEdgeID":null},{"edgeID":"1788246","fromID":"1366716","toID":"1366712","formEdgeID":null},{"edgeID":"1788247","fromID":"1366719","toID":"1366718","formEdgeID":null},{"edgeID":"1788248","fromID":"1366720","toID":"1366719","formEdgeID":null},{"edgeID":"1788249","fromID":"1366718","toID":"1366721","formEdgeID":null},{"edgeID":"1788250","fromID":"1366721","toID":"1366717","formEdgeID":null},{"edgeID":"1788251","fromID":"1366724","toID":"1366723","formEdgeID":null},{"edgeID":"1788252","fromID":"1366725","toID":"1366724","formEdgeID":null},{"edgeID":"1788253","fromID":"1366723","toID":"1366726","formEdgeID":null},{"edgeID":"1788254","fromID":"1366726","toID":"1366722","formEdgeID":null},{"edgeID":"1788255","fromID":"1366718","toID":"1366727","formEdgeID":null},{"edgeID":"1788256","fromID":"1366727","toID":"1366723","formEdgeID":null},{"edgeID":"1788257","fromID":"1366722","toID":"1366728","formEdgeID":null},{"edgeID":"1788258","fromID":"1366728","toID":"1366717","formEdgeID":null},{"edgeID":"1788259","fromID":"1366727","toID":"1366729","formEdgeID":null},{"edgeID":"1788260","fromID":"1366729","toID":"1366728","formEdgeID":null},{"edgeID":"1788261","fromID":"1366717","toID":"1366730","formEdgeID":null},{"edgeID":"1788262","fromID":"1366730","toID":"1366707","formEdgeID":null},{"edgeID":"1788263","fromID":"1366712","toID":"1366730","formEdgeID":null},{"edgeID":"1788264","fromID":"1366708","toID":"1366731","formEdgeID":null},{"edgeID":"1788265","fromID":"1366731","toID":"1366718","formEdgeID":null},{"edgeID":"1788266","fromID":"1366713","toID":"1366732","formEdgeID":null},{"edgeID":"1788267","fromID":"1366732","toID":"1366718","formEdgeID":null},{"edgeID":"1788268","fromID":"1366731","toID":"1366733","formEdgeID":null},{"edgeID":"1788269","fromID":"1366733","toID":"1366730","formEdgeID":null},{"edgeID":"1788270","fromID":"1366693","toID":"1366734","formEdgeID":null},{"edgeID":"1788271","fromID":"1366734","toID":"1366703","formEdgeID":null},{"edgeID":"1788272","fromID":"1366693","toID":"1366735","formEdgeID":null},{"edgeID":"1788273","fromID":"1366735","toID":"1366718","formEdgeID":null},{"edgeID":"1788274","fromID":"1366717","toID":"1366736","formEdgeID":null},{"edgeID":"1788275","fromID":"1366736","toID":"1366692","formEdgeID":null},{"edgeID":"1788276","fromID":"1366702","toID":"1366736","formEdgeID":null},{"edgeID":"1788277","fromID":"1366735","toID":"1366737","formEdgeID":null},{"edgeID":"1788278","fromID":"1366737","toID":"1366736","formEdgeID":null},{"edgeID":"1788279","fromID":"1366740","toID":"1366739","formEdgeID":null},{"edgeID":"1788280","fromID":"1366741","toID":"1366740","formEdgeID":null},{"edgeID":"1788281","fromID":"1366739","toID":"1366742","formEdgeID":null},{"edgeID":"1788282","fromID":"1366742","toID":"1366738","formEdgeID":null},{"edgeID":"1788283","fromID":"1366723","toID":"1366743","formEdgeID":null},{"edgeID":"1788284","fromID":"1366743","toID":"1366739","formEdgeID":null},{"edgeID":"1788285","fromID":"1366746","toID":"1366745","formEdgeID":null},{"edgeID":"1788286","fromID":"1366747","toID":"1366746","formEdgeID":null},{"edgeID":"1788287","fromID":"1366745","toID":"1366748","formEdgeID":null},{"edgeID":"1788288","fromID":"1366748","toID":"1366744","formEdgeID":null},{"edgeID":"1788289","fromID":"1366751","toID":"1366750","formEdgeID":null},{"edgeID":"1788290","fromID":"1366752","toID":"1366751","formEdgeID":null},{"edgeID":"1788291","fromID":"1366750","toID":"1366753","formEdgeID":null},{"edgeID":"1788292","fromID":"1366753","toID":"1366749","formEdgeID":null},{"edgeID":"1788293","fromID":"1366739","toID":"1366754","formEdgeID":null},{"edgeID":"1788294","fromID":"1366754","toID":"1366745","formEdgeID":null},{"edgeID":"1788295","fromID":"1366744","toID":"1366755","formEdgeID":null},{"edgeID":"1788296","fromID":"1366755","toID":"1366738","formEdgeID":null},{"edgeID":"1788297","fromID":"1366754","toID":"1366756","formEdgeID":null},{"edgeID":"1788298","fromID":"1366756","toID":"1366755","formEdgeID":null},{"edgeID":"1788299","fromID":"1366749","toID":"1366757","formEdgeID":null},{"edgeID":"1788300","fromID":"1366757","toID":"1366738","formEdgeID":null},{"edgeID":"1788301","fromID":"1366739","toID":"1366758","formEdgeID":null},{"edgeID":"1788302","fromID":"1366758","toID":"1366750","formEdgeID":null},{"edgeID":"1788303","fromID":"1366758","toID":"1366759","formEdgeID":null},{"edgeID":"1788304","fromID":"1366759","toID":"1366757","formEdgeID":null},{"edgeID":"1788305","fromID":"1366762","toID":"1366761","formEdgeID":null},{"edgeID":"1788306","fromID":"1366763","toID":"1366762","formEdgeID":null},{"edgeID":"1788307","fromID":"1366761","toID":"1366764","formEdgeID":null},{"edgeID":"1788308","fromID":"1366764","toID":"1366760","formEdgeID":null},{"edgeID":"1788309","fromID":"1366750","toID":"1366765","formEdgeID":null},{"edgeID":"1788310","fromID":"1366765","toID":"1366761","formEdgeID":null},{"edgeID":"1788311","fromID":"1366768","toID":"1366767","formEdgeID":null},{"edgeID":"1788312","fromID":"1366769","toID":"1366768","formEdgeID":null},{"edgeID":"1788313","fromID":"1366771","toID":"1366770","formEdgeID":null},{"edgeID":"1788314","fromID":"1366772","toID":"1366771","formEdgeID":null},{"edgeID":"1788315","fromID":"1366761","toID":"1366773","formEdgeID":null},{"edgeID":"1788316","fromID":"1366773","toID":"1366767","formEdgeID":null},{"edgeID":"1788317","fromID":"1366767","toID":"1366774","formEdgeID":null},{"edgeID":"1788318","fromID":"1366774","toID":"1366770","formEdgeID":null},{"edgeID":"1788319","fromID":"1366770","toID":"1366775","formEdgeID":null},{"edgeID":"1788320","fromID":"1366775","toID":"1366766","formEdgeID":null},{"edgeID":"1788321","fromID":"1366777","toID":"1366776","formEdgeID":null},{"edgeID":"1788322","fromID":"1366778","toID":"1366777","formEdgeID":null},{"edgeID":"1788323","fromID":"1366767","toID":"1366779","formEdgeID":null},{"edgeID":"1788324","fromID":"1366779","toID":"1366776","formEdgeID":null},{"edgeID":"1788325","fromID":"1366779","toID":"1366780","formEdgeID":null},{"edgeID":"1788326","fromID":"1366780","toID":"1366766","formEdgeID":null},{"edgeID":"1788327","fromID":"1366783","toID":"1366782","formEdgeID":null},{"edgeID":"1788328","fromID":"1366784","toID":"1366783","formEdgeID":null},{"edgeID":"1788329","fromID":"1366782","toID":"1366785","formEdgeID":null},{"edgeID":"1788330","fromID":"1366785","toID":"1366781","formEdgeID":null},{"edgeID":"1788331","fromID":"1366776","toID":"1366786","formEdgeID":null},{"edgeID":"1788332","fromID":"1366786","toID":"1366782","formEdgeID":null},{"edgeID":"1788333","fromID":"1366789","toID":"1366788","formEdgeID":null},{"edgeID":"1788334","fromID":"1366790","toID":"1366789","formEdgeID":null},{"edgeID":"1788335","fromID":"1366788","toID":"1366791","formEdgeID":null},{"edgeID":"1788336","fromID":"1366791","toID":"1366787","formEdgeID":null},{"edgeID":"1788337","fromID":"1366787","toID":"1366792","formEdgeID":null},{"edgeID":"1788338","fromID":"1366792","toID":"1366766","formEdgeID":null},{"edgeID":"1788339","fromID":"1366767","toID":"1366793","formEdgeID":null},{"edgeID":"1788340","fromID":"1366793","toID":"1366788","formEdgeID":null},{"edgeID":"1788341","fromID":"1366793","toID":"1366794","formEdgeID":null},{"edgeID":"1788342","fromID":"1366794","toID":"1366792","formEdgeID":null},{"edgeID":"1788343","fromID":"1366796","toID":"1366795","formEdgeID":null},{"edgeID":"1788344","fromID":"1366797","toID":"1366796","formEdgeID":null},{"edgeID":"1788345","fromID":"1366798","toID":"1366788","formEdgeID":null},{"edgeID":"1788346","fromID":"1366790","toID":"1366798","formEdgeID":null},{"edgeID":"1788347","fromID":"1366788","toID":"1366799","formEdgeID":null},{"edgeID":"1788348","fromID":"1366799","toID":"1366795","formEdgeID":null},{"edgeID":"1788349","fromID":"1366795","toID":"1366800","formEdgeID":null},{"edgeID":"1788350","fromID":"1366800","toID":"1366788","formEdgeID":null},{"edgeID":"1788351","fromID":"1366795","toID":"1366801","formEdgeID":null},{"edgeID":"1788352","fromID":"1366801","toID":"1366787","formEdgeID":null},{"edgeID":"1788353","fromID":"1366788","toID":"1366802","formEdgeID":null},{"edgeID":"1788354","fromID":"1366802","toID":"1366787","formEdgeID":null},{"edgeID":"1788355","fromID":"1366805","toID":"1366804","formEdgeID":null},{"edgeID":"1788356","fromID":"1366806","toID":"1366805","formEdgeID":null},{"edgeID":"1788357","fromID":"1366804","toID":"1366807","formEdgeID":null},{"edgeID":"1788358","fromID":"1366807","toID":"1366803","formEdgeID":null},{"edgeID":"1788359","fromID":"1366810","toID":"1366809","formEdgeID":null},{"edgeID":"1788360","fromID":"1366811","toID":"1366810","formEdgeID":null},{"edgeID":"1788361","fromID":"1366809","toID":"1366812","formEdgeID":null},{"edgeID":"1788362","fromID":"1366812","toID":"1366808","formEdgeID":null},{"edgeID":"1788363","fromID":"1366815","toID":"1366814","formEdgeID":null},{"edgeID":"1788364","fromID":"1366816","toID":"1366815","formEdgeID":null},{"edgeID":"1788365","fromID":"1366814","toID":"1366817","formEdgeID":null},{"edgeID":"1788366","fromID":"1366817","toID":"1366813","formEdgeID":null},{"edgeID":"1788367","fromID":"1366788","toID":"1366818","formEdgeID":null},{"edgeID":"1788368","fromID":"1366818","toID":"1366814","formEdgeID":null},{"edgeID":"1788369","fromID":"1366813","toID":"1366819","formEdgeID":null},{"edgeID":"1788370","fromID":"1366819","toID":"1366787","formEdgeID":null},{"edgeID":"1788371","fromID":"1366818","toID":"1366820","formEdgeID":null},{"edgeID":"1788372","fromID":"1366820","toID":"1366819","formEdgeID":null},{"edgeID":"1788373","fromID":"1366804","toID":"1366821","formEdgeID":null},{"edgeID":"1788374","fromID":"1366821","toID":"1366814","formEdgeID":null},{"edgeID":"1788375","fromID":"1366813","toID":"1366822","formEdgeID":null},{"edgeID":"1788376","fromID":"1366822","toID":"1366803","formEdgeID":null},{"edgeID":"1788377","fromID":"1366821","toID":"1366823","formEdgeID":null},{"edgeID":"1788378","fromID":"1366823","toID":"1366822","formEdgeID":null},{"edgeID":"1788379","fromID":"1366826","toID":"1366825","formEdgeID":null},{"edgeID":"1788380","fromID":"1366827","toID":"1366826","formEdgeID":null},{"edgeID":"1788381","fromID":"1366825","toID":"1366828","formEdgeID":null},{"edgeID":"1788382","fromID":"1366828","toID":"1366824","formEdgeID":null},{"edgeID":"1788383","fromID":"1366814","toID":"1366829","formEdgeID":null},{"edgeID":"1788384","fromID":"1366829","toID":"1366825","formEdgeID":null},{"edgeID":"1788385","fromID":"1366832","toID":"1366831","formEdgeID":null},{"edgeID":"1788386","fromID":"1366833","toID":"1366832","formEdgeID":null},{"edgeID":"1788387","fromID":"1366831","toID":"1366834","formEdgeID":null},{"edgeID":"1788388","fromID":"1366834","toID":"1366830","formEdgeID":null},{"edgeID":"1788389","fromID":"1366830","toID":"1366835","formEdgeID":null},{"edgeID":"1788390","fromID":"1366835","toID":"1366824","formEdgeID":null},{"edgeID":"1788391","fromID":"1366825","toID":"1366836","formEdgeID":null},{"edgeID":"1788392","fromID":"1366836","toID":"1366831","formEdgeID":null},{"edgeID":"1788393","fromID":"1366836","toID":"1366837","formEdgeID":null},{"edgeID":"1788394","fromID":"1366837","toID":"1366835","formEdgeID":null},{"edgeID":"1788395","fromID":"1366840","toID":"1366839","formEdgeID":null},{"edgeID":"1788396","fromID":"1366841","toID":"1366840","formEdgeID":null},{"edgeID":"1788397","fromID":"1366839","toID":"1366842","formEdgeID":null},{"edgeID":"1788398","fromID":"1366842","toID":"1366838","formEdgeID":null},{"edgeID":"1788399","fromID":"1366831","toID":"1366843","formEdgeID":null},{"edgeID":"1788400","fromID":"1366843","toID":"1366839","formEdgeID":null},{"edgeID":"1788401","fromID":"1366846","toID":"1366845","formEdgeID":null},{"edgeID":"1788402","fromID":"1366847","toID":"1366846","formEdgeID":null},{"edgeID":"1788403","fromID":"1366845","toID":"1366848","formEdgeID":null},{"edgeID":"1788404","fromID":"1366848","toID":"1366844","formEdgeID":null},{"edgeID":"1788405","fromID":"1366839","toID":"1366849","formEdgeID":null},{"edgeID":"1788406","fromID":"1366849","toID":"1366845","formEdgeID":null},{"edgeID":"1788407","fromID":"1366844","toID":"1366850","formEdgeID":null},{"edgeID":"1788408","fromID":"1366850","toID":"1366838","formEdgeID":null},{"edgeID":"1788409","fromID":"1366849","toID":"1366851","formEdgeID":null},{"edgeID":"1788410","fromID":"1366851","toID":"1366850","formEdgeID":null},{"edgeID":"1788411","fromID":"1366854","toID":"1366853","formEdgeID":null},{"edgeID":"1788412","fromID":"1366855","toID":"1366854","formEdgeID":null},{"edgeID":"1788413","fromID":"1366853","toID":"1366856","formEdgeID":null},{"edgeID":"1788414","fromID":"1366856","toID":"1366852","formEdgeID":null},{"edgeID":"1788415","fromID":"1366745","toID":"1366857","formEdgeID":null},{"edgeID":"1788416","fromID":"1366857","toID":"1366853","formEdgeID":null},{"edgeID":"1788417","fromID":"1366852","toID":"1366858","formEdgeID":null},{"edgeID":"1788418","fromID":"1366858","toID":"1366744","formEdgeID":null},{"edgeID":"1788419","fromID":"1366857","toID":"1366859","formEdgeID":null},{"edgeID":"1788420","fromID":"1366859","toID":"1366858","formEdgeID":null},{"edgeID":"1788421","fromID":"1366862","toID":"1366861","formEdgeID":null},{"edgeID":"1788422","fromID":"1366863","toID":"1366862","formEdgeID":null},{"edgeID":"1788423","fromID":"1366861","toID":"1366864","formEdgeID":null},{"edgeID":"1788424","fromID":"1366864","toID":"1366860","formEdgeID":null},{"edgeID":"1788425","fromID":"1366853","toID":"1366865","formEdgeID":null},{"edgeID":"1788426","fromID":"1366865","toID":"1366861","formEdgeID":null},{"edgeID":"1788427","fromID":"1366868","toID":"1366867","formEdgeID":null},{"edgeID":"1788428","fromID":"1366869","toID":"1366868","formEdgeID":null},{"edgeID":"1788429","fromID":"1366867","toID":"1366870","formEdgeID":null},{"edgeID":"1788430","fromID":"1366870","toID":"1366866","formEdgeID":null},{"edgeID":"1788431","fromID":"1366861","toID":"1366871","formEdgeID":null},{"edgeID":"1788432","fromID":"1366871","toID":"1366867","formEdgeID":null},{"edgeID":"1788433","fromID":"1366860","toID":"1366872","formEdgeID":null},{"edgeID":"1788434","fromID":"1366872","toID":"1366866","formEdgeID":null},{"edgeID":"1788435","fromID":"1366871","toID":"1366873","formEdgeID":null},{"edgeID":"1788436","fromID":"1366873","toID":"1366872","formEdgeID":null},{"edgeID":"1788437","fromID":"1366876","toID":"1366875","formEdgeID":null},{"edgeID":"1788438","fromID":"1366877","toID":"1366876","formEdgeID":null},{"edgeID":"1788439","fromID":"1366875","toID":"1366878","formEdgeID":null},{"edgeID":"1788440","fromID":"1366878","toID":"1366874","formEdgeID":null},{"edgeID":"1788441","fromID":"1366867","toID":"1366879","formEdgeID":null},{"edgeID":"1788442","fromID":"1366879","toID":"1366875","formEdgeID":null},{"edgeID":"1788443","fromID":"1366874","toID":"1366880","formEdgeID":null},{"edgeID":"1788444","fromID":"1366880","toID":"1366866","formEdgeID":null},{"edgeID":"1788445","fromID":"1366879","toID":"1366881","formEdgeID":null},{"edgeID":"1788446","fromID":"1366881","toID":"1366880","formEdgeID":null},{"edgeID":"1788447","fromID":"1366884","toID":"1366883","formEdgeID":null},{"edgeID":"1788448","fromID":"1366885","toID":"1366884","formEdgeID":null},{"edgeID":"1788449","fromID":"1366883","toID":"1366886","formEdgeID":null},{"edgeID":"1788450","fromID":"1366886","toID":"1366882","formEdgeID":null},{"edgeID":"1788451","fromID":"1366875","toID":"1366887","formEdgeID":null},{"edgeID":"1788452","fromID":"1366887","toID":"1366883","formEdgeID":null},{"edgeID":"1788453","fromID":"1366890","toID":"1366889","formEdgeID":null},{"edgeID":"1788454","fromID":"1366891","toID":"1366890","formEdgeID":null},{"edgeID":"1788455","fromID":"1366889","toID":"1366892","formEdgeID":null},{"edgeID":"1788456","fromID":"1366892","toID":"1366888","formEdgeID":null},{"edgeID":"1788457","fromID":"1366883","toID":"1366893","formEdgeID":null},{"edgeID":"1788458","fromID":"1366893","toID":"1366889","formEdgeID":null},{"edgeID":"1788459","fromID":"1366888","toID":"1366894","formEdgeID":null},{"edgeID":"1788460","fromID":"1366894","toID":"1366882","formEdgeID":null},{"edgeID":"1788461","fromID":"1366893","toID":"1366895","formEdgeID":null},{"edgeID":"1788462","fromID":"1366895","toID":"1366894","formEdgeID":null},{"edgeID":"1788463","fromID":"1366896","toID":"1366889","formEdgeID":null},{"edgeID":"1788464","fromID":"1366891","toID":"1366896","formEdgeID":null},{"edgeID":"1788465","fromID":"1366889","toID":"1366897","formEdgeID":null},{"edgeID":"1788466","fromID":"1366897","toID":"1366889","formEdgeID":null},{"edgeID":"1788467","fromID":"1366889","toID":"1366898","formEdgeID":null},{"edgeID":"1788468","fromID":"1366898","toID":"1366888","formEdgeID":null},{"edgeID":"1788469","fromID":"1366838","toID":"1366899","formEdgeID":null},{"edgeID":"1788470","fromID":"1366899","toID":"1366830","formEdgeID":null},{"edgeID":"1788471","fromID":"1366843","toID":"1366900","formEdgeID":null},{"edgeID":"1788472","fromID":"1366900","toID":"1366899","formEdgeID":null}],"locutions":[]}