{"nodes":[{"nodeID":"1158081","text":"the question is not whether he should serve a sentence for rape","type":"I","timestamp":"2023-04-24 19:49:29"},{"nodeID":"1158086","text":"the question is whether this individual is a man or woman","type":"I","timestamp":"2023-04-24 19:49:36"},{"nodeID":"1158118","text":"this individual is a rapist","type":"I","timestamp":"2023-04-24 19:49:56"},{"nodeID":"1158124","text":"we know that this individual is a rapist","type":"I","timestamp":"2023-04-24 19:50:01"},{"nodeID":"1158166","text":"we trust the Scottish Prison Service to make these judgements on behalf of Scottish ministers","type":"I","timestamp":"2023-04-24 19:50:26"},{"nodeID":"1158243","text":"this is a discussion that is not just about the situation of prisons or rape crisis centres","type":"I","timestamp":"2023-04-24 19:51:01"},{"nodeID":"1158251","text":"prisons and rape crisis centres are very important places that are sex-based for a reason","type":"I","timestamp":"2023-04-24 19:51:06"},{"nodeID":"1367498","text":"Ella Whelan: The question is not whether he should serve a sentence for rape","type":"L","timestamp":"2023-11-09 14:36:01"},{"nodeID":"1367499","text":"Analysing","type":"YA","timestamp":"2023-11-09 14:36:01"},{"nodeID":"1367500","text":"Nicole: Ella Whelan: The question is not whether he should serve a sentence for rape","type":"L","timestamp":"2023-11-09 14:36:01"},{"nodeID":"1367501","text":"Asserting","type":"YA","timestamp":"2023-11-09 14:36:01"},{"nodeID":"1367502","text":"Ella Whelan: it is whether this individual is a man or woman","type":"L","timestamp":"2023-11-09 14:36:01"},{"nodeID":"1367503","text":"Analysing","type":"YA","timestamp":"2023-11-09 14:36:01"},{"nodeID":"1367504","text":"Nicole: Ella Whelan: it is whether this individual is a man or woman","type":"L","timestamp":"2023-11-09 14:36:01"},{"nodeID":"1367505","text":"Asserting","type":"YA","timestamp":"2023-11-09 14:36:01"},{"nodeID":"1367506","text":"Default Transition","type":"TA","timestamp":"2023-11-09 14:36:01"},{"nodeID":"1367507","text":"Default Rephrase","type":"MA","timestamp":"2023-11-09 14:36:01"},{"nodeID":"1367508","text":"Restating","type":"YA","timestamp":"2023-11-09 14:36:01"},{"nodeID":"1367509","text":"what prison they go into","type":"I","timestamp":"2023-11-09 14:36:02"},{"nodeID":"1367510","text":"Ella Whelan: what prison they go into","type":"L","timestamp":"2023-11-09 14:36:02"},{"nodeID":"1367511","text":"Analysing","type":"YA","timestamp":"2023-11-09 14:36:02"},{"nodeID":"1367512","text":"Nicole: Ella Whelan: what prison they go into","type":"L","timestamp":"2023-11-09 14:36:02"},{"nodeID":"1367513","text":"Asserting","type":"YA","timestamp":"2023-11-09 14:36:02"},{"nodeID":"1367514","text":"Default Transition","type":"TA","timestamp":"2023-11-09 14:36:02"},{"nodeID":"1367515","text":"Default Inference","type":"RA","timestamp":"2023-11-09 14:36:02"},{"nodeID":"1367516","text":"Arguing","type":"YA","timestamp":"2023-11-09 14:36:02"},{"nodeID":"1367517","text":"xxx is answer to the question of whether this individual is a man or woman","type":"I","timestamp":"2023-11-09 14:36:02"},{"nodeID":"1367518","text":"Ella Whelan: What is your answer","type":"L","timestamp":"2023-11-09 14:36:02"},{"nodeID":"1367519","text":"Analysing","type":"YA","timestamp":"2023-11-09 14:36:02"},{"nodeID":"1367520","text":"Nicole: Ella Whelan: What is your answer","type":"L","timestamp":"2023-11-09 14:36:02"},{"nodeID":"1367521","text":"Pure Questioning","type":"YA","timestamp":"2023-11-09 14:36:02"},{"nodeID":"1367522","text":"this individual is a man or a woman","type":"I","timestamp":"2023-11-09 14:36:03"},{"nodeID":"1367523","text":"Ella Whelan: Is this individual a man or woman","type":"L","timestamp":"2023-11-09 14:36:03"},{"nodeID":"1367524","text":"Analysing","type":"YA","timestamp":"2023-11-09 14:36:03"},{"nodeID":"1367525","text":"Nicole: Ella Whelan: Is this individual a man or woman","type":"L","timestamp":"2023-11-09 14:36:03"},{"nodeID":"1367526","text":"Pure Questioning","type":"YA","timestamp":"2023-11-09 14:36:03"},{"nodeID":"1367527","text":"Default Transition","type":"TA","timestamp":"2023-11-09 14:36:03"},{"nodeID":"1367528","text":"Jenny Gilruth: This individual is a rapist","type":"L","timestamp":"2023-11-09 14:36:04"},{"nodeID":"1367529","text":"Analysing","type":"YA","timestamp":"2023-11-09 14:36:04"},{"nodeID":"1367530","text":"Nicole: Jenny Gilruth: This individual is a rapist","type":"L","timestamp":"2023-11-09 14:36:04"},{"nodeID":"1367531","text":"Asserting","type":"YA","timestamp":"2023-11-09 14:36:04"},{"nodeID":"1367532","text":"Default Transition","type":"TA","timestamp":"2023-11-09 14:36:04"},{"nodeID":"1367533","text":"Ella Whelan: We know that","type":"L","timestamp":"2023-11-09 14:36:04"},{"nodeID":"1367534","text":"Analysing","type":"YA","timestamp":"2023-11-09 14:36:04"},{"nodeID":"1367535","text":"Nicole: Ella Whelan: We know that","type":"L","timestamp":"2023-11-09 14:36:04"},{"nodeID":"1367536","text":"Asserting","type":"YA","timestamp":"2023-11-09 14:36:04"},{"nodeID":"1367537","text":"Default Transition","type":"TA","timestamp":"2023-11-09 14:36:04"},{"nodeID":"1367538","text":"Ella Whelan wants to know is it a man or a woman","type":"I","timestamp":"2023-11-09 14:36:05"},{"nodeID":"1367539","text":"Ella Whelan: I want to know is it a man or a woman","type":"L","timestamp":"2023-11-09 14:36:05"},{"nodeID":"1367540","text":"Analysing","type":"YA","timestamp":"2023-11-09 14:36:05"},{"nodeID":"1367541","text":"Nicole: Ella Whelan: I want to know is it a man or a woman","type":"L","timestamp":"2023-11-09 14:36:05"},{"nodeID":"1367542","text":"Asserting","type":"YA","timestamp":"2023-11-09 14:36:05"},{"nodeID":"1367543","text":"Default Transition","type":"TA","timestamp":"2023-11-09 14:36:05"},{"nodeID":"1367544","text":"Default Rephrase","type":"MA","timestamp":"2023-11-09 14:36:05"},{"nodeID":"1367545","text":"Restating","type":"YA","timestamp":"2023-11-09 14:36:05"},{"nodeID":"1367546","text":"the First Minister was asked the question today of whether this individual is a man or woman","type":"I","timestamp":"2023-11-09 14:36:06"},{"nodeID":"1367547","text":"Jenny Gilruth: The First Minister was asked this question today","type":"L","timestamp":"2023-11-09 14:36:06"},{"nodeID":"1367548","text":"Analysing","type":"YA","timestamp":"2023-11-09 14:36:06"},{"nodeID":"1367549","text":"Nicole: Jenny Gilruth: The First Minister was asked this question today","type":"L","timestamp":"2023-11-09 14:36:06"},{"nodeID":"1367550","text":"Asserting","type":"YA","timestamp":"2023-11-09 14:36:06"},{"nodeID":"1367551","text":"Default Transition","type":"TA","timestamp":"2023-11-09 14:36:06"},{"nodeID":"1367552","text":"the First Minister didn't know about the individual in question","type":"I","timestamp":"2023-11-09 14:36:06"},{"nodeID":"1367553","text":"Jenny Gilruth: She gave the response she didn't know about the individual in question","type":"L","timestamp":"2023-11-09 14:36:06"},{"nodeID":"1367554","text":"Analysing","type":"YA","timestamp":"2023-11-09 14:36:06"},{"nodeID":"1367555","text":"Nicole: Jenny Gilruth: She gave the response she didn't know about the individual in question","type":"L","timestamp":"2023-11-09 14:36:06"},{"nodeID":"1367556","text":"Default Transition","type":"TA","timestamp":"2023-11-09 14:36:06"},{"nodeID":"1367557","text":"Jenny Gilruth: I would say likewise","type":"L","timestamp":"2023-11-09 14:36:06"},{"nodeID":"1367558","text":"Analysing","type":"YA","timestamp":"2023-11-09 14:36:06"},{"nodeID":"1367559","text":"Nicole: Jenny Gilruth: I would say likewise","type":"L","timestamp":"2023-11-09 14:36:06"},{"nodeID":"1367560","text":"Default Transition","type":"TA","timestamp":"2023-11-09 14:36:06"},{"nodeID":"1367561","text":"the most important thing in this case, we have to be very careful","type":"I","timestamp":"2023-11-09 14:36:07"},{"nodeID":"1367562","text":"Jenny Gilruth: the most important thing in this case, we have to be very careful","type":"L","timestamp":"2023-11-09 14:36:07"},{"nodeID":"1367563","text":"Analysing","type":"YA","timestamp":"2023-11-09 14:36:07"},{"nodeID":"1367564","text":"Nicole: Jenny Gilruth: the most important thing in this case, we have to be very careful","type":"L","timestamp":"2023-11-09 14:36:07"},{"nodeID":"1367565","text":"Asserting","type":"YA","timestamp":"2023-11-09 14:36:07"},{"nodeID":"1367566","text":"Default Transition","type":"TA","timestamp":"2023-11-09 14:36:07"},{"nodeID":"1367567","text":"Jenny Gilruth: we trust the Scottish Prison Service to make these judgements on behalf of Scottish ministers","type":"L","timestamp":"2023-11-09 14:36:07"},{"nodeID":"1367568","text":"Analysing","type":"YA","timestamp":"2023-11-09 14:36:07"},{"nodeID":"1367569","text":"Nicole: Jenny Gilruth: we trust the Scottish Prison Service to make these judgements on behalf of Scottish ministers","type":"L","timestamp":"2023-11-09 14:36:07"},{"nodeID":"1367570","text":"Asserting","type":"YA","timestamp":"2023-11-09 14:36:07"},{"nodeID":"1367571","text":"Default Transition","type":"TA","timestamp":"2023-11-09 14:36:07"},{"nodeID":"1367572","text":"Default Inference","type":"RA","timestamp":"2023-11-09 14:36:07"},{"nodeID":"1367573","text":"Arguing","type":"YA","timestamp":"2023-11-09 14:36:07"},{"nodeID":"1367574","text":"to make these judgements on behalf of Scottish ministers is the Scottish Prison Service's role","type":"I","timestamp":"2023-11-09 14:36:08"},{"nodeID":"1367575","text":"Jenny Gilruth: That is their role","type":"L","timestamp":"2023-11-09 14:36:08"},{"nodeID":"1367576","text":"Analysing","type":"YA","timestamp":"2023-11-09 14:36:08"},{"nodeID":"1367577","text":"Nicole: Jenny Gilruth: That is their role","type":"L","timestamp":"2023-11-09 14:36:08"},{"nodeID":"1367578","text":"Asserting","type":"YA","timestamp":"2023-11-09 14:36:08"},{"nodeID":"1367579","text":"Default Transition","type":"TA","timestamp":"2023-11-09 14:36:08"},{"nodeID":"1367580","text":"Default Rephrase","type":"MA","timestamp":"2023-11-09 14:36:08"},{"nodeID":"1367581","text":"Restating","type":"YA","timestamp":"2023-11-09 14:36:08"},{"nodeID":"1367582","text":"to make these judgements on behalf of Scottish ministers is the Scottish Prison Service's job","type":"I","timestamp":"2023-11-09 14:36:09"},{"nodeID":"1367583","text":"Jenny Gilruth: it is their job","type":"L","timestamp":"2023-11-09 14:36:09"},{"nodeID":"1367584","text":"Analysing","type":"YA","timestamp":"2023-11-09 14:36:09"},{"nodeID":"1367585","text":"Nicole: Jenny Gilruth: it is their job","type":"L","timestamp":"2023-11-09 14:36:09"},{"nodeID":"1367586","text":"Asserting","type":"YA","timestamp":"2023-11-09 14:36:09"},{"nodeID":"1367587","text":"Default Transition","type":"TA","timestamp":"2023-11-09 14:36:09"},{"nodeID":"1367588","text":"Default Rephrase","type":"MA","timestamp":"2023-11-09 14:36:09"},{"nodeID":"1367589","text":"Restating","type":"YA","timestamp":"2023-11-09 14:36:09"},{"nodeID":"1367590","text":"it is also worth saying in relation to reviews, there are two reviews underway at Scotland in the moment","type":"I","timestamp":"2023-11-09 14:36:09"},{"nodeID":"1367591","text":"Jenny Gilruth: It is also worth saying in relation to reviews, there are two reviews underway at Scotland in the moment","type":"L","timestamp":"2023-11-09 14:36:09"},{"nodeID":"1367592","text":"Analysing","type":"YA","timestamp":"2023-11-09 14:36:09"},{"nodeID":"1367593","text":"Nicole: Jenny Gilruth: It is also worth saying in relation to reviews, there are two reviews underway at Scotland in the moment","type":"L","timestamp":"2023-11-09 14:36:09"},{"nodeID":"1367594","text":"Asserting","type":"YA","timestamp":"2023-11-09 14:36:09"},{"nodeID":"1367595","text":"Default Transition","type":"TA","timestamp":"2023-11-09 14:36:09"},{"nodeID":"1367596","text":"Jenny Gilruth hasn't answered the question of is the individual a man or a woman","type":"I","timestamp":"2023-11-09 14:36:10"},{"nodeID":"1367597","text":"Ella Whelan: You haven't answered the question","type":"L","timestamp":"2023-11-09 14:36:10"},{"nodeID":"1367598","text":"Analysing","type":"YA","timestamp":"2023-11-09 14:36:10"},{"nodeID":"1367599","text":"Nicole: Ella Whelan: You haven't answered the question","type":"L","timestamp":"2023-11-09 14:36:10"},{"nodeID":"1367600","text":"Asserting","type":"YA","timestamp":"2023-11-09 14:36:10"},{"nodeID":"1367601","text":"Default Transition","type":"TA","timestamp":"2023-11-09 14:36:10"},{"nodeID":"1367602","text":"Analysing","type":"YA","timestamp":"2023-11-09 14:36:10"},{"nodeID":"1367603","text":"Default Transition","type":"TA","timestamp":"2023-11-09 14:36:10"},{"nodeID":"1367604","text":"Asserting","type":"YA","timestamp":"2023-11-09 14:36:10"},{"nodeID":"1367605","text":"Jenny Gilruth has answered the question of is the individual a man or a woman","type":"I","timestamp":"2023-11-09 14:36:11"},{"nodeID":"1367606","text":"Jenny Gilruth: I have answered the question","type":"L","timestamp":"2023-11-09 14:36:11"},{"nodeID":"1367607","text":"Analysing","type":"YA","timestamp":"2023-11-09 14:36:11"},{"nodeID":"1367608","text":"Nicole: Jenny Gilruth: I have answered the question","type":"L","timestamp":"2023-11-09 14:36:11"},{"nodeID":"1367609","text":"Asserting","type":"YA","timestamp":"2023-11-09 14:36:11"},{"nodeID":"1367610","text":"Default Transition","type":"TA","timestamp":"2023-11-09 14:36:11"},{"nodeID":"1367611","text":"Default Conflict","type":"CA","timestamp":"2023-11-09 14:36:11"},{"nodeID":"1367612","text":"Disagreeing","type":"YA","timestamp":"2023-11-09 14:36:11"},{"nodeID":"1367613","text":"Ella Whelan: No, you haven't","type":"L","timestamp":"2023-11-09 14:36:11"},{"nodeID":"1367614","text":"Analysing","type":"YA","timestamp":"2023-11-09 14:36:11"},{"nodeID":"1367615","text":"Nicole: Ella Whelan: No, you haven't","type":"L","timestamp":"2023-11-09 14:36:11"},{"nodeID":"1367616","text":"Default Transition","type":"TA","timestamp":"2023-11-09 14:36:11"},{"nodeID":"1367617","text":"Ella Whelan: You haven't","type":"L","timestamp":"2023-11-09 14:36:11"},{"nodeID":"1367618","text":"Analysing","type":"YA","timestamp":"2023-11-09 14:36:11"},{"nodeID":"1367619","text":"Nicole: Ella Whelan: You haven't","type":"L","timestamp":"2023-11-09 14:36:11"},{"nodeID":"1367620","text":"Default Transition","type":"TA","timestamp":"2023-11-09 14:36:11"},{"nodeID":"1367621","text":"Asserting","type":"YA","timestamp":"2023-11-09 14:36:11"},{"nodeID":"1367622","text":"Asserting","type":"YA","timestamp":"2023-11-09 14:36:11"},{"nodeID":"1367623","text":"we should give Jenny one more chance to answer the question of is the individual a man or a woman","type":"I","timestamp":"2023-11-09 14:36:11"},{"nodeID":"1367624","text":"Fiona Bruce: Should we give Jenny one more chance to answer the question","type":"L","timestamp":"2023-11-09 14:36:11"},{"nodeID":"1367625","text":"Analysing","type":"YA","timestamp":"2023-11-09 14:36:11"},{"nodeID":"1367626","text":"Nicole: Fiona Bruce: Should we give Jenny one more chance to answer the question","type":"L","timestamp":"2023-11-09 14:36:11"},{"nodeID":"1367627","text":"Rhetorical Questioning","type":"YA","timestamp":"2023-11-09 14:36:11"},{"nodeID":"1367628","text":"Default Transition","type":"TA","timestamp":"2023-11-09 14:36:11"},{"nodeID":"1367629","text":"Default Rephrase","type":"MA","timestamp":"2023-11-09 14:36:11"},{"nodeID":"1367630","text":"Restating","type":"YA","timestamp":"2023-11-09 14:36:11"},{"nodeID":"1367631","text":"Analysing","type":"YA","timestamp":"2023-11-09 14:36:11"},{"nodeID":"1367632","text":"Default Transition","type":"TA","timestamp":"2023-11-09 14:36:11"},{"nodeID":"1367633","text":"Asserting","type":"YA","timestamp":"2023-11-09 14:36:11"},{"nodeID":"1367634","text":"this is such an important question","type":"I","timestamp":"2023-11-09 14:36:12"},{"nodeID":"1367635","text":"Ella Whelan: this is such an important question","type":"L","timestamp":"2023-11-09 14:36:12"},{"nodeID":"1367636","text":"Analysing","type":"YA","timestamp":"2023-11-09 14:36:12"},{"nodeID":"1367637","text":"Nicole: Ella Whelan: this is such an important question","type":"L","timestamp":"2023-11-09 14:36:12"},{"nodeID":"1367638","text":"Asserting","type":"YA","timestamp":"2023-11-09 14:36:12"},{"nodeID":"1367639","text":"Default Transition","type":"TA","timestamp":"2023-11-09 14:36:12"},{"nodeID":"1367640","text":"Ella Whelan: this is a discussion that is not just about the situation of prisons or rape crisis centres","type":"L","timestamp":"2023-11-09 14:36:12"},{"nodeID":"1367641","text":"Analysing","type":"YA","timestamp":"2023-11-09 14:36:12"},{"nodeID":"1367642","text":"Nicole: Ella Whelan: this is a discussion that is not just about the situation of prisons or rape crisis centres","type":"L","timestamp":"2023-11-09 14:36:12"},{"nodeID":"1367643","text":"Asserting","type":"YA","timestamp":"2023-11-09 14:36:12"},{"nodeID":"1367644","text":"Default Transition","type":"TA","timestamp":"2023-11-09 14:36:12"},{"nodeID":"1367645","text":"Default Inference","type":"RA","timestamp":"2023-11-09 14:36:12"},{"nodeID":"1367646","text":"Arguing","type":"YA","timestamp":"2023-11-09 14:36:12"},{"nodeID":"1367647","text":"Ella Whelan: which are very important places that are sex-based for a reason","type":"L","timestamp":"2023-11-09 14:36:13"},{"nodeID":"1367648","text":"Analysing","type":"YA","timestamp":"2023-11-09 14:36:13"},{"nodeID":"1367649","text":"Nicole: Ella Whelan: which are very important places that are sex-based for a reason","type":"L","timestamp":"2023-11-09 14:36:13"},{"nodeID":"1367650","text":"Asserting","type":"YA","timestamp":"2023-11-09 14:36:13"},{"nodeID":"1367651","text":"Default Transition","type":"TA","timestamp":"2023-11-09 14:36:13"},{"nodeID":"1367652","text":"it's remarkable to Ella Whelan that politicians in this country, in Scotland and Wales and England, have given up on the belief in reality that sex is real and it is irrefutable","type":"I","timestamp":"2023-11-09 14:36:14"},{"nodeID":"1367653","text":"Ella Whelan: it's remarkable to me that politicians in this country, in Scotland and Wales and England, have given up on the, you know, belief in reality that sex is real and it is irrefutable","type":"L","timestamp":"2023-11-09 14:36:14"},{"nodeID":"1367654","text":"Analysing","type":"YA","timestamp":"2023-11-09 14:36:14"},{"nodeID":"1367655","text":"Nicole: Ella Whelan: it's remarkable to me that politicians in this country, in Scotland and Wales and England, have given up on the, you know, belief in reality that sex is real and it is irrefutable","type":"L","timestamp":"2023-11-09 14:36:14"},{"nodeID":"1367656","text":"Asserting","type":"YA","timestamp":"2023-11-09 14:36:14"},{"nodeID":"1367657","text":"Default Transition","type":"TA","timestamp":"2023-11-09 14:36:14"},{"nodeID":"1367658","text":"Default Rephrase","type":"MA","timestamp":"2023-11-09 14:36:14"},{"nodeID":"1367659","text":"Restating","type":"YA","timestamp":"2023-11-09 14:36:14"},{"nodeID":"1367660","text":"Default Rephrase","type":"MA","timestamp":"2023-11-09 14:36:14"},{"nodeID":"1367661","text":"Default Illocuting","type":"YA","timestamp":"2023-11-09 14:36:14"},{"nodeID":"1367662","text":"Default Rephrase","type":"MA","timestamp":"2023-11-09 14:36:14"},{"nodeID":"1367663","text":"Default Transition","type":"TA","timestamp":"2023-11-09 14:36:14"},{"nodeID":"1367664","text":"Restating","type":"YA","timestamp":"2023-11-09 14:36:14"},{"nodeID":"1367665","text":"Default Rephrase","type":"MA","timestamp":"2023-11-09 14:36:14"},{"nodeID":"1367666","text":"Restating","type":"YA","timestamp":"2023-11-09 14:36:14"},{"nodeID":"1367667","text":"First Minister: didn't know about the individual in question","type":"L","timestamp":"2023-11-09 14:36:14"},{"nodeID":"1367668","text":"Analysing","type":"YA","timestamp":"2023-11-09 14:36:14"},{"nodeID":"1367669","text":"Nicole: First Minister: didn't know about the individual in question","type":"L","timestamp":"2023-11-09 14:36:14"},{"nodeID":"1367670","text":"Asserting","type":"YA","timestamp":"2023-11-09 14:36:14"},{"nodeID":"1367671","text":"Asserting","type":"YA","timestamp":"2023-11-09 14:36:14"},{"nodeID":"1367672","text":"Agreeing","type":"YA","timestamp":"2023-11-09 14:36:14"}],"edges":[{"edgeID":"1789176","fromID":"1367499","toID":"1367498","formEdgeID":null},{"edgeID":"1789177","fromID":"1367500","toID":"1367499","formEdgeID":null},{"edgeID":"1789178","fromID":"1367498","toID":"1367501","formEdgeID":null},{"edgeID":"1789179","fromID":"1367501","toID":"1158081","formEdgeID":null},{"edgeID":"1789180","fromID":"1367503","toID":"1367502","formEdgeID":null},{"edgeID":"1789181","fromID":"1367504","toID":"1367503","formEdgeID":null},{"edgeID":"1789182","fromID":"1367502","toID":"1367505","formEdgeID":null},{"edgeID":"1789183","fromID":"1367505","toID":"1158086","formEdgeID":null},{"edgeID":"1789184","fromID":"1367498","toID":"1367506","formEdgeID":null},{"edgeID":"1789185","fromID":"1367506","toID":"1367502","formEdgeID":null},{"edgeID":"1789186","fromID":"1158086","toID":"1367507","formEdgeID":null},{"edgeID":"1789187","fromID":"1367507","toID":"1158081","formEdgeID":null},{"edgeID":"1789188","fromID":"1367506","toID":"1367508","formEdgeID":null},{"edgeID":"1789189","fromID":"1367508","toID":"1367507","formEdgeID":null},{"edgeID":"1789190","fromID":"1367511","toID":"1367510","formEdgeID":null},{"edgeID":"1789191","fromID":"1367512","toID":"1367511","formEdgeID":null},{"edgeID":"1789192","fromID":"1367510","toID":"1367513","formEdgeID":null},{"edgeID":"1789193","fromID":"1367513","toID":"1367509","formEdgeID":null},{"edgeID":"1789194","fromID":"1367502","toID":"1367514","formEdgeID":null},{"edgeID":"1789195","fromID":"1367514","toID":"1367510","formEdgeID":null},{"edgeID":"1789196","fromID":"1367509","toID":"1367515","formEdgeID":null},{"edgeID":"1789197","fromID":"1367515","toID":"1158086","formEdgeID":null},{"edgeID":"1789198","fromID":"1367514","toID":"1367516","formEdgeID":null},{"edgeID":"1789199","fromID":"1367516","toID":"1367515","formEdgeID":null},{"edgeID":"1789200","fromID":"1367519","toID":"1367518","formEdgeID":null},{"edgeID":"1789201","fromID":"1367520","toID":"1367519","formEdgeID":null},{"edgeID":"1789202","fromID":"1367518","toID":"1367521","formEdgeID":null},{"edgeID":"1789203","fromID":"1367521","toID":"1367517","formEdgeID":null},{"edgeID":"1789204","fromID":"1367524","toID":"1367523","formEdgeID":null},{"edgeID":"1789205","fromID":"1367525","toID":"1367524","formEdgeID":null},{"edgeID":"1789206","fromID":"1367523","toID":"1367526","formEdgeID":null},{"edgeID":"1789207","fromID":"1367526","toID":"1367522","formEdgeID":null},{"edgeID":"1789208","fromID":"1367518","toID":"1367527","formEdgeID":null},{"edgeID":"1789209","fromID":"1367527","toID":"1367523","formEdgeID":null},{"edgeID":"1789210","fromID":"1367529","toID":"1367528","formEdgeID":null},{"edgeID":"1789211","fromID":"1367530","toID":"1367529","formEdgeID":null},{"edgeID":"1789212","fromID":"1367528","toID":"1367531","formEdgeID":null},{"edgeID":"1789213","fromID":"1367531","toID":"1158118","formEdgeID":null},{"edgeID":"1789214","fromID":"1367523","toID":"1367532","formEdgeID":null},{"edgeID":"1789215","fromID":"1367532","toID":"1367528","formEdgeID":null},{"edgeID":"1789216","fromID":"1367534","toID":"1367533","formEdgeID":null},{"edgeID":"1789217","fromID":"1367535","toID":"1367534","formEdgeID":null},{"edgeID":"1789218","fromID":"1367533","toID":"1367536","formEdgeID":null},{"edgeID":"1789219","fromID":"1367536","toID":"1158124","formEdgeID":null},{"edgeID":"1789220","fromID":"1367528","toID":"1367537","formEdgeID":null},{"edgeID":"1789221","fromID":"1367537","toID":"1367533","formEdgeID":null},{"edgeID":"1789222","fromID":"1367540","toID":"1367539","formEdgeID":null},{"edgeID":"1789223","fromID":"1367541","toID":"1367540","formEdgeID":null},{"edgeID":"1789224","fromID":"1367539","toID":"1367542","formEdgeID":null},{"edgeID":"1789225","fromID":"1367542","toID":"1367538","formEdgeID":null},{"edgeID":"1789226","fromID":"1367523","toID":"1367543","formEdgeID":null},{"edgeID":"1789227","fromID":"1367543","toID":"1367539","formEdgeID":null},{"edgeID":"1789228","fromID":"1367538","toID":"1367544","formEdgeID":null},{"edgeID":"1789229","fromID":"1367544","toID":"1367522","formEdgeID":null},{"edgeID":"1789230","fromID":"1367543","toID":"1367545","formEdgeID":null},{"edgeID":"1789231","fromID":"1367545","toID":"1367544","formEdgeID":null},{"edgeID":"1789232","fromID":"1367548","toID":"1367547","formEdgeID":null},{"edgeID":"1789233","fromID":"1367549","toID":"1367548","formEdgeID":null},{"edgeID":"1789234","fromID":"1367547","toID":"1367550","formEdgeID":null},{"edgeID":"1789235","fromID":"1367550","toID":"1367546","formEdgeID":null},{"edgeID":"1789236","fromID":"1367539","toID":"1367551","formEdgeID":null},{"edgeID":"1789237","fromID":"1367551","toID":"1367547","formEdgeID":null},{"edgeID":"1789238","fromID":"1367554","toID":"1367553","formEdgeID":null},{"edgeID":"1789239","fromID":"1367555","toID":"1367554","formEdgeID":null},{"edgeID":"1789240","fromID":"1367547","toID":"1367556","formEdgeID":null},{"edgeID":"1789241","fromID":"1367556","toID":"1367553","formEdgeID":null},{"edgeID":"1789242","fromID":"1367558","toID":"1367557","formEdgeID":null},{"edgeID":"1789243","fromID":"1367559","toID":"1367558","formEdgeID":null},{"edgeID":"1789244","fromID":"1367553","toID":"1367560","formEdgeID":null},{"edgeID":"1789245","fromID":"1367560","toID":"1367557","formEdgeID":null},{"edgeID":"1789246","fromID":"1367563","toID":"1367562","formEdgeID":null},{"edgeID":"1789247","fromID":"1367564","toID":"1367563","formEdgeID":null},{"edgeID":"1789248","fromID":"1367562","toID":"1367565","formEdgeID":null},{"edgeID":"1789249","fromID":"1367565","toID":"1367561","formEdgeID":null},{"edgeID":"1789250","fromID":"1367557","toID":"1367566","formEdgeID":null},{"edgeID":"1789251","fromID":"1367566","toID":"1367562","formEdgeID":null},{"edgeID":"1789252","fromID":"1367568","toID":"1367567","formEdgeID":null},{"edgeID":"1789253","fromID":"1367569","toID":"1367568","formEdgeID":null},{"edgeID":"1789254","fromID":"1367567","toID":"1367570","formEdgeID":null},{"edgeID":"1789255","fromID":"1367570","toID":"1158166","formEdgeID":null},{"edgeID":"1789256","fromID":"1367562","toID":"1367571","formEdgeID":null},{"edgeID":"1789257","fromID":"1367571","toID":"1367567","formEdgeID":null},{"edgeID":"1789258","fromID":"1158166","toID":"1367572","formEdgeID":null},{"edgeID":"1789259","fromID":"1367572","toID":"1367561","formEdgeID":null},{"edgeID":"1789260","fromID":"1367571","toID":"1367573","formEdgeID":null},{"edgeID":"1789261","fromID":"1367573","toID":"1367572","formEdgeID":null},{"edgeID":"1789262","fromID":"1367576","toID":"1367575","formEdgeID":null},{"edgeID":"1789263","fromID":"1367577","toID":"1367576","formEdgeID":null},{"edgeID":"1789264","fromID":"1367575","toID":"1367578","formEdgeID":null},{"edgeID":"1789265","fromID":"1367578","toID":"1367574","formEdgeID":null},{"edgeID":"1789266","fromID":"1367567","toID":"1367579","formEdgeID":null},{"edgeID":"1789267","fromID":"1367579","toID":"1367575","formEdgeID":null},{"edgeID":"1789268","fromID":"1367574","toID":"1367580","formEdgeID":null},{"edgeID":"1789269","fromID":"1367580","toID":"1158166","formEdgeID":null},{"edgeID":"1789270","fromID":"1367579","toID":"1367581","formEdgeID":null},{"edgeID":"1789271","fromID":"1367581","toID":"1367580","formEdgeID":null},{"edgeID":"1789272","fromID":"1367584","toID":"1367583","formEdgeID":null},{"edgeID":"1789273","fromID":"1367585","toID":"1367584","formEdgeID":null},{"edgeID":"1789274","fromID":"1367583","toID":"1367586","formEdgeID":null},{"edgeID":"1789275","fromID":"1367586","toID":"1367582","formEdgeID":null},{"edgeID":"1789276","fromID":"1367575","toID":"1367587","formEdgeID":null},{"edgeID":"1789277","fromID":"1367587","toID":"1367583","formEdgeID":null},{"edgeID":"1789278","fromID":"1367582","toID":"1367588","formEdgeID":null},{"edgeID":"1789279","fromID":"1367588","toID":"1367574","formEdgeID":null},{"edgeID":"1789280","fromID":"1367587","toID":"1367589","formEdgeID":null},{"edgeID":"1789281","fromID":"1367589","toID":"1367588","formEdgeID":null},{"edgeID":"1789282","fromID":"1367592","toID":"1367591","formEdgeID":null},{"edgeID":"1789283","fromID":"1367593","toID":"1367592","formEdgeID":null},{"edgeID":"1789284","fromID":"1367591","toID":"1367594","formEdgeID":null},{"edgeID":"1789285","fromID":"1367594","toID":"1367590","formEdgeID":null},{"edgeID":"1789286","fromID":"1367583","toID":"1367595","formEdgeID":null},{"edgeID":"1789287","fromID":"1367595","toID":"1367591","formEdgeID":null},{"edgeID":"1789288","fromID":"1367598","toID":"1367597","formEdgeID":null},{"edgeID":"1789289","fromID":"1367599","toID":"1367598","formEdgeID":null},{"edgeID":"1789290","fromID":"1367597","toID":"1367600","formEdgeID":null},{"edgeID":"1789291","fromID":"1367600","toID":"1367596","formEdgeID":null},{"edgeID":"1789292","fromID":"1367591","toID":"1367601","formEdgeID":null},{"edgeID":"1789293","fromID":"1367601","toID":"1367597","formEdgeID":null},{"edgeID":"1789294","fromID":"1367602","toID":"1367597","formEdgeID":null},{"edgeID":"1789295","fromID":"1367599","toID":"1367602","formEdgeID":null},{"edgeID":"1789296","fromID":"1367597","toID":"1367603","formEdgeID":null},{"edgeID":"1789297","fromID":"1367603","toID":"1367597","formEdgeID":null},{"edgeID":"1789298","fromID":"1367597","toID":"1367604","formEdgeID":null},{"edgeID":"1789299","fromID":"1367604","toID":"1367596","formEdgeID":null},{"edgeID":"1789300","fromID":"1367607","toID":"1367606","formEdgeID":null},{"edgeID":"1789301","fromID":"1367608","toID":"1367607","formEdgeID":null},{"edgeID":"1789302","fromID":"1367606","toID":"1367609","formEdgeID":null},{"edgeID":"1789303","fromID":"1367609","toID":"1367605","formEdgeID":null},{"edgeID":"1789304","fromID":"1367597","toID":"1367610","formEdgeID":null},{"edgeID":"1789305","fromID":"1367610","toID":"1367606","formEdgeID":null},{"edgeID":"1789306","fromID":"1367605","toID":"1367611","formEdgeID":null},{"edgeID":"1789307","fromID":"1367611","toID":"1367596","formEdgeID":null},{"edgeID":"1789308","fromID":"1367610","toID":"1367612","formEdgeID":null},{"edgeID":"1789309","fromID":"1367612","toID":"1367611","formEdgeID":null},{"edgeID":"1789310","fromID":"1367614","toID":"1367613","formEdgeID":null},{"edgeID":"1789311","fromID":"1367615","toID":"1367614","formEdgeID":null},{"edgeID":"1789312","fromID":"1367606","toID":"1367616","formEdgeID":null},{"edgeID":"1789313","fromID":"1367616","toID":"1367613","formEdgeID":null},{"edgeID":"1789314","fromID":"1367618","toID":"1367617","formEdgeID":null},{"edgeID":"1789315","fromID":"1367619","toID":"1367618","formEdgeID":null},{"edgeID":"1789316","fromID":"1367613","toID":"1367620","formEdgeID":null},{"edgeID":"1789317","fromID":"1367620","toID":"1367617","formEdgeID":null},{"edgeID":"1789318","fromID":"1367613","toID":"1367621","formEdgeID":null},{"edgeID":"1789319","fromID":"1367621","toID":"1367596","formEdgeID":null},{"edgeID":"1789320","fromID":"1367617","toID":"1367622","formEdgeID":null},{"edgeID":"1789321","fromID":"1367622","toID":"1367596","formEdgeID":null},{"edgeID":"1789322","fromID":"1367625","toID":"1367624","formEdgeID":null},{"edgeID":"1789323","fromID":"1367626","toID":"1367625","formEdgeID":null},{"edgeID":"1789324","fromID":"1367624","toID":"1367627","formEdgeID":null},{"edgeID":"1789325","fromID":"1367627","toID":"1367623","formEdgeID":null},{"edgeID":"1789326","fromID":"1367597","toID":"1367628","formEdgeID":null},{"edgeID":"1789327","fromID":"1367628","toID":"1367624","formEdgeID":null},{"edgeID":"1789328","fromID":"1367623","toID":"1367629","formEdgeID":null},{"edgeID":"1789329","fromID":"1367629","toID":"1367596","formEdgeID":null},{"edgeID":"1789330","fromID":"1367628","toID":"1367630","formEdgeID":null},{"edgeID":"1789331","fromID":"1367630","toID":"1367629","formEdgeID":null},{"edgeID":"1789332","fromID":"1367631","toID":"1367528","formEdgeID":null},{"edgeID":"1789333","fromID":"1367530","toID":"1367631","formEdgeID":null},{"edgeID":"1789334","fromID":"1367624","toID":"1367632","formEdgeID":null},{"edgeID":"1789335","fromID":"1367632","toID":"1367528","formEdgeID":null},{"edgeID":"1789336","fromID":"1367528","toID":"1367633","formEdgeID":null},{"edgeID":"1789337","fromID":"1367633","toID":"1158118","formEdgeID":null},{"edgeID":"1789338","fromID":"1367636","toID":"1367635","formEdgeID":null},{"edgeID":"1789339","fromID":"1367637","toID":"1367636","formEdgeID":null},{"edgeID":"1789340","fromID":"1367635","toID":"1367638","formEdgeID":null},{"edgeID":"1789341","fromID":"1367638","toID":"1367634","formEdgeID":null},{"edgeID":"1789342","fromID":"1367528","toID":"1367639","formEdgeID":null},{"edgeID":"1789343","fromID":"1367639","toID":"1367635","formEdgeID":null},{"edgeID":"1789344","fromID":"1367641","toID":"1367640","formEdgeID":null},{"edgeID":"1789345","fromID":"1367642","toID":"1367641","formEdgeID":null},{"edgeID":"1789346","fromID":"1367640","toID":"1367643","formEdgeID":null},{"edgeID":"1789347","fromID":"1367643","toID":"1158243","formEdgeID":null},{"edgeID":"1789348","fromID":"1367635","toID":"1367644","formEdgeID":null},{"edgeID":"1789349","fromID":"1367644","toID":"1367640","formEdgeID":null},{"edgeID":"1789350","fromID":"1158243","toID":"1367645","formEdgeID":null},{"edgeID":"1789351","fromID":"1367645","toID":"1367634","formEdgeID":null},{"edgeID":"1789352","fromID":"1367644","toID":"1367646","formEdgeID":null},{"edgeID":"1789353","fromID":"1367646","toID":"1367645","formEdgeID":null},{"edgeID":"1789354","fromID":"1367648","toID":"1367647","formEdgeID":null},{"edgeID":"1789355","fromID":"1367649","toID":"1367648","formEdgeID":null},{"edgeID":"1789356","fromID":"1367647","toID":"1367650","formEdgeID":null},{"edgeID":"1789357","fromID":"1367650","toID":"1158251","formEdgeID":null},{"edgeID":"1789358","fromID":"1367640","toID":"1367651","formEdgeID":null},{"edgeID":"1789359","fromID":"1367651","toID":"1367647","formEdgeID":null},{"edgeID":"1789360","fromID":"1367654","toID":"1367653","formEdgeID":null},{"edgeID":"1789361","fromID":"1367655","toID":"1367654","formEdgeID":null},{"edgeID":"1789362","fromID":"1367653","toID":"1367656","formEdgeID":null},{"edgeID":"1789363","fromID":"1367656","toID":"1367652","formEdgeID":null},{"edgeID":"1789364","fromID":"1367647","toID":"1367657","formEdgeID":null},{"edgeID":"1789365","fromID":"1367657","toID":"1367653","formEdgeID":null},{"edgeID":"1789366","fromID":"1367522","toID":"1367658","formEdgeID":null},{"edgeID":"1789367","fromID":"1367658","toID":"1367517","formEdgeID":null},{"edgeID":"1789368","fromID":"1367527","toID":"1367659","formEdgeID":null},{"edgeID":"1789369","fromID":"1367659","toID":"1367658","formEdgeID":null},{"edgeID":"1789370","fromID":"1158118","toID":"1367660","formEdgeID":null},{"edgeID":"1789371","fromID":"1367660","toID":"1367522","formEdgeID":null},{"edgeID":"1789372","fromID":"1367532","toID":"1367661","formEdgeID":null},{"edgeID":"1789373","fromID":"1367661","toID":"1367660","formEdgeID":null},{"edgeID":"1789374","fromID":"1367517","toID":"1367662","formEdgeID":null},{"edgeID":"1789375","fromID":"1367662","toID":"1158086","formEdgeID":null},{"edgeID":"1789376","fromID":"1367502","toID":"1367663","formEdgeID":null},{"edgeID":"1789377","fromID":"1367663","toID":"1367518","formEdgeID":null},{"edgeID":"1789378","fromID":"1367663","toID":"1367664","formEdgeID":null},{"edgeID":"1789379","fromID":"1367664","toID":"1367662","formEdgeID":null},{"edgeID":"1789380","fromID":"1158124","toID":"1367665","formEdgeID":null},{"edgeID":"1789381","fromID":"1367665","toID":"1158118","formEdgeID":null},{"edgeID":"1789382","fromID":"1367537","toID":"1367666","formEdgeID":null},{"edgeID":"1789383","fromID":"1367666","toID":"1367665","formEdgeID":null},{"edgeID":"1789384","fromID":"1367668","toID":"1367667","formEdgeID":null},{"edgeID":"1789385","fromID":"1367669","toID":"1367668","formEdgeID":null},{"edgeID":"1789386","fromID":"1367667","toID":"1367670","formEdgeID":null},{"edgeID":"1789387","fromID":"1367670","toID":"1367552","formEdgeID":null},{"edgeID":"1789388","fromID":"1367553","toID":"1367671","formEdgeID":null},{"edgeID":"1789389","fromID":"1367671","toID":"1367667","formEdgeID":null},{"edgeID":"1789390","fromID":"1367560","toID":"1367672","formEdgeID":null},{"edgeID":"1789391","fromID":"1367672","toID":"1367552","formEdgeID":null}],"locutions":[]}