{"nodes":[{"nodeID":"1367119","text":"we need to ensure that people going through gender transition process have the necessary safeguards","type":"I","timestamp":"2023-11-09 14:35:28"},{"nodeID":"1367120","text":"John Lamont: we need to ensure that people going through that process have the necessary safeguards","type":"L","timestamp":"2023-11-09 14:35:28"},{"nodeID":"1367121","text":"Analysing","type":"YA","timestamp":"2023-11-09 14:35:28"},{"nodeID":"1367122","text":"Tuuli: John Lamont: we need to ensure that people going through that process have the necessary safeguards","type":"L","timestamp":"2023-11-09 14:35:28"},{"nodeID":"1367123","text":"Asserting","type":"YA","timestamp":"2023-11-09 14:35:28"},{"nodeID":"1367124","text":"we need to ensure that the society has the necessary safeguards in place to ensure that we don't have this scenario we had in the female prison","type":"I","timestamp":"2023-11-09 14:35:29"},{"nodeID":"1367125","text":"John Lamont: society has the necessary safeguards in place to ensure that we don't have this scenario we had in the female prison","type":"L","timestamp":"2023-11-09 14:35:29"},{"nodeID":"1367126","text":"Analysing","type":"YA","timestamp":"2023-11-09 14:35:29"},{"nodeID":"1367127","text":"Tuuli: John Lamont: society has the necessary safeguards in place to ensure that we don't have this scenario we had in the female prison","type":"L","timestamp":"2023-11-09 14:35:29"},{"nodeID":"1367128","text":"Asserting","type":"YA","timestamp":"2023-11-09 14:35:29"},{"nodeID":"1367129","text":"Default Transition","type":"TA","timestamp":"2023-11-09 14:35:29"},{"nodeID":"1367130","text":"Default Rephrase","type":"MA","timestamp":"2023-11-09 14:35:29"},{"nodeID":"1367131","text":"Restating","type":"YA","timestamp":"2023-11-09 14:35:29"},{"nodeID":"1367132","text":"Isla Bryson was in solitary","type":"I","timestamp":"2023-11-09 14:35:29"},{"nodeID":"1367133","text":"India Willoughby: this woman was in solitary","type":"L","timestamp":"2023-11-09 14:35:29"},{"nodeID":"1367134","text":"Analysing","type":"YA","timestamp":"2023-11-09 14:35:29"},{"nodeID":"1367135","text":"Tuuli: India Willoughby: this woman was in solitary","type":"L","timestamp":"2023-11-09 14:35:29"},{"nodeID":"1367136","text":"Asserting","type":"YA","timestamp":"2023-11-09 14:35:29"},{"nodeID":"1367137","text":"Default Transition","type":"TA","timestamp":"2023-11-09 14:35:29"},{"nodeID":"1367138","text":"Isla Bryson wasn't mixing with the female population","type":"I","timestamp":"2023-11-09 14:35:30"},{"nodeID":"1367139","text":"India Willoughby: They weren't mixing with the female population","type":"L","timestamp":"2023-11-09 14:35:30"},{"nodeID":"1367140","text":"Analysing","type":"YA","timestamp":"2023-11-09 14:35:30"},{"nodeID":"1367141","text":"Tuuli: India Willoughby: They weren't mixing with the female population","type":"L","timestamp":"2023-11-09 14:35:30"},{"nodeID":"1367142","text":"Asserting","type":"YA","timestamp":"2023-11-09 14:35:30"},{"nodeID":"1367143","text":"Default Transition","type":"TA","timestamp":"2023-11-09 14:35:30"},{"nodeID":"1367144","text":"Default Rephrase","type":"MA","timestamp":"2023-11-09 14:35:30"},{"nodeID":"1367145","text":"Restating","type":"YA","timestamp":"2023-11-09 14:35:30"},{"nodeID":"1367146","text":"we had some concerns about the bill going through the Scottish parliment","type":"I","timestamp":"2023-11-09 14:35:31"},{"nodeID":"1367147","text":"John Lamont: the concerns we had about the bill going through the Scottish party","type":"L","timestamp":"2023-11-09 14:35:31"},{"nodeID":"1367148","text":"Analysing","type":"YA","timestamp":"2023-11-09 14:35:31"},{"nodeID":"1367149","text":"Tuuli: John Lamont: the concerns we had about the bill going through the Scottish party","type":"L","timestamp":"2023-11-09 14:35:31"},{"nodeID":"1367150","text":"Asserting","type":"YA","timestamp":"2023-11-09 14:35:31"},{"nodeID":"1367151","text":"Default Transition","type":"TA","timestamp":"2023-11-09 14:35:31"},{"nodeID":"1367152","text":"the safeguards were not in place to give protection to women and others in society to stop that type of scenario arising","type":"I","timestamp":"2023-11-09 14:35:31"},{"nodeID":"1367153","text":"John Lamont: We did not think there were the safeguards in place to give protection to women and others in society to stop that type of scenario arising","type":"L","timestamp":"2023-11-09 14:35:31"},{"nodeID":"1367154","text":"Analysing","type":"YA","timestamp":"2023-11-09 14:35:31"},{"nodeID":"1367155","text":"Tuuli: John Lamont: We did not think there were the safeguards in place to give protection to women and others in society to stop that type of scenario arising","type":"L","timestamp":"2023-11-09 14:35:31"},{"nodeID":"1367156","text":"Asserting","type":"YA","timestamp":"2023-11-09 14:35:31"},{"nodeID":"1367157","text":"Default Transition","type":"TA","timestamp":"2023-11-09 14:35:31"},{"nodeID":"1367158","text":"Default Inference","type":"RA","timestamp":"2023-11-09 14:35:31"},{"nodeID":"1367159","text":"Arguing","type":"YA","timestamp":"2023-11-09 14:35:31"},{"nodeID":"1367160","text":"Default Transition","type":"TA","timestamp":"2023-11-09 14:35:31"},{"nodeID":"1367161","text":"Default Inference","type":"RA","timestamp":"2023-11-09 14:35:31"},{"nodeID":"1367162","text":"Arguing","type":"YA","timestamp":"2023-11-09 14:35:31"},{"nodeID":"1367163","text":"the Secretary of State for Scotland used Section 35","type":"I","timestamp":"2023-11-09 14:35:32"},{"nodeID":"1367164","text":"John Lamont: the Secretary of State for Scotland used Section 35","type":"L","timestamp":"2023-11-09 14:35:32"},{"nodeID":"1367165","text":"Analysing","type":"YA","timestamp":"2023-11-09 14:35:32"},{"nodeID":"1367166","text":"Tuuli: John Lamont: the Secretary of State for Scotland used Section 35","type":"L","timestamp":"2023-11-09 14:35:32"},{"nodeID":"1367167","text":"Asserting","type":"YA","timestamp":"2023-11-09 14:35:32"},{"nodeID":"1367168","text":"Default Transition","type":"TA","timestamp":"2023-11-09 14:35:32"},{"nodeID":"1367169","text":"we did have serious concerns about the implications of this Equality Act bill","type":"I","timestamp":"2023-11-09 14:35:32"},{"nodeID":"1367170","text":"John Lamont: we did have serious concerns about the implications of this bill","type":"L","timestamp":"2023-11-09 14:35:32"},{"nodeID":"1367171","text":"Analysing","type":"YA","timestamp":"2023-11-09 14:35:32"},{"nodeID":"1367172","text":"Tuuli: John Lamont: we did have serious concerns about the implications of this bill","type":"L","timestamp":"2023-11-09 14:35:32"},{"nodeID":"1367173","text":"Asserting","type":"YA","timestamp":"2023-11-09 14:35:32"},{"nodeID":"1367174","text":"Default Transition","type":"TA","timestamp":"2023-11-09 14:35:32"},{"nodeID":"1367175","text":"Default Inference","type":"RA","timestamp":"2023-11-09 14:35:32"},{"nodeID":"1367176","text":"Arguing","type":"YA","timestamp":"2023-11-09 14:35:32"},{"nodeID":"1367177","text":"this is the first time since 1999 over 304 bills have been passed by the Scottish parliament","type":"I","timestamp":"2023-11-09 14:35:33"},{"nodeID":"1367178","text":"John Lamont: this is the first time since 1999 over 304 bills have been passed by the Scottish parliam","type":"L","timestamp":"2023-11-09 14:35:33"},{"nodeID":"1367179","text":"Analysing","type":"YA","timestamp":"2023-11-09 14:35:33"},{"nodeID":"1367180","text":"Tuuli: John Lamont: this is the first time since 1999 over 304 bills have been passed by the Scottish parliam","type":"L","timestamp":"2023-11-09 14:35:33"},{"nodeID":"1367181","text":"Asserting","type":"YA","timestamp":"2023-11-09 14:35:33"},{"nodeID":"1367182","text":"Default Transition","type":"TA","timestamp":"2023-11-09 14:35:33"},{"nodeID":"1367183","text":"the Equality Act bill was serious in its nature","type":"I","timestamp":"2023-11-09 14:35:34"},{"nodeID":"1367184","text":"John Lamont: Given the seriousness of its nature","type":"L","timestamp":"2023-11-09 14:35:34"},{"nodeID":"1367185","text":"Analysing","type":"YA","timestamp":"2023-11-09 14:35:34"},{"nodeID":"1367186","text":"Tuuli: John Lamont: Given the seriousness of its nature","type":"L","timestamp":"2023-11-09 14:35:34"},{"nodeID":"1367187","text":"Asserting","type":"YA","timestamp":"2023-11-09 14:35:34"},{"nodeID":"1367188","text":"the UK government and the Secretary of State was receiving strong advice","type":"I","timestamp":"2023-11-09 14:35:34"},{"nodeID":"1367189","text":"John Lamont: given the strong advice the UK government and the Secretary of State was receiving","type":"L","timestamp":"2023-11-09 14:35:34"},{"nodeID":"1367190","text":"Analysing","type":"YA","timestamp":"2023-11-09 14:35:34"},{"nodeID":"1367191","text":"Tuuli: John Lamont: given the strong advice the UK government and the Secretary of State was receiving","type":"L","timestamp":"2023-11-09 14:35:34"},{"nodeID":"1367192","text":"Asserting","type":"YA","timestamp":"2023-11-09 14:35:34"},{"nodeID":"1367193","text":"for the Secretary of State for Scotland to use Section 35 was the right decision","type":"I","timestamp":"2023-11-09 14:35:35"},{"nodeID":"1367194","text":"John Lamont: it was the right decision","type":"L","timestamp":"2023-11-09 14:35:35"},{"nodeID":"1367195","text":"Analysing","type":"YA","timestamp":"2023-11-09 14:35:35"},{"nodeID":"1367196","text":"Tuuli: John Lamont: it was the right decision","type":"L","timestamp":"2023-11-09 14:35:35"},{"nodeID":"1367197","text":"Asserting","type":"YA","timestamp":"2023-11-09 14:35:35"},{"nodeID":"1367198","text":"Default Transition","type":"TA","timestamp":"2023-11-09 14:35:35"},{"nodeID":"1367199","text":"the Scottish Government rushed this Equality Act bill through despite serious concerns being raised","type":"I","timestamp":"2023-11-09 14:35:36"},{"nodeID":"1367200","text":"John Lamont: The Scottish Government rushed this through despite serious concerns being raised","type":"L","timestamp":"2023-11-09 14:35:36"},{"nodeID":"1367201","text":"Analysing","type":"YA","timestamp":"2023-11-09 14:35:36"},{"nodeID":"1367202","text":"Tuuli: John Lamont: The Scottish Government rushed this through despite serious concerns being raised","type":"L","timestamp":"2023-11-09 14:35:36"},{"nodeID":"1367203","text":"Asserting","type":"YA","timestamp":"2023-11-09 14:35:36"},{"nodeID":"1367204","text":"Default Transition","type":"TA","timestamp":"2023-11-09 14:35:36"},{"nodeID":"1367205","text":"Default Inference","type":"RA","timestamp":"2023-11-09 14:35:36"},{"nodeID":"1367206","text":"Default Inference","type":"RA","timestamp":"2023-11-09 14:35:36"},{"nodeID":"1367207","text":"Default Inference","type":"RA","timestamp":"2023-11-09 14:35:36"},{"nodeID":"1367208","text":"Arguing","type":"YA","timestamp":"2023-11-09 14:35:36"},{"nodeID":"1367209","text":"Default Transition","type":"TA","timestamp":"2023-11-09 14:35:36"},{"nodeID":"1367210","text":"Arguing","type":"YA","timestamp":"2023-11-09 14:35:36"},{"nodeID":"1367211","text":"Default Transition","type":"TA","timestamp":"2023-11-09 14:35:36"},{"nodeID":"1367212","text":"Arguing","type":"YA","timestamp":"2023-11-09 14:35:36"},{"nodeID":"1367213","text":"Default Inference","type":"RA","timestamp":"2023-11-09 14:35:36"},{"nodeID":"1367214","text":"Arguing","type":"YA","timestamp":"2023-11-09 14:35:36"},{"nodeID":"1367215","text":"Default Inference","type":"RA","timestamp":"2023-11-09 14:35:36"},{"nodeID":"1367216","text":"Arguing","type":"YA","timestamp":"2023-11-09 14:35:36"},{"nodeID":"1367217","text":"the Scottish government need to go away and come forward with another bill","type":"I","timestamp":"2023-11-09 14:35:36"},{"nodeID":"1367218","text":"John Lamont: the Scottish government need to go away and come forward with another bill","type":"L","timestamp":"2023-11-09 14:35:36"},{"nodeID":"1367219","text":"Analysing","type":"YA","timestamp":"2023-11-09 14:35:36"},{"nodeID":"1367220","text":"Tuuli: John Lamont: the Scottish government need to go away and come forward with another bill","type":"L","timestamp":"2023-11-09 14:35:36"},{"nodeID":"1367221","text":"Asserting","type":"YA","timestamp":"2023-11-09 14:35:36"},{"nodeID":"1367222","text":"Default Transition","type":"TA","timestamp":"2023-11-09 14:35:36"},{"nodeID":"1367223","text":"Default Inference","type":"RA","timestamp":"2023-11-09 14:35:36"},{"nodeID":"1367224","text":"Arguing","type":"YA","timestamp":"2023-11-09 14:35:36"}],"edges":[{"edgeID":"1788731","fromID":"1367121","toID":"1367120","formEdgeID":null},{"edgeID":"1788732","fromID":"1367122","toID":"1367121","formEdgeID":null},{"edgeID":"1788733","fromID":"1367120","toID":"1367123","formEdgeID":null},{"edgeID":"1788734","fromID":"1367123","toID":"1367119","formEdgeID":null},{"edgeID":"1788735","fromID":"1367126","toID":"1367125","formEdgeID":null},{"edgeID":"1788736","fromID":"1367127","toID":"1367126","formEdgeID":null},{"edgeID":"1788737","fromID":"1367125","toID":"1367128","formEdgeID":null},{"edgeID":"1788738","fromID":"1367128","toID":"1367124","formEdgeID":null},{"edgeID":"1788739","fromID":"1367120","toID":"1367129","formEdgeID":null},{"edgeID":"1788740","fromID":"1367129","toID":"1367125","formEdgeID":null},{"edgeID":"1788741","fromID":"1367124","toID":"1367130","formEdgeID":null},{"edgeID":"1788742","fromID":"1367130","toID":"1367119","formEdgeID":null},{"edgeID":"1788743","fromID":"1367129","toID":"1367131","formEdgeID":null},{"edgeID":"1788744","fromID":"1367131","toID":"1367130","formEdgeID":null},{"edgeID":"1788745","fromID":"1367134","toID":"1367133","formEdgeID":null},{"edgeID":"1788746","fromID":"1367135","toID":"1367134","formEdgeID":null},{"edgeID":"1788747","fromID":"1367133","toID":"1367136","formEdgeID":null},{"edgeID":"1788748","fromID":"1367136","toID":"1367132","formEdgeID":null},{"edgeID":"1788749","fromID":"1367125","toID":"1367137","formEdgeID":null},{"edgeID":"1788750","fromID":"1367137","toID":"1367133","formEdgeID":null},{"edgeID":"1788751","fromID":"1367140","toID":"1367139","formEdgeID":null},{"edgeID":"1788752","fromID":"1367141","toID":"1367140","formEdgeID":null},{"edgeID":"1788753","fromID":"1367139","toID":"1367142","formEdgeID":null},{"edgeID":"1788754","fromID":"1367142","toID":"1367138","formEdgeID":null},{"edgeID":"1788755","fromID":"1367133","toID":"1367143","formEdgeID":null},{"edgeID":"1788756","fromID":"1367143","toID":"1367139","formEdgeID":null},{"edgeID":"1788757","fromID":"1367138","toID":"1367144","formEdgeID":null},{"edgeID":"1788758","fromID":"1367144","toID":"1367132","formEdgeID":null},{"edgeID":"1788759","fromID":"1367143","toID":"1367145","formEdgeID":null},{"edgeID":"1788760","fromID":"1367145","toID":"1367144","formEdgeID":null},{"edgeID":"1788761","fromID":"1367148","toID":"1367147","formEdgeID":null},{"edgeID":"1788762","fromID":"1367149","toID":"1367148","formEdgeID":null},{"edgeID":"1788763","fromID":"1367147","toID":"1367150","formEdgeID":null},{"edgeID":"1788764","fromID":"1367150","toID":"1367146","formEdgeID":null},{"edgeID":"1788765","fromID":"1367139","toID":"1367151","formEdgeID":null},{"edgeID":"1788766","fromID":"1367151","toID":"1367147","formEdgeID":null},{"edgeID":"1788767","fromID":"1367154","toID":"1367153","formEdgeID":null},{"edgeID":"1788768","fromID":"1367155","toID":"1367154","formEdgeID":null},{"edgeID":"1788769","fromID":"1367153","toID":"1367156","formEdgeID":null},{"edgeID":"1788770","fromID":"1367156","toID":"1367152","formEdgeID":null},{"edgeID":"1788771","fromID":"1367147","toID":"1367157","formEdgeID":null},{"edgeID":"1788772","fromID":"1367157","toID":"1367153","formEdgeID":null},{"edgeID":"1788773","fromID":"1367152","toID":"1367158","formEdgeID":null},{"edgeID":"1788774","fromID":"1367158","toID":"1367146","formEdgeID":null},{"edgeID":"1788775","fromID":"1367157","toID":"1367159","formEdgeID":null},{"edgeID":"1788776","fromID":"1367159","toID":"1367158","formEdgeID":null},{"edgeID":"1788777","fromID":"1367125","toID":"1367160","formEdgeID":null},{"edgeID":"1788778","fromID":"1367160","toID":"1367153","formEdgeID":null},{"edgeID":"1788779","fromID":"1367152","toID":"1367161","formEdgeID":null},{"edgeID":"1788780","fromID":"1367161","toID":"1367124","formEdgeID":null},{"edgeID":"1788781","fromID":"1367160","toID":"1367162","formEdgeID":null},{"edgeID":"1788782","fromID":"1367162","toID":"1367161","formEdgeID":null},{"edgeID":"1788783","fromID":"1367165","toID":"1367164","formEdgeID":null},{"edgeID":"1788784","fromID":"1367166","toID":"1367165","formEdgeID":null},{"edgeID":"1788785","fromID":"1367164","toID":"1367167","formEdgeID":null},{"edgeID":"1788786","fromID":"1367167","toID":"1367163","formEdgeID":null},{"edgeID":"1788787","fromID":"1367153","toID":"1367168","formEdgeID":null},{"edgeID":"1788788","fromID":"1367168","toID":"1367164","formEdgeID":null},{"edgeID":"1788789","fromID":"1367171","toID":"1367170","formEdgeID":null},{"edgeID":"1788790","fromID":"1367172","toID":"1367171","formEdgeID":null},{"edgeID":"1788791","fromID":"1367170","toID":"1367173","formEdgeID":null},{"edgeID":"1788792","fromID":"1367173","toID":"1367169","formEdgeID":null},{"edgeID":"1788793","fromID":"1367164","toID":"1367174","formEdgeID":null},{"edgeID":"1788794","fromID":"1367174","toID":"1367170","formEdgeID":null},{"edgeID":"1788795","fromID":"1367169","toID":"1367175","formEdgeID":null},{"edgeID":"1788796","fromID":"1367175","toID":"1367163","formEdgeID":null},{"edgeID":"1788797","fromID":"1367174","toID":"1367176","formEdgeID":null},{"edgeID":"1788798","fromID":"1367176","toID":"1367175","formEdgeID":null},{"edgeID":"1788799","fromID":"1367179","toID":"1367178","formEdgeID":null},{"edgeID":"1788800","fromID":"1367180","toID":"1367179","formEdgeID":null},{"edgeID":"1788801","fromID":"1367178","toID":"1367181","formEdgeID":null},{"edgeID":"1788802","fromID":"1367181","toID":"1367177","formEdgeID":null},{"edgeID":"1788803","fromID":"1367170","toID":"1367182","formEdgeID":null},{"edgeID":"1788804","fromID":"1367182","toID":"1367178","formEdgeID":null},{"edgeID":"1788805","fromID":"1367185","toID":"1367184","formEdgeID":null},{"edgeID":"1788806","fromID":"1367186","toID":"1367185","formEdgeID":null},{"edgeID":"1788807","fromID":"1367184","toID":"1367187","formEdgeID":null},{"edgeID":"1788808","fromID":"1367187","toID":"1367183","formEdgeID":null},{"edgeID":"1788809","fromID":"1367190","toID":"1367189","formEdgeID":null},{"edgeID":"1788810","fromID":"1367191","toID":"1367190","formEdgeID":null},{"edgeID":"1788811","fromID":"1367189","toID":"1367192","formEdgeID":null},{"edgeID":"1788812","fromID":"1367192","toID":"1367188","formEdgeID":null},{"edgeID":"1788813","fromID":"1367195","toID":"1367194","formEdgeID":null},{"edgeID":"1788814","fromID":"1367196","toID":"1367195","formEdgeID":null},{"edgeID":"1788815","fromID":"1367194","toID":"1367197","formEdgeID":null},{"edgeID":"1788816","fromID":"1367197","toID":"1367193","formEdgeID":null},{"edgeID":"1788817","fromID":"1367189","toID":"1367198","formEdgeID":null},{"edgeID":"1788818","fromID":"1367198","toID":"1367194","formEdgeID":null},{"edgeID":"1788819","fromID":"1367201","toID":"1367200","formEdgeID":null},{"edgeID":"1788820","fromID":"1367202","toID":"1367201","formEdgeID":null},{"edgeID":"1788821","fromID":"1367200","toID":"1367203","formEdgeID":null},{"edgeID":"1788822","fromID":"1367203","toID":"1367199","formEdgeID":null},{"edgeID":"1788823","fromID":"1367194","toID":"1367204","formEdgeID":null},{"edgeID":"1788824","fromID":"1367204","toID":"1367200","formEdgeID":null},{"edgeID":"1788825","fromID":"1367177","toID":"1367205","formEdgeID":null},{"edgeID":"1788826","fromID":"1367205","toID":"1367193","formEdgeID":null},{"edgeID":"1788827","fromID":"1367183","toID":"1367206","formEdgeID":null},{"edgeID":"1788828","fromID":"1367206","toID":"1367193","formEdgeID":null},{"edgeID":"1788829","fromID":"1367188","toID":"1367207","formEdgeID":null},{"edgeID":"1788830","fromID":"1367207","toID":"1367193","formEdgeID":null},{"edgeID":"1788831","fromID":"1367198","toID":"1367208","formEdgeID":null},{"edgeID":"1788832","fromID":"1367208","toID":"1367207","formEdgeID":null},{"edgeID":"1788833","fromID":"1367184","toID":"1367209","formEdgeID":null},{"edgeID":"1788834","fromID":"1367209","toID":"1367194","formEdgeID":null},{"edgeID":"1788835","fromID":"1367209","toID":"1367210","formEdgeID":null},{"edgeID":"1788836","fromID":"1367210","toID":"1367206","formEdgeID":null},{"edgeID":"1788837","fromID":"1367178","toID":"1367211","formEdgeID":null},{"edgeID":"1788838","fromID":"1367211","toID":"1367194","formEdgeID":null},{"edgeID":"1788839","fromID":"1367211","toID":"1367212","formEdgeID":null},{"edgeID":"1788840","fromID":"1367212","toID":"1367205","formEdgeID":null},{"edgeID":"1788841","fromID":"1367169","toID":"1367213","formEdgeID":null},{"edgeID":"1788842","fromID":"1367213","toID":"1367193","formEdgeID":null},{"edgeID":"1788843","fromID":"1367182","toID":"1367214","formEdgeID":null},{"edgeID":"1788844","fromID":"1367214","toID":"1367213","formEdgeID":null},{"edgeID":"1788845","fromID":"1367199","toID":"1367215","formEdgeID":null},{"edgeID":"1788846","fromID":"1367215","toID":"1367193","formEdgeID":null},{"edgeID":"1788847","fromID":"1367204","toID":"1367216","formEdgeID":null},{"edgeID":"1788848","fromID":"1367216","toID":"1367215","formEdgeID":null},{"edgeID":"1788849","fromID":"1367219","toID":"1367218","formEdgeID":null},{"edgeID":"1788850","fromID":"1367220","toID":"1367219","formEdgeID":null},{"edgeID":"1788851","fromID":"1367218","toID":"1367221","formEdgeID":null},{"edgeID":"1788852","fromID":"1367221","toID":"1367217","formEdgeID":null},{"edgeID":"1788853","fromID":"1367200","toID":"1367222","formEdgeID":null},{"edgeID":"1788854","fromID":"1367222","toID":"1367218","formEdgeID":null},{"edgeID":"1788855","fromID":"1367199","toID":"1367223","formEdgeID":null},{"edgeID":"1788856","fromID":"1367223","toID":"1367217","formEdgeID":null},{"edgeID":"1788857","fromID":"1367222","toID":"1367224","formEdgeID":null},{"edgeID":"1788858","fromID":"1367224","toID":"1367223","formEdgeID":null}],"locutions":[]}