{"nodes":[{"nodeID":"1119798","text":"it would or would not be an idea for the whole of the public sector to get a pay rise all at the same time","type":"I","timestamp":"2023-02-09 19:51:51"},{"nodeID":"1119803","text":"government can give the public sector a pay rise","type":"I","timestamp":"2023-02-09 19:51:55"},{"nodeID":"1119808","text":"government are the public sector","type":"I","timestamp":"2023-02-09 19:51:57"},{"nodeID":"1119813","text":"the rest of the public sector should get a pay rise too","type":"I","timestamp":"2023-02-09 19:52:00"},{"nodeID":"1119825","text":"a public sector pay rise would be fair across the board too","type":"I","timestamp":"2023-02-09 19:52:04"},{"nodeID":"1119833","text":"AudienceMember 20230209QT09 does or does not wonder where the money for a public sector pay rise might come from","type":"I","timestamp":"2023-02-09 19:52:09"},{"nodeID":"1119839","text":"the government can give themselves a pay rise","type":"I","timestamp":"2023-02-09 19:52:13"},{"nodeID":"1119847","text":"the government can find a way to give everybody a pay rise","type":"I","timestamp":"2023-02-09 19:52:16"},{"nodeID":"1119855","text":"AudienceMember 20230209QT10 does or does not mean the Scottish government","type":"I","timestamp":"2023-02-09 19:52:18"},{"nodeID":"1119861","text":"AudienceMember 20230209QT11 don't understand why the government thinks that one part of the public sector works harder than the other","type":"I","timestamp":"2023-02-09 19:52:21"},{"nodeID":"1119869","text":"one part of the public sector can get a pay rise and the other can't","type":"I","timestamp":"2023-02-09 19:52:23"},{"nodeID":"1119877","text":"without the inspiration of the teachers","type":"I","timestamp":"2023-02-09 19:52:26"},{"nodeID":"1119882","text":"without the great learning Ian Murray got and his colleagues got from teachers","type":"I","timestamp":"2023-02-09 19:52:29"},{"nodeID":"1119888","text":"we would not have any social mobility whatsoever","type":"I","timestamp":"2023-02-09 19:52:32"},{"nodeID":"1119897","text":"politics is all about choices","type":"I","timestamp":"2023-02-09 19:52:35"},{"nodeID":"1119903","text":"we released some figures that show AudienceMember 20230209QT11's wages, Alison, the other teacher here, is on average across Scotland \u00a3800 lower since 2010","type":"I","timestamp":"2023-02-09 19:52:37"},{"nodeID":"1119908","text":"the chickens are now coming home to roost","type":"I","timestamp":"2023-02-09 19:52:40"},{"nodeID":"1119916","text":"teachers were asked to help the government out of the hole they were in","type":"I","timestamp":"2023-02-09 19:52:43"},{"nodeID":"1119921","text":"now teachers are being asked for inflation being out of control","type":"I","timestamp":"2023-02-09 19:52:46"},{"nodeID":"1365035","text":"AudienceMember 20230209QT09: Would it not be an idea for the whole of the public sector to get a pay rise all at the same time","type":"L","timestamp":"2023-11-09 14:32:26"},{"nodeID":"1365036","text":"Jordan: AudienceMember 20230209QT09: Would it not be an idea for the whole of the public sector to get a pay rise all at the same time","type":"L","timestamp":"2023-11-09 14:32:26"},{"nodeID":"1365037","text":"AudienceMember 20230209QT09: government can give them a pay rise","type":"L","timestamp":"2023-11-09 14:32:26"},{"nodeID":"1365038","text":"Jordan: AudienceMember 20230209QT09: government can give them a pay rise","type":"L","timestamp":"2023-11-09 14:32:26"},{"nodeID":"1365039","text":"AudienceMember 20230209QT09: they're the public sector","type":"L","timestamp":"2023-11-09 14:32:27"},{"nodeID":"1365040","text":"Jordan: AudienceMember 20230209QT09: they're the public sector","type":"L","timestamp":"2023-11-09 14:32:27"},{"nodeID":"1365041","text":"Jordan: AudienceMember 20230209QT09: why can't the rest of the public sector get it too","type":"L","timestamp":"2023-11-09 14:32:28"},{"nodeID":"1365042","text":"AudienceMember 20230209QT09: why can't the rest of the public sector get it too","type":"L","timestamp":"2023-11-09 14:32:28"},{"nodeID":"1365043","text":"AudienceMember 20230209QT09: It would be fair across the board too","type":"L","timestamp":"2023-11-09 14:32:28"},{"nodeID":"1365044","text":"Jordan: AudienceMember 20230209QT09: It would be fair across the board too","type":"L","timestamp":"2023-11-09 14:32:28"},{"nodeID":"1365045","text":"Fiona Bruce: Do you wonder where the money might come from","type":"L","timestamp":"2023-11-09 14:32:29"},{"nodeID":"1365046","text":"Jordan: Fiona Bruce: Do you wonder where the money might come from","type":"L","timestamp":"2023-11-09 14:32:29"},{"nodeID":"1365047","text":"AudienceMember 20230209QT10: the government can give themselves a pay rise","type":"L","timestamp":"2023-11-09 14:32:29"},{"nodeID":"1365048","text":"Jordan: AudienceMember 20230209QT10: the government can give themselves a pay rise","type":"L","timestamp":"2023-11-09 14:32:29"},{"nodeID":"1365049","text":"Jordan: AudienceMember 20230209QT10: they can find a way to give everybody a pay rise","type":"L","timestamp":"2023-11-09 14:32:30"},{"nodeID":"1365050","text":"AudienceMember 20230209QT10: they can find a way to give everybody a pay rise","type":"L","timestamp":"2023-11-09 14:32:30"},{"nodeID":"1365051","text":"Fiona Bruce: Do you mean the Scottish government","type":"L","timestamp":"2023-11-09 14:32:31"},{"nodeID":"1365052","text":"Jordan: Fiona Bruce: Do you mean the Scottish government","type":"L","timestamp":"2023-11-09 14:32:31"},{"nodeID":"1365053","text":"AudienceMember 20230209QT11: I don't understand why the government thinks that one part of the public sector works harder than the other","type":"L","timestamp":"2023-11-09 14:32:31"},{"nodeID":"1365054","text":"Jordan: AudienceMember 20230209QT11: I don't understand why the government thinks that one part of the public sector works harder than the other","type":"L","timestamp":"2023-11-09 14:32:31"},{"nodeID":"1365055","text":"AudienceMember 20230209QT11: it can get a pay rise and the other can't","type":"L","timestamp":"2023-11-09 14:32:32"},{"nodeID":"1365056","text":"Jordan: AudienceMember 20230209QT11: it can get a pay rise and the other can't","type":"L","timestamp":"2023-11-09 14:32:32"},{"nodeID":"1365057","text":"Ian Murray: Without that inspiration of the teachers","type":"L","timestamp":"2023-11-09 14:32:32"},{"nodeID":"1365058","text":"Jordan: Ian Murray: Without that inspiration of the teachers","type":"L","timestamp":"2023-11-09 14:32:32"},{"nodeID":"1365059","text":"Ian Murray: the great learning I got and my colleagues got","type":"L","timestamp":"2023-11-09 14:32:33"},{"nodeID":"1365060","text":"Jordan: Ian Murray: the great learning I got and my colleagues got","type":"L","timestamp":"2023-11-09 14:32:33"},{"nodeID":"1365061","text":"Ian Murray: I'm not sure we would have any social mobility whatsoever","type":"L","timestamp":"2023-11-09 14:32:34"},{"nodeID":"1365062","text":"Jordan: Ian Murray: I'm not sure we would have any social mobility whatsoever","type":"L","timestamp":"2023-11-09 14:32:34"},{"nodeID":"1365063","text":"Ian Murray: Politics is all about choices, isn't it","type":"L","timestamp":"2023-11-09 14:32:34"},{"nodeID":"1365064","text":"Jordan: Ian Murray: Politics is all about choices, isn't it","type":"L","timestamp":"2023-11-09 14:32:34"},{"nodeID":"1365065","text":"Ian Murray: We released some figures that show your wages, Alison, the other teacher here, is on average across Scotland \u00a3800 lower since 2010","type":"L","timestamp":"2023-11-09 14:32:35"},{"nodeID":"1365066","text":"Jordan: Ian Murray: We released some figures that show your wages, Alison, the other teacher here, is on average across Scotland \u00a3800 lower since 2010","type":"L","timestamp":"2023-11-09 14:32:35"},{"nodeID":"1365067","text":"Ian Murray: The chickens are now coming home to roost","type":"L","timestamp":"2023-11-09 14:32:35"},{"nodeID":"1365068","text":"Jordan: Ian Murray: The chickens are now coming home to roost","type":"L","timestamp":"2023-11-09 14:32:35"},{"nodeID":"1365069","text":"Ian Murray: You were asked to help the government out of the hole they were in out of all of the","type":"L","timestamp":"2023-11-09 14:32:36"},{"nodeID":"1365070","text":"Jordan: Ian Murray: You were asked to help the government out of the hole they were in out of all of the","type":"L","timestamp":"2023-11-09 14:32:36"},{"nodeID":"1365071","text":"Ian Murray: now you are being asked for inflation being out of control","type":"L","timestamp":"2023-11-09 14:32:36"},{"nodeID":"1365072","text":"Jordan: Ian Murray: now you are being asked for inflation being out of control","type":"L","timestamp":"2023-11-09 14:32:36"},{"nodeID":"1365073","text":"Analysing","type":"YA","timestamp":"2023-11-09 14:32:36"},{"nodeID":"1365074","text":"Pure Questioning","type":"YA","timestamp":"2023-11-09 14:32:36"},{"nodeID":"1365075","text":"Analysing","type":"YA","timestamp":"2023-11-09 14:32:36"},{"nodeID":"1365076","text":"Asserting","type":"YA","timestamp":"2023-11-09 14:32:36"},{"nodeID":"1365077","text":"Analysing","type":"YA","timestamp":"2023-11-09 14:32:36"},{"nodeID":"1365078","text":"Asserting","type":"YA","timestamp":"2023-11-09 14:32:36"},{"nodeID":"1365079","text":"Analysing","type":"YA","timestamp":"2023-11-09 14:32:36"},{"nodeID":"1365080","text":"Rhetorical Questioning","type":"YA","timestamp":"2023-11-09 14:32:36"},{"nodeID":"1365081","text":"Default Inference","type":"RA","timestamp":"2023-11-09 14:32:36"},{"nodeID":"1365082","text":"Default Transition","type":"TA","timestamp":"2023-11-09 14:32:36"},{"nodeID":"1365083","text":"Default Transition","type":"TA","timestamp":"2023-11-09 14:32:36"},{"nodeID":"1365084","text":"Arguing","type":"YA","timestamp":"2023-11-09 14:32:36"},{"nodeID":"1365085","text":"Default Rephrase","type":"MA","timestamp":"2023-11-09 14:32:36"},{"nodeID":"1365086","text":"Default Transition","type":"TA","timestamp":"2023-11-09 14:32:36"},{"nodeID":"1365087","text":"Default Illocuting","type":"YA","timestamp":"2023-11-09 14:32:36"},{"nodeID":"1365088","text":"Analysing","type":"YA","timestamp":"2023-11-09 14:32:36"},{"nodeID":"1365089","text":"Asserting","type":"YA","timestamp":"2023-11-09 14:32:36"},{"nodeID":"1365090","text":"Default Transition","type":"TA","timestamp":"2023-11-09 14:32:36"},{"nodeID":"1365091","text":"Default Inference","type":"RA","timestamp":"2023-11-09 14:32:36"},{"nodeID":"1365092","text":"Arguing","type":"YA","timestamp":"2023-11-09 14:32:36"},{"nodeID":"1365093","text":"Analysing","type":"YA","timestamp":"2023-11-09 14:32:36"},{"nodeID":"1365094","text":"Pure Questioning","type":"YA","timestamp":"2023-11-09 14:32:36"},{"nodeID":"1365095","text":"Default Transition","type":"TA","timestamp":"2023-11-09 14:32:36"},{"nodeID":"1365096","text":"Analysing","type":"YA","timestamp":"2023-11-09 14:32:36"},{"nodeID":"1365097","text":"Asserting","type":"YA","timestamp":"2023-11-09 14:32:36"},{"nodeID":"1365098","text":"Default Transition","type":"TA","timestamp":"2023-11-09 14:32:36"},{"nodeID":"1365099","text":"Default Rephrase","type":"MA","timestamp":"2023-11-09 14:32:36"},{"nodeID":"1365100","text":"Default Illocuting","type":"YA","timestamp":"2023-11-09 14:32:36"},{"nodeID":"1365101","text":"Analysing","type":"YA","timestamp":"2023-11-09 14:32:36"},{"nodeID":"1365102","text":"Asserting","type":"YA","timestamp":"2023-11-09 14:32:37"},{"nodeID":"1365103","text":"Default Inference","type":"RA","timestamp":"2023-11-09 14:32:37"},{"nodeID":"1365104","text":"Default Transition","type":"TA","timestamp":"2023-11-09 14:32:37"},{"nodeID":"1365105","text":"Arguing","type":"YA","timestamp":"2023-11-09 14:32:37"},{"nodeID":"1365106","text":"Analysing","type":"YA","timestamp":"2023-11-09 14:32:37"},{"nodeID":"1365107","text":"Pure Questioning","type":"YA","timestamp":"2023-11-09 14:32:37"},{"nodeID":"1365108","text":"Default Transition","type":"TA","timestamp":"2023-11-09 14:32:37"},{"nodeID":"1365109","text":"Analysing","type":"YA","timestamp":"2023-11-09 14:32:37"},{"nodeID":"1365110","text":"Asserting","type":"YA","timestamp":"2023-11-09 14:32:37"},{"nodeID":"1365111","text":"Default Rephrase","type":"MA","timestamp":"2023-11-09 14:32:37"},{"nodeID":"1365112","text":"Default Transition","type":"TA","timestamp":"2023-11-09 14:32:37"},{"nodeID":"1365113","text":"Default Illocuting","type":"YA","timestamp":"2023-11-09 14:32:37"},{"nodeID":"1365114","text":"Analysing","type":"YA","timestamp":"2023-11-09 14:32:37"},{"nodeID":"1365115","text":"Asserting","type":"YA","timestamp":"2023-11-09 14:32:37"},{"nodeID":"1365116","text":"Default Inference","type":"RA","timestamp":"2023-11-09 14:32:37"},{"nodeID":"1365117","text":"Default Transition","type":"TA","timestamp":"2023-11-09 14:32:37"},{"nodeID":"1365118","text":"Arguing","type":"YA","timestamp":"2023-11-09 14:32:37"},{"nodeID":"1365119","text":"Analysing","type":"YA","timestamp":"2023-11-09 14:32:37"},{"nodeID":"1365120","text":"Asserting","type":"YA","timestamp":"2023-11-09 14:32:37"},{"nodeID":"1365121","text":"Analysing","type":"YA","timestamp":"2023-11-09 14:32:37"},{"nodeID":"1365122","text":"Asserting","type":"YA","timestamp":"2023-11-09 14:32:37"},{"nodeID":"1365123","text":"Default Transition","type":"TA","timestamp":"2023-11-09 14:32:37"},{"nodeID":"1365124","text":"Analysing","type":"YA","timestamp":"2023-11-09 14:32:37"},{"nodeID":"1365125","text":"Asserting","type":"YA","timestamp":"2023-11-09 14:32:37"},{"nodeID":"1365126","text":"Default Inference","type":"RA","timestamp":"2023-11-09 14:32:37"},{"nodeID":"1365127","text":"Default Transition","type":"TA","timestamp":"2023-11-09 14:32:37"},{"nodeID":"1365128","text":"Default Transition","type":"TA","timestamp":"2023-11-09 14:32:37"},{"nodeID":"1365129","text":"Arguing","type":"YA","timestamp":"2023-11-09 14:32:37"},{"nodeID":"1365130","text":"Analysing","type":"YA","timestamp":"2023-11-09 14:32:37"},{"nodeID":"1365131","text":"Assertive Questioning","type":"YA","timestamp":"2023-11-09 14:32:37"},{"nodeID":"1365132","text":"Default Transition","type":"TA","timestamp":"2023-11-09 14:32:37"},{"nodeID":"1365133","text":"Analysing","type":"YA","timestamp":"2023-11-09 14:32:37"},{"nodeID":"1365134","text":"Asserting","type":"YA","timestamp":"2023-11-09 14:32:37"},{"nodeID":"1365135","text":"Analysing","type":"YA","timestamp":"2023-11-09 14:32:37"},{"nodeID":"1365136","text":"Asserting","type":"YA","timestamp":"2023-11-09 14:32:37"},{"nodeID":"1365137","text":"Default Transition","type":"TA","timestamp":"2023-11-09 14:32:37"},{"nodeID":"1365138","text":"Default Inference","type":"RA","timestamp":"2023-11-09 14:32:37"},{"nodeID":"1365139","text":"Arguing","type":"YA","timestamp":"2023-11-09 14:32:37"},{"nodeID":"1365140","text":"Analysing","type":"YA","timestamp":"2023-11-09 14:32:37"},{"nodeID":"1365141","text":"Asserting","type":"YA","timestamp":"2023-11-09 14:32:37"},{"nodeID":"1365142","text":"Analysing","type":"YA","timestamp":"2023-11-09 14:32:37"},{"nodeID":"1365143","text":"Asserting","type":"YA","timestamp":"2023-11-09 14:32:37"},{"nodeID":"1365144","text":"Default Transition","type":"TA","timestamp":"2023-11-09 14:32:37"},{"nodeID":"1365145","text":"Default Transition","type":"TA","timestamp":"2023-11-09 14:32:37"},{"nodeID":"1365146","text":"Default Inference","type":"RA","timestamp":"2023-11-09 14:32:37"},{"nodeID":"1365147","text":"Default Transition","type":"TA","timestamp":"2023-11-09 14:32:37"},{"nodeID":"1365148","text":"Arguing","type":"YA","timestamp":"2023-11-09 14:32:37"},{"nodeID":"1365149","text":"Default Rephrase","type":"MA","timestamp":"2023-11-09 14:32:37"},{"nodeID":"1365150","text":"Restating","type":"YA","timestamp":"2023-11-09 14:32:37"}],"edges":[{"edgeID":"1786228","fromID":"1365073","toID":"1365035","formEdgeID":null},{"edgeID":"1786229","fromID":"1365036","toID":"1365073","formEdgeID":null},{"edgeID":"1786230","fromID":"1365035","toID":"1365074","formEdgeID":null},{"edgeID":"1786231","fromID":"1365074","toID":"1119798","formEdgeID":null},{"edgeID":"1786232","fromID":"1365075","toID":"1365037","formEdgeID":null},{"edgeID":"1786233","fromID":"1365038","toID":"1365075","formEdgeID":null},{"edgeID":"1786234","fromID":"1365076","toID":"1119803","formEdgeID":null},{"edgeID":"1786235","fromID":"1365037","toID":"1365076","formEdgeID":null},{"edgeID":"1786236","fromID":"1365077","toID":"1365039","formEdgeID":null},{"edgeID":"1786237","fromID":"1365040","toID":"1365077","formEdgeID":null},{"edgeID":"1786238","fromID":"1365039","toID":"1365078","formEdgeID":null},{"edgeID":"1786239","fromID":"1365078","toID":"1119808","formEdgeID":null},{"edgeID":"1786240","fromID":"1365041","toID":"1365079","formEdgeID":null},{"edgeID":"1786241","fromID":"1365079","toID":"1365042","formEdgeID":null},{"edgeID":"1786242","fromID":"1365042","toID":"1365080","formEdgeID":null},{"edgeID":"1786243","fromID":"1365080","toID":"1119813","formEdgeID":null},{"edgeID":"1786244","fromID":"1365081","toID":"1119813","formEdgeID":null},{"edgeID":"1786245","fromID":"1119803","toID":"1365081","formEdgeID":null},{"edgeID":"1786246","fromID":"1119808","toID":"1365081","formEdgeID":null},{"edgeID":"1786247","fromID":"1365082","toID":"1365042","formEdgeID":null},{"edgeID":"1786248","fromID":"1365037","toID":"1365082","formEdgeID":null},{"edgeID":"1786249","fromID":"1365083","toID":"1365042","formEdgeID":null},{"edgeID":"1786250","fromID":"1365039","toID":"1365083","formEdgeID":null},{"edgeID":"1786251","fromID":"1365084","toID":"1365081","formEdgeID":null},{"edgeID":"1786252","fromID":"1365083","toID":"1365084","formEdgeID":null},{"edgeID":"1786253","fromID":"1365085","toID":"1119798","formEdgeID":null},{"edgeID":"1786254","fromID":"1119803","toID":"1365085","formEdgeID":null},{"edgeID":"1786255","fromID":"1365035","toID":"1365086","formEdgeID":null},{"edgeID":"1786256","fromID":"1365086","toID":"1365037","formEdgeID":null},{"edgeID":"1786257","fromID":"1365086","toID":"1365087","formEdgeID":null},{"edgeID":"1786258","fromID":"1365087","toID":"1365085","formEdgeID":null},{"edgeID":"1786259","fromID":"1365088","toID":"1365043","formEdgeID":null},{"edgeID":"1786260","fromID":"1365044","toID":"1365088","formEdgeID":null},{"edgeID":"1786261","fromID":"1365043","toID":"1365089","formEdgeID":null},{"edgeID":"1786262","fromID":"1365089","toID":"1119825","formEdgeID":null},{"edgeID":"1786263","fromID":"1365042","toID":"1365090","formEdgeID":null},{"edgeID":"1786264","fromID":"1365090","toID":"1365043","formEdgeID":null},{"edgeID":"1786265","fromID":"1365091","toID":"1119813","formEdgeID":null},{"edgeID":"1786266","fromID":"1119825","toID":"1365091","formEdgeID":null},{"edgeID":"1786267","fromID":"1365090","toID":"1365092","formEdgeID":null},{"edgeID":"1786268","fromID":"1365092","toID":"1365091","formEdgeID":null},{"edgeID":"1786269","fromID":"1365046","toID":"1365093","formEdgeID":null},{"edgeID":"1786270","fromID":"1365093","toID":"1365045","formEdgeID":null},{"edgeID":"1786271","fromID":"1365094","toID":"1119833","formEdgeID":null},{"edgeID":"1786272","fromID":"1365045","toID":"1365094","formEdgeID":null},{"edgeID":"1786273","fromID":"1365095","toID":"1365045","formEdgeID":null},{"edgeID":"1786274","fromID":"1365043","toID":"1365095","formEdgeID":null},{"edgeID":"1786275","fromID":"1365096","toID":"1365047","formEdgeID":null},{"edgeID":"1786276","fromID":"1365048","toID":"1365096","formEdgeID":null},{"edgeID":"1786277","fromID":"1365047","toID":"1365097","formEdgeID":null},{"edgeID":"1786278","fromID":"1365097","toID":"1119839","formEdgeID":null},{"edgeID":"1786279","fromID":"1365045","toID":"1365098","formEdgeID":null},{"edgeID":"1786280","fromID":"1365098","toID":"1365047","formEdgeID":null},{"edgeID":"1786281","fromID":"1119839","toID":"1365099","formEdgeID":null},{"edgeID":"1786282","fromID":"1365099","toID":"1119833","formEdgeID":null},{"edgeID":"1786283","fromID":"1365100","toID":"1365099","formEdgeID":null},{"edgeID":"1786284","fromID":"1365098","toID":"1365100","formEdgeID":null},{"edgeID":"1786285","fromID":"1365101","toID":"1365050","formEdgeID":null},{"edgeID":"1786286","fromID":"1365049","toID":"1365101","formEdgeID":null},{"edgeID":"1786287","fromID":"1365050","toID":"1365102","formEdgeID":null},{"edgeID":"1786288","fromID":"1365102","toID":"1119847","formEdgeID":null},{"edgeID":"1786289","fromID":"1119839","toID":"1365103","formEdgeID":null},{"edgeID":"1786290","fromID":"1365103","toID":"1119847","formEdgeID":null},{"edgeID":"1786291","fromID":"1365047","toID":"1365104","formEdgeID":null},{"edgeID":"1786292","fromID":"1365104","toID":"1365050","formEdgeID":null},{"edgeID":"1786293","fromID":"1365104","toID":"1365105","formEdgeID":null},{"edgeID":"1786294","fromID":"1365105","toID":"1365103","formEdgeID":null},{"edgeID":"1786295","fromID":"1365106","toID":"1365051","formEdgeID":null},{"edgeID":"1786296","fromID":"1365052","toID":"1365106","formEdgeID":null},{"edgeID":"1786297","fromID":"1365051","toID":"1365107","formEdgeID":null},{"edgeID":"1786298","fromID":"1365107","toID":"1119855","formEdgeID":null},{"edgeID":"1786299","fromID":"1365050","toID":"1365108","formEdgeID":null},{"edgeID":"1786300","fromID":"1365108","toID":"1365051","formEdgeID":null},{"edgeID":"1786301","fromID":"1365109","toID":"1365053","formEdgeID":null},{"edgeID":"1786302","fromID":"1365054","toID":"1365109","formEdgeID":null},{"edgeID":"1786303","fromID":"1365110","toID":"1119861","formEdgeID":null},{"edgeID":"1786304","fromID":"1365053","toID":"1365110","formEdgeID":null},{"edgeID":"1786305","fromID":"1119861","toID":"1365111","formEdgeID":null},{"edgeID":"1786306","fromID":"1365111","toID":"1119855","formEdgeID":null},{"edgeID":"1786307","fromID":"1365051","toID":"1365112","formEdgeID":null},{"edgeID":"1786308","fromID":"1365112","toID":"1365053","formEdgeID":null},{"edgeID":"1786309","fromID":"1365112","toID":"1365113","formEdgeID":null},{"edgeID":"1786310","fromID":"1365113","toID":"1365111","formEdgeID":null},{"edgeID":"1786311","fromID":"1365114","toID":"1365055","formEdgeID":null},{"edgeID":"1786312","fromID":"1365056","toID":"1365114","formEdgeID":null},{"edgeID":"1786313","fromID":"1365055","toID":"1365115","formEdgeID":null},{"edgeID":"1786314","fromID":"1365115","toID":"1119869","formEdgeID":null},{"edgeID":"1786315","fromID":"1119861","toID":"1365116","formEdgeID":null},{"edgeID":"1786316","fromID":"1365116","toID":"1119869","formEdgeID":null},{"edgeID":"1786317","fromID":"1365053","toID":"1365117","formEdgeID":null},{"edgeID":"1786318","fromID":"1365117","toID":"1365055","formEdgeID":null},{"edgeID":"1786319","fromID":"1365117","toID":"1365118","formEdgeID":null},{"edgeID":"1786320","fromID":"1365118","toID":"1365116","formEdgeID":null},{"edgeID":"1786321","fromID":"1365119","toID":"1365057","formEdgeID":null},{"edgeID":"1786322","fromID":"1365058","toID":"1365119","formEdgeID":null},{"edgeID":"1786323","fromID":"1365057","toID":"1365120","formEdgeID":null},{"edgeID":"1786324","fromID":"1365120","toID":"1119877","formEdgeID":null},{"edgeID":"1786325","fromID":"1365121","toID":"1365059","formEdgeID":null},{"edgeID":"1786326","fromID":"1365060","toID":"1365121","formEdgeID":null},{"edgeID":"1786327","fromID":"1365059","toID":"1365122","formEdgeID":null},{"edgeID":"1786328","fromID":"1365122","toID":"1119882","formEdgeID":null},{"edgeID":"1786329","fromID":"1365055","toID":"1365123","formEdgeID":null},{"edgeID":"1786330","fromID":"1365123","toID":"1365057","formEdgeID":null},{"edgeID":"1786331","fromID":"1365124","toID":"1365061","formEdgeID":null},{"edgeID":"1786332","fromID":"1365062","toID":"1365124","formEdgeID":null},{"edgeID":"1786333","fromID":"1365061","toID":"1365125","formEdgeID":null},{"edgeID":"1786334","fromID":"1365125","toID":"1119888","formEdgeID":null},{"edgeID":"1786335","fromID":"1119877","toID":"1365126","formEdgeID":null},{"edgeID":"1786336","fromID":"1365126","toID":"1119888","formEdgeID":null},{"edgeID":"1786337","fromID":"1119882","toID":"1365126","formEdgeID":null},{"edgeID":"1786338","fromID":"1365057","toID":"1365127","formEdgeID":null},{"edgeID":"1786339","fromID":"1365127","toID":"1365061","formEdgeID":null},{"edgeID":"1786340","fromID":"1365059","toID":"1365128","formEdgeID":null},{"edgeID":"1786341","fromID":"1365128","toID":"1365061","formEdgeID":null},{"edgeID":"1786342","fromID":"1365128","toID":"1365129","formEdgeID":null},{"edgeID":"1786343","fromID":"1365129","toID":"1365126","formEdgeID":null},{"edgeID":"1786344","fromID":"1365130","toID":"1365063","formEdgeID":null},{"edgeID":"1786345","fromID":"1365064","toID":"1365130","formEdgeID":null},{"edgeID":"1786346","fromID":"1365063","toID":"1365131","formEdgeID":null},{"edgeID":"1786347","fromID":"1365131","toID":"1119897","formEdgeID":null},{"edgeID":"1786348","fromID":"1365061","toID":"1365132","formEdgeID":null},{"edgeID":"1786349","fromID":"1365132","toID":"1365063","formEdgeID":null},{"edgeID":"1786350","fromID":"1365133","toID":"1365065","formEdgeID":null},{"edgeID":"1786351","fromID":"1365066","toID":"1365133","formEdgeID":null},{"edgeID":"1786352","fromID":"1365065","toID":"1365134","formEdgeID":null},{"edgeID":"1786353","fromID":"1365134","toID":"1119903","formEdgeID":null},{"edgeID":"1786354","fromID":"1365135","toID":"1365067","formEdgeID":null},{"edgeID":"1786355","fromID":"1365068","toID":"1365135","formEdgeID":null},{"edgeID":"1786356","fromID":"1365067","toID":"1365136","formEdgeID":null},{"edgeID":"1786357","fromID":"1365136","toID":"1119908","formEdgeID":null},{"edgeID":"1786358","fromID":"1365065","toID":"1365137","formEdgeID":null},{"edgeID":"1786359","fromID":"1365137","toID":"1365067","formEdgeID":null},{"edgeID":"1786360","fromID":"1119903","toID":"1365138","formEdgeID":null},{"edgeID":"1786361","fromID":"1365138","toID":"1119908","formEdgeID":null},{"edgeID":"1786362","fromID":"1365137","toID":"1365139","formEdgeID":null},{"edgeID":"1786363","fromID":"1365139","toID":"1365138","formEdgeID":null},{"edgeID":"1786364","fromID":"1365140","toID":"1365069","formEdgeID":null},{"edgeID":"1786365","fromID":"1365070","toID":"1365140","formEdgeID":null},{"edgeID":"1786366","fromID":"1365069","toID":"1365141","formEdgeID":null},{"edgeID":"1786367","fromID":"1365141","toID":"1119916","formEdgeID":null},{"edgeID":"1786368","fromID":"1365142","toID":"1365071","formEdgeID":null},{"edgeID":"1786369","fromID":"1365072","toID":"1365142","formEdgeID":null},{"edgeID":"1786370","fromID":"1365071","toID":"1365143","formEdgeID":null},{"edgeID":"1786371","fromID":"1365143","toID":"1119921","formEdgeID":null},{"edgeID":"1786372","fromID":"1365063","toID":"1365144","formEdgeID":null},{"edgeID":"1786373","fromID":"1365144","toID":"1365065","formEdgeID":null},{"edgeID":"1786374","fromID":"1365067","toID":"1365145","formEdgeID":null},{"edgeID":"1786375","fromID":"1365145","toID":"1365069","formEdgeID":null},{"edgeID":"1786376","fromID":"1119921","toID":"1365146","formEdgeID":null},{"edgeID":"1786377","fromID":"1365146","toID":"1119908","formEdgeID":null},{"edgeID":"1786378","fromID":"1119916","toID":"1365146","formEdgeID":null},{"edgeID":"1786379","fromID":"1365067","toID":"1365147","formEdgeID":null},{"edgeID":"1786380","fromID":"1365147","toID":"1365071","formEdgeID":null},{"edgeID":"1786381","fromID":"1365147","toID":"1365148","formEdgeID":null},{"edgeID":"1786382","fromID":"1365148","toID":"1365146","formEdgeID":null},{"edgeID":"1786383","fromID":"1119897","toID":"1365149","formEdgeID":null},{"edgeID":"1786384","fromID":"1365149","toID":"1119888","formEdgeID":null},{"edgeID":"1786385","fromID":"1365132","toID":"1365150","formEdgeID":null},{"edgeID":"1786386","fromID":"1365150","toID":"1365149","formEdgeID":null}],"locutions":[]}