{"nodes":[{"nodeID":"1366578","text":"India Willoughby has to temper her language","type":"I","timestamp":"2023-11-09 14:34:34"},{"nodeID":"1366579","text":"India Willoughby: I have to temper my language","type":"L","timestamp":"2023-11-09 14:34:34"},{"nodeID":"1366580","text":"Analysing","type":"YA","timestamp":"2023-11-09 14:34:34"},{"nodeID":"1366581","text":"Joanna: India Willoughby: I have to temper my language","type":"L","timestamp":"2023-11-09 14:34:34"},{"nodeID":"1366582","text":"Asserting","type":"YA","timestamp":"2023-11-09 14:34:34"},{"nodeID":"1366583","text":"what an outrageous allegation against this woman","type":"I","timestamp":"2023-11-09 14:34:35"},{"nodeID":"1366584","text":"Ella Whelan: What an outrageous allegation against this woman","type":"L","timestamp":"2023-11-09 14:34:35"},{"nodeID":"1366585","text":"Analysing","type":"YA","timestamp":"2023-11-09 14:34:35"},{"nodeID":"1366586","text":"Joanna: Ella Whelan: What an outrageous allegation against this woman","type":"L","timestamp":"2023-11-09 14:34:35"},{"nodeID":"1366587","text":"Asserting","type":"YA","timestamp":"2023-11-09 14:34:35"},{"nodeID":"1366588","text":"Default Transition","type":"TA","timestamp":"2023-11-09 14:34:35"},{"nodeID":"1366589","text":"what a cheap and outrageous allegation that India Willoughby makes that the trans-people situation is analogical to black people in the 1970s","type":"I","timestamp":"2023-11-09 14:34:35"},{"nodeID":"1366590","text":"AudienceMember 20230209QT12: What a cheap and outrageous allegation","type":"L","timestamp":"2023-11-09 14:34:35"},{"nodeID":"1366591","text":"Analysing","type":"YA","timestamp":"2023-11-09 14:34:35"},{"nodeID":"1366592","text":"Joanna: AudienceMember 20230209QT12: What a cheap and outrageous allegation","type":"L","timestamp":"2023-11-09 14:34:35"},{"nodeID":"1366593","text":"Asserting","type":"YA","timestamp":"2023-11-09 14:34:35"},{"nodeID":"1366594","text":"Default Rephrase","type":"MA","timestamp":"2023-11-09 14:34:35"},{"nodeID":"1366595","text":"Default Transition","type":"TA","timestamp":"2023-11-09 14:34:35"},{"nodeID":"1366596","text":"the allegation is quite offensive","type":"I","timestamp":"2023-11-09 14:34:36"},{"nodeID":"1366597","text":"AudienceMember 20230209QT28: It is quite offensive","type":"L","timestamp":"2023-11-09 14:34:36"},{"nodeID":"1366598","text":"Analysing","type":"YA","timestamp":"2023-11-09 14:34:36"},{"nodeID":"1366599","text":"Joanna: AudienceMember 20230209QT28: It is quite offensive","type":"L","timestamp":"2023-11-09 14:34:36"},{"nodeID":"1366600","text":"Asserting","type":"YA","timestamp":"2023-11-09 14:34:36"},{"nodeID":"1366601","text":"Default Transition","type":"TA","timestamp":"2023-11-09 14:34:36"},{"nodeID":"1366602","text":"considering what India Willoughby has written in her Twitter about young black women","type":"I","timestamp":"2023-11-09 14:34:37"},{"nodeID":"1366603","text":"AudienceMember 20230209QT28: considering what you have written in your Twitter about young black women","type":"L","timestamp":"2023-11-09 14:34:37"},{"nodeID":"1366604","text":"Analysing","type":"YA","timestamp":"2023-11-09 14:34:37"},{"nodeID":"1366605","text":"Joanna: AudienceMember 20230209QT28: considering what you have written in your Twitter about young black women","type":"L","timestamp":"2023-11-09 14:34:37"},{"nodeID":"1366606","text":"Asserting","type":"YA","timestamp":"2023-11-09 14:34:37"},{"nodeID":"1366607","text":"Default Transition","type":"TA","timestamp":"2023-11-09 14:34:37"},{"nodeID":"1366608","text":"Default Inference","type":"RA","timestamp":"2023-11-09 14:34:37"},{"nodeID":"1366609","text":"Arguing","type":"YA","timestamp":"2023-11-09 14:34:37"},{"nodeID":"1366610","text":"can India Willoughby clarify what she wrote in her Twitter about young black women or not","type":"I","timestamp":"2023-11-09 14:34:37"},{"nodeID":"1366611","text":"India Willoughby: Can I clarify this","type":"L","timestamp":"2023-11-09 14:34:37"},{"nodeID":"1366612","text":"Analysing","type":"YA","timestamp":"2023-11-09 14:34:37"},{"nodeID":"1366613","text":"Joanna: India Willoughby: Can I clarify this","type":"L","timestamp":"2023-11-09 14:34:37"},{"nodeID":"1366614","text":"Pure Questioning","type":"YA","timestamp":"2023-11-09 14:34:37"},{"nodeID":"1366615","text":"Default Transition","type":"TA","timestamp":"2023-11-09 14:34:37"},{"nodeID":"1366616","text":"this can be such a toxic debate","type":"I","timestamp":"2023-11-09 14:34:38"},{"nodeID":"1366617","text":"Fiona Bruce: this can be such a toxic debate","type":"L","timestamp":"2023-11-09 14:34:38"},{"nodeID":"1366618","text":"Analysing","type":"YA","timestamp":"2023-11-09 14:34:38"},{"nodeID":"1366619","text":"Joanna: Fiona Bruce: this can be such a toxic debate","type":"L","timestamp":"2023-11-09 14:34:38"},{"nodeID":"1366620","text":"Asserting","type":"YA","timestamp":"2023-11-09 14:34:38"},{"nodeID":"1366621","text":"Default Transition","type":"TA","timestamp":"2023-11-09 14:34:38"},{"nodeID":"1366622","text":"Fiona Bruce does not want the toxic debate to be on this programme","type":"I","timestamp":"2023-11-09 14:34:39"},{"nodeID":"1366623","text":"Fiona Bruce: I do not want it to be on this programme","type":"L","timestamp":"2023-11-09 14:34:39"},{"nodeID":"1366624","text":"Analysing","type":"YA","timestamp":"2023-11-09 14:34:39"},{"nodeID":"1366625","text":"Joanna: Fiona Bruce: I do not want it to be on this programme","type":"L","timestamp":"2023-11-09 14:34:39"},{"nodeID":"1366626","text":"Asserting","type":"YA","timestamp":"2023-11-09 14:34:39"},{"nodeID":"1366627","text":"Default Transition","type":"TA","timestamp":"2023-11-09 14:34:39"},{"nodeID":"1366628","text":"Fiona Bruce really does not want the toxic debate to be on this programme","type":"I","timestamp":"2023-11-09 14:34:39"},{"nodeID":"1366629","text":"Fiona Bruce: I really don't","type":"L","timestamp":"2023-11-09 14:34:39"},{"nodeID":"1366630","text":"Analysing","type":"YA","timestamp":"2023-11-09 14:34:39"},{"nodeID":"1366631","text":"Joanna: Fiona Bruce: I really don't","type":"L","timestamp":"2023-11-09 14:34:39"},{"nodeID":"1366632","text":"Asserting","type":"YA","timestamp":"2023-11-09 14:34:39"},{"nodeID":"1366633","text":"Default Rephrase","type":"MA","timestamp":"2023-11-09 14:34:39"},{"nodeID":"1366634","text":"Default Transition","type":"TA","timestamp":"2023-11-09 14:34:39"},{"nodeID":"1366635","text":"Restating","type":"YA","timestamp":"2023-11-09 14:34:39"},{"nodeID":"1366636","text":"Fiona Bruce also doesn't want to put India Willoughby in the position where she is the one person talking for all trans people","type":"I","timestamp":"2023-11-09 14:34:40"},{"nodeID":"1366637","text":"Fiona Bruce: I also don't want to put India in the position where she is the one person talking for all trans people","type":"L","timestamp":"2023-11-09 14:34:40"},{"nodeID":"1366638","text":"Analysing","type":"YA","timestamp":"2023-11-09 14:34:40"},{"nodeID":"1366639","text":"Joanna: Fiona Bruce: I also don't want to put India in the position where she is the one person talking for all trans people","type":"L","timestamp":"2023-11-09 14:34:40"},{"nodeID":"1366640","text":"Asserting","type":"YA","timestamp":"2023-11-09 14:34:40"},{"nodeID":"1366641","text":"Default Transition","type":"TA","timestamp":"2023-11-09 14:34:40"},{"nodeID":"1366642","text":"toxic debate in which India Willoughby is being put in the position where she is the one person talking for all trans people is not the debate Fiona Bruce wants to have","type":"I","timestamp":"2023-11-09 14:34:40"},{"nodeID":"1366643","text":"Fiona Bruce: It is not the debate I want to have","type":"L","timestamp":"2023-11-09 14:34:40"},{"nodeID":"1366644","text":"Analysing","type":"YA","timestamp":"2023-11-09 14:34:40"},{"nodeID":"1366645","text":"Joanna: Fiona Bruce: It is not the debate I want to have","type":"L","timestamp":"2023-11-09 14:34:40"},{"nodeID":"1366646","text":"Asserting","type":"YA","timestamp":"2023-11-09 14:34:40"},{"nodeID":"1366647","text":"Default Transition","type":"TA","timestamp":"2023-11-09 14:34:40"},{"nodeID":"1366648","text":"Default Inference","type":"RA","timestamp":"2023-11-09 14:34:40"},{"nodeID":"1366649","text":"Arguing","type":"YA","timestamp":"2023-11-09 14:34:40"},{"nodeID":"1366650","text":"Default Rephrase","type":"MA","timestamp":"2023-11-09 14:34:40"},{"nodeID":"1366651","text":"Default Transition","type":"TA","timestamp":"2023-11-09 14:34:40"},{"nodeID":"1366652","text":"Restating","type":"YA","timestamp":"2023-11-09 14:34:40"},{"nodeID":"1366653","text":"one commentator, who is known for taunting trans people online did this to India Willoughby, deliberately called India Willoughby \"trans woman\"","type":"I","timestamp":"2023-11-09 14:34:41"},{"nodeID":"1366654","text":"India Willoughby:  One commentator, who is known for taunting trans people online did this to me, deliberately called me that","type":"L","timestamp":"2023-11-09 14:34:41"},{"nodeID":"1366655","text":"Analysing","type":"YA","timestamp":"2023-11-09 14:34:41"},{"nodeID":"1366656","text":"Joanna: India Willoughby:  One commentator, who is known for taunting trans people online did this to me, deliberately called me that","type":"L","timestamp":"2023-11-09 14:34:41"},{"nodeID":"1366657","text":"Asserting","type":"YA","timestamp":"2023-11-09 14:34:41"},{"nodeID":"1366658","text":"one thing the gender critical movement do to try and knock the credibility of trans women, trans being an adjective before women, is to scrunch the two words up","type":"I","timestamp":"2023-11-09 14:34:42"},{"nodeID":"1366659","text":"India Willoughby: one thing the gender critical movement do to try and knock the credibility of trans women, trans being an adjective before women, is to scrunch the two words up","type":"L","timestamp":"2023-11-09 14:34:42"},{"nodeID":"1366660","text":"Analysing","type":"YA","timestamp":"2023-11-09 14:34:42"},{"nodeID":"1366661","text":"Joanna: India Willoughby: one thing the gender critical movement do to try and knock the credibility of trans women, trans being an adjective before women, is to scrunch the two words up","type":"L","timestamp":"2023-11-09 14:34:42"},{"nodeID":"1366662","text":"Asserting","type":"YA","timestamp":"2023-11-09 14:34:42"},{"nodeID":"1366663","text":"Default Transition","type":"TA","timestamp":"2023-11-09 14:34:42"},{"nodeID":"1366664","text":"one ends up with this word that doesn't exist, \"trans woman\"","type":"I","timestamp":"2023-11-09 14:34:42"},{"nodeID":"1366665","text":"India Willoughby: you end up with this word that doesn't exist, \"trans woman\"","type":"L","timestamp":"2023-11-09 14:34:42"},{"nodeID":"1366666","text":"Analysing","type":"YA","timestamp":"2023-11-09 14:34:42"},{"nodeID":"1366667","text":"Joanna: India Willoughby: you end up with this word that doesn't exist, \"trans woman\"","type":"L","timestamp":"2023-11-09 14:34:42"},{"nodeID":"1366668","text":"Asserting","type":"YA","timestamp":"2023-11-09 14:34:42"},{"nodeID":"1366669","text":"Default Transition","type":"TA","timestamp":"2023-11-09 14:34:42"},{"nodeID":"1366670","text":"Default Inference","type":"RA","timestamp":"2023-11-09 14:34:42"},{"nodeID":"1366671","text":"Arguing","type":"YA","timestamp":"2023-11-09 14:34:42"},{"nodeID":"1366672","text":"Default Transition","type":"TA","timestamp":"2023-11-09 14:34:42"},{"nodeID":"1366673","text":"India Willoughby effectively accepts a Tweet which you can all look at","type":"I","timestamp":"2023-11-09 14:34:43"},{"nodeID":"1366674","text":"India Willoughby: I effectively accept a Tweet which you can all look at","type":"L","timestamp":"2023-11-09 14:34:43"},{"nodeID":"1366675","text":"Analysing","type":"YA","timestamp":"2023-11-09 14:34:43"},{"nodeID":"1366676","text":"Joanna: India Willoughby: I effectively accept a Tweet which you can all look at","type":"L","timestamp":"2023-11-09 14:34:43"},{"nodeID":"1366677","text":"Asserting","type":"YA","timestamp":"2023-11-09 14:34:43"},{"nodeID":"1366678","text":"Default Transition","type":"TA","timestamp":"2023-11-09 14:34:43"},{"nodeID":"1366679","text":"Default Conflict","type":"CA","timestamp":"2023-11-09 14:34:43"},{"nodeID":"1366680","text":"Default Transition","type":"TA","timestamp":"2023-11-09 14:34:43"},{"nodeID":"1366681","text":"Disagreeing","type":"YA","timestamp":"2023-11-09 14:34:43"},{"nodeID":"1366682","text":"how would one like it if India Willoughby scrunched up black with woman to make Black Woman MP","type":"I","timestamp":"2023-11-09 14:34:44"},{"nodeID":"1366683","text":"India Willoughby: how would you like it if I scrunched up black with woman to make Black Woman MP","type":"L","timestamp":"2023-11-09 14:34:44"},{"nodeID":"1366684","text":"Analysing","type":"YA","timestamp":"2023-11-09 14:34:44"},{"nodeID":"1366685","text":"Joanna: India Willoughby: how would you like it if I scrunched up black with woman to make Black Woman MP","type":"L","timestamp":"2023-11-09 14:34:44"},{"nodeID":"1366686","text":"Asserting","type":"YA","timestamp":"2023-11-09 14:34:44"},{"nodeID":"1366687","text":"Default Transition","type":"TA","timestamp":"2023-11-09 14:34:44"},{"nodeID":"1366688","text":"Default Inference","type":"RA","timestamp":"2023-11-09 14:34:44"},{"nodeID":"1366689","text":"Arguing","type":"YA","timestamp":"2023-11-09 14:34:44"},{"nodeID":"1366690","text":"Default Inference","type":"RA","timestamp":"2023-11-09 14:34:44"},{"nodeID":"1366691","text":"Arguing","type":"YA","timestamp":"2023-11-09 14:34:44"}],"edges":[{"edgeID":"1788092","fromID":"1366580","toID":"1366579","formEdgeID":null},{"edgeID":"1788093","fromID":"1366581","toID":"1366580","formEdgeID":null},{"edgeID":"1788094","fromID":"1366579","toID":"1366582","formEdgeID":null},{"edgeID":"1788095","fromID":"1366582","toID":"1366578","formEdgeID":null},{"edgeID":"1788096","fromID":"1366585","toID":"1366584","formEdgeID":null},{"edgeID":"1788097","fromID":"1366586","toID":"1366585","formEdgeID":null},{"edgeID":"1788098","fromID":"1366584","toID":"1366587","formEdgeID":null},{"edgeID":"1788099","fromID":"1366587","toID":"1366583","formEdgeID":null},{"edgeID":"1788100","fromID":"1366579","toID":"1366588","formEdgeID":null},{"edgeID":"1788101","fromID":"1366588","toID":"1366584","formEdgeID":null},{"edgeID":"1788102","fromID":"1366591","toID":"1366590","formEdgeID":null},{"edgeID":"1788103","fromID":"1366592","toID":"1366591","formEdgeID":null},{"edgeID":"1788104","fromID":"1366590","toID":"1366593","formEdgeID":null},{"edgeID":"1788105","fromID":"1366593","toID":"1366589","formEdgeID":null},{"edgeID":"1788106","fromID":"1366589","toID":"1366594","formEdgeID":null},{"edgeID":"1788107","fromID":"1366594","toID":"1366583","formEdgeID":null},{"edgeID":"1788108","fromID":"1366584","toID":"1366595","formEdgeID":null},{"edgeID":"1788109","fromID":"1366595","toID":"1366590","formEdgeID":null},{"edgeID":"1788110","fromID":"1366598","toID":"1366597","formEdgeID":null},{"edgeID":"1788111","fromID":"1366599","toID":"1366598","formEdgeID":null},{"edgeID":"1788112","fromID":"1366597","toID":"1366600","formEdgeID":null},{"edgeID":"1788113","fromID":"1366600","toID":"1366596","formEdgeID":null},{"edgeID":"1788114","fromID":"1366590","toID":"1366601","formEdgeID":null},{"edgeID":"1788115","fromID":"1366601","toID":"1366597","formEdgeID":null},{"edgeID":"1788116","fromID":"1366604","toID":"1366603","formEdgeID":null},{"edgeID":"1788117","fromID":"1366605","toID":"1366604","formEdgeID":null},{"edgeID":"1788118","fromID":"1366603","toID":"1366606","formEdgeID":null},{"edgeID":"1788119","fromID":"1366606","toID":"1366602","formEdgeID":null},{"edgeID":"1788120","fromID":"1366597","toID":"1366607","formEdgeID":null},{"edgeID":"1788121","fromID":"1366607","toID":"1366603","formEdgeID":null},{"edgeID":"1788122","fromID":"1366602","toID":"1366608","formEdgeID":null},{"edgeID":"1788123","fromID":"1366608","toID":"1366596","formEdgeID":null},{"edgeID":"1788124","fromID":"1366607","toID":"1366609","formEdgeID":null},{"edgeID":"1788125","fromID":"1366609","toID":"1366608","formEdgeID":null},{"edgeID":"1788126","fromID":"1366612","toID":"1366611","formEdgeID":null},{"edgeID":"1788127","fromID":"1366613","toID":"1366612","formEdgeID":null},{"edgeID":"1788128","fromID":"1366611","toID":"1366614","formEdgeID":null},{"edgeID":"1788129","fromID":"1366614","toID":"1366610","formEdgeID":null},{"edgeID":"1788130","fromID":"1366603","toID":"1366615","formEdgeID":null},{"edgeID":"1788131","fromID":"1366615","toID":"1366611","formEdgeID":null},{"edgeID":"1788132","fromID":"1366618","toID":"1366617","formEdgeID":null},{"edgeID":"1788133","fromID":"1366619","toID":"1366618","formEdgeID":null},{"edgeID":"1788134","fromID":"1366617","toID":"1366620","formEdgeID":null},{"edgeID":"1788135","fromID":"1366620","toID":"1366616","formEdgeID":null},{"edgeID":"1788136","fromID":"1366611","toID":"1366621","formEdgeID":null},{"edgeID":"1788137","fromID":"1366621","toID":"1366617","formEdgeID":null},{"edgeID":"1788138","fromID":"1366624","toID":"1366623","formEdgeID":null},{"edgeID":"1788139","fromID":"1366625","toID":"1366624","formEdgeID":null},{"edgeID":"1788140","fromID":"1366623","toID":"1366626","formEdgeID":null},{"edgeID":"1788141","fromID":"1366626","toID":"1366622","formEdgeID":null},{"edgeID":"1788142","fromID":"1366617","toID":"1366627","formEdgeID":null},{"edgeID":"1788143","fromID":"1366627","toID":"1366623","formEdgeID":null},{"edgeID":"1788144","fromID":"1366630","toID":"1366629","formEdgeID":null},{"edgeID":"1788145","fromID":"1366631","toID":"1366630","formEdgeID":null},{"edgeID":"1788146","fromID":"1366629","toID":"1366632","formEdgeID":null},{"edgeID":"1788147","fromID":"1366632","toID":"1366628","formEdgeID":null},{"edgeID":"1788148","fromID":"1366628","toID":"1366633","formEdgeID":null},{"edgeID":"1788149","fromID":"1366633","toID":"1366622","formEdgeID":null},{"edgeID":"1788150","fromID":"1366623","toID":"1366634","formEdgeID":null},{"edgeID":"1788151","fromID":"1366634","toID":"1366629","formEdgeID":null},{"edgeID":"1788152","fromID":"1366634","toID":"1366635","formEdgeID":null},{"edgeID":"1788153","fromID":"1366635","toID":"1366633","formEdgeID":null},{"edgeID":"1788154","fromID":"1366638","toID":"1366637","formEdgeID":null},{"edgeID":"1788155","fromID":"1366639","toID":"1366638","formEdgeID":null},{"edgeID":"1788156","fromID":"1366637","toID":"1366640","formEdgeID":null},{"edgeID":"1788157","fromID":"1366640","toID":"1366636","formEdgeID":null},{"edgeID":"1788158","fromID":"1366629","toID":"1366641","formEdgeID":null},{"edgeID":"1788159","fromID":"1366641","toID":"1366637","formEdgeID":null},{"edgeID":"1788160","fromID":"1366644","toID":"1366643","formEdgeID":null},{"edgeID":"1788161","fromID":"1366645","toID":"1366644","formEdgeID":null},{"edgeID":"1788162","fromID":"1366643","toID":"1366646","formEdgeID":null},{"edgeID":"1788163","fromID":"1366646","toID":"1366642","formEdgeID":null},{"edgeID":"1788164","fromID":"1366637","toID":"1366647","formEdgeID":null},{"edgeID":"1788165","fromID":"1366647","toID":"1366643","formEdgeID":null},{"edgeID":"1788166","fromID":"1366636","toID":"1366648","formEdgeID":null},{"edgeID":"1788167","fromID":"1366648","toID":"1366642","formEdgeID":null},{"edgeID":"1788168","fromID":"1366647","toID":"1366649","formEdgeID":null},{"edgeID":"1788169","fromID":"1366649","toID":"1366648","formEdgeID":null},{"edgeID":"1788170","fromID":"1366642","toID":"1366650","formEdgeID":null},{"edgeID":"1788171","fromID":"1366650","toID":"1366628","formEdgeID":null},{"edgeID":"1788172","fromID":"1366629","toID":"1366651","formEdgeID":null},{"edgeID":"1788173","fromID":"1366651","toID":"1366643","formEdgeID":null},{"edgeID":"1788174","fromID":"1366651","toID":"1366652","formEdgeID":null},{"edgeID":"1788175","fromID":"1366652","toID":"1366650","formEdgeID":null},{"edgeID":"1788176","fromID":"1366655","toID":"1366654","formEdgeID":null},{"edgeID":"1788177","fromID":"1366656","toID":"1366655","formEdgeID":null},{"edgeID":"1788178","fromID":"1366654","toID":"1366657","formEdgeID":null},{"edgeID":"1788179","fromID":"1366657","toID":"1366653","formEdgeID":null},{"edgeID":"1788180","fromID":"1366660","toID":"1366659","formEdgeID":null},{"edgeID":"1788181","fromID":"1366661","toID":"1366660","formEdgeID":null},{"edgeID":"1788182","fromID":"1366659","toID":"1366662","formEdgeID":null},{"edgeID":"1788183","fromID":"1366662","toID":"1366658","formEdgeID":null},{"edgeID":"1788184","fromID":"1366643","toID":"1366663","formEdgeID":null},{"edgeID":"1788185","fromID":"1366663","toID":"1366659","formEdgeID":null},{"edgeID":"1788186","fromID":"1366666","toID":"1366665","formEdgeID":null},{"edgeID":"1788187","fromID":"1366667","toID":"1366666","formEdgeID":null},{"edgeID":"1788188","fromID":"1366665","toID":"1366668","formEdgeID":null},{"edgeID":"1788189","fromID":"1366668","toID":"1366664","formEdgeID":null},{"edgeID":"1788190","fromID":"1366659","toID":"1366669","formEdgeID":null},{"edgeID":"1788191","fromID":"1366669","toID":"1366665","formEdgeID":null},{"edgeID":"1788192","fromID":"1366658","toID":"1366670","formEdgeID":null},{"edgeID":"1788193","fromID":"1366670","toID":"1366664","formEdgeID":null},{"edgeID":"1788194","fromID":"1366669","toID":"1366671","formEdgeID":null},{"edgeID":"1788195","fromID":"1366671","toID":"1366670","formEdgeID":null},{"edgeID":"1788196","fromID":"1366665","toID":"1366672","formEdgeID":null},{"edgeID":"1788197","fromID":"1366672","toID":"1366654","formEdgeID":null},{"edgeID":"1788198","fromID":"1366675","toID":"1366674","formEdgeID":null},{"edgeID":"1788199","fromID":"1366676","toID":"1366675","formEdgeID":null},{"edgeID":"1788200","fromID":"1366674","toID":"1366677","formEdgeID":null},{"edgeID":"1788201","fromID":"1366677","toID":"1366673","formEdgeID":null},{"edgeID":"1788202","fromID":"1366654","toID":"1366678","formEdgeID":null},{"edgeID":"1788203","fromID":"1366678","toID":"1366674","formEdgeID":null},{"edgeID":"1788204","fromID":"1366673","toID":"1366679","formEdgeID":null},{"edgeID":"1788205","fromID":"1366679","toID":"1366602","formEdgeID":null},{"edgeID":"1788206","fromID":"1366603","toID":"1366680","formEdgeID":null},{"edgeID":"1788207","fromID":"1366680","toID":"1366674","formEdgeID":null},{"edgeID":"1788208","fromID":"1366680","toID":"1366681","formEdgeID":null},{"edgeID":"1788209","fromID":"1366681","toID":"1366679","formEdgeID":null},{"edgeID":"1788210","fromID":"1366684","toID":"1366683","formEdgeID":null},{"edgeID":"1788211","fromID":"1366685","toID":"1366684","formEdgeID":null},{"edgeID":"1788212","fromID":"1366683","toID":"1366686","formEdgeID":null},{"edgeID":"1788213","fromID":"1366686","toID":"1366682","formEdgeID":null},{"edgeID":"1788214","fromID":"1366674","toID":"1366687","formEdgeID":null},{"edgeID":"1788215","fromID":"1366687","toID":"1366683","formEdgeID":null},{"edgeID":"1788216","fromID":"1366682","toID":"1366688","formEdgeID":null},{"edgeID":"1788217","fromID":"1366688","toID":"1366673","formEdgeID":null},{"edgeID":"1788218","fromID":"1366687","toID":"1366689","formEdgeID":null},{"edgeID":"1788219","fromID":"1366689","toID":"1366688","formEdgeID":null},{"edgeID":"1788220","fromID":"1366664","toID":"1366690","formEdgeID":null},{"edgeID":"1788221","fromID":"1366690","toID":"1366673","formEdgeID":null},{"edgeID":"1788222","fromID":"1366653","toID":"1366690","formEdgeID":null},{"edgeID":"1788223","fromID":"1366678","toID":"1366691","formEdgeID":null},{"edgeID":"1788224","fromID":"1366691","toID":"1366690","formEdgeID":null}],"locutions":[]}