{"nodes":[{"nodeID":"1366449","text":"India Willoughby made the comment that it is it not to do with the Gender Act","type":"I","timestamp":"2023-11-09 14:34:23"},{"nodeID":"1366450","text":"Jenny Gilruth: India made the comment that it is it not to do with the Gender Act","type":"L","timestamp":"2023-11-09 14:34:23"},{"nodeID":"1366451","text":"Analysing","type":"YA","timestamp":"2023-11-09 14:34:23"},{"nodeID":"1366452","text":"Chris: Jenny Gilruth: India made the comment that it is it not to do with the Gender Act","type":"L","timestamp":"2023-11-09 14:34:23"},{"nodeID":"1366453","text":"Asserting","type":"YA","timestamp":"2023-11-09 14:34:23"},{"nodeID":"1366454","text":"the gender recognition reform, which led to the Gender Act, which is the streamlining of being able to change your gender","type":"I","timestamp":"2023-11-09 14:34:24"},{"nodeID":"1366455","text":"Fiona Bruce: The gender recognition reform, which led to the Gender Act, which is the streamlining of being able to change your gender","type":"L","timestamp":"2023-11-09 14:34:24"},{"nodeID":"1366456","text":"Analysing","type":"YA","timestamp":"2023-11-09 14:34:24"},{"nodeID":"1366457","text":"Chris: Fiona Bruce: The gender recognition reform, which led to the Gender Act, which is the streamlining of being able to change your gender","type":"L","timestamp":"2023-11-09 14:34:24"},{"nodeID":"1366458","text":"Asserting","type":"YA","timestamp":"2023-11-09 14:34:24"},{"nodeID":"1366459","text":"Default Transition","type":"TA","timestamp":"2023-11-09 14:34:24"},{"nodeID":"1366460","text":"Default Rephrase","type":"MA","timestamp":"2023-11-09 14:34:24"},{"nodeID":"1366461","text":"Restating","type":"YA","timestamp":"2023-11-09 14:34:24"},{"nodeID":"1366462","text":"Gender Recognition Reform is not a new policy","type":"I","timestamp":"2023-11-09 14:34:25"},{"nodeID":"1366463","text":"Jenny Gilruth: This is not a new policy","type":"L","timestamp":"2023-11-09 14:34:25"},{"nodeID":"1366464","text":"Analysing","type":"YA","timestamp":"2023-11-09 14:34:25"},{"nodeID":"1366465","text":"Chris: Jenny Gilruth: This is not a new policy","type":"L","timestamp":"2023-11-09 14:34:25"},{"nodeID":"1366466","text":"Asserting","type":"YA","timestamp":"2023-11-09 14:34:25"},{"nodeID":"1366467","text":"Default Transition","type":"TA","timestamp":"2023-11-09 14:34:25"},{"nodeID":"1366468","text":"Default Rephrase","type":"MA","timestamp":"2023-11-09 14:34:25"},{"nodeID":"1366469","text":"Restating","type":"YA","timestamp":"2023-11-09 14:34:25"},{"nodeID":"1366470","text":"we spoke about whether to review around the Gender Recognition Reform bill earlier on","type":"I","timestamp":"2023-11-09 14:34:25"},{"nodeID":"1366471","text":"Jenny Gilruth: we spoke about the review earlier on","type":"L","timestamp":"2023-11-09 14:34:25"},{"nodeID":"1366472","text":"Analysing","type":"YA","timestamp":"2023-11-09 14:34:25"},{"nodeID":"1366473","text":"Chris: Jenny Gilruth: we spoke about the review earlier on","type":"L","timestamp":"2023-11-09 14:34:25"},{"nodeID":"1366474","text":"Asserting","type":"YA","timestamp":"2023-11-09 14:34:25"},{"nodeID":"1366475","text":"Default Transition","type":"TA","timestamp":"2023-11-09 14:34:25"},{"nodeID":"1366476","text":"Default Rephrase","type":"MA","timestamp":"2023-11-09 14:34:25"},{"nodeID":"1366477","text":"Restating","type":"YA","timestamp":"2023-11-09 14:34:25"},{"nodeID":"1366478","text":"it is important to recognise the Gender Recognition Reform bill is one of the most consulted on pieces of legislation in history, Scottish history","type":"I","timestamp":"2023-11-09 14:34:26"},{"nodeID":"1366479","text":"Jenny Gilruth: it is important to recognise this is one of the most consulted on pieces of legislation in history, Scottish history","type":"L","timestamp":"2023-11-09 14:34:26"},{"nodeID":"1366480","text":"Analysing","type":"YA","timestamp":"2023-11-09 14:34:26"},{"nodeID":"1366481","text":"Chris: Jenny Gilruth: it is important to recognise this is one of the most consulted on pieces of legislation in history, Scottish history","type":"L","timestamp":"2023-11-09 14:34:26"},{"nodeID":"1366482","text":"Asserting","type":"YA","timestamp":"2023-11-09 14:34:26"},{"nodeID":"1366483","text":"Default Transition","type":"TA","timestamp":"2023-11-09 14:34:26"},{"nodeID":"1366484","text":"Default Conflict","type":"CA","timestamp":"2023-11-09 14:34:26"},{"nodeID":"1366485","text":"Disagreeing","type":"YA","timestamp":"2023-11-09 14:34:26"},{"nodeID":"1366486","text":"the Gender Recognition Reform bill was not rushed through","type":"I","timestamp":"2023-11-09 14:34:26"},{"nodeID":"1366487","text":"Jenny Gilruth: This was not rushed through","type":"L","timestamp":"2023-11-09 14:34:26"},{"nodeID":"1366488","text":"Analysing","type":"YA","timestamp":"2023-11-09 14:34:26"},{"nodeID":"1366489","text":"Chris: Jenny Gilruth: This was not rushed through","type":"L","timestamp":"2023-11-09 14:34:26"},{"nodeID":"1366490","text":"Asserting","type":"YA","timestamp":"2023-11-09 14:34:26"},{"nodeID":"1366491","text":"Default Transition","type":"TA","timestamp":"2023-11-09 14:34:26"},{"nodeID":"1366492","text":"The Conservatives used to back the Gender Recognition Reform bill","type":"I","timestamp":"2023-11-09 14:34:27"},{"nodeID":"1366493","text":"Jenny Gilruth: The Conservatives used to back it","type":"L","timestamp":"2023-11-09 14:34:27"},{"nodeID":"1366494","text":"Analysing","type":"YA","timestamp":"2023-11-09 14:34:27"},{"nodeID":"1366495","text":"Chris: Jenny Gilruth: The Conservatives used to back it","type":"L","timestamp":"2023-11-09 14:34:27"},{"nodeID":"1366496","text":"Asserting","type":"YA","timestamp":"2023-11-09 14:34:27"},{"nodeID":"1366497","text":"Default Transition","type":"TA","timestamp":"2023-11-09 14:34:27"},{"nodeID":"1366498","text":"Default Rephrase","type":"MA","timestamp":"2023-11-09 14:34:27"},{"nodeID":"1366499","text":"Restating","type":"YA","timestamp":"2023-11-09 14:34:27"},{"nodeID":"1366500","text":"what has happened in the interim years is that the Gender Recognition Reform bill is undoubtedly being used to reprise a culture war","type":"I","timestamp":"2023-11-09 14:34:28"},{"nodeID":"1366501","text":"Jenny Gilruth: What has happened in the interim years is that it is undoubtedly being used to reprise a culture war","type":"L","timestamp":"2023-11-09 14:34:28"},{"nodeID":"1366502","text":"Analysing","type":"YA","timestamp":"2023-11-09 14:34:28"},{"nodeID":"1366503","text":"Chris: Jenny Gilruth: What has happened in the interim years is that it is undoubtedly being used to reprise a culture war","type":"L","timestamp":"2023-11-09 14:34:28"},{"nodeID":"1366504","text":"Asserting","type":"YA","timestamp":"2023-11-09 14:34:28"},{"nodeID":"1366505","text":"Default Transition","type":"TA","timestamp":"2023-11-09 14:34:28"},{"nodeID":"1366506","text":"we heard some of the culture war rehtoric this evening","type":"I","timestamp":"2023-11-09 14:34:28"},{"nodeID":"1366507","text":"Jenny Gilruth: we heard some of that this evening","type":"L","timestamp":"2023-11-09 14:34:28"},{"nodeID":"1366508","text":"Analysing","type":"YA","timestamp":"2023-11-09 14:34:28"},{"nodeID":"1366509","text":"Chris: Jenny Gilruth: we heard some of that this evening","type":"L","timestamp":"2023-11-09 14:34:28"},{"nodeID":"1366510","text":"Asserting","type":"YA","timestamp":"2023-11-09 14:34:28"},{"nodeID":"1366511","text":"Default Transition","type":"TA","timestamp":"2023-11-09 14:34:28"},{"nodeID":"1366512","text":"Default Rephrase","type":"MA","timestamp":"2023-11-09 14:34:28"},{"nodeID":"1366513","text":"Restating","type":"YA","timestamp":"2023-11-09 14:34:28"},{"nodeID":"1366514","text":"Jenny Gilruth wants to talk to politics in relation to Section 35","type":"I","timestamp":"2023-11-09 14:34:29"},{"nodeID":"1366515","text":"Jenny Gilruth: I want to talk to politics in relation to Section 35","type":"L","timestamp":"2023-11-09 14:34:29"},{"nodeID":"1366516","text":"Analysing","type":"YA","timestamp":"2023-11-09 14:34:29"},{"nodeID":"1366517","text":"Chris: Jenny Gilruth: I want to talk to politics in relation to Section 35","type":"L","timestamp":"2023-11-09 14:34:29"},{"nodeID":"1366518","text":"Asserting","type":"YA","timestamp":"2023-11-09 14:34:29"},{"nodeID":"1366519","text":"Default Transition","type":"TA","timestamp":"2023-11-09 14:34:29"},{"nodeID":"1366520","text":"the social justice secretary had a call with Alistair Jack to get a better understanding of some of the UK government concerns about the Gender Recognition Reform bill","type":"I","timestamp":"2023-11-09 14:34:30"},{"nodeID":"1366521","text":"Jenny Gilruth: the social justice secretary had a call with Alistair Jack to get a better understanding of some of the UK government concerns","type":"L","timestamp":"2023-11-09 14:34:30"},{"nodeID":"1366522","text":"Analysing","type":"YA","timestamp":"2023-11-09 14:34:30"},{"nodeID":"1366523","text":"Chris: Jenny Gilruth: the social justice secretary had a call with Alistair Jack to get a better understanding of some of the UK government concerns","type":"L","timestamp":"2023-11-09 14:34:30"},{"nodeID":"1366524","text":"Asserting","type":"YA","timestamp":"2023-11-09 14:34:30"},{"nodeID":"1366525","text":"Default Transition","type":"TA","timestamp":"2023-11-09 14:34:30"},{"nodeID":"1366526","text":"Default Inference","type":"RA","timestamp":"2023-11-09 14:34:30"},{"nodeID":"1366527","text":"Arguing","type":"YA","timestamp":"2023-11-09 14:34:30"},{"nodeID":"1366528","text":"it is worth saying the UK government never raised any of these concerns throughout the passage of the Gender Recognition Reform bill","type":"I","timestamp":"2023-11-09 14:34:30"},{"nodeID":"1366529","text":"Jenny Gilruth: It is worth saying the UK government never raised any of these concerns throughout the passage of the bill","type":"L","timestamp":"2023-11-09 14:34:30"},{"nodeID":"1366530","text":"Analysing","type":"YA","timestamp":"2023-11-09 14:34:30"},{"nodeID":"1366531","text":"Chris: Jenny Gilruth: It is worth saying the UK government never raised any of these concerns throughout the passage of the bill","type":"L","timestamp":"2023-11-09 14:34:30"},{"nodeID":"1366532","text":"Asserting","type":"YA","timestamp":"2023-11-09 14:34:30"},{"nodeID":"1366533","text":"Default Transition","type":"TA","timestamp":"2023-11-09 14:34:30"},{"nodeID":"1366534","text":"Default Rephrase","type":"MA","timestamp":"2023-11-09 14:34:30"},{"nodeID":"1366535","text":"Restating","type":"YA","timestamp":"2023-11-09 14:34:30"},{"nodeID":"1366536","text":"at no point were any concerns raised","type":"I","timestamp":"2023-11-09 14:34:31"},{"nodeID":"1366537","text":"Jenny Gilruth: At no point were any concerns raised","type":"L","timestamp":"2023-11-09 14:34:31"},{"nodeID":"1366538","text":"Analysing","type":"YA","timestamp":"2023-11-09 14:34:31"},{"nodeID":"1366539","text":"Chris: Jenny Gilruth: At no point were any concerns raised","type":"L","timestamp":"2023-11-09 14:34:31"},{"nodeID":"1366540","text":"Asserting","type":"YA","timestamp":"2023-11-09 14:34:31"},{"nodeID":"1366541","text":"Default Transition","type":"TA","timestamp":"2023-11-09 14:34:31"},{"nodeID":"1366542","text":"the Scottish Government would have listened to Westminster's concerns","type":"I","timestamp":"2023-11-09 14:34:31"},{"nodeID":"1366543","text":"Jenny Gilruth: We would have listened to them","type":"L","timestamp":"2023-11-09 14:34:31"},{"nodeID":"1366544","text":"Analysing","type":"YA","timestamp":"2023-11-09 14:34:31"},{"nodeID":"1366545","text":"Chris: Jenny Gilruth: We would have listened to them","type":"L","timestamp":"2023-11-09 14:34:31"},{"nodeID":"1366546","text":"Default Transition","type":"TA","timestamp":"2023-11-09 14:34:31"},{"nodeID":"1366547","text":"Asserting","type":"YA","timestamp":"2023-11-09 14:34:31"},{"nodeID":"1366548","text":"Default Inference","type":"RA","timestamp":"2023-11-09 14:34:31"},{"nodeID":"1366549","text":"the Scottish Government would have acted in good faith","type":"I","timestamp":"2023-11-09 14:34:32"},{"nodeID":"1366550","text":"Jenny Gilruth: we would have acted in good faith","type":"L","timestamp":"2023-11-09 14:34:32"},{"nodeID":"1366551","text":"Analysing","type":"YA","timestamp":"2023-11-09 14:34:32"},{"nodeID":"1366552","text":"Chris: Jenny Gilruth: we would have acted in good faith","type":"L","timestamp":"2023-11-09 14:34:32"},{"nodeID":"1366553","text":"Asserting","type":"YA","timestamp":"2023-11-09 14:34:32"},{"nodeID":"1366554","text":"Default Transition","type":"TA","timestamp":"2023-11-09 14:34:32"},{"nodeID":"1366555","text":"Arguing","type":"YA","timestamp":"2023-11-09 14:34:32"},{"nodeID":"1366556","text":"drop the Gender Recognition Reform bill or the Westminster Government see the Scottish Government in court","type":"I","timestamp":"2023-11-09 14:34:33"},{"nodeID":"1366557","text":"Jenny Gilruth: the message from Alistair Jack, the Secretary of State of Scotland, was drop the bill or we'll see you in court","type":"L","timestamp":"2023-11-09 14:34:33"},{"nodeID":"1366558","text":"Analysing","type":"YA","timestamp":"2023-11-09 14:34:33"},{"nodeID":"1366559","text":"Chris: Jenny Gilruth: the message from Alistair Jack, the Secretary of State of Scotland, was drop the bill or we'll see you in court","type":"L","timestamp":"2023-11-09 14:34:33"},{"nodeID":"1366560","text":"Default Transition","type":"TA","timestamp":"2023-11-09 14:34:33"},{"nodeID":"1366561","text":"Default Conflict","type":"CA","timestamp":"2023-11-09 14:34:33"},{"nodeID":"1366562","text":"Disagreeing","type":"YA","timestamp":"2023-11-09 14:34:33"},{"nodeID":"1366563","text":"Jenny Gilruth doesn't think that's a an acceptable way for the Secretary of State to behave","type":"I","timestamp":"2023-11-09 14:34:33"},{"nodeID":"1366564","text":"Jenny Gilruth: I don't think that's a an acceptable way for the Secretary of State to behave","type":"L","timestamp":"2023-11-09 14:34:33"},{"nodeID":"1366565","text":"Analysing","type":"YA","timestamp":"2023-11-09 14:34:33"},{"nodeID":"1366566","text":"Chris: Jenny Gilruth: I don't think that's a an acceptable way for the Secretary of State to behave","type":"L","timestamp":"2023-11-09 14:34:33"},{"nodeID":"1366567","text":"Asserting","type":"YA","timestamp":"2023-11-09 14:34:33"},{"nodeID":"1366568","text":"Default Transition","type":"TA","timestamp":"2023-11-09 14:34:33"},{"nodeID":"1366569","text":"Default Conflict","type":"CA","timestamp":"2023-11-09 14:34:33"},{"nodeID":"1366570","text":"Disagreeing","type":"YA","timestamp":"2023-11-09 14:34:33"},{"nodeID":"1366571","text":"Alistair Jack: drop the bill or we'll see you in court","type":"L","timestamp":"2023-11-09 14:34:33"},{"nodeID":"1366572","text":"Analysing","type":"YA","timestamp":"2023-11-09 14:34:33"},{"nodeID":"1366573","text":"Chris: Alistair Jack: drop the bill or we'll see you in court","type":"L","timestamp":"2023-11-09 14:34:33"},{"nodeID":"1366574","text":"Asserting","type":"YA","timestamp":"2023-11-09 14:34:33"},{"nodeID":"1366575","text":"Asserting","type":"YA","timestamp":"2023-11-09 14:34:33"},{"nodeID":"1366576","text":"Default Rephrase","type":"MA","timestamp":"2023-11-09 14:34:33"},{"nodeID":"1366577","text":"Restating","type":"YA","timestamp":"2023-11-09 14:34:33"}],"edges":[{"edgeID":"1787938","fromID":"1366451","toID":"1366450","formEdgeID":null},{"edgeID":"1787939","fromID":"1366452","toID":"1366451","formEdgeID":null},{"edgeID":"1787940","fromID":"1366450","toID":"1366453","formEdgeID":null},{"edgeID":"1787941","fromID":"1366453","toID":"1366449","formEdgeID":null},{"edgeID":"1787942","fromID":"1366456","toID":"1366455","formEdgeID":null},{"edgeID":"1787943","fromID":"1366457","toID":"1366456","formEdgeID":null},{"edgeID":"1787944","fromID":"1366455","toID":"1366458","formEdgeID":null},{"edgeID":"1787945","fromID":"1366458","toID":"1366454","formEdgeID":null},{"edgeID":"1787946","fromID":"1366450","toID":"1366459","formEdgeID":null},{"edgeID":"1787947","fromID":"1366459","toID":"1366455","formEdgeID":null},{"edgeID":"1787948","fromID":"1366454","toID":"1366460","formEdgeID":null},{"edgeID":"1787949","fromID":"1366460","toID":"1366449","formEdgeID":null},{"edgeID":"1787950","fromID":"1366459","toID":"1366461","formEdgeID":null},{"edgeID":"1787951","fromID":"1366461","toID":"1366460","formEdgeID":null},{"edgeID":"1787952","fromID":"1366464","toID":"1366463","formEdgeID":null},{"edgeID":"1787953","fromID":"1366465","toID":"1366464","formEdgeID":null},{"edgeID":"1787954","fromID":"1366463","toID":"1366466","formEdgeID":null},{"edgeID":"1787955","fromID":"1366466","toID":"1366462","formEdgeID":null},{"edgeID":"1787956","fromID":"1366455","toID":"1366467","formEdgeID":null},{"edgeID":"1787957","fromID":"1366467","toID":"1366463","formEdgeID":null},{"edgeID":"1787958","fromID":"1366462","toID":"1366468","formEdgeID":null},{"edgeID":"1787959","fromID":"1366468","toID":"1366454","formEdgeID":null},{"edgeID":"1787960","fromID":"1366467","toID":"1366469","formEdgeID":null},{"edgeID":"1787961","fromID":"1366469","toID":"1366468","formEdgeID":null},{"edgeID":"1787962","fromID":"1366472","toID":"1366471","formEdgeID":null},{"edgeID":"1787963","fromID":"1366473","toID":"1366472","formEdgeID":null},{"edgeID":"1787964","fromID":"1366471","toID":"1366474","formEdgeID":null},{"edgeID":"1787965","fromID":"1366474","toID":"1366470","formEdgeID":null},{"edgeID":"1787966","fromID":"1366463","toID":"1366475","formEdgeID":null},{"edgeID":"1787967","fromID":"1366475","toID":"1366471","formEdgeID":null},{"edgeID":"1787968","fromID":"1366470","toID":"1366476","formEdgeID":null},{"edgeID":"1787969","fromID":"1366476","toID":"1366462","formEdgeID":null},{"edgeID":"1787970","fromID":"1366475","toID":"1366477","formEdgeID":null},{"edgeID":"1787971","fromID":"1366477","toID":"1366476","formEdgeID":null},{"edgeID":"1787972","fromID":"1366480","toID":"1366479","formEdgeID":null},{"edgeID":"1787973","fromID":"1366481","toID":"1366480","formEdgeID":null},{"edgeID":"1787974","fromID":"1366479","toID":"1366482","formEdgeID":null},{"edgeID":"1787975","fromID":"1366482","toID":"1366478","formEdgeID":null},{"edgeID":"1787976","fromID":"1366471","toID":"1366483","formEdgeID":null},{"edgeID":"1787977","fromID":"1366483","toID":"1366479","formEdgeID":null},{"edgeID":"1787978","fromID":"1366478","toID":"1366484","formEdgeID":null},{"edgeID":"1787979","fromID":"1366484","toID":"1366470","formEdgeID":null},{"edgeID":"1787980","fromID":"1366483","toID":"1366485","formEdgeID":null},{"edgeID":"1787981","fromID":"1366485","toID":"1366484","formEdgeID":null},{"edgeID":"1787982","fromID":"1366488","toID":"1366487","formEdgeID":null},{"edgeID":"1787983","fromID":"1366489","toID":"1366488","formEdgeID":null},{"edgeID":"1787984","fromID":"1366487","toID":"1366490","formEdgeID":null},{"edgeID":"1787985","fromID":"1366490","toID":"1366486","formEdgeID":null},{"edgeID":"1787986","fromID":"1366479","toID":"1366491","formEdgeID":null},{"edgeID":"1787987","fromID":"1366491","toID":"1366487","formEdgeID":null},{"edgeID":"1787988","fromID":"1366494","toID":"1366493","formEdgeID":null},{"edgeID":"1787989","fromID":"1366495","toID":"1366494","formEdgeID":null},{"edgeID":"1787990","fromID":"1366493","toID":"1366496","formEdgeID":null},{"edgeID":"1787991","fromID":"1366496","toID":"1366492","formEdgeID":null},{"edgeID":"1787992","fromID":"1366487","toID":"1366497","formEdgeID":null},{"edgeID":"1787993","fromID":"1366497","toID":"1366493","formEdgeID":null},{"edgeID":"1787994","fromID":"1366492","toID":"1366498","formEdgeID":null},{"edgeID":"1787995","fromID":"1366498","toID":"1366486","formEdgeID":null},{"edgeID":"1787996","fromID":"1366497","toID":"1366499","formEdgeID":null},{"edgeID":"1787997","fromID":"1366499","toID":"1366498","formEdgeID":null},{"edgeID":"1787998","fromID":"1366502","toID":"1366501","formEdgeID":null},{"edgeID":"1787999","fromID":"1366503","toID":"1366502","formEdgeID":null},{"edgeID":"1788000","fromID":"1366501","toID":"1366504","formEdgeID":null},{"edgeID":"1788001","fromID":"1366504","toID":"1366500","formEdgeID":null},{"edgeID":"1788002","fromID":"1366493","toID":"1366505","formEdgeID":null},{"edgeID":"1788003","fromID":"1366505","toID":"1366501","formEdgeID":null},{"edgeID":"1788004","fromID":"1366508","toID":"1366507","formEdgeID":null},{"edgeID":"1788005","fromID":"1366509","toID":"1366508","formEdgeID":null},{"edgeID":"1788006","fromID":"1366507","toID":"1366510","formEdgeID":null},{"edgeID":"1788007","fromID":"1366510","toID":"1366506","formEdgeID":null},{"edgeID":"1788008","fromID":"1366501","toID":"1366511","formEdgeID":null},{"edgeID":"1788009","fromID":"1366511","toID":"1366507","formEdgeID":null},{"edgeID":"1788010","fromID":"1366506","toID":"1366512","formEdgeID":null},{"edgeID":"1788011","fromID":"1366512","toID":"1366500","formEdgeID":null},{"edgeID":"1788012","fromID":"1366511","toID":"1366513","formEdgeID":null},{"edgeID":"1788013","fromID":"1366513","toID":"1366512","formEdgeID":null},{"edgeID":"1788014","fromID":"1366516","toID":"1366515","formEdgeID":null},{"edgeID":"1788015","fromID":"1366517","toID":"1366516","formEdgeID":null},{"edgeID":"1788016","fromID":"1366515","toID":"1366518","formEdgeID":null},{"edgeID":"1788017","fromID":"1366518","toID":"1366514","formEdgeID":null},{"edgeID":"1788018","fromID":"1366507","toID":"1366519","formEdgeID":null},{"edgeID":"1788019","fromID":"1366519","toID":"1366515","formEdgeID":null},{"edgeID":"1788020","fromID":"1366522","toID":"1366521","formEdgeID":null},{"edgeID":"1788021","fromID":"1366523","toID":"1366522","formEdgeID":null},{"edgeID":"1788022","fromID":"1366521","toID":"1366524","formEdgeID":null},{"edgeID":"1788023","fromID":"1366524","toID":"1366520","formEdgeID":null},{"edgeID":"1788024","fromID":"1366515","toID":"1366525","formEdgeID":null},{"edgeID":"1788025","fromID":"1366525","toID":"1366521","formEdgeID":null},{"edgeID":"1788026","fromID":"1366520","toID":"1366526","formEdgeID":null},{"edgeID":"1788027","fromID":"1366526","toID":"1366514","formEdgeID":null},{"edgeID":"1788028","fromID":"1366525","toID":"1366527","formEdgeID":null},{"edgeID":"1788029","fromID":"1366527","toID":"1366526","formEdgeID":null},{"edgeID":"1788030","fromID":"1366530","toID":"1366529","formEdgeID":null},{"edgeID":"1788031","fromID":"1366531","toID":"1366530","formEdgeID":null},{"edgeID":"1788032","fromID":"1366529","toID":"1366532","formEdgeID":null},{"edgeID":"1788033","fromID":"1366532","toID":"1366528","formEdgeID":null},{"edgeID":"1788034","fromID":"1366521","toID":"1366533","formEdgeID":null},{"edgeID":"1788035","fromID":"1366533","toID":"1366529","formEdgeID":null},{"edgeID":"1788036","fromID":"1366528","toID":"1366534","formEdgeID":null},{"edgeID":"1788037","fromID":"1366534","toID":"1366520","formEdgeID":null},{"edgeID":"1788038","fromID":"1366533","toID":"1366535","formEdgeID":null},{"edgeID":"1788039","fromID":"1366535","toID":"1366534","formEdgeID":null},{"edgeID":"1788040","fromID":"1366538","toID":"1366537","formEdgeID":null},{"edgeID":"1788041","fromID":"1366539","toID":"1366538","formEdgeID":null},{"edgeID":"1788042","fromID":"1366537","toID":"1366540","formEdgeID":null},{"edgeID":"1788043","fromID":"1366540","toID":"1366536","formEdgeID":null},{"edgeID":"1788044","fromID":"1366529","toID":"1366541","formEdgeID":null},{"edgeID":"1788045","fromID":"1366541","toID":"1366537","formEdgeID":null},{"edgeID":"1788046","fromID":"1366544","toID":"1366543","formEdgeID":null},{"edgeID":"1788047","fromID":"1366545","toID":"1366544","formEdgeID":null},{"edgeID":"1788048","fromID":"1366537","toID":"1366546","formEdgeID":null},{"edgeID":"1788049","fromID":"1366546","toID":"1366543","formEdgeID":null},{"edgeID":"1788050","fromID":"1366543","toID":"1366547","formEdgeID":null},{"edgeID":"1788051","fromID":"1366547","toID":"1366542","formEdgeID":null},{"edgeID":"1788052","fromID":"1366536","toID":"1366548","formEdgeID":null},{"edgeID":"1788053","fromID":"1366548","toID":"1366528","formEdgeID":null},{"edgeID":"1788054","fromID":"1366542","toID":"1366548","formEdgeID":null},{"edgeID":"1788055","fromID":"1366551","toID":"1366550","formEdgeID":null},{"edgeID":"1788056","fromID":"1366552","toID":"1366551","formEdgeID":null},{"edgeID":"1788057","fromID":"1366550","toID":"1366553","formEdgeID":null},{"edgeID":"1788058","fromID":"1366553","toID":"1366549","formEdgeID":null},{"edgeID":"1788059","fromID":"1366543","toID":"1366554","formEdgeID":null},{"edgeID":"1788060","fromID":"1366554","toID":"1366550","formEdgeID":null},{"edgeID":"1788061","fromID":"1366549","toID":"1366548","formEdgeID":null},{"edgeID":"1788062","fromID":"1366554","toID":"1366555","formEdgeID":null},{"edgeID":"1788063","fromID":"1366555","toID":"1366548","formEdgeID":null},{"edgeID":"1788064","fromID":"1366558","toID":"1366557","formEdgeID":null},{"edgeID":"1788065","fromID":"1366559","toID":"1366558","formEdgeID":null},{"edgeID":"1788066","fromID":"1366550","toID":"1366560","formEdgeID":null},{"edgeID":"1788067","fromID":"1366560","toID":"1366557","formEdgeID":null},{"edgeID":"1788068","fromID":"1366556","toID":"1366561","formEdgeID":null},{"edgeID":"1788069","fromID":"1366561","toID":"1366549","formEdgeID":null},{"edgeID":"1788070","fromID":"1366560","toID":"1366562","formEdgeID":null},{"edgeID":"1788071","fromID":"1366562","toID":"1366561","formEdgeID":null},{"edgeID":"1788072","fromID":"1366565","toID":"1366564","formEdgeID":null},{"edgeID":"1788073","fromID":"1366566","toID":"1366565","formEdgeID":null},{"edgeID":"1788074","fromID":"1366564","toID":"1366567","formEdgeID":null},{"edgeID":"1788075","fromID":"1366567","toID":"1366563","formEdgeID":null},{"edgeID":"1788076","fromID":"1366557","toID":"1366568","formEdgeID":null},{"edgeID":"1788077","fromID":"1366568","toID":"1366564","formEdgeID":null},{"edgeID":"1788078","fromID":"1366563","toID":"1366569","formEdgeID":null},{"edgeID":"1788079","fromID":"1366569","toID":"1366556","formEdgeID":null},{"edgeID":"1788080","fromID":"1366568","toID":"1366570","formEdgeID":null},{"edgeID":"1788081","fromID":"1366570","toID":"1366569","formEdgeID":null},{"edgeID":"1788082","fromID":"1366572","toID":"1366571","formEdgeID":null},{"edgeID":"1788083","fromID":"1366573","toID":"1366572","formEdgeID":null},{"edgeID":"1788084","fromID":"1366571","toID":"1366574","formEdgeID":null},{"edgeID":"1788085","fromID":"1366574","toID":"1366556","formEdgeID":null},{"edgeID":"1788086","fromID":"1366557","toID":"1366575","formEdgeID":null},{"edgeID":"1788087","fromID":"1366575","toID":"1366571","formEdgeID":null},{"edgeID":"1788088","fromID":"1366486","toID":"1366576","formEdgeID":null},{"edgeID":"1788089","fromID":"1366576","toID":"1366478","formEdgeID":null},{"edgeID":"1788090","fromID":"1366491","toID":"1366577","formEdgeID":null},{"edgeID":"1788091","fromID":"1366577","toID":"1366576","formEdgeID":null}],"locutions":[]}