{"nodes":[{"nodeID":"1381924","text":"Fiona Bruce: That's the question","type":"L","timestamp":"2023-11-09 14:56:18"},{"nodeID":"1381925","text":"xxx is the solution","type":"I","timestamp":"2023-11-09 14:56:18"},{"nodeID":"1381926","text":"Fiona Bruce: What's the solution","type":"L","timestamp":"2023-11-09 14:56:18"},{"nodeID":"1381927","text":"Analysing","type":"YA","timestamp":"2023-11-09 14:56:18"},{"nodeID":"1381928","text":"Anon: Fiona Bruce: What's the solution","type":"L","timestamp":"2023-11-09 14:56:18"},{"nodeID":"1381929","text":"Pure Questioning","type":"YA","timestamp":"2023-11-09 14:56:18"},{"nodeID":"1381930","text":"Analysing","type":"YA","timestamp":"2023-11-09 14:56:18"},{"nodeID":"1381931","text":"Anon: Fiona Bruce: That's the question","type":"L","timestamp":"2023-11-09 14:56:18"},{"nodeID":"1381932","text":"xxx is what John Lamont thinks the solution is","type":"I","timestamp":"2023-11-09 14:56:19"},{"nodeID":"1381933","text":"Fiona Bruce: what do you think the solution is","type":"L","timestamp":"2023-11-09 14:56:19"},{"nodeID":"1381934","text":"Analysing","type":"YA","timestamp":"2023-11-09 14:56:19"},{"nodeID":"1381935","text":"Anon: Fiona Bruce: what do you think the solution is","type":"L","timestamp":"2023-11-09 14:56:19"},{"nodeID":"1381936","text":"Asserting","type":"YA","timestamp":"2023-11-09 14:56:19"},{"nodeID":"1381937","text":"Default Transition","type":"TA","timestamp":"2023-11-09 14:56:19"},{"nodeID":"1381938","text":"Default Rephrase","type":"MA","timestamp":"2023-11-09 14:56:19"},{"nodeID":"1381939","text":"Default Transition","type":"TA","timestamp":"2023-11-09 14:56:19"},{"nodeID":"1381940","text":"Restating","type":"YA","timestamp":"2023-11-09 14:56:19"},{"nodeID":"1381941","text":"the war in Ukraine is driving up gas and energy prices","type":"I","timestamp":"2023-11-09 14:56:20"},{"nodeID":"1381942","text":"John Lamont: The war in Ukraine is driving up gas and energy prices","type":"L","timestamp":"2023-11-09 14:56:20"},{"nodeID":"1381943","text":"Analysing","type":"YA","timestamp":"2023-11-09 14:56:20"},{"nodeID":"1381944","text":"Anon: John Lamont: The war in Ukraine is driving up gas and energy prices","type":"L","timestamp":"2023-11-09 14:56:20"},{"nodeID":"1381945","text":"Asserting","type":"YA","timestamp":"2023-11-09 14:56:20"},{"nodeID":"1381946","text":"Default Transition","type":"TA","timestamp":"2023-11-09 14:56:20"},{"nodeID":"1381947","text":"we need to make sure that the forces of Putin are pushed back","type":"I","timestamp":"2023-11-09 14:56:20"},{"nodeID":"1381948","text":"John Lamont: We need to make sure that the forces of Putin are pushed back","type":"L","timestamp":"2023-11-09 14:56:20"},{"nodeID":"1381949","text":"Analysing","type":"YA","timestamp":"2023-11-09 14:56:20"},{"nodeID":"1381950","text":"Anon: John Lamont: We need to make sure that the forces of Putin are pushed back","type":"L","timestamp":"2023-11-09 14:56:20"},{"nodeID":"1381951","text":"Asserting","type":"YA","timestamp":"2023-11-09 14:56:20"},{"nodeID":"1381952","text":"supporting the Ukrainian government is so important","type":"I","timestamp":"2023-11-09 14:56:21"},{"nodeID":"1381953","text":"John Lamont: supporting the Ukrainian government is so important","type":"L","timestamp":"2023-11-09 14:56:21"},{"nodeID":"1381954","text":"Analysing","type":"YA","timestamp":"2023-11-09 14:56:21"},{"nodeID":"1381955","text":"Anon: John Lamont: supporting the Ukrainian government is so important.","type":"L","timestamp":"2023-11-09 14:56:21"},{"nodeID":"1381956","text":"Asserting","type":"YA","timestamp":"2023-11-09 14:56:21"},{"nodeID":"1381957","text":"Default Inference","type":"RA","timestamp":"2023-11-09 14:56:21"},{"nodeID":"1381958","text":"Default Transition","type":"TA","timestamp":"2023-11-09 14:56:21"},{"nodeID":"1381959","text":"Arguing","type":"YA","timestamp":"2023-11-09 14:56:21"},{"nodeID":"1381960","text":"Default Inference","type":"RA","timestamp":"2023-11-09 14:56:21"},{"nodeID":"1381961","text":"Default Transition","type":"TA","timestamp":"2023-11-09 14:56:21"},{"nodeID":"1381962","text":"Arguing","type":"YA","timestamp":"2023-11-09 14:56:21"},{"nodeID":"1381963","text":"the Bank of England is taking action to address the rate of inflation","type":"I","timestamp":"2023-11-09 14:56:21"},{"nodeID":"1381964","text":"John Lamont: The Bank of England is taking action to address the rate of inflation","type":"L","timestamp":"2023-11-09 14:56:21"},{"nodeID":"1381965","text":"Analysing","type":"YA","timestamp":"2023-11-09 14:56:21"},{"nodeID":"1381966","text":"Anon: John Lamont: The Bank of England is taking action to address the rate of inflation","type":"L","timestamp":"2023-11-09 14:56:21"},{"nodeID":"1381967","text":"Asserting","type":"YA","timestamp":"2023-11-09 14:56:21"},{"nodeID":"1381968","text":"addressing the rate of inflation will ensure the core of the economy is sound","type":"I","timestamp":"2023-11-09 14:56:22"},{"nodeID":"1381969","text":"John Lamont: will ensure, again, the core of the economy is sound","type":"L","timestamp":"2023-11-09 14:56:22"},{"nodeID":"1381970","text":"Analysing","type":"YA","timestamp":"2023-11-09 14:56:22"},{"nodeID":"1381971","text":"Anon: John Lamont: will ensure, again, the core of the economy is sound","type":"L","timestamp":"2023-11-09 14:56:22"},{"nodeID":"1381972","text":"Asserting","type":"YA","timestamp":"2023-11-09 14:56:22"},{"nodeID":"1381973","text":"cutting inflation","type":"I","timestamp":"2023-11-09 14:56:23"},{"nodeID":"1381974","text":"John Lamont: By cutting inflation","type":"L","timestamp":"2023-11-09 14:56:23"},{"nodeID":"1381975","text":"Analysing","type":"YA","timestamp":"2023-11-09 14:56:23"},{"nodeID":"1381976","text":"Anon: John Lamont: By cutting inflation","type":"L","timestamp":"2023-11-09 14:56:23"},{"nodeID":"1381977","text":"Asserting","type":"YA","timestamp":"2023-11-09 14:56:23"},{"nodeID":"1381978","text":"cutting inflation is the best tax cut","type":"I","timestamp":"2023-11-09 14:56:23"},{"nodeID":"1381979","text":"John Lamont: that's the best tax cut","type":"L","timestamp":"2023-11-09 14:56:23"},{"nodeID":"1381980","text":"Analysing","type":"YA","timestamp":"2023-11-09 14:56:23"},{"nodeID":"1381981","text":"Anon: John Lamont: that's the best tax cut","type":"L","timestamp":"2023-11-09 14:56:23"},{"nodeID":"1381982","text":"Asserting","type":"YA","timestamp":"2023-11-09 14:56:23"},{"nodeID":"1381983","text":"the UK government has put in range a whole range of measures to support the rises of living generally","type":"I","timestamp":"2023-11-09 14:56:24"},{"nodeID":"1381984","text":"John Lamont: The UK government has put in range a whole range of measures to support the rises of living generally","type":"L","timestamp":"2023-11-09 14:56:24"},{"nodeID":"1381985","text":"Analysing","type":"YA","timestamp":"2023-11-09 14:56:24"},{"nodeID":"1381986","text":"Anon: John Lamont: The UK government has put in range a whole range of measures to support the rises of living generally","type":"L","timestamp":"2023-11-09 14:56:24"},{"nodeID":"1381987","text":"Asserting","type":"YA","timestamp":"2023-11-09 14:56:24"},{"nodeID":"1381988","text":"a whole range of measures ensures that we protect the growth that we have","type":"I","timestamp":"2023-11-09 14:56:24"},{"nodeID":"1381989","text":"John Lamont: Ensuring that we protect the growth that we have","type":"L","timestamp":"2023-11-09 14:56:24"},{"nodeID":"1381990","text":"Analysing","type":"YA","timestamp":"2023-11-09 14:56:24"},{"nodeID":"1381991","text":"Anon: John Lamont: Ensuring that we protect the growth that we have","type":"L","timestamp":"2023-11-09 14:56:24"},{"nodeID":"1381992","text":"Asserting","type":"YA","timestamp":"2023-11-09 14:56:24"},{"nodeID":"1381993","text":"Default Transition","type":"TA","timestamp":"2023-11-09 14:56:24"},{"nodeID":"1381994","text":"Default Transition","type":"TA","timestamp":"2023-11-09 14:56:24"},{"nodeID":"1381995","text":"Default Inference","type":"RA","timestamp":"2023-11-09 14:56:24"},{"nodeID":"1381996","text":"Arguing","type":"YA","timestamp":"2023-11-09 14:56:24"},{"nodeID":"1381997","text":"Default Rephrase","type":"MA","timestamp":"2023-11-09 14:56:24"},{"nodeID":"1381998","text":"Default Transition","type":"TA","timestamp":"2023-11-09 14:56:24"},{"nodeID":"1381999","text":"Restating","type":"YA","timestamp":"2023-11-09 14:56:24"},{"nodeID":"1382000","text":"Default Transition","type":"TA","timestamp":"2023-11-09 14:56:24"},{"nodeID":"1382001","text":"Default Transition","type":"TA","timestamp":"2023-11-09 14:56:24"},{"nodeID":"1382002","text":"Default Transition","type":"TA","timestamp":"2023-11-09 14:56:24"},{"nodeID":"1382003","text":"our growth isn't sound at the moment","type":"I","timestamp":"2023-11-09 14:56:25"},{"nodeID":"1382004","text":"Fiona Bruce: The IMF doesn't think it is sound at the moment","type":"L","timestamp":"2023-11-09 14:56:25"},{"nodeID":"1382005","text":"Analysing","type":"YA","timestamp":"2023-11-09 14:56:25"},{"nodeID":"1382006","text":"Anon: Fiona Bruce: The IMF doesn't think it is sound at the moment","type":"L","timestamp":"2023-11-09 14:56:25"},{"nodeID":"1382007","text":"Default Conflict","type":"CA","timestamp":"2023-11-09 14:56:25"},{"nodeID":"1382008","text":"Default Transition","type":"TA","timestamp":"2023-11-09 14:56:25"},{"nodeID":"1382009","text":"Disagreeing","type":"YA","timestamp":"2023-11-09 14:56:25"},{"nodeID":"1382010","text":"IMF : our growth isn't sound at the moment","type":"L","timestamp":"2023-11-09 14:56:25"},{"nodeID":"1382011","text":"Analysing","type":"YA","timestamp":"2023-11-09 14:56:25"},{"nodeID":"1382012","text":"Anon: IMF : the IMF doesn't think our growth is sound at the moment","type":"L","timestamp":"2023-11-09 14:56:25"},{"nodeID":"1382013","text":"Asserting","type":"YA","timestamp":"2023-11-09 14:56:25"},{"nodeID":"1382014","text":"Asserting","type":"YA","timestamp":"2023-11-09 14:56:25"},{"nodeID":"1382015","text":"the IMF have not always been accurate","type":"I","timestamp":"2023-11-09 14:56:26"},{"nodeID":"1382016","text":"John Lamont: The IMF have not always been accurate","type":"L","timestamp":"2023-11-09 14:56:26"},{"nodeID":"1382017","text":"Analysing","type":"YA","timestamp":"2023-11-09 14:56:26"},{"nodeID":"1382018","text":"Anon: John Lamont: The IMF have not always been accurate","type":"L","timestamp":"2023-11-09 14:56:26"},{"nodeID":"1382019","text":"Asserting","type":"YA","timestamp":"2023-11-09 14:56:26"},{"nodeID":"1382020","text":"Default Conflict","type":"CA","timestamp":"2023-11-09 14:56:26"},{"nodeID":"1382021","text":"Default Transition","type":"TA","timestamp":"2023-11-09 14:56:26"},{"nodeID":"1382022","text":"Disagreeing","type":"YA","timestamp":"2023-11-09 14:56:26"},{"nodeID":"1382023","text":"what John Lamont forgot to mention was his colleagues crashed the economy six months ago","type":"I","timestamp":"2023-11-09 14:56:26"},{"nodeID":"1382024","text":"Ian Murray: What John forgot to mention was his colleagues crashed the economy six months ago","type":"L","timestamp":"2023-11-09 14:56:26"},{"nodeID":"1382025","text":"Analysing","type":"YA","timestamp":"2023-11-09 14:56:26"},{"nodeID":"1382026","text":"Anon: Ian Murray: What John forgot to mention was his colleagues crashed the economy six months ago","type":"L","timestamp":"2023-11-09 14:56:26"},{"nodeID":"1382027","text":"Asserting","type":"YA","timestamp":"2023-11-09 14:56:26"},{"nodeID":"1382028","text":"Default Conflict","type":"CA","timestamp":"2023-11-09 14:56:26"},{"nodeID":"1382029","text":"Default Transition","type":"TA","timestamp":"2023-11-09 14:56:26"},{"nodeID":"1382030","text":"Disagreeing","type":"YA","timestamp":"2023-11-09 14:56:26"},{"nodeID":"1382031","text":"everyone here is paying for the Tory government crashing the economy","type":"I","timestamp":"2023-11-09 14:56:27"},{"nodeID":"1382032","text":"Ian Murray: Everyone here is paying for it","type":"L","timestamp":"2023-11-09 14:56:27"},{"nodeID":"1382033","text":"Analysing","type":"YA","timestamp":"2023-11-09 14:56:27"},{"nodeID":"1382034","text":"Anon: Ian Murray: Everyone here is paying for it","type":"L","timestamp":"2023-11-09 14:56:27"},{"nodeID":"1382035","text":"Asserting","type":"YA","timestamp":"2023-11-09 14:56:27"},{"nodeID":"1382036","text":"Default Transition","type":"TA","timestamp":"2023-11-09 14:56:27"},{"nodeID":"1382037","text":"there was a statistic that came out the other day","type":"I","timestamp":"2023-11-09 14:56:27"},{"nodeID":"1382038","text":"Ian Murray: There was a statistic that came out the other day","type":"L","timestamp":"2023-11-09 14:56:27"},{"nodeID":"1382039","text":"Analysing","type":"YA","timestamp":"2023-11-09 14:56:27"},{"nodeID":"1382040","text":"Anon: Ian Murray: There was a statistic that came out the other day","type":"L","timestamp":"2023-11-09 14:56:27"},{"nodeID":"1382041","text":"Asserting","type":"YA","timestamp":"2023-11-09 14:56:27"},{"nodeID":"1382042","text":"during the previous Labour government the UK managed to get 8 percent of all global inward investment","type":"I","timestamp":"2023-11-09 14:56:28"},{"nodeID":"1382043","text":"Ian Murray: during the previous Labour government the UK managed to get 8 percent of all global inward investment","type":"L","timestamp":"2023-11-09 14:56:28"},{"nodeID":"1382044","text":"Analysing","type":"YA","timestamp":"2023-11-09 14:56:28"},{"nodeID":"1382045","text":"Anon: Ian Murray: during the previous Labour government the UK managed to get 8 percent of all global inward investment","type":"L","timestamp":"2023-11-09 14:56:28"},{"nodeID":"1382046","text":"Asserting","type":"YA","timestamp":"2023-11-09 14:56:28"},{"nodeID":"1382047","text":"last year global inward investment was 1.2 percent","type":"I","timestamp":"2023-11-09 14:56:29"},{"nodeID":"1382048","text":"Ian Murray: last year it was 1.2 percent","type":"L","timestamp":"2023-11-09 14:56:29"},{"nodeID":"1382049","text":"Analysing","type":"YA","timestamp":"2023-11-09 14:56:29"},{"nodeID":"1382050","text":"Anon: Ian Murray: last year it was 1.2 percent","type":"L","timestamp":"2023-11-09 14:56:29"},{"nodeID":"1382051","text":"Asserting","type":"YA","timestamp":"2023-11-09 14:56:29"},{"nodeID":"1382052","text":"we have gone through 12 years of stagnation in wages","type":"I","timestamp":"2023-11-09 14:56:29"},{"nodeID":"1382053","text":"Ian Murray: We have gone through 12 years of stagnation in wages","type":"L","timestamp":"2023-11-09 14:56:29"},{"nodeID":"1382054","text":"Analysing","type":"YA","timestamp":"2023-11-09 14:56:29"},{"nodeID":"1382055","text":"Anon: Ian Murray: We have gone through 12 years of stagnation in wages","type":"L","timestamp":"2023-11-09 14:56:29"},{"nodeID":"1382056","text":"Asserting","type":"YA","timestamp":"2023-11-09 14:56:29"},{"nodeID":"1382057","text":"Default Transition","type":"TA","timestamp":"2023-11-09 14:56:29"},{"nodeID":"1382058","text":"Default Rephrase","type":"MA","timestamp":"2023-11-09 14:56:29"},{"nodeID":"1382059","text":"Default Rephrase","type":"MA","timestamp":"2023-11-09 14:56:29"},{"nodeID":"1382060","text":"Default Transition","type":"TA","timestamp":"2023-11-09 14:56:29"},{"nodeID":"1382061","text":"Restating","type":"YA","timestamp":"2023-11-09 14:56:29"},{"nodeID":"1382062","text":"Default Transition","type":"TA","timestamp":"2023-11-09 14:56:29"},{"nodeID":"1382063","text":"Restating","type":"YA","timestamp":"2023-11-09 14:56:29"},{"nodeID":"1382064","text":"Default Transition","type":"TA","timestamp":"2023-11-09 14:56:29"},{"nodeID":"1382065","text":"we have gone through 12 years of pretty much no growth in this country","type":"I","timestamp":"2023-11-09 14:56:30"},{"nodeID":"1382066","text":"Ian Murray: we have gone through 12 years of pretty much no growth in this country","type":"L","timestamp":"2023-11-09 14:56:30"},{"nodeID":"1382067","text":"Analysing","type":"YA","timestamp":"2023-11-09 14:56:30"},{"nodeID":"1382068","text":"Anon: Ian Murray: we have gone through 12 years of pretty much no growth in this country","type":"L","timestamp":"2023-11-09 14:56:30"},{"nodeID":"1382069","text":"Asserting","type":"YA","timestamp":"2023-11-09 14:56:30"},{"nodeID":"1382070","text":"the government can't find a way of developing that growth and getting growth","type":"I","timestamp":"2023-11-09 14:56:30"},{"nodeID":"1382071","text":"Ian Murray: until the government can find a way of developing that growth and getting growth","type":"L","timestamp":"2023-11-09 14:56:30"},{"nodeID":"1382072","text":"Analysing","type":"YA","timestamp":"2023-11-09 14:56:30"},{"nodeID":"1382073","text":"Anon: Ian Murray: until the government can find a way of developing that growth and getting growth","type":"L","timestamp":"2023-11-09 14:56:30"},{"nodeID":"1382074","text":"Asserting","type":"YA","timestamp":"2023-11-09 14:56:30"},{"nodeID":"1382075","text":"we will never get out of this problem that we have","type":"I","timestamp":"2023-11-09 14:56:31"},{"nodeID":"1382076","text":"Ian Murray: we will never get out of this problem that we have","type":"L","timestamp":"2023-11-09 14:56:31"},{"nodeID":"1382077","text":"Analysing","type":"YA","timestamp":"2023-11-09 14:56:31"},{"nodeID":"1382078","text":"Anon: Ian Murray: we will never get out of this problem that we have","type":"L","timestamp":"2023-11-09 14:56:31"},{"nodeID":"1382079","text":"Asserting","type":"YA","timestamp":"2023-11-09 14:56:31"},{"nodeID":"1382080","text":"we have the highest inflation in years","type":"I","timestamp":"2023-11-09 14:56:32"},{"nodeID":"1382081","text":"Ian Murray: We have the highest inflation in years","type":"L","timestamp":"2023-11-09 14:56:32"},{"nodeID":"1382082","text":"Analysing","type":"YA","timestamp":"2023-11-09 14:56:32"},{"nodeID":"1382083","text":"Anon: Ian Murray: We have the highest inflation in years","type":"L","timestamp":"2023-11-09 14:56:32"},{"nodeID":"1382084","text":"Asserting","type":"YA","timestamp":"2023-11-09 14:56:32"},{"nodeID":"1382085","text":"the biggest fall since records began","type":"I","timestamp":"2023-11-09 14:56:32"},{"nodeID":"1382086","text":"Ian Murray: the biggest fall since records began","type":"L","timestamp":"2023-11-09 14:56:32"},{"nodeID":"1382087","text":"Analysing","type":"YA","timestamp":"2023-11-09 14:56:32"},{"nodeID":"1382088","text":"Anon: Ian Murray: the biggest fall since records began","type":"L","timestamp":"2023-11-09 14:56:32"},{"nodeID":"1382089","text":"Asserting","type":"YA","timestamp":"2023-11-09 14:56:32"},{"nodeID":"1382090","text":"the highest tax burden","type":"I","timestamp":"2023-11-09 14:56:33"},{"nodeID":"1382091","text":"Ian Murray: the highest tax burden","type":"L","timestamp":"2023-11-09 14:56:33"},{"nodeID":"1382092","text":"Analysing","type":"YA","timestamp":"2023-11-09 14:56:33"},{"nodeID":"1382093","text":"Anon: Ian Murray: the highest tax burden","type":"L","timestamp":"2023-11-09 14:56:33"},{"nodeID":"1382094","text":"Asserting","type":"YA","timestamp":"2023-11-09 14:56:33"},{"nodeID":"1382095","text":"Default Rephrase","type":"MA","timestamp":"2023-11-09 14:56:33"},{"nodeID":"1382096","text":"Default Rephrase","type":"MA","timestamp":"2023-11-09 14:56:33"},{"nodeID":"1382097","text":"Default Rephrase","type":"MA","timestamp":"2023-11-09 14:56:33"},{"nodeID":"1382098","text":"Default Transition","type":"TA","timestamp":"2023-11-09 14:56:33"},{"nodeID":"1382099","text":"Default Transition","type":"TA","timestamp":"2023-11-09 14:56:33"},{"nodeID":"1382100","text":"Default Transition","type":"TA","timestamp":"2023-11-09 14:56:33"},{"nodeID":"1382101","text":"Restating","type":"YA","timestamp":"2023-11-09 14:56:33"},{"nodeID":"1382102","text":"Restating","type":"YA","timestamp":"2023-11-09 14:56:33"},{"nodeID":"1382103","text":"Restating","type":"YA","timestamp":"2023-11-09 14:56:33"},{"nodeID":"1382104","text":"Asserting","type":"YA","timestamp":"2023-11-09 14:56:33"},{"nodeID":"1382105","text":"Default Rephrase","type":"MA","timestamp":"2023-11-09 14:56:33"},{"nodeID":"1382106","text":"Restating","type":"YA","timestamp":"2023-11-09 14:56:33"},{"nodeID":"1382107","text":"Default Transition","type":"TA","timestamp":"2023-11-09 14:56:33"},{"nodeID":"1382108","text":"Default Rephrase","type":"MA","timestamp":"2023-11-09 14:56:33"},{"nodeID":"1382109","text":"Restating","type":"YA","timestamp":"2023-11-09 14:56:33"},{"nodeID":"1382110","text":"Default Inference","type":"RA","timestamp":"2023-11-09 14:56:33"},{"nodeID":"1382111","text":"Default Transition","type":"TA","timestamp":"2023-11-09 14:56:33"},{"nodeID":"1382112","text":"Arguing","type":"YA","timestamp":"2023-11-09 14:56:33"},{"nodeID":"1382113","text":"Default Transition","type":"TA","timestamp":"2023-11-09 14:56:33"}],"edges":[{"edgeID":"1806228","fromID":"1381927","toID":"1381926","formEdgeID":null},{"edgeID":"1806229","fromID":"1381928","toID":"1381927","formEdgeID":null},{"edgeID":"1806230","fromID":"1381926","toID":"1381929","formEdgeID":null},{"edgeID":"1806231","fromID":"1381929","toID":"1381925","formEdgeID":null},{"edgeID":"1806232","fromID":"1381930","toID":"1381924","formEdgeID":null},{"edgeID":"1806233","fromID":"1381931","toID":"1381930","formEdgeID":null},{"edgeID":"1806234","fromID":"1381934","toID":"1381933","formEdgeID":null},{"edgeID":"1806235","fromID":"1381935","toID":"1381934","formEdgeID":null},{"edgeID":"1806236","fromID":"1381933","toID":"1381936","formEdgeID":null},{"edgeID":"1806237","fromID":"1381936","toID":"1381932","formEdgeID":null},{"edgeID":"1806238","fromID":"1381926","toID":"1381937","formEdgeID":null},{"edgeID":"1806239","fromID":"1381937","toID":"1381924","formEdgeID":null},{"edgeID":"1806240","fromID":"1381932","toID":"1381938","formEdgeID":null},{"edgeID":"1806241","fromID":"1381938","toID":"1381925","formEdgeID":null},{"edgeID":"1806242","fromID":"1381926","toID":"1381939","formEdgeID":null},{"edgeID":"1806243","fromID":"1381939","toID":"1381933","formEdgeID":null},{"edgeID":"1806244","fromID":"1381939","toID":"1381940","formEdgeID":null},{"edgeID":"1806245","fromID":"1381940","toID":"1381938","formEdgeID":null},{"edgeID":"1806246","fromID":"1381943","toID":"1381942","formEdgeID":null},{"edgeID":"1806247","fromID":"1381944","toID":"1381943","formEdgeID":null},{"edgeID":"1806248","fromID":"1381942","toID":"1381945","formEdgeID":null},{"edgeID":"1806249","fromID":"1381945","toID":"1381941","formEdgeID":null},{"edgeID":"1806250","fromID":"1381933","toID":"1381946","formEdgeID":null},{"edgeID":"1806251","fromID":"1381946","toID":"1381942","formEdgeID":null},{"edgeID":"1806252","fromID":"1381949","toID":"1381948","formEdgeID":null},{"edgeID":"1806253","fromID":"1381950","toID":"1381949","formEdgeID":null},{"edgeID":"1806254","fromID":"1381948","toID":"1381951","formEdgeID":null},{"edgeID":"1806255","fromID":"1381951","toID":"1381947","formEdgeID":null},{"edgeID":"1806256","fromID":"1381954","toID":"1381953","formEdgeID":null},{"edgeID":"1806257","fromID":"1381955","toID":"1381954","formEdgeID":null},{"edgeID":"1806258","fromID":"1381953","toID":"1381956","formEdgeID":null},{"edgeID":"1806259","fromID":"1381956","toID":"1381952","formEdgeID":null},{"edgeID":"1806260","fromID":"1381941","toID":"1381957","formEdgeID":null},{"edgeID":"1806261","fromID":"1381957","toID":"1381947","formEdgeID":null},{"edgeID":"1806262","fromID":"1381942","toID":"1381958","formEdgeID":null},{"edgeID":"1806263","fromID":"1381958","toID":"1381948","formEdgeID":null},{"edgeID":"1806264","fromID":"1381958","toID":"1381959","formEdgeID":null},{"edgeID":"1806265","fromID":"1381959","toID":"1381957","formEdgeID":null},{"edgeID":"1806266","fromID":"1381941","toID":"1381960","formEdgeID":null},{"edgeID":"1806267","fromID":"1381960","toID":"1381952","formEdgeID":null},{"edgeID":"1806268","fromID":"1381942","toID":"1381961","formEdgeID":null},{"edgeID":"1806269","fromID":"1381961","toID":"1381953","formEdgeID":null},{"edgeID":"1806270","fromID":"1381961","toID":"1381962","formEdgeID":null},{"edgeID":"1806271","fromID":"1381962","toID":"1381960","formEdgeID":null},{"edgeID":"1806272","fromID":"1381965","toID":"1381964","formEdgeID":null},{"edgeID":"1806273","fromID":"1381966","toID":"1381965","formEdgeID":null},{"edgeID":"1806274","fromID":"1381964","toID":"1381967","formEdgeID":null},{"edgeID":"1806275","fromID":"1381967","toID":"1381963","formEdgeID":null},{"edgeID":"1806276","fromID":"1381970","toID":"1381969","formEdgeID":null},{"edgeID":"1806277","fromID":"1381971","toID":"1381970","formEdgeID":null},{"edgeID":"1806278","fromID":"1381969","toID":"1381972","formEdgeID":null},{"edgeID":"1806279","fromID":"1381972","toID":"1381968","formEdgeID":null},{"edgeID":"1806280","fromID":"1381975","toID":"1381974","formEdgeID":null},{"edgeID":"1806281","fromID":"1381976","toID":"1381975","formEdgeID":null},{"edgeID":"1806282","fromID":"1381974","toID":"1381977","formEdgeID":null},{"edgeID":"1806283","fromID":"1381977","toID":"1381973","formEdgeID":null},{"edgeID":"1806284","fromID":"1381980","toID":"1381979","formEdgeID":null},{"edgeID":"1806285","fromID":"1381981","toID":"1381980","formEdgeID":null},{"edgeID":"1806286","fromID":"1381979","toID":"1381982","formEdgeID":null},{"edgeID":"1806287","fromID":"1381982","toID":"1381978","formEdgeID":null},{"edgeID":"1806288","fromID":"1381985","toID":"1381984","formEdgeID":null},{"edgeID":"1806289","fromID":"1381986","toID":"1381985","formEdgeID":null},{"edgeID":"1806290","fromID":"1381984","toID":"1381987","formEdgeID":null},{"edgeID":"1806291","fromID":"1381987","toID":"1381983","formEdgeID":null},{"edgeID":"1806292","fromID":"1381990","toID":"1381989","formEdgeID":null},{"edgeID":"1806293","fromID":"1381991","toID":"1381990","formEdgeID":null},{"edgeID":"1806294","fromID":"1381989","toID":"1381992","formEdgeID":null},{"edgeID":"1806295","fromID":"1381992","toID":"1381988","formEdgeID":null},{"edgeID":"1806296","fromID":"1381953","toID":"1381993","formEdgeID":null},{"edgeID":"1806297","fromID":"1381993","toID":"1381964","formEdgeID":null},{"edgeID":"1806298","fromID":"1381964","toID":"1381994","formEdgeID":null},{"edgeID":"1806299","fromID":"1381994","toID":"1381969","formEdgeID":null},{"edgeID":"1806300","fromID":"1381963","toID":"1381995","formEdgeID":null},{"edgeID":"1806301","fromID":"1381995","toID":"1381968","formEdgeID":null},{"edgeID":"1806302","fromID":"1381994","toID":"1381996","formEdgeID":null},{"edgeID":"1806303","fromID":"1381996","toID":"1381995","formEdgeID":null},{"edgeID":"1806304","fromID":"1381978","toID":"1381997","formEdgeID":null},{"edgeID":"1806305","fromID":"1381997","toID":"1381973","formEdgeID":null},{"edgeID":"1806306","fromID":"1381974","toID":"1381998","formEdgeID":null},{"edgeID":"1806307","fromID":"1381998","toID":"1381979","formEdgeID":null},{"edgeID":"1806308","fromID":"1381998","toID":"1381999","formEdgeID":null},{"edgeID":"1806309","fromID":"1381999","toID":"1381997","formEdgeID":null},{"edgeID":"1806310","fromID":"1381969","toID":"1382000","formEdgeID":null},{"edgeID":"1806311","fromID":"1382000","toID":"1381974","formEdgeID":null},{"edgeID":"1806312","fromID":"1381979","toID":"1382001","formEdgeID":null},{"edgeID":"1806313","fromID":"1382001","toID":"1381984","formEdgeID":null},{"edgeID":"1806314","fromID":"1381984","toID":"1382002","formEdgeID":null},{"edgeID":"1806315","fromID":"1382002","toID":"1381989","formEdgeID":null},{"edgeID":"1806316","fromID":"1382005","toID":"1382004","formEdgeID":null},{"edgeID":"1806317","fromID":"1382006","toID":"1382005","formEdgeID":null},{"edgeID":"1806318","fromID":"1382003","toID":"1382007","formEdgeID":null},{"edgeID":"1806319","fromID":"1382007","toID":"1381988","formEdgeID":null},{"edgeID":"1806320","fromID":"1381989","toID":"1382008","formEdgeID":null},{"edgeID":"1806321","fromID":"1382008","toID":"1382004","formEdgeID":null},{"edgeID":"1806322","fromID":"1382008","toID":"1382009","formEdgeID":null},{"edgeID":"1806323","fromID":"1382009","toID":"1382007","formEdgeID":null},{"edgeID":"1806324","fromID":"1382011","toID":"1382010","formEdgeID":null},{"edgeID":"1806325","fromID":"1382012","toID":"1382011","formEdgeID":null},{"edgeID":"1806326","fromID":"1382010","toID":"1382013","formEdgeID":null},{"edgeID":"1806327","fromID":"1382013","toID":"1382003","formEdgeID":null},{"edgeID":"1806328","fromID":"1382004","toID":"1382014","formEdgeID":null},{"edgeID":"1806329","fromID":"1382014","toID":"1382010","formEdgeID":null},{"edgeID":"1806330","fromID":"1382017","toID":"1382016","formEdgeID":null},{"edgeID":"1806331","fromID":"1382018","toID":"1382017","formEdgeID":null},{"edgeID":"1806332","fromID":"1382016","toID":"1382019","formEdgeID":null},{"edgeID":"1806333","fromID":"1382019","toID":"1382015","formEdgeID":null},{"edgeID":"1806334","fromID":"1382015","toID":"1382020","formEdgeID":null},{"edgeID":"1806335","fromID":"1382020","toID":"1382010","formEdgeID":null},{"edgeID":"1806336","fromID":"1382004","toID":"1382021","formEdgeID":null},{"edgeID":"1806337","fromID":"1382021","toID":"1382016","formEdgeID":null},{"edgeID":"1806338","fromID":"1382021","toID":"1382022","formEdgeID":null},{"edgeID":"1806339","fromID":"1382022","toID":"1382020","formEdgeID":null},{"edgeID":"1806340","fromID":"1382025","toID":"1382024","formEdgeID":null},{"edgeID":"1806341","fromID":"1382026","toID":"1382025","formEdgeID":null},{"edgeID":"1806342","fromID":"1382024","toID":"1382027","formEdgeID":null},{"edgeID":"1806343","fromID":"1382027","toID":"1382023","formEdgeID":null},{"edgeID":"1806344","fromID":"1382023","toID":"1382028","formEdgeID":null},{"edgeID":"1806345","fromID":"1382028","toID":"1381983","formEdgeID":null},{"edgeID":"1806346","fromID":"1381984","toID":"1382029","formEdgeID":null},{"edgeID":"1806347","fromID":"1382029","toID":"1382024","formEdgeID":null},{"edgeID":"1806348","fromID":"1382029","toID":"1382030","formEdgeID":null},{"edgeID":"1806349","fromID":"1382030","toID":"1382028","formEdgeID":null},{"edgeID":"1806350","fromID":"1382033","toID":"1382032","formEdgeID":null},{"edgeID":"1806351","fromID":"1382034","toID":"1382033","formEdgeID":null},{"edgeID":"1806352","fromID":"1382032","toID":"1382035","formEdgeID":null},{"edgeID":"1806353","fromID":"1382035","toID":"1382031","formEdgeID":null},{"edgeID":"1806354","fromID":"1382024","toID":"1382036","formEdgeID":null},{"edgeID":"1806355","fromID":"1382036","toID":"1382032","formEdgeID":null},{"edgeID":"1806356","fromID":"1382039","toID":"1382038","formEdgeID":null},{"edgeID":"1806357","fromID":"1382040","toID":"1382039","formEdgeID":null},{"edgeID":"1806358","fromID":"1382038","toID":"1382041","formEdgeID":null},{"edgeID":"1806359","fromID":"1382041","toID":"1382037","formEdgeID":null},{"edgeID":"1806360","fromID":"1382044","toID":"1382043","formEdgeID":null},{"edgeID":"1806361","fromID":"1382045","toID":"1382044","formEdgeID":null},{"edgeID":"1806362","fromID":"1382043","toID":"1382046","formEdgeID":null},{"edgeID":"1806363","fromID":"1382046","toID":"1382042","formEdgeID":null},{"edgeID":"1806364","fromID":"1382049","toID":"1382048","formEdgeID":null},{"edgeID":"1806365","fromID":"1382050","toID":"1382049","formEdgeID":null},{"edgeID":"1806366","fromID":"1382048","toID":"1382051","formEdgeID":null},{"edgeID":"1806367","fromID":"1382051","toID":"1382047","formEdgeID":null},{"edgeID":"1806368","fromID":"1382054","toID":"1382053","formEdgeID":null},{"edgeID":"1806369","fromID":"1382055","toID":"1382054","formEdgeID":null},{"edgeID":"1806370","fromID":"1382053","toID":"1382056","formEdgeID":null},{"edgeID":"1806371","fromID":"1382056","toID":"1382052","formEdgeID":null},{"edgeID":"1806372","fromID":"1382032","toID":"1382057","formEdgeID":null},{"edgeID":"1806373","fromID":"1382057","toID":"1382038","formEdgeID":null},{"edgeID":"1806374","fromID":"1382042","toID":"1382058","formEdgeID":null},{"edgeID":"1806375","fromID":"1382058","toID":"1382037","formEdgeID":null},{"edgeID":"1806376","fromID":"1382047","toID":"1382059","formEdgeID":null},{"edgeID":"1806377","fromID":"1382059","toID":"1382037","formEdgeID":null},{"edgeID":"1806378","fromID":"1382038","toID":"1382060","formEdgeID":null},{"edgeID":"1806379","fromID":"1382060","toID":"1382043","formEdgeID":null},{"edgeID":"1806380","fromID":"1382060","toID":"1382061","formEdgeID":null},{"edgeID":"1806381","fromID":"1382061","toID":"1382058","formEdgeID":null},{"edgeID":"1806382","fromID":"1382038","toID":"1382062","formEdgeID":null},{"edgeID":"1806383","fromID":"1382062","toID":"1382048","formEdgeID":null},{"edgeID":"1806384","fromID":"1382062","toID":"1382063","formEdgeID":null},{"edgeID":"1806385","fromID":"1382063","toID":"1382059","formEdgeID":null},{"edgeID":"1806386","fromID":"1382048","toID":"1382064","formEdgeID":null},{"edgeID":"1806387","fromID":"1382064","toID":"1382053","formEdgeID":null},{"edgeID":"1806388","fromID":"1382067","toID":"1382066","formEdgeID":null},{"edgeID":"1806389","fromID":"1382068","toID":"1382067","formEdgeID":null},{"edgeID":"1806390","fromID":"1382066","toID":"1382069","formEdgeID":null},{"edgeID":"1806391","fromID":"1382069","toID":"1382065","formEdgeID":null},{"edgeID":"1806392","fromID":"1382072","toID":"1382071","formEdgeID":null},{"edgeID":"1806393","fromID":"1382073","toID":"1382072","formEdgeID":null},{"edgeID":"1806394","fromID":"1382071","toID":"1382074","formEdgeID":null},{"edgeID":"1806395","fromID":"1382074","toID":"1382070","formEdgeID":null},{"edgeID":"1806396","fromID":"1382077","toID":"1382076","formEdgeID":null},{"edgeID":"1806397","fromID":"1382078","toID":"1382077","formEdgeID":null},{"edgeID":"1806398","fromID":"1382076","toID":"1382079","formEdgeID":null},{"edgeID":"1806399","fromID":"1382079","toID":"1382075","formEdgeID":null},{"edgeID":"1806400","fromID":"1382082","toID":"1382081","formEdgeID":null},{"edgeID":"1806401","fromID":"1382083","toID":"1382082","formEdgeID":null},{"edgeID":"1806402","fromID":"1382081","toID":"1382084","formEdgeID":null},{"edgeID":"1806403","fromID":"1382084","toID":"1382080","formEdgeID":null},{"edgeID":"1806404","fromID":"1382087","toID":"1382086","formEdgeID":null},{"edgeID":"1806405","fromID":"1382088","toID":"1382087","formEdgeID":null},{"edgeID":"1806406","fromID":"1382086","toID":"1382089","formEdgeID":null},{"edgeID":"1806407","fromID":"1382089","toID":"1382085","formEdgeID":null},{"edgeID":"1806408","fromID":"1382092","toID":"1382091","formEdgeID":null},{"edgeID":"1806409","fromID":"1382093","toID":"1382092","formEdgeID":null},{"edgeID":"1806410","fromID":"1382091","toID":"1382094","formEdgeID":null},{"edgeID":"1806411","fromID":"1382094","toID":"1382090","formEdgeID":null},{"edgeID":"1806412","fromID":"1382080","toID":"1382095","formEdgeID":null},{"edgeID":"1806413","fromID":"1382095","toID":"1382075","formEdgeID":null},{"edgeID":"1806414","fromID":"1382085","toID":"1382096","formEdgeID":null},{"edgeID":"1806415","fromID":"1382096","toID":"1382075","formEdgeID":null},{"edgeID":"1806416","fromID":"1382090","toID":"1382097","formEdgeID":null},{"edgeID":"1806417","fromID":"1382097","toID":"1382075","formEdgeID":null},{"edgeID":"1806418","fromID":"1382076","toID":"1382098","formEdgeID":null},{"edgeID":"1806419","fromID":"1382098","toID":"1382081","formEdgeID":null},{"edgeID":"1806420","fromID":"1382076","toID":"1382099","formEdgeID":null},{"edgeID":"1806421","fromID":"1382099","toID":"1382086","formEdgeID":null},{"edgeID":"1806422","fromID":"1382076","toID":"1382100","formEdgeID":null},{"edgeID":"1806423","fromID":"1382100","toID":"1382091","formEdgeID":null},{"edgeID":"1806424","fromID":"1382099","toID":"1382101","formEdgeID":null},{"edgeID":"1806425","fromID":"1382101","toID":"1382096","formEdgeID":null},{"edgeID":"1806426","fromID":"1382098","toID":"1382102","formEdgeID":null},{"edgeID":"1806427","fromID":"1382102","toID":"1382095","formEdgeID":null},{"edgeID":"1806428","fromID":"1382100","toID":"1382103","formEdgeID":null},{"edgeID":"1806429","fromID":"1382103","toID":"1382097","formEdgeID":null},{"edgeID":"1806430","fromID":"1381924","toID":"1382104","formEdgeID":null},{"edgeID":"1806431","fromID":"1382104","toID":"1381925","formEdgeID":null},{"edgeID":"1806432","fromID":"1381988","toID":"1382105","formEdgeID":null},{"edgeID":"1806433","fromID":"1382105","toID":"1381983","formEdgeID":null},{"edgeID":"1806434","fromID":"1382002","toID":"1382106","formEdgeID":null},{"edgeID":"1806435","fromID":"1382106","toID":"1382105","formEdgeID":null},{"edgeID":"1806436","fromID":"1382053","toID":"1382107","formEdgeID":null},{"edgeID":"1806437","fromID":"1382107","toID":"1382066","formEdgeID":null},{"edgeID":"1806438","fromID":"1382065","toID":"1382108","formEdgeID":null},{"edgeID":"1806439","fromID":"1382108","toID":"1382052","formEdgeID":null},{"edgeID":"1806440","fromID":"1382107","toID":"1382109","formEdgeID":null},{"edgeID":"1806441","fromID":"1382109","toID":"1382108","formEdgeID":null},{"edgeID":"1806442","fromID":"1382070","toID":"1382110","formEdgeID":null},{"edgeID":"1806443","fromID":"1382110","toID":"1382075","formEdgeID":null},{"edgeID":"1806444","fromID":"1382071","toID":"1382111","formEdgeID":null},{"edgeID":"1806445","fromID":"1382111","toID":"1382076","formEdgeID":null},{"edgeID":"1806446","fromID":"1382111","toID":"1382112","formEdgeID":null},{"edgeID":"1806447","fromID":"1382112","toID":"1382110","formEdgeID":null},{"edgeID":"1806448","fromID":"1382066","toID":"1382113","formEdgeID":null},{"edgeID":"1806449","fromID":"1382113","toID":"1382071","formEdgeID":null}],"locutions":[]}