{"nodes":[{"nodeID":"1365456","text":"the Equality Act, of course, allows for there to be a deliberation between single sex basis","type":"I","timestamp":"2023-11-09 14:33:04"},{"nodeID":"1365457","text":"John Lamont: The Equality Act, of course, allows for there to be a deliberation between single sex basis","type":"L","timestamp":"2023-11-09 14:33:04"},{"nodeID":"1365458","text":"Analysing","type":"YA","timestamp":"2023-11-09 14:33:04"},{"nodeID":"1365459","text":"Tuuli: John Lamont: The Equality Act, of course, allows for there to be a deliberation between single sex basis","type":"L","timestamp":"2023-11-09 14:33:04"},{"nodeID":"1365460","text":"Asserting","type":"YA","timestamp":"2023-11-09 14:33:04"},{"nodeID":"1365461","text":"you're able to have a deliberation between single sex basis under the provisions within the Equality Act","type":"I","timestamp":"2023-11-09 14:33:04"},{"nodeID":"1365462","text":"John Lamont: you're able to do that under the provisions within the Equality Act","type":"L","timestamp":"2023-11-09 14:33:04"},{"nodeID":"1365463","text":"Analysing","type":"YA","timestamp":"2023-11-09 14:33:04"},{"nodeID":"1365464","text":"Tuuli: John Lamont: you're able to do that under the provisions within the Equality Act","type":"L","timestamp":"2023-11-09 14:33:04"},{"nodeID":"1365465","text":"Asserting","type":"YA","timestamp":"2023-11-09 14:33:04"},{"nodeID":"1365466","text":"it is important to say that you are able to have a deliberation between single sex basis under the provisions within the Equality Act","type":"I","timestamp":"2023-11-09 14:33:05"},{"nodeID":"1365467","text":"John Lamont: it is important to say that","type":"L","timestamp":"2023-11-09 14:33:05"},{"nodeID":"1365468","text":"Analysing","type":"YA","timestamp":"2023-11-09 14:33:05"},{"nodeID":"1365469","text":"Tuuli: John Lamont: it is important to say that","type":"L","timestamp":"2023-11-09 14:33:05"},{"nodeID":"1365470","text":"Asserting","type":"YA","timestamp":"2023-11-09 14:33:05"},{"nodeID":"1365471","text":"Default Transition","type":"TA","timestamp":"2023-11-09 14:33:05"},{"nodeID":"1365472","text":"Default Transition","type":"TA","timestamp":"2023-11-09 14:33:05"},{"nodeID":"1365473","text":"Default Rephrase","type":"MA","timestamp":"2023-11-09 14:33:05"},{"nodeID":"1365474","text":"Restating","type":"YA","timestamp":"2023-11-09 14:33:05"},{"nodeID":"1365475","text":"Default Rephrase","type":"MA","timestamp":"2023-11-09 14:33:05"},{"nodeID":"1365476","text":"Restating","type":"YA","timestamp":"2023-11-09 14:33:05"},{"nodeID":"1365477","text":"the Equality Act debate has been quite at times a toxic debate in Scotland","type":"I","timestamp":"2023-11-09 14:33:06"},{"nodeID":"1365478","text":"John Lamont: it has been quite at times a toxic debate in Scotland","type":"L","timestamp":"2023-11-09 14:33:06"},{"nodeID":"1365479","text":"Analysing","type":"YA","timestamp":"2023-11-09 14:33:06"},{"nodeID":"1365480","text":"Tuuli: John Lamont: it has been, I think, quite at times a toxic debate in Scotland","type":"L","timestamp":"2023-11-09 14:33:06"},{"nodeID":"1365481","text":"Asserting","type":"YA","timestamp":"2023-11-09 14:33:06"},{"nodeID":"1365482","text":"Default Transition","type":"TA","timestamp":"2023-11-09 14:33:06"},{"nodeID":"1365483","text":"Default Conflict","type":"CA","timestamp":"2023-11-09 14:33:06"},{"nodeID":"1365484","text":"Disagreeing","type":"YA","timestamp":"2023-11-09 14:33:06"},{"nodeID":"1365485","text":"it is worth saying the Equality Act legislation passed in the Scottish parliament with an overwhelming majority","type":"I","timestamp":"2023-11-09 14:33:06"},{"nodeID":"1365486","text":"John Lamont: it is worth saying this legislation passed in the Scottish party with an overwhelming majority","type":"L","timestamp":"2023-11-09 14:33:06"},{"nodeID":"1365487","text":"Analysing","type":"YA","timestamp":"2023-11-09 14:33:06"},{"nodeID":"1365488","text":"Tuuli: John Lamont: it is worth saying this legislation passed in the Scottish party with an overwhelming majority","type":"L","timestamp":"2023-11-09 14:33:06"},{"nodeID":"1365489","text":"Asserting","type":"YA","timestamp":"2023-11-09 14:33:06"},{"nodeID":"1365490","text":"Default Transition","type":"TA","timestamp":"2023-11-09 14:33:06"},{"nodeID":"1365491","text":"Default Conflict","type":"CA","timestamp":"2023-11-09 14:33:06"},{"nodeID":"1365492","text":"Disagreeing","type":"YA","timestamp":"2023-11-09 14:33:06"},{"nodeID":"1365493","text":"every party supported the Equality Act legislation","type":"I","timestamp":"2023-11-09 14:33:07"},{"nodeID":"1365494","text":"John Lamont: every party sported it","type":"L","timestamp":"2023-11-09 14:33:07"},{"nodeID":"1365495","text":"Analysing","type":"YA","timestamp":"2023-11-09 14:33:07"},{"nodeID":"1365496","text":"Tuuli: John Lamont: every party sported it","type":"L","timestamp":"2023-11-09 14:33:07"},{"nodeID":"1365497","text":"Asserting","type":"YA","timestamp":"2023-11-09 14:33:07"},{"nodeID":"1365498","text":"Default Transition","type":"TA","timestamp":"2023-11-09 14:33:07"},{"nodeID":"1365499","text":"Default Rephrase","type":"MA","timestamp":"2023-11-09 14:33:07"},{"nodeID":"1365500","text":"Restating","type":"YA","timestamp":"2023-11-09 14:33:07"},{"nodeID":"1365501","text":"for the UK government to take this unprecedented action to block the will of the Scottish part is unprecedented","type":"I","timestamp":"2023-11-09 14:33:07"},{"nodeID":"1365502","text":"John Lamont: For the UK government to take this unprecedented action to block the will of the Scottish part is unprecedented","type":"L","timestamp":"2023-11-09 14:33:07"},{"nodeID":"1365503","text":"Analysing","type":"YA","timestamp":"2023-11-09 14:33:07"},{"nodeID":"1365504","text":"Tuuli: John Lamont: For the UK government to take this unprecedented action to block the will of the Scottish part is unprecedented","type":"L","timestamp":"2023-11-09 14:33:07"},{"nodeID":"1365505","text":"Asserting","type":"YA","timestamp":"2023-11-09 14:33:07"},{"nodeID":"1365506","text":"Default Transition","type":"TA","timestamp":"2023-11-09 14:33:07"},{"nodeID":"1365507","text":"the UK government taking unprecedented action to block the will of the Scottish parliament also calls into question, really, devolution and the role of the UK government in that","type":"I","timestamp":"2023-11-09 14:33:08"},{"nodeID":"1365508","text":"John Lamont: also calls into question, really, devolution and the role of the UK government in that","type":"L","timestamp":"2023-11-09 14:33:08"},{"nodeID":"1365509","text":"Analysing","type":"YA","timestamp":"2023-11-09 14:33:08"},{"nodeID":"1365510","text":"Tuuli: John Lamont: also calls into question, really, devolution and the role of the UK government in that","type":"L","timestamp":"2023-11-09 14:33:08"},{"nodeID":"1365511","text":"Asserting","type":"YA","timestamp":"2023-11-09 14:33:08"},{"nodeID":"1365512","text":"Default Transition","type":"TA","timestamp":"2023-11-09 14:33:08"},{"nodeID":"1365513","text":"Default Inference","type":"RA","timestamp":"2023-11-09 14:33:08"},{"nodeID":"1365514","text":"Arguing","type":"YA","timestamp":"2023-11-09 14:33:08"},{"nodeID":"1365515","text":"Default Inference","type":"RA","timestamp":"2023-11-09 14:33:08"},{"nodeID":"1365516","text":"Arguing","type":"YA","timestamp":"2023-11-09 14:33:08"},{"nodeID":"1365517","text":"there are bigger challenges down the road","type":"I","timestamp":"2023-11-09 14:33:09"},{"nodeID":"1365518","text":"John Lamont: there are bigger challenges down the road","type":"L","timestamp":"2023-11-09 14:33:09"},{"nodeID":"1365519","text":"Analysing","type":"YA","timestamp":"2023-11-09 14:33:09"},{"nodeID":"1365520","text":"Tuuli: John Lamont: there are bigger challenges down the road","type":"L","timestamp":"2023-11-09 14:33:09"},{"nodeID":"1365521","text":"Asserting","type":"YA","timestamp":"2023-11-09 14:33:09"},{"nodeID":"1365522","text":"Default Transition","type":"TA","timestamp":"2023-11-09 14:33:09"},{"nodeID":"1365523","text":"Default Inference","type":"RA","timestamp":"2023-11-09 14:33:09"},{"nodeID":"1365524","text":"Arguing","type":"YA","timestamp":"2023-11-09 14:33:09"},{"nodeID":"1365525","text":"there were nine who didn't support the Equality Act legislation","type":"I","timestamp":"2023-11-09 14:33:09"},{"nodeID":"1365526","text":"Fiona Bruce: There were nine who didn't support it","type":"L","timestamp":"2023-11-09 14:33:09"},{"nodeID":"1365527","text":"Analysing","type":"YA","timestamp":"2023-11-09 14:33:09"},{"nodeID":"1365528","text":"Tuuli: Fiona Bruce: There were nine who didn't support it","type":"L","timestamp":"2023-11-09 14:33:09"},{"nodeID":"1365529","text":"Asserting","type":"YA","timestamp":"2023-11-09 14:33:09"},{"nodeID":"1365530","text":"the support for the Equality Act legislation was across the board","type":"I","timestamp":"2023-11-09 14:33:10"},{"nodeID":"1365531","text":"Fiona Bruce: You say it was across the board","type":"L","timestamp":"2023-11-09 14:33:10"},{"nodeID":"1365532","text":"Analysing","type":"YA","timestamp":"2023-11-09 14:33:10"},{"nodeID":"1365533","text":"Tuuli: Fiona Bruce: You say it was across the board","type":"L","timestamp":"2023-11-09 14:33:10"},{"nodeID":"1365534","text":"Default Transition","type":"TA","timestamp":"2023-11-09 14:33:10"},{"nodeID":"1365535","text":"John Lamont: it was across the board","type":"L","timestamp":"2023-11-09 14:33:10"},{"nodeID":"1365536","text":"Analysing","type":"YA","timestamp":"2023-11-09 14:33:10"},{"nodeID":"1365537","text":"Tuuli: John Lamont: You say it was across the board","type":"L","timestamp":"2023-11-09 14:33:10"},{"nodeID":"1365538","text":"Asserting","type":"YA","timestamp":"2023-11-09 14:33:10"},{"nodeID":"1365539","text":"Asserting","type":"YA","timestamp":"2023-11-09 14:33:10"},{"nodeID":"1365540","text":"those opposed to gender reforms wonder why safeguarding has been tightened for women's prisons but not women's spaces in society","type":"I","timestamp":"2023-11-09 14:33:11"},{"nodeID":"1365541","text":"Fiona Bruce: those opposed to gender reforms wonder why safeguarding has been tightened for women's prisons but not women's spaces in society","type":"L","timestamp":"2023-11-09 14:33:11"},{"nodeID":"1365542","text":"Analysing","type":"YA","timestamp":"2023-11-09 14:33:11"},{"nodeID":"1365543","text":"Tuuli: Fiona Bruce: those opposed to gender reforms wonder why safeguarding has been tightened for women's prisons but not women's spaces in society","type":"L","timestamp":"2023-11-09 14:33:11"},{"nodeID":"1365544","text":"Asserting","type":"YA","timestamp":"2023-11-09 14:33:11"},{"nodeID":"1365545","text":"Default Transition","type":"TA","timestamp":"2023-11-09 14:33:11"},{"nodeID":"1365546","text":"there should or should not be a wider review on safeguarding women's spaces in society","type":"I","timestamp":"2023-11-09 14:33:11"},{"nodeID":"1365547","text":"Fiona Bruce: Should there be a wider review","type":"L","timestamp":"2023-11-09 14:33:11"},{"nodeID":"1365548","text":"Analysing","type":"YA","timestamp":"2023-11-09 14:33:11"},{"nodeID":"1365549","text":"Tuuli: Fiona Bruce: Should there be a wider review","type":"L","timestamp":"2023-11-09 14:33:11"},{"nodeID":"1365550","text":"Pure Questioning","type":"YA","timestamp":"2023-11-09 14:33:11"},{"nodeID":"1365551","text":"Default Transition","type":"TA","timestamp":"2023-11-09 14:33:11"},{"nodeID":"1365552","text":"India Willoughby: no","type":"L","timestamp":"2023-11-09 14:33:11"},{"nodeID":"1365553","text":"Analysing","type":"YA","timestamp":"2023-11-09 14:33:11"},{"nodeID":"1365554","text":"Tuuli: India Willoughby: no","type":"L","timestamp":"2023-11-09 14:33:11"},{"nodeID":"1365555","text":"Default Transition","type":"TA","timestamp":"2023-11-09 14:33:11"},{"nodeID":"1365556","text":"Disagreeing","type":"YA","timestamp":"2023-11-09 14:33:11"},{"nodeID":"1365557","text":"India Willoughby wants to thank Question Time for inviting her","type":"I","timestamp":"2023-11-09 14:33:12"},{"nodeID":"1365558","text":"India Willoughby: I want to thank you for inviting me","type":"L","timestamp":"2023-11-09 14:33:12"},{"nodeID":"1365559","text":"Analysing","type":"YA","timestamp":"2023-11-09 14:33:12"},{"nodeID":"1365560","text":"Tuuli: India Willoughby: I want to thank you for inviting me","type":"L","timestamp":"2023-11-09 14:33:12"},{"nodeID":"1365561","text":"Asserting","type":"YA","timestamp":"2023-11-09 14:33:12"},{"nodeID":"1365562","text":"Default Transition","type":"TA","timestamp":"2023-11-09 14:33:12"},{"nodeID":"1365563","text":"Equality Act debate is a debate that has raged for 3, 4, years","type":"I","timestamp":"2023-11-09 14:33:12"},{"nodeID":"1365564","text":"India Willoughby: this is a debate that has raged for 3, 4, years","type":"L","timestamp":"2023-11-09 14:33:12"},{"nodeID":"1365565","text":"Analysing","type":"YA","timestamp":"2023-11-09 14:33:12"},{"nodeID":"1365566","text":"Tuuli: India Willoughby: this is a debate that has raged for 3, 4, years","type":"L","timestamp":"2023-11-09 14:33:12"},{"nodeID":"1365567","text":"Asserting","type":"YA","timestamp":"2023-11-09 14:33:12"},{"nodeID":"1365568","text":"Default Transition","type":"TA","timestamp":"2023-11-09 14:33:12"},{"nodeID":"1365569","text":"Default Inference","type":"RA","timestamp":"2023-11-09 14:33:12"},{"nodeID":"1365570","text":"Arguing","type":"YA","timestamp":"2023-11-09 14:33:12"},{"nodeID":"1365571","text":"the debate on Equality Act legislation has been toxic and awful as a trans person","type":"I","timestamp":"2023-11-09 14:33:13"},{"nodeID":"1365572","text":"India Willoughby: It has been toxic and awful as a trans person","type":"L","timestamp":"2023-11-09 14:33:13"},{"nodeID":"1365573","text":"Analysing","type":"YA","timestamp":"2023-11-09 14:33:13"},{"nodeID":"1365574","text":"Tuuli: India Willoughby: It has been toxic and awful as a trans person","type":"L","timestamp":"2023-11-09 14:33:13"},{"nodeID":"1365575","text":"Asserting","type":"YA","timestamp":"2023-11-09 14:33:13"},{"nodeID":"1365576","text":"Default Rephrase","type":"MA","timestamp":"2023-11-09 14:33:13"},{"nodeID":"1365577","text":"Default Transition","type":"TA","timestamp":"2023-11-09 14:33:13"},{"nodeID":"1365578","text":"Restating","type":"YA","timestamp":"2023-11-09 14:33:13"},{"nodeID":"1365579","text":"to be sat at home and see people who aren't actually trans discuss your life and paint you as a whole, en mass, as dangerous to society and unwanted is just horrible","type":"I","timestamp":"2023-11-09 14:33:14"},{"nodeID":"1365580","text":"India Willoughby: To be sat at home and see people who aren't actually trans discuss your life and paint you as a whole, en mass, as dangerous to society and unwanted is just horrible","type":"L","timestamp":"2023-11-09 14:33:14"},{"nodeID":"1365581","text":"Analysing","type":"YA","timestamp":"2023-11-09 14:33:14"},{"nodeID":"1365582","text":"Tuuli: India Willoughby: To be sat at home and see people who aren't actually trans discuss your life and paint you as a whole, en mass, as dangerous to society and unwanted is just horrible","type":"L","timestamp":"2023-11-09 14:33:14"},{"nodeID":"1365583","text":"Asserting","type":"YA","timestamp":"2023-11-09 14:33:14"},{"nodeID":"1365584","text":"Default Rephrase","type":"MA","timestamp":"2023-11-09 14:33:14"},{"nodeID":"1365585","text":"Default Rephrase","type":"MA","timestamp":"2023-11-09 14:33:14"},{"nodeID":"1365586","text":"Default Transition","type":"TA","timestamp":"2023-11-09 14:33:14"},{"nodeID":"1365587","text":"Restating","type":"YA","timestamp":"2023-11-09 14:33:14"},{"nodeID":"1365588","text":"Restating","type":"YA","timestamp":"2023-11-09 14:33:14"},{"nodeID":"1365589","text":"the whole debate on Equality Act legislation has been toxic and awful as a trans person","type":"I","timestamp":"2023-11-09 14:33:14"},{"nodeID":"1365590","text":"India Willoughby: the whole debate","type":"L","timestamp":"2023-11-09 14:33:14"},{"nodeID":"1365591","text":"Analysing","type":"YA","timestamp":"2023-11-09 14:33:14"},{"nodeID":"1365592","text":"Tuuli: India Willoughby: the whole debate","type":"L","timestamp":"2023-11-09 14:33:14"},{"nodeID":"1365593","text":"Asserting","type":"YA","timestamp":"2023-11-09 14:33:14"},{"nodeID":"1365594","text":"Default Transition","type":"TA","timestamp":"2023-11-09 14:33:14"},{"nodeID":"1365595","text":"Default Transition","type":"TA","timestamp":"2023-11-09 14:33:14"},{"nodeID":"1365596","text":"Default Rephrase","type":"MA","timestamp":"2023-11-09 14:33:14"},{"nodeID":"1365597","text":"Restating","type":"YA","timestamp":"2023-11-09 14:33:14"},{"nodeID":"1365598","text":"Default Conflict","type":"CA","timestamp":"2023-11-09 14:33:14"},{"nodeID":"1365599","text":"Default Transition","type":"TA","timestamp":"2023-11-09 14:33:14"},{"nodeID":"1365600","text":"Disagreeing","type":"YA","timestamp":"2023-11-09 14:33:14"},{"nodeID":"1365601","text":"Default Inference","type":"RA","timestamp":"2023-11-09 14:33:14"},{"nodeID":"1365602","text":"Arguing","type":"YA","timestamp":"2023-11-09 14:33:14"}],"edges":[{"edgeID":"1786754","fromID":"1365458","toID":"1365457","formEdgeID":null},{"edgeID":"1786755","fromID":"1365459","toID":"1365458","formEdgeID":null},{"edgeID":"1786756","fromID":"1365457","toID":"1365460","formEdgeID":null},{"edgeID":"1786757","fromID":"1365460","toID":"1365456","formEdgeID":null},{"edgeID":"1786758","fromID":"1365463","toID":"1365462","formEdgeID":null},{"edgeID":"1786759","fromID":"1365464","toID":"1365463","formEdgeID":null},{"edgeID":"1786760","fromID":"1365462","toID":"1365465","formEdgeID":null},{"edgeID":"1786761","fromID":"1365465","toID":"1365461","formEdgeID":null},{"edgeID":"1786762","fromID":"1365468","toID":"1365467","formEdgeID":null},{"edgeID":"1786763","fromID":"1365469","toID":"1365468","formEdgeID":null},{"edgeID":"1786764","fromID":"1365467","toID":"1365470","formEdgeID":null},{"edgeID":"1786765","fromID":"1365470","toID":"1365466","formEdgeID":null},{"edgeID":"1786766","fromID":"1365457","toID":"1365471","formEdgeID":null},{"edgeID":"1786767","fromID":"1365471","toID":"1365462","formEdgeID":null},{"edgeID":"1786768","fromID":"1365462","toID":"1365472","formEdgeID":null},{"edgeID":"1786769","fromID":"1365472","toID":"1365467","formEdgeID":null},{"edgeID":"1786770","fromID":"1365461","toID":"1365473","formEdgeID":null},{"edgeID":"1786771","fromID":"1365473","toID":"1365456","formEdgeID":null},{"edgeID":"1786772","fromID":"1365471","toID":"1365474","formEdgeID":null},{"edgeID":"1786773","fromID":"1365474","toID":"1365473","formEdgeID":null},{"edgeID":"1786774","fromID":"1365466","toID":"1365475","formEdgeID":null},{"edgeID":"1786775","fromID":"1365475","toID":"1365461","formEdgeID":null},{"edgeID":"1786776","fromID":"1365472","toID":"1365476","formEdgeID":null},{"edgeID":"1786777","fromID":"1365476","toID":"1365475","formEdgeID":null},{"edgeID":"1786778","fromID":"1365479","toID":"1365478","formEdgeID":null},{"edgeID":"1786779","fromID":"1365480","toID":"1365479","formEdgeID":null},{"edgeID":"1786780","fromID":"1365478","toID":"1365481","formEdgeID":null},{"edgeID":"1786781","fromID":"1365481","toID":"1365477","formEdgeID":null},{"edgeID":"1786782","fromID":"1365467","toID":"1365482","formEdgeID":null},{"edgeID":"1786783","fromID":"1365482","toID":"1365478","formEdgeID":null},{"edgeID":"1786784","fromID":"1365477","toID":"1365483","formEdgeID":null},{"edgeID":"1786785","fromID":"1365483","toID":"1365466","formEdgeID":null},{"edgeID":"1786786","fromID":"1365482","toID":"1365484","formEdgeID":null},{"edgeID":"1786787","fromID":"1365484","toID":"1365483","formEdgeID":null},{"edgeID":"1786788","fromID":"1365487","toID":"1365486","formEdgeID":null},{"edgeID":"1786789","fromID":"1365488","toID":"1365487","formEdgeID":null},{"edgeID":"1786790","fromID":"1365486","toID":"1365489","formEdgeID":null},{"edgeID":"1786791","fromID":"1365489","toID":"1365485","formEdgeID":null},{"edgeID":"1786792","fromID":"1365478","toID":"1365490","formEdgeID":null},{"edgeID":"1786793","fromID":"1365490","toID":"1365486","formEdgeID":null},{"edgeID":"1786794","fromID":"1365485","toID":"1365491","formEdgeID":null},{"edgeID":"1786795","fromID":"1365491","toID":"1365477","formEdgeID":null},{"edgeID":"1786796","fromID":"1365490","toID":"1365492","formEdgeID":null},{"edgeID":"1786797","fromID":"1365492","toID":"1365491","formEdgeID":null},{"edgeID":"1786798","fromID":"1365495","toID":"1365494","formEdgeID":null},{"edgeID":"1786799","fromID":"1365496","toID":"1365495","formEdgeID":null},{"edgeID":"1786800","fromID":"1365494","toID":"1365497","formEdgeID":null},{"edgeID":"1786801","fromID":"1365497","toID":"1365493","formEdgeID":null},{"edgeID":"1786802","fromID":"1365486","toID":"1365498","formEdgeID":null},{"edgeID":"1786803","fromID":"1365498","toID":"1365494","formEdgeID":null},{"edgeID":"1786804","fromID":"1365493","toID":"1365499","formEdgeID":null},{"edgeID":"1786805","fromID":"1365499","toID":"1365485","formEdgeID":null},{"edgeID":"1786806","fromID":"1365498","toID":"1365500","formEdgeID":null},{"edgeID":"1786807","fromID":"1365500","toID":"1365499","formEdgeID":null},{"edgeID":"1786808","fromID":"1365503","toID":"1365502","formEdgeID":null},{"edgeID":"1786809","fromID":"1365504","toID":"1365503","formEdgeID":null},{"edgeID":"1786810","fromID":"1365502","toID":"1365505","formEdgeID":null},{"edgeID":"1786811","fromID":"1365505","toID":"1365501","formEdgeID":null},{"edgeID":"1786812","fromID":"1365494","toID":"1365506","formEdgeID":null},{"edgeID":"1786813","fromID":"1365506","toID":"1365502","formEdgeID":null},{"edgeID":"1786814","fromID":"1365509","toID":"1365508","formEdgeID":null},{"edgeID":"1786815","fromID":"1365510","toID":"1365509","formEdgeID":null},{"edgeID":"1786816","fromID":"1365508","toID":"1365511","formEdgeID":null},{"edgeID":"1786817","fromID":"1365511","toID":"1365507","formEdgeID":null},{"edgeID":"1786818","fromID":"1365502","toID":"1365512","formEdgeID":null},{"edgeID":"1786819","fromID":"1365512","toID":"1365508","formEdgeID":null},{"edgeID":"1786820","fromID":"1365501","toID":"1365513","formEdgeID":null},{"edgeID":"1786821","fromID":"1365513","toID":"1365507","formEdgeID":null},{"edgeID":"1786822","fromID":"1365512","toID":"1365514","formEdgeID":null},{"edgeID":"1786823","fromID":"1365514","toID":"1365513","formEdgeID":null},{"edgeID":"1786824","fromID":"1365493","toID":"1365515","formEdgeID":null},{"edgeID":"1786825","fromID":"1365515","toID":"1365501","formEdgeID":null},{"edgeID":"1786826","fromID":"1365506","toID":"1365516","formEdgeID":null},{"edgeID":"1786827","fromID":"1365516","toID":"1365515","formEdgeID":null},{"edgeID":"1786828","fromID":"1365519","toID":"1365518","formEdgeID":null},{"edgeID":"1786829","fromID":"1365520","toID":"1365519","formEdgeID":null},{"edgeID":"1786830","fromID":"1365518","toID":"1365521","formEdgeID":null},{"edgeID":"1786831","fromID":"1365521","toID":"1365517","formEdgeID":null},{"edgeID":"1786832","fromID":"1365508","toID":"1365522","formEdgeID":null},{"edgeID":"1786833","fromID":"1365522","toID":"1365518","formEdgeID":null},{"edgeID":"1786834","fromID":"1365507","toID":"1365523","formEdgeID":null},{"edgeID":"1786835","fromID":"1365523","toID":"1365517","formEdgeID":null},{"edgeID":"1786836","fromID":"1365522","toID":"1365524","formEdgeID":null},{"edgeID":"1786837","fromID":"1365524","toID":"1365523","formEdgeID":null},{"edgeID":"1786838","fromID":"1365527","toID":"1365526","formEdgeID":null},{"edgeID":"1786839","fromID":"1365528","toID":"1365527","formEdgeID":null},{"edgeID":"1786840","fromID":"1365526","toID":"1365529","formEdgeID":null},{"edgeID":"1786841","fromID":"1365529","toID":"1365525","formEdgeID":null},{"edgeID":"1786842","fromID":"1365532","toID":"1365531","formEdgeID":null},{"edgeID":"1786843","fromID":"1365533","toID":"1365532","formEdgeID":null},{"edgeID":"1786844","fromID":"1365526","toID":"1365534","formEdgeID":null},{"edgeID":"1786845","fromID":"1365534","toID":"1365531","formEdgeID":null},{"edgeID":"1786846","fromID":"1365536","toID":"1365535","formEdgeID":null},{"edgeID":"1786847","fromID":"1365537","toID":"1365536","formEdgeID":null},{"edgeID":"1786848","fromID":"1365535","toID":"1365538","formEdgeID":null},{"edgeID":"1786849","fromID":"1365538","toID":"1365530","formEdgeID":null},{"edgeID":"1786850","fromID":"1365531","toID":"1365539","formEdgeID":null},{"edgeID":"1786851","fromID":"1365539","toID":"1365535","formEdgeID":null},{"edgeID":"1786852","fromID":"1365542","toID":"1365541","formEdgeID":null},{"edgeID":"1786853","fromID":"1365543","toID":"1365542","formEdgeID":null},{"edgeID":"1786854","fromID":"1365541","toID":"1365544","formEdgeID":null},{"edgeID":"1786855","fromID":"1365544","toID":"1365540","formEdgeID":null},{"edgeID":"1786856","fromID":"1365531","toID":"1365545","formEdgeID":null},{"edgeID":"1786857","fromID":"1365545","toID":"1365541","formEdgeID":null},{"edgeID":"1786858","fromID":"1365548","toID":"1365547","formEdgeID":null},{"edgeID":"1786859","fromID":"1365549","toID":"1365548","formEdgeID":null},{"edgeID":"1786860","fromID":"1365547","toID":"1365550","formEdgeID":null},{"edgeID":"1786861","fromID":"1365550","toID":"1365546","formEdgeID":null},{"edgeID":"1786862","fromID":"1365541","toID":"1365551","formEdgeID":null},{"edgeID":"1786863","fromID":"1365551","toID":"1365547","formEdgeID":null},{"edgeID":"1786864","fromID":"1365553","toID":"1365552","formEdgeID":null},{"edgeID":"1786865","fromID":"1365554","toID":"1365553","formEdgeID":null},{"edgeID":"1786866","fromID":"1365547","toID":"1365555","formEdgeID":null},{"edgeID":"1786867","fromID":"1365555","toID":"1365552","formEdgeID":null},{"edgeID":"1786868","fromID":"1365555","toID":"1365556","formEdgeID":null},{"edgeID":"1786869","fromID":"1365556","toID":"1365546","formEdgeID":null},{"edgeID":"1786870","fromID":"1365559","toID":"1365558","formEdgeID":null},{"edgeID":"1786871","fromID":"1365560","toID":"1365559","formEdgeID":null},{"edgeID":"1786872","fromID":"1365558","toID":"1365561","formEdgeID":null},{"edgeID":"1786873","fromID":"1365561","toID":"1365557","formEdgeID":null},{"edgeID":"1786874","fromID":"1365552","toID":"1365562","formEdgeID":null},{"edgeID":"1786875","fromID":"1365562","toID":"1365558","formEdgeID":null},{"edgeID":"1786876","fromID":"1365565","toID":"1365564","formEdgeID":null},{"edgeID":"1786877","fromID":"1365566","toID":"1365565","formEdgeID":null},{"edgeID":"1786878","fromID":"1365564","toID":"1365567","formEdgeID":null},{"edgeID":"1786879","fromID":"1365567","toID":"1365563","formEdgeID":null},{"edgeID":"1786880","fromID":"1365558","toID":"1365568","formEdgeID":null},{"edgeID":"1786881","fromID":"1365568","toID":"1365564","formEdgeID":null},{"edgeID":"1786882","fromID":"1365563","toID":"1365569","formEdgeID":null},{"edgeID":"1786883","fromID":"1365569","toID":"1365557","formEdgeID":null},{"edgeID":"1786884","fromID":"1365568","toID":"1365570","formEdgeID":null},{"edgeID":"1786885","fromID":"1365570","toID":"1365569","formEdgeID":null},{"edgeID":"1786886","fromID":"1365573","toID":"1365572","formEdgeID":null},{"edgeID":"1786887","fromID":"1365574","toID":"1365573","formEdgeID":null},{"edgeID":"1786888","fromID":"1365572","toID":"1365575","formEdgeID":null},{"edgeID":"1786889","fromID":"1365575","toID":"1365571","formEdgeID":null},{"edgeID":"1786890","fromID":"1365571","toID":"1365576","formEdgeID":null},{"edgeID":"1786891","fromID":"1365576","toID":"1365477","formEdgeID":null},{"edgeID":"1786892","fromID":"1365478","toID":"1365577","formEdgeID":null},{"edgeID":"1786893","fromID":"1365577","toID":"1365572","formEdgeID":null},{"edgeID":"1786894","fromID":"1365577","toID":"1365578","formEdgeID":null},{"edgeID":"1786895","fromID":"1365578","toID":"1365576","formEdgeID":null},{"edgeID":"1786896","fromID":"1365581","toID":"1365580","formEdgeID":null},{"edgeID":"1786897","fromID":"1365582","toID":"1365581","formEdgeID":null},{"edgeID":"1786898","fromID":"1365580","toID":"1365583","formEdgeID":null},{"edgeID":"1786899","fromID":"1365583","toID":"1365579","formEdgeID":null},{"edgeID":"1786900","fromID":"1365525","toID":"1365584","formEdgeID":null},{"edgeID":"1786901","fromID":"1365584","toID":"1365493","formEdgeID":null},{"edgeID":"1786902","fromID":"1365530","toID":"1365585","formEdgeID":null},{"edgeID":"1786903","fromID":"1365585","toID":"1365525","formEdgeID":null},{"edgeID":"1786904","fromID":"1365494","toID":"1365586","formEdgeID":null},{"edgeID":"1786905","fromID":"1365586","toID":"1365526","formEdgeID":null},{"edgeID":"1786906","fromID":"1365586","toID":"1365587","formEdgeID":null},{"edgeID":"1786907","fromID":"1365587","toID":"1365584","formEdgeID":null},{"edgeID":"1786908","fromID":"1365534","toID":"1365588","formEdgeID":null},{"edgeID":"1786909","fromID":"1365588","toID":"1365585","formEdgeID":null},{"edgeID":"1786910","fromID":"1365591","toID":"1365590","formEdgeID":null},{"edgeID":"1786911","fromID":"1365592","toID":"1365591","formEdgeID":null},{"edgeID":"1786912","fromID":"1365590","toID":"1365593","formEdgeID":null},{"edgeID":"1786913","fromID":"1365593","toID":"1365589","formEdgeID":null},{"edgeID":"1786914","fromID":"1365572","toID":"1365594","formEdgeID":null},{"edgeID":"1786915","fromID":"1365594","toID":"1365590","formEdgeID":null},{"edgeID":"1786916","fromID":"1365590","toID":"1365595","formEdgeID":null},{"edgeID":"1786917","fromID":"1365595","toID":"1365580","formEdgeID":null},{"edgeID":"1786918","fromID":"1365589","toID":"1365596","formEdgeID":null},{"edgeID":"1786919","fromID":"1365596","toID":"1365571","formEdgeID":null},{"edgeID":"1786920","fromID":"1365594","toID":"1365597","formEdgeID":null},{"edgeID":"1786921","fromID":"1365597","toID":"1365596","formEdgeID":null},{"edgeID":"1786922","fromID":"1365589","toID":"1365598","formEdgeID":null},{"edgeID":"1786923","fromID":"1365598","toID":"1365477","formEdgeID":null},{"edgeID":"1786924","fromID":"1365478","toID":"1365599","formEdgeID":null},{"edgeID":"1786925","fromID":"1365599","toID":"1365590","formEdgeID":null},{"edgeID":"1786926","fromID":"1365599","toID":"1365600","formEdgeID":null},{"edgeID":"1786927","fromID":"1365600","toID":"1365598","formEdgeID":null},{"edgeID":"1786928","fromID":"1365579","toID":"1365601","formEdgeID":null},{"edgeID":"1786929","fromID":"1365601","toID":"1365589","formEdgeID":null},{"edgeID":"1786930","fromID":"1365595","toID":"1365602","formEdgeID":null},{"edgeID":"1786931","fromID":"1365602","toID":"1365601","formEdgeID":null}],"locutions":[]}