{"nodes":[{"nodeID":"1158299","text":"what we won't accept is to be forced to say things that we know aren't true","type":"I","timestamp":"2023-04-24 20:02:45"},{"nodeID":"1158323","text":"Isla Bryson is probably faking being a woman","type":"I","timestamp":"2023-04-24 20:02:59"},{"nodeID":"1158341","text":"It's a possibility that Isla Bryson is faking being a woman","type":"I","timestamp":"2023-04-24 20:03:12"},{"nodeID":"1158365","text":"the persons who do know if Isla Bryson is faking being a woman or will make that judgement are the people that are talking to her or involved in this case","type":"I","timestamp":"2023-04-24 20:03:22"},{"nodeID":"1158421","text":"trans people are real","type":"I","timestamp":"2023-04-24 20:03:46"},{"nodeID":"1158455","text":"India Willoughby talked about misinformation","type":"I","timestamp":"2023-04-24 20:03:59"},{"nodeID":"1158472","text":"now India Willoughby is wilfully misrepresenting what Ella Whelan said","type":"I","timestamp":"2023-04-24 20:04:07"},{"nodeID":"1205500","text":"most of us are of the mindset of live and let live","type":"I","timestamp":"2023-08-14 20:35:09"},{"nodeID":"1364794","text":"Isla Bryson is a rapist","type":"I","timestamp":"2023-11-09 14:32:06"},{"nodeID":"1366271","text":"AudienceMember 20230209QT18 made the point she is liberal minded","type":"I","timestamp":"2023-11-09 14:34:09"},{"nodeID":"1366272","text":"Ella Whelan: Kelly made the point she is liberal minded","type":"L","timestamp":"2023-11-09 14:34:09"},{"nodeID":"1366273","text":"Jordan: Ella Whelan: Kelly made the point she is liberal minded","type":"L","timestamp":"2023-11-09 14:34:09"},{"nodeID":"1366274","text":"most of us are like that, save a few bad apples","type":"I","timestamp":"2023-11-09 14:34:09"},{"nodeID":"1366275","text":"Jordan: Ella Whelan: Most of us are like that, save a few bad apples","type":"L","timestamp":"2023-11-09 14:34:09"},{"nodeID":"1366276","text":"Ella Whelan: Most of us are like that, save a few bad apples","type":"L","timestamp":"2023-11-09 14:34:09"},{"nodeID":"1366277","text":"Ella Whelan: are of the mindset of live and let live","type":"L","timestamp":"2023-11-09 14:34:10"},{"nodeID":"1366278","text":"Jordan: Ella Whelan: are of the mindset of live and let live","type":"L","timestamp":"2023-11-09 14:34:10"},{"nodeID":"1366279","text":"love who you want to love","type":"I","timestamp":"2023-11-09 14:34:11"},{"nodeID":"1366280","text":"Ella Whelan: love who you want to love","type":"L","timestamp":"2023-11-09 14:34:11"},{"nodeID":"1366281","text":"Jordan: Ella Whelan: love who you want to love","type":"L","timestamp":"2023-11-09 14:34:11"},{"nodeID":"1366282","text":"dress how you want to dress","type":"I","timestamp":"2023-11-09 14:34:11"},{"nodeID":"1366283","text":"Ella Whelan: dress how you want to dress","type":"L","timestamp":"2023-11-09 14:34:11"},{"nodeID":"1366284","text":"Jordan: Ella Whelan: dress how you want to dress","type":"L","timestamp":"2023-11-09 14:34:11"},{"nodeID":"1366285","text":"Ella Whelan: what we won't accept is to be forced to say things that we know aren't true","type":"L","timestamp":"2023-11-09 14:34:12"},{"nodeID":"1366286","text":"Jordan: Ella Whelan: what we won't accept is to be forced to say things that we know aren't true","type":"L","timestamp":"2023-11-09 14:34:12"},{"nodeID":"1366287","text":"Analysing","type":"YA","timestamp":"2023-11-09 14:34:12"},{"nodeID":"1366288","text":"Asserting","type":"YA","timestamp":"2023-11-09 14:34:12"},{"nodeID":"1366289","text":"we won't be forced to say sex is irrefutable","type":"I","timestamp":"2023-11-09 14:34:13"},{"nodeID":"1366290","text":"Ella Whelan: that sex is irrefutable","type":"L","timestamp":"2023-11-09 14:34:13"},{"nodeID":"1366291","text":"Jordan: Ella Whelan: that sex is irrefutable","type":"L","timestamp":"2023-11-09 14:34:13"},{"nodeID":"1366292","text":"we won't be forced to say that men can turn into women by stating it, after three months of living like a woman","type":"I","timestamp":"2023-11-09 14:34:13"},{"nodeID":"1366293","text":"Analysing","type":"YA","timestamp":"2023-11-09 14:34:13"},{"nodeID":"1366294","text":"Asserting","type":"YA","timestamp":"2023-11-09 14:34:13"},{"nodeID":"1366295","text":"Default Transition","type":"TA","timestamp":"2023-11-09 14:34:13"},{"nodeID":"1366296","text":"Default Rephrase","type":"MA","timestamp":"2023-11-09 14:34:13"},{"nodeID":"1366297","text":"Restating","type":"YA","timestamp":"2023-11-09 14:34:13"},{"nodeID":"1366298","text":"Ella Whelan: that men can turn into women by stating it, after three months of living like a woman","type":"L","timestamp":"2023-11-09 14:34:13"},{"nodeID":"1366299","text":"Jordan: Ella Whelan: that men can turn into women by stating it, after three months of living like a woman","type":"L","timestamp":"2023-11-09 14:34:13"},{"nodeID":"1366300","text":"Analysing","type":"YA","timestamp":"2023-11-09 14:34:13"},{"nodeID":"1366301","text":"Asserting","type":"YA","timestamp":"2023-11-09 14:34:13"},{"nodeID":"1366302","text":"Default Transition","type":"TA","timestamp":"2023-11-09 14:34:13"},{"nodeID":"1366303","text":"Default Rephrase","type":"MA","timestamp":"2023-11-09 14:34:13"},{"nodeID":"1366304","text":"Restating","type":"YA","timestamp":"2023-11-09 14:34:13"},{"nodeID":"1366305","text":"Jordan: Fiona Bruce: The First Minister today was saying she thinks Isla Bryson is probably faking it","type":"L","timestamp":"2023-11-09 14:34:14"},{"nodeID":"1366306","text":"Fiona Bruce: The First Minister today was saying she thinks Isla Bryson is probably faking it","type":"L","timestamp":"2023-11-09 14:34:14"},{"nodeID":"1366307","text":"Nicola Sturgeon: Isla Bryson is probably faking being a woman","type":"L","timestamp":"2023-11-09 14:34:14"},{"nodeID":"1366308","text":"Analysing","type":"YA","timestamp":"2023-11-09 14:34:14"},{"nodeID":"1366309","text":"Asserting","type":"YA","timestamp":"2023-11-09 14:34:14"},{"nodeID":"1366310","text":"Default Transition","type":"TA","timestamp":"2023-11-09 14:34:14"},{"nodeID":"1366311","text":"Default Rephrase","type":"MA","timestamp":"2023-11-09 14:34:14"},{"nodeID":"1366312","text":"Restating","type":"YA","timestamp":"2023-11-09 14:34:14"},{"nodeID":"1366313","text":"Jordan: Nicola Sturgeon: Isla Bryson is probably faking being a woman","type":"L","timestamp":"2023-11-09 14:34:14"},{"nodeID":"1366314","text":"India Willoughby does or does not share the view that Isla Bryson is faking being a woman","type":"I","timestamp":"2023-11-09 14:34:15"},{"nodeID":"1366315","text":"Analysing","type":"YA","timestamp":"2023-11-09 14:34:15"},{"nodeID":"1366316","text":"Fiona Bruce: Do you share that view","type":"L","timestamp":"2023-11-09 14:34:15"},{"nodeID":"1366317","text":"Asserting","type":"YA","timestamp":"2023-11-09 14:34:15"},{"nodeID":"1366318","text":"Default Transition","type":"TA","timestamp":"2023-11-09 14:34:15"},{"nodeID":"1366319","text":"Default Rephrase","type":"MA","timestamp":"2023-11-09 14:34:15"},{"nodeID":"1366320","text":"Restating","type":"YA","timestamp":"2023-11-09 14:34:15"},{"nodeID":"1366321","text":"Jordan: Fiona Bruce: Do you share that view","type":"L","timestamp":"2023-11-09 14:34:15"},{"nodeID":"1366322","text":"Jordan: India Willoughby: It's a possibility","type":"L","timestamp":"2023-11-09 14:34:15"},{"nodeID":"1366323","text":"Analysing","type":"YA","timestamp":"2023-11-09 14:34:15"},{"nodeID":"1366324","text":"Asserting","type":"YA","timestamp":"2023-11-09 14:34:15"},{"nodeID":"1366325","text":"India Willoughby: It's a possibility","type":"L","timestamp":"2023-11-09 14:34:15"},{"nodeID":"1366326","text":"Analysing","type":"YA","timestamp":"2023-11-09 14:34:15"},{"nodeID":"1366327","text":"India Willoughby doesn't know","type":"I","timestamp":"2023-11-09 14:34:16"},{"nodeID":"1366328","text":"Asserting","type":"YA","timestamp":"2023-11-09 14:34:16"},{"nodeID":"1366329","text":"Jordan: India Willoughby: I don't know","type":"L","timestamp":"2023-11-09 14:34:16"},{"nodeID":"1366330","text":"Default Transition","type":"TA","timestamp":"2023-11-09 14:34:16"},{"nodeID":"1366331","text":"Default Rephrase","type":"MA","timestamp":"2023-11-09 14:34:16"},{"nodeID":"1366332","text":"Restating","type":"YA","timestamp":"2023-11-09 14:34:16"},{"nodeID":"1366333","text":"India Willoughby: I don't know","type":"L","timestamp":"2023-11-09 14:34:16"},{"nodeID":"1366334","text":"nobody in the audience knows what that Isla Bryson is faking being a woman","type":"I","timestamp":"2023-11-09 14:34:16"},{"nodeID":"1366335","text":"Analysing","type":"YA","timestamp":"2023-11-09 14:34:16"},{"nodeID":"1366336","text":"India Willoughby: Nobody in the audience knows what that is","type":"L","timestamp":"2023-11-09 14:34:16"},{"nodeID":"1366337","text":"Asserting","type":"YA","timestamp":"2023-11-09 14:34:16"},{"nodeID":"1366338","text":"Default Rephrase","type":"MA","timestamp":"2023-11-09 14:34:16"},{"nodeID":"1366339","text":"Default Transition","type":"TA","timestamp":"2023-11-09 14:34:16"},{"nodeID":"1366340","text":"Restating","type":"YA","timestamp":"2023-11-09 14:34:16"},{"nodeID":"1366341","text":"Jordan: India Willoughby: Nobody in the audience knows what that is","type":"L","timestamp":"2023-11-09 14:34:16"},{"nodeID":"1366342","text":"India Willoughby: The persons who do know or will make that judgement are the people that are talking to her or involved in this case","type":"L","timestamp":"2023-11-09 14:34:17"},{"nodeID":"1366343","text":"Analysing","type":"YA","timestamp":"2023-11-09 14:34:17"},{"nodeID":"1366344","text":"Analysing","type":"YA","timestamp":"2023-11-09 14:34:17"},{"nodeID":"1366345","text":"Jordan: India Willoughby: The persons who do know or will make that judgement are the people that are talking to her or involved in this case","type":"L","timestamp":"2023-11-09 14:34:17"},{"nodeID":"1366346","text":"Asserting","type":"YA","timestamp":"2023-11-09 14:34:17"},{"nodeID":"1366347","text":"Asserting","type":"YA","timestamp":"2023-11-09 14:34:17"},{"nodeID":"1366348","text":"Default Transition","type":"TA","timestamp":"2023-11-09 14:34:17"},{"nodeID":"1366349","text":"this chip, chip, chip away at trans people generally is the gutter that India Willoughby really wants to avoid","type":"I","timestamp":"2023-11-09 14:34:18"},{"nodeID":"1366350","text":"Jordan: India Willoughby: this is the gutter that I really want to avoid","type":"L","timestamp":"2023-11-09 14:34:18"},{"nodeID":"1366351","text":"Analysing","type":"YA","timestamp":"2023-11-09 14:34:18"},{"nodeID":"1366352","text":"India Willoughby: this is the gutter that I really want to avoid","type":"L","timestamp":"2023-11-09 14:34:18"},{"nodeID":"1366353","text":"Pure Questioning","type":"YA","timestamp":"2023-11-09 14:34:18"},{"nodeID":"1366354","text":"Default Transition","type":"TA","timestamp":"2023-11-09 14:34:18"},{"nodeID":"1366355","text":"India Willoughby: you know, this chip, chip, chip away at trans people generally","type":"L","timestamp":"2023-11-09 14:34:18"},{"nodeID":"1366356","text":"Analysing","type":"YA","timestamp":"2023-11-09 14:34:18"},{"nodeID":"1366357","text":"Jordan: India Willoughby: you know, this chip, chip, chip away at trans people generally","type":"L","timestamp":"2023-11-09 14:34:18"},{"nodeID":"1366358","text":"Asserting","type":"YA","timestamp":"2023-11-09 14:34:18"},{"nodeID":"1366359","text":"Default Transition","type":"TA","timestamp":"2023-11-09 14:34:18"},{"nodeID":"1366360","text":"Default Rephrase","type":"MA","timestamp":"2023-11-09 14:34:18"},{"nodeID":"1366361","text":"Default Illocuting","type":"YA","timestamp":"2023-11-09 14:34:18"},{"nodeID":"1366362","text":"Ella Whelan: A rapist","type":"L","timestamp":"2023-11-09 14:34:18"},{"nodeID":"1366363","text":"Analysing","type":"YA","timestamp":"2023-11-09 14:34:18"},{"nodeID":"1366364","text":"Jordan: Ella Whelan: A rapist","type":"L","timestamp":"2023-11-09 14:34:18"},{"nodeID":"1366365","text":"trans gender people are not rapists","type":"I","timestamp":"2023-11-09 14:34:18"},{"nodeID":"1366366","text":"Asserting","type":"YA","timestamp":"2023-11-09 14:34:18"},{"nodeID":"1366367","text":"Default Transition","type":"TA","timestamp":"2023-11-09 14:34:18"},{"nodeID":"1366368","text":"Ella Whelan: Not trans gender people","type":"L","timestamp":"2023-11-09 14:34:18"},{"nodeID":"1366369","text":"Jordan: Ella Whelan: Not trans gender people","type":"L","timestamp":"2023-11-09 14:34:18"},{"nodeID":"1366370","text":"Analysing","type":"YA","timestamp":"2023-11-09 14:34:19"},{"nodeID":"1366371","text":"Asserting","type":"YA","timestamp":"2023-11-09 14:34:19"},{"nodeID":"1366372","text":"Default Inference","type":"RA","timestamp":"2023-11-09 14:34:19"},{"nodeID":"1366373","text":"Default Transition","type":"TA","timestamp":"2023-11-09 14:34:19"},{"nodeID":"1366374","text":"Arguing","type":"YA","timestamp":"2023-11-09 14:34:19"},{"nodeID":"1366375","text":"India Willoughby: Trans people are real","type":"L","timestamp":"2023-11-09 14:34:19"},{"nodeID":"1366376","text":"Jordan: India Willoughby: Trans people are real","type":"L","timestamp":"2023-11-09 14:34:19"},{"nodeID":"1366377","text":"Analysing","type":"YA","timestamp":"2023-11-09 14:34:19"},{"nodeID":"1366378","text":"Asserting","type":"YA","timestamp":"2023-11-09 14:34:19"},{"nodeID":"1366379","text":"Default Inference","type":"RA","timestamp":"2023-11-09 14:34:19"},{"nodeID":"1366380","text":"Default Transition","type":"TA","timestamp":"2023-11-09 14:34:19"},{"nodeID":"1366381","text":"Arguing","type":"YA","timestamp":"2023-11-09 14:34:19"},{"nodeID":"1366382","text":"India Willoughby: Why not say that either","type":"L","timestamp":"2023-11-09 14:34:19"},{"nodeID":"1366383","text":"Analysing","type":"YA","timestamp":"2023-11-09 14:34:19"},{"nodeID":"1366384","text":"Jordan: India Willoughby: Why not say that either","type":"L","timestamp":"2023-11-09 14:34:19"},{"nodeID":"1366385","text":"Asserting","type":"YA","timestamp":"2023-11-09 14:34:20"},{"nodeID":"1366386","text":"Default Transition","type":"TA","timestamp":"2023-11-09 14:34:20"},{"nodeID":"1366387","text":"Ella Whelan: You talked about misinformation","type":"L","timestamp":"2023-11-09 14:34:20"},{"nodeID":"1366388","text":"Analysing","type":"YA","timestamp":"2023-11-09 14:34:20"},{"nodeID":"1366389","text":"Jordan: Ella Whelan: You talked about misinformation","type":"L","timestamp":"2023-11-09 14:34:20"},{"nodeID":"1366390","text":"Default Transition","type":"TA","timestamp":"2023-11-09 14:34:20"},{"nodeID":"1366391","text":"Ella Whelan: now you're wilfully misrepresenting what I said","type":"L","timestamp":"2023-11-09 14:34:20"},{"nodeID":"1366392","text":"Analysing","type":"YA","timestamp":"2023-11-09 14:34:20"},{"nodeID":"1366393","text":"Jordan: Ella Whelan: now you're wilfully misrepresenting what I said","type":"L","timestamp":"2023-11-09 14:34:20"},{"nodeID":"1366394","text":"Asserting","type":"YA","timestamp":"2023-11-09 14:34:20"},{"nodeID":"1366395","text":"Default Transition","type":"TA","timestamp":"2023-11-09 14:34:20"},{"nodeID":"1366396","text":"Ella Whelan is trying to drag the conversation down","type":"I","timestamp":"2023-11-09 14:34:21"},{"nodeID":"1366397","text":"India Willoughby: You are trying to drag it down","type":"L","timestamp":"2023-11-09 14:34:21"},{"nodeID":"1366398","text":"Analysing","type":"YA","timestamp":"2023-11-09 14:34:21"},{"nodeID":"1366399","text":"Jordan: India Willoughby: You are trying to drag it down","type":"L","timestamp":"2023-11-09 14:34:21"},{"nodeID":"1366400","text":"Asserting","type":"YA","timestamp":"2023-11-09 14:34:21"},{"nodeID":"1366401","text":"Default Inference","type":"RA","timestamp":"2023-11-09 14:34:21"},{"nodeID":"1366402","text":"Default Transition","type":"TA","timestamp":"2023-11-09 14:34:21"},{"nodeID":"1366403","text":"Arguing","type":"YA","timestamp":"2023-11-09 14:34:21"},{"nodeID":"1366404","text":"anyone who has seen India Willoughby's television or twitter account will know a lot about gutter","type":"I","timestamp":"2023-11-09 14:34:22"},{"nodeID":"1366405","text":"Analysing","type":"YA","timestamp":"2023-11-09 14:34:22"},{"nodeID":"1366406","text":"Ella Whelan: Anyone who has seen your television twitter account will know a lot about gutter","type":"L","timestamp":"2023-11-09 14:34:22"},{"nodeID":"1366407","text":"Jordan: Ella Whelan: Anyone who has seen your television twitter account will know a lot about gutter","type":"L","timestamp":"2023-11-09 14:34:22"},{"nodeID":"1366408","text":"Asserting","type":"YA","timestamp":"2023-11-09 14:34:22"},{"nodeID":"1366409","text":"Default Transition","type":"TA","timestamp":"2023-11-09 14:34:22"},{"nodeID":"1366410","text":"you have to bend over backwards and to that spiel as a woman to say what you want to say","type":"I","timestamp":"2023-11-09 14:34:22"},{"nodeID":"1366411","text":"Ella Whelan: you have to bend over backwards and to that spiel as a woman to say what you want to say","type":"L","timestamp":"2023-11-09 14:34:22"},{"nodeID":"1366412","text":"Jordan: Ella Whelan: you have to bend over backwards and to that spiel as a woman to say what you want to say","type":"L","timestamp":"2023-11-09 14:34:22"},{"nodeID":"1366413","text":"Analysing","type":"YA","timestamp":"2023-11-09 14:34:22"},{"nodeID":"1366414","text":"Assertive Challenging","type":"YA","timestamp":"2023-11-09 14:34:22"},{"nodeID":"1366415","text":"Default Rephrase","type":"MA","timestamp":"2023-11-09 14:34:22"},{"nodeID":"1366416","text":"Default Transition","type":"TA","timestamp":"2023-11-09 14:34:22"},{"nodeID":"1366417","text":"Restating","type":"YA","timestamp":"2023-11-09 14:34:22"},{"nodeID":"1366418","text":"Analysing","type":"YA","timestamp":"2023-11-09 14:34:22"},{"nodeID":"1366419","text":"Asserting","type":"YA","timestamp":"2023-11-09 14:34:22"},{"nodeID":"1366420","text":"Analysing","type":"YA","timestamp":"2023-11-09 14:34:22"},{"nodeID":"1366421","text":"Asserting","type":"YA","timestamp":"2023-11-09 14:34:22"},{"nodeID":"1366422","text":"Default Transition","type":"TA","timestamp":"2023-11-09 14:34:22"},{"nodeID":"1366423","text":"Default Transition","type":"TA","timestamp":"2023-11-09 14:34:22"},{"nodeID":"1366424","text":"Analysing","type":"YA","timestamp":"2023-11-09 14:34:22"},{"nodeID":"1366425","text":"Asserting","type":"YA","timestamp":"2023-11-09 14:34:22"},{"nodeID":"1366426","text":"Default Transition","type":"TA","timestamp":"2023-11-09 14:34:22"},{"nodeID":"1366427","text":"Analysing","type":"YA","timestamp":"2023-11-09 14:34:22"},{"nodeID":"1366428","text":"Asserting","type":"YA","timestamp":"2023-11-09 14:34:22"},{"nodeID":"1366429","text":"Default Conflict","type":"CA","timestamp":"2023-11-09 14:34:22"},{"nodeID":"1366430","text":"Disagreeing","type":"YA","timestamp":"2023-11-09 14:34:22"},{"nodeID":"1366431","text":"Default Inference","type":"RA","timestamp":"2023-11-09 14:34:22"},{"nodeID":"1366432","text":"Arguing","type":"YA","timestamp":"2023-11-09 14:34:22"},{"nodeID":"1366433","text":"Default Conflict","type":"CA","timestamp":"2023-11-09 14:34:22"},{"nodeID":"1366434","text":"Default Transition","type":"TA","timestamp":"2023-11-09 14:34:22"},{"nodeID":"1366435","text":"Disagreeing","type":"YA","timestamp":"2023-11-09 14:34:22"},{"nodeID":"1366436","text":"Analysing","type":"YA","timestamp":"2023-11-09 14:34:22"},{"nodeID":"1366437","text":"Asserting","type":"YA","timestamp":"2023-11-09 14:34:22"},{"nodeID":"1366438","text":"Default Transition","type":"TA","timestamp":"2023-11-09 14:34:22"},{"nodeID":"1366439","text":"Default Conflict","type":"CA","timestamp":"2023-11-09 14:34:22"},{"nodeID":"1366440","text":"Disagreeing","type":"YA","timestamp":"2023-11-09 14:34:22"},{"nodeID":"1366441","text":"Default Transition","type":"TA","timestamp":"2023-11-09 14:34:22"},{"nodeID":"1366442","text":"Default Inference","type":"RA","timestamp":"2023-11-09 14:34:22"},{"nodeID":"1366443","text":"Arguing","type":"YA","timestamp":"2023-11-09 14:34:22"},{"nodeID":"1366444","text":"Default Rephrase","type":"MA","timestamp":"2023-11-09 14:34:22"},{"nodeID":"1366445","text":"Restating","type":"YA","timestamp":"2023-11-09 14:34:22"},{"nodeID":"1366446","text":"Asserting","type":"YA","timestamp":"2023-11-09 14:34:22"},{"nodeID":"1366447","text":"Default Conflict","type":"CA","timestamp":"2023-11-09 14:34:22"},{"nodeID":"1366448","text":"Disagreeing","type":"YA","timestamp":"2023-11-09 14:34:22"}],"edges":[{"edgeID":"1787714","fromID":"1366287","toID":"1366272","formEdgeID":null},{"edgeID":"1787715","fromID":"1366273","toID":"1366287","formEdgeID":null},{"edgeID":"1787716","fromID":"1366272","toID":"1366288","formEdgeID":null},{"edgeID":"1787717","fromID":"1366288","toID":"1366271","formEdgeID":null},{"edgeID":"1787718","fromID":"1366293","toID":"1366276","formEdgeID":null},{"edgeID":"1787719","fromID":"1366275","toID":"1366293","formEdgeID":null},{"edgeID":"1787720","fromID":"1366276","toID":"1366294","formEdgeID":null},{"edgeID":"1787721","fromID":"1366294","toID":"1366274","formEdgeID":null},{"edgeID":"1787722","fromID":"1366272","toID":"1366295","formEdgeID":null},{"edgeID":"1787723","fromID":"1366295","toID":"1366276","formEdgeID":null},{"edgeID":"1787724","fromID":"1366274","toID":"1366296","formEdgeID":null},{"edgeID":"1787725","fromID":"1366296","toID":"1366271","formEdgeID":null},{"edgeID":"1787726","fromID":"1366295","toID":"1366297","formEdgeID":null},{"edgeID":"1787727","fromID":"1366297","toID":"1366296","formEdgeID":null},{"edgeID":"1787728","fromID":"1366300","toID":"1366277","formEdgeID":null},{"edgeID":"1787729","fromID":"1366278","toID":"1366300","formEdgeID":null},{"edgeID":"1787730","fromID":"1366277","toID":"1366301","formEdgeID":null},{"edgeID":"1787731","fromID":"1366301","toID":"1205500","formEdgeID":null},{"edgeID":"1787732","fromID":"1366302","toID":"1366277","formEdgeID":null},{"edgeID":"1787733","fromID":"1366276","toID":"1366302","formEdgeID":null},{"edgeID":"1787734","fromID":"1366303","toID":"1366274","formEdgeID":null},{"edgeID":"1787735","fromID":"1205500","toID":"1366303","formEdgeID":null},{"edgeID":"1787736","fromID":"1366302","toID":"1366304","formEdgeID":null},{"edgeID":"1787737","fromID":"1366304","toID":"1366303","formEdgeID":null},{"edgeID":"1787738","fromID":"1366308","toID":"1366280","formEdgeID":null},{"edgeID":"1787739","fromID":"1366281","toID":"1366308","formEdgeID":null},{"edgeID":"1787740","fromID":"1366309","toID":"1366279","formEdgeID":null},{"edgeID":"1787741","fromID":"1366280","toID":"1366309","formEdgeID":null},{"edgeID":"1787742","fromID":"1366310","toID":"1366280","formEdgeID":null},{"edgeID":"1787743","fromID":"1366277","toID":"1366310","formEdgeID":null},{"edgeID":"1787744","fromID":"1366311","toID":"1205500","formEdgeID":null},{"edgeID":"1787745","fromID":"1366279","toID":"1366311","formEdgeID":null},{"edgeID":"1787746","fromID":"1366310","toID":"1366312","formEdgeID":null},{"edgeID":"1787747","fromID":"1366312","toID":"1366311","formEdgeID":null},{"edgeID":"1787748","fromID":"1366315","toID":"1366283","formEdgeID":null},{"edgeID":"1787749","fromID":"1366284","toID":"1366315","formEdgeID":null},{"edgeID":"1787750","fromID":"1366317","toID":"1366282","formEdgeID":null},{"edgeID":"1787751","fromID":"1366283","toID":"1366317","formEdgeID":null},{"edgeID":"1787752","fromID":"1366280","toID":"1366318","formEdgeID":null},{"edgeID":"1787753","fromID":"1366318","toID":"1366283","formEdgeID":null},{"edgeID":"1787754","fromID":"1366282","toID":"1366319","formEdgeID":null},{"edgeID":"1787755","fromID":"1366319","toID":"1366279","formEdgeID":null},{"edgeID":"1787756","fromID":"1366320","toID":"1366319","formEdgeID":null},{"edgeID":"1787757","fromID":"1366318","toID":"1366320","formEdgeID":null},{"edgeID":"1787758","fromID":"1366323","toID":"1366285","formEdgeID":null},{"edgeID":"1787759","fromID":"1366286","toID":"1366323","formEdgeID":null},{"edgeID":"1787760","fromID":"1366285","toID":"1366324","formEdgeID":null},{"edgeID":"1787761","fromID":"1366324","toID":"1158299","formEdgeID":null},{"edgeID":"1787762","fromID":"1366326","toID":"1366290","formEdgeID":null},{"edgeID":"1787763","fromID":"1366291","toID":"1366326","formEdgeID":null},{"edgeID":"1787764","fromID":"1366328","toID":"1366289","formEdgeID":null},{"edgeID":"1787765","fromID":"1366290","toID":"1366328","formEdgeID":null},{"edgeID":"1787766","fromID":"1366330","toID":"1366290","formEdgeID":null},{"edgeID":"1787767","fromID":"1366285","toID":"1366330","formEdgeID":null},{"edgeID":"1787768","fromID":"1366289","toID":"1366331","formEdgeID":null},{"edgeID":"1787769","fromID":"1366331","toID":"1158299","formEdgeID":null},{"edgeID":"1787770","fromID":"1366332","toID":"1366331","formEdgeID":null},{"edgeID":"1787771","fromID":"1366330","toID":"1366332","formEdgeID":null},{"edgeID":"1787772","fromID":"1366335","toID":"1366298","formEdgeID":null},{"edgeID":"1787773","fromID":"1366299","toID":"1366335","formEdgeID":null},{"edgeID":"1787774","fromID":"1366298","toID":"1366337","formEdgeID":null},{"edgeID":"1787775","fromID":"1366337","toID":"1366292","formEdgeID":null},{"edgeID":"1787776","fromID":"1366292","toID":"1366338","formEdgeID":null},{"edgeID":"1787777","fromID":"1366338","toID":"1366289","formEdgeID":null},{"edgeID":"1787778","fromID":"1366339","toID":"1366298","formEdgeID":null},{"edgeID":"1787779","fromID":"1366290","toID":"1366339","formEdgeID":null},{"edgeID":"1787780","fromID":"1366340","toID":"1366338","formEdgeID":null},{"edgeID":"1787781","fromID":"1366339","toID":"1366340","formEdgeID":null},{"edgeID":"1787782","fromID":"1366343","toID":"1366306","formEdgeID":null},{"edgeID":"1787783","fromID":"1366305","toID":"1366343","formEdgeID":null},{"edgeID":"1787784","fromID":"1366344","toID":"1366307","formEdgeID":null},{"edgeID":"1787785","fromID":"1366313","toID":"1366344","formEdgeID":null},{"edgeID":"1787786","fromID":"1366346","toID":"1158323","formEdgeID":null},{"edgeID":"1787787","fromID":"1366307","toID":"1366346","formEdgeID":null},{"edgeID":"1787788","fromID":"1366347","toID":"1366307","formEdgeID":null},{"edgeID":"1787789","fromID":"1366306","toID":"1366347","formEdgeID":null},{"edgeID":"1787790","fromID":"1366298","toID":"1366348","formEdgeID":null},{"edgeID":"1787791","fromID":"1366348","toID":"1366306","formEdgeID":null},{"edgeID":"1787792","fromID":"1366321","toID":"1366351","formEdgeID":null},{"edgeID":"1787793","fromID":"1366351","toID":"1366316","formEdgeID":null},{"edgeID":"1787794","fromID":"1366353","toID":"1366314","formEdgeID":null},{"edgeID":"1787795","fromID":"1366316","toID":"1366353","formEdgeID":null},{"edgeID":"1787796","fromID":"1366354","toID":"1366316","formEdgeID":null},{"edgeID":"1787797","fromID":"1366306","toID":"1366354","formEdgeID":null},{"edgeID":"1787798","fromID":"1366356","toID":"1366325","formEdgeID":null},{"edgeID":"1787799","fromID":"1366322","toID":"1366356","formEdgeID":null},{"edgeID":"1787800","fromID":"1366325","toID":"1366358","formEdgeID":null},{"edgeID":"1787801","fromID":"1366358","toID":"1158341","formEdgeID":null},{"edgeID":"1787802","fromID":"1366359","toID":"1366325","formEdgeID":null},{"edgeID":"1787803","fromID":"1366316","toID":"1366359","formEdgeID":null},{"edgeID":"1787804","fromID":"1158341","toID":"1366360","formEdgeID":null},{"edgeID":"1787805","fromID":"1366360","toID":"1366314","formEdgeID":null},{"edgeID":"1787806","fromID":"1366361","toID":"1366360","formEdgeID":null},{"edgeID":"1787807","fromID":"1366359","toID":"1366361","formEdgeID":null},{"edgeID":"1787808","fromID":"1366363","toID":"1366333","formEdgeID":null},{"edgeID":"1787809","fromID":"1366329","toID":"1366363","formEdgeID":null},{"edgeID":"1787810","fromID":"1366333","toID":"1366366","formEdgeID":null},{"edgeID":"1787811","fromID":"1366366","toID":"1366327","formEdgeID":null},{"edgeID":"1787812","fromID":"1366367","toID":"1366333","formEdgeID":null},{"edgeID":"1787813","fromID":"1366325","toID":"1366367","formEdgeID":null},{"edgeID":"1787814","fromID":"1366341","toID":"1366370","formEdgeID":null},{"edgeID":"1787815","fromID":"1366370","toID":"1366336","formEdgeID":null},{"edgeID":"1787816","fromID":"1366371","toID":"1366334","formEdgeID":null},{"edgeID":"1787817","fromID":"1366336","toID":"1366371","formEdgeID":null},{"edgeID":"1787818","fromID":"1366334","toID":"1366372","formEdgeID":null},{"edgeID":"1787819","fromID":"1366372","toID":"1366327","formEdgeID":null},{"edgeID":"1787820","fromID":"1366333","toID":"1366373","formEdgeID":null},{"edgeID":"1787821","fromID":"1366373","toID":"1366336","formEdgeID":null},{"edgeID":"1787822","fromID":"1366374","toID":"1366372","formEdgeID":null},{"edgeID":"1787823","fromID":"1366373","toID":"1366374","formEdgeID":null},{"edgeID":"1787824","fromID":"1366377","toID":"1366342","formEdgeID":null},{"edgeID":"1787825","fromID":"1366345","toID":"1366377","formEdgeID":null},{"edgeID":"1787826","fromID":"1366378","toID":"1158365","formEdgeID":null},{"edgeID":"1787827","fromID":"1366342","toID":"1366378","formEdgeID":null},{"edgeID":"1787828","fromID":"1366379","toID":"1366334","formEdgeID":null},{"edgeID":"1787829","fromID":"1158365","toID":"1366379","formEdgeID":null},{"edgeID":"1787830","fromID":"1366336","toID":"1366380","formEdgeID":null},{"edgeID":"1787831","fromID":"1366380","toID":"1366342","formEdgeID":null},{"edgeID":"1787832","fromID":"1366380","toID":"1366381","formEdgeID":null},{"edgeID":"1787833","fromID":"1366381","toID":"1366379","formEdgeID":null},{"edgeID":"1787834","fromID":"1366350","toID":"1366383","formEdgeID":null},{"edgeID":"1787835","fromID":"1366383","toID":"1366352","formEdgeID":null},{"edgeID":"1787836","fromID":"1366352","toID":"1366385","formEdgeID":null},{"edgeID":"1787837","fromID":"1366385","toID":"1366349","formEdgeID":null},{"edgeID":"1787838","fromID":"1366342","toID":"1366386","formEdgeID":null},{"edgeID":"1787839","fromID":"1366386","toID":"1366352","formEdgeID":null},{"edgeID":"1787840","fromID":"1366388","toID":"1366355","formEdgeID":null},{"edgeID":"1787841","fromID":"1366357","toID":"1366388","formEdgeID":null},{"edgeID":"1787842","fromID":"1366352","toID":"1366390","formEdgeID":null},{"edgeID":"1787843","fromID":"1366390","toID":"1366355","formEdgeID":null},{"edgeID":"1787844","fromID":"1366364","toID":"1366392","formEdgeID":null},{"edgeID":"1787845","fromID":"1366392","toID":"1366362","formEdgeID":null},{"edgeID":"1787846","fromID":"1366394","toID":"1364794","formEdgeID":null},{"edgeID":"1787847","fromID":"1366362","toID":"1366394","formEdgeID":null},{"edgeID":"1787848","fromID":"1366355","toID":"1366395","formEdgeID":null},{"edgeID":"1787849","fromID":"1366395","toID":"1366362","formEdgeID":null},{"edgeID":"1787850","fromID":"1366369","toID":"1366398","formEdgeID":null},{"edgeID":"1787851","fromID":"1366398","toID":"1366368","formEdgeID":null},{"edgeID":"1787852","fromID":"1366400","toID":"1366365","formEdgeID":null},{"edgeID":"1787853","fromID":"1366368","toID":"1366400","formEdgeID":null},{"edgeID":"1787854","fromID":"1364794","toID":"1366401","formEdgeID":null},{"edgeID":"1787855","fromID":"1366401","toID":"1366365","formEdgeID":null},{"edgeID":"1787856","fromID":"1366362","toID":"1366402","formEdgeID":null},{"edgeID":"1787857","fromID":"1366402","toID":"1366368","formEdgeID":null},{"edgeID":"1787858","fromID":"1366403","toID":"1366401","formEdgeID":null},{"edgeID":"1787859","fromID":"1366402","toID":"1366403","formEdgeID":null},{"edgeID":"1787860","fromID":"1366405","toID":"1366375","formEdgeID":null},{"edgeID":"1787861","fromID":"1366376","toID":"1366405","formEdgeID":null},{"edgeID":"1787862","fromID":"1366375","toID":"1366408","formEdgeID":null},{"edgeID":"1787863","fromID":"1366408","toID":"1158421","formEdgeID":null},{"edgeID":"1787864","fromID":"1366368","toID":"1366409","formEdgeID":null},{"edgeID":"1787865","fromID":"1366409","toID":"1366375","formEdgeID":null},{"edgeID":"1787866","fromID":"1366413","toID":"1366382","formEdgeID":null},{"edgeID":"1787867","fromID":"1366384","toID":"1366413","formEdgeID":null},{"edgeID":"1787868","fromID":"1366382","toID":"1366414","formEdgeID":null},{"edgeID":"1787869","fromID":"1366414","toID":"1158421","formEdgeID":null},{"edgeID":"1787870","fromID":"1158421","toID":"1366415","formEdgeID":null},{"edgeID":"1787871","fromID":"1366415","toID":"1158421","formEdgeID":null},{"edgeID":"1787872","fromID":"1366375","toID":"1366416","formEdgeID":null},{"edgeID":"1787873","fromID":"1366416","toID":"1366382","formEdgeID":null},{"edgeID":"1787874","fromID":"1366416","toID":"1366417","formEdgeID":null},{"edgeID":"1787875","fromID":"1366417","toID":"1366415","formEdgeID":null},{"edgeID":"1787876","fromID":"1366418","toID":"1366387","formEdgeID":null},{"edgeID":"1787877","fromID":"1366389","toID":"1366418","formEdgeID":null},{"edgeID":"1787878","fromID":"1366387","toID":"1366419","formEdgeID":null},{"edgeID":"1787879","fromID":"1366419","toID":"1158455","formEdgeID":null},{"edgeID":"1787880","fromID":"1366420","toID":"1366391","formEdgeID":null},{"edgeID":"1787881","fromID":"1366393","toID":"1366420","formEdgeID":null},{"edgeID":"1787882","fromID":"1366391","toID":"1366421","formEdgeID":null},{"edgeID":"1787883","fromID":"1366421","toID":"1158472","formEdgeID":null},{"edgeID":"1787884","fromID":"1366422","toID":"1366387","formEdgeID":null},{"edgeID":"1787885","fromID":"1366382","toID":"1366422","formEdgeID":null},{"edgeID":"1787886","fromID":"1366423","toID":"1366391","formEdgeID":null},{"edgeID":"1787887","fromID":"1366387","toID":"1366423","formEdgeID":null},{"edgeID":"1787888","fromID":"1366424","toID":"1366397","formEdgeID":null},{"edgeID":"1787889","fromID":"1366399","toID":"1366424","formEdgeID":null},{"edgeID":"1787890","fromID":"1366397","toID":"1366425","formEdgeID":null},{"edgeID":"1787891","fromID":"1366425","toID":"1366396","formEdgeID":null},{"edgeID":"1787892","fromID":"1366391","toID":"1366426","formEdgeID":null},{"edgeID":"1787893","fromID":"1366426","toID":"1366397","formEdgeID":null},{"edgeID":"1787894","fromID":"1366407","toID":"1366427","formEdgeID":null},{"edgeID":"1787895","fromID":"1366427","toID":"1366406","formEdgeID":null},{"edgeID":"1787896","fromID":"1366406","toID":"1366428","formEdgeID":null},{"edgeID":"1787897","fromID":"1366428","toID":"1366404","formEdgeID":null},{"edgeID":"1787898","fromID":"1366429","toID":"1158421","formEdgeID":null},{"edgeID":"1787899","fromID":"1158455","toID":"1366429","formEdgeID":null},{"edgeID":"1787900","fromID":"1366422","toID":"1366430","formEdgeID":null},{"edgeID":"1787901","fromID":"1366430","toID":"1366429","formEdgeID":null},{"edgeID":"1787902","fromID":"1158455","toID":"1366431","formEdgeID":null},{"edgeID":"1787903","fromID":"1366431","toID":"1158472","formEdgeID":null},{"edgeID":"1787904","fromID":"1366423","toID":"1366432","formEdgeID":null},{"edgeID":"1787905","fromID":"1366432","toID":"1366431","formEdgeID":null},{"edgeID":"1787906","fromID":"1366404","toID":"1366433","formEdgeID":null},{"edgeID":"1787907","fromID":"1366433","toID":"1366349","formEdgeID":null},{"edgeID":"1787908","fromID":"1366352","toID":"1366434","formEdgeID":null},{"edgeID":"1787909","fromID":"1366434","toID":"1366406","formEdgeID":null},{"edgeID":"1787910","fromID":"1366434","toID":"1366435","formEdgeID":null},{"edgeID":"1787911","fromID":"1366435","toID":"1366433","formEdgeID":null},{"edgeID":"1787912","fromID":"1366412","toID":"1366436","formEdgeID":null},{"edgeID":"1787913","fromID":"1366436","toID":"1366411","formEdgeID":null},{"edgeID":"1787914","fromID":"1366437","toID":"1366410","formEdgeID":null},{"edgeID":"1787915","fromID":"1366411","toID":"1366437","formEdgeID":null},{"edgeID":"1787916","fromID":"1366438","toID":"1366411","formEdgeID":null},{"edgeID":"1787917","fromID":"1366283","toID":"1366438","formEdgeID":null},{"edgeID":"1787918","fromID":"1366439","toID":"1366282","formEdgeID":null},{"edgeID":"1787919","fromID":"1366410","toID":"1366439","formEdgeID":null},{"edgeID":"1787920","fromID":"1366440","toID":"1366439","formEdgeID":null},{"edgeID":"1787921","fromID":"1366438","toID":"1366440","formEdgeID":null},{"edgeID":"1787922","fromID":"1366441","toID":"1366285","formEdgeID":null},{"edgeID":"1787923","fromID":"1366411","toID":"1366441","formEdgeID":null},{"edgeID":"1787924","fromID":"1366410","toID":"1366442","formEdgeID":null},{"edgeID":"1787925","fromID":"1366442","toID":"1158299","formEdgeID":null},{"edgeID":"1787926","fromID":"1366441","toID":"1366443","formEdgeID":null},{"edgeID":"1787927","fromID":"1366443","toID":"1366442","formEdgeID":null},{"edgeID":"1787928","fromID":"1366444","toID":"1158341","formEdgeID":null},{"edgeID":"1787929","fromID":"1366327","toID":"1366444","formEdgeID":null},{"edgeID":"1787930","fromID":"1366367","toID":"1366445","formEdgeID":null},{"edgeID":"1787931","fromID":"1366445","toID":"1366444","formEdgeID":null},{"edgeID":"1787932","fromID":"1366446","toID":"1366349","formEdgeID":null},{"edgeID":"1787933","fromID":"1366355","toID":"1366446","formEdgeID":null},{"edgeID":"1787934","fromID":"1366447","toID":"1366349","formEdgeID":null},{"edgeID":"1787935","fromID":"1364794","toID":"1366447","formEdgeID":null},{"edgeID":"1787936","fromID":"1366395","toID":"1366448","formEdgeID":null},{"edgeID":"1787937","fromID":"1366448","toID":"1366447","formEdgeID":null}],"locutions":[]}