{"nodes":[{"nodeID":"1365982","text":"Analysing","type":"YA","timestamp":"2023-11-09 14:33:44"},{"nodeID":"1365983","text":"Louise: India Willoughby: With respect, it is","type":"L","timestamp":"2023-11-09 14:33:44"},{"nodeID":"1365984","text":"it is a trans issue","type":"I","timestamp":"2023-11-09 14:33:45"},{"nodeID":"1365985","text":"India Willoughby: it is","type":"L","timestamp":"2023-11-09 14:33:45"},{"nodeID":"1365986","text":"Analysing","type":"YA","timestamp":"2023-11-09 14:33:45"},{"nodeID":"1365987","text":"Louise: India Willoughby: it is","type":"L","timestamp":"2023-11-09 14:33:45"},{"nodeID":"1365988","text":"Asserting","type":"YA","timestamp":"2023-11-09 14:33:45"},{"nodeID":"1365989","text":"there's four trans women in the Scottish prison at the moment","type":"I","timestamp":"2023-11-09 14:33:46"},{"nodeID":"1365990","text":"India Willoughby: there's four trans women in the Scottish prison at the moment","type":"L","timestamp":"2023-11-09 14:33:46"},{"nodeID":"1365991","text":"Analysing","type":"YA","timestamp":"2023-11-09 14:33:46"},{"nodeID":"1365992","text":"Louise: India Willoughby: there's four trans women in the Scottish prison at the moment","type":"L","timestamp":"2023-11-09 14:33:46"},{"nodeID":"1365993","text":"Asserting","type":"YA","timestamp":"2023-11-09 14:33:46"},{"nodeID":"1365994","text":"none of the four trans woment in Scottish prisons have committed offences","type":"I","timestamp":"2023-11-09 14:33:46"},{"nodeID":"1365995","text":"India Willoughby:  none of whom have committed offences","type":"L","timestamp":"2023-11-09 14:33:46"},{"nodeID":"1365996","text":"Analysing","type":"YA","timestamp":"2023-11-09 14:33:46"},{"nodeID":"1365997","text":"Louise: India Willoughby:  none of whom have committed offences","type":"L","timestamp":"2023-11-09 14:33:46"},{"nodeID":"1365998","text":"Asserting","type":"YA","timestamp":"2023-11-09 14:33:46"},{"nodeID":"1365999","text":"Default Inference","type":"RA","timestamp":"2023-11-09 14:33:46"},{"nodeID":"1366000","text":"Default Transition","type":"TA","timestamp":"2023-11-09 14:33:46"},{"nodeID":"1366001","text":"Default Transition","type":"TA","timestamp":"2023-11-09 14:33:46"},{"nodeID":"1366002","text":"Arguing","type":"YA","timestamp":"2023-11-09 14:33:46"},{"nodeID":"1366003","text":"Default Rephrase","type":"MA","timestamp":"2023-11-09 14:33:46"},{"nodeID":"1366004","text":"Restating","type":"YA","timestamp":"2023-11-09 14:33:46"},{"nodeID":"1366005","text":"you can see that it is a big picture by the question and how it blended into something else","type":"I","timestamp":"2023-11-09 14:33:47"},{"nodeID":"1366006","text":"India Willoughby: You can see that by the question and how it blended into something else","type":"L","timestamp":"2023-11-09 14:33:47"},{"nodeID":"1366007","text":"Analysing","type":"YA","timestamp":"2023-11-09 14:33:47"},{"nodeID":"1366008","text":"Louise: India Willoughby: You can see that by the question and how it blended into something else","type":"L","timestamp":"2023-11-09 14:33:47"},{"nodeID":"1366009","text":"Asserting","type":"YA","timestamp":"2023-11-09 14:33:47"},{"nodeID":"1366010","text":"it is a bigger picture","type":"I","timestamp":"2023-11-09 14:33:47"},{"nodeID":"1366011","text":"India Willoughby: it is a bigger picture","type":"L","timestamp":"2023-11-09 14:33:47"},{"nodeID":"1366012","text":"Analysing","type":"YA","timestamp":"2023-11-09 14:33:47"},{"nodeID":"1366013","text":"Louise: India Willoughby: it is a bigger picture","type":"L","timestamp":"2023-11-09 14:33:47"},{"nodeID":"1366014","text":"Asserting","type":"YA","timestamp":"2023-11-09 14:33:47"},{"nodeID":"1366015","text":"Default Rephrase","type":"MA","timestamp":"2023-11-09 14:33:47"},{"nodeID":"1366016","text":"Default Transition","type":"TA","timestamp":"2023-11-09 14:33:47"},{"nodeID":"1366017","text":"Restating","type":"YA","timestamp":"2023-11-09 14:33:47"},{"nodeID":"1366018","text":"Default Inference","type":"RA","timestamp":"2023-11-09 14:33:47"},{"nodeID":"1366019","text":"Default Transition","type":"TA","timestamp":"2023-11-09 14:33:47"},{"nodeID":"1366020","text":"Arguing","type":"YA","timestamp":"2023-11-09 14:33:47"},{"nodeID":"1366021","text":"we are talking about some bad apples here who have done horrible things","type":"I","timestamp":"2023-11-09 14:33:48"},{"nodeID":"1366022","text":"India Willoughby: We are talking about some bad apples here who have done horrible things","type":"L","timestamp":"2023-11-09 14:33:48"},{"nodeID":"1366023","text":"Analysing","type":"YA","timestamp":"2023-11-09 14:33:48"},{"nodeID":"1366024","text":"Louise: India Willoughby: We are talking about some bad apples here who have done horrible things","type":"L","timestamp":"2023-11-09 14:33:48"},{"nodeID":"1366025","text":"Asserting","type":"YA","timestamp":"2023-11-09 14:33:48"},{"nodeID":"1366026","text":"nobody is defending the bad apples","type":"I","timestamp":"2023-11-09 14:33:49"},{"nodeID":"1366027","text":"India Willoughby: Nobody is defending them","type":"L","timestamp":"2023-11-09 14:33:49"},{"nodeID":"1366028","text":"Analysing","type":"YA","timestamp":"2023-11-09 14:33:49"},{"nodeID":"1366029","text":"Louise: India Willoughby: Nobody is defending them","type":"L","timestamp":"2023-11-09 14:33:49"},{"nodeID":"1366030","text":"Asserting","type":"YA","timestamp":"2023-11-09 14:33:49"},{"nodeID":"1366031","text":"attempts are being made to try to broaden it out so it will affect somebody like India Willoughby","type":"I","timestamp":"2023-11-09 14:33:49"},{"nodeID":"1366032","text":"India Willoughby: attempts are being made to try to broaden it out so it will affect somebody like me","type":"L","timestamp":"2023-11-09 14:33:49"},{"nodeID":"1366033","text":"Analysing","type":"YA","timestamp":"2023-11-09 14:33:49"},{"nodeID":"1366034","text":"Louise: India Willoughby: attempts are being made to try to broaden it out so it will affect somebody like me","type":"L","timestamp":"2023-11-09 14:33:49"},{"nodeID":"1366035","text":"Asserting","type":"YA","timestamp":"2023-11-09 14:33:49"},{"nodeID":"1366036","text":"Default Inference","type":"RA","timestamp":"2023-11-09 14:33:49"},{"nodeID":"1366037","text":"Default Transition","type":"TA","timestamp":"2023-11-09 14:33:49"},{"nodeID":"1366038","text":"Arguing","type":"YA","timestamp":"2023-11-09 14:33:49"},{"nodeID":"1366039","text":"Default Rephrase","type":"MA","timestamp":"2023-11-09 14:33:49"},{"nodeID":"1366040","text":"Default Inference","type":"RA","timestamp":"2023-11-09 14:33:49"},{"nodeID":"1366041","text":"Default Transition","type":"TA","timestamp":"2023-11-09 14:33:49"},{"nodeID":"1366042","text":"Default Transition","type":"TA","timestamp":"2023-11-09 14:33:49"},{"nodeID":"1366043","text":"Restating","type":"YA","timestamp":"2023-11-09 14:33:49"},{"nodeID":"1366044","text":"Arguing","type":"YA","timestamp":"2023-11-09 14:33:49"},{"nodeID":"1366045","text":"if India Willoughby was on a night out and she got raped she would be sent xxx","type":"I","timestamp":"2023-11-09 14:33:50"},{"nodeID":"1366046","text":"India Willoughby: if I was on a night out and I got raped, where would I be sent","type":"L","timestamp":"2023-11-09 14:33:50"},{"nodeID":"1366047","text":"Analysing","type":"YA","timestamp":"2023-11-09 14:33:50"},{"nodeID":"1366048","text":"Louise: India Willoughby: if I was on a night out and I got raped, where would I be sent","type":"L","timestamp":"2023-11-09 14:33:50"},{"nodeID":"1366049","text":"Pure Questioning","type":"YA","timestamp":"2023-11-09 14:33:50"},{"nodeID":"1366050","text":"Default Transition","type":"TA","timestamp":"2023-11-09 14:33:50"},{"nodeID":"1366051","text":"if India Willoughby got raped would she would or would not be sent to a male prison","type":"I","timestamp":"2023-11-09 14:33:51"},{"nodeID":"1366052","text":"India Willoughby: Would I be sent to a male prison","type":"L","timestamp":"2023-11-09 14:33:51"},{"nodeID":"1366053","text":"Analysing","type":"YA","timestamp":"2023-11-09 14:33:51"},{"nodeID":"1366054","text":"Louise: India Willoughby: Would I be sent to a male prison","type":"L","timestamp":"2023-11-09 14:33:51"},{"nodeID":"1366055","text":"Rhetorical Questioning","type":"YA","timestamp":"2023-11-09 14:33:51"},{"nodeID":"1366056","text":"Default Transition","type":"TA","timestamp":"2023-11-09 14:33:51"},{"nodeID":"1366057","text":"Default Rephrase","type":"MA","timestamp":"2023-11-09 14:33:51"},{"nodeID":"1366058","text":"a male prison is where some would like to send India Willoughby","type":"I","timestamp":"2023-11-09 14:33:51"},{"nodeID":"1366059","text":"India Willoughby: That's where some would like to send me","type":"L","timestamp":"2023-11-09 14:33:51"},{"nodeID":"1366060","text":"Analysing","type":"YA","timestamp":"2023-11-09 14:33:51"},{"nodeID":"1366061","text":"Louise: India Willoughby: That's where some would like to send me","type":"L","timestamp":"2023-11-09 14:33:51"},{"nodeID":"1366062","text":"Asserting","type":"YA","timestamp":"2023-11-09 14:33:51"},{"nodeID":"1366063","text":"Default Inference","type":"RA","timestamp":"2023-11-09 14:33:51"},{"nodeID":"1366064","text":"Default Transition","type":"TA","timestamp":"2023-11-09 14:33:51"},{"nodeID":"1366065","text":"Arguing","type":"YA","timestamp":"2023-11-09 14:33:51"},{"nodeID":"1366066","text":"trans women are 20 more times likely to be attacked","type":"I","timestamp":"2023-11-09 14:33:52"},{"nodeID":"1366067","text":"India Willoughby: Trans women are 20 more times likely to be attacked","type":"L","timestamp":"2023-11-09 14:33:52"},{"nodeID":"1366068","text":"Analysing","type":"YA","timestamp":"2023-11-09 14:33:52"},{"nodeID":"1366069","text":"Louise: India Willoughby: Trans women are 20 more times likely to be attacked","type":"L","timestamp":"2023-11-09 14:33:52"},{"nodeID":"1366070","text":"Asserting","type":"YA","timestamp":"2023-11-09 14:33:52"},{"nodeID":"1366071","text":"Default Transition","type":"TA","timestamp":"2023-11-09 14:33:52"},{"nodeID":"1366072","text":"there's an idea as well that women's prisons are like the Women's Institute, everybody is making jam and doing knitting","type":"I","timestamp":"2023-11-09 14:33:52"},{"nodeID":"1366073","text":"India Willoughby: the idea as well that women's prisons are like the Women's Institute, everybody is making jam and doing knitting","type":"L","timestamp":"2023-11-09 14:33:52"},{"nodeID":"1366074","text":"Analysing","type":"YA","timestamp":"2023-11-09 14:33:52"},{"nodeID":"1366075","text":"Louise: India Willoughby: the idea as well that women's prisons are like the Women's Institute, everybody is making jam and doing knitting","type":"L","timestamp":"2023-11-09 14:33:52"},{"nodeID":"1366076","text":"Asserting","type":"YA","timestamp":"2023-11-09 14:33:52"},{"nodeID":"1366077","text":"Default Transition","type":"TA","timestamp":"2023-11-09 14:33:52"},{"nodeID":"1366078","text":"women's prisons are really bad places","type":"I","timestamp":"2023-11-09 14:33:53"},{"nodeID":"1366079","text":"India Willoughby: They are really bad places","type":"L","timestamp":"2023-11-09 14:33:53"},{"nodeID":"1366080","text":"Analysing","type":"YA","timestamp":"2023-11-09 14:33:53"},{"nodeID":"1366081","text":"Louise: India Willoughby: They are really bad places","type":"L","timestamp":"2023-11-09 14:33:53"},{"nodeID":"1366082","text":"Asserting","type":"YA","timestamp":"2023-11-09 14:33:53"},{"nodeID":"1366083","text":"Default Conflict","type":"CA","timestamp":"2023-11-09 14:33:53"},{"nodeID":"1366084","text":"Default Transition","type":"TA","timestamp":"2023-11-09 14:33:53"},{"nodeID":"1366085","text":"Disagreeing","type":"YA","timestamp":"2023-11-09 14:33:53"},{"nodeID":"1366086","text":"this particular jail used to be known as Scotland's toughest prison","type":"I","timestamp":"2023-11-09 14:33:54"},{"nodeID":"1366087","text":"India Willoughby: This particular jail used to be known as Scotland's toughest prison","type":"L","timestamp":"2023-11-09 14:33:54"},{"nodeID":"1366088","text":"Analysing","type":"YA","timestamp":"2023-11-09 14:33:54"},{"nodeID":"1366089","text":"Louise: India Willoughby: This particular jail used to be known as Scotland's toughest prison","type":"L","timestamp":"2023-11-09 14:33:54"},{"nodeID":"1366090","text":"Asserting","type":"YA","timestamp":"2023-11-09 14:33:54"},{"nodeID":"1366091","text":"Default Transition","type":"TA","timestamp":"2023-11-09 14:33:54"},{"nodeID":"1366092","text":"it is the best prison for the best person","type":"I","timestamp":"2023-11-09 14:33:54"},{"nodeID":"1366093","text":"India Willoughby: it is the best prison for the best person","type":"L","timestamp":"2023-11-09 14:33:54"},{"nodeID":"1366094","text":"Analysing","type":"YA","timestamp":"2023-11-09 14:33:54"},{"nodeID":"1366095","text":"Louise: India Willoughby: it is the best prison for the best person","type":"L","timestamp":"2023-11-09 14:33:54"},{"nodeID":"1366096","text":"Asserting","type":"YA","timestamp":"2023-11-09 14:33:54"},{"nodeID":"1366097","text":"Default Transition","type":"TA","timestamp":"2023-11-09 14:33:54"},{"nodeID":"1366098","text":"Jenny Gilruth says that language is very important","type":"I","timestamp":"2023-11-09 14:33:55"},{"nodeID":"1366099","text":"Ella Whelan: Jenny says that language is very important","type":"L","timestamp":"2023-11-09 14:33:55"},{"nodeID":"1366100","text":"Analysing","type":"YA","timestamp":"2023-11-09 14:33:55"},{"nodeID":"1366101","text":"Louise: Ella Whelan: Jenny says that language is very important","type":"L","timestamp":"2023-11-09 14:33:55"},{"nodeID":"1366102","text":"Jenny Gilruth: language is very important","type":"L","timestamp":"2023-11-09 14:33:55"},{"nodeID":"1366103","text":"Analysing","type":"YA","timestamp":"2023-11-09 14:33:55"},{"nodeID":"1366104","text":"Louise: Jenny Gilruth: Jenny says that language is very important","type":"L","timestamp":"2023-11-09 14:33:55"},{"nodeID":"1366105","text":"Asserting","type":"YA","timestamp":"2023-11-09 14:33:55"},{"nodeID":"1366106","text":"Asserting","type":"YA","timestamp":"2023-11-09 14:33:55"},{"nodeID":"1366107","text":"Default Transition","type":"TA","timestamp":"2023-11-09 14:33:55"},{"nodeID":"1366108","text":"Ella Whelan: I agree","type":"L","timestamp":"2023-11-09 14:33:55"},{"nodeID":"1366109","text":"Analysing","type":"YA","timestamp":"2023-11-09 14:33:55"},{"nodeID":"1366110","text":"Louise: Ella Whelan: I agree","type":"L","timestamp":"2023-11-09 14:33:55"},{"nodeID":"1366111","text":"Agreeing","type":"YA","timestamp":"2023-11-09 14:33:55"},{"nodeID":"1366112","text":"Default Transition","type":"TA","timestamp":"2023-11-09 14:33:55"},{"nodeID":"1366113","text":"most people at home will have noticed you kept saying \"the individual\"","type":"I","timestamp":"2023-11-09 14:33:56"},{"nodeID":"1366114","text":"Ella Whelan: most people at home will have noticed you kept saying \"the individual\"","type":"L","timestamp":"2023-11-09 14:33:56"},{"nodeID":"1366115","text":"Analysing","type":"YA","timestamp":"2023-11-09 14:33:56"},{"nodeID":"1366116","text":"Louise: Ella Whelan: most people at home will have noticed you kept saying \"the individual\"","type":"L","timestamp":"2023-11-09 14:33:56"},{"nodeID":"1366117","text":"Default Transition","type":"TA","timestamp":"2023-11-09 14:33:56"},{"nodeID":"1366118","text":"Adam Graham now calls himself Isla Bryson","type":"I","timestamp":"2023-11-09 14:33:56"},{"nodeID":"1366119","text":"Fiona Bruce: Who now calls himself Isla Bryson","type":"L","timestamp":"2023-11-09 14:33:56"},{"nodeID":"1366120","text":"Analysing","type":"YA","timestamp":"2023-11-09 14:33:56"},{"nodeID":"1366121","text":"Louise: Fiona Bruce: Who now calls himself Isla Bryson","type":"L","timestamp":"2023-11-09 14:33:56"},{"nodeID":"1366122","text":"Asserting","type":"YA","timestamp":"2023-11-09 14:33:56"},{"nodeID":"1366123","text":"Default Transition","type":"TA","timestamp":"2023-11-09 14:33:56"},{"nodeID":"1366124","text":"Default Inference","type":"RA","timestamp":"2023-11-09 14:33:56"},{"nodeID":"1366125","text":"Arguing","type":"YA","timestamp":"2023-11-09 14:33:56"},{"nodeID":"1366126","text":"Ella Whelan: Fine","type":"L","timestamp":"2023-11-09 14:33:56"},{"nodeID":"1366127","text":"Analysing","type":"YA","timestamp":"2023-11-09 14:33:56"},{"nodeID":"1366128","text":"Louise: Ella Whelan: Fine","type":"L","timestamp":"2023-11-09 14:33:56"},{"nodeID":"1366129","text":"Default Transition","type":"TA","timestamp":"2023-11-09 14:33:56"},{"nodeID":"1366130","text":"he can call himself Isla Bryson if that's what he wants to do","type":"I","timestamp":"2023-11-09 14:33:57"},{"nodeID":"1366131","text":"Ella Whelan: If that's what he wants to do","type":"L","timestamp":"2023-11-09 14:33:57"},{"nodeID":"1366132","text":"Analysing","type":"YA","timestamp":"2023-11-09 14:33:57"},{"nodeID":"1366133","text":"Louise: Ella Whelan: If that's what he wants to do","type":"L","timestamp":"2023-11-09 14:33:57"},{"nodeID":"1366134","text":"Asserting","type":"YA","timestamp":"2023-11-09 14:33:57"},{"nodeID":"1366135","text":"Default Transition","type":"TA","timestamp":"2023-11-09 14:33:57"},{"nodeID":"1366136","text":"Default Rephrase","type":"MA","timestamp":"2023-11-09 14:33:57"},{"nodeID":"1366137","text":"Restating","type":"YA","timestamp":"2023-11-09 14:33:57"},{"nodeID":"1366138","text":"Restating","type":"YA","timestamp":"2023-11-09 14:33:57"},{"nodeID":"1366139","text":"Default Inference","type":"RA","timestamp":"2023-11-09 14:33:57"},{"nodeID":"1366140","text":"Arguing","type":"YA","timestamp":"2023-11-09 14:33:57"},{"nodeID":"1366141","text":"Unknown Speaker: the individual","type":"L","timestamp":"2023-11-09 14:33:57"},{"nodeID":"1366142","text":"Analysing","type":"YA","timestamp":"2023-11-09 14:33:57"},{"nodeID":"1366143","text":"Louise: Unknown Speaker: most people at home will have noticed you kept saying \"the individual\"","type":"L","timestamp":"2023-11-09 14:33:57"},{"nodeID":"1366144","text":"Asserting","type":"YA","timestamp":"2023-11-09 14:33:57"},{"nodeID":"1366145","text":"Agreeing","type":"YA","timestamp":"2023-11-09 14:33:57"},{"nodeID":"1366146","text":"Asserting","type":"YA","timestamp":"2023-11-09 14:33:57"}],"edges":[{"edgeID":"1787376","fromID":"1365983","toID":"1365982","formEdgeID":null},{"edgeID":"1787377","fromID":"1365986","toID":"1365985","formEdgeID":null},{"edgeID":"1787378","fromID":"1365987","toID":"1365986","formEdgeID":null},{"edgeID":"1787379","fromID":"1365985","toID":"1365988","formEdgeID":null},{"edgeID":"1787380","fromID":"1365988","toID":"1365984","formEdgeID":null},{"edgeID":"1787381","fromID":"1365991","toID":"1365990","formEdgeID":null},{"edgeID":"1787382","fromID":"1365992","toID":"1365991","formEdgeID":null},{"edgeID":"1787383","fromID":"1365990","toID":"1365993","formEdgeID":null},{"edgeID":"1787384","fromID":"1365993","toID":"1365989","formEdgeID":null},{"edgeID":"1787385","fromID":"1365996","toID":"1365995","formEdgeID":null},{"edgeID":"1787386","fromID":"1365997","toID":"1365996","formEdgeID":null},{"edgeID":"1787387","fromID":"1365995","toID":"1365998","formEdgeID":null},{"edgeID":"1787388","fromID":"1365998","toID":"1365994","formEdgeID":null},{"edgeID":"1787389","fromID":"1365994","toID":"1365999","formEdgeID":null},{"edgeID":"1787390","fromID":"1365999","toID":"1365984","formEdgeID":null},{"edgeID":"1787391","fromID":"1365990","toID":"1366000","formEdgeID":null},{"edgeID":"1787392","fromID":"1366000","toID":"1365995","formEdgeID":null},{"edgeID":"1787393","fromID":"1365985","toID":"1366001","formEdgeID":null},{"edgeID":"1787394","fromID":"1366001","toID":"1365995","formEdgeID":null},{"edgeID":"1787395","fromID":"1366001","toID":"1366002","formEdgeID":null},{"edgeID":"1787396","fromID":"1366002","toID":"1365999","formEdgeID":null},{"edgeID":"1787397","fromID":"1365994","toID":"1366003","formEdgeID":null},{"edgeID":"1787398","fromID":"1366003","toID":"1365989","formEdgeID":null},{"edgeID":"1787399","fromID":"1366000","toID":"1366004","formEdgeID":null},{"edgeID":"1787400","fromID":"1366004","toID":"1366003","formEdgeID":null},{"edgeID":"1787401","fromID":"1366007","toID":"1366006","formEdgeID":null},{"edgeID":"1787402","fromID":"1366008","toID":"1366007","formEdgeID":null},{"edgeID":"1787403","fromID":"1366006","toID":"1366009","formEdgeID":null},{"edgeID":"1787404","fromID":"1366009","toID":"1366005","formEdgeID":null},{"edgeID":"1787405","fromID":"1366012","toID":"1366011","formEdgeID":null},{"edgeID":"1787406","fromID":"1366013","toID":"1366012","formEdgeID":null},{"edgeID":"1787407","fromID":"1366011","toID":"1366014","formEdgeID":null},{"edgeID":"1787408","fromID":"1366014","toID":"1366010","formEdgeID":null},{"edgeID":"1787409","fromID":"1366010","toID":"1366015","formEdgeID":null},{"edgeID":"1787410","fromID":"1366015","toID":"1365984","formEdgeID":null},{"edgeID":"1787411","fromID":"1365985","toID":"1366016","formEdgeID":null},{"edgeID":"1787412","fromID":"1366016","toID":"1366011","formEdgeID":null},{"edgeID":"1787413","fromID":"1366016","toID":"1366017","formEdgeID":null},{"edgeID":"1787414","fromID":"1366017","toID":"1366015","formEdgeID":null},{"edgeID":"1787415","fromID":"1366005","toID":"1366018","formEdgeID":null},{"edgeID":"1787416","fromID":"1366018","toID":"1366010","formEdgeID":null},{"edgeID":"1787417","fromID":"1366011","toID":"1366019","formEdgeID":null},{"edgeID":"1787418","fromID":"1366019","toID":"1366006","formEdgeID":null},{"edgeID":"1787419","fromID":"1366019","toID":"1366020","formEdgeID":null},{"edgeID":"1787420","fromID":"1366020","toID":"1366018","formEdgeID":null},{"edgeID":"1787421","fromID":"1366023","toID":"1366022","formEdgeID":null},{"edgeID":"1787422","fromID":"1366024","toID":"1366023","formEdgeID":null},{"edgeID":"1787423","fromID":"1366022","toID":"1366025","formEdgeID":null},{"edgeID":"1787424","fromID":"1366025","toID":"1366021","formEdgeID":null},{"edgeID":"1787425","fromID":"1366028","toID":"1366027","formEdgeID":null},{"edgeID":"1787426","fromID":"1366029","toID":"1366028","formEdgeID":null},{"edgeID":"1787427","fromID":"1366027","toID":"1366030","formEdgeID":null},{"edgeID":"1787428","fromID":"1366030","toID":"1366026","formEdgeID":null},{"edgeID":"1787429","fromID":"1366033","toID":"1366032","formEdgeID":null},{"edgeID":"1787430","fromID":"1366034","toID":"1366033","formEdgeID":null},{"edgeID":"1787431","fromID":"1366032","toID":"1366035","formEdgeID":null},{"edgeID":"1787432","fromID":"1366035","toID":"1366031","formEdgeID":null},{"edgeID":"1787433","fromID":"1366031","toID":"1366036","formEdgeID":null},{"edgeID":"1787434","fromID":"1366036","toID":"1366005","formEdgeID":null},{"edgeID":"1787435","fromID":"1366006","toID":"1366037","formEdgeID":null},{"edgeID":"1787436","fromID":"1366037","toID":"1366032","formEdgeID":null},{"edgeID":"1787437","fromID":"1366037","toID":"1366038","formEdgeID":null},{"edgeID":"1787438","fromID":"1366038","toID":"1366036","formEdgeID":null},{"edgeID":"1787439","fromID":"1366026","toID":"1366039","formEdgeID":null},{"edgeID":"1787440","fromID":"1366039","toID":"1366021","formEdgeID":null},{"edgeID":"1787441","fromID":"1366021","toID":"1366040","formEdgeID":null},{"edgeID":"1787442","fromID":"1366040","toID":"1366005","formEdgeID":null},{"edgeID":"1787443","fromID":"1366006","toID":"1366041","formEdgeID":null},{"edgeID":"1787444","fromID":"1366041","toID":"1366022","formEdgeID":null},{"edgeID":"1787445","fromID":"1366022","toID":"1366042","formEdgeID":null},{"edgeID":"1787446","fromID":"1366042","toID":"1366027","formEdgeID":null},{"edgeID":"1787447","fromID":"1366042","toID":"1366043","formEdgeID":null},{"edgeID":"1787448","fromID":"1366043","toID":"1366039","formEdgeID":null},{"edgeID":"1787449","fromID":"1366041","toID":"1366044","formEdgeID":null},{"edgeID":"1787450","fromID":"1366044","toID":"1366040","formEdgeID":null},{"edgeID":"1787451","fromID":"1366047","toID":"1366046","formEdgeID":null},{"edgeID":"1787452","fromID":"1366048","toID":"1366047","formEdgeID":null},{"edgeID":"1787453","fromID":"1366046","toID":"1366049","formEdgeID":null},{"edgeID":"1787454","fromID":"1366049","toID":"1366045","formEdgeID":null},{"edgeID":"1787455","fromID":"1366032","toID":"1366050","formEdgeID":null},{"edgeID":"1787456","fromID":"1366050","toID":"1366046","formEdgeID":null},{"edgeID":"1787457","fromID":"1366053","toID":"1366052","formEdgeID":null},{"edgeID":"1787458","fromID":"1366054","toID":"1366053","formEdgeID":null},{"edgeID":"1787459","fromID":"1366052","toID":"1366055","formEdgeID":null},{"edgeID":"1787460","fromID":"1366055","toID":"1366051","formEdgeID":null},{"edgeID":"1787461","fromID":"1366046","toID":"1366056","formEdgeID":null},{"edgeID":"1787462","fromID":"1366056","toID":"1366052","formEdgeID":null},{"edgeID":"1787463","fromID":"1366051","toID":"1366057","formEdgeID":null},{"edgeID":"1787464","fromID":"1366057","toID":"1366045","formEdgeID":null},{"edgeID":"1787465","fromID":"1366060","toID":"1366059","formEdgeID":null},{"edgeID":"1787466","fromID":"1366061","toID":"1366060","formEdgeID":null},{"edgeID":"1787467","fromID":"1366059","toID":"1366062","formEdgeID":null},{"edgeID":"1787468","fromID":"1366062","toID":"1366058","formEdgeID":null},{"edgeID":"1787469","fromID":"1366058","toID":"1366063","formEdgeID":null},{"edgeID":"1787470","fromID":"1366063","toID":"1366031","formEdgeID":null},{"edgeID":"1787471","fromID":"1366032","toID":"1366064","formEdgeID":null},{"edgeID":"1787472","fromID":"1366064","toID":"1366059","formEdgeID":null},{"edgeID":"1787473","fromID":"1366064","toID":"1366065","formEdgeID":null},{"edgeID":"1787474","fromID":"1366065","toID":"1366063","formEdgeID":null},{"edgeID":"1787475","fromID":"1366068","toID":"1366067","formEdgeID":null},{"edgeID":"1787476","fromID":"1366069","toID":"1366068","formEdgeID":null},{"edgeID":"1787477","fromID":"1366067","toID":"1366070","formEdgeID":null},{"edgeID":"1787478","fromID":"1366070","toID":"1366066","formEdgeID":null},{"edgeID":"1787479","fromID":"1366059","toID":"1366071","formEdgeID":null},{"edgeID":"1787480","fromID":"1366071","toID":"1366067","formEdgeID":null},{"edgeID":"1787481","fromID":"1366074","toID":"1366073","formEdgeID":null},{"edgeID":"1787482","fromID":"1366075","toID":"1366074","formEdgeID":null},{"edgeID":"1787483","fromID":"1366073","toID":"1366076","formEdgeID":null},{"edgeID":"1787484","fromID":"1366076","toID":"1366072","formEdgeID":null},{"edgeID":"1787485","fromID":"1366067","toID":"1366077","formEdgeID":null},{"edgeID":"1787486","fromID":"1366077","toID":"1366073","formEdgeID":null},{"edgeID":"1787487","fromID":"1366080","toID":"1366079","formEdgeID":null},{"edgeID":"1787488","fromID":"1366081","toID":"1366080","formEdgeID":null},{"edgeID":"1787489","fromID":"1366079","toID":"1366082","formEdgeID":null},{"edgeID":"1787490","fromID":"1366082","toID":"1366078","formEdgeID":null},{"edgeID":"1787491","fromID":"1366078","toID":"1366083","formEdgeID":null},{"edgeID":"1787492","fromID":"1366083","toID":"1366072","formEdgeID":null},{"edgeID":"1787493","fromID":"1366073","toID":"1366084","formEdgeID":null},{"edgeID":"1787494","fromID":"1366084","toID":"1366079","formEdgeID":null},{"edgeID":"1787495","fromID":"1366084","toID":"1366085","formEdgeID":null},{"edgeID":"1787496","fromID":"1366085","toID":"1366083","formEdgeID":null},{"edgeID":"1787497","fromID":"1366088","toID":"1366087","formEdgeID":null},{"edgeID":"1787498","fromID":"1366089","toID":"1366088","formEdgeID":null},{"edgeID":"1787499","fromID":"1366087","toID":"1366090","formEdgeID":null},{"edgeID":"1787500","fromID":"1366090","toID":"1366086","formEdgeID":null},{"edgeID":"1787501","fromID":"1366079","toID":"1366091","formEdgeID":null},{"edgeID":"1787502","fromID":"1366091","toID":"1366087","formEdgeID":null},{"edgeID":"1787503","fromID":"1366094","toID":"1366093","formEdgeID":null},{"edgeID":"1787504","fromID":"1366095","toID":"1366094","formEdgeID":null},{"edgeID":"1787505","fromID":"1366093","toID":"1366096","formEdgeID":null},{"edgeID":"1787506","fromID":"1366096","toID":"1366092","formEdgeID":null},{"edgeID":"1787507","fromID":"1366087","toID":"1366097","formEdgeID":null},{"edgeID":"1787508","fromID":"1366097","toID":"1366093","formEdgeID":null},{"edgeID":"1787509","fromID":"1366100","toID":"1366099","formEdgeID":null},{"edgeID":"1787510","fromID":"1366101","toID":"1366100","formEdgeID":null},{"edgeID":"1787511","fromID":"1366103","toID":"1366102","formEdgeID":null},{"edgeID":"1787512","fromID":"1366104","toID":"1366103","formEdgeID":null},{"edgeID":"1787513","fromID":"1366102","toID":"1366105","formEdgeID":null},{"edgeID":"1787514","fromID":"1366105","toID":"1366098","formEdgeID":null},{"edgeID":"1787515","fromID":"1366099","toID":"1366106","formEdgeID":null},{"edgeID":"1787516","fromID":"1366106","toID":"1366102","formEdgeID":null},{"edgeID":"1787517","fromID":"1366093","toID":"1366107","formEdgeID":null},{"edgeID":"1787518","fromID":"1366107","toID":"1366099","formEdgeID":null},{"edgeID":"1787519","fromID":"1366109","toID":"1366108","formEdgeID":null},{"edgeID":"1787520","fromID":"1366110","toID":"1366109","formEdgeID":null},{"edgeID":"1787521","fromID":"1366108","toID":"1366111","formEdgeID":null},{"edgeID":"1787522","fromID":"1366111","toID":"1366102","formEdgeID":null},{"edgeID":"1787523","fromID":"1366099","toID":"1366112","formEdgeID":null},{"edgeID":"1787524","fromID":"1366112","toID":"1366108","formEdgeID":null},{"edgeID":"1787525","fromID":"1366115","toID":"1366114","formEdgeID":null},{"edgeID":"1787526","fromID":"1366116","toID":"1366115","formEdgeID":null},{"edgeID":"1787527","fromID":"1366108","toID":"1366117","formEdgeID":null},{"edgeID":"1787528","fromID":"1366117","toID":"1366114","formEdgeID":null},{"edgeID":"1787529","fromID":"1366120","toID":"1366119","formEdgeID":null},{"edgeID":"1787530","fromID":"1366121","toID":"1366120","formEdgeID":null},{"edgeID":"1787531","fromID":"1366119","toID":"1366122","formEdgeID":null},{"edgeID":"1787532","fromID":"1366122","toID":"1366118","formEdgeID":null},{"edgeID":"1787533","fromID":"1366114","toID":"1366123","formEdgeID":null},{"edgeID":"1787534","fromID":"1366123","toID":"1366119","formEdgeID":null},{"edgeID":"1787535","fromID":"1366113","toID":"1366124","formEdgeID":null},{"edgeID":"1787536","fromID":"1366124","toID":"1366098","formEdgeID":null},{"edgeID":"1787537","fromID":"1366117","toID":"1366125","formEdgeID":null},{"edgeID":"1787538","fromID":"1366125","toID":"1366124","formEdgeID":null},{"edgeID":"1787539","fromID":"1366127","toID":"1366126","formEdgeID":null},{"edgeID":"1787540","fromID":"1366128","toID":"1366127","formEdgeID":null},{"edgeID":"1787541","fromID":"1366119","toID":"1366129","formEdgeID":null},{"edgeID":"1787542","fromID":"1366129","toID":"1366126","formEdgeID":null},{"edgeID":"1787543","fromID":"1366132","toID":"1366131","formEdgeID":null},{"edgeID":"1787544","fromID":"1366133","toID":"1366132","formEdgeID":null},{"edgeID":"1787545","fromID":"1366131","toID":"1366134","formEdgeID":null},{"edgeID":"1787546","fromID":"1366134","toID":"1366130","formEdgeID":null},{"edgeID":"1787547","fromID":"1366126","toID":"1366135","formEdgeID":null},{"edgeID":"1787548","fromID":"1366135","toID":"1366131","formEdgeID":null},{"edgeID":"1787549","fromID":"1366130","toID":"1366136","formEdgeID":null},{"edgeID":"1787550","fromID":"1366136","toID":"1366118","formEdgeID":null},{"edgeID":"1787551","fromID":"1366135","toID":"1366137","formEdgeID":null},{"edgeID":"1787552","fromID":"1366137","toID":"1366136","formEdgeID":null},{"edgeID":"1787553","fromID":"1366056","toID":"1366138","formEdgeID":null},{"edgeID":"1787554","fromID":"1366138","toID":"1366057","formEdgeID":null},{"edgeID":"1787555","fromID":"1366086","toID":"1366139","formEdgeID":null},{"edgeID":"1787556","fromID":"1366139","toID":"1366078","formEdgeID":null},{"edgeID":"1787557","fromID":"1366091","toID":"1366140","formEdgeID":null},{"edgeID":"1787558","fromID":"1366140","toID":"1366139","formEdgeID":null},{"edgeID":"1787559","fromID":"1366142","toID":"1366141","formEdgeID":null},{"edgeID":"1787560","fromID":"1366143","toID":"1366142","formEdgeID":null},{"edgeID":"1787561","fromID":"1366141","toID":"1366144","formEdgeID":null},{"edgeID":"1787562","fromID":"1366144","toID":"1366113","formEdgeID":null},{"edgeID":"1787563","fromID":"1366129","toID":"1366145","formEdgeID":null},{"edgeID":"1787564","fromID":"1366145","toID":"1366118","formEdgeID":null},{"edgeID":"1787565","fromID":"1366114","toID":"1366146","formEdgeID":null},{"edgeID":"1787566","fromID":"1366146","toID":"1366141","formEdgeID":null}],"locutions":[]}