{"nodes":[{"nodeID":"1365603","text":"we had 12 years of wage stagnation","type":"I","timestamp":"2023-11-09 14:33:15"},{"nodeID":"1365604","text":"Ian Murray: We had 12 years of wage stagnation","type":"L","timestamp":"2023-11-09 14:33:15"},{"nodeID":"1365605","text":"Analysing","type":"YA","timestamp":"2023-11-09 14:33:15"},{"nodeID":"1365606","text":"Anon: Ian Murray: We had 12 years of wage stagnation","type":"L","timestamp":"2023-11-09 14:33:15"},{"nodeID":"1365607","text":"Asserting","type":"YA","timestamp":"2023-11-09 14:33:15"},{"nodeID":"1365608","text":"we now have an inflation crisis","type":"I","timestamp":"2023-11-09 14:33:16"},{"nodeID":"1365609","text":"Ian Murray: We now have an inflation crisis","type":"L","timestamp":"2023-11-09 14:33:16"},{"nodeID":"1365610","text":"Analysing","type":"YA","timestamp":"2023-11-09 14:33:16"},{"nodeID":"1365611","text":"Anon: Ian Murray: We now have an inflation crisis","type":"L","timestamp":"2023-11-09 14:33:16"},{"nodeID":"1365612","text":"Asserting","type":"YA","timestamp":"2023-11-09 14:33:16"},{"nodeID":"1365613","text":"we have an interest rate crisis","type":"I","timestamp":"2023-11-09 14:33:16"},{"nodeID":"1365614","text":"Ian Murray: an interest rate crisis","type":"L","timestamp":"2023-11-09 14:33:16"},{"nodeID":"1365615","text":"Analysing","type":"YA","timestamp":"2023-11-09 14:33:16"},{"nodeID":"1365616","text":"Anon: Ian Murray: an interest rate crisis","type":"L","timestamp":"2023-11-09 14:33:16"},{"nodeID":"1365617","text":"Asserting","type":"YA","timestamp":"2023-11-09 14:33:16"},{"nodeID":"1365618","text":"Default Transition","type":"TA","timestamp":"2023-11-09 14:33:16"},{"nodeID":"1365619","text":"Default Transition","type":"TA","timestamp":"2023-11-09 14:33:16"},{"nodeID":"1365620","text":"we have mortgages going up","type":"I","timestamp":"2023-11-09 14:33:17"},{"nodeID":"1365621","text":"Ian Murray: mortgages going up","type":"L","timestamp":"2023-11-09 14:33:17"},{"nodeID":"1365622","text":"Analysing","type":"YA","timestamp":"2023-11-09 14:33:17"},{"nodeID":"1365623","text":"Anon: Ian Murray: mortgages going up","type":"L","timestamp":"2023-11-09 14:33:17"},{"nodeID":"1365624","text":"Asserting","type":"YA","timestamp":"2023-11-09 14:33:17"},{"nodeID":"1365625","text":"Default Transition","type":"TA","timestamp":"2023-11-09 14:33:17"},{"nodeID":"1365626","text":"Default Rephrase","type":"MA","timestamp":"2023-11-09 14:33:17"},{"nodeID":"1365627","text":"Default Rephrase","type":"MA","timestamp":"2023-11-09 14:33:17"},{"nodeID":"1365628","text":"Default Rephrase","type":"MA","timestamp":"2023-11-09 14:33:17"},{"nodeID":"1365629","text":"Restating","type":"YA","timestamp":"2023-11-09 14:33:17"},{"nodeID":"1365630","text":"Restating","type":"YA","timestamp":"2023-11-09 14:33:17"},{"nodeID":"1365631","text":"Restating","type":"YA","timestamp":"2023-11-09 14:33:17"},{"nodeID":"1365632","text":"we have a cost of living crisis","type":"I","timestamp":"2023-11-09 14:33:18"},{"nodeID":"1365633","text":"Ian Murray: a cost of living crisis","type":"L","timestamp":"2023-11-09 14:33:18"},{"nodeID":"1365634","text":"Analysing","type":"YA","timestamp":"2023-11-09 14:33:18"},{"nodeID":"1365635","text":"Anon: Ian Murray: a cost of living crisis","type":"L","timestamp":"2023-11-09 14:33:18"},{"nodeID":"1365636","text":"Asserting","type":"YA","timestamp":"2023-11-09 14:33:18"},{"nodeID":"1365637","text":"Default Transition","type":"TA","timestamp":"2023-11-09 14:33:18"},{"nodeID":"1365638","text":"Default Rephrase","type":"MA","timestamp":"2023-11-09 14:33:18"},{"nodeID":"1365639","text":"Restating","type":"YA","timestamp":"2023-11-09 14:33:18"},{"nodeID":"1365640","text":"we have an energy crisis","type":"I","timestamp":"2023-11-09 14:33:18"},{"nodeID":"1365641","text":"Ian Murray: energy crisis","type":"L","timestamp":"2023-11-09 14:33:18"},{"nodeID":"1365642","text":"Analysing","type":"YA","timestamp":"2023-11-09 14:33:18"},{"nodeID":"1365643","text":"Anon: Ian Murray: energy crisis","type":"L","timestamp":"2023-11-09 14:33:18"},{"nodeID":"1365644","text":"Asserting","type":"YA","timestamp":"2023-11-09 14:33:18"},{"nodeID":"1365645","text":"Default Transition","type":"TA","timestamp":"2023-11-09 14:33:18"},{"nodeID":"1365646","text":"Default Rephrase","type":"MA","timestamp":"2023-11-09 14:33:18"},{"nodeID":"1365647","text":"Restating","type":"YA","timestamp":"2023-11-09 14:33:18"},{"nodeID":"1365648","text":"we have all of the crises because of government decisions","type":"I","timestamp":"2023-11-09 14:33:19"},{"nodeID":"1365649","text":"Ian Murray: all of that because of government decisions","type":"L","timestamp":"2023-11-09 14:33:19"},{"nodeID":"1365650","text":"Analysing","type":"YA","timestamp":"2023-11-09 14:33:19"},{"nodeID":"1365651","text":"Anon: Ian Murray: all of that because of government decisions","type":"L","timestamp":"2023-11-09 14:33:19"},{"nodeID":"1365652","text":"Asserting","type":"YA","timestamp":"2023-11-09 14:33:19"},{"nodeID":"1365653","text":"Default Transition","type":"TA","timestamp":"2023-11-09 14:33:19"},{"nodeID":"1365654","text":"Default Rephrase","type":"MA","timestamp":"2023-11-09 14:33:19"},{"nodeID":"1365655","text":"Restating","type":"YA","timestamp":"2023-11-09 14:33:19"},{"nodeID":"1365656","text":"we did so much in the pandemic","type":"I","timestamp":"2023-11-09 14:33:20"},{"nodeID":"1365657","text":"Ian Murray: You now come rightly and say after all we did in the pandemic","type":"L","timestamp":"2023-11-09 14:33:20"},{"nodeID":"1365658","text":"Analysing","type":"YA","timestamp":"2023-11-09 14:33:20"},{"nodeID":"1365659","text":"Anon: Ian Murray: You now come rightly and say after all we did in the pandemic","type":"L","timestamp":"2023-11-09 14:33:20"},{"nodeID":"1365660","text":"AudienceMember 20230209QT08: after all we did in the pandemic","type":"L","timestamp":"2023-11-09 14:33:20"},{"nodeID":"1365661","text":"Analysing","type":"YA","timestamp":"2023-11-09 14:33:20"},{"nodeID":"1365662","text":"Anon: AudienceMember 20230209QT08:","type":"L","timestamp":"2023-11-09 14:33:20"},{"nodeID":"1365663","text":"Asserting","type":"YA","timestamp":"2023-11-09 14:33:20"},{"nodeID":"1365664","text":"Asserting","type":"YA","timestamp":"2023-11-09 14:33:20"},{"nodeID":"1365665","text":"Default Transition","type":"TA","timestamp":"2023-11-09 14:33:20"},{"nodeID":"1365666","text":"we're asking for a fair pay rise","type":"I","timestamp":"2023-11-09 14:33:20"},{"nodeID":"1365667","text":"Ian Murray: we're asking for a fair pay rise","type":"L","timestamp":"2023-11-09 14:33:20"},{"nodeID":"1365668","text":"Analysing","type":"YA","timestamp":"2023-11-09 14:33:20"},{"nodeID":"1365669","text":"Anon: Ian Murray: we're asking for a fair pay rise","type":"L","timestamp":"2023-11-09 14:33:20"},{"nodeID":"1365670","text":"AudienceMember 20230209QT08: we're asking for a fair pay rise","type":"L","timestamp":"2023-11-09 14:33:20"},{"nodeID":"1365671","text":"Analysing","type":"YA","timestamp":"2023-11-09 14:33:20"},{"nodeID":"1365672","text":"Anon: AudienceMember 20230209QT08: we're asking for a fair pay rise","type":"L","timestamp":"2023-11-09 14:33:20"},{"nodeID":"1365673","text":"Asserting","type":"YA","timestamp":"2023-11-09 14:33:20"},{"nodeID":"1365674","text":"Asserting","type":"YA","timestamp":"2023-11-09 14:33:20"},{"nodeID":"1365675","text":"Default Transition","type":"TA","timestamp":"2023-11-09 14:33:20"},{"nodeID":"1365676","text":"Default Inference","type":"RA","timestamp":"2023-11-09 14:33:20"},{"nodeID":"1365677","text":"Ian Murray: You're right","type":"L","timestamp":"2023-11-09 14:33:20"},{"nodeID":"1365678","text":"Analysing","type":"YA","timestamp":"2023-11-09 14:33:20"},{"nodeID":"1365679","text":"Anon: Ian Murray: You're right","type":"L","timestamp":"2023-11-09 14:33:20"},{"nodeID":"1365680","text":"Default Transition","type":"TA","timestamp":"2023-11-09 14:33:20"},{"nodeID":"1365681","text":"Agreeing","type":"YA","timestamp":"2023-11-09 14:33:20"},{"nodeID":"1365682","text":"the two other politicians on the Panel would or would not pay 10 percent","type":"I","timestamp":"2023-11-09 14:33:21"},{"nodeID":"1365683","text":"Fiona Bruce: would you pay 10 percent","type":"L","timestamp":"2023-11-09 14:33:21"},{"nodeID":"1365684","text":"Analysing","type":"YA","timestamp":"2023-11-09 14:33:21"},{"nodeID":"1365685","text":"Anon: Fiona Bruce: would you pay 10 percent","type":"L","timestamp":"2023-11-09 14:33:21"},{"nodeID":"1365686","text":"Pure Questioning","type":"YA","timestamp":"2023-11-09 14:33:21"},{"nodeID":"1365687","text":"the 5 percent is too low","type":"I","timestamp":"2023-11-09 14:33:22"},{"nodeID":"1365688","text":"Ian Murray: the 5 percent is too low","type":"L","timestamp":"2023-11-09 14:33:22"},{"nodeID":"1365689","text":"Analysing","type":"YA","timestamp":"2023-11-09 14:33:22"},{"nodeID":"1365690","text":"Anon: Ian Murray: the 5 percent is too low","type":"L","timestamp":"2023-11-09 14:33:22"},{"nodeID":"1365691","text":"Asserting","type":"YA","timestamp":"2023-11-09 14:33:22"},{"nodeID":"1365692","text":"Default Transition","type":"TA","timestamp":"2023-11-09 14:33:22"},{"nodeID":"1365693","text":"Default Rephrase","type":"MA","timestamp":"2023-11-09 14:33:22"},{"nodeID":"1365694","text":"Default Illocuting","type":"YA","timestamp":"2023-11-09 14:33:22"},{"nodeID":"1365695","text":"the 10.5 percent are negotiating","type":"I","timestamp":"2023-11-09 14:33:22"},{"nodeID":"1365696","text":"Ian Murray: the 10.5 are negotiating","type":"L","timestamp":"2023-11-09 14:33:22"},{"nodeID":"1365697","text":"Analysing","type":"YA","timestamp":"2023-11-09 14:33:22"},{"nodeID":"1365698","text":"Anon: Ian Murray: the 10.5 are negotiating","type":"L","timestamp":"2023-11-09 14:33:22"},{"nodeID":"1365699","text":"Asserting","type":"YA","timestamp":"2023-11-09 14:33:22"},{"nodeID":"1365700","text":"Default Rephrase","type":"MA","timestamp":"2023-11-09 14:33:22"},{"nodeID":"1365701","text":"Default Transition","type":"TA","timestamp":"2023-11-09 14:33:22"},{"nodeID":"1365702","text":"Restating","type":"YA","timestamp":"2023-11-09 14:33:22"},{"nodeID":"1365703","text":"the government has done nothing","type":"I","timestamp":"2023-11-09 14:33:23"},{"nodeID":"1365704","text":"Ian Murray: the government nothing has been done","type":"L","timestamp":"2023-11-09 14:33:23"},{"nodeID":"1365705","text":"Analysing","type":"YA","timestamp":"2023-11-09 14:33:23"},{"nodeID":"1365706","text":"Anon: Ian Murray: the government nothing has been done","type":"L","timestamp":"2023-11-09 14:33:23"},{"nodeID":"1365707","text":"Asserting","type":"YA","timestamp":"2023-11-09 14:33:23"},{"nodeID":"1365708","text":"Default Transition","type":"TA","timestamp":"2023-11-09 14:33:23"},{"nodeID":"1365709","text":"there's no new offer since August last year","type":"I","timestamp":"2023-11-09 14:33:23"},{"nodeID":"1365710","text":"Ian Murray: There's no new offer since August last year","type":"L","timestamp":"2023-11-09 14:33:23"},{"nodeID":"1365711","text":"Analysing","type":"YA","timestamp":"2023-11-09 14:33:23"},{"nodeID":"1365712","text":"Anon: Ian Murray: There's no new offer since August last year","type":"L","timestamp":"2023-11-09 14:33:23"},{"nodeID":"1365713","text":"Asserting","type":"YA","timestamp":"2023-11-09 14:33:23"},{"nodeID":"1365714","text":"Default Transition","type":"TA","timestamp":"2023-11-09 14:33:23"},{"nodeID":"1365715","text":"Default Rephrase","type":"MA","timestamp":"2023-11-09 14:33:23"},{"nodeID":"1365716","text":"Restating","type":"YA","timestamp":"2023-11-09 14:33:23"},{"nodeID":"1365717","text":"teachers and the government should get around the table","type":"I","timestamp":"2023-11-09 14:33:24"},{"nodeID":"1365718","text":"Ian Murray: Get around the table","type":"L","timestamp":"2023-11-09 14:33:24"},{"nodeID":"1365719","text":"Analysing","type":"YA","timestamp":"2023-11-09 14:33:24"},{"nodeID":"1365720","text":"Anon: Ian Murray: Get around the table","type":"L","timestamp":"2023-11-09 14:33:24"},{"nodeID":"1365721","text":"Asserting","type":"YA","timestamp":"2023-11-09 14:33:24"},{"nodeID":"1365722","text":"Default Transition","type":"TA","timestamp":"2023-11-09 14:33:24"},{"nodeID":"1365723","text":"the government should negotiate the pay and conditions","type":"I","timestamp":"2023-11-09 14:33:25"},{"nodeID":"1365724","text":"Ian Murray: negotiate the pay and conditions","type":"L","timestamp":"2023-11-09 14:33:25"},{"nodeID":"1365725","text":"Analysing","type":"YA","timestamp":"2023-11-09 14:33:25"},{"nodeID":"1365726","text":"Anon: Ian Murray: negotiate the pay and conditions","type":"L","timestamp":"2023-11-09 14:33:25"},{"nodeID":"1365727","text":"Asserting","type":"YA","timestamp":"2023-11-09 14:33:25"},{"nodeID":"1365728","text":"Default Transition","type":"TA","timestamp":"2023-11-09 14:33:25"},{"nodeID":"1365729","text":"the government should get an agreement","type":"I","timestamp":"2023-11-09 14:33:25"},{"nodeID":"1365730","text":"Ian Murray: get an agreement","type":"L","timestamp":"2023-11-09 14:33:25"},{"nodeID":"1365731","text":"Analysing","type":"YA","timestamp":"2023-11-09 14:33:25"},{"nodeID":"1365732","text":"Anon: Ian Murray: get an agreement","type":"L","timestamp":"2023-11-09 14:33:25"},{"nodeID":"1365733","text":"Asserting","type":"YA","timestamp":"2023-11-09 14:33:25"},{"nodeID":"1365734","text":"Default Transition","type":"TA","timestamp":"2023-11-09 14:33:25"},{"nodeID":"1365735","text":"Default Rephrase","type":"MA","timestamp":"2023-11-09 14:33:25"},{"nodeID":"1365736","text":"Default Rephrase","type":"MA","timestamp":"2023-11-09 14:33:25"},{"nodeID":"1365737","text":"Restating","type":"YA","timestamp":"2023-11-09 14:33:25"},{"nodeID":"1365738","text":"Restating","type":"YA","timestamp":"2023-11-09 14:33:25"},{"nodeID":"1365739","text":"getting an agreement is the only thing governments can do","type":"I","timestamp":"2023-11-09 14:33:26"},{"nodeID":"1365740","text":"Ian Murray: That's the only thing governments can do","type":"L","timestamp":"2023-11-09 14:33:26"},{"nodeID":"1365741","text":"Analysing","type":"YA","timestamp":"2023-11-09 14:33:26"},{"nodeID":"1365742","text":"Anon: Ian Murray: That's the only thing governments can do","type":"L","timestamp":"2023-11-09 14:33:26"},{"nodeID":"1365743","text":"Asserting","type":"YA","timestamp":"2023-11-09 14:33:26"},{"nodeID":"1365744","text":"Default Transition","type":"TA","timestamp":"2023-11-09 14:33:26"},{"nodeID":"1365745","text":"governments need to get down and get an agreement","type":"I","timestamp":"2023-11-09 14:33:27"},{"nodeID":"1365746","text":"Ian Murray: they need to get down and do it","type":"L","timestamp":"2023-11-09 14:33:27"},{"nodeID":"1365747","text":"Analysing","type":"YA","timestamp":"2023-11-09 14:33:27"},{"nodeID":"1365748","text":"Anon: Ian Murray: they need to get down and do it","type":"L","timestamp":"2023-11-09 14:33:27"},{"nodeID":"1365749","text":"Asserting","type":"YA","timestamp":"2023-11-09 14:33:27"},{"nodeID":"1365750","text":"Default Transition","type":"TA","timestamp":"2023-11-09 14:33:27"},{"nodeID":"1365751","text":"Default Rephrase","type":"MA","timestamp":"2023-11-09 14:33:27"},{"nodeID":"1365752","text":"Default Rephrase","type":"MA","timestamp":"2023-11-09 14:33:27"},{"nodeID":"1365753","text":"Restating","type":"YA","timestamp":"2023-11-09 14:33:27"},{"nodeID":"1365754","text":"Restating","type":"YA","timestamp":"2023-11-09 14:33:27"},{"nodeID":"1365755","text":"Ella Whelan: No, no, no is your answer from every politician","type":"L","timestamp":"2023-11-09 14:33:27"},{"nodeID":"1365756","text":"Analysing","type":"YA","timestamp":"2023-11-09 14:33:27"},{"nodeID":"1365757","text":"Anon: Ella Whelan: No, no, no is your answer from every politician","type":"L","timestamp":"2023-11-09 14:33:27"},{"nodeID":"1365758","text":"Politicians: No, no no","type":"L","timestamp":"2023-11-09 14:33:27"},{"nodeID":"1365759","text":"Analysing","type":"YA","timestamp":"2023-11-09 14:33:27"},{"nodeID":"1365760","text":"Anon: Politicians  :","type":"L","timestamp":"2023-11-09 14:33:27"},{"nodeID":"1365761","text":"Asserting","type":"YA","timestamp":"2023-11-09 14:33:27"},{"nodeID":"1365762","text":"Default Transition","type":"TA","timestamp":"2023-11-09 14:33:27"},{"nodeID":"1365763","text":"Disagreeing","type":"YA","timestamp":"2023-11-09 14:33:27"},{"nodeID":"1365764","text":"there's no point spending a long time thanking workers","type":"I","timestamp":"2023-11-09 14:33:27"},{"nodeID":"1365765","text":"Ella Whelan: There's no point spending a long time thanking workers","type":"L","timestamp":"2023-11-09 14:33:27"},{"nodeID":"1365766","text":"Analysing","type":"YA","timestamp":"2023-11-09 14:33:27"},{"nodeID":"1365767","text":"Anon: Ella Whelan: There's no point spending a long time thanking workers","type":"L","timestamp":"2023-11-09 14:33:27"},{"nodeID":"1365768","text":"Asserting","type":"YA","timestamp":"2023-11-09 14:33:27"},{"nodeID":"1365769","text":"Default Transition","type":"TA","timestamp":"2023-11-09 14:33:27"},{"nodeID":"1365770","text":"the strikes in all areas of the public sector reveal very clearly that politics at the moment is clearly divided","type":"I","timestamp":"2023-11-09 14:33:28"},{"nodeID":"1365771","text":"Ella Whelan: the strikes in all areas of the public sector, whether it is the trains, whether it is the nurses, whether teachers, the amount of strikes that are coming out, and I support them wholeheartedly, reveal very clearly that politics at the moment is clearly divided","type":"L","timestamp":"2023-11-09 14:33:28"},{"nodeID":"1365772","text":"Analysing","type":"YA","timestamp":"2023-11-09 14:33:28"},{"nodeID":"1365773","text":"Anon: Ella Whelan: the strikes in all areas of the public sector, whether it is the trains, whether it is the nurses, whether teachers, the amount of strikes that are coming out, and I support them wholeheartedly, reveal very clearly that politics at the moment is clearly divided","type":"L","timestamp":"2023-11-09 14:33:28"},{"nodeID":"1365774","text":"Asserting","type":"YA","timestamp":"2023-11-09 14:33:28"},{"nodeID":"1365775","text":"Default Transition","type":"TA","timestamp":"2023-11-09 14:33:28"},{"nodeID":"1365776","text":"Default Inference","type":"RA","timestamp":"2023-11-09 14:33:28"},{"nodeID":"1365777","text":"Arguing","type":"YA","timestamp":"2023-11-09 14:33:28"},{"nodeID":"1365778","text":"the train strikes reveal very clearly that politics at the moment is clearly divided","type":"I","timestamp":"2023-11-09 14:33:28"},{"nodeID":"1365779","text":"Ella Whelan: whether it is the trains","type":"L","timestamp":"2023-11-09 14:33:28"},{"nodeID":"1365780","text":"Analysing","type":"YA","timestamp":"2023-11-09 14:33:28"},{"nodeID":"1365781","text":"Anon: Ella Whelan: whether it is the trains","type":"L","timestamp":"2023-11-09 14:33:28"},{"nodeID":"1365782","text":"Asserting","type":"YA","timestamp":"2023-11-09 14:33:28"},{"nodeID":"1365783","text":"Default Transition","type":"TA","timestamp":"2023-11-09 14:33:28"},{"nodeID":"1365784","text":"Default Rephrase","type":"MA","timestamp":"2023-11-09 14:33:28"},{"nodeID":"1365785","text":"the nurse strikes reveal very clearly that politics at the moment is clearly divided","type":"I","timestamp":"2023-11-09 14:33:29"},{"nodeID":"1365786","text":"Ella Whelan: whether it is the nurses","type":"L","timestamp":"2023-11-09 14:33:29"},{"nodeID":"1365787","text":"Analysing","type":"YA","timestamp":"2023-11-09 14:33:29"},{"nodeID":"1365788","text":"Anon: Ella Whelan: whether it is the nurses","type":"L","timestamp":"2023-11-09 14:33:29"},{"nodeID":"1365789","text":"Asserting","type":"YA","timestamp":"2023-11-09 14:33:29"},{"nodeID":"1365790","text":"Default Transition","type":"TA","timestamp":"2023-11-09 14:33:29"},{"nodeID":"1365791","text":"Default Rephrase","type":"MA","timestamp":"2023-11-09 14:33:29"},{"nodeID":"1365792","text":"Restating","type":"YA","timestamp":"2023-11-09 14:33:29"},{"nodeID":"1365793","text":"Restating","type":"YA","timestamp":"2023-11-09 14:33:29"},{"nodeID":"1365794","text":"Ella Whelan supports the strikes wholeheartedly","type":"I","timestamp":"2023-11-09 14:33:30"},{"nodeID":"1365795","text":"Ella Whelan: and I support them wholeheartedly","type":"L","timestamp":"2023-11-09 14:33:30"},{"nodeID":"1365796","text":"Analysing","type":"YA","timestamp":"2023-11-09 14:33:30"},{"nodeID":"1365797","text":"Anon: Ella Whelan: and I support them wholeheartedly","type":"L","timestamp":"2023-11-09 14:33:30"},{"nodeID":"1365798","text":"Asserting","type":"YA","timestamp":"2023-11-09 14:33:30"},{"nodeID":"1365799","text":"the pandemic accelerated an us and them mentality","type":"I","timestamp":"2023-11-09 14:33:30"},{"nodeID":"1365800","text":"Ella Whelan: the pandemic accelerated this between us and them","type":"L","timestamp":"2023-11-09 14:33:30"},{"nodeID":"1365801","text":"Analysing","type":"YA","timestamp":"2023-11-09 14:33:30"},{"nodeID":"1365802","text":"Anon: Ella Whelan: the pandemic accelerated this between us and them","type":"L","timestamp":"2023-11-09 14:33:30"},{"nodeID":"1365803","text":"Asserting","type":"YA","timestamp":"2023-11-09 14:33:30"},{"nodeID":"1365804","text":"the pandemic accelerated a very stark class divide in politics at the moment","type":"I","timestamp":"2023-11-09 14:33:31"},{"nodeID":"1365805","text":"Ella Whelan: a very stark class divide in politics at the moment","type":"L","timestamp":"2023-11-09 14:33:31"},{"nodeID":"1365806","text":"Analysing","type":"YA","timestamp":"2023-11-09 14:33:31"},{"nodeID":"1365807","text":"Anon: Ella Whelan: a very stark class divide in politics at the moment","type":"L","timestamp":"2023-11-09 14:33:31"},{"nodeID":"1365808","text":"Asserting","type":"YA","timestamp":"2023-11-09 14:33:31"},{"nodeID":"1365809","text":"Default Transition","type":"TA","timestamp":"2023-11-09 14:33:31"},{"nodeID":"1365810","text":"Default Transition","type":"TA","timestamp":"2023-11-09 14:33:31"},{"nodeID":"1365811","text":"Default Rephrase","type":"MA","timestamp":"2023-11-09 14:33:31"},{"nodeID":"1365812","text":"Restating","type":"YA","timestamp":"2023-11-09 14:33:31"},{"nodeID":"1365813","text":"the pay rise has to be fair","type":"I","timestamp":"2023-11-09 14:33:32"},{"nodeID":"1365814","text":"Ian Murray: it has to be fair","type":"L","timestamp":"2023-11-09 14:33:32"},{"nodeID":"1365815","text":"Analysing","type":"YA","timestamp":"2023-11-09 14:33:32"},{"nodeID":"1365816","text":"Anon: Ian Murray: it has to be fair","type":"L","timestamp":"2023-11-09 14:33:32"},{"nodeID":"1365817","text":"Asserting","type":"YA","timestamp":"2023-11-09 14:33:32"},{"nodeID":"1365818","text":"Default Transition","type":"TA","timestamp":"2023-11-09 14:33:32"},{"nodeID":"1365819","text":"Default Rephrase","type":"MA","timestamp":"2023-11-09 14:33:32"},{"nodeID":"1365820","text":"Restating","type":"YA","timestamp":"2023-11-09 14:33:32"},{"nodeID":"1365821","text":"Default Transition","type":"TA","timestamp":"2023-11-09 14:33:32"}],"edges":[{"edgeID":"1786932","fromID":"1365605","toID":"1365604","formEdgeID":null},{"edgeID":"1786933","fromID":"1365606","toID":"1365605","formEdgeID":null},{"edgeID":"1786934","fromID":"1365604","toID":"1365607","formEdgeID":null},{"edgeID":"1786935","fromID":"1365607","toID":"1365603","formEdgeID":null},{"edgeID":"1786936","fromID":"1365610","toID":"1365609","formEdgeID":null},{"edgeID":"1786937","fromID":"1365611","toID":"1365610","formEdgeID":null},{"edgeID":"1786938","fromID":"1365609","toID":"1365612","formEdgeID":null},{"edgeID":"1786939","fromID":"1365612","toID":"1365608","formEdgeID":null},{"edgeID":"1786940","fromID":"1365615","toID":"1365614","formEdgeID":null},{"edgeID":"1786941","fromID":"1365616","toID":"1365615","formEdgeID":null},{"edgeID":"1786942","fromID":"1365614","toID":"1365617","formEdgeID":null},{"edgeID":"1786943","fromID":"1365617","toID":"1365613","formEdgeID":null},{"edgeID":"1786944","fromID":"1365604","toID":"1365618","formEdgeID":null},{"edgeID":"1786945","fromID":"1365618","toID":"1365609","formEdgeID":null},{"edgeID":"1786946","fromID":"1365609","toID":"1365619","formEdgeID":null},{"edgeID":"1786947","fromID":"1365619","toID":"1365614","formEdgeID":null},{"edgeID":"1786948","fromID":"1365622","toID":"1365621","formEdgeID":null},{"edgeID":"1786949","fromID":"1365623","toID":"1365622","formEdgeID":null},{"edgeID":"1786950","fromID":"1365621","toID":"1365624","formEdgeID":null},{"edgeID":"1786951","fromID":"1365624","toID":"1365620","formEdgeID":null},{"edgeID":"1786952","fromID":"1365614","toID":"1365625","formEdgeID":null},{"edgeID":"1786953","fromID":"1365625","toID":"1365621","formEdgeID":null},{"edgeID":"1786954","fromID":"1365608","toID":"1365626","formEdgeID":null},{"edgeID":"1786955","fromID":"1365626","toID":"1365603","formEdgeID":null},{"edgeID":"1786956","fromID":"1365613","toID":"1365627","formEdgeID":null},{"edgeID":"1786957","fromID":"1365627","toID":"1365608","formEdgeID":null},{"edgeID":"1786958","fromID":"1365620","toID":"1365628","formEdgeID":null},{"edgeID":"1786959","fromID":"1365628","toID":"1365613","formEdgeID":null},{"edgeID":"1786960","fromID":"1365618","toID":"1365629","formEdgeID":null},{"edgeID":"1786961","fromID":"1365629","toID":"1365626","formEdgeID":null},{"edgeID":"1786962","fromID":"1365619","toID":"1365630","formEdgeID":null},{"edgeID":"1786963","fromID":"1365630","toID":"1365627","formEdgeID":null},{"edgeID":"1786964","fromID":"1365625","toID":"1365631","formEdgeID":null},{"edgeID":"1786965","fromID":"1365631","toID":"1365628","formEdgeID":null},{"edgeID":"1786966","fromID":"1365634","toID":"1365633","formEdgeID":null},{"edgeID":"1786967","fromID":"1365635","toID":"1365634","formEdgeID":null},{"edgeID":"1786968","fromID":"1365633","toID":"1365636","formEdgeID":null},{"edgeID":"1786969","fromID":"1365636","toID":"1365632","formEdgeID":null},{"edgeID":"1786970","fromID":"1365621","toID":"1365637","formEdgeID":null},{"edgeID":"1786971","fromID":"1365637","toID":"1365633","formEdgeID":null},{"edgeID":"1786972","fromID":"1365632","toID":"1365638","formEdgeID":null},{"edgeID":"1786973","fromID":"1365638","toID":"1365620","formEdgeID":null},{"edgeID":"1786974","fromID":"1365637","toID":"1365639","formEdgeID":null},{"edgeID":"1786975","fromID":"1365639","toID":"1365638","formEdgeID":null},{"edgeID":"1786976","fromID":"1365642","toID":"1365641","formEdgeID":null},{"edgeID":"1786977","fromID":"1365643","toID":"1365642","formEdgeID":null},{"edgeID":"1786978","fromID":"1365641","toID":"1365644","formEdgeID":null},{"edgeID":"1786979","fromID":"1365644","toID":"1365640","formEdgeID":null},{"edgeID":"1786980","fromID":"1365633","toID":"1365645","formEdgeID":null},{"edgeID":"1786981","fromID":"1365645","toID":"1365641","formEdgeID":null},{"edgeID":"1786982","fromID":"1365640","toID":"1365646","formEdgeID":null},{"edgeID":"1786983","fromID":"1365646","toID":"1365632","formEdgeID":null},{"edgeID":"1786984","fromID":"1365645","toID":"1365647","formEdgeID":null},{"edgeID":"1786985","fromID":"1365647","toID":"1365646","formEdgeID":null},{"edgeID":"1786986","fromID":"1365650","toID":"1365649","formEdgeID":null},{"edgeID":"1786987","fromID":"1365651","toID":"1365650","formEdgeID":null},{"edgeID":"1786988","fromID":"1365649","toID":"1365652","formEdgeID":null},{"edgeID":"1786989","fromID":"1365652","toID":"1365648","formEdgeID":null},{"edgeID":"1786990","fromID":"1365641","toID":"1365653","formEdgeID":null},{"edgeID":"1786991","fromID":"1365653","toID":"1365649","formEdgeID":null},{"edgeID":"1786992","fromID":"1365648","toID":"1365654","formEdgeID":null},{"edgeID":"1786993","fromID":"1365654","toID":"1365640","formEdgeID":null},{"edgeID":"1786994","fromID":"1365653","toID":"1365655","formEdgeID":null},{"edgeID":"1786995","fromID":"1365655","toID":"1365654","formEdgeID":null},{"edgeID":"1786996","fromID":"1365658","toID":"1365657","formEdgeID":null},{"edgeID":"1786997","fromID":"1365659","toID":"1365658","formEdgeID":null},{"edgeID":"1786998","fromID":"1365661","toID":"1365660","formEdgeID":null},{"edgeID":"1786999","fromID":"1365662","toID":"1365661","formEdgeID":null},{"edgeID":"1787000","fromID":"1365657","toID":"1365663","formEdgeID":null},{"edgeID":"1787001","fromID":"1365663","toID":"1365660","formEdgeID":null},{"edgeID":"1787002","fromID":"1365660","toID":"1365664","formEdgeID":null},{"edgeID":"1787003","fromID":"1365664","toID":"1365656","formEdgeID":null},{"edgeID":"1787004","fromID":"1365649","toID":"1365665","formEdgeID":null},{"edgeID":"1787005","fromID":"1365665","toID":"1365657","formEdgeID":null},{"edgeID":"1787006","fromID":"1365668","toID":"1365667","formEdgeID":null},{"edgeID":"1787007","fromID":"1365669","toID":"1365668","formEdgeID":null},{"edgeID":"1787008","fromID":"1365671","toID":"1365670","formEdgeID":null},{"edgeID":"1787009","fromID":"1365672","toID":"1365671","formEdgeID":null},{"edgeID":"1787010","fromID":"1365670","toID":"1365673","formEdgeID":null},{"edgeID":"1787011","fromID":"1365673","toID":"1365666","formEdgeID":null},{"edgeID":"1787012","fromID":"1365667","toID":"1365674","formEdgeID":null},{"edgeID":"1787013","fromID":"1365674","toID":"1365670","formEdgeID":null},{"edgeID":"1787014","fromID":"1365657","toID":"1365675","formEdgeID":null},{"edgeID":"1787015","fromID":"1365675","toID":"1365667","formEdgeID":null},{"edgeID":"1787016","fromID":"1365656","toID":"1365676","formEdgeID":null},{"edgeID":"1787017","fromID":"1365676","toID":"1365666","formEdgeID":null},{"edgeID":"1787018","fromID":"1365678","toID":"1365677","formEdgeID":null},{"edgeID":"1787019","fromID":"1365679","toID":"1365678","formEdgeID":null},{"edgeID":"1787020","fromID":"1365667","toID":"1365680","formEdgeID":null},{"edgeID":"1787021","fromID":"1365680","toID":"1365677","formEdgeID":null},{"edgeID":"1787022","fromID":"1365680","toID":"1365681","formEdgeID":null},{"edgeID":"1787023","fromID":"1365681","toID":"1365666","formEdgeID":null},{"edgeID":"1787024","fromID":"1365684","toID":"1365683","formEdgeID":null},{"edgeID":"1787025","fromID":"1365685","toID":"1365684","formEdgeID":null},{"edgeID":"1787026","fromID":"1365683","toID":"1365686","formEdgeID":null},{"edgeID":"1787027","fromID":"1365686","toID":"1365682","formEdgeID":null},{"edgeID":"1787028","fromID":"1365689","toID":"1365688","formEdgeID":null},{"edgeID":"1787029","fromID":"1365690","toID":"1365689","formEdgeID":null},{"edgeID":"1787030","fromID":"1365688","toID":"1365691","formEdgeID":null},{"edgeID":"1787031","fromID":"1365691","toID":"1365687","formEdgeID":null},{"edgeID":"1787032","fromID":"1365683","toID":"1365692","formEdgeID":null},{"edgeID":"1787033","fromID":"1365692","toID":"1365688","formEdgeID":null},{"edgeID":"1787034","fromID":"1365687","toID":"1365693","formEdgeID":null},{"edgeID":"1787035","fromID":"1365693","toID":"1365682","formEdgeID":null},{"edgeID":"1787036","fromID":"1365692","toID":"1365694","formEdgeID":null},{"edgeID":"1787037","fromID":"1365694","toID":"1365693","formEdgeID":null},{"edgeID":"1787038","fromID":"1365697","toID":"1365696","formEdgeID":null},{"edgeID":"1787039","fromID":"1365698","toID":"1365697","formEdgeID":null},{"edgeID":"1787040","fromID":"1365696","toID":"1365699","formEdgeID":null},{"edgeID":"1787041","fromID":"1365699","toID":"1365695","formEdgeID":null},{"edgeID":"1787042","fromID":"1365695","toID":"1365700","formEdgeID":null},{"edgeID":"1787043","fromID":"1365700","toID":"1365687","formEdgeID":null},{"edgeID":"1787044","fromID":"1365688","toID":"1365701","formEdgeID":null},{"edgeID":"1787045","fromID":"1365701","toID":"1365696","formEdgeID":null},{"edgeID":"1787046","fromID":"1365701","toID":"1365702","formEdgeID":null},{"edgeID":"1787047","fromID":"1365702","toID":"1365700","formEdgeID":null},{"edgeID":"1787048","fromID":"1365705","toID":"1365704","formEdgeID":null},{"edgeID":"1787049","fromID":"1365706","toID":"1365705","formEdgeID":null},{"edgeID":"1787050","fromID":"1365704","toID":"1365707","formEdgeID":null},{"edgeID":"1787051","fromID":"1365707","toID":"1365703","formEdgeID":null},{"edgeID":"1787052","fromID":"1365696","toID":"1365708","formEdgeID":null},{"edgeID":"1787053","fromID":"1365708","toID":"1365704","formEdgeID":null},{"edgeID":"1787054","fromID":"1365711","toID":"1365710","formEdgeID":null},{"edgeID":"1787055","fromID":"1365712","toID":"1365711","formEdgeID":null},{"edgeID":"1787056","fromID":"1365710","toID":"1365713","formEdgeID":null},{"edgeID":"1787057","fromID":"1365713","toID":"1365709","formEdgeID":null},{"edgeID":"1787058","fromID":"1365704","toID":"1365714","formEdgeID":null},{"edgeID":"1787059","fromID":"1365714","toID":"1365710","formEdgeID":null},{"edgeID":"1787060","fromID":"1365709","toID":"1365715","formEdgeID":null},{"edgeID":"1787061","fromID":"1365715","toID":"1365703","formEdgeID":null},{"edgeID":"1787062","fromID":"1365714","toID":"1365716","formEdgeID":null},{"edgeID":"1787063","fromID":"1365716","toID":"1365715","formEdgeID":null},{"edgeID":"1787064","fromID":"1365719","toID":"1365718","formEdgeID":null},{"edgeID":"1787065","fromID":"1365720","toID":"1365719","formEdgeID":null},{"edgeID":"1787066","fromID":"1365718","toID":"1365721","formEdgeID":null},{"edgeID":"1787067","fromID":"1365721","toID":"1365717","formEdgeID":null},{"edgeID":"1787068","fromID":"1365710","toID":"1365722","formEdgeID":null},{"edgeID":"1787069","fromID":"1365722","toID":"1365718","formEdgeID":null},{"edgeID":"1787070","fromID":"1365725","toID":"1365724","formEdgeID":null},{"edgeID":"1787071","fromID":"1365726","toID":"1365725","formEdgeID":null},{"edgeID":"1787072","fromID":"1365724","toID":"1365727","formEdgeID":null},{"edgeID":"1787073","fromID":"1365727","toID":"1365723","formEdgeID":null},{"edgeID":"1787074","fromID":"1365718","toID":"1365728","formEdgeID":null},{"edgeID":"1787075","fromID":"1365728","toID":"1365724","formEdgeID":null},{"edgeID":"1787076","fromID":"1365731","toID":"1365730","formEdgeID":null},{"edgeID":"1787077","fromID":"1365732","toID":"1365731","formEdgeID":null},{"edgeID":"1787078","fromID":"1365730","toID":"1365733","formEdgeID":null},{"edgeID":"1787079","fromID":"1365733","toID":"1365729","formEdgeID":null},{"edgeID":"1787080","fromID":"1365724","toID":"1365734","formEdgeID":null},{"edgeID":"1787081","fromID":"1365734","toID":"1365730","formEdgeID":null},{"edgeID":"1787082","fromID":"1365723","toID":"1365735","formEdgeID":null},{"edgeID":"1787083","fromID":"1365735","toID":"1365717","formEdgeID":null},{"edgeID":"1787084","fromID":"1365729","toID":"1365736","formEdgeID":null},{"edgeID":"1787085","fromID":"1365736","toID":"1365723","formEdgeID":null},{"edgeID":"1787086","fromID":"1365728","toID":"1365737","formEdgeID":null},{"edgeID":"1787087","fromID":"1365737","toID":"1365735","formEdgeID":null},{"edgeID":"1787088","fromID":"1365734","toID":"1365738","formEdgeID":null},{"edgeID":"1787089","fromID":"1365738","toID":"1365736","formEdgeID":null},{"edgeID":"1787090","fromID":"1365741","toID":"1365740","formEdgeID":null},{"edgeID":"1787091","fromID":"1365742","toID":"1365741","formEdgeID":null},{"edgeID":"1787092","fromID":"1365740","toID":"1365743","formEdgeID":null},{"edgeID":"1787093","fromID":"1365743","toID":"1365739","formEdgeID":null},{"edgeID":"1787094","fromID":"1365730","toID":"1365744","formEdgeID":null},{"edgeID":"1787095","fromID":"1365744","toID":"1365740","formEdgeID":null},{"edgeID":"1787096","fromID":"1365747","toID":"1365746","formEdgeID":null},{"edgeID":"1787097","fromID":"1365748","toID":"1365747","formEdgeID":null},{"edgeID":"1787098","fromID":"1365746","toID":"1365749","formEdgeID":null},{"edgeID":"1787099","fromID":"1365749","toID":"1365745","formEdgeID":null},{"edgeID":"1787100","fromID":"1365740","toID":"1365750","formEdgeID":null},{"edgeID":"1787101","fromID":"1365750","toID":"1365746","formEdgeID":null},{"edgeID":"1787102","fromID":"1365739","toID":"1365751","formEdgeID":null},{"edgeID":"1787103","fromID":"1365751","toID":"1365729","formEdgeID":null},{"edgeID":"1787104","fromID":"1365745","toID":"1365752","formEdgeID":null},{"edgeID":"1787105","fromID":"1365752","toID":"1365739","formEdgeID":null},{"edgeID":"1787106","fromID":"1365744","toID":"1365753","formEdgeID":null},{"edgeID":"1787107","fromID":"1365753","toID":"1365751","formEdgeID":null},{"edgeID":"1787108","fromID":"1365750","toID":"1365754","formEdgeID":null},{"edgeID":"1787109","fromID":"1365754","toID":"1365752","formEdgeID":null},{"edgeID":"1787110","fromID":"1365756","toID":"1365755","formEdgeID":null},{"edgeID":"1787111","fromID":"1365757","toID":"1365756","formEdgeID":null},{"edgeID":"1787112","fromID":"1365759","toID":"1365758","formEdgeID":null},{"edgeID":"1787113","fromID":"1365760","toID":"1365759","formEdgeID":null},{"edgeID":"1787114","fromID":"1365755","toID":"1365761","formEdgeID":null},{"edgeID":"1787115","fromID":"1365761","toID":"1365758","formEdgeID":null},{"edgeID":"1787116","fromID":"1365683","toID":"1365762","formEdgeID":null},{"edgeID":"1787117","fromID":"1365762","toID":"1365755","formEdgeID":null},{"edgeID":"1787118","fromID":"1365762","toID":"1365763","formEdgeID":null},{"edgeID":"1787119","fromID":"1365763","toID":"1365682","formEdgeID":null},{"edgeID":"1787120","fromID":"1365766","toID":"1365765","formEdgeID":null},{"edgeID":"1787121","fromID":"1365767","toID":"1365766","formEdgeID":null},{"edgeID":"1787122","fromID":"1365765","toID":"1365768","formEdgeID":null},{"edgeID":"1787123","fromID":"1365768","toID":"1365764","formEdgeID":null},{"edgeID":"1787124","fromID":"1365755","toID":"1365769","formEdgeID":null},{"edgeID":"1787125","fromID":"1365769","toID":"1365765","formEdgeID":null},{"edgeID":"1787126","fromID":"1365772","toID":"1365771","formEdgeID":null},{"edgeID":"1787127","fromID":"1365773","toID":"1365772","formEdgeID":null},{"edgeID":"1787128","fromID":"1365771","toID":"1365774","formEdgeID":null},{"edgeID":"1787129","fromID":"1365774","toID":"1365770","formEdgeID":null},{"edgeID":"1787130","fromID":"1365765","toID":"1365775","formEdgeID":null},{"edgeID":"1787131","fromID":"1365775","toID":"1365771","formEdgeID":null},{"edgeID":"1787132","fromID":"1365770","toID":"1365776","formEdgeID":null},{"edgeID":"1787133","fromID":"1365776","toID":"1365764","formEdgeID":null},{"edgeID":"1787134","fromID":"1365775","toID":"1365777","formEdgeID":null},{"edgeID":"1787135","fromID":"1365777","toID":"1365776","formEdgeID":null},{"edgeID":"1787136","fromID":"1365780","toID":"1365779","formEdgeID":null},{"edgeID":"1787137","fromID":"1365781","toID":"1365780","formEdgeID":null},{"edgeID":"1787138","fromID":"1365779","toID":"1365782","formEdgeID":null},{"edgeID":"1787139","fromID":"1365782","toID":"1365778","formEdgeID":null},{"edgeID":"1787140","fromID":"1365771","toID":"1365783","formEdgeID":null},{"edgeID":"1787141","fromID":"1365783","toID":"1365779","formEdgeID":null},{"edgeID":"1787142","fromID":"1365778","toID":"1365784","formEdgeID":null},{"edgeID":"1787143","fromID":"1365784","toID":"1365770","formEdgeID":null},{"edgeID":"1787144","fromID":"1365787","toID":"1365786","formEdgeID":null},{"edgeID":"1787145","fromID":"1365788","toID":"1365787","formEdgeID":null},{"edgeID":"1787146","fromID":"1365786","toID":"1365789","formEdgeID":null},{"edgeID":"1787147","fromID":"1365789","toID":"1365785","formEdgeID":null},{"edgeID":"1787148","fromID":"1365779","toID":"1365790","formEdgeID":null},{"edgeID":"1787149","fromID":"1365790","toID":"1365786","formEdgeID":null},{"edgeID":"1787150","fromID":"1365785","toID":"1365791","formEdgeID":null},{"edgeID":"1787151","fromID":"1365791","toID":"1365778","formEdgeID":null},{"edgeID":"1787152","fromID":"1365783","toID":"1365792","formEdgeID":null},{"edgeID":"1787153","fromID":"1365792","toID":"1365784","formEdgeID":null},{"edgeID":"1787154","fromID":"1365790","toID":"1365793","formEdgeID":null},{"edgeID":"1787155","fromID":"1365793","toID":"1365791","formEdgeID":null},{"edgeID":"1787156","fromID":"1365796","toID":"1365795","formEdgeID":null},{"edgeID":"1787157","fromID":"1365797","toID":"1365796","formEdgeID":null},{"edgeID":"1787158","fromID":"1365795","toID":"1365798","formEdgeID":null},{"edgeID":"1787159","fromID":"1365798","toID":"1365794","formEdgeID":null},{"edgeID":"1787160","fromID":"1365801","toID":"1365800","formEdgeID":null},{"edgeID":"1787161","fromID":"1365802","toID":"1365801","formEdgeID":null},{"edgeID":"1787162","fromID":"1365800","toID":"1365803","formEdgeID":null},{"edgeID":"1787163","fromID":"1365803","toID":"1365799","formEdgeID":null},{"edgeID":"1787164","fromID":"1365806","toID":"1365805","formEdgeID":null},{"edgeID":"1787165","fromID":"1365807","toID":"1365806","formEdgeID":null},{"edgeID":"1787166","fromID":"1365805","toID":"1365808","formEdgeID":null},{"edgeID":"1787167","fromID":"1365808","toID":"1365804","formEdgeID":null},{"edgeID":"1787168","fromID":"1365795","toID":"1365809","formEdgeID":null},{"edgeID":"1787169","fromID":"1365809","toID":"1365800","formEdgeID":null},{"edgeID":"1787170","fromID":"1365800","toID":"1365810","formEdgeID":null},{"edgeID":"1787171","fromID":"1365810","toID":"1365805","formEdgeID":null},{"edgeID":"1787172","fromID":"1365804","toID":"1365811","formEdgeID":null},{"edgeID":"1787173","fromID":"1365811","toID":"1365799","formEdgeID":null},{"edgeID":"1787174","fromID":"1365810","toID":"1365812","formEdgeID":null},{"edgeID":"1787175","fromID":"1365812","toID":"1365811","formEdgeID":null},{"edgeID":"1787176","fromID":"1365815","toID":"1365814","formEdgeID":null},{"edgeID":"1787177","fromID":"1365816","toID":"1365815","formEdgeID":null},{"edgeID":"1787178","fromID":"1365814","toID":"1365817","formEdgeID":null},{"edgeID":"1787179","fromID":"1365817","toID":"1365813","formEdgeID":null},{"edgeID":"1787180","fromID":"1365667","toID":"1365818","formEdgeID":null},{"edgeID":"1787181","fromID":"1365818","toID":"1365814","formEdgeID":null},{"edgeID":"1787182","fromID":"1365813","toID":"1365819","formEdgeID":null},{"edgeID":"1787183","fromID":"1365819","toID":"1365666","formEdgeID":null},{"edgeID":"1787184","fromID":"1365818","toID":"1365820","formEdgeID":null},{"edgeID":"1787185","fromID":"1365820","toID":"1365819","formEdgeID":null},{"edgeID":"1787186","fromID":"1365786","toID":"1365821","formEdgeID":null},{"edgeID":"1787187","fromID":"1365821","toID":"1365795","formEdgeID":null}],"locutions":[]}