{"nodes":[{"nodeID":"1364552","text":"the unions have decided to go on strike","type":"I","timestamp":"2023-11-09 14:31:45"},{"nodeID":"1364553","text":"AudienceMember 20230209QT12: He mentioned that the unions have decided to go on strike","type":"L","timestamp":"2023-11-09 14:31:45"},{"nodeID":"1364554","text":"Analysing","type":"YA","timestamp":"2023-11-09 14:31:45"},{"nodeID":"1364555","text":"Joanna: AudienceMember 20230209QT12: He mentioned that the unions have decided to go on strike","type":"L","timestamp":"2023-11-09 14:31:45"},{"nodeID":"1364556","text":"John Lamont: the unions have decided to go on strike","type":"L","timestamp":"2023-11-09 14:31:45"},{"nodeID":"1364557","text":"Analysing","type":"YA","timestamp":"2023-11-09 14:31:45"},{"nodeID":"1364558","text":"Joanna: John Lamont: the unions have decided to go on strike","type":"L","timestamp":"2023-11-09 14:31:45"},{"nodeID":"1364559","text":"Asserting","type":"YA","timestamp":"2023-11-09 14:31:45"},{"nodeID":"1364560","text":"Asserting","type":"YA","timestamp":"2023-11-09 14:31:45"},{"nodeID":"1364561","text":"it is the teachers who are the members of those unions that decided to go on strike","type":"I","timestamp":"2023-11-09 14:31:46"},{"nodeID":"1364562","text":"AudienceMember 20230209QT12: it is the teachers who are the members of those unions that decided to go on strike","type":"L","timestamp":"2023-11-09 14:31:46"},{"nodeID":"1364563","text":"Analysing","type":"YA","timestamp":"2023-11-09 14:31:46"},{"nodeID":"1364564","text":"Joanna: AudienceMember 20230209QT12: it is the teachers who are the members of those unions that decided to go on strike","type":"L","timestamp":"2023-11-09 14:31:46"},{"nodeID":"1364565","text":"Asserting","type":"YA","timestamp":"2023-11-09 14:31:46"},{"nodeID":"1364566","text":"Default Transition","type":"TA","timestamp":"2023-11-09 14:31:46"},{"nodeID":"1364567","text":"Default Rephrase","type":"MA","timestamp":"2023-11-09 14:31:46"},{"nodeID":"1364568","text":"Restating","type":"YA","timestamp":"2023-11-09 14:31:46"},{"nodeID":"1364569","text":"it is important to note that it is the teachers who are the members of those unions that decided to go on strike","type":"I","timestamp":"2023-11-09 14:31:47"},{"nodeID":"1364570","text":"AudienceMember 20230209QT12: It is important to note that","type":"L","timestamp":"2023-11-09 14:31:47"},{"nodeID":"1364571","text":"Analysing","type":"YA","timestamp":"2023-11-09 14:31:47"},{"nodeID":"1364572","text":"Joanna: AudienceMember 20230209QT12: It is important to note that","type":"L","timestamp":"2023-11-09 14:31:47"},{"nodeID":"1364573","text":"Asserting","type":"YA","timestamp":"2023-11-09 14:31:47"},{"nodeID":"1364574","text":"Default Transition","type":"TA","timestamp":"2023-11-09 14:31:47"},{"nodeID":"1364575","text":"Default Inference","type":"RA","timestamp":"2023-11-09 14:31:47"},{"nodeID":"1364576","text":"Arguing","type":"YA","timestamp":"2023-11-09 14:31:47"},{"nodeID":"1364577","text":"your government right now are good at bashing unions","type":"I","timestamp":"2023-11-09 14:31:47"},{"nodeID":"1364578","text":"AudienceMember 20230209QT12: your government right now are good at bashing unions","type":"L","timestamp":"2023-11-09 14:31:47"},{"nodeID":"1364579","text":"Analysing","type":"YA","timestamp":"2023-11-09 14:31:47"},{"nodeID":"1364580","text":"Joanna: AudienceMember 20230209QT12: your government right now are good at bashing unions","type":"L","timestamp":"2023-11-09 14:31:47"},{"nodeID":"1364581","text":"Asserting","type":"YA","timestamp":"2023-11-09 14:31:47"},{"nodeID":"1364582","text":"Default Transition","type":"TA","timestamp":"2023-11-09 14:31:47"},{"nodeID":"1364583","text":"Default Inference","type":"RA","timestamp":"2023-11-09 14:31:47"},{"nodeID":"1364584","text":"Arguing","type":"YA","timestamp":"2023-11-09 14:31:47"},{"nodeID":"1364585","text":"all the unions are doing is supporting their workers","type":"I","timestamp":"2023-11-09 14:31:48"},{"nodeID":"1364586","text":"AudienceMember 20230209QT12: all they are doing is supporting their workers","type":"L","timestamp":"2023-11-09 14:31:48"},{"nodeID":"1364587","text":"Analysing","type":"YA","timestamp":"2023-11-09 14:31:48"},{"nodeID":"1364588","text":"Joanna: AudienceMember 20230209QT12: all they are doing is supporting their workers","type":"L","timestamp":"2023-11-09 14:31:48"},{"nodeID":"1364589","text":"Asserting","type":"YA","timestamp":"2023-11-09 14:31:48"},{"nodeID":"1364590","text":"Default Transition","type":"TA","timestamp":"2023-11-09 14:31:48"},{"nodeID":"1364591","text":"AudienceMember 20230209QT12's partner is a teacher","type":"I","timestamp":"2023-11-09 14:31:49"},{"nodeID":"1364592","text":"AudienceMember 20230209QT12: My partner is a teacher","type":"L","timestamp":"2023-11-09 14:31:49"},{"nodeID":"1364593","text":"Analysing","type":"YA","timestamp":"2023-11-09 14:31:49"},{"nodeID":"1364594","text":"Joanna: AudienceMember 20230209QT12: My partner is a teacher","type":"L","timestamp":"2023-11-09 14:31:49"},{"nodeID":"1364595","text":"Asserting","type":"YA","timestamp":"2023-11-09 14:31:49"},{"nodeID":"1364596","text":"Default Transition","type":"TA","timestamp":"2023-11-09 14:31:49"},{"nodeID":"1364597","text":"we have loads of teachers who are qualifying but cannot get a job","type":"I","timestamp":"2023-11-09 14:31:49"},{"nodeID":"1364598","text":"AudienceMember 20230209QT12: we have loads of teachers who are qualifying but cannot get a job","type":"L","timestamp":"2023-11-09 14:31:49"},{"nodeID":"1364599","text":"Analysing","type":"YA","timestamp":"2023-11-09 14:31:49"},{"nodeID":"1364600","text":"Joanna: AudienceMember 20230209QT12: we have loads of teachers who are qualifying but cannot get a job","type":"L","timestamp":"2023-11-09 14:31:49"},{"nodeID":"1364601","text":"Asserting","type":"YA","timestamp":"2023-11-09 14:31:49"},{"nodeID":"1364602","text":"there's two sides to this","type":"I","timestamp":"2023-11-09 14:31:50"},{"nodeID":"1364603","text":"AudienceMember 20230209QT12: there's two sides to this","type":"L","timestamp":"2023-11-09 14:31:50"},{"nodeID":"1364604","text":"Analysing","type":"YA","timestamp":"2023-11-09 14:31:50"},{"nodeID":"1364605","text":"Joanna: AudienceMember 20230209QT12: there's two sides to this","type":"L","timestamp":"2023-11-09 14:31:50"},{"nodeID":"1364606","text":"Asserting","type":"YA","timestamp":"2023-11-09 14:31:50"},{"nodeID":"1364607","text":"Default Transition","type":"TA","timestamp":"2023-11-09 14:31:50"},{"nodeID":"1364608","text":"there's the council budgets that have been slashed","type":"I","timestamp":"2023-11-09 14:31:51"},{"nodeID":"1364609","text":"AudienceMember 20230209QT12: There's the council budgets that have been slashed","type":"L","timestamp":"2023-11-09 14:31:51"},{"nodeID":"1364610","text":"Analysing","type":"YA","timestamp":"2023-11-09 14:31:51"},{"nodeID":"1364611","text":"Joanna: AudienceMember 20230209QT12: There's the council budgets that have been slashed","type":"L","timestamp":"2023-11-09 14:31:51"},{"nodeID":"1364612","text":"Asserting","type":"YA","timestamp":"2023-11-09 14:31:51"},{"nodeID":"1364613","text":"Default Transition","type":"TA","timestamp":"2023-11-09 14:31:51"},{"nodeID":"1364614","text":"the fact that John Lamont's government don't want to give public sector increased pay","type":"I","timestamp":"2023-11-09 14:31:51"},{"nodeID":"1364615","text":"AudienceMember 20230209QT12: the fact that John's government don't want to give public sector increased pay","type":"L","timestamp":"2023-11-09 14:31:51"},{"nodeID":"1364616","text":"Analysing","type":"YA","timestamp":"2023-11-09 14:31:51"},{"nodeID":"1364617","text":"Joanna: AudienceMember 20230209QT12: the fact that John's government don't want to give public sector increased pay","type":"L","timestamp":"2023-11-09 14:31:51"},{"nodeID":"1364618","text":"Asserting","type":"YA","timestamp":"2023-11-09 14:31:51"},{"nodeID":"1364619","text":"Default Transition","type":"TA","timestamp":"2023-11-09 14:31:51"},{"nodeID":"1364620","text":"Default Rephrase","type":"MA","timestamp":"2023-11-09 14:31:51"},{"nodeID":"1364621","text":"Default Transition","type":"TA","timestamp":"2023-11-09 14:31:51"},{"nodeID":"1364622","text":"Restating","type":"YA","timestamp":"2023-11-09 14:31:51"},{"nodeID":"1364623","text":"Default Rephrase","type":"MA","timestamp":"2023-11-09 14:31:51"},{"nodeID":"1364624","text":"Restating","type":"YA","timestamp":"2023-11-09 14:31:51"},{"nodeID":"1364625","text":"Fiona Bruce is listening to the applause coming from all of the audience","type":"I","timestamp":"2023-11-09 14:31:52"},{"nodeID":"1364626","text":"Fiona Bruce: I'm listening to the applause coming from all of you","type":"L","timestamp":"2023-11-09 14:31:52"},{"nodeID":"1364627","text":"Analysing","type":"YA","timestamp":"2023-11-09 14:31:52"},{"nodeID":"1364628","text":"Joanna: Fiona Bruce: I'm listening to the applause coming from all of you","type":"L","timestamp":"2023-11-09 14:31:52"},{"nodeID":"1364629","text":"Asserting","type":"YA","timestamp":"2023-11-09 14:31:52"},{"nodeID":"1364630","text":"Default Transition","type":"TA","timestamp":"2023-11-09 14:31:52"},{"nodeID":"1364631","text":"Fiona Bruce knows the majority of people according to polling support the teachers strike","type":"I","timestamp":"2023-11-09 14:31:52"},{"nodeID":"1364632","text":"Fiona Bruce: I know the majority of people according to polling support the teachers strike","type":"L","timestamp":"2023-11-09 14:31:52"},{"nodeID":"1364633","text":"Analysing","type":"YA","timestamp":"2023-11-09 14:31:52"},{"nodeID":"1364634","text":"Joanna: Fiona Bruce: I know the majority of people according to polling support the teachers strike","type":"L","timestamp":"2023-11-09 14:31:52"},{"nodeID":"1364635","text":"Asserting","type":"YA","timestamp":"2023-11-09 14:31:52"},{"nodeID":"1364636","text":"Default Transition","type":"TA","timestamp":"2023-11-09 14:31:52"},{"nodeID":"1364637","text":"there are those who don't support the teachers' strike","type":"I","timestamp":"2023-11-09 14:31:53"},{"nodeID":"1364638","text":"Fiona Bruce: There are those who don't support it","type":"L","timestamp":"2023-11-09 14:31:53"},{"nodeID":"1364639","text":"Analysing","type":"YA","timestamp":"2023-11-09 14:31:53"},{"nodeID":"1364640","text":"Joanna: Fiona Bruce: There are those who don't support it","type":"L","timestamp":"2023-11-09 14:31:53"},{"nodeID":"1364641","text":"Asserting","type":"YA","timestamp":"2023-11-09 14:31:53"},{"nodeID":"1364642","text":"Default Transition","type":"TA","timestamp":"2023-11-09 14:31:53"},{"nodeID":"1364643","text":"Default Conflict","type":"CA","timestamp":"2023-11-09 14:31:53"},{"nodeID":"1364644","text":"Disagreeing","type":"YA","timestamp":"2023-11-09 14:31:53"},{"nodeID":"1364645","text":"Default Inference","type":"RA","timestamp":"2023-11-09 14:31:53"},{"nodeID":"1364646","text":"Arguing","type":"YA","timestamp":"2023-11-09 14:31:53"},{"nodeID":"1364647","text":"there are those who don't feel 10 percent is reasonable","type":"I","timestamp":"2023-11-09 14:31:54"},{"nodeID":"1364648","text":"Fiona Bruce: don't feel 10 percent is reasonable","type":"L","timestamp":"2023-11-09 14:31:54"},{"nodeID":"1364649","text":"Analysing","type":"YA","timestamp":"2023-11-09 14:31:54"},{"nodeID":"1364650","text":"Joanna: Fiona Bruce: don't feel 10 percent is reasonable","type":"L","timestamp":"2023-11-09 14:31:54"},{"nodeID":"1364651","text":"Asserting","type":"YA","timestamp":"2023-11-09 14:31:54"},{"nodeID":"1364652","text":"Default Transition","type":"TA","timestamp":"2023-11-09 14:31:54"},{"nodeID":"1364653","text":"Default Rephrase","type":"MA","timestamp":"2023-11-09 14:31:54"},{"nodeID":"1364654","text":"Restating","type":"YA","timestamp":"2023-11-09 14:31:54"},{"nodeID":"1364655","text":"AudienceMember 20230209QT13 used to be a primary schoolteacher","type":"I","timestamp":"2023-11-09 14:31:54"},{"nodeID":"1364656","text":"AudienceMember 20230209QT13: I used to be a primary schoolteacher","type":"L","timestamp":"2023-11-09 14:31:54"},{"nodeID":"1364657","text":"Analysing","type":"YA","timestamp":"2023-11-09 14:31:54"},{"nodeID":"1364658","text":"Joanna: AudienceMember 20230209QT13: I used to be a primary schoolteacher","type":"L","timestamp":"2023-11-09 14:31:54"},{"nodeID":"1364659","text":"Asserting","type":"YA","timestamp":"2023-11-09 14:31:54"},{"nodeID":"1364660","text":"AudienceMember 20230209QT13 left primary schoolteaching","type":"I","timestamp":"2023-11-09 14:31:55"},{"nodeID":"1364661","text":"AudienceMember 20230209QT13: I left","type":"L","timestamp":"2023-11-09 14:31:55"},{"nodeID":"1364662","text":"Analysing","type":"YA","timestamp":"2023-11-09 14:31:55"},{"nodeID":"1364663","text":"Joanna: AudienceMember 20230209QT13: I left","type":"L","timestamp":"2023-11-09 14:31:55"},{"nodeID":"1364664","text":"Asserting","type":"YA","timestamp":"2023-11-09 14:31:55"},{"nodeID":"1364665","text":"Default Transition","type":"TA","timestamp":"2023-11-09 14:31:55"},{"nodeID":"1364666","text":"AudienceMember 20230209QT13 wasn't earning the income that AudienceMember 20230209QT13 wanted to support their family","type":"I","timestamp":"2023-11-09 14:31:56"},{"nodeID":"1364667","text":"AudienceMember 20230209QT13:  I wasn't earning the income that I wanted to support my family","type":"L","timestamp":"2023-11-09 14:31:56"},{"nodeID":"1364668","text":"Analysing","type":"YA","timestamp":"2023-11-09 14:31:56"},{"nodeID":"1364669","text":"Joanna: AudienceMember 20230209QT13:  I wasn't earning the income that I wanted to support my family","type":"L","timestamp":"2023-11-09 14:31:56"},{"nodeID":"1364670","text":"Asserting","type":"YA","timestamp":"2023-11-09 14:31:56"},{"nodeID":"1364671","text":"Default Transition","type":"TA","timestamp":"2023-11-09 14:31:56"},{"nodeID":"1364672","text":"AudienceMember 20230209QT13 started up a business","type":"I","timestamp":"2023-11-09 14:31:56"},{"nodeID":"1364673","text":"AudienceMember 20230209QT13: I started up a business","type":"L","timestamp":"2023-11-09 14:31:56"},{"nodeID":"1364674","text":"Analysing","type":"YA","timestamp":"2023-11-09 14:31:56"},{"nodeID":"1364675","text":"Joanna: AudienceMember 20230209QT13: I started up a business","type":"L","timestamp":"2023-11-09 14:31:56"},{"nodeID":"1364676","text":"Asserting","type":"YA","timestamp":"2023-11-09 14:31:56"},{"nodeID":"1364677","text":"Default Transition","type":"TA","timestamp":"2023-11-09 14:31:56"},{"nodeID":"1364678","text":"AudienceMember 20230209QT13's business employs about 20-odd people now, 25 AudienceMember 20230209QT13 thinks they're at","type":"I","timestamp":"2023-11-09 14:31:57"},{"nodeID":"1364679","text":"AudienceMember 20230209QT13: That business employs about 20-odd people now, 25 I think we're at","type":"L","timestamp":"2023-11-09 14:31:57"},{"nodeID":"1364680","text":"Analysing","type":"YA","timestamp":"2023-11-09 14:31:57"},{"nodeID":"1364681","text":"Joanna: AudienceMember 20230209QT13: That business employs about 20-odd people now, 25 I think we're at","type":"L","timestamp":"2023-11-09 14:31:57"},{"nodeID":"1364682","text":"Asserting","type":"YA","timestamp":"2023-11-09 14:31:57"},{"nodeID":"1364683","text":"Default Transition","type":"TA","timestamp":"2023-11-09 14:31:57"},{"nodeID":"1364684","text":"Default Rephrase","type":"MA","timestamp":"2023-11-09 14:31:57"},{"nodeID":"1364685","text":"Restating","type":"YA","timestamp":"2023-11-09 14:31:57"},{"nodeID":"1364686","text":"it's a very fine line between balancing the books","type":"I","timestamp":"2023-11-09 14:31:58"},{"nodeID":"1364687","text":"AudienceMember 20230209QT13: It's a very fine line between balancing the books","type":"L","timestamp":"2023-11-09 14:31:58"},{"nodeID":"1364688","text":"Analysing","type":"YA","timestamp":"2023-11-09 14:31:58"},{"nodeID":"1364689","text":"Joanna: AudienceMember 20230209QT13: It's a very fine line between balancing the books","type":"L","timestamp":"2023-11-09 14:31:58"},{"nodeID":"1364690","text":"Asserting","type":"YA","timestamp":"2023-11-09 14:31:58"},{"nodeID":"1364691","text":"Default Transition","type":"TA","timestamp":"2023-11-09 14:31:58"},{"nodeID":"1364692","text":"Default Inference","type":"RA","timestamp":"2023-11-09 14:31:58"},{"nodeID":"1364693","text":"Arguing","type":"YA","timestamp":"2023-11-09 14:31:58"},{"nodeID":"1364694","text":"Default Transition","type":"TA","timestamp":"2023-11-09 14:31:58"},{"nodeID":"1364695","text":"Default Rephrase","type":"MA","timestamp":"2023-11-09 14:31:58"},{"nodeID":"1364696","text":"Restating","type":"YA","timestamp":"2023-11-09 14:31:58"},{"nodeID":"1364697","text":"over the past number of years counsel budgets have been slashed","type":"I","timestamp":"2023-11-09 14:31:58"},{"nodeID":"1364698","text":"AudienceMember 20230209QT12: over the past number of years, Jenny, counsel budgets have been slashed","type":"L","timestamp":"2023-11-09 14:31:58"},{"nodeID":"1364699","text":"Analysing","type":"YA","timestamp":"2023-11-09 14:31:58"},{"nodeID":"1364700","text":"Joanna: AudienceMember 20230209QT12: over the past number of years, Jenny, counsel budgets have been slashed","type":"L","timestamp":"2023-11-09 14:31:58"},{"nodeID":"1364701","text":"Asserting","type":"YA","timestamp":"2023-11-09 14:31:58"},{"nodeID":"1364702","text":"Default Transition","type":"TA","timestamp":"2023-11-09 14:31:58"},{"nodeID":"1364703","text":"Default Transition","type":"TA","timestamp":"2023-11-09 14:31:58"},{"nodeID":"1364704","text":"Default Rephrase","type":"MA","timestamp":"2023-11-09 14:31:58"},{"nodeID":"1364705","text":"Default Transition","type":"TA","timestamp":"2023-11-09 14:31:58"},{"nodeID":"1364706","text":"Restating","type":"YA","timestamp":"2023-11-09 14:31:58"},{"nodeID":"1364707","text":"Default Inference","type":"RA","timestamp":"2023-11-09 14:31:58"},{"nodeID":"1364708","text":"Arguing","type":"YA","timestamp":"2023-11-09 14:31:58"},{"nodeID":"1364709","text":"Default Transition","type":"TA","timestamp":"2023-11-09 14:31:58"},{"nodeID":"1364710","text":"Default Inference","type":"RA","timestamp":"2023-11-09 14:31:58"},{"nodeID":"1364711","text":"Arguing","type":"YA","timestamp":"2023-11-09 14:31:58"}],"edges":[{"edgeID":"1785645","fromID":"1364554","toID":"1364553","formEdgeID":null},{"edgeID":"1785646","fromID":"1364555","toID":"1364554","formEdgeID":null},{"edgeID":"1785647","fromID":"1364557","toID":"1364556","formEdgeID":null},{"edgeID":"1785648","fromID":"1364558","toID":"1364557","formEdgeID":null},{"edgeID":"1785649","fromID":"1364556","toID":"1364559","formEdgeID":null},{"edgeID":"1785650","fromID":"1364559","toID":"1364552","formEdgeID":null},{"edgeID":"1785651","fromID":"1364553","toID":"1364560","formEdgeID":null},{"edgeID":"1785652","fromID":"1364560","toID":"1364556","formEdgeID":null},{"edgeID":"1785653","fromID":"1364563","toID":"1364562","formEdgeID":null},{"edgeID":"1785654","fromID":"1364564","toID":"1364563","formEdgeID":null},{"edgeID":"1785655","fromID":"1364562","toID":"1364565","formEdgeID":null},{"edgeID":"1785656","fromID":"1364565","toID":"1364561","formEdgeID":null},{"edgeID":"1785657","fromID":"1364553","toID":"1364566","formEdgeID":null},{"edgeID":"1785658","fromID":"1364566","toID":"1364562","formEdgeID":null},{"edgeID":"1785659","fromID":"1364561","toID":"1364567","formEdgeID":null},{"edgeID":"1785660","fromID":"1364567","toID":"1364552","formEdgeID":null},{"edgeID":"1785661","fromID":"1364566","toID":"1364568","formEdgeID":null},{"edgeID":"1785662","fromID":"1364568","toID":"1364567","formEdgeID":null},{"edgeID":"1785663","fromID":"1364571","toID":"1364570","formEdgeID":null},{"edgeID":"1785664","fromID":"1364572","toID":"1364571","formEdgeID":null},{"edgeID":"1785665","fromID":"1364570","toID":"1364573","formEdgeID":null},{"edgeID":"1785666","fromID":"1364573","toID":"1364569","formEdgeID":null},{"edgeID":"1785667","fromID":"1364562","toID":"1364574","formEdgeID":null},{"edgeID":"1785668","fromID":"1364574","toID":"1364570","formEdgeID":null},{"edgeID":"1785669","fromID":"1364561","toID":"1364575","formEdgeID":null},{"edgeID":"1785670","fromID":"1364575","toID":"1364569","formEdgeID":null},{"edgeID":"1785671","fromID":"1364574","toID":"1364576","formEdgeID":null},{"edgeID":"1785672","fromID":"1364576","toID":"1364575","formEdgeID":null},{"edgeID":"1785673","fromID":"1364579","toID":"1364578","formEdgeID":null},{"edgeID":"1785674","fromID":"1364580","toID":"1364579","formEdgeID":null},{"edgeID":"1785675","fromID":"1364578","toID":"1364581","formEdgeID":null},{"edgeID":"1785676","fromID":"1364581","toID":"1364577","formEdgeID":null},{"edgeID":"1785677","fromID":"1364570","toID":"1364582","formEdgeID":null},{"edgeID":"1785678","fromID":"1364582","toID":"1364578","formEdgeID":null},{"edgeID":"1785679","fromID":"1364577","toID":"1364583","formEdgeID":null},{"edgeID":"1785680","fromID":"1364583","toID":"1364569","formEdgeID":null},{"edgeID":"1785681","fromID":"1364582","toID":"1364584","formEdgeID":null},{"edgeID":"1785682","fromID":"1364584","toID":"1364583","formEdgeID":null},{"edgeID":"1785683","fromID":"1364587","toID":"1364586","formEdgeID":null},{"edgeID":"1785684","fromID":"1364588","toID":"1364587","formEdgeID":null},{"edgeID":"1785685","fromID":"1364586","toID":"1364589","formEdgeID":null},{"edgeID":"1785686","fromID":"1364589","toID":"1364585","formEdgeID":null},{"edgeID":"1785687","fromID":"1364578","toID":"1364590","formEdgeID":null},{"edgeID":"1785688","fromID":"1364590","toID":"1364586","formEdgeID":null},{"edgeID":"1785689","fromID":"1364593","toID":"1364592","formEdgeID":null},{"edgeID":"1785690","fromID":"1364594","toID":"1364593","formEdgeID":null},{"edgeID":"1785691","fromID":"1364592","toID":"1364595","formEdgeID":null},{"edgeID":"1785692","fromID":"1364595","toID":"1364591","formEdgeID":null},{"edgeID":"1785693","fromID":"1364586","toID":"1364596","formEdgeID":null},{"edgeID":"1785694","fromID":"1364596","toID":"1364592","formEdgeID":null},{"edgeID":"1785695","fromID":"1364599","toID":"1364598","formEdgeID":null},{"edgeID":"1785696","fromID":"1364600","toID":"1364599","formEdgeID":null},{"edgeID":"1785697","fromID":"1364598","toID":"1364601","formEdgeID":null},{"edgeID":"1785698","fromID":"1364601","toID":"1364597","formEdgeID":null},{"edgeID":"1785699","fromID":"1364604","toID":"1364603","formEdgeID":null},{"edgeID":"1785700","fromID":"1364605","toID":"1364604","formEdgeID":null},{"edgeID":"1785701","fromID":"1364603","toID":"1364606","formEdgeID":null},{"edgeID":"1785702","fromID":"1364606","toID":"1364602","formEdgeID":null},{"edgeID":"1785703","fromID":"1364598","toID":"1364607","formEdgeID":null},{"edgeID":"1785704","fromID":"1364607","toID":"1364603","formEdgeID":null},{"edgeID":"1785705","fromID":"1364610","toID":"1364609","formEdgeID":null},{"edgeID":"1785706","fromID":"1364611","toID":"1364610","formEdgeID":null},{"edgeID":"1785707","fromID":"1364609","toID":"1364612","formEdgeID":null},{"edgeID":"1785708","fromID":"1364612","toID":"1364608","formEdgeID":null},{"edgeID":"1785709","fromID":"1364603","toID":"1364613","formEdgeID":null},{"edgeID":"1785710","fromID":"1364613","toID":"1364609","formEdgeID":null},{"edgeID":"1785711","fromID":"1364616","toID":"1364615","formEdgeID":null},{"edgeID":"1785712","fromID":"1364617","toID":"1364616","formEdgeID":null},{"edgeID":"1785713","fromID":"1364615","toID":"1364618","formEdgeID":null},{"edgeID":"1785714","fromID":"1364618","toID":"1364614","formEdgeID":null},{"edgeID":"1785715","fromID":"1364609","toID":"1364619","formEdgeID":null},{"edgeID":"1785716","fromID":"1364619","toID":"1364615","formEdgeID":null},{"edgeID":"1785717","fromID":"1364614","toID":"1364620","formEdgeID":null},{"edgeID":"1785718","fromID":"1364620","toID":"1364602","formEdgeID":null},{"edgeID":"1785719","fromID":"1364603","toID":"1364621","formEdgeID":null},{"edgeID":"1785720","fromID":"1364621","toID":"1364615","formEdgeID":null},{"edgeID":"1785721","fromID":"1364621","toID":"1364622","formEdgeID":null},{"edgeID":"1785722","fromID":"1364622","toID":"1364620","formEdgeID":null},{"edgeID":"1785723","fromID":"1364608","toID":"1364623","formEdgeID":null},{"edgeID":"1785724","fromID":"1364623","toID":"1364602","formEdgeID":null},{"edgeID":"1785725","fromID":"1364613","toID":"1364624","formEdgeID":null},{"edgeID":"1785726","fromID":"1364624","toID":"1364623","formEdgeID":null},{"edgeID":"1785727","fromID":"1364627","toID":"1364626","formEdgeID":null},{"edgeID":"1785728","fromID":"1364628","toID":"1364627","formEdgeID":null},{"edgeID":"1785729","fromID":"1364626","toID":"1364629","formEdgeID":null},{"edgeID":"1785730","fromID":"1364629","toID":"1364625","formEdgeID":null},{"edgeID":"1785731","fromID":"1364615","toID":"1364630","formEdgeID":null},{"edgeID":"1785732","fromID":"1364630","toID":"1364626","formEdgeID":null},{"edgeID":"1785733","fromID":"1364633","toID":"1364632","formEdgeID":null},{"edgeID":"1785734","fromID":"1364634","toID":"1364633","formEdgeID":null},{"edgeID":"1785735","fromID":"1364632","toID":"1364635","formEdgeID":null},{"edgeID":"1785736","fromID":"1364635","toID":"1364631","formEdgeID":null},{"edgeID":"1785737","fromID":"1364626","toID":"1364636","formEdgeID":null},{"edgeID":"1785738","fromID":"1364636","toID":"1364632","formEdgeID":null},{"edgeID":"1785739","fromID":"1364639","toID":"1364638","formEdgeID":null},{"edgeID":"1785740","fromID":"1364640","toID":"1364639","formEdgeID":null},{"edgeID":"1785741","fromID":"1364638","toID":"1364641","formEdgeID":null},{"edgeID":"1785742","fromID":"1364641","toID":"1364637","formEdgeID":null},{"edgeID":"1785743","fromID":"1364632","toID":"1364642","formEdgeID":null},{"edgeID":"1785744","fromID":"1364642","toID":"1364638","formEdgeID":null},{"edgeID":"1785745","fromID":"1364637","toID":"1364643","formEdgeID":null},{"edgeID":"1785746","fromID":"1364643","toID":"1364631","formEdgeID":null},{"edgeID":"1785747","fromID":"1364642","toID":"1364644","formEdgeID":null},{"edgeID":"1785748","fromID":"1364644","toID":"1364643","formEdgeID":null},{"edgeID":"1785749","fromID":"1364625","toID":"1364645","formEdgeID":null},{"edgeID":"1785750","fromID":"1364645","toID":"1364631","formEdgeID":null},{"edgeID":"1785751","fromID":"1364636","toID":"1364646","formEdgeID":null},{"edgeID":"1785752","fromID":"1364646","toID":"1364645","formEdgeID":null},{"edgeID":"1785753","fromID":"1364649","toID":"1364648","formEdgeID":null},{"edgeID":"1785754","fromID":"1364650","toID":"1364649","formEdgeID":null},{"edgeID":"1785755","fromID":"1364648","toID":"1364651","formEdgeID":null},{"edgeID":"1785756","fromID":"1364651","toID":"1364647","formEdgeID":null},{"edgeID":"1785757","fromID":"1364638","toID":"1364652","formEdgeID":null},{"edgeID":"1785758","fromID":"1364652","toID":"1364648","formEdgeID":null},{"edgeID":"1785759","fromID":"1364647","toID":"1364653","formEdgeID":null},{"edgeID":"1785760","fromID":"1364653","toID":"1364637","formEdgeID":null},{"edgeID":"1785761","fromID":"1364652","toID":"1364654","formEdgeID":null},{"edgeID":"1785762","fromID":"1364654","toID":"1364653","formEdgeID":null},{"edgeID":"1785763","fromID":"1364657","toID":"1364656","formEdgeID":null},{"edgeID":"1785764","fromID":"1364658","toID":"1364657","formEdgeID":null},{"edgeID":"1785765","fromID":"1364656","toID":"1364659","formEdgeID":null},{"edgeID":"1785766","fromID":"1364659","toID":"1364655","formEdgeID":null},{"edgeID":"1785767","fromID":"1364662","toID":"1364661","formEdgeID":null},{"edgeID":"1785768","fromID":"1364663","toID":"1364662","formEdgeID":null},{"edgeID":"1785769","fromID":"1364661","toID":"1364664","formEdgeID":null},{"edgeID":"1785770","fromID":"1364664","toID":"1364660","formEdgeID":null},{"edgeID":"1785771","fromID":"1364656","toID":"1364665","formEdgeID":null},{"edgeID":"1785772","fromID":"1364665","toID":"1364661","formEdgeID":null},{"edgeID":"1785773","fromID":"1364668","toID":"1364667","formEdgeID":null},{"edgeID":"1785774","fromID":"1364669","toID":"1364668","formEdgeID":null},{"edgeID":"1785775","fromID":"1364667","toID":"1364670","formEdgeID":null},{"edgeID":"1785776","fromID":"1364670","toID":"1364666","formEdgeID":null},{"edgeID":"1785777","fromID":"1364661","toID":"1364671","formEdgeID":null},{"edgeID":"1785778","fromID":"1364671","toID":"1364667","formEdgeID":null},{"edgeID":"1785779","fromID":"1364674","toID":"1364673","formEdgeID":null},{"edgeID":"1785780","fromID":"1364675","toID":"1364674","formEdgeID":null},{"edgeID":"1785781","fromID":"1364673","toID":"1364676","formEdgeID":null},{"edgeID":"1785782","fromID":"1364676","toID":"1364672","formEdgeID":null},{"edgeID":"1785783","fromID":"1364667","toID":"1364677","formEdgeID":null},{"edgeID":"1785784","fromID":"1364677","toID":"1364673","formEdgeID":null},{"edgeID":"1785785","fromID":"1364680","toID":"1364679","formEdgeID":null},{"edgeID":"1785786","fromID":"1364681","toID":"1364680","formEdgeID":null},{"edgeID":"1785787","fromID":"1364679","toID":"1364682","formEdgeID":null},{"edgeID":"1785788","fromID":"1364682","toID":"1364678","formEdgeID":null},{"edgeID":"1785789","fromID":"1364673","toID":"1364683","formEdgeID":null},{"edgeID":"1785790","fromID":"1364683","toID":"1364679","formEdgeID":null},{"edgeID":"1785791","fromID":"1364678","toID":"1364684","formEdgeID":null},{"edgeID":"1785792","fromID":"1364684","toID":"1364672","formEdgeID":null},{"edgeID":"1785793","fromID":"1364683","toID":"1364685","formEdgeID":null},{"edgeID":"1785794","fromID":"1364685","toID":"1364684","formEdgeID":null},{"edgeID":"1785795","fromID":"1364688","toID":"1364687","formEdgeID":null},{"edgeID":"1785796","fromID":"1364689","toID":"1364688","formEdgeID":null},{"edgeID":"1785797","fromID":"1364687","toID":"1364690","formEdgeID":null},{"edgeID":"1785798","fromID":"1364690","toID":"1364686","formEdgeID":null},{"edgeID":"1785799","fromID":"1364679","toID":"1364691","formEdgeID":null},{"edgeID":"1785800","fromID":"1364691","toID":"1364687","formEdgeID":null},{"edgeID":"1785801","fromID":"1364666","toID":"1364692","formEdgeID":null},{"edgeID":"1785802","fromID":"1364692","toID":"1364660","formEdgeID":null},{"edgeID":"1785803","fromID":"1364671","toID":"1364693","formEdgeID":null},{"edgeID":"1785804","fromID":"1364693","toID":"1364692","formEdgeID":null},{"edgeID":"1785805","fromID":"1364656","toID":"1364694","formEdgeID":null},{"edgeID":"1785806","fromID":"1364694","toID":"1364687","formEdgeID":null},{"edgeID":"1785807","fromID":"1364585","toID":"1364695","formEdgeID":null},{"edgeID":"1785808","fromID":"1364695","toID":"1364577","formEdgeID":null},{"edgeID":"1785809","fromID":"1364590","toID":"1364696","formEdgeID":null},{"edgeID":"1785810","fromID":"1364696","toID":"1364695","formEdgeID":null},{"edgeID":"1785811","fromID":"1364699","toID":"1364698","formEdgeID":null},{"edgeID":"1785812","fromID":"1364700","toID":"1364699","formEdgeID":null},{"edgeID":"1785813","fromID":"1364698","toID":"1364701","formEdgeID":null},{"edgeID":"1785814","fromID":"1364701","toID":"1364697","formEdgeID":null},{"edgeID":"1785815","fromID":"1364592","toID":"1364702","formEdgeID":null},{"edgeID":"1785816","fromID":"1364702","toID":"1364698","formEdgeID":null},{"edgeID":"1785817","fromID":"1364698","toID":"1364703","formEdgeID":null},{"edgeID":"1785818","fromID":"1364703","toID":"1364598","formEdgeID":null},{"edgeID":"1785819","fromID":"1364608","toID":"1364704","formEdgeID":null},{"edgeID":"1785820","fromID":"1364704","toID":"1364697","formEdgeID":null},{"edgeID":"1785821","fromID":"1364698","toID":"1364705","formEdgeID":null},{"edgeID":"1785822","fromID":"1364705","toID":"1364609","formEdgeID":null},{"edgeID":"1785823","fromID":"1364705","toID":"1364706","formEdgeID":null},{"edgeID":"1785824","fromID":"1364706","toID":"1364704","formEdgeID":null},{"edgeID":"1785825","fromID":"1364697","toID":"1364707","formEdgeID":null},{"edgeID":"1785826","fromID":"1364707","toID":"1364597","formEdgeID":null},{"edgeID":"1785827","fromID":"1364703","toID":"1364708","formEdgeID":null},{"edgeID":"1785828","fromID":"1364708","toID":"1364707","formEdgeID":null},{"edgeID":"1785829","fromID":"1364648","toID":"1364709","formEdgeID":null},{"edgeID":"1785830","fromID":"1364709","toID":"1364656","formEdgeID":null},{"edgeID":"1785831","fromID":"1364655","toID":"1364710","formEdgeID":null},{"edgeID":"1785832","fromID":"1364710","toID":"1364686","formEdgeID":null},{"edgeID":"1785833","fromID":"1364672","toID":"1364710","formEdgeID":null},{"edgeID":"1785834","fromID":"1364694","toID":"1364711","formEdgeID":null},{"edgeID":"1785835","fromID":"1364711","toID":"1364710","formEdgeID":null},{"edgeID":"1785836","fromID":"1364666","toID":"1364710","formEdgeID":null}],"locutions":[]}