{"nodes":[{"nodeID":"1364103","text":"teachers deserve a 10 percent pay increase","type":"I","timestamp":"2023-11-09 14:31:07"},{"nodeID":"1364104","text":"India Willoughby: Alison does deserve 10 percent","type":"L","timestamp":"2023-11-09 14:31:07"},{"nodeID":"1364105","text":"Analysing","type":"YA","timestamp":"2023-11-09 14:31:07"},{"nodeID":"1364106","text":"Fyfe: India Willoughby: Alison does deserve 10 percent","type":"L","timestamp":"2023-11-09 14:31:07"},{"nodeID":"1364107","text":"Asserting","type":"YA","timestamp":"2023-11-09 14:31:07"},{"nodeID":"1364108","text":"look at the statistics, teachers are already, before the 10 percent inflation rate, over the last decade, they are running 10 percent behind on pay already","type":"I","timestamp":"2023-11-09 14:31:08"},{"nodeID":"1364109","text":"India Willoughby: look at the statistics, teachers are already, before the 10 percent inflation rate, over the last decade, you're running 10 percent behind already","type":"L","timestamp":"2023-11-09 14:31:08"},{"nodeID":"1364110","text":"Analysing","type":"YA","timestamp":"2023-11-09 14:31:08"},{"nodeID":"1364111","text":"Fyfe: India Willoughby: look at the statistics, teachers are already, before the 10 percent inflation rate, over the last decade, you're running 10 percent behind already","type":"L","timestamp":"2023-11-09 14:31:08"},{"nodeID":"1364112","text":"Asserting","type":"YA","timestamp":"2023-11-09 14:31:08"},{"nodeID":"1364113","text":"Default Transition","type":"TA","timestamp":"2023-11-09 14:31:08"},{"nodeID":"1364114","text":"Default Inference","type":"RA","timestamp":"2023-11-09 14:31:08"},{"nodeID":"1364115","text":"Arguing","type":"YA","timestamp":"2023-11-09 14:31:08"},{"nodeID":"1364116","text":"the pay increase is not just about the money","type":"I","timestamp":"2023-11-09 14:31:08"},{"nodeID":"1364117","text":"India Willoughby: it is not just about the money","type":"L","timestamp":"2023-11-09 14:31:08"},{"nodeID":"1364118","text":"Analysing","type":"YA","timestamp":"2023-11-09 14:31:08"},{"nodeID":"1364119","text":"Fyfe: India Willoughby: it is not just about the money","type":"L","timestamp":"2023-11-09 14:31:08"},{"nodeID":"1364120","text":"Asserting","type":"YA","timestamp":"2023-11-09 14:31:08"},{"nodeID":"1364121","text":"Default Transition","type":"TA","timestamp":"2023-11-09 14:31:08"},{"nodeID":"1364122","text":"the pay increase is about the conditions and the extra tasks that teachers are now expected to carry on out of school activities","type":"I","timestamp":"2023-11-09 14:31:09"},{"nodeID":"1364123","text":"India Willoughby: it's about the conditions and the extra tasks that teachers are now expected to carry on out of school activities","type":"L","timestamp":"2023-11-09 14:31:09"},{"nodeID":"1364124","text":"Analysing","type":"YA","timestamp":"2023-11-09 14:31:09"},{"nodeID":"1364125","text":"Fyfe: India Willoughby: it's about the conditions and the extra tasks that teachers are now expected to carry on out of school activities","type":"L","timestamp":"2023-11-09 14:31:09"},{"nodeID":"1364126","text":"Asserting","type":"YA","timestamp":"2023-11-09 14:31:09"},{"nodeID":"1364127","text":"Default Transition","type":"TA","timestamp":"2023-11-09 14:31:09"},{"nodeID":"1364128","text":"the pay increase is about feeding children that don't have any food because of what the government has been doing over the last decade","type":"I","timestamp":"2023-11-09 14:31:09"},{"nodeID":"1364129","text":"India Willoughby: feeding children that don't have any food because of what the government has been doing over the last decade","type":"L","timestamp":"2023-11-09 14:31:09"},{"nodeID":"1364130","text":"Analysing","type":"YA","timestamp":"2023-11-09 14:31:09"},{"nodeID":"1364131","text":"Fyfe: India Willoughby: feeding children that don't have any food because of what the government has been doing over the last decade","type":"L","timestamp":"2023-11-09 14:31:09"},{"nodeID":"1364132","text":"Asserting","type":"YA","timestamp":"2023-11-09 14:31:09"},{"nodeID":"1364133","text":"Default Transition","type":"TA","timestamp":"2023-11-09 14:31:09"},{"nodeID":"1364134","text":"Default Rephrase","type":"MA","timestamp":"2023-11-09 14:31:09"},{"nodeID":"1364135","text":"Default Rephrase","type":"MA","timestamp":"2023-11-09 14:31:09"},{"nodeID":"1364136","text":"Restating","type":"YA","timestamp":"2023-11-09 14:31:09"},{"nodeID":"1364137","text":"Restating","type":"YA","timestamp":"2023-11-09 14:31:09"},{"nodeID":"1364138","text":"it is a bit rich of a government that some individuals, they don't pay their tax, others are handing out contracts to their chums, multi-million pounds","type":"I","timestamp":"2023-11-09 14:31:10"},{"nodeID":"1364139","text":"Analysing","type":"YA","timestamp":"2023-11-09 14:31:10"},{"nodeID":"1364140","text":"India Willoughby:  it is a bit rich of a government that some individuals, they don't pay their tax, others are handing out contracts to their chums, multi-million pounds","type":"L","timestamp":"2023-11-09 14:31:10"},{"nodeID":"1364141","text":"Fyfe: India Willoughby:  it is a bit rich of a government that some individuals, they don't pay their tax, others are handing out contracts to their chums, multi-million pounds","type":"L","timestamp":"2023-11-09 14:31:10"},{"nodeID":"1364142","text":"Asserting","type":"YA","timestamp":"2023-11-09 14:31:10"},{"nodeID":"1364143","text":"Default Transition","type":"TA","timestamp":"2023-11-09 14:31:10"},{"nodeID":"1364144","text":"we are hearing about workers in Amazon warehouses, 50 year old, wearing electronic tags and being told they are not peeing quick enough","type":"I","timestamp":"2023-11-09 14:31:11"},{"nodeID":"1364145","text":"India Willoughby: We're hearing about workers in Amazon wa, 50 year old, wearing electronic tags and being told they are not peeing quick enough","type":"L","timestamp":"2023-11-09 14:31:11"},{"nodeID":"1364146","text":"Analysing","type":"YA","timestamp":"2023-11-09 14:31:11"},{"nodeID":"1364147","text":"Fyfe: India Willoughby: We're hearing about workers in Amazon wa, 50 year old, wearing electronic tags and being told they are not peeing quick enough","type":"L","timestamp":"2023-11-09 14:31:11"},{"nodeID":"1364148","text":"Asserting","type":"YA","timestamp":"2023-11-09 14:31:11"},{"nodeID":"1364149","text":"Default Transition","type":"TA","timestamp":"2023-11-09 14:31:11"},{"nodeID":"1364150","text":"10 percent, the best investment you can make is children","type":"I","timestamp":"2023-11-09 14:31:11"},{"nodeID":"1364151","text":"India Willoughby: 10 percent, the best investment you can make is children","type":"L","timestamp":"2023-11-09 14:31:11"},{"nodeID":"1364152","text":"Analysing","type":"YA","timestamp":"2023-11-09 14:31:11"},{"nodeID":"1364153","text":"Fyfe: India Willoughby: 10 percent, the best investment you can make is children","type":"L","timestamp":"2023-11-09 14:31:11"},{"nodeID":"1364154","text":"Asserting","type":"YA","timestamp":"2023-11-09 14:31:11"},{"nodeID":"1364155","text":"Default Transition","type":"TA","timestamp":"2023-11-09 14:31:11"},{"nodeID":"1364156","text":"teachers absolutely deserve a 10 percent pay increase","type":"I","timestamp":"2023-11-09 14:31:12"},{"nodeID":"1364157","text":"Analysing","type":"YA","timestamp":"2023-11-09 14:31:12"},{"nodeID":"1364158","text":"Fyfe: India Willoughby: You absolutely deserve T","type":"L","timestamp":"2023-11-09 14:31:12"},{"nodeID":"1364159","text":"India Willoughby: You absolutely deserve T","type":"L","timestamp":"2023-11-09 14:31:12"},{"nodeID":"1364160","text":"Asserting","type":"YA","timestamp":"2023-11-09 14:31:12"},{"nodeID":"1364161","text":"Default Transition","type":"TA","timestamp":"2023-11-09 14:31:12"},{"nodeID":"1364162","text":"Default Rephrase","type":"MA","timestamp":"2023-11-09 14:31:12"},{"nodeID":"1364163","text":"Default Transition","type":"TA","timestamp":"2023-11-09 14:31:12"},{"nodeID":"1364164","text":"Restating","type":"YA","timestamp":"2023-11-09 14:31:12"},{"nodeID":"1364165","text":"Default Rephrase","type":"MA","timestamp":"2023-11-09 14:31:12"},{"nodeID":"1364166","text":"Default Transition","type":"TA","timestamp":"2023-11-09 14:31:12"},{"nodeID":"1364167","text":"Restating","type":"YA","timestamp":"2023-11-09 14:31:12"},{"nodeID":"1364168","text":"AudienceMember 20230209QT08: thank you for saying that","type":"L","timestamp":"2023-11-09 14:31:12"},{"nodeID":"1364169","text":"Fyfe: AudienceMember 20230209QT08: thank you for saying that","type":"L","timestamp":"2023-11-09 14:31:12"},{"nodeID":"1364170","text":"Analysing","type":"YA","timestamp":"2023-11-09 14:31:12"},{"nodeID":"1364171","text":"Default Transition","type":"TA","timestamp":"2023-11-09 14:31:12"},{"nodeID":"1364172","text":"wages in teaching are down 20 percent","type":"I","timestamp":"2023-11-09 14:31:13"},{"nodeID":"1364173","text":"AudienceMember 20230209QT08: Our wages in teaching are down 20 percent","type":"L","timestamp":"2023-11-09 14:31:13"},{"nodeID":"1364174","text":"Analysing","type":"YA","timestamp":"2023-11-09 14:31:13"},{"nodeID":"1364175","text":"Fyfe: AudienceMember 20230209QT08: Our wages in teaching are down 20 percent","type":"L","timestamp":"2023-11-09 14:31:13"},{"nodeID":"1364176","text":"Asserting","type":"YA","timestamp":"2023-11-09 14:31:13"},{"nodeID":"1364177","text":"Default Transition","type":"TA","timestamp":"2023-11-09 14:31:13"},{"nodeID":"1364178","text":"Default Rephrase","type":"MA","timestamp":"2023-11-09 14:31:13"},{"nodeID":"1364179","text":"Default Transition","type":"TA","timestamp":"2023-11-09 14:31:13"},{"nodeID":"1364180","text":"Restating","type":"YA","timestamp":"2023-11-09 14:31:13"},{"nodeID":"1364181","text":"wages in teaching being down 20 percent is ridiculous","type":"I","timestamp":"2023-11-09 14:31:13"},{"nodeID":"1364182","text":"AudienceMember 20230209QT08: That is ridiculous","type":"L","timestamp":"2023-11-09 14:31:13"},{"nodeID":"1364183","text":"Analysing","type":"YA","timestamp":"2023-11-09 14:31:13"},{"nodeID":"1364184","text":"Fyfe: AudienceMember 20230209QT08: That is ridiculous","type":"L","timestamp":"2023-11-09 14:31:13"},{"nodeID":"1364185","text":"Asserting","type":"YA","timestamp":"2023-11-09 14:31:13"},{"nodeID":"1364186","text":"Default Transition","type":"TA","timestamp":"2023-11-09 14:31:13"},{"nodeID":"1364187","text":"teachers working conditions are your children's learning conditions","type":"I","timestamp":"2023-11-09 14:31:14"},{"nodeID":"1364188","text":"AudienceMember 20230209QT08: our working conditions are your children's learning conditions","type":"L","timestamp":"2023-11-09 14:31:14"},{"nodeID":"1364189","text":"Fyfe: AudienceMember 20230209QT08: our working conditions are your children's learning conditions","type":"L","timestamp":"2023-11-09 14:31:14"},{"nodeID":"1364190","text":"Analysing","type":"YA","timestamp":"2023-11-09 14:31:14"},{"nodeID":"1364191","text":"Asserting","type":"YA","timestamp":"2023-11-09 14:31:14"},{"nodeID":"1364192","text":"Default Transition","type":"TA","timestamp":"2023-11-09 14:31:14"},{"nodeID":"1364193","text":"teachers deserve a fair pay rise","type":"I","timestamp":"2023-11-09 14:31:15"},{"nodeID":"1364194","text":"AudienceMember 20230209QT08: We deserve a fair pay rise","type":"L","timestamp":"2023-11-09 14:31:15"},{"nodeID":"1364195","text":"Analysing","type":"YA","timestamp":"2023-11-09 14:31:15"},{"nodeID":"1364196","text":"Fyfe: AudienceMember 20230209QT08: We deserve a fair pay rise","type":"L","timestamp":"2023-11-09 14:31:15"},{"nodeID":"1364197","text":"Asserting","type":"YA","timestamp":"2023-11-09 14:31:15"},{"nodeID":"1364198","text":"Default Rephrase","type":"MA","timestamp":"2023-11-09 14:31:15"},{"nodeID":"1364199","text":"Default Transition","type":"TA","timestamp":"2023-11-09 14:31:15"},{"nodeID":"1364200","text":"Restating","type":"YA","timestamp":"2023-11-09 14:31:15"},{"nodeID":"1364201","text":"Agreeing","type":"YA","timestamp":"2023-11-09 14:31:15"},{"nodeID":"1364202","text":"Default Rephrase","type":"MA","timestamp":"2023-11-09 14:31:15"},{"nodeID":"1364203","text":"Restating","type":"YA","timestamp":"2023-11-09 14:31:15"},{"nodeID":"1364204","text":"you want to attract the best teachers to our profession","type":"I","timestamp":"2023-11-09 14:31:15"},{"nodeID":"1364205","text":"AudienceMember 20230209QT08: you want to attract the best teachers to our profession","type":"L","timestamp":"2023-11-09 14:31:15"},{"nodeID":"1364206","text":"Analysing","type":"YA","timestamp":"2023-11-09 14:31:15"},{"nodeID":"1364207","text":"Fyfe: AudienceMember 20230209QT08: you want to attract the best teachers to our profession","type":"L","timestamp":"2023-11-09 14:31:15"},{"nodeID":"1364208","text":"Asserting","type":"YA","timestamp":"2023-11-09 14:31:15"},{"nodeID":"1364209","text":"Default Transition","type":"TA","timestamp":"2023-11-09 14:31:15"},{"nodeID":"1364210","text":"you have to give us what we deserve","type":"I","timestamp":"2023-11-09 14:31:16"},{"nodeID":"1364211","text":"AudienceMember 20230209QT08: you have to give us what we deserve","type":"L","timestamp":"2023-11-09 14:31:16"},{"nodeID":"1364212","text":"Analysing","type":"YA","timestamp":"2023-11-09 14:31:16"},{"nodeID":"1364213","text":"Fyfe: AudienceMember 20230209QT08: you have to give us what we deserve","type":"L","timestamp":"2023-11-09 14:31:16"},{"nodeID":"1364214","text":"Asserting","type":"YA","timestamp":"2023-11-09 14:31:16"},{"nodeID":"1364215","text":"Default Transition","type":"TA","timestamp":"2023-11-09 14:31:16"},{"nodeID":"1364216","text":"Default Transition","type":"TA","timestamp":"2023-11-09 14:31:16"},{"nodeID":"1364217","text":"Default Rephrase","type":"MA","timestamp":"2023-11-09 14:31:16"},{"nodeID":"1364218","text":"Restating","type":"YA","timestamp":"2023-11-09 14:31:16"},{"nodeID":"1364219","text":"Default Inference","type":"RA","timestamp":"2023-11-09 14:31:16"},{"nodeID":"1364220","text":"Arguing","type":"YA","timestamp":"2023-11-09 14:31:16"}],"edges":[{"edgeID":"1785117","fromID":"1364105","toID":"1364104","formEdgeID":null},{"edgeID":"1785118","fromID":"1364106","toID":"1364105","formEdgeID":null},{"edgeID":"1785119","fromID":"1364104","toID":"1364107","formEdgeID":null},{"edgeID":"1785120","fromID":"1364107","toID":"1364103","formEdgeID":null},{"edgeID":"1785121","fromID":"1364110","toID":"1364109","formEdgeID":null},{"edgeID":"1785122","fromID":"1364111","toID":"1364110","formEdgeID":null},{"edgeID":"1785123","fromID":"1364109","toID":"1364112","formEdgeID":null},{"edgeID":"1785124","fromID":"1364112","toID":"1364108","formEdgeID":null},{"edgeID":"1785125","fromID":"1364104","toID":"1364113","formEdgeID":null},{"edgeID":"1785126","fromID":"1364113","toID":"1364109","formEdgeID":null},{"edgeID":"1785127","fromID":"1364108","toID":"1364114","formEdgeID":null},{"edgeID":"1785128","fromID":"1364114","toID":"1364103","formEdgeID":null},{"edgeID":"1785129","fromID":"1364113","toID":"1364115","formEdgeID":null},{"edgeID":"1785130","fromID":"1364115","toID":"1364114","formEdgeID":null},{"edgeID":"1785131","fromID":"1364119","toID":"1364118","formEdgeID":null},{"edgeID":"1785132","fromID":"1364118","toID":"1364117","formEdgeID":null},{"edgeID":"1785133","fromID":"1364120","toID":"1364116","formEdgeID":null},{"edgeID":"1785134","fromID":"1364117","toID":"1364120","formEdgeID":null},{"edgeID":"1785135","fromID":"1364109","toID":"1364121","formEdgeID":null},{"edgeID":"1785136","fromID":"1364121","toID":"1364117","formEdgeID":null},{"edgeID":"1785137","fromID":"1364124","toID":"1364123","formEdgeID":null},{"edgeID":"1785138","fromID":"1364125","toID":"1364124","formEdgeID":null},{"edgeID":"1785139","fromID":"1364123","toID":"1364126","formEdgeID":null},{"edgeID":"1785140","fromID":"1364126","toID":"1364122","formEdgeID":null},{"edgeID":"1785141","fromID":"1364117","toID":"1364127","formEdgeID":null},{"edgeID":"1785142","fromID":"1364127","toID":"1364123","formEdgeID":null},{"edgeID":"1785143","fromID":"1364131","toID":"1364130","formEdgeID":null},{"edgeID":"1785144","fromID":"1364130","toID":"1364129","formEdgeID":null},{"edgeID":"1785145","fromID":"1364129","toID":"1364132","formEdgeID":null},{"edgeID":"1785146","fromID":"1364132","toID":"1364128","formEdgeID":null},{"edgeID":"1785147","fromID":"1364123","toID":"1364133","formEdgeID":null},{"edgeID":"1785148","fromID":"1364133","toID":"1364129","formEdgeID":null},{"edgeID":"1785149","fromID":"1364122","toID":"1364134","formEdgeID":null},{"edgeID":"1785150","fromID":"1364134","toID":"1364116","formEdgeID":null},{"edgeID":"1785151","fromID":"1364128","toID":"1364135","formEdgeID":null},{"edgeID":"1785152","fromID":"1364135","toID":"1364116","formEdgeID":null},{"edgeID":"1785153","fromID":"1364127","toID":"1364136","formEdgeID":null},{"edgeID":"1785154","fromID":"1364136","toID":"1364134","formEdgeID":null},{"edgeID":"1785155","fromID":"1364133","toID":"1364137","formEdgeID":null},{"edgeID":"1785156","fromID":"1364137","toID":"1364135","formEdgeID":null},{"edgeID":"1785157","fromID":"1364139","toID":"1364140","formEdgeID":null},{"edgeID":"1785158","fromID":"1364141","toID":"1364139","formEdgeID":null},{"edgeID":"1785159","fromID":"1364142","toID":"1364138","formEdgeID":null},{"edgeID":"1785160","fromID":"1364140","toID":"1364142","formEdgeID":null},{"edgeID":"1785161","fromID":"1364129","toID":"1364143","formEdgeID":null},{"edgeID":"1785162","fromID":"1364143","toID":"1364140","formEdgeID":null},{"edgeID":"1785163","fromID":"1364146","toID":"1364145","formEdgeID":null},{"edgeID":"1785164","fromID":"1364147","toID":"1364146","formEdgeID":null},{"edgeID":"1785165","fromID":"1364148","toID":"1364144","formEdgeID":null},{"edgeID":"1785166","fromID":"1364145","toID":"1364148","formEdgeID":null},{"edgeID":"1785167","fromID":"1364140","toID":"1364149","formEdgeID":null},{"edgeID":"1785168","fromID":"1364149","toID":"1364145","formEdgeID":null},{"edgeID":"1785169","fromID":"1364152","toID":"1364151","formEdgeID":null},{"edgeID":"1785170","fromID":"1364153","toID":"1364152","formEdgeID":null},{"edgeID":"1785171","fromID":"1364151","toID":"1364154","formEdgeID":null},{"edgeID":"1785172","fromID":"1364154","toID":"1364150","formEdgeID":null},{"edgeID":"1785173","fromID":"1364145","toID":"1364155","formEdgeID":null},{"edgeID":"1785174","fromID":"1364155","toID":"1364151","formEdgeID":null},{"edgeID":"1785175","fromID":"1364157","toID":"1364159","formEdgeID":null},{"edgeID":"1785176","fromID":"1364158","toID":"1364157","formEdgeID":null},{"edgeID":"1785177","fromID":"1364151","toID":"1364161","formEdgeID":null},{"edgeID":"1785178","fromID":"1364160","toID":"1364156","formEdgeID":null},{"edgeID":"1785179","fromID":"1364159","toID":"1364160","formEdgeID":null},{"edgeID":"1785180","fromID":"1364156","toID":"1364162","formEdgeID":null},{"edgeID":"1785181","fromID":"1364161","toID":"1364159","formEdgeID":null},{"edgeID":"1785182","fromID":"1364162","toID":"1364103","formEdgeID":null},{"edgeID":"1785183","fromID":"1364163","toID":"1364159","formEdgeID":null},{"edgeID":"1785184","fromID":"1364104","toID":"1364163","formEdgeID":null},{"edgeID":"1785185","fromID":"1364163","toID":"1364164","formEdgeID":null},{"edgeID":"1785186","fromID":"1364164","toID":"1364162","formEdgeID":null},{"edgeID":"1785187","fromID":"1364165","toID":"1364116","formEdgeID":null},{"edgeID":"1785188","fromID":"1364150","toID":"1364165","formEdgeID":null},{"edgeID":"1785189","fromID":"1364117","toID":"1364166","formEdgeID":null},{"edgeID":"1785190","fromID":"1364166","toID":"1364151","formEdgeID":null},{"edgeID":"1785191","fromID":"1364166","toID":"1364167","formEdgeID":null},{"edgeID":"1785192","fromID":"1364167","toID":"1364165","formEdgeID":null},{"edgeID":"1785193","fromID":"1364170","toID":"1364168","formEdgeID":null},{"edgeID":"1785194","fromID":"1364169","toID":"1364170","formEdgeID":null},{"edgeID":"1785195","fromID":"1364159","toID":"1364171","formEdgeID":null},{"edgeID":"1785196","fromID":"1364171","toID":"1364168","formEdgeID":null},{"edgeID":"1785197","fromID":"1364175","toID":"1364174","formEdgeID":null},{"edgeID":"1785198","fromID":"1364173","toID":"1364176","formEdgeID":null},{"edgeID":"1785199","fromID":"1364174","toID":"1364173","formEdgeID":null},{"edgeID":"1785200","fromID":"1364176","toID":"1364172","formEdgeID":null},{"edgeID":"1785201","fromID":"1364168","toID":"1364177","formEdgeID":null},{"edgeID":"1785202","fromID":"1364177","toID":"1364173","formEdgeID":null},{"edgeID":"1785203","fromID":"1364172","toID":"1364178","formEdgeID":null},{"edgeID":"1785204","fromID":"1364178","toID":"1364108","formEdgeID":null},{"edgeID":"1785205","fromID":"1364109","toID":"1364179","formEdgeID":null},{"edgeID":"1785206","fromID":"1364179","toID":"1364173","formEdgeID":null},{"edgeID":"1785207","fromID":"1364179","toID":"1364180","formEdgeID":null},{"edgeID":"1785208","fromID":"1364180","toID":"1364178","formEdgeID":null},{"edgeID":"1785209","fromID":"1364183","toID":"1364182","formEdgeID":null},{"edgeID":"1785210","fromID":"1364184","toID":"1364183","formEdgeID":null},{"edgeID":"1785211","fromID":"1364182","toID":"1364185","formEdgeID":null},{"edgeID":"1785212","fromID":"1364185","toID":"1364181","formEdgeID":null},{"edgeID":"1785213","fromID":"1364173","toID":"1364186","formEdgeID":null},{"edgeID":"1785214","fromID":"1364186","toID":"1364182","formEdgeID":null},{"edgeID":"1785215","fromID":"1364190","toID":"1364188","formEdgeID":null},{"edgeID":"1785216","fromID":"1364189","toID":"1364190","formEdgeID":null},{"edgeID":"1785217","fromID":"1364188","toID":"1364191","formEdgeID":null},{"edgeID":"1785218","fromID":"1364191","toID":"1364187","formEdgeID":null},{"edgeID":"1785219","fromID":"1364182","toID":"1364192","formEdgeID":null},{"edgeID":"1785220","fromID":"1364192","toID":"1364188","formEdgeID":null},{"edgeID":"1785221","fromID":"1364195","toID":"1364194","formEdgeID":null},{"edgeID":"1785222","fromID":"1364196","toID":"1364195","formEdgeID":null},{"edgeID":"1785223","fromID":"1364194","toID":"1364197","formEdgeID":null},{"edgeID":"1785224","fromID":"1364197","toID":"1364193","formEdgeID":null},{"edgeID":"1785225","fromID":"1364193","toID":"1364198","formEdgeID":null},{"edgeID":"1785226","fromID":"1364198","toID":"1364156","formEdgeID":null},{"edgeID":"1785227","fromID":"1364159","toID":"1364199","formEdgeID":null},{"edgeID":"1785228","fromID":"1364199","toID":"1364194","formEdgeID":null},{"edgeID":"1785229","fromID":"1364199","toID":"1364200","formEdgeID":null},{"edgeID":"1785230","fromID":"1364200","toID":"1364198","formEdgeID":null},{"edgeID":"1785231","fromID":"1364171","toID":"1364201","formEdgeID":null},{"edgeID":"1785232","fromID":"1364201","toID":"1364156","formEdgeID":null},{"edgeID":"1785233","fromID":"1364181","toID":"1364202","formEdgeID":null},{"edgeID":"1785234","fromID":"1364202","toID":"1364172","formEdgeID":null},{"edgeID":"1785235","fromID":"1364186","toID":"1364203","formEdgeID":null},{"edgeID":"1785236","fromID":"1364203","toID":"1364202","formEdgeID":null},{"edgeID":"1785237","fromID":"1364206","toID":"1364205","formEdgeID":null},{"edgeID":"1785238","fromID":"1364207","toID":"1364206","formEdgeID":null},{"edgeID":"1785239","fromID":"1364205","toID":"1364208","formEdgeID":null},{"edgeID":"1785240","fromID":"1364208","toID":"1364204","formEdgeID":null},{"edgeID":"1785241","fromID":"1364188","toID":"1364209","formEdgeID":null},{"edgeID":"1785242","fromID":"1364209","toID":"1364205","formEdgeID":null},{"edgeID":"1785243","fromID":"1364212","toID":"1364211","formEdgeID":null},{"edgeID":"1785244","fromID":"1364213","toID":"1364212","formEdgeID":null},{"edgeID":"1785245","fromID":"1364211","toID":"1364214","formEdgeID":null},{"edgeID":"1785246","fromID":"1364214","toID":"1364210","formEdgeID":null},{"edgeID":"1785247","fromID":"1364205","toID":"1364215","formEdgeID":null},{"edgeID":"1785248","fromID":"1364215","toID":"1364211","formEdgeID":null},{"edgeID":"1785249","fromID":"1364211","toID":"1364216","formEdgeID":null},{"edgeID":"1785250","fromID":"1364216","toID":"1364194","formEdgeID":null},{"edgeID":"1785251","fromID":"1364193","toID":"1364217","formEdgeID":null},{"edgeID":"1785252","fromID":"1364217","toID":"1364210","formEdgeID":null},{"edgeID":"1785253","fromID":"1364216","toID":"1364218","formEdgeID":null},{"edgeID":"1785254","fromID":"1364218","toID":"1364217","formEdgeID":null},{"edgeID":"1785255","fromID":"1364204","toID":"1364219","formEdgeID":null},{"edgeID":"1785256","fromID":"1364219","toID":"1364210","formEdgeID":null},{"edgeID":"1785257","fromID":"1364215","toID":"1364220","formEdgeID":null},{"edgeID":"1785258","fromID":"1364220","toID":"1364219","formEdgeID":null}],"locutions":[]}