{"nodes":[{"nodeID":"1363996","text":"same problem here in Scotland","type":"I","timestamp":"2023-11-09 14:30:57"},{"nodeID":"1363997","text":"Fiona Bruce: same problem here in Scotland","type":"L","timestamp":"2023-11-09 14:30:57"},{"nodeID":"1363998","text":"Analysing","type":"YA","timestamp":"2023-11-09 14:30:57"},{"nodeID":"1363999","text":"Tuuli: Fiona Bruce: same problem here in Scotland","type":"L","timestamp":"2023-11-09 14:30:57"},{"nodeID":"1364000","text":"Asserting","type":"YA","timestamp":"2023-11-09 14:30:57"},{"nodeID":"1364001","text":"Jenny Gilruth is a former teacher","type":"I","timestamp":"2023-11-09 14:30:58"},{"nodeID":"1364002","text":"Fiona Bruce: You are a former teacher","type":"L","timestamp":"2023-11-09 14:30:58"},{"nodeID":"1364003","text":"Analysing","type":"YA","timestamp":"2023-11-09 14:30:58"},{"nodeID":"1364004","text":"Tuuli: Fiona Bruce: You are a former teacher","type":"L","timestamp":"2023-11-09 14:30:58"},{"nodeID":"1364005","text":"Asserting","type":"YA","timestamp":"2023-11-09 14:30:58"},{"nodeID":"1364006","text":"Jenny Gilruth does or does not want to give her former colleague there a pay rise","type":"I","timestamp":"2023-11-09 14:30:58"},{"nodeID":"1364007","text":"Fiona Bruce: Do you want to give your former colleague there a pay rise","type":"L","timestamp":"2023-11-09 14:30:58"},{"nodeID":"1364008","text":"Analysing","type":"YA","timestamp":"2023-11-09 14:30:58"},{"nodeID":"1364009","text":"Tuuli: Fiona Bruce: Do you want to give your former colleague there a pay rise","type":"L","timestamp":"2023-11-09 14:30:58"},{"nodeID":"1364010","text":"Pure Questioning","type":"YA","timestamp":"2023-11-09 14:30:58"},{"nodeID":"1364011","text":"Default Transition","type":"TA","timestamp":"2023-11-09 14:30:58"},{"nodeID":"1364012","text":"Default Transition","type":"TA","timestamp":"2023-11-09 14:30:58"},{"nodeID":"1364013","text":"Jenny Gilruth recognises the challenge","type":"I","timestamp":"2023-11-09 14:30:59"},{"nodeID":"1364014","text":"Jenny Gilruth: I recognise the challenge","type":"L","timestamp":"2023-11-09 14:30:59"},{"nodeID":"1364015","text":"Analysing","type":"YA","timestamp":"2023-11-09 14:30:59"},{"nodeID":"1364016","text":"Tuuli: Jenny Gilruth: I recognise the challenge","type":"L","timestamp":"2023-11-09 14:30:59"},{"nodeID":"1364017","text":"Asserting","type":"YA","timestamp":"2023-11-09 14:30:59"},{"nodeID":"1364018","text":"Default Transition","type":"TA","timestamp":"2023-11-09 14:30:59"},{"nodeID":"1364019","text":"Jenny Gilruth is a teacher","type":"I","timestamp":"2023-11-09 14:31:00"},{"nodeID":"1364020","text":"Jenny Gilruth: I'm a teacher","type":"L","timestamp":"2023-11-09 14:31:00"},{"nodeID":"1364021","text":"Analysing","type":"YA","timestamp":"2023-11-09 14:31:00"},{"nodeID":"1364022","text":"Tuuli: Jenny Gilruth: I'm a teacher","type":"L","timestamp":"2023-11-09 14:31:00"},{"nodeID":"1364023","text":"Asserting","type":"YA","timestamp":"2023-11-09 14:31:00"},{"nodeID":"1364024","text":"Jenny Gilruth's sister is a teacher","type":"I","timestamp":"2023-11-09 14:31:00"},{"nodeID":"1364025","text":"Jenny Gilruth: my sister is a teacher","type":"L","timestamp":"2023-11-09 14:31:00"},{"nodeID":"1364026","text":"Analysing","type":"YA","timestamp":"2023-11-09 14:31:00"},{"nodeID":"1364027","text":"Tuuli: Jenny Gilruth: my sister is a teacher","type":"L","timestamp":"2023-11-09 14:31:00"},{"nodeID":"1364028","text":"Asserting","type":"YA","timestamp":"2023-11-09 14:31:00"},{"nodeID":"1364029","text":"Default Transition","type":"TA","timestamp":"2023-11-09 14:31:00"},{"nodeID":"1364030","text":"Default Rephrase","type":"MA","timestamp":"2023-11-09 14:31:00"},{"nodeID":"1364031","text":"Restating","type":"YA","timestamp":"2023-11-09 14:31:00"},{"nodeID":"1364032","text":"Default Rephrase","type":"MA","timestamp":"2023-11-09 14:31:00"},{"nodeID":"1364033","text":"Default Transition","type":"TA","timestamp":"2023-11-09 14:31:00"},{"nodeID":"1364034","text":"Restating","type":"YA","timestamp":"2023-11-09 14:31:00"},{"nodeID":"1364035","text":"Jenny Gilruth's sister is or is not cross with her","type":"I","timestamp":"2023-11-09 14:31:01"},{"nodeID":"1364036","text":"Fiona Bruce: Is she cross with you","type":"L","timestamp":"2023-11-09 14:31:01"},{"nodeID":"1364037","text":"Analysing","type":"YA","timestamp":"2023-11-09 14:31:01"},{"nodeID":"1364038","text":"Tuuli: Fiona Bruce: Is she cross with you","type":"L","timestamp":"2023-11-09 14:31:01"},{"nodeID":"1364039","text":"Pure Questioning","type":"YA","timestamp":"2023-11-09 14:31:01"},{"nodeID":"1364040","text":"Default Transition","type":"TA","timestamp":"2023-11-09 14:31:01"},{"nodeID":"1364041","text":"Default Inference","type":"RA","timestamp":"2023-11-09 14:31:01"},{"nodeID":"1364042","text":"Arguing","type":"YA","timestamp":"2023-11-09 14:31:01"},{"nodeID":"1364043","text":"no, Jenny Gilruth's sister is not cross with her","type":"I","timestamp":"2023-11-09 14:31:02"},{"nodeID":"1364044","text":"Jenny Gilruth: No, she's not","type":"L","timestamp":"2023-11-09 14:31:02"},{"nodeID":"1364045","text":"Analysing","type":"YA","timestamp":"2023-11-09 14:31:02"},{"nodeID":"1364046","text":"Tuuli: Jenny Gilruth: No, she's not","type":"L","timestamp":"2023-11-09 14:31:02"},{"nodeID":"1364047","text":"Asserting","type":"YA","timestamp":"2023-11-09 14:31:02"},{"nodeID":"1364048","text":"Default Transition","type":"TA","timestamp":"2023-11-09 14:31:02"},{"nodeID":"1364049","text":"Default Rephrase","type":"MA","timestamp":"2023-11-09 14:31:02"},{"nodeID":"1364050","text":"Default Illocuting","type":"YA","timestamp":"2023-11-09 14:31:02"},{"nodeID":"1364051","text":"teachers are extremely hard working","type":"I","timestamp":"2023-11-09 14:31:02"},{"nodeID":"1364052","text":"Jenny Gilruth: Teachers are extremely hard working","type":"L","timestamp":"2023-11-09 14:31:02"},{"nodeID":"1364053","text":"Analysing","type":"YA","timestamp":"2023-11-09 14:31:02"},{"nodeID":"1364054","text":"Tuuli: Jenny Gilruth: Teachers are extremely hard working","type":"L","timestamp":"2023-11-09 14:31:02"},{"nodeID":"1364055","text":"Asserting","type":"YA","timestamp":"2023-11-09 14:31:02"},{"nodeID":"1364056","text":"being a teacher is an extremely rewarding and challenging role","type":"I","timestamp":"2023-11-09 14:31:03"},{"nodeID":"1364057","text":"Jenny Gilruth: It is an extremely rewarding and challenging role","type":"L","timestamp":"2023-11-09 14:31:03"},{"nodeID":"1364058","text":"Analysing","type":"YA","timestamp":"2023-11-09 14:31:03"},{"nodeID":"1364059","text":"Tuuli: Jenny Gilruth: It is an extremely rewarding and challenging role","type":"L","timestamp":"2023-11-09 14:31:03"},{"nodeID":"1364060","text":"Asserting","type":"YA","timestamp":"2023-11-09 14:31:03"},{"nodeID":"1364061","text":"Default Inference","type":"RA","timestamp":"2023-11-09 14:31:03"},{"nodeID":"1364062","text":"Default Transition","type":"TA","timestamp":"2023-11-09 14:31:03"},{"nodeID":"1364063","text":"Arguing","type":"YA","timestamp":"2023-11-09 14:31:03"},{"nodeID":"1364064","text":"Default Transition","type":"TA","timestamp":"2023-11-09 14:31:03"},{"nodeID":"1364065","text":"we want to make fair and affordable pay offers to all public sector workers in Scotland","type":"I","timestamp":"2023-11-09 14:31:03"},{"nodeID":"1364066","text":"Jenny Gilruth: We want to make fair and affordable pay offers to all public sector workers in Scotland","type":"L","timestamp":"2023-11-09 14:31:03"},{"nodeID":"1364067","text":"Analysing","type":"YA","timestamp":"2023-11-09 14:31:03"},{"nodeID":"1364068","text":"Tuuli: Jenny Gilruth: We want to make fair and affordable pay offers to all public sector workers in Scotland","type":"L","timestamp":"2023-11-09 14:31:03"},{"nodeID":"1364069","text":"Asserting","type":"YA","timestamp":"2023-11-09 14:31:03"},{"nodeID":"1364070","text":"Default Rephrase","type":"MA","timestamp":"2023-11-09 14:31:03"},{"nodeID":"1364071","text":"Default Transition","type":"TA","timestamp":"2023-11-09 14:31:03"},{"nodeID":"1364072","text":"Default Illocuting","type":"YA","timestamp":"2023-11-09 14:31:03"},{"nodeID":"1364073","text":"as transport minister Jenny Gilruth worked on the rail disputes","type":"I","timestamp":"2023-11-09 14:31:04"},{"nodeID":"1364074","text":"Jenny Gilruth: As transport minister I worked on the rail disputes","type":"L","timestamp":"2023-11-09 14:31:04"},{"nodeID":"1364075","text":"Analysing","type":"YA","timestamp":"2023-11-09 14:31:04"},{"nodeID":"1364076","text":"Tuuli: Jenny Gilruth: As transport minister I worked on the rail disputes","type":"L","timestamp":"2023-11-09 14:31:04"},{"nodeID":"1364077","text":"Asserting","type":"YA","timestamp":"2023-11-09 14:31:04"},{"nodeID":"1364078","text":"Default Transition","type":"TA","timestamp":"2023-11-09 14:31:04"},{"nodeID":"1364079","text":"earlier we got a resolution with train drivers","type":"I","timestamp":"2023-11-09 14:31:05"},{"nodeID":"1364080","text":"Jenny Gilruth: Earlier we got a resolution with train drivers","type":"L","timestamp":"2023-11-09 14:31:05"},{"nodeID":"1364081","text":"Analysing","type":"YA","timestamp":"2023-11-09 14:31:05"},{"nodeID":"1364082","text":"Tuuli: Jenny Gilruth: Earlier we got a resolution with train drivers","type":"L","timestamp":"2023-11-09 14:31:05"},{"nodeID":"1364083","text":"Asserting","type":"YA","timestamp":"2023-11-09 14:31:05"},{"nodeID":"1364084","text":"we won't have rail strikes yesterday","type":"I","timestamp":"2023-11-09 14:31:05"},{"nodeID":"1364085","text":"Jenny Gilruth: we won't have them yesterday","type":"L","timestamp":"2023-11-09 14:31:05"},{"nodeID":"1364086","text":"Analysing","type":"YA","timestamp":"2023-11-09 14:31:05"},{"nodeID":"1364087","text":"Tuuli: Jenny Gilruth: we won't have them yesterday","type":"L","timestamp":"2023-11-09 14:31:05"},{"nodeID":"1364088","text":"Asserting","type":"YA","timestamp":"2023-11-09 14:31:05"},{"nodeID":"1364089","text":"we didn't have rail strikes in Scotland yesterday","type":"I","timestamp":"2023-11-09 14:31:06"},{"nodeID":"1364090","text":"Jenny Gilruth: we didn't have rail strikes in Scotland yesterday","type":"L","timestamp":"2023-11-09 14:31:06"},{"nodeID":"1364091","text":"Analysing","type":"YA","timestamp":"2023-11-09 14:31:06"},{"nodeID":"1364092","text":"Tuuli: Jenny Gilruth: we didn't have rail strikes in Scotland yesterday","type":"L","timestamp":"2023-11-09 14:31:06"},{"nodeID":"1364093","text":"Asserting","type":"YA","timestamp":"2023-11-09 14:31:06"},{"nodeID":"1364094","text":"Default Transition","type":"TA","timestamp":"2023-11-09 14:31:06"},{"nodeID":"1364095","text":"Default Transition","type":"TA","timestamp":"2023-11-09 14:31:06"},{"nodeID":"1364096","text":"Default Inference","type":"RA","timestamp":"2023-11-09 14:31:06"},{"nodeID":"1364097","text":"Arguing","type":"YA","timestamp":"2023-11-09 14:31:06"},{"nodeID":"1364098","text":"Default Inference","type":"RA","timestamp":"2023-11-09 14:31:06"},{"nodeID":"1364099","text":"Default Transition","type":"TA","timestamp":"2023-11-09 14:31:06"},{"nodeID":"1364100","text":"Arguing","type":"YA","timestamp":"2023-11-09 14:31:06"},{"nodeID":"1364101","text":"Default Rephrase","type":"MA","timestamp":"2023-11-09 14:31:06"},{"nodeID":"1364102","text":"Restating","type":"YA","timestamp":"2023-11-09 14:31:06"}],"edges":[{"edgeID":"1784993","fromID":"1363998","toID":"1363997","formEdgeID":null},{"edgeID":"1784994","fromID":"1363999","toID":"1363998","formEdgeID":null},{"edgeID":"1784995","fromID":"1363997","toID":"1364000","formEdgeID":null},{"edgeID":"1784996","fromID":"1364000","toID":"1363996","formEdgeID":null},{"edgeID":"1784997","fromID":"1364003","toID":"1364002","formEdgeID":null},{"edgeID":"1784998","fromID":"1364004","toID":"1364003","formEdgeID":null},{"edgeID":"1784999","fromID":"1364002","toID":"1364005","formEdgeID":null},{"edgeID":"1785000","fromID":"1364005","toID":"1364001","formEdgeID":null},{"edgeID":"1785001","fromID":"1364008","toID":"1364007","formEdgeID":null},{"edgeID":"1785002","fromID":"1364009","toID":"1364008","formEdgeID":null},{"edgeID":"1785003","fromID":"1364007","toID":"1364010","formEdgeID":null},{"edgeID":"1785004","fromID":"1364010","toID":"1364006","formEdgeID":null},{"edgeID":"1785005","fromID":"1363997","toID":"1364011","formEdgeID":null},{"edgeID":"1785006","fromID":"1364011","toID":"1364002","formEdgeID":null},{"edgeID":"1785007","fromID":"1364002","toID":"1364012","formEdgeID":null},{"edgeID":"1785008","fromID":"1364012","toID":"1364007","formEdgeID":null},{"edgeID":"1785009","fromID":"1364015","toID":"1364014","formEdgeID":null},{"edgeID":"1785010","fromID":"1364016","toID":"1364015","formEdgeID":null},{"edgeID":"1785011","fromID":"1364014","toID":"1364017","formEdgeID":null},{"edgeID":"1785012","fromID":"1364017","toID":"1364013","formEdgeID":null},{"edgeID":"1785013","fromID":"1364007","toID":"1364018","formEdgeID":null},{"edgeID":"1785014","fromID":"1364018","toID":"1364014","formEdgeID":null},{"edgeID":"1785015","fromID":"1364021","toID":"1364020","formEdgeID":null},{"edgeID":"1785016","fromID":"1364022","toID":"1364021","formEdgeID":null},{"edgeID":"1785017","fromID":"1364020","toID":"1364023","formEdgeID":null},{"edgeID":"1785018","fromID":"1364023","toID":"1364019","formEdgeID":null},{"edgeID":"1785019","fromID":"1364026","toID":"1364025","formEdgeID":null},{"edgeID":"1785020","fromID":"1364027","toID":"1364026","formEdgeID":null},{"edgeID":"1785021","fromID":"1364025","toID":"1364028","formEdgeID":null},{"edgeID":"1785022","fromID":"1364028","toID":"1364024","formEdgeID":null},{"edgeID":"1785023","fromID":"1364020","toID":"1364029","formEdgeID":null},{"edgeID":"1785024","fromID":"1364029","toID":"1364025","formEdgeID":null},{"edgeID":"1785025","fromID":"1364024","toID":"1364030","formEdgeID":null},{"edgeID":"1785026","fromID":"1364030","toID":"1364019","formEdgeID":null},{"edgeID":"1785027","fromID":"1364029","toID":"1364031","formEdgeID":null},{"edgeID":"1785028","fromID":"1364031","toID":"1364030","formEdgeID":null},{"edgeID":"1785029","fromID":"1364019","toID":"1364032","formEdgeID":null},{"edgeID":"1785030","fromID":"1364032","toID":"1364001","formEdgeID":null},{"edgeID":"1785031","fromID":"1364002","toID":"1364033","formEdgeID":null},{"edgeID":"1785032","fromID":"1364033","toID":"1364020","formEdgeID":null},{"edgeID":"1785033","fromID":"1364033","toID":"1364034","formEdgeID":null},{"edgeID":"1785034","fromID":"1364034","toID":"1364032","formEdgeID":null},{"edgeID":"1785035","fromID":"1364037","toID":"1364036","formEdgeID":null},{"edgeID":"1785036","fromID":"1364038","toID":"1364037","formEdgeID":null},{"edgeID":"1785037","fromID":"1364036","toID":"1364039","formEdgeID":null},{"edgeID":"1785038","fromID":"1364039","toID":"1364035","formEdgeID":null},{"edgeID":"1785039","fromID":"1364025","toID":"1364040","formEdgeID":null},{"edgeID":"1785040","fromID":"1364040","toID":"1364036","formEdgeID":null},{"edgeID":"1785041","fromID":"1364024","toID":"1364041","formEdgeID":null},{"edgeID":"1785042","fromID":"1364041","toID":"1364035","formEdgeID":null},{"edgeID":"1785043","fromID":"1364040","toID":"1364042","formEdgeID":null},{"edgeID":"1785044","fromID":"1364042","toID":"1364041","formEdgeID":null},{"edgeID":"1785045","fromID":"1364045","toID":"1364044","formEdgeID":null},{"edgeID":"1785046","fromID":"1364046","toID":"1364045","formEdgeID":null},{"edgeID":"1785047","fromID":"1364044","toID":"1364047","formEdgeID":null},{"edgeID":"1785048","fromID":"1364047","toID":"1364043","formEdgeID":null},{"edgeID":"1785049","fromID":"1364036","toID":"1364048","formEdgeID":null},{"edgeID":"1785050","fromID":"1364048","toID":"1364044","formEdgeID":null},{"edgeID":"1785051","fromID":"1364043","toID":"1364049","formEdgeID":null},{"edgeID":"1785052","fromID":"1364049","toID":"1364035","formEdgeID":null},{"edgeID":"1785053","fromID":"1364048","toID":"1364050","formEdgeID":null},{"edgeID":"1785054","fromID":"1364050","toID":"1364049","formEdgeID":null},{"edgeID":"1785055","fromID":"1364053","toID":"1364052","formEdgeID":null},{"edgeID":"1785056","fromID":"1364054","toID":"1364053","formEdgeID":null},{"edgeID":"1785057","fromID":"1364052","toID":"1364055","formEdgeID":null},{"edgeID":"1785058","fromID":"1364055","toID":"1364051","formEdgeID":null},{"edgeID":"1785059","fromID":"1364058","toID":"1364057","formEdgeID":null},{"edgeID":"1785060","fromID":"1364059","toID":"1364058","formEdgeID":null},{"edgeID":"1785061","fromID":"1364057","toID":"1364060","formEdgeID":null},{"edgeID":"1785062","fromID":"1364060","toID":"1364056","formEdgeID":null},{"edgeID":"1785063","fromID":"1364056","toID":"1364061","formEdgeID":null},{"edgeID":"1785064","fromID":"1364061","toID":"1364051","formEdgeID":null},{"edgeID":"1785065","fromID":"1364052","toID":"1364062","formEdgeID":null},{"edgeID":"1785066","fromID":"1364062","toID":"1364057","formEdgeID":null},{"edgeID":"1785067","fromID":"1364062","toID":"1364063","formEdgeID":null},{"edgeID":"1785068","fromID":"1364063","toID":"1364061","formEdgeID":null},{"edgeID":"1785069","fromID":"1364044","toID":"1364064","formEdgeID":null},{"edgeID":"1785070","fromID":"1364064","toID":"1364052","formEdgeID":null},{"edgeID":"1785071","fromID":"1364067","toID":"1364066","formEdgeID":null},{"edgeID":"1785072","fromID":"1364068","toID":"1364067","formEdgeID":null},{"edgeID":"1785073","fromID":"1364066","toID":"1364069","formEdgeID":null},{"edgeID":"1785074","fromID":"1364069","toID":"1364065","formEdgeID":null},{"edgeID":"1785075","fromID":"1364065","toID":"1364070","formEdgeID":null},{"edgeID":"1785076","fromID":"1364070","toID":"1364006","formEdgeID":null},{"edgeID":"1785077","fromID":"1364007","toID":"1364071","formEdgeID":null},{"edgeID":"1785078","fromID":"1364071","toID":"1364066","formEdgeID":null},{"edgeID":"1785079","fromID":"1364071","toID":"1364072","formEdgeID":null},{"edgeID":"1785080","fromID":"1364072","toID":"1364070","formEdgeID":null},{"edgeID":"1785081","fromID":"1364075","toID":"1364074","formEdgeID":null},{"edgeID":"1785082","fromID":"1364076","toID":"1364075","formEdgeID":null},{"edgeID":"1785083","fromID":"1364074","toID":"1364077","formEdgeID":null},{"edgeID":"1785084","fromID":"1364077","toID":"1364073","formEdgeID":null},{"edgeID":"1785085","fromID":"1364066","toID":"1364078","formEdgeID":null},{"edgeID":"1785086","fromID":"1364078","toID":"1364074","formEdgeID":null},{"edgeID":"1785087","fromID":"1364081","toID":"1364080","formEdgeID":null},{"edgeID":"1785088","fromID":"1364082","toID":"1364081","formEdgeID":null},{"edgeID":"1785089","fromID":"1364080","toID":"1364083","formEdgeID":null},{"edgeID":"1785090","fromID":"1364083","toID":"1364079","formEdgeID":null},{"edgeID":"1785091","fromID":"1364086","toID":"1364085","formEdgeID":null},{"edgeID":"1785092","fromID":"1364087","toID":"1364086","formEdgeID":null},{"edgeID":"1785093","fromID":"1364085","toID":"1364088","formEdgeID":null},{"edgeID":"1785094","fromID":"1364088","toID":"1364084","formEdgeID":null},{"edgeID":"1785095","fromID":"1364091","toID":"1364090","formEdgeID":null},{"edgeID":"1785096","fromID":"1364092","toID":"1364091","formEdgeID":null},{"edgeID":"1785097","fromID":"1364090","toID":"1364093","formEdgeID":null},{"edgeID":"1785098","fromID":"1364093","toID":"1364089","formEdgeID":null},{"edgeID":"1785099","fromID":"1364080","toID":"1364094","formEdgeID":null},{"edgeID":"1785100","fromID":"1364094","toID":"1364090","formEdgeID":null},{"edgeID":"1785101","fromID":"1364090","toID":"1364095","formEdgeID":null},{"edgeID":"1785102","fromID":"1364095","toID":"1364085","formEdgeID":null},{"edgeID":"1785103","fromID":"1364079","toID":"1364096","formEdgeID":null},{"edgeID":"1785104","fromID":"1364096","toID":"1364089","formEdgeID":null},{"edgeID":"1785105","fromID":"1364094","toID":"1364097","formEdgeID":null},{"edgeID":"1785106","fromID":"1364097","toID":"1364096","formEdgeID":null},{"edgeID":"1785107","fromID":"1364065","toID":"1364098","formEdgeID":null},{"edgeID":"1785108","fromID":"1364098","toID":"1364079","formEdgeID":null},{"edgeID":"1785109","fromID":"1364066","toID":"1364099","formEdgeID":null},{"edgeID":"1785110","fromID":"1364099","toID":"1364080","formEdgeID":null},{"edgeID":"1785111","fromID":"1364099","toID":"1364100","formEdgeID":null},{"edgeID":"1785112","fromID":"1364100","toID":"1364098","formEdgeID":null},{"edgeID":"1785113","fromID":"1364084","toID":"1364101","formEdgeID":null},{"edgeID":"1785114","fromID":"1364101","toID":"1364089","formEdgeID":null},{"edgeID":"1785115","fromID":"1364095","toID":"1364102","formEdgeID":null},{"edgeID":"1785116","fromID":"1364102","toID":"1364101","formEdgeID":null}],"locutions":[]}