{"nodes":[{"nodeID":"1367311","text":"John Lamont said protect the growth","type":"I","timestamp":"2023-11-09 14:35:45"},{"nodeID":"1367312","text":"India Willoughby: he said protect the growth","type":"L","timestamp":"2023-11-09 14:35:45"},{"nodeID":"1367313","text":"Analysing","type":"YA","timestamp":"2023-11-09 14:35:45"},{"nodeID":"1367314","text":"Louise: India Willoughby: he said protect the growth","type":"L","timestamp":"2023-11-09 14:35:45"},{"nodeID":"1367315","text":"John Lamont: protect the growth","type":"L","timestamp":"2023-11-09 14:35:45"},{"nodeID":"1367316","text":"Analysing","type":"YA","timestamp":"2023-11-09 14:35:45"},{"nodeID":"1367317","text":"Louise: John Lamont: he said protect the growth","type":"L","timestamp":"2023-11-09 14:35:45"},{"nodeID":"1367318","text":"Asserting","type":"YA","timestamp":"2023-11-09 14:35:45"},{"nodeID":"1367319","text":"Asserting","type":"YA","timestamp":"2023-11-09 14:35:45"},{"nodeID":"1367320","text":"India Willpughby is wondering what growth John Lamont is talking about","type":"I","timestamp":"2023-11-09 14:35:45"},{"nodeID":"1367321","text":"India Willoughby: I'm wondering what growth","type":"L","timestamp":"2023-11-09 14:35:45"},{"nodeID":"1367322","text":"Analysing","type":"YA","timestamp":"2023-11-09 14:35:45"},{"nodeID":"1367323","text":"Louise: India Willoughby: I'm wondering what growth","type":"L","timestamp":"2023-11-09 14:35:45"},{"nodeID":"1367324","text":"Rhetorical Questioning","type":"YA","timestamp":"2023-11-09 14:35:45"},{"nodeID":"1367325","text":"Default Transition","type":"TA","timestamp":"2023-11-09 14:35:45"},{"nodeID":"1367326","text":"Default Rephrase","type":"MA","timestamp":"2023-11-09 14:35:45"},{"nodeID":"1367327","text":"India Willoughby can't see any growth anywhere","type":"I","timestamp":"2023-11-09 14:35:46"},{"nodeID":"1367328","text":"India Willoughby: I can't see any anywhere","type":"L","timestamp":"2023-11-09 14:35:46"},{"nodeID":"1367329","text":"Analysing","type":"YA","timestamp":"2023-11-09 14:35:46"},{"nodeID":"1367330","text":"Louise: India Willoughby: I can't see any anywhere","type":"L","timestamp":"2023-11-09 14:35:46"},{"nodeID":"1367331","text":"Asserting","type":"YA","timestamp":"2023-11-09 14:35:46"},{"nodeID":"1367332","text":"Default Rephrase","type":"MA","timestamp":"2023-11-09 14:35:46"},{"nodeID":"1367333","text":"Default Transition","type":"TA","timestamp":"2023-11-09 14:35:46"},{"nodeID":"1367334","text":"Default Illocuting","type":"YA","timestamp":"2023-11-09 14:35:46"},{"nodeID":"1367335","text":"Restating","type":"YA","timestamp":"2023-11-09 14:35:46"},{"nodeID":"1367336","text":"the answer to the question is very obvious, it is tax the rich","type":"I","timestamp":"2023-11-09 14:35:47"},{"nodeID":"1367337","text":"India Willoughby: the answer to the question is very obvious, it is tax the rich","type":"L","timestamp":"2023-11-09 14:35:47"},{"nodeID":"1367338","text":"Analysing","type":"YA","timestamp":"2023-11-09 14:35:47"},{"nodeID":"1367339","text":"Louise: India Willoughby: the answer to the question is very obvious, it is tax the rich","type":"L","timestamp":"2023-11-09 14:35:47"},{"nodeID":"1367340","text":"Asserting","type":"YA","timestamp":"2023-11-09 14:35:47"},{"nodeID":"1367341","text":"Default Transition","type":"TA","timestamp":"2023-11-09 14:35:47"},{"nodeID":"1367342","text":"taxing the rich used to be seen as a bit of a clich\u00e9","type":"I","timestamp":"2023-11-09 14:35:47"},{"nodeID":"1367343","text":"India Willoughby: which used to be seen as a bit of a clich\u00e9","type":"L","timestamp":"2023-11-09 14:35:47"},{"nodeID":"1367344","text":"Analysing","type":"YA","timestamp":"2023-11-09 14:35:47"},{"nodeID":"1367345","text":"Louise: India Willoughby: which used to be seen as a bit of a clich\u00e9","type":"L","timestamp":"2023-11-09 14:35:47"},{"nodeID":"1367346","text":"Asserting","type":"YA","timestamp":"2023-11-09 14:35:47"},{"nodeID":"1367347","text":"Default Transition","type":"TA","timestamp":"2023-11-09 14:35:47"},{"nodeID":"1367348","text":"Default Rephrase","type":"MA","timestamp":"2023-11-09 14:35:47"},{"nodeID":"1367349","text":"Restating","type":"YA","timestamp":"2023-11-09 14:35:47"},{"nodeID":"1367350","text":"there's a lot of merit in taxing the rich","type":"I","timestamp":"2023-11-09 14:35:48"},{"nodeID":"1367351","text":"India Willoughby: there's a lot of merit in it","type":"L","timestamp":"2023-11-09 14:35:48"},{"nodeID":"1367352","text":"Analysing","type":"YA","timestamp":"2023-11-09 14:35:48"},{"nodeID":"1367353","text":"Louise: India Willoughby: there's a lot of merit in it","type":"L","timestamp":"2023-11-09 14:35:48"},{"nodeID":"1367354","text":"Asserting","type":"YA","timestamp":"2023-11-09 14:35:48"},{"nodeID":"1367355","text":"Default Transition","type":"TA","timestamp":"2023-11-09 14:35:48"},{"nodeID":"1367356","text":"Default Conflict","type":"CA","timestamp":"2023-11-09 14:35:48"},{"nodeID":"1367357","text":"Disagreeing","type":"YA","timestamp":"2023-11-09 14:35:48"},{"nodeID":"1367358","text":"India Willoughby specifically means xxx by taxing the rich","type":"I","timestamp":"2023-11-09 14:35:49"},{"nodeID":"1367359","text":"Fiona Bruce:  What do you mean specifically","type":"L","timestamp":"2023-11-09 14:35:49"},{"nodeID":"1367360","text":"Analysing","type":"YA","timestamp":"2023-11-09 14:35:49"},{"nodeID":"1367361","text":"Louise: Fiona Bruce:  What do you mean specifically","type":"L","timestamp":"2023-11-09 14:35:49"},{"nodeID":"1367362","text":"Pure Questioning","type":"YA","timestamp":"2023-11-09 14:35:49"},{"nodeID":"1367363","text":"Default Transition","type":"TA","timestamp":"2023-11-09 14:35:49"},{"nodeID":"1367364","text":"raise the highest level of income tax","type":"I","timestamp":"2023-11-09 14:35:49"},{"nodeID":"1367365","text":"Fiona Bruce: Raise the highest level of income tax","type":"L","timestamp":"2023-11-09 14:35:49"},{"nodeID":"1367366","text":"Analysing","type":"YA","timestamp":"2023-11-09 14:35:49"},{"nodeID":"1367367","text":"Louise: Fiona Bruce: Raise the highest level of income tax","type":"L","timestamp":"2023-11-09 14:35:49"},{"nodeID":"1367368","text":"Assertive Questioning","type":"YA","timestamp":"2023-11-09 14:35:49"},{"nodeID":"1367369","text":"Default Transition","type":"TA","timestamp":"2023-11-09 14:35:49"},{"nodeID":"1367370","text":"Default Rephrase","type":"MA","timestamp":"2023-11-09 14:35:49"},{"nodeID":"1367371","text":"Restating","type":"YA","timestamp":"2023-11-09 14:35:49"},{"nodeID":"1367372","text":"India Willoughby does or does not mean a mansion tax when she says tax the rich","type":"I","timestamp":"2023-11-09 14:35:50"},{"nodeID":"1367373","text":"Fiona Bruce: do you mean a mansion tax","type":"L","timestamp":"2023-11-09 14:35:50"},{"nodeID":"1367374","text":"Analysing","type":"YA","timestamp":"2023-11-09 14:35:50"},{"nodeID":"1367375","text":"Louise: Fiona Bruce: do you mean a mansion tax","type":"L","timestamp":"2023-11-09 14:35:50"},{"nodeID":"1367376","text":"Pure Questioning","type":"YA","timestamp":"2023-11-09 14:35:50"},{"nodeID":"1367377","text":"Default Transition","type":"TA","timestamp":"2023-11-09 14:35:50"},{"nodeID":"1367378","text":"Default Rephrase","type":"MA","timestamp":"2023-11-09 14:35:50"},{"nodeID":"1367379","text":"Restating","type":"YA","timestamp":"2023-11-09 14:35:50"},{"nodeID":"1367380","text":"India Willoughby defines rich as xxx","type":"I","timestamp":"2023-11-09 14:35:51"},{"nodeID":"1367381","text":"John Lamont: How do you define rich","type":"L","timestamp":"2023-11-09 14:35:51"},{"nodeID":"1367382","text":"Analysing","type":"YA","timestamp":"2023-11-09 14:35:51"},{"nodeID":"1367383","text":"Louise: John Lamont: How do you define rich","type":"L","timestamp":"2023-11-09 14:35:51"},{"nodeID":"1367384","text":"Pure Questioning","type":"YA","timestamp":"2023-11-09 14:35:51"},{"nodeID":"1367385","text":"Default Transition","type":"TA","timestamp":"2023-11-09 14:35:51"},{"nodeID":"1367386","text":"India Willoughby defines rich if you look at Amazon, Google, the energy companies that are here now","type":"I","timestamp":"2023-11-09 14:35:51"},{"nodeID":"1367387","text":"India Willoughby:  I define rich if you look at Amazon, Google, the energy companies that are here now","type":"L","timestamp":"2023-11-09 14:35:51"},{"nodeID":"1367388","text":"Analysing","type":"YA","timestamp":"2023-11-09 14:35:51"},{"nodeID":"1367389","text":"Louise: India Willoughby:  I define rich if you look at Amazon, Google, the energy companies that are here now","type":"L","timestamp":"2023-11-09 14:35:51"},{"nodeID":"1367390","text":"Asserting","type":"YA","timestamp":"2023-11-09 14:35:51"},{"nodeID":"1367391","text":"Default Rephrase","type":"MA","timestamp":"2023-11-09 14:35:51"},{"nodeID":"1367392","text":"Default Transition","type":"TA","timestamp":"2023-11-09 14:35:51"},{"nodeID":"1367393","text":"Default Illocuting","type":"YA","timestamp":"2023-11-09 14:35:51"},{"nodeID":"1367394","text":"we need a proper windfall tax","type":"I","timestamp":"2023-11-09 14:35:52"},{"nodeID":"1367395","text":"India Willoughby: we need a proper windfall tax","type":"L","timestamp":"2023-11-09 14:35:52"},{"nodeID":"1367396","text":"Analysing","type":"YA","timestamp":"2023-11-09 14:35:52"},{"nodeID":"1367397","text":"Louise: India Willoughby: we need a proper windfall tax","type":"L","timestamp":"2023-11-09 14:35:52"},{"nodeID":"1367398","text":"Asserting","type":"YA","timestamp":"2023-11-09 14:35:52"},{"nodeID":"1367399","text":"Default Inference","type":"RA","timestamp":"2023-11-09 14:35:52"},{"nodeID":"1367400","text":"Default Transition","type":"TA","timestamp":"2023-11-09 14:35:52"},{"nodeID":"1367401","text":"Arguing","type":"YA","timestamp":"2023-11-09 14:35:52"}],"edges":[{"edgeID":"1788959","fromID":"1367313","toID":"1367312","formEdgeID":null},{"edgeID":"1788960","fromID":"1367314","toID":"1367313","formEdgeID":null},{"edgeID":"1788961","fromID":"1367316","toID":"1367315","formEdgeID":null},{"edgeID":"1788962","fromID":"1367317","toID":"1367316","formEdgeID":null},{"edgeID":"1788963","fromID":"1367315","toID":"1367318","formEdgeID":null},{"edgeID":"1788964","fromID":"1367318","toID":"1367311","formEdgeID":null},{"edgeID":"1788965","fromID":"1367312","toID":"1367319","formEdgeID":null},{"edgeID":"1788966","fromID":"1367319","toID":"1367315","formEdgeID":null},{"edgeID":"1788967","fromID":"1367322","toID":"1367321","formEdgeID":null},{"edgeID":"1788968","fromID":"1367323","toID":"1367322","formEdgeID":null},{"edgeID":"1788969","fromID":"1367321","toID":"1367324","formEdgeID":null},{"edgeID":"1788970","fromID":"1367324","toID":"1367320","formEdgeID":null},{"edgeID":"1788971","fromID":"1367312","toID":"1367325","formEdgeID":null},{"edgeID":"1788972","fromID":"1367325","toID":"1367321","formEdgeID":null},{"edgeID":"1788973","fromID":"1367320","toID":"1367326","formEdgeID":null},{"edgeID":"1788974","fromID":"1367326","toID":"1367311","formEdgeID":null},{"edgeID":"1788975","fromID":"1367329","toID":"1367328","formEdgeID":null},{"edgeID":"1788976","fromID":"1367330","toID":"1367329","formEdgeID":null},{"edgeID":"1788977","fromID":"1367328","toID":"1367331","formEdgeID":null},{"edgeID":"1788978","fromID":"1367331","toID":"1367327","formEdgeID":null},{"edgeID":"1788979","fromID":"1367327","toID":"1367332","formEdgeID":null},{"edgeID":"1788980","fromID":"1367332","toID":"1367320","formEdgeID":null},{"edgeID":"1788981","fromID":"1367321","toID":"1367333","formEdgeID":null},{"edgeID":"1788982","fromID":"1367333","toID":"1367328","formEdgeID":null},{"edgeID":"1788983","fromID":"1367333","toID":"1367334","formEdgeID":null},{"edgeID":"1788984","fromID":"1367334","toID":"1367332","formEdgeID":null},{"edgeID":"1788985","fromID":"1367325","toID":"1367335","formEdgeID":null},{"edgeID":"1788986","fromID":"1367335","toID":"1367326","formEdgeID":null},{"edgeID":"1788987","fromID":"1367338","toID":"1367337","formEdgeID":null},{"edgeID":"1788988","fromID":"1367339","toID":"1367338","formEdgeID":null},{"edgeID":"1788989","fromID":"1367337","toID":"1367340","formEdgeID":null},{"edgeID":"1788990","fromID":"1367340","toID":"1367336","formEdgeID":null},{"edgeID":"1788991","fromID":"1367328","toID":"1367341","formEdgeID":null},{"edgeID":"1788992","fromID":"1367341","toID":"1367337","formEdgeID":null},{"edgeID":"1788993","fromID":"1367344","toID":"1367343","formEdgeID":null},{"edgeID":"1788994","fromID":"1367345","toID":"1367344","formEdgeID":null},{"edgeID":"1788995","fromID":"1367343","toID":"1367346","formEdgeID":null},{"edgeID":"1788996","fromID":"1367346","toID":"1367342","formEdgeID":null},{"edgeID":"1788997","fromID":"1367337","toID":"1367347","formEdgeID":null},{"edgeID":"1788998","fromID":"1367347","toID":"1367343","formEdgeID":null},{"edgeID":"1788999","fromID":"1367342","toID":"1367348","formEdgeID":null},{"edgeID":"1789000","fromID":"1367348","toID":"1367336","formEdgeID":null},{"edgeID":"1789001","fromID":"1367347","toID":"1367349","formEdgeID":null},{"edgeID":"1789002","fromID":"1367349","toID":"1367348","formEdgeID":null},{"edgeID":"1789003","fromID":"1367352","toID":"1367351","formEdgeID":null},{"edgeID":"1789004","fromID":"1367353","toID":"1367352","formEdgeID":null},{"edgeID":"1789005","fromID":"1367351","toID":"1367354","formEdgeID":null},{"edgeID":"1789006","fromID":"1367354","toID":"1367350","formEdgeID":null},{"edgeID":"1789007","fromID":"1367343","toID":"1367355","formEdgeID":null},{"edgeID":"1789008","fromID":"1367355","toID":"1367351","formEdgeID":null},{"edgeID":"1789009","fromID":"1367350","toID":"1367356","formEdgeID":null},{"edgeID":"1789010","fromID":"1367356","toID":"1367342","formEdgeID":null},{"edgeID":"1789011","fromID":"1367355","toID":"1367357","formEdgeID":null},{"edgeID":"1789012","fromID":"1367357","toID":"1367356","formEdgeID":null},{"edgeID":"1789013","fromID":"1367360","toID":"1367359","formEdgeID":null},{"edgeID":"1789014","fromID":"1367361","toID":"1367360","formEdgeID":null},{"edgeID":"1789015","fromID":"1367359","toID":"1367362","formEdgeID":null},{"edgeID":"1789016","fromID":"1367362","toID":"1367358","formEdgeID":null},{"edgeID":"1789017","fromID":"1367351","toID":"1367363","formEdgeID":null},{"edgeID":"1789018","fromID":"1367363","toID":"1367359","formEdgeID":null},{"edgeID":"1789019","fromID":"1367366","toID":"1367365","formEdgeID":null},{"edgeID":"1789020","fromID":"1367367","toID":"1367366","formEdgeID":null},{"edgeID":"1789021","fromID":"1367365","toID":"1367368","formEdgeID":null},{"edgeID":"1789022","fromID":"1367368","toID":"1367364","formEdgeID":null},{"edgeID":"1789023","fromID":"1367359","toID":"1367369","formEdgeID":null},{"edgeID":"1789024","fromID":"1367369","toID":"1367365","formEdgeID":null},{"edgeID":"1789025","fromID":"1367364","toID":"1367370","formEdgeID":null},{"edgeID":"1789026","fromID":"1367370","toID":"1367358","formEdgeID":null},{"edgeID":"1789027","fromID":"1367369","toID":"1367371","formEdgeID":null},{"edgeID":"1789028","fromID":"1367371","toID":"1367370","formEdgeID":null},{"edgeID":"1789029","fromID":"1367374","toID":"1367373","formEdgeID":null},{"edgeID":"1789030","fromID":"1367375","toID":"1367374","formEdgeID":null},{"edgeID":"1789031","fromID":"1367373","toID":"1367376","formEdgeID":null},{"edgeID":"1789032","fromID":"1367376","toID":"1367372","formEdgeID":null},{"edgeID":"1789033","fromID":"1367365","toID":"1367377","formEdgeID":null},{"edgeID":"1789034","fromID":"1367377","toID":"1367373","formEdgeID":null},{"edgeID":"1789035","fromID":"1367372","toID":"1367378","formEdgeID":null},{"edgeID":"1789036","fromID":"1367378","toID":"1367364","formEdgeID":null},{"edgeID":"1789037","fromID":"1367377","toID":"1367379","formEdgeID":null},{"edgeID":"1789038","fromID":"1367379","toID":"1367378","formEdgeID":null},{"edgeID":"1789039","fromID":"1367382","toID":"1367381","formEdgeID":null},{"edgeID":"1789040","fromID":"1367383","toID":"1367382","formEdgeID":null},{"edgeID":"1789041","fromID":"1367381","toID":"1367384","formEdgeID":null},{"edgeID":"1789042","fromID":"1367384","toID":"1367380","formEdgeID":null},{"edgeID":"1789043","fromID":"1367373","toID":"1367385","formEdgeID":null},{"edgeID":"1789044","fromID":"1367385","toID":"1367381","formEdgeID":null},{"edgeID":"1789045","fromID":"1367388","toID":"1367387","formEdgeID":null},{"edgeID":"1789046","fromID":"1367389","toID":"1367388","formEdgeID":null},{"edgeID":"1789047","fromID":"1367387","toID":"1367390","formEdgeID":null},{"edgeID":"1789048","fromID":"1367390","toID":"1367386","formEdgeID":null},{"edgeID":"1789049","fromID":"1367386","toID":"1367391","formEdgeID":null},{"edgeID":"1789050","fromID":"1367391","toID":"1367380","formEdgeID":null},{"edgeID":"1789051","fromID":"1367381","toID":"1367392","formEdgeID":null},{"edgeID":"1789052","fromID":"1367392","toID":"1367387","formEdgeID":null},{"edgeID":"1789053","fromID":"1367392","toID":"1367393","formEdgeID":null},{"edgeID":"1789054","fromID":"1367393","toID":"1367391","formEdgeID":null},{"edgeID":"1789055","fromID":"1367396","toID":"1367395","formEdgeID":null},{"edgeID":"1789056","fromID":"1367397","toID":"1367396","formEdgeID":null},{"edgeID":"1789057","fromID":"1367395","toID":"1367398","formEdgeID":null},{"edgeID":"1789058","fromID":"1367398","toID":"1367394","formEdgeID":null},{"edgeID":"1789059","fromID":"1367350","toID":"1367399","formEdgeID":null},{"edgeID":"1789060","fromID":"1367399","toID":"1367394","formEdgeID":null},{"edgeID":"1789061","fromID":"1367351","toID":"1367400","formEdgeID":null},{"edgeID":"1789062","fromID":"1367400","toID":"1367395","formEdgeID":null},{"edgeID":"1789063","fromID":"1367400","toID":"1367401","formEdgeID":null},{"edgeID":"1789064","fromID":"1367401","toID":"1367399","formEdgeID":null}],"locutions":[]}