{"nodes":[{"nodeID":"1381698","text":"the conversation around trans' rights is what you would hear in the 1970s about gay couples","type":"I","timestamp":"2023-11-09 14:55:59"},{"nodeID":"1381699","text":"India Willoughby: This is essentially what you would hear in the 1970s about gay couples","type":"L","timestamp":"2023-11-09 14:55:59"},{"nodeID":"1381700","text":"Analysing","type":"YA","timestamp":"2023-11-09 14:55:59"},{"nodeID":"1381701","text":"Anon: India Willoughby: This is essentially what you would hear in the 1970s about gay couples","type":"L","timestamp":"2023-11-09 14:55:59"},{"nodeID":"1381702","text":"Asserting","type":"YA","timestamp":"2023-11-09 14:55:59"},{"nodeID":"1381703","text":"they have talked about changing sex","type":"I","timestamp":"2023-11-09 14:56:00"},{"nodeID":"1381704","text":"Ella Whelan: They have talked about changing sex","type":"L","timestamp":"2023-11-09 14:56:00"},{"nodeID":"1381705","text":"Analysing","type":"YA","timestamp":"2023-11-09 14:56:00"},{"nodeID":"1381706","text":"Anon: Ella Whelan: They have talked about changing sex","type":"L","timestamp":"2023-11-09 14:56:00"},{"nodeID":"1381707","text":"Asserting","type":"YA","timestamp":"2023-11-09 14:56:00"},{"nodeID":"1381708","text":"Default Transition","type":"TA","timestamp":"2023-11-09 14:56:00"},{"nodeID":"1381709","text":"we are having the same conversation","type":"I","timestamp":"2023-11-09 14:56:01"},{"nodeID":"1381710","text":"India Willoughby: Same conversation","type":"L","timestamp":"2023-11-09 14:56:01"},{"nodeID":"1381711","text":"Analysing","type":"YA","timestamp":"2023-11-09 14:56:01"},{"nodeID":"1381712","text":"Anon: India Willoughby: Same conversation","type":"L","timestamp":"2023-11-09 14:56:01"},{"nodeID":"1381713","text":"Asserting","type":"YA","timestamp":"2023-11-09 14:56:01"},{"nodeID":"1381714","text":"Default Rephrase","type":"MA","timestamp":"2023-11-09 14:56:01"},{"nodeID":"1381715","text":"Default Transition","type":"TA","timestamp":"2023-11-09 14:56:01"},{"nodeID":"1381716","text":"Restating","type":"YA","timestamp":"2023-11-09 14:56:01"},{"nodeID":"1381717","text":"changing sex is a lie","type":"I","timestamp":"2023-11-09 14:56:01"},{"nodeID":"1381718","text":"Ella Whelan: It is a lie","type":"L","timestamp":"2023-11-09 14:56:01"},{"nodeID":"1381719","text":"Analysing","type":"YA","timestamp":"2023-11-09 14:56:01"},{"nodeID":"1381720","text":"Anon: Ella Whelan: It is a lie","type":"L","timestamp":"2023-11-09 14:56:01"},{"nodeID":"1381721","text":"Asserting","type":"YA","timestamp":"2023-11-09 14:56:01"},{"nodeID":"1381722","text":"Default Rephrase","type":"MA","timestamp":"2023-11-09 14:56:01"},{"nodeID":"1381723","text":"Default Transition","type":"TA","timestamp":"2023-11-09 14:56:01"},{"nodeID":"1381724","text":"Restating","type":"YA","timestamp":"2023-11-09 14:56:01"},{"nodeID":"1381725","text":"the conversation has been rehashed and dressed up in a completely different way","type":"I","timestamp":"2023-11-09 14:56:02"},{"nodeID":"1381726","text":"India Willoughby: Rehashed and dressed up in a completely different way","type":"L","timestamp":"2023-11-09 14:56:02"},{"nodeID":"1381727","text":"Analysing","type":"YA","timestamp":"2023-11-09 14:56:02"},{"nodeID":"1381728","text":"Anon: India Willoughby: Rehashed and dressed up in a completely different way","type":"L","timestamp":"2023-11-09 14:56:02"},{"nodeID":"1381729","text":"Asserting","type":"YA","timestamp":"2023-11-09 14:56:02"},{"nodeID":"1381730","text":"Default Rephrase","type":"MA","timestamp":"2023-11-09 14:56:02"},{"nodeID":"1381731","text":"Default Transition","type":"TA","timestamp":"2023-11-09 14:56:02"},{"nodeID":"1381732","text":"Restating","type":"YA","timestamp":"2023-11-09 14:56:02"},{"nodeID":"1381733","text":"there are strong feelings, not surprisingly, on the subject of trans' rights","type":"I","timestamp":"2023-11-09 14:56:03"},{"nodeID":"1381734","text":"Fiona Bruce: Strong feelings, not surprisingly","type":"L","timestamp":"2023-11-09 14:56:03"},{"nodeID":"1381735","text":"Analysing","type":"YA","timestamp":"2023-11-09 14:56:03"},{"nodeID":"1381736","text":"Anon: Fiona Bruce: Strong feelings, not surprisingly","type":"L","timestamp":"2023-11-09 14:56:03"},{"nodeID":"1381737","text":"Asserting","type":"YA","timestamp":"2023-11-09 14:56:03"},{"nodeID":"1381738","text":"Default Transition","type":"TA","timestamp":"2023-11-09 14:56:03"},{"nodeID":"1381739","text":"there also strong feelings about the next question","type":"I","timestamp":"2023-11-09 14:56:03"},{"nodeID":"1381740","text":"Fiona Bruce: also strong feelings about this next question","type":"L","timestamp":"2023-11-09 14:56:03"},{"nodeID":"1381741","text":"Analysing","type":"YA","timestamp":"2023-11-09 14:56:03"},{"nodeID":"1381742","text":"Anon: Fiona Bruce: also strong feelings about this next question","type":"L","timestamp":"2023-11-09 14:56:03"},{"nodeID":"1381743","text":"Asserting","type":"YA","timestamp":"2023-11-09 14:56:03"},{"nodeID":"1381744","text":"Default Transition","type":"TA","timestamp":"2023-11-09 14:56:03"},{"nodeID":"1381745","text":"Default Rephrase","type":"MA","timestamp":"2023-11-09 14:56:03"},{"nodeID":"1381746","text":"Restating","type":"YA","timestamp":"2023-11-09 14:56:03"},{"nodeID":"1381747","text":"you made the point that people are worrying about how they are going to pay their bills and pressing issues every day in their homes and jobs","type":"I","timestamp":"2023-11-09 14:56:04"},{"nodeID":"1381748","text":"Fiona Bruce: You made the point that people are worrying about how they are going to pay their bills and pressing issues every day in their homes and jobs","type":"L","timestamp":"2023-11-09 14:56:04"},{"nodeID":"1381749","text":"Analysing","type":"YA","timestamp":"2023-11-09 14:56:04"},{"nodeID":"1381750","text":"Anon: Fiona Bruce: You made the point that people are worrying about how they are going to pay their bills and pressing issues every day in their homes and jobs","type":"L","timestamp":"2023-11-09 14:56:04"},{"nodeID":"1381751","text":"Asserting","type":"YA","timestamp":"2023-11-09 14:56:04"},{"nodeID":"1381752","text":"Default Transition","type":"TA","timestamp":"2023-11-09 14:56:04"},{"nodeID":"1381753","text":"the International Monetary Fund is forecasting the UK economy will fare worse than any other economy in the developed world in 2023","type":"I","timestamp":"2023-11-09 14:56:05"},{"nodeID":"1381754","text":"AudienceMember 20230209QT32: The International Monetary Fund is forecasting the UK economy will fare worse than any other economy in the developed world in 2023","type":"L","timestamp":"2023-11-09 14:56:05"},{"nodeID":"1381755","text":"Analysing","type":"YA","timestamp":"2023-11-09 14:56:05"},{"nodeID":"1381756","text":"Anon: AudienceMember 20230209QT32: The International Monetary Fund is forecasting the UK economy will fare worse than any other economy in the developed world in 2023","type":"L","timestamp":"2023-11-09 14:56:05"},{"nodeID":"1381757","text":"Asserting","type":"YA","timestamp":"2023-11-09 14:56:05"},{"nodeID":"1381758","text":"Default Transition","type":"TA","timestamp":"2023-11-09 14:56:05"},{"nodeID":"1381759","text":"the solution to the UK's economic situation is xxx","type":"I","timestamp":"2023-11-09 14:56:05"},{"nodeID":"1381760","text":"AudienceMember 20230209QT32: What is the solution","type":"L","timestamp":"2023-11-09 14:56:05"},{"nodeID":"1381761","text":"Analysing","type":"YA","timestamp":"2023-11-09 14:56:05"},{"nodeID":"1381762","text":"Anon: AudienceMember 20230209QT32: What is the solution","type":"L","timestamp":"2023-11-09 14:56:05"},{"nodeID":"1381763","text":"Pure Questioning","type":"YA","timestamp":"2023-11-09 14:56:05"},{"nodeID":"1381764","text":"Default Transition","type":"TA","timestamp":"2023-11-09 14:56:05"},{"nodeID":"1381765","text":"Default Inference","type":"RA","timestamp":"2023-11-09 14:56:05"},{"nodeID":"1381766","text":"Arguing","type":"YA","timestamp":"2023-11-09 14:56:05"},{"nodeID":"1381767","text":"Fiona Bruce: What is the solution","type":"L","timestamp":"2023-11-09 14:56:05"},{"nodeID":"1381768","text":"Analysing","type":"YA","timestamp":"2023-11-09 14:56:05"},{"nodeID":"1381769","text":"Anon: Fiona Bruce: What is the solution","type":"L","timestamp":"2023-11-09 14:56:05"},{"nodeID":"1381770","text":"Default Transition","type":"TA","timestamp":"2023-11-09 14:56:05"},{"nodeID":"1381771","text":"Asserting","type":"YA","timestamp":"2023-11-09 14:56:05"},{"nodeID":"1381772","text":"Fiona Bruce: that is what the IMF is saying","type":"L","timestamp":"2023-11-09 14:56:05"},{"nodeID":"1381773","text":"Analysing","type":"YA","timestamp":"2023-11-09 14:56:05"},{"nodeID":"1381774","text":"Anon: Fiona Bruce: that is what the IMF is saying","type":"L","timestamp":"2023-11-09 14:56:05"},{"nodeID":"1381775","text":"Default Transition","type":"TA","timestamp":"2023-11-09 14:56:05"},{"nodeID":"1381776","text":"Asserting","type":"YA","timestamp":"2023-11-09 14:56:05"},{"nodeID":"1381777","text":"the forecasts are made","type":"I","timestamp":"2023-11-09 14:56:06"},{"nodeID":"1381778","text":"Fiona Bruce: the forecasts are made","type":"L","timestamp":"2023-11-09 14:56:06"},{"nodeID":"1381779","text":"Analysing","type":"YA","timestamp":"2023-11-09 14:56:06"},{"nodeID":"1381780","text":"Anon: Fiona Bruce: the forecasts are made","type":"L","timestamp":"2023-11-09 14:56:06"},{"nodeID":"1381781","text":"Asserting","type":"YA","timestamp":"2023-11-09 14:56:06"},{"nodeID":"1381782","text":"the forecasts are not always correct as they are set out to be","type":"I","timestamp":"2023-11-09 14:56:07"},{"nodeID":"1381783","text":"Fiona Bruce: it is not always correct as it is set out to be","type":"L","timestamp":"2023-11-09 14:56:07"},{"nodeID":"1381784","text":"Analysing","type":"YA","timestamp":"2023-11-09 14:56:07"},{"nodeID":"1381785","text":"Anon: Fiona Bruce: it is not always correct as it is set out to be","type":"L","timestamp":"2023-11-09 14:56:07"},{"nodeID":"1381786","text":"Asserting","type":"YA","timestamp":"2023-11-09 14:56:07"},{"nodeID":"1381787","text":"Default Transition","type":"TA","timestamp":"2023-11-09 14:56:07"},{"nodeID":"1381788","text":"Default Conflict","type":"CA","timestamp":"2023-11-09 14:56:07"},{"nodeID":"1381789","text":"Disagreeing","type":"YA","timestamp":"2023-11-09 14:56:07"},{"nodeID":"1381790","text":"Fiona Bruce: that's what the IMF are saying, the UK economy will fare worse than any other economy, including Russia","type":"L","timestamp":"2023-11-09 14:56:07"},{"nodeID":"1381791","text":"Analysing","type":"YA","timestamp":"2023-11-09 14:56:07"},{"nodeID":"1381792","text":"Anon: Fiona Bruce: that's what the IMF are saying, the UK economy will fare worse than any other economy, including Russia","type":"L","timestamp":"2023-11-09 14:56:07"},{"nodeID":"1381793","text":"the UK economy will fare worse than any other economy, including Russia","type":"I","timestamp":"2023-11-09 14:56:07"},{"nodeID":"1381794","text":"The IMF: the UK economy will fare worse than any other economy, including Russia","type":"L","timestamp":"2023-11-09 14:56:07"},{"nodeID":"1381795","text":"Analysing","type":"YA","timestamp":"2023-11-09 14:56:07"},{"nodeID":"1381796","text":"Anon: The IMF: the UK economy will fare worse than any other economy, including Russia","type":"L","timestamp":"2023-11-09 14:56:07"},{"nodeID":"1381797","text":"Asserting","type":"YA","timestamp":"2023-11-09 14:56:07"},{"nodeID":"1381798","text":"Asserting","type":"YA","timestamp":"2023-11-09 14:56:07"},{"nodeID":"1381799","text":"Default Transition","type":"TA","timestamp":"2023-11-09 14:56:07"},{"nodeID":"1381800","text":"Default Rephrase","type":"MA","timestamp":"2023-11-09 14:56:07"},{"nodeID":"1381801","text":"Restating","type":"YA","timestamp":"2023-11-09 14:56:07"},{"nodeID":"1381802","text":"Default Rephrase","type":"MA","timestamp":"2023-11-09 14:56:07"},{"nodeID":"1381803","text":"Default Transition","type":"TA","timestamp":"2023-11-09 14:56:07"},{"nodeID":"1381804","text":"Restating","type":"YA","timestamp":"2023-11-09 14:56:07"},{"nodeID":"1381805","text":"all major economies are facing very serious challenges","type":"I","timestamp":"2023-11-09 14:56:08"},{"nodeID":"1381806","text":"John Lamont: All major economies are facing very serious challenges","type":"L","timestamp":"2023-11-09 14:56:08"},{"nodeID":"1381807","text":"Analysing","type":"YA","timestamp":"2023-11-09 14:56:08"},{"nodeID":"1381808","text":"Anon: John Lamont: All major economies are facing very serious challenges","type":"L","timestamp":"2023-11-09 14:56:08"},{"nodeID":"1381809","text":"Asserting","type":"YA","timestamp":"2023-11-09 14:56:08"},{"nodeID":"1381810","text":"Default Transition","type":"TA","timestamp":"2023-11-09 14:56:08"},{"nodeID":"1381811","text":"our economy forecast to be the worst","type":"I","timestamp":"2023-11-09 14:56:08"},{"nodeID":"1381812","text":"Fiona Bruce: Ours is forecast to be the worst","type":"L","timestamp":"2023-11-09 14:56:08"},{"nodeID":"1381813","text":"Analysing","type":"YA","timestamp":"2023-11-09 14:56:08"},{"nodeID":"1381814","text":"Anon: Fiona Bruce: Ours is forecast to be the worst","type":"L","timestamp":"2023-11-09 14:56:08"},{"nodeID":"1381815","text":"Asserting","type":"YA","timestamp":"2023-11-09 14:56:08"},{"nodeID":"1381816","text":"Default Transition","type":"TA","timestamp":"2023-11-09 14:56:08"},{"nodeID":"1381817","text":"Default Rephrase","type":"MA","timestamp":"2023-11-09 14:56:08"},{"nodeID":"1381818","text":"Default Transition","type":"TA","timestamp":"2023-11-09 14:56:08"},{"nodeID":"1381819","text":"Restating","type":"YA","timestamp":"2023-11-09 14:56:08"},{"nodeID":"1381820","text":"our economy is forecast to be the worst because xxx","type":"I","timestamp":"2023-11-09 14:56:09"},{"nodeID":"1381821","text":"Fiona Bruce: Why is it worse for us","type":"L","timestamp":"2023-11-09 14:56:09"},{"nodeID":"1381822","text":"Analysing","type":"YA","timestamp":"2023-11-09 14:56:09"},{"nodeID":"1381823","text":"Anon: Fiona Bruce: Why is it worse for us","type":"L","timestamp":"2023-11-09 14:56:09"},{"nodeID":"1381824","text":"Pure Questioning","type":"YA","timestamp":"2023-11-09 14:56:09"},{"nodeID":"1381825","text":"Default Transition","type":"TA","timestamp":"2023-11-09 14:56:09"},{"nodeID":"1381826","text":"Default Inference","type":"RA","timestamp":"2023-11-09 14:56:09"},{"nodeID":"1381827","text":"Arguing","type":"YA","timestamp":"2023-11-09 14:56:09"},{"nodeID":"1381828","text":"the IMF have made predictions about the economy in the past","type":"I","timestamp":"2023-11-09 14:56:10"},{"nodeID":"1381829","text":"John Lamont: the IMF have made predictions about the economy in the past","type":"L","timestamp":"2023-11-09 14:56:10"},{"nodeID":"1381830","text":"Analysing","type":"YA","timestamp":"2023-11-09 14:56:10"},{"nodeID":"1381831","text":"Anon: John Lamont: the IMF have made predictions about the economy in the past","type":"L","timestamp":"2023-11-09 14:56:10"},{"nodeID":"1381832","text":"Asserting","type":"YA","timestamp":"2023-11-09 14:56:10"},{"nodeID":"1381833","text":"Default Transition","type":"TA","timestamp":"2023-11-09 14:56:10"},{"nodeID":"1381834","text":"the IMF mvery often underestimate the performance of the UK economy","type":"I","timestamp":"2023-11-09 14:56:10"},{"nodeID":"1381835","text":"John Lamont: They very often underestimate the performance of the UK economy","type":"L","timestamp":"2023-11-09 14:56:10"},{"nodeID":"1381836","text":"Analysing","type":"YA","timestamp":"2023-11-09 14:56:10"},{"nodeID":"1381837","text":"Anon: John Lamont: They very often underestimate the performance of the UK economy","type":"L","timestamp":"2023-11-09 14:56:10"},{"nodeID":"1381838","text":"Asserting","type":"YA","timestamp":"2023-11-09 14:56:10"},{"nodeID":"1381839","text":"Default Transition","type":"TA","timestamp":"2023-11-09 14:56:10"},{"nodeID":"1381840","text":"Default Rephrase","type":"MA","timestamp":"2023-11-09 14:56:10"},{"nodeID":"1381841","text":"Default Transition","type":"TA","timestamp":"2023-11-09 14:56:10"},{"nodeID":"1381842","text":"Default Rephrase","type":"MA","timestamp":"2023-11-09 14:56:10"},{"nodeID":"1381843","text":"Restating","type":"YA","timestamp":"2023-11-09 14:56:10"},{"nodeID":"1381844","text":"Restating","type":"YA","timestamp":"2023-11-09 14:56:10"},{"nodeID":"1381845","text":"our economy is fundamentally sound","type":"I","timestamp":"2023-11-09 14:56:11"},{"nodeID":"1381846","text":"John Lamont: our economy is fundamentally sound","type":"L","timestamp":"2023-11-09 14:56:11"},{"nodeID":"1381847","text":"Analysing","type":"YA","timestamp":"2023-11-09 14:56:11"},{"nodeID":"1381848","text":"Anon: John Lamont: our economy is fundamentally sound","type":"L","timestamp":"2023-11-09 14:56:11"},{"nodeID":"1381849","text":"Asserting","type":"YA","timestamp":"2023-11-09 14:56:11"},{"nodeID":"1381850","text":"Default Conflict","type":"CA","timestamp":"2023-11-09 14:56:11"},{"nodeID":"1381851","text":"Default Transition","type":"TA","timestamp":"2023-11-09 14:56:11"},{"nodeID":"1381852","text":"Disagreeing","type":"YA","timestamp":"2023-11-09 14:56:11"},{"nodeID":"1381853","text":"the large pressure that we are facing is the rising cost of living, the rate of inflation","type":"I","timestamp":"2023-11-09 14:56:12"},{"nodeID":"1381854","text":"John Lamont: The large pressure that we are facing, undoubtedly, is the rising cost of living, the rate of inflation","type":"L","timestamp":"2023-11-09 14:56:12"},{"nodeID":"1381855","text":"Analysing","type":"YA","timestamp":"2023-11-09 14:56:12"},{"nodeID":"1381856","text":"Anon: John Lamont: The large pressure that we are facing, undoubtedly, is the rising cost of living, the rate of inflation","type":"L","timestamp":"2023-11-09 14:56:12"},{"nodeID":"1381857","text":"Asserting","type":"YA","timestamp":"2023-11-09 14:56:12"},{"nodeID":"1381858","text":"Default Transition","type":"TA","timestamp":"2023-11-09 14:56:12"},{"nodeID":"1381859","text":"Default Conflict","type":"CA","timestamp":"2023-11-09 14:56:12"},{"nodeID":"1381860","text":"Disagreeing","type":"YA","timestamp":"2023-11-09 14:56:12"}],"edges":[{"edgeID":"1805962","fromID":"1381700","toID":"1381699","formEdgeID":null},{"edgeID":"1805963","fromID":"1381701","toID":"1381700","formEdgeID":null},{"edgeID":"1805964","fromID":"1381699","toID":"1381702","formEdgeID":null},{"edgeID":"1805965","fromID":"1381702","toID":"1381698","formEdgeID":null},{"edgeID":"1805966","fromID":"1381705","toID":"1381704","formEdgeID":null},{"edgeID":"1805967","fromID":"1381706","toID":"1381705","formEdgeID":null},{"edgeID":"1805968","fromID":"1381704","toID":"1381707","formEdgeID":null},{"edgeID":"1805969","fromID":"1381707","toID":"1381703","formEdgeID":null},{"edgeID":"1805970","fromID":"1381699","toID":"1381708","formEdgeID":null},{"edgeID":"1805971","fromID":"1381708","toID":"1381704","formEdgeID":null},{"edgeID":"1805972","fromID":"1381711","toID":"1381710","formEdgeID":null},{"edgeID":"1805973","fromID":"1381712","toID":"1381711","formEdgeID":null},{"edgeID":"1805974","fromID":"1381710","toID":"1381713","formEdgeID":null},{"edgeID":"1805975","fromID":"1381713","toID":"1381709","formEdgeID":null},{"edgeID":"1805976","fromID":"1381709","toID":"1381714","formEdgeID":null},{"edgeID":"1805977","fromID":"1381714","toID":"1381698","formEdgeID":null},{"edgeID":"1805978","fromID":"1381699","toID":"1381715","formEdgeID":null},{"edgeID":"1805979","fromID":"1381715","toID":"1381710","formEdgeID":null},{"edgeID":"1805980","fromID":"1381715","toID":"1381716","formEdgeID":null},{"edgeID":"1805981","fromID":"1381716","toID":"1381714","formEdgeID":null},{"edgeID":"1805982","fromID":"1381719","toID":"1381718","formEdgeID":null},{"edgeID":"1805983","fromID":"1381720","toID":"1381719","formEdgeID":null},{"edgeID":"1805984","fromID":"1381718","toID":"1381721","formEdgeID":null},{"edgeID":"1805985","fromID":"1381721","toID":"1381717","formEdgeID":null},{"edgeID":"1805986","fromID":"1381717","toID":"1381722","formEdgeID":null},{"edgeID":"1805987","fromID":"1381722","toID":"1381703","formEdgeID":null},{"edgeID":"1805988","fromID":"1381704","toID":"1381723","formEdgeID":null},{"edgeID":"1805989","fromID":"1381723","toID":"1381718","formEdgeID":null},{"edgeID":"1805990","fromID":"1381723","toID":"1381724","formEdgeID":null},{"edgeID":"1805991","fromID":"1381724","toID":"1381722","formEdgeID":null},{"edgeID":"1805992","fromID":"1381727","toID":"1381726","formEdgeID":null},{"edgeID":"1805993","fromID":"1381728","toID":"1381727","formEdgeID":null},{"edgeID":"1805994","fromID":"1381726","toID":"1381729","formEdgeID":null},{"edgeID":"1805995","fromID":"1381729","toID":"1381725","formEdgeID":null},{"edgeID":"1805996","fromID":"1381725","toID":"1381730","formEdgeID":null},{"edgeID":"1805997","fromID":"1381730","toID":"1381709","formEdgeID":null},{"edgeID":"1805998","fromID":"1381710","toID":"1381731","formEdgeID":null},{"edgeID":"1805999","fromID":"1381731","toID":"1381726","formEdgeID":null},{"edgeID":"1806000","fromID":"1381731","toID":"1381732","formEdgeID":null},{"edgeID":"1806001","fromID":"1381732","toID":"1381730","formEdgeID":null},{"edgeID":"1806002","fromID":"1381735","toID":"1381734","formEdgeID":null},{"edgeID":"1806003","fromID":"1381736","toID":"1381735","formEdgeID":null},{"edgeID":"1806004","fromID":"1381734","toID":"1381737","formEdgeID":null},{"edgeID":"1806005","fromID":"1381737","toID":"1381733","formEdgeID":null},{"edgeID":"1806006","fromID":"1381726","toID":"1381738","formEdgeID":null},{"edgeID":"1806007","fromID":"1381738","toID":"1381734","formEdgeID":null},{"edgeID":"1806008","fromID":"1381741","toID":"1381740","formEdgeID":null},{"edgeID":"1806009","fromID":"1381742","toID":"1381741","formEdgeID":null},{"edgeID":"1806010","fromID":"1381740","toID":"1381743","formEdgeID":null},{"edgeID":"1806011","fromID":"1381743","toID":"1381739","formEdgeID":null},{"edgeID":"1806012","fromID":"1381734","toID":"1381744","formEdgeID":null},{"edgeID":"1806013","fromID":"1381744","toID":"1381740","formEdgeID":null},{"edgeID":"1806014","fromID":"1381739","toID":"1381745","formEdgeID":null},{"edgeID":"1806015","fromID":"1381745","toID":"1381733","formEdgeID":null},{"edgeID":"1806016","fromID":"1381744","toID":"1381746","formEdgeID":null},{"edgeID":"1806017","fromID":"1381746","toID":"1381745","formEdgeID":null},{"edgeID":"1806018","fromID":"1381749","toID":"1381748","formEdgeID":null},{"edgeID":"1806019","fromID":"1381750","toID":"1381749","formEdgeID":null},{"edgeID":"1806020","fromID":"1381748","toID":"1381751","formEdgeID":null},{"edgeID":"1806021","fromID":"1381751","toID":"1381747","formEdgeID":null},{"edgeID":"1806022","fromID":"1381740","toID":"1381752","formEdgeID":null},{"edgeID":"1806023","fromID":"1381752","toID":"1381748","formEdgeID":null},{"edgeID":"1806024","fromID":"1381755","toID":"1381754","formEdgeID":null},{"edgeID":"1806025","fromID":"1381756","toID":"1381755","formEdgeID":null},{"edgeID":"1806026","fromID":"1381754","toID":"1381757","formEdgeID":null},{"edgeID":"1806027","fromID":"1381757","toID":"1381753","formEdgeID":null},{"edgeID":"1806028","fromID":"1381748","toID":"1381758","formEdgeID":null},{"edgeID":"1806029","fromID":"1381758","toID":"1381754","formEdgeID":null},{"edgeID":"1806030","fromID":"1381761","toID":"1381760","formEdgeID":null},{"edgeID":"1806031","fromID":"1381762","toID":"1381761","formEdgeID":null},{"edgeID":"1806032","fromID":"1381760","toID":"1381763","formEdgeID":null},{"edgeID":"1806033","fromID":"1381763","toID":"1381759","formEdgeID":null},{"edgeID":"1806034","fromID":"1381754","toID":"1381764","formEdgeID":null},{"edgeID":"1806035","fromID":"1381764","toID":"1381760","formEdgeID":null},{"edgeID":"1806036","fromID":"1381753","toID":"1381765","formEdgeID":null},{"edgeID":"1806037","fromID":"1381765","toID":"1381759","formEdgeID":null},{"edgeID":"1806038","fromID":"1381764","toID":"1381766","formEdgeID":null},{"edgeID":"1806039","fromID":"1381766","toID":"1381765","formEdgeID":null},{"edgeID":"1806040","fromID":"1381768","toID":"1381767","formEdgeID":null},{"edgeID":"1806041","fromID":"1381769","toID":"1381768","formEdgeID":null},{"edgeID":"1806042","fromID":"1381760","toID":"1381770","formEdgeID":null},{"edgeID":"1806043","fromID":"1381770","toID":"1381767","formEdgeID":null},{"edgeID":"1806044","fromID":"1381767","toID":"1381771","formEdgeID":null},{"edgeID":"1806045","fromID":"1381771","toID":"1381759","formEdgeID":null},{"edgeID":"1806046","fromID":"1381773","toID":"1381772","formEdgeID":null},{"edgeID":"1806047","fromID":"1381774","toID":"1381773","formEdgeID":null},{"edgeID":"1806048","fromID":"1381767","toID":"1381775","formEdgeID":null},{"edgeID":"1806049","fromID":"1381775","toID":"1381772","formEdgeID":null},{"edgeID":"1806050","fromID":"1381772","toID":"1381776","formEdgeID":null},{"edgeID":"1806051","fromID":"1381776","toID":"1381753","formEdgeID":null},{"edgeID":"1806052","fromID":"1381779","toID":"1381778","formEdgeID":null},{"edgeID":"1806053","fromID":"1381780","toID":"1381779","formEdgeID":null},{"edgeID":"1806054","fromID":"1381778","toID":"1381781","formEdgeID":null},{"edgeID":"1806055","fromID":"1381781","toID":"1381777","formEdgeID":null},{"edgeID":"1806056","fromID":"1381784","toID":"1381783","formEdgeID":null},{"edgeID":"1806057","fromID":"1381785","toID":"1381784","formEdgeID":null},{"edgeID":"1806058","fromID":"1381783","toID":"1381786","formEdgeID":null},{"edgeID":"1806059","fromID":"1381786","toID":"1381782","formEdgeID":null},{"edgeID":"1806060","fromID":"1381778","toID":"1381787","formEdgeID":null},{"edgeID":"1806061","fromID":"1381787","toID":"1381783","formEdgeID":null},{"edgeID":"1806062","fromID":"1381782","toID":"1381788","formEdgeID":null},{"edgeID":"1806063","fromID":"1381788","toID":"1381777","formEdgeID":null},{"edgeID":"1806064","fromID":"1381787","toID":"1381789","formEdgeID":null},{"edgeID":"1806065","fromID":"1381789","toID":"1381788","formEdgeID":null},{"edgeID":"1806066","fromID":"1381791","toID":"1381790","formEdgeID":null},{"edgeID":"1806067","fromID":"1381792","toID":"1381791","formEdgeID":null},{"edgeID":"1806068","fromID":"1381795","toID":"1381794","formEdgeID":null},{"edgeID":"1806069","fromID":"1381796","toID":"1381795","formEdgeID":null},{"edgeID":"1806070","fromID":"1381794","toID":"1381797","formEdgeID":null},{"edgeID":"1806071","fromID":"1381797","toID":"1381793","formEdgeID":null},{"edgeID":"1806072","fromID":"1381790","toID":"1381798","formEdgeID":null},{"edgeID":"1806073","fromID":"1381798","toID":"1381794","formEdgeID":null},{"edgeID":"1806074","fromID":"1381754","toID":"1381799","formEdgeID":null},{"edgeID":"1806075","fromID":"1381799","toID":"1381790","formEdgeID":null},{"edgeID":"1806076","fromID":"1381800","toID":"1381753","formEdgeID":null},{"edgeID":"1806077","fromID":"1381793","toID":"1381800","formEdgeID":null},{"edgeID":"1806078","fromID":"1381799","toID":"1381801","formEdgeID":null},{"edgeID":"1806079","fromID":"1381801","toID":"1381800","formEdgeID":null},{"edgeID":"1806080","fromID":"1381777","toID":"1381802","formEdgeID":null},{"edgeID":"1806081","fromID":"1381802","toID":"1381753","formEdgeID":null},{"edgeID":"1806082","fromID":"1381754","toID":"1381803","formEdgeID":null},{"edgeID":"1806083","fromID":"1381803","toID":"1381778","formEdgeID":null},{"edgeID":"1806084","fromID":"1381803","toID":"1381804","formEdgeID":null},{"edgeID":"1806085","fromID":"1381804","toID":"1381802","formEdgeID":null},{"edgeID":"1806086","fromID":"1381807","toID":"1381806","formEdgeID":null},{"edgeID":"1806087","fromID":"1381808","toID":"1381807","formEdgeID":null},{"edgeID":"1806088","fromID":"1381806","toID":"1381809","formEdgeID":null},{"edgeID":"1806089","fromID":"1381809","toID":"1381805","formEdgeID":null},{"edgeID":"1806090","fromID":"1381790","toID":"1381810","formEdgeID":null},{"edgeID":"1806091","fromID":"1381810","toID":"1381806","formEdgeID":null},{"edgeID":"1806092","fromID":"1381813","toID":"1381812","formEdgeID":null},{"edgeID":"1806093","fromID":"1381814","toID":"1381813","formEdgeID":null},{"edgeID":"1806094","fromID":"1381812","toID":"1381815","formEdgeID":null},{"edgeID":"1806095","fromID":"1381815","toID":"1381811","formEdgeID":null},{"edgeID":"1806096","fromID":"1381806","toID":"1381816","formEdgeID":null},{"edgeID":"1806097","fromID":"1381816","toID":"1381812","formEdgeID":null},{"edgeID":"1806098","fromID":"1381811","toID":"1381817","formEdgeID":null},{"edgeID":"1806099","fromID":"1381817","toID":"1381793","formEdgeID":null},{"edgeID":"1806100","fromID":"1381790","toID":"1381818","formEdgeID":null},{"edgeID":"1806101","fromID":"1381818","toID":"1381812","formEdgeID":null},{"edgeID":"1806102","fromID":"1381818","toID":"1381819","formEdgeID":null},{"edgeID":"1806103","fromID":"1381819","toID":"1381817","formEdgeID":null},{"edgeID":"1806104","fromID":"1381822","toID":"1381821","formEdgeID":null},{"edgeID":"1806105","fromID":"1381823","toID":"1381822","formEdgeID":null},{"edgeID":"1806106","fromID":"1381821","toID":"1381824","formEdgeID":null},{"edgeID":"1806107","fromID":"1381824","toID":"1381820","formEdgeID":null},{"edgeID":"1806108","fromID":"1381812","toID":"1381825","formEdgeID":null},{"edgeID":"1806109","fromID":"1381825","toID":"1381821","formEdgeID":null},{"edgeID":"1806110","fromID":"1381811","toID":"1381826","formEdgeID":null},{"edgeID":"1806111","fromID":"1381826","toID":"1381820","formEdgeID":null},{"edgeID":"1806112","fromID":"1381825","toID":"1381827","formEdgeID":null},{"edgeID":"1806113","fromID":"1381827","toID":"1381826","formEdgeID":null},{"edgeID":"1806114","fromID":"1381830","toID":"1381829","formEdgeID":null},{"edgeID":"1806115","fromID":"1381831","toID":"1381830","formEdgeID":null},{"edgeID":"1806116","fromID":"1381829","toID":"1381832","formEdgeID":null},{"edgeID":"1806117","fromID":"1381832","toID":"1381828","formEdgeID":null},{"edgeID":"1806118","fromID":"1381821","toID":"1381833","formEdgeID":null},{"edgeID":"1806119","fromID":"1381833","toID":"1381829","formEdgeID":null},{"edgeID":"1806120","fromID":"1381836","toID":"1381835","formEdgeID":null},{"edgeID":"1806121","fromID":"1381837","toID":"1381836","formEdgeID":null},{"edgeID":"1806122","fromID":"1381835","toID":"1381838","formEdgeID":null},{"edgeID":"1806123","fromID":"1381838","toID":"1381834","formEdgeID":null},{"edgeID":"1806124","fromID":"1381829","toID":"1381839","formEdgeID":null},{"edgeID":"1806125","fromID":"1381839","toID":"1381835","formEdgeID":null},{"edgeID":"1806126","fromID":"1381834","toID":"1381840","formEdgeID":null},{"edgeID":"1806127","fromID":"1381840","toID":"1381782","formEdgeID":null},{"edgeID":"1806128","fromID":"1381783","toID":"1381841","formEdgeID":null},{"edgeID":"1806129","fromID":"1381841","toID":"1381835","formEdgeID":null},{"edgeID":"1806130","fromID":"1381834","toID":"1381842","formEdgeID":null},{"edgeID":"1806131","fromID":"1381842","toID":"1381828","formEdgeID":null},{"edgeID":"1806132","fromID":"1381839","toID":"1381843","formEdgeID":null},{"edgeID":"1806133","fromID":"1381843","toID":"1381842","formEdgeID":null},{"edgeID":"1806134","fromID":"1381841","toID":"1381844","formEdgeID":null},{"edgeID":"1806135","fromID":"1381844","toID":"1381840","formEdgeID":null},{"edgeID":"1806136","fromID":"1381847","toID":"1381846","formEdgeID":null},{"edgeID":"1806137","fromID":"1381848","toID":"1381847","formEdgeID":null},{"edgeID":"1806138","fromID":"1381846","toID":"1381849","formEdgeID":null},{"edgeID":"1806139","fromID":"1381849","toID":"1381845","formEdgeID":null},{"edgeID":"1806140","fromID":"1381845","toID":"1381850","formEdgeID":null},{"edgeID":"1806141","fromID":"1381850","toID":"1381811","formEdgeID":null},{"edgeID":"1806142","fromID":"1381812","toID":"1381851","formEdgeID":null},{"edgeID":"1806143","fromID":"1381851","toID":"1381846","formEdgeID":null},{"edgeID":"1806144","fromID":"1381851","toID":"1381852","formEdgeID":null},{"edgeID":"1806145","fromID":"1381852","toID":"1381850","formEdgeID":null},{"edgeID":"1806146","fromID":"1381855","toID":"1381854","formEdgeID":null},{"edgeID":"1806147","fromID":"1381856","toID":"1381855","formEdgeID":null},{"edgeID":"1806148","fromID":"1381854","toID":"1381857","formEdgeID":null},{"edgeID":"1806149","fromID":"1381857","toID":"1381853","formEdgeID":null},{"edgeID":"1806150","fromID":"1381846","toID":"1381858","formEdgeID":null},{"edgeID":"1806151","fromID":"1381858","toID":"1381854","formEdgeID":null},{"edgeID":"1806152","fromID":"1381811","toID":"1381859","formEdgeID":null},{"edgeID":"1806153","fromID":"1381859","toID":"1381805","formEdgeID":null},{"edgeID":"1806154","fromID":"1381816","toID":"1381860","formEdgeID":null},{"edgeID":"1806155","fromID":"1381860","toID":"1381859","formEdgeID":null}],"locutions":[]}