{"nodes":[{"nodeID":"1367983","text":"Shell is paying 75 percent of the profits they made today","type":"I","timestamp":"2023-11-09 14:36:44"},{"nodeID":"1367984","text":"John Lamont: Shell is paying 75 percent of the profits they made today","type":"L","timestamp":"2023-11-09 14:36:44"},{"nodeID":"1367985","text":"Jordan: John Lamont: Shell is paying 75 percent of the profits they made today","type":"L","timestamp":"2023-11-09 14:36:44"},{"nodeID":"1367986","text":"John Lamont: 75 percent","type":"L","timestamp":"2023-11-09 14:36:44"},{"nodeID":"1367987","text":"Jordan: John Lamont: 75 percent","type":"L","timestamp":"2023-11-09 14:36:44"},{"nodeID":"1367988","text":"the 75 percent of profits is not on all the money that comes into Shell","type":"I","timestamp":"2023-11-09 14:36:44"},{"nodeID":"1367989","text":"India Willoughby: that's not on all the money that comes in","type":"L","timestamp":"2023-11-09 14:36:44"},{"nodeID":"1367990","text":"Jordan: India Willoughby: that's not on all the money that comes in","type":"L","timestamp":"2023-11-09 14:36:44"},{"nodeID":"1367991","text":"there are conditions on the windfall tax","type":"I","timestamp":"2023-11-09 14:36:45"},{"nodeID":"1367992","text":"India Willoughby: there are conditions","type":"L","timestamp":"2023-11-09 14:36:45"},{"nodeID":"1367993","text":"Jordan: India Willoughby: there are conditions","type":"L","timestamp":"2023-11-09 14:36:45"},{"nodeID":"1367994","text":"there are ways to move money around so the windfall tax doesn't apply","type":"I","timestamp":"2023-11-09 14:36:45"},{"nodeID":"1367995","text":"India Willoughby: there are ways to move money around so it doesn't apply","type":"L","timestamp":"2023-11-09 14:36:45"},{"nodeID":"1367996","text":"Jordan: India Willoughby: there are ways to move money around so it doesn't apply","type":"L","timestamp":"2023-11-09 14:36:45"},{"nodeID":"1367997","text":"the fuel sold at the forecourt, that's not subject to the windfall tax there","type":"I","timestamp":"2023-11-09 14:36:46"},{"nodeID":"1367998","text":"India Willoughby: The fuel sold at the forecourt, that's not subject to the windfall tax there","type":"L","timestamp":"2023-11-09 14:36:46"},{"nodeID":"1367999","text":"Jordan: India Willoughby: The fuel sold at the forecourt, that's not subject to the windfall tax there","type":"L","timestamp":"2023-11-09 14:36:46"},{"nodeID":"1368000","text":"look at Scotland, the money that it had -- or should have had going all the way back to the 1980s when Maggie Thatcher sold off the reserves in the North Sea","type":"I","timestamp":"2023-11-09 14:36:46"},{"nodeID":"1368001","text":"India Willoughby: look at Scotland, the money that it had -- or should have had going all the way back to the 1980s when Maggie Thatcher sold off the reserves in the North Sea","type":"L","timestamp":"2023-11-09 14:36:46"},{"nodeID":"1368002","text":"Jordan: India Willoughby: look at Scotland, the money that it had -- or should have had going all the way back to the 1980s when Maggie Thatcher sold off the reserves in the North Sea","type":"L","timestamp":"2023-11-09 14:36:46"},{"nodeID":"1368003","text":"Scotland should really have the same amount of money as Norway","type":"I","timestamp":"2023-11-09 14:36:47"},{"nodeID":"1368004","text":"India Willoughby: you should really have the same as Norway","type":"L","timestamp":"2023-11-09 14:36:47"},{"nodeID":"1368005","text":"Jordan: India Willoughby: you should really have the same as Norway","type":"L","timestamp":"2023-11-09 14:36:47"},{"nodeID":"1368006","text":"Scotland should have a sovereign wealth fund for times such as this when it is hard to see you through","type":"I","timestamp":"2023-11-09 14:36:48"},{"nodeID":"1368007","text":"India Willoughby: You should have a sovereign wealth fund for times such as this when it is hard to see you through","type":"L","timestamp":"2023-11-09 14:36:48"},{"nodeID":"1368008","text":"Jordan: India Willoughby: You should have a sovereign wealth fund for times such as this when it is hard to see you through","type":"L","timestamp":"2023-11-09 14:36:48"},{"nodeID":"1368009","text":"the rich should be picking up the burden","type":"I","timestamp":"2023-11-09 14:36:48"},{"nodeID":"1368010","text":"India Willoughby: the rich should be picking up the burden","type":"L","timestamp":"2023-11-09 14:36:48"},{"nodeID":"1368011","text":"Jordan: India Willoughby: the rich should be picking up the burden","type":"L","timestamp":"2023-11-09 14:36:48"},{"nodeID":"1368012","text":"Analysing","type":"YA","timestamp":"2023-11-09 14:36:48"},{"nodeID":"1368013","text":"Asserting","type":"YA","timestamp":"2023-11-09 14:36:48"},{"nodeID":"1368014","text":"Analysing","type":"YA","timestamp":"2023-11-09 14:36:48"},{"nodeID":"1368015","text":"Default Transition","type":"TA","timestamp":"2023-11-09 14:36:48"},{"nodeID":"1368016","text":"Asserting","type":"YA","timestamp":"2023-11-09 14:36:48"},{"nodeID":"1368017","text":"Analysing","type":"YA","timestamp":"2023-11-09 14:36:48"},{"nodeID":"1368018","text":"Asserting","type":"YA","timestamp":"2023-11-09 14:36:48"},{"nodeID":"1368019","text":"Default Transition","type":"TA","timestamp":"2023-11-09 14:36:48"},{"nodeID":"1368020","text":"Default Conflict","type":"CA","timestamp":"2023-11-09 14:36:48"},{"nodeID":"1368021","text":"Disagreeing","type":"YA","timestamp":"2023-11-09 14:36:48"},{"nodeID":"1368022","text":"Analysing","type":"YA","timestamp":"2023-11-09 14:36:48"},{"nodeID":"1368023","text":"Asserting","type":"YA","timestamp":"2023-11-09 14:36:48"},{"nodeID":"1368024","text":"Default Inference","type":"RA","timestamp":"2023-11-09 14:36:48"},{"nodeID":"1368025","text":"Analysing","type":"YA","timestamp":"2023-11-09 14:36:48"},{"nodeID":"1368026","text":"Asserting","type":"YA","timestamp":"2023-11-09 14:36:48"},{"nodeID":"1368027","text":"Default Rephrase","type":"MA","timestamp":"2023-11-09 14:36:48"},{"nodeID":"1368028","text":"Default Transition","type":"TA","timestamp":"2023-11-09 14:36:48"},{"nodeID":"1368029","text":"Arguing","type":"YA","timestamp":"2023-11-09 14:36:48"},{"nodeID":"1368030","text":"Default Transition","type":"TA","timestamp":"2023-11-09 14:36:48"},{"nodeID":"1368031","text":"Restating","type":"YA","timestamp":"2023-11-09 14:36:48"},{"nodeID":"1368032","text":"Analysing","type":"YA","timestamp":"2023-11-09 14:36:48"},{"nodeID":"1368033","text":"Asserting","type":"YA","timestamp":"2023-11-09 14:36:48"},{"nodeID":"1368034","text":"Default Transition","type":"TA","timestamp":"2023-11-09 14:36:48"},{"nodeID":"1368035","text":"Default Inference","type":"RA","timestamp":"2023-11-09 14:36:48"},{"nodeID":"1368036","text":"Arguing","type":"YA","timestamp":"2023-11-09 14:36:48"},{"nodeID":"1368037","text":"Analysing","type":"YA","timestamp":"2023-11-09 14:36:48"},{"nodeID":"1368038","text":"Asserting","type":"YA","timestamp":"2023-11-09 14:36:48"},{"nodeID":"1368039","text":"Analysing","type":"YA","timestamp":"2023-11-09 14:36:48"},{"nodeID":"1368040","text":"Asserting","type":"YA","timestamp":"2023-11-09 14:36:48"},{"nodeID":"1368041","text":"Default Transition","type":"TA","timestamp":"2023-11-09 14:36:48"},{"nodeID":"1368042","text":"Default Transition","type":"TA","timestamp":"2023-11-09 14:36:48"},{"nodeID":"1368043","text":"Default Inference","type":"RA","timestamp":"2023-11-09 14:36:48"},{"nodeID":"1368044","text":"Arguing","type":"YA","timestamp":"2023-11-09 14:36:48"},{"nodeID":"1368045","text":"Analysing","type":"YA","timestamp":"2023-11-09 14:36:48"},{"nodeID":"1368046","text":"Asserting","type":"YA","timestamp":"2023-11-09 14:36:48"},{"nodeID":"1368047","text":"Analysing","type":"YA","timestamp":"2023-11-09 14:36:48"},{"nodeID":"1368048","text":"Asserting","type":"YA","timestamp":"2023-11-09 14:36:48"},{"nodeID":"1368049","text":"Default Inference","type":"RA","timestamp":"2023-11-09 14:36:48"},{"nodeID":"1368050","text":"Default Transition","type":"TA","timestamp":"2023-11-09 14:36:48"},{"nodeID":"1368051","text":"Default Transition","type":"TA","timestamp":"2023-11-09 14:36:48"},{"nodeID":"1368052","text":"Arguing","type":"YA","timestamp":"2023-11-09 14:36:48"}],"edges":[{"edgeID":"1789764","fromID":"1368012","toID":"1367984","formEdgeID":null},{"edgeID":"1789765","fromID":"1367985","toID":"1368012","formEdgeID":null},{"edgeID":"1789766","fromID":"1367984","toID":"1368013","formEdgeID":null},{"edgeID":"1789767","fromID":"1368013","toID":"1367983","formEdgeID":null},{"edgeID":"1789768","fromID":"1368014","toID":"1367986","formEdgeID":null},{"edgeID":"1789769","fromID":"1367987","toID":"1368014","formEdgeID":null},{"edgeID":"1789770","fromID":"1367984","toID":"1368015","formEdgeID":null},{"edgeID":"1789771","fromID":"1368015","toID":"1367986","formEdgeID":null},{"edgeID":"1789772","fromID":"1367986","toID":"1368016","formEdgeID":null},{"edgeID":"1789773","fromID":"1368016","toID":"1367983","formEdgeID":null},{"edgeID":"1789774","fromID":"1368017","toID":"1367989","formEdgeID":null},{"edgeID":"1789775","fromID":"1367990","toID":"1368017","formEdgeID":null},{"edgeID":"1789776","fromID":"1367989","toID":"1368018","formEdgeID":null},{"edgeID":"1789777","fromID":"1368018","toID":"1367988","formEdgeID":null},{"edgeID":"1789778","fromID":"1367984","toID":"1368019","formEdgeID":null},{"edgeID":"1789779","fromID":"1368019","toID":"1367989","formEdgeID":null},{"edgeID":"1789780","fromID":"1367988","toID":"1368020","formEdgeID":null},{"edgeID":"1789781","fromID":"1368020","toID":"1367983","formEdgeID":null},{"edgeID":"1789782","fromID":"1368019","toID":"1368021","formEdgeID":null},{"edgeID":"1789783","fromID":"1368021","toID":"1368020","formEdgeID":null},{"edgeID":"1789784","fromID":"1368022","toID":"1367992","formEdgeID":null},{"edgeID":"1789785","fromID":"1367993","toID":"1368022","formEdgeID":null},{"edgeID":"1789786","fromID":"1367992","toID":"1368023","formEdgeID":null},{"edgeID":"1789787","fromID":"1368023","toID":"1367991","formEdgeID":null},{"edgeID":"1789788","fromID":"1367991","toID":"1368024","formEdgeID":null},{"edgeID":"1789789","fromID":"1368024","toID":"1367988","formEdgeID":null},{"edgeID":"1789790","fromID":"1368025","toID":"1367995","formEdgeID":null},{"edgeID":"1789791","fromID":"1367996","toID":"1368025","formEdgeID":null},{"edgeID":"1789792","fromID":"1367995","toID":"1368026","formEdgeID":null},{"edgeID":"1789793","fromID":"1368026","toID":"1367994","formEdgeID":null},{"edgeID":"1789794","fromID":"1367994","toID":"1368027","formEdgeID":null},{"edgeID":"1789795","fromID":"1368027","toID":"1367991","formEdgeID":null},{"edgeID":"1789796","fromID":"1367989","toID":"1368028","formEdgeID":null},{"edgeID":"1789797","fromID":"1368028","toID":"1367992","formEdgeID":null},{"edgeID":"1789798","fromID":"1368028","toID":"1368029","formEdgeID":null},{"edgeID":"1789799","fromID":"1368029","toID":"1368024","formEdgeID":null},{"edgeID":"1789800","fromID":"1367992","toID":"1368030","formEdgeID":null},{"edgeID":"1789801","fromID":"1368030","toID":"1367995","formEdgeID":null},{"edgeID":"1789802","fromID":"1368030","toID":"1368031","formEdgeID":null},{"edgeID":"1789803","fromID":"1368031","toID":"1368027","formEdgeID":null},{"edgeID":"1789804","fromID":"1368032","toID":"1367998","formEdgeID":null},{"edgeID":"1789805","fromID":"1367999","toID":"1368032","formEdgeID":null},{"edgeID":"1789806","fromID":"1367998","toID":"1368033","formEdgeID":null},{"edgeID":"1789807","fromID":"1368033","toID":"1367997","formEdgeID":null},{"edgeID":"1789808","fromID":"1367995","toID":"1368034","formEdgeID":null},{"edgeID":"1789809","fromID":"1368034","toID":"1367998","formEdgeID":null},{"edgeID":"1789810","fromID":"1367997","toID":"1368035","formEdgeID":null},{"edgeID":"1789811","fromID":"1368035","toID":"1367994","formEdgeID":null},{"edgeID":"1789812","fromID":"1368034","toID":"1368036","formEdgeID":null},{"edgeID":"1789813","fromID":"1368036","toID":"1368035","formEdgeID":null},{"edgeID":"1789814","fromID":"1368037","toID":"1368001","formEdgeID":null},{"edgeID":"1789815","fromID":"1368002","toID":"1368037","formEdgeID":null},{"edgeID":"1789816","fromID":"1368001","toID":"1368038","formEdgeID":null},{"edgeID":"1789817","fromID":"1368038","toID":"1368000","formEdgeID":null},{"edgeID":"1789818","fromID":"1368039","toID":"1368004","formEdgeID":null},{"edgeID":"1789819","fromID":"1368005","toID":"1368039","formEdgeID":null},{"edgeID":"1789820","fromID":"1368004","toID":"1368040","formEdgeID":null},{"edgeID":"1789821","fromID":"1368040","toID":"1368003","formEdgeID":null},{"edgeID":"1789822","fromID":"1367998","toID":"1368041","formEdgeID":null},{"edgeID":"1789823","fromID":"1368041","toID":"1368001","formEdgeID":null},{"edgeID":"1789824","fromID":"1368001","toID":"1368042","formEdgeID":null},{"edgeID":"1789825","fromID":"1368042","toID":"1368004","formEdgeID":null},{"edgeID":"1789826","fromID":"1368000","toID":"1368043","formEdgeID":null},{"edgeID":"1789827","fromID":"1368043","toID":"1368003","formEdgeID":null},{"edgeID":"1789828","fromID":"1368042","toID":"1368044","formEdgeID":null},{"edgeID":"1789829","fromID":"1368044","toID":"1368043","formEdgeID":null},{"edgeID":"1789830","fromID":"1368045","toID":"1368007","formEdgeID":null},{"edgeID":"1789831","fromID":"1368008","toID":"1368045","formEdgeID":null},{"edgeID":"1789832","fromID":"1368007","toID":"1368046","formEdgeID":null},{"edgeID":"1789833","fromID":"1368046","toID":"1368006","formEdgeID":null},{"edgeID":"1789834","fromID":"1368047","toID":"1368010","formEdgeID":null},{"edgeID":"1789835","fromID":"1368011","toID":"1368047","formEdgeID":null},{"edgeID":"1789836","fromID":"1368010","toID":"1368048","formEdgeID":null},{"edgeID":"1789837","fromID":"1368048","toID":"1368009","formEdgeID":null},{"edgeID":"1789838","fromID":"1368003","toID":"1368049","formEdgeID":null},{"edgeID":"1789839","fromID":"1368049","toID":"1368009","formEdgeID":null},{"edgeID":"1789840","fromID":"1368006","toID":"1368049","formEdgeID":null},{"edgeID":"1789841","fromID":"1368004","toID":"1368050","formEdgeID":null},{"edgeID":"1789842","fromID":"1368050","toID":"1368010","formEdgeID":null},{"edgeID":"1789843","fromID":"1368007","toID":"1368051","formEdgeID":null},{"edgeID":"1789844","fromID":"1368051","toID":"1368010","formEdgeID":null},{"edgeID":"1789845","fromID":"1368051","toID":"1368052","formEdgeID":null},{"edgeID":"1789846","fromID":"1368052","toID":"1368049","formEdgeID":null}],"locutions":[]}