{"nodes":[{"nodeID":"1363810","text":"yesterday teachers in England and Wales joined teachers in Scotland","type":"I","timestamp":"2023-11-09 14:30:41"},{"nodeID":"1363811","text":"AudienceMember 20230209QT01: Yesterday teachers in England and Wales joined teachers in Scotland","type":"L","timestamp":"2023-11-09 14:30:41"},{"nodeID":"1363812","text":"Analysing","type":"YA","timestamp":"2023-11-09 14:30:41"},{"nodeID":"1363813","text":"Chris: AudienceMember 20230209QT01: Yesterday teachers in England and Wales joined teachers in Scotland","type":"L","timestamp":"2023-11-09 14:30:41"},{"nodeID":"1363814","text":"Asserting","type":"YA","timestamp":"2023-11-09 14:30:41"},{"nodeID":"1363815","text":"teachers in Scotland are already taking strike action","type":"I","timestamp":"2023-11-09 14:30:42"},{"nodeID":"1363816","text":"AudienceMember 20230209QT01: already taking strike action","type":"L","timestamp":"2023-11-09 14:30:42"},{"nodeID":"1363817","text":"Analysing","type":"YA","timestamp":"2023-11-09 14:30:42"},{"nodeID":"1363818","text":"Chris: AudienceMember 20230209QT01: already taking strike action","type":"L","timestamp":"2023-11-09 14:30:42"},{"nodeID":"1363819","text":"Asserting","type":"YA","timestamp":"2023-11-09 14:30:42"},{"nodeID":"1363820","text":"Default Transition","type":"TA","timestamp":"2023-11-09 14:30:42"},{"nodeID":"1363821","text":"Default Rephrase","type":"MA","timestamp":"2023-11-09 14:30:42"},{"nodeID":"1363822","text":"Restating","type":"YA","timestamp":"2023-11-09 14:30:42"},{"nodeID":"1363823","text":"Scottish teachers are or are not worth a 10 percent pay rise","type":"I","timestamp":"2023-11-09 14:30:42"},{"nodeID":"1363824","text":"AudienceMember 20230209QT01: Are Scottish teachers worth a 10 percent pay rise","type":"L","timestamp":"2023-11-09 14:30:42"},{"nodeID":"1363825","text":"Analysing","type":"YA","timestamp":"2023-11-09 14:30:42"},{"nodeID":"1363826","text":"Chris: AudienceMember 20230209QT01: Are Scottish teachers worth a 10 percent pay rise","type":"L","timestamp":"2023-11-09 14:30:42"},{"nodeID":"1363827","text":"Pure Questioning","type":"YA","timestamp":"2023-11-09 14:30:42"},{"nodeID":"1363828","text":"Default Transition","type":"TA","timestamp":"2023-11-09 14:30:42"},{"nodeID":"1363829","text":"AudienceMember 20230209QT01 is asking this as a teacher","type":"I","timestamp":"2023-11-09 14:30:43"},{"nodeID":"1363830","text":"Fiona Bruce: Are you asking this as a teacher","type":"L","timestamp":"2023-11-09 14:30:43"},{"nodeID":"1363831","text":"Analysing","type":"YA","timestamp":"2023-11-09 14:30:43"},{"nodeID":"1363832","text":"Chris: Fiona Bruce: Are you asking this as a teacher","type":"L","timestamp":"2023-11-09 14:30:43"},{"nodeID":"1363833","text":"Assertive Questioning","type":"YA","timestamp":"2023-11-09 14:30:43"},{"nodeID":"1363834","text":"Default Transition","type":"TA","timestamp":"2023-11-09 14:30:43"},{"nodeID":"1363835","text":"AudienceMember 20230209QT01: Yes","type":"L","timestamp":"2023-11-09 14:30:43"},{"nodeID":"1363836","text":"Analysing","type":"YA","timestamp":"2023-11-09 14:30:43"},{"nodeID":"1363837","text":"Chris: AudienceMember 20230209QT01: Yes","type":"L","timestamp":"2023-11-09 14:30:43"},{"nodeID":"1363838","text":"Default Transition","type":"TA","timestamp":"2023-11-09 14:30:43"},{"nodeID":"1363839","text":"Agreeing","type":"YA","timestamp":"2023-11-09 14:30:43"},{"nodeID":"1363840","text":"AudienceMember 20230209QT01 has been out on strike with their colleagues three times since September","type":"I","timestamp":"2023-11-09 14:30:44"},{"nodeID":"1363841","text":"AudienceMember 20230209QT01: I have been out on strike with my colleagues three times since September","type":"L","timestamp":"2023-11-09 14:30:44"},{"nodeID":"1363842","text":"Analysing","type":"YA","timestamp":"2023-11-09 14:30:44"},{"nodeID":"1363843","text":"Chris: AudienceMember 20230209QT01: I have been out on strike with my colleagues three times since September","type":"L","timestamp":"2023-11-09 14:30:44"},{"nodeID":"1363844","text":"Asserting","type":"YA","timestamp":"2023-11-09 14:30:44"},{"nodeID":"1363845","text":"Default Transition","type":"TA","timestamp":"2023-11-09 14:30:44"},{"nodeID":"1363846","text":"AudienceMember 20230209QT01's answer is yes Scottish teachers are worth a 10% payrise","type":"I","timestamp":"2023-11-09 14:30:44"},{"nodeID":"1363847","text":"AudienceMember 20230209QT01: My answer is yes","type":"L","timestamp":"2023-11-09 14:30:44"},{"nodeID":"1363848","text":"Analysing","type":"YA","timestamp":"2023-11-09 14:30:44"},{"nodeID":"1363849","text":"Chris: AudienceMember 20230209QT01: My answer is yes","type":"L","timestamp":"2023-11-09 14:30:44"},{"nodeID":"1363850","text":"Asserting","type":"YA","timestamp":"2023-11-09 14:30:44"},{"nodeID":"1363851","text":"Default Transition","type":"TA","timestamp":"2023-11-09 14:30:44"},{"nodeID":"1363852","text":"Default Rephrase","type":"MA","timestamp":"2023-11-09 14:30:44"},{"nodeID":"1363853","text":"Default Transition","type":"TA","timestamp":"2023-11-09 14:30:44"},{"nodeID":"1363854","text":"Default Illocuting","type":"YA","timestamp":"2023-11-09 14:30:44"},{"nodeID":"1363855","text":"a 10% payrise is not just deserved for teachers","type":"I","timestamp":"2023-11-09 14:30:45"},{"nodeID":"1363856","text":"AudienceMember 20230209QT01: not just for teachers","type":"L","timestamp":"2023-11-09 14:30:45"},{"nodeID":"1363857","text":"Analysing","type":"YA","timestamp":"2023-11-09 14:30:45"},{"nodeID":"1363858","text":"Chris: AudienceMember 20230209QT01: not just for teachers","type":"L","timestamp":"2023-11-09 14:30:45"},{"nodeID":"1363859","text":"Asserting","type":"YA","timestamp":"2023-11-09 14:30:45"},{"nodeID":"1363860","text":"Default Transition","type":"TA","timestamp":"2023-11-09 14:30:45"},{"nodeID":"1363861","text":"Default Rephrase","type":"MA","timestamp":"2023-11-09 14:30:45"},{"nodeID":"1363862","text":"Restating","type":"YA","timestamp":"2023-11-09 14:30:45"},{"nodeID":"1363863","text":"all public sector workers deserve a pay rise in line with inflation","type":"I","timestamp":"2023-11-09 14:30:46"},{"nodeID":"1363864","text":"AudienceMember 20230209QT01: all public sector workers deserve a pay rise in line with inflation","type":"L","timestamp":"2023-11-09 14:30:46"},{"nodeID":"1363865","text":"Analysing","type":"YA","timestamp":"2023-11-09 14:30:46"},{"nodeID":"1363866","text":"Chris: AudienceMember 20230209QT01: all public sector workers deserve a pay rise in line with inflation","type":"L","timestamp":"2023-11-09 14:30:46"},{"nodeID":"1363867","text":"Asserting","type":"YA","timestamp":"2023-11-09 14:30:46"},{"nodeID":"1363868","text":"Default Transition","type":"TA","timestamp":"2023-11-09 14:30:46"},{"nodeID":"1363869","text":"Default Inference","type":"RA","timestamp":"2023-11-09 14:30:46"},{"nodeID":"1363870","text":"Arguing","type":"YA","timestamp":"2023-11-09 14:30:46"},{"nodeID":"1363871","text":"Alison's question refers to teachers in Scotland and Wales and Scotland","type":"I","timestamp":"2023-11-09 14:30:46"},{"nodeID":"1363872","text":"Fiona Bruce: Alison's question refers to teachers in Scotland and Wales and Scotland","type":"L","timestamp":"2023-11-09 14:30:46"},{"nodeID":"1363873","text":"Analysing","type":"YA","timestamp":"2023-11-09 14:30:46"},{"nodeID":"1363874","text":"Chris: Fiona Bruce: Alison's question refers to teachers in Scotland and Wales and Scotland","type":"L","timestamp":"2023-11-09 14:30:46"},{"nodeID":"1363875","text":"Asserting","type":"YA","timestamp":"2023-11-09 14:30:46"},{"nodeID":"1363876","text":"Default Transition","type":"TA","timestamp":"2023-11-09 14:30:46"},{"nodeID":"1363877","text":"obviously there are strikes in England as well","type":"I","timestamp":"2023-11-09 14:30:47"},{"nodeID":"1363878","text":"Fiona Bruce: obviously there are strikes in England as well","type":"L","timestamp":"2023-11-09 14:30:47"},{"nodeID":"1363879","text":"Analysing","type":"YA","timestamp":"2023-11-09 14:30:47"},{"nodeID":"1363880","text":"Chris: Fiona Bruce: obviously there are strikes in England as well","type":"L","timestamp":"2023-11-09 14:30:47"},{"nodeID":"1363881","text":"Asserting","type":"YA","timestamp":"2023-11-09 14:30:47"},{"nodeID":"1363882","text":"Default Transition","type":"TA","timestamp":"2023-11-09 14:30:47"},{"nodeID":"1363883","text":"Default Inference","type":"RA","timestamp":"2023-11-09 14:30:47"},{"nodeID":"1363884","text":"Arguing","type":"YA","timestamp":"2023-11-09 14:30:47"},{"nodeID":"1363885","text":"Default Rephrase","type":"MA","timestamp":"2023-11-09 14:30:47"},{"nodeID":"1363886","text":"Default Transition","type":"TA","timestamp":"2023-11-09 14:30:47"},{"nodeID":"1363887","text":"Restating","type":"YA","timestamp":"2023-11-09 14:30:47"},{"nodeID":"1363888","text":"whether or not teachers are worth a 10% payrise is an important question","type":"I","timestamp":"2023-11-09 14:30:47"},{"nodeID":"1363889","text":"John Lamont: It is an important question","type":"L","timestamp":"2023-11-09 14:30:47"},{"nodeID":"1363890","text":"Analysing","type":"YA","timestamp":"2023-11-09 14:30:47"},{"nodeID":"1363891","text":"Chris: John Lamont: It is an important question","type":"L","timestamp":"2023-11-09 14:30:47"},{"nodeID":"1363892","text":"Asserting","type":"YA","timestamp":"2023-11-09 14:30:47"},{"nodeID":"1363893","text":"Default Transition","type":"TA","timestamp":"2023-11-09 14:30:47"},{"nodeID":"1363894","text":"John Lamont's mother was a teacher","type":"I","timestamp":"2023-11-09 14:30:48"},{"nodeID":"1363895","text":"John Lamont: My mother was a teacher","type":"L","timestamp":"2023-11-09 14:30:48"},{"nodeID":"1363896","text":"Analysing","type":"YA","timestamp":"2023-11-09 14:30:48"},{"nodeID":"1363897","text":"Chris: John Lamont: My mother was a teacher","type":"L","timestamp":"2023-11-09 14:30:48"},{"nodeID":"1363898","text":"Asserting","type":"YA","timestamp":"2023-11-09 14:30:48"},{"nodeID":"1363899","text":"Default Transition","type":"TA","timestamp":"2023-11-09 14:30:48"},{"nodeID":"1363900","text":"John Lamont is very, very familiar with the teaching profession","type":"I","timestamp":"2023-11-09 14:30:49"},{"nodeID":"1363901","text":"John Lamont: I'm very, very familiar with the teaching profession","type":"L","timestamp":"2023-11-09 14:30:49"},{"nodeID":"1363902","text":"Analysing","type":"YA","timestamp":"2023-11-09 14:30:49"},{"nodeID":"1363903","text":"Chris: John Lamont: I'm very, very familiar with the teaching profession","type":"L","timestamp":"2023-11-09 14:30:49"},{"nodeID":"1363904","text":"Asserting","type":"YA","timestamp":"2023-11-09 14:30:49"},{"nodeID":"1363905","text":"Default Transition","type":"TA","timestamp":"2023-11-09 14:30:49"},{"nodeID":"1363906","text":"Default Inference","type":"RA","timestamp":"2023-11-09 14:30:49"},{"nodeID":"1363907","text":"Arguing","type":"YA","timestamp":"2023-11-09 14:30:49"},{"nodeID":"1363908","text":"we should pay tribute to the hard working teachers and others across the UK who have done a sterling job","type":"I","timestamp":"2023-11-09 14:30:49"},{"nodeID":"1363909","text":"John Lamont: we should pay tribute to the hard working teachers and others across the UK who have done a sterling job","type":"L","timestamp":"2023-11-09 14:30:49"},{"nodeID":"1363910","text":"Analysing","type":"YA","timestamp":"2023-11-09 14:30:49"},{"nodeID":"1363911","text":"Chris: John Lamont: we should pay tribute to the hard working teachers and others across the UK who have done a sterling job","type":"L","timestamp":"2023-11-09 14:30:49"},{"nodeID":"1363912","text":"Asserting","type":"YA","timestamp":"2023-11-09 14:30:49"},{"nodeID":"1363913","text":"Default Transition","type":"TA","timestamp":"2023-11-09 14:30:49"},{"nodeID":"1363914","text":"teachers and other professions proved their value particularly during the COVID pandemic","type":"I","timestamp":"2023-11-09 14:30:50"},{"nodeID":"1363915","text":"John Lamont: particularly during the COVID pandemic","type":"L","timestamp":"2023-11-09 14:30:50"},{"nodeID":"1363916","text":"Analysing","type":"YA","timestamp":"2023-11-09 14:30:50"},{"nodeID":"1363917","text":"Chris: John Lamont: particularly during the COVID pandemic","type":"L","timestamp":"2023-11-09 14:30:50"},{"nodeID":"1363918","text":"Asserting","type":"YA","timestamp":"2023-11-09 14:30:50"},{"nodeID":"1363919","text":"Default Transition","type":"TA","timestamp":"2023-11-09 14:30:50"},{"nodeID":"1363920","text":"Default Rephrase","type":"MA","timestamp":"2023-11-09 14:30:50"},{"nodeID":"1363921","text":"Restating","type":"YA","timestamp":"2023-11-09 14:30:50"},{"nodeID":"1363922","text":"Default Rephrase","type":"MA","timestamp":"2023-11-09 14:30:50"},{"nodeID":"1363923","text":"Default Transition","type":"TA","timestamp":"2023-11-09 14:30:50"},{"nodeID":"1363924","text":"Default Illocuting","type":"YA","timestamp":"2023-11-09 14:30:50"}],"edges":[{"edgeID":"1784775","fromID":"1363812","toID":"1363811","formEdgeID":null},{"edgeID":"1784776","fromID":"1363813","toID":"1363812","formEdgeID":null},{"edgeID":"1784777","fromID":"1363811","toID":"1363814","formEdgeID":null},{"edgeID":"1784778","fromID":"1363814","toID":"1363810","formEdgeID":null},{"edgeID":"1784779","fromID":"1363817","toID":"1363816","formEdgeID":null},{"edgeID":"1784780","fromID":"1363818","toID":"1363817","formEdgeID":null},{"edgeID":"1784781","fromID":"1363816","toID":"1363819","formEdgeID":null},{"edgeID":"1784782","fromID":"1363819","toID":"1363815","formEdgeID":null},{"edgeID":"1784783","fromID":"1363811","toID":"1363820","formEdgeID":null},{"edgeID":"1784784","fromID":"1363820","toID":"1363816","formEdgeID":null},{"edgeID":"1784785","fromID":"1363815","toID":"1363821","formEdgeID":null},{"edgeID":"1784786","fromID":"1363821","toID":"1363810","formEdgeID":null},{"edgeID":"1784787","fromID":"1363820","toID":"1363822","formEdgeID":null},{"edgeID":"1784788","fromID":"1363822","toID":"1363821","formEdgeID":null},{"edgeID":"1784789","fromID":"1363825","toID":"1363824","formEdgeID":null},{"edgeID":"1784790","fromID":"1363826","toID":"1363825","formEdgeID":null},{"edgeID":"1784791","fromID":"1363824","toID":"1363827","formEdgeID":null},{"edgeID":"1784792","fromID":"1363827","toID":"1363823","formEdgeID":null},{"edgeID":"1784793","fromID":"1363816","toID":"1363828","formEdgeID":null},{"edgeID":"1784794","fromID":"1363828","toID":"1363824","formEdgeID":null},{"edgeID":"1784795","fromID":"1363831","toID":"1363830","formEdgeID":null},{"edgeID":"1784796","fromID":"1363832","toID":"1363831","formEdgeID":null},{"edgeID":"1784797","fromID":"1363830","toID":"1363833","formEdgeID":null},{"edgeID":"1784798","fromID":"1363833","toID":"1363829","formEdgeID":null},{"edgeID":"1784799","fromID":"1363824","toID":"1363834","formEdgeID":null},{"edgeID":"1784800","fromID":"1363834","toID":"1363830","formEdgeID":null},{"edgeID":"1784801","fromID":"1363836","toID":"1363835","formEdgeID":null},{"edgeID":"1784802","fromID":"1363837","toID":"1363836","formEdgeID":null},{"edgeID":"1784803","fromID":"1363830","toID":"1363838","formEdgeID":null},{"edgeID":"1784804","fromID":"1363838","toID":"1363835","formEdgeID":null},{"edgeID":"1784805","fromID":"1363838","toID":"1363839","formEdgeID":null},{"edgeID":"1784806","fromID":"1363839","toID":"1363829","formEdgeID":null},{"edgeID":"1784807","fromID":"1363842","toID":"1363841","formEdgeID":null},{"edgeID":"1784808","fromID":"1363843","toID":"1363842","formEdgeID":null},{"edgeID":"1784809","fromID":"1363841","toID":"1363844","formEdgeID":null},{"edgeID":"1784810","fromID":"1363844","toID":"1363840","formEdgeID":null},{"edgeID":"1784811","fromID":"1363835","toID":"1363845","formEdgeID":null},{"edgeID":"1784812","fromID":"1363845","toID":"1363841","formEdgeID":null},{"edgeID":"1784813","fromID":"1363848","toID":"1363847","formEdgeID":null},{"edgeID":"1784814","fromID":"1363849","toID":"1363848","formEdgeID":null},{"edgeID":"1784815","fromID":"1363847","toID":"1363850","formEdgeID":null},{"edgeID":"1784816","fromID":"1363850","toID":"1363846","formEdgeID":null},{"edgeID":"1784817","fromID":"1363841","toID":"1363851","formEdgeID":null},{"edgeID":"1784818","fromID":"1363851","toID":"1363847","formEdgeID":null},{"edgeID":"1784819","fromID":"1363846","toID":"1363852","formEdgeID":null},{"edgeID":"1784820","fromID":"1363852","toID":"1363823","formEdgeID":null},{"edgeID":"1784821","fromID":"1363824","toID":"1363853","formEdgeID":null},{"edgeID":"1784822","fromID":"1363853","toID":"1363847","formEdgeID":null},{"edgeID":"1784823","fromID":"1363853","toID":"1363854","formEdgeID":null},{"edgeID":"1784824","fromID":"1363854","toID":"1363852","formEdgeID":null},{"edgeID":"1784825","fromID":"1363857","toID":"1363856","formEdgeID":null},{"edgeID":"1784826","fromID":"1363858","toID":"1363857","formEdgeID":null},{"edgeID":"1784827","fromID":"1363856","toID":"1363859","formEdgeID":null},{"edgeID":"1784828","fromID":"1363859","toID":"1363855","formEdgeID":null},{"edgeID":"1784829","fromID":"1363847","toID":"1363860","formEdgeID":null},{"edgeID":"1784830","fromID":"1363860","toID":"1363856","formEdgeID":null},{"edgeID":"1784831","fromID":"1363855","toID":"1363861","formEdgeID":null},{"edgeID":"1784832","fromID":"1363861","toID":"1363846","formEdgeID":null},{"edgeID":"1784833","fromID":"1363860","toID":"1363862","formEdgeID":null},{"edgeID":"1784834","fromID":"1363862","toID":"1363861","formEdgeID":null},{"edgeID":"1784835","fromID":"1363865","toID":"1363864","formEdgeID":null},{"edgeID":"1784836","fromID":"1363866","toID":"1363865","formEdgeID":null},{"edgeID":"1784837","fromID":"1363864","toID":"1363867","formEdgeID":null},{"edgeID":"1784838","fromID":"1363867","toID":"1363863","formEdgeID":null},{"edgeID":"1784839","fromID":"1363856","toID":"1363868","formEdgeID":null},{"edgeID":"1784840","fromID":"1363868","toID":"1363864","formEdgeID":null},{"edgeID":"1784841","fromID":"1363863","toID":"1363869","formEdgeID":null},{"edgeID":"1784842","fromID":"1363869","toID":"1363855","formEdgeID":null},{"edgeID":"1784843","fromID":"1363868","toID":"1363870","formEdgeID":null},{"edgeID":"1784844","fromID":"1363870","toID":"1363869","formEdgeID":null},{"edgeID":"1784845","fromID":"1363873","toID":"1363872","formEdgeID":null},{"edgeID":"1784846","fromID":"1363874","toID":"1363873","formEdgeID":null},{"edgeID":"1784847","fromID":"1363872","toID":"1363875","formEdgeID":null},{"edgeID":"1784848","fromID":"1363875","toID":"1363871","formEdgeID":null},{"edgeID":"1784849","fromID":"1363864","toID":"1363876","formEdgeID":null},{"edgeID":"1784850","fromID":"1363876","toID":"1363872","formEdgeID":null},{"edgeID":"1784851","fromID":"1363879","toID":"1363878","formEdgeID":null},{"edgeID":"1784852","fromID":"1363880","toID":"1363879","formEdgeID":null},{"edgeID":"1784853","fromID":"1363878","toID":"1363881","formEdgeID":null},{"edgeID":"1784854","fromID":"1363881","toID":"1363877","formEdgeID":null},{"edgeID":"1784855","fromID":"1363872","toID":"1363882","formEdgeID":null},{"edgeID":"1784856","fromID":"1363882","toID":"1363878","formEdgeID":null},{"edgeID":"1784857","fromID":"1363877","toID":"1363883","formEdgeID":null},{"edgeID":"1784858","fromID":"1363883","toID":"1363871","formEdgeID":null},{"edgeID":"1784859","fromID":"1363882","toID":"1363884","formEdgeID":null},{"edgeID":"1784860","fromID":"1363884","toID":"1363883","formEdgeID":null},{"edgeID":"1784861","fromID":"1363877","toID":"1363885","formEdgeID":null},{"edgeID":"1784862","fromID":"1363885","toID":"1363810","formEdgeID":null},{"edgeID":"1784863","fromID":"1363811","toID":"1363886","formEdgeID":null},{"edgeID":"1784864","fromID":"1363886","toID":"1363878","formEdgeID":null},{"edgeID":"1784865","fromID":"1363886","toID":"1363887","formEdgeID":null},{"edgeID":"1784866","fromID":"1363887","toID":"1363885","formEdgeID":null},{"edgeID":"1784867","fromID":"1363890","toID":"1363889","formEdgeID":null},{"edgeID":"1784868","fromID":"1363891","toID":"1363890","formEdgeID":null},{"edgeID":"1784869","fromID":"1363889","toID":"1363892","formEdgeID":null},{"edgeID":"1784870","fromID":"1363892","toID":"1363888","formEdgeID":null},{"edgeID":"1784871","fromID":"1363878","toID":"1363893","formEdgeID":null},{"edgeID":"1784872","fromID":"1363893","toID":"1363889","formEdgeID":null},{"edgeID":"1784873","fromID":"1363896","toID":"1363895","formEdgeID":null},{"edgeID":"1784874","fromID":"1363897","toID":"1363896","formEdgeID":null},{"edgeID":"1784875","fromID":"1363895","toID":"1363898","formEdgeID":null},{"edgeID":"1784876","fromID":"1363898","toID":"1363894","formEdgeID":null},{"edgeID":"1784877","fromID":"1363889","toID":"1363899","formEdgeID":null},{"edgeID":"1784878","fromID":"1363899","toID":"1363895","formEdgeID":null},{"edgeID":"1784879","fromID":"1363902","toID":"1363901","formEdgeID":null},{"edgeID":"1784880","fromID":"1363903","toID":"1363902","formEdgeID":null},{"edgeID":"1784881","fromID":"1363901","toID":"1363904","formEdgeID":null},{"edgeID":"1784882","fromID":"1363904","toID":"1363900","formEdgeID":null},{"edgeID":"1784883","fromID":"1363895","toID":"1363905","formEdgeID":null},{"edgeID":"1784884","fromID":"1363905","toID":"1363901","formEdgeID":null},{"edgeID":"1784885","fromID":"1363894","toID":"1363906","formEdgeID":null},{"edgeID":"1784886","fromID":"1363906","toID":"1363900","formEdgeID":null},{"edgeID":"1784887","fromID":"1363905","toID":"1363907","formEdgeID":null},{"edgeID":"1784888","fromID":"1363907","toID":"1363906","formEdgeID":null},{"edgeID":"1784889","fromID":"1363910","toID":"1363909","formEdgeID":null},{"edgeID":"1784890","fromID":"1363911","toID":"1363910","formEdgeID":null},{"edgeID":"1784891","fromID":"1363909","toID":"1363912","formEdgeID":null},{"edgeID":"1784892","fromID":"1363912","toID":"1363908","formEdgeID":null},{"edgeID":"1784893","fromID":"1363901","toID":"1363913","formEdgeID":null},{"edgeID":"1784894","fromID":"1363913","toID":"1363909","formEdgeID":null},{"edgeID":"1784895","fromID":"1363916","toID":"1363915","formEdgeID":null},{"edgeID":"1784896","fromID":"1363917","toID":"1363916","formEdgeID":null},{"edgeID":"1784897","fromID":"1363915","toID":"1363918","formEdgeID":null},{"edgeID":"1784898","fromID":"1363918","toID":"1363914","formEdgeID":null},{"edgeID":"1784899","fromID":"1363909","toID":"1363919","formEdgeID":null},{"edgeID":"1784900","fromID":"1363919","toID":"1363915","formEdgeID":null},{"edgeID":"1784901","fromID":"1363914","toID":"1363920","formEdgeID":null},{"edgeID":"1784902","fromID":"1363920","toID":"1363908","formEdgeID":null},{"edgeID":"1784903","fromID":"1363919","toID":"1363921","formEdgeID":null},{"edgeID":"1784904","fromID":"1363921","toID":"1363920","formEdgeID":null},{"edgeID":"1784905","fromID":"1363908","toID":"1363922","formEdgeID":null},{"edgeID":"1784906","fromID":"1363922","toID":"1363823","formEdgeID":null},{"edgeID":"1784907","fromID":"1363811","toID":"1363923","formEdgeID":null},{"edgeID":"1784908","fromID":"1363923","toID":"1363909","formEdgeID":null},{"edgeID":"1784909","fromID":"1363923","toID":"1363924","formEdgeID":null},{"edgeID":"1784910","fromID":"1363924","toID":"1363922","formEdgeID":null}],"locutions":[]}