{"nodes":[{"nodeID":"1363823","text":"Scottish teachers are or are not worth a 10 percent pay rise","type":"I","timestamp":"2023-11-09 14:30:42"},{"nodeID":"1364221","text":"AudienceMember 20230209QT01: Are Scottish teachers worth a 10 percent pay rise","type":"L","timestamp":"2023-11-09 14:31:17"},{"nodeID":"1364222","text":"Fiona Bruce: Alison's question is are Scottish teachers worth a 10 percent pay rise","type":"L","timestamp":"2023-11-09 14:31:17"},{"nodeID":"1364223","text":"Analysing","type":"YA","timestamp":"2023-11-09 14:31:17"},{"nodeID":"1364224","text":"Lara: Fiona Bruce: Alison's question is are Scottish teachers worth a 10 percent pay rise","type":"L","timestamp":"2023-11-09 14:31:17"},{"nodeID":"1364225","text":"Scotland is a devolved power","type":"I","timestamp":"2023-11-09 14:31:17"},{"nodeID":"1364226","text":"Jenny Gilruth: We are a devolved power","type":"L","timestamp":"2023-11-09 14:31:17"},{"nodeID":"1364227","text":"Analysing","type":"YA","timestamp":"2023-11-09 14:31:17"},{"nodeID":"1364228","text":"Lara: Jenny Gilruth: We are a devolved power","type":"L","timestamp":"2023-11-09 14:31:17"},{"nodeID":"1364229","text":"Asserting","type":"YA","timestamp":"2023-11-09 14:31:17"},{"nodeID":"1364230","text":"Jenny Gilruth has the power to give Scottish teachers a 10 percent pay rise","type":"I","timestamp":"2023-11-09 14:31:18"},{"nodeID":"1364231","text":"Fiona Bruce: you did","type":"L","timestamp":"2023-11-09 14:31:18"},{"nodeID":"1364232","text":"Analysing","type":"YA","timestamp":"2023-11-09 14:31:18"},{"nodeID":"1364233","text":"Lara: Fiona Bruce: you did","type":"L","timestamp":"2023-11-09 14:31:18"},{"nodeID":"1364234","text":"Asserting","type":"YA","timestamp":"2023-11-09 14:31:18"},{"nodeID":"1364235","text":"Jenny Gilruth would or would not give Scottish teachers a 10 percent pay rise","type":"I","timestamp":"2023-11-09 14:31:18"},{"nodeID":"1364236","text":"Fiona Bruce: would you give them 10 percent","type":"L","timestamp":"2023-11-09 14:31:18"},{"nodeID":"1364237","text":"Analysing","type":"YA","timestamp":"2023-11-09 14:31:18"},{"nodeID":"1364238","text":"Lara: Fiona Bruce: would you give them 10 percent","type":"L","timestamp":"2023-11-09 14:31:18"},{"nodeID":"1364239","text":"Pure Questioning","type":"YA","timestamp":"2023-11-09 14:31:18"},{"nodeID":"1364240","text":"we want to make increases to our pay offer","type":"I","timestamp":"2023-11-09 14:31:19"},{"nodeID":"1364241","text":"Jenny Gilruth: we want to make increases to our pay offer","type":"L","timestamp":"2023-11-09 14:31:19"},{"nodeID":"1364242","text":"Analysing","type":"YA","timestamp":"2023-11-09 14:31:19"},{"nodeID":"1364243","text":"Lara: Jenny Gilruth: we want to make increases to our pay offer","type":"L","timestamp":"2023-11-09 14:31:19"},{"nodeID":"1364244","text":"Asserting","type":"YA","timestamp":"2023-11-09 14:31:19"},{"nodeID":"1364245","text":"we have to look to other parts of our budget","type":"I","timestamp":"2023-11-09 14:31:20"},{"nodeID":"1364246","text":"Jenny Gilruth: we have to look to other parts of our budget","type":"L","timestamp":"2023-11-09 14:31:20"},{"nodeID":"1364247","text":"Analysing","type":"YA","timestamp":"2023-11-09 14:31:20"},{"nodeID":"1364248","text":"Lara: Jenny Gilruth: we have to look to other parts of our budget","type":"L","timestamp":"2023-11-09 14:31:20"},{"nodeID":"1364249","text":"Asserting","type":"YA","timestamp":"2023-11-09 14:31:20"},{"nodeID":"1364250","text":"Jenny Gilruth is or is not saying she would offer a 10 percent pay rise","type":"I","timestamp":"2023-11-09 14:31:20"},{"nodeID":"1364251","text":"Fiona Bruce: Are you saying you would offer 10 percent","type":"L","timestamp":"2023-11-09 14:31:20"},{"nodeID":"1364252","text":"Analysing","type":"YA","timestamp":"2023-11-09 14:31:20"},{"nodeID":"1364253","text":"Lara: Fiona Bruce: Are you saying you would offer 10 percent","type":"L","timestamp":"2023-11-09 14:31:20"},{"nodeID":"1364254","text":"Pure Questioning","type":"YA","timestamp":"2023-11-09 14:31:20"},{"nodeID":"1364255","text":"a 10 percent pay rise for Scottish teachers is a fair request","type":"I","timestamp":"2023-11-09 14:31:21"},{"nodeID":"1364256","text":"Jenny Gilruth: it is a fair request","type":"L","timestamp":"2023-11-09 14:31:21"},{"nodeID":"1364257","text":"Analysing","type":"YA","timestamp":"2023-11-09 14:31:21"},{"nodeID":"1364258","text":"Lara: Jenny Gilruth: it is a fair request","type":"L","timestamp":"2023-11-09 14:31:21"},{"nodeID":"1364259","text":"Asserting","type":"YA","timestamp":"2023-11-09 14:31:21"},{"nodeID":"1364260","text":"public sector workers are rightly asking for higher increases","type":"I","timestamp":"2023-11-09 14:31:21"},{"nodeID":"1364261","text":"Jenny Gilruth: Public sector workers are rightly asking for higher increases","type":"L","timestamp":"2023-11-09 14:31:21"},{"nodeID":"1364262","text":"Analysing","type":"YA","timestamp":"2023-11-09 14:31:21"},{"nodeID":"1364263","text":"Lara: Jenny Gilruth: Public sector workers are rightly asking for higher increases","type":"L","timestamp":"2023-11-09 14:31:21"},{"nodeID":"1364264","text":"Asserting","type":"YA","timestamp":"2023-11-09 14:31:21"},{"nodeID":"1364265","text":"things are costing more money","type":"I","timestamp":"2023-11-09 14:31:22"},{"nodeID":"1364266","text":"Jenny Gilruth: things are costing more money","type":"L","timestamp":"2023-11-09 14:31:22"},{"nodeID":"1364267","text":"Analysing","type":"YA","timestamp":"2023-11-09 14:31:22"},{"nodeID":"1364268","text":"Lara: Jenny Gilruth: things are costing more money","type":"L","timestamp":"2023-11-09 14:31:22"},{"nodeID":"1364269","text":"Asserting","type":"YA","timestamp":"2023-11-09 14:31:22"},{"nodeID":"1364270","text":"there has been Tory inaction and recklessness","type":"I","timestamp":"2023-11-09 14:31:23"},{"nodeID":"1364271","text":"Jenny Gilruth: Tory inaction and recklessness","type":"L","timestamp":"2023-11-09 14:31:23"},{"nodeID":"1364272","text":"Analysing","type":"YA","timestamp":"2023-11-09 14:31:23"},{"nodeID":"1364273","text":"Lara: Jenny Gilruth: Tory inaction and recklessness","type":"L","timestamp":"2023-11-09 14:31:23"},{"nodeID":"1364274","text":"Asserting","type":"YA","timestamp":"2023-11-09 14:31:23"},{"nodeID":"1364275","text":"the Tory inaction and recklessness is hurting all public sector workers hard","type":"I","timestamp":"2023-11-09 14:31:23"},{"nodeID":"1364276","text":"Jenny Gilruth: It is hurting all public sector workers hard","type":"L","timestamp":"2023-11-09 14:31:23"},{"nodeID":"1364277","text":"Analysing","type":"YA","timestamp":"2023-11-09 14:31:23"},{"nodeID":"1364278","text":"Lara: Jenny Gilruth: It is hurting all public sector workers hard","type":"L","timestamp":"2023-11-09 14:31:23"},{"nodeID":"1364279","text":"Asserting","type":"YA","timestamp":"2023-11-09 14:31:23"},{"nodeID":"1364280","text":"the discussions have not been productive","type":"I","timestamp":"2023-11-09 14:31:24"},{"nodeID":"1364281","text":"AudienceMember 20230209QT07:  I would have to challenge the discussions have been productive","type":"L","timestamp":"2023-11-09 14:31:24"},{"nodeID":"1364282","text":"Analysing","type":"YA","timestamp":"2023-11-09 14:31:24"},{"nodeID":"1364283","text":"Lara: AudienceMember 20230209QT07:  I would have to challenge the discussions have been productive","type":"L","timestamp":"2023-11-09 14:31:24"},{"nodeID":"1364284","text":"Asserting","type":"YA","timestamp":"2023-11-09 14:31:24"},{"nodeID":"1364285","text":"certainly in Scotland the discussions have not been productive","type":"I","timestamp":"2023-11-09 14:31:24"},{"nodeID":"1364286","text":"AudienceMember 20230209QT07: Certainly in Scotland it has not been","type":"L","timestamp":"2023-11-09 14:31:24"},{"nodeID":"1364287","text":"Analysing","type":"YA","timestamp":"2023-11-09 14:31:24"},{"nodeID":"1364288","text":"Lara: AudienceMember 20230209QT07: Certainly in Scotland it has not been","type":"L","timestamp":"2023-11-09 14:31:25"},{"nodeID":"1364289","text":"Asserting","type":"YA","timestamp":"2023-11-09 14:31:25"},{"nodeID":"1364290","text":"in November we rejected a 5 percent pay rise","type":"I","timestamp":"2023-11-09 14:31:25"},{"nodeID":"1364291","text":"AudienceMember 20230209QT07: In November we rejected 5 percent","type":"L","timestamp":"2023-11-09 14:31:25"},{"nodeID":"1364292","text":"Analysing","type":"YA","timestamp":"2023-11-09 14:31:25"},{"nodeID":"1364293","text":"Lara: AudienceMember 20230209QT07: In November we rejected 5 percen","type":"L","timestamp":"2023-11-09 14:31:25"},{"nodeID":"1364294","text":"Asserting","type":"YA","timestamp":"2023-11-09 14:31:25"},{"nodeID":"1364295","text":"we asked for a 10 percent pay rise","type":"I","timestamp":"2023-11-09 14:31:26"},{"nodeID":"1364296","text":"AudienceMember 20230209QT07: we asked for 10 percent","type":"L","timestamp":"2023-11-09 14:31:26"},{"nodeID":"1364297","text":"Analysing","type":"YA","timestamp":"2023-11-09 14:31:26"},{"nodeID":"1364298","text":"Lara: AudienceMember 20230209QT07: we asked for 10 percent","type":"L","timestamp":"2023-11-09 14:31:26"},{"nodeID":"1364299","text":"Asserting","type":"YA","timestamp":"2023-11-09 14:31:26"},{"nodeID":"1364300","text":"there has been nothing more","type":"I","timestamp":"2023-11-09 14:31:26"},{"nodeID":"1364301","text":"AudienceMember 20230209QT07: There has been nothing more","type":"L","timestamp":"2023-11-09 14:31:26"},{"nodeID":"1364302","text":"Analysing","type":"YA","timestamp":"2023-11-09 14:31:26"},{"nodeID":"1364303","text":"Lara: AudienceMember 20230209QT07: There has been nothing more","type":"L","timestamp":"2023-11-09 14:31:26"},{"nodeID":"1364304","text":"Asserting","type":"YA","timestamp":"2023-11-09 14:31:26"},{"nodeID":"1364305","text":"we're months down the line","type":"I","timestamp":"2023-11-09 14:31:27"},{"nodeID":"1364306","text":"AudienceMember 20230209QT07: We're months down the line","type":"L","timestamp":"2023-11-09 14:31:27"},{"nodeID":"1364307","text":"Analysing","type":"YA","timestamp":"2023-11-09 14:31:27"},{"nodeID":"1364308","text":"Lara: AudienceMember 20230209QT07: We're months down the line","type":"L","timestamp":"2023-11-09 14:31:27"},{"nodeID":"1364309","text":"Asserting","type":"YA","timestamp":"2023-11-09 14:31:27"},{"nodeID":"1364310","text":"no teacher AudienceMember 20230209QT07 knows wants to take strike action","type":"I","timestamp":"2023-11-09 14:31:28"},{"nodeID":"1364311","text":"AudienceMember 20230209QT07: No teacher I know wants to take strike action","type":"L","timestamp":"2023-11-09 14:31:28"},{"nodeID":"1364312","text":"Analysing","type":"YA","timestamp":"2023-11-09 14:31:28"},{"nodeID":"1364313","text":"Lara: AudienceMember 20230209QT07: No teacher I know wants to take strike action","type":"L","timestamp":"2023-11-09 14:31:28"},{"nodeID":"1364314","text":"Asserting","type":"YA","timestamp":"2023-11-09 14:31:28"},{"nodeID":"1364315","text":"no one will compromise with us","type":"I","timestamp":"2023-11-09 14:31:28"},{"nodeID":"1364316","text":"AudienceMember 20230209QT07: No one will compromise with us","type":"L","timestamp":"2023-11-09 14:31:28"},{"nodeID":"1364317","text":"Analysing","type":"YA","timestamp":"2023-11-09 14:31:28"},{"nodeID":"1364318","text":"Lara: AudienceMember 20230209QT07: No one will compromise with us","type":"L","timestamp":"2023-11-09 14:31:28"},{"nodeID":"1364319","text":"Asserting","type":"YA","timestamp":"2023-11-09 14:31:28"},{"nodeID":"1364320","text":"we have not taken this lightly","type":"I","timestamp":"2023-11-09 14:31:29"},{"nodeID":"1364321","text":"AudienceMember 20230209QT07: We have not taken this lightly","type":"L","timestamp":"2023-11-09 14:31:29"},{"nodeID":"1364322","text":"Analysing","type":"YA","timestamp":"2023-11-09 14:31:29"},{"nodeID":"1364323","text":"Lara: AudienceMember 20230209QT07: We have not taken this lightly","type":"L","timestamp":"2023-11-09 14:31:29"},{"nodeID":"1364324","text":"Asserting","type":"YA","timestamp":"2023-11-09 14:31:29"},{"nodeID":"1364325","text":"Analysing","type":"YA","timestamp":"2023-11-09 14:31:29"},{"nodeID":"1364326","text":"Lara: AudienceMember 20230209QT01: are Scottish teachers worth a 10 percent pay rise","type":"L","timestamp":"2023-11-09 14:31:29"},{"nodeID":"1364327","text":"Pure Questioning","type":"YA","timestamp":"2023-11-09 14:31:29"},{"nodeID":"1364328","text":"Asserting","type":"YA","timestamp":"2023-11-09 14:31:29"},{"nodeID":"1364329","text":"Default Transition","type":"TA","timestamp":"2023-11-09 14:31:29"},{"nodeID":"1364330","text":"Default Transition","type":"TA","timestamp":"2023-11-09 14:31:29"},{"nodeID":"1364331","text":"Default Inference","type":"RA","timestamp":"2023-11-09 14:31:29"},{"nodeID":"1364332","text":"Arguing","type":"YA","timestamp":"2023-11-09 14:31:29"},{"nodeID":"1364333","text":"Default Transition","type":"TA","timestamp":"2023-11-09 14:31:29"},{"nodeID":"1364334","text":"Default Rephrase","type":"MA","timestamp":"2023-11-09 14:31:29"},{"nodeID":"1364335","text":"Restating","type":"YA","timestamp":"2023-11-09 14:31:29"},{"nodeID":"1364336","text":"Default Transition","type":"TA","timestamp":"2023-11-09 14:31:29"},{"nodeID":"1364337","text":"Default Transition","type":"TA","timestamp":"2023-11-09 14:31:29"},{"nodeID":"1364338","text":"Default Inference","type":"RA","timestamp":"2023-11-09 14:31:29"},{"nodeID":"1364339","text":"Arguing","type":"YA","timestamp":"2023-11-09 14:31:29"},{"nodeID":"1364340","text":"Default Transition","type":"TA","timestamp":"2023-11-09 14:31:29"},{"nodeID":"1364341","text":"Default Rephrase","type":"MA","timestamp":"2023-11-09 14:31:29"},{"nodeID":"1364342","text":"Restating","type":"YA","timestamp":"2023-11-09 14:31:29"},{"nodeID":"1364343","text":"Default Transition","type":"TA","timestamp":"2023-11-09 14:31:29"},{"nodeID":"1364344","text":"Default Rephrase","type":"MA","timestamp":"2023-11-09 14:31:29"},{"nodeID":"1364345","text":"Default Illocuting","type":"YA","timestamp":"2023-11-09 14:31:29"},{"nodeID":"1364346","text":"Default Transition","type":"TA","timestamp":"2023-11-09 14:31:29"},{"nodeID":"1364347","text":"Default Rephrase","type":"MA","timestamp":"2023-11-09 14:31:29"},{"nodeID":"1364348","text":"Restating","type":"YA","timestamp":"2023-11-09 14:31:29"},{"nodeID":"1364349","text":"Default Transition","type":"TA","timestamp":"2023-11-09 14:31:29"},{"nodeID":"1364350","text":"Default Inference","type":"RA","timestamp":"2023-11-09 14:31:29"},{"nodeID":"1364351","text":"Arguing","type":"YA","timestamp":"2023-11-09 14:31:29"},{"nodeID":"1364352","text":"Default Transition","type":"TA","timestamp":"2023-11-09 14:31:29"},{"nodeID":"1364353","text":"Default Inference","type":"RA","timestamp":"2023-11-09 14:31:29"},{"nodeID":"1364354","text":"Arguing","type":"YA","timestamp":"2023-11-09 14:31:29"},{"nodeID":"1364355","text":"Default Transition","type":"TA","timestamp":"2023-11-09 14:31:29"},{"nodeID":"1364356","text":"Default Inference","type":"RA","timestamp":"2023-11-09 14:31:29"},{"nodeID":"1364357","text":"Default Transition","type":"TA","timestamp":"2023-11-09 14:31:29"},{"nodeID":"1364358","text":"Default Transition","type":"TA","timestamp":"2023-11-09 14:31:29"},{"nodeID":"1364359","text":"Default Rephrase","type":"MA","timestamp":"2023-11-09 14:31:29"},{"nodeID":"1364360","text":"Restating","type":"YA","timestamp":"2023-11-09 14:31:29"},{"nodeID":"1364361","text":"Default Transition","type":"TA","timestamp":"2023-11-09 14:31:29"},{"nodeID":"1364362","text":"Default Transition","type":"TA","timestamp":"2023-11-09 14:31:29"},{"nodeID":"1364363","text":"Default Inference","type":"RA","timestamp":"2023-11-09 14:31:29"},{"nodeID":"1364364","text":"Arguing","type":"YA","timestamp":"2023-11-09 14:31:29"},{"nodeID":"1364365","text":"Default Transition","type":"TA","timestamp":"2023-11-09 14:31:29"},{"nodeID":"1364366","text":"Default Transition","type":"TA","timestamp":"2023-11-09 14:31:29"},{"nodeID":"1364367","text":"Default Transition","type":"TA","timestamp":"2023-11-09 14:31:29"},{"nodeID":"1364368","text":"Default Transition","type":"TA","timestamp":"2023-11-09 14:31:29"},{"nodeID":"1364369","text":"Default Transition","type":"TA","timestamp":"2023-11-09 14:31:29"},{"nodeID":"1364370","text":"Default Inference","type":"RA","timestamp":"2023-11-09 14:31:29"},{"nodeID":"1364371","text":"Arguing","type":"YA","timestamp":"2023-11-09 14:31:29"},{"nodeID":"1364372","text":"Default Inference","type":"RA","timestamp":"2023-11-09 14:31:29"},{"nodeID":"1364373","text":"Arguing","type":"YA","timestamp":"2023-11-09 14:31:29"},{"nodeID":"1364374","text":"Default Conflict","type":"CA","timestamp":"2023-11-09 14:31:29"},{"nodeID":"1364375","text":"Disagreeing","type":"YA","timestamp":"2023-11-09 14:31:29"}],"edges":[{"edgeID":"1785259","fromID":"1364223","toID":"1364222","formEdgeID":null},{"edgeID":"1785260","fromID":"1364224","toID":"1364223","formEdgeID":null},{"edgeID":"1785261","fromID":"1364227","toID":"1364226","formEdgeID":null},{"edgeID":"1785262","fromID":"1364228","toID":"1364227","formEdgeID":null},{"edgeID":"1785263","fromID":"1364226","toID":"1364229","formEdgeID":null},{"edgeID":"1785264","fromID":"1364229","toID":"1364225","formEdgeID":null},{"edgeID":"1785265","fromID":"1364232","toID":"1364231","formEdgeID":null},{"edgeID":"1785266","fromID":"1364233","toID":"1364232","formEdgeID":null},{"edgeID":"1785267","fromID":"1364231","toID":"1364234","formEdgeID":null},{"edgeID":"1785268","fromID":"1364234","toID":"1364230","formEdgeID":null},{"edgeID":"1785269","fromID":"1364237","toID":"1364236","formEdgeID":null},{"edgeID":"1785270","fromID":"1364238","toID":"1364237","formEdgeID":null},{"edgeID":"1785271","fromID":"1364236","toID":"1364239","formEdgeID":null},{"edgeID":"1785272","fromID":"1364239","toID":"1364235","formEdgeID":null},{"edgeID":"1785273","fromID":"1364242","toID":"1364241","formEdgeID":null},{"edgeID":"1785274","fromID":"1364243","toID":"1364242","formEdgeID":null},{"edgeID":"1785275","fromID":"1364241","toID":"1364244","formEdgeID":null},{"edgeID":"1785276","fromID":"1364244","toID":"1364240","formEdgeID":null},{"edgeID":"1785277","fromID":"1364247","toID":"1364246","formEdgeID":null},{"edgeID":"1785278","fromID":"1364248","toID":"1364247","formEdgeID":null},{"edgeID":"1785279","fromID":"1364246","toID":"1364249","formEdgeID":null},{"edgeID":"1785280","fromID":"1364249","toID":"1364245","formEdgeID":null},{"edgeID":"1785281","fromID":"1364252","toID":"1364251","formEdgeID":null},{"edgeID":"1785282","fromID":"1364253","toID":"1364252","formEdgeID":null},{"edgeID":"1785283","fromID":"1364251","toID":"1364254","formEdgeID":null},{"edgeID":"1785284","fromID":"1364254","toID":"1364250","formEdgeID":null},{"edgeID":"1785285","fromID":"1364257","toID":"1364256","formEdgeID":null},{"edgeID":"1785286","fromID":"1364258","toID":"1364257","formEdgeID":null},{"edgeID":"1785287","fromID":"1364256","toID":"1364259","formEdgeID":null},{"edgeID":"1785288","fromID":"1364259","toID":"1364255","formEdgeID":null},{"edgeID":"1785289","fromID":"1364262","toID":"1364261","formEdgeID":null},{"edgeID":"1785290","fromID":"1364263","toID":"1364262","formEdgeID":null},{"edgeID":"1785291","fromID":"1364261","toID":"1364264","formEdgeID":null},{"edgeID":"1785292","fromID":"1364264","toID":"1364260","formEdgeID":null},{"edgeID":"1785293","fromID":"1364267","toID":"1364266","formEdgeID":null},{"edgeID":"1785294","fromID":"1364268","toID":"1364267","formEdgeID":null},{"edgeID":"1785295","fromID":"1364266","toID":"1364269","formEdgeID":null},{"edgeID":"1785296","fromID":"1364269","toID":"1364265","formEdgeID":null},{"edgeID":"1785297","fromID":"1364272","toID":"1364271","formEdgeID":null},{"edgeID":"1785298","fromID":"1364273","toID":"1364272","formEdgeID":null},{"edgeID":"1785299","fromID":"1364271","toID":"1364274","formEdgeID":null},{"edgeID":"1785300","fromID":"1364274","toID":"1364270","formEdgeID":null},{"edgeID":"1785301","fromID":"1364277","toID":"1364276","formEdgeID":null},{"edgeID":"1785302","fromID":"1364278","toID":"1364277","formEdgeID":null},{"edgeID":"1785303","fromID":"1364276","toID":"1364279","formEdgeID":null},{"edgeID":"1785304","fromID":"1364279","toID":"1364275","formEdgeID":null},{"edgeID":"1785305","fromID":"1364282","toID":"1364281","formEdgeID":null},{"edgeID":"1785306","fromID":"1364283","toID":"1364282","formEdgeID":null},{"edgeID":"1785307","fromID":"1364281","toID":"1364284","formEdgeID":null},{"edgeID":"1785308","fromID":"1364284","toID":"1364280","formEdgeID":null},{"edgeID":"1785309","fromID":"1364287","toID":"1364286","formEdgeID":null},{"edgeID":"1785310","fromID":"1364288","toID":"1364287","formEdgeID":null},{"edgeID":"1785311","fromID":"1364286","toID":"1364289","formEdgeID":null},{"edgeID":"1785312","fromID":"1364289","toID":"1364285","formEdgeID":null},{"edgeID":"1785313","fromID":"1364292","toID":"1364291","formEdgeID":null},{"edgeID":"1785314","fromID":"1364293","toID":"1364292","formEdgeID":null},{"edgeID":"1785315","fromID":"1364291","toID":"1364294","formEdgeID":null},{"edgeID":"1785316","fromID":"1364294","toID":"1364290","formEdgeID":null},{"edgeID":"1785317","fromID":"1364297","toID":"1364296","formEdgeID":null},{"edgeID":"1785318","fromID":"1364298","toID":"1364297","formEdgeID":null},{"edgeID":"1785319","fromID":"1364296","toID":"1364299","formEdgeID":null},{"edgeID":"1785320","fromID":"1364299","toID":"1364295","formEdgeID":null},{"edgeID":"1785321","fromID":"1364302","toID":"1364301","formEdgeID":null},{"edgeID":"1785322","fromID":"1364303","toID":"1364302","formEdgeID":null},{"edgeID":"1785323","fromID":"1364301","toID":"1364304","formEdgeID":null},{"edgeID":"1785324","fromID":"1364304","toID":"1364300","formEdgeID":null},{"edgeID":"1785325","fromID":"1364307","toID":"1364306","formEdgeID":null},{"edgeID":"1785326","fromID":"1364308","toID":"1364307","formEdgeID":null},{"edgeID":"1785327","fromID":"1364306","toID":"1364309","formEdgeID":null},{"edgeID":"1785328","fromID":"1364309","toID":"1364305","formEdgeID":null},{"edgeID":"1785329","fromID":"1364312","toID":"1364311","formEdgeID":null},{"edgeID":"1785330","fromID":"1364313","toID":"1364312","formEdgeID":null},{"edgeID":"1785331","fromID":"1364311","toID":"1364314","formEdgeID":null},{"edgeID":"1785332","fromID":"1364314","toID":"1364310","formEdgeID":null},{"edgeID":"1785333","fromID":"1364317","toID":"1364316","formEdgeID":null},{"edgeID":"1785334","fromID":"1364318","toID":"1364317","formEdgeID":null},{"edgeID":"1785335","fromID":"1364316","toID":"1364319","formEdgeID":null},{"edgeID":"1785336","fromID":"1364319","toID":"1364315","formEdgeID":null},{"edgeID":"1785337","fromID":"1364322","toID":"1364321","formEdgeID":null},{"edgeID":"1785338","fromID":"1364323","toID":"1364322","formEdgeID":null},{"edgeID":"1785339","fromID":"1364321","toID":"1364324","formEdgeID":null},{"edgeID":"1785340","fromID":"1364324","toID":"1364320","formEdgeID":null},{"edgeID":"1785341","fromID":"1364325","toID":"1364221","formEdgeID":null},{"edgeID":"1785342","fromID":"1364326","toID":"1364325","formEdgeID":null},{"edgeID":"1785343","fromID":"1364221","toID":"1364327","formEdgeID":null},{"edgeID":"1785344","fromID":"1364327","toID":"1363823","formEdgeID":null},{"edgeID":"1785345","fromID":"1364222","toID":"1364328","formEdgeID":null},{"edgeID":"1785346","fromID":"1364328","toID":"1364221","formEdgeID":null},{"edgeID":"1785347","fromID":"1364226","toID":"1364329","formEdgeID":null},{"edgeID":"1785348","fromID":"1364329","toID":"1364231","formEdgeID":null},{"edgeID":"1785349","fromID":"1364231","toID":"1364330","formEdgeID":null},{"edgeID":"1785350","fromID":"1364330","toID":"1364236","formEdgeID":null},{"edgeID":"1785351","fromID":"1364230","toID":"1364331","formEdgeID":null},{"edgeID":"1785352","fromID":"1364331","toID":"1364235","formEdgeID":null},{"edgeID":"1785353","fromID":"1364330","toID":"1364332","formEdgeID":null},{"edgeID":"1785354","fromID":"1364332","toID":"1364331","formEdgeID":null},{"edgeID":"1785355","fromID":"1364222","toID":"1364333","formEdgeID":null},{"edgeID":"1785356","fromID":"1364333","toID":"1364236","formEdgeID":null},{"edgeID":"1785357","fromID":"1364235","toID":"1364334","formEdgeID":null},{"edgeID":"1785358","fromID":"1364334","toID":"1363823","formEdgeID":null},{"edgeID":"1785359","fromID":"1364333","toID":"1364335","formEdgeID":null},{"edgeID":"1785360","fromID":"1364335","toID":"1364334","formEdgeID":null},{"edgeID":"1785361","fromID":"1364236","toID":"1364336","formEdgeID":null},{"edgeID":"1785362","fromID":"1364336","toID":"1364241","formEdgeID":null},{"edgeID":"1785363","fromID":"1364241","toID":"1364337","formEdgeID":null},{"edgeID":"1785364","fromID":"1364337","toID":"1364246","formEdgeID":null},{"edgeID":"1785365","fromID":"1364240","toID":"1364338","formEdgeID":null},{"edgeID":"1785366","fromID":"1364338","toID":"1364245","formEdgeID":null},{"edgeID":"1785367","fromID":"1364337","toID":"1364339","formEdgeID":null},{"edgeID":"1785368","fromID":"1364339","toID":"1364338","formEdgeID":null},{"edgeID":"1785369","fromID":"1364236","toID":"1364340","formEdgeID":null},{"edgeID":"1785370","fromID":"1364340","toID":"1364251","formEdgeID":null},{"edgeID":"1785371","fromID":"1364250","toID":"1364341","formEdgeID":null},{"edgeID":"1785372","fromID":"1364341","toID":"1364235","formEdgeID":null},{"edgeID":"1785373","fromID":"1364340","toID":"1364342","formEdgeID":null},{"edgeID":"1785374","fromID":"1364342","toID":"1364341","formEdgeID":null},{"edgeID":"1785375","fromID":"1364251","toID":"1364343","formEdgeID":null},{"edgeID":"1785376","fromID":"1364343","toID":"1364256","formEdgeID":null},{"edgeID":"1785377","fromID":"1364255","toID":"1364344","formEdgeID":null},{"edgeID":"1785378","fromID":"1364344","toID":"1364250","formEdgeID":null},{"edgeID":"1785379","fromID":"1364343","toID":"1364345","formEdgeID":null},{"edgeID":"1785380","fromID":"1364345","toID":"1364344","formEdgeID":null},{"edgeID":"1785381","fromID":"1364256","toID":"1364346","formEdgeID":null},{"edgeID":"1785382","fromID":"1364346","toID":"1364261","formEdgeID":null},{"edgeID":"1785383","fromID":"1364260","toID":"1364347","formEdgeID":null},{"edgeID":"1785384","fromID":"1364347","toID":"1364255","formEdgeID":null},{"edgeID":"1785385","fromID":"1364346","toID":"1364348","formEdgeID":null},{"edgeID":"1785386","fromID":"1364348","toID":"1364347","formEdgeID":null},{"edgeID":"1785387","fromID":"1364261","toID":"1364349","formEdgeID":null},{"edgeID":"1785388","fromID":"1364349","toID":"1364266","formEdgeID":null},{"edgeID":"1785389","fromID":"1364265","toID":"1364350","formEdgeID":null},{"edgeID":"1785390","fromID":"1364350","toID":"1364260","formEdgeID":null},{"edgeID":"1785391","fromID":"1364349","toID":"1364351","formEdgeID":null},{"edgeID":"1785392","fromID":"1364351","toID":"1364350","formEdgeID":null},{"edgeID":"1785393","fromID":"1364266","toID":"1364352","formEdgeID":null},{"edgeID":"1785394","fromID":"1364352","toID":"1364271","formEdgeID":null},{"edgeID":"1785395","fromID":"1364270","toID":"1364353","formEdgeID":null},{"edgeID":"1785396","fromID":"1364353","toID":"1364265","formEdgeID":null},{"edgeID":"1785397","fromID":"1364352","toID":"1364354","formEdgeID":null},{"edgeID":"1785398","fromID":"1364354","toID":"1364353","formEdgeID":null},{"edgeID":"1785399","fromID":"1364261","toID":"1364355","formEdgeID":null},{"edgeID":"1785400","fromID":"1364355","toID":"1364276","formEdgeID":null},{"edgeID":"1785401","fromID":"1364275","toID":"1364356","formEdgeID":null},{"edgeID":"1785402","fromID":"1364356","toID":"1364260","formEdgeID":null},{"edgeID":"1785403","fromID":"1364276","toID":"1364357","formEdgeID":null},{"edgeID":"1785404","fromID":"1364357","toID":"1364281","formEdgeID":null},{"edgeID":"1785405","fromID":"1364281","toID":"1364358","formEdgeID":null},{"edgeID":"1785406","fromID":"1364358","toID":"1364286","formEdgeID":null},{"edgeID":"1785407","fromID":"1364285","toID":"1364359","formEdgeID":null},{"edgeID":"1785408","fromID":"1364359","toID":"1364280","formEdgeID":null},{"edgeID":"1785409","fromID":"1364358","toID":"1364360","formEdgeID":null},{"edgeID":"1785410","fromID":"1364360","toID":"1364359","formEdgeID":null},{"edgeID":"1785411","fromID":"1364286","toID":"1364361","formEdgeID":null},{"edgeID":"1785412","fromID":"1364361","toID":"1364291","formEdgeID":null},{"edgeID":"1785413","fromID":"1364291","toID":"1364362","formEdgeID":null},{"edgeID":"1785414","fromID":"1364362","toID":"1364296","formEdgeID":null},{"edgeID":"1785415","fromID":"1364295","toID":"1364363","formEdgeID":null},{"edgeID":"1785416","fromID":"1364363","toID":"1364290","formEdgeID":null},{"edgeID":"1785417","fromID":"1364362","toID":"1364364","formEdgeID":null},{"edgeID":"1785418","fromID":"1364364","toID":"1364363","formEdgeID":null},{"edgeID":"1785419","fromID":"1364296","toID":"1364365","formEdgeID":null},{"edgeID":"1785420","fromID":"1364365","toID":"1364301","formEdgeID":null},{"edgeID":"1785421","fromID":"1364301","toID":"1364366","formEdgeID":null},{"edgeID":"1785422","fromID":"1364366","toID":"1364306","formEdgeID":null},{"edgeID":"1785423","fromID":"1364306","toID":"1364367","formEdgeID":null},{"edgeID":"1785424","fromID":"1364367","toID":"1364311","formEdgeID":null},{"edgeID":"1785425","fromID":"1364316","toID":"1364368","formEdgeID":null},{"edgeID":"1785426","fromID":"1364368","toID":"1364321","formEdgeID":null},{"edgeID":"1785427","fromID":"1364286","toID":"1364369","formEdgeID":null},{"edgeID":"1785428","fromID":"1364369","toID":"1364316","formEdgeID":null},{"edgeID":"1785429","fromID":"1364315","toID":"1364370","formEdgeID":null},{"edgeID":"1785430","fromID":"1364370","toID":"1364285","formEdgeID":null},{"edgeID":"1785431","fromID":"1364369","toID":"1364371","formEdgeID":null},{"edgeID":"1785432","fromID":"1364371","toID":"1364370","formEdgeID":null},{"edgeID":"1785433","fromID":"1364290","toID":"1364372","formEdgeID":null},{"edgeID":"1785434","fromID":"1364372","toID":"1364285","formEdgeID":null},{"edgeID":"1785435","fromID":"1364361","toID":"1364373","formEdgeID":null},{"edgeID":"1785436","fromID":"1364373","toID":"1364372","formEdgeID":null},{"edgeID":"1785437","fromID":"1364230","toID":"1364374","formEdgeID":null},{"edgeID":"1785438","fromID":"1364374","toID":"1364225","formEdgeID":null},{"edgeID":"1785439","fromID":"1364329","toID":"1364375","formEdgeID":null},{"edgeID":"1785440","fromID":"1364375","toID":"1364374","formEdgeID":null}],"locutions":[]}