{"nodes":[{"nodeID":"1364846","text":"AudienceMember 20230209QT14 would love nothing more than to be able to go in and say, here's a whole load -- and we have done it","type":"I","timestamp":"2023-11-09 14:32:10"},{"nodeID":"1364847","text":"AudienceMember 20230209QT14:  I would love nothing more than to be able to go in and say, here's a whole load -- and we have done it","type":"L","timestamp":"2023-11-09 14:32:10"},{"nodeID":"1364848","text":"Analysing","type":"YA","timestamp":"2023-11-09 14:32:10"},{"nodeID":"1364849","text":"Anon: AudienceMember 20230209QT14:  I would love nothing more than to be able to go in and say, here's a whole load -- and we have done it","type":"L","timestamp":"2023-11-09 14:32:10"},{"nodeID":"1364850","text":"Asserting","type":"YA","timestamp":"2023-11-09 14:32:10"},{"nodeID":"1364851","text":"AudienceMember 20230209QT14's business has given everybody an allowance over the winter just to try to help people out","type":"I","timestamp":"2023-11-09 14:32:11"},{"nodeID":"1364852","text":"AudienceMember 20230209QT14: We've given everybody an allowance over the winter as a -- just to try to help people out","type":"L","timestamp":"2023-11-09 14:32:11"},{"nodeID":"1364853","text":"Analysing","type":"YA","timestamp":"2023-11-09 14:32:11"},{"nodeID":"1364854","text":"Anon: AudienceMember 20230209QT14: We've given everybody an allowance over the winter as a -- just to try to help people out","type":"L","timestamp":"2023-11-09 14:32:11"},{"nodeID":"1364855","text":"Asserting","type":"YA","timestamp":"2023-11-09 14:32:11"},{"nodeID":"1364856","text":"Default Transition","type":"TA","timestamp":"2023-11-09 14:32:11"},{"nodeID":"1364857","text":"AudienceMember 20230209QT14's business can't just fix the pay rise at 10 percent","type":"I","timestamp":"2023-11-09 14:32:12"},{"nodeID":"1364858","text":"AudienceMember 20230209QT14: we can't just fix it 10 percent","type":"L","timestamp":"2023-11-09 14:32:12"},{"nodeID":"1364859","text":"Analysing","type":"YA","timestamp":"2023-11-09 14:32:12"},{"nodeID":"1364860","text":"Anon: AudienceMember 20230209QT14: we can't just fix it 10 percent","type":"L","timestamp":"2023-11-09 14:32:12"},{"nodeID":"1364861","text":"Asserting","type":"YA","timestamp":"2023-11-09 14:32:12"},{"nodeID":"1364862","text":"Default Transition","type":"TA","timestamp":"2023-11-09 14:32:12"},{"nodeID":"1364863","text":"AudienceMember 20230209QT14 might sell something for \u00a3100","type":"I","timestamp":"2023-11-09 14:32:12"},{"nodeID":"1364864","text":"AudienceMember 20230209QT14: I sell something for \u00a3100","type":"L","timestamp":"2023-11-09 14:32:12"},{"nodeID":"1364865","text":"Analysing","type":"YA","timestamp":"2023-11-09 14:32:12"},{"nodeID":"1364866","text":"Anon: AudienceMember 20230209QT14: I sell something for \u00a3100","type":"L","timestamp":"2023-11-09 14:32:12"},{"nodeID":"1364867","text":"Asserting","type":"YA","timestamp":"2023-11-09 14:32:12"},{"nodeID":"1364868","text":"Default Transition","type":"TA","timestamp":"2023-11-09 14:32:12"},{"nodeID":"1364869","text":"AudienceMember 20230209QT14 has to buy stock at \u00a330","type":"I","timestamp":"2023-11-09 14:32:13"},{"nodeID":"1364870","text":"AudienceMember 20230209QT14:  I have to buy stock at \u00a330","type":"L","timestamp":"2023-11-09 14:32:13"},{"nodeID":"1364871","text":"Analysing","type":"YA","timestamp":"2023-11-09 14:32:13"},{"nodeID":"1364872","text":"Anon: AudienceMember 20230209QT14:  I have to buy stock at \u00a330","type":"L","timestamp":"2023-11-09 14:32:13"},{"nodeID":"1364873","text":"Asserting","type":"YA","timestamp":"2023-11-09 14:32:13"},{"nodeID":"1364874","text":"Default Transition","type":"TA","timestamp":"2023-11-09 14:32:13"},{"nodeID":"1364875","text":"AudienceMember 20230209QT14 has to pay wages which are 35 percent","type":"I","timestamp":"2023-11-09 14:32:13"},{"nodeID":"1364876","text":"AudienceMember 20230209QT14: I have to pay wages which are 35 percent","type":"L","timestamp":"2023-11-09 14:32:13"},{"nodeID":"1364877","text":"Analysing","type":"YA","timestamp":"2023-11-09 14:32:14"},{"nodeID":"1364878","text":"Anon: AudienceMember 20230209QT14: I have to pay wages which are 35 percent","type":"L","timestamp":"2023-11-09 14:32:14"},{"nodeID":"1364879","text":"Asserting","type":"YA","timestamp":"2023-11-09 14:32:14"},{"nodeID":"1364880","text":"Default Transition","type":"TA","timestamp":"2023-11-09 14:32:14"},{"nodeID":"1364881","text":"AudienceMember 20230209QT14 has to keep back some profit","type":"I","timestamp":"2023-11-09 14:32:14"},{"nodeID":"1364882","text":"AudienceMember 20230209QT14: I have to keep some back of that profit","type":"L","timestamp":"2023-11-09 14:32:14"},{"nodeID":"1364883","text":"Analysing","type":"YA","timestamp":"2023-11-09 14:32:14"},{"nodeID":"1364884","text":"Anon: AudienceMember 20230209QT14: I have to keep some back of that profit","type":"L","timestamp":"2023-11-09 14:32:14"},{"nodeID":"1364885","text":"Asserting","type":"YA","timestamp":"2023-11-09 14:32:14"},{"nodeID":"1364886","text":"AudienceMember 20230209QT14 has to invest next year","type":"I","timestamp":"2023-11-09 14:32:15"},{"nodeID":"1364887","text":"AudienceMember 20230209QT14: I have to invest next year","type":"L","timestamp":"2023-11-09 14:32:15"},{"nodeID":"1364888","text":"Analysing","type":"YA","timestamp":"2023-11-09 14:32:15"},{"nodeID":"1364889","text":"Anon: AudienceMember 20230209QT14: I have to invest next year","type":"L","timestamp":"2023-11-09 14:32:15"},{"nodeID":"1364890","text":"Asserting","type":"YA","timestamp":"2023-11-09 14:32:15"},{"nodeID":"1364891","text":"AudienceMember 20230209QT14 might stop investing","type":"I","timestamp":"2023-11-09 14:32:15"},{"nodeID":"1364892","text":"AudienceMember 20230209QT14: I don't keep investing","type":"L","timestamp":"2023-11-09 14:32:15"},{"nodeID":"1364893","text":"Analysing","type":"YA","timestamp":"2023-11-09 14:32:15"},{"nodeID":"1364894","text":"Anon: AudienceMember 20230209QT14: I don't keep investing","type":"L","timestamp":"2023-11-09 14:32:15"},{"nodeID":"1364895","text":"Asserting","type":"YA","timestamp":"2023-11-09 14:32:15"},{"nodeID":"1364896","text":"there will be no money left","type":"I","timestamp":"2023-11-09 14:32:16"},{"nodeID":"1364897","text":"AudienceMember 20230209QT14:  there's nothing left","type":"L","timestamp":"2023-11-09 14:32:16"},{"nodeID":"1364898","text":"Analysing","type":"YA","timestamp":"2023-11-09 14:32:16"},{"nodeID":"1364899","text":"Anon: AudienceMember 20230209QT14:  there's nothing left","type":"L","timestamp":"2023-11-09 14:32:16"},{"nodeID":"1364900","text":"Asserting","type":"YA","timestamp":"2023-11-09 14:32:16"},{"nodeID":"1364901","text":"Default Inference","type":"RA","timestamp":"2023-11-09 14:32:16"},{"nodeID":"1364902","text":"Default Transition","type":"TA","timestamp":"2023-11-09 14:32:16"},{"nodeID":"1364903","text":"Arguing","type":"YA","timestamp":"2023-11-09 14:32:16"},{"nodeID":"1364904","text":"Default Transition","type":"TA","timestamp":"2023-11-09 14:32:16"},{"nodeID":"1364905","text":"Default Inference","type":"RA","timestamp":"2023-11-09 14:32:16"},{"nodeID":"1364906","text":"Default Transition","type":"TA","timestamp":"2023-11-09 14:32:16"},{"nodeID":"1364907","text":"Arguing","type":"YA","timestamp":"2023-11-09 14:32:16"},{"nodeID":"1364908","text":"Default Inference","type":"RA","timestamp":"2023-11-09 14:32:16"},{"nodeID":"1364909","text":"Arguing","type":"YA","timestamp":"2023-11-09 14:32:16"},{"nodeID":"1364910","text":"Default Rephrase","type":"MA","timestamp":"2023-11-09 14:32:16"},{"nodeID":"1364911","text":"Restating","type":"YA","timestamp":"2023-11-09 14:32:16"},{"nodeID":"1364912","text":"Default Rephrase","type":"MA","timestamp":"2023-11-09 14:32:16"},{"nodeID":"1364913","text":"Default Transition","type":"TA","timestamp":"2023-11-09 14:32:16"},{"nodeID":"1364914","text":"Restating","type":"YA","timestamp":"2023-11-09 14:32:16"},{"nodeID":"1364915","text":"it is sometimes quite idealistic and simplistic to say: I want the money, get me the money, and not think about the wider ramifications","type":"I","timestamp":"2023-11-09 14:32:17"},{"nodeID":"1364916","text":"AudienceMember 20230209QT14: it is sometimes quite idealistic and simplistic to say: I want the money, get me the money, and not think about the wider ramifications","type":"L","timestamp":"2023-11-09 14:32:17"},{"nodeID":"1364917","text":"Analysing","type":"YA","timestamp":"2023-11-09 14:32:17"},{"nodeID":"1364918","text":"Anon: AudienceMember 20230209QT14: it is sometimes quite idealistic and simplistic to say: I want the money, get me the money, and not think about the wider ramifications","type":"L","timestamp":"2023-11-09 14:32:17"},{"nodeID":"1364919","text":"Asserting","type":"YA","timestamp":"2023-11-09 14:32:17"},{"nodeID":"1364920","text":"Default Transition","type":"TA","timestamp":"2023-11-09 14:32:17"},{"nodeID":"1364921","text":"Default Transition","type":"TA","timestamp":"2023-11-09 14:32:17"},{"nodeID":"1364922","text":"Default Transition","type":"TA","timestamp":"2023-11-09 14:32:17"},{"nodeID":"1364923","text":"Default Inference","type":"RA","timestamp":"2023-11-09 14:32:17"},{"nodeID":"1364924","text":"Arguing","type":"YA","timestamp":"2023-11-09 14:32:17"},{"nodeID":"1364925","text":"Default Transition","type":"TA","timestamp":"2023-11-09 14:32:17"},{"nodeID":"1364926","text":"Default Inference","type":"RA","timestamp":"2023-11-09 14:32:17"},{"nodeID":"1364927","text":"Arguing","type":"YA","timestamp":"2023-11-09 14:32:17"},{"nodeID":"1364928","text":"Default Transition","type":"TA","timestamp":"2023-11-09 14:32:17"},{"nodeID":"1364929","text":"Default Rephrase","type":"MA","timestamp":"2023-11-09 14:32:17"},{"nodeID":"1364930","text":"Restating","type":"YA","timestamp":"2023-11-09 14:32:17"},{"nodeID":"1364931","text":"AudienceMember 20230209QT14 empathises with people in the public sector","type":"I","timestamp":"2023-11-09 14:32:17"},{"nodeID":"1364932","text":"AudienceMember 20230209QT14:  I do empathise with people in the public sector","type":"L","timestamp":"2023-11-09 14:32:17"},{"nodeID":"1364933","text":"Analysing","type":"YA","timestamp":"2023-11-09 14:32:17"},{"nodeID":"1364934","text":"Anon: AudienceMember 20230209QT14:  I do empathise with people in the public sector","type":"L","timestamp":"2023-11-09 14:32:17"},{"nodeID":"1364935","text":"Asserting","type":"YA","timestamp":"2023-11-09 14:32:17"},{"nodeID":"1364936","text":"Default Transition","type":"TA","timestamp":"2023-11-09 14:32:17"},{"nodeID":"1364937","text":"all AudienceMember 20230209QT14 is hearing is public sector, public sector, public sector","type":"I","timestamp":"2023-11-09 14:32:18"},{"nodeID":"1364938","text":"AudienceMember 20230209QT14: all I'm hearing is public sector, public sector, public sector","type":"L","timestamp":"2023-11-09 14:32:18"},{"nodeID":"1364939","text":"Analysing","type":"YA","timestamp":"2023-11-09 14:32:18"},{"nodeID":"1364940","text":"Anon: AudienceMember 20230209QT14: all I'm hearing is public sector, public sector, public sector","type":"L","timestamp":"2023-11-09 14:32:18"},{"nodeID":"1364941","text":"Asserting","type":"YA","timestamp":"2023-11-09 14:32:18"},{"nodeID":"1364942","text":"Default Transition","type":"TA","timestamp":"2023-11-09 14:32:18"},{"nodeID":"1364943","text":"the private sector is not getting pay rises like the public sector","type":"I","timestamp":"2023-11-09 14:32:19"},{"nodeID":"1364944","text":"AudienceMember 20230209QT14: The private sector is not getting pay rises like this","type":"L","timestamp":"2023-11-09 14:32:19"},{"nodeID":"1364945","text":"Analysing","type":"YA","timestamp":"2023-11-09 14:32:19"},{"nodeID":"1364946","text":"Anon: AudienceMember 20230209QT14: The private sector is not getting pay rises like this","type":"L","timestamp":"2023-11-09 14:32:19"},{"nodeID":"1364947","text":"Asserting","type":"YA","timestamp":"2023-11-09 14:32:19"},{"nodeID":"1364948","text":"Default Transition","type":"TA","timestamp":"2023-11-09 14:32:19"},{"nodeID":"1364949","text":"Default Rephrase","type":"MA","timestamp":"2023-11-09 14:32:19"},{"nodeID":"1364950","text":"Restating","type":"YA","timestamp":"2023-11-09 14:32:19"},{"nodeID":"1364951","text":"AudienceMember 20230209QT15 is also an employer","type":"I","timestamp":"2023-11-09 14:32:19"},{"nodeID":"1364952","text":"AudienceMember 20230209QT15:  I'm also an employer","type":"L","timestamp":"2023-11-09 14:32:19"},{"nodeID":"1364953","text":"Analysing","type":"YA","timestamp":"2023-11-09 14:32:19"},{"nodeID":"1364954","text":"Anon: AudienceMember 20230209QT15:  I'm also an employer","type":"L","timestamp":"2023-11-09 14:32:19"},{"nodeID":"1364955","text":"Asserting","type":"YA","timestamp":"2023-11-09 14:32:19"},{"nodeID":"1364956","text":"Default Transition","type":"TA","timestamp":"2023-11-09 14:32:19"},{"nodeID":"1364957","text":"AudienceMember 20230209QT15 has a lot of empathy with their staff","type":"I","timestamp":"2023-11-09 14:32:20"},{"nodeID":"1364958","text":"AudienceMember 20230209QT15: I have a lot of empathy with my staff","type":"L","timestamp":"2023-11-09 14:32:20"},{"nodeID":"1364959","text":"Analysing","type":"YA","timestamp":"2023-11-09 14:32:20"},{"nodeID":"1364960","text":"Anon: AudienceMember 20230209QT15: I have a lot of empathy with my staff","type":"L","timestamp":"2023-11-09 14:32:20"},{"nodeID":"1364961","text":"Asserting","type":"YA","timestamp":"2023-11-09 14:32:20"},{"nodeID":"1364962","text":"Default Transition","type":"TA","timestamp":"2023-11-09 14:32:20"},{"nodeID":"1364963","text":"Default Transition","type":"TA","timestamp":"2023-11-09 14:32:20"},{"nodeID":"1364964","text":"Default Rephrase","type":"MA","timestamp":"2023-11-09 14:32:20"},{"nodeID":"1364965","text":"Restating","type":"YA","timestamp":"2023-11-09 14:32:20"},{"nodeID":"1364966","text":"AudienceMember 20230209QT15 is very close to their staff","type":"I","timestamp":"2023-11-09 14:32:20"},{"nodeID":"1364967","text":"AudienceMember 20230209QT15: I'm very close to them","type":"L","timestamp":"2023-11-09 14:32:20"},{"nodeID":"1364968","text":"Analysing","type":"YA","timestamp":"2023-11-09 14:32:20"},{"nodeID":"1364969","text":"Anon: AudienceMember 20230209QT15: I'm very close to them","type":"L","timestamp":"2023-11-09 14:32:20"},{"nodeID":"1364970","text":"Asserting","type":"YA","timestamp":"2023-11-09 14:32:20"},{"nodeID":"1364971","text":"Default Rephrase","type":"MA","timestamp":"2023-11-09 14:32:20"},{"nodeID":"1364972","text":"Default Transition","type":"TA","timestamp":"2023-11-09 14:32:20"},{"nodeID":"1364973","text":"Restating","type":"YA","timestamp":"2023-11-09 14:32:20"},{"nodeID":"1364974","text":"AudienceMember 20230209QT15's company is close-knit","type":"I","timestamp":"2023-11-09 14:32:21"},{"nodeID":"1364975","text":"AudienceMember 20230209QT15: We're a close-knit company","type":"L","timestamp":"2023-11-09 14:32:21"},{"nodeID":"1364976","text":"Analysing","type":"YA","timestamp":"2023-11-09 14:32:21"},{"nodeID":"1364977","text":"Anon: AudienceMember 20230209QT15: We're a close-knit company","type":"L","timestamp":"2023-11-09 14:32:21"},{"nodeID":"1364978","text":"Asserting","type":"YA","timestamp":"2023-11-09 14:32:21"},{"nodeID":"1364979","text":"Default Transition","type":"TA","timestamp":"2023-11-09 14:32:21"},{"nodeID":"1364980","text":"Default Inference","type":"RA","timestamp":"2023-11-09 14:32:21"},{"nodeID":"1364981","text":"Arguing","type":"YA","timestamp":"2023-11-09 14:32:21"},{"nodeID":"1364982","text":"AudienceMember 20230209QT15 would love to be able to go to each and every one of their staff and say there's a 10 percent rise","type":"I","timestamp":"2023-11-09 14:32:22"},{"nodeID":"1364983","text":"AudienceMember 20230209QT15: I would love to be able to go to each and every one of them and say there's a 10 percent rise","type":"L","timestamp":"2023-11-09 14:32:22"},{"nodeID":"1364984","text":"Analysing","type":"YA","timestamp":"2023-11-09 14:32:22"},{"nodeID":"1364985","text":"Anon: AudienceMember 20230209QT15: I would love to be able to go to each and every one of them and say there's a 10 percent rise","type":"L","timestamp":"2023-11-09 14:32:22"},{"nodeID":"1364986","text":"Asserting","type":"YA","timestamp":"2023-11-09 14:32:22"},{"nodeID":"1364987","text":"Default Transition","type":"TA","timestamp":"2023-11-09 14:32:22"},{"nodeID":"1364988","text":"Default Rephrase","type":"MA","timestamp":"2023-11-09 14:32:22"},{"nodeID":"1364989","text":"Restating","type":"YA","timestamp":"2023-11-09 14:32:22"},{"nodeID":"1364990","text":"AudienceMember 20230209QT15 cannot go to each and every one of their staff and say there's a 10 percent rise","type":"I","timestamp":"2023-11-09 14:32:22"},{"nodeID":"1364991","text":"AudienceMember 20230209QT15: I cannot do that","type":"L","timestamp":"2023-11-09 14:32:22"},{"nodeID":"1364992","text":"Analysing","type":"YA","timestamp":"2023-11-09 14:32:22"},{"nodeID":"1364993","text":"Anon: AudienceMember 20230209QT15: I cannot do that","type":"L","timestamp":"2023-11-09 14:32:22"},{"nodeID":"1364994","text":"Asserting","type":"YA","timestamp":"2023-11-09 14:32:22"},{"nodeID":"1364995","text":"Default Transition","type":"TA","timestamp":"2023-11-09 14:32:22"},{"nodeID":"1364996","text":"Default Conflict","type":"CA","timestamp":"2023-11-09 14:32:22"},{"nodeID":"1364997","text":"Disagreeing","type":"YA","timestamp":"2023-11-09 14:32:22"},{"nodeID":"1364998","text":"Default Transition","type":"TA","timestamp":"2023-11-09 14:32:22"},{"nodeID":"1364999","text":"Default Rephrase","type":"MA","timestamp":"2023-11-09 14:32:22"},{"nodeID":"1365000","text":"Restating","type":"YA","timestamp":"2023-11-09 14:32:22"},{"nodeID":"1365001","text":"AudienceMember 20230209QT15 is pragmatic about not being able to give their staff 10 percent pay rises","type":"I","timestamp":"2023-11-09 14:32:23"},{"nodeID":"1365002","text":"AudienceMember 20230209QT15: I'm pragmatic about it","type":"L","timestamp":"2023-11-09 14:32:23"},{"nodeID":"1365003","text":"Analysing","type":"YA","timestamp":"2023-11-09 14:32:23"},{"nodeID":"1365004","text":"Anon: AudienceMember 20230209QT15: I'm pragmatic about it","type":"L","timestamp":"2023-11-09 14:32:23"},{"nodeID":"1365005","text":"Asserting","type":"YA","timestamp":"2023-11-09 14:32:23"},{"nodeID":"1365006","text":"Default Transition","type":"TA","timestamp":"2023-11-09 14:32:23"},{"nodeID":"1365007","text":"AudienceMember 20230209QT15 knows the world we're living in","type":"I","timestamp":"2023-11-09 14:32:24"},{"nodeID":"1365008","text":"AudienceMember 20230209QT15: I know the world we're living in","type":"L","timestamp":"2023-11-09 14:32:24"},{"nodeID":"1365009","text":"Analysing","type":"YA","timestamp":"2023-11-09 14:32:24"},{"nodeID":"1365010","text":"Anon: AudienceMember 20230209QT15: I know the world we're living in","type":"L","timestamp":"2023-11-09 14:32:24"},{"nodeID":"1365011","text":"Asserting","type":"YA","timestamp":"2023-11-09 14:32:24"},{"nodeID":"1365012","text":"Default Transition","type":"TA","timestamp":"2023-11-09 14:32:24"},{"nodeID":"1365013","text":"Default Inference","type":"RA","timestamp":"2023-11-09 14:32:24"},{"nodeID":"1365014","text":"Arguing","type":"YA","timestamp":"2023-11-09 14:32:24"},{"nodeID":"1365015","text":"the Bank of England is trying to get the interest rates back down again to a manageable level","type":"I","timestamp":"2023-11-09 14:32:24"},{"nodeID":"1365016","text":"AudienceMember 20230209QT15:  the Bank of England is trying to get the interest rates back down again to a manageable level","type":"L","timestamp":"2023-11-09 14:32:24"},{"nodeID":"1365017","text":"Analysing","type":"YA","timestamp":"2023-11-09 14:32:24"},{"nodeID":"1365018","text":"Anon: AudienceMember 20230209QT15:  the Bank of England is trying to get the interest rates back down again to a manageable level","type":"L","timestamp":"2023-11-09 14:32:24"},{"nodeID":"1365019","text":"Asserting","type":"YA","timestamp":"2023-11-09 14:32:24"},{"nodeID":"1365020","text":"the Bank of England trying to get the interest rates back down again to a manageable level leaves an unfair advantage to the private sector","type":"I","timestamp":"2023-11-09 14:32:25"},{"nodeID":"1365021","text":"AudienceMember 20230209QT15:  that leaves an unfair advantage to the private sector","type":"L","timestamp":"2023-11-09 14:32:25"},{"nodeID":"1365022","text":"Analysing","type":"YA","timestamp":"2023-11-09 14:32:25"},{"nodeID":"1365023","text":"Anon: AudienceMember 20230209QT15:  that leaves an unfair advantage to the private sector","type":"L","timestamp":"2023-11-09 14:32:25"},{"nodeID":"1365024","text":"Asserting","type":"YA","timestamp":"2023-11-09 14:32:25"},{"nodeID":"1365025","text":"Default Rephrase","type":"MA","timestamp":"2023-11-09 14:32:25"},{"nodeID":"1365026","text":"Default Transition","type":"TA","timestamp":"2023-11-09 14:32:25"},{"nodeID":"1365027","text":"Restating","type":"YA","timestamp":"2023-11-09 14:32:25"},{"nodeID":"1365028","text":"Default Transition","type":"TA","timestamp":"2023-11-09 14:32:25"},{"nodeID":"1365029","text":"Default Inference","type":"RA","timestamp":"2023-11-09 14:32:25"},{"nodeID":"1365030","text":"Arguing","type":"YA","timestamp":"2023-11-09 14:32:25"},{"nodeID":"1365031","text":"Default Inference","type":"RA","timestamp":"2023-11-09 14:32:25"},{"nodeID":"1365032","text":"Arguing","type":"YA","timestamp":"2023-11-09 14:32:25"},{"nodeID":"1365033","text":"Default Inference","type":"RA","timestamp":"2023-11-09 14:32:25"},{"nodeID":"1365034","text":"Arguing","type":"YA","timestamp":"2023-11-09 14:32:25"}],"edges":[{"edgeID":"1785992","fromID":"1364848","toID":"1364847","formEdgeID":null},{"edgeID":"1785993","fromID":"1364849","toID":"1364848","formEdgeID":null},{"edgeID":"1785994","fromID":"1364847","toID":"1364850","formEdgeID":null},{"edgeID":"1785995","fromID":"1364850","toID":"1364846","formEdgeID":null},{"edgeID":"1785996","fromID":"1364853","toID":"1364852","formEdgeID":null},{"edgeID":"1785997","fromID":"1364854","toID":"1364853","formEdgeID":null},{"edgeID":"1785998","fromID":"1364852","toID":"1364855","formEdgeID":null},{"edgeID":"1785999","fromID":"1364855","toID":"1364851","formEdgeID":null},{"edgeID":"1786000","fromID":"1364847","toID":"1364856","formEdgeID":null},{"edgeID":"1786001","fromID":"1364856","toID":"1364852","formEdgeID":null},{"edgeID":"1786002","fromID":"1364859","toID":"1364858","formEdgeID":null},{"edgeID":"1786003","fromID":"1364860","toID":"1364859","formEdgeID":null},{"edgeID":"1786004","fromID":"1364858","toID":"1364861","formEdgeID":null},{"edgeID":"1786005","fromID":"1364861","toID":"1364857","formEdgeID":null},{"edgeID":"1786006","fromID":"1364852","toID":"1364862","formEdgeID":null},{"edgeID":"1786007","fromID":"1364862","toID":"1364858","formEdgeID":null},{"edgeID":"1786008","fromID":"1364865","toID":"1364864","formEdgeID":null},{"edgeID":"1786009","fromID":"1364866","toID":"1364865","formEdgeID":null},{"edgeID":"1786010","fromID":"1364864","toID":"1364867","formEdgeID":null},{"edgeID":"1786011","fromID":"1364867","toID":"1364863","formEdgeID":null},{"edgeID":"1786012","fromID":"1364858","toID":"1364868","formEdgeID":null},{"edgeID":"1786013","fromID":"1364868","toID":"1364864","formEdgeID":null},{"edgeID":"1786014","fromID":"1364871","toID":"1364870","formEdgeID":null},{"edgeID":"1786015","fromID":"1364872","toID":"1364871","formEdgeID":null},{"edgeID":"1786016","fromID":"1364870","toID":"1364873","formEdgeID":null},{"edgeID":"1786017","fromID":"1364873","toID":"1364869","formEdgeID":null},{"edgeID":"1786018","fromID":"1364864","toID":"1364874","formEdgeID":null},{"edgeID":"1786019","fromID":"1364874","toID":"1364870","formEdgeID":null},{"edgeID":"1786020","fromID":"1364877","toID":"1364876","formEdgeID":null},{"edgeID":"1786021","fromID":"1364878","toID":"1364877","formEdgeID":null},{"edgeID":"1786022","fromID":"1364876","toID":"1364879","formEdgeID":null},{"edgeID":"1786023","fromID":"1364879","toID":"1364875","formEdgeID":null},{"edgeID":"1786024","fromID":"1364870","toID":"1364880","formEdgeID":null},{"edgeID":"1786025","fromID":"1364880","toID":"1364876","formEdgeID":null},{"edgeID":"1786026","fromID":"1364883","toID":"1364882","formEdgeID":null},{"edgeID":"1786027","fromID":"1364884","toID":"1364883","formEdgeID":null},{"edgeID":"1786028","fromID":"1364882","toID":"1364885","formEdgeID":null},{"edgeID":"1786029","fromID":"1364885","toID":"1364881","formEdgeID":null},{"edgeID":"1786030","fromID":"1364888","toID":"1364887","formEdgeID":null},{"edgeID":"1786031","fromID":"1364889","toID":"1364888","formEdgeID":null},{"edgeID":"1786032","fromID":"1364887","toID":"1364890","formEdgeID":null},{"edgeID":"1786033","fromID":"1364890","toID":"1364886","formEdgeID":null},{"edgeID":"1786034","fromID":"1364893","toID":"1364892","formEdgeID":null},{"edgeID":"1786035","fromID":"1364894","toID":"1364893","formEdgeID":null},{"edgeID":"1786036","fromID":"1364892","toID":"1364895","formEdgeID":null},{"edgeID":"1786037","fromID":"1364895","toID":"1364891","formEdgeID":null},{"edgeID":"1786038","fromID":"1364898","toID":"1364897","formEdgeID":null},{"edgeID":"1786039","fromID":"1364899","toID":"1364898","formEdgeID":null},{"edgeID":"1786040","fromID":"1364897","toID":"1364900","formEdgeID":null},{"edgeID":"1786041","fromID":"1364900","toID":"1364896","formEdgeID":null},{"edgeID":"1786042","fromID":"1364891","toID":"1364901","formEdgeID":null},{"edgeID":"1786043","fromID":"1364901","toID":"1364896","formEdgeID":null},{"edgeID":"1786044","fromID":"1364892","toID":"1364902","formEdgeID":null},{"edgeID":"1786045","fromID":"1364902","toID":"1364897","formEdgeID":null},{"edgeID":"1786046","fromID":"1364902","toID":"1364903","formEdgeID":null},{"edgeID":"1786047","fromID":"1364903","toID":"1364901","formEdgeID":null},{"edgeID":"1786048","fromID":"1364887","toID":"1364904","formEdgeID":null},{"edgeID":"1786049","fromID":"1364904","toID":"1364897","formEdgeID":null},{"edgeID":"1786050","fromID":"1364886","toID":"1364905","formEdgeID":null},{"edgeID":"1786051","fromID":"1364905","toID":"1364881","formEdgeID":null},{"edgeID":"1786052","fromID":"1364887","toID":"1364906","formEdgeID":null},{"edgeID":"1786053","fromID":"1364906","toID":"1364882","formEdgeID":null},{"edgeID":"1786054","fromID":"1364906","toID":"1364907","formEdgeID":null},{"edgeID":"1786055","fromID":"1364907","toID":"1364905","formEdgeID":null},{"edgeID":"1786056","fromID":"1364863","toID":"1364908","formEdgeID":null},{"edgeID":"1786057","fromID":"1364908","toID":"1364869","formEdgeID":null},{"edgeID":"1786058","fromID":"1364874","toID":"1364909","formEdgeID":null},{"edgeID":"1786059","fromID":"1364909","toID":"1364908","formEdgeID":null},{"edgeID":"1786060","fromID":"1364875","toID":"1364910","formEdgeID":null},{"edgeID":"1786061","fromID":"1364910","toID":"1364869","formEdgeID":null},{"edgeID":"1786062","fromID":"1364880","toID":"1364911","formEdgeID":null},{"edgeID":"1786063","fromID":"1364911","toID":"1364910","formEdgeID":null},{"edgeID":"1786064","fromID":"1364881","toID":"1364912","formEdgeID":null},{"edgeID":"1786065","fromID":"1364912","toID":"1364875","formEdgeID":null},{"edgeID":"1786066","fromID":"1364876","toID":"1364913","formEdgeID":null},{"edgeID":"1786067","fromID":"1364913","toID":"1364882","formEdgeID":null},{"edgeID":"1786068","fromID":"1364913","toID":"1364914","formEdgeID":null},{"edgeID":"1786069","fromID":"1364914","toID":"1364912","formEdgeID":null},{"edgeID":"1786070","fromID":"1364917","toID":"1364916","formEdgeID":null},{"edgeID":"1786071","fromID":"1364918","toID":"1364917","formEdgeID":null},{"edgeID":"1786072","fromID":"1364916","toID":"1364919","formEdgeID":null},{"edgeID":"1786073","fromID":"1364919","toID":"1364915","formEdgeID":null},{"edgeID":"1786074","fromID":"1364858","toID":"1364920","formEdgeID":null},{"edgeID":"1786075","fromID":"1364920","toID":"1364870","formEdgeID":null},{"edgeID":"1786076","fromID":"1364858","toID":"1364921","formEdgeID":null},{"edgeID":"1786077","fromID":"1364921","toID":"1364876","formEdgeID":null},{"edgeID":"1786078","fromID":"1364858","toID":"1364922","formEdgeID":null},{"edgeID":"1786079","fromID":"1364922","toID":"1364882","formEdgeID":null},{"edgeID":"1786080","fromID":"1364881","toID":"1364923","formEdgeID":null},{"edgeID":"1786081","fromID":"1364923","toID":"1364857","formEdgeID":null},{"edgeID":"1786082","fromID":"1364869","toID":"1364923","formEdgeID":null},{"edgeID":"1786083","fromID":"1364875","toID":"1364923","formEdgeID":null},{"edgeID":"1786084","fromID":"1364922","toID":"1364924","formEdgeID":null},{"edgeID":"1786085","fromID":"1364924","toID":"1364923","formEdgeID":null},{"edgeID":"1786086","fromID":"1364858","toID":"1364925","formEdgeID":null},{"edgeID":"1786087","fromID":"1364925","toID":"1364916","formEdgeID":null},{"edgeID":"1786088","fromID":"1364857","toID":"1364926","formEdgeID":null},{"edgeID":"1786089","fromID":"1364926","toID":"1364915","formEdgeID":null},{"edgeID":"1786090","fromID":"1364925","toID":"1364927","formEdgeID":null},{"edgeID":"1786091","fromID":"1364927","toID":"1364926","formEdgeID":null},{"edgeID":"1786092","fromID":"1364847","toID":"1364928","formEdgeID":null},{"edgeID":"1786093","fromID":"1364928","toID":"1364916","formEdgeID":null},{"edgeID":"1786094","fromID":"1364915","toID":"1364929","formEdgeID":null},{"edgeID":"1786095","fromID":"1364929","toID":"1364846","formEdgeID":null},{"edgeID":"1786096","fromID":"1364928","toID":"1364930","formEdgeID":null},{"edgeID":"1786097","fromID":"1364930","toID":"1364929","formEdgeID":null},{"edgeID":"1786098","fromID":"1364933","toID":"1364932","formEdgeID":null},{"edgeID":"1786099","fromID":"1364934","toID":"1364933","formEdgeID":null},{"edgeID":"1786100","fromID":"1364932","toID":"1364935","formEdgeID":null},{"edgeID":"1786101","fromID":"1364935","toID":"1364931","formEdgeID":null},{"edgeID":"1786102","fromID":"1364916","toID":"1364936","formEdgeID":null},{"edgeID":"1786103","fromID":"1364936","toID":"1364932","formEdgeID":null},{"edgeID":"1786104","fromID":"1364939","toID":"1364938","formEdgeID":null},{"edgeID":"1786105","fromID":"1364940","toID":"1364939","formEdgeID":null},{"edgeID":"1786106","fromID":"1364938","toID":"1364941","formEdgeID":null},{"edgeID":"1786107","fromID":"1364941","toID":"1364937","formEdgeID":null},{"edgeID":"1786108","fromID":"1364932","toID":"1364942","formEdgeID":null},{"edgeID":"1786109","fromID":"1364942","toID":"1364938","formEdgeID":null},{"edgeID":"1786110","fromID":"1364945","toID":"1364944","formEdgeID":null},{"edgeID":"1786111","fromID":"1364946","toID":"1364945","formEdgeID":null},{"edgeID":"1786112","fromID":"1364944","toID":"1364947","formEdgeID":null},{"edgeID":"1786113","fromID":"1364947","toID":"1364943","formEdgeID":null},{"edgeID":"1786114","fromID":"1364938","toID":"1364948","formEdgeID":null},{"edgeID":"1786115","fromID":"1364948","toID":"1364944","formEdgeID":null},{"edgeID":"1786116","fromID":"1364943","toID":"1364949","formEdgeID":null},{"edgeID":"1786117","fromID":"1364949","toID":"1364937","formEdgeID":null},{"edgeID":"1786118","fromID":"1364948","toID":"1364950","formEdgeID":null},{"edgeID":"1786119","fromID":"1364950","toID":"1364949","formEdgeID":null},{"edgeID":"1786120","fromID":"1364953","toID":"1364952","formEdgeID":null},{"edgeID":"1786121","fromID":"1364954","toID":"1364953","formEdgeID":null},{"edgeID":"1786122","fromID":"1364952","toID":"1364955","formEdgeID":null},{"edgeID":"1786123","fromID":"1364955","toID":"1364951","formEdgeID":null},{"edgeID":"1786124","fromID":"1364858","toID":"1364956","formEdgeID":null},{"edgeID":"1786125","fromID":"1364956","toID":"1364944","formEdgeID":null},{"edgeID":"1786126","fromID":"1364959","toID":"1364958","formEdgeID":null},{"edgeID":"1786127","fromID":"1364960","toID":"1364959","formEdgeID":null},{"edgeID":"1786128","fromID":"1364958","toID":"1364961","formEdgeID":null},{"edgeID":"1786129","fromID":"1364961","toID":"1364957","formEdgeID":null},{"edgeID":"1786130","fromID":"1364944","toID":"1364962","formEdgeID":null},{"edgeID":"1786131","fromID":"1364962","toID":"1364952","formEdgeID":null},{"edgeID":"1786132","fromID":"1364932","toID":"1364963","formEdgeID":null},{"edgeID":"1786133","fromID":"1364963","toID":"1364958","formEdgeID":null},{"edgeID":"1786134","fromID":"1364957","toID":"1364964","formEdgeID":null},{"edgeID":"1786135","fromID":"1364964","toID":"1364931","formEdgeID":null},{"edgeID":"1786136","fromID":"1364963","toID":"1364965","formEdgeID":null},{"edgeID":"1786137","fromID":"1364965","toID":"1364964","formEdgeID":null},{"edgeID":"1786138","fromID":"1364968","toID":"1364967","formEdgeID":null},{"edgeID":"1786139","fromID":"1364969","toID":"1364968","formEdgeID":null},{"edgeID":"1786140","fromID":"1364967","toID":"1364970","formEdgeID":null},{"edgeID":"1786141","fromID":"1364970","toID":"1364966","formEdgeID":null},{"edgeID":"1786142","fromID":"1364966","toID":"1364971","formEdgeID":null},{"edgeID":"1786143","fromID":"1364971","toID":"1364957","formEdgeID":null},{"edgeID":"1786144","fromID":"1364958","toID":"1364972","formEdgeID":null},{"edgeID":"1786145","fromID":"1364972","toID":"1364967","formEdgeID":null},{"edgeID":"1786146","fromID":"1364972","toID":"1364973","formEdgeID":null},{"edgeID":"1786147","fromID":"1364973","toID":"1364971","formEdgeID":null},{"edgeID":"1786148","fromID":"1364976","toID":"1364975","formEdgeID":null},{"edgeID":"1786149","fromID":"1364977","toID":"1364976","formEdgeID":null},{"edgeID":"1786150","fromID":"1364975","toID":"1364978","formEdgeID":null},{"edgeID":"1786151","fromID":"1364978","toID":"1364974","formEdgeID":null},{"edgeID":"1786152","fromID":"1364967","toID":"1364979","formEdgeID":null},{"edgeID":"1786153","fromID":"1364979","toID":"1364975","formEdgeID":null},{"edgeID":"1786154","fromID":"1364974","toID":"1364980","formEdgeID":null},{"edgeID":"1786155","fromID":"1364980","toID":"1364966","formEdgeID":null},{"edgeID":"1786156","fromID":"1364979","toID":"1364981","formEdgeID":null},{"edgeID":"1786157","fromID":"1364981","toID":"1364980","formEdgeID":null},{"edgeID":"1786158","fromID":"1364984","toID":"1364983","formEdgeID":null},{"edgeID":"1786159","fromID":"1364985","toID":"1364984","formEdgeID":null},{"edgeID":"1786160","fromID":"1364983","toID":"1364986","formEdgeID":null},{"edgeID":"1786161","fromID":"1364986","toID":"1364982","formEdgeID":null},{"edgeID":"1786162","fromID":"1364847","toID":"1364987","formEdgeID":null},{"edgeID":"1786163","fromID":"1364987","toID":"1364983","formEdgeID":null},{"edgeID":"1786164","fromID":"1364982","toID":"1364988","formEdgeID":null},{"edgeID":"1786165","fromID":"1364988","toID":"1364846","formEdgeID":null},{"edgeID":"1786166","fromID":"1364987","toID":"1364989","formEdgeID":null},{"edgeID":"1786167","fromID":"1364989","toID":"1364988","formEdgeID":null},{"edgeID":"1786168","fromID":"1364992","toID":"1364991","formEdgeID":null},{"edgeID":"1786169","fromID":"1364993","toID":"1364992","formEdgeID":null},{"edgeID":"1786170","fromID":"1364991","toID":"1364994","formEdgeID":null},{"edgeID":"1786171","fromID":"1364994","toID":"1364990","formEdgeID":null},{"edgeID":"1786172","fromID":"1364847","toID":"1364995","formEdgeID":null},{"edgeID":"1786173","fromID":"1364995","toID":"1364858","formEdgeID":null},{"edgeID":"1786174","fromID":"1364857","toID":"1364996","formEdgeID":null},{"edgeID":"1786175","fromID":"1364996","toID":"1364846","formEdgeID":null},{"edgeID":"1786176","fromID":"1364995","toID":"1364997","formEdgeID":null},{"edgeID":"1786177","fromID":"1364997","toID":"1364996","formEdgeID":null},{"edgeID":"1786178","fromID":"1364858","toID":"1364998","formEdgeID":null},{"edgeID":"1786179","fromID":"1364998","toID":"1364991","formEdgeID":null},{"edgeID":"1786180","fromID":"1364990","toID":"1364999","formEdgeID":null},{"edgeID":"1786181","fromID":"1364999","toID":"1364846","formEdgeID":null},{"edgeID":"1786182","fromID":"1364998","toID":"1365000","formEdgeID":null},{"edgeID":"1786183","fromID":"1365000","toID":"1364999","formEdgeID":null},{"edgeID":"1786184","fromID":"1365003","toID":"1365002","formEdgeID":null},{"edgeID":"1786185","fromID":"1365004","toID":"1365003","formEdgeID":null},{"edgeID":"1786186","fromID":"1365002","toID":"1365005","formEdgeID":null},{"edgeID":"1786187","fromID":"1365005","toID":"1365001","formEdgeID":null},{"edgeID":"1786188","fromID":"1364991","toID":"1365006","formEdgeID":null},{"edgeID":"1786189","fromID":"1365006","toID":"1365002","formEdgeID":null},{"edgeID":"1786190","fromID":"1365009","toID":"1365008","formEdgeID":null},{"edgeID":"1786191","fromID":"1365010","toID":"1365009","formEdgeID":null},{"edgeID":"1786192","fromID":"1365008","toID":"1365011","formEdgeID":null},{"edgeID":"1786193","fromID":"1365011","toID":"1365007","formEdgeID":null},{"edgeID":"1786194","fromID":"1365002","toID":"1365012","formEdgeID":null},{"edgeID":"1786195","fromID":"1365012","toID":"1365008","formEdgeID":null},{"edgeID":"1786196","fromID":"1365007","toID":"1365013","formEdgeID":null},{"edgeID":"1786197","fromID":"1365013","toID":"1365001","formEdgeID":null},{"edgeID":"1786198","fromID":"1365012","toID":"1365014","formEdgeID":null},{"edgeID":"1786199","fromID":"1365014","toID":"1365013","formEdgeID":null},{"edgeID":"1786200","fromID":"1365017","toID":"1365016","formEdgeID":null},{"edgeID":"1786201","fromID":"1365018","toID":"1365017","formEdgeID":null},{"edgeID":"1786202","fromID":"1365016","toID":"1365019","formEdgeID":null},{"edgeID":"1786203","fromID":"1365019","toID":"1365015","formEdgeID":null},{"edgeID":"1786204","fromID":"1365022","toID":"1365021","formEdgeID":null},{"edgeID":"1786205","fromID":"1365023","toID":"1365022","formEdgeID":null},{"edgeID":"1786206","fromID":"1365021","toID":"1365024","formEdgeID":null},{"edgeID":"1786207","fromID":"1365024","toID":"1365020","formEdgeID":null},{"edgeID":"1786208","fromID":"1365020","toID":"1365025","formEdgeID":null},{"edgeID":"1786209","fromID":"1365025","toID":"1365015","formEdgeID":null},{"edgeID":"1786210","fromID":"1365016","toID":"1365026","formEdgeID":null},{"edgeID":"1786211","fromID":"1365026","toID":"1365021","formEdgeID":null},{"edgeID":"1786212","fromID":"1365026","toID":"1365027","formEdgeID":null},{"edgeID":"1786213","fromID":"1365027","toID":"1365025","formEdgeID":null},{"edgeID":"1786214","fromID":"1365008","toID":"1365028","formEdgeID":null},{"edgeID":"1786215","fromID":"1365028","toID":"1365021","formEdgeID":null},{"edgeID":"1786216","fromID":"1365020","toID":"1365029","formEdgeID":null},{"edgeID":"1786217","fromID":"1365029","toID":"1365007","formEdgeID":null},{"edgeID":"1786218","fromID":"1365028","toID":"1365030","formEdgeID":null},{"edgeID":"1786219","fromID":"1365030","toID":"1365029","formEdgeID":null},{"edgeID":"1786220","fromID":"1364896","toID":"1365031","formEdgeID":null},{"edgeID":"1786221","fromID":"1365031","toID":"1364886","formEdgeID":null},{"edgeID":"1786222","fromID":"1364904","toID":"1365032","formEdgeID":null},{"edgeID":"1786223","fromID":"1365032","toID":"1365031","formEdgeID":null},{"edgeID":"1786224","fromID":"1364943","toID":"1365033","formEdgeID":null},{"edgeID":"1786225","fromID":"1365033","toID":"1364857","formEdgeID":null},{"edgeID":"1786226","fromID":"1364956","toID":"1365034","formEdgeID":null},{"edgeID":"1786227","fromID":"1365034","toID":"1365033","formEdgeID":null}],"locutions":[]}