{"nodes":[{"nodeID":"1381861","text":"last year Shell paid out 5 billion pounds to their shareholders","type":"I","timestamp":"2023-11-09 14:56:13"},{"nodeID":"1381862","text":"AudienceMember 20230209QT35: Last year Shell paid out 5 billion pounds to their shareholders","type":"L","timestamp":"2023-11-09 14:56:13"},{"nodeID":"1381863","text":"Analysing","type":"YA","timestamp":"2023-11-09 14:56:13"},{"nodeID":"1381864","text":"Anon: AudienceMember 20230209QT35: Last year Shell paid out 5 billion pounds to their shareholders","type":"L","timestamp":"2023-11-09 14:56:13"},{"nodeID":"1381865","text":"Asserting","type":"YA","timestamp":"2023-11-09 14:56:13"},{"nodeID":"1381866","text":"5 billion pounds is more money than has been invested in renewable energy","type":"I","timestamp":"2023-11-09 14:56:13"},{"nodeID":"1381867","text":"AudienceMember 20230209QT35: That's more money than invested in renewable energy","type":"L","timestamp":"2023-11-09 14:56:13"},{"nodeID":"1381868","text":"Analysing","type":"YA","timestamp":"2023-11-09 14:56:13"},{"nodeID":"1381869","text":"Anon: AudienceMember 20230209QT35: That's more money than invested in renewable energy","type":"L","timestamp":"2023-11-09 14:56:13"},{"nodeID":"1381870","text":"Asserting","type":"YA","timestamp":"2023-11-09 14:56:13"},{"nodeID":"1381871","text":"Default Rephrase","type":"MA","timestamp":"2023-11-09 14:56:13"},{"nodeID":"1381872","text":"Default Transition","type":"TA","timestamp":"2023-11-09 14:56:13"},{"nodeID":"1381873","text":"Restating","type":"YA","timestamp":"2023-11-09 14:56:13"},{"nodeID":"1381874","text":"we are allowing these huge multi-national companies to pay so much money to shareholders and not invest it back into people in the UK","type":"I","timestamp":"2023-11-09 14:56:14"},{"nodeID":"1381875","text":"AudienceMember 20230209QT35: Why are we allowing these huge multi-national companies to pay so much money to shareholders and not invest it back into people in the UK","type":"L","timestamp":"2023-11-09 14:56:14"},{"nodeID":"1381876","text":"Analysing","type":"YA","timestamp":"2023-11-09 14:56:14"},{"nodeID":"1381877","text":"Anon: AudienceMember 20230209QT35: Why are we allowing these huge multi-national companies to pay so much money to shareholders and not invest it back into people in the UK","type":"L","timestamp":"2023-11-09 14:56:14"},{"nodeID":"1381878","text":"Rhetorical Questioning","type":"YA","timestamp":"2023-11-09 14:56:14"},{"nodeID":"1381879","text":"Default Inference","type":"RA","timestamp":"2023-11-09 14:56:14"},{"nodeID":"1381880","text":"Default Transition","type":"TA","timestamp":"2023-11-09 14:56:14"},{"nodeID":"1381881","text":"Arguing","type":"YA","timestamp":"2023-11-09 14:56:14"},{"nodeID":"1381882","text":"multi-national companies paying so much money to shareholders and not investing it back into people in the UK is just really wrong","type":"I","timestamp":"2023-11-09 14:56:14"},{"nodeID":"1381883","text":"AudienceMember 20230209QT35: It is just really wrong","type":"L","timestamp":"2023-11-09 14:56:14"},{"nodeID":"1381884","text":"Analysing","type":"YA","timestamp":"2023-11-09 14:56:14"},{"nodeID":"1381885","text":"Anon: AudienceMember 20230209QT35: It is just really wrong","type":"L","timestamp":"2023-11-09 14:56:14"},{"nodeID":"1381886","text":"Asserting","type":"YA","timestamp":"2023-11-09 14:56:14"},{"nodeID":"1381887","text":"Default Rephrase","type":"MA","timestamp":"2023-11-09 14:56:14"},{"nodeID":"1381888","text":"Default Transition","type":"TA","timestamp":"2023-11-09 14:56:14"},{"nodeID":"1381889","text":"Restating","type":"YA","timestamp":"2023-11-09 14:56:14"},{"nodeID":"1381890","text":"AudienceMember 20230209QT36 noticed the comment about the SNP and independence","type":"I","timestamp":"2023-11-09 14:56:15"},{"nodeID":"1381891","text":"AudienceMember 20230209QT36: I noticed the comment about the SNP and independence","type":"L","timestamp":"2023-11-09 14:56:15"},{"nodeID":"1381892","text":"Analysing","type":"YA","timestamp":"2023-11-09 14:56:15"},{"nodeID":"1381893","text":"Anon: AudienceMember 20230209QT36: I noticed the comment about the SNP and independence","type":"L","timestamp":"2023-11-09 14:56:15"},{"nodeID":"1381894","text":"Asserting","type":"YA","timestamp":"2023-11-09 14:56:15"},{"nodeID":"1381895","text":"Default Transition","type":"TA","timestamp":"2023-11-09 14:56:15"},{"nodeID":"1381896","text":"we would all be much better","type":"I","timestamp":"2023-11-09 14:56:16"},{"nodeID":"1381897","text":"AudienceMember 20230209QT36:  we would all be much better","type":"L","timestamp":"2023-11-09 14:56:16"},{"nodeID":"1381898","text":"Analysing","type":"YA","timestamp":"2023-11-09 14:56:16"},{"nodeID":"1381899","text":"Anon: AudienceMember 20230209QT36:  we would all be much better","type":"L","timestamp":"2023-11-09 14:56:16"},{"nodeID":"1381900","text":"Asserting","type":"YA","timestamp":"2023-11-09 14:56:16"},{"nodeID":"1381901","text":"Default Transition","type":"TA","timestamp":"2023-11-09 14:56:16"},{"nodeID":"1381902","text":"we've had conversations about strikes, all the challenges in the economy, the NHS, health, education","type":"I","timestamp":"2023-11-09 14:56:16"},{"nodeID":"1381903","text":"AudienceMember 20230209QT36: the conversations we've had about strikes, all the challenges in the economy, the NHS, health, education","type":"L","timestamp":"2023-11-09 14:56:16"},{"nodeID":"1381904","text":"Analysing","type":"YA","timestamp":"2023-11-09 14:56:16"},{"nodeID":"1381905","text":"Anon: AudienceMember 20230209QT36: the conversations we've had about strikes, all the challenges in the economy, the NHS, health, education","type":"L","timestamp":"2023-11-09 14:56:16"},{"nodeID":"1381906","text":"Asserting","type":"YA","timestamp":"2023-11-09 14:56:16"},{"nodeID":"1381907","text":"it would be nice if the SNP government could focus on strikes, all the challenges in the economy, the NHS, health, education","type":"I","timestamp":"2023-11-09 14:56:17"},{"nodeID":"1381908","text":"AudienceMember 20230209QT36:  it would be nice if the SNP government could focus on that","type":"L","timestamp":"2023-11-09 14:56:17"},{"nodeID":"1381909","text":"Analysing","type":"YA","timestamp":"2023-11-09 14:56:17"},{"nodeID":"1381910","text":"Anon: AudienceMember 20230209QT36:  it would be nice if the SNP government could focus on that","type":"L","timestamp":"2023-11-09 14:56:17"},{"nodeID":"1381911","text":"Asserting","type":"YA","timestamp":"2023-11-09 14:56:17"},{"nodeID":"1381912","text":"Default Transition","type":"TA","timestamp":"2023-11-09 14:56:17"},{"nodeID":"1381913","text":"Default Transition","type":"TA","timestamp":"2023-11-09 14:56:17"},{"nodeID":"1381914","text":"Default Inference","type":"RA","timestamp":"2023-11-09 14:56:17"},{"nodeID":"1381915","text":"Arguing","type":"YA","timestamp":"2023-11-09 14:56:17"},{"nodeID":"1381916","text":"Jenny Gilruth will leave the strikes, all the challenges in the economy, the NHS, health and education to the SNP government","type":"I","timestamp":"2023-11-09 14:56:18"},{"nodeID":"1381917","text":"Jenny Gilruth: I'll leave it to them","type":"L","timestamp":"2023-11-09 14:56:18"},{"nodeID":"1381918","text":"Analysing","type":"YA","timestamp":"2023-11-09 14:56:18"},{"nodeID":"1381919","text":"Anon: Jenny Gilruth: I'll leave it to them","type":"L","timestamp":"2023-11-09 14:56:18"},{"nodeID":"1381920","text":"Asserting","type":"YA","timestamp":"2023-11-09 14:56:18"},{"nodeID":"1381921","text":"Default Rephrase","type":"MA","timestamp":"2023-11-09 14:56:18"},{"nodeID":"1381922","text":"Default Transition","type":"TA","timestamp":"2023-11-09 14:56:18"},{"nodeID":"1381923","text":"Restating","type":"YA","timestamp":"2023-11-09 14:56:18"}],"edges":[{"edgeID":"1806156","fromID":"1381863","toID":"1381862","formEdgeID":null},{"edgeID":"1806157","fromID":"1381864","toID":"1381863","formEdgeID":null},{"edgeID":"1806158","fromID":"1381862","toID":"1381865","formEdgeID":null},{"edgeID":"1806159","fromID":"1381865","toID":"1381861","formEdgeID":null},{"edgeID":"1806160","fromID":"1381868","toID":"1381867","formEdgeID":null},{"edgeID":"1806161","fromID":"1381869","toID":"1381868","formEdgeID":null},{"edgeID":"1806162","fromID":"1381867","toID":"1381870","formEdgeID":null},{"edgeID":"1806163","fromID":"1381870","toID":"1381866","formEdgeID":null},{"edgeID":"1806164","fromID":"1381866","toID":"1381871","formEdgeID":null},{"edgeID":"1806165","fromID":"1381871","toID":"1381861","formEdgeID":null},{"edgeID":"1806166","fromID":"1381862","toID":"1381872","formEdgeID":null},{"edgeID":"1806167","fromID":"1381872","toID":"1381867","formEdgeID":null},{"edgeID":"1806168","fromID":"1381872","toID":"1381873","formEdgeID":null},{"edgeID":"1806169","fromID":"1381873","toID":"1381871","formEdgeID":null},{"edgeID":"1806170","fromID":"1381876","toID":"1381875","formEdgeID":null},{"edgeID":"1806171","fromID":"1381877","toID":"1381876","formEdgeID":null},{"edgeID":"1806172","fromID":"1381875","toID":"1381878","formEdgeID":null},{"edgeID":"1806173","fromID":"1381878","toID":"1381874","formEdgeID":null},{"edgeID":"1806174","fromID":"1381861","toID":"1381879","formEdgeID":null},{"edgeID":"1806175","fromID":"1381879","toID":"1381874","formEdgeID":null},{"edgeID":"1806176","fromID":"1381862","toID":"1381880","formEdgeID":null},{"edgeID":"1806177","fromID":"1381880","toID":"1381875","formEdgeID":null},{"edgeID":"1806178","fromID":"1381880","toID":"1381881","formEdgeID":null},{"edgeID":"1806179","fromID":"1381881","toID":"1381879","formEdgeID":null},{"edgeID":"1806180","fromID":"1381884","toID":"1381883","formEdgeID":null},{"edgeID":"1806181","fromID":"1381885","toID":"1381884","formEdgeID":null},{"edgeID":"1806182","fromID":"1381883","toID":"1381886","formEdgeID":null},{"edgeID":"1806183","fromID":"1381886","toID":"1381882","formEdgeID":null},{"edgeID":"1806184","fromID":"1381882","toID":"1381887","formEdgeID":null},{"edgeID":"1806185","fromID":"1381887","toID":"1381874","formEdgeID":null},{"edgeID":"1806186","fromID":"1381875","toID":"1381888","formEdgeID":null},{"edgeID":"1806187","fromID":"1381888","toID":"1381883","formEdgeID":null},{"edgeID":"1806188","fromID":"1381888","toID":"1381889","formEdgeID":null},{"edgeID":"1806189","fromID":"1381889","toID":"1381887","formEdgeID":null},{"edgeID":"1806190","fromID":"1381892","toID":"1381891","formEdgeID":null},{"edgeID":"1806191","fromID":"1381893","toID":"1381892","formEdgeID":null},{"edgeID":"1806192","fromID":"1381891","toID":"1381894","formEdgeID":null},{"edgeID":"1806193","fromID":"1381894","toID":"1381890","formEdgeID":null},{"edgeID":"1806194","fromID":"1381883","toID":"1381895","formEdgeID":null},{"edgeID":"1806195","fromID":"1381895","toID":"1381891","formEdgeID":null},{"edgeID":"1806196","fromID":"1381898","toID":"1381897","formEdgeID":null},{"edgeID":"1806197","fromID":"1381899","toID":"1381898","formEdgeID":null},{"edgeID":"1806198","fromID":"1381897","toID":"1381900","formEdgeID":null},{"edgeID":"1806199","fromID":"1381900","toID":"1381896","formEdgeID":null},{"edgeID":"1806200","fromID":"1381891","toID":"1381901","formEdgeID":null},{"edgeID":"1806201","fromID":"1381901","toID":"1381897","formEdgeID":null},{"edgeID":"1806202","fromID":"1381904","toID":"1381903","formEdgeID":null},{"edgeID":"1806203","fromID":"1381905","toID":"1381904","formEdgeID":null},{"edgeID":"1806204","fromID":"1381903","toID":"1381906","formEdgeID":null},{"edgeID":"1806205","fromID":"1381906","toID":"1381902","formEdgeID":null},{"edgeID":"1806206","fromID":"1381909","toID":"1381908","formEdgeID":null},{"edgeID":"1806207","fromID":"1381910","toID":"1381909","formEdgeID":null},{"edgeID":"1806208","fromID":"1381908","toID":"1381911","formEdgeID":null},{"edgeID":"1806209","fromID":"1381911","toID":"1381907","formEdgeID":null},{"edgeID":"1806210","fromID":"1381897","toID":"1381912","formEdgeID":null},{"edgeID":"1806211","fromID":"1381912","toID":"1381903","formEdgeID":null},{"edgeID":"1806212","fromID":"1381903","toID":"1381913","formEdgeID":null},{"edgeID":"1806213","fromID":"1381913","toID":"1381908","formEdgeID":null},{"edgeID":"1806214","fromID":"1381902","toID":"1381914","formEdgeID":null},{"edgeID":"1806215","fromID":"1381914","toID":"1381907","formEdgeID":null},{"edgeID":"1806216","fromID":"1381913","toID":"1381915","formEdgeID":null},{"edgeID":"1806217","fromID":"1381915","toID":"1381914","formEdgeID":null},{"edgeID":"1806218","fromID":"1381918","toID":"1381917","formEdgeID":null},{"edgeID":"1806219","fromID":"1381919","toID":"1381918","formEdgeID":null},{"edgeID":"1806220","fromID":"1381917","toID":"1381920","formEdgeID":null},{"edgeID":"1806221","fromID":"1381920","toID":"1381916","formEdgeID":null},{"edgeID":"1806222","fromID":"1381916","toID":"1381921","formEdgeID":null},{"edgeID":"1806223","fromID":"1381921","toID":"1381907","formEdgeID":null},{"edgeID":"1806224","fromID":"1381908","toID":"1381922","formEdgeID":null},{"edgeID":"1806225","fromID":"1381922","toID":"1381917","formEdgeID":null},{"edgeID":"1806226","fromID":"1381922","toID":"1381923","formEdgeID":null},{"edgeID":"1806227","fromID":"1381923","toID":"1381921","formEdgeID":null}],"locutions":[]}