{"nodes":[{"nodeID":"1365316","text":"there are bad apples in all walks in life","type":"I","timestamp":"2023-11-09 14:32:52"},{"nodeID":"1365317","text":"India Willoughby: there are bad apples in all walks in life","type":"L","timestamp":"2023-11-09 14:32:52"},{"nodeID":"1365318","text":"Analysing","type":"YA","timestamp":"2023-11-09 14:32:52"},{"nodeID":"1365319","text":"Fyfe: India Willoughby: there are bad apples in all walks in life","type":"L","timestamp":"2023-11-09 14:32:52"},{"nodeID":"1365320","text":"Asserting","type":"YA","timestamp":"2023-11-09 14:32:52"},{"nodeID":"1365321","text":"there are bad Protestants in life","type":"I","timestamp":"2023-11-09 14:32:53"},{"nodeID":"1365322","text":"India Willoughby: there are bad Protestants","type":"L","timestamp":"2023-11-09 14:32:53"},{"nodeID":"1365323","text":"Analysing","type":"YA","timestamp":"2023-11-09 14:32:53"},{"nodeID":"1365324","text":"Fyfe: India Willoughby: there are bad Protestants","type":"L","timestamp":"2023-11-09 14:32:53"},{"nodeID":"1365325","text":"Asserting","type":"YA","timestamp":"2023-11-09 14:32:53"},{"nodeID":"1365326","text":"there are bad Catholics in life","type":"I","timestamp":"2023-11-09 14:32:53"},{"nodeID":"1365327","text":"India Willoughby: bad Catholics","type":"L","timestamp":"2023-11-09 14:32:53"},{"nodeID":"1365328","text":"Analysing","type":"YA","timestamp":"2023-11-09 14:32:53"},{"nodeID":"1365329","text":"Fyfe: India Willoughby: bad Catholics","type":"L","timestamp":"2023-11-09 14:32:53"},{"nodeID":"1365330","text":"Asserting","type":"YA","timestamp":"2023-11-09 14:32:53"},{"nodeID":"1365331","text":"there are bad lesbians in life","type":"I","timestamp":"2023-11-09 14:32:54"},{"nodeID":"1365332","text":"India Willoughby: bad lesbians","type":"L","timestamp":"2023-11-09 14:32:54"},{"nodeID":"1365333","text":"Analysing","type":"YA","timestamp":"2023-11-09 14:32:54"},{"nodeID":"1365334","text":"Fyfe: India Willoughby: bad lesbians","type":"L","timestamp":"2023-11-09 14:32:54"},{"nodeID":"1365335","text":"Asserting","type":"YA","timestamp":"2023-11-09 14:32:54"},{"nodeID":"1365336","text":"there are bad gays in life","type":"I","timestamp":"2023-11-09 14:32:55"},{"nodeID":"1365337","text":"India Willoughby: bad gays","type":"L","timestamp":"2023-11-09 14:32:55"},{"nodeID":"1365338","text":"Analysing","type":"YA","timestamp":"2023-11-09 14:32:55"},{"nodeID":"1365339","text":"Fyfe: India Willoughby: bad gays","type":"L","timestamp":"2023-11-09 14:32:55"},{"nodeID":"1365340","text":"Asserting","type":"YA","timestamp":"2023-11-09 14:32:55"},{"nodeID":"1365341","text":"there are bad trans people in life","type":"I","timestamp":"2023-11-09 14:32:55"},{"nodeID":"1365342","text":"India Willoughby: there are bad trans people","type":"L","timestamp":"2023-11-09 14:32:55"},{"nodeID":"1365343","text":"Analysing","type":"YA","timestamp":"2023-11-09 14:32:55"},{"nodeID":"1365344","text":"Fyfe: India Willoughby: there are bad trans people","type":"L","timestamp":"2023-11-09 14:32:55"},{"nodeID":"1365345","text":"Asserting","type":"YA","timestamp":"2023-11-09 14:32:55"},{"nodeID":"1365346","text":"Default Transition","type":"TA","timestamp":"2023-11-09 14:32:55"},{"nodeID":"1365347","text":"Default Rephrase","type":"MA","timestamp":"2023-11-09 14:32:55"},{"nodeID":"1365348","text":"Default Rephrase","type":"MA","timestamp":"2023-11-09 14:32:55"},{"nodeID":"1365349","text":"Default Rephrase","type":"MA","timestamp":"2023-11-09 14:32:55"},{"nodeID":"1365350","text":"Default Rephrase","type":"MA","timestamp":"2023-11-09 14:32:55"},{"nodeID":"1365351","text":"Default Rephrase","type":"MA","timestamp":"2023-11-09 14:32:55"},{"nodeID":"1365352","text":"Restating","type":"YA","timestamp":"2023-11-09 14:32:55"},{"nodeID":"1365353","text":"Default Transition","type":"TA","timestamp":"2023-11-09 14:32:55"},{"nodeID":"1365354","text":"Default Transition","type":"TA","timestamp":"2023-11-09 14:32:55"},{"nodeID":"1365355","text":"Default Transition","type":"TA","timestamp":"2023-11-09 14:32:55"},{"nodeID":"1365356","text":"Default Transition","type":"TA","timestamp":"2023-11-09 14:32:55"},{"nodeID":"1365357","text":"Restating","type":"YA","timestamp":"2023-11-09 14:32:55"},{"nodeID":"1365358","text":"Restating","type":"YA","timestamp":"2023-11-09 14:32:55"},{"nodeID":"1365359","text":"Restating","type":"YA","timestamp":"2023-11-09 14:32:55"},{"nodeID":"1365360","text":"Restating","type":"YA","timestamp":"2023-11-09 14:32:55"},{"nodeID":"1365361","text":"they do something criminal and are found guilty","type":"I","timestamp":"2023-11-09 14:32:56"},{"nodeID":"1365362","text":"India Willoughby: they do something criminal and are found guilty","type":"L","timestamp":"2023-11-09 14:32:56"},{"nodeID":"1365363","text":"Analysing","type":"YA","timestamp":"2023-11-09 14:32:56"},{"nodeID":"1365364","text":"Fyfe: India Willoughby: they do something criminal and are found guilty","type":"L","timestamp":"2023-11-09 14:32:56"},{"nodeID":"1365365","text":"Asserting","type":"YA","timestamp":"2023-11-09 14:32:56"},{"nodeID":"1365366","text":"Default Transition","type":"TA","timestamp":"2023-11-09 14:32:56"},{"nodeID":"1365367","text":"they deserve to go to jail and to be punished","type":"I","timestamp":"2023-11-09 14:32:56"},{"nodeID":"1365368","text":"India Willoughby: they deserve to go to jail and to be punished","type":"L","timestamp":"2023-11-09 14:32:56"},{"nodeID":"1365369","text":"Analysing","type":"YA","timestamp":"2023-11-09 14:32:56"},{"nodeID":"1365370","text":"Fyfe: India Willoughby: they deserve to go to jail and to be punished","type":"L","timestamp":"2023-11-09 14:32:56"},{"nodeID":"1365371","text":"Asserting","type":"YA","timestamp":"2023-11-09 14:32:56"},{"nodeID":"1365372","text":"Default Transition","type":"TA","timestamp":"2023-11-09 14:32:56"},{"nodeID":"1365373","text":"Default Inference","type":"RA","timestamp":"2023-11-09 14:32:56"},{"nodeID":"1365374","text":"Arguing","type":"YA","timestamp":"2023-11-09 14:32:56"},{"nodeID":"1365375","text":"a jail that is suitable for them and where everybody else is safe","type":"I","timestamp":"2023-11-09 14:32:57"},{"nodeID":"1365376","text":"India Willoughby: a jail that is suitable for them and where everybody else is safe","type":"L","timestamp":"2023-11-09 14:32:57"},{"nodeID":"1365377","text":"Analysing","type":"YA","timestamp":"2023-11-09 14:32:57"},{"nodeID":"1365378","text":"Fyfe: India Willoughby: a jail that is suitable for them and where everybody else is safe","type":"L","timestamp":"2023-11-09 14:32:57"},{"nodeID":"1365379","text":"Asserting","type":"YA","timestamp":"2023-11-09 14:32:57"},{"nodeID":"1365380","text":"Default Transition","type":"TA","timestamp":"2023-11-09 14:32:57"},{"nodeID":"1365381","text":"Default Inference","type":"RA","timestamp":"2023-11-09 14:32:57"},{"nodeID":"1365382","text":"Arguing","type":"YA","timestamp":"2023-11-09 14:32:57"},{"nodeID":"1365383","text":"what you have been subjected to, I'm afraid, over the last couple of weeks, which is now par for the course, is a lot of misinformation by a media that is completely trans phobic","type":"I","timestamp":"2023-11-09 14:32:57"},{"nodeID":"1365384","text":"India Willoughby: What you have been subjected to, I'm afraid, over the last couple of weeks, which is now par for the course, is a lot of misinformation by a media that is completely trans phobic","type":"L","timestamp":"2023-11-09 14:32:57"},{"nodeID":"1365385","text":"Analysing","type":"YA","timestamp":"2023-11-09 14:32:57"},{"nodeID":"1365386","text":"Fyfe: India Willoughby: What you have been subjected to, I'm afraid, over the last couple of weeks, which is now par for the course, is a lot of misinformation by a media that is completely trans phobic","type":"L","timestamp":"2023-11-09 14:32:57"},{"nodeID":"1365387","text":"Asserting","type":"YA","timestamp":"2023-11-09 14:32:57"},{"nodeID":"1365388","text":"Default Transition","type":"TA","timestamp":"2023-11-09 14:32:57"},{"nodeID":"1365389","text":"we have been audited trail of 1,000 plus negative stories a month on 0.5 percent of the population","type":"I","timestamp":"2023-11-09 14:32:58"},{"nodeID":"1365390","text":"India Willoughby: We have been audited trail of 1,000 plus negative stories a month on 0.5 percent of the population","type":"L","timestamp":"2023-11-09 14:32:58"},{"nodeID":"1365391","text":"Analysing","type":"YA","timestamp":"2023-11-09 14:32:58"},{"nodeID":"1365392","text":"Fyfe: India Willoughby: We have been audited trail of 1,000 plus negative stories a month on 0.5 percent of the population","type":"L","timestamp":"2023-11-09 14:32:58"},{"nodeID":"1365393","text":"Asserting","type":"YA","timestamp":"2023-11-09 14:32:58"},{"nodeID":"1365394","text":"Default Transition","type":"TA","timestamp":"2023-11-09 14:32:58"},{"nodeID":"1365395","text":"the number of trans women is not even 0.5 percent of the population","type":"I","timestamp":"2023-11-09 14:32:59"},{"nodeID":"1365396","text":"India Willoughby: It is not even 0.5","type":"L","timestamp":"2023-11-09 14:32:59"},{"nodeID":"1365397","text":"Analysing","type":"YA","timestamp":"2023-11-09 14:32:59"},{"nodeID":"1365398","text":"Fyfe: India Willoughby: It is not even 0.5","type":"L","timestamp":"2023-11-09 14:32:59"},{"nodeID":"1365399","text":"Asserting","type":"YA","timestamp":"2023-11-09 14:32:59"},{"nodeID":"1365400","text":"Default Transition","type":"TA","timestamp":"2023-11-09 14:32:59"},{"nodeID":"1365401","text":"half 0.5 as it is only trans women people are getting upset about","type":"I","timestamp":"2023-11-09 14:32:59"},{"nodeID":"1365402","text":"India Willoughby: half that it is only trans women people are getting upset about","type":"L","timestamp":"2023-11-09 14:32:59"},{"nodeID":"1365403","text":"Analysing","type":"YA","timestamp":"2023-11-09 14:32:59"},{"nodeID":"1365404","text":"Fyfe: India Willoughby: half that it is only trans women people are getting upset about","type":"L","timestamp":"2023-11-09 14:32:59"},{"nodeID":"1365405","text":"Asserting","type":"YA","timestamp":"2023-11-09 14:32:59"},{"nodeID":"1365406","text":"Default Transition","type":"TA","timestamp":"2023-11-09 14:32:59"},{"nodeID":"1365407","text":"Default Rephrase","type":"MA","timestamp":"2023-11-09 14:32:59"},{"nodeID":"1365408","text":"Restating","type":"YA","timestamp":"2023-11-09 14:32:59"},{"nodeID":"1365409","text":"that's 1,000 articles a month on 0.5 percent people","type":"I","timestamp":"2023-11-09 14:33:00"},{"nodeID":"1365410","text":"India Willoughby: That's 1,000 articles a month on 0.5 percent people","type":"L","timestamp":"2023-11-09 14:33:00"},{"nodeID":"1365411","text":"Analysing","type":"YA","timestamp":"2023-11-09 14:33:00"},{"nodeID":"1365412","text":"Fyfe: India Willoughby: That's 1,000 articles a month on 0.5 percent people","type":"L","timestamp":"2023-11-09 14:33:00"},{"nodeID":"1365413","text":"Asserting","type":"YA","timestamp":"2023-11-09 14:33:00"},{"nodeID":"1365414","text":"Default Transition","type":"TA","timestamp":"2023-11-09 14:33:00"},{"nodeID":"1365415","text":"Default Rephrase","type":"MA","timestamp":"2023-11-09 14:33:00"},{"nodeID":"1365416","text":"Default Transition","type":"TA","timestamp":"2023-11-09 14:33:00"},{"nodeID":"1365417","text":"Restating","type":"YA","timestamp":"2023-11-09 14:33:00"},{"nodeID":"1365418","text":"prisoners being put in with women isn't true","type":"I","timestamp":"2023-11-09 14:33:00"},{"nodeID":"1365419","text":"India Willoughby:  prisoners being put in with women isn't true","type":"L","timestamp":"2023-11-09 14:33:00"},{"nodeID":"1365420","text":"Analysing","type":"YA","timestamp":"2023-11-09 14:33:00"},{"nodeID":"1365421","text":"Fyfe: India Willoughby:  prisoners being put in with women isn't true","type":"L","timestamp":"2023-11-09 14:33:00"},{"nodeID":"1365422","text":"Asserting","type":"YA","timestamp":"2023-11-09 14:33:00"},{"nodeID":"1365423","text":"Default Transition","type":"TA","timestamp":"2023-11-09 14:33:00"},{"nodeID":"1365424","text":"trans women prisoners were put in solitary confinement during that time","type":"I","timestamp":"2023-11-09 14:33:01"},{"nodeID":"1365425","text":"India Willoughby: they were put in solitary confinement during that time","type":"L","timestamp":"2023-11-09 14:33:01"},{"nodeID":"1365426","text":"Analysing","type":"YA","timestamp":"2023-11-09 14:33:01"},{"nodeID":"1365427","text":"Fyfe: India Willoughby: they were put in solitary confinement during that time","type":"L","timestamp":"2023-11-09 14:33:01"},{"nodeID":"1365428","text":"Asserting","type":"YA","timestamp":"2023-11-09 14:33:01"},{"nodeID":"1365429","text":"Default Transition","type":"TA","timestamp":"2023-11-09 14:33:01"},{"nodeID":"1365430","text":"Default Inference","type":"RA","timestamp":"2023-11-09 14:33:01"},{"nodeID":"1365431","text":"Arguing","type":"YA","timestamp":"2023-11-09 14:33:01"},{"nodeID":"1365432","text":"trans women prisoners were held on a wing that was available at that point","type":"I","timestamp":"2023-11-09 14:33:02"},{"nodeID":"1365433","text":"India Willoughby: They were held on a wing that was available at that point","type":"L","timestamp":"2023-11-09 14:33:02"},{"nodeID":"1365434","text":"Analysing","type":"YA","timestamp":"2023-11-09 14:33:02"},{"nodeID":"1365435","text":"Fyfe: India Willoughby: They were held on a wing that was available at that point","type":"L","timestamp":"2023-11-09 14:33:02"},{"nodeID":"1365436","text":"Asserting","type":"YA","timestamp":"2023-11-09 14:33:02"},{"nodeID":"1365437","text":"Default Transition","type":"TA","timestamp":"2023-11-09 14:33:02"},{"nodeID":"1365438","text":"Default Rephrase","type":"MA","timestamp":"2023-11-09 14:33:02"},{"nodeID":"1365439","text":"Restating","type":"YA","timestamp":"2023-11-09 14:33:02"},{"nodeID":"1365440","text":"India Willoughby has been to prisons","type":"I","timestamp":"2023-11-09 14:33:02"},{"nodeID":"1365441","text":"India Willoughby: I have been to prisons","type":"L","timestamp":"2023-11-09 14:33:02"},{"nodeID":"1365442","text":"Analysing","type":"YA","timestamp":"2023-11-09 14:33:02"},{"nodeID":"1365443","text":"Fyfe: India Willoughby: I have been to prisons","type":"L","timestamp":"2023-11-09 14:33:02"},{"nodeID":"1365444","text":"Asserting","type":"YA","timestamp":"2023-11-09 14:33:02"},{"nodeID":"1365445","text":"Default Transition","type":"TA","timestamp":"2023-11-09 14:33:02"},{"nodeID":"1365446","text":"India Willoughby knows how the system works","type":"I","timestamp":"2023-11-09 14:33:03"},{"nodeID":"1365447","text":"India Willoughby: I know how the system works","type":"L","timestamp":"2023-11-09 14:33:03"},{"nodeID":"1365448","text":"Analysing","type":"YA","timestamp":"2023-11-09 14:33:03"},{"nodeID":"1365449","text":"Fyfe: India Willoughby: I know how the system works","type":"L","timestamp":"2023-11-09 14:33:03"},{"nodeID":"1365450","text":"Asserting","type":"YA","timestamp":"2023-11-09 14:33:03"},{"nodeID":"1365451","text":"Default Transition","type":"TA","timestamp":"2023-11-09 14:33:03"},{"nodeID":"1365452","text":"Default Inference","type":"RA","timestamp":"2023-11-09 14:33:03"},{"nodeID":"1365453","text":"Arguing","type":"YA","timestamp":"2023-11-09 14:33:03"},{"nodeID":"1365454","text":"Default Conflict","type":"CA","timestamp":"2023-11-09 14:33:03"},{"nodeID":"1365455","text":"Disagreeing","type":"YA","timestamp":"2023-11-09 14:33:03"}],"edges":[{"edgeID":"1786588","fromID":"1365318","toID":"1365317","formEdgeID":null},{"edgeID":"1786589","fromID":"1365319","toID":"1365318","formEdgeID":null},{"edgeID":"1786590","fromID":"1365317","toID":"1365320","formEdgeID":null},{"edgeID":"1786591","fromID":"1365320","toID":"1365316","formEdgeID":null},{"edgeID":"1786592","fromID":"1365323","toID":"1365322","formEdgeID":null},{"edgeID":"1786593","fromID":"1365324","toID":"1365323","formEdgeID":null},{"edgeID":"1786594","fromID":"1365322","toID":"1365325","formEdgeID":null},{"edgeID":"1786595","fromID":"1365325","toID":"1365321","formEdgeID":null},{"edgeID":"1786596","fromID":"1365328","toID":"1365327","formEdgeID":null},{"edgeID":"1786597","fromID":"1365329","toID":"1365328","formEdgeID":null},{"edgeID":"1786598","fromID":"1365327","toID":"1365330","formEdgeID":null},{"edgeID":"1786599","fromID":"1365330","toID":"1365326","formEdgeID":null},{"edgeID":"1786600","fromID":"1365333","toID":"1365332","formEdgeID":null},{"edgeID":"1786601","fromID":"1365334","toID":"1365333","formEdgeID":null},{"edgeID":"1786602","fromID":"1365332","toID":"1365335","formEdgeID":null},{"edgeID":"1786603","fromID":"1365335","toID":"1365331","formEdgeID":null},{"edgeID":"1786604","fromID":"1365338","toID":"1365337","formEdgeID":null},{"edgeID":"1786605","fromID":"1365339","toID":"1365338","formEdgeID":null},{"edgeID":"1786606","fromID":"1365337","toID":"1365340","formEdgeID":null},{"edgeID":"1786607","fromID":"1365340","toID":"1365336","formEdgeID":null},{"edgeID":"1786608","fromID":"1365343","toID":"1365342","formEdgeID":null},{"edgeID":"1786609","fromID":"1365344","toID":"1365343","formEdgeID":null},{"edgeID":"1786610","fromID":"1365342","toID":"1365345","formEdgeID":null},{"edgeID":"1786611","fromID":"1365345","toID":"1365341","formEdgeID":null},{"edgeID":"1786612","fromID":"1365317","toID":"1365346","formEdgeID":null},{"edgeID":"1786613","fromID":"1365346","toID":"1365322","formEdgeID":null},{"edgeID":"1786614","fromID":"1365321","toID":"1365347","formEdgeID":null},{"edgeID":"1786615","fromID":"1365347","toID":"1365316","formEdgeID":null},{"edgeID":"1786616","fromID":"1365326","toID":"1365348","formEdgeID":null},{"edgeID":"1786617","fromID":"1365348","toID":"1365316","formEdgeID":null},{"edgeID":"1786618","fromID":"1365331","toID":"1365349","formEdgeID":null},{"edgeID":"1786619","fromID":"1365349","toID":"1365316","formEdgeID":null},{"edgeID":"1786620","fromID":"1365336","toID":"1365350","formEdgeID":null},{"edgeID":"1786621","fromID":"1365350","toID":"1365316","formEdgeID":null},{"edgeID":"1786622","fromID":"1365341","toID":"1365351","formEdgeID":null},{"edgeID":"1786623","fromID":"1365351","toID":"1365316","formEdgeID":null},{"edgeID":"1786624","fromID":"1365346","toID":"1365352","formEdgeID":null},{"edgeID":"1786625","fromID":"1365352","toID":"1365347","formEdgeID":null},{"edgeID":"1786626","fromID":"1365317","toID":"1365353","formEdgeID":null},{"edgeID":"1786627","fromID":"1365353","toID":"1365327","formEdgeID":null},{"edgeID":"1786628","fromID":"1365317","toID":"1365354","formEdgeID":null},{"edgeID":"1786629","fromID":"1365354","toID":"1365332","formEdgeID":null},{"edgeID":"1786630","fromID":"1365317","toID":"1365355","formEdgeID":null},{"edgeID":"1786631","fromID":"1365355","toID":"1365337","formEdgeID":null},{"edgeID":"1786632","fromID":"1365317","toID":"1365356","formEdgeID":null},{"edgeID":"1786633","fromID":"1365356","toID":"1365342","formEdgeID":null},{"edgeID":"1786634","fromID":"1365353","toID":"1365357","formEdgeID":null},{"edgeID":"1786635","fromID":"1365357","toID":"1365348","formEdgeID":null},{"edgeID":"1786636","fromID":"1365354","toID":"1365358","formEdgeID":null},{"edgeID":"1786637","fromID":"1365358","toID":"1365349","formEdgeID":null},{"edgeID":"1786638","fromID":"1365355","toID":"1365359","formEdgeID":null},{"edgeID":"1786639","fromID":"1365359","toID":"1365350","formEdgeID":null},{"edgeID":"1786640","fromID":"1365356","toID":"1365360","formEdgeID":null},{"edgeID":"1786641","fromID":"1365360","toID":"1365351","formEdgeID":null},{"edgeID":"1786642","fromID":"1365363","toID":"1365362","formEdgeID":null},{"edgeID":"1786643","fromID":"1365364","toID":"1365363","formEdgeID":null},{"edgeID":"1786644","fromID":"1365362","toID":"1365365","formEdgeID":null},{"edgeID":"1786645","fromID":"1365365","toID":"1365361","formEdgeID":null},{"edgeID":"1786646","fromID":"1365342","toID":"1365366","formEdgeID":null},{"edgeID":"1786647","fromID":"1365366","toID":"1365362","formEdgeID":null},{"edgeID":"1786648","fromID":"1365369","toID":"1365368","formEdgeID":null},{"edgeID":"1786649","fromID":"1365370","toID":"1365369","formEdgeID":null},{"edgeID":"1786650","fromID":"1365368","toID":"1365371","formEdgeID":null},{"edgeID":"1786651","fromID":"1365371","toID":"1365367","formEdgeID":null},{"edgeID":"1786652","fromID":"1365362","toID":"1365372","formEdgeID":null},{"edgeID":"1786653","fromID":"1365372","toID":"1365368","formEdgeID":null},{"edgeID":"1786654","fromID":"1365361","toID":"1365373","formEdgeID":null},{"edgeID":"1786655","fromID":"1365373","toID":"1365367","formEdgeID":null},{"edgeID":"1786656","fromID":"1365372","toID":"1365374","formEdgeID":null},{"edgeID":"1786657","fromID":"1365374","toID":"1365373","formEdgeID":null},{"edgeID":"1786658","fromID":"1365377","toID":"1365376","formEdgeID":null},{"edgeID":"1786659","fromID":"1365378","toID":"1365377","formEdgeID":null},{"edgeID":"1786660","fromID":"1365376","toID":"1365379","formEdgeID":null},{"edgeID":"1786661","fromID":"1365379","toID":"1365375","formEdgeID":null},{"edgeID":"1786662","fromID":"1365368","toID":"1365380","formEdgeID":null},{"edgeID":"1786663","fromID":"1365380","toID":"1365376","formEdgeID":null},{"edgeID":"1786664","fromID":"1365367","toID":"1365381","formEdgeID":null},{"edgeID":"1786665","fromID":"1365381","toID":"1365375","formEdgeID":null},{"edgeID":"1786666","fromID":"1365380","toID":"1365382","formEdgeID":null},{"edgeID":"1786667","fromID":"1365382","toID":"1365381","formEdgeID":null},{"edgeID":"1786668","fromID":"1365385","toID":"1365384","formEdgeID":null},{"edgeID":"1786669","fromID":"1365386","toID":"1365385","formEdgeID":null},{"edgeID":"1786670","fromID":"1365384","toID":"1365387","formEdgeID":null},{"edgeID":"1786671","fromID":"1365387","toID":"1365383","formEdgeID":null},{"edgeID":"1786672","fromID":"1365376","toID":"1365388","formEdgeID":null},{"edgeID":"1786673","fromID":"1365388","toID":"1365384","formEdgeID":null},{"edgeID":"1786674","fromID":"1365391","toID":"1365390","formEdgeID":null},{"edgeID":"1786675","fromID":"1365392","toID":"1365391","formEdgeID":null},{"edgeID":"1786676","fromID":"1365390","toID":"1365393","formEdgeID":null},{"edgeID":"1786677","fromID":"1365393","toID":"1365389","formEdgeID":null},{"edgeID":"1786678","fromID":"1365384","toID":"1365394","formEdgeID":null},{"edgeID":"1786679","fromID":"1365394","toID":"1365390","formEdgeID":null},{"edgeID":"1786680","fromID":"1365397","toID":"1365396","formEdgeID":null},{"edgeID":"1786681","fromID":"1365398","toID":"1365397","formEdgeID":null},{"edgeID":"1786682","fromID":"1365396","toID":"1365399","formEdgeID":null},{"edgeID":"1786683","fromID":"1365399","toID":"1365395","formEdgeID":null},{"edgeID":"1786684","fromID":"1365390","toID":"1365400","formEdgeID":null},{"edgeID":"1786685","fromID":"1365400","toID":"1365396","formEdgeID":null},{"edgeID":"1786686","fromID":"1365403","toID":"1365402","formEdgeID":null},{"edgeID":"1786687","fromID":"1365404","toID":"1365403","formEdgeID":null},{"edgeID":"1786688","fromID":"1365402","toID":"1365405","formEdgeID":null},{"edgeID":"1786689","fromID":"1365405","toID":"1365401","formEdgeID":null},{"edgeID":"1786690","fromID":"1365396","toID":"1365406","formEdgeID":null},{"edgeID":"1786691","fromID":"1365406","toID":"1365402","formEdgeID":null},{"edgeID":"1786692","fromID":"1365401","toID":"1365407","formEdgeID":null},{"edgeID":"1786693","fromID":"1365407","toID":"1365395","formEdgeID":null},{"edgeID":"1786694","fromID":"1365406","toID":"1365408","formEdgeID":null},{"edgeID":"1786695","fromID":"1365408","toID":"1365407","formEdgeID":null},{"edgeID":"1786696","fromID":"1365411","toID":"1365410","formEdgeID":null},{"edgeID":"1786697","fromID":"1365412","toID":"1365411","formEdgeID":null},{"edgeID":"1786698","fromID":"1365410","toID":"1365413","formEdgeID":null},{"edgeID":"1786699","fromID":"1365413","toID":"1365409","formEdgeID":null},{"edgeID":"1786700","fromID":"1365402","toID":"1365414","formEdgeID":null},{"edgeID":"1786701","fromID":"1365414","toID":"1365410","formEdgeID":null},{"edgeID":"1786702","fromID":"1365409","toID":"1365415","formEdgeID":null},{"edgeID":"1786703","fromID":"1365415","toID":"1365389","formEdgeID":null},{"edgeID":"1786704","fromID":"1365390","toID":"1365416","formEdgeID":null},{"edgeID":"1786705","fromID":"1365416","toID":"1365410","formEdgeID":null},{"edgeID":"1786706","fromID":"1365416","toID":"1365417","formEdgeID":null},{"edgeID":"1786707","fromID":"1365417","toID":"1365415","formEdgeID":null},{"edgeID":"1786708","fromID":"1365420","toID":"1365419","formEdgeID":null},{"edgeID":"1786709","fromID":"1365421","toID":"1365420","formEdgeID":null},{"edgeID":"1786710","fromID":"1365419","toID":"1365422","formEdgeID":null},{"edgeID":"1786711","fromID":"1365422","toID":"1365418","formEdgeID":null},{"edgeID":"1786712","fromID":"1365410","toID":"1365423","formEdgeID":null},{"edgeID":"1786713","fromID":"1365423","toID":"1365419","formEdgeID":null},{"edgeID":"1786714","fromID":"1365426","toID":"1365425","formEdgeID":null},{"edgeID":"1786715","fromID":"1365427","toID":"1365426","formEdgeID":null},{"edgeID":"1786716","fromID":"1365425","toID":"1365428","formEdgeID":null},{"edgeID":"1786717","fromID":"1365428","toID":"1365424","formEdgeID":null},{"edgeID":"1786718","fromID":"1365419","toID":"1365429","formEdgeID":null},{"edgeID":"1786719","fromID":"1365429","toID":"1365425","formEdgeID":null},{"edgeID":"1786720","fromID":"1365424","toID":"1365430","formEdgeID":null},{"edgeID":"1786721","fromID":"1365430","toID":"1365418","formEdgeID":null},{"edgeID":"1786722","fromID":"1365429","toID":"1365431","formEdgeID":null},{"edgeID":"1786723","fromID":"1365431","toID":"1365430","formEdgeID":null},{"edgeID":"1786724","fromID":"1365434","toID":"1365433","formEdgeID":null},{"edgeID":"1786725","fromID":"1365435","toID":"1365434","formEdgeID":null},{"edgeID":"1786726","fromID":"1365433","toID":"1365436","formEdgeID":null},{"edgeID":"1786727","fromID":"1365436","toID":"1365432","formEdgeID":null},{"edgeID":"1786728","fromID":"1365425","toID":"1365437","formEdgeID":null},{"edgeID":"1786729","fromID":"1365437","toID":"1365433","formEdgeID":null},{"edgeID":"1786730","fromID":"1365432","toID":"1365438","formEdgeID":null},{"edgeID":"1786731","fromID":"1365438","toID":"1365424","formEdgeID":null},{"edgeID":"1786732","fromID":"1365437","toID":"1365439","formEdgeID":null},{"edgeID":"1786733","fromID":"1365439","toID":"1365438","formEdgeID":null},{"edgeID":"1786734","fromID":"1365442","toID":"1365441","formEdgeID":null},{"edgeID":"1786735","fromID":"1365443","toID":"1365442","formEdgeID":null},{"edgeID":"1786736","fromID":"1365441","toID":"1365444","formEdgeID":null},{"edgeID":"1786737","fromID":"1365444","toID":"1365440","formEdgeID":null},{"edgeID":"1786738","fromID":"1365433","toID":"1365445","formEdgeID":null},{"edgeID":"1786739","fromID":"1365445","toID":"1365441","formEdgeID":null},{"edgeID":"1786740","fromID":"1365448","toID":"1365447","formEdgeID":null},{"edgeID":"1786741","fromID":"1365449","toID":"1365448","formEdgeID":null},{"edgeID":"1786742","fromID":"1365447","toID":"1365450","formEdgeID":null},{"edgeID":"1786743","fromID":"1365450","toID":"1365446","formEdgeID":null},{"edgeID":"1786744","fromID":"1365441","toID":"1365451","formEdgeID":null},{"edgeID":"1786745","fromID":"1365451","toID":"1365447","formEdgeID":null},{"edgeID":"1786746","fromID":"1365440","toID":"1365452","formEdgeID":null},{"edgeID":"1786747","fromID":"1365452","toID":"1365446","formEdgeID":null},{"edgeID":"1786748","fromID":"1365451","toID":"1365453","formEdgeID":null},{"edgeID":"1786749","fromID":"1365453","toID":"1365452","formEdgeID":null},{"edgeID":"1786750","fromID":"1365395","toID":"1365454","formEdgeID":null},{"edgeID":"1786751","fromID":"1365454","toID":"1365389","formEdgeID":null},{"edgeID":"1786752","fromID":"1365400","toID":"1365455","formEdgeID":null},{"edgeID":"1786753","fromID":"1365455","toID":"1365454","formEdgeID":null}],"locutions":[]}