{"nodes":[{"nodeID":"1367673","text":"Ian Murray does or does not support the decision of the UK government to use Section 35","type":"I","timestamp":"2023-11-09 14:36:15"},{"nodeID":"1367674","text":"Fiona Bruce: Ian, do you support that decision","type":"L","timestamp":"2023-11-09 14:36:15"},{"nodeID":"1367675","text":"Analysing","type":"YA","timestamp":"2023-11-09 14:36:15"},{"nodeID":"1367676","text":"Anon: Fiona Bruce: Ian, do you support that decision","type":"L","timestamp":"2023-11-09 14:36:15"},{"nodeID":"1367677","text":"Pure Questioning","type":"YA","timestamp":"2023-11-09 14:36:15"},{"nodeID":"1367678","text":"Donald Dewar created Section 35 to facilitate things","type":"I","timestamp":"2023-11-09 14:36:15"},{"nodeID":"1367679","text":"Ian Murray: Donald Dewar created Section 35 to facilitate things","type":"L","timestamp":"2023-11-09 14:36:15"},{"nodeID":"1367680","text":"Analysing","type":"YA","timestamp":"2023-11-09 14:36:15"},{"nodeID":"1367681","text":"Anon: Ian Murray: Donald Dewar created Section 35 to facilitate things","type":"L","timestamp":"2023-11-09 14:36:15"},{"nodeID":"1367682","text":"Asserting","type":"YA","timestamp":"2023-11-09 14:36:15"},{"nodeID":"1367683","text":"the key thing about Section 35 is you're supposed to resolve all problems concerning women's safety before you get to passing a bill","type":"I","timestamp":"2023-11-09 14:36:16"},{"nodeID":"1367684","text":"Ian Murray: The key thing about Section 35 is you're supposed to resolve all these problems before you get there","type":"L","timestamp":"2023-11-09 14:36:16"},{"nodeID":"1367685","text":"Analysing","type":"YA","timestamp":"2023-11-09 14:36:16"},{"nodeID":"1367686","text":"Anon: Ian Murray: The key thing about Section 35 is you're supposed to resolve all these problems before you get there","type":"L","timestamp":"2023-11-09 14:36:16"},{"nodeID":"1367687","text":"Asserting","type":"YA","timestamp":"2023-11-09 14:36:16"},{"nodeID":"1367688","text":"Section 35 is a last resort","type":"I","timestamp":"2023-11-09 14:36:17"},{"nodeID":"1367689","text":"Ian Murray: It is a last resort","type":"L","timestamp":"2023-11-09 14:36:17"},{"nodeID":"1367690","text":"Analysing","type":"YA","timestamp":"2023-11-09 14:36:17"},{"nodeID":"1367691","text":"Anon: Ian Murray: It is a last resort","type":"L","timestamp":"2023-11-09 14:36:17"},{"nodeID":"1367692","text":"Asserting","type":"YA","timestamp":"2023-11-09 14:36:17"},{"nodeID":"1367693","text":"Default Rephrase","type":"MA","timestamp":"2023-11-09 14:36:17"},{"nodeID":"1367694","text":"Default Transition","type":"TA","timestamp":"2023-11-09 14:36:17"},{"nodeID":"1367695","text":"Restating","type":"YA","timestamp":"2023-11-09 14:36:17"},{"nodeID":"1367696","text":"Default Transition","type":"TA","timestamp":"2023-11-09 14:36:17"},{"nodeID":"1367697","text":"Default Transition","type":"TA","timestamp":"2023-11-09 14:36:17"},{"nodeID":"1367698","text":"both governments failed to resolve all problems concerning women's safety","type":"I","timestamp":"2023-11-09 14:36:17"},{"nodeID":"1367699","text":"Ian Murray: Both governments failed to do that","type":"L","timestamp":"2023-11-09 14:36:17"},{"nodeID":"1367700","text":"Analysing","type":"YA","timestamp":"2023-11-09 14:36:17"},{"nodeID":"1367701","text":"Anon: Ian Murray: Both governments failed to do that","type":"L","timestamp":"2023-11-09 14:36:17"},{"nodeID":"1367702","text":"Asserting","type":"YA","timestamp":"2023-11-09 14:36:17"},{"nodeID":"1367703","text":"Default Conflict","type":"CA","timestamp":"2023-11-09 14:36:17"},{"nodeID":"1367704","text":"Default Transition","type":"TA","timestamp":"2023-11-09 14:36:17"},{"nodeID":"1367705","text":"Disagreeing","type":"YA","timestamp":"2023-11-09 14:36:17"},{"nodeID":"1367706","text":"we're now in a debate about who gets away","type":"I","timestamp":"2023-11-09 14:36:18"},{"nodeID":"1367707","text":"Ian Murray: We're now in a debate about who gets away","type":"L","timestamp":"2023-11-09 14:36:18"},{"nodeID":"1367708","text":"Analysing","type":"YA","timestamp":"2023-11-09 14:36:18"},{"nodeID":"1367709","text":"Anon: Ian Murray: We're now in a debate about who gets away","type":"L","timestamp":"2023-11-09 14:36:18"},{"nodeID":"1367710","text":"Asserting","type":"YA","timestamp":"2023-11-09 14:36:18"},{"nodeID":"1367711","text":"Default Transition","type":"TA","timestamp":"2023-11-09 14:36:18"},{"nodeID":"1367712","text":"Default Rephrase","type":"MA","timestamp":"2023-11-09 14:36:18"},{"nodeID":"1367713","text":"Restating","type":"YA","timestamp":"2023-11-09 14:36:18"},{"nodeID":"1367714","text":"Ian Murray takes xxx position","type":"I","timestamp":"2023-11-09 14:36:19"},{"nodeID":"1367715","text":"Fiona Bruce: What position do you take","type":"L","timestamp":"2023-11-09 14:36:19"},{"nodeID":"1367716","text":"Analysing","type":"YA","timestamp":"2023-11-09 14:36:19"},{"nodeID":"1367717","text":"Anon: Fiona Bruce: What position do you take","type":"L","timestamp":"2023-11-09 14:36:19"},{"nodeID":"1367718","text":"Pure Questioning","type":"YA","timestamp":"2023-11-09 14:36:19"},{"nodeID":"1367719","text":"Default Transition","type":"TA","timestamp":"2023-11-09 14:36:19"},{"nodeID":"1367720","text":"Ian Murray takes the Scottish liberal position or the UK-wide position of not to support the gender reform bill","type":"I","timestamp":"2023-11-09 14:36:19"},{"nodeID":"1367721","text":"Fiona Bruce: Do you take the Scottish liberal position or do you take the English -- the UK-wide, I suppose, but the UK-wide position of not to support it","type":"L","timestamp":"2023-11-09 14:36:19"},{"nodeID":"1367722","text":"Analysing","type":"YA","timestamp":"2023-11-09 14:36:19"},{"nodeID":"1367723","text":"Anon: Fiona Bruce: Do you take the Scottish liberal position or do you take the English -- the UK-wide, I suppose, but the UK-wide position of not to support it","type":"L","timestamp":"2023-11-09 14:36:19"},{"nodeID":"1367724","text":"Pure Questioning","type":"YA","timestamp":"2023-11-09 14:36:19"},{"nodeID":"1367725","text":"Default Rephrase","type":"MA","timestamp":"2023-11-09 14:36:19"},{"nodeID":"1367726","text":"Default Transition","type":"TA","timestamp":"2023-11-09 14:36:19"},{"nodeID":"1367727","text":"Restating","type":"YA","timestamp":"2023-11-09 14:36:19"},{"nodeID":"1367728","text":"The Gender Recognition Act is from 2004","type":"I","timestamp":"2023-11-09 14:36:20"},{"nodeID":"1367729","text":"Ian Murray: It is our Act from 2004","type":"L","timestamp":"2023-11-09 14:36:20"},{"nodeID":"1367730","text":"Analysing","type":"YA","timestamp":"2023-11-09 14:36:20"},{"nodeID":"1367731","text":"Anon: Ian Murray: It is our Act from 2004","type":"L","timestamp":"2023-11-09 14:36:20"},{"nodeID":"1367732","text":"Asserting","type":"YA","timestamp":"2023-11-09 14:36:20"},{"nodeID":"1367733","text":"the Scottish Labour Party were right to back it in Scotland","type":"I","timestamp":"2023-11-09 14:36:20"},{"nodeID":"1367734","text":"Ian Murray: the Scottish Labour Party were right to back it in Scotland","type":"L","timestamp":"2023-11-09 14:36:20"},{"nodeID":"1367735","text":"Analysing","type":"YA","timestamp":"2023-11-09 14:36:20"},{"nodeID":"1367736","text":"Anon: Ian Murray: the Scottish Labour Party were right to back it in Scotland","type":"L","timestamp":"2023-11-09 14:36:20"},{"nodeID":"1367737","text":"Asserting","type":"YA","timestamp":"2023-11-09 14:36:20"},{"nodeID":"1367738","text":"Default Rephrase","type":"MA","timestamp":"2023-11-09 14:36:20"},{"nodeID":"1367739","text":"Default Inference","type":"RA","timestamp":"2023-11-09 14:36:20"},{"nodeID":"1367740","text":"Default Transition","type":"TA","timestamp":"2023-11-09 14:36:20"},{"nodeID":"1367741","text":"Default Transition","type":"TA","timestamp":"2023-11-09 14:36:20"},{"nodeID":"1367742","text":"Arguing","type":"YA","timestamp":"2023-11-09 14:36:20"},{"nodeID":"1367743","text":"the Scottish got the Equality Act","type":"I","timestamp":"2023-11-09 14:36:21"},{"nodeID":"1367744","text":"Ian Murray: They got the Equality Act","type":"L","timestamp":"2023-11-09 14:36:21"},{"nodeID":"1367745","text":"Analysing","type":"YA","timestamp":"2023-11-09 14:36:21"},{"nodeID":"1367746","text":"Anon: Ian Murray: They got the Equality Act","type":"L","timestamp":"2023-11-09 14:36:21"},{"nodeID":"1367747","text":"Asserting","type":"YA","timestamp":"2023-11-09 14:36:21"},{"nodeID":"1367748","text":"Default Transition","type":"TA","timestamp":"2023-11-09 14:36:21"},{"nodeID":"1367749","text":"Default Illocuting","type":"YA","timestamp":"2023-11-09 14:36:21"},{"nodeID":"1367750","text":"we have been discussing the Equality Act on the face of the bill","type":"I","timestamp":"2023-11-09 14:36:22"},{"nodeID":"1367751","text":"Ian Murray: something we have been discussing on the face of the bill","type":"L","timestamp":"2023-11-09 14:36:22"},{"nodeID":"1367752","text":"Analysing","type":"YA","timestamp":"2023-11-09 14:36:22"},{"nodeID":"1367753","text":"Anon: Ian Murray: something we have been discussing on the face of the bill","type":"L","timestamp":"2023-11-09 14:36:22"},{"nodeID":"1367754","text":"Asserting","type":"YA","timestamp":"2023-11-09 14:36:22"},{"nodeID":"1367755","text":"Default Transition","type":"TA","timestamp":"2023-11-09 14:36:22"},{"nodeID":"1367756","text":"Default Rephrase","type":"MA","timestamp":"2023-11-09 14:36:22"},{"nodeID":"1367757","text":"Restating","type":"YA","timestamp":"2023-11-09 14:36:22"},{"nodeID":"1367758","text":"it is inconceivable that we had a Conservative amount to stop convicted sex offenders being put into prison and people accused of that","type":"I","timestamp":"2023-11-09 14:36:22"},{"nodeID":"1367759","text":"Ian Murray: What is inconceivable is we had a Conservative amount to stop convicted sex offenders being put into prison and people accused of that","type":"L","timestamp":"2023-11-09 14:36:22"},{"nodeID":"1367760","text":"Analysing","type":"YA","timestamp":"2023-11-09 14:36:22"},{"nodeID":"1367761","text":"Anon: Ian Murray: What is inconceivable is we had a Conservative amount to stop convicted sex offenders being put into prison and people accused of that","type":"L","timestamp":"2023-11-09 14:36:22"},{"nodeID":"1367762","text":"Asserting","type":"YA","timestamp":"2023-11-09 14:36:22"},{"nodeID":"1367763","text":"the Bryson case concerns, whether legitimate or not, have now been heightened","type":"I","timestamp":"2023-11-09 14:36:23"},{"nodeID":"1367764","text":"Ian Murray: the Bryson case concerns, whether legitimate or not, have now been heightened","type":"L","timestamp":"2023-11-09 14:36:23"},{"nodeID":"1367765","text":"Analysing","type":"YA","timestamp":"2023-11-09 14:36:23"},{"nodeID":"1367766","text":"Anon: Ian Murray: the Bryson case concerns, whether legitimate or not, have now been heightened","type":"L","timestamp":"2023-11-09 14:36:23"},{"nodeID":"1367767","text":"Asserting","type":"YA","timestamp":"2023-11-09 14:36:23"},{"nodeID":"1367768","text":"Default Transition","type":"TA","timestamp":"2023-11-09 14:36:23"},{"nodeID":"1367769","text":"Default Transition","type":"TA","timestamp":"2023-11-09 14:36:23"},{"nodeID":"1367770","text":"the Bryson case said concerns over women's safety is what we were screaming about","type":"I","timestamp":"2023-11-09 14:36:24"},{"nodeID":"1367771","text":"Ian Murray: the Bryson case said this is what we were screaming about","type":"L","timestamp":"2023-11-09 14:36:24"},{"nodeID":"1367772","text":"Analysing","type":"YA","timestamp":"2023-11-09 14:36:24"},{"nodeID":"1367773","text":"Anon: Ian Murray: the Bryson case said this is what we were screaming about","type":"L","timestamp":"2023-11-09 14:36:24"},{"nodeID":"1367774","text":"Asserting","type":"YA","timestamp":"2023-11-09 14:36:24"},{"nodeID":"1367775","text":"Default Transition","type":"TA","timestamp":"2023-11-09 14:36:24"},{"nodeID":"1367776","text":"Default Inference","type":"RA","timestamp":"2023-11-09 14:36:24"},{"nodeID":"1367777","text":"Arguing","type":"YA","timestamp":"2023-11-09 14:36:24"},{"nodeID":"1367778","text":"this is the concerns we had","type":"I","timestamp":"2023-11-09 14:36:24"},{"nodeID":"1367779","text":"Ian Murray: This is the concerns we had","type":"L","timestamp":"2023-11-09 14:36:24"},{"nodeID":"1367780","text":"Analysing","type":"YA","timestamp":"2023-11-09 14:36:24"},{"nodeID":"1367781","text":"Anon: Ian Murray: This is the concerns we had","type":"L","timestamp":"2023-11-09 14:36:24"},{"nodeID":"1367782","text":"Asserting","type":"YA","timestamp":"2023-11-09 14:36:24"},{"nodeID":"1367783","text":"Default Transition","type":"TA","timestamp":"2023-11-09 14:36:24"},{"nodeID":"1367784","text":"Default Rephrase","type":"MA","timestamp":"2023-11-09 14:36:24"},{"nodeID":"1367785","text":"Restating","type":"YA","timestamp":"2023-11-09 14:36:24"},{"nodeID":"1367786","text":"the bottom line we have here, rapists shouldn't be in women's prisons","type":"I","timestamp":"2023-11-09 14:36:25"},{"nodeID":"1367787","text":"Ian Murray: The bottom line we have here, rapists shouldn't be in women's prisons","type":"L","timestamp":"2023-11-09 14:36:25"},{"nodeID":"1367788","text":"Analysing","type":"YA","timestamp":"2023-11-09 14:36:25"},{"nodeID":"1367789","text":"Anon: Ian Murray: The bottom line we have here, rapists shouldn't be in women's prisons","type":"L","timestamp":"2023-11-09 14:36:25"},{"nodeID":"1367790","text":"Asserting","type":"YA","timestamp":"2023-11-09 14:36:25"},{"nodeID":"1367791","text":"Default Transition","type":"TA","timestamp":"2023-11-09 14:36:25"},{"nodeID":"1367792","text":"Default Rephrase","type":"MA","timestamp":"2023-11-09 14:36:25"},{"nodeID":"1367793","text":"Restating","type":"YA","timestamp":"2023-11-09 14:36:25"},{"nodeID":"1367794","text":"rapists shouldn't be in women's prisons regardless of who they are","type":"I","timestamp":"2023-11-09 14:36:26"},{"nodeID":"1367795","text":"Ian Murray: Full stop, regardless of who they are","type":"L","timestamp":"2023-11-09 14:36:26"},{"nodeID":"1367796","text":"Analysing","type":"YA","timestamp":"2023-11-09 14:36:26"},{"nodeID":"1367797","text":"Anon: Ian Murray: Full stop, regardless of who they are","type":"L","timestamp":"2023-11-09 14:36:26"},{"nodeID":"1367798","text":"Asserting","type":"YA","timestamp":"2023-11-09 14:36:26"},{"nodeID":"1367799","text":"Default Transition","type":"TA","timestamp":"2023-11-09 14:36:26"},{"nodeID":"1367800","text":"Default Rephrase","type":"MA","timestamp":"2023-11-09 14:36:26"},{"nodeID":"1367801","text":"Restating","type":"YA","timestamp":"2023-11-09 14:36:26"}],"edges":[{"edgeID":"1789392","fromID":"1367675","toID":"1367674","formEdgeID":null},{"edgeID":"1789393","fromID":"1367676","toID":"1367675","formEdgeID":null},{"edgeID":"1789394","fromID":"1367674","toID":"1367677","formEdgeID":null},{"edgeID":"1789395","fromID":"1367677","toID":"1367673","formEdgeID":null},{"edgeID":"1789396","fromID":"1367680","toID":"1367679","formEdgeID":null},{"edgeID":"1789397","fromID":"1367681","toID":"1367680","formEdgeID":null},{"edgeID":"1789398","fromID":"1367679","toID":"1367682","formEdgeID":null},{"edgeID":"1789399","fromID":"1367682","toID":"1367678","formEdgeID":null},{"edgeID":"1789400","fromID":"1367685","toID":"1367684","formEdgeID":null},{"edgeID":"1789401","fromID":"1367686","toID":"1367685","formEdgeID":null},{"edgeID":"1789402","fromID":"1367684","toID":"1367687","formEdgeID":null},{"edgeID":"1789403","fromID":"1367687","toID":"1367683","formEdgeID":null},{"edgeID":"1789404","fromID":"1367690","toID":"1367689","formEdgeID":null},{"edgeID":"1789405","fromID":"1367691","toID":"1367690","formEdgeID":null},{"edgeID":"1789406","fromID":"1367689","toID":"1367692","formEdgeID":null},{"edgeID":"1789407","fromID":"1367692","toID":"1367688","formEdgeID":null},{"edgeID":"1789408","fromID":"1367688","toID":"1367693","formEdgeID":null},{"edgeID":"1789409","fromID":"1367693","toID":"1367683","formEdgeID":null},{"edgeID":"1789410","fromID":"1367684","toID":"1367694","formEdgeID":null},{"edgeID":"1789411","fromID":"1367694","toID":"1367689","formEdgeID":null},{"edgeID":"1789412","fromID":"1367694","toID":"1367695","formEdgeID":null},{"edgeID":"1789413","fromID":"1367695","toID":"1367693","formEdgeID":null},{"edgeID":"1789414","fromID":"1367674","toID":"1367696","formEdgeID":null},{"edgeID":"1789415","fromID":"1367696","toID":"1367679","formEdgeID":null},{"edgeID":"1789416","fromID":"1367679","toID":"1367697","formEdgeID":null},{"edgeID":"1789417","fromID":"1367697","toID":"1367684","formEdgeID":null},{"edgeID":"1789418","fromID":"1367700","toID":"1367699","formEdgeID":null},{"edgeID":"1789419","fromID":"1367701","toID":"1367700","formEdgeID":null},{"edgeID":"1789420","fromID":"1367699","toID":"1367702","formEdgeID":null},{"edgeID":"1789421","fromID":"1367702","toID":"1367698","formEdgeID":null},{"edgeID":"1789422","fromID":"1367698","toID":"1367703","formEdgeID":null},{"edgeID":"1789423","fromID":"1367703","toID":"1367683","formEdgeID":null},{"edgeID":"1789424","fromID":"1367684","toID":"1367704","formEdgeID":null},{"edgeID":"1789425","fromID":"1367704","toID":"1367699","formEdgeID":null},{"edgeID":"1789426","fromID":"1367704","toID":"1367705","formEdgeID":null},{"edgeID":"1789427","fromID":"1367705","toID":"1367703","formEdgeID":null},{"edgeID":"1789428","fromID":"1367708","toID":"1367707","formEdgeID":null},{"edgeID":"1789429","fromID":"1367709","toID":"1367708","formEdgeID":null},{"edgeID":"1789430","fromID":"1367707","toID":"1367710","formEdgeID":null},{"edgeID":"1789431","fromID":"1367710","toID":"1367706","formEdgeID":null},{"edgeID":"1789432","fromID":"1367699","toID":"1367711","formEdgeID":null},{"edgeID":"1789433","fromID":"1367711","toID":"1367707","formEdgeID":null},{"edgeID":"1789434","fromID":"1367683","toID":"1367712","formEdgeID":null},{"edgeID":"1789435","fromID":"1367712","toID":"1367678","formEdgeID":null},{"edgeID":"1789436","fromID":"1367697","toID":"1367713","formEdgeID":null},{"edgeID":"1789437","fromID":"1367713","toID":"1367712","formEdgeID":null},{"edgeID":"1789438","fromID":"1367716","toID":"1367715","formEdgeID":null},{"edgeID":"1789439","fromID":"1367717","toID":"1367716","formEdgeID":null},{"edgeID":"1789440","fromID":"1367715","toID":"1367718","formEdgeID":null},{"edgeID":"1789441","fromID":"1367718","toID":"1367714","formEdgeID":null},{"edgeID":"1789442","fromID":"1367707","toID":"1367719","formEdgeID":null},{"edgeID":"1789443","fromID":"1367719","toID":"1367715","formEdgeID":null},{"edgeID":"1789444","fromID":"1367722","toID":"1367721","formEdgeID":null},{"edgeID":"1789445","fromID":"1367723","toID":"1367722","formEdgeID":null},{"edgeID":"1789446","fromID":"1367721","toID":"1367724","formEdgeID":null},{"edgeID":"1789447","fromID":"1367724","toID":"1367720","formEdgeID":null},{"edgeID":"1789448","fromID":"1367720","toID":"1367725","formEdgeID":null},{"edgeID":"1789449","fromID":"1367725","toID":"1367714","formEdgeID":null},{"edgeID":"1789450","fromID":"1367715","toID":"1367726","formEdgeID":null},{"edgeID":"1789451","fromID":"1367726","toID":"1367721","formEdgeID":null},{"edgeID":"1789452","fromID":"1367726","toID":"1367727","formEdgeID":null},{"edgeID":"1789453","fromID":"1367727","toID":"1367725","formEdgeID":null},{"edgeID":"1789454","fromID":"1367730","toID":"1367729","formEdgeID":null},{"edgeID":"1789455","fromID":"1367731","toID":"1367730","formEdgeID":null},{"edgeID":"1789456","fromID":"1367729","toID":"1367732","formEdgeID":null},{"edgeID":"1789457","fromID":"1367732","toID":"1367728","formEdgeID":null},{"edgeID":"1789458","fromID":"1367735","toID":"1367734","formEdgeID":null},{"edgeID":"1789459","fromID":"1367736","toID":"1367735","formEdgeID":null},{"edgeID":"1789460","fromID":"1367734","toID":"1367737","formEdgeID":null},{"edgeID":"1789461","fromID":"1367737","toID":"1367733","formEdgeID":null},{"edgeID":"1789462","fromID":"1367733","toID":"1367738","formEdgeID":null},{"edgeID":"1789463","fromID":"1367738","toID":"1367720","formEdgeID":null},{"edgeID":"1789464","fromID":"1367728","toID":"1367739","formEdgeID":null},{"edgeID":"1789465","fromID":"1367739","toID":"1367733","formEdgeID":null},{"edgeID":"1789466","fromID":"1367729","toID":"1367740","formEdgeID":null},{"edgeID":"1789467","fromID":"1367740","toID":"1367734","formEdgeID":null},{"edgeID":"1789468","fromID":"1367721","toID":"1367741","formEdgeID":null},{"edgeID":"1789469","fromID":"1367741","toID":"1367734","formEdgeID":null},{"edgeID":"1789470","fromID":"1367740","toID":"1367742","formEdgeID":null},{"edgeID":"1789471","fromID":"1367742","toID":"1367739","formEdgeID":null},{"edgeID":"1789472","fromID":"1367745","toID":"1367744","formEdgeID":null},{"edgeID":"1789473","fromID":"1367746","toID":"1367745","formEdgeID":null},{"edgeID":"1789474","fromID":"1367744","toID":"1367747","formEdgeID":null},{"edgeID":"1789475","fromID":"1367747","toID":"1367743","formEdgeID":null},{"edgeID":"1789476","fromID":"1367734","toID":"1367748","formEdgeID":null},{"edgeID":"1789477","fromID":"1367748","toID":"1367744","formEdgeID":null},{"edgeID":"1789478","fromID":"1367741","toID":"1367749","formEdgeID":null},{"edgeID":"1789479","fromID":"1367749","toID":"1367738","formEdgeID":null},{"edgeID":"1789480","fromID":"1367752","toID":"1367751","formEdgeID":null},{"edgeID":"1789481","fromID":"1367753","toID":"1367752","formEdgeID":null},{"edgeID":"1789482","fromID":"1367751","toID":"1367754","formEdgeID":null},{"edgeID":"1789483","fromID":"1367754","toID":"1367750","formEdgeID":null},{"edgeID":"1789484","fromID":"1367744","toID":"1367755","formEdgeID":null},{"edgeID":"1789485","fromID":"1367755","toID":"1367751","formEdgeID":null},{"edgeID":"1789486","fromID":"1367750","toID":"1367756","formEdgeID":null},{"edgeID":"1789487","fromID":"1367756","toID":"1367743","formEdgeID":null},{"edgeID":"1789488","fromID":"1367755","toID":"1367757","formEdgeID":null},{"edgeID":"1789489","fromID":"1367757","toID":"1367756","formEdgeID":null},{"edgeID":"1789490","fromID":"1367760","toID":"1367759","formEdgeID":null},{"edgeID":"1789491","fromID":"1367761","toID":"1367760","formEdgeID":null},{"edgeID":"1789492","fromID":"1367759","toID":"1367762","formEdgeID":null},{"edgeID":"1789493","fromID":"1367762","toID":"1367758","formEdgeID":null},{"edgeID":"1789494","fromID":"1367765","toID":"1367764","formEdgeID":null},{"edgeID":"1789495","fromID":"1367766","toID":"1367765","formEdgeID":null},{"edgeID":"1789496","fromID":"1367764","toID":"1367767","formEdgeID":null},{"edgeID":"1789497","fromID":"1367767","toID":"1367763","formEdgeID":null},{"edgeID":"1789498","fromID":"1367751","toID":"1367768","formEdgeID":null},{"edgeID":"1789499","fromID":"1367768","toID":"1367759","formEdgeID":null},{"edgeID":"1789500","fromID":"1367759","toID":"1367769","formEdgeID":null},{"edgeID":"1789501","fromID":"1367769","toID":"1367764","formEdgeID":null},{"edgeID":"1789502","fromID":"1367772","toID":"1367771","formEdgeID":null},{"edgeID":"1789503","fromID":"1367773","toID":"1367772","formEdgeID":null},{"edgeID":"1789504","fromID":"1367771","toID":"1367774","formEdgeID":null},{"edgeID":"1789505","fromID":"1367774","toID":"1367770","formEdgeID":null},{"edgeID":"1789506","fromID":"1367764","toID":"1367775","formEdgeID":null},{"edgeID":"1789507","fromID":"1367775","toID":"1367771","formEdgeID":null},{"edgeID":"1789508","fromID":"1367770","toID":"1367776","formEdgeID":null},{"edgeID":"1789509","fromID":"1367776","toID":"1367763","formEdgeID":null},{"edgeID":"1789510","fromID":"1367775","toID":"1367777","formEdgeID":null},{"edgeID":"1789511","fromID":"1367777","toID":"1367776","formEdgeID":null},{"edgeID":"1789512","fromID":"1367780","toID":"1367779","formEdgeID":null},{"edgeID":"1789513","fromID":"1367781","toID":"1367780","formEdgeID":null},{"edgeID":"1789514","fromID":"1367779","toID":"1367782","formEdgeID":null},{"edgeID":"1789515","fromID":"1367782","toID":"1367778","formEdgeID":null},{"edgeID":"1789516","fromID":"1367771","toID":"1367783","formEdgeID":null},{"edgeID":"1789517","fromID":"1367783","toID":"1367779","formEdgeID":null},{"edgeID":"1789518","fromID":"1367778","toID":"1367784","formEdgeID":null},{"edgeID":"1789519","fromID":"1367784","toID":"1367770","formEdgeID":null},{"edgeID":"1789520","fromID":"1367783","toID":"1367785","formEdgeID":null},{"edgeID":"1789521","fromID":"1367785","toID":"1367784","formEdgeID":null},{"edgeID":"1789522","fromID":"1367788","toID":"1367787","formEdgeID":null},{"edgeID":"1789523","fromID":"1367789","toID":"1367788","formEdgeID":null},{"edgeID":"1789524","fromID":"1367787","toID":"1367790","formEdgeID":null},{"edgeID":"1789525","fromID":"1367790","toID":"1367786","formEdgeID":null},{"edgeID":"1789526","fromID":"1367779","toID":"1367791","formEdgeID":null},{"edgeID":"1789527","fromID":"1367791","toID":"1367787","formEdgeID":null},{"edgeID":"1789528","fromID":"1367786","toID":"1367792","formEdgeID":null},{"edgeID":"1789529","fromID":"1367792","toID":"1367778","formEdgeID":null},{"edgeID":"1789530","fromID":"1367791","toID":"1367793","formEdgeID":null},{"edgeID":"1789531","fromID":"1367793","toID":"1367792","formEdgeID":null},{"edgeID":"1789532","fromID":"1367796","toID":"1367795","formEdgeID":null},{"edgeID":"1789533","fromID":"1367797","toID":"1367796","formEdgeID":null},{"edgeID":"1789534","fromID":"1367795","toID":"1367798","formEdgeID":null},{"edgeID":"1789535","fromID":"1367798","toID":"1367794","formEdgeID":null},{"edgeID":"1789536","fromID":"1367787","toID":"1367799","formEdgeID":null},{"edgeID":"1789537","fromID":"1367799","toID":"1367795","formEdgeID":null},{"edgeID":"1789538","fromID":"1367794","toID":"1367800","formEdgeID":null},{"edgeID":"1789539","fromID":"1367800","toID":"1367786","formEdgeID":null},{"edgeID":"1789540","fromID":"1367799","toID":"1367801","formEdgeID":null},{"edgeID":"1789541","fromID":"1367801","toID":"1367800","formEdgeID":null}],"locutions":[]}