{"nodes":[{"nodeID":"1366957","text":"Isla Bryson can call herself a trans woman","type":"I","timestamp":"2023-11-09 14:35:12"},{"nodeID":"1366958","text":"AudienceMember 20230209QT29: Isla Bryson can call herself a trans woman","type":"L","timestamp":"2023-11-09 14:35:12"},{"nodeID":"1366959","text":"Analysing","type":"YA","timestamp":"2023-11-09 14:35:12"},{"nodeID":"1366960","text":"Fyfe: AudienceMember 20230209QT29: Isla Bryson can call herself a trans woman","type":"L","timestamp":"2023-11-09 14:35:12"},{"nodeID":"1366961","text":"Asserting","type":"YA","timestamp":"2023-11-09 14:35:12"},{"nodeID":"1366962","text":"AudienceMember 20230209QT29: that's good","type":"L","timestamp":"2023-11-09 14:35:12"},{"nodeID":"1366963","text":"Analysing","type":"YA","timestamp":"2023-11-09 14:35:12"},{"nodeID":"1366964","text":"Fyfe: AudienceMember 20230209QT29: that's good","type":"L","timestamp":"2023-11-09 14:35:12"},{"nodeID":"1366965","text":"Default Transition","type":"TA","timestamp":"2023-11-09 14:35:12"},{"nodeID":"1366966","text":"Agreeing","type":"YA","timestamp":"2023-11-09 14:35:12"},{"nodeID":"1366967","text":"Isla Bryson calling herself a trans woman is right and proper","type":"I","timestamp":"2023-11-09 14:35:14"},{"nodeID":"1366968","text":"AudienceMember 20230209QT29: that's right and proper","type":"L","timestamp":"2023-11-09 14:35:14"},{"nodeID":"1366969","text":"Analysing","type":"YA","timestamp":"2023-11-09 14:35:14"},{"nodeID":"1366970","text":"Fyfe: AudienceMember 20230209QT29: that's right and proper","type":"L","timestamp":"2023-11-09 14:35:14"},{"nodeID":"1366971","text":"Asserting","type":"YA","timestamp":"2023-11-09 14:35:14"},{"nodeID":"1366972","text":"Default Transition","type":"TA","timestamp":"2023-11-09 14:35:14"},{"nodeID":"1366973","text":"Default Rephrase","type":"MA","timestamp":"2023-11-09 14:35:14"},{"nodeID":"1366974","text":"what needs to happen is the public need to have faith in the Scottish Prison Service","type":"I","timestamp":"2023-11-09 14:35:16"},{"nodeID":"1366975","text":"Fiona Bruce:  what needs to happen is the public need to have faith in the Scottish Prison Service","type":"L","timestamp":"2023-11-09 14:35:16"},{"nodeID":"1366976","text":"Analysing","type":"YA","timestamp":"2023-11-09 14:35:16"},{"nodeID":"1366977","text":"Fyfe: Fiona Bruce:  what needs to happen is the public need to have faith in the Scottish Prison Service","type":"L","timestamp":"2023-11-09 14:35:16"},{"nodeID":"1366978","text":"Asserting","type":"YA","timestamp":"2023-11-09 14:35:16"},{"nodeID":"1366979","text":"Default Transition","type":"TA","timestamp":"2023-11-09 14:35:16"},{"nodeID":"1366980","text":"the colleagues who make assessments of all prisoners and how they are housed","type":"I","timestamp":"2023-11-09 14:35:17"},{"nodeID":"1366981","text":"AudienceMember 20230209QT29: the colleagues who make assessments of all prisoners and how they are housed","type":"L","timestamp":"2023-11-09 14:35:17"},{"nodeID":"1366982","text":"Analysing","type":"YA","timestamp":"2023-11-09 14:35:17"},{"nodeID":"1366983","text":"Fyfe: AudienceMember 20230209QT29: the colleagues who make assessments of all prisoners and how they are housed","type":"L","timestamp":"2023-11-09 14:35:17"},{"nodeID":"1366984","text":"Asserting","type":"YA","timestamp":"2023-11-09 14:35:17"},{"nodeID":"1366985","text":"Default Transition","type":"TA","timestamp":"2023-11-09 14:35:17"},{"nodeID":"1366986","text":"the media got it wrong","type":"I","timestamp":"2023-11-09 14:35:18"},{"nodeID":"1366987","text":"AudienceMember 20230209QT29: the media got it wrong","type":"L","timestamp":"2023-11-09 14:35:18"},{"nodeID":"1366988","text":"Analysing","type":"YA","timestamp":"2023-11-09 14:35:18"},{"nodeID":"1366989","text":"Fyfe: AudienceMember 20230209QT29: the media got it wrong","type":"L","timestamp":"2023-11-09 14:35:18"},{"nodeID":"1366990","text":"Asserting","type":"YA","timestamp":"2023-11-09 14:35:18"},{"nodeID":"1366991","text":"Default Transition","type":"TA","timestamp":"2023-11-09 14:35:18"},{"nodeID":"1366992","text":"Default Rephrase","type":"MA","timestamp":"2023-11-09 14:35:18"},{"nodeID":"1366993","text":"Restating","type":"YA","timestamp":"2023-11-09 14:35:18"},{"nodeID":"1366994","text":"there was never any women at risk because the person was segregated","type":"I","timestamp":"2023-11-09 14:35:18"},{"nodeID":"1366995","text":"AudienceMember 20230209QT29: as you said, India, and there was never any women at risk because the person was segregated","type":"L","timestamp":"2023-11-09 14:35:18"},{"nodeID":"1366996","text":"Analysing","type":"YA","timestamp":"2023-11-09 14:35:18"},{"nodeID":"1366997","text":"Fyfe: AudienceMember 20230209QT29: as you said, India, and there was never any women at risk because the person was segregated","type":"L","timestamp":"2023-11-09 14:35:18"},{"nodeID":"1366998","text":"Default Transition","type":"TA","timestamp":"2023-11-09 14:35:18"},{"nodeID":"1366999","text":"India Willoughby: there was never any women at risk because the person was segregated","type":"L","timestamp":"2023-11-09 14:35:18"},{"nodeID":"1367000","text":"Analysing","type":"YA","timestamp":"2023-11-09 14:35:18"},{"nodeID":"1367001","text":"Fyfe: India Willoughby: as you said, India, and there was never any women at risk because the person was segregated","type":"L","timestamp":"2023-11-09 14:35:18"},{"nodeID":"1367002","text":"Asserting","type":"YA","timestamp":"2023-11-09 14:35:18"},{"nodeID":"1367003","text":"Asserting","type":"YA","timestamp":"2023-11-09 14:35:18"},{"nodeID":"1367004","text":"we just have to put faith in what our colleagues in the prison service are doing","type":"I","timestamp":"2023-11-09 14:35:19"},{"nodeID":"1367005","text":"AudienceMember 20230209QT29: we just have to put faith in what our colleagues in the prison service are doing","type":"L","timestamp":"2023-11-09 14:35:19"},{"nodeID":"1367006","text":"Analysing","type":"YA","timestamp":"2023-11-09 14:35:19"},{"nodeID":"1367007","text":"Fyfe: AudienceMember 20230209QT29: we just have to put faith in what our colleagues in the prison service are doing","type":"L","timestamp":"2023-11-09 14:35:19"},{"nodeID":"1367008","text":"Asserting","type":"YA","timestamp":"2023-11-09 14:35:19"},{"nodeID":"1367009","text":"Default Transition","type":"TA","timestamp":"2023-11-09 14:35:19"},{"nodeID":"1367010","text":"Default Rephrase","type":"MA","timestamp":"2023-11-09 14:35:19"},{"nodeID":"1367011","text":"Default Transition","type":"TA","timestamp":"2023-11-09 14:35:19"},{"nodeID":"1367012","text":"Restating","type":"YA","timestamp":"2023-11-09 14:35:19"},{"nodeID":"1367013","text":"AudienceMember 20230209QT30:  I completely agree with what you just said","type":"L","timestamp":"2023-11-09 14:35:19"},{"nodeID":"1367014","text":"Analysing","type":"YA","timestamp":"2023-11-09 14:35:19"},{"nodeID":"1367015","text":"Fyfe: AudienceMember 20230209QT30:  I completely agree with what you just said","type":"L","timestamp":"2023-11-09 14:35:19"},{"nodeID":"1367016","text":"Default Transition","type":"TA","timestamp":"2023-11-09 14:35:19"},{"nodeID":"1367017","text":"Agreeing","type":"YA","timestamp":"2023-11-09 14:35:19"},{"nodeID":"1367018","text":"this whole conversation is distracting from more important things","type":"I","timestamp":"2023-11-09 14:35:19"},{"nodeID":"1367019","text":"AudienceMember 20230209QT30: this whole conversation is distracting from more important things","type":"L","timestamp":"2023-11-09 14:35:19"},{"nodeID":"1367020","text":"Analysing","type":"YA","timestamp":"2023-11-09 14:35:19"},{"nodeID":"1367021","text":"Fyfe: AudienceMember 20230209QT30: this whole conversation is distracting from more important things","type":"L","timestamp":"2023-11-09 14:35:19"},{"nodeID":"1367022","text":"Asserting","type":"YA","timestamp":"2023-11-09 14:35:19"},{"nodeID":"1367023","text":"Default Transition","type":"TA","timestamp":"2023-11-09 14:35:19"},{"nodeID":"1367024","text":"this whole conversation is distracting from the economic crisis","type":"I","timestamp":"2023-11-09 14:35:20"},{"nodeID":"1367025","text":"AudienceMember 20230209QT30: the economic crisis","type":"L","timestamp":"2023-11-09 14:35:20"},{"nodeID":"1367026","text":"Analysing","type":"YA","timestamp":"2023-11-09 14:35:20"},{"nodeID":"1367027","text":"Fyfe: AudienceMember 20230209QT30: the economic crisis","type":"L","timestamp":"2023-11-09 14:35:20"},{"nodeID":"1367028","text":"Asserting","type":"YA","timestamp":"2023-11-09 14:35:20"},{"nodeID":"1367029","text":"Default Transition","type":"TA","timestamp":"2023-11-09 14:35:20"},{"nodeID":"1367030","text":"Default Rephrase","type":"MA","timestamp":"2023-11-09 14:35:20"},{"nodeID":"1367031","text":"this whole conversation is distracting from the transport crisis","type":"I","timestamp":"2023-11-09 14:35:21"},{"nodeID":"1367032","text":"AudienceMember 20230209QT30: the transport crisis","type":"L","timestamp":"2023-11-09 14:35:21"},{"nodeID":"1367033","text":"Analysing","type":"YA","timestamp":"2023-11-09 14:35:21"},{"nodeID":"1367034","text":"Fyfe: AudienceMember 20230209QT30: the transport crisis","type":"L","timestamp":"2023-11-09 14:35:21"},{"nodeID":"1367035","text":"Asserting","type":"YA","timestamp":"2023-11-09 14:35:21"},{"nodeID":"1367036","text":"Default Transition","type":"TA","timestamp":"2023-11-09 14:35:21"},{"nodeID":"1367037","text":"Default Rephrase","type":"MA","timestamp":"2023-11-09 14:35:21"},{"nodeID":"1367038","text":"this whole conversation is distracting from the education crisis","type":"I","timestamp":"2023-11-09 14:35:21"},{"nodeID":"1367039","text":"AudienceMember 20230209QT30: the education crisis","type":"L","timestamp":"2023-11-09 14:35:21"},{"nodeID":"1367040","text":"Analysing","type":"YA","timestamp":"2023-11-09 14:35:21"},{"nodeID":"1367041","text":"Fyfe: AudienceMember 20230209QT30: the education crisis","type":"L","timestamp":"2023-11-09 14:35:21"},{"nodeID":"1367042","text":"Asserting","type":"YA","timestamp":"2023-11-09 14:35:21"},{"nodeID":"1367043","text":"Default Transition","type":"TA","timestamp":"2023-11-09 14:35:21"},{"nodeID":"1367044","text":"Default Rephrase","type":"MA","timestamp":"2023-11-09 14:35:21"},{"nodeID":"1367045","text":"Restating","type":"YA","timestamp":"2023-11-09 14:35:21"},{"nodeID":"1367046","text":"Restating","type":"YA","timestamp":"2023-11-09 14:35:21"},{"nodeID":"1367047","text":"Restating","type":"YA","timestamp":"2023-11-09 14:35:21"},{"nodeID":"1367048","text":"a predator is a predator at the end of the day","type":"I","timestamp":"2023-11-09 14:35:22"},{"nodeID":"1367049","text":"AudienceMember 20230209QT30: a predator is a predator at the end of the day","type":"L","timestamp":"2023-11-09 14:35:22"},{"nodeID":"1367050","text":"Analysing","type":"YA","timestamp":"2023-11-09 14:35:22"},{"nodeID":"1367051","text":"Fyfe: AudienceMember 20230209QT30: a predator is a predator at the end of the day","type":"L","timestamp":"2023-11-09 14:35:22"},{"nodeID":"1367052","text":"Asserting","type":"YA","timestamp":"2023-11-09 14:35:22"},{"nodeID":"1367053","text":"Default Transition","type":"TA","timestamp":"2023-11-09 14:35:22"},{"nodeID":"1367054","text":"trans people are, at the end of the day, they are abused so much","type":"I","timestamp":"2023-11-09 14:35:23"},{"nodeID":"1367055","text":"AudienceMember 20230209QT30: trans people are, at the end of the day, they are abused so much","type":"L","timestamp":"2023-11-09 14:35:23"},{"nodeID":"1367056","text":"Analysing","type":"YA","timestamp":"2023-11-09 14:35:23"},{"nodeID":"1367057","text":"Fyfe: AudienceMember 20230209QT30: trans people are, at the end of the day, they are abused so much","type":"L","timestamp":"2023-11-09 14:35:23"},{"nodeID":"1367058","text":"Asserting","type":"YA","timestamp":"2023-11-09 14:35:23"},{"nodeID":"1367059","text":"Default Transition","type":"TA","timestamp":"2023-11-09 14:35:23"},{"nodeID":"1367060","text":"it is shocking that this is a conversation that keeps on going on and on when there's other things to talk about","type":"I","timestamp":"2023-11-09 14:35:23"},{"nodeID":"1367061","text":"AudienceMember 20230209QT30:  it is shocking that this is a conversation that keeps on going on and on when there's other things to talk about","type":"L","timestamp":"2023-11-09 14:35:23"},{"nodeID":"1367062","text":"Analysing","type":"YA","timestamp":"2023-11-09 14:35:23"},{"nodeID":"1367063","text":"Fyfe: AudienceMember 20230209QT30:  it is shocking that this is a conversation that keeps on going on and on when there's other things to talk about","type":"L","timestamp":"2023-11-09 14:35:23"},{"nodeID":"1367064","text":"Asserting","type":"YA","timestamp":"2023-11-09 14:35:23"},{"nodeID":"1367065","text":"Default Transition","type":"TA","timestamp":"2023-11-09 14:35:23"},{"nodeID":"1367066","text":"Default Rephrase","type":"MA","timestamp":"2023-11-09 14:35:23"},{"nodeID":"1367067","text":"Default Transition","type":"TA","timestamp":"2023-11-09 14:35:23"},{"nodeID":"1367068","text":"Restating","type":"YA","timestamp":"2023-11-09 14:35:23"},{"nodeID":"1367069","text":"LGBT people have been attacked since forever using the example of bad apples","type":"I","timestamp":"2023-11-09 14:35:24"},{"nodeID":"1367070","text":"AudienceMember 20230209QT31: LGBT people have been attacked since forever using the example of bad apples","type":"L","timestamp":"2023-11-09 14:35:24"},{"nodeID":"1367071","text":"Analysing","type":"YA","timestamp":"2023-11-09 14:35:24"},{"nodeID":"1367072","text":"Fyfe: AudienceMember 20230209QT31: LGBT people have been attacked since forever using the example of bad apples","type":"L","timestamp":"2023-11-09 14:35:24"},{"nodeID":"1367073","text":"Asserting","type":"YA","timestamp":"2023-11-09 14:35:24"},{"nodeID":"1367074","text":"Default Transition","type":"TA","timestamp":"2023-11-09 14:35:24"},{"nodeID":"1367075","text":"Default Rephrase","type":"MA","timestamp":"2023-11-09 14:35:24"},{"nodeID":"1367076","text":"Default Transition","type":"TA","timestamp":"2023-11-09 14:35:24"},{"nodeID":"1367077","text":"Restating","type":"YA","timestamp":"2023-11-09 14:35:24"},{"nodeID":"1367078","text":"go back to Section 28","type":"I","timestamp":"2023-11-09 14:35:25"},{"nodeID":"1367079","text":"AudienceMember 20230209QT31: go back to Section 28","type":"L","timestamp":"2023-11-09 14:35:25"},{"nodeID":"1367080","text":"Analysing","type":"YA","timestamp":"2023-11-09 14:35:25"},{"nodeID":"1367081","text":"Fyfe: AudienceMember 20230209QT31: go back to Section 28","type":"L","timestamp":"2023-11-09 14:35:25"},{"nodeID":"1367082","text":"Asserting","type":"YA","timestamp":"2023-11-09 14:35:25"},{"nodeID":"1367083","text":"Default Transition","type":"TA","timestamp":"2023-11-09 14:35:25"},{"nodeID":"1367084","text":"Default Rephrase","type":"MA","timestamp":"2023-11-09 14:35:25"},{"nodeID":"1367085","text":"all the way back to 1967","type":"I","timestamp":"2023-11-09 14:35:25"},{"nodeID":"1367086","text":"AudienceMember 20230209QT31: all the way back to 1967","type":"L","timestamp":"2023-11-09 14:35:25"},{"nodeID":"1367087","text":"Analysing","type":"YA","timestamp":"2023-11-09 14:35:25"},{"nodeID":"1367088","text":"Fyfe: AudienceMember 20230209QT31: all the way back to 1967","type":"L","timestamp":"2023-11-09 14:35:25"},{"nodeID":"1367089","text":"Asserting","type":"YA","timestamp":"2023-11-09 14:35:25"},{"nodeID":"1367090","text":"Default Transition","type":"TA","timestamp":"2023-11-09 14:35:25"},{"nodeID":"1367091","text":"Default Rephrase","type":"MA","timestamp":"2023-11-09 14:35:25"},{"nodeID":"1367092","text":"the legalisation of same sex relations","type":"I","timestamp":"2023-11-09 14:35:26"},{"nodeID":"1367093","text":"AudienceMember 20230209QT31:  the legalisation of same sex relations","type":"L","timestamp":"2023-11-09 14:35:26"},{"nodeID":"1367094","text":"Analysing","type":"YA","timestamp":"2023-11-09 14:35:26"},{"nodeID":"1367095","text":"Fyfe: AudienceMember 20230209QT31:  the legalisation of same sex relations","type":"L","timestamp":"2023-11-09 14:35:26"},{"nodeID":"1367096","text":"Asserting","type":"YA","timestamp":"2023-11-09 14:35:26"},{"nodeID":"1367097","text":"Default Transition","type":"TA","timestamp":"2023-11-09 14:35:26"},{"nodeID":"1367098","text":"Default Rephrase","type":"MA","timestamp":"2023-11-09 14:35:26"},{"nodeID":"1367099","text":"Restating","type":"YA","timestamp":"2023-11-09 14:35:26"},{"nodeID":"1367100","text":"Restating","type":"YA","timestamp":"2023-11-09 14:35:26"},{"nodeID":"1367101","text":"Restating","type":"YA","timestamp":"2023-11-09 14:35:26"},{"nodeID":"1367102","text":"the exact same is happening now","type":"I","timestamp":"2023-11-09 14:35:26"},{"nodeID":"1367103","text":"AudienceMember 20230209QT31: the exact same is happening now","type":"L","timestamp":"2023-11-09 14:35:26"},{"nodeID":"1367104","text":"Analysing","type":"YA","timestamp":"2023-11-09 14:35:26"},{"nodeID":"1367105","text":"Fyfe: AudienceMember 20230209QT31: the exact same is happening now","type":"L","timestamp":"2023-11-09 14:35:26"},{"nodeID":"1367106","text":"Asserting","type":"YA","timestamp":"2023-11-09 14:35:26"},{"nodeID":"1367107","text":"Default Transition","type":"TA","timestamp":"2023-11-09 14:35:26"},{"nodeID":"1367108","text":"it's frankly really bad and bigoted","type":"I","timestamp":"2023-11-09 14:35:27"},{"nodeID":"1367109","text":"AudienceMember 20230209QT31: it's frankly really bad and bigoted","type":"L","timestamp":"2023-11-09 14:35:27"},{"nodeID":"1367110","text":"Analysing","type":"YA","timestamp":"2023-11-09 14:35:27"},{"nodeID":"1367111","text":"Fyfe: AudienceMember 20230209QT31: it's frankly really bad and bigoted","type":"L","timestamp":"2023-11-09 14:35:27"},{"nodeID":"1367112","text":"Asserting","type":"YA","timestamp":"2023-11-09 14:35:27"},{"nodeID":"1367113","text":"Default Transition","type":"TA","timestamp":"2023-11-09 14:35:27"},{"nodeID":"1367114","text":"Default Inference","type":"RA","timestamp":"2023-11-09 14:35:27"},{"nodeID":"1367115","text":"Default Transition","type":"TA","timestamp":"2023-11-09 14:35:27"},{"nodeID":"1367116","text":"Arguing","type":"YA","timestamp":"2023-11-09 14:35:27"},{"nodeID":"1367117","text":"Default Inference","type":"RA","timestamp":"2023-11-09 14:35:27"},{"nodeID":"1367118","text":"Arguing","type":"YA","timestamp":"2023-11-09 14:35:27"}],"edges":[{"edgeID":"1788539","fromID":"1366959","toID":"1366958","formEdgeID":null},{"edgeID":"1788540","fromID":"1366960","toID":"1366959","formEdgeID":null},{"edgeID":"1788541","fromID":"1366958","toID":"1366961","formEdgeID":null},{"edgeID":"1788542","fromID":"1366961","toID":"1366957","formEdgeID":null},{"edgeID":"1788543","fromID":"1366963","toID":"1366962","formEdgeID":null},{"edgeID":"1788544","fromID":"1366964","toID":"1366963","formEdgeID":null},{"edgeID":"1788545","fromID":"1366958","toID":"1366965","formEdgeID":null},{"edgeID":"1788546","fromID":"1366965","toID":"1366962","formEdgeID":null},{"edgeID":"1788547","fromID":"1366965","toID":"1366966","formEdgeID":null},{"edgeID":"1788548","fromID":"1366966","toID":"1366957","formEdgeID":null},{"edgeID":"1788549","fromID":"1366969","toID":"1366968","formEdgeID":null},{"edgeID":"1788550","fromID":"1366970","toID":"1366969","formEdgeID":null},{"edgeID":"1788551","fromID":"1366968","toID":"1366971","formEdgeID":null},{"edgeID":"1788552","fromID":"1366971","toID":"1366967","formEdgeID":null},{"edgeID":"1788553","fromID":"1366962","toID":"1366972","formEdgeID":null},{"edgeID":"1788554","fromID":"1366972","toID":"1366968","formEdgeID":null},{"edgeID":"1788555","fromID":"1366967","toID":"1366973","formEdgeID":null},{"edgeID":"1788556","fromID":"1366973","toID":"1366957","formEdgeID":null},{"edgeID":"1788557","fromID":"1366976","toID":"1366975","formEdgeID":null},{"edgeID":"1788558","fromID":"1366977","toID":"1366976","formEdgeID":null},{"edgeID":"1788559","fromID":"1366975","toID":"1366978","formEdgeID":null},{"edgeID":"1788560","fromID":"1366978","toID":"1366974","formEdgeID":null},{"edgeID":"1788561","fromID":"1366968","toID":"1366979","formEdgeID":null},{"edgeID":"1788562","fromID":"1366979","toID":"1366975","formEdgeID":null},{"edgeID":"1788563","fromID":"1366982","toID":"1366981","formEdgeID":null},{"edgeID":"1788564","fromID":"1366983","toID":"1366982","formEdgeID":null},{"edgeID":"1788565","fromID":"1366981","toID":"1366984","formEdgeID":null},{"edgeID":"1788566","fromID":"1366984","toID":"1366980","formEdgeID":null},{"edgeID":"1788567","fromID":"1366975","toID":"1366985","formEdgeID":null},{"edgeID":"1788568","fromID":"1366985","toID":"1366981","formEdgeID":null},{"edgeID":"1788569","fromID":"1366988","toID":"1366987","formEdgeID":null},{"edgeID":"1788570","fromID":"1366989","toID":"1366988","formEdgeID":null},{"edgeID":"1788571","fromID":"1366987","toID":"1366990","formEdgeID":null},{"edgeID":"1788572","fromID":"1366990","toID":"1366986","formEdgeID":null},{"edgeID":"1788573","fromID":"1366981","toID":"1366991","formEdgeID":null},{"edgeID":"1788574","fromID":"1366991","toID":"1366987","formEdgeID":null},{"edgeID":"1788575","fromID":"1366980","toID":"1366992","formEdgeID":null},{"edgeID":"1788576","fromID":"1366992","toID":"1366974","formEdgeID":null},{"edgeID":"1788577","fromID":"1366985","toID":"1366993","formEdgeID":null},{"edgeID":"1788578","fromID":"1366993","toID":"1366992","formEdgeID":null},{"edgeID":"1788579","fromID":"1366996","toID":"1366995","formEdgeID":null},{"edgeID":"1788580","fromID":"1366997","toID":"1366996","formEdgeID":null},{"edgeID":"1788581","fromID":"1366987","toID":"1366998","formEdgeID":null},{"edgeID":"1788582","fromID":"1366998","toID":"1366995","formEdgeID":null},{"edgeID":"1788583","fromID":"1367000","toID":"1366999","formEdgeID":null},{"edgeID":"1788584","fromID":"1367001","toID":"1367000","formEdgeID":null},{"edgeID":"1788585","fromID":"1366999","toID":"1367002","formEdgeID":null},{"edgeID":"1788586","fromID":"1367002","toID":"1366994","formEdgeID":null},{"edgeID":"1788587","fromID":"1366995","toID":"1367003","formEdgeID":null},{"edgeID":"1788588","fromID":"1367003","toID":"1366999","formEdgeID":null},{"edgeID":"1788589","fromID":"1367006","toID":"1367005","formEdgeID":null},{"edgeID":"1788590","fromID":"1367007","toID":"1367006","formEdgeID":null},{"edgeID":"1788591","fromID":"1367005","toID":"1367008","formEdgeID":null},{"edgeID":"1788592","fromID":"1367008","toID":"1367004","formEdgeID":null},{"edgeID":"1788593","fromID":"1366995","toID":"1367009","formEdgeID":null},{"edgeID":"1788594","fromID":"1367009","toID":"1367005","formEdgeID":null},{"edgeID":"1788595","fromID":"1367004","toID":"1367010","formEdgeID":null},{"edgeID":"1788596","fromID":"1367010","toID":"1366974","formEdgeID":null},{"edgeID":"1788597","fromID":"1366975","toID":"1367011","formEdgeID":null},{"edgeID":"1788598","fromID":"1367011","toID":"1367005","formEdgeID":null},{"edgeID":"1788599","fromID":"1367011","toID":"1367012","formEdgeID":null},{"edgeID":"1788600","fromID":"1367012","toID":"1367010","formEdgeID":null},{"edgeID":"1788601","fromID":"1367014","toID":"1367013","formEdgeID":null},{"edgeID":"1788602","fromID":"1367015","toID":"1367014","formEdgeID":null},{"edgeID":"1788603","fromID":"1367005","toID":"1367016","formEdgeID":null},{"edgeID":"1788604","fromID":"1367016","toID":"1367013","formEdgeID":null},{"edgeID":"1788605","fromID":"1367016","toID":"1367017","formEdgeID":null},{"edgeID":"1788606","fromID":"1367017","toID":"1366986","formEdgeID":null},{"edgeID":"1788607","fromID":"1367020","toID":"1367019","formEdgeID":null},{"edgeID":"1788608","fromID":"1367021","toID":"1367020","formEdgeID":null},{"edgeID":"1788609","fromID":"1367019","toID":"1367022","formEdgeID":null},{"edgeID":"1788610","fromID":"1367022","toID":"1367018","formEdgeID":null},{"edgeID":"1788611","fromID":"1367013","toID":"1367023","formEdgeID":null},{"edgeID":"1788612","fromID":"1367023","toID":"1367019","formEdgeID":null},{"edgeID":"1788613","fromID":"1367026","toID":"1367025","formEdgeID":null},{"edgeID":"1788614","fromID":"1367027","toID":"1367026","formEdgeID":null},{"edgeID":"1788615","fromID":"1367025","toID":"1367028","formEdgeID":null},{"edgeID":"1788616","fromID":"1367028","toID":"1367024","formEdgeID":null},{"edgeID":"1788617","fromID":"1367019","toID":"1367029","formEdgeID":null},{"edgeID":"1788618","fromID":"1367029","toID":"1367025","formEdgeID":null},{"edgeID":"1788619","fromID":"1367024","toID":"1367030","formEdgeID":null},{"edgeID":"1788620","fromID":"1367030","toID":"1367018","formEdgeID":null},{"edgeID":"1788621","fromID":"1367033","toID":"1367032","formEdgeID":null},{"edgeID":"1788622","fromID":"1367034","toID":"1367033","formEdgeID":null},{"edgeID":"1788623","fromID":"1367032","toID":"1367035","formEdgeID":null},{"edgeID":"1788624","fromID":"1367035","toID":"1367031","formEdgeID":null},{"edgeID":"1788625","fromID":"1367019","toID":"1367036","formEdgeID":null},{"edgeID":"1788626","fromID":"1367036","toID":"1367032","formEdgeID":null},{"edgeID":"1788627","fromID":"1367031","toID":"1367037","formEdgeID":null},{"edgeID":"1788628","fromID":"1367037","toID":"1367018","formEdgeID":null},{"edgeID":"1788629","fromID":"1367040","toID":"1367039","formEdgeID":null},{"edgeID":"1788630","fromID":"1367041","toID":"1367040","formEdgeID":null},{"edgeID":"1788631","fromID":"1367039","toID":"1367042","formEdgeID":null},{"edgeID":"1788632","fromID":"1367042","toID":"1367038","formEdgeID":null},{"edgeID":"1788633","fromID":"1367019","toID":"1367043","formEdgeID":null},{"edgeID":"1788634","fromID":"1367043","toID":"1367039","formEdgeID":null},{"edgeID":"1788635","fromID":"1367038","toID":"1367044","formEdgeID":null},{"edgeID":"1788636","fromID":"1367044","toID":"1367018","formEdgeID":null},{"edgeID":"1788637","fromID":"1367029","toID":"1367045","formEdgeID":null},{"edgeID":"1788638","fromID":"1367045","toID":"1367030","formEdgeID":null},{"edgeID":"1788639","fromID":"1367036","toID":"1367046","formEdgeID":null},{"edgeID":"1788640","fromID":"1367046","toID":"1367037","formEdgeID":null},{"edgeID":"1788641","fromID":"1367043","toID":"1367047","formEdgeID":null},{"edgeID":"1788642","fromID":"1367047","toID":"1367044","formEdgeID":null},{"edgeID":"1788643","fromID":"1367050","toID":"1367049","formEdgeID":null},{"edgeID":"1788644","fromID":"1367051","toID":"1367050","formEdgeID":null},{"edgeID":"1788645","fromID":"1367049","toID":"1367052","formEdgeID":null},{"edgeID":"1788646","fromID":"1367052","toID":"1367048","formEdgeID":null},{"edgeID":"1788647","fromID":"1367039","toID":"1367053","formEdgeID":null},{"edgeID":"1788648","fromID":"1367053","toID":"1367049","formEdgeID":null},{"edgeID":"1788649","fromID":"1367056","toID":"1367055","formEdgeID":null},{"edgeID":"1788650","fromID":"1367057","toID":"1367056","formEdgeID":null},{"edgeID":"1788651","fromID":"1367055","toID":"1367058","formEdgeID":null},{"edgeID":"1788652","fromID":"1367058","toID":"1367054","formEdgeID":null},{"edgeID":"1788653","fromID":"1367049","toID":"1367059","formEdgeID":null},{"edgeID":"1788654","fromID":"1367059","toID":"1367055","formEdgeID":null},{"edgeID":"1788655","fromID":"1367062","toID":"1367061","formEdgeID":null},{"edgeID":"1788656","fromID":"1367063","toID":"1367062","formEdgeID":null},{"edgeID":"1788657","fromID":"1367061","toID":"1367064","formEdgeID":null},{"edgeID":"1788658","fromID":"1367064","toID":"1367060","formEdgeID":null},{"edgeID":"1788659","fromID":"1367055","toID":"1367065","formEdgeID":null},{"edgeID":"1788660","fromID":"1367065","toID":"1367061","formEdgeID":null},{"edgeID":"1788661","fromID":"1367060","toID":"1367066","formEdgeID":null},{"edgeID":"1788662","fromID":"1367066","toID":"1367018","formEdgeID":null},{"edgeID":"1788663","fromID":"1367019","toID":"1367067","formEdgeID":null},{"edgeID":"1788664","fromID":"1367067","toID":"1367061","formEdgeID":null},{"edgeID":"1788665","fromID":"1367067","toID":"1367068","formEdgeID":null},{"edgeID":"1788666","fromID":"1367068","toID":"1367066","formEdgeID":null},{"edgeID":"1788667","fromID":"1367071","toID":"1367070","formEdgeID":null},{"edgeID":"1788668","fromID":"1367072","toID":"1367071","formEdgeID":null},{"edgeID":"1788669","fromID":"1367070","toID":"1367073","formEdgeID":null},{"edgeID":"1788670","fromID":"1367073","toID":"1367069","formEdgeID":null},{"edgeID":"1788671","fromID":"1367061","toID":"1367074","formEdgeID":null},{"edgeID":"1788672","fromID":"1367074","toID":"1367070","formEdgeID":null},{"edgeID":"1788673","fromID":"1367069","toID":"1367075","formEdgeID":null},{"edgeID":"1788674","fromID":"1367075","toID":"1367054","formEdgeID":null},{"edgeID":"1788675","fromID":"1367055","toID":"1367076","formEdgeID":null},{"edgeID":"1788676","fromID":"1367076","toID":"1367070","formEdgeID":null},{"edgeID":"1788677","fromID":"1367076","toID":"1367077","formEdgeID":null},{"edgeID":"1788678","fromID":"1367077","toID":"1367075","formEdgeID":null},{"edgeID":"1788679","fromID":"1367080","toID":"1367079","formEdgeID":null},{"edgeID":"1788680","fromID":"1367081","toID":"1367080","formEdgeID":null},{"edgeID":"1788681","fromID":"1367079","toID":"1367082","formEdgeID":null},{"edgeID":"1788682","fromID":"1367082","toID":"1367078","formEdgeID":null},{"edgeID":"1788683","fromID":"1367070","toID":"1367083","formEdgeID":null},{"edgeID":"1788684","fromID":"1367083","toID":"1367079","formEdgeID":null},{"edgeID":"1788685","fromID":"1367078","toID":"1367084","formEdgeID":null},{"edgeID":"1788686","fromID":"1367084","toID":"1367069","formEdgeID":null},{"edgeID":"1788687","fromID":"1367087","toID":"1367086","formEdgeID":null},{"edgeID":"1788688","fromID":"1367088","toID":"1367087","formEdgeID":null},{"edgeID":"1788689","fromID":"1367086","toID":"1367089","formEdgeID":null},{"edgeID":"1788690","fromID":"1367089","toID":"1367085","formEdgeID":null},{"edgeID":"1788691","fromID":"1367070","toID":"1367090","formEdgeID":null},{"edgeID":"1788692","fromID":"1367090","toID":"1367086","formEdgeID":null},{"edgeID":"1788693","fromID":"1367085","toID":"1367091","formEdgeID":null},{"edgeID":"1788694","fromID":"1367091","toID":"1367069","formEdgeID":null},{"edgeID":"1788695","fromID":"1367094","toID":"1367093","formEdgeID":null},{"edgeID":"1788696","fromID":"1367095","toID":"1367094","formEdgeID":null},{"edgeID":"1788697","fromID":"1367093","toID":"1367096","formEdgeID":null},{"edgeID":"1788698","fromID":"1367096","toID":"1367092","formEdgeID":null},{"edgeID":"1788699","fromID":"1367070","toID":"1367097","formEdgeID":null},{"edgeID":"1788700","fromID":"1367097","toID":"1367093","formEdgeID":null},{"edgeID":"1788701","fromID":"1367092","toID":"1367098","formEdgeID":null},{"edgeID":"1788702","fromID":"1367098","toID":"1367069","formEdgeID":null},{"edgeID":"1788703","fromID":"1367083","toID":"1367099","formEdgeID":null},{"edgeID":"1788704","fromID":"1367099","toID":"1367084","formEdgeID":null},{"edgeID":"1788705","fromID":"1367090","toID":"1367100","formEdgeID":null},{"edgeID":"1788706","fromID":"1367100","toID":"1367091","formEdgeID":null},{"edgeID":"1788707","fromID":"1367097","toID":"1367101","formEdgeID":null},{"edgeID":"1788708","fromID":"1367101","toID":"1367098","formEdgeID":null},{"edgeID":"1788709","fromID":"1367104","toID":"1367103","formEdgeID":null},{"edgeID":"1788710","fromID":"1367105","toID":"1367104","formEdgeID":null},{"edgeID":"1788711","fromID":"1367103","toID":"1367106","formEdgeID":null},{"edgeID":"1788712","fromID":"1367106","toID":"1367102","formEdgeID":null},{"edgeID":"1788713","fromID":"1367093","toID":"1367107","formEdgeID":null},{"edgeID":"1788714","fromID":"1367107","toID":"1367103","formEdgeID":null},{"edgeID":"1788715","fromID":"1367110","toID":"1367109","formEdgeID":null},{"edgeID":"1788716","fromID":"1367111","toID":"1367110","formEdgeID":null},{"edgeID":"1788717","fromID":"1367109","toID":"1367112","formEdgeID":null},{"edgeID":"1788718","fromID":"1367112","toID":"1367108","formEdgeID":null},{"edgeID":"1788719","fromID":"1367103","toID":"1367113","formEdgeID":null},{"edgeID":"1788720","fromID":"1367113","toID":"1367109","formEdgeID":null},{"edgeID":"1788721","fromID":"1367069","toID":"1367114","formEdgeID":null},{"edgeID":"1788722","fromID":"1367114","toID":"1367102","formEdgeID":null},{"edgeID":"1788723","fromID":"1367070","toID":"1367115","formEdgeID":null},{"edgeID":"1788724","fromID":"1367115","toID":"1367103","formEdgeID":null},{"edgeID":"1788725","fromID":"1367115","toID":"1367116","formEdgeID":null},{"edgeID":"1788726","fromID":"1367116","toID":"1367114","formEdgeID":null},{"edgeID":"1788727","fromID":"1367102","toID":"1367117","formEdgeID":null},{"edgeID":"1788728","fromID":"1367117","toID":"1367108","formEdgeID":null},{"edgeID":"1788729","fromID":"1367113","toID":"1367118","formEdgeID":null},{"edgeID":"1788730","fromID":"1367118","toID":"1367117","formEdgeID":null}],"locutions":[]}