{"nodes":[{"nodeID":"1367225","text":"successive governments allowed us to become totally dependent on Russian gas and oil because xxx","type":"I","timestamp":"2023-11-09 14:35:37"},{"nodeID":"1367226","text":"AudienceMember 20230209QT33: why successive governments allowed us to become totally dependent on Russian gas and oil","type":"L","timestamp":"2023-11-09 14:35:37"},{"nodeID":"1367227","text":"Analysing","type":"YA","timestamp":"2023-11-09 14:35:37"},{"nodeID":"1367228","text":"Anon: AudienceMember 20230209QT33: why successive governments allowed us to become totally dependent on Russian gas and oil","type":"L","timestamp":"2023-11-09 14:35:37"},{"nodeID":"1367229","text":"Pure Questioning","type":"YA","timestamp":"2023-11-09 14:35:37"},{"nodeID":"1367230","text":"successive governments didn't have a long-term plan for our own energy use because xxx","type":"I","timestamp":"2023-11-09 14:35:38"},{"nodeID":"1367231","text":"AudienceMember 20230209QT33: didn't have a long-term plan for our own energy use","type":"L","timestamp":"2023-11-09 14:35:38"},{"nodeID":"1367232","text":"Analysing","type":"YA","timestamp":"2023-11-09 14:35:38"},{"nodeID":"1367233","text":"Anon: AudienceMember 20230209QT33: didn't have a long-term plan for our own energy use","type":"L","timestamp":"2023-11-09 14:35:38"},{"nodeID":"1367234","text":"Pure Questioning","type":"YA","timestamp":"2023-11-09 14:35:38"},{"nodeID":"1367235","text":"Default Transition","type":"TA","timestamp":"2023-11-09 14:35:38"},{"nodeID":"1367236","text":"the Shell profit of 52 billion is atrocious","type":"I","timestamp":"2023-11-09 14:35:38"},{"nodeID":"1367237","text":"AudienceMember 20230209QT34: the Shell thing of 52 billion is atrocious","type":"L","timestamp":"2023-11-09 14:35:38"},{"nodeID":"1367238","text":"Analysing","type":"YA","timestamp":"2023-11-09 14:35:38"},{"nodeID":"1367239","text":"Anon: AudienceMember 20230209QT34: the Shell thing of 52 billion is atrocious","type":"L","timestamp":"2023-11-09 14:35:38"},{"nodeID":"1367240","text":"Asserting","type":"YA","timestamp":"2023-11-09 14:35:38"},{"nodeID":"1367241","text":"Default Transition","type":"TA","timestamp":"2023-11-09 14:35:38"},{"nodeID":"1367242","text":"Shell are making huge profits while there's people out there starving","type":"I","timestamp":"2023-11-09 14:35:39"},{"nodeID":"1367243","text":"AudienceMember 20230209QT34: They're making huge profits while there's people out there starving","type":"L","timestamp":"2023-11-09 14:35:39"},{"nodeID":"1367244","text":"Analysing","type":"YA","timestamp":"2023-11-09 14:35:39"},{"nodeID":"1367245","text":"Anon: AudienceMember 20230209QT34: They're making huge profits while there's people out there starving","type":"L","timestamp":"2023-11-09 14:35:39"},{"nodeID":"1367246","text":"Asserting","type":"YA","timestamp":"2023-11-09 14:35:39"},{"nodeID":"1367247","text":"Default Transition","type":"TA","timestamp":"2023-11-09 14:35:39"},{"nodeID":"1367248","text":"Default Inference","type":"RA","timestamp":"2023-11-09 14:35:39"},{"nodeID":"1367249","text":"Arguing","type":"YA","timestamp":"2023-11-09 14:35:39"},{"nodeID":"1367250","text":"people go to food banks","type":"I","timestamp":"2023-11-09 14:35:40"},{"nodeID":"1367251","text":"AudienceMember 20230209QT34: People going to food banks","type":"L","timestamp":"2023-11-09 14:35:40"},{"nodeID":"1367252","text":"Analysing","type":"YA","timestamp":"2023-11-09 14:35:40"},{"nodeID":"1367253","text":"Anon: AudienceMember 20230209QT34: People going to food banks","type":"L","timestamp":"2023-11-09 14:35:40"},{"nodeID":"1367254","text":"Asserting","type":"YA","timestamp":"2023-11-09 14:35:40"},{"nodeID":"1367255","text":"Default Transition","type":"TA","timestamp":"2023-11-09 14:35:40"},{"nodeID":"1367256","text":"Default Inference","type":"RA","timestamp":"2023-11-09 14:35:40"},{"nodeID":"1367257","text":"Arguing","type":"YA","timestamp":"2023-11-09 14:35:40"},{"nodeID":"1367258","text":"you can't get hold of a doctor or a nurse","type":"I","timestamp":"2023-11-09 14:35:40"},{"nodeID":"1367259","text":"AudienceMember 20230209QT34: You can't get hold of a doctor or a nurse","type":"L","timestamp":"2023-11-09 14:35:40"},{"nodeID":"1367260","text":"Analysing","type":"YA","timestamp":"2023-11-09 14:35:40"},{"nodeID":"1367261","text":"Anon: AudienceMember 20230209QT34: You can't get hold of a doctor or a nurse","type":"L","timestamp":"2023-11-09 14:35:40"},{"nodeID":"1367262","text":"Asserting","type":"YA","timestamp":"2023-11-09 14:35:40"},{"nodeID":"1367263","text":"Default Transition","type":"TA","timestamp":"2023-11-09 14:35:40"},{"nodeID":"1367264","text":"AudienceMember 20230209QT34 have had Parkinson's for 15 years","type":"I","timestamp":"2023-11-09 14:35:41"},{"nodeID":"1367265","text":"AudienceMember 20230209QT34: I've had Parkinson's for 15 years","type":"L","timestamp":"2023-11-09 14:35:41"},{"nodeID":"1367266","text":"Analysing","type":"YA","timestamp":"2023-11-09 14:35:41"},{"nodeID":"1367267","text":"Anon: AudienceMember 20230209QT34: I've had Parkinson's for 15 years","type":"L","timestamp":"2023-11-09 14:35:41"},{"nodeID":"1367268","text":"Asserting","type":"YA","timestamp":"2023-11-09 14:35:41"},{"nodeID":"1367269","text":"trying to get a doctor or nurse is impossible","type":"I","timestamp":"2023-11-09 14:35:41"},{"nodeID":"1367270","text":"AudienceMember 20230209QT34: trying to get a doctor or nurse is impossible","type":"L","timestamp":"2023-11-09 14:35:41"},{"nodeID":"1367271","text":"Analysing","type":"YA","timestamp":"2023-11-09 14:35:41"},{"nodeID":"1367272","text":"Anon: AudienceMember 20230209QT34: trying to get a doctor or nurse is impossible","type":"L","timestamp":"2023-11-09 14:35:41"},{"nodeID":"1367273","text":"Asserting","type":"YA","timestamp":"2023-11-09 14:35:41"},{"nodeID":"1367274","text":"Default Transition","type":"TA","timestamp":"2023-11-09 14:35:41"},{"nodeID":"1367275","text":"AudienceMember 20230209QT34 moved house three years ago","type":"I","timestamp":"2023-11-09 14:35:42"},{"nodeID":"1367276","text":"AudienceMember 20230209QT34: I moved house three years ago","type":"L","timestamp":"2023-11-09 14:35:42"},{"nodeID":"1367277","text":"Analysing","type":"YA","timestamp":"2023-11-09 14:35:42"},{"nodeID":"1367278","text":"Anon: AudienceMember 20230209QT34: I moved house three years ago","type":"L","timestamp":"2023-11-09 14:35:42"},{"nodeID":"1367279","text":"Asserting","type":"YA","timestamp":"2023-11-09 14:35:42"},{"nodeID":"1367280","text":"AudienceMember 20230209QT34 has not seen a doctor in three years","type":"I","timestamp":"2023-11-09 14:35:43"},{"nodeID":"1367281","text":"AudienceMember 20230209QT34: I've not seen a doctor in three years","type":"L","timestamp":"2023-11-09 14:35:43"},{"nodeID":"1367282","text":"Analysing","type":"YA","timestamp":"2023-11-09 14:35:43"},{"nodeID":"1367283","text":"Anon: AudienceMember 20230209QT34: I've not seen a doctor in three years","type":"L","timestamp":"2023-11-09 14:35:43"},{"nodeID":"1367284","text":"Asserting","type":"YA","timestamp":"2023-11-09 14:35:43"},{"nodeID":"1367285","text":"Default Transition","type":"TA","timestamp":"2023-11-09 14:35:43"},{"nodeID":"1367286","text":"Default Rephrase","type":"MA","timestamp":"2023-11-09 14:35:43"},{"nodeID":"1367287","text":"Restating","type":"YA","timestamp":"2023-11-09 14:35:43"},{"nodeID":"1367288","text":"Default Transition","type":"TA","timestamp":"2023-11-09 14:35:43"},{"nodeID":"1367289","text":"Default Inference","type":"RA","timestamp":"2023-11-09 14:35:43"},{"nodeID":"1367290","text":"Arguing","type":"YA","timestamp":"2023-11-09 14:35:43"},{"nodeID":"1367291","text":"Default Transition","type":"TA","timestamp":"2023-11-09 14:35:43"},{"nodeID":"1367292","text":"it is just atrocious this country has come to this","type":"I","timestamp":"2023-11-09 14:35:43"},{"nodeID":"1367293","text":"AudienceMember 20230209QT34: It is just atrocious this country has come to this","type":"L","timestamp":"2023-11-09 14:35:43"},{"nodeID":"1367294","text":"Analysing","type":"YA","timestamp":"2023-11-09 14:35:43"},{"nodeID":"1367295","text":"Anon: AudienceMember 20230209QT34: It is just atrocious this country has come to this","type":"L","timestamp":"2023-11-09 14:35:43"},{"nodeID":"1367296","text":"Asserting","type":"YA","timestamp":"2023-11-09 14:35:43"},{"nodeID":"1367297","text":"Default Transition","type":"TA","timestamp":"2023-11-09 14:35:43"},{"nodeID":"1367298","text":"Default Inference","type":"RA","timestamp":"2023-11-09 14:35:43"},{"nodeID":"1367299","text":"Arguing","type":"YA","timestamp":"2023-11-09 14:35:43"},{"nodeID":"1367300","text":"Default Transition","type":"TA","timestamp":"2023-11-09 14:35:43"},{"nodeID":"1367301","text":"Default Inference","type":"RA","timestamp":"2023-11-09 14:35:43"},{"nodeID":"1367302","text":"Arguing","type":"YA","timestamp":"2023-11-09 14:35:43"},{"nodeID":"1367303","text":"this country is all about oil money and all the rich people","type":"I","timestamp":"2023-11-09 14:35:44"},{"nodeID":"1367304","text":"AudienceMember 20230209QT34: Oil money and all the rich people","type":"L","timestamp":"2023-11-09 14:35:44"},{"nodeID":"1367305","text":"Analysing","type":"YA","timestamp":"2023-11-09 14:35:44"},{"nodeID":"1367306","text":"Anon: AudienceMember 20230209QT34: Oil money and all the rich people","type":"L","timestamp":"2023-11-09 14:35:44"},{"nodeID":"1367307","text":"Asserting","type":"YA","timestamp":"2023-11-09 14:35:44"},{"nodeID":"1367308","text":"Default Transition","type":"TA","timestamp":"2023-11-09 14:35:44"},{"nodeID":"1367309","text":"Default Rephrase","type":"MA","timestamp":"2023-11-09 14:35:44"},{"nodeID":"1367310","text":"Restating","type":"YA","timestamp":"2023-11-09 14:35:44"}],"edges":[{"edgeID":"1788859","fromID":"1367227","toID":"1367226","formEdgeID":null},{"edgeID":"1788860","fromID":"1367228","toID":"1367227","formEdgeID":null},{"edgeID":"1788861","fromID":"1367226","toID":"1367229","formEdgeID":null},{"edgeID":"1788862","fromID":"1367229","toID":"1367225","formEdgeID":null},{"edgeID":"1788863","fromID":"1367232","toID":"1367231","formEdgeID":null},{"edgeID":"1788864","fromID":"1367233","toID":"1367232","formEdgeID":null},{"edgeID":"1788865","fromID":"1367231","toID":"1367234","formEdgeID":null},{"edgeID":"1788866","fromID":"1367234","toID":"1367230","formEdgeID":null},{"edgeID":"1788867","fromID":"1367226","toID":"1367235","formEdgeID":null},{"edgeID":"1788868","fromID":"1367235","toID":"1367231","formEdgeID":null},{"edgeID":"1788869","fromID":"1367238","toID":"1367237","formEdgeID":null},{"edgeID":"1788870","fromID":"1367239","toID":"1367238","formEdgeID":null},{"edgeID":"1788871","fromID":"1367237","toID":"1367240","formEdgeID":null},{"edgeID":"1788872","fromID":"1367240","toID":"1367236","formEdgeID":null},{"edgeID":"1788873","fromID":"1367231","toID":"1367241","formEdgeID":null},{"edgeID":"1788874","fromID":"1367241","toID":"1367237","formEdgeID":null},{"edgeID":"1788875","fromID":"1367244","toID":"1367243","formEdgeID":null},{"edgeID":"1788876","fromID":"1367245","toID":"1367244","formEdgeID":null},{"edgeID":"1788877","fromID":"1367243","toID":"1367246","formEdgeID":null},{"edgeID":"1788878","fromID":"1367246","toID":"1367242","formEdgeID":null},{"edgeID":"1788879","fromID":"1367237","toID":"1367247","formEdgeID":null},{"edgeID":"1788880","fromID":"1367247","toID":"1367243","formEdgeID":null},{"edgeID":"1788881","fromID":"1367242","toID":"1367248","formEdgeID":null},{"edgeID":"1788882","fromID":"1367248","toID":"1367236","formEdgeID":null},{"edgeID":"1788883","fromID":"1367247","toID":"1367249","formEdgeID":null},{"edgeID":"1788884","fromID":"1367249","toID":"1367248","formEdgeID":null},{"edgeID":"1788885","fromID":"1367252","toID":"1367251","formEdgeID":null},{"edgeID":"1788886","fromID":"1367253","toID":"1367252","formEdgeID":null},{"edgeID":"1788887","fromID":"1367251","toID":"1367254","formEdgeID":null},{"edgeID":"1788888","fromID":"1367254","toID":"1367250","formEdgeID":null},{"edgeID":"1788889","fromID":"1367243","toID":"1367255","formEdgeID":null},{"edgeID":"1788890","fromID":"1367255","toID":"1367251","formEdgeID":null},{"edgeID":"1788891","fromID":"1367250","toID":"1367256","formEdgeID":null},{"edgeID":"1788892","fromID":"1367256","toID":"1367242","formEdgeID":null},{"edgeID":"1788893","fromID":"1367255","toID":"1367257","formEdgeID":null},{"edgeID":"1788894","fromID":"1367257","toID":"1367256","formEdgeID":null},{"edgeID":"1788895","fromID":"1367260","toID":"1367259","formEdgeID":null},{"edgeID":"1788896","fromID":"1367261","toID":"1367260","formEdgeID":null},{"edgeID":"1788897","fromID":"1367259","toID":"1367262","formEdgeID":null},{"edgeID":"1788898","fromID":"1367262","toID":"1367258","formEdgeID":null},{"edgeID":"1788899","fromID":"1367251","toID":"1367263","formEdgeID":null},{"edgeID":"1788900","fromID":"1367263","toID":"1367259","formEdgeID":null},{"edgeID":"1788901","fromID":"1367266","toID":"1367265","formEdgeID":null},{"edgeID":"1788902","fromID":"1367267","toID":"1367266","formEdgeID":null},{"edgeID":"1788903","fromID":"1367265","toID":"1367268","formEdgeID":null},{"edgeID":"1788904","fromID":"1367268","toID":"1367264","formEdgeID":null},{"edgeID":"1788905","fromID":"1367271","toID":"1367270","formEdgeID":null},{"edgeID":"1788906","fromID":"1367272","toID":"1367271","formEdgeID":null},{"edgeID":"1788907","fromID":"1367270","toID":"1367273","formEdgeID":null},{"edgeID":"1788908","fromID":"1367273","toID":"1367269","formEdgeID":null},{"edgeID":"1788909","fromID":"1367259","toID":"1367274","formEdgeID":null},{"edgeID":"1788910","fromID":"1367274","toID":"1367265","formEdgeID":null},{"edgeID":"1788911","fromID":"1367277","toID":"1367276","formEdgeID":null},{"edgeID":"1788912","fromID":"1367278","toID":"1367277","formEdgeID":null},{"edgeID":"1788913","fromID":"1367276","toID":"1367279","formEdgeID":null},{"edgeID":"1788914","fromID":"1367279","toID":"1367275","formEdgeID":null},{"edgeID":"1788915","fromID":"1367282","toID":"1367281","formEdgeID":null},{"edgeID":"1788916","fromID":"1367283","toID":"1367282","formEdgeID":null},{"edgeID":"1788917","fromID":"1367281","toID":"1367284","formEdgeID":null},{"edgeID":"1788918","fromID":"1367284","toID":"1367280","formEdgeID":null},{"edgeID":"1788919","fromID":"1367259","toID":"1367285","formEdgeID":null},{"edgeID":"1788920","fromID":"1367285","toID":"1367270","formEdgeID":null},{"edgeID":"1788921","fromID":"1367269","toID":"1367286","formEdgeID":null},{"edgeID":"1788922","fromID":"1367286","toID":"1367258","formEdgeID":null},{"edgeID":"1788923","fromID":"1367285","toID":"1367287","formEdgeID":null},{"edgeID":"1788924","fromID":"1367287","toID":"1367286","formEdgeID":null},{"edgeID":"1788925","fromID":"1367270","toID":"1367288","formEdgeID":null},{"edgeID":"1788926","fromID":"1367288","toID":"1367281","formEdgeID":null},{"edgeID":"1788927","fromID":"1367280","toID":"1367289","formEdgeID":null},{"edgeID":"1788928","fromID":"1367289","toID":"1367269","formEdgeID":null},{"edgeID":"1788929","fromID":"1367288","toID":"1367290","formEdgeID":null},{"edgeID":"1788930","fromID":"1367290","toID":"1367289","formEdgeID":null},{"edgeID":"1788931","fromID":"1367270","toID":"1367291","formEdgeID":null},{"edgeID":"1788932","fromID":"1367291","toID":"1367276","formEdgeID":null},{"edgeID":"1788933","fromID":"1367294","toID":"1367293","formEdgeID":null},{"edgeID":"1788934","fromID":"1367295","toID":"1367294","formEdgeID":null},{"edgeID":"1788935","fromID":"1367293","toID":"1367296","formEdgeID":null},{"edgeID":"1788936","fromID":"1367296","toID":"1367292","formEdgeID":null},{"edgeID":"1788937","fromID":"1367237","toID":"1367297","formEdgeID":null},{"edgeID":"1788938","fromID":"1367297","toID":"1367293","formEdgeID":null},{"edgeID":"1788939","fromID":"1367236","toID":"1367298","formEdgeID":null},{"edgeID":"1788940","fromID":"1367298","toID":"1367292","formEdgeID":null},{"edgeID":"1788941","fromID":"1367297","toID":"1367299","formEdgeID":null},{"edgeID":"1788942","fromID":"1367299","toID":"1367298","formEdgeID":null},{"edgeID":"1788943","fromID":"1367259","toID":"1367300","formEdgeID":null},{"edgeID":"1788944","fromID":"1367300","toID":"1367293","formEdgeID":null},{"edgeID":"1788945","fromID":"1367258","toID":"1367301","formEdgeID":null},{"edgeID":"1788946","fromID":"1367301","toID":"1367292","formEdgeID":null},{"edgeID":"1788947","fromID":"1367300","toID":"1367302","formEdgeID":null},{"edgeID":"1788948","fromID":"1367302","toID":"1367301","formEdgeID":null},{"edgeID":"1788949","fromID":"1367305","toID":"1367304","formEdgeID":null},{"edgeID":"1788950","fromID":"1367306","toID":"1367305","formEdgeID":null},{"edgeID":"1788951","fromID":"1367304","toID":"1367307","formEdgeID":null},{"edgeID":"1788952","fromID":"1367307","toID":"1367303","formEdgeID":null},{"edgeID":"1788953","fromID":"1367293","toID":"1367308","formEdgeID":null},{"edgeID":"1788954","fromID":"1367308","toID":"1367304","formEdgeID":null},{"edgeID":"1788955","fromID":"1367303","toID":"1367309","formEdgeID":null},{"edgeID":"1788956","fromID":"1367309","toID":"1367292","formEdgeID":null},{"edgeID":"1788957","fromID":"1367308","toID":"1367310","formEdgeID":null},{"edgeID":"1788958","fromID":"1367310","toID":"1367309","formEdgeID":null}],"locutions":[]}