{"nodes":[{"nodeID":"1365822","text":"since 2004 in Scotland, the rule has been that anyone who is trans and want a transfer into the women's estate can apply","type":"I","timestamp":"2023-11-09 14:33:32"},{"nodeID":"1365823","text":"India Willoughby: Since 2004 in Scotland, the rule has been that anyone who is trans and want a transfer into the women's estate can apply","type":"L","timestamp":"2023-11-09 14:33:32"},{"nodeID":"1365824","text":"Analysing","type":"YA","timestamp":"2023-11-09 14:33:32"},{"nodeID":"1365825","text":"Lara: India Willoughby: Since 2004 in Scotland, the rule has been that anyone who is trans and want a transfer into the women's estate can apply","type":"L","timestamp":"2023-11-09 14:33:32"},{"nodeID":"1365826","text":"Asserting","type":"YA","timestamp":"2023-11-09 14:33:32"},{"nodeID":"1365827","text":"it is a human right that anyone who is trans and want a transfer into the women's estate can apply","type":"I","timestamp":"2023-11-09 14:33:33"},{"nodeID":"1365828","text":"India Willoughby: that's a human right","type":"L","timestamp":"2023-11-09 14:33:33"},{"nodeID":"1365829","text":"Analysing","type":"YA","timestamp":"2023-11-09 14:33:33"},{"nodeID":"1365830","text":"Lara: India Willoughby: that's a human right","type":"L","timestamp":"2023-11-09 14:33:33"},{"nodeID":"1365831","text":"Asserting","type":"YA","timestamp":"2023-11-09 14:33:33"},{"nodeID":"1365832","text":"anyone who is trans and wants a transfer into the women's estate is entitled to apply","type":"I","timestamp":"2023-11-09 14:33:34"},{"nodeID":"1365833","text":"India Willoughby: they're entitled to apply","type":"L","timestamp":"2023-11-09 14:33:34"},{"nodeID":"1365834","text":"Analysing","type":"YA","timestamp":"2023-11-09 14:33:34"},{"nodeID":"1365835","text":"Lara: India Willoughby: they're entitled to apply","type":"L","timestamp":"2023-11-09 14:33:34"},{"nodeID":"1365836","text":"Asserting","type":"YA","timestamp":"2023-11-09 14:33:34"},{"nodeID":"1365837","text":"the procedure is that a Panel of mixed professionals from different disciplines will compile reports","type":"I","timestamp":"2023-11-09 14:33:34"},{"nodeID":"1365838","text":"India Willoughby: The procedure is that a Panel of mixed professionals from different disciplines will compile reports","type":"L","timestamp":"2023-11-09 14:33:34"},{"nodeID":"1365839","text":"Lara: India Willoughby: The procedure is that a Panel of mixed professionals from different disciplines will compile reports","type":"L","timestamp":"2023-11-09 14:33:34"},{"nodeID":"1365840","text":"Analysing","type":"YA","timestamp":"2023-11-09 14:33:34"},{"nodeID":"1365841","text":"Asserting","type":"YA","timestamp":"2023-11-09 14:33:34"},{"nodeID":"1365842","text":"a Panel of mixed professionals will get together","type":"I","timestamp":"2023-11-09 14:33:35"},{"nodeID":"1365843","text":"India Willoughby:  get together","type":"L","timestamp":"2023-11-09 14:33:35"},{"nodeID":"1365844","text":"Analysing","type":"YA","timestamp":"2023-11-09 14:33:35"},{"nodeID":"1365845","text":"Lara: India Willoughby:  get together","type":"L","timestamp":"2023-11-09 14:33:35"},{"nodeID":"1365846","text":"Asserting","type":"YA","timestamp":"2023-11-09 14:33:35"},{"nodeID":"1365847","text":"a Panel of mixed professionals will constitute the application","type":"I","timestamp":"2023-11-09 14:33:35"},{"nodeID":"1365848","text":"India Willoughby: constitute it","type":"L","timestamp":"2023-11-09 14:33:35"},{"nodeID":"1365849","text":"Analysing","type":"YA","timestamp":"2023-11-09 14:33:35"},{"nodeID":"1365850","text":"Lara: India Willoughby: constitute it","type":"L","timestamp":"2023-11-09 14:33:35"},{"nodeID":"1365851","text":"Asserting","type":"YA","timestamp":"2023-11-09 14:33:35"},{"nodeID":"1365852","text":"there is categorically no way somebody who has committed rape would be moved into the women's estate","type":"I","timestamp":"2023-11-09 14:33:36"},{"nodeID":"1365853","text":"India Willoughby: There is categorically no way somebody who has committed rape would be moved into the women's estate","type":"L","timestamp":"2023-11-09 14:33:36"},{"nodeID":"1365854","text":"Analysing","type":"YA","timestamp":"2023-11-09 14:33:36"},{"nodeID":"1365855","text":"Lara: India Willoughby: There is categorically no way somebody who has committed rape would be moved into the women's estate","type":"L","timestamp":"2023-11-09 14:33:36"},{"nodeID":"1365856","text":"Asserting","type":"YA","timestamp":"2023-11-09 14:33:36"},{"nodeID":"1365857","text":"some of you might not believe that there is no way somebody who has committed rape would be moved into the women's estate given what you have read in the press","type":"I","timestamp":"2023-11-09 14:33:37"},{"nodeID":"1365858","text":"India Willoughby:  some of you might not believe that given what you have read in the press","type":"L","timestamp":"2023-11-09 14:33:37"},{"nodeID":"1365859","text":"Analysing","type":"YA","timestamp":"2023-11-09 14:33:37"},{"nodeID":"1365860","text":"Lara: India Willoughby:  some of you might not believe that given what you have read in the press","type":"L","timestamp":"2023-11-09 14:33:37"},{"nodeID":"1365861","text":"Asserting","type":"YA","timestamp":"2023-11-09 14:33:37"},{"nodeID":"1365862","text":"a lot of the stories in the press are made up","type":"I","timestamp":"2023-11-09 14:33:37"},{"nodeID":"1365863","text":"India Willoughby: a lot of these stories are made up","type":"L","timestamp":"2023-11-09 14:33:37"},{"nodeID":"1365864","text":"Analysing","type":"YA","timestamp":"2023-11-09 14:33:37"},{"nodeID":"1365865","text":"Lara: India Willoughby: a lot of these stories are made up","type":"L","timestamp":"2023-11-09 14:33:37"},{"nodeID":"1365866","text":"Asserting","type":"YA","timestamp":"2023-11-09 14:33:37"},{"nodeID":"1365867","text":"no one is suggesting that because you are trans clearly you would be an offender","type":"I","timestamp":"2023-11-09 14:33:38"},{"nodeID":"1365868","text":"Fiona Bruce:  no one is suggesting that because you are trans clearly you would be an offender","type":"L","timestamp":"2023-11-09 14:33:38"},{"nodeID":"1365869","text":"Analysing","type":"YA","timestamp":"2023-11-09 14:33:38"},{"nodeID":"1365870","text":"Lara: Fiona Bruce:  no one is suggesting that because you are trans clearly you would be an offender","type":"L","timestamp":"2023-11-09 14:33:38"},{"nodeID":"1365871","text":"Asserting","type":"YA","timestamp":"2023-11-09 14:33:38"},{"nodeID":"1365872","text":"that trans people are offenders is clearly what we're not saying here","type":"I","timestamp":"2023-11-09 14:33:38"},{"nodeID":"1365873","text":"Fiona Bruce: That's clearly what we're not saying here","type":"L","timestamp":"2023-11-09 14:33:38"},{"nodeID":"1365874","text":"Analysing","type":"YA","timestamp":"2023-11-09 14:33:38"},{"nodeID":"1365875","text":"Lara: Fiona Bruce: That's clearly what we're not saying here","type":"L","timestamp":"2023-11-09 14:33:38"},{"nodeID":"1365876","text":"Asserting","type":"YA","timestamp":"2023-11-09 14:33:38"},{"nodeID":"1365877","text":"applications to transfer to a women's prison are a bigger issue","type":"I","timestamp":"2023-11-09 14:33:39"},{"nodeID":"1365878","text":"Unknown Speaker: This is a bigger issue","type":"L","timestamp":"2023-11-09 14:33:39"},{"nodeID":"1365879","text":"Analysing","type":"YA","timestamp":"2023-11-09 14:33:39"},{"nodeID":"1365880","text":"Lara: Unknown Speaker: This is a bigger issue","type":"L","timestamp":"2023-11-09 14:33:39"},{"nodeID":"1365881","text":"Asserting","type":"YA","timestamp":"2023-11-09 14:33:39"},{"nodeID":"1365882","text":"Unknown Speaker:  you say that no one who is a sex offender or rapist and Claim to be a woman could pass a panel","type":"L","timestamp":"2023-11-09 14:33:39"},{"nodeID":"1365883","text":"Analysing","type":"YA","timestamp":"2023-11-09 14:33:39"},{"nodeID":"1365884","text":"Lara: Unknown Speaker:  you say that no one who is a sex offender or rapist and Claim to be a woman could pass a panel","type":"L","timestamp":"2023-11-09 14:33:39"},{"nodeID":"1365885","text":"Unknown Speaker: be put in a women's prison","type":"L","timestamp":"2023-11-09 14:33:39"},{"nodeID":"1365886","text":"Lara: Unknown Speaker: be put in a women's prison","type":"L","timestamp":"2023-11-09 14:33:39"},{"nodeID":"1365887","text":"Analysing","type":"YA","timestamp":"2023-11-09 14:33:39"},{"nodeID":"1365888","text":"Tiffany Scott is a trans woman with a history of extreme violence","type":"I","timestamp":"2023-11-09 14:33:39"},{"nodeID":"1365889","text":"Unknown Speaker: Tiffany Scott, a trans woman with a history of extreme violence","type":"L","timestamp":"2023-11-09 14:33:39"},{"nodeID":"1365890","text":"Analysing","type":"YA","timestamp":"2023-11-09 14:33:39"},{"nodeID":"1365891","text":"Lara: Unknown Speaker: Tiffany Scott, a trans woman with a history of extreme violence","type":"L","timestamp":"2023-11-09 14:33:39"},{"nodeID":"1365892","text":"Asserting","type":"YA","timestamp":"2023-11-09 14:33:39"},{"nodeID":"1365893","text":"Tiffany Scott has got a life-long restriction order after being convicted of stalking a 13 year old","type":"I","timestamp":"2023-11-09 14:33:40"},{"nodeID":"1365894","text":"Unknown Speaker: has got a life-long restriction order after being convicted of stalking a 13 year old","type":"L","timestamp":"2023-11-09 14:33:40"},{"nodeID":"1365895","text":"Analysing","type":"YA","timestamp":"2023-11-09 14:33:40"},{"nodeID":"1365896","text":"Lara: Unknown Speaker: has got a life-long restriction order after being convicted of stalking a 13 year old","type":"L","timestamp":"2023-11-09 14:33:40"},{"nodeID":"1365897","text":"Asserting","type":"YA","timestamp":"2023-11-09 14:33:40"},{"nodeID":"1365898","text":"Tiffany Scott was approved to go to a female prison in Scotland","type":"I","timestamp":"2023-11-09 14:33:41"},{"nodeID":"1365899","text":"Unknown Speaker: She was approved to go to a female prison in Scotland","type":"L","timestamp":"2023-11-09 14:33:41"},{"nodeID":"1365900","text":"Analysing","type":"YA","timestamp":"2023-11-09 14:33:41"},{"nodeID":"1365901","text":"Lara: Unknown Speaker: She was approved to go to a female prison in Scotland","type":"L","timestamp":"2023-11-09 14:33:41"},{"nodeID":"1365902","text":"Asserting","type":"YA","timestamp":"2023-11-09 14:33:41"},{"nodeID":"1365903","text":"Tiffany Scott was approved to go to a female prison in Scotland by the Scottish Prison Service","type":"I","timestamp":"2023-11-09 14:33:41"},{"nodeID":"1365904","text":"Unknown Speaker: by the Scottish Prison Service","type":"L","timestamp":"2023-11-09 14:33:41"},{"nodeID":"1365905","text":"Analysing","type":"YA","timestamp":"2023-11-09 14:33:41"},{"nodeID":"1365906","text":"Lara: Unknown Speaker: by the Scottish Prison Service","type":"L","timestamp":"2023-11-09 14:33:41"},{"nodeID":"1365907","text":"Asserting","type":"YA","timestamp":"2023-11-09 14:33:41"},{"nodeID":"1365908","text":"Tiffany Scott's transfer to a female prison is now under review","type":"I","timestamp":"2023-11-09 14:33:42"},{"nodeID":"1365909","text":"Unknown Speaker: This is now under review","type":"L","timestamp":"2023-11-09 14:33:42"},{"nodeID":"1365910","text":"Analysing","type":"YA","timestamp":"2023-11-09 14:33:42"},{"nodeID":"1365911","text":"Lara: Unknown Speaker: This is now under review","type":"L","timestamp":"2023-11-09 14:33:42"},{"nodeID":"1365912","text":"Asserting","type":"YA","timestamp":"2023-11-09 14:33:42"},{"nodeID":"1365913","text":"Unknown Speaker is not saying sex offenders being moved to female prisons is an issue of trans issue","type":"I","timestamp":"2023-11-09 14:33:42"},{"nodeID":"1365914","text":"Unknown Speaker: I'm not saying it is an issue of trans issue","type":"L","timestamp":"2023-11-09 14:33:42"},{"nodeID":"1365915","text":"Analysing","type":"YA","timestamp":"2023-11-09 14:33:42"},{"nodeID":"1365916","text":"Lara: Unknown Speaker: I'm not saying it is an issue of trans issue","type":"L","timestamp":"2023-11-09 14:33:42"},{"nodeID":"1365917","text":"Asserting","type":"YA","timestamp":"2023-11-09 14:33:42"},{"nodeID":"1365918","text":"the Scottish Prison seem to be catching trans sex offenders when they should","type":"I","timestamp":"2023-11-09 14:33:43"},{"nodeID":"1365919","text":"Unknown Speaker: the Scottish Prison seem to be catching these people when they should","type":"L","timestamp":"2023-11-09 14:33:43"},{"nodeID":"1365920","text":"Lara: Unknown Speaker: the Scottish Prison seem to be catching these people when they should","type":"L","timestamp":"2023-11-09 14:33:43"},{"nodeID":"1365921","text":"Analysing","type":"YA","timestamp":"2023-11-09 14:33:43"},{"nodeID":"1365922","text":"Asserting","type":"YA","timestamp":"2023-11-09 14:33:43"},{"nodeID":"1365923","text":"Default Transition","type":"TA","timestamp":"2023-11-09 14:33:43"},{"nodeID":"1365924","text":"Default Rephrase","type":"MA","timestamp":"2023-11-09 14:33:43"},{"nodeID":"1365925","text":"Restating","type":"YA","timestamp":"2023-11-09 14:33:43"},{"nodeID":"1365926","text":"Default Transition","type":"TA","timestamp":"2023-11-09 14:33:43"},{"nodeID":"1365927","text":"Default Rephrase","type":"MA","timestamp":"2023-11-09 14:33:43"},{"nodeID":"1365928","text":"Restating","type":"YA","timestamp":"2023-11-09 14:33:43"},{"nodeID":"1365929","text":"Default Transition","type":"TA","timestamp":"2023-11-09 14:33:43"},{"nodeID":"1365930","text":"Default Inference","type":"RA","timestamp":"2023-11-09 14:33:43"},{"nodeID":"1365931","text":"Default Transition","type":"TA","timestamp":"2023-11-09 14:33:43"},{"nodeID":"1365932","text":"Default Transition","type":"TA","timestamp":"2023-11-09 14:33:43"},{"nodeID":"1365933","text":"Default Transition","type":"TA","timestamp":"2023-11-09 14:33:43"},{"nodeID":"1365934","text":"Arguing","type":"YA","timestamp":"2023-11-09 14:33:43"},{"nodeID":"1365935","text":"Default Transition","type":"TA","timestamp":"2023-11-09 14:33:43"},{"nodeID":"1365936","text":"Default Transition","type":"TA","timestamp":"2023-11-09 14:33:43"},{"nodeID":"1365937","text":"Default Conflict","type":"CA","timestamp":"2023-11-09 14:33:43"},{"nodeID":"1365938","text":"Disagreeing","type":"YA","timestamp":"2023-11-09 14:33:43"},{"nodeID":"1365939","text":"Default Transition","type":"TA","timestamp":"2023-11-09 14:33:43"},{"nodeID":"1365940","text":"Default Transition","type":"TA","timestamp":"2023-11-09 14:33:43"},{"nodeID":"1365941","text":"Default Rephrase","type":"MA","timestamp":"2023-11-09 14:33:43"},{"nodeID":"1365942","text":"Restating","type":"YA","timestamp":"2023-11-09 14:33:43"},{"nodeID":"1365943","text":"Default Transition","type":"TA","timestamp":"2023-11-09 14:33:43"},{"nodeID":"1365944","text":"no one who is a sex offender or rapist and Claim to be a woman could pass a panel","type":"I","timestamp":"2023-11-09 14:33:43"},{"nodeID":"1365945","text":"India Willoughby: no one who is a sex offender or rapist and Claim to be a woman could pass a panel","type":"L","timestamp":"2023-11-09 14:33:43"},{"nodeID":"1365946","text":"Analysing","type":"YA","timestamp":"2023-11-09 14:33:43"},{"nodeID":"1365947","text":"Lara: India Willoughby: no one who is a sex offender or rapist and Claim to be a woman could pass a panel","type":"L","timestamp":"2023-11-09 14:33:43"},{"nodeID":"1365948","text":"Asserting","type":"YA","timestamp":"2023-11-09 14:33:43"},{"nodeID":"1365949","text":"Asserting","type":"YA","timestamp":"2023-11-09 14:33:43"},{"nodeID":"1365950","text":"Default Transition","type":"TA","timestamp":"2023-11-09 14:33:43"},{"nodeID":"1365951","text":"Default Rephrase","type":"MA","timestamp":"2023-11-09 14:33:43"},{"nodeID":"1365952","text":"Restating","type":"YA","timestamp":"2023-11-09 14:33:43"},{"nodeID":"1365953","text":"no one who is a sex offender or rapist and Claim to be a woman could be put in a women's prison","type":"I","timestamp":"2023-11-09 14:33:44"},{"nodeID":"1365954","text":"India Willoughby: be put in a women's prison","type":"L","timestamp":"2023-11-09 14:33:44"},{"nodeID":"1365955","text":"Analysing","type":"YA","timestamp":"2023-11-09 14:33:44"},{"nodeID":"1365956","text":"Lara: India Willoughby: be put in a women's prison","type":"L","timestamp":"2023-11-09 14:33:44"},{"nodeID":"1365957","text":"Asserting","type":"YA","timestamp":"2023-11-09 14:33:44"},{"nodeID":"1365958","text":"Asserting","type":"YA","timestamp":"2023-11-09 14:33:44"},{"nodeID":"1365959","text":"Default Transition","type":"TA","timestamp":"2023-11-09 14:33:44"},{"nodeID":"1365960","text":"Default Rephrase","type":"MA","timestamp":"2023-11-09 14:33:44"},{"nodeID":"1365961","text":"Restating","type":"YA","timestamp":"2023-11-09 14:33:44"},{"nodeID":"1365962","text":"Default Transition","type":"TA","timestamp":"2023-11-09 14:33:44"},{"nodeID":"1365963","text":"Default Conflict","type":"CA","timestamp":"2023-11-09 14:33:44"},{"nodeID":"1365964","text":"Default Transition","type":"TA","timestamp":"2023-11-09 14:33:44"},{"nodeID":"1365965","text":"Disagreeing","type":"YA","timestamp":"2023-11-09 14:33:44"},{"nodeID":"1365966","text":"Default Rephrase","type":"MA","timestamp":"2023-11-09 14:33:44"},{"nodeID":"1365967","text":"Default Transition","type":"TA","timestamp":"2023-11-09 14:33:44"},{"nodeID":"1365968","text":"Restating","type":"YA","timestamp":"2023-11-09 14:33:44"},{"nodeID":"1365969","text":"Default Transition","type":"TA","timestamp":"2023-11-09 14:33:44"},{"nodeID":"1365970","text":"Default Transition","type":"TA","timestamp":"2023-11-09 14:33:44"},{"nodeID":"1365971","text":"Default Transition","type":"TA","timestamp":"2023-11-09 14:33:44"},{"nodeID":"1365972","text":"Default Conflict","type":"CA","timestamp":"2023-11-09 14:33:44"},{"nodeID":"1365973","text":"Disagreeing","type":"YA","timestamp":"2023-11-09 14:33:44"},{"nodeID":"1365974","text":"Default Transition","type":"TA","timestamp":"2023-11-09 14:33:44"},{"nodeID":"1365975","text":"Default Inference","type":"RA","timestamp":"2023-11-09 14:33:44"},{"nodeID":"1365976","text":"Arguing","type":"YA","timestamp":"2023-11-09 14:33:44"},{"nodeID":"1365977","text":"Default Transition","type":"TA","timestamp":"2023-11-09 14:33:44"},{"nodeID":"1365978","text":"Default Inference","type":"RA","timestamp":"2023-11-09 14:33:44"},{"nodeID":"1365979","text":"Arguing","type":"YA","timestamp":"2023-11-09 14:33:44"},{"nodeID":"1365980","text":"Default Inference","type":"RA","timestamp":"2023-11-09 14:33:44"},{"nodeID":"1365981","text":"Arguing","type":"YA","timestamp":"2023-11-09 14:33:44"}],"edges":[{"edgeID":"1787188","fromID":"1365824","toID":"1365823","formEdgeID":null},{"edgeID":"1787189","fromID":"1365823","toID":"1365826","formEdgeID":null},{"edgeID":"1787190","fromID":"1365825","toID":"1365824","formEdgeID":null},{"edgeID":"1787191","fromID":"1365826","toID":"1365822","formEdgeID":null},{"edgeID":"1787192","fromID":"1365829","toID":"1365828","formEdgeID":null},{"edgeID":"1787193","fromID":"1365830","toID":"1365829","formEdgeID":null},{"edgeID":"1787194","fromID":"1365831","toID":"1365827","formEdgeID":null},{"edgeID":"1787195","fromID":"1365828","toID":"1365831","formEdgeID":null},{"edgeID":"1787196","fromID":"1365834","toID":"1365833","formEdgeID":null},{"edgeID":"1787197","fromID":"1365835","toID":"1365834","formEdgeID":null},{"edgeID":"1787198","fromID":"1365833","toID":"1365836","formEdgeID":null},{"edgeID":"1787199","fromID":"1365836","toID":"1365832","formEdgeID":null},{"edgeID":"1787200","fromID":"1365840","toID":"1365838","formEdgeID":null},{"edgeID":"1787201","fromID":"1365839","toID":"1365840","formEdgeID":null},{"edgeID":"1787202","fromID":"1365838","toID":"1365841","formEdgeID":null},{"edgeID":"1787203","fromID":"1365841","toID":"1365837","formEdgeID":null},{"edgeID":"1787204","fromID":"1365844","toID":"1365843","formEdgeID":null},{"edgeID":"1787205","fromID":"1365845","toID":"1365844","formEdgeID":null},{"edgeID":"1787206","fromID":"1365843","toID":"1365846","formEdgeID":null},{"edgeID":"1787207","fromID":"1365846","toID":"1365842","formEdgeID":null},{"edgeID":"1787208","fromID":"1365849","toID":"1365848","formEdgeID":null},{"edgeID":"1787209","fromID":"1365850","toID":"1365849","formEdgeID":null},{"edgeID":"1787210","fromID":"1365848","toID":"1365851","formEdgeID":null},{"edgeID":"1787211","fromID":"1365851","toID":"1365847","formEdgeID":null},{"edgeID":"1787212","fromID":"1365854","toID":"1365853","formEdgeID":null},{"edgeID":"1787213","fromID":"1365855","toID":"1365854","formEdgeID":null},{"edgeID":"1787214","fromID":"1365853","toID":"1365856","formEdgeID":null},{"edgeID":"1787215","fromID":"1365856","toID":"1365852","formEdgeID":null},{"edgeID":"1787216","fromID":"1365859","toID":"1365858","formEdgeID":null},{"edgeID":"1787217","fromID":"1365860","toID":"1365859","formEdgeID":null},{"edgeID":"1787218","fromID":"1365858","toID":"1365861","formEdgeID":null},{"edgeID":"1787219","fromID":"1365861","toID":"1365857","formEdgeID":null},{"edgeID":"1787220","fromID":"1365864","toID":"1365863","formEdgeID":null},{"edgeID":"1787221","fromID":"1365865","toID":"1365864","formEdgeID":null},{"edgeID":"1787222","fromID":"1365863","toID":"1365866","formEdgeID":null},{"edgeID":"1787223","fromID":"1365866","toID":"1365862","formEdgeID":null},{"edgeID":"1787224","fromID":"1365869","toID":"1365868","formEdgeID":null},{"edgeID":"1787225","fromID":"1365870","toID":"1365869","formEdgeID":null},{"edgeID":"1787226","fromID":"1365868","toID":"1365871","formEdgeID":null},{"edgeID":"1787227","fromID":"1365871","toID":"1365867","formEdgeID":null},{"edgeID":"1787228","fromID":"1365874","toID":"1365873","formEdgeID":null},{"edgeID":"1787229","fromID":"1365875","toID":"1365874","formEdgeID":null},{"edgeID":"1787230","fromID":"1365876","toID":"1365872","formEdgeID":null},{"edgeID":"1787231","fromID":"1365873","toID":"1365876","formEdgeID":null},{"edgeID":"1787232","fromID":"1365880","toID":"1365879","formEdgeID":null},{"edgeID":"1787233","fromID":"1365879","toID":"1365878","formEdgeID":null},{"edgeID":"1787234","fromID":"1365878","toID":"1365881","formEdgeID":null},{"edgeID":"1787235","fromID":"1365881","toID":"1365877","formEdgeID":null},{"edgeID":"1787236","fromID":"1365883","toID":"1365882","formEdgeID":null},{"edgeID":"1787237","fromID":"1365884","toID":"1365883","formEdgeID":null},{"edgeID":"1787238","fromID":"1365886","toID":"1365887","formEdgeID":null},{"edgeID":"1787239","fromID":"1365887","toID":"1365885","formEdgeID":null},{"edgeID":"1787240","fromID":"1365891","toID":"1365890","formEdgeID":null},{"edgeID":"1787241","fromID":"1365890","toID":"1365889","formEdgeID":null},{"edgeID":"1787242","fromID":"1365889","toID":"1365892","formEdgeID":null},{"edgeID":"1787243","fromID":"1365892","toID":"1365888","formEdgeID":null},{"edgeID":"1787244","fromID":"1365895","toID":"1365894","formEdgeID":null},{"edgeID":"1787245","fromID":"1365896","toID":"1365895","formEdgeID":null},{"edgeID":"1787246","fromID":"1365894","toID":"1365897","formEdgeID":null},{"edgeID":"1787247","fromID":"1365897","toID":"1365893","formEdgeID":null},{"edgeID":"1787248","fromID":"1365900","toID":"1365899","formEdgeID":null},{"edgeID":"1787249","fromID":"1365901","toID":"1365900","formEdgeID":null},{"edgeID":"1787250","fromID":"1365899","toID":"1365902","formEdgeID":null},{"edgeID":"1787251","fromID":"1365902","toID":"1365898","formEdgeID":null},{"edgeID":"1787252","fromID":"1365905","toID":"1365904","formEdgeID":null},{"edgeID":"1787253","fromID":"1365906","toID":"1365905","formEdgeID":null},{"edgeID":"1787254","fromID":"1365904","toID":"1365907","formEdgeID":null},{"edgeID":"1787255","fromID":"1365907","toID":"1365903","formEdgeID":null},{"edgeID":"1787256","fromID":"1365910","toID":"1365909","formEdgeID":null},{"edgeID":"1787257","fromID":"1365911","toID":"1365910","formEdgeID":null},{"edgeID":"1787258","fromID":"1365909","toID":"1365912","formEdgeID":null},{"edgeID":"1787259","fromID":"1365912","toID":"1365908","formEdgeID":null},{"edgeID":"1787260","fromID":"1365915","toID":"1365914","formEdgeID":null},{"edgeID":"1787261","fromID":"1365916","toID":"1365915","formEdgeID":null},{"edgeID":"1787262","fromID":"1365914","toID":"1365917","formEdgeID":null},{"edgeID":"1787263","fromID":"1365917","toID":"1365913","formEdgeID":null},{"edgeID":"1787264","fromID":"1365921","toID":"1365919","formEdgeID":null},{"edgeID":"1787265","fromID":"1365920","toID":"1365921","formEdgeID":null},{"edgeID":"1787266","fromID":"1365919","toID":"1365922","formEdgeID":null},{"edgeID":"1787267","fromID":"1365922","toID":"1365918","formEdgeID":null},{"edgeID":"1787268","fromID":"1365823","toID":"1365923","formEdgeID":null},{"edgeID":"1787269","fromID":"1365923","toID":"1365828","formEdgeID":null},{"edgeID":"1787270","fromID":"1365827","toID":"1365924","formEdgeID":null},{"edgeID":"1787271","fromID":"1365924","toID":"1365822","formEdgeID":null},{"edgeID":"1787272","fromID":"1365923","toID":"1365925","formEdgeID":null},{"edgeID":"1787273","fromID":"1365925","toID":"1365924","formEdgeID":null},{"edgeID":"1787274","fromID":"1365828","toID":"1365926","formEdgeID":null},{"edgeID":"1787275","fromID":"1365926","toID":"1365833","formEdgeID":null},{"edgeID":"1787276","fromID":"1365832","toID":"1365927","formEdgeID":null},{"edgeID":"1787277","fromID":"1365927","toID":"1365827","formEdgeID":null},{"edgeID":"1787278","fromID":"1365926","toID":"1365928","formEdgeID":null},{"edgeID":"1787279","fromID":"1365928","toID":"1365927","formEdgeID":null},{"edgeID":"1787280","fromID":"1365833","toID":"1365929","formEdgeID":null},{"edgeID":"1787281","fromID":"1365929","toID":"1365838","formEdgeID":null},{"edgeID":"1787282","fromID":"1365837","toID":"1365930","formEdgeID":null},{"edgeID":"1787283","fromID":"1365930","toID":"1365852","formEdgeID":null},{"edgeID":"1787284","fromID":"1365842","toID":"1365930","formEdgeID":null},{"edgeID":"1787285","fromID":"1365847","toID":"1365930","formEdgeID":null},{"edgeID":"1787286","fromID":"1365838","toID":"1365931","formEdgeID":null},{"edgeID":"1787287","fromID":"1365931","toID":"1365853","formEdgeID":null},{"edgeID":"1787288","fromID":"1365843","toID":"1365932","formEdgeID":null},{"edgeID":"1787289","fromID":"1365932","toID":"1365853","formEdgeID":null},{"edgeID":"1787290","fromID":"1365848","toID":"1365933","formEdgeID":null},{"edgeID":"1787291","fromID":"1365933","toID":"1365853","formEdgeID":null},{"edgeID":"1787292","fromID":"1365933","toID":"1365934","formEdgeID":null},{"edgeID":"1787293","fromID":"1365934","toID":"1365930","formEdgeID":null},{"edgeID":"1787294","fromID":"1365853","toID":"1365935","formEdgeID":null},{"edgeID":"1787295","fromID":"1365935","toID":"1365858","formEdgeID":null},{"edgeID":"1787296","fromID":"1365858","toID":"1365936","formEdgeID":null},{"edgeID":"1787297","fromID":"1365936","toID":"1365863","formEdgeID":null},{"edgeID":"1787298","fromID":"1365862","toID":"1365937","formEdgeID":null},{"edgeID":"1787299","fromID":"1365937","toID":"1365857","formEdgeID":null},{"edgeID":"1787300","fromID":"1365936","toID":"1365938","formEdgeID":null},{"edgeID":"1787301","fromID":"1365938","toID":"1365937","formEdgeID":null},{"edgeID":"1787302","fromID":"1365939","toID":"1365868","formEdgeID":null},{"edgeID":"1787303","fromID":"1365863","toID":"1365939","formEdgeID":null},{"edgeID":"1787304","fromID":"1365868","toID":"1365940","formEdgeID":null},{"edgeID":"1787305","fromID":"1365940","toID":"1365873","formEdgeID":null},{"edgeID":"1787306","fromID":"1365872","toID":"1365941","formEdgeID":null},{"edgeID":"1787307","fromID":"1365941","toID":"1365867","formEdgeID":null},{"edgeID":"1787308","fromID":"1365940","toID":"1365942","formEdgeID":null},{"edgeID":"1787309","fromID":"1365942","toID":"1365941","formEdgeID":null},{"edgeID":"1787310","fromID":"1365873","toID":"1365943","formEdgeID":null},{"edgeID":"1787311","fromID":"1365943","toID":"1365878","formEdgeID":null},{"edgeID":"1787312","fromID":"1365946","toID":"1365945","formEdgeID":null},{"edgeID":"1787313","fromID":"1365947","toID":"1365946","formEdgeID":null},{"edgeID":"1787314","fromID":"1365945","toID":"1365948","formEdgeID":null},{"edgeID":"1787315","fromID":"1365948","toID":"1365944","formEdgeID":null},{"edgeID":"1787316","fromID":"1365949","toID":"1365945","formEdgeID":null},{"edgeID":"1787317","fromID":"1365882","toID":"1365949","formEdgeID":null},{"edgeID":"1787318","fromID":"1365853","toID":"1365950","formEdgeID":null},{"edgeID":"1787319","fromID":"1365950","toID":"1365882","formEdgeID":null},{"edgeID":"1787320","fromID":"1365944","toID":"1365951","formEdgeID":null},{"edgeID":"1787321","fromID":"1365951","toID":"1365852","formEdgeID":null},{"edgeID":"1787322","fromID":"1365950","toID":"1365952","formEdgeID":null},{"edgeID":"1787323","fromID":"1365952","toID":"1365951","formEdgeID":null},{"edgeID":"1787324","fromID":"1365955","toID":"1365954","formEdgeID":null},{"edgeID":"1787325","fromID":"1365956","toID":"1365955","formEdgeID":null},{"edgeID":"1787326","fromID":"1365957","toID":"1365953","formEdgeID":null},{"edgeID":"1787327","fromID":"1365954","toID":"1365957","formEdgeID":null},{"edgeID":"1787328","fromID":"1365885","toID":"1365958","formEdgeID":null},{"edgeID":"1787329","fromID":"1365958","toID":"1365954","formEdgeID":null},{"edgeID":"1787330","fromID":"1365959","toID":"1365885","formEdgeID":null},{"edgeID":"1787331","fromID":"1365882","toID":"1365959","formEdgeID":null},{"edgeID":"1787332","fromID":"1365960","toID":"1365944","formEdgeID":null},{"edgeID":"1787333","fromID":"1365953","toID":"1365960","formEdgeID":null},{"edgeID":"1787334","fromID":"1365961","toID":"1365960","formEdgeID":null},{"edgeID":"1787335","fromID":"1365959","toID":"1365961","formEdgeID":null},{"edgeID":"1787336","fromID":"1365885","toID":"1365962","formEdgeID":null},{"edgeID":"1787337","fromID":"1365962","toID":"1365889","formEdgeID":null},{"edgeID":"1787338","fromID":"1365963","toID":"1365953","formEdgeID":null},{"edgeID":"1787339","fromID":"1365898","toID":"1365963","formEdgeID":null},{"edgeID":"1787340","fromID":"1365885","toID":"1365964","formEdgeID":null},{"edgeID":"1787341","fromID":"1365964","toID":"1365899","formEdgeID":null},{"edgeID":"1787342","fromID":"1365964","toID":"1365965","formEdgeID":null},{"edgeID":"1787343","fromID":"1365965","toID":"1365963","formEdgeID":null},{"edgeID":"1787344","fromID":"1365903","toID":"1365966","formEdgeID":null},{"edgeID":"1787345","fromID":"1365966","toID":"1365898","formEdgeID":null},{"edgeID":"1787346","fromID":"1365967","toID":"1365904","formEdgeID":null},{"edgeID":"1787347","fromID":"1365899","toID":"1365967","formEdgeID":null},{"edgeID":"1787348","fromID":"1365968","toID":"1365966","formEdgeID":null},{"edgeID":"1787349","fromID":"1365967","toID":"1365968","formEdgeID":null},{"edgeID":"1787350","fromID":"1365904","toID":"1365969","formEdgeID":null},{"edgeID":"1787351","fromID":"1365969","toID":"1365909","formEdgeID":null},{"edgeID":"1787352","fromID":"1365909","toID":"1365970","formEdgeID":null},{"edgeID":"1787353","fromID":"1365970","toID":"1365914","formEdgeID":null},{"edgeID":"1787354","fromID":"1365914","toID":"1365971","formEdgeID":null},{"edgeID":"1787355","fromID":"1365971","toID":"1365919","formEdgeID":null},{"edgeID":"1787356","fromID":"1365918","toID":"1365972","formEdgeID":null},{"edgeID":"1787357","fromID":"1365972","toID":"1365913","formEdgeID":null},{"edgeID":"1787358","fromID":"1365971","toID":"1365973","formEdgeID":null},{"edgeID":"1787359","fromID":"1365973","toID":"1365972","formEdgeID":null},{"edgeID":"1787360","fromID":"1365878","toID":"1365974","formEdgeID":null},{"edgeID":"1787361","fromID":"1365974","toID":"1365889","formEdgeID":null},{"edgeID":"1787362","fromID":"1365888","toID":"1365975","formEdgeID":null},{"edgeID":"1787363","fromID":"1365975","toID":"1365877","formEdgeID":null},{"edgeID":"1787364","fromID":"1365974","toID":"1365976","formEdgeID":null},{"edgeID":"1787365","fromID":"1365976","toID":"1365975","formEdgeID":null},{"edgeID":"1787366","fromID":"1365889","toID":"1365977","formEdgeID":null},{"edgeID":"1787367","fromID":"1365977","toID":"1365894","formEdgeID":null},{"edgeID":"1787368","fromID":"1365893","toID":"1365978","formEdgeID":null},{"edgeID":"1787369","fromID":"1365978","toID":"1365888","formEdgeID":null},{"edgeID":"1787370","fromID":"1365977","toID":"1365979","formEdgeID":null},{"edgeID":"1787371","fromID":"1365979","toID":"1365978","formEdgeID":null},{"edgeID":"1787372","fromID":"1365908","toID":"1365980","formEdgeID":null},{"edgeID":"1787373","fromID":"1365980","toID":"1365903","formEdgeID":null},{"edgeID":"1787374","fromID":"1365969","toID":"1365981","formEdgeID":null},{"edgeID":"1787375","fromID":"1365981","toID":"1365980","formEdgeID":null}],"locutions":[]}