{"nodes":[{"nodeID":"1364445","text":"it is absolutely possible for politicians to whip out a few quid for themselves, to find money for their pet projects, and spend loads of money in places it is not necessary, when workers come cap in hand","type":"I","timestamp":"2023-11-09 14:31:36"},{"nodeID":"1364446","text":"Ella Whelan: this lady at the front said, it is absolutely possible for politicians to whip out a few quid for themselves, to find money for their pet projects, and spend loads of money in places it is not necessary, when workers come cap in hand","type":"L","timestamp":"2023-11-09 14:31:36"},{"nodeID":"1364447","text":"Analysing","type":"YA","timestamp":"2023-11-09 14:31:36"},{"nodeID":"1364448","text":"Anon: Ella Whelan: this lady at the front said, it is absolutely possible for politicians to whip out a few quid for themselves, to find money for their pet projects, and spend loads of money in places it is not necessary, when workers come cap in hand","type":"L","timestamp":"2023-11-09 14:31:36"},{"nodeID":"1364449","text":"Unknown Speaker: it is absolutely possible for politicians to whip out a few quid for themselves, to find money for their pet projects, and spend loads of money in places it is not necessary, when workers come cap in hand","type":"L","timestamp":"2023-11-09 14:31:36"},{"nodeID":"1364450","text":"Analysing","type":"YA","timestamp":"2023-11-09 14:31:36"},{"nodeID":"1364451","text":"Anon: Unknown Speaker: this lady at the front said, it is absolutely possible for politicians to whip out a few quid for themselves, to find money for their pet projects, and spend loads of money in places it is not necessary, when workers come cap in hand","type":"L","timestamp":"2023-11-09 14:31:36"},{"nodeID":"1364452","text":"Asserting","type":"YA","timestamp":"2023-11-09 14:31:36"},{"nodeID":"1364453","text":"Asserting","type":"YA","timestamp":"2023-11-09 14:31:36"},{"nodeID":"1364454","text":"it is degrading to try to emotionally blackmail teachers and nurses by saying what about the children","type":"I","timestamp":"2023-11-09 14:31:37"},{"nodeID":"1364455","text":"Ella Whelan: it is degrading to try to emotionally blackmail teachers and nurses by saying what about the children","type":"L","timestamp":"2023-11-09 14:31:37"},{"nodeID":"1364456","text":"Analysing","type":"YA","timestamp":"2023-11-09 14:31:37"},{"nodeID":"1364457","text":"Anon: Ella Whelan: it is degrading to try to emotionally blackmail teachers and nurses by saying what about the children","type":"L","timestamp":"2023-11-09 14:31:37"},{"nodeID":"1364458","text":"Asserting","type":"YA","timestamp":"2023-11-09 14:31:37"},{"nodeID":"1364459","text":"Default Transition","type":"TA","timestamp":"2023-11-09 14:31:37"},{"nodeID":"1364460","text":"it is degrading to try to emotionally blackmail teachers and nurses by saying what about the patients","type":"I","timestamp":"2023-11-09 14:31:37"},{"nodeID":"1364461","text":"Ella Whelan: what about the patients","type":"L","timestamp":"2023-11-09 14:31:37"},{"nodeID":"1364462","text":"Analysing","type":"YA","timestamp":"2023-11-09 14:31:37"},{"nodeID":"1364463","text":"Anon: Ella Whelan: what about the patients","type":"L","timestamp":"2023-11-09 14:31:37"},{"nodeID":"1364464","text":"Asserting","type":"YA","timestamp":"2023-11-09 14:31:37"},{"nodeID":"1364465","text":"Default Transition","type":"TA","timestamp":"2023-11-09 14:31:37"},{"nodeID":"1364466","text":"Default Rephrase","type":"MA","timestamp":"2023-11-09 14:31:37"},{"nodeID":"1364467","text":"Restating","type":"YA","timestamp":"2023-11-09 14:31:37"},{"nodeID":"1364468","text":"there's simply not enough for teachers and nurses","type":"I","timestamp":"2023-11-09 14:31:38"},{"nodeID":"1364469","text":"Ella Whelan: there's simply not enough for you","type":"L","timestamp":"2023-11-09 14:31:38"},{"nodeID":"1364470","text":"Analysing","type":"YA","timestamp":"2023-11-09 14:31:38"},{"nodeID":"1364471","text":"Anon: Ella Whelan: there's simply not enough for you","type":"L","timestamp":"2023-11-09 14:31:38"},{"nodeID":"1364472","text":"Asserting","type":"YA","timestamp":"2023-11-09 14:31:38"},{"nodeID":"1364473","text":"Default Transition","type":"TA","timestamp":"2023-11-09 14:31:38"},{"nodeID":"1364474","text":"we get this narrative in this country that we're all in it together","type":"I","timestamp":"2023-11-09 14:31:39"},{"nodeID":"1364475","text":"Ella Whelan: We get this narrative in this country that we're all in it together","type":"L","timestamp":"2023-11-09 14:31:39"},{"nodeID":"1364476","text":"Analysing","type":"YA","timestamp":"2023-11-09 14:31:39"},{"nodeID":"1364477","text":"Anon: Ella Whelan: We get this narrative in this country that we're all in it together","type":"L","timestamp":"2023-11-09 14:31:39"},{"nodeID":"1364478","text":"Asserting","type":"YA","timestamp":"2023-11-09 14:31:39"},{"nodeID":"1364479","text":"Default Transition","type":"TA","timestamp":"2023-11-09 14:31:39"},{"nodeID":"1364480","text":"we get this narrative in this country that we all have to tighten up the belts","type":"I","timestamp":"2023-11-09 14:31:39"},{"nodeID":"1364481","text":"Ella Whelan: we all have to tighten up the belts","type":"L","timestamp":"2023-11-09 14:31:39"},{"nodeID":"1364482","text":"Analysing","type":"YA","timestamp":"2023-11-09 14:31:39"},{"nodeID":"1364483","text":"Anon: Ella Whelan: we all have to tighten up the belts","type":"L","timestamp":"2023-11-09 14:31:39"},{"nodeID":"1364484","text":"Asserting","type":"YA","timestamp":"2023-11-09 14:31:39"},{"nodeID":"1364485","text":"Default Transition","type":"TA","timestamp":"2023-11-09 14:31:39"},{"nodeID":"1364486","text":"Default Rephrase","type":"MA","timestamp":"2023-11-09 14:31:39"},{"nodeID":"1364487","text":"we get this narrative in this country that we all have to do our bit","type":"I","timestamp":"2023-11-09 14:31:40"},{"nodeID":"1364488","text":"Ella Whelan: we all have to do our bit","type":"L","timestamp":"2023-11-09 14:31:40"},{"nodeID":"1364489","text":"Analysing","type":"YA","timestamp":"2023-11-09 14:31:40"},{"nodeID":"1364490","text":"Anon: Ella Whelan: we all have to do our bit","type":"L","timestamp":"2023-11-09 14:31:40"},{"nodeID":"1364491","text":"Asserting","type":"YA","timestamp":"2023-11-09 14:31:40"},{"nodeID":"1364492","text":"Default Transition","type":"TA","timestamp":"2023-11-09 14:31:40"},{"nodeID":"1364493","text":"Default Rephrase","type":"MA","timestamp":"2023-11-09 14:31:40"},{"nodeID":"1364494","text":"Restating","type":"YA","timestamp":"2023-11-09 14:31:40"},{"nodeID":"1364495","text":"Restating","type":"YA","timestamp":"2023-11-09 14:31:40"},{"nodeID":"1364496","text":"the narrative we get in this country that we're all in it together is nonsense","type":"I","timestamp":"2023-11-09 14:31:41"},{"nodeID":"1364497","text":"Ella Whelan: That's a nonsense","type":"L","timestamp":"2023-11-09 14:31:41"},{"nodeID":"1364498","text":"Analysing","type":"YA","timestamp":"2023-11-09 14:31:41"},{"nodeID":"1364499","text":"Anon: Ella Whelan: That's a nonsense","type":"L","timestamp":"2023-11-09 14:31:41"},{"nodeID":"1364500","text":"Asserting","type":"YA","timestamp":"2023-11-09 14:31:41"},{"nodeID":"1364501","text":"Default Conflict","type":"CA","timestamp":"2023-11-09 14:31:41"},{"nodeID":"1364502","text":"Default Transition","type":"TA","timestamp":"2023-11-09 14:31:41"},{"nodeID":"1364503","text":"Disagreeing","type":"YA","timestamp":"2023-11-09 14:31:41"},{"nodeID":"1364504","text":"it is not the responsibility of a worker in whatever industry, whatever job, to pay the price of the mistakes that government has made","type":"I","timestamp":"2023-11-09 14:31:41"},{"nodeID":"1364505","text":"Ella Whelan: It is not the responsibility of a worker in whatever industry, whatever job, to pay the price of the mistakes that government has made","type":"L","timestamp":"2023-11-09 14:31:41"},{"nodeID":"1364506","text":"Analysing","type":"YA","timestamp":"2023-11-09 14:31:41"},{"nodeID":"1364507","text":"Anon: Ella Whelan: It is not the responsibility of a worker in whatever industry, whatever job, to pay the price of the mistakes that government has made","type":"L","timestamp":"2023-11-09 14:31:41"},{"nodeID":"1364508","text":"Asserting","type":"YA","timestamp":"2023-11-09 14:31:41"},{"nodeID":"1364509","text":"Default Transition","type":"TA","timestamp":"2023-11-09 14:31:41"},{"nodeID":"1364510","text":"it is not the responsibility of workers to pay the price of situations like the war in Ukraine","type":"I","timestamp":"2023-11-09 14:31:42"},{"nodeID":"1364511","text":"Ella Whelan: to pay the price of situations like the war in Ukraine","type":"L","timestamp":"2023-11-09 14:31:42"},{"nodeID":"1364512","text":"Analysing","type":"YA","timestamp":"2023-11-09 14:31:42"},{"nodeID":"1364513","text":"Anon: Ella Whelan: to pay the price of situations like the war in Ukraine","type":"L","timestamp":"2023-11-09 14:31:42"},{"nodeID":"1364514","text":"Asserting","type":"YA","timestamp":"2023-11-09 14:31:42"},{"nodeID":"1364515","text":"Default Transition","type":"TA","timestamp":"2023-11-09 14:31:42"},{"nodeID":"1364516","text":"Default Rephrase","type":"MA","timestamp":"2023-11-09 14:31:42"},{"nodeID":"1364517","text":"Restating","type":"YA","timestamp":"2023-11-09 14:31:42"},{"nodeID":"1364518","text":"it is not the responsibility of workers to pay the price of situations like the pandemic","type":"I","timestamp":"2023-11-09 14:31:43"},{"nodeID":"1364519","text":"Ella Whelan: the pandemic","type":"L","timestamp":"2023-11-09 14:31:43"},{"nodeID":"1364520","text":"Analysing","type":"YA","timestamp":"2023-11-09 14:31:43"},{"nodeID":"1364521","text":"Anon: Ella Whelan: the pandemic","type":"L","timestamp":"2023-11-09 14:31:43"},{"nodeID":"1364522","text":"Asserting","type":"YA","timestamp":"2023-11-09 14:31:43"},{"nodeID":"1364523","text":"Default Transition","type":"TA","timestamp":"2023-11-09 14:31:43"},{"nodeID":"1364524","text":"Default Rephrase","type":"MA","timestamp":"2023-11-09 14:31:43"},{"nodeID":"1364525","text":"Restating","type":"YA","timestamp":"2023-11-09 14:31:43"},{"nodeID":"1364526","text":"what your responsibility is -- and any individual worker -- is to fight for your pay and working conditions","type":"I","timestamp":"2023-11-09 14:31:43"},{"nodeID":"1364527","text":"Ella Whelan: What your responsibility is -- and any individual worker -- is to fight for your pay and working conditions","type":"L","timestamp":"2023-11-09 14:31:43"},{"nodeID":"1364528","text":"Analysing","type":"YA","timestamp":"2023-11-09 14:31:43"},{"nodeID":"1364529","text":"Anon: Ella Whelan: What your responsibility is -- and any individual worker -- is to fight for your pay and working conditions","type":"L","timestamp":"2023-11-09 14:31:43"},{"nodeID":"1364530","text":"Asserting","type":"YA","timestamp":"2023-11-09 14:31:43"},{"nodeID":"1364531","text":"Default Transition","type":"TA","timestamp":"2023-11-09 14:31:43"},{"nodeID":"1364532","text":"Default Rephrase","type":"MA","timestamp":"2023-11-09 14:31:43"},{"nodeID":"1364533","text":"Restating","type":"YA","timestamp":"2023-11-09 14:31:43"},{"nodeID":"1364534","text":"all you have to remember is it could be you tomorrow","type":"I","timestamp":"2023-11-09 14:31:44"},{"nodeID":"1364535","text":"Ella Whelan: All you have to remember is it could be you tomorrow","type":"L","timestamp":"2023-11-09 14:31:44"},{"nodeID":"1364536","text":"Analysing","type":"YA","timestamp":"2023-11-09 14:31:44"},{"nodeID":"1364537","text":"Anon: Ella Whelan: All you have to remember is it could be you tomorrow","type":"L","timestamp":"2023-11-09 14:31:44"},{"nodeID":"1364538","text":"Asserting","type":"YA","timestamp":"2023-11-09 14:31:44"},{"nodeID":"1364539","text":"Default Transition","type":"TA","timestamp":"2023-11-09 14:31:44"},{"nodeID":"1364540","text":"support the strikes","type":"I","timestamp":"2023-11-09 14:31:45"},{"nodeID":"1364541","text":"Ella Whelan: support the strikes","type":"L","timestamp":"2023-11-09 14:31:45"},{"nodeID":"1364542","text":"Analysing","type":"YA","timestamp":"2023-11-09 14:31:45"},{"nodeID":"1364543","text":"Anon: Ella Whelan: support the strikes","type":"L","timestamp":"2023-11-09 14:31:45"},{"nodeID":"1364544","text":"Asserting","type":"YA","timestamp":"2023-11-09 14:31:45"},{"nodeID":"1364545","text":"Default Transition","type":"TA","timestamp":"2023-11-09 14:31:45"},{"nodeID":"1364546","text":"Default Inference","type":"RA","timestamp":"2023-11-09 14:31:45"},{"nodeID":"1364547","text":"Arguing","type":"YA","timestamp":"2023-11-09 14:31:45"},{"nodeID":"1364548","text":"Default Inference","type":"RA","timestamp":"2023-11-09 14:31:45"},{"nodeID":"1364549","text":"Arguing","type":"YA","timestamp":"2023-11-09 14:31:45"},{"nodeID":"1364550","text":"Default Rephrase","type":"MA","timestamp":"2023-11-09 14:31:45"},{"nodeID":"1364551","text":"Restating","type":"YA","timestamp":"2023-11-09 14:31:45"}],"edges":[{"edgeID":"1785519","fromID":"1364447","toID":"1364446","formEdgeID":null},{"edgeID":"1785520","fromID":"1364448","toID":"1364447","formEdgeID":null},{"edgeID":"1785521","fromID":"1364450","toID":"1364449","formEdgeID":null},{"edgeID":"1785522","fromID":"1364451","toID":"1364450","formEdgeID":null},{"edgeID":"1785523","fromID":"1364449","toID":"1364452","formEdgeID":null},{"edgeID":"1785524","fromID":"1364452","toID":"1364445","formEdgeID":null},{"edgeID":"1785525","fromID":"1364446","toID":"1364453","formEdgeID":null},{"edgeID":"1785526","fromID":"1364453","toID":"1364449","formEdgeID":null},{"edgeID":"1785527","fromID":"1364456","toID":"1364455","formEdgeID":null},{"edgeID":"1785528","fromID":"1364457","toID":"1364456","formEdgeID":null},{"edgeID":"1785529","fromID":"1364455","toID":"1364458","formEdgeID":null},{"edgeID":"1785530","fromID":"1364458","toID":"1364454","formEdgeID":null},{"edgeID":"1785531","fromID":"1364446","toID":"1364459","formEdgeID":null},{"edgeID":"1785532","fromID":"1364459","toID":"1364455","formEdgeID":null},{"edgeID":"1785533","fromID":"1364462","toID":"1364461","formEdgeID":null},{"edgeID":"1785534","fromID":"1364463","toID":"1364462","formEdgeID":null},{"edgeID":"1785535","fromID":"1364461","toID":"1364464","formEdgeID":null},{"edgeID":"1785536","fromID":"1364464","toID":"1364460","formEdgeID":null},{"edgeID":"1785537","fromID":"1364455","toID":"1364465","formEdgeID":null},{"edgeID":"1785538","fromID":"1364465","toID":"1364461","formEdgeID":null},{"edgeID":"1785539","fromID":"1364460","toID":"1364466","formEdgeID":null},{"edgeID":"1785540","fromID":"1364466","toID":"1364454","formEdgeID":null},{"edgeID":"1785541","fromID":"1364465","toID":"1364467","formEdgeID":null},{"edgeID":"1785542","fromID":"1364467","toID":"1364466","formEdgeID":null},{"edgeID":"1785543","fromID":"1364470","toID":"1364469","formEdgeID":null},{"edgeID":"1785544","fromID":"1364471","toID":"1364470","formEdgeID":null},{"edgeID":"1785545","fromID":"1364469","toID":"1364472","formEdgeID":null},{"edgeID":"1785546","fromID":"1364472","toID":"1364468","formEdgeID":null},{"edgeID":"1785547","fromID":"1364461","toID":"1364473","formEdgeID":null},{"edgeID":"1785548","fromID":"1364473","toID":"1364469","formEdgeID":null},{"edgeID":"1785549","fromID":"1364476","toID":"1364475","formEdgeID":null},{"edgeID":"1785550","fromID":"1364477","toID":"1364476","formEdgeID":null},{"edgeID":"1785551","fromID":"1364475","toID":"1364478","formEdgeID":null},{"edgeID":"1785552","fromID":"1364478","toID":"1364474","formEdgeID":null},{"edgeID":"1785553","fromID":"1364469","toID":"1364479","formEdgeID":null},{"edgeID":"1785554","fromID":"1364479","toID":"1364475","formEdgeID":null},{"edgeID":"1785555","fromID":"1364482","toID":"1364481","formEdgeID":null},{"edgeID":"1785556","fromID":"1364483","toID":"1364482","formEdgeID":null},{"edgeID":"1785557","fromID":"1364481","toID":"1364484","formEdgeID":null},{"edgeID":"1785558","fromID":"1364484","toID":"1364480","formEdgeID":null},{"edgeID":"1785559","fromID":"1364475","toID":"1364485","formEdgeID":null},{"edgeID":"1785560","fromID":"1364485","toID":"1364481","formEdgeID":null},{"edgeID":"1785561","fromID":"1364480","toID":"1364486","formEdgeID":null},{"edgeID":"1785562","fromID":"1364486","toID":"1364474","formEdgeID":null},{"edgeID":"1785563","fromID":"1364489","toID":"1364488","formEdgeID":null},{"edgeID":"1785564","fromID":"1364490","toID":"1364489","formEdgeID":null},{"edgeID":"1785565","fromID":"1364488","toID":"1364491","formEdgeID":null},{"edgeID":"1785566","fromID":"1364491","toID":"1364487","formEdgeID":null},{"edgeID":"1785567","fromID":"1364481","toID":"1364492","formEdgeID":null},{"edgeID":"1785568","fromID":"1364492","toID":"1364488","formEdgeID":null},{"edgeID":"1785569","fromID":"1364487","toID":"1364493","formEdgeID":null},{"edgeID":"1785570","fromID":"1364493","toID":"1364480","formEdgeID":null},{"edgeID":"1785571","fromID":"1364485","toID":"1364494","formEdgeID":null},{"edgeID":"1785572","fromID":"1364494","toID":"1364486","formEdgeID":null},{"edgeID":"1785573","fromID":"1364492","toID":"1364495","formEdgeID":null},{"edgeID":"1785574","fromID":"1364495","toID":"1364493","formEdgeID":null},{"edgeID":"1785575","fromID":"1364498","toID":"1364497","formEdgeID":null},{"edgeID":"1785576","fromID":"1364499","toID":"1364498","formEdgeID":null},{"edgeID":"1785577","fromID":"1364497","toID":"1364500","formEdgeID":null},{"edgeID":"1785578","fromID":"1364500","toID":"1364496","formEdgeID":null},{"edgeID":"1785579","fromID":"1364496","toID":"1364501","formEdgeID":null},{"edgeID":"1785580","fromID":"1364501","toID":"1364474","formEdgeID":null},{"edgeID":"1785581","fromID":"1364475","toID":"1364502","formEdgeID":null},{"edgeID":"1785582","fromID":"1364502","toID":"1364497","formEdgeID":null},{"edgeID":"1785583","fromID":"1364502","toID":"1364503","formEdgeID":null},{"edgeID":"1785584","fromID":"1364503","toID":"1364501","formEdgeID":null},{"edgeID":"1785585","fromID":"1364506","toID":"1364505","formEdgeID":null},{"edgeID":"1785586","fromID":"1364507","toID":"1364506","formEdgeID":null},{"edgeID":"1785587","fromID":"1364505","toID":"1364508","formEdgeID":null},{"edgeID":"1785588","fromID":"1364508","toID":"1364504","formEdgeID":null},{"edgeID":"1785589","fromID":"1364497","toID":"1364509","formEdgeID":null},{"edgeID":"1785590","fromID":"1364509","toID":"1364505","formEdgeID":null},{"edgeID":"1785591","fromID":"1364512","toID":"1364511","formEdgeID":null},{"edgeID":"1785592","fromID":"1364513","toID":"1364512","formEdgeID":null},{"edgeID":"1785593","fromID":"1364511","toID":"1364514","formEdgeID":null},{"edgeID":"1785594","fromID":"1364514","toID":"1364510","formEdgeID":null},{"edgeID":"1785595","fromID":"1364505","toID":"1364515","formEdgeID":null},{"edgeID":"1785596","fromID":"1364515","toID":"1364511","formEdgeID":null},{"edgeID":"1785597","fromID":"1364510","toID":"1364516","formEdgeID":null},{"edgeID":"1785598","fromID":"1364516","toID":"1364504","formEdgeID":null},{"edgeID":"1785599","fromID":"1364515","toID":"1364517","formEdgeID":null},{"edgeID":"1785600","fromID":"1364517","toID":"1364516","formEdgeID":null},{"edgeID":"1785601","fromID":"1364520","toID":"1364519","formEdgeID":null},{"edgeID":"1785602","fromID":"1364521","toID":"1364520","formEdgeID":null},{"edgeID":"1785603","fromID":"1364519","toID":"1364522","formEdgeID":null},{"edgeID":"1785604","fromID":"1364522","toID":"1364518","formEdgeID":null},{"edgeID":"1785605","fromID":"1364511","toID":"1364523","formEdgeID":null},{"edgeID":"1785606","fromID":"1364523","toID":"1364519","formEdgeID":null},{"edgeID":"1785607","fromID":"1364518","toID":"1364524","formEdgeID":null},{"edgeID":"1785608","fromID":"1364524","toID":"1364510","formEdgeID":null},{"edgeID":"1785609","fromID":"1364523","toID":"1364525","formEdgeID":null},{"edgeID":"1785610","fromID":"1364525","toID":"1364524","formEdgeID":null},{"edgeID":"1785611","fromID":"1364528","toID":"1364527","formEdgeID":null},{"edgeID":"1785612","fromID":"1364529","toID":"1364528","formEdgeID":null},{"edgeID":"1785613","fromID":"1364527","toID":"1364530","formEdgeID":null},{"edgeID":"1785614","fromID":"1364530","toID":"1364526","formEdgeID":null},{"edgeID":"1785615","fromID":"1364519","toID":"1364531","formEdgeID":null},{"edgeID":"1785616","fromID":"1364531","toID":"1364527","formEdgeID":null},{"edgeID":"1785617","fromID":"1364526","toID":"1364532","formEdgeID":null},{"edgeID":"1785618","fromID":"1364532","toID":"1364518","formEdgeID":null},{"edgeID":"1785619","fromID":"1364531","toID":"1364533","formEdgeID":null},{"edgeID":"1785620","fromID":"1364533","toID":"1364532","formEdgeID":null},{"edgeID":"1785621","fromID":"1364536","toID":"1364535","formEdgeID":null},{"edgeID":"1785622","fromID":"1364537","toID":"1364536","formEdgeID":null},{"edgeID":"1785623","fromID":"1364535","toID":"1364538","formEdgeID":null},{"edgeID":"1785624","fromID":"1364538","toID":"1364534","formEdgeID":null},{"edgeID":"1785625","fromID":"1364527","toID":"1364539","formEdgeID":null},{"edgeID":"1785626","fromID":"1364539","toID":"1364535","formEdgeID":null},{"edgeID":"1785627","fromID":"1364542","toID":"1364541","formEdgeID":null},{"edgeID":"1785628","fromID":"1364543","toID":"1364542","formEdgeID":null},{"edgeID":"1785629","fromID":"1364541","toID":"1364544","formEdgeID":null},{"edgeID":"1785630","fromID":"1364544","toID":"1364540","formEdgeID":null},{"edgeID":"1785631","fromID":"1364535","toID":"1364545","formEdgeID":null},{"edgeID":"1785632","fromID":"1364545","toID":"1364541","formEdgeID":null},{"edgeID":"1785633","fromID":"1364534","toID":"1364546","formEdgeID":null},{"edgeID":"1785634","fromID":"1364546","toID":"1364540","formEdgeID":null},{"edgeID":"1785635","fromID":"1364545","toID":"1364547","formEdgeID":null},{"edgeID":"1785636","fromID":"1364547","toID":"1364546","formEdgeID":null},{"edgeID":"1785637","fromID":"1364534","toID":"1364548","formEdgeID":null},{"edgeID":"1785638","fromID":"1364548","toID":"1364526","formEdgeID":null},{"edgeID":"1785639","fromID":"1364539","toID":"1364549","formEdgeID":null},{"edgeID":"1785640","fromID":"1364549","toID":"1364548","formEdgeID":null},{"edgeID":"1785641","fromID":"1364468","toID":"1364550","formEdgeID":null},{"edgeID":"1785642","fromID":"1364550","toID":"1364460","formEdgeID":null},{"edgeID":"1785643","fromID":"1364473","toID":"1364551","formEdgeID":null},{"edgeID":"1785644","fromID":"1364551","toID":"1364550","formEdgeID":null}],"locutions":[]}