{"nodes":[{"nodeID":"1363925","text":"if anyone knows the effect the inflation has had on children, it is teachers","type":"I","timestamp":"2023-11-09 14:30:51"},{"nodeID":"1363926","text":"AudienceMember 20230209QT07: if anyone knows the effect it has had on children, it is teachers","type":"L","timestamp":"2023-11-09 14:30:51"},{"nodeID":"1363927","text":"Analysing","type":"YA","timestamp":"2023-11-09 14:30:51"},{"nodeID":"1363928","text":"Dominika: AudienceMember 20230209QT07: if anyone knows the effect it has had on children, it is teachers","type":"L","timestamp":"2023-11-09 14:30:51"},{"nodeID":"1363929","text":"Asserting","type":"YA","timestamp":"2023-11-09 14:30:51"},{"nodeID":"1363930","text":"teachers understand the impact the inflation had on children","type":"I","timestamp":"2023-11-09 14:30:51"},{"nodeID":"1363931","text":"AudienceMember 20230209QT07: We understand the impact it had on children","type":"L","timestamp":"2023-11-09 14:30:51"},{"nodeID":"1363932","text":"Analysing","type":"YA","timestamp":"2023-11-09 14:30:51"},{"nodeID":"1363933","text":"Dominika: AudienceMember 20230209QT07: We understand the impact it had on children","type":"L","timestamp":"2023-11-09 14:30:51"},{"nodeID":"1363934","text":"Asserting","type":"YA","timestamp":"2023-11-09 14:30:51"},{"nodeID":"1363935","text":"Default Transition","type":"TA","timestamp":"2023-11-09 14:30:51"},{"nodeID":"1363936","text":"Default Rephrase","type":"MA","timestamp":"2023-11-09 14:30:51"},{"nodeID":"1363937","text":"Restating","type":"YA","timestamp":"2023-11-09 14:30:51"},{"nodeID":"1363938","text":"there is nothing else teachers can do now","type":"I","timestamp":"2023-11-09 14:30:52"},{"nodeID":"1363939","text":"AudienceMember 20230209QT07: What else can we do now","type":"L","timestamp":"2023-11-09 14:30:52"},{"nodeID":"1363940","text":"Analysing","type":"YA","timestamp":"2023-11-09 14:30:52"},{"nodeID":"1363941","text":"Dominika: AudienceMember 20230209QT07: What else can we do now","type":"L","timestamp":"2023-11-09 14:30:52"},{"nodeID":"1363942","text":"Rhetorical Questioning","type":"YA","timestamp":"2023-11-09 14:30:52"},{"nodeID":"1363943","text":"Default Transition","type":"TA","timestamp":"2023-11-09 14:30:52"},{"nodeID":"1363944","text":"no one will negotiate with teachers beyond their hard line","type":"I","timestamp":"2023-11-09 14:30:53"},{"nodeID":"1363945","text":"AudienceMember 20230209QT07: no one will negotiate with us beyond our hard line","type":"L","timestamp":"2023-11-09 14:30:53"},{"nodeID":"1363946","text":"Analysing","type":"YA","timestamp":"2023-11-09 14:30:53"},{"nodeID":"1363947","text":"Dominika: AudienceMember 20230209QT07: no one will negotiate with us beyond our hard line","type":"L","timestamp":"2023-11-09 14:30:53"},{"nodeID":"1363948","text":"Asserting","type":"YA","timestamp":"2023-11-09 14:30:53"},{"nodeID":"1363949","text":"Default Transition","type":"TA","timestamp":"2023-11-09 14:30:53"},{"nodeID":"1363950","text":"Default Inference","type":"RA","timestamp":"2023-11-09 14:30:53"},{"nodeID":"1363951","text":"Arguing","type":"YA","timestamp":"2023-11-09 14:30:53"},{"nodeID":"1363952","text":"AudienceMember 20230209QT07 does acknowledge the money has to come from somewhere","type":"I","timestamp":"2023-11-09 14:30:53"},{"nodeID":"1363953","text":"AudienceMember 20230209QT07: I do appreciate the money has to come from somewhere","type":"L","timestamp":"2023-11-09 14:30:53"},{"nodeID":"1363954","text":"Analysing","type":"YA","timestamp":"2023-11-09 14:30:53"},{"nodeID":"1363955","text":"Dominika: AudienceMember 20230209QT07: I do appreciate the money has to come from somewhere","type":"L","timestamp":"2023-11-09 14:30:53"},{"nodeID":"1363956","text":"Asserting","type":"YA","timestamp":"2023-11-09 14:30:53"},{"nodeID":"1363957","text":"Default Transition","type":"TA","timestamp":"2023-11-09 14:30:53"},{"nodeID":"1363958","text":"teachers have no interest in taking money away from anyone else","type":"I","timestamp":"2023-11-09 14:30:54"},{"nodeID":"1363959","text":"AudienceMember 20230209QT07: We have no interest in taking money away from anyone else","type":"L","timestamp":"2023-11-09 14:30:54"},{"nodeID":"1363960","text":"Analysing","type":"YA","timestamp":"2023-11-09 14:30:54"},{"nodeID":"1363961","text":"Dominika: AudienceMember 20230209QT07: We have no interest in taking money away from anyone else","type":"L","timestamp":"2023-11-09 14:30:54"},{"nodeID":"1363962","text":"Asserting","type":"YA","timestamp":"2023-11-09 14:30:54"},{"nodeID":"1363963","text":"Default Transition","type":"TA","timestamp":"2023-11-09 14:30:54"},{"nodeID":"1363964","text":"AudienceMember 20230209QT07 is speaking as a teacher but also as a public sector worker","type":"I","timestamp":"2023-11-09 14:30:54"},{"nodeID":"1363965","text":"AudienceMember 20230209QT07: I'm speaking as a teacher but also as a public sector worker","type":"L","timestamp":"2023-11-09 14:30:54"},{"nodeID":"1363966","text":"Analysing","type":"YA","timestamp":"2023-11-09 14:30:54"},{"nodeID":"1363967","text":"Dominika: AudienceMember 20230209QT07: I'm speaking as a teacher but also as a public sector worker","type":"L","timestamp":"2023-11-09 14:30:54"},{"nodeID":"1363968","text":"Asserting","type":"YA","timestamp":"2023-11-09 14:30:54"},{"nodeID":"1363969","text":"Default Transition","type":"TA","timestamp":"2023-11-09 14:30:54"},{"nodeID":"1363970","text":"Default Conflict","type":"CA","timestamp":"2023-11-09 14:30:54"},{"nodeID":"1363971","text":"Disagreeing","type":"YA","timestamp":"2023-11-09 14:30:54"},{"nodeID":"1363972","text":"we want all public sector workers to be paid fairly","type":"I","timestamp":"2023-11-09 14:30:55"},{"nodeID":"1363973","text":"AudienceMember 20230209QT07: We want all public sector workers to be paid fairly","type":"L","timestamp":"2023-11-09 14:30:55"},{"nodeID":"1363974","text":"Analysing","type":"YA","timestamp":"2023-11-09 14:30:55"},{"nodeID":"1363975","text":"Dominika: AudienceMember 20230209QT07: We want all public sector workers to be paid fairly","type":"L","timestamp":"2023-11-09 14:30:55"},{"nodeID":"1363976","text":"Asserting","type":"YA","timestamp":"2023-11-09 14:30:55"},{"nodeID":"1363977","text":"Default Transition","type":"TA","timestamp":"2023-11-09 14:30:55"},{"nodeID":"1363978","text":"Default Rephrase","type":"MA","timestamp":"2023-11-09 14:30:55"},{"nodeID":"1363979","text":"Restating","type":"YA","timestamp":"2023-11-09 14:30:55"},{"nodeID":"1363980","text":"all the public sector workers being paid fairly is going to have to be in line with inflation","type":"I","timestamp":"2023-11-09 14:30:56"},{"nodeID":"1363981","text":"AudienceMember 20230209QT07: That is going to have to be in line with inflation","type":"L","timestamp":"2023-11-09 14:30:56"},{"nodeID":"1363982","text":"Analysing","type":"YA","timestamp":"2023-11-09 14:30:56"},{"nodeID":"1363983","text":"Dominika: AudienceMember 20230209QT07: That is going to have to be in line with inflation","type":"L","timestamp":"2023-11-09 14:30:56"},{"nodeID":"1363984","text":"Asserting","type":"YA","timestamp":"2023-11-09 14:30:56"},{"nodeID":"1363985","text":"Default Transition","type":"TA","timestamp":"2023-11-09 14:30:56"},{"nodeID":"1363986","text":"Default Rephrase","type":"MA","timestamp":"2023-11-09 14:30:56"},{"nodeID":"1363987","text":"Restating","type":"YA","timestamp":"2023-11-09 14:30:56"},{"nodeID":"1363988","text":"workers in this country should not have to pay the price for mistakes that have been made by our government","type":"I","timestamp":"2023-11-09 14:30:56"},{"nodeID":"1363989","text":"AudienceMember 20230209QT07: Workers in this country should not have to pay the price for mistakes that have been made by our government","type":"L","timestamp":"2023-11-09 14:30:56"},{"nodeID":"1363990","text":"Analysing","type":"YA","timestamp":"2023-11-09 14:30:56"},{"nodeID":"1363991","text":"Dominika: AudienceMember 20230209QT07: Workers in this country should not have to pay the price for mistakes that have been made by our government","type":"L","timestamp":"2023-11-09 14:30:56"},{"nodeID":"1363992","text":"Asserting","type":"YA","timestamp":"2023-11-09 14:30:56"},{"nodeID":"1363993","text":"Default Transition","type":"TA","timestamp":"2023-11-09 14:30:56"},{"nodeID":"1363994","text":"Default Inference","type":"RA","timestamp":"2023-11-09 14:30:56"},{"nodeID":"1363995","text":"Arguing","type":"YA","timestamp":"2023-11-09 14:30:56"}],"edges":[{"edgeID":"1784911","fromID":"1363927","toID":"1363926","formEdgeID":null},{"edgeID":"1784912","fromID":"1363928","toID":"1363927","formEdgeID":null},{"edgeID":"1784913","fromID":"1363926","toID":"1363929","formEdgeID":null},{"edgeID":"1784914","fromID":"1363929","toID":"1363925","formEdgeID":null},{"edgeID":"1784915","fromID":"1363932","toID":"1363931","formEdgeID":null},{"edgeID":"1784916","fromID":"1363933","toID":"1363932","formEdgeID":null},{"edgeID":"1784917","fromID":"1363931","toID":"1363934","formEdgeID":null},{"edgeID":"1784918","fromID":"1363934","toID":"1363930","formEdgeID":null},{"edgeID":"1784919","fromID":"1363926","toID":"1363935","formEdgeID":null},{"edgeID":"1784920","fromID":"1363935","toID":"1363931","formEdgeID":null},{"edgeID":"1784921","fromID":"1363930","toID":"1363936","formEdgeID":null},{"edgeID":"1784922","fromID":"1363936","toID":"1363925","formEdgeID":null},{"edgeID":"1784923","fromID":"1363935","toID":"1363937","formEdgeID":null},{"edgeID":"1784924","fromID":"1363937","toID":"1363936","formEdgeID":null},{"edgeID":"1784925","fromID":"1363940","toID":"1363939","formEdgeID":null},{"edgeID":"1784926","fromID":"1363941","toID":"1363940","formEdgeID":null},{"edgeID":"1784927","fromID":"1363939","toID":"1363942","formEdgeID":null},{"edgeID":"1784928","fromID":"1363942","toID":"1363938","formEdgeID":null},{"edgeID":"1784929","fromID":"1363931","toID":"1363943","formEdgeID":null},{"edgeID":"1784930","fromID":"1363943","toID":"1363939","formEdgeID":null},{"edgeID":"1784931","fromID":"1363946","toID":"1363945","formEdgeID":null},{"edgeID":"1784932","fromID":"1363947","toID":"1363946","formEdgeID":null},{"edgeID":"1784933","fromID":"1363945","toID":"1363948","formEdgeID":null},{"edgeID":"1784934","fromID":"1363948","toID":"1363944","formEdgeID":null},{"edgeID":"1784935","fromID":"1363939","toID":"1363949","formEdgeID":null},{"edgeID":"1784936","fromID":"1363949","toID":"1363945","formEdgeID":null},{"edgeID":"1784937","fromID":"1363944","toID":"1363950","formEdgeID":null},{"edgeID":"1784938","fromID":"1363950","toID":"1363938","formEdgeID":null},{"edgeID":"1784939","fromID":"1363949","toID":"1363951","formEdgeID":null},{"edgeID":"1784940","fromID":"1363951","toID":"1363950","formEdgeID":null},{"edgeID":"1784941","fromID":"1363954","toID":"1363953","formEdgeID":null},{"edgeID":"1784942","fromID":"1363955","toID":"1363954","formEdgeID":null},{"edgeID":"1784943","fromID":"1363953","toID":"1363956","formEdgeID":null},{"edgeID":"1784944","fromID":"1363956","toID":"1363952","formEdgeID":null},{"edgeID":"1784945","fromID":"1363945","toID":"1363957","formEdgeID":null},{"edgeID":"1784946","fromID":"1363957","toID":"1363953","formEdgeID":null},{"edgeID":"1784947","fromID":"1363960","toID":"1363959","formEdgeID":null},{"edgeID":"1784948","fromID":"1363961","toID":"1363960","formEdgeID":null},{"edgeID":"1784949","fromID":"1363959","toID":"1363962","formEdgeID":null},{"edgeID":"1784950","fromID":"1363962","toID":"1363958","formEdgeID":null},{"edgeID":"1784951","fromID":"1363953","toID":"1363963","formEdgeID":null},{"edgeID":"1784952","fromID":"1363963","toID":"1363959","formEdgeID":null},{"edgeID":"1784953","fromID":"1363966","toID":"1363965","formEdgeID":null},{"edgeID":"1784954","fromID":"1363967","toID":"1363966","formEdgeID":null},{"edgeID":"1784955","fromID":"1363965","toID":"1363968","formEdgeID":null},{"edgeID":"1784956","fromID":"1363968","toID":"1363964","formEdgeID":null},{"edgeID":"1784957","fromID":"1363959","toID":"1363969","formEdgeID":null},{"edgeID":"1784958","fromID":"1363969","toID":"1363965","formEdgeID":null},{"edgeID":"1784959","fromID":"1363958","toID":"1363970","formEdgeID":null},{"edgeID":"1784960","fromID":"1363970","toID":"1363952","formEdgeID":null},{"edgeID":"1784961","fromID":"1363963","toID":"1363971","formEdgeID":null},{"edgeID":"1784962","fromID":"1363971","toID":"1363970","formEdgeID":null},{"edgeID":"1784963","fromID":"1363974","toID":"1363973","formEdgeID":null},{"edgeID":"1784964","fromID":"1363975","toID":"1363974","formEdgeID":null},{"edgeID":"1784965","fromID":"1363973","toID":"1363976","formEdgeID":null},{"edgeID":"1784966","fromID":"1363976","toID":"1363972","formEdgeID":null},{"edgeID":"1784967","fromID":"1363965","toID":"1363977","formEdgeID":null},{"edgeID":"1784968","fromID":"1363977","toID":"1363973","formEdgeID":null},{"edgeID":"1784969","fromID":"1363972","toID":"1363978","formEdgeID":null},{"edgeID":"1784970","fromID":"1363978","toID":"1363964","formEdgeID":null},{"edgeID":"1784971","fromID":"1363977","toID":"1363979","formEdgeID":null},{"edgeID":"1784972","fromID":"1363979","toID":"1363978","formEdgeID":null},{"edgeID":"1784973","fromID":"1363982","toID":"1363981","formEdgeID":null},{"edgeID":"1784974","fromID":"1363983","toID":"1363982","formEdgeID":null},{"edgeID":"1784975","fromID":"1363981","toID":"1363984","formEdgeID":null},{"edgeID":"1784976","fromID":"1363984","toID":"1363980","formEdgeID":null},{"edgeID":"1784977","fromID":"1363973","toID":"1363985","formEdgeID":null},{"edgeID":"1784978","fromID":"1363985","toID":"1363981","formEdgeID":null},{"edgeID":"1784979","fromID":"1363980","toID":"1363986","formEdgeID":null},{"edgeID":"1784980","fromID":"1363986","toID":"1363972","formEdgeID":null},{"edgeID":"1784981","fromID":"1363985","toID":"1363987","formEdgeID":null},{"edgeID":"1784982","fromID":"1363987","toID":"1363986","formEdgeID":null},{"edgeID":"1784983","fromID":"1363990","toID":"1363989","formEdgeID":null},{"edgeID":"1784984","fromID":"1363991","toID":"1363990","formEdgeID":null},{"edgeID":"1784985","fromID":"1363989","toID":"1363992","formEdgeID":null},{"edgeID":"1784986","fromID":"1363992","toID":"1363988","formEdgeID":null},{"edgeID":"1784987","fromID":"1363981","toID":"1363993","formEdgeID":null},{"edgeID":"1784988","fromID":"1363993","toID":"1363989","formEdgeID":null},{"edgeID":"1784989","fromID":"1363988","toID":"1363994","formEdgeID":null},{"edgeID":"1784990","fromID":"1363994","toID":"1363980","formEdgeID":null},{"edgeID":"1784991","fromID":"1363993","toID":"1363995","formEdgeID":null},{"edgeID":"1784992","fromID":"1363995","toID":"1363994","formEdgeID":null}],"locutions":[]}