{"nodes":[{"nodeID":"1363726","text":"what AudienceMember 20230209QT01 is saying saying is not tribute","type":"I","timestamp":"2023-11-09 14:30:33"},{"nodeID":"1363727","text":"Fiona Bruce: What she is saying saying is not tribute so much","type":"L","timestamp":"2023-11-09 14:30:33"},{"nodeID":"1363728","text":"Analysing","type":"YA","timestamp":"2023-11-09 14:30:34"},{"nodeID":"1363729","text":"Anon: Fiona Bruce: What she is saying saying is not tribute so much","type":"L","timestamp":"2023-11-09 14:30:34"},{"nodeID":"1363730","text":"Asserting","type":"YA","timestamp":"2023-11-09 14:30:34"},{"nodeID":"1363731","text":"AudienceMember 20230209QT01 wants money","type":"I","timestamp":"2023-11-09 14:30:34"},{"nodeID":"1363732","text":"Fiona Bruce: she wants money","type":"L","timestamp":"2023-11-09 14:30:34"},{"nodeID":"1363733","text":"Analysing","type":"YA","timestamp":"2023-11-09 14:30:34"},{"nodeID":"1363734","text":"Anon: Fiona Bruce: she wants money","type":"L","timestamp":"2023-11-09 14:30:34"},{"nodeID":"1363735","text":"Asserting","type":"YA","timestamp":"2023-11-09 14:30:34"},{"nodeID":"1363736","text":"Default Transition","type":"TA","timestamp":"2023-11-09 14:30:34"},{"nodeID":"1363737","text":"Default Conflict","type":"CA","timestamp":"2023-11-09 14:30:34"},{"nodeID":"1363738","text":"Disagreeing","type":"YA","timestamp":"2023-11-09 14:30:34"},{"nodeID":"1363739","text":"John Lamont regrets the decision of the unions to go out on strike","type":"I","timestamp":"2023-11-09 14:30:35"},{"nodeID":"1363740","text":"John Lamont: I regret the decision of the unions to go out on strike","type":"L","timestamp":"2023-11-09 14:30:35"},{"nodeID":"1363741","text":"Analysing","type":"YA","timestamp":"2023-11-09 14:30:35"},{"nodeID":"1363742","text":"Anon: John Lamont: I regret the decision of the unions to go out on strike","type":"L","timestamp":"2023-11-09 14:30:35"},{"nodeID":"1363743","text":"Asserting","type":"YA","timestamp":"2023-11-09 14:30:35"},{"nodeID":"1363744","text":"Default Transition","type":"TA","timestamp":"2023-11-09 14:30:35"},{"nodeID":"1363745","text":"the UK government is working hard on opening honest dialogue with the teaching profession and other public sector workers who are striking","type":"I","timestamp":"2023-11-09 14:30:35"},{"nodeID":"1363746","text":"John Lamont: The UK government is working hard on opening honest dialogue with the teaching profession and other public sector workers who are striking","type":"L","timestamp":"2023-11-09 14:30:35"},{"nodeID":"1363747","text":"Analysing","type":"YA","timestamp":"2023-11-09 14:30:35"},{"nodeID":"1363748","text":"Anon: John Lamont: The UK government is working hard on opening honest dialogue with the teaching profession and other public sector workers who are striking","type":"L","timestamp":"2023-11-09 14:30:35"},{"nodeID":"1363749","text":"Asserting","type":"YA","timestamp":"2023-11-09 14:30:35"},{"nodeID":"1363750","text":"Default Transition","type":"TA","timestamp":"2023-11-09 14:30:35"},{"nodeID":"1363751","text":"John Lamont worries about the impact of the unions to go out on strike, particularly in relation to the teachers' strike","type":"I","timestamp":"2023-11-09 14:30:36"},{"nodeID":"1363752","text":"John Lamont: I worry about the impact, particularly in relation to the teachers' strike","type":"L","timestamp":"2023-11-09 14:30:36"},{"nodeID":"1363753","text":"Analysing","type":"YA","timestamp":"2023-11-09 14:30:36"},{"nodeID":"1363754","text":"Anon: John Lamont: I worry about the impact, particularly in relation to the teachers' strike","type":"L","timestamp":"2023-11-09 14:30:36"},{"nodeID":"1363755","text":"Asserting","type":"YA","timestamp":"2023-11-09 14:30:36"},{"nodeID":"1363756","text":"Default Transition","type":"TA","timestamp":"2023-11-09 14:30:36"},{"nodeID":"1363757","text":"Default Inference","type":"RA","timestamp":"2023-11-09 14:30:36"},{"nodeID":"1363758","text":"Arguing","type":"YA","timestamp":"2023-11-09 14:30:36"},{"nodeID":"1363759","text":"Default Transition","type":"TA","timestamp":"2023-11-09 14:30:36"},{"nodeID":"1363760","text":"John Lamont worries about the impact the teachers' strike will have on our young people who have lost a large part of their education during the passage of the strike","type":"I","timestamp":"2023-11-09 14:30:37"},{"nodeID":"1363761","text":"John Lamont: the impact it will have on our young people who have lost a large part of their education during the passage","type":"L","timestamp":"2023-11-09 14:30:37"},{"nodeID":"1363762","text":"Analysing","type":"YA","timestamp":"2023-11-09 14:30:37"},{"nodeID":"1363763","text":"Anon: John Lamont: the impact it will have on our young people who have lost a large part of their education during the passage","type":"L","timestamp":"2023-11-09 14:30:37"},{"nodeID":"1363764","text":"Asserting","type":"YA","timestamp":"2023-11-09 14:30:37"},{"nodeID":"1363765","text":"Default Inference","type":"RA","timestamp":"2023-11-09 14:30:37"},{"nodeID":"1363766","text":"Default Transition","type":"TA","timestamp":"2023-11-09 14:30:37"},{"nodeID":"1363767","text":"Arguing","type":"YA","timestamp":"2023-11-09 14:30:37"},{"nodeID":"1363768","text":"John Lamont resolves the teachers' strike by xxx","type":"I","timestamp":"2023-11-09 14:30:37"},{"nodeID":"1363769","text":"Fiona Bruce: How do you resolve it","type":"L","timestamp":"2023-11-09 14:30:37"},{"nodeID":"1363770","text":"Analysing","type":"YA","timestamp":"2023-11-09 14:30:37"},{"nodeID":"1363771","text":"Anon: Fiona Bruce: How do you resolve it","type":"L","timestamp":"2023-11-09 14:30:37"},{"nodeID":"1363772","text":"Pure Questioning","type":"YA","timestamp":"2023-11-09 14:30:37"},{"nodeID":"1363773","text":"Default Transition","type":"TA","timestamp":"2023-11-09 14:30:37"},{"nodeID":"1363774","text":"the UK government's view on strikes is that we have independent pay review bodies that put forward a recommendation for how much the increase should be","type":"I","timestamp":"2023-11-09 14:30:38"},{"nodeID":"1363775","text":"John Lamont: The UK government's view is we have independent pay review bodies that put forward a recommendation for how much the increase should be","type":"L","timestamp":"2023-11-09 14:30:38"},{"nodeID":"1363776","text":"Analysing","type":"YA","timestamp":"2023-11-09 14:30:38"},{"nodeID":"1363777","text":"Anon: John Lamont: The UK government's view is we have independent pay review bodies that put forward a recommendation for how much the increase should be","type":"L","timestamp":"2023-11-09 14:30:38"},{"nodeID":"1363778","text":"Asserting","type":"YA","timestamp":"2023-11-09 14:30:38"},{"nodeID":"1363779","text":"Default Transition","type":"TA","timestamp":"2023-11-09 14:30:38"},{"nodeID":"1363780","text":"the governments have an important balancing act to do in terms of delivering the pay rise whilst responding that they are responsible for taxpayers' money","type":"I","timestamp":"2023-11-09 14:30:38"},{"nodeID":"1363781","text":"John Lamont: The governments have an important balancing act to do in terms of delivering that pay rise whilst responding that we are responsible for taxpayers' money","type":"L","timestamp":"2023-11-09 14:30:38"},{"nodeID":"1363782","text":"Analysing","type":"YA","timestamp":"2023-11-09 14:30:38"},{"nodeID":"1363783","text":"Anon: John Lamont: The governments have an important balancing act to do in terms of delivering that pay rise whilst responding that we are responsible for taxpayers' money","type":"L","timestamp":"2023-11-09 14:30:38"},{"nodeID":"1363784","text":"Asserting","type":"YA","timestamp":"2023-11-09 14:30:38"},{"nodeID":"1363785","text":"Default Transition","type":"TA","timestamp":"2023-11-09 14:30:38"},{"nodeID":"1363786","text":"Default Inference","type":"RA","timestamp":"2023-11-09 14:30:38"},{"nodeID":"1363787","text":"Arguing","type":"YA","timestamp":"2023-11-09 14:30:38"},{"nodeID":"1363788","text":"the UK government has inflation as one of its top priorities","type":"I","timestamp":"2023-11-09 14:30:39"},{"nodeID":"1363789","text":"John Lamont: The UK government has inflation as one of its top priorities","type":"L","timestamp":"2023-11-09 14:30:39"},{"nodeID":"1363790","text":"Analysing","type":"YA","timestamp":"2023-11-09 14:30:39"},{"nodeID":"1363791","text":"Anon: John Lamont: The UK government has inflation as one of its top priorities","type":"L","timestamp":"2023-11-09 14:30:39"},{"nodeID":"1363792","text":"Asserting","type":"YA","timestamp":"2023-11-09 14:30:39"},{"nodeID":"1363793","text":"Default Transition","type":"TA","timestamp":"2023-11-09 14:30:39"},{"nodeID":"1363794","text":"hopefully we have seen the peak of the inflation rate fall back","type":"I","timestamp":"2023-11-09 14:30:40"},{"nodeID":"1363795","text":"John Lamont: Hopefully we have seen the peak of the inflation rate fall back","type":"L","timestamp":"2023-11-09 14:30:40"},{"nodeID":"1363796","text":"Analysing","type":"YA","timestamp":"2023-11-09 14:30:40"},{"nodeID":"1363797","text":"Anon: John Lamont: Hopefully we have seen the peak of the inflation rate fall back","type":"L","timestamp":"2023-11-09 14:30:40"},{"nodeID":"1363798","text":"Asserting","type":"YA","timestamp":"2023-11-09 14:30:40"},{"nodeID":"1363799","text":"Default Transition","type":"TA","timestamp":"2023-11-09 14:30:40"},{"nodeID":"1363800","text":"Default Rephrase","type":"MA","timestamp":"2023-11-09 14:30:40"},{"nodeID":"1363801","text":"Restating","type":"YA","timestamp":"2023-11-09 14:30:40"},{"nodeID":"1363802","text":"giving pay rises would feed the pressure of inflation","type":"I","timestamp":"2023-11-09 14:30:40"},{"nodeID":"1363803","text":"John Lamont: giving pay rises would feed that pressure","type":"L","timestamp":"2023-11-09 14:30:40"},{"nodeID":"1363804","text":"Analysing","type":"YA","timestamp":"2023-11-09 14:30:40"},{"nodeID":"1363805","text":"Anon: John Lamont: giving pay rises would feed that pressure","type":"L","timestamp":"2023-11-09 14:30:40"},{"nodeID":"1363806","text":"Asserting","type":"YA","timestamp":"2023-11-09 14:30:40"},{"nodeID":"1363807","text":"Default Transition","type":"TA","timestamp":"2023-11-09 14:30:40"},{"nodeID":"1363808","text":"Default Inference","type":"RA","timestamp":"2023-11-09 14:30:40"},{"nodeID":"1363809","text":"Arguing","type":"YA","timestamp":"2023-11-09 14:30:40"}],"edges":[{"edgeID":"1784678","fromID":"1363728","toID":"1363727","formEdgeID":null},{"edgeID":"1784679","fromID":"1363729","toID":"1363728","formEdgeID":null},{"edgeID":"1784680","fromID":"1363727","toID":"1363730","formEdgeID":null},{"edgeID":"1784681","fromID":"1363730","toID":"1363726","formEdgeID":null},{"edgeID":"1784682","fromID":"1363733","toID":"1363732","formEdgeID":null},{"edgeID":"1784683","fromID":"1363734","toID":"1363733","formEdgeID":null},{"edgeID":"1784684","fromID":"1363732","toID":"1363735","formEdgeID":null},{"edgeID":"1784685","fromID":"1363735","toID":"1363731","formEdgeID":null},{"edgeID":"1784686","fromID":"1363727","toID":"1363736","formEdgeID":null},{"edgeID":"1784687","fromID":"1363736","toID":"1363732","formEdgeID":null},{"edgeID":"1784688","fromID":"1363731","toID":"1363737","formEdgeID":null},{"edgeID":"1784689","fromID":"1363737","toID":"1363726","formEdgeID":null},{"edgeID":"1784690","fromID":"1363736","toID":"1363738","formEdgeID":null},{"edgeID":"1784691","fromID":"1363738","toID":"1363737","formEdgeID":null},{"edgeID":"1784692","fromID":"1363741","toID":"1363740","formEdgeID":null},{"edgeID":"1784693","fromID":"1363742","toID":"1363741","formEdgeID":null},{"edgeID":"1784694","fromID":"1363740","toID":"1363743","formEdgeID":null},{"edgeID":"1784695","fromID":"1363743","toID":"1363739","formEdgeID":null},{"edgeID":"1784696","fromID":"1363732","toID":"1363744","formEdgeID":null},{"edgeID":"1784697","fromID":"1363744","toID":"1363740","formEdgeID":null},{"edgeID":"1784698","fromID":"1363747","toID":"1363746","formEdgeID":null},{"edgeID":"1784699","fromID":"1363748","toID":"1363747","formEdgeID":null},{"edgeID":"1784700","fromID":"1363746","toID":"1363749","formEdgeID":null},{"edgeID":"1784701","fromID":"1363749","toID":"1363745","formEdgeID":null},{"edgeID":"1784702","fromID":"1363740","toID":"1363750","formEdgeID":null},{"edgeID":"1784703","fromID":"1363750","toID":"1363746","formEdgeID":null},{"edgeID":"1784704","fromID":"1363753","toID":"1363752","formEdgeID":null},{"edgeID":"1784705","fromID":"1363754","toID":"1363753","formEdgeID":null},{"edgeID":"1784706","fromID":"1363752","toID":"1363755","formEdgeID":null},{"edgeID":"1784707","fromID":"1363755","toID":"1363751","formEdgeID":null},{"edgeID":"1784708","fromID":"1363740","toID":"1363756","formEdgeID":null},{"edgeID":"1784709","fromID":"1363756","toID":"1363752","formEdgeID":null},{"edgeID":"1784710","fromID":"1363751","toID":"1363757","formEdgeID":null},{"edgeID":"1784711","fromID":"1363757","toID":"1363739","formEdgeID":null},{"edgeID":"1784712","fromID":"1363756","toID":"1363758","formEdgeID":null},{"edgeID":"1784713","fromID":"1363758","toID":"1363757","formEdgeID":null},{"edgeID":"1784714","fromID":"1363746","toID":"1363759","formEdgeID":null},{"edgeID":"1784715","fromID":"1363759","toID":"1363752","formEdgeID":null},{"edgeID":"1784716","fromID":"1363762","toID":"1363761","formEdgeID":null},{"edgeID":"1784717","fromID":"1363763","toID":"1363762","formEdgeID":null},{"edgeID":"1784718","fromID":"1363761","toID":"1363764","formEdgeID":null},{"edgeID":"1784719","fromID":"1363764","toID":"1363760","formEdgeID":null},{"edgeID":"1784720","fromID":"1363760","toID":"1363765","formEdgeID":null},{"edgeID":"1784721","fromID":"1363765","toID":"1363751","formEdgeID":null},{"edgeID":"1784722","fromID":"1363752","toID":"1363766","formEdgeID":null},{"edgeID":"1784723","fromID":"1363766","toID":"1363761","formEdgeID":null},{"edgeID":"1784724","fromID":"1363766","toID":"1363767","formEdgeID":null},{"edgeID":"1784725","fromID":"1363767","toID":"1363765","formEdgeID":null},{"edgeID":"1784726","fromID":"1363770","toID":"1363769","formEdgeID":null},{"edgeID":"1784727","fromID":"1363771","toID":"1363770","formEdgeID":null},{"edgeID":"1784728","fromID":"1363769","toID":"1363772","formEdgeID":null},{"edgeID":"1784729","fromID":"1363772","toID":"1363768","formEdgeID":null},{"edgeID":"1784730","fromID":"1363761","toID":"1363773","formEdgeID":null},{"edgeID":"1784731","fromID":"1363773","toID":"1363769","formEdgeID":null},{"edgeID":"1784732","fromID":"1363776","toID":"1363775","formEdgeID":null},{"edgeID":"1784733","fromID":"1363777","toID":"1363776","formEdgeID":null},{"edgeID":"1784734","fromID":"1363775","toID":"1363778","formEdgeID":null},{"edgeID":"1784735","fromID":"1363778","toID":"1363774","formEdgeID":null},{"edgeID":"1784736","fromID":"1363769","toID":"1363779","formEdgeID":null},{"edgeID":"1784737","fromID":"1363779","toID":"1363775","formEdgeID":null},{"edgeID":"1784738","fromID":"1363782","toID":"1363781","formEdgeID":null},{"edgeID":"1784739","fromID":"1363783","toID":"1363782","formEdgeID":null},{"edgeID":"1784740","fromID":"1363781","toID":"1363784","formEdgeID":null},{"edgeID":"1784741","fromID":"1363784","toID":"1363780","formEdgeID":null},{"edgeID":"1784742","fromID":"1363746","toID":"1363785","formEdgeID":null},{"edgeID":"1784743","fromID":"1363785","toID":"1363781","formEdgeID":null},{"edgeID":"1784744","fromID":"1363780","toID":"1363786","formEdgeID":null},{"edgeID":"1784745","fromID":"1363786","toID":"1363745","formEdgeID":null},{"edgeID":"1784746","fromID":"1363785","toID":"1363787","formEdgeID":null},{"edgeID":"1784747","fromID":"1363787","toID":"1363786","formEdgeID":null},{"edgeID":"1784748","fromID":"1363790","toID":"1363789","formEdgeID":null},{"edgeID":"1784749","fromID":"1363791","toID":"1363790","formEdgeID":null},{"edgeID":"1784750","fromID":"1363789","toID":"1363792","formEdgeID":null},{"edgeID":"1784751","fromID":"1363792","toID":"1363788","formEdgeID":null},{"edgeID":"1784752","fromID":"1363781","toID":"1363793","formEdgeID":null},{"edgeID":"1784753","fromID":"1363793","toID":"1363789","formEdgeID":null},{"edgeID":"1784754","fromID":"1363796","toID":"1363795","formEdgeID":null},{"edgeID":"1784755","fromID":"1363797","toID":"1363796","formEdgeID":null},{"edgeID":"1784756","fromID":"1363795","toID":"1363798","formEdgeID":null},{"edgeID":"1784757","fromID":"1363798","toID":"1363794","formEdgeID":null},{"edgeID":"1784758","fromID":"1363789","toID":"1363799","formEdgeID":null},{"edgeID":"1784759","fromID":"1363799","toID":"1363795","formEdgeID":null},{"edgeID":"1784760","fromID":"1363794","toID":"1363800","formEdgeID":null},{"edgeID":"1784761","fromID":"1363800","toID":"1363788","formEdgeID":null},{"edgeID":"1784762","fromID":"1363799","toID":"1363801","formEdgeID":null},{"edgeID":"1784763","fromID":"1363801","toID":"1363800","formEdgeID":null},{"edgeID":"1784764","fromID":"1363804","toID":"1363803","formEdgeID":null},{"edgeID":"1784765","fromID":"1363805","toID":"1363804","formEdgeID":null},{"edgeID":"1784766","fromID":"1363803","toID":"1363806","formEdgeID":null},{"edgeID":"1784767","fromID":"1363806","toID":"1363802","formEdgeID":null},{"edgeID":"1784768","fromID":"1363781","toID":"1363807","formEdgeID":null},{"edgeID":"1784769","fromID":"1363807","toID":"1363803","formEdgeID":null},{"edgeID":"1784770","fromID":"1363802","toID":"1363808","formEdgeID":null},{"edgeID":"1784771","fromID":"1363808","toID":"1363780","formEdgeID":null},{"edgeID":"1784772","fromID":"1363788","toID":"1363808","formEdgeID":null},{"edgeID":"1784773","fromID":"1363807","toID":"1363809","formEdgeID":null},{"edgeID":"1784774","fromID":"1363809","toID":"1363808","formEdgeID":null}],"locutions":[]}