{"nodes":[{"nodeID":"1364712","text":"AudienceMember 20230209QT18 is quite a liberal person","type":"I","timestamp":"2023-11-09 14:31:59"},{"nodeID":"1364713","text":"AudienceMember 20230209QT18: I'm quite a liberal person","type":"L","timestamp":"2023-11-09 14:31:59"},{"nodeID":"1364714","text":"Analysing","type":"YA","timestamp":"2023-11-09 14:31:59"},{"nodeID":"1364715","text":"Dominika: AudienceMember 20230209QT18: I'm quite a liberal person","type":"L","timestamp":"2023-11-09 14:31:59"},{"nodeID":"1364716","text":"Asserting","type":"YA","timestamp":"2023-11-09 14:31:59"},{"nodeID":"1364717","text":"AudienceMember 20230209QT18's concern would be that somebody has taken advantage of a situation as a means and a way to getting around to vulnerable people","type":"I","timestamp":"2023-11-09 14:32:00"},{"nodeID":"1364718","text":"AudienceMember 20230209QT18: my concern would be that somebody has taken advantage of a situation as a means and a way to getting around to vulnerable people","type":"L","timestamp":"2023-11-09 14:32:00"},{"nodeID":"1364719","text":"Analysing","type":"YA","timestamp":"2023-11-09 14:32:00"},{"nodeID":"1364720","text":"Dominika: AudienceMember 20230209QT18: my concern would be that somebody has taken advantage of a situation as a means and a way to getting around to vulnerable people","type":"L","timestamp":"2023-11-09 14:32:00"},{"nodeID":"1364721","text":"Asserting","type":"YA","timestamp":"2023-11-09 14:32:00"},{"nodeID":"1364722","text":"Default Transition","type":"TA","timestamp":"2023-11-09 14:32:00"},{"nodeID":"1364723","text":"Default Inference","type":"RA","timestamp":"2023-11-09 14:32:00"},{"nodeID":"1364724","text":"Arguing","type":"YA","timestamp":"2023-11-09 14:32:00"},{"nodeID":"1364725","text":"AudienceMember 20230209QT18: That's the worry, really","type":"L","timestamp":"2023-11-09 14:32:00"},{"nodeID":"1364726","text":"Analysing","type":"YA","timestamp":"2023-11-09 14:32:00"},{"nodeID":"1364727","text":"Dominika: AudienceMember 20230209QT18: That's the worry, really","type":"L","timestamp":"2023-11-09 14:32:00"},{"nodeID":"1364728","text":"Default Transition","type":"TA","timestamp":"2023-11-09 14:32:00"},{"nodeID":"1364729","text":"Asserting","type":"YA","timestamp":"2023-11-09 14:32:00"},{"nodeID":"1364730","text":"there's no protection for those women","type":"I","timestamp":"2023-11-09 14:32:00"},{"nodeID":"1364731","text":"AudienceMember 20230209QT18: Where's the protection for those women","type":"L","timestamp":"2023-11-09 14:32:00"},{"nodeID":"1364732","text":"Analysing","type":"YA","timestamp":"2023-11-09 14:32:00"},{"nodeID":"1364733","text":"Dominika: AudienceMember 20230209QT18: Where's the protection for those women","type":"L","timestamp":"2023-11-09 14:32:00"},{"nodeID":"1364734","text":"Rhetorical Questioning","type":"YA","timestamp":"2023-11-09 14:32:00"},{"nodeID":"1364735","text":"Default Rephrase","type":"MA","timestamp":"2023-11-09 14:32:00"},{"nodeID":"1364736","text":"Default Transition","type":"TA","timestamp":"2023-11-09 14:32:00"},{"nodeID":"1364737","text":"Restating","type":"YA","timestamp":"2023-11-09 14:32:00"},{"nodeID":"1364738","text":"we just recently passed the legislation which would make it easier and quicker to change gender","type":"I","timestamp":"2023-11-09 14:32:01"},{"nodeID":"1364739","text":"Jenny Gilruth: we just recently passed the legislation that the lady has spoken to","type":"L","timestamp":"2023-11-09 14:32:01"},{"nodeID":"1364740","text":"Analysing","type":"YA","timestamp":"2023-11-09 14:32:01"},{"nodeID":"1364741","text":"Dominika: Jenny Gilruth: we just recently passed the legislation that the lady has spoken to","type":"L","timestamp":"2023-11-09 14:32:01"},{"nodeID":"1364742","text":"Asserting","type":"YA","timestamp":"2023-11-09 14:32:01"},{"nodeID":"1364743","text":"the legislation which would make it easier and quicker to change gender hasn't passed into law","type":"I","timestamp":"2023-11-09 14:32:02"},{"nodeID":"1364744","text":"Jenny Gilruth: the legislation hasn't passed into law","type":"L","timestamp":"2023-11-09 14:32:02"},{"nodeID":"1364745","text":"Analysing","type":"YA","timestamp":"2023-11-09 14:32:02"},{"nodeID":"1364746","text":"Dominika: Jenny Gilruth: the legislation hasn't passed into law","type":"L","timestamp":"2023-11-09 14:32:02"},{"nodeID":"1364747","text":"Asserting","type":"YA","timestamp":"2023-11-09 14:32:02"},{"nodeID":"1364748","text":"the UK government is taking an unusual step","type":"I","timestamp":"2023-11-09 14:32:02"},{"nodeID":"1364749","text":"Jenny Gilruth: the UK government is taking an unusual step","type":"L","timestamp":"2023-11-09 14:32:02"},{"nodeID":"1364750","text":"Analysing","type":"YA","timestamp":"2023-11-09 14:32:02"},{"nodeID":"1364751","text":"Dominika: Jenny Gilruth: the UK government is taking an unusual step","type":"L","timestamp":"2023-11-09 14:32:02"},{"nodeID":"1364752","text":"Asserting","type":"YA","timestamp":"2023-11-09 14:32:02"},{"nodeID":"1364753","text":"Default Transition","type":"TA","timestamp":"2023-11-09 14:32:02"},{"nodeID":"1364754","text":"Default Inference","type":"RA","timestamp":"2023-11-09 14:32:02"},{"nodeID":"1364755","text":"Arguing","type":"YA","timestamp":"2023-11-09 14:32:02"},{"nodeID":"1364756","text":"the UK government is taking an unprecedented step","type":"I","timestamp":"2023-11-09 14:32:03"},{"nodeID":"1364757","text":"Fiona Bruce: Unprecedented step","type":"L","timestamp":"2023-11-09 14:32:03"},{"nodeID":"1364758","text":"Analysing","type":"YA","timestamp":"2023-11-09 14:32:03"},{"nodeID":"1364759","text":"Dominika: Fiona Bruce: Unprecedented step","type":"L","timestamp":"2023-11-09 14:32:03"},{"nodeID":"1364760","text":"Asserting","type":"YA","timestamp":"2023-11-09 14:32:03"},{"nodeID":"1364761","text":"Default Conflict","type":"CA","timestamp":"2023-11-09 14:32:03"},{"nodeID":"1364762","text":"Default Transition","type":"TA","timestamp":"2023-11-09 14:32:03"},{"nodeID":"1364763","text":"Disagreeing","type":"YA","timestamp":"2023-11-09 14:32:03"},{"nodeID":"1364764","text":"the UK government is taking an unusual step in enacting Section 35","type":"I","timestamp":"2023-11-09 14:32:04"},{"nodeID":"1364765","text":"Jenny Gilruth: In enacting Section 35","type":"L","timestamp":"2023-11-09 14:32:04"},{"nodeID":"1364766","text":"Analysing","type":"YA","timestamp":"2023-11-09 14:32:04"},{"nodeID":"1364767","text":"Dominika: Jenny Gilruth: In enacting Section 35","type":"L","timestamp":"2023-11-09 14:32:04"},{"nodeID":"1364768","text":"Asserting","type":"YA","timestamp":"2023-11-09 14:32:04"},{"nodeID":"1364769","text":"Default Transition","type":"TA","timestamp":"2023-11-09 14:32:04"},{"nodeID":"1364770","text":"Default Rephrase","type":"MA","timestamp":"2023-11-09 14:32:04"},{"nodeID":"1364771","text":"Restating","type":"YA","timestamp":"2023-11-09 14:32:04"},{"nodeID":"1364772","text":"enacting Section 35 has never happened in the history of devolution","type":"I","timestamp":"2023-11-09 14:32:04"},{"nodeID":"1364773","text":"Jenny Gilruth:  It has never happened in the history of devolution","type":"L","timestamp":"2023-11-09 14:32:04"},{"nodeID":"1364774","text":"Analysing","type":"YA","timestamp":"2023-11-09 14:32:04"},{"nodeID":"1364775","text":"Dominika: Jenny Gilruth:  It has never happened in the history of devolution","type":"L","timestamp":"2023-11-09 14:32:04"},{"nodeID":"1364776","text":"Asserting","type":"YA","timestamp":"2023-11-09 14:32:04"},{"nodeID":"1364777","text":"Default Transition","type":"TA","timestamp":"2023-11-09 14:32:04"},{"nodeID":"1364778","text":"Default Transition","type":"TA","timestamp":"2023-11-09 14:32:04"},{"nodeID":"1364779","text":"Default Rephrase","type":"MA","timestamp":"2023-11-09 14:32:04"},{"nodeID":"1364780","text":"Restating","type":"YA","timestamp":"2023-11-09 14:32:04"},{"nodeID":"1364781","text":"Default Transition","type":"TA","timestamp":"2023-11-09 14:32:04"},{"nodeID":"1364782","text":"we'll come to that momentarily","type":"I","timestamp":"2023-11-09 14:32:05"},{"nodeID":"1364783","text":"Jenny Gilruth: We'll come to that momentarily","type":"L","timestamp":"2023-11-09 14:32:05"},{"nodeID":"1364784","text":"Analysing","type":"YA","timestamp":"2023-11-09 14:32:05"},{"nodeID":"1364785","text":"Dominika: Jenny Gilruth: We'll come to that momentarily","type":"L","timestamp":"2023-11-09 14:32:05"},{"nodeID":"1364786","text":"Asserting","type":"YA","timestamp":"2023-11-09 14:32:05"},{"nodeID":"1364787","text":"Default Transition","type":"TA","timestamp":"2023-11-09 14:32:05"},{"nodeID":"1364788","text":"to the issues at play here, the individual cases obviously has been discussed at First Minister's questions here in Scotland on two occasions","type":"I","timestamp":"2023-11-09 14:32:06"},{"nodeID":"1364789","text":"Jenny Gilruth: to the issues at play here, the individual cases obviously has been discussed at First Minister's questions here in Scotland on two occasions","type":"L","timestamp":"2023-11-09 14:32:06"},{"nodeID":"1364790","text":"Analysing","type":"YA","timestamp":"2023-11-09 14:32:06"},{"nodeID":"1364791","text":"Dominika: Jenny Gilruth: to the issues at play here, the individual cases obviously has been discussed at First Minister's questions here in Scotland on two occasions","type":"L","timestamp":"2023-11-09 14:32:06"},{"nodeID":"1364792","text":"Asserting","type":"YA","timestamp":"2023-11-09 14:32:06"},{"nodeID":"1364793","text":"Default Transition","type":"TA","timestamp":"2023-11-09 14:32:06"},{"nodeID":"1364794","text":"Isla Bryson is a rapist","type":"I","timestamp":"2023-11-09 14:32:06"},{"nodeID":"1364795","text":"Jenny Gilruth: That individual is a rapist","type":"L","timestamp":"2023-11-09 14:32:06"},{"nodeID":"1364796","text":"Analysing","type":"YA","timestamp":"2023-11-09 14:32:06"},{"nodeID":"1364797","text":"Dominika: Jenny Gilruth: That individual is a rapist","type":"L","timestamp":"2023-11-09 14:32:06"},{"nodeID":"1364798","text":"Asserting","type":"YA","timestamp":"2023-11-09 14:32:06"},{"nodeID":"1364799","text":"Default Transition","type":"TA","timestamp":"2023-11-09 14:32:06"},{"nodeID":"1364800","text":"Isla Bryson has committed a heinous crime","type":"I","timestamp":"2023-11-09 14:32:07"},{"nodeID":"1364801","text":"Jenny Gilruth: has committed a heinous crime","type":"L","timestamp":"2023-11-09 14:32:07"},{"nodeID":"1364802","text":"Analysing","type":"YA","timestamp":"2023-11-09 14:32:07"},{"nodeID":"1364803","text":"Dominika: Jenny Gilruth: has committed a heinous crime","type":"L","timestamp":"2023-11-09 14:32:07"},{"nodeID":"1364804","text":"Asserting","type":"YA","timestamp":"2023-11-09 14:32:07"},{"nodeID":"1364805","text":"Default Transition","type":"TA","timestamp":"2023-11-09 14:32:07"},{"nodeID":"1364806","text":"Default Rephrase","type":"MA","timestamp":"2023-11-09 14:32:07"},{"nodeID":"1364807","text":"Restating","type":"YA","timestamp":"2023-11-09 14:32:07"},{"nodeID":"1364808","text":"Isla Bryson deserves to be in jail for a very, very long time","type":"I","timestamp":"2023-11-09 14:32:08"},{"nodeID":"1364809","text":"Jenny Gilruth: that individual deserves to be in jail for a very, very long time","type":"L","timestamp":"2023-11-09 14:32:08"},{"nodeID":"1364810","text":"Analysing","type":"YA","timestamp":"2023-11-09 14:32:08"},{"nodeID":"1364811","text":"Dominika: Jenny Gilruth: that individual deserves to be in jail for a very, very long time","type":"L","timestamp":"2023-11-09 14:32:08"},{"nodeID":"1364812","text":"Asserting","type":"YA","timestamp":"2023-11-09 14:32:08"},{"nodeID":"1364813","text":"Default Transition","type":"TA","timestamp":"2023-11-09 14:32:08"},{"nodeID":"1364814","text":"Default Inference","type":"RA","timestamp":"2023-11-09 14:32:08"},{"nodeID":"1364815","text":"Arguing","type":"YA","timestamp":"2023-11-09 14:32:08"},{"nodeID":"1364816","text":"we also at the same time in Scotland, and across the UK, need to be mindful that trans women are not all a threat to other women","type":"I","timestamp":"2023-11-09 14:32:08"},{"nodeID":"1364817","text":"Jenny Gilruth: We also at the same time in Scotland, and across the UK, need to be mindful that trans women are not all a threat to other women","type":"L","timestamp":"2023-11-09 14:32:08"},{"nodeID":"1364818","text":"Analysing","type":"YA","timestamp":"2023-11-09 14:32:08"},{"nodeID":"1364819","text":"Dominika: Jenny Gilruth: We also at the same time in Scotland, and across the UK, need to be mindful that trans women are not all a threat to other women","type":"L","timestamp":"2023-11-09 14:32:08"},{"nodeID":"1364820","text":"Asserting","type":"YA","timestamp":"2023-11-09 14:32:08"},{"nodeID":"1364821","text":"Default Transition","type":"TA","timestamp":"2023-11-09 14:32:08"},{"nodeID":"1364822","text":"predatory men are a threat to other women","type":"I","timestamp":"2023-11-09 14:32:09"},{"nodeID":"1364823","text":"Jenny Gilruth: Predatory men are a threat to other women","type":"L","timestamp":"2023-11-09 14:32:09"},{"nodeID":"1364824","text":"Analysing","type":"YA","timestamp":"2023-11-09 14:32:09"},{"nodeID":"1364825","text":"Dominika: Jenny Gilruth: Predatory men are a threat to other women","type":"L","timestamp":"2023-11-09 14:32:09"},{"nodeID":"1364826","text":"Asserting","type":"YA","timestamp":"2023-11-09 14:32:09"},{"nodeID":"1364827","text":"Jenny Gilruth: We know that","type":"L","timestamp":"2023-11-09 14:32:09"},{"nodeID":"1364828","text":"Analysing","type":"YA","timestamp":"2023-11-09 14:32:09"},{"nodeID":"1364829","text":"Dominika: Jenny Gilruth: We know that","type":"L","timestamp":"2023-11-09 14:32:09"},{"nodeID":"1364830","text":"Default Transition","type":"TA","timestamp":"2023-11-09 14:32:09"},{"nodeID":"1364831","text":"Asserting","type":"YA","timestamp":"2023-11-09 14:32:09"},{"nodeID":"1364832","text":"we need to be mindful and careful about our language","type":"I","timestamp":"2023-11-09 14:32:09"},{"nodeID":"1364833","text":"Jenny Gilruth:  we need to be mindful and careful about our language","type":"L","timestamp":"2023-11-09 14:32:09"},{"nodeID":"1364834","text":"Analysing","type":"YA","timestamp":"2023-11-09 14:32:09"},{"nodeID":"1364835","text":"Dominika: Jenny Gilruth:  we need to be mindful and careful about our language","type":"L","timestamp":"2023-11-09 14:32:09"},{"nodeID":"1364836","text":"Asserting","type":"YA","timestamp":"2023-11-09 14:32:09"},{"nodeID":"1364837","text":"Jenny Gilruth: that's hugely important","type":"L","timestamp":"2023-11-09 14:32:09"},{"nodeID":"1364838","text":"Analysing","type":"YA","timestamp":"2023-11-09 14:32:09"},{"nodeID":"1364839","text":"Dominika: Jenny Gilruth: that's hugely important","type":"L","timestamp":"2023-11-09 14:32:09"},{"nodeID":"1364840","text":"Default Transition","type":"TA","timestamp":"2023-11-09 14:32:09"},{"nodeID":"1364841","text":"Asserting","type":"YA","timestamp":"2023-11-09 14:32:09"},{"nodeID":"1364842","text":"Default Inference","type":"RA","timestamp":"2023-11-09 14:32:09"},{"nodeID":"1364843","text":"Default Transition","type":"TA","timestamp":"2023-11-09 14:32:09"},{"nodeID":"1364844","text":"Default Transition","type":"TA","timestamp":"2023-11-09 14:32:09"},{"nodeID":"1364845","text":"Arguing","type":"YA","timestamp":"2023-11-09 14:32:09"}],"edges":[{"edgeID":"1785837","fromID":"1364714","toID":"1364713","formEdgeID":null},{"edgeID":"1785838","fromID":"1364715","toID":"1364714","formEdgeID":null},{"edgeID":"1785839","fromID":"1364713","toID":"1364716","formEdgeID":null},{"edgeID":"1785840","fromID":"1364716","toID":"1364712","formEdgeID":null},{"edgeID":"1785841","fromID":"1364719","toID":"1364718","formEdgeID":null},{"edgeID":"1785842","fromID":"1364720","toID":"1364719","formEdgeID":null},{"edgeID":"1785843","fromID":"1364718","toID":"1364721","formEdgeID":null},{"edgeID":"1785844","fromID":"1364721","toID":"1364717","formEdgeID":null},{"edgeID":"1785845","fromID":"1364713","toID":"1364722","formEdgeID":null},{"edgeID":"1785846","fromID":"1364722","toID":"1364718","formEdgeID":null},{"edgeID":"1785847","fromID":"1364712","toID":"1364723","formEdgeID":null},{"edgeID":"1785848","fromID":"1364723","toID":"1364717","formEdgeID":null},{"edgeID":"1785849","fromID":"1364722","toID":"1364724","formEdgeID":null},{"edgeID":"1785850","fromID":"1364724","toID":"1364723","formEdgeID":null},{"edgeID":"1785851","fromID":"1364726","toID":"1364725","formEdgeID":null},{"edgeID":"1785852","fromID":"1364727","toID":"1364726","formEdgeID":null},{"edgeID":"1785853","fromID":"1364718","toID":"1364728","formEdgeID":null},{"edgeID":"1785854","fromID":"1364728","toID":"1364725","formEdgeID":null},{"edgeID":"1785855","fromID":"1364725","toID":"1364729","formEdgeID":null},{"edgeID":"1785856","fromID":"1364729","toID":"1364717","formEdgeID":null},{"edgeID":"1785857","fromID":"1364732","toID":"1364731","formEdgeID":null},{"edgeID":"1785858","fromID":"1364733","toID":"1364732","formEdgeID":null},{"edgeID":"1785859","fromID":"1364731","toID":"1364734","formEdgeID":null},{"edgeID":"1785860","fromID":"1364734","toID":"1364730","formEdgeID":null},{"edgeID":"1785861","fromID":"1364730","toID":"1364735","formEdgeID":null},{"edgeID":"1785862","fromID":"1364735","toID":"1364717","formEdgeID":null},{"edgeID":"1785863","fromID":"1364718","toID":"1364736","formEdgeID":null},{"edgeID":"1785864","fromID":"1364736","toID":"1364731","formEdgeID":null},{"edgeID":"1785865","fromID":"1364736","toID":"1364737","formEdgeID":null},{"edgeID":"1785866","fromID":"1364737","toID":"1364735","formEdgeID":null},{"edgeID":"1785867","fromID":"1364740","toID":"1364739","formEdgeID":null},{"edgeID":"1785868","fromID":"1364741","toID":"1364740","formEdgeID":null},{"edgeID":"1785869","fromID":"1364739","toID":"1364742","formEdgeID":null},{"edgeID":"1785870","fromID":"1364742","toID":"1364738","formEdgeID":null},{"edgeID":"1785871","fromID":"1364745","toID":"1364744","formEdgeID":null},{"edgeID":"1785872","fromID":"1364746","toID":"1364745","formEdgeID":null},{"edgeID":"1785873","fromID":"1364744","toID":"1364747","formEdgeID":null},{"edgeID":"1785874","fromID":"1364747","toID":"1364743","formEdgeID":null},{"edgeID":"1785875","fromID":"1364750","toID":"1364749","formEdgeID":null},{"edgeID":"1785876","fromID":"1364751","toID":"1364750","formEdgeID":null},{"edgeID":"1785877","fromID":"1364749","toID":"1364752","formEdgeID":null},{"edgeID":"1785878","fromID":"1364752","toID":"1364748","formEdgeID":null},{"edgeID":"1785879","fromID":"1364744","toID":"1364753","formEdgeID":null},{"edgeID":"1785880","fromID":"1364753","toID":"1364749","formEdgeID":null},{"edgeID":"1785881","fromID":"1364748","toID":"1364754","formEdgeID":null},{"edgeID":"1785882","fromID":"1364754","toID":"1364743","formEdgeID":null},{"edgeID":"1785883","fromID":"1364753","toID":"1364755","formEdgeID":null},{"edgeID":"1785884","fromID":"1364755","toID":"1364754","formEdgeID":null},{"edgeID":"1785885","fromID":"1364758","toID":"1364757","formEdgeID":null},{"edgeID":"1785886","fromID":"1364759","toID":"1364758","formEdgeID":null},{"edgeID":"1785887","fromID":"1364757","toID":"1364760","formEdgeID":null},{"edgeID":"1785888","fromID":"1364760","toID":"1364756","formEdgeID":null},{"edgeID":"1785889","fromID":"1364756","toID":"1364761","formEdgeID":null},{"edgeID":"1785890","fromID":"1364761","toID":"1364748","formEdgeID":null},{"edgeID":"1785891","fromID":"1364749","toID":"1364762","formEdgeID":null},{"edgeID":"1785892","fromID":"1364762","toID":"1364757","formEdgeID":null},{"edgeID":"1785893","fromID":"1364762","toID":"1364763","formEdgeID":null},{"edgeID":"1785894","fromID":"1364763","toID":"1364761","formEdgeID":null},{"edgeID":"1785895","fromID":"1364766","toID":"1364765","formEdgeID":null},{"edgeID":"1785896","fromID":"1364767","toID":"1364766","formEdgeID":null},{"edgeID":"1785897","fromID":"1364765","toID":"1364768","formEdgeID":null},{"edgeID":"1785898","fromID":"1364768","toID":"1364764","formEdgeID":null},{"edgeID":"1785899","fromID":"1364749","toID":"1364769","formEdgeID":null},{"edgeID":"1785900","fromID":"1364769","toID":"1364765","formEdgeID":null},{"edgeID":"1785901","fromID":"1364764","toID":"1364770","formEdgeID":null},{"edgeID":"1785902","fromID":"1364770","toID":"1364748","formEdgeID":null},{"edgeID":"1785903","fromID":"1364769","toID":"1364771","formEdgeID":null},{"edgeID":"1785904","fromID":"1364771","toID":"1364770","formEdgeID":null},{"edgeID":"1785905","fromID":"1364774","toID":"1364773","formEdgeID":null},{"edgeID":"1785906","fromID":"1364775","toID":"1364774","formEdgeID":null},{"edgeID":"1785907","fromID":"1364773","toID":"1364776","formEdgeID":null},{"edgeID":"1785908","fromID":"1364776","toID":"1364772","formEdgeID":null},{"edgeID":"1785909","fromID":"1364731","toID":"1364777","formEdgeID":null},{"edgeID":"1785910","fromID":"1364777","toID":"1364739","formEdgeID":null},{"edgeID":"1785911","fromID":"1364739","toID":"1364778","formEdgeID":null},{"edgeID":"1785912","fromID":"1364778","toID":"1364744","formEdgeID":null},{"edgeID":"1785913","fromID":"1364743","toID":"1364779","formEdgeID":null},{"edgeID":"1785914","fromID":"1364779","toID":"1364738","formEdgeID":null},{"edgeID":"1785915","fromID":"1364778","toID":"1364780","formEdgeID":null},{"edgeID":"1785916","fromID":"1364780","toID":"1364779","formEdgeID":null},{"edgeID":"1785917","fromID":"1364765","toID":"1364781","formEdgeID":null},{"edgeID":"1785918","fromID":"1364781","toID":"1364773","formEdgeID":null},{"edgeID":"1785919","fromID":"1364784","toID":"1364783","formEdgeID":null},{"edgeID":"1785920","fromID":"1364785","toID":"1364784","formEdgeID":null},{"edgeID":"1785921","fromID":"1364783","toID":"1364786","formEdgeID":null},{"edgeID":"1785922","fromID":"1364786","toID":"1364782","formEdgeID":null},{"edgeID":"1785923","fromID":"1364773","toID":"1364787","formEdgeID":null},{"edgeID":"1785924","fromID":"1364787","toID":"1364783","formEdgeID":null},{"edgeID":"1785925","fromID":"1364790","toID":"1364789","formEdgeID":null},{"edgeID":"1785926","fromID":"1364791","toID":"1364790","formEdgeID":null},{"edgeID":"1785927","fromID":"1364789","toID":"1364792","formEdgeID":null},{"edgeID":"1785928","fromID":"1364792","toID":"1364788","formEdgeID":null},{"edgeID":"1785929","fromID":"1364783","toID":"1364793","formEdgeID":null},{"edgeID":"1785930","fromID":"1364793","toID":"1364789","formEdgeID":null},{"edgeID":"1785931","fromID":"1364796","toID":"1364795","formEdgeID":null},{"edgeID":"1785932","fromID":"1364797","toID":"1364796","formEdgeID":null},{"edgeID":"1785933","fromID":"1364795","toID":"1364798","formEdgeID":null},{"edgeID":"1785934","fromID":"1364798","toID":"1364794","formEdgeID":null},{"edgeID":"1785935","fromID":"1364789","toID":"1364799","formEdgeID":null},{"edgeID":"1785936","fromID":"1364799","toID":"1364795","formEdgeID":null},{"edgeID":"1785937","fromID":"1364802","toID":"1364801","formEdgeID":null},{"edgeID":"1785938","fromID":"1364803","toID":"1364802","formEdgeID":null},{"edgeID":"1785939","fromID":"1364801","toID":"1364804","formEdgeID":null},{"edgeID":"1785940","fromID":"1364804","toID":"1364800","formEdgeID":null},{"edgeID":"1785941","fromID":"1364795","toID":"1364805","formEdgeID":null},{"edgeID":"1785942","fromID":"1364805","toID":"1364801","formEdgeID":null},{"edgeID":"1785943","fromID":"1364800","toID":"1364806","formEdgeID":null},{"edgeID":"1785944","fromID":"1364806","toID":"1364794","formEdgeID":null},{"edgeID":"1785945","fromID":"1364805","toID":"1364807","formEdgeID":null},{"edgeID":"1785946","fromID":"1364807","toID":"1364806","formEdgeID":null},{"edgeID":"1785947","fromID":"1364810","toID":"1364809","formEdgeID":null},{"edgeID":"1785948","fromID":"1364811","toID":"1364810","formEdgeID":null},{"edgeID":"1785949","fromID":"1364809","toID":"1364812","formEdgeID":null},{"edgeID":"1785950","fromID":"1364812","toID":"1364808","formEdgeID":null},{"edgeID":"1785951","fromID":"1364801","toID":"1364813","formEdgeID":null},{"edgeID":"1785952","fromID":"1364813","toID":"1364809","formEdgeID":null},{"edgeID":"1785953","fromID":"1364800","toID":"1364814","formEdgeID":null},{"edgeID":"1785954","fromID":"1364814","toID":"1364808","formEdgeID":null},{"edgeID":"1785955","fromID":"1364813","toID":"1364815","formEdgeID":null},{"edgeID":"1785956","fromID":"1364815","toID":"1364814","formEdgeID":null},{"edgeID":"1785957","fromID":"1364818","toID":"1364817","formEdgeID":null},{"edgeID":"1785958","fromID":"1364819","toID":"1364818","formEdgeID":null},{"edgeID":"1785959","fromID":"1364817","toID":"1364820","formEdgeID":null},{"edgeID":"1785960","fromID":"1364820","toID":"1364816","formEdgeID":null},{"edgeID":"1785961","fromID":"1364809","toID":"1364821","formEdgeID":null},{"edgeID":"1785962","fromID":"1364821","toID":"1364817","formEdgeID":null},{"edgeID":"1785963","fromID":"1364824","toID":"1364823","formEdgeID":null},{"edgeID":"1785964","fromID":"1364825","toID":"1364824","formEdgeID":null},{"edgeID":"1785965","fromID":"1364823","toID":"1364826","formEdgeID":null},{"edgeID":"1785966","fromID":"1364826","toID":"1364822","formEdgeID":null},{"edgeID":"1785967","fromID":"1364828","toID":"1364827","formEdgeID":null},{"edgeID":"1785968","fromID":"1364829","toID":"1364828","formEdgeID":null},{"edgeID":"1785969","fromID":"1364823","toID":"1364830","formEdgeID":null},{"edgeID":"1785970","fromID":"1364830","toID":"1364827","formEdgeID":null},{"edgeID":"1785971","fromID":"1364827","toID":"1364831","formEdgeID":null},{"edgeID":"1785972","fromID":"1364831","toID":"1364822","formEdgeID":null},{"edgeID":"1785973","fromID":"1364834","toID":"1364833","formEdgeID":null},{"edgeID":"1785974","fromID":"1364835","toID":"1364834","formEdgeID":null},{"edgeID":"1785975","fromID":"1364833","toID":"1364836","formEdgeID":null},{"edgeID":"1785976","fromID":"1364836","toID":"1364832","formEdgeID":null},{"edgeID":"1785977","fromID":"1364838","toID":"1364837","formEdgeID":null},{"edgeID":"1785978","fromID":"1364839","toID":"1364838","formEdgeID":null},{"edgeID":"1785979","fromID":"1364833","toID":"1364840","formEdgeID":null},{"edgeID":"1785980","fromID":"1364840","toID":"1364837","formEdgeID":null},{"edgeID":"1785981","fromID":"1364837","toID":"1364841","formEdgeID":null},{"edgeID":"1785982","fromID":"1364841","toID":"1364832","formEdgeID":null},{"edgeID":"1785983","fromID":"1364816","toID":"1364842","formEdgeID":null},{"edgeID":"1785984","fromID":"1364842","toID":"1364832","formEdgeID":null},{"edgeID":"1785985","fromID":"1364822","toID":"1364842","formEdgeID":null},{"edgeID":"1785986","fromID":"1364817","toID":"1364843","formEdgeID":null},{"edgeID":"1785987","fromID":"1364843","toID":"1364833","formEdgeID":null},{"edgeID":"1785988","fromID":"1364827","toID":"1364844","formEdgeID":null},{"edgeID":"1785989","fromID":"1364844","toID":"1364833","formEdgeID":null},{"edgeID":"1785990","fromID":"1364843","toID":"1364845","formEdgeID":null},{"edgeID":"1785991","fromID":"1364845","toID":"1364842","formEdgeID":null}],"locutions":[]}