{"nodes":[{"nodeID":"724723","text":"we need to be careful","type":"I","timestamp":"2021-06-24 20:13:47"},{"nodeID":"1298407","text":"all these people are hard-working people","type":"I","timestamp":"2023-11-09 12:53:12"},{"nodeID":"1298408","text":"AudienceMember 20220310QT29: All these people is hard-working people","type":"L","timestamp":"2023-11-09 12:53:12"},{"nodeID":"1298409","text":"Ella: AudienceMember 20220310QT29: All these people is hard-working people","type":"L","timestamp":"2023-11-09 12:53:12"},{"nodeID":"1298410","text":"they built their country after Russia broke down","type":"I","timestamp":"2023-11-09 12:53:12"},{"nodeID":"1298411","text":"Ella: AudienceMember 20220310QT29: They build their country after Russia broke down","type":"L","timestamp":"2023-11-09 12:53:12"},{"nodeID":"1298412","text":"AudienceMember 20220310QT29: They build their country after Russia broke down","type":"L","timestamp":"2023-11-09 12:53:12"},{"nodeID":"1298413","text":"they built their country again and now it has been taken away","type":"I","timestamp":"2023-11-09 12:53:13"},{"nodeID":"1298414","text":"AudienceMember 20220310QT29: They build their country again and now it has been taken away","type":"L","timestamp":"2023-11-09 12:53:13"},{"nodeID":"1298415","text":"Ella: AudienceMember 20220310QT29: They build their country again and now it has been taken away","type":"L","timestamp":"2023-11-09 12:53:13"},{"nodeID":"1298416","text":"we need to think about what we can do for them","type":"I","timestamp":"2023-11-09 12:53:14"},{"nodeID":"1298417","text":"AudienceMember 20220310QT29: We need to think about what we can do for them","type":"L","timestamp":"2023-11-09 12:53:14"},{"nodeID":"1298418","text":"Ella: AudienceMember 20220310QT29: We need to think about what we can do for them","type":"L","timestamp":"2023-11-09 12:53:14"},{"nodeID":"1298419","text":"there is a visa restriction and things like that","type":"I","timestamp":"2023-11-09 12:53:14"},{"nodeID":"1298420","text":"AudienceMember 20220310QT29: there is a visa restriction and things like that","type":"L","timestamp":"2023-11-09 12:53:14"},{"nodeID":"1298421","text":"Ella: AudienceMember 20220310QT29: there is a visa restriction and things like that","type":"L","timestamp":"2023-11-09 12:53:14"},{"nodeID":"1298422","text":"everything what goes through the last three, four years, Afghanistan, everything about Syria and everything else","type":"I","timestamp":"2023-11-09 12:53:15"},{"nodeID":"1298423","text":"AudienceMember 20220310QT29: everything what goes through the last three, four years, Afghanistan, everything about Syria and everything else,","type":"L","timestamp":"2023-11-09 12:53:15"},{"nodeID":"1298424","text":"Ella: AudienceMember 20220310QT29: everything what goes through the last three, four years, Afghanistan, everything about Syria and everything else,","type":"L","timestamp":"2023-11-09 12:53:15"},{"nodeID":"1298425","text":"AudienceMember 20220310QT29: we need to be careful","type":"L","timestamp":"2023-11-09 12:53:15"},{"nodeID":"1298426","text":"Ella: AudienceMember 20220310QT29: we need to be careful","type":"L","timestamp":"2023-11-09 12:53:15"},{"nodeID":"1298427","text":"at the same time help these people to build the futures","type":"I","timestamp":"2023-11-09 12:53:15"},{"nodeID":"1298428","text":"AudienceMember 20220310QT29: at the same time help these people to build the futures","type":"L","timestamp":"2023-11-09 12:53:15"},{"nodeID":"1298429","text":"Ella: AudienceMember 20220310QT29: at the same time help these people to build the futures","type":"L","timestamp":"2023-11-09 12:53:15"},{"nodeID":"1298430","text":"we can benefit out of helping the dispossessed Ukrainians","type":"I","timestamp":"2023-11-09 12:53:16"},{"nodeID":"1298431","text":"AudienceMember 20220310QT29: we can benefit out of it","type":"L","timestamp":"2023-11-09 12:53:16"},{"nodeID":"1298432","text":"Ella: AudienceMember 20220310QT29: we can benefit out of it","type":"L","timestamp":"2023-11-09 12:53:16"},{"nodeID":"1298433","text":"we have an NHS crisis","type":"I","timestamp":"2023-11-09 12:53:17"},{"nodeID":"1298434","text":"AudienceMember 20220310QT29: We have NHS crisis","type":"L","timestamp":"2023-11-09 12:53:17"},{"nodeID":"1298435","text":"Ella: AudienceMember 20220310QT29: We have NHS crisis","type":"L","timestamp":"2023-11-09 12:53:17"},{"nodeID":"1298436","text":"Analysing","type":"YA","timestamp":"2023-11-09 12:53:17"},{"nodeID":"1298437","text":"Asserting","type":"YA","timestamp":"2023-11-09 12:53:17"},{"nodeID":"1298438","text":"we have so many jobs on the list","type":"I","timestamp":"2023-11-09 12:53:17"},{"nodeID":"1298439","text":"AudienceMember 20220310QT29: We have so many jobs on the list","type":"L","timestamp":"2023-11-09 12:53:17"},{"nodeID":"1298440","text":"Analysing","type":"YA","timestamp":"2023-11-09 12:53:17"},{"nodeID":"1298441","text":"Ella: AudienceMember 20220310QT29: We have so many jobs on the list","type":"L","timestamp":"2023-11-09 12:53:17"},{"nodeID":"1298442","text":"we can support the dispossessed Ukrainians","type":"I","timestamp":"2023-11-09 12:53:18"},{"nodeID":"1298443","text":"Asserting","type":"YA","timestamp":"2023-11-09 12:53:18"},{"nodeID":"1298444","text":"AudienceMember 20220310QT29: We can support","type":"L","timestamp":"2023-11-09 12:53:18"},{"nodeID":"1298445","text":"Ella: AudienceMember 20220310QT29: We can support","type":"L","timestamp":"2023-11-09 12:53:18"},{"nodeID":"1298446","text":"Analysing","type":"YA","timestamp":"2023-11-09 12:53:18"},{"nodeID":"1298447","text":"AudienceMember 20220310QT29 came to Britain and had no English","type":"I","timestamp":"2023-11-09 12:53:18"},{"nodeID":"1298448","text":"Asserting","type":"YA","timestamp":"2023-11-09 12:53:18"},{"nodeID":"1298449","text":"AudienceMember 20220310QT29: I come in here and I have no English","type":"L","timestamp":"2023-11-09 12:53:18"},{"nodeID":"1298450","text":"Ella: AudienceMember 20220310QT29: I come in here and I have no English","type":"L","timestamp":"2023-11-09 12:53:18"},{"nodeID":"1298451","text":"Analysing","type":"YA","timestamp":"2023-11-09 12:53:18"},{"nodeID":"1298452","text":"AudienceMember 20220310QT29 knew a little bit of English, but was not fluent","type":"I","timestamp":"2023-11-09 12:53:19"},{"nodeID":"1298453","text":"Asserting","type":"YA","timestamp":"2023-11-09 12:53:19"},{"nodeID":"1298454","text":"Default Transition","type":"TA","timestamp":"2023-11-09 12:53:19"},{"nodeID":"1298455","text":"Analysing","type":"YA","timestamp":"2023-11-09 12:53:19"},{"nodeID":"1298456","text":"AudienceMember 20220310QT29: I have a little bit, but not","type":"L","timestamp":"2023-11-09 12:53:19"},{"nodeID":"1298457","text":"Asserting","type":"YA","timestamp":"2023-11-09 12:53:19"},{"nodeID":"1298458","text":"Ella: AudienceMember 20220310QT29: I have a little bit, but not","type":"L","timestamp":"2023-11-09 12:53:19"},{"nodeID":"1298459","text":"Default Transition","type":"TA","timestamp":"2023-11-09 12:53:19"},{"nodeID":"1298460","text":"Default Inference","type":"RA","timestamp":"2023-11-09 12:53:19"},{"nodeID":"1298461","text":"Default Transition","type":"TA","timestamp":"2023-11-09 12:53:19"},{"nodeID":"1298462","text":"Default Transition","type":"TA","timestamp":"2023-11-09 12:53:19"},{"nodeID":"1298463","text":"Arguing","type":"YA","timestamp":"2023-11-09 12:53:19"},{"nodeID":"1298464","text":"now AudienceMember 20220310QT29 can fully speak English","type":"I","timestamp":"2023-11-09 12:53:20"},{"nodeID":"1298465","text":"AudienceMember 20220310QT29: now I can fully speak English","type":"L","timestamp":"2023-11-09 12:53:20"},{"nodeID":"1298466","text":"Analysing","type":"YA","timestamp":"2023-11-09 12:53:20"},{"nodeID":"1298467","text":"Ella: AudienceMember 20220310QT29: now I can fully speak English","type":"L","timestamp":"2023-11-09 12:53:20"},{"nodeID":"1298468","text":"now AudienceMember 20220310QT29 can work and build their future","type":"I","timestamp":"2023-11-09 12:53:20"},{"nodeID":"1298469","text":"Asserting","type":"YA","timestamp":"2023-11-09 12:53:20"},{"nodeID":"1298470","text":"AudienceMember 20220310QT29: work and I can build my future","type":"L","timestamp":"2023-11-09 12:53:20"},{"nodeID":"1298471","text":"Ella: AudienceMember 20220310QT29: work and I can build my future","type":"L","timestamp":"2023-11-09 12:53:20"},{"nodeID":"1298472","text":"Analysing","type":"YA","timestamp":"2023-11-09 12:53:20"},{"nodeID":"1298473","text":"Asserting","type":"YA","timestamp":"2023-11-09 12:53:20"},{"nodeID":"1298474","text":"Default Transition","type":"TA","timestamp":"2023-11-09 12:53:20"},{"nodeID":"1298475","text":"Default Inference","type":"RA","timestamp":"2023-11-09 12:53:20"},{"nodeID":"1298476","text":"Default Transition","type":"TA","timestamp":"2023-11-09 12:53:20"},{"nodeID":"1298477","text":"Arguing","type":"YA","timestamp":"2023-11-09 12:53:20"},{"nodeID":"1298478","text":"Default Conflict","type":"CA","timestamp":"2023-11-09 12:53:20"},{"nodeID":"1298479","text":"Default Transition","type":"TA","timestamp":"2023-11-09 12:53:20"},{"nodeID":"1298480","text":"Disagreeing","type":"YA","timestamp":"2023-11-09 12:53:20"},{"nodeID":"1298481","text":"xxx is what the Government's plan is once the Ukrainians do come","type":"I","timestamp":"2023-11-09 12:53:21"},{"nodeID":"1298482","text":"AudienceMember 20220310QT30: what's the Government's plan once the Ukrainians do come","type":"L","timestamp":"2023-11-09 12:53:21"},{"nodeID":"1298483","text":"Analysing","type":"YA","timestamp":"2023-11-09 12:53:21"},{"nodeID":"1298484","text":"Ella: AudienceMember 20220310QT30: what's the Government's plan once the Ukrainians do come","type":"L","timestamp":"2023-11-09 12:53:21"},{"nodeID":"1298485","text":"Asserting","type":"YA","timestamp":"2023-11-09 12:53:21"},{"nodeID":"1298486","text":"Default Conflict","type":"CA","timestamp":"2023-11-09 12:53:21"},{"nodeID":"1298487","text":"Default Transition","type":"TA","timestamp":"2023-11-09 12:53:21"},{"nodeID":"1298488","text":"Disagreeing","type":"YA","timestamp":"2023-11-09 12:53:21"},{"nodeID":"1298489","text":"you estimated 200,000 people coming to this country","type":"I","timestamp":"2023-11-09 12:53:22"},{"nodeID":"1298490","text":"AudienceMember 20220310QT30: You estimated 200,000 people coming to this country","type":"L","timestamp":"2023-11-09 12:53:22"},{"nodeID":"1298491","text":"Analysing","type":"YA","timestamp":"2023-11-09 12:53:22"},{"nodeID":"1298492","text":"Ella: AudienceMember 20220310QT30: You estimated 200,000 people coming to this country","type":"L","timestamp":"2023-11-09 12:53:22"},{"nodeID":"1298493","text":"Asserting","type":"YA","timestamp":"2023-11-09 12:53:22"},{"nodeID":"1298494","text":"Default Inference","type":"RA","timestamp":"2023-11-09 12:53:22"},{"nodeID":"1298495","text":"Default Transition","type":"TA","timestamp":"2023-11-09 12:53:22"},{"nodeID":"1298496","text":"Arguing","type":"YA","timestamp":"2023-11-09 12:53:22"},{"nodeID":"1298497","text":"the dispossessed Ukrainians would prefer to stay in Poland","type":"I","timestamp":"2023-11-09 12:53:22"},{"nodeID":"1298498","text":"Analysing","type":"YA","timestamp":"2023-11-09 12:53:22"},{"nodeID":"1298499","text":"AudienceMember 20220310QT30: they will prefer to stay in Poland","type":"L","timestamp":"2023-11-09 12:53:22"},{"nodeID":"1298500","text":"Asserting","type":"YA","timestamp":"2023-11-09 12:53:22"},{"nodeID":"1298501","text":"Ella: AudienceMember 20220310QT30: they will prefer to stay in Poland","type":"L","timestamp":"2023-11-09 12:53:22"},{"nodeID":"1298502","text":"xxx are the the Government plans to re-house them and reintegrate the dispossessed Ukrainians into society","type":"I","timestamp":"2023-11-09 12:53:23"},{"nodeID":"1298503","text":"Analysing","type":"YA","timestamp":"2023-11-09 12:53:23"},{"nodeID":"1298504","text":"AudienceMember 20220310QT30: What's the Government plans to re-house them and reintegrate them into society","type":"L","timestamp":"2023-11-09 12:53:23"},{"nodeID":"1298505","text":"Asserting","type":"YA","timestamp":"2023-11-09 12:53:23"},{"nodeID":"1298506","text":"Ella: AudienceMember 20220310QT30: What's the Government plans to re-house them and reintegrate them into society","type":"L","timestamp":"2023-11-09 12:53:23"},{"nodeID":"1298507","text":"Analysing","type":"YA","timestamp":"2023-11-09 12:53:23"},{"nodeID":"1298508","text":"Asserting","type":"YA","timestamp":"2023-11-09 12:53:23"},{"nodeID":"1298509","text":"we have the Afghan refugee system","type":"I","timestamp":"2023-11-09 12:53:23"},{"nodeID":"1298510","text":"Penny Mordaunt: We have the Afghan refugee system","type":"L","timestamp":"2023-11-09 12:53:23"},{"nodeID":"1298511","text":"Default Transition","type":"TA","timestamp":"2023-11-09 12:53:23"},{"nodeID":"1298512","text":"Default Transition","type":"TA","timestamp":"2023-11-09 12:53:23"},{"nodeID":"1298513","text":"Default Transition","type":"TA","timestamp":"2023-11-09 12:53:23"},{"nodeID":"1298514","text":"Default Rephrase","type":"MA","timestamp":"2023-11-09 12:53:23"},{"nodeID":"1298515","text":"Default Rephrase","type":"MA","timestamp":"2023-11-09 12:53:23"},{"nodeID":"1298516","text":"Restating","type":"YA","timestamp":"2023-11-09 12:53:23"},{"nodeID":"1298517","text":"Restating","type":"YA","timestamp":"2023-11-09 12:53:23"},{"nodeID":"1298518","text":"Default Inference","type":"RA","timestamp":"2023-11-09 12:53:23"},{"nodeID":"1298519","text":"Arguing","type":"YA","timestamp":"2023-11-09 12:53:23"},{"nodeID":"1298520","text":"Ella: Penny Mordaunt: We have the Afghan refugee system","type":"L","timestamp":"2023-11-09 12:53:23"},{"nodeID":"1298521","text":"organisations like Jobcentre Plus have bespoke programmes to enable people to find work and get their qualifications verified","type":"I","timestamp":"2023-11-09 12:53:24"},{"nodeID":"1298522","text":"Penny Mordaunt: organisations like Jobcentre Plus have bespoke programmes to enable people to find work and get their qualifications verified","type":"L","timestamp":"2023-11-09 12:53:24"},{"nodeID":"1298523","text":"Analysing","type":"YA","timestamp":"2023-11-09 12:53:24"},{"nodeID":"1298524","text":"Asserting","type":"YA","timestamp":"2023-11-09 12:53:24"},{"nodeID":"1298525","text":"Ella: Penny Mordaunt: organisations like Jobcentre Plus have bespoke programmes to enable people to find work and get their qualifications verified","type":"L","timestamp":"2023-11-09 12:53:24"},{"nodeID":"1298526","text":"there are systems set up to rehouse and integrate dispossessed people in the UK","type":"I","timestamp":"2023-11-09 12:53:25"},{"nodeID":"1298527","text":"Penny Mordaunt: there are systems set up to do this","type":"L","timestamp":"2023-11-09 12:53:25"},{"nodeID":"1298528","text":"Analysing","type":"YA","timestamp":"2023-11-09 12:53:25"},{"nodeID":"1298529","text":"Asserting","type":"YA","timestamp":"2023-11-09 12:53:25"},{"nodeID":"1298530","text":"Ella: Penny Mordaunt: there are systems set up to do this","type":"L","timestamp":"2023-11-09 12:53:25"},{"nodeID":"1298531","text":"Analysing","type":"YA","timestamp":"2023-11-09 12:53:25"},{"nodeID":"1298532","text":"we will do this for Ukrainians coming to the UK","type":"I","timestamp":"2023-11-09 12:53:25"},{"nodeID":"1298533","text":"Penny Mordaunt: we will do this for Ukrainians coming to the UK","type":"L","timestamp":"2023-11-09 12:53:25"},{"nodeID":"1298534","text":"Asserting","type":"YA","timestamp":"2023-11-09 12:53:25"},{"nodeID":"1298535","text":"Ella: Penny Mordaunt: we will do this for Ukrainians coming to the UK","type":"L","timestamp":"2023-11-09 12:53:25"},{"nodeID":"1298536","text":"there are systems in place to sort out housing through local authorities","type":"I","timestamp":"2023-11-09 12:53:26"},{"nodeID":"1298537","text":"Analysing","type":"YA","timestamp":"2023-11-09 12:53:26"},{"nodeID":"1298538","text":"Penny Mordaunt: There are systems in place to sort out housing through local authorities","type":"L","timestamp":"2023-11-09 12:53:26"},{"nodeID":"1298539","text":"Asserting","type":"YA","timestamp":"2023-11-09 12:53:26"},{"nodeID":"1298540","text":"Default Transition","type":"TA","timestamp":"2023-11-09 12:53:26"},{"nodeID":"1298541","text":"Default Transition","type":"TA","timestamp":"2023-11-09 12:53:26"},{"nodeID":"1298542","text":"Default Rephrase","type":"MA","timestamp":"2023-11-09 12:53:26"},{"nodeID":"1298543","text":"Restating","type":"YA","timestamp":"2023-11-09 12:53:26"},{"nodeID":"1298544","text":"Default Inference","type":"RA","timestamp":"2023-11-09 12:53:26"},{"nodeID":"1298545","text":"Default Transition","type":"TA","timestamp":"2023-11-09 12:53:26"},{"nodeID":"1298546","text":"Arguing","type":"YA","timestamp":"2023-11-09 12:53:26"},{"nodeID":"1298547","text":"Default Conflict","type":"CA","timestamp":"2023-11-09 12:53:26"},{"nodeID":"1298548","text":"Default Transition","type":"TA","timestamp":"2023-11-09 12:53:26"},{"nodeID":"1298549","text":"Disagreeing","type":"YA","timestamp":"2023-11-09 12:53:26"},{"nodeID":"1298550","text":"Ella: Penny Mordaunt: There are systems in place to sort out housing through local authorities","type":"L","timestamp":"2023-11-09 12:53:26"},{"nodeID":"1298551","text":"Analysing","type":"YA","timestamp":"2023-11-09 12:53:26"},{"nodeID":"1298552","text":"Pure Questioning","type":"YA","timestamp":"2023-11-09 12:53:26"},{"nodeID":"1298553","text":"Analysing","type":"YA","timestamp":"2023-11-09 12:53:26"},{"nodeID":"1298554","text":"Asserting","type":"YA","timestamp":"2023-11-09 12:53:26"},{"nodeID":"1298555","text":"Analysing","type":"YA","timestamp":"2023-11-09 12:53:26"},{"nodeID":"1298556","text":"Asserting","type":"YA","timestamp":"2023-11-09 12:53:26"},{"nodeID":"1298557","text":"Analysing","type":"YA","timestamp":"2023-11-09 12:53:26"},{"nodeID":"1298558","text":"Pure Questioning","type":"YA","timestamp":"2023-11-09 12:53:26"},{"nodeID":"1298559","text":"Default Transition","type":"TA","timestamp":"2023-11-09 12:53:26"},{"nodeID":"1298560","text":"Default Transition","type":"TA","timestamp":"2023-11-09 12:53:26"},{"nodeID":"1298561","text":"Default Conflict","type":"CA","timestamp":"2023-11-09 12:53:26"},{"nodeID":"1298562","text":"Default Transition","type":"TA","timestamp":"2023-11-09 12:53:26"},{"nodeID":"1298563","text":"Disagreeing","type":"YA","timestamp":"2023-11-09 12:53:26"},{"nodeID":"1298564","text":"Default Transition","type":"TA","timestamp":"2023-11-09 12:53:26"},{"nodeID":"1298565","text":"Default Rephrase","type":"MA","timestamp":"2023-11-09 12:53:26"},{"nodeID":"1298566","text":"Restating","type":"YA","timestamp":"2023-11-09 12:53:26"},{"nodeID":"1298567","text":"Analysing","type":"YA","timestamp":"2023-11-09 12:53:26"},{"nodeID":"1298568","text":"Asserting","type":"YA","timestamp":"2023-11-09 12:53:26"},{"nodeID":"1298569","text":"Analysing","type":"YA","timestamp":"2023-11-09 12:53:26"},{"nodeID":"1298570","text":"Asserting","type":"YA","timestamp":"2023-11-09 12:53:26"},{"nodeID":"1298571","text":"Analysing","type":"YA","timestamp":"2023-11-09 12:53:26"},{"nodeID":"1298572","text":"Asserting","type":"YA","timestamp":"2023-11-09 12:53:26"},{"nodeID":"1298573","text":"Analysing","type":"YA","timestamp":"2023-11-09 12:53:26"},{"nodeID":"1298574","text":"Asserting","type":"YA","timestamp":"2023-11-09 12:53:26"},{"nodeID":"1298575","text":"Default Transition","type":"TA","timestamp":"2023-11-09 12:53:26"},{"nodeID":"1298576","text":"Default Inference","type":"RA","timestamp":"2023-11-09 12:53:26"},{"nodeID":"1298577","text":"Default Transition","type":"TA","timestamp":"2023-11-09 12:53:26"},{"nodeID":"1298578","text":"Arguing","type":"YA","timestamp":"2023-11-09 12:53:26"},{"nodeID":"1298579","text":"Analysing","type":"YA","timestamp":"2023-11-09 12:53:26"},{"nodeID":"1298580","text":"Asserting","type":"YA","timestamp":"2023-11-09 12:53:26"},{"nodeID":"1298581","text":"Default Rephrase","type":"MA","timestamp":"2023-11-09 12:53:26"},{"nodeID":"1298582","text":"Default Transition","type":"TA","timestamp":"2023-11-09 12:53:26"},{"nodeID":"1298583","text":"Restating","type":"YA","timestamp":"2023-11-09 12:53:26"},{"nodeID":"1298584","text":"Default Inference","type":"RA","timestamp":"2023-11-09 12:53:26"},{"nodeID":"1298585","text":"Default Transition","type":"TA","timestamp":"2023-11-09 12:53:26"},{"nodeID":"1298586","text":"Default Transition","type":"TA","timestamp":"2023-11-09 12:53:26"},{"nodeID":"1298587","text":"Arguing","type":"YA","timestamp":"2023-11-09 12:53:26"},{"nodeID":"1298588","text":"Default Rephrase","type":"MA","timestamp":"2023-11-09 12:53:26"},{"nodeID":"1298589","text":"Default Transition","type":"TA","timestamp":"2023-11-09 12:53:26"},{"nodeID":"1298590","text":"Default Illocuting","type":"YA","timestamp":"2023-11-09 12:53:26"}],"edges":[{"edgeID":"1706471","fromID":"1298409","toID":"1298436","formEdgeID":null},{"edgeID":"1706472","fromID":"1298436","toID":"1298408","formEdgeID":null},{"edgeID":"1706473","fromID":"1298437","toID":"1298407","formEdgeID":null},{"edgeID":"1706474","fromID":"1298408","toID":"1298437","formEdgeID":null},{"edgeID":"1706475","fromID":"1298440","toID":"1298412","formEdgeID":null},{"edgeID":"1706476","fromID":"1298443","toID":"1298410","formEdgeID":null},{"edgeID":"1706477","fromID":"1298411","toID":"1298440","formEdgeID":null},{"edgeID":"1706478","fromID":"1298412","toID":"1298443","formEdgeID":null},{"edgeID":"1706479","fromID":"1298414","toID":"1298448","formEdgeID":null},{"edgeID":"1706480","fromID":"1298446","toID":"1298414","formEdgeID":null},{"edgeID":"1706481","fromID":"1298448","toID":"1298413","formEdgeID":null},{"edgeID":"1706482","fromID":"1298415","toID":"1298446","formEdgeID":null},{"edgeID":"1706483","fromID":"1298451","toID":"1298417","formEdgeID":null},{"edgeID":"1706484","fromID":"1298418","toID":"1298451","formEdgeID":null},{"edgeID":"1706485","fromID":"1298453","toID":"1298416","formEdgeID":null},{"edgeID":"1706486","fromID":"1298417","toID":"1298453","formEdgeID":null},{"edgeID":"1706487","fromID":"1298414","toID":"1298454","formEdgeID":null},{"edgeID":"1706488","fromID":"1298454","toID":"1298417","formEdgeID":null},{"edgeID":"1706489","fromID":"1298455","toID":"1298420","formEdgeID":null},{"edgeID":"1706490","fromID":"1298421","toID":"1298455","formEdgeID":null},{"edgeID":"1706491","fromID":"1298420","toID":"1298457","formEdgeID":null},{"edgeID":"1706492","fromID":"1298457","toID":"1298419","formEdgeID":null},{"edgeID":"1706493","fromID":"1298417","toID":"1298459","formEdgeID":null},{"edgeID":"1706494","fromID":"1298459","toID":"1298420","formEdgeID":null},{"edgeID":"1706495","fromID":"1298407","toID":"1298460","formEdgeID":null},{"edgeID":"1706496","fromID":"1298460","toID":"1298416","formEdgeID":null},{"edgeID":"1706497","fromID":"1298410","toID":"1298460","formEdgeID":null},{"edgeID":"1706498","fromID":"1298413","toID":"1298460","formEdgeID":null},{"edgeID":"1706499","fromID":"1298408","toID":"1298461","formEdgeID":null},{"edgeID":"1706500","fromID":"1298461","toID":"1298417","formEdgeID":null},{"edgeID":"1706501","fromID":"1298462","toID":"1298417","formEdgeID":null},{"edgeID":"1706502","fromID":"1298412","toID":"1298462","formEdgeID":null},{"edgeID":"1706503","fromID":"1298463","toID":"1298460","formEdgeID":null},{"edgeID":"1706504","fromID":"1298454","toID":"1298463","formEdgeID":null},{"edgeID":"1706505","fromID":"1298466","toID":"1298423","formEdgeID":null},{"edgeID":"1706506","fromID":"1298424","toID":"1298466","formEdgeID":null},{"edgeID":"1706507","fromID":"1298423","toID":"1298469","formEdgeID":null},{"edgeID":"1706508","fromID":"1298469","toID":"1298422","formEdgeID":null},{"edgeID":"1706509","fromID":"1298426","toID":"1298472","formEdgeID":null},{"edgeID":"1706510","fromID":"1298425","toID":"1298473","formEdgeID":null},{"edgeID":"1706511","fromID":"1298473","toID":"724723","formEdgeID":null},{"edgeID":"1706512","fromID":"1298472","toID":"1298425","formEdgeID":null},{"edgeID":"1706513","fromID":"1298420","toID":"1298474","formEdgeID":null},{"edgeID":"1706514","fromID":"1298474","toID":"1298423","formEdgeID":null},{"edgeID":"1706515","fromID":"1298475","toID":"724723","formEdgeID":null},{"edgeID":"1706516","fromID":"1298422","toID":"1298475","formEdgeID":null},{"edgeID":"1706517","fromID":"1298476","toID":"1298425","formEdgeID":null},{"edgeID":"1706518","fromID":"1298423","toID":"1298476","formEdgeID":null},{"edgeID":"1706519","fromID":"1298477","toID":"1298475","formEdgeID":null},{"edgeID":"1706520","fromID":"1298476","toID":"1298477","formEdgeID":null},{"edgeID":"1706521","fromID":"1298478","toID":"1298419","formEdgeID":null},{"edgeID":"1706522","fromID":"724723","toID":"1298478","formEdgeID":null},{"edgeID":"1706523","fromID":"1298420","toID":"1298479","formEdgeID":null},{"edgeID":"1706524","fromID":"1298479","toID":"1298425","formEdgeID":null},{"edgeID":"1706525","fromID":"1298480","toID":"1298478","formEdgeID":null},{"edgeID":"1706526","fromID":"1298479","toID":"1298480","formEdgeID":null},{"edgeID":"1706527","fromID":"1298483","toID":"1298428","formEdgeID":null},{"edgeID":"1706528","fromID":"1298429","toID":"1298483","formEdgeID":null},{"edgeID":"1706529","fromID":"1298428","toID":"1298485","formEdgeID":null},{"edgeID":"1706530","fromID":"1298485","toID":"1298427","formEdgeID":null},{"edgeID":"1706531","fromID":"1298427","toID":"1298486","formEdgeID":null},{"edgeID":"1706532","fromID":"1298486","toID":"724723","formEdgeID":null},{"edgeID":"1706533","fromID":"1298487","toID":"1298428","formEdgeID":null},{"edgeID":"1706534","fromID":"1298425","toID":"1298487","formEdgeID":null},{"edgeID":"1706535","fromID":"1298488","toID":"1298486","formEdgeID":null},{"edgeID":"1706536","fromID":"1298487","toID":"1298488","formEdgeID":null},{"edgeID":"1706537","fromID":"1298431","toID":"1298493","formEdgeID":null},{"edgeID":"1706538","fromID":"1298493","toID":"1298430","formEdgeID":null},{"edgeID":"1706539","fromID":"1298491","toID":"1298431","formEdgeID":null},{"edgeID":"1706540","fromID":"1298432","toID":"1298491","formEdgeID":null},{"edgeID":"1706541","fromID":"1298494","toID":"1298430","formEdgeID":null},{"edgeID":"1706542","fromID":"1298427","toID":"1298494","formEdgeID":null},{"edgeID":"1706543","fromID":"1298428","toID":"1298495","formEdgeID":null},{"edgeID":"1706544","fromID":"1298495","toID":"1298431","formEdgeID":null},{"edgeID":"1706545","fromID":"1298496","toID":"1298494","formEdgeID":null},{"edgeID":"1706546","fromID":"1298495","toID":"1298496","formEdgeID":null},{"edgeID":"1706547","fromID":"1298498","toID":"1298434","formEdgeID":null},{"edgeID":"1706548","fromID":"1298435","toID":"1298498","formEdgeID":null},{"edgeID":"1706549","fromID":"1298434","toID":"1298500","formEdgeID":null},{"edgeID":"1706550","fromID":"1298500","toID":"1298433","formEdgeID":null},{"edgeID":"1706551","fromID":"1298441","toID":"1298503","formEdgeID":null},{"edgeID":"1706552","fromID":"1298503","toID":"1298439","formEdgeID":null},{"edgeID":"1706553","fromID":"1298439","toID":"1298505","formEdgeID":null},{"edgeID":"1706554","fromID":"1298505","toID":"1298438","formEdgeID":null},{"edgeID":"1706555","fromID":"1298507","toID":"1298444","formEdgeID":null},{"edgeID":"1706556","fromID":"1298445","toID":"1298507","formEdgeID":null},{"edgeID":"1706557","fromID":"1298508","toID":"1298442","formEdgeID":null},{"edgeID":"1706558","fromID":"1298444","toID":"1298508","formEdgeID":null},{"edgeID":"1706559","fromID":"1298431","toID":"1298511","formEdgeID":null},{"edgeID":"1706560","fromID":"1298511","toID":"1298434","formEdgeID":null},{"edgeID":"1706561","fromID":"1298512","toID":"1298439","formEdgeID":null},{"edgeID":"1706562","fromID":"1298434","toID":"1298512","formEdgeID":null},{"edgeID":"1706563","fromID":"1298439","toID":"1298513","formEdgeID":null},{"edgeID":"1706564","fromID":"1298513","toID":"1298444","formEdgeID":null},{"edgeID":"1706565","fromID":"1298438","toID":"1298514","formEdgeID":null},{"edgeID":"1706566","fromID":"1298514","toID":"1298433","formEdgeID":null},{"edgeID":"1706567","fromID":"1298515","toID":"1298438","formEdgeID":null},{"edgeID":"1706568","fromID":"1298442","toID":"1298515","formEdgeID":null},{"edgeID":"1706569","fromID":"1298512","toID":"1298516","formEdgeID":null},{"edgeID":"1706570","fromID":"1298516","toID":"1298514","formEdgeID":null},{"edgeID":"1706571","fromID":"1298513","toID":"1298517","formEdgeID":null},{"edgeID":"1706572","fromID":"1298517","toID":"1298515","formEdgeID":null},{"edgeID":"1706573","fromID":"1298433","toID":"1298518","formEdgeID":null},{"edgeID":"1706574","fromID":"1298518","toID":"1298430","formEdgeID":null},{"edgeID":"1706575","fromID":"1298511","toID":"1298519","formEdgeID":null},{"edgeID":"1706576","fromID":"1298519","toID":"1298518","formEdgeID":null},{"edgeID":"1706577","fromID":"1298523","toID":"1298449","formEdgeID":null},{"edgeID":"1706578","fromID":"1298450","toID":"1298523","formEdgeID":null},{"edgeID":"1706579","fromID":"1298449","toID":"1298524","formEdgeID":null},{"edgeID":"1706580","fromID":"1298524","toID":"1298447","formEdgeID":null},{"edgeID":"1706581","fromID":"1298528","toID":"1298456","formEdgeID":null},{"edgeID":"1706582","fromID":"1298458","toID":"1298528","formEdgeID":null},{"edgeID":"1706583","fromID":"1298529","toID":"1298452","formEdgeID":null},{"edgeID":"1706584","fromID":"1298456","toID":"1298529","formEdgeID":null},{"edgeID":"1706585","fromID":"1298467","toID":"1298531","formEdgeID":null},{"edgeID":"1706586","fromID":"1298531","toID":"1298465","formEdgeID":null},{"edgeID":"1706587","fromID":"1298534","toID":"1298464","formEdgeID":null},{"edgeID":"1706588","fromID":"1298465","toID":"1298534","formEdgeID":null},{"edgeID":"1706589","fromID":"1298471","toID":"1298537","formEdgeID":null},{"edgeID":"1706590","fromID":"1298539","toID":"1298468","formEdgeID":null},{"edgeID":"1706591","fromID":"1298470","toID":"1298539","formEdgeID":null},{"edgeID":"1706592","fromID":"1298537","toID":"1298470","formEdgeID":null},{"edgeID":"1706593","fromID":"1298444","toID":"1298540","formEdgeID":null},{"edgeID":"1706594","fromID":"1298540","toID":"1298449","formEdgeID":null},{"edgeID":"1706595","fromID":"1298449","toID":"1298541","formEdgeID":null},{"edgeID":"1706596","fromID":"1298541","toID":"1298456","formEdgeID":null},{"edgeID":"1706597","fromID":"1298452","toID":"1298542","formEdgeID":null},{"edgeID":"1706598","fromID":"1298542","toID":"1298447","formEdgeID":null},{"edgeID":"1706599","fromID":"1298541","toID":"1298543","formEdgeID":null},{"edgeID":"1706600","fromID":"1298543","toID":"1298542","formEdgeID":null},{"edgeID":"1706601","fromID":"1298544","toID":"1298468","formEdgeID":null},{"edgeID":"1706602","fromID":"1298464","toID":"1298544","formEdgeID":null},{"edgeID":"1706603","fromID":"1298545","toID":"1298470","formEdgeID":null},{"edgeID":"1706604","fromID":"1298465","toID":"1298545","formEdgeID":null},{"edgeID":"1706605","fromID":"1298545","toID":"1298546","formEdgeID":null},{"edgeID":"1706606","fromID":"1298546","toID":"1298544","formEdgeID":null},{"edgeID":"1706607","fromID":"1298464","toID":"1298547","formEdgeID":null},{"edgeID":"1706608","fromID":"1298547","toID":"1298447","formEdgeID":null},{"edgeID":"1706609","fromID":"1298449","toID":"1298548","formEdgeID":null},{"edgeID":"1706610","fromID":"1298548","toID":"1298465","formEdgeID":null},{"edgeID":"1706611","fromID":"1298548","toID":"1298549","formEdgeID":null},{"edgeID":"1706612","fromID":"1298549","toID":"1298547","formEdgeID":null},{"edgeID":"1706613","fromID":"1298551","toID":"1298482","formEdgeID":null},{"edgeID":"1706614","fromID":"1298552","toID":"1298481","formEdgeID":null},{"edgeID":"1706615","fromID":"1298482","toID":"1298552","formEdgeID":null},{"edgeID":"1706616","fromID":"1298484","toID":"1298551","formEdgeID":null},{"edgeID":"1706617","fromID":"1298492","toID":"1298553","formEdgeID":null},{"edgeID":"1706618","fromID":"1298553","toID":"1298490","formEdgeID":null},{"edgeID":"1706619","fromID":"1298554","toID":"1298489","formEdgeID":null},{"edgeID":"1706620","fromID":"1298490","toID":"1298554","formEdgeID":null},{"edgeID":"1706621","fromID":"1298555","toID":"1298499","formEdgeID":null},{"edgeID":"1706622","fromID":"1298501","toID":"1298555","formEdgeID":null},{"edgeID":"1706623","fromID":"1298499","toID":"1298556","formEdgeID":null},{"edgeID":"1706624","fromID":"1298556","toID":"1298497","formEdgeID":null},{"edgeID":"1706625","fromID":"1298506","toID":"1298557","formEdgeID":null},{"edgeID":"1706626","fromID":"1298557","toID":"1298504","formEdgeID":null},{"edgeID":"1706627","fromID":"1298558","toID":"1298502","formEdgeID":null},{"edgeID":"1706628","fromID":"1298504","toID":"1298558","formEdgeID":null},{"edgeID":"1706629","fromID":"1298470","toID":"1298559","formEdgeID":null},{"edgeID":"1706630","fromID":"1298559","toID":"1298482","formEdgeID":null},{"edgeID":"1706631","fromID":"1298482","toID":"1298560","formEdgeID":null},{"edgeID":"1706632","fromID":"1298560","toID":"1298490","formEdgeID":null},{"edgeID":"1706633","fromID":"1298561","toID":"1298489","formEdgeID":null},{"edgeID":"1706634","fromID":"1298497","toID":"1298561","formEdgeID":null},{"edgeID":"1706635","fromID":"1298562","toID":"1298499","formEdgeID":null},{"edgeID":"1706636","fromID":"1298490","toID":"1298562","formEdgeID":null},{"edgeID":"1706637","fromID":"1298563","toID":"1298561","formEdgeID":null},{"edgeID":"1706638","fromID":"1298562","toID":"1298563","formEdgeID":null},{"edgeID":"1706639","fromID":"1298564","toID":"1298504","formEdgeID":null},{"edgeID":"1706640","fromID":"1298482","toID":"1298564","formEdgeID":null},{"edgeID":"1706641","fromID":"1298502","toID":"1298565","formEdgeID":null},{"edgeID":"1706642","fromID":"1298565","toID":"1298481","formEdgeID":null},{"edgeID":"1706643","fromID":"1298566","toID":"1298565","formEdgeID":null},{"edgeID":"1706644","fromID":"1298564","toID":"1298566","formEdgeID":null},{"edgeID":"1706645","fromID":"1298520","toID":"1298567","formEdgeID":null},{"edgeID":"1706646","fromID":"1298567","toID":"1298510","formEdgeID":null},{"edgeID":"1706647","fromID":"1298510","toID":"1298568","formEdgeID":null},{"edgeID":"1706648","fromID":"1298568","toID":"1298509","formEdgeID":null},{"edgeID":"1706649","fromID":"1298525","toID":"1298569","formEdgeID":null},{"edgeID":"1706650","fromID":"1298569","toID":"1298522","formEdgeID":null},{"edgeID":"1706651","fromID":"1298522","toID":"1298570","formEdgeID":null},{"edgeID":"1706652","fromID":"1298570","toID":"1298521","formEdgeID":null},{"edgeID":"1706653","fromID":"1298530","toID":"1298571","formEdgeID":null},{"edgeID":"1706654","fromID":"1298571","toID":"1298527","formEdgeID":null},{"edgeID":"1706655","fromID":"1298527","toID":"1298572","formEdgeID":null},{"edgeID":"1706656","fromID":"1298572","toID":"1298526","formEdgeID":null},{"edgeID":"1706657","fromID":"1298535","toID":"1298573","formEdgeID":null},{"edgeID":"1706658","fromID":"1298573","toID":"1298533","formEdgeID":null},{"edgeID":"1706659","fromID":"1298533","toID":"1298574","formEdgeID":null},{"edgeID":"1706660","fromID":"1298574","toID":"1298532","formEdgeID":null},{"edgeID":"1706661","fromID":"1298504","toID":"1298575","formEdgeID":null},{"edgeID":"1706662","fromID":"1298575","toID":"1298510","formEdgeID":null},{"edgeID":"1706663","fromID":"1298526","toID":"1298576","formEdgeID":null},{"edgeID":"1706664","fromID":"1298576","toID":"1298532","formEdgeID":null},{"edgeID":"1706665","fromID":"1298527","toID":"1298577","formEdgeID":null},{"edgeID":"1706666","fromID":"1298577","toID":"1298533","formEdgeID":null},{"edgeID":"1706667","fromID":"1298577","toID":"1298578","formEdgeID":null},{"edgeID":"1706668","fromID":"1298578","toID":"1298576","formEdgeID":null},{"edgeID":"1706669","fromID":"1298550","toID":"1298579","formEdgeID":null},{"edgeID":"1706670","fromID":"1298579","toID":"1298538","formEdgeID":null},{"edgeID":"1706671","fromID":"1298580","toID":"1298536","formEdgeID":null},{"edgeID":"1706672","fromID":"1298538","toID":"1298580","formEdgeID":null},{"edgeID":"1706673","fromID":"1298536","toID":"1298581","formEdgeID":null},{"edgeID":"1706674","fromID":"1298581","toID":"1298509","formEdgeID":null},{"edgeID":"1706675","fromID":"1298510","toID":"1298582","formEdgeID":null},{"edgeID":"1706676","fromID":"1298582","toID":"1298538","formEdgeID":null},{"edgeID":"1706677","fromID":"1298582","toID":"1298583","formEdgeID":null},{"edgeID":"1706678","fromID":"1298583","toID":"1298581","formEdgeID":null},{"edgeID":"1706679","fromID":"1298536","toID":"1298584","formEdgeID":null},{"edgeID":"1706680","fromID":"1298584","toID":"1298526","formEdgeID":null},{"edgeID":"1706681","fromID":"1298521","toID":"1298584","formEdgeID":null},{"edgeID":"1706682","fromID":"1298538","toID":"1298585","formEdgeID":null},{"edgeID":"1706683","fromID":"1298585","toID":"1298527","formEdgeID":null},{"edgeID":"1706684","fromID":"1298522","toID":"1298586","formEdgeID":null},{"edgeID":"1706685","fromID":"1298586","toID":"1298527","formEdgeID":null},{"edgeID":"1706686","fromID":"1298587","toID":"1298584","formEdgeID":null},{"edgeID":"1706687","fromID":"1298586","toID":"1298587","formEdgeID":null},{"edgeID":"1706688","fromID":"1298526","toID":"1298588","formEdgeID":null},{"edgeID":"1706689","fromID":"1298588","toID":"1298502","formEdgeID":null},{"edgeID":"1706690","fromID":"1298504","toID":"1298589","formEdgeID":null},{"edgeID":"1706691","fromID":"1298589","toID":"1298527","formEdgeID":null},{"edgeID":"1706692","fromID":"1298590","toID":"1298588","formEdgeID":null},{"edgeID":"1706693","fromID":"1298589","toID":"1298590","formEdgeID":null}],"locutions":[]}