{"nodes":[{"nodeID":"1296128","text":"you do or do not think that UK visa rules should be lifted all together for Ukrainians","type":"I","timestamp":"2023-11-09 12:50:04"},{"nodeID":"1296129","text":"AudienceMember 20220310QT17: Do you think that UK visa rules should be lifted all to go for Ukrainians","type":"L","timestamp":"2023-11-09 12:50:04"},{"nodeID":"1296130","text":"Analysing","type":"YA","timestamp":"2023-11-09 12:50:04"},{"nodeID":"1296131","text":"Jordan: AudienceMember 20220310QT17: Do you think that UK visa rules should be lifted all to go for Ukrainians","type":"L","timestamp":"2023-11-09 12:50:04"},{"nodeID":"1296132","text":"Pure Questioning","type":"YA","timestamp":"2023-11-09 12:50:04"},{"nodeID":"1296133","text":"we should have a policy","type":"I","timestamp":"2023-11-09 12:50:05"},{"nodeID":"1296134","text":"Peter Kyle: We should have a policy","type":"L","timestamp":"2023-11-09 12:50:05"},{"nodeID":"1296135","text":"Analysing","type":"YA","timestamp":"2023-11-09 12:50:05"},{"nodeID":"1296136","text":"Jordan: Peter Kyle: We should have a policy","type":"L","timestamp":"2023-11-09 12:50:05"},{"nodeID":"1296137","text":"Asserting","type":"YA","timestamp":"2023-11-09 12:50:05"},{"nodeID":"1296138","text":"Default Transition","type":"TA","timestamp":"2023-11-09 12:50:05"},{"nodeID":"1296139","text":"Default Rephrase","type":"MA","timestamp":"2023-11-09 12:50:05"},{"nodeID":"1296140","text":"Default Illocuting","type":"YA","timestamp":"2023-11-09 12:50:05"},{"nodeID":"1296141","text":"Peter Kyle does or does not think that UK visa rules should be lifted for Ukrainians","type":"I","timestamp":"2023-11-09 12:50:05"},{"nodeID":"1296142","text":"Fiona Bruce: Do you think that UK visa rules should be lifted","type":"L","timestamp":"2023-11-09 12:50:05"},{"nodeID":"1296143","text":"Analysing","type":"YA","timestamp":"2023-11-09 12:50:05"},{"nodeID":"1296144","text":"Jordan: Fiona Bruce: Do you think that UK visa rules should be lifted","type":"L","timestamp":"2023-11-09 12:50:05"},{"nodeID":"1296145","text":"Asserting","type":"YA","timestamp":"2023-11-09 12:50:05"},{"nodeID":"1296146","text":"Default Transition","type":"TA","timestamp":"2023-11-09 12:50:05"},{"nodeID":"1296147","text":"Default Rephrase","type":"MA","timestamp":"2023-11-09 12:50:05"},{"nodeID":"1296148","text":"Default Transition","type":"TA","timestamp":"2023-11-09 12:50:05"},{"nodeID":"1296149","text":"Restating","type":"YA","timestamp":"2023-11-09 12:50:05"},{"nodeID":"1296150","text":"we need to have a policy","type":"I","timestamp":"2023-11-09 12:50:06"},{"nodeID":"1296151","text":"Peter Kyle: We need to have a policy","type":"L","timestamp":"2023-11-09 12:50:06"},{"nodeID":"1296152","text":"Analysing","type":"YA","timestamp":"2023-11-09 12:50:06"},{"nodeID":"1296153","text":"Jordan: Peter Kyle: We need to have a policy","type":"L","timestamp":"2023-11-09 12:50:06"},{"nodeID":"1296154","text":"Asserting","type":"YA","timestamp":"2023-11-09 12:50:06"},{"nodeID":"1296155","text":"Default Transition","type":"TA","timestamp":"2023-11-09 12:50:06"},{"nodeID":"1296156","text":"Default Rephrase","type":"MA","timestamp":"2023-11-09 12:50:06"},{"nodeID":"1296157","text":"Default Illocuting","type":"YA","timestamp":"2023-11-09 12:50:06"},{"nodeID":"1296158","text":"Default Rephrase","type":"MA","timestamp":"2023-11-09 12:50:06"},{"nodeID":"1296159","text":"Default Transition","type":"TA","timestamp":"2023-11-09 12:50:06"},{"nodeID":"1296160","text":"Restating","type":"YA","timestamp":"2023-11-09 12:50:06"},{"nodeID":"1296161","text":"the situation is that the EU has waived visa relegations for Ukrainians","type":"I","timestamp":"2023-11-09 12:50:06"},{"nodeID":"1296162","text":"Fiona Bruce: The situation is that the EU has waived visa relegations","type":"L","timestamp":"2023-11-09 12:50:06"},{"nodeID":"1296163","text":"Analysing","type":"YA","timestamp":"2023-11-09 12:50:07"},{"nodeID":"1296164","text":"Jordan: Fiona Bruce: The situation is that the EU has waived visa relegations","type":"L","timestamp":"2023-11-09 12:50:07"},{"nodeID":"1296165","text":"Asserting","type":"YA","timestamp":"2023-11-09 12:50:07"},{"nodeID":"1296166","text":"Default Transition","type":"TA","timestamp":"2023-11-09 12:50:07"},{"nodeID":"1296167","text":"the EU said that refugees can come in for up to 3 years","type":"I","timestamp":"2023-11-09 12:50:07"},{"nodeID":"1296168","text":"Fiona Bruce: It said that refugees can come in for up to 3 years","type":"L","timestamp":"2023-11-09 12:50:07"},{"nodeID":"1296169","text":"Analysing","type":"YA","timestamp":"2023-11-09 12:50:07"},{"nodeID":"1296170","text":"Jordan: Fiona Bruce: It said that refugees can come in for up to 3 years","type":"L","timestamp":"2023-11-09 12:50:07"},{"nodeID":"1296171","text":"Asserting","type":"YA","timestamp":"2023-11-09 12:50:07"},{"nodeID":"1296172","text":"Not sure whether to do a reported speech here","type":"EN","timestamp":"2023-11-09 12:50:07"},{"nodeID":"1296173","text":"Default Transition","type":"TA","timestamp":"2023-11-09 12:50:07"},{"nodeID":"1296174","text":"Default Inference","type":"RA","timestamp":"2023-11-09 12:50:07"},{"nodeID":"1296175","text":"Arguing","type":"YA","timestamp":"2023-11-09 12:50:07"},{"nodeID":"1296176","text":"it is the UK","type":"I","timestamp":"2023-11-09 12:50:08"},{"nodeID":"1296177","text":"Fiona Bruce: it is the UK","type":"L","timestamp":"2023-11-09 12:50:08"},{"nodeID":"1296178","text":"Analysing","type":"YA","timestamp":"2023-11-09 12:50:08"},{"nodeID":"1296179","text":"Jordan: Fiona Bruce: it is the UK","type":"L","timestamp":"2023-11-09 12:50:08"},{"nodeID":"1296180","text":"Asserting","type":"YA","timestamp":"2023-11-09 12:50:08"},{"nodeID":"1296181","text":"Default Transition","type":"TA","timestamp":"2023-11-09 12:50:08"},{"nodeID":"1296182","text":"you have to apply for a visa","type":"I","timestamp":"2023-11-09 12:50:08"},{"nodeID":"1296183","text":"Fiona Bruce: you have to apply for a visa","type":"L","timestamp":"2023-11-09 12:50:08"},{"nodeID":"1296184","text":"Analysing","type":"YA","timestamp":"2023-11-09 12:50:08"},{"nodeID":"1296185","text":"Jordan: Fiona Bruce: you have to apply for a visa","type":"L","timestamp":"2023-11-09 12:50:08"},{"nodeID":"1296186","text":"Asserting","type":"YA","timestamp":"2023-11-09 12:50:08"},{"nodeID":"1296187","text":"Default Inference","type":"RA","timestamp":"2023-11-09 12:50:08"},{"nodeID":"1296188","text":"Default Transition","type":"TA","timestamp":"2023-11-09 12:50:08"},{"nodeID":"1296189","text":"Arguing","type":"YA","timestamp":"2023-11-09 12:50:08"},{"nodeID":"1296190","text":"the reason for lifting visa restrictions is to get people into the EU","type":"I","timestamp":"2023-11-09 12:50:09"},{"nodeID":"1296191","text":"Peter Kyle:  The reason for lifting visa restrictions is to get people in","type":"L","timestamp":"2023-11-09 12:50:09"},{"nodeID":"1296192","text":"Analysing","type":"YA","timestamp":"2023-11-09 12:50:09"},{"nodeID":"1296193","text":"Jordan: Peter Kyle:  The reason for lifting visa restrictions is to get people in","type":"L","timestamp":"2023-11-09 12:50:09"},{"nodeID":"1296194","text":"Asserting","type":"YA","timestamp":"2023-11-09 12:50:09"},{"nodeID":"1296195","text":"Default Transition","type":"TA","timestamp":"2023-11-09 12:50:09"},{"nodeID":"1296196","text":"you've got people coming across the border into Ukraine","type":"I","timestamp":"2023-11-09 12:50:09"},{"nodeID":"1296197","text":"Peter Kyle: You've got people coming across the border into Ukraine","type":"L","timestamp":"2023-11-09 12:50:09"},{"nodeID":"1296198","text":"Analysing","type":"YA","timestamp":"2023-11-09 12:50:09"},{"nodeID":"1296199","text":"Jordan: Peter Kyle: You've got people coming across the border into Ukraine","type":"L","timestamp":"2023-11-09 12:50:09"},{"nodeID":"1296200","text":"Asserting","type":"YA","timestamp":"2023-11-09 12:50:09"},{"nodeID":"1296201","text":"Default Transition","type":"TA","timestamp":"2023-11-09 12:50:09"},{"nodeID":"1296202","text":"Default Inference","type":"RA","timestamp":"2023-11-09 12:50:09"},{"nodeID":"1296203","text":"Arguing","type":"YA","timestamp":"2023-11-09 12:50:09"},{"nodeID":"1296204","text":"we should have a system that gives emergency protection to everyone who needs it to come here","type":"I","timestamp":"2023-11-09 12:50:10"},{"nodeID":"1296205","text":"Peter Kyle: I'm suggesting we have a system that gives emergency protection to everyone who needs it to come here","type":"L","timestamp":"2023-11-09 12:50:10"},{"nodeID":"1296206","text":"Analysing","type":"YA","timestamp":"2023-11-09 12:50:10"},{"nodeID":"1296207","text":"Jordan: Peter Kyle: I'm suggesting we have a system that gives emergency protection to everyone who needs it to come here","type":"L","timestamp":"2023-11-09 12:50:10"},{"nodeID":"1296208","text":"Asserting","type":"YA","timestamp":"2023-11-09 12:50:10"},{"nodeID":"1296209","text":"Default Transition","type":"TA","timestamp":"2023-11-09 12:50:10"},{"nodeID":"1296210","text":"Peter Kyle has worked in situations like the conflict between Russia and Ukraine","type":"I","timestamp":"2023-11-09 12:50:11"},{"nodeID":"1296211","text":"Peter Kyle: I've worked in situations like this","type":"L","timestamp":"2023-11-09 12:50:11"},{"nodeID":"1296212","text":"Analysing","type":"YA","timestamp":"2023-11-09 12:50:11"},{"nodeID":"1296213","text":"Jordan: Peter Kyle: I've worked in situations like this","type":"L","timestamp":"2023-11-09 12:50:11"},{"nodeID":"1296214","text":"Asserting","type":"YA","timestamp":"2023-11-09 12:50:11"},{"nodeID":"1296215","text":"Default Transition","type":"TA","timestamp":"2023-11-09 12:50:11"},{"nodeID":"1296216","text":"Default Inference","type":"RA","timestamp":"2023-11-09 12:50:11"},{"nodeID":"1296217","text":"Arguing","type":"YA","timestamp":"2023-11-09 12:50:11"},{"nodeID":"1296218","text":"Peter Kyle was an aid worker in the Balkans","type":"I","timestamp":"2023-11-09 12:50:11"},{"nodeID":"1296219","text":"Peter Kyle: I was an aid worker in the Balkans","type":"L","timestamp":"2023-11-09 12:50:11"},{"nodeID":"1296220","text":"Analysing","type":"YA","timestamp":"2023-11-09 12:50:11"},{"nodeID":"1296221","text":"Jordan: Peter Kyle: I was an aid worker in the Balkans","type":"L","timestamp":"2023-11-09 12:50:11"},{"nodeID":"1296222","text":"Asserting","type":"YA","timestamp":"2023-11-09 12:50:11"},{"nodeID":"1296223","text":"Default Transition","type":"TA","timestamp":"2023-11-09 12:50:11"},{"nodeID":"1296224","text":"Default Rephrase","type":"MA","timestamp":"2023-11-09 12:50:11"},{"nodeID":"1296225","text":"Restating","type":"YA","timestamp":"2023-11-09 12:50:11"},{"nodeID":"1296226","text":"Peter Kyle was in a town where he came across 50,000 refugees in one night","type":"I","timestamp":"2023-11-09 12:50:12"},{"nodeID":"1296227","text":"Peter Kyle: I was in a town where 50,000 refugees came across in one night","type":"L","timestamp":"2023-11-09 12:50:12"},{"nodeID":"1296228","text":"Analysing","type":"YA","timestamp":"2023-11-09 12:50:12"},{"nodeID":"1296229","text":"Jordan: Peter Kyle: I was in a town where 50,000 refugees came across in one night","type":"L","timestamp":"2023-11-09 12:50:12"},{"nodeID":"1296230","text":"Asserting","type":"YA","timestamp":"2023-11-09 12:50:12"},{"nodeID":"1296231","text":"the situation between Ukraine and Russia is very, very difficult","type":"I","timestamp":"2023-11-09 12:50:12"},{"nodeID":"1296232","text":"Peter Kyle: It is very, very difficult","type":"L","timestamp":"2023-11-09 12:50:12"},{"nodeID":"1296233","text":"Analysing","type":"YA","timestamp":"2023-11-09 12:50:12"},{"nodeID":"1296234","text":"Jordan: Peter Kyle: It is very, very difficult","type":"L","timestamp":"2023-11-09 12:50:12"},{"nodeID":"1296235","text":"Asserting","type":"YA","timestamp":"2023-11-09 12:50:12"},{"nodeID":"1296236","text":"Default Transition","type":"TA","timestamp":"2023-11-09 12:50:12"},{"nodeID":"1296237","text":"most of the people who are fleeing are going to be women, sometimes with young children","type":"I","timestamp":"2023-11-09 12:50:13"},{"nodeID":"1296238","text":"Peter Kyle: Most of the people who are fleeing are going to be women, sometimes with young children","type":"L","timestamp":"2023-11-09 12:50:13"},{"nodeID":"1296239","text":"Analysing","type":"YA","timestamp":"2023-11-09 12:50:13"},{"nodeID":"1296240","text":"Jordan: Peter Kyle: Most of the people who are fleeing are going to be women, sometimes with young children","type":"L","timestamp":"2023-11-09 12:50:13"},{"nodeID":"1296241","text":"Asserting","type":"YA","timestamp":"2023-11-09 12:50:13"},{"nodeID":"1296242","text":"Default Transition","type":"TA","timestamp":"2023-11-09 12:50:13"},{"nodeID":"1296243","text":"Ukrainian women and children's priority is to stay as close to the country as they can","type":"I","timestamp":"2023-11-09 12:50:14"},{"nodeID":"1296244","text":"Peter Kyle: their priority is to stay as close to the country as they can","type":"L","timestamp":"2023-11-09 12:50:14"},{"nodeID":"1296245","text":"Analysing","type":"YA","timestamp":"2023-11-09 12:50:14"},{"nodeID":"1296246","text":"Jordan: Peter Kyle: their priority is to stay as close to the country as they can","type":"L","timestamp":"2023-11-09 12:50:14"},{"nodeID":"1296247","text":"Asserting","type":"YA","timestamp":"2023-11-09 12:50:14"},{"nodeID":"1296248","text":"Ukrainian women and children can stay in touch with people and they can return as swiftly as they possibly can to be reunited","type":"I","timestamp":"2023-11-09 12:50:14"},{"nodeID":"1296249","text":"Peter Kyle: they can stay in touch with people and they can return as swiftly as they possibly can to be reunited","type":"L","timestamp":"2023-11-09 12:50:14"},{"nodeID":"1296250","text":"Analysing","type":"YA","timestamp":"2023-11-09 12:50:14"},{"nodeID":"1296251","text":"Jordan: Peter Kyle: they can stay in touch with people and they can return as swiftly as they possibly can to be reunited","type":"L","timestamp":"2023-11-09 12:50:14"},{"nodeID":"1296252","text":"Asserting","type":"YA","timestamp":"2023-11-09 12:50:14"},{"nodeID":"1296253","text":"Default Transition","type":"TA","timestamp":"2023-11-09 12:50:14"},{"nodeID":"1296254","text":"for those people who have a connection to this country or want to come to Britain, there needs to be no impediment to it","type":"I","timestamp":"2023-11-09 12:50:15"},{"nodeID":"1296255","text":"Peter Kyle: For those people who have a connection to this country or want to come to Britain, there needs to be no impediment to it","type":"L","timestamp":"2023-11-09 12:50:15"},{"nodeID":"1296256","text":"Analysing","type":"YA","timestamp":"2023-11-09 12:50:15"},{"nodeID":"1296257","text":"Jordan: Peter Kyle: For those people who have a connection to this country or want to come to Britain, there needs to be no impediment to it","type":"L","timestamp":"2023-11-09 12:50:15"},{"nodeID":"1296258","text":"Asserting","type":"YA","timestamp":"2023-11-09 12:50:15"},{"nodeID":"1296259","text":"Default Transition","type":"TA","timestamp":"2023-11-09 12:50:15"},{"nodeID":"1296260","text":"a visa is an impediment","type":"I","timestamp":"2023-11-09 12:50:15"},{"nodeID":"1296261","text":"Fiona Bruce: Is a visa not an impediment","type":"L","timestamp":"2023-11-09 12:50:15"},{"nodeID":"1296262","text":"Analysing","type":"YA","timestamp":"2023-11-09 12:50:15"},{"nodeID":"1296263","text":"Jordan: Fiona Bruce: Is a visa not an impediment","type":"L","timestamp":"2023-11-09 12:50:15"},{"nodeID":"1296264","text":"Assertive Questioning","type":"YA","timestamp":"2023-11-09 12:50:15"},{"nodeID":"1296265","text":"Default Transition","type":"TA","timestamp":"2023-11-09 12:50:15"},{"nodeID":"1296266","text":"Default Conflict","type":"CA","timestamp":"2023-11-09 12:50:15"},{"nodeID":"1296267","text":"Disagreeing","type":"YA","timestamp":"2023-11-09 12:50:15"},{"nodeID":"1296268","text":"the thing about having no visas is that you don't know who is coming and going","type":"I","timestamp":"2023-11-09 12:50:16"},{"nodeID":"1296269","text":"Peter Kyle: The thing about having no visas, you don't know who is coming and going","type":"L","timestamp":"2023-11-09 12:50:16"},{"nodeID":"1296270","text":"Analysing","type":"YA","timestamp":"2023-11-09 12:50:16"},{"nodeID":"1296271","text":"Jordan: Peter Kyle: The thing about having no visas, you don't know who is coming and going","type":"L","timestamp":"2023-11-09 12:50:16"},{"nodeID":"1296272","text":"Asserting","type":"YA","timestamp":"2023-11-09 12:50:16"},{"nodeID":"1296273","text":"Default Transition","type":"TA","timestamp":"2023-11-09 12:50:16"},{"nodeID":"1296274","text":"Default Conflict","type":"CA","timestamp":"2023-11-09 12:50:16"},{"nodeID":"1296275","text":"Disagreeing","type":"YA","timestamp":"2023-11-09 12:50:16"},{"nodeID":"1296276","text":"Default Inference","type":"RA","timestamp":"2023-11-09 12:50:16"},{"nodeID":"1296277","text":"Default Transition","type":"TA","timestamp":"2023-11-09 12:50:16"},{"nodeID":"1296278","text":"Arguing","type":"YA","timestamp":"2023-11-09 12:50:16"},{"nodeID":"1296279","text":"Default Inference","type":"RA","timestamp":"2023-11-09 12:50:16"},{"nodeID":"1296280","text":"Arguing","type":"YA","timestamp":"2023-11-09 12:50:16"},{"nodeID":"1296281","text":"Default Inference","type":"RA","timestamp":"2023-11-09 12:50:16"},{"nodeID":"1296282","text":"Default Transition","type":"TA","timestamp":"2023-11-09 12:50:16"},{"nodeID":"1296283","text":"Arguing","type":"YA","timestamp":"2023-11-09 12:50:16"},{"nodeID":"1296284","text":"Default Inference","type":"RA","timestamp":"2023-11-09 12:50:16"},{"nodeID":"1296285","text":"Default Transition","type":"TA","timestamp":"2023-11-09 12:50:16"},{"nodeID":"1296286","text":"Arguing","type":"YA","timestamp":"2023-11-09 12:50:16"},{"nodeID":"1296287","text":"Default Rephrase","type":"MA","timestamp":"2023-11-09 12:50:16"},{"nodeID":"1296288","text":"Default Transition","type":"TA","timestamp":"2023-11-09 12:50:16"},{"nodeID":"1296289","text":"Restating","type":"YA","timestamp":"2023-11-09 12:50:16"}],"edges":[{"edgeID":"1703787","fromID":"1296130","toID":"1296129","formEdgeID":null},{"edgeID":"1703788","fromID":"1296131","toID":"1296130","formEdgeID":null},{"edgeID":"1703789","fromID":"1296129","toID":"1296132","formEdgeID":null},{"edgeID":"1703790","fromID":"1296132","toID":"1296128","formEdgeID":null},{"edgeID":"1703791","fromID":"1296135","toID":"1296134","formEdgeID":null},{"edgeID":"1703792","fromID":"1296136","toID":"1296135","formEdgeID":null},{"edgeID":"1703793","fromID":"1296134","toID":"1296137","formEdgeID":null},{"edgeID":"1703794","fromID":"1296137","toID":"1296133","formEdgeID":null},{"edgeID":"1703795","fromID":"1296129","toID":"1296138","formEdgeID":null},{"edgeID":"1703796","fromID":"1296138","toID":"1296134","formEdgeID":null},{"edgeID":"1703797","fromID":"1296133","toID":"1296139","formEdgeID":null},{"edgeID":"1703798","fromID":"1296139","toID":"1296128","formEdgeID":null},{"edgeID":"1703799","fromID":"1296138","toID":"1296140","formEdgeID":null},{"edgeID":"1703800","fromID":"1296140","toID":"1296139","formEdgeID":null},{"edgeID":"1703801","fromID":"1296143","toID":"1296142","formEdgeID":null},{"edgeID":"1703802","fromID":"1296144","toID":"1296143","formEdgeID":null},{"edgeID":"1703803","fromID":"1296142","toID":"1296145","formEdgeID":null},{"edgeID":"1703804","fromID":"1296145","toID":"1296141","formEdgeID":null},{"edgeID":"1703805","fromID":"1296134","toID":"1296146","formEdgeID":null},{"edgeID":"1703806","fromID":"1296146","toID":"1296142","formEdgeID":null},{"edgeID":"1703807","fromID":"1296141","toID":"1296147","formEdgeID":null},{"edgeID":"1703808","fromID":"1296147","toID":"1296128","formEdgeID":null},{"edgeID":"1703809","fromID":"1296129","toID":"1296148","formEdgeID":null},{"edgeID":"1703810","fromID":"1296148","toID":"1296142","formEdgeID":null},{"edgeID":"1703811","fromID":"1296148","toID":"1296149","formEdgeID":null},{"edgeID":"1703812","fromID":"1296149","toID":"1296147","formEdgeID":null},{"edgeID":"1703813","fromID":"1296152","toID":"1296151","formEdgeID":null},{"edgeID":"1703814","fromID":"1296153","toID":"1296152","formEdgeID":null},{"edgeID":"1703815","fromID":"1296151","toID":"1296154","formEdgeID":null},{"edgeID":"1703816","fromID":"1296154","toID":"1296150","formEdgeID":null},{"edgeID":"1703817","fromID":"1296142","toID":"1296155","formEdgeID":null},{"edgeID":"1703818","fromID":"1296155","toID":"1296151","formEdgeID":null},{"edgeID":"1703819","fromID":"1296150","toID":"1296156","formEdgeID":null},{"edgeID":"1703820","fromID":"1296156","toID":"1296141","formEdgeID":null},{"edgeID":"1703821","fromID":"1296155","toID":"1296157","formEdgeID":null},{"edgeID":"1703822","fromID":"1296157","toID":"1296156","formEdgeID":null},{"edgeID":"1703823","fromID":"1296150","toID":"1296158","formEdgeID":null},{"edgeID":"1703824","fromID":"1296158","toID":"1296133","formEdgeID":null},{"edgeID":"1703825","fromID":"1296134","toID":"1296159","formEdgeID":null},{"edgeID":"1703826","fromID":"1296159","toID":"1296151","formEdgeID":null},{"edgeID":"1703827","fromID":"1296159","toID":"1296160","formEdgeID":null},{"edgeID":"1703828","fromID":"1296160","toID":"1296158","formEdgeID":null},{"edgeID":"1703829","fromID":"1296163","toID":"1296162","formEdgeID":null},{"edgeID":"1703830","fromID":"1296164","toID":"1296163","formEdgeID":null},{"edgeID":"1703831","fromID":"1296162","toID":"1296165","formEdgeID":null},{"edgeID":"1703832","fromID":"1296165","toID":"1296161","formEdgeID":null},{"edgeID":"1703833","fromID":"1296151","toID":"1296166","formEdgeID":null},{"edgeID":"1703834","fromID":"1296166","toID":"1296162","formEdgeID":null},{"edgeID":"1703835","fromID":"1296169","toID":"1296168","formEdgeID":null},{"edgeID":"1703836","fromID":"1296170","toID":"1296169","formEdgeID":null},{"edgeID":"1703837","fromID":"1296168","toID":"1296171","formEdgeID":null},{"edgeID":"1703838","fromID":"1296171","toID":"1296167","formEdgeID":null},{"edgeID":"1703839","fromID":"1296162","toID":"1296173","formEdgeID":null},{"edgeID":"1703840","fromID":"1296173","toID":"1296168","formEdgeID":null},{"edgeID":"1703841","fromID":"1296167","toID":"1296174","formEdgeID":null},{"edgeID":"1703842","fromID":"1296174","toID":"1296161","formEdgeID":null},{"edgeID":"1703843","fromID":"1296173","toID":"1296175","formEdgeID":null},{"edgeID":"1703844","fromID":"1296175","toID":"1296174","formEdgeID":null},{"edgeID":"1703845","fromID":"1296178","toID":"1296177","formEdgeID":null},{"edgeID":"1703846","fromID":"1296179","toID":"1296178","formEdgeID":null},{"edgeID":"1703847","fromID":"1296177","toID":"1296180","formEdgeID":null},{"edgeID":"1703848","fromID":"1296180","toID":"1296176","formEdgeID":null},{"edgeID":"1703849","fromID":"1296168","toID":"1296181","formEdgeID":null},{"edgeID":"1703850","fromID":"1296181","toID":"1296177","formEdgeID":null},{"edgeID":"1703851","fromID":"1296184","toID":"1296183","formEdgeID":null},{"edgeID":"1703852","fromID":"1296185","toID":"1296184","formEdgeID":null},{"edgeID":"1703853","fromID":"1296183","toID":"1296186","formEdgeID":null},{"edgeID":"1703854","fromID":"1296186","toID":"1296182","formEdgeID":null},{"edgeID":"1703855","fromID":"1296176","toID":"1296187","formEdgeID":null},{"edgeID":"1703856","fromID":"1296187","toID":"1296182","formEdgeID":null},{"edgeID":"1703857","fromID":"1296177","toID":"1296188","formEdgeID":null},{"edgeID":"1703858","fromID":"1296188","toID":"1296183","formEdgeID":null},{"edgeID":"1703859","fromID":"1296188","toID":"1296189","formEdgeID":null},{"edgeID":"1703860","fromID":"1296189","toID":"1296187","formEdgeID":null},{"edgeID":"1703861","fromID":"1296192","toID":"1296191","formEdgeID":null},{"edgeID":"1703862","fromID":"1296193","toID":"1296192","formEdgeID":null},{"edgeID":"1703863","fromID":"1296191","toID":"1296194","formEdgeID":null},{"edgeID":"1703864","fromID":"1296194","toID":"1296190","formEdgeID":null},{"edgeID":"1703865","fromID":"1296183","toID":"1296195","formEdgeID":null},{"edgeID":"1703866","fromID":"1296195","toID":"1296191","formEdgeID":null},{"edgeID":"1703867","fromID":"1296198","toID":"1296197","formEdgeID":null},{"edgeID":"1703868","fromID":"1296199","toID":"1296198","formEdgeID":null},{"edgeID":"1703869","fromID":"1296197","toID":"1296200","formEdgeID":null},{"edgeID":"1703870","fromID":"1296200","toID":"1296196","formEdgeID":null},{"edgeID":"1703871","fromID":"1296191","toID":"1296201","formEdgeID":null},{"edgeID":"1703872","fromID":"1296201","toID":"1296197","formEdgeID":null},{"edgeID":"1703873","fromID":"1296196","toID":"1296202","formEdgeID":null},{"edgeID":"1703874","fromID":"1296202","toID":"1296190","formEdgeID":null},{"edgeID":"1703875","fromID":"1296201","toID":"1296203","formEdgeID":null},{"edgeID":"1703876","fromID":"1296203","toID":"1296202","formEdgeID":null},{"edgeID":"1703877","fromID":"1296206","toID":"1296205","formEdgeID":null},{"edgeID":"1703878","fromID":"1296207","toID":"1296206","formEdgeID":null},{"edgeID":"1703879","fromID":"1296205","toID":"1296208","formEdgeID":null},{"edgeID":"1703880","fromID":"1296208","toID":"1296204","formEdgeID":null},{"edgeID":"1703881","fromID":"1296197","toID":"1296209","formEdgeID":null},{"edgeID":"1703882","fromID":"1296209","toID":"1296205","formEdgeID":null},{"edgeID":"1703883","fromID":"1296212","toID":"1296211","formEdgeID":null},{"edgeID":"1703884","fromID":"1296213","toID":"1296212","formEdgeID":null},{"edgeID":"1703885","fromID":"1296211","toID":"1296214","formEdgeID":null},{"edgeID":"1703886","fromID":"1296214","toID":"1296210","formEdgeID":null},{"edgeID":"1703887","fromID":"1296205","toID":"1296215","formEdgeID":null},{"edgeID":"1703888","fromID":"1296215","toID":"1296211","formEdgeID":null},{"edgeID":"1703889","fromID":"1296210","toID":"1296216","formEdgeID":null},{"edgeID":"1703890","fromID":"1296216","toID":"1296204","formEdgeID":null},{"edgeID":"1703891","fromID":"1296215","toID":"1296217","formEdgeID":null},{"edgeID":"1703892","fromID":"1296217","toID":"1296216","formEdgeID":null},{"edgeID":"1703893","fromID":"1296220","toID":"1296219","formEdgeID":null},{"edgeID":"1703894","fromID":"1296221","toID":"1296220","formEdgeID":null},{"edgeID":"1703895","fromID":"1296219","toID":"1296222","formEdgeID":null},{"edgeID":"1703896","fromID":"1296222","toID":"1296218","formEdgeID":null},{"edgeID":"1703897","fromID":"1296211","toID":"1296223","formEdgeID":null},{"edgeID":"1703898","fromID":"1296223","toID":"1296219","formEdgeID":null},{"edgeID":"1703899","fromID":"1296218","toID":"1296224","formEdgeID":null},{"edgeID":"1703900","fromID":"1296224","toID":"1296210","formEdgeID":null},{"edgeID":"1703901","fromID":"1296223","toID":"1296225","formEdgeID":null},{"edgeID":"1703902","fromID":"1296225","toID":"1296224","formEdgeID":null},{"edgeID":"1703903","fromID":"1296228","toID":"1296227","formEdgeID":null},{"edgeID":"1703904","fromID":"1296229","toID":"1296228","formEdgeID":null},{"edgeID":"1703905","fromID":"1296227","toID":"1296230","formEdgeID":null},{"edgeID":"1703906","fromID":"1296230","toID":"1296226","formEdgeID":null},{"edgeID":"1703907","fromID":"1296233","toID":"1296232","formEdgeID":null},{"edgeID":"1703908","fromID":"1296234","toID":"1296233","formEdgeID":null},{"edgeID":"1703909","fromID":"1296232","toID":"1296235","formEdgeID":null},{"edgeID":"1703910","fromID":"1296235","toID":"1296231","formEdgeID":null},{"edgeID":"1703911","fromID":"1296227","toID":"1296236","formEdgeID":null},{"edgeID":"1703912","fromID":"1296236","toID":"1296232","formEdgeID":null},{"edgeID":"1703913","fromID":"1296239","toID":"1296238","formEdgeID":null},{"edgeID":"1703914","fromID":"1296240","toID":"1296239","formEdgeID":null},{"edgeID":"1703915","fromID":"1296238","toID":"1296241","formEdgeID":null},{"edgeID":"1703916","fromID":"1296241","toID":"1296237","formEdgeID":null},{"edgeID":"1703917","fromID":"1296232","toID":"1296242","formEdgeID":null},{"edgeID":"1703918","fromID":"1296242","toID":"1296238","formEdgeID":null},{"edgeID":"1703919","fromID":"1296245","toID":"1296244","formEdgeID":null},{"edgeID":"1703920","fromID":"1296246","toID":"1296245","formEdgeID":null},{"edgeID":"1703921","fromID":"1296244","toID":"1296247","formEdgeID":null},{"edgeID":"1703922","fromID":"1296247","toID":"1296243","formEdgeID":null},{"edgeID":"1703923","fromID":"1296250","toID":"1296249","formEdgeID":null},{"edgeID":"1703924","fromID":"1296251","toID":"1296250","formEdgeID":null},{"edgeID":"1703925","fromID":"1296249","toID":"1296252","formEdgeID":null},{"edgeID":"1703926","fromID":"1296252","toID":"1296248","formEdgeID":null},{"edgeID":"1703927","fromID":"1296244","toID":"1296253","formEdgeID":null},{"edgeID":"1703928","fromID":"1296253","toID":"1296249","formEdgeID":null},{"edgeID":"1703929","fromID":"1296256","toID":"1296255","formEdgeID":null},{"edgeID":"1703930","fromID":"1296257","toID":"1296256","formEdgeID":null},{"edgeID":"1703931","fromID":"1296255","toID":"1296258","formEdgeID":null},{"edgeID":"1703932","fromID":"1296258","toID":"1296254","formEdgeID":null},{"edgeID":"1703933","fromID":"1296249","toID":"1296259","formEdgeID":null},{"edgeID":"1703934","fromID":"1296259","toID":"1296255","formEdgeID":null},{"edgeID":"1703935","fromID":"1296262","toID":"1296261","formEdgeID":null},{"edgeID":"1703936","fromID":"1296263","toID":"1296262","formEdgeID":null},{"edgeID":"1703937","fromID":"1296261","toID":"1296264","formEdgeID":null},{"edgeID":"1703938","fromID":"1296264","toID":"1296260","formEdgeID":null},{"edgeID":"1703939","fromID":"1296255","toID":"1296265","formEdgeID":null},{"edgeID":"1703940","fromID":"1296265","toID":"1296261","formEdgeID":null},{"edgeID":"1703941","fromID":"1296260","toID":"1296266","formEdgeID":null},{"edgeID":"1703942","fromID":"1296266","toID":"1296254","formEdgeID":null},{"edgeID":"1703943","fromID":"1296265","toID":"1296267","formEdgeID":null},{"edgeID":"1703944","fromID":"1296267","toID":"1296266","formEdgeID":null},{"edgeID":"1703945","fromID":"1296270","toID":"1296269","formEdgeID":null},{"edgeID":"1703946","fromID":"1296271","toID":"1296270","formEdgeID":null},{"edgeID":"1703947","fromID":"1296269","toID":"1296272","formEdgeID":null},{"edgeID":"1703948","fromID":"1296272","toID":"1296268","formEdgeID":null},{"edgeID":"1703949","fromID":"1296261","toID":"1296273","formEdgeID":null},{"edgeID":"1703950","fromID":"1296273","toID":"1296269","formEdgeID":null},{"edgeID":"1703951","fromID":"1296268","toID":"1296274","formEdgeID":null},{"edgeID":"1703952","fromID":"1296274","toID":"1296260","formEdgeID":null},{"edgeID":"1703953","fromID":"1296273","toID":"1296275","formEdgeID":null},{"edgeID":"1703954","fromID":"1296275","toID":"1296274","formEdgeID":null},{"edgeID":"1703955","fromID":"1296218","toID":"1296276","formEdgeID":null},{"edgeID":"1703956","fromID":"1296276","toID":"1296231","formEdgeID":null},{"edgeID":"1703957","fromID":"1296226","toID":"1296276","formEdgeID":null},{"edgeID":"1703958","fromID":"1296219","toID":"1296277","formEdgeID":null},{"edgeID":"1703959","fromID":"1296277","toID":"1296232","formEdgeID":null},{"edgeID":"1703960","fromID":"1296236","toID":"1296278","formEdgeID":null},{"edgeID":"1703961","fromID":"1296278","toID":"1296276","formEdgeID":null},{"edgeID":"1703962","fromID":"1296237","toID":"1296279","formEdgeID":null},{"edgeID":"1703963","fromID":"1296279","toID":"1296231","formEdgeID":null},{"edgeID":"1703964","fromID":"1296242","toID":"1296280","formEdgeID":null},{"edgeID":"1703965","fromID":"1296280","toID":"1296279","formEdgeID":null},{"edgeID":"1703966","fromID":"1296237","toID":"1296281","formEdgeID":null},{"edgeID":"1703967","fromID":"1296281","toID":"1296248","formEdgeID":null},{"edgeID":"1703968","fromID":"1296243","toID":"1296281","formEdgeID":null},{"edgeID":"1703969","fromID":"1296238","toID":"1296282","formEdgeID":null},{"edgeID":"1703970","fromID":"1296282","toID":"1296249","formEdgeID":null},{"edgeID":"1703971","fromID":"1296253","toID":"1296283","formEdgeID":null},{"edgeID":"1703972","fromID":"1296283","toID":"1296281","formEdgeID":null},{"edgeID":"1703973","fromID":"1296190","toID":"1296284","formEdgeID":null},{"edgeID":"1703974","fromID":"1296284","toID":"1296161","formEdgeID":null},{"edgeID":"1703975","fromID":"1296162","toID":"1296285","formEdgeID":null},{"edgeID":"1703976","fromID":"1296285","toID":"1296191","formEdgeID":null},{"edgeID":"1703977","fromID":"1296285","toID":"1296286","formEdgeID":null},{"edgeID":"1703978","fromID":"1296286","toID":"1296284","formEdgeID":null},{"edgeID":"1703979","fromID":"1296204","toID":"1296287","formEdgeID":null},{"edgeID":"1703980","fromID":"1296287","toID":"1296150","formEdgeID":null},{"edgeID":"1703981","fromID":"1296205","toID":"1296288","formEdgeID":null},{"edgeID":"1703982","fromID":"1296288","toID":"1296151","formEdgeID":null},{"edgeID":"1703983","fromID":"1296288","toID":"1296289","formEdgeID":null},{"edgeID":"1703984","fromID":"1296289","toID":"1296287","formEdgeID":null}],"locutions":[]}