{"nodes":[{"nodeID":"1297212","text":"for the first time in way over a generation, we're actually -- we can see the circumstances whereby use of nuclear weaponry is a possibility","type":"I","timestamp":"2023-11-09 12:51:30"},{"nodeID":"1297213","text":"Peter Kyle:  for the first time in way over a generation, we're actually -- we can see the circumstances whereby it is a possibility","type":"L","timestamp":"2023-11-09 12:51:30"},{"nodeID":"1297214","text":"Analysing","type":"YA","timestamp":"2023-11-09 12:51:30"},{"nodeID":"1297215","text":"Chris : Peter Kyle:  for the first time in way over a generation, we're actually -- we can see the circumstances whereby it is a possibility","type":"L","timestamp":"2023-11-09 12:51:30"},{"nodeID":"1297216","text":"Asserting","type":"YA","timestamp":"2023-11-09 12:51:30"},{"nodeID":"1297217","text":"the potential usage of nuclear armaments is something that should really give us all pause for thought","type":"I","timestamp":"2023-11-09 12:51:31"},{"nodeID":"1297218","text":"Peter Kyle: That is something that should really give us all pause for thought","type":"L","timestamp":"2023-11-09 12:51:31"},{"nodeID":"1297219","text":"Analysing","type":"YA","timestamp":"2023-11-09 12:51:31"},{"nodeID":"1297220","text":"Chris : Peter Kyle: That is something that should really give us all pause for thought","type":"L","timestamp":"2023-11-09 12:51:31"},{"nodeID":"1297221","text":"Asserting","type":"YA","timestamp":"2023-11-09 12:51:31"},{"nodeID":"1297222","text":"Default Inference","type":"RA","timestamp":"2023-11-09 12:51:31"},{"nodeID":"1297223","text":"Default Transition","type":"TA","timestamp":"2023-11-09 12:51:31"},{"nodeID":"1297224","text":"Arguing","type":"YA","timestamp":"2023-11-09 12:51:31"},{"nodeID":"1297225","text":"the circumstances now, compared to the Cold War, are very, very different","type":"I","timestamp":"2023-11-09 12:51:32"},{"nodeID":"1297226","text":"Peter Kyle:  the circumstances now, compared to the Cold War, are very, very different","type":"L","timestamp":"2023-11-09 12:51:32"},{"nodeID":"1297227","text":"Analysing","type":"YA","timestamp":"2023-11-09 12:51:32"},{"nodeID":"1297228","text":"Chris : Peter Kyle:  the circumstances now, compared to the Cold War, are very, very different","type":"L","timestamp":"2023-11-09 12:51:32"},{"nodeID":"1297229","text":"Asserting","type":"YA","timestamp":"2023-11-09 12:51:32"},{"nodeID":"1297230","text":"Default Transition","type":"TA","timestamp":"2023-11-09 12:51:32"},{"nodeID":"1297231","text":"Default Rephrase","type":"MA","timestamp":"2023-11-09 12:51:32"},{"nodeID":"1297232","text":"Restating","type":"YA","timestamp":"2023-11-09 12:51:32"},{"nodeID":"1297233","text":"Putin is not acting in any rational way that we can judge his behaviour by","type":"I","timestamp":"2023-11-09 12:51:32"},{"nodeID":"1297234","text":"Peter Kyle: Putin is not acting in any rational way that we can judge his behaviour by","type":"L","timestamp":"2023-11-09 12:51:32"},{"nodeID":"1297235","text":"Analysing","type":"YA","timestamp":"2023-11-09 12:51:32"},{"nodeID":"1297236","text":"Chris : Peter Kyle: Putin is not acting in any rational way that we can judge his behaviour by","type":"L","timestamp":"2023-11-09 12:51:32"},{"nodeID":"1297237","text":"Asserting","type":"YA","timestamp":"2023-11-09 12:51:32"},{"nodeID":"1297238","text":"Default Inference","type":"RA","timestamp":"2023-11-09 12:51:32"},{"nodeID":"1297239","text":"Default Transition","type":"TA","timestamp":"2023-11-09 12:51:32"},{"nodeID":"1297240","text":"Arguing","type":"YA","timestamp":"2023-11-09 12:51:32"},{"nodeID":"1297241","text":"it is going to require a degree of statescraft on behalf of our country","type":"I","timestamp":"2023-11-09 12:51:33"},{"nodeID":"1297242","text":"Peter Kyle:  It is going to require a degree of statescraft on behalf of our country","type":"L","timestamp":"2023-11-09 12:51:33"},{"nodeID":"1297243","text":"Analysing","type":"YA","timestamp":"2023-11-09 12:51:33"},{"nodeID":"1297244","text":"Chris : Peter Kyle:  It is going to require a degree of statescraft on behalf of our country","type":"L","timestamp":"2023-11-09 12:51:33"},{"nodeID":"1297245","text":"Asserting","type":"YA","timestamp":"2023-11-09 12:51:33"},{"nodeID":"1297246","text":"collectively on behalf of our us and our partners","type":"I","timestamp":"2023-11-09 12:51:33"},{"nodeID":"1297247","text":"Peter Kyle: collectively on behalf of our us and our partners","type":"L","timestamp":"2023-11-09 12:51:33"},{"nodeID":"1297248","text":"Analysing","type":"YA","timestamp":"2023-11-09 12:51:33"},{"nodeID":"1297249","text":"Chris : Peter Kyle: collectively on behalf of our us and our partners","type":"L","timestamp":"2023-11-09 12:51:33"},{"nodeID":"1297250","text":"Asserting","type":"YA","timestamp":"2023-11-09 12:51:33"},{"nodeID":"1297251","text":"particularly NATO","type":"I","timestamp":"2023-11-09 12:51:34"},{"nodeID":"1297252","text":"Peter Kyle: particularly NATO","type":"L","timestamp":"2023-11-09 12:51:34"},{"nodeID":"1297253","text":"Analysing","type":"YA","timestamp":"2023-11-09 12:51:34"},{"nodeID":"1297254","text":"Chris : Peter Kyle: particularly NATO","type":"L","timestamp":"2023-11-09 12:51:34"},{"nodeID":"1297255","text":"Asserting","type":"YA","timestamp":"2023-11-09 12:51:34"},{"nodeID":"1297256","text":"Default Transition","type":"TA","timestamp":"2023-11-09 12:51:34"},{"nodeID":"1297257","text":"Default Transition","type":"TA","timestamp":"2023-11-09 12:51:34"},{"nodeID":"1297258","text":"Default Transition","type":"TA","timestamp":"2023-11-09 12:51:34"},{"nodeID":"1297259","text":"Default Rephrase","type":"MA","timestamp":"2023-11-09 12:51:34"},{"nodeID":"1297260","text":"Default Rephrase","type":"MA","timestamp":"2023-11-09 12:51:34"},{"nodeID":"1297261","text":"Restating","type":"YA","timestamp":"2023-11-09 12:51:34"},{"nodeID":"1297262","text":"Restating","type":"YA","timestamp":"2023-11-09 12:51:34"},{"nodeID":"1297263","text":"in order to understand Putin's behaviour, to confront his behaviour, to contain his behaviour","type":"I","timestamp":"2023-11-09 12:51:35"},{"nodeID":"1297264","text":"Peter Kyle: in order to understand his behaviour to confront his behaviour, to contain his behaviour","type":"L","timestamp":"2023-11-09 12:51:35"},{"nodeID":"1297265","text":"Analysing","type":"YA","timestamp":"2023-11-09 12:51:35"},{"nodeID":"1297266","text":"Chris : Peter Kyle: in order to understand his behaviour to confront his behaviour, to contain his behaviour","type":"L","timestamp":"2023-11-09 12:51:35"},{"nodeID":"1297267","text":"Asserting","type":"YA","timestamp":"2023-11-09 12:51:35"},{"nodeID":"1297268","text":"Default Transition","type":"TA","timestamp":"2023-11-09 12:51:35"},{"nodeID":"1297269","text":"Default Inference","type":"RA","timestamp":"2023-11-09 12:51:35"},{"nodeID":"1297270","text":"Arguing","type":"YA","timestamp":"2023-11-09 12:51:35"},{"nodeID":"1297271","text":"to stabilise the Continent of Europe once again","type":"I","timestamp":"2023-11-09 12:51:35"},{"nodeID":"1297272","text":"Peter Kyle:  to stabilise the Continent of Europe once again","type":"L","timestamp":"2023-11-09 12:51:35"},{"nodeID":"1297273","text":"Analysing","type":"YA","timestamp":"2023-11-09 12:51:35"},{"nodeID":"1297274","text":"Chris : Peter Kyle:  to stabilise the Continent of Europe once again","type":"L","timestamp":"2023-11-09 12:51:35"},{"nodeID":"1297275","text":"Asserting","type":"YA","timestamp":"2023-11-09 12:51:35"},{"nodeID":"1297276","text":"Default Inference","type":"RA","timestamp":"2023-11-09 12:51:35"},{"nodeID":"1297277","text":"Default Transition","type":"TA","timestamp":"2023-11-09 12:51:35"},{"nodeID":"1297278","text":"Arguing","type":"YA","timestamp":"2023-11-09 12:51:35"}],"edges":[{"edgeID":"1705087","fromID":"1297214","toID":"1297213","formEdgeID":null},{"edgeID":"1705088","fromID":"1297215","toID":"1297214","formEdgeID":null},{"edgeID":"1705089","fromID":"1297213","toID":"1297216","formEdgeID":null},{"edgeID":"1705090","fromID":"1297216","toID":"1297212","formEdgeID":null},{"edgeID":"1705091","fromID":"1297219","toID":"1297218","formEdgeID":null},{"edgeID":"1705092","fromID":"1297220","toID":"1297219","formEdgeID":null},{"edgeID":"1705093","fromID":"1297218","toID":"1297221","formEdgeID":null},{"edgeID":"1705094","fromID":"1297221","toID":"1297217","formEdgeID":null},{"edgeID":"1705095","fromID":"1297212","toID":"1297222","formEdgeID":null},{"edgeID":"1705096","fromID":"1297222","toID":"1297217","formEdgeID":null},{"edgeID":"1705097","fromID":"1297213","toID":"1297223","formEdgeID":null},{"edgeID":"1705098","fromID":"1297223","toID":"1297218","formEdgeID":null},{"edgeID":"1705099","fromID":"1297223","toID":"1297224","formEdgeID":null},{"edgeID":"1705100","fromID":"1297224","toID":"1297222","formEdgeID":null},{"edgeID":"1705101","fromID":"1297227","toID":"1297226","formEdgeID":null},{"edgeID":"1705102","fromID":"1297228","toID":"1297227","formEdgeID":null},{"edgeID":"1705103","fromID":"1297226","toID":"1297229","formEdgeID":null},{"edgeID":"1705104","fromID":"1297229","toID":"1297225","formEdgeID":null},{"edgeID":"1705105","fromID":"1297218","toID":"1297230","formEdgeID":null},{"edgeID":"1705106","fromID":"1297230","toID":"1297226","formEdgeID":null},{"edgeID":"1705107","fromID":"1297225","toID":"1297231","formEdgeID":null},{"edgeID":"1705108","fromID":"1297231","toID":"1297217","formEdgeID":null},{"edgeID":"1705109","fromID":"1297230","toID":"1297232","formEdgeID":null},{"edgeID":"1705110","fromID":"1297232","toID":"1297231","formEdgeID":null},{"edgeID":"1705111","fromID":"1297235","toID":"1297234","formEdgeID":null},{"edgeID":"1705112","fromID":"1297236","toID":"1297235","formEdgeID":null},{"edgeID":"1705113","fromID":"1297234","toID":"1297237","formEdgeID":null},{"edgeID":"1705114","fromID":"1297237","toID":"1297233","formEdgeID":null},{"edgeID":"1705115","fromID":"1297233","toID":"1297238","formEdgeID":null},{"edgeID":"1705116","fromID":"1297238","toID":"1297225","formEdgeID":null},{"edgeID":"1705117","fromID":"1297226","toID":"1297239","formEdgeID":null},{"edgeID":"1705118","fromID":"1297239","toID":"1297234","formEdgeID":null},{"edgeID":"1705119","fromID":"1297239","toID":"1297240","formEdgeID":null},{"edgeID":"1705120","fromID":"1297240","toID":"1297238","formEdgeID":null},{"edgeID":"1705121","fromID":"1297243","toID":"1297242","formEdgeID":null},{"edgeID":"1705122","fromID":"1297244","toID":"1297243","formEdgeID":null},{"edgeID":"1705123","fromID":"1297242","toID":"1297245","formEdgeID":null},{"edgeID":"1705124","fromID":"1297245","toID":"1297241","formEdgeID":null},{"edgeID":"1705125","fromID":"1297248","toID":"1297247","formEdgeID":null},{"edgeID":"1705126","fromID":"1297249","toID":"1297248","formEdgeID":null},{"edgeID":"1705127","fromID":"1297247","toID":"1297250","formEdgeID":null},{"edgeID":"1705128","fromID":"1297250","toID":"1297246","formEdgeID":null},{"edgeID":"1705129","fromID":"1297253","toID":"1297252","formEdgeID":null},{"edgeID":"1705130","fromID":"1297254","toID":"1297253","formEdgeID":null},{"edgeID":"1705131","fromID":"1297252","toID":"1297255","formEdgeID":null},{"edgeID":"1705132","fromID":"1297255","toID":"1297251","formEdgeID":null},{"edgeID":"1705133","fromID":"1297234","toID":"1297256","formEdgeID":null},{"edgeID":"1705134","fromID":"1297256","toID":"1297242","formEdgeID":null},{"edgeID":"1705135","fromID":"1297242","toID":"1297257","formEdgeID":null},{"edgeID":"1705136","fromID":"1297257","toID":"1297247","formEdgeID":null},{"edgeID":"1705137","fromID":"1297247","toID":"1297258","formEdgeID":null},{"edgeID":"1705138","fromID":"1297258","toID":"1297252","formEdgeID":null},{"edgeID":"1705139","fromID":"1297246","toID":"1297259","formEdgeID":null},{"edgeID":"1705140","fromID":"1297259","toID":"1297241","formEdgeID":null},{"edgeID":"1705141","fromID":"1297251","toID":"1297260","formEdgeID":null},{"edgeID":"1705142","fromID":"1297260","toID":"1297246","formEdgeID":null},{"edgeID":"1705143","fromID":"1297257","toID":"1297261","formEdgeID":null},{"edgeID":"1705144","fromID":"1297261","toID":"1297259","formEdgeID":null},{"edgeID":"1705145","fromID":"1297258","toID":"1297262","formEdgeID":null},{"edgeID":"1705146","fromID":"1297262","toID":"1297260","formEdgeID":null},{"edgeID":"1705147","fromID":"1297265","toID":"1297264","formEdgeID":null},{"edgeID":"1705148","fromID":"1297266","toID":"1297265","formEdgeID":null},{"edgeID":"1705149","fromID":"1297264","toID":"1297267","formEdgeID":null},{"edgeID":"1705150","fromID":"1297267","toID":"1297263","formEdgeID":null},{"edgeID":"1705151","fromID":"1297242","toID":"1297268","formEdgeID":null},{"edgeID":"1705152","fromID":"1297268","toID":"1297264","formEdgeID":null},{"edgeID":"1705153","fromID":"1297263","toID":"1297269","formEdgeID":null},{"edgeID":"1705154","fromID":"1297269","toID":"1297241","formEdgeID":null},{"edgeID":"1705155","fromID":"1297268","toID":"1297270","formEdgeID":null},{"edgeID":"1705156","fromID":"1297270","toID":"1297269","formEdgeID":null},{"edgeID":"1705157","fromID":"1297273","toID":"1297272","formEdgeID":null},{"edgeID":"1705158","fromID":"1297274","toID":"1297273","formEdgeID":null},{"edgeID":"1705159","fromID":"1297272","toID":"1297275","formEdgeID":null},{"edgeID":"1705160","fromID":"1297275","toID":"1297271","formEdgeID":null},{"edgeID":"1705161","fromID":"1297271","toID":"1297276","formEdgeID":null},{"edgeID":"1705162","fromID":"1297276","toID":"1297241","formEdgeID":null},{"edgeID":"1705163","fromID":"1297242","toID":"1297277","formEdgeID":null},{"edgeID":"1705164","fromID":"1297277","toID":"1297272","formEdgeID":null},{"edgeID":"1705165","fromID":"1297277","toID":"1297278","formEdgeID":null},{"edgeID":"1705166","fromID":"1297278","toID":"1297276","formEdgeID":null}],"locutions":[]}