{"nodes":[{"nodeID":"1298197","text":"if the estimate is 200,000 people from Ukraine","type":"I","timestamp":"2023-11-09 12:52:52"},{"nodeID":"1298198","text":"Bridget Kendall: if the estimate is 200,000 people from Ukraine","type":"L","timestamp":"2023-11-09 12:52:52"},{"nodeID":"1298199","text":"Kamila: Bridget Kendall: if the estimate is 200,000 people from Ukraine","type":"L","timestamp":"2023-11-09 12:52:52"},{"nodeID":"1298200","text":"we've all got to know Ukrainians quite well through our television screens in the last week or so","type":"I","timestamp":"2023-11-09 12:52:53"},{"nodeID":"1298201","text":"Bridget Kendall: we've all got to know Ukrainians quite well through our television screens in the last week or so","type":"L","timestamp":"2023-11-09 12:52:53"},{"nodeID":"1298202","text":"Kamila: Bridget Kendall: we've all got to know Ukrainians quite well through our television screens in the last week or so","type":"L","timestamp":"2023-11-09 12:52:53"},{"nodeID":"1298203","text":"we admire Ukranians","type":"I","timestamp":"2023-11-09 12:52:53"},{"nodeID":"1298204","text":"Bridget Kendall: don't we admire them","type":"L","timestamp":"2023-11-09 12:52:53"},{"nodeID":"1298205","text":"Kamila: Bridget Kendall: don't we admire them","type":"L","timestamp":"2023-11-09 12:52:53"},{"nodeID":"1298206","text":"we would be lucky to have Ukranians actually","type":"I","timestamp":"2023-11-09 12:52:54"},{"nodeID":"1298207","text":"Bridget Kendall: we would be lucky to have those actually","type":"L","timestamp":"2023-11-09 12:52:54"},{"nodeID":"1298208","text":"Kamila: Bridget Kendall: we would be lucky to have those actually","type":"L","timestamp":"2023-11-09 12:52:54"},{"nodeID":"1298209","text":"Ukranians would be a benefit to our society","type":"I","timestamp":"2023-11-09 12:52:54"},{"nodeID":"1298210","text":"Bridget Kendall: they'd be a benefit to our society","type":"L","timestamp":"2023-11-09 12:52:54"},{"nodeID":"1298211","text":"Kamila: Bridget Kendall: they'd be a benefit to our society","type":"L","timestamp":"2023-11-09 12:52:54"},{"nodeID":"1298212","text":"Penny Mordaunt doesn't know the difference between tough and nasty","type":"I","timestamp":"2023-11-09 12:52:55"},{"nodeID":"1298213","text":"Fiona Bruce: People accused you of not knowing the difference between tough and nasty","type":"L","timestamp":"2023-11-09 12:52:55"},{"nodeID":"1298214","text":"Kamila: Fiona Bruce: People accused you of not knowing the difference between tough and nasty","type":"L","timestamp":"2023-11-09 12:52:55"},{"nodeID":"1298215","text":"it is wrong","type":"I","timestamp":"2023-11-09 12:52:56"},{"nodeID":"1298216","text":"Penny Mordaunt: It is wrong","type":"L","timestamp":"2023-11-09 12:52:56"},{"nodeID":"1298217","text":"Kamila: Penny Mordaunt: It is wrong","type":"L","timestamp":"2023-11-09 12:52:56"},{"nodeID":"1298218","text":"Penny Mordaunt has been an aid worker in the former Eastern Bloc","type":"I","timestamp":"2023-11-09 12:52:56"},{"nodeID":"1298219","text":"Penny Mordaunt: I've been an aid worker in the former Eastern Bloc","type":"L","timestamp":"2023-11-09 12:52:56"},{"nodeID":"1298220","text":"Kamila: Penny Mordaunt: I've been an aid worker in the former Eastern Bloc","type":"L","timestamp":"2023-11-09 12:52:56"},{"nodeID":"1298221","text":"Conservatives are not uncompassionate people","type":"I","timestamp":"2023-11-09 12:52:57"},{"nodeID":"1298222","text":"Penny Mordaunt: Conservatives are not uncompassionate people","type":"L","timestamp":"2023-11-09 12:52:57"},{"nodeID":"1298223","text":"Kamila: Penny Mordaunt: Conservatives are not uncompassionate people","type":"L","timestamp":"2023-11-09 12:52:57"},{"nodeID":"1298224","text":"Penny Mordaunt is sorry that you're even saying that on a programme like this","type":"I","timestamp":"2023-11-09 12:52:57"},{"nodeID":"1298225","text":"Penny Mordaunt: I'm sorry that you're even saying that on a programme like this","type":"L","timestamp":"2023-11-09 12:52:57"},{"nodeID":"1298226","text":"Kamila: Penny Mordaunt: I'm sorry that you're even saying that on a programme like this","type":"L","timestamp":"2023-11-09 12:52:57"},{"nodeID":"1298227","text":"Conservatives are judged on policy, not words","type":"I","timestamp":"2023-11-09 12:52:58"},{"nodeID":"1298228","text":"Peter Kyle: You're judged on policy, not words","type":"L","timestamp":"2023-11-09 12:52:58"},{"nodeID":"1298229","text":"Kamila: Peter Kyle: You're judged on policy, not words","type":"L","timestamp":"2023-11-09 12:52:58"},{"nodeID":"1298230","text":"the policy is uncompassionate","type":"I","timestamp":"2023-11-09 12:52:58"},{"nodeID":"1298231","text":"Peter Kyle: The policy is uncompassionate","type":"L","timestamp":"2023-11-09 12:52:58"},{"nodeID":"1298232","text":"Kamila: Peter Kyle: The policy is uncompassionate","type":"L","timestamp":"2023-11-09 12:52:58"},{"nodeID":"1298233","text":"Unknown Speaker: Penny Mordaunt doesn't know the difference between tough and nasty","type":"L","timestamp":"2023-11-09 12:52:58"},{"nodeID":"1298234","text":"Kamila: Unknown Speaker: people accused Penny Mordaunt of not knowing the difference between tough and nasty","type":"L","timestamp":"2023-11-09 12:52:58"},{"nodeID":"1298235","text":"the policy is not uncompassionate","type":"I","timestamp":"2023-11-09 12:52:59"},{"nodeID":"1298236","text":"Penny Mordaunt: It is not","type":"L","timestamp":"2023-11-09 12:52:59"},{"nodeID":"1298237","text":"Kamila: Penny Mordaunt: It is not","type":"L","timestamp":"2023-11-09 12:52:59"},{"nodeID":"1298238","text":"the policy is important","type":"I","timestamp":"2023-11-09 12:53:00"},{"nodeID":"1298239","text":"Penny Mordaunt: It is important","type":"L","timestamp":"2023-11-09 12:53:00"},{"nodeID":"1298240","text":"Kamila: Penny Mordaunt: It is important","type":"L","timestamp":"2023-11-09 12:53:00"},{"nodeID":"1298241","text":"we're dealing with facts as we sit here, there are British Government staff in Ukraine sorting out people's paperwork in order to make sure they can come to the UK","type":"I","timestamp":"2023-11-09 12:53:00"},{"nodeID":"1298242","text":"Penny Mordaunt: we're dealing with facts as we sit here, there are British Government staff in Ukraine sorting out people's paperwork in order to make sure they can come to the UK","type":"L","timestamp":"2023-11-09 12:53:00"},{"nodeID":"1298243","text":"Kamila: Penny Mordaunt: we're dealing with facts as we sit here, there are British Government staff in Ukraine sorting out people's paperwork in order to make sure they can come to the UK","type":"L","timestamp":"2023-11-09 12:53:00"},{"nodeID":"1298244","text":"we are surging capacity to make sure Ukranian people can come to the UK","type":"I","timestamp":"2023-11-09 12:53:01"},{"nodeID":"1298245","text":"Penny Mordaunt: We are surging capacity to do that","type":"L","timestamp":"2023-11-09 12:53:01"},{"nodeID":"1298246","text":"Kamila: Penny Mordaunt: We are surging capacity to do that","type":"L","timestamp":"2023-11-09 12:53:01"},{"nodeID":"1298247","text":"a really important message that anyone who wants to come here can","type":"I","timestamp":"2023-11-09 12:53:01"},{"nodeID":"1298248","text":"Penny Mordaunt: A really important message that anyone who wants to come here can","type":"L","timestamp":"2023-11-09 12:53:01"},{"nodeID":"1298249","text":"Kamila: Penny Mordaunt: A really important message that anyone who wants to come here can","type":"L","timestamp":"2023-11-09 12:53:01"},{"nodeID":"1298250","text":"Penny Mordaunt is or is not saying Ukranian people will be able to come to the UK on any grounds","type":"I","timestamp":"2023-11-09 12:53:02"},{"nodeID":"1298251","text":"Fiona Bruce: Are you saying on any grounds","type":"L","timestamp":"2023-11-09 12:53:02"},{"nodeID":"1298252","text":"Kamila: Fiona Bruce: Are you saying on any grounds","type":"L","timestamp":"2023-11-09 12:53:02"},{"nodeID":"1298253","text":"we're talking about places being shelled and you want them to go to an embassy and get paperwork","type":"I","timestamp":"2023-11-09 12:53:03"},{"nodeID":"1298254","text":"Peter Kyle: We're talking about places being shelled and you want them to go to an embassy and get paperwork","type":"L","timestamp":"2023-11-09 12:53:03"},{"nodeID":"1298255","text":"Kamila: Peter Kyle: We're talking about places being shelled and you want them to go to an embassy and get paperwork","type":"L","timestamp":"2023-11-09 12:53:03"},{"nodeID":"1298256","text":"shame on Peter Kyle","type":"I","timestamp":"2023-11-09 12:53:03"},{"nodeID":"1298257","text":"Penny Mordaunt: Shame on you","type":"L","timestamp":"2023-11-09 12:53:03"},{"nodeID":"1298258","text":"Kamila: Penny Mordaunt: Shame on you","type":"L","timestamp":"2023-11-09 12:53:03"},{"nodeID":"1298259","text":"the Conservatives wanting Ukranians to go to an embassy and get paperwork is untrue","type":"I","timestamp":"2023-11-09 12:53:04"},{"nodeID":"1298260","text":"Penny Mordaunt: that's untrue","type":"L","timestamp":"2023-11-09 12:53:04"},{"nodeID":"1298261","text":"Kamila: Penny Mordaunt: that's untrue","type":"L","timestamp":"2023-11-09 12:53:04"},{"nodeID":"1298262","text":"people have to get to the port","type":"I","timestamp":"2023-11-09 12:53:04"},{"nodeID":"1298263","text":"Penny Mordaunt: People have to get to the port","type":"L","timestamp":"2023-11-09 12:53:04"},{"nodeID":"1298264","text":"Kamila: Penny Mordaunt: People have to get to the port","type":"L","timestamp":"2023-11-09 12:53:04"},{"nodeID":"1298265","text":"people who are in contact and they're trying to help them","type":"I","timestamp":"2023-11-09 12:53:05"},{"nodeID":"1298266","text":"Peter Kyle: People who are in contact and they're trying to help them","type":"L","timestamp":"2023-11-09 12:53:05"},{"nodeID":"1298267","text":"Kamila: Peter Kyle: People who are in contact and they're trying to help them","type":"L","timestamp":"2023-11-09 12:53:05"},{"nodeID":"1298268","text":"where was somebody I spoke to just yesterday who is off there to try and meet somebody","type":"I","timestamp":"2023-11-09 12:53:05"},{"nodeID":"1298269","text":"Peter Kyle: There was somebody I spoke to just yesterday who is off there to try and meet somebody","type":"L","timestamp":"2023-11-09 12:53:05"},{"nodeID":"1298270","text":"Kamila: Peter Kyle: There was somebody I spoke to just yesterday who is off there to try and meet somebody","type":"L","timestamp":"2023-11-09 12:53:05"},{"nodeID":"1298271","text":"when he gets across the border, his town is being shelled","type":"I","timestamp":"2023-11-09 12:53:06"},{"nodeID":"1298272","text":"Peter Kyle: When he gets across the border, his town is being shelled","type":"L","timestamp":"2023-11-09 12:53:06"},{"nodeID":"1298273","text":"Kamila: Peter Kyle: When he gets across the border, his town is being shelled","type":"L","timestamp":"2023-11-09 12:53:06"},{"nodeID":"1298274","text":"he cannot get to somewhere to do the paperwork","type":"I","timestamp":"2023-11-09 12:53:07"},{"nodeID":"1298275","text":"Peter Kyle: He cannot get to somewhere to do the paperwork","type":"L","timestamp":"2023-11-09 12:53:07"},{"nodeID":"1298276","text":"Kamila: Peter Kyle: He cannot get to somewhere to do the paperwork","type":"L","timestamp":"2023-11-09 12:53:07"},{"nodeID":"1298277","text":"he won't be able to bring him back to Britain because there is no link","type":"I","timestamp":"2023-11-09 12:53:07"},{"nodeID":"1298278","text":"Peter Kyle: He won't be able to bring him back to Britain because there is no link","type":"L","timestamp":"2023-11-09 12:53:07"},{"nodeID":"1298279","text":"Kamila: Peter Kyle: He won't be able to bring him back to Britain because there is no link","type":"L","timestamp":"2023-11-09 12:53:07"},{"nodeID":"1298280","text":"it is a friend","type":"I","timestamp":"2023-11-09 12:53:08"},{"nodeID":"1298281","text":"Peter Kyle: It is a friend","type":"L","timestamp":"2023-11-09 12:53:08"},{"nodeID":"1298282","text":"Kamila: Peter Kyle: It is a friend","type":"L","timestamp":"2023-11-09 12:53:08"},{"nodeID":"1298283","text":"they have space in their home","type":"I","timestamp":"2023-11-09 12:53:08"},{"nodeID":"1298284","text":"Peter Kyle: They have space in their home","type":"L","timestamp":"2023-11-09 12:53:08"},{"nodeID":"1298285","text":"Kamila: Peter Kyle: They have space in their home","type":"L","timestamp":"2023-11-09 12:53:08"},{"nodeID":"1298286","text":"it is somebody he has known for years","type":"I","timestamp":"2023-11-09 12:53:09"},{"nodeID":"1298287","text":"Peter Kyle: It is somebody he has known for years","type":"L","timestamp":"2023-11-09 12:53:09"},{"nodeID":"1298288","text":"Kamila: Peter Kyle: It is somebody he has known for years","type":"L","timestamp":"2023-11-09 12:53:09"},{"nodeID":"1298289","text":"he won't bring him","type":"I","timestamp":"2023-11-09 12:53:09"},{"nodeID":"1298290","text":"Peter Kyle: he won't bring him","type":"L","timestamp":"2023-11-09 12:53:09"},{"nodeID":"1298291","text":"Kamila: Peter Kyle: he won't bring him","type":"L","timestamp":"2023-11-09 12:53:09"},{"nodeID":"1298292","text":"he's not family","type":"I","timestamp":"2023-11-09 12:53:10"},{"nodeID":"1298293","text":"Peter Kyle: he's not family","type":"L","timestamp":"2023-11-09 12:53:10"},{"nodeID":"1298294","text":"Kamila: Peter Kyle: he's not family","type":"L","timestamp":"2023-11-09 12:53:10"},{"nodeID":"1298295","text":"Analysing","type":"YA","timestamp":"2023-11-09 12:53:10"},{"nodeID":"1298296","text":"Asserting","type":"YA","timestamp":"2023-11-09 12:53:10"},{"nodeID":"1298297","text":"Analysing","type":"YA","timestamp":"2023-11-09 12:53:10"},{"nodeID":"1298298","text":"Asserting","type":"YA","timestamp":"2023-11-09 12:53:10"},{"nodeID":"1298299","text":"Analysing","type":"YA","timestamp":"2023-11-09 12:53:10"},{"nodeID":"1298300","text":"Assertive Questioning","type":"YA","timestamp":"2023-11-09 12:53:10"},{"nodeID":"1298301","text":"Analysing","type":"YA","timestamp":"2023-11-09 12:53:10"},{"nodeID":"1298302","text":"Asserting","type":"YA","timestamp":"2023-11-09 12:53:10"},{"nodeID":"1298303","text":"Default Transition","type":"TA","timestamp":"2023-11-09 12:53:10"},{"nodeID":"1298304","text":"Default Transition","type":"TA","timestamp":"2023-11-09 12:53:10"},{"nodeID":"1298305","text":"Default Rephrase","type":"MA","timestamp":"2023-11-09 12:53:10"},{"nodeID":"1298306","text":"Default Transition","type":"TA","timestamp":"2023-11-09 12:53:10"},{"nodeID":"1298307","text":"Restating","type":"YA","timestamp":"2023-11-09 12:53:10"},{"nodeID":"1298308","text":"Analysing","type":"YA","timestamp":"2023-11-09 12:53:10"},{"nodeID":"1298309","text":"Asserting","type":"YA","timestamp":"2023-11-09 12:53:10"},{"nodeID":"1298310","text":"Default Transition","type":"TA","timestamp":"2023-11-09 12:53:10"},{"nodeID":"1298311","text":"Default Inference","type":"RA","timestamp":"2023-11-09 12:53:10"},{"nodeID":"1298312","text":"Arguing","type":"YA","timestamp":"2023-11-09 12:53:10"},{"nodeID":"1298313","text":"Analysing","type":"YA","timestamp":"2023-11-09 12:53:10"},{"nodeID":"1298314","text":"Default Transition","type":"TA","timestamp":"2023-11-09 12:53:10"},{"nodeID":"1298315","text":"Analysing","type":"YA","timestamp":"2023-11-09 12:53:10"},{"nodeID":"1298316","text":"Asserting","type":"YA","timestamp":"2023-11-09 12:53:10"},{"nodeID":"1298317","text":"Default Transition","type":"TA","timestamp":"2023-11-09 12:53:10"},{"nodeID":"1298318","text":"Analysing","type":"YA","timestamp":"2023-11-09 12:53:10"},{"nodeID":"1298319","text":"Asserting","type":"YA","timestamp":"2023-11-09 12:53:10"},{"nodeID":"1298320","text":"Default Transition","type":"TA","timestamp":"2023-11-09 12:53:10"},{"nodeID":"1298321","text":"Analysing","type":"YA","timestamp":"2023-11-09 12:53:10"},{"nodeID":"1298322","text":"Asserting","type":"YA","timestamp":"2023-11-09 12:53:10"},{"nodeID":"1298323","text":"Default Transition","type":"TA","timestamp":"2023-11-09 12:53:10"},{"nodeID":"1298324","text":"Analysing","type":"YA","timestamp":"2023-11-09 12:53:10"},{"nodeID":"1298325","text":"Asserting","type":"YA","timestamp":"2023-11-09 12:53:10"},{"nodeID":"1298326","text":"Analysing","type":"YA","timestamp":"2023-11-09 12:53:10"},{"nodeID":"1298327","text":"Asserting","type":"YA","timestamp":"2023-11-09 12:53:10"},{"nodeID":"1298328","text":"Default Transition","type":"TA","timestamp":"2023-11-09 12:53:10"},{"nodeID":"1298329","text":"Default Transition","type":"TA","timestamp":"2023-11-09 12:53:10"},{"nodeID":"1298330","text":"Analysing","type":"YA","timestamp":"2023-11-09 12:53:10"},{"nodeID":"1298331","text":"Asserting","type":"YA","timestamp":"2023-11-09 12:53:10"},{"nodeID":"1298332","text":"Default Transition","type":"TA","timestamp":"2023-11-09 12:53:10"},{"nodeID":"1298333","text":"Analysing","type":"YA","timestamp":"2023-11-09 12:53:10"},{"nodeID":"1298334","text":"Asserting","type":"YA","timestamp":"2023-11-09 12:53:10"},{"nodeID":"1298335","text":"Asserting","type":"YA","timestamp":"2023-11-09 12:53:10"},{"nodeID":"1298336","text":"Analysing","type":"YA","timestamp":"2023-11-09 12:53:10"},{"nodeID":"1298337","text":"Asserting","type":"YA","timestamp":"2023-11-09 12:53:10"},{"nodeID":"1298338","text":"Default Transition","type":"TA","timestamp":"2023-11-09 12:53:10"},{"nodeID":"1298339","text":"Default Conflict","type":"CA","timestamp":"2023-11-09 12:53:10"},{"nodeID":"1298340","text":"Disagreeing","type":"YA","timestamp":"2023-11-09 12:53:10"},{"nodeID":"1298341","text":"Analysing","type":"YA","timestamp":"2023-11-09 12:53:10"},{"nodeID":"1298342","text":"Asserting","type":"YA","timestamp":"2023-11-09 12:53:10"},{"nodeID":"1298343","text":"Default Transition","type":"TA","timestamp":"2023-11-09 12:53:10"},{"nodeID":"1298344","text":"Analysing","type":"YA","timestamp":"2023-11-09 12:53:10"},{"nodeID":"1298345","text":"Asserting","type":"YA","timestamp":"2023-11-09 12:53:10"},{"nodeID":"1298346","text":"Default Transition","type":"TA","timestamp":"2023-11-09 12:53:10"},{"nodeID":"1298347","text":"Default Inference","type":"RA","timestamp":"2023-11-09 12:53:10"},{"nodeID":"1298348","text":"Arguing","type":"YA","timestamp":"2023-11-09 12:53:10"},{"nodeID":"1298349","text":"Analysing","type":"YA","timestamp":"2023-11-09 12:53:10"},{"nodeID":"1298350","text":"Asserting","type":"YA","timestamp":"2023-11-09 12:53:10"},{"nodeID":"1298351","text":"Default Transition","type":"TA","timestamp":"2023-11-09 12:53:10"},{"nodeID":"1298352","text":"Analysing","type":"YA","timestamp":"2023-11-09 12:53:10"},{"nodeID":"1298353","text":"Asserting","type":"YA","timestamp":"2023-11-09 12:53:10"},{"nodeID":"1298354","text":"Default Transition","type":"TA","timestamp":"2023-11-09 12:53:10"},{"nodeID":"1298355","text":"Analysing","type":"YA","timestamp":"2023-11-09 12:53:10"},{"nodeID":"1298356","text":"Pure Questioning","type":"YA","timestamp":"2023-11-09 12:53:10"},{"nodeID":"1298357","text":"Default Transition","type":"TA","timestamp":"2023-11-09 12:53:10"},{"nodeID":"1298358","text":"Analysing","type":"YA","timestamp":"2023-11-09 12:53:10"},{"nodeID":"1298359","text":"Asserting","type":"YA","timestamp":"2023-11-09 12:53:10"},{"nodeID":"1298360","text":"Default Transition","type":"TA","timestamp":"2023-11-09 12:53:10"},{"nodeID":"1298361","text":"Analysing","type":"YA","timestamp":"2023-11-09 12:53:10"},{"nodeID":"1298362","text":"Asserting","type":"YA","timestamp":"2023-11-09 12:53:10"},{"nodeID":"1298363","text":"Default Transition","type":"TA","timestamp":"2023-11-09 12:53:10"},{"nodeID":"1298364","text":"Analysing","type":"YA","timestamp":"2023-11-09 12:53:10"},{"nodeID":"1298365","text":"Asserting","type":"YA","timestamp":"2023-11-09 12:53:10"},{"nodeID":"1298366","text":"Default Conflict","type":"CA","timestamp":"2023-11-09 12:53:10"},{"nodeID":"1298367","text":"Default Transition","type":"TA","timestamp":"2023-11-09 12:53:10"},{"nodeID":"1298368","text":"Disagreeing","type":"YA","timestamp":"2023-11-09 12:53:10"},{"nodeID":"1298369","text":"Analysing","type":"YA","timestamp":"2023-11-09 12:53:10"},{"nodeID":"1298370","text":"Asserting","type":"YA","timestamp":"2023-11-09 12:53:10"},{"nodeID":"1298371","text":"Default Transition","type":"TA","timestamp":"2023-11-09 12:53:10"},{"nodeID":"1298372","text":"Analysing","type":"YA","timestamp":"2023-11-09 12:53:10"},{"nodeID":"1298373","text":"Asserting","type":"YA","timestamp":"2023-11-09 12:53:10"},{"nodeID":"1298374","text":"Default Transition","type":"TA","timestamp":"2023-11-09 12:53:10"},{"nodeID":"1298375","text":"Analysing","type":"YA","timestamp":"2023-11-09 12:53:10"},{"nodeID":"1298376","text":"Asserting","type":"YA","timestamp":"2023-11-09 12:53:10"},{"nodeID":"1298377","text":"Default Conflict","type":"CA","timestamp":"2023-11-09 12:53:10"},{"nodeID":"1298378","text":"Default Transition","type":"TA","timestamp":"2023-11-09 12:53:10"},{"nodeID":"1298379","text":"Disagreeing","type":"YA","timestamp":"2023-11-09 12:53:10"},{"nodeID":"1298380","text":"Analysing","type":"YA","timestamp":"2023-11-09 12:53:10"},{"nodeID":"1298381","text":"Asserting","type":"YA","timestamp":"2023-11-09 12:53:10"},{"nodeID":"1298382","text":"Default Transition","type":"TA","timestamp":"2023-11-09 12:53:10"},{"nodeID":"1298383","text":"Default Transition","type":"TA","timestamp":"2023-11-09 12:53:10"},{"nodeID":"1298384","text":"Analysing","type":"YA","timestamp":"2023-11-09 12:53:10"},{"nodeID":"1298385","text":"Asserting","type":"YA","timestamp":"2023-11-09 12:53:10"},{"nodeID":"1298386","text":"Default Transition","type":"TA","timestamp":"2023-11-09 12:53:10"},{"nodeID":"1298387","text":"Analysing","type":"YA","timestamp":"2023-11-09 12:53:10"},{"nodeID":"1298388","text":"Asserting","type":"YA","timestamp":"2023-11-09 12:53:10"},{"nodeID":"1298389","text":"Default Transition","type":"TA","timestamp":"2023-11-09 12:53:10"},{"nodeID":"1298390","text":"Analysing","type":"YA","timestamp":"2023-11-09 12:53:10"},{"nodeID":"1298391","text":"Asserting","type":"YA","timestamp":"2023-11-09 12:53:10"},{"nodeID":"1298392","text":"Analysing","type":"YA","timestamp":"2023-11-09 12:53:10"},{"nodeID":"1298393","text":"Asserting","type":"YA","timestamp":"2023-11-09 12:53:10"},{"nodeID":"1298394","text":"Analysing","type":"YA","timestamp":"2023-11-09 12:53:10"},{"nodeID":"1298395","text":"Asserting","type":"YA","timestamp":"2023-11-09 12:53:10"},{"nodeID":"1298396","text":"Analysing","type":"YA","timestamp":"2023-11-09 12:53:10"},{"nodeID":"1298397","text":"Asserting","type":"YA","timestamp":"2023-11-09 12:53:10"},{"nodeID":"1298398","text":"Analysing","type":"YA","timestamp":"2023-11-09 12:53:10"},{"nodeID":"1298399","text":"Asserting","type":"YA","timestamp":"2023-11-09 12:53:10"},{"nodeID":"1298400","text":"Default Inference","type":"RA","timestamp":"2023-11-09 12:53:10"},{"nodeID":"1298401","text":"Default Transition","type":"TA","timestamp":"2023-11-09 12:53:10"},{"nodeID":"1298402","text":"Arguing","type":"YA","timestamp":"2023-11-09 12:53:10"},{"nodeID":"1298403","text":"Default Transition","type":"TA","timestamp":"2023-11-09 12:53:10"},{"nodeID":"1298404","text":"Default Transition","type":"TA","timestamp":"2023-11-09 12:53:10"},{"nodeID":"1298405","text":"Default Transition","type":"TA","timestamp":"2023-11-09 12:53:10"},{"nodeID":"1298406","text":"Default Transition","type":"TA","timestamp":"2023-11-09 12:53:10"}],"edges":[{"edgeID":"1706247","fromID":"1298295","toID":"1298198","formEdgeID":null},{"edgeID":"1706248","fromID":"1298199","toID":"1298295","formEdgeID":null},{"edgeID":"1706249","fromID":"1298198","toID":"1298296","formEdgeID":null},{"edgeID":"1706250","fromID":"1298296","toID":"1298197","formEdgeID":null},{"edgeID":"1706251","fromID":"1298297","toID":"1298201","formEdgeID":null},{"edgeID":"1706252","fromID":"1298202","toID":"1298297","formEdgeID":null},{"edgeID":"1706253","fromID":"1298201","toID":"1298298","formEdgeID":null},{"edgeID":"1706254","fromID":"1298298","toID":"1298200","formEdgeID":null},{"edgeID":"1706255","fromID":"1298299","toID":"1298204","formEdgeID":null},{"edgeID":"1706256","fromID":"1298205","toID":"1298299","formEdgeID":null},{"edgeID":"1706257","fromID":"1298204","toID":"1298300","formEdgeID":null},{"edgeID":"1706258","fromID":"1298300","toID":"1298203","formEdgeID":null},{"edgeID":"1706259","fromID":"1298301","toID":"1298207","formEdgeID":null},{"edgeID":"1706260","fromID":"1298208","toID":"1298301","formEdgeID":null},{"edgeID":"1706261","fromID":"1298207","toID":"1298302","formEdgeID":null},{"edgeID":"1706262","fromID":"1298302","toID":"1298206","formEdgeID":null},{"edgeID":"1706263","fromID":"1298198","toID":"1298303","formEdgeID":null},{"edgeID":"1706264","fromID":"1298303","toID":"1298201","formEdgeID":null},{"edgeID":"1706265","fromID":"1298201","toID":"1298304","formEdgeID":null},{"edgeID":"1706266","fromID":"1298304","toID":"1298204","formEdgeID":null},{"edgeID":"1706267","fromID":"1298206","toID":"1298305","formEdgeID":null},{"edgeID":"1706268","fromID":"1298305","toID":"1298203","formEdgeID":null},{"edgeID":"1706269","fromID":"1298204","toID":"1298306","formEdgeID":null},{"edgeID":"1706270","fromID":"1298306","toID":"1298207","formEdgeID":null},{"edgeID":"1706271","fromID":"1298306","toID":"1298307","formEdgeID":null},{"edgeID":"1706272","fromID":"1298307","toID":"1298305","formEdgeID":null},{"edgeID":"1706273","fromID":"1298308","toID":"1298210","formEdgeID":null},{"edgeID":"1706274","fromID":"1298211","toID":"1298308","formEdgeID":null},{"edgeID":"1706275","fromID":"1298210","toID":"1298309","formEdgeID":null},{"edgeID":"1706276","fromID":"1298309","toID":"1298209","formEdgeID":null},{"edgeID":"1706277","fromID":"1298207","toID":"1298310","formEdgeID":null},{"edgeID":"1706278","fromID":"1298310","toID":"1298210","formEdgeID":null},{"edgeID":"1706279","fromID":"1298209","toID":"1298311","formEdgeID":null},{"edgeID":"1706280","fromID":"1298311","toID":"1298206","formEdgeID":null},{"edgeID":"1706281","fromID":"1298310","toID":"1298312","formEdgeID":null},{"edgeID":"1706282","fromID":"1298312","toID":"1298311","formEdgeID":null},{"edgeID":"1706283","fromID":"1298313","toID":"1298213","formEdgeID":null},{"edgeID":"1706284","fromID":"1298214","toID":"1298313","formEdgeID":null},{"edgeID":"1706285","fromID":"1298210","toID":"1298314","formEdgeID":null},{"edgeID":"1706286","fromID":"1298314","toID":"1298213","formEdgeID":null},{"edgeID":"1706287","fromID":"1298315","toID":"1298216","formEdgeID":null},{"edgeID":"1706288","fromID":"1298217","toID":"1298315","formEdgeID":null},{"edgeID":"1706289","fromID":"1298216","toID":"1298316","formEdgeID":null},{"edgeID":"1706290","fromID":"1298316","toID":"1298215","formEdgeID":null},{"edgeID":"1706291","fromID":"1298213","toID":"1298317","formEdgeID":null},{"edgeID":"1706292","fromID":"1298317","toID":"1298216","formEdgeID":null},{"edgeID":"1706293","fromID":"1298318","toID":"1298219","formEdgeID":null},{"edgeID":"1706294","fromID":"1298220","toID":"1298318","formEdgeID":null},{"edgeID":"1706295","fromID":"1298219","toID":"1298319","formEdgeID":null},{"edgeID":"1706296","fromID":"1298319","toID":"1298218","formEdgeID":null},{"edgeID":"1706297","fromID":"1298216","toID":"1298320","formEdgeID":null},{"edgeID":"1706298","fromID":"1298320","toID":"1298219","formEdgeID":null},{"edgeID":"1706299","fromID":"1298321","toID":"1298222","formEdgeID":null},{"edgeID":"1706300","fromID":"1298223","toID":"1298321","formEdgeID":null},{"edgeID":"1706301","fromID":"1298222","toID":"1298322","formEdgeID":null},{"edgeID":"1706302","fromID":"1298322","toID":"1298221","formEdgeID":null},{"edgeID":"1706303","fromID":"1298219","toID":"1298323","formEdgeID":null},{"edgeID":"1706304","fromID":"1298323","toID":"1298222","formEdgeID":null},{"edgeID":"1706305","fromID":"1298324","toID":"1298225","formEdgeID":null},{"edgeID":"1706306","fromID":"1298226","toID":"1298324","formEdgeID":null},{"edgeID":"1706307","fromID":"1298225","toID":"1298325","formEdgeID":null},{"edgeID":"1706308","fromID":"1298325","toID":"1298224","formEdgeID":null},{"edgeID":"1706309","fromID":"1298326","toID":"1298228","formEdgeID":null},{"edgeID":"1706310","fromID":"1298229","toID":"1298326","formEdgeID":null},{"edgeID":"1706311","fromID":"1298228","toID":"1298327","formEdgeID":null},{"edgeID":"1706312","fromID":"1298327","toID":"1298227","formEdgeID":null},{"edgeID":"1706313","fromID":"1298222","toID":"1298328","formEdgeID":null},{"edgeID":"1706314","fromID":"1298328","toID":"1298225","formEdgeID":null},{"edgeID":"1706315","fromID":"1298225","toID":"1298329","formEdgeID":null},{"edgeID":"1706316","fromID":"1298329","toID":"1298228","formEdgeID":null},{"edgeID":"1706317","fromID":"1298330","toID":"1298231","formEdgeID":null},{"edgeID":"1706318","fromID":"1298232","toID":"1298330","formEdgeID":null},{"edgeID":"1706319","fromID":"1298231","toID":"1298331","formEdgeID":null},{"edgeID":"1706320","fromID":"1298331","toID":"1298230","formEdgeID":null},{"edgeID":"1706321","fromID":"1298228","toID":"1298332","formEdgeID":null},{"edgeID":"1706322","fromID":"1298332","toID":"1298231","formEdgeID":null},{"edgeID":"1706323","fromID":"1298333","toID":"1298233","formEdgeID":null},{"edgeID":"1706324","fromID":"1298234","toID":"1298333","formEdgeID":null},{"edgeID":"1706325","fromID":"1298233","toID":"1298334","formEdgeID":null},{"edgeID":"1706326","fromID":"1298334","toID":"1298212","formEdgeID":null},{"edgeID":"1706327","fromID":"1298213","toID":"1298335","formEdgeID":null},{"edgeID":"1706328","fromID":"1298335","toID":"1298233","formEdgeID":null},{"edgeID":"1706329","fromID":"1298336","toID":"1298236","formEdgeID":null},{"edgeID":"1706330","fromID":"1298237","toID":"1298336","formEdgeID":null},{"edgeID":"1706331","fromID":"1298236","toID":"1298337","formEdgeID":null},{"edgeID":"1706332","fromID":"1298337","toID":"1298235","formEdgeID":null},{"edgeID":"1706333","fromID":"1298231","toID":"1298338","formEdgeID":null},{"edgeID":"1706334","fromID":"1298338","toID":"1298236","formEdgeID":null},{"edgeID":"1706335","fromID":"1298235","toID":"1298339","formEdgeID":null},{"edgeID":"1706336","fromID":"1298339","toID":"1298230","formEdgeID":null},{"edgeID":"1706337","fromID":"1298338","toID":"1298340","formEdgeID":null},{"edgeID":"1706338","fromID":"1298340","toID":"1298339","formEdgeID":null},{"edgeID":"1706339","fromID":"1298341","toID":"1298239","formEdgeID":null},{"edgeID":"1706340","fromID":"1298240","toID":"1298341","formEdgeID":null},{"edgeID":"1706341","fromID":"1298239","toID":"1298342","formEdgeID":null},{"edgeID":"1706342","fromID":"1298342","toID":"1298238","formEdgeID":null},{"edgeID":"1706343","fromID":"1298236","toID":"1298343","formEdgeID":null},{"edgeID":"1706344","fromID":"1298343","toID":"1298239","formEdgeID":null},{"edgeID":"1706345","fromID":"1298344","toID":"1298242","formEdgeID":null},{"edgeID":"1706346","fromID":"1298243","toID":"1298344","formEdgeID":null},{"edgeID":"1706347","fromID":"1298242","toID":"1298345","formEdgeID":null},{"edgeID":"1706348","fromID":"1298345","toID":"1298241","formEdgeID":null},{"edgeID":"1706349","fromID":"1298239","toID":"1298346","formEdgeID":null},{"edgeID":"1706350","fromID":"1298346","toID":"1298242","formEdgeID":null},{"edgeID":"1706351","fromID":"1298241","toID":"1298347","formEdgeID":null},{"edgeID":"1706352","fromID":"1298347","toID":"1298238","formEdgeID":null},{"edgeID":"1706353","fromID":"1298346","toID":"1298348","formEdgeID":null},{"edgeID":"1706354","fromID":"1298348","toID":"1298347","formEdgeID":null},{"edgeID":"1706355","fromID":"1298349","toID":"1298245","formEdgeID":null},{"edgeID":"1706356","fromID":"1298246","toID":"1298349","formEdgeID":null},{"edgeID":"1706357","fromID":"1298245","toID":"1298350","formEdgeID":null},{"edgeID":"1706358","fromID":"1298350","toID":"1298244","formEdgeID":null},{"edgeID":"1706359","fromID":"1298242","toID":"1298351","formEdgeID":null},{"edgeID":"1706360","fromID":"1298351","toID":"1298245","formEdgeID":null},{"edgeID":"1706361","fromID":"1298352","toID":"1298248","formEdgeID":null},{"edgeID":"1706362","fromID":"1298249","toID":"1298352","formEdgeID":null},{"edgeID":"1706363","fromID":"1298248","toID":"1298353","formEdgeID":null},{"edgeID":"1706364","fromID":"1298353","toID":"1298247","formEdgeID":null},{"edgeID":"1706365","fromID":"1298245","toID":"1298354","formEdgeID":null},{"edgeID":"1706366","fromID":"1298354","toID":"1298248","formEdgeID":null},{"edgeID":"1706367","fromID":"1298355","toID":"1298251","formEdgeID":null},{"edgeID":"1706368","fromID":"1298252","toID":"1298355","formEdgeID":null},{"edgeID":"1706369","fromID":"1298251","toID":"1298356","formEdgeID":null},{"edgeID":"1706370","fromID":"1298356","toID":"1298250","formEdgeID":null},{"edgeID":"1706371","fromID":"1298248","toID":"1298357","formEdgeID":null},{"edgeID":"1706372","fromID":"1298357","toID":"1298251","formEdgeID":null},{"edgeID":"1706373","fromID":"1298358","toID":"1298254","formEdgeID":null},{"edgeID":"1706374","fromID":"1298255","toID":"1298358","formEdgeID":null},{"edgeID":"1706375","fromID":"1298254","toID":"1298359","formEdgeID":null},{"edgeID":"1706376","fromID":"1298359","toID":"1298253","formEdgeID":null},{"edgeID":"1706377","fromID":"1298251","toID":"1298360","formEdgeID":null},{"edgeID":"1706378","fromID":"1298360","toID":"1298254","formEdgeID":null},{"edgeID":"1706379","fromID":"1298361","toID":"1298257","formEdgeID":null},{"edgeID":"1706380","fromID":"1298258","toID":"1298361","formEdgeID":null},{"edgeID":"1706381","fromID":"1298257","toID":"1298362","formEdgeID":null},{"edgeID":"1706382","fromID":"1298362","toID":"1298256","formEdgeID":null},{"edgeID":"1706383","fromID":"1298254","toID":"1298363","formEdgeID":null},{"edgeID":"1706384","fromID":"1298363","toID":"1298257","formEdgeID":null},{"edgeID":"1706385","fromID":"1298364","toID":"1298260","formEdgeID":null},{"edgeID":"1706386","fromID":"1298261","toID":"1298364","formEdgeID":null},{"edgeID":"1706387","fromID":"1298260","toID":"1298365","formEdgeID":null},{"edgeID":"1706388","fromID":"1298365","toID":"1298259","formEdgeID":null},{"edgeID":"1706389","fromID":"1298259","toID":"1298366","formEdgeID":null},{"edgeID":"1706390","fromID":"1298366","toID":"1298253","formEdgeID":null},{"edgeID":"1706391","fromID":"1298254","toID":"1298367","formEdgeID":null},{"edgeID":"1706392","fromID":"1298367","toID":"1298260","formEdgeID":null},{"edgeID":"1706393","fromID":"1298367","toID":"1298368","formEdgeID":null},{"edgeID":"1706394","fromID":"1298368","toID":"1298366","formEdgeID":null},{"edgeID":"1706395","fromID":"1298369","toID":"1298263","formEdgeID":null},{"edgeID":"1706396","fromID":"1298264","toID":"1298369","formEdgeID":null},{"edgeID":"1706397","fromID":"1298263","toID":"1298370","formEdgeID":null},{"edgeID":"1706398","fromID":"1298370","toID":"1298262","formEdgeID":null},{"edgeID":"1706399","fromID":"1298260","toID":"1298371","formEdgeID":null},{"edgeID":"1706400","fromID":"1298371","toID":"1298263","formEdgeID":null},{"edgeID":"1706401","fromID":"1298372","toID":"1298266","formEdgeID":null},{"edgeID":"1706402","fromID":"1298267","toID":"1298372","formEdgeID":null},{"edgeID":"1706403","fromID":"1298266","toID":"1298373","formEdgeID":null},{"edgeID":"1706404","fromID":"1298373","toID":"1298265","formEdgeID":null},{"edgeID":"1706405","fromID":"1298263","toID":"1298374","formEdgeID":null},{"edgeID":"1706406","fromID":"1298374","toID":"1298266","formEdgeID":null},{"edgeID":"1706407","fromID":"1298375","toID":"1298269","formEdgeID":null},{"edgeID":"1706408","fromID":"1298270","toID":"1298375","formEdgeID":null},{"edgeID":"1706409","fromID":"1298269","toID":"1298376","formEdgeID":null},{"edgeID":"1706410","fromID":"1298376","toID":"1298268","formEdgeID":null},{"edgeID":"1706411","fromID":"1298230","toID":"1298377","formEdgeID":null},{"edgeID":"1706412","fromID":"1298377","toID":"1298221","formEdgeID":null},{"edgeID":"1706413","fromID":"1298222","toID":"1298378","formEdgeID":null},{"edgeID":"1706414","fromID":"1298378","toID":"1298231","formEdgeID":null},{"edgeID":"1706415","fromID":"1298378","toID":"1298379","formEdgeID":null},{"edgeID":"1706416","fromID":"1298379","toID":"1298377","formEdgeID":null},{"edgeID":"1706417","fromID":"1298380","toID":"1298272","formEdgeID":null},{"edgeID":"1706418","fromID":"1298273","toID":"1298380","formEdgeID":null},{"edgeID":"1706419","fromID":"1298272","toID":"1298381","formEdgeID":null},{"edgeID":"1706420","fromID":"1298381","toID":"1298271","formEdgeID":null},{"edgeID":"1706421","fromID":"1298266","toID":"1298382","formEdgeID":null},{"edgeID":"1706422","fromID":"1298382","toID":"1298269","formEdgeID":null},{"edgeID":"1706423","fromID":"1298269","toID":"1298383","formEdgeID":null},{"edgeID":"1706424","fromID":"1298383","toID":"1298272","formEdgeID":null},{"edgeID":"1706425","fromID":"1298384","toID":"1298275","formEdgeID":null},{"edgeID":"1706426","fromID":"1298276","toID":"1298384","formEdgeID":null},{"edgeID":"1706427","fromID":"1298275","toID":"1298385","formEdgeID":null},{"edgeID":"1706428","fromID":"1298385","toID":"1298274","formEdgeID":null},{"edgeID":"1706429","fromID":"1298272","toID":"1298386","formEdgeID":null},{"edgeID":"1706430","fromID":"1298386","toID":"1298275","formEdgeID":null},{"edgeID":"1706431","fromID":"1298387","toID":"1298278","formEdgeID":null},{"edgeID":"1706432","fromID":"1298279","toID":"1298387","formEdgeID":null},{"edgeID":"1706433","fromID":"1298278","toID":"1298388","formEdgeID":null},{"edgeID":"1706434","fromID":"1298388","toID":"1298277","formEdgeID":null},{"edgeID":"1706435","fromID":"1298275","toID":"1298389","formEdgeID":null},{"edgeID":"1706436","fromID":"1298389","toID":"1298278","formEdgeID":null},{"edgeID":"1706437","fromID":"1298390","toID":"1298281","formEdgeID":null},{"edgeID":"1706438","fromID":"1298282","toID":"1298390","formEdgeID":null},{"edgeID":"1706439","fromID":"1298281","toID":"1298391","formEdgeID":null},{"edgeID":"1706440","fromID":"1298391","toID":"1298280","formEdgeID":null},{"edgeID":"1706441","fromID":"1298392","toID":"1298284","formEdgeID":null},{"edgeID":"1706442","fromID":"1298285","toID":"1298392","formEdgeID":null},{"edgeID":"1706443","fromID":"1298284","toID":"1298393","formEdgeID":null},{"edgeID":"1706444","fromID":"1298393","toID":"1298283","formEdgeID":null},{"edgeID":"1706445","fromID":"1298394","toID":"1298287","formEdgeID":null},{"edgeID":"1706446","fromID":"1298288","toID":"1298394","formEdgeID":null},{"edgeID":"1706447","fromID":"1298287","toID":"1298395","formEdgeID":null},{"edgeID":"1706448","fromID":"1298395","toID":"1298286","formEdgeID":null},{"edgeID":"1706449","fromID":"1298396","toID":"1298290","formEdgeID":null},{"edgeID":"1706450","fromID":"1298291","toID":"1298396","formEdgeID":null},{"edgeID":"1706451","fromID":"1298290","toID":"1298397","formEdgeID":null},{"edgeID":"1706452","fromID":"1298397","toID":"1298289","formEdgeID":null},{"edgeID":"1706453","fromID":"1298398","toID":"1298293","formEdgeID":null},{"edgeID":"1706454","fromID":"1298294","toID":"1298398","formEdgeID":null},{"edgeID":"1706455","fromID":"1298293","toID":"1298399","formEdgeID":null},{"edgeID":"1706456","fromID":"1298399","toID":"1298292","formEdgeID":null},{"edgeID":"1706457","fromID":"1298292","toID":"1298400","formEdgeID":null},{"edgeID":"1706458","fromID":"1298400","toID":"1298289","formEdgeID":null},{"edgeID":"1706459","fromID":"1298290","toID":"1298401","formEdgeID":null},{"edgeID":"1706460","fromID":"1298401","toID":"1298293","formEdgeID":null},{"edgeID":"1706461","fromID":"1298401","toID":"1298402","formEdgeID":null},{"edgeID":"1706462","fromID":"1298402","toID":"1298400","formEdgeID":null},{"edgeID":"1706463","fromID":"1298287","toID":"1298403","formEdgeID":null},{"edgeID":"1706464","fromID":"1298403","toID":"1298290","formEdgeID":null},{"edgeID":"1706465","fromID":"1298284","toID":"1298404","formEdgeID":null},{"edgeID":"1706466","fromID":"1298404","toID":"1298287","formEdgeID":null},{"edgeID":"1706467","fromID":"1298281","toID":"1298405","formEdgeID":null},{"edgeID":"1706468","fromID":"1298405","toID":"1298284","formEdgeID":null},{"edgeID":"1706469","fromID":"1298278","toID":"1298406","formEdgeID":null},{"edgeID":"1706470","fromID":"1298406","toID":"1298281","formEdgeID":null}],"locutions":[]}