{"nodes":[{"nodeID":"1293426","text":"we have been, for many years, training and providing equipment to Ukrainian armed forces","type":"I","timestamp":"2023-11-09 12:46:20"},{"nodeID":"1293427","text":"Penny Mordaunt: We have been, for many years, training and providing equipment to Ukrainian armed forces","type":"L","timestamp":"2023-11-09 12:46:20"},{"nodeID":"1293428","text":"Analysing","type":"YA","timestamp":"2023-11-09 12:46:20"},{"nodeID":"1293429","text":"Joanne: Penny Mordaunt: We have been, for many years, training and providing equipment to Ukrainian armed forces","type":"L","timestamp":"2023-11-09 12:46:20"},{"nodeID":"1293430","text":"Asserting","type":"YA","timestamp":"2023-11-09 12:46:20"},{"nodeID":"1293431","text":"Penny Mordaunt led one of the early training missions to train and provide equipment to Ukrainian armed forces","type":"I","timestamp":"2023-11-09 12:46:21"},{"nodeID":"1293432","text":"Penny Mordaunt: I led one of the early training missions to do that","type":"L","timestamp":"2023-11-09 12:46:21"},{"nodeID":"1293433","text":"Analysing","type":"YA","timestamp":"2023-11-09 12:46:21"},{"nodeID":"1293434","text":"Joanne: Penny Mordaunt: I led one of the early training missions to do that","type":"L","timestamp":"2023-11-09 12:46:21"},{"nodeID":"1293435","text":"Asserting","type":"YA","timestamp":"2023-11-09 12:46:21"},{"nodeID":"1293436","text":"Default Transition","type":"TA","timestamp":"2023-11-09 12:46:21"},{"nodeID":"1293437","text":"there will be other things, and one of the most important things finally that we can do is send a message to Russian troops","type":"I","timestamp":"2023-11-09 12:46:21"},{"nodeID":"1293438","text":"Penny Mordaunt: there will be other things, and one of the most important things finally that we can do is send a message to Russian troops","type":"L","timestamp":"2023-11-09 12:46:21"},{"nodeID":"1293439","text":"Analysing","type":"YA","timestamp":"2023-11-09 12:46:21"},{"nodeID":"1293440","text":"Joanne: Penny Mordaunt: there will be other things, and one of the most important things finally that we can do is send a message to Russian troops","type":"L","timestamp":"2023-11-09 12:46:21"},{"nodeID":"1293441","text":"Asserting","type":"YA","timestamp":"2023-11-09 12:46:21"},{"nodeID":"1293442","text":"Default Transition","type":"TA","timestamp":"2023-11-09 12:46:21"},{"nodeID":"1293443","text":"Default Rephrase","type":"MA","timestamp":"2023-11-09 12:46:21"},{"nodeID":"1293444","text":"Restating","type":"YA","timestamp":"2023-11-09 12:46:21"},{"nodeID":"1293445","text":"it takes uncommon bravery not to follow an order","type":"I","timestamp":"2023-11-09 12:46:22"},{"nodeID":"1293446","text":"Penny Mordaunt: It takes uncommon bravery not to follow an order","type":"L","timestamp":"2023-11-09 12:46:22"},{"nodeID":"1293447","text":"Joanne: Penny Mordaunt: It takes uncommon bravery not to follow an order","type":"L","timestamp":"2023-11-09 12:46:22"},{"nodeID":"1293448","text":"Analysing","type":"YA","timestamp":"2023-11-09 12:46:22"},{"nodeID":"1293449","text":"Asserting","type":"YA","timestamp":"2023-11-09 12:46:22"},{"nodeID":"1293450","text":"Default Transition","type":"TA","timestamp":"2023-11-09 12:46:22"},{"nodeID":"1293451","text":"the orders that Russian troops have been given are criminal","type":"I","timestamp":"2023-11-09 12:46:23"},{"nodeID":"1293452","text":"Penny Mordaunt:  the orders that Russian troops have been given are criminal","type":"L","timestamp":"2023-11-09 12:46:23"},{"nodeID":"1293453","text":"Analysing","type":"YA","timestamp":"2023-11-09 12:46:23"},{"nodeID":"1293454","text":"Joanne: Penny Mordaunt:  the orders that Russian troops have been given are criminal","type":"L","timestamp":"2023-11-09 12:46:23"},{"nodeID":"1293455","text":"Asserting","type":"YA","timestamp":"2023-11-09 12:46:23"},{"nodeID":"1293456","text":"Default Transition","type":"TA","timestamp":"2023-11-09 12:46:23"},{"nodeID":"1293457","text":"Russian troops guys did not put on a uniform","type":"I","timestamp":"2023-11-09 12:46:23"},{"nodeID":"1293458","text":"Penny Mordaunt: These guys did not put on a uniform","type":"L","timestamp":"2023-11-09 12:46:23"},{"nodeID":"1293459","text":"Joanne: Penny Mordaunt: These guys did not put on a uniform","type":"L","timestamp":"2023-11-09 12:46:23"},{"nodeID":"1293460","text":"Analysing","type":"YA","timestamp":"2023-11-09 12:46:23"},{"nodeID":"1293461","text":"Asserting","type":"YA","timestamp":"2023-11-09 12:46:23"},{"nodeID":"1293462","text":"Default Transition","type":"TA","timestamp":"2023-11-09 12:46:23"},{"nodeID":"1293463","text":"Russian troops do not train hard to slaughter women and children","type":"I","timestamp":"2023-11-09 12:46:24"},{"nodeID":"1293464","text":"Penny Mordaunt: They do not train hard to slaughter women and children","type":"L","timestamp":"2023-11-09 12:46:24"},{"nodeID":"1293465","text":"Analysing","type":"YA","timestamp":"2023-11-09 12:46:24"},{"nodeID":"1293466","text":"Joanne: Penny Mordaunt: They do not train hard to slaughter women and children","type":"L","timestamp":"2023-11-09 12:46:24"},{"nodeID":"1293467","text":"Asserting","type":"YA","timestamp":"2023-11-09 12:46:24"},{"nodeID":"1293468","text":"our message to Russian troops should be do the brave thing as your comrades have done","type":"I","timestamp":"2023-11-09 12:46:24"},{"nodeID":"1293469","text":"Penny Mordaunt: our message to them should be do the brave thing as your comrades have done","type":"L","timestamp":"2023-11-09 12:46:24"},{"nodeID":"1293470","text":"Analysing","type":"YA","timestamp":"2023-11-09 12:46:24"},{"nodeID":"1293471","text":"Joanne: Penny Mordaunt: our message to them should be do the brave thing as your comrades have done","type":"L","timestamp":"2023-11-09 12:46:24"},{"nodeID":"1293472","text":"Asserting","type":"YA","timestamp":"2023-11-09 12:46:24"},{"nodeID":"1293473","text":"Default Transition","type":"TA","timestamp":"2023-11-09 12:46:24"},{"nodeID":"1293474","text":"our message to Russian troops should be put down your arms","type":"I","timestamp":"2023-11-09 12:46:25"},{"nodeID":"1293475","text":"Penny Mordaunt: put down your arms","type":"L","timestamp":"2023-11-09 12:46:25"},{"nodeID":"1293476","text":"Joanne: Penny Mordaunt: put down your arms","type":"L","timestamp":"2023-11-09 12:46:25"},{"nodeID":"1293477","text":"Analysing","type":"YA","timestamp":"2023-11-09 12:46:25"},{"nodeID":"1293478","text":"Asserting","type":"YA","timestamp":"2023-11-09 12:46:25"},{"nodeID":"1293479","text":"our message to Russian troops should be do not slaughter women and children","type":"I","timestamp":"2023-11-09 12:46:26"},{"nodeID":"1293480","text":"Penny Mordaunt: Do not slaughter women and children","type":"L","timestamp":"2023-11-09 12:46:26"},{"nodeID":"1293481","text":"Analysing","type":"YA","timestamp":"2023-11-09 12:46:26"},{"nodeID":"1293482","text":"Joanne: Penny Mordaunt: Do not slaughter women and children","type":"L","timestamp":"2023-11-09 12:46:26"},{"nodeID":"1293483","text":"Asserting","type":"YA","timestamp":"2023-11-09 12:46:26"},{"nodeID":"1293484","text":"Default Transition","type":"TA","timestamp":"2023-11-09 12:46:26"},{"nodeID":"1293485","text":"Default Transition","type":"TA","timestamp":"2023-11-09 12:46:26"},{"nodeID":"1293486","text":"Default Rephrase","type":"MA","timestamp":"2023-11-09 12:46:26"},{"nodeID":"1293487","text":"Restating","type":"YA","timestamp":"2023-11-09 12:46:26"},{"nodeID":"1293488","text":"Default Rephrase","type":"MA","timestamp":"2023-11-09 12:46:26"},{"nodeID":"1293489","text":"Default Transition","type":"TA","timestamp":"2023-11-09 12:46:26"},{"nodeID":"1293490","text":"Restating","type":"YA","timestamp":"2023-11-09 12:46:26"},{"nodeID":"1293491","text":"Default Rephrase","type":"MA","timestamp":"2023-11-09 12:46:26"},{"nodeID":"1293492","text":"Default Transition","type":"TA","timestamp":"2023-11-09 12:46:26"},{"nodeID":"1293493","text":"Restating","type":"YA","timestamp":"2023-11-09 12:46:26"},{"nodeID":"1293494","text":"Default Inference","type":"RA","timestamp":"2023-11-09 12:46:26"},{"nodeID":"1293495","text":"Default Transition","type":"TA","timestamp":"2023-11-09 12:46:26"},{"nodeID":"1293496","text":"Arguing","type":"YA","timestamp":"2023-11-09 12:46:26"}],"edges":[{"edgeID":"1700581","fromID":"1293428","toID":"1293427","formEdgeID":null},{"edgeID":"1700582","fromID":"1293429","toID":"1293428","formEdgeID":null},{"edgeID":"1700583","fromID":"1293427","toID":"1293430","formEdgeID":null},{"edgeID":"1700584","fromID":"1293430","toID":"1293426","formEdgeID":null},{"edgeID":"1700585","fromID":"1293434","toID":"1293433","formEdgeID":null},{"edgeID":"1700586","fromID":"1293433","toID":"1293432","formEdgeID":null},{"edgeID":"1700587","fromID":"1293432","toID":"1293435","formEdgeID":null},{"edgeID":"1700588","fromID":"1293435","toID":"1293431","formEdgeID":null},{"edgeID":"1700589","fromID":"1293436","toID":"1293432","formEdgeID":null},{"edgeID":"1700590","fromID":"1293427","toID":"1293436","formEdgeID":null},{"edgeID":"1700591","fromID":"1293439","toID":"1293438","formEdgeID":null},{"edgeID":"1700592","fromID":"1293440","toID":"1293439","formEdgeID":null},{"edgeID":"1700593","fromID":"1293438","toID":"1293441","formEdgeID":null},{"edgeID":"1700594","fromID":"1293441","toID":"1293437","formEdgeID":null},{"edgeID":"1700595","fromID":"1293432","toID":"1293442","formEdgeID":null},{"edgeID":"1700596","fromID":"1293442","toID":"1293438","formEdgeID":null},{"edgeID":"1700597","fromID":"1293431","toID":"1293443","formEdgeID":null},{"edgeID":"1700598","fromID":"1293443","toID":"1293426","formEdgeID":null},{"edgeID":"1700599","fromID":"1293436","toID":"1293444","formEdgeID":null},{"edgeID":"1700600","fromID":"1293444","toID":"1293443","formEdgeID":null},{"edgeID":"1700601","fromID":"1293448","toID":"1293446","formEdgeID":null},{"edgeID":"1700602","fromID":"1293447","toID":"1293448","formEdgeID":null},{"edgeID":"1700603","fromID":"1293449","toID":"1293445","formEdgeID":null},{"edgeID":"1700604","fromID":"1293446","toID":"1293449","formEdgeID":null},{"edgeID":"1700605","fromID":"1293438","toID":"1293450","formEdgeID":null},{"edgeID":"1700606","fromID":"1293450","toID":"1293446","formEdgeID":null},{"edgeID":"1700607","fromID":"1293453","toID":"1293452","formEdgeID":null},{"edgeID":"1700608","fromID":"1293454","toID":"1293453","formEdgeID":null},{"edgeID":"1700609","fromID":"1293452","toID":"1293455","formEdgeID":null},{"edgeID":"1700610","fromID":"1293455","toID":"1293451","formEdgeID":null},{"edgeID":"1700611","fromID":"1293456","toID":"1293452","formEdgeID":null},{"edgeID":"1700612","fromID":"1293446","toID":"1293456","formEdgeID":null},{"edgeID":"1700613","fromID":"1293460","toID":"1293458","formEdgeID":null},{"edgeID":"1700614","fromID":"1293459","toID":"1293460","formEdgeID":null},{"edgeID":"1700615","fromID":"1293458","toID":"1293461","formEdgeID":null},{"edgeID":"1700616","fromID":"1293461","toID":"1293457","formEdgeID":null},{"edgeID":"1700617","fromID":"1293462","toID":"1293458","formEdgeID":null},{"edgeID":"1700618","fromID":"1293452","toID":"1293462","formEdgeID":null},{"edgeID":"1700619","fromID":"1293465","toID":"1293464","formEdgeID":null},{"edgeID":"1700620","fromID":"1293466","toID":"1293465","formEdgeID":null},{"edgeID":"1700621","fromID":"1293467","toID":"1293463","formEdgeID":null},{"edgeID":"1700622","fromID":"1293464","toID":"1293467","formEdgeID":null},{"edgeID":"1700623","fromID":"1293470","toID":"1293469","formEdgeID":null},{"edgeID":"1700624","fromID":"1293471","toID":"1293470","formEdgeID":null},{"edgeID":"1700625","fromID":"1293472","toID":"1293468","formEdgeID":null},{"edgeID":"1700626","fromID":"1293469","toID":"1293472","formEdgeID":null},{"edgeID":"1700627","fromID":"1293473","toID":"1293469","formEdgeID":null},{"edgeID":"1700628","fromID":"1293464","toID":"1293473","formEdgeID":null},{"edgeID":"1700629","fromID":"1293477","toID":"1293475","formEdgeID":null},{"edgeID":"1700630","fromID":"1293476","toID":"1293477","formEdgeID":null},{"edgeID":"1700631","fromID":"1293478","toID":"1293474","formEdgeID":null},{"edgeID":"1700632","fromID":"1293475","toID":"1293478","formEdgeID":null},{"edgeID":"1700633","fromID":"1293481","toID":"1293480","formEdgeID":null},{"edgeID":"1700634","fromID":"1293482","toID":"1293481","formEdgeID":null},{"edgeID":"1700635","fromID":"1293480","toID":"1293483","formEdgeID":null},{"edgeID":"1700636","fromID":"1293483","toID":"1293479","formEdgeID":null},{"edgeID":"1700637","fromID":"1293484","toID":"1293464","formEdgeID":null},{"edgeID":"1700638","fromID":"1293458","toID":"1293484","formEdgeID":null},{"edgeID":"1700639","fromID":"1293469","toID":"1293485","formEdgeID":null},{"edgeID":"1700640","fromID":"1293485","toID":"1293475","formEdgeID":null},{"edgeID":"1700641","fromID":"1293474","toID":"1293486","formEdgeID":null},{"edgeID":"1700642","fromID":"1293486","toID":"1293468","formEdgeID":null},{"edgeID":"1700643","fromID":"1293485","toID":"1293487","formEdgeID":null},{"edgeID":"1700644","fromID":"1293487","toID":"1293486","formEdgeID":null},{"edgeID":"1700645","fromID":"1293468","toID":"1293488","formEdgeID":null},{"edgeID":"1700646","fromID":"1293488","toID":"1293437","formEdgeID":null},{"edgeID":"1700647","fromID":"1293489","toID":"1293469","formEdgeID":null},{"edgeID":"1700648","fromID":"1293438","toID":"1293489","formEdgeID":null},{"edgeID":"1700649","fromID":"1293489","toID":"1293490","formEdgeID":null},{"edgeID":"1700650","fromID":"1293490","toID":"1293488","formEdgeID":null},{"edgeID":"1700651","fromID":"1293479","toID":"1293491","formEdgeID":null},{"edgeID":"1700652","fromID":"1293491","toID":"1293474","formEdgeID":null},{"edgeID":"1700653","fromID":"1293475","toID":"1293492","formEdgeID":null},{"edgeID":"1700654","fromID":"1293492","toID":"1293480","formEdgeID":null},{"edgeID":"1700655","fromID":"1293493","toID":"1293491","formEdgeID":null},{"edgeID":"1700656","fromID":"1293492","toID":"1293493","formEdgeID":null},{"edgeID":"1700657","fromID":"1293463","toID":"1293494","formEdgeID":null},{"edgeID":"1700658","fromID":"1293494","toID":"1293479","formEdgeID":null},{"edgeID":"1700659","fromID":"1293464","toID":"1293495","formEdgeID":null},{"edgeID":"1700660","fromID":"1293495","toID":"1293480","formEdgeID":null},{"edgeID":"1700661","fromID":"1293495","toID":"1293496","formEdgeID":null},{"edgeID":"1700662","fromID":"1293496","toID":"1293494","formEdgeID":null}],"locutions":[]}