{"nodes":[{"nodeID":"1297560","text":"we have to take very, very seriously the fact that Vladimir Putin doesn't just have deterrent nuclear weapons, he has in recent years got strategic nuclear weapons","type":"I","timestamp":"2023-11-09 12:51:59"},{"nodeID":"1297561","text":"Peter Kyle: We have to take very, very seriously the fact that he doesn't just have deterrent nuclear weapons, he has in recent years got strategic nuclear weapons","type":"L","timestamp":"2023-11-09 12:51:59"},{"nodeID":"1297562","text":"Analysing","type":"YA","timestamp":"2023-11-09 12:51:59"},{"nodeID":"1297563","text":"Dominika: Peter Kyle: We have to take very, very seriously the fact that he doesn't just have deterrent nuclear weapons, he has in recent years got strategic nuclear weapons","type":"L","timestamp":"2023-11-09 12:51:59"},{"nodeID":"1297564","text":"Asserting","type":"YA","timestamp":"2023-11-09 12:51:59"},{"nodeID":"1297565","text":"strategic nuclear weapons are things which should give us all pause for thought","type":"I","timestamp":"2023-11-09 12:52:00"},{"nodeID":"1297566","text":"Peter Kyle: These are things which should give us all pause for thought","type":"L","timestamp":"2023-11-09 12:52:00"},{"nodeID":"1297567","text":"Analysing","type":"YA","timestamp":"2023-11-09 12:52:00"},{"nodeID":"1297568","text":"Dominika: Peter Kyle: These are things which should give us all pause for thought","type":"L","timestamp":"2023-11-09 12:52:00"},{"nodeID":"1297569","text":"Asserting","type":"YA","timestamp":"2023-11-09 12:52:00"},{"nodeID":"1297570","text":"we have to recalibrate","type":"I","timestamp":"2023-11-09 12:52:01"},{"nodeID":"1297571","text":"Peter Kyle: We have to recalibrate","type":"L","timestamp":"2023-11-09 12:52:01"},{"nodeID":"1297572","text":"Analysing","type":"YA","timestamp":"2023-11-09 12:52:01"},{"nodeID":"1297573","text":"Dominika: Peter Kyle: We have to recalibrate","type":"L","timestamp":"2023-11-09 12:52:01"},{"nodeID":"1297574","text":"Asserting","type":"YA","timestamp":"2023-11-09 12:52:01"},{"nodeID":"1297575","text":"it is right that NATO, with the help of Britain and Britain playing a leading role is moving forces to reinforce the new boundaries","type":"I","timestamp":"2023-11-09 12:52:01"},{"nodeID":"1297576","text":"Peter Kyle: It is right that NATO, with the help of Britain and Britain playing a leading role is moving forces to reinforce the new boundaries","type":"L","timestamp":"2023-11-09 12:52:01"},{"nodeID":"1297577","text":"Analysing","type":"YA","timestamp":"2023-11-09 12:52:01"},{"nodeID":"1297578","text":"Dominika: Peter Kyle: It is right that NATO, with the help of Britain and Britain playing a leading role is moving forces to reinforce the new boundaries","type":"L","timestamp":"2023-11-09 12:52:01"},{"nodeID":"1297579","text":"Asserting","type":"YA","timestamp":"2023-11-09 12:52:01"},{"nodeID":"1297580","text":"NATO is moving forces to reinforce the new borders that are being drawn in Europe","type":"I","timestamp":"2023-11-09 12:52:02"},{"nodeID":"1297581","text":"Peter Kyle: the new borders that are being drawn in Europe","type":"L","timestamp":"2023-11-09 12:52:02"},{"nodeID":"1297582","text":"Analysing","type":"YA","timestamp":"2023-11-09 12:52:02"},{"nodeID":"1297583","text":"Dominika: Peter Kyle: the new borders that are being drawn in Europe","type":"L","timestamp":"2023-11-09 12:52:02"},{"nodeID":"1297584","text":"Asserting","type":"YA","timestamp":"2023-11-09 12:52:02"},{"nodeID":"1297585","text":"we have to prepare for that","type":"I","timestamp":"2023-11-09 12:52:03"},{"nodeID":"1297586","text":"Peter Kyle: We have to prepare for that","type":"L","timestamp":"2023-11-09 12:52:03"},{"nodeID":"1297587","text":"Analysing","type":"YA","timestamp":"2023-11-09 12:52:03"},{"nodeID":"1297588","text":"Dominika: Peter Kyle: We have to prepare for that","type":"L","timestamp":"2023-11-09 12:52:03"},{"nodeID":"1297589","text":"Asserting","type":"YA","timestamp":"2023-11-09 12:52:03"},{"nodeID":"1297590","text":"we have to do everything we can do to make sure","type":"I","timestamp":"2023-11-09 12:52:03"},{"nodeID":"1297591","text":"Peter Kyle: do everything we can do to make sure","type":"L","timestamp":"2023-11-09 12:52:03"},{"nodeID":"1297592","text":"Analysing","type":"YA","timestamp":"2023-11-09 12:52:03"},{"nodeID":"1297593","text":"Dominika: Peter Kyle: do everything we can do to make sure","type":"L","timestamp":"2023-11-09 12:52:03"},{"nodeID":"1297594","text":"Asserting","type":"YA","timestamp":"2023-11-09 12:52:03"},{"nodeID":"1297595","text":"our deterrent hasn't been so important and so needed for a very long time","type":"I","timestamp":"2023-11-09 12:52:04"},{"nodeID":"1297596","text":"Peter Kyle: our deterrent hasn't been so important and so needed for a very long time","type":"L","timestamp":"2023-11-09 12:52:04"},{"nodeID":"1297597","text":"Analysing","type":"YA","timestamp":"2023-11-09 12:52:04"},{"nodeID":"1297598","text":"Dominika: Peter Kyle: our deterrent hasn't been so important and so needed for a very long time","type":"L","timestamp":"2023-11-09 12:52:04"},{"nodeID":"1297599","text":"Asserting","type":"YA","timestamp":"2023-11-09 12:52:04"},{"nodeID":"1297600","text":"Default Transition","type":"TA","timestamp":"2023-11-09 12:52:04"},{"nodeID":"1297601","text":"Default Transition","type":"TA","timestamp":"2023-11-09 12:52:04"},{"nodeID":"1297602","text":"Default Transition","type":"TA","timestamp":"2023-11-09 12:52:04"},{"nodeID":"1297603","text":"Default Transition","type":"TA","timestamp":"2023-11-09 12:52:04"},{"nodeID":"1297604","text":"Default Rephrase","type":"MA","timestamp":"2023-11-09 12:52:04"},{"nodeID":"1297605","text":"Restating","type":"YA","timestamp":"2023-11-09 12:52:04"},{"nodeID":"1297606","text":"Default Transition","type":"TA","timestamp":"2023-11-09 12:52:04"},{"nodeID":"1297607","text":"Default Transition","type":"TA","timestamp":"2023-11-09 12:52:04"},{"nodeID":"1297608","text":"Default Transition","type":"TA","timestamp":"2023-11-09 12:52:04"},{"nodeID":"1297609","text":"Default Inference","type":"RA","timestamp":"2023-11-09 12:52:04"},{"nodeID":"1297610","text":"Arguing","type":"YA","timestamp":"2023-11-09 12:52:04"},{"nodeID":"1297611","text":"Default Inference","type":"RA","timestamp":"2023-11-09 12:52:04"},{"nodeID":"1297612","text":"Arguing","type":"YA","timestamp":"2023-11-09 12:52:04"}],"edges":[{"edgeID":"1705491","fromID":"1297562","toID":"1297561","formEdgeID":null},{"edgeID":"1705492","fromID":"1297563","toID":"1297562","formEdgeID":null},{"edgeID":"1705493","fromID":"1297561","toID":"1297564","formEdgeID":null},{"edgeID":"1705494","fromID":"1297564","toID":"1297560","formEdgeID":null},{"edgeID":"1705495","fromID":"1297567","toID":"1297566","formEdgeID":null},{"edgeID":"1705496","fromID":"1297568","toID":"1297567","formEdgeID":null},{"edgeID":"1705497","fromID":"1297566","toID":"1297569","formEdgeID":null},{"edgeID":"1705498","fromID":"1297569","toID":"1297565","formEdgeID":null},{"edgeID":"1705499","fromID":"1297572","toID":"1297571","formEdgeID":null},{"edgeID":"1705500","fromID":"1297573","toID":"1297572","formEdgeID":null},{"edgeID":"1705501","fromID":"1297571","toID":"1297574","formEdgeID":null},{"edgeID":"1705502","fromID":"1297574","toID":"1297570","formEdgeID":null},{"edgeID":"1705503","fromID":"1297577","toID":"1297576","formEdgeID":null},{"edgeID":"1705504","fromID":"1297578","toID":"1297577","formEdgeID":null},{"edgeID":"1705505","fromID":"1297576","toID":"1297579","formEdgeID":null},{"edgeID":"1705506","fromID":"1297579","toID":"1297575","formEdgeID":null},{"edgeID":"1705507","fromID":"1297582","toID":"1297581","formEdgeID":null},{"edgeID":"1705508","fromID":"1297583","toID":"1297582","formEdgeID":null},{"edgeID":"1705509","fromID":"1297581","toID":"1297584","formEdgeID":null},{"edgeID":"1705510","fromID":"1297584","toID":"1297580","formEdgeID":null},{"edgeID":"1705511","fromID":"1297587","toID":"1297586","formEdgeID":null},{"edgeID":"1705512","fromID":"1297588","toID":"1297587","formEdgeID":null},{"edgeID":"1705513","fromID":"1297586","toID":"1297589","formEdgeID":null},{"edgeID":"1705514","fromID":"1297589","toID":"1297585","formEdgeID":null},{"edgeID":"1705515","fromID":"1297592","toID":"1297591","formEdgeID":null},{"edgeID":"1705516","fromID":"1297593","toID":"1297592","formEdgeID":null},{"edgeID":"1705517","fromID":"1297591","toID":"1297594","formEdgeID":null},{"edgeID":"1705518","fromID":"1297594","toID":"1297590","formEdgeID":null},{"edgeID":"1705519","fromID":"1297597","toID":"1297596","formEdgeID":null},{"edgeID":"1705520","fromID":"1297598","toID":"1297597","formEdgeID":null},{"edgeID":"1705521","fromID":"1297596","toID":"1297599","formEdgeID":null},{"edgeID":"1705522","fromID":"1297599","toID":"1297595","formEdgeID":null},{"edgeID":"1705523","fromID":"1297561","toID":"1297600","formEdgeID":null},{"edgeID":"1705524","fromID":"1297600","toID":"1297566","formEdgeID":null},{"edgeID":"1705525","fromID":"1297566","toID":"1297601","formEdgeID":null},{"edgeID":"1705526","fromID":"1297601","toID":"1297571","formEdgeID":null},{"edgeID":"1705527","fromID":"1297571","toID":"1297602","formEdgeID":null},{"edgeID":"1705528","fromID":"1297602","toID":"1297576","formEdgeID":null},{"edgeID":"1705529","fromID":"1297576","toID":"1297603","formEdgeID":null},{"edgeID":"1705530","fromID":"1297603","toID":"1297581","formEdgeID":null},{"edgeID":"1705531","fromID":"1297580","toID":"1297604","formEdgeID":null},{"edgeID":"1705532","fromID":"1297604","toID":"1297575","formEdgeID":null},{"edgeID":"1705533","fromID":"1297603","toID":"1297605","formEdgeID":null},{"edgeID":"1705534","fromID":"1297605","toID":"1297604","formEdgeID":null},{"edgeID":"1705535","fromID":"1297581","toID":"1297606","formEdgeID":null},{"edgeID":"1705536","fromID":"1297606","toID":"1297586","formEdgeID":null},{"edgeID":"1705537","fromID":"1297586","toID":"1297607","formEdgeID":null},{"edgeID":"1705538","fromID":"1297607","toID":"1297591","formEdgeID":null},{"edgeID":"1705539","fromID":"1297591","toID":"1297608","formEdgeID":null},{"edgeID":"1705540","fromID":"1297608","toID":"1297596","formEdgeID":null},{"edgeID":"1705541","fromID":"1297565","toID":"1297609","formEdgeID":null},{"edgeID":"1705542","fromID":"1297609","toID":"1297570","formEdgeID":null},{"edgeID":"1705543","fromID":"1297601","toID":"1297610","formEdgeID":null},{"edgeID":"1705544","fromID":"1297610","toID":"1297609","formEdgeID":null},{"edgeID":"1705545","fromID":"1297565","toID":"1297611","formEdgeID":null},{"edgeID":"1705546","fromID":"1297611","toID":"1297560","formEdgeID":null},{"edgeID":"1705547","fromID":"1297600","toID":"1297612","formEdgeID":null},{"edgeID":"1705548","fromID":"1297612","toID":"1297611","formEdgeID":null}],"locutions":[]}