{"nodes":[{"nodeID":"1295167","text":"Vladimir Putin is a dangerous and terrible man","type":"I","timestamp":"2023-11-09 12:48:46"},{"nodeID":"1295168","text":"Kirsten Oswald: He's a dangerous and terrible man","type":"L","timestamp":"2023-11-09 12:48:46"},{"nodeID":"1295169","text":"Anon: Kirsten Oswald: He's a dangerous and terrible man","type":"L","timestamp":"2023-11-09 12:48:46"},{"nodeID":"1295170","text":"Vladimir Putin is bringing the worst kind of destruction to the people of Ukraine","type":"I","timestamp":"2023-11-09 12:48:47"},{"nodeID":"1295171","text":"Kirsten Oswald: who is, you know, bringing the worst kind of destruction to the people of Ukraine","type":"L","timestamp":"2023-11-09 12:48:47"},{"nodeID":"1295172","text":"Anon: Kirsten Oswald: who is, you know, bringing the worst kind of destruction to the people of Ukraine","type":"L","timestamp":"2023-11-09 12:48:47"},{"nodeID":"1295173","text":"we can all see that Vladimir Putin is a dangerous and terrible man who is bringing the worst kind of destruction to the people of Ukraine","type":"I","timestamp":"2023-11-09 12:48:47"},{"nodeID":"1295174","text":"Kirsten Oswald: we can all see","type":"L","timestamp":"2023-11-09 12:48:47"},{"nodeID":"1295175","text":"Anon: Kirsten Oswald: we can all see","type":"L","timestamp":"2023-11-09 12:48:47"},{"nodeID":"1295176","text":"we can do xxx more to deter Vladimir Putin","type":"I","timestamp":"2023-11-09 12:48:48"},{"nodeID":"1295177","text":"Fiona Bruce: what more can be done to deter him","type":"L","timestamp":"2023-11-09 12:48:48"},{"nodeID":"1295178","text":"Anon: Fiona Bruce: what more can be done to deter him","type":"L","timestamp":"2023-11-09 12:48:48"},{"nodeID":"1295179","text":"some of the things that are happening need to be amplified and moved on faster","type":"I","timestamp":"2023-11-09 12:48:48"},{"nodeID":"1295180","text":"Kirsten Oswald: Some of the things that are happening need to be amplified and moved on faster","type":"L","timestamp":"2023-11-09 12:48:48"},{"nodeID":"1295181","text":"Anon: Kirsten Oswald: Some of the things that are happening need to be amplified and moved on faster","type":"L","timestamp":"2023-11-09 12:48:48"},{"nodeID":"1295182","text":"there are still a number of loopholes in terms of the sanctions that have been put into place","type":"I","timestamp":"2023-11-09 12:48:49"},{"nodeID":"1295183","text":"Anon: Kirsten Oswald: there are still a number of loopholes in terms of the sanctions that have been put into place","type":"L","timestamp":"2023-11-09 12:48:49"},{"nodeID":"1295184","text":"Kirsten Oswald: there are still a number of loopholes in terms of the sanctions that have been put into place","type":"L","timestamp":"2023-11-09 12:48:49"},{"nodeID":"1295185","text":"some of the loopholes are because of a sort of a timing issue","type":"I","timestamp":"2023-11-09 12:48:50"},{"nodeID":"1295186","text":"Anon: Kirsten Oswald: Some of that is sort of a timing issue","type":"L","timestamp":"2023-11-09 12:48:50"},{"nodeID":"1295187","text":"Kirsten Oswald: Some of that is sort of a timing issue","type":"L","timestamp":"2023-11-09 12:48:50"},{"nodeID":"1295188","text":"we are giving people time to move assets because of xxx","type":"I","timestamp":"2023-11-09 12:48:50"},{"nodeID":"1295189","text":"Anon: Kirsten Oswald: Why are we giving people time to move assets","type":"L","timestamp":"2023-11-09 12:48:50"},{"nodeID":"1295190","text":"Kirsten Oswald: Why are we giving people time to move assets","type":"L","timestamp":"2023-11-09 12:48:50"},{"nodeID":"1295191","text":"we are not looking at the families of people of concern because of xxx","type":"I","timestamp":"2023-11-09 12:48:51"},{"nodeID":"1295192","text":"Kirsten Oswald: Why are we not looking at the families of people of concern","type":"L","timestamp":"2023-11-09 12:48:51"},{"nodeID":"1295193","text":"Anon: Kirsten Oswald: Why are we not looking at the families of people of concern","type":"L","timestamp":"2023-11-09 12:48:51"},{"nodeID":"1295194","text":"there aren't more people of concern because of xxx","type":"I","timestamp":"2023-11-09 12:48:51"},{"nodeID":"1295195","text":"Kirsten Oswald: Why aren't more people of concern","type":"L","timestamp":"2023-11-09 12:48:51"},{"nodeID":"1295196","text":"Anon: Kirsten Oswald: Why aren't more people of concern","type":"L","timestamp":"2023-11-09 12:48:51"},{"nodeID":"1295197","text":"Kirsten Oswald knows there has been significant movement in terms of sanctions","type":"I","timestamp":"2023-11-09 12:48:52"},{"nodeID":"1295198","text":"Anon: Kirsten Oswald: I know there has been significant movement there","type":"L","timestamp":"2023-11-09 12:48:52"},{"nodeID":"1295199","text":"Kirsten Oswald: I know there has been significant movement there","type":"L","timestamp":"2023-11-09 12:48:52"},{"nodeID":"1295200","text":"there needs to be significantly more movement in terms of sanctions","type":"I","timestamp":"2023-11-09 12:48:52"},{"nodeID":"1295201","text":"Anon: Kirsten Oswald: there needs to be significantly more movement there","type":"L","timestamp":"2023-11-09 12:48:52"},{"nodeID":"1295202","text":"Kirsten Oswald: there needs to be significantly more movement there","type":"L","timestamp":"2023-11-09 12:48:52"},{"nodeID":"1295203","text":"we need to look as broadly as possible at all of what concerns sanctions","type":"I","timestamp":"2023-11-09 12:48:53"},{"nodeID":"1295204","text":"Anon: Kirsten Oswald: we need to look as broadly as possible at all of that","type":"L","timestamp":"2023-11-09 12:48:53"},{"nodeID":"1295205","text":"Kirsten Oswald: we need to look as broadly as possible at all of that","type":"L","timestamp":"2023-11-09 12:48:53"},{"nodeID":"1295206","text":"whatever else we do, we should not be giving people who are propping Putin up and Putin himself an easy ride","type":"I","timestamp":"2023-11-09 12:48:54"},{"nodeID":"1295207","text":"Kirsten Oswald: whatever else we do, we should not be giving them and him an easy ride","type":"L","timestamp":"2023-11-09 12:48:54"},{"nodeID":"1295208","text":"Anon: Kirsten Oswald: whatever else we do, we should not be giving them and him an easy ride","type":"L","timestamp":"2023-11-09 12:48:54"},{"nodeID":"1295209","text":"people who are propping Putin up is not all the people in Russia","type":"I","timestamp":"2023-11-09 12:48:54"},{"nodeID":"1295210","text":"Kirsten Oswald:  it is not all the people in Russia","type":"L","timestamp":"2023-11-09 12:48:54"},{"nodeID":"1295211","text":"Anon: Kirsten Oswald:  it is not all the people in Russia","type":"L","timestamp":"2023-11-09 12:48:54"},{"nodeID":"1295212","text":"the fact that not all people in Russia are Vladimir Putin's supporters is absolutely right","type":"I","timestamp":"2023-11-09 12:48:55"},{"nodeID":"1295213","text":"Kirsten Oswald: the points that have been made about that are absolutely right","type":"L","timestamp":"2023-11-09 12:48:55"},{"nodeID":"1295214","text":"Anon: Kirsten Oswald: the points that have been made about that are absolutely right","type":"L","timestamp":"2023-11-09 12:48:55"},{"nodeID":"1295215","text":"we need to make it as uncomfortable as possible for the people who are at the top, the people who are propping Vladimir Putin up","type":"I","timestamp":"2023-11-09 12:48:55"},{"nodeID":"1295216","text":"Anon: Kirsten Oswald: We need to make it as uncomfortable as possible for the people who are at the top, the people who are propping Putin up","type":"L","timestamp":"2023-11-09 12:48:55"},{"nodeID":"1295217","text":"Kirsten Oswald: We need to make it as uncomfortable as possible for the people who are at the top, the people who are propping Putin up","type":"L","timestamp":"2023-11-09 12:48:55"},{"nodeID":"1295218","text":"Anon: Unknown Speaker: the points that have been made about that are absolutely right","type":"L","timestamp":"2023-11-09 12:48:55"},{"nodeID":"1295219","text":"Unknown Speaker: not all people in Russia are Vladimir Putin's supporters","type":"L","timestamp":"2023-11-09 12:48:55"},{"nodeID":"1295220","text":"with modern day communications we can see with our own eyes what is happening around us","type":"I","timestamp":"2023-11-09 12:48:56"},{"nodeID":"1295221","text":"Kirsten Oswald: that's the thing with modern day communications. We can see with our own eyes","type":"L","timestamp":"2023-11-09 12:48:56"},{"nodeID":"1295222","text":"Anon: Kirsten Oswald: that's the thing with modern day communications. We can see with our own eyes","type":"L","timestamp":"2023-11-09 12:48:56"},{"nodeID":"1295223","text":"Analysing","type":"YA","timestamp":"2023-11-09 12:48:56"},{"nodeID":"1295224","text":"Asserting","type":"YA","timestamp":"2023-11-09 12:48:56"},{"nodeID":"1295225","text":"Analysing","type":"YA","timestamp":"2023-11-09 12:48:56"},{"nodeID":"1295226","text":"Asserting","type":"YA","timestamp":"2023-11-09 12:48:56"},{"nodeID":"1295227","text":"Default Transition","type":"TA","timestamp":"2023-11-09 12:48:56"},{"nodeID":"1295228","text":"Analysing","type":"YA","timestamp":"2023-11-09 12:48:56"},{"nodeID":"1295229","text":"Asserting","type":"YA","timestamp":"2023-11-09 12:48:56"},{"nodeID":"1295230","text":"Default Transition","type":"TA","timestamp":"2023-11-09 12:48:56"},{"nodeID":"1295231","text":"Analysing","type":"YA","timestamp":"2023-11-09 12:48:56"},{"nodeID":"1295232","text":"Pure Questioning","type":"YA","timestamp":"2023-11-09 12:48:56"},{"nodeID":"1295233","text":"Analysing","type":"YA","timestamp":"2023-11-09 12:48:56"},{"nodeID":"1295234","text":"Asserting","type":"YA","timestamp":"2023-11-09 12:48:56"},{"nodeID":"1295235","text":"Default Transition","type":"TA","timestamp":"2023-11-09 12:48:56"},{"nodeID":"1295236","text":"Analysing","type":"YA","timestamp":"2023-11-09 12:48:56"},{"nodeID":"1295237","text":"Asserting","type":"YA","timestamp":"2023-11-09 12:48:56"},{"nodeID":"1295238","text":"Default Transition","type":"TA","timestamp":"2023-11-09 12:48:56"},{"nodeID":"1295239","text":"Analysing","type":"YA","timestamp":"2023-11-09 12:48:56"},{"nodeID":"1295240","text":"Asserting","type":"YA","timestamp":"2023-11-09 12:48:56"},{"nodeID":"1295241","text":"Default Transition","type":"TA","timestamp":"2023-11-09 12:48:56"},{"nodeID":"1295242","text":"Analysing","type":"YA","timestamp":"2023-11-09 12:48:56"},{"nodeID":"1295243","text":"Pure Questioning","type":"YA","timestamp":"2023-11-09 12:48:56"},{"nodeID":"1295244","text":"Analysing","type":"YA","timestamp":"2023-11-09 12:48:56"},{"nodeID":"1295245","text":"Pure Questioning","type":"YA","timestamp":"2023-11-09 12:48:56"},{"nodeID":"1295246","text":"Analysing","type":"YA","timestamp":"2023-11-09 12:48:56"},{"nodeID":"1295247","text":"Pure Questioning","type":"YA","timestamp":"2023-11-09 12:48:56"},{"nodeID":"1295248","text":"Analysing","type":"YA","timestamp":"2023-11-09 12:48:56"},{"nodeID":"1295249","text":"Asserting","type":"YA","timestamp":"2023-11-09 12:48:56"},{"nodeID":"1295250","text":"Analysing","type":"YA","timestamp":"2023-11-09 12:48:56"},{"nodeID":"1295251","text":"Asserting","type":"YA","timestamp":"2023-11-09 12:48:56"},{"nodeID":"1295252","text":"Asserting","type":"YA","timestamp":"2023-11-09 12:48:56"},{"nodeID":"1295253","text":"Analysing","type":"YA","timestamp":"2023-11-09 12:48:56"},{"nodeID":"1295254","text":"Analysing","type":"YA","timestamp":"2023-11-09 12:48:56"},{"nodeID":"1295255","text":"Asserting","type":"YA","timestamp":"2023-11-09 12:48:56"},{"nodeID":"1295256","text":"Analysing","type":"YA","timestamp":"2023-11-09 12:48:56"},{"nodeID":"1295257","text":"Asserting","type":"YA","timestamp":"2023-11-09 12:48:56"},{"nodeID":"1295258","text":"Analysing","type":"YA","timestamp":"2023-11-09 12:48:56"},{"nodeID":"1295259","text":"Default Transition","type":"TA","timestamp":"2023-11-09 12:48:56"},{"nodeID":"1295260","text":"Default Transition","type":"TA","timestamp":"2023-11-09 12:48:56"},{"nodeID":"1295261","text":"Default Transition","type":"TA","timestamp":"2023-11-09 12:48:56"},{"nodeID":"1295262","text":"Default Transition","type":"TA","timestamp":"2023-11-09 12:48:56"},{"nodeID":"1295263","text":"Default Transition","type":"TA","timestamp":"2023-11-09 12:48:56"},{"nodeID":"1295264","text":"Asserting","type":"YA","timestamp":"2023-11-09 12:48:56"},{"nodeID":"1295265","text":"Analysing","type":"YA","timestamp":"2023-11-09 12:48:56"},{"nodeID":"1295266","text":"Default Transition","type":"TA","timestamp":"2023-11-09 12:48:56"},{"nodeID":"1295267","text":"Default Transition","type":"TA","timestamp":"2023-11-09 12:48:56"},{"nodeID":"1295268","text":"Default Transition","type":"TA","timestamp":"2023-11-09 12:48:56"},{"nodeID":"1295269","text":"Analysing","type":"YA","timestamp":"2023-11-09 12:48:56"},{"nodeID":"1295270","text":"Asserting","type":"YA","timestamp":"2023-11-09 12:48:56"},{"nodeID":"1295271","text":"Asserting","type":"YA","timestamp":"2023-11-09 12:48:56"},{"nodeID":"1295272","text":"Restating","type":"YA","timestamp":"2023-11-09 12:48:56"},{"nodeID":"1295273","text":"Default Rephrase","type":"MA","timestamp":"2023-11-09 12:48:56"},{"nodeID":"1295274","text":"Default Inference","type":"RA","timestamp":"2023-11-09 12:48:56"},{"nodeID":"1295275","text":"Arguing","type":"YA","timestamp":"2023-11-09 12:48:56"},{"nodeID":"1295276","text":"Asserting","type":"YA","timestamp":"2023-11-09 12:48:56"},{"nodeID":"1295277","text":"Analysing","type":"YA","timestamp":"2023-11-09 12:48:56"},{"nodeID":"1295278","text":"Default Transition","type":"TA","timestamp":"2023-11-09 12:48:56"},{"nodeID":"1295279","text":"Default Rephrase","type":"MA","timestamp":"2023-11-09 12:48:56"},{"nodeID":"1295280","text":"Restating","type":"YA","timestamp":"2023-11-09 12:48:56"},{"nodeID":"1295281","text":"Default Transition","type":"TA","timestamp":"2023-11-09 12:48:56"},{"nodeID":"1295282","text":"Default Rephrase","type":"MA","timestamp":"2023-11-09 12:48:56"},{"nodeID":"1295283","text":"Default Illocuting","type":"YA","timestamp":"2023-11-09 12:48:56"},{"nodeID":"1295284","text":"Default Inference","type":"RA","timestamp":"2023-11-09 12:48:56"},{"nodeID":"1295285","text":"Arguing","type":"YA","timestamp":"2023-11-09 12:48:56"},{"nodeID":"1295286","text":"Default Inference","type":"RA","timestamp":"2023-11-09 12:48:56"},{"nodeID":"1295287","text":"Default Transition","type":"TA","timestamp":"2023-11-09 12:48:56"},{"nodeID":"1295288","text":"Arguing","type":"YA","timestamp":"2023-11-09 12:48:56"},{"nodeID":"1295289","text":"Default Rephrase","type":"MA","timestamp":"2023-11-09 12:48:56"},{"nodeID":"1295290","text":"Restating","type":"YA","timestamp":"2023-11-09 12:48:56"},{"nodeID":"1295291","text":"Default Rephrase","type":"MA","timestamp":"2023-11-09 12:48:56"},{"nodeID":"1295292","text":"Restating","type":"YA","timestamp":"2023-11-09 12:48:56"},{"nodeID":"1295293","text":"Default Transition","type":"TA","timestamp":"2023-11-09 12:48:56"},{"nodeID":"1295294","text":"Restating","type":"YA","timestamp":"2023-11-09 12:48:56"},{"nodeID":"1295295","text":"Default Inference","type":"RA","timestamp":"2023-11-09 12:48:56"},{"nodeID":"1295296","text":"Arguing","type":"YA","timestamp":"2023-11-09 12:48:56"},{"nodeID":"1295297","text":"Default Rephrase","type":"MA","timestamp":"2023-11-09 12:48:56"},{"nodeID":"1295298","text":"Default Conflict","type":"CA","timestamp":"2023-11-09 12:48:56"},{"nodeID":"1295299","text":"Restating","type":"YA","timestamp":"2023-11-09 12:48:56"},{"nodeID":"1295300","text":"Default Conflict","type":"CA","timestamp":"2023-11-09 12:48:56"},{"nodeID":"1295301","text":"Default Rephrase","type":"MA","timestamp":"2023-11-09 12:48:56"},{"nodeID":"1295302","text":"Default Transition","type":"TA","timestamp":"2023-11-09 12:48:56"},{"nodeID":"1295303","text":"Disagreeing","type":"YA","timestamp":"2023-11-09 12:48:56"},{"nodeID":"1295304","text":"Disagreeing","type":"YA","timestamp":"2023-11-09 12:48:56"}],"edges":[{"edgeID":"1702640","fromID":"1295223","toID":"1295168","formEdgeID":null},{"edgeID":"1702641","fromID":"1295168","toID":"1295224","formEdgeID":null},{"edgeID":"1702642","fromID":"1295169","toID":"1295223","formEdgeID":null},{"edgeID":"1702643","fromID":"1295224","toID":"1295167","formEdgeID":null},{"edgeID":"1702644","fromID":"1295225","toID":"1295171","formEdgeID":null},{"edgeID":"1702645","fromID":"1295172","toID":"1295225","formEdgeID":null},{"edgeID":"1702646","fromID":"1295171","toID":"1295226","formEdgeID":null},{"edgeID":"1702647","fromID":"1295226","toID":"1295170","formEdgeID":null},{"edgeID":"1702648","fromID":"1295227","toID":"1295171","formEdgeID":null},{"edgeID":"1702649","fromID":"1295228","toID":"1295174","formEdgeID":null},{"edgeID":"1702650","fromID":"1295168","toID":"1295227","formEdgeID":null},{"edgeID":"1702651","fromID":"1295175","toID":"1295228","formEdgeID":null},{"edgeID":"1702652","fromID":"1295174","toID":"1295229","formEdgeID":null},{"edgeID":"1702653","fromID":"1295229","toID":"1295173","formEdgeID":null},{"edgeID":"1702654","fromID":"1295171","toID":"1295230","formEdgeID":null},{"edgeID":"1702655","fromID":"1295230","toID":"1295174","formEdgeID":null},{"edgeID":"1702656","fromID":"1295231","toID":"1295177","formEdgeID":null},{"edgeID":"1702657","fromID":"1295178","toID":"1295231","formEdgeID":null},{"edgeID":"1702658","fromID":"1295177","toID":"1295232","formEdgeID":null},{"edgeID":"1702659","fromID":"1295232","toID":"1295176","formEdgeID":null},{"edgeID":"1702660","fromID":"1295233","toID":"1295180","formEdgeID":null},{"edgeID":"1702661","fromID":"1295181","toID":"1295233","formEdgeID":null},{"edgeID":"1702662","fromID":"1295180","toID":"1295234","formEdgeID":null},{"edgeID":"1702663","fromID":"1295234","toID":"1295179","formEdgeID":null},{"edgeID":"1702664","fromID":"1295177","toID":"1295235","formEdgeID":null},{"edgeID":"1702665","fromID":"1295235","toID":"1295180","formEdgeID":null},{"edgeID":"1702666","fromID":"1295236","toID":"1295184","formEdgeID":null},{"edgeID":"1702667","fromID":"1295183","toID":"1295236","formEdgeID":null},{"edgeID":"1702668","fromID":"1295184","toID":"1295237","formEdgeID":null},{"edgeID":"1702669","fromID":"1295237","toID":"1295182","formEdgeID":null},{"edgeID":"1702670","fromID":"1295180","toID":"1295238","formEdgeID":null},{"edgeID":"1702671","fromID":"1295238","toID":"1295184","formEdgeID":null},{"edgeID":"1702672","fromID":"1295239","toID":"1295187","formEdgeID":null},{"edgeID":"1702673","fromID":"1295186","toID":"1295239","formEdgeID":null},{"edgeID":"1702674","fromID":"1295187","toID":"1295240","formEdgeID":null},{"edgeID":"1702675","fromID":"1295240","toID":"1295185","formEdgeID":null},{"edgeID":"1702676","fromID":"1295184","toID":"1295241","formEdgeID":null},{"edgeID":"1702677","fromID":"1295242","toID":"1295190","formEdgeID":null},{"edgeID":"1702678","fromID":"1295189","toID":"1295242","formEdgeID":null},{"edgeID":"1702679","fromID":"1295190","toID":"1295243","formEdgeID":null},{"edgeID":"1702680","fromID":"1295241","toID":"1295187","formEdgeID":null},{"edgeID":"1702681","fromID":"1295243","toID":"1295188","formEdgeID":null},{"edgeID":"1702682","fromID":"1295244","toID":"1295192","formEdgeID":null},{"edgeID":"1702683","fromID":"1295193","toID":"1295244","formEdgeID":null},{"edgeID":"1702684","fromID":"1295192","toID":"1295245","formEdgeID":null},{"edgeID":"1702685","fromID":"1295245","toID":"1295191","formEdgeID":null},{"edgeID":"1702686","fromID":"1295246","toID":"1295195","formEdgeID":null},{"edgeID":"1702687","fromID":"1295196","toID":"1295246","formEdgeID":null},{"edgeID":"1702688","fromID":"1295195","toID":"1295247","formEdgeID":null},{"edgeID":"1702689","fromID":"1295247","toID":"1295194","formEdgeID":null},{"edgeID":"1702690","fromID":"1295248","toID":"1295199","formEdgeID":null},{"edgeID":"1702691","fromID":"1295198","toID":"1295248","formEdgeID":null},{"edgeID":"1702692","fromID":"1295199","toID":"1295249","formEdgeID":null},{"edgeID":"1702693","fromID":"1295249","toID":"1295197","formEdgeID":null},{"edgeID":"1702694","fromID":"1295250","toID":"1295202","formEdgeID":null},{"edgeID":"1702695","fromID":"1295201","toID":"1295250","formEdgeID":null},{"edgeID":"1702696","fromID":"1295202","toID":"1295251","formEdgeID":null},{"edgeID":"1702697","fromID":"1295251","toID":"1295200","formEdgeID":null},{"edgeID":"1702698","fromID":"1295204","toID":"1295253","formEdgeID":null},{"edgeID":"1702699","fromID":"1295253","toID":"1295205","formEdgeID":null},{"edgeID":"1702700","fromID":"1295205","toID":"1295252","formEdgeID":null},{"edgeID":"1702701","fromID":"1295252","toID":"1295203","formEdgeID":null},{"edgeID":"1702702","fromID":"1295254","toID":"1295207","formEdgeID":null},{"edgeID":"1702703","fromID":"1295208","toID":"1295254","formEdgeID":null},{"edgeID":"1702704","fromID":"1295207","toID":"1295255","formEdgeID":null},{"edgeID":"1702705","fromID":"1295255","toID":"1295206","formEdgeID":null},{"edgeID":"1702706","fromID":"1295256","toID":"1295210","formEdgeID":null},{"edgeID":"1702707","fromID":"1295211","toID":"1295256","formEdgeID":null},{"edgeID":"1702708","fromID":"1295210","toID":"1295257","formEdgeID":null},{"edgeID":"1702709","fromID":"1295258","toID":"1295213","formEdgeID":null},{"edgeID":"1702710","fromID":"1295257","toID":"1295209","formEdgeID":null},{"edgeID":"1702711","fromID":"1295214","toID":"1295258","formEdgeID":null},{"edgeID":"1702712","fromID":"1295187","toID":"1295261","formEdgeID":null},{"edgeID":"1702713","fromID":"1295261","toID":"1295190","formEdgeID":null},{"edgeID":"1702714","fromID":"1295190","toID":"1295260","formEdgeID":null},{"edgeID":"1702715","fromID":"1295260","toID":"1295192","formEdgeID":null},{"edgeID":"1702716","fromID":"1295192","toID":"1295259","formEdgeID":null},{"edgeID":"1702717","fromID":"1295259","toID":"1295195","formEdgeID":null},{"edgeID":"1702718","fromID":"1295195","toID":"1295262","formEdgeID":null},{"edgeID":"1702719","fromID":"1295262","toID":"1295199","formEdgeID":null},{"edgeID":"1702720","fromID":"1295263","toID":"1295205","formEdgeID":null},{"edgeID":"1702721","fromID":"1295202","toID":"1295263","formEdgeID":null},{"edgeID":"1702722","fromID":"1295265","toID":"1295217","formEdgeID":null},{"edgeID":"1702723","fromID":"1295216","toID":"1295265","formEdgeID":null},{"edgeID":"1702724","fromID":"1295217","toID":"1295264","formEdgeID":null},{"edgeID":"1702725","fromID":"1295264","toID":"1295215","formEdgeID":null},{"edgeID":"1702726","fromID":"1295217","toID":"1295267","formEdgeID":null},{"edgeID":"1702727","fromID":"1295267","toID":"1295207","formEdgeID":null},{"edgeID":"1702728","fromID":"1295207","toID":"1295266","formEdgeID":null},{"edgeID":"1702729","fromID":"1295266","toID":"1295210","formEdgeID":null},{"edgeID":"1702730","fromID":"1295210","toID":"1295268","formEdgeID":null},{"edgeID":"1702731","fromID":"1295268","toID":"1295213","formEdgeID":null},{"edgeID":"1702732","fromID":"1295269","toID":"1295219","formEdgeID":null},{"edgeID":"1702733","fromID":"1295218","toID":"1295269","formEdgeID":null},{"edgeID":"1702734","fromID":"1295213","toID":"1295271","formEdgeID":null},{"edgeID":"1702735","fromID":"1295271","toID":"1295219","formEdgeID":null},{"edgeID":"1702736","fromID":"1295270","toID":"1295212","formEdgeID":null},{"edgeID":"1702737","fromID":"1295219","toID":"1295270","formEdgeID":null},{"edgeID":"1702738","fromID":"1295170","toID":"1295274","formEdgeID":null},{"edgeID":"1702739","fromID":"1295274","toID":"1295167","formEdgeID":null},{"edgeID":"1702740","fromID":"1295273","toID":"1295170","formEdgeID":null},{"edgeID":"1702741","fromID":"1295173","toID":"1295273","formEdgeID":null},{"edgeID":"1702742","fromID":"1295230","toID":"1295272","formEdgeID":null},{"edgeID":"1702743","fromID":"1295272","toID":"1295273","formEdgeID":null},{"edgeID":"1702744","fromID":"1295275","toID":"1295274","formEdgeID":null},{"edgeID":"1702745","fromID":"1295227","toID":"1295275","formEdgeID":null},{"edgeID":"1702746","fromID":"1295277","toID":"1295221","formEdgeID":null},{"edgeID":"1702747","fromID":"1295221","toID":"1295276","formEdgeID":null},{"edgeID":"1702748","fromID":"1295222","toID":"1295277","formEdgeID":null},{"edgeID":"1702749","fromID":"1295174","toID":"1295278","formEdgeID":null},{"edgeID":"1702750","fromID":"1295278","toID":"1295221","formEdgeID":null},{"edgeID":"1702751","fromID":"1295276","toID":"1295220","formEdgeID":null},{"edgeID":"1702752","fromID":"1295220","toID":"1295279","formEdgeID":null},{"edgeID":"1702753","fromID":"1295280","toID":"1295279","formEdgeID":null},{"edgeID":"1702754","fromID":"1295278","toID":"1295280","formEdgeID":null},{"edgeID":"1702755","fromID":"1295279","toID":"1295173","formEdgeID":null},{"edgeID":"1702756","fromID":"1295221","toID":"1295281","formEdgeID":null},{"edgeID":"1702757","fromID":"1295281","toID":"1295177","formEdgeID":null},{"edgeID":"1702758","fromID":"1295179","toID":"1295282","formEdgeID":null},{"edgeID":"1702759","fromID":"1295282","toID":"1295176","formEdgeID":null},{"edgeID":"1702760","fromID":"1295235","toID":"1295283","formEdgeID":null},{"edgeID":"1702761","fromID":"1295283","toID":"1295282","formEdgeID":null},{"edgeID":"1702762","fromID":"1295182","toID":"1295284","formEdgeID":null},{"edgeID":"1702763","fromID":"1295284","toID":"1295179","formEdgeID":null},{"edgeID":"1702764","fromID":"1295285","toID":"1295284","formEdgeID":null},{"edgeID":"1702765","fromID":"1295238","toID":"1295285","formEdgeID":null},{"edgeID":"1702766","fromID":"1295185","toID":"1295286","formEdgeID":null},{"edgeID":"1702767","fromID":"1295241","toID":"1295288","formEdgeID":null},{"edgeID":"1702768","fromID":"1295286","toID":"1295182","formEdgeID":null},{"edgeID":"1702769","fromID":"1295288","toID":"1295286","formEdgeID":null},{"edgeID":"1702770","fromID":"1295289","toID":"1295179","formEdgeID":null},{"edgeID":"1702771","fromID":"1295200","toID":"1295289","formEdgeID":null},{"edgeID":"1702772","fromID":"1295180","toID":"1295287","formEdgeID":null},{"edgeID":"1702773","fromID":"1295287","toID":"1295202","formEdgeID":null},{"edgeID":"1702774","fromID":"1295287","toID":"1295290","formEdgeID":null},{"edgeID":"1702775","fromID":"1295290","toID":"1295289","formEdgeID":null},{"edgeID":"1702776","fromID":"1295203","toID":"1295291","formEdgeID":null},{"edgeID":"1702777","fromID":"1295291","toID":"1295200","formEdgeID":null},{"edgeID":"1702778","fromID":"1295263","toID":"1295292","formEdgeID":null},{"edgeID":"1702779","fromID":"1295292","toID":"1295291","formEdgeID":null},{"edgeID":"1702780","fromID":"1295215","toID":"1295295","formEdgeID":null},{"edgeID":"1702781","fromID":"1295295","toID":"1295200","formEdgeID":null},{"edgeID":"1702782","fromID":"1295293","toID":"1295217","formEdgeID":null},{"edgeID":"1702783","fromID":"1295293","toID":"1295296","formEdgeID":null},{"edgeID":"1702784","fromID":"1295202","toID":"1295293","formEdgeID":null},{"edgeID":"1702785","fromID":"1295296","toID":"1295295","formEdgeID":null},{"edgeID":"1702786","fromID":"1295206","toID":"1295297","formEdgeID":null},{"edgeID":"1702787","fromID":"1295297","toID":"1295215","formEdgeID":null},{"edgeID":"1702788","fromID":"1295267","toID":"1295294","formEdgeID":null},{"edgeID":"1702789","fromID":"1295294","toID":"1295297","formEdgeID":null},{"edgeID":"1702790","fromID":"1295209","toID":"1295298","formEdgeID":null},{"edgeID":"1702791","fromID":"1295298","toID":"1295206","formEdgeID":null},{"edgeID":"1702792","fromID":"1295266","toID":"1295303","formEdgeID":null},{"edgeID":"1702793","fromID":"1295303","toID":"1295298","formEdgeID":null},{"edgeID":"1702794","fromID":"1295301","toID":"1295209","formEdgeID":null},{"edgeID":"1702795","fromID":"1295268","toID":"1295299","formEdgeID":null},{"edgeID":"1702796","fromID":"1295212","toID":"1295301","formEdgeID":null},{"edgeID":"1702797","fromID":"1295299","toID":"1295301","formEdgeID":null},{"edgeID":"1702798","fromID":"1295200","toID":"1295300","formEdgeID":null},{"edgeID":"1702799","fromID":"1295300","toID":"1295197","formEdgeID":null},{"edgeID":"1702800","fromID":"1295199","toID":"1295302","formEdgeID":null},{"edgeID":"1702801","fromID":"1295302","toID":"1295202","formEdgeID":null},{"edgeID":"1702802","fromID":"1295302","toID":"1295304","formEdgeID":null},{"edgeID":"1702803","fromID":"1295304","toID":"1295300","formEdgeID":null}],"locutions":[]}