{"nodes":[{"nodeID":"1297674","text":"if pushed, Putin will or will not use nuclear weapons","type":"I","timestamp":"2023-11-09 12:52:09"},{"nodeID":"1297675","text":"AudienceMember 20220310QT31: If pushed, do you think Putin will use nuclear weapons","type":"L","timestamp":"2023-11-09 12:52:09"},{"nodeID":"1297676","text":"Analysing","type":"YA","timestamp":"2023-11-09 12:52:09"},{"nodeID":"1297677","text":"Nicole: AudienceMember 20220310QT31: If pushed, do you think Putin will use nuclear weapons","type":"L","timestamp":"2023-11-09 12:52:09"},{"nodeID":"1297678","text":"Pure Questioning","type":"YA","timestamp":"2023-11-09 12:52:09"},{"nodeID":"1297679","text":"100% if pushed Putin will use nuclear weapons","type":"I","timestamp":"2023-11-09 12:52:10"},{"nodeID":"1297680","text":"Konstantin Kisin: 100%","type":"L","timestamp":"2023-11-09 12:52:10"},{"nodeID":"1297681","text":"Analysing","type":"YA","timestamp":"2023-11-09 12:52:10"},{"nodeID":"1297682","text":"Nicole: Konstantin Kisin: 100%","type":"L","timestamp":"2023-11-09 12:52:10"},{"nodeID":"1297683","text":"Asserting","type":"YA","timestamp":"2023-11-09 12:52:10"},{"nodeID":"1297684","text":"Default Transition","type":"TA","timestamp":"2023-11-09 12:52:10"},{"nodeID":"1297685","text":"Default Rephrase","type":"MA","timestamp":"2023-11-09 12:52:10"},{"nodeID":"1297686","text":"Default Illocuting","type":"YA","timestamp":"2023-11-09 12:52:10"},{"nodeID":"1297687","text":"Fiona Bruce: 100%","type":"L","timestamp":"2023-11-09 12:52:10"},{"nodeID":"1297688","text":"Analysing","type":"YA","timestamp":"2023-11-09 12:52:10"},{"nodeID":"1297689","text":"Nicole: Fiona Bruce: 100%","type":"L","timestamp":"2023-11-09 12:52:10"},{"nodeID":"1297690","text":"Assertive Questioning","type":"YA","timestamp":"2023-11-09 12:52:10"},{"nodeID":"1297691","text":"Default Transition","type":"TA","timestamp":"2023-11-09 12:52:10"},{"nodeID":"1297692","text":"Default Rephrase","type":"MA","timestamp":"2023-11-09 12:52:10"},{"nodeID":"1297693","text":"Restating","type":"YA","timestamp":"2023-11-09 12:52:10"},{"nodeID":"1297694","text":"of course, Putin will use nuclear weapons","type":"I","timestamp":"2023-11-09 12:52:11"},{"nodeID":"1297695","text":"Konstantin Kisin: of course, he will use nuclear weapons","type":"L","timestamp":"2023-11-09 12:52:11"},{"nodeID":"1297696","text":"Analysing","type":"YA","timestamp":"2023-11-09 12:52:11"},{"nodeID":"1297697","text":"Nicole: Konstantin Kisin: of course, he will use nuclear weapons","type":"L","timestamp":"2023-11-09 12:52:11"},{"nodeID":"1297698","text":"Asserting","type":"YA","timestamp":"2023-11-09 12:52:11"},{"nodeID":"1297699","text":"if Putin feels his life is on the line","type":"I","timestamp":"2023-11-09 12:52:11"},{"nodeID":"1297700","text":"Konstantin Kisin: If he feels his life is on the line","type":"L","timestamp":"2023-11-09 12:52:11"},{"nodeID":"1297701","text":"Analysing","type":"YA","timestamp":"2023-11-09 12:52:11"},{"nodeID":"1297702","text":"Nicole: Konstantin Kisin: If he feels his life is on the line","type":"L","timestamp":"2023-11-09 12:52:11"},{"nodeID":"1297703","text":"Asserting","type":"YA","timestamp":"2023-11-09 12:52:11"},{"nodeID":"1297704","text":"Default Transition","type":"TA","timestamp":"2023-11-09 12:52:11"},{"nodeID":"1297705","text":"Default Transition","type":"TA","timestamp":"2023-11-09 12:52:11"},{"nodeID":"1297706","text":"Default Inference","type":"RA","timestamp":"2023-11-09 12:52:11"},{"nodeID":"1297707","text":"Arguing","type":"YA","timestamp":"2023-11-09 12:52:11"},{"nodeID":"1297708","text":"Default Inference","type":"RA","timestamp":"2023-11-09 12:52:11"},{"nodeID":"1297709","text":"Arguing","type":"YA","timestamp":"2023-11-09 12:52:11"},{"nodeID":"1297710","text":"if Putin thought the war wasn't going his way","type":"I","timestamp":"2023-11-09 12:52:12"},{"nodeID":"1297711","text":"Fiona Bruce: If he thought the war wasn't going his way","type":"L","timestamp":"2023-11-09 12:52:12"},{"nodeID":"1297712","text":"Analysing","type":"YA","timestamp":"2023-11-09 12:52:12"},{"nodeID":"1297713","text":"Nicole: Fiona Bruce: If he thought the war wasn't going his way","type":"L","timestamp":"2023-11-09 12:52:12"},{"nodeID":"1297714","text":"Assertive Questioning","type":"YA","timestamp":"2023-11-09 12:52:12"},{"nodeID":"1297715","text":"Default Transition","type":"TA","timestamp":"2023-11-09 12:52:12"},{"nodeID":"1297716","text":"NATO got involved","type":"I","timestamp":"2023-11-09 12:52:12"},{"nodeID":"1297717","text":"Konstantin Kisin: NATO got involved","type":"L","timestamp":"2023-11-09 12:52:12"},{"nodeID":"1297718","text":"Analysing","type":"YA","timestamp":"2023-11-09 12:52:12"},{"nodeID":"1297719","text":"Nicole: Konstantin Kisin: NATO got involved","type":"L","timestamp":"2023-11-09 12:52:12"},{"nodeID":"1297720","text":"Asserting","type":"YA","timestamp":"2023-11-09 12:52:12"},{"nodeID":"1297721","text":"Default Transition","type":"TA","timestamp":"2023-11-09 12:52:12"},{"nodeID":"1297722","text":"Bridget Kendall has the advantage, having met Putin","type":"I","timestamp":"2023-11-09 12:52:13"},{"nodeID":"1297723","text":"Fiona Bruce: Bridget, you have the advantage, having met the man","type":"L","timestamp":"2023-11-09 12:52:13"},{"nodeID":"1297724","text":"Analysing","type":"YA","timestamp":"2023-11-09 12:52:13"},{"nodeID":"1297725","text":"Nicole: Fiona Bruce: Bridget, you have the advantage, having met the man","type":"L","timestamp":"2023-11-09 12:52:13"},{"nodeID":"1297726","text":"Asserting","type":"YA","timestamp":"2023-11-09 12:52:13"},{"nodeID":"1297727","text":"Default Transition","type":"TA","timestamp":"2023-11-09 12:52:13"},{"nodeID":"1297728","text":"Bridget Kendall's not sure Putin who she met in 2001 and 2006, well, you know, a while ago, is quite the man who is in charge now","type":"I","timestamp":"2023-11-09 12:52:14"},{"nodeID":"1297729","text":"Bridget Kendall: I'm not sure the man who I met in 2001 and 2006, well, you know, a while ago, is quite the man who is in charge now","type":"L","timestamp":"2023-11-09 12:52:14"},{"nodeID":"1297730","text":"Analysing","type":"YA","timestamp":"2023-11-09 12:52:14"},{"nodeID":"1297731","text":"Nicole: Bridget Kendall: I'm not sure the man who I met in 2001 and 2006, well, you know, a while ago, is quite the man who is in charge now","type":"L","timestamp":"2023-11-09 12:52:14"},{"nodeID":"1297732","text":"Asserting","type":"YA","timestamp":"2023-11-09 12:52:14"},{"nodeID":"1297733","text":"Default Transition","type":"TA","timestamp":"2023-11-09 12:52:14"},{"nodeID":"1297734","text":"Default Conflict","type":"CA","timestamp":"2023-11-09 12:52:14"},{"nodeID":"1297735","text":"Disagreeing","type":"YA","timestamp":"2023-11-09 12:52:14"},{"nodeID":"1297736","text":"Bridget Kendall never thought Putin would do what he has done in the last two weeks","type":"I","timestamp":"2023-11-09 12:52:14"},{"nodeID":"1297737","text":"Bridget Kendall: I never thought he'd do what he has done in the last two weeks","type":"L","timestamp":"2023-11-09 12:52:14"},{"nodeID":"1297738","text":"Analysing","type":"YA","timestamp":"2023-11-09 12:52:14"},{"nodeID":"1297739","text":"Nicole: Bridget Kendall: I never thought he'd do what he has done in the last two weeks","type":"L","timestamp":"2023-11-09 12:52:14"},{"nodeID":"1297740","text":"Asserting","type":"YA","timestamp":"2023-11-09 12:52:14"},{"nodeID":"1297741","text":"Default Transition","type":"TA","timestamp":"2023-11-09 12:52:14"},{"nodeID":"1297742","text":"Default Inference","type":"RA","timestamp":"2023-11-09 12:52:14"},{"nodeID":"1297743","text":"Arguing","type":"YA","timestamp":"2023-11-09 12:52:14"},{"nodeID":"1297744","text":"Putin was more rational than that","type":"I","timestamp":"2023-11-09 12:52:15"},{"nodeID":"1297745","text":"Bridget Kendall: he was more rational than that","type":"L","timestamp":"2023-11-09 12:52:15"},{"nodeID":"1297746","text":"Analysing","type":"YA","timestamp":"2023-11-09 12:52:15"},{"nodeID":"1297747","text":"Nicole: Bridget Kendall: he was more rational than that","type":"L","timestamp":"2023-11-09 12:52:15"},{"nodeID":"1297748","text":"Asserting","type":"YA","timestamp":"2023-11-09 12:52:15"},{"nodeID":"1297749","text":"Default Transition","type":"TA","timestamp":"2023-11-09 12:52:15"},{"nodeID":"1297750","text":"Default Inference","type":"RA","timestamp":"2023-11-09 12:52:15"},{"nodeID":"1297751","text":"Arguing","type":"YA","timestamp":"2023-11-09 12:52:15"},{"nodeID":"1297752","text":"that's not very encouraging","type":"I","timestamp":"2023-11-09 12:52:16"},{"nodeID":"1297753","text":"Bridget Kendall: that's not very encouraging, is it","type":"L","timestamp":"2023-11-09 12:52:16"},{"nodeID":"1297754","text":"Analysing","type":"YA","timestamp":"2023-11-09 12:52:16"},{"nodeID":"1297755","text":"Nicole: Bridget Kendall: that's not very encouraging, is it","type":"L","timestamp":"2023-11-09 12:52:16"},{"nodeID":"1297756","text":"Assertive Questioning","type":"YA","timestamp":"2023-11-09 12:52:16"},{"nodeID":"1297757","text":"Default Transition","type":"TA","timestamp":"2023-11-09 12:52:16"},{"nodeID":"1297758","text":"Default Inference","type":"RA","timestamp":"2023-11-09 12:52:16"},{"nodeID":"1297759","text":"Arguing","type":"YA","timestamp":"2023-11-09 12:52:16"},{"nodeID":"1297760","text":"maybe Putin would press the button","type":"I","timestamp":"2023-11-09 12:52:16"},{"nodeID":"1297761","text":"Bridget Kendall: maybe he would press the button","type":"L","timestamp":"2023-11-09 12:52:16"},{"nodeID":"1297762","text":"Analysing","type":"YA","timestamp":"2023-11-09 12:52:16"},{"nodeID":"1297763","text":"Nicole: Bridget Kendall: maybe he would press the button","type":"L","timestamp":"2023-11-09 12:52:16"},{"nodeID":"1297764","text":"Asserting","type":"YA","timestamp":"2023-11-09 12:52:16"},{"nodeID":"1297765","text":"Putin's not very rational","type":"I","timestamp":"2023-11-09 12:52:17"},{"nodeID":"1297766","text":"Bridget Kendall: he's not very rational","type":"L","timestamp":"2023-11-09 12:52:17"},{"nodeID":"1297767","text":"Analysing","type":"YA","timestamp":"2023-11-09 12:52:17"},{"nodeID":"1297768","text":"Nicole: Bridget Kendall: he's not very rational","type":"L","timestamp":"2023-11-09 12:52:17"},{"nodeID":"1297769","text":"Asserting","type":"YA","timestamp":"2023-11-09 12:52:17"},{"nodeID":"1297770","text":"Default Transition","type":"TA","timestamp":"2023-11-09 12:52:17"},{"nodeID":"1297771","text":"Default Inference","type":"RA","timestamp":"2023-11-09 12:52:17"},{"nodeID":"1297772","text":"Default Transition","type":"TA","timestamp":"2023-11-09 12:52:17"},{"nodeID":"1297773","text":"Arguing","type":"YA","timestamp":"2023-11-09 12:52:17"},{"nodeID":"1297774","text":"there would be people around Putin who would think he's crazy","type":"I","timestamp":"2023-11-09 12:52:17"},{"nodeID":"1297775","text":"Bridget Kendall: there would be people around him who would think he's crazy","type":"L","timestamp":"2023-11-09 12:52:17"},{"nodeID":"1297776","text":"Analysing","type":"YA","timestamp":"2023-11-09 12:52:17"},{"nodeID":"1297777","text":"Nicole: Bridget Kendall: there would be people around him who would think he's crazy","type":"L","timestamp":"2023-11-09 12:52:17"},{"nodeID":"1297778","text":"Asserting","type":"YA","timestamp":"2023-11-09 12:52:17"},{"nodeID":"1297779","text":"Default Transition","type":"TA","timestamp":"2023-11-09 12:52:17"},{"nodeID":"1297780","text":"Default Conflict","type":"CA","timestamp":"2023-11-09 12:52:17"},{"nodeID":"1297781","text":"Disagreeing","type":"YA","timestamp":"2023-11-09 12:52:17"},{"nodeID":"1297782","text":"we've got to stop Putin","type":"I","timestamp":"2023-11-09 12:52:18"},{"nodeID":"1297783","text":"Bridget Kendall: We've got to stop him","type":"L","timestamp":"2023-11-09 12:52:18"},{"nodeID":"1297784","text":"Analysing","type":"YA","timestamp":"2023-11-09 12:52:18"},{"nodeID":"1297785","text":"Nicole: Bridget Kendall: We've got to stop him","type":"L","timestamp":"2023-11-09 12:52:18"},{"nodeID":"1297786","text":"Asserting","type":"YA","timestamp":"2023-11-09 12:52:18"},{"nodeID":"1297787","text":"Default Transition","type":"TA","timestamp":"2023-11-09 12:52:18"},{"nodeID":"1297788","text":"there are a lot of people in Russia who are rational","type":"I","timestamp":"2023-11-09 12:52:19"},{"nodeID":"1297789","text":"Bridget Kendall: there are a lot of people in Russia who are rational","type":"L","timestamp":"2023-11-09 12:52:19"},{"nodeID":"1297790","text":"Analysing","type":"YA","timestamp":"2023-11-09 12:52:19"},{"nodeID":"1297791","text":"Nicole: Bridget Kendall: there are a lot of people in Russia who are rational","type":"L","timestamp":"2023-11-09 12:52:19"},{"nodeID":"1297792","text":"Asserting","type":"YA","timestamp":"2023-11-09 12:52:19"},{"nodeID":"1297793","text":"Default Transition","type":"TA","timestamp":"2023-11-09 12:52:19"},{"nodeID":"1297794","text":"Default Inference","type":"RA","timestamp":"2023-11-09 12:52:19"},{"nodeID":"1297795","text":"Arguing","type":"YA","timestamp":"2023-11-09 12:52:19"},{"nodeID":"1297796","text":"Konstantin doesn't agree with Bridget Kendall","type":"I","timestamp":"2023-11-09 12:52:19"},{"nodeID":"1297797","text":"Bridget Kendall: Konstantin doesn't agree with me","type":"L","timestamp":"2023-11-09 12:52:19"},{"nodeID":"1297798","text":"Analysing","type":"YA","timestamp":"2023-11-09 12:52:19"},{"nodeID":"1297799","text":"Nicole: Bridget Kendall: Konstantin doesn't agree with me","type":"L","timestamp":"2023-11-09 12:52:19"},{"nodeID":"1297800","text":"Asserting","type":"YA","timestamp":"2023-11-09 12:52:19"},{"nodeID":"1297801","text":"Default Transition","type":"TA","timestamp":"2023-11-09 12:52:19"},{"nodeID":"1297802","text":"Konstantin Kisin thinks Putin's got enough control that he would be allowed to do something quite as mad as that","type":"I","timestamp":"2023-11-09 12:52:20"},{"nodeID":"1297803","text":"Bridget Kendall: He thinks he's got enough control that he would be allowed to do something quite as mad as that","type":"L","timestamp":"2023-11-09 12:52:20"},{"nodeID":"1297804","text":"Analysing","type":"YA","timestamp":"2023-11-09 12:52:20"},{"nodeID":"1297805","text":"Nicole: Bridget Kendall: He thinks he's got enough control that he would be allowed to do something quite as mad as that","type":"L","timestamp":"2023-11-09 12:52:20"},{"nodeID":"1297806","text":"Asserting","type":"YA","timestamp":"2023-11-09 12:52:20"},{"nodeID":"1297807","text":"Default Transition","type":"TA","timestamp":"2023-11-09 12:52:20"},{"nodeID":"1297808","text":"Default Inference","type":"RA","timestamp":"2023-11-09 12:52:20"},{"nodeID":"1297809","text":"Arguing","type":"YA","timestamp":"2023-11-09 12:52:20"},{"nodeID":"1297810","text":"no, Konstantin Kisin does agree with Bridget Kendall","type":"I","timestamp":"2023-11-09 12:52:21"},{"nodeID":"1297811","text":"Konstantin Kisin: No, I do agree","type":"L","timestamp":"2023-11-09 12:52:21"},{"nodeID":"1297812","text":"Analysing","type":"YA","timestamp":"2023-11-09 12:52:21"},{"nodeID":"1297813","text":"Nicole: Konstantin Kisin: No, I do agree","type":"L","timestamp":"2023-11-09 12:52:21"},{"nodeID":"1297814","text":"Asserting","type":"YA","timestamp":"2023-11-09 12:52:21"},{"nodeID":"1297815","text":"Default Transition","type":"TA","timestamp":"2023-11-09 12:52:21"},{"nodeID":"1297816","text":"Default Conflict","type":"CA","timestamp":"2023-11-09 12:52:21"},{"nodeID":"1297817","text":"Disagreeing","type":"YA","timestamp":"2023-11-09 12:52:21"},{"nodeID":"1297818","text":"there will be people who will try to stop Putin","type":"I","timestamp":"2023-11-09 12:52:21"},{"nodeID":"1297819","text":"Konstantin Kisin: there will be people who will try to stop him","type":"L","timestamp":"2023-11-09 12:52:21"},{"nodeID":"1297820","text":"Analysing","type":"YA","timestamp":"2023-11-09 12:52:21"},{"nodeID":"1297821","text":"Nicole: Konstantin Kisin: there will be people who will try to stop him","type":"L","timestamp":"2023-11-09 12:52:21"},{"nodeID":"1297822","text":"Asserting","type":"YA","timestamp":"2023-11-09 12:52:21"},{"nodeID":"1297823","text":"Default Inference","type":"RA","timestamp":"2023-11-09 12:52:21"},{"nodeID":"1297824","text":"Default Transition","type":"TA","timestamp":"2023-11-09 12:52:21"},{"nodeID":"1297825","text":"Arguing","type":"YA","timestamp":"2023-11-09 12:52:21"},{"nodeID":"1297826","text":"Default Transition","type":"TA","timestamp":"2023-11-09 12:52:21"},{"nodeID":"1297827","text":"Default Rephrase","type":"MA","timestamp":"2023-11-09 12:52:21"},{"nodeID":"1297828","text":"Restating","type":"YA","timestamp":"2023-11-09 12:52:21"},{"nodeID":"1297829","text":"whether they're successful at stopping Putin is a different question","type":"I","timestamp":"2023-11-09 12:52:22"},{"nodeID":"1297830","text":"Konstantin Kisin: Whether they're successful is a different question","type":"L","timestamp":"2023-11-09 12:52:22"},{"nodeID":"1297831","text":"Analysing","type":"YA","timestamp":"2023-11-09 12:52:22"},{"nodeID":"1297832","text":"Nicole: Konstantin Kisin: Whether they're successful is a different question","type":"L","timestamp":"2023-11-09 12:52:22"},{"nodeID":"1297833","text":"Asserting","type":"YA","timestamp":"2023-11-09 12:52:22"},{"nodeID":"1297834","text":"Default Transition","type":"TA","timestamp":"2023-11-09 12:52:22"},{"nodeID":"1297835","text":"in Russia, human life has a different value than in the West","type":"I","timestamp":"2023-11-09 12:52:22"},{"nodeID":"1297836","text":"Konstantin Kisin: In Russia, human life has a different value than in the West","type":"L","timestamp":"2023-11-09 12:52:22"},{"nodeID":"1297837","text":"Analysing","type":"YA","timestamp":"2023-11-09 12:52:22"},{"nodeID":"1297838","text":"Nicole: Konstantin Kisin: In Russia, human life has a different value than in the West","type":"L","timestamp":"2023-11-09 12:52:22"},{"nodeID":"1297839","text":"Asserting","type":"YA","timestamp":"2023-11-09 12:52:22"},{"nodeID":"1297840","text":"Default Transition","type":"TA","timestamp":"2023-11-09 12:52:22"},{"nodeID":"1297841","text":"Default Inference","type":"RA","timestamp":"2023-11-09 12:52:22"},{"nodeID":"1297842","text":"the rational for making these decisions is different","type":"I","timestamp":"2023-11-09 12:52:23"},{"nodeID":"1297843","text":"Konstantin Kisin: The rational for making these decisions is different","type":"L","timestamp":"2023-11-09 12:52:23"},{"nodeID":"1297844","text":"Analysing","type":"YA","timestamp":"2023-11-09 12:52:23"},{"nodeID":"1297845","text":"Nicole: Konstantin Kisin: The rational for making these decisions is different","type":"L","timestamp":"2023-11-09 12:52:23"},{"nodeID":"1297846","text":"Asserting","type":"YA","timestamp":"2023-11-09 12:52:23"},{"nodeID":"1297847","text":"Default Transition","type":"TA","timestamp":"2023-11-09 12:52:23"},{"nodeID":"1297848","text":"Default Rephrase","type":"MA","timestamp":"2023-11-09 12:52:23"},{"nodeID":"1297849","text":"Restating","type":"YA","timestamp":"2023-11-09 12:52:23"},{"nodeID":"1297850","text":"xxx is what Konstantin Kisin means by the rational for making these decisions is different","type":"I","timestamp":"2023-11-09 12:52:24"},{"nodeID":"1297851","text":"Fiona Bruce: What do you mean by that","type":"L","timestamp":"2023-11-09 12:52:24"},{"nodeID":"1297852","text":"Analysing","type":"YA","timestamp":"2023-11-09 12:52:24"},{"nodeID":"1297853","text":"Nicole: Fiona Bruce: What do you mean by that","type":"L","timestamp":"2023-11-09 12:52:24"},{"nodeID":"1297854","text":"Pure Questioning","type":"YA","timestamp":"2023-11-09 12:52:24"},{"nodeID":"1297855","text":"Default Transition","type":"TA","timestamp":"2023-11-09 12:52:24"},{"nodeID":"1297856","text":"the Russian attitude to human life is that it is less valuable","type":"I","timestamp":"2023-11-09 12:52:24"},{"nodeID":"1297857","text":"Konstantin Kisin: The Russian attitude to human life is that it is less valuable","type":"L","timestamp":"2023-11-09 12:52:24"},{"nodeID":"1297858","text":"Analysing","type":"YA","timestamp":"2023-11-09 12:52:24"},{"nodeID":"1297859","text":"Nicole: Konstantin Kisin: The Russian attitude to human life is that it is less valuable","type":"L","timestamp":"2023-11-09 12:52:24"},{"nodeID":"1297860","text":"Asserting","type":"YA","timestamp":"2023-11-09 12:52:24"},{"nodeID":"1297861","text":"Default Transition","type":"TA","timestamp":"2023-11-09 12:52:24"},{"nodeID":"1297862","text":"Default Rephrase","type":"MA","timestamp":"2023-11-09 12:52:24"},{"nodeID":"1297863","text":"Default Illocuting","type":"YA","timestamp":"2023-11-09 12:52:24"},{"nodeID":"1297864","text":"individuals are less sacrosanct","type":"I","timestamp":"2023-11-09 12:52:25"},{"nodeID":"1297865","text":"Konstantin Kisin: Individuals are less sacrosanct","type":"L","timestamp":"2023-11-09 12:52:25"},{"nodeID":"1297866","text":"Analysing","type":"YA","timestamp":"2023-11-09 12:52:25"},{"nodeID":"1297867","text":"Nicole: Konstantin Kisin: Individuals are less sacrosanct","type":"L","timestamp":"2023-11-09 12:52:25"},{"nodeID":"1297868","text":"Asserting","type":"YA","timestamp":"2023-11-09 12:52:25"},{"nodeID":"1297869","text":"Default Transition","type":"TA","timestamp":"2023-11-09 12:52:25"},{"nodeID":"1297870","text":"Default Rephrase","type":"MA","timestamp":"2023-11-09 12:52:25"},{"nodeID":"1297871","text":"Restating","type":"YA","timestamp":"2023-11-09 12:52:25"},{"nodeID":"1297872","text":"Default Inference","type":"RA","timestamp":"2023-11-09 12:52:25"},{"nodeID":"1297873","text":"Arguing","type":"YA","timestamp":"2023-11-09 12:52:25"},{"nodeID":"1297874","text":"Default Rephrase","type":"MA","timestamp":"2023-11-09 12:52:25"},{"nodeID":"1297875","text":"Restating","type":"YA","timestamp":"2023-11-09 12:52:25"}],"edges":[{"edgeID":"1705623","fromID":"1297676","toID":"1297675","formEdgeID":null},{"edgeID":"1705624","fromID":"1297677","toID":"1297676","formEdgeID":null},{"edgeID":"1705625","fromID":"1297675","toID":"1297678","formEdgeID":null},{"edgeID":"1705626","fromID":"1297678","toID":"1297674","formEdgeID":null},{"edgeID":"1705627","fromID":"1297681","toID":"1297680","formEdgeID":null},{"edgeID":"1705628","fromID":"1297682","toID":"1297681","formEdgeID":null},{"edgeID":"1705629","fromID":"1297680","toID":"1297683","formEdgeID":null},{"edgeID":"1705630","fromID":"1297683","toID":"1297679","formEdgeID":null},{"edgeID":"1705631","fromID":"1297675","toID":"1297684","formEdgeID":null},{"edgeID":"1705632","fromID":"1297684","toID":"1297680","formEdgeID":null},{"edgeID":"1705633","fromID":"1297679","toID":"1297685","formEdgeID":null},{"edgeID":"1705634","fromID":"1297685","toID":"1297674","formEdgeID":null},{"edgeID":"1705635","fromID":"1297684","toID":"1297686","formEdgeID":null},{"edgeID":"1705636","fromID":"1297686","toID":"1297685","formEdgeID":null},{"edgeID":"1705637","fromID":"1297688","toID":"1297687","formEdgeID":null},{"edgeID":"1705638","fromID":"1297689","toID":"1297688","formEdgeID":null},{"edgeID":"1705639","fromID":"1297687","toID":"1297690","formEdgeID":null},{"edgeID":"1705640","fromID":"1297690","toID":"1297679","formEdgeID":null},{"edgeID":"1705641","fromID":"1297680","toID":"1297691","formEdgeID":null},{"edgeID":"1705642","fromID":"1297691","toID":"1297687","formEdgeID":null},{"edgeID":"1705643","fromID":"1297679","toID":"1297692","formEdgeID":null},{"edgeID":"1705644","fromID":"1297692","toID":"1297679","formEdgeID":null},{"edgeID":"1705645","fromID":"1297691","toID":"1297693","formEdgeID":null},{"edgeID":"1705646","fromID":"1297693","toID":"1297692","formEdgeID":null},{"edgeID":"1705647","fromID":"1297696","toID":"1297695","formEdgeID":null},{"edgeID":"1705648","fromID":"1297697","toID":"1297696","formEdgeID":null},{"edgeID":"1705649","fromID":"1297695","toID":"1297698","formEdgeID":null},{"edgeID":"1705650","fromID":"1297698","toID":"1297694","formEdgeID":null},{"edgeID":"1705651","fromID":"1297701","toID":"1297700","formEdgeID":null},{"edgeID":"1705652","fromID":"1297702","toID":"1297701","formEdgeID":null},{"edgeID":"1705653","fromID":"1297700","toID":"1297703","formEdgeID":null},{"edgeID":"1705654","fromID":"1297703","toID":"1297699","formEdgeID":null},{"edgeID":"1705655","fromID":"1297687","toID":"1297704","formEdgeID":null},{"edgeID":"1705656","fromID":"1297704","toID":"1297700","formEdgeID":null},{"edgeID":"1705657","fromID":"1297700","toID":"1297705","formEdgeID":null},{"edgeID":"1705658","fromID":"1297705","toID":"1297695","formEdgeID":null},{"edgeID":"1705659","fromID":"1297699","toID":"1297706","formEdgeID":null},{"edgeID":"1705660","fromID":"1297706","toID":"1297694","formEdgeID":null},{"edgeID":"1705661","fromID":"1297705","toID":"1297707","formEdgeID":null},{"edgeID":"1705662","fromID":"1297707","toID":"1297706","formEdgeID":null},{"edgeID":"1705663","fromID":"1297699","toID":"1297708","formEdgeID":null},{"edgeID":"1705664","fromID":"1297708","toID":"1297679","formEdgeID":null},{"edgeID":"1705665","fromID":"1297704","toID":"1297709","formEdgeID":null},{"edgeID":"1705666","fromID":"1297709","toID":"1297708","formEdgeID":null},{"edgeID":"1705667","fromID":"1297712","toID":"1297711","formEdgeID":null},{"edgeID":"1705668","fromID":"1297713","toID":"1297712","formEdgeID":null},{"edgeID":"1705669","fromID":"1297711","toID":"1297714","formEdgeID":null},{"edgeID":"1705670","fromID":"1297714","toID":"1297710","formEdgeID":null},{"edgeID":"1705671","fromID":"1297695","toID":"1297715","formEdgeID":null},{"edgeID":"1705672","fromID":"1297715","toID":"1297711","formEdgeID":null},{"edgeID":"1705673","fromID":"1297718","toID":"1297717","formEdgeID":null},{"edgeID":"1705674","fromID":"1297719","toID":"1297718","formEdgeID":null},{"edgeID":"1705675","fromID":"1297717","toID":"1297720","formEdgeID":null},{"edgeID":"1705676","fromID":"1297720","toID":"1297716","formEdgeID":null},{"edgeID":"1705677","fromID":"1297711","toID":"1297721","formEdgeID":null},{"edgeID":"1705678","fromID":"1297721","toID":"1297717","formEdgeID":null},{"edgeID":"1705679","fromID":"1297724","toID":"1297723","formEdgeID":null},{"edgeID":"1705680","fromID":"1297725","toID":"1297724","formEdgeID":null},{"edgeID":"1705681","fromID":"1297723","toID":"1297726","formEdgeID":null},{"edgeID":"1705682","fromID":"1297726","toID":"1297722","formEdgeID":null},{"edgeID":"1705683","fromID":"1297717","toID":"1297727","formEdgeID":null},{"edgeID":"1705684","fromID":"1297727","toID":"1297723","formEdgeID":null},{"edgeID":"1705685","fromID":"1297730","toID":"1297729","formEdgeID":null},{"edgeID":"1705686","fromID":"1297731","toID":"1297730","formEdgeID":null},{"edgeID":"1705687","fromID":"1297729","toID":"1297732","formEdgeID":null},{"edgeID":"1705688","fromID":"1297732","toID":"1297728","formEdgeID":null},{"edgeID":"1705689","fromID":"1297723","toID":"1297733","formEdgeID":null},{"edgeID":"1705690","fromID":"1297733","toID":"1297729","formEdgeID":null},{"edgeID":"1705691","fromID":"1297728","toID":"1297734","formEdgeID":null},{"edgeID":"1705692","fromID":"1297734","toID":"1297722","formEdgeID":null},{"edgeID":"1705693","fromID":"1297733","toID":"1297735","formEdgeID":null},{"edgeID":"1705694","fromID":"1297735","toID":"1297734","formEdgeID":null},{"edgeID":"1705695","fromID":"1297738","toID":"1297737","formEdgeID":null},{"edgeID":"1705696","fromID":"1297739","toID":"1297738","formEdgeID":null},{"edgeID":"1705697","fromID":"1297737","toID":"1297740","formEdgeID":null},{"edgeID":"1705698","fromID":"1297740","toID":"1297736","formEdgeID":null},{"edgeID":"1705699","fromID":"1297729","toID":"1297741","formEdgeID":null},{"edgeID":"1705700","fromID":"1297741","toID":"1297737","formEdgeID":null},{"edgeID":"1705701","fromID":"1297736","toID":"1297742","formEdgeID":null},{"edgeID":"1705702","fromID":"1297742","toID":"1297728","formEdgeID":null},{"edgeID":"1705703","fromID":"1297741","toID":"1297743","formEdgeID":null},{"edgeID":"1705704","fromID":"1297743","toID":"1297742","formEdgeID":null},{"edgeID":"1705705","fromID":"1297746","toID":"1297745","formEdgeID":null},{"edgeID":"1705706","fromID":"1297747","toID":"1297746","formEdgeID":null},{"edgeID":"1705707","fromID":"1297745","toID":"1297748","formEdgeID":null},{"edgeID":"1705708","fromID":"1297748","toID":"1297744","formEdgeID":null},{"edgeID":"1705709","fromID":"1297737","toID":"1297749","formEdgeID":null},{"edgeID":"1705710","fromID":"1297749","toID":"1297745","formEdgeID":null},{"edgeID":"1705711","fromID":"1297744","toID":"1297750","formEdgeID":null},{"edgeID":"1705712","fromID":"1297750","toID":"1297736","formEdgeID":null},{"edgeID":"1705713","fromID":"1297749","toID":"1297751","formEdgeID":null},{"edgeID":"1705714","fromID":"1297751","toID":"1297750","formEdgeID":null},{"edgeID":"1705715","fromID":"1297754","toID":"1297753","formEdgeID":null},{"edgeID":"1705716","fromID":"1297755","toID":"1297754","formEdgeID":null},{"edgeID":"1705717","fromID":"1297753","toID":"1297756","formEdgeID":null},{"edgeID":"1705718","fromID":"1297756","toID":"1297752","formEdgeID":null},{"edgeID":"1705719","fromID":"1297745","toID":"1297757","formEdgeID":null},{"edgeID":"1705720","fromID":"1297757","toID":"1297753","formEdgeID":null},{"edgeID":"1705721","fromID":"1297744","toID":"1297758","formEdgeID":null},{"edgeID":"1705722","fromID":"1297758","toID":"1297752","formEdgeID":null},{"edgeID":"1705723","fromID":"1297757","toID":"1297759","formEdgeID":null},{"edgeID":"1705724","fromID":"1297759","toID":"1297758","formEdgeID":null},{"edgeID":"1705725","fromID":"1297762","toID":"1297761","formEdgeID":null},{"edgeID":"1705726","fromID":"1297763","toID":"1297762","formEdgeID":null},{"edgeID":"1705727","fromID":"1297761","toID":"1297764","formEdgeID":null},{"edgeID":"1705728","fromID":"1297764","toID":"1297760","formEdgeID":null},{"edgeID":"1705729","fromID":"1297767","toID":"1297766","formEdgeID":null},{"edgeID":"1705730","fromID":"1297768","toID":"1297767","formEdgeID":null},{"edgeID":"1705731","fromID":"1297766","toID":"1297769","formEdgeID":null},{"edgeID":"1705732","fromID":"1297769","toID":"1297765","formEdgeID":null},{"edgeID":"1705733","fromID":"1297753","toID":"1297770","formEdgeID":null},{"edgeID":"1705734","fromID":"1297770","toID":"1297766","formEdgeID":null},{"edgeID":"1705735","fromID":"1297765","toID":"1297771","formEdgeID":null},{"edgeID":"1705736","fromID":"1297771","toID":"1297760","formEdgeID":null},{"edgeID":"1705737","fromID":"1297766","toID":"1297772","formEdgeID":null},{"edgeID":"1705738","fromID":"1297772","toID":"1297761","formEdgeID":null},{"edgeID":"1705739","fromID":"1297772","toID":"1297773","formEdgeID":null},{"edgeID":"1705740","fromID":"1297773","toID":"1297771","formEdgeID":null},{"edgeID":"1705741","fromID":"1297776","toID":"1297775","formEdgeID":null},{"edgeID":"1705742","fromID":"1297777","toID":"1297776","formEdgeID":null},{"edgeID":"1705743","fromID":"1297775","toID":"1297778","formEdgeID":null},{"edgeID":"1705744","fromID":"1297778","toID":"1297774","formEdgeID":null},{"edgeID":"1705745","fromID":"1297761","toID":"1297779","formEdgeID":null},{"edgeID":"1705746","fromID":"1297779","toID":"1297775","formEdgeID":null},{"edgeID":"1705747","fromID":"1297774","toID":"1297780","formEdgeID":null},{"edgeID":"1705748","fromID":"1297780","toID":"1297760","formEdgeID":null},{"edgeID":"1705749","fromID":"1297779","toID":"1297781","formEdgeID":null},{"edgeID":"1705750","fromID":"1297781","toID":"1297780","formEdgeID":null},{"edgeID":"1705751","fromID":"1297784","toID":"1297783","formEdgeID":null},{"edgeID":"1705752","fromID":"1297785","toID":"1297784","formEdgeID":null},{"edgeID":"1705753","fromID":"1297783","toID":"1297786","formEdgeID":null},{"edgeID":"1705754","fromID":"1297786","toID":"1297782","formEdgeID":null},{"edgeID":"1705755","fromID":"1297775","toID":"1297787","formEdgeID":null},{"edgeID":"1705756","fromID":"1297787","toID":"1297783","formEdgeID":null},{"edgeID":"1705757","fromID":"1297790","toID":"1297789","formEdgeID":null},{"edgeID":"1705758","fromID":"1297791","toID":"1297790","formEdgeID":null},{"edgeID":"1705759","fromID":"1297789","toID":"1297792","formEdgeID":null},{"edgeID":"1705760","fromID":"1297792","toID":"1297788","formEdgeID":null},{"edgeID":"1705761","fromID":"1297783","toID":"1297793","formEdgeID":null},{"edgeID":"1705762","fromID":"1297793","toID":"1297789","formEdgeID":null},{"edgeID":"1705763","fromID":"1297788","toID":"1297794","formEdgeID":null},{"edgeID":"1705764","fromID":"1297794","toID":"1297782","formEdgeID":null},{"edgeID":"1705765","fromID":"1297793","toID":"1297795","formEdgeID":null},{"edgeID":"1705766","fromID":"1297795","toID":"1297794","formEdgeID":null},{"edgeID":"1705767","fromID":"1297798","toID":"1297797","formEdgeID":null},{"edgeID":"1705768","fromID":"1297799","toID":"1297798","formEdgeID":null},{"edgeID":"1705769","fromID":"1297797","toID":"1297800","formEdgeID":null},{"edgeID":"1705770","fromID":"1297800","toID":"1297796","formEdgeID":null},{"edgeID":"1705771","fromID":"1297789","toID":"1297801","formEdgeID":null},{"edgeID":"1705772","fromID":"1297801","toID":"1297797","formEdgeID":null},{"edgeID":"1705773","fromID":"1297804","toID":"1297803","formEdgeID":null},{"edgeID":"1705774","fromID":"1297805","toID":"1297804","formEdgeID":null},{"edgeID":"1705775","fromID":"1297803","toID":"1297806","formEdgeID":null},{"edgeID":"1705776","fromID":"1297806","toID":"1297802","formEdgeID":null},{"edgeID":"1705777","fromID":"1297797","toID":"1297807","formEdgeID":null},{"edgeID":"1705778","fromID":"1297807","toID":"1297803","formEdgeID":null},{"edgeID":"1705779","fromID":"1297802","toID":"1297808","formEdgeID":null},{"edgeID":"1705780","fromID":"1297808","toID":"1297796","formEdgeID":null},{"edgeID":"1705781","fromID":"1297807","toID":"1297809","formEdgeID":null},{"edgeID":"1705782","fromID":"1297809","toID":"1297808","formEdgeID":null},{"edgeID":"1705783","fromID":"1297812","toID":"1297811","formEdgeID":null},{"edgeID":"1705784","fromID":"1297813","toID":"1297812","formEdgeID":null},{"edgeID":"1705785","fromID":"1297811","toID":"1297814","formEdgeID":null},{"edgeID":"1705786","fromID":"1297814","toID":"1297810","formEdgeID":null},{"edgeID":"1705787","fromID":"1297797","toID":"1297815","formEdgeID":null},{"edgeID":"1705788","fromID":"1297815","toID":"1297811","formEdgeID":null},{"edgeID":"1705789","fromID":"1297810","toID":"1297816","formEdgeID":null},{"edgeID":"1705790","fromID":"1297816","toID":"1297796","formEdgeID":null},{"edgeID":"1705791","fromID":"1297815","toID":"1297817","formEdgeID":null},{"edgeID":"1705792","fromID":"1297817","toID":"1297816","formEdgeID":null},{"edgeID":"1705793","fromID":"1297820","toID":"1297819","formEdgeID":null},{"edgeID":"1705794","fromID":"1297821","toID":"1297820","formEdgeID":null},{"edgeID":"1705795","fromID":"1297819","toID":"1297822","formEdgeID":null},{"edgeID":"1705796","fromID":"1297822","toID":"1297818","formEdgeID":null},{"edgeID":"1705797","fromID":"1297818","toID":"1297823","formEdgeID":null},{"edgeID":"1705798","fromID":"1297823","toID":"1297810","formEdgeID":null},{"edgeID":"1705799","fromID":"1297811","toID":"1297824","formEdgeID":null},{"edgeID":"1705800","fromID":"1297824","toID":"1297819","formEdgeID":null},{"edgeID":"1705801","fromID":"1297824","toID":"1297825","formEdgeID":null},{"edgeID":"1705802","fromID":"1297825","toID":"1297823","formEdgeID":null},{"edgeID":"1705803","fromID":"1297775","toID":"1297826","formEdgeID":null},{"edgeID":"1705804","fromID":"1297826","toID":"1297819","formEdgeID":null},{"edgeID":"1705805","fromID":"1297818","toID":"1297827","formEdgeID":null},{"edgeID":"1705806","fromID":"1297827","toID":"1297774","formEdgeID":null},{"edgeID":"1705807","fromID":"1297826","toID":"1297828","formEdgeID":null},{"edgeID":"1705808","fromID":"1297828","toID":"1297827","formEdgeID":null},{"edgeID":"1705809","fromID":"1297831","toID":"1297830","formEdgeID":null},{"edgeID":"1705810","fromID":"1297832","toID":"1297831","formEdgeID":null},{"edgeID":"1705811","fromID":"1297830","toID":"1297833","formEdgeID":null},{"edgeID":"1705812","fromID":"1297833","toID":"1297829","formEdgeID":null},{"edgeID":"1705813","fromID":"1297819","toID":"1297834","formEdgeID":null},{"edgeID":"1705814","fromID":"1297834","toID":"1297830","formEdgeID":null},{"edgeID":"1705815","fromID":"1297837","toID":"1297836","formEdgeID":null},{"edgeID":"1705816","fromID":"1297838","toID":"1297837","formEdgeID":null},{"edgeID":"1705817","fromID":"1297836","toID":"1297839","formEdgeID":null},{"edgeID":"1705818","fromID":"1297839","toID":"1297835","formEdgeID":null},{"edgeID":"1705819","fromID":"1297830","toID":"1297840","formEdgeID":null},{"edgeID":"1705820","fromID":"1297840","toID":"1297836","formEdgeID":null},{"edgeID":"1705821","fromID":"1297835","toID":"1297841","formEdgeID":null},{"edgeID":"1705822","fromID":"1297841","toID":"1297829","formEdgeID":null},{"edgeID":"1705823","fromID":"1297844","toID":"1297843","formEdgeID":null},{"edgeID":"1705824","fromID":"1297845","toID":"1297844","formEdgeID":null},{"edgeID":"1705825","fromID":"1297843","toID":"1297846","formEdgeID":null},{"edgeID":"1705826","fromID":"1297846","toID":"1297842","formEdgeID":null},{"edgeID":"1705827","fromID":"1297836","toID":"1297847","formEdgeID":null},{"edgeID":"1705828","fromID":"1297847","toID":"1297843","formEdgeID":null},{"edgeID":"1705829","fromID":"1297842","toID":"1297848","formEdgeID":null},{"edgeID":"1705830","fromID":"1297848","toID":"1297835","formEdgeID":null},{"edgeID":"1705831","fromID":"1297847","toID":"1297849","formEdgeID":null},{"edgeID":"1705832","fromID":"1297849","toID":"1297848","formEdgeID":null},{"edgeID":"1705833","fromID":"1297852","toID":"1297851","formEdgeID":null},{"edgeID":"1705834","fromID":"1297853","toID":"1297852","formEdgeID":null},{"edgeID":"1705835","fromID":"1297851","toID":"1297854","formEdgeID":null},{"edgeID":"1705836","fromID":"1297854","toID":"1297850","formEdgeID":null},{"edgeID":"1705837","fromID":"1297843","toID":"1297855","formEdgeID":null},{"edgeID":"1705838","fromID":"1297855","toID":"1297851","formEdgeID":null},{"edgeID":"1705839","fromID":"1297858","toID":"1297857","formEdgeID":null},{"edgeID":"1705840","fromID":"1297859","toID":"1297858","formEdgeID":null},{"edgeID":"1705841","fromID":"1297857","toID":"1297860","formEdgeID":null},{"edgeID":"1705842","fromID":"1297860","toID":"1297856","formEdgeID":null},{"edgeID":"1705843","fromID":"1297851","toID":"1297861","formEdgeID":null},{"edgeID":"1705844","fromID":"1297861","toID":"1297857","formEdgeID":null},{"edgeID":"1705845","fromID":"1297856","toID":"1297862","formEdgeID":null},{"edgeID":"1705846","fromID":"1297862","toID":"1297850","formEdgeID":null},{"edgeID":"1705847","fromID":"1297861","toID":"1297863","formEdgeID":null},{"edgeID":"1705848","fromID":"1297863","toID":"1297862","formEdgeID":null},{"edgeID":"1705849","fromID":"1297866","toID":"1297865","formEdgeID":null},{"edgeID":"1705850","fromID":"1297867","toID":"1297866","formEdgeID":null},{"edgeID":"1705851","fromID":"1297865","toID":"1297868","formEdgeID":null},{"edgeID":"1705852","fromID":"1297868","toID":"1297864","formEdgeID":null},{"edgeID":"1705853","fromID":"1297857","toID":"1297869","formEdgeID":null},{"edgeID":"1705854","fromID":"1297869","toID":"1297865","formEdgeID":null},{"edgeID":"1705855","fromID":"1297864","toID":"1297870","formEdgeID":null},{"edgeID":"1705856","fromID":"1297870","toID":"1297856","formEdgeID":null},{"edgeID":"1705857","fromID":"1297869","toID":"1297871","formEdgeID":null},{"edgeID":"1705858","fromID":"1297871","toID":"1297870","formEdgeID":null},{"edgeID":"1705859","fromID":"1297710","toID":"1297872","formEdgeID":null},{"edgeID":"1705860","fromID":"1297872","toID":"1297694","formEdgeID":null},{"edgeID":"1705861","fromID":"1297715","toID":"1297873","formEdgeID":null},{"edgeID":"1705862","fromID":"1297873","toID":"1297872","formEdgeID":null},{"edgeID":"1705863","fromID":"1297716","toID":"1297874","formEdgeID":null},{"edgeID":"1705864","fromID":"1297874","toID":"1297710","formEdgeID":null},{"edgeID":"1705865","fromID":"1297721","toID":"1297875","formEdgeID":null},{"edgeID":"1705866","fromID":"1297875","toID":"1297874","formEdgeID":null}],"locutions":[]}