{"nodes":[{"nodeID":"1294062","text":"the only way for us to get to the negotiating table is for the Ukrainians to put up a fight that's strong enough that Putin wants to come to the negotiating table","type":"I","timestamp":"2023-11-09 12:47:13"},{"nodeID":"1294063","text":"Konstantin Kisin: The only way for us to get to the negotiating table is for the Ukrainians to put up a fight that's strong enough that Putin wants to come to the negotiating table","type":"L","timestamp":"2023-11-09 12:47:13"},{"nodeID":"1294064","text":"Analysing","type":"YA","timestamp":"2023-11-09 12:47:13"},{"nodeID":"1294065","text":"Jordan: Konstantin Kisin: The only way for us to get to the negotiating table is for the Ukrainians to put up a fight that's strong enough that Putin wants to come to the negotiating table","type":"L","timestamp":"2023-11-09 12:47:13"},{"nodeID":"1294066","text":"Asserting","type":"YA","timestamp":"2023-11-09 12:47:13"},{"nodeID":"1294067","text":"there are ways to make sure that everybody wins at that negotiation","type":"I","timestamp":"2023-11-09 12:47:13"},{"nodeID":"1294068","text":"Konstantin Kisin: there are ways to make sure that everybody wins at that negotiation","type":"L","timestamp":"2023-11-09 12:47:13"},{"nodeID":"1294069","text":"Jordan: Konstantin Kisin: there are ways to make sure that everybody wins at that negotiation","type":"L","timestamp":"2023-11-09 12:47:13"},{"nodeID":"1294070","text":"Analysing","type":"YA","timestamp":"2023-11-09 12:47:13"},{"nodeID":"1294071","text":"Asserting","type":"YA","timestamp":"2023-11-09 12:47:13"},{"nodeID":"1294072","text":"Default Transition","type":"TA","timestamp":"2023-11-09 12:47:13"},{"nodeID":"1294073","text":"making sure everybody wins at the negotiation table is what Konstantin Kisin has been warning people in the west about","type":"I","timestamp":"2023-11-09 12:47:14"},{"nodeID":"1294074","text":"Konstantin Kisin: this is what I have been warning people in the west about","type":"L","timestamp":"2023-11-09 12:47:14"},{"nodeID":"1294075","text":"Analysing","type":"YA","timestamp":"2023-11-09 12:47:14"},{"nodeID":"1294076","text":"Jordan: Konstantin Kisin: this is what I have been warning people in the west about","type":"L","timestamp":"2023-11-09 12:47:14"},{"nodeID":"1294077","text":"Asserting","type":"YA","timestamp":"2023-11-09 12:47:14"},{"nodeID":"1294078","text":"Default Rephrase","type":"MA","timestamp":"2023-11-09 12:47:14"},{"nodeID":"1294079","text":"Default Transition","type":"TA","timestamp":"2023-11-09 12:47:14"},{"nodeID":"1294080","text":"Restating","type":"YA","timestamp":"2023-11-09 12:47:14"},{"nodeID":"1294081","text":"this proposition links with the last propositions in part 9","type":"EN","timestamp":"2023-11-09 12:47:14"},{"nodeID":"1294082","text":"Konstantin Kisin understands the rhetoric about Vladimir Putin and Russia","type":"I","timestamp":"2023-11-09 12:47:15"},{"nodeID":"1294083","text":"Konstantin Kisin: I understand the rhetoric about Vladimir Putin and Russia","type":"L","timestamp":"2023-11-09 12:47:15"},{"nodeID":"1294084","text":"Asserting","type":"YA","timestamp":"2023-11-09 12:47:15"},{"nodeID":"1294085","text":"Analysing","type":"YA","timestamp":"2023-11-09 12:47:15"},{"nodeID":"1294086","text":"Jordan: Konstantin Kisin: I understand the rhetoric about Vladimir Putin and Russia","type":"L","timestamp":"2023-11-09 12:47:15"},{"nodeID":"1294087","text":"Default Transition","type":"TA","timestamp":"2023-11-09 12:47:15"},{"nodeID":"1294088","text":"we don't want to back Putin into a corner","type":"I","timestamp":"2023-11-09 12:47:15"},{"nodeID":"1294089","text":"Konstantin Kisin: we don't want to back him into a corner","type":"L","timestamp":"2023-11-09 12:47:15"},{"nodeID":"1294090","text":"Jordan: Konstantin Kisin: we don't want to back him into a corner","type":"L","timestamp":"2023-11-09 12:47:15"},{"nodeID":"1294091","text":"Analysing","type":"YA","timestamp":"2023-11-09 12:47:15"},{"nodeID":"1294092","text":"Asserting","type":"YA","timestamp":"2023-11-09 12:47:15"},{"nodeID":"1294093","text":"Default Inference","type":"RA","timestamp":"2023-11-09 12:47:15"},{"nodeID":"1294094","text":"Default Transition","type":"TA","timestamp":"2023-11-09 12:47:15"},{"nodeID":"1294095","text":"Arguing","type":"YA","timestamp":"2023-11-09 12:47:15"},{"nodeID":"1294096","text":"the situation with Ukraine is exisstential for Putin","type":"I","timestamp":"2023-11-09 12:47:16"},{"nodeID":"1294097","text":"Jordan: Konstantin Kisin: this is exisstential for him","type":"L","timestamp":"2023-11-09 12:47:16"},{"nodeID":"1294098","text":"Konstantin Kisin: this is exisstential for him","type":"L","timestamp":"2023-11-09 12:47:16"},{"nodeID":"1294099","text":"Analysing","type":"YA","timestamp":"2023-11-09 12:47:16"},{"nodeID":"1294100","text":"Asserting","type":"YA","timestamp":"2023-11-09 12:47:16"},{"nodeID":"1294101","text":"Default Transition","type":"TA","timestamp":"2023-11-09 12:47:16"},{"nodeID":"1294102","text":"Default Inference","type":"RA","timestamp":"2023-11-09 12:47:16"},{"nodeID":"1294103","text":"Arguing","type":"YA","timestamp":"2023-11-09 12:47:16"},{"nodeID":"1294104","text":"there is no way back into the international community","type":"I","timestamp":"2023-11-09 12:47:16"},{"nodeID":"1294105","text":"Konstantin Kisin: There is no way back into the international community","type":"L","timestamp":"2023-11-09 12:47:16"},{"nodeID":"1294106","text":"Analysing","type":"YA","timestamp":"2023-11-09 12:47:16"},{"nodeID":"1294107","text":"Jordan: Konstantin Kisin: There is no way back into the international community","type":"L","timestamp":"2023-11-09 12:47:16"},{"nodeID":"1294108","text":"Asserting","type":"YA","timestamp":"2023-11-09 12:47:16"},{"nodeID":"1294109","text":"Default Transition","type":"TA","timestamp":"2023-11-09 12:47:16"},{"nodeID":"1294110","text":"there is no way back for Russia to be welcomed","type":"I","timestamp":"2023-11-09 12:47:17"},{"nodeID":"1294111","text":"Konstantin Kisin: there is no way back for Russia to be welcomed","type":"L","timestamp":"2023-11-09 12:47:17"},{"nodeID":"1294112","text":"Analysing","type":"YA","timestamp":"2023-11-09 12:47:17"},{"nodeID":"1294113","text":"Jordan: Konstantin Kisin: there is no way back for Russia to be welcomed","type":"L","timestamp":"2023-11-09 12:47:17"},{"nodeID":"1294114","text":"Asserting","type":"YA","timestamp":"2023-11-09 12:47:17"},{"nodeID":"1294115","text":"Default Transition","type":"TA","timestamp":"2023-11-09 12:47:17"},{"nodeID":"1294116","text":"Default Rephrase","type":"MA","timestamp":"2023-11-09 12:47:17"},{"nodeID":"1294117","text":"Restating","type":"YA","timestamp":"2023-11-09 12:47:17"},{"nodeID":"1294118","text":"we're leading Putin into a dark path","type":"I","timestamp":"2023-11-09 12:47:18"},{"nodeID":"1294119","text":"Konstantin Kisin: we're leading him into a dark path","type":"L","timestamp":"2023-11-09 12:47:18"},{"nodeID":"1294120","text":"Analysing","type":"YA","timestamp":"2023-11-09 12:47:18"},{"nodeID":"1294121","text":"Jordan: Konstantin Kisin: we're leading him into a dark path","type":"L","timestamp":"2023-11-09 12:47:18"},{"nodeID":"1294122","text":"Asserting","type":"YA","timestamp":"2023-11-09 12:47:18"},{"nodeID":"1294123","text":"Default Inference","type":"RA","timestamp":"2023-11-09 12:47:18"},{"nodeID":"1294124","text":"Default Transition","type":"TA","timestamp":"2023-11-09 12:47:18"},{"nodeID":"1294125","text":"Arguing","type":"YA","timestamp":"2023-11-09 12:47:18"},{"nodeID":"1294126","text":"the situation ending in negotiation is unpleasant for people to hear","type":"I","timestamp":"2023-11-09 12:47:18"},{"nodeID":"1294127","text":"Konstantin Kisin: that's unpleasant for people to hear","type":"L","timestamp":"2023-11-09 12:47:18"},{"nodeID":"1294128","text":"Analysing","type":"YA","timestamp":"2023-11-09 12:47:18"},{"nodeID":"1294129","text":"Jordan: Konstantin Kisin: that's unpleasant for people to hear","type":"L","timestamp":"2023-11-09 12:47:18"},{"nodeID":"1294130","text":"Asserting","type":"YA","timestamp":"2023-11-09 12:47:18"},{"nodeID":"1294131","text":"Konstantin Kisin is not talking about appeasement of any kind","type":"I","timestamp":"2023-11-09 12:47:19"},{"nodeID":"1294132","text":"Konstantin Kisin: I'm not talking about appeasement of any kind","type":"L","timestamp":"2023-11-09 12:47:19"},{"nodeID":"1294133","text":"Analysing","type":"YA","timestamp":"2023-11-09 12:47:19"},{"nodeID":"1294134","text":"Jordan: Konstantin Kisin: I'm not talking about appeasement of any kind","type":"L","timestamp":"2023-11-09 12:47:19"},{"nodeID":"1294135","text":"Asserting","type":"YA","timestamp":"2023-11-09 12:47:19"},{"nodeID":"1294136","text":"Default Transition","type":"TA","timestamp":"2023-11-09 12:47:19"},{"nodeID":"1294137","text":"we have to make it clear what the consequences will be if Putin goes further","type":"I","timestamp":"2023-11-09 12:47:20"},{"nodeID":"1294138","text":"Konstantin Kisin: We have to make it clear what the consequences will be if he goes further","type":"L","timestamp":"2023-11-09 12:47:20"},{"nodeID":"1294139","text":"Analysing","type":"YA","timestamp":"2023-11-09 12:47:20"},{"nodeID":"1294140","text":"Jordan: Konstantin Kisin: We have to make it clear what the consequences will be if he goes further","type":"L","timestamp":"2023-11-09 12:47:20"},{"nodeID":"1294141","text":"Asserting","type":"YA","timestamp":"2023-11-09 12:47:20"},{"nodeID":"1294142","text":"Default Transition","type":"TA","timestamp":"2023-11-09 12:47:20"},{"nodeID":"1294143","text":"Default Inference","type":"RA","timestamp":"2023-11-09 12:47:20"},{"nodeID":"1294144","text":"Arguing","type":"YA","timestamp":"2023-11-09 12:47:20"},{"nodeID":"1294145","text":"we can provide support to Ukraine","type":"I","timestamp":"2023-11-09 12:47:20"},{"nodeID":"1294146","text":"Konstantin Kisin: we can provide support to Ukraine","type":"L","timestamp":"2023-11-09 12:47:20"},{"nodeID":"1294147","text":"Analysing","type":"YA","timestamp":"2023-11-09 12:47:20"},{"nodeID":"1294148","text":"Jordan: Konstantin Kisin: we can provide support to Ukraine","type":"L","timestamp":"2023-11-09 12:47:20"},{"nodeID":"1294149","text":"Asserting","type":"YA","timestamp":"2023-11-09 12:47:20"},{"nodeID":"1294150","text":"Default Transition","type":"TA","timestamp":"2023-11-09 12:47:20"},{"nodeID":"1294151","text":"Ukraine are going to have to win this fight themselves","type":"I","timestamp":"2023-11-09 12:47:21"},{"nodeID":"1294152","text":"Jordan: Konstantin Kisin: they're going to have to win this fight themselves","type":"L","timestamp":"2023-11-09 12:47:21"},{"nodeID":"1294153","text":"Konstantin Kisin: they're going to have to win this fight themselves","type":"L","timestamp":"2023-11-09 12:47:21"},{"nodeID":"1294154","text":"Analysing","type":"YA","timestamp":"2023-11-09 12:47:21"},{"nodeID":"1294155","text":"Asserting","type":"YA","timestamp":"2023-11-09 12:47:21"},{"nodeID":"1294156","text":"Default Transition","type":"TA","timestamp":"2023-11-09 12:47:21"},{"nodeID":"1294157","text":"Default Inference","type":"RA","timestamp":"2023-11-09 12:47:21"},{"nodeID":"1294158","text":"Arguing","type":"YA","timestamp":"2023-11-09 12:47:21"},{"nodeID":"1294159","text":"not everybody is happy with what Putin is doing","type":"I","timestamp":"2023-11-09 12:47:21"},{"nodeID":"1294160","text":"Analysing","type":"YA","timestamp":"2023-11-09 12:47:21"},{"nodeID":"1294161","text":"Fiona Bruce: The idea that Bridget is hinting at not everybody is happy with what Putin is doing","type":"L","timestamp":"2023-11-09 12:47:21"},{"nodeID":"1294162","text":"Jordan: Fiona Bruce: The idea that Bridget is hinting at not everybody is happy with what Putin is doing","type":"L","timestamp":"2023-11-09 12:47:21"},{"nodeID":"1294163","text":"Bridget Kendall: not everybody is happy with what Putin is doing","type":"L","timestamp":"2023-11-09 12:47:21"},{"nodeID":"1294164","text":"Analysing","type":"YA","timestamp":"2023-11-09 12:47:21"},{"nodeID":"1294165","text":"Jordan: Bridget Kendall: not everybody is happy with what Putin is doing","type":"L","timestamp":"2023-11-09 12:47:21"},{"nodeID":"1294166","text":"Asserting","type":"YA","timestamp":"2023-11-09 12:47:21"},{"nodeID":"1294167","text":"Asserting","type":"YA","timestamp":"2023-11-09 12:47:21"},{"nodeID":"1294168","text":"Default Transition","type":"TA","timestamp":"2023-11-09 12:47:21"},{"nodeID":"1294169","text":"there is a hope that the sea of people in Moscow might just manage to either overthrow Putin or somehow divert him into a different course","type":"I","timestamp":"2023-11-09 12:47:22"},{"nodeID":"1294170","text":"Fiona Bruce: There is a hope that the sea of people in Moscow might just manage to either overthrow him or somehow divert him into a different course","type":"L","timestamp":"2023-11-09 12:47:22"},{"nodeID":"1294171","text":"Analysing","type":"YA","timestamp":"2023-11-09 12:47:22"},{"nodeID":"1294172","text":"Jordan: Fiona Bruce: There is a hope that the sea of people in Moscow might just manage to either overthrow him or somehow divert him into a different course","type":"L","timestamp":"2023-11-09 12:47:22"},{"nodeID":"1294173","text":"Asserting","type":"YA","timestamp":"2023-11-09 12:47:22"},{"nodeID":"1294174","text":"Default Transition","type":"TA","timestamp":"2023-11-09 12:47:22"},{"nodeID":"1294175","text":"at the end of the day, this will end in a negotiation","type":"I","timestamp":"2023-11-09 12:47:23"},{"nodeID":"1294176","text":"Konstantin Kisin: At the end of the day, this will end in a negotiation","type":"L","timestamp":"2023-11-09 12:47:23"},{"nodeID":"1294177","text":"Analysing","type":"YA","timestamp":"2023-11-09 12:47:23"},{"nodeID":"1294178","text":"Jordan: Konstantin Kisin: At the end of the day, this will end in a negotiation","type":"L","timestamp":"2023-11-09 12:47:23"},{"nodeID":"1294179","text":"Asserting","type":"YA","timestamp":"2023-11-09 12:47:23"},{"nodeID":"1294180","text":"Default Transition","type":"TA","timestamp":"2023-11-09 12:47:23"},{"nodeID":"1294181","text":"Default Transition","type":"TA","timestamp":"2023-11-09 12:47:23"},{"nodeID":"1294182","text":"Default Rephrase","type":"MA","timestamp":"2023-11-09 12:47:23"},{"nodeID":"1294183","text":"Restating","type":"YA","timestamp":"2023-11-09 12:47:23"},{"nodeID":"1294184","text":"Default Rephrase","type":"MA","timestamp":"2023-11-09 12:47:23"},{"nodeID":"1294185","text":"Default Transition","type":"TA","timestamp":"2023-11-09 12:47:23"},{"nodeID":"1294186","text":"Restating","type":"YA","timestamp":"2023-11-09 12:47:23"},{"nodeID":"1294187","text":"Default Inference","type":"RA","timestamp":"2023-11-09 12:47:23"},{"nodeID":"1294188","text":"Arguing","type":"YA","timestamp":"2023-11-09 12:47:23"}],"edges":[{"edgeID":"1701343","fromID":"1294063","toID":"1294066","formEdgeID":null},{"edgeID":"1701344","fromID":"1294064","toID":"1294063","formEdgeID":null},{"edgeID":"1701345","fromID":"1294066","toID":"1294062","formEdgeID":null},{"edgeID":"1701346","fromID":"1294065","toID":"1294064","formEdgeID":null},{"edgeID":"1701347","fromID":"1294070","toID":"1294068","formEdgeID":null},{"edgeID":"1701348","fromID":"1294068","toID":"1294071","formEdgeID":null},{"edgeID":"1701349","fromID":"1294071","toID":"1294067","formEdgeID":null},{"edgeID":"1701350","fromID":"1294069","toID":"1294070","formEdgeID":null},{"edgeID":"1701351","fromID":"1294063","toID":"1294072","formEdgeID":null},{"edgeID":"1701352","fromID":"1294072","toID":"1294068","formEdgeID":null},{"edgeID":"1701353","fromID":"1294077","toID":"1294073","formEdgeID":null},{"edgeID":"1701354","fromID":"1294074","toID":"1294077","formEdgeID":null},{"edgeID":"1701355","fromID":"1294076","toID":"1294075","formEdgeID":null},{"edgeID":"1701356","fromID":"1294075","toID":"1294074","formEdgeID":null},{"edgeID":"1701357","fromID":"1294078","toID":"1294067","formEdgeID":null},{"edgeID":"1701358","fromID":"1294073","toID":"1294078","formEdgeID":null},{"edgeID":"1701359","fromID":"1294079","toID":"1294074","formEdgeID":null},{"edgeID":"1701360","fromID":"1294068","toID":"1294079","formEdgeID":null},{"edgeID":"1701361","fromID":"1294079","toID":"1294080","formEdgeID":null},{"edgeID":"1701362","fromID":"1294080","toID":"1294078","formEdgeID":null},{"edgeID":"1701363","fromID":"1294083","toID":"1294084","formEdgeID":null},{"edgeID":"1701364","fromID":"1294086","toID":"1294085","formEdgeID":null},{"edgeID":"1701365","fromID":"1294085","toID":"1294083","formEdgeID":null},{"edgeID":"1701366","fromID":"1294084","toID":"1294082","formEdgeID":null},{"edgeID":"1701367","fromID":"1294087","toID":"1294083","formEdgeID":null},{"edgeID":"1701368","fromID":"1294074","toID":"1294087","formEdgeID":null},{"edgeID":"1701369","fromID":"1294090","toID":"1294091","formEdgeID":null},{"edgeID":"1701370","fromID":"1294091","toID":"1294089","formEdgeID":null},{"edgeID":"1701371","fromID":"1294092","toID":"1294088","formEdgeID":null},{"edgeID":"1701372","fromID":"1294089","toID":"1294092","formEdgeID":null},{"edgeID":"1701373","fromID":"1294088","toID":"1294093","formEdgeID":null},{"edgeID":"1701374","fromID":"1294093","toID":"1294082","formEdgeID":null},{"edgeID":"1701375","fromID":"1294094","toID":"1294089","formEdgeID":null},{"edgeID":"1701376","fromID":"1294083","toID":"1294094","formEdgeID":null},{"edgeID":"1701377","fromID":"1294094","toID":"1294095","formEdgeID":null},{"edgeID":"1701378","fromID":"1294095","toID":"1294093","formEdgeID":null},{"edgeID":"1701379","fromID":"1294099","toID":"1294098","formEdgeID":null},{"edgeID":"1701380","fromID":"1294097","toID":"1294099","formEdgeID":null},{"edgeID":"1701381","fromID":"1294098","toID":"1294100","formEdgeID":null},{"edgeID":"1701382","fromID":"1294100","toID":"1294096","formEdgeID":null},{"edgeID":"1701383","fromID":"1294089","toID":"1294101","formEdgeID":null},{"edgeID":"1701384","fromID":"1294101","toID":"1294098","formEdgeID":null},{"edgeID":"1701385","fromID":"1294102","toID":"1294088","formEdgeID":null},{"edgeID":"1701386","fromID":"1294096","toID":"1294102","formEdgeID":null},{"edgeID":"1701387","fromID":"1294101","toID":"1294103","formEdgeID":null},{"edgeID":"1701388","fromID":"1294103","toID":"1294102","formEdgeID":null},{"edgeID":"1701389","fromID":"1294108","toID":"1294104","formEdgeID":null},{"edgeID":"1701390","fromID":"1294105","toID":"1294108","formEdgeID":null},{"edgeID":"1701391","fromID":"1294107","toID":"1294106","formEdgeID":null},{"edgeID":"1701392","fromID":"1294106","toID":"1294105","formEdgeID":null},{"edgeID":"1701393","fromID":"1294109","toID":"1294105","formEdgeID":null},{"edgeID":"1701394","fromID":"1294098","toID":"1294109","formEdgeID":null},{"edgeID":"1701395","fromID":"1294112","toID":"1294111","formEdgeID":null},{"edgeID":"1701396","fromID":"1294113","toID":"1294112","formEdgeID":null},{"edgeID":"1701397","fromID":"1294111","toID":"1294114","formEdgeID":null},{"edgeID":"1701398","fromID":"1294114","toID":"1294110","formEdgeID":null},{"edgeID":"1701399","fromID":"1294115","toID":"1294111","formEdgeID":null},{"edgeID":"1701400","fromID":"1294105","toID":"1294115","formEdgeID":null},{"edgeID":"1701401","fromID":"1294110","toID":"1294116","formEdgeID":null},{"edgeID":"1701402","fromID":"1294116","toID":"1294104","formEdgeID":null},{"edgeID":"1701403","fromID":"1294115","toID":"1294117","formEdgeID":null},{"edgeID":"1701404","fromID":"1294117","toID":"1294116","formEdgeID":null},{"edgeID":"1701405","fromID":"1294121","toID":"1294120","formEdgeID":null},{"edgeID":"1701406","fromID":"1294120","toID":"1294119","formEdgeID":null},{"edgeID":"1701407","fromID":"1294122","toID":"1294118","formEdgeID":null},{"edgeID":"1701408","fromID":"1294119","toID":"1294122","formEdgeID":null},{"edgeID":"1701409","fromID":"1294123","toID":"1294118","formEdgeID":null},{"edgeID":"1701410","fromID":"1294110","toID":"1294123","formEdgeID":null},{"edgeID":"1701411","fromID":"1294111","toID":"1294124","formEdgeID":null},{"edgeID":"1701412","fromID":"1294124","toID":"1294119","formEdgeID":null},{"edgeID":"1701413","fromID":"1294124","toID":"1294125","formEdgeID":null},{"edgeID":"1701414","fromID":"1294125","toID":"1294123","formEdgeID":null},{"edgeID":"1701415","fromID":"1294127","toID":"1294130","formEdgeID":null},{"edgeID":"1701416","fromID":"1294128","toID":"1294127","formEdgeID":null},{"edgeID":"1701417","fromID":"1294130","toID":"1294126","formEdgeID":null},{"edgeID":"1701418","fromID":"1294129","toID":"1294128","formEdgeID":null},{"edgeID":"1701419","fromID":"1294132","toID":"1294135","formEdgeID":null},{"edgeID":"1701420","fromID":"1294133","toID":"1294132","formEdgeID":null},{"edgeID":"1701421","fromID":"1294135","toID":"1294131","formEdgeID":null},{"edgeID":"1701422","fromID":"1294134","toID":"1294133","formEdgeID":null},{"edgeID":"1701423","fromID":"1294136","toID":"1294132","formEdgeID":null},{"edgeID":"1701424","fromID":"1294127","toID":"1294136","formEdgeID":null},{"edgeID":"1701425","fromID":"1294139","toID":"1294138","formEdgeID":null},{"edgeID":"1701426","fromID":"1294138","toID":"1294141","formEdgeID":null},{"edgeID":"1701427","fromID":"1294141","toID":"1294137","formEdgeID":null},{"edgeID":"1701428","fromID":"1294140","toID":"1294139","formEdgeID":null},{"edgeID":"1701429","fromID":"1294142","toID":"1294138","formEdgeID":null},{"edgeID":"1701430","fromID":"1294132","toID":"1294142","formEdgeID":null},{"edgeID":"1701431","fromID":"1294137","toID":"1294143","formEdgeID":null},{"edgeID":"1701432","fromID":"1294143","toID":"1294131","formEdgeID":null},{"edgeID":"1701433","fromID":"1294142","toID":"1294144","formEdgeID":null},{"edgeID":"1701434","fromID":"1294144","toID":"1294143","formEdgeID":null},{"edgeID":"1701435","fromID":"1294148","toID":"1294147","formEdgeID":null},{"edgeID":"1701436","fromID":"1294147","toID":"1294146","formEdgeID":null},{"edgeID":"1701437","fromID":"1294146","toID":"1294149","formEdgeID":null},{"edgeID":"1701438","fromID":"1294149","toID":"1294145","formEdgeID":null},{"edgeID":"1701439","fromID":"1294138","toID":"1294150","formEdgeID":null},{"edgeID":"1701440","fromID":"1294150","toID":"1294146","formEdgeID":null},{"edgeID":"1701441","fromID":"1294152","toID":"1294154","formEdgeID":null},{"edgeID":"1701442","fromID":"1294154","toID":"1294153","formEdgeID":null},{"edgeID":"1701443","fromID":"1294153","toID":"1294155","formEdgeID":null},{"edgeID":"1701444","fromID":"1294155","toID":"1294151","formEdgeID":null},{"edgeID":"1701445","fromID":"1294146","toID":"1294156","formEdgeID":null},{"edgeID":"1701446","fromID":"1294156","toID":"1294153","formEdgeID":null},{"edgeID":"1701447","fromID":"1294145","toID":"1294157","formEdgeID":null},{"edgeID":"1701448","fromID":"1294157","toID":"1294151","formEdgeID":null},{"edgeID":"1701449","fromID":"1294156","toID":"1294158","formEdgeID":null},{"edgeID":"1701450","fromID":"1294158","toID":"1294157","formEdgeID":null},{"edgeID":"1701451","fromID":"1294160","toID":"1294161","formEdgeID":null},{"edgeID":"1701452","fromID":"1294162","toID":"1294160","formEdgeID":null},{"edgeID":"1701453","fromID":"1294164","toID":"1294163","formEdgeID":null},{"edgeID":"1701454","fromID":"1294165","toID":"1294164","formEdgeID":null},{"edgeID":"1701455","fromID":"1294163","toID":"1294166","formEdgeID":null},{"edgeID":"1701456","fromID":"1294166","toID":"1294159","formEdgeID":null},{"edgeID":"1701457","fromID":"1294161","toID":"1294167","formEdgeID":null},{"edgeID":"1701458","fromID":"1294167","toID":"1294163","formEdgeID":null},{"edgeID":"1701459","fromID":"1294153","toID":"1294168","formEdgeID":null},{"edgeID":"1701460","fromID":"1294168","toID":"1294161","formEdgeID":null},{"edgeID":"1701461","fromID":"1294171","toID":"1294170","formEdgeID":null},{"edgeID":"1701462","fromID":"1294172","toID":"1294171","formEdgeID":null},{"edgeID":"1701463","fromID":"1294170","toID":"1294173","formEdgeID":null},{"edgeID":"1701464","fromID":"1294173","toID":"1294169","formEdgeID":null},{"edgeID":"1701465","fromID":"1294161","toID":"1294174","formEdgeID":null},{"edgeID":"1701466","fromID":"1294174","toID":"1294170","formEdgeID":null},{"edgeID":"1701467","fromID":"1294177","toID":"1294176","formEdgeID":null},{"edgeID":"1701468","fromID":"1294178","toID":"1294177","formEdgeID":null},{"edgeID":"1701469","fromID":"1294176","toID":"1294179","formEdgeID":null},{"edgeID":"1701470","fromID":"1294179","toID":"1294175","formEdgeID":null},{"edgeID":"1701471","fromID":"1294119","toID":"1294180","formEdgeID":null},{"edgeID":"1701472","fromID":"1294180","toID":"1294176","formEdgeID":null},{"edgeID":"1701473","fromID":"1294176","toID":"1294181","formEdgeID":null},{"edgeID":"1701474","fromID":"1294181","toID":"1294127","formEdgeID":null},{"edgeID":"1701475","fromID":"1294126","toID":"1294182","formEdgeID":null},{"edgeID":"1701476","fromID":"1294182","toID":"1294175","formEdgeID":null},{"edgeID":"1701477","fromID":"1294181","toID":"1294183","formEdgeID":null},{"edgeID":"1701478","fromID":"1294183","toID":"1294182","formEdgeID":null},{"edgeID":"1701479","fromID":"1294175","toID":"1294184","formEdgeID":null},{"edgeID":"1701480","fromID":"1294184","toID":"1294062","formEdgeID":null},{"edgeID":"1701481","fromID":"1294176","toID":"1294185","formEdgeID":null},{"edgeID":"1701482","fromID":"1294185","toID":"1294063","formEdgeID":null},{"edgeID":"1701483","fromID":"1294185","toID":"1294186","formEdgeID":null},{"edgeID":"1701484","fromID":"1294186","toID":"1294184","formEdgeID":null},{"edgeID":"1701485","fromID":"1294169","toID":"1294187","formEdgeID":null},{"edgeID":"1701486","fromID":"1294187","toID":"1294159","formEdgeID":null},{"edgeID":"1701487","fromID":"1294174","toID":"1294188","formEdgeID":null},{"edgeID":"1701488","fromID":"1294188","toID":"1294187","formEdgeID":null}],"locutions":[]}