{"nodes":[{"nodeID":"1295064","text":"the people in Russia are being told there is a genocide being committed in Ukraine, that NATO is about to invade, that NATO is getting ready to position missiles to strike against the heart of Russia","type":"I","timestamp":"2023-11-09 12:48:38"},{"nodeID":"1295065","text":"Konstantin Kisin: the people in Russia are being told there is a genocide being committed in Ukraine, that NATO is about to invade, that NATO is getting ready to position missiles to strike against the heart of Russia","type":"L","timestamp":"2023-11-09 12:48:38"},{"nodeID":"1295066","text":"Analysing","type":"YA","timestamp":"2023-11-09 12:48:38"},{"nodeID":"1295067","text":"Anon: Konstantin Kisin: the people in Russia are being told there is a genocide being committed in Ukraine, that NATO is about to invade, that NATO is getting ready to position missiles to strike against the heart of Russia","type":"L","timestamp":"2023-11-09 12:48:38"},{"nodeID":"1295068","text":"Asserting","type":"YA","timestamp":"2023-11-09 12:48:38"},{"nodeID":"1295069","text":"no message we send here is going to change what Russia is being told","type":"I","timestamp":"2023-11-09 12:48:39"},{"nodeID":"1295070","text":"Konstantin Kisin: no message we send here is going to change that","type":"L","timestamp":"2023-11-09 12:48:39"},{"nodeID":"1295071","text":"Analysing","type":"YA","timestamp":"2023-11-09 12:48:39"},{"nodeID":"1295072","text":"Anon: Konstantin Kisin: no message we send here is going to change that","type":"L","timestamp":"2023-11-09 12:48:39"},{"nodeID":"1295073","text":"Asserting","type":"YA","timestamp":"2023-11-09 12:48:39"},{"nodeID":"1295074","text":"Default Transition","type":"TA","timestamp":"2023-11-09 12:48:39"},{"nodeID":"1295075","text":"Default Inference","type":"RA","timestamp":"2023-11-09 12:48:39"},{"nodeID":"1295076","text":"Arguing","type":"YA","timestamp":"2023-11-09 12:48:39"},{"nodeID":"1295077","text":"this is about the situation on the ground in Ukraine that has to be dealt with","type":"I","timestamp":"2023-11-09 12:48:39"},{"nodeID":"1295078","text":"Konstantin Kisin: This is about the situation on the ground in Ukraine that has to be dealt with","type":"L","timestamp":"2023-11-09 12:48:39"},{"nodeID":"1295079","text":"Analysing","type":"YA","timestamp":"2023-11-09 12:48:39"},{"nodeID":"1295080","text":"Anon: Konstantin Kisin: This is about the situation on the ground in Ukraine that has to be dealt with","type":"L","timestamp":"2023-11-09 12:48:39"},{"nodeID":"1295081","text":"Asserting","type":"YA","timestamp":"2023-11-09 12:48:39"},{"nodeID":"1295082","text":"Default Transition","type":"TA","timestamp":"2023-11-09 12:48:39"},{"nodeID":"1295083","text":"Default Inference","type":"RA","timestamp":"2023-11-09 12:48:39"},{"nodeID":"1295084","text":"Arguing","type":"YA","timestamp":"2023-11-09 12:48:39"},{"nodeID":"1295085","text":"this situation is nothing to do with what we say here on this panel","type":"I","timestamp":"2023-11-09 12:48:40"},{"nodeID":"1295086","text":"Konstantin Kisin: It is nothing to do with what we say here on this panel","type":"L","timestamp":"2023-11-09 12:48:40"},{"nodeID":"1295087","text":"Analysing","type":"YA","timestamp":"2023-11-09 12:48:40"},{"nodeID":"1295088","text":"Anon: Konstantin Kisin: It is nothing to do with what we say here on this panel","type":"L","timestamp":"2023-11-09 12:48:40"},{"nodeID":"1295089","text":"Asserting","type":"YA","timestamp":"2023-11-09 12:48:40"},{"nodeID":"1295090","text":"Default Transition","type":"TA","timestamp":"2023-11-09 12:48:40"},{"nodeID":"1295091","text":"Default Rephrase","type":"MA","timestamp":"2023-11-09 12:48:40"},{"nodeID":"1295092","text":"Restating","type":"YA","timestamp":"2023-11-09 12:48:40"},{"nodeID":"1295093","text":"Konstantin Kisin does or does not think in terms of oligarchs and sanctions against them","type":"I","timestamp":"2023-11-09 12:48:40"},{"nodeID":"1295094","text":"Fiona Bruce: Do you think in terms of oligarchs and sanctions against them or not","type":"L","timestamp":"2023-11-09 12:48:40"},{"nodeID":"1295095","text":"Analysing","type":"YA","timestamp":"2023-11-09 12:48:40"},{"nodeID":"1295096","text":"Anon: Fiona Bruce: Do you think in terms of oligarchs and sanctions against them or not","type":"L","timestamp":"2023-11-09 12:48:40"},{"nodeID":"1295097","text":"Pure Questioning","type":"YA","timestamp":"2023-11-09 12:48:40"},{"nodeID":"1295098","text":"Default Transition","type":"TA","timestamp":"2023-11-09 12:48:40"},{"nodeID":"1295099","text":"Jeremy Corbyn has been demanding sanctions against oligarchs for years","type":"I","timestamp":"2023-11-09 12:48:41"},{"nodeID":"1295100","text":"Konstantin Kisin: He has been demanding this for years","type":"L","timestamp":"2023-11-09 12:48:41"},{"nodeID":"1295101","text":"Analysing","type":"YA","timestamp":"2023-11-09 12:48:41"},{"nodeID":"1295102","text":"Anon: Konstantin Kisin: He has been demanding this for years","type":"L","timestamp":"2023-11-09 12:48:41"},{"nodeID":"1295103","text":"Asserting","type":"YA","timestamp":"2023-11-09 12:48:41"},{"nodeID":"1295104","text":"Jeremy Corbyn has been arguing to get oligarchs sent back to Russia","type":"I","timestamp":"2023-11-09 12:48:41"},{"nodeID":"1295105","text":"Konstantin Kisin: He has been arguing to get them sent back to Russia","type":"L","timestamp":"2023-11-09 12:48:41"},{"nodeID":"1295106","text":"Analysing","type":"YA","timestamp":"2023-11-09 12:48:41"},{"nodeID":"1295107","text":"Anon: Konstantin Kisin: He has been arguing to get them sent back to Russia","type":"L","timestamp":"2023-11-09 12:48:41"},{"nodeID":"1295108","text":"Asserting","type":"YA","timestamp":"2023-11-09 12:48:41"},{"nodeID":"1295109","text":"Default Transition","type":"TA","timestamp":"2023-11-09 12:48:41"},{"nodeID":"1295110","text":"Default Rephrase","type":"MA","timestamp":"2023-11-09 12:48:41"},{"nodeID":"1295111","text":"Restating","type":"YA","timestamp":"2023-11-09 12:48:41"},{"nodeID":"1295112","text":"sanctioning oligarchs won't change anything","type":"I","timestamp":"2023-11-09 12:48:42"},{"nodeID":"1295113","text":"Konstantin Kisin: This won't change anything","type":"L","timestamp":"2023-11-09 12:48:42"},{"nodeID":"1295114","text":"Analysing","type":"YA","timestamp":"2023-11-09 12:48:42"},{"nodeID":"1295115","text":"Anon: Konstantin Kisin: This won't change anything","type":"L","timestamp":"2023-11-09 12:48:42"},{"nodeID":"1295116","text":"Asserting","type":"YA","timestamp":"2023-11-09 12:48:42"},{"nodeID":"1295117","text":"Default Rephrase","type":"MA","timestamp":"2023-11-09 12:48:42"},{"nodeID":"1295118","text":"Default Transition","type":"TA","timestamp":"2023-11-09 12:48:42"},{"nodeID":"1295119","text":"Default Illocuting","type":"YA","timestamp":"2023-11-09 12:48:42"},{"nodeID":"1295120","text":"we may start to see some figures who sat on the fence and they moved their family to Britain and a lot of their personal wealth and they bought nice houses in Weybridge","type":"I","timestamp":"2023-11-09 12:48:43"},{"nodeID":"1295121","text":"Bridget Kendall: We may start to see some figures who sat on the fence and they moved their family to Britain and a lot of their personal wealth and they bought nice houses in Weybridge","type":"L","timestamp":"2023-11-09 12:48:43"},{"nodeID":"1295122","text":"Analysing","type":"YA","timestamp":"2023-11-09 12:48:43"},{"nodeID":"1295123","text":"Anon: Bridget Kendall: We may start to see some figures who sat on the fence and they moved their family to Britain and a lot of their personal wealth and they bought nice houses in Weybridge","type":"L","timestamp":"2023-11-09 12:48:43"},{"nodeID":"1295124","text":"Asserting","type":"YA","timestamp":"2023-11-09 12:48:43"},{"nodeID":"1295125","text":"Default Transition","type":"TA","timestamp":"2023-11-09 12:48:43"},{"nodeID":"1295126","text":"figures who sat on the fence still did business in Russia and went along to the big Kremlin meetings with Mr Putin that happened recently","type":"I","timestamp":"2023-11-09 12:48:43"},{"nodeID":"1295127","text":"Bridget Kendall: they still done business in Russia and gone along to the big Kremlin meetings with Mr Putin that happened recently","type":"L","timestamp":"2023-11-09 12:48:43"},{"nodeID":"1295128","text":"Analysing","type":"YA","timestamp":"2023-11-09 12:48:43"},{"nodeID":"1295129","text":"Anon: Bridget Kendall: they still done business in Russia and gone along to the big Kremlin meetings with Mr Putin that happened recently","type":"L","timestamp":"2023-11-09 12:48:43"},{"nodeID":"1295130","text":"Asserting","type":"YA","timestamp":"2023-11-09 12:48:43"},{"nodeID":"1295131","text":"Default Transition","type":"TA","timestamp":"2023-11-09 12:48:43"},{"nodeID":"1295132","text":"Default Rephrase","type":"MA","timestamp":"2023-11-09 12:48:43"},{"nodeID":"1295133","text":"Restating","type":"YA","timestamp":"2023-11-09 12:48:43"},{"nodeID":"1295134","text":"those who sat on the fence are going to have to make a choice","type":"I","timestamp":"2023-11-09 12:48:44"},{"nodeID":"1295135","text":"Bridget Kendall: They're going to have to make a choice","type":"L","timestamp":"2023-11-09 12:48:44"},{"nodeID":"1295136","text":"Analysing","type":"YA","timestamp":"2023-11-09 12:48:44"},{"nodeID":"1295137","text":"Anon: Bridget Kendall: They're going to have to make a choice","type":"L","timestamp":"2023-11-09 12:48:44"},{"nodeID":"1295138","text":"Asserting","type":"YA","timestamp":"2023-11-09 12:48:44"},{"nodeID":"1295139","text":"Default Transition","type":"TA","timestamp":"2023-11-09 12:48:44"},{"nodeID":"1295140","text":"Default Inference","type":"RA","timestamp":"2023-11-09 12:48:44"},{"nodeID":"1295141","text":"Arguing","type":"YA","timestamp":"2023-11-09 12:48:44"},{"nodeID":"1295142","text":"some of those who sat on the fence are on the sanctions list","type":"I","timestamp":"2023-11-09 12:48:44"},{"nodeID":"1295143","text":"Bridget Kendall: Some are on the sanctions list","type":"L","timestamp":"2023-11-09 12:48:44"},{"nodeID":"1295144","text":"Analysing","type":"YA","timestamp":"2023-11-09 12:48:44"},{"nodeID":"1295145","text":"Anon: Bridget Kendall: Some are on the sanctions list","type":"L","timestamp":"2023-11-09 12:48:44"},{"nodeID":"1295146","text":"Asserting","type":"YA","timestamp":"2023-11-09 12:48:44"},{"nodeID":"1295147","text":"Default Transition","type":"TA","timestamp":"2023-11-09 12:48:44"},{"nodeID":"1295148","text":"Default Rephrase","type":"MA","timestamp":"2023-11-09 12:48:44"},{"nodeID":"1295149","text":"Restating","type":"YA","timestamp":"2023-11-09 12:48:44"},{"nodeID":"1295150","text":"there will be more people who might decide to come out and say how dismayed they are and outraged at what their government is doing just as Konstantin just did","type":"I","timestamp":"2023-11-09 12:48:45"},{"nodeID":"1295151","text":"Bridget Kendall: there will be more people who might decide to come out and say how dismayed they are and outraged at what their government is doing as you just did","type":"L","timestamp":"2023-11-09 12:48:45"},{"nodeID":"1295152","text":"Analysing","type":"YA","timestamp":"2023-11-09 12:48:45"},{"nodeID":"1295153","text":"Anon: Bridget Kendall: there will be more people who might decide to come out and say how dismayed they are and outraged at what their government is doing as you just did","type":"L","timestamp":"2023-11-09 12:48:45"},{"nodeID":"1295154","text":"Asserting","type":"YA","timestamp":"2023-11-09 12:48:45"},{"nodeID":"1295155","text":"Default Transition","type":"TA","timestamp":"2023-11-09 12:48:45"},{"nodeID":"1295156","text":"Default Conflict","type":"CA","timestamp":"2023-11-09 12:48:45"},{"nodeID":"1295157","text":"Disagreeing","type":"YA","timestamp":"2023-11-09 12:48:45"},{"nodeID":"1295158","text":"there are others for whom coming out will be a bigger deal","type":"I","timestamp":"2023-11-09 12:48:45"},{"nodeID":"1295159","text":"Bridget Kendall: There are others for whom it will be a bigger deal","type":"L","timestamp":"2023-11-09 12:48:45"},{"nodeID":"1295160","text":"Analysing","type":"YA","timestamp":"2023-11-09 12:48:45"},{"nodeID":"1295161","text":"Anon: Bridget Kendall: There are others for whom it will be a bigger deal","type":"L","timestamp":"2023-11-09 12:48:45"},{"nodeID":"1295162","text":"Asserting","type":"YA","timestamp":"2023-11-09 12:48:45"},{"nodeID":"1295163","text":"Default Transition","type":"TA","timestamp":"2023-11-09 12:48:45"},{"nodeID":"1295164","text":"Default Conflict","type":"CA","timestamp":"2023-11-09 12:48:45"},{"nodeID":"1295165","text":"Disagreeing","type":"YA","timestamp":"2023-11-09 12:48:45"},{"nodeID":"1295166","text":"Default Transition","type":"TA","timestamp":"2023-11-09 12:48:45"}],"edges":[{"edgeID":"1702518","fromID":"1295066","toID":"1295065","formEdgeID":null},{"edgeID":"1702519","fromID":"1295067","toID":"1295066","formEdgeID":null},{"edgeID":"1702520","fromID":"1295065","toID":"1295068","formEdgeID":null},{"edgeID":"1702521","fromID":"1295068","toID":"1295064","formEdgeID":null},{"edgeID":"1702522","fromID":"1295071","toID":"1295070","formEdgeID":null},{"edgeID":"1702523","fromID":"1295072","toID":"1295071","formEdgeID":null},{"edgeID":"1702524","fromID":"1295070","toID":"1295073","formEdgeID":null},{"edgeID":"1702525","fromID":"1295073","toID":"1295069","formEdgeID":null},{"edgeID":"1702526","fromID":"1295065","toID":"1295074","formEdgeID":null},{"edgeID":"1702527","fromID":"1295074","toID":"1295070","formEdgeID":null},{"edgeID":"1702528","fromID":"1295064","toID":"1295075","formEdgeID":null},{"edgeID":"1702529","fromID":"1295075","toID":"1295069","formEdgeID":null},{"edgeID":"1702530","fromID":"1295074","toID":"1295076","formEdgeID":null},{"edgeID":"1702531","fromID":"1295076","toID":"1295075","formEdgeID":null},{"edgeID":"1702532","fromID":"1295079","toID":"1295078","formEdgeID":null},{"edgeID":"1702533","fromID":"1295080","toID":"1295079","formEdgeID":null},{"edgeID":"1702534","fromID":"1295078","toID":"1295081","formEdgeID":null},{"edgeID":"1702535","fromID":"1295081","toID":"1295077","formEdgeID":null},{"edgeID":"1702536","fromID":"1295070","toID":"1295082","formEdgeID":null},{"edgeID":"1702537","fromID":"1295082","toID":"1295078","formEdgeID":null},{"edgeID":"1702538","fromID":"1295069","toID":"1295083","formEdgeID":null},{"edgeID":"1702539","fromID":"1295083","toID":"1295077","formEdgeID":null},{"edgeID":"1702540","fromID":"1295082","toID":"1295084","formEdgeID":null},{"edgeID":"1702541","fromID":"1295084","toID":"1295083","formEdgeID":null},{"edgeID":"1702542","fromID":"1295087","toID":"1295086","formEdgeID":null},{"edgeID":"1702543","fromID":"1295088","toID":"1295087","formEdgeID":null},{"edgeID":"1702544","fromID":"1295086","toID":"1295089","formEdgeID":null},{"edgeID":"1702545","fromID":"1295089","toID":"1295085","formEdgeID":null},{"edgeID":"1702546","fromID":"1295078","toID":"1295090","formEdgeID":null},{"edgeID":"1702547","fromID":"1295090","toID":"1295086","formEdgeID":null},{"edgeID":"1702548","fromID":"1295085","toID":"1295091","formEdgeID":null},{"edgeID":"1702549","fromID":"1295091","toID":"1295077","formEdgeID":null},{"edgeID":"1702550","fromID":"1295090","toID":"1295092","formEdgeID":null},{"edgeID":"1702551","fromID":"1295092","toID":"1295091","formEdgeID":null},{"edgeID":"1702552","fromID":"1295095","toID":"1295094","formEdgeID":null},{"edgeID":"1702553","fromID":"1295096","toID":"1295095","formEdgeID":null},{"edgeID":"1702554","fromID":"1295094","toID":"1295097","formEdgeID":null},{"edgeID":"1702555","fromID":"1295097","toID":"1295093","formEdgeID":null},{"edgeID":"1702556","fromID":"1295086","toID":"1295098","formEdgeID":null},{"edgeID":"1702557","fromID":"1295098","toID":"1295094","formEdgeID":null},{"edgeID":"1702558","fromID":"1295101","toID":"1295100","formEdgeID":null},{"edgeID":"1702559","fromID":"1295102","toID":"1295101","formEdgeID":null},{"edgeID":"1702560","fromID":"1295100","toID":"1295103","formEdgeID":null},{"edgeID":"1702561","fromID":"1295103","toID":"1295099","formEdgeID":null},{"edgeID":"1702562","fromID":"1295106","toID":"1295105","formEdgeID":null},{"edgeID":"1702563","fromID":"1295107","toID":"1295106","formEdgeID":null},{"edgeID":"1702564","fromID":"1295105","toID":"1295108","formEdgeID":null},{"edgeID":"1702565","fromID":"1295108","toID":"1295104","formEdgeID":null},{"edgeID":"1702566","fromID":"1295100","toID":"1295109","formEdgeID":null},{"edgeID":"1702567","fromID":"1295109","toID":"1295105","formEdgeID":null},{"edgeID":"1702568","fromID":"1295104","toID":"1295110","formEdgeID":null},{"edgeID":"1702569","fromID":"1295110","toID":"1295099","formEdgeID":null},{"edgeID":"1702570","fromID":"1295109","toID":"1295111","formEdgeID":null},{"edgeID":"1702571","fromID":"1295111","toID":"1295110","formEdgeID":null},{"edgeID":"1702572","fromID":"1295114","toID":"1295113","formEdgeID":null},{"edgeID":"1702573","fromID":"1295115","toID":"1295114","formEdgeID":null},{"edgeID":"1702574","fromID":"1295113","toID":"1295116","formEdgeID":null},{"edgeID":"1702575","fromID":"1295116","toID":"1295112","formEdgeID":null},{"edgeID":"1702576","fromID":"1295112","toID":"1295117","formEdgeID":null},{"edgeID":"1702577","fromID":"1295117","toID":"1295093","formEdgeID":null},{"edgeID":"1702578","fromID":"1295094","toID":"1295118","formEdgeID":null},{"edgeID":"1702579","fromID":"1295118","toID":"1295113","formEdgeID":null},{"edgeID":"1702580","fromID":"1295118","toID":"1295119","formEdgeID":null},{"edgeID":"1702581","fromID":"1295119","toID":"1295117","formEdgeID":null},{"edgeID":"1702582","fromID":"1295122","toID":"1295121","formEdgeID":null},{"edgeID":"1702583","fromID":"1295123","toID":"1295122","formEdgeID":null},{"edgeID":"1702584","fromID":"1295121","toID":"1295124","formEdgeID":null},{"edgeID":"1702585","fromID":"1295124","toID":"1295120","formEdgeID":null},{"edgeID":"1702586","fromID":"1295113","toID":"1295125","formEdgeID":null},{"edgeID":"1702587","fromID":"1295125","toID":"1295121","formEdgeID":null},{"edgeID":"1702588","fromID":"1295128","toID":"1295127","formEdgeID":null},{"edgeID":"1702589","fromID":"1295129","toID":"1295128","formEdgeID":null},{"edgeID":"1702590","fromID":"1295127","toID":"1295130","formEdgeID":null},{"edgeID":"1702591","fromID":"1295130","toID":"1295126","formEdgeID":null},{"edgeID":"1702592","fromID":"1295121","toID":"1295131","formEdgeID":null},{"edgeID":"1702593","fromID":"1295131","toID":"1295127","formEdgeID":null},{"edgeID":"1702594","fromID":"1295126","toID":"1295132","formEdgeID":null},{"edgeID":"1702595","fromID":"1295132","toID":"1295120","formEdgeID":null},{"edgeID":"1702596","fromID":"1295131","toID":"1295133","formEdgeID":null},{"edgeID":"1702597","fromID":"1295133","toID":"1295132","formEdgeID":null},{"edgeID":"1702598","fromID":"1295136","toID":"1295135","formEdgeID":null},{"edgeID":"1702599","fromID":"1295137","toID":"1295136","formEdgeID":null},{"edgeID":"1702600","fromID":"1295135","toID":"1295138","formEdgeID":null},{"edgeID":"1702601","fromID":"1295138","toID":"1295134","formEdgeID":null},{"edgeID":"1702602","fromID":"1295127","toID":"1295139","formEdgeID":null},{"edgeID":"1702603","fromID":"1295139","toID":"1295135","formEdgeID":null},{"edgeID":"1702604","fromID":"1295126","toID":"1295140","formEdgeID":null},{"edgeID":"1702605","fromID":"1295140","toID":"1295134","formEdgeID":null},{"edgeID":"1702606","fromID":"1295139","toID":"1295141","formEdgeID":null},{"edgeID":"1702607","fromID":"1295141","toID":"1295140","formEdgeID":null},{"edgeID":"1702608","fromID":"1295144","toID":"1295143","formEdgeID":null},{"edgeID":"1702609","fromID":"1295145","toID":"1295144","formEdgeID":null},{"edgeID":"1702610","fromID":"1295143","toID":"1295146","formEdgeID":null},{"edgeID":"1702611","fromID":"1295146","toID":"1295142","formEdgeID":null},{"edgeID":"1702612","fromID":"1295135","toID":"1295147","formEdgeID":null},{"edgeID":"1702613","fromID":"1295147","toID":"1295143","formEdgeID":null},{"edgeID":"1702614","fromID":"1295142","toID":"1295148","formEdgeID":null},{"edgeID":"1702615","fromID":"1295148","toID":"1295134","formEdgeID":null},{"edgeID":"1702616","fromID":"1295147","toID":"1295149","formEdgeID":null},{"edgeID":"1702617","fromID":"1295149","toID":"1295148","formEdgeID":null},{"edgeID":"1702618","fromID":"1295152","toID":"1295151","formEdgeID":null},{"edgeID":"1702619","fromID":"1295153","toID":"1295152","formEdgeID":null},{"edgeID":"1702620","fromID":"1295151","toID":"1295154","formEdgeID":null},{"edgeID":"1702621","fromID":"1295154","toID":"1295150","formEdgeID":null},{"edgeID":"1702622","fromID":"1295143","toID":"1295155","formEdgeID":null},{"edgeID":"1702623","fromID":"1295155","toID":"1295151","formEdgeID":null},{"edgeID":"1702624","fromID":"1295150","toID":"1295156","formEdgeID":null},{"edgeID":"1702625","fromID":"1295156","toID":"1295142","formEdgeID":null},{"edgeID":"1702626","fromID":"1295155","toID":"1295157","formEdgeID":null},{"edgeID":"1702627","fromID":"1295157","toID":"1295156","formEdgeID":null},{"edgeID":"1702628","fromID":"1295160","toID":"1295159","formEdgeID":null},{"edgeID":"1702629","fromID":"1295161","toID":"1295160","formEdgeID":null},{"edgeID":"1702630","fromID":"1295159","toID":"1295162","formEdgeID":null},{"edgeID":"1702631","fromID":"1295162","toID":"1295158","formEdgeID":null},{"edgeID":"1702632","fromID":"1295151","toID":"1295163","formEdgeID":null},{"edgeID":"1702633","fromID":"1295163","toID":"1295159","formEdgeID":null},{"edgeID":"1702634","fromID":"1295158","toID":"1295164","formEdgeID":null},{"edgeID":"1702635","fromID":"1295164","toID":"1295150","formEdgeID":null},{"edgeID":"1702636","fromID":"1295163","toID":"1295165","formEdgeID":null},{"edgeID":"1702637","fromID":"1295165","toID":"1295164","formEdgeID":null},{"edgeID":"1702638","fromID":"1295094","toID":"1295166","formEdgeID":null},{"edgeID":"1702639","fromID":"1295166","toID":"1295100","formEdgeID":null}],"locutions":[]}