{"nodes":[{"nodeID":"1140994","text":"the threats that are being talked about now are the same that we have endured over those last 50 years","type":"I","timestamp":"2023-04-11 19:14:24"},{"nodeID":"1141010","text":"we have to understand the impact of 12 years a Tory Government has had on our armed services","type":"I","timestamp":"2023-04-11 19:14:34"},{"nodeID":"1141019","text":"we have fewer ships, fewer sailors and fewer soldiers than this country has had for 300 years","type":"I","timestamp":"2023-04-11 19:14:45"},{"nodeID":"1141031","text":"Germany, this week, has just increased its spending on defence","type":"I","timestamp":"2023-04-11 19:14:56"},{"nodeID":"1294948","text":"we should remember is that NATO's combined forces are overwhelmingly superior","type":"I","timestamp":"2023-11-09 12:48:28"},{"nodeID":"1294949","text":"Penny Mordaunt: So, the other thing that we should remember is that NATO's combined forces are overwhelmingly superior","type":"L","timestamp":"2023-11-09 12:48:28"},{"nodeID":"1294950","text":"Analysing","type":"YA","timestamp":"2023-11-09 12:48:28"},{"nodeID":"1294951","text":"Anna : Penny Mordaunt: So, the other thing that we should remember is that NATO's combined forces are overwhelmingly superior","type":"L","timestamp":"2023-11-09 12:48:28"},{"nodeID":"1294952","text":"Asserting","type":"YA","timestamp":"2023-11-09 12:48:28"},{"nodeID":"1294953","text":"this is not a likely outcome","type":"I","timestamp":"2023-11-09 12:48:28"},{"nodeID":"1294954","text":"Penny Mordaunt:  this is not a likely outcome","type":"L","timestamp":"2023-11-09 12:48:28"},{"nodeID":"1294955","text":"Analysing","type":"YA","timestamp":"2023-11-09 12:48:28"},{"nodeID":"1294956","text":"Anna : Penny Mordaunt:  this is not a likely outcome","type":"L","timestamp":"2023-11-09 12:48:28"},{"nodeID":"1294957","text":"Asserting","type":"YA","timestamp":"2023-11-09 12:48:28"},{"nodeID":"1294958","text":"NATO has been very clear that if you do anything to a NATO member state","type":"I","timestamp":"2023-11-09 12:48:29"},{"nodeID":"1294959","text":"Penny Mordaunt:  NATO has been very clear that if you do anything to a NATO member state","type":"L","timestamp":"2023-11-09 12:48:29"},{"nodeID":"1294960","text":"Analysing","type":"YA","timestamp":"2023-11-09 12:48:29"},{"nodeID":"1294961","text":"Anna : Penny Mordaunt:  NATO has been very clear that if you do anything to a NATO member state","type":"L","timestamp":"2023-11-09 12:48:29"},{"nodeID":"1294962","text":"Asserting","type":"YA","timestamp":"2023-11-09 12:48:29"},{"nodeID":"1294963","text":"NATO is going to retaliate and it will defend itself","type":"I","timestamp":"2023-11-09 12:48:30"},{"nodeID":"1294964","text":"Penny Mordaunt: it is going to retaliate and it will defend itself","type":"L","timestamp":"2023-11-09 12:48:30"},{"nodeID":"1294965","text":"Analysing","type":"YA","timestamp":"2023-11-09 12:48:30"},{"nodeID":"1294966","text":"Anna : Penny Mordaunt: it is going to retaliate and it will defend itself","type":"L","timestamp":"2023-11-09 12:48:30"},{"nodeID":"1294967","text":"Asserting","type":"YA","timestamp":"2023-11-09 12:48:30"},{"nodeID":"1294968","text":"Penny Mordaunt knows it is scary when you hear about nuclear weapons being talked about on the television","type":"I","timestamp":"2023-11-09 12:48:30"},{"nodeID":"1294969","text":"Penny Mordaunt: I know it is scary when you hear about nuclear weapons being talked about on the television","type":"L","timestamp":"2023-11-09 12:48:30"},{"nodeID":"1294970","text":"Analysing","type":"YA","timestamp":"2023-11-09 12:48:30"},{"nodeID":"1294971","text":"Anna : Penny Mordaunt: I know it is scary when you hear about nuclear weapons being talked about on the television","type":"L","timestamp":"2023-11-09 12:48:30"},{"nodeID":"1294972","text":"Asserting","type":"YA","timestamp":"2023-11-09 12:48:30"},{"nodeID":"1294973","text":"we have had the nuclear deterrent for 50 years and it has kept us safe","type":"I","timestamp":"2023-11-09 12:48:31"},{"nodeID":"1294974","text":"Penny Mordaunt: We have had the nuclear deterrent for 50 years and it has kept us safe","type":"L","timestamp":"2023-11-09 12:48:31"},{"nodeID":"1294975","text":"Analysing","type":"YA","timestamp":"2023-11-09 12:48:31"},{"nodeID":"1294976","text":"Anna : Penny Mordaunt: We have had the nuclear deterrent for 50 years and it has kept us safe","type":"L","timestamp":"2023-11-09 12:48:31"},{"nodeID":"1294977","text":"Asserting","type":"YA","timestamp":"2023-11-09 12:48:31"},{"nodeID":"1294978","text":"Penny Mordaunt: The threats that are being talked about now are the same that we have endured over those last 50 years","type":"L","timestamp":"2023-11-09 12:48:31"},{"nodeID":"1294979","text":"Analysing","type":"YA","timestamp":"2023-11-09 12:48:31"},{"nodeID":"1294980","text":"Anna : Penny Mordaunt: The threats that are being talked about now are the same that we have endured over those last 50 years","type":"L","timestamp":"2023-11-09 12:48:31"},{"nodeID":"1294981","text":"Asserting","type":"YA","timestamp":"2023-11-09 12:48:31"},{"nodeID":"1294982","text":"Peter Kyle: we have to understand the impact of 12 years a Tory Government has had on our armed services","type":"L","timestamp":"2023-11-09 12:48:32"},{"nodeID":"1294983","text":"Analysing","type":"YA","timestamp":"2023-11-09 12:48:32"},{"nodeID":"1294984","text":"Anna : Peter Kyle: we have to understand the impact of 12 years a Tory Government has had on our armed services","type":"L","timestamp":"2023-11-09 12:48:32"},{"nodeID":"1294985","text":"Asserting","type":"YA","timestamp":"2023-11-09 12:48:32"},{"nodeID":"1294986","text":"Peter Kyle: We have fewer ships, fewer sailors and fewer soldiers than this country has had for 300 years","type":"L","timestamp":"2023-11-09 12:48:32"},{"nodeID":"1294987","text":"Analysing","type":"YA","timestamp":"2023-11-09 12:48:32"},{"nodeID":"1294988","text":"Anna : Peter Kyle: We have fewer ships, fewer sailors and fewer soldiers than this country has had for 300 years","type":"L","timestamp":"2023-11-09 12:48:32"},{"nodeID":"1294989","text":"Asserting","type":"YA","timestamp":"2023-11-09 12:48:32"},{"nodeID":"1294990","text":"Peter Kyle: Germany, this week, has just increased its spending on defence","type":"L","timestamp":"2023-11-09 12:48:33"},{"nodeID":"1294991","text":"Analysing","type":"YA","timestamp":"2023-11-09 12:48:33"},{"nodeID":"1294992","text":"Anna : Peter Kyle: Germany, this week, has just increased its spending on defence","type":"L","timestamp":"2023-11-09 12:48:33"},{"nodeID":"1294993","text":"Asserting","type":"YA","timestamp":"2023-11-09 12:48:33"},{"nodeID":"1294994","text":"the increase alone in Germany's spending is double our annual budget for the military and defence","type":"I","timestamp":"2023-11-09 12:48:34"},{"nodeID":"1294995","text":"Peter Kyle: The increase alone in Germany's spending is double our annual budget for the military and defence","type":"L","timestamp":"2023-11-09 12:48:34"},{"nodeID":"1294996","text":"Analysing","type":"YA","timestamp":"2023-11-09 12:48:34"},{"nodeID":"1294997","text":"Anna : Peter Kyle: The increase alone in Germany's spending is double our annual budget for the military and defence","type":"L","timestamp":"2023-11-09 12:48:34"},{"nodeID":"1294998","text":"Asserting","type":"YA","timestamp":"2023-11-09 12:48:34"},{"nodeID":"1294999","text":"that's the scale of cutbacks we've had","type":"I","timestamp":"2023-11-09 12:48:34"},{"nodeID":"1295000","text":"Peter Kyle: That's the scale of cutbacks we've had","type":"L","timestamp":"2023-11-09 12:48:34"},{"nodeID":"1295001","text":"Analysing","type":"YA","timestamp":"2023-11-09 12:48:34"},{"nodeID":"1295002","text":"Anna : Peter Kyle: That's the scale of cutbacks we've had","type":"L","timestamp":"2023-11-09 12:48:34"},{"nodeID":"1295003","text":"Asserting","type":"YA","timestamp":"2023-11-09 12:48:34"},{"nodeID":"1295004","text":"there are 7,000 more soldiers to go","type":"I","timestamp":"2023-11-09 12:48:35"},{"nodeID":"1295005","text":"Peter Kyle:  and still there are 7,000 more soldiers to go","type":"L","timestamp":"2023-11-09 12:48:35"},{"nodeID":"1295006","text":"Analysing","type":"YA","timestamp":"2023-11-09 12:48:35"},{"nodeID":"1295007","text":"Anna : Peter Kyle:  and still there are 7,000 more soldiers to go","type":"L","timestamp":"2023-11-09 12:48:35"},{"nodeID":"1295008","text":"Asserting","type":"YA","timestamp":"2023-11-09 12:48:35"},{"nodeID":"1295009","text":"there are 7000 more soldiers to be cut from today forward by this Government","type":"I","timestamp":"2023-11-09 12:48:35"},{"nodeID":"1295010","text":"Peter Kyle:  to be cut from today forward by this Government","type":"L","timestamp":"2023-11-09 12:48:35"},{"nodeID":"1295011","text":"Analysing","type":"YA","timestamp":"2023-11-09 12:48:35"},{"nodeID":"1295012","text":"Anna : Peter Kyle:  to be cut from today forward by this Government","type":"L","timestamp":"2023-11-09 12:48:35"},{"nodeID":"1295013","text":"Asserting","type":"YA","timestamp":"2023-11-09 12:48:35"},{"nodeID":"1295014","text":"the integrated review refocus what we do have to the Asia-Pacific area","type":"I","timestamp":"2023-11-09 12:48:36"},{"nodeID":"1295015","text":"Peter Kyle:  and the integrated review refocus what we do have to the Asia-Pacific area","type":"L","timestamp":"2023-11-09 12:48:36"},{"nodeID":"1295016","text":"Analysing","type":"YA","timestamp":"2023-11-09 12:48:36"},{"nodeID":"1295017","text":"Anna : Peter Kyle:  and the integrated review refocus what we do have to the Asia-Pacific area","type":"L","timestamp":"2023-11-09 12:48:36"},{"nodeID":"1295018","text":"Asserting","type":"YA","timestamp":"2023-11-09 12:48:36"},{"nodeID":"1295019","text":"we thought this and we said to government what were the dangers on our own doorstep","type":"I","timestamp":"2023-11-09 12:48:36"},{"nodeID":"1295020","text":"Peter Kyle: We thought this and we said to government what were the dangers on our own doorstep","type":"L","timestamp":"2023-11-09 12:48:36"},{"nodeID":"1295021","text":"Analysing","type":"YA","timestamp":"2023-11-09 12:48:36"},{"nodeID":"1295022","text":"Anna : Peter Kyle: We thought this and we said to government what were the dangers on our own doorstep","type":"L","timestamp":"2023-11-09 12:48:36"},{"nodeID":"1295023","text":"Asserting","type":"YA","timestamp":"2023-11-09 12:48:36"},{"nodeID":"1295024","text":"the government didn't listen to the warnings","type":"I","timestamp":"2023-11-09 12:48:37"},{"nodeID":"1295025","text":"Peter Kyle: and they didn't listen","type":"L","timestamp":"2023-11-09 12:48:37"},{"nodeID":"1295026","text":"Analysing","type":"YA","timestamp":"2023-11-09 12:48:37"},{"nodeID":"1295027","text":"Anna : Peter Kyle: and they didn't listen","type":"L","timestamp":"2023-11-09 12:48:37"},{"nodeID":"1295028","text":"Asserting","type":"YA","timestamp":"2023-11-09 12:48:37"},{"nodeID":"1295029","text":"Default Transition","type":"TA","timestamp":"2023-11-09 12:48:37"},{"nodeID":"1295030","text":"Default Transition","type":"TA","timestamp":"2023-11-09 12:48:37"},{"nodeID":"1295031","text":"Default Inference","type":"RA","timestamp":"2023-11-09 12:48:37"},{"nodeID":"1295032","text":"Default Transition","type":"TA","timestamp":"2023-11-09 12:48:37"},{"nodeID":"1295033","text":"Arguing","type":"YA","timestamp":"2023-11-09 12:48:37"},{"nodeID":"1295034","text":"Default Transition","type":"TA","timestamp":"2023-11-09 12:48:37"},{"nodeID":"1295035","text":"Default Transition","type":"TA","timestamp":"2023-11-09 12:48:37"},{"nodeID":"1295036","text":"Default Transition","type":"TA","timestamp":"2023-11-09 12:48:37"},{"nodeID":"1295037","text":"Default Rephrase","type":"MA","timestamp":"2023-11-09 12:48:37"},{"nodeID":"1295038","text":"Restating","type":"YA","timestamp":"2023-11-09 12:48:37"},{"nodeID":"1295039","text":"Default Transition","type":"TA","timestamp":"2023-11-09 12:48:37"},{"nodeID":"1295040","text":"Default Inference","type":"RA","timestamp":"2023-11-09 12:48:37"},{"nodeID":"1295041","text":"Default Transition","type":"TA","timestamp":"2023-11-09 12:48:37"},{"nodeID":"1295042","text":"Arguing","type":"YA","timestamp":"2023-11-09 12:48:37"},{"nodeID":"1295043","text":"Default Rephrase","type":"MA","timestamp":"2023-11-09 12:48:37"},{"nodeID":"1295044","text":"Default Transition","type":"TA","timestamp":"2023-11-09 12:48:37"},{"nodeID":"1295045","text":"Restating","type":"YA","timestamp":"2023-11-09 12:48:37"},{"nodeID":"1295046","text":"Default Transition","type":"TA","timestamp":"2023-11-09 12:48:37"},{"nodeID":"1295047","text":"Default Rephrase","type":"MA","timestamp":"2023-11-09 12:48:37"},{"nodeID":"1295048","text":"Default Transition","type":"TA","timestamp":"2023-11-09 12:48:37"},{"nodeID":"1295049","text":"Restating","type":"YA","timestamp":"2023-11-09 12:48:37"},{"nodeID":"1295050","text":"Default Transition","type":"TA","timestamp":"2023-11-09 12:48:37"},{"nodeID":"1295051","text":"Default Transition","type":"TA","timestamp":"2023-11-09 12:48:37"},{"nodeID":"1295052","text":"Default Transition","type":"TA","timestamp":"2023-11-09 12:48:37"},{"nodeID":"1295053","text":"Default Inference","type":"RA","timestamp":"2023-11-09 12:48:37"},{"nodeID":"1295054","text":"Arguing","type":"YA","timestamp":"2023-11-09 12:48:37"},{"nodeID":"1295055","text":"Arguing","type":"YA","timestamp":"2023-11-09 12:48:37"},{"nodeID":"1295056","text":"Arguing","type":"YA","timestamp":"2023-11-09 12:48:37"},{"nodeID":"1295057","text":"Default Transition","type":"TA","timestamp":"2023-11-09 12:48:37"},{"nodeID":"1295058","text":"Default Conflict","type":"CA","timestamp":"2023-11-09 12:48:37"},{"nodeID":"1295059","text":"Disagreeing","type":"YA","timestamp":"2023-11-09 12:48:37"},{"nodeID":"1295060","text":"Default Rephrase","type":"MA","timestamp":"2023-11-09 12:48:37"},{"nodeID":"1295061","text":"Default Transition","type":"TA","timestamp":"2023-11-09 12:48:37"},{"nodeID":"1295062","text":"Default Transition","type":"TA","timestamp":"2023-11-09 12:48:37"},{"nodeID":"1295063","text":"Restating","type":"YA","timestamp":"2023-11-09 12:48:37"}],"edges":[{"edgeID":"1702378","fromID":"1294950","toID":"1294949","formEdgeID":null},{"edgeID":"1702379","fromID":"1294951","toID":"1294950","formEdgeID":null},{"edgeID":"1702380","fromID":"1294949","toID":"1294952","formEdgeID":null},{"edgeID":"1702381","fromID":"1294952","toID":"1294948","formEdgeID":null},{"edgeID":"1702382","fromID":"1294955","toID":"1294954","formEdgeID":null},{"edgeID":"1702383","fromID":"1294956","toID":"1294955","formEdgeID":null},{"edgeID":"1702384","fromID":"1294954","toID":"1294957","formEdgeID":null},{"edgeID":"1702385","fromID":"1294957","toID":"1294953","formEdgeID":null},{"edgeID":"1702386","fromID":"1294960","toID":"1294959","formEdgeID":null},{"edgeID":"1702387","fromID":"1294961","toID":"1294960","formEdgeID":null},{"edgeID":"1702388","fromID":"1294959","toID":"1294962","formEdgeID":null},{"edgeID":"1702389","fromID":"1294962","toID":"1294958","formEdgeID":null},{"edgeID":"1702390","fromID":"1294965","toID":"1294964","formEdgeID":null},{"edgeID":"1702391","fromID":"1294966","toID":"1294965","formEdgeID":null},{"edgeID":"1702392","fromID":"1294964","toID":"1294967","formEdgeID":null},{"edgeID":"1702393","fromID":"1294967","toID":"1294963","formEdgeID":null},{"edgeID":"1702394","fromID":"1294970","toID":"1294969","formEdgeID":null},{"edgeID":"1702395","fromID":"1294971","toID":"1294970","formEdgeID":null},{"edgeID":"1702396","fromID":"1294969","toID":"1294972","formEdgeID":null},{"edgeID":"1702397","fromID":"1294972","toID":"1294968","formEdgeID":null},{"edgeID":"1702398","fromID":"1294975","toID":"1294974","formEdgeID":null},{"edgeID":"1702399","fromID":"1294976","toID":"1294975","formEdgeID":null},{"edgeID":"1702400","fromID":"1294974","toID":"1294977","formEdgeID":null},{"edgeID":"1702401","fromID":"1294977","toID":"1294973","formEdgeID":null},{"edgeID":"1702402","fromID":"1294979","toID":"1294978","formEdgeID":null},{"edgeID":"1702403","fromID":"1294980","toID":"1294979","formEdgeID":null},{"edgeID":"1702404","fromID":"1294978","toID":"1294981","formEdgeID":null},{"edgeID":"1702405","fromID":"1294981","toID":"1140994","formEdgeID":null},{"edgeID":"1702406","fromID":"1294983","toID":"1294982","formEdgeID":null},{"edgeID":"1702407","fromID":"1294984","toID":"1294983","formEdgeID":null},{"edgeID":"1702408","fromID":"1294982","toID":"1294985","formEdgeID":null},{"edgeID":"1702409","fromID":"1294985","toID":"1141010","formEdgeID":null},{"edgeID":"1702410","fromID":"1294987","toID":"1294986","formEdgeID":null},{"edgeID":"1702411","fromID":"1294988","toID":"1294987","formEdgeID":null},{"edgeID":"1702412","fromID":"1294986","toID":"1294989","formEdgeID":null},{"edgeID":"1702413","fromID":"1294989","toID":"1141019","formEdgeID":null},{"edgeID":"1702414","fromID":"1294991","toID":"1294990","formEdgeID":null},{"edgeID":"1702415","fromID":"1294992","toID":"1294991","formEdgeID":null},{"edgeID":"1702416","fromID":"1294990","toID":"1294993","formEdgeID":null},{"edgeID":"1702417","fromID":"1294993","toID":"1141031","formEdgeID":null},{"edgeID":"1702418","fromID":"1294996","toID":"1294995","formEdgeID":null},{"edgeID":"1702419","fromID":"1294997","toID":"1294996","formEdgeID":null},{"edgeID":"1702420","fromID":"1294995","toID":"1294998","formEdgeID":null},{"edgeID":"1702421","fromID":"1294998","toID":"1294994","formEdgeID":null},{"edgeID":"1702422","fromID":"1295001","toID":"1295000","formEdgeID":null},{"edgeID":"1702423","fromID":"1295002","toID":"1295001","formEdgeID":null},{"edgeID":"1702424","fromID":"1295000","toID":"1295003","formEdgeID":null},{"edgeID":"1702425","fromID":"1295003","toID":"1294999","formEdgeID":null},{"edgeID":"1702426","fromID":"1295006","toID":"1295005","formEdgeID":null},{"edgeID":"1702427","fromID":"1295007","toID":"1295006","formEdgeID":null},{"edgeID":"1702428","fromID":"1295005","toID":"1295008","formEdgeID":null},{"edgeID":"1702429","fromID":"1295008","toID":"1295004","formEdgeID":null},{"edgeID":"1702430","fromID":"1295011","toID":"1295010","formEdgeID":null},{"edgeID":"1702431","fromID":"1295012","toID":"1295011","formEdgeID":null},{"edgeID":"1702432","fromID":"1295010","toID":"1295013","formEdgeID":null},{"edgeID":"1702433","fromID":"1295013","toID":"1295009","formEdgeID":null},{"edgeID":"1702434","fromID":"1295016","toID":"1295015","formEdgeID":null},{"edgeID":"1702435","fromID":"1295017","toID":"1295016","formEdgeID":null},{"edgeID":"1702436","fromID":"1295015","toID":"1295018","formEdgeID":null},{"edgeID":"1702437","fromID":"1295018","toID":"1295014","formEdgeID":null},{"edgeID":"1702438","fromID":"1295021","toID":"1295020","formEdgeID":null},{"edgeID":"1702439","fromID":"1295022","toID":"1295021","formEdgeID":null},{"edgeID":"1702440","fromID":"1295020","toID":"1295023","formEdgeID":null},{"edgeID":"1702441","fromID":"1295023","toID":"1295019","formEdgeID":null},{"edgeID":"1702442","fromID":"1295026","toID":"1295025","formEdgeID":null},{"edgeID":"1702443","fromID":"1295027","toID":"1295026","formEdgeID":null},{"edgeID":"1702444","fromID":"1295025","toID":"1295028","formEdgeID":null},{"edgeID":"1702445","fromID":"1295028","toID":"1295024","formEdgeID":null},{"edgeID":"1702446","fromID":"1294949","toID":"1295029","formEdgeID":null},{"edgeID":"1702447","fromID":"1295029","toID":"1294954","formEdgeID":null},{"edgeID":"1702448","fromID":"1294954","toID":"1295030","formEdgeID":null},{"edgeID":"1702449","fromID":"1295030","toID":"1294959","formEdgeID":null},{"edgeID":"1702450","fromID":"1294958","toID":"1295031","formEdgeID":null},{"edgeID":"1702451","fromID":"1295031","toID":"1294963","formEdgeID":null},{"edgeID":"1702452","fromID":"1294959","toID":"1295032","formEdgeID":null},{"edgeID":"1702453","fromID":"1295032","toID":"1294964","formEdgeID":null},{"edgeID":"1702454","fromID":"1295032","toID":"1295033","formEdgeID":null},{"edgeID":"1702455","fromID":"1295033","toID":"1295031","formEdgeID":null},{"edgeID":"1702456","fromID":"1294964","toID":"1295034","formEdgeID":null},{"edgeID":"1702457","fromID":"1295034","toID":"1294969","formEdgeID":null},{"edgeID":"1702458","fromID":"1294969","toID":"1295035","formEdgeID":null},{"edgeID":"1702459","fromID":"1295035","toID":"1294974","formEdgeID":null},{"edgeID":"1702460","fromID":"1294974","toID":"1295036","formEdgeID":null},{"edgeID":"1702461","fromID":"1295036","toID":"1294978","formEdgeID":null},{"edgeID":"1702462","fromID":"1140994","toID":"1295037","formEdgeID":null},{"edgeID":"1702463","fromID":"1295037","toID":"1294973","formEdgeID":null},{"edgeID":"1702464","fromID":"1295036","toID":"1295038","formEdgeID":null},{"edgeID":"1702465","fromID":"1295038","toID":"1295037","formEdgeID":null},{"edgeID":"1702466","fromID":"1294978","toID":"1295039","formEdgeID":null},{"edgeID":"1702467","fromID":"1295039","toID":"1294982","formEdgeID":null},{"edgeID":"1702468","fromID":"1141010","toID":"1295040","formEdgeID":null},{"edgeID":"1702469","fromID":"1295040","toID":"1141019","formEdgeID":null},{"edgeID":"1702470","fromID":"1294982","toID":"1295041","formEdgeID":null},{"edgeID":"1702471","fromID":"1295041","toID":"1294986","formEdgeID":null},{"edgeID":"1702472","fromID":"1295041","toID":"1295042","formEdgeID":null},{"edgeID":"1702473","fromID":"1295042","toID":"1295040","formEdgeID":null},{"edgeID":"1702474","fromID":"1294994","toID":"1295043","formEdgeID":null},{"edgeID":"1702475","fromID":"1295043","toID":"1141031","formEdgeID":null},{"edgeID":"1702476","fromID":"1294990","toID":"1295044","formEdgeID":null},{"edgeID":"1702477","fromID":"1295044","toID":"1294995","formEdgeID":null},{"edgeID":"1702478","fromID":"1295044","toID":"1295045","formEdgeID":null},{"edgeID":"1702479","fromID":"1295045","toID":"1295043","formEdgeID":null},{"edgeID":"1702480","fromID":"1295000","toID":"1295046","formEdgeID":null},{"edgeID":"1702481","fromID":"1295046","toID":"1295005","formEdgeID":null},{"edgeID":"1702482","fromID":"1295009","toID":"1295047","formEdgeID":null},{"edgeID":"1702483","fromID":"1295047","toID":"1295004","formEdgeID":null},{"edgeID":"1702484","fromID":"1295005","toID":"1295048","formEdgeID":null},{"edgeID":"1702485","fromID":"1295048","toID":"1295010","formEdgeID":null},{"edgeID":"1702486","fromID":"1295048","toID":"1295049","formEdgeID":null},{"edgeID":"1702487","fromID":"1295049","toID":"1295047","formEdgeID":null},{"edgeID":"1702488","fromID":"1295000","toID":"1295050","formEdgeID":null},{"edgeID":"1702489","fromID":"1295050","toID":"1295020","formEdgeID":null},{"edgeID":"1702490","fromID":"1295010","toID":"1295051","formEdgeID":null},{"edgeID":"1702491","fromID":"1295051","toID":"1295020","formEdgeID":null},{"edgeID":"1702492","fromID":"1295015","toID":"1295052","formEdgeID":null},{"edgeID":"1702493","fromID":"1295052","toID":"1295020","formEdgeID":null},{"edgeID":"1702494","fromID":"1294999","toID":"1295053","formEdgeID":null},{"edgeID":"1702495","fromID":"1295053","toID":"1295019","formEdgeID":null},{"edgeID":"1702496","fromID":"1295009","toID":"1295053","formEdgeID":null},{"edgeID":"1702497","fromID":"1295014","toID":"1295053","formEdgeID":null},{"edgeID":"1702498","fromID":"1295052","toID":"1295054","formEdgeID":null},{"edgeID":"1702499","fromID":"1295054","toID":"1295053","formEdgeID":null},{"edgeID":"1702500","fromID":"1295051","toID":"1295055","formEdgeID":null},{"edgeID":"1702501","fromID":"1295055","toID":"1295053","formEdgeID":null},{"edgeID":"1702502","fromID":"1295050","toID":"1295056","formEdgeID":null},{"edgeID":"1702503","fromID":"1295056","toID":"1295053","formEdgeID":null},{"edgeID":"1702504","fromID":"1295020","toID":"1295057","formEdgeID":null},{"edgeID":"1702505","fromID":"1295057","toID":"1295025","formEdgeID":null},{"edgeID":"1702506","fromID":"1295024","toID":"1295058","formEdgeID":null},{"edgeID":"1702507","fromID":"1295058","toID":"1295019","formEdgeID":null},{"edgeID":"1702508","fromID":"1295057","toID":"1295059","formEdgeID":null},{"edgeID":"1702509","fromID":"1295059","toID":"1295058","formEdgeID":null},{"edgeID":"1702510","fromID":"1294999","toID":"1295060","formEdgeID":null},{"edgeID":"1702511","fromID":"1295060","toID":"1141019","formEdgeID":null},{"edgeID":"1702512","fromID":"1294995","toID":"1295061","formEdgeID":null},{"edgeID":"1702513","fromID":"1295061","toID":"1295000","formEdgeID":null},{"edgeID":"1702514","fromID":"1294986","toID":"1295062","formEdgeID":null},{"edgeID":"1702515","fromID":"1295062","toID":"1295000","formEdgeID":null},{"edgeID":"1702516","fromID":"1295062","toID":"1295063","formEdgeID":null},{"edgeID":"1702517","fromID":"1295063","toID":"1295060","formEdgeID":null}],"locutions":[]}