{"nodes":[{"nodeID":"1293578","text":"Vladimir Putin has annexed Crimea","type":"I","timestamp":"2023-11-09 12:46:33"},{"nodeID":"1293579","text":"AudienceMember 20220310QT06: He has annexed Crimea","type":"L","timestamp":"2023-11-09 12:46:33"},{"nodeID":"1293580","text":"Analysing","type":"YA","timestamp":"2023-11-09 12:46:33"},{"nodeID":"1293581","text":"Mascha: AudienceMember 20220310QT06: He has annexed Crimea","type":"L","timestamp":"2023-11-09 12:46:33"},{"nodeID":"1293582","text":"Asserting","type":"YA","timestamp":"2023-11-09 12:46:33"},{"nodeID":"1293583","text":"Vladimir Putin has been trying to make in-roads into the east","type":"I","timestamp":"2023-11-09 12:46:33"},{"nodeID":"1293584","text":"AudienceMember 20220310QT06:  He has been trying to make in-roads into the east","type":"L","timestamp":"2023-11-09 12:46:33"},{"nodeID":"1293585","text":"Analysing","type":"YA","timestamp":"2023-11-09 12:46:33"},{"nodeID":"1293586","text":"Mascha: AudienceMember 20220310QT06:  He has been trying to make in-roads into the east","type":"L","timestamp":"2023-11-09 12:46:33"},{"nodeID":"1293587","text":"Asserting","type":"YA","timestamp":"2023-11-09 12:46:33"},{"nodeID":"1293588","text":"Default Transition","type":"TA","timestamp":"2023-11-09 12:46:33"},{"nodeID":"1293589","text":"Default Rephrase","type":"MA","timestamp":"2023-11-09 12:46:33"},{"nodeID":"1293590","text":"Restating","type":"YA","timestamp":"2023-11-09 12:46:33"},{"nodeID":"1293591","text":"we've done absolutely nothing about Vladimir Putin making in-roads into the east","type":"I","timestamp":"2023-11-09 12:46:34"},{"nodeID":"1293592","text":"AudienceMember 20220310QT06:  we've done absolutely nothing about it","type":"L","timestamp":"2023-11-09 12:46:34"},{"nodeID":"1293593","text":"Analysing","type":"YA","timestamp":"2023-11-09 12:46:34"},{"nodeID":"1293594","text":"Mascha: AudienceMember 20220310QT06:  we've done absolutely nothing about it","type":"L","timestamp":"2023-11-09 12:46:34"},{"nodeID":"1293595","text":"Asserting","type":"YA","timestamp":"2023-11-09 12:46:34"},{"nodeID":"1293596","text":"Default Transition","type":"TA","timestamp":"2023-11-09 12:46:34"},{"nodeID":"1293597","text":"the West has given up trying to do anything about Vladimir Putin making in-roads into the east","type":"I","timestamp":"2023-11-09 12:46:35"},{"nodeID":"1293598","text":"AudienceMember 20220310QT06: the West has given up trying to do anything about it","type":"L","timestamp":"2023-11-09 12:46:35"},{"nodeID":"1293599","text":"Analysing","type":"YA","timestamp":"2023-11-09 12:46:35"},{"nodeID":"1293600","text":"Mascha: AudienceMember 20220310QT06: the West has given up trying to do anything about it","type":"L","timestamp":"2023-11-09 12:46:35"},{"nodeID":"1293601","text":"Asserting","type":"YA","timestamp":"2023-11-09 12:46:35"},{"nodeID":"1293602","text":"Default Transition","type":"TA","timestamp":"2023-11-09 12:46:35"},{"nodeID":"1293603","text":"Default Rephrase","type":"MA","timestamp":"2023-11-09 12:46:35"},{"nodeID":"1293604","text":"Restating","type":"YA","timestamp":"2023-11-09 12:46:35"},{"nodeID":"1293605","text":"the West not doing anything about Vladimir Putin making in-roads into the east goes back to 2010 when there was a big Defence Review","type":"I","timestamp":"2023-11-09 12:46:35"},{"nodeID":"1293606","text":"AudienceMember 20220310QT06: this goes back to 2010 when there was a big Defence Review","type":"L","timestamp":"2023-11-09 12:46:35"},{"nodeID":"1293607","text":"Analysing","type":"YA","timestamp":"2023-11-09 12:46:35"},{"nodeID":"1293608","text":"Mascha: AudienceMember 20220310QT06: this goes back to 2010 when there was a big Defence Review","type":"L","timestamp":"2023-11-09 12:46:35"},{"nodeID":"1293609","text":"Asserting","type":"YA","timestamp":"2023-11-09 12:46:35"},{"nodeID":"1293610","text":"Default Transition","type":"TA","timestamp":"2023-11-09 12:46:35"},{"nodeID":"1293611","text":"Default Rephrase","type":"MA","timestamp":"2023-11-09 12:46:35"},{"nodeID":"1293612","text":"Restating","type":"YA","timestamp":"2023-11-09 12:46:35"},{"nodeID":"1293613","text":"we've stripped the UK of any kind of military power so we couldn't even do anything even if we wanted to","type":"I","timestamp":"2023-11-09 12:46:36"},{"nodeID":"1293614","text":"AudienceMember 20220310QT06: We've stripped this country of any kind of military power so we couldn't even do anything even if we wanted to","type":"L","timestamp":"2023-11-09 12:46:36"},{"nodeID":"1293615","text":"Analysing","type":"YA","timestamp":"2023-11-09 12:46:36"},{"nodeID":"1293616","text":"Mascha: AudienceMember 20220310QT06: We've stripped this country of any kind of military power so we couldn't even do anything even if we wanted to","type":"L","timestamp":"2023-11-09 12:46:36"},{"nodeID":"1293617","text":"Asserting","type":"YA","timestamp":"2023-11-09 12:46:36"},{"nodeID":"1293618","text":"Default Transition","type":"TA","timestamp":"2023-11-09 12:46:36"},{"nodeID":"1293619","text":"the sanctions we're putting in place are meaningless unless we have some kind of armed force we can use to go in there and really mean business","type":"I","timestamp":"2023-11-09 12:46:37"},{"nodeID":"1293620","text":"AudienceMember 20220310QT06:  the sanctions we're putting in place are meaningless unless we have some kind of armed force we can use to go in there and really mean business","type":"L","timestamp":"2023-11-09 12:46:37"},{"nodeID":"1293621","text":"Analysing","type":"YA","timestamp":"2023-11-09 12:46:37"},{"nodeID":"1293622","text":"Mascha: AudienceMember 20220310QT06:  the sanctions we're putting in place are meaningless unless we have some kind of armed force we can use to go in there and really mean business","type":"L","timestamp":"2023-11-09 12:46:37"},{"nodeID":"1293623","text":"Asserting","type":"YA","timestamp":"2023-11-09 12:46:37"},{"nodeID":"1293624","text":"Default Inference","type":"RA","timestamp":"2023-11-09 12:46:37"},{"nodeID":"1293625","text":"Default Transition","type":"TA","timestamp":"2023-11-09 12:46:37"},{"nodeID":"1293626","text":"Arguing","type":"YA","timestamp":"2023-11-09 12:46:37"},{"nodeID":"1293627","text":"it is utterly disgraceful that we got to this situation","type":"I","timestamp":"2023-11-09 12:46:37"},{"nodeID":"1293628","text":"AudienceMember 20220310QT06:  it is utterly disgraceful that we got to this situation","type":"L","timestamp":"2023-11-09 12:46:37"},{"nodeID":"1293629","text":"Analysing","type":"YA","timestamp":"2023-11-09 12:46:37"},{"nodeID":"1293630","text":"Mascha: AudienceMember 20220310QT06:  it is utterly disgraceful that we got to this situation","type":"L","timestamp":"2023-11-09 12:46:37"},{"nodeID":"1293631","text":"Asserting","type":"YA","timestamp":"2023-11-09 12:46:37"},{"nodeID":"1293632","text":"Default Transition","type":"TA","timestamp":"2023-11-09 12:46:37"},{"nodeID":"1293633","text":"the problem is that nobody obviously wants the nuclear fall-out that comes with it","type":"I","timestamp":"2023-11-09 12:46:38"},{"nodeID":"1293634","text":"AudienceMember 20220310QT07: the problem is that nobody obviously wants the nuclear fall-out that comes with it","type":"L","timestamp":"2023-11-09 12:46:38"},{"nodeID":"1293635","text":"Analysing","type":"YA","timestamp":"2023-11-09 12:46:38"},{"nodeID":"1293636","text":"Mascha: AudienceMember 20220310QT07: the problem is that nobody obviously wants the nuclear fall-out that comes with it","type":"L","timestamp":"2023-11-09 12:46:38"},{"nodeID":"1293637","text":"Asserting","type":"YA","timestamp":"2023-11-09 12:46:38"},{"nodeID":"1293638","text":"Default Transition","type":"TA","timestamp":"2023-11-09 12:46:38"},{"nodeID":"1293639","text":"nobody wanting a nuclear fall-out is exactly why NATO are wading in now and saying we have to have a no-fly zone","type":"I","timestamp":"2023-11-09 12:46:38"},{"nodeID":"1293640","text":"AudienceMember 20220310QT07:  this is exactly why NATO are wading in now and saying we have to have a no-fly zone","type":"L","timestamp":"2023-11-09 12:46:38"},{"nodeID":"1293641","text":"Analysing","type":"YA","timestamp":"2023-11-09 12:46:38"},{"nodeID":"1293642","text":"Mascha: AudienceMember 20220310QT07:  this is exactly why NATO are wading in now and saying we have to have a no-fly zone","type":"L","timestamp":"2023-11-09 12:46:38"},{"nodeID":"1293643","text":"Asserting","type":"YA","timestamp":"2023-11-09 12:46:38"},{"nodeID":"1293644","text":"Default Transition","type":"TA","timestamp":"2023-11-09 12:46:38"},{"nodeID":"1293645","text":"the NATO is concerned that the conflict in Ukraine will be turned into a nuclear war","type":"I","timestamp":"2023-11-09 12:46:39"},{"nodeID":"1293646","text":"AudienceMember 20220310QT07:  they're concerned that it will be turned into a nuclear war","type":"L","timestamp":"2023-11-09 12:46:39"},{"nodeID":"1293647","text":"Analysing","type":"YA","timestamp":"2023-11-09 12:46:39"},{"nodeID":"1293648","text":"Mascha: AudienceMember 20220310QT07:  they're concerned that it will be turned into a nuclear war","type":"L","timestamp":"2023-11-09 12:46:39"},{"nodeID":"1293649","text":"Asserting","type":"YA","timestamp":"2023-11-09 12:46:39"},{"nodeID":"1293650","text":"Default Transition","type":"TA","timestamp":"2023-11-09 12:46:39"},{"nodeID":"1293651","text":"Default Rephrase","type":"MA","timestamp":"2023-11-09 12:46:39"},{"nodeID":"1293652","text":"Restating","type":"YA","timestamp":"2023-11-09 12:46:39"},{"nodeID":"1293653","text":"Default Inference","type":"RA","timestamp":"2023-11-09 12:46:39"},{"nodeID":"1293654","text":"Arguing","type":"YA","timestamp":"2023-11-09 12:46:39"},{"nodeID":"1293655","text":"you can't have a no-fly zone","type":"I","timestamp":"2023-11-09 12:46:40"},{"nodeID":"1293656","text":"Konstantin Kisin: You can't have a no-fly zone","type":"L","timestamp":"2023-11-09 12:46:40"},{"nodeID":"1293657","text":"Analysing","type":"YA","timestamp":"2023-11-09 12:46:40"},{"nodeID":"1293658","text":"Mascha: Konstantin Kisin: You can't have a no-fly zone","type":"L","timestamp":"2023-11-09 12:46:40"},{"nodeID":"1293659","text":"Asserting","type":"YA","timestamp":"2023-11-09 12:46:40"},{"nodeID":"1293660","text":"a no-fly zone means British and American people shooting down Russian planes","type":"I","timestamp":"2023-11-09 12:46:40"},{"nodeID":"1293661","text":"Konstantin Kisin:  It means British and American people shooting down Russian planes","type":"L","timestamp":"2023-11-09 12:46:40"},{"nodeID":"1293662","text":"Analysing","type":"YA","timestamp":"2023-11-09 12:46:40"},{"nodeID":"1293663","text":"Mascha: Konstantin Kisin:  It means British and American people shooting down Russian planes","type":"L","timestamp":"2023-11-09 12:46:40"},{"nodeID":"1293664","text":"Asserting","type":"YA","timestamp":"2023-11-09 12:46:40"},{"nodeID":"1293665","text":"Default Transition","type":"TA","timestamp":"2023-11-09 12:46:40"},{"nodeID":"1293666","text":"when American and British people shoot down Russian planes you have World War III","type":"I","timestamp":"2023-11-09 12:46:41"},{"nodeID":"1293667","text":"Konstantin Kisin:  then you have World War III","type":"L","timestamp":"2023-11-09 12:46:41"},{"nodeID":"1293668","text":"Analysing","type":"YA","timestamp":"2023-11-09 12:46:41"},{"nodeID":"1293669","text":"Mascha: Konstantin Kisin:  then you have World War III","type":"L","timestamp":"2023-11-09 12:46:41"},{"nodeID":"1293670","text":"Asserting","type":"YA","timestamp":"2023-11-09 12:46:41"},{"nodeID":"1293671","text":"Default Inference","type":"RA","timestamp":"2023-11-09 12:46:41"},{"nodeID":"1293672","text":"Default Transition","type":"TA","timestamp":"2023-11-09 12:46:41"},{"nodeID":"1293673","text":"Arguing","type":"YA","timestamp":"2023-11-09 12:46:41"},{"nodeID":"1293674","text":"Konstantin Kisin:  You can't have that","type":"L","timestamp":"2023-11-09 12:46:41"},{"nodeID":"1293675","text":"Analysing","type":"YA","timestamp":"2023-11-09 12:46:41"},{"nodeID":"1293676","text":"Mascha: Konstantin Kisin:  You can't have that","type":"L","timestamp":"2023-11-09 12:46:41"},{"nodeID":"1293677","text":"Asserting","type":"YA","timestamp":"2023-11-09 12:46:41"},{"nodeID":"1293678","text":"Default Rephrase","type":"MA","timestamp":"2023-11-09 12:46:41"},{"nodeID":"1293679","text":"Default Transition","type":"TA","timestamp":"2023-11-09 12:46:41"},{"nodeID":"1293680","text":"Restating","type":"YA","timestamp":"2023-11-09 12:46:41"},{"nodeID":"1293681","text":"we've got to be sensible","type":"I","timestamp":"2023-11-09 12:46:41"},{"nodeID":"1293682","text":"Konstantin Kisin: We've got to be sensible","type":"L","timestamp":"2023-11-09 12:46:41"},{"nodeID":"1293683","text":"Analysing","type":"YA","timestamp":"2023-11-09 12:46:41"},{"nodeID":"1293684","text":"Mascha: Konstantin Kisin: We've got to be sensible","type":"L","timestamp":"2023-11-09 12:46:41"},{"nodeID":"1293685","text":"Asserting","type":"YA","timestamp":"2023-11-09 12:46:41"},{"nodeID":"1293686","text":"Default Transition","type":"TA","timestamp":"2023-11-09 12:46:42"},{"nodeID":"1293687","text":"Default Inference","type":"RA","timestamp":"2023-11-09 12:46:42"},{"nodeID":"1293688","text":"Arguing","type":"YA","timestamp":"2023-11-09 12:46:42"},{"nodeID":"1293689","text":"Default Inference","type":"RA","timestamp":"2023-11-09 12:46:42"},{"nodeID":"1293690","text":"Default Transition","type":"TA","timestamp":"2023-11-09 12:46:42"},{"nodeID":"1293691","text":"Arguing","type":"YA","timestamp":"2023-11-09 12:46:42"},{"nodeID":"1293692","text":"you could have a humanitarian corridor","type":"I","timestamp":"2023-11-09 12:46:42"},{"nodeID":"1293693","text":"Bridget Kendall: You could have a humanitarian corridor","type":"L","timestamp":"2023-11-09 12:46:42"},{"nodeID":"1293694","text":"Analysing","type":"YA","timestamp":"2023-11-09 12:46:42"},{"nodeID":"1293695","text":"Mascha: Bridget Kendall: You could have a humanitarian corridor","type":"L","timestamp":"2023-11-09 12:46:42"},{"nodeID":"1293696","text":"Asserting","type":"YA","timestamp":"2023-11-09 12:46:42"},{"nodeID":"1293697","text":"Default Transition","type":"TA","timestamp":"2023-11-09 12:46:42"},{"nodeID":"1293698","text":"it looks like there is a hint this is an area where Russia and Ukraine could agree on something","type":"I","timestamp":"2023-11-09 12:46:43"},{"nodeID":"1293699","text":"Bridget Kendall: It looks like there is a hint this is an area where both could agree on something","type":"L","timestamp":"2023-11-09 12:46:43"},{"nodeID":"1293700","text":"Analysing","type":"YA","timestamp":"2023-11-09 12:46:43"},{"nodeID":"1293701","text":"Mascha: Bridget Kendall: It looks like there is a hint this is an area where both could agree on something","type":"L","timestamp":"2023-11-09 12:46:43"},{"nodeID":"1293702","text":"Asserting","type":"YA","timestamp":"2023-11-09 12:46:43"},{"nodeID":"1293703","text":"Default Transition","type":"TA","timestamp":"2023-11-09 12:46:43"},{"nodeID":"1293704","text":"Default Inference","type":"RA","timestamp":"2023-11-09 12:46:43"},{"nodeID":"1293705","text":"Arguing","type":"YA","timestamp":"2023-11-09 12:46:43"},{"nodeID":"1293706","text":"Russia and Ukraine say they'll need more talks to talk about how the humanitarian corridor would happen","type":"I","timestamp":"2023-11-09 12:46:43"},{"nodeID":"1293707","text":"Bridget Kendall: They say they'll need more talks to talk about how it would happen","type":"L","timestamp":"2023-11-09 12:46:43"},{"nodeID":"1293708","text":"Analysing","type":"YA","timestamp":"2023-11-09 12:46:43"},{"nodeID":"1293709","text":"Mascha: Bridget Kendall: They say they'll need more talks to talk about how it would happen","type":"L","timestamp":"2023-11-09 12:46:43"},{"nodeID":"1293710","text":"Asserting","type":"YA","timestamp":"2023-11-09 12:46:43"},{"nodeID":"1293711","text":"Default Transition","type":"TA","timestamp":"2023-11-09 12:46:43"},{"nodeID":"1293712","text":"Default Rephrase","type":"MA","timestamp":"2023-11-09 12:46:43"},{"nodeID":"1293713","text":"Restating","type":"YA","timestamp":"2023-11-09 12:46:43"},{"nodeID":"1293714","text":"Default Conflict","type":"CA","timestamp":"2023-11-09 12:46:43"},{"nodeID":"1293715","text":"Default Transition","type":"TA","timestamp":"2023-11-09 12:46:43"},{"nodeID":"1293716","text":"Disagreeing","type":"YA","timestamp":"2023-11-09 12:46:43"}],"edges":[{"edgeID":"1700755","fromID":"1293580","toID":"1293579","formEdgeID":null},{"edgeID":"1700756","fromID":"1293581","toID":"1293580","formEdgeID":null},{"edgeID":"1700757","fromID":"1293579","toID":"1293582","formEdgeID":null},{"edgeID":"1700758","fromID":"1293582","toID":"1293578","formEdgeID":null},{"edgeID":"1700759","fromID":"1293585","toID":"1293584","formEdgeID":null},{"edgeID":"1700760","fromID":"1293586","toID":"1293585","formEdgeID":null},{"edgeID":"1700761","fromID":"1293584","toID":"1293587","formEdgeID":null},{"edgeID":"1700762","fromID":"1293587","toID":"1293583","formEdgeID":null},{"edgeID":"1700763","fromID":"1293579","toID":"1293588","formEdgeID":null},{"edgeID":"1700764","fromID":"1293588","toID":"1293584","formEdgeID":null},{"edgeID":"1700765","fromID":"1293583","toID":"1293589","formEdgeID":null},{"edgeID":"1700766","fromID":"1293589","toID":"1293578","formEdgeID":null},{"edgeID":"1700767","fromID":"1293588","toID":"1293590","formEdgeID":null},{"edgeID":"1700768","fromID":"1293590","toID":"1293589","formEdgeID":null},{"edgeID":"1700769","fromID":"1293593","toID":"1293592","formEdgeID":null},{"edgeID":"1700770","fromID":"1293594","toID":"1293593","formEdgeID":null},{"edgeID":"1700771","fromID":"1293592","toID":"1293595","formEdgeID":null},{"edgeID":"1700772","fromID":"1293595","toID":"1293591","formEdgeID":null},{"edgeID":"1700773","fromID":"1293584","toID":"1293596","formEdgeID":null},{"edgeID":"1700774","fromID":"1293596","toID":"1293592","formEdgeID":null},{"edgeID":"1700775","fromID":"1293599","toID":"1293598","formEdgeID":null},{"edgeID":"1700776","fromID":"1293600","toID":"1293599","formEdgeID":null},{"edgeID":"1700777","fromID":"1293598","toID":"1293601","formEdgeID":null},{"edgeID":"1700778","fromID":"1293601","toID":"1293597","formEdgeID":null},{"edgeID":"1700779","fromID":"1293592","toID":"1293602","formEdgeID":null},{"edgeID":"1700780","fromID":"1293602","toID":"1293598","formEdgeID":null},{"edgeID":"1700781","fromID":"1293597","toID":"1293603","formEdgeID":null},{"edgeID":"1700782","fromID":"1293603","toID":"1293591","formEdgeID":null},{"edgeID":"1700783","fromID":"1293602","toID":"1293604","formEdgeID":null},{"edgeID":"1700784","fromID":"1293604","toID":"1293603","formEdgeID":null},{"edgeID":"1700785","fromID":"1293607","toID":"1293606","formEdgeID":null},{"edgeID":"1700786","fromID":"1293608","toID":"1293607","formEdgeID":null},{"edgeID":"1700787","fromID":"1293606","toID":"1293609","formEdgeID":null},{"edgeID":"1700788","fromID":"1293609","toID":"1293605","formEdgeID":null},{"edgeID":"1700789","fromID":"1293598","toID":"1293610","formEdgeID":null},{"edgeID":"1700790","fromID":"1293610","toID":"1293606","formEdgeID":null},{"edgeID":"1700791","fromID":"1293605","toID":"1293611","formEdgeID":null},{"edgeID":"1700792","fromID":"1293611","toID":"1293597","formEdgeID":null},{"edgeID":"1700793","fromID":"1293610","toID":"1293612","formEdgeID":null},{"edgeID":"1700794","fromID":"1293612","toID":"1293611","formEdgeID":null},{"edgeID":"1700795","fromID":"1293615","toID":"1293614","formEdgeID":null},{"edgeID":"1700796","fromID":"1293616","toID":"1293615","formEdgeID":null},{"edgeID":"1700797","fromID":"1293614","toID":"1293617","formEdgeID":null},{"edgeID":"1700798","fromID":"1293617","toID":"1293613","formEdgeID":null},{"edgeID":"1700799","fromID":"1293606","toID":"1293618","formEdgeID":null},{"edgeID":"1700800","fromID":"1293618","toID":"1293614","formEdgeID":null},{"edgeID":"1700801","fromID":"1293621","toID":"1293620","formEdgeID":null},{"edgeID":"1700802","fromID":"1293622","toID":"1293621","formEdgeID":null},{"edgeID":"1700803","fromID":"1293620","toID":"1293623","formEdgeID":null},{"edgeID":"1700804","fromID":"1293623","toID":"1293619","formEdgeID":null},{"edgeID":"1700805","fromID":"1293619","toID":"1293624","formEdgeID":null},{"edgeID":"1700806","fromID":"1293624","toID":"1293605","formEdgeID":null},{"edgeID":"1700807","fromID":"1293613","toID":"1293624","formEdgeID":null},{"edgeID":"1700808","fromID":"1293606","toID":"1293625","formEdgeID":null},{"edgeID":"1700809","fromID":"1293625","toID":"1293620","formEdgeID":null},{"edgeID":"1700810","fromID":"1293625","toID":"1293626","formEdgeID":null},{"edgeID":"1700811","fromID":"1293626","toID":"1293624","formEdgeID":null},{"edgeID":"1700812","fromID":"1293629","toID":"1293628","formEdgeID":null},{"edgeID":"1700813","fromID":"1293630","toID":"1293629","formEdgeID":null},{"edgeID":"1700814","fromID":"1293628","toID":"1293631","formEdgeID":null},{"edgeID":"1700815","fromID":"1293631","toID":"1293627","formEdgeID":null},{"edgeID":"1700816","fromID":"1293620","toID":"1293632","formEdgeID":null},{"edgeID":"1700817","fromID":"1293632","toID":"1293628","formEdgeID":null},{"edgeID":"1700818","fromID":"1293635","toID":"1293634","formEdgeID":null},{"edgeID":"1700819","fromID":"1293636","toID":"1293635","formEdgeID":null},{"edgeID":"1700820","fromID":"1293634","toID":"1293637","formEdgeID":null},{"edgeID":"1700821","fromID":"1293637","toID":"1293633","formEdgeID":null},{"edgeID":"1700822","fromID":"1293628","toID":"1293638","formEdgeID":null},{"edgeID":"1700823","fromID":"1293638","toID":"1293634","formEdgeID":null},{"edgeID":"1700824","fromID":"1293641","toID":"1293640","formEdgeID":null},{"edgeID":"1700825","fromID":"1293642","toID":"1293641","formEdgeID":null},{"edgeID":"1700826","fromID":"1293640","toID":"1293643","formEdgeID":null},{"edgeID":"1700827","fromID":"1293643","toID":"1293639","formEdgeID":null},{"edgeID":"1700828","fromID":"1293634","toID":"1293644","formEdgeID":null},{"edgeID":"1700829","fromID":"1293644","toID":"1293640","formEdgeID":null},{"edgeID":"1700830","fromID":"1293647","toID":"1293646","formEdgeID":null},{"edgeID":"1700831","fromID":"1293648","toID":"1293647","formEdgeID":null},{"edgeID":"1700832","fromID":"1293646","toID":"1293649","formEdgeID":null},{"edgeID":"1700833","fromID":"1293649","toID":"1293645","formEdgeID":null},{"edgeID":"1700834","fromID":"1293640","toID":"1293650","formEdgeID":null},{"edgeID":"1700835","fromID":"1293650","toID":"1293646","formEdgeID":null},{"edgeID":"1700836","fromID":"1293645","toID":"1293651","formEdgeID":null},{"edgeID":"1700837","fromID":"1293651","toID":"1293639","formEdgeID":null},{"edgeID":"1700838","fromID":"1293650","toID":"1293652","formEdgeID":null},{"edgeID":"1700839","fromID":"1293652","toID":"1293651","formEdgeID":null},{"edgeID":"1700840","fromID":"1293633","toID":"1293653","formEdgeID":null},{"edgeID":"1700841","fromID":"1293653","toID":"1293639","formEdgeID":null},{"edgeID":"1700842","fromID":"1293644","toID":"1293654","formEdgeID":null},{"edgeID":"1700843","fromID":"1293654","toID":"1293653","formEdgeID":null},{"edgeID":"1700844","fromID":"1293657","toID":"1293656","formEdgeID":null},{"edgeID":"1700845","fromID":"1293658","toID":"1293657","formEdgeID":null},{"edgeID":"1700846","fromID":"1293656","toID":"1293659","formEdgeID":null},{"edgeID":"1700847","fromID":"1293659","toID":"1293655","formEdgeID":null},{"edgeID":"1700848","fromID":"1293662","toID":"1293661","formEdgeID":null},{"edgeID":"1700849","fromID":"1293663","toID":"1293662","formEdgeID":null},{"edgeID":"1700850","fromID":"1293661","toID":"1293664","formEdgeID":null},{"edgeID":"1700851","fromID":"1293664","toID":"1293660","formEdgeID":null},{"edgeID":"1700852","fromID":"1293656","toID":"1293665","formEdgeID":null},{"edgeID":"1700853","fromID":"1293665","toID":"1293661","formEdgeID":null},{"edgeID":"1700854","fromID":"1293668","toID":"1293667","formEdgeID":null},{"edgeID":"1700855","fromID":"1293669","toID":"1293668","formEdgeID":null},{"edgeID":"1700856","fromID":"1293667","toID":"1293670","formEdgeID":null},{"edgeID":"1700857","fromID":"1293670","toID":"1293666","formEdgeID":null},{"edgeID":"1700858","fromID":"1293666","toID":"1293671","formEdgeID":null},{"edgeID":"1700859","fromID":"1293671","toID":"1293655","formEdgeID":null},{"edgeID":"1700860","fromID":"1293660","toID":"1293671","formEdgeID":null},{"edgeID":"1700861","fromID":"1293656","toID":"1293672","formEdgeID":null},{"edgeID":"1700862","fromID":"1293672","toID":"1293667","formEdgeID":null},{"edgeID":"1700863","fromID":"1293672","toID":"1293673","formEdgeID":null},{"edgeID":"1700864","fromID":"1293673","toID":"1293671","formEdgeID":null},{"edgeID":"1700865","fromID":"1293675","toID":"1293674","formEdgeID":null},{"edgeID":"1700866","fromID":"1293676","toID":"1293675","formEdgeID":null},{"edgeID":"1700867","fromID":"1293674","toID":"1293677","formEdgeID":null},{"edgeID":"1700868","fromID":"1293677","toID":"1293655","formEdgeID":null},{"edgeID":"1700869","fromID":"1293655","toID":"1293678","formEdgeID":null},{"edgeID":"1700870","fromID":"1293678","toID":"1293655","formEdgeID":null},{"edgeID":"1700871","fromID":"1293656","toID":"1293679","formEdgeID":null},{"edgeID":"1700872","fromID":"1293679","toID":"1293674","formEdgeID":null},{"edgeID":"1700873","fromID":"1293679","toID":"1293680","formEdgeID":null},{"edgeID":"1700874","fromID":"1293680","toID":"1293678","formEdgeID":null},{"edgeID":"1700875","fromID":"1293683","toID":"1293682","formEdgeID":null},{"edgeID":"1700876","fromID":"1293684","toID":"1293683","formEdgeID":null},{"edgeID":"1700877","fromID":"1293682","toID":"1293685","formEdgeID":null},{"edgeID":"1700878","fromID":"1293685","toID":"1293681","formEdgeID":null},{"edgeID":"1700879","fromID":"1293674","toID":"1293686","formEdgeID":null},{"edgeID":"1700880","fromID":"1293686","toID":"1293682","formEdgeID":null},{"edgeID":"1700881","fromID":"1293681","toID":"1293687","formEdgeID":null},{"edgeID":"1700882","fromID":"1293687","toID":"1293655","formEdgeID":null},{"edgeID":"1700883","fromID":"1293686","toID":"1293688","formEdgeID":null},{"edgeID":"1700884","fromID":"1293688","toID":"1293687","formEdgeID":null},{"edgeID":"1700885","fromID":"1293666","toID":"1293689","formEdgeID":null},{"edgeID":"1700886","fromID":"1293689","toID":"1293681","formEdgeID":null},{"edgeID":"1700887","fromID":"1293667","toID":"1293690","formEdgeID":null},{"edgeID":"1700888","fromID":"1293690","toID":"1293682","formEdgeID":null},{"edgeID":"1700889","fromID":"1293690","toID":"1293691","formEdgeID":null},{"edgeID":"1700890","fromID":"1293691","toID":"1293689","formEdgeID":null},{"edgeID":"1700891","fromID":"1293694","toID":"1293693","formEdgeID":null},{"edgeID":"1700892","fromID":"1293695","toID":"1293694","formEdgeID":null},{"edgeID":"1700893","fromID":"1293693","toID":"1293696","formEdgeID":null},{"edgeID":"1700894","fromID":"1293696","toID":"1293692","formEdgeID":null},{"edgeID":"1700895","fromID":"1293682","toID":"1293697","formEdgeID":null},{"edgeID":"1700896","fromID":"1293697","toID":"1293693","formEdgeID":null},{"edgeID":"1700897","fromID":"1293700","toID":"1293699","formEdgeID":null},{"edgeID":"1700898","fromID":"1293701","toID":"1293700","formEdgeID":null},{"edgeID":"1700899","fromID":"1293699","toID":"1293702","formEdgeID":null},{"edgeID":"1700900","fromID":"1293702","toID":"1293698","formEdgeID":null},{"edgeID":"1700901","fromID":"1293693","toID":"1293703","formEdgeID":null},{"edgeID":"1700902","fromID":"1293703","toID":"1293699","formEdgeID":null},{"edgeID":"1700903","fromID":"1293698","toID":"1293704","formEdgeID":null},{"edgeID":"1700904","fromID":"1293704","toID":"1293692","formEdgeID":null},{"edgeID":"1700905","fromID":"1293703","toID":"1293705","formEdgeID":null},{"edgeID":"1700906","fromID":"1293705","toID":"1293704","formEdgeID":null},{"edgeID":"1700907","fromID":"1293708","toID":"1293707","formEdgeID":null},{"edgeID":"1700908","fromID":"1293709","toID":"1293708","formEdgeID":null},{"edgeID":"1700909","fromID":"1293707","toID":"1293710","formEdgeID":null},{"edgeID":"1700910","fromID":"1293710","toID":"1293706","formEdgeID":null},{"edgeID":"1700911","fromID":"1293699","toID":"1293711","formEdgeID":null},{"edgeID":"1700912","fromID":"1293711","toID":"1293707","formEdgeID":null},{"edgeID":"1700913","fromID":"1293706","toID":"1293712","formEdgeID":null},{"edgeID":"1700914","fromID":"1293712","toID":"1293698","formEdgeID":null},{"edgeID":"1700915","fromID":"1293711","toID":"1293713","formEdgeID":null},{"edgeID":"1700916","fromID":"1293713","toID":"1293712","formEdgeID":null},{"edgeID":"1700917","fromID":"1293655","toID":"1293714","formEdgeID":null},{"edgeID":"1700918","fromID":"1293714","toID":"1293639","formEdgeID":null},{"edgeID":"1700919","fromID":"1293640","toID":"1293715","formEdgeID":null},{"edgeID":"1700920","fromID":"1293715","toID":"1293656","formEdgeID":null},{"edgeID":"1700921","fromID":"1293715","toID":"1293716","formEdgeID":null},{"edgeID":"1700922","fromID":"1293716","toID":"1293714","formEdgeID":null}],"locutions":[]}