{"nodes":[{"nodeID":"1294283","text":"xxx is how we are going to get the message out to the Russian people that Russian troops are invading given that television channels and radio stations have been taken off the air","type":"I","timestamp":"2023-11-09 12:47:33"},{"nodeID":"1294284","text":"Fiona Bruce: how are we going to do that given that television channels and radio stations have been taken off the air","type":"L","timestamp":"2023-11-09 12:47:33"},{"nodeID":"1294285","text":"Analysing","type":"YA","timestamp":"2023-11-09 12:47:33"},{"nodeID":"1294286","text":"Nicole: Fiona Bruce: how are we going to do that given that television channels and radio stations have been taken off the air","type":"L","timestamp":"2023-11-09 12:47:33"},{"nodeID":"1294287","text":"Pure Questioning","type":"YA","timestamp":"2023-11-09 12:47:33"},{"nodeID":"1294288","text":"getting the message out to the Russian people that Russian troops are invading is going to be important","type":"I","timestamp":"2023-11-09 12:47:33"},{"nodeID":"1294289","text":"Bridget Kendall: It is going to be important","type":"L","timestamp":"2023-11-09 12:47:33"},{"nodeID":"1294290","text":"Analysing","type":"YA","timestamp":"2023-11-09 12:47:33"},{"nodeID":"1294291","text":"Nicole: Bridget Kendall: It is going to be important","type":"L","timestamp":"2023-11-09 12:47:33"},{"nodeID":"1294292","text":"Asserting","type":"YA","timestamp":"2023-11-09 12:47:33"},{"nodeID":"1294293","text":"there are messages getting through","type":"I","timestamp":"2023-11-09 12:47:34"},{"nodeID":"1294294","text":"Bridget Kendall: there are messages getting through","type":"L","timestamp":"2023-11-09 12:47:34"},{"nodeID":"1294295","text":"Analysing","type":"YA","timestamp":"2023-11-09 12:47:34"},{"nodeID":"1294296","text":"Nicole: Bridget Kendall: there are messages getting through","type":"L","timestamp":"2023-11-09 12:47:34"},{"nodeID":"1294297","text":"Asserting","type":"YA","timestamp":"2023-11-09 12:47:34"},{"nodeID":"1294298","text":"Default Transition","type":"TA","timestamp":"2023-11-09 12:47:34"},{"nodeID":"1294299","text":"Default Transition","type":"TA","timestamp":"2023-11-09 12:47:34"},{"nodeID":"1294300","text":"Default Inference","type":"RA","timestamp":"2023-11-09 12:47:34"},{"nodeID":"1294301","text":"Arguing","type":"YA","timestamp":"2023-11-09 12:47:34"},{"nodeID":"1294302","text":"young Russian soldiers who either give themselves up or are captured are given cups of tea and a pancake and asked, \"Do you want to phone your mum\"","type":"I","timestamp":"2023-11-09 12:47:35"},{"nodeID":"1294303","text":"Bridget Kendall: they're given cups of tea and a pancake and asked, \"Do you want to phone your mum\"","type":"L","timestamp":"2023-11-09 12:47:35"},{"nodeID":"1294304","text":"Analysing","type":"YA","timestamp":"2023-11-09 12:47:35"},{"nodeID":"1294305","text":"Nicole: Bridget Kendall: they're given cups of tea and a pancake and asked, \"Do you want to phone your mum\"","type":"L","timestamp":"2023-11-09 12:47:35"},{"nodeID":"1294306","text":"Asserting","type":"YA","timestamp":"2023-11-09 12:47:35"},{"nodeID":"1294307","text":"there are young Russian soldiers who either give themselves up or are captured","type":"I","timestamp":"2023-11-09 12:47:35"},{"nodeID":"1294308","text":"Bridget Kendall: there are young Russian soldiers who either give themselves up or are captured","type":"L","timestamp":"2023-11-09 12:47:35"},{"nodeID":"1294309","text":"Analysing","type":"YA","timestamp":"2023-11-09 12:47:35"},{"nodeID":"1294310","text":"Nicole: Bridget Kendall: there are young Russian soldiers who either give themselves up or are captured","type":"L","timestamp":"2023-11-09 12:47:35"},{"nodeID":"1294311","text":"Asserting","type":"YA","timestamp":"2023-11-09 12:47:35"},{"nodeID":"1294312","text":"you've probably seen on social media that there are young Russian soldiers who either give themselves up or are captured","type":"I","timestamp":"2023-11-09 12:47:36"},{"nodeID":"1294313","text":"Bridget Kendall: you've probably seen on social media","type":"L","timestamp":"2023-11-09 12:47:36"},{"nodeID":"1294314","text":"Analysing","type":"YA","timestamp":"2023-11-09 12:47:36"},{"nodeID":"1294315","text":"Nicole: Bridget Kendall: you've probably seen on social media","type":"L","timestamp":"2023-11-09 12:47:36"},{"nodeID":"1294316","text":"Asserting","type":"YA","timestamp":"2023-11-09 12:47:36"},{"nodeID":"1294317","text":"Default Transition","type":"TA","timestamp":"2023-11-09 12:47:36"},{"nodeID":"1294318","text":"Default Transition","type":"TA","timestamp":"2023-11-09 12:47:36"},{"nodeID":"1294319","text":"Default Rephrase","type":"MA","timestamp":"2023-11-09 12:47:36"},{"nodeID":"1294320","text":"Restating","type":"YA","timestamp":"2023-11-09 12:47:36"},{"nodeID":"1294321","text":"Default Transition","type":"TA","timestamp":"2023-11-09 12:47:36"},{"nodeID":"1294322","text":"soldiers have had their phones taken away when they're in the Russian military and they can phone home","type":"I","timestamp":"2023-11-09 12:47:37"},{"nodeID":"1294323","text":"Bridget Kendall: they've had their phones taken away when they're in the Russian military and they can phone home","type":"L","timestamp":"2023-11-09 12:47:37"},{"nodeID":"1294324","text":"Analysing","type":"YA","timestamp":"2023-11-09 12:47:37"},{"nodeID":"1294325","text":"Nicole: Bridget Kendall: they've had their phones taken away when they're in the Russian military and they can phone home","type":"L","timestamp":"2023-11-09 12:47:37"},{"nodeID":"1294326","text":"Asserting","type":"YA","timestamp":"2023-11-09 12:47:37"},{"nodeID":"1294327","text":"Default Transition","type":"TA","timestamp":"2023-11-09 12:47:37"},{"nodeID":"1294328","text":"Default Inference","type":"RA","timestamp":"2023-11-09 12:47:37"},{"nodeID":"1294329","text":"Arguing","type":"YA","timestamp":"2023-11-09 12:47:37"},{"nodeID":"1294330","text":"when Bridget Kendall listens to the mother, what the parent is hearing from those soldiers, they are bewildered and wary","type":"I","timestamp":"2023-11-09 12:47:37"},{"nodeID":"1294331","text":"Bridget Kendall: When I listen to the mother, what the parent is hearing from those soldiers, they are bewildered and wary","type":"L","timestamp":"2023-11-09 12:47:37"},{"nodeID":"1294332","text":"Analysing","type":"YA","timestamp":"2023-11-09 12:47:37"},{"nodeID":"1294333","text":"Nicole: Bridget Kendall: When I listen to the mother, what the parent is hearing from those soldiers, they are bewildered and wary","type":"L","timestamp":"2023-11-09 12:47:37"},{"nodeID":"1294334","text":"Asserting","type":"YA","timestamp":"2023-11-09 12:47:37"},{"nodeID":"1294335","text":"Default Transition","type":"TA","timestamp":"2023-11-09 12:47:37"},{"nodeID":"1294336","text":"Russian parents are wondering if the phone calls are Ukrainian propaganda, a sort of stitch-up","type":"I","timestamp":"2023-11-09 12:47:38"},{"nodeID":"1294337","text":"Bridget Kendall: they're wondering if this is Ukrainian propaganda, a sort of stitch-up","type":"L","timestamp":"2023-11-09 12:47:38"},{"nodeID":"1294338","text":"Analysing","type":"YA","timestamp":"2023-11-09 12:47:38"},{"nodeID":"1294339","text":"Nicole: Bridget Kendall: they're wondering if this is Ukrainian propaganda, a sort of stitch-up","type":"L","timestamp":"2023-11-09 12:47:38"},{"nodeID":"1294340","text":"Asserting","type":"YA","timestamp":"2023-11-09 12:47:38"},{"nodeID":"1294341","text":"Default Transition","type":"TA","timestamp":"2023-11-09 12:47:38"},{"nodeID":"1294342","text":"Default Rephrase","type":"MA","timestamp":"2023-11-09 12:47:38"},{"nodeID":"1294343","text":"Restating","type":"YA","timestamp":"2023-11-09 12:47:38"},{"nodeID":"1294344","text":"you can understand Russian parents are wondering if the phone calls are Ukrainian propaganda when they're being told this is being fabricated","type":"I","timestamp":"2023-11-09 12:47:38"},{"nodeID":"1294345","text":"Bridget Kendall: you can understand that when they're being told this is being fabricated","type":"L","timestamp":"2023-11-09 12:47:38"},{"nodeID":"1294346","text":"Analysing","type":"YA","timestamp":"2023-11-09 12:47:38"},{"nodeID":"1294347","text":"Nicole: Bridget Kendall: you can understand that when they're being told this is being fabricated","type":"L","timestamp":"2023-11-09 12:47:38"},{"nodeID":"1294348","text":"Asserting","type":"YA","timestamp":"2023-11-09 12:47:38"},{"nodeID":"1294349","text":"Default Transition","type":"TA","timestamp":"2023-11-09 12:47:38"},{"nodeID":"1294350","text":"somehow we have to turn this story around","type":"I","timestamp":"2023-11-09 12:47:39"},{"nodeID":"1294351","text":"Bridget Kendall: Somehow we have to turn this story around","type":"L","timestamp":"2023-11-09 12:47:39"},{"nodeID":"1294352","text":"Analysing","type":"YA","timestamp":"2023-11-09 12:47:39"},{"nodeID":"1294353","text":"Nicole: Bridget Kendall: Somehow we have to turn this story around","type":"L","timestamp":"2023-11-09 12:47:39"},{"nodeID":"1294354","text":"Asserting","type":"YA","timestamp":"2023-11-09 12:47:39"},{"nodeID":"1294355","text":"Bridget Kendall interviewed Putin twice","type":"I","timestamp":"2023-11-09 12:47:40"},{"nodeID":"1294356","text":"Fiona Bruce: You interviewed Putin twice","type":"L","timestamp":"2023-11-09 12:47:40"},{"nodeID":"1294357","text":"Analysing","type":"YA","timestamp":"2023-11-09 12:47:40"},{"nodeID":"1294358","text":"Nicole: Fiona Bruce: You interviewed Putin twice","type":"L","timestamp":"2023-11-09 12:47:40"},{"nodeID":"1294359","text":"Asserting","type":"YA","timestamp":"2023-11-09 12:47:40"},{"nodeID":"1294360","text":"Default Transition","type":"TA","timestamp":"2023-11-09 12:47:40"},{"nodeID":"1294361","text":"xxx is what else Bridget Kendall thinks could be done other than the information war, so to speak, that could deter Putin, change his mind","type":"I","timestamp":"2023-11-09 12:47:40"},{"nodeID":"1294362","text":"Fiona Bruce: What else do you think could be done other than the information war, so to speak, that could deter him, change his mind","type":"L","timestamp":"2023-11-09 12:47:40"},{"nodeID":"1294363","text":"Analysing","type":"YA","timestamp":"2023-11-09 12:47:40"},{"nodeID":"1294364","text":"Nicole: Fiona Bruce: What else do you think could be done other than the information war, so to speak, that could deter him, change his mind","type":"L","timestamp":"2023-11-09 12:47:40"},{"nodeID":"1294365","text":"Pure Questioning","type":"YA","timestamp":"2023-11-09 12:47:40"},{"nodeID":"1294366","text":"Default Transition","type":"TA","timestamp":"2023-11-09 12:47:40"},{"nodeID":"1294367","text":"xxx is what else Bridget Kendall thinks could be done to change course","type":"I","timestamp":"2023-11-09 12:47:41"},{"nodeID":"1294368","text":"Fiona Bruce: Change course","type":"L","timestamp":"2023-11-09 12:47:41"},{"nodeID":"1294369","text":"Analysing","type":"YA","timestamp":"2023-11-09 12:47:41"},{"nodeID":"1294370","text":"Nicole: Fiona Bruce: Change course","type":"L","timestamp":"2023-11-09 12:47:41"},{"nodeID":"1294371","text":"Pure Questioning","type":"YA","timestamp":"2023-11-09 12:47:41"},{"nodeID":"1294372","text":"Default Transition","type":"TA","timestamp":"2023-11-09 12:47:41"},{"nodeID":"1294373","text":"Default Rephrase","type":"MA","timestamp":"2023-11-09 12:47:41"},{"nodeID":"1294374","text":"Restating","type":"YA","timestamp":"2023-11-09 12:47:41"},{"nodeID":"1294375","text":"we're clutching at straws here in the face of the bombardment of these Ukrainian towns and cities and that long column outside Kyiv","type":"I","timestamp":"2023-11-09 12:47:42"},{"nodeID":"1294376","text":"Bridget Kendall: We're clutching at straws here in the face of the bombardment of these Ukrainian towns and cities and that long column outside Kyiv","type":"L","timestamp":"2023-11-09 12:47:42"},{"nodeID":"1294377","text":"Analysing","type":"YA","timestamp":"2023-11-09 12:47:42"},{"nodeID":"1294378","text":"Nicole: Bridget Kendall: We're clutching at straws here in the face of the bombardment of these Ukrainian towns and cities and that long column outside Kyiv","type":"L","timestamp":"2023-11-09 12:47:42"},{"nodeID":"1294379","text":"Asserting","type":"YA","timestamp":"2023-11-09 12:47:42"},{"nodeID":"1294380","text":"Default Transition","type":"TA","timestamp":"2023-11-09 12:47:42"},{"nodeID":"1294381","text":"we don't know what it is going to do","type":"I","timestamp":"2023-11-09 12:47:42"},{"nodeID":"1294382","text":"Bridget Kendall: we don't know what it is going to do","type":"L","timestamp":"2023-11-09 12:47:42"},{"nodeID":"1294383","text":"Analysing","type":"YA","timestamp":"2023-11-09 12:47:42"},{"nodeID":"1294384","text":"Nicole: Bridget Kendall: we don't know what it is going to do","type":"L","timestamp":"2023-11-09 12:47:42"},{"nodeID":"1294385","text":"Asserting","type":"YA","timestamp":"2023-11-09 12:47:42"},{"nodeID":"1294386","text":"Default Transition","type":"TA","timestamp":"2023-11-09 12:47:42"},{"nodeID":"1294387","text":"we don't know whether there is some massive onslaught coming","type":"I","timestamp":"2023-11-09 12:47:43"},{"nodeID":"1294388","text":"Bridget Kendall: whether there is some massive onslaught coming","type":"L","timestamp":"2023-11-09 12:47:43"},{"nodeID":"1294389","text":"Analysing","type":"YA","timestamp":"2023-11-09 12:47:43"},{"nodeID":"1294390","text":"Nicole: Bridget Kendall: whether there is some massive onslaught coming","type":"L","timestamp":"2023-11-09 12:47:43"},{"nodeID":"1294391","text":"Asserting","type":"YA","timestamp":"2023-11-09 12:47:43"},{"nodeID":"1294392","text":"Default Transition","type":"TA","timestamp":"2023-11-09 12:47:43"},{"nodeID":"1294393","text":"Default Rephrase","type":"MA","timestamp":"2023-11-09 12:47:43"},{"nodeID":"1294394","text":"Restating","type":"YA","timestamp":"2023-11-09 12:47:43"},{"nodeID":"1294395","text":"there are straws","type":"I","timestamp":"2023-11-09 12:47:43"},{"nodeID":"1294396","text":"Bridget Kendall: there are straws","type":"L","timestamp":"2023-11-09 12:47:43"},{"nodeID":"1294397","text":"Analysing","type":"YA","timestamp":"2023-11-09 12:47:43"},{"nodeID":"1294398","text":"Nicole: Bridget Kendall: there are straws","type":"L","timestamp":"2023-11-09 12:47:43"},{"nodeID":"1294399","text":"Asserting","type":"YA","timestamp":"2023-11-09 12:47:43"},{"nodeID":"1294400","text":"Default Transition","type":"TA","timestamp":"2023-11-09 12:47:43"},{"nodeID":"1294401","text":"Default Rephrase","type":"MA","timestamp":"2023-11-09 12:47:43"},{"nodeID":"1294402","text":"Restating","type":"YA","timestamp":"2023-11-09 12:47:43"},{"nodeID":"1294403","text":"Default Rephrase","type":"MA","timestamp":"2023-11-09 12:47:43"},{"nodeID":"1294404","text":"Default Illocuting","type":"YA","timestamp":"2023-11-09 12:47:43"},{"nodeID":"1294405","text":"Default Rephrase","type":"MA","timestamp":"2023-11-09 12:47:43"},{"nodeID":"1294406","text":"Restating","type":"YA","timestamp":"2023-11-09 12:47:43"},{"nodeID":"1294407","text":"Default Transition","type":"TA","timestamp":"2023-11-09 12:47:43"},{"nodeID":"1294408","text":"Default Rephrase","type":"MA","timestamp":"2023-11-09 12:47:43"},{"nodeID":"1294409","text":"Restating","type":"YA","timestamp":"2023-11-09 12:47:43"}],"edges":[{"edgeID":"1701599","fromID":"1294285","toID":"1294284","formEdgeID":null},{"edgeID":"1701600","fromID":"1294286","toID":"1294285","formEdgeID":null},{"edgeID":"1701601","fromID":"1294284","toID":"1294287","formEdgeID":null},{"edgeID":"1701602","fromID":"1294287","toID":"1294283","formEdgeID":null},{"edgeID":"1701603","fromID":"1294290","toID":"1294289","formEdgeID":null},{"edgeID":"1701604","fromID":"1294291","toID":"1294290","formEdgeID":null},{"edgeID":"1701605","fromID":"1294289","toID":"1294292","formEdgeID":null},{"edgeID":"1701606","fromID":"1294292","toID":"1294288","formEdgeID":null},{"edgeID":"1701607","fromID":"1294295","toID":"1294294","formEdgeID":null},{"edgeID":"1701608","fromID":"1294296","toID":"1294295","formEdgeID":null},{"edgeID":"1701609","fromID":"1294294","toID":"1294297","formEdgeID":null},{"edgeID":"1701610","fromID":"1294297","toID":"1294293","formEdgeID":null},{"edgeID":"1701611","fromID":"1294289","toID":"1294298","formEdgeID":null},{"edgeID":"1701612","fromID":"1294298","toID":"1294294","formEdgeID":null},{"edgeID":"1701613","fromID":"1294284","toID":"1294299","formEdgeID":null},{"edgeID":"1701614","fromID":"1294299","toID":"1294289","formEdgeID":null},{"edgeID":"1701615","fromID":"1294293","toID":"1294300","formEdgeID":null},{"edgeID":"1701616","fromID":"1294300","toID":"1294288","formEdgeID":null},{"edgeID":"1701617","fromID":"1294298","toID":"1294301","formEdgeID":null},{"edgeID":"1701618","fromID":"1294301","toID":"1294300","formEdgeID":null},{"edgeID":"1701619","fromID":"1294304","toID":"1294303","formEdgeID":null},{"edgeID":"1701620","fromID":"1294305","toID":"1294304","formEdgeID":null},{"edgeID":"1701621","fromID":"1294303","toID":"1294306","formEdgeID":null},{"edgeID":"1701622","fromID":"1294306","toID":"1294302","formEdgeID":null},{"edgeID":"1701623","fromID":"1294309","toID":"1294308","formEdgeID":null},{"edgeID":"1701624","fromID":"1294310","toID":"1294309","formEdgeID":null},{"edgeID":"1701625","fromID":"1294308","toID":"1294311","formEdgeID":null},{"edgeID":"1701626","fromID":"1294311","toID":"1294307","formEdgeID":null},{"edgeID":"1701627","fromID":"1294314","toID":"1294313","formEdgeID":null},{"edgeID":"1701628","fromID":"1294315","toID":"1294314","formEdgeID":null},{"edgeID":"1701629","fromID":"1294313","toID":"1294316","formEdgeID":null},{"edgeID":"1701630","fromID":"1294316","toID":"1294312","formEdgeID":null},{"edgeID":"1701631","fromID":"1294294","toID":"1294317","formEdgeID":null},{"edgeID":"1701632","fromID":"1294317","toID":"1294308","formEdgeID":null},{"edgeID":"1701633","fromID":"1294308","toID":"1294318","formEdgeID":null},{"edgeID":"1701634","fromID":"1294318","toID":"1294313","formEdgeID":null},{"edgeID":"1701635","fromID":"1294312","toID":"1294319","formEdgeID":null},{"edgeID":"1701636","fromID":"1294319","toID":"1294307","formEdgeID":null},{"edgeID":"1701637","fromID":"1294318","toID":"1294320","formEdgeID":null},{"edgeID":"1701638","fromID":"1294320","toID":"1294319","formEdgeID":null},{"edgeID":"1701639","fromID":"1294308","toID":"1294321","formEdgeID":null},{"edgeID":"1701640","fromID":"1294321","toID":"1294303","formEdgeID":null},{"edgeID":"1701641","fromID":"1294324","toID":"1294323","formEdgeID":null},{"edgeID":"1701642","fromID":"1294325","toID":"1294324","formEdgeID":null},{"edgeID":"1701643","fromID":"1294323","toID":"1294326","formEdgeID":null},{"edgeID":"1701644","fromID":"1294326","toID":"1294322","formEdgeID":null},{"edgeID":"1701645","fromID":"1294303","toID":"1294327","formEdgeID":null},{"edgeID":"1701646","fromID":"1294327","toID":"1294323","formEdgeID":null},{"edgeID":"1701647","fromID":"1294322","toID":"1294328","formEdgeID":null},{"edgeID":"1701648","fromID":"1294328","toID":"1294302","formEdgeID":null},{"edgeID":"1701649","fromID":"1294327","toID":"1294329","formEdgeID":null},{"edgeID":"1701650","fromID":"1294329","toID":"1294328","formEdgeID":null},{"edgeID":"1701651","fromID":"1294332","toID":"1294331","formEdgeID":null},{"edgeID":"1701652","fromID":"1294333","toID":"1294332","formEdgeID":null},{"edgeID":"1701653","fromID":"1294331","toID":"1294334","formEdgeID":null},{"edgeID":"1701654","fromID":"1294334","toID":"1294330","formEdgeID":null},{"edgeID":"1701655","fromID":"1294323","toID":"1294335","formEdgeID":null},{"edgeID":"1701656","fromID":"1294335","toID":"1294331","formEdgeID":null},{"edgeID":"1701657","fromID":"1294338","toID":"1294337","formEdgeID":null},{"edgeID":"1701658","fromID":"1294339","toID":"1294338","formEdgeID":null},{"edgeID":"1701659","fromID":"1294337","toID":"1294340","formEdgeID":null},{"edgeID":"1701660","fromID":"1294340","toID":"1294336","formEdgeID":null},{"edgeID":"1701661","fromID":"1294331","toID":"1294341","formEdgeID":null},{"edgeID":"1701662","fromID":"1294341","toID":"1294337","formEdgeID":null},{"edgeID":"1701663","fromID":"1294336","toID":"1294342","formEdgeID":null},{"edgeID":"1701664","fromID":"1294342","toID":"1294330","formEdgeID":null},{"edgeID":"1701665","fromID":"1294341","toID":"1294343","formEdgeID":null},{"edgeID":"1701666","fromID":"1294343","toID":"1294342","formEdgeID":null},{"edgeID":"1701667","fromID":"1294346","toID":"1294345","formEdgeID":null},{"edgeID":"1701668","fromID":"1294347","toID":"1294346","formEdgeID":null},{"edgeID":"1701669","fromID":"1294345","toID":"1294348","formEdgeID":null},{"edgeID":"1701670","fromID":"1294348","toID":"1294344","formEdgeID":null},{"edgeID":"1701671","fromID":"1294337","toID":"1294349","formEdgeID":null},{"edgeID":"1701672","fromID":"1294349","toID":"1294345","formEdgeID":null},{"edgeID":"1701673","fromID":"1294352","toID":"1294351","formEdgeID":null},{"edgeID":"1701674","fromID":"1294353","toID":"1294352","formEdgeID":null},{"edgeID":"1701675","fromID":"1294351","toID":"1294354","formEdgeID":null},{"edgeID":"1701676","fromID":"1294354","toID":"1294350","formEdgeID":null},{"edgeID":"1701677","fromID":"1294357","toID":"1294356","formEdgeID":null},{"edgeID":"1701678","fromID":"1294358","toID":"1294357","formEdgeID":null},{"edgeID":"1701679","fromID":"1294356","toID":"1294359","formEdgeID":null},{"edgeID":"1701680","fromID":"1294359","toID":"1294355","formEdgeID":null},{"edgeID":"1701681","fromID":"1294351","toID":"1294360","formEdgeID":null},{"edgeID":"1701682","fromID":"1294360","toID":"1294356","formEdgeID":null},{"edgeID":"1701683","fromID":"1294363","toID":"1294362","formEdgeID":null},{"edgeID":"1701684","fromID":"1294364","toID":"1294363","formEdgeID":null},{"edgeID":"1701685","fromID":"1294362","toID":"1294365","formEdgeID":null},{"edgeID":"1701686","fromID":"1294365","toID":"1294361","formEdgeID":null},{"edgeID":"1701687","fromID":"1294356","toID":"1294366","formEdgeID":null},{"edgeID":"1701688","fromID":"1294366","toID":"1294362","formEdgeID":null},{"edgeID":"1701689","fromID":"1294369","toID":"1294368","formEdgeID":null},{"edgeID":"1701690","fromID":"1294370","toID":"1294369","formEdgeID":null},{"edgeID":"1701691","fromID":"1294368","toID":"1294371","formEdgeID":null},{"edgeID":"1701692","fromID":"1294371","toID":"1294367","formEdgeID":null},{"edgeID":"1701693","fromID":"1294362","toID":"1294372","formEdgeID":null},{"edgeID":"1701694","fromID":"1294372","toID":"1294368","formEdgeID":null},{"edgeID":"1701695","fromID":"1294367","toID":"1294373","formEdgeID":null},{"edgeID":"1701696","fromID":"1294373","toID":"1294361","formEdgeID":null},{"edgeID":"1701697","fromID":"1294372","toID":"1294374","formEdgeID":null},{"edgeID":"1701698","fromID":"1294374","toID":"1294373","formEdgeID":null},{"edgeID":"1701699","fromID":"1294377","toID":"1294376","formEdgeID":null},{"edgeID":"1701700","fromID":"1294378","toID":"1294377","formEdgeID":null},{"edgeID":"1701701","fromID":"1294376","toID":"1294379","formEdgeID":null},{"edgeID":"1701702","fromID":"1294379","toID":"1294375","formEdgeID":null},{"edgeID":"1701703","fromID":"1294368","toID":"1294380","formEdgeID":null},{"edgeID":"1701704","fromID":"1294380","toID":"1294376","formEdgeID":null},{"edgeID":"1701705","fromID":"1294383","toID":"1294382","formEdgeID":null},{"edgeID":"1701706","fromID":"1294384","toID":"1294383","formEdgeID":null},{"edgeID":"1701707","fromID":"1294382","toID":"1294385","formEdgeID":null},{"edgeID":"1701708","fromID":"1294385","toID":"1294381","formEdgeID":null},{"edgeID":"1701709","fromID":"1294376","toID":"1294386","formEdgeID":null},{"edgeID":"1701710","fromID":"1294386","toID":"1294382","formEdgeID":null},{"edgeID":"1701711","fromID":"1294389","toID":"1294388","formEdgeID":null},{"edgeID":"1701712","fromID":"1294390","toID":"1294389","formEdgeID":null},{"edgeID":"1701713","fromID":"1294388","toID":"1294391","formEdgeID":null},{"edgeID":"1701714","fromID":"1294391","toID":"1294387","formEdgeID":null},{"edgeID":"1701715","fromID":"1294382","toID":"1294392","formEdgeID":null},{"edgeID":"1701716","fromID":"1294392","toID":"1294388","formEdgeID":null},{"edgeID":"1701717","fromID":"1294387","toID":"1294393","formEdgeID":null},{"edgeID":"1701718","fromID":"1294393","toID":"1294381","formEdgeID":null},{"edgeID":"1701719","fromID":"1294392","toID":"1294394","formEdgeID":null},{"edgeID":"1701720","fromID":"1294394","toID":"1294393","formEdgeID":null},{"edgeID":"1701721","fromID":"1294397","toID":"1294396","formEdgeID":null},{"edgeID":"1701722","fromID":"1294398","toID":"1294397","formEdgeID":null},{"edgeID":"1701723","fromID":"1294396","toID":"1294399","formEdgeID":null},{"edgeID":"1701724","fromID":"1294399","toID":"1294395","formEdgeID":null},{"edgeID":"1701725","fromID":"1294376","toID":"1294400","formEdgeID":null},{"edgeID":"1701726","fromID":"1294400","toID":"1294396","formEdgeID":null},{"edgeID":"1701727","fromID":"1294344","toID":"1294401","formEdgeID":null},{"edgeID":"1701728","fromID":"1294401","toID":"1294336","formEdgeID":null},{"edgeID":"1701729","fromID":"1294349","toID":"1294402","formEdgeID":null},{"edgeID":"1701730","fromID":"1294402","toID":"1294401","formEdgeID":null},{"edgeID":"1701731","fromID":"1294288","toID":"1294403","formEdgeID":null},{"edgeID":"1701732","fromID":"1294403","toID":"1294283","formEdgeID":null},{"edgeID":"1701733","fromID":"1294299","toID":"1294404","formEdgeID":null},{"edgeID":"1701734","fromID":"1294404","toID":"1294403","formEdgeID":null},{"edgeID":"1701735","fromID":"1294302","toID":"1294405","formEdgeID":null},{"edgeID":"1701736","fromID":"1294405","toID":"1294312","formEdgeID":null},{"edgeID":"1701737","fromID":"1294321","toID":"1294406","formEdgeID":null},{"edgeID":"1701738","fromID":"1294406","toID":"1294405","formEdgeID":null},{"edgeID":"1701739","fromID":"1294345","toID":"1294407","formEdgeID":null},{"edgeID":"1701740","fromID":"1294407","toID":"1294351","formEdgeID":null},{"edgeID":"1701741","fromID":"1294395","toID":"1294408","formEdgeID":null},{"edgeID":"1701742","fromID":"1294408","toID":"1294375","formEdgeID":null},{"edgeID":"1701743","fromID":"1294400","toID":"1294409","formEdgeID":null},{"edgeID":"1701744","fromID":"1294409","toID":"1294408","formEdgeID":null}],"locutions":[]}