{"nodes":[{"nodeID":"22328","text":"no","type":"I","timestamp":"2013-03-20 12:21:59"},{"nodeID":"23880","text":"yes","type":"I","timestamp":"2013-08-06 16:53:15"},{"nodeID":"1296393","text":"There has been a lot in the media the last couple of weeks about people in the 1990s like George Kennan warning about NATO expanding eastwards","type":"I","timestamp":"2023-11-09 12:50:26"},{"nodeID":"1296394","text":"AudienceMember 20220310QT18: There has been a lot in the media the last couple of weeks about people in the 1990s like George Kennan warning about NATO expanding eastwards","type":"L","timestamp":"2023-11-09 12:50:26"},{"nodeID":"1296395","text":"Analysing","type":"YA","timestamp":"2023-11-09 12:50:26"},{"nodeID":"1296396","text":"Chris : AudienceMember 20220310QT18: There has been a lot in the media the last couple of weeks about people in the 1990s like George Kennan warning about NATO expanding eastwards","type":"L","timestamp":"2023-11-09 12:50:26"},{"nodeID":"1296397","text":"Asserting","type":"YA","timestamp":"2023-11-09 12:50:26"},{"nodeID":"1296398","text":"Vladimir Putin explained this is one of the reasons he's invading Ukraine","type":"I","timestamp":"2023-11-09 12:50:26"},{"nodeID":"1296399","text":"AudienceMember 20220310QT18: Vladimir Putin explained this is one of the reasons he's invading Ukraine","type":"L","timestamp":"2023-11-09 12:50:26"},{"nodeID":"1296400","text":"Analysing","type":"YA","timestamp":"2023-11-09 12:50:26"},{"nodeID":"1296401","text":"Chris : AudienceMember 20220310QT18: Vladimir Putin explained this is one of the reasons he's invading Ukraine","type":"L","timestamp":"2023-11-09 12:50:26"},{"nodeID":"1296402","text":"Asserting","type":"YA","timestamp":"2023-11-09 12:50:26"},{"nodeID":"1296403","text":"there is or is not anyone on the panel who thinks that Russia's concerns are legitimate and we might not be in the situation we're in now had NATO expanding eastward not taken place","type":"I","timestamp":"2023-11-09 12:50:27"},{"nodeID":"1296404","text":"AudienceMember 20220310QT18: Is there anyone on the panel who thinks that's legitimate and we might not be in the situation we're in now had that not taken place","type":"L","timestamp":"2023-11-09 12:50:27"},{"nodeID":"1296405","text":"Analysing","type":"YA","timestamp":"2023-11-09 12:50:27"},{"nodeID":"1296406","text":"Chris : AudienceMember 20220310QT18: Is there anyone on the panel who thinks that's legitimate and we might not be in the situation we're in now had that not taken place","type":"L","timestamp":"2023-11-09 12:50:27"},{"nodeID":"1296407","text":"Pure Questioning","type":"YA","timestamp":"2023-11-09 12:50:27"},{"nodeID":"1296408","text":"Default Rephrase","type":"MA","timestamp":"2023-11-09 12:50:27"},{"nodeID":"1296409","text":"Default Rephrase","type":"MA","timestamp":"2023-11-09 12:50:27"},{"nodeID":"1296410","text":"Default Transition","type":"TA","timestamp":"2023-11-09 12:50:27"},{"nodeID":"1296411","text":"Default Transition","type":"TA","timestamp":"2023-11-09 12:50:27"},{"nodeID":"1296412","text":"Restating","type":"YA","timestamp":"2023-11-09 12:50:27"},{"nodeID":"1296413","text":"Restating","type":"YA","timestamp":"2023-11-09 12:50:27"},{"nodeID":"1296414","text":"Fiona Bruce might stay with the issue of visas for a moment","type":"I","timestamp":"2023-11-09 12:50:28"},{"nodeID":"1296415","text":"Fiona Bruce:  I might stay with the issue of visas for a moment","type":"L","timestamp":"2023-11-09 12:50:28"},{"nodeID":"1296416","text":"Analysing","type":"YA","timestamp":"2023-11-09 12:50:28"},{"nodeID":"1296417","text":"Chris : Fiona Bruce:  I might stay with the issue of visas for a moment","type":"L","timestamp":"2023-11-09 12:50:28"},{"nodeID":"1296418","text":"Asserting","type":"YA","timestamp":"2023-11-09 12:50:28"},{"nodeID":"1296419","text":"Default Transition","type":"TA","timestamp":"2023-11-09 12:50:28"},{"nodeID":"1296420","text":"Default Conflict","type":"CA","timestamp":"2023-11-09 12:50:28"},{"nodeID":"1296421","text":"Disagreeing","type":"YA","timestamp":"2023-11-09 12:50:28"},{"nodeID":"1296422","text":"isn't it ironic that we've got people in need, because of the war, who are having barriers put in front of them to come to this country","type":"I","timestamp":"2023-11-09 12:50:28"},{"nodeID":"1296423","text":"AudienceMember 20220310QT19: isn't it ironic that we've got people in need, yeah, because of the war, who are having barriers put in front of them to come to this country","type":"L","timestamp":"2023-11-09 12:50:28"},{"nodeID":"1296424","text":"Analysing","type":"YA","timestamp":"2023-11-09 12:50:28"},{"nodeID":"1296425","text":"Chris : AudienceMember 20220310QT19: isn't it ironic that we've got people in need, yeah, because of the war, who are having barriers put in front of them to come to this country","type":"L","timestamp":"2023-11-09 12:50:28"},{"nodeID":"1296426","text":"Asserting","type":"YA","timestamp":"2023-11-09 12:50:28"},{"nodeID":"1296427","text":"Default Transition","type":"TA","timestamp":"2023-11-09 12:50:28"},{"nodeID":"1296428","text":"if people in need go to France, they can get in a dinghy and get free entry","type":"I","timestamp":"2023-11-09 12:50:29"},{"nodeID":"1296429","text":"AudienceMember 20220310QT19:  if they go to France, they can get in a dinghy and get free entry","type":"L","timestamp":"2023-11-09 12:50:29"},{"nodeID":"1296430","text":"Analysing","type":"YA","timestamp":"2023-11-09 12:50:29"},{"nodeID":"1296431","text":"Chris : AudienceMember 20220310QT19:  if they go to France, they can get in a dinghy and get free entry","type":"L","timestamp":"2023-11-09 12:50:29"},{"nodeID":"1296432","text":"Asserting","type":"YA","timestamp":"2023-11-09 12:50:29"},{"nodeID":"1296433","text":"Default Transition","type":"TA","timestamp":"2023-11-09 12:50:29"},{"nodeID":"1296434","text":"Default Conflict","type":"CA","timestamp":"2023-11-09 12:50:29"},{"nodeID":"1296435","text":"Disagreeing","type":"YA","timestamp":"2023-11-09 12:50:29"},{"nodeID":"1296436","text":"AudienceMember 20220310QT19 does or does not think it should be easier for people to come here","type":"I","timestamp":"2023-11-09 12:50:29"},{"nodeID":"1296437","text":"Fiona Bruce: Do you think it should be easier for people to come here","type":"L","timestamp":"2023-11-09 12:50:29"},{"nodeID":"1296438","text":"Analysing","type":"YA","timestamp":"2023-11-09 12:50:29"},{"nodeID":"1296439","text":"Chris : Fiona Bruce: Do you think it should be easier for people to come here","type":"L","timestamp":"2023-11-09 12:50:29"},{"nodeID":"1296440","text":"Pure Questioning","type":"YA","timestamp":"2023-11-09 12:50:29"},{"nodeID":"1296441","text":"Default Transition","type":"TA","timestamp":"2023-11-09 12:50:29"},{"nodeID":"1296442","text":"is or is not Fiona Bruce talking about people from the Ukraine","type":"I","timestamp":"2023-11-09 12:50:30"},{"nodeID":"1296443","text":"AudienceMember 20220310QT20: From the Ukraine","type":"L","timestamp":"2023-11-09 12:50:30"},{"nodeID":"1296444","text":"Analysing","type":"YA","timestamp":"2023-11-09 12:50:30"},{"nodeID":"1296445","text":"Chris : AudienceMember 20220310QT20: From the Ukraine","type":"L","timestamp":"2023-11-09 12:50:30"},{"nodeID":"1296446","text":"Pure Questioning","type":"YA","timestamp":"2023-11-09 12:50:30"},{"nodeID":"1296447","text":"Default Transition","type":"TA","timestamp":"2023-11-09 12:50:30"},{"nodeID":"1296448","text":"Default Rephrase","type":"MA","timestamp":"2023-11-09 12:50:30"},{"nodeID":"1296449","text":"Default Illocuting","type":"YA","timestamp":"2023-11-09 12:50:30"},{"nodeID":"1296450","text":"Fiona Bruce: Yes","type":"L","timestamp":"2023-11-09 12:50:30"},{"nodeID":"1296451","text":"Analysing","type":"YA","timestamp":"2023-11-09 12:50:30"},{"nodeID":"1296452","text":"Chris : Fiona Bruce: Yes","type":"L","timestamp":"2023-11-09 12:50:30"},{"nodeID":"1296453","text":"Asserting","type":"YA","timestamp":"2023-11-09 12:50:30"},{"nodeID":"1296454","text":"Default Transition","type":"TA","timestamp":"2023-11-09 12:50:30"},{"nodeID":"1296455","text":"Default Rephrase","type":"MA","timestamp":"2023-11-09 12:50:30"},{"nodeID":"1296456","text":"Default Illocuting","type":"YA","timestamp":"2023-11-09 12:50:30"},{"nodeID":"1296457","text":"most definitely","type":"I","timestamp":"2023-11-09 12:50:31"},{"nodeID":"1296458","text":"AudienceMember 20220310QT21: Most definitely","type":"L","timestamp":"2023-11-09 12:50:31"},{"nodeID":"1296459","text":"Analysing","type":"YA","timestamp":"2023-11-09 12:50:31"},{"nodeID":"1296460","text":"Chris : AudienceMember 20220310QT21: Most definitely","type":"L","timestamp":"2023-11-09 12:50:31"},{"nodeID":"1296461","text":"Asserting","type":"YA","timestamp":"2023-11-09 12:50:31"},{"nodeID":"1296462","text":"Default Transition","type":"TA","timestamp":"2023-11-09 12:50:31"},{"nodeID":"1296463","text":"Default Rephrase","type":"MA","timestamp":"2023-11-09 12:50:31"},{"nodeID":"1296464","text":"Default Illocuting","type":"YA","timestamp":"2023-11-09 12:50:31"},{"nodeID":"1296465","text":"Ukrainian people have a reason for being in a safer country","type":"I","timestamp":"2023-11-09 12:50:31"},{"nodeID":"1296466","text":"AudienceMember 20220310QT21: These people have a reason for being in a safer country","type":"L","timestamp":"2023-11-09 12:50:31"},{"nodeID":"1296467","text":"Analysing","type":"YA","timestamp":"2023-11-09 12:50:31"},{"nodeID":"1296468","text":"Chris : AudienceMember 20220310QT21: These people have a reason for being in a safer country","type":"L","timestamp":"2023-11-09 12:50:31"},{"nodeID":"1296469","text":"Asserting","type":"YA","timestamp":"2023-11-09 12:50:31"},{"nodeID":"1296470","text":"Default Transition","type":"TA","timestamp":"2023-11-09 12:50:31"},{"nodeID":"1296471","text":"Default Inference","type":"RA","timestamp":"2023-11-09 12:50:31"},{"nodeID":"1296472","text":"Arguing","type":"YA","timestamp":"2023-11-09 12:50:31"},{"nodeID":"1296473","text":"Penny Mordaunt, visa rules should or should not be lifted","type":"I","timestamp":"2023-11-09 12:50:32"},{"nodeID":"1296474","text":"Fiona Bruce: Penny Mordaunt, should visa rules be lifted","type":"L","timestamp":"2023-11-09 12:50:32"},{"nodeID":"1296475","text":"Analysing","type":"YA","timestamp":"2023-11-09 12:50:32"},{"nodeID":"1296476","text":"Chris : Fiona Bruce: Penny Mordaunt, should visa rules be lifted","type":"L","timestamp":"2023-11-09 12:50:32"},{"nodeID":"1296477","text":"Pure Questioning","type":"YA","timestamp":"2023-11-09 12:50:32"},{"nodeID":"1296478","text":"Default Transition","type":"TA","timestamp":"2023-11-09 12:50:32"},{"nodeID":"1296479","text":"Penny Mordaunt: No","type":"L","timestamp":"2023-11-09 12:50:32"},{"nodeID":"1296480","text":"Analysing","type":"YA","timestamp":"2023-11-09 12:50:32"},{"nodeID":"1296481","text":"Chris : Penny Mordaunt: No","type":"L","timestamp":"2023-11-09 12:50:32"},{"nodeID":"1296482","text":"Asserting","type":"YA","timestamp":"2023-11-09 12:50:32"},{"nodeID":"1296483","text":"Default Transition","type":"TA","timestamp":"2023-11-09 12:50:32"},{"nodeID":"1296484","text":"Default Rephrase","type":"MA","timestamp":"2023-11-09 12:50:32"},{"nodeID":"1296485","text":"Default Illocuting","type":"YA","timestamp":"2023-11-09 12:50:32"},{"nodeID":"1296486","text":"for the reasons people set out","type":"I","timestamp":"2023-11-09 12:50:32"},{"nodeID":"1296487","text":"Penny Mordaunt: for the reasons people set out","type":"L","timestamp":"2023-11-09 12:50:32"},{"nodeID":"1296488","text":"Analysing","type":"YA","timestamp":"2023-11-09 12:50:32"},{"nodeID":"1296489","text":"Chris : Penny Mordaunt: for the reasons people set out","type":"L","timestamp":"2023-11-09 12:50:32"},{"nodeID":"1296490","text":"Asserting","type":"YA","timestamp":"2023-11-09 12:50:32"},{"nodeID":"1296491","text":"Default Transition","type":"TA","timestamp":"2023-11-09 12:50:32"},{"nodeID":"1296492","text":"Default Inference","type":"RA","timestamp":"2023-11-09 12:50:32"},{"nodeID":"1296493","text":"Arguing","type":"YA","timestamp":"2023-11-09 12:50:32"},{"nodeID":"1296494","text":"what is happening for people to cross that border into safety is very different from them moving on to another nation","type":"I","timestamp":"2023-11-09 12:50:33"},{"nodeID":"1296495","text":"Penny Mordaunt: What is happening for people to cross that border into safety is very different from them moving on to another nation","type":"L","timestamp":"2023-11-09 12:50:33"},{"nodeID":"1296496","text":"Analysing","type":"YA","timestamp":"2023-11-09 12:50:33"},{"nodeID":"1296497","text":"Chris : Penny Mordaunt: What is happening for people to cross that border into safety is very different from them moving on to another nation","type":"L","timestamp":"2023-11-09 12:50:33"},{"nodeID":"1296498","text":"Asserting","type":"YA","timestamp":"2023-11-09 12:50:33"},{"nodeID":"1296499","text":"Default Transition","type":"TA","timestamp":"2023-11-09 12:50:33"},{"nodeID":"1296500","text":"Default Rephrase","type":"MA","timestamp":"2023-11-09 12:50:33"},{"nodeID":"1296501","text":"Restating","type":"YA","timestamp":"2023-11-09 12:50:33"},{"nodeID":"1296502","text":"what is actually happening is very responsive to people's needs as they cross that border","type":"I","timestamp":"2023-11-09 12:50:33"},{"nodeID":"1296503","text":"Penny Mordaunt:  what is actually happening is very responsive to people's needs as they cross that border","type":"L","timestamp":"2023-11-09 12:50:33"},{"nodeID":"1296504","text":"Analysing","type":"YA","timestamp":"2023-11-09 12:50:33"},{"nodeID":"1296505","text":"Chris : Penny Mordaunt:  what is actually happening is very responsive to people's needs as they cross that border","type":"L","timestamp":"2023-11-09 12:50:33"},{"nodeID":"1296506","text":"Asserting","type":"YA","timestamp":"2023-11-09 12:50:33"},{"nodeID":"1296507","text":"Default Transition","type":"TA","timestamp":"2023-11-09 12:50:33"},{"nodeID":"1296508","text":"Default Rephrase","type":"MA","timestamp":"2023-11-09 12:50:33"},{"nodeID":"1296509","text":"Restating","type":"YA","timestamp":"2023-11-09 12:50:33"},{"nodeID":"1296510","text":"in Kyiv, there has been an operation there to get visas for people already in operation and that's moved to another city further west","type":"I","timestamp":"2023-11-09 12:50:34"},{"nodeID":"1296511","text":"Penny Mordaunt: in Kyiv, there has been an operation there to get visas for people already in operation and that's moved to another city further west","type":"L","timestamp":"2023-11-09 12:50:34"},{"nodeID":"1296512","text":"Analysing","type":"YA","timestamp":"2023-11-09 12:50:34"},{"nodeID":"1296513","text":"Chris : Penny Mordaunt: in Kyiv, there has been an operation there to get visas for people already in operation and that's moved to another city further west","type":"L","timestamp":"2023-11-09 12:50:34"},{"nodeID":"1296514","text":"Asserting","type":"YA","timestamp":"2023-11-09 12:50:34"},{"nodeID":"1296515","text":"Default Transition","type":"TA","timestamp":"2023-11-09 12:50:34"},{"nodeID":"1296516","text":"a programme for visas is still going on in Ukraine, our staff are still there processing that","type":"I","timestamp":"2023-11-09 12:50:35"},{"nodeID":"1296517","text":"Penny Mordaunt:  it is still going on in Ukraine, our staff are still there processing that","type":"L","timestamp":"2023-11-09 12:50:35"},{"nodeID":"1296518","text":"Analysing","type":"YA","timestamp":"2023-11-09 12:50:35"},{"nodeID":"1296519","text":"Chris : Penny Mordaunt:  it is still going on in Ukraine, our staff are still there processing that","type":"L","timestamp":"2023-11-09 12:50:35"},{"nodeID":"1296520","text":"Asserting","type":"YA","timestamp":"2023-11-09 12:50:35"},{"nodeID":"1296521","text":"Default Transition","type":"TA","timestamp":"2023-11-09 12:50:35"},{"nodeID":"1296522","text":"Default Rephrase","type":"MA","timestamp":"2023-11-09 12:50:35"},{"nodeID":"1296523","text":"Restating","type":"YA","timestamp":"2023-11-09 12:50:35"},{"nodeID":"1296524","text":"Default Rephrase","type":"MA","timestamp":"2023-11-09 12:50:35"},{"nodeID":"1296525","text":"Restating","type":"YA","timestamp":"2023-11-09 12:50:35"}],"edges":[{"edgeID":"1704108","fromID":"1296395","toID":"1296394","formEdgeID":null},{"edgeID":"1704109","fromID":"1296396","toID":"1296395","formEdgeID":null},{"edgeID":"1704110","fromID":"1296394","toID":"1296397","formEdgeID":null},{"edgeID":"1704111","fromID":"1296397","toID":"1296393","formEdgeID":null},{"edgeID":"1704112","fromID":"1296400","toID":"1296399","formEdgeID":null},{"edgeID":"1704113","fromID":"1296401","toID":"1296400","formEdgeID":null},{"edgeID":"1704114","fromID":"1296399","toID":"1296402","formEdgeID":null},{"edgeID":"1704115","fromID":"1296402","toID":"1296398","formEdgeID":null},{"edgeID":"1704116","fromID":"1296405","toID":"1296404","formEdgeID":null},{"edgeID":"1704117","fromID":"1296406","toID":"1296405","formEdgeID":null},{"edgeID":"1704118","fromID":"1296404","toID":"1296407","formEdgeID":null},{"edgeID":"1704119","fromID":"1296407","toID":"1296403","formEdgeID":null},{"edgeID":"1704120","fromID":"1296398","toID":"1296408","formEdgeID":null},{"edgeID":"1704121","fromID":"1296408","toID":"1296393","formEdgeID":null},{"edgeID":"1704122","fromID":"1296403","toID":"1296409","formEdgeID":null},{"edgeID":"1704123","fromID":"1296409","toID":"1296398","formEdgeID":null},{"edgeID":"1704124","fromID":"1296394","toID":"1296410","formEdgeID":null},{"edgeID":"1704125","fromID":"1296410","toID":"1296399","formEdgeID":null},{"edgeID":"1704126","fromID":"1296399","toID":"1296411","formEdgeID":null},{"edgeID":"1704127","fromID":"1296411","toID":"1296404","formEdgeID":null},{"edgeID":"1704128","fromID":"1296410","toID":"1296412","formEdgeID":null},{"edgeID":"1704129","fromID":"1296412","toID":"1296408","formEdgeID":null},{"edgeID":"1704130","fromID":"1296411","toID":"1296413","formEdgeID":null},{"edgeID":"1704131","fromID":"1296413","toID":"1296409","formEdgeID":null},{"edgeID":"1704132","fromID":"1296416","toID":"1296415","formEdgeID":null},{"edgeID":"1704133","fromID":"1296417","toID":"1296416","formEdgeID":null},{"edgeID":"1704134","fromID":"1296415","toID":"1296418","formEdgeID":null},{"edgeID":"1704135","fromID":"1296418","toID":"1296414","formEdgeID":null},{"edgeID":"1704136","fromID":"1296404","toID":"1296419","formEdgeID":null},{"edgeID":"1704137","fromID":"1296419","toID":"1296415","formEdgeID":null},{"edgeID":"1704138","fromID":"1296414","toID":"1296420","formEdgeID":null},{"edgeID":"1704139","fromID":"1296420","toID":"1296403","formEdgeID":null},{"edgeID":"1704140","fromID":"1296419","toID":"1296421","formEdgeID":null},{"edgeID":"1704141","fromID":"1296421","toID":"1296420","formEdgeID":null},{"edgeID":"1704142","fromID":"1296424","toID":"1296423","formEdgeID":null},{"edgeID":"1704143","fromID":"1296425","toID":"1296424","formEdgeID":null},{"edgeID":"1704144","fromID":"1296423","toID":"1296426","formEdgeID":null},{"edgeID":"1704145","fromID":"1296426","toID":"1296422","formEdgeID":null},{"edgeID":"1704146","fromID":"1296415","toID":"1296427","formEdgeID":null},{"edgeID":"1704147","fromID":"1296427","toID":"1296423","formEdgeID":null},{"edgeID":"1704148","fromID":"1296430","toID":"1296429","formEdgeID":null},{"edgeID":"1704149","fromID":"1296431","toID":"1296430","formEdgeID":null},{"edgeID":"1704150","fromID":"1296429","toID":"1296432","formEdgeID":null},{"edgeID":"1704151","fromID":"1296432","toID":"1296428","formEdgeID":null},{"edgeID":"1704152","fromID":"1296423","toID":"1296433","formEdgeID":null},{"edgeID":"1704153","fromID":"1296433","toID":"1296429","formEdgeID":null},{"edgeID":"1704154","fromID":"1296428","toID":"1296434","formEdgeID":null},{"edgeID":"1704155","fromID":"1296434","toID":"1296422","formEdgeID":null},{"edgeID":"1704156","fromID":"1296433","toID":"1296435","formEdgeID":null},{"edgeID":"1704157","fromID":"1296435","toID":"1296434","formEdgeID":null},{"edgeID":"1704158","fromID":"1296438","toID":"1296437","formEdgeID":null},{"edgeID":"1704159","fromID":"1296439","toID":"1296438","formEdgeID":null},{"edgeID":"1704160","fromID":"1296437","toID":"1296440","formEdgeID":null},{"edgeID":"1704161","fromID":"1296440","toID":"1296436","formEdgeID":null},{"edgeID":"1704162","fromID":"1296429","toID":"1296441","formEdgeID":null},{"edgeID":"1704163","fromID":"1296441","toID":"1296437","formEdgeID":null},{"edgeID":"1704164","fromID":"1296444","toID":"1296443","formEdgeID":null},{"edgeID":"1704165","fromID":"1296445","toID":"1296444","formEdgeID":null},{"edgeID":"1704166","fromID":"1296443","toID":"1296446","formEdgeID":null},{"edgeID":"1704167","fromID":"1296446","toID":"1296442","formEdgeID":null},{"edgeID":"1704168","fromID":"1296437","toID":"1296447","formEdgeID":null},{"edgeID":"1704169","fromID":"1296447","toID":"1296443","formEdgeID":null},{"edgeID":"1704170","fromID":"1296442","toID":"1296448","formEdgeID":null},{"edgeID":"1704171","fromID":"1296448","toID":"1296436","formEdgeID":null},{"edgeID":"1704172","fromID":"1296447","toID":"1296449","formEdgeID":null},{"edgeID":"1704173","fromID":"1296449","toID":"1296448","formEdgeID":null},{"edgeID":"1704174","fromID":"1296451","toID":"1296450","formEdgeID":null},{"edgeID":"1704175","fromID":"1296452","toID":"1296451","formEdgeID":null},{"edgeID":"1704176","fromID":"1296450","toID":"1296453","formEdgeID":null},{"edgeID":"1704177","fromID":"1296453","toID":"23880","formEdgeID":null},{"edgeID":"1704178","fromID":"1296443","toID":"1296454","formEdgeID":null},{"edgeID":"1704179","fromID":"1296454","toID":"1296450","formEdgeID":null},{"edgeID":"1704180","fromID":"23880","toID":"1296455","formEdgeID":null},{"edgeID":"1704181","fromID":"1296455","toID":"1296442","formEdgeID":null},{"edgeID":"1704182","fromID":"1296454","toID":"1296456","formEdgeID":null},{"edgeID":"1704183","fromID":"1296456","toID":"1296455","formEdgeID":null},{"edgeID":"1704184","fromID":"1296459","toID":"1296458","formEdgeID":null},{"edgeID":"1704185","fromID":"1296460","toID":"1296459","formEdgeID":null},{"edgeID":"1704186","fromID":"1296458","toID":"1296461","formEdgeID":null},{"edgeID":"1704187","fromID":"1296461","toID":"1296457","formEdgeID":null},{"edgeID":"1704188","fromID":"1296437","toID":"1296462","formEdgeID":null},{"edgeID":"1704189","fromID":"1296462","toID":"1296458","formEdgeID":null},{"edgeID":"1704190","fromID":"1296457","toID":"1296463","formEdgeID":null},{"edgeID":"1704191","fromID":"1296463","toID":"1296436","formEdgeID":null},{"edgeID":"1704192","fromID":"1296462","toID":"1296464","formEdgeID":null},{"edgeID":"1704193","fromID":"1296464","toID":"1296463","formEdgeID":null},{"edgeID":"1704194","fromID":"1296467","toID":"1296466","formEdgeID":null},{"edgeID":"1704195","fromID":"1296468","toID":"1296467","formEdgeID":null},{"edgeID":"1704196","fromID":"1296466","toID":"1296469","formEdgeID":null},{"edgeID":"1704197","fromID":"1296469","toID":"1296465","formEdgeID":null},{"edgeID":"1704198","fromID":"1296458","toID":"1296470","formEdgeID":null},{"edgeID":"1704199","fromID":"1296470","toID":"1296466","formEdgeID":null},{"edgeID":"1704200","fromID":"1296465","toID":"1296471","formEdgeID":null},{"edgeID":"1704201","fromID":"1296471","toID":"1296457","formEdgeID":null},{"edgeID":"1704202","fromID":"1296470","toID":"1296472","formEdgeID":null},{"edgeID":"1704203","fromID":"1296472","toID":"1296471","formEdgeID":null},{"edgeID":"1704204","fromID":"1296475","toID":"1296474","formEdgeID":null},{"edgeID":"1704205","fromID":"1296476","toID":"1296475","formEdgeID":null},{"edgeID":"1704206","fromID":"1296474","toID":"1296477","formEdgeID":null},{"edgeID":"1704207","fromID":"1296477","toID":"1296473","formEdgeID":null},{"edgeID":"1704208","fromID":"1296466","toID":"1296478","formEdgeID":null},{"edgeID":"1704209","fromID":"1296478","toID":"1296474","formEdgeID":null},{"edgeID":"1704210","fromID":"1296480","toID":"1296479","formEdgeID":null},{"edgeID":"1704211","fromID":"1296481","toID":"1296480","formEdgeID":null},{"edgeID":"1704212","fromID":"1296479","toID":"1296482","formEdgeID":null},{"edgeID":"1704213","fromID":"1296482","toID":"22328","formEdgeID":null},{"edgeID":"1704214","fromID":"1296474","toID":"1296483","formEdgeID":null},{"edgeID":"1704215","fromID":"1296483","toID":"1296479","formEdgeID":null},{"edgeID":"1704216","fromID":"22328","toID":"1296484","formEdgeID":null},{"edgeID":"1704217","fromID":"1296484","toID":"1296473","formEdgeID":null},{"edgeID":"1704218","fromID":"1296483","toID":"1296485","formEdgeID":null},{"edgeID":"1704219","fromID":"1296485","toID":"1296484","formEdgeID":null},{"edgeID":"1704220","fromID":"1296488","toID":"1296487","formEdgeID":null},{"edgeID":"1704221","fromID":"1296489","toID":"1296488","formEdgeID":null},{"edgeID":"1704222","fromID":"1296487","toID":"1296490","formEdgeID":null},{"edgeID":"1704223","fromID":"1296490","toID":"1296486","formEdgeID":null},{"edgeID":"1704224","fromID":"1296479","toID":"1296491","formEdgeID":null},{"edgeID":"1704225","fromID":"1296491","toID":"1296487","formEdgeID":null},{"edgeID":"1704226","fromID":"1296486","toID":"1296492","formEdgeID":null},{"edgeID":"1704227","fromID":"1296492","toID":"22328","formEdgeID":null},{"edgeID":"1704228","fromID":"1296491","toID":"1296493","formEdgeID":null},{"edgeID":"1704229","fromID":"1296493","toID":"1296492","formEdgeID":null},{"edgeID":"1704230","fromID":"1296496","toID":"1296495","formEdgeID":null},{"edgeID":"1704231","fromID":"1296497","toID":"1296496","formEdgeID":null},{"edgeID":"1704232","fromID":"1296495","toID":"1296498","formEdgeID":null},{"edgeID":"1704233","fromID":"1296498","toID":"1296494","formEdgeID":null},{"edgeID":"1704234","fromID":"1296487","toID":"1296499","formEdgeID":null},{"edgeID":"1704235","fromID":"1296499","toID":"1296495","formEdgeID":null},{"edgeID":"1704236","fromID":"1296494","toID":"1296500","formEdgeID":null},{"edgeID":"1704237","fromID":"1296500","toID":"1296486","formEdgeID":null},{"edgeID":"1704238","fromID":"1296499","toID":"1296501","formEdgeID":null},{"edgeID":"1704239","fromID":"1296501","toID":"1296500","formEdgeID":null},{"edgeID":"1704240","fromID":"1296504","toID":"1296503","formEdgeID":null},{"edgeID":"1704241","fromID":"1296505","toID":"1296504","formEdgeID":null},{"edgeID":"1704242","fromID":"1296503","toID":"1296506","formEdgeID":null},{"edgeID":"1704243","fromID":"1296506","toID":"1296502","formEdgeID":null},{"edgeID":"1704244","fromID":"1296495","toID":"1296507","formEdgeID":null},{"edgeID":"1704245","fromID":"1296507","toID":"1296503","formEdgeID":null},{"edgeID":"1704246","fromID":"1296502","toID":"1296508","formEdgeID":null},{"edgeID":"1704247","fromID":"1296508","toID":"1296494","formEdgeID":null},{"edgeID":"1704248","fromID":"1296507","toID":"1296509","formEdgeID":null},{"edgeID":"1704249","fromID":"1296509","toID":"1296508","formEdgeID":null},{"edgeID":"1704250","fromID":"1296512","toID":"1296511","formEdgeID":null},{"edgeID":"1704251","fromID":"1296513","toID":"1296512","formEdgeID":null},{"edgeID":"1704252","fromID":"1296511","toID":"1296514","formEdgeID":null},{"edgeID":"1704253","fromID":"1296514","toID":"1296510","formEdgeID":null},{"edgeID":"1704254","fromID":"1296503","toID":"1296515","formEdgeID":null},{"edgeID":"1704255","fromID":"1296515","toID":"1296511","formEdgeID":null},{"edgeID":"1704256","fromID":"1296518","toID":"1296517","formEdgeID":null},{"edgeID":"1704257","fromID":"1296519","toID":"1296518","formEdgeID":null},{"edgeID":"1704258","fromID":"1296517","toID":"1296520","formEdgeID":null},{"edgeID":"1704259","fromID":"1296520","toID":"1296516","formEdgeID":null},{"edgeID":"1704260","fromID":"1296511","toID":"1296521","formEdgeID":null},{"edgeID":"1704261","fromID":"1296521","toID":"1296517","formEdgeID":null},{"edgeID":"1704262","fromID":"1296516","toID":"1296522","formEdgeID":null},{"edgeID":"1704263","fromID":"1296522","toID":"1296510","formEdgeID":null},{"edgeID":"1704264","fromID":"1296521","toID":"1296523","formEdgeID":null},{"edgeID":"1704265","fromID":"1296523","toID":"1296522","formEdgeID":null},{"edgeID":"1704266","fromID":"1296510","toID":"1296524","formEdgeID":null},{"edgeID":"1704267","fromID":"1296524","toID":"1296502","formEdgeID":null},{"edgeID":"1704268","fromID":"1296515","toID":"1296525","formEdgeID":null},{"edgeID":"1704269","fromID":"1296525","toID":"1296524","formEdgeID":null}],"locutions":[]}