{"nodes":[{"nodeID":"1293497","text":"Bridget Kendall spent a lot of time in Moscow","type":"I","timestamp":"2023-11-09 12:46:26"},{"nodeID":"1293498","text":"Fiona Bruce: you spent a lot of time in Moscow","type":"L","timestamp":"2023-11-09 12:46:26"},{"nodeID":"1293499","text":"Analysing","type":"YA","timestamp":"2023-11-09 12:46:26"},{"nodeID":"1293500","text":"Anon: Fiona Bruce: you spent a lot of time in Moscow","type":"L","timestamp":"2023-11-09 12:46:26"},{"nodeID":"1293501","text":"Asserting","type":"YA","timestamp":"2023-11-09 12:46:26"},{"nodeID":"1293502","text":"Fiona Bruce is particularly interested to hear Bridget Kendall's perspective","type":"I","timestamp":"2023-11-09 12:46:27"},{"nodeID":"1293503","text":"Fiona Bruce: I'm particularly interested to hear your prospective","type":"L","timestamp":"2023-11-09 12:46:27"},{"nodeID":"1293504","text":"Analysing","type":"YA","timestamp":"2023-11-09 12:46:27"},{"nodeID":"1293505","text":"Anon: Fiona Bruce: I'm particularly interested to hear your prospective","type":"L","timestamp":"2023-11-09 12:46:27"},{"nodeID":"1293506","text":"Asserting","type":"YA","timestamp":"2023-11-09 12:46:27"},{"nodeID":"1293507","text":"Default Transition","type":"TA","timestamp":"2023-11-09 12:46:27"},{"nodeID":"1293508","text":"Default Inference","type":"RA","timestamp":"2023-11-09 12:46:27"},{"nodeID":"1293509","text":"Arguing","type":"YA","timestamp":"2023-11-09 12:46:27"},{"nodeID":"1293510","text":"there isn't anything else we can do for Ukraine","type":"I","timestamp":"2023-11-09 12:46:27"},{"nodeID":"1293511","text":"Fiona Bruce: there isn't anything else we can do for Ukraine","type":"L","timestamp":"2023-11-09 12:46:27"},{"nodeID":"1293512","text":"Analysing","type":"YA","timestamp":"2023-11-09 12:46:27"},{"nodeID":"1293513","text":"Anon: Fiona Bruce: there isn't anything else we can do for Ukraine","type":"L","timestamp":"2023-11-09 12:46:27"},{"nodeID":"1293514","text":"Asserting","type":"YA","timestamp":"2023-11-09 12:46:27"},{"nodeID":"1293515","text":"Default Transition","type":"TA","timestamp":"2023-11-09 12:46:27"},{"nodeID":"1293516","text":"Ukraine will pay the price","type":"I","timestamp":"2023-11-09 12:46:28"},{"nodeID":"1293517","text":"Fiona Bruce: Ukraine will pay the price","type":"L","timestamp":"2023-11-09 12:46:28"},{"nodeID":"1293518","text":"Analysing","type":"YA","timestamp":"2023-11-09 12:46:28"},{"nodeID":"1293519","text":"Anon: Fiona Bruce: Ukraine will pay the price","type":"L","timestamp":"2023-11-09 12:46:28"},{"nodeID":"1293520","text":"Asserting","type":"YA","timestamp":"2023-11-09 12:46:28"},{"nodeID":"1293521","text":"Default Transition","type":"TA","timestamp":"2023-11-09 12:46:28"},{"nodeID":"1293522","text":"Default Rephrase","type":"MA","timestamp":"2023-11-09 12:46:28"},{"nodeID":"1293523","text":"Restating","type":"YA","timestamp":"2023-11-09 12:46:28"},{"nodeID":"1293524","text":"it is terrible when you hear members of NATO say, \"We're not going to go in and fight\"","type":"I","timestamp":"2023-11-09 12:46:29"},{"nodeID":"1293525","text":"Bridget Kendall: It is terrible when you hear members of NATO say, \"We're not going to go in and fight\"","type":"L","timestamp":"2023-11-09 12:46:29"},{"nodeID":"1293526","text":"Analysing","type":"YA","timestamp":"2023-11-09 12:46:29"},{"nodeID":"1293527","text":"Anon: Bridget Kendall: It is terrible when you hear members of NATO say, \"We're not going to go in and fight\"","type":"L","timestamp":"2023-11-09 12:46:29"},{"nodeID":"1293528","text":"Asserting","type":"YA","timestamp":"2023-11-09 12:46:29"},{"nodeID":"1293529","text":"Default Transition","type":"TA","timestamp":"2023-11-09 12:46:29"},{"nodeID":"1293530","text":"the Ukrainians are there as sitting ducks","type":"I","timestamp":"2023-11-09 12:46:29"},{"nodeID":"1293531","text":"Bridget Kendall: the Ukrainians are there as sitting ducks","type":"L","timestamp":"2023-11-09 12:46:29"},{"nodeID":"1293532","text":"Analysing","type":"YA","timestamp":"2023-11-09 12:46:29"},{"nodeID":"1293533","text":"Anon: Bridget Kendall: the Ukrainians are there as sitting ducks","type":"L","timestamp":"2023-11-09 12:46:29"},{"nodeID":"1293534","text":"Asserting","type":"YA","timestamp":"2023-11-09 12:46:29"},{"nodeID":"1293535","text":"Default Transition","type":"TA","timestamp":"2023-11-09 12:46:29"},{"nodeID":"1293536","text":"Default Inference","type":"RA","timestamp":"2023-11-09 12:46:29"},{"nodeID":"1293537","text":"Arguing","type":"YA","timestamp":"2023-11-09 12:46:29"},{"nodeID":"1293538","text":"Bridget Kendall does not think we know what Mr Putin wants","type":"I","timestamp":"2023-11-09 12:46:30"},{"nodeID":"1293539","text":"Bridget Kendall: I don't think we know what Mr Putin wants","type":"L","timestamp":"2023-11-09 12:46:30"},{"nodeID":"1293540","text":"Analysing","type":"YA","timestamp":"2023-11-09 12:46:30"},{"nodeID":"1293541","text":"Anon: Bridget Kendall: I don't think we know what Mr Putin wants","type":"L","timestamp":"2023-11-09 12:46:30"},{"nodeID":"1293542","text":"Asserting","type":"YA","timestamp":"2023-11-09 12:46:30"},{"nodeID":"1293543","text":"Default Transition","type":"TA","timestamp":"2023-11-09 12:46:30"},{"nodeID":"1293544","text":"Mr Putin does or does not want this war","type":"I","timestamp":"2023-11-09 12:46:30"},{"nodeID":"1293545","text":"Bridget Kendall: Is this a war he wants or not","type":"L","timestamp":"2023-11-09 12:46:30"},{"nodeID":"1293546","text":"Analysing","type":"YA","timestamp":"2023-11-09 12:46:30"},{"nodeID":"1293547","text":"Anon: Bridget Kendall: Is this a war he wants or not","type":"L","timestamp":"2023-11-09 12:46:30"},{"nodeID":"1293548","text":"Pure Questioning","type":"YA","timestamp":"2023-11-09 12:46:30"},{"nodeID":"1293549","text":"Default Transition","type":"TA","timestamp":"2023-11-09 12:46:30"},{"nodeID":"1293550","text":"Default Rephrase","type":"MA","timestamp":"2023-11-09 12:46:30"},{"nodeID":"1293551","text":"Default Illocuting","type":"YA","timestamp":"2023-11-09 12:46:30"},{"nodeID":"1293552","text":"Bridget Kendall: This evening he is reported as saying that reports of Russian bombardments is an anti-Russian disinformation campaign and they're trying to protect civilians in Ukraine","type":"L","timestamp":"2023-11-09 12:46:30"},{"nodeID":"1293553","text":"Analysing","type":"YA","timestamp":"2023-11-09 12:46:30"},{"nodeID":"1293554","text":"Anon: Bridget Kendall: This evening he is reported as saying that reports of Russian bombardments is an anti-Russian disinformation campaign and they're trying to protect civilians in Ukraine","type":"L","timestamp":"2023-11-09 12:46:30"},{"nodeID":"1293555","text":"Default Transition","type":"TA","timestamp":"2023-11-09 12:46:30"},{"nodeID":"1293556","text":"reports of Russian bombardments is an anti-Russian disinformation campaign and they're trying to protect civilians in Ukraine","type":"I","timestamp":"2023-11-09 12:46:31"},{"nodeID":"1293557","text":"Mr Putin: reports of Russian bombardments is an anti-Russian disinformation campaign and they're trying to protect civilians in Ukraine","type":"L","timestamp":"2023-11-09 12:46:31"},{"nodeID":"1293558","text":"Analysing","type":"YA","timestamp":"2023-11-09 12:46:31"},{"nodeID":"1293559","text":"Anon: Mr Putin: reports of Russian bombardments is an anti-Russian disinformation campaign and they're trying to protect civilians in Ukraine","type":"L","timestamp":"2023-11-09 12:46:31"},{"nodeID":"1293560","text":"Asserting","type":"YA","timestamp":"2023-11-09 12:46:31"},{"nodeID":"1293561","text":"Asserting","type":"YA","timestamp":"2023-11-09 12:46:31"},{"nodeID":"1293562","text":"what's really important in the face of that is to get the message out to the Russian people what Mr Putin says is about disinformation not what is happening","type":"I","timestamp":"2023-11-09 12:46:32"},{"nodeID":"1293563","text":"Bridget Kendall: what's really important in the face of that is to get the message out to the Russian people that that's not what is happening","type":"L","timestamp":"2023-11-09 12:46:32"},{"nodeID":"1293564","text":"Analysing","type":"YA","timestamp":"2023-11-09 12:46:32"},{"nodeID":"1293565","text":"Anon: Bridget Kendall: what's really important in the face of that is to get the message out to the Russian people that that's not what is happening","type":"L","timestamp":"2023-11-09 12:46:32"},{"nodeID":"1293566","text":"Asserting","type":"YA","timestamp":"2023-11-09 12:46:32"},{"nodeID":"1293567","text":"Default Transition","type":"TA","timestamp":"2023-11-09 12:46:32"},{"nodeID":"1293568","text":"Default Inference","type":"RA","timestamp":"2023-11-09 12:46:32"},{"nodeID":"1293569","text":"Arguing","type":"YA","timestamp":"2023-11-09 12:46:32"},{"nodeID":"1293570","text":"Mr Putin's troops are invading","type":"I","timestamp":"2023-11-09 12:46:32"},{"nodeID":"1293571","text":"Bridget Kendall: His troops are invading","type":"L","timestamp":"2023-11-09 12:46:32"},{"nodeID":"1293572","text":"Analysing","type":"YA","timestamp":"2023-11-09 12:46:32"},{"nodeID":"1293573","text":"Anon: Bridget Kendall: His troops are invading","type":"L","timestamp":"2023-11-09 12:46:32"},{"nodeID":"1293574","text":"Asserting","type":"YA","timestamp":"2023-11-09 12:46:32"},{"nodeID":"1293575","text":"Default Transition","type":"TA","timestamp":"2023-11-09 12:46:32"},{"nodeID":"1293576","text":"Default Rephrase","type":"MA","timestamp":"2023-11-09 12:46:32"},{"nodeID":"1293577","text":"Restating","type":"YA","timestamp":"2023-11-09 12:46:32"}],"edges":[{"edgeID":"1700663","fromID":"1293499","toID":"1293498","formEdgeID":null},{"edgeID":"1700664","fromID":"1293500","toID":"1293499","formEdgeID":null},{"edgeID":"1700665","fromID":"1293498","toID":"1293501","formEdgeID":null},{"edgeID":"1700666","fromID":"1293501","toID":"1293497","formEdgeID":null},{"edgeID":"1700667","fromID":"1293504","toID":"1293503","formEdgeID":null},{"edgeID":"1700668","fromID":"1293505","toID":"1293504","formEdgeID":null},{"edgeID":"1700669","fromID":"1293503","toID":"1293506","formEdgeID":null},{"edgeID":"1700670","fromID":"1293506","toID":"1293502","formEdgeID":null},{"edgeID":"1700671","fromID":"1293498","toID":"1293507","formEdgeID":null},{"edgeID":"1700672","fromID":"1293507","toID":"1293503","formEdgeID":null},{"edgeID":"1700673","fromID":"1293497","toID":"1293508","formEdgeID":null},{"edgeID":"1700674","fromID":"1293508","toID":"1293502","formEdgeID":null},{"edgeID":"1700675","fromID":"1293507","toID":"1293509","formEdgeID":null},{"edgeID":"1700676","fromID":"1293509","toID":"1293508","formEdgeID":null},{"edgeID":"1700677","fromID":"1293512","toID":"1293511","formEdgeID":null},{"edgeID":"1700678","fromID":"1293513","toID":"1293512","formEdgeID":null},{"edgeID":"1700679","fromID":"1293511","toID":"1293514","formEdgeID":null},{"edgeID":"1700680","fromID":"1293514","toID":"1293510","formEdgeID":null},{"edgeID":"1700681","fromID":"1293503","toID":"1293515","formEdgeID":null},{"edgeID":"1700682","fromID":"1293515","toID":"1293511","formEdgeID":null},{"edgeID":"1700683","fromID":"1293518","toID":"1293517","formEdgeID":null},{"edgeID":"1700684","fromID":"1293519","toID":"1293518","formEdgeID":null},{"edgeID":"1700685","fromID":"1293517","toID":"1293520","formEdgeID":null},{"edgeID":"1700686","fromID":"1293520","toID":"1293516","formEdgeID":null},{"edgeID":"1700687","fromID":"1293511","toID":"1293521","formEdgeID":null},{"edgeID":"1700688","fromID":"1293521","toID":"1293517","formEdgeID":null},{"edgeID":"1700689","fromID":"1293516","toID":"1293522","formEdgeID":null},{"edgeID":"1700690","fromID":"1293522","toID":"1293510","formEdgeID":null},{"edgeID":"1700691","fromID":"1293521","toID":"1293523","formEdgeID":null},{"edgeID":"1700692","fromID":"1293523","toID":"1293522","formEdgeID":null},{"edgeID":"1700693","fromID":"1293526","toID":"1293525","formEdgeID":null},{"edgeID":"1700694","fromID":"1293527","toID":"1293526","formEdgeID":null},{"edgeID":"1700695","fromID":"1293525","toID":"1293528","formEdgeID":null},{"edgeID":"1700696","fromID":"1293528","toID":"1293524","formEdgeID":null},{"edgeID":"1700697","fromID":"1293517","toID":"1293529","formEdgeID":null},{"edgeID":"1700698","fromID":"1293529","toID":"1293525","formEdgeID":null},{"edgeID":"1700699","fromID":"1293532","toID":"1293531","formEdgeID":null},{"edgeID":"1700700","fromID":"1293533","toID":"1293532","formEdgeID":null},{"edgeID":"1700701","fromID":"1293531","toID":"1293534","formEdgeID":null},{"edgeID":"1700702","fromID":"1293534","toID":"1293530","formEdgeID":null},{"edgeID":"1700703","fromID":"1293525","toID":"1293535","formEdgeID":null},{"edgeID":"1700704","fromID":"1293535","toID":"1293531","formEdgeID":null},{"edgeID":"1700705","fromID":"1293530","toID":"1293536","formEdgeID":null},{"edgeID":"1700706","fromID":"1293536","toID":"1293524","formEdgeID":null},{"edgeID":"1700707","fromID":"1293535","toID":"1293537","formEdgeID":null},{"edgeID":"1700708","fromID":"1293537","toID":"1293536","formEdgeID":null},{"edgeID":"1700709","fromID":"1293540","toID":"1293539","formEdgeID":null},{"edgeID":"1700710","fromID":"1293541","toID":"1293540","formEdgeID":null},{"edgeID":"1700711","fromID":"1293539","toID":"1293542","formEdgeID":null},{"edgeID":"1700712","fromID":"1293542","toID":"1293538","formEdgeID":null},{"edgeID":"1700713","fromID":"1293531","toID":"1293543","formEdgeID":null},{"edgeID":"1700714","fromID":"1293543","toID":"1293539","formEdgeID":null},{"edgeID":"1700715","fromID":"1293546","toID":"1293545","formEdgeID":null},{"edgeID":"1700716","fromID":"1293547","toID":"1293546","formEdgeID":null},{"edgeID":"1700717","fromID":"1293545","toID":"1293548","formEdgeID":null},{"edgeID":"1700718","fromID":"1293548","toID":"1293544","formEdgeID":null},{"edgeID":"1700719","fromID":"1293539","toID":"1293549","formEdgeID":null},{"edgeID":"1700720","fromID":"1293549","toID":"1293545","formEdgeID":null},{"edgeID":"1700721","fromID":"1293544","toID":"1293550","formEdgeID":null},{"edgeID":"1700722","fromID":"1293550","toID":"1293538","formEdgeID":null},{"edgeID":"1700723","fromID":"1293549","toID":"1293551","formEdgeID":null},{"edgeID":"1700724","fromID":"1293551","toID":"1293550","formEdgeID":null},{"edgeID":"1700725","fromID":"1293553","toID":"1293552","formEdgeID":null},{"edgeID":"1700726","fromID":"1293554","toID":"1293553","formEdgeID":null},{"edgeID":"1700727","fromID":"1293545","toID":"1293555","formEdgeID":null},{"edgeID":"1700728","fromID":"1293555","toID":"1293552","formEdgeID":null},{"edgeID":"1700729","fromID":"1293558","toID":"1293557","formEdgeID":null},{"edgeID":"1700730","fromID":"1293559","toID":"1293558","formEdgeID":null},{"edgeID":"1700731","fromID":"1293557","toID":"1293560","formEdgeID":null},{"edgeID":"1700732","fromID":"1293560","toID":"1293556","formEdgeID":null},{"edgeID":"1700733","fromID":"1293552","toID":"1293561","formEdgeID":null},{"edgeID":"1700734","fromID":"1293561","toID":"1293557","formEdgeID":null},{"edgeID":"1700735","fromID":"1293564","toID":"1293563","formEdgeID":null},{"edgeID":"1700736","fromID":"1293565","toID":"1293564","formEdgeID":null},{"edgeID":"1700737","fromID":"1293563","toID":"1293566","formEdgeID":null},{"edgeID":"1700738","fromID":"1293566","toID":"1293562","formEdgeID":null},{"edgeID":"1700739","fromID":"1293552","toID":"1293567","formEdgeID":null},{"edgeID":"1700740","fromID":"1293567","toID":"1293563","formEdgeID":null},{"edgeID":"1700741","fromID":"1293556","toID":"1293568","formEdgeID":null},{"edgeID":"1700742","fromID":"1293568","toID":"1293562","formEdgeID":null},{"edgeID":"1700743","fromID":"1293567","toID":"1293569","formEdgeID":null},{"edgeID":"1700744","fromID":"1293569","toID":"1293568","formEdgeID":null},{"edgeID":"1700745","fromID":"1293572","toID":"1293571","formEdgeID":null},{"edgeID":"1700746","fromID":"1293573","toID":"1293572","formEdgeID":null},{"edgeID":"1700747","fromID":"1293571","toID":"1293574","formEdgeID":null},{"edgeID":"1700748","fromID":"1293574","toID":"1293570","formEdgeID":null},{"edgeID":"1700749","fromID":"1293563","toID":"1293575","formEdgeID":null},{"edgeID":"1700750","fromID":"1293575","toID":"1293571","formEdgeID":null},{"edgeID":"1700751","fromID":"1293570","toID":"1293576","formEdgeID":null},{"edgeID":"1700752","fromID":"1293576","toID":"1293562","formEdgeID":null},{"edgeID":"1700753","fromID":"1293575","toID":"1293577","formEdgeID":null},{"edgeID":"1700754","fromID":"1293577","toID":"1293576","formEdgeID":null}],"locutions":[]}