{"nodes":[{"nodeID":"1293306","text":"a no-fly zone would mean no flights could fly in the over Ukraine","type":"I","timestamp":"2023-11-09 12:46:10"},{"nodeID":"1293307","text":"Fiona Bruce: A no-fly zone would mean no flights could fly in the over Ukraine?","type":"L","timestamp":"2023-11-09 12:46:10"},{"nodeID":"1293308","text":"Analysing","type":"YA","timestamp":"2023-11-09 12:46:10"},{"nodeID":"1293309","text":"Anna : Fiona Bruce: A no-fly zone would mean no flights could fly in the over Ukraine?","type":"L","timestamp":"2023-11-09 12:46:10"},{"nodeID":"1293310","text":"Assertive Questioning","type":"YA","timestamp":"2023-11-09 12:46:10"},{"nodeID":"1293311","text":"a no-fly zone would deny Ukrainian armed forces airspace as well","type":"I","timestamp":"2023-11-09 12:46:10"},{"nodeID":"1293312","text":"Penny Mordaunt: But would deny Ukrainian armed forces airspace as well","type":"L","timestamp":"2023-11-09 12:46:10"},{"nodeID":"1293313","text":"Analysing","type":"YA","timestamp":"2023-11-09 12:46:10"},{"nodeID":"1293314","text":"Anna : Penny Mordaunt: But would deny Ukrainian armed forces airspace as well","type":"L","timestamp":"2023-11-09 12:46:10"},{"nodeID":"1293315","text":"Asserting","type":"YA","timestamp":"2023-11-09 12:46:10"},{"nodeID":"1293316","text":"there are some very good reasons why they don't want to do establish a no-fly zone","type":"I","timestamp":"2023-11-09 12:46:11"},{"nodeID":"1293317","text":"Penny Mordaunt:  so there are some very good reasons why they don't want to do that","type":"L","timestamp":"2023-11-09 12:46:11"},{"nodeID":"1293318","text":"Analysing","type":"YA","timestamp":"2023-11-09 12:46:11"},{"nodeID":"1293319","text":"Anna : Penny Mordaunt:  so there are some very good reasons why they don't want to do that","type":"L","timestamp":"2023-11-09 12:46:11"},{"nodeID":"1293320","text":"Asserting","type":"YA","timestamp":"2023-11-09 12:46:11"},{"nodeID":"1293321","text":"what people are really asking for, or testing when they're calling for a no-fly zone is two things","type":"I","timestamp":"2023-11-09 12:46:12"},{"nodeID":"1293322","text":"Penny Mordaunt: but what people are really asking for, or testing when they're calling for a no-fly zone is two things","type":"L","timestamp":"2023-11-09 12:46:12"},{"nodeID":"1293323","text":"Analysing","type":"YA","timestamp":"2023-11-09 12:46:12"},{"nodeID":"1293324","text":"Anna : Penny Mordaunt: but what people are really asking for, or testing when they're calling for a no-fly zone is two things","type":"L","timestamp":"2023-11-09 12:46:12"},{"nodeID":"1293325","text":"Asserting","type":"YA","timestamp":"2023-11-09 12:46:12"},{"nodeID":"1293326","text":"they want us to prevent civilian casualties","type":"I","timestamp":"2023-11-09 12:46:12"},{"nodeID":"1293327","text":"Penny Mordaunt: Firstly, they want us to prevent civilian casualties","type":"L","timestamp":"2023-11-09 12:46:12"},{"nodeID":"1293328","text":"Analysing","type":"YA","timestamp":"2023-11-09 12:46:12"},{"nodeID":"1293329","text":"Anna : Penny Mordaunt: Firstly, they want us to prevent civilian casualties","type":"L","timestamp":"2023-11-09 12:46:12"},{"nodeID":"1293330","text":"Asserting","type":"YA","timestamp":"2023-11-09 12:46:12"},{"nodeID":"1293331","text":"there is likely to be many more civilian casualties","type":"I","timestamp":"2023-11-09 12:46:13"},{"nodeID":"1293332","text":"Penny Mordaunt: and I'm afraid there is likely to be many more of them","type":"L","timestamp":"2023-11-09 12:46:13"},{"nodeID":"1293333","text":"Analysing","type":"YA","timestamp":"2023-11-09 12:46:13"},{"nodeID":"1293334","text":"Anna : Penny Mordaunt: and I'm afraid there is likely to be many more of them","type":"L","timestamp":"2023-11-09 12:46:13"},{"nodeID":"1293335","text":"Asserting","type":"YA","timestamp":"2023-11-09 12:46:13"},{"nodeID":"1293336","text":"people are testing those red lines that NATO has put in place","type":"I","timestamp":"2023-11-09 12:46:13"},{"nodeID":"1293337","text":"Penny Mordaunt:  and, secondly, they're testing those red lines that NATO has put in place","type":"L","timestamp":"2023-11-09 12:46:13"},{"nodeID":"1293338","text":"Analysing","type":"YA","timestamp":"2023-11-09 12:46:13"},{"nodeID":"1293339","text":"Anna : Penny Mordaunt:  and, secondly, they're testing those red lines that NATO has put in place","type":"L","timestamp":"2023-11-09 12:46:13"},{"nodeID":"1293340","text":"Asserting","type":"YA","timestamp":"2023-11-09 12:46:13"},{"nodeID":"1293341","text":"putting it provocatively, people want to know why we'll stand by Ukraine's flag, but not with their soldiers","type":"I","timestamp":"2023-11-09 12:46:14"},{"nodeID":"1293342","text":"Penny Mordaunt: Putting it provocatively, they want to know why we'll stand by Ukraine's flag, but not with their soldiers","type":"L","timestamp":"2023-11-09 12:46:14"},{"nodeID":"1293343","text":"Analysing","type":"YA","timestamp":"2023-11-09 12:46:14"},{"nodeID":"1293344","text":"Anna : Penny Mordaunt: Putting it provocatively, they want to know why we'll stand by Ukraine's flag, but not with their soldiers","type":"L","timestamp":"2023-11-09 12:46:14"},{"nodeID":"1293345","text":"Asserting","type":"YA","timestamp":"2023-11-09 12:46:14"},{"nodeID":"1293346","text":"Default Transition","type":"TA","timestamp":"2023-11-09 12:46:14"},{"nodeID":"1293347","text":"Default Inference","type":"RA","timestamp":"2023-11-09 12:46:14"},{"nodeID":"1293348","text":"Default Transition","type":"TA","timestamp":"2023-11-09 12:46:14"},{"nodeID":"1293349","text":"Arguing","type":"YA","timestamp":"2023-11-09 12:46:14"},{"nodeID":"1293350","text":"Default Transition","type":"TA","timestamp":"2023-11-09 12:46:14"},{"nodeID":"1293351","text":"Default Transition","type":"TA","timestamp":"2023-11-09 12:46:14"},{"nodeID":"1293352","text":"Default Rephrase","type":"MA","timestamp":"2023-11-09 12:46:14"},{"nodeID":"1293353","text":"Default Transition","type":"TA","timestamp":"2023-11-09 12:46:14"},{"nodeID":"1293354","text":"Restating","type":"YA","timestamp":"2023-11-09 12:46:14"},{"nodeID":"1293355","text":"Default Transition","type":"TA","timestamp":"2023-11-09 12:46:14"},{"nodeID":"1293356","text":"Default Inference","type":"RA","timestamp":"2023-11-09 12:46:14"},{"nodeID":"1293357","text":"Arguing","type":"YA","timestamp":"2023-11-09 12:46:14"},{"nodeID":"1293358","text":"Default Transition","type":"TA","timestamp":"2023-11-09 12:46:14"},{"nodeID":"1293359","text":"Default Rephrase","type":"MA","timestamp":"2023-11-09 12:46:14"},{"nodeID":"1293360","text":"Restating","type":"YA","timestamp":"2023-11-09 12:46:14"}],"edges":[{"edgeID":"1700446","fromID":"1293308","toID":"1293307","formEdgeID":null},{"edgeID":"1700447","fromID":"1293309","toID":"1293308","formEdgeID":null},{"edgeID":"1700448","fromID":"1293307","toID":"1293310","formEdgeID":null},{"edgeID":"1700449","fromID":"1293310","toID":"1293306","formEdgeID":null},{"edgeID":"1700450","fromID":"1293313","toID":"1293312","formEdgeID":null},{"edgeID":"1700451","fromID":"1293314","toID":"1293313","formEdgeID":null},{"edgeID":"1700452","fromID":"1293312","toID":"1293315","formEdgeID":null},{"edgeID":"1700453","fromID":"1293315","toID":"1293311","formEdgeID":null},{"edgeID":"1700454","fromID":"1293318","toID":"1293317","formEdgeID":null},{"edgeID":"1700455","fromID":"1293319","toID":"1293318","formEdgeID":null},{"edgeID":"1700456","fromID":"1293317","toID":"1293320","formEdgeID":null},{"edgeID":"1700457","fromID":"1293320","toID":"1293316","formEdgeID":null},{"edgeID":"1700458","fromID":"1293323","toID":"1293322","formEdgeID":null},{"edgeID":"1700459","fromID":"1293324","toID":"1293323","formEdgeID":null},{"edgeID":"1700460","fromID":"1293322","toID":"1293325","formEdgeID":null},{"edgeID":"1700461","fromID":"1293325","toID":"1293321","formEdgeID":null},{"edgeID":"1700462","fromID":"1293328","toID":"1293327","formEdgeID":null},{"edgeID":"1700463","fromID":"1293329","toID":"1293328","formEdgeID":null},{"edgeID":"1700464","fromID":"1293327","toID":"1293330","formEdgeID":null},{"edgeID":"1700465","fromID":"1293330","toID":"1293326","formEdgeID":null},{"edgeID":"1700466","fromID":"1293333","toID":"1293332","formEdgeID":null},{"edgeID":"1700467","fromID":"1293334","toID":"1293333","formEdgeID":null},{"edgeID":"1700468","fromID":"1293332","toID":"1293335","formEdgeID":null},{"edgeID":"1700469","fromID":"1293335","toID":"1293331","formEdgeID":null},{"edgeID":"1700470","fromID":"1293338","toID":"1293337","formEdgeID":null},{"edgeID":"1700471","fromID":"1293339","toID":"1293338","formEdgeID":null},{"edgeID":"1700472","fromID":"1293337","toID":"1293340","formEdgeID":null},{"edgeID":"1700473","fromID":"1293340","toID":"1293336","formEdgeID":null},{"edgeID":"1700474","fromID":"1293343","toID":"1293342","formEdgeID":null},{"edgeID":"1700475","fromID":"1293344","toID":"1293343","formEdgeID":null},{"edgeID":"1700476","fromID":"1293342","toID":"1293345","formEdgeID":null},{"edgeID":"1700477","fromID":"1293345","toID":"1293341","formEdgeID":null},{"edgeID":"1700478","fromID":"1293307","toID":"1293346","formEdgeID":null},{"edgeID":"1700479","fromID":"1293346","toID":"1293312","formEdgeID":null},{"edgeID":"1700480","fromID":"1293311","toID":"1293347","formEdgeID":null},{"edgeID":"1700481","fromID":"1293347","toID":"1293316","formEdgeID":null},{"edgeID":"1700482","fromID":"1293312","toID":"1293348","formEdgeID":null},{"edgeID":"1700483","fromID":"1293348","toID":"1293317","formEdgeID":null},{"edgeID":"1700484","fromID":"1293348","toID":"1293349","formEdgeID":null},{"edgeID":"1700485","fromID":"1293349","toID":"1293347","formEdgeID":null},{"edgeID":"1700486","fromID":"1293317","toID":"1293350","formEdgeID":null},{"edgeID":"1700487","fromID":"1293350","toID":"1293322","formEdgeID":null},{"edgeID":"1700488","fromID":"1293322","toID":"1293351","formEdgeID":null},{"edgeID":"1700489","fromID":"1293351","toID":"1293327","formEdgeID":null},{"edgeID":"1700490","fromID":"1293331","toID":"1293352","formEdgeID":null},{"edgeID":"1700491","fromID":"1293352","toID":"1293326","formEdgeID":null},{"edgeID":"1700492","fromID":"1293327","toID":"1293353","formEdgeID":null},{"edgeID":"1700493","fromID":"1293353","toID":"1293332","formEdgeID":null},{"edgeID":"1700494","fromID":"1293353","toID":"1293354","formEdgeID":null},{"edgeID":"1700495","fromID":"1293354","toID":"1293352","formEdgeID":null},{"edgeID":"1700496","fromID":"1293337","toID":"1293355","formEdgeID":null},{"edgeID":"1700497","fromID":"1293355","toID":"1293342","formEdgeID":null},{"edgeID":"1700498","fromID":"1293326","toID":"1293356","formEdgeID":null},{"edgeID":"1700499","fromID":"1293356","toID":"1293321","formEdgeID":null},{"edgeID":"1700500","fromID":"1293351","toID":"1293357","formEdgeID":null},{"edgeID":"1700501","fromID":"1293357","toID":"1293356","formEdgeID":null},{"edgeID":"1700502","fromID":"1293336","toID":"1293356","formEdgeID":null},{"edgeID":"1700503","fromID":"1293322","toID":"1293358","formEdgeID":null},{"edgeID":"1700504","fromID":"1293358","toID":"1293337","formEdgeID":null},{"edgeID":"1700505","fromID":"1293341","toID":"1293359","formEdgeID":null},{"edgeID":"1700506","fromID":"1293359","toID":"1293336","formEdgeID":null},{"edgeID":"1700507","fromID":"1293355","toID":"1293360","formEdgeID":null},{"edgeID":"1700508","fromID":"1293360","toID":"1293359","formEdgeID":null}],"locutions":[]}