{"nodes":[{"nodeID":"1295572","text":"it will or will not make any difference that people from Russia come out and say how dismayed and outraged they are","type":"I","timestamp":"2023-11-09 12:49:20"},{"nodeID":"1295573","text":"Fiona Bruce: Will that make any difference","type":"L","timestamp":"2023-11-09 12:49:20"},{"nodeID":"1295574","text":"Analysing","type":"YA","timestamp":"2023-11-09 12:49:20"},{"nodeID":"1295575","text":"Mascha: Fiona Bruce: Will that make any difference","type":"L","timestamp":"2023-11-09 12:49:20"},{"nodeID":"1295576","text":"Pure Questioning","type":"YA","timestamp":"2023-11-09 12:49:20"},{"nodeID":"1295577","text":"Bridget Kendall disagrees with Konstantin Kisin","type":"I","timestamp":"2023-11-09 12:49:20"},{"nodeID":"1295578","text":"Bridget Kendall:  I disagree with you, Konstantin","type":"L","timestamp":"2023-11-09 12:49:20"},{"nodeID":"1295579","text":"Analysing","type":"YA","timestamp":"2023-11-09 12:49:20"},{"nodeID":"1295580","text":"Mascha: Bridget Kendall:  I disagree with you, Konstantin","type":"L","timestamp":"2023-11-09 12:49:20"},{"nodeID":"1295581","text":"Asserting","type":"YA","timestamp":"2023-11-09 12:49:20"},{"nodeID":"1295582","text":"there are a lot of older Russians who watch state television","type":"I","timestamp":"2023-11-09 12:49:21"},{"nodeID":"1295583","text":"Bridget Kendall: There are a lot of older Russians who watch state television","type":"L","timestamp":"2023-11-09 12:49:21"},{"nodeID":"1295584","text":"Analysing","type":"YA","timestamp":"2023-11-09 12:49:21"},{"nodeID":"1295585","text":"Mascha: Bridget Kendall: There are a lot of older Russians who watch state television","type":"L","timestamp":"2023-11-09 12:49:21"},{"nodeID":"1295586","text":"Asserting","type":"YA","timestamp":"2023-11-09 12:49:21"},{"nodeID":"1295587","text":"Default Transition","type":"TA","timestamp":"2023-11-09 12:49:21"},{"nodeID":"1295588","text":"a lot of younger Russians don't watch state television","type":"I","timestamp":"2023-11-09 12:49:22"},{"nodeID":"1295589","text":"Bridget Kendall: a lot of younger Russians who don't","type":"L","timestamp":"2023-11-09 12:49:22"},{"nodeID":"1295590","text":"Analysing","type":"YA","timestamp":"2023-11-09 12:49:22"},{"nodeID":"1295591","text":"Mascha: Bridget Kendall: a lot of younger Russians who don't","type":"L","timestamp":"2023-11-09 12:49:22"},{"nodeID":"1295592","text":"Asserting","type":"YA","timestamp":"2023-11-09 12:49:22"},{"nodeID":"1295593","text":"Default Inference","type":"RA","timestamp":"2023-11-09 12:49:22"},{"nodeID":"1295594","text":"Default Transition","type":"TA","timestamp":"2023-11-09 12:49:22"},{"nodeID":"1295595","text":"Arguing","type":"YA","timestamp":"2023-11-09 12:49:22"},{"nodeID":"1295596","text":"people in Russia live or do not live in a democracy","type":"I","timestamp":"2023-11-09 12:49:22"},{"nodeID":"1295597","text":"Bridget Kendall:  I remember doing a programme in St Petersburg asking people if they thought they lived in a democracy","type":"L","timestamp":"2023-11-09 12:49:22"},{"nodeID":"1295598","text":"Analysing","type":"YA","timestamp":"2023-11-09 12:49:22"},{"nodeID":"1295599","text":"Mascha: Bridget Kendall:  I remember doing a programme in St Petersburg asking people if they thought they lived in a democracy","type":"L","timestamp":"2023-11-09 12:49:22"},{"nodeID":"1295600","text":"Default Transition","type":"TA","timestamp":"2023-11-09 12:49:22"},{"nodeID":"1295601","text":"we live in a social media age","type":"I","timestamp":"2023-11-09 12:49:23"},{"nodeID":"1295602","text":"Bridget Kendall: We live in a social media age","type":"L","timestamp":"2023-11-09 12:49:23"},{"nodeID":"1295603","text":"Analysing","type":"YA","timestamp":"2023-11-09 12:49:23"},{"nodeID":"1295604","text":"Mascha: Bridget Kendall: We live in a social media age","type":"L","timestamp":"2023-11-09 12:49:23"},{"nodeID":"1295605","text":"Asserting","type":"YA","timestamp":"2023-11-09 12:49:23"},{"nodeID":"1295606","text":"when the young man from Russia watches state television,he thinks he lives in an authoritarian state","type":"I","timestamp":"2023-11-09 12:49:23"},{"nodeID":"1295607","text":"Bridget Kendall: a young man in the audience said, \"When I watch state television, I think no, I live in an authoritarian state","type":"L","timestamp":"2023-11-09 12:49:23"},{"nodeID":"1295608","text":"Analysing","type":"YA","timestamp":"2023-11-09 12:49:23"},{"nodeID":"1295609","text":"Mascha: Bridget Kendall: a young man in the audience said, \"When I watch state television, I think no, I live in an authoritarian state","type":"L","timestamp":"2023-11-09 12:49:23"},{"nodeID":"1295610","text":"Young Man From Russia: when I watch state television, I think I live in an authoritarian state","type":"L","timestamp":"2023-11-09 12:49:23"},{"nodeID":"1295611","text":"Analysing","type":"YA","timestamp":"2023-11-09 12:49:23"},{"nodeID":"1295612","text":"Mascha: Young Man From Russia: a young man in the audience said, \"When I watch state television, I think no, I live in an authoritarian state","type":"L","timestamp":"2023-11-09 12:49:23"},{"nodeID":"1295613","text":"Asserting","type":"YA","timestamp":"2023-11-09 12:49:23"},{"nodeID":"1295614","text":"Asserting","type":"YA","timestamp":"2023-11-09 12:49:23"},{"nodeID":"1295615","text":"when the young man from Russia goes on the internet, he thinks he lives in a democracy","type":"I","timestamp":"2023-11-09 12:49:24"},{"nodeID":"1295616","text":"Bridget Kendall:  When I go on the internet, I live in a democracy","type":"L","timestamp":"2023-11-09 12:49:24"},{"nodeID":"1295617","text":"Analysing","type":"YA","timestamp":"2023-11-09 12:49:24"},{"nodeID":"1295618","text":"Mascha: Bridget Kendall:  When I go on the internet, I live in a democracy","type":"L","timestamp":"2023-11-09 12:49:24"},{"nodeID":"1295619","text":"Young Man From Russia:  when I go on the internet, I live in a democracy","type":"L","timestamp":"2023-11-09 12:49:24"},{"nodeID":"1295620","text":"Analysing","type":"YA","timestamp":"2023-11-09 12:49:24"},{"nodeID":"1295621","text":"Mascha: Young Man From Russia:  When I go on the internet, I live in a democracy","type":"L","timestamp":"2023-11-09 12:49:24"},{"nodeID":"1295622","text":"Asserting","type":"YA","timestamp":"2023-11-09 12:49:24"},{"nodeID":"1295623","text":"Asserting","type":"YA","timestamp":"2023-11-09 12:49:24"},{"nodeID":"1295624","text":"Default Inference","type":"RA","timestamp":"2023-11-09 12:49:24"},{"nodeID":"1295625","text":"Default Transition","type":"TA","timestamp":"2023-11-09 12:49:24"},{"nodeID":"1295626","text":"Arguing","type":"YA","timestamp":"2023-11-09 12:49:24"},{"nodeID":"1295627","text":"Default Transition","type":"TA","timestamp":"2023-11-09 12:49:24"},{"nodeID":"1295628","text":"Default Rephrase","type":"MA","timestamp":"2023-11-09 12:49:24"},{"nodeID":"1295629","text":"Default Transition","type":"TA","timestamp":"2023-11-09 12:49:24"},{"nodeID":"1295630","text":"Default Rephrase","type":"MA","timestamp":"2023-11-09 12:49:24"},{"nodeID":"1295631","text":"Default Transition","type":"TA","timestamp":"2023-11-09 12:49:24"},{"nodeID":"1295632","text":"Restating","type":"YA","timestamp":"2023-11-09 12:49:24"},{"nodeID":"1295633","text":"messages will get through","type":"I","timestamp":"2023-11-09 12:49:24"},{"nodeID":"1295634","text":"Bridget Kendall: messages will get through","type":"L","timestamp":"2023-11-09 12:49:24"},{"nodeID":"1295635","text":"Analysing","type":"YA","timestamp":"2023-11-09 12:49:24"},{"nodeID":"1295636","text":"Mascha: Bridget Kendall: messages will get through","type":"L","timestamp":"2023-11-09 12:49:24"},{"nodeID":"1295637","text":"Asserting","type":"YA","timestamp":"2023-11-09 12:49:24"},{"nodeID":"1295638","text":"Default Transition","type":"TA","timestamp":"2023-11-09 12:49:24"},{"nodeID":"1295639","text":"Default Inference","type":"RA","timestamp":"2023-11-09 12:49:24"},{"nodeID":"1295640","text":"Arguing","type":"YA","timestamp":"2023-11-09 12:49:24"},{"nodeID":"1295641","text":"when people don't think what they're hearing on the state media quite adds up, they will look for other sources of information","type":"I","timestamp":"2023-11-09 12:49:25"},{"nodeID":"1295642","text":"Bridget Kendall: when people don't think what they're hearing on the state media quite adds up, they will look for other sources of information","type":"L","timestamp":"2023-11-09 12:49:25"},{"nodeID":"1295643","text":"Analysing","type":"YA","timestamp":"2023-11-09 12:49:25"},{"nodeID":"1295644","text":"Mascha: Bridget Kendall: when people don't think what they're hearing on the state media quite adds up, they will look for other sources of information","type":"L","timestamp":"2023-11-09 12:49:25"},{"nodeID":"1295645","text":"Asserting","type":"YA","timestamp":"2023-11-09 12:49:25"},{"nodeID":"1295646","text":"Default Transition","type":"TA","timestamp":"2023-11-09 12:49:25"},{"nodeID":"1295647","text":"people will talk to each other","type":"I","timestamp":"2023-11-09 12:49:26"},{"nodeID":"1295648","text":"Bridget Kendall: people will talk to each other","type":"L","timestamp":"2023-11-09 12:49:26"},{"nodeID":"1295649","text":"Analysing","type":"YA","timestamp":"2023-11-09 12:49:26"},{"nodeID":"1295650","text":"Mascha: Bridget Kendall: people will talk to each other","type":"L","timestamp":"2023-11-09 12:49:26"},{"nodeID":"1295651","text":"Asserting","type":"YA","timestamp":"2023-11-09 12:49:26"},{"nodeID":"1295652","text":"Default Transition","type":"TA","timestamp":"2023-11-09 12:49:26"},{"nodeID":"1295653","text":"Default Inference","type":"RA","timestamp":"2023-11-09 12:49:26"},{"nodeID":"1295654","text":"Arguing","type":"YA","timestamp":"2023-11-09 12:49:26"},{"nodeID":"1295655","text":"Default Rephrase","type":"MA","timestamp":"2023-11-09 12:49:26"},{"nodeID":"1295656","text":"Rhetorical Challenging","type":"YA","timestamp":"2023-11-09 12:49:26"},{"nodeID":"1295657","text":"people will swap notes","type":"I","timestamp":"2023-11-09 12:49:26"},{"nodeID":"1295658","text":"Bridget Kendall: They'll swap notes","type":"L","timestamp":"2023-11-09 12:49:26"},{"nodeID":"1295659","text":"Analysing","type":"YA","timestamp":"2023-11-09 12:49:26"},{"nodeID":"1295660","text":"Mascha: Bridget Kendall: They'll swap notes","type":"L","timestamp":"2023-11-09 12:49:26"},{"nodeID":"1295661","text":"Asserting","type":"YA","timestamp":"2023-11-09 12:49:26"},{"nodeID":"1295662","text":"Default Transition","type":"TA","timestamp":"2023-11-09 12:49:26"},{"nodeID":"1295663","text":"Default Rephrase","type":"MA","timestamp":"2023-11-09 12:49:26"},{"nodeID":"1295664","text":"Restating","type":"YA","timestamp":"2023-11-09 12:49:26"},{"nodeID":"1295665","text":"people from Russia coming out and saying how outraged and dismayed they are will make a difference","type":"I","timestamp":"2023-11-09 12:49:27"},{"nodeID":"1295666","text":"Bridget Kendall:  it will make a difference","type":"L","timestamp":"2023-11-09 12:49:27"},{"nodeID":"1295667","text":"Analysing","type":"YA","timestamp":"2023-11-09 12:49:27"},{"nodeID":"1295668","text":"Mascha: Bridget Kendall:  it will make a difference","type":"L","timestamp":"2023-11-09 12:49:27"},{"nodeID":"1295669","text":"Asserting","type":"YA","timestamp":"2023-11-09 12:49:27"},{"nodeID":"1295670","text":"Default Transition","type":"TA","timestamp":"2023-11-09 12:49:27"},{"nodeID":"1295671","text":"Default Transition","type":"TA","timestamp":"2023-11-09 12:49:27"},{"nodeID":"1295672","text":"Default Rephrase","type":"MA","timestamp":"2023-11-09 12:49:27"},{"nodeID":"1295673","text":"Default Illocuting","type":"YA","timestamp":"2023-11-09 12:49:27"},{"nodeID":"1295674","text":"Bridget Kendall: do people in Russia live or do not live in a democracy","type":"L","timestamp":"2023-11-09 12:49:27"},{"nodeID":"1295675","text":"Analysing","type":"YA","timestamp":"2023-11-09 12:49:27"},{"nodeID":"1295676","text":"Mascha: Bridget Kendall: people in Russia live or do not live in a democracy","type":"L","timestamp":"2023-11-09 12:49:27"},{"nodeID":"1295677","text":"Pure Questioning","type":"YA","timestamp":"2023-11-09 12:49:27"},{"nodeID":"1295678","text":"Asserting","type":"YA","timestamp":"2023-11-09 12:49:27"},{"nodeID":"1295679","text":"Default Transition","type":"TA","timestamp":"2023-11-09 12:49:27"},{"nodeID":"1295680","text":"Default Transition","type":"TA","timestamp":"2023-11-09 12:49:27"},{"nodeID":"1295681","text":"Default Illocuting","type":"YA","timestamp":"2023-11-09 12:49:27"}],"edges":[{"edgeID":"1703120","fromID":"1295574","toID":"1295573","formEdgeID":null},{"edgeID":"1703121","fromID":"1295575","toID":"1295574","formEdgeID":null},{"edgeID":"1703122","fromID":"1295573","toID":"1295576","formEdgeID":null},{"edgeID":"1703123","fromID":"1295576","toID":"1295572","formEdgeID":null},{"edgeID":"1703124","fromID":"1295579","toID":"1295578","formEdgeID":null},{"edgeID":"1703125","fromID":"1295580","toID":"1295579","formEdgeID":null},{"edgeID":"1703126","fromID":"1295578","toID":"1295581","formEdgeID":null},{"edgeID":"1703127","fromID":"1295581","toID":"1295577","formEdgeID":null},{"edgeID":"1703128","fromID":"1295584","toID":"1295583","formEdgeID":null},{"edgeID":"1703129","fromID":"1295585","toID":"1295584","formEdgeID":null},{"edgeID":"1703130","fromID":"1295583","toID":"1295586","formEdgeID":null},{"edgeID":"1703131","fromID":"1295586","toID":"1295582","formEdgeID":null},{"edgeID":"1703132","fromID":"1295578","toID":"1295587","formEdgeID":null},{"edgeID":"1703133","fromID":"1295587","toID":"1295583","formEdgeID":null},{"edgeID":"1703134","fromID":"1295590","toID":"1295589","formEdgeID":null},{"edgeID":"1703135","fromID":"1295591","toID":"1295590","formEdgeID":null},{"edgeID":"1703136","fromID":"1295589","toID":"1295592","formEdgeID":null},{"edgeID":"1703137","fromID":"1295592","toID":"1295588","formEdgeID":null},{"edgeID":"1703138","fromID":"1295588","toID":"1295593","formEdgeID":null},{"edgeID":"1703139","fromID":"1295593","toID":"1295577","formEdgeID":null},{"edgeID":"1703140","fromID":"1295582","toID":"1295593","formEdgeID":null},{"edgeID":"1703141","fromID":"1295578","toID":"1295594","formEdgeID":null},{"edgeID":"1703142","fromID":"1295594","toID":"1295589","formEdgeID":null},{"edgeID":"1703143","fromID":"1295594","toID":"1295595","formEdgeID":null},{"edgeID":"1703144","fromID":"1295595","toID":"1295593","formEdgeID":null},{"edgeID":"1703145","fromID":"1295598","toID":"1295597","formEdgeID":null},{"edgeID":"1703146","fromID":"1295599","toID":"1295598","formEdgeID":null},{"edgeID":"1703147","fromID":"1295589","toID":"1295600","formEdgeID":null},{"edgeID":"1703148","fromID":"1295600","toID":"1295597","formEdgeID":null},{"edgeID":"1703149","fromID":"1295603","toID":"1295602","formEdgeID":null},{"edgeID":"1703150","fromID":"1295604","toID":"1295603","formEdgeID":null},{"edgeID":"1703151","fromID":"1295602","toID":"1295605","formEdgeID":null},{"edgeID":"1703152","fromID":"1295605","toID":"1295601","formEdgeID":null},{"edgeID":"1703153","fromID":"1295608","toID":"1295607","formEdgeID":null},{"edgeID":"1703154","fromID":"1295609","toID":"1295608","formEdgeID":null},{"edgeID":"1703155","fromID":"1295611","toID":"1295610","formEdgeID":null},{"edgeID":"1703156","fromID":"1295612","toID":"1295611","formEdgeID":null},{"edgeID":"1703157","fromID":"1295610","toID":"1295613","formEdgeID":null},{"edgeID":"1703158","fromID":"1295613","toID":"1295606","formEdgeID":null},{"edgeID":"1703159","fromID":"1295607","toID":"1295614","formEdgeID":null},{"edgeID":"1703160","fromID":"1295614","toID":"1295610","formEdgeID":null},{"edgeID":"1703161","fromID":"1295617","toID":"1295616","formEdgeID":null},{"edgeID":"1703162","fromID":"1295618","toID":"1295617","formEdgeID":null},{"edgeID":"1703163","fromID":"1295620","toID":"1295619","formEdgeID":null},{"edgeID":"1703164","fromID":"1295621","toID":"1295620","formEdgeID":null},{"edgeID":"1703165","fromID":"1295619","toID":"1295622","formEdgeID":null},{"edgeID":"1703166","fromID":"1295622","toID":"1295615","formEdgeID":null},{"edgeID":"1703167","fromID":"1295616","toID":"1295623","formEdgeID":null},{"edgeID":"1703168","fromID":"1295623","toID":"1295619","formEdgeID":null},{"edgeID":"1703169","fromID":"1295615","toID":"1295624","formEdgeID":null},{"edgeID":"1703170","fromID":"1295624","toID":"1295588","formEdgeID":null},{"edgeID":"1703171","fromID":"1295606","toID":"1295624","formEdgeID":null},{"edgeID":"1703172","fromID":"1295589","toID":"1295625","formEdgeID":null},{"edgeID":"1703173","fromID":"1295625","toID":"1295616","formEdgeID":null},{"edgeID":"1703174","fromID":"1295625","toID":"1295626","formEdgeID":null},{"edgeID":"1703175","fromID":"1295626","toID":"1295624","formEdgeID":null},{"edgeID":"1703176","fromID":"1295589","toID":"1295627","formEdgeID":null},{"edgeID":"1703177","fromID":"1295627","toID":"1295607","formEdgeID":null},{"edgeID":"1703178","fromID":"1295606","toID":"1295628","formEdgeID":null},{"edgeID":"1703179","fromID":"1295628","toID":"1295596","formEdgeID":null},{"edgeID":"1703180","fromID":"1295597","toID":"1295629","formEdgeID":null},{"edgeID":"1703181","fromID":"1295629","toID":"1295607","formEdgeID":null},{"edgeID":"1703182","fromID":"1295601","toID":"1295630","formEdgeID":null},{"edgeID":"1703183","fromID":"1295630","toID":"1295615","formEdgeID":null},{"edgeID":"1703184","fromID":"1295616","toID":"1295631","formEdgeID":null},{"edgeID":"1703185","fromID":"1295631","toID":"1295602","formEdgeID":null},{"edgeID":"1703186","fromID":"1295631","toID":"1295632","formEdgeID":null},{"edgeID":"1703187","fromID":"1295632","toID":"1295630","formEdgeID":null},{"edgeID":"1703188","fromID":"1295635","toID":"1295634","formEdgeID":null},{"edgeID":"1703189","fromID":"1295636","toID":"1295635","formEdgeID":null},{"edgeID":"1703190","fromID":"1295634","toID":"1295637","formEdgeID":null},{"edgeID":"1703191","fromID":"1295637","toID":"1295633","formEdgeID":null},{"edgeID":"1703192","fromID":"1295602","toID":"1295638","formEdgeID":null},{"edgeID":"1703193","fromID":"1295638","toID":"1295634","formEdgeID":null},{"edgeID":"1703194","fromID":"1295601","toID":"1295639","formEdgeID":null},{"edgeID":"1703195","fromID":"1295639","toID":"1295633","formEdgeID":null},{"edgeID":"1703196","fromID":"1295638","toID":"1295640","formEdgeID":null},{"edgeID":"1703197","fromID":"1295640","toID":"1295639","formEdgeID":null},{"edgeID":"1703198","fromID":"1295643","toID":"1295642","formEdgeID":null},{"edgeID":"1703199","fromID":"1295644","toID":"1295643","formEdgeID":null},{"edgeID":"1703200","fromID":"1295642","toID":"1295645","formEdgeID":null},{"edgeID":"1703201","fromID":"1295645","toID":"1295641","formEdgeID":null},{"edgeID":"1703202","fromID":"1295634","toID":"1295646","formEdgeID":null},{"edgeID":"1703203","fromID":"1295646","toID":"1295642","formEdgeID":null},{"edgeID":"1703204","fromID":"1295649","toID":"1295648","formEdgeID":null},{"edgeID":"1703205","fromID":"1295650","toID":"1295649","formEdgeID":null},{"edgeID":"1703206","fromID":"1295648","toID":"1295651","formEdgeID":null},{"edgeID":"1703207","fromID":"1295651","toID":"1295647","formEdgeID":null},{"edgeID":"1703208","fromID":"1295642","toID":"1295652","formEdgeID":null},{"edgeID":"1703209","fromID":"1295652","toID":"1295648","formEdgeID":null},{"edgeID":"1703210","fromID":"1295641","toID":"1295653","formEdgeID":null},{"edgeID":"1703211","fromID":"1295653","toID":"1295633","formEdgeID":null},{"edgeID":"1703212","fromID":"1295646","toID":"1295654","formEdgeID":null},{"edgeID":"1703213","fromID":"1295654","toID":"1295653","formEdgeID":null},{"edgeID":"1703214","fromID":"1295647","toID":"1295655","formEdgeID":null},{"edgeID":"1703215","fromID":"1295655","toID":"1295641","formEdgeID":null},{"edgeID":"1703216","fromID":"1295652","toID":"1295656","formEdgeID":null},{"edgeID":"1703217","fromID":"1295656","toID":"1295655","formEdgeID":null},{"edgeID":"1703218","fromID":"1295659","toID":"1295658","formEdgeID":null},{"edgeID":"1703219","fromID":"1295660","toID":"1295659","formEdgeID":null},{"edgeID":"1703220","fromID":"1295658","toID":"1295661","formEdgeID":null},{"edgeID":"1703221","fromID":"1295661","toID":"1295657","formEdgeID":null},{"edgeID":"1703222","fromID":"1295648","toID":"1295662","formEdgeID":null},{"edgeID":"1703223","fromID":"1295662","toID":"1295658","formEdgeID":null},{"edgeID":"1703224","fromID":"1295657","toID":"1295663","formEdgeID":null},{"edgeID":"1703225","fromID":"1295663","toID":"1295647","formEdgeID":null},{"edgeID":"1703226","fromID":"1295662","toID":"1295664","formEdgeID":null},{"edgeID":"1703227","fromID":"1295664","toID":"1295663","formEdgeID":null},{"edgeID":"1703228","fromID":"1295667","toID":"1295666","formEdgeID":null},{"edgeID":"1703229","fromID":"1295668","toID":"1295667","formEdgeID":null},{"edgeID":"1703230","fromID":"1295666","toID":"1295669","formEdgeID":null},{"edgeID":"1703231","fromID":"1295669","toID":"1295665","formEdgeID":null},{"edgeID":"1703232","fromID":"1295573","toID":"1295670","formEdgeID":null},{"edgeID":"1703233","fromID":"1295670","toID":"1295666","formEdgeID":null},{"edgeID":"1703234","fromID":"1295666","toID":"1295671","formEdgeID":null},{"edgeID":"1703235","fromID":"1295671","toID":"1295578","formEdgeID":null},{"edgeID":"1703236","fromID":"1295665","toID":"1295672","formEdgeID":null},{"edgeID":"1703237","fromID":"1295672","toID":"1295572","formEdgeID":null},{"edgeID":"1703238","fromID":"1295670","toID":"1295673","formEdgeID":null},{"edgeID":"1703239","fromID":"1295673","toID":"1295672","formEdgeID":null},{"edgeID":"1703240","fromID":"1295675","toID":"1295674","formEdgeID":null},{"edgeID":"1703241","fromID":"1295676","toID":"1295675","formEdgeID":null},{"edgeID":"1703242","fromID":"1295674","toID":"1295677","formEdgeID":null},{"edgeID":"1703243","fromID":"1295677","toID":"1295596","formEdgeID":null},{"edgeID":"1703244","fromID":"1295597","toID":"1295678","formEdgeID":null},{"edgeID":"1703245","fromID":"1295678","toID":"1295674","formEdgeID":null},{"edgeID":"1703246","fromID":"1295674","toID":"1295679","formEdgeID":null},{"edgeID":"1703247","fromID":"1295679","toID":"1295610","formEdgeID":null},{"edgeID":"1703248","fromID":"1295610","toID":"1295680","formEdgeID":null},{"edgeID":"1703249","fromID":"1295680","toID":"1295619","formEdgeID":null},{"edgeID":"1703250","fromID":"1295679","toID":"1295681","formEdgeID":null},{"edgeID":"1703251","fromID":"1295681","toID":"1295628","formEdgeID":null}],"locutions":[]}