{"nodes":[{"nodeID":"1298039","text":"people will be worried about nuclear launches when they hear about it on the news","type":"I","timestamp":"2023-11-09 12:52:39"},{"nodeID":"1298040","text":"Penny Mordaunt: people will be worried about this when they hear it on the news","type":"L","timestamp":"2023-11-09 12:52:39"},{"nodeID":"1298041","text":"Analysing","type":"YA","timestamp":"2023-11-09 12:52:39"},{"nodeID":"1298042","text":"Steffi: Penny Mordaunt: people will be worried about this when they hear it on the news","type":"L","timestamp":"2023-11-09 12:52:39"},{"nodeID":"1298043","text":"Asserting","type":"YA","timestamp":"2023-11-09 12:52:39"},{"nodeID":"1298044","text":"Penny Mordaut's message would be not to be afraid","type":"I","timestamp":"2023-11-09 12:52:39"},{"nodeID":"1298045","text":"Penny Mordaunt: My message would be not to be afraid","type":"L","timestamp":"2023-11-09 12:52:39"},{"nodeID":"1298046","text":"Analysing","type":"YA","timestamp":"2023-11-09 12:52:39"},{"nodeID":"1298047","text":"Steffi: Penny Mordaunt: My message would be not to be afraid","type":"L","timestamp":"2023-11-09 12:52:39"},{"nodeID":"1298048","text":"Asserting","type":"YA","timestamp":"2023-11-09 12:52:39"},{"nodeID":"1298049","text":"Default Transition","type":"TA","timestamp":"2023-11-09 12:52:39"},{"nodeID":"1298050","text":"the deterrent, the clue is in the name","type":"I","timestamp":"2023-11-09 12:52:40"},{"nodeID":"1298051","text":"Penny Mordaunt: The deterrent, the clue is in the name","type":"L","timestamp":"2023-11-09 12:52:40"},{"nodeID":"1298052","text":"Analysing","type":"YA","timestamp":"2023-11-09 12:52:40"},{"nodeID":"1298053","text":"Steffi: Penny Mordaunt: The deterrent, the clue is in the name","type":"L","timestamp":"2023-11-09 12:52:40"},{"nodeID":"1298054","text":"Asserting","type":"YA","timestamp":"2023-11-09 12:52:40"},{"nodeID":"1298055","text":"nuclear deterrent works","type":"I","timestamp":"2023-11-09 12:52:41"},{"nodeID":"1298056","text":"Penny Mordaunt: It works","type":"L","timestamp":"2023-11-09 12:52:41"},{"nodeID":"1298057","text":"Analysing","type":"YA","timestamp":"2023-11-09 12:52:41"},{"nodeID":"1298058","text":"Steffi: Penny Mordaunt: It works","type":"L","timestamp":"2023-11-09 12:52:41"},{"nodeID":"1298059","text":"Asserting","type":"YA","timestamp":"2023-11-09 12:52:41"},{"nodeID":"1298060","text":"Default Transition","type":"TA","timestamp":"2023-11-09 12:52:41"},{"nodeID":"1298061","text":"nuclear deterrent has seen us through some very difficult times","type":"I","timestamp":"2023-11-09 12:52:41"},{"nodeID":"1298062","text":"Penny Mordaunt: It has seen us through some very difficult times","type":"L","timestamp":"2023-11-09 12:52:41"},{"nodeID":"1298063","text":"Analysing","type":"YA","timestamp":"2023-11-09 12:52:41"},{"nodeID":"1298064","text":"Steffi: Penny Mordaunt: It has seen us through some very difficult times","type":"L","timestamp":"2023-11-09 12:52:41"},{"nodeID":"1298065","text":"Asserting","type":"YA","timestamp":"2023-11-09 12:52:41"},{"nodeID":"1298066","text":"Default Transition","type":"TA","timestamp":"2023-11-09 12:52:41"},{"nodeID":"1298067","text":"we use it every single hour of every single day","type":"I","timestamp":"2023-11-09 12:52:42"},{"nodeID":"1298068","text":"Penny Mordaunt: We use it every single hour of every single day","type":"L","timestamp":"2023-11-09 12:52:42"},{"nodeID":"1298069","text":"Analysing","type":"YA","timestamp":"2023-11-09 12:52:42"},{"nodeID":"1298070","text":"Steffi: Penny Mordaunt: We use it every single hour of every single day","type":"L","timestamp":"2023-11-09 12:52:42"},{"nodeID":"1298071","text":"Asserting","type":"YA","timestamp":"2023-11-09 12:52:42"},{"nodeID":"1298072","text":"Default Transition","type":"TA","timestamp":"2023-11-09 12:52:42"},{"nodeID":"1298073","text":"we have done for the last 50 years","type":"I","timestamp":"2023-11-09 12:52:43"},{"nodeID":"1298074","text":"Penny Mordaunt: we have done for the last 50 years","type":"L","timestamp":"2023-11-09 12:52:43"},{"nodeID":"1298075","text":"Analysing","type":"YA","timestamp":"2023-11-09 12:52:43"},{"nodeID":"1298076","text":"Steffi: Penny Mordaunt: we have done for the last 50 years","type":"L","timestamp":"2023-11-09 12:52:43"},{"nodeID":"1298077","text":"Asserting","type":"YA","timestamp":"2023-11-09 12:52:43"},{"nodeID":"1298078","text":"Default Transition","type":"TA","timestamp":"2023-11-09 12:52:43"},{"nodeID":"1298079","text":"Default Rephrase","type":"MA","timestamp":"2023-11-09 12:52:43"},{"nodeID":"1298080","text":"Restating","type":"YA","timestamp":"2023-11-09 12:52:43"},{"nodeID":"1298081","text":"the consequences of launching a first strike are so terrible","type":"I","timestamp":"2023-11-09 12:52:43"},{"nodeID":"1298082","text":"Penny Mordaunt: The consequences of launching a first strike are so terrible","type":"L","timestamp":"2023-11-09 12:52:43"},{"nodeID":"1298083","text":"Analysing","type":"YA","timestamp":"2023-11-09 12:52:43"},{"nodeID":"1298084","text":"Steffi: Penny Mordaunt: The consequences of launching a first strike are so terrible","type":"L","timestamp":"2023-11-09 12:52:43"},{"nodeID":"1298085","text":"Asserting","type":"YA","timestamp":"2023-11-09 12:52:43"},{"nodeID":"1298086","text":"Default Transition","type":"TA","timestamp":"2023-11-09 12:52:43"},{"nodeID":"1298087","text":"people don't do nuclear launches","type":"I","timestamp":"2023-11-09 12:52:44"},{"nodeID":"1298088","text":"Penny Mordaunt:  that's why people don't do it","type":"L","timestamp":"2023-11-09 12:52:44"},{"nodeID":"1298089","text":"Analysing","type":"YA","timestamp":"2023-11-09 12:52:44"},{"nodeID":"1298090","text":"Steffi: Penny Mordaunt:  that's why people don't do it","type":"L","timestamp":"2023-11-09 12:52:44"},{"nodeID":"1298091","text":"Asserting","type":"YA","timestamp":"2023-11-09 12:52:44"},{"nodeID":"1298092","text":"Default Transition","type":"TA","timestamp":"2023-11-09 12:52:44"},{"nodeID":"1298093","text":"Default Inference","type":"RA","timestamp":"2023-11-09 12:52:44"},{"nodeID":"1298094","text":"Arguing","type":"YA","timestamp":"2023-11-09 12:52:44"},{"nodeID":"1298095","text":"what has been the focus in recent days has been whether Putin would use tactical weapons in Ukraine","type":"I","timestamp":"2023-11-09 12:52:44"},{"nodeID":"1298096","text":"Penny Mordaunt: What has been the focus in recent days has been whether Putin would use tactical weapons in Ukraine","type":"L","timestamp":"2023-11-09 12:52:44"},{"nodeID":"1298097","text":"Analysing","type":"YA","timestamp":"2023-11-09 12:52:44"},{"nodeID":"1298098","text":"Steffi: Penny Mordaunt: What has been the focus in recent days has been whether Putin would use tactical weapons in Ukraine","type":"L","timestamp":"2023-11-09 12:52:44"},{"nodeID":"1298099","text":"Asserting","type":"YA","timestamp":"2023-11-09 12:52:44"},{"nodeID":"1298100","text":"Default Transition","type":"TA","timestamp":"2023-11-09 12:52:44"},{"nodeID":"1298101","text":"Penny Mordaunt completely agrees, Putin is utterly barbaric","type":"I","timestamp":"2023-11-09 12:52:45"},{"nodeID":"1298102","text":"Penny Mordaunt: I completely agree, he is utterly barbaric","type":"L","timestamp":"2023-11-09 12:52:45"},{"nodeID":"1298103","text":"Analysing","type":"YA","timestamp":"2023-11-09 12:52:45"},{"nodeID":"1298104","text":"Steffi: Penny Mordaunt: I completely agree, he is utterly barbaric","type":"L","timestamp":"2023-11-09 12:52:45"},{"nodeID":"1298105","text":"Asserting","type":"YA","timestamp":"2023-11-09 12:52:45"},{"nodeID":"1298106","text":"Default Transition","type":"TA","timestamp":"2023-11-09 12:52:45"},{"nodeID":"1298107","text":"Penny Mordaunt hopes that there are and she thinks there will be people around Putin who would be extremely concerned if he considered doing a nuclear launch","type":"I","timestamp":"2023-11-09 12:52:46"},{"nodeID":"1298108","text":"Penny Mordaunt: I hope that there are and I think there will be people around him who would be extremely concerned if he considered doing that","type":"L","timestamp":"2023-11-09 12:52:46"},{"nodeID":"1298109","text":"Analysing","type":"YA","timestamp":"2023-11-09 12:52:46"},{"nodeID":"1298110","text":"Steffi: Penny Mordaunt: I hope that there are and I think there will be people around him who would be extremely concerned if he considered doing that","type":"L","timestamp":"2023-11-09 12:52:46"},{"nodeID":"1298111","text":"Asserting","type":"YA","timestamp":"2023-11-09 12:52:46"},{"nodeID":"1298112","text":"Default Transition","type":"TA","timestamp":"2023-11-09 12:52:46"},{"nodeID":"1298113","text":"the things Putin has said are not leading to nuclear launching","type":"I","timestamp":"2023-11-09 12:52:46"},{"nodeID":"1298114","text":"Penny Mordaunt: the things he has said are not leading that way","type":"L","timestamp":"2023-11-09 12:52:46"},{"nodeID":"1298115","text":"Analysing","type":"YA","timestamp":"2023-11-09 12:52:46"},{"nodeID":"1298116","text":"Steffi: Penny Mordaunt: the things he has said are not leading that way","type":"L","timestamp":"2023-11-09 12:52:46"},{"nodeID":"1298117","text":"Asserting","type":"YA","timestamp":"2023-11-09 12:52:46"},{"nodeID":"1298118","text":"Penny Mordaunt's message to you is don't be afraid","type":"I","timestamp":"2023-11-09 12:52:47"},{"nodeID":"1298119","text":"Penny Mordaunt: my message to you is don't be afraid","type":"L","timestamp":"2023-11-09 12:52:47"},{"nodeID":"1298120","text":"Analysing","type":"YA","timestamp":"2023-11-09 12:52:47"},{"nodeID":"1298121","text":"Steffi: Penny Mordaunt: my message to you is don't be afraid","type":"L","timestamp":"2023-11-09 12:52:47"},{"nodeID":"1298122","text":"Asserting","type":"YA","timestamp":"2023-11-09 12:52:47"},{"nodeID":"1298123","text":"Default Transition","type":"TA","timestamp":"2023-11-09 12:52:47"},{"nodeID":"1298124","text":"Default Inference","type":"RA","timestamp":"2023-11-09 12:52:47"},{"nodeID":"1298125","text":"Arguing","type":"YA","timestamp":"2023-11-09 12:52:47"},{"nodeID":"1298126","text":"the nuclear deterrent works","type":"I","timestamp":"2023-11-09 12:52:48"},{"nodeID":"1298127","text":"Fiona Bruce: Penny says the nuclear deterrent works","type":"L","timestamp":"2023-11-09 12:52:48"},{"nodeID":"1298128","text":"Analysing","type":"YA","timestamp":"2023-11-09 12:52:48"},{"nodeID":"1298129","text":"Steffi: Fiona Bruce: Penny says the nuclear deterrent works","type":"L","timestamp":"2023-11-09 12:52:48"},{"nodeID":"1298130","text":"Penny Mordaunt: the nuclear deterrent works","type":"L","timestamp":"2023-11-09 12:52:48"},{"nodeID":"1298131","text":"Analysing","type":"YA","timestamp":"2023-11-09 12:52:48"},{"nodeID":"1298132","text":"Steffi: Penny Mordaunt: Penny says the nuclear deterrent works","type":"L","timestamp":"2023-11-09 12:52:48"},{"nodeID":"1298133","text":"Asserting","type":"YA","timestamp":"2023-11-09 12:52:48"},{"nodeID":"1298134","text":"Asserting","type":"YA","timestamp":"2023-11-09 12:52:48"},{"nodeID":"1298135","text":"people down the road from Faslane are listening to that","type":"I","timestamp":"2023-11-09 12:52:48"},{"nodeID":"1298136","text":"Kirsten Oswald: People down the road from Faslane are listening to that","type":"L","timestamp":"2023-11-09 12:52:48"},{"nodeID":"1298137","text":"Analysing","type":"YA","timestamp":"2023-11-09 12:52:48"},{"nodeID":"1298138","text":"Steffi: Kirsten Oswald: People down the road from Faslane are listening to that","type":"L","timestamp":"2023-11-09 12:52:48"},{"nodeID":"1298139","text":"Asserting","type":"YA","timestamp":"2023-11-09 12:52:48"},{"nodeID":"1298140","text":"Default Transition","type":"TA","timestamp":"2023-11-09 12:52:48"},{"nodeID":"1298141","text":"Putin is sabre-rattling","type":"I","timestamp":"2023-11-09 12:52:49"},{"nodeID":"1298142","text":"Kirsten Oswald: Putin is sabre-rattling","type":"L","timestamp":"2023-11-09 12:52:49"},{"nodeID":"1298143","text":"Analysing","type":"YA","timestamp":"2023-11-09 12:52:49"},{"nodeID":"1298144","text":"Steffi: Kirsten Oswald: Putin is sabre-rattling","type":"L","timestamp":"2023-11-09 12:52:49"},{"nodeID":"1298145","text":"Asserting","type":"YA","timestamp":"2023-11-09 12:52:49"},{"nodeID":"1298146","text":"Default Transition","type":"TA","timestamp":"2023-11-09 12:52:49"},{"nodeID":"1298147","text":"it underlines why nuclear weapons have no place","type":"I","timestamp":"2023-11-09 12:52:49"},{"nodeID":"1298148","text":"Kirsten Oswald: it underlines why nuclear weapons have no place","type":"L","timestamp":"2023-11-09 12:52:49"},{"nodeID":"1298149","text":"Analysing","type":"YA","timestamp":"2023-11-09 12:52:49"},{"nodeID":"1298150","text":"Steffi: Kirsten Oswald: it underlines why nuclear weapons have no place","type":"L","timestamp":"2023-11-09 12:52:49"},{"nodeID":"1298151","text":"Asserting","type":"YA","timestamp":"2023-11-09 12:52:49"},{"nodeID":"1298152","text":"Default Transition","type":"TA","timestamp":"2023-11-09 12:52:49"},{"nodeID":"1298153","text":"nuclear weapons have certainly no place down Kirsten Oswald's road","type":"I","timestamp":"2023-11-09 12:52:50"},{"nodeID":"1298154","text":"Kirsten Oswald: certainly down my road","type":"L","timestamp":"2023-11-09 12:52:50"},{"nodeID":"1298155","text":"Analysing","type":"YA","timestamp":"2023-11-09 12:52:50"},{"nodeID":"1298156","text":"Steffi: Kirsten Oswald: certainly down my road","type":"L","timestamp":"2023-11-09 12:52:50"},{"nodeID":"1298157","text":"Asserting","type":"YA","timestamp":"2023-11-09 12:52:50"},{"nodeID":"1298158","text":"Default Transition","type":"TA","timestamp":"2023-11-09 12:52:50"},{"nodeID":"1298159","text":"nuclear weapons have no place down your road either","type":"I","timestamp":"2023-11-09 12:52:51"},{"nodeID":"1298160","text":"Kirsten Oswald: not down your road either","type":"L","timestamp":"2023-11-09 12:52:51"},{"nodeID":"1298161","text":"Analysing","type":"YA","timestamp":"2023-11-09 12:52:51"},{"nodeID":"1298162","text":"Steffi: Kirsten Oswald: not down your road either","type":"L","timestamp":"2023-11-09 12:52:51"},{"nodeID":"1298163","text":"Asserting","type":"YA","timestamp":"2023-11-09 12:52:51"},{"nodeID":"1298164","text":"Default Transition","type":"TA","timestamp":"2023-11-09 12:52:51"},{"nodeID":"1298165","text":"Default Rephrase","type":"MA","timestamp":"2023-11-09 12:52:51"},{"nodeID":"1298166","text":"Default Rephrase","type":"MA","timestamp":"2023-11-09 12:52:51"},{"nodeID":"1298167","text":"Restating","type":"YA","timestamp":"2023-11-09 12:52:51"},{"nodeID":"1298168","text":"Restating","type":"YA","timestamp":"2023-11-09 12:52:51"},{"nodeID":"1298169","text":"there is no place for nuclear weapons in the world","type":"I","timestamp":"2023-11-09 12:52:51"},{"nodeID":"1298170","text":"Kirsten Oswald: There is no place for nuclear weapons in the world","type":"L","timestamp":"2023-11-09 12:52:51"},{"nodeID":"1298171","text":"Analysing","type":"YA","timestamp":"2023-11-09 12:52:51"},{"nodeID":"1298172","text":"Steffi: Kirsten Oswald: There is no place for nuclear weapons in the world","type":"L","timestamp":"2023-11-09 12:52:51"},{"nodeID":"1298173","text":"Asserting","type":"YA","timestamp":"2023-11-09 12:52:51"},{"nodeID":"1298174","text":"Default Rephrase","type":"MA","timestamp":"2023-11-09 12:52:51"},{"nodeID":"1298175","text":"Default Transition","type":"TA","timestamp":"2023-11-09 12:52:51"},{"nodeID":"1298176","text":"Restating","type":"YA","timestamp":"2023-11-09 12:52:51"},{"nodeID":"1298177","text":"Default Rephrase","type":"MA","timestamp":"2023-11-09 12:52:51"},{"nodeID":"1298178","text":"Restating","type":"YA","timestamp":"2023-11-09 12:52:51"},{"nodeID":"1298179","text":"Default Transition","type":"TA","timestamp":"2023-11-09 12:52:51"},{"nodeID":"1298180","text":"Default Inference","type":"RA","timestamp":"2023-11-09 12:52:51"},{"nodeID":"1298181","text":"Arguing","type":"YA","timestamp":"2023-11-09 12:52:51"},{"nodeID":"1298182","text":"Default Rephrase","type":"MA","timestamp":"2023-11-09 12:52:51"},{"nodeID":"1298183","text":"Restating","type":"YA","timestamp":"2023-11-09 12:52:51"},{"nodeID":"1298184","text":"Default Rephrase","type":"MA","timestamp":"2023-11-09 12:52:51"},{"nodeID":"1298185","text":"Restating","type":"YA","timestamp":"2023-11-09 12:52:51"},{"nodeID":"1298186","text":"Default Inference","type":"RA","timestamp":"2023-11-09 12:52:51"},{"nodeID":"1298187","text":"Arguing","type":"YA","timestamp":"2023-11-09 12:52:51"},{"nodeID":"1298188","text":"Default Inference","type":"RA","timestamp":"2023-11-09 12:52:51"},{"nodeID":"1298189","text":"Default Transition","type":"TA","timestamp":"2023-11-09 12:52:51"},{"nodeID":"1298190","text":"Arguing","type":"YA","timestamp":"2023-11-09 12:52:51"},{"nodeID":"1298191","text":"Default Rephrase","type":"MA","timestamp":"2023-11-09 12:52:51"},{"nodeID":"1298192","text":"Default Transition","type":"TA","timestamp":"2023-11-09 12:52:51"},{"nodeID":"1298193","text":"Restating","type":"YA","timestamp":"2023-11-09 12:52:51"},{"nodeID":"1298194","text":"Default Rephrase","type":"MA","timestamp":"2023-11-09 12:52:51"},{"nodeID":"1298195","text":"Default Transition","type":"TA","timestamp":"2023-11-09 12:52:51"},{"nodeID":"1298196","text":"Restating","type":"YA","timestamp":"2023-11-09 12:52:51"}],"edges":[{"edgeID":"1706061","fromID":"1298041","toID":"1298040","formEdgeID":null},{"edgeID":"1706062","fromID":"1298042","toID":"1298041","formEdgeID":null},{"edgeID":"1706063","fromID":"1298040","toID":"1298043","formEdgeID":null},{"edgeID":"1706064","fromID":"1298043","toID":"1298039","formEdgeID":null},{"edgeID":"1706065","fromID":"1298046","toID":"1298045","formEdgeID":null},{"edgeID":"1706066","fromID":"1298047","toID":"1298046","formEdgeID":null},{"edgeID":"1706067","fromID":"1298045","toID":"1298048","formEdgeID":null},{"edgeID":"1706068","fromID":"1298048","toID":"1298044","formEdgeID":null},{"edgeID":"1706069","fromID":"1298040","toID":"1298049","formEdgeID":null},{"edgeID":"1706070","fromID":"1298049","toID":"1298045","formEdgeID":null},{"edgeID":"1706071","fromID":"1298052","toID":"1298051","formEdgeID":null},{"edgeID":"1706072","fromID":"1298053","toID":"1298052","formEdgeID":null},{"edgeID":"1706073","fromID":"1298051","toID":"1298054","formEdgeID":null},{"edgeID":"1706074","fromID":"1298054","toID":"1298050","formEdgeID":null},{"edgeID":"1706075","fromID":"1298057","toID":"1298056","formEdgeID":null},{"edgeID":"1706076","fromID":"1298058","toID":"1298057","formEdgeID":null},{"edgeID":"1706077","fromID":"1298056","toID":"1298059","formEdgeID":null},{"edgeID":"1706078","fromID":"1298059","toID":"1298055","formEdgeID":null},{"edgeID":"1706079","fromID":"1298051","toID":"1298060","formEdgeID":null},{"edgeID":"1706080","fromID":"1298060","toID":"1298056","formEdgeID":null},{"edgeID":"1706081","fromID":"1298063","toID":"1298062","formEdgeID":null},{"edgeID":"1706082","fromID":"1298064","toID":"1298063","formEdgeID":null},{"edgeID":"1706083","fromID":"1298062","toID":"1298065","formEdgeID":null},{"edgeID":"1706084","fromID":"1298065","toID":"1298061","formEdgeID":null},{"edgeID":"1706085","fromID":"1298056","toID":"1298066","formEdgeID":null},{"edgeID":"1706086","fromID":"1298066","toID":"1298062","formEdgeID":null},{"edgeID":"1706087","fromID":"1298069","toID":"1298068","formEdgeID":null},{"edgeID":"1706088","fromID":"1298070","toID":"1298069","formEdgeID":null},{"edgeID":"1706089","fromID":"1298068","toID":"1298071","formEdgeID":null},{"edgeID":"1706090","fromID":"1298071","toID":"1298067","formEdgeID":null},{"edgeID":"1706091","fromID":"1298062","toID":"1298072","formEdgeID":null},{"edgeID":"1706092","fromID":"1298072","toID":"1298068","formEdgeID":null},{"edgeID":"1706093","fromID":"1298075","toID":"1298074","formEdgeID":null},{"edgeID":"1706094","fromID":"1298076","toID":"1298075","formEdgeID":null},{"edgeID":"1706095","fromID":"1298074","toID":"1298077","formEdgeID":null},{"edgeID":"1706096","fromID":"1298077","toID":"1298073","formEdgeID":null},{"edgeID":"1706097","fromID":"1298068","toID":"1298078","formEdgeID":null},{"edgeID":"1706098","fromID":"1298078","toID":"1298074","formEdgeID":null},{"edgeID":"1706099","fromID":"1298073","toID":"1298079","formEdgeID":null},{"edgeID":"1706100","fromID":"1298079","toID":"1298067","formEdgeID":null},{"edgeID":"1706101","fromID":"1298078","toID":"1298080","formEdgeID":null},{"edgeID":"1706102","fromID":"1298080","toID":"1298079","formEdgeID":null},{"edgeID":"1706103","fromID":"1298083","toID":"1298082","formEdgeID":null},{"edgeID":"1706104","fromID":"1298084","toID":"1298083","formEdgeID":null},{"edgeID":"1706105","fromID":"1298082","toID":"1298085","formEdgeID":null},{"edgeID":"1706106","fromID":"1298085","toID":"1298081","formEdgeID":null},{"edgeID":"1706107","fromID":"1298074","toID":"1298086","formEdgeID":null},{"edgeID":"1706108","fromID":"1298086","toID":"1298082","formEdgeID":null},{"edgeID":"1706109","fromID":"1298089","toID":"1298088","formEdgeID":null},{"edgeID":"1706110","fromID":"1298090","toID":"1298089","formEdgeID":null},{"edgeID":"1706111","fromID":"1298088","toID":"1298091","formEdgeID":null},{"edgeID":"1706112","fromID":"1298091","toID":"1298087","formEdgeID":null},{"edgeID":"1706113","fromID":"1298082","toID":"1298092","formEdgeID":null},{"edgeID":"1706114","fromID":"1298092","toID":"1298088","formEdgeID":null},{"edgeID":"1706115","fromID":"1298081","toID":"1298093","formEdgeID":null},{"edgeID":"1706116","fromID":"1298093","toID":"1298087","formEdgeID":null},{"edgeID":"1706117","fromID":"1298092","toID":"1298094","formEdgeID":null},{"edgeID":"1706118","fromID":"1298094","toID":"1298093","formEdgeID":null},{"edgeID":"1706119","fromID":"1298097","toID":"1298096","formEdgeID":null},{"edgeID":"1706120","fromID":"1298098","toID":"1298097","formEdgeID":null},{"edgeID":"1706121","fromID":"1298096","toID":"1298099","formEdgeID":null},{"edgeID":"1706122","fromID":"1298099","toID":"1298095","formEdgeID":null},{"edgeID":"1706123","fromID":"1298088","toID":"1298100","formEdgeID":null},{"edgeID":"1706124","fromID":"1298100","toID":"1298096","formEdgeID":null},{"edgeID":"1706125","fromID":"1298103","toID":"1298102","formEdgeID":null},{"edgeID":"1706126","fromID":"1298104","toID":"1298103","formEdgeID":null},{"edgeID":"1706127","fromID":"1298102","toID":"1298105","formEdgeID":null},{"edgeID":"1706128","fromID":"1298105","toID":"1298101","formEdgeID":null},{"edgeID":"1706129","fromID":"1298096","toID":"1298106","formEdgeID":null},{"edgeID":"1706130","fromID":"1298106","toID":"1298102","formEdgeID":null},{"edgeID":"1706131","fromID":"1298109","toID":"1298108","formEdgeID":null},{"edgeID":"1706132","fromID":"1298110","toID":"1298109","formEdgeID":null},{"edgeID":"1706133","fromID":"1298108","toID":"1298111","formEdgeID":null},{"edgeID":"1706134","fromID":"1298111","toID":"1298107","formEdgeID":null},{"edgeID":"1706135","fromID":"1298102","toID":"1298112","formEdgeID":null},{"edgeID":"1706136","fromID":"1298112","toID":"1298108","formEdgeID":null},{"edgeID":"1706137","fromID":"1298115","toID":"1298114","formEdgeID":null},{"edgeID":"1706138","fromID":"1298116","toID":"1298115","formEdgeID":null},{"edgeID":"1706139","fromID":"1298114","toID":"1298117","formEdgeID":null},{"edgeID":"1706140","fromID":"1298117","toID":"1298113","formEdgeID":null},{"edgeID":"1706141","fromID":"1298120","toID":"1298119","formEdgeID":null},{"edgeID":"1706142","fromID":"1298121","toID":"1298120","formEdgeID":null},{"edgeID":"1706143","fromID":"1298119","toID":"1298122","formEdgeID":null},{"edgeID":"1706144","fromID":"1298122","toID":"1298118","formEdgeID":null},{"edgeID":"1706145","fromID":"1298114","toID":"1298123","formEdgeID":null},{"edgeID":"1706146","fromID":"1298123","toID":"1298119","formEdgeID":null},{"edgeID":"1706147","fromID":"1298113","toID":"1298124","formEdgeID":null},{"edgeID":"1706148","fromID":"1298124","toID":"1298118","formEdgeID":null},{"edgeID":"1706149","fromID":"1298123","toID":"1298125","formEdgeID":null},{"edgeID":"1706150","fromID":"1298125","toID":"1298124","formEdgeID":null},{"edgeID":"1706151","fromID":"1298128","toID":"1298127","formEdgeID":null},{"edgeID":"1706152","fromID":"1298129","toID":"1298128","formEdgeID":null},{"edgeID":"1706153","fromID":"1298131","toID":"1298130","formEdgeID":null},{"edgeID":"1706154","fromID":"1298132","toID":"1298131","formEdgeID":null},{"edgeID":"1706155","fromID":"1298130","toID":"1298133","formEdgeID":null},{"edgeID":"1706156","fromID":"1298133","toID":"1298126","formEdgeID":null},{"edgeID":"1706157","fromID":"1298127","toID":"1298134","formEdgeID":null},{"edgeID":"1706158","fromID":"1298134","toID":"1298130","formEdgeID":null},{"edgeID":"1706159","fromID":"1298137","toID":"1298136","formEdgeID":null},{"edgeID":"1706160","fromID":"1298138","toID":"1298137","formEdgeID":null},{"edgeID":"1706161","fromID":"1298136","toID":"1298139","formEdgeID":null},{"edgeID":"1706162","fromID":"1298139","toID":"1298135","formEdgeID":null},{"edgeID":"1706163","fromID":"1298127","toID":"1298140","formEdgeID":null},{"edgeID":"1706164","fromID":"1298140","toID":"1298136","formEdgeID":null},{"edgeID":"1706165","fromID":"1298143","toID":"1298142","formEdgeID":null},{"edgeID":"1706166","fromID":"1298144","toID":"1298143","formEdgeID":null},{"edgeID":"1706167","fromID":"1298142","toID":"1298145","formEdgeID":null},{"edgeID":"1706168","fromID":"1298145","toID":"1298141","formEdgeID":null},{"edgeID":"1706169","fromID":"1298136","toID":"1298146","formEdgeID":null},{"edgeID":"1706170","fromID":"1298146","toID":"1298142","formEdgeID":null},{"edgeID":"1706171","fromID":"1298149","toID":"1298148","formEdgeID":null},{"edgeID":"1706172","fromID":"1298150","toID":"1298149","formEdgeID":null},{"edgeID":"1706173","fromID":"1298148","toID":"1298151","formEdgeID":null},{"edgeID":"1706174","fromID":"1298151","toID":"1298147","formEdgeID":null},{"edgeID":"1706175","fromID":"1298142","toID":"1298152","formEdgeID":null},{"edgeID":"1706176","fromID":"1298152","toID":"1298148","formEdgeID":null},{"edgeID":"1706177","fromID":"1298155","toID":"1298154","formEdgeID":null},{"edgeID":"1706178","fromID":"1298156","toID":"1298155","formEdgeID":null},{"edgeID":"1706179","fromID":"1298154","toID":"1298157","formEdgeID":null},{"edgeID":"1706180","fromID":"1298157","toID":"1298153","formEdgeID":null},{"edgeID":"1706181","fromID":"1298148","toID":"1298158","formEdgeID":null},{"edgeID":"1706182","fromID":"1298158","toID":"1298154","formEdgeID":null},{"edgeID":"1706183","fromID":"1298161","toID":"1298160","formEdgeID":null},{"edgeID":"1706184","fromID":"1298162","toID":"1298161","formEdgeID":null},{"edgeID":"1706185","fromID":"1298160","toID":"1298163","formEdgeID":null},{"edgeID":"1706186","fromID":"1298163","toID":"1298159","formEdgeID":null},{"edgeID":"1706187","fromID":"1298154","toID":"1298164","formEdgeID":null},{"edgeID":"1706188","fromID":"1298164","toID":"1298160","formEdgeID":null},{"edgeID":"1706189","fromID":"1298153","toID":"1298165","formEdgeID":null},{"edgeID":"1706190","fromID":"1298165","toID":"1298147","formEdgeID":null},{"edgeID":"1706191","fromID":"1298159","toID":"1298166","formEdgeID":null},{"edgeID":"1706192","fromID":"1298166","toID":"1298153","formEdgeID":null},{"edgeID":"1706193","fromID":"1298158","toID":"1298167","formEdgeID":null},{"edgeID":"1706194","fromID":"1298167","toID":"1298165","formEdgeID":null},{"edgeID":"1706195","fromID":"1298164","toID":"1298168","formEdgeID":null},{"edgeID":"1706196","fromID":"1298168","toID":"1298166","formEdgeID":null},{"edgeID":"1706197","fromID":"1298171","toID":"1298170","formEdgeID":null},{"edgeID":"1706198","fromID":"1298172","toID":"1298171","formEdgeID":null},{"edgeID":"1706199","fromID":"1298170","toID":"1298173","formEdgeID":null},{"edgeID":"1706200","fromID":"1298173","toID":"1298169","formEdgeID":null},{"edgeID":"1706201","fromID":"1298169","toID":"1298174","formEdgeID":null},{"edgeID":"1706202","fromID":"1298174","toID":"1298147","formEdgeID":null},{"edgeID":"1706203","fromID":"1298148","toID":"1298175","formEdgeID":null},{"edgeID":"1706204","fromID":"1298175","toID":"1298170","formEdgeID":null},{"edgeID":"1706205","fromID":"1298175","toID":"1298176","formEdgeID":null},{"edgeID":"1706206","fromID":"1298176","toID":"1298174","formEdgeID":null},{"edgeID":"1706207","fromID":"1298055","toID":"1298177","formEdgeID":null},{"edgeID":"1706208","fromID":"1298177","toID":"1298050","formEdgeID":null},{"edgeID":"1706209","fromID":"1298060","toID":"1298178","formEdgeID":null},{"edgeID":"1706210","fromID":"1298178","toID":"1298177","formEdgeID":null},{"edgeID":"1706211","fromID":"1298045","toID":"1298179","formEdgeID":null},{"edgeID":"1706212","fromID":"1298179","toID":"1298056","formEdgeID":null},{"edgeID":"1706213","fromID":"1298055","toID":"1298180","formEdgeID":null},{"edgeID":"1706214","fromID":"1298180","toID":"1298044","formEdgeID":null},{"edgeID":"1706215","fromID":"1298179","toID":"1298181","formEdgeID":null},{"edgeID":"1706216","fromID":"1298181","toID":"1298180","formEdgeID":null},{"edgeID":"1706217","fromID":"1298067","toID":"1298182","formEdgeID":null},{"edgeID":"1706218","fromID":"1298182","toID":"1298061","formEdgeID":null},{"edgeID":"1706219","fromID":"1298072","toID":"1298183","formEdgeID":null},{"edgeID":"1706220","fromID":"1298183","toID":"1298182","formEdgeID":null},{"edgeID":"1706221","fromID":"1298061","toID":"1298184","formEdgeID":null},{"edgeID":"1706222","fromID":"1298184","toID":"1298055","formEdgeID":null},{"edgeID":"1706223","fromID":"1298066","toID":"1298185","formEdgeID":null},{"edgeID":"1706224","fromID":"1298185","toID":"1298184","formEdgeID":null},{"edgeID":"1706225","fromID":"1298101","toID":"1298186","formEdgeID":null},{"edgeID":"1706226","fromID":"1298186","toID":"1298107","formEdgeID":null},{"edgeID":"1706227","fromID":"1298112","toID":"1298187","formEdgeID":null},{"edgeID":"1706228","fromID":"1298187","toID":"1298186","formEdgeID":null},{"edgeID":"1706229","fromID":"1298107","toID":"1298188","formEdgeID":null},{"edgeID":"1706230","fromID":"1298188","toID":"1298113","formEdgeID":null},{"edgeID":"1706231","fromID":"1298108","toID":"1298189","formEdgeID":null},{"edgeID":"1706232","fromID":"1298189","toID":"1298114","formEdgeID":null},{"edgeID":"1706233","fromID":"1298189","toID":"1298190","formEdgeID":null},{"edgeID":"1706234","fromID":"1298190","toID":"1298188","formEdgeID":null},{"edgeID":"1706235","fromID":"1298118","toID":"1298191","formEdgeID":null},{"edgeID":"1706236","fromID":"1298191","toID":"1298044","formEdgeID":null},{"edgeID":"1706237","fromID":"1298045","toID":"1298192","formEdgeID":null},{"edgeID":"1706238","fromID":"1298192","toID":"1298119","formEdgeID":null},{"edgeID":"1706239","fromID":"1298192","toID":"1298193","formEdgeID":null},{"edgeID":"1706240","fromID":"1298193","toID":"1298191","formEdgeID":null},{"edgeID":"1706241","fromID":"1298126","toID":"1298194","formEdgeID":null},{"edgeID":"1706242","fromID":"1298194","toID":"1298055","formEdgeID":null},{"edgeID":"1706243","fromID":"1298056","toID":"1298195","formEdgeID":null},{"edgeID":"1706244","fromID":"1298195","toID":"1298127","formEdgeID":null},{"edgeID":"1706245","fromID":"1298195","toID":"1298196","formEdgeID":null},{"edgeID":"1706246","fromID":"1298196","toID":"1298194","formEdgeID":null}],"locutions":[]}