{"nodes":[{"nodeID":"1296811","text":"those refugees who are going to be unsafe in neighbouring countries should be allowed to come to the UK","type":"I","timestamp":"2023-11-09 12:50:59"},{"nodeID":"1296812","text":"Konstantin Kisin: Those who are going to be unsafe in neighbouring countries","type":"L","timestamp":"2023-11-09 12:50:59"},{"nodeID":"1296813","text":"Analysing","type":"YA","timestamp":"2023-11-09 12:50:59"},{"nodeID":"1296814","text":"Pawe\u0142: Konstantin Kisin: Those who are going to be unsafe in neighbouring countries","type":"L","timestamp":"2023-11-09 12:50:59"},{"nodeID":"1296815","text":"Asserting","type":"YA","timestamp":"2023-11-09 12:50:59"},{"nodeID":"1296816","text":"those refugees who have family links perhaps within the UK should be allowed to come to the UK","type":"I","timestamp":"2023-11-09 12:50:59"},{"nodeID":"1296817","text":"Konstantin Kisin: those who have family links perhaps with the UK I think should be allowed to come","type":"L","timestamp":"2023-11-09 12:50:59"},{"nodeID":"1296818","text":"Analysing","type":"YA","timestamp":"2023-11-09 12:50:59"},{"nodeID":"1296819","text":"Pawe\u0142: Konstantin Kisin: those who have family links perhaps with the UK I think should be allowed to come","type":"L","timestamp":"2023-11-09 12:50:59"},{"nodeID":"1296820","text":"Asserting","type":"YA","timestamp":"2023-11-09 12:50:59"},{"nodeID":"1296821","text":"in terms of the number of people who are going to be fleeing war, the best place to provide support for them is near the border of Ukraine in Poland","type":"I","timestamp":"2023-11-09 12:51:00"},{"nodeID":"1296822","text":"Konstantin Kisin: in terms of the number of people who are going to be fleeing war, the best place to provide support for them is near the border of Ukraine in Poland","type":"L","timestamp":"2023-11-09 12:51:00"},{"nodeID":"1296823","text":"Analysing","type":"YA","timestamp":"2023-11-09 12:51:00"},{"nodeID":"1296824","text":"Pawe\u0142: Konstantin Kisin: in terms of the number of people who are going to be fleeing war, the best place to provide support for them is near the border of Ukraine in Poland","type":"L","timestamp":"2023-11-09 12:51:00"},{"nodeID":"1296825","text":"Asserting","type":"YA","timestamp":"2023-11-09 12:51:00"},{"nodeID":"1296826","text":"the Polish people have been incredibly generous","type":"I","timestamp":"2023-11-09 12:51:01"},{"nodeID":"1296827","text":"Konstantin Kisin: the Polish people have been incredibly generous","type":"L","timestamp":"2023-11-09 12:51:01"},{"nodeID":"1296828","text":"Analysing","type":"YA","timestamp":"2023-11-09 12:51:01"},{"nodeID":"1296829","text":"Pawe\u0142: Konstantin Kisin: the Polish people have been incredibly generous","type":"L","timestamp":"2023-11-09 12:51:01"},{"nodeID":"1296830","text":"Asserting","type":"YA","timestamp":"2023-11-09 12:51:01"},{"nodeID":"1296831","text":"we can be generous and provide finance and other things in place to support people locally","type":"I","timestamp":"2023-11-09 12:51:01"},{"nodeID":"1296832","text":"Konstantin Kisin: we can be generous and provide finance and other things in place to support people locally","type":"L","timestamp":"2023-11-09 12:51:01"},{"nodeID":"1296833","text":"Analysing","type":"YA","timestamp":"2023-11-09 12:51:01"},{"nodeID":"1296834","text":"Pawe\u0142: Konstantin Kisin: we can be generous and provide finance and other things in place to support people locally","type":"L","timestamp":"2023-11-09 12:51:01"},{"nodeID":"1296835","text":"Asserting","type":"YA","timestamp":"2023-11-09 12:51:01"},{"nodeID":"1296836","text":"not every Ukrainian wants to come to the UK","type":"I","timestamp":"2023-11-09 12:51:02"},{"nodeID":"1296837","text":"Konstantin Kisin: not every Ukrainian wants to come to the UK","type":"L","timestamp":"2023-11-09 12:51:02"},{"nodeID":"1296838","text":"Analysing","type":"YA","timestamp":"2023-11-09 12:51:02"},{"nodeID":"1296839","text":"Pawe\u0142: Konstantin Kisin: not every Ukrainian wants to come to the UK","type":"L","timestamp":"2023-11-09 12:51:02"},{"nodeID":"1296840","text":"Asserting","type":"YA","timestamp":"2023-11-09 12:51:02"},{"nodeID":"1296841","text":"a lot of Ukrainians would love to come back to Ukraine","type":"I","timestamp":"2023-11-09 12:51:02"},{"nodeID":"1296842","text":"Konstantin Kisin: A lot of them would love to come back to Ukraine","type":"L","timestamp":"2023-11-09 12:51:02"},{"nodeID":"1296843","text":"Analysing","type":"YA","timestamp":"2023-11-09 12:51:02"},{"nodeID":"1296844","text":"Pawe\u0142: Konstantin Kisin: A lot of them would love to come back to Ukraine","type":"L","timestamp":"2023-11-09 12:51:02"},{"nodeID":"1296845","text":"Asserting","type":"YA","timestamp":"2023-11-09 12:51:02"},{"nodeID":"1296846","text":"the UK needs to have a calibrated response","type":"I","timestamp":"2023-11-09 12:51:03"},{"nodeID":"1296847","text":"Konstantin Kisin: We need to have a calibrated response","type":"L","timestamp":"2023-11-09 12:51:03"},{"nodeID":"1296848","text":"Analysing","type":"YA","timestamp":"2023-11-09 12:51:03"},{"nodeID":"1296849","text":"Pawe\u0142: Konstantin Kisin: We need to have a calibrated response","type":"L","timestamp":"2023-11-09 12:51:03"},{"nodeID":"1296850","text":"Asserting","type":"YA","timestamp":"2023-11-09 12:51:03"},{"nodeID":"1296851","text":"just saying that the UK must throw the borders open to anyone who wants to come isn't going to solve the problem","type":"I","timestamp":"2023-11-09 12:51:03"},{"nodeID":"1296852","text":"Konstantin Kisin: Just saying we must throw the borders open to anyone who wants to come isn't going to solve the problem","type":"L","timestamp":"2023-11-09 12:51:03"},{"nodeID":"1296853","text":"Analysing","type":"YA","timestamp":"2023-11-09 12:51:03"},{"nodeID":"1296854","text":"Pawe\u0142: Konstantin Kisin: Just saying we must throw the borders open to anyone who wants to come isn't going to solve the problem","type":"L","timestamp":"2023-11-09 12:51:03"},{"nodeID":"1296855","text":"Asserting","type":"YA","timestamp":"2023-11-09 12:51:03"},{"nodeID":"1296856","text":"we've had 20 years of large levels of immigration in this country","type":"I","timestamp":"2023-11-09 12:51:04"},{"nodeID":"1296857","text":"Konstantin Kisin:  we've had 20 years of large levels of immigration in this country","type":"L","timestamp":"2023-11-09 12:51:04"},{"nodeID":"1296858","text":"Analysing","type":"YA","timestamp":"2023-11-09 12:51:04"},{"nodeID":"1296859","text":"Pawe\u0142: Konstantin Kisin:  we've had 20 years of large levels of immigration in this country","type":"L","timestamp":"2023-11-09 12:51:04"},{"nodeID":"1296860","text":"Asserting","type":"YA","timestamp":"2023-11-09 12:51:04"},{"nodeID":"1296861","text":"you will create problems by opening the borders","type":"I","timestamp":"2023-11-09 12:51:05"},{"nodeID":"1296862","text":"Konstantin Kisin: you will create problems","type":"L","timestamp":"2023-11-09 12:51:05"},{"nodeID":"1296863","text":"Analysing","type":"YA","timestamp":"2023-11-09 12:51:05"},{"nodeID":"1296864","text":"Pawe\u0142: Konstantin Kisin: you will create problems","type":"L","timestamp":"2023-11-09 12:51:05"},{"nodeID":"1296865","text":"Asserting","type":"YA","timestamp":"2023-11-09 12:51:05"},{"nodeID":"1296866","text":"you'll disrupt the fabric of this society by opening the borders","type":"I","timestamp":"2023-11-09 12:51:05"},{"nodeID":"1296867","text":"Konstantin Kisin: you'll disrupt the fabric of this society","type":"L","timestamp":"2023-11-09 12:51:05"},{"nodeID":"1296868","text":"Analysing","type":"YA","timestamp":"2023-11-09 12:51:05"},{"nodeID":"1296869","text":"Pawe\u0142: Konstantin Kisin: you'll disrupt the fabric of this society","type":"L","timestamp":"2023-11-09 12:51:05"},{"nodeID":"1296870","text":"Asserting","type":"YA","timestamp":"2023-11-09 12:51:05"},{"nodeID":"1296871","text":"people have made the point that opening the borders of the UK will create problems and disrupt the fabric of society","type":"I","timestamp":"2023-11-09 12:51:06"},{"nodeID":"1296872","text":"Konstantin Kisin:  people have made that point","type":"L","timestamp":"2023-11-09 12:51:06"},{"nodeID":"1296873","text":"Analysing","type":"YA","timestamp":"2023-11-09 12:51:06"},{"nodeID":"1296874","text":"Pawe\u0142: Konstantin Kisin:  people have made that point","type":"L","timestamp":"2023-11-09 12:51:06"},{"nodeID":"1296875","text":"Asserting","type":"YA","timestamp":"2023-11-09 12:51:06"},{"nodeID":"1296876","text":"we've got to make sure that we provide everything we possibly can to people who need it","type":"I","timestamp":"2023-11-09 12:51:06"},{"nodeID":"1296877","text":"Konstantin Kisin: We've got to make sure that we provide everything we possibly can to people who need it","type":"L","timestamp":"2023-11-09 12:51:06"},{"nodeID":"1296878","text":"Analysing","type":"YA","timestamp":"2023-11-09 12:51:06"},{"nodeID":"1296879","text":"Pawe\u0142: Konstantin Kisin: We've got to make sure that we provide everything we possibly can to people who need it","type":"L","timestamp":"2023-11-09 12:51:06"},{"nodeID":"1296880","text":"Asserting","type":"YA","timestamp":"2023-11-09 12:51:06"},{"nodeID":"1296881","text":"providing everything we possibly can to people who need it does not necessarily have to be done by bringing people to the UK in huge numbers","type":"I","timestamp":"2023-11-09 12:51:07"},{"nodeID":"1296882","text":"Konstantin Kisin: it does not necessarily have to be done by bringing people here in huge numbers","type":"L","timestamp":"2023-11-09 12:51:07"},{"nodeID":"1296883","text":"Analysing","type":"YA","timestamp":"2023-11-09 12:51:07"},{"nodeID":"1296884","text":"Pawe\u0142: Konstantin Kisin: it does not necessarily have to be done by bringing people here in huge numbers","type":"L","timestamp":"2023-11-09 12:51:07"},{"nodeID":"1296885","text":"Asserting","type":"YA","timestamp":"2023-11-09 12:51:07"},{"nodeID":"1296886","text":"there is a way to deal with this locally as that will be better for the people who we're talking about","type":"I","timestamp":"2023-11-09 12:51:08"},{"nodeID":"1296887","text":"Konstantin Kisin: There is a way to deal with this locally as that will be better for the people who we're talking about","type":"L","timestamp":"2023-11-09 12:51:08"},{"nodeID":"1296888","text":"Analysing","type":"YA","timestamp":"2023-11-09 12:51:08"},{"nodeID":"1296889","text":"Pawe\u0142: Konstantin Kisin: There is a way to deal with this locally as that will be better for the people who we're talking about","type":"L","timestamp":"2023-11-09 12:51:08"},{"nodeID":"1296890","text":"Asserting","type":"YA","timestamp":"2023-11-09 12:51:08"},{"nodeID":"1296891","text":"Default Transition","type":"TA","timestamp":"2023-11-09 12:51:08"},{"nodeID":"1296892","text":"Default Rephrase","type":"MA","timestamp":"2023-11-09 12:51:08"},{"nodeID":"1296893","text":"Restating","type":"YA","timestamp":"2023-11-09 12:51:08"},{"nodeID":"1296894","text":"Default Transition","type":"TA","timestamp":"2023-11-09 12:51:08"},{"nodeID":"1296895","text":"Default Inference","type":"RA","timestamp":"2023-11-09 12:51:08"},{"nodeID":"1296896","text":"Default Transition","type":"TA","timestamp":"2023-11-09 12:51:08"},{"nodeID":"1296897","text":"Arguing","type":"YA","timestamp":"2023-11-09 12:51:08"},{"nodeID":"1296898","text":"Default Transition","type":"TA","timestamp":"2023-11-09 12:51:08"},{"nodeID":"1296899","text":"Default Rephrase","type":"MA","timestamp":"2023-11-09 12:51:08"},{"nodeID":"1296900","text":"Default Transition","type":"TA","timestamp":"2023-11-09 12:51:08"},{"nodeID":"1296901","text":"Default Transition","type":"TA","timestamp":"2023-11-09 12:51:08"},{"nodeID":"1296902","text":"Restating","type":"YA","timestamp":"2023-11-09 12:51:08"},{"nodeID":"1296903","text":"Default Transition","type":"TA","timestamp":"2023-11-09 12:51:08"},{"nodeID":"1296904","text":"Default Transition","type":"TA","timestamp":"2023-11-09 12:51:08"},{"nodeID":"1296905","text":"Default Rephrase","type":"MA","timestamp":"2023-11-09 12:51:08"},{"nodeID":"1296906","text":"Restating","type":"YA","timestamp":"2023-11-09 12:51:08"},{"nodeID":"1296907","text":"Default Rephrase","type":"MA","timestamp":"2023-11-09 12:51:08"},{"nodeID":"1296908","text":"Default Transition","type":"TA","timestamp":"2023-11-09 12:51:08"},{"nodeID":"1296909","text":"Restating","type":"YA","timestamp":"2023-11-09 12:51:08"},{"nodeID":"1296910","text":"Default Inference","type":"RA","timestamp":"2023-11-09 12:51:08"},{"nodeID":"1296911","text":"Default Inference","type":"RA","timestamp":"2023-11-09 12:51:08"},{"nodeID":"1296912","text":"Default Transition","type":"TA","timestamp":"2023-11-09 12:51:08"},{"nodeID":"1296913","text":"Default Transition","type":"TA","timestamp":"2023-11-09 12:51:08"},{"nodeID":"1296914","text":"Arguing","type":"YA","timestamp":"2023-11-09 12:51:08"},{"nodeID":"1296915","text":"Arguing","type":"YA","timestamp":"2023-11-09 12:51:08"},{"nodeID":"1296916","text":"Default Transition","type":"TA","timestamp":"2023-11-09 12:51:08"},{"nodeID":"1296917","text":"Default Transition","type":"TA","timestamp":"2023-11-09 12:51:08"},{"nodeID":"1296918","text":"Default Rephrase","type":"MA","timestamp":"2023-11-09 12:51:08"},{"nodeID":"1296919","text":"Restating","type":"YA","timestamp":"2023-11-09 12:51:08"},{"nodeID":"1296920","text":"Default Transition","type":"TA","timestamp":"2023-11-09 12:51:08"},{"nodeID":"1296921","text":"Default Transition","type":"TA","timestamp":"2023-11-09 12:51:08"},{"nodeID":"1296922","text":"Default Inference","type":"RA","timestamp":"2023-11-09 12:51:08"},{"nodeID":"1296923","text":"Arguing","type":"YA","timestamp":"2023-11-09 12:51:08"},{"nodeID":"1296924","text":"Default Transition","type":"TA","timestamp":"2023-11-09 12:51:08"},{"nodeID":"1296925","text":"Default Rephrase","type":"MA","timestamp":"2023-11-09 12:51:08"},{"nodeID":"1296926","text":"Restating","type":"YA","timestamp":"2023-11-09 12:51:08"},{"nodeID":"1296927","text":"Default Rephrase","type":"MA","timestamp":"2023-11-09 12:51:08"},{"nodeID":"1296928","text":"Restating","type":"YA","timestamp":"2023-11-09 12:51:08"},{"nodeID":"1296929","text":"Default Inference","type":"RA","timestamp":"2023-11-09 12:51:08"},{"nodeID":"1296930","text":"Arguing","type":"YA","timestamp":"2023-11-09 12:51:08"}],"edges":[{"edgeID":"1704601","fromID":"1296813","toID":"1296812","formEdgeID":null},{"edgeID":"1704602","fromID":"1296814","toID":"1296813","formEdgeID":null},{"edgeID":"1704603","fromID":"1296812","toID":"1296815","formEdgeID":null},{"edgeID":"1704604","fromID":"1296815","toID":"1296811","formEdgeID":null},{"edgeID":"1704605","fromID":"1296818","toID":"1296817","formEdgeID":null},{"edgeID":"1704606","fromID":"1296819","toID":"1296818","formEdgeID":null},{"edgeID":"1704607","fromID":"1296817","toID":"1296820","formEdgeID":null},{"edgeID":"1704608","fromID":"1296820","toID":"1296816","formEdgeID":null},{"edgeID":"1704609","fromID":"1296823","toID":"1296822","formEdgeID":null},{"edgeID":"1704610","fromID":"1296824","toID":"1296823","formEdgeID":null},{"edgeID":"1704611","fromID":"1296822","toID":"1296825","formEdgeID":null},{"edgeID":"1704612","fromID":"1296825","toID":"1296821","formEdgeID":null},{"edgeID":"1704613","fromID":"1296828","toID":"1296827","formEdgeID":null},{"edgeID":"1704614","fromID":"1296829","toID":"1296828","formEdgeID":null},{"edgeID":"1704615","fromID":"1296827","toID":"1296830","formEdgeID":null},{"edgeID":"1704616","fromID":"1296830","toID":"1296826","formEdgeID":null},{"edgeID":"1704617","fromID":"1296833","toID":"1296832","formEdgeID":null},{"edgeID":"1704618","fromID":"1296834","toID":"1296833","formEdgeID":null},{"edgeID":"1704619","fromID":"1296832","toID":"1296835","formEdgeID":null},{"edgeID":"1704620","fromID":"1296835","toID":"1296831","formEdgeID":null},{"edgeID":"1704621","fromID":"1296838","toID":"1296837","formEdgeID":null},{"edgeID":"1704622","fromID":"1296839","toID":"1296838","formEdgeID":null},{"edgeID":"1704623","fromID":"1296837","toID":"1296840","formEdgeID":null},{"edgeID":"1704624","fromID":"1296840","toID":"1296836","formEdgeID":null},{"edgeID":"1704625","fromID":"1296843","toID":"1296842","formEdgeID":null},{"edgeID":"1704626","fromID":"1296844","toID":"1296843","formEdgeID":null},{"edgeID":"1704627","fromID":"1296842","toID":"1296845","formEdgeID":null},{"edgeID":"1704628","fromID":"1296845","toID":"1296841","formEdgeID":null},{"edgeID":"1704629","fromID":"1296848","toID":"1296847","formEdgeID":null},{"edgeID":"1704630","fromID":"1296849","toID":"1296848","formEdgeID":null},{"edgeID":"1704631","fromID":"1296847","toID":"1296850","formEdgeID":null},{"edgeID":"1704632","fromID":"1296850","toID":"1296846","formEdgeID":null},{"edgeID":"1704633","fromID":"1296853","toID":"1296852","formEdgeID":null},{"edgeID":"1704634","fromID":"1296854","toID":"1296853","formEdgeID":null},{"edgeID":"1704635","fromID":"1296852","toID":"1296855","formEdgeID":null},{"edgeID":"1704636","fromID":"1296855","toID":"1296851","formEdgeID":null},{"edgeID":"1704637","fromID":"1296858","toID":"1296857","formEdgeID":null},{"edgeID":"1704638","fromID":"1296859","toID":"1296858","formEdgeID":null},{"edgeID":"1704639","fromID":"1296857","toID":"1296860","formEdgeID":null},{"edgeID":"1704640","fromID":"1296860","toID":"1296856","formEdgeID":null},{"edgeID":"1704641","fromID":"1296863","toID":"1296862","formEdgeID":null},{"edgeID":"1704642","fromID":"1296864","toID":"1296863","formEdgeID":null},{"edgeID":"1704643","fromID":"1296862","toID":"1296865","formEdgeID":null},{"edgeID":"1704644","fromID":"1296865","toID":"1296861","formEdgeID":null},{"edgeID":"1704645","fromID":"1296868","toID":"1296867","formEdgeID":null},{"edgeID":"1704646","fromID":"1296869","toID":"1296868","formEdgeID":null},{"edgeID":"1704647","fromID":"1296867","toID":"1296870","formEdgeID":null},{"edgeID":"1704648","fromID":"1296870","toID":"1296866","formEdgeID":null},{"edgeID":"1704649","fromID":"1296873","toID":"1296872","formEdgeID":null},{"edgeID":"1704650","fromID":"1296874","toID":"1296873","formEdgeID":null},{"edgeID":"1704651","fromID":"1296872","toID":"1296875","formEdgeID":null},{"edgeID":"1704652","fromID":"1296875","toID":"1296871","formEdgeID":null},{"edgeID":"1704653","fromID":"1296878","toID":"1296877","formEdgeID":null},{"edgeID":"1704654","fromID":"1296879","toID":"1296878","formEdgeID":null},{"edgeID":"1704655","fromID":"1296877","toID":"1296880","formEdgeID":null},{"edgeID":"1704656","fromID":"1296880","toID":"1296876","formEdgeID":null},{"edgeID":"1704657","fromID":"1296883","toID":"1296882","formEdgeID":null},{"edgeID":"1704658","fromID":"1296884","toID":"1296883","formEdgeID":null},{"edgeID":"1704659","fromID":"1296882","toID":"1296885","formEdgeID":null},{"edgeID":"1704660","fromID":"1296885","toID":"1296881","formEdgeID":null},{"edgeID":"1704661","fromID":"1296888","toID":"1296887","formEdgeID":null},{"edgeID":"1704662","fromID":"1296889","toID":"1296888","formEdgeID":null},{"edgeID":"1704663","fromID":"1296887","toID":"1296890","formEdgeID":null},{"edgeID":"1704664","fromID":"1296890","toID":"1296886","formEdgeID":null},{"edgeID":"1704665","fromID":"1296812","toID":"1296891","formEdgeID":null},{"edgeID":"1704666","fromID":"1296891","toID":"1296817","formEdgeID":null},{"edgeID":"1704667","fromID":"1296816","toID":"1296892","formEdgeID":null},{"edgeID":"1704668","fromID":"1296892","toID":"1296811","formEdgeID":null},{"edgeID":"1704669","fromID":"1296891","toID":"1296893","formEdgeID":null},{"edgeID":"1704670","fromID":"1296893","toID":"1296892","formEdgeID":null},{"edgeID":"1704671","fromID":"1296817","toID":"1296894","formEdgeID":null},{"edgeID":"1704672","fromID":"1296894","toID":"1296822","formEdgeID":null},{"edgeID":"1704673","fromID":"1296826","toID":"1296895","formEdgeID":null},{"edgeID":"1704674","fromID":"1296895","toID":"1296821","formEdgeID":null},{"edgeID":"1704675","fromID":"1296822","toID":"1296896","formEdgeID":null},{"edgeID":"1704676","fromID":"1296896","toID":"1296827","formEdgeID":null},{"edgeID":"1704677","fromID":"1296896","toID":"1296897","formEdgeID":null},{"edgeID":"1704678","fromID":"1296897","toID":"1296895","formEdgeID":null},{"edgeID":"1704679","fromID":"1296827","toID":"1296898","formEdgeID":null},{"edgeID":"1704680","fromID":"1296898","toID":"1296832","formEdgeID":null},{"edgeID":"1704681","fromID":"1296841","toID":"1296899","formEdgeID":null},{"edgeID":"1704682","fromID":"1296899","toID":"1296836","formEdgeID":null},{"edgeID":"1704683","fromID":"1296832","toID":"1296900","formEdgeID":null},{"edgeID":"1704684","fromID":"1296900","toID":"1296837","formEdgeID":null},{"edgeID":"1704685","fromID":"1296837","toID":"1296901","formEdgeID":null},{"edgeID":"1704686","fromID":"1296901","toID":"1296842","formEdgeID":null},{"edgeID":"1704687","fromID":"1296901","toID":"1296902","formEdgeID":null},{"edgeID":"1704688","fromID":"1296902","toID":"1296899","formEdgeID":null},{"edgeID":"1704689","fromID":"1296842","toID":"1296903","formEdgeID":null},{"edgeID":"1704690","fromID":"1296903","toID":"1296847","formEdgeID":null},{"edgeID":"1704691","fromID":"1296847","toID":"1296904","formEdgeID":null},{"edgeID":"1704692","fromID":"1296904","toID":"1296852","formEdgeID":null},{"edgeID":"1704693","fromID":"1296851","toID":"1296905","formEdgeID":null},{"edgeID":"1704694","fromID":"1296905","toID":"1296846","formEdgeID":null},{"edgeID":"1704695","fromID":"1296904","toID":"1296906","formEdgeID":null},{"edgeID":"1704696","fromID":"1296906","toID":"1296905","formEdgeID":null},{"edgeID":"1704697","fromID":"1296866","toID":"1296907","formEdgeID":null},{"edgeID":"1704698","fromID":"1296907","toID":"1296861","formEdgeID":null},{"edgeID":"1704699","fromID":"1296862","toID":"1296908","formEdgeID":null},{"edgeID":"1704700","fromID":"1296908","toID":"1296867","formEdgeID":null},{"edgeID":"1704701","fromID":"1296908","toID":"1296909","formEdgeID":null},{"edgeID":"1704702","fromID":"1296909","toID":"1296907","formEdgeID":null},{"edgeID":"1704703","fromID":"1296861","toID":"1296910","formEdgeID":null},{"edgeID":"1704704","fromID":"1296910","toID":"1296851","formEdgeID":null},{"edgeID":"1704705","fromID":"1296856","toID":"1296911","formEdgeID":null},{"edgeID":"1704706","fromID":"1296911","toID":"1296861","formEdgeID":null},{"edgeID":"1704707","fromID":"1296852","toID":"1296912","formEdgeID":null},{"edgeID":"1704708","fromID":"1296912","toID":"1296862","formEdgeID":null},{"edgeID":"1704709","fromID":"1296857","toID":"1296913","formEdgeID":null},{"edgeID":"1704710","fromID":"1296913","toID":"1296862","formEdgeID":null},{"edgeID":"1704711","fromID":"1296913","toID":"1296914","formEdgeID":null},{"edgeID":"1704712","fromID":"1296914","toID":"1296911","formEdgeID":null},{"edgeID":"1704713","fromID":"1296912","toID":"1296915","formEdgeID":null},{"edgeID":"1704714","fromID":"1296915","toID":"1296910","formEdgeID":null},{"edgeID":"1704715","fromID":"1296867","toID":"1296916","formEdgeID":null},{"edgeID":"1704716","fromID":"1296916","toID":"1296872","formEdgeID":null},{"edgeID":"1704717","fromID":"1296872","toID":"1296917","formEdgeID":null},{"edgeID":"1704718","fromID":"1296917","toID":"1296877","formEdgeID":null},{"edgeID":"1704719","fromID":"1296871","toID":"1296918","formEdgeID":null},{"edgeID":"1704720","fromID":"1296918","toID":"1296866","formEdgeID":null},{"edgeID":"1704721","fromID":"1296916","toID":"1296919","formEdgeID":null},{"edgeID":"1704722","fromID":"1296919","toID":"1296918","formEdgeID":null},{"edgeID":"1704723","fromID":"1296877","toID":"1296920","formEdgeID":null},{"edgeID":"1704724","fromID":"1296920","toID":"1296882","formEdgeID":null},{"edgeID":"1704725","fromID":"1296882","toID":"1296921","formEdgeID":null},{"edgeID":"1704726","fromID":"1296921","toID":"1296887","formEdgeID":null},{"edgeID":"1704727","fromID":"1296886","toID":"1296922","formEdgeID":null},{"edgeID":"1704728","fromID":"1296922","toID":"1296881","formEdgeID":null},{"edgeID":"1704729","fromID":"1296921","toID":"1296923","formEdgeID":null},{"edgeID":"1704730","fromID":"1296923","toID":"1296922","formEdgeID":null},{"edgeID":"1704731","fromID":"1296832","toID":"1296924","formEdgeID":null},{"edgeID":"1704732","fromID":"1296924","toID":"1296887","formEdgeID":null},{"edgeID":"1704733","fromID":"1296886","toID":"1296925","formEdgeID":null},{"edgeID":"1704734","fromID":"1296925","toID":"1296831","formEdgeID":null},{"edgeID":"1704735","fromID":"1296924","toID":"1296926","formEdgeID":null},{"edgeID":"1704736","fromID":"1296926","toID":"1296925","formEdgeID":null},{"edgeID":"1704737","fromID":"1296881","toID":"1296927","formEdgeID":null},{"edgeID":"1704738","fromID":"1296927","toID":"1296876","formEdgeID":null},{"edgeID":"1704739","fromID":"1296920","toID":"1296928","formEdgeID":null},{"edgeID":"1704740","fromID":"1296928","toID":"1296927","formEdgeID":null},{"edgeID":"1704741","fromID":"1296836","toID":"1296929","formEdgeID":null},{"edgeID":"1704742","fromID":"1296929","toID":"1296831","formEdgeID":null},{"edgeID":"1704743","fromID":"1296900","toID":"1296930","formEdgeID":null},{"edgeID":"1704744","fromID":"1296930","toID":"1296929","formEdgeID":null}],"locutions":[]}