{"nodes":[{"nodeID":"1294689","text":"a humanitarian corridor may fall away because Ukraine maybe asked to do things it is not prepared to do","type":"I","timestamp":"2023-11-09 12:48:06"},{"nodeID":"1294690","text":"Bridget Kendall: It may fall away because Ukraine maybe asked to do things it is not prepared to do","type":"L","timestamp":"2023-11-09 12:48:06"},{"nodeID":"1294691","text":"Analysing","type":"YA","timestamp":"2023-11-09 12:48:06"},{"nodeID":"1294692","text":"Zofia: Bridget Kendall: It may fall away because Ukraine maybe asked to do things it is not prepared to do","type":"L","timestamp":"2023-11-09 12:48:06"},{"nodeID":"1294693","text":"Asserting","type":"YA","timestamp":"2023-11-09 12:48:06"},{"nodeID":"1294694","text":"the Russians may say this is too risky and they'll bring arms in and a humanitarian corridor may fall away","type":"I","timestamp":"2023-11-09 12:48:07"},{"nodeID":"1294695","text":"Bridget Kendall: the Russians may say this is too risky and they'll bring arms in and it may fall away","type":"L","timestamp":"2023-11-09 12:48:07"},{"nodeID":"1294696","text":"Analysing","type":"YA","timestamp":"2023-11-09 12:48:07"},{"nodeID":"1294697","text":"Zofia: Bridget Kendall: the Russians may say this is too risky and they'll bring arms in and it may fall away","type":"L","timestamp":"2023-11-09 12:48:07"},{"nodeID":"1294698","text":"Asserting","type":"YA","timestamp":"2023-11-09 12:48:07"},{"nodeID":"1294699","text":"Default Transition","type":"TA","timestamp":"2023-11-09 12:48:07"},{"nodeID":"1294700","text":"Mr Putin does not want to be seen bombarding Ukrainian cities by his people","type":"I","timestamp":"2023-11-09 12:48:07"},{"nodeID":"1294701","text":"Bridget Kendall: Mr Putin wants to be seen bombarding Ukrainian cities by his people","type":"L","timestamp":"2023-11-09 12:48:07"},{"nodeID":"1294702","text":"Analysing","type":"YA","timestamp":"2023-11-09 12:48:07"},{"nodeID":"1294703","text":"Zofia: Bridget Kendall: Mr Putin wants to be seen bombarding Ukrainian cities by his people","type":"L","timestamp":"2023-11-09 12:48:07"},{"nodeID":"1294704","text":"Asserting","type":"YA","timestamp":"2023-11-09 12:48:07"},{"nodeID":"1294705","text":"Default Transition","type":"TA","timestamp":"2023-11-09 12:48:07"},{"nodeID":"1294706","text":"Default Rephrase","type":"MA","timestamp":"2023-11-09 12:48:07"},{"nodeID":"1294707","text":"Restating","type":"YA","timestamp":"2023-11-09 12:48:07"},{"nodeID":"1294708","text":"Mr Putin is saying we're not bombarding Ukrainian cities","type":"I","timestamp":"2023-11-09 12:48:08"},{"nodeID":"1294709","text":"Bridget Kendall: what he's saying is we're not doing that","type":"L","timestamp":"2023-11-09 12:48:08"},{"nodeID":"1294710","text":"Analysing","type":"YA","timestamp":"2023-11-09 12:48:08"},{"nodeID":"1294711","text":"Zofia: Bridget Kendall: what he's saying is we're not doing that","type":"L","timestamp":"2023-11-09 12:48:08"},{"nodeID":"1294712","text":"Asserting","type":"YA","timestamp":"2023-11-09 12:48:08"},{"nodeID":"1294713","text":"Default Transition","type":"TA","timestamp":"2023-11-09 12:48:08"},{"nodeID":"1294714","text":"Default Inference","type":"RA","timestamp":"2023-11-09 12:48:08"},{"nodeID":"1294715","text":"Arguing","type":"YA","timestamp":"2023-11-09 12:48:08"},{"nodeID":"1294716","text":"a humanitarian corridor would be in Mr Putin's interests and clearly, it would be in the Ukrainian president's interest to try and get all those vulnerable people out who would like to leave, who are desperate to leave","type":"I","timestamp":"2023-11-09 12:48:09"},{"nodeID":"1294717","text":"Bridget Kendall: that would be, I think, in his interests and clearly, it would be in the Ukrainian president's interest to try and get all those vulnerable people out who would like to leave, who are desperate to leave","type":"L","timestamp":"2023-11-09 12:48:09"},{"nodeID":"1294718","text":"Analysing","type":"YA","timestamp":"2023-11-09 12:48:09"},{"nodeID":"1294719","text":"Zofia: Bridget Kendall: that would be, I think, in his interests and clearly, it would be in the Ukrainian president's interest to try and get all those vulnerable people out who would like to leave, who are desperate to leave","type":"L","timestamp":"2023-11-09 12:48:09"},{"nodeID":"1294720","text":"Asserting","type":"YA","timestamp":"2023-11-09 12:48:09"},{"nodeID":"1294721","text":"a humanitarian corridor being in interests of Russian and Ukrainian presidents is a tiny chink of light","type":"I","timestamp":"2023-11-09 12:48:09"},{"nodeID":"1294722","text":"Bridget Kendall: That's a tiny chink of light","type":"L","timestamp":"2023-11-09 12:48:09"},{"nodeID":"1294723","text":"Analysing","type":"YA","timestamp":"2023-11-09 12:48:09"},{"nodeID":"1294724","text":"Zofia: Bridget Kendall: That's a tiny chink of light","type":"L","timestamp":"2023-11-09 12:48:09"},{"nodeID":"1294725","text":"Asserting","type":"YA","timestamp":"2023-11-09 12:48:09"},{"nodeID":"1294726","text":"Default Transition","type":"TA","timestamp":"2023-11-09 12:48:09"},{"nodeID":"1294727","text":"Default Conflict","type":"CA","timestamp":"2023-11-09 12:48:09"},{"nodeID":"1294728","text":"a humanitarian corridor is a step that might be on the cards in a few days","type":"I","timestamp":"2023-11-09 12:48:10"},{"nodeID":"1294729","text":"Bridget Kendall: It is a step that might be on the cards in a few days","type":"L","timestamp":"2023-11-09 12:48:10"},{"nodeID":"1294730","text":"Analysing","type":"YA","timestamp":"2023-11-09 12:48:10"},{"nodeID":"1294731","text":"Zofia: Bridget Kendall: It is a step that might be on the cards in a few days","type":"L","timestamp":"2023-11-09 12:48:10"},{"nodeID":"1294732","text":"Asserting","type":"YA","timestamp":"2023-11-09 12:48:10"},{"nodeID":"1294733","text":"Default Transition","type":"TA","timestamp":"2023-11-09 12:48:10"},{"nodeID":"1294734","text":"there are a number of angles","type":"I","timestamp":"2023-11-09 12:48:10"},{"nodeID":"1294735","text":"Kirsten Oswald: There are a number of angles","type":"L","timestamp":"2023-11-09 12:48:10"},{"nodeID":"1294736","text":"Analysing","type":"YA","timestamp":"2023-11-09 12:48:10"},{"nodeID":"1294737","text":"Zofia: Kirsten Oswald: There are a number of angles","type":"L","timestamp":"2023-11-09 12:48:10"},{"nodeID":"1294738","text":"Asserting","type":"YA","timestamp":"2023-11-09 12:48:10"},{"nodeID":"1294739","text":"Default Transition","type":"TA","timestamp":"2023-11-09 12:48:10"},{"nodeID":"1294740","text":"there's that human angle that Bridget talked about","type":"I","timestamp":"2023-11-09 12:48:11"},{"nodeID":"1294741","text":"Kirsten Oswald: There's that human angle that Bridget talked about","type":"L","timestamp":"2023-11-09 12:48:11"},{"nodeID":"1294742","text":"Analysing","type":"YA","timestamp":"2023-11-09 12:48:11"},{"nodeID":"1294743","text":"Zofia: Kirsten Oswald: There's that human angle that Bridget talked about","type":"L","timestamp":"2023-11-09 12:48:11"},{"nodeID":"1294744","text":"Asserting","type":"YA","timestamp":"2023-11-09 12:48:11"},{"nodeID":"1294745","text":"Default Rephrase","type":"MA","timestamp":"2023-11-09 12:48:11"},{"nodeID":"1294746","text":"the human angle is something that people are very, very concerned with and understandably so","type":"I","timestamp":"2023-11-09 12:48:12"},{"nodeID":"1294747","text":"Kirsten Oswald: that's something that people are very, very concerned with and understandably so","type":"L","timestamp":"2023-11-09 12:48:12"},{"nodeID":"1294748","text":"Analysing","type":"YA","timestamp":"2023-11-09 12:48:12"},{"nodeID":"1294749","text":"Zofia: Kirsten Oswald: that's something that people are very, very concerned with and understandably so","type":"L","timestamp":"2023-11-09 12:48:12"},{"nodeID":"1294750","text":"Asserting","type":"YA","timestamp":"2023-11-09 12:48:12"},{"nodeID":"1294751","text":"Default Transition","type":"TA","timestamp":"2023-11-09 12:48:12"},{"nodeID":"1294752","text":"we certainly could do a great deal more there than we are doing at the moment regarding the human angle","type":"I","timestamp":"2023-11-09 12:48:12"},{"nodeID":"1294753","text":"Kirsten Oswald: we certainly could do a great deal more there than we are doing at the moment","type":"L","timestamp":"2023-11-09 12:48:12"},{"nodeID":"1294754","text":"Analysing","type":"YA","timestamp":"2023-11-09 12:48:12"},{"nodeID":"1294755","text":"Zofia: Kirsten Oswald: we certainly could do a great deal more there than we are doing at the moment","type":"L","timestamp":"2023-11-09 12:48:12"},{"nodeID":"1294756","text":"Asserting","type":"YA","timestamp":"2023-11-09 12:48:12"},{"nodeID":"1294757","text":"Default Transition","type":"TA","timestamp":"2023-11-09 12:48:12"},{"nodeID":"1294758","text":"Kristen Oswald hopes that the UK government will move its position in terms of refugees","type":"I","timestamp":"2023-11-09 12:48:13"},{"nodeID":"1294759","text":"Kirsten Oswald: I hope that the UK government will move its position in terms of refugees","type":"L","timestamp":"2023-11-09 12:48:13"},{"nodeID":"1294760","text":"Analysing","type":"YA","timestamp":"2023-11-09 12:48:13"},{"nodeID":"1294761","text":"Zofia: Kirsten Oswald: I hope that the UK government will move its position in terms of refugees","type":"L","timestamp":"2023-11-09 12:48:13"},{"nodeID":"1294762","text":"Asserting","type":"YA","timestamp":"2023-11-09 12:48:13"},{"nodeID":"1294763","text":"Default Transition","type":"TA","timestamp":"2023-11-09 12:48:13"},{"nodeID":"1294764","text":"Default Rephrase","type":"MA","timestamp":"2023-11-09 12:48:13"},{"nodeID":"1294765","text":"Restating","type":"YA","timestamp":"2023-11-09 12:48:13"},{"nodeID":"1294766","text":"we can do better","type":"I","timestamp":"2023-11-09 12:48:13"},{"nodeID":"1294767","text":"Kirsten Oswald: we can do better","type":"L","timestamp":"2023-11-09 12:48:13"},{"nodeID":"1294768","text":"Analysing","type":"YA","timestamp":"2023-11-09 12:48:13"},{"nodeID":"1294769","text":"Zofia: Kirsten Oswald: we can do better","type":"L","timestamp":"2023-11-09 12:48:13"},{"nodeID":"1294770","text":"Asserting","type":"YA","timestamp":"2023-11-09 12:48:13"},{"nodeID":"1294771","text":"we must do better","type":"I","timestamp":"2023-11-09 12:48:14"},{"nodeID":"1294772","text":"Kirsten Oswald: we must do better","type":"L","timestamp":"2023-11-09 12:48:14"},{"nodeID":"1294773","text":"Analysing","type":"YA","timestamp":"2023-11-09 12:48:14"},{"nodeID":"1294774","text":"Zofia: Kirsten Oswald: we must do better","type":"L","timestamp":"2023-11-09 12:48:14"},{"nodeID":"1294775","text":"Asserting","type":"YA","timestamp":"2023-11-09 12:48:14"},{"nodeID":"1294776","text":"Default Inference","type":"RA","timestamp":"2023-11-09 12:48:14"},{"nodeID":"1294777","text":"Default Transition","type":"TA","timestamp":"2023-11-09 12:48:14"},{"nodeID":"1294778","text":"Default Transition","type":"TA","timestamp":"2023-11-09 12:48:14"},{"nodeID":"1294779","text":"Arguing","type":"YA","timestamp":"2023-11-09 12:48:14"},{"nodeID":"1294780","text":"in terms of the here and now, with Putin, his behaviour is obviously reprehensible","type":"I","timestamp":"2023-11-09 12:48:14"},{"nodeID":"1294781","text":"Kirsten Oswald: in terms of the here and now, with Putin, his behaviour is obviously reprehensible","type":"L","timestamp":"2023-11-09 12:48:14"},{"nodeID":"1294782","text":"Analysing","type":"YA","timestamp":"2023-11-09 12:48:14"},{"nodeID":"1294783","text":"Zofia: Kirsten Oswald: in terms of the here and now, with Putin, his behaviour is obviously reprehensible","type":"L","timestamp":"2023-11-09 12:48:14"},{"nodeID":"1294784","text":"Asserting","type":"YA","timestamp":"2023-11-09 12:48:14"},{"nodeID":"1294785","text":"Default Transition","type":"TA","timestamp":"2023-11-09 12:48:14"},{"nodeID":"1294786","text":"Default Transition","type":"TA","timestamp":"2023-11-09 12:48:14"},{"nodeID":"1294787","text":"Restating","type":"YA","timestamp":"2023-11-09 12:48:14"},{"nodeID":"1294788","text":"Default Transition","type":"TA","timestamp":"2023-11-09 12:48:14"},{"nodeID":"1294789","text":"Disagreeing","type":"YA","timestamp":"2023-11-09 12:48:14"},{"nodeID":"1294790","text":"Default Rephrase","type":"MA","timestamp":"2023-11-09 12:48:14"},{"nodeID":"1294791","text":"Restating","type":"YA","timestamp":"2023-11-09 12:48:14"}],"edges":[{"edgeID":"1702081","fromID":"1294691","toID":"1294690","formEdgeID":null},{"edgeID":"1702082","fromID":"1294692","toID":"1294691","formEdgeID":null},{"edgeID":"1702083","fromID":"1294690","toID":"1294693","formEdgeID":null},{"edgeID":"1702084","fromID":"1294693","toID":"1294689","formEdgeID":null},{"edgeID":"1702085","fromID":"1294696","toID":"1294695","formEdgeID":null},{"edgeID":"1702086","fromID":"1294697","toID":"1294696","formEdgeID":null},{"edgeID":"1702087","fromID":"1294695","toID":"1294698","formEdgeID":null},{"edgeID":"1702088","fromID":"1294698","toID":"1294694","formEdgeID":null},{"edgeID":"1702089","fromID":"1294690","toID":"1294699","formEdgeID":null},{"edgeID":"1702090","fromID":"1294699","toID":"1294695","formEdgeID":null},{"edgeID":"1702091","fromID":"1294702","toID":"1294701","formEdgeID":null},{"edgeID":"1702092","fromID":"1294703","toID":"1294702","formEdgeID":null},{"edgeID":"1702093","fromID":"1294701","toID":"1294704","formEdgeID":null},{"edgeID":"1702094","fromID":"1294704","toID":"1294700","formEdgeID":null},{"edgeID":"1702095","fromID":"1294695","toID":"1294705","formEdgeID":null},{"edgeID":"1702096","fromID":"1294705","toID":"1294701","formEdgeID":null},{"edgeID":"1702097","fromID":"1294694","toID":"1294706","formEdgeID":null},{"edgeID":"1702098","fromID":"1294706","toID":"1294689","formEdgeID":null},{"edgeID":"1702099","fromID":"1294699","toID":"1294707","formEdgeID":null},{"edgeID":"1702100","fromID":"1294707","toID":"1294706","formEdgeID":null},{"edgeID":"1702101","fromID":"1294710","toID":"1294709","formEdgeID":null},{"edgeID":"1702102","fromID":"1294711","toID":"1294710","formEdgeID":null},{"edgeID":"1702103","fromID":"1294709","toID":"1294712","formEdgeID":null},{"edgeID":"1702104","fromID":"1294712","toID":"1294708","formEdgeID":null},{"edgeID":"1702105","fromID":"1294701","toID":"1294713","formEdgeID":null},{"edgeID":"1702106","fromID":"1294713","toID":"1294709","formEdgeID":null},{"edgeID":"1702107","fromID":"1294708","toID":"1294714","formEdgeID":null},{"edgeID":"1702108","fromID":"1294714","toID":"1294700","formEdgeID":null},{"edgeID":"1702109","fromID":"1294713","toID":"1294715","formEdgeID":null},{"edgeID":"1702110","fromID":"1294715","toID":"1294714","formEdgeID":null},{"edgeID":"1702111","fromID":"1294718","toID":"1294717","formEdgeID":null},{"edgeID":"1702112","fromID":"1294719","toID":"1294718","formEdgeID":null},{"edgeID":"1702113","fromID":"1294717","toID":"1294720","formEdgeID":null},{"edgeID":"1702114","fromID":"1294720","toID":"1294716","formEdgeID":null},{"edgeID":"1702115","fromID":"1294723","toID":"1294722","formEdgeID":null},{"edgeID":"1702116","fromID":"1294724","toID":"1294723","formEdgeID":null},{"edgeID":"1702117","fromID":"1294722","toID":"1294725","formEdgeID":null},{"edgeID":"1702118","fromID":"1294725","toID":"1294721","formEdgeID":null},{"edgeID":"1702119","fromID":"1294717","toID":"1294726","formEdgeID":null},{"edgeID":"1702120","fromID":"1294726","toID":"1294722","formEdgeID":null},{"edgeID":"1702121","fromID":"1294716","toID":"1294727","formEdgeID":null},{"edgeID":"1702122","fromID":"1294727","toID":"1294694","formEdgeID":null},{"edgeID":"1702123","fromID":"1294730","toID":"1294729","formEdgeID":null},{"edgeID":"1702124","fromID":"1294731","toID":"1294730","formEdgeID":null},{"edgeID":"1702125","fromID":"1294729","toID":"1294732","formEdgeID":null},{"edgeID":"1702126","fromID":"1294732","toID":"1294728","formEdgeID":null},{"edgeID":"1702127","fromID":"1294722","toID":"1294733","formEdgeID":null},{"edgeID":"1702128","fromID":"1294733","toID":"1294729","formEdgeID":null},{"edgeID":"1702129","fromID":"1294736","toID":"1294735","formEdgeID":null},{"edgeID":"1702130","fromID":"1294737","toID":"1294736","formEdgeID":null},{"edgeID":"1702131","fromID":"1294735","toID":"1294738","formEdgeID":null},{"edgeID":"1702132","fromID":"1294738","toID":"1294734","formEdgeID":null},{"edgeID":"1702133","fromID":"1294729","toID":"1294739","formEdgeID":null},{"edgeID":"1702134","fromID":"1294739","toID":"1294735","formEdgeID":null},{"edgeID":"1702135","fromID":"1294742","toID":"1294741","formEdgeID":null},{"edgeID":"1702136","fromID":"1294743","toID":"1294742","formEdgeID":null},{"edgeID":"1702137","fromID":"1294741","toID":"1294744","formEdgeID":null},{"edgeID":"1702138","fromID":"1294744","toID":"1294740","formEdgeID":null},{"edgeID":"1702139","fromID":"1294740","toID":"1294745","formEdgeID":null},{"edgeID":"1702140","fromID":"1294745","toID":"1294716","formEdgeID":null},{"edgeID":"1702141","fromID":"1294748","toID":"1294747","formEdgeID":null},{"edgeID":"1702142","fromID":"1294749","toID":"1294748","formEdgeID":null},{"edgeID":"1702143","fromID":"1294747","toID":"1294750","formEdgeID":null},{"edgeID":"1702144","fromID":"1294750","toID":"1294746","formEdgeID":null},{"edgeID":"1702145","fromID":"1294741","toID":"1294751","formEdgeID":null},{"edgeID":"1702146","fromID":"1294751","toID":"1294747","formEdgeID":null},{"edgeID":"1702147","fromID":"1294754","toID":"1294753","formEdgeID":null},{"edgeID":"1702148","fromID":"1294755","toID":"1294754","formEdgeID":null},{"edgeID":"1702149","fromID":"1294753","toID":"1294756","formEdgeID":null},{"edgeID":"1702150","fromID":"1294756","toID":"1294752","formEdgeID":null},{"edgeID":"1702151","fromID":"1294747","toID":"1294757","formEdgeID":null},{"edgeID":"1702152","fromID":"1294757","toID":"1294753","formEdgeID":null},{"edgeID":"1702153","fromID":"1294760","toID":"1294759","formEdgeID":null},{"edgeID":"1702154","fromID":"1294761","toID":"1294760","formEdgeID":null},{"edgeID":"1702155","fromID":"1294759","toID":"1294762","formEdgeID":null},{"edgeID":"1702156","fromID":"1294762","toID":"1294758","formEdgeID":null},{"edgeID":"1702157","fromID":"1294753","toID":"1294763","formEdgeID":null},{"edgeID":"1702158","fromID":"1294763","toID":"1294759","formEdgeID":null},{"edgeID":"1702159","fromID":"1294758","toID":"1294764","formEdgeID":null},{"edgeID":"1702160","fromID":"1294764","toID":"1294752","formEdgeID":null},{"edgeID":"1702161","fromID":"1294763","toID":"1294765","formEdgeID":null},{"edgeID":"1702162","fromID":"1294765","toID":"1294764","formEdgeID":null},{"edgeID":"1702163","fromID":"1294768","toID":"1294767","formEdgeID":null},{"edgeID":"1702164","fromID":"1294769","toID":"1294768","formEdgeID":null},{"edgeID":"1702165","fromID":"1294767","toID":"1294770","formEdgeID":null},{"edgeID":"1702166","fromID":"1294770","toID":"1294766","formEdgeID":null},{"edgeID":"1702167","fromID":"1294773","toID":"1294772","formEdgeID":null},{"edgeID":"1702168","fromID":"1294774","toID":"1294773","formEdgeID":null},{"edgeID":"1702169","fromID":"1294772","toID":"1294775","formEdgeID":null},{"edgeID":"1702170","fromID":"1294775","toID":"1294771","formEdgeID":null},{"edgeID":"1702171","fromID":"1294766","toID":"1294776","formEdgeID":null},{"edgeID":"1702172","fromID":"1294776","toID":"1294758","formEdgeID":null},{"edgeID":"1702173","fromID":"1294759","toID":"1294777","formEdgeID":null},{"edgeID":"1702174","fromID":"1294777","toID":"1294767","formEdgeID":null},{"edgeID":"1702175","fromID":"1294767","toID":"1294778","formEdgeID":null},{"edgeID":"1702176","fromID":"1294778","toID":"1294772","formEdgeID":null},{"edgeID":"1702177","fromID":"1294777","toID":"1294779","formEdgeID":null},{"edgeID":"1702178","fromID":"1294779","toID":"1294776","formEdgeID":null},{"edgeID":"1702179","fromID":"1294782","toID":"1294781","formEdgeID":null},{"edgeID":"1702180","fromID":"1294783","toID":"1294782","formEdgeID":null},{"edgeID":"1702181","fromID":"1294781","toID":"1294784","formEdgeID":null},{"edgeID":"1702182","fromID":"1294784","toID":"1294780","formEdgeID":null},{"edgeID":"1702183","fromID":"1294772","toID":"1294785","formEdgeID":null},{"edgeID":"1702184","fromID":"1294785","toID":"1294781","formEdgeID":null},{"edgeID":"1702185","fromID":"1294717","toID":"1294786","formEdgeID":null},{"edgeID":"1702186","fromID":"1294786","toID":"1294741","formEdgeID":null},{"edgeID":"1702187","fromID":"1294786","toID":"1294787","formEdgeID":null},{"edgeID":"1702188","fromID":"1294787","toID":"1294745","formEdgeID":null},{"edgeID":"1702189","fromID":"1294695","toID":"1294788","formEdgeID":null},{"edgeID":"1702190","fromID":"1294788","toID":"1294717","formEdgeID":null},{"edgeID":"1702191","fromID":"1294788","toID":"1294789","formEdgeID":null},{"edgeID":"1702192","fromID":"1294789","toID":"1294727","formEdgeID":null},{"edgeID":"1702193","fromID":"1294771","toID":"1294790","formEdgeID":null},{"edgeID":"1702194","fromID":"1294790","toID":"1294766","formEdgeID":null},{"edgeID":"1702195","fromID":"1294778","toID":"1294791","formEdgeID":null},{"edgeID":"1702196","fromID":"1294791","toID":"1294790","formEdgeID":null}],"locutions":[]}