{"nodes":[{"nodeID":"1293717","text":"Konstantin Kisin has lived in the United Kingdom since 1995","type":"I","timestamp":"2023-11-09 12:46:44"},{"nodeID":"1293718","text":"Konstantin Kisin: I lived in this country since 1995","type":"L","timestamp":"2023-11-09 12:46:44"},{"nodeID":"1293719","text":"Analysing","type":"YA","timestamp":"2023-11-09 12:46:44"},{"nodeID":"1293720","text":"Louise: Konstantin Kisin: I lived in this country since 1995","type":"L","timestamp":"2023-11-09 12:46:44"},{"nodeID":"1293721","text":"Asserting","type":"YA","timestamp":"2023-11-09 12:46:44"},{"nodeID":"1293722","text":"Konstantin Kisin is proud to be British","type":"I","timestamp":"2023-11-09 12:46:45"},{"nodeID":"1293723","text":"Konstantin Kisin: I'm proud to be British","type":"L","timestamp":"2023-11-09 12:46:45"},{"nodeID":"1293724","text":"Analysing","type":"YA","timestamp":"2023-11-09 12:46:45"},{"nodeID":"1293725","text":"Louise: Konstantin Kisin: I'm proud to be British","type":"L","timestamp":"2023-11-09 12:46:45"},{"nodeID":"1293726","text":"Asserting","type":"YA","timestamp":"2023-11-09 12:46:45"},{"nodeID":"1293727","text":"Default Inference","type":"RA","timestamp":"2023-11-09 12:46:45"},{"nodeID":"1293728","text":"Default Transition","type":"TA","timestamp":"2023-11-09 12:46:45"},{"nodeID":"1293729","text":"Arguing","type":"YA","timestamp":"2023-11-09 12:46:45"},{"nodeID":"1293730","text":"Konstantin Kisin is proud to be Russian","type":"I","timestamp":"2023-11-09 12:46:45"},{"nodeID":"1293731","text":"Konstantin Kisin: I'm also proud to be Russian","type":"L","timestamp":"2023-11-09 12:46:45"},{"nodeID":"1293732","text":"Analysing","type":"YA","timestamp":"2023-11-09 12:46:45"},{"nodeID":"1293733","text":"Louise: Konstantin Kisin: I'm also proud to be Russian","type":"L","timestamp":"2023-11-09 12:46:45"},{"nodeID":"1293734","text":"Asserting","type":"YA","timestamp":"2023-11-09 12:46:45"},{"nodeID":"1293735","text":"Default Transition","type":"TA","timestamp":"2023-11-09 12:46:45"},{"nodeID":"1293736","text":"Russia has produced great works of music","type":"I","timestamp":"2023-11-09 12:46:46"},{"nodeID":"1293737","text":"Konstantin Kisin: Russia has produced great works of music","type":"L","timestamp":"2023-11-09 12:46:46"},{"nodeID":"1293738","text":"Analysing","type":"YA","timestamp":"2023-11-09 12:46:46"},{"nodeID":"1293739","text":"Louise: Konstantin Kisin: Russia has produced great works of music","type":"L","timestamp":"2023-11-09 12:46:46"},{"nodeID":"1293740","text":"Asserting","type":"YA","timestamp":"2023-11-09 12:46:46"},{"nodeID":"1293741","text":"Default Inference","type":"RA","timestamp":"2023-11-09 12:46:46"},{"nodeID":"1293742","text":"Default Transition","type":"TA","timestamp":"2023-11-09 12:46:46"},{"nodeID":"1293743","text":"Arguing","type":"YA","timestamp":"2023-11-09 12:46:46"},{"nodeID":"1293744","text":"Konstantin Kisin feels nothing but shame for Russia and what it is doing","type":"I","timestamp":"2023-11-09 12:46:46"},{"nodeID":"1293745","text":"Konstantin Kisin:  I feel nothing but shame for my country and what it is doing","type":"L","timestamp":"2023-11-09 12:46:46"},{"nodeID":"1293746","text":"Analysing","type":"YA","timestamp":"2023-11-09 12:46:46"},{"nodeID":"1293747","text":"Louise: Konstantin Kisin:  I feel nothing but shame for my country and what it is doing","type":"L","timestamp":"2023-11-09 12:46:46"},{"nodeID":"1293748","text":"Asserting","type":"YA","timestamp":"2023-11-09 12:46:46"},{"nodeID":"1293749","text":"Default Conflict","type":"CA","timestamp":"2023-11-09 12:46:46"},{"nodeID":"1293750","text":"Default Transition","type":"TA","timestamp":"2023-11-09 12:46:46"},{"nodeID":"1293751","text":"Disagreeing","type":"YA","timestamp":"2023-11-09 12:46:46"},{"nodeID":"1293752","text":"it is a very difficult moment","type":"I","timestamp":"2023-11-09 12:46:47"},{"nodeID":"1293753","text":"Konstantin Kisin: It is a very difficult moment","type":"L","timestamp":"2023-11-09 12:46:47"},{"nodeID":"1293754","text":"Analysing","type":"YA","timestamp":"2023-11-09 12:46:47"},{"nodeID":"1293755","text":"Louise: Konstantin Kisin: It is a very difficult moment","type":"L","timestamp":"2023-11-09 12:46:47"},{"nodeID":"1293756","text":"Asserting","type":"YA","timestamp":"2023-11-09 12:46:47"},{"nodeID":"1293757","text":"Default Inference","type":"RA","timestamp":"2023-11-09 12:46:47"},{"nodeID":"1293758","text":"Default Transition","type":"TA","timestamp":"2023-11-09 12:46:47"},{"nodeID":"1293759","text":"Arguing","type":"YA","timestamp":"2023-11-09 12:46:47"},{"nodeID":"1293760","text":"Konstantin Kisin has family in Ukraine who are being bombarded and who are fleeing for their lives","type":"I","timestamp":"2023-11-09 12:46:47"},{"nodeID":"1293761","text":"Konstantin Kisin: I have family in Ukraine who are being bombarded and who are fleeing for their lives","type":"L","timestamp":"2023-11-09 12:46:48"},{"nodeID":"1293762","text":"Analysing","type":"YA","timestamp":"2023-11-09 12:46:48"},{"nodeID":"1293763","text":"Louise: Konstantin Kisin: I have family in Ukraine who are being bombarded and who are fleeing for their lives","type":"L","timestamp":"2023-11-09 12:46:48"},{"nodeID":"1293764","text":"Asserting","type":"YA","timestamp":"2023-11-09 12:46:48"},{"nodeID":"1293765","text":"Default Transition","type":"TA","timestamp":"2023-11-09 12:46:48"},{"nodeID":"1293766","text":"when Konstantin Kisin speaks to his family in Ukrain they say how grateful they are to people in Britain for everything that you're doing and for the moral support that your country is providing","type":"I","timestamp":"2023-11-09 12:46:48"},{"nodeID":"1293767","text":"Konstantin Kisin:  when I speak to them, they say how grateful they are to people in Britain for everything that you're doing and for the moral support that your country is providing","type":"L","timestamp":"2023-11-09 12:46:48"},{"nodeID":"1293768","text":"Analysing","type":"YA","timestamp":"2023-11-09 12:46:48"},{"nodeID":"1293769","text":"Louise: Konstantin Kisin:  when I speak to them, they say how grateful they are to people in Britain for everything that you're doing and for the moral support that your country is providing","type":"L","timestamp":"2023-11-09 12:46:48"},{"nodeID":"1293770","text":"Asserting","type":"YA","timestamp":"2023-11-09 12:46:48"},{"nodeID":"1293771","text":"Default Transition","type":"TA","timestamp":"2023-11-09 12:46:48"},{"nodeID":"1293772","text":"Default Inference","type":"RA","timestamp":"2023-11-09 12:46:48"},{"nodeID":"1293773","text":"Arguing","type":"YA","timestamp":"2023-11-09 12:46:48"},{"nodeID":"1293774","text":"Default Inference","type":"RA","timestamp":"2023-11-09 12:46:48"},{"nodeID":"1293775","text":"Arguing","type":"YA","timestamp":"2023-11-09 12:46:48"},{"nodeID":"1293776","text":"thank you on behalf of everybody in Ukraine","type":"I","timestamp":"2023-11-09 12:46:49"},{"nodeID":"1293777","text":"Konstantin Kisin: thank you on behalf of everybody there","type":"L","timestamp":"2023-11-09 12:46:49"},{"nodeID":"1293778","text":"Analysing","type":"YA","timestamp":"2023-11-09 12:46:49"},{"nodeID":"1293779","text":"Louise: Konstantin Kisin: thank you on behalf of everybody there","type":"L","timestamp":"2023-11-09 12:46:49"},{"nodeID":"1293780","text":"Asserting","type":"YA","timestamp":"2023-11-09 12:46:49"},{"nodeID":"1293781","text":"Default Transition","type":"TA","timestamp":"2023-11-09 12:46:49"},{"nodeID":"1293782","text":"Konstantin Kisin is afraid everyone on the panel is refusing to give you an honest answer","type":"I","timestamp":"2023-11-09 12:46:49"},{"nodeID":"1293783","text":"Konstantin Kisin: I'm afraid everyone on the panel is refusing to give you an honest answer","type":"L","timestamp":"2023-11-09 12:46:49"},{"nodeID":"1293784","text":"Analysing","type":"YA","timestamp":"2023-11-09 12:46:49"},{"nodeID":"1293785","text":"Louise: Konstantin Kisin: I'm afraid everyone on the panel is refusing to give you an honest answer","type":"L","timestamp":"2023-11-09 12:46:49"},{"nodeID":"1293786","text":"Asserting","type":"YA","timestamp":"2023-11-09 12:46:49"},{"nodeID":"1293787","text":"Default Transition","type":"TA","timestamp":"2023-11-09 12:46:49"},{"nodeID":"1293788","text":"the truth is there is nothing we can do","type":"I","timestamp":"2023-11-09 12:46:50"},{"nodeID":"1293789","text":"Konstantin Kisin:  the truth is there is nothing we can do","type":"L","timestamp":"2023-11-09 12:46:50"},{"nodeID":"1293790","text":"Analysing","type":"YA","timestamp":"2023-11-09 12:46:50"},{"nodeID":"1293791","text":"Louise: Konstantin Kisin:  the truth is there is nothing we can do","type":"L","timestamp":"2023-11-09 12:46:50"},{"nodeID":"1293792","text":"Asserting","type":"YA","timestamp":"2023-11-09 12:46:50"},{"nodeID":"1293793","text":"Default Inference","type":"RA","timestamp":"2023-11-09 12:46:50"},{"nodeID":"1293794","text":"Default Transition","type":"TA","timestamp":"2023-11-09 12:46:50"},{"nodeID":"1293795","text":"Arguing","type":"YA","timestamp":"2023-11-09 12:46:50"},{"nodeID":"1293796","text":"NATO cannot get involved in Russias invasion of Ukraine because that would start World War III","type":"I","timestamp":"2023-11-09 12:46:50"},{"nodeID":"1293797","text":"Konstantin Kisin: NATO cannot get involved in this because that would start World War III","type":"L","timestamp":"2023-11-09 12:46:50"},{"nodeID":"1293798","text":"Analysing","type":"YA","timestamp":"2023-11-09 12:46:50"},{"nodeID":"1293799","text":"Louise: Konstantin Kisin: NATO cannot get involved in this because that would start World War III","type":"L","timestamp":"2023-11-09 12:46:50"},{"nodeID":"1293800","text":"Asserting","type":"YA","timestamp":"2023-11-09 12:46:50"},{"nodeID":"1293801","text":"NATO cannot provide any more support than what we're doing","type":"I","timestamp":"2023-11-09 12:46:51"},{"nodeID":"1293802","text":"Konstantin Kisin: NATO cannot provide any more support than what we're doing","type":"L","timestamp":"2023-11-09 12:46:51"},{"nodeID":"1293803","text":"Analysing","type":"YA","timestamp":"2023-11-09 12:46:51"},{"nodeID":"1293804","text":"Louise: Konstantin Kisin: NATO cannot provide any more support than what we're doing","type":"L","timestamp":"2023-11-09 12:46:51"},{"nodeID":"1293805","text":"Asserting","type":"YA","timestamp":"2023-11-09 12:46:51"},{"nodeID":"1293806","text":"Default Inference","type":"RA","timestamp":"2023-11-09 12:46:51"},{"nodeID":"1293807","text":"Default Transition","type":"TA","timestamp":"2023-11-09 12:46:51"},{"nodeID":"1293808","text":"Default Transition","type":"TA","timestamp":"2023-11-09 12:46:51"},{"nodeID":"1293809","text":"Arguing","type":"YA","timestamp":"2023-11-09 12:46:51"},{"nodeID":"1293810","text":"we can supply ammunition and weapons and, but this is a fight the Ukrainians have to win","type":"I","timestamp":"2023-11-09 12:46:51"},{"nodeID":"1293811","text":"Konstantin Kisin: we can supply ammunition and weapons and, but this is a fight the Ukrainians have to win","type":"L","timestamp":"2023-11-09 12:46:51"},{"nodeID":"1293812","text":"Analysing","type":"YA","timestamp":"2023-11-09 12:46:51"},{"nodeID":"1293813","text":"Louise: Konstantin Kisin: we can supply ammunition and weapons and, but this is a fight the Ukrainians have to win","type":"L","timestamp":"2023-11-09 12:46:51"},{"nodeID":"1293814","text":"Asserting","type":"YA","timestamp":"2023-11-09 12:46:51"},{"nodeID":"1293815","text":"Default Transition","type":"TA","timestamp":"2023-11-09 12:46:51"},{"nodeID":"1293816","text":"Default Inference","type":"RA","timestamp":"2023-11-09 12:46:51"},{"nodeID":"1293817","text":"Arguing","type":"YA","timestamp":"2023-11-09 12:46:51"},{"nodeID":"1293818","text":"Default Rephrase","type":"MA","timestamp":"2023-11-09 12:46:51"},{"nodeID":"1293819","text":"Restating","type":"YA","timestamp":"2023-11-09 12:46:51"}],"edges":[{"edgeID":"1700923","fromID":"1293719","toID":"1293718","formEdgeID":null},{"edgeID":"1700924","fromID":"1293720","toID":"1293719","formEdgeID":null},{"edgeID":"1700925","fromID":"1293718","toID":"1293721","formEdgeID":null},{"edgeID":"1700926","fromID":"1293721","toID":"1293717","formEdgeID":null},{"edgeID":"1700927","fromID":"1293724","toID":"1293723","formEdgeID":null},{"edgeID":"1700928","fromID":"1293725","toID":"1293724","formEdgeID":null},{"edgeID":"1700929","fromID":"1293723","toID":"1293726","formEdgeID":null},{"edgeID":"1700930","fromID":"1293726","toID":"1293722","formEdgeID":null},{"edgeID":"1700931","fromID":"1293717","toID":"1293727","formEdgeID":null},{"edgeID":"1700932","fromID":"1293727","toID":"1293722","formEdgeID":null},{"edgeID":"1700933","fromID":"1293718","toID":"1293728","formEdgeID":null},{"edgeID":"1700934","fromID":"1293728","toID":"1293723","formEdgeID":null},{"edgeID":"1700935","fromID":"1293728","toID":"1293729","formEdgeID":null},{"edgeID":"1700936","fromID":"1293729","toID":"1293727","formEdgeID":null},{"edgeID":"1700937","fromID":"1293732","toID":"1293731","formEdgeID":null},{"edgeID":"1700938","fromID":"1293733","toID":"1293732","formEdgeID":null},{"edgeID":"1700939","fromID":"1293731","toID":"1293734","formEdgeID":null},{"edgeID":"1700940","fromID":"1293734","toID":"1293730","formEdgeID":null},{"edgeID":"1700941","fromID":"1293723","toID":"1293735","formEdgeID":null},{"edgeID":"1700942","fromID":"1293735","toID":"1293731","formEdgeID":null},{"edgeID":"1700943","fromID":"1293738","toID":"1293737","formEdgeID":null},{"edgeID":"1700944","fromID":"1293739","toID":"1293738","formEdgeID":null},{"edgeID":"1700945","fromID":"1293737","toID":"1293740","formEdgeID":null},{"edgeID":"1700946","fromID":"1293740","toID":"1293736","formEdgeID":null},{"edgeID":"1700947","fromID":"1293736","toID":"1293741","formEdgeID":null},{"edgeID":"1700948","fromID":"1293741","toID":"1293730","formEdgeID":null},{"edgeID":"1700949","fromID":"1293731","toID":"1293742","formEdgeID":null},{"edgeID":"1700950","fromID":"1293742","toID":"1293737","formEdgeID":null},{"edgeID":"1700951","fromID":"1293742","toID":"1293743","formEdgeID":null},{"edgeID":"1700952","fromID":"1293743","toID":"1293741","formEdgeID":null},{"edgeID":"1700953","fromID":"1293746","toID":"1293745","formEdgeID":null},{"edgeID":"1700954","fromID":"1293747","toID":"1293746","formEdgeID":null},{"edgeID":"1700955","fromID":"1293745","toID":"1293748","formEdgeID":null},{"edgeID":"1700956","fromID":"1293748","toID":"1293744","formEdgeID":null},{"edgeID":"1700957","fromID":"1293744","toID":"1293749","formEdgeID":null},{"edgeID":"1700958","fromID":"1293749","toID":"1293730","formEdgeID":null},{"edgeID":"1700959","fromID":"1293731","toID":"1293750","formEdgeID":null},{"edgeID":"1700960","fromID":"1293750","toID":"1293745","formEdgeID":null},{"edgeID":"1700961","fromID":"1293750","toID":"1293751","formEdgeID":null},{"edgeID":"1700962","fromID":"1293751","toID":"1293749","formEdgeID":null},{"edgeID":"1700963","fromID":"1293754","toID":"1293753","formEdgeID":null},{"edgeID":"1700964","fromID":"1293755","toID":"1293754","formEdgeID":null},{"edgeID":"1700965","fromID":"1293753","toID":"1293756","formEdgeID":null},{"edgeID":"1700966","fromID":"1293756","toID":"1293752","formEdgeID":null},{"edgeID":"1700967","fromID":"1293744","toID":"1293757","formEdgeID":null},{"edgeID":"1700968","fromID":"1293757","toID":"1293752","formEdgeID":null},{"edgeID":"1700969","fromID":"1293745","toID":"1293758","formEdgeID":null},{"edgeID":"1700970","fromID":"1293758","toID":"1293753","formEdgeID":null},{"edgeID":"1700971","fromID":"1293758","toID":"1293759","formEdgeID":null},{"edgeID":"1700972","fromID":"1293759","toID":"1293757","formEdgeID":null},{"edgeID":"1700973","fromID":"1293762","toID":"1293761","formEdgeID":null},{"edgeID":"1700974","fromID":"1293763","toID":"1293762","formEdgeID":null},{"edgeID":"1700975","fromID":"1293761","toID":"1293764","formEdgeID":null},{"edgeID":"1700976","fromID":"1293764","toID":"1293760","formEdgeID":null},{"edgeID":"1700977","fromID":"1293753","toID":"1293765","formEdgeID":null},{"edgeID":"1700978","fromID":"1293765","toID":"1293761","formEdgeID":null},{"edgeID":"1700979","fromID":"1293768","toID":"1293767","formEdgeID":null},{"edgeID":"1700980","fromID":"1293769","toID":"1293768","formEdgeID":null},{"edgeID":"1700981","fromID":"1293767","toID":"1293770","formEdgeID":null},{"edgeID":"1700982","fromID":"1293770","toID":"1293766","formEdgeID":null},{"edgeID":"1700983","fromID":"1293761","toID":"1293771","formEdgeID":null},{"edgeID":"1700984","fromID":"1293771","toID":"1293767","formEdgeID":null},{"edgeID":"1700985","fromID":"1293760","toID":"1293772","formEdgeID":null},{"edgeID":"1700986","fromID":"1293772","toID":"1293752","formEdgeID":null},{"edgeID":"1700987","fromID":"1293765","toID":"1293773","formEdgeID":null},{"edgeID":"1700988","fromID":"1293773","toID":"1293772","formEdgeID":null},{"edgeID":"1700989","fromID":"1293766","toID":"1293774","formEdgeID":null},{"edgeID":"1700990","fromID":"1293774","toID":"1293760","formEdgeID":null},{"edgeID":"1700991","fromID":"1293771","toID":"1293775","formEdgeID":null},{"edgeID":"1700992","fromID":"1293775","toID":"1293774","formEdgeID":null},{"edgeID":"1700993","fromID":"1293778","toID":"1293777","formEdgeID":null},{"edgeID":"1700994","fromID":"1293779","toID":"1293778","formEdgeID":null},{"edgeID":"1700995","fromID":"1293777","toID":"1293780","formEdgeID":null},{"edgeID":"1700996","fromID":"1293780","toID":"1293776","formEdgeID":null},{"edgeID":"1700997","fromID":"1293767","toID":"1293781","formEdgeID":null},{"edgeID":"1700998","fromID":"1293781","toID":"1293777","formEdgeID":null},{"edgeID":"1700999","fromID":"1293784","toID":"1293783","formEdgeID":null},{"edgeID":"1701000","fromID":"1293785","toID":"1293784","formEdgeID":null},{"edgeID":"1701001","fromID":"1293783","toID":"1293786","formEdgeID":null},{"edgeID":"1701002","fromID":"1293786","toID":"1293782","formEdgeID":null},{"edgeID":"1701003","fromID":"1293777","toID":"1293787","formEdgeID":null},{"edgeID":"1701004","fromID":"1293787","toID":"1293783","formEdgeID":null},{"edgeID":"1701005","fromID":"1293790","toID":"1293789","formEdgeID":null},{"edgeID":"1701006","fromID":"1293791","toID":"1293790","formEdgeID":null},{"edgeID":"1701007","fromID":"1293789","toID":"1293792","formEdgeID":null},{"edgeID":"1701008","fromID":"1293792","toID":"1293788","formEdgeID":null},{"edgeID":"1701009","fromID":"1293788","toID":"1293793","formEdgeID":null},{"edgeID":"1701010","fromID":"1293793","toID":"1293782","formEdgeID":null},{"edgeID":"1701011","fromID":"1293783","toID":"1293794","formEdgeID":null},{"edgeID":"1701012","fromID":"1293794","toID":"1293789","formEdgeID":null},{"edgeID":"1701013","fromID":"1293794","toID":"1293795","formEdgeID":null},{"edgeID":"1701014","fromID":"1293795","toID":"1293793","formEdgeID":null},{"edgeID":"1701015","fromID":"1293798","toID":"1293797","formEdgeID":null},{"edgeID":"1701016","fromID":"1293799","toID":"1293798","formEdgeID":null},{"edgeID":"1701017","fromID":"1293797","toID":"1293800","formEdgeID":null},{"edgeID":"1701018","fromID":"1293800","toID":"1293796","formEdgeID":null},{"edgeID":"1701019","fromID":"1293803","toID":"1293802","formEdgeID":null},{"edgeID":"1701020","fromID":"1293804","toID":"1293803","formEdgeID":null},{"edgeID":"1701021","fromID":"1293802","toID":"1293805","formEdgeID":null},{"edgeID":"1701022","fromID":"1293805","toID":"1293801","formEdgeID":null},{"edgeID":"1701023","fromID":"1293801","toID":"1293806","formEdgeID":null},{"edgeID":"1701024","fromID":"1293806","toID":"1293788","formEdgeID":null},{"edgeID":"1701025","fromID":"1293796","toID":"1293806","formEdgeID":null},{"edgeID":"1701026","fromID":"1293789","toID":"1293807","formEdgeID":null},{"edgeID":"1701027","fromID":"1293807","toID":"1293797","formEdgeID":null},{"edgeID":"1701028","fromID":"1293797","toID":"1293808","formEdgeID":null},{"edgeID":"1701029","fromID":"1293808","toID":"1293802","formEdgeID":null},{"edgeID":"1701030","fromID":"1293808","toID":"1293809","formEdgeID":null},{"edgeID":"1701031","fromID":"1293809","toID":"1293806","formEdgeID":null},{"edgeID":"1701032","fromID":"1293812","toID":"1293811","formEdgeID":null},{"edgeID":"1701033","fromID":"1293813","toID":"1293812","formEdgeID":null},{"edgeID":"1701034","fromID":"1293811","toID":"1293814","formEdgeID":null},{"edgeID":"1701035","fromID":"1293814","toID":"1293810","formEdgeID":null},{"edgeID":"1701036","fromID":"1293802","toID":"1293815","formEdgeID":null},{"edgeID":"1701037","fromID":"1293815","toID":"1293811","formEdgeID":null},{"edgeID":"1701038","fromID":"1293801","toID":"1293816","formEdgeID":null},{"edgeID":"1701039","fromID":"1293816","toID":"1293810","formEdgeID":null},{"edgeID":"1701040","fromID":"1293815","toID":"1293817","formEdgeID":null},{"edgeID":"1701041","fromID":"1293817","toID":"1293816","formEdgeID":null},{"edgeID":"1701042","fromID":"1293776","toID":"1293818","formEdgeID":null},{"edgeID":"1701043","fromID":"1293818","toID":"1293766","formEdgeID":null},{"edgeID":"1701044","fromID":"1293781","toID":"1293819","formEdgeID":null},{"edgeID":"1701045","fromID":"1293819","toID":"1293818","formEdgeID":null}],"locutions":[]}