{"nodes":[{"nodeID":"1295305","text":"when you get a level of fear, where people are even scared to talk to each other as happened at some points in the Soviet era","type":"I","timestamp":"2023-11-09 12:48:57"},{"nodeID":"1295306","text":"Bridget Kendall: when you get a level of fear, where people are even scared to talk to each other as happened at some points in the Soviet era","type":"L","timestamp":"2023-11-09 12:48:57"},{"nodeID":"1295307","text":"Analysing","type":"YA","timestamp":"2023-11-09 12:48:57"},{"nodeID":"1295308","text":"Steffi: Bridget Kendall: when you get a level of fear, where people are even scared to talk to each other as happened at some points in the Soviet era","type":"L","timestamp":"2023-11-09 12:48:57"},{"nodeID":"1295309","text":"Asserting","type":"YA","timestamp":"2023-11-09 12:48:57"},{"nodeID":"1295310","text":"when it is very difficult to spread those messages","type":"I","timestamp":"2023-11-09 12:48:57"},{"nodeID":"1295311","text":"Bridget Kendall: when it is very difficult to spread those messages","type":"L","timestamp":"2023-11-09 12:48:57"},{"nodeID":"1295312","text":"Analysing","type":"YA","timestamp":"2023-11-09 12:48:57"},{"nodeID":"1295313","text":"Steffi: Bridget Kendall: when it is very difficult to spread those messages","type":"L","timestamp":"2023-11-09 12:48:57"},{"nodeID":"1295314","text":"Asserting","type":"YA","timestamp":"2023-11-09 12:48:57"},{"nodeID":"1295315","text":"Default Rephrase","type":"MA","timestamp":"2023-11-09 12:48:57"},{"nodeID":"1295316","text":"Default Transition","type":"TA","timestamp":"2023-11-09 12:48:57"},{"nodeID":"1295317","text":"Restating","type":"YA","timestamp":"2023-11-09 12:48:57"},{"nodeID":"1295318","text":"Bridget Kendall still feels that there is a lot of things that can be done by Russians inside Russia or even Russians outside Russia to put pressure and to call out this regime","type":"I","timestamp":"2023-11-09 12:48:58"},{"nodeID":"1295319","text":"Bridget Kendall:  I still feel that there is a lot of things that can be done by Russians inside Russia or even Russians outside Russia to put pressure and to call out, to call out this regime","type":"L","timestamp":"2023-11-09 12:48:58"},{"nodeID":"1295320","text":"Analysing","type":"YA","timestamp":"2023-11-09 12:48:58"},{"nodeID":"1295321","text":"Steffi: Bridget Kendall:  I still feel that there is a lot of things that can be done by Russians inside Russia or even Russians outside Russia to put pressure and to call out, to call out this regime","type":"L","timestamp":"2023-11-09 12:48:58"},{"nodeID":"1295322","text":"Asserting","type":"YA","timestamp":"2023-11-09 12:48:58"},{"nodeID":"1295323","text":"a lot of people with big audiences act as comedian","type":"I","timestamp":"2023-11-09 12:48:58"},{"nodeID":"1295324","text":"Konstantin Kisin: A lot of people with big audiences act as comedian","type":"L","timestamp":"2023-11-09 12:48:58"},{"nodeID":"1295325","text":"Analysing","type":"YA","timestamp":"2023-11-09 12:48:58"},{"nodeID":"1295326","text":"Steffi: Konstantin Kisin: A lot of people with big audiences act as comedian","type":"L","timestamp":"2023-11-09 12:48:58"},{"nodeID":"1295327","text":"Asserting","type":"YA","timestamp":"2023-11-09 12:48:58"},{"nodeID":"1295328","text":"there is a generational split","type":"I","timestamp":"2023-11-09 12:48:59"},{"nodeID":"1295329","text":"Konstantin Kisin: there is a generational split","type":"L","timestamp":"2023-11-09 12:48:59"},{"nodeID":"1295330","text":"Analysing","type":"YA","timestamp":"2023-11-09 12:48:59"},{"nodeID":"1295331","text":"Steffi: Konstantin Kisin: there is a generational split","type":"L","timestamp":"2023-11-09 12:48:59"},{"nodeID":"1295332","text":"Asserting","type":"YA","timestamp":"2023-11-09 12:48:59"},{"nodeID":"1295333","text":"Konstantin Kisin's point was the broader public in Russia, 65% to 70% support what's happening","type":"I","timestamp":"2023-11-09 12:49:00"},{"nodeID":"1295334","text":"Konstantin Kisin: My point was the broader public in Russia, 65% to 70% support what's happening","type":"L","timestamp":"2023-11-09 12:49:00"},{"nodeID":"1295335","text":"Analysing","type":"YA","timestamp":"2023-11-09 12:49:00"},{"nodeID":"1295336","text":"Steffi: Konstantin Kisin: My point was the broader public in Russia, 65% to 70% support what's happening","type":"L","timestamp":"2023-11-09 12:49:00"},{"nodeID":"1295337","text":"Asserting","type":"YA","timestamp":"2023-11-09 12:49:00"},{"nodeID":"1295338","text":"the reason they support what's happening is the reason what they're told on their television screens","type":"I","timestamp":"2023-11-09 12:49:00"},{"nodeID":"1295339","text":"Konstantin Kisin: the reason they support what's happening is the reason what they're told on their television screens","type":"L","timestamp":"2023-11-09 12:49:00"},{"nodeID":"1295340","text":"Analysing","type":"YA","timestamp":"2023-11-09 12:49:00"},{"nodeID":"1295341","text":"Steffi: Konstantin Kisin: the reason they support what's happening is the reason what they're told on their television screens","type":"L","timestamp":"2023-11-09 12:49:00"},{"nodeID":"1295342","text":"Asserting","type":"YA","timestamp":"2023-11-09 12:49:00"},{"nodeID":"1295343","text":"Default Transition","type":"TA","timestamp":"2023-11-09 12:49:00"},{"nodeID":"1295344","text":"Default Transition","type":"TA","timestamp":"2023-11-09 12:49:00"},{"nodeID":"1295345","text":"Default Transition","type":"TA","timestamp":"2023-11-09 12:49:00"},{"nodeID":"1295346","text":"Default Inference","type":"RA","timestamp":"2023-11-09 12:49:00"},{"nodeID":"1295347","text":"Arguing","type":"YA","timestamp":"2023-11-09 12:49:00"},{"nodeID":"1295348","text":"the UK government has denied to accept refugees from the Ukraine","type":"I","timestamp":"2023-11-09 12:49:01"},{"nodeID":"1295349","text":"AudienceMember 20220310QT16: the UK government has denied to accept refugees from the Ukraine","type":"L","timestamp":"2023-11-09 12:49:01"},{"nodeID":"1295350","text":"Analysing","type":"YA","timestamp":"2023-11-09 12:49:01"},{"nodeID":"1295351","text":"Steffi: AudienceMember 20220310QT16: the UK government has denied to accept refugees from the Ukraine","type":"L","timestamp":"2023-11-09 12:49:01"},{"nodeID":"1295352","text":"Asserting","type":"YA","timestamp":"2023-11-09 12:49:01"},{"nodeID":"1295353","text":"it is or is not true that the UK government has denied to accept refugees from the Ukraine","type":"I","timestamp":"2023-11-09 12:49:01"},{"nodeID":"1295354","text":"AudienceMember 20220310QT16: Is that true","type":"L","timestamp":"2023-11-09 12:49:01"},{"nodeID":"1295355","text":"Analysing","type":"YA","timestamp":"2023-11-09 12:49:01"},{"nodeID":"1295356","text":"Steffi: AudienceMember 20220310QT16: Is that true","type":"L","timestamp":"2023-11-09 12:49:01"},{"nodeID":"1295357","text":"Pure Questioning","type":"YA","timestamp":"2023-11-09 12:49:01"},{"nodeID":"1295358","text":"the UK government has denied to accept refugees from the Ukraine because xxx","type":"I","timestamp":"2023-11-09 12:49:02"},{"nodeID":"1295359","text":"AudienceMember 20220310QT16: why","type":"L","timestamp":"2023-11-09 12:49:02"},{"nodeID":"1295360","text":"Analysing","type":"YA","timestamp":"2023-11-09 12:49:02"},{"nodeID":"1295361","text":"Steffi: AudienceMember 20220310QT16: why","type":"L","timestamp":"2023-11-09 12:49:02"},{"nodeID":"1295362","text":"Pure Questioning","type":"YA","timestamp":"2023-11-09 12:49:02"},{"nodeID":"1295363","text":"Default Transition","type":"TA","timestamp":"2023-11-09 12:49:02"},{"nodeID":"1295364","text":"Default Transition","type":"TA","timestamp":"2023-11-09 12:49:02"},{"nodeID":"1295365","text":"Default Transition","type":"TA","timestamp":"2023-11-09 12:49:02"},{"nodeID":"1295366","text":"it is not that the Government has said it is not going to take any refugees","type":"I","timestamp":"2023-11-09 12:49:02"},{"nodeID":"1295367","text":"Fiona Bruce: it is not that the Government has said it is not going to take any refugees","type":"L","timestamp":"2023-11-09 12:49:02"},{"nodeID":"1295368","text":"Analysing","type":"YA","timestamp":"2023-11-09 12:49:02"},{"nodeID":"1295369","text":"Steffi: Fiona Bruce: it is not that the Government has said it is not going to take any refugees","type":"L","timestamp":"2023-11-09 12:49:02"},{"nodeID":"1295370","text":"Asserting","type":"YA","timestamp":"2023-11-09 12:49:02"},{"nodeID":"1295371","text":"Default Rephrase","type":"MA","timestamp":"2023-11-09 12:49:02"},{"nodeID":"1295372","text":"Default Transition","type":"TA","timestamp":"2023-11-09 12:49:02"},{"nodeID":"1295373","text":"Default Illocuting","type":"YA","timestamp":"2023-11-09 12:49:02"},{"nodeID":"1295374","text":"Default Conflict","type":"CA","timestamp":"2023-11-09 12:49:02"},{"nodeID":"1295375","text":"Default Transition","type":"TA","timestamp":"2023-11-09 12:49:02"},{"nodeID":"1295376","text":"Disagreeing","type":"YA","timestamp":"2023-11-09 12:49:02"},{"nodeID":"1295377","text":"Default Transition","type":"TA","timestamp":"2023-11-09 12:49:02"},{"nodeID":"1295378","text":"Default Rephrase","type":"MA","timestamp":"2023-11-09 12:49:02"},{"nodeID":"1295379","text":"Restating","type":"YA","timestamp":"2023-11-09 12:49:02"}],"edges":[{"edgeID":"1702804","fromID":"1295307","toID":"1295306","formEdgeID":null},{"edgeID":"1702805","fromID":"1295308","toID":"1295307","formEdgeID":null},{"edgeID":"1702806","fromID":"1295306","toID":"1295309","formEdgeID":null},{"edgeID":"1702807","fromID":"1295309","toID":"1295305","formEdgeID":null},{"edgeID":"1702808","fromID":"1295312","toID":"1295311","formEdgeID":null},{"edgeID":"1702809","fromID":"1295313","toID":"1295312","formEdgeID":null},{"edgeID":"1702810","fromID":"1295311","toID":"1295314","formEdgeID":null},{"edgeID":"1702811","fromID":"1295314","toID":"1295310","formEdgeID":null},{"edgeID":"1702812","fromID":"1295310","toID":"1295315","formEdgeID":null},{"edgeID":"1702813","fromID":"1295315","toID":"1295305","formEdgeID":null},{"edgeID":"1702814","fromID":"1295306","toID":"1295316","formEdgeID":null},{"edgeID":"1702815","fromID":"1295316","toID":"1295311","formEdgeID":null},{"edgeID":"1702816","fromID":"1295316","toID":"1295317","formEdgeID":null},{"edgeID":"1702817","fromID":"1295317","toID":"1295315","formEdgeID":null},{"edgeID":"1702818","fromID":"1295320","toID":"1295319","formEdgeID":null},{"edgeID":"1702819","fromID":"1295321","toID":"1295320","formEdgeID":null},{"edgeID":"1702820","fromID":"1295319","toID":"1295322","formEdgeID":null},{"edgeID":"1702821","fromID":"1295322","toID":"1295318","formEdgeID":null},{"edgeID":"1702822","fromID":"1295325","toID":"1295324","formEdgeID":null},{"edgeID":"1702823","fromID":"1295326","toID":"1295325","formEdgeID":null},{"edgeID":"1702824","fromID":"1295324","toID":"1295327","formEdgeID":null},{"edgeID":"1702825","fromID":"1295327","toID":"1295323","formEdgeID":null},{"edgeID":"1702826","fromID":"1295330","toID":"1295329","formEdgeID":null},{"edgeID":"1702827","fromID":"1295331","toID":"1295330","formEdgeID":null},{"edgeID":"1702828","fromID":"1295329","toID":"1295332","formEdgeID":null},{"edgeID":"1702829","fromID":"1295332","toID":"1295328","formEdgeID":null},{"edgeID":"1702830","fromID":"1295335","toID":"1295334","formEdgeID":null},{"edgeID":"1702831","fromID":"1295336","toID":"1295335","formEdgeID":null},{"edgeID":"1702832","fromID":"1295334","toID":"1295337","formEdgeID":null},{"edgeID":"1702833","fromID":"1295337","toID":"1295333","formEdgeID":null},{"edgeID":"1702834","fromID":"1295340","toID":"1295339","formEdgeID":null},{"edgeID":"1702835","fromID":"1295341","toID":"1295340","formEdgeID":null},{"edgeID":"1702836","fromID":"1295339","toID":"1295342","formEdgeID":null},{"edgeID":"1702837","fromID":"1295342","toID":"1295338","formEdgeID":null},{"edgeID":"1702838","fromID":"1295324","toID":"1295343","formEdgeID":null},{"edgeID":"1702839","fromID":"1295343","toID":"1295329","formEdgeID":null},{"edgeID":"1702840","fromID":"1295329","toID":"1295344","formEdgeID":null},{"edgeID":"1702841","fromID":"1295344","toID":"1295334","formEdgeID":null},{"edgeID":"1702842","fromID":"1295334","toID":"1295345","formEdgeID":null},{"edgeID":"1702843","fromID":"1295345","toID":"1295339","formEdgeID":null},{"edgeID":"1702844","fromID":"1295338","toID":"1295346","formEdgeID":null},{"edgeID":"1702845","fromID":"1295346","toID":"1295333","formEdgeID":null},{"edgeID":"1702846","fromID":"1295345","toID":"1295347","formEdgeID":null},{"edgeID":"1702847","fromID":"1295347","toID":"1295346","formEdgeID":null},{"edgeID":"1702848","fromID":"1295350","toID":"1295349","formEdgeID":null},{"edgeID":"1702849","fromID":"1295351","toID":"1295350","formEdgeID":null},{"edgeID":"1702850","fromID":"1295349","toID":"1295352","formEdgeID":null},{"edgeID":"1702851","fromID":"1295352","toID":"1295348","formEdgeID":null},{"edgeID":"1702852","fromID":"1295355","toID":"1295354","formEdgeID":null},{"edgeID":"1702853","fromID":"1295356","toID":"1295355","formEdgeID":null},{"edgeID":"1702854","fromID":"1295354","toID":"1295357","formEdgeID":null},{"edgeID":"1702855","fromID":"1295357","toID":"1295353","formEdgeID":null},{"edgeID":"1702856","fromID":"1295360","toID":"1295359","formEdgeID":null},{"edgeID":"1702857","fromID":"1295361","toID":"1295360","formEdgeID":null},{"edgeID":"1702858","fromID":"1295359","toID":"1295362","formEdgeID":null},{"edgeID":"1702859","fromID":"1295362","toID":"1295358","formEdgeID":null},{"edgeID":"1702860","fromID":"1295339","toID":"1295363","formEdgeID":null},{"edgeID":"1702861","fromID":"1295363","toID":"1295349","formEdgeID":null},{"edgeID":"1702862","fromID":"1295349","toID":"1295364","formEdgeID":null},{"edgeID":"1702863","fromID":"1295364","toID":"1295354","formEdgeID":null},{"edgeID":"1702864","fromID":"1295354","toID":"1295365","formEdgeID":null},{"edgeID":"1702865","fromID":"1295365","toID":"1295359","formEdgeID":null},{"edgeID":"1702866","fromID":"1295368","toID":"1295367","formEdgeID":null},{"edgeID":"1702867","fromID":"1295369","toID":"1295368","formEdgeID":null},{"edgeID":"1702868","fromID":"1295367","toID":"1295370","formEdgeID":null},{"edgeID":"1702869","fromID":"1295370","toID":"1295366","formEdgeID":null},{"edgeID":"1702870","fromID":"1295366","toID":"1295371","formEdgeID":null},{"edgeID":"1702871","fromID":"1295371","toID":"1295353","formEdgeID":null},{"edgeID":"1702872","fromID":"1295354","toID":"1295372","formEdgeID":null},{"edgeID":"1702873","fromID":"1295372","toID":"1295367","formEdgeID":null},{"edgeID":"1702874","fromID":"1295372","toID":"1295373","formEdgeID":null},{"edgeID":"1702875","fromID":"1295373","toID":"1295371","formEdgeID":null},{"edgeID":"1702876","fromID":"1295318","toID":"1295374","formEdgeID":null},{"edgeID":"1702877","fromID":"1295374","toID":"1295305","formEdgeID":null},{"edgeID":"1702878","fromID":"1295306","toID":"1295375","formEdgeID":null},{"edgeID":"1702879","fromID":"1295375","toID":"1295319","formEdgeID":null},{"edgeID":"1702880","fromID":"1295375","toID":"1295376","formEdgeID":null},{"edgeID":"1702881","fromID":"1295376","toID":"1295374","formEdgeID":null},{"edgeID":"1702882","fromID":"1295319","toID":"1295377","formEdgeID":null},{"edgeID":"1702883","fromID":"1295377","toID":"1295324","formEdgeID":null},{"edgeID":"1702884","fromID":"1295353","toID":"1295378","formEdgeID":null},{"edgeID":"1702885","fromID":"1295378","toID":"1295348","formEdgeID":null},{"edgeID":"1702886","fromID":"1295364","toID":"1295379","formEdgeID":null},{"edgeID":"1702887","fromID":"1295379","toID":"1295378","formEdgeID":null}],"locutions":[]}