{"nodes":[{"nodeID":"1294792","text":"Analysing","type":"YA","timestamp":"2023-11-09 12:48:15"},{"nodeID":"1294793","text":"Tuuli: AudienceMember 20220310QT13: does it make it more unlikely that he would seek to further invade other Baltic","type":"L","timestamp":"2023-11-09 12:48:15"},{"nodeID":"1294794","text":"Russia reportedly already suffering thousands of casualties makes it more unlikely that Vladimir Putin would seek to further invade other Baltic","type":"I","timestamp":"2023-11-09 12:48:15"},{"nodeID":"1294795","text":"AudienceMember 20220310QT13: With Russia reportedly already suffering thousands of casualties, does it make it more unlikely that he would seek to further invade other Baltic","type":"L","timestamp":"2023-11-09 12:48:15"},{"nodeID":"1294796","text":"Analysing","type":"YA","timestamp":"2023-11-09 12:48:15"},{"nodeID":"1294797","text":"Tuuli: AudienceMember 20220310QT13: With Russia reportedly already suffering thousands of casualties, does it make it more unlikely that he would seek to further invade other Baltic","type":"L","timestamp":"2023-11-09 12:48:15"},{"nodeID":"1294798","text":"Assertive Questioning","type":"YA","timestamp":"2023-11-09 12:48:15"},{"nodeID":"1294799","text":"AudienceMember 20220310QT13 thinks Vladimir Putin might be deterred by Russia already suffering thousands of casualties","type":"I","timestamp":"2023-11-09 12:48:16"},{"nodeID":"1294800","text":"Fiona Bruce: You think he might be deterred by that","type":"L","timestamp":"2023-11-09 12:48:16"},{"nodeID":"1294801","text":"Analysing","type":"YA","timestamp":"2023-11-09 12:48:16"},{"nodeID":"1294802","text":"Tuuli: Fiona Bruce: You think he might be deterred by that","type":"L","timestamp":"2023-11-09 12:48:16"},{"nodeID":"1294803","text":"Assertive Questioning","type":"YA","timestamp":"2023-11-09 12:48:16"},{"nodeID":"1294804","text":"Default Transition","type":"TA","timestamp":"2023-11-09 12:48:16"},{"nodeID":"1294805","text":"Default Rephrase","type":"MA","timestamp":"2023-11-09 12:48:16"},{"nodeID":"1294806","text":"Restating","type":"YA","timestamp":"2023-11-09 12:48:16"},{"nodeID":"1294807","text":"AudienceMember 20220310QT13:  Yes","type":"L","timestamp":"2023-11-09 12:48:16"},{"nodeID":"1294808","text":"Analysing","type":"YA","timestamp":"2023-11-09 12:48:16"},{"nodeID":"1294809","text":"Tuuli: AudienceMember 20220310QT13:  Yes","type":"L","timestamp":"2023-11-09 12:48:16"},{"nodeID":"1294810","text":"Default Transition","type":"TA","timestamp":"2023-11-09 12:48:16"},{"nodeID":"1294811","text":"Agreeing","type":"YA","timestamp":"2023-11-09 12:48:16"},{"nodeID":"1294812","text":"Vladimir Putin's army is being depleted","type":"I","timestamp":"2023-11-09 12:48:16"},{"nodeID":"1294813","text":"AudienceMember 20220310QT13: his army is being depleted","type":"L","timestamp":"2023-11-09 12:48:16"},{"nodeID":"1294814","text":"Analysing","type":"YA","timestamp":"2023-11-09 12:48:16"},{"nodeID":"1294815","text":"Tuuli: AudienceMember 20220310QT13: his army is being depleted","type":"L","timestamp":"2023-11-09 12:48:16"},{"nodeID":"1294816","text":"Asserting","type":"YA","timestamp":"2023-11-09 12:48:16"},{"nodeID":"1294817","text":"Default Transition","type":"TA","timestamp":"2023-11-09 12:48:16"},{"nodeID":"1294818","text":"Default Inference","type":"RA","timestamp":"2023-11-09 12:48:16"},{"nodeID":"1294819","text":"Arguing","type":"YA","timestamp":"2023-11-09 12:48:16"},{"nodeID":"1294820","text":"AudienceMember 20220310QT15 is coming from Latvia","type":"I","timestamp":"2023-11-09 12:48:17"},{"nodeID":"1294821","text":"AudienceMember 20220310QT15: I'm coming from Latvia","type":"L","timestamp":"2023-11-09 12:48:17"},{"nodeID":"1294822","text":"Analysing","type":"YA","timestamp":"2023-11-09 12:48:17"},{"nodeID":"1294823","text":"Tuuli: AudienceMember 20220310QT15: I'm coming from Latvia","type":"L","timestamp":"2023-11-09 12:48:17"},{"nodeID":"1294824","text":"Asserting","type":"YA","timestamp":"2023-11-09 12:48:17"},{"nodeID":"1294825","text":"Default Transition","type":"TA","timestamp":"2023-11-09 12:48:17"},{"nodeID":"1294826","text":"we're NATO","type":"I","timestamp":"2023-11-09 12:48:18"},{"nodeID":"1294827","text":"AudienceMember 20220310QT15: We're NATO","type":"L","timestamp":"2023-11-09 12:48:18"},{"nodeID":"1294828","text":"Analysing","type":"YA","timestamp":"2023-11-09 12:48:18"},{"nodeID":"1294829","text":"Tuuli: AudienceMember 20220310QT15: We're NATO","type":"L","timestamp":"2023-11-09 12:48:18"},{"nodeID":"1294830","text":"Asserting","type":"YA","timestamp":"2023-11-09 12:48:18"},{"nodeID":"1294831","text":"Default Transition","type":"TA","timestamp":"2023-11-09 12:48:18"},{"nodeID":"1294832","text":"we're very, very happy","type":"I","timestamp":"2023-11-09 12:48:18"},{"nodeID":"1294833","text":"AudienceMember 20220310QT15: we're very, very happy","type":"L","timestamp":"2023-11-09 12:48:18"},{"nodeID":"1294834","text":"Analysing","type":"YA","timestamp":"2023-11-09 12:48:18"},{"nodeID":"1294835","text":"Tuuli: AudienceMember 20220310QT15: we're very, very happy","type":"L","timestamp":"2023-11-09 12:48:18"},{"nodeID":"1294836","text":"Asserting","type":"YA","timestamp":"2023-11-09 12:48:18"},{"nodeID":"1294837","text":"Default Transition","type":"TA","timestamp":"2023-11-09 12:48:18"},{"nodeID":"1294838","text":"Default Inference","type":"RA","timestamp":"2023-11-09 12:48:18"},{"nodeID":"1294839","text":"Arguing","type":"YA","timestamp":"2023-11-09 12:48:18"},{"nodeID":"1294840","text":"we stepped in the last train basically","type":"I","timestamp":"2023-11-09 12:48:19"},{"nodeID":"1294841","text":"AudienceMember 20220310QT15: We stepped in the last train basically","type":"L","timestamp":"2023-11-09 12:48:19"},{"nodeID":"1294842","text":"Analysing","type":"YA","timestamp":"2023-11-09 12:48:19"},{"nodeID":"1294843","text":"Tuuli: AudienceMember 20220310QT15: We stepped in the last train basically","type":"L","timestamp":"2023-11-09 12:48:19"},{"nodeID":"1294844","text":"Asserting","type":"YA","timestamp":"2023-11-09 12:48:19"},{"nodeID":"1294845","text":"Default Transition","type":"TA","timestamp":"2023-11-09 12:48:19"},{"nodeID":"1294846","text":"Default Inference","type":"RA","timestamp":"2023-11-09 12:48:19"},{"nodeID":"1294847","text":"Arguing","type":"YA","timestamp":"2023-11-09 12:48:19"},{"nodeID":"1294848","text":"you can't estimate what is Vladimir Putin's mind and what he's thinking","type":"I","timestamp":"2023-11-09 12:48:20"},{"nodeID":"1294849","text":"AudienceMember 20220310QT15: you can't estimate what is his mind and what he's thinking","type":"L","timestamp":"2023-11-09 12:48:20"},{"nodeID":"1294850","text":"Analysing","type":"YA","timestamp":"2023-11-09 12:48:20"},{"nodeID":"1294851","text":"Tuuli: AudienceMember 20220310QT15: you can't estimate what is his mind and what he's thinking","type":"L","timestamp":"2023-11-09 12:48:20"},{"nodeID":"1294852","text":"Asserting","type":"YA","timestamp":"2023-11-09 12:48:20"},{"nodeID":"1294853","text":"Default Transition","type":"TA","timestamp":"2023-11-09 12:48:20"},{"nodeID":"1294854","text":"we need to remember that as the President of Russia, Vladimir Putin can do anything he likes","type":"I","timestamp":"2023-11-09 12:48:20"},{"nodeID":"1294855","text":"AudienceMember 20220310QT15: We need to remember that as the President of Russia, he can do anything he likes","type":"L","timestamp":"2023-11-09 12:48:20"},{"nodeID":"1294856","text":"Analysing","type":"YA","timestamp":"2023-11-09 12:48:20"},{"nodeID":"1294857","text":"Tuuli: AudienceMember 20220310QT15: We need to remember that as the President of Russia, he can do anything he likes","type":"L","timestamp":"2023-11-09 12:48:20"},{"nodeID":"1294858","text":"Asserting","type":"YA","timestamp":"2023-11-09 12:48:20"},{"nodeID":"1294859","text":"Default Transition","type":"TA","timestamp":"2023-11-09 12:48:20"},{"nodeID":"1294860","text":"we can bring out nuclear weapons any time","type":"I","timestamp":"2023-11-09 12:48:21"},{"nodeID":"1294861","text":"AudienceMember 20220310QT15: what he said previously and in the news this week, we can bring out nuclear weapons any time","type":"L","timestamp":"2023-11-09 12:48:21"},{"nodeID":"1294862","text":"Analysing","type":"YA","timestamp":"2023-11-09 12:48:21"},{"nodeID":"1294863","text":"Tuuli: AudienceMember 20220310QT15: what he said previously and in the news this week, we can bring out nuclear weapons any time","type":"L","timestamp":"2023-11-09 12:48:21"},{"nodeID":"1294864","text":"Default Transition","type":"TA","timestamp":"2023-11-09 12:48:21"},{"nodeID":"1294865","text":"Vladimir Putin: we can bring out nuclear weapons any time","type":"L","timestamp":"2023-11-09 12:48:21"},{"nodeID":"1294866","text":"Analysing","type":"YA","timestamp":"2023-11-09 12:48:21"},{"nodeID":"1294867","text":"Tuuli: Vladimir Putin: what he said previously and in the news this week, we can bring out nuclear weapons any time","type":"L","timestamp":"2023-11-09 12:48:21"},{"nodeID":"1294868","text":"Asserting","type":"YA","timestamp":"2023-11-09 12:48:21"},{"nodeID":"1294869","text":"Asserting","type":"YA","timestamp":"2023-11-09 12:48:21"},{"nodeID":"1294870","text":"Default Inference","type":"RA","timestamp":"2023-11-09 12:48:21"},{"nodeID":"1294871","text":"Arguing","type":"YA","timestamp":"2023-11-09 12:48:21"},{"nodeID":"1294872","text":"Vladimir Putin saying that we can bring out nuclear weapons any time means we need to be really, really careful","type":"I","timestamp":"2023-11-09 12:48:21"},{"nodeID":"1294873","text":"AudienceMember 20220310QT15: That means we need to be really, really careful","type":"L","timestamp":"2023-11-09 12:48:21"},{"nodeID":"1294874","text":"Analysing","type":"YA","timestamp":"2023-11-09 12:48:21"},{"nodeID":"1294875","text":"Tuuli: AudienceMember 20220310QT15: That means we need to be really, really careful","type":"L","timestamp":"2023-11-09 12:48:21"},{"nodeID":"1294876","text":"Asserting","type":"YA","timestamp":"2023-11-09 12:48:21"},{"nodeID":"1294877","text":"Default Transition","type":"TA","timestamp":"2023-11-09 12:48:21"},{"nodeID":"1294878","text":"Default Rephrase","type":"MA","timestamp":"2023-11-09 12:48:21"},{"nodeID":"1294879","text":"Restating","type":"YA","timestamp":"2023-11-09 12:48:21"},{"nodeID":"1294880","text":"the British Government are doing a really good job to support the Ukraine with military","type":"I","timestamp":"2023-11-09 12:48:22"},{"nodeID":"1294881","text":"AudienceMember 20220310QT15: the British Government are doing a really good job to support the Ukraine with military","type":"L","timestamp":"2023-11-09 12:48:22"},{"nodeID":"1294882","text":"Analysing","type":"YA","timestamp":"2023-11-09 12:48:22"},{"nodeID":"1294883","text":"Tuuli: AudienceMember 20220310QT15: the British Government are doing a really good job to support the Ukraine with military","type":"L","timestamp":"2023-11-09 12:48:22"},{"nodeID":"1294884","text":"Asserting","type":"YA","timestamp":"2023-11-09 12:48:22"},{"nodeID":"1294885","text":"Default Transition","type":"TA","timestamp":"2023-11-09 12:48:22"},{"nodeID":"1294886","text":"we need to do everything possible to make sure less people suffer","type":"I","timestamp":"2023-11-09 12:48:23"},{"nodeID":"1294887","text":"AudienceMember 20220310QT15: we need to do everything possible to make sure less people suffer","type":"L","timestamp":"2023-11-09 12:48:23"},{"nodeID":"1294888","text":"Analysing","type":"YA","timestamp":"2023-11-09 12:48:23"},{"nodeID":"1294889","text":"Tuuli: AudienceMember 20220310QT15: we need to do everything possible to make sure less people suffer","type":"L","timestamp":"2023-11-09 12:48:23"},{"nodeID":"1294890","text":"Asserting","type":"YA","timestamp":"2023-11-09 12:48:23"},{"nodeID":"1294891","text":"Default Transition","type":"TA","timestamp":"2023-11-09 12:48:23"},{"nodeID":"1294892","text":"AudienceMember 20220310QT15 knows their country's history","type":"I","timestamp":"2023-11-09 12:48:23"},{"nodeID":"1294893","text":"AudienceMember 20220310QT15: I know my country's history","type":"L","timestamp":"2023-11-09 12:48:23"},{"nodeID":"1294894","text":"Analysing","type":"YA","timestamp":"2023-11-09 12:48:23"},{"nodeID":"1294895","text":"Tuuli: AudienceMember 20220310QT15: I know my country's history","type":"L","timestamp":"2023-11-09 12:48:23"},{"nodeID":"1294896","text":"Asserting","type":"YA","timestamp":"2023-11-09 12:48:23"},{"nodeID":"1294897","text":"Default Transition","type":"TA","timestamp":"2023-11-09 12:48:23"},{"nodeID":"1294898","text":"Default Inference","type":"RA","timestamp":"2023-11-09 12:48:23"},{"nodeID":"1294899","text":"Arguing","type":"YA","timestamp":"2023-11-09 12:48:23"},{"nodeID":"1294900","text":"Default Inference","type":"RA","timestamp":"2023-11-09 12:48:23"},{"nodeID":"1294901","text":"Arguing","type":"YA","timestamp":"2023-11-09 12:48:23"},{"nodeID":"1294902","text":"Latvia's history has been really, really hard","type":"I","timestamp":"2023-11-09 12:48:24"},{"nodeID":"1294903","text":"AudienceMember 20220310QT15: It has been really, really hard","type":"L","timestamp":"2023-11-09 12:48:24"},{"nodeID":"1294904","text":"Analysing","type":"YA","timestamp":"2023-11-09 12:48:24"},{"nodeID":"1294905","text":"Tuuli: AudienceMember 20220310QT15: It has been really, really hard","type":"L","timestamp":"2023-11-09 12:48:24"},{"nodeID":"1294906","text":"Asserting","type":"YA","timestamp":"2023-11-09 12:48:24"},{"nodeID":"1294907","text":"we are really, really proud","type":"I","timestamp":"2023-11-09 12:48:25"},{"nodeID":"1294908","text":"AudienceMember 20220310QT15: we are really, really proud","type":"L","timestamp":"2023-11-09 12:48:25"},{"nodeID":"1294909","text":"Analysing","type":"YA","timestamp":"2023-11-09 12:48:25"},{"nodeID":"1294910","text":"Tuuli: AudienceMember 20220310QT15: we are really, really proud","type":"L","timestamp":"2023-11-09 12:48:25"},{"nodeID":"1294911","text":"Asserting","type":"YA","timestamp":"2023-11-09 12:48:25"},{"nodeID":"1294912","text":"We have this independence","type":"I","timestamp":"2023-11-09 12:48:25"},{"nodeID":"1294913","text":"AudienceMember 20220310QT15: We have this independence","type":"L","timestamp":"2023-11-09 12:48:25"},{"nodeID":"1294914","text":"Analysing","type":"YA","timestamp":"2023-11-09 12:48:25"},{"nodeID":"1294915","text":"Tuuli: AudienceMember 20220310QT15: We have this independence","type":"L","timestamp":"2023-11-09 12:48:25"},{"nodeID":"1294916","text":"Asserting","type":"YA","timestamp":"2023-11-09 12:48:25"},{"nodeID":"1294917","text":"we're going to do everything that's possible","type":"I","timestamp":"2023-11-09 12:48:26"},{"nodeID":"1294918","text":"AudienceMember 20220310QT15: we're going to do everything that's possible","type":"L","timestamp":"2023-11-09 12:48:26"},{"nodeID":"1294919","text":"Analysing","type":"YA","timestamp":"2023-11-09 12:48:26"},{"nodeID":"1294920","text":"Tuuli: AudienceMember 20220310QT15: we're going to do everything that's possible","type":"L","timestamp":"2023-11-09 12:48:26"},{"nodeID":"1294921","text":"Asserting","type":"YA","timestamp":"2023-11-09 12:48:26"},{"nodeID":"1294922","text":"AudienceMember 20220310QT15 is really sorry that Ukraine needs to go through the war","type":"I","timestamp":"2023-11-09 12:48:26"},{"nodeID":"1294923","text":"AudienceMember 20220310QT15: I'm really sorry that Ukraine needs to go through this","type":"L","timestamp":"2023-11-09 12:48:26"},{"nodeID":"1294924","text":"Analysing","type":"YA","timestamp":"2023-11-09 12:48:26"},{"nodeID":"1294925","text":"Tuuli: AudienceMember 20220310QT15: I'm really sorry that Ukraine needs to go through this","type":"L","timestamp":"2023-11-09 12:48:26"},{"nodeID":"1294926","text":"Asserting","type":"YA","timestamp":"2023-11-09 12:48:26"},{"nodeID":"1294927","text":"Default Transition","type":"TA","timestamp":"2023-11-09 12:48:26"},{"nodeID":"1294928","text":"Default Transition","type":"TA","timestamp":"2023-11-09 12:48:26"},{"nodeID":"1294929","text":"Default Transition","type":"TA","timestamp":"2023-11-09 12:48:26"},{"nodeID":"1294930","text":"Default Transition","type":"TA","timestamp":"2023-11-09 12:48:26"},{"nodeID":"1294931","text":"Default Rephrase","type":"MA","timestamp":"2023-11-09 12:48:26"},{"nodeID":"1294932","text":"Restating","type":"YA","timestamp":"2023-11-09 12:48:26"},{"nodeID":"1294933","text":"Default Inference","type":"RA","timestamp":"2023-11-09 12:48:26"},{"nodeID":"1294934","text":"Arguing","type":"YA","timestamp":"2023-11-09 12:48:26"},{"nodeID":"1294935","text":"Default Inference","type":"RA","timestamp":"2023-11-09 12:48:26"},{"nodeID":"1294936","text":"Arguing","type":"YA","timestamp":"2023-11-09 12:48:26"},{"nodeID":"1294937","text":"AudienceMember 20220310QT25 really, really hopes so all the world looking and thinking what we can do to protect everybody else","type":"I","timestamp":"2023-11-09 12:48:27"},{"nodeID":"1294938","text":"AudienceMember 20220310QT15: I really, really hope so all the world looking and thinking what we can do to protect everybody else","type":"L","timestamp":"2023-11-09 12:48:27"},{"nodeID":"1294939","text":"Analysing","type":"YA","timestamp":"2023-11-09 12:48:27"},{"nodeID":"1294940","text":"Tuuli: AudienceMember 20220310QT15: I really, really hope so all the world looking and thinking what we can do to protect everybody else","type":"L","timestamp":"2023-11-09 12:48:27"},{"nodeID":"1294941","text":"Asserting","type":"YA","timestamp":"2023-11-09 12:48:27"},{"nodeID":"1294942","text":"Default Transition","type":"TA","timestamp":"2023-11-09 12:48:27"},{"nodeID":"1294943","text":"Default Transition","type":"TA","timestamp":"2023-11-09 12:48:27"},{"nodeID":"1294944","text":"Default Inference","type":"RA","timestamp":"2023-11-09 12:48:27"},{"nodeID":"1294945","text":"Arguing","type":"YA","timestamp":"2023-11-09 12:48:27"},{"nodeID":"1294946","text":"Default Inference","type":"RA","timestamp":"2023-11-09 12:48:27"},{"nodeID":"1294947","text":"Arguing","type":"YA","timestamp":"2023-11-09 12:48:27"}],"edges":[{"edgeID":"1702197","fromID":"1294793","toID":"1294792","formEdgeID":null},{"edgeID":"1702198","fromID":"1294796","toID":"1294795","formEdgeID":null},{"edgeID":"1702199","fromID":"1294797","toID":"1294796","formEdgeID":null},{"edgeID":"1702200","fromID":"1294795","toID":"1294798","formEdgeID":null},{"edgeID":"1702201","fromID":"1294798","toID":"1294794","formEdgeID":null},{"edgeID":"1702202","fromID":"1294801","toID":"1294800","formEdgeID":null},{"edgeID":"1702203","fromID":"1294802","toID":"1294801","formEdgeID":null},{"edgeID":"1702204","fromID":"1294800","toID":"1294803","formEdgeID":null},{"edgeID":"1702205","fromID":"1294803","toID":"1294799","formEdgeID":null},{"edgeID":"1702206","fromID":"1294795","toID":"1294804","formEdgeID":null},{"edgeID":"1702207","fromID":"1294804","toID":"1294800","formEdgeID":null},{"edgeID":"1702208","fromID":"1294799","toID":"1294805","formEdgeID":null},{"edgeID":"1702209","fromID":"1294805","toID":"1294794","formEdgeID":null},{"edgeID":"1702210","fromID":"1294804","toID":"1294806","formEdgeID":null},{"edgeID":"1702211","fromID":"1294806","toID":"1294805","formEdgeID":null},{"edgeID":"1702212","fromID":"1294808","toID":"1294807","formEdgeID":null},{"edgeID":"1702213","fromID":"1294809","toID":"1294808","formEdgeID":null},{"edgeID":"1702214","fromID":"1294800","toID":"1294810","formEdgeID":null},{"edgeID":"1702215","fromID":"1294810","toID":"1294807","formEdgeID":null},{"edgeID":"1702216","fromID":"1294810","toID":"1294811","formEdgeID":null},{"edgeID":"1702217","fromID":"1294811","toID":"1294799","formEdgeID":null},{"edgeID":"1702218","fromID":"1294814","toID":"1294813","formEdgeID":null},{"edgeID":"1702219","fromID":"1294815","toID":"1294814","formEdgeID":null},{"edgeID":"1702220","fromID":"1294813","toID":"1294816","formEdgeID":null},{"edgeID":"1702221","fromID":"1294816","toID":"1294812","formEdgeID":null},{"edgeID":"1702222","fromID":"1294807","toID":"1294817","formEdgeID":null},{"edgeID":"1702223","fromID":"1294817","toID":"1294813","formEdgeID":null},{"edgeID":"1702224","fromID":"1294812","toID":"1294818","formEdgeID":null},{"edgeID":"1702225","fromID":"1294818","toID":"1294799","formEdgeID":null},{"edgeID":"1702226","fromID":"1294817","toID":"1294819","formEdgeID":null},{"edgeID":"1702227","fromID":"1294819","toID":"1294818","formEdgeID":null},{"edgeID":"1702228","fromID":"1294822","toID":"1294821","formEdgeID":null},{"edgeID":"1702229","fromID":"1294823","toID":"1294822","formEdgeID":null},{"edgeID":"1702230","fromID":"1294821","toID":"1294824","formEdgeID":null},{"edgeID":"1702231","fromID":"1294824","toID":"1294820","formEdgeID":null},{"edgeID":"1702232","fromID":"1294813","toID":"1294825","formEdgeID":null},{"edgeID":"1702233","fromID":"1294825","toID":"1294821","formEdgeID":null},{"edgeID":"1702234","fromID":"1294828","toID":"1294827","formEdgeID":null},{"edgeID":"1702235","fromID":"1294829","toID":"1294828","formEdgeID":null},{"edgeID":"1702236","fromID":"1294827","toID":"1294830","formEdgeID":null},{"edgeID":"1702237","fromID":"1294830","toID":"1294826","formEdgeID":null},{"edgeID":"1702238","fromID":"1294821","toID":"1294831","formEdgeID":null},{"edgeID":"1702239","fromID":"1294831","toID":"1294827","formEdgeID":null},{"edgeID":"1702240","fromID":"1294834","toID":"1294833","formEdgeID":null},{"edgeID":"1702241","fromID":"1294835","toID":"1294834","formEdgeID":null},{"edgeID":"1702242","fromID":"1294833","toID":"1294836","formEdgeID":null},{"edgeID":"1702243","fromID":"1294836","toID":"1294832","formEdgeID":null},{"edgeID":"1702244","fromID":"1294827","toID":"1294837","formEdgeID":null},{"edgeID":"1702245","fromID":"1294837","toID":"1294833","formEdgeID":null},{"edgeID":"1702246","fromID":"1294826","toID":"1294838","formEdgeID":null},{"edgeID":"1702247","fromID":"1294838","toID":"1294832","formEdgeID":null},{"edgeID":"1702248","fromID":"1294837","toID":"1294839","formEdgeID":null},{"edgeID":"1702249","fromID":"1294839","toID":"1294838","formEdgeID":null},{"edgeID":"1702250","fromID":"1294842","toID":"1294841","formEdgeID":null},{"edgeID":"1702251","fromID":"1294843","toID":"1294842","formEdgeID":null},{"edgeID":"1702252","fromID":"1294841","toID":"1294844","formEdgeID":null},{"edgeID":"1702253","fromID":"1294844","toID":"1294840","formEdgeID":null},{"edgeID":"1702254","fromID":"1294833","toID":"1294845","formEdgeID":null},{"edgeID":"1702255","fromID":"1294845","toID":"1294841","formEdgeID":null},{"edgeID":"1702256","fromID":"1294840","toID":"1294846","formEdgeID":null},{"edgeID":"1702257","fromID":"1294846","toID":"1294832","formEdgeID":null},{"edgeID":"1702258","fromID":"1294845","toID":"1294847","formEdgeID":null},{"edgeID":"1702259","fromID":"1294847","toID":"1294846","formEdgeID":null},{"edgeID":"1702260","fromID":"1294850","toID":"1294849","formEdgeID":null},{"edgeID":"1702261","fromID":"1294851","toID":"1294850","formEdgeID":null},{"edgeID":"1702262","fromID":"1294849","toID":"1294852","formEdgeID":null},{"edgeID":"1702263","fromID":"1294852","toID":"1294848","formEdgeID":null},{"edgeID":"1702264","fromID":"1294841","toID":"1294853","formEdgeID":null},{"edgeID":"1702265","fromID":"1294853","toID":"1294849","formEdgeID":null},{"edgeID":"1702266","fromID":"1294856","toID":"1294855","formEdgeID":null},{"edgeID":"1702267","fromID":"1294857","toID":"1294856","formEdgeID":null},{"edgeID":"1702268","fromID":"1294855","toID":"1294858","formEdgeID":null},{"edgeID":"1702269","fromID":"1294858","toID":"1294854","formEdgeID":null},{"edgeID":"1702270","fromID":"1294849","toID":"1294859","formEdgeID":null},{"edgeID":"1702271","fromID":"1294859","toID":"1294855","formEdgeID":null},{"edgeID":"1702272","fromID":"1294862","toID":"1294861","formEdgeID":null},{"edgeID":"1702273","fromID":"1294863","toID":"1294862","formEdgeID":null},{"edgeID":"1702274","fromID":"1294855","toID":"1294864","formEdgeID":null},{"edgeID":"1702275","fromID":"1294864","toID":"1294861","formEdgeID":null},{"edgeID":"1702276","fromID":"1294866","toID":"1294865","formEdgeID":null},{"edgeID":"1702277","fromID":"1294867","toID":"1294866","formEdgeID":null},{"edgeID":"1702278","fromID":"1294865","toID":"1294868","formEdgeID":null},{"edgeID":"1702279","fromID":"1294868","toID":"1294860","formEdgeID":null},{"edgeID":"1702280","fromID":"1294861","toID":"1294869","formEdgeID":null},{"edgeID":"1702281","fromID":"1294869","toID":"1294865","formEdgeID":null},{"edgeID":"1702282","fromID":"1294854","toID":"1294870","formEdgeID":null},{"edgeID":"1702283","fromID":"1294870","toID":"1294860","formEdgeID":null},{"edgeID":"1702284","fromID":"1294864","toID":"1294871","formEdgeID":null},{"edgeID":"1702285","fromID":"1294871","toID":"1294870","formEdgeID":null},{"edgeID":"1702286","fromID":"1294874","toID":"1294873","formEdgeID":null},{"edgeID":"1702287","fromID":"1294875","toID":"1294874","formEdgeID":null},{"edgeID":"1702288","fromID":"1294873","toID":"1294876","formEdgeID":null},{"edgeID":"1702289","fromID":"1294876","toID":"1294872","formEdgeID":null},{"edgeID":"1702290","fromID":"1294861","toID":"1294877","formEdgeID":null},{"edgeID":"1702291","fromID":"1294877","toID":"1294873","formEdgeID":null},{"edgeID":"1702292","fromID":"1294872","toID":"1294878","formEdgeID":null},{"edgeID":"1702293","fromID":"1294878","toID":"1294860","formEdgeID":null},{"edgeID":"1702294","fromID":"1294877","toID":"1294879","formEdgeID":null},{"edgeID":"1702295","fromID":"1294879","toID":"1294878","formEdgeID":null},{"edgeID":"1702296","fromID":"1294882","toID":"1294881","formEdgeID":null},{"edgeID":"1702297","fromID":"1294883","toID":"1294882","formEdgeID":null},{"edgeID":"1702298","fromID":"1294881","toID":"1294884","formEdgeID":null},{"edgeID":"1702299","fromID":"1294884","toID":"1294880","formEdgeID":null},{"edgeID":"1702300","fromID":"1294873","toID":"1294885","formEdgeID":null},{"edgeID":"1702301","fromID":"1294885","toID":"1294881","formEdgeID":null},{"edgeID":"1702302","fromID":"1294888","toID":"1294887","formEdgeID":null},{"edgeID":"1702303","fromID":"1294889","toID":"1294888","formEdgeID":null},{"edgeID":"1702304","fromID":"1294887","toID":"1294890","formEdgeID":null},{"edgeID":"1702305","fromID":"1294890","toID":"1294886","formEdgeID":null},{"edgeID":"1702306","fromID":"1294881","toID":"1294891","formEdgeID":null},{"edgeID":"1702307","fromID":"1294891","toID":"1294887","formEdgeID":null},{"edgeID":"1702308","fromID":"1294894","toID":"1294893","formEdgeID":null},{"edgeID":"1702309","fromID":"1294895","toID":"1294894","formEdgeID":null},{"edgeID":"1702310","fromID":"1294893","toID":"1294896","formEdgeID":null},{"edgeID":"1702311","fromID":"1294896","toID":"1294892","formEdgeID":null},{"edgeID":"1702312","fromID":"1294887","toID":"1294897","formEdgeID":null},{"edgeID":"1702313","fromID":"1294897","toID":"1294893","formEdgeID":null},{"edgeID":"1702314","fromID":"1294892","toID":"1294898","formEdgeID":null},{"edgeID":"1702315","fromID":"1294898","toID":"1294886","formEdgeID":null},{"edgeID":"1702316","fromID":"1294897","toID":"1294899","formEdgeID":null},{"edgeID":"1702317","fromID":"1294899","toID":"1294898","formEdgeID":null},{"edgeID":"1702318","fromID":"1294886","toID":"1294900","formEdgeID":null},{"edgeID":"1702319","fromID":"1294900","toID":"1294880","formEdgeID":null},{"edgeID":"1702320","fromID":"1294891","toID":"1294901","formEdgeID":null},{"edgeID":"1702321","fromID":"1294901","toID":"1294900","formEdgeID":null},{"edgeID":"1702322","fromID":"1294904","toID":"1294903","formEdgeID":null},{"edgeID":"1702323","fromID":"1294905","toID":"1294904","formEdgeID":null},{"edgeID":"1702324","fromID":"1294903","toID":"1294906","formEdgeID":null},{"edgeID":"1702325","fromID":"1294906","toID":"1294902","formEdgeID":null},{"edgeID":"1702326","fromID":"1294909","toID":"1294908","formEdgeID":null},{"edgeID":"1702327","fromID":"1294910","toID":"1294909","formEdgeID":null},{"edgeID":"1702328","fromID":"1294908","toID":"1294911","formEdgeID":null},{"edgeID":"1702329","fromID":"1294911","toID":"1294907","formEdgeID":null},{"edgeID":"1702330","fromID":"1294914","toID":"1294913","formEdgeID":null},{"edgeID":"1702331","fromID":"1294915","toID":"1294914","formEdgeID":null},{"edgeID":"1702332","fromID":"1294913","toID":"1294916","formEdgeID":null},{"edgeID":"1702333","fromID":"1294916","toID":"1294912","formEdgeID":null},{"edgeID":"1702334","fromID":"1294919","toID":"1294918","formEdgeID":null},{"edgeID":"1702335","fromID":"1294920","toID":"1294919","formEdgeID":null},{"edgeID":"1702336","fromID":"1294918","toID":"1294921","formEdgeID":null},{"edgeID":"1702337","fromID":"1294921","toID":"1294917","formEdgeID":null},{"edgeID":"1702338","fromID":"1294924","toID":"1294923","formEdgeID":null},{"edgeID":"1702339","fromID":"1294925","toID":"1294924","formEdgeID":null},{"edgeID":"1702340","fromID":"1294923","toID":"1294926","formEdgeID":null},{"edgeID":"1702341","fromID":"1294926","toID":"1294922","formEdgeID":null},{"edgeID":"1702342","fromID":"1294893","toID":"1294927","formEdgeID":null},{"edgeID":"1702343","fromID":"1294927","toID":"1294903","formEdgeID":null},{"edgeID":"1702344","fromID":"1294903","toID":"1294928","formEdgeID":null},{"edgeID":"1702345","fromID":"1294928","toID":"1294908","formEdgeID":null},{"edgeID":"1702346","fromID":"1294908","toID":"1294929","formEdgeID":null},{"edgeID":"1702347","fromID":"1294929","toID":"1294913","formEdgeID":null},{"edgeID":"1702348","fromID":"1294913","toID":"1294930","formEdgeID":null},{"edgeID":"1702349","fromID":"1294930","toID":"1294918","formEdgeID":null},{"edgeID":"1702350","fromID":"1294902","toID":"1294931","formEdgeID":null},{"edgeID":"1702351","fromID":"1294931","toID":"1294892","formEdgeID":null},{"edgeID":"1702352","fromID":"1294927","toID":"1294932","formEdgeID":null},{"edgeID":"1702353","fromID":"1294932","toID":"1294931","formEdgeID":null},{"edgeID":"1702354","fromID":"1294907","toID":"1294933","formEdgeID":null},{"edgeID":"1702355","fromID":"1294933","toID":"1294902","formEdgeID":null},{"edgeID":"1702356","fromID":"1294928","toID":"1294934","formEdgeID":null},{"edgeID":"1702357","fromID":"1294934","toID":"1294933","formEdgeID":null},{"edgeID":"1702358","fromID":"1294912","toID":"1294935","formEdgeID":null},{"edgeID":"1702359","fromID":"1294935","toID":"1294907","formEdgeID":null},{"edgeID":"1702360","fromID":"1294929","toID":"1294936","formEdgeID":null},{"edgeID":"1702361","fromID":"1294936","toID":"1294935","formEdgeID":null},{"edgeID":"1702362","fromID":"1294939","toID":"1294938","formEdgeID":null},{"edgeID":"1702363","fromID":"1294940","toID":"1294939","formEdgeID":null},{"edgeID":"1702364","fromID":"1294938","toID":"1294941","formEdgeID":null},{"edgeID":"1702365","fromID":"1294941","toID":"1294937","formEdgeID":null},{"edgeID":"1702366","fromID":"1294918","toID":"1294942","formEdgeID":null},{"edgeID":"1702367","fromID":"1294942","toID":"1294938","formEdgeID":null},{"edgeID":"1702368","fromID":"1294938","toID":"1294943","formEdgeID":null},{"edgeID":"1702369","fromID":"1294943","toID":"1294923","formEdgeID":null},{"edgeID":"1702370","fromID":"1294917","toID":"1294944","formEdgeID":null},{"edgeID":"1702371","fromID":"1294944","toID":"1294937","formEdgeID":null},{"edgeID":"1702372","fromID":"1294942","toID":"1294945","formEdgeID":null},{"edgeID":"1702373","fromID":"1294945","toID":"1294944","formEdgeID":null},{"edgeID":"1702374","fromID":"1294912","toID":"1294946","formEdgeID":null},{"edgeID":"1702375","fromID":"1294946","toID":"1294917","formEdgeID":null},{"edgeID":"1702376","fromID":"1294930","toID":"1294947","formEdgeID":null},{"edgeID":"1702377","fromID":"1294947","toID":"1294946","formEdgeID":null}],"locutions":[]}