{"nodes":[{"nodeID":"1294541","text":"a hope that the sea of people in Moscow might just manage to either overthrow Vladimir Putin or somehow divert him into a different course is a false one","type":"I","timestamp":"2023-11-09 12:47:54"},{"nodeID":"1294542","text":"Konstantin Kisin: That's a false hope","type":"L","timestamp":"2023-11-09 12:47:54"},{"nodeID":"1294543","text":"Analysing","type":"YA","timestamp":"2023-11-09 12:47:54"},{"nodeID":"1294544","text":"Dominika: Konstantin Kisin: That's a false hope","type":"L","timestamp":"2023-11-09 12:47:54"},{"nodeID":"1294545","text":"Asserting","type":"YA","timestamp":"2023-11-09 12:47:54"},{"nodeID":"1294546","text":"overthrowing Vladimir Putin is not going to happen","type":"I","timestamp":"2023-11-09 12:47:55"},{"nodeID":"1294547","text":"Konstantin Kisin: It is not going to happen","type":"L","timestamp":"2023-11-09 12:47:55"},{"nodeID":"1294548","text":"Analysing","type":"YA","timestamp":"2023-11-09 12:47:55"},{"nodeID":"1294549","text":"Dominika: Konstantin Kisin: It is not going to happen","type":"L","timestamp":"2023-11-09 12:47:55"},{"nodeID":"1294550","text":"Asserting","type":"YA","timestamp":"2023-11-09 12:47:55"},{"nodeID":"1294551","text":"Vladimir Putin has been in power since 1999","type":"I","timestamp":"2023-11-09 12:47:56"},{"nodeID":"1294552","text":"Konstantin Kisin: He has been in power since 1999","type":"L","timestamp":"2023-11-09 12:47:56"},{"nodeID":"1294553","text":"Analysing","type":"YA","timestamp":"2023-11-09 12:47:56"},{"nodeID":"1294554","text":"Dominika: Konstantin Kisin: He has been in power since 1999","type":"L","timestamp":"2023-11-09 12:47:56"},{"nodeID":"1294555","text":"Asserting","type":"YA","timestamp":"2023-11-09 12:47:56"},{"nodeID":"1294556","text":"Vladimir Putin, when he came to power, we were worried about the millennium bug","type":"I","timestamp":"2023-11-09 12:47:56"},{"nodeID":"1294557","text":"Konstantin Kisin: Vladimir Putin, when he came to power, we were worried about the millennium bug","type":"L","timestamp":"2023-11-09 12:47:56"},{"nodeID":"1294558","text":"Analysing","type":"YA","timestamp":"2023-11-09 12:47:56"},{"nodeID":"1294559","text":"Dominika: Konstantin Kisin: Vladimir Putin, when he came to power, we were worried about the millennium bug","type":"L","timestamp":"2023-11-09 12:47:56"},{"nodeID":"1294560","text":"Asserting","type":"YA","timestamp":"2023-11-09 12:47:56"},{"nodeID":"1294561","text":"Vladimir Putin had plenty of time to get the country under his control","type":"I","timestamp":"2023-11-09 12:47:57"},{"nodeID":"1294562","text":"Konstantin Kisin: he had plenty of time to get the country under his control","type":"L","timestamp":"2023-11-09 12:47:57"},{"nodeID":"1294563","text":"Analysing","type":"YA","timestamp":"2023-11-09 12:47:57"},{"nodeID":"1294564","text":"Dominika: Konstantin Kisin: he had plenty of time to get the country under his control","type":"L","timestamp":"2023-11-09 12:47:57"},{"nodeID":"1294565","text":"Asserting","type":"YA","timestamp":"2023-11-09 12:47:57"},{"nodeID":"1294566","text":"Konstantin Kisin: None of that is going to happen","type":"L","timestamp":"2023-11-09 12:47:57"},{"nodeID":"1294567","text":"Analysing","type":"YA","timestamp":"2023-11-09 12:47:57"},{"nodeID":"1294568","text":"Dominika: Konstantin Kisin: None of that is going to happen","type":"L","timestamp":"2023-11-09 12:47:57"},{"nodeID":"1294569","text":"Asserting","type":"YA","timestamp":"2023-11-09 12:47:57"},{"nodeID":"1294570","text":"we have to deal with the real politic of this","type":"I","timestamp":"2023-11-09 12:47:57"},{"nodeID":"1294571","text":"Konstantin Kisin: We have to deal with the real politic of this","type":"L","timestamp":"2023-11-09 12:47:57"},{"nodeID":"1294572","text":"Analysing","type":"YA","timestamp":"2023-11-09 12:47:57"},{"nodeID":"1294573","text":"Dominika: Konstantin Kisin: We have to deal with the real politic of this","type":"L","timestamp":"2023-11-09 12:47:57"},{"nodeID":"1294574","text":"Asserting","type":"YA","timestamp":"2023-11-09 12:47:57"},{"nodeID":"1294575","text":"the real politic is Ukrainians are going to have to put up a fight","type":"I","timestamp":"2023-11-09 12:47:58"},{"nodeID":"1294576","text":"Konstantin Kisin: the real politic is Ukrainians are going to have to put up a fight","type":"L","timestamp":"2023-11-09 12:47:58"},{"nodeID":"1294577","text":"Analysing","type":"YA","timestamp":"2023-11-09 12:47:58"},{"nodeID":"1294578","text":"Dominika: Konstantin Kisin: the real politic is Ukrainians are going to have to put up a fight","type":"L","timestamp":"2023-11-09 12:47:58"},{"nodeID":"1294579","text":"Asserting","type":"YA","timestamp":"2023-11-09 12:47:58"},{"nodeID":"1294580","text":"Ukrainians are going to have to get to the negotiating table","type":"I","timestamp":"2023-11-09 12:47:59"},{"nodeID":"1294581","text":"Konstantin Kisin: they're going to have to get to the negotiating table","type":"L","timestamp":"2023-11-09 12:47:59"},{"nodeID":"1294582","text":"Analysing","type":"YA","timestamp":"2023-11-09 12:47:59"},{"nodeID":"1294583","text":"Dominika: Konstantin Kisin: they're going to have to get to the negotiating table","type":"L","timestamp":"2023-11-09 12:47:59"},{"nodeID":"1294584","text":"Asserting","type":"YA","timestamp":"2023-11-09 12:47:59"},{"nodeID":"1294585","text":"Ukrainians are going to have to give away things that they don't care about which is Crimea and the two eastern regions","type":"I","timestamp":"2023-11-09 12:47:59"},{"nodeID":"1294586","text":"Konstantin Kisin: they're going to have to give away things that they don't care about which is Crimea and the two eastern regions","type":"L","timestamp":"2023-11-09 12:47:59"},{"nodeID":"1294587","text":"Analysing","type":"YA","timestamp":"2023-11-09 12:47:59"},{"nodeID":"1294588","text":"Dominika: Konstantin Kisin: they're going to have to give away things that they don't care about which is Crimea and the two eastern regions","type":"L","timestamp":"2023-11-09 12:47:59"},{"nodeID":"1294589","text":"Asserting","type":"YA","timestamp":"2023-11-09 12:47:59"},{"nodeID":"1294590","text":"nobody expects to get Crimea and the two eastern regions back","type":"I","timestamp":"2023-11-09 12:48:00"},{"nodeID":"1294591","text":"Konstantin Kisin: Nobody expects to get them back","type":"L","timestamp":"2023-11-09 12:48:00"},{"nodeID":"1294592","text":"Analysing","type":"YA","timestamp":"2023-11-09 12:48:00"},{"nodeID":"1294593","text":"Dominika: Konstantin Kisin: Nobody expects to get them back","type":"L","timestamp":"2023-11-09 12:48:00"},{"nodeID":"1294594","text":"Asserting","type":"YA","timestamp":"2023-11-09 12:48:00"},{"nodeID":"1294595","text":"we in the West are going to have to put not promises, but actual things in place that will ensure Ukraine's long-term security","type":"I","timestamp":"2023-11-09 12:48:01"},{"nodeID":"1294596","text":"Konstantin Kisin: We in the West are going to have to put not promises, but actual things in place that will ensure Ukraine's long-term security","type":"L","timestamp":"2023-11-09 12:48:01"},{"nodeID":"1294597","text":"Analysing","type":"YA","timestamp":"2023-11-09 12:48:01"},{"nodeID":"1294598","text":"Dominika: Konstantin Kisin: We in the West are going to have to put not promises, but actual things in place that will ensure Ukraine's long-term security","type":"L","timestamp":"2023-11-09 12:48:01"},{"nodeID":"1294599","text":"Asserting","type":"YA","timestamp":"2023-11-09 12:48:01"},{"nodeID":"1294600","text":"Ukraine cannot be invaded again","type":"I","timestamp":"2023-11-09 12:48:01"},{"nodeID":"1294601","text":"Konstantin Kisin: so that country cannot be invaded again","type":"L","timestamp":"2023-11-09 12:48:01"},{"nodeID":"1294602","text":"Analysing","type":"YA","timestamp":"2023-11-09 12:48:01"},{"nodeID":"1294603","text":"Dominika: Konstantin Kisin: so that country cannot be invaded again","type":"L","timestamp":"2023-11-09 12:48:01"},{"nodeID":"1294604","text":"Asserting","type":"YA","timestamp":"2023-11-09 12:48:01"},{"nodeID":"1294605","text":"more pieces cannot be bitting off Ukraine","type":"I","timestamp":"2023-11-09 12:48:02"},{"nodeID":"1294606","text":"Konstantin Kisin: More pieces cannot be bitting off it","type":"L","timestamp":"2023-11-09 12:48:02"},{"nodeID":"1294607","text":"Analysing","type":"YA","timestamp":"2023-11-09 12:48:02"},{"nodeID":"1294608","text":"Dominika: Konstantin Kisin: More pieces cannot be bitting off it","type":"L","timestamp":"2023-11-09 12:48:02"},{"nodeID":"1294609","text":"Asserting","type":"YA","timestamp":"2023-11-09 12:48:02"},{"nodeID":"1294610","text":"preventing more pieces being bitten off Ukraine may involve some peace-keeping force on that border","type":"I","timestamp":"2023-11-09 12:48:02"},{"nodeID":"1294611","text":"Konstantin Kisin:  that may involve some peace-keeping force on that border","type":"L","timestamp":"2023-11-09 12:48:02"},{"nodeID":"1294612","text":"Analysing","type":"YA","timestamp":"2023-11-09 12:48:02"},{"nodeID":"1294613","text":"Dominika: Konstantin Kisin:  that may involve some peace-keeping force on that border","type":"L","timestamp":"2023-11-09 12:48:02"},{"nodeID":"1294614","text":"Asserting","type":"YA","timestamp":"2023-11-09 12:48:02"},{"nodeID":"1294615","text":"AudienceMember 20220310QT05 agrees with what Konstantin Kisin said","type":"I","timestamp":"2023-11-09 12:48:03"},{"nodeID":"1294616","text":"AudienceMember 20220310QT05: I agree with what Konstantin Kisin said","type":"L","timestamp":"2023-11-09 12:48:03"},{"nodeID":"1294617","text":"Analysing","type":"YA","timestamp":"2023-11-09 12:48:03"},{"nodeID":"1294618","text":"Dominika: AudienceMember 20220310QT05: I agree with what Konstantin Kisin said","type":"L","timestamp":"2023-11-09 12:48:03"},{"nodeID":"1294619","text":"Asserting","type":"YA","timestamp":"2023-11-09 12:48:03"},{"nodeID":"1294620","text":"AudienceMember 20220310QT05 finds it incredulous that you talk about you don't know what Vladimir Putin wants","type":"I","timestamp":"2023-11-09 12:48:04"},{"nodeID":"1294621","text":"AudienceMember 20220310QT05: I find it incredulous that you talk about you don't know what Mr Putin wants","type":"L","timestamp":"2023-11-09 12:48:04"},{"nodeID":"1294622","text":"Analysing","type":"YA","timestamp":"2023-11-09 12:48:04"},{"nodeID":"1294623","text":"Dominika: AudienceMember 20220310QT05: I find it incredulous that you talk about you don't know what Mr Putin wants","type":"L","timestamp":"2023-11-09 12:48:04"},{"nodeID":"1294624","text":"Asserting","type":"YA","timestamp":"2023-11-09 12:48:04"},{"nodeID":"1294625","text":"it is obvious what Vladimir Putin wants","type":"I","timestamp":"2023-11-09 12:48:04"},{"nodeID":"1294626","text":"AudienceMember 20220310QT05: it is obvious what Mr Putin wants","type":"L","timestamp":"2023-11-09 12:48:04"},{"nodeID":"1294627","text":"Analysing","type":"YA","timestamp":"2023-11-09 12:48:04"},{"nodeID":"1294628","text":"Dominika: AudienceMember 20220310QT05: it is obvious what Mr Putin wants","type":"L","timestamp":"2023-11-09 12:48:04"},{"nodeID":"1294629","text":"Asserting","type":"YA","timestamp":"2023-11-09 12:48:04"},{"nodeID":"1294630","text":"Vladimir Putin has been sabre-rattling for the last couple of decades","type":"I","timestamp":"2023-11-09 12:48:05"},{"nodeID":"1294631","text":"AudienceMember 20220310QT05: He has been sabre-rattling for the last couple of decades","type":"L","timestamp":"2023-11-09 12:48:05"},{"nodeID":"1294632","text":"Analysing","type":"YA","timestamp":"2023-11-09 12:48:05"},{"nodeID":"1294633","text":"Dominika: AudienceMember 20220310QT05: He has been sabre-rattling for the last couple of decades","type":"L","timestamp":"2023-11-09 12:48:05"},{"nodeID":"1294634","text":"Asserting","type":"YA","timestamp":"2023-11-09 12:48:05"},{"nodeID":"1294635","text":"the West has just let Vladimir Putin get away with sabre-rattling","type":"I","timestamp":"2023-11-09 12:48:05"},{"nodeID":"1294636","text":"AudienceMember 20220310QT05: the West has just let him get away with it","type":"L","timestamp":"2023-11-09 12:48:05"},{"nodeID":"1294637","text":"Analysing","type":"YA","timestamp":"2023-11-09 12:48:05"},{"nodeID":"1294638","text":"Dominika: AudienceMember 20220310QT05: the West has just let him get away with it","type":"L","timestamp":"2023-11-09 12:48:05"},{"nodeID":"1294639","text":"Asserting","type":"YA","timestamp":"2023-11-09 12:48:05"},{"nodeID":"1294640","text":"Default Transition","type":"TA","timestamp":"2023-11-09 12:48:05"},{"nodeID":"1294641","text":"Default Rephrase","type":"MA","timestamp":"2023-11-09 12:48:06"},{"nodeID":"1294642","text":"Default Inference","type":"RA","timestamp":"2023-11-09 12:48:06"},{"nodeID":"1294643","text":"Default Transition","type":"TA","timestamp":"2023-11-09 12:48:06"},{"nodeID":"1294644","text":"Default Transition","type":"TA","timestamp":"2023-11-09 12:48:06"},{"nodeID":"1294645","text":"Default Transition","type":"TA","timestamp":"2023-11-09 12:48:06"},{"nodeID":"1294646","text":"Arguing","type":"YA","timestamp":"2023-11-09 12:48:06"},{"nodeID":"1294647","text":"Restating","type":"YA","timestamp":"2023-11-09 12:48:06"},{"nodeID":"1294648","text":"Default Rephrase","type":"MA","timestamp":"2023-11-09 12:48:06"},{"nodeID":"1294649","text":"Default Transition","type":"TA","timestamp":"2023-11-09 12:48:06"},{"nodeID":"1294650","text":"Restating","type":"YA","timestamp":"2023-11-09 12:48:06"},{"nodeID":"1294651","text":"Default Transition","type":"TA","timestamp":"2023-11-09 12:48:06"},{"nodeID":"1294652","text":"Default Transition","type":"TA","timestamp":"2023-11-09 12:48:06"},{"nodeID":"1294653","text":"Default Rephrase","type":"MA","timestamp":"2023-11-09 12:48:06"},{"nodeID":"1294654","text":"Restating","type":"YA","timestamp":"2023-11-09 12:48:06"},{"nodeID":"1294655","text":"Default Transition","type":"TA","timestamp":"2023-11-09 12:48:06"},{"nodeID":"1294656","text":"Default Rephrase","type":"MA","timestamp":"2023-11-09 12:48:06"},{"nodeID":"1294657","text":"Default Rephrase","type":"MA","timestamp":"2023-11-09 12:48:06"},{"nodeID":"1294658","text":"Restating","type":"YA","timestamp":"2023-11-09 12:48:06"},{"nodeID":"1294659","text":"Default Transition","type":"TA","timestamp":"2023-11-09 12:48:06"},{"nodeID":"1294660","text":"Restating","type":"YA","timestamp":"2023-11-09 12:48:06"},{"nodeID":"1294661","text":"Default Transition","type":"TA","timestamp":"2023-11-09 12:48:06"},{"nodeID":"1294662","text":"Default Inference","type":"RA","timestamp":"2023-11-09 12:48:06"},{"nodeID":"1294663","text":"Arguing","type":"YA","timestamp":"2023-11-09 12:48:06"},{"nodeID":"1294664","text":"Default Transition","type":"TA","timestamp":"2023-11-09 12:48:06"},{"nodeID":"1294665","text":"Default Transition","type":"TA","timestamp":"2023-11-09 12:48:06"},{"nodeID":"1294666","text":"Default Inference","type":"RA","timestamp":"2023-11-09 12:48:06"},{"nodeID":"1294667","text":"Arguing","type":"YA","timestamp":"2023-11-09 12:48:06"},{"nodeID":"1294668","text":"Default Transition","type":"TA","timestamp":"2023-11-09 12:48:06"},{"nodeID":"1294669","text":"Default Rephrase","type":"MA","timestamp":"2023-11-09 12:48:06"},{"nodeID":"1294670","text":"Restating","type":"YA","timestamp":"2023-11-09 12:48:06"},{"nodeID":"1294671","text":"Default Transition","type":"TA","timestamp":"2023-11-09 12:48:06"},{"nodeID":"1294672","text":"Default Transition","type":"TA","timestamp":"2023-11-09 12:48:06"},{"nodeID":"1294673","text":"Default Transition","type":"TA","timestamp":"2023-11-09 12:48:06"},{"nodeID":"1294674","text":"Default Transition","type":"TA","timestamp":"2023-11-09 12:48:06"},{"nodeID":"1294675","text":"Default Inference","type":"RA","timestamp":"2023-11-09 12:48:06"},{"nodeID":"1294676","text":"Arguing","type":"YA","timestamp":"2023-11-09 12:48:06"},{"nodeID":"1294677","text":"Default Rephrase","type":"MA","timestamp":"2023-11-09 12:48:06"},{"nodeID":"1294678","text":"Default Transition","type":"TA","timestamp":"2023-11-09 12:48:06"},{"nodeID":"1294679","text":"Agreeing","type":"YA","timestamp":"2023-11-09 12:48:06"},{"nodeID":"1294680","text":"Default Transition","type":"TA","timestamp":"2023-11-09 12:48:06"},{"nodeID":"1294681","text":"Default Transition","type":"TA","timestamp":"2023-11-09 12:48:06"},{"nodeID":"1294682","text":"Default Rephrase","type":"MA","timestamp":"2023-11-09 12:48:06"},{"nodeID":"1294683","text":"Restating","type":"YA","timestamp":"2023-11-09 12:48:06"},{"nodeID":"1294684","text":"Default Inference","type":"RA","timestamp":"2023-11-09 12:48:06"},{"nodeID":"1294685","text":"Arguing","type":"YA","timestamp":"2023-11-09 12:48:06"},{"nodeID":"1294686","text":"Default Inference","type":"RA","timestamp":"2023-11-09 12:48:06"},{"nodeID":"1294687","text":"Default Transition","type":"TA","timestamp":"2023-11-09 12:48:06"},{"nodeID":"1294688","text":"Arguing","type":"YA","timestamp":"2023-11-09 12:48:06"}],"edges":[{"edgeID":"1701901","fromID":"1294543","toID":"1294542","formEdgeID":null},{"edgeID":"1701902","fromID":"1294544","toID":"1294543","formEdgeID":null},{"edgeID":"1701903","fromID":"1294542","toID":"1294545","formEdgeID":null},{"edgeID":"1701904","fromID":"1294545","toID":"1294541","formEdgeID":null},{"edgeID":"1701905","fromID":"1294548","toID":"1294547","formEdgeID":null},{"edgeID":"1701906","fromID":"1294549","toID":"1294548","formEdgeID":null},{"edgeID":"1701907","fromID":"1294547","toID":"1294550","formEdgeID":null},{"edgeID":"1701908","fromID":"1294550","toID":"1294546","formEdgeID":null},{"edgeID":"1701909","fromID":"1294553","toID":"1294552","formEdgeID":null},{"edgeID":"1701910","fromID":"1294554","toID":"1294553","formEdgeID":null},{"edgeID":"1701911","fromID":"1294552","toID":"1294555","formEdgeID":null},{"edgeID":"1701912","fromID":"1294555","toID":"1294551","formEdgeID":null},{"edgeID":"1701913","fromID":"1294558","toID":"1294557","formEdgeID":null},{"edgeID":"1701914","fromID":"1294559","toID":"1294558","formEdgeID":null},{"edgeID":"1701915","fromID":"1294557","toID":"1294560","formEdgeID":null},{"edgeID":"1701916","fromID":"1294560","toID":"1294556","formEdgeID":null},{"edgeID":"1701917","fromID":"1294563","toID":"1294562","formEdgeID":null},{"edgeID":"1701918","fromID":"1294564","toID":"1294563","formEdgeID":null},{"edgeID":"1701919","fromID":"1294562","toID":"1294565","formEdgeID":null},{"edgeID":"1701920","fromID":"1294565","toID":"1294561","formEdgeID":null},{"edgeID":"1701921","fromID":"1294567","toID":"1294566","formEdgeID":null},{"edgeID":"1701922","fromID":"1294568","toID":"1294567","formEdgeID":null},{"edgeID":"1701923","fromID":"1294566","toID":"1294569","formEdgeID":null},{"edgeID":"1701924","fromID":"1294569","toID":"1294546","formEdgeID":null},{"edgeID":"1701925","fromID":"1294572","toID":"1294571","formEdgeID":null},{"edgeID":"1701926","fromID":"1294573","toID":"1294572","formEdgeID":null},{"edgeID":"1701927","fromID":"1294571","toID":"1294574","formEdgeID":null},{"edgeID":"1701928","fromID":"1294574","toID":"1294570","formEdgeID":null},{"edgeID":"1701929","fromID":"1294577","toID":"1294576","formEdgeID":null},{"edgeID":"1701930","fromID":"1294578","toID":"1294577","formEdgeID":null},{"edgeID":"1701931","fromID":"1294576","toID":"1294579","formEdgeID":null},{"edgeID":"1701932","fromID":"1294579","toID":"1294575","formEdgeID":null},{"edgeID":"1701933","fromID":"1294582","toID":"1294581","formEdgeID":null},{"edgeID":"1701934","fromID":"1294583","toID":"1294582","formEdgeID":null},{"edgeID":"1701935","fromID":"1294581","toID":"1294584","formEdgeID":null},{"edgeID":"1701936","fromID":"1294584","toID":"1294580","formEdgeID":null},{"edgeID":"1701937","fromID":"1294587","toID":"1294586","formEdgeID":null},{"edgeID":"1701938","fromID":"1294588","toID":"1294587","formEdgeID":null},{"edgeID":"1701939","fromID":"1294586","toID":"1294589","formEdgeID":null},{"edgeID":"1701940","fromID":"1294589","toID":"1294585","formEdgeID":null},{"edgeID":"1701941","fromID":"1294592","toID":"1294591","formEdgeID":null},{"edgeID":"1701942","fromID":"1294593","toID":"1294592","formEdgeID":null},{"edgeID":"1701943","fromID":"1294591","toID":"1294594","formEdgeID":null},{"edgeID":"1701944","fromID":"1294594","toID":"1294590","formEdgeID":null},{"edgeID":"1701945","fromID":"1294597","toID":"1294596","formEdgeID":null},{"edgeID":"1701946","fromID":"1294598","toID":"1294597","formEdgeID":null},{"edgeID":"1701947","fromID":"1294596","toID":"1294599","formEdgeID":null},{"edgeID":"1701948","fromID":"1294599","toID":"1294595","formEdgeID":null},{"edgeID":"1701949","fromID":"1294602","toID":"1294601","formEdgeID":null},{"edgeID":"1701950","fromID":"1294603","toID":"1294602","formEdgeID":null},{"edgeID":"1701951","fromID":"1294601","toID":"1294604","formEdgeID":null},{"edgeID":"1701952","fromID":"1294604","toID":"1294600","formEdgeID":null},{"edgeID":"1701953","fromID":"1294607","toID":"1294606","formEdgeID":null},{"edgeID":"1701954","fromID":"1294608","toID":"1294607","formEdgeID":null},{"edgeID":"1701955","fromID":"1294606","toID":"1294609","formEdgeID":null},{"edgeID":"1701956","fromID":"1294609","toID":"1294605","formEdgeID":null},{"edgeID":"1701957","fromID":"1294612","toID":"1294611","formEdgeID":null},{"edgeID":"1701958","fromID":"1294613","toID":"1294612","formEdgeID":null},{"edgeID":"1701959","fromID":"1294611","toID":"1294614","formEdgeID":null},{"edgeID":"1701960","fromID":"1294614","toID":"1294610","formEdgeID":null},{"edgeID":"1701961","fromID":"1294617","toID":"1294616","formEdgeID":null},{"edgeID":"1701962","fromID":"1294618","toID":"1294617","formEdgeID":null},{"edgeID":"1701963","fromID":"1294616","toID":"1294619","formEdgeID":null},{"edgeID":"1701964","fromID":"1294619","toID":"1294615","formEdgeID":null},{"edgeID":"1701965","fromID":"1294622","toID":"1294621","formEdgeID":null},{"edgeID":"1701966","fromID":"1294623","toID":"1294622","formEdgeID":null},{"edgeID":"1701967","fromID":"1294621","toID":"1294624","formEdgeID":null},{"edgeID":"1701968","fromID":"1294624","toID":"1294620","formEdgeID":null},{"edgeID":"1701969","fromID":"1294627","toID":"1294626","formEdgeID":null},{"edgeID":"1701970","fromID":"1294628","toID":"1294627","formEdgeID":null},{"edgeID":"1701971","fromID":"1294626","toID":"1294629","formEdgeID":null},{"edgeID":"1701972","fromID":"1294629","toID":"1294625","formEdgeID":null},{"edgeID":"1701973","fromID":"1294632","toID":"1294631","formEdgeID":null},{"edgeID":"1701974","fromID":"1294633","toID":"1294632","formEdgeID":null},{"edgeID":"1701975","fromID":"1294631","toID":"1294634","formEdgeID":null},{"edgeID":"1701976","fromID":"1294634","toID":"1294630","formEdgeID":null},{"edgeID":"1701977","fromID":"1294637","toID":"1294636","formEdgeID":null},{"edgeID":"1701978","fromID":"1294638","toID":"1294637","formEdgeID":null},{"edgeID":"1701979","fromID":"1294636","toID":"1294639","formEdgeID":null},{"edgeID":"1701980","fromID":"1294639","toID":"1294635","formEdgeID":null},{"edgeID":"1701981","fromID":"1294542","toID":"1294640","formEdgeID":null},{"edgeID":"1701982","fromID":"1294640","toID":"1294547","formEdgeID":null},{"edgeID":"1701983","fromID":"1294546","toID":"1294641","formEdgeID":null},{"edgeID":"1701984","fromID":"1294641","toID":"1294541","formEdgeID":null},{"edgeID":"1701985","fromID":"1294561","toID":"1294642","formEdgeID":null},{"edgeID":"1701986","fromID":"1294642","toID":"1294546","formEdgeID":null},{"edgeID":"1701987","fromID":"1294551","toID":"1294642","formEdgeID":null},{"edgeID":"1701988","fromID":"1294556","toID":"1294642","formEdgeID":null},{"edgeID":"1701989","fromID":"1294547","toID":"1294643","formEdgeID":null},{"edgeID":"1701990","fromID":"1294643","toID":"1294552","formEdgeID":null},{"edgeID":"1701991","fromID":"1294547","toID":"1294644","formEdgeID":null},{"edgeID":"1701992","fromID":"1294644","toID":"1294557","formEdgeID":null},{"edgeID":"1701993","fromID":"1294547","toID":"1294645","formEdgeID":null},{"edgeID":"1701994","fromID":"1294645","toID":"1294562","formEdgeID":null},{"edgeID":"1701995","fromID":"1294645","toID":"1294646","formEdgeID":null},{"edgeID":"1701996","fromID":"1294646","toID":"1294642","formEdgeID":null},{"edgeID":"1701997","fromID":"1294640","toID":"1294647","formEdgeID":null},{"edgeID":"1701998","fromID":"1294647","toID":"1294641","formEdgeID":null},{"edgeID":"1701999","fromID":"1294546","toID":"1294648","formEdgeID":null},{"edgeID":"1702000","fromID":"1294648","toID":"1294546","formEdgeID":null},{"edgeID":"1702001","fromID":"1294547","toID":"1294649","formEdgeID":null},{"edgeID":"1702002","fromID":"1294649","toID":"1294566","formEdgeID":null},{"edgeID":"1702003","fromID":"1294649","toID":"1294650","formEdgeID":null},{"edgeID":"1702004","fromID":"1294650","toID":"1294648","formEdgeID":null},{"edgeID":"1702005","fromID":"1294566","toID":"1294651","formEdgeID":null},{"edgeID":"1702006","fromID":"1294651","toID":"1294571","formEdgeID":null},{"edgeID":"1702007","fromID":"1294571","toID":"1294652","formEdgeID":null},{"edgeID":"1702008","fromID":"1294652","toID":"1294576","formEdgeID":null},{"edgeID":"1702009","fromID":"1294575","toID":"1294653","formEdgeID":null},{"edgeID":"1702010","fromID":"1294653","toID":"1294570","formEdgeID":null},{"edgeID":"1702011","fromID":"1294652","toID":"1294654","formEdgeID":null},{"edgeID":"1702012","fromID":"1294654","toID":"1294653","formEdgeID":null},{"edgeID":"1702013","fromID":"1294576","toID":"1294655","formEdgeID":null},{"edgeID":"1702014","fromID":"1294655","toID":"1294581","formEdgeID":null},{"edgeID":"1702015","fromID":"1294580","toID":"1294656","formEdgeID":null},{"edgeID":"1702016","fromID":"1294656","toID":"1294575","formEdgeID":null},{"edgeID":"1702017","fromID":"1294585","toID":"1294657","formEdgeID":null},{"edgeID":"1702018","fromID":"1294657","toID":"1294580","formEdgeID":null},{"edgeID":"1702019","fromID":"1294655","toID":"1294658","formEdgeID":null},{"edgeID":"1702020","fromID":"1294658","toID":"1294656","formEdgeID":null},{"edgeID":"1702021","fromID":"1294581","toID":"1294659","formEdgeID":null},{"edgeID":"1702022","fromID":"1294659","toID":"1294586","formEdgeID":null},{"edgeID":"1702023","fromID":"1294659","toID":"1294660","formEdgeID":null},{"edgeID":"1702024","fromID":"1294660","toID":"1294657","formEdgeID":null},{"edgeID":"1702025","fromID":"1294586","toID":"1294661","formEdgeID":null},{"edgeID":"1702026","fromID":"1294661","toID":"1294591","formEdgeID":null},{"edgeID":"1702027","fromID":"1294590","toID":"1294662","formEdgeID":null},{"edgeID":"1702028","fromID":"1294662","toID":"1294585","formEdgeID":null},{"edgeID":"1702029","fromID":"1294661","toID":"1294663","formEdgeID":null},{"edgeID":"1702030","fromID":"1294663","toID":"1294662","formEdgeID":null},{"edgeID":"1702031","fromID":"1294591","toID":"1294664","formEdgeID":null},{"edgeID":"1702032","fromID":"1294664","toID":"1294596","formEdgeID":null},{"edgeID":"1702033","fromID":"1294596","toID":"1294665","formEdgeID":null},{"edgeID":"1702034","fromID":"1294665","toID":"1294601","formEdgeID":null},{"edgeID":"1702035","fromID":"1294600","toID":"1294666","formEdgeID":null},{"edgeID":"1702036","fromID":"1294666","toID":"1294595","formEdgeID":null},{"edgeID":"1702037","fromID":"1294665","toID":"1294667","formEdgeID":null},{"edgeID":"1702038","fromID":"1294667","toID":"1294666","formEdgeID":null},{"edgeID":"1702039","fromID":"1294601","toID":"1294668","formEdgeID":null},{"edgeID":"1702040","fromID":"1294668","toID":"1294606","formEdgeID":null},{"edgeID":"1702041","fromID":"1294605","toID":"1294669","formEdgeID":null},{"edgeID":"1702042","fromID":"1294669","toID":"1294600","formEdgeID":null},{"edgeID":"1702043","fromID":"1294668","toID":"1294670","formEdgeID":null},{"edgeID":"1702044","fromID":"1294670","toID":"1294669","formEdgeID":null},{"edgeID":"1702045","fromID":"1294606","toID":"1294671","formEdgeID":null},{"edgeID":"1702046","fromID":"1294671","toID":"1294611","formEdgeID":null},{"edgeID":"1702047","fromID":"1294611","toID":"1294672","formEdgeID":null},{"edgeID":"1702048","fromID":"1294672","toID":"1294616","formEdgeID":null},{"edgeID":"1702049","fromID":"1294616","toID":"1294673","formEdgeID":null},{"edgeID":"1702050","fromID":"1294673","toID":"1294621","formEdgeID":null},{"edgeID":"1702051","fromID":"1294621","toID":"1294674","formEdgeID":null},{"edgeID":"1702052","fromID":"1294674","toID":"1294626","formEdgeID":null},{"edgeID":"1702053","fromID":"1294625","toID":"1294675","formEdgeID":null},{"edgeID":"1702054","fromID":"1294675","toID":"1294620","formEdgeID":null},{"edgeID":"1702055","fromID":"1294674","toID":"1294676","formEdgeID":null},{"edgeID":"1702056","fromID":"1294676","toID":"1294675","formEdgeID":null},{"edgeID":"1702057","fromID":"1294615","toID":"1294677","formEdgeID":null},{"edgeID":"1702058","fromID":"1294677","toID":"1294546","formEdgeID":null},{"edgeID":"1702059","fromID":"1294566","toID":"1294678","formEdgeID":null},{"edgeID":"1702060","fromID":"1294678","toID":"1294616","formEdgeID":null},{"edgeID":"1702061","fromID":"1294678","toID":"1294679","formEdgeID":null},{"edgeID":"1702062","fromID":"1294679","toID":"1294677","formEdgeID":null},{"edgeID":"1702063","fromID":"1294626","toID":"1294680","formEdgeID":null},{"edgeID":"1702064","fromID":"1294680","toID":"1294631","formEdgeID":null},{"edgeID":"1702065","fromID":"1294631","toID":"1294681","formEdgeID":null},{"edgeID":"1702066","fromID":"1294681","toID":"1294636","formEdgeID":null},{"edgeID":"1702067","fromID":"1294635","toID":"1294682","formEdgeID":null},{"edgeID":"1702068","fromID":"1294682","toID":"1294630","formEdgeID":null},{"edgeID":"1702069","fromID":"1294681","toID":"1294683","formEdgeID":null},{"edgeID":"1702070","fromID":"1294683","toID":"1294682","formEdgeID":null},{"edgeID":"1702071","fromID":"1294630","toID":"1294684","formEdgeID":null},{"edgeID":"1702072","fromID":"1294684","toID":"1294625","formEdgeID":null},{"edgeID":"1702073","fromID":"1294680","toID":"1294685","formEdgeID":null},{"edgeID":"1702074","fromID":"1294685","toID":"1294684","formEdgeID":null},{"edgeID":"1702075","fromID":"1294610","toID":"1294686","formEdgeID":null},{"edgeID":"1702076","fromID":"1294686","toID":"1294595","formEdgeID":null},{"edgeID":"1702077","fromID":"1294596","toID":"1294687","formEdgeID":null},{"edgeID":"1702078","fromID":"1294687","toID":"1294611","formEdgeID":null},{"edgeID":"1702079","fromID":"1294687","toID":"1294688","formEdgeID":null},{"edgeID":"1702080","fromID":"1294688","toID":"1294686","formEdgeID":null}],"locutions":[]}