{"nodes":[{"nodeID":"1296613","text":"Ukraine gave up its nuclear deterrent on a whim","type":"I","timestamp":"2023-11-09 12:50:43"},{"nodeID":"1296614","text":"AudienceMember 20220310QT33: Ukraine gave up its nuclear deterrent on a whim","type":"L","timestamp":"2023-11-09 12:50:43"},{"nodeID":"1296615","text":"Analysing","type":"YA","timestamp":"2023-11-09 12:50:43"},{"nodeID":"1296616","text":"Mascha: AudienceMember 20220310QT33: Ukraine gave up its nuclear deterrent on a whim","type":"L","timestamp":"2023-11-09 12:50:43"},{"nodeID":"1296617","text":"Asserting","type":"YA","timestamp":"2023-11-09 12:50:43"},{"nodeID":"1296618","text":"Ukraine signed a Budapest Memorandum at the behest of the West","type":"I","timestamp":"2023-11-09 12:50:44"},{"nodeID":"1296619","text":"AudienceMember 20220310QT33:  it signed a Budapest Memorandum at the behest of the West","type":"L","timestamp":"2023-11-09 12:50:44"},{"nodeID":"1296620","text":"Analysing","type":"YA","timestamp":"2023-11-09 12:50:44"},{"nodeID":"1296621","text":"Mascha: AudienceMember 20220310QT33:  it signed a Budapest Memorandum at the behest of the West","type":"L","timestamp":"2023-11-09 12:50:44"},{"nodeID":"1296622","text":"Asserting","type":"YA","timestamp":"2023-11-09 12:50:44"},{"nodeID":"1296623","text":"Default Transition","type":"TA","timestamp":"2023-11-09 12:50:44"},{"nodeID":"1296624","text":"we promised to protect them","type":"I","timestamp":"2023-11-09 12:50:44"},{"nodeID":"1296625","text":"AudienceMember 20220310QT33:  we promised to protect them","type":"L","timestamp":"2023-11-09 12:50:44"},{"nodeID":"1296626","text":"Analysing","type":"YA","timestamp":"2023-11-09 12:50:44"},{"nodeID":"1296627","text":"Mascha: AudienceMember 20220310QT33:  we promised to protect them","type":"L","timestamp":"2023-11-09 12:50:44"},{"nodeID":"1296628","text":"Asserting","type":"YA","timestamp":"2023-11-09 12:50:44"},{"nodeID":"1296629","text":"Default Inference","type":"RA","timestamp":"2023-11-09 12:50:44"},{"nodeID":"1296630","text":"Default Transition","type":"TA","timestamp":"2023-11-09 12:50:44"},{"nodeID":"1296631","text":"Arguing","type":"YA","timestamp":"2023-11-09 12:50:44"},{"nodeID":"1296632","text":"Russia promised to protect Ukraine as well","type":"I","timestamp":"2023-11-09 12:50:45"},{"nodeID":"1296633","text":"Fiona Bruce: And Russia promised as well","type":"L","timestamp":"2023-11-09 12:50:45"},{"nodeID":"1296634","text":"Analysing","type":"YA","timestamp":"2023-11-09 12:50:45"},{"nodeID":"1296635","text":"Mascha: Fiona Bruce: And Russia promised as well","type":"L","timestamp":"2023-11-09 12:50:45"},{"nodeID":"1296636","text":"Asserting","type":"YA","timestamp":"2023-11-09 12:50:45"},{"nodeID":"1296637","text":"Default Transition","type":"TA","timestamp":"2023-11-09 12:50:45"},{"nodeID":"1296638","text":"AudienceMember 20220310QT34: And Russia","type":"L","timestamp":"2023-11-09 12:50:45"},{"nodeID":"1296639","text":"Analysing","type":"YA","timestamp":"2023-11-09 12:50:45"},{"nodeID":"1296640","text":"Mascha: AudienceMember 20220310QT34: And Russia","type":"L","timestamp":"2023-11-09 12:50:45"},{"nodeID":"1296641","text":"Restating","type":"YA","timestamp":"2023-11-09 12:50:45"},{"nodeID":"1296642","text":"Default Transition","type":"TA","timestamp":"2023-11-09 12:50:45"},{"nodeID":"1296643","text":"Default Rephrase","type":"MA","timestamp":"2023-11-09 12:50:45"},{"nodeID":"1296644","text":"Restating","type":"YA","timestamp":"2023-11-09 12:50:45"},{"nodeID":"1296645","text":"we gave the nuclear deterrent up","type":"I","timestamp":"2023-11-09 12:50:45"},{"nodeID":"1296646","text":"AudienceMember 20220310QT34: We gave it all up","type":"L","timestamp":"2023-11-09 12:50:45"},{"nodeID":"1296647","text":"Analysing","type":"YA","timestamp":"2023-11-09 12:50:45"},{"nodeID":"1296648","text":"Mascha: AudienceMember 20220310QT34: We gave it all up","type":"L","timestamp":"2023-11-09 12:50:45"},{"nodeID":"1296649","text":"Asserting","type":"YA","timestamp":"2023-11-09 12:50:45"},{"nodeID":"1296650","text":"we sold Ukraine down the river","type":"I","timestamp":"2023-11-09 12:50:46"},{"nodeID":"1296651","text":"AudienceMember 20220310QT34: we sold them down the river","type":"L","timestamp":"2023-11-09 12:50:46"},{"nodeID":"1296652","text":"Analysing","type":"YA","timestamp":"2023-11-09 12:50:46"},{"nodeID":"1296653","text":"Mascha: AudienceMember 20220310QT34: we sold them down the river","type":"L","timestamp":"2023-11-09 12:50:46"},{"nodeID":"1296654","text":"Asserting","type":"YA","timestamp":"2023-11-09 12:50:46"},{"nodeID":"1296655","text":"Default Rephrase","type":"MA","timestamp":"2023-11-09 12:50:46"},{"nodeID":"1296656","text":"Default Transition","type":"TA","timestamp":"2023-11-09 12:50:46"},{"nodeID":"1296657","text":"Arguing","type":"YA","timestamp":"2023-11-09 12:50:46"},{"nodeID":"1296658","text":"Default Conflict","type":"CA","timestamp":"2023-11-09 12:50:46"},{"nodeID":"1296659","text":"Default Transition","type":"TA","timestamp":"2023-11-09 12:50:46"},{"nodeID":"1296660","text":"Disagreeing","type":"YA","timestamp":"2023-11-09 12:50:46"},{"nodeID":"1296661","text":"don't pontificate about giving up the nuclear deterrent when Ukraine did it","type":"I","timestamp":"2023-11-09 12:50:46"},{"nodeID":"1296662","text":"AudienceMember 20220310QT34: don't pontificate about giving up the nuclear deterrent when they did it","type":"L","timestamp":"2023-11-09 12:50:46"},{"nodeID":"1296663","text":"Analysing","type":"YA","timestamp":"2023-11-09 12:50:46"},{"nodeID":"1296664","text":"Mascha: AudienceMember 20220310QT34: don't pontificate about giving up the nuclear deterrent when they did it","type":"L","timestamp":"2023-11-09 12:50:46"},{"nodeID":"1296665","text":"Asserting","type":"YA","timestamp":"2023-11-09 12:50:46"},{"nodeID":"1296666","text":"Default Rephrase","type":"MA","timestamp":"2023-11-09 12:50:46"},{"nodeID":"1296667","text":"Default Transition","type":"TA","timestamp":"2023-11-09 12:50:46"},{"nodeID":"1296668","text":"Restating","type":"YA","timestamp":"2023-11-09 12:50:46"},{"nodeID":"1296669","text":"we sold them down the river","type":"I","timestamp":"2023-11-09 12:50:47"},{"nodeID":"1296670","text":"Analysing","type":"YA","timestamp":"2023-11-09 12:50:47"},{"nodeID":"1296671","text":"Asserting","type":"YA","timestamp":"2023-11-09 12:50:47"},{"nodeID":"1296672","text":"Default Rephrase","type":"MA","timestamp":"2023-11-09 12:50:47"},{"nodeID":"1296673","text":"Default Transition","type":"TA","timestamp":"2023-11-09 12:50:47"},{"nodeID":"1296674","text":"Restating","type":"YA","timestamp":"2023-11-09 12:50:47"},{"nodeID":"1296675","text":"you're mistaken, Peter Kyle","type":"I","timestamp":"2023-11-09 12:50:48"},{"nodeID":"1296676","text":"AudienceMember 20220310QT34: You're mistaken, my friend","type":"L","timestamp":"2023-11-09 12:50:48"},{"nodeID":"1296677","text":"Analysing","type":"YA","timestamp":"2023-11-09 12:50:48"},{"nodeID":"1296678","text":"Mascha: AudienceMember 20220310QT34: You're mistaken, my friend","type":"L","timestamp":"2023-11-09 12:50:48"},{"nodeID":"1296679","text":"Asserting","type":"YA","timestamp":"2023-11-09 12:50:48"},{"nodeID":"1296680","text":"Default Transition","type":"TA","timestamp":"2023-11-09 12:50:48"},{"nodeID":"1296681","text":"the point I made at the beginning is important","type":"I","timestamp":"2023-11-09 12:50:48"},{"nodeID":"1296682","text":"Konstantin Kisin:  the point I made at the beginning is important","type":"L","timestamp":"2023-11-09 12:50:48"},{"nodeID":"1296683","text":"Analysing","type":"YA","timestamp":"2023-11-09 12:50:48"},{"nodeID":"1296684","text":"Mascha: Konstantin Kisin:  the point I made at the beginning is important","type":"L","timestamp":"2023-11-09 12:50:48"},{"nodeID":"1296685","text":"Asserting","type":"YA","timestamp":"2023-11-09 12:50:48"},{"nodeID":"1296686","text":"Default Transition","type":"TA","timestamp":"2023-11-09 12:50:48"},{"nodeID":"1296687","text":"the situation ends up being resolved","type":"I","timestamp":"2023-11-09 12:50:49"},{"nodeID":"1296688","text":"Konstantin Kisin:  the situation ends up being resolved","type":"L","timestamp":"2023-11-09 12:50:49"},{"nodeID":"1296689","text":"Analysing","type":"YA","timestamp":"2023-11-09 12:50:49"},{"nodeID":"1296690","text":"Mascha: Konstantin Kisin:  the situation ends up being resolved","type":"L","timestamp":"2023-11-09 12:50:49"},{"nodeID":"1296691","text":"Asserting","type":"YA","timestamp":"2023-11-09 12:50:49"},{"nodeID":"1296692","text":"Default Transition","type":"TA","timestamp":"2023-11-09 12:50:49"},{"nodeID":"1296693","text":"the Ukrainian nation has to have not guarantees, but actual protection from further aggression","type":"I","timestamp":"2023-11-09 12:50:49"},{"nodeID":"1296694","text":"Konstantin Kisin:  the Ukrainian nation has to have not guarantees, but actual protection from further aggression","type":"L","timestamp":"2023-11-09 12:50:49"},{"nodeID":"1296695","text":"Analysing","type":"YA","timestamp":"2023-11-09 12:50:49"},{"nodeID":"1296696","text":"Mascha: Konstantin Kisin:  the Ukrainian nation has to have not guarantees, but actual protection from further aggression","type":"L","timestamp":"2023-11-09 12:50:49"},{"nodeID":"1296697","text":"Asserting","type":"YA","timestamp":"2023-11-09 12:50:49"},{"nodeID":"1296698","text":"Default Transition","type":"TA","timestamp":"2023-11-09 12:50:49"},{"nodeID":"1296699","text":"we're going to have a very difficult conversation about the actual protection of Ukraine","type":"I","timestamp":"2023-11-09 12:50:50"},{"nodeID":"1296700","text":"Konstantin Kisin:  we're going to have a very difficult conversation about that","type":"L","timestamp":"2023-11-09 12:50:50"},{"nodeID":"1296701","text":"Analysing","type":"YA","timestamp":"2023-11-09 12:50:50"},{"nodeID":"1296702","text":"Mascha: Konstantin Kisin:  we're going to have a very difficult conversation about that","type":"L","timestamp":"2023-11-09 12:50:50"},{"nodeID":"1296703","text":"Asserting","type":"YA","timestamp":"2023-11-09 12:50:50"},{"nodeID":"1296704","text":"Default Transition","type":"TA","timestamp":"2023-11-09 12:50:50"},{"nodeID":"1296705","text":"NATO and the United States are going to have a difficult conversation about actual protection of Ukraine in particular","type":"I","timestamp":"2023-11-09 12:50:50"},{"nodeID":"1296706","text":"Konstantin Kisin: NATO and the United States in particular","type":"L","timestamp":"2023-11-09 12:50:50"},{"nodeID":"1296707","text":"Analysing","type":"YA","timestamp":"2023-11-09 12:50:50"},{"nodeID":"1296708","text":"Mascha: Konstantin Kisin: NATO and the United States in particular","type":"L","timestamp":"2023-11-09 12:50:50"},{"nodeID":"1296709","text":"Asserting","type":"YA","timestamp":"2023-11-09 12:50:50"},{"nodeID":"1296710","text":"Default Transition","type":"TA","timestamp":"2023-11-09 12:50:50"},{"nodeID":"1296711","text":"Default Rephrase","type":"MA","timestamp":"2023-11-09 12:50:50"},{"nodeID":"1296712","text":"Restating","type":"YA","timestamp":"2023-11-09 12:50:50"},{"nodeID":"1296713","text":"Default Inference","type":"RA","timestamp":"2023-11-09 12:50:50"},{"nodeID":"1296714","text":"Arguing","type":"YA","timestamp":"2023-11-09 12:50:50"},{"nodeID":"1296715","text":"if we don't have a conversation about actual protection for Ukraine the war will carry on","type":"I","timestamp":"2023-11-09 12:50:51"},{"nodeID":"1296716","text":"Konstantin Kisin: if we don't this will carry on","type":"L","timestamp":"2023-11-09 12:50:51"},{"nodeID":"1296717","text":"Analysing","type":"YA","timestamp":"2023-11-09 12:50:51"},{"nodeID":"1296718","text":"Mascha: Konstantin Kisin: if we don't this will carry on","type":"L","timestamp":"2023-11-09 12:50:51"},{"nodeID":"1296719","text":"Asserting","type":"YA","timestamp":"2023-11-09 12:50:51"},{"nodeID":"1296720","text":"Default Transition","type":"TA","timestamp":"2023-11-09 12:50:51"},{"nodeID":"1296721","text":"Default Inference","type":"RA","timestamp":"2023-11-09 12:50:51"},{"nodeID":"1296722","text":"Arguing","type":"YA","timestamp":"2023-11-09 12:50:51"}],"edges":[{"edgeID":"1704366","fromID":"1296615","toID":"1296614","formEdgeID":null},{"edgeID":"1704367","fromID":"1296616","toID":"1296615","formEdgeID":null},{"edgeID":"1704368","fromID":"1296614","toID":"1296617","formEdgeID":null},{"edgeID":"1704369","fromID":"1296617","toID":"1296613","formEdgeID":null},{"edgeID":"1704370","fromID":"1296620","toID":"1296619","formEdgeID":null},{"edgeID":"1704371","fromID":"1296621","toID":"1296620","formEdgeID":null},{"edgeID":"1704372","fromID":"1296619","toID":"1296622","formEdgeID":null},{"edgeID":"1704373","fromID":"1296622","toID":"1296618","formEdgeID":null},{"edgeID":"1704374","fromID":"1296614","toID":"1296623","formEdgeID":null},{"edgeID":"1704375","fromID":"1296623","toID":"1296619","formEdgeID":null},{"edgeID":"1704376","fromID":"1296626","toID":"1296625","formEdgeID":null},{"edgeID":"1704377","fromID":"1296627","toID":"1296626","formEdgeID":null},{"edgeID":"1704378","fromID":"1296625","toID":"1296628","formEdgeID":null},{"edgeID":"1704379","fromID":"1296628","toID":"1296624","formEdgeID":null},{"edgeID":"1704380","fromID":"1296624","toID":"1296629","formEdgeID":null},{"edgeID":"1704381","fromID":"1296629","toID":"1296613","formEdgeID":null},{"edgeID":"1704382","fromID":"1296618","toID":"1296629","formEdgeID":null},{"edgeID":"1704383","fromID":"1296614","toID":"1296630","formEdgeID":null},{"edgeID":"1704384","fromID":"1296630","toID":"1296625","formEdgeID":null},{"edgeID":"1704385","fromID":"1296630","toID":"1296631","formEdgeID":null},{"edgeID":"1704386","fromID":"1296631","toID":"1296629","formEdgeID":null},{"edgeID":"1704387","fromID":"1296634","toID":"1296633","formEdgeID":null},{"edgeID":"1704388","fromID":"1296635","toID":"1296634","formEdgeID":null},{"edgeID":"1704389","fromID":"1296633","toID":"1296636","formEdgeID":null},{"edgeID":"1704390","fromID":"1296636","toID":"1296632","formEdgeID":null},{"edgeID":"1704391","fromID":"1296625","toID":"1296637","formEdgeID":null},{"edgeID":"1704392","fromID":"1296637","toID":"1296633","formEdgeID":null},{"edgeID":"1704393","fromID":"1296639","toID":"1296638","formEdgeID":null},{"edgeID":"1704394","fromID":"1296640","toID":"1296639","formEdgeID":null},{"edgeID":"1704395","fromID":"1296638","toID":"1296641","formEdgeID":null},{"edgeID":"1704396","fromID":"1296641","toID":"1296632","formEdgeID":null},{"edgeID":"1704397","fromID":"1296633","toID":"1296642","formEdgeID":null},{"edgeID":"1704398","fromID":"1296642","toID":"1296638","formEdgeID":null},{"edgeID":"1704399","fromID":"1296632","toID":"1296643","formEdgeID":null},{"edgeID":"1704400","fromID":"1296643","toID":"1296632","formEdgeID":null},{"edgeID":"1704401","fromID":"1296642","toID":"1296644","formEdgeID":null},{"edgeID":"1704402","fromID":"1296644","toID":"1296643","formEdgeID":null},{"edgeID":"1704403","fromID":"1296647","toID":"1296646","formEdgeID":null},{"edgeID":"1704404","fromID":"1296648","toID":"1296647","formEdgeID":null},{"edgeID":"1704405","fromID":"1296646","toID":"1296649","formEdgeID":null},{"edgeID":"1704406","fromID":"1296649","toID":"1296645","formEdgeID":null},{"edgeID":"1704407","fromID":"1296652","toID":"1296651","formEdgeID":null},{"edgeID":"1704408","fromID":"1296653","toID":"1296652","formEdgeID":null},{"edgeID":"1704409","fromID":"1296651","toID":"1296654","formEdgeID":null},{"edgeID":"1704410","fromID":"1296654","toID":"1296650","formEdgeID":null},{"edgeID":"1704411","fromID":"1296645","toID":"1296655","formEdgeID":null},{"edgeID":"1704412","fromID":"1296655","toID":"1296613","formEdgeID":null},{"edgeID":"1704413","fromID":"1296614","toID":"1296656","formEdgeID":null},{"edgeID":"1704414","fromID":"1296656","toID":"1296646","formEdgeID":null},{"edgeID":"1704415","fromID":"1296656","toID":"1296657","formEdgeID":null},{"edgeID":"1704416","fromID":"1296657","toID":"1296655","formEdgeID":null},{"edgeID":"1704417","fromID":"1296650","toID":"1296658","formEdgeID":null},{"edgeID":"1704418","fromID":"1296658","toID":"1296624","formEdgeID":null},{"edgeID":"1704419","fromID":"1296625","toID":"1296659","formEdgeID":null},{"edgeID":"1704420","fromID":"1296659","toID":"1296651","formEdgeID":null},{"edgeID":"1704421","fromID":"1296659","toID":"1296660","formEdgeID":null},{"edgeID":"1704422","fromID":"1296660","toID":"1296658","formEdgeID":null},{"edgeID":"1704423","fromID":"1296663","toID":"1296662","formEdgeID":null},{"edgeID":"1704424","fromID":"1296664","toID":"1296663","formEdgeID":null},{"edgeID":"1704425","fromID":"1296662","toID":"1296665","formEdgeID":null},{"edgeID":"1704426","fromID":"1296665","toID":"1296661","formEdgeID":null},{"edgeID":"1704427","fromID":"1296661","toID":"1296666","formEdgeID":null},{"edgeID":"1704428","fromID":"1296666","toID":"1296645","formEdgeID":null},{"edgeID":"1704429","fromID":"1296646","toID":"1296667","formEdgeID":null},{"edgeID":"1704430","fromID":"1296667","toID":"1296662","formEdgeID":null},{"edgeID":"1704431","fromID":"1296667","toID":"1296668","formEdgeID":null},{"edgeID":"1704432","fromID":"1296668","toID":"1296666","formEdgeID":null},{"edgeID":"1704433","fromID":"1296670","toID":"1296651","formEdgeID":null},{"edgeID":"1704434","fromID":"1296653","toID":"1296670","formEdgeID":null},{"edgeID":"1704435","fromID":"1296651","toID":"1296671","formEdgeID":null},{"edgeID":"1704436","fromID":"1296671","toID":"1296669","formEdgeID":null},{"edgeID":"1704437","fromID":"1296669","toID":"1296672","formEdgeID":null},{"edgeID":"1704438","fromID":"1296672","toID":"1296650","formEdgeID":null},{"edgeID":"1704439","fromID":"1296651","toID":"1296673","formEdgeID":null},{"edgeID":"1704440","fromID":"1296673","toID":"1296651","formEdgeID":null},{"edgeID":"1704441","fromID":"1296673","toID":"1296674","formEdgeID":null},{"edgeID":"1704442","fromID":"1296674","toID":"1296672","formEdgeID":null},{"edgeID":"1704443","fromID":"1296677","toID":"1296676","formEdgeID":null},{"edgeID":"1704444","fromID":"1296678","toID":"1296677","formEdgeID":null},{"edgeID":"1704445","fromID":"1296676","toID":"1296679","formEdgeID":null},{"edgeID":"1704446","fromID":"1296679","toID":"1296675","formEdgeID":null},{"edgeID":"1704447","fromID":"1296651","toID":"1296680","formEdgeID":null},{"edgeID":"1704448","fromID":"1296680","toID":"1296676","formEdgeID":null},{"edgeID":"1704449","fromID":"1296683","toID":"1296682","formEdgeID":null},{"edgeID":"1704450","fromID":"1296684","toID":"1296683","formEdgeID":null},{"edgeID":"1704451","fromID":"1296682","toID":"1296685","formEdgeID":null},{"edgeID":"1704452","fromID":"1296685","toID":"1296681","formEdgeID":null},{"edgeID":"1704453","fromID":"1296676","toID":"1296686","formEdgeID":null},{"edgeID":"1704454","fromID":"1296686","toID":"1296682","formEdgeID":null},{"edgeID":"1704455","fromID":"1296689","toID":"1296688","formEdgeID":null},{"edgeID":"1704456","fromID":"1296690","toID":"1296689","formEdgeID":null},{"edgeID":"1704457","fromID":"1296688","toID":"1296691","formEdgeID":null},{"edgeID":"1704458","fromID":"1296691","toID":"1296687","formEdgeID":null},{"edgeID":"1704459","fromID":"1296682","toID":"1296692","formEdgeID":null},{"edgeID":"1704460","fromID":"1296692","toID":"1296688","formEdgeID":null},{"edgeID":"1704461","fromID":"1296695","toID":"1296694","formEdgeID":null},{"edgeID":"1704462","fromID":"1296696","toID":"1296695","formEdgeID":null},{"edgeID":"1704463","fromID":"1296694","toID":"1296697","formEdgeID":null},{"edgeID":"1704464","fromID":"1296697","toID":"1296693","formEdgeID":null},{"edgeID":"1704465","fromID":"1296688","toID":"1296698","formEdgeID":null},{"edgeID":"1704466","fromID":"1296698","toID":"1296694","formEdgeID":null},{"edgeID":"1704467","fromID":"1296701","toID":"1296700","formEdgeID":null},{"edgeID":"1704468","fromID":"1296702","toID":"1296701","formEdgeID":null},{"edgeID":"1704469","fromID":"1296700","toID":"1296703","formEdgeID":null},{"edgeID":"1704470","fromID":"1296703","toID":"1296699","formEdgeID":null},{"edgeID":"1704471","fromID":"1296694","toID":"1296704","formEdgeID":null},{"edgeID":"1704472","fromID":"1296704","toID":"1296700","formEdgeID":null},{"edgeID":"1704473","fromID":"1296707","toID":"1296706","formEdgeID":null},{"edgeID":"1704474","fromID":"1296708","toID":"1296707","formEdgeID":null},{"edgeID":"1704475","fromID":"1296706","toID":"1296709","formEdgeID":null},{"edgeID":"1704476","fromID":"1296709","toID":"1296705","formEdgeID":null},{"edgeID":"1704477","fromID":"1296700","toID":"1296710","formEdgeID":null},{"edgeID":"1704478","fromID":"1296710","toID":"1296706","formEdgeID":null},{"edgeID":"1704479","fromID":"1296705","toID":"1296711","formEdgeID":null},{"edgeID":"1704480","fromID":"1296711","toID":"1296699","formEdgeID":null},{"edgeID":"1704481","fromID":"1296710","toID":"1296712","formEdgeID":null},{"edgeID":"1704482","fromID":"1296712","toID":"1296711","formEdgeID":null},{"edgeID":"1704483","fromID":"1296693","toID":"1296713","formEdgeID":null},{"edgeID":"1704484","fromID":"1296713","toID":"1296699","formEdgeID":null},{"edgeID":"1704485","fromID":"1296704","toID":"1296714","formEdgeID":null},{"edgeID":"1704486","fromID":"1296714","toID":"1296713","formEdgeID":null},{"edgeID":"1704487","fromID":"1296717","toID":"1296716","formEdgeID":null},{"edgeID":"1704488","fromID":"1296718","toID":"1296717","formEdgeID":null},{"edgeID":"1704489","fromID":"1296716","toID":"1296719","formEdgeID":null},{"edgeID":"1704490","fromID":"1296719","toID":"1296715","formEdgeID":null},{"edgeID":"1704491","fromID":"1296706","toID":"1296720","formEdgeID":null},{"edgeID":"1704492","fromID":"1296720","toID":"1296716","formEdgeID":null},{"edgeID":"1704493","fromID":"1296705","toID":"1296721","formEdgeID":null},{"edgeID":"1704494","fromID":"1296721","toID":"1296715","formEdgeID":null},{"edgeID":"1704495","fromID":"1296720","toID":"1296722","formEdgeID":null},{"edgeID":"1704496","fromID":"1296722","toID":"1296721","formEdgeID":null}],"locutions":[]}