{"nodes":[{"nodeID":"1296931","text":"if someone comes over the border, they have to go to an embassy or consulate to get a visa","type":"I","timestamp":"2023-11-09 12:51:08"},{"nodeID":"1296932","text":"Fiona Bruce:  if someone comes over the border, they have to go to an embassy or consulate to get a visa","type":"L","timestamp":"2023-11-09 12:51:08"},{"nodeID":"1296933","text":"Analysing","type":"YA","timestamp":"2023-11-09 12:51:08"},{"nodeID":"1296934","text":"Fyfe: Fiona Bruce:  if someone comes over the border, they have to go to an embassy or consulate to get a visa","type":"L","timestamp":"2023-11-09 12:51:08"},{"nodeID":"1296935","text":"Asserting","type":"YA","timestamp":"2023-11-09 12:51:08"},{"nodeID":"1296936","text":"the four centres are or are not at the border","type":"I","timestamp":"2023-11-09 12:51:09"},{"nodeID":"1296937","text":"Fiona Bruce: At the border","type":"L","timestamp":"2023-11-09 12:51:09"},{"nodeID":"1296938","text":"Analysing","type":"YA","timestamp":"2023-11-09 12:51:09"},{"nodeID":"1296939","text":"Fyfe: Fiona Bruce: At the border","type":"L","timestamp":"2023-11-09 12:51:09"},{"nodeID":"1296940","text":"Pure Questioning","type":"YA","timestamp":"2023-11-09 12:51:09"},{"nodeID":"1296941","text":"the four centres are not at the border, but there are people at the border assisting them","type":"I","timestamp":"2023-11-09 12:51:10"},{"nodeID":"1296942","text":"Penny Mordaunt: The administrative centre is further away from the border, but there are people at the border assisting them","type":"L","timestamp":"2023-11-09 12:51:10"},{"nodeID":"1296943","text":"Analysing","type":"YA","timestamp":"2023-11-09 12:51:10"},{"nodeID":"1296944","text":"Fyfe: Penny Mordaunt: The administrative centre is further away from the border, but there are people at the border assisting them","type":"L","timestamp":"2023-11-09 12:51:10"},{"nodeID":"1296945","text":"Asserting","type":"YA","timestamp":"2023-11-09 12:51:10"},{"nodeID":"1296946","text":"the administration centres have surged the capacity","type":"I","timestamp":"2023-11-09 12:51:10"},{"nodeID":"1296947","text":"Penny Mordaunt: They have surged the capacity","type":"L","timestamp":"2023-11-09 12:51:10"},{"nodeID":"1296948","text":"Fyfe: Penny Mordaunt: They have surged the capacity","type":"L","timestamp":"2023-11-09 12:51:10"},{"nodeID":"1296949","text":"Analysing","type":"YA","timestamp":"2023-11-09 12:51:10"},{"nodeID":"1296950","text":"Asserting","type":"YA","timestamp":"2023-11-09 12:51:10"},{"nodeID":"1296951","text":"the administration centres processing currently about 6,000 applications a day and it is done very swiftly","type":"I","timestamp":"2023-11-09 12:51:11"},{"nodeID":"1296952","text":"Penny Mordaunt: They're processing currently about 6,000 applications a day and it is done very, very swiftly","type":"L","timestamp":"2023-11-09 12:51:11"},{"nodeID":"1296953","text":"Analysing","type":"YA","timestamp":"2023-11-09 12:51:11"},{"nodeID":"1296954","text":"Fyfe: Penny Mordaunt: They're processing currently about 6,000 applications a day and it is done very, very swiftly","type":"L","timestamp":"2023-11-09 12:51:11"},{"nodeID":"1296955","text":"Asserting","type":"YA","timestamp":"2023-11-09 12:51:11"},{"nodeID":"1296956","text":"the estimate of 200 000 Ukrainian refugees is or is not a cap","type":"I","timestamp":"2023-11-09 12:51:11"},{"nodeID":"1296957","text":"Fyfe: Fiona Bruce: And that's not a cap","type":"L","timestamp":"2023-11-09 12:51:11"},{"nodeID":"1296958","text":"Analysing","type":"YA","timestamp":"2023-11-09 12:51:11"},{"nodeID":"1296959","text":"Fiona Bruce: And that's not a cap","type":"L","timestamp":"2023-11-09 12:51:11"},{"nodeID":"1296960","text":"Pure Questioning","type":"YA","timestamp":"2023-11-09 12:51:11"},{"nodeID":"1296961","text":"the estimate of 200 000 Ukrainian refugees is not a cap","type":"I","timestamp":"2023-11-09 12:51:12"},{"nodeID":"1296962","text":"Penny Mordaunt: No, that's not a cap","type":"L","timestamp":"2023-11-09 12:51:12"},{"nodeID":"1296963","text":"Analysing","type":"YA","timestamp":"2023-11-09 12:51:12"},{"nodeID":"1296964","text":"Fyfe: Penny Mordaunt: No, that's not a cap","type":"L","timestamp":"2023-11-09 12:51:12"},{"nodeID":"1296965","text":"Asserting","type":"YA","timestamp":"2023-11-09 12:51:12"},{"nodeID":"1296966","text":"the 200 000 figure is estimate of what we think might happen if we have a huge influx of refugees","type":"I","timestamp":"2023-11-09 12:51:12"},{"nodeID":"1296967","text":"Analysing","type":"YA","timestamp":"2023-11-09 12:51:12"},{"nodeID":"1296968","text":"Penny Mordaunt: That's an estimate of what we think might happen if we have a huge influx of refugees","type":"L","timestamp":"2023-11-09 12:51:12"},{"nodeID":"1296969","text":"Fyfe: Penny Mordaunt: That's an estimate of what we think might happen if we have a huge influx of refugees","type":"L","timestamp":"2023-11-09 12:51:12"},{"nodeID":"1296970","text":"Asserting","type":"YA","timestamp":"2023-11-09 12:51:12"},{"nodeID":"1296971","text":"if someone comes over the border they do not need to go to an embassy or consulate to get a visa as there are four centres that have been set up","type":"I","timestamp":"2023-11-09 12:51:13"},{"nodeID":"1296972","text":"Penny Mordaunt: There are four centres that have been set up","type":"L","timestamp":"2023-11-09 12:51:13"},{"nodeID":"1296973","text":"Analysing","type":"YA","timestamp":"2023-11-09 12:51:13"},{"nodeID":"1296974","text":"Fyfe: Penny Mordaunt: There are four centres that have been set up","type":"L","timestamp":"2023-11-09 12:51:13"},{"nodeID":"1296975","text":"Asserting","type":"YA","timestamp":"2023-11-09 12:51:13"},{"nodeID":"1296976","text":"Default Conflict","type":"CA","timestamp":"2023-11-09 12:51:13"},{"nodeID":"1296977","text":"Default Transition","type":"TA","timestamp":"2023-11-09 12:51:13"},{"nodeID":"1296978","text":"Disagreeing","type":"YA","timestamp":"2023-11-09 12:51:13"},{"nodeID":"1296979","text":"Default Transition","type":"TA","timestamp":"2023-11-09 12:51:13"},{"nodeID":"1296980","text":"Default Transition","type":"TA","timestamp":"2023-11-09 12:51:13"},{"nodeID":"1296981","text":"Default Transition","type":"TA","timestamp":"2023-11-09 12:51:13"},{"nodeID":"1296982","text":"Default Transition","type":"TA","timestamp":"2023-11-09 12:51:13"},{"nodeID":"1296983","text":"Default Transition","type":"TA","timestamp":"2023-11-09 12:51:13"},{"nodeID":"1296984","text":"Default Transition","type":"TA","timestamp":"2023-11-09 12:51:13"},{"nodeID":"1296985","text":"Default Transition","type":"TA","timestamp":"2023-11-09 12:51:13"},{"nodeID":"1296986","text":"Default Inference","type":"RA","timestamp":"2023-11-09 12:51:13"},{"nodeID":"1296987","text":"Default Transition","type":"TA","timestamp":"2023-11-09 12:51:13"},{"nodeID":"1296988","text":"Arguing","type":"YA","timestamp":"2023-11-09 12:51:13"},{"nodeID":"1296989","text":"there is no cap on who can come to the United Kingdom","type":"I","timestamp":"2023-11-09 12:51:14"},{"nodeID":"1296990","text":"Penny Mordaunt: There is no cap on who can come here","type":"L","timestamp":"2023-11-09 12:51:14"},{"nodeID":"1296991","text":"Analysing","type":"YA","timestamp":"2023-11-09 12:51:14"},{"nodeID":"1296992","text":"Fyfe: Penny Mordaunt: There is no cap on who can come here","type":"L","timestamp":"2023-11-09 12:51:14"},{"nodeID":"1296993","text":"Asserting","type":"YA","timestamp":"2023-11-09 12:51:14"},{"nodeID":"1296994","text":"Default Transition","type":"TA","timestamp":"2023-11-09 12:51:14"},{"nodeID":"1296995","text":"Default Transition","type":"TA","timestamp":"2023-11-09 12:51:14"},{"nodeID":"1296996","text":"we estimate from what we fear will happen in terms of volumes of refugees that about potentially 200,000 may have to come to the UK","type":"I","timestamp":"2023-11-09 12:51:14"},{"nodeID":"1296997","text":"Penny Mordaunt: We estimate from what we fear will happen in terms of volumes of refugees that about potentially 200,000 may have to come to the UK","type":"L","timestamp":"2023-11-09 12:51:14"},{"nodeID":"1296998","text":"Analysing","type":"YA","timestamp":"2023-11-09 12:51:14"},{"nodeID":"1296999","text":"Fyfe: Penny Mordaunt: We estimate from what we fear will happen in terms of volumes of refugees that about potentially 200,000 may have to come to the UK","type":"L","timestamp":"2023-11-09 12:51:14"},{"nodeID":"1297000","text":"Asserting","type":"YA","timestamp":"2023-11-09 12:51:14"},{"nodeID":"1297001","text":"Default Transition","type":"TA","timestamp":"2023-11-09 12:51:14"},{"nodeID":"1297002","text":"Default Transition","type":"TA","timestamp":"2023-11-09 12:51:14"},{"nodeID":"1297003","text":"Default Transition","type":"TA","timestamp":"2023-11-09 12:51:14"},{"nodeID":"1297004","text":"Default Rephrase","type":"MA","timestamp":"2023-11-09 12:51:14"},{"nodeID":"1297005","text":"Default Transition","type":"TA","timestamp":"2023-11-09 12:51:14"},{"nodeID":"1297006","text":"Default Illocuting","type":"YA","timestamp":"2023-11-09 12:51:14"},{"nodeID":"1297007","text":"Default Inference","type":"RA","timestamp":"2023-11-09 12:51:14"},{"nodeID":"1297008","text":"Default Transition","type":"TA","timestamp":"2023-11-09 12:51:14"},{"nodeID":"1297009","text":"Arguing","type":"YA","timestamp":"2023-11-09 12:51:14"},{"nodeID":"1297010","text":"Default Transition","type":"TA","timestamp":"2023-11-09 12:51:14"},{"nodeID":"1297011","text":"Kirsten Oswald is perplexed by Penny Mordaunt's saying it is a swift situation on the United Kingdom's border","type":"I","timestamp":"2023-11-09 12:51:15"},{"nodeID":"1297012","text":"Kirsten Oswald: I'm perplexed by what Penny is saying","type":"L","timestamp":"2023-11-09 12:51:15"},{"nodeID":"1297013","text":"Analysing","type":"YA","timestamp":"2023-11-09 12:51:15"},{"nodeID":"1297014","text":"Fyfe: Kirsten Oswald: I'm perplexed by what Penny is saying","type":"L","timestamp":"2023-11-09 12:51:15"},{"nodeID":"1297015","text":"Asserting","type":"YA","timestamp":"2023-11-09 12:51:15"},{"nodeID":"1297016","text":"the apparent swift situation at the border is not the reality that people are facing and people who are fleeing from this terrible war which we have all seen played out before our eyes are in the most desperate situation","type":"I","timestamp":"2023-11-09 12:51:15"},{"nodeID":"1297017","text":"Kirsten Oswald: That's not the reality that people are facing and people who are fleeing from this terrible war which we have all seen played out before our eyes are in the most desperate situation","type":"L","timestamp":"2023-11-09 12:51:15"},{"nodeID":"1297018","text":"Analysing","type":"YA","timestamp":"2023-11-09 12:51:15"},{"nodeID":"1297019","text":"Fyfe: Kirsten Oswald: That's not the reality that people are facing and people who are fleeing from this terrible war which we have all seen played out before our eyes are in the most desperate situation","type":"L","timestamp":"2023-11-09 12:51:15"},{"nodeID":"1297020","text":"Asserting","type":"YA","timestamp":"2023-11-09 12:51:15"},{"nodeID":"1297021","text":"Default Inference","type":"RA","timestamp":"2023-11-09 12:51:15"},{"nodeID":"1297022","text":"Default Transition","type":"TA","timestamp":"2023-11-09 12:51:15"},{"nodeID":"1297023","text":"Arguing","type":"YA","timestamp":"2023-11-09 12:51:15"},{"nodeID":"1297024","text":"Ukrainian refugees at the border should not face any barriers going to safety or to coming and being in a place of safety","type":"I","timestamp":"2023-11-09 12:51:16"},{"nodeID":"1297025","text":"Kirsten Oswald: They shouldn't face any barriers going to safety or to coming and being in a place of safety","type":"L","timestamp":"2023-11-09 12:51:16"},{"nodeID":"1297026","text":"Analysing","type":"YA","timestamp":"2023-11-09 12:51:16"},{"nodeID":"1297027","text":"Fyfe: Kirsten Oswald: They shouldn't face any barriers going to safety or to coming and being in a place of safety","type":"L","timestamp":"2023-11-09 12:51:16"},{"nodeID":"1297028","text":"Asserting","type":"YA","timestamp":"2023-11-09 12:51:16"},{"nodeID":"1297029","text":"Default Rephrase","type":"MA","timestamp":"2023-11-09 12:51:16"},{"nodeID":"1297030","text":"Default Transition","type":"TA","timestamp":"2023-11-09 12:51:16"},{"nodeID":"1297031","text":"Restating","type":"YA","timestamp":"2023-11-09 12:51:16"},{"nodeID":"1297032","text":"Default Transition","type":"TA","timestamp":"2023-11-09 12:51:16"},{"nodeID":"1297033","text":"we absolutely should match what the EU is doing","type":"I","timestamp":"2023-11-09 12:51:17"},{"nodeID":"1297034","text":"Kirsten Oswald: we absolutely should match what the EU is doing","type":"L","timestamp":"2023-11-09 12:51:17"},{"nodeID":"1297035","text":"Analysing","type":"YA","timestamp":"2023-11-09 12:51:17"},{"nodeID":"1297036","text":"Fyfe: Kirsten Oswald: we absolutely should match what the EU is doing","type":"L","timestamp":"2023-11-09 12:51:17"},{"nodeID":"1297037","text":"Asserting","type":"YA","timestamp":"2023-11-09 12:51:17"},{"nodeID":"1297038","text":"Default Transition","type":"TA","timestamp":"2023-11-09 12:51:17"},{"nodeID":"1297039","text":"Default Transition","type":"TA","timestamp":"2023-11-09 12:51:17"},{"nodeID":"1297040","text":"we should waive all of the restrictions that are in place at the moment","type":"I","timestamp":"2023-11-09 12:51:17"},{"nodeID":"1297041","text":"Kirsten Oswald: We should waive all of the restrictions that are in place at the moment","type":"L","timestamp":"2023-11-09 12:51:17"},{"nodeID":"1297042","text":"Analysing","type":"YA","timestamp":"2023-11-09 12:51:17"},{"nodeID":"1297043","text":"Fyfe: Kirsten Oswald: We should waive all of the restrictions that are in place at the moment","type":"L","timestamp":"2023-11-09 12:51:17"},{"nodeID":"1297044","text":"Asserting","type":"YA","timestamp":"2023-11-09 12:51:17"},{"nodeID":"1297045","text":"Default Transition","type":"TA","timestamp":"2023-11-09 12:51:17"},{"nodeID":"1297046","text":"we have given the oligarchs time to sell up, but at the same time we're closing the doors to people in need","type":"I","timestamp":"2023-11-09 12:51:18"},{"nodeID":"1297047","text":"Kirsten Oswald: We've given the oligarchs time to sell up, but at the same time we're closing the doors to people in need","type":"L","timestamp":"2023-11-09 12:51:18"},{"nodeID":"1297048","text":"Analysing","type":"YA","timestamp":"2023-11-09 12:51:18"},{"nodeID":"1297049","text":"Fyfe: Kirsten Oswald: We've given the oligarchs time to sell up, but at the same time we're closing the doors to people in need","type":"L","timestamp":"2023-11-09 12:51:18"},{"nodeID":"1297050","text":"Asserting","type":"YA","timestamp":"2023-11-09 12:51:18"},{"nodeID":"1297051","text":"Default Transition","type":"TA","timestamp":"2023-11-09 12:51:18"},{"nodeID":"1297052","text":"Default Transition","type":"TA","timestamp":"2023-11-09 12:51:18"},{"nodeID":"1297053","text":"Default Transition","type":"TA","timestamp":"2023-11-09 12:51:18"},{"nodeID":"1297054","text":"Default Transition","type":"TA","timestamp":"2023-11-09 12:51:18"},{"nodeID":"1297055","text":"Default Rephrase","type":"MA","timestamp":"2023-11-09 12:51:18"},{"nodeID":"1297056","text":"Default Illocuting","type":"YA","timestamp":"2023-11-09 12:51:18"},{"nodeID":"1297057","text":"Default Transition","type":"TA","timestamp":"2023-11-09 12:51:18"},{"nodeID":"1297058","text":"Default Transition","type":"TA","timestamp":"2023-11-09 12:51:18"},{"nodeID":"1297059","text":"Default Transition","type":"TA","timestamp":"2023-11-09 12:51:18"}],"edges":[{"edgeID":"1704745","fromID":"1296933","toID":"1296932","formEdgeID":null},{"edgeID":"1704746","fromID":"1296934","toID":"1296933","formEdgeID":null},{"edgeID":"1704747","fromID":"1296935","toID":"1296931","formEdgeID":null},{"edgeID":"1704748","fromID":"1296932","toID":"1296935","formEdgeID":null},{"edgeID":"1704749","fromID":"1296938","toID":"1296937","formEdgeID":null},{"edgeID":"1704750","fromID":"1296940","toID":"1296936","formEdgeID":null},{"edgeID":"1704751","fromID":"1296939","toID":"1296938","formEdgeID":null},{"edgeID":"1704752","fromID":"1296937","toID":"1296940","formEdgeID":null},{"edgeID":"1704753","fromID":"1296943","toID":"1296942","formEdgeID":null},{"edgeID":"1704754","fromID":"1296942","toID":"1296945","formEdgeID":null},{"edgeID":"1704755","fromID":"1296945","toID":"1296941","formEdgeID":null},{"edgeID":"1704756","fromID":"1296944","toID":"1296943","formEdgeID":null},{"edgeID":"1704757","fromID":"1296949","toID":"1296947","formEdgeID":null},{"edgeID":"1704758","fromID":"1296948","toID":"1296949","formEdgeID":null},{"edgeID":"1704759","fromID":"1296947","toID":"1296950","formEdgeID":null},{"edgeID":"1704760","fromID":"1296950","toID":"1296946","formEdgeID":null},{"edgeID":"1704761","fromID":"1296953","toID":"1296952","formEdgeID":null},{"edgeID":"1704762","fromID":"1296954","toID":"1296953","formEdgeID":null},{"edgeID":"1704763","fromID":"1296952","toID":"1296955","formEdgeID":null},{"edgeID":"1704764","fromID":"1296955","toID":"1296951","formEdgeID":null},{"edgeID":"1704765","fromID":"1296957","toID":"1296958","formEdgeID":null},{"edgeID":"1704766","fromID":"1296958","toID":"1296959","formEdgeID":null},{"edgeID":"1704767","fromID":"1296959","toID":"1296960","formEdgeID":null},{"edgeID":"1704768","fromID":"1296960","toID":"1296956","formEdgeID":null},{"edgeID":"1704769","fromID":"1296963","toID":"1296962","formEdgeID":null},{"edgeID":"1704770","fromID":"1296964","toID":"1296963","formEdgeID":null},{"edgeID":"1704771","fromID":"1296962","toID":"1296965","formEdgeID":null},{"edgeID":"1704772","fromID":"1296965","toID":"1296961","formEdgeID":null},{"edgeID":"1704773","fromID":"1296967","toID":"1296968","formEdgeID":null},{"edgeID":"1704774","fromID":"1296969","toID":"1296967","formEdgeID":null},{"edgeID":"1704775","fromID":"1296968","toID":"1296970","formEdgeID":null},{"edgeID":"1704776","fromID":"1296970","toID":"1296966","formEdgeID":null},{"edgeID":"1704777","fromID":"1296973","toID":"1296972","formEdgeID":null},{"edgeID":"1704778","fromID":"1296974","toID":"1296973","formEdgeID":null},{"edgeID":"1704779","fromID":"1296972","toID":"1296975","formEdgeID":null},{"edgeID":"1704780","fromID":"1296975","toID":"1296971","formEdgeID":null},{"edgeID":"1704781","fromID":"1296971","toID":"1296976","formEdgeID":null},{"edgeID":"1704782","fromID":"1296976","toID":"1296931","formEdgeID":null},{"edgeID":"1704783","fromID":"1296932","toID":"1296977","formEdgeID":null},{"edgeID":"1704784","fromID":"1296977","toID":"1296972","formEdgeID":null},{"edgeID":"1704785","fromID":"1296977","toID":"1296978","formEdgeID":null},{"edgeID":"1704786","fromID":"1296978","toID":"1296976","formEdgeID":null},{"edgeID":"1704787","fromID":"1296932","toID":"1296979","formEdgeID":null},{"edgeID":"1704788","fromID":"1296979","toID":"1296972","formEdgeID":null},{"edgeID":"1704789","fromID":"1296972","toID":"1296980","formEdgeID":null},{"edgeID":"1704790","fromID":"1296980","toID":"1296937","formEdgeID":null},{"edgeID":"1704791","fromID":"1296972","toID":"1296981","formEdgeID":null},{"edgeID":"1704792","fromID":"1296981","toID":"1296937","formEdgeID":null},{"edgeID":"1704793","fromID":"1296937","toID":"1296982","formEdgeID":null},{"edgeID":"1704794","fromID":"1296982","toID":"1296942","formEdgeID":null},{"edgeID":"1704795","fromID":"1296937","toID":"1296983","formEdgeID":null},{"edgeID":"1704796","fromID":"1296983","toID":"1296942","formEdgeID":null},{"edgeID":"1704797","fromID":"1296942","toID":"1296984","formEdgeID":null},{"edgeID":"1704798","fromID":"1296984","toID":"1296947","formEdgeID":null},{"edgeID":"1704799","fromID":"1296942","toID":"1296985","formEdgeID":null},{"edgeID":"1704800","fromID":"1296985","toID":"1296947","formEdgeID":null},{"edgeID":"1704801","fromID":"1296951","toID":"1296986","formEdgeID":null},{"edgeID":"1704802","fromID":"1296986","toID":"1296946","formEdgeID":null},{"edgeID":"1704803","fromID":"1296947","toID":"1296987","formEdgeID":null},{"edgeID":"1704804","fromID":"1296987","toID":"1296952","formEdgeID":null},{"edgeID":"1704805","fromID":"1296987","toID":"1296988","formEdgeID":null},{"edgeID":"1704806","fromID":"1296988","toID":"1296986","formEdgeID":null},{"edgeID":"1704807","fromID":"1296991","toID":"1296990","formEdgeID":null},{"edgeID":"1704808","fromID":"1296992","toID":"1296991","formEdgeID":null},{"edgeID":"1704809","fromID":"1296990","toID":"1296993","formEdgeID":null},{"edgeID":"1704810","fromID":"1296993","toID":"1296989","formEdgeID":null},{"edgeID":"1704811","fromID":"1296952","toID":"1296994","formEdgeID":null},{"edgeID":"1704812","fromID":"1296994","toID":"1296990","formEdgeID":null},{"edgeID":"1704813","fromID":"1296952","toID":"1296995","formEdgeID":null},{"edgeID":"1704814","fromID":"1296995","toID":"1296990","formEdgeID":null},{"edgeID":"1704815","fromID":"1296998","toID":"1296997","formEdgeID":null},{"edgeID":"1704816","fromID":"1296999","toID":"1296998","formEdgeID":null},{"edgeID":"1704817","fromID":"1296997","toID":"1297000","formEdgeID":null},{"edgeID":"1704818","fromID":"1297000","toID":"1296996","formEdgeID":null},{"edgeID":"1704819","fromID":"1296990","toID":"1297001","formEdgeID":null},{"edgeID":"1704820","fromID":"1297001","toID":"1296997","formEdgeID":null},{"edgeID":"1704821","fromID":"1296997","toID":"1297002","formEdgeID":null},{"edgeID":"1704822","fromID":"1297002","toID":"1296959","formEdgeID":null},{"edgeID":"1704823","fromID":"1296997","toID":"1297003","formEdgeID":null},{"edgeID":"1704824","fromID":"1297003","toID":"1296959","formEdgeID":null},{"edgeID":"1704825","fromID":"1296961","toID":"1297004","formEdgeID":null},{"edgeID":"1704826","fromID":"1297004","toID":"1296956","formEdgeID":null},{"edgeID":"1704827","fromID":"1296959","toID":"1297005","formEdgeID":null},{"edgeID":"1704828","fromID":"1297005","toID":"1296962","formEdgeID":null},{"edgeID":"1704829","fromID":"1297005","toID":"1297006","formEdgeID":null},{"edgeID":"1704830","fromID":"1297006","toID":"1297004","formEdgeID":null},{"edgeID":"1704831","fromID":"1296966","toID":"1297007","formEdgeID":null},{"edgeID":"1704832","fromID":"1297007","toID":"1296961","formEdgeID":null},{"edgeID":"1704833","fromID":"1296962","toID":"1297008","formEdgeID":null},{"edgeID":"1704834","fromID":"1297008","toID":"1296968","formEdgeID":null},{"edgeID":"1704835","fromID":"1297008","toID":"1297009","formEdgeID":null},{"edgeID":"1704836","fromID":"1297009","toID":"1297007","formEdgeID":null},{"edgeID":"1704837","fromID":"1296962","toID":"1297010","formEdgeID":null},{"edgeID":"1704838","fromID":"1297010","toID":"1296968","formEdgeID":null},{"edgeID":"1704839","fromID":"1297013","toID":"1297012","formEdgeID":null},{"edgeID":"1704840","fromID":"1297014","toID":"1297013","formEdgeID":null},{"edgeID":"1704841","fromID":"1297012","toID":"1297015","formEdgeID":null},{"edgeID":"1704842","fromID":"1297015","toID":"1297011","formEdgeID":null},{"edgeID":"1704843","fromID":"1297018","toID":"1297017","formEdgeID":null},{"edgeID":"1704844","fromID":"1297019","toID":"1297018","formEdgeID":null},{"edgeID":"1704845","fromID":"1297017","toID":"1297020","formEdgeID":null},{"edgeID":"1704846","fromID":"1297020","toID":"1297016","formEdgeID":null},{"edgeID":"1704847","fromID":"1297016","toID":"1297021","formEdgeID":null},{"edgeID":"1704848","fromID":"1297021","toID":"1297011","formEdgeID":null},{"edgeID":"1704849","fromID":"1297012","toID":"1297022","formEdgeID":null},{"edgeID":"1704850","fromID":"1297022","toID":"1297017","formEdgeID":null},{"edgeID":"1704851","fromID":"1297022","toID":"1297023","formEdgeID":null},{"edgeID":"1704852","fromID":"1297023","toID":"1297021","formEdgeID":null},{"edgeID":"1704853","fromID":"1297026","toID":"1297025","formEdgeID":null},{"edgeID":"1704854","fromID":"1297027","toID":"1297026","formEdgeID":null},{"edgeID":"1704855","fromID":"1297025","toID":"1297028","formEdgeID":null},{"edgeID":"1704856","fromID":"1297028","toID":"1297024","formEdgeID":null},{"edgeID":"1704857","fromID":"1297024","toID":"1297029","formEdgeID":null},{"edgeID":"1704858","fromID":"1297029","toID":"1297016","formEdgeID":null},{"edgeID":"1704859","fromID":"1297017","toID":"1297030","formEdgeID":null},{"edgeID":"1704860","fromID":"1297030","toID":"1297025","formEdgeID":null},{"edgeID":"1704861","fromID":"1297030","toID":"1297031","formEdgeID":null},{"edgeID":"1704862","fromID":"1297031","toID":"1297029","formEdgeID":null},{"edgeID":"1704863","fromID":"1297017","toID":"1297032","formEdgeID":null},{"edgeID":"1704864","fromID":"1297032","toID":"1297025","formEdgeID":null},{"edgeID":"1704865","fromID":"1297035","toID":"1297034","formEdgeID":null},{"edgeID":"1704866","fromID":"1297036","toID":"1297035","formEdgeID":null},{"edgeID":"1704867","fromID":"1297034","toID":"1297037","formEdgeID":null},{"edgeID":"1704868","fromID":"1297037","toID":"1297033","formEdgeID":null},{"edgeID":"1704869","fromID":"1297025","toID":"1297038","formEdgeID":null},{"edgeID":"1704870","fromID":"1297038","toID":"1297034","formEdgeID":null},{"edgeID":"1704871","fromID":"1297025","toID":"1297039","formEdgeID":null},{"edgeID":"1704872","fromID":"1297039","toID":"1297034","formEdgeID":null},{"edgeID":"1704873","fromID":"1297042","toID":"1297041","formEdgeID":null},{"edgeID":"1704874","fromID":"1297043","toID":"1297042","formEdgeID":null},{"edgeID":"1704875","fromID":"1297041","toID":"1297044","formEdgeID":null},{"edgeID":"1704876","fromID":"1297044","toID":"1297040","formEdgeID":null},{"edgeID":"1704877","fromID":"1297034","toID":"1297045","formEdgeID":null},{"edgeID":"1704878","fromID":"1297045","toID":"1297041","formEdgeID":null},{"edgeID":"1704879","fromID":"1297048","toID":"1297047","formEdgeID":null},{"edgeID":"1704880","fromID":"1297049","toID":"1297048","formEdgeID":null},{"edgeID":"1704881","fromID":"1297047","toID":"1297050","formEdgeID":null},{"edgeID":"1704882","fromID":"1297050","toID":"1297046","formEdgeID":null},{"edgeID":"1704883","fromID":"1297041","toID":"1297051","formEdgeID":null},{"edgeID":"1704884","fromID":"1297051","toID":"1297047","formEdgeID":null},{"edgeID":"1704885","fromID":"1297041","toID":"1297052","formEdgeID":null},{"edgeID":"1704886","fromID":"1297052","toID":"1297047","formEdgeID":null},{"edgeID":"1704887","fromID":"1297034","toID":"1297053","formEdgeID":null},{"edgeID":"1704888","fromID":"1297053","toID":"1297041","formEdgeID":null},{"edgeID":"1704889","fromID":"1297034","toID":"1297054","formEdgeID":null},{"edgeID":"1704890","fromID":"1297054","toID":"1297041","formEdgeID":null},{"edgeID":"1704891","fromID":"1296941","toID":"1297055","formEdgeID":null},{"edgeID":"1704892","fromID":"1297055","toID":"1296936","formEdgeID":null},{"edgeID":"1704893","fromID":"1296983","toID":"1297056","formEdgeID":null},{"edgeID":"1704894","fromID":"1297056","toID":"1297055","formEdgeID":null},{"edgeID":"1704895","fromID":"1296937","toID":"1297057","formEdgeID":null},{"edgeID":"1704896","fromID":"1297057","toID":"1296942","formEdgeID":null},{"edgeID":"1704897","fromID":"1296968","toID":"1297058","formEdgeID":null},{"edgeID":"1704898","fromID":"1297058","toID":"1297012","formEdgeID":null},{"edgeID":"1704899","fromID":"1296968","toID":"1297059","formEdgeID":null},{"edgeID":"1704900","fromID":"1297059","toID":"1297012","formEdgeID":null}],"locutions":[]}