{"nodes":[{"nodeID":"1293820","text":"there is a sense that there is dismay beneath the surface in Russia","type":"I","timestamp":"2023-11-09 12:46:52"},{"nodeID":"1293821","text":"Bridget Kendall: There is a sense that there is dismay beneath the surface in Russia","type":"L","timestamp":"2023-11-09 12:46:52"},{"nodeID":"1293822","text":"Analysing","type":"YA","timestamp":"2023-11-09 12:46:52"},{"nodeID":"1293823","text":"Steffi: Bridget Kendall: There is a sense that there is dismay beneath the surface in Russia","type":"L","timestamp":"2023-11-09 12:46:52"},{"nodeID":"1293824","text":"Asserting","type":"YA","timestamp":"2023-11-09 12:46:52"},{"nodeID":"1293825","text":"when this whole invasion was announced by Mr Putin, he called in his top echelon","type":"I","timestamp":"2023-11-09 12:46:53"},{"nodeID":"1293826","text":"Bridget Kendall: When this whole invasion was announced by Mr Putin, he called in his top echelon","type":"L","timestamp":"2023-11-09 12:46:53"},{"nodeID":"1293827","text":"Analysing","type":"YA","timestamp":"2023-11-09 12:46:53"},{"nodeID":"1293828","text":"Steffi: Bridget Kendall: When this whole invasion was announced by Mr Putin, he called in his top echelon","type":"L","timestamp":"2023-11-09 12:46:53"},{"nodeID":"1293829","text":"Asserting","type":"YA","timestamp":"2023-11-09 12:46:53"},{"nodeID":"1293830","text":"Default Transition","type":"TA","timestamp":"2023-11-09 12:46:53"},{"nodeID":"1293831","text":"even people who are supposed to be really called","type":"I","timestamp":"2023-11-09 12:46:53"},{"nodeID":"1293832","text":"Bridget Kendall: even people who are supposed to be really called","type":"L","timestamp":"2023-11-09 12:46:53"},{"nodeID":"1293833","text":"Analysing","type":"YA","timestamp":"2023-11-09 12:46:53"},{"nodeID":"1293834","text":"Steffi: Bridget Kendall: even people who are supposed to be really called","type":"L","timestamp":"2023-11-09 12:46:53"},{"nodeID":"1293835","text":"Asserting","type":"YA","timestamp":"2023-11-09 12:46:53"},{"nodeID":"1293836","text":"Default Transition","type":"TA","timestamp":"2023-11-09 12:46:53"},{"nodeID":"1293837","text":"this man called Sergey Naryshkin who is his foreign spy chief, he stuttered and looked shocked","type":"I","timestamp":"2023-11-09 12:46:54"},{"nodeID":"1293838","text":"Bridget Kendall:  this man called Sergey Naryshkin who is his foreign spy chief, he stuttered and looked shocked","type":"L","timestamp":"2023-11-09 12:46:54"},{"nodeID":"1293839","text":"Analysing","type":"YA","timestamp":"2023-11-09 12:46:54"},{"nodeID":"1293840","text":"Steffi: Bridget Kendall:  this man called Sergey Naryshkin who is his foreign spy chief, he stuttered and looked shocked","type":"L","timestamp":"2023-11-09 12:46:54"},{"nodeID":"1293841","text":"Asserting","type":"YA","timestamp":"2023-11-09 12:46:54"},{"nodeID":"1293842","text":"Default Transition","type":"TA","timestamp":"2023-11-09 12:46:54"},{"nodeID":"1293843","text":"Sergey Naryshkin didn't look like he was getting his answer right","type":"I","timestamp":"2023-11-09 12:46:55"},{"nodeID":"1293844","text":"Bridget Kendall: didn't look like he was getting his answer right","type":"L","timestamp":"2023-11-09 12:46:55"},{"nodeID":"1293845","text":"Analysing","type":"YA","timestamp":"2023-11-09 12:46:55"},{"nodeID":"1293846","text":"Steffi: Bridget Kendall: didn't look like he was getting his answer right","type":"L","timestamp":"2023-11-09 12:46:55"},{"nodeID":"1293847","text":"Asserting","type":"YA","timestamp":"2023-11-09 12:46:55"},{"nodeID":"1293848","text":"Default Transition","type":"TA","timestamp":"2023-11-09 12:46:55"},{"nodeID":"1293849","text":"Sergey Naryshkin was berated by Mr Putin","type":"I","timestamp":"2023-11-09 12:46:55"},{"nodeID":"1293850","text":"Bridget Kendall: was berated by Mr Putin","type":"L","timestamp":"2023-11-09 12:46:55"},{"nodeID":"1293851","text":"Analysing","type":"YA","timestamp":"2023-11-09 12:46:55"},{"nodeID":"1293852","text":"Steffi: Bridget Kendall: was berated by Mr Putin","type":"L","timestamp":"2023-11-09 12:46:55"},{"nodeID":"1293853","text":"Asserting","type":"YA","timestamp":"2023-11-09 12:46:55"},{"nodeID":"1293854","text":"Default Rephrase","type":"MA","timestamp":"2023-11-09 12:46:55"},{"nodeID":"1293855","text":"Restating","type":"YA","timestamp":"2023-11-09 12:46:55"},{"nodeID":"1293856","text":"Default Inference","type":"RA","timestamp":"2023-11-09 12:46:55"},{"nodeID":"1293857","text":"Arguing","type":"YA","timestamp":"2023-11-09 12:46:55"},{"nodeID":"1293858","text":"Default Conflict","type":"CA","timestamp":"2023-11-09 12:46:55"},{"nodeID":"1293859","text":"Disagreeing","type":"YA","timestamp":"2023-11-09 12:46:55"},{"nodeID":"1293860","text":"Default Inference","type":"RA","timestamp":"2023-11-09 12:46:55"},{"nodeID":"1293861","text":"Default Transition","type":"TA","timestamp":"2023-11-09 12:46:55"},{"nodeID":"1293862","text":"it didn't seem to be that Mr Putin's Foreign Minister thought invading Ukraine is what should be happening","type":"I","timestamp":"2023-11-09 12:46:56"},{"nodeID":"1293863","text":"Bridget Kendall: It didn't seem to be that his Foreign Minister thought this is what should be happening,","type":"L","timestamp":"2023-11-09 12:46:56"},{"nodeID":"1293864","text":"Analysing","type":"YA","timestamp":"2023-11-09 12:46:56"},{"nodeID":"1293865","text":"Steffi: Bridget Kendall: It didn't seem to be that his Foreign Minister thought this is what should be happening,","type":"L","timestamp":"2023-11-09 12:46:56"},{"nodeID":"1293866","text":"Asserting","type":"YA","timestamp":"2023-11-09 12:46:56"},{"nodeID":"1293867","text":"Mr Putin's Foreign Minister thought there should still be negotiations","type":"I","timestamp":"2023-11-09 12:46:57"},{"nodeID":"1293868","text":"Bridget Kendall: he thought there should still be negotiations","type":"L","timestamp":"2023-11-09 12:46:57"},{"nodeID":"1293869","text":"Analysing","type":"YA","timestamp":"2023-11-09 12:46:57"},{"nodeID":"1293870","text":"Steffi: Bridget Kendall: he thought there should still be negotiations","type":"L","timestamp":"2023-11-09 12:46:57"},{"nodeID":"1293871","text":"Asserting","type":"YA","timestamp":"2023-11-09 12:46:57"},{"nodeID":"1293872","text":"Default Transition","type":"TA","timestamp":"2023-11-09 12:46:57"},{"nodeID":"1293873","text":"today, the Russians are parading on television","type":"I","timestamp":"2023-11-09 12:46:57"},{"nodeID":"1293874","text":"Bridget Kendall: Today, they're parading on television","type":"L","timestamp":"2023-11-09 12:46:57"},{"nodeID":"1293875","text":"Analysing","type":"YA","timestamp":"2023-11-09 12:46:57"},{"nodeID":"1293876","text":"Steffi: Bridget Kendall: Today, they're parading on television","type":"L","timestamp":"2023-11-09 12:46:57"},{"nodeID":"1293877","text":"Asserting","type":"YA","timestamp":"2023-11-09 12:46:57"},{"nodeID":"1293878","text":"they've got their message in a row","type":"I","timestamp":"2023-11-09 12:46:58"},{"nodeID":"1293879","text":"Bridget Kendall: they've got their message in a row","type":"L","timestamp":"2023-11-09 12:46:58"},{"nodeID":"1293880","text":"Analysing","type":"YA","timestamp":"2023-11-09 12:46:58"},{"nodeID":"1293881","text":"Steffi: Bridget Kendall: they've got their message in a row","type":"L","timestamp":"2023-11-09 12:46:58"},{"nodeID":"1293882","text":"Asserting","type":"YA","timestamp":"2023-11-09 12:46:58"},{"nodeID":"1293883","text":"they're lining up behind the Russian president","type":"I","timestamp":"2023-11-09 12:46:58"},{"nodeID":"1293884","text":"Bridget Kendall: they're lining up behind the Russian president","type":"L","timestamp":"2023-11-09 12:46:58"},{"nodeID":"1293885","text":"Analysing","type":"YA","timestamp":"2023-11-09 12:46:58"},{"nodeID":"1293886","text":"Steffi: Bridget Kendall: they're lining up behind the Russian president","type":"L","timestamp":"2023-11-09 12:46:58"},{"nodeID":"1293887","text":"Asserting","type":"YA","timestamp":"2023-11-09 12:46:58"},{"nodeID":"1293888","text":"Default Transition","type":"TA","timestamp":"2023-11-09 12:46:58"},{"nodeID":"1293889","text":"Default Transition","type":"TA","timestamp":"2023-11-09 12:46:58"},{"nodeID":"1293890","text":"Default Transition","type":"TA","timestamp":"2023-11-09 12:46:58"},{"nodeID":"1293891","text":"Bridget Kendall never thought she'd see an international boycott, driven not just by governments and organisations, but by ordinary people","type":"I","timestamp":"2023-11-09 12:46:59"},{"nodeID":"1293892","text":"Bridget Kendall: I never thought I'd see an international boycott, driven not just by governments and organisations, but by ordinary people","type":"L","timestamp":"2023-11-09 12:46:59"},{"nodeID":"1293893","text":"Analysing","type":"YA","timestamp":"2023-11-09 12:46:59"},{"nodeID":"1293894","text":"Steffi: Bridget Kendall: I never thought I'd see an international boycott, driven not just by governments and organisations, but by ordinary people","type":"L","timestamp":"2023-11-09 12:46:59"},{"nodeID":"1293895","text":"Asserting","type":"YA","timestamp":"2023-11-09 12:46:59"},{"nodeID":"1293896","text":"Russians invading Ukraine happened so, so fast and spread so quickly","type":"I","timestamp":"2023-11-09 12:47:00"},{"nodeID":"1293897","text":"Bridget Kendall: It happened so, so fast and spread so quickly","type":"L","timestamp":"2023-11-09 12:47:00"},{"nodeID":"1293898","text":"Analysing","type":"YA","timestamp":"2023-11-09 12:47:00"},{"nodeID":"1293899","text":"Steffi: Bridget Kendall: It happened so, so fast and spread so quickly","type":"L","timestamp":"2023-11-09 12:47:00"},{"nodeID":"1293900","text":"Asserting","type":"YA","timestamp":"2023-11-09 12:47:00"},{"nodeID":"1293901","text":"hopefully international boycott will have an impact","type":"I","timestamp":"2023-11-09 12:47:00"},{"nodeID":"1293902","text":"Bridget Kendall: Hopefully that will have an impact","type":"L","timestamp":"2023-11-09 12:47:00"},{"nodeID":"1293903","text":"Analysing","type":"YA","timestamp":"2023-11-09 12:47:00"},{"nodeID":"1293904","text":"Steffi: Bridget Kendall: Hopefully that will have an impact","type":"L","timestamp":"2023-11-09 12:47:00"},{"nodeID":"1293905","text":"Asserting","type":"YA","timestamp":"2023-11-09 12:47:00"},{"nodeID":"1293906","text":"Default Transition","type":"TA","timestamp":"2023-11-09 12:47:00"},{"nodeID":"1293907","text":"Bridget Kendall would never have believed that Russians invade Ukraine","type":"I","timestamp":"2023-11-09 12:47:01"},{"nodeID":"1293908","text":"Bridget Kendall: I would never have believed it","type":"L","timestamp":"2023-11-09 12:47:01"},{"nodeID":"1293909","text":"Analysing","type":"YA","timestamp":"2023-11-09 12:47:01"},{"nodeID":"1293910","text":"Steffi: Bridget Kendall: I would never have believed it","type":"L","timestamp":"2023-11-09 12:47:01"},{"nodeID":"1293911","text":"Asserting","type":"YA","timestamp":"2023-11-09 12:47:01"},{"nodeID":"1293912","text":"Bridget Kendall never thought she would see Russians invading Ukraine","type":"I","timestamp":"2023-11-09 12:47:01"},{"nodeID":"1293913","text":"Bridget Kendall: I never thought I would see Russians invading Ukraine","type":"L","timestamp":"2023-11-09 12:47:01"},{"nodeID":"1293914","text":"Analysing","type":"YA","timestamp":"2023-11-09 12:47:01"},{"nodeID":"1293915","text":"Steffi: Bridget Kendall: I never thought I would see Russians invading Ukraine","type":"L","timestamp":"2023-11-09 12:47:01"},{"nodeID":"1293916","text":"Asserting","type":"YA","timestamp":"2023-11-09 12:47:01"},{"nodeID":"1293917","text":"Default Transition","type":"TA","timestamp":"2023-11-09 12:47:01"},{"nodeID":"1293918","text":"Default Transition","type":"TA","timestamp":"2023-11-09 12:47:01"},{"nodeID":"1293919","text":"Default Rephrase","type":"MA","timestamp":"2023-11-09 12:47:01"},{"nodeID":"1293920","text":"Restating","type":"YA","timestamp":"2023-11-09 12:47:01"},{"nodeID":"1293921","text":"Default Rephrase","type":"MA","timestamp":"2023-11-09 12:47:02"},{"nodeID":"1293922","text":"Restating","type":"YA","timestamp":"2023-11-09 12:47:02"},{"nodeID":"1293923","text":"Default Rephrase","type":"MA","timestamp":"2023-11-09 12:47:02"},{"nodeID":"1293924","text":"Default Transition","type":"TA","timestamp":"2023-11-09 12:47:02"},{"nodeID":"1293925","text":"Restating","type":"YA","timestamp":"2023-11-09 12:47:02"},{"nodeID":"1293926","text":"inside Russia, and inside Moscow, people close to him, not everyone may think invading Ukraine is a good idea","type":"I","timestamp":"2023-11-09 12:47:02"},{"nodeID":"1293927","text":"Bridget Kendall: Inside Russia, and inside Moscow, people close to him, not everyone may think it is a good idea","type":"L","timestamp":"2023-11-09 12:47:02"},{"nodeID":"1293928","text":"Analysing","type":"YA","timestamp":"2023-11-09 12:47:02"},{"nodeID":"1293929","text":"Steffi: Bridget Kendall: Inside Russia, and inside Moscow, people close to him, not everyone may think it is a good idea","type":"L","timestamp":"2023-11-09 12:47:02"},{"nodeID":"1293930","text":"Asserting","type":"YA","timestamp":"2023-11-09 12:47:02"},{"nodeID":"1293931","text":"Default Transition","type":"TA","timestamp":"2023-11-09 12:47:02"},{"nodeID":"1293932","text":"Default Inference","type":"RA","timestamp":"2023-11-09 12:47:02"},{"nodeID":"1293933","text":"Default Rephrase","type":"MA","timestamp":"2023-11-09 12:47:02"},{"nodeID":"1293934","text":"Restating","type":"YA","timestamp":"2023-11-09 12:47:02"},{"nodeID":"1293935","text":"Default Rephrase","type":"MA","timestamp":"2023-11-09 12:47:02"},{"nodeID":"1293936","text":"Restating","type":"YA","timestamp":"2023-11-09 12:47:02"},{"nodeID":"1293937","text":"Default Conflict","type":"CA","timestamp":"2023-11-09 12:47:02"},{"nodeID":"1293938","text":"Disagreeing","type":"YA","timestamp":"2023-11-09 12:47:02"},{"nodeID":"1293939","text":"Default Inference","type":"RA","timestamp":"2023-11-09 12:47:02"},{"nodeID":"1293940","text":"Default Transition","type":"TA","timestamp":"2023-11-09 12:47:02"},{"nodeID":"1293941","text":"Arguing","type":"YA","timestamp":"2023-11-09 12:47:02"},{"nodeID":"1293942","text":"Arguing","type":"YA","timestamp":"2023-11-09 12:47:02"},{"nodeID":"1293943","text":"Default Transition","type":"TA","timestamp":"2023-11-09 12:47:02"}],"edges":[{"edgeID":"1701046","fromID":"1293822","toID":"1293821","formEdgeID":null},{"edgeID":"1701047","fromID":"1293823","toID":"1293822","formEdgeID":null},{"edgeID":"1701048","fromID":"1293821","toID":"1293824","formEdgeID":null},{"edgeID":"1701049","fromID":"1293824","toID":"1293820","formEdgeID":null},{"edgeID":"1701050","fromID":"1293827","toID":"1293826","formEdgeID":null},{"edgeID":"1701051","fromID":"1293828","toID":"1293827","formEdgeID":null},{"edgeID":"1701052","fromID":"1293826","toID":"1293829","formEdgeID":null},{"edgeID":"1701053","fromID":"1293829","toID":"1293825","formEdgeID":null},{"edgeID":"1701054","fromID":"1293821","toID":"1293830","formEdgeID":null},{"edgeID":"1701055","fromID":"1293830","toID":"1293826","formEdgeID":null},{"edgeID":"1701056","fromID":"1293833","toID":"1293832","formEdgeID":null},{"edgeID":"1701057","fromID":"1293834","toID":"1293833","formEdgeID":null},{"edgeID":"1701058","fromID":"1293832","toID":"1293835","formEdgeID":null},{"edgeID":"1701059","fromID":"1293835","toID":"1293831","formEdgeID":null},{"edgeID":"1701060","fromID":"1293826","toID":"1293836","formEdgeID":null},{"edgeID":"1701061","fromID":"1293836","toID":"1293832","formEdgeID":null},{"edgeID":"1701062","fromID":"1293839","toID":"1293838","formEdgeID":null},{"edgeID":"1701063","fromID":"1293840","toID":"1293839","formEdgeID":null},{"edgeID":"1701064","fromID":"1293838","toID":"1293841","formEdgeID":null},{"edgeID":"1701065","fromID":"1293841","toID":"1293837","formEdgeID":null},{"edgeID":"1701066","fromID":"1293832","toID":"1293842","formEdgeID":null},{"edgeID":"1701067","fromID":"1293842","toID":"1293838","formEdgeID":null},{"edgeID":"1701068","fromID":"1293845","toID":"1293844","formEdgeID":null},{"edgeID":"1701069","fromID":"1293846","toID":"1293845","formEdgeID":null},{"edgeID":"1701070","fromID":"1293844","toID":"1293847","formEdgeID":null},{"edgeID":"1701071","fromID":"1293847","toID":"1293843","formEdgeID":null},{"edgeID":"1701072","fromID":"1293838","toID":"1293848","formEdgeID":null},{"edgeID":"1701073","fromID":"1293848","toID":"1293844","formEdgeID":null},{"edgeID":"1701074","fromID":"1293851","toID":"1293850","formEdgeID":null},{"edgeID":"1701075","fromID":"1293852","toID":"1293851","formEdgeID":null},{"edgeID":"1701076","fromID":"1293850","toID":"1293853","formEdgeID":null},{"edgeID":"1701077","fromID":"1293853","toID":"1293849","formEdgeID":null},{"edgeID":"1701078","fromID":"1293843","toID":"1293854","formEdgeID":null},{"edgeID":"1701079","fromID":"1293854","toID":"1293837","formEdgeID":null},{"edgeID":"1701080","fromID":"1293848","toID":"1293855","formEdgeID":null},{"edgeID":"1701081","fromID":"1293855","toID":"1293854","formEdgeID":null},{"edgeID":"1701082","fromID":"1293825","toID":"1293856","formEdgeID":null},{"edgeID":"1701083","fromID":"1293856","toID":"1293820","formEdgeID":null},{"edgeID":"1701084","fromID":"1293830","toID":"1293857","formEdgeID":null},{"edgeID":"1701085","fromID":"1293857","toID":"1293856","formEdgeID":null},{"edgeID":"1701086","fromID":"1293831","toID":"1293858","formEdgeID":null},{"edgeID":"1701087","fromID":"1293858","toID":"1293825","formEdgeID":null},{"edgeID":"1701088","fromID":"1293836","toID":"1293859","formEdgeID":null},{"edgeID":"1701089","fromID":"1293859","toID":"1293858","formEdgeID":null},{"edgeID":"1701090","fromID":"1293849","toID":"1293860","formEdgeID":null},{"edgeID":"1701091","fromID":"1293860","toID":"1293820","formEdgeID":null},{"edgeID":"1701092","fromID":"1293821","toID":"1293861","formEdgeID":null},{"edgeID":"1701093","fromID":"1293861","toID":"1293850","formEdgeID":null},{"edgeID":"1701094","fromID":"1293864","toID":"1293863","formEdgeID":null},{"edgeID":"1701095","fromID":"1293865","toID":"1293864","formEdgeID":null},{"edgeID":"1701096","fromID":"1293863","toID":"1293866","formEdgeID":null},{"edgeID":"1701097","fromID":"1293866","toID":"1293862","formEdgeID":null},{"edgeID":"1701098","fromID":"1293869","toID":"1293868","formEdgeID":null},{"edgeID":"1701099","fromID":"1293870","toID":"1293869","formEdgeID":null},{"edgeID":"1701100","fromID":"1293868","toID":"1293871","formEdgeID":null},{"edgeID":"1701101","fromID":"1293871","toID":"1293867","formEdgeID":null},{"edgeID":"1701102","fromID":"1293863","toID":"1293872","formEdgeID":null},{"edgeID":"1701103","fromID":"1293872","toID":"1293868","formEdgeID":null},{"edgeID":"1701104","fromID":"1293875","toID":"1293874","formEdgeID":null},{"edgeID":"1701105","fromID":"1293876","toID":"1293875","formEdgeID":null},{"edgeID":"1701106","fromID":"1293874","toID":"1293877","formEdgeID":null},{"edgeID":"1701107","fromID":"1293877","toID":"1293873","formEdgeID":null},{"edgeID":"1701108","fromID":"1293880","toID":"1293879","formEdgeID":null},{"edgeID":"1701109","fromID":"1293881","toID":"1293880","formEdgeID":null},{"edgeID":"1701110","fromID":"1293879","toID":"1293882","formEdgeID":null},{"edgeID":"1701111","fromID":"1293882","toID":"1293878","formEdgeID":null},{"edgeID":"1701112","fromID":"1293885","toID":"1293884","formEdgeID":null},{"edgeID":"1701113","fromID":"1293886","toID":"1293885","formEdgeID":null},{"edgeID":"1701114","fromID":"1293884","toID":"1293887","formEdgeID":null},{"edgeID":"1701115","fromID":"1293887","toID":"1293883","formEdgeID":null},{"edgeID":"1701116","fromID":"1293868","toID":"1293888","formEdgeID":null},{"edgeID":"1701117","fromID":"1293888","toID":"1293874","formEdgeID":null},{"edgeID":"1701118","fromID":"1293874","toID":"1293889","formEdgeID":null},{"edgeID":"1701119","fromID":"1293889","toID":"1293879","formEdgeID":null},{"edgeID":"1701120","fromID":"1293879","toID":"1293890","formEdgeID":null},{"edgeID":"1701121","fromID":"1293890","toID":"1293884","formEdgeID":null},{"edgeID":"1701122","fromID":"1293893","toID":"1293892","formEdgeID":null},{"edgeID":"1701123","fromID":"1293894","toID":"1293893","formEdgeID":null},{"edgeID":"1701124","fromID":"1293892","toID":"1293895","formEdgeID":null},{"edgeID":"1701125","fromID":"1293895","toID":"1293891","formEdgeID":null},{"edgeID":"1701126","fromID":"1293898","toID":"1293897","formEdgeID":null},{"edgeID":"1701127","fromID":"1293899","toID":"1293898","formEdgeID":null},{"edgeID":"1701128","fromID":"1293897","toID":"1293900","formEdgeID":null},{"edgeID":"1701129","fromID":"1293900","toID":"1293896","formEdgeID":null},{"edgeID":"1701130","fromID":"1293903","toID":"1293902","formEdgeID":null},{"edgeID":"1701131","fromID":"1293904","toID":"1293903","formEdgeID":null},{"edgeID":"1701132","fromID":"1293902","toID":"1293905","formEdgeID":null},{"edgeID":"1701133","fromID":"1293905","toID":"1293901","formEdgeID":null},{"edgeID":"1701134","fromID":"1293897","toID":"1293906","formEdgeID":null},{"edgeID":"1701135","fromID":"1293906","toID":"1293902","formEdgeID":null},{"edgeID":"1701136","fromID":"1293909","toID":"1293908","formEdgeID":null},{"edgeID":"1701137","fromID":"1293910","toID":"1293909","formEdgeID":null},{"edgeID":"1701138","fromID":"1293908","toID":"1293911","formEdgeID":null},{"edgeID":"1701139","fromID":"1293911","toID":"1293907","formEdgeID":null},{"edgeID":"1701140","fromID":"1293914","toID":"1293913","formEdgeID":null},{"edgeID":"1701141","fromID":"1293915","toID":"1293914","formEdgeID":null},{"edgeID":"1701142","fromID":"1293913","toID":"1293916","formEdgeID":null},{"edgeID":"1701143","fromID":"1293916","toID":"1293912","formEdgeID":null},{"edgeID":"1701144","fromID":"1293908","toID":"1293917","formEdgeID":null},{"edgeID":"1701145","fromID":"1293917","toID":"1293913","formEdgeID":null},{"edgeID":"1701146","fromID":"1293913","toID":"1293918","formEdgeID":null},{"edgeID":"1701147","fromID":"1293918","toID":"1293892","formEdgeID":null},{"edgeID":"1701148","fromID":"1293912","toID":"1293919","formEdgeID":null},{"edgeID":"1701149","fromID":"1293919","toID":"1293907","formEdgeID":null},{"edgeID":"1701150","fromID":"1293917","toID":"1293920","formEdgeID":null},{"edgeID":"1701151","fromID":"1293920","toID":"1293919","formEdgeID":null},{"edgeID":"1701152","fromID":"1293891","toID":"1293921","formEdgeID":null},{"edgeID":"1701153","fromID":"1293921","toID":"1293912","formEdgeID":null},{"edgeID":"1701154","fromID":"1293918","toID":"1293922","formEdgeID":null},{"edgeID":"1701155","fromID":"1293922","toID":"1293921","formEdgeID":null},{"edgeID":"1701156","fromID":"1293896","toID":"1293923","formEdgeID":null},{"edgeID":"1701157","fromID":"1293923","toID":"1293907","formEdgeID":null},{"edgeID":"1701158","fromID":"1293908","toID":"1293924","formEdgeID":null},{"edgeID":"1701159","fromID":"1293924","toID":"1293897","formEdgeID":null},{"edgeID":"1701160","fromID":"1293924","toID":"1293925","formEdgeID":null},{"edgeID":"1701161","fromID":"1293925","toID":"1293923","formEdgeID":null},{"edgeID":"1701162","fromID":"1293928","toID":"1293927","formEdgeID":null},{"edgeID":"1701163","fromID":"1293929","toID":"1293928","formEdgeID":null},{"edgeID":"1701164","fromID":"1293927","toID":"1293930","formEdgeID":null},{"edgeID":"1701165","fromID":"1293930","toID":"1293926","formEdgeID":null},{"edgeID":"1701166","fromID":"1293884","toID":"1293931","formEdgeID":null},{"edgeID":"1701167","fromID":"1293931","toID":"1293927","formEdgeID":null},{"edgeID":"1701168","fromID":"1293867","toID":"1293932","formEdgeID":null},{"edgeID":"1701169","fromID":"1293932","toID":"1293862","formEdgeID":null},{"edgeID":"1701170","fromID":"1293878","toID":"1293933","formEdgeID":null},{"edgeID":"1701171","fromID":"1293933","toID":"1293873","formEdgeID":null},{"edgeID":"1701172","fromID":"1293889","toID":"1293934","formEdgeID":null},{"edgeID":"1701173","fromID":"1293934","toID":"1293933","formEdgeID":null},{"edgeID":"1701174","fromID":"1293883","toID":"1293935","formEdgeID":null},{"edgeID":"1701175","fromID":"1293935","toID":"1293878","formEdgeID":null},{"edgeID":"1701176","fromID":"1293890","toID":"1293936","formEdgeID":null},{"edgeID":"1701177","fromID":"1293936","toID":"1293935","formEdgeID":null},{"edgeID":"1701178","fromID":"1293926","toID":"1293937","formEdgeID":null},{"edgeID":"1701179","fromID":"1293937","toID":"1293883","formEdgeID":null},{"edgeID":"1701180","fromID":"1293931","toID":"1293938","formEdgeID":null},{"edgeID":"1701181","fromID":"1293938","toID":"1293937","formEdgeID":null},{"edgeID":"1701182","fromID":"1293862","toID":"1293939","formEdgeID":null},{"edgeID":"1701183","fromID":"1293939","toID":"1293820","formEdgeID":null},{"edgeID":"1701184","fromID":"1293821","toID":"1293940","formEdgeID":null},{"edgeID":"1701185","fromID":"1293940","toID":"1293863","formEdgeID":null},{"edgeID":"1701186","fromID":"1293940","toID":"1293941","formEdgeID":null},{"edgeID":"1701187","fromID":"1293941","toID":"1293939","formEdgeID":null},{"edgeID":"1701188","fromID":"1293861","toID":"1293942","formEdgeID":null},{"edgeID":"1701189","fromID":"1293942","toID":"1293860","formEdgeID":null},{"edgeID":"1701190","fromID":"1293927","toID":"1293943","formEdgeID":null},{"edgeID":"1701191","fromID":"1293943","toID":"1293908","formEdgeID":null}],"locutions":[]}