{"nodes":[{"nodeID":"630941","text":"we are now where we are","type":"I","timestamp":"2021-01-14 20:01:00"},{"nodeID":"1294189","text":"the British Government has commended Russians who are peacefully protesting in Moscow","type":"I","timestamp":"2023-11-09 12:47:24"},{"nodeID":"1294190","text":"Analysing","type":"YA","timestamp":"2023-11-09 12:47:24"},{"nodeID":"1294191","text":"AudienceMember 20220310QT02: the British Government has commended Russians who are peacefully protesting in Moscow","type":"L","timestamp":"2023-11-09 12:47:24"},{"nodeID":"1294192","text":"Asserting","type":"YA","timestamp":"2023-11-09 12:47:24"},{"nodeID":"1294193","text":"the Russians who are peacefully protesting in Moscow are often at the risk of being arrested","type":"I","timestamp":"2023-11-09 12:47:25"},{"nodeID":"1294194","text":"AudienceMember 20220310QT02: often at the risk of being arrested","type":"L","timestamp":"2023-11-09 12:47:25"},{"nodeID":"1294195","text":"Analysing","type":"YA","timestamp":"2023-11-09 12:47:25"},{"nodeID":"1294196","text":"the Police, Crime Sentencing and Courts Bill is still being promoted by the Government","type":"I","timestamp":"2023-11-09 12:47:25"},{"nodeID":"1294197","text":"Asserting","type":"YA","timestamp":"2023-11-09 12:47:25"},{"nodeID":"1294198","text":"AudienceMember 20220310QT02: the Police, Crime Sentencing and Courts Bill is still being promoted by the Government","type":"L","timestamp":"2023-11-09 12:47:25"},{"nodeID":"1294199","text":"Analysing","type":"YA","timestamp":"2023-11-09 12:47:25"},{"nodeID":"1294200","text":"Asserting","type":"YA","timestamp":"2023-11-09 12:47:25"},{"nodeID":"1294201","text":"AudienceMember 20220310QT02: which would make those same peaceful protests illegal in this country","type":"L","timestamp":"2023-11-09 12:47:25"},{"nodeID":"1294202","text":"the Police, Crime Sentencing and Courts Bill would make peaceful protests illegal in this country","type":"I","timestamp":"2023-11-09 12:47:26"},{"nodeID":"1294203","text":"Analysing","type":"YA","timestamp":"2023-11-09 12:47:26"},{"nodeID":"1294204","text":"Asserting","type":"YA","timestamp":"2023-11-09 12:47:26"},{"nodeID":"1294205","text":"the promotion of the Police, Crime Sentencing and Courts Bill can be justified by XXX","type":"I","timestamp":"2023-11-09 12:47:26"},{"nodeID":"1294206","text":"AudienceMember 20220310QT02: How can that be justified","type":"L","timestamp":"2023-11-09 12:47:26"},{"nodeID":"1294207","text":"Analysing","type":"YA","timestamp":"2023-11-09 12:47:26"},{"nodeID":"1294208","text":"Pure Questioning","type":"YA","timestamp":"2023-11-09 12:47:26"},{"nodeID":"1294209","text":"Default Transition","type":"TA","timestamp":"2023-11-09 12:47:26"},{"nodeID":"1294210","text":"Default Transition","type":"TA","timestamp":"2023-11-09 12:47:26"},{"nodeID":"1294211","text":"Default Transition","type":"TA","timestamp":"2023-11-09 12:47:26"},{"nodeID":"1294212","text":"Default Transition","type":"TA","timestamp":"2023-11-09 12:47:26"},{"nodeID":"1294213","text":"AudienceMember 20220310QT03: the rhetoric recently has been very powerful","type":"L","timestamp":"2023-11-09 12:47:26"},{"nodeID":"1294214","text":"the rhetoric around the Russian invasion has been very powerful recently","type":"I","timestamp":"2023-11-09 12:47:27"},{"nodeID":"1294215","text":"Analysing","type":"YA","timestamp":"2023-11-09 12:47:27"},{"nodeID":"1294216","text":"Asserting","type":"YA","timestamp":"2023-11-09 12:47:27"},{"nodeID":"1294217","text":"Analysing","type":"YA","timestamp":"2023-11-09 12:47:27"},{"nodeID":"1294218","text":"one would hope nobody wants any war","type":"I","timestamp":"2023-11-09 12:47:27"},{"nodeID":"1294219","text":"AudienceMember 20220310QT03: one would hope nobody wants any war","type":"L","timestamp":"2023-11-09 12:47:27"},{"nodeID":"1294220","text":"Asserting","type":"YA","timestamp":"2023-11-09 12:47:27"},{"nodeID":"1294221","text":"the QT guests mentioned red lines and supporting military training and weapons into Ukraine","type":"I","timestamp":"2023-11-09 12:47:28"},{"nodeID":"1294222","text":"AudienceMember 20220310QT03:  they've mentioned red lines and supporting military training and weapons into Ukraine","type":"L","timestamp":"2023-11-09 12:47:28"},{"nodeID":"1294223","text":"Analysing","type":"YA","timestamp":"2023-11-09 12:47:28"},{"nodeID":"1294224","text":"Asserting","type":"YA","timestamp":"2023-11-09 12:47:28"},{"nodeID":"1294225","text":"AudienceMember 20220310QT03 worries sometimes that we're not listening to potentially Russian security concerns","type":"I","timestamp":"2023-11-09 12:47:29"},{"nodeID":"1294226","text":"AudienceMember 20220310QT03: I do worry sometimes that we're not listening to potentially their security concerns","type":"L","timestamp":"2023-11-09 12:47:29"},{"nodeID":"1294227","text":"Analysing","type":"YA","timestamp":"2023-11-09 12:47:29"},{"nodeID":"1294228","text":"Asserting","type":"YA","timestamp":"2023-11-09 12:47:29"},{"nodeID":"1294229","text":"for a long time we have been saying that Putin is going to invade Ukraine","type":"I","timestamp":"2023-11-09 12:47:29"},{"nodeID":"1294230","text":"AudienceMember 20220310QT04: For a long time we have been saying that Putin is going to invade Ukraine","type":"L","timestamp":"2023-11-09 12:47:29"},{"nodeID":"1294231","text":"Analysing","type":"YA","timestamp":"2023-11-09 12:47:29"},{"nodeID":"1294232","text":"Putin invading Ukraine almost became a fait accompli","type":"I","timestamp":"2023-11-09 12:47:30"},{"nodeID":"1294233","text":"Asserting","type":"YA","timestamp":"2023-11-09 12:47:30"},{"nodeID":"1294234","text":"Analysing","type":"YA","timestamp":"2023-11-09 12:47:30"},{"nodeID":"1294235","text":"AudienceMember 20220310QT04:  it almost became a fait accompli","type":"L","timestamp":"2023-11-09 12:47:30"},{"nodeID":"1294236","text":"Asserting","type":"YA","timestamp":"2023-11-09 12:47:30"},{"nodeID":"1294237","text":"AudienceMember 20220310QT04: we are now where we are","type":"L","timestamp":"2023-11-09 12:47:30"},{"nodeID":"1294238","text":"Analysing","type":"YA","timestamp":"2023-11-09 12:47:30"},{"nodeID":"1294239","text":"Asserting","type":"YA","timestamp":"2023-11-09 12:47:30"},{"nodeID":"1294240","text":"Analysing","type":"YA","timestamp":"2023-11-09 12:47:30"},{"nodeID":"1294241","text":"we need to be honest","type":"I","timestamp":"2023-11-09 12:47:30"},{"nodeID":"1294242","text":"AudienceMember 20220310QT04: we need to be honest","type":"L","timestamp":"2023-11-09 12:47:30"},{"nodeID":"1294243","text":"we need to understand that everybody has security concerns","type":"I","timestamp":"2023-11-09 12:47:31"},{"nodeID":"1294244","text":"AudienceMember 20220310QT04: understand that everybody has security concerns","type":"L","timestamp":"2023-11-09 12:47:31"},{"nodeID":"1294245","text":"Asserting","type":"YA","timestamp":"2023-11-09 12:47:31"},{"nodeID":"1294246","text":"Analysing","type":"YA","timestamp":"2023-11-09 12:47:31"},{"nodeID":"1294247","text":"Asserting","type":"YA","timestamp":"2023-11-09 12:47:31"},{"nodeID":"1294248","text":"we have to listen to each other","type":"I","timestamp":"2023-11-09 12:47:31"},{"nodeID":"1294249","text":"AudienceMember 20220310QT04: we have to listen to each other","type":"L","timestamp":"2023-11-09 12:47:31"},{"nodeID":"1294250","text":"Analysing","type":"YA","timestamp":"2023-11-09 12:47:31"},{"nodeID":"1294251","text":"Asserting","type":"YA","timestamp":"2023-11-09 12:47:31"},{"nodeID":"1294252","text":"AudienceMember 20220310QT04: the more the rhetoric ramps up, the harder it is to get together and reach a deton","type":"L","timestamp":"2023-11-09 12:47:31"},{"nodeID":"1294253","text":"the more the rhetoric ramps up, the harder it is to get together and reach a deton","type":"I","timestamp":"2023-11-09 12:47:32"},{"nodeID":"1294254","text":"Analysing","type":"YA","timestamp":"2023-11-09 12:47:32"},{"nodeID":"1294255","text":"Asserting","type":"YA","timestamp":"2023-11-09 12:47:32"},{"nodeID":"1294256","text":"Default Transition","type":"TA","timestamp":"2023-11-09 12:47:32"},{"nodeID":"1294257","text":"Default Transition","type":"TA","timestamp":"2023-11-09 12:47:32"},{"nodeID":"1294258","text":"Default Transition","type":"TA","timestamp":"2023-11-09 12:47:32"},{"nodeID":"1294259","text":"Default Transition","type":"TA","timestamp":"2023-11-09 12:47:32"},{"nodeID":"1294260","text":"Default Transition","type":"TA","timestamp":"2023-11-09 12:47:32"},{"nodeID":"1294261","text":"Default Transition","type":"TA","timestamp":"2023-11-09 12:47:32"},{"nodeID":"1294262","text":"Default Transition","type":"TA","timestamp":"2023-11-09 12:47:32"},{"nodeID":"1294263","text":"Default Transition","type":"TA","timestamp":"2023-11-09 12:47:32"},{"nodeID":"1294264","text":"Default Transition","type":"TA","timestamp":"2023-11-09 12:47:32"},{"nodeID":"1294265","text":"Default Transition","type":"TA","timestamp":"2023-11-09 12:47:32"},{"nodeID":"1294266","text":"Default Transition","type":"TA","timestamp":"2023-11-09 12:47:32"},{"nodeID":"1294267","text":"Arguing","type":"YA","timestamp":"2023-11-09 12:47:32"},{"nodeID":"1294268","text":"Default Inference","type":"RA","timestamp":"2023-11-09 12:47:32"},{"nodeID":"1294269","text":"Default Inference","type":"RA","timestamp":"2023-11-09 12:47:32"},{"nodeID":"1294270","text":"Arguing","type":"YA","timestamp":"2023-11-09 12:47:32"},{"nodeID":"1294271","text":"Default Rephrase","type":"MA","timestamp":"2023-11-09 12:47:32"},{"nodeID":"1294272","text":"Restating","type":"YA","timestamp":"2023-11-09 12:47:32"},{"nodeID":"1294273","text":"Default Rephrase","type":"MA","timestamp":"2023-11-09 12:47:32"},{"nodeID":"1294274","text":"Restating","type":"YA","timestamp":"2023-11-09 12:47:32"},{"nodeID":"1294275","text":"Default Rephrase","type":"MA","timestamp":"2023-11-09 12:47:32"},{"nodeID":"1294276","text":"Restating","type":"YA","timestamp":"2023-11-09 12:47:32"},{"nodeID":"1294277","text":"Default Rephrase","type":"MA","timestamp":"2023-11-09 12:47:32"},{"nodeID":"1294278","text":"Restating","type":"YA","timestamp":"2023-11-09 12:47:32"},{"nodeID":"1294279","text":"Default Inference","type":"RA","timestamp":"2023-11-09 12:47:32"},{"nodeID":"1294280","text":"Arguing","type":"YA","timestamp":"2023-11-09 12:47:32"},{"nodeID":"1294281","text":"Default Rephrase","type":"MA","timestamp":"2023-11-09 12:47:32"},{"nodeID":"1294282","text":"Restating","type":"YA","timestamp":"2023-11-09 12:47:32"}],"edges":[{"edgeID":"1701489","fromID":"1294190","toID":"1294191","formEdgeID":null},{"edgeID":"1701490","fromID":"1294191","toID":"1294192","formEdgeID":null},{"edgeID":"1701491","fromID":"1294192","toID":"1294189","formEdgeID":null},{"edgeID":"1701492","fromID":"1294195","toID":"1294194","formEdgeID":null},{"edgeID":"1701493","fromID":"1294194","toID":"1294197","formEdgeID":null},{"edgeID":"1701494","fromID":"1294197","toID":"1294193","formEdgeID":null},{"edgeID":"1701495","fromID":"1294199","toID":"1294198","formEdgeID":null},{"edgeID":"1701496","fromID":"1294198","toID":"1294200","formEdgeID":null},{"edgeID":"1701497","fromID":"1294203","toID":"1294201","formEdgeID":null},{"edgeID":"1701498","fromID":"1294200","toID":"1294196","formEdgeID":null},{"edgeID":"1701499","fromID":"1294201","toID":"1294204","formEdgeID":null},{"edgeID":"1701500","fromID":"1294207","toID":"1294206","formEdgeID":null},{"edgeID":"1701501","fromID":"1294204","toID":"1294202","formEdgeID":null},{"edgeID":"1701502","fromID":"1294206","toID":"1294208","formEdgeID":null},{"edgeID":"1701503","fromID":"1294191","toID":"1294209","formEdgeID":null},{"edgeID":"1701504","fromID":"1294209","toID":"1294194","formEdgeID":null},{"edgeID":"1701505","fromID":"1294208","toID":"1294205","formEdgeID":null},{"edgeID":"1701506","fromID":"1294194","toID":"1294210","formEdgeID":null},{"edgeID":"1701507","fromID":"1294210","toID":"1294198","formEdgeID":null},{"edgeID":"1701508","fromID":"1294211","toID":"1294201","formEdgeID":null},{"edgeID":"1701509","fromID":"1294198","toID":"1294211","formEdgeID":null},{"edgeID":"1701510","fromID":"1294201","toID":"1294212","formEdgeID":null},{"edgeID":"1701511","fromID":"1294212","toID":"1294206","formEdgeID":null},{"edgeID":"1701512","fromID":"1294215","toID":"1294213","formEdgeID":null},{"edgeID":"1701513","fromID":"1294213","toID":"1294216","formEdgeID":null},{"edgeID":"1701514","fromID":"1294216","toID":"1294214","formEdgeID":null},{"edgeID":"1701515","fromID":"1294217","toID":"1294219","formEdgeID":null},{"edgeID":"1701516","fromID":"1294220","toID":"1294218","formEdgeID":null},{"edgeID":"1701517","fromID":"1294223","toID":"1294222","formEdgeID":null},{"edgeID":"1701518","fromID":"1294219","toID":"1294220","formEdgeID":null},{"edgeID":"1701519","fromID":"1294227","toID":"1294226","formEdgeID":null},{"edgeID":"1701520","fromID":"1294224","toID":"1294221","formEdgeID":null},{"edgeID":"1701521","fromID":"1294222","toID":"1294224","formEdgeID":null},{"edgeID":"1701522","fromID":"1294226","toID":"1294228","formEdgeID":null},{"edgeID":"1701523","fromID":"1294228","toID":"1294225","formEdgeID":null},{"edgeID":"1701524","fromID":"1294231","toID":"1294230","formEdgeID":null},{"edgeID":"1701525","fromID":"1294233","toID":"1294229","formEdgeID":null},{"edgeID":"1701526","fromID":"1294234","toID":"1294235","formEdgeID":null},{"edgeID":"1701527","fromID":"1294230","toID":"1294233","formEdgeID":null},{"edgeID":"1701528","fromID":"1294236","toID":"1294232","formEdgeID":null},{"edgeID":"1701529","fromID":"1294235","toID":"1294236","formEdgeID":null},{"edgeID":"1701530","fromID":"1294238","toID":"1294237","formEdgeID":null},{"edgeID":"1701531","fromID":"1294237","toID":"1294239","formEdgeID":null},{"edgeID":"1701532","fromID":"1294239","toID":"630941","formEdgeID":null},{"edgeID":"1701533","fromID":"1294240","toID":"1294242","formEdgeID":null},{"edgeID":"1701534","fromID":"1294242","toID":"1294245","formEdgeID":null},{"edgeID":"1701535","fromID":"1294245","toID":"1294241","formEdgeID":null},{"edgeID":"1701536","fromID":"1294246","toID":"1294244","formEdgeID":null},{"edgeID":"1701537","fromID":"1294244","toID":"1294247","formEdgeID":null},{"edgeID":"1701538","fromID":"1294250","toID":"1294249","formEdgeID":null},{"edgeID":"1701539","fromID":"1294247","toID":"1294243","formEdgeID":null},{"edgeID":"1701540","fromID":"1294249","toID":"1294251","formEdgeID":null},{"edgeID":"1701541","fromID":"1294251","toID":"1294248","formEdgeID":null},{"edgeID":"1701542","fromID":"1294252","toID":"1294255","formEdgeID":null},{"edgeID":"1701543","fromID":"1294254","toID":"1294252","formEdgeID":null},{"edgeID":"1701544","fromID":"1294206","toID":"1294256","formEdgeID":null},{"edgeID":"1701545","fromID":"1294255","toID":"1294253","formEdgeID":null},{"edgeID":"1701546","fromID":"1294256","toID":"1294219","formEdgeID":null},{"edgeID":"1701547","fromID":"1294219","toID":"1294257","formEdgeID":null},{"edgeID":"1701548","fromID":"1294257","toID":"1294222","formEdgeID":null},{"edgeID":"1701549","fromID":"1294222","toID":"1294258","formEdgeID":null},{"edgeID":"1701550","fromID":"1294258","toID":"1294213","formEdgeID":null},{"edgeID":"1701551","fromID":"1294226","toID":"1294262","formEdgeID":null},{"edgeID":"1701552","fromID":"1294259","toID":"1294226","formEdgeID":null},{"edgeID":"1701553","fromID":"1294213","toID":"1294259","formEdgeID":null},{"edgeID":"1701554","fromID":"1294262","toID":"1294230","formEdgeID":null},{"edgeID":"1701555","fromID":"1294230","toID":"1294260","formEdgeID":null},{"edgeID":"1701556","fromID":"1294237","toID":"1294263","formEdgeID":null},{"edgeID":"1701557","fromID":"1294235","toID":"1294261","formEdgeID":null},{"edgeID":"1701558","fromID":"1294261","toID":"1294237","formEdgeID":null},{"edgeID":"1701559","fromID":"1294260","toID":"1294235","formEdgeID":null},{"edgeID":"1701560","fromID":"1294242","toID":"1294265","formEdgeID":null},{"edgeID":"1701561","fromID":"1294265","toID":"1294244","formEdgeID":null},{"edgeID":"1701562","fromID":"1294263","toID":"1294242","formEdgeID":null},{"edgeID":"1701563","fromID":"1294249","toID":"1294264","formEdgeID":null},{"edgeID":"1701564","fromID":"1294244","toID":"1294266","formEdgeID":null},{"edgeID":"1701565","fromID":"1294266","toID":"1294249","formEdgeID":null},{"edgeID":"1701566","fromID":"1294268","toID":"1294214","formEdgeID":null},{"edgeID":"1701567","fromID":"1294221","toID":"1294268","formEdgeID":null},{"edgeID":"1701568","fromID":"1294264","toID":"1294252","formEdgeID":null},{"edgeID":"1701569","fromID":"1294258","toID":"1294267","formEdgeID":null},{"edgeID":"1701570","fromID":"1294267","toID":"1294268","formEdgeID":null},{"edgeID":"1701571","fromID":"1294269","toID":"1294248","formEdgeID":null},{"edgeID":"1701572","fromID":"1294253","toID":"1294269","formEdgeID":null},{"edgeID":"1701573","fromID":"1294264","toID":"1294270","formEdgeID":null},{"edgeID":"1701574","fromID":"1294270","toID":"1294269","formEdgeID":null},{"edgeID":"1701575","fromID":"1294202","toID":"1294271","formEdgeID":null},{"edgeID":"1701576","fromID":"1294271","toID":"1294196","formEdgeID":null},{"edgeID":"1701577","fromID":"1294211","toID":"1294272","formEdgeID":null},{"edgeID":"1701578","fromID":"1294272","toID":"1294271","formEdgeID":null},{"edgeID":"1701579","fromID":"1294248","toID":"1294273","formEdgeID":null},{"edgeID":"1701580","fromID":"1294273","toID":"1294243","formEdgeID":null},{"edgeID":"1701581","fromID":"1294266","toID":"1294274","formEdgeID":null},{"edgeID":"1701582","fromID":"1294274","toID":"1294273","formEdgeID":null},{"edgeID":"1701583","fromID":"1294243","toID":"1294275","formEdgeID":null},{"edgeID":"1701584","fromID":"1294275","toID":"1294241","formEdgeID":null},{"edgeID":"1701585","fromID":"1294265","toID":"1294276","formEdgeID":null},{"edgeID":"1701586","fromID":"1294276","toID":"1294275","formEdgeID":null},{"edgeID":"1701587","fromID":"1294193","toID":"1294277","formEdgeID":null},{"edgeID":"1701588","fromID":"1294277","toID":"1294189","formEdgeID":null},{"edgeID":"1701589","fromID":"1294209","toID":"1294278","formEdgeID":null},{"edgeID":"1701590","fromID":"1294278","toID":"1294277","formEdgeID":null},{"edgeID":"1701591","fromID":"1294214","toID":"1294279","formEdgeID":null},{"edgeID":"1701592","fromID":"1294279","toID":"1294225","formEdgeID":null},{"edgeID":"1701593","fromID":"1294259","toID":"1294280","formEdgeID":null},{"edgeID":"1701594","fromID":"1294280","toID":"1294279","formEdgeID":null},{"edgeID":"1701595","fromID":"1294232","toID":"1294281","formEdgeID":null},{"edgeID":"1701596","fromID":"1294281","toID":"1294229","formEdgeID":null},{"edgeID":"1701597","fromID":"1294260","toID":"1294282","formEdgeID":null},{"edgeID":"1701598","fromID":"1294282","toID":"1294281","formEdgeID":null}],"locutions":[]}