{"nodes":[{"nodeID":"1297876","text":"if you look at the history of Russia","type":"I","timestamp":"2023-11-09 12:52:26"},{"nodeID":"1297877","text":"Konstantin Kisin: If you look at the history of Russia","type":"L","timestamp":"2023-11-09 12:52:26"},{"nodeID":"1297878","text":"Analysing","type":"YA","timestamp":"2023-11-09 12:52:26"},{"nodeID":"1297879","text":"Anon: Konstantin Kisin: If you look at the history of Russia","type":"L","timestamp":"2023-11-09 12:52:26"},{"nodeID":"1297880","text":"Asserting","type":"YA","timestamp":"2023-11-09 12:52:26"},{"nodeID":"1297881","text":"Konstantin Kisin was interviewing a British historian about the history of Russia today","type":"I","timestamp":"2023-11-09 12:52:26"},{"nodeID":"1297882","text":"Konstantin Kisin: I was interviewing a British historian about this today","type":"L","timestamp":"2023-11-09 12:52:26"},{"nodeID":"1297883","text":"Analysing","type":"YA","timestamp":"2023-11-09 12:52:26"},{"nodeID":"1297884","text":"Anon: Konstantin Kisin: I was interviewing a British historian about this today","type":"L","timestamp":"2023-11-09 12:52:26"},{"nodeID":"1297885","text":"Asserting","type":"YA","timestamp":"2023-11-09 12:52:26"},{"nodeID":"1297886","text":"Default Transition","type":"TA","timestamp":"2023-11-09 12:52:26"},{"nodeID":"1297887","text":"Default Rephrase","type":"MA","timestamp":"2023-11-09 12:52:26"},{"nodeID":"1297888","text":"Restating","type":"YA","timestamp":"2023-11-09 12:52:26"},{"nodeID":"1297889","text":"a British historian made the point if you go to the memorial to Soviet soldiers in Berlin, these are people who defeated Nazis and they are great heroes and they're buried in mass graves","type":"I","timestamp":"2023-11-09 12:52:27"},{"nodeID":"1297890","text":"Konstantin Kisin: He made the point if you go to the memorial to Soviet soldiers in Berlin, these are people who defeated Nazis and they are great heroes and they're buried in mass graves","type":"L","timestamp":"2023-11-09 12:52:27"},{"nodeID":"1297891","text":"Analysing","type":"YA","timestamp":"2023-11-09 12:52:27"},{"nodeID":"1297892","text":"Anon: Konstantin Kisin: He made the point if you go to the memorial to Soviet soldiers in Berlin, these are people who defeated Nazis and they are great heroes and they're buried in mass graves","type":"L","timestamp":"2023-11-09 12:52:27"},{"nodeID":"1297893","text":"Asserting","type":"YA","timestamp":"2023-11-09 12:52:27"},{"nodeID":"1297894","text":"Default Transition","type":"TA","timestamp":"2023-11-09 12:52:27"},{"nodeID":"1297895","text":"Default Rephrase","type":"MA","timestamp":"2023-11-09 12:52:27"},{"nodeID":"1297896","text":"Restating","type":"YA","timestamp":"2023-11-09 12:52:27"},{"nodeID":"1297897","text":"Soviet soldiers in Berlin didn't have the dignity of being buried in their own grave","type":"I","timestamp":"2023-11-09 12:52:28"},{"nodeID":"1297898","text":"Konstantin Kisin: They didn't have the dignity of being buried in their own grave","type":"L","timestamp":"2023-11-09 12:52:28"},{"nodeID":"1297899","text":"Analysing","type":"YA","timestamp":"2023-11-09 12:52:28"},{"nodeID":"1297900","text":"Anon: Konstantin Kisin: They didn't have the dignity of being buried in their own grave","type":"L","timestamp":"2023-11-09 12:52:28"},{"nodeID":"1297901","text":"Asserting","type":"YA","timestamp":"2023-11-09 12:52:28"},{"nodeID":"1297902","text":"Default Transition","type":"TA","timestamp":"2023-11-09 12:52:28"},{"nodeID":"1297903","text":"Default Inference","type":"RA","timestamp":"2023-11-09 12:52:28"},{"nodeID":"1297904","text":"Arguing","type":"YA","timestamp":"2023-11-09 12:52:28"},{"nodeID":"1297905","text":"Soviet soldiers not having the dignity of being buried in their own grave is the attitude","type":"I","timestamp":"2023-11-09 12:52:28"},{"nodeID":"1297906","text":"Konstantin Kisin: That's the attitude","type":"L","timestamp":"2023-11-09 12:52:28"},{"nodeID":"1297907","text":"Analysing","type":"YA","timestamp":"2023-11-09 12:52:28"},{"nodeID":"1297908","text":"Anon: Konstantin Kisin: That's the attitude","type":"L","timestamp":"2023-11-09 12:52:28"},{"nodeID":"1297909","text":"Asserting","type":"YA","timestamp":"2023-11-09 12:52:28"},{"nodeID":"1297910","text":"Default Transition","type":"TA","timestamp":"2023-11-09 12:52:28"},{"nodeID":"1297911","text":"Default Rephrase","type":"MA","timestamp":"2023-11-09 12:52:28"},{"nodeID":"1297912","text":"Restating","type":"YA","timestamp":"2023-11-09 12:52:28"},{"nodeID":"1297913","text":"Soviet soldiers not having the dignity of being buried in their own grave is how it has always been","type":"I","timestamp":"2023-11-09 12:52:29"},{"nodeID":"1297914","text":"Konstantin Kisin: That's how it has always been","type":"L","timestamp":"2023-11-09 12:52:29"},{"nodeID":"1297915","text":"Analysing","type":"YA","timestamp":"2023-11-09 12:52:29"},{"nodeID":"1297916","text":"Anon: Konstantin Kisin: That's how it has always been","type":"L","timestamp":"2023-11-09 12:52:29"},{"nodeID":"1297917","text":"Asserting","type":"YA","timestamp":"2023-11-09 12:52:29"},{"nodeID":"1297918","text":"Default Transition","type":"TA","timestamp":"2023-11-09 12:52:29"},{"nodeID":"1297919","text":"Default Rephrase","type":"MA","timestamp":"2023-11-09 12:52:29"},{"nodeID":"1297920","text":"Restating","type":"YA","timestamp":"2023-11-09 12:52:29"},{"nodeID":"1297921","text":"Soviet soldiers not having the dignity of being buried in their own grave is one of the things people in the West don't understand","type":"I","timestamp":"2023-11-09 12:52:29"},{"nodeID":"1297922","text":"Konstantin Kisin: This is one of the things people in the West don't understand","type":"L","timestamp":"2023-11-09 12:52:29"},{"nodeID":"1297923","text":"Analysing","type":"YA","timestamp":"2023-11-09 12:52:29"},{"nodeID":"1297924","text":"Anon: Konstantin Kisin: This is one of the things people in the West don't understand","type":"L","timestamp":"2023-11-09 12:52:29"},{"nodeID":"1297925","text":"Asserting","type":"YA","timestamp":"2023-11-09 12:52:29"},{"nodeID":"1297926","text":"Default Transition","type":"TA","timestamp":"2023-11-09 12:52:29"},{"nodeID":"1297927","text":"people in eastern Europe have a very different moral framework for making these decisions","type":"I","timestamp":"2023-11-09 12:52:30"},{"nodeID":"1297928","text":"Konstantin Kisin: people in that part of the world have a very different moral framework for making these decisions","type":"L","timestamp":"2023-11-09 12:52:30"},{"nodeID":"1297929","text":"Analysing","type":"YA","timestamp":"2023-11-09 12:52:30"},{"nodeID":"1297930","text":"Anon: Konstantin Kisin: people in that part of the world have a very different moral framework for making these decisions","type":"L","timestamp":"2023-11-09 12:52:30"},{"nodeID":"1297931","text":"Asserting","type":"YA","timestamp":"2023-11-09 12:52:30"},{"nodeID":"1297932","text":"Default Transition","type":"TA","timestamp":"2023-11-09 12:52:30"},{"nodeID":"1297933","text":"Default Rephrase","type":"MA","timestamp":"2023-11-09 12:52:30"},{"nodeID":"1297934","text":"Restating","type":"YA","timestamp":"2023-11-09 12:52:30"},{"nodeID":"1297935","text":"using nuclear weapons is also a self-destruct button","type":"I","timestamp":"2023-11-09 12:52:30"},{"nodeID":"1297936","text":"Bridget Kendall: using nuclear weapons is also a self-destruct button, isn't it","type":"L","timestamp":"2023-11-09 12:52:30"},{"nodeID":"1297937","text":"Analysing","type":"YA","timestamp":"2023-11-09 12:52:30"},{"nodeID":"1297938","text":"Anon: Bridget Kendall: using nuclear weapons is also a self-destruct button, isn't it","type":"L","timestamp":"2023-11-09 12:52:30"},{"nodeID":"1297939","text":"Assertive Questioning","type":"YA","timestamp":"2023-11-09 12:52:30"},{"nodeID":"1297940","text":"Default Transition","type":"TA","timestamp":"2023-11-09 12:52:30"},{"nodeID":"1297941","text":"using nuclear weapons doesn't stop there","type":"I","timestamp":"2023-11-09 12:52:31"},{"nodeID":"1297942","text":"Bridget Kendall: it doesn't stop there","type":"L","timestamp":"2023-11-09 12:52:31"},{"nodeID":"1297943","text":"Analysing","type":"YA","timestamp":"2023-11-09 12:52:31"},{"nodeID":"1297944","text":"Anon: Bridget Kendall: it doesn't stop there","type":"L","timestamp":"2023-11-09 12:52:31"},{"nodeID":"1297945","text":"Asserting","type":"YA","timestamp":"2023-11-09 12:52:31"},{"nodeID":"1297946","text":"Default Transition","type":"TA","timestamp":"2023-11-09 12:52:31"},{"nodeID":"1297947","text":"Default Inference","type":"RA","timestamp":"2023-11-09 12:52:31"},{"nodeID":"1297948","text":"Arguing","type":"YA","timestamp":"2023-11-09 12:52:31"},{"nodeID":"1297949","text":"nuclear weapons would or would not be a self-destruct button if pushed","type":"I","timestamp":"2023-11-09 12:52:32"},{"nodeID":"1297950","text":"Konstantin Kisin: The question was if pushed","type":"L","timestamp":"2023-11-09 12:52:32"},{"nodeID":"1297951","text":"Analysing","type":"YA","timestamp":"2023-11-09 12:52:32"},{"nodeID":"1297952","text":"Anon: Konstantin Kisin: The question was if pushed","type":"L","timestamp":"2023-11-09 12:52:32"},{"nodeID":"1297953","text":"Pure Questioning","type":"YA","timestamp":"2023-11-09 12:52:32"},{"nodeID":"1297954","text":"Default Rephrase","type":"MA","timestamp":"2023-11-09 12:52:32"},{"nodeID":"1297955","text":"Default Transition","type":"TA","timestamp":"2023-11-09 12:52:32"},{"nodeID":"1297956","text":"Restating","type":"YA","timestamp":"2023-11-09 12:52:32"},{"nodeID":"1297957","text":"what Konstantin Kisin is saying, leaders in Russia have been cavalier","type":"I","timestamp":"2023-11-09 12:52:32"},{"nodeID":"1297958","text":"Bridget Kendall: What you're saying, leaders in Russia have been cavalier","type":"L","timestamp":"2023-11-09 12:52:32"},{"nodeID":"1297959","text":"Analysing","type":"YA","timestamp":"2023-11-09 12:52:32"},{"nodeID":"1297960","text":"Anon: Bridget Kendall: What you're saying, leaders in Russia have been cavalier","type":"L","timestamp":"2023-11-09 12:52:32"},{"nodeID":"1297961","text":"Asserting","type":"YA","timestamp":"2023-11-09 12:52:32"},{"nodeID":"1297962","text":"Default Transition","type":"TA","timestamp":"2023-11-09 12:52:32"},{"nodeID":"1297963","text":"if Russian leaders are thinking about their own survival","type":"I","timestamp":"2023-11-09 12:52:33"},{"nodeID":"1297964","text":"Bridget Kendall: if they're thinking about their own survival","type":"L","timestamp":"2023-11-09 12:52:33"},{"nodeID":"1297965","text":"Analysing","type":"YA","timestamp":"2023-11-09 12:52:33"},{"nodeID":"1297966","text":"Anon: Bridget Kendall: if they're thinking about their own survival","type":"L","timestamp":"2023-11-09 12:52:33"},{"nodeID":"1297967","text":"Asserting","type":"YA","timestamp":"2023-11-09 12:52:33"},{"nodeID":"1297968","text":"Default Transition","type":"TA","timestamp":"2023-11-09 12:52:33"},{"nodeID":"1297969","text":"to use a nuclear weapon is not a good strategy to survive","type":"I","timestamp":"2023-11-09 12:52:33"},{"nodeID":"1297970","text":"Bridget Kendall: to use a nuclear weapon is not a good strategy to survive","type":"L","timestamp":"2023-11-09 12:52:33"},{"nodeID":"1297971","text":"Analysing","type":"YA","timestamp":"2023-11-09 12:52:33"},{"nodeID":"1297972","text":"Anon: Bridget Kendall: to use a nuclear weapon is not a good strategy to survive","type":"L","timestamp":"2023-11-09 12:52:33"},{"nodeID":"1297973","text":"Asserting","type":"YA","timestamp":"2023-11-09 12:52:33"},{"nodeID":"1297974","text":"Default Transition","type":"TA","timestamp":"2023-11-09 12:52:33"},{"nodeID":"1297975","text":"Default Inference","type":"RA","timestamp":"2023-11-09 12:52:33"},{"nodeID":"1297976","text":"Arguing","type":"YA","timestamp":"2023-11-09 12:52:33"},{"nodeID":"1297977","text":"Default Rephrase","type":"MA","timestamp":"2023-11-09 12:52:33"},{"nodeID":"1297978","text":"Restating","type":"YA","timestamp":"2023-11-09 12:52:33"},{"nodeID":"1297979","text":"you have to worry that Mr Putin is rational now or not","type":"I","timestamp":"2023-11-09 12:52:34"},{"nodeID":"1297980","text":"Bridget Kendall: you have to worry is he rational now or not","type":"L","timestamp":"2023-11-09 12:52:34"},{"nodeID":"1297981","text":"Analysing","type":"YA","timestamp":"2023-11-09 12:52:34"},{"nodeID":"1297982","text":"Anon: Bridget Kendall: you have to worry is he rational now or not","type":"L","timestamp":"2023-11-09 12:52:34"},{"nodeID":"1297983","text":"Pure Questioning","type":"YA","timestamp":"2023-11-09 12:52:34"},{"nodeID":"1297984","text":"Default Transition","type":"TA","timestamp":"2023-11-09 12:52:34"},{"nodeID":"1297985","text":"Default Inference","type":"RA","timestamp":"2023-11-09 12:52:34"},{"nodeID":"1297986","text":"Arguing","type":"YA","timestamp":"2023-11-09 12:52:34"},{"nodeID":"1297987","text":"Mr Putin is quite rational","type":"I","timestamp":"2023-11-09 12:52:34"},{"nodeID":"1297988","text":"Konstantin Kisin: Quite","type":"L","timestamp":"2023-11-09 12:52:34"},{"nodeID":"1297989","text":"Analysing","type":"YA","timestamp":"2023-11-09 12:52:34"},{"nodeID":"1297990","text":"Anon: Konstantin Kisin: Quite","type":"L","timestamp":"2023-11-09 12:52:34"},{"nodeID":"1297991","text":"Asserting","type":"YA","timestamp":"2023-11-09 12:52:34"},{"nodeID":"1297992","text":"Default Transition","type":"TA","timestamp":"2023-11-09 12:52:34"},{"nodeID":"1297993","text":"Default Rephrase","type":"MA","timestamp":"2023-11-09 12:52:34"},{"nodeID":"1297994","text":"Default Illocuting","type":"YA","timestamp":"2023-11-09 12:52:34"},{"nodeID":"1297995","text":"Mr Putin's high alert order does or does not make an attack likely","type":"I","timestamp":"2023-11-09 12:52:35"},{"nodeID":"1297996","text":"AudienceMember 20220310QT32: Does Putin's high alert order make an attack likely","type":"L","timestamp":"2023-11-09 12:52:35"},{"nodeID":"1297997","text":"Analysing","type":"YA","timestamp":"2023-11-09 12:52:35"},{"nodeID":"1297998","text":"Anon: AudienceMember 20220310QT32: Does Putin's high alert order make an attack likely","type":"L","timestamp":"2023-11-09 12:52:35"},{"nodeID":"1297999","text":"Pure Questioning","type":"YA","timestamp":"2023-11-09 12:52:35"},{"nodeID":"1298000","text":"Default Transition","type":"TA","timestamp":"2023-11-09 12:52:35"},{"nodeID":"1298001","text":"there is or is not a chain of command","type":"I","timestamp":"2023-11-09 12:52:36"},{"nodeID":"1298002","text":"AudienceMember 20220310QT32: Is there a chain of command","type":"L","timestamp":"2023-11-09 12:52:36"},{"nodeID":"1298003","text":"Analysing","type":"YA","timestamp":"2023-11-09 12:52:36"},{"nodeID":"1298004","text":"Anon: AudienceMember 20220310QT32: Is there a chain of command","type":"L","timestamp":"2023-11-09 12:52:36"},{"nodeID":"1298005","text":"Pure Questioning","type":"YA","timestamp":"2023-11-09 12:52:36"},{"nodeID":"1298006","text":"Default Transition","type":"TA","timestamp":"2023-11-09 12:52:36"},{"nodeID":"1298007","text":"Default Rephrase","type":"MA","timestamp":"2023-11-09 12:52:36"},{"nodeID":"1298008","text":"Restating","type":"YA","timestamp":"2023-11-09 12:52:36"},{"nodeID":"1298009","text":"the Russians do or do not have rules for nuclear launches","type":"I","timestamp":"2023-11-09 12:52:36"},{"nodeID":"1298010","text":"AudienceMember 20220310QT32: do the Russians have rules for nuclear launches","type":"L","timestamp":"2023-11-09 12:52:36"},{"nodeID":"1298011","text":"Analysing","type":"YA","timestamp":"2023-11-09 12:52:36"},{"nodeID":"1298012","text":"Anon: AudienceMember 20220310QT32: do the Russians have rules for nuclear launches","type":"L","timestamp":"2023-11-09 12:52:36"},{"nodeID":"1298013","text":"Pure Questioning","type":"YA","timestamp":"2023-11-09 12:52:36"},{"nodeID":"1298014","text":"Default Transition","type":"TA","timestamp":"2023-11-09 12:52:36"},{"nodeID":"1298015","text":"Default Rephrase","type":"MA","timestamp":"2023-11-09 12:52:36"},{"nodeID":"1298016","text":"Restating","type":"YA","timestamp":"2023-11-09 12:52:36"},{"nodeID":"1298017","text":"anyone on the panel does or does not know the answer to that question about Russia having rules for nuclear launches","type":"I","timestamp":"2023-11-09 12:52:37"},{"nodeID":"1298018","text":"Fiona Bruce: Does anyone on the panel know the answer to that question","type":"L","timestamp":"2023-11-09 12:52:37"},{"nodeID":"1298019","text":"Analysing","type":"YA","timestamp":"2023-11-09 12:52:37"},{"nodeID":"1298020","text":"Anon: Fiona Bruce: Does anyone on the panel know the answer to that question","type":"L","timestamp":"2023-11-09 12:52:37"},{"nodeID":"1298021","text":"Pure Questioning","type":"YA","timestamp":"2023-11-09 12:52:37"},{"nodeID":"1298022","text":"Default Transition","type":"TA","timestamp":"2023-11-09 12:52:37"},{"nodeID":"1298023","text":"Default Rephrase","type":"MA","timestamp":"2023-11-09 12:52:37"},{"nodeID":"1298024","text":"Restating","type":"YA","timestamp":"2023-11-09 12:52:37"},{"nodeID":"1298025","text":"as former Defence Secretary, Penny Mordaunt can tell us xxx","type":"I","timestamp":"2023-11-09 12:52:37"},{"nodeID":"1298026","text":"Fiona Bruce: As former Defence Secretary, what can you tell us","type":"L","timestamp":"2023-11-09 12:52:37"},{"nodeID":"1298027","text":"Analysing","type":"YA","timestamp":"2023-11-09 12:52:37"},{"nodeID":"1298028","text":"Anon: Fiona Bruce: As former Defence Secretary, what can you tell us","type":"L","timestamp":"2023-11-09 12:52:37"},{"nodeID":"1298029","text":"Pure Questioning","type":"YA","timestamp":"2023-11-09 12:52:37"},{"nodeID":"1298030","text":"Default Transition","type":"TA","timestamp":"2023-11-09 12:52:37"},{"nodeID":"1298031","text":"Default Rephrase","type":"MA","timestamp":"2023-11-09 12:52:37"},{"nodeID":"1298032","text":"Restating","type":"YA","timestamp":"2023-11-09 12:52:37"},{"nodeID":"1298033","text":"when Penny Mordaunt was Defence Secretary, the hardest part of her job was remembering what she could say in public","type":"I","timestamp":"2023-11-09 12:52:38"},{"nodeID":"1298034","text":"Penny Mordaunt: When I was Defence Secretary, the hardest part of my job was remembering what I could say in public","type":"L","timestamp":"2023-11-09 12:52:38"},{"nodeID":"1298035","text":"Analysing","type":"YA","timestamp":"2023-11-09 12:52:38"},{"nodeID":"1298036","text":"Anon: Penny Mordaunt: When I was Defence Secretary, the hardest part of my job was remembering what I could say in public","type":"L","timestamp":"2023-11-09 12:52:38"},{"nodeID":"1298037","text":"Asserting","type":"YA","timestamp":"2023-11-09 12:52:38"},{"nodeID":"1298038","text":"Default Transition","type":"TA","timestamp":"2023-11-09 12:52:38"}],"edges":[{"edgeID":"1705867","fromID":"1297878","toID":"1297877","formEdgeID":null},{"edgeID":"1705868","fromID":"1297879","toID":"1297878","formEdgeID":null},{"edgeID":"1705869","fromID":"1297877","toID":"1297880","formEdgeID":null},{"edgeID":"1705870","fromID":"1297880","toID":"1297876","formEdgeID":null},{"edgeID":"1705871","fromID":"1297883","toID":"1297882","formEdgeID":null},{"edgeID":"1705872","fromID":"1297884","toID":"1297883","formEdgeID":null},{"edgeID":"1705873","fromID":"1297882","toID":"1297885","formEdgeID":null},{"edgeID":"1705874","fromID":"1297885","toID":"1297881","formEdgeID":null},{"edgeID":"1705875","fromID":"1297877","toID":"1297886","formEdgeID":null},{"edgeID":"1705876","fromID":"1297886","toID":"1297882","formEdgeID":null},{"edgeID":"1705877","fromID":"1297881","toID":"1297887","formEdgeID":null},{"edgeID":"1705878","fromID":"1297887","toID":"1297876","formEdgeID":null},{"edgeID":"1705879","fromID":"1297886","toID":"1297888","formEdgeID":null},{"edgeID":"1705880","fromID":"1297888","toID":"1297887","formEdgeID":null},{"edgeID":"1705881","fromID":"1297891","toID":"1297890","formEdgeID":null},{"edgeID":"1705882","fromID":"1297892","toID":"1297891","formEdgeID":null},{"edgeID":"1705883","fromID":"1297890","toID":"1297893","formEdgeID":null},{"edgeID":"1705884","fromID":"1297893","toID":"1297889","formEdgeID":null},{"edgeID":"1705885","fromID":"1297882","toID":"1297894","formEdgeID":null},{"edgeID":"1705886","fromID":"1297894","toID":"1297890","formEdgeID":null},{"edgeID":"1705887","fromID":"1297889","toID":"1297895","formEdgeID":null},{"edgeID":"1705888","fromID":"1297895","toID":"1297881","formEdgeID":null},{"edgeID":"1705889","fromID":"1297894","toID":"1297896","formEdgeID":null},{"edgeID":"1705890","fromID":"1297896","toID":"1297895","formEdgeID":null},{"edgeID":"1705891","fromID":"1297899","toID":"1297898","formEdgeID":null},{"edgeID":"1705892","fromID":"1297900","toID":"1297899","formEdgeID":null},{"edgeID":"1705893","fromID":"1297898","toID":"1297901","formEdgeID":null},{"edgeID":"1705894","fromID":"1297901","toID":"1297897","formEdgeID":null},{"edgeID":"1705895","fromID":"1297890","toID":"1297902","formEdgeID":null},{"edgeID":"1705896","fromID":"1297902","toID":"1297898","formEdgeID":null},{"edgeID":"1705897","fromID":"1297889","toID":"1297903","formEdgeID":null},{"edgeID":"1705898","fromID":"1297903","toID":"1297897","formEdgeID":null},{"edgeID":"1705899","fromID":"1297902","toID":"1297904","formEdgeID":null},{"edgeID":"1705900","fromID":"1297904","toID":"1297903","formEdgeID":null},{"edgeID":"1705901","fromID":"1297907","toID":"1297906","formEdgeID":null},{"edgeID":"1705902","fromID":"1297908","toID":"1297907","formEdgeID":null},{"edgeID":"1705903","fromID":"1297906","toID":"1297909","formEdgeID":null},{"edgeID":"1705904","fromID":"1297909","toID":"1297905","formEdgeID":null},{"edgeID":"1705905","fromID":"1297898","toID":"1297910","formEdgeID":null},{"edgeID":"1705906","fromID":"1297910","toID":"1297906","formEdgeID":null},{"edgeID":"1705907","fromID":"1297905","toID":"1297911","formEdgeID":null},{"edgeID":"1705908","fromID":"1297911","toID":"1297897","formEdgeID":null},{"edgeID":"1705909","fromID":"1297910","toID":"1297912","formEdgeID":null},{"edgeID":"1705910","fromID":"1297912","toID":"1297911","formEdgeID":null},{"edgeID":"1705911","fromID":"1297915","toID":"1297914","formEdgeID":null},{"edgeID":"1705912","fromID":"1297916","toID":"1297915","formEdgeID":null},{"edgeID":"1705913","fromID":"1297914","toID":"1297917","formEdgeID":null},{"edgeID":"1705914","fromID":"1297917","toID":"1297913","formEdgeID":null},{"edgeID":"1705915","fromID":"1297906","toID":"1297918","formEdgeID":null},{"edgeID":"1705916","fromID":"1297918","toID":"1297914","formEdgeID":null},{"edgeID":"1705917","fromID":"1297913","toID":"1297919","formEdgeID":null},{"edgeID":"1705918","fromID":"1297919","toID":"1297905","formEdgeID":null},{"edgeID":"1705919","fromID":"1297918","toID":"1297920","formEdgeID":null},{"edgeID":"1705920","fromID":"1297920","toID":"1297919","formEdgeID":null},{"edgeID":"1705921","fromID":"1297923","toID":"1297922","formEdgeID":null},{"edgeID":"1705922","fromID":"1297924","toID":"1297923","formEdgeID":null},{"edgeID":"1705923","fromID":"1297922","toID":"1297925","formEdgeID":null},{"edgeID":"1705924","fromID":"1297925","toID":"1297921","formEdgeID":null},{"edgeID":"1705925","fromID":"1297914","toID":"1297926","formEdgeID":null},{"edgeID":"1705926","fromID":"1297926","toID":"1297922","formEdgeID":null},{"edgeID":"1705927","fromID":"1297929","toID":"1297928","formEdgeID":null},{"edgeID":"1705928","fromID":"1297930","toID":"1297929","formEdgeID":null},{"edgeID":"1705929","fromID":"1297928","toID":"1297931","formEdgeID":null},{"edgeID":"1705930","fromID":"1297931","toID":"1297927","formEdgeID":null},{"edgeID":"1705931","fromID":"1297922","toID":"1297932","formEdgeID":null},{"edgeID":"1705932","fromID":"1297932","toID":"1297928","formEdgeID":null},{"edgeID":"1705933","fromID":"1297927","toID":"1297933","formEdgeID":null},{"edgeID":"1705934","fromID":"1297933","toID":"1297921","formEdgeID":null},{"edgeID":"1705935","fromID":"1297932","toID":"1297934","formEdgeID":null},{"edgeID":"1705936","fromID":"1297934","toID":"1297933","formEdgeID":null},{"edgeID":"1705937","fromID":"1297937","toID":"1297936","formEdgeID":null},{"edgeID":"1705938","fromID":"1297938","toID":"1297937","formEdgeID":null},{"edgeID":"1705939","fromID":"1297936","toID":"1297939","formEdgeID":null},{"edgeID":"1705940","fromID":"1297939","toID":"1297935","formEdgeID":null},{"edgeID":"1705941","fromID":"1297928","toID":"1297940","formEdgeID":null},{"edgeID":"1705942","fromID":"1297940","toID":"1297936","formEdgeID":null},{"edgeID":"1705943","fromID":"1297943","toID":"1297942","formEdgeID":null},{"edgeID":"1705944","fromID":"1297944","toID":"1297943","formEdgeID":null},{"edgeID":"1705945","fromID":"1297942","toID":"1297945","formEdgeID":null},{"edgeID":"1705946","fromID":"1297945","toID":"1297941","formEdgeID":null},{"edgeID":"1705947","fromID":"1297936","toID":"1297946","formEdgeID":null},{"edgeID":"1705948","fromID":"1297946","toID":"1297942","formEdgeID":null},{"edgeID":"1705949","fromID":"1297941","toID":"1297947","formEdgeID":null},{"edgeID":"1705950","fromID":"1297947","toID":"1297935","formEdgeID":null},{"edgeID":"1705951","fromID":"1297946","toID":"1297948","formEdgeID":null},{"edgeID":"1705952","fromID":"1297948","toID":"1297947","formEdgeID":null},{"edgeID":"1705953","fromID":"1297951","toID":"1297950","formEdgeID":null},{"edgeID":"1705954","fromID":"1297952","toID":"1297951","formEdgeID":null},{"edgeID":"1705955","fromID":"1297950","toID":"1297953","formEdgeID":null},{"edgeID":"1705956","fromID":"1297953","toID":"1297949","formEdgeID":null},{"edgeID":"1705957","fromID":"1297949","toID":"1297954","formEdgeID":null},{"edgeID":"1705958","fromID":"1297954","toID":"1297935","formEdgeID":null},{"edgeID":"1705959","fromID":"1297936","toID":"1297955","formEdgeID":null},{"edgeID":"1705960","fromID":"1297955","toID":"1297950","formEdgeID":null},{"edgeID":"1705961","fromID":"1297955","toID":"1297956","formEdgeID":null},{"edgeID":"1705962","fromID":"1297956","toID":"1297954","formEdgeID":null},{"edgeID":"1705963","fromID":"1297959","toID":"1297958","formEdgeID":null},{"edgeID":"1705964","fromID":"1297960","toID":"1297959","formEdgeID":null},{"edgeID":"1705965","fromID":"1297958","toID":"1297961","formEdgeID":null},{"edgeID":"1705966","fromID":"1297961","toID":"1297957","formEdgeID":null},{"edgeID":"1705967","fromID":"1297950","toID":"1297962","formEdgeID":null},{"edgeID":"1705968","fromID":"1297962","toID":"1297958","formEdgeID":null},{"edgeID":"1705969","fromID":"1297965","toID":"1297964","formEdgeID":null},{"edgeID":"1705970","fromID":"1297966","toID":"1297965","formEdgeID":null},{"edgeID":"1705971","fromID":"1297964","toID":"1297967","formEdgeID":null},{"edgeID":"1705972","fromID":"1297967","toID":"1297963","formEdgeID":null},{"edgeID":"1705973","fromID":"1297958","toID":"1297968","formEdgeID":null},{"edgeID":"1705974","fromID":"1297968","toID":"1297964","formEdgeID":null},{"edgeID":"1705975","fromID":"1297971","toID":"1297970","formEdgeID":null},{"edgeID":"1705976","fromID":"1297972","toID":"1297971","formEdgeID":null},{"edgeID":"1705977","fromID":"1297970","toID":"1297973","formEdgeID":null},{"edgeID":"1705978","fromID":"1297973","toID":"1297969","formEdgeID":null},{"edgeID":"1705979","fromID":"1297964","toID":"1297974","formEdgeID":null},{"edgeID":"1705980","fromID":"1297974","toID":"1297970","formEdgeID":null},{"edgeID":"1705981","fromID":"1297963","toID":"1297975","formEdgeID":null},{"edgeID":"1705982","fromID":"1297975","toID":"1297969","formEdgeID":null},{"edgeID":"1705983","fromID":"1297974","toID":"1297976","formEdgeID":null},{"edgeID":"1705984","fromID":"1297976","toID":"1297975","formEdgeID":null},{"edgeID":"1705985","fromID":"1297963","toID":"1297977","formEdgeID":null},{"edgeID":"1705986","fromID":"1297977","toID":"1297957","formEdgeID":null},{"edgeID":"1705987","fromID":"1297968","toID":"1297978","formEdgeID":null},{"edgeID":"1705988","fromID":"1297978","toID":"1297977","formEdgeID":null},{"edgeID":"1705989","fromID":"1297981","toID":"1297980","formEdgeID":null},{"edgeID":"1705990","fromID":"1297982","toID":"1297981","formEdgeID":null},{"edgeID":"1705991","fromID":"1297980","toID":"1297983","formEdgeID":null},{"edgeID":"1705992","fromID":"1297983","toID":"1297979","formEdgeID":null},{"edgeID":"1705993","fromID":"1297970","toID":"1297984","formEdgeID":null},{"edgeID":"1705994","fromID":"1297984","toID":"1297980","formEdgeID":null},{"edgeID":"1705995","fromID":"1297969","toID":"1297985","formEdgeID":null},{"edgeID":"1705996","fromID":"1297985","toID":"1297979","formEdgeID":null},{"edgeID":"1705997","fromID":"1297984","toID":"1297986","formEdgeID":null},{"edgeID":"1705998","fromID":"1297986","toID":"1297985","formEdgeID":null},{"edgeID":"1705999","fromID":"1297989","toID":"1297988","formEdgeID":null},{"edgeID":"1706000","fromID":"1297990","toID":"1297989","formEdgeID":null},{"edgeID":"1706001","fromID":"1297988","toID":"1297991","formEdgeID":null},{"edgeID":"1706002","fromID":"1297991","toID":"1297987","formEdgeID":null},{"edgeID":"1706003","fromID":"1297980","toID":"1297992","formEdgeID":null},{"edgeID":"1706004","fromID":"1297992","toID":"1297988","formEdgeID":null},{"edgeID":"1706005","fromID":"1297987","toID":"1297993","formEdgeID":null},{"edgeID":"1706006","fromID":"1297993","toID":"1297979","formEdgeID":null},{"edgeID":"1706007","fromID":"1297992","toID":"1297994","formEdgeID":null},{"edgeID":"1706008","fromID":"1297994","toID":"1297993","formEdgeID":null},{"edgeID":"1706009","fromID":"1297997","toID":"1297996","formEdgeID":null},{"edgeID":"1706010","fromID":"1297998","toID":"1297997","formEdgeID":null},{"edgeID":"1706011","fromID":"1297996","toID":"1297999","formEdgeID":null},{"edgeID":"1706012","fromID":"1297999","toID":"1297995","formEdgeID":null},{"edgeID":"1706013","fromID":"1297988","toID":"1298000","formEdgeID":null},{"edgeID":"1706014","fromID":"1298000","toID":"1297996","formEdgeID":null},{"edgeID":"1706015","fromID":"1298003","toID":"1298002","formEdgeID":null},{"edgeID":"1706016","fromID":"1298004","toID":"1298003","formEdgeID":null},{"edgeID":"1706017","fromID":"1298002","toID":"1298005","formEdgeID":null},{"edgeID":"1706018","fromID":"1298005","toID":"1298001","formEdgeID":null},{"edgeID":"1706019","fromID":"1297996","toID":"1298006","formEdgeID":null},{"edgeID":"1706020","fromID":"1298006","toID":"1298002","formEdgeID":null},{"edgeID":"1706021","fromID":"1298001","toID":"1298007","formEdgeID":null},{"edgeID":"1706022","fromID":"1298007","toID":"1297995","formEdgeID":null},{"edgeID":"1706023","fromID":"1298006","toID":"1298008","formEdgeID":null},{"edgeID":"1706024","fromID":"1298008","toID":"1298007","formEdgeID":null},{"edgeID":"1706025","fromID":"1298011","toID":"1298010","formEdgeID":null},{"edgeID":"1706026","fromID":"1298012","toID":"1298011","formEdgeID":null},{"edgeID":"1706027","fromID":"1298010","toID":"1298013","formEdgeID":null},{"edgeID":"1706028","fromID":"1298013","toID":"1298009","formEdgeID":null},{"edgeID":"1706029","fromID":"1298002","toID":"1298014","formEdgeID":null},{"edgeID":"1706030","fromID":"1298014","toID":"1298010","formEdgeID":null},{"edgeID":"1706031","fromID":"1298009","toID":"1298015","formEdgeID":null},{"edgeID":"1706032","fromID":"1298015","toID":"1298001","formEdgeID":null},{"edgeID":"1706033","fromID":"1298014","toID":"1298016","formEdgeID":null},{"edgeID":"1706034","fromID":"1298016","toID":"1298015","formEdgeID":null},{"edgeID":"1706035","fromID":"1298019","toID":"1298018","formEdgeID":null},{"edgeID":"1706036","fromID":"1298020","toID":"1298019","formEdgeID":null},{"edgeID":"1706037","fromID":"1298018","toID":"1298021","formEdgeID":null},{"edgeID":"1706038","fromID":"1298021","toID":"1298017","formEdgeID":null},{"edgeID":"1706039","fromID":"1298010","toID":"1298022","formEdgeID":null},{"edgeID":"1706040","fromID":"1298022","toID":"1298018","formEdgeID":null},{"edgeID":"1706041","fromID":"1298017","toID":"1298023","formEdgeID":null},{"edgeID":"1706042","fromID":"1298023","toID":"1298009","formEdgeID":null},{"edgeID":"1706043","fromID":"1298022","toID":"1298024","formEdgeID":null},{"edgeID":"1706044","fromID":"1298024","toID":"1298023","formEdgeID":null},{"edgeID":"1706045","fromID":"1298027","toID":"1298026","formEdgeID":null},{"edgeID":"1706046","fromID":"1298028","toID":"1298027","formEdgeID":null},{"edgeID":"1706047","fromID":"1298026","toID":"1298029","formEdgeID":null},{"edgeID":"1706048","fromID":"1298029","toID":"1298025","formEdgeID":null},{"edgeID":"1706049","fromID":"1298018","toID":"1298030","formEdgeID":null},{"edgeID":"1706050","fromID":"1298030","toID":"1298026","formEdgeID":null},{"edgeID":"1706051","fromID":"1298025","toID":"1298031","formEdgeID":null},{"edgeID":"1706052","fromID":"1298031","toID":"1298017","formEdgeID":null},{"edgeID":"1706053","fromID":"1298030","toID":"1298032","formEdgeID":null},{"edgeID":"1706054","fromID":"1298032","toID":"1298031","formEdgeID":null},{"edgeID":"1706055","fromID":"1298035","toID":"1298034","formEdgeID":null},{"edgeID":"1706056","fromID":"1298036","toID":"1298035","formEdgeID":null},{"edgeID":"1706057","fromID":"1298034","toID":"1298037","formEdgeID":null},{"edgeID":"1706058","fromID":"1298037","toID":"1298033","formEdgeID":null},{"edgeID":"1706059","fromID":"1298026","toID":"1298038","formEdgeID":null},{"edgeID":"1706060","fromID":"1298038","toID":"1298034","formEdgeID":null}],"locutions":[]}