{"nodes":[{"nodeID":"1140886","text":"not everyone doesn't want war","type":"I","timestamp":"2023-04-11 19:12:53"},{"nodeID":"1140896","text":"there is one person who does want war","type":"I","timestamp":"2023-04-11 19:13:03"},{"nodeID":"1140918","text":"Putin has had many opportunities to negotiate, bilaterally, multi-laterally","type":"I","timestamp":"2023-04-11 19:13:21"},{"nodeID":"1140927","text":"there are institutions in the world from the UN downwards that there are that arbitrate such issues","type":"I","timestamp":"2023-04-11 19:13:31"},{"nodeID":"1140974","text":"the options we have now are to support those incredibly brave Ukrainian fighters, to support them with arms, to support them with aid and to support those people who are forced to flee","type":"I","timestamp":"2023-04-11 19:14:09"},{"nodeID":"1141032","text":"we should be working against the gangsters who are supporting Vladimir Putin","type":"I","timestamp":"2023-04-11 19:14:59"},{"nodeID":"1141042","text":"Vladimir Putin is a gangster","type":"I","timestamp":"2023-04-11 19:15:11"},{"nodeID":"1293944","text":"to come back to There is a lot we can do","type":"I","timestamp":"2023-11-09 12:47:03"},{"nodeID":"1293945","text":"Peter Kyle: To come back to There is a lot we can do","type":"L","timestamp":"2023-11-09 12:47:03"},{"nodeID":"1293946","text":"Analysing","type":"YA","timestamp":"2023-11-09 12:47:03"},{"nodeID":"1293947","text":"Chris : Peter Kyle: To come back to There is a lot we can do","type":"L","timestamp":"2023-11-09 12:47:03"},{"nodeID":"1293948","text":"Asserting","type":"YA","timestamp":"2023-11-09 12:47:03"},{"nodeID":"1293949","text":"Peter Kyle: Not everyone doesn't want war","type":"L","timestamp":"2023-11-09 12:47:03"},{"nodeID":"1293950","text":"Analysing","type":"YA","timestamp":"2023-11-09 12:47:03"},{"nodeID":"1293951","text":"Chris : Peter Kyle: Not everyone doesn't want war","type":"L","timestamp":"2023-11-09 12:47:03"},{"nodeID":"1293952","text":"Asserting","type":"YA","timestamp":"2023-11-09 12:47:03"},{"nodeID":"1293953","text":"Default Inference","type":"RA","timestamp":"2023-11-09 12:47:03"},{"nodeID":"1293954","text":"Default Transition","type":"TA","timestamp":"2023-11-09 12:47:03"},{"nodeID":"1293955","text":"Arguing","type":"YA","timestamp":"2023-11-09 12:47:03"},{"nodeID":"1293956","text":"Peter Kyle: There is one person who does want war","type":"L","timestamp":"2023-11-09 12:47:04"},{"nodeID":"1293957","text":"Analysing","type":"YA","timestamp":"2023-11-09 12:47:04"},{"nodeID":"1293958","text":"Chris : Peter Kyle: There is one person who does want war","type":"L","timestamp":"2023-11-09 12:47:04"},{"nodeID":"1293959","text":"Asserting","type":"YA","timestamp":"2023-11-09 12:47:04"},{"nodeID":"1293960","text":"Default Rephrase","type":"MA","timestamp":"2023-11-09 12:47:04"},{"nodeID":"1293961","text":"Default Transition","type":"TA","timestamp":"2023-11-09 12:47:04"},{"nodeID":"1293962","text":"Restating","type":"YA","timestamp":"2023-11-09 12:47:04"},{"nodeID":"1293963","text":"the person who does want war is Putin","type":"I","timestamp":"2023-11-09 12:47:05"},{"nodeID":"1293964","text":"Peter Kyle: that is Putin","type":"L","timestamp":"2023-11-09 12:47:05"},{"nodeID":"1293965","text":"Analysing","type":"YA","timestamp":"2023-11-09 12:47:05"},{"nodeID":"1293966","text":"Chris : Peter Kyle: that is Putin","type":"L","timestamp":"2023-11-09 12:47:05"},{"nodeID":"1293967","text":"Asserting","type":"YA","timestamp":"2023-11-09 12:47:05"},{"nodeID":"1293968","text":"Default Transition","type":"TA","timestamp":"2023-11-09 12:47:05"},{"nodeID":"1293969","text":"Default Rephrase","type":"MA","timestamp":"2023-11-09 12:47:05"},{"nodeID":"1293970","text":"Restating","type":"YA","timestamp":"2023-11-09 12:47:05"},{"nodeID":"1293971","text":"Peter Kyle: He has had many opportunities to negotiate, bilaterally, multi-laterally","type":"L","timestamp":"2023-11-09 12:47:05"},{"nodeID":"1293972","text":"Analysing","type":"YA","timestamp":"2023-11-09 12:47:05"},{"nodeID":"1293973","text":"Chris : Peter Kyle: He has had many opportunities to negotiate, bilaterally, multi-laterally","type":"L","timestamp":"2023-11-09 12:47:05"},{"nodeID":"1293974","text":"Asserting","type":"YA","timestamp":"2023-11-09 12:47:05"},{"nodeID":"1293975","text":"Default Transition","type":"TA","timestamp":"2023-11-09 12:47:05"},{"nodeID":"1293976","text":"Peter Kyle: there are institutions in the world from the UN downwards that there are that arbitrate such issues","type":"L","timestamp":"2023-11-09 12:47:06"},{"nodeID":"1293977","text":"Analysing","type":"YA","timestamp":"2023-11-09 12:47:06"},{"nodeID":"1293978","text":"Chris : Peter Kyle: there are institutions in the world from the UN downwards that there are that arbitrate such issues","type":"L","timestamp":"2023-11-09 12:47:06"},{"nodeID":"1293979","text":"Asserting","type":"YA","timestamp":"2023-11-09 12:47:06"},{"nodeID":"1293980","text":"Default Transition","type":"TA","timestamp":"2023-11-09 12:47:06"},{"nodeID":"1293981","text":"Default Rephrase","type":"MA","timestamp":"2023-11-09 12:47:06"},{"nodeID":"1293982","text":"Restating","type":"YA","timestamp":"2023-11-09 12:47:06"},{"nodeID":"1293983","text":"Putin chose to build up his arms and he chose to invade","type":"I","timestamp":"2023-11-09 12:47:06"},{"nodeID":"1293984","text":"Peter Kyle: He chose to build up his arms and he chose to invade","type":"L","timestamp":"2023-11-09 12:47:06"},{"nodeID":"1293985","text":"Analysing","type":"YA","timestamp":"2023-11-09 12:47:06"},{"nodeID":"1293986","text":"Chris : Peter Kyle: He chose to build up his arms and he chose to invade","type":"L","timestamp":"2023-11-09 12:47:06"},{"nodeID":"1293987","text":"Asserting","type":"YA","timestamp":"2023-11-09 12:47:06"},{"nodeID":"1293988","text":"Default Conflict","type":"CA","timestamp":"2023-11-09 12:47:06"},{"nodeID":"1293989","text":"Default Transition","type":"TA","timestamp":"2023-11-09 12:47:06"},{"nodeID":"1293990","text":"Disagreeing","type":"YA","timestamp":"2023-11-09 12:47:06"},{"nodeID":"1293991","text":"Peter Kyle: The options we have now are to support those incredibly brave Ukrainian fighters, to support them with arms, to support them with aid and to support those people who are forced to flee","type":"L","timestamp":"2023-11-09 12:47:07"},{"nodeID":"1293992","text":"Analysing","type":"YA","timestamp":"2023-11-09 12:47:07"},{"nodeID":"1293993","text":"Chris : Peter Kyle: The options we have now are to support those incredibly brave Ukrainian fighters, to support them with arms, to support them with aid and to support those people who are forced to flee","type":"L","timestamp":"2023-11-09 12:47:07"},{"nodeID":"1293994","text":"Asserting","type":"YA","timestamp":"2023-11-09 12:47:07"},{"nodeID":"1293995","text":"Default Transition","type":"TA","timestamp":"2023-11-09 12:47:07"},{"nodeID":"1293996","text":"those fleeing are almost all going to be women","type":"I","timestamp":"2023-11-09 12:47:07"},{"nodeID":"1293997","text":"Peter Kyle: It is almost all going to be women","type":"L","timestamp":"2023-11-09 12:47:07"},{"nodeID":"1293998","text":"Analysing","type":"YA","timestamp":"2023-11-09 12:47:07"},{"nodeID":"1293999","text":"Chris : Peter Kyle: It is almost all going to be women","type":"L","timestamp":"2023-11-09 12:47:07"},{"nodeID":"1294000","text":"Asserting","type":"YA","timestamp":"2023-11-09 12:47:07"},{"nodeID":"1294001","text":"Default Transition","type":"TA","timestamp":"2023-11-09 12:47:07"},{"nodeID":"1294002","text":"many carrying young children who have have left behind partners","type":"I","timestamp":"2023-11-09 12:47:08"},{"nodeID":"1294003","text":"Peter Kyle: many carrying young children who have have left behind partners","type":"L","timestamp":"2023-11-09 12:47:08"},{"nodeID":"1294004","text":"Analysing","type":"YA","timestamp":"2023-11-09 12:47:08"},{"nodeID":"1294005","text":"Chris : Peter Kyle: many carrying young children who have have left behind partners","type":"L","timestamp":"2023-11-09 12:47:08"},{"nodeID":"1294006","text":"Asserting","type":"YA","timestamp":"2023-11-09 12:47:08"},{"nodeID":"1294007","text":"who have left behind children to fight","type":"I","timestamp":"2023-11-09 12:47:09"},{"nodeID":"1294008","text":"Peter Kyle: who have left behind children to fight","type":"L","timestamp":"2023-11-09 12:47:09"},{"nodeID":"1294009","text":"Analysing","type":"YA","timestamp":"2023-11-09 12:47:09"},{"nodeID":"1294010","text":"Chris : Peter Kyle: who have left behind children to fight","type":"L","timestamp":"2023-11-09 12:47:09"},{"nodeID":"1294011","text":"Asserting","type":"YA","timestamp":"2023-11-09 12:47:09"},{"nodeID":"1294012","text":"those fleeing are going to be scared and they need emergency protection and we should be giving it to them","type":"I","timestamp":"2023-11-09 12:47:09"},{"nodeID":"1294013","text":"Peter Kyle: they are going to be scared and they need emergency protection and we should be giving it to them","type":"L","timestamp":"2023-11-09 12:47:09"},{"nodeID":"1294014","text":"Analysing","type":"YA","timestamp":"2023-11-09 12:47:09"},{"nodeID":"1294015","text":"Chris : Peter Kyle: they are going to be scared and they need emergency protection and we should be giving it to them","type":"L","timestamp":"2023-11-09 12:47:09"},{"nodeID":"1294016","text":"Asserting","type":"YA","timestamp":"2023-11-09 12:47:09"},{"nodeID":"1294017","text":"Default Inference","type":"RA","timestamp":"2023-11-09 12:47:09"},{"nodeID":"1294018","text":"Default Transition","type":"TA","timestamp":"2023-11-09 12:47:09"},{"nodeID":"1294019","text":"Default Transition","type":"TA","timestamp":"2023-11-09 12:47:09"},{"nodeID":"1294020","text":"Default Transition","type":"TA","timestamp":"2023-11-09 12:47:09"},{"nodeID":"1294021","text":"Arguing","type":"YA","timestamp":"2023-11-09 12:47:09"},{"nodeID":"1294022","text":"Default Inference","type":"RA","timestamp":"2023-11-09 12:47:09"},{"nodeID":"1294023","text":"Default Transition","type":"TA","timestamp":"2023-11-09 12:47:09"},{"nodeID":"1294024","text":"Arguing","type":"YA","timestamp":"2023-11-09 12:47:09"},{"nodeID":"1294025","text":"Peter Kyle: We should be working against the gangsters who are supporting Vladimir Putin","type":"L","timestamp":"2023-11-09 12:47:10"},{"nodeID":"1294026","text":"Analysing","type":"YA","timestamp":"2023-11-09 12:47:10"},{"nodeID":"1294027","text":"Chris : Peter Kyle: We should be working against the gangsters who are supporting Vladimir Putin","type":"L","timestamp":"2023-11-09 12:47:10"},{"nodeID":"1294028","text":"Asserting","type":"YA","timestamp":"2023-11-09 12:47:10"},{"nodeID":"1294029","text":"Default Transition","type":"TA","timestamp":"2023-11-09 12:47:10"},{"nodeID":"1294030","text":"Peter Kyle: Vladimir Putin is a gangster","type":"L","timestamp":"2023-11-09 12:47:10"},{"nodeID":"1294031","text":"Analysing","type":"YA","timestamp":"2023-11-09 12:47:10"},{"nodeID":"1294032","text":"Chris : Peter Kyle: Vladimir Putin is a gangster","type":"L","timestamp":"2023-11-09 12:47:10"},{"nodeID":"1294033","text":"Asserting","type":"YA","timestamp":"2023-11-09 12:47:10"},{"nodeID":"1294034","text":"Default Transition","type":"TA","timestamp":"2023-11-09 12:47:10"},{"nodeID":"1294035","text":"Putin surrounds himself with gangsters and they have come to our country, they've come mostly to London","type":"I","timestamp":"2023-11-09 12:47:11"},{"nodeID":"1294036","text":"Peter Kyle: He surrounds himself with gangsters and they have come to our country, they've come mostly to London","type":"L","timestamp":"2023-11-09 12:47:11"},{"nodeID":"1294037","text":"Analysing","type":"YA","timestamp":"2023-11-09 12:47:11"},{"nodeID":"1294038","text":"Chris : Peter Kyle: He surrounds himself with gangsters and they have come to our country, they've come mostly to London","type":"L","timestamp":"2023-11-09 12:47:11"},{"nodeID":"1294039","text":"Asserting","type":"YA","timestamp":"2023-11-09 12:47:11"},{"nodeID":"1294040","text":"Default Transition","type":"TA","timestamp":"2023-11-09 12:47:11"},{"nodeID":"1294041","text":"Putin's gangster associates have invested in London because they believe we are corrupt enough to host them","type":"I","timestamp":"2023-11-09 12:47:11"},{"nodeID":"1294042","text":"Peter Kyle: they have invested in London because they believe we are corrupt enough to host them","type":"L","timestamp":"2023-11-09 12:47:11"},{"nodeID":"1294043","text":"Analysing","type":"YA","timestamp":"2023-11-09 12:47:11"},{"nodeID":"1294044","text":"Chris : Peter Kyle: they have invested in London because they believe we are corrupt enough to host them","type":"L","timestamp":"2023-11-09 12:47:11"},{"nodeID":"1294045","text":"Asserting","type":"YA","timestamp":"2023-11-09 12:47:11"},{"nodeID":"1294046","text":"Default Rephrase","type":"MA","timestamp":"2023-11-09 12:47:11"},{"nodeID":"1294047","text":"Default Rephrase","type":"MA","timestamp":"2023-11-09 12:47:11"},{"nodeID":"1294048","text":"Default Rephrase","type":"MA","timestamp":"2023-11-09 12:47:11"},{"nodeID":"1294049","text":"Default Transition","type":"TA","timestamp":"2023-11-09 12:47:11"},{"nodeID":"1294050","text":"we need to make sure that we take Putin's gangster associates on one by one and we do so decisively","type":"I","timestamp":"2023-11-09 12:47:12"},{"nodeID":"1294051","text":"Peter Kyle:  we need to make sure that we take them on one by one and we do so decisively","type":"L","timestamp":"2023-11-09 12:47:12"},{"nodeID":"1294052","text":"Analysing","type":"YA","timestamp":"2023-11-09 12:47:12"},{"nodeID":"1294053","text":"Chris : Peter Kyle:  we need to make sure that we take them on one by one and we do so decisively","type":"L","timestamp":"2023-11-09 12:47:12"},{"nodeID":"1294054","text":"Asserting","type":"YA","timestamp":"2023-11-09 12:47:12"},{"nodeID":"1294055","text":"Default Transition","type":"TA","timestamp":"2023-11-09 12:47:12"},{"nodeID":"1294056","text":"Default Inference","type":"RA","timestamp":"2023-11-09 12:47:12"},{"nodeID":"1294057","text":"Default Transition","type":"TA","timestamp":"2023-11-09 12:47:12"},{"nodeID":"1294058","text":"Arguing","type":"YA","timestamp":"2023-11-09 12:47:12"},{"nodeID":"1294059","text":"Default Inference","type":"RA","timestamp":"2023-11-09 12:47:12"},{"nodeID":"1294060","text":"Default Transition","type":"TA","timestamp":"2023-11-09 12:47:12"},{"nodeID":"1294061","text":"Arguing","type":"YA","timestamp":"2023-11-09 12:47:12"}],"edges":[{"edgeID":"1701192","fromID":"1293946","toID":"1293945","formEdgeID":null},{"edgeID":"1701193","fromID":"1293947","toID":"1293946","formEdgeID":null},{"edgeID":"1701194","fromID":"1293945","toID":"1293948","formEdgeID":null},{"edgeID":"1701195","fromID":"1293948","toID":"1293944","formEdgeID":null},{"edgeID":"1701196","fromID":"1293950","toID":"1293949","formEdgeID":null},{"edgeID":"1701197","fromID":"1293951","toID":"1293950","formEdgeID":null},{"edgeID":"1701198","fromID":"1293949","toID":"1293952","formEdgeID":null},{"edgeID":"1701199","fromID":"1293952","toID":"1140886","formEdgeID":null},{"edgeID":"1701200","fromID":"1140886","toID":"1293953","formEdgeID":null},{"edgeID":"1701201","fromID":"1293953","toID":"1293944","formEdgeID":null},{"edgeID":"1701202","fromID":"1293945","toID":"1293954","formEdgeID":null},{"edgeID":"1701203","fromID":"1293954","toID":"1293949","formEdgeID":null},{"edgeID":"1701204","fromID":"1293954","toID":"1293955","formEdgeID":null},{"edgeID":"1701205","fromID":"1293955","toID":"1293953","formEdgeID":null},{"edgeID":"1701206","fromID":"1293957","toID":"1293956","formEdgeID":null},{"edgeID":"1701207","fromID":"1293958","toID":"1293957","formEdgeID":null},{"edgeID":"1701208","fromID":"1293956","toID":"1293959","formEdgeID":null},{"edgeID":"1701209","fromID":"1293959","toID":"1140896","formEdgeID":null},{"edgeID":"1701210","fromID":"1140896","toID":"1293960","formEdgeID":null},{"edgeID":"1701211","fromID":"1293960","toID":"1140886","formEdgeID":null},{"edgeID":"1701212","fromID":"1293949","toID":"1293961","formEdgeID":null},{"edgeID":"1701213","fromID":"1293961","toID":"1293956","formEdgeID":null},{"edgeID":"1701214","fromID":"1293961","toID":"1293962","formEdgeID":null},{"edgeID":"1701215","fromID":"1293962","toID":"1293960","formEdgeID":null},{"edgeID":"1701216","fromID":"1293965","toID":"1293964","formEdgeID":null},{"edgeID":"1701217","fromID":"1293966","toID":"1293965","formEdgeID":null},{"edgeID":"1701218","fromID":"1293964","toID":"1293967","formEdgeID":null},{"edgeID":"1701219","fromID":"1293967","toID":"1293963","formEdgeID":null},{"edgeID":"1701220","fromID":"1293956","toID":"1293968","formEdgeID":null},{"edgeID":"1701221","fromID":"1293968","toID":"1293964","formEdgeID":null},{"edgeID":"1701222","fromID":"1293963","toID":"1293969","formEdgeID":null},{"edgeID":"1701223","fromID":"1293969","toID":"1140896","formEdgeID":null},{"edgeID":"1701224","fromID":"1293968","toID":"1293970","formEdgeID":null},{"edgeID":"1701225","fromID":"1293970","toID":"1293969","formEdgeID":null},{"edgeID":"1701226","fromID":"1293972","toID":"1293971","formEdgeID":null},{"edgeID":"1701227","fromID":"1293973","toID":"1293972","formEdgeID":null},{"edgeID":"1701228","fromID":"1293971","toID":"1293974","formEdgeID":null},{"edgeID":"1701229","fromID":"1293974","toID":"1140918","formEdgeID":null},{"edgeID":"1701230","fromID":"1293964","toID":"1293975","formEdgeID":null},{"edgeID":"1701231","fromID":"1293975","toID":"1293971","formEdgeID":null},{"edgeID":"1701232","fromID":"1293977","toID":"1293976","formEdgeID":null},{"edgeID":"1701233","fromID":"1293978","toID":"1293977","formEdgeID":null},{"edgeID":"1701234","fromID":"1293976","toID":"1293979","formEdgeID":null},{"edgeID":"1701235","fromID":"1293979","toID":"1140927","formEdgeID":null},{"edgeID":"1701236","fromID":"1293971","toID":"1293980","formEdgeID":null},{"edgeID":"1701237","fromID":"1293980","toID":"1293976","formEdgeID":null},{"edgeID":"1701238","fromID":"1140927","toID":"1293981","formEdgeID":null},{"edgeID":"1701239","fromID":"1293981","toID":"1140918","formEdgeID":null},{"edgeID":"1701240","fromID":"1293980","toID":"1293982","formEdgeID":null},{"edgeID":"1701241","fromID":"1293982","toID":"1293981","formEdgeID":null},{"edgeID":"1701242","fromID":"1293985","toID":"1293984","formEdgeID":null},{"edgeID":"1701243","fromID":"1293986","toID":"1293985","formEdgeID":null},{"edgeID":"1701244","fromID":"1293984","toID":"1293987","formEdgeID":null},{"edgeID":"1701245","fromID":"1293987","toID":"1293983","formEdgeID":null},{"edgeID":"1701246","fromID":"1293983","toID":"1293988","formEdgeID":null},{"edgeID":"1701247","fromID":"1293988","toID":"1140918","formEdgeID":null},{"edgeID":"1701248","fromID":"1293971","toID":"1293989","formEdgeID":null},{"edgeID":"1701249","fromID":"1293989","toID":"1293984","formEdgeID":null},{"edgeID":"1701250","fromID":"1293989","toID":"1293990","formEdgeID":null},{"edgeID":"1701251","fromID":"1293990","toID":"1293988","formEdgeID":null},{"edgeID":"1701252","fromID":"1293992","toID":"1293991","formEdgeID":null},{"edgeID":"1701253","fromID":"1293993","toID":"1293992","formEdgeID":null},{"edgeID":"1701254","fromID":"1293991","toID":"1293994","formEdgeID":null},{"edgeID":"1701255","fromID":"1293994","toID":"1140974","formEdgeID":null},{"edgeID":"1701256","fromID":"1293984","toID":"1293995","formEdgeID":null},{"edgeID":"1701257","fromID":"1293995","toID":"1293991","formEdgeID":null},{"edgeID":"1701258","fromID":"1293998","toID":"1293997","formEdgeID":null},{"edgeID":"1701259","fromID":"1293999","toID":"1293998","formEdgeID":null},{"edgeID":"1701260","fromID":"1293997","toID":"1294000","formEdgeID":null},{"edgeID":"1701261","fromID":"1294000","toID":"1293996","formEdgeID":null},{"edgeID":"1701262","fromID":"1293991","toID":"1294001","formEdgeID":null},{"edgeID":"1701263","fromID":"1294001","toID":"1293997","formEdgeID":null},{"edgeID":"1701264","fromID":"1294004","toID":"1294003","formEdgeID":null},{"edgeID":"1701265","fromID":"1294005","toID":"1294004","formEdgeID":null},{"edgeID":"1701266","fromID":"1294003","toID":"1294006","formEdgeID":null},{"edgeID":"1701267","fromID":"1294006","toID":"1294002","formEdgeID":null},{"edgeID":"1701268","fromID":"1294009","toID":"1294008","formEdgeID":null},{"edgeID":"1701269","fromID":"1294010","toID":"1294009","formEdgeID":null},{"edgeID":"1701270","fromID":"1294008","toID":"1294011","formEdgeID":null},{"edgeID":"1701271","fromID":"1294011","toID":"1294007","formEdgeID":null},{"edgeID":"1701272","fromID":"1294014","toID":"1294013","formEdgeID":null},{"edgeID":"1701273","fromID":"1294015","toID":"1294014","formEdgeID":null},{"edgeID":"1701274","fromID":"1294013","toID":"1294016","formEdgeID":null},{"edgeID":"1701275","fromID":"1294016","toID":"1294012","formEdgeID":null},{"edgeID":"1701276","fromID":"1294007","toID":"1294017","formEdgeID":null},{"edgeID":"1701277","fromID":"1294017","toID":"1294012","formEdgeID":null},{"edgeID":"1701278","fromID":"1294002","toID":"1294017","formEdgeID":null},{"edgeID":"1701279","fromID":"1293996","toID":"1294017","formEdgeID":null},{"edgeID":"1701280","fromID":"1293997","toID":"1294018","formEdgeID":null},{"edgeID":"1701281","fromID":"1294018","toID":"1294003","formEdgeID":null},{"edgeID":"1701282","fromID":"1294003","toID":"1294019","formEdgeID":null},{"edgeID":"1701283","fromID":"1294019","toID":"1294008","formEdgeID":null},{"edgeID":"1701284","fromID":"1294008","toID":"1294020","formEdgeID":null},{"edgeID":"1701285","fromID":"1294020","toID":"1294013","formEdgeID":null},{"edgeID":"1701286","fromID":"1294020","toID":"1294021","formEdgeID":null},{"edgeID":"1701287","fromID":"1294021","toID":"1294017","formEdgeID":null},{"edgeID":"1701288","fromID":"1294012","toID":"1294022","formEdgeID":null},{"edgeID":"1701289","fromID":"1294022","toID":"1140974","formEdgeID":null},{"edgeID":"1701290","fromID":"1293991","toID":"1294023","formEdgeID":null},{"edgeID":"1701291","fromID":"1294023","toID":"1294013","formEdgeID":null},{"edgeID":"1701292","fromID":"1294023","toID":"1294024","formEdgeID":null},{"edgeID":"1701293","fromID":"1294024","toID":"1294022","formEdgeID":null},{"edgeID":"1701294","fromID":"1294026","toID":"1294025","formEdgeID":null},{"edgeID":"1701295","fromID":"1294027","toID":"1294026","formEdgeID":null},{"edgeID":"1701296","fromID":"1294025","toID":"1294028","formEdgeID":null},{"edgeID":"1701297","fromID":"1294028","toID":"1141032","formEdgeID":null},{"edgeID":"1701298","fromID":"1294013","toID":"1294029","formEdgeID":null},{"edgeID":"1701299","fromID":"1294029","toID":"1294025","formEdgeID":null},{"edgeID":"1701300","fromID":"1294031","toID":"1294030","formEdgeID":null},{"edgeID":"1701301","fromID":"1294032","toID":"1294031","formEdgeID":null},{"edgeID":"1701302","fromID":"1294030","toID":"1294033","formEdgeID":null},{"edgeID":"1701303","fromID":"1294033","toID":"1141042","formEdgeID":null},{"edgeID":"1701304","fromID":"1294025","toID":"1294034","formEdgeID":null},{"edgeID":"1701305","fromID":"1294034","toID":"1294030","formEdgeID":null},{"edgeID":"1701306","fromID":"1294037","toID":"1294036","formEdgeID":null},{"edgeID":"1701307","fromID":"1294038","toID":"1294037","formEdgeID":null},{"edgeID":"1701308","fromID":"1294036","toID":"1294039","formEdgeID":null},{"edgeID":"1701309","fromID":"1294039","toID":"1294035","formEdgeID":null},{"edgeID":"1701310","fromID":"1294030","toID":"1294040","formEdgeID":null},{"edgeID":"1701311","fromID":"1294040","toID":"1294036","formEdgeID":null},{"edgeID":"1701312","fromID":"1294043","toID":"1294042","formEdgeID":null},{"edgeID":"1701313","fromID":"1294044","toID":"1294043","formEdgeID":null},{"edgeID":"1701314","fromID":"1294042","toID":"1294045","formEdgeID":null},{"edgeID":"1701315","fromID":"1294045","toID":"1294041","formEdgeID":null},{"edgeID":"1701316","fromID":"1294041","toID":"1294046","formEdgeID":null},{"edgeID":"1701317","fromID":"1294046","toID":"1294035","formEdgeID":null},{"edgeID":"1701318","fromID":"1294035","toID":"1294047","formEdgeID":null},{"edgeID":"1701319","fromID":"1294047","toID":"1141042","formEdgeID":null},{"edgeID":"1701320","fromID":"1141042","toID":"1294048","formEdgeID":null},{"edgeID":"1701321","fromID":"1294048","toID":"1141032","formEdgeID":null},{"edgeID":"1701322","fromID":"1294036","toID":"1294049","formEdgeID":null},{"edgeID":"1701323","fromID":"1294049","toID":"1294042","formEdgeID":null},{"edgeID":"1701324","fromID":"1294052","toID":"1294051","formEdgeID":null},{"edgeID":"1701325","fromID":"1294053","toID":"1294052","formEdgeID":null},{"edgeID":"1701326","fromID":"1294051","toID":"1294054","formEdgeID":null},{"edgeID":"1701327","fromID":"1294054","toID":"1294050","formEdgeID":null},{"edgeID":"1701328","fromID":"1294042","toID":"1294055","formEdgeID":null},{"edgeID":"1701329","fromID":"1294055","toID":"1294051","formEdgeID":null},{"edgeID":"1701330","fromID":"1140918","toID":"1294056","formEdgeID":null},{"edgeID":"1701331","fromID":"1294056","toID":"1293963","formEdgeID":null},{"edgeID":"1701332","fromID":"1293983","toID":"1294056","formEdgeID":null},{"edgeID":"1701333","fromID":"1293964","toID":"1294057","formEdgeID":null},{"edgeID":"1701334","fromID":"1294057","toID":"1293984","formEdgeID":null},{"edgeID":"1701335","fromID":"1294057","toID":"1294058","formEdgeID":null},{"edgeID":"1701336","fromID":"1294058","toID":"1294056","formEdgeID":null},{"edgeID":"1701337","fromID":"1141032","toID":"1294059","formEdgeID":null},{"edgeID":"1701338","fromID":"1294059","toID":"1294050","formEdgeID":null},{"edgeID":"1701339","fromID":"1294025","toID":"1294060","formEdgeID":null},{"edgeID":"1701340","fromID":"1294060","toID":"1294051","formEdgeID":null},{"edgeID":"1701341","fromID":"1294060","toID":"1294061","formEdgeID":null},{"edgeID":"1701342","fromID":"1294061","toID":"1294059","formEdgeID":null}],"locutions":[]}