{"nodes":[{"nodeID":"1297613","text":"it would be helpful for the people of Scotland to decide whether they have a nuclear weapon","type":"I","timestamp":"2023-11-09 12:52:04"},{"nodeID":"1297614","text":"Konstantin Kisin: It would be helpful for the people of Scotland to decide whether they have a nuclear weapon","type":"L","timestamp":"2023-11-09 12:52:04"},{"nodeID":"1297615","text":"Analysing","type":"YA","timestamp":"2023-11-09 12:52:04"},{"nodeID":"1297616","text":"Anon: Konstantin Kisin: It would be helpful for the people of Scotland to decide whether they have a nuclear weapon","type":"L","timestamp":"2023-11-09 12:52:04"},{"nodeID":"1297617","text":"Asserting","type":"YA","timestamp":"2023-11-09 12:52:04"},{"nodeID":"1297618","text":"where we have nuclear weapons we would try and put the toothpaste in the back in the tube where it is not going to go","type":"I","timestamp":"2023-11-09 12:52:05"},{"nodeID":"1297619","text":"Konstantin Kisin: Where we have nuclear weapons we would try and put the toothpaste in the back in the tube where it is not going to go","type":"L","timestamp":"2023-11-09 12:52:05"},{"nodeID":"1297620","text":"Analysing","type":"YA","timestamp":"2023-11-09 12:52:05"},{"nodeID":"1297621","text":"Anon: Konstantin Kisin: Where we have nuclear weapons we would try and put the toothpaste in the back in the tube where it is not going to go","type":"L","timestamp":"2023-11-09 12:52:05"},{"nodeID":"1297622","text":"Asserting","type":"YA","timestamp":"2023-11-09 12:52:05"},{"nodeID":"1297623","text":"in a world why Xi Jinping and Vladimir Putin have nuclear weapons, it is absurd to not think of nuclear weapons as a concrete option","type":"I","timestamp":"2023-11-09 12:52:06"},{"nodeID":"1297624","text":"Konstantin Kisin: In a world why Xi Jinping and Vladimir Putin have nuclear weapons, it is absurd","type":"L","timestamp":"2023-11-09 12:52:06"},{"nodeID":"1297625","text":"Analysing","type":"YA","timestamp":"2023-11-09 12:52:06"},{"nodeID":"1297626","text":"Anon: Konstantin Kisin: In a world why Xi Jinping and Vladimir Putin have nuclear weapons, it is absurd","type":"L","timestamp":"2023-11-09 12:52:06"},{"nodeID":"1297627","text":"Asserting","type":"YA","timestamp":"2023-11-09 12:52:06"},{"nodeID":"1297628","text":"if we didn't have nuclear weapons, Russian troops would be in Poland today","type":"I","timestamp":"2023-11-09 12:52:06"},{"nodeID":"1297629","text":"Konstantin Kisin: If we didn't have nuclear weapons, where would the troops be today","type":"L","timestamp":"2023-11-09 12:52:06"},{"nodeID":"1297630","text":"Analysing","type":"YA","timestamp":"2023-11-09 12:52:06"},{"nodeID":"1297631","text":"Anon: Konstantin Kisin: If we didn't have nuclear weapons, where would the troops be today","type":"L","timestamp":"2023-11-09 12:52:06"},{"nodeID":"1297632","text":"Rhetorical Questioning","type":"YA","timestamp":"2023-11-09 12:52:06"},{"nodeID":"1297633","text":"the only reason why Russian troops are still in Ukraine and not in Poland is that we have nuclear weapons","type":"I","timestamp":"2023-11-09 12:52:07"},{"nodeID":"1297634","text":"Konstantin Kisin: The only reason they're still in Ukraine and not in Poland is that we have nuclear weapons","type":"L","timestamp":"2023-11-09 12:52:07"},{"nodeID":"1297635","text":"Analysing","type":"YA","timestamp":"2023-11-09 12:52:07"},{"nodeID":"1297636","text":"Anon: Konstantin Kisin: The only reason they're still in Ukraine and not in Poland is that we have nuclear weapons","type":"L","timestamp":"2023-11-09 12:52:07"},{"nodeID":"1297637","text":"Asserting","type":"YA","timestamp":"2023-11-09 12:52:07"},{"nodeID":"1297638","text":"Ukraine is one of the few countries who gave up their nuclear weapons","type":"I","timestamp":"2023-11-09 12:52:07"},{"nodeID":"1297639","text":"Peter Kyle: Ukraine is one of the few countries who gave up their nuclear weapons","type":"L","timestamp":"2023-11-09 12:52:07"},{"nodeID":"1297640","text":"Analysing","type":"YA","timestamp":"2023-11-09 12:52:07"},{"nodeID":"1297641","text":"Anon: Peter Kyle: Ukraine is one of the few countries who gave up their nuclear weapons","type":"L","timestamp":"2023-11-09 12:52:07"},{"nodeID":"1297642","text":"Asserting","type":"YA","timestamp":"2023-11-09 12:52:07"},{"nodeID":"1297643","text":"the fact that Ukraine gave up their nuclear weapons is not guaranteed","type":"I","timestamp":"2023-11-09 12:52:08"},{"nodeID":"1297644","text":"Konstantin Kisin: That's not guaranteed","type":"L","timestamp":"2023-11-09 12:52:08"},{"nodeID":"1297645","text":"Analysing","type":"YA","timestamp":"2023-11-09 12:52:08"},{"nodeID":"1297646","text":"Anon: Konstantin Kisin: That's not guaranteed","type":"L","timestamp":"2023-11-09 12:52:08"},{"nodeID":"1297647","text":"Asserting","type":"YA","timestamp":"2023-11-09 12:52:08"},{"nodeID":"1297648","text":"the lesson is stark on the perils of losing the nuclear deterrent","type":"I","timestamp":"2023-11-09 12:52:09"},{"nodeID":"1297649","text":"Peter Kyle: Lost its nuclear deterrent and the lesson is stark","type":"L","timestamp":"2023-11-09 12:52:09"},{"nodeID":"1297650","text":"Analysing","type":"YA","timestamp":"2023-11-09 12:52:09"},{"nodeID":"1297651","text":"Anon: Peter Kyle: Lost its nuclear deterrent and the lesson is stark","type":"L","timestamp":"2023-11-09 12:52:09"},{"nodeID":"1297652","text":"Asserting","type":"YA","timestamp":"2023-11-09 12:52:09"},{"nodeID":"1297653","text":"Default Transition","type":"TA","timestamp":"2023-11-09 12:52:09"},{"nodeID":"1297654","text":"Default Inference","type":"RA","timestamp":"2023-11-09 12:52:09"},{"nodeID":"1297655","text":"Arguing","type":"YA","timestamp":"2023-11-09 12:52:09"},{"nodeID":"1297656","text":"Default Inference","type":"RA","timestamp":"2023-11-09 12:52:09"},{"nodeID":"1297657","text":"Default Transition","type":"TA","timestamp":"2023-11-09 12:52:09"},{"nodeID":"1297658","text":"Arguing","type":"YA","timestamp":"2023-11-09 12:52:09"},{"nodeID":"1297659","text":"Default Transition","type":"TA","timestamp":"2023-11-09 12:52:09"},{"nodeID":"1297660","text":"Default Inference","type":"RA","timestamp":"2023-11-09 12:52:09"},{"nodeID":"1297661","text":"Arguing","type":"YA","timestamp":"2023-11-09 12:52:09"},{"nodeID":"1297662","text":"Default Rephrase","type":"MA","timestamp":"2023-11-09 12:52:09"},{"nodeID":"1297663","text":"Default Transition","type":"TA","timestamp":"2023-11-09 12:52:09"},{"nodeID":"1297664","text":"Restating","type":"YA","timestamp":"2023-11-09 12:52:09"},{"nodeID":"1297665","text":"Default Transition","type":"TA","timestamp":"2023-11-09 12:52:09"},{"nodeID":"1297666","text":"Default Transition","type":"TA","timestamp":"2023-11-09 12:52:09"},{"nodeID":"1297667","text":"Default Conflict","type":"CA","timestamp":"2023-11-09 12:52:09"},{"nodeID":"1297668","text":"Disagreeing","type":"YA","timestamp":"2023-11-09 12:52:09"},{"nodeID":"1297669","text":"Default Inference","type":"RA","timestamp":"2023-11-09 12:52:09"},{"nodeID":"1297670","text":"Default Transition","type":"TA","timestamp":"2023-11-09 12:52:09"},{"nodeID":"1297671","text":"Arguing","type":"YA","timestamp":"2023-11-09 12:52:09"},{"nodeID":"1297672","text":"Default Conflict","type":"CA","timestamp":"2023-11-09 12:52:09"},{"nodeID":"1297673","text":"Disagreeing","type":"YA","timestamp":"2023-11-09 12:52:09"}],"edges":[{"edgeID":"1705549","fromID":"1297615","toID":"1297614","formEdgeID":null},{"edgeID":"1705550","fromID":"1297616","toID":"1297615","formEdgeID":null},{"edgeID":"1705551","fromID":"1297614","toID":"1297617","formEdgeID":null},{"edgeID":"1705552","fromID":"1297617","toID":"1297613","formEdgeID":null},{"edgeID":"1705553","fromID":"1297620","toID":"1297619","formEdgeID":null},{"edgeID":"1705554","fromID":"1297621","toID":"1297620","formEdgeID":null},{"edgeID":"1705555","fromID":"1297619","toID":"1297622","formEdgeID":null},{"edgeID":"1705556","fromID":"1297622","toID":"1297618","formEdgeID":null},{"edgeID":"1705557","fromID":"1297625","toID":"1297624","formEdgeID":null},{"edgeID":"1705558","fromID":"1297626","toID":"1297625","formEdgeID":null},{"edgeID":"1705559","fromID":"1297624","toID":"1297627","formEdgeID":null},{"edgeID":"1705560","fromID":"1297627","toID":"1297623","formEdgeID":null},{"edgeID":"1705561","fromID":"1297630","toID":"1297629","formEdgeID":null},{"edgeID":"1705562","fromID":"1297631","toID":"1297630","formEdgeID":null},{"edgeID":"1705563","fromID":"1297629","toID":"1297632","formEdgeID":null},{"edgeID":"1705564","fromID":"1297632","toID":"1297628","formEdgeID":null},{"edgeID":"1705565","fromID":"1297635","toID":"1297634","formEdgeID":null},{"edgeID":"1705566","fromID":"1297636","toID":"1297635","formEdgeID":null},{"edgeID":"1705567","fromID":"1297634","toID":"1297637","formEdgeID":null},{"edgeID":"1705568","fromID":"1297637","toID":"1297633","formEdgeID":null},{"edgeID":"1705569","fromID":"1297640","toID":"1297639","formEdgeID":null},{"edgeID":"1705570","fromID":"1297641","toID":"1297640","formEdgeID":null},{"edgeID":"1705571","fromID":"1297639","toID":"1297642","formEdgeID":null},{"edgeID":"1705572","fromID":"1297642","toID":"1297638","formEdgeID":null},{"edgeID":"1705573","fromID":"1297645","toID":"1297644","formEdgeID":null},{"edgeID":"1705574","fromID":"1297646","toID":"1297645","formEdgeID":null},{"edgeID":"1705575","fromID":"1297644","toID":"1297647","formEdgeID":null},{"edgeID":"1705576","fromID":"1297647","toID":"1297643","formEdgeID":null},{"edgeID":"1705577","fromID":"1297650","toID":"1297649","formEdgeID":null},{"edgeID":"1705578","fromID":"1297651","toID":"1297650","formEdgeID":null},{"edgeID":"1705579","fromID":"1297649","toID":"1297652","formEdgeID":null},{"edgeID":"1705580","fromID":"1297652","toID":"1297648","formEdgeID":null},{"edgeID":"1705581","fromID":"1297614","toID":"1297653","formEdgeID":null},{"edgeID":"1705582","fromID":"1297653","toID":"1297619","formEdgeID":null},{"edgeID":"1705583","fromID":"1297618","toID":"1297654","formEdgeID":null},{"edgeID":"1705584","fromID":"1297654","toID":"1297613","formEdgeID":null},{"edgeID":"1705585","fromID":"1297653","toID":"1297655","formEdgeID":null},{"edgeID":"1705586","fromID":"1297655","toID":"1297654","formEdgeID":null},{"edgeID":"1705587","fromID":"1297623","toID":"1297656","formEdgeID":null},{"edgeID":"1705588","fromID":"1297656","toID":"1297613","formEdgeID":null},{"edgeID":"1705589","fromID":"1297614","toID":"1297657","formEdgeID":null},{"edgeID":"1705590","fromID":"1297657","toID":"1297624","formEdgeID":null},{"edgeID":"1705591","fromID":"1297657","toID":"1297658","formEdgeID":null},{"edgeID":"1705592","fromID":"1297658","toID":"1297656","formEdgeID":null},{"edgeID":"1705593","fromID":"1297624","toID":"1297659","formEdgeID":null},{"edgeID":"1705594","fromID":"1297659","toID":"1297629","formEdgeID":null},{"edgeID":"1705595","fromID":"1297628","toID":"1297660","formEdgeID":null},{"edgeID":"1705596","fromID":"1297660","toID":"1297623","formEdgeID":null},{"edgeID":"1705597","fromID":"1297659","toID":"1297661","formEdgeID":null},{"edgeID":"1705598","fromID":"1297661","toID":"1297660","formEdgeID":null},{"edgeID":"1705599","fromID":"1297633","toID":"1297662","formEdgeID":null},{"edgeID":"1705600","fromID":"1297662","toID":"1297628","formEdgeID":null},{"edgeID":"1705601","fromID":"1297629","toID":"1297663","formEdgeID":null},{"edgeID":"1705602","fromID":"1297663","toID":"1297634","formEdgeID":null},{"edgeID":"1705603","fromID":"1297663","toID":"1297664","formEdgeID":null},{"edgeID":"1705604","fromID":"1297664","toID":"1297662","formEdgeID":null},{"edgeID":"1705605","fromID":"1297634","toID":"1297665","formEdgeID":null},{"edgeID":"1705606","fromID":"1297665","toID":"1297639","formEdgeID":null},{"edgeID":"1705607","fromID":"1297639","toID":"1297666","formEdgeID":null},{"edgeID":"1705608","fromID":"1297666","toID":"1297644","formEdgeID":null},{"edgeID":"1705609","fromID":"1297643","toID":"1297667","formEdgeID":null},{"edgeID":"1705610","fromID":"1297667","toID":"1297638","formEdgeID":null},{"edgeID":"1705611","fromID":"1297666","toID":"1297668","formEdgeID":null},{"edgeID":"1705612","fromID":"1297668","toID":"1297667","formEdgeID":null},{"edgeID":"1705613","fromID":"1297638","toID":"1297669","formEdgeID":null},{"edgeID":"1705614","fromID":"1297669","toID":"1297648","formEdgeID":null},{"edgeID":"1705615","fromID":"1297639","toID":"1297670","formEdgeID":null},{"edgeID":"1705616","fromID":"1297670","toID":"1297649","formEdgeID":null},{"edgeID":"1705617","fromID":"1297670","toID":"1297671","formEdgeID":null},{"edgeID":"1705618","fromID":"1297671","toID":"1297669","formEdgeID":null},{"edgeID":"1705619","fromID":"1297638","toID":"1297672","formEdgeID":null},{"edgeID":"1705620","fromID":"1297672","toID":"1297633","formEdgeID":null},{"edgeID":"1705621","fromID":"1297665","toID":"1297673","formEdgeID":null},{"edgeID":"1705622","fromID":"1297673","toID":"1297672","formEdgeID":null}],"locutions":[]}