{"nodes":[{"nodeID":"1297060","text":"refraining from bringing people to the UK in huge numbers is not the right answer","type":"I","timestamp":"2023-11-09 12:51:18"},{"nodeID":"1297061","text":"Kirsten Oswald: I don't think that's the right answer","type":"L","timestamp":"2023-11-09 12:51:18"},{"nodeID":"1297062","text":"Analysing","type":"YA","timestamp":"2023-11-09 12:51:18"},{"nodeID":"1297063","text":"Clara: Kirsten Oswald: I don't think that's the right answer","type":"L","timestamp":"2023-11-09 12:51:18"},{"nodeID":"1297064","text":"Asserting","type":"YA","timestamp":"2023-11-09 12:51:18"},{"nodeID":"1297065","text":"we have the capacity to bring more people to the UK","type":"I","timestamp":"2023-11-09 12:51:19"},{"nodeID":"1297066","text":"Kirsten Oswald: we have the capacity to bring more people here","type":"L","timestamp":"2023-11-09 12:51:19"},{"nodeID":"1297067","text":"Analysing","type":"YA","timestamp":"2023-11-09 12:51:19"},{"nodeID":"1297068","text":"Clara: Kirsten Oswald: we have the capacity to bring more people here","type":"L","timestamp":"2023-11-09 12:51:19"},{"nodeID":"1297069","text":"Asserting","type":"YA","timestamp":"2023-11-09 12:51:19"},{"nodeID":"1297070","text":"Default Transition","type":"TA","timestamp":"2023-11-09 12:51:19"},{"nodeID":"1297071","text":"we should be open to bringing more people to come to the UK","type":"I","timestamp":"2023-11-09 12:51:20"},{"nodeID":"1297072","text":"Kirsten Oswald: We should be open to that","type":"L","timestamp":"2023-11-09 12:51:20"},{"nodeID":"1297073","text":"Analysing","type":"YA","timestamp":"2023-11-09 12:51:20"},{"nodeID":"1297074","text":"Clara: Kirsten Oswald: We should be open to that","type":"L","timestamp":"2023-11-09 12:51:20"},{"nodeID":"1297075","text":"Asserting","type":"YA","timestamp":"2023-11-09 12:51:20"},{"nodeID":"1297076","text":"Default Transition","type":"TA","timestamp":"2023-11-09 12:51:20"},{"nodeID":"1297077","text":"Default Transition","type":"TA","timestamp":"2023-11-09 12:51:20"},{"nodeID":"1297078","text":"Default Inference","type":"RA","timestamp":"2023-11-09 12:51:20"},{"nodeID":"1297079","text":"Arguing","type":"YA","timestamp":"2023-11-09 12:51:20"},{"nodeID":"1297080","text":"we need to make sure that when people come to the UK, they can work and are not forbidden to do that because of restrictions the UK government put upon them","type":"I","timestamp":"2023-11-09 12:51:20"},{"nodeID":"1297081","text":"Kirsten Oswald: We need to make sure that when they come here, they can work and are forbidden to do that because of restrictions the UK government put upon them","type":"L","timestamp":"2023-11-09 12:51:20"},{"nodeID":"1297082","text":"Analysing","type":"YA","timestamp":"2023-11-09 12:51:20"},{"nodeID":"1297083","text":"Clara: Kirsten Oswald: We need to make sure that when they come here, they can work and are forbidden to do that because of restrictions the UK government put upon them","type":"L","timestamp":"2023-11-09 12:51:20"},{"nodeID":"1297084","text":"Asserting","type":"YA","timestamp":"2023-11-09 12:51:20"},{"nodeID":"1297085","text":"Default Transition","type":"TA","timestamp":"2023-11-09 12:51:20"},{"nodeID":"1297086","text":"Default Rephrase","type":"MA","timestamp":"2023-11-09 12:51:20"},{"nodeID":"1297087","text":"Restating","type":"YA","timestamp":"2023-11-09 12:51:20"},{"nodeID":"1297088","text":"we need to do the right thing and don't rely on other countries to take up the slack","type":"I","timestamp":"2023-11-09 12:51:21"},{"nodeID":"1297089","text":"Kirsten Oswald: We need to do the right thing and don't rely on other countries to take up the slack","type":"L","timestamp":"2023-11-09 12:51:21"},{"nodeID":"1297090","text":"Analysing","type":"YA","timestamp":"2023-11-09 12:51:21"},{"nodeID":"1297091","text":"Clara: Kirsten Oswald: We need to do the right thing and don't rely on other countries to take up the slack","type":"L","timestamp":"2023-11-09 12:51:21"},{"nodeID":"1297092","text":"Asserting","type":"YA","timestamp":"2023-11-09 12:51:21"},{"nodeID":"1297093","text":"Default Transition","type":"TA","timestamp":"2023-11-09 12:51:21"},{"nodeID":"1297094","text":"Default Inference","type":"RA","timestamp":"2023-11-09 12:51:21"},{"nodeID":"1297095","text":"Arguing","type":"YA","timestamp":"2023-11-09 12:51:21"},{"nodeID":"1297096","text":"it is important that we step up here and we take our place doing the right thing and supporting the people that are fleeing","type":"I","timestamp":"2023-11-09 12:51:21"},{"nodeID":"1297097","text":"Kirsten Oswald: It is important that we step up here and we take our place doing the right thing and supporting the people that are fleeing","type":"L","timestamp":"2023-11-09 12:51:21"},{"nodeID":"1297098","text":"Analysing","type":"YA","timestamp":"2023-11-09 12:51:21"},{"nodeID":"1297099","text":"Clara: Kirsten Oswald: It is important that we step up here and we take our place doing the right thing and supporting the people that are fleeing","type":"L","timestamp":"2023-11-09 12:51:21"},{"nodeID":"1297100","text":"Asserting","type":"YA","timestamp":"2023-11-09 12:51:21"},{"nodeID":"1297101","text":"Default Rephrase","type":"MA","timestamp":"2023-11-09 12:51:21"},{"nodeID":"1297102","text":"Default Transition","type":"TA","timestamp":"2023-11-09 12:51:21"},{"nodeID":"1297103","text":"Restating","type":"YA","timestamp":"2023-11-09 12:51:21"},{"nodeID":"1297104","text":"we cannot possibly leave it to other countries to support the people that are fleeing","type":"I","timestamp":"2023-11-09 12:51:22"},{"nodeID":"1297105","text":"Kirsten Oswald: We cannot possibly leave it to other countries to do","type":"L","timestamp":"2023-11-09 12:51:22"},{"nodeID":"1297106","text":"Analysing","type":"YA","timestamp":"2023-11-09 12:51:22"},{"nodeID":"1297107","text":"Clara: Kirsten Oswald: We cannot possibly leave it to other countries to do","type":"L","timestamp":"2023-11-09 12:51:22"},{"nodeID":"1297108","text":"Asserting","type":"YA","timestamp":"2023-11-09 12:51:22"},{"nodeID":"1297109","text":"Default Transition","type":"TA","timestamp":"2023-11-09 12:51:22"},{"nodeID":"1297110","text":"Default Inference","type":"RA","timestamp":"2023-11-09 12:51:22"},{"nodeID":"1297111","text":"Arguing","type":"YA","timestamp":"2023-11-09 12:51:22"},{"nodeID":"1297112","text":"most people who are fleeing will want to stay close and as close as possible","type":"I","timestamp":"2023-11-09 12:51:23"},{"nodeID":"1297113","text":"Peter Kyle: Most people who are fleeing will want to stay close and as close as possible","type":"L","timestamp":"2023-11-09 12:51:23"},{"nodeID":"1297114","text":"Analysing","type":"YA","timestamp":"2023-11-09 12:51:23"},{"nodeID":"1297115","text":"Clara: Peter Kyle: Most people who are fleeing will want to stay close and as close as possible","type":"L","timestamp":"2023-11-09 12:51:23"},{"nodeID":"1297116","text":"Asserting","type":"YA","timestamp":"2023-11-09 12:51:23"},{"nodeID":"1297117","text":"Default Transition","type":"TA","timestamp":"2023-11-09 12:51:23"},{"nodeID":"1297118","text":"Peter Kyle was working in a refugee camp","type":"I","timestamp":"2023-11-09 12:51:23"},{"nodeID":"1297119","text":"Peter Kyle: I was working in a refugee camp","type":"L","timestamp":"2023-11-09 12:51:23"},{"nodeID":"1297120","text":"Analysing","type":"YA","timestamp":"2023-11-09 12:51:23"},{"nodeID":"1297121","text":"Clara: Peter Kyle: I was working in a refugee camp","type":"L","timestamp":"2023-11-09 12:51:23"},{"nodeID":"1297122","text":"Asserting","type":"YA","timestamp":"2023-11-09 12:51:23"},{"nodeID":"1297123","text":"what everybody wanted at a refugee camp was a TV","type":"I","timestamp":"2023-11-09 12:51:24"},{"nodeID":"1297124","text":"Peter Kyle: what everybody wanted was a TV","type":"L","timestamp":"2023-11-09 12:51:24"},{"nodeID":"1297125","text":"Analysing","type":"YA","timestamp":"2023-11-09 12:51:24"},{"nodeID":"1297126","text":"Clara: Peter Kyle: what everybody wanted was a TV","type":"L","timestamp":"2023-11-09 12:51:24"},{"nodeID":"1297127","text":"Asserting","type":"YA","timestamp":"2023-11-09 12:51:24"},{"nodeID":"1297128","text":"Default Transition","type":"TA","timestamp":"2023-11-09 12:51:24"},{"nodeID":"1297129","text":"Default Rephrase","type":"MA","timestamp":"2023-11-09 12:51:24"},{"nodeID":"1297130","text":"Restating","type":"YA","timestamp":"2023-11-09 12:51:24"},{"nodeID":"1297131","text":"Peter Kyle bought a TV for a refugee camp","type":"I","timestamp":"2023-11-09 12:51:24"},{"nodeID":"1297132","text":"Peter Kyle:  I bought a TV","type":"L","timestamp":"2023-11-09 12:51:24"},{"nodeID":"1297133","text":"Analysing","type":"YA","timestamp":"2023-11-09 12:51:24"},{"nodeID":"1297134","text":"Clara: Peter Kyle:  I bought a TV","type":"L","timestamp":"2023-11-09 12:51:24"},{"nodeID":"1297135","text":"Asserting","type":"YA","timestamp":"2023-11-09 12:51:24"},{"nodeID":"1297136","text":"Default Transition","type":"TA","timestamp":"2023-11-09 12:51:24"},{"nodeID":"1297137","text":"Default Inference","type":"RA","timestamp":"2023-11-09 12:51:24"},{"nodeID":"1297138","text":"Arguing","type":"YA","timestamp":"2023-11-09 12:51:24"},{"nodeID":"1297139","text":"people at a refugee camp wanted a TV","type":"I","timestamp":"2023-11-09 12:51:25"},{"nodeID":"1297140","text":"Peter Kyle: They wanted a TV","type":"L","timestamp":"2023-11-09 12:51:25"},{"nodeID":"1297141","text":"Analysing","type":"YA","timestamp":"2023-11-09 12:51:25"},{"nodeID":"1297142","text":"Clara: Peter Kyle: They wanted a TV","type":"L","timestamp":"2023-11-09 12:51:25"},{"nodeID":"1297143","text":"Asserting","type":"YA","timestamp":"2023-11-09 12:51:25"},{"nodeID":"1297144","text":"Default Transition","type":"TA","timestamp":"2023-11-09 12:51:25"},{"nodeID":"1297145","text":"Default Rephrase","type":"MA","timestamp":"2023-11-09 12:51:25"},{"nodeID":"1297146","text":"Restating","type":"YA","timestamp":"2023-11-09 12:51:25"},{"nodeID":"1297147","text":"imagine fleeing your home and leaving everything behind including the people you love most in the world, and you're in a massive great encampment of people and you have no access to information","type":"I","timestamp":"2023-11-09 12:51:26"},{"nodeID":"1297148","text":"Peter Kyle: Imagine fleeing your home and leaving everything behind including the people you love most in the world, and you're in a massive great encampment of people and you have no access to information","type":"L","timestamp":"2023-11-09 12:51:26"},{"nodeID":"1297149","text":"Analysing","type":"YA","timestamp":"2023-11-09 12:51:26"},{"nodeID":"1297150","text":"Clara: Peter Kyle: Imagine fleeing your home and leaving everything behind including the people you love most in the world, and you're in a massive great encampment of people and you have no access to information","type":"L","timestamp":"2023-11-09 12:51:26"},{"nodeID":"1297151","text":"Asserting","type":"YA","timestamp":"2023-11-09 12:51:26"},{"nodeID":"1297152","text":"Default Transition","type":"TA","timestamp":"2023-11-09 12:51:26"},{"nodeID":"1297153","text":"imagine you have no wi-fi and you have no electricity for your phone","type":"I","timestamp":"2023-11-09 12:51:26"},{"nodeID":"1297154","text":"Peter Kyle: You have no wi-fi and you have no electricity for your phone","type":"L","timestamp":"2023-11-09 12:51:26"},{"nodeID":"1297155","text":"Analysing","type":"YA","timestamp":"2023-11-09 12:51:26"},{"nodeID":"1297156","text":"Clara: Peter Kyle: You have no wi-fi and you have no electricity for your phone","type":"L","timestamp":"2023-11-09 12:51:26"},{"nodeID":"1297157","text":"Asserting","type":"YA","timestamp":"2023-11-09 12:51:26"},{"nodeID":"1297158","text":"imagine you need news and information","type":"I","timestamp":"2023-11-09 12:51:27"},{"nodeID":"1297159","text":"Peter Kyle: You need news and information","type":"L","timestamp":"2023-11-09 12:51:27"},{"nodeID":"1297160","text":"Analysing","type":"YA","timestamp":"2023-11-09 12:51:27"},{"nodeID":"1297161","text":"Clara: Peter Kyle: You need news and information","type":"L","timestamp":"2023-11-09 12:51:27"},{"nodeID":"1297162","text":"Asserting","type":"YA","timestamp":"2023-11-09 12:51:27"},{"nodeID":"1297163","text":"people want news and information","type":"I","timestamp":"2023-11-09 12:51:27"},{"nodeID":"1297164","text":"Peter Kyle:  That's what people want","type":"L","timestamp":"2023-11-09 12:51:27"},{"nodeID":"1297165","text":"Analysing","type":"YA","timestamp":"2023-11-09 12:51:27"},{"nodeID":"1297166","text":"Clara: Peter Kyle:  That's what people want","type":"L","timestamp":"2023-11-09 12:51:27"},{"nodeID":"1297167","text":"Asserting","type":"YA","timestamp":"2023-11-09 12:51:27"},{"nodeID":"1297168","text":"Default Transition","type":"TA","timestamp":"2023-11-09 12:51:27"},{"nodeID":"1297169","text":"Default Transition","type":"TA","timestamp":"2023-11-09 12:51:27"},{"nodeID":"1297170","text":"Default Transition","type":"TA","timestamp":"2023-11-09 12:51:27"},{"nodeID":"1297171","text":"Default Inference","type":"RA","timestamp":"2023-11-09 12:51:27"},{"nodeID":"1297172","text":"Arguing","type":"YA","timestamp":"2023-11-09 12:51:27"},{"nodeID":"1297173","text":"Default Transition","type":"TA","timestamp":"2023-11-09 12:51:27"},{"nodeID":"1297174","text":"Default Inference","type":"RA","timestamp":"2023-11-09 12:51:27"},{"nodeID":"1297175","text":"Arguing","type":"YA","timestamp":"2023-11-09 12:51:27"},{"nodeID":"1297176","text":"Default Transition","type":"TA","timestamp":"2023-11-09 12:51:27"},{"nodeID":"1297177","text":"Default Inference","type":"RA","timestamp":"2023-11-09 12:51:27"},{"nodeID":"1297178","text":"Arguing","type":"YA","timestamp":"2023-11-09 12:51:27"},{"nodeID":"1297179","text":"people might want homes","type":"I","timestamp":"2023-11-09 12:51:28"},{"nodeID":"1297180","text":"Kirsten Oswald: They might want homes","type":"L","timestamp":"2023-11-09 12:51:28"},{"nodeID":"1297181","text":"Analysing","type":"YA","timestamp":"2023-11-09 12:51:28"},{"nodeID":"1297182","text":"Clara: Kirsten Oswald: They might want homes","type":"L","timestamp":"2023-11-09 12:51:28"},{"nodeID":"1297183","text":"Asserting","type":"YA","timestamp":"2023-11-09 12:51:28"},{"nodeID":"1297184","text":"Default Transition","type":"TA","timestamp":"2023-11-09 12:51:28"},{"nodeID":"1297185","text":"Default Rephrase","type":"MA","timestamp":"2023-11-09 12:51:28"},{"nodeID":"1297186","text":"Restating","type":"YA","timestamp":"2023-11-09 12:51:28"},{"nodeID":"1297187","text":"we could be less generous than other countries in Europe","type":"I","timestamp":"2023-11-09 12:51:29"},{"nodeID":"1297188","text":"Bridget Kendall: we were less generous than other countries in Europe","type":"L","timestamp":"2023-11-09 12:51:29"},{"nodeID":"1297189","text":"Analysing","type":"YA","timestamp":"2023-11-09 12:51:29"},{"nodeID":"1297190","text":"Clara: Bridget Kendall: we were less generous than other countries in Europe","type":"L","timestamp":"2023-11-09 12:51:29"},{"nodeID":"1297191","text":"Asserting","type":"YA","timestamp":"2023-11-09 12:51:29"},{"nodeID":"1297192","text":"Default Transition","type":"TA","timestamp":"2023-11-09 12:51:29"},{"nodeID":"1297193","text":"Bridget Kendall would feel ashamed about being less generous than other countries in Europe","type":"I","timestamp":"2023-11-09 12:51:29"},{"nodeID":"1297194","text":"Bridget Kendall: I would feel ashamed about that","type":"L","timestamp":"2023-11-09 12:51:29"},{"nodeID":"1297195","text":"Analysing","type":"YA","timestamp":"2023-11-09 12:51:29"},{"nodeID":"1297196","text":"Clara: Bridget Kendall: I would feel ashamed about that","type":"L","timestamp":"2023-11-09 12:51:29"},{"nodeID":"1297197","text":"Asserting","type":"YA","timestamp":"2023-11-09 12:51:29"},{"nodeID":"1297198","text":"Default Transition","type":"TA","timestamp":"2023-11-09 12:51:29"},{"nodeID":"1297199","text":"Default Inference","type":"RA","timestamp":"2023-11-09 12:51:29"},{"nodeID":"1297200","text":"Arguing","type":"YA","timestamp":"2023-11-09 12:51:29"},{"nodeID":"1297201","text":"we should do as well as other countries in Europe","type":"I","timestamp":"2023-11-09 12:51:30"},{"nodeID":"1297202","text":"Bridget Kendall: We should do as well as they do","type":"L","timestamp":"2023-11-09 12:51:30"},{"nodeID":"1297203","text":"Analysing","type":"YA","timestamp":"2023-11-09 12:51:30"},{"nodeID":"1297204","text":"Clara: Bridget Kendall: We should do as well as they do","type":"L","timestamp":"2023-11-09 12:51:30"},{"nodeID":"1297205","text":"Asserting","type":"YA","timestamp":"2023-11-09 12:51:30"},{"nodeID":"1297206","text":"Default Transition","type":"TA","timestamp":"2023-11-09 12:51:30"},{"nodeID":"1297207","text":"Default Inference","type":"RA","timestamp":"2023-11-09 12:51:30"},{"nodeID":"1297208","text":"Arguing","type":"YA","timestamp":"2023-11-09 12:51:30"},{"nodeID":"1297209","text":"Default Transition","type":"TA","timestamp":"2023-11-09 12:51:30"},{"nodeID":"1297210","text":"Default Inference","type":"RA","timestamp":"2023-11-09 12:51:30"},{"nodeID":"1297211","text":"Arguing","type":"YA","timestamp":"2023-11-09 12:51:30"}],"edges":[{"edgeID":"1704901","fromID":"1297062","toID":"1297061","formEdgeID":null},{"edgeID":"1704902","fromID":"1297063","toID":"1297062","formEdgeID":null},{"edgeID":"1704903","fromID":"1297061","toID":"1297064","formEdgeID":null},{"edgeID":"1704904","fromID":"1297064","toID":"1297060","formEdgeID":null},{"edgeID":"1704905","fromID":"1297067","toID":"1297066","formEdgeID":null},{"edgeID":"1704906","fromID":"1297068","toID":"1297067","formEdgeID":null},{"edgeID":"1704907","fromID":"1297066","toID":"1297069","formEdgeID":null},{"edgeID":"1704908","fromID":"1297069","toID":"1297065","formEdgeID":null},{"edgeID":"1704909","fromID":"1297061","toID":"1297070","formEdgeID":null},{"edgeID":"1704910","fromID":"1297070","toID":"1297066","formEdgeID":null},{"edgeID":"1704911","fromID":"1297073","toID":"1297072","formEdgeID":null},{"edgeID":"1704912","fromID":"1297074","toID":"1297073","formEdgeID":null},{"edgeID":"1704913","fromID":"1297072","toID":"1297075","formEdgeID":null},{"edgeID":"1704914","fromID":"1297075","toID":"1297071","formEdgeID":null},{"edgeID":"1704915","fromID":"1297061","toID":"1297076","formEdgeID":null},{"edgeID":"1704916","fromID":"1297076","toID":"1297072","formEdgeID":null},{"edgeID":"1704917","fromID":"1297066","toID":"1297077","formEdgeID":null},{"edgeID":"1704918","fromID":"1297077","toID":"1297072","formEdgeID":null},{"edgeID":"1704919","fromID":"1297071","toID":"1297078","formEdgeID":null},{"edgeID":"1704920","fromID":"1297078","toID":"1297060","formEdgeID":null},{"edgeID":"1704921","fromID":"1297076","toID":"1297079","formEdgeID":null},{"edgeID":"1704922","fromID":"1297079","toID":"1297078","formEdgeID":null},{"edgeID":"1704923","fromID":"1297082","toID":"1297081","formEdgeID":null},{"edgeID":"1704924","fromID":"1297083","toID":"1297082","formEdgeID":null},{"edgeID":"1704925","fromID":"1297081","toID":"1297084","formEdgeID":null},{"edgeID":"1704926","fromID":"1297084","toID":"1297080","formEdgeID":null},{"edgeID":"1704927","fromID":"1297072","toID":"1297085","formEdgeID":null},{"edgeID":"1704928","fromID":"1297085","toID":"1297081","formEdgeID":null},{"edgeID":"1704929","fromID":"1297080","toID":"1297086","formEdgeID":null},{"edgeID":"1704930","fromID":"1297086","toID":"1297071","formEdgeID":null},{"edgeID":"1704931","fromID":"1297085","toID":"1297087","formEdgeID":null},{"edgeID":"1704932","fromID":"1297087","toID":"1297086","formEdgeID":null},{"edgeID":"1704933","fromID":"1297090","toID":"1297089","formEdgeID":null},{"edgeID":"1704934","fromID":"1297091","toID":"1297090","formEdgeID":null},{"edgeID":"1704935","fromID":"1297089","toID":"1297092","formEdgeID":null},{"edgeID":"1704936","fromID":"1297092","toID":"1297088","formEdgeID":null},{"edgeID":"1704937","fromID":"1297072","toID":"1297093","formEdgeID":null},{"edgeID":"1704938","fromID":"1297093","toID":"1297089","formEdgeID":null},{"edgeID":"1704939","fromID":"1297088","toID":"1297094","formEdgeID":null},{"edgeID":"1704940","fromID":"1297094","toID":"1297071","formEdgeID":null},{"edgeID":"1704941","fromID":"1297065","toID":"1297094","formEdgeID":null},{"edgeID":"1704942","fromID":"1297093","toID":"1297095","formEdgeID":null},{"edgeID":"1704943","fromID":"1297095","toID":"1297094","formEdgeID":null},{"edgeID":"1704944","fromID":"1297098","toID":"1297097","formEdgeID":null},{"edgeID":"1704945","fromID":"1297099","toID":"1297098","formEdgeID":null},{"edgeID":"1704946","fromID":"1297097","toID":"1297100","formEdgeID":null},{"edgeID":"1704947","fromID":"1297100","toID":"1297096","formEdgeID":null},{"edgeID":"1704948","fromID":"1297096","toID":"1297101","formEdgeID":null},{"edgeID":"1704949","fromID":"1297101","toID":"1297088","formEdgeID":null},{"edgeID":"1704950","fromID":"1297089","toID":"1297102","formEdgeID":null},{"edgeID":"1704951","fromID":"1297102","toID":"1297097","formEdgeID":null},{"edgeID":"1704952","fromID":"1297102","toID":"1297103","formEdgeID":null},{"edgeID":"1704953","fromID":"1297103","toID":"1297101","formEdgeID":null},{"edgeID":"1704954","fromID":"1297106","toID":"1297105","formEdgeID":null},{"edgeID":"1704955","fromID":"1297107","toID":"1297106","formEdgeID":null},{"edgeID":"1704956","fromID":"1297105","toID":"1297108","formEdgeID":null},{"edgeID":"1704957","fromID":"1297108","toID":"1297104","formEdgeID":null},{"edgeID":"1704958","fromID":"1297097","toID":"1297109","formEdgeID":null},{"edgeID":"1704959","fromID":"1297109","toID":"1297105","formEdgeID":null},{"edgeID":"1704960","fromID":"1297104","toID":"1297110","formEdgeID":null},{"edgeID":"1704961","fromID":"1297110","toID":"1297096","formEdgeID":null},{"edgeID":"1704962","fromID":"1297109","toID":"1297111","formEdgeID":null},{"edgeID":"1704963","fromID":"1297111","toID":"1297110","formEdgeID":null},{"edgeID":"1704964","fromID":"1297114","toID":"1297113","formEdgeID":null},{"edgeID":"1704965","fromID":"1297115","toID":"1297114","formEdgeID":null},{"edgeID":"1704966","fromID":"1297113","toID":"1297116","formEdgeID":null},{"edgeID":"1704967","fromID":"1297116","toID":"1297112","formEdgeID":null},{"edgeID":"1704968","fromID":"1297105","toID":"1297117","formEdgeID":null},{"edgeID":"1704969","fromID":"1297117","toID":"1297113","formEdgeID":null},{"edgeID":"1704970","fromID":"1297120","toID":"1297119","formEdgeID":null},{"edgeID":"1704971","fromID":"1297121","toID":"1297120","formEdgeID":null},{"edgeID":"1704972","fromID":"1297119","toID":"1297122","formEdgeID":null},{"edgeID":"1704973","fromID":"1297122","toID":"1297118","formEdgeID":null},{"edgeID":"1704974","fromID":"1297125","toID":"1297124","formEdgeID":null},{"edgeID":"1704975","fromID":"1297126","toID":"1297125","formEdgeID":null},{"edgeID":"1704976","fromID":"1297124","toID":"1297127","formEdgeID":null},{"edgeID":"1704977","fromID":"1297127","toID":"1297123","formEdgeID":null},{"edgeID":"1704978","fromID":"1297119","toID":"1297128","formEdgeID":null},{"edgeID":"1704979","fromID":"1297128","toID":"1297124","formEdgeID":null},{"edgeID":"1704980","fromID":"1297123","toID":"1297129","formEdgeID":null},{"edgeID":"1704981","fromID":"1297129","toID":"1297118","formEdgeID":null},{"edgeID":"1704982","fromID":"1297128","toID":"1297130","formEdgeID":null},{"edgeID":"1704983","fromID":"1297130","toID":"1297129","formEdgeID":null},{"edgeID":"1704984","fromID":"1297133","toID":"1297132","formEdgeID":null},{"edgeID":"1704985","fromID":"1297134","toID":"1297133","formEdgeID":null},{"edgeID":"1704986","fromID":"1297132","toID":"1297135","formEdgeID":null},{"edgeID":"1704987","fromID":"1297135","toID":"1297131","formEdgeID":null},{"edgeID":"1704988","fromID":"1297124","toID":"1297136","formEdgeID":null},{"edgeID":"1704989","fromID":"1297136","toID":"1297132","formEdgeID":null},{"edgeID":"1704990","fromID":"1297123","toID":"1297137","formEdgeID":null},{"edgeID":"1704991","fromID":"1297137","toID":"1297131","formEdgeID":null},{"edgeID":"1704992","fromID":"1297136","toID":"1297138","formEdgeID":null},{"edgeID":"1704993","fromID":"1297138","toID":"1297137","formEdgeID":null},{"edgeID":"1704994","fromID":"1297141","toID":"1297140","formEdgeID":null},{"edgeID":"1704995","fromID":"1297142","toID":"1297141","formEdgeID":null},{"edgeID":"1704996","fromID":"1297140","toID":"1297143","formEdgeID":null},{"edgeID":"1704997","fromID":"1297143","toID":"1297139","formEdgeID":null},{"edgeID":"1704998","fromID":"1297124","toID":"1297144","formEdgeID":null},{"edgeID":"1704999","fromID":"1297144","toID":"1297140","formEdgeID":null},{"edgeID":"1705000","fromID":"1297139","toID":"1297145","formEdgeID":null},{"edgeID":"1705001","fromID":"1297145","toID":"1297123","formEdgeID":null},{"edgeID":"1705002","fromID":"1297144","toID":"1297146","formEdgeID":null},{"edgeID":"1705003","fromID":"1297146","toID":"1297145","formEdgeID":null},{"edgeID":"1705004","fromID":"1297149","toID":"1297148","formEdgeID":null},{"edgeID":"1705005","fromID":"1297150","toID":"1297149","formEdgeID":null},{"edgeID":"1705006","fromID":"1297148","toID":"1297151","formEdgeID":null},{"edgeID":"1705007","fromID":"1297151","toID":"1297147","formEdgeID":null},{"edgeID":"1705008","fromID":"1297140","toID":"1297152","formEdgeID":null},{"edgeID":"1705009","fromID":"1297152","toID":"1297148","formEdgeID":null},{"edgeID":"1705010","fromID":"1297155","toID":"1297154","formEdgeID":null},{"edgeID":"1705011","fromID":"1297156","toID":"1297155","formEdgeID":null},{"edgeID":"1705012","fromID":"1297154","toID":"1297157","formEdgeID":null},{"edgeID":"1705013","fromID":"1297157","toID":"1297153","formEdgeID":null},{"edgeID":"1705014","fromID":"1297160","toID":"1297159","formEdgeID":null},{"edgeID":"1705015","fromID":"1297161","toID":"1297160","formEdgeID":null},{"edgeID":"1705016","fromID":"1297159","toID":"1297162","formEdgeID":null},{"edgeID":"1705017","fromID":"1297162","toID":"1297158","formEdgeID":null},{"edgeID":"1705018","fromID":"1297165","toID":"1297164","formEdgeID":null},{"edgeID":"1705019","fromID":"1297166","toID":"1297165","formEdgeID":null},{"edgeID":"1705020","fromID":"1297164","toID":"1297167","formEdgeID":null},{"edgeID":"1705021","fromID":"1297167","toID":"1297163","formEdgeID":null},{"edgeID":"1705022","fromID":"1297159","toID":"1297168","formEdgeID":null},{"edgeID":"1705023","fromID":"1297168","toID":"1297164","formEdgeID":null},{"edgeID":"1705024","fromID":"1297154","toID":"1297169","formEdgeID":null},{"edgeID":"1705025","fromID":"1297169","toID":"1297164","formEdgeID":null},{"edgeID":"1705026","fromID":"1297148","toID":"1297170","formEdgeID":null},{"edgeID":"1705027","fromID":"1297170","toID":"1297164","formEdgeID":null},{"edgeID":"1705028","fromID":"1297147","toID":"1297171","formEdgeID":null},{"edgeID":"1705029","fromID":"1297171","toID":"1297163","formEdgeID":null},{"edgeID":"1705030","fromID":"1297153","toID":"1297171","formEdgeID":null},{"edgeID":"1705031","fromID":"1297168","toID":"1297172","formEdgeID":null},{"edgeID":"1705032","fromID":"1297172","toID":"1297171","formEdgeID":null},{"edgeID":"1705033","fromID":"1297140","toID":"1297173","formEdgeID":null},{"edgeID":"1705034","fromID":"1297173","toID":"1297164","formEdgeID":null},{"edgeID":"1705035","fromID":"1297163","toID":"1297174","formEdgeID":null},{"edgeID":"1705036","fromID":"1297174","toID":"1297139","formEdgeID":null},{"edgeID":"1705037","fromID":"1297173","toID":"1297175","formEdgeID":null},{"edgeID":"1705038","fromID":"1297175","toID":"1297174","formEdgeID":null},{"edgeID":"1705039","fromID":"1297113","toID":"1297176","formEdgeID":null},{"edgeID":"1705040","fromID":"1297176","toID":"1297164","formEdgeID":null},{"edgeID":"1705041","fromID":"1297163","toID":"1297177","formEdgeID":null},{"edgeID":"1705042","fromID":"1297177","toID":"1297112","formEdgeID":null},{"edgeID":"1705043","fromID":"1297176","toID":"1297178","formEdgeID":null},{"edgeID":"1705044","fromID":"1297178","toID":"1297177","formEdgeID":null},{"edgeID":"1705045","fromID":"1297181","toID":"1297180","formEdgeID":null},{"edgeID":"1705046","fromID":"1297182","toID":"1297181","formEdgeID":null},{"edgeID":"1705047","fromID":"1297180","toID":"1297183","formEdgeID":null},{"edgeID":"1705048","fromID":"1297183","toID":"1297179","formEdgeID":null},{"edgeID":"1705049","fromID":"1297164","toID":"1297184","formEdgeID":null},{"edgeID":"1705050","fromID":"1297184","toID":"1297180","formEdgeID":null},{"edgeID":"1705051","fromID":"1297179","toID":"1297185","formEdgeID":null},{"edgeID":"1705052","fromID":"1297185","toID":"1297163","formEdgeID":null},{"edgeID":"1705053","fromID":"1297184","toID":"1297186","formEdgeID":null},{"edgeID":"1705054","fromID":"1297186","toID":"1297185","formEdgeID":null},{"edgeID":"1705055","fromID":"1297189","toID":"1297188","formEdgeID":null},{"edgeID":"1705056","fromID":"1297190","toID":"1297189","formEdgeID":null},{"edgeID":"1705057","fromID":"1297188","toID":"1297191","formEdgeID":null},{"edgeID":"1705058","fromID":"1297191","toID":"1297187","formEdgeID":null},{"edgeID":"1705059","fromID":"1297180","toID":"1297192","formEdgeID":null},{"edgeID":"1705060","fromID":"1297192","toID":"1297188","formEdgeID":null},{"edgeID":"1705061","fromID":"1297195","toID":"1297194","formEdgeID":null},{"edgeID":"1705062","fromID":"1297196","toID":"1297195","formEdgeID":null},{"edgeID":"1705063","fromID":"1297194","toID":"1297197","formEdgeID":null},{"edgeID":"1705064","fromID":"1297197","toID":"1297193","formEdgeID":null},{"edgeID":"1705065","fromID":"1297188","toID":"1297198","formEdgeID":null},{"edgeID":"1705066","fromID":"1297198","toID":"1297194","formEdgeID":null},{"edgeID":"1705067","fromID":"1297187","toID":"1297199","formEdgeID":null},{"edgeID":"1705068","fromID":"1297199","toID":"1297193","formEdgeID":null},{"edgeID":"1705069","fromID":"1297198","toID":"1297200","formEdgeID":null},{"edgeID":"1705070","fromID":"1297200","toID":"1297199","formEdgeID":null},{"edgeID":"1705071","fromID":"1297203","toID":"1297202","formEdgeID":null},{"edgeID":"1705072","fromID":"1297204","toID":"1297203","formEdgeID":null},{"edgeID":"1705073","fromID":"1297202","toID":"1297205","formEdgeID":null},{"edgeID":"1705074","fromID":"1297205","toID":"1297201","formEdgeID":null},{"edgeID":"1705075","fromID":"1297194","toID":"1297206","formEdgeID":null},{"edgeID":"1705076","fromID":"1297206","toID":"1297202","formEdgeID":null},{"edgeID":"1705077","fromID":"1297193","toID":"1297207","formEdgeID":null},{"edgeID":"1705078","fromID":"1297207","toID":"1297201","formEdgeID":null},{"edgeID":"1705079","fromID":"1297206","toID":"1297208","formEdgeID":null},{"edgeID":"1705080","fromID":"1297208","toID":"1297207","formEdgeID":null},{"edgeID":"1705081","fromID":"1297105","toID":"1297209","formEdgeID":null},{"edgeID":"1705082","fromID":"1297209","toID":"1297202","formEdgeID":null},{"edgeID":"1705083","fromID":"1297201","toID":"1297210","formEdgeID":null},{"edgeID":"1705084","fromID":"1297210","toID":"1297104","formEdgeID":null},{"edgeID":"1705085","fromID":"1297209","toID":"1297211","formEdgeID":null},{"edgeID":"1705086","fromID":"1297211","toID":"1297210","formEdgeID":null}],"locutions":[]}