{"nodes":[{"nodeID":"1296723","text":"Vladimir Putin had nuclear weapons","type":"I","timestamp":"2023-11-09 12:50:52"},{"nodeID":"1296724","text":"Fiona Bruce: he had nuclear weapons","type":"L","timestamp":"2023-11-09 12:50:52"},{"nodeID":"1296725","text":"Analysing","type":"YA","timestamp":"2023-11-09 12:50:52"},{"nodeID":"1296726","text":"Joanne: Fiona Bruce: he had nuclear weapons","type":"L","timestamp":"2023-11-09 12:50:52"},{"nodeID":"1296727","text":"Asserting","type":"YA","timestamp":"2023-11-09 12:50:52"},{"nodeID":"1296728","text":"an independent Scotland wouldn't have nuclear weapons","type":"I","timestamp":"2023-11-09 12:50:52"},{"nodeID":"1296729","text":"Kirsten Oswald: An independent Scotland wouldn't have","type":"L","timestamp":"2023-11-09 12:50:52"},{"nodeID":"1296730","text":"Analysing","type":"YA","timestamp":"2023-11-09 12:50:52"},{"nodeID":"1296731","text":"Joanne: Kirsten Oswald: An independent Scotland wouldn't have","type":"L","timestamp":"2023-11-09 12:50:52"},{"nodeID":"1296732","text":"Asserting","type":"YA","timestamp":"2023-11-09 12:50:52"},{"nodeID":"1296733","text":"Default Transition","type":"TA","timestamp":"2023-11-09 12:50:52"},{"nodeID":"1296734","text":"Kirsten Oswald would or would not feel safer without nuclear weapons","type":"I","timestamp":"2023-11-09 12:50:53"},{"nodeID":"1296735","text":"Fiona Bruce: Would you feel safer","type":"L","timestamp":"2023-11-09 12:50:53"},{"nodeID":"1296736","text":"Analysing","type":"YA","timestamp":"2023-11-09 12:50:53"},{"nodeID":"1296737","text":"Joanne: Fiona Bruce: Would you feel safer","type":"L","timestamp":"2023-11-09 12:50:53"},{"nodeID":"1296738","text":"Pure Questioning","type":"YA","timestamp":"2023-11-09 12:50:53"},{"nodeID":"1296739","text":"Default Transition","type":"TA","timestamp":"2023-11-09 12:50:53"},{"nodeID":"1296740","text":"Vladimir Putin's saying them now and we have the nuclear weapons in the UK","type":"I","timestamp":"2023-11-09 12:50:53"},{"nodeID":"1296741","text":"Kirsten Oswald: He's saying them now and we have the nuclear weapons in the UK","type":"L","timestamp":"2023-11-09 12:50:53"},{"nodeID":"1296742","text":"Analysing","type":"YA","timestamp":"2023-11-09 12:50:53"},{"nodeID":"1296743","text":"Joanne: Kirsten Oswald: He's saying them now and we have the nuclear weapons in the UK","type":"L","timestamp":"2023-11-09 12:50:53"},{"nodeID":"1296744","text":"Asserting","type":"YA","timestamp":"2023-11-09 12:50:53"},{"nodeID":"1296745","text":"Default Transition","type":"TA","timestamp":"2023-11-09 12:50:53"},{"nodeID":"1296746","text":"whether people would feel safer without nuclear weapons is a really serious point actually","type":"I","timestamp":"2023-11-09 12:50:54"},{"nodeID":"1296747","text":"Kirsten Oswald: It is a really serious point actually","type":"L","timestamp":"2023-11-09 12:50:54"},{"nodeID":"1296748","text":"Analysing","type":"YA","timestamp":"2023-11-09 12:50:54"},{"nodeID":"1296749","text":"Joanne: Kirsten Oswald: It is a really serious point actually","type":"L","timestamp":"2023-11-09 12:50:54"},{"nodeID":"1296750","text":"Asserting","type":"YA","timestamp":"2023-11-09 12:50:54"},{"nodeID":"1296751","text":"Default Transition","type":"TA","timestamp":"2023-11-09 12:50:54"},{"nodeID":"1296752","text":"people will have different views here on nuclear weapons","type":"I","timestamp":"2023-11-09 12:50:55"},{"nodeID":"1296753","text":"Kirsten Oswald: people will have different views here","type":"L","timestamp":"2023-11-09 12:50:55"},{"nodeID":"1296754","text":"Analysing","type":"YA","timestamp":"2023-11-09 12:50:55"},{"nodeID":"1296755","text":"Joanne: Kirsten Oswald: people will have different views here","type":"L","timestamp":"2023-11-09 12:50:55"},{"nodeID":"1296756","text":"Asserting","type":"YA","timestamp":"2023-11-09 12:50:55"},{"nodeID":"1296757","text":"Default Transition","type":"TA","timestamp":"2023-11-09 12:50:55"},{"nodeID":"1296758","text":"whether people feel safer without nuclear weapons is a valid question to ask","type":"I","timestamp":"2023-11-09 12:50:55"},{"nodeID":"1296759","text":"Kirsten Oswald: it is a valid question to ask","type":"L","timestamp":"2023-11-09 12:50:55"},{"nodeID":"1296760","text":"Analysing","type":"YA","timestamp":"2023-11-09 12:50:55"},{"nodeID":"1296761","text":"Joanne: Kirsten Oswald: it is a valid question to ask","type":"L","timestamp":"2023-11-09 12:50:55"},{"nodeID":"1296762","text":"Asserting","type":"YA","timestamp":"2023-11-09 12:50:55"},{"nodeID":"1296763","text":"Default Transition","type":"TA","timestamp":"2023-11-09 12:50:55"},{"nodeID":"1296764","text":"there are people around Vladimir Putin who would not, you know, be averse to stepping in","type":"I","timestamp":"2023-11-09 12:50:56"},{"nodeID":"1296765","text":"Kirsten Oswald: there are people around him who would not, you know, be averse to stepping in","type":"L","timestamp":"2023-11-09 12:50:56"},{"nodeID":"1296766","text":"Analysing","type":"YA","timestamp":"2023-11-09 12:50:56"},{"nodeID":"1296767","text":"Joanne: Kirsten Oswald: there are people around him who would not, you know, be averse to stepping in","type":"L","timestamp":"2023-11-09 12:50:56"},{"nodeID":"1296768","text":"Asserting","type":"YA","timestamp":"2023-11-09 12:50:56"},{"nodeID":"1296769","text":"Default Transition","type":"TA","timestamp":"2023-11-09 12:50:56"},{"nodeID":"1296770","text":"the prospect of any country having weapons of mass destruction is perhaps one that we should reflect on and think again about","type":"I","timestamp":"2023-11-09 12:50:56"},{"nodeID":"1296771","text":"Kirsten Oswald: the prospect of any country having weapons of mass destruction is perhaps one that we should reflect on and think again about","type":"L","timestamp":"2023-11-09 12:50:56"},{"nodeID":"1296772","text":"Analysing","type":"YA","timestamp":"2023-11-09 12:50:56"},{"nodeID":"1296773","text":"Joanne: Kirsten Oswald: the prospect of any country having weapons of mass destruction is perhaps one that we should reflect on and think again about","type":"L","timestamp":"2023-11-09 12:50:56"},{"nodeID":"1296774","text":"Asserting","type":"YA","timestamp":"2023-11-09 12:50:56"},{"nodeID":"1296775","text":"Default Transition","type":"TA","timestamp":"2023-11-09 12:50:56"},{"nodeID":"1296776","text":"certainly in Scotland there is a significant body of support for us not to have nuclear weapons","type":"I","timestamp":"2023-11-09 12:50:57"},{"nodeID":"1296777","text":"Kirsten Oswald: Certainly in Scotland there is a significant body of support for us not to have nuclear weapons","type":"L","timestamp":"2023-11-09 12:50:57"},{"nodeID":"1296778","text":"Analysing","type":"YA","timestamp":"2023-11-09 12:50:57"},{"nodeID":"1296779","text":"Joanne: Kirsten Oswald: Certainly in Scotland there is a significant body of support for us not to have nuclear weapons","type":"L","timestamp":"2023-11-09 12:50:57"},{"nodeID":"1296780","text":"Asserting","type":"YA","timestamp":"2023-11-09 12:50:57"},{"nodeID":"1296781","text":"Default Transition","type":"TA","timestamp":"2023-11-09 12:50:57"},{"nodeID":"1296782","text":"both within our Parliament in Scotland and in civic society there is a significant body of support for us not to have nuclear weapons","type":"I","timestamp":"2023-11-09 12:50:58"},{"nodeID":"1296783","text":"Kirsten Oswald: both within our Parliament in Scotland and in civic society","type":"L","timestamp":"2023-11-09 12:50:58"},{"nodeID":"1296784","text":"Analysing","type":"YA","timestamp":"2023-11-09 12:50:58"},{"nodeID":"1296785","text":"Joanne: Kirsten Oswald: both within our Parliament in Scotland and in civic society","type":"L","timestamp":"2023-11-09 12:50:58"},{"nodeID":"1296786","text":"Asserting","type":"YA","timestamp":"2023-11-09 12:50:58"},{"nodeID":"1296787","text":"Default Transition","type":"TA","timestamp":"2023-11-09 12:50:58"},{"nodeID":"1296788","text":"Default Rephrase","type":"MA","timestamp":"2023-11-09 12:50:58"},{"nodeID":"1296789","text":"Restating","type":"YA","timestamp":"2023-11-09 12:50:58"},{"nodeID":"1296790","text":"Kirsten Oswald can only see that feeling of support for us not to have nuclear weapons growing","type":"I","timestamp":"2023-11-09 12:50:58"},{"nodeID":"1296791","text":"Kirsten Oswald: I can only see that feeling growing","type":"L","timestamp":"2023-11-09 12:50:58"},{"nodeID":"1296792","text":"Analysing","type":"YA","timestamp":"2023-11-09 12:50:58"},{"nodeID":"1296793","text":"Joanne: Kirsten Oswald: I can only see that feeling growing","type":"L","timestamp":"2023-11-09 12:50:58"},{"nodeID":"1296794","text":"Asserting","type":"YA","timestamp":"2023-11-09 12:50:58"},{"nodeID":"1296795","text":"Default Transition","type":"TA","timestamp":"2023-11-09 12:50:58"},{"nodeID":"1296796","text":"Default Rephrase","type":"MA","timestamp":"2023-11-09 12:50:58"},{"nodeID":"1296797","text":"Default Transition","type":"TA","timestamp":"2023-11-09 12:50:58"},{"nodeID":"1296798","text":"Restating","type":"YA","timestamp":"2023-11-09 12:50:58"},{"nodeID":"1296799","text":"Default Rephrase","type":"MA","timestamp":"2023-11-09 12:50:58"},{"nodeID":"1296800","text":"Restating","type":"YA","timestamp":"2023-11-09 12:50:58"},{"nodeID":"1296801","text":"Default Inference","type":"RA","timestamp":"2023-11-09 12:50:58"},{"nodeID":"1296802","text":"Default Transition","type":"TA","timestamp":"2023-11-09 12:50:58"},{"nodeID":"1296803","text":"Arguing","type":"YA","timestamp":"2023-11-09 12:50:58"},{"nodeID":"1296804","text":"Default Inference","type":"RA","timestamp":"2023-11-09 12:50:58"},{"nodeID":"1296805","text":"Default Transition","type":"TA","timestamp":"2023-11-09 12:50:58"},{"nodeID":"1296806","text":"Arguing","type":"YA","timestamp":"2023-11-09 12:50:58"},{"nodeID":"1296807","text":"Default Inference","type":"RA","timestamp":"2023-11-09 12:50:58"},{"nodeID":"1296808","text":"Arguing","type":"YA","timestamp":"2023-11-09 12:50:58"},{"nodeID":"1296809","text":"Default Inference","type":"RA","timestamp":"2023-11-09 12:50:58"},{"nodeID":"1296810","text":"Arguing","type":"YA","timestamp":"2023-11-09 12:50:58"}],"edges":[{"edgeID":"1704497","fromID":"1296725","toID":"1296724","formEdgeID":null},{"edgeID":"1704498","fromID":"1296726","toID":"1296725","formEdgeID":null},{"edgeID":"1704499","fromID":"1296724","toID":"1296727","formEdgeID":null},{"edgeID":"1704500","fromID":"1296727","toID":"1296723","formEdgeID":null},{"edgeID":"1704501","fromID":"1296730","toID":"1296729","formEdgeID":null},{"edgeID":"1704502","fromID":"1296731","toID":"1296730","formEdgeID":null},{"edgeID":"1704503","fromID":"1296729","toID":"1296732","formEdgeID":null},{"edgeID":"1704504","fromID":"1296732","toID":"1296728","formEdgeID":null},{"edgeID":"1704505","fromID":"1296724","toID":"1296733","formEdgeID":null},{"edgeID":"1704506","fromID":"1296733","toID":"1296729","formEdgeID":null},{"edgeID":"1704507","fromID":"1296736","toID":"1296735","formEdgeID":null},{"edgeID":"1704508","fromID":"1296737","toID":"1296736","formEdgeID":null},{"edgeID":"1704509","fromID":"1296735","toID":"1296738","formEdgeID":null},{"edgeID":"1704510","fromID":"1296738","toID":"1296734","formEdgeID":null},{"edgeID":"1704511","fromID":"1296729","toID":"1296739","formEdgeID":null},{"edgeID":"1704512","fromID":"1296739","toID":"1296735","formEdgeID":null},{"edgeID":"1704513","fromID":"1296742","toID":"1296741","formEdgeID":null},{"edgeID":"1704514","fromID":"1296743","toID":"1296742","formEdgeID":null},{"edgeID":"1704515","fromID":"1296741","toID":"1296744","formEdgeID":null},{"edgeID":"1704516","fromID":"1296744","toID":"1296740","formEdgeID":null},{"edgeID":"1704517","fromID":"1296735","toID":"1296745","formEdgeID":null},{"edgeID":"1704518","fromID":"1296745","toID":"1296741","formEdgeID":null},{"edgeID":"1704519","fromID":"1296748","toID":"1296747","formEdgeID":null},{"edgeID":"1704520","fromID":"1296749","toID":"1296748","formEdgeID":null},{"edgeID":"1704521","fromID":"1296747","toID":"1296750","formEdgeID":null},{"edgeID":"1704522","fromID":"1296750","toID":"1296746","formEdgeID":null},{"edgeID":"1704523","fromID":"1296741","toID":"1296751","formEdgeID":null},{"edgeID":"1704524","fromID":"1296751","toID":"1296747","formEdgeID":null},{"edgeID":"1704525","fromID":"1296754","toID":"1296753","formEdgeID":null},{"edgeID":"1704526","fromID":"1296755","toID":"1296754","formEdgeID":null},{"edgeID":"1704527","fromID":"1296753","toID":"1296756","formEdgeID":null},{"edgeID":"1704528","fromID":"1296756","toID":"1296752","formEdgeID":null},{"edgeID":"1704529","fromID":"1296747","toID":"1296757","formEdgeID":null},{"edgeID":"1704530","fromID":"1296757","toID":"1296753","formEdgeID":null},{"edgeID":"1704531","fromID":"1296760","toID":"1296759","formEdgeID":null},{"edgeID":"1704532","fromID":"1296761","toID":"1296760","formEdgeID":null},{"edgeID":"1704533","fromID":"1296759","toID":"1296762","formEdgeID":null},{"edgeID":"1704534","fromID":"1296762","toID":"1296758","formEdgeID":null},{"edgeID":"1704535","fromID":"1296753","toID":"1296763","formEdgeID":null},{"edgeID":"1704536","fromID":"1296763","toID":"1296759","formEdgeID":null},{"edgeID":"1704537","fromID":"1296766","toID":"1296765","formEdgeID":null},{"edgeID":"1704538","fromID":"1296767","toID":"1296766","formEdgeID":null},{"edgeID":"1704539","fromID":"1296765","toID":"1296768","formEdgeID":null},{"edgeID":"1704540","fromID":"1296768","toID":"1296764","formEdgeID":null},{"edgeID":"1704541","fromID":"1296759","toID":"1296769","formEdgeID":null},{"edgeID":"1704542","fromID":"1296769","toID":"1296765","formEdgeID":null},{"edgeID":"1704543","fromID":"1296772","toID":"1296771","formEdgeID":null},{"edgeID":"1704544","fromID":"1296773","toID":"1296772","formEdgeID":null},{"edgeID":"1704545","fromID":"1296771","toID":"1296774","formEdgeID":null},{"edgeID":"1704546","fromID":"1296774","toID":"1296770","formEdgeID":null},{"edgeID":"1704547","fromID":"1296765","toID":"1296775","formEdgeID":null},{"edgeID":"1704548","fromID":"1296775","toID":"1296771","formEdgeID":null},{"edgeID":"1704549","fromID":"1296778","toID":"1296777","formEdgeID":null},{"edgeID":"1704550","fromID":"1296779","toID":"1296778","formEdgeID":null},{"edgeID":"1704551","fromID":"1296777","toID":"1296780","formEdgeID":null},{"edgeID":"1704552","fromID":"1296780","toID":"1296776","formEdgeID":null},{"edgeID":"1704553","fromID":"1296771","toID":"1296781","formEdgeID":null},{"edgeID":"1704554","fromID":"1296781","toID":"1296777","formEdgeID":null},{"edgeID":"1704555","fromID":"1296784","toID":"1296783","formEdgeID":null},{"edgeID":"1704556","fromID":"1296785","toID":"1296784","formEdgeID":null},{"edgeID":"1704557","fromID":"1296783","toID":"1296786","formEdgeID":null},{"edgeID":"1704558","fromID":"1296786","toID":"1296782","formEdgeID":null},{"edgeID":"1704559","fromID":"1296777","toID":"1296787","formEdgeID":null},{"edgeID":"1704560","fromID":"1296787","toID":"1296783","formEdgeID":null},{"edgeID":"1704561","fromID":"1296782","toID":"1296788","formEdgeID":null},{"edgeID":"1704562","fromID":"1296788","toID":"1296776","formEdgeID":null},{"edgeID":"1704563","fromID":"1296787","toID":"1296789","formEdgeID":null},{"edgeID":"1704564","fromID":"1296789","toID":"1296788","formEdgeID":null},{"edgeID":"1704565","fromID":"1296792","toID":"1296791","formEdgeID":null},{"edgeID":"1704566","fromID":"1296793","toID":"1296792","formEdgeID":null},{"edgeID":"1704567","fromID":"1296791","toID":"1296794","formEdgeID":null},{"edgeID":"1704568","fromID":"1296794","toID":"1296790","formEdgeID":null},{"edgeID":"1704569","fromID":"1296783","toID":"1296795","formEdgeID":null},{"edgeID":"1704570","fromID":"1296795","toID":"1296791","formEdgeID":null},{"edgeID":"1704571","fromID":"1296758","toID":"1296796","formEdgeID":null},{"edgeID":"1704572","fromID":"1296796","toID":"1296746","formEdgeID":null},{"edgeID":"1704573","fromID":"1296747","toID":"1296797","formEdgeID":null},{"edgeID":"1704574","fromID":"1296797","toID":"1296759","formEdgeID":null},{"edgeID":"1704575","fromID":"1296797","toID":"1296798","formEdgeID":null},{"edgeID":"1704576","fromID":"1296798","toID":"1296796","formEdgeID":null},{"edgeID":"1704577","fromID":"1296776","toID":"1296799","formEdgeID":null},{"edgeID":"1704578","fromID":"1296799","toID":"1296770","formEdgeID":null},{"edgeID":"1704579","fromID":"1296781","toID":"1296800","formEdgeID":null},{"edgeID":"1704580","fromID":"1296800","toID":"1296799","formEdgeID":null},{"edgeID":"1704581","fromID":"1296770","toID":"1296801","formEdgeID":null},{"edgeID":"1704582","fromID":"1296801","toID":"1296790","formEdgeID":null},{"edgeID":"1704583","fromID":"1296771","toID":"1296802","formEdgeID":null},{"edgeID":"1704584","fromID":"1296802","toID":"1296791","formEdgeID":null},{"edgeID":"1704585","fromID":"1296802","toID":"1296803","formEdgeID":null},{"edgeID":"1704586","fromID":"1296803","toID":"1296801","formEdgeID":null},{"edgeID":"1704587","fromID":"1296776","toID":"1296804","formEdgeID":null},{"edgeID":"1704588","fromID":"1296804","toID":"1296728","formEdgeID":null},{"edgeID":"1704589","fromID":"1296729","toID":"1296805","formEdgeID":null},{"edgeID":"1704590","fromID":"1296805","toID":"1296777","formEdgeID":null},{"edgeID":"1704591","fromID":"1296805","toID":"1296806","formEdgeID":null},{"edgeID":"1704592","fromID":"1296806","toID":"1296804","formEdgeID":null},{"edgeID":"1704593","fromID":"1296740","toID":"1296807","formEdgeID":null},{"edgeID":"1704594","fromID":"1296807","toID":"1296746","formEdgeID":null},{"edgeID":"1704595","fromID":"1296751","toID":"1296808","formEdgeID":null},{"edgeID":"1704596","fromID":"1296808","toID":"1296807","formEdgeID":null},{"edgeID":"1704597","fromID":"1296752","toID":"1296809","formEdgeID":null},{"edgeID":"1704598","fromID":"1296809","toID":"1296746","formEdgeID":null},{"edgeID":"1704599","fromID":"1296757","toID":"1296810","formEdgeID":null},{"edgeID":"1704600","fromID":"1296810","toID":"1296809","formEdgeID":null}],"locutions":[]}