{"nodes":[{"nodeID":"1296018","text":"closing the doors to people in need is not okay","type":"I","timestamp":"2023-11-09 12:49:55"},{"nodeID":"1296019","text":"Kirsten Oswald: That's not okay","type":"L","timestamp":"2023-11-09 12:49:55"},{"nodeID":"1296020","text":"Analysing","type":"YA","timestamp":"2023-11-09 12:49:55"},{"nodeID":"1296021","text":"Dominika: Kirsten Oswald: That's not okay","type":"L","timestamp":"2023-11-09 12:49:55"},{"nodeID":"1296022","text":"Asserting","type":"YA","timestamp":"2023-11-09 12:49:55"},{"nodeID":"1296023","text":"closing the doors to people in need is not the way a civilised country should aspire to deal with people who are fleeing war and terror","type":"I","timestamp":"2023-11-09 12:49:56"},{"nodeID":"1296024","text":"Kirsten Oswald: It is not the way a civilised country should aspire to deal with people who are fleeing war and terror","type":"L","timestamp":"2023-11-09 12:49:56"},{"nodeID":"1296025","text":"Analysing","type":"YA","timestamp":"2023-11-09 12:49:56"},{"nodeID":"1296026","text":"Dominika: Kirsten Oswald: It is not the way a civilised country should aspire to deal with people who are fleeing war and terror","type":"L","timestamp":"2023-11-09 12:49:56"},{"nodeID":"1296027","text":"Asserting","type":"YA","timestamp":"2023-11-09 12:49:56"},{"nodeID":"1296028","text":"there is a great deal that needs to be done as part of dealing with people who are fleeing war and terror","type":"I","timestamp":"2023-11-09 12:49:56"},{"nodeID":"1296029","text":"Kirsten Oswald:  there is a great deal that needs to be done as part of that","type":"L","timestamp":"2023-11-09 12:49:56"},{"nodeID":"1296030","text":"Analysing","type":"YA","timestamp":"2023-11-09 12:49:56"},{"nodeID":"1296031","text":"Dominika: Kirsten Oswald:  there is a great deal that needs to be done as part of that","type":"L","timestamp":"2023-11-09 12:49:56"},{"nodeID":"1296032","text":"Asserting","type":"YA","timestamp":"2023-11-09 12:49:56"},{"nodeID":"1296033","text":"in Scotland, we're ready to help people who are fleeing war and terror","type":"I","timestamp":"2023-11-09 12:49:57"},{"nodeID":"1296034","text":"Kirsten Oswald: in Scotland, we're ready to do that","type":"L","timestamp":"2023-11-09 12:49:57"},{"nodeID":"1296035","text":"Analysing","type":"YA","timestamp":"2023-11-09 12:49:57"},{"nodeID":"1296036","text":"Dominika: Kirsten Oswald: in Scotland, we're ready to do that","type":"L","timestamp":"2023-11-09 12:49:57"},{"nodeID":"1296037","text":"Asserting","type":"YA","timestamp":"2023-11-09 12:49:57"},{"nodeID":"1296038","text":"we're open to refugees and we welcome them coming","type":"I","timestamp":"2023-11-09 12:49:58"},{"nodeID":"1296039","text":"Kirsten Oswald: We're open to refugees and we welcome them coming","type":"L","timestamp":"2023-11-09 12:49:58"},{"nodeID":"1296040","text":"Analysing","type":"YA","timestamp":"2023-11-09 12:49:58"},{"nodeID":"1296041","text":"Dominika: Kirsten Oswald: We're open to refugees and we welcome them coming","type":"L","timestamp":"2023-11-09 12:49:58"},{"nodeID":"1296042","text":"Asserting","type":"YA","timestamp":"2023-11-09 12:49:58"},{"nodeID":"1296043","text":"you would or would not lift restrictions","type":"I","timestamp":"2023-11-09 12:49:58"},{"nodeID":"1296044","text":"Fiona Bruce: You wouldn't lift restrictions","type":"L","timestamp":"2023-11-09 12:49:58"},{"nodeID":"1296045","text":"Analysing","type":"YA","timestamp":"2023-11-09 12:49:58"},{"nodeID":"1296046","text":"Dominika: Fiona Bruce: You wouldn't lift restrictions","type":"L","timestamp":"2023-11-09 12:49:58"},{"nodeID":"1296047","text":"Pure Questioning","type":"YA","timestamp":"2023-11-09 12:49:58"},{"nodeID":"1296048","text":"Default Transition","type":"TA","timestamp":"2023-11-09 12:49:58"},{"nodeID":"1296049","text":"Default Transition","type":"TA","timestamp":"2023-11-09 12:49:58"},{"nodeID":"1296050","text":"Default Inference","type":"RA","timestamp":"2023-11-09 12:49:58"},{"nodeID":"1296051","text":"Arguing","type":"YA","timestamp":"2023-11-09 12:49:58"},{"nodeID":"1296052","text":"Default Transition","type":"TA","timestamp":"2023-11-09 12:49:58"},{"nodeID":"1296053","text":"Default Rephrase","type":"MA","timestamp":"2023-11-09 12:49:58"},{"nodeID":"1296054","text":"Default Transition","type":"TA","timestamp":"2023-11-09 12:49:58"},{"nodeID":"1296055","text":"Default Inference","type":"RA","timestamp":"2023-11-09 12:49:58"},{"nodeID":"1296056","text":"Restating","type":"YA","timestamp":"2023-11-09 12:49:58"},{"nodeID":"1296057","text":"Arguing","type":"YA","timestamp":"2023-11-09 12:49:58"},{"nodeID":"1296058","text":"Default Transition","type":"TA","timestamp":"2023-11-09 12:49:58"},{"nodeID":"1296059","text":"we would support people to come to Scotland","type":"I","timestamp":"2023-11-09 12:49:59"},{"nodeID":"1296060","text":"Kirsten Oswald: We would support people to come here","type":"L","timestamp":"2023-11-09 12:49:59"},{"nodeID":"1296061","text":"Analysing","type":"YA","timestamp":"2023-11-09 12:49:59"},{"nodeID":"1296062","text":"Dominika: Kirsten Oswald: We would support people to come here","type":"L","timestamp":"2023-11-09 12:49:59"},{"nodeID":"1296063","text":"Asserting","type":"YA","timestamp":"2023-11-09 12:49:59"},{"nodeID":"1296064","text":"we hear from the Home Secretary about people who are seeking to come from a third country","type":"I","timestamp":"2023-11-09 12:49:59"},{"nodeID":"1296065","text":"Kirsten Oswald: We hear from the Home Secretary about people who are seeking to come from a third country","type":"L","timestamp":"2023-11-09 12:49:59"},{"nodeID":"1296066","text":"Analysing","type":"YA","timestamp":"2023-11-09 12:49:59"},{"nodeID":"1296067","text":"Dominika: Kirsten Oswald: We hear from the Home Secretary about people who are seeking to come from a third country","type":"L","timestamp":"2023-11-09 12:49:59"},{"nodeID":"1296068","text":"Asserting","type":"YA","timestamp":"2023-11-09 12:49:59"},{"nodeID":"1296069","text":"people seeking to come from a third country is problematic","type":"I","timestamp":"2023-11-09 12:50:00"},{"nodeID":"1296070","text":"Kirsten Oswald: she says that is problematic","type":"L","timestamp":"2023-11-09 12:50:00"},{"nodeID":"1296071","text":"Analysing","type":"YA","timestamp":"2023-11-09 12:50:00"},{"nodeID":"1296072","text":"Dominika: Kirsten Oswald: she says that is problematic","type":"L","timestamp":"2023-11-09 12:50:00"},{"nodeID":"1296073","text":"Home Secretary: people seeking to come from a third country is problematic","type":"L","timestamp":"2023-11-09 12:50:00"},{"nodeID":"1296074","text":"Analysing","type":"YA","timestamp":"2023-11-09 12:50:00"},{"nodeID":"1296075","text":"Dominika: Home Secretary:","type":"L","timestamp":"2023-11-09 12:50:00"},{"nodeID":"1296076","text":"Asserting","type":"YA","timestamp":"2023-11-09 12:50:00"},{"nodeID":"1296077","text":"Asserting","type":"YA","timestamp":"2023-11-09 12:50:00"},{"nodeID":"1296078","text":"of course, refugees would have to come from a third country","type":"I","timestamp":"2023-11-09 12:50:00"},{"nodeID":"1296079","text":"Kirsten Oswald: of course, they would have to come from a third country","type":"L","timestamp":"2023-11-09 12:50:00"},{"nodeID":"1296080","text":"Analysing","type":"YA","timestamp":"2023-11-09 12:50:00"},{"nodeID":"1296081","text":"Dominika: Kirsten Oswald: of course, they would have to come from a third country","type":"L","timestamp":"2023-11-09 12:50:00"},{"nodeID":"1296082","text":"Asserting","type":"YA","timestamp":"2023-11-09 12:50:00"},{"nodeID":"1296083","text":"there is no way of getting directly from Ukraine to the UK","type":"I","timestamp":"2023-11-09 12:50:01"},{"nodeID":"1296084","text":"Kirsten Oswald: there is no way of getting directly from Ukraine to the UK","type":"L","timestamp":"2023-11-09 12:50:01"},{"nodeID":"1296085","text":"Analysing","type":"YA","timestamp":"2023-11-09 12:50:01"},{"nodeID":"1296086","text":"Dominika: Kirsten Oswald: there is no way of getting directly from Ukraine to the UK","type":"L","timestamp":"2023-11-09 12:50:01"},{"nodeID":"1296087","text":"Asserting","type":"YA","timestamp":"2023-11-09 12:50:01"},{"nodeID":"1296088","text":"all of these barriers which are incredibly difficult for people who have gone through this most desperate situation to deal with are ones that we should not be putting in place","type":"I","timestamp":"2023-11-09 12:50:02"},{"nodeID":"1296089","text":"Kirsten Oswald: all of these barriers which are incredibly difficult for people who have gone through this most desperate situation to deal with are ones that we should not be putting in place","type":"L","timestamp":"2023-11-09 12:50:02"},{"nodeID":"1296090","text":"Analysing","type":"YA","timestamp":"2023-11-09 12:50:02"},{"nodeID":"1296091","text":"Dominika: Kirsten Oswald: all of these barriers which are incredibly difficult for people who have gone through this most desperate situation to deal with are ones that we should not be putting in place","type":"L","timestamp":"2023-11-09 12:50:02"},{"nodeID":"1296092","text":"Asserting","type":"YA","timestamp":"2023-11-09 12:50:02"},{"nodeID":"1296093","text":"to the gentleman who spoke about people coming across in dinghies, Kristen Oswald would reflect to him that people would not be fleeing across the English Channel in dinghies unless they too were desperate and in fear","type":"I","timestamp":"2023-11-09 12:50:02"},{"nodeID":"1296094","text":"Kirsten Oswald: to the gentleman who spoke about people coming across in dinghies, I would reflect to him that people would not be fleeing across the English Channel in dinghies unless they too were desperate and in fear","type":"L","timestamp":"2023-11-09 12:50:02"},{"nodeID":"1296095","text":"Analysing","type":"YA","timestamp":"2023-11-09 12:50:02"},{"nodeID":"1296096","text":"Dominika: Kirsten Oswald: to the gentleman who spoke about people coming across in dinghies, I would reflect to him that people would not be fleeing across the English Channel in dinghies unless they too were desperate and in fear","type":"L","timestamp":"2023-11-09 12:50:02"},{"nodeID":"1296097","text":"Asserting","type":"YA","timestamp":"2023-11-09 12:50:02"},{"nodeID":"1296098","text":"Ukrainian refugees can come to France and come across in dinghies","type":"I","timestamp":"2023-11-09 12:50:03"},{"nodeID":"1296099","text":"AudienceMember 20220310QT22: they can come to France and come across in dinghies","type":"L","timestamp":"2023-11-09 12:50:03"},{"nodeID":"1296100","text":"Analysing","type":"YA","timestamp":"2023-11-09 12:50:03"},{"nodeID":"1296101","text":"Dominika: AudienceMember 20220310QT22: they can come to France and come across in dinghies","type":"L","timestamp":"2023-11-09 12:50:03"},{"nodeID":"1296102","text":"Asserting","type":"YA","timestamp":"2023-11-09 12:50:03"},{"nodeID":"1296103","text":"it is reflective of the rhetoric, more sympathy to the Ukrainian refugees than to refugees from Iraq or Afghanistan","type":"I","timestamp":"2023-11-09 12:50:03"},{"nodeID":"1296104","text":"AudienceMember 20220310QT22: It is reflective of the rhetoric, more sympathy to the Ukrainian refugees than to refugees from Iraq or Afghanistan","type":"L","timestamp":"2023-11-09 12:50:03"},{"nodeID":"1296105","text":"Analysing","type":"YA","timestamp":"2023-11-09 12:50:03"},{"nodeID":"1296106","text":"Dominika: AudienceMember 20220310QT22: It is reflective of the rhetoric, more sympathy to the Ukrainian refugees than to refugees from Iraq or Afghanistan","type":"L","timestamp":"2023-11-09 12:50:03"},{"nodeID":"1296107","text":"Asserting","type":"YA","timestamp":"2023-11-09 12:50:03"},{"nodeID":"1296108","text":"Default Transition","type":"TA","timestamp":"2023-11-09 12:50:03"},{"nodeID":"1296109","text":"Default Transition","type":"TA","timestamp":"2023-11-09 12:50:03"},{"nodeID":"1296110","text":"Default Transition","type":"TA","timestamp":"2023-11-09 12:50:03"},{"nodeID":"1296111","text":"Default Rephrase","type":"MA","timestamp":"2023-11-09 12:50:03"},{"nodeID":"1296112","text":"Restating","type":"YA","timestamp":"2023-11-09 12:50:03"},{"nodeID":"1296113","text":"Default Transition","type":"TA","timestamp":"2023-11-09 12:50:03"},{"nodeID":"1296114","text":"Default Transition","type":"TA","timestamp":"2023-11-09 12:50:03"},{"nodeID":"1296115","text":"Default Transition","type":"TA","timestamp":"2023-11-09 12:50:03"},{"nodeID":"1296116","text":"Default Transition","type":"TA","timestamp":"2023-11-09 12:50:03"},{"nodeID":"1296117","text":"Default Inference","type":"RA","timestamp":"2023-11-09 12:50:03"},{"nodeID":"1296118","text":"Default Transition","type":"TA","timestamp":"2023-11-09 12:50:03"},{"nodeID":"1296119","text":"Arguing","type":"YA","timestamp":"2023-11-09 12:50:03"},{"nodeID":"1296120","text":"Default Transition","type":"TA","timestamp":"2023-11-09 12:50:03"},{"nodeID":"1296121","text":"Default Transition","type":"TA","timestamp":"2023-11-09 12:50:03"},{"nodeID":"1296122","text":"Default Rephrase","type":"MA","timestamp":"2023-11-09 12:50:03"},{"nodeID":"1296123","text":"Default Transition","type":"TA","timestamp":"2023-11-09 12:50:03"},{"nodeID":"1296124","text":"Restating","type":"YA","timestamp":"2023-11-09 12:50:03"},{"nodeID":"1296125","text":"Default Inference","type":"RA","timestamp":"2023-11-09 12:50:03"},{"nodeID":"1296126","text":"Default Transition","type":"TA","timestamp":"2023-11-09 12:50:03"},{"nodeID":"1296127","text":"Arguing","type":"YA","timestamp":"2023-11-09 12:50:03"}],"edges":[{"edgeID":"1703660","fromID":"1296020","toID":"1296019","formEdgeID":null},{"edgeID":"1703661","fromID":"1296021","toID":"1296020","formEdgeID":null},{"edgeID":"1703662","fromID":"1296019","toID":"1296022","formEdgeID":null},{"edgeID":"1703663","fromID":"1296022","toID":"1296018","formEdgeID":null},{"edgeID":"1703664","fromID":"1296025","toID":"1296024","formEdgeID":null},{"edgeID":"1703665","fromID":"1296026","toID":"1296025","formEdgeID":null},{"edgeID":"1703666","fromID":"1296024","toID":"1296027","formEdgeID":null},{"edgeID":"1703667","fromID":"1296027","toID":"1296023","formEdgeID":null},{"edgeID":"1703668","fromID":"1296030","toID":"1296029","formEdgeID":null},{"edgeID":"1703669","fromID":"1296031","toID":"1296030","formEdgeID":null},{"edgeID":"1703670","fromID":"1296029","toID":"1296032","formEdgeID":null},{"edgeID":"1703671","fromID":"1296032","toID":"1296028","formEdgeID":null},{"edgeID":"1703672","fromID":"1296035","toID":"1296034","formEdgeID":null},{"edgeID":"1703673","fromID":"1296036","toID":"1296035","formEdgeID":null},{"edgeID":"1703674","fromID":"1296034","toID":"1296037","formEdgeID":null},{"edgeID":"1703675","fromID":"1296037","toID":"1296033","formEdgeID":null},{"edgeID":"1703676","fromID":"1296040","toID":"1296039","formEdgeID":null},{"edgeID":"1703677","fromID":"1296041","toID":"1296040","formEdgeID":null},{"edgeID":"1703678","fromID":"1296039","toID":"1296042","formEdgeID":null},{"edgeID":"1703679","fromID":"1296042","toID":"1296038","formEdgeID":null},{"edgeID":"1703680","fromID":"1296045","toID":"1296044","formEdgeID":null},{"edgeID":"1703681","fromID":"1296046","toID":"1296045","formEdgeID":null},{"edgeID":"1703682","fromID":"1296044","toID":"1296047","formEdgeID":null},{"edgeID":"1703683","fromID":"1296047","toID":"1296043","formEdgeID":null},{"edgeID":"1703684","fromID":"1296024","toID":"1296048","formEdgeID":null},{"edgeID":"1703685","fromID":"1296048","toID":"1296029","formEdgeID":null},{"edgeID":"1703686","fromID":"1296019","toID":"1296049","formEdgeID":null},{"edgeID":"1703687","fromID":"1296049","toID":"1296024","formEdgeID":null},{"edgeID":"1703688","fromID":"1296023","toID":"1296050","formEdgeID":null},{"edgeID":"1703689","fromID":"1296050","toID":"1296018","formEdgeID":null},{"edgeID":"1703690","fromID":"1296049","toID":"1296051","formEdgeID":null},{"edgeID":"1703691","fromID":"1296051","toID":"1296050","formEdgeID":null},{"edgeID":"1703692","fromID":"1296029","toID":"1296052","formEdgeID":null},{"edgeID":"1703693","fromID":"1296052","toID":"1296034","formEdgeID":null},{"edgeID":"1703694","fromID":"1296033","toID":"1296053","formEdgeID":null},{"edgeID":"1703695","fromID":"1296053","toID":"1296028","formEdgeID":null},{"edgeID":"1703696","fromID":"1296034","toID":"1296054","formEdgeID":null},{"edgeID":"1703697","fromID":"1296054","toID":"1296039","formEdgeID":null},{"edgeID":"1703698","fromID":"1296038","toID":"1296055","formEdgeID":null},{"edgeID":"1703699","fromID":"1296055","toID":"1296033","formEdgeID":null},{"edgeID":"1703700","fromID":"1296052","toID":"1296056","formEdgeID":null},{"edgeID":"1703701","fromID":"1296056","toID":"1296053","formEdgeID":null},{"edgeID":"1703702","fromID":"1296054","toID":"1296057","formEdgeID":null},{"edgeID":"1703703","fromID":"1296057","toID":"1296055","formEdgeID":null},{"edgeID":"1703704","fromID":"1296039","toID":"1296058","formEdgeID":null},{"edgeID":"1703705","fromID":"1296058","toID":"1296044","formEdgeID":null},{"edgeID":"1703706","fromID":"1296061","toID":"1296060","formEdgeID":null},{"edgeID":"1703707","fromID":"1296062","toID":"1296061","formEdgeID":null},{"edgeID":"1703708","fromID":"1296060","toID":"1296063","formEdgeID":null},{"edgeID":"1703709","fromID":"1296063","toID":"1296059","formEdgeID":null},{"edgeID":"1703710","fromID":"1296066","toID":"1296065","formEdgeID":null},{"edgeID":"1703711","fromID":"1296067","toID":"1296066","formEdgeID":null},{"edgeID":"1703712","fromID":"1296065","toID":"1296068","formEdgeID":null},{"edgeID":"1703713","fromID":"1296068","toID":"1296064","formEdgeID":null},{"edgeID":"1703714","fromID":"1296071","toID":"1296070","formEdgeID":null},{"edgeID":"1703715","fromID":"1296072","toID":"1296071","formEdgeID":null},{"edgeID":"1703716","fromID":"1296074","toID":"1296073","formEdgeID":null},{"edgeID":"1703717","fromID":"1296075","toID":"1296074","formEdgeID":null},{"edgeID":"1703718","fromID":"1296070","toID":"1296076","formEdgeID":null},{"edgeID":"1703719","fromID":"1296076","toID":"1296073","formEdgeID":null},{"edgeID":"1703720","fromID":"1296073","toID":"1296077","formEdgeID":null},{"edgeID":"1703721","fromID":"1296077","toID":"1296069","formEdgeID":null},{"edgeID":"1703722","fromID":"1296080","toID":"1296079","formEdgeID":null},{"edgeID":"1703723","fromID":"1296081","toID":"1296080","formEdgeID":null},{"edgeID":"1703724","fromID":"1296079","toID":"1296082","formEdgeID":null},{"edgeID":"1703725","fromID":"1296082","toID":"1296078","formEdgeID":null},{"edgeID":"1703726","fromID":"1296085","toID":"1296084","formEdgeID":null},{"edgeID":"1703727","fromID":"1296086","toID":"1296085","formEdgeID":null},{"edgeID":"1703728","fromID":"1296084","toID":"1296087","formEdgeID":null},{"edgeID":"1703729","fromID":"1296087","toID":"1296083","formEdgeID":null},{"edgeID":"1703730","fromID":"1296090","toID":"1296089","formEdgeID":null},{"edgeID":"1703731","fromID":"1296091","toID":"1296090","formEdgeID":null},{"edgeID":"1703732","fromID":"1296089","toID":"1296092","formEdgeID":null},{"edgeID":"1703733","fromID":"1296092","toID":"1296088","formEdgeID":null},{"edgeID":"1703734","fromID":"1296095","toID":"1296094","formEdgeID":null},{"edgeID":"1703735","fromID":"1296096","toID":"1296095","formEdgeID":null},{"edgeID":"1703736","fromID":"1296094","toID":"1296097","formEdgeID":null},{"edgeID":"1703737","fromID":"1296097","toID":"1296093","formEdgeID":null},{"edgeID":"1703738","fromID":"1296100","toID":"1296099","formEdgeID":null},{"edgeID":"1703739","fromID":"1296101","toID":"1296100","formEdgeID":null},{"edgeID":"1703740","fromID":"1296099","toID":"1296102","formEdgeID":null},{"edgeID":"1703741","fromID":"1296102","toID":"1296098","formEdgeID":null},{"edgeID":"1703742","fromID":"1296105","toID":"1296104","formEdgeID":null},{"edgeID":"1703743","fromID":"1296106","toID":"1296105","formEdgeID":null},{"edgeID":"1703744","fromID":"1296104","toID":"1296107","formEdgeID":null},{"edgeID":"1703745","fromID":"1296107","toID":"1296103","formEdgeID":null},{"edgeID":"1703746","fromID":"1296044","toID":"1296108","formEdgeID":null},{"edgeID":"1703747","fromID":"1296108","toID":"1296060","formEdgeID":null},{"edgeID":"1703748","fromID":"1296060","toID":"1296109","formEdgeID":null},{"edgeID":"1703749","fromID":"1296109","toID":"1296065","formEdgeID":null},{"edgeID":"1703750","fromID":"1296065","toID":"1296110","formEdgeID":null},{"edgeID":"1703751","fromID":"1296110","toID":"1296070","formEdgeID":null},{"edgeID":"1703752","fromID":"1296069","toID":"1296111","formEdgeID":null},{"edgeID":"1703753","fromID":"1296111","toID":"1296064","formEdgeID":null},{"edgeID":"1703754","fromID":"1296110","toID":"1296112","formEdgeID":null},{"edgeID":"1703755","fromID":"1296112","toID":"1296111","formEdgeID":null},{"edgeID":"1703756","fromID":"1296070","toID":"1296113","formEdgeID":null},{"edgeID":"1703757","fromID":"1296113","toID":"1296079","formEdgeID":null},{"edgeID":"1703758","fromID":"1296079","toID":"1296114","formEdgeID":null},{"edgeID":"1703759","fromID":"1296114","toID":"1296084","formEdgeID":null},{"edgeID":"1703760","fromID":"1296084","toID":"1296115","formEdgeID":null},{"edgeID":"1703761","fromID":"1296115","toID":"1296089","formEdgeID":null},{"edgeID":"1703762","fromID":"1296089","toID":"1296116","formEdgeID":null},{"edgeID":"1703763","fromID":"1296116","toID":"1296094","formEdgeID":null},{"edgeID":"1703764","fromID":"1296059","toID":"1296117","formEdgeID":null},{"edgeID":"1703765","fromID":"1296117","toID":"1296088","formEdgeID":null},{"edgeID":"1703766","fromID":"1296060","toID":"1296118","formEdgeID":null},{"edgeID":"1703767","fromID":"1296118","toID":"1296089","formEdgeID":null},{"edgeID":"1703768","fromID":"1296118","toID":"1296119","formEdgeID":null},{"edgeID":"1703769","fromID":"1296119","toID":"1296117","formEdgeID":null},{"edgeID":"1703770","fromID":"1296094","toID":"1296120","formEdgeID":null},{"edgeID":"1703771","fromID":"1296120","toID":"1296099","formEdgeID":null},{"edgeID":"1703772","fromID":"1296099","toID":"1296121","formEdgeID":null},{"edgeID":"1703773","fromID":"1296121","toID":"1296104","formEdgeID":null},{"edgeID":"1703774","fromID":"1296059","toID":"1296122","formEdgeID":null},{"edgeID":"1703775","fromID":"1296122","toID":"1296038","formEdgeID":null},{"edgeID":"1703776","fromID":"1296039","toID":"1296123","formEdgeID":null},{"edgeID":"1703777","fromID":"1296123","toID":"1296060","formEdgeID":null},{"edgeID":"1703778","fromID":"1296123","toID":"1296124","formEdgeID":null},{"edgeID":"1703779","fromID":"1296124","toID":"1296122","formEdgeID":null},{"edgeID":"1703780","fromID":"1296069","toID":"1296125","formEdgeID":null},{"edgeID":"1703781","fromID":"1296125","toID":"1296083","formEdgeID":null},{"edgeID":"1703782","fromID":"1296078","toID":"1296125","formEdgeID":null},{"edgeID":"1703783","fromID":"1296070","toID":"1296126","formEdgeID":null},{"edgeID":"1703784","fromID":"1296126","toID":"1296084","formEdgeID":null},{"edgeID":"1703785","fromID":"1296126","toID":"1296127","formEdgeID":null},{"edgeID":"1703786","fromID":"1296127","toID":"1296125","formEdgeID":null}],"locutions":[]}