{"nodes":[{"nodeID":"1294410","text":"we need to make sure that people in Russia hear loudly and clearly that we would support them in not participating in this","type":"I","timestamp":"2023-11-09 12:47:44"},{"nodeID":"1294411","text":"Kirsten Oswald: We need to make sure that people in Russia hear loudly and clearly that we would support them in not participating in this","type":"L","timestamp":"2023-11-09 12:47:44"},{"nodeID":"1294412","text":"Analysing","type":"YA","timestamp":"2023-11-09 12:47:44"},{"nodeID":"1294413","text":"Fyfe: Kirsten Oswald: We need to make sure that people in Russia hear loudly and clearly that we would support them in not participating in this","type":"L","timestamp":"2023-11-09 12:47:44"},{"nodeID":"1294414","text":"Asserting","type":"YA","timestamp":"2023-11-09 12:47:44"},{"nodeID":"1294415","text":"our focus has to be those at the top and trying to make their lives as difficult as possible","type":"I","timestamp":"2023-11-09 12:47:45"},{"nodeID":"1294416","text":"Kirsten Oswald: our focus has to be those at the top and trying to make their lives as difficult as possible","type":"L","timestamp":"2023-11-09 12:47:45"},{"nodeID":"1294417","text":"Fyfe: Kirsten Oswald: our focus has to be those at the top and trying to make their lives as difficult as possible","type":"L","timestamp":"2023-11-09 12:47:45"},{"nodeID":"1294418","text":"Analysing","type":"YA","timestamp":"2023-11-09 12:47:45"},{"nodeID":"1294419","text":"Asserting","type":"YA","timestamp":"2023-11-09 12:47:45"},{"nodeID":"1294420","text":"Default Transition","type":"TA","timestamp":"2023-11-09 12:47:45"},{"nodeID":"1294421","text":"the British Government is or is not saying that the diplomatic route is closed to Putin","type":"I","timestamp":"2023-11-09 12:47:45"},{"nodeID":"1294422","text":"AudienceMember 20220310QT08: Are we saying that the diplomatic route is closed to Putin","type":"L","timestamp":"2023-11-09 12:47:45"},{"nodeID":"1294423","text":"Analysing","type":"YA","timestamp":"2023-11-09 12:47:45"},{"nodeID":"1294424","text":"Fyfe: AudienceMember 20220310QT08: Are we saying that the diplomatic route is closed to Putin","type":"L","timestamp":"2023-11-09 12:47:45"},{"nodeID":"1294425","text":"Pure Questioning","type":"YA","timestamp":"2023-11-09 12:47:45"},{"nodeID":"1294426","text":"Default Transition","type":"TA","timestamp":"2023-11-09 12:47:45"},{"nodeID":"1294427","text":"the talks between Ukraine and Russia are still ongoing","type":"I","timestamp":"2023-11-09 12:47:46"},{"nodeID":"1294428","text":"Fiona Bruce:  there are talks still going on, of course, between Ukraine and Russia","type":"L","timestamp":"2023-11-09 12:47:46"},{"nodeID":"1294429","text":"Analysing","type":"YA","timestamp":"2023-11-09 12:47:46"},{"nodeID":"1294430","text":"Fyfe: Fiona Bruce:  there are talks still going on, of course, between Ukraine and Russia","type":"L","timestamp":"2023-11-09 12:47:46"},{"nodeID":"1294431","text":"Asserting","type":"YA","timestamp":"2023-11-09 12:47:46"},{"nodeID":"1294432","text":"Default Transition","type":"TA","timestamp":"2023-11-09 12:47:46"},{"nodeID":"1294433","text":"the talks between Ukraine and Russia have to be on Putin's terms","type":"I","timestamp":"2023-11-09 12:47:47"},{"nodeID":"1294434","text":"AudienceMember 20220310QT09: It has to be on his terms","type":"L","timestamp":"2023-11-09 12:47:47"},{"nodeID":"1294435","text":"Analysing","type":"YA","timestamp":"2023-11-09 12:47:47"},{"nodeID":"1294436","text":"Fyfe: AudienceMember 20220310QT09: It has to be on his terms","type":"L","timestamp":"2023-11-09 12:47:47"},{"nodeID":"1294437","text":"Asserting","type":"YA","timestamp":"2023-11-09 12:47:47"},{"nodeID":"1294438","text":"Default Transition","type":"TA","timestamp":"2023-11-09 12:47:47"},{"nodeID":"1294439","text":"Default Conflict","type":"CA","timestamp":"2023-11-09 12:47:47"},{"nodeID":"1294440","text":"Disagreeing","type":"YA","timestamp":"2023-11-09 12:47:47"},{"nodeID":"1294441","text":"the best case scenario would be the war stopping at Ukraine","type":"I","timestamp":"2023-11-09 12:47:47"},{"nodeID":"1294442","text":"AudienceMember 20220310QT10: the best case scenario would be, the war stopping at Ukraine","type":"L","timestamp":"2023-11-09 12:47:47"},{"nodeID":"1294443","text":"Analysing","type":"YA","timestamp":"2023-11-09 12:47:47"},{"nodeID":"1294444","text":"Fyfe: AudienceMember 20220310QT10: the best case scenario would be, the war stopping at Ukraine","type":"L","timestamp":"2023-11-09 12:47:47"},{"nodeID":"1294445","text":"Asserting","type":"YA","timestamp":"2023-11-09 12:47:47"},{"nodeID":"1294446","text":"Default Transition","type":"TA","timestamp":"2023-11-09 12:47:47"},{"nodeID":"1294447","text":"the best case scenario would be some sort of peace in Ukraine","type":"I","timestamp":"2023-11-09 12:47:48"},{"nodeID":"1294448","text":"AudienceMember 20220310QT10: Some sort of peace or something","type":"L","timestamp":"2023-11-09 12:47:48"},{"nodeID":"1294449","text":"Analysing","type":"YA","timestamp":"2023-11-09 12:47:48"},{"nodeID":"1294450","text":"Fyfe: AudienceMember 20220310QT10: Some sort of peace or something","type":"L","timestamp":"2023-11-09 12:47:48"},{"nodeID":"1294451","text":"Asserting","type":"YA","timestamp":"2023-11-09 12:47:48"},{"nodeID":"1294452","text":"Default Transition","type":"TA","timestamp":"2023-11-09 12:47:48"},{"nodeID":"1294453","text":"Default Rephrase","type":"MA","timestamp":"2023-11-09 12:47:48"},{"nodeID":"1294454","text":"Restating","type":"YA","timestamp":"2023-11-09 12:47:48"},{"nodeID":"1294455","text":"the best case scenario would involve some sort of talking to Putin","type":"I","timestamp":"2023-11-09 12:47:48"},{"nodeID":"1294456","text":"AudienceMember 20220310QT10: Some sort of talking to Putin","type":"L","timestamp":"2023-11-09 12:47:48"},{"nodeID":"1294457","text":"Analysing","type":"YA","timestamp":"2023-11-09 12:47:48"},{"nodeID":"1294458","text":"Fyfe: AudienceMember 20220310QT10: Some sort of talking to Putin","type":"L","timestamp":"2023-11-09 12:47:48"},{"nodeID":"1294459","text":"Asserting","type":"YA","timestamp":"2023-11-09 12:47:48"},{"nodeID":"1294460","text":"Default Transition","type":"TA","timestamp":"2023-11-09 12:47:48"},{"nodeID":"1294461","text":"Default Rephrase","type":"MA","timestamp":"2023-11-09 12:47:48"},{"nodeID":"1294462","text":"Default Transition","type":"TA","timestamp":"2023-11-09 12:47:48"},{"nodeID":"1294463","text":"Restating","type":"YA","timestamp":"2023-11-09 12:47:48"},{"nodeID":"1294464","text":"if the best case scenario does not happen and the war escalates from Ukraine, next we are going to do xxx","type":"I","timestamp":"2023-11-09 12:47:49"},{"nodeID":"1294465","text":"AudienceMember 20220310QT10: If that doesn't happen, if the war escalates from Ukraine, what are we going to do next","type":"L","timestamp":"2023-11-09 12:47:49"},{"nodeID":"1294466","text":"Analysing","type":"YA","timestamp":"2023-11-09 12:47:49"},{"nodeID":"1294467","text":"Fyfe: AudienceMember 20220310QT10: If that doesn't happen, if the war escalates from Ukraine, what are we going to do next","type":"L","timestamp":"2023-11-09 12:47:49"},{"nodeID":"1294468","text":"Pure Questioning","type":"YA","timestamp":"2023-11-09 12:47:49"},{"nodeID":"1294469","text":"Default Transition","type":"TA","timestamp":"2023-11-09 12:47:49"},{"nodeID":"1294470","text":"if the best case scenario does not happen we do or do not have a Plan B","type":"I","timestamp":"2023-11-09 12:47:49"},{"nodeID":"1294471","text":"AudienceMember 20220310QT10: do we have a Plan B","type":"L","timestamp":"2023-11-09 12:47:49"},{"nodeID":"1294472","text":"Analysing","type":"YA","timestamp":"2023-11-09 12:47:49"},{"nodeID":"1294473","text":"Fyfe: AudienceMember 20220310QT10: do we have a Plan B","type":"L","timestamp":"2023-11-09 12:47:49"},{"nodeID":"1294474","text":"Pure Questioning","type":"YA","timestamp":"2023-11-09 12:47:49"},{"nodeID":"1294475","text":"Default Transition","type":"TA","timestamp":"2023-11-09 12:47:49"},{"nodeID":"1294476","text":"Default Rephrase","type":"MA","timestamp":"2023-11-09 12:47:49"},{"nodeID":"1294477","text":"we are at risk of looking back on this in time and thinking that we're just a bystander","type":"I","timestamp":"2023-11-09 12:47:50"},{"nodeID":"1294478","text":"AudienceMember 20220310QT11: Are we at risk at looking back on this in time and thinking that we're just a bystander","type":"L","timestamp":"2023-11-09 12:47:50"},{"nodeID":"1294479","text":"Analysing","type":"YA","timestamp":"2023-11-09 12:47:50"},{"nodeID":"1294480","text":"Fyfe: AudienceMember 20220310QT11: Are we at risk at looking back on this in time and thinking that we're just a bystander","type":"L","timestamp":"2023-11-09 12:47:50"},{"nodeID":"1294481","text":"Assertive Questioning","type":"YA","timestamp":"2023-11-09 12:47:50"},{"nodeID":"1294482","text":"Default Transition","type":"TA","timestamp":"2023-11-09 12:47:50"},{"nodeID":"1294483","text":"Penny Mourdant Russia shouldn't go any further than Ukrainian soil","type":"I","timestamp":"2023-11-09 12:47:51"},{"nodeID":"1294484","text":"AudienceMember 20220310QT11: Penny mentions they shouldn't go any further than Ukrainian soil","type":"L","timestamp":"2023-11-09 12:47:51"},{"nodeID":"1294485","text":"Analysing","type":"YA","timestamp":"2023-11-09 12:47:51"},{"nodeID":"1294486","text":"Fyfe: AudienceMember 20220310QT11: Penny mentions they shouldn't go any further than Ukrainian soil","type":"L","timestamp":"2023-11-09 12:47:51"},{"nodeID":"1294487","text":"Asserting","type":"YA","timestamp":"2023-11-09 12:47:51"},{"nodeID":"1294488","text":"Russia shouldn't go any further than Ukrainian soil","type":"L","timestamp":"2023-11-09 12:47:51"},{"nodeID":"1294489","text":"Analysing","type":"YA","timestamp":"2023-11-09 12:47:51"},{"nodeID":"1294490","text":"Fyfe: Penny Mordaunt: Penny Mourdant Russia shouldn't go any further than Ukrainian soil","type":"L","timestamp":"2023-11-09 12:47:51"},{"nodeID":"1294491","text":"Asserting","type":"YA","timestamp":"2023-11-09 12:47:51"},{"nodeID":"1294492","text":"if the British Government let the current actions of the Russian Government stand, just purely as a bystander, we have seen in history what that can lead to","type":"I","timestamp":"2023-11-09 12:47:51"},{"nodeID":"1294493","text":"AudienceMember 20220310QT11: if we let this happen, just purely as a bystander, we have seen in history what that can lead to","type":"L","timestamp":"2023-11-09 12:47:51"},{"nodeID":"1294494","text":"Analysing","type":"YA","timestamp":"2023-11-09 12:47:51"},{"nodeID":"1294495","text":"Fyfe: AudienceMember 20220310QT11: if we let this happen, just purely as a bystander, we have seen in history what that can lead to","type":"L","timestamp":"2023-11-09 12:47:51"},{"nodeID":"1294496","text":"Asserting","type":"YA","timestamp":"2023-11-09 12:47:51"},{"nodeID":"1294497","text":"Default Transition","type":"TA","timestamp":"2023-11-09 12:47:51"},{"nodeID":"1294498","text":"Default Transition","type":"TA","timestamp":"2023-11-09 12:47:51"},{"nodeID":"1294499","text":"Default Transition","type":"TA","timestamp":"2023-11-09 12:47:51"},{"nodeID":"1294500","text":"Default Conflict","type":"CA","timestamp":"2023-11-09 12:47:51"},{"nodeID":"1294501","text":"AudienceMember 20220310QT11 just fears we're letting this happen at bystanders and has seen in history where it could lead to","type":"I","timestamp":"2023-11-09 12:47:52"},{"nodeID":"1294502","text":"AudienceMember 20220310QT11: I just fear we're letting this happen and where it could lead to","type":"L","timestamp":"2023-11-09 12:47:52"},{"nodeID":"1294503","text":"Analysing","type":"YA","timestamp":"2023-11-09 12:47:52"},{"nodeID":"1294504","text":"Fyfe: AudienceMember 20220310QT11: I just fear we're letting this happen and where it could lead to","type":"L","timestamp":"2023-11-09 12:47:52"},{"nodeID":"1294505","text":"Asserting","type":"YA","timestamp":"2023-11-09 12:47:52"},{"nodeID":"1294506","text":"Default Transition","type":"TA","timestamp":"2023-11-09 12:47:52"},{"nodeID":"1294507","text":"Default Transition","type":"TA","timestamp":"2023-11-09 12:47:52"},{"nodeID":"1294508","text":"Default Rephrase","type":"MA","timestamp":"2023-11-09 12:47:52"},{"nodeID":"1294509","text":"Restating","type":"YA","timestamp":"2023-11-09 12:47:52"},{"nodeID":"1294510","text":"Default Transition","type":"TA","timestamp":"2023-11-09 12:47:52"},{"nodeID":"1294511","text":"AudienceMember 20220310QT11 would you like to see xxx happen","type":"I","timestamp":"2023-11-09 12:47:52"},{"nodeID":"1294512","text":"Fiona Bruce: What would you like to see happen","type":"L","timestamp":"2023-11-09 12:47:52"},{"nodeID":"1294513","text":"Analysing","type":"YA","timestamp":"2023-11-09 12:47:52"},{"nodeID":"1294514","text":"Fyfe: Fiona Bruce: What would you like to see happen","type":"L","timestamp":"2023-11-09 12:47:52"},{"nodeID":"1294515","text":"Asserting","type":"YA","timestamp":"2023-11-09 12:47:52"},{"nodeID":"1294516","text":"Default Transition","type":"TA","timestamp":"2023-11-09 12:47:52"},{"nodeID":"1294517","text":"Default Transition","type":"TA","timestamp":"2023-11-09 12:47:52"},{"nodeID":"1294518","text":"AudienceMember 20220310QT12 understands the reasons why there has been this no-fly zone and the stance that NATO","type":"I","timestamp":"2023-11-09 12:47:53"},{"nodeID":"1294519","text":"AudienceMember 20220310QT12: I do understand the reasons why there has been this no-fly zone and the stance that NATO","type":"L","timestamp":"2023-11-09 12:47:53"},{"nodeID":"1294520","text":"Analysing","type":"YA","timestamp":"2023-11-09 12:47:53"},{"nodeID":"1294521","text":"Fyfe: AudienceMember 20220310QT12: I do understand the reasons why there has been this no-fly zone and the stance that NATO","type":"L","timestamp":"2023-11-09 12:47:53"},{"nodeID":"1294522","text":"Asserting","type":"YA","timestamp":"2023-11-09 12:47:53"},{"nodeID":"1294523","text":"Default Transition","type":"TA","timestamp":"2023-11-09 12:47:53"},{"nodeID":"1294524","text":"Default Transition","type":"TA","timestamp":"2023-11-09 12:47:53"},{"nodeID":"1294525","text":"when you're faced with a bully, you get to a point where enough is enough and AudienceMember 20220310QT12 thinks if we're not at that point already, we're certainly very close","type":"I","timestamp":"2023-11-09 12:47:54"},{"nodeID":"1294526","text":"AudienceMember 20220310QT12: when you're faced with a bully, you get to a point where enough is enough and I think if we're not at that point already, we're certainly very close","type":"L","timestamp":"2023-11-09 12:47:54"},{"nodeID":"1294527","text":"Analysing","type":"YA","timestamp":"2023-11-09 12:47:54"},{"nodeID":"1294528","text":"Fyfe: AudienceMember 20220310QT12: when you're faced with a bully, you get to a point where enough is enough and I think if we're not at that point already, we're certainly very close","type":"L","timestamp":"2023-11-09 12:47:54"},{"nodeID":"1294529","text":"Asserting","type":"YA","timestamp":"2023-11-09 12:47:54"},{"nodeID":"1294530","text":"Default Transition","type":"TA","timestamp":"2023-11-09 12:47:54"},{"nodeID":"1294531","text":"Default Transition","type":"TA","timestamp":"2023-11-09 12:47:54"},{"nodeID":"1294532","text":"Default Inference","type":"RA","timestamp":"2023-11-09 12:47:54"},{"nodeID":"1294533","text":"Arguing","type":"YA","timestamp":"2023-11-09 12:47:54"},{"nodeID":"1294534","text":"Restating","type":"YA","timestamp":"2023-11-09 12:47:54"},{"nodeID":"1294535","text":"Default Transition","type":"TA","timestamp":"2023-11-09 12:47:54"},{"nodeID":"1294536","text":"Default Rephrase","type":"MA","timestamp":"2023-11-09 12:47:54"},{"nodeID":"1294537","text":"Default Transition","type":"TA","timestamp":"2023-11-09 12:47:54"},{"nodeID":"1294538","text":"Default Transition","type":"TA","timestamp":"2023-11-09 12:47:54"},{"nodeID":"1294539","text":"Restating","type":"YA","timestamp":"2023-11-09 12:47:54"},{"nodeID":"1294540","text":"Default Transition","type":"TA","timestamp":"2023-11-09 12:47:54"}],"edges":[{"edgeID":"1701745","fromID":"1294412","toID":"1294411","formEdgeID":null},{"edgeID":"1701746","fromID":"1294413","toID":"1294412","formEdgeID":null},{"edgeID":"1701747","fromID":"1294414","toID":"1294410","formEdgeID":null},{"edgeID":"1701748","fromID":"1294411","toID":"1294414","formEdgeID":null},{"edgeID":"1701749","fromID":"1294417","toID":"1294418","formEdgeID":null},{"edgeID":"1701750","fromID":"1294418","toID":"1294416","formEdgeID":null},{"edgeID":"1701751","fromID":"1294419","toID":"1294415","formEdgeID":null},{"edgeID":"1701752","fromID":"1294416","toID":"1294419","formEdgeID":null},{"edgeID":"1701753","fromID":"1294411","toID":"1294420","formEdgeID":null},{"edgeID":"1701754","fromID":"1294420","toID":"1294416","formEdgeID":null},{"edgeID":"1701755","fromID":"1294423","toID":"1294422","formEdgeID":null},{"edgeID":"1701756","fromID":"1294424","toID":"1294423","formEdgeID":null},{"edgeID":"1701757","fromID":"1294422","toID":"1294425","formEdgeID":null},{"edgeID":"1701758","fromID":"1294425","toID":"1294421","formEdgeID":null},{"edgeID":"1701759","fromID":"1294416","toID":"1294426","formEdgeID":null},{"edgeID":"1701760","fromID":"1294426","toID":"1294422","formEdgeID":null},{"edgeID":"1701761","fromID":"1294429","toID":"1294428","formEdgeID":null},{"edgeID":"1701762","fromID":"1294430","toID":"1294429","formEdgeID":null},{"edgeID":"1701763","fromID":"1294428","toID":"1294431","formEdgeID":null},{"edgeID":"1701764","fromID":"1294431","toID":"1294427","formEdgeID":null},{"edgeID":"1701765","fromID":"1294422","toID":"1294432","formEdgeID":null},{"edgeID":"1701766","fromID":"1294432","toID":"1294428","formEdgeID":null},{"edgeID":"1701767","fromID":"1294435","toID":"1294434","formEdgeID":null},{"edgeID":"1701768","fromID":"1294436","toID":"1294435","formEdgeID":null},{"edgeID":"1701769","fromID":"1294434","toID":"1294437","formEdgeID":null},{"edgeID":"1701770","fromID":"1294437","toID":"1294433","formEdgeID":null},{"edgeID":"1701771","fromID":"1294428","toID":"1294438","formEdgeID":null},{"edgeID":"1701772","fromID":"1294438","toID":"1294434","formEdgeID":null},{"edgeID":"1701773","fromID":"1294433","toID":"1294439","formEdgeID":null},{"edgeID":"1701774","fromID":"1294439","toID":"1294427","formEdgeID":null},{"edgeID":"1701775","fromID":"1294438","toID":"1294440","formEdgeID":null},{"edgeID":"1701776","fromID":"1294440","toID":"1294439","formEdgeID":null},{"edgeID":"1701777","fromID":"1294443","toID":"1294442","formEdgeID":null},{"edgeID":"1701778","fromID":"1294444","toID":"1294443","formEdgeID":null},{"edgeID":"1701779","fromID":"1294442","toID":"1294445","formEdgeID":null},{"edgeID":"1701780","fromID":"1294445","toID":"1294441","formEdgeID":null},{"edgeID":"1701781","fromID":"1294434","toID":"1294446","formEdgeID":null},{"edgeID":"1701782","fromID":"1294446","toID":"1294442","formEdgeID":null},{"edgeID":"1701783","fromID":"1294449","toID":"1294448","formEdgeID":null},{"edgeID":"1701784","fromID":"1294450","toID":"1294449","formEdgeID":null},{"edgeID":"1701785","fromID":"1294448","toID":"1294451","formEdgeID":null},{"edgeID":"1701786","fromID":"1294451","toID":"1294447","formEdgeID":null},{"edgeID":"1701787","fromID":"1294442","toID":"1294452","formEdgeID":null},{"edgeID":"1701788","fromID":"1294452","toID":"1294448","formEdgeID":null},{"edgeID":"1701789","fromID":"1294447","toID":"1294453","formEdgeID":null},{"edgeID":"1701790","fromID":"1294453","toID":"1294441","formEdgeID":null},{"edgeID":"1701791","fromID":"1294452","toID":"1294454","formEdgeID":null},{"edgeID":"1701792","fromID":"1294454","toID":"1294453","formEdgeID":null},{"edgeID":"1701793","fromID":"1294457","toID":"1294456","formEdgeID":null},{"edgeID":"1701794","fromID":"1294458","toID":"1294457","formEdgeID":null},{"edgeID":"1701795","fromID":"1294456","toID":"1294459","formEdgeID":null},{"edgeID":"1701796","fromID":"1294459","toID":"1294455","formEdgeID":null},{"edgeID":"1701797","fromID":"1294448","toID":"1294460","formEdgeID":null},{"edgeID":"1701798","fromID":"1294460","toID":"1294456","formEdgeID":null},{"edgeID":"1701799","fromID":"1294455","toID":"1294461","formEdgeID":null},{"edgeID":"1701800","fromID":"1294461","toID":"1294441","formEdgeID":null},{"edgeID":"1701801","fromID":"1294442","toID":"1294462","formEdgeID":null},{"edgeID":"1701802","fromID":"1294462","toID":"1294456","formEdgeID":null},{"edgeID":"1701803","fromID":"1294462","toID":"1294463","formEdgeID":null},{"edgeID":"1701804","fromID":"1294463","toID":"1294461","formEdgeID":null},{"edgeID":"1701805","fromID":"1294466","toID":"1294465","formEdgeID":null},{"edgeID":"1701806","fromID":"1294467","toID":"1294466","formEdgeID":null},{"edgeID":"1701807","fromID":"1294465","toID":"1294468","formEdgeID":null},{"edgeID":"1701808","fromID":"1294468","toID":"1294464","formEdgeID":null},{"edgeID":"1701809","fromID":"1294456","toID":"1294469","formEdgeID":null},{"edgeID":"1701810","fromID":"1294469","toID":"1294465","formEdgeID":null},{"edgeID":"1701811","fromID":"1294472","toID":"1294471","formEdgeID":null},{"edgeID":"1701812","fromID":"1294473","toID":"1294472","formEdgeID":null},{"edgeID":"1701813","fromID":"1294471","toID":"1294474","formEdgeID":null},{"edgeID":"1701814","fromID":"1294474","toID":"1294470","formEdgeID":null},{"edgeID":"1701815","fromID":"1294465","toID":"1294475","formEdgeID":null},{"edgeID":"1701816","fromID":"1294475","toID":"1294471","formEdgeID":null},{"edgeID":"1701817","fromID":"1294470","toID":"1294476","formEdgeID":null},{"edgeID":"1701818","fromID":"1294476","toID":"1294464","formEdgeID":null},{"edgeID":"1701819","fromID":"1294479","toID":"1294478","formEdgeID":null},{"edgeID":"1701820","fromID":"1294480","toID":"1294479","formEdgeID":null},{"edgeID":"1701821","fromID":"1294478","toID":"1294481","formEdgeID":null},{"edgeID":"1701822","fromID":"1294481","toID":"1294477","formEdgeID":null},{"edgeID":"1701823","fromID":"1294471","toID":"1294482","formEdgeID":null},{"edgeID":"1701824","fromID":"1294482","toID":"1294478","formEdgeID":null},{"edgeID":"1701825","fromID":"1294485","toID":"1294484","formEdgeID":null},{"edgeID":"1701826","fromID":"1294486","toID":"1294485","formEdgeID":null},{"edgeID":"1701827","fromID":"1294484","toID":"1294487","formEdgeID":null},{"edgeID":"1701828","fromID":"1294487","toID":"1294483","formEdgeID":null},{"edgeID":"1701829","fromID":"1294489","toID":"1294488","formEdgeID":null},{"edgeID":"1701830","fromID":"1294490","toID":"1294489","formEdgeID":null},{"edgeID":"1701831","fromID":"1294488","toID":"1294491","formEdgeID":null},{"edgeID":"1701832","fromID":"1294491","toID":"1294483","formEdgeID":null},{"edgeID":"1701833","fromID":"1294494","toID":"1294493","formEdgeID":null},{"edgeID":"1701834","fromID":"1294495","toID":"1294494","formEdgeID":null},{"edgeID":"1701835","fromID":"1294493","toID":"1294496","formEdgeID":null},{"edgeID":"1701836","fromID":"1294496","toID":"1294492","formEdgeID":null},{"edgeID":"1701837","fromID":"1294478","toID":"1294497","formEdgeID":null},{"edgeID":"1701838","fromID":"1294497","toID":"1294484","formEdgeID":null},{"edgeID":"1701839","fromID":"1294484","toID":"1294498","formEdgeID":null},{"edgeID":"1701840","fromID":"1294498","toID":"1294493","formEdgeID":null},{"edgeID":"1701841","fromID":"1294484","toID":"1294499","formEdgeID":null},{"edgeID":"1701842","fromID":"1294499","toID":"1294493","formEdgeID":null},{"edgeID":"1701843","fromID":"1294492","toID":"1294500","formEdgeID":null},{"edgeID":"1701844","fromID":"1294500","toID":"1294488","formEdgeID":null},{"edgeID":"1701845","fromID":"1294503","toID":"1294502","formEdgeID":null},{"edgeID":"1701846","fromID":"1294504","toID":"1294503","formEdgeID":null},{"edgeID":"1701847","fromID":"1294502","toID":"1294505","formEdgeID":null},{"edgeID":"1701848","fromID":"1294505","toID":"1294501","formEdgeID":null},{"edgeID":"1701849","fromID":"1294493","toID":"1294506","formEdgeID":null},{"edgeID":"1701850","fromID":"1294506","toID":"1294502","formEdgeID":null},{"edgeID":"1701851","fromID":"1294493","toID":"1294507","formEdgeID":null},{"edgeID":"1701852","fromID":"1294507","toID":"1294502","formEdgeID":null},{"edgeID":"1701853","fromID":"1294501","toID":"1294508","formEdgeID":null},{"edgeID":"1701854","fromID":"1294508","toID":"1294492","formEdgeID":null},{"edgeID":"1701855","fromID":"1294507","toID":"1294509","formEdgeID":null},{"edgeID":"1701856","fromID":"1294509","toID":"1294508","formEdgeID":null},{"edgeID":"1701857","fromID":"1294493","toID":"1294510","formEdgeID":null},{"edgeID":"1701858","fromID":"1294510","toID":"1294502","formEdgeID":null},{"edgeID":"1701859","fromID":"1294513","toID":"1294512","formEdgeID":null},{"edgeID":"1701860","fromID":"1294514","toID":"1294513","formEdgeID":null},{"edgeID":"1701861","fromID":"1294512","toID":"1294515","formEdgeID":null},{"edgeID":"1701862","fromID":"1294515","toID":"1294511","formEdgeID":null},{"edgeID":"1701863","fromID":"1294502","toID":"1294516","formEdgeID":null},{"edgeID":"1701864","fromID":"1294516","toID":"1294512","formEdgeID":null},{"edgeID":"1701865","fromID":"1294502","toID":"1294517","formEdgeID":null},{"edgeID":"1701866","fromID":"1294517","toID":"1294512","formEdgeID":null},{"edgeID":"1701867","fromID":"1294520","toID":"1294519","formEdgeID":null},{"edgeID":"1701868","fromID":"1294521","toID":"1294520","formEdgeID":null},{"edgeID":"1701869","fromID":"1294519","toID":"1294522","formEdgeID":null},{"edgeID":"1701870","fromID":"1294522","toID":"1294518","formEdgeID":null},{"edgeID":"1701871","fromID":"1294512","toID":"1294523","formEdgeID":null},{"edgeID":"1701872","fromID":"1294523","toID":"1294519","formEdgeID":null},{"edgeID":"1701873","fromID":"1294512","toID":"1294524","formEdgeID":null},{"edgeID":"1701874","fromID":"1294524","toID":"1294519","formEdgeID":null},{"edgeID":"1701875","fromID":"1294527","toID":"1294526","formEdgeID":null},{"edgeID":"1701876","fromID":"1294528","toID":"1294527","formEdgeID":null},{"edgeID":"1701877","fromID":"1294526","toID":"1294529","formEdgeID":null},{"edgeID":"1701878","fromID":"1294529","toID":"1294525","formEdgeID":null},{"edgeID":"1701879","fromID":"1294519","toID":"1294530","formEdgeID":null},{"edgeID":"1701880","fromID":"1294530","toID":"1294526","formEdgeID":null},{"edgeID":"1701881","fromID":"1294519","toID":"1294531","formEdgeID":null},{"edgeID":"1701882","fromID":"1294531","toID":"1294526","formEdgeID":null},{"edgeID":"1701883","fromID":"1294415","toID":"1294532","formEdgeID":null},{"edgeID":"1701884","fromID":"1294532","toID":"1294410","formEdgeID":null},{"edgeID":"1701885","fromID":"1294420","toID":"1294533","formEdgeID":null},{"edgeID":"1701886","fromID":"1294533","toID":"1294532","formEdgeID":null},{"edgeID":"1701887","fromID":"1294475","toID":"1294534","formEdgeID":null},{"edgeID":"1701888","fromID":"1294534","toID":"1294476","formEdgeID":null},{"edgeID":"1701889","fromID":"1294465","toID":"1294535","formEdgeID":null},{"edgeID":"1701890","fromID":"1294535","toID":"1294471","formEdgeID":null},{"edgeID":"1701891","fromID":"1294492","toID":"1294536","formEdgeID":null},{"edgeID":"1701892","fromID":"1294536","toID":"1294477","formEdgeID":null},{"edgeID":"1701893","fromID":"1294478","toID":"1294537","formEdgeID":null},{"edgeID":"1701894","fromID":"1294537","toID":"1294493","formEdgeID":null},{"edgeID":"1701895","fromID":"1294478","toID":"1294538","formEdgeID":null},{"edgeID":"1701896","fromID":"1294538","toID":"1294493","formEdgeID":null},{"edgeID":"1701897","fromID":"1294538","toID":"1294539","formEdgeID":null},{"edgeID":"1701898","fromID":"1294539","toID":"1294536","formEdgeID":null},{"edgeID":"1701899","fromID":"1294478","toID":"1294540","formEdgeID":null},{"edgeID":"1701900","fromID":"1294540","toID":"1294493","formEdgeID":null}],"locutions":[]}