{"nodes":[{"nodeID":"1293239","text":"Putin has not been deterred by the sanctions so far","type":"I","timestamp":"2023-11-09 12:46:04"},{"nodeID":"1293240","text":"AudienceMember 20220310QT01: Putin has not been deterred by the sanctions so far","type":"L","timestamp":"2023-11-09 12:46:04"},{"nodeID":"1293241","text":"Analysing","type":"YA","timestamp":"2023-11-09 12:46:04"},{"nodeID":"1293242","text":"Chris : AudienceMember 20220310QT01: Putin has not been deterred by the sanctions so far","type":"L","timestamp":"2023-11-09 12:46:04"},{"nodeID":"1293243","text":"Asserting","type":"YA","timestamp":"2023-11-09 12:46:04"},{"nodeID":"1293244","text":"xxx is what else can be done other than a war that nobody has got an appetite for","type":"I","timestamp":"2023-11-09 12:46:05"},{"nodeID":"1293245","text":"AudienceMember 20220310QT01: What else can be done other than a war that nobody has got an appetite for","type":"L","timestamp":"2023-11-09 12:46:05"},{"nodeID":"1293246","text":"Analysing","type":"YA","timestamp":"2023-11-09 12:46:05"},{"nodeID":"1293247","text":"Chris : AudienceMember 20220310QT01: What else can be done other than a war that nobody has got an appetite for","type":"L","timestamp":"2023-11-09 12:46:05"},{"nodeID":"1293248","text":"Pure Questioning","type":"YA","timestamp":"2023-11-09 12:46:05"},{"nodeID":"1293249","text":"Default Inference","type":"RA","timestamp":"2023-11-09 12:46:05"},{"nodeID":"1293250","text":"Default Transition","type":"TA","timestamp":"2023-11-09 12:46:05"},{"nodeID":"1293251","text":"Arguing","type":"YA","timestamp":"2023-11-09 12:46:05"},{"nodeID":"1293252","text":"AudienceMember 20220310QT01 will have heard what we can't do","type":"I","timestamp":"2023-11-09 12:46:05"},{"nodeID":"1293253","text":"Penny Mordaunt:  you'll have heard what we can't do","type":"L","timestamp":"2023-11-09 12:46:05"},{"nodeID":"1293254","text":"Analysing","type":"YA","timestamp":"2023-11-09 12:46:05"},{"nodeID":"1293255","text":"Chris : Penny Mordaunt:  you'll have heard what we can't do","type":"L","timestamp":"2023-11-09 12:46:05"},{"nodeID":"1293256","text":"Asserting","type":"YA","timestamp":"2023-11-09 12:46:05"},{"nodeID":"1293257","text":"Default Transition","type":"TA","timestamp":"2023-11-09 12:46:05"},{"nodeID":"1293258","text":"AudienceMember 20220310QT01 will have heard the Defence Secretary explain over the last few days why NATO is not going to stand up a no-fly zone which a lot of people are asking for","type":"I","timestamp":"2023-11-09 12:46:06"},{"nodeID":"1293259","text":"Penny Mordaunt: You'll have heard the Defence Secretary explain over the last few days why NATO is not going to stand up a no-fly zone which a lot of people are asking for","type":"L","timestamp":"2023-11-09 12:46:06"},{"nodeID":"1293260","text":"Analysing","type":"YA","timestamp":"2023-11-09 12:46:06"},{"nodeID":"1293261","text":"Chris : Penny Mordaunt: You'll have heard the Defence Secretary explain over the last few days why NATO is not going to stand up a no-fly zone which a lot of people are asking for","type":"L","timestamp":"2023-11-09 12:46:06"},{"nodeID":"1293262","text":"Asserting","type":"YA","timestamp":"2023-11-09 12:46:06"},{"nodeID":"1293263","text":"Default Transition","type":"TA","timestamp":"2023-11-09 12:46:06"},{"nodeID":"1293264","text":"the Defence Secretary outlined why standing up to the no fly zone would be very difficult to do","type":"I","timestamp":"2023-11-09 12:46:07"},{"nodeID":"1293265","text":"Penny Mordaunt: he's outlined why that would be very difficult to do","type":"L","timestamp":"2023-11-09 12:46:07"},{"nodeID":"1293266","text":"Analysing","type":"YA","timestamp":"2023-11-09 12:46:07"},{"nodeID":"1293267","text":"Chris : Penny Mordaunt: he's outlined why that would be very difficult to do","type":"L","timestamp":"2023-11-09 12:46:07"},{"nodeID":"1293268","text":"Asserting","type":"YA","timestamp":"2023-11-09 12:46:07"},{"nodeID":"1293269","text":"there would be huge risks to standing up to the no fly zone","type":"I","timestamp":"2023-11-09 12:46:07"},{"nodeID":"1293270","text":"Penny Mordaunt: there would be huge risks to doing it","type":"L","timestamp":"2023-11-09 12:46:07"},{"nodeID":"1293271","text":"Analysing","type":"YA","timestamp":"2023-11-09 12:46:07"},{"nodeID":"1293272","text":"Chris : Penny Mordaunt: there would be huge risks to doing it","type":"L","timestamp":"2023-11-09 12:46:07"},{"nodeID":"1293273","text":"Asserting","type":"YA","timestamp":"2023-11-09 12:46:07"},{"nodeID":"1293274","text":"Default Transition","type":"TA","timestamp":"2023-11-09 12:46:07"},{"nodeID":"1293275","text":"Default Transition","type":"TA","timestamp":"2023-11-09 12:46:07"},{"nodeID":"1293276","text":"Default Rephrase","type":"MA","timestamp":"2023-11-09 12:46:07"},{"nodeID":"1293277","text":"Default Illocuting","type":"YA","timestamp":"2023-11-09 12:46:07"},{"nodeID":"1293278","text":"Default Rephrase","type":"MA","timestamp":"2023-11-09 12:46:07"},{"nodeID":"1293279","text":"Restating","type":"YA","timestamp":"2023-11-09 12:46:07"},{"nodeID":"1293280","text":"Penny Mordaunt just outline that for us","type":"I","timestamp":"2023-11-09 12:46:08"},{"nodeID":"1293281","text":"Fiona Bruce: Do you want to just outline that for us","type":"L","timestamp":"2023-11-09 12:46:08"},{"nodeID":"1293282","text":"Analysing","type":"YA","timestamp":"2023-11-09 12:46:08"},{"nodeID":"1293283","text":"Chris : Fiona Bruce: Do you want to just outline that for us","type":"L","timestamp":"2023-11-09 12:46:08"},{"nodeID":"1293284","text":"Assertive Questioning","type":"YA","timestamp":"2023-11-09 12:46:08"},{"nodeID":"1293285","text":"Default Transition","type":"TA","timestamp":"2023-11-09 12:46:08"},{"nodeID":"1293286","text":"NATO don't want any troops or aircraft to come into contact or combat with Russian forces","type":"I","timestamp":"2023-11-09 12:46:08"},{"nodeID":"1293287","text":"Penny Mordaunt:  they don't want to do is for any NATO troops or aircraft to come into contact or combat with Russian forces","type":"L","timestamp":"2023-11-09 12:46:08"},{"nodeID":"1293288","text":"Analysing","type":"YA","timestamp":"2023-11-09 12:46:08"},{"nodeID":"1293289","text":"Chris : Penny Mordaunt:  they don't want to do is for any NATO troops or aircraft to come into contact or combat with Russian forces","type":"L","timestamp":"2023-11-09 12:46:08"},{"nodeID":"1293290","text":"Asserting","type":"YA","timestamp":"2023-11-09 12:46:08"},{"nodeID":"1293291","text":"they put some red lines in place in NATO to ensure that the situation is not going to escalate","type":"I","timestamp":"2023-11-09 12:46:09"},{"nodeID":"1293292","text":"Penny Mordaunt: they put some red lines in place in NATO to ensure that the situation is not going to escalate","type":"L","timestamp":"2023-11-09 12:46:09"},{"nodeID":"1293293","text":"Analysing","type":"YA","timestamp":"2023-11-09 12:46:09"},{"nodeID":"1293294","text":"Chris : Penny Mordaunt: they put some red lines in place in NATO to ensure that the situation is not going to escalate","type":"L","timestamp":"2023-11-09 12:46:09"},{"nodeID":"1293295","text":"Asserting","type":"YA","timestamp":"2023-11-09 12:46:09"},{"nodeID":"1293296","text":"Default Transition","type":"TA","timestamp":"2023-11-09 12:46:09"},{"nodeID":"1293297","text":"Default Transition","type":"TA","timestamp":"2023-11-09 12:46:09"},{"nodeID":"1293298","text":"Default Rephrase","type":"MA","timestamp":"2023-11-09 12:46:09"},{"nodeID":"1293299","text":"Restating","type":"YA","timestamp":"2023-11-09 12:46:09"},{"nodeID":"1293300","text":"Default Rephrase","type":"MA","timestamp":"2023-11-09 12:46:09"},{"nodeID":"1293301","text":"Default Illocuting","type":"YA","timestamp":"2023-11-09 12:46:09"},{"nodeID":"1293302","text":"Default Rephrase","type":"MA","timestamp":"2023-11-09 12:46:09"},{"nodeID":"1293303","text":"Default Inference","type":"RA","timestamp":"2023-11-09 12:46:09"},{"nodeID":"1293304","text":"Restating","type":"YA","timestamp":"2023-11-09 12:46:09"},{"nodeID":"1293305","text":"Arguing","type":"YA","timestamp":"2023-11-09 12:46:09"}],"edges":[{"edgeID":"1700366","fromID":"1293241","toID":"1293240","formEdgeID":null},{"edgeID":"1700367","fromID":"1293242","toID":"1293241","formEdgeID":null},{"edgeID":"1700368","fromID":"1293240","toID":"1293243","formEdgeID":null},{"edgeID":"1700369","fromID":"1293243","toID":"1293239","formEdgeID":null},{"edgeID":"1700370","fromID":"1293246","toID":"1293245","formEdgeID":null},{"edgeID":"1700371","fromID":"1293247","toID":"1293246","formEdgeID":null},{"edgeID":"1700372","fromID":"1293245","toID":"1293248","formEdgeID":null},{"edgeID":"1700373","fromID":"1293248","toID":"1293244","formEdgeID":null},{"edgeID":"1700374","fromID":"1293239","toID":"1293249","formEdgeID":null},{"edgeID":"1700375","fromID":"1293249","toID":"1293244","formEdgeID":null},{"edgeID":"1700376","fromID":"1293240","toID":"1293250","formEdgeID":null},{"edgeID":"1700377","fromID":"1293250","toID":"1293245","formEdgeID":null},{"edgeID":"1700378","fromID":"1293250","toID":"1293251","formEdgeID":null},{"edgeID":"1700379","fromID":"1293251","toID":"1293249","formEdgeID":null},{"edgeID":"1700380","fromID":"1293254","toID":"1293253","formEdgeID":null},{"edgeID":"1700381","fromID":"1293255","toID":"1293254","formEdgeID":null},{"edgeID":"1700382","fromID":"1293253","toID":"1293256","formEdgeID":null},{"edgeID":"1700383","fromID":"1293256","toID":"1293252","formEdgeID":null},{"edgeID":"1700384","fromID":"1293245","toID":"1293257","formEdgeID":null},{"edgeID":"1700385","fromID":"1293257","toID":"1293253","formEdgeID":null},{"edgeID":"1700386","fromID":"1293260","toID":"1293259","formEdgeID":null},{"edgeID":"1700387","fromID":"1293261","toID":"1293260","formEdgeID":null},{"edgeID":"1700388","fromID":"1293259","toID":"1293262","formEdgeID":null},{"edgeID":"1700389","fromID":"1293262","toID":"1293258","formEdgeID":null},{"edgeID":"1700390","fromID":"1293253","toID":"1293263","formEdgeID":null},{"edgeID":"1700391","fromID":"1293263","toID":"1293259","formEdgeID":null},{"edgeID":"1700392","fromID":"1293266","toID":"1293265","formEdgeID":null},{"edgeID":"1700393","fromID":"1293267","toID":"1293266","formEdgeID":null},{"edgeID":"1700394","fromID":"1293265","toID":"1293268","formEdgeID":null},{"edgeID":"1700395","fromID":"1293268","toID":"1293264","formEdgeID":null},{"edgeID":"1700396","fromID":"1293271","toID":"1293270","formEdgeID":null},{"edgeID":"1700397","fromID":"1293272","toID":"1293271","formEdgeID":null},{"edgeID":"1700398","fromID":"1293270","toID":"1293273","formEdgeID":null},{"edgeID":"1700399","fromID":"1293273","toID":"1293269","formEdgeID":null},{"edgeID":"1700400","fromID":"1293259","toID":"1293274","formEdgeID":null},{"edgeID":"1700401","fromID":"1293274","toID":"1293265","formEdgeID":null},{"edgeID":"1700402","fromID":"1293265","toID":"1293275","formEdgeID":null},{"edgeID":"1700403","fromID":"1293275","toID":"1293270","formEdgeID":null},{"edgeID":"1700404","fromID":"1293252","toID":"1293276","formEdgeID":null},{"edgeID":"1700405","fromID":"1293276","toID":"1293244","formEdgeID":null},{"edgeID":"1700406","fromID":"1293257","toID":"1293277","formEdgeID":null},{"edgeID":"1700407","fromID":"1293277","toID":"1293276","formEdgeID":null},{"edgeID":"1700408","fromID":"1293258","toID":"1293278","formEdgeID":null},{"edgeID":"1700409","fromID":"1293278","toID":"1293252","formEdgeID":null},{"edgeID":"1700410","fromID":"1293263","toID":"1293279","formEdgeID":null},{"edgeID":"1700411","fromID":"1293279","toID":"1293278","formEdgeID":null},{"edgeID":"1700412","fromID":"1293282","toID":"1293281","formEdgeID":null},{"edgeID":"1700413","fromID":"1293283","toID":"1293282","formEdgeID":null},{"edgeID":"1700414","fromID":"1293281","toID":"1293284","formEdgeID":null},{"edgeID":"1700415","fromID":"1293284","toID":"1293280","formEdgeID":null},{"edgeID":"1700416","fromID":"1293270","toID":"1293285","formEdgeID":null},{"edgeID":"1700417","fromID":"1293285","toID":"1293281","formEdgeID":null},{"edgeID":"1700418","fromID":"1293288","toID":"1293287","formEdgeID":null},{"edgeID":"1700419","fromID":"1293289","toID":"1293288","formEdgeID":null},{"edgeID":"1700420","fromID":"1293287","toID":"1293290","formEdgeID":null},{"edgeID":"1700421","fromID":"1293290","toID":"1293286","formEdgeID":null},{"edgeID":"1700422","fromID":"1293293","toID":"1293292","formEdgeID":null},{"edgeID":"1700423","fromID":"1293294","toID":"1293293","formEdgeID":null},{"edgeID":"1700424","fromID":"1293292","toID":"1293295","formEdgeID":null},{"edgeID":"1700425","fromID":"1293295","toID":"1293291","formEdgeID":null},{"edgeID":"1700426","fromID":"1293281","toID":"1293296","formEdgeID":null},{"edgeID":"1700427","fromID":"1293296","toID":"1293292","formEdgeID":null},{"edgeID":"1700428","fromID":"1293292","toID":"1293297","formEdgeID":null},{"edgeID":"1700429","fromID":"1293297","toID":"1293287","formEdgeID":null},{"edgeID":"1700430","fromID":"1293286","toID":"1293298","formEdgeID":null},{"edgeID":"1700431","fromID":"1293298","toID":"1293291","formEdgeID":null},{"edgeID":"1700432","fromID":"1293297","toID":"1293299","formEdgeID":null},{"edgeID":"1700433","fromID":"1293299","toID":"1293298","formEdgeID":null},{"edgeID":"1700434","fromID":"1293291","toID":"1293300","formEdgeID":null},{"edgeID":"1700435","fromID":"1293300","toID":"1293280","formEdgeID":null},{"edgeID":"1700436","fromID":"1293296","toID":"1293301","formEdgeID":null},{"edgeID":"1700437","fromID":"1293301","toID":"1293300","formEdgeID":null},{"edgeID":"1700438","fromID":"1293264","toID":"1293302","formEdgeID":null},{"edgeID":"1700439","fromID":"1293302","toID":"1293258","formEdgeID":null},{"edgeID":"1700440","fromID":"1293269","toID":"1293303","formEdgeID":null},{"edgeID":"1700441","fromID":"1293303","toID":"1293264","formEdgeID":null},{"edgeID":"1700442","fromID":"1293274","toID":"1293304","formEdgeID":null},{"edgeID":"1700443","fromID":"1293304","toID":"1293302","formEdgeID":null},{"edgeID":"1700444","fromID":"1293275","toID":"1293305","formEdgeID":null},{"edgeID":"1700445","fromID":"1293305","toID":"1293303","formEdgeID":null}],"locutions":[]}