{"nodes":[{"nodeID":"1297399","text":"the Tories are putting barriers to people coming to the UK","type":"I","timestamp":"2023-11-09 12:51:46"},{"nodeID":"1297400","text":"Peter Kyle: You're putting barriers to people coming here","type":"L","timestamp":"2023-11-09 12:51:46"},{"nodeID":"1297401","text":"Analysing","type":"YA","timestamp":"2023-11-09 12:51:46"},{"nodeID":"1297402","text":"Anna : Peter Kyle: You're putting barriers to people coming here","type":"L","timestamp":"2023-11-09 12:51:46"},{"nodeID":"1297403","text":"Asserting","type":"YA","timestamp":"2023-11-09 12:51:46"},{"nodeID":"1297404","text":"Penny Mordaunt will look at that case personally","type":"I","timestamp":"2023-11-09 12:51:46"},{"nodeID":"1297405","text":"Penny Mordaunt: I will look at that case personally","type":"L","timestamp":"2023-11-09 12:51:47"},{"nodeID":"1297406","text":"Analysing","type":"YA","timestamp":"2023-11-09 12:51:47"},{"nodeID":"1297407","text":"Anna : Penny Mordaunt: I will look at that case personally","type":"L","timestamp":"2023-11-09 12:51:47"},{"nodeID":"1297408","text":"Asserting","type":"YA","timestamp":"2023-11-09 12:51:47"},{"nodeID":"1297409","text":"putting barriers to people coming to the UK is not what should be happening","type":"I","timestamp":"2023-11-09 12:51:47"},{"nodeID":"1297410","text":"Penny Mordaunt:  that is not what should be happening","type":"L","timestamp":"2023-11-09 12:51:47"},{"nodeID":"1297411","text":"Analysing","type":"YA","timestamp":"2023-11-09 12:51:47"},{"nodeID":"1297412","text":"Anna : Penny Mordaunt:  that is not what should be happening","type":"L","timestamp":"2023-11-09 12:51:47"},{"nodeID":"1297413","text":"Asserting","type":"YA","timestamp":"2023-11-09 12:51:47"},{"nodeID":"1297414","text":"Penny Mordaunt has been speaking to people today who are handling immigration cases","type":"I","timestamp":"2023-11-09 12:51:48"},{"nodeID":"1297415","text":"Penny Mordaunt:  I have been speaking to people today who are doing this","type":"L","timestamp":"2023-11-09 12:51:48"},{"nodeID":"1297416","text":"Analysing","type":"YA","timestamp":"2023-11-09 12:51:48"},{"nodeID":"1297417","text":"Anna : Penny Mordaunt:  I have been speaking to people today who are doing this","type":"L","timestamp":"2023-11-09 12:51:48"},{"nodeID":"1297418","text":"Asserting","type":"YA","timestamp":"2023-11-09 12:51:48"},{"nodeID":"1297419","text":"this is not what is happening","type":"I","timestamp":"2023-11-09 12:51:48"},{"nodeID":"1297420","text":"Penny Mordaunt: This is not what is happening","type":"L","timestamp":"2023-11-09 12:51:48"},{"nodeID":"1297421","text":"Analysing","type":"YA","timestamp":"2023-11-09 12:51:48"},{"nodeID":"1297422","text":"Anna : Penny Mordaunt: This is not what is happening","type":"L","timestamp":"2023-11-09 12:51:48"},{"nodeID":"1297423","text":"Asserting","type":"YA","timestamp":"2023-11-09 12:51:48"},{"nodeID":"1297424","text":"Penny Mordaunt does not want to give people the impression that they can't come across the border and get the assistance that they need","type":"I","timestamp":"2023-11-09 12:51:49"},{"nodeID":"1297425","text":"Penny Mordaunt:  I don't want to give people the impression that they can't come across the border and get the assistance that they need","type":"L","timestamp":"2023-11-09 12:51:49"},{"nodeID":"1297426","text":"Analysing","type":"YA","timestamp":"2023-11-09 12:51:49"},{"nodeID":"1297427","text":"Anna : Penny Mordaunt:  I don't want to give people the impression that they can't come across the border and get the assistance that they need","type":"L","timestamp":"2023-11-09 12:51:49"},{"nodeID":"1297428","text":"Asserting","type":"YA","timestamp":"2023-11-09 12:51:49"},{"nodeID":"1297429","text":"there is two schemes","type":"I","timestamp":"2023-11-09 12:51:49"},{"nodeID":"1297430","text":"Fiona Bruce:  I understand there is two schemes","type":"L","timestamp":"2023-11-09 12:51:49"},{"nodeID":"1297431","text":"Analysing","type":"YA","timestamp":"2023-11-09 12:51:49"},{"nodeID":"1297432","text":"Anna : Fiona Bruce:  I understand there is two schemes","type":"L","timestamp":"2023-11-09 12:51:49"},{"nodeID":"1297433","text":"Asserting","type":"YA","timestamp":"2023-11-09 12:51:49"},{"nodeID":"1297434","text":"one where there needs to be a family link and one where you need to be sponsored by a business or charity","type":"I","timestamp":"2023-11-09 12:51:50"},{"nodeID":"1297435","text":"Fiona Bruce: One where there needs to be a family link and one where you need to be sponsored by a business or charity","type":"L","timestamp":"2023-11-09 12:51:50"},{"nodeID":"1297436","text":"Analysing","type":"YA","timestamp":"2023-11-09 12:51:50"},{"nodeID":"1297437","text":"Anna : Fiona Bruce: One where there needs to be a family link and one where you need to be sponsored by a business or charity","type":"L","timestamp":"2023-11-09 12:51:50"},{"nodeID":"1297438","text":"Asserting","type":"YA","timestamp":"2023-11-09 12:51:50"},{"nodeID":"1297439","text":"there is the community scheme","type":"I","timestamp":"2023-11-09 12:51:51"},{"nodeID":"1297440","text":"Penny Mordaunt: There is the community scheme","type":"L","timestamp":"2023-11-09 12:51:51"},{"nodeID":"1297441","text":"Analysing","type":"YA","timestamp":"2023-11-09 12:51:51"},{"nodeID":"1297442","text":"Anna : Penny Mordaunt: There is the community scheme","type":"L","timestamp":"2023-11-09 12:51:51"},{"nodeID":"1297443","text":"Asserting","type":"YA","timestamp":"2023-11-09 12:51:51"},{"nodeID":"1297444","text":"you don't need to have a family member in the UK","type":"I","timestamp":"2023-11-09 12:51:51"},{"nodeID":"1297445","text":"Penny Mordaunt: You don't need to have a family member in the UK","type":"L","timestamp":"2023-11-09 12:51:51"},{"nodeID":"1297446","text":"Analysing","type":"YA","timestamp":"2023-11-09 12:51:51"},{"nodeID":"1297447","text":"Anna : Penny Mordaunt: You don't need to have a family member in the UK","type":"L","timestamp":"2023-11-09 12:51:51"},{"nodeID":"1297448","text":"Asserting","type":"YA","timestamp":"2023-11-09 12:51:51"},{"nodeID":"1297449","text":"you need to be sponsored by a business, individual or charity","type":"I","timestamp":"2023-11-09 12:51:52"},{"nodeID":"1297450","text":"Fiona Bruce: You need to be sponsored by a business, individual or charity","type":"L","timestamp":"2023-11-09 12:51:52"},{"nodeID":"1297451","text":"Analysing","type":"YA","timestamp":"2023-11-09 12:51:52"},{"nodeID":"1297452","text":"Anna : Fiona Bruce: You need to be sponsored by a business, individual or charity","type":"L","timestamp":"2023-11-09 12:51:52"},{"nodeID":"1297453","text":"Asserting","type":"YA","timestamp":"2023-11-09 12:51:52"},{"nodeID":"1297454","text":"no, you can also be a refugee, forgive the term, but you can also do that","type":"I","timestamp":"2023-11-09 12:51:52"},{"nodeID":"1297455","text":"Penny Mordaunt: No, you can also be a refugee, forgive the term, but you can also do that","type":"L","timestamp":"2023-11-09 12:51:52"},{"nodeID":"1297456","text":"Analysing","type":"YA","timestamp":"2023-11-09 12:51:52"},{"nodeID":"1297457","text":"Anna : Penny Mordaunt: No, you can also be a refugee, forgive the term, but you can also do that","type":"L","timestamp":"2023-11-09 12:51:52"},{"nodeID":"1297458","text":"Asserting","type":"YA","timestamp":"2023-11-09 12:51:52"},{"nodeID":"1297459","text":"it is really people that want to come to the UK","type":"I","timestamp":"2023-11-09 12:51:53"},{"nodeID":"1297460","text":"Penny Mordaunt: It is really people that want to come to the UK","type":"L","timestamp":"2023-11-09 12:51:53"},{"nodeID":"1297461","text":"Analysing","type":"YA","timestamp":"2023-11-09 12:51:53"},{"nodeID":"1297462","text":"Anna : Penny Mordaunt: It is really people that want to come to the UK","type":"L","timestamp":"2023-11-09 12:51:53"},{"nodeID":"1297463","text":"Asserting","type":"YA","timestamp":"2023-11-09 12:51:53"},{"nodeID":"1297464","text":"most people will want to stay by their home country","type":"I","timestamp":"2023-11-09 12:51:53"},{"nodeID":"1297465","text":"Penny Mordaunt: As has been said, most people will want to stay by their home country","type":"L","timestamp":"2023-11-09 12:51:53"},{"nodeID":"1297466","text":"Analysing","type":"YA","timestamp":"2023-11-09 12:51:53"},{"nodeID":"1297467","text":"Anna : Penny Mordaunt: As has been said, most people will want to stay by their home country","type":"L","timestamp":"2023-11-09 12:51:53"},{"nodeID":"1297468","text":"Asserting","type":"YA","timestamp":"2023-11-09 12:51:53"},{"nodeID":"1297469","text":"people coming into the UK is what is happening, and currently we're at about 6,000 applications a day","type":"I","timestamp":"2023-11-09 12:51:54"},{"nodeID":"1297470","text":"Penny Mordaunt: but that is what is happening, and currently we're at about 6,000 applications a day","type":"L","timestamp":"2023-11-09 12:51:54"},{"nodeID":"1297471","text":"Analysing","type":"YA","timestamp":"2023-11-09 12:51:54"},{"nodeID":"1297472","text":"Anna : Penny Mordaunt: but that is what is happening, and currently we're at about 6,000 applications a day","type":"L","timestamp":"2023-11-09 12:51:54"},{"nodeID":"1297473","text":"Asserting","type":"YA","timestamp":"2023-11-09 12:51:54"},{"nodeID":"1297474","text":"more support is needed for Ukrainians","type":"I","timestamp":"2023-11-09 12:51:55"},{"nodeID":"1297475","text":"Penny Mordaunt: If more support is needed","type":"L","timestamp":"2023-11-09 12:51:55"},{"nodeID":"1297476","text":"Analysing","type":"YA","timestamp":"2023-11-09 12:51:55"},{"nodeID":"1297477","text":"Anna : Penny Mordaunt: If more support is needed","type":"L","timestamp":"2023-11-09 12:51:55"},{"nodeID":"1297478","text":"Asserting","type":"YA","timestamp":"2023-11-09 12:51:55"},{"nodeID":"1297479","text":"more support will be put in place for Ukrainians","type":"I","timestamp":"2023-11-09 12:51:55"},{"nodeID":"1297480","text":"Penny Mordaunt:  that will be put in","type":"L","timestamp":"2023-11-09 12:51:55"},{"nodeID":"1297481","text":"Analysing","type":"YA","timestamp":"2023-11-09 12:51:55"},{"nodeID":"1297482","text":"Anna : Penny Mordaunt:  that will be put in","type":"L","timestamp":"2023-11-09 12:51:55"},{"nodeID":"1297483","text":"Asserting","type":"YA","timestamp":"2023-11-09 12:51:55"},{"nodeID":"1297484","text":"Penny Mordaunt does not want people to take away a message that people can't get assistance","type":"I","timestamp":"2023-11-09 12:51:56"},{"nodeID":"1297485","text":"Penny Mordaunt: but I don't want people to take away a message that people can't do that","type":"L","timestamp":"2023-11-09 12:51:56"},{"nodeID":"1297486","text":"Analysing","type":"YA","timestamp":"2023-11-09 12:51:56"},{"nodeID":"1297487","text":"Anna : Penny Mordaunt: but I don't want people to take away a message that people can't do that","type":"L","timestamp":"2023-11-09 12:51:56"},{"nodeID":"1297488","text":"Asserting","type":"YA","timestamp":"2023-11-09 12:51:56"},{"nodeID":"1297489","text":"we are going to do our bit","type":"I","timestamp":"2023-11-09 12:51:56"},{"nodeID":"1297490","text":"Penny Mordaunt: We are going to do our bit","type":"L","timestamp":"2023-11-09 12:51:56"},{"nodeID":"1297491","text":"Analysing","type":"YA","timestamp":"2023-11-09 12:51:56"},{"nodeID":"1297492","text":"Anna : Penny Mordaunt: We are going to do our bit","type":"L","timestamp":"2023-11-09 12:51:56"},{"nodeID":"1297493","text":"Asserting","type":"YA","timestamp":"2023-11-09 12:51:56"},{"nodeID":"1297494","text":"that is our history","type":"I","timestamp":"2023-11-09 12:51:57"},{"nodeID":"1297495","text":"Penny Mordaunt:  That is our history","type":"L","timestamp":"2023-11-09 12:51:57"},{"nodeID":"1297496","text":"Analysing","type":"YA","timestamp":"2023-11-09 12:51:57"},{"nodeID":"1297497","text":"Anna : Penny Mordaunt:  That is our history","type":"L","timestamp":"2023-11-09 12:51:57"},{"nodeID":"1297498","text":"Asserting","type":"YA","timestamp":"2023-11-09 12:51:57"},{"nodeID":"1297499","text":"that is our recent history with Afghanistan, with Hong Kong","type":"I","timestamp":"2023-11-09 12:51:57"},{"nodeID":"1297500","text":"Penny Mordaunt: That is our recent history with Afghanistan, with Hong Kong","type":"L","timestamp":"2023-11-09 12:51:57"},{"nodeID":"1297501","text":"Analysing","type":"YA","timestamp":"2023-11-09 12:51:57"},{"nodeID":"1297502","text":"Anna : Penny Mordaunt: That is our recent history with Afghanistan, with Hong Kong","type":"L","timestamp":"2023-11-09 12:51:57"},{"nodeID":"1297503","text":"Asserting","type":"YA","timestamp":"2023-11-09 12:51:57"},{"nodeID":"1297504","text":"that is what we will do as a country","type":"I","timestamp":"2023-11-09 12:51:58"},{"nodeID":"1297505","text":"Penny Mordaunt: That is what we will do as a country","type":"L","timestamp":"2023-11-09 12:51:58"},{"nodeID":"1297506","text":"Analysing","type":"YA","timestamp":"2023-11-09 12:51:58"},{"nodeID":"1297507","text":"Anna : Penny Mordaunt: That is what we will do as a country","type":"L","timestamp":"2023-11-09 12:51:58"},{"nodeID":"1297508","text":"Asserting","type":"YA","timestamp":"2023-11-09 12:51:58"},{"nodeID":"1297509","text":"I think we need to think a little bit out of the box","type":"I","timestamp":"2023-11-09 12:51:59"},{"nodeID":"1297510","text":"AudienceMember 20220310QT28:  I think we need to think a little bit out of the box","type":"L","timestamp":"2023-11-09 12:51:59"},{"nodeID":"1297511","text":"Analysing","type":"YA","timestamp":"2023-11-09 12:51:59"},{"nodeID":"1297512","text":"Anna : AudienceMember 20220310QT28:  I think we need to think a little bit out of the box","type":"L","timestamp":"2023-11-09 12:51:59"},{"nodeID":"1297513","text":"Asserting","type":"YA","timestamp":"2023-11-09 12:51:59"},{"nodeID":"1297514","text":"Default Transition","type":"TA","timestamp":"2023-11-09 12:51:59"},{"nodeID":"1297515","text":"Default Conflict","type":"CA","timestamp":"2023-11-09 12:51:59"},{"nodeID":"1297516","text":"Default Transition","type":"TA","timestamp":"2023-11-09 12:51:59"},{"nodeID":"1297517","text":"Disagreeing","type":"YA","timestamp":"2023-11-09 12:51:59"},{"nodeID":"1297518","text":"Default Transition","type":"TA","timestamp":"2023-11-09 12:51:59"},{"nodeID":"1297519","text":"Default Inference","type":"RA","timestamp":"2023-11-09 12:51:59"},{"nodeID":"1297520","text":"Arguing","type":"YA","timestamp":"2023-11-09 12:51:59"},{"nodeID":"1297521","text":"Default Transition","type":"TA","timestamp":"2023-11-09 12:51:59"},{"nodeID":"1297522","text":"Default Transition","type":"TA","timestamp":"2023-11-09 12:51:59"},{"nodeID":"1297523","text":"Default Transition","type":"TA","timestamp":"2023-11-09 12:51:59"},{"nodeID":"1297524","text":"Default Rephrase","type":"MA","timestamp":"2023-11-09 12:51:59"},{"nodeID":"1297525","text":"Default Transition","type":"TA","timestamp":"2023-11-09 12:51:59"},{"nodeID":"1297526","text":"Restating","type":"YA","timestamp":"2023-11-09 12:51:59"},{"nodeID":"1297527","text":"Default Transition","type":"TA","timestamp":"2023-11-09 12:51:59"},{"nodeID":"1297528","text":"Default Conflict","type":"CA","timestamp":"2023-11-09 12:51:59"},{"nodeID":"1297529","text":"Default Transition","type":"TA","timestamp":"2023-11-09 12:51:59"},{"nodeID":"1297530","text":"Disagreeing","type":"YA","timestamp":"2023-11-09 12:51:59"},{"nodeID":"1297531","text":"Default Conflict","type":"CA","timestamp":"2023-11-09 12:51:59"},{"nodeID":"1297532","text":"Default Transition","type":"TA","timestamp":"2023-11-09 12:51:59"},{"nodeID":"1297533","text":"Disagreeing","type":"YA","timestamp":"2023-11-09 12:51:59"},{"nodeID":"1297534","text":"Default Transition","type":"TA","timestamp":"2023-11-09 12:51:59"},{"nodeID":"1297535","text":"Default Transition","type":"TA","timestamp":"2023-11-09 12:51:59"},{"nodeID":"1297536","text":"Default Rephrase","type":"MA","timestamp":"2023-11-09 12:51:59"},{"nodeID":"1297537","text":"Default Transition","type":"TA","timestamp":"2023-11-09 12:51:59"},{"nodeID":"1297538","text":"Default Illocuting","type":"YA","timestamp":"2023-11-09 12:51:59"},{"nodeID":"1297539","text":"Default Transition","type":"TA","timestamp":"2023-11-09 12:51:59"},{"nodeID":"1297540","text":"Default Inference","type":"RA","timestamp":"2023-11-09 12:51:59"},{"nodeID":"1297541","text":"Default Transition","type":"TA","timestamp":"2023-11-09 12:51:59"},{"nodeID":"1297542","text":"Arguing","type":"YA","timestamp":"2023-11-09 12:51:59"},{"nodeID":"1297543","text":"Default Transition","type":"TA","timestamp":"2023-11-09 12:51:59"},{"nodeID":"1297544","text":"Default Rephrase","type":"MA","timestamp":"2023-11-09 12:51:59"},{"nodeID":"1297545","text":"Restating","type":"YA","timestamp":"2023-11-09 12:51:59"},{"nodeID":"1297546","text":"Default Rephrase","type":"MA","timestamp":"2023-11-09 12:51:59"},{"nodeID":"1297547","text":"Default Transition","type":"TA","timestamp":"2023-11-09 12:51:59"},{"nodeID":"1297548","text":"Restating","type":"YA","timestamp":"2023-11-09 12:51:59"},{"nodeID":"1297549","text":"Default Transition","type":"TA","timestamp":"2023-11-09 12:51:59"},{"nodeID":"1297550","text":"Default Rephrase","type":"MA","timestamp":"2023-11-09 12:51:59"},{"nodeID":"1297551","text":"Default Transition","type":"TA","timestamp":"2023-11-09 12:51:59"},{"nodeID":"1297552","text":"Restating","type":"YA","timestamp":"2023-11-09 12:51:59"},{"nodeID":"1297553","text":"Default Rephrase","type":"MA","timestamp":"2023-11-09 12:51:59"},{"nodeID":"1297554","text":"Default Transition","type":"TA","timestamp":"2023-11-09 12:51:59"},{"nodeID":"1297555","text":"Default Illocuting","type":"YA","timestamp":"2023-11-09 12:51:59"},{"nodeID":"1297556","text":"Default Transition","type":"TA","timestamp":"2023-11-09 12:51:59"},{"nodeID":"1297557","text":"Default Rephrase","type":"MA","timestamp":"2023-11-09 12:51:59"},{"nodeID":"1297558","text":"Default Transition","type":"TA","timestamp":"2023-11-09 12:51:59"},{"nodeID":"1297559","text":"Restating","type":"YA","timestamp":"2023-11-09 12:51:59"}],"edges":[{"edgeID":"1705307","fromID":"1297401","toID":"1297400","formEdgeID":null},{"edgeID":"1705308","fromID":"1297402","toID":"1297401","formEdgeID":null},{"edgeID":"1705309","fromID":"1297400","toID":"1297403","formEdgeID":null},{"edgeID":"1705310","fromID":"1297403","toID":"1297399","formEdgeID":null},{"edgeID":"1705311","fromID":"1297406","toID":"1297405","formEdgeID":null},{"edgeID":"1705312","fromID":"1297407","toID":"1297406","formEdgeID":null},{"edgeID":"1705313","fromID":"1297405","toID":"1297408","formEdgeID":null},{"edgeID":"1705314","fromID":"1297408","toID":"1297404","formEdgeID":null},{"edgeID":"1705315","fromID":"1297411","toID":"1297410","formEdgeID":null},{"edgeID":"1705316","fromID":"1297412","toID":"1297411","formEdgeID":null},{"edgeID":"1705317","fromID":"1297410","toID":"1297413","formEdgeID":null},{"edgeID":"1705318","fromID":"1297413","toID":"1297409","formEdgeID":null},{"edgeID":"1705319","fromID":"1297416","toID":"1297415","formEdgeID":null},{"edgeID":"1705320","fromID":"1297417","toID":"1297416","formEdgeID":null},{"edgeID":"1705321","fromID":"1297415","toID":"1297418","formEdgeID":null},{"edgeID":"1705322","fromID":"1297418","toID":"1297414","formEdgeID":null},{"edgeID":"1705323","fromID":"1297421","toID":"1297420","formEdgeID":null},{"edgeID":"1705324","fromID":"1297422","toID":"1297421","formEdgeID":null},{"edgeID":"1705325","fromID":"1297420","toID":"1297423","formEdgeID":null},{"edgeID":"1705326","fromID":"1297423","toID":"1297419","formEdgeID":null},{"edgeID":"1705327","fromID":"1297426","toID":"1297425","formEdgeID":null},{"edgeID":"1705328","fromID":"1297427","toID":"1297426","formEdgeID":null},{"edgeID":"1705329","fromID":"1297425","toID":"1297428","formEdgeID":null},{"edgeID":"1705330","fromID":"1297428","toID":"1297424","formEdgeID":null},{"edgeID":"1705331","fromID":"1297431","toID":"1297430","formEdgeID":null},{"edgeID":"1705332","fromID":"1297432","toID":"1297431","formEdgeID":null},{"edgeID":"1705333","fromID":"1297430","toID":"1297433","formEdgeID":null},{"edgeID":"1705334","fromID":"1297433","toID":"1297429","formEdgeID":null},{"edgeID":"1705335","fromID":"1297436","toID":"1297435","formEdgeID":null},{"edgeID":"1705336","fromID":"1297437","toID":"1297436","formEdgeID":null},{"edgeID":"1705337","fromID":"1297435","toID":"1297438","formEdgeID":null},{"edgeID":"1705338","fromID":"1297438","toID":"1297434","formEdgeID":null},{"edgeID":"1705339","fromID":"1297441","toID":"1297440","formEdgeID":null},{"edgeID":"1705340","fromID":"1297442","toID":"1297441","formEdgeID":null},{"edgeID":"1705341","fromID":"1297440","toID":"1297443","formEdgeID":null},{"edgeID":"1705342","fromID":"1297443","toID":"1297439","formEdgeID":null},{"edgeID":"1705343","fromID":"1297446","toID":"1297445","formEdgeID":null},{"edgeID":"1705344","fromID":"1297447","toID":"1297446","formEdgeID":null},{"edgeID":"1705345","fromID":"1297445","toID":"1297448","formEdgeID":null},{"edgeID":"1705346","fromID":"1297448","toID":"1297444","formEdgeID":null},{"edgeID":"1705347","fromID":"1297451","toID":"1297450","formEdgeID":null},{"edgeID":"1705348","fromID":"1297452","toID":"1297451","formEdgeID":null},{"edgeID":"1705349","fromID":"1297450","toID":"1297453","formEdgeID":null},{"edgeID":"1705350","fromID":"1297453","toID":"1297449","formEdgeID":null},{"edgeID":"1705351","fromID":"1297456","toID":"1297455","formEdgeID":null},{"edgeID":"1705352","fromID":"1297457","toID":"1297456","formEdgeID":null},{"edgeID":"1705353","fromID":"1297455","toID":"1297458","formEdgeID":null},{"edgeID":"1705354","fromID":"1297458","toID":"1297454","formEdgeID":null},{"edgeID":"1705355","fromID":"1297461","toID":"1297460","formEdgeID":null},{"edgeID":"1705356","fromID":"1297462","toID":"1297461","formEdgeID":null},{"edgeID":"1705357","fromID":"1297460","toID":"1297463","formEdgeID":null},{"edgeID":"1705358","fromID":"1297463","toID":"1297459","formEdgeID":null},{"edgeID":"1705359","fromID":"1297466","toID":"1297465","formEdgeID":null},{"edgeID":"1705360","fromID":"1297467","toID":"1297466","formEdgeID":null},{"edgeID":"1705361","fromID":"1297465","toID":"1297468","formEdgeID":null},{"edgeID":"1705362","fromID":"1297468","toID":"1297464","formEdgeID":null},{"edgeID":"1705363","fromID":"1297471","toID":"1297470","formEdgeID":null},{"edgeID":"1705364","fromID":"1297472","toID":"1297471","formEdgeID":null},{"edgeID":"1705365","fromID":"1297470","toID":"1297473","formEdgeID":null},{"edgeID":"1705366","fromID":"1297473","toID":"1297469","formEdgeID":null},{"edgeID":"1705367","fromID":"1297476","toID":"1297475","formEdgeID":null},{"edgeID":"1705368","fromID":"1297477","toID":"1297476","formEdgeID":null},{"edgeID":"1705369","fromID":"1297475","toID":"1297478","formEdgeID":null},{"edgeID":"1705370","fromID":"1297478","toID":"1297474","formEdgeID":null},{"edgeID":"1705371","fromID":"1297481","toID":"1297480","formEdgeID":null},{"edgeID":"1705372","fromID":"1297482","toID":"1297481","formEdgeID":null},{"edgeID":"1705373","fromID":"1297480","toID":"1297483","formEdgeID":null},{"edgeID":"1705374","fromID":"1297483","toID":"1297479","formEdgeID":null},{"edgeID":"1705375","fromID":"1297486","toID":"1297485","formEdgeID":null},{"edgeID":"1705376","fromID":"1297487","toID":"1297486","formEdgeID":null},{"edgeID":"1705377","fromID":"1297485","toID":"1297488","formEdgeID":null},{"edgeID":"1705378","fromID":"1297488","toID":"1297484","formEdgeID":null},{"edgeID":"1705379","fromID":"1297491","toID":"1297490","formEdgeID":null},{"edgeID":"1705380","fromID":"1297492","toID":"1297491","formEdgeID":null},{"edgeID":"1705381","fromID":"1297490","toID":"1297493","formEdgeID":null},{"edgeID":"1705382","fromID":"1297493","toID":"1297489","formEdgeID":null},{"edgeID":"1705383","fromID":"1297496","toID":"1297495","formEdgeID":null},{"edgeID":"1705384","fromID":"1297497","toID":"1297496","formEdgeID":null},{"edgeID":"1705385","fromID":"1297495","toID":"1297498","formEdgeID":null},{"edgeID":"1705386","fromID":"1297498","toID":"1297494","formEdgeID":null},{"edgeID":"1705387","fromID":"1297501","toID":"1297500","formEdgeID":null},{"edgeID":"1705388","fromID":"1297502","toID":"1297501","formEdgeID":null},{"edgeID":"1705389","fromID":"1297500","toID":"1297503","formEdgeID":null},{"edgeID":"1705390","fromID":"1297503","toID":"1297499","formEdgeID":null},{"edgeID":"1705391","fromID":"1297506","toID":"1297505","formEdgeID":null},{"edgeID":"1705392","fromID":"1297507","toID":"1297506","formEdgeID":null},{"edgeID":"1705393","fromID":"1297505","toID":"1297508","formEdgeID":null},{"edgeID":"1705394","fromID":"1297508","toID":"1297504","formEdgeID":null},{"edgeID":"1705395","fromID":"1297511","toID":"1297510","formEdgeID":null},{"edgeID":"1705396","fromID":"1297512","toID":"1297511","formEdgeID":null},{"edgeID":"1705397","fromID":"1297510","toID":"1297513","formEdgeID":null},{"edgeID":"1705398","fromID":"1297513","toID":"1297509","formEdgeID":null},{"edgeID":"1705399","fromID":"1297400","toID":"1297514","formEdgeID":null},{"edgeID":"1705400","fromID":"1297514","toID":"1297405","formEdgeID":null},{"edgeID":"1705401","fromID":"1297419","toID":"1297515","formEdgeID":null},{"edgeID":"1705402","fromID":"1297515","toID":"1297399","formEdgeID":null},{"edgeID":"1705403","fromID":"1297400","toID":"1297516","formEdgeID":null},{"edgeID":"1705404","fromID":"1297516","toID":"1297420","formEdgeID":null},{"edgeID":"1705405","fromID":"1297516","toID":"1297517","formEdgeID":null},{"edgeID":"1705406","fromID":"1297517","toID":"1297515","formEdgeID":null},{"edgeID":"1705407","fromID":"1297405","toID":"1297518","formEdgeID":null},{"edgeID":"1705408","fromID":"1297518","toID":"1297410","formEdgeID":null},{"edgeID":"1705409","fromID":"1297409","toID":"1297519","formEdgeID":null},{"edgeID":"1705410","fromID":"1297519","toID":"1297404","formEdgeID":null},{"edgeID":"1705411","fromID":"1297518","toID":"1297520","formEdgeID":null},{"edgeID":"1705412","fromID":"1297520","toID":"1297519","formEdgeID":null},{"edgeID":"1705413","fromID":"1297410","toID":"1297521","formEdgeID":null},{"edgeID":"1705414","fromID":"1297521","toID":"1297415","formEdgeID":null},{"edgeID":"1705415","fromID":"1297420","toID":"1297522","formEdgeID":null},{"edgeID":"1705416","fromID":"1297522","toID":"1297425","formEdgeID":null},{"edgeID":"1705417","fromID":"1297425","toID":"1297523","formEdgeID":null},{"edgeID":"1705418","fromID":"1297523","toID":"1297430","formEdgeID":null},{"edgeID":"1705419","fromID":"1297434","toID":"1297524","formEdgeID":null},{"edgeID":"1705420","fromID":"1297524","toID":"1297429","formEdgeID":null},{"edgeID":"1705421","fromID":"1297430","toID":"1297525","formEdgeID":null},{"edgeID":"1705422","fromID":"1297525","toID":"1297435","formEdgeID":null},{"edgeID":"1705423","fromID":"1297525","toID":"1297526","formEdgeID":null},{"edgeID":"1705424","fromID":"1297526","toID":"1297524","formEdgeID":null},{"edgeID":"1705425","fromID":"1297435","toID":"1297527","formEdgeID":null},{"edgeID":"1705426","fromID":"1297527","toID":"1297440","formEdgeID":null},{"edgeID":"1705427","fromID":"1297444","toID":"1297528","formEdgeID":null},{"edgeID":"1705428","fromID":"1297528","toID":"1297434","formEdgeID":null},{"edgeID":"1705429","fromID":"1297435","toID":"1297529","formEdgeID":null},{"edgeID":"1705430","fromID":"1297529","toID":"1297445","formEdgeID":null},{"edgeID":"1705431","fromID":"1297529","toID":"1297530","formEdgeID":null},{"edgeID":"1705432","fromID":"1297530","toID":"1297528","formEdgeID":null},{"edgeID":"1705433","fromID":"1297454","toID":"1297531","formEdgeID":null},{"edgeID":"1705434","fromID":"1297531","toID":"1297449","formEdgeID":null},{"edgeID":"1705435","fromID":"1297450","toID":"1297532","formEdgeID":null},{"edgeID":"1705436","fromID":"1297532","toID":"1297455","formEdgeID":null},{"edgeID":"1705437","fromID":"1297532","toID":"1297533","formEdgeID":null},{"edgeID":"1705438","fromID":"1297533","toID":"1297531","formEdgeID":null},{"edgeID":"1705439","fromID":"1297455","toID":"1297534","formEdgeID":null},{"edgeID":"1705440","fromID":"1297534","toID":"1297460","formEdgeID":null},{"edgeID":"1705441","fromID":"1297460","toID":"1297535","formEdgeID":null},{"edgeID":"1705442","fromID":"1297535","toID":"1297465","formEdgeID":null},{"edgeID":"1705443","fromID":"1297469","toID":"1297536","formEdgeID":null},{"edgeID":"1705444","fromID":"1297536","toID":"1297459","formEdgeID":null},{"edgeID":"1705445","fromID":"1297460","toID":"1297537","formEdgeID":null},{"edgeID":"1705446","fromID":"1297537","toID":"1297470","formEdgeID":null},{"edgeID":"1705447","fromID":"1297537","toID":"1297538","formEdgeID":null},{"edgeID":"1705448","fromID":"1297538","toID":"1297536","formEdgeID":null},{"edgeID":"1705449","fromID":"1297470","toID":"1297539","formEdgeID":null},{"edgeID":"1705450","fromID":"1297539","toID":"1297475","formEdgeID":null},{"edgeID":"1705451","fromID":"1297474","toID":"1297540","formEdgeID":null},{"edgeID":"1705452","fromID":"1297540","toID":"1297479","formEdgeID":null},{"edgeID":"1705453","fromID":"1297475","toID":"1297541","formEdgeID":null},{"edgeID":"1705454","fromID":"1297541","toID":"1297480","formEdgeID":null},{"edgeID":"1705455","fromID":"1297541","toID":"1297542","formEdgeID":null},{"edgeID":"1705456","fromID":"1297542","toID":"1297540","formEdgeID":null},{"edgeID":"1705457","fromID":"1297425","toID":"1297543","formEdgeID":null},{"edgeID":"1705458","fromID":"1297543","toID":"1297485","formEdgeID":null},{"edgeID":"1705459","fromID":"1297484","toID":"1297544","formEdgeID":null},{"edgeID":"1705460","fromID":"1297544","toID":"1297424","formEdgeID":null},{"edgeID":"1705461","fromID":"1297543","toID":"1297545","formEdgeID":null},{"edgeID":"1705462","fromID":"1297545","toID":"1297544","formEdgeID":null},{"edgeID":"1705463","fromID":"1297489","toID":"1297546","formEdgeID":null},{"edgeID":"1705464","fromID":"1297546","toID":"1297479","formEdgeID":null},{"edgeID":"1705465","fromID":"1297490","toID":"1297547","formEdgeID":null},{"edgeID":"1705466","fromID":"1297547","toID":"1297480","formEdgeID":null},{"edgeID":"1705467","fromID":"1297547","toID":"1297548","formEdgeID":null},{"edgeID":"1705468","fromID":"1297548","toID":"1297546","formEdgeID":null},{"edgeID":"1705469","fromID":"1297490","toID":"1297549","formEdgeID":null},{"edgeID":"1705470","fromID":"1297549","toID":"1297495","formEdgeID":null},{"edgeID":"1705471","fromID":"1297499","toID":"1297550","formEdgeID":null},{"edgeID":"1705472","fromID":"1297550","toID":"1297494","formEdgeID":null},{"edgeID":"1705473","fromID":"1297495","toID":"1297551","formEdgeID":null},{"edgeID":"1705474","fromID":"1297551","toID":"1297500","formEdgeID":null},{"edgeID":"1705475","fromID":"1297551","toID":"1297552","formEdgeID":null},{"edgeID":"1705476","fromID":"1297552","toID":"1297550","formEdgeID":null},{"edgeID":"1705477","fromID":"1297504","toID":"1297553","formEdgeID":null},{"edgeID":"1705478","fromID":"1297553","toID":"1297489","formEdgeID":null},{"edgeID":"1705479","fromID":"1297490","toID":"1297554","formEdgeID":null},{"edgeID":"1705480","fromID":"1297554","toID":"1297505","formEdgeID":null},{"edgeID":"1705481","fromID":"1297554","toID":"1297555","formEdgeID":null},{"edgeID":"1705482","fromID":"1297555","toID":"1297553","formEdgeID":null},{"edgeID":"1705483","fromID":"1297505","toID":"1297556","formEdgeID":null},{"edgeID":"1705484","fromID":"1297556","toID":"1297510","formEdgeID":null},{"edgeID":"1705485","fromID":"1297449","toID":"1297557","formEdgeID":null},{"edgeID":"1705486","fromID":"1297557","toID":"1297434","formEdgeID":null},{"edgeID":"1705487","fromID":"1297435","toID":"1297558","formEdgeID":null},{"edgeID":"1705488","fromID":"1297558","toID":"1297450","formEdgeID":null},{"edgeID":"1705489","fromID":"1297558","toID":"1297559","formEdgeID":null},{"edgeID":"1705490","fromID":"1297559","toID":"1297557","formEdgeID":null}],"locutions":[]}