{"nodes":[{"nodeID":"1323400","text":"having had one party for 15 years is the reality in Scottish politics","type":"I","timestamp":"2023-11-09 13:28:35"},{"nodeID":"1323401","text":"Stephen Kerr: This is the reality in Scottish politics","type":"L","timestamp":"2023-11-09 13:28:35"},{"nodeID":"1323402","text":"Analysing","type":"YA","timestamp":"2023-11-09 13:28:35"},{"nodeID":"1323403","text":"Joanna: Stephen Kerr: This is the reality in Scottish politics","type":"L","timestamp":"2023-11-09 13:28:35"},{"nodeID":"1323404","text":"Asserting","type":"YA","timestamp":"2023-11-09 13:28:35"},{"nodeID":"1323405","text":"we have had one party for 15 years","type":"I","timestamp":"2023-11-09 13:28:36"},{"nodeID":"1323406","text":"Stephen Kerr: We have had one father for 15 years","type":"L","timestamp":"2023-11-09 13:28:36"},{"nodeID":"1323407","text":"Analysing","type":"YA","timestamp":"2023-11-09 13:28:36"},{"nodeID":"1323408","text":"Joanna: Stephen Kerr: We have had one father for 15 years","type":"L","timestamp":"2023-11-09 13:28:36"},{"nodeID":"1323409","text":"Asserting","type":"YA","timestamp":"2023-11-09 13:28:36"},{"nodeID":"1323410","text":"Default Transition","type":"TA","timestamp":"2023-11-09 13:28:36"},{"nodeID":"1323411","text":"Default Rephrase","type":"MA","timestamp":"2023-11-09 13:28:36"},{"nodeID":"1323412","text":"Restating","type":"YA","timestamp":"2023-11-09 13:28:36"},{"nodeID":"1323413","text":"people care about the quality of the roads outside","type":"I","timestamp":"2023-11-09 13:28:36"},{"nodeID":"1323414","text":"Stephen Kerr: They care about the quality of the roads outside","type":"L","timestamp":"2023-11-09 13:28:36"},{"nodeID":"1323415","text":"Analysing","type":"YA","timestamp":"2023-11-09 13:28:36"},{"nodeID":"1323416","text":"Joanna: Stephen Kerr: They care about the quality of the roads outside","type":"L","timestamp":"2023-11-09 13:28:36"},{"nodeID":"1323417","text":"Asserting","type":"YA","timestamp":"2023-11-09 13:28:36"},{"nodeID":"1323418","text":"people care about things like the quality of the education that is being delivered for example in Scotland","type":"I","timestamp":"2023-11-09 13:28:37"},{"nodeID":"1323419","text":"Stephen Kerr: They care about things like the quality of the education that is being delivered for example in Scotland","type":"L","timestamp":"2023-11-09 13:28:37"},{"nodeID":"1323420","text":"Analysing","type":"YA","timestamp":"2023-11-09 13:28:37"},{"nodeID":"1323421","text":"Joanna: Stephen Kerr: They care about things like the quality of the education that is being delivered for example in Scotland","type":"L","timestamp":"2023-11-09 13:28:37"},{"nodeID":"1323422","text":"Asserting","type":"YA","timestamp":"2023-11-09 13:28:37"},{"nodeID":"1323423","text":"the quality of the education that is being delivered in Scotland has deteriorated","type":"I","timestamp":"2023-11-09 13:28:38"},{"nodeID":"1323424","text":"Stephen Kerr: Which has deteriorated","type":"L","timestamp":"2023-11-09 13:28:38"},{"nodeID":"1323425","text":"Analysing","type":"YA","timestamp":"2023-11-09 13:28:38"},{"nodeID":"1323426","text":"Joanna: Stephen Kerr: Which has deteriorated","type":"L","timestamp":"2023-11-09 13:28:38"},{"nodeID":"1323427","text":"Asserting","type":"YA","timestamp":"2023-11-09 13:28:38"},{"nodeID":"1323428","text":"Default Transition","type":"TA","timestamp":"2023-11-09 13:28:38"},{"nodeID":"1323429","text":"until Stephen Kerr is blue in the face, it doesn't make it true that the quality of the education that is being delivered in Scotland has deteriorated","type":"I","timestamp":"2023-11-09 13:28:38"},{"nodeID":"1323430","text":"Mairi McAllan: until you are blue in the face, it doesn't make it true","type":"L","timestamp":"2023-11-09 13:28:38"},{"nodeID":"1323431","text":"Analysing","type":"YA","timestamp":"2023-11-09 13:28:38"},{"nodeID":"1323432","text":"Joanna: Mairi McAllan: until you are blue in the face, it doesn't make it true","type":"L","timestamp":"2023-11-09 13:28:38"},{"nodeID":"1323433","text":"Asserting","type":"YA","timestamp":"2023-11-09 13:28:38"},{"nodeID":"1323434","text":"Default Transition","type":"TA","timestamp":"2023-11-09 13:28:38"},{"nodeID":"1323435","text":"Default Conflict","type":"CA","timestamp":"2023-11-09 13:28:38"},{"nodeID":"1323436","text":"Disagreeing","type":"YA","timestamp":"2023-11-09 13:28:38"},{"nodeID":"1323437","text":"taxpayers pay more tax in Scotland than any other part of the UK","type":"I","timestamp":"2023-11-09 13:28:39"},{"nodeID":"1323438","text":"Stephen Kerr: We pay more tax in Scotland than any other part of the UK","type":"L","timestamp":"2023-11-09 13:28:39"},{"nodeID":"1323439","text":"Analysing","type":"YA","timestamp":"2023-11-09 13:28:39"},{"nodeID":"1323440","text":"Joanna: Stephen Kerr: We pay more tax in Scotland than any other part of the UK","type":"L","timestamp":"2023-11-09 13:28:39"},{"nodeID":"1323441","text":"Asserting","type":"YA","timestamp":"2023-11-09 13:28:39"},{"nodeID":"1323442","text":"Default Transition","type":"TA","timestamp":"2023-11-09 13:28:39"},{"nodeID":"1323443","text":"that's not true that taxpayers pay more tax in Scotland than any other part of the UK","type":"I","timestamp":"2023-11-09 13:28:39"},{"nodeID":"1323444","text":"Mairi McAllan: That's not true","type":"L","timestamp":"2023-11-09 13:28:39"},{"nodeID":"1323445","text":"Analysing","type":"YA","timestamp":"2023-11-09 13:28:39"},{"nodeID":"1323446","text":"Joanna: Mairi McAllan: That's not true","type":"L","timestamp":"2023-11-09 13:28:39"},{"nodeID":"1323447","text":"Asserting","type":"YA","timestamp":"2023-11-09 13:28:39"},{"nodeID":"1323448","text":"Default Transition","type":"TA","timestamp":"2023-11-09 13:28:39"},{"nodeID":"1323449","text":"Default Conflict","type":"CA","timestamp":"2023-11-09 13:28:39"},{"nodeID":"1323450","text":"Disagreeing","type":"YA","timestamp":"2023-11-09 13:28:39"},{"nodeID":"1323451","text":"Mairi Mcallan saying that's not true that taxpayers pay more tax in Scotland than any other part of the UK is a lack of focus","type":"I","timestamp":"2023-11-09 13:28:40"},{"nodeID":"1323452","text":"Stephen Kerr: It is a lack of focus","type":"L","timestamp":"2023-11-09 13:28:40"},{"nodeID":"1323453","text":"Analysing","type":"YA","timestamp":"2023-11-09 13:28:40"},{"nodeID":"1323454","text":"Joanna: Stephen Kerr: It is a lack of focus","type":"L","timestamp":"2023-11-09 13:28:40"},{"nodeID":"1323455","text":"Asserting","type":"YA","timestamp":"2023-11-09 13:28:40"},{"nodeID":"1323456","text":"Default Transition","type":"TA","timestamp":"2023-11-09 13:28:40"},{"nodeID":"1323457","text":"Default Conflict","type":"CA","timestamp":"2023-11-09 13:28:40"},{"nodeID":"1323458","text":"Disagreeing","type":"YA","timestamp":"2023-11-09 13:28:40"},{"nodeID":"1323459","text":"every issue is channeled through the prism of separatism","type":"I","timestamp":"2023-11-09 13:28:41"},{"nodeID":"1323460","text":"Stephen Kerr: every issue is channeled through the prism of separatism","type":"L","timestamp":"2023-11-09 13:28:41"},{"nodeID":"1323461","text":"Analysing","type":"YA","timestamp":"2023-11-09 13:28:41"},{"nodeID":"1323462","text":"Joanna: Stephen Kerr: every issue is channeled through the prism of separatism","type":"L","timestamp":"2023-11-09 13:28:41"},{"nodeID":"1323463","text":"Asserting","type":"YA","timestamp":"2023-11-09 13:28:41"},{"nodeID":"1323464","text":"Default Transition","type":"TA","timestamp":"2023-11-09 13:28:41"},{"nodeID":"1323465","text":"we have a officers minister who wakes up every morning with a single agenda item, what can she does today, on any issue she is dealing with that will exacerbate, move forward her lifetime dream of breaking up with UK","type":"I","timestamp":"2023-11-09 13:28:41"},{"nodeID":"1323466","text":"Stephen Kerr: We have a officers minister who wakes up every morning with a single agenda item, what can I do today on any issue I'm dealing with that will exacerbate, move forward her lifetime dream of","type":"L","timestamp":"2023-11-09 13:28:41"},{"nodeID":"1323467","text":"Analysing","type":"YA","timestamp":"2023-11-09 13:28:41"},{"nodeID":"1323468","text":"Joanna: Stephen Kerr: We have a officers minister who wakes up every morning with a single agenda item, what can I do today on any issue I'm dealing with that will exacerbate, move forward her lifetime dream of","type":"L","timestamp":"2023-11-09 13:28:41"},{"nodeID":"1323469","text":"Asserting","type":"YA","timestamp":"2023-11-09 13:28:41"},{"nodeID":"1323470","text":"Default Transition","type":"TA","timestamp":"2023-11-09 13:28:41"},{"nodeID":"1323471","text":"Default Inference","type":"RA","timestamp":"2023-11-09 13:28:41"},{"nodeID":"1323472","text":"Arguing","type":"YA","timestamp":"2023-11-09 13:28:41"},{"nodeID":"1323473","text":"whether or not what AudienceMember 20220707QT38 says is true, what people care about is the quality of their lives","type":"I","timestamp":"2023-11-09 13:28:42"},{"nodeID":"1323474","text":"Stephen Kerr: Whether or not that gentlemen says is true. What people care about is the quality of their lives","type":"L","timestamp":"2023-11-09 13:28:42"},{"nodeID":"1323475","text":"Analysing","type":"YA","timestamp":"2023-11-09 13:28:42"},{"nodeID":"1323476","text":"Joanna: Stephen Kerr: Whether or not that gentlemen says is true. What people care about is the quality of their lives","type":"L","timestamp":"2023-11-09 13:28:42"},{"nodeID":"1323477","text":"Asserting","type":"YA","timestamp":"2023-11-09 13:28:42"},{"nodeID":"1323478","text":"Default Transition","type":"TA","timestamp":"2023-11-09 13:28:42"},{"nodeID":"1323479","text":"Default Inference","type":"RA","timestamp":"2023-11-09 13:28:42"},{"nodeID":"1323480","text":"Default Transition","type":"TA","timestamp":"2023-11-09 13:28:42"},{"nodeID":"1323481","text":"Arguing","type":"YA","timestamp":"2023-11-09 13:28:42"},{"nodeID":"1323482","text":"Default Transition","type":"TA","timestamp":"2023-11-09 13:28:42"}],"edges":[{"edgeID":"1736625","fromID":"1323402","toID":"1323401","formEdgeID":null},{"edgeID":"1736626","fromID":"1323403","toID":"1323402","formEdgeID":null},{"edgeID":"1736627","fromID":"1323401","toID":"1323404","formEdgeID":null},{"edgeID":"1736628","fromID":"1323404","toID":"1323400","formEdgeID":null},{"edgeID":"1736629","fromID":"1323407","toID":"1323406","formEdgeID":null},{"edgeID":"1736630","fromID":"1323408","toID":"1323407","formEdgeID":null},{"edgeID":"1736631","fromID":"1323406","toID":"1323409","formEdgeID":null},{"edgeID":"1736632","fromID":"1323409","toID":"1323405","formEdgeID":null},{"edgeID":"1736633","fromID":"1323401","toID":"1323410","formEdgeID":null},{"edgeID":"1736634","fromID":"1323410","toID":"1323406","formEdgeID":null},{"edgeID":"1736635","fromID":"1323405","toID":"1323411","formEdgeID":null},{"edgeID":"1736636","fromID":"1323411","toID":"1323400","formEdgeID":null},{"edgeID":"1736637","fromID":"1323410","toID":"1323412","formEdgeID":null},{"edgeID":"1736638","fromID":"1323412","toID":"1323411","formEdgeID":null},{"edgeID":"1736639","fromID":"1323415","toID":"1323414","formEdgeID":null},{"edgeID":"1736640","fromID":"1323416","toID":"1323415","formEdgeID":null},{"edgeID":"1736641","fromID":"1323414","toID":"1323417","formEdgeID":null},{"edgeID":"1736642","fromID":"1323417","toID":"1323413","formEdgeID":null},{"edgeID":"1736643","fromID":"1323420","toID":"1323419","formEdgeID":null},{"edgeID":"1736644","fromID":"1323421","toID":"1323420","formEdgeID":null},{"edgeID":"1736645","fromID":"1323419","toID":"1323422","formEdgeID":null},{"edgeID":"1736646","fromID":"1323422","toID":"1323418","formEdgeID":null},{"edgeID":"1736647","fromID":"1323425","toID":"1323424","formEdgeID":null},{"edgeID":"1736648","fromID":"1323426","toID":"1323425","formEdgeID":null},{"edgeID":"1736649","fromID":"1323424","toID":"1323427","formEdgeID":null},{"edgeID":"1736650","fromID":"1323427","toID":"1323423","formEdgeID":null},{"edgeID":"1736651","fromID":"1323419","toID":"1323428","formEdgeID":null},{"edgeID":"1736652","fromID":"1323428","toID":"1323424","formEdgeID":null},{"edgeID":"1736653","fromID":"1323431","toID":"1323430","formEdgeID":null},{"edgeID":"1736654","fromID":"1323432","toID":"1323431","formEdgeID":null},{"edgeID":"1736655","fromID":"1323430","toID":"1323433","formEdgeID":null},{"edgeID":"1736656","fromID":"1323433","toID":"1323429","formEdgeID":null},{"edgeID":"1736657","fromID":"1323424","toID":"1323434","formEdgeID":null},{"edgeID":"1736658","fromID":"1323434","toID":"1323430","formEdgeID":null},{"edgeID":"1736659","fromID":"1323429","toID":"1323435","formEdgeID":null},{"edgeID":"1736660","fromID":"1323435","toID":"1323423","formEdgeID":null},{"edgeID":"1736661","fromID":"1323434","toID":"1323436","formEdgeID":null},{"edgeID":"1736662","fromID":"1323436","toID":"1323435","formEdgeID":null},{"edgeID":"1736663","fromID":"1323439","toID":"1323438","formEdgeID":null},{"edgeID":"1736664","fromID":"1323440","toID":"1323439","formEdgeID":null},{"edgeID":"1736665","fromID":"1323438","toID":"1323441","formEdgeID":null},{"edgeID":"1736666","fromID":"1323441","toID":"1323437","formEdgeID":null},{"edgeID":"1736667","fromID":"1323430","toID":"1323442","formEdgeID":null},{"edgeID":"1736668","fromID":"1323442","toID":"1323438","formEdgeID":null},{"edgeID":"1736669","fromID":"1323445","toID":"1323444","formEdgeID":null},{"edgeID":"1736670","fromID":"1323446","toID":"1323445","formEdgeID":null},{"edgeID":"1736671","fromID":"1323444","toID":"1323447","formEdgeID":null},{"edgeID":"1736672","fromID":"1323447","toID":"1323443","formEdgeID":null},{"edgeID":"1736673","fromID":"1323438","toID":"1323448","formEdgeID":null},{"edgeID":"1736674","fromID":"1323448","toID":"1323444","formEdgeID":null},{"edgeID":"1736675","fromID":"1323443","toID":"1323449","formEdgeID":null},{"edgeID":"1736676","fromID":"1323449","toID":"1323437","formEdgeID":null},{"edgeID":"1736677","fromID":"1323448","toID":"1323450","formEdgeID":null},{"edgeID":"1736678","fromID":"1323450","toID":"1323449","formEdgeID":null},{"edgeID":"1736679","fromID":"1323453","toID":"1323452","formEdgeID":null},{"edgeID":"1736680","fromID":"1323454","toID":"1323453","formEdgeID":null},{"edgeID":"1736681","fromID":"1323452","toID":"1323455","formEdgeID":null},{"edgeID":"1736682","fromID":"1323455","toID":"1323451","formEdgeID":null},{"edgeID":"1736683","fromID":"1323444","toID":"1323456","formEdgeID":null},{"edgeID":"1736684","fromID":"1323456","toID":"1323452","formEdgeID":null},{"edgeID":"1736685","fromID":"1323451","toID":"1323457","formEdgeID":null},{"edgeID":"1736686","fromID":"1323457","toID":"1323443","formEdgeID":null},{"edgeID":"1736687","fromID":"1323456","toID":"1323458","formEdgeID":null},{"edgeID":"1736688","fromID":"1323458","toID":"1323457","formEdgeID":null},{"edgeID":"1736689","fromID":"1323461","toID":"1323460","formEdgeID":null},{"edgeID":"1736690","fromID":"1323462","toID":"1323461","formEdgeID":null},{"edgeID":"1736691","fromID":"1323460","toID":"1323463","formEdgeID":null},{"edgeID":"1736692","fromID":"1323463","toID":"1323459","formEdgeID":null},{"edgeID":"1736693","fromID":"1323452","toID":"1323464","formEdgeID":null},{"edgeID":"1736694","fromID":"1323464","toID":"1323460","formEdgeID":null},{"edgeID":"1736695","fromID":"1323467","toID":"1323466","formEdgeID":null},{"edgeID":"1736696","fromID":"1323468","toID":"1323467","formEdgeID":null},{"edgeID":"1736697","fromID":"1323466","toID":"1323469","formEdgeID":null},{"edgeID":"1736698","fromID":"1323469","toID":"1323465","formEdgeID":null},{"edgeID":"1736699","fromID":"1323460","toID":"1323470","formEdgeID":null},{"edgeID":"1736700","fromID":"1323470","toID":"1323466","formEdgeID":null},{"edgeID":"1736701","fromID":"1323465","toID":"1323471","formEdgeID":null},{"edgeID":"1736702","fromID":"1323471","toID":"1323459","formEdgeID":null},{"edgeID":"1736703","fromID":"1323470","toID":"1323472","formEdgeID":null},{"edgeID":"1736704","fromID":"1323472","toID":"1323471","formEdgeID":null},{"edgeID":"1736705","fromID":"1323475","toID":"1323474","formEdgeID":null},{"edgeID":"1736706","fromID":"1323476","toID":"1323475","formEdgeID":null},{"edgeID":"1736707","fromID":"1323474","toID":"1323477","formEdgeID":null},{"edgeID":"1736708","fromID":"1323477","toID":"1323473","formEdgeID":null},{"edgeID":"1736709","fromID":"1323406","toID":"1323478","formEdgeID":null},{"edgeID":"1736710","fromID":"1323478","toID":"1323474","formEdgeID":null},{"edgeID":"1736711","fromID":"1323418","toID":"1323479","formEdgeID":null},{"edgeID":"1736712","fromID":"1323479","toID":"1323473","formEdgeID":null},{"edgeID":"1736713","fromID":"1323413","toID":"1323479","formEdgeID":null},{"edgeID":"1736714","fromID":"1323474","toID":"1323480","formEdgeID":null},{"edgeID":"1736715","fromID":"1323480","toID":"1323419","formEdgeID":null},{"edgeID":"1736716","fromID":"1323480","toID":"1323481","formEdgeID":null},{"edgeID":"1736717","fromID":"1323481","toID":"1323479","formEdgeID":null},{"edgeID":"1736718","fromID":"1323474","toID":"1323482","formEdgeID":null},{"edgeID":"1736719","fromID":"1323482","toID":"1323414","formEdgeID":null}],"locutions":[]}