{"nodes":[{"nodeID":"1321648","text":"the Scottish government's initial commitment, their hope was to create a Sanath engineer company","type":"I","timestamp":"2023-11-09 13:26:10"},{"nodeID":"1321649","text":"Mairi McAllan: Our initial commitment, our hope was to create a Sanath engineer company","type":"L","timestamp":"2023-11-09 13:26:10"},{"nodeID":"1321650","text":"Analysing","type":"YA","timestamp":"2023-11-09 13:26:10"},{"nodeID":"1321651","text":"Calum: Mairi McAllan: Our initial commitment, our hope was to create a Sanath engineer company","type":"L","timestamp":"2023-11-09 13:26:10"},{"nodeID":"1321652","text":"Asserting","type":"YA","timestamp":"2023-11-09 13:26:10"},{"nodeID":"1321653","text":"engineering is a reserved power","type":"I","timestamp":"2023-11-09 13:26:10"},{"nodeID":"1321654","text":"Mairi McAllan: engineer is a reserved power","type":"L","timestamp":"2023-11-09 13:26:10"},{"nodeID":"1321655","text":"Analysing","type":"YA","timestamp":"2023-11-09 13:26:10"},{"nodeID":"1321656","text":"Calum: Mairi McAllan: engineer is a reserved power","type":"L","timestamp":"2023-11-09 13:26:10"},{"nodeID":"1321657","text":"Asserting","type":"YA","timestamp":"2023-11-09 13:26:10"},{"nodeID":"1321658","text":"the volatility in the engineer market","type":"I","timestamp":"2023-11-09 13:26:11"},{"nodeID":"1321659","text":"Mairi McAllan: the volatilitiy in the engineer market","type":"L","timestamp":"2023-11-09 13:26:11"},{"nodeID":"1321660","text":"Analysing","type":"YA","timestamp":"2023-11-09 13:26:11"},{"nodeID":"1321661","text":"Calum: Mairi McAllan: the volatilitiy in the engineer market","type":"L","timestamp":"2023-11-09 13:26:11"},{"nodeID":"1321662","text":"Asserting","type":"YA","timestamp":"2023-11-09 13:26:11"},{"nodeID":"1321663","text":"it is very difficult if not impossible to proceed with creating an engineer company","type":"I","timestamp":"2023-11-09 13:26:12"},{"nodeID":"1321664","text":"Mairi McAllan: very difficult if not impossible do proceed with","type":"L","timestamp":"2023-11-09 13:26:12"},{"nodeID":"1321665","text":"Analysing","type":"YA","timestamp":"2023-11-09 13:26:12"},{"nodeID":"1321666","text":"Calum: Mairi McAllan: very difficult if not impossible do proceed with","type":"L","timestamp":"2023-11-09 13:26:12"},{"nodeID":"1321667","text":"Asserting","type":"YA","timestamp":"2023-11-09 13:26:12"},{"nodeID":"1321668","text":"Default Inference","type":"RA","timestamp":"2023-11-09 13:26:12"},{"nodeID":"1321669","text":"Default Transition","type":"TA","timestamp":"2023-11-09 13:26:12"},{"nodeID":"1321670","text":"Default Transition","type":"TA","timestamp":"2023-11-09 13:26:12"},{"nodeID":"1321671","text":"Arguing","type":"YA","timestamp":"2023-11-09 13:26:12"},{"nodeID":"1321672","text":"Default Conflict","type":"CA","timestamp":"2023-11-09 13:26:12"},{"nodeID":"1321673","text":"Default Transition","type":"TA","timestamp":"2023-11-09 13:26:12"},{"nodeID":"1321674","text":"Disagreeing","type":"YA","timestamp":"2023-11-09 13:26:12"},{"nodeID":"1321675","text":"whether or not we have launched today as an agency that's going to help drive forward our policy to decashise a million homes in Scotland by 2030","type":"I","timestamp":"2023-11-09 13:26:12"},{"nodeID":"1321676","text":"Mairi McAllan: Whether or not we have launched today is an agency that's going to help drive forward our policy to decashise a million homes in Scotland by to 30","type":"L","timestamp":"2023-11-09 13:26:12"},{"nodeID":"1321677","text":"Calum: Mairi McAllan: Whether or not we have launched today is an agency that's going to help drive forward our policy to decashise a million homes in Scotland by to 30","type":"L","timestamp":"2023-11-09 13:26:12"},{"nodeID":"1321678","text":"Analysing","type":"YA","timestamp":"2023-11-09 13:26:12"},{"nodeID":"1321679","text":"Asserting","type":"YA","timestamp":"2023-11-09 13:26:12"},{"nodeID":"1321680","text":"Default Transition","type":"TA","timestamp":"2023-11-09 13:26:12"},{"nodeID":"1321681","text":"people have shown a real understanding about the context the cost of living issue is happening in","type":"I","timestamp":"2023-11-09 13:26:13"},{"nodeID":"1321682","text":"Mairi McAllan: People have shown a real understanding about the context this is happening in","type":"L","timestamp":"2023-11-09 13:26:13"},{"nodeID":"1321683","text":"Analysing","type":"YA","timestamp":"2023-11-09 13:26:13"},{"nodeID":"1321684","text":"Calum: Mairi McAllan: People have shown a real understanding about the context this is happening in","type":"L","timestamp":"2023-11-09 13:26:13"},{"nodeID":"1321685","text":"Asserting","type":"YA","timestamp":"2023-11-09 13:26:13"},{"nodeID":"1321686","text":"we have had 10 years of austerity, cutting public services to the bone","type":"I","timestamp":"2023-11-09 13:26:13"},{"nodeID":"1321687","text":"Mairi McAllan: we have had 10 years of austerity, cutting public services is it the bone","type":"L","timestamp":"2023-11-09 13:26:13"},{"nodeID":"1321688","text":"Analysing","type":"YA","timestamp":"2023-11-09 13:26:13"},{"nodeID":"1321689","text":"Calum: Mairi McAllan: we have had 10 years of austerity, cutting public services is it the bone","type":"L","timestamp":"2023-11-09 13:26:13"},{"nodeID":"1321690","text":"Asserting","type":"YA","timestamp":"2023-11-09 13:26:13"},{"nodeID":"1321691","text":"we have had welfare reform, punishing the most vulnerable in our society","type":"I","timestamp":"2023-11-09 13:26:14"},{"nodeID":"1321692","text":"Mairi McAllan: welfare reform, punishing the most vulnerable in our society","type":"L","timestamp":"2023-11-09 13:26:14"},{"nodeID":"1321693","text":"Analysing","type":"YA","timestamp":"2023-11-09 13:26:14"},{"nodeID":"1321694","text":"Calum: Mairi McAllan: welfare reform, punishing the most vulnerable in our society","type":"L","timestamp":"2023-11-09 13:26:14"},{"nodeID":"1321695","text":"Asserting","type":"YA","timestamp":"2023-11-09 13:26:14"},{"nodeID":"1321696","text":"we have had a hard Brexit, in the middle of a pandemic","type":"I","timestamp":"2023-11-09 13:26:15"},{"nodeID":"1321697","text":"Mairi McAllan: a hard Brexit, in the middle of a pandemic","type":"L","timestamp":"2023-11-09 13:26:15"},{"nodeID":"1321698","text":"Calum: Mairi McAllan: a hard Brexit, in the middle of a pandemic","type":"L","timestamp":"2023-11-09 13:26:15"},{"nodeID":"1321699","text":"Analysing","type":"YA","timestamp":"2023-11-09 13:26:15"},{"nodeID":"1321700","text":"Asserting","type":"YA","timestamp":"2023-11-09 13:26:15"},{"nodeID":"1321701","text":"tax is going to go up because councils lifted the tax","type":"I","timestamp":"2023-11-09 13:26:15"},{"nodeID":"1321702","text":"Fiona Bruce: LAX is going to go up because counsels lifted the tax","type":"L","timestamp":"2023-11-09 13:26:15"},{"nodeID":"1321703","text":"Analysing","type":"YA","timestamp":"2023-11-09 13:26:15"},{"nodeID":"1321704","text":"Calum: Fiona Bruce: LAX is going to go up because counsels lifted the tax","type":"L","timestamp":"2023-11-09 13:26:15"},{"nodeID":"1321705","text":"Asserting","type":"YA","timestamp":"2023-11-09 13:26:15"},{"nodeID":"1321706","text":"tax going up is up to councils","type":"I","timestamp":"2023-11-09 13:26:16"},{"nodeID":"1321707","text":"Mairi McAllan: That's up to counsels","type":"L","timestamp":"2023-11-09 13:26:16"},{"nodeID":"1321708","text":"Analysing","type":"YA","timestamp":"2023-11-09 13:26:16"},{"nodeID":"1321709","text":"Calum: Mairi McAllan: That's up to counsels","type":"L","timestamp":"2023-11-09 13:26:16"},{"nodeID":"1321710","text":"Asserting","type":"YA","timestamp":"2023-11-09 13:26:16"},{"nodeID":"1321711","text":"Default Transition","type":"TA","timestamp":"2023-11-09 13:26:16"},{"nodeID":"1321712","text":"Default Transition","type":"TA","timestamp":"2023-11-09 13:26:16"},{"nodeID":"1321713","text":"Default Transition","type":"TA","timestamp":"2023-11-09 13:26:16"},{"nodeID":"1321714","text":"Default Transition","type":"TA","timestamp":"2023-11-09 13:26:16"},{"nodeID":"1321715","text":"Default Rephrase","type":"MA","timestamp":"2023-11-09 13:26:16"},{"nodeID":"1321716","text":"Default Rephrase","type":"MA","timestamp":"2023-11-09 13:26:16"},{"nodeID":"1321717","text":"Default Rephrase","type":"MA","timestamp":"2023-11-09 13:26:16"},{"nodeID":"1321718","text":"Restating","type":"YA","timestamp":"2023-11-09 13:26:16"},{"nodeID":"1321719","text":"Restating","type":"YA","timestamp":"2023-11-09 13:26:16"},{"nodeID":"1321720","text":"Restating","type":"YA","timestamp":"2023-11-09 13:26:16"},{"nodeID":"1321721","text":"Default Transition","type":"TA","timestamp":"2023-11-09 13:26:16"},{"nodeID":"1321722","text":"Default Transition","type":"TA","timestamp":"2023-11-09 13:26:16"},{"nodeID":"1321723","text":"Default Conflict","type":"CA","timestamp":"2023-11-09 13:26:16"},{"nodeID":"1321724","text":"Disagreeing","type":"YA","timestamp":"2023-11-09 13:26:16"},{"nodeID":"1321725","text":"the Scottish government could have kept the cap in place","type":"I","timestamp":"2023-11-09 13:26:16"},{"nodeID":"1321726","text":"Fiona Bruce: You could have kept the cap in place","type":"L","timestamp":"2023-11-09 13:26:16"},{"nodeID":"1321727","text":"Analysing","type":"YA","timestamp":"2023-11-09 13:26:16"},{"nodeID":"1321728","text":"Calum: Fiona Bruce: You could have kept the cap in place","type":"L","timestamp":"2023-11-09 13:26:16"},{"nodeID":"1321729","text":"Asserting","type":"YA","timestamp":"2023-11-09 13:26:16"},{"nodeID":"1321730","text":"Default Transition","type":"TA","timestamp":"2023-11-09 13:26:16"},{"nodeID":"1321731","text":"Default Conflict","type":"CA","timestamp":"2023-11-09 13:26:16"},{"nodeID":"1321732","text":"Disagreeing","type":"YA","timestamp":"2023-11-09 13:26:16"},{"nodeID":"1321733","text":"there has been a cut in the Scottish budget from the UK government","type":"I","timestamp":"2023-11-09 13:26:17"},{"nodeID":"1321734","text":"Mairi McAllan: There has been a cut in our budget from the UK government","type":"L","timestamp":"2023-11-09 13:26:17"},{"nodeID":"1321735","text":"Analysing","type":"YA","timestamp":"2023-11-09 13:26:17"},{"nodeID":"1321736","text":"Calum: Mairi McAllan: There has been a cut in our budget from the UK government","type":"L","timestamp":"2023-11-09 13:26:17"},{"nodeID":"1321737","text":"Asserting","type":"YA","timestamp":"2023-11-09 13:26:17"},{"nodeID":"1321738","text":"Scotland has to balance its budget","type":"I","timestamp":"2023-11-09 13:26:18"},{"nodeID":"1321739","text":"Mairi McAllan: Scotland has to balance its budget","type":"L","timestamp":"2023-11-09 13:26:18"},{"nodeID":"1321740","text":"Analysing","type":"YA","timestamp":"2023-11-09 13:26:18"},{"nodeID":"1321741","text":"Calum: Mairi McAllan: Scotland has to balance its budget","type":"L","timestamp":"2023-11-09 13:26:18"},{"nodeID":"1321742","text":"Asserting","type":"YA","timestamp":"2023-11-09 13:26:18"},{"nodeID":"1321743","text":"balancing the budget is the task that Kate Forbes has to oversee","type":"I","timestamp":"2023-11-09 13:26:18"},{"nodeID":"1321744","text":"Mairi McAllan: That's the task that Kate FOB has to oversee","type":"L","timestamp":"2023-11-09 13:26:18"},{"nodeID":"1321745","text":"Analysing","type":"YA","timestamp":"2023-11-09 13:26:18"},{"nodeID":"1321746","text":"Calum: Mairi McAllan: That's the task that Kate FOB has to oversee","type":"L","timestamp":"2023-11-09 13:26:18"},{"nodeID":"1321747","text":"Asserting","type":"YA","timestamp":"2023-11-09 13:26:18"},{"nodeID":"1321748","text":"the Scottish government have managed to deliver a draft budget that rises to the challenge of recovery in our NHS and longer term challenges like climate change","type":"I","timestamp":"2023-11-09 13:26:19"},{"nodeID":"1321749","text":"Mairi McAllan: We have managed to deliver a draft budgeted that rises to the challenge of recovery in our NHS and longer term challenges like climate change","type":"L","timestamp":"2023-11-09 13:26:19"},{"nodeID":"1321750","text":"Analysing","type":"YA","timestamp":"2023-11-09 13:26:19"},{"nodeID":"1321751","text":"Calum: Mairi McAllan: We have managed to deliver a draft budgeted that rises to the challenge of recovery in our NHS and longer term challenges like climate change","type":"L","timestamp":"2023-11-09 13:26:19"},{"nodeID":"1321752","text":"Asserting","type":"YA","timestamp":"2023-11-09 13:26:19"},{"nodeID":"1321753","text":"Default Transition","type":"TA","timestamp":"2023-11-09 13:26:19"},{"nodeID":"1321754","text":"Default Conflict","type":"CA","timestamp":"2023-11-09 13:26:19"},{"nodeID":"1321755","text":"Disagreeing","type":"YA","timestamp":"2023-11-09 13:26:19"},{"nodeID":"1321756","text":"Default Transition","type":"TA","timestamp":"2023-11-09 13:26:19"},{"nodeID":"1321757","text":"Default Rephrase","type":"MA","timestamp":"2023-11-09 13:26:19"},{"nodeID":"1321758","text":"Restating","type":"YA","timestamp":"2023-11-09 13:26:19"},{"nodeID":"1321759","text":"Default Transition","type":"TA","timestamp":"2023-11-09 13:26:19"},{"nodeID":"1321760","text":"Default Transition","type":"TA","timestamp":"2023-11-09 13:26:19"},{"nodeID":"1321761","text":"Default Transition","type":"TA","timestamp":"2023-11-09 13:26:19"}],"edges":[{"edgeID":"1734561","fromID":"1321650","toID":"1321649","formEdgeID":null},{"edgeID":"1734562","fromID":"1321651","toID":"1321650","formEdgeID":null},{"edgeID":"1734563","fromID":"1321649","toID":"1321652","formEdgeID":null},{"edgeID":"1734564","fromID":"1321652","toID":"1321648","formEdgeID":null},{"edgeID":"1734565","fromID":"1321655","toID":"1321654","formEdgeID":null},{"edgeID":"1734566","fromID":"1321656","toID":"1321655","formEdgeID":null},{"edgeID":"1734567","fromID":"1321654","toID":"1321657","formEdgeID":null},{"edgeID":"1734568","fromID":"1321657","toID":"1321653","formEdgeID":null},{"edgeID":"1734569","fromID":"1321660","toID":"1321659","formEdgeID":null},{"edgeID":"1734570","fromID":"1321661","toID":"1321660","formEdgeID":null},{"edgeID":"1734571","fromID":"1321659","toID":"1321662","formEdgeID":null},{"edgeID":"1734572","fromID":"1321662","toID":"1321658","formEdgeID":null},{"edgeID":"1734573","fromID":"1321665","toID":"1321664","formEdgeID":null},{"edgeID":"1734574","fromID":"1321666","toID":"1321665","formEdgeID":null},{"edgeID":"1734575","fromID":"1321664","toID":"1321667","formEdgeID":null},{"edgeID":"1734576","fromID":"1321667","toID":"1321663","formEdgeID":null},{"edgeID":"1734577","fromID":"1321653","toID":"1321668","formEdgeID":null},{"edgeID":"1734578","fromID":"1321668","toID":"1321663","formEdgeID":null},{"edgeID":"1734579","fromID":"1321658","toID":"1321668","formEdgeID":null},{"edgeID":"1734580","fromID":"1321659","toID":"1321669","formEdgeID":null},{"edgeID":"1734581","fromID":"1321669","toID":"1321664","formEdgeID":null},{"edgeID":"1734582","fromID":"1321670","toID":"1321664","formEdgeID":null},{"edgeID":"1734583","fromID":"1321654","toID":"1321670","formEdgeID":null},{"edgeID":"1734584","fromID":"1321670","toID":"1321671","formEdgeID":null},{"edgeID":"1734585","fromID":"1321671","toID":"1321668","formEdgeID":null},{"edgeID":"1734586","fromID":"1321663","toID":"1321672","formEdgeID":null},{"edgeID":"1734587","fromID":"1321672","toID":"1321648","formEdgeID":null},{"edgeID":"1734588","fromID":"1321649","toID":"1321673","formEdgeID":null},{"edgeID":"1734589","fromID":"1321673","toID":"1321664","formEdgeID":null},{"edgeID":"1734590","fromID":"1321673","toID":"1321674","formEdgeID":null},{"edgeID":"1734591","fromID":"1321674","toID":"1321672","formEdgeID":null},{"edgeID":"1734592","fromID":"1321678","toID":"1321676","formEdgeID":null},{"edgeID":"1734593","fromID":"1321677","toID":"1321678","formEdgeID":null},{"edgeID":"1734594","fromID":"1321676","toID":"1321679","formEdgeID":null},{"edgeID":"1734595","fromID":"1321679","toID":"1321675","formEdgeID":null},{"edgeID":"1734596","fromID":"1321680","toID":"1321676","formEdgeID":null},{"edgeID":"1734597","fromID":"1321664","toID":"1321680","formEdgeID":null},{"edgeID":"1734598","fromID":"1321683","toID":"1321682","formEdgeID":null},{"edgeID":"1734599","fromID":"1321684","toID":"1321683","formEdgeID":null},{"edgeID":"1734600","fromID":"1321682","toID":"1321685","formEdgeID":null},{"edgeID":"1734601","fromID":"1321685","toID":"1321681","formEdgeID":null},{"edgeID":"1734602","fromID":"1321688","toID":"1321687","formEdgeID":null},{"edgeID":"1734603","fromID":"1321689","toID":"1321688","formEdgeID":null},{"edgeID":"1734604","fromID":"1321687","toID":"1321690","formEdgeID":null},{"edgeID":"1734605","fromID":"1321690","toID":"1321686","formEdgeID":null},{"edgeID":"1734606","fromID":"1321694","toID":"1321693","formEdgeID":null},{"edgeID":"1734607","fromID":"1321693","toID":"1321692","formEdgeID":null},{"edgeID":"1734608","fromID":"1321692","toID":"1321695","formEdgeID":null},{"edgeID":"1734609","fromID":"1321695","toID":"1321691","formEdgeID":null},{"edgeID":"1734610","fromID":"1321699","toID":"1321697","formEdgeID":null},{"edgeID":"1734611","fromID":"1321698","toID":"1321699","formEdgeID":null},{"edgeID":"1734612","fromID":"1321697","toID":"1321700","formEdgeID":null},{"edgeID":"1734613","fromID":"1321700","toID":"1321696","formEdgeID":null},{"edgeID":"1734614","fromID":"1321703","toID":"1321702","formEdgeID":null},{"edgeID":"1734615","fromID":"1321704","toID":"1321703","formEdgeID":null},{"edgeID":"1734616","fromID":"1321702","toID":"1321705","formEdgeID":null},{"edgeID":"1734617","fromID":"1321705","toID":"1321701","formEdgeID":null},{"edgeID":"1734618","fromID":"1321708","toID":"1321707","formEdgeID":null},{"edgeID":"1734619","fromID":"1321709","toID":"1321708","formEdgeID":null},{"edgeID":"1734620","fromID":"1321707","toID":"1321710","formEdgeID":null},{"edgeID":"1734621","fromID":"1321710","toID":"1321706","formEdgeID":null},{"edgeID":"1734622","fromID":"1321711","toID":"1321682","formEdgeID":null},{"edgeID":"1734623","fromID":"1321676","toID":"1321711","formEdgeID":null},{"edgeID":"1734624","fromID":"1321682","toID":"1321712","formEdgeID":null},{"edgeID":"1734625","fromID":"1321712","toID":"1321687","formEdgeID":null},{"edgeID":"1734626","fromID":"1321687","toID":"1321713","formEdgeID":null},{"edgeID":"1734627","fromID":"1321713","toID":"1321692","formEdgeID":null},{"edgeID":"1734628","fromID":"1321692","toID":"1321714","formEdgeID":null},{"edgeID":"1734629","fromID":"1321714","toID":"1321697","formEdgeID":null},{"edgeID":"1734630","fromID":"1321715","toID":"1321691","formEdgeID":null},{"edgeID":"1734631","fromID":"1321696","toID":"1321715","formEdgeID":null},{"edgeID":"1734632","fromID":"1321691","toID":"1321716","formEdgeID":null},{"edgeID":"1734633","fromID":"1321716","toID":"1321686","formEdgeID":null},{"edgeID":"1734634","fromID":"1321717","toID":"1321681","formEdgeID":null},{"edgeID":"1734635","fromID":"1321686","toID":"1321717","formEdgeID":null},{"edgeID":"1734636","fromID":"1321718","toID":"1321717","formEdgeID":null},{"edgeID":"1734637","fromID":"1321712","toID":"1321718","formEdgeID":null},{"edgeID":"1734638","fromID":"1321713","toID":"1321719","formEdgeID":null},{"edgeID":"1734639","fromID":"1321719","toID":"1321716","formEdgeID":null},{"edgeID":"1734640","fromID":"1321714","toID":"1321720","formEdgeID":null},{"edgeID":"1734641","fromID":"1321720","toID":"1321715","formEdgeID":null},{"edgeID":"1734642","fromID":"1321697","toID":"1321721","formEdgeID":null},{"edgeID":"1734643","fromID":"1321721","toID":"1321702","formEdgeID":null},{"edgeID":"1734644","fromID":"1321702","toID":"1321722","formEdgeID":null},{"edgeID":"1734645","fromID":"1321722","toID":"1321707","formEdgeID":null},{"edgeID":"1734646","fromID":"1321706","toID":"1321723","formEdgeID":null},{"edgeID":"1734647","fromID":"1321723","toID":"1321701","formEdgeID":null},{"edgeID":"1734648","fromID":"1321724","toID":"1321723","formEdgeID":null},{"edgeID":"1734649","fromID":"1321722","toID":"1321724","formEdgeID":null},{"edgeID":"1734650","fromID":"1321727","toID":"1321726","formEdgeID":null},{"edgeID":"1734651","fromID":"1321728","toID":"1321727","formEdgeID":null},{"edgeID":"1734652","fromID":"1321726","toID":"1321729","formEdgeID":null},{"edgeID":"1734653","fromID":"1321729","toID":"1321725","formEdgeID":null},{"edgeID":"1734654","fromID":"1321707","toID":"1321730","formEdgeID":null},{"edgeID":"1734655","fromID":"1321730","toID":"1321726","formEdgeID":null},{"edgeID":"1734656","fromID":"1321725","toID":"1321731","formEdgeID":null},{"edgeID":"1734657","fromID":"1321731","toID":"1321706","formEdgeID":null},{"edgeID":"1734658","fromID":"1321730","toID":"1321732","formEdgeID":null},{"edgeID":"1734659","fromID":"1321732","toID":"1321731","formEdgeID":null},{"edgeID":"1734660","fromID":"1321735","toID":"1321734","formEdgeID":null},{"edgeID":"1734661","fromID":"1321736","toID":"1321735","formEdgeID":null},{"edgeID":"1734662","fromID":"1321734","toID":"1321737","formEdgeID":null},{"edgeID":"1734663","fromID":"1321737","toID":"1321733","formEdgeID":null},{"edgeID":"1734664","fromID":"1321740","toID":"1321739","formEdgeID":null},{"edgeID":"1734665","fromID":"1321741","toID":"1321740","formEdgeID":null},{"edgeID":"1734666","fromID":"1321739","toID":"1321742","formEdgeID":null},{"edgeID":"1734667","fromID":"1321742","toID":"1321738","formEdgeID":null},{"edgeID":"1734668","fromID":"1321745","toID":"1321744","formEdgeID":null},{"edgeID":"1734669","fromID":"1321746","toID":"1321745","formEdgeID":null},{"edgeID":"1734670","fromID":"1321744","toID":"1321747","formEdgeID":null},{"edgeID":"1734671","fromID":"1321747","toID":"1321743","formEdgeID":null},{"edgeID":"1734672","fromID":"1321750","toID":"1321749","formEdgeID":null},{"edgeID":"1734673","fromID":"1321751","toID":"1321750","formEdgeID":null},{"edgeID":"1734674","fromID":"1321749","toID":"1321752","formEdgeID":null},{"edgeID":"1734675","fromID":"1321752","toID":"1321748","formEdgeID":null},{"edgeID":"1734676","fromID":"1321726","toID":"1321753","formEdgeID":null},{"edgeID":"1734677","fromID":"1321753","toID":"1321734","formEdgeID":null},{"edgeID":"1734678","fromID":"1321733","toID":"1321754","formEdgeID":null},{"edgeID":"1734679","fromID":"1321754","toID":"1321725","formEdgeID":null},{"edgeID":"1734680","fromID":"1321753","toID":"1321755","formEdgeID":null},{"edgeID":"1734681","fromID":"1321755","toID":"1321754","formEdgeID":null},{"edgeID":"1734682","fromID":"1321734","toID":"1321756","formEdgeID":null},{"edgeID":"1734683","fromID":"1321756","toID":"1321739","formEdgeID":null},{"edgeID":"1734684","fromID":"1321738","toID":"1321757","formEdgeID":null},{"edgeID":"1734685","fromID":"1321757","toID":"1321733","formEdgeID":null},{"edgeID":"1734686","fromID":"1321756","toID":"1321758","formEdgeID":null},{"edgeID":"1734687","fromID":"1321758","toID":"1321757","formEdgeID":null},{"edgeID":"1734688","fromID":"1321739","toID":"1321759","formEdgeID":null},{"edgeID":"1734689","fromID":"1321759","toID":"1321744","formEdgeID":null},{"edgeID":"1734690","fromID":"1321744","toID":"1321760","formEdgeID":null},{"edgeID":"1734691","fromID":"1321760","toID":"1321749","formEdgeID":null},{"edgeID":"1734692","fromID":"1321649","toID":"1321761","formEdgeID":null},{"edgeID":"1734693","fromID":"1321761","toID":"1321659","formEdgeID":null}],"locutions":[]}