{"nodes":[{"nodeID":"1148274","text":"whenever the SNP stand up at other times and Labour walk out","type":"I","timestamp":"2023-04-20 18:53:10"},{"nodeID":"1148373","text":"our priority, our focus should be on the recovery from the pandemic","type":"I","timestamp":"2023-04-20 18:53:44"},{"nodeID":"1322337","text":"as a principle man, will or will Douglas Ross not have to resign","type":"I","timestamp":"2023-11-09 13:27:08"},{"nodeID":"1322338","text":"Fiona Bruce: As a principle man, will he have to resign","type":"L","timestamp":"2023-11-09 13:27:08"},{"nodeID":"1322339","text":"Analysing","type":"YA","timestamp":"2023-11-09 13:27:08"},{"nodeID":"1322340","text":"Steffi: Fiona Bruce: As a principle man, will he have to resign","type":"L","timestamp":"2023-11-09 13:27:08"},{"nodeID":"1322341","text":"Pure Questioning","type":"YA","timestamp":"2023-11-09 13:27:08"},{"nodeID":"1322342","text":"Boris Johnson does not resign","type":"I","timestamp":"2023-11-09 13:27:08"},{"nodeID":"1322343","text":"Fiona Bruce: Boris Johnson does not","type":"L","timestamp":"2023-11-09 13:27:08"},{"nodeID":"1322344","text":"Analysing","type":"YA","timestamp":"2023-11-09 13:27:08"},{"nodeID":"1322345","text":"Steffi: Fiona Bruce: Boris Johnson does not","type":"L","timestamp":"2023-11-09 13:27:08"},{"nodeID":"1322346","text":"Asserting","type":"YA","timestamp":"2023-11-09 13:27:08"},{"nodeID":"1322347","text":"Default Transition","type":"TA","timestamp":"2023-11-09 13:27:08"},{"nodeID":"1322348","text":"Default Inference","type":"RA","timestamp":"2023-11-09 13:27:08"},{"nodeID":"1322349","text":"Arguing","type":"YA","timestamp":"2023-11-09 13:27:08"},{"nodeID":"1322350","text":"Douglas Ross has his own mandate from the mechanics of the Scottish unionist party","type":"I","timestamp":"2023-11-09 13:27:09"},{"nodeID":"1322351","text":"Stephen Kerr: He has his own mandate from the mechanics of the squish unionist party","type":"L","timestamp":"2023-11-09 13:27:09"},{"nodeID":"1322352","text":"Analysing","type":"YA","timestamp":"2023-11-09 13:27:09"},{"nodeID":"1322353","text":"Steffi: Stephen Kerr: He has his own mandate from the mechanics of the squish unionist party","type":"L","timestamp":"2023-11-09 13:27:09"},{"nodeID":"1322354","text":"Asserting","type":"YA","timestamp":"2023-11-09 13:27:09"},{"nodeID":"1322355","text":"Default Transition","type":"TA","timestamp":"2023-11-09 13:27:09"},{"nodeID":"1322356","text":"that Douglas Ross has his own mandate from the mechanics of the Scottish unionist party is not in the equation whatsoever","type":"I","timestamp":"2023-11-09 13:27:10"},{"nodeID":"1322357","text":"Stephen Kerr: that is not in the equation whatsoever","type":"L","timestamp":"2023-11-09 13:27:10"},{"nodeID":"1322358","text":"Analysing","type":"YA","timestamp":"2023-11-09 13:27:10"},{"nodeID":"1322359","text":"Steffi: Stephen Kerr: that is not in the equation whatsoever","type":"L","timestamp":"2023-11-09 13:27:10"},{"nodeID":"1322360","text":"Asserting","type":"YA","timestamp":"2023-11-09 13:27:10"},{"nodeID":"1322361","text":"Default Transition","type":"TA","timestamp":"2023-11-09 13:27:10"},{"nodeID":"1322362","text":"Douglas Ross preannounces the leader of the Scottish circus","type":"I","timestamp":"2023-11-09 13:27:10"},{"nodeID":"1322363","text":"Stephen Kerr: Douse last Ross reannounce the leader of the Scottish circus","type":"L","timestamp":"2023-11-09 13:27:10"},{"nodeID":"1322364","text":"Analysing","type":"YA","timestamp":"2023-11-09 13:27:10"},{"nodeID":"1322365","text":"Steffi: Stephen Kerr: Douse last Ross reannounce the leader of the Scottish circus","type":"L","timestamp":"2023-11-09 13:27:10"},{"nodeID":"1322366","text":"Asserting","type":"YA","timestamp":"2023-11-09 13:27:10"},{"nodeID":"1322367","text":"Default Transition","type":"TA","timestamp":"2023-11-09 13:27:10"},{"nodeID":"1322368","text":"Default Rephrase","type":"MA","timestamp":"2023-11-09 13:27:10"},{"nodeID":"1322369","text":"Restating","type":"YA","timestamp":"2023-11-09 13:27:10"},{"nodeID":"1322370","text":"reannounce?!?","type":"EN","timestamp":"2023-11-09 13:27:10"},{"nodeID":"1322371","text":"Default Inference","type":"RA","timestamp":"2023-11-09 13:27:10"},{"nodeID":"1322372","text":"Arguing","type":"YA","timestamp":"2023-11-09 13:27:10"},{"nodeID":"1322373","text":"AudienceMember 20220707QT18: Whenever the SNP stand up at other times and labour walk out","type":"L","timestamp":"2023-11-09 13:27:11"},{"nodeID":"1322374","text":"Analysing","type":"YA","timestamp":"2023-11-09 13:27:11"},{"nodeID":"1322375","text":"Steffi: AudienceMember 20220707QT18: Whenever the SNP stand up at other times and labour walk out","type":"L","timestamp":"2023-11-09 13:27:11"},{"nodeID":"1322376","text":"Asserting","type":"YA","timestamp":"2023-11-09 13:27:11"},{"nodeID":"1322377","text":"Default Transition","type":"TA","timestamp":"2023-11-09 13:27:11"},{"nodeID":"1322378","text":"as a Scotsman, can or can Stephen Kerr not feel anything other than contempt","type":"I","timestamp":"2023-11-09 13:27:11"},{"nodeID":"1322379","text":"AudienceMember 20220707QT18: As a Scotsman, can you feel anything other than contempt","type":"L","timestamp":"2023-11-09 13:27:11"},{"nodeID":"1322380","text":"Analysing","type":"YA","timestamp":"2023-11-09 13:27:11"},{"nodeID":"1322381","text":"Steffi: AudienceMember 20220707QT18: As a Scotsman, can you feel anything other than contempt","type":"L","timestamp":"2023-11-09 13:27:11"},{"nodeID":"1322382","text":"Assertive Questioning","type":"YA","timestamp":"2023-11-09 13:27:11"},{"nodeID":"1322383","text":"walking out wheneve the SNP stands up is awful behaviour","type":"I","timestamp":"2023-11-09 13:27:12"},{"nodeID":"1322384","text":"AudienceMember 20220707QT18: It is awful behaviour","type":"L","timestamp":"2023-11-09 13:27:12"},{"nodeID":"1322385","text":"Analysing","type":"YA","timestamp":"2023-11-09 13:27:12"},{"nodeID":"1322386","text":"Steffi: AudienceMember 20220707QT18: It is awful behaviour","type":"L","timestamp":"2023-11-09 13:27:12"},{"nodeID":"1322387","text":"Asserting","type":"YA","timestamp":"2023-11-09 13:27:12"},{"nodeID":"1322388","text":"Default Transition","type":"TA","timestamp":"2023-11-09 13:27:12"},{"nodeID":"1322389","text":"the labour don't have the designsacy","type":"I","timestamp":"2023-11-09 13:27:13"},{"nodeID":"1322390","text":"AudienceMember 20220707QT18: They don't have the designsacy","type":"L","timestamp":"2023-11-09 13:27:13"},{"nodeID":"1322391","text":"Analysing","type":"YA","timestamp":"2023-11-09 13:27:13"},{"nodeID":"1322392","text":"Steffi: AudienceMember 20220707QT18: They don't have the designsacy","type":"L","timestamp":"2023-11-09 13:27:13"},{"nodeID":"1322393","text":"Asserting","type":"YA","timestamp":"2023-11-09 13:27:13"},{"nodeID":"1322394","text":"Default Transition","type":"TA","timestamp":"2023-11-09 13:27:13"},{"nodeID":"1322395","text":"the labour don't all walk out","type":"I","timestamp":"2023-11-09 13:27:13"},{"nodeID":"1322396","text":"Fiona Bruce: They don't all walk out","type":"L","timestamp":"2023-11-09 13:27:13"},{"nodeID":"1322397","text":"Analysing","type":"YA","timestamp":"2023-11-09 13:27:13"},{"nodeID":"1322398","text":"Steffi: Fiona Bruce: They don't all walk out","type":"L","timestamp":"2023-11-09 13:27:13"},{"nodeID":"1322399","text":"Asserting","type":"YA","timestamp":"2023-11-09 13:27:13"},{"nodeID":"1322400","text":"yes, the labour do all walk out","type":"I","timestamp":"2023-11-09 13:27:14"},{"nodeID":"1322401","text":"AudienceMember 20220707QT19: Yes, they do","type":"L","timestamp":"2023-11-09 13:27:14"},{"nodeID":"1322402","text":"Analysing","type":"YA","timestamp":"2023-11-09 13:27:14"},{"nodeID":"1322403","text":"Steffi: AudienceMember 20220707QT19: Yes, they do","type":"L","timestamp":"2023-11-09 13:27:14"},{"nodeID":"1322404","text":"Asserting","type":"YA","timestamp":"2023-11-09 13:27:14"},{"nodeID":"1322405","text":"Default Transition","type":"TA","timestamp":"2023-11-09 13:27:14"},{"nodeID":"1322406","text":"Default Conflict","type":"CA","timestamp":"2023-11-09 13:27:14"},{"nodeID":"1322407","text":"Disagreeing","type":"YA","timestamp":"2023-11-09 13:27:14"},{"nodeID":"1322408","text":"the labour leave, too","type":"I","timestamp":"2023-11-09 13:27:14"},{"nodeID":"1322409","text":"AudienceMember 20220707QT19: They leave two","type":"L","timestamp":"2023-11-09 13:27:14"},{"nodeID":"1322410","text":"Analysing","type":"YA","timestamp":"2023-11-09 13:27:14"},{"nodeID":"1322411","text":"Steffi: AudienceMember 20220707QT19: They leave two","type":"L","timestamp":"2023-11-09 13:27:14"},{"nodeID":"1322412","text":"Asserting","type":"YA","timestamp":"2023-11-09 13:27:14"},{"nodeID":"1322413","text":"Default Transition","type":"TA","timestamp":"2023-11-09 13:27:14"},{"nodeID":"1322414","text":"Default Rephrase","type":"MA","timestamp":"2023-11-09 13:27:14"},{"nodeID":"1322415","text":"Restating","type":"YA","timestamp":"2023-11-09 13:27:14"},{"nodeID":"1322416","text":"walking out whenever the SNP stands up is really an act of physical contempt","type":"I","timestamp":"2023-11-09 13:27:15"},{"nodeID":"1322417","text":"AudienceMember 20220707QT19: It is really an act of physical contempt","type":"L","timestamp":"2023-11-09 13:27:15"},{"nodeID":"1322418","text":"Analysing","type":"YA","timestamp":"2023-11-09 13:27:15"},{"nodeID":"1322419","text":"Steffi: AudienceMember 20220707QT19: It is really an act of physical contempt","type":"L","timestamp":"2023-11-09 13:27:15"},{"nodeID":"1322420","text":"Asserting","type":"YA","timestamp":"2023-11-09 13:27:15"},{"nodeID":"1322421","text":"it feels very disappointing","type":"I","timestamp":"2023-11-09 13:27:16"},{"nodeID":"1322422","text":"AudienceMember 20220707QT20: It feels very disappointing","type":"L","timestamp":"2023-11-09 13:27:16"},{"nodeID":"1322423","text":"Analysing","type":"YA","timestamp":"2023-11-09 13:27:16"},{"nodeID":"1322424","text":"Steffi: AudienceMember 20220707QT20: It feels very disappointing","type":"L","timestamp":"2023-11-09 13:27:16"},{"nodeID":"1322425","text":"Asserting","type":"YA","timestamp":"2023-11-09 13:27:16"},{"nodeID":"1322426","text":"Default Transition","type":"TA","timestamp":"2023-11-09 13:27:16"},{"nodeID":"1322427","text":"in a time we were having to deal with so many really important issues","type":"I","timestamp":"2023-11-09 13:27:16"},{"nodeID":"1322428","text":"AudienceMember 20220707QT20:  in a time we were having to deal with so many really important issues","type":"L","timestamp":"2023-11-09 13:27:16"},{"nodeID":"1322429","text":"Analysing","type":"YA","timestamp":"2023-11-09 13:27:16"},{"nodeID":"1322430","text":"Steffi: AudienceMember 20220707QT20:  in a time we were having to deal with so many really important issues","type":"L","timestamp":"2023-11-09 13:27:16"},{"nodeID":"1322431","text":"Asserting","type":"YA","timestamp":"2023-11-09 13:27:16"},{"nodeID":"1322432","text":"Default Transition","type":"TA","timestamp":"2023-11-09 13:27:16"},{"nodeID":"1322433","text":"the politicians who we trusted to lead our country have basically resorted to childish name calling","type":"I","timestamp":"2023-11-09 13:27:17"},{"nodeID":"1322434","text":"AudienceMember 20220707QT20:  the politicians who we trusted to lead our country have basically resorted to childish name calling","type":"L","timestamp":"2023-11-09 13:27:17"},{"nodeID":"1322435","text":"Analysing","type":"YA","timestamp":"2023-11-09 13:27:17"},{"nodeID":"1322436","text":"Steffi: AudienceMember 20220707QT20:  the politicians who we trusted to lead our country have basically resorted to childish name calling","type":"L","timestamp":"2023-11-09 13:27:17"},{"nodeID":"1322437","text":"Asserting","type":"YA","timestamp":"2023-11-09 13:27:17"},{"nodeID":"1322438","text":"Default Transition","type":"TA","timestamp":"2023-11-09 13:27:17"},{"nodeID":"1322439","text":"Default Inference","type":"RA","timestamp":"2023-11-09 13:27:17"},{"nodeID":"1322440","text":"Arguing","type":"YA","timestamp":"2023-11-09 13:27:17"},{"nodeID":"1322441","text":"it is that in a time we were having to deal with so many really important issues that the politicians who we trusted to lead our country have basically resorted to childish name calling that bothers AudienceMember 20220707QT20","type":"I","timestamp":"2023-11-09 13:27:17"},{"nodeID":"1322442","text":"AudienceMember 20220707QT20: It is that that bothers me","type":"L","timestamp":"2023-11-09 13:27:17"},{"nodeID":"1322443","text":"Analysing","type":"YA","timestamp":"2023-11-09 13:27:17"},{"nodeID":"1322444","text":"Steffi: AudienceMember 20220707QT20: It is that that bothers me","type":"L","timestamp":"2023-11-09 13:27:17"},{"nodeID":"1322445","text":"Asserting","type":"YA","timestamp":"2023-11-09 13:27:17"},{"nodeID":"1322446","text":"Default Transition","type":"TA","timestamp":"2023-11-09 13:27:17"},{"nodeID":"1322447","text":"Default Rephrase","type":"MA","timestamp":"2023-11-09 13:27:17"},{"nodeID":"1322448","text":"Restating","type":"YA","timestamp":"2023-11-09 13:27:17"},{"nodeID":"1322449","text":"Stephen Kerr dividends that by doing xxx","type":"I","timestamp":"2023-11-09 13:27:18"},{"nodeID":"1322450","text":"AudienceMember 20220707QT20: How do you dividend that","type":"L","timestamp":"2023-11-09 13:27:18"},{"nodeID":"1322451","text":"Analysing","type":"YA","timestamp":"2023-11-09 13:27:18"},{"nodeID":"1322452","text":"Steffi: AudienceMember 20220707QT20: How do you dividend that","type":"L","timestamp":"2023-11-09 13:27:18"},{"nodeID":"1322453","text":"Pure Questioning","type":"YA","timestamp":"2023-11-09 13:27:18"},{"nodeID":"1322454","text":"Default Transition","type":"TA","timestamp":"2023-11-09 13:27:18"},{"nodeID":"1322455","text":"Stephen Kerr gets on board with the fact that your party is behaving in that kind of fashion by doing xxx","type":"I","timestamp":"2023-11-09 13:27:18"},{"nodeID":"1322456","text":"AudienceMember 20220707QT20: how do you get on board with the fact that your party is behaving in that kind of fashion","type":"L","timestamp":"2023-11-09 13:27:18"},{"nodeID":"1322457","text":"Analysing","type":"YA","timestamp":"2023-11-09 13:27:18"},{"nodeID":"1322458","text":"Steffi: AudienceMember 20220707QT20: how do you get on board with the fact that your party is behaving in that kind of fashion","type":"L","timestamp":"2023-11-09 13:27:18"},{"nodeID":"1322459","text":"Pure Questioning","type":"YA","timestamp":"2023-11-09 13:27:18"},{"nodeID":"1322460","text":"Default Transition","type":"TA","timestamp":"2023-11-09 13:27:18"},{"nodeID":"1322461","text":"Stephen Kerr completely agrees","type":"I","timestamp":"2023-11-09 13:27:19"},{"nodeID":"1322462","text":"Stephen Kerr:  I completely agree","type":"L","timestamp":"2023-11-09 13:27:19"},{"nodeID":"1322463","text":"Analysing","type":"YA","timestamp":"2023-11-09 13:27:19"},{"nodeID":"1322464","text":"Steffi: Stephen Kerr:  I completely agree","type":"L","timestamp":"2023-11-09 13:27:19"},{"nodeID":"1322465","text":"Asserting","type":"YA","timestamp":"2023-11-09 13:27:19"},{"nodeID":"1322466","text":"Default Transition","type":"TA","timestamp":"2023-11-09 13:27:19"},{"nodeID":"1322467","text":"this whole matter is a complete deflection","type":"I","timestamp":"2023-11-09 13:27:20"},{"nodeID":"1322468","text":"Stephen Kerr: This whole matter is a complete deflection","type":"L","timestamp":"2023-11-09 13:27:20"},{"nodeID":"1322469","text":"Analysing","type":"YA","timestamp":"2023-11-09 13:27:20"},{"nodeID":"1322470","text":"Steffi: Stephen Kerr: This whole matter is a complete deflection","type":"L","timestamp":"2023-11-09 13:27:20"},{"nodeID":"1322471","text":"Asserting","type":"YA","timestamp":"2023-11-09 13:27:20"},{"nodeID":"1322472","text":"Default Transition","type":"TA","timestamp":"2023-11-09 13:27:20"},{"nodeID":"1322473","text":"Stephen Kerr: Our priority, our focus should be on the recovery from the pandemic","type":"L","timestamp":"2023-11-09 13:27:20"},{"nodeID":"1322474","text":"Analysing","type":"YA","timestamp":"2023-11-09 13:27:20"},{"nodeID":"1322475","text":"Steffi: Stephen Kerr: Our priority, our focus should be on the recovery from the pandemic","type":"L","timestamp":"2023-11-09 13:27:20"},{"nodeID":"1322476","text":"Asserting","type":"YA","timestamp":"2023-11-09 13:27:20"},{"nodeID":"1322477","text":"Default Transition","type":"TA","timestamp":"2023-11-09 13:27:20"},{"nodeID":"1322478","text":"Default Inference","type":"RA","timestamp":"2023-11-09 13:27:20"},{"nodeID":"1322479","text":"Arguing","type":"YA","timestamp":"2023-11-09 13:27:20"},{"nodeID":"1322480","text":"Default Rephrase","type":"MA","timestamp":"2023-11-09 13:27:20"},{"nodeID":"1322481","text":"Default Transition","type":"TA","timestamp":"2023-11-09 13:27:20"},{"nodeID":"1322482","text":"Restating","type":"YA","timestamp":"2023-11-09 13:27:20"},{"nodeID":"1322483","text":"Default Rephrase","type":"MA","timestamp":"2023-11-09 13:27:20"},{"nodeID":"1322484","text":"Restating","type":"YA","timestamp":"2023-11-09 13:27:20"},{"nodeID":"1322485","text":"Default Conflict","type":"CA","timestamp":"2023-11-09 13:27:20"},{"nodeID":"1322486","text":"Default Transition","type":"TA","timestamp":"2023-11-09 13:27:20"},{"nodeID":"1322487","text":"Disagreeing","type":"YA","timestamp":"2023-11-09 13:27:20"},{"nodeID":"1322488","text":"Default Rephrase","type":"MA","timestamp":"2023-11-09 13:27:20"},{"nodeID":"1322489","text":"Restating","type":"YA","timestamp":"2023-11-09 13:27:20"},{"nodeID":"1322490","text":"Default Inference","type":"RA","timestamp":"2023-11-09 13:27:20"},{"nodeID":"1322491","text":"Arguing","type":"YA","timestamp":"2023-11-09 13:27:20"},{"nodeID":"1322492","text":"Default Inference","type":"RA","timestamp":"2023-11-09 13:27:20"},{"nodeID":"1322493","text":"Arguing","type":"YA","timestamp":"2023-11-09 13:27:20"},{"nodeID":"1322494","text":"Default Rephrase","type":"MA","timestamp":"2023-11-09 13:27:20"},{"nodeID":"1322495","text":"Default Illocuting","type":"YA","timestamp":"2023-11-09 13:27:20"},{"nodeID":"1322496","text":"Default Rephrase","type":"MA","timestamp":"2023-11-09 13:27:20"},{"nodeID":"1322497","text":"Default Transition","type":"TA","timestamp":"2023-11-09 13:27:20"},{"nodeID":"1322498","text":"Restating","type":"YA","timestamp":"2023-11-09 13:27:20"}],"edges":[{"edgeID":"1735374","fromID":"1322339","toID":"1322338","formEdgeID":null},{"edgeID":"1735375","fromID":"1322340","toID":"1322339","formEdgeID":null},{"edgeID":"1735376","fromID":"1322338","toID":"1322341","formEdgeID":null},{"edgeID":"1735377","fromID":"1322341","toID":"1322337","formEdgeID":null},{"edgeID":"1735378","fromID":"1322344","toID":"1322343","formEdgeID":null},{"edgeID":"1735379","fromID":"1322345","toID":"1322344","formEdgeID":null},{"edgeID":"1735380","fromID":"1322343","toID":"1322346","formEdgeID":null},{"edgeID":"1735381","fromID":"1322346","toID":"1322342","formEdgeID":null},{"edgeID":"1735382","fromID":"1322343","toID":"1322347","formEdgeID":null},{"edgeID":"1735383","fromID":"1322347","toID":"1322338","formEdgeID":null},{"edgeID":"1735384","fromID":"1322342","toID":"1322348","formEdgeID":null},{"edgeID":"1735385","fromID":"1322348","toID":"1322337","formEdgeID":null},{"edgeID":"1735386","fromID":"1322347","toID":"1322349","formEdgeID":null},{"edgeID":"1735387","fromID":"1322349","toID":"1322348","formEdgeID":null},{"edgeID":"1735388","fromID":"1322352","toID":"1322351","formEdgeID":null},{"edgeID":"1735389","fromID":"1322353","toID":"1322352","formEdgeID":null},{"edgeID":"1735390","fromID":"1322351","toID":"1322354","formEdgeID":null},{"edgeID":"1735391","fromID":"1322354","toID":"1322350","formEdgeID":null},{"edgeID":"1735392","fromID":"1322338","toID":"1322355","formEdgeID":null},{"edgeID":"1735393","fromID":"1322355","toID":"1322351","formEdgeID":null},{"edgeID":"1735394","fromID":"1322358","toID":"1322357","formEdgeID":null},{"edgeID":"1735395","fromID":"1322359","toID":"1322358","formEdgeID":null},{"edgeID":"1735396","fromID":"1322357","toID":"1322360","formEdgeID":null},{"edgeID":"1735397","fromID":"1322360","toID":"1322356","formEdgeID":null},{"edgeID":"1735398","fromID":"1322351","toID":"1322361","formEdgeID":null},{"edgeID":"1735399","fromID":"1322361","toID":"1322357","formEdgeID":null},{"edgeID":"1735400","fromID":"1322364","toID":"1322363","formEdgeID":null},{"edgeID":"1735401","fromID":"1322365","toID":"1322364","formEdgeID":null},{"edgeID":"1735402","fromID":"1322363","toID":"1322366","formEdgeID":null},{"edgeID":"1735403","fromID":"1322366","toID":"1322362","formEdgeID":null},{"edgeID":"1735404","fromID":"1322357","toID":"1322367","formEdgeID":null},{"edgeID":"1735405","fromID":"1322367","toID":"1322363","formEdgeID":null},{"edgeID":"1735406","fromID":"1322356","toID":"1322368","formEdgeID":null},{"edgeID":"1735407","fromID":"1322368","toID":"1322350","formEdgeID":null},{"edgeID":"1735408","fromID":"1322361","toID":"1322369","formEdgeID":null},{"edgeID":"1735409","fromID":"1322369","toID":"1322368","formEdgeID":null},{"edgeID":"1735410","fromID":"1322356","toID":"1322371","formEdgeID":null},{"edgeID":"1735411","fromID":"1322371","toID":"1322362","formEdgeID":null},{"edgeID":"1735412","fromID":"1322367","toID":"1322372","formEdgeID":null},{"edgeID":"1735413","fromID":"1322372","toID":"1322371","formEdgeID":null},{"edgeID":"1735414","fromID":"1322374","toID":"1322373","formEdgeID":null},{"edgeID":"1735415","fromID":"1322375","toID":"1322374","formEdgeID":null},{"edgeID":"1735416","fromID":"1322373","toID":"1322376","formEdgeID":null},{"edgeID":"1735417","fromID":"1322376","toID":"1148274","formEdgeID":null},{"edgeID":"1735418","fromID":"1322363","toID":"1322377","formEdgeID":null},{"edgeID":"1735419","fromID":"1322377","toID":"1322373","formEdgeID":null},{"edgeID":"1735420","fromID":"1322380","toID":"1322379","formEdgeID":null},{"edgeID":"1735421","fromID":"1322381","toID":"1322380","formEdgeID":null},{"edgeID":"1735422","fromID":"1322379","toID":"1322382","formEdgeID":null},{"edgeID":"1735423","fromID":"1322382","toID":"1322378","formEdgeID":null},{"edgeID":"1735424","fromID":"1322385","toID":"1322384","formEdgeID":null},{"edgeID":"1735425","fromID":"1322386","toID":"1322385","formEdgeID":null},{"edgeID":"1735426","fromID":"1322384","toID":"1322387","formEdgeID":null},{"edgeID":"1735427","fromID":"1322387","toID":"1322383","formEdgeID":null},{"edgeID":"1735428","fromID":"1322379","toID":"1322388","formEdgeID":null},{"edgeID":"1735429","fromID":"1322388","toID":"1322384","formEdgeID":null},{"edgeID":"1735430","fromID":"1322391","toID":"1322390","formEdgeID":null},{"edgeID":"1735431","fromID":"1322392","toID":"1322391","formEdgeID":null},{"edgeID":"1735432","fromID":"1322390","toID":"1322393","formEdgeID":null},{"edgeID":"1735433","fromID":"1322393","toID":"1322389","formEdgeID":null},{"edgeID":"1735434","fromID":"1322384","toID":"1322394","formEdgeID":null},{"edgeID":"1735435","fromID":"1322394","toID":"1322390","formEdgeID":null},{"edgeID":"1735436","fromID":"1322397","toID":"1322396","formEdgeID":null},{"edgeID":"1735437","fromID":"1322398","toID":"1322397","formEdgeID":null},{"edgeID":"1735438","fromID":"1322396","toID":"1322399","formEdgeID":null},{"edgeID":"1735439","fromID":"1322399","toID":"1322395","formEdgeID":null},{"edgeID":"1735440","fromID":"1322402","toID":"1322401","formEdgeID":null},{"edgeID":"1735441","fromID":"1322403","toID":"1322402","formEdgeID":null},{"edgeID":"1735442","fromID":"1322401","toID":"1322404","formEdgeID":null},{"edgeID":"1735443","fromID":"1322404","toID":"1322400","formEdgeID":null},{"edgeID":"1735444","fromID":"1322396","toID":"1322405","formEdgeID":null},{"edgeID":"1735445","fromID":"1322405","toID":"1322401","formEdgeID":null},{"edgeID":"1735446","fromID":"1322400","toID":"1322406","formEdgeID":null},{"edgeID":"1735447","fromID":"1322406","toID":"1322395","formEdgeID":null},{"edgeID":"1735448","fromID":"1322405","toID":"1322407","formEdgeID":null},{"edgeID":"1735449","fromID":"1322407","toID":"1322406","formEdgeID":null},{"edgeID":"1735450","fromID":"1322410","toID":"1322409","formEdgeID":null},{"edgeID":"1735451","fromID":"1322411","toID":"1322410","formEdgeID":null},{"edgeID":"1735452","fromID":"1322409","toID":"1322412","formEdgeID":null},{"edgeID":"1735453","fromID":"1322412","toID":"1322408","formEdgeID":null},{"edgeID":"1735454","fromID":"1322401","toID":"1322413","formEdgeID":null},{"edgeID":"1735455","fromID":"1322413","toID":"1322409","formEdgeID":null},{"edgeID":"1735456","fromID":"1322408","toID":"1322414","formEdgeID":null},{"edgeID":"1735457","fromID":"1322414","toID":"1322400","formEdgeID":null},{"edgeID":"1735458","fromID":"1322413","toID":"1322415","formEdgeID":null},{"edgeID":"1735459","fromID":"1322415","toID":"1322414","formEdgeID":null},{"edgeID":"1735460","fromID":"1322418","toID":"1322417","formEdgeID":null},{"edgeID":"1735461","fromID":"1322419","toID":"1322418","formEdgeID":null},{"edgeID":"1735462","fromID":"1322417","toID":"1322420","formEdgeID":null},{"edgeID":"1735463","fromID":"1322420","toID":"1322416","formEdgeID":null},{"edgeID":"1735464","fromID":"1322423","toID":"1322422","formEdgeID":null},{"edgeID":"1735465","fromID":"1322424","toID":"1322423","formEdgeID":null},{"edgeID":"1735466","fromID":"1322422","toID":"1322425","formEdgeID":null},{"edgeID":"1735467","fromID":"1322425","toID":"1322421","formEdgeID":null},{"edgeID":"1735468","fromID":"1322417","toID":"1322426","formEdgeID":null},{"edgeID":"1735469","fromID":"1322426","toID":"1322422","formEdgeID":null},{"edgeID":"1735470","fromID":"1322429","toID":"1322428","formEdgeID":null},{"edgeID":"1735471","fromID":"1322430","toID":"1322429","formEdgeID":null},{"edgeID":"1735472","fromID":"1322428","toID":"1322431","formEdgeID":null},{"edgeID":"1735473","fromID":"1322431","toID":"1322427","formEdgeID":null},{"edgeID":"1735474","fromID":"1322422","toID":"1322432","formEdgeID":null},{"edgeID":"1735475","fromID":"1322432","toID":"1322428","formEdgeID":null},{"edgeID":"1735476","fromID":"1322435","toID":"1322434","formEdgeID":null},{"edgeID":"1735477","fromID":"1322436","toID":"1322435","formEdgeID":null},{"edgeID":"1735478","fromID":"1322434","toID":"1322437","formEdgeID":null},{"edgeID":"1735479","fromID":"1322437","toID":"1322433","formEdgeID":null},{"edgeID":"1735480","fromID":"1322428","toID":"1322438","formEdgeID":null},{"edgeID":"1735481","fromID":"1322438","toID":"1322434","formEdgeID":null},{"edgeID":"1735482","fromID":"1322427","toID":"1322439","formEdgeID":null},{"edgeID":"1735483","fromID":"1322439","toID":"1322421","formEdgeID":null},{"edgeID":"1735484","fromID":"1322433","toID":"1322439","formEdgeID":null},{"edgeID":"1735485","fromID":"1322438","toID":"1322440","formEdgeID":null},{"edgeID":"1735486","fromID":"1322440","toID":"1322439","formEdgeID":null},{"edgeID":"1735487","fromID":"1322443","toID":"1322442","formEdgeID":null},{"edgeID":"1735488","fromID":"1322444","toID":"1322443","formEdgeID":null},{"edgeID":"1735489","fromID":"1322442","toID":"1322445","formEdgeID":null},{"edgeID":"1735490","fromID":"1322445","toID":"1322441","formEdgeID":null},{"edgeID":"1735491","fromID":"1322434","toID":"1322446","formEdgeID":null},{"edgeID":"1735492","fromID":"1322446","toID":"1322442","formEdgeID":null},{"edgeID":"1735493","fromID":"1322441","toID":"1322447","formEdgeID":null},{"edgeID":"1735494","fromID":"1322447","toID":"1322433","formEdgeID":null},{"edgeID":"1735495","fromID":"1322446","toID":"1322448","formEdgeID":null},{"edgeID":"1735496","fromID":"1322448","toID":"1322447","formEdgeID":null},{"edgeID":"1735497","fromID":"1322451","toID":"1322450","formEdgeID":null},{"edgeID":"1735498","fromID":"1322452","toID":"1322451","formEdgeID":null},{"edgeID":"1735499","fromID":"1322450","toID":"1322453","formEdgeID":null},{"edgeID":"1735500","fromID":"1322453","toID":"1322449","formEdgeID":null},{"edgeID":"1735501","fromID":"1322442","toID":"1322454","formEdgeID":null},{"edgeID":"1735502","fromID":"1322454","toID":"1322450","formEdgeID":null},{"edgeID":"1735503","fromID":"1322457","toID":"1322456","formEdgeID":null},{"edgeID":"1735504","fromID":"1322458","toID":"1322457","formEdgeID":null},{"edgeID":"1735505","fromID":"1322456","toID":"1322459","formEdgeID":null},{"edgeID":"1735506","fromID":"1322459","toID":"1322455","formEdgeID":null},{"edgeID":"1735507","fromID":"1322450","toID":"1322460","formEdgeID":null},{"edgeID":"1735508","fromID":"1322460","toID":"1322456","formEdgeID":null},{"edgeID":"1735509","fromID":"1322463","toID":"1322462","formEdgeID":null},{"edgeID":"1735510","fromID":"1322464","toID":"1322463","formEdgeID":null},{"edgeID":"1735511","fromID":"1322462","toID":"1322465","formEdgeID":null},{"edgeID":"1735512","fromID":"1322465","toID":"1322461","formEdgeID":null},{"edgeID":"1735513","fromID":"1322456","toID":"1322466","formEdgeID":null},{"edgeID":"1735514","fromID":"1322466","toID":"1322462","formEdgeID":null},{"edgeID":"1735515","fromID":"1322469","toID":"1322468","formEdgeID":null},{"edgeID":"1735516","fromID":"1322470","toID":"1322469","formEdgeID":null},{"edgeID":"1735517","fromID":"1322468","toID":"1322471","formEdgeID":null},{"edgeID":"1735518","fromID":"1322471","toID":"1322467","formEdgeID":null},{"edgeID":"1735519","fromID":"1322462","toID":"1322472","formEdgeID":null},{"edgeID":"1735520","fromID":"1322472","toID":"1322468","formEdgeID":null},{"edgeID":"1735521","fromID":"1322474","toID":"1322473","formEdgeID":null},{"edgeID":"1735522","fromID":"1322475","toID":"1322474","formEdgeID":null},{"edgeID":"1735523","fromID":"1322473","toID":"1322476","formEdgeID":null},{"edgeID":"1735524","fromID":"1322476","toID":"1148373","formEdgeID":null},{"edgeID":"1735525","fromID":"1322468","toID":"1322477","formEdgeID":null},{"edgeID":"1735526","fromID":"1322477","toID":"1322473","formEdgeID":null},{"edgeID":"1735527","fromID":"1322383","toID":"1322478","formEdgeID":null},{"edgeID":"1735528","fromID":"1322478","toID":"1322378","formEdgeID":null},{"edgeID":"1735529","fromID":"1322388","toID":"1322479","formEdgeID":null},{"edgeID":"1735530","fromID":"1322479","toID":"1322478","formEdgeID":null},{"edgeID":"1735531","fromID":"1322383","toID":"1322480","formEdgeID":null},{"edgeID":"1735532","fromID":"1322480","toID":"1148274","formEdgeID":null},{"edgeID":"1735533","fromID":"1322373","toID":"1322481","formEdgeID":null},{"edgeID":"1735534","fromID":"1322481","toID":"1322384","formEdgeID":null},{"edgeID":"1735535","fromID":"1322481","toID":"1322482","formEdgeID":null},{"edgeID":"1735536","fromID":"1322482","toID":"1322480","formEdgeID":null},{"edgeID":"1735537","fromID":"1322389","toID":"1322483","formEdgeID":null},{"edgeID":"1735538","fromID":"1322483","toID":"1322383","formEdgeID":null},{"edgeID":"1735539","fromID":"1322394","toID":"1322484","formEdgeID":null},{"edgeID":"1735540","fromID":"1322484","toID":"1322483","formEdgeID":null},{"edgeID":"1735541","fromID":"1322395","toID":"1322485","formEdgeID":null},{"edgeID":"1735542","fromID":"1322485","toID":"1148274","formEdgeID":null},{"edgeID":"1735543","fromID":"1322373","toID":"1322486","formEdgeID":null},{"edgeID":"1735544","fromID":"1322486","toID":"1322396","formEdgeID":null},{"edgeID":"1735545","fromID":"1322486","toID":"1322487","formEdgeID":null},{"edgeID":"1735546","fromID":"1322487","toID":"1322485","formEdgeID":null},{"edgeID":"1735547","fromID":"1322455","toID":"1322488","formEdgeID":null},{"edgeID":"1735548","fromID":"1322488","toID":"1322449","formEdgeID":null},{"edgeID":"1735549","fromID":"1322460","toID":"1322489","formEdgeID":null},{"edgeID":"1735550","fromID":"1322489","toID":"1322488","formEdgeID":null},{"edgeID":"1735551","fromID":"1148373","toID":"1322490","formEdgeID":null},{"edgeID":"1735552","fromID":"1322490","toID":"1322467","formEdgeID":null},{"edgeID":"1735553","fromID":"1322477","toID":"1322491","formEdgeID":null},{"edgeID":"1735554","fromID":"1322491","toID":"1322490","formEdgeID":null},{"edgeID":"1735555","fromID":"1322467","toID":"1322492","formEdgeID":null},{"edgeID":"1735556","fromID":"1322492","toID":"1322461","formEdgeID":null},{"edgeID":"1735557","fromID":"1322472","toID":"1322493","formEdgeID":null},{"edgeID":"1735558","fromID":"1322493","toID":"1322492","formEdgeID":null},{"edgeID":"1735559","fromID":"1322461","toID":"1322494","formEdgeID":null},{"edgeID":"1735560","fromID":"1322494","toID":"1322455","formEdgeID":null},{"edgeID":"1735561","fromID":"1322466","toID":"1322495","formEdgeID":null},{"edgeID":"1735562","fromID":"1322495","toID":"1322494","formEdgeID":null},{"edgeID":"1735563","fromID":"1322416","toID":"1322496","formEdgeID":null},{"edgeID":"1735564","fromID":"1322496","toID":"1322383","formEdgeID":null},{"edgeID":"1735565","fromID":"1322384","toID":"1322497","formEdgeID":null},{"edgeID":"1735566","fromID":"1322497","toID":"1322417","formEdgeID":null},{"edgeID":"1735567","fromID":"1322497","toID":"1322498","formEdgeID":null},{"edgeID":"1735568","fromID":"1322498","toID":"1322496","formEdgeID":null}],"locutions":[]}