{"nodes":[{"nodeID":"1322918","text":"Mairi Mcallan was going to mention an important part of the housing to 2040 strategy which is empowering counsels to bring disused and abandoned properties back into use","type":"I","timestamp":"2023-11-09 13:27:55"},{"nodeID":"1322919","text":"Dominika: Mairi McAllan: I was going to mention an important part of the how much to 2040 strategy which is empowering counsels to bring disused and abandoned properties back into use","type":"L","timestamp":"2023-11-09 13:27:55"},{"nodeID":"1322920","text":"Mairi McAllan: I was going to mention an important part of the how much to 2040 strategy which is empowering counsels to bring disused and abandoned properties back into use","type":"L","timestamp":"2023-11-09 13:27:55"},{"nodeID":"1322921","text":"Mairi Mcallan is not sure to what extent bringing disused and abandoned properties back into use would affect you here in St Andrews","type":"I","timestamp":"2023-11-09 13:27:56"},{"nodeID":"1322922","text":"Mairi McAllan: I'm not sure to what extent that would affect you here in St Andrews","type":"L","timestamp":"2023-11-09 13:27:56"},{"nodeID":"1322923","text":"Dominika: Mairi McAllan: I'm not sure to what extent that would affect you here in St Andrews","type":"L","timestamp":"2023-11-09 13:27:56"},{"nodeID":"1322924","text":"there are a lot of rural and Island properties where young people can't get a house but there is abandoned property or a disused piece of land","type":"I","timestamp":"2023-11-09 13:27:56"},{"nodeID":"1322925","text":"Mairi McAllan: there are a lot of ruler And Island properties where young pandemic can't get a house but there's an abandoned property or disused piece of land","type":"L","timestamp":"2023-11-09 13:27:56"},{"nodeID":"1322926","text":"Dominika: Mairi McAllan: there are a lot of ruler And Island properties where young pandemic can't get a house but there's an abandoned property or disused piece of land","type":"L","timestamp":"2023-11-09 13:27:56"},{"nodeID":"1322927","text":"Mairi Mcallan has land reform in her manifesto","type":"I","timestamp":"2023-11-09 13:27:57"},{"nodeID":"1322928","text":"Mairi McAllan: I have land reform in my portfolio","type":"L","timestamp":"2023-11-09 13:27:57"},{"nodeID":"1322929","text":"Dominika: Mairi McAllan: I have land reform in my portfolio","type":"L","timestamp":"2023-11-09 13:27:57"},{"nodeID":"1322930","text":"we have the Scottish land fund","type":"I","timestamp":"2023-11-09 13:27:57"},{"nodeID":"1322931","text":"Mairi McAllan: We have the Scottish land fund","type":"L","timestamp":"2023-11-09 13:27:57"},{"nodeID":"1322932","text":"Dominika: Mairi McAllan: We have the Scottish land fund","type":"L","timestamp":"2023-11-09 13:27:57"},{"nodeID":"1322933","text":"the Scottish land fund is about empowering communities to take control of their aspects and decide what they want to do with them","type":"I","timestamp":"2023-11-09 13:27:58"},{"nodeID":"1322934","text":"Mairi McAllan: that's about empowering communities to take control of their aspects and decide what they want to do with them","type":"L","timestamp":"2023-11-09 13:27:58"},{"nodeID":"1322935","text":"Dominika: Mairi McAllan: that's about empowering communities to take control of their aspects and decide what they want to do with them","type":"L","timestamp":"2023-11-09 13:27:58"},{"nodeID":"1322936","text":"we don't have enough homes in Britain","type":"I","timestamp":"2023-11-09 13:27:59"},{"nodeID":"1322937","text":"Analysing","type":"YA","timestamp":"2023-11-09 13:27:59"},{"nodeID":"1322938","text":"Dominika: Emily Thornberry: We don't have enough homes in Britain","type":"L","timestamp":"2023-11-09 13:27:59"},{"nodeID":"1322939","text":"Asserting","type":"YA","timestamp":"2023-11-09 13:27:59"},{"nodeID":"1322940","text":"Emily Thornberry: We don't have enough homes in Britain","type":"L","timestamp":"2023-11-09 13:27:59"},{"nodeID":"1322941","text":"the problem is we don't have enough homes in Britain","type":"I","timestamp":"2023-11-09 13:27:59"},{"nodeID":"1322942","text":"Analysing","type":"YA","timestamp":"2023-11-09 13:27:59"},{"nodeID":"1322943","text":"Emily Thornberry: That's what the problem is","type":"L","timestamp":"2023-11-09 13:27:59"},{"nodeID":"1322944","text":"Asserting","type":"YA","timestamp":"2023-11-09 13:27:59"},{"nodeID":"1322945","text":"Dominika: Emily Thornberry: That's what the problem is","type":"L","timestamp":"2023-11-09 13:27:59"},{"nodeID":"1322946","text":"not having enough homes isn't one of these things that can be fixed immediately","type":"I","timestamp":"2023-11-09 13:28:00"},{"nodeID":"1322947","text":"Analysing","type":"YA","timestamp":"2023-11-09 13:28:00"},{"nodeID":"1322948","text":"Emily Thornberry: It isn't one of these things that can be fixed immediately","type":"L","timestamp":"2023-11-09 13:28:00"},{"nodeID":"1322949","text":"Asserting","type":"YA","timestamp":"2023-11-09 13:28:00"},{"nodeID":"1322950","text":"Dominika: Emily Thornberry: It isn't one of these things that can be fixed immediately","type":"L","timestamp":"2023-11-09 13:28:00"},{"nodeID":"1322951","text":"many politicians run away from the problem of not enough homes","type":"I","timestamp":"2023-11-09 13:28:00"},{"nodeID":"1322952","text":"Analysing","type":"YA","timestamp":"2023-11-09 13:28:00"},{"nodeID":"1322953","text":"Emily Thornberry: many politicians run away from it","type":"L","timestamp":"2023-11-09 13:28:00"},{"nodeID":"1322954","text":"Asserting","type":"YA","timestamp":"2023-11-09 13:28:00"},{"nodeID":"1322955","text":"Dominika: Emily Thornberry: many politicians run away from it","type":"L","timestamp":"2023-11-09 13:28:00"},{"nodeID":"1322956","text":"politicians don't see the results","type":"I","timestamp":"2023-11-09 13:28:01"},{"nodeID":"1322957","text":"Analysing","type":"YA","timestamp":"2023-11-09 13:28:01"},{"nodeID":"1322958","text":"Emily Thornberry: they don't see the results","type":"L","timestamp":"2023-11-09 13:28:01"},{"nodeID":"1322959","text":"Asserting","type":"YA","timestamp":"2023-11-09 13:28:01"},{"nodeID":"1322960","text":"Dominika: Emily Thornberry: they don't see the results","type":"L","timestamp":"2023-11-09 13:28:01"},{"nodeID":"1322961","text":"sometimes the politicians don't see the results within the term they are in power","type":"I","timestamp":"2023-11-09 13:28:02"},{"nodeID":"1322962","text":"Analysing","type":"YA","timestamp":"2023-11-09 13:28:02"},{"nodeID":"1322963","text":"Dominika: Emily Thornberry: sometimes within the term they are in power","type":"L","timestamp":"2023-11-09 13:28:02"},{"nodeID":"1322964","text":"Asserting","type":"YA","timestamp":"2023-11-09 13:28:02"},{"nodeID":"1322965","text":"Default Transition","type":"TA","timestamp":"2023-11-09 13:28:02"},{"nodeID":"1322966","text":"Default Transition","type":"TA","timestamp":"2023-11-09 13:28:02"},{"nodeID":"1322967","text":"Default Transition","type":"TA","timestamp":"2023-11-09 13:28:02"},{"nodeID":"1322968","text":"Default Transition","type":"TA","timestamp":"2023-11-09 13:28:02"},{"nodeID":"1322969","text":"Default Transition","type":"TA","timestamp":"2023-11-09 13:28:02"},{"nodeID":"1322970","text":"Default Inference","type":"RA","timestamp":"2023-11-09 13:28:02"},{"nodeID":"1322971","text":"Default Rephrase","type":"MA","timestamp":"2023-11-09 13:28:02"},{"nodeID":"1322972","text":"Restating","type":"YA","timestamp":"2023-11-09 13:28:02"},{"nodeID":"1322973","text":"Arguing","type":"YA","timestamp":"2023-11-09 13:28:02"},{"nodeID":"1322974","text":"Emily Thornberry: sometimes within the term they are in power","type":"L","timestamp":"2023-11-09 13:28:02"},{"nodeID":"1322975","text":"you need to have a vision which is longer than three or four years","type":"I","timestamp":"2023-11-09 13:28:02"},{"nodeID":"1322976","text":"Emily Thornberry: you need to have a vision which is longer than three or four years","type":"L","timestamp":"2023-11-09 13:28:02"},{"nodeID":"1322977","text":"Analysing","type":"YA","timestamp":"2023-11-09 13:28:02"},{"nodeID":"1322978","text":"Dominika: Emily Thornberry: you need to have a vision which is longer than three or four years","type":"L","timestamp":"2023-11-09 13:28:02"},{"nodeID":"1322979","text":"Asserting","type":"YA","timestamp":"2023-11-09 13:28:02"},{"nodeID":"1322980","text":"we're going to do something about the problem of not enough homes","type":"I","timestamp":"2023-11-09 13:28:03"},{"nodeID":"1322981","text":"Emily Thornberry: we're going to do something about this","type":"L","timestamp":"2023-11-09 13:28:03"},{"nodeID":"1322982","text":"Analysing","type":"YA","timestamp":"2023-11-09 13:28:03"},{"nodeID":"1322983","text":"Dominika: Emily Thornberry: we're going to do something about this","type":"L","timestamp":"2023-11-09 13:28:03"},{"nodeID":"1322984","text":"Asserting","type":"YA","timestamp":"2023-11-09 13:28:03"},{"nodeID":"1322985","text":"we have to start making some hard decisions","type":"I","timestamp":"2023-11-09 13:28:03"},{"nodeID":"1322986","text":"Emily Thornberry: we have to start making some hard decisions","type":"L","timestamp":"2023-11-09 13:28:03"},{"nodeID":"1322987","text":"Analysing","type":"YA","timestamp":"2023-11-09 13:28:03"},{"nodeID":"1322988","text":"Asserting","type":"YA","timestamp":"2023-11-09 13:28:03"},{"nodeID":"1322989","text":"Dominika: Emily Thornberry: we have to start making some hard decisions","type":"L","timestamp":"2023-11-09 13:28:03"},{"nodeID":"1322990","text":"we need to build more houses","type":"I","timestamp":"2023-11-09 13:28:04"},{"nodeID":"1322991","text":"Emily Thornberry:  We need to build more houses","type":"L","timestamp":"2023-11-09 13:28:04"},{"nodeID":"1322992","text":"Analysing","type":"YA","timestamp":"2023-11-09 13:28:04"},{"nodeID":"1322993","text":"Dominika: Emily Thornberry:  We need to build more houses","type":"L","timestamp":"2023-11-09 13:28:04"},{"nodeID":"1322994","text":"Asserting","type":"YA","timestamp":"2023-11-09 13:28:04"},{"nodeID":"1322995","text":"we need to build more flats","type":"I","timestamp":"2023-11-09 13:28:05"},{"nodeID":"1322996","text":"Emily Thornberry: We need to build more flats","type":"L","timestamp":"2023-11-09 13:28:05"},{"nodeID":"1322997","text":"Analysing","type":"YA","timestamp":"2023-11-09 13:28:05"},{"nodeID":"1322998","text":"Dominika: Emily Thornberry: We need to build more flats","type":"L","timestamp":"2023-11-09 13:28:05"},{"nodeID":"1322999","text":"Asserting","type":"YA","timestamp":"2023-11-09 13:28:05"},{"nodeID":"1323000","text":"we are going to build houses and flats in xxx","type":"I","timestamp":"2023-11-09 13:28:05"},{"nodeID":"1323001","text":"Emily Thornberry: where are we going to build them","type":"L","timestamp":"2023-11-09 13:28:05"},{"nodeID":"1323002","text":"Analysing","type":"YA","timestamp":"2023-11-09 13:28:05"},{"nodeID":"1323003","text":"Dominika: Emily Thornberry: where are we going to build them","type":"L","timestamp":"2023-11-09 13:28:05"},{"nodeID":"1323004","text":"Asserting","type":"YA","timestamp":"2023-11-09 13:28:05"},{"nodeID":"1323005","text":"if there is a planning application for more homes you get all the people in the area turning up saying they don't want it","type":"I","timestamp":"2023-11-09 13:28:06"},{"nodeID":"1323006","text":"Emily Thornberry: if there is a planning application for more homes you get all the people in the area turning up saying they don't want t","type":"L","timestamp":"2023-11-09 13:28:06"},{"nodeID":"1323007","text":"Analysing","type":"YA","timestamp":"2023-11-09 13:28:06"},{"nodeID":"1323008","text":"Dominika: Emily Thornberry: if there is a planning application for more homes you get all the people in the area turning up saying they don't want t","type":"L","timestamp":"2023-11-09 13:28:06"},{"nodeID":"1323009","text":"Asserting","type":"YA","timestamp":"2023-11-09 13:28:06"},{"nodeID":"1323010","text":"the youngsters who might benefit won't know it is them who will benefit","type":"I","timestamp":"2023-11-09 13:28:06"},{"nodeID":"1323011","text":"Emily Thornberry: the youngsters who might benefit won't know it is them who will benefit","type":"L","timestamp":"2023-11-09 13:28:06"},{"nodeID":"1323012","text":"Analysing","type":"YA","timestamp":"2023-11-09 13:28:06"},{"nodeID":"1323013","text":"Dominika: Emily Thornberry: the youngsters who might benefit won't know it is them who will benefit","type":"L","timestamp":"2023-11-09 13:28:06"},{"nodeID":"1323014","text":"Asserting","type":"YA","timestamp":"2023-11-09 13:28:06"},{"nodeID":"1323015","text":"Analysing","type":"YA","timestamp":"2023-11-09 13:28:06"},{"nodeID":"1323016","text":"Asserting","type":"YA","timestamp":"2023-11-09 13:28:06"},{"nodeID":"1323017","text":"Analysing","type":"YA","timestamp":"2023-11-09 13:28:06"},{"nodeID":"1323018","text":"Asserting","type":"YA","timestamp":"2023-11-09 13:28:06"},{"nodeID":"1323019","text":"Analysing","type":"YA","timestamp":"2023-11-09 13:28:06"},{"nodeID":"1323020","text":"Asserting","type":"YA","timestamp":"2023-11-09 13:28:06"},{"nodeID":"1323021","text":"Analysing","type":"YA","timestamp":"2023-11-09 13:28:06"},{"nodeID":"1323022","text":"Pure Questioning","type":"YA","timestamp":"2023-11-09 13:28:06"},{"nodeID":"1323023","text":"Analysing","type":"YA","timestamp":"2023-11-09 13:28:06"},{"nodeID":"1323024","text":"Asserting","type":"YA","timestamp":"2023-11-09 13:28:06"},{"nodeID":"1323025","text":"Analysing","type":"YA","timestamp":"2023-11-09 13:28:06"},{"nodeID":"1323026","text":"Asserting","type":"YA","timestamp":"2023-11-09 13:28:06"},{"nodeID":"1323027","text":"Default Transition","type":"TA","timestamp":"2023-11-09 13:28:06"},{"nodeID":"1323028","text":"Default Conflict","type":"CA","timestamp":"2023-11-09 13:28:06"},{"nodeID":"1323029","text":"Disagreeing","type":"YA","timestamp":"2023-11-09 13:28:06"},{"nodeID":"1323030","text":"Default Transition","type":"TA","timestamp":"2023-11-09 13:28:06"},{"nodeID":"1323031","text":"Default Transition","type":"TA","timestamp":"2023-11-09 13:28:06"},{"nodeID":"1323032","text":"Default Transition","type":"TA","timestamp":"2023-11-09 13:28:06"},{"nodeID":"1323033","text":"Default Transition","type":"TA","timestamp":"2023-11-09 13:28:06"},{"nodeID":"1323034","text":"Default Transition","type":"TA","timestamp":"2023-11-09 13:28:06"},{"nodeID":"1323035","text":"Default Rephrase","type":"MA","timestamp":"2023-11-09 13:28:06"},{"nodeID":"1323036","text":"Restating","type":"YA","timestamp":"2023-11-09 13:28:06"},{"nodeID":"1323037","text":"Default Transition","type":"TA","timestamp":"2023-11-09 13:28:06"},{"nodeID":"1323038","text":"Default Transition","type":"TA","timestamp":"2023-11-09 13:28:06"},{"nodeID":"1323039","text":"Default Inference","type":"RA","timestamp":"2023-11-09 13:28:06"},{"nodeID":"1323040","text":"Arguing","type":"YA","timestamp":"2023-11-09 13:28:06"},{"nodeID":"1323041","text":"Default Transition","type":"TA","timestamp":"2023-11-09 13:28:06"},{"nodeID":"1323042","text":"Default Inference","type":"RA","timestamp":"2023-11-09 13:28:06"},{"nodeID":"1323043","text":"Arguing","type":"YA","timestamp":"2023-11-09 13:28:06"},{"nodeID":"1323044","text":"Default Rephrase","type":"MA","timestamp":"2023-11-09 13:28:06"},{"nodeID":"1323045","text":"Default Transition","type":"TA","timestamp":"2023-11-09 13:28:06"},{"nodeID":"1323046","text":"Restating","type":"YA","timestamp":"2023-11-09 13:28:06"},{"nodeID":"1323047","text":"Default Transition","type":"TA","timestamp":"2023-11-09 13:28:06"},{"nodeID":"1323048","text":"Default Transition","type":"TA","timestamp":"2023-11-09 13:28:06"},{"nodeID":"1323049","text":"Default Inference","type":"RA","timestamp":"2023-11-09 13:28:06"},{"nodeID":"1323050","text":"Arguing","type":"YA","timestamp":"2023-11-09 13:28:06"},{"nodeID":"1323051","text":"Default Transition","type":"TA","timestamp":"2023-11-09 13:28:06"},{"nodeID":"1323052","text":"Default Inference","type":"RA","timestamp":"2023-11-09 13:28:06"},{"nodeID":"1323053","text":"Default Rephrase","type":"MA","timestamp":"2023-11-09 13:28:06"},{"nodeID":"1323054","text":"Restating","type":"YA","timestamp":"2023-11-09 13:28:06"},{"nodeID":"1323055","text":"Default Inference","type":"RA","timestamp":"2023-11-09 13:28:06"},{"nodeID":"1323056","text":"Default Transition","type":"TA","timestamp":"2023-11-09 13:28:06"},{"nodeID":"1323057","text":"Arguing","type":"YA","timestamp":"2023-11-09 13:28:06"}],"edges":[{"edgeID":"1736064","fromID":"1322937","toID":"1322920","formEdgeID":null},{"edgeID":"1736065","fromID":"1322919","toID":"1322937","formEdgeID":null},{"edgeID":"1736066","fromID":"1322920","toID":"1322939","formEdgeID":null},{"edgeID":"1736067","fromID":"1322939","toID":"1322918","formEdgeID":null},{"edgeID":"1736068","fromID":"1322942","toID":"1322922","formEdgeID":null},{"edgeID":"1736069","fromID":"1322923","toID":"1322942","formEdgeID":null},{"edgeID":"1736070","fromID":"1322922","toID":"1322944","formEdgeID":null},{"edgeID":"1736071","fromID":"1322944","toID":"1322921","formEdgeID":null},{"edgeID":"1736072","fromID":"1322947","toID":"1322925","formEdgeID":null},{"edgeID":"1736073","fromID":"1322926","toID":"1322947","formEdgeID":null},{"edgeID":"1736074","fromID":"1322925","toID":"1322949","formEdgeID":null},{"edgeID":"1736075","fromID":"1322949","toID":"1322924","formEdgeID":null},{"edgeID":"1736076","fromID":"1322952","toID":"1322928","formEdgeID":null},{"edgeID":"1736077","fromID":"1322929","toID":"1322952","formEdgeID":null},{"edgeID":"1736078","fromID":"1322928","toID":"1322954","formEdgeID":null},{"edgeID":"1736079","fromID":"1322954","toID":"1322927","formEdgeID":null},{"edgeID":"1736080","fromID":"1322957","toID":"1322931","formEdgeID":null},{"edgeID":"1736081","fromID":"1322932","toID":"1322957","formEdgeID":null},{"edgeID":"1736082","fromID":"1322931","toID":"1322959","formEdgeID":null},{"edgeID":"1736083","fromID":"1322959","toID":"1322930","formEdgeID":null},{"edgeID":"1736084","fromID":"1322962","toID":"1322934","formEdgeID":null},{"edgeID":"1736085","fromID":"1322935","toID":"1322962","formEdgeID":null},{"edgeID":"1736086","fromID":"1322934","toID":"1322964","formEdgeID":null},{"edgeID":"1736087","fromID":"1322964","toID":"1322933","formEdgeID":null},{"edgeID":"1736088","fromID":"1322920","toID":"1322965","formEdgeID":null},{"edgeID":"1736089","fromID":"1322965","toID":"1322922","formEdgeID":null},{"edgeID":"1736090","fromID":"1322922","toID":"1322966","formEdgeID":null},{"edgeID":"1736091","fromID":"1322966","toID":"1322925","formEdgeID":null},{"edgeID":"1736092","fromID":"1322925","toID":"1322967","formEdgeID":null},{"edgeID":"1736093","fromID":"1322967","toID":"1322928","formEdgeID":null},{"edgeID":"1736094","fromID":"1322928","toID":"1322968","formEdgeID":null},{"edgeID":"1736095","fromID":"1322968","toID":"1322931","formEdgeID":null},{"edgeID":"1736096","fromID":"1322931","toID":"1322969","formEdgeID":null},{"edgeID":"1736097","fromID":"1322969","toID":"1322934","formEdgeID":null},{"edgeID":"1736098","fromID":"1322930","toID":"1322970","formEdgeID":null},{"edgeID":"1736099","fromID":"1322970","toID":"1322927","formEdgeID":null},{"edgeID":"1736100","fromID":"1322933","toID":"1322971","formEdgeID":null},{"edgeID":"1736101","fromID":"1322971","toID":"1322930","formEdgeID":null},{"edgeID":"1736102","fromID":"1322969","toID":"1322972","formEdgeID":null},{"edgeID":"1736103","fromID":"1322972","toID":"1322971","formEdgeID":null},{"edgeID":"1736104","fromID":"1322968","toID":"1322973","formEdgeID":null},{"edgeID":"1736105","fromID":"1322973","toID":"1322970","formEdgeID":null},{"edgeID":"1736106","fromID":"1322977","toID":"1322940","formEdgeID":null},{"edgeID":"1736107","fromID":"1322938","toID":"1322977","formEdgeID":null},{"edgeID":"1736108","fromID":"1322940","toID":"1322979","formEdgeID":null},{"edgeID":"1736109","fromID":"1322979","toID":"1322936","formEdgeID":null},{"edgeID":"1736110","fromID":"1322982","toID":"1322943","formEdgeID":null},{"edgeID":"1736111","fromID":"1322945","toID":"1322982","formEdgeID":null},{"edgeID":"1736112","fromID":"1322943","toID":"1322984","formEdgeID":null},{"edgeID":"1736113","fromID":"1322984","toID":"1322941","formEdgeID":null},{"edgeID":"1736114","fromID":"1322987","toID":"1322948","formEdgeID":null},{"edgeID":"1736115","fromID":"1322950","toID":"1322987","formEdgeID":null},{"edgeID":"1736116","fromID":"1322948","toID":"1322988","formEdgeID":null},{"edgeID":"1736117","fromID":"1322988","toID":"1322946","formEdgeID":null},{"edgeID":"1736118","fromID":"1322992","toID":"1322953","formEdgeID":null},{"edgeID":"1736119","fromID":"1322955","toID":"1322992","formEdgeID":null},{"edgeID":"1736120","fromID":"1322953","toID":"1322994","formEdgeID":null},{"edgeID":"1736121","fromID":"1322994","toID":"1322951","formEdgeID":null},{"edgeID":"1736122","fromID":"1322997","toID":"1322958","formEdgeID":null},{"edgeID":"1736123","fromID":"1322960","toID":"1322997","formEdgeID":null},{"edgeID":"1736124","fromID":"1322958","toID":"1322999","formEdgeID":null},{"edgeID":"1736125","fromID":"1322999","toID":"1322956","formEdgeID":null},{"edgeID":"1736126","fromID":"1323002","toID":"1322974","formEdgeID":null},{"edgeID":"1736127","fromID":"1322963","toID":"1323002","formEdgeID":null},{"edgeID":"1736128","fromID":"1322974","toID":"1323004","formEdgeID":null},{"edgeID":"1736129","fromID":"1323004","toID":"1322961","formEdgeID":null},{"edgeID":"1736130","fromID":"1323007","toID":"1322976","formEdgeID":null},{"edgeID":"1736131","fromID":"1322978","toID":"1323007","formEdgeID":null},{"edgeID":"1736132","fromID":"1322976","toID":"1323009","formEdgeID":null},{"edgeID":"1736133","fromID":"1323009","toID":"1322975","formEdgeID":null},{"edgeID":"1736134","fromID":"1323012","toID":"1322981","formEdgeID":null},{"edgeID":"1736135","fromID":"1322983","toID":"1323012","formEdgeID":null},{"edgeID":"1736136","fromID":"1322981","toID":"1323014","formEdgeID":null},{"edgeID":"1736137","fromID":"1323014","toID":"1322980","formEdgeID":null},{"edgeID":"1736138","fromID":"1323015","toID":"1322986","formEdgeID":null},{"edgeID":"1736139","fromID":"1322989","toID":"1323015","formEdgeID":null},{"edgeID":"1736140","fromID":"1322986","toID":"1323016","formEdgeID":null},{"edgeID":"1736141","fromID":"1323016","toID":"1322985","formEdgeID":null},{"edgeID":"1736142","fromID":"1323017","toID":"1322991","formEdgeID":null},{"edgeID":"1736143","fromID":"1322993","toID":"1323017","formEdgeID":null},{"edgeID":"1736144","fromID":"1322991","toID":"1323018","formEdgeID":null},{"edgeID":"1736145","fromID":"1323018","toID":"1322990","formEdgeID":null},{"edgeID":"1736146","fromID":"1323019","toID":"1322996","formEdgeID":null},{"edgeID":"1736147","fromID":"1322998","toID":"1323019","formEdgeID":null},{"edgeID":"1736148","fromID":"1322996","toID":"1323020","formEdgeID":null},{"edgeID":"1736149","fromID":"1323020","toID":"1322995","formEdgeID":null},{"edgeID":"1736150","fromID":"1323021","toID":"1323001","formEdgeID":null},{"edgeID":"1736151","fromID":"1323003","toID":"1323021","formEdgeID":null},{"edgeID":"1736152","fromID":"1323001","toID":"1323022","formEdgeID":null},{"edgeID":"1736153","fromID":"1323022","toID":"1323000","formEdgeID":null},{"edgeID":"1736154","fromID":"1323023","toID":"1323006","formEdgeID":null},{"edgeID":"1736155","fromID":"1323008","toID":"1323023","formEdgeID":null},{"edgeID":"1736156","fromID":"1323006","toID":"1323024","formEdgeID":null},{"edgeID":"1736157","fromID":"1323024","toID":"1323005","formEdgeID":null},{"edgeID":"1736158","fromID":"1323025","toID":"1323011","formEdgeID":null},{"edgeID":"1736159","fromID":"1323013","toID":"1323025","formEdgeID":null},{"edgeID":"1736160","fromID":"1323011","toID":"1323026","formEdgeID":null},{"edgeID":"1736161","fromID":"1323026","toID":"1323010","formEdgeID":null},{"edgeID":"1736162","fromID":"1323006","toID":"1323027","formEdgeID":null},{"edgeID":"1736163","fromID":"1323027","toID":"1323011","formEdgeID":null},{"edgeID":"1736164","fromID":"1323010","toID":"1323028","formEdgeID":null},{"edgeID":"1736165","fromID":"1323028","toID":"1323005","formEdgeID":null},{"edgeID":"1736166","fromID":"1323027","toID":"1323029","formEdgeID":null},{"edgeID":"1736167","fromID":"1323029","toID":"1323028","formEdgeID":null},{"edgeID":"1736168","fromID":"1323001","toID":"1323030","formEdgeID":null},{"edgeID":"1736169","fromID":"1323030","toID":"1323006","formEdgeID":null},{"edgeID":"1736170","fromID":"1322996","toID":"1323031","formEdgeID":null},{"edgeID":"1736171","fromID":"1323031","toID":"1323001","formEdgeID":null},{"edgeID":"1736172","fromID":"1322991","toID":"1323032","formEdgeID":null},{"edgeID":"1736173","fromID":"1323032","toID":"1322996","formEdgeID":null},{"edgeID":"1736174","fromID":"1322934","toID":"1323033","formEdgeID":null},{"edgeID":"1736175","fromID":"1323033","toID":"1322940","formEdgeID":null},{"edgeID":"1736176","fromID":"1322940","toID":"1323034","formEdgeID":null},{"edgeID":"1736177","fromID":"1323034","toID":"1322943","formEdgeID":null},{"edgeID":"1736178","fromID":"1322941","toID":"1323035","formEdgeID":null},{"edgeID":"1736179","fromID":"1323035","toID":"1322936","formEdgeID":null},{"edgeID":"1736180","fromID":"1323034","toID":"1323036","formEdgeID":null},{"edgeID":"1736181","fromID":"1323036","toID":"1323035","formEdgeID":null},{"edgeID":"1736182","fromID":"1322943","toID":"1323037","formEdgeID":null},{"edgeID":"1736183","fromID":"1323037","toID":"1322948","formEdgeID":null},{"edgeID":"1736184","fromID":"1322948","toID":"1323038","formEdgeID":null},{"edgeID":"1736185","fromID":"1323038","toID":"1322953","formEdgeID":null},{"edgeID":"1736186","fromID":"1322946","toID":"1323039","formEdgeID":null},{"edgeID":"1736187","fromID":"1323039","toID":"1322951","formEdgeID":null},{"edgeID":"1736188","fromID":"1323038","toID":"1323040","formEdgeID":null},{"edgeID":"1736189","fromID":"1323040","toID":"1323039","formEdgeID":null},{"edgeID":"1736190","fromID":"1322953","toID":"1323041","formEdgeID":null},{"edgeID":"1736191","fromID":"1323041","toID":"1322958","formEdgeID":null},{"edgeID":"1736192","fromID":"1322956","toID":"1323042","formEdgeID":null},{"edgeID":"1736193","fromID":"1323042","toID":"1322951","formEdgeID":null},{"edgeID":"1736194","fromID":"1323041","toID":"1323043","formEdgeID":null},{"edgeID":"1736195","fromID":"1323043","toID":"1323042","formEdgeID":null},{"edgeID":"1736196","fromID":"1322961","toID":"1323044","formEdgeID":null},{"edgeID":"1736197","fromID":"1323044","toID":"1322956","formEdgeID":null},{"edgeID":"1736198","fromID":"1322958","toID":"1323045","formEdgeID":null},{"edgeID":"1736199","fromID":"1323045","toID":"1322974","formEdgeID":null},{"edgeID":"1736200","fromID":"1323045","toID":"1323046","formEdgeID":null},{"edgeID":"1736201","fromID":"1323046","toID":"1323044","formEdgeID":null},{"edgeID":"1736202","fromID":"1322974","toID":"1323047","formEdgeID":null},{"edgeID":"1736203","fromID":"1323047","toID":"1322976","formEdgeID":null},{"edgeID":"1736204","fromID":"1322976","toID":"1323048","formEdgeID":null},{"edgeID":"1736205","fromID":"1323048","toID":"1322981","formEdgeID":null},{"edgeID":"1736206","fromID":"1322980","toID":"1323049","formEdgeID":null},{"edgeID":"1736207","fromID":"1323049","toID":"1322975","formEdgeID":null},{"edgeID":"1736208","fromID":"1323048","toID":"1323050","formEdgeID":null},{"edgeID":"1736209","fromID":"1323050","toID":"1323049","formEdgeID":null},{"edgeID":"1736210","fromID":"1322981","toID":"1323051","formEdgeID":null},{"edgeID":"1736211","fromID":"1323051","toID":"1322986","formEdgeID":null},{"edgeID":"1736212","fromID":"1322980","toID":"1323052","formEdgeID":null},{"edgeID":"1736213","fromID":"1323052","toID":"1322985","formEdgeID":null},{"edgeID":"1736214","fromID":"1322995","toID":"1323053","formEdgeID":null},{"edgeID":"1736215","fromID":"1323053","toID":"1322990","formEdgeID":null},{"edgeID":"1736216","fromID":"1323032","toID":"1323054","formEdgeID":null},{"edgeID":"1736217","fromID":"1323054","toID":"1323053","formEdgeID":null},{"edgeID":"1736218","fromID":"1322980","toID":"1323055","formEdgeID":null},{"edgeID":"1736219","fromID":"1323055","toID":"1322990","formEdgeID":null},{"edgeID":"1736220","fromID":"1322981","toID":"1323056","formEdgeID":null},{"edgeID":"1736221","fromID":"1323056","toID":"1322991","formEdgeID":null},{"edgeID":"1736222","fromID":"1323056","toID":"1323057","formEdgeID":null},{"edgeID":"1736223","fromID":"1323057","toID":"1323055","formEdgeID":null}],"locutions":[]}