{"nodes":[{"nodeID":"1323625","text":"you won't see youngsters at the planning meeting saying I think it is a good idea to have more homes in this area, I would like to not have to share with three other people in their late twenties. I actually would like to have a chance to have my own family, to be able to live on my own","type":"I","timestamp":"2023-11-09 13:28:55"},{"nodeID":"1323626","text":"Emily Thornberry: You won't see them at the planning meeting saying I think it is a good idea to have more homes in this area, I would like to not have to share with three other people in their late twenties. I actually would like to have a chance to have my own family, to be able to live on my own","type":"L","timestamp":"2023-11-09 13:28:55"},{"nodeID":"1323627","text":"Pawe\u0142: Emily Thornberry: You won't see them at the planning meeting saying I think it is a good idea to have more homes in this area, I would like to not have to share with three other people in their late twenties. I actually would like to have a chance to have my own family, to be able to live on my own","type":"L","timestamp":"2023-11-09 13:28:55"},{"nodeID":"1323628","text":"Analysing","type":"YA","timestamp":"2023-11-09 13:28:55"},{"nodeID":"1323629","text":"Asserting","type":"YA","timestamp":"2023-11-09 13:28:55"},{"nodeID":"1323630","text":"Emily Thornberry would resolve there not being enough homes by xxx","type":"I","timestamp":"2023-11-09 13:28:56"},{"nodeID":"1323631","text":"Fiona Bruce: How would you resolve that","type":"L","timestamp":"2023-11-09 13:28:56"},{"nodeID":"1323632","text":"Analysing","type":"YA","timestamp":"2023-11-09 13:28:56"},{"nodeID":"1323633","text":"Pawe\u0142: Fiona Bruce: How would you resolve that","type":"L","timestamp":"2023-11-09 13:28:56"},{"nodeID":"1323634","text":"Pure Questioning","type":"YA","timestamp":"2023-11-09 13:28:56"},{"nodeID":"1323635","text":"Default Transition","type":"TA","timestamp":"2023-11-09 13:28:56"},{"nodeID":"1323636","text":"you need to have vision on the problem of not having enough homes","type":"I","timestamp":"2023-11-09 13:28:56"},{"nodeID":"1323637","text":"Emily Thornberry: You need to have vision on it","type":"L","timestamp":"2023-11-09 13:28:56"},{"nodeID":"1323638","text":"Analysing","type":"YA","timestamp":"2023-11-09 13:28:56"},{"nodeID":"1323639","text":"Pawe\u0142: Emily Thornberry: You need to have vision on it","type":"L","timestamp":"2023-11-09 13:28:56"},{"nodeID":"1323640","text":"Asserting","type":"YA","timestamp":"2023-11-09 13:28:56"},{"nodeID":"1323641","text":"Default Transition","type":"TA","timestamp":"2023-11-09 13:28:56"},{"nodeID":"1323642","text":"Default Rephrase","type":"MA","timestamp":"2023-11-09 13:28:56"},{"nodeID":"1323643","text":"Default Illocuting","type":"YA","timestamp":"2023-11-09 13:28:56"},{"nodeID":"1323644","text":"you need to be able to have a proper conversation nationally because there needs to be compromise made","type":"I","timestamp":"2023-11-09 13:28:57"},{"nodeID":"1323645","text":"Emily Thornberry: you need to be able to have a proper conversation nationally because there needs to be compromise made","type":"L","timestamp":"2023-11-09 13:28:57"},{"nodeID":"1323646","text":"Analysing","type":"YA","timestamp":"2023-11-09 13:28:57"},{"nodeID":"1323647","text":"Pawe\u0142: Emily Thornberry: you need to be able to have a proper conversation nationally because there needs to be compromise made","type":"L","timestamp":"2023-11-09 13:28:57"},{"nodeID":"1323648","text":"Asserting","type":"YA","timestamp":"2023-11-09 13:28:57"},{"nodeID":"1323649","text":"Emily Thornberry personally would happily put a cap on second homes","type":"I","timestamp":"2023-11-09 13:28:57"},{"nodeID":"1323650","text":"Emily Thornberry: I personally -- this is not Labour policy, but I would put a cap, happily, on second homes","type":"L","timestamp":"2023-11-09 13:28:57"},{"nodeID":"1323651","text":"Analysing","type":"YA","timestamp":"2023-11-09 13:28:57"},{"nodeID":"1323652","text":"Pawe\u0142: Emily Thornberry: I personally -- this is not Labour policy, but I would put a cap, happily, on second homes","type":"L","timestamp":"2023-11-09 13:28:57"},{"nodeID":"1323653","text":"Asserting","type":"YA","timestamp":"2023-11-09 13:28:57"},{"nodeID":"1323654","text":"putting a cap on second homes is not Labour policy","type":"I","timestamp":"2023-11-09 13:28:58"},{"nodeID":"1323655","text":"Emily Thornberry: this is not Labour policy","type":"L","timestamp":"2023-11-09 13:28:58"},{"nodeID":"1323656","text":"Pawe\u0142: Emily Thornberry: this is not Labour policy","type":"L","timestamp":"2023-11-09 13:28:58"},{"nodeID":"1323657","text":"Asserting","type":"YA","timestamp":"2023-11-09 13:28:58"},{"nodeID":"1323658","text":"Analysing","type":"YA","timestamp":"2023-11-09 13:28:58"},{"nodeID":"1323659","text":"Default Transition","type":"TA","timestamp":"2023-11-09 13:28:58"},{"nodeID":"1323660","text":"Default Transition","type":"TA","timestamp":"2023-11-09 13:28:58"},{"nodeID":"1323661","text":"Default Rephrase","type":"MA","timestamp":"2023-11-09 13:28:58"},{"nodeID":"1323662","text":"Default Illocuting","type":"YA","timestamp":"2023-11-09 13:28:58"},{"nodeID":"1323663","text":"Default Rephrase","type":"MA","timestamp":"2023-11-09 13:28:58"},{"nodeID":"1323664","text":"Default Illocuting","type":"YA","timestamp":"2023-11-09 13:28:58"},{"nodeID":"1323665","text":"Default Transition","type":"TA","timestamp":"2023-11-09 13:28:58"},{"nodeID":"1323666","text":"Default Rephrase","type":"MA","timestamp":"2023-11-09 13:28:58"},{"nodeID":"1323667","text":"Restating","type":"YA","timestamp":"2023-11-09 13:28:58"},{"nodeID":"1323668","text":"it is right in certain areas we need to put a cap on second homes","type":"I","timestamp":"2023-11-09 13:28:58"},{"nodeID":"1323669","text":"Emily Thornberry: I think it is right in certain areas we need to do that","type":"L","timestamp":"2023-11-09 13:28:58"},{"nodeID":"1323670","text":"Pawe\u0142: Emily Thornberry: I think it is right in certain areas we need to do that","type":"L","timestamp":"2023-11-09 13:28:58"},{"nodeID":"1323671","text":"Analysing","type":"YA","timestamp":"2023-11-09 13:28:58"},{"nodeID":"1323672","text":"Asserting","type":"YA","timestamp":"2023-11-09 13:28:58"},{"nodeID":"1323673","text":"Default Inference","type":"RA","timestamp":"2023-11-09 13:28:58"},{"nodeID":"1323674","text":"Default Transition","type":"TA","timestamp":"2023-11-09 13:28:58"},{"nodeID":"1323675","text":"Arguing","type":"YA","timestamp":"2023-11-09 13:28:58"},{"nodeID":"1323676","text":"we must have priority for affordable homes for people who come from those areas, who serve those areas","type":"I","timestamp":"2023-11-09 13:28:59"},{"nodeID":"1323677","text":"Emily Thornberry: we must have priority for affordable homes for people who come from those areas, who serve those areas","type":"L","timestamp":"2023-11-09 13:28:59"},{"nodeID":"1323678","text":"Asserting","type":"YA","timestamp":"2023-11-09 13:28:59"},{"nodeID":"1323679","text":"Pawe\u0142: Emily Thornberry: we must have priority for affordable homes for people who come from those areas, who serve those areas","type":"L","timestamp":"2023-11-09 13:28:59"},{"nodeID":"1323680","text":"Analysing","type":"YA","timestamp":"2023-11-09 13:28:59"},{"nodeID":"1323681","text":"Default Transition","type":"TA","timestamp":"2023-11-09 13:28:59"},{"nodeID":"1323682","text":"Default Inference","type":"RA","timestamp":"2023-11-09 13:28:59"},{"nodeID":"1323683","text":"Arguing","type":"YA","timestamp":"2023-11-09 13:28:59"},{"nodeID":"1323684","text":"in Emily Thornberry's constituency, the people who serve her area cannot afford to live in her area, and that's completely wrong","type":"I","timestamp":"2023-11-09 13:29:00"},{"nodeID":"1323685","text":"Analysing","type":"YA","timestamp":"2023-11-09 13:29:00"},{"nodeID":"1323686","text":"Emily Thornberry: In my constituency, the people who serve my area cannot afford to live in my area, and that's completely wrong","type":"L","timestamp":"2023-11-09 13:29:00"},{"nodeID":"1323687","text":"Asserting","type":"YA","timestamp":"2023-11-09 13:29:00"},{"nodeID":"1323688","text":"Pawe\u0142: Emily Thornberry: In my constituency, the people who serve my area cannot afford to live in my area, and that's completely wrong","type":"L","timestamp":"2023-11-09 13:29:00"},{"nodeID":"1323689","text":"Default Transition","type":"TA","timestamp":"2023-11-09 13:29:00"}],"edges":[{"edgeID":"1736880","fromID":"1323628","toID":"1323626","formEdgeID":null},{"edgeID":"1736881","fromID":"1323627","toID":"1323628","formEdgeID":null},{"edgeID":"1736882","fromID":"1323629","toID":"1323625","formEdgeID":null},{"edgeID":"1736883","fromID":"1323626","toID":"1323629","formEdgeID":null},{"edgeID":"1736884","fromID":"1323632","toID":"1323631","formEdgeID":null},{"edgeID":"1736885","fromID":"1323631","toID":"1323634","formEdgeID":null},{"edgeID":"1736886","fromID":"1323634","toID":"1323630","formEdgeID":null},{"edgeID":"1736887","fromID":"1323633","toID":"1323632","formEdgeID":null},{"edgeID":"1736888","fromID":"1323635","toID":"1323631","formEdgeID":null},{"edgeID":"1736889","fromID":"1323626","toID":"1323635","formEdgeID":null},{"edgeID":"1736890","fromID":"1323638","toID":"1323637","formEdgeID":null},{"edgeID":"1736891","fromID":"1323639","toID":"1323638","formEdgeID":null},{"edgeID":"1736892","fromID":"1323640","toID":"1323636","formEdgeID":null},{"edgeID":"1736893","fromID":"1323637","toID":"1323640","formEdgeID":null},{"edgeID":"1736894","fromID":"1323631","toID":"1323641","formEdgeID":null},{"edgeID":"1736895","fromID":"1323641","toID":"1323637","formEdgeID":null},{"edgeID":"1736896","fromID":"1323642","toID":"1323630","formEdgeID":null},{"edgeID":"1736897","fromID":"1323636","toID":"1323642","formEdgeID":null},{"edgeID":"1736898","fromID":"1323641","toID":"1323643","formEdgeID":null},{"edgeID":"1736899","fromID":"1323643","toID":"1323642","formEdgeID":null},{"edgeID":"1736900","fromID":"1323647","toID":"1323646","formEdgeID":null},{"edgeID":"1736901","fromID":"1323646","toID":"1323645","formEdgeID":null},{"edgeID":"1736902","fromID":"1323645","toID":"1323648","formEdgeID":null},{"edgeID":"1736903","fromID":"1323648","toID":"1323644","formEdgeID":null},{"edgeID":"1736904","fromID":"1323653","toID":"1323649","formEdgeID":null},{"edgeID":"1736905","fromID":"1323652","toID":"1323651","formEdgeID":null},{"edgeID":"1736906","fromID":"1323651","toID":"1323650","formEdgeID":null},{"edgeID":"1736907","fromID":"1323650","toID":"1323653","formEdgeID":null},{"edgeID":"1736908","fromID":"1323655","toID":"1323657","formEdgeID":null},{"edgeID":"1736909","fromID":"1323658","toID":"1323655","formEdgeID":null},{"edgeID":"1736910","fromID":"1323656","toID":"1323658","formEdgeID":null},{"edgeID":"1736911","fromID":"1323657","toID":"1323654","formEdgeID":null},{"edgeID":"1736912","fromID":"1323645","toID":"1323659","formEdgeID":null},{"edgeID":"1736913","fromID":"1323659","toID":"1323650","formEdgeID":null},{"edgeID":"1736914","fromID":"1323637","toID":"1323660","formEdgeID":null},{"edgeID":"1736915","fromID":"1323660","toID":"1323645","formEdgeID":null},{"edgeID":"1736916","fromID":"1323644","toID":"1323661","formEdgeID":null},{"edgeID":"1736917","fromID":"1323661","toID":"1323630","formEdgeID":null},{"edgeID":"1736918","fromID":"1323660","toID":"1323662","formEdgeID":null},{"edgeID":"1736919","fromID":"1323662","toID":"1323661","formEdgeID":null},{"edgeID":"1736920","fromID":"1323649","toID":"1323663","formEdgeID":null},{"edgeID":"1736921","fromID":"1323663","toID":"1323630","formEdgeID":null},{"edgeID":"1736922","fromID":"1323659","toID":"1323664","formEdgeID":null},{"edgeID":"1736923","fromID":"1323664","toID":"1323663","formEdgeID":null},{"edgeID":"1736924","fromID":"1323650","toID":"1323665","formEdgeID":null},{"edgeID":"1736925","fromID":"1323665","toID":"1323655","formEdgeID":null},{"edgeID":"1736926","fromID":"1323654","toID":"1323666","formEdgeID":null},{"edgeID":"1736927","fromID":"1323666","toID":"1323649","formEdgeID":null},{"edgeID":"1736928","fromID":"1323665","toID":"1323667","formEdgeID":null},{"edgeID":"1736929","fromID":"1323667","toID":"1323666","formEdgeID":null},{"edgeID":"1736930","fromID":"1323671","toID":"1323669","formEdgeID":null},{"edgeID":"1736931","fromID":"1323670","toID":"1323671","formEdgeID":null},{"edgeID":"1736932","fromID":"1323672","toID":"1323668","formEdgeID":null},{"edgeID":"1736933","fromID":"1323669","toID":"1323672","formEdgeID":null},{"edgeID":"1736934","fromID":"1323673","toID":"1323649","formEdgeID":null},{"edgeID":"1736935","fromID":"1323668","toID":"1323673","formEdgeID":null},{"edgeID":"1736936","fromID":"1323655","toID":"1323674","formEdgeID":null},{"edgeID":"1736937","fromID":"1323674","toID":"1323669","formEdgeID":null},{"edgeID":"1736938","fromID":"1323674","toID":"1323675","formEdgeID":null},{"edgeID":"1736939","fromID":"1323675","toID":"1323673","formEdgeID":null},{"edgeID":"1736940","fromID":"1323680","toID":"1323677","formEdgeID":null},{"edgeID":"1736941","fromID":"1323677","toID":"1323678","formEdgeID":null},{"edgeID":"1736942","fromID":"1323678","toID":"1323676","formEdgeID":null},{"edgeID":"1736943","fromID":"1323679","toID":"1323680","formEdgeID":null},{"edgeID":"1736944","fromID":"1323669","toID":"1323681","formEdgeID":null},{"edgeID":"1736945","fromID":"1323681","toID":"1323677","formEdgeID":null},{"edgeID":"1736946","fromID":"1323676","toID":"1323682","formEdgeID":null},{"edgeID":"1736947","fromID":"1323682","toID":"1323649","formEdgeID":null},{"edgeID":"1736948","fromID":"1323681","toID":"1323683","formEdgeID":null},{"edgeID":"1736949","fromID":"1323683","toID":"1323682","formEdgeID":null},{"edgeID":"1736950","fromID":"1323685","toID":"1323686","formEdgeID":null},{"edgeID":"1736951","fromID":"1323688","toID":"1323685","formEdgeID":null},{"edgeID":"1736952","fromID":"1323686","toID":"1323687","formEdgeID":null},{"edgeID":"1736953","fromID":"1323687","toID":"1323684","formEdgeID":null},{"edgeID":"1736954","fromID":"1323677","toID":"1323689","formEdgeID":null},{"edgeID":"1736955","fromID":"1323689","toID":"1323686","formEdgeID":null}],"locutions":[]}