{"nodes":[{"nodeID":"1148413","text":"Douglas Ross is not a lightweight politician","type":"I","timestamp":"2023-04-20 19:02:02"},{"nodeID":"1148431","text":"the red wall MPs are nonentities","type":"I","timestamp":"2023-04-20 19:02:10"},{"nodeID":"1148439","text":"saying that the red wall MPs are nonentities is an insult to these representatives of people in the North of England","type":"I","timestamp":"2023-04-20 19:02:13"},{"nodeID":"1322010","text":"Scottish Conservative and Unionist Party leader is alleged to be a lightweight politician","type":"I","timestamp":"2023-11-09 13:26:40"},{"nodeID":"1322011","text":"AudienceMember 20220707QT21: your leader is alleged to be a lightweight politician","type":"L","timestamp":"2023-11-09 13:26:40"},{"nodeID":"1322012","text":"Analysing","type":"YA","timestamp":"2023-11-09 13:26:40"},{"nodeID":"1322013","text":"Tuuli: AudienceMember 20220707QT21: your leader is alleged to be a lightweight politician","type":"L","timestamp":"2023-11-09 13:26:40"},{"nodeID":"1322014","text":"Asserting","type":"YA","timestamp":"2023-11-09 13:26:40"},{"nodeID":"1322015","text":"xxx is how Douglas Ross has made a heavyweight decision not to invite the prime minister to the Tory conference in Scotland","type":"I","timestamp":"2023-11-09 13:26:41"},{"nodeID":"1322016","text":"AudienceMember 20220707QT21: how come he's made a heavyweight decision not to invite the prime minister to thetory conference in Scotland","type":"L","timestamp":"2023-11-09 13:26:41"},{"nodeID":"1322017","text":"Analysing","type":"YA","timestamp":"2023-11-09 13:26:41"},{"nodeID":"1322018","text":"Tuuli: AudienceMember 20220707QT21: how come he's made a heavyweight decision not to invite the prime minister to thetory conference in Scotland","type":"L","timestamp":"2023-11-09 13:26:41"},{"nodeID":"1322019","text":"Pure Questioning","type":"YA","timestamp":"2023-11-09 13:26:41"},{"nodeID":"1322020","text":"Default Transition","type":"TA","timestamp":"2023-11-09 13:26:41"},{"nodeID":"1322021","text":"Douglas Ross having made a heavyweight decision not to invite the prime minister to the Tory conference in Scotland is not true","type":"I","timestamp":"2023-11-09 13:26:41"},{"nodeID":"1322022","text":"Stephen Kerr: That is not true","type":"L","timestamp":"2023-11-09 13:26:41"},{"nodeID":"1322023","text":"Analysing","type":"YA","timestamp":"2023-11-09 13:26:41"},{"nodeID":"1322024","text":"Tuuli: Stephen Kerr: That is not true","type":"L","timestamp":"2023-11-09 13:26:41"},{"nodeID":"1322025","text":"Asserting","type":"YA","timestamp":"2023-11-09 13:26:41"},{"nodeID":"1322026","text":"Default Conflict","type":"CA","timestamp":"2023-11-09 13:26:41"},{"nodeID":"1322027","text":"there has been no discussion about any of that","type":"I","timestamp":"2023-11-09 13:26:42"},{"nodeID":"1322028","text":"Stephen Kerr: There has been no discussion about any of that","type":"L","timestamp":"2023-11-09 13:26:42"},{"nodeID":"1322029","text":"Analysing","type":"YA","timestamp":"2023-11-09 13:26:42"},{"nodeID":"1322030","text":"Tuuli: Stephen Kerr: There has been no discussion about any of that","type":"L","timestamp":"2023-11-09 13:26:42"},{"nodeID":"1322031","text":"Asserting","type":"YA","timestamp":"2023-11-09 13:26:42"},{"nodeID":"1322032","text":"Default Transition","type":"TA","timestamp":"2023-11-09 13:26:42"},{"nodeID":"1322033","text":"Default Inference","type":"RA","timestamp":"2023-11-09 13:26:42"},{"nodeID":"1322034","text":"Arguing","type":"YA","timestamp":"2023-11-09 13:26:42"},{"nodeID":"1322035","text":"Stephen Kerr: he is not a lightweight politician","type":"L","timestamp":"2023-11-09 13:26:42"},{"nodeID":"1322036","text":"Analysing","type":"YA","timestamp":"2023-11-09 13:26:42"},{"nodeID":"1322037","text":"Tuuli: Stephen Kerr: he is not a lightweight politician","type":"L","timestamp":"2023-11-09 13:26:42"},{"nodeID":"1322038","text":"Asserting","type":"YA","timestamp":"2023-11-09 13:26:42"},{"nodeID":"1322039","text":"Default Conflict","type":"CA","timestamp":"2023-11-09 13:26:42"},{"nodeID":"1322040","text":"Default Transition","type":"TA","timestamp":"2023-11-09 13:26:42"},{"nodeID":"1322041","text":"Disagreeing","type":"YA","timestamp":"2023-11-09 13:26:42"},{"nodeID":"1322042","text":"Stephen Kerr made that point about Douglas Ross not being a lightweight politician","type":"I","timestamp":"2023-11-09 13:26:43"},{"nodeID":"1322043","text":"Stephen Kerr: You made that point","type":"L","timestamp":"2023-11-09 13:26:43"},{"nodeID":"1322044","text":"Analysing","type":"YA","timestamp":"2023-11-09 13:26:43"},{"nodeID":"1322045","text":"Tuuli: Stephen Kerr: You made that point","type":"L","timestamp":"2023-11-09 13:26:43"},{"nodeID":"1322046","text":"Asserting","type":"YA","timestamp":"2023-11-09 13:26:43"},{"nodeID":"1322047","text":"Default Transition","type":"TA","timestamp":"2023-11-09 13:26:43"},{"nodeID":"1322048","text":"Default Rephrase","type":"MA","timestamp":"2023-11-09 13:26:43"},{"nodeID":"1322049","text":"Restating","type":"YA","timestamp":"2023-11-09 13:26:43"},{"nodeID":"1322050","text":"Emily Thornberry wants to carry on hearing this extraordinary drama going on here in Question Time","type":"I","timestamp":"2023-11-09 13:26:44"},{"nodeID":"1322051","text":"Emily Thornberry: I want to carry on hearing this extraordinary drama going on here","type":"L","timestamp":"2023-11-09 13:26:44"},{"nodeID":"1322052","text":"Analysing","type":"YA","timestamp":"2023-11-09 13:26:44"},{"nodeID":"1322053","text":"Tuuli: Emily Thornberry: I want to carry on hearing this extraordinary drama going on here","type":"L","timestamp":"2023-11-09 13:26:44"},{"nodeID":"1322054","text":"Asserting","type":"YA","timestamp":"2023-11-09 13:26:44"},{"nodeID":"1322055","text":"Default Transition","type":"TA","timestamp":"2023-11-09 13:26:44"},{"nodeID":"1322056","text":"the drama going on here in Question time is an absolute soap opera","type":"I","timestamp":"2023-11-09 13:26:44"},{"nodeID":"1322057","text":"Emily Thornberry: It is an absolute soap opera, isn't it","type":"L","timestamp":"2023-11-09 13:26:44"},{"nodeID":"1322058","text":"Analysing","type":"YA","timestamp":"2023-11-09 13:26:44"},{"nodeID":"1322059","text":"Tuuli: Emily Thornberry: It is an absolute soap opera, isn't it","type":"L","timestamp":"2023-11-09 13:26:44"},{"nodeID":"1322060","text":"Rhetorical Questioning","type":"YA","timestamp":"2023-11-09 13:26:44"},{"nodeID":"1322061","text":"Default Transition","type":"TA","timestamp":"2023-11-09 13:26:44"},{"nodeID":"1322062","text":"Default Rephrase","type":"MA","timestamp":"2023-11-09 13:26:44"},{"nodeID":"1322063","text":"Restating","type":"YA","timestamp":"2023-11-09 13:26:44"},{"nodeID":"1322064","text":"the I didn't have are not just insulting the leader of the Conservatives in Scotland","type":"I","timestamp":"2023-11-09 13:26:45"},{"nodeID":"1322065","text":"Emily Thornberry: the I didn't have are not just insulting the leader of the conservatives in Scotland","type":"L","timestamp":"2023-11-09 13:26:45"},{"nodeID":"1322066","text":"Analysing","type":"YA","timestamp":"2023-11-09 13:26:45"},{"nodeID":"1322067","text":"Tuuli: Emily Thornberry: the I didn't have are not just insulting the leader of the conservatives in Scotland","type":"L","timestamp":"2023-11-09 13:26:45"},{"nodeID":"1322068","text":"Asserting","type":"YA","timestamp":"2023-11-09 13:26:45"},{"nodeID":"1322069","text":"Default Transition","type":"TA","timestamp":"2023-11-09 13:26:45"},{"nodeID":"1322070","text":"Emily Thornberry: You may also have heard them saying that the red wall MPs are nonentities","type":"L","timestamp":"2023-11-09 13:26:45"},{"nodeID":"1322071","text":"Analysing","type":"YA","timestamp":"2023-11-09 13:26:45"},{"nodeID":"1322072","text":"Tuuli: Emily Thornberry: You may also have heard them saying that the red wall MPs are nonentities","type":"L","timestamp":"2023-11-09 13:26:45"},{"nodeID":"1322073","text":"Default Transition","type":"TA","timestamp":"2023-11-09 13:26:45"},{"nodeID":"1322074","text":"Emily Thornberry: that's an insult to these representatives of people M the North of England","type":"L","timestamp":"2023-11-09 13:26:46"},{"nodeID":"1322075","text":"Analysing","type":"YA","timestamp":"2023-11-09 13:26:46"},{"nodeID":"1322076","text":"Tuuli: Emily Thornberry: that's an insult to these representatives of people M the North of England","type":"L","timestamp":"2023-11-09 13:26:46"},{"nodeID":"1322077","text":"Asserting","type":"YA","timestamp":"2023-11-09 13:26:46"},{"nodeID":"1322078","text":"Default Transition","type":"TA","timestamp":"2023-11-09 13:26:46"},{"nodeID":"1322079","text":"we have seen a civil war going on at the moment in the Conservative party where it seems to be okay to bully and blackmail MPs","type":"I","timestamp":"2023-11-09 13:26:47"},{"nodeID":"1322080","text":"Emily Thornberry: We have seen a civil war going on at the moment in the corruptive where it seems to be okay to bully and blackmailmms","type":"L","timestamp":"2023-11-09 13:26:47"},{"nodeID":"1322081","text":"Analysing","type":"YA","timestamp":"2023-11-09 13:26:47"},{"nodeID":"1322082","text":"Tuuli: Emily Thornberry: We have seen a civil war going on at the moment in the corruptive where it seems to be okay to bully and blackmailmms","type":"L","timestamp":"2023-11-09 13:26:47"},{"nodeID":"1322083","text":"Asserting","type":"YA","timestamp":"2023-11-09 13:26:47"},{"nodeID":"1322084","text":"Default Transition","type":"TA","timestamp":"2023-11-09 13:26:47"},{"nodeID":"1322085","text":"you think about what has been said about the way in which the MP for Bury south was being treated","type":"I","timestamp":"2023-11-09 13:26:47"},{"nodeID":"1322086","text":"Emily Thornberry: you think about what has been said about the way in which the MP for Bury south was being treated","type":"L","timestamp":"2023-11-09 13:26:47"},{"nodeID":"1322087","text":"Analysing","type":"YA","timestamp":"2023-11-09 13:26:47"},{"nodeID":"1322088","text":"Tuuli: Emily Thornberry: you think about what has been said about the way in which the MP for Bury south was being treated","type":"L","timestamp":"2023-11-09 13:26:47"},{"nodeID":"1322089","text":"Asserting","type":"YA","timestamp":"2023-11-09 13:26:47"},{"nodeID":"1322090","text":"Default Transition","type":"TA","timestamp":"2023-11-09 13:26:47"},{"nodeID":"1322091","text":"what has been said about the way in which the MP for Bury south was being treated is an insult to the people of Bury south as well","type":"I","timestamp":"2023-11-09 13:26:48"},{"nodeID":"1322092","text":"Emily Thornberry: that's an insult to the people of Bury south as well","type":"L","timestamp":"2023-11-09 13:26:48"},{"nodeID":"1322093","text":"Analysing","type":"YA","timestamp":"2023-11-09 13:26:48"},{"nodeID":"1322094","text":"Tuuli: Emily Thornberry: that's an insult to the people of Bury south as well","type":"L","timestamp":"2023-11-09 13:26:48"},{"nodeID":"1322095","text":"Asserting","type":"YA","timestamp":"2023-11-09 13:26:48"},{"nodeID":"1322096","text":"Default Transition","type":"TA","timestamp":"2023-11-09 13:26:48"},{"nodeID":"1322097","text":"Unknown Speaker: the red wall MPs are nonentities","type":"L","timestamp":"2023-11-09 13:26:48"},{"nodeID":"1322098","text":"Analysing","type":"YA","timestamp":"2023-11-09 13:26:48"},{"nodeID":"1322099","text":"Tuuli: Unknown Speaker: You may also have heard them saying that the red wall MPs are nonentities","type":"L","timestamp":"2023-11-09 13:26:48"},{"nodeID":"1322100","text":"Asserting","type":"YA","timestamp":"2023-11-09 13:26:48"},{"nodeID":"1322101","text":"Asserting","type":"YA","timestamp":"2023-11-09 13:26:48"},{"nodeID":"1322102","text":"Default Conflict","type":"CA","timestamp":"2023-11-09 13:26:48"},{"nodeID":"1322103","text":"Disagreeing","type":"YA","timestamp":"2023-11-09 13:26:48"},{"nodeID":"1322104","text":"Default Inference","type":"RA","timestamp":"2023-11-09 13:26:48"},{"nodeID":"1322105","text":"Arguing","type":"YA","timestamp":"2023-11-09 13:26:48"},{"nodeID":"1322106","text":"Default Transition","type":"TA","timestamp":"2023-11-09 13:26:48"},{"nodeID":"1322107","text":"Disagreeing","type":"YA","timestamp":"2023-11-09 13:26:48"},{"nodeID":"1322108","text":"Default Inference","type":"RA","timestamp":"2023-11-09 13:26:48"},{"nodeID":"1322109","text":"Arguing","type":"YA","timestamp":"2023-11-09 13:26:48"},{"nodeID":"1322110","text":"Default Rephrase","type":"MA","timestamp":"2023-11-09 13:26:48"},{"nodeID":"1322111","text":"Restating","type":"YA","timestamp":"2023-11-09 13:26:48"}],"edges":[{"edgeID":"1734990","fromID":"1322012","toID":"1322011","formEdgeID":null},{"edgeID":"1734991","fromID":"1322013","toID":"1322012","formEdgeID":null},{"edgeID":"1734992","fromID":"1322011","toID":"1322014","formEdgeID":null},{"edgeID":"1734993","fromID":"1322014","toID":"1322010","formEdgeID":null},{"edgeID":"1734994","fromID":"1322017","toID":"1322016","formEdgeID":null},{"edgeID":"1734995","fromID":"1322018","toID":"1322017","formEdgeID":null},{"edgeID":"1734996","fromID":"1322016","toID":"1322019","formEdgeID":null},{"edgeID":"1734997","fromID":"1322019","toID":"1322015","formEdgeID":null},{"edgeID":"1734998","fromID":"1322011","toID":"1322020","formEdgeID":null},{"edgeID":"1734999","fromID":"1322020","toID":"1322016","formEdgeID":null},{"edgeID":"1735000","fromID":"1322023","toID":"1322022","formEdgeID":null},{"edgeID":"1735001","fromID":"1322024","toID":"1322023","formEdgeID":null},{"edgeID":"1735002","fromID":"1322022","toID":"1322025","formEdgeID":null},{"edgeID":"1735003","fromID":"1322025","toID":"1322021","formEdgeID":null},{"edgeID":"1735004","fromID":"1322021","toID":"1322026","formEdgeID":null},{"edgeID":"1735005","fromID":"1322026","toID":"1322015","formEdgeID":null},{"edgeID":"1735006","fromID":"1322029","toID":"1322028","formEdgeID":null},{"edgeID":"1735007","fromID":"1322030","toID":"1322029","formEdgeID":null},{"edgeID":"1735008","fromID":"1322028","toID":"1322031","formEdgeID":null},{"edgeID":"1735009","fromID":"1322031","toID":"1322027","formEdgeID":null},{"edgeID":"1735010","fromID":"1322022","toID":"1322032","formEdgeID":null},{"edgeID":"1735011","fromID":"1322032","toID":"1322028","formEdgeID":null},{"edgeID":"1735012","fromID":"1322027","toID":"1322033","formEdgeID":null},{"edgeID":"1735013","fromID":"1322033","toID":"1322021","formEdgeID":null},{"edgeID":"1735014","fromID":"1322032","toID":"1322034","formEdgeID":null},{"edgeID":"1735015","fromID":"1322034","toID":"1322033","formEdgeID":null},{"edgeID":"1735016","fromID":"1322036","toID":"1322035","formEdgeID":null},{"edgeID":"1735017","fromID":"1322037","toID":"1322036","formEdgeID":null},{"edgeID":"1735018","fromID":"1322035","toID":"1322038","formEdgeID":null},{"edgeID":"1735019","fromID":"1322038","toID":"1148413","formEdgeID":null},{"edgeID":"1735020","fromID":"1148413","toID":"1322039","formEdgeID":null},{"edgeID":"1735021","fromID":"1322039","toID":"1322010","formEdgeID":null},{"edgeID":"1735022","fromID":"1322011","toID":"1322040","formEdgeID":null},{"edgeID":"1735023","fromID":"1322040","toID":"1322035","formEdgeID":null},{"edgeID":"1735024","fromID":"1322040","toID":"1322041","formEdgeID":null},{"edgeID":"1735025","fromID":"1322041","toID":"1322039","formEdgeID":null},{"edgeID":"1735026","fromID":"1322044","toID":"1322043","formEdgeID":null},{"edgeID":"1735027","fromID":"1322045","toID":"1322044","formEdgeID":null},{"edgeID":"1735028","fromID":"1322043","toID":"1322046","formEdgeID":null},{"edgeID":"1735029","fromID":"1322046","toID":"1322042","formEdgeID":null},{"edgeID":"1735030","fromID":"1322035","toID":"1322047","formEdgeID":null},{"edgeID":"1735031","fromID":"1322047","toID":"1322043","formEdgeID":null},{"edgeID":"1735032","fromID":"1322042","toID":"1322048","formEdgeID":null},{"edgeID":"1735033","fromID":"1322048","toID":"1148413","formEdgeID":null},{"edgeID":"1735034","fromID":"1322047","toID":"1322049","formEdgeID":null},{"edgeID":"1735035","fromID":"1322049","toID":"1322048","formEdgeID":null},{"edgeID":"1735036","fromID":"1322052","toID":"1322051","formEdgeID":null},{"edgeID":"1735037","fromID":"1322053","toID":"1322052","formEdgeID":null},{"edgeID":"1735038","fromID":"1322051","toID":"1322054","formEdgeID":null},{"edgeID":"1735039","fromID":"1322054","toID":"1322050","formEdgeID":null},{"edgeID":"1735040","fromID":"1322043","toID":"1322055","formEdgeID":null},{"edgeID":"1735041","fromID":"1322055","toID":"1322051","formEdgeID":null},{"edgeID":"1735042","fromID":"1322058","toID":"1322057","formEdgeID":null},{"edgeID":"1735043","fromID":"1322059","toID":"1322058","formEdgeID":null},{"edgeID":"1735044","fromID":"1322057","toID":"1322060","formEdgeID":null},{"edgeID":"1735045","fromID":"1322060","toID":"1322056","formEdgeID":null},{"edgeID":"1735046","fromID":"1322051","toID":"1322061","formEdgeID":null},{"edgeID":"1735047","fromID":"1322061","toID":"1322057","formEdgeID":null},{"edgeID":"1735048","fromID":"1322056","toID":"1322062","formEdgeID":null},{"edgeID":"1735049","fromID":"1322062","toID":"1322050","formEdgeID":null},{"edgeID":"1735050","fromID":"1322061","toID":"1322063","formEdgeID":null},{"edgeID":"1735051","fromID":"1322063","toID":"1322062","formEdgeID":null},{"edgeID":"1735052","fromID":"1322066","toID":"1322065","formEdgeID":null},{"edgeID":"1735053","fromID":"1322067","toID":"1322066","formEdgeID":null},{"edgeID":"1735054","fromID":"1322065","toID":"1322068","formEdgeID":null},{"edgeID":"1735055","fromID":"1322068","toID":"1322064","formEdgeID":null},{"edgeID":"1735056","fromID":"1322057","toID":"1322069","formEdgeID":null},{"edgeID":"1735057","fromID":"1322069","toID":"1322065","formEdgeID":null},{"edgeID":"1735058","fromID":"1322071","toID":"1322070","formEdgeID":null},{"edgeID":"1735059","fromID":"1322072","toID":"1322071","formEdgeID":null},{"edgeID":"1735060","fromID":"1322065","toID":"1322073","formEdgeID":null},{"edgeID":"1735061","fromID":"1322073","toID":"1322070","formEdgeID":null},{"edgeID":"1735062","fromID":"1322075","toID":"1322074","formEdgeID":null},{"edgeID":"1735063","fromID":"1322076","toID":"1322075","formEdgeID":null},{"edgeID":"1735064","fromID":"1322074","toID":"1322077","formEdgeID":null},{"edgeID":"1735065","fromID":"1322077","toID":"1148439","formEdgeID":null},{"edgeID":"1735066","fromID":"1322070","toID":"1322078","formEdgeID":null},{"edgeID":"1735067","fromID":"1322078","toID":"1322074","formEdgeID":null},{"edgeID":"1735068","fromID":"1322081","toID":"1322080","formEdgeID":null},{"edgeID":"1735069","fromID":"1322082","toID":"1322081","formEdgeID":null},{"edgeID":"1735070","fromID":"1322080","toID":"1322083","formEdgeID":null},{"edgeID":"1735071","fromID":"1322083","toID":"1322079","formEdgeID":null},{"edgeID":"1735072","fromID":"1322074","toID":"1322084","formEdgeID":null},{"edgeID":"1735073","fromID":"1322084","toID":"1322080","formEdgeID":null},{"edgeID":"1735074","fromID":"1322087","toID":"1322086","formEdgeID":null},{"edgeID":"1735075","fromID":"1322088","toID":"1322087","formEdgeID":null},{"edgeID":"1735076","fromID":"1322086","toID":"1322089","formEdgeID":null},{"edgeID":"1735077","fromID":"1322089","toID":"1322085","formEdgeID":null},{"edgeID":"1735078","fromID":"1322080","toID":"1322090","formEdgeID":null},{"edgeID":"1735079","fromID":"1322090","toID":"1322086","formEdgeID":null},{"edgeID":"1735080","fromID":"1322093","toID":"1322092","formEdgeID":null},{"edgeID":"1735081","fromID":"1322094","toID":"1322093","formEdgeID":null},{"edgeID":"1735082","fromID":"1322092","toID":"1322095","formEdgeID":null},{"edgeID":"1735083","fromID":"1322095","toID":"1322091","formEdgeID":null},{"edgeID":"1735084","fromID":"1322086","toID":"1322096","formEdgeID":null},{"edgeID":"1735085","fromID":"1322096","toID":"1322092","formEdgeID":null},{"edgeID":"1735086","fromID":"1322098","toID":"1322097","formEdgeID":null},{"edgeID":"1735087","fromID":"1322099","toID":"1322098","formEdgeID":null},{"edgeID":"1735088","fromID":"1322097","toID":"1322100","formEdgeID":null},{"edgeID":"1735089","fromID":"1322100","toID":"1148431","formEdgeID":null},{"edgeID":"1735090","fromID":"1322070","toID":"1322101","formEdgeID":null},{"edgeID":"1735091","fromID":"1322101","toID":"1322097","formEdgeID":null},{"edgeID":"1735092","fromID":"1148439","toID":"1322102","formEdgeID":null},{"edgeID":"1735093","fromID":"1322102","toID":"1148431","formEdgeID":null},{"edgeID":"1735094","fromID":"1322078","toID":"1322103","formEdgeID":null},{"edgeID":"1735095","fromID":"1322103","toID":"1322102","formEdgeID":null},{"edgeID":"1735096","fromID":"1322085","toID":"1322104","formEdgeID":null},{"edgeID":"1735097","fromID":"1322104","toID":"1322079","formEdgeID":null},{"edgeID":"1735098","fromID":"1322090","toID":"1322105","formEdgeID":null},{"edgeID":"1735099","fromID":"1322105","toID":"1322104","formEdgeID":null},{"edgeID":"1735100","fromID":"1322016","toID":"1322106","formEdgeID":null},{"edgeID":"1735101","fromID":"1322106","toID":"1322022","formEdgeID":null},{"edgeID":"1735102","fromID":"1322106","toID":"1322107","formEdgeID":null},{"edgeID":"1735103","fromID":"1322107","toID":"1322026","formEdgeID":null},{"edgeID":"1735104","fromID":"1322010","toID":"1322108","formEdgeID":null},{"edgeID":"1735105","fromID":"1322108","toID":"1322015","formEdgeID":null},{"edgeID":"1735106","fromID":"1322020","toID":"1322109","formEdgeID":null},{"edgeID":"1735107","fromID":"1322109","toID":"1322108","formEdgeID":null},{"edgeID":"1735108","fromID":"1322091","toID":"1322110","formEdgeID":null},{"edgeID":"1735109","fromID":"1322110","toID":"1322085","formEdgeID":null},{"edgeID":"1735110","fromID":"1322096","toID":"1322111","formEdgeID":null},{"edgeID":"1735111","fromID":"1322111","toID":"1322110","formEdgeID":null}],"locutions":[]}