{"nodes":[{"nodeID":"1145381","text":"we have to give credit to the prime minister for the things he has gotten right","type":"I","timestamp":"2023-04-20 10:14:14"},{"nodeID":"1147518","text":"it is or isn't embarrassing for Stephen Kerr that Boris Johnson's own party are already preparing to have a leadership contest","type":"I","timestamp":"2023-04-20 10:26:10"},{"nodeID":"1147522","text":"Stephen Kerr supported Boris Johnson previously","type":"I","timestamp":"2023-04-20 10:26:12"},{"nodeID":"1147530","text":"Stephen Kerr has been active in conservative party since he was a teenager","type":"I","timestamp":"2023-04-20 10:26:15"},{"nodeID":"1147536","text":"the fact that Boris Johnson's own party are already preparing to have a leadership contest is very uncomfortable for Stephen Kerr","type":"I","timestamp":"2023-04-20 10:26:17"},{"nodeID":"1147547","text":"it is painful to have to be engaged in the discussion about the fact that Boris Johnson's own party are already preparing to have a leadership contest","type":"I","timestamp":"2023-04-20 10:26:20"},{"nodeID":"1147555","text":"Stephen Kerr will not join in with Boris Johnson's general character assassination","type":"I","timestamp":"2023-04-20 10:26:22"},{"nodeID":"1147561","text":"Stephen Kerr is hearing Boris Johnson's general character assassination from others","type":"I","timestamp":"2023-04-20 10:26:25"},{"nodeID":"1147567","text":"Boris Johnson's general character assassination is just not right","type":"I","timestamp":"2023-04-20 10:26:27"},{"nodeID":"1147581","text":"on this occasion when Boris Johnson broke the lockdown rules, he has not got it right","type":"I","timestamp":"2023-04-20 10:26:32"},{"nodeID":"1147587","text":"Boris Johnson is someone who doesn't face consequences","type":"I","timestamp":"2023-04-20 10:26:35"},{"nodeID":"1147593","text":"a person doesn't face consequences","type":"I","timestamp":"2023-04-20 10:26:37"},{"nodeID":"1147599","text":"a person doesn't learn from their mistakes","type":"I","timestamp":"2023-04-20 10:26:40"},{"nodeID":"1147609","text":"Boris Johnson kept repeating the same mistakes","type":"I","timestamp":"2023-04-20 10:26:43"},{"nodeID":"1147615","text":"Boris Johnson is not used to adapting his course","type":"I","timestamp":"2023-04-20 10:26:45"},{"nodeID":"1147620","text":"Boris Johnson is not punished when he does something","type":"I","timestamp":"2023-04-20 10:26:48"},{"nodeID":"1147629","text":"anyone who watched that painful interview on Tuesday is seeing a man who faces consequences","type":"I","timestamp":"2023-04-20 10:26:50"},{"nodeID":"1147640","text":"the fact that Boris Johnson is someone who doesn't face consequences is an important point","type":"I","timestamp":"2023-04-20 10:26:53"},{"nodeID":"1147648","text":"that idea of not having had to face the consequences of your actions is an important point","type":"I","timestamp":"2023-04-20 10:26:56"},{"nodeID":"1147656","text":"compare Boris Johnson's behaviour with how other conservatives for example, treated the poorest, most vulnerable in our society, including those living with disabilities","type":"I","timestamp":"2023-04-20 10:26:58"},{"nodeID":"1147662","text":"just compare and contrast the experiences of life there","type":"I","timestamp":"2023-04-20 10:27:01"},{"nodeID":"1320832","text":"Fiona Bruce: Is it embarrassing for you","type":"L","timestamp":"2023-11-09 13:24:56"},{"nodeID":"1320833","text":"Analysing","type":"YA","timestamp":"2023-11-09 13:24:56"},{"nodeID":"1320834","text":"Zlata: Fiona Bruce: Is it embarrassing for you","type":"L","timestamp":"2023-11-09 13:24:56"},{"nodeID":"1320835","text":"Pure Questioning","type":"YA","timestamp":"2023-11-09 13:24:56"},{"nodeID":"1320836","text":"Fiona Bruce: You supported him previously","type":"L","timestamp":"2023-11-09 13:24:56"},{"nodeID":"1320837","text":"Analysing","type":"YA","timestamp":"2023-11-09 13:24:56"},{"nodeID":"1320838","text":"Zlata: Fiona Bruce: You supported him previously","type":"L","timestamp":"2023-11-09 13:24:56"},{"nodeID":"1320839","text":"Asserting","type":"YA","timestamp":"2023-11-09 13:24:56"},{"nodeID":"1320840","text":"Default Transition","type":"TA","timestamp":"2023-11-09 13:24:56"},{"nodeID":"1320841","text":"Default Inference","type":"RA","timestamp":"2023-11-09 13:24:56"},{"nodeID":"1320842","text":"Arguing","type":"YA","timestamp":"2023-11-09 13:24:56"},{"nodeID":"1320843","text":"Stephen Kerr:  I have been aive since I was a teenager","type":"L","timestamp":"2023-11-09 13:24:57"},{"nodeID":"1320844","text":"Analysing","type":"YA","timestamp":"2023-11-09 13:24:57"},{"nodeID":"1320845","text":"Zlata: Stephen Kerr:  I have been aive since I was a teenager","type":"L","timestamp":"2023-11-09 13:24:57"},{"nodeID":"1320846","text":"Asserting","type":"YA","timestamp":"2023-11-09 13:24:57"},{"nodeID":"1320847","text":"Default Transition","type":"TA","timestamp":"2023-11-09 13:24:57"},{"nodeID":"1320848","text":"Stephen Kerr: it is very uncomfortable","type":"L","timestamp":"2023-11-09 13:24:58"},{"nodeID":"1320849","text":"Analysing","type":"YA","timestamp":"2023-11-09 13:24:58"},{"nodeID":"1320850","text":"Zlata: Stephen Kerr: it is very uncomfortable","type":"L","timestamp":"2023-11-09 13:24:58"},{"nodeID":"1320851","text":"Asserting","type":"YA","timestamp":"2023-11-09 13:24:58"},{"nodeID":"1320852","text":"Default Transition","type":"TA","timestamp":"2023-11-09 13:24:58"},{"nodeID":"1320853","text":"Default Rephrase","type":"MA","timestamp":"2023-11-09 13:24:58"},{"nodeID":"1320854","text":"Default Illocuting","type":"YA","timestamp":"2023-11-09 13:24:58"},{"nodeID":"1320855","text":"Default Inference","type":"RA","timestamp":"2023-11-09 13:24:58"},{"nodeID":"1320856","text":"Default Transition","type":"TA","timestamp":"2023-11-09 13:24:58"},{"nodeID":"1320857","text":"Arguing","type":"YA","timestamp":"2023-11-09 13:24:58"},{"nodeID":"1320858","text":"Stephen Kerr: It is painful to have to be engaged in this discussion","type":"L","timestamp":"2023-11-09 13:24:58"},{"nodeID":"1320859","text":"Analysing","type":"YA","timestamp":"2023-11-09 13:24:58"},{"nodeID":"1320860","text":"Zlata: Stephen Kerr: It is painful to have to be engaged in this discussion","type":"L","timestamp":"2023-11-09 13:24:58"},{"nodeID":"1320861","text":"Asserting","type":"YA","timestamp":"2023-11-09 13:24:58"},{"nodeID":"1320862","text":"Default Transition","type":"TA","timestamp":"2023-11-09 13:24:58"},{"nodeID":"1320863","text":"Default Rephrase","type":"MA","timestamp":"2023-11-09 13:24:58"},{"nodeID":"1320864","text":"Restating","type":"YA","timestamp":"2023-11-09 13:24:58"},{"nodeID":"1320865","text":"Stephen Kerr:  I will not join in with this general character assassination","type":"L","timestamp":"2023-11-09 13:24:59"},{"nodeID":"1320866","text":"Analysing","type":"YA","timestamp":"2023-11-09 13:24:59"},{"nodeID":"1320867","text":"Zlata: Stephen Kerr:  I will not join in with this general character assassination","type":"L","timestamp":"2023-11-09 13:24:59"},{"nodeID":"1320868","text":"Asserting","type":"YA","timestamp":"2023-11-09 13:24:59"},{"nodeID":"1320869","text":"Default Transition","type":"TA","timestamp":"2023-11-09 13:24:59"},{"nodeID":"1320870","text":"Stephen Kerr: I'm hearing from others","type":"L","timestamp":"2023-11-09 13:24:59"},{"nodeID":"1320871","text":"Analysing","type":"YA","timestamp":"2023-11-09 13:24:59"},{"nodeID":"1320872","text":"Zlata: Stephen Kerr: I'm hearing from others","type":"L","timestamp":"2023-11-09 13:24:59"},{"nodeID":"1320873","text":"Asserting","type":"YA","timestamp":"2023-11-09 13:24:59"},{"nodeID":"1320874","text":"Default Transition","type":"TA","timestamp":"2023-11-09 13:24:59"},{"nodeID":"1320875","text":"Stephen Kerr: that is just not right","type":"L","timestamp":"2023-11-09 13:25:00"},{"nodeID":"1320876","text":"Analysing","type":"YA","timestamp":"2023-11-09 13:25:00"},{"nodeID":"1320877","text":"Zlata: Stephen Kerr: that is just not right","type":"L","timestamp":"2023-11-09 13:25:00"},{"nodeID":"1320878","text":"Asserting","type":"YA","timestamp":"2023-11-09 13:25:00"},{"nodeID":"1320879","text":"Default Transition","type":"TA","timestamp":"2023-11-09 13:25:00"},{"nodeID":"1320880","text":"Default Inference","type":"RA","timestamp":"2023-11-09 13:25:00"},{"nodeID":"1320881","text":"Arguing","type":"YA","timestamp":"2023-11-09 13:25:00"},{"nodeID":"1320882","text":"Stephen Kerr: we have to give credit to the prime minister for the things he has gotten right","type":"L","timestamp":"2023-11-09 13:25:01"},{"nodeID":"1320883","text":"Analysing","type":"YA","timestamp":"2023-11-09 13:25:01"},{"nodeID":"1320884","text":"Zlata: Stephen Kerr: we have to give credit to the prime minister for the things he has gotten right","type":"L","timestamp":"2023-11-09 13:25:01"},{"nodeID":"1320885","text":"Asserting","type":"YA","timestamp":"2023-11-09 13:25:01"},{"nodeID":"1320886","text":"Default Transition","type":"TA","timestamp":"2023-11-09 13:25:01"},{"nodeID":"1320887","text":"Default Inference","type":"RA","timestamp":"2023-11-09 13:25:01"},{"nodeID":"1320888","text":"Arguing","type":"YA","timestamp":"2023-11-09 13:25:01"},{"nodeID":"1320889","text":"Stephen Kerr: on this occasion, laterally, he has not got it right","type":"L","timestamp":"2023-11-09 13:25:01"},{"nodeID":"1320890","text":"Analysing","type":"YA","timestamp":"2023-11-09 13:25:01"},{"nodeID":"1320891","text":"Zlata: Stephen Kerr: on this occasion, laterally, he has not got it right","type":"L","timestamp":"2023-11-09 13:25:01"},{"nodeID":"1320892","text":"Asserting","type":"YA","timestamp":"2023-11-09 13:25:01"},{"nodeID":"1320893","text":"Default Transition","type":"TA","timestamp":"2023-11-09 13:25:01"},{"nodeID":"1320894","text":"Christopher Brookmyre: someone who doesn't face consequences","type":"L","timestamp":"2023-11-09 13:25:02"},{"nodeID":"1320895","text":"Analysing","type":"YA","timestamp":"2023-11-09 13:25:02"},{"nodeID":"1320896","text":"Zlata: Christopher Brookmyre: someone who doesn't face consequences","type":"L","timestamp":"2023-11-09 13:25:02"},{"nodeID":"1320897","text":"Asserting","type":"YA","timestamp":"2023-11-09 13:25:02"},{"nodeID":"1320898","text":"Default Transition","type":"TA","timestamp":"2023-11-09 13:25:02"},{"nodeID":"1320899","text":"Christopher Brookmyre:  you don't face consequences","type":"L","timestamp":"2023-11-09 13:25:02"},{"nodeID":"1320900","text":"Analysing","type":"YA","timestamp":"2023-11-09 13:25:02"},{"nodeID":"1320901","text":"Zlata: Christopher Brookmyre:  you don't face consequences","type":"L","timestamp":"2023-11-09 13:25:02"},{"nodeID":"1320902","text":"Asserting","type":"YA","timestamp":"2023-11-09 13:25:02"},{"nodeID":"1320903","text":"Default Transition","type":"TA","timestamp":"2023-11-09 13:25:02"},{"nodeID":"1320904","text":"Christopher Brookmyre: you don't learn from your mistakes","type":"L","timestamp":"2023-11-09 13:25:03"},{"nodeID":"1320905","text":"Analysing","type":"YA","timestamp":"2023-11-09 13:25:03"},{"nodeID":"1320906","text":"Zlata: Christopher Brookmyre: you don't learn from your mistakes","type":"L","timestamp":"2023-11-09 13:25:03"},{"nodeID":"1320907","text":"Asserting","type":"YA","timestamp":"2023-11-09 13:25:03"},{"nodeID":"1320908","text":"Default Transition","type":"TA","timestamp":"2023-11-09 13:25:03"},{"nodeID":"1320909","text":"Default Inference","type":"RA","timestamp":"2023-11-09 13:25:03"},{"nodeID":"1320910","text":"Arguing","type":"YA","timestamp":"2023-11-09 13:25:03"},{"nodeID":"1320911","text":"Default Rephrase","type":"MA","timestamp":"2023-11-09 13:25:03"},{"nodeID":"1320912","text":"Restating","type":"YA","timestamp":"2023-11-09 13:25:03"},{"nodeID":"1320913","text":"Christopher Brookmyre: Boris Johnson kept repeating the same mistakes","type":"L","timestamp":"2023-11-09 13:25:04"},{"nodeID":"1320914","text":"Analysing","type":"YA","timestamp":"2023-11-09 13:25:04"},{"nodeID":"1320915","text":"Zlata: Christopher Brookmyre: Boris Johnson kept repeating the same mistakes","type":"L","timestamp":"2023-11-09 13:25:04"},{"nodeID":"1320916","text":"Asserting","type":"YA","timestamp":"2023-11-09 13:25:04"},{"nodeID":"1320917","text":"Default Transition","type":"TA","timestamp":"2023-11-09 13:25:04"},{"nodeID":"1320918","text":"Christopher Brookmyre: he is not used to adapting his course","type":"L","timestamp":"2023-11-09 13:25:04"},{"nodeID":"1320919","text":"Analysing","type":"YA","timestamp":"2023-11-09 13:25:04"},{"nodeID":"1320920","text":"Zlata: Christopher Brookmyre: he is not used to adapting his course","type":"L","timestamp":"2023-11-09 13:25:04"},{"nodeID":"1320921","text":"Asserting","type":"YA","timestamp":"2023-11-09 13:25:04"},{"nodeID":"1320922","text":"Christopher Brookmyre: he is not punished when he does something","type":"L","timestamp":"2023-11-09 13:25:05"},{"nodeID":"1320923","text":"Analysing","type":"YA","timestamp":"2023-11-09 13:25:05"},{"nodeID":"1320924","text":"Zlata: Christopher Brookmyre: he is not punished when he does something","type":"L","timestamp":"2023-11-09 13:25:05"},{"nodeID":"1320925","text":"Asserting","type":"YA","timestamp":"2023-11-09 13:25:05"},{"nodeID":"1320926","text":"Default Transition","type":"TA","timestamp":"2023-11-09 13:25:05"},{"nodeID":"1320927","text":"Default Transition","type":"TA","timestamp":"2023-11-09 13:25:05"},{"nodeID":"1320928","text":"Default Inference","type":"RA","timestamp":"2023-11-09 13:25:05"},{"nodeID":"1320929","text":"Arguing","type":"YA","timestamp":"2023-11-09 13:25:05"},{"nodeID":"1320930","text":"Stephen Kerr: Anyone who watched that painful interview on Tuesday is seeing a man who faces consequences","type":"L","timestamp":"2023-11-09 13:25:05"},{"nodeID":"1320931","text":"Analysing","type":"YA","timestamp":"2023-11-09 13:25:05"},{"nodeID":"1320932","text":"Zlata: Stephen Kerr: Anyone who watched that painful interview on Tuesday is seeing a man who faces consequences","type":"L","timestamp":"2023-11-09 13:25:05"},{"nodeID":"1320933","text":"Asserting","type":"YA","timestamp":"2023-11-09 13:25:05"},{"nodeID":"1320934","text":"Default Transition","type":"TA","timestamp":"2023-11-09 13:25:05"},{"nodeID":"1320935","text":"Default Conflict","type":"CA","timestamp":"2023-11-09 13:25:05"},{"nodeID":"1320936","text":"Disagreeing","type":"YA","timestamp":"2023-11-09 13:25:05"},{"nodeID":"1320937","text":"Default Transition","type":"TA","timestamp":"2023-11-09 13:25:05"},{"nodeID":"1320938","text":"Default Rephrase","type":"MA","timestamp":"2023-11-09 13:25:05"},{"nodeID":"1320939","text":"Restating","type":"YA","timestamp":"2023-11-09 13:25:05"},{"nodeID":"1320940","text":"Mairi McAllan: that's an important point","type":"L","timestamp":"2023-11-09 13:25:06"},{"nodeID":"1320941","text":"Analysing","type":"YA","timestamp":"2023-11-09 13:25:06"},{"nodeID":"1320942","text":"Zlata: Mairi McAllan: that's an important point","type":"L","timestamp":"2023-11-09 13:25:06"},{"nodeID":"1320943","text":"Asserting","type":"YA","timestamp":"2023-11-09 13:25:06"},{"nodeID":"1320944","text":"Default Transition","type":"TA","timestamp":"2023-11-09 13:25:06"},{"nodeID":"1320945","text":"Default Rephrase","type":"MA","timestamp":"2023-11-09 13:25:06"},{"nodeID":"1320946","text":"Restating","type":"YA","timestamp":"2023-11-09 13:25:06"},{"nodeID":"1320947","text":"Mairi McAllan: That idea of not having had though face the consequences of your actions","type":"L","timestamp":"2023-11-09 13:25:06"},{"nodeID":"1320948","text":"Analysing","type":"YA","timestamp":"2023-11-09 13:25:06"},{"nodeID":"1320949","text":"Zlata: Mairi McAllan: That idea of not having had though face the consequences of your actions","type":"L","timestamp":"2023-11-09 13:25:06"},{"nodeID":"1320950","text":"Asserting","type":"YA","timestamp":"2023-11-09 13:25:06"},{"nodeID":"1320951","text":"Default Transition","type":"TA","timestamp":"2023-11-09 13:25:06"},{"nodeID":"1320952","text":"Default Rephrase","type":"MA","timestamp":"2023-11-09 13:25:06"},{"nodeID":"1320953","text":"Restating","type":"YA","timestamp":"2023-11-09 13:25:06"},{"nodeID":"1320954","text":"Mairi McAllan: Compare that with how the corruptive v for example, treated the poorest, most vulnerable in our society, including those living with disabilities","type":"L","timestamp":"2023-11-09 13:25:07"},{"nodeID":"1320955","text":"Analysing","type":"YA","timestamp":"2023-11-09 13:25:07"},{"nodeID":"1320956","text":"Zlata: Mairi McAllan: Compare that with how the corruptive v for example, treated the poorest, most vulnerable in our society, including those living with disabilities","type":"L","timestamp":"2023-11-09 13:25:07"},{"nodeID":"1320957","text":"Asserting","type":"YA","timestamp":"2023-11-09 13:25:07"},{"nodeID":"1320958","text":"Default Transition","type":"TA","timestamp":"2023-11-09 13:25:07"},{"nodeID":"1320959","text":"Mairi McAllan: Just compare and contrast the experiences of life there","type":"L","timestamp":"2023-11-09 13:25:08"},{"nodeID":"1320960","text":"Analysing","type":"YA","timestamp":"2023-11-09 13:25:08"},{"nodeID":"1320961","text":"Zlata: Mairi McAllan: Just compare and contrast the experiences of life there","type":"L","timestamp":"2023-11-09 13:25:08"},{"nodeID":"1320962","text":"Asserting","type":"YA","timestamp":"2023-11-09 13:25:08"},{"nodeID":"1320963","text":"Default Transition","type":"TA","timestamp":"2023-11-09 13:25:08"},{"nodeID":"1320964","text":"Default Rephrase","type":"MA","timestamp":"2023-11-09 13:25:08"},{"nodeID":"1320965","text":"Restating","type":"YA","timestamp":"2023-11-09 13:25:08"}],"edges":[{"edgeID":"1733551","fromID":"1320833","toID":"1320832","formEdgeID":null},{"edgeID":"1733552","fromID":"1320834","toID":"1320833","formEdgeID":null},{"edgeID":"1733553","fromID":"1320832","toID":"1320835","formEdgeID":null},{"edgeID":"1733554","fromID":"1320835","toID":"1147518","formEdgeID":null},{"edgeID":"1733555","fromID":"1320837","toID":"1320836","formEdgeID":null},{"edgeID":"1733556","fromID":"1320838","toID":"1320837","formEdgeID":null},{"edgeID":"1733557","fromID":"1320836","toID":"1320839","formEdgeID":null},{"edgeID":"1733558","fromID":"1320839","toID":"1147522","formEdgeID":null},{"edgeID":"1733559","fromID":"1320832","toID":"1320840","formEdgeID":null},{"edgeID":"1733560","fromID":"1320840","toID":"1320836","formEdgeID":null},{"edgeID":"1733561","fromID":"1147522","toID":"1320841","formEdgeID":null},{"edgeID":"1733562","fromID":"1320841","toID":"1147518","formEdgeID":null},{"edgeID":"1733563","fromID":"1320840","toID":"1320842","formEdgeID":null},{"edgeID":"1733564","fromID":"1320842","toID":"1320841","formEdgeID":null},{"edgeID":"1733565","fromID":"1320844","toID":"1320843","formEdgeID":null},{"edgeID":"1733566","fromID":"1320845","toID":"1320844","formEdgeID":null},{"edgeID":"1733567","fromID":"1320843","toID":"1320846","formEdgeID":null},{"edgeID":"1733568","fromID":"1320846","toID":"1147530","formEdgeID":null},{"edgeID":"1733569","fromID":"1320836","toID":"1320847","formEdgeID":null},{"edgeID":"1733570","fromID":"1320847","toID":"1320843","formEdgeID":null},{"edgeID":"1733571","fromID":"1320849","toID":"1320848","formEdgeID":null},{"edgeID":"1733572","fromID":"1320850","toID":"1320849","formEdgeID":null},{"edgeID":"1733573","fromID":"1320848","toID":"1320851","formEdgeID":null},{"edgeID":"1733574","fromID":"1320851","toID":"1147536","formEdgeID":null},{"edgeID":"1733575","fromID":"1320832","toID":"1320852","formEdgeID":null},{"edgeID":"1733576","fromID":"1320852","toID":"1320848","formEdgeID":null},{"edgeID":"1733577","fromID":"1147536","toID":"1320853","formEdgeID":null},{"edgeID":"1733578","fromID":"1320853","toID":"1147518","formEdgeID":null},{"edgeID":"1733579","fromID":"1320852","toID":"1320854","formEdgeID":null},{"edgeID":"1733580","fromID":"1320854","toID":"1320853","formEdgeID":null},{"edgeID":"1733581","fromID":"1147530","toID":"1320855","formEdgeID":null},{"edgeID":"1733582","fromID":"1320855","toID":"1147536","formEdgeID":null},{"edgeID":"1733583","fromID":"1320843","toID":"1320856","formEdgeID":null},{"edgeID":"1733584","fromID":"1320856","toID":"1320848","formEdgeID":null},{"edgeID":"1733585","fromID":"1320856","toID":"1320857","formEdgeID":null},{"edgeID":"1733586","fromID":"1320857","toID":"1320855","formEdgeID":null},{"edgeID":"1733587","fromID":"1320859","toID":"1320858","formEdgeID":null},{"edgeID":"1733588","fromID":"1320860","toID":"1320859","formEdgeID":null},{"edgeID":"1733589","fromID":"1320858","toID":"1320861","formEdgeID":null},{"edgeID":"1733590","fromID":"1320861","toID":"1147547","formEdgeID":null},{"edgeID":"1733591","fromID":"1320848","toID":"1320862","formEdgeID":null},{"edgeID":"1733592","fromID":"1320862","toID":"1320858","formEdgeID":null},{"edgeID":"1733593","fromID":"1147547","toID":"1320863","formEdgeID":null},{"edgeID":"1733594","fromID":"1320863","toID":"1147536","formEdgeID":null},{"edgeID":"1733595","fromID":"1320862","toID":"1320864","formEdgeID":null},{"edgeID":"1733596","fromID":"1320864","toID":"1320863","formEdgeID":null},{"edgeID":"1733597","fromID":"1320866","toID":"1320865","formEdgeID":null},{"edgeID":"1733598","fromID":"1320867","toID":"1320866","formEdgeID":null},{"edgeID":"1733599","fromID":"1320865","toID":"1320868","formEdgeID":null},{"edgeID":"1733600","fromID":"1320868","toID":"1147555","formEdgeID":null},{"edgeID":"1733601","fromID":"1320858","toID":"1320869","formEdgeID":null},{"edgeID":"1733602","fromID":"1320869","toID":"1320865","formEdgeID":null},{"edgeID":"1733603","fromID":"1320871","toID":"1320870","formEdgeID":null},{"edgeID":"1733604","fromID":"1320872","toID":"1320871","formEdgeID":null},{"edgeID":"1733605","fromID":"1320870","toID":"1320873","formEdgeID":null},{"edgeID":"1733606","fromID":"1320873","toID":"1147561","formEdgeID":null},{"edgeID":"1733607","fromID":"1320865","toID":"1320874","formEdgeID":null},{"edgeID":"1733608","fromID":"1320874","toID":"1320870","formEdgeID":null},{"edgeID":"1733609","fromID":"1320876","toID":"1320875","formEdgeID":null},{"edgeID":"1733610","fromID":"1320877","toID":"1320876","formEdgeID":null},{"edgeID":"1733611","fromID":"1320875","toID":"1320878","formEdgeID":null},{"edgeID":"1733612","fromID":"1320878","toID":"1147567","formEdgeID":null},{"edgeID":"1733613","fromID":"1320865","toID":"1320879","formEdgeID":null},{"edgeID":"1733614","fromID":"1320879","toID":"1320875","formEdgeID":null},{"edgeID":"1733615","fromID":"1147567","toID":"1320880","formEdgeID":null},{"edgeID":"1733616","fromID":"1320880","toID":"1147555","formEdgeID":null},{"edgeID":"1733617","fromID":"1320879","toID":"1320881","formEdgeID":null},{"edgeID":"1733618","fromID":"1320881","toID":"1320880","formEdgeID":null},{"edgeID":"1733619","fromID":"1320883","toID":"1320882","formEdgeID":null},{"edgeID":"1733620","fromID":"1320884","toID":"1320883","formEdgeID":null},{"edgeID":"1733621","fromID":"1320882","toID":"1320885","formEdgeID":null},{"edgeID":"1733622","fromID":"1320885","toID":"1145381","formEdgeID":null},{"edgeID":"1733623","fromID":"1320875","toID":"1320886","formEdgeID":null},{"edgeID":"1733624","fromID":"1320886","toID":"1320882","formEdgeID":null},{"edgeID":"1733625","fromID":"1145381","toID":"1320887","formEdgeID":null},{"edgeID":"1733626","fromID":"1320887","toID":"1147567","formEdgeID":null},{"edgeID":"1733627","fromID":"1320886","toID":"1320888","formEdgeID":null},{"edgeID":"1733628","fromID":"1320888","toID":"1320887","formEdgeID":null},{"edgeID":"1733629","fromID":"1320890","toID":"1320889","formEdgeID":null},{"edgeID":"1733630","fromID":"1320891","toID":"1320890","formEdgeID":null},{"edgeID":"1733631","fromID":"1320889","toID":"1320892","formEdgeID":null},{"edgeID":"1733632","fromID":"1320892","toID":"1147581","formEdgeID":null},{"edgeID":"1733633","fromID":"1320882","toID":"1320893","formEdgeID":null},{"edgeID":"1733634","fromID":"1320893","toID":"1320889","formEdgeID":null},{"edgeID":"1733635","fromID":"1320895","toID":"1320894","formEdgeID":null},{"edgeID":"1733636","fromID":"1320896","toID":"1320895","formEdgeID":null},{"edgeID":"1733637","fromID":"1320894","toID":"1320897","formEdgeID":null},{"edgeID":"1733638","fromID":"1320897","toID":"1147587","formEdgeID":null},{"edgeID":"1733639","fromID":"1320889","toID":"1320898","formEdgeID":null},{"edgeID":"1733640","fromID":"1320898","toID":"1320894","formEdgeID":null},{"edgeID":"1733641","fromID":"1320900","toID":"1320899","formEdgeID":null},{"edgeID":"1733642","fromID":"1320901","toID":"1320900","formEdgeID":null},{"edgeID":"1733643","fromID":"1320899","toID":"1320902","formEdgeID":null},{"edgeID":"1733644","fromID":"1320902","toID":"1147593","formEdgeID":null},{"edgeID":"1733645","fromID":"1320894","toID":"1320903","formEdgeID":null},{"edgeID":"1733646","fromID":"1320903","toID":"1320899","formEdgeID":null},{"edgeID":"1733647","fromID":"1320905","toID":"1320904","formEdgeID":null},{"edgeID":"1733648","fromID":"1320906","toID":"1320905","formEdgeID":null},{"edgeID":"1733649","fromID":"1320904","toID":"1320907","formEdgeID":null},{"edgeID":"1733650","fromID":"1320907","toID":"1147599","formEdgeID":null},{"edgeID":"1733651","fromID":"1320899","toID":"1320908","formEdgeID":null},{"edgeID":"1733652","fromID":"1320908","toID":"1320904","formEdgeID":null},{"edgeID":"1733653","fromID":"1147593","toID":"1320909","formEdgeID":null},{"edgeID":"1733654","fromID":"1320909","toID":"1147599","formEdgeID":null},{"edgeID":"1733655","fromID":"1320908","toID":"1320910","formEdgeID":null},{"edgeID":"1733656","fromID":"1320910","toID":"1320909","formEdgeID":null},{"edgeID":"1733657","fromID":"1147593","toID":"1320911","formEdgeID":null},{"edgeID":"1733658","fromID":"1320911","toID":"1147587","formEdgeID":null},{"edgeID":"1733659","fromID":"1320903","toID":"1320912","formEdgeID":null},{"edgeID":"1733660","fromID":"1320912","toID":"1320911","formEdgeID":null},{"edgeID":"1733661","fromID":"1320914","toID":"1320913","formEdgeID":null},{"edgeID":"1733662","fromID":"1320915","toID":"1320914","formEdgeID":null},{"edgeID":"1733663","fromID":"1320913","toID":"1320916","formEdgeID":null},{"edgeID":"1733664","fromID":"1320916","toID":"1147609","formEdgeID":null},{"edgeID":"1733665","fromID":"1320904","toID":"1320917","formEdgeID":null},{"edgeID":"1733666","fromID":"1320917","toID":"1320913","formEdgeID":null},{"edgeID":"1733667","fromID":"1320919","toID":"1320918","formEdgeID":null},{"edgeID":"1733668","fromID":"1320920","toID":"1320919","formEdgeID":null},{"edgeID":"1733669","fromID":"1320918","toID":"1320921","formEdgeID":null},{"edgeID":"1733670","fromID":"1320921","toID":"1147615","formEdgeID":null},{"edgeID":"1733671","fromID":"1320923","toID":"1320922","formEdgeID":null},{"edgeID":"1733672","fromID":"1320924","toID":"1320923","formEdgeID":null},{"edgeID":"1733673","fromID":"1320922","toID":"1320925","formEdgeID":null},{"edgeID":"1733674","fromID":"1320925","toID":"1147620","formEdgeID":null},{"edgeID":"1733675","fromID":"1320913","toID":"1320926","formEdgeID":null},{"edgeID":"1733676","fromID":"1320926","toID":"1320918","formEdgeID":null},{"edgeID":"1733677","fromID":"1320913","toID":"1320927","formEdgeID":null},{"edgeID":"1733678","fromID":"1320927","toID":"1320922","formEdgeID":null},{"edgeID":"1733679","fromID":"1147620","toID":"1320928","formEdgeID":null},{"edgeID":"1733680","fromID":"1320928","toID":"1147609","formEdgeID":null},{"edgeID":"1733681","fromID":"1147615","toID":"1320928","formEdgeID":null},{"edgeID":"1733682","fromID":"1320927","toID":"1320929","formEdgeID":null},{"edgeID":"1733683","fromID":"1320929","toID":"1320928","formEdgeID":null},{"edgeID":"1733684","fromID":"1320931","toID":"1320930","formEdgeID":null},{"edgeID":"1733685","fromID":"1320932","toID":"1320931","formEdgeID":null},{"edgeID":"1733686","fromID":"1320930","toID":"1320933","formEdgeID":null},{"edgeID":"1733687","fromID":"1320933","toID":"1147629","formEdgeID":null},{"edgeID":"1733688","fromID":"1320894","toID":"1320934","formEdgeID":null},{"edgeID":"1733689","fromID":"1320934","toID":"1320930","formEdgeID":null},{"edgeID":"1733690","fromID":"1147629","toID":"1320935","formEdgeID":null},{"edgeID":"1733691","fromID":"1320935","toID":"1147587","formEdgeID":null},{"edgeID":"1733692","fromID":"1320934","toID":"1320936","formEdgeID":null},{"edgeID":"1733693","fromID":"1320936","toID":"1320935","formEdgeID":null},{"edgeID":"1733694","fromID":"1320894","toID":"1320937","formEdgeID":null},{"edgeID":"1733695","fromID":"1320937","toID":"1320922","formEdgeID":null},{"edgeID":"1733696","fromID":"1147620","toID":"1320938","formEdgeID":null},{"edgeID":"1733697","fromID":"1320938","toID":"1147587","formEdgeID":null},{"edgeID":"1733698","fromID":"1320937","toID":"1320939","formEdgeID":null},{"edgeID":"1733699","fromID":"1320939","toID":"1320938","formEdgeID":null},{"edgeID":"1733700","fromID":"1320941","toID":"1320940","formEdgeID":null},{"edgeID":"1733701","fromID":"1320942","toID":"1320941","formEdgeID":null},{"edgeID":"1733702","fromID":"1320940","toID":"1320943","formEdgeID":null},{"edgeID":"1733703","fromID":"1320943","toID":"1147640","formEdgeID":null},{"edgeID":"1733704","fromID":"1320894","toID":"1320944","formEdgeID":null},{"edgeID":"1733705","fromID":"1320944","toID":"1320940","formEdgeID":null},{"edgeID":"1733706","fromID":"1147640","toID":"1320945","formEdgeID":null},{"edgeID":"1733707","fromID":"1320945","toID":"1147587","formEdgeID":null},{"edgeID":"1733708","fromID":"1320944","toID":"1320946","formEdgeID":null},{"edgeID":"1733709","fromID":"1320946","toID":"1320945","formEdgeID":null},{"edgeID":"1733710","fromID":"1320948","toID":"1320947","formEdgeID":null},{"edgeID":"1733711","fromID":"1320949","toID":"1320948","formEdgeID":null},{"edgeID":"1733712","fromID":"1320947","toID":"1320950","formEdgeID":null},{"edgeID":"1733713","fromID":"1320950","toID":"1147648","formEdgeID":null},{"edgeID":"1733714","fromID":"1320940","toID":"1320951","formEdgeID":null},{"edgeID":"1733715","fromID":"1320951","toID":"1320947","formEdgeID":null},{"edgeID":"1733716","fromID":"1147648","toID":"1320952","formEdgeID":null},{"edgeID":"1733717","fromID":"1320952","toID":"1147640","formEdgeID":null},{"edgeID":"1733718","fromID":"1320951","toID":"1320953","formEdgeID":null},{"edgeID":"1733719","fromID":"1320953","toID":"1320952","formEdgeID":null},{"edgeID":"1733720","fromID":"1320955","toID":"1320954","formEdgeID":null},{"edgeID":"1733721","fromID":"1320956","toID":"1320955","formEdgeID":null},{"edgeID":"1733722","fromID":"1320954","toID":"1320957","formEdgeID":null},{"edgeID":"1733723","fromID":"1320957","toID":"1147656","formEdgeID":null},{"edgeID":"1733724","fromID":"1320947","toID":"1320958","formEdgeID":null},{"edgeID":"1733725","fromID":"1320958","toID":"1320954","formEdgeID":null},{"edgeID":"1733726","fromID":"1320960","toID":"1320959","formEdgeID":null},{"edgeID":"1733727","fromID":"1320961","toID":"1320960","formEdgeID":null},{"edgeID":"1733728","fromID":"1320959","toID":"1320962","formEdgeID":null},{"edgeID":"1733729","fromID":"1320962","toID":"1147662","formEdgeID":null},{"edgeID":"1733730","fromID":"1320954","toID":"1320963","formEdgeID":null},{"edgeID":"1733731","fromID":"1320963","toID":"1320959","formEdgeID":null},{"edgeID":"1733732","fromID":"1147662","toID":"1320964","formEdgeID":null},{"edgeID":"1733733","fromID":"1320964","toID":"1147656","formEdgeID":null},{"edgeID":"1733734","fromID":"1320963","toID":"1320965","formEdgeID":null},{"edgeID":"1733735","fromID":"1320965","toID":"1320964","formEdgeID":null}],"locutions":[]}