{"nodes":[{"nodeID":"1323773","text":"we have the largest block grant since devolution coming to the Scottish government","type":"I","timestamp":"2023-11-09 13:29:08"},{"nodeID":"1323774","text":"Stephen Kerr: We have the largest block grant since devolution coming to the Scottish government","type":"L","timestamp":"2023-11-09 13:29:08"},{"nodeID":"1323775","text":"Analysing","type":"YA","timestamp":"2023-11-09 13:29:08"},{"nodeID":"1323776","text":"Kamila: Stephen Kerr: We have the largest block grant since devolution coming to the Scottish government","type":"L","timestamp":"2023-11-09 13:29:08"},{"nodeID":"1323777","text":"Asserting","type":"YA","timestamp":"2023-11-09 13:29:08"},{"nodeID":"1323778","text":"the largest increase from the block grant from central government since the devolution","type":"I","timestamp":"2023-11-09 13:29:08"},{"nodeID":"1323779","text":"Stephen Kerr: The largest increase from the block grant from central government since the devolution","type":"L","timestamp":"2023-11-09 13:29:08"},{"nodeID":"1323780","text":"Analysing","type":"YA","timestamp":"2023-11-09 13:29:08"},{"nodeID":"1323781","text":"Kamila: Stephen Kerr: The largest increase from the block grant from central government since the devolution","type":"L","timestamp":"2023-11-09 13:29:08"},{"nodeID":"1323782","text":"Asserting","type":"YA","timestamp":"2023-11-09 13:29:08"},{"nodeID":"1323783","text":"Default Transition","type":"TA","timestamp":"2023-11-09 13:29:08"},{"nodeID":"1323784","text":"Default Rephrase","type":"MA","timestamp":"2023-11-09 13:29:08"},{"nodeID":"1323785","text":"Restating","type":"YA","timestamp":"2023-11-09 13:29:08"},{"nodeID":"1323786","text":"what the SNP do is set their political priorities","type":"I","timestamp":"2023-11-09 13:29:09"},{"nodeID":"1323787","text":"Analysing","type":"YA","timestamp":"2023-11-09 13:29:09"},{"nodeID":"1323788","text":"Kamila: Stephen Kerr: What the SNP do is set their political priorities","type":"L","timestamp":"2023-11-09 13:29:09"},{"nodeID":"1323789","text":"Stephen Kerr: What the SNP do is set their political priorities","type":"L","timestamp":"2023-11-09 13:29:09"},{"nodeID":"1323790","text":"Asserting","type":"YA","timestamp":"2023-11-09 13:29:09"},{"nodeID":"1323791","text":"Default Transition","type":"TA","timestamp":"2023-11-09 13:29:09"},{"nodeID":"1323792","text":"the SNP's political priorities do not include supporting the services provided by local government","type":"I","timestamp":"2023-11-09 13:29:09"},{"nodeID":"1323793","text":"Stephen Kerr: Their political priorities do not include supporting the services provided by local government","type":"L","timestamp":"2023-11-09 13:29:09"},{"nodeID":"1323794","text":"Analysing","type":"YA","timestamp":"2023-11-09 13:29:09"},{"nodeID":"1323795","text":"Kamila: Stephen Kerr: Their political priorities do not include supporting the services provided by local government","type":"L","timestamp":"2023-11-09 13:29:09"},{"nodeID":"1323796","text":"Asserting","type":"YA","timestamp":"2023-11-09 13:29:09"},{"nodeID":"1323797","text":"Default Transition","type":"TA","timestamp":"2023-11-09 13:29:09"},{"nodeID":"1323798","text":"energy bills, the UK government announced a measure at the end of last year to spend 500 million targeting the most vulnerable","type":"I","timestamp":"2023-11-09 13:29:10"},{"nodeID":"1323799","text":"Stephen Kerr: Engineer bills, the UK government announced a measure at the end of last year to spend 500 million targeting the most vulnerable","type":"L","timestamp":"2023-11-09 13:29:10"},{"nodeID":"1323800","text":"Analysing","type":"YA","timestamp":"2023-11-09 13:29:10"},{"nodeID":"1323801","text":"Kamila: Stephen Kerr: Engineer bills, the UK government announced a measure at the end of last year to spend 500 million targeting the most vulnerable","type":"L","timestamp":"2023-11-09 13:29:10"},{"nodeID":"1323802","text":"Asserting","type":"YA","timestamp":"2023-11-09 13:29:10"},{"nodeID":"1323803","text":"Default Transition","type":"TA","timestamp":"2023-11-09 13:29:10"},{"nodeID":"1323804","text":"41 million of the 500 million came to the Scottish government","type":"I","timestamp":"2023-11-09 13:29:11"},{"nodeID":"1323805","text":"Stephen Kerr: 41 million of that came to the Scottish government","type":"L","timestamp":"2023-11-09 13:29:11"},{"nodeID":"1323806","text":"Analysing","type":"YA","timestamp":"2023-11-09 13:29:11"},{"nodeID":"1323807","text":"Kamila: Stephen Kerr: 41 million of that came to the Scottish government","type":"L","timestamp":"2023-11-09 13:29:11"},{"nodeID":"1323808","text":"Asserting","type":"YA","timestamp":"2023-11-09 13:29:11"},{"nodeID":"1323809","text":"thus far the Scottish government have done nothing to disburse that money to the most vulnerable people in Scotland","type":"I","timestamp":"2023-11-09 13:29:11"},{"nodeID":"1323810","text":"Analysing","type":"YA","timestamp":"2023-11-09 13:29:11"},{"nodeID":"1323811","text":"Stephen Kerr: thus far the Scottish government have done nothing to disburse that money to the most vulnerable people in Scotland","type":"L","timestamp":"2023-11-09 13:29:11"},{"nodeID":"1323812","text":"Asserting","type":"YA","timestamp":"2023-11-09 13:29:11"},{"nodeID":"1323813","text":"Kamila: Stephen Kerr: thus far the Scottish government have done nothing to disburse that money to the most vulnerable people in Scotland","type":"L","timestamp":"2023-11-09 13:29:11"},{"nodeID":"1323814","text":"Default Transition","type":"TA","timestamp":"2023-11-09 13:29:11"},{"nodeID":"1323815","text":"the Scottish governement is all words","type":"I","timestamp":"2023-11-09 13:29:12"},{"nodeID":"1323816","text":"Stephen Kerr: It is all words","type":"L","timestamp":"2023-11-09 13:29:12"},{"nodeID":"1323817","text":"Analysing","type":"YA","timestamp":"2023-11-09 13:29:12"},{"nodeID":"1323818","text":"Asserting","type":"YA","timestamp":"2023-11-09 13:29:12"},{"nodeID":"1323819","text":"Kamila: Stephen Kerr: It is all words","type":"L","timestamp":"2023-11-09 13:29:12"},{"nodeID":"1323820","text":"Default Inference","type":"RA","timestamp":"2023-11-09 13:29:12"},{"nodeID":"1323821","text":"Default Transition","type":"TA","timestamp":"2023-11-09 13:29:12"},{"nodeID":"1323822","text":"Arguing","type":"YA","timestamp":"2023-11-09 13:29:12"},{"nodeID":"1323823","text":"Emily Thornberry's Scotland brief needs to be updated","type":"I","timestamp":"2023-11-09 13:29:12"},{"nodeID":"1323824","text":"Mairi McAllan: Emily's Scotland brief needs to be updated","type":"L","timestamp":"2023-11-09 13:29:12"},{"nodeID":"1323825","text":"Analysing","type":"YA","timestamp":"2023-11-09 13:29:12"},{"nodeID":"1323826","text":"Kamila: Mairi McAllan: Emily's Scotland brief needs to be updated","type":"L","timestamp":"2023-11-09 13:29:12"},{"nodeID":"1323827","text":"Asserting","type":"YA","timestamp":"2023-11-09 13:29:12"},{"nodeID":"1323828","text":"for the Scotlad brief to be updated is what Emily Thornberry is asking","type":"I","timestamp":"2023-11-09 13:29:13"},{"nodeID":"1323829","text":"Emily Thornberry: That's what I'm asking","type":"L","timestamp":"2023-11-09 13:29:13"},{"nodeID":"1323830","text":"Kamila: Emily Thornberry: That's what I'm asking","type":"L","timestamp":"2023-11-09 13:29:13"},{"nodeID":"1323831","text":"Asserting","type":"YA","timestamp":"2023-11-09 13:29:13"},{"nodeID":"1323832","text":"Analysing","type":"YA","timestamp":"2023-11-09 13:29:13"},{"nodeID":"1323833","text":"Default Transition","type":"TA","timestamp":"2023-11-09 13:29:13"},{"nodeID":"1323834","text":"Default Rephrase","type":"MA","timestamp":"2023-11-09 13:29:13"},{"nodeID":"1323835","text":"Restating","type":"YA","timestamp":"2023-11-09 13:29:13"},{"nodeID":"1323836","text":"Emily Thornberry's Scotland brief is what she's told","type":"I","timestamp":"2023-11-09 13:29:14"},{"nodeID":"1323837","text":"Analysing","type":"YA","timestamp":"2023-11-09 13:29:14"},{"nodeID":"1323838","text":"Kamila: Emily Thornberry: That's what I'm told","type":"L","timestamp":"2023-11-09 13:29:14"},{"nodeID":"1323839","text":"Emily Thornberry: That's what I'm told","type":"L","timestamp":"2023-11-09 13:29:14"},{"nodeID":"1323840","text":"Asserting","type":"YA","timestamp":"2023-11-09 13:29:14"},{"nodeID":"1323841","text":"Default Transition","type":"TA","timestamp":"2023-11-09 13:29:14"},{"nodeID":"1323842","text":"the Scottish government have had cuts from the central government","type":"I","timestamp":"2023-11-09 13:29:14"},{"nodeID":"1323843","text":"Emily Thornberry: You guys have had cuts from central government","type":"L","timestamp":"2023-11-09 13:29:14"},{"nodeID":"1323844","text":"Kamila: Emily Thornberry: You guys have had cuts from central government","type":"L","timestamp":"2023-11-09 13:29:14"},{"nodeID":"1323845","text":"Asserting","type":"YA","timestamp":"2023-11-09 13:29:14"},{"nodeID":"1323846","text":"Analysing","type":"YA","timestamp":"2023-11-09 13:29:14"},{"nodeID":"1323847","text":"Default Transition","type":"TA","timestamp":"2023-11-09 13:29:14"},{"nodeID":"1323848","text":"the Scottish government is blah, blah, blah","type":"I","timestamp":"2023-11-09 13:29:15"},{"nodeID":"1323849","text":"Stephen Kerr:  It is blah, blah, blah","type":"L","timestamp":"2023-11-09 13:29:15"},{"nodeID":"1323850","text":"Analysing","type":"YA","timestamp":"2023-11-09 13:29:15"},{"nodeID":"1323851","text":"Zlata: Stephen Kerr:  It is blah, blah, blah","type":"L","timestamp":"2023-11-09 13:29:15"},{"nodeID":"1323852","text":"Asserting","type":"YA","timestamp":"2023-11-09 13:29:15"},{"nodeID":"1323853","text":"Default Transition","type":"TA","timestamp":"2023-11-09 13:29:15"},{"nodeID":"1323854","text":"Default Rephrase","type":"MA","timestamp":"2023-11-09 13:29:15"},{"nodeID":"1323855","text":"Restating","type":"YA","timestamp":"2023-11-09 13:29:15"},{"nodeID":"1323856","text":"Default Transition","type":"TA","timestamp":"2023-11-09 13:29:15"},{"nodeID":"1323857","text":"Default Inference","type":"RA","timestamp":"2023-11-09 13:29:15"},{"nodeID":"1323858","text":"Arguing","type":"YA","timestamp":"2023-11-09 13:29:15"},{"nodeID":"1323859","text":"Default Transition","type":"TA","timestamp":"2023-11-09 13:29:15"},{"nodeID":"1323860","text":"the cuts that the SNP passed on to local government is often greater that the cuts that it got from the central government","type":"I","timestamp":"2023-11-09 13:29:15"},{"nodeID":"1323861","text":"Emily Thornberry: what you passed often are greater that that","type":"L","timestamp":"2023-11-09 13:29:15"},{"nodeID":"1323862","text":"Analysing","type":"YA","timestamp":"2023-11-09 13:29:15"},{"nodeID":"1323863","text":"Zlata: Emily Thornberry: what you passed often are greater that that","type":"L","timestamp":"2023-11-09 13:29:15"},{"nodeID":"1323864","text":"Asserting","type":"YA","timestamp":"2023-11-09 13:29:15"},{"nodeID":"1323865","text":"Default Transition","type":"TA","timestamp":"2023-11-09 13:29:15"},{"nodeID":"1323866","text":"you have to let the counsel to complain","type":"I","timestamp":"2023-11-09 13:29:16"},{"nodeID":"1323867","text":"Emily Thornberry: the counsel's complain, of course you have to let them","type":"L","timestamp":"2023-11-09 13:29:16"},{"nodeID":"1323868","text":"Analysing","type":"YA","timestamp":"2023-11-09 13:29:16"},{"nodeID":"1323869","text":"Zlata: Emily Thornberry: the counsel's complain, of course you have to let them","type":"L","timestamp":"2023-11-09 13:29:16"},{"nodeID":"1323870","text":"Asserting","type":"YA","timestamp":"2023-11-09 13:29:16"},{"nodeID":"1323871","text":"Default Transition","type":"TA","timestamp":"2023-11-09 13:29:16"},{"nodeID":"1323872","text":"Default Inference","type":"RA","timestamp":"2023-11-09 13:29:16"},{"nodeID":"1323873","text":"Arguing","type":"YA","timestamp":"2023-11-09 13:29:16"},{"nodeID":"1323874","text":"the SNP have protected the local government budget in some of the most challenging circumstances","type":"I","timestamp":"2023-11-09 13:29:17"},{"nodeID":"1323875","text":"Mairi McAllan: We have protected the local government budget in some of the most challenging circumstances","type":"L","timestamp":"2023-11-09 13:29:17"},{"nodeID":"1323876","text":"Analysing","type":"YA","timestamp":"2023-11-09 13:29:17"},{"nodeID":"1323877","text":"Zlata: Mairi McAllan: We have protected the local government budget in some of the most challenging circumstances","type":"L","timestamp":"2023-11-09 13:29:17"},{"nodeID":"1323878","text":"Asserting","type":"YA","timestamp":"2023-11-09 13:29:17"},{"nodeID":"1323879","text":"we have given flexibility to counsels in regard to the tax as was asked for","type":"I","timestamp":"2023-11-09 13:29:17"},{"nodeID":"1323880","text":"Mairi McAllan: we have given flexibility to counsels as regards LAX as was asked for","type":"L","timestamp":"2023-11-09 13:29:17"},{"nodeID":"1323881","text":"Analysing","type":"YA","timestamp":"2023-11-09 13:29:17"},{"nodeID":"1323882","text":"Zlata: Mairi McAllan: we have given flexibility to counsels as regards LAX as was asked for","type":"L","timestamp":"2023-11-09 13:29:17"},{"nodeID":"1323883","text":"Asserting","type":"YA","timestamp":"2023-11-09 13:29:17"},{"nodeID":"1323884","text":"Default Conflict","type":"CA","timestamp":"2023-11-09 13:29:17"},{"nodeID":"1323885","text":"Default Transition","type":"TA","timestamp":"2023-11-09 13:29:17"},{"nodeID":"1323886","text":"Disagreeing","type":"YA","timestamp":"2023-11-09 13:29:17"},{"nodeID":"1323887","text":"Default Inference","type":"RA","timestamp":"2023-11-09 13:29:17"},{"nodeID":"1323888","text":"Default Transition","type":"TA","timestamp":"2023-11-09 13:29:17"},{"nodeID":"1323889","text":"Arguing","type":"YA","timestamp":"2023-11-09 13:29:17"},{"nodeID":"1323890","text":"Default Rephrase","type":"MA","timestamp":"2023-11-09 13:29:17"},{"nodeID":"1323891","text":"Restating","type":"YA","timestamp":"2023-11-09 13:29:17"},{"nodeID":"1323892","text":"Default Transition","type":"TA","timestamp":"2023-11-09 13:29:17"},{"nodeID":"1323893","text":"Default Conflict","type":"CA","timestamp":"2023-11-09 13:29:17"},{"nodeID":"1323894","text":"Disagreeing","type":"YA","timestamp":"2023-11-09 13:29:17"},{"nodeID":"1323895","text":"Default Transition","type":"TA","timestamp":"2023-11-09 13:29:17"},{"nodeID":"1323896","text":"Default Rephrase","type":"MA","timestamp":"2023-11-09 13:29:17"},{"nodeID":"1323897","text":"Restating","type":"YA","timestamp":"2023-11-09 13:29:17"}],"edges":[{"edgeID":"1737050","fromID":"1323775","toID":"1323774","formEdgeID":null},{"edgeID":"1737051","fromID":"1323774","toID":"1323777","formEdgeID":null},{"edgeID":"1737052","fromID":"1323776","toID":"1323775","formEdgeID":null},{"edgeID":"1737053","fromID":"1323777","toID":"1323773","formEdgeID":null},{"edgeID":"1737054","fromID":"1323780","toID":"1323779","formEdgeID":null},{"edgeID":"1737055","fromID":"1323781","toID":"1323780","formEdgeID":null},{"edgeID":"1737056","fromID":"1323779","toID":"1323782","formEdgeID":null},{"edgeID":"1737057","fromID":"1323782","toID":"1323778","formEdgeID":null},{"edgeID":"1737058","fromID":"1323774","toID":"1323783","formEdgeID":null},{"edgeID":"1737059","fromID":"1323783","toID":"1323779","formEdgeID":null},{"edgeID":"1737060","fromID":"1323778","toID":"1323784","formEdgeID":null},{"edgeID":"1737061","fromID":"1323784","toID":"1323773","formEdgeID":null},{"edgeID":"1737062","fromID":"1323783","toID":"1323785","formEdgeID":null},{"edgeID":"1737063","fromID":"1323785","toID":"1323784","formEdgeID":null},{"edgeID":"1737064","fromID":"1323788","toID":"1323787","formEdgeID":null},{"edgeID":"1737065","fromID":"1323787","toID":"1323789","formEdgeID":null},{"edgeID":"1737066","fromID":"1323789","toID":"1323790","formEdgeID":null},{"edgeID":"1737067","fromID":"1323790","toID":"1323786","formEdgeID":null},{"edgeID":"1737068","fromID":"1323791","toID":"1323789","formEdgeID":null},{"edgeID":"1737069","fromID":"1323779","toID":"1323791","formEdgeID":null},{"edgeID":"1737070","fromID":"1323794","toID":"1323793","formEdgeID":null},{"edgeID":"1737071","fromID":"1323795","toID":"1323794","formEdgeID":null},{"edgeID":"1737072","fromID":"1323793","toID":"1323796","formEdgeID":null},{"edgeID":"1737073","fromID":"1323796","toID":"1323792","formEdgeID":null},{"edgeID":"1737074","fromID":"1323797","toID":"1323793","formEdgeID":null},{"edgeID":"1737075","fromID":"1323789","toID":"1323797","formEdgeID":null},{"edgeID":"1737076","fromID":"1323801","toID":"1323800","formEdgeID":null},{"edgeID":"1737077","fromID":"1323799","toID":"1323802","formEdgeID":null},{"edgeID":"1737078","fromID":"1323800","toID":"1323799","formEdgeID":null},{"edgeID":"1737079","fromID":"1323802","toID":"1323798","formEdgeID":null},{"edgeID":"1737080","fromID":"1323793","toID":"1323803","formEdgeID":null},{"edgeID":"1737081","fromID":"1323803","toID":"1323799","formEdgeID":null},{"edgeID":"1737082","fromID":"1323807","toID":"1323806","formEdgeID":null},{"edgeID":"1737083","fromID":"1323806","toID":"1323805","formEdgeID":null},{"edgeID":"1737084","fromID":"1323805","toID":"1323808","formEdgeID":null},{"edgeID":"1737085","fromID":"1323808","toID":"1323804","formEdgeID":null},{"edgeID":"1737086","fromID":"1323813","toID":"1323810","formEdgeID":null},{"edgeID":"1737087","fromID":"1323811","toID":"1323812","formEdgeID":null},{"edgeID":"1737088","fromID":"1323810","toID":"1323811","formEdgeID":null},{"edgeID":"1737089","fromID":"1323812","toID":"1323809","formEdgeID":null},{"edgeID":"1737090","fromID":"1323805","toID":"1323814","formEdgeID":null},{"edgeID":"1737091","fromID":"1323814","toID":"1323811","formEdgeID":null},{"edgeID":"1737092","fromID":"1323818","toID":"1323815","formEdgeID":null},{"edgeID":"1737093","fromID":"1323816","toID":"1323818","formEdgeID":null},{"edgeID":"1737094","fromID":"1323817","toID":"1323816","formEdgeID":null},{"edgeID":"1737095","fromID":"1323819","toID":"1323817","formEdgeID":null},{"edgeID":"1737096","fromID":"1323809","toID":"1323820","formEdgeID":null},{"edgeID":"1737097","fromID":"1323820","toID":"1323815","formEdgeID":null},{"edgeID":"1737098","fromID":"1323804","toID":"1323820","formEdgeID":null},{"edgeID":"1737099","fromID":"1323821","toID":"1323816","formEdgeID":null},{"edgeID":"1737100","fromID":"1323805","toID":"1323821","formEdgeID":null},{"edgeID":"1737101","fromID":"1323822","toID":"1323820","formEdgeID":null},{"edgeID":"1737102","fromID":"1323821","toID":"1323822","formEdgeID":null},{"edgeID":"1737103","fromID":"1323825","toID":"1323824","formEdgeID":null},{"edgeID":"1737104","fromID":"1323824","toID":"1323827","formEdgeID":null},{"edgeID":"1737105","fromID":"1323826","toID":"1323825","formEdgeID":null},{"edgeID":"1737106","fromID":"1323827","toID":"1323823","formEdgeID":null},{"edgeID":"1737107","fromID":"1323830","toID":"1323832","formEdgeID":null},{"edgeID":"1737108","fromID":"1323832","toID":"1323829","formEdgeID":null},{"edgeID":"1737109","fromID":"1323831","toID":"1323828","formEdgeID":null},{"edgeID":"1737110","fromID":"1323829","toID":"1323831","formEdgeID":null},{"edgeID":"1737111","fromID":"1323824","toID":"1323833","formEdgeID":null},{"edgeID":"1737112","fromID":"1323833","toID":"1323829","formEdgeID":null},{"edgeID":"1737113","fromID":"1323834","toID":"1323823","formEdgeID":null},{"edgeID":"1737114","fromID":"1323828","toID":"1323834","formEdgeID":null},{"edgeID":"1737115","fromID":"1323833","toID":"1323835","formEdgeID":null},{"edgeID":"1737116","fromID":"1323835","toID":"1323834","formEdgeID":null},{"edgeID":"1737117","fromID":"1323840","toID":"1323836","formEdgeID":null},{"edgeID":"1737118","fromID":"1323838","toID":"1323837","formEdgeID":null},{"edgeID":"1737119","fromID":"1323837","toID":"1323839","formEdgeID":null},{"edgeID":"1737120","fromID":"1323839","toID":"1323840","formEdgeID":null},{"edgeID":"1737121","fromID":"1323829","toID":"1323841","formEdgeID":null},{"edgeID":"1737122","fromID":"1323841","toID":"1323839","formEdgeID":null},{"edgeID":"1737123","fromID":"1323846","toID":"1323843","formEdgeID":null},{"edgeID":"1737124","fromID":"1323844","toID":"1323846","formEdgeID":null},{"edgeID":"1737125","fromID":"1323843","toID":"1323845","formEdgeID":null},{"edgeID":"1737126","fromID":"1323845","toID":"1323842","formEdgeID":null},{"edgeID":"1737127","fromID":"1323799","toID":"1323847","formEdgeID":null},{"edgeID":"1737128","fromID":"1323847","toID":"1323805","formEdgeID":null},{"edgeID":"1737129","fromID":"1323850","toID":"1323849","formEdgeID":null},{"edgeID":"1737130","fromID":"1323851","toID":"1323850","formEdgeID":null},{"edgeID":"1737131","fromID":"1323849","toID":"1323852","formEdgeID":null},{"edgeID":"1737132","fromID":"1323852","toID":"1323848","formEdgeID":null},{"edgeID":"1737133","fromID":"1323816","toID":"1323853","formEdgeID":null},{"edgeID":"1737134","fromID":"1323853","toID":"1323849","formEdgeID":null},{"edgeID":"1737135","fromID":"1323848","toID":"1323854","formEdgeID":null},{"edgeID":"1737136","fromID":"1323854","toID":"1323815","formEdgeID":null},{"edgeID":"1737137","fromID":"1323853","toID":"1323855","formEdgeID":null},{"edgeID":"1737138","fromID":"1323855","toID":"1323854","formEdgeID":null},{"edgeID":"1737139","fromID":"1323849","toID":"1323856","formEdgeID":null},{"edgeID":"1737140","fromID":"1323856","toID":"1323824","formEdgeID":null},{"edgeID":"1737141","fromID":"1323836","toID":"1323857","formEdgeID":null},{"edgeID":"1737142","fromID":"1323857","toID":"1323828","formEdgeID":null},{"edgeID":"1737143","fromID":"1323841","toID":"1323858","formEdgeID":null},{"edgeID":"1737144","fromID":"1323858","toID":"1323857","formEdgeID":null},{"edgeID":"1737145","fromID":"1323839","toID":"1323859","formEdgeID":null},{"edgeID":"1737146","fromID":"1323859","toID":"1323843","formEdgeID":null},{"edgeID":"1737147","fromID":"1323862","toID":"1323861","formEdgeID":null},{"edgeID":"1737148","fromID":"1323863","toID":"1323862","formEdgeID":null},{"edgeID":"1737149","fromID":"1323861","toID":"1323864","formEdgeID":null},{"edgeID":"1737150","fromID":"1323864","toID":"1323860","formEdgeID":null},{"edgeID":"1737151","fromID":"1323843","toID":"1323865","formEdgeID":null},{"edgeID":"1737152","fromID":"1323865","toID":"1323861","formEdgeID":null},{"edgeID":"1737153","fromID":"1323868","toID":"1323867","formEdgeID":null},{"edgeID":"1737154","fromID":"1323869","toID":"1323868","formEdgeID":null},{"edgeID":"1737155","fromID":"1323867","toID":"1323870","formEdgeID":null},{"edgeID":"1737156","fromID":"1323870","toID":"1323866","formEdgeID":null},{"edgeID":"1737157","fromID":"1323861","toID":"1323871","formEdgeID":null},{"edgeID":"1737158","fromID":"1323871","toID":"1323867","formEdgeID":null},{"edgeID":"1737159","fromID":"1323860","toID":"1323872","formEdgeID":null},{"edgeID":"1737160","fromID":"1323872","toID":"1323866","formEdgeID":null},{"edgeID":"1737161","fromID":"1323871","toID":"1323873","formEdgeID":null},{"edgeID":"1737162","fromID":"1323873","toID":"1323872","formEdgeID":null},{"edgeID":"1737163","fromID":"1323876","toID":"1323875","formEdgeID":null},{"edgeID":"1737164","fromID":"1323877","toID":"1323876","formEdgeID":null},{"edgeID":"1737165","fromID":"1323875","toID":"1323878","formEdgeID":null},{"edgeID":"1737166","fromID":"1323878","toID":"1323874","formEdgeID":null},{"edgeID":"1737167","fromID":"1323881","toID":"1323880","formEdgeID":null},{"edgeID":"1737168","fromID":"1323882","toID":"1323881","formEdgeID":null},{"edgeID":"1737169","fromID":"1323880","toID":"1323883","formEdgeID":null},{"edgeID":"1737170","fromID":"1323883","toID":"1323879","formEdgeID":null},{"edgeID":"1737171","fromID":"1323874","toID":"1323884","formEdgeID":null},{"edgeID":"1737172","fromID":"1323884","toID":"1323792","formEdgeID":null},{"edgeID":"1737173","fromID":"1323793","toID":"1323885","formEdgeID":null},{"edgeID":"1737174","fromID":"1323885","toID":"1323875","formEdgeID":null},{"edgeID":"1737175","fromID":"1323885","toID":"1323886","formEdgeID":null},{"edgeID":"1737176","fromID":"1323886","toID":"1323884","formEdgeID":null},{"edgeID":"1737177","fromID":"1323809","toID":"1323887","formEdgeID":null},{"edgeID":"1737178","fromID":"1323887","toID":"1323792","formEdgeID":null},{"edgeID":"1737179","fromID":"1323793","toID":"1323888","formEdgeID":null},{"edgeID":"1737180","fromID":"1323888","toID":"1323811","formEdgeID":null},{"edgeID":"1737181","fromID":"1323888","toID":"1323889","formEdgeID":null},{"edgeID":"1737182","fromID":"1323889","toID":"1323887","formEdgeID":null},{"edgeID":"1737183","fromID":"1323792","toID":"1323890","formEdgeID":null},{"edgeID":"1737184","fromID":"1323890","toID":"1323786","formEdgeID":null},{"edgeID":"1737185","fromID":"1323797","toID":"1323891","formEdgeID":null},{"edgeID":"1737186","fromID":"1323891","toID":"1323890","formEdgeID":null},{"edgeID":"1737187","fromID":"1323861","toID":"1323892","formEdgeID":null},{"edgeID":"1737188","fromID":"1323892","toID":"1323875","formEdgeID":null},{"edgeID":"1737189","fromID":"1323874","toID":"1323893","formEdgeID":null},{"edgeID":"1737190","fromID":"1323893","toID":"1323860","formEdgeID":null},{"edgeID":"1737191","fromID":"1323892","toID":"1323894","formEdgeID":null},{"edgeID":"1737192","fromID":"1323894","toID":"1323893","formEdgeID":null},{"edgeID":"1737193","fromID":"1323875","toID":"1323895","formEdgeID":null},{"edgeID":"1737194","fromID":"1323895","toID":"1323880","formEdgeID":null},{"edgeID":"1737195","fromID":"1323879","toID":"1323896","formEdgeID":null},{"edgeID":"1737196","fromID":"1323896","toID":"1323874","formEdgeID":null},{"edgeID":"1737197","fromID":"1323895","toID":"1323897","formEdgeID":null},{"edgeID":"1737198","fromID":"1323897","toID":"1323896","formEdgeID":null}],"locutions":[]}