{"nodes":[{"nodeID":"1149139","text":"we then need to have a focused amount on the squeezed middle, with the elderly","type":"I","timestamp":"2023-04-20 19:22:08"},{"nodeID":"1149165","text":"there's a lot of energy companies going bust","type":"I","timestamp":"2023-04-20 19:22:19"},{"nodeID":"1149217","text":"helping with the energy costs would be a huge help","type":"I","timestamp":"2023-04-20 19:22:37"},{"nodeID":"1322112","text":"given the latest inflation figures, xxx is the measures should we immediately adopt to protect the living standards of those most vulnerable inertia in our society","type":"I","timestamp":"2023-11-09 13:26:49"},{"nodeID":"1322113","text":"AudienceMember 20220707QT22: Given the latest inflation figures, what measures should we immediately adopt to protect the living standards of those most vulnerable inertia in our society","type":"L","timestamp":"2023-11-09 13:26:49"},{"nodeID":"1322114","text":"Analysing","type":"YA","timestamp":"2023-11-09 13:26:49"},{"nodeID":"1322115","text":"Nicole: AudienceMember 20220707QT22: Given the latest inflation figures, what measures should we immediately adopt to protect the living standards of those most vulnerable inertia in our society","type":"L","timestamp":"2023-11-09 13:26:49"},{"nodeID":"1322116","text":"Pure Questioning","type":"YA","timestamp":"2023-11-09 13:26:49"},{"nodeID":"1322117","text":"we've heard Emily Thornberry say the conservatives don't scenario any plans","type":"I","timestamp":"2023-11-09 13:26:49"},{"nodeID":"1322118","text":"Fiona Bruce: We've heard you say the conservatives don't scenario any plans","type":"L","timestamp":"2023-11-09 13:26:49"},{"nodeID":"1322119","text":"Analysing","type":"YA","timestamp":"2023-11-09 13:26:49"},{"nodeID":"1322120","text":"Nicole: Fiona Bruce: We've heard you say the conservatives don't scenario any plans","type":"L","timestamp":"2023-11-09 13:26:49"},{"nodeID":"1322121","text":"Asserting","type":"YA","timestamp":"2023-11-09 13:26:49"},{"nodeID":"1322122","text":"Default Transition","type":"TA","timestamp":"2023-11-09 13:26:49"},{"nodeID":"1322123","text":"xxx are Labour's plans","type":"I","timestamp":"2023-11-09 13:26:50"},{"nodeID":"1322124","text":"Fiona Bruce: Whether or not are Labour's plans","type":"L","timestamp":"2023-11-09 13:26:50"},{"nodeID":"1322125","text":"Analysing","type":"YA","timestamp":"2023-11-09 13:26:50"},{"nodeID":"1322126","text":"Nicole: Fiona Bruce: Whether or not are Labour's plans","type":"L","timestamp":"2023-11-09 13:26:50"},{"nodeID":"1322127","text":"Pure Questioning","type":"YA","timestamp":"2023-11-09 13:26:50"},{"nodeID":"1322128","text":"Default Transition","type":"TA","timestamp":"2023-11-09 13:26:50"},{"nodeID":"1322129","text":"given that there's been a windfall on VAT","type":"I","timestamp":"2023-11-09 13:26:50"},{"nodeID":"1322130","text":"Emily Thornberry: Given that there's been a windfall on VAT","type":"L","timestamp":"2023-11-09 13:26:50"},{"nodeID":"1322131","text":"Analysing","type":"YA","timestamp":"2023-11-09 13:26:50"},{"nodeID":"1322132","text":"Nicole: Emily Thornberry: Given that there's been a windfall on VAT","type":"L","timestamp":"2023-11-09 13:26:50"},{"nodeID":"1322133","text":"Asserting","type":"YA","timestamp":"2023-11-09 13:26:50"},{"nodeID":"1322134","text":"Default Transition","type":"TA","timestamp":"2023-11-09 13:26:50"},{"nodeID":"1322135","text":"the way energy prices went up","type":"I","timestamp":"2023-11-09 13:26:51"},{"nodeID":"1322136","text":"Emily Thornberry: the way engineer prices went up","type":"L","timestamp":"2023-11-09 13:26:51"},{"nodeID":"1322137","text":"Analysing","type":"YA","timestamp":"2023-11-09 13:26:51"},{"nodeID":"1322138","text":"Nicole: Emily Thornberry: the way engineer prices went up","type":"L","timestamp":"2023-11-09 13:26:51"},{"nodeID":"1322139","text":"Asserting","type":"YA","timestamp":"2023-11-09 13:26:51"},{"nodeID":"1322140","text":"Default Transition","type":"TA","timestamp":"2023-11-09 13:26:51"},{"nodeID":"1322141","text":"Default Inference","type":"RA","timestamp":"2023-11-09 13:26:51"},{"nodeID":"1322142","text":"Arguing","type":"YA","timestamp":"2023-11-09 13:26:51"},{"nodeID":"1322143","text":"we should have a time were we simplely cut VAT","type":"I","timestamp":"2023-11-09 13:26:51"},{"nodeID":"1322144","text":"Emily Thornberry: we should not have a time we cut VAT","type":"L","timestamp":"2023-11-09 13:26:51"},{"nodeID":"1322145","text":"Analysing","type":"YA","timestamp":"2023-11-09 13:26:51"},{"nodeID":"1322146","text":"Nicole: Emily Thornberry: we should not have a time we cut VAT","type":"L","timestamp":"2023-11-09 13:26:51"},{"nodeID":"1322147","text":"Asserting","type":"YA","timestamp":"2023-11-09 13:26:51"},{"nodeID":"1322148","text":"Default Transition","type":"TA","timestamp":"2023-11-09 13:26:51"},{"nodeID":"1322149","text":"the cut VAT will give all families about \u00a3200 a year","type":"I","timestamp":"2023-11-09 13:26:52"},{"nodeID":"1322150","text":"Emily Thornberry: That will give all families about \u00a3200 a year","type":"L","timestamp":"2023-11-09 13:26:52"},{"nodeID":"1322151","text":"Analysing","type":"YA","timestamp":"2023-11-09 13:26:52"},{"nodeID":"1322152","text":"Nicole: Emily Thornberry: That will give all families about \u00a3200 a year","type":"L","timestamp":"2023-11-09 13:26:52"},{"nodeID":"1322153","text":"Asserting","type":"YA","timestamp":"2023-11-09 13:26:52"},{"nodeID":"1322154","text":"Default Transition","type":"TA","timestamp":"2023-11-09 13:26:52"},{"nodeID":"1322155","text":"Emily Thornberry: We then need to have a focused amount on the squeezed middle, with the elderly","type":"L","timestamp":"2023-11-09 13:26:53"},{"nodeID":"1322156","text":"Analysing","type":"YA","timestamp":"2023-11-09 13:26:53"},{"nodeID":"1322157","text":"Nicole: Emily Thornberry: We then need to have a focused amount on the squeezed middle, with the elderly","type":"L","timestamp":"2023-11-09 13:26:53"},{"nodeID":"1322158","text":"Asserting","type":"YA","timestamp":"2023-11-09 13:26:53"},{"nodeID":"1322159","text":"Default Transition","type":"TA","timestamp":"2023-11-09 13:26:53"},{"nodeID":"1322160","text":"where we help the squeezed middle, with the elderly with bills as well","type":"I","timestamp":"2023-11-09 13:26:53"},{"nodeID":"1322161","text":"Emily Thornberry: Where we help them with bills as well","type":"L","timestamp":"2023-11-09 13:26:53"},{"nodeID":"1322162","text":"Analysing","type":"YA","timestamp":"2023-11-09 13:26:53"},{"nodeID":"1322163","text":"Nicole: Emily Thornberry: Where we help them with bills as well","type":"L","timestamp":"2023-11-09 13:26:53"},{"nodeID":"1322164","text":"Asserting","type":"YA","timestamp":"2023-11-09 13:26:53"},{"nodeID":"1322165","text":"Default Transition","type":"TA","timestamp":"2023-11-09 13:26:53"},{"nodeID":"1322166","text":"Default Rephrase","type":"MA","timestamp":"2023-11-09 13:26:53"},{"nodeID":"1322167","text":"Restating","type":"YA","timestamp":"2023-11-09 13:26:53"},{"nodeID":"1322168","text":"Labour are going to have a windfall tax on the energy companies who themselves are making a great deal of money","type":"I","timestamp":"2023-11-09 13:26:54"},{"nodeID":"1322169","text":"Emily Thornberry: Labour are going to have a windfall tax on the engineer companies who themselves are making a great deal of money","type":"L","timestamp":"2023-11-09 13:26:54"},{"nodeID":"1322170","text":"Analysing","type":"YA","timestamp":"2023-11-09 13:26:54"},{"nodeID":"1322171","text":"Nicole: Emily Thornberry: Labour are going to have a windfall tax on the engineer companies who themselves are making a great deal of money","type":"L","timestamp":"2023-11-09 13:26:54"},{"nodeID":"1322172","text":"Asserting","type":"YA","timestamp":"2023-11-09 13:26:54"},{"nodeID":"1322173","text":"Default Transition","type":"TA","timestamp":"2023-11-09 13:26:54"},{"nodeID":"1322174","text":"Fiona Bruce: There's a lot of engineer companies going bust","type":"L","timestamp":"2023-11-09 13:26:54"},{"nodeID":"1322175","text":"Analysing","type":"YA","timestamp":"2023-11-09 13:26:54"},{"nodeID":"1322176","text":"Nicole: Fiona Bruce: There's a lot of engineer companies going bust","type":"L","timestamp":"2023-11-09 13:26:54"},{"nodeID":"1322177","text":"Asserting","type":"YA","timestamp":"2023-11-09 13:26:54"},{"nodeID":"1322178","text":"Default Transition","type":"TA","timestamp":"2023-11-09 13:26:54"},{"nodeID":"1322179","text":"Default Conflict","type":"CA","timestamp":"2023-11-09 13:26:54"},{"nodeID":"1322180","text":"Disagreeing","type":"YA","timestamp":"2023-11-09 13:26:54"},{"nodeID":"1322181","text":"energy companies going bust are not the creators of the energy, they are the ones who sell it","type":"I","timestamp":"2023-11-09 13:26:55"},{"nodeID":"1322182","text":"Emily Thornberry: They're not the creators of the energy, they are the ones whether sell it","type":"L","timestamp":"2023-11-09 13:26:55"},{"nodeID":"1322183","text":"Analysing","type":"YA","timestamp":"2023-11-09 13:26:55"},{"nodeID":"1322184","text":"Nicole: Emily Thornberry: They're not the creators of the energy, they are the ones whether sell it","type":"L","timestamp":"2023-11-09 13:26:55"},{"nodeID":"1322185","text":"Asserting","type":"YA","timestamp":"2023-11-09 13:26:55"},{"nodeID":"1322186","text":"Default Transition","type":"TA","timestamp":"2023-11-09 13:26:55"},{"nodeID":"1322187","text":"Default Conflict","type":"CA","timestamp":"2023-11-09 13:26:55"},{"nodeID":"1322188","text":"Disagreeing","type":"YA","timestamp":"2023-11-09 13:26:55"},{"nodeID":"1322189","text":"Emily Thornberry is talking about more upstream than that","type":"I","timestamp":"2023-11-09 13:26:56"},{"nodeID":"1322190","text":"Emily Thornberry: I'm talking about more upstream than that","type":"L","timestamp":"2023-11-09 13:26:56"},{"nodeID":"1322191","text":"Analysing","type":"YA","timestamp":"2023-11-09 13:26:56"},{"nodeID":"1322192","text":"Nicole: Emily Thornberry: I'm talking about more upstream than that","type":"L","timestamp":"2023-11-09 13:26:56"},{"nodeID":"1322193","text":"Asserting","type":"YA","timestamp":"2023-11-09 13:26:56"},{"nodeID":"1322194","text":"Default Transition","type":"TA","timestamp":"2023-11-09 13:26:56"},{"nodeID":"1322195","text":"Default Rephrase","type":"MA","timestamp":"2023-11-09 13:26:56"},{"nodeID":"1322196","text":"Restating","type":"YA","timestamp":"2023-11-09 13:26:56"},{"nodeID":"1322197","text":"Emily Thornberry: That's the point","type":"L","timestamp":"2023-11-09 13:26:56"},{"nodeID":"1322198","text":"Analysing","type":"YA","timestamp":"2023-11-09 13:26:56"},{"nodeID":"1322199","text":"Nicole: Emily Thornberry: That's the point","type":"L","timestamp":"2023-11-09 13:26:56"},{"nodeID":"1322200","text":"Default Transition","type":"TA","timestamp":"2023-11-09 13:26:56"},{"nodeID":"1322201","text":"that you go upstream where they are making the money, you get a windfall tax from them, then you start redistributing","type":"I","timestamp":"2023-11-09 13:26:56"},{"nodeID":"1322202","text":"Emily Thornberry: That you go upstream where they are making the money, you get a windfall tax from them, then you start we district","type":"L","timestamp":"2023-11-09 13:26:56"},{"nodeID":"1322203","text":"Analysing","type":"YA","timestamp":"2023-11-09 13:26:56"},{"nodeID":"1322204","text":"Nicole: Emily Thornberry: That you go upstream where they are making the money, you get a windfall tax from them, then you start we district","type":"L","timestamp":"2023-11-09 13:26:56"},{"nodeID":"1322205","text":"Asserting","type":"YA","timestamp":"2023-11-09 13:26:56"},{"nodeID":"1322206","text":"Default Transition","type":"TA","timestamp":"2023-11-09 13:26:56"},{"nodeID":"1322207","text":"Emily Thornberry: helping with the engineer costs would be a huge help","type":"L","timestamp":"2023-11-09 13:26:57"},{"nodeID":"1322208","text":"Analysing","type":"YA","timestamp":"2023-11-09 13:26:57"},{"nodeID":"1322209","text":"Nicole: Emily Thornberry: helping with the engineer costs would be a huge help","type":"L","timestamp":"2023-11-09 13:26:57"},{"nodeID":"1322210","text":"Asserting","type":"YA","timestamp":"2023-11-09 13:26:57"},{"nodeID":"1322211","text":"Default Transition","type":"TA","timestamp":"2023-11-09 13:26:57"},{"nodeID":"1322212","text":"if we were in power we would say that they should help with the energy costs","type":"I","timestamp":"2023-11-09 13:26:57"},{"nodeID":"1322213","text":"Emily Thornberry: If we were in power we would say that they should","type":"L","timestamp":"2023-11-09 13:26:57"},{"nodeID":"1322214","text":"Analysing","type":"YA","timestamp":"2023-11-09 13:26:57"},{"nodeID":"1322215","text":"Nicole: Emily Thornberry: If we were in power we would say that they should","type":"L","timestamp":"2023-11-09 13:26:57"},{"nodeID":"1322216","text":"Asserting","type":"YA","timestamp":"2023-11-09 13:26:57"},{"nodeID":"1322217","text":"Default Transition","type":"TA","timestamp":"2023-11-09 13:26:57"},{"nodeID":"1322218","text":"Default Rephrase","type":"MA","timestamp":"2023-11-09 13:26:57"},{"nodeID":"1322219","text":"Restating","type":"YA","timestamp":"2023-11-09 13:26:57"},{"nodeID":"1322220","text":"that they at other times should not be introducing the increase in taxation which they are going to do in the spring as well","type":"I","timestamp":"2023-11-09 13:26:58"},{"nodeID":"1322221","text":"Emily Thornberry: that the at other times should not be introducing the increase in taxation which they are going to do in the spring as well","type":"L","timestamp":"2023-11-09 13:26:58"},{"nodeID":"1322222","text":"Analysing","type":"YA","timestamp":"2023-11-09 13:26:58"},{"nodeID":"1322223","text":"Nicole: Emily Thornberry: that the at other times should not be introducing the increase in taxation which they are going to do in the spring as well","type":"L","timestamp":"2023-11-09 13:26:58"},{"nodeID":"1322224","text":"Asserting","type":"YA","timestamp":"2023-11-09 13:26:58"},{"nodeID":"1322225","text":"Default Transition","type":"TA","timestamp":"2023-11-09 13:26:58"},{"nodeID":"1322226","text":"the same time energy is going up 50 percent for most households we're going to have an increase in taxation","type":"I","timestamp":"2023-11-09 13:26:59"},{"nodeID":"1322227","text":"Emily Thornberry: the same time energy is going up 50 percent for most households we're going to have an increase in taxation","type":"L","timestamp":"2023-11-09 13:26:59"},{"nodeID":"1322228","text":"Analysing","type":"YA","timestamp":"2023-11-09 13:26:59"},{"nodeID":"1322229","text":"Nicole: Emily Thornberry: the same time energy is going up 50 percent for most households we're going to have an increase in taxation","type":"L","timestamp":"2023-11-09 13:26:59"},{"nodeID":"1322230","text":"Asserting","type":"YA","timestamp":"2023-11-09 13:26:59"},{"nodeID":"1322231","text":"Default Transition","type":"TA","timestamp":"2023-11-09 13:26:59"},{"nodeID":"1322232","text":"how that request makes any sense Emily Thornberry doesn't know","type":"I","timestamp":"2023-11-09 13:26:59"},{"nodeID":"1322233","text":"Emily Thornberry: How that request make any sense I don't know","type":"L","timestamp":"2023-11-09 13:26:59"},{"nodeID":"1322234","text":"Analysing","type":"YA","timestamp":"2023-11-09 13:26:59"},{"nodeID":"1322235","text":"Nicole: Emily Thornberry: How that request make any sense I don't know","type":"L","timestamp":"2023-11-09 13:26:59"},{"nodeID":"1322236","text":"Asserting","type":"YA","timestamp":"2023-11-09 13:26:59"},{"nodeID":"1322237","text":"Default Transition","type":"TA","timestamp":"2023-11-09 13:26:59"},{"nodeID":"1322238","text":"those are two things for starters","type":"I","timestamp":"2023-11-09 13:27:00"},{"nodeID":"1322239","text":"Emily Thornberry: those are two things for starters","type":"L","timestamp":"2023-11-09 13:27:00"},{"nodeID":"1322240","text":"Analysing","type":"YA","timestamp":"2023-11-09 13:27:00"},{"nodeID":"1322241","text":"Nicole: Emily Thornberry: those are two things for starters","type":"L","timestamp":"2023-11-09 13:27:00"},{"nodeID":"1322242","text":"Asserting","type":"YA","timestamp":"2023-11-09 13:27:00"},{"nodeID":"1322243","text":"Default Inference","type":"RA","timestamp":"2023-11-09 13:27:00"},{"nodeID":"1322244","text":"Arguing","type":"YA","timestamp":"2023-11-09 13:27:00"},{"nodeID":"1322245","text":"Default Inference","type":"RA","timestamp":"2023-11-09 13:27:00"},{"nodeID":"1322246","text":"Default Transition","type":"TA","timestamp":"2023-11-09 13:27:00"},{"nodeID":"1322247","text":"Arguing","type":"YA","timestamp":"2023-11-09 13:27:00"},{"nodeID":"1322248","text":"Default Transition","type":"TA","timestamp":"2023-11-09 13:27:00"},{"nodeID":"1322249","text":"Default Rephrase","type":"MA","timestamp":"2023-11-09 13:27:00"},{"nodeID":"1322250","text":"Default Illocuting","type":"YA","timestamp":"2023-11-09 13:27:00"},{"nodeID":"1322251","text":"Default Inference","type":"RA","timestamp":"2023-11-09 13:27:00"},{"nodeID":"1322252","text":"Arguing","type":"YA","timestamp":"2023-11-09 13:27:00"},{"nodeID":"1322253","text":"Default Rephrase","type":"MA","timestamp":"2023-11-09 13:27:00"},{"nodeID":"1322254","text":"Restating","type":"YA","timestamp":"2023-11-09 13:27:00"},{"nodeID":"1322255","text":"Asserting","type":"YA","timestamp":"2023-11-09 13:27:00"}],"edges":[{"edgeID":"1735112","fromID":"1322114","toID":"1322113","formEdgeID":null},{"edgeID":"1735113","fromID":"1322115","toID":"1322114","formEdgeID":null},{"edgeID":"1735114","fromID":"1322113","toID":"1322116","formEdgeID":null},{"edgeID":"1735115","fromID":"1322116","toID":"1322112","formEdgeID":null},{"edgeID":"1735116","fromID":"1322119","toID":"1322118","formEdgeID":null},{"edgeID":"1735117","fromID":"1322120","toID":"1322119","formEdgeID":null},{"edgeID":"1735118","fromID":"1322118","toID":"1322121","formEdgeID":null},{"edgeID":"1735119","fromID":"1322121","toID":"1322117","formEdgeID":null},{"edgeID":"1735120","fromID":"1322113","toID":"1322122","formEdgeID":null},{"edgeID":"1735121","fromID":"1322122","toID":"1322118","formEdgeID":null},{"edgeID":"1735122","fromID":"1322125","toID":"1322124","formEdgeID":null},{"edgeID":"1735123","fromID":"1322126","toID":"1322125","formEdgeID":null},{"edgeID":"1735124","fromID":"1322124","toID":"1322127","formEdgeID":null},{"edgeID":"1735125","fromID":"1322127","toID":"1322123","formEdgeID":null},{"edgeID":"1735126","fromID":"1322118","toID":"1322128","formEdgeID":null},{"edgeID":"1735127","fromID":"1322128","toID":"1322124","formEdgeID":null},{"edgeID":"1735128","fromID":"1322131","toID":"1322130","formEdgeID":null},{"edgeID":"1735129","fromID":"1322132","toID":"1322131","formEdgeID":null},{"edgeID":"1735130","fromID":"1322130","toID":"1322133","formEdgeID":null},{"edgeID":"1735131","fromID":"1322133","toID":"1322129","formEdgeID":null},{"edgeID":"1735132","fromID":"1322124","toID":"1322134","formEdgeID":null},{"edgeID":"1735133","fromID":"1322134","toID":"1322130","formEdgeID":null},{"edgeID":"1735134","fromID":"1322137","toID":"1322136","formEdgeID":null},{"edgeID":"1735135","fromID":"1322138","toID":"1322137","formEdgeID":null},{"edgeID":"1735136","fromID":"1322136","toID":"1322139","formEdgeID":null},{"edgeID":"1735137","fromID":"1322139","toID":"1322135","formEdgeID":null},{"edgeID":"1735138","fromID":"1322130","toID":"1322140","formEdgeID":null},{"edgeID":"1735139","fromID":"1322140","toID":"1322136","formEdgeID":null},{"edgeID":"1735140","fromID":"1322135","toID":"1322141","formEdgeID":null},{"edgeID":"1735141","fromID":"1322141","toID":"1322129","formEdgeID":null},{"edgeID":"1735142","fromID":"1322140","toID":"1322142","formEdgeID":null},{"edgeID":"1735143","fromID":"1322142","toID":"1322141","formEdgeID":null},{"edgeID":"1735144","fromID":"1322145","toID":"1322144","formEdgeID":null},{"edgeID":"1735145","fromID":"1322146","toID":"1322145","formEdgeID":null},{"edgeID":"1735146","fromID":"1322144","toID":"1322147","formEdgeID":null},{"edgeID":"1735147","fromID":"1322147","toID":"1322143","formEdgeID":null},{"edgeID":"1735148","fromID":"1322136","toID":"1322148","formEdgeID":null},{"edgeID":"1735149","fromID":"1322148","toID":"1322144","formEdgeID":null},{"edgeID":"1735150","fromID":"1322151","toID":"1322150","formEdgeID":null},{"edgeID":"1735151","fromID":"1322152","toID":"1322151","formEdgeID":null},{"edgeID":"1735152","fromID":"1322150","toID":"1322153","formEdgeID":null},{"edgeID":"1735153","fromID":"1322153","toID":"1322149","formEdgeID":null},{"edgeID":"1735154","fromID":"1322144","toID":"1322154","formEdgeID":null},{"edgeID":"1735155","fromID":"1322154","toID":"1322150","formEdgeID":null},{"edgeID":"1735156","fromID":"1322156","toID":"1322155","formEdgeID":null},{"edgeID":"1735157","fromID":"1322157","toID":"1322156","formEdgeID":null},{"edgeID":"1735158","fromID":"1322155","toID":"1322158","formEdgeID":null},{"edgeID":"1735159","fromID":"1322158","toID":"1149139","formEdgeID":null},{"edgeID":"1735160","fromID":"1322150","toID":"1322159","formEdgeID":null},{"edgeID":"1735161","fromID":"1322159","toID":"1322155","formEdgeID":null},{"edgeID":"1735162","fromID":"1322162","toID":"1322161","formEdgeID":null},{"edgeID":"1735163","fromID":"1322163","toID":"1322162","formEdgeID":null},{"edgeID":"1735164","fromID":"1322161","toID":"1322164","formEdgeID":null},{"edgeID":"1735165","fromID":"1322164","toID":"1322160","formEdgeID":null},{"edgeID":"1735166","fromID":"1322155","toID":"1322165","formEdgeID":null},{"edgeID":"1735167","fromID":"1322165","toID":"1322161","formEdgeID":null},{"edgeID":"1735168","fromID":"1322160","toID":"1322166","formEdgeID":null},{"edgeID":"1735169","fromID":"1322166","toID":"1149139","formEdgeID":null},{"edgeID":"1735170","fromID":"1322165","toID":"1322167","formEdgeID":null},{"edgeID":"1735171","fromID":"1322167","toID":"1322166","formEdgeID":null},{"edgeID":"1735172","fromID":"1322170","toID":"1322169","formEdgeID":null},{"edgeID":"1735173","fromID":"1322171","toID":"1322170","formEdgeID":null},{"edgeID":"1735174","fromID":"1322169","toID":"1322172","formEdgeID":null},{"edgeID":"1735175","fromID":"1322172","toID":"1322168","formEdgeID":null},{"edgeID":"1735176","fromID":"1322161","toID":"1322173","formEdgeID":null},{"edgeID":"1735177","fromID":"1322173","toID":"1322169","formEdgeID":null},{"edgeID":"1735178","fromID":"1322175","toID":"1322174","formEdgeID":null},{"edgeID":"1735179","fromID":"1322176","toID":"1322175","formEdgeID":null},{"edgeID":"1735180","fromID":"1322174","toID":"1322177","formEdgeID":null},{"edgeID":"1735181","fromID":"1322177","toID":"1149165","formEdgeID":null},{"edgeID":"1735182","fromID":"1322169","toID":"1322178","formEdgeID":null},{"edgeID":"1735183","fromID":"1322178","toID":"1322174","formEdgeID":null},{"edgeID":"1735184","fromID":"1149165","toID":"1322179","formEdgeID":null},{"edgeID":"1735185","fromID":"1322179","toID":"1322168","formEdgeID":null},{"edgeID":"1735186","fromID":"1322178","toID":"1322180","formEdgeID":null},{"edgeID":"1735187","fromID":"1322180","toID":"1322179","formEdgeID":null},{"edgeID":"1735188","fromID":"1322183","toID":"1322182","formEdgeID":null},{"edgeID":"1735189","fromID":"1322184","toID":"1322183","formEdgeID":null},{"edgeID":"1735190","fromID":"1322182","toID":"1322185","formEdgeID":null},{"edgeID":"1735191","fromID":"1322185","toID":"1322181","formEdgeID":null},{"edgeID":"1735192","fromID":"1322174","toID":"1322186","formEdgeID":null},{"edgeID":"1735193","fromID":"1322186","toID":"1322182","formEdgeID":null},{"edgeID":"1735194","fromID":"1322181","toID":"1322187","formEdgeID":null},{"edgeID":"1735195","fromID":"1322187","toID":"1149165","formEdgeID":null},{"edgeID":"1735196","fromID":"1322186","toID":"1322188","formEdgeID":null},{"edgeID":"1735197","fromID":"1322188","toID":"1322187","formEdgeID":null},{"edgeID":"1735198","fromID":"1322191","toID":"1322190","formEdgeID":null},{"edgeID":"1735199","fromID":"1322192","toID":"1322191","formEdgeID":null},{"edgeID":"1735200","fromID":"1322190","toID":"1322193","formEdgeID":null},{"edgeID":"1735201","fromID":"1322193","toID":"1322189","formEdgeID":null},{"edgeID":"1735202","fromID":"1322182","toID":"1322194","formEdgeID":null},{"edgeID":"1735203","fromID":"1322194","toID":"1322190","formEdgeID":null},{"edgeID":"1735204","fromID":"1322189","toID":"1322195","formEdgeID":null},{"edgeID":"1735205","fromID":"1322195","toID":"1322181","formEdgeID":null},{"edgeID":"1735206","fromID":"1322194","toID":"1322196","formEdgeID":null},{"edgeID":"1735207","fromID":"1322196","toID":"1322195","formEdgeID":null},{"edgeID":"1735208","fromID":"1322198","toID":"1322197","formEdgeID":null},{"edgeID":"1735209","fromID":"1322199","toID":"1322198","formEdgeID":null},{"edgeID":"1735210","fromID":"1322190","toID":"1322200","formEdgeID":null},{"edgeID":"1735211","fromID":"1322200","toID":"1322197","formEdgeID":null},{"edgeID":"1735212","fromID":"1322203","toID":"1322202","formEdgeID":null},{"edgeID":"1735213","fromID":"1322204","toID":"1322203","formEdgeID":null},{"edgeID":"1735214","fromID":"1322202","toID":"1322205","formEdgeID":null},{"edgeID":"1735215","fromID":"1322205","toID":"1322201","formEdgeID":null},{"edgeID":"1735216","fromID":"1322197","toID":"1322206","formEdgeID":null},{"edgeID":"1735217","fromID":"1322206","toID":"1322202","formEdgeID":null},{"edgeID":"1735218","fromID":"1322208","toID":"1322207","formEdgeID":null},{"edgeID":"1735219","fromID":"1322209","toID":"1322208","formEdgeID":null},{"edgeID":"1735220","fromID":"1322207","toID":"1322210","formEdgeID":null},{"edgeID":"1735221","fromID":"1322210","toID":"1149217","formEdgeID":null},{"edgeID":"1735222","fromID":"1322202","toID":"1322211","formEdgeID":null},{"edgeID":"1735223","fromID":"1322211","toID":"1322207","formEdgeID":null},{"edgeID":"1735224","fromID":"1322214","toID":"1322213","formEdgeID":null},{"edgeID":"1735225","fromID":"1322215","toID":"1322214","formEdgeID":null},{"edgeID":"1735226","fromID":"1322213","toID":"1322216","formEdgeID":null},{"edgeID":"1735227","fromID":"1322216","toID":"1322212","formEdgeID":null},{"edgeID":"1735228","fromID":"1322207","toID":"1322217","formEdgeID":null},{"edgeID":"1735229","fromID":"1322217","toID":"1322213","formEdgeID":null},{"edgeID":"1735230","fromID":"1322212","toID":"1322218","formEdgeID":null},{"edgeID":"1735231","fromID":"1322218","toID":"1149217","formEdgeID":null},{"edgeID":"1735232","fromID":"1322217","toID":"1322219","formEdgeID":null},{"edgeID":"1735233","fromID":"1322219","toID":"1322218","formEdgeID":null},{"edgeID":"1735234","fromID":"1322222","toID":"1322221","formEdgeID":null},{"edgeID":"1735235","fromID":"1322223","toID":"1322222","formEdgeID":null},{"edgeID":"1735236","fromID":"1322221","toID":"1322224","formEdgeID":null},{"edgeID":"1735237","fromID":"1322224","toID":"1322220","formEdgeID":null},{"edgeID":"1735238","fromID":"1322213","toID":"1322225","formEdgeID":null},{"edgeID":"1735239","fromID":"1322225","toID":"1322221","formEdgeID":null},{"edgeID":"1735240","fromID":"1322228","toID":"1322227","formEdgeID":null},{"edgeID":"1735241","fromID":"1322229","toID":"1322228","formEdgeID":null},{"edgeID":"1735242","fromID":"1322227","toID":"1322230","formEdgeID":null},{"edgeID":"1735243","fromID":"1322230","toID":"1322226","formEdgeID":null},{"edgeID":"1735244","fromID":"1322221","toID":"1322231","formEdgeID":null},{"edgeID":"1735245","fromID":"1322231","toID":"1322227","formEdgeID":null},{"edgeID":"1735246","fromID":"1322234","toID":"1322233","formEdgeID":null},{"edgeID":"1735247","fromID":"1322235","toID":"1322234","formEdgeID":null},{"edgeID":"1735248","fromID":"1322233","toID":"1322236","formEdgeID":null},{"edgeID":"1735249","fromID":"1322236","toID":"1322232","formEdgeID":null},{"edgeID":"1735250","fromID":"1322227","toID":"1322237","formEdgeID":null},{"edgeID":"1735251","fromID":"1322237","toID":"1322233","formEdgeID":null},{"edgeID":"1735252","fromID":"1322240","toID":"1322239","formEdgeID":null},{"edgeID":"1735253","fromID":"1322241","toID":"1322240","formEdgeID":null},{"edgeID":"1735254","fromID":"1322239","toID":"1322242","formEdgeID":null},{"edgeID":"1735255","fromID":"1322242","toID":"1322238","formEdgeID":null},{"edgeID":"1735256","fromID":"1322226","toID":"1322243","formEdgeID":null},{"edgeID":"1735257","fromID":"1322243","toID":"1322220","formEdgeID":null},{"edgeID":"1735258","fromID":"1322231","toID":"1322244","formEdgeID":null},{"edgeID":"1735259","fromID":"1322244","toID":"1322243","formEdgeID":null},{"edgeID":"1735260","fromID":"1322220","toID":"1322245","formEdgeID":null},{"edgeID":"1735261","fromID":"1322245","toID":"1322238","formEdgeID":null},{"edgeID":"1735262","fromID":"1322212","toID":"1322245","formEdgeID":null},{"edgeID":"1735263","fromID":"1322221","toID":"1322246","formEdgeID":null},{"edgeID":"1735264","fromID":"1322246","toID":"1322239","formEdgeID":null},{"edgeID":"1735265","fromID":"1322246","toID":"1322247","formEdgeID":null},{"edgeID":"1735266","fromID":"1322247","toID":"1322245","formEdgeID":null},{"edgeID":"1735267","fromID":"1322124","toID":"1322248","formEdgeID":null},{"edgeID":"1735268","fromID":"1322248","toID":"1322239","formEdgeID":null},{"edgeID":"1735269","fromID":"1322238","toID":"1322249","formEdgeID":null},{"edgeID":"1735270","fromID":"1322249","toID":"1322123","formEdgeID":null},{"edgeID":"1735271","fromID":"1322248","toID":"1322250","formEdgeID":null},{"edgeID":"1735272","fromID":"1322250","toID":"1322249","formEdgeID":null},{"edgeID":"1735273","fromID":"1322149","toID":"1322251","formEdgeID":null},{"edgeID":"1735274","fromID":"1322251","toID":"1322143","formEdgeID":null},{"edgeID":"1735275","fromID":"1322154","toID":"1322252","formEdgeID":null},{"edgeID":"1735276","fromID":"1322252","toID":"1322251","formEdgeID":null},{"edgeID":"1735277","fromID":"1322201","toID":"1322253","formEdgeID":null},{"edgeID":"1735278","fromID":"1322253","toID":"1322189","formEdgeID":null},{"edgeID":"1735279","fromID":"1322206","toID":"1322254","formEdgeID":null},{"edgeID":"1735280","fromID":"1322254","toID":"1322253","formEdgeID":null},{"edgeID":"1735281","fromID":"1322197","toID":"1322255","formEdgeID":null},{"edgeID":"1735282","fromID":"1322255","toID":"1322189","formEdgeID":null}],"locutions":[]}