{"nodes":[{"nodeID":"1323234","text":"we need to do more to help first-time buyers","type":"I","timestamp":"2023-11-09 13:28:22"},{"nodeID":"1323235","text":"Stephen Kerr: We need to do more to help first-time buyers","type":"L","timestamp":"2023-11-09 13:28:22"},{"nodeID":"1323236","text":"Analysing","type":"YA","timestamp":"2023-11-09 13:28:22"},{"nodeID":"1323237","text":"Chris: Stephen Kerr: We need to do more to help first-time buyers","type":"L","timestamp":"2023-11-09 13:28:22"},{"nodeID":"1323238","text":"Asserting","type":"YA","timestamp":"2023-11-09 13:28:22"},{"nodeID":"1323239","text":"Stephen Kerr and his wife have four children and it they have watched them in their struggle to get on the property ladder","type":"I","timestamp":"2023-11-09 13:28:23"},{"nodeID":"1323240","text":"Stephen Kerr: My wife and I have four children and it we have watched them in their struggle to get on the property ladder","type":"L","timestamp":"2023-11-09 13:28:23"},{"nodeID":"1323241","text":"Analysing","type":"YA","timestamp":"2023-11-09 13:28:23"},{"nodeID":"1323242","text":"Chris: Stephen Kerr: My wife and I have four children and it we have watched them in their struggle to get on the property ladder","type":"L","timestamp":"2023-11-09 13:28:23"},{"nodeID":"1323243","text":"Asserting","type":"YA","timestamp":"2023-11-09 13:28:23"},{"nodeID":"1323244","text":"Stephen Kerr and his wife have done everything they can to help their four children try and get on the property ladder","type":"I","timestamp":"2023-11-09 13:28:23"},{"nodeID":"1323245","text":"Stephen Kerr: We have done everything we can to help them","type":"L","timestamp":"2023-11-09 13:28:23"},{"nodeID":"1323246","text":"Analysing","type":"YA","timestamp":"2023-11-09 13:28:23"},{"nodeID":"1323247","text":"Chris: Stephen Kerr: We have done everything we can to help them","type":"L","timestamp":"2023-11-09 13:28:23"},{"nodeID":"1323248","text":"Asserting","type":"YA","timestamp":"2023-11-09 13:28:23"},{"nodeID":"1323249","text":"Default Transition","type":"TA","timestamp":"2023-11-09 13:28:23"},{"nodeID":"1323250","text":"Default Transition","type":"TA","timestamp":"2023-11-09 13:28:23"},{"nodeID":"1323251","text":"Default Inference","type":"RA","timestamp":"2023-11-09 13:28:23"},{"nodeID":"1323252","text":"Default Rephrase","type":"MA","timestamp":"2023-11-09 13:28:23"},{"nodeID":"1323253","text":"Arguing","type":"YA","timestamp":"2023-11-09 13:28:23"},{"nodeID":"1323254","text":"Restating","type":"YA","timestamp":"2023-11-09 13:28:23"},{"nodeID":"1323255","text":"we need to do more as a society to help young people feel that getting a foot on the property ladder is a realisable dream they can fulfil","type":"I","timestamp":"2023-11-09 13:28:24"},{"nodeID":"1323256","text":"Stephen Kerr: we need to do more as a society to help young people feel that getting a food on the property ladder is a realisable dream they can fulfil","type":"L","timestamp":"2023-11-09 13:28:24"},{"nodeID":"1323257","text":"Analysing","type":"YA","timestamp":"2023-11-09 13:28:24"},{"nodeID":"1323258","text":"Chris: Stephen Kerr: we need to do more as a society to help young people feel that getting a food on the property ladder is a realisable dream they can fulfil","type":"L","timestamp":"2023-11-09 13:28:24"},{"nodeID":"1323259","text":"Asserting","type":"YA","timestamp":"2023-11-09 13:28:24"},{"nodeID":"1323260","text":"Default Transition","type":"TA","timestamp":"2023-11-09 13:28:24"},{"nodeID":"1323261","text":"Default Conflict","type":"CA","timestamp":"2023-11-09 13:28:24"},{"nodeID":"1323262","text":"Disagreeing","type":"YA","timestamp":"2023-11-09 13:28:24"},{"nodeID":"1323263","text":"currently because of rising prices, because of the nonavailability of suitable properties, young people getting a foot on the property ladder is very difficult","type":"I","timestamp":"2023-11-09 13:28:24"},{"nodeID":"1323264","text":"Stephen Kerr: Wall Street Journal, because of rising prices, because of the nonavailability of suitable properties, that is very difficult","type":"L","timestamp":"2023-11-09 13:28:24"},{"nodeID":"1323265","text":"Analysing","type":"YA","timestamp":"2023-11-09 13:28:24"},{"nodeID":"1323266","text":"Chris: Stephen Kerr: Wall Street Journal, because of rising prices, because of the nonavailability of suitable properties, that is very difficult","type":"L","timestamp":"2023-11-09 13:28:24"},{"nodeID":"1323267","text":"Asserting","type":"YA","timestamp":"2023-11-09 13:28:24"},{"nodeID":"1323268","text":"Default Transition","type":"TA","timestamp":"2023-11-09 13:28:24"},{"nodeID":"1323269","text":"Default Inference","type":"RA","timestamp":"2023-11-09 13:28:24"},{"nodeID":"1323270","text":"we need to do something about young people being unable to get onto the property ladder","type":"I","timestamp":"2023-11-09 13:28:25"},{"nodeID":"1323271","text":"Stephen Kerr: We need to do something about that","type":"L","timestamp":"2023-11-09 13:28:25"},{"nodeID":"1323272","text":"Analysing","type":"YA","timestamp":"2023-11-09 13:28:25"},{"nodeID":"1323273","text":"Chris: Stephen Kerr: We need to do something about that","type":"L","timestamp":"2023-11-09 13:28:25"},{"nodeID":"1323274","text":"Asserting","type":"YA","timestamp":"2023-11-09 13:28:25"},{"nodeID":"1323275","text":"Default Transition","type":"TA","timestamp":"2023-11-09 13:28:25"},{"nodeID":"1323276","text":"Default Rephrase","type":"MA","timestamp":"2023-11-09 13:28:25"},{"nodeID":"1323277","text":"Restating","type":"YA","timestamp":"2023-11-09 13:28:25"},{"nodeID":"1323278","text":"Arguing","type":"YA","timestamp":"2023-11-09 13:28:25"},{"nodeID":"1323279","text":"it is not all about private housing","type":"I","timestamp":"2023-11-09 13:28:26"},{"nodeID":"1323280","text":"Emily Thornberry: It is not all about private house being","type":"L","timestamp":"2023-11-09 13:28:26"},{"nodeID":"1323281","text":"Analysing","type":"YA","timestamp":"2023-11-09 13:28:26"},{"nodeID":"1323282","text":"Chris: Emily Thornberry: It is not all about private house being","type":"L","timestamp":"2023-11-09 13:28:26"},{"nodeID":"1323283","text":"Asserting","type":"YA","timestamp":"2023-11-09 13:28:26"},{"nodeID":"1323284","text":"Default Transition","type":"TA","timestamp":"2023-11-09 13:28:26"},{"nodeID":"1323285","text":"it is social housing as well","type":"I","timestamp":"2023-11-09 13:28:26"},{"nodeID":"1323286","text":"Emily Thornberry: it is social housing as well","type":"L","timestamp":"2023-11-09 13:28:26"},{"nodeID":"1323287","text":"Analysing","type":"YA","timestamp":"2023-11-09 13:28:26"},{"nodeID":"1323288","text":"Chris: Emily Thornberry: it is social housing as well","type":"L","timestamp":"2023-11-09 13:28:26"},{"nodeID":"1323289","text":"Asserting","type":"YA","timestamp":"2023-11-09 13:28:26"},{"nodeID":"1323290","text":"Default Transition","type":"TA","timestamp":"2023-11-09 13:28:26"},{"nodeID":"1323291","text":"Default Inference","type":"RA","timestamp":"2023-11-09 13:28:26"},{"nodeID":"1323292","text":"Arguing","type":"YA","timestamp":"2023-11-09 13:28:26"}],"edges":[{"edgeID":"1736427","fromID":"1323236","toID":"1323235","formEdgeID":null},{"edgeID":"1736428","fromID":"1323237","toID":"1323236","formEdgeID":null},{"edgeID":"1736429","fromID":"1323235","toID":"1323238","formEdgeID":null},{"edgeID":"1736430","fromID":"1323238","toID":"1323234","formEdgeID":null},{"edgeID":"1736431","fromID":"1323241","toID":"1323240","formEdgeID":null},{"edgeID":"1736432","fromID":"1323242","toID":"1323241","formEdgeID":null},{"edgeID":"1736433","fromID":"1323240","toID":"1323243","formEdgeID":null},{"edgeID":"1736434","fromID":"1323243","toID":"1323239","formEdgeID":null},{"edgeID":"1736435","fromID":"1323246","toID":"1323245","formEdgeID":null},{"edgeID":"1736436","fromID":"1323247","toID":"1323246","formEdgeID":null},{"edgeID":"1736437","fromID":"1323245","toID":"1323248","formEdgeID":null},{"edgeID":"1736438","fromID":"1323248","toID":"1323244","formEdgeID":null},{"edgeID":"1736439","fromID":"1323235","toID":"1323249","formEdgeID":null},{"edgeID":"1736440","fromID":"1323249","toID":"1323240","formEdgeID":null},{"edgeID":"1736441","fromID":"1323240","toID":"1323250","formEdgeID":null},{"edgeID":"1736442","fromID":"1323250","toID":"1323245","formEdgeID":null},{"edgeID":"1736443","fromID":"1323239","toID":"1323251","formEdgeID":null},{"edgeID":"1736444","fromID":"1323251","toID":"1323234","formEdgeID":null},{"edgeID":"1736445","fromID":"1323244","toID":"1323252","formEdgeID":null},{"edgeID":"1736446","fromID":"1323252","toID":"1323239","formEdgeID":null},{"edgeID":"1736447","fromID":"1323249","toID":"1323253","formEdgeID":null},{"edgeID":"1736448","fromID":"1323253","toID":"1323251","formEdgeID":null},{"edgeID":"1736449","fromID":"1323250","toID":"1323254","formEdgeID":null},{"edgeID":"1736450","fromID":"1323254","toID":"1323252","formEdgeID":null},{"edgeID":"1736451","fromID":"1323257","toID":"1323256","formEdgeID":null},{"edgeID":"1736452","fromID":"1323258","toID":"1323257","formEdgeID":null},{"edgeID":"1736453","fromID":"1323256","toID":"1323259","formEdgeID":null},{"edgeID":"1736454","fromID":"1323259","toID":"1323255","formEdgeID":null},{"edgeID":"1736455","fromID":"1323245","toID":"1323260","formEdgeID":null},{"edgeID":"1736456","fromID":"1323260","toID":"1323256","formEdgeID":null},{"edgeID":"1736457","fromID":"1323255","toID":"1323261","formEdgeID":null},{"edgeID":"1736458","fromID":"1323261","toID":"1323244","formEdgeID":null},{"edgeID":"1736459","fromID":"1323260","toID":"1323262","formEdgeID":null},{"edgeID":"1736460","fromID":"1323262","toID":"1323261","formEdgeID":null},{"edgeID":"1736461","fromID":"1323265","toID":"1323264","formEdgeID":null},{"edgeID":"1736462","fromID":"1323266","toID":"1323265","formEdgeID":null},{"edgeID":"1736463","fromID":"1323264","toID":"1323267","formEdgeID":null},{"edgeID":"1736464","fromID":"1323267","toID":"1323263","formEdgeID":null},{"edgeID":"1736465","fromID":"1323256","toID":"1323268","formEdgeID":null},{"edgeID":"1736466","fromID":"1323268","toID":"1323264","formEdgeID":null},{"edgeID":"1736467","fromID":"1323263","toID":"1323269","formEdgeID":null},{"edgeID":"1736468","fromID":"1323269","toID":"1323255","formEdgeID":null},{"edgeID":"1736469","fromID":"1323272","toID":"1323271","formEdgeID":null},{"edgeID":"1736470","fromID":"1323273","toID":"1323272","formEdgeID":null},{"edgeID":"1736471","fromID":"1323271","toID":"1323274","formEdgeID":null},{"edgeID":"1736472","fromID":"1323274","toID":"1323270","formEdgeID":null},{"edgeID":"1736473","fromID":"1323264","toID":"1323275","formEdgeID":null},{"edgeID":"1736474","fromID":"1323275","toID":"1323271","formEdgeID":null},{"edgeID":"1736475","fromID":"1323270","toID":"1323276","formEdgeID":null},{"edgeID":"1736476","fromID":"1323276","toID":"1323263","formEdgeID":null},{"edgeID":"1736477","fromID":"1323275","toID":"1323277","formEdgeID":null},{"edgeID":"1736478","fromID":"1323277","toID":"1323276","formEdgeID":null},{"edgeID":"1736479","fromID":"1323268","toID":"1323278","formEdgeID":null},{"edgeID":"1736480","fromID":"1323278","toID":"1323269","formEdgeID":null},{"edgeID":"1736481","fromID":"1323281","toID":"1323280","formEdgeID":null},{"edgeID":"1736482","fromID":"1323282","toID":"1323281","formEdgeID":null},{"edgeID":"1736483","fromID":"1323280","toID":"1323283","formEdgeID":null},{"edgeID":"1736484","fromID":"1323283","toID":"1323279","formEdgeID":null},{"edgeID":"1736485","fromID":"1323271","toID":"1323284","formEdgeID":null},{"edgeID":"1736486","fromID":"1323284","toID":"1323280","formEdgeID":null},{"edgeID":"1736487","fromID":"1323287","toID":"1323286","formEdgeID":null},{"edgeID":"1736488","fromID":"1323288","toID":"1323287","formEdgeID":null},{"edgeID":"1736489","fromID":"1323286","toID":"1323289","formEdgeID":null},{"edgeID":"1736490","fromID":"1323289","toID":"1323285","formEdgeID":null},{"edgeID":"1736491","fromID":"1323280","toID":"1323290","formEdgeID":null},{"edgeID":"1736492","fromID":"1323290","toID":"1323286","formEdgeID":null},{"edgeID":"1736493","fromID":"1323285","toID":"1323291","formEdgeID":null},{"edgeID":"1736494","fromID":"1323291","toID":"1323279","formEdgeID":null},{"edgeID":"1736495","fromID":"1323290","toID":"1323292","formEdgeID":null},{"edgeID":"1736496","fromID":"1323292","toID":"1323291","formEdgeID":null}],"locutions":[]}