{"nodes":[{"nodeID":"1323483","text":"there should or should not be a cap on the number of holiday homes and student flats in areas around St Andrews to preserve local communities","type":"I","timestamp":"2023-11-09 13:28:43"},{"nodeID":"1323484","text":"AudienceMember 20220707QT39: Should there be a cap on the number of holiday homes and student flat in areas around St Andrews to preserve local communities","type":"L","timestamp":"2023-11-09 13:28:43"},{"nodeID":"1323485","text":"Calum: AudienceMember 20220707QT39: Should there be a cap on the number of holiday homes and student flat in areas around St Andrews to preserve local communities","type":"L","timestamp":"2023-11-09 13:28:43"},{"nodeID":"1323486","text":"Analysing","type":"YA","timestamp":"2023-11-09 13:28:43"},{"nodeID":"1323487","text":"Pure Questioning","type":"YA","timestamp":"2023-11-09 13:28:43"},{"nodeID":"1323488","text":"AudienceMember 20220707QT39's question is getting a round of applause","type":"I","timestamp":"2023-11-09 13:28:43"},{"nodeID":"1323489","text":"Analysing","type":"YA","timestamp":"2023-11-09 13:28:43"},{"nodeID":"1323490","text":"Fiona Bruce: That's getting a round of applause","type":"L","timestamp":"2023-11-09 13:28:43"},{"nodeID":"1323491","text":"Calum: Fiona Bruce: That's getting a round of applause","type":"L","timestamp":"2023-11-09 13:28:43"},{"nodeID":"1323492","text":"Asserting","type":"YA","timestamp":"2023-11-09 13:28:43"},{"nodeID":"1323493","text":"xxx is why AudienceMember 20220707QT39 is so exercised about a cap on the number of holiday homes and student flats in areas around St Andrews","type":"I","timestamp":"2023-11-09 13:28:44"},{"nodeID":"1323494","text":"Fiona Bruce: Why are you so exercised about it","type":"L","timestamp":"2023-11-09 13:28:44"},{"nodeID":"1323495","text":"Analysing","type":"YA","timestamp":"2023-11-09 13:28:44"},{"nodeID":"1323496","text":"Calum: Fiona Bruce: Why are you so exercised about it","type":"L","timestamp":"2023-11-09 13:28:44"},{"nodeID":"1323497","text":"Pure Questioning","type":"YA","timestamp":"2023-11-09 13:28:44"},{"nodeID":"1323498","text":"Default Transition","type":"TA","timestamp":"2023-11-09 13:28:44"},{"nodeID":"1323499","text":"Default Transition","type":"TA","timestamp":"2023-11-09 13:28:44"},{"nodeID":"1323500","text":"there's not enough accommodation for local people to buy or rent","type":"I","timestamp":"2023-11-09 13:28:44"},{"nodeID":"1323501","text":"AudienceMember 20220707QT40: There's not enough accommodation for local people to buy or offered","type":"L","timestamp":"2023-11-09 13:28:44"},{"nodeID":"1323502","text":"Analysing","type":"YA","timestamp":"2023-11-09 13:28:44"},{"nodeID":"1323503","text":"Calum: AudienceMember 20220707QT40: There's not enough accommodation for local people to buy or offered","type":"L","timestamp":"2023-11-09 13:28:44"},{"nodeID":"1323504","text":"Asserting","type":"YA","timestamp":"2023-11-09 13:28:44"},{"nodeID":"1323505","text":"there not being enough accommodation to buy or rent is or is not a problem for AudienceMember 20220707QT40 specifically","type":"I","timestamp":"2023-11-09 13:28:45"},{"nodeID":"1323506","text":"AudienceMember 20220707QT40: Is it a baroque for you specifically","type":"L","timestamp":"2023-11-09 13:28:45"},{"nodeID":"1323507","text":"Analysing","type":"YA","timestamp":"2023-11-09 13:28:45"},{"nodeID":"1323508","text":"Calum: AudienceMember 20220707QT40: Is it a baroque for you specifically","type":"L","timestamp":"2023-11-09 13:28:45"},{"nodeID":"1323509","text":"Pure Questioning","type":"YA","timestamp":"2023-11-09 13:28:45"},{"nodeID":"1323510","text":"there's a danger that a housing cap is going too far one way","type":"I","timestamp":"2023-11-09 13:28:45"},{"nodeID":"1323511","text":"AudienceMember 20220707QT40: there's a danger it is going too far one way","type":"L","timestamp":"2023-11-09 13:28:45"},{"nodeID":"1323512","text":"Analysing","type":"YA","timestamp":"2023-11-09 13:28:45"},{"nodeID":"1323513","text":"Calum: AudienceMember 20220707QT40: there's a danger it is going too far one way","type":"L","timestamp":"2023-11-09 13:28:45"},{"nodeID":"1323514","text":"Asserting","type":"YA","timestamp":"2023-11-09 13:28:45"},{"nodeID":"1323515","text":"Default Transition","type":"TA","timestamp":"2023-11-09 13:28:45"},{"nodeID":"1323516","text":"Default Transition","type":"TA","timestamp":"2023-11-09 13:28:45"},{"nodeID":"1323517","text":"Default Inference","type":"RA","timestamp":"2023-11-09 13:28:45"},{"nodeID":"1323518","text":"Arguing","type":"YA","timestamp":"2023-11-09 13:28:45"},{"nodeID":"1323519","text":"Default Transition","type":"TA","timestamp":"2023-11-09 13:28:45"},{"nodeID":"1323520","text":"there not being enough accommodation to buy or rent is not a problem for AudienceMember 20220707QT40 specifically","type":"I","timestamp":"2023-11-09 13:28:46"},{"nodeID":"1323521","text":"AudienceMember 20220707QT41: No","type":"L","timestamp":"2023-11-09 13:28:46"},{"nodeID":"1323522","text":"Analysing","type":"YA","timestamp":"2023-11-09 13:28:46"},{"nodeID":"1323523","text":"Calum: AudienceMember 20220707QT41: No","type":"L","timestamp":"2023-11-09 13:28:46"},{"nodeID":"1323524","text":"Asserting","type":"YA","timestamp":"2023-11-09 13:28:46"},{"nodeID":"1323525","text":"Default Transition","type":"TA","timestamp":"2023-11-09 13:28:46"},{"nodeID":"1323526","text":"Default Rephrase","type":"MA","timestamp":"2023-11-09 13:28:46"},{"nodeID":"1323527","text":"Default Illocuting","type":"YA","timestamp":"2023-11-09 13:28:46"},{"nodeID":"1323528","text":"housing caps is not an area Iain Anderson is well versed in","type":"I","timestamp":"2023-11-09 13:28:47"},{"nodeID":"1323529","text":"Iain Anderson: This is not an area I'm well versed in","type":"L","timestamp":"2023-11-09 13:28:47"},{"nodeID":"1323530","text":"Analysing","type":"YA","timestamp":"2023-11-09 13:28:47"},{"nodeID":"1323531","text":"Calum: Iain Anderson: This is not an area I'm well versed in","type":"L","timestamp":"2023-11-09 13:28:47"},{"nodeID":"1323532","text":"Asserting","type":"YA","timestamp":"2023-11-09 13:28:47"},{"nodeID":"1323533","text":"we are seeing a very volatile community to do with housing","type":"I","timestamp":"2023-11-09 13:28:47"},{"nodeID":"1323534","text":"Iain Anderson: we are seeing a very volatile community to do with housing","type":"L","timestamp":"2023-11-09 13:28:47"},{"nodeID":"1323535","text":"Analysing","type":"YA","timestamp":"2023-11-09 13:28:47"},{"nodeID":"1323536","text":"Calum: Iain Anderson: we are seeing a very volatile community to do with housing","type":"L","timestamp":"2023-11-09 13:28:47"},{"nodeID":"1323537","text":"Asserting","type":"YA","timestamp":"2023-11-09 13:28:47"},{"nodeID":"1323538","text":"one of the causes of a volatile community is the Airbnb culture","type":"I","timestamp":"2023-11-09 13:28:48"},{"nodeID":"1323539","text":"Iain Anderson: One of the causes of that is the air B and B culture","type":"L","timestamp":"2023-11-09 13:28:48"},{"nodeID":"1323540","text":"Analysing","type":"YA","timestamp":"2023-11-09 13:28:48"},{"nodeID":"1323541","text":"Calum: Iain Anderson: One of the causes of that is the air B and B culture","type":"L","timestamp":"2023-11-09 13:28:48"},{"nodeID":"1323542","text":"Asserting","type":"YA","timestamp":"2023-11-09 13:28:48"},{"nodeID":"1323543","text":"more and more people are buying properties not just to rent them out but rent them out short term","type":"I","timestamp":"2023-11-09 13:28:48"},{"nodeID":"1323544","text":"Calum: Iain Anderson: More an more people buying properties not just to rent them out but rent them out short term","type":"L","timestamp":"2023-11-09 13:28:48"},{"nodeID":"1323545","text":"Analysing","type":"YA","timestamp":"2023-11-09 13:28:48"},{"nodeID":"1323546","text":"Iain Anderson: More an more people buying properties not just to rent them out but rent them out short term","type":"L","timestamp":"2023-11-09 13:28:48"},{"nodeID":"1323547","text":"Asserting","type":"YA","timestamp":"2023-11-09 13:28:48"},{"nodeID":"1323548","text":"Airbnb had a massive disastrous affect in Edinburgh","type":"I","timestamp":"2023-11-09 13:28:49"},{"nodeID":"1323549","text":"Analysing","type":"YA","timestamp":"2023-11-09 13:28:49"},{"nodeID":"1323550","text":"Iain Anderson: I know that had a massive did I tearous affect in Edinburgh","type":"L","timestamp":"2023-11-09 13:28:49"},{"nodeID":"1323551","text":"Calum: Iain Anderson: I know that had a massive did I tearous affect in Edinburgh","type":"L","timestamp":"2023-11-09 13:28:49"},{"nodeID":"1323552","text":"Asserting","type":"YA","timestamp":"2023-11-09 13:28:49"},{"nodeID":"1323553","text":"Default Transition","type":"TA","timestamp":"2023-11-09 13:28:49"},{"nodeID":"1323554","text":"Default Transition","type":"TA","timestamp":"2023-11-09 13:28:49"},{"nodeID":"1323555","text":"Default Transition","type":"TA","timestamp":"2023-11-09 13:28:49"},{"nodeID":"1323556","text":"Default Inference","type":"RA","timestamp":"2023-11-09 13:28:49"},{"nodeID":"1323557","text":"Arguing","type":"YA","timestamp":"2023-11-09 13:28:49"},{"nodeID":"1323558","text":"Default Transition","type":"TA","timestamp":"2023-11-09 13:28:49"},{"nodeID":"1323559","text":"Default Inference","type":"RA","timestamp":"2023-11-09 13:28:49"},{"nodeID":"1323560","text":"Default Transition","type":"TA","timestamp":"2023-11-09 13:28:49"},{"nodeID":"1323561","text":"Arguing","type":"YA","timestamp":"2023-11-09 13:28:49"},{"nodeID":"1323562","text":"Edinburgh has the greatest number of Airbnb's after London","type":"I","timestamp":"2023-11-09 13:28:50"},{"nodeID":"1323563","text":"Fiona Bruce: Edinburgh has the greatest number after London","type":"L","timestamp":"2023-11-09 13:28:50"},{"nodeID":"1323564","text":"Analysing","type":"YA","timestamp":"2023-11-09 13:28:50"},{"nodeID":"1323565","text":"Calum: Fiona Bruce: Edinburgh has the greatest number after London","type":"L","timestamp":"2023-11-09 13:28:50"},{"nodeID":"1323566","text":"Asserting","type":"YA","timestamp":"2023-11-09 13:28:50"},{"nodeID":"1323567","text":"Default Transition","type":"TA","timestamp":"2023-11-09 13:28:50"},{"nodeID":"1323568","text":"Airbnb is one of these areas it is difficult for governments to start to legislate","type":"I","timestamp":"2023-11-09 13:28:50"},{"nodeID":"1323569","text":"Analysing","type":"YA","timestamp":"2023-11-09 13:28:50"},{"nodeID":"1323570","text":"Iain Anderson: It is one of these areas it is difficult for governments to start to legislate","type":"L","timestamp":"2023-11-09 13:28:50"},{"nodeID":"1323571","text":"Calum: Iain Anderson: It is one of these areas it is difficult for governments to start to legislate","type":"L","timestamp":"2023-11-09 13:28:50"},{"nodeID":"1323572","text":"Asserting","type":"YA","timestamp":"2023-11-09 13:28:50"},{"nodeID":"1323573","text":"perhaps government are going to have to intervene if it becomes difficult for people to find somewhere to live close to where they live","type":"I","timestamp":"2023-11-09 13:28:51"},{"nodeID":"1323574","text":"Iain Anderson: Perhaps they are going to have to intervene if it becomes difficult for people to find somewhere to live enclose to where they live","type":"L","timestamp":"2023-11-09 13:28:51"},{"nodeID":"1323575","text":"Calum: Iain Anderson: Perhaps they are going to have to intervene if it becomes difficult for people to find somewhere to live enclose to where they live","type":"L","timestamp":"2023-11-09 13:28:51"},{"nodeID":"1323576","text":"Analysing","type":"YA","timestamp":"2023-11-09 13:28:51"},{"nodeID":"1323577","text":"Asserting","type":"YA","timestamp":"2023-11-09 13:28:51"},{"nodeID":"1323578","text":"Default Transition","type":"TA","timestamp":"2023-11-09 13:28:51"},{"nodeID":"1323579","text":"Default Transition","type":"TA","timestamp":"2023-11-09 13:28:51"},{"nodeID":"1323580","text":"Default Rephrase","type":"MA","timestamp":"2023-11-09 13:28:51"},{"nodeID":"1323581","text":"Default Transition","type":"TA","timestamp":"2023-11-09 13:28:51"},{"nodeID":"1323582","text":"Default Illocuting","type":"YA","timestamp":"2023-11-09 13:28:51"},{"nodeID":"1323583","text":"Airbnb culture is not just a problem with Scotland, it is a problem for many places across the UK","type":"I","timestamp":"2023-11-09 13:28:51"},{"nodeID":"1323584","text":"Analysing","type":"YA","timestamp":"2023-11-09 13:28:51"},{"nodeID":"1323585","text":"Calum: Fiona Bruce: This is not just a problem with Scotland, it is a problem for many places across the UK","type":"L","timestamp":"2023-11-09 13:28:51"},{"nodeID":"1323586","text":"Fiona Bruce: This is not just a problem with Scotland, it is a problem for many places across the UK","type":"L","timestamp":"2023-11-09 13:28:51"},{"nodeID":"1323587","text":"Asserting","type":"YA","timestamp":"2023-11-09 13:28:51"},{"nodeID":"1323588","text":"you have the government","type":"I","timestamp":"2023-11-09 13:28:52"},{"nodeID":"1323589","text":"Calum: Fiona Bruce: You have the Webber government","type":"L","timestamp":"2023-11-09 13:28:52"},{"nodeID":"1323590","text":"Fiona Bruce: You have the Webber government","type":"L","timestamp":"2023-11-09 13:28:52"},{"nodeID":"1323591","text":"Analysing","type":"YA","timestamp":"2023-11-09 13:28:52"},{"nodeID":"1323592","text":"Asserting","type":"YA","timestamp":"2023-11-09 13:28:52"},{"nodeID":"1323593","text":"you have places in the south of England where a survey in Denver found a village where 95 percent of prompts were second homes","type":"I","timestamp":"2023-11-09 13:28:52"},{"nodeID":"1323594","text":"Calum: Fiona Bruce: you have places in the south of England where a survey in Denver found a village where 95 percent of prompts were second homes","type":"L","timestamp":"2023-11-09 13:28:52"},{"nodeID":"1323595","text":"Analysing","type":"YA","timestamp":"2023-11-09 13:28:52"},{"nodeID":"1323596","text":"Fiona Bruce: you have places in the south of England where a survey in Denver found a village where 95 percent of prompts were second homes","type":"L","timestamp":"2023-11-09 13:28:52"},{"nodeID":"1323597","text":"Asserting","type":"YA","timestamp":"2023-11-09 13:28:53"},{"nodeID":"1323598","text":"xxx can be done about Airbnb culture","type":"I","timestamp":"2023-11-09 13:28:53"},{"nodeID":"1323599","text":"Analysing","type":"YA","timestamp":"2023-11-09 13:28:53"},{"nodeID":"1323600","text":"Fiona Bruce: Whether or not can be done about it","type":"L","timestamp":"2023-11-09 13:28:53"},{"nodeID":"1323601","text":"Calum: Fiona Bruce: Whether or not can be done about it","type":"L","timestamp":"2023-11-09 13:28:53"},{"nodeID":"1323602","text":"Pure Questioning","type":"YA","timestamp":"2023-11-09 13:28:53"},{"nodeID":"1323603","text":"Iain Anderson is not in favour of market intervention","type":"I","timestamp":"2023-11-09 13:28:54"},{"nodeID":"1323604","text":"Iain Anderson: What I'm not if favour of is a market intervention","type":"L","timestamp":"2023-11-09 13:28:54"},{"nodeID":"1323605","text":"Analysing","type":"YA","timestamp":"2023-11-09 13:28:54"},{"nodeID":"1323606","text":"Calum: Iain Anderson: What I'm not if favour of is a market intervention","type":"L","timestamp":"2023-11-09 13:28:54"},{"nodeID":"1323607","text":"Asserting","type":"YA","timestamp":"2023-11-09 13:28:54"},{"nodeID":"1323608","text":"a cap is market intervention","type":"I","timestamp":"2023-11-09 13:28:54"},{"nodeID":"1323609","text":"Fiona Bruce: A cap","type":"L","timestamp":"2023-11-09 13:28:54"},{"nodeID":"1323610","text":"Calum: Fiona Bruce: A cap","type":"L","timestamp":"2023-11-09 13:28:54"},{"nodeID":"1323611","text":"Analysing","type":"YA","timestamp":"2023-11-09 13:28:54"},{"nodeID":"1323612","text":"Asserting","type":"YA","timestamp":"2023-11-09 13:28:54"},{"nodeID":"1323613","text":"Default Transition","type":"TA","timestamp":"2023-11-09 13:28:54"},{"nodeID":"1323614","text":"Default Inference","type":"RA","timestamp":"2023-11-09 13:28:54"},{"nodeID":"1323615","text":"Default Transition","type":"TA","timestamp":"2023-11-09 13:28:54"},{"nodeID":"1323616","text":"Default Rephrase","type":"MA","timestamp":"2023-11-09 13:28:54"},{"nodeID":"1323617","text":"Restating","type":"YA","timestamp":"2023-11-09 13:28:54"},{"nodeID":"1323618","text":"Default Transition","type":"TA","timestamp":"2023-11-09 13:28:54"},{"nodeID":"1323619","text":"Default Transition","type":"TA","timestamp":"2023-11-09 13:28:54"},{"nodeID":"1323620","text":"Default Transition","type":"TA","timestamp":"2023-11-09 13:28:54"},{"nodeID":"1323621","text":"Default Inference","type":"RA","timestamp":"2023-11-09 13:28:54"},{"nodeID":"1323622","text":"Arguing","type":"YA","timestamp":"2023-11-09 13:28:54"},{"nodeID":"1323623","text":"Default Transition","type":"TA","timestamp":"2023-11-09 13:28:54"},{"nodeID":"1323624","text":"Default Transition","type":"TA","timestamp":"2023-11-09 13:28:54"}],"edges":[{"edgeID":"1736720","fromID":"1323486","toID":"1323484","formEdgeID":null},{"edgeID":"1736721","fromID":"1323485","toID":"1323486","formEdgeID":null},{"edgeID":"1736722","fromID":"1323484","toID":"1323487","formEdgeID":null},{"edgeID":"1736723","fromID":"1323487","toID":"1323483","formEdgeID":null},{"edgeID":"1736724","fromID":"1323489","toID":"1323490","formEdgeID":null},{"edgeID":"1736725","fromID":"1323491","toID":"1323489","formEdgeID":null},{"edgeID":"1736726","fromID":"1323490","toID":"1323492","formEdgeID":null},{"edgeID":"1736727","fromID":"1323492","toID":"1323488","formEdgeID":null},{"edgeID":"1736728","fromID":"1323496","toID":"1323495","formEdgeID":null},{"edgeID":"1736729","fromID":"1323495","toID":"1323494","formEdgeID":null},{"edgeID":"1736730","fromID":"1323494","toID":"1323497","formEdgeID":null},{"edgeID":"1736731","fromID":"1323497","toID":"1323493","formEdgeID":null},{"edgeID":"1736732","fromID":"1323484","toID":"1323498","formEdgeID":null},{"edgeID":"1736733","fromID":"1323498","toID":"1323490","formEdgeID":null},{"edgeID":"1736734","fromID":"1323499","toID":"1323494","formEdgeID":null},{"edgeID":"1736735","fromID":"1323490","toID":"1323499","formEdgeID":null},{"edgeID":"1736736","fromID":"1323502","toID":"1323501","formEdgeID":null},{"edgeID":"1736737","fromID":"1323503","toID":"1323502","formEdgeID":null},{"edgeID":"1736738","fromID":"1323504","toID":"1323500","formEdgeID":null},{"edgeID":"1736739","fromID":"1323501","toID":"1323504","formEdgeID":null},{"edgeID":"1736740","fromID":"1323507","toID":"1323506","formEdgeID":null},{"edgeID":"1736741","fromID":"1323508","toID":"1323507","formEdgeID":null},{"edgeID":"1736742","fromID":"1323506","toID":"1323509","formEdgeID":null},{"edgeID":"1736743","fromID":"1323509","toID":"1323505","formEdgeID":null},{"edgeID":"1736744","fromID":"1323512","toID":"1323511","formEdgeID":null},{"edgeID":"1736745","fromID":"1323513","toID":"1323512","formEdgeID":null},{"edgeID":"1736746","fromID":"1323511","toID":"1323514","formEdgeID":null},{"edgeID":"1736747","fromID":"1323514","toID":"1323510","formEdgeID":null},{"edgeID":"1736748","fromID":"1323515","toID":"1323511","formEdgeID":null},{"edgeID":"1736749","fromID":"1323494","toID":"1323515","formEdgeID":null},{"edgeID":"1736750","fromID":"1323516","toID":"1323501","formEdgeID":null},{"edgeID":"1736751","fromID":"1323511","toID":"1323516","formEdgeID":null},{"edgeID":"1736752","fromID":"1323500","toID":"1323517","formEdgeID":null},{"edgeID":"1736753","fromID":"1323517","toID":"1323510","formEdgeID":null},{"edgeID":"1736754","fromID":"1323516","toID":"1323518","formEdgeID":null},{"edgeID":"1736755","fromID":"1323518","toID":"1323517","formEdgeID":null},{"edgeID":"1736756","fromID":"1323501","toID":"1323519","formEdgeID":null},{"edgeID":"1736757","fromID":"1323519","toID":"1323506","formEdgeID":null},{"edgeID":"1736758","fromID":"1323522","toID":"1323521","formEdgeID":null},{"edgeID":"1736759","fromID":"1323523","toID":"1323522","formEdgeID":null},{"edgeID":"1736760","fromID":"1323521","toID":"1323524","formEdgeID":null},{"edgeID":"1736761","fromID":"1323524","toID":"1323520","formEdgeID":null},{"edgeID":"1736762","fromID":"1323506","toID":"1323525","formEdgeID":null},{"edgeID":"1736763","fromID":"1323525","toID":"1323521","formEdgeID":null},{"edgeID":"1736764","fromID":"1323520","toID":"1323526","formEdgeID":null},{"edgeID":"1736765","fromID":"1323526","toID":"1323505","formEdgeID":null},{"edgeID":"1736766","fromID":"1323525","toID":"1323527","formEdgeID":null},{"edgeID":"1736767","fromID":"1323527","toID":"1323526","formEdgeID":null},{"edgeID":"1736768","fromID":"1323530","toID":"1323529","formEdgeID":null},{"edgeID":"1736769","fromID":"1323531","toID":"1323530","formEdgeID":null},{"edgeID":"1736770","fromID":"1323529","toID":"1323532","formEdgeID":null},{"edgeID":"1736771","fromID":"1323532","toID":"1323528","formEdgeID":null},{"edgeID":"1736772","fromID":"1323535","toID":"1323534","formEdgeID":null},{"edgeID":"1736773","fromID":"1323536","toID":"1323535","formEdgeID":null},{"edgeID":"1736774","fromID":"1323534","toID":"1323537","formEdgeID":null},{"edgeID":"1736775","fromID":"1323537","toID":"1323533","formEdgeID":null},{"edgeID":"1736776","fromID":"1323541","toID":"1323540","formEdgeID":null},{"edgeID":"1736777","fromID":"1323540","toID":"1323539","formEdgeID":null},{"edgeID":"1736778","fromID":"1323539","toID":"1323542","formEdgeID":null},{"edgeID":"1736779","fromID":"1323542","toID":"1323538","formEdgeID":null},{"edgeID":"1736780","fromID":"1323544","toID":"1323545","formEdgeID":null},{"edgeID":"1736781","fromID":"1323545","toID":"1323546","formEdgeID":null},{"edgeID":"1736782","fromID":"1323546","toID":"1323547","formEdgeID":null},{"edgeID":"1736783","fromID":"1323547","toID":"1323543","formEdgeID":null},{"edgeID":"1736784","fromID":"1323549","toID":"1323550","formEdgeID":null},{"edgeID":"1736785","fromID":"1323551","toID":"1323549","formEdgeID":null},{"edgeID":"1736786","fromID":"1323550","toID":"1323552","formEdgeID":null},{"edgeID":"1736787","fromID":"1323552","toID":"1323548","formEdgeID":null},{"edgeID":"1736788","fromID":"1323521","toID":"1323553","formEdgeID":null},{"edgeID":"1736789","fromID":"1323553","toID":"1323529","formEdgeID":null},{"edgeID":"1736790","fromID":"1323554","toID":"1323534","formEdgeID":null},{"edgeID":"1736791","fromID":"1323529","toID":"1323554","formEdgeID":null},{"edgeID":"1736792","fromID":"1323534","toID":"1323555","formEdgeID":null},{"edgeID":"1736793","fromID":"1323555","toID":"1323539","formEdgeID":null},{"edgeID":"1736794","fromID":"1323538","toID":"1323556","formEdgeID":null},{"edgeID":"1736795","fromID":"1323556","toID":"1323533","formEdgeID":null},{"edgeID":"1736796","fromID":"1323555","toID":"1323557","formEdgeID":null},{"edgeID":"1736797","fromID":"1323557","toID":"1323556","formEdgeID":null},{"edgeID":"1736798","fromID":"1323539","toID":"1323558","formEdgeID":null},{"edgeID":"1736799","fromID":"1323558","toID":"1323546","formEdgeID":null},{"edgeID":"1736800","fromID":"1323548","toID":"1323559","formEdgeID":null},{"edgeID":"1736801","fromID":"1323559","toID":"1323538","formEdgeID":null},{"edgeID":"1736802","fromID":"1323543","toID":"1323559","formEdgeID":null},{"edgeID":"1736803","fromID":"1323539","toID":"1323560","formEdgeID":null},{"edgeID":"1736804","fromID":"1323560","toID":"1323550","formEdgeID":null},{"edgeID":"1736805","fromID":"1323561","toID":"1323559","formEdgeID":null},{"edgeID":"1736806","fromID":"1323560","toID":"1323561","formEdgeID":null},{"edgeID":"1736807","fromID":"1323564","toID":"1323563","formEdgeID":null},{"edgeID":"1736808","fromID":"1323565","toID":"1323564","formEdgeID":null},{"edgeID":"1736809","fromID":"1323566","toID":"1323562","formEdgeID":null},{"edgeID":"1736810","fromID":"1323563","toID":"1323566","formEdgeID":null},{"edgeID":"1736811","fromID":"1323550","toID":"1323567","formEdgeID":null},{"edgeID":"1736812","fromID":"1323567","toID":"1323563","formEdgeID":null},{"edgeID":"1736813","fromID":"1323571","toID":"1323569","formEdgeID":null},{"edgeID":"1736814","fromID":"1323569","toID":"1323570","formEdgeID":null},{"edgeID":"1736815","fromID":"1323570","toID":"1323572","formEdgeID":null},{"edgeID":"1736816","fromID":"1323572","toID":"1323568","formEdgeID":null},{"edgeID":"1736817","fromID":"1323575","toID":"1323576","formEdgeID":null},{"edgeID":"1736818","fromID":"1323576","toID":"1323574","formEdgeID":null},{"edgeID":"1736819","fromID":"1323574","toID":"1323577","formEdgeID":null},{"edgeID":"1736820","fromID":"1323577","toID":"1323573","formEdgeID":null},{"edgeID":"1736821","fromID":"1323570","toID":"1323578","formEdgeID":null},{"edgeID":"1736822","fromID":"1323578","toID":"1323574","formEdgeID":null},{"edgeID":"1736823","fromID":"1323563","toID":"1323579","formEdgeID":null},{"edgeID":"1736824","fromID":"1323579","toID":"1323570","formEdgeID":null},{"edgeID":"1736825","fromID":"1323573","toID":"1323580","formEdgeID":null},{"edgeID":"1736826","fromID":"1323580","toID":"1323483","formEdgeID":null},{"edgeID":"1736827","fromID":"1323484","toID":"1323581","formEdgeID":null},{"edgeID":"1736828","fromID":"1323581","toID":"1323574","formEdgeID":null},{"edgeID":"1736829","fromID":"1323581","toID":"1323582","formEdgeID":null},{"edgeID":"1736830","fromID":"1323582","toID":"1323580","formEdgeID":null},{"edgeID":"1736831","fromID":"1323584","toID":"1323586","formEdgeID":null},{"edgeID":"1736832","fromID":"1323585","toID":"1323584","formEdgeID":null},{"edgeID":"1736833","fromID":"1323586","toID":"1323587","formEdgeID":null},{"edgeID":"1736834","fromID":"1323587","toID":"1323583","formEdgeID":null},{"edgeID":"1736835","fromID":"1323591","toID":"1323590","formEdgeID":null},{"edgeID":"1736836","fromID":"1323589","toID":"1323591","formEdgeID":null},{"edgeID":"1736837","fromID":"1323590","toID":"1323592","formEdgeID":null},{"edgeID":"1736838","fromID":"1323592","toID":"1323588","formEdgeID":null},{"edgeID":"1736839","fromID":"1323595","toID":"1323596","formEdgeID":null},{"edgeID":"1736840","fromID":"1323594","toID":"1323595","formEdgeID":null},{"edgeID":"1736841","fromID":"1323596","toID":"1323597","formEdgeID":null},{"edgeID":"1736842","fromID":"1323597","toID":"1323593","formEdgeID":null},{"edgeID":"1736843","fromID":"1323601","toID":"1323599","formEdgeID":null},{"edgeID":"1736844","fromID":"1323599","toID":"1323600","formEdgeID":null},{"edgeID":"1736845","fromID":"1323600","toID":"1323602","formEdgeID":null},{"edgeID":"1736846","fromID":"1323602","toID":"1323598","formEdgeID":null},{"edgeID":"1736847","fromID":"1323605","toID":"1323604","formEdgeID":null},{"edgeID":"1736848","fromID":"1323606","toID":"1323605","formEdgeID":null},{"edgeID":"1736849","fromID":"1323604","toID":"1323607","formEdgeID":null},{"edgeID":"1736850","fromID":"1323607","toID":"1323603","formEdgeID":null},{"edgeID":"1736851","fromID":"1323610","toID":"1323611","formEdgeID":null},{"edgeID":"1736852","fromID":"1323611","toID":"1323609","formEdgeID":null},{"edgeID":"1736853","fromID":"1323609","toID":"1323612","formEdgeID":null},{"edgeID":"1736854","fromID":"1323612","toID":"1323608","formEdgeID":null},{"edgeID":"1736855","fromID":"1323484","toID":"1323613","formEdgeID":null},{"edgeID":"1736856","fromID":"1323613","toID":"1323604","formEdgeID":null},{"edgeID":"1736857","fromID":"1323603","toID":"1323614","formEdgeID":null},{"edgeID":"1736858","fromID":"1323614","toID":"1323483","formEdgeID":null},{"edgeID":"1736859","fromID":"1323604","toID":"1323615","formEdgeID":null},{"edgeID":"1736860","fromID":"1323615","toID":"1323609","formEdgeID":null},{"edgeID":"1736861","fromID":"1323608","toID":"1323616","formEdgeID":null},{"edgeID":"1736862","fromID":"1323616","toID":"1323603","formEdgeID":null},{"edgeID":"1736863","fromID":"1323615","toID":"1323617","formEdgeID":null},{"edgeID":"1736864","fromID":"1323617","toID":"1323616","formEdgeID":null},{"edgeID":"1736865","fromID":"1323574","toID":"1323618","formEdgeID":null},{"edgeID":"1736866","fromID":"1323618","toID":"1323586","formEdgeID":null},{"edgeID":"1736867","fromID":"1323586","toID":"1323619","formEdgeID":null},{"edgeID":"1736868","fromID":"1323619","toID":"1323590","formEdgeID":null},{"edgeID":"1736869","fromID":"1323590","toID":"1323620","formEdgeID":null},{"edgeID":"1736870","fromID":"1323620","toID":"1323596","formEdgeID":null},{"edgeID":"1736871","fromID":"1323621","toID":"1323583","formEdgeID":null},{"edgeID":"1736872","fromID":"1323588","toID":"1323621","formEdgeID":null},{"edgeID":"1736873","fromID":"1323593","toID":"1323621","formEdgeID":null},{"edgeID":"1736874","fromID":"1323620","toID":"1323622","formEdgeID":null},{"edgeID":"1736875","fromID":"1323622","toID":"1323621","formEdgeID":null},{"edgeID":"1736876","fromID":"1323623","toID":"1323600","formEdgeID":null},{"edgeID":"1736877","fromID":"1323596","toID":"1323623","formEdgeID":null},{"edgeID":"1736878","fromID":"1323600","toID":"1323624","formEdgeID":null},{"edgeID":"1736879","fromID":"1323624","toID":"1323604","formEdgeID":null}],"locutions":[]}