{"nodes":[{"nodeID":"265826","text":"we need to build more homes","type":"I","timestamp":"2017-03-30 14:09:54"},{"nodeID":"1323293","text":"there should or shouldn't be a cap on the number of holiday homes and student housing","type":"I","timestamp":"2023-11-09 13:28:27"},{"nodeID":"1323294","text":"Fiona Bruce: Should there be a cap on the number of holiday homes and student housing","type":"L","timestamp":"2023-11-09 13:28:27"},{"nodeID":"1323295","text":"Analysing","type":"YA","timestamp":"2023-11-09 13:28:27"},{"nodeID":"1323296","text":"Anon: Fiona Bruce: Should there be a cap on the number of holiday homes and student housing","type":"L","timestamp":"2023-11-09 13:28:27"},{"nodeID":"1323297","text":"Pure Questioning","type":"YA","timestamp":"2023-11-09 13:28:27"},{"nodeID":"1323298","text":"Stephen Kerr: We need to build more homes","type":"L","timestamp":"2023-11-09 13:28:27"},{"nodeID":"1323299","text":"Analysing","type":"YA","timestamp":"2023-11-09 13:28:27"},{"nodeID":"1323300","text":"Anon: Stephen Kerr: We need to build more homes","type":"L","timestamp":"2023-11-09 13:28:27"},{"nodeID":"1323301","text":"Asserting","type":"YA","timestamp":"2023-11-09 13:28:27"},{"nodeID":"1323302","text":"Fiona Bruce: Whether or not about a cap","type":"L","timestamp":"2023-11-09 13:28:27"},{"nodeID":"1323303","text":"Analysing","type":"YA","timestamp":"2023-11-09 13:28:27"},{"nodeID":"1323304","text":"Anon: Fiona Bruce: Whether or not about a cap","type":"L","timestamp":"2023-11-09 13:28:27"},{"nodeID":"1323305","text":"Pure Questioning","type":"YA","timestamp":"2023-11-09 13:28:27"},{"nodeID":"1323306","text":"Default Transition","type":"TA","timestamp":"2023-11-09 13:28:27"},{"nodeID":"1323307","text":"Default Rephrase","type":"MA","timestamp":"2023-11-09 13:28:27"},{"nodeID":"1323308","text":"Default Transition","type":"TA","timestamp":"2023-11-09 13:28:27"},{"nodeID":"1323309","text":"Restating","type":"YA","timestamp":"2023-11-09 13:28:27"},{"nodeID":"1323310","text":"Stephen Kerr is not drawn to the idea of the kind of regulation of a cap on something","type":"I","timestamp":"2023-11-09 13:28:28"},{"nodeID":"1323311","text":"Stephen Kerr: I'm not drawn to the idea of that kind of regulation","type":"L","timestamp":"2023-11-09 13:28:28"},{"nodeID":"1323312","text":"Analysing","type":"YA","timestamp":"2023-11-09 13:28:28"},{"nodeID":"1323313","text":"Anon: Stephen Kerr: I'm not drawn to the idea of that kind of regulation","type":"L","timestamp":"2023-11-09 13:28:28"},{"nodeID":"1323314","text":"Asserting","type":"YA","timestamp":"2023-11-09 13:28:28"},{"nodeID":"1323315","text":"Default Rephrase","type":"MA","timestamp":"2023-11-09 13:28:28"},{"nodeID":"1323316","text":"Default Transition","type":"TA","timestamp":"2023-11-09 13:28:28"},{"nodeID":"1323317","text":"Default Illocuting","type":"YA","timestamp":"2023-11-09 13:28:28"},{"nodeID":"1323318","text":"Stephen Kerr would rather deal with the root issues","type":"I","timestamp":"2023-11-09 13:28:29"},{"nodeID":"1323319","text":"Stephen Kerr: I would rather deal with the root issues","type":"L","timestamp":"2023-11-09 13:28:29"},{"nodeID":"1323320","text":"Analysing","type":"YA","timestamp":"2023-11-09 13:28:29"},{"nodeID":"1323321","text":"Anon: Stephen Kerr: I would rather deal with the root issues","type":"L","timestamp":"2023-11-09 13:28:29"},{"nodeID":"1323322","text":"Asserting","type":"YA","timestamp":"2023-11-09 13:28:29"},{"nodeID":"1323323","text":"the last Scottish election, which was last year, the Scottish Conservatives came forward with the most ambitious programme for building houses, including social housing","type":"I","timestamp":"2023-11-09 13:28:29"},{"nodeID":"1323324","text":"Stephen Kerr: the last Scottish election, which was last year, the Scottish Conservatives came forward with the most ambitious programme for building houses, including social housing","type":"L","timestamp":"2023-11-09 13:28:29"},{"nodeID":"1323325","text":"Analysing","type":"YA","timestamp":"2023-11-09 13:28:29"},{"nodeID":"1323326","text":"Anon: Stephen Kerr: the last Scottish election, which was last year, the Scottish Conservatives came forward with the most ambitious programme for building houses, including social housing","type":"L","timestamp":"2023-11-09 13:28:29"},{"nodeID":"1323327","text":"Asserting","type":"YA","timestamp":"2023-11-09 13:28:29"},{"nodeID":"1323328","text":"Default Inference","type":"RA","timestamp":"2023-11-09 13:28:29"},{"nodeID":"1323329","text":"Default Transition","type":"TA","timestamp":"2023-11-09 13:28:29"},{"nodeID":"1323330","text":"Arguing","type":"YA","timestamp":"2023-11-09 13:28:29"},{"nodeID":"1323331","text":"the root issue is there aren't enough homes in Scotland","type":"I","timestamp":"2023-11-09 13:28:30"},{"nodeID":"1323332","text":"Stephen Kerr: The root issue is there aren't enough homes in Scotland","type":"L","timestamp":"2023-11-09 13:28:30"},{"nodeID":"1323333","text":"Analysing","type":"YA","timestamp":"2023-11-09 13:28:30"},{"nodeID":"1323334","text":"Anon: Stephen Kerr: The root issue is there aren't enough homes in Scotland","type":"L","timestamp":"2023-11-09 13:28:30"},{"nodeID":"1323335","text":"Asserting","type":"YA","timestamp":"2023-11-09 13:28:30"},{"nodeID":"1323336","text":"we need to build more homes, generally, of all sorts","type":"I","timestamp":"2023-11-09 13:28:30"},{"nodeID":"1323337","text":"Stephen Kerr: we need to build more homes, generally, of all sorts","type":"L","timestamp":"2023-11-09 13:28:30"},{"nodeID":"1323338","text":"Analysing","type":"YA","timestamp":"2023-11-09 13:28:30"},{"nodeID":"1323339","text":"Anon: Stephen Kerr: we need to build more homes, generally, of all sorts","type":"L","timestamp":"2023-11-09 13:28:30"},{"nodeID":"1323340","text":"Asserting","type":"YA","timestamp":"2023-11-09 13:28:30"},{"nodeID":"1323341","text":"Default Transition","type":"TA","timestamp":"2023-11-09 13:28:30"},{"nodeID":"1323342","text":"Default Inference","type":"RA","timestamp":"2023-11-09 13:28:30"},{"nodeID":"1323343","text":"Default Transition","type":"TA","timestamp":"2023-11-09 13:28:30"},{"nodeID":"1323344","text":"Arguing","type":"YA","timestamp":"2023-11-09 13:28:30"},{"nodeID":"1323345","text":"Default Transition","type":"TA","timestamp":"2023-11-09 13:28:30"},{"nodeID":"1323346","text":"Default Inference","type":"RA","timestamp":"2023-11-09 13:28:30"},{"nodeID":"1323347","text":"Arguing","type":"YA","timestamp":"2023-11-09 13:28:30"},{"nodeID":"1323348","text":"Default Rephrase","type":"MA","timestamp":"2023-11-09 13:28:30"},{"nodeID":"1323349","text":"Default Transition","type":"TA","timestamp":"2023-11-09 13:28:30"},{"nodeID":"1323350","text":"Restating","type":"YA","timestamp":"2023-11-09 13:28:30"},{"nodeID":"1323351","text":"Default Rephrase","type":"MA","timestamp":"2023-11-09 13:28:30"},{"nodeID":"1323352","text":"Restating","type":"YA","timestamp":"2023-11-09 13:28:30"}],"edges":[{"edgeID":"1736497","fromID":"1323295","toID":"1323294","formEdgeID":null},{"edgeID":"1736498","fromID":"1323296","toID":"1323295","formEdgeID":null},{"edgeID":"1736499","fromID":"1323294","toID":"1323297","formEdgeID":null},{"edgeID":"1736500","fromID":"1323297","toID":"1323293","formEdgeID":null},{"edgeID":"1736501","fromID":"1323299","toID":"1323298","formEdgeID":null},{"edgeID":"1736502","fromID":"1323300","toID":"1323299","formEdgeID":null},{"edgeID":"1736503","fromID":"1323298","toID":"1323301","formEdgeID":null},{"edgeID":"1736504","fromID":"1323301","toID":"265826","formEdgeID":null},{"edgeID":"1736505","fromID":"1323303","toID":"1323302","formEdgeID":null},{"edgeID":"1736506","fromID":"1323304","toID":"1323303","formEdgeID":null},{"edgeID":"1736507","fromID":"1323302","toID":"1323305","formEdgeID":null},{"edgeID":"1736508","fromID":"1323305","toID":"1323293","formEdgeID":null},{"edgeID":"1736509","fromID":"1323294","toID":"1323306","formEdgeID":null},{"edgeID":"1736510","fromID":"1323306","toID":"1323298","formEdgeID":null},{"edgeID":"1736511","fromID":"1323293","toID":"1323307","formEdgeID":null},{"edgeID":"1736512","fromID":"1323307","toID":"1323293","formEdgeID":null},{"edgeID":"1736513","fromID":"1323294","toID":"1323308","formEdgeID":null},{"edgeID":"1736514","fromID":"1323308","toID":"1323302","formEdgeID":null},{"edgeID":"1736515","fromID":"1323308","toID":"1323309","formEdgeID":null},{"edgeID":"1736516","fromID":"1323309","toID":"1323307","formEdgeID":null},{"edgeID":"1736517","fromID":"1323312","toID":"1323311","formEdgeID":null},{"edgeID":"1736518","fromID":"1323313","toID":"1323312","formEdgeID":null},{"edgeID":"1736519","fromID":"1323311","toID":"1323314","formEdgeID":null},{"edgeID":"1736520","fromID":"1323314","toID":"1323310","formEdgeID":null},{"edgeID":"1736521","fromID":"1323310","toID":"1323315","formEdgeID":null},{"edgeID":"1736522","fromID":"1323315","toID":"1323293","formEdgeID":null},{"edgeID":"1736523","fromID":"1323302","toID":"1323316","formEdgeID":null},{"edgeID":"1736524","fromID":"1323316","toID":"1323311","formEdgeID":null},{"edgeID":"1736525","fromID":"1323316","toID":"1323317","formEdgeID":null},{"edgeID":"1736526","fromID":"1323317","toID":"1323315","formEdgeID":null},{"edgeID":"1736527","fromID":"1323320","toID":"1323319","formEdgeID":null},{"edgeID":"1736528","fromID":"1323321","toID":"1323320","formEdgeID":null},{"edgeID":"1736529","fromID":"1323319","toID":"1323322","formEdgeID":null},{"edgeID":"1736530","fromID":"1323322","toID":"1323318","formEdgeID":null},{"edgeID":"1736531","fromID":"1323325","toID":"1323324","formEdgeID":null},{"edgeID":"1736532","fromID":"1323326","toID":"1323325","formEdgeID":null},{"edgeID":"1736533","fromID":"1323324","toID":"1323327","formEdgeID":null},{"edgeID":"1736534","fromID":"1323327","toID":"1323323","formEdgeID":null},{"edgeID":"1736535","fromID":"1323318","toID":"1323328","formEdgeID":null},{"edgeID":"1736536","fromID":"1323328","toID":"1323310","formEdgeID":null},{"edgeID":"1736537","fromID":"1323311","toID":"1323329","formEdgeID":null},{"edgeID":"1736538","fromID":"1323329","toID":"1323319","formEdgeID":null},{"edgeID":"1736539","fromID":"1323329","toID":"1323330","formEdgeID":null},{"edgeID":"1736540","fromID":"1323330","toID":"1323328","formEdgeID":null},{"edgeID":"1736541","fromID":"1323333","toID":"1323332","formEdgeID":null},{"edgeID":"1736542","fromID":"1323334","toID":"1323333","formEdgeID":null},{"edgeID":"1736543","fromID":"1323332","toID":"1323335","formEdgeID":null},{"edgeID":"1736544","fromID":"1323335","toID":"1323331","formEdgeID":null},{"edgeID":"1736545","fromID":"1323338","toID":"1323337","formEdgeID":null},{"edgeID":"1736546","fromID":"1323339","toID":"1323338","formEdgeID":null},{"edgeID":"1736547","fromID":"1323337","toID":"1323340","formEdgeID":null},{"edgeID":"1736548","fromID":"1323340","toID":"1323336","formEdgeID":null},{"edgeID":"1736549","fromID":"1323319","toID":"1323341","formEdgeID":null},{"edgeID":"1736550","fromID":"1323341","toID":"1323332","formEdgeID":null},{"edgeID":"1736551","fromID":"1323336","toID":"1323342","formEdgeID":null},{"edgeID":"1736552","fromID":"1323342","toID":"1323323","formEdgeID":null},{"edgeID":"1736553","fromID":"1323337","toID":"1323343","formEdgeID":null},{"edgeID":"1736554","fromID":"1323343","toID":"1323324","formEdgeID":null},{"edgeID":"1736555","fromID":"1323343","toID":"1323344","formEdgeID":null},{"edgeID":"1736556","fromID":"1323344","toID":"1323342","formEdgeID":null},{"edgeID":"1736557","fromID":"1323332","toID":"1323345","formEdgeID":null},{"edgeID":"1736558","fromID":"1323345","toID":"1323337","formEdgeID":null},{"edgeID":"1736559","fromID":"1323331","toID":"1323346","formEdgeID":null},{"edgeID":"1736560","fromID":"1323346","toID":"1323336","formEdgeID":null},{"edgeID":"1736561","fromID":"1323345","toID":"1323347","formEdgeID":null},{"edgeID":"1736562","fromID":"1323347","toID":"1323346","formEdgeID":null},{"edgeID":"1736563","fromID":"1323336","toID":"1323348","formEdgeID":null},{"edgeID":"1736564","fromID":"1323348","toID":"265826","formEdgeID":null},{"edgeID":"1736565","fromID":"1323298","toID":"1323349","formEdgeID":null},{"edgeID":"1736566","fromID":"1323349","toID":"1323337","formEdgeID":null},{"edgeID":"1736567","fromID":"1323349","toID":"1323350","formEdgeID":null},{"edgeID":"1736568","fromID":"1323350","toID":"1323348","formEdgeID":null},{"edgeID":"1736569","fromID":"1323331","toID":"1323351","formEdgeID":null},{"edgeID":"1736570","fromID":"1323351","toID":"1323318","formEdgeID":null},{"edgeID":"1736571","fromID":"1323341","toID":"1323352","formEdgeID":null},{"edgeID":"1736572","fromID":"1323352","toID":"1323351","formEdgeID":null}],"locutions":[]}