{"nodes":[{"nodeID":"1322256","text":"we have so many natural resources right on our doorstep","type":"I","timestamp":"2023-11-09 13:27:01"},{"nodeID":"1322257","text":"AudienceMember 20220707QT24: we have so many natural resources right on our doorstep","type":"L","timestamp":"2023-11-09 13:27:01"},{"nodeID":"1322258","text":"Analysing","type":"YA","timestamp":"2023-11-09 13:27:01"},{"nodeID":"1322259","text":"Pawe\u0142: AudienceMember 20220707QT24: we have so many natural resources right on our doorstep","type":"L","timestamp":"2023-11-09 13:27:01"},{"nodeID":"1322260","text":"Asserting","type":"YA","timestamp":"2023-11-09 13:27:01"},{"nodeID":"1322261","text":"we are shipping in at 450p a therm gas and crude oil from the gulf of Mexico because xxx","type":"I","timestamp":"2023-11-09 13:27:01"},{"nodeID":"1322262","text":"Pawe\u0142: AudienceMember 20220707QT24: why are we shipping in at 450p a therm gas and would oil from the gulf of Mexico","type":"L","timestamp":"2023-11-09 13:27:01"},{"nodeID":"1322263","text":"AudienceMember 20220707QT24: why are we shipping in at 450p a therm gas and would oil from the gulf of Mexico","type":"L","timestamp":"2023-11-09 13:27:01"},{"nodeID":"1322264","text":"Analysing","type":"YA","timestamp":"2023-11-09 13:27:01"},{"nodeID":"1322265","text":"Pure Questioning","type":"YA","timestamp":"2023-11-09 13:27:01"},{"nodeID":"1322266","text":"Default Transition","type":"TA","timestamp":"2023-11-09 13:27:01"},{"nodeID":"1322267","text":"shipping gas and oil from the gulf of Mexico doesn't make sense","type":"I","timestamp":"2023-11-09 13:27:02"},{"nodeID":"1322268","text":"Analysing","type":"YA","timestamp":"2023-11-09 13:27:02"},{"nodeID":"1322269","text":"Pawe\u0142: AudienceMember 20220707QT24: It just doesn't make sense","type":"L","timestamp":"2023-11-09 13:27:02"},{"nodeID":"1322270","text":"AudienceMember 20220707QT24: It just doesn't make sense","type":"L","timestamp":"2023-11-09 13:27:02"},{"nodeID":"1322271","text":"Asserting","type":"YA","timestamp":"2023-11-09 13:27:02"},{"nodeID":"1322272","text":"Default Transition","type":"TA","timestamp":"2023-11-09 13:27:02"},{"nodeID":"1322273","text":"Default Inference","type":"RA","timestamp":"2023-11-09 13:27:02"},{"nodeID":"1322274","text":"Arguing","type":"YA","timestamp":"2023-11-09 13:27:02"},{"nodeID":"1322275","text":"the Scottish government does not support the oil and gas industry because xxx","type":"I","timestamp":"2023-11-09 13:27:02"},{"nodeID":"1322276","text":"AudienceMember 20220707QT24: Why does the Scottish government not support the oil and gas industry","type":"L","timestamp":"2023-11-09 13:27:02"},{"nodeID":"1322277","text":"Analysing","type":"YA","timestamp":"2023-11-09 13:27:02"},{"nodeID":"1322278","text":"Pawe\u0142: AudienceMember 20220707QT24: Why does the Scottish government not support the oil and gas industry","type":"L","timestamp":"2023-11-09 13:27:02"},{"nodeID":"1322279","text":"Pure Questioning","type":"YA","timestamp":"2023-11-09 13:27:02"},{"nodeID":"1322280","text":"Default Transition","type":"TA","timestamp":"2023-11-09 13:27:02"},{"nodeID":"1322281","text":"the way we calculate increases is grossly unfair","type":"I","timestamp":"2023-11-09 13:27:03"},{"nodeID":"1322282","text":"AudienceMember 20220707QT25: the way we calculate increases is grossly unfair","type":"L","timestamp":"2023-11-09 13:27:03"},{"nodeID":"1322283","text":"Asserting","type":"YA","timestamp":"2023-11-09 13:27:03"},{"nodeID":"1322284","text":"Analysing","type":"YA","timestamp":"2023-11-09 13:27:03"},{"nodeID":"1322285","text":"Pawe\u0142: AudienceMember 20220707QT25: the way we calculate increases is grossly unfair","type":"L","timestamp":"2023-11-09 13:27:03"},{"nodeID":"1322286","text":"Default Transition","type":"TA","timestamp":"2023-11-09 13:27:03"},{"nodeID":"1322287","text":"the way we calculate increases is tipped toward the wealthier end of the spectrum","type":"I","timestamp":"2023-11-09 13:27:04"},{"nodeID":"1322288","text":"AudienceMember 20220707QT25: It is tipped toward the wealthier end of the spectrum","type":"L","timestamp":"2023-11-09 13:27:04"},{"nodeID":"1322289","text":"Analysing","type":"YA","timestamp":"2023-11-09 13:27:04"},{"nodeID":"1322290","text":"Pawe\u0142: AudienceMember 20220707QT25: It is tipped toward the wealthier end of the spectrum","type":"L","timestamp":"2023-11-09 13:27:04"},{"nodeID":"1322291","text":"Asserting","type":"YA","timestamp":"2023-11-09 13:27:04"},{"nodeID":"1322292","text":"Default Transition","type":"TA","timestamp":"2023-11-09 13:27:04"},{"nodeID":"1322293","text":"a 5 percent cost increase is an average","type":"I","timestamp":"2023-11-09 13:27:04"},{"nodeID":"1322294","text":"AudienceMember 20220707QT25: A 5 percent cost increase is an average","type":"L","timestamp":"2023-11-09 13:27:04"},{"nodeID":"1322295","text":"Pawe\u0142: AudienceMember 20220707QT25: A 5 percent cost increase is an average","type":"L","timestamp":"2023-11-09 13:27:04"},{"nodeID":"1322296","text":"Analysing","type":"YA","timestamp":"2023-11-09 13:27:04"},{"nodeID":"1322297","text":"Asserting","type":"YA","timestamp":"2023-11-09 13:27:04"},{"nodeID":"1322298","text":"Default Transition","type":"TA","timestamp":"2023-11-09 13:27:04"},{"nodeID":"1322299","text":"Default Rephrase","type":"MA","timestamp":"2023-11-09 13:27:04"},{"nodeID":"1322300","text":"Restating","type":"YA","timestamp":"2023-11-09 13:27:04"},{"nodeID":"1322301","text":"in the past year some of the basic goods on the shelf are increased by over 150 percent","type":"I","timestamp":"2023-11-09 13:27:05"},{"nodeID":"1322302","text":"AudienceMember 20220707QT25: If you look at basic goods on the shelf in the past year some of those are increased by over 150 percent","type":"L","timestamp":"2023-11-09 13:27:05"},{"nodeID":"1322303","text":"Analysing","type":"YA","timestamp":"2023-11-09 13:27:05"},{"nodeID":"1322304","text":"Pawe\u0142: AudienceMember 20220707QT25: If you look at basic goods on the shelf in the past year some of those are increased by over 150 percent","type":"L","timestamp":"2023-11-09 13:27:05"},{"nodeID":"1322305","text":"Asserting","type":"YA","timestamp":"2023-11-09 13:27:05"},{"nodeID":"1322306","text":"Default Transition","type":"TA","timestamp":"2023-11-09 13:27:05"},{"nodeID":"1322307","text":"the cost of basic goods being increased by over 150 percent is hitting the poorest in society the hardest","type":"I","timestamp":"2023-11-09 13:27:05"},{"nodeID":"1322308","text":"AudienceMember 20220707QT25: This is hitting the poorest in society the hardest","type":"L","timestamp":"2023-11-09 13:27:05"},{"nodeID":"1322309","text":"Analysing","type":"YA","timestamp":"2023-11-09 13:27:05"},{"nodeID":"1322310","text":"Pawe\u0142: AudienceMember 20220707QT25: This is hitting the poorest in society the hardest","type":"L","timestamp":"2023-11-09 13:27:05"},{"nodeID":"1322311","text":"Asserting","type":"YA","timestamp":"2023-11-09 13:27:05"},{"nodeID":"1322312","text":"Default Transition","type":"TA","timestamp":"2023-11-09 13:27:05"},{"nodeID":"1322313","text":"Default Inference","type":"RA","timestamp":"2023-11-09 13:27:05"},{"nodeID":"1322314","text":"Arguing","type":"YA","timestamp":"2023-11-09 13:27:05"},{"nodeID":"1322315","text":"one of the first things we can do to help, to mitigate the prices of the cost of living is to change the way we calculate cost increases","type":"I","timestamp":"2023-11-09 13:27:06"},{"nodeID":"1322316","text":"Analysing","type":"YA","timestamp":"2023-11-09 13:27:06"},{"nodeID":"1322317","text":"AudienceMember 20220707QT25: one of the first things we can do to help, you can mitigate the prices of the cost of living is to change the way we calculate those","type":"L","timestamp":"2023-11-09 13:27:06"},{"nodeID":"1322318","text":"Asserting","type":"YA","timestamp":"2023-11-09 13:27:06"},{"nodeID":"1322319","text":"Pawe\u0142: AudienceMember 20220707QT25: one of the first things we can do to help, you can mitigate the prices of the cost of living is to change the way we calculate those","type":"L","timestamp":"2023-11-09 13:27:06"},{"nodeID":"1322320","text":"Default Transition","type":"TA","timestamp":"2023-11-09 13:27:06"},{"nodeID":"1322321","text":"rather than looking at \u00a310 ready meals that stayed the same for a decade we should be looking at the behaving price of goods like pasta and flour, fruit and vegetables","type":"I","timestamp":"2023-11-09 13:27:07"},{"nodeID":"1322322","text":"AudienceMember 20220707QT25: Rather than looking at \u00a310 ready meals that stayed the same for a decade we should be looking at the behaving price of goods like pasta and flour, fruit and vestige","type":"L","timestamp":"2023-11-09 13:27:07"},{"nodeID":"1322323","text":"Pawe\u0142: AudienceMember 20220707QT25: Rather than looking at \u00a310 ready meals that stayed the same for a decade we should be looking at the behaving price of goods like pasta and flour, fruit and vestige","type":"L","timestamp":"2023-11-09 13:27:07"},{"nodeID":"1322324","text":"Asserting","type":"YA","timestamp":"2023-11-09 13:27:07"},{"nodeID":"1322325","text":"Analysing","type":"YA","timestamp":"2023-11-09 13:27:07"},{"nodeID":"1322326","text":"Default Transition","type":"TA","timestamp":"2023-11-09 13:27:07"},{"nodeID":"1322327","text":"Default Inference","type":"RA","timestamp":"2023-11-09 13:27:07"},{"nodeID":"1322328","text":"Arguing","type":"YA","timestamp":"2023-11-09 13:27:07"},{"nodeID":"1322329","text":"anyone here in the audience is or is not worried about whether rising inflation is going to affect them in the year to come","type":"I","timestamp":"2023-11-09 13:27:07"},{"nodeID":"1322330","text":"Analysing","type":"YA","timestamp":"2023-11-09 13:27:07"},{"nodeID":"1322331","text":"Fiona Bruce: Isening worried about rising inflation is going to affect them in the year to come","type":"L","timestamp":"2023-11-09 13:27:07"},{"nodeID":"1322332","text":"Pawe\u0142: Fiona Bruce: Isening worried about rising inflation is going to affect them in the year to come","type":"L","timestamp":"2023-11-09 13:27:07"},{"nodeID":"1322333","text":"Pure Questioning","type":"YA","timestamp":"2023-11-09 13:27:07"},{"nodeID":"1322334","text":"Default Transition","type":"TA","timestamp":"2023-11-09 13:27:07"},{"nodeID":"1322335","text":"Default Rephrase","type":"MA","timestamp":"2023-11-09 13:27:07"},{"nodeID":"1322336","text":"Restating","type":"YA","timestamp":"2023-11-09 13:27:07"}],"edges":[{"edgeID":"1735283","fromID":"1322258","toID":"1322257","formEdgeID":null},{"edgeID":"1735284","fromID":"1322259","toID":"1322258","formEdgeID":null},{"edgeID":"1735285","fromID":"1322260","toID":"1322256","formEdgeID":null},{"edgeID":"1735286","fromID":"1322257","toID":"1322260","formEdgeID":null},{"edgeID":"1735287","fromID":"1322264","toID":"1322263","formEdgeID":null},{"edgeID":"1735288","fromID":"1322262","toID":"1322264","formEdgeID":null},{"edgeID":"1735289","fromID":"1322263","toID":"1322265","formEdgeID":null},{"edgeID":"1735290","fromID":"1322265","toID":"1322261","formEdgeID":null},{"edgeID":"1735291","fromID":"1322257","toID":"1322266","formEdgeID":null},{"edgeID":"1735292","fromID":"1322266","toID":"1322263","formEdgeID":null},{"edgeID":"1735293","fromID":"1322269","toID":"1322268","formEdgeID":null},{"edgeID":"1735294","fromID":"1322268","toID":"1322270","formEdgeID":null},{"edgeID":"1735295","fromID":"1322270","toID":"1322271","formEdgeID":null},{"edgeID":"1735296","fromID":"1322271","toID":"1322267","formEdgeID":null},{"edgeID":"1735297","fromID":"1322263","toID":"1322272","formEdgeID":null},{"edgeID":"1735298","fromID":"1322272","toID":"1322270","formEdgeID":null},{"edgeID":"1735299","fromID":"1322256","toID":"1322273","formEdgeID":null},{"edgeID":"1735300","fromID":"1322273","toID":"1322267","formEdgeID":null},{"edgeID":"1735301","fromID":"1322272","toID":"1322274","formEdgeID":null},{"edgeID":"1735302","fromID":"1322274","toID":"1322273","formEdgeID":null},{"edgeID":"1735303","fromID":"1322277","toID":"1322276","formEdgeID":null},{"edgeID":"1735304","fromID":"1322278","toID":"1322277","formEdgeID":null},{"edgeID":"1735305","fromID":"1322279","toID":"1322275","formEdgeID":null},{"edgeID":"1735306","fromID":"1322276","toID":"1322279","formEdgeID":null},{"edgeID":"1735307","fromID":"1322280","toID":"1322276","formEdgeID":null},{"edgeID":"1735308","fromID":"1322270","toID":"1322280","formEdgeID":null},{"edgeID":"1735309","fromID":"1322285","toID":"1322284","formEdgeID":null},{"edgeID":"1735310","fromID":"1322284","toID":"1322282","formEdgeID":null},{"edgeID":"1735311","fromID":"1322283","toID":"1322281","formEdgeID":null},{"edgeID":"1735312","fromID":"1322282","toID":"1322283","formEdgeID":null},{"edgeID":"1735313","fromID":"1322276","toID":"1322286","formEdgeID":null},{"edgeID":"1735314","fromID":"1322286","toID":"1322282","formEdgeID":null},{"edgeID":"1735315","fromID":"1322289","toID":"1322288","formEdgeID":null},{"edgeID":"1735316","fromID":"1322290","toID":"1322289","formEdgeID":null},{"edgeID":"1735317","fromID":"1322291","toID":"1322287","formEdgeID":null},{"edgeID":"1735318","fromID":"1322288","toID":"1322291","formEdgeID":null},{"edgeID":"1735319","fromID":"1322282","toID":"1322292","formEdgeID":null},{"edgeID":"1735320","fromID":"1322292","toID":"1322288","formEdgeID":null},{"edgeID":"1735321","fromID":"1322296","toID":"1322294","formEdgeID":null},{"edgeID":"1735322","fromID":"1322295","toID":"1322296","formEdgeID":null},{"edgeID":"1735323","fromID":"1322297","toID":"1322293","formEdgeID":null},{"edgeID":"1735324","fromID":"1322294","toID":"1322297","formEdgeID":null},{"edgeID":"1735325","fromID":"1322288","toID":"1322298","formEdgeID":null},{"edgeID":"1735326","fromID":"1322298","toID":"1322294","formEdgeID":null},{"edgeID":"1735327","fromID":"1322287","toID":"1322299","formEdgeID":null},{"edgeID":"1735328","fromID":"1322299","toID":"1322281","formEdgeID":null},{"edgeID":"1735329","fromID":"1322292","toID":"1322300","formEdgeID":null},{"edgeID":"1735330","fromID":"1322300","toID":"1322299","formEdgeID":null},{"edgeID":"1735331","fromID":"1322303","toID":"1322302","formEdgeID":null},{"edgeID":"1735332","fromID":"1322304","toID":"1322303","formEdgeID":null},{"edgeID":"1735333","fromID":"1322305","toID":"1322301","formEdgeID":null},{"edgeID":"1735334","fromID":"1322302","toID":"1322305","formEdgeID":null},{"edgeID":"1735335","fromID":"1322306","toID":"1322302","formEdgeID":null},{"edgeID":"1735336","fromID":"1322294","toID":"1322306","formEdgeID":null},{"edgeID":"1735337","fromID":"1322309","toID":"1322308","formEdgeID":null},{"edgeID":"1735338","fromID":"1322310","toID":"1322309","formEdgeID":null},{"edgeID":"1735339","fromID":"1322308","toID":"1322311","formEdgeID":null},{"edgeID":"1735340","fromID":"1322311","toID":"1322307","formEdgeID":null},{"edgeID":"1735341","fromID":"1322288","toID":"1322312","formEdgeID":null},{"edgeID":"1735342","fromID":"1322312","toID":"1322308","formEdgeID":null},{"edgeID":"1735343","fromID":"1322301","toID":"1322313","formEdgeID":null},{"edgeID":"1735344","fromID":"1322313","toID":"1322287","formEdgeID":null},{"edgeID":"1735345","fromID":"1322293","toID":"1322313","formEdgeID":null},{"edgeID":"1735346","fromID":"1322314","toID":"1322313","formEdgeID":null},{"edgeID":"1735347","fromID":"1322306","toID":"1322314","formEdgeID":null},{"edgeID":"1735348","fromID":"1322316","toID":"1322317","formEdgeID":null},{"edgeID":"1735349","fromID":"1322319","toID":"1322316","formEdgeID":null},{"edgeID":"1735350","fromID":"1322317","toID":"1322318","formEdgeID":null},{"edgeID":"1735351","fromID":"1322318","toID":"1322315","formEdgeID":null},{"edgeID":"1735352","fromID":"1322308","toID":"1322320","formEdgeID":null},{"edgeID":"1735353","fromID":"1322320","toID":"1322317","formEdgeID":null},{"edgeID":"1735354","fromID":"1322325","toID":"1322322","formEdgeID":null},{"edgeID":"1735355","fromID":"1322323","toID":"1322325","formEdgeID":null},{"edgeID":"1735356","fromID":"1322322","toID":"1322324","formEdgeID":null},{"edgeID":"1735357","fromID":"1322324","toID":"1322321","formEdgeID":null},{"edgeID":"1735358","fromID":"1322317","toID":"1322326","formEdgeID":null},{"edgeID":"1735359","fromID":"1322326","toID":"1322322","formEdgeID":null},{"edgeID":"1735360","fromID":"1322327","toID":"1322321","formEdgeID":null},{"edgeID":"1735361","fromID":"1322315","toID":"1322327","formEdgeID":null},{"edgeID":"1735362","fromID":"1322326","toID":"1322328","formEdgeID":null},{"edgeID":"1735363","fromID":"1322328","toID":"1322327","formEdgeID":null},{"edgeID":"1735364","fromID":"1322330","toID":"1322331","formEdgeID":null},{"edgeID":"1735365","fromID":"1322332","toID":"1322330","formEdgeID":null},{"edgeID":"1735366","fromID":"1322333","toID":"1322329","formEdgeID":null},{"edgeID":"1735367","fromID":"1322331","toID":"1322333","formEdgeID":null},{"edgeID":"1735368","fromID":"1322322","toID":"1322334","formEdgeID":null},{"edgeID":"1735369","fromID":"1322334","toID":"1322331","formEdgeID":null},{"edgeID":"1735370","fromID":"1322307","toID":"1322335","formEdgeID":null},{"edgeID":"1735371","fromID":"1322335","toID":"1322301","formEdgeID":null},{"edgeID":"1735372","fromID":"1322312","toID":"1322336","formEdgeID":null},{"edgeID":"1735373","fromID":"1322336","toID":"1322335","formEdgeID":null}],"locutions":[]}