{"nodes":[{"nodeID":"1145054","text":"Boris Johnson knows they used to have wine Fridays","type":"I","timestamp":"2023-04-20 10:11:30"},{"nodeID":"1145059","text":"Boris Johnson knows what was going on","type":"I","timestamp":"2023-04-20 10:11:33"},{"nodeID":"1145064","text":"Boris Johnson knows their attitude was the rules didn't apply to them","type":"I","timestamp":"2023-04-20 10:11:35"},{"nodeID":"1145069","text":"it is insulting to us that Boris Johnson doesn't show a little mod com of humanity and humanity and just go","type":"I","timestamp":"2023-04-20 10:11:37"},{"nodeID":"1145082","text":"the recent easing of restrictions is really concerning","type":"I","timestamp":"2023-04-20 10:11:40"},{"nodeID":"1145088","text":"the recent easing of restrictions is or isn't a political manoeuvre to ease pressure on Boris Johnson","type":"I","timestamp":"2023-04-20 10:11:42"},{"nodeID":"1145094","text":"Boris does or doesn't feel he has still left to give if he got through this","type":"I","timestamp":"2023-04-20 10:11:44"},{"nodeID":"1145100","text":"Boris Johnson has got xxx to give","type":"I","timestamp":"2023-04-20 10:11:47"},{"nodeID":"1145106","text":"Boris Johnson is a little bit of an embarrassment","type":"I","timestamp":"2023-04-20 10:11:49"},{"nodeID":"1145114","text":"Boris Johnson is a lot of an embarrassment","type":"I","timestamp":"2023-04-20 10:11:51"},{"nodeID":"1145122","text":"the government on the big issues have got this right","type":"I","timestamp":"2023-04-20 10:11:53"},{"nodeID":"1145128","text":"the government got the roll-out of the vaccination programme right","type":"I","timestamp":"2023-04-20 10:11:56"},{"nodeID":"1145134","text":"xxx was before the roll-out of the vaccination programme","type":"I","timestamp":"2023-04-20 10:11:58"},{"nodeID":"1145142","text":"the UK had one of the highest death toll in Europe, one of the highest in the world","type":"I","timestamp":"2023-04-20 10:12:00"},{"nodeID":"1145148","text":"only a few months ago the pandemic was called one of the biggest public health failures in our history","type":"I","timestamp":"2023-04-20 10:12:03"},{"nodeID":"1320327","text":"Emily Thornberry: He knows they used to have wine Fridays","type":"L","timestamp":"2023-11-09 13:24:07"},{"nodeID":"1320328","text":"Analysing","type":"YA","timestamp":"2023-11-09 13:24:07"},{"nodeID":"1320329","text":"Anon: Emily Thornberry: He knows they used to have wine Fridays","type":"L","timestamp":"2023-11-09 13:24:07"},{"nodeID":"1320330","text":"Asserting","type":"YA","timestamp":"2023-11-09 13:24:07"},{"nodeID":"1320331","text":"Emily Thornberry: He knows what was going on","type":"L","timestamp":"2023-11-09 13:24:08"},{"nodeID":"1320332","text":"Analysing","type":"YA","timestamp":"2023-11-09 13:24:08"},{"nodeID":"1320333","text":"Anon: Emily Thornberry: He knows what was going on","type":"L","timestamp":"2023-11-09 13:24:08"},{"nodeID":"1320334","text":"Asserting","type":"YA","timestamp":"2023-11-09 13:24:08"},{"nodeID":"1320335","text":"Emily Thornberry: he knows their attitude was the rules didn't apply to them","type":"L","timestamp":"2023-11-09 13:24:09"},{"nodeID":"1320336","text":"Analysing","type":"YA","timestamp":"2023-11-09 13:24:09"},{"nodeID":"1320337","text":"Anon: Emily Thornberry: he knows their attitude was the rules didn't apply to them","type":"L","timestamp":"2023-11-09 13:24:09"},{"nodeID":"1320338","text":"Asserting","type":"YA","timestamp":"2023-11-09 13:24:09"},{"nodeID":"1320339","text":"Emily Thornberry: It is insulting to us he doesn't show a little mod com of humanity and humanity and just go","type":"L","timestamp":"2023-11-09 13:24:09"},{"nodeID":"1320340","text":"Analysing","type":"YA","timestamp":"2023-11-09 13:24:09"},{"nodeID":"1320341","text":"Anon: Emily Thornberry: It is insulting to us he doesn't show a little mod com of humanity and humanity and just go","type":"L","timestamp":"2023-11-09 13:24:09"},{"nodeID":"1320342","text":"Asserting","type":"YA","timestamp":"2023-11-09 13:24:09"},{"nodeID":"1320343","text":"Default Rephrase","type":"MA","timestamp":"2023-11-09 13:24:09"},{"nodeID":"1320344","text":"Default Transition","type":"TA","timestamp":"2023-11-09 13:24:09"},{"nodeID":"1320345","text":"Restating","type":"YA","timestamp":"2023-11-09 13:24:09"},{"nodeID":"1320346","text":"Default Inference","type":"RA","timestamp":"2023-11-09 13:24:09"},{"nodeID":"1320347","text":"Default Inference","type":"RA","timestamp":"2023-11-09 13:24:09"},{"nodeID":"1320348","text":"Default Transition","type":"TA","timestamp":"2023-11-09 13:24:09"},{"nodeID":"1320349","text":"Arguing","type":"YA","timestamp":"2023-11-09 13:24:09"},{"nodeID":"1320350","text":"Default Transition","type":"TA","timestamp":"2023-11-09 13:24:09"},{"nodeID":"1320351","text":"AudienceMember 20220707QT05: The recent easing of restrictions, I think, is really concerning","type":"L","timestamp":"2023-11-09 13:24:10"},{"nodeID":"1320352","text":"Analysing","type":"YA","timestamp":"2023-11-09 13:24:10"},{"nodeID":"1320353","text":"Anon: AudienceMember 20220707QT05: The recent easing of restrictions, I think, is really concerning","type":"L","timestamp":"2023-11-09 13:24:10"},{"nodeID":"1320354","text":"Asserting","type":"YA","timestamp":"2023-11-09 13:24:10"},{"nodeID":"1320355","text":"Default Transition","type":"TA","timestamp":"2023-11-09 13:24:10"},{"nodeID":"1320356","text":"AudienceMember 20220707QT05: Do you think this is a political manoeuvre to ease pressure on Boris","type":"L","timestamp":"2023-11-09 13:24:10"},{"nodeID":"1320357","text":"Analysing","type":"YA","timestamp":"2023-11-09 13:24:10"},{"nodeID":"1320358","text":"Anon: AudienceMember 20220707QT05: Do you think this is a political manoeuvre to ease pressure on Boris","type":"L","timestamp":"2023-11-09 13:24:10"},{"nodeID":"1320359","text":"Pure Questioning","type":"YA","timestamp":"2023-11-09 13:24:10"},{"nodeID":"1320360","text":"Default Transition","type":"TA","timestamp":"2023-11-09 13:24:10"},{"nodeID":"1320361","text":"AudienceMember 20220707QT06: Whether or not does Boris feel he has still left to give if he got through this","type":"L","timestamp":"2023-11-09 13:24:11"},{"nodeID":"1320362","text":"Analysing","type":"YA","timestamp":"2023-11-09 13:24:11"},{"nodeID":"1320363","text":"Anon: AudienceMember 20220707QT06: Whether or not does Boris feel he has still left to give if he got through this","type":"L","timestamp":"2023-11-09 13:24:11"},{"nodeID":"1320364","text":"Pure Questioning","type":"YA","timestamp":"2023-11-09 13:24:11"},{"nodeID":"1320365","text":"Default Transition","type":"TA","timestamp":"2023-11-09 13:24:11"},{"nodeID":"1320366","text":"AudienceMember 20220707QT06: What has he got to give","type":"L","timestamp":"2023-11-09 13:24:12"},{"nodeID":"1320367","text":"Analysing","type":"YA","timestamp":"2023-11-09 13:24:12"},{"nodeID":"1320368","text":"Anon: AudienceMember 20220707QT06: What has he got to give","type":"L","timestamp":"2023-11-09 13:24:12"},{"nodeID":"1320369","text":"Pure Questioning","type":"YA","timestamp":"2023-11-09 13:24:12"},{"nodeID":"1320370","text":"Default Transition","type":"TA","timestamp":"2023-11-09 13:24:12"},{"nodeID":"1320371","text":"AudienceMember 20220707QT06: It is a little bit of an embarrassment","type":"L","timestamp":"2023-11-09 13:24:12"},{"nodeID":"1320372","text":"Analysing","type":"YA","timestamp":"2023-11-09 13:24:12"},{"nodeID":"1320373","text":"Anon: AudienceMember 20220707QT06: It is a little bit of an embarrassment","type":"L","timestamp":"2023-11-09 13:24:12"},{"nodeID":"1320374","text":"Assertive Questioning","type":"YA","timestamp":"2023-11-09 13:24:12"},{"nodeID":"1320375","text":"Default Transition","type":"TA","timestamp":"2023-11-09 13:24:12"},{"nodeID":"1320376","text":"Default Rephrase","type":"MA","timestamp":"2023-11-09 13:24:12"},{"nodeID":"1320377","text":"Restating","type":"YA","timestamp":"2023-11-09 13:24:12"},{"nodeID":"1320378","text":"AudienceMember 20220707QT06: a lot","type":"L","timestamp":"2023-11-09 13:24:13"},{"nodeID":"1320379","text":"Analysing","type":"YA","timestamp":"2023-11-09 13:24:13"},{"nodeID":"1320380","text":"Anon: AudienceMember 20220707QT06: a lot","type":"L","timestamp":"2023-11-09 13:24:13"},{"nodeID":"1320381","text":"Asserting","type":"YA","timestamp":"2023-11-09 13:24:13"},{"nodeID":"1320382","text":"Default Transition","type":"TA","timestamp":"2023-11-09 13:24:13"},{"nodeID":"1320383","text":"Default Rephrase","type":"MA","timestamp":"2023-11-09 13:24:13"},{"nodeID":"1320384","text":"Restating","type":"YA","timestamp":"2023-11-09 13:24:13"},{"nodeID":"1320385","text":"Stephen Kerr: the government on the big issues have got this right","type":"L","timestamp":"2023-11-09 13:24:13"},{"nodeID":"1320386","text":"Analysing","type":"YA","timestamp":"2023-11-09 13:24:13"},{"nodeID":"1320387","text":"Anon: Stephen Kerr: the government on the big issues have got this right","type":"L","timestamp":"2023-11-09 13:24:13"},{"nodeID":"1320388","text":"Asserting","type":"YA","timestamp":"2023-11-09 13:24:13"},{"nodeID":"1320389","text":"Default Transition","type":"TA","timestamp":"2023-11-09 13:24:13"},{"nodeID":"1320390","text":"Stephen Kerr: The roll-out of the vaccination programme","type":"L","timestamp":"2023-11-09 13:24:14"},{"nodeID":"1320391","text":"Analysing","type":"YA","timestamp":"2023-11-09 13:24:14"},{"nodeID":"1320392","text":"Anon: Stephen Kerr: The roll-out of the vaccination programme","type":"L","timestamp":"2023-11-09 13:24:14"},{"nodeID":"1320393","text":"Asserting","type":"YA","timestamp":"2023-11-09 13:24:14"},{"nodeID":"1320394","text":"Default Transition","type":"TA","timestamp":"2023-11-09 13:24:14"},{"nodeID":"1320395","text":"Fiona Bruce: What about before the roll-out","type":"L","timestamp":"2023-11-09 13:24:14"},{"nodeID":"1320396","text":"Analysing","type":"YA","timestamp":"2023-11-09 13:24:14"},{"nodeID":"1320397","text":"Anon: Fiona Bruce: What about before the roll-out","type":"L","timestamp":"2023-11-09 13:24:14"},{"nodeID":"1320398","text":"Pure Questioning","type":"YA","timestamp":"2023-11-09 13:24:14"},{"nodeID":"1320399","text":"Default Transition","type":"TA","timestamp":"2023-11-09 13:24:14"},{"nodeID":"1320400","text":"Default Rephrase","type":"MA","timestamp":"2023-11-09 13:24:14"},{"nodeID":"1320401","text":"Restating","type":"YA","timestamp":"2023-11-09 13:24:14"},{"nodeID":"1320402","text":"Fiona Bruce: The highest defeat toll in Europe, one of the highest in the world","type":"L","timestamp":"2023-11-09 13:24:15"},{"nodeID":"1320403","text":"Analysing","type":"YA","timestamp":"2023-11-09 13:24:15"},{"nodeID":"1320404","text":"Anon: Fiona Bruce: The highest defeat toll in Europe, one of the highest in the world","type":"L","timestamp":"2023-11-09 13:24:15"},{"nodeID":"1320405","text":"Asserting","type":"YA","timestamp":"2023-11-09 13:24:15"},{"nodeID":"1320406","text":"Default Transition","type":"TA","timestamp":"2023-11-09 13:24:15"},{"nodeID":"1320407","text":"Fiona Bruce: Only a few months ago it was called one of the biggest public health failures in our history","type":"L","timestamp":"2023-11-09 13:24:16"},{"nodeID":"1320408","text":"Analysing","type":"YA","timestamp":"2023-11-09 13:24:16"},{"nodeID":"1320409","text":"Anon: Fiona Bruce: Only a few months ago it was called one of the biggest public health failures in our history","type":"L","timestamp":"2023-11-09 13:24:16"},{"nodeID":"1320410","text":"Asserting","type":"YA","timestamp":"2023-11-09 13:24:16"},{"nodeID":"1320411","text":"Default Transition","type":"TA","timestamp":"2023-11-09 13:24:16"},{"nodeID":"1320412","text":"Default Inference","type":"RA","timestamp":"2023-11-09 13:24:16"},{"nodeID":"1320413","text":"Arguing","type":"YA","timestamp":"2023-11-09 13:24:16"}],"edges":[{"edgeID":"1732908","fromID":"1320328","toID":"1320327","formEdgeID":null},{"edgeID":"1732909","fromID":"1320329","toID":"1320328","formEdgeID":null},{"edgeID":"1732910","fromID":"1320327","toID":"1320330","formEdgeID":null},{"edgeID":"1732911","fromID":"1320330","toID":"1145054","formEdgeID":null},{"edgeID":"1732912","fromID":"1320332","toID":"1320331","formEdgeID":null},{"edgeID":"1732913","fromID":"1320333","toID":"1320332","formEdgeID":null},{"edgeID":"1732914","fromID":"1320331","toID":"1320334","formEdgeID":null},{"edgeID":"1732915","fromID":"1320334","toID":"1145059","formEdgeID":null},{"edgeID":"1732916","fromID":"1320336","toID":"1320335","formEdgeID":null},{"edgeID":"1732917","fromID":"1320337","toID":"1320336","formEdgeID":null},{"edgeID":"1732918","fromID":"1320335","toID":"1320338","formEdgeID":null},{"edgeID":"1732919","fromID":"1320338","toID":"1145064","formEdgeID":null},{"edgeID":"1732920","fromID":"1320340","toID":"1320339","formEdgeID":null},{"edgeID":"1732921","fromID":"1320341","toID":"1320340","formEdgeID":null},{"edgeID":"1732922","fromID":"1320339","toID":"1320342","formEdgeID":null},{"edgeID":"1732923","fromID":"1320342","toID":"1145069","formEdgeID":null},{"edgeID":"1732924","fromID":"1145059","toID":"1320343","formEdgeID":null},{"edgeID":"1732925","fromID":"1320343","toID":"1145054","formEdgeID":null},{"edgeID":"1732926","fromID":"1320327","toID":"1320344","formEdgeID":null},{"edgeID":"1732927","fromID":"1320344","toID":"1320331","formEdgeID":null},{"edgeID":"1732928","fromID":"1320344","toID":"1320345","formEdgeID":null},{"edgeID":"1732929","fromID":"1320345","toID":"1320343","formEdgeID":null},{"edgeID":"1732930","fromID":"1145059","toID":"1320346","formEdgeID":null},{"edgeID":"1732931","fromID":"1320346","toID":"1145064","formEdgeID":null},{"edgeID":"1732932","fromID":"1145059","toID":"1320347","formEdgeID":null},{"edgeID":"1732933","fromID":"1320347","toID":"1145069","formEdgeID":null},{"edgeID":"1732934","fromID":"1320327","toID":"1320348","formEdgeID":null},{"edgeID":"1732935","fromID":"1320348","toID":"1320339","formEdgeID":null},{"edgeID":"1732936","fromID":"1320348","toID":"1320349","formEdgeID":null},{"edgeID":"1732937","fromID":"1320349","toID":"1320347","formEdgeID":null},{"edgeID":"1732938","fromID":"1320331","toID":"1320350","formEdgeID":null},{"edgeID":"1732939","fromID":"1320350","toID":"1320335","formEdgeID":null},{"edgeID":"1732940","fromID":"1320352","toID":"1320351","formEdgeID":null},{"edgeID":"1732941","fromID":"1320353","toID":"1320352","formEdgeID":null},{"edgeID":"1732942","fromID":"1320351","toID":"1320354","formEdgeID":null},{"edgeID":"1732943","fromID":"1320354","toID":"1145082","formEdgeID":null},{"edgeID":"1732944","fromID":"1320339","toID":"1320355","formEdgeID":null},{"edgeID":"1732945","fromID":"1320355","toID":"1320351","formEdgeID":null},{"edgeID":"1732946","fromID":"1320357","toID":"1320356","formEdgeID":null},{"edgeID":"1732947","fromID":"1320358","toID":"1320357","formEdgeID":null},{"edgeID":"1732948","fromID":"1320356","toID":"1320359","formEdgeID":null},{"edgeID":"1732949","fromID":"1320359","toID":"1145088","formEdgeID":null},{"edgeID":"1732950","fromID":"1320351","toID":"1320360","formEdgeID":null},{"edgeID":"1732951","fromID":"1320360","toID":"1320356","formEdgeID":null},{"edgeID":"1732952","fromID":"1320362","toID":"1320361","formEdgeID":null},{"edgeID":"1732953","fromID":"1320363","toID":"1320362","formEdgeID":null},{"edgeID":"1732954","fromID":"1320361","toID":"1320364","formEdgeID":null},{"edgeID":"1732955","fromID":"1320364","toID":"1145094","formEdgeID":null},{"edgeID":"1732956","fromID":"1320356","toID":"1320365","formEdgeID":null},{"edgeID":"1732957","fromID":"1320365","toID":"1320361","formEdgeID":null},{"edgeID":"1732958","fromID":"1320367","toID":"1320366","formEdgeID":null},{"edgeID":"1732959","fromID":"1320368","toID":"1320367","formEdgeID":null},{"edgeID":"1732960","fromID":"1320366","toID":"1320369","formEdgeID":null},{"edgeID":"1732961","fromID":"1320369","toID":"1145100","formEdgeID":null},{"edgeID":"1732962","fromID":"1320361","toID":"1320370","formEdgeID":null},{"edgeID":"1732963","fromID":"1320370","toID":"1320366","formEdgeID":null},{"edgeID":"1732964","fromID":"1320372","toID":"1320371","formEdgeID":null},{"edgeID":"1732965","fromID":"1320373","toID":"1320372","formEdgeID":null},{"edgeID":"1732966","fromID":"1320371","toID":"1320374","formEdgeID":null},{"edgeID":"1732967","fromID":"1320374","toID":"1145106","formEdgeID":null},{"edgeID":"1732968","fromID":"1320366","toID":"1320375","formEdgeID":null},{"edgeID":"1732969","fromID":"1320375","toID":"1320371","formEdgeID":null},{"edgeID":"1732970","fromID":"1145100","toID":"1320376","formEdgeID":null},{"edgeID":"1732971","fromID":"1320376","toID":"1145094","formEdgeID":null},{"edgeID":"1732972","fromID":"1320370","toID":"1320377","formEdgeID":null},{"edgeID":"1732973","fromID":"1320377","toID":"1320376","formEdgeID":null},{"edgeID":"1732974","fromID":"1320379","toID":"1320378","formEdgeID":null},{"edgeID":"1732975","fromID":"1320380","toID":"1320379","formEdgeID":null},{"edgeID":"1732976","fromID":"1320378","toID":"1320381","formEdgeID":null},{"edgeID":"1732977","fromID":"1320381","toID":"1145114","formEdgeID":null},{"edgeID":"1732978","fromID":"1320371","toID":"1320382","formEdgeID":null},{"edgeID":"1732979","fromID":"1320382","toID":"1320378","formEdgeID":null},{"edgeID":"1732980","fromID":"1145114","toID":"1320383","formEdgeID":null},{"edgeID":"1732981","fromID":"1320383","toID":"1145106","formEdgeID":null},{"edgeID":"1732982","fromID":"1320382","toID":"1320384","formEdgeID":null},{"edgeID":"1732983","fromID":"1320384","toID":"1320383","formEdgeID":null},{"edgeID":"1732984","fromID":"1320386","toID":"1320385","formEdgeID":null},{"edgeID":"1732985","fromID":"1320387","toID":"1320386","formEdgeID":null},{"edgeID":"1732986","fromID":"1320385","toID":"1320388","formEdgeID":null},{"edgeID":"1732987","fromID":"1320388","toID":"1145122","formEdgeID":null},{"edgeID":"1732988","fromID":"1320378","toID":"1320389","formEdgeID":null},{"edgeID":"1732989","fromID":"1320389","toID":"1320385","formEdgeID":null},{"edgeID":"1732990","fromID":"1320391","toID":"1320390","formEdgeID":null},{"edgeID":"1732991","fromID":"1320392","toID":"1320391","formEdgeID":null},{"edgeID":"1732992","fromID":"1320390","toID":"1320393","formEdgeID":null},{"edgeID":"1732993","fromID":"1320393","toID":"1145128","formEdgeID":null},{"edgeID":"1732994","fromID":"1320385","toID":"1320394","formEdgeID":null},{"edgeID":"1732995","fromID":"1320394","toID":"1320390","formEdgeID":null},{"edgeID":"1732996","fromID":"1320396","toID":"1320395","formEdgeID":null},{"edgeID":"1732997","fromID":"1320397","toID":"1320396","formEdgeID":null},{"edgeID":"1732998","fromID":"1320395","toID":"1320398","formEdgeID":null},{"edgeID":"1732999","fromID":"1320398","toID":"1145134","formEdgeID":null},{"edgeID":"1733000","fromID":"1320390","toID":"1320399","formEdgeID":null},{"edgeID":"1733001","fromID":"1320399","toID":"1320395","formEdgeID":null},{"edgeID":"1733002","fromID":"1145128","toID":"1320400","formEdgeID":null},{"edgeID":"1733003","fromID":"1320400","toID":"1145122","formEdgeID":null},{"edgeID":"1733004","fromID":"1320394","toID":"1320401","formEdgeID":null},{"edgeID":"1733005","fromID":"1320401","toID":"1320400","formEdgeID":null},{"edgeID":"1733006","fromID":"1320403","toID":"1320402","formEdgeID":null},{"edgeID":"1733007","fromID":"1320404","toID":"1320403","formEdgeID":null},{"edgeID":"1733008","fromID":"1320402","toID":"1320405","formEdgeID":null},{"edgeID":"1733009","fromID":"1320405","toID":"1145142","formEdgeID":null},{"edgeID":"1733010","fromID":"1320395","toID":"1320406","formEdgeID":null},{"edgeID":"1733011","fromID":"1320406","toID":"1320402","formEdgeID":null},{"edgeID":"1733012","fromID":"1320408","toID":"1320407","formEdgeID":null},{"edgeID":"1733013","fromID":"1320409","toID":"1320408","formEdgeID":null},{"edgeID":"1733014","fromID":"1320407","toID":"1320410","formEdgeID":null},{"edgeID":"1733015","fromID":"1320410","toID":"1145148","formEdgeID":null},{"edgeID":"1733016","fromID":"1320402","toID":"1320411","formEdgeID":null},{"edgeID":"1733017","fromID":"1320411","toID":"1320407","formEdgeID":null},{"edgeID":"1733018","fromID":"1145142","toID":"1320412","formEdgeID":null},{"edgeID":"1733019","fromID":"1320412","toID":"1145148","formEdgeID":null},{"edgeID":"1733020","fromID":"1320411","toID":"1320413","formEdgeID":null},{"edgeID":"1733021","fromID":"1320413","toID":"1320412","formEdgeID":null}],"locutions":[]}