{"nodes":[{"nodeID":"1145362","text":"Sue Grey can't tell Boris Johnson he has to leave","type":"I","timestamp":"2023-04-20 10:13:47"},{"nodeID":"1145367","text":"Emily Thornberry is drawing conclusions before we even get to the report","type":"I","timestamp":"2023-04-20 10:13:53"},{"nodeID":"1156607","text":"Sue Grey is not due process","type":"I","timestamp":"2023-04-21 13:57:22"},{"nodeID":"1156611","text":"Sue Grey is highly respected","type":"I","timestamp":"2023-04-21 13:57:24"},{"nodeID":"1156616","text":"Emily Thornberry doesn't mean anything she says to undermine Sue Grey","type":"I","timestamp":"2023-04-21 13:57:27"},{"nodeID":"1156625","text":"Sue Grey is in the end a Conservative Party civil not employed by the Prime Minister","type":"I","timestamp":"2023-04-21 13:57:30"},{"nodeID":"1156634","text":"Boris Johnson has to decide he will resign","type":"I","timestamp":"2023-04-21 13:57:35"},{"nodeID":"1156642","text":"Sue Grey is not a retired High Court Judge","type":"I","timestamp":"2023-04-21 13:57:37"},{"nodeID":"1156648","text":"this is not an independent inquiry","type":"I","timestamp":"2023-04-21 13:57:40"},{"nodeID":"1156653","text":"we hear that instructions have been given out by senior people to junior people to say clean up your phones","type":"I","timestamp":"2023-04-21 13:57:43"},{"nodeID":"1156658","text":"Sue Grey doesn't have the power to force, for example, I didn't feel servants to give up their private phones","type":"I","timestamp":"2023-04-21 13:57:45"},{"nodeID":"1156664","text":"Sue Grey requests to see their WhatsApp messages, for example","type":"I","timestamp":"2023-04-21 13:57:48"},{"nodeID":"1156673","text":"all of this is worrying","type":"I","timestamp":"2023-04-21 13:57:51"},{"nodeID":"1156678","text":"Sue Grey will produce an dependent report and do everything she can with the evidence put before her","type":"I","timestamp":"2023-04-21 13:57:53"},{"nodeID":"1156685","text":"Sue Grey won't be drawing conclusions","type":"I","timestamp":"2023-04-21 13:57:56"},{"nodeID":"1156695","text":"let's get the report before everybody refreshes Emily Thornberry's recollection","type":"I","timestamp":"2023-04-21 13:58:01"},{"nodeID":"1320236","text":"Emily Thornberry: Sue Grey is not due process","type":"L","timestamp":"2023-11-09 13:23:58"},{"nodeID":"1320237","text":"Analysing","type":"YA","timestamp":"2023-11-09 13:23:58"},{"nodeID":"1320238","text":"Nicole: Emily Thornberry: Sue Grey is not due process","type":"L","timestamp":"2023-11-09 13:23:58"},{"nodeID":"1320239","text":"Asserting","type":"YA","timestamp":"2023-11-09 13:23:58"},{"nodeID":"1320240","text":"Emily Thornberry: She is highly respected","type":"L","timestamp":"2023-11-09 13:23:58"},{"nodeID":"1320241","text":"Analysing","type":"YA","timestamp":"2023-11-09 13:23:58"},{"nodeID":"1320242","text":"Nicole: Emily Thornberry: She is highly respected","type":"L","timestamp":"2023-11-09 13:23:58"},{"nodeID":"1320243","text":"Asserting","type":"YA","timestamp":"2023-11-09 13:23:58"},{"nodeID":"1320244","text":"Emily Thornberry: I don't mean anything I say to undermine her","type":"L","timestamp":"2023-11-09 13:23:59"},{"nodeID":"1320245","text":"Analysing","type":"YA","timestamp":"2023-11-09 13:23:59"},{"nodeID":"1320246","text":"Nicole: Emily Thornberry: I don't mean anything I say to undermine her","type":"L","timestamp":"2023-11-09 13:23:59"},{"nodeID":"1320247","text":"Asserting","type":"YA","timestamp":"2023-11-09 13:23:59"},{"nodeID":"1320248","text":"Default Transition","type":"TA","timestamp":"2023-11-09 13:23:59"},{"nodeID":"1320249","text":"Default Transition","type":"TA","timestamp":"2023-11-09 13:23:59"},{"nodeID":"1320250","text":"Default Rephrase","type":"MA","timestamp":"2023-11-09 13:23:59"},{"nodeID":"1320251","text":"Restating","type":"YA","timestamp":"2023-11-09 13:23:59"},{"nodeID":"1320252","text":"Emily Thornberry: she is in the end a Conservative Party civil I have not employed by the Prime Minister","type":"L","timestamp":"2023-11-09 13:23:59"},{"nodeID":"1320253","text":"Analysing","type":"YA","timestamp":"2023-11-09 13:23:59"},{"nodeID":"1320254","text":"Nicole: Emily Thornberry: she is in the end a Conservative Party civil I have not employed by the Prime Minister","type":"L","timestamp":"2023-11-09 13:23:59"},{"nodeID":"1320255","text":"Asserting","type":"YA","timestamp":"2023-11-09 13:23:59"},{"nodeID":"1320256","text":"Emily Thornberry: She can't tell him he has to leave","type":"L","timestamp":"2023-11-09 13:24:00"},{"nodeID":"1320257","text":"Analysing","type":"YA","timestamp":"2023-11-09 13:24:00"},{"nodeID":"1320258","text":"Nicole: Emily Thornberry: She can't tell him he has to leave","type":"L","timestamp":"2023-11-09 13:24:00"},{"nodeID":"1320259","text":"Asserting","type":"YA","timestamp":"2023-11-09 13:24:00"},{"nodeID":"1320260","text":"Default Transition","type":"TA","timestamp":"2023-11-09 13:24:00"},{"nodeID":"1320261","text":"Emily Thornberry: He has to decide he will resign","type":"L","timestamp":"2023-11-09 13:24:01"},{"nodeID":"1320262","text":"Analysing","type":"YA","timestamp":"2023-11-09 13:24:01"},{"nodeID":"1320263","text":"Nicole: Emily Thornberry: He has to decide he will resign","type":"L","timestamp":"2023-11-09 13:24:01"},{"nodeID":"1320264","text":"Asserting","type":"YA","timestamp":"2023-11-09 13:24:01"},{"nodeID":"1320265","text":"Default Transition","type":"TA","timestamp":"2023-11-09 13:24:01"},{"nodeID":"1320266","text":"Default Rephrase","type":"MA","timestamp":"2023-11-09 13:24:01"},{"nodeID":"1320267","text":"Restating","type":"YA","timestamp":"2023-11-09 13:24:01"},{"nodeID":"1320268","text":"Emily Thornberry: She is not a retired High Court Judge","type":"L","timestamp":"2023-11-09 13:24:01"},{"nodeID":"1320269","text":"Analysing","type":"YA","timestamp":"2023-11-09 13:24:01"},{"nodeID":"1320270","text":"Nicole: Emily Thornberry: She is not a retired High Court Judge","type":"L","timestamp":"2023-11-09 13:24:01"},{"nodeID":"1320271","text":"Asserting","type":"YA","timestamp":"2023-11-09 13:24:01"},{"nodeID":"1320272","text":"Default Transition","type":"TA","timestamp":"2023-11-09 13:24:01"},{"nodeID":"1320273","text":"Emily Thornberry: This is not an independent inquiry","type":"L","timestamp":"2023-11-09 13:24:02"},{"nodeID":"1320274","text":"Analysing","type":"YA","timestamp":"2023-11-09 13:24:02"},{"nodeID":"1320275","text":"Nicole: Emily Thornberry: This is not an independent inquiry","type":"L","timestamp":"2023-11-09 13:24:02"},{"nodeID":"1320276","text":"Asserting","type":"YA","timestamp":"2023-11-09 13:24:02"},{"nodeID":"1320277","text":"Emily Thornberry: We hear that instructions have been given out by senior people to junior people to say clean up your phones","type":"L","timestamp":"2023-11-09 13:24:03"},{"nodeID":"1320278","text":"Analysing","type":"YA","timestamp":"2023-11-09 13:24:03"},{"nodeID":"1320279","text":"Nicole: Emily Thornberry: We hear that instructions have been given out by senior people to junior people to say clean up your phones","type":"L","timestamp":"2023-11-09 13:24:03"},{"nodeID":"1320280","text":"Asserting","type":"YA","timestamp":"2023-11-09 13:24:03"},{"nodeID":"1320281","text":"Emily Thornberry: She doesn't have the power to force, for example, I didn't feel servants to give up their private phones","type":"L","timestamp":"2023-11-09 13:24:03"},{"nodeID":"1320282","text":"Analysing","type":"YA","timestamp":"2023-11-09 13:24:03"},{"nodeID":"1320283","text":"Nicole: Emily Thornberry: She doesn't have the power to force, for example, I didn't feel servants to give up their private phones","type":"L","timestamp":"2023-11-09 13:24:03"},{"nodeID":"1320284","text":"Asserting","type":"YA","timestamp":"2023-11-09 13:24:03"},{"nodeID":"1320285","text":"Default Transition","type":"TA","timestamp":"2023-11-09 13:24:03"},{"nodeID":"1320286","text":"Emily Thornberry: she request see their WhatsApp messages, for example","type":"L","timestamp":"2023-11-09 13:24:04"},{"nodeID":"1320287","text":"Analysing","type":"YA","timestamp":"2023-11-09 13:24:04"},{"nodeID":"1320288","text":"Nicole: Emily Thornberry: she request see their WhatsApp messages, for example","type":"L","timestamp":"2023-11-09 13:24:04"},{"nodeID":"1320289","text":"Asserting","type":"YA","timestamp":"2023-11-09 13:24:04"},{"nodeID":"1320290","text":"Default Transition","type":"TA","timestamp":"2023-11-09 13:24:04"},{"nodeID":"1320291","text":"Default Inference","type":"RA","timestamp":"2023-11-09 13:24:04"},{"nodeID":"1320292","text":"Arguing","type":"YA","timestamp":"2023-11-09 13:24:04"},{"nodeID":"1320293","text":"Default Transition","type":"TA","timestamp":"2023-11-09 13:24:04"},{"nodeID":"1320294","text":"Emily Thornberry: All of this is worrying","type":"L","timestamp":"2023-11-09 13:24:04"},{"nodeID":"1320295","text":"Analysing","type":"YA","timestamp":"2023-11-09 13:24:04"},{"nodeID":"1320296","text":"Nicole: Emily Thornberry: All of this is worrying","type":"L","timestamp":"2023-11-09 13:24:04"},{"nodeID":"1320297","text":"Asserting","type":"YA","timestamp":"2023-11-09 13:24:04"},{"nodeID":"1320298","text":"Emily Thornberry: she will produce an dependent report and do everything she can with the evidence put before her","type":"L","timestamp":"2023-11-09 13:24:05"},{"nodeID":"1320299","text":"Analysing","type":"YA","timestamp":"2023-11-09 13:24:05"},{"nodeID":"1320300","text":"Nicole: Emily Thornberry: she will produce an dependent report and do everything she can with the evidence put before her","type":"L","timestamp":"2023-11-09 13:24:05"},{"nodeID":"1320301","text":"Asserting","type":"YA","timestamp":"2023-11-09 13:24:05"},{"nodeID":"1320302","text":"Default Transition","type":"TA","timestamp":"2023-11-09 13:24:05"},{"nodeID":"1320303","text":"Default Transition","type":"TA","timestamp":"2023-11-09 13:24:05"},{"nodeID":"1320304","text":"Emily Thornberry: she won't be drawing conclusions","type":"L","timestamp":"2023-11-09 13:24:05"},{"nodeID":"1320305","text":"Analysing","type":"YA","timestamp":"2023-11-09 13:24:05"},{"nodeID":"1320306","text":"Nicole: Emily Thornberry: she won't be drawing conclusions","type":"L","timestamp":"2023-11-09 13:24:05"},{"nodeID":"1320307","text":"Asserting","type":"YA","timestamp":"2023-11-09 13:24:05"},{"nodeID":"1320308","text":"Default Transition","type":"TA","timestamp":"2023-11-09 13:24:05"},{"nodeID":"1320309","text":"Iain Anderson: Emily, you're drawing conclusions before we anytime to the report","type":"L","timestamp":"2023-11-09 13:24:06"},{"nodeID":"1320310","text":"Analysing","type":"YA","timestamp":"2023-11-09 13:24:06"},{"nodeID":"1320311","text":"Nicole: Iain Anderson: Emily, you're drawing conclusions before we anytime to the report","type":"L","timestamp":"2023-11-09 13:24:06"},{"nodeID":"1320312","text":"Asserting","type":"YA","timestamp":"2023-11-09 13:24:06"},{"nodeID":"1320313","text":"Default Transition","type":"TA","timestamp":"2023-11-09 13:24:06"},{"nodeID":"1320314","text":"Iain Anderson: Let's get the report before everybody refreshes your recollection","type":"L","timestamp":"2023-11-09 13:24:07"},{"nodeID":"1320315","text":"Analysing","type":"YA","timestamp":"2023-11-09 13:24:07"},{"nodeID":"1320316","text":"Nicole: Iain Anderson: Let's get the report before everybody refreshes your recollection","type":"L","timestamp":"2023-11-09 13:24:07"},{"nodeID":"1320317","text":"Asserting","type":"YA","timestamp":"2023-11-09 13:24:07"},{"nodeID":"1320318","text":"Default Transition","type":"TA","timestamp":"2023-11-09 13:24:07"},{"nodeID":"1320319","text":"Default Inference","type":"RA","timestamp":"2023-11-09 13:24:07"},{"nodeID":"1320320","text":"Default Transition","type":"TA","timestamp":"2023-11-09 13:24:07"},{"nodeID":"1320321","text":"Arguing","type":"YA","timestamp":"2023-11-09 13:24:07"},{"nodeID":"1320322","text":"Default Inference","type":"RA","timestamp":"2023-11-09 13:24:07"},{"nodeID":"1320323","text":"Default Transition","type":"TA","timestamp":"2023-11-09 13:24:07"},{"nodeID":"1320324","text":"Arguing","type":"YA","timestamp":"2023-11-09 13:24:07"},{"nodeID":"1320325","text":"Default Conflict","type":"CA","timestamp":"2023-11-09 13:24:07"},{"nodeID":"1320326","text":"Disagreeing","type":"YA","timestamp":"2023-11-09 13:24:07"}],"edges":[{"edgeID":"1732789","fromID":"1320237","toID":"1320236","formEdgeID":null},{"edgeID":"1732790","fromID":"1320238","toID":"1320237","formEdgeID":null},{"edgeID":"1732791","fromID":"1320236","toID":"1320239","formEdgeID":null},{"edgeID":"1732792","fromID":"1320239","toID":"1156607","formEdgeID":null},{"edgeID":"1732793","fromID":"1320241","toID":"1320240","formEdgeID":null},{"edgeID":"1732794","fromID":"1320242","toID":"1320241","formEdgeID":null},{"edgeID":"1732795","fromID":"1320240","toID":"1320243","formEdgeID":null},{"edgeID":"1732796","fromID":"1320243","toID":"1156611","formEdgeID":null},{"edgeID":"1732797","fromID":"1320245","toID":"1320244","formEdgeID":null},{"edgeID":"1732798","fromID":"1320246","toID":"1320245","formEdgeID":null},{"edgeID":"1732799","fromID":"1320244","toID":"1320247","formEdgeID":null},{"edgeID":"1732800","fromID":"1320247","toID":"1156616","formEdgeID":null},{"edgeID":"1732801","fromID":"1320236","toID":"1320248","formEdgeID":null},{"edgeID":"1732802","fromID":"1320248","toID":"1320240","formEdgeID":null},{"edgeID":"1732803","fromID":"1320240","toID":"1320249","formEdgeID":null},{"edgeID":"1732804","fromID":"1320249","toID":"1320244","formEdgeID":null},{"edgeID":"1732805","fromID":"1156616","toID":"1320250","formEdgeID":null},{"edgeID":"1732806","fromID":"1320250","toID":"1156611","formEdgeID":null},{"edgeID":"1732807","fromID":"1320249","toID":"1320251","formEdgeID":null},{"edgeID":"1732808","fromID":"1320251","toID":"1320250","formEdgeID":null},{"edgeID":"1732809","fromID":"1320253","toID":"1320252","formEdgeID":null},{"edgeID":"1732810","fromID":"1320254","toID":"1320253","formEdgeID":null},{"edgeID":"1732811","fromID":"1320252","toID":"1320255","formEdgeID":null},{"edgeID":"1732812","fromID":"1320255","toID":"1156625","formEdgeID":null},{"edgeID":"1732813","fromID":"1320257","toID":"1320256","formEdgeID":null},{"edgeID":"1732814","fromID":"1320258","toID":"1320257","formEdgeID":null},{"edgeID":"1732815","fromID":"1320256","toID":"1320259","formEdgeID":null},{"edgeID":"1732816","fromID":"1320259","toID":"1145362","formEdgeID":null},{"edgeID":"1732817","fromID":"1320252","toID":"1320260","formEdgeID":null},{"edgeID":"1732818","fromID":"1320260","toID":"1320256","formEdgeID":null},{"edgeID":"1732819","fromID":"1320262","toID":"1320261","formEdgeID":null},{"edgeID":"1732820","fromID":"1320263","toID":"1320262","formEdgeID":null},{"edgeID":"1732821","fromID":"1320261","toID":"1320264","formEdgeID":null},{"edgeID":"1732822","fromID":"1320264","toID":"1156634","formEdgeID":null},{"edgeID":"1732823","fromID":"1320256","toID":"1320265","formEdgeID":null},{"edgeID":"1732824","fromID":"1320265","toID":"1320261","formEdgeID":null},{"edgeID":"1732825","fromID":"1156634","toID":"1320266","formEdgeID":null},{"edgeID":"1732826","fromID":"1320266","toID":"1145362","formEdgeID":null},{"edgeID":"1732827","fromID":"1320265","toID":"1320267","formEdgeID":null},{"edgeID":"1732828","fromID":"1320267","toID":"1320266","formEdgeID":null},{"edgeID":"1732829","fromID":"1320269","toID":"1320268","formEdgeID":null},{"edgeID":"1732830","fromID":"1320270","toID":"1320269","formEdgeID":null},{"edgeID":"1732831","fromID":"1320268","toID":"1320271","formEdgeID":null},{"edgeID":"1732832","fromID":"1320271","toID":"1156642","formEdgeID":null},{"edgeID":"1732833","fromID":"1320261","toID":"1320272","formEdgeID":null},{"edgeID":"1732834","fromID":"1320272","toID":"1320268","formEdgeID":null},{"edgeID":"1732835","fromID":"1320274","toID":"1320273","formEdgeID":null},{"edgeID":"1732836","fromID":"1320275","toID":"1320274","formEdgeID":null},{"edgeID":"1732837","fromID":"1320273","toID":"1320276","formEdgeID":null},{"edgeID":"1732838","fromID":"1320276","toID":"1156648","formEdgeID":null},{"edgeID":"1732839","fromID":"1320278","toID":"1320277","formEdgeID":null},{"edgeID":"1732840","fromID":"1320279","toID":"1320278","formEdgeID":null},{"edgeID":"1732841","fromID":"1320277","toID":"1320280","formEdgeID":null},{"edgeID":"1732842","fromID":"1320280","toID":"1156653","formEdgeID":null},{"edgeID":"1732843","fromID":"1320282","toID":"1320281","formEdgeID":null},{"edgeID":"1732844","fromID":"1320283","toID":"1320282","formEdgeID":null},{"edgeID":"1732845","fromID":"1320281","toID":"1320284","formEdgeID":null},{"edgeID":"1732846","fromID":"1320284","toID":"1156658","formEdgeID":null},{"edgeID":"1732847","fromID":"1320273","toID":"1320285","formEdgeID":null},{"edgeID":"1732848","fromID":"1320285","toID":"1320281","formEdgeID":null},{"edgeID":"1732849","fromID":"1320287","toID":"1320286","formEdgeID":null},{"edgeID":"1732850","fromID":"1320288","toID":"1320287","formEdgeID":null},{"edgeID":"1732851","fromID":"1320286","toID":"1320289","formEdgeID":null},{"edgeID":"1732852","fromID":"1320289","toID":"1156664","formEdgeID":null},{"edgeID":"1732853","fromID":"1320281","toID":"1320290","formEdgeID":null},{"edgeID":"1732854","fromID":"1320290","toID":"1320286","formEdgeID":null},{"edgeID":"1732855","fromID":"1156658","toID":"1320291","formEdgeID":null},{"edgeID":"1732856","fromID":"1320291","toID":"1156664","formEdgeID":null},{"edgeID":"1732857","fromID":"1320290","toID":"1320292","formEdgeID":null},{"edgeID":"1732858","fromID":"1320292","toID":"1320291","formEdgeID":null},{"edgeID":"1732859","fromID":"1320286","toID":"1320293","formEdgeID":null},{"edgeID":"1732860","fromID":"1320293","toID":"1320277","formEdgeID":null},{"edgeID":"1732861","fromID":"1320295","toID":"1320294","formEdgeID":null},{"edgeID":"1732862","fromID":"1320296","toID":"1320295","formEdgeID":null},{"edgeID":"1732863","fromID":"1320294","toID":"1320297","formEdgeID":null},{"edgeID":"1732864","fromID":"1320297","toID":"1156673","formEdgeID":null},{"edgeID":"1732865","fromID":"1320299","toID":"1320298","formEdgeID":null},{"edgeID":"1732866","fromID":"1320300","toID":"1320299","formEdgeID":null},{"edgeID":"1732867","fromID":"1320298","toID":"1320301","formEdgeID":null},{"edgeID":"1732868","fromID":"1320301","toID":"1156678","formEdgeID":null},{"edgeID":"1732869","fromID":"1320277","toID":"1320302","formEdgeID":null},{"edgeID":"1732870","fromID":"1320302","toID":"1320294","formEdgeID":null},{"edgeID":"1732871","fromID":"1320294","toID":"1320303","formEdgeID":null},{"edgeID":"1732872","fromID":"1320303","toID":"1320298","formEdgeID":null},{"edgeID":"1732873","fromID":"1320305","toID":"1320304","formEdgeID":null},{"edgeID":"1732874","fromID":"1320306","toID":"1320305","formEdgeID":null},{"edgeID":"1732875","fromID":"1320304","toID":"1320307","formEdgeID":null},{"edgeID":"1732876","fromID":"1320307","toID":"1156685","formEdgeID":null},{"edgeID":"1732877","fromID":"1320298","toID":"1320308","formEdgeID":null},{"edgeID":"1732878","fromID":"1320308","toID":"1320304","formEdgeID":null},{"edgeID":"1732879","fromID":"1320310","toID":"1320309","formEdgeID":null},{"edgeID":"1732880","fromID":"1320311","toID":"1320310","formEdgeID":null},{"edgeID":"1732881","fromID":"1320309","toID":"1320312","formEdgeID":null},{"edgeID":"1732882","fromID":"1320312","toID":"1145367","formEdgeID":null},{"edgeID":"1732883","fromID":"1320304","toID":"1320313","formEdgeID":null},{"edgeID":"1732884","fromID":"1320313","toID":"1320309","formEdgeID":null},{"edgeID":"1732885","fromID":"1320315","toID":"1320314","formEdgeID":null},{"edgeID":"1732886","fromID":"1320316","toID":"1320315","formEdgeID":null},{"edgeID":"1732887","fromID":"1320314","toID":"1320317","formEdgeID":null},{"edgeID":"1732888","fromID":"1320317","toID":"1156695","formEdgeID":null},{"edgeID":"1732889","fromID":"1320309","toID":"1320318","formEdgeID":null},{"edgeID":"1732890","fromID":"1320318","toID":"1320314","formEdgeID":null},{"edgeID":"1732891","fromID":"1156625","toID":"1320319","formEdgeID":null},{"edgeID":"1732892","fromID":"1320319","toID":"1156607","formEdgeID":null},{"edgeID":"1732893","fromID":"1320236","toID":"1320320","formEdgeID":null},{"edgeID":"1732894","fromID":"1320320","toID":"1320252","formEdgeID":null},{"edgeID":"1732895","fromID":"1320320","toID":"1320321","formEdgeID":null},{"edgeID":"1732896","fromID":"1320321","toID":"1320319","formEdgeID":null},{"edgeID":"1732897","fromID":"1156642","toID":"1320322","formEdgeID":null},{"edgeID":"1732898","fromID":"1320322","toID":"1156634","formEdgeID":null},{"edgeID":"1732899","fromID":"1156648","toID":"1320322","formEdgeID":null},{"edgeID":"1732900","fromID":"1320261","toID":"1320323","formEdgeID":null},{"edgeID":"1732901","fromID":"1320323","toID":"1320273","formEdgeID":null},{"edgeID":"1732902","fromID":"1320323","toID":"1320324","formEdgeID":null},{"edgeID":"1732903","fromID":"1320324","toID":"1320322","formEdgeID":null},{"edgeID":"1732904","fromID":"1156685","toID":"1320325","formEdgeID":null},{"edgeID":"1732905","fromID":"1320325","toID":"1156678","formEdgeID":null},{"edgeID":"1732906","fromID":"1320308","toID":"1320326","formEdgeID":null},{"edgeID":"1732907","fromID":"1320326","toID":"1320325","formEdgeID":null}],"locutions":[]}