{"nodes":[{"nodeID":"1320966","text":"inflating this issue is a great mistake","type":"I","timestamp":"2023-11-09 13:25:08"},{"nodeID":"1320967","text":"Stephen Kerr: inflating this issue is a great mistake","type":"L","timestamp":"2023-11-09 13:25:08"},{"nodeID":"1320968","text":"Analysing","type":"YA","timestamp":"2023-11-09 13:25:08"},{"nodeID":"1320969","text":"Chris: Stephen Kerr: inflating this issue is a great mistake","type":"L","timestamp":"2023-11-09 13:25:08"},{"nodeID":"1320970","text":"Asserting","type":"YA","timestamp":"2023-11-09 13:25:08"},{"nodeID":"1320971","text":"let's talk about Jacob Rees-Mogg","type":"I","timestamp":"2023-11-09 13:25:09"},{"nodeID":"1320972","text":"Fiona Bruce: Let's talk about Rees Mogg","type":"L","timestamp":"2023-11-09 13:25:09"},{"nodeID":"1320973","text":"Analysing","type":"YA","timestamp":"2023-11-09 13:25:09"},{"nodeID":"1320974","text":"Chris: Fiona Bruce: Let's talk about Rees Mogg","type":"L","timestamp":"2023-11-09 13:25:09"},{"nodeID":"1320975","text":"Asserting","type":"YA","timestamp":"2023-11-09 13:25:09"},{"nodeID":"1320976","text":"Default Transition","type":"TA","timestamp":"2023-11-09 13:25:09"},{"nodeID":"1320977","text":"the Prime Minister was given the chance to gainsay it yesterday and did not","type":"I","timestamp":"2023-11-09 13:25:10"},{"nodeID":"1320978","text":"Fiona Bruce: The prime minister was given the chance to gainsay it yesterday and did not","type":"L","timestamp":"2023-11-09 13:25:10"},{"nodeID":"1320979","text":"Analysing","type":"YA","timestamp":"2023-11-09 13:25:10"},{"nodeID":"1320980","text":"Chris: Fiona Bruce: The prime minister was given the chance to gainsay it yesterday and did not","type":"L","timestamp":"2023-11-09 13:25:10"},{"nodeID":"1320981","text":"Asserting","type":"YA","timestamp":"2023-11-09 13:25:10"},{"nodeID":"1320982","text":"Default Transition","type":"TA","timestamp":"2023-11-09 13:25:10"},{"nodeID":"1320983","text":"Default Inference","type":"RA","timestamp":"2023-11-09 13:25:10"},{"nodeID":"1320984","text":"Arguing","type":"YA","timestamp":"2023-11-09 13:25:10"},{"nodeID":"1320985","text":"Boris Johnson is or is not damaging The Union","type":"I","timestamp":"2023-11-09 13:25:10"},{"nodeID":"1320986","text":"Fiona Bruce: Is Boris Johnson damaging the union","type":"L","timestamp":"2023-11-09 13:25:10"},{"nodeID":"1320987","text":"Analysing","type":"YA","timestamp":"2023-11-09 13:25:10"},{"nodeID":"1320988","text":"Chris: Fiona Bruce: Is Boris Johnson damaging the union","type":"L","timestamp":"2023-11-09 13:25:10"},{"nodeID":"1320989","text":"Pure Questioning","type":"YA","timestamp":"2023-11-09 13:25:10"},{"nodeID":"1320990","text":"Default Transition","type":"TA","timestamp":"2023-11-09 13:25:10"},{"nodeID":"1320991","text":"Default Rephrase","type":"MA","timestamp":"2023-11-09 13:25:10"},{"nodeID":"1320992","text":"Restating","type":"YA","timestamp":"2023-11-09 13:25:10"},{"nodeID":"1320993","text":"The Union, the future of the United Kingdom is much greater than the career of any one politician","type":"I","timestamp":"2023-11-09 13:25:11"},{"nodeID":"1320994","text":"Stephen Kerr: The union, the future of the United Kingdom is much greater than the career of any one politician","type":"L","timestamp":"2023-11-09 13:25:11"},{"nodeID":"1320995","text":"Analysing","type":"YA","timestamp":"2023-11-09 13:25:11"},{"nodeID":"1320996","text":"Chris: Stephen Kerr: The union, the future of the United Kingdom is much greater than the career of any one politician","type":"L","timestamp":"2023-11-09 13:25:11"},{"nodeID":"1320997","text":"Asserting","type":"YA","timestamp":"2023-11-09 13:25:11"},{"nodeID":"1320998","text":"Default Transition","type":"TA","timestamp":"2023-11-09 13:25:11"},{"nodeID":"1320999","text":"Stephen Kerr does or does not think Boris Johnson is damaging The Union right now","type":"I","timestamp":"2023-11-09 13:25:11"},{"nodeID":"1321000","text":"Fiona Bruce: Do you think he is damaging it right now","type":"L","timestamp":"2023-11-09 13:25:11"},{"nodeID":"1321001","text":"Analysing","type":"YA","timestamp":"2023-11-09 13:25:11"},{"nodeID":"1321002","text":"Chris: Fiona Bruce: Do you think he is damaging it right now","type":"L","timestamp":"2023-11-09 13:25:11"},{"nodeID":"1321003","text":"Pure Questioning","type":"YA","timestamp":"2023-11-09 13:25:11"},{"nodeID":"1321004","text":"Default Transition","type":"TA","timestamp":"2023-11-09 13:25:11"},{"nodeID":"1321005","text":"Default Conflict","type":"CA","timestamp":"2023-11-09 13:25:11"},{"nodeID":"1321006","text":"Disagreeing","type":"YA","timestamp":"2023-11-09 13:25:11"},{"nodeID":"1321007","text":"Stephen Kerr doesn't think Boris Johnson is damaging The Union as such","type":"I","timestamp":"2023-11-09 13:25:12"},{"nodeID":"1321008","text":"Stephen Kerr: I don't think he is deigning the union as sump","type":"L","timestamp":"2023-11-09 13:25:12"},{"nodeID":"1321009","text":"Analysing","type":"YA","timestamp":"2023-11-09 13:25:12"},{"nodeID":"1321010","text":"Chris: Stephen Kerr: I don't think he is deigning the union as sump","type":"L","timestamp":"2023-11-09 13:25:12"},{"nodeID":"1321011","text":"Asserting","type":"YA","timestamp":"2023-11-09 13:25:12"},{"nodeID":"1321012","text":"Default Transition","type":"TA","timestamp":"2023-11-09 13:25:12"},{"nodeID":"1321013","text":"Default Rephrase","type":"MA","timestamp":"2023-11-09 13:25:12"},{"nodeID":"1321014","text":"Default Illocuting","type":"YA","timestamp":"2023-11-09 13:25:12"},{"nodeID":"1321015","text":"there's laughter to Stephen Kerr's response there","type":"I","timestamp":"2023-11-09 13:25:13"},{"nodeID":"1321016","text":"Fiona Bruce: There's laughter to your response there","type":"L","timestamp":"2023-11-09 13:25:13"},{"nodeID":"1321017","text":"Analysing","type":"YA","timestamp":"2023-11-09 13:25:13"},{"nodeID":"1321018","text":"Chris: Fiona Bruce: There's laughter to your response there","type":"L","timestamp":"2023-11-09 13:25:13"},{"nodeID":"1321019","text":"Asserting","type":"YA","timestamp":"2023-11-09 13:25:13"},{"nodeID":"1321020","text":"Default Transition","type":"TA","timestamp":"2023-11-09 13:25:13"},{"nodeID":"1321021","text":"xxx is what Stephen Kerr makes of the audience laughing at his point","type":"I","timestamp":"2023-11-09 13:25:13"},{"nodeID":"1321022","text":"Fiona Bruce: What do you make of that","type":"L","timestamp":"2023-11-09 13:25:13"},{"nodeID":"1321023","text":"Analysing","type":"YA","timestamp":"2023-11-09 13:25:13"},{"nodeID":"1321024","text":"Chris: Fiona Bruce: What do you make of that","type":"L","timestamp":"2023-11-09 13:25:13"},{"nodeID":"1321025","text":"Pure Questioning","type":"YA","timestamp":"2023-11-09 13:25:13"},{"nodeID":"1321026","text":"Default Transition","type":"TA","timestamp":"2023-11-09 13:25:13"},{"nodeID":"1321027","text":"Default Inference","type":"RA","timestamp":"2023-11-09 13:25:13"},{"nodeID":"1321028","text":"Arguing","type":"YA","timestamp":"2023-11-09 13:25:13"},{"nodeID":"1321029","text":"Stephen Kerr is trying to address the issue of the fact that there is no one politician, there is no one career in politics, that's greater in sponsoring, that overshadows Scotland's place in the United Kingdom","type":"I","timestamp":"2023-11-09 13:25:14"},{"nodeID":"1321030","text":"Stephen Kerr: I'm trying to address the issue of the fact that there is no one politician, there is no one career in politics, that's greater in sponsoring, that overshadows atland's place in the United Kingdom","type":"L","timestamp":"2023-11-09 13:25:14"},{"nodeID":"1321031","text":"Analysing","type":"YA","timestamp":"2023-11-09 13:25:14"},{"nodeID":"1321032","text":"Chris: Stephen Kerr: I'm trying to address the issue of the fact that there is no one politician, there is no one career in politics, that's greater in sponsoring, that overshadows atland's place in the United Kingdom","type":"L","timestamp":"2023-11-09 13:25:14"},{"nodeID":"1321033","text":"Asserting","type":"YA","timestamp":"2023-11-09 13:25:14"},{"nodeID":"1321034","text":"Default Transition","type":"TA","timestamp":"2023-11-09 13:25:14"},{"nodeID":"1321035","text":"Default Rephrase","type":"MA","timestamp":"2023-11-09 13:25:14"},{"nodeID":"1321036","text":"nationalists channel every issue that comes along as a statute of limitations issue","type":"I","timestamp":"2023-11-09 13:25:14"},{"nodeID":"1321037","text":"Stephen Kerr: Nationalist channel every issue that consumption along as a statute of limitations issue","type":"L","timestamp":"2023-11-09 13:25:14"},{"nodeID":"1321038","text":"Analysing","type":"YA","timestamp":"2023-11-09 13:25:14"},{"nodeID":"1321039","text":"Chris: Stephen Kerr: Nationalist channel every issue that consumption along as a statute of limitations issue","type":"L","timestamp":"2023-11-09 13:25:14"},{"nodeID":"1321040","text":"Asserting","type":"YA","timestamp":"2023-11-09 13:25:14"},{"nodeID":"1321041","text":"Default Transition","type":"TA","timestamp":"2023-11-09 13:25:14"},{"nodeID":"1321042","text":"Default Illocuting","type":"YA","timestamp":"2023-11-09 13:25:14"},{"nodeID":"1321043","text":"Default Inference","type":"RA","timestamp":"2023-11-09 13:25:14"},{"nodeID":"1321044","text":"Arguing","type":"YA","timestamp":"2023-11-09 13:25:14"},{"nodeID":"1321045","text":"the issue we are discussing is not a constitutional issue","type":"I","timestamp":"2023-11-09 13:25:15"},{"nodeID":"1321046","text":"Stephen Kerr: The issue we are discussing is not a consciously tuitional issue","type":"L","timestamp":"2023-11-09 13:25:15"},{"nodeID":"1321047","text":"Analysing","type":"YA","timestamp":"2023-11-09 13:25:15"},{"nodeID":"1321048","text":"Chris: Stephen Kerr: The issue we are discussing is not a consciously tuitional issue","type":"L","timestamp":"2023-11-09 13:25:15"},{"nodeID":"1321049","text":"Asserting","type":"YA","timestamp":"2023-11-09 13:25:15"},{"nodeID":"1321050","text":"Default Transition","type":"TA","timestamp":"2023-11-09 13:25:15"},{"nodeID":"1321051","text":"Default Rephrase","type":"MA","timestamp":"2023-11-09 13:25:15"},{"nodeID":"1321052","text":"Restating","type":"YA","timestamp":"2023-11-09 13:25:15"},{"nodeID":"1321053","text":"the office of the Scottish Tory leader is not a lightweight issue","type":"I","timestamp":"2023-11-09 13:25:16"},{"nodeID":"1321054","text":"Stephen Kerr: The office of the Scottishtory leader is not a lightweight issue","type":"L","timestamp":"2023-11-09 13:25:16"},{"nodeID":"1321055","text":"Analysing","type":"YA","timestamp":"2023-11-09 13:25:16"},{"nodeID":"1321056","text":"Chris: Stephen Kerr: The office of the Scottishtory leader is not a lightweight issue","type":"L","timestamp":"2023-11-09 13:25:16"},{"nodeID":"1321057","text":"Asserting","type":"YA","timestamp":"2023-11-09 13:25:16"},{"nodeID":"1321058","text":"Default Transition","type":"TA","timestamp":"2023-11-09 13:25:16"},{"nodeID":"1321059","text":"Default Rephrase","type":"MA","timestamp":"2023-11-09 13:25:16"},{"nodeID":"1321060","text":"Restating","type":"YA","timestamp":"2023-11-09 13:25:16"},{"nodeID":"1321061","text":"Douglas Ross may be many things ushering but Stephen Kerr will tell you this, he isn't any kind of a lightweight politician","type":"I","timestamp":"2023-11-09 13:25:16"},{"nodeID":"1321062","text":"Stephen Kerr: he may be many things ushering but I'll tell you this, he anti-any King of a lightweight politician","type":"L","timestamp":"2023-11-09 13:25:16"},{"nodeID":"1321063","text":"Analysing","type":"YA","timestamp":"2023-11-09 13:25:16"},{"nodeID":"1321064","text":"Chris: Stephen Kerr: he may be many things ushering but I'll tell you this, he anti-any King of a lightweight politician","type":"L","timestamp":"2023-11-09 13:25:16"},{"nodeID":"1321065","text":"Asserting","type":"YA","timestamp":"2023-11-09 13:25:16"},{"nodeID":"1321066","text":"Default Transition","type":"TA","timestamp":"2023-11-09 13:25:16"},{"nodeID":"1321067","text":"Douglas Ross is a substantial, principled person who Stephen Kerr greatly admires, Frank and fully support","type":"I","timestamp":"2023-11-09 13:25:17"},{"nodeID":"1321068","text":"Stephen Kerr: He is a substantial, PRINLDZ person who I greatly admire, Frank and fully support","type":"L","timestamp":"2023-11-09 13:25:17"},{"nodeID":"1321069","text":"Analysing","type":"YA","timestamp":"2023-11-09 13:25:17"},{"nodeID":"1321070","text":"Chris: Stephen Kerr: He is a substantial, PRINLDZ person who I greatly admire, Frank and fully support","type":"L","timestamp":"2023-11-09 13:25:17"},{"nodeID":"1321071","text":"Asserting","type":"YA","timestamp":"2023-11-09 13:25:17"},{"nodeID":"1321072","text":"Default Transition","type":"TA","timestamp":"2023-11-09 13:25:17"},{"nodeID":"1321073","text":"Default Inference","type":"RA","timestamp":"2023-11-09 13:25:17"},{"nodeID":"1321074","text":"Arguing","type":"YA","timestamp":"2023-11-09 13:25:17"}],"edges":[{"edgeID":"1733736","fromID":"1320968","toID":"1320967","formEdgeID":null},{"edgeID":"1733737","fromID":"1320969","toID":"1320968","formEdgeID":null},{"edgeID":"1733738","fromID":"1320967","toID":"1320970","formEdgeID":null},{"edgeID":"1733739","fromID":"1320970","toID":"1320966","formEdgeID":null},{"edgeID":"1733740","fromID":"1320973","toID":"1320972","formEdgeID":null},{"edgeID":"1733741","fromID":"1320974","toID":"1320973","formEdgeID":null},{"edgeID":"1733742","fromID":"1320972","toID":"1320975","formEdgeID":null},{"edgeID":"1733743","fromID":"1320975","toID":"1320971","formEdgeID":null},{"edgeID":"1733744","fromID":"1320967","toID":"1320976","formEdgeID":null},{"edgeID":"1733745","fromID":"1320976","toID":"1320972","formEdgeID":null},{"edgeID":"1733746","fromID":"1320979","toID":"1320978","formEdgeID":null},{"edgeID":"1733747","fromID":"1320980","toID":"1320979","formEdgeID":null},{"edgeID":"1733748","fromID":"1320978","toID":"1320981","formEdgeID":null},{"edgeID":"1733749","fromID":"1320981","toID":"1320977","formEdgeID":null},{"edgeID":"1733750","fromID":"1320972","toID":"1320982","formEdgeID":null},{"edgeID":"1733751","fromID":"1320982","toID":"1320978","formEdgeID":null},{"edgeID":"1733752","fromID":"1320977","toID":"1320983","formEdgeID":null},{"edgeID":"1733753","fromID":"1320983","toID":"1320971","formEdgeID":null},{"edgeID":"1733754","fromID":"1320982","toID":"1320984","formEdgeID":null},{"edgeID":"1733755","fromID":"1320984","toID":"1320983","formEdgeID":null},{"edgeID":"1733756","fromID":"1320987","toID":"1320986","formEdgeID":null},{"edgeID":"1733757","fromID":"1320988","toID":"1320987","formEdgeID":null},{"edgeID":"1733758","fromID":"1320986","toID":"1320989","formEdgeID":null},{"edgeID":"1733759","fromID":"1320989","toID":"1320985","formEdgeID":null},{"edgeID":"1733760","fromID":"1320978","toID":"1320990","formEdgeID":null},{"edgeID":"1733761","fromID":"1320990","toID":"1320986","formEdgeID":null},{"edgeID":"1733762","fromID":"1320985","toID":"1320991","formEdgeID":null},{"edgeID":"1733763","fromID":"1320991","toID":"1320977","formEdgeID":null},{"edgeID":"1733764","fromID":"1320990","toID":"1320992","formEdgeID":null},{"edgeID":"1733765","fromID":"1320992","toID":"1320991","formEdgeID":null},{"edgeID":"1733766","fromID":"1320995","toID":"1320994","formEdgeID":null},{"edgeID":"1733767","fromID":"1320996","toID":"1320995","formEdgeID":null},{"edgeID":"1733768","fromID":"1320994","toID":"1320997","formEdgeID":null},{"edgeID":"1733769","fromID":"1320997","toID":"1320993","formEdgeID":null},{"edgeID":"1733770","fromID":"1320986","toID":"1320998","formEdgeID":null},{"edgeID":"1733771","fromID":"1320998","toID":"1320994","formEdgeID":null},{"edgeID":"1733772","fromID":"1321001","toID":"1321000","formEdgeID":null},{"edgeID":"1733773","fromID":"1321002","toID":"1321001","formEdgeID":null},{"edgeID":"1733774","fromID":"1321000","toID":"1321003","formEdgeID":null},{"edgeID":"1733775","fromID":"1321003","toID":"1320999","formEdgeID":null},{"edgeID":"1733776","fromID":"1320994","toID":"1321004","formEdgeID":null},{"edgeID":"1733777","fromID":"1321004","toID":"1321000","formEdgeID":null},{"edgeID":"1733778","fromID":"1320999","toID":"1321005","formEdgeID":null},{"edgeID":"1733779","fromID":"1321005","toID":"1320993","formEdgeID":null},{"edgeID":"1733780","fromID":"1321004","toID":"1321006","formEdgeID":null},{"edgeID":"1733781","fromID":"1321006","toID":"1321005","formEdgeID":null},{"edgeID":"1733782","fromID":"1321009","toID":"1321008","formEdgeID":null},{"edgeID":"1733783","fromID":"1321010","toID":"1321009","formEdgeID":null},{"edgeID":"1733784","fromID":"1321008","toID":"1321011","formEdgeID":null},{"edgeID":"1733785","fromID":"1321011","toID":"1321007","formEdgeID":null},{"edgeID":"1733786","fromID":"1321000","toID":"1321012","formEdgeID":null},{"edgeID":"1733787","fromID":"1321012","toID":"1321008","formEdgeID":null},{"edgeID":"1733788","fromID":"1321007","toID":"1321013","formEdgeID":null},{"edgeID":"1733789","fromID":"1321013","toID":"1320999","formEdgeID":null},{"edgeID":"1733790","fromID":"1321012","toID":"1321014","formEdgeID":null},{"edgeID":"1733791","fromID":"1321014","toID":"1321013","formEdgeID":null},{"edgeID":"1733792","fromID":"1321017","toID":"1321016","formEdgeID":null},{"edgeID":"1733793","fromID":"1321018","toID":"1321017","formEdgeID":null},{"edgeID":"1733794","fromID":"1321016","toID":"1321019","formEdgeID":null},{"edgeID":"1733795","fromID":"1321019","toID":"1321015","formEdgeID":null},{"edgeID":"1733796","fromID":"1321008","toID":"1321020","formEdgeID":null},{"edgeID":"1733797","fromID":"1321020","toID":"1321016","formEdgeID":null},{"edgeID":"1733798","fromID":"1321023","toID":"1321022","formEdgeID":null},{"edgeID":"1733799","fromID":"1321024","toID":"1321023","formEdgeID":null},{"edgeID":"1733800","fromID":"1321022","toID":"1321025","formEdgeID":null},{"edgeID":"1733801","fromID":"1321025","toID":"1321021","formEdgeID":null},{"edgeID":"1733802","fromID":"1321016","toID":"1321026","formEdgeID":null},{"edgeID":"1733803","fromID":"1321026","toID":"1321022","formEdgeID":null},{"edgeID":"1733804","fromID":"1321015","toID":"1321027","formEdgeID":null},{"edgeID":"1733805","fromID":"1321027","toID":"1321021","formEdgeID":null},{"edgeID":"1733806","fromID":"1321026","toID":"1321028","formEdgeID":null},{"edgeID":"1733807","fromID":"1321028","toID":"1321027","formEdgeID":null},{"edgeID":"1733808","fromID":"1321031","toID":"1321030","formEdgeID":null},{"edgeID":"1733809","fromID":"1321032","toID":"1321031","formEdgeID":null},{"edgeID":"1733810","fromID":"1321030","toID":"1321033","formEdgeID":null},{"edgeID":"1733811","fromID":"1321033","toID":"1321029","formEdgeID":null},{"edgeID":"1733812","fromID":"1321022","toID":"1321034","formEdgeID":null},{"edgeID":"1733813","fromID":"1321034","toID":"1321030","formEdgeID":null},{"edgeID":"1733814","fromID":"1321029","toID":"1321035","formEdgeID":null},{"edgeID":"1733815","fromID":"1321035","toID":"1321021","formEdgeID":null},{"edgeID":"1733816","fromID":"1321038","toID":"1321037","formEdgeID":null},{"edgeID":"1733817","fromID":"1321039","toID":"1321038","formEdgeID":null},{"edgeID":"1733818","fromID":"1321037","toID":"1321040","formEdgeID":null},{"edgeID":"1733819","fromID":"1321040","toID":"1321036","formEdgeID":null},{"edgeID":"1733820","fromID":"1321030","toID":"1321041","formEdgeID":null},{"edgeID":"1733821","fromID":"1321041","toID":"1321037","formEdgeID":null},{"edgeID":"1733822","fromID":"1321034","toID":"1321042","formEdgeID":null},{"edgeID":"1733823","fromID":"1321042","toID":"1321035","formEdgeID":null},{"edgeID":"1733824","fromID":"1321036","toID":"1321043","formEdgeID":null},{"edgeID":"1733825","fromID":"1321043","toID":"1321029","formEdgeID":null},{"edgeID":"1733826","fromID":"1321041","toID":"1321044","formEdgeID":null},{"edgeID":"1733827","fromID":"1321044","toID":"1321043","formEdgeID":null},{"edgeID":"1733828","fromID":"1321047","toID":"1321046","formEdgeID":null},{"edgeID":"1733829","fromID":"1321048","toID":"1321047","formEdgeID":null},{"edgeID":"1733830","fromID":"1321046","toID":"1321049","formEdgeID":null},{"edgeID":"1733831","fromID":"1321049","toID":"1321045","formEdgeID":null},{"edgeID":"1733832","fromID":"1321037","toID":"1321050","formEdgeID":null},{"edgeID":"1733833","fromID":"1321050","toID":"1321046","formEdgeID":null},{"edgeID":"1733834","fromID":"1321045","toID":"1321051","formEdgeID":null},{"edgeID":"1733835","fromID":"1321051","toID":"1321036","formEdgeID":null},{"edgeID":"1733836","fromID":"1321050","toID":"1321052","formEdgeID":null},{"edgeID":"1733837","fromID":"1321052","toID":"1321051","formEdgeID":null},{"edgeID":"1733838","fromID":"1321055","toID":"1321054","formEdgeID":null},{"edgeID":"1733839","fromID":"1321056","toID":"1321055","formEdgeID":null},{"edgeID":"1733840","fromID":"1321054","toID":"1321057","formEdgeID":null},{"edgeID":"1733841","fromID":"1321057","toID":"1321053","formEdgeID":null},{"edgeID":"1733842","fromID":"1321046","toID":"1321058","formEdgeID":null},{"edgeID":"1733843","fromID":"1321058","toID":"1321054","formEdgeID":null},{"edgeID":"1733844","fromID":"1321053","toID":"1321059","formEdgeID":null},{"edgeID":"1733845","fromID":"1321059","toID":"1321045","formEdgeID":null},{"edgeID":"1733846","fromID":"1321058","toID":"1321060","formEdgeID":null},{"edgeID":"1733847","fromID":"1321060","toID":"1321059","formEdgeID":null},{"edgeID":"1733848","fromID":"1321063","toID":"1321062","formEdgeID":null},{"edgeID":"1733849","fromID":"1321064","toID":"1321063","formEdgeID":null},{"edgeID":"1733850","fromID":"1321062","toID":"1321065","formEdgeID":null},{"edgeID":"1733851","fromID":"1321065","toID":"1321061","formEdgeID":null},{"edgeID":"1733852","fromID":"1321054","toID":"1321066","formEdgeID":null},{"edgeID":"1733853","fromID":"1321066","toID":"1321062","formEdgeID":null},{"edgeID":"1733854","fromID":"1321069","toID":"1321068","formEdgeID":null},{"edgeID":"1733855","fromID":"1321070","toID":"1321069","formEdgeID":null},{"edgeID":"1733856","fromID":"1321068","toID":"1321071","formEdgeID":null},{"edgeID":"1733857","fromID":"1321071","toID":"1321067","formEdgeID":null},{"edgeID":"1733858","fromID":"1321062","toID":"1321072","formEdgeID":null},{"edgeID":"1733859","fromID":"1321072","toID":"1321068","formEdgeID":null},{"edgeID":"1733860","fromID":"1321067","toID":"1321073","formEdgeID":null},{"edgeID":"1733861","fromID":"1321073","toID":"1321061","formEdgeID":null},{"edgeID":"1733862","fromID":"1321072","toID":"1321074","formEdgeID":null},{"edgeID":"1733863","fromID":"1321074","toID":"1321073","formEdgeID":null}],"locutions":[]}