{"nodes":[{"nodeID":"1323058","text":"this is a topic that I have a lot of sympathy with","type":"I","timestamp":"2023-11-09 13:28:07"},{"nodeID":"1323059","text":"Mairi McAllan: Things a topic that I have a lot of sympathy with","type":"L","timestamp":"2023-11-09 13:28:07"},{"nodeID":"1323060","text":"Analysing","type":"YA","timestamp":"2023-11-09 13:28:07"},{"nodeID":"1323061","text":"Fyfe: Mairi McAllan: Things a topic that I have a lot of sympathy with","type":"L","timestamp":"2023-11-09 13:28:07"},{"nodeID":"1323062","text":"Asserting","type":"YA","timestamp":"2023-11-09 13:28:07"},{"nodeID":"1323063","text":"Mairi McAllan is not from St. Andrews but the area she represents in rural Lancashire and has a lot of the same problems","type":"I","timestamp":"2023-11-09 13:28:08"},{"nodeID":"1323064","text":"Mairi McAllan: I'm not from this area but the area I Republic in rural Lancashire has a lot of the same problems","type":"L","timestamp":"2023-11-09 13:28:08"},{"nodeID":"1323065","text":"Analysing","type":"YA","timestamp":"2023-11-09 13:28:08"},{"nodeID":"1323066","text":"Fyfe: Mairi McAllan: I'm not from this area but the area I Republic in rural Lancashire has a lot of the same problems","type":"L","timestamp":"2023-11-09 13:28:08"},{"nodeID":"1323067","text":"Asserting","type":"YA","timestamp":"2023-11-09 13:28:08"},{"nodeID":"1323068","text":"Default Transition","type":"TA","timestamp":"2023-11-09 13:28:08"},{"nodeID":"1323069","text":"Mairi McAllan grew up there and as a young person, who was determined to make her life and career in the area, that there were so many pressures which can make you give up and move to elsewhere","type":"I","timestamp":"2023-11-09 13:28:08"},{"nodeID":"1323070","text":"Mairi McAllan:  I grew up there and would saw how as a young person, determined to make my life and career in those areas, there are so many pressures which can make you give up and move to elsewhere","type":"L","timestamp":"2023-11-09 13:28:08"},{"nodeID":"1323071","text":"Analysing","type":"YA","timestamp":"2023-11-09 13:28:08"},{"nodeID":"1323072","text":"Fyfe: Mairi McAllan:  I grew up there and would saw how as a young person, determined to make my life and career in those areas, there are so many pressures which can make you give up and move to elsewhere","type":"L","timestamp":"2023-11-09 13:28:08"},{"nodeID":"1323073","text":"Asserting","type":"YA","timestamp":"2023-11-09 13:28:08"},{"nodeID":"1323074","text":"Default Transition","type":"TA","timestamp":"2023-11-09 13:28:08"},{"nodeID":"1323075","text":"the pressure to move elsewhere is access to jobs","type":"I","timestamp":"2023-11-09 13:28:09"},{"nodeID":"1323076","text":"Mairi McAllan:  It is access to jobs","type":"L","timestamp":"2023-11-09 13:28:09"},{"nodeID":"1323077","text":"Analysing","type":"YA","timestamp":"2023-11-09 13:28:09"},{"nodeID":"1323078","text":"Fyfe: Mairi McAllan:  It is access to jobs","type":"L","timestamp":"2023-11-09 13:28:09"},{"nodeID":"1323079","text":"Asserting","type":"YA","timestamp":"2023-11-09 13:28:09"},{"nodeID":"1323080","text":"Default Transition","type":"TA","timestamp":"2023-11-09 13:28:09"},{"nodeID":"1323081","text":"Default Rephrase","type":"MA","timestamp":"2023-11-09 13:28:09"},{"nodeID":"1323082","text":"Restating","type":"YA","timestamp":"2023-11-09 13:28:09"},{"nodeID":"1323083","text":"the pressure to move elsewhere is access to services","type":"I","timestamp":"2023-11-09 13:28:09"},{"nodeID":"1323084","text":"Mairi McAllan:  it is access to services","type":"L","timestamp":"2023-11-09 13:28:09"},{"nodeID":"1323085","text":"Analysing","type":"YA","timestamp":"2023-11-09 13:28:09"},{"nodeID":"1323086","text":"Fyfe: Mairi McAllan:  it is access to services","type":"L","timestamp":"2023-11-09 13:28:09"},{"nodeID":"1323087","text":"Asserting","type":"YA","timestamp":"2023-11-09 13:28:09"},{"nodeID":"1323088","text":"Default Transition","type":"TA","timestamp":"2023-11-09 13:28:09"},{"nodeID":"1323089","text":"Default Transition","type":"TA","timestamp":"2023-11-09 13:28:09"},{"nodeID":"1323090","text":"Default Rephrase","type":"MA","timestamp":"2023-11-09 13:28:09"},{"nodeID":"1323091","text":"Restating","type":"YA","timestamp":"2023-11-09 13:28:09"},{"nodeID":"1323092","text":"the pressure to move elsewhere is the availability and affordability of housing","type":"I","timestamp":"2023-11-09 13:28:10"},{"nodeID":"1323093","text":"Mairi McAllan: it is the availability and affordability of housing","type":"L","timestamp":"2023-11-09 13:28:10"},{"nodeID":"1323094","text":"Analysing","type":"YA","timestamp":"2023-11-09 13:28:10"},{"nodeID":"1323095","text":"Fyfe: Mairi McAllan: it is the availability and affordability of housing","type":"L","timestamp":"2023-11-09 13:28:10"},{"nodeID":"1323096","text":"Asserting","type":"YA","timestamp":"2023-11-09 13:28:10"},{"nodeID":"1323097","text":"Default Transition","type":"TA","timestamp":"2023-11-09 13:28:10"},{"nodeID":"1323098","text":"Default Rephrase","type":"MA","timestamp":"2023-11-09 13:28:10"},{"nodeID":"1323099","text":"Default Transition","type":"TA","timestamp":"2023-11-09 13:28:10"},{"nodeID":"1323100","text":"Restating","type":"YA","timestamp":"2023-11-09 13:28:10"},{"nodeID":"1323101","text":"Mairi McAllan is very much in favour not only in the, you know regulation but in community empowerment","type":"I","timestamp":"2023-11-09 13:28:11"},{"nodeID":"1323102","text":"Mairi McAllan:  I'm very much in favour not only in the, you know regulation but in community empowerment","type":"L","timestamp":"2023-11-09 13:28:11"},{"nodeID":"1323103","text":"Analysing","type":"YA","timestamp":"2023-11-09 13:28:11"},{"nodeID":"1323104","text":"Fyfe: Mairi McAllan:  I'm very much in favour not only in the, you know regulation but in community empowerment","type":"L","timestamp":"2023-11-09 13:28:11"},{"nodeID":"1323105","text":"Asserting","type":"YA","timestamp":"2023-11-09 13:28:11"},{"nodeID":"1323106","text":"Default Transition","type":"TA","timestamp":"2023-11-09 13:28:11"},{"nodeID":"1323107","text":"community empowerment allows communities to decide how best to manage the tourism in their area which in many ways is important","type":"I","timestamp":"2023-11-09 13:28:11"},{"nodeID":"1323108","text":"Mairi McAllan: allow communities to decide how best to manage the tourism in their area which in many ways is important","type":"L","timestamp":"2023-11-09 13:28:11"},{"nodeID":"1323109","text":"Analysing","type":"YA","timestamp":"2023-11-09 13:28:11"},{"nodeID":"1323110","text":"Fyfe: Mairi McAllan: allow communities to decide how best to manage the tourism in their area which in many ways is important","type":"L","timestamp":"2023-11-09 13:28:11"},{"nodeID":"1323111","text":"Asserting","type":"YA","timestamp":"2023-11-09 13:28:11"},{"nodeID":"1323112","text":"Default Transition","type":"TA","timestamp":"2023-11-09 13:28:11"},{"nodeID":"1323113","text":"Default Inference","type":"RA","timestamp":"2023-11-09 13:28:11"},{"nodeID":"1323114","text":"Arguing","type":"YA","timestamp":"2023-11-09 13:28:11"},{"nodeID":"1323115","text":"Mairi McAllan would do xxx do about the housing crisis","type":"I","timestamp":"2023-11-09 13:28:12"},{"nodeID":"1323116","text":"Fiona Bruce: What would you do about it","type":"L","timestamp":"2023-11-09 13:28:12"},{"nodeID":"1323117","text":"Analysing","type":"YA","timestamp":"2023-11-09 13:28:12"},{"nodeID":"1323118","text":"Fyfe: Fiona Bruce: What would you do about it","type":"L","timestamp":"2023-11-09 13:28:12"},{"nodeID":"1323119","text":"Pure Questioning","type":"YA","timestamp":"2023-11-09 13:28:12"},{"nodeID":"1323120","text":"you still have control over housing, you are in a position to do something","type":"I","timestamp":"2023-11-09 13:28:12"},{"nodeID":"1323121","text":"Fiona Bruce:  How much is devolved, you're in a position to do something","type":"L","timestamp":"2023-11-09 13:28:12"},{"nodeID":"1323122","text":"Analysing","type":"YA","timestamp":"2023-11-09 13:28:12"},{"nodeID":"1323123","text":"Fyfe: Fiona Bruce:  How much is devolved, you're in a position to do something","type":"L","timestamp":"2023-11-09 13:28:12"},{"nodeID":"1323124","text":"Assertive Questioning","type":"YA","timestamp":"2023-11-09 13:28:12"},{"nodeID":"1323125","text":"Mairi McAllan is going to do xxx about the housing crisis","type":"I","timestamp":"2023-11-09 13:28:13"},{"nodeID":"1323126","text":"Fiona Bruce:  What are you going to do","type":"L","timestamp":"2023-11-09 13:28:13"},{"nodeID":"1323127","text":"Analysing","type":"YA","timestamp":"2023-11-09 13:28:13"},{"nodeID":"1323128","text":"Fyfe: Fiona Bruce:  What are you going to do","type":"L","timestamp":"2023-11-09 13:28:13"},{"nodeID":"1323129","text":"Pure Questioning","type":"YA","timestamp":"2023-11-09 13:28:13"},{"nodeID":"1323130","text":"Default Transition","type":"TA","timestamp":"2023-11-09 13:28:13"},{"nodeID":"1323131","text":"Default Transition","type":"TA","timestamp":"2023-11-09 13:28:13"},{"nodeID":"1323132","text":"Default Transition","type":"TA","timestamp":"2023-11-09 13:28:13"},{"nodeID":"1323133","text":"Default Rephrase","type":"MA","timestamp":"2023-11-09 13:28:13"},{"nodeID":"1323134","text":"Default Transition","type":"TA","timestamp":"2023-11-09 13:28:13"},{"nodeID":"1323135","text":"Restating","type":"YA","timestamp":"2023-11-09 13:28:13"},{"nodeID":"1323136","text":"the SNP have built one hundred thousand houses with a percentage which are affordable","type":"I","timestamp":"2023-11-09 13:28:14"},{"nodeID":"1323137","text":"Mairi McAllan: We have built 1 hung thousand houses with a percentage which are affordable","type":"L","timestamp":"2023-11-09 13:28:14"},{"nodeID":"1323138","text":"Analysing","type":"YA","timestamp":"2023-11-09 13:28:14"},{"nodeID":"1323139","text":"Fyfe: Mairi McAllan: We have built 1 hung thousand houses with a percentage which are affordable","type":"L","timestamp":"2023-11-09 13:28:14"},{"nodeID":"1323140","text":"Asserting","type":"YA","timestamp":"2023-11-09 13:28:14"},{"nodeID":"1323141","text":"Default Transition","type":"TA","timestamp":"2023-11-09 13:28:14"},{"nodeID":"1323142","text":"the SNP have launched our housing to 2040 strategy","type":"I","timestamp":"2023-11-09 13:28:14"},{"nodeID":"1323143","text":"Mairi McAllan: We have launched our housing to 2040 strategy","type":"L","timestamp":"2023-11-09 13:28:14"},{"nodeID":"1323144","text":"Analysing","type":"YA","timestamp":"2023-11-09 13:28:14"},{"nodeID":"1323145","text":"Fyfe: Mairi McAllan: We have launched our housing to 2040 strategy","type":"L","timestamp":"2023-11-09 13:28:14"},{"nodeID":"1323146","text":"Asserting","type":"YA","timestamp":"2023-11-09 13:28:14"},{"nodeID":"1323147","text":"Default Transition","type":"TA","timestamp":"2023-11-09 13:28:14"},{"nodeID":"1323148","text":"what about a cap on student homes","type":"I","timestamp":"2023-11-09 13:28:15"},{"nodeID":"1323149","text":"Fiona Bruce: Whether or not about a cap on student homes","type":"L","timestamp":"2023-11-09 13:28:15"},{"nodeID":"1323150","text":"Analysing","type":"YA","timestamp":"2023-11-09 13:28:15"},{"nodeID":"1323151","text":"Fyfe: Fiona Bruce: Whether or not about a cap on student homes","type":"L","timestamp":"2023-11-09 13:28:15"},{"nodeID":"1323152","text":"Pure Challenging","type":"YA","timestamp":"2023-11-09 13:28:15"},{"nodeID":"1323153","text":"Default Transition","type":"TA","timestamp":"2023-11-09 13:28:15"}],"edges":[{"edgeID":"1736224","fromID":"1323060","toID":"1323059","formEdgeID":null},{"edgeID":"1736225","fromID":"1323061","toID":"1323060","formEdgeID":null},{"edgeID":"1736226","fromID":"1323059","toID":"1323062","formEdgeID":null},{"edgeID":"1736227","fromID":"1323062","toID":"1323058","formEdgeID":null},{"edgeID":"1736228","fromID":"1323065","toID":"1323064","formEdgeID":null},{"edgeID":"1736229","fromID":"1323066","toID":"1323065","formEdgeID":null},{"edgeID":"1736230","fromID":"1323064","toID":"1323067","formEdgeID":null},{"edgeID":"1736231","fromID":"1323067","toID":"1323063","formEdgeID":null},{"edgeID":"1736232","fromID":"1323059","toID":"1323068","formEdgeID":null},{"edgeID":"1736233","fromID":"1323068","toID":"1323064","formEdgeID":null},{"edgeID":"1736234","fromID":"1323071","toID":"1323070","formEdgeID":null},{"edgeID":"1736235","fromID":"1323072","toID":"1323071","formEdgeID":null},{"edgeID":"1736236","fromID":"1323070","toID":"1323073","formEdgeID":null},{"edgeID":"1736237","fromID":"1323073","toID":"1323069","formEdgeID":null},{"edgeID":"1736238","fromID":"1323064","toID":"1323074","formEdgeID":null},{"edgeID":"1736239","fromID":"1323074","toID":"1323070","formEdgeID":null},{"edgeID":"1736240","fromID":"1323077","toID":"1323076","formEdgeID":null},{"edgeID":"1736241","fromID":"1323078","toID":"1323077","formEdgeID":null},{"edgeID":"1736242","fromID":"1323076","toID":"1323079","formEdgeID":null},{"edgeID":"1736243","fromID":"1323079","toID":"1323075","formEdgeID":null},{"edgeID":"1736244","fromID":"1323070","toID":"1323080","formEdgeID":null},{"edgeID":"1736245","fromID":"1323080","toID":"1323076","formEdgeID":null},{"edgeID":"1736246","fromID":"1323075","toID":"1323081","formEdgeID":null},{"edgeID":"1736247","fromID":"1323081","toID":"1323069","formEdgeID":null},{"edgeID":"1736248","fromID":"1323080","toID":"1323082","formEdgeID":null},{"edgeID":"1736249","fromID":"1323082","toID":"1323081","formEdgeID":null},{"edgeID":"1736250","fromID":"1323085","toID":"1323084","formEdgeID":null},{"edgeID":"1736251","fromID":"1323086","toID":"1323085","formEdgeID":null},{"edgeID":"1736252","fromID":"1323084","toID":"1323087","formEdgeID":null},{"edgeID":"1736253","fromID":"1323087","toID":"1323083","formEdgeID":null},{"edgeID":"1736254","fromID":"1323076","toID":"1323088","formEdgeID":null},{"edgeID":"1736255","fromID":"1323088","toID":"1323084","formEdgeID":null},{"edgeID":"1736256","fromID":"1323070","toID":"1323089","formEdgeID":null},{"edgeID":"1736257","fromID":"1323089","toID":"1323084","formEdgeID":null},{"edgeID":"1736258","fromID":"1323083","toID":"1323090","formEdgeID":null},{"edgeID":"1736259","fromID":"1323090","toID":"1323069","formEdgeID":null},{"edgeID":"1736260","fromID":"1323089","toID":"1323091","formEdgeID":null},{"edgeID":"1736261","fromID":"1323091","toID":"1323090","formEdgeID":null},{"edgeID":"1736262","fromID":"1323094","toID":"1323093","formEdgeID":null},{"edgeID":"1736263","fromID":"1323095","toID":"1323094","formEdgeID":null},{"edgeID":"1736264","fromID":"1323093","toID":"1323096","formEdgeID":null},{"edgeID":"1736265","fromID":"1323096","toID":"1323092","formEdgeID":null},{"edgeID":"1736266","fromID":"1323084","toID":"1323097","formEdgeID":null},{"edgeID":"1736267","fromID":"1323097","toID":"1323093","formEdgeID":null},{"edgeID":"1736268","fromID":"1323092","toID":"1323098","formEdgeID":null},{"edgeID":"1736269","fromID":"1323098","toID":"1323069","formEdgeID":null},{"edgeID":"1736270","fromID":"1323070","toID":"1323099","formEdgeID":null},{"edgeID":"1736271","fromID":"1323099","toID":"1323093","formEdgeID":null},{"edgeID":"1736272","fromID":"1323099","toID":"1323100","formEdgeID":null},{"edgeID":"1736273","fromID":"1323100","toID":"1323098","formEdgeID":null},{"edgeID":"1736274","fromID":"1323103","toID":"1323102","formEdgeID":null},{"edgeID":"1736275","fromID":"1323104","toID":"1323103","formEdgeID":null},{"edgeID":"1736276","fromID":"1323102","toID":"1323105","formEdgeID":null},{"edgeID":"1736277","fromID":"1323105","toID":"1323101","formEdgeID":null},{"edgeID":"1736278","fromID":"1323093","toID":"1323106","formEdgeID":null},{"edgeID":"1736279","fromID":"1323106","toID":"1323102","formEdgeID":null},{"edgeID":"1736280","fromID":"1323109","toID":"1323108","formEdgeID":null},{"edgeID":"1736281","fromID":"1323110","toID":"1323109","formEdgeID":null},{"edgeID":"1736282","fromID":"1323108","toID":"1323111","formEdgeID":null},{"edgeID":"1736283","fromID":"1323111","toID":"1323107","formEdgeID":null},{"edgeID":"1736284","fromID":"1323102","toID":"1323112","formEdgeID":null},{"edgeID":"1736285","fromID":"1323112","toID":"1323108","formEdgeID":null},{"edgeID":"1736286","fromID":"1323107","toID":"1323113","formEdgeID":null},{"edgeID":"1736287","fromID":"1323113","toID":"1323101","formEdgeID":null},{"edgeID":"1736288","fromID":"1323112","toID":"1323114","formEdgeID":null},{"edgeID":"1736289","fromID":"1323114","toID":"1323113","formEdgeID":null},{"edgeID":"1736290","fromID":"1323117","toID":"1323116","formEdgeID":null},{"edgeID":"1736291","fromID":"1323118","toID":"1323117","formEdgeID":null},{"edgeID":"1736292","fromID":"1323116","toID":"1323119","formEdgeID":null},{"edgeID":"1736293","fromID":"1323119","toID":"1323115","formEdgeID":null},{"edgeID":"1736294","fromID":"1323122","toID":"1323121","formEdgeID":null},{"edgeID":"1736295","fromID":"1323123","toID":"1323122","formEdgeID":null},{"edgeID":"1736296","fromID":"1323121","toID":"1323124","formEdgeID":null},{"edgeID":"1736297","fromID":"1323124","toID":"1323120","formEdgeID":null},{"edgeID":"1736298","fromID":"1323127","toID":"1323126","formEdgeID":null},{"edgeID":"1736299","fromID":"1323128","toID":"1323127","formEdgeID":null},{"edgeID":"1736300","fromID":"1323126","toID":"1323129","formEdgeID":null},{"edgeID":"1736301","fromID":"1323129","toID":"1323125","formEdgeID":null},{"edgeID":"1736302","fromID":"1323108","toID":"1323130","formEdgeID":null},{"edgeID":"1736303","fromID":"1323130","toID":"1323116","formEdgeID":null},{"edgeID":"1736304","fromID":"1323116","toID":"1323131","formEdgeID":null},{"edgeID":"1736305","fromID":"1323131","toID":"1323121","formEdgeID":null},{"edgeID":"1736306","fromID":"1323121","toID":"1323132","formEdgeID":null},{"edgeID":"1736307","fromID":"1323132","toID":"1323126","formEdgeID":null},{"edgeID":"1736308","fromID":"1323125","toID":"1323133","formEdgeID":null},{"edgeID":"1736309","fromID":"1323133","toID":"1323115","formEdgeID":null},{"edgeID":"1736310","fromID":"1323116","toID":"1323134","formEdgeID":null},{"edgeID":"1736311","fromID":"1323134","toID":"1323126","formEdgeID":null},{"edgeID":"1736312","fromID":"1323134","toID":"1323135","formEdgeID":null},{"edgeID":"1736313","fromID":"1323135","toID":"1323133","formEdgeID":null},{"edgeID":"1736314","fromID":"1323138","toID":"1323137","formEdgeID":null},{"edgeID":"1736315","fromID":"1323139","toID":"1323138","formEdgeID":null},{"edgeID":"1736316","fromID":"1323137","toID":"1323140","formEdgeID":null},{"edgeID":"1736317","fromID":"1323140","toID":"1323136","formEdgeID":null},{"edgeID":"1736318","fromID":"1323126","toID":"1323141","formEdgeID":null},{"edgeID":"1736319","fromID":"1323141","toID":"1323137","formEdgeID":null},{"edgeID":"1736320","fromID":"1323144","toID":"1323143","formEdgeID":null},{"edgeID":"1736321","fromID":"1323145","toID":"1323144","formEdgeID":null},{"edgeID":"1736322","fromID":"1323143","toID":"1323146","formEdgeID":null},{"edgeID":"1736323","fromID":"1323146","toID":"1323142","formEdgeID":null},{"edgeID":"1736324","fromID":"1323137","toID":"1323147","formEdgeID":null},{"edgeID":"1736325","fromID":"1323147","toID":"1323143","formEdgeID":null},{"edgeID":"1736326","fromID":"1323150","toID":"1323149","formEdgeID":null},{"edgeID":"1736327","fromID":"1323151","toID":"1323150","formEdgeID":null},{"edgeID":"1736328","fromID":"1323149","toID":"1323152","formEdgeID":null},{"edgeID":"1736329","fromID":"1323152","toID":"1323148","formEdgeID":null},{"edgeID":"1736330","fromID":"1323143","toID":"1323153","formEdgeID":null},{"edgeID":"1736331","fromID":"1323153","toID":"1323149","formEdgeID":null}],"locutions":[]}