{"nodes":[{"nodeID":"1321500","text":"the politicians that hold the disdain for Scotland are or are not Conservative and Labour","type":"I","timestamp":"2023-11-09 13:25:57"},{"nodeID":"1321501","text":"Fiona Bruce: Conservative and Labour?","type":"L","timestamp":"2023-11-09 13:25:57"},{"nodeID":"1321502","text":"Analysing","type":"YA","timestamp":"2023-11-09 13:25:57"},{"nodeID":"1321503","text":"Dominika: Fiona Bruce: Conservative and Labour?","type":"L","timestamp":"2023-11-09 13:25:57"},{"nodeID":"1321504","text":"Pure Questioning","type":"YA","timestamp":"2023-11-09 13:25:57"},{"nodeID":"1321505","text":"absolutely, the politicians that hold the disdain for Scotland are Conservative and Labour","type":"I","timestamp":"2023-11-09 13:25:58"},{"nodeID":"1321506","text":"Mairi McAllan: Absolutely","type":"L","timestamp":"2023-11-09 13:25:58"},{"nodeID":"1321507","text":"Analysing","type":"YA","timestamp":"2023-11-09 13:25:58"},{"nodeID":"1321508","text":"Dominika: Mairi McAllan: Absolutely","type":"L","timestamp":"2023-11-09 13:25:58"},{"nodeID":"1321509","text":"Asserting","type":"YA","timestamp":"2023-11-09 13:25:58"},{"nodeID":"1321510","text":"Default Transition","type":"TA","timestamp":"2023-11-09 13:25:58"},{"nodeID":"1321511","text":"Default Rephrase","type":"MA","timestamp":"2023-11-09 13:25:58"},{"nodeID":"1321512","text":"Default Illocuting","type":"YA","timestamp":"2023-11-09 13:25:58"},{"nodeID":"1321513","text":"there is a tendency to feel disdain for the governments in each of the countries","type":"I","timestamp":"2023-11-09 13:25:58"},{"nodeID":"1321514","text":"Mairi McAllan: there is a tendency to feel that way about the governments in each of the countries","type":"L","timestamp":"2023-11-09 13:25:58"},{"nodeID":"1321515","text":"Analysing","type":"YA","timestamp":"2023-11-09 13:25:58"},{"nodeID":"1321516","text":"Dominika: Mairi McAllan: there is a tendency to feel that way about the governments in each of the countries","type":"L","timestamp":"2023-11-09 13:25:58"},{"nodeID":"1321517","text":"Asserting","type":"YA","timestamp":"2023-11-09 13:25:58"},{"nodeID":"1321518","text":"Mairi Mcallan is not just theorizing here","type":"I","timestamp":"2023-11-09 13:25:59"},{"nodeID":"1321519","text":"Mairi McAllan: I'm not just theorizing here","type":"L","timestamp":"2023-11-09 13:25:59"},{"nodeID":"1321520","text":"Analysing","type":"YA","timestamp":"2023-11-09 13:25:59"},{"nodeID":"1321521","text":"Dominika: Mairi McAllan: I'm not just theorizing here","type":"L","timestamp":"2023-11-09 13:25:59"},{"nodeID":"1321522","text":"Asserting","type":"YA","timestamp":"2023-11-09 13:25:59"},{"nodeID":"1321523","text":"we saw a disdain in the way that Jacob Rees Mogg described his colleague","type":"I","timestamp":"2023-11-09 13:26:00"},{"nodeID":"1321524","text":"Mairi McAllan: We saw it in the way that Jacob Rees Mogg described his colleague","type":"L","timestamp":"2023-11-09 13:26:00"},{"nodeID":"1321525","text":"Analysing","type":"YA","timestamp":"2023-11-09 13:26:00"},{"nodeID":"1321526","text":"Dominika: Mairi McAllan: We saw it in the way that Jacob Rees Mogg described his colleague","type":"L","timestamp":"2023-11-09 13:26:00"},{"nodeID":"1321527","text":"Asserting","type":"YA","timestamp":"2023-11-09 13:26:00"},{"nodeID":"1321528","text":"Jacob Rees Mogg describing his colleague is telling about the way they feel about Scotland","type":"I","timestamp":"2023-11-09 13:26:00"},{"nodeID":"1321529","text":"Mairi McAllan: it is telling about the way they feel about Scotland","type":"L","timestamp":"2023-11-09 13:26:00"},{"nodeID":"1321530","text":"Analysing","type":"YA","timestamp":"2023-11-09 13:26:00"},{"nodeID":"1321531","text":"Dominika: Mairi McAllan: it is telling about the way they feel about Scotland","type":"L","timestamp":"2023-11-09 13:26:00"},{"nodeID":"1321532","text":"Asserting","type":"YA","timestamp":"2023-11-09 13:26:00"},{"nodeID":"1321533","text":"Default Transition","type":"TA","timestamp":"2023-11-09 13:26:00"},{"nodeID":"1321534","text":"Default Transition","type":"TA","timestamp":"2023-11-09 13:26:00"},{"nodeID":"1321535","text":"Default Transition","type":"TA","timestamp":"2023-11-09 13:26:00"},{"nodeID":"1321536","text":"Default Rephrase","type":"MA","timestamp":"2023-11-09 13:26:00"},{"nodeID":"1321537","text":"Restating","type":"YA","timestamp":"2023-11-09 13:26:00"},{"nodeID":"1321538","text":"Default Inference","type":"RA","timestamp":"2023-11-09 13:26:00"},{"nodeID":"1321539","text":"Default Transition","type":"TA","timestamp":"2023-11-09 13:26:00"},{"nodeID":"1321540","text":"Arguing","type":"YA","timestamp":"2023-11-09 13:26:00"},{"nodeID":"1321541","text":"Jacob Rees Mogg was wrong","type":"I","timestamp":"2023-11-09 13:26:01"},{"nodeID":"1321542","text":"Iain Anderson: Jacob Rees Mogg was wrong","type":"L","timestamp":"2023-11-09 13:26:01"},{"nodeID":"1321543","text":"Analysing","type":"YA","timestamp":"2023-11-09 13:26:01"},{"nodeID":"1321544","text":"Dominika: Iain Anderson: Jacob Rees Mogg was wrong","type":"L","timestamp":"2023-11-09 13:26:01"},{"nodeID":"1321545","text":"Asserting","type":"YA","timestamp":"2023-11-09 13:26:01"},{"nodeID":"1321546","text":"there are so many more important things that we need to be getting on with and discussing","type":"I","timestamp":"2023-11-09 13:26:01"},{"nodeID":"1321547","text":"Iain Anderson: There are so many more important things that we need to be getting on with and discussing","type":"L","timestamp":"2023-11-09 13:26:01"},{"nodeID":"1321548","text":"Analysing","type":"YA","timestamp":"2023-11-09 13:26:01"},{"nodeID":"1321549","text":"Dominika: Iain Anderson: There are so many more important things that we need to be getting on with and discussing","type":"L","timestamp":"2023-11-09 13:26:01"},{"nodeID":"1321550","text":"Asserting","type":"YA","timestamp":"2023-11-09 13:26:01"},{"nodeID":"1321551","text":"Iain Anderson disagrees with Rees Mogg completely","type":"I","timestamp":"2023-11-09 13:26:02"},{"nodeID":"1321552","text":"Iain Anderson: I disagree with Rees Mogg if you hadly","type":"L","timestamp":"2023-11-09 13:26:02"},{"nodeID":"1321553","text":"Analysing","type":"YA","timestamp":"2023-11-09 13:26:02"},{"nodeID":"1321554","text":"Dominika: Iain Anderson: I disagree with Rees Mogg if you hadly","type":"L","timestamp":"2023-11-09 13:26:02"},{"nodeID":"1321555","text":"Asserting","type":"YA","timestamp":"2023-11-09 13:26:02"},{"nodeID":"1321556","text":"Iain Anderson doesn't think Douglas Ross is a light weight at all","type":"I","timestamp":"2023-11-09 13:26:03"},{"nodeID":"1321557","text":"Iain Anderson: I don't think Douglas Ross is a light weight at all","type":"L","timestamp":"2023-11-09 13:26:03"},{"nodeID":"1321558","text":"Analysing","type":"YA","timestamp":"2023-11-09 13:26:03"},{"nodeID":"1321559","text":"Dominika: Iain Anderson: I don't think Douglas Ross is a light weight at all","type":"L","timestamp":"2023-11-09 13:26:03"},{"nodeID":"1321560","text":"Asserting","type":"YA","timestamp":"2023-11-09 13:26:03"},{"nodeID":"1321561","text":"Douglas Ross stuck his neck out","type":"I","timestamp":"2023-11-09 13:26:03"},{"nodeID":"1321562","text":"Iain Anderson: He stuck his neck out","type":"L","timestamp":"2023-11-09 13:26:03"},{"nodeID":"1321563","text":"Analysing","type":"YA","timestamp":"2023-11-09 13:26:03"},{"nodeID":"1321564","text":"Dominika: Iain Anderson: He stuck his neck out","type":"L","timestamp":"2023-11-09 13:26:03"},{"nodeID":"1321565","text":"Asserting","type":"YA","timestamp":"2023-11-09 13:26:03"},{"nodeID":"1321566","text":"Jacob Rees-Mogg  was wrong","type":"I","timestamp":"2023-11-09 13:26:04"},{"nodeID":"1321567","text":"Iain Anderson: Jacob Reese mist and fog was wrong","type":"L","timestamp":"2023-11-09 13:26:04"},{"nodeID":"1321568","text":"Analysing","type":"YA","timestamp":"2023-11-09 13:26:04"},{"nodeID":"1321569","text":"Dominika: Iain Anderson: Jacob Reese mist and fog was wrong","type":"L","timestamp":"2023-11-09 13:26:04"},{"nodeID":"1321570","text":"Asserting","type":"YA","timestamp":"2023-11-09 13:26:04"},{"nodeID":"1321571","text":"Jacob Rees-Mogg shouldn't have said it and he should apologise","type":"I","timestamp":"2023-11-09 13:26:04"},{"nodeID":"1321572","text":"Iain Anderson: he shouldn't have said it and he should apologise","type":"L","timestamp":"2023-11-09 13:26:04"},{"nodeID":"1321573","text":"Analysing","type":"YA","timestamp":"2023-11-09 13:26:04"},{"nodeID":"1321574","text":"Dominika: Iain Anderson: he shouldn't have said it and he should apologise","type":"L","timestamp":"2023-11-09 13:26:04"},{"nodeID":"1321575","text":"Asserting","type":"YA","timestamp":"2023-11-09 13:26:04"},{"nodeID":"1321576","text":"Default Transition","type":"TA","timestamp":"2023-11-09 13:26:04"},{"nodeID":"1321577","text":"Default Inference","type":"RA","timestamp":"2023-11-09 13:26:04"},{"nodeID":"1321578","text":"Arguing","type":"YA","timestamp":"2023-11-09 13:26:04"},{"nodeID":"1321579","text":"Default Transition","type":"TA","timestamp":"2023-11-09 13:26:04"},{"nodeID":"1321580","text":"Default Rephrase","type":"MA","timestamp":"2023-11-09 13:26:04"},{"nodeID":"1321581","text":"Default Transition","type":"TA","timestamp":"2023-11-09 13:26:04"},{"nodeID":"1321582","text":"Restating","type":"YA","timestamp":"2023-11-09 13:26:04"},{"nodeID":"1321583","text":"Default Inference","type":"RA","timestamp":"2023-11-09 13:26:04"},{"nodeID":"1321584","text":"Default Transition","type":"TA","timestamp":"2023-11-09 13:26:04"},{"nodeID":"1321585","text":"Arguing","type":"YA","timestamp":"2023-11-09 13:26:04"},{"nodeID":"1321586","text":"Iain Anderson tenda to disagree with Douglas Ross on this particular judgment call","type":"I","timestamp":"2023-11-09 13:26:05"},{"nodeID":"1321587","text":"Iain Anderson: I tend to disagree with him on this particular judgment call","type":"L","timestamp":"2023-11-09 13:26:05"},{"nodeID":"1321588","text":"Analysing","type":"YA","timestamp":"2023-11-09 13:26:05"},{"nodeID":"1321589","text":"Dominika: Iain Anderson: I tend to disagree with him on this particular judgment call","type":"L","timestamp":"2023-11-09 13:26:05"},{"nodeID":"1321590","text":"Asserting","type":"YA","timestamp":"2023-11-09 13:26:05"},{"nodeID":"1321591","text":"you can't say Douglas Ross doesn't have political courage","type":"I","timestamp":"2023-11-09 13:26:06"},{"nodeID":"1321592","text":"Iain Anderson: you can't say he doesn't have political courage","type":"L","timestamp":"2023-11-09 13:26:06"},{"nodeID":"1321593","text":"Analysing","type":"YA","timestamp":"2023-11-09 13:26:06"},{"nodeID":"1321594","text":"Dominika: Iain Anderson: you can't say he doesn't have political courage","type":"L","timestamp":"2023-11-09 13:26:06"},{"nodeID":"1321595","text":"Asserting","type":"YA","timestamp":"2023-11-09 13:26:06"},{"nodeID":"1321596","text":"Default Transition","type":"TA","timestamp":"2023-11-09 13:26:06"},{"nodeID":"1321597","text":"this is the point Iain Anderson was making that it is political theatre rather than political reality","type":"I","timestamp":"2023-11-09 13:26:06"},{"nodeID":"1321598","text":"Iain Anderson: This is the point I was making that it is political theatre rather than political reality","type":"L","timestamp":"2023-11-09 13:26:06"},{"nodeID":"1321599","text":"Analysing","type":"YA","timestamp":"2023-11-09 13:26:06"},{"nodeID":"1321600","text":"Dominika: Iain Anderson: This is the point I was making that it is political theatre rather than political reality","type":"L","timestamp":"2023-11-09 13:26:06"},{"nodeID":"1321601","text":"Asserting","type":"YA","timestamp":"2023-11-09 13:26:06"},{"nodeID":"1321602","text":"Default Transition","type":"TA","timestamp":"2023-11-09 13:26:06"},{"nodeID":"1321603","text":"Default Transition","type":"TA","timestamp":"2023-11-09 13:26:06"},{"nodeID":"1321604","text":"Default Inference","type":"RA","timestamp":"2023-11-09 13:26:06"},{"nodeID":"1321605","text":"Arguing","type":"YA","timestamp":"2023-11-09 13:26:06"},{"nodeID":"1321606","text":"Default Transition","type":"TA","timestamp":"2023-11-09 13:26:06"},{"nodeID":"1321607","text":"Default Transition","type":"TA","timestamp":"2023-11-09 13:26:06"},{"nodeID":"1321608","text":"Default Inference","type":"RA","timestamp":"2023-11-09 13:26:06"},{"nodeID":"1321609","text":"Arguing","type":"YA","timestamp":"2023-11-09 13:26:06"},{"nodeID":"1321610","text":"Default Conflict","type":"CA","timestamp":"2023-11-09 13:26:06"},{"nodeID":"1321611","text":"Default Transition","type":"TA","timestamp":"2023-11-09 13:26:06"},{"nodeID":"1321612","text":"Disagreeing","type":"YA","timestamp":"2023-11-09 13:26:06"},{"nodeID":"1321613","text":"Default Transition","type":"TA","timestamp":"2023-11-09 13:26:06"},{"nodeID":"1321614","text":"the Scottish Tory Party have decided that they withdraw support for Boris Johnson","type":"I","timestamp":"2023-11-09 13:26:07"},{"nodeID":"1321615","text":"AudienceMember 20220707QT16: the Scottishtory have jamsly decided that they withdraw support for Boris Johnson","type":"L","timestamp":"2023-11-09 13:26:07"},{"nodeID":"1321616","text":"Analysing","type":"YA","timestamp":"2023-11-09 13:26:07"},{"nodeID":"1321617","text":"Dominika: AudienceMember 20220707QT16: the Scottishtory have jamsly decided that they withdraw support for Boris Johnson","type":"L","timestamp":"2023-11-09 13:26:07"},{"nodeID":"1321618","text":"Asserting","type":"YA","timestamp":"2023-11-09 13:26:07"},{"nodeID":"1321619","text":"we need 54 other MPs from Westminster to withdraw support for Boris Johnson to get this election started","type":"I","timestamp":"2023-11-09 13:26:07"},{"nodeID":"1321620","text":"AudienceMember 20220707QT16: We need 54 other MPs from Westminster to do the same to get this election started","type":"L","timestamp":"2023-11-09 13:26:07"},{"nodeID":"1321621","text":"Analysing","type":"YA","timestamp":"2023-11-09 13:26:07"},{"nodeID":"1321622","text":"Dominika: AudienceMember 20220707QT16: We need 54 other MPs from Westminster to do the same to get this election started","type":"L","timestamp":"2023-11-09 13:26:07"},{"nodeID":"1321623","text":"Asserting","type":"YA","timestamp":"2023-11-09 13:26:07"},{"nodeID":"1321624","text":"Default Transition","type":"TA","timestamp":"2023-11-09 13:26:07"},{"nodeID":"1321625","text":"Default Transition","type":"TA","timestamp":"2023-11-09 13:26:07"},{"nodeID":"1321626","text":"it is interesting that Jacob Rees Mogg accuses the leader of the Scottish Tory Party of being lightweight","type":"I","timestamp":"2023-11-09 13:26:08"},{"nodeID":"1321627","text":"AudienceMember 20220707QT16: it is interesting that Jacob Rees Mogg accuses the leader of the Scottish Tory Party of being lightweight","type":"L","timestamp":"2023-11-09 13:26:08"},{"nodeID":"1321628","text":"Analysing","type":"YA","timestamp":"2023-11-09 13:26:08"},{"nodeID":"1321629","text":"Dominika: AudienceMember 20220707QT16: it is interesting that Jacob Rees Mogg accuses the leader of the Scottish Tory Party of being lightweight","type":"L","timestamp":"2023-11-09 13:26:08"},{"nodeID":"1321630","text":"Asserting","type":"YA","timestamp":"2023-11-09 13:26:08"},{"nodeID":"1321631","text":"Default Transition","type":"TA","timestamp":"2023-11-09 13:26:08"},{"nodeID":"1321632","text":"Douglas Ross is part of the Brexit cabal that took over the Tory Party in the same way that Jeremy Corbyn took over the Labour Party","type":"I","timestamp":"2023-11-09 13:26:09"},{"nodeID":"1321633","text":"AudienceMember 20220707QT16: He is part of the Brexit cabal that took over the Tory Party in the same way that Jeremy core bin and Moment-up took over the Labour Party","type":"L","timestamp":"2023-11-09 13:26:09"},{"nodeID":"1321634","text":"Analysing","type":"YA","timestamp":"2023-11-09 13:26:09"},{"nodeID":"1321635","text":"Dominika: AudienceMember 20220707QT16: He is part of the Brexit cabal that took over the Tory Party in the same way that Jeremy core bin and Moment-up took over the Labour Party","type":"L","timestamp":"2023-11-09 13:26:09"},{"nodeID":"1321636","text":"Asserting","type":"YA","timestamp":"2023-11-09 13:26:09"},{"nodeID":"1321637","text":"with Keir Starmer we're going to get back to a normal Labour Party as well","type":"I","timestamp":"2023-11-09 13:26:09"},{"nodeID":"1321638","text":"AudienceMember 20220707QT16: with carry Starmerer we're going to get back to a normal Labour Party as well","type":"L","timestamp":"2023-11-09 13:26:09"},{"nodeID":"1321639","text":"Analysing","type":"YA","timestamp":"2023-11-09 13:26:09"},{"nodeID":"1321640","text":"Dominika: AudienceMember 20220707QT16: with carry Starmerer we're going to get back to a normal Labour Party as well","type":"L","timestamp":"2023-11-09 13:26:09"},{"nodeID":"1321641","text":"Asserting","type":"YA","timestamp":"2023-11-09 13:26:09"},{"nodeID":"1321642","text":"Default Transition","type":"TA","timestamp":"2023-11-09 13:26:09"},{"nodeID":"1321643","text":"Default Transition","type":"TA","timestamp":"2023-11-09 13:26:09"},{"nodeID":"1321644","text":"Default Rephrase","type":"MA","timestamp":"2023-11-09 13:26:09"},{"nodeID":"1321645","text":"Restating","type":"YA","timestamp":"2023-11-09 13:26:09"},{"nodeID":"1321646","text":"Default Inference","type":"RA","timestamp":"2023-11-09 13:26:09"},{"nodeID":"1321647","text":"Arguing","type":"YA","timestamp":"2023-11-09 13:26:09"}],"edges":[{"edgeID":"1734390","fromID":"1321502","toID":"1321501","formEdgeID":null},{"edgeID":"1734391","fromID":"1321503","toID":"1321502","formEdgeID":null},{"edgeID":"1734392","fromID":"1321501","toID":"1321504","formEdgeID":null},{"edgeID":"1734393","fromID":"1321504","toID":"1321500","formEdgeID":null},{"edgeID":"1734394","fromID":"1321507","toID":"1321506","formEdgeID":null},{"edgeID":"1734395","fromID":"1321508","toID":"1321507","formEdgeID":null},{"edgeID":"1734396","fromID":"1321506","toID":"1321509","formEdgeID":null},{"edgeID":"1734397","fromID":"1321509","toID":"1321505","formEdgeID":null},{"edgeID":"1734398","fromID":"1321501","toID":"1321510","formEdgeID":null},{"edgeID":"1734399","fromID":"1321510","toID":"1321506","formEdgeID":null},{"edgeID":"1734400","fromID":"1321505","toID":"1321511","formEdgeID":null},{"edgeID":"1734401","fromID":"1321511","toID":"1321500","formEdgeID":null},{"edgeID":"1734402","fromID":"1321510","toID":"1321512","formEdgeID":null},{"edgeID":"1734403","fromID":"1321512","toID":"1321511","formEdgeID":null},{"edgeID":"1734404","fromID":"1321515","toID":"1321514","formEdgeID":null},{"edgeID":"1734405","fromID":"1321516","toID":"1321515","formEdgeID":null},{"edgeID":"1734406","fromID":"1321514","toID":"1321517","formEdgeID":null},{"edgeID":"1734407","fromID":"1321517","toID":"1321513","formEdgeID":null},{"edgeID":"1734408","fromID":"1321520","toID":"1321519","formEdgeID":null},{"edgeID":"1734409","fromID":"1321521","toID":"1321520","formEdgeID":null},{"edgeID":"1734410","fromID":"1321519","toID":"1321522","formEdgeID":null},{"edgeID":"1734411","fromID":"1321522","toID":"1321518","formEdgeID":null},{"edgeID":"1734412","fromID":"1321525","toID":"1321524","formEdgeID":null},{"edgeID":"1734413","fromID":"1321526","toID":"1321525","formEdgeID":null},{"edgeID":"1734414","fromID":"1321524","toID":"1321527","formEdgeID":null},{"edgeID":"1734415","fromID":"1321527","toID":"1321523","formEdgeID":null},{"edgeID":"1734416","fromID":"1321530","toID":"1321529","formEdgeID":null},{"edgeID":"1734417","fromID":"1321531","toID":"1321530","formEdgeID":null},{"edgeID":"1734418","fromID":"1321529","toID":"1321532","formEdgeID":null},{"edgeID":"1734419","fromID":"1321532","toID":"1321528","formEdgeID":null},{"edgeID":"1734420","fromID":"1321506","toID":"1321533","formEdgeID":null},{"edgeID":"1734421","fromID":"1321533","toID":"1321514","formEdgeID":null},{"edgeID":"1734422","fromID":"1321514","toID":"1321534","formEdgeID":null},{"edgeID":"1734423","fromID":"1321534","toID":"1321519","formEdgeID":null},{"edgeID":"1734424","fromID":"1321519","toID":"1321535","formEdgeID":null},{"edgeID":"1734425","fromID":"1321535","toID":"1321524","formEdgeID":null},{"edgeID":"1734426","fromID":"1321518","toID":"1321536","formEdgeID":null},{"edgeID":"1734427","fromID":"1321536","toID":"1321513","formEdgeID":null},{"edgeID":"1734428","fromID":"1321534","toID":"1321537","formEdgeID":null},{"edgeID":"1734429","fromID":"1321537","toID":"1321536","formEdgeID":null},{"edgeID":"1734430","fromID":"1321528","toID":"1321538","formEdgeID":null},{"edgeID":"1734431","fromID":"1321538","toID":"1321518","formEdgeID":null},{"edgeID":"1734432","fromID":"1321523","toID":"1321538","formEdgeID":null},{"edgeID":"1734433","fromID":"1321519","toID":"1321539","formEdgeID":null},{"edgeID":"1734434","fromID":"1321539","toID":"1321529","formEdgeID":null},{"edgeID":"1734435","fromID":"1321539","toID":"1321540","formEdgeID":null},{"edgeID":"1734436","fromID":"1321540","toID":"1321538","formEdgeID":null},{"edgeID":"1734437","fromID":"1321543","toID":"1321542","formEdgeID":null},{"edgeID":"1734438","fromID":"1321544","toID":"1321543","formEdgeID":null},{"edgeID":"1734439","fromID":"1321542","toID":"1321545","formEdgeID":null},{"edgeID":"1734440","fromID":"1321545","toID":"1321541","formEdgeID":null},{"edgeID":"1734441","fromID":"1321548","toID":"1321547","formEdgeID":null},{"edgeID":"1734442","fromID":"1321549","toID":"1321548","formEdgeID":null},{"edgeID":"1734443","fromID":"1321547","toID":"1321550","formEdgeID":null},{"edgeID":"1734444","fromID":"1321550","toID":"1321546","formEdgeID":null},{"edgeID":"1734445","fromID":"1321553","toID":"1321552","formEdgeID":null},{"edgeID":"1734446","fromID":"1321554","toID":"1321553","formEdgeID":null},{"edgeID":"1734447","fromID":"1321552","toID":"1321555","formEdgeID":null},{"edgeID":"1734448","fromID":"1321555","toID":"1321551","formEdgeID":null},{"edgeID":"1734449","fromID":"1321558","toID":"1321557","formEdgeID":null},{"edgeID":"1734450","fromID":"1321559","toID":"1321558","formEdgeID":null},{"edgeID":"1734451","fromID":"1321557","toID":"1321560","formEdgeID":null},{"edgeID":"1734452","fromID":"1321560","toID":"1321556","formEdgeID":null},{"edgeID":"1734453","fromID":"1321563","toID":"1321562","formEdgeID":null},{"edgeID":"1734454","fromID":"1321564","toID":"1321563","formEdgeID":null},{"edgeID":"1734455","fromID":"1321562","toID":"1321565","formEdgeID":null},{"edgeID":"1734456","fromID":"1321565","toID":"1321561","formEdgeID":null},{"edgeID":"1734457","fromID":"1321568","toID":"1321567","formEdgeID":null},{"edgeID":"1734458","fromID":"1321569","toID":"1321568","formEdgeID":null},{"edgeID":"1734459","fromID":"1321567","toID":"1321570","formEdgeID":null},{"edgeID":"1734460","fromID":"1321570","toID":"1321566","formEdgeID":null},{"edgeID":"1734461","fromID":"1321573","toID":"1321572","formEdgeID":null},{"edgeID":"1734462","fromID":"1321574","toID":"1321573","formEdgeID":null},{"edgeID":"1734463","fromID":"1321572","toID":"1321575","formEdgeID":null},{"edgeID":"1734464","fromID":"1321575","toID":"1321571","formEdgeID":null},{"edgeID":"1734465","fromID":"1321567","toID":"1321576","formEdgeID":null},{"edgeID":"1734466","fromID":"1321576","toID":"1321572","formEdgeID":null},{"edgeID":"1734467","fromID":"1321566","toID":"1321577","formEdgeID":null},{"edgeID":"1734468","fromID":"1321577","toID":"1321571","formEdgeID":null},{"edgeID":"1734469","fromID":"1321576","toID":"1321578","formEdgeID":null},{"edgeID":"1734470","fromID":"1321578","toID":"1321577","formEdgeID":null},{"edgeID":"1734471","fromID":"1321529","toID":"1321579","formEdgeID":null},{"edgeID":"1734472","fromID":"1321579","toID":"1321542","formEdgeID":null},{"edgeID":"1734473","fromID":"1321566","toID":"1321580","formEdgeID":null},{"edgeID":"1734474","fromID":"1321580","toID":"1321541","formEdgeID":null},{"edgeID":"1734475","fromID":"1321542","toID":"1321581","formEdgeID":null},{"edgeID":"1734476","fromID":"1321581","toID":"1321567","formEdgeID":null},{"edgeID":"1734477","fromID":"1321581","toID":"1321582","formEdgeID":null},{"edgeID":"1734478","fromID":"1321582","toID":"1321580","formEdgeID":null},{"edgeID":"1734479","fromID":"1321561","toID":"1321583","formEdgeID":null},{"edgeID":"1734480","fromID":"1321583","toID":"1321556","formEdgeID":null},{"edgeID":"1734481","fromID":"1321557","toID":"1321584","formEdgeID":null},{"edgeID":"1734482","fromID":"1321584","toID":"1321562","formEdgeID":null},{"edgeID":"1734483","fromID":"1321584","toID":"1321585","formEdgeID":null},{"edgeID":"1734484","fromID":"1321585","toID":"1321583","formEdgeID":null},{"edgeID":"1734485","fromID":"1321588","toID":"1321587","formEdgeID":null},{"edgeID":"1734486","fromID":"1321589","toID":"1321588","formEdgeID":null},{"edgeID":"1734487","fromID":"1321587","toID":"1321590","formEdgeID":null},{"edgeID":"1734488","fromID":"1321590","toID":"1321586","formEdgeID":null},{"edgeID":"1734489","fromID":"1321593","toID":"1321592","formEdgeID":null},{"edgeID":"1734490","fromID":"1321594","toID":"1321593","formEdgeID":null},{"edgeID":"1734491","fromID":"1321592","toID":"1321595","formEdgeID":null},{"edgeID":"1734492","fromID":"1321595","toID":"1321591","formEdgeID":null},{"edgeID":"1734493","fromID":"1321562","toID":"1321596","formEdgeID":null},{"edgeID":"1734494","fromID":"1321596","toID":"1321587","formEdgeID":null},{"edgeID":"1734495","fromID":"1321599","toID":"1321598","formEdgeID":null},{"edgeID":"1734496","fromID":"1321600","toID":"1321599","formEdgeID":null},{"edgeID":"1734497","fromID":"1321598","toID":"1321601","formEdgeID":null},{"edgeID":"1734498","fromID":"1321601","toID":"1321597","formEdgeID":null},{"edgeID":"1734499","fromID":"1321542","toID":"1321602","formEdgeID":null},{"edgeID":"1734500","fromID":"1321602","toID":"1321598","formEdgeID":null},{"edgeID":"1734501","fromID":"1321598","toID":"1321603","formEdgeID":null},{"edgeID":"1734502","fromID":"1321603","toID":"1321547","formEdgeID":null},{"edgeID":"1734503","fromID":"1321597","toID":"1321604","formEdgeID":null},{"edgeID":"1734504","fromID":"1321604","toID":"1321546","formEdgeID":null},{"edgeID":"1734505","fromID":"1321603","toID":"1321605","formEdgeID":null},{"edgeID":"1734506","fromID":"1321605","toID":"1321604","formEdgeID":null},{"edgeID":"1734507","fromID":"1321547","toID":"1321606","formEdgeID":null},{"edgeID":"1734508","fromID":"1321606","toID":"1321552","formEdgeID":null},{"edgeID":"1734509","fromID":"1321552","toID":"1321607","formEdgeID":null},{"edgeID":"1734510","fromID":"1321607","toID":"1321557","formEdgeID":null},{"edgeID":"1734511","fromID":"1321556","toID":"1321608","formEdgeID":null},{"edgeID":"1734512","fromID":"1321608","toID":"1321551","formEdgeID":null},{"edgeID":"1734513","fromID":"1321607","toID":"1321609","formEdgeID":null},{"edgeID":"1734514","fromID":"1321609","toID":"1321608","formEdgeID":null},{"edgeID":"1734515","fromID":"1321591","toID":"1321610","formEdgeID":null},{"edgeID":"1734516","fromID":"1321610","toID":"1321586","formEdgeID":null},{"edgeID":"1734517","fromID":"1321587","toID":"1321611","formEdgeID":null},{"edgeID":"1734518","fromID":"1321611","toID":"1321592","formEdgeID":null},{"edgeID":"1734519","fromID":"1321611","toID":"1321612","formEdgeID":null},{"edgeID":"1734520","fromID":"1321612","toID":"1321610","formEdgeID":null},{"edgeID":"1734521","fromID":"1321592","toID":"1321613","formEdgeID":null},{"edgeID":"1734522","fromID":"1321613","toID":"1321567","formEdgeID":null},{"edgeID":"1734523","fromID":"1321616","toID":"1321615","formEdgeID":null},{"edgeID":"1734524","fromID":"1321617","toID":"1321616","formEdgeID":null},{"edgeID":"1734525","fromID":"1321615","toID":"1321618","formEdgeID":null},{"edgeID":"1734526","fromID":"1321618","toID":"1321614","formEdgeID":null},{"edgeID":"1734527","fromID":"1321621","toID":"1321620","formEdgeID":null},{"edgeID":"1734528","fromID":"1321622","toID":"1321621","formEdgeID":null},{"edgeID":"1734529","fromID":"1321620","toID":"1321623","formEdgeID":null},{"edgeID":"1734530","fromID":"1321623","toID":"1321619","formEdgeID":null},{"edgeID":"1734531","fromID":"1321572","toID":"1321624","formEdgeID":null},{"edgeID":"1734532","fromID":"1321624","toID":"1321615","formEdgeID":null},{"edgeID":"1734533","fromID":"1321615","toID":"1321625","formEdgeID":null},{"edgeID":"1734534","fromID":"1321625","toID":"1321620","formEdgeID":null},{"edgeID":"1734535","fromID":"1321628","toID":"1321627","formEdgeID":null},{"edgeID":"1734536","fromID":"1321629","toID":"1321628","formEdgeID":null},{"edgeID":"1734537","fromID":"1321627","toID":"1321630","formEdgeID":null},{"edgeID":"1734538","fromID":"1321630","toID":"1321626","formEdgeID":null},{"edgeID":"1734539","fromID":"1321620","toID":"1321631","formEdgeID":null},{"edgeID":"1734540","fromID":"1321631","toID":"1321627","formEdgeID":null},{"edgeID":"1734541","fromID":"1321634","toID":"1321633","formEdgeID":null},{"edgeID":"1734542","fromID":"1321635","toID":"1321634","formEdgeID":null},{"edgeID":"1734543","fromID":"1321633","toID":"1321636","formEdgeID":null},{"edgeID":"1734544","fromID":"1321636","toID":"1321632","formEdgeID":null},{"edgeID":"1734545","fromID":"1321639","toID":"1321638","formEdgeID":null},{"edgeID":"1734546","fromID":"1321640","toID":"1321639","formEdgeID":null},{"edgeID":"1734547","fromID":"1321638","toID":"1321641","formEdgeID":null},{"edgeID":"1734548","fromID":"1321641","toID":"1321637","formEdgeID":null},{"edgeID":"1734549","fromID":"1321627","toID":"1321642","formEdgeID":null},{"edgeID":"1734550","fromID":"1321642","toID":"1321633","formEdgeID":null},{"edgeID":"1734551","fromID":"1321633","toID":"1321643","formEdgeID":null},{"edgeID":"1734552","fromID":"1321643","toID":"1321638","formEdgeID":null},{"edgeID":"1734553","fromID":"1321619","toID":"1321644","formEdgeID":null},{"edgeID":"1734554","fromID":"1321644","toID":"1321614","formEdgeID":null},{"edgeID":"1734555","fromID":"1321625","toID":"1321645","formEdgeID":null},{"edgeID":"1734556","fromID":"1321645","toID":"1321644","formEdgeID":null},{"edgeID":"1734557","fromID":"1321632","toID":"1321646","formEdgeID":null},{"edgeID":"1734558","fromID":"1321646","toID":"1321626","formEdgeID":null},{"edgeID":"1734559","fromID":"1321642","toID":"1321647","formEdgeID":null},{"edgeID":"1734560","fromID":"1321647","toID":"1321646","formEdgeID":null}],"locutions":[]}