{"nodes":[{"nodeID":"1324013","text":"the Scottish MSPs are actually not doing anything","type":"I","timestamp":"2023-11-09 13:29:27"},{"nodeID":"1324014","text":"AudienceMember 20220707QT33: What is it that the Scottish MSPs are actually doing","type":"L","timestamp":"2023-11-09 13:29:27"},{"nodeID":"1324015","text":"Analysing","type":"YA","timestamp":"2023-11-09 13:29:27"},{"nodeID":"1324016","text":"Anon: AudienceMember 20220707QT33: What is it that the Scottish MSPs are actually doing","type":"L","timestamp":"2023-11-09 13:29:27"},{"nodeID":"1324017","text":"Rhetorical Challenging","type":"YA","timestamp":"2023-11-09 13:29:27"},{"nodeID":"1324018","text":"not everything is Westminster's fault","type":"I","timestamp":"2023-11-09 13:29:28"},{"nodeID":"1324019","text":"AudienceMember 20220707QT33: everything is Westminster's fault, okay","type":"L","timestamp":"2023-11-09 13:29:28"},{"nodeID":"1324020","text":"Analysing","type":"YA","timestamp":"2023-11-09 13:29:28"},{"nodeID":"1324021","text":"Anon: AudienceMember 20220707QT33: everything is Westminster's fault, okay","type":"L","timestamp":"2023-11-09 13:29:28"},{"nodeID":"1324022","text":"we've had devolution, which was going to be this wonderful thing in Scotland and elsewhere, and we're no further forward","type":"I","timestamp":"2023-11-09 13:29:28"},{"nodeID":"1324023","text":"AudienceMember 20220707QT33: We've had devolution, which was going to be this wonderful thing in Scotland and elsewhere, and we're no further forward","type":"L","timestamp":"2023-11-09 13:29:28"},{"nodeID":"1324024","text":"Analysing","type":"YA","timestamp":"2023-11-09 13:29:28"},{"nodeID":"1324025","text":"Anon: AudienceMember 20220707QT33: We've had devolution, which was going to be this wonderful thing in Scotland and elsewhere, and we're no further forward","type":"L","timestamp":"2023-11-09 13:29:28"},{"nodeID":"1324026","text":"Asserting","type":"YA","timestamp":"2023-11-09 13:29:28"},{"nodeID":"1324027","text":"Scottish MSPs: everything is Westminster's fault","type":"L","timestamp":"2023-11-09 13:29:28"},{"nodeID":"1324028","text":"Analysing","type":"YA","timestamp":"2023-11-09 13:29:28"},{"nodeID":"1324029","text":"Anon: Scottish MSPs: everything is Westminster's fault","type":"L","timestamp":"2023-11-09 13:29:28"},{"nodeID":"1324030","text":"Asserting","type":"YA","timestamp":"2023-11-09 13:29:28"},{"nodeID":"1324031","text":"Assertive Questioning","type":"YA","timestamp":"2023-11-09 13:29:28"},{"nodeID":"1324032","text":"Default Transition","type":"TA","timestamp":"2023-11-09 13:29:28"},{"nodeID":"1324033","text":"Default Inference","type":"RA","timestamp":"2023-11-09 13:29:28"},{"nodeID":"1324034","text":"Arguing","type":"YA","timestamp":"2023-11-09 13:29:28"},{"nodeID":"1324035","text":"we don't have any improvements","type":"I","timestamp":"2023-11-09 13:29:29"},{"nodeID":"1324036","text":"AudienceMember 20220707QT33: We don't have any improvements","type":"L","timestamp":"2023-11-09 13:29:29"},{"nodeID":"1324037","text":"Analysing","type":"YA","timestamp":"2023-11-09 13:29:29"},{"nodeID":"1324038","text":"Anon: AudienceMember 20220707QT33: We don't have any improvements","type":"L","timestamp":"2023-11-09 13:29:29"},{"nodeID":"1324039","text":"Asserting","type":"YA","timestamp":"2023-11-09 13:29:29"},{"nodeID":"1324040","text":"Default Rephrase","type":"MA","timestamp":"2023-11-09 13:29:29"},{"nodeID":"1324041","text":"Default Transition","type":"TA","timestamp":"2023-11-09 13:29:29"},{"nodeID":"1324042","text":"Restating","type":"YA","timestamp":"2023-11-09 13:29:29"},{"nodeID":"1324043","text":"there just seems to be millions and billions of pounds that gets wasted","type":"I","timestamp":"2023-11-09 13:29:30"},{"nodeID":"1324044","text":"AudienceMember 20220707QT33: There just seems to be millions and billions of pounds that gets wasted","type":"L","timestamp":"2023-11-09 13:29:30"},{"nodeID":"1324045","text":"Analysing","type":"YA","timestamp":"2023-11-09 13:29:30"},{"nodeID":"1324046","text":"Anon: AudienceMember 20220707QT33: There just seems to be millions and billions of pounds that gets wasted","type":"L","timestamp":"2023-11-09 13:29:30"},{"nodeID":"1324047","text":"Asserting","type":"YA","timestamp":"2023-11-09 13:29:30"},{"nodeID":"1324048","text":"Default Transition","type":"TA","timestamp":"2023-11-09 13:29:30"},{"nodeID":"1324049","text":"Default Transition","type":"TA","timestamp":"2023-11-09 13:29:30"},{"nodeID":"1324050","text":"Default Inference","type":"RA","timestamp":"2023-11-09 13:29:30"},{"nodeID":"1324051","text":"Arguing","type":"YA","timestamp":"2023-11-09 13:29:30"},{"nodeID":"1324052","text":"there's no improvement in poverty","type":"I","timestamp":"2023-11-09 13:29:30"},{"nodeID":"1324053","text":"AudienceMember 20220707QT33: there's no improvement in poverty","type":"L","timestamp":"2023-11-09 13:29:30"},{"nodeID":"1324054","text":"Analysing","type":"YA","timestamp":"2023-11-09 13:29:30"},{"nodeID":"1324055","text":"Anon: AudienceMember 20220707QT33: there's no improvement in poverty","type":"L","timestamp":"2023-11-09 13:29:30"},{"nodeID":"1324056","text":"Asserting","type":"YA","timestamp":"2023-11-09 13:29:30"},{"nodeID":"1324057","text":"Default Rephrase","type":"MA","timestamp":"2023-11-09 13:29:30"},{"nodeID":"1324058","text":"Default Transition","type":"TA","timestamp":"2023-11-09 13:29:30"},{"nodeID":"1324059","text":"Restating","type":"YA","timestamp":"2023-11-09 13:29:30"},{"nodeID":"1324060","text":"we have food banks","type":"I","timestamp":"2023-11-09 13:29:31"},{"nodeID":"1324061","text":"AudienceMember 20220707QT33: We have food banks","type":"L","timestamp":"2023-11-09 13:29:31"},{"nodeID":"1324062","text":"Analysing","type":"YA","timestamp":"2023-11-09 13:29:31"},{"nodeID":"1324063","text":"Anon: AudienceMember 20220707QT33: We have food banks","type":"L","timestamp":"2023-11-09 13:29:31"},{"nodeID":"1324064","text":"Asserting","type":"YA","timestamp":"2023-11-09 13:29:31"},{"nodeID":"1324065","text":"Default Inference","type":"RA","timestamp":"2023-11-09 13:29:31"},{"nodeID":"1324066","text":"having foodbanks is ridiculous in the 21st century in Scotland","type":"I","timestamp":"2023-11-09 13:29:32"},{"nodeID":"1324067","text":"AudienceMember 20220707QT33: this is ridiculous in the 21-century in Scotland","type":"L","timestamp":"2023-11-09 13:29:32"},{"nodeID":"1324068","text":"Analysing","type":"YA","timestamp":"2023-11-09 13:29:32"},{"nodeID":"1324069","text":"Anon: AudienceMember 20220707QT33: this is ridiculous in the 21-century in Scotland","type":"L","timestamp":"2023-11-09 13:29:32"},{"nodeID":"1324070","text":"Asserting","type":"YA","timestamp":"2023-11-09 13:29:32"},{"nodeID":"1324071","text":"Default Transition","type":"TA","timestamp":"2023-11-09 13:29:32"},{"nodeID":"1324072","text":"Arguing","type":"YA","timestamp":"2023-11-09 13:29:32"},{"nodeID":"1324073","text":"having foodbanks is absolutely scandalous in the 21st century in Scotland","type":"I","timestamp":"2023-11-09 13:29:32"},{"nodeID":"1324074","text":"AudienceMember 20220707QT33: Absolutely scandalous","type":"L","timestamp":"2023-11-09 13:29:32"},{"nodeID":"1324075","text":"Analysing","type":"YA","timestamp":"2023-11-09 13:29:32"},{"nodeID":"1324076","text":"Anon: AudienceMember 20220707QT33: Absolutely scandalous","type":"L","timestamp":"2023-11-09 13:29:32"},{"nodeID":"1324077","text":"Asserting","type":"YA","timestamp":"2023-11-09 13:29:32"},{"nodeID":"1324078","text":"Default Rephrase","type":"MA","timestamp":"2023-11-09 13:29:32"},{"nodeID":"1324079","text":"Default Transition","type":"TA","timestamp":"2023-11-09 13:29:32"},{"nodeID":"1324080","text":"Restating","type":"YA","timestamp":"2023-11-09 13:29:32"},{"nodeID":"1324081","text":"politicians should come up with solutions","type":"I","timestamp":"2023-11-09 13:29:33"},{"nodeID":"1324082","text":"AudienceMember 20220707QT33: Why is it that they cannot come up with the solutions","type":"L","timestamp":"2023-11-09 13:29:33"},{"nodeID":"1324083","text":"Analysing","type":"YA","timestamp":"2023-11-09 13:29:33"},{"nodeID":"1324084","text":"Anon: AudienceMember 20220707QT33: Why is it that they cannot come up with the solutions","type":"L","timestamp":"2023-11-09 13:29:33"},{"nodeID":"1324085","text":"Asserting","type":"YA","timestamp":"2023-11-09 13:29:33"},{"nodeID":"1324086","text":"Default Transition","type":"TA","timestamp":"2023-11-09 13:29:33"},{"nodeID":"1324087","text":"AudienceMember 20220707QT33 is blaming for the government of Westminster or the government here in Holyrood for the lack of improvement","type":"I","timestamp":"2023-11-09 13:29:33"},{"nodeID":"1324088","text":"Fiona Bruce: Who are you blaming for that, the government of Westminster or the government here in Holyrood","type":"L","timestamp":"2023-11-09 13:29:33"},{"nodeID":"1324089","text":"Analysing","type":"YA","timestamp":"2023-11-09 13:29:33"},{"nodeID":"1324090","text":"Anon: Fiona Bruce: Who are you blaming for that, the government of Westminster or the government here in Holyrood","type":"L","timestamp":"2023-11-09 13:29:33"},{"nodeID":"1324091","text":"Pure Questioning","type":"YA","timestamp":"2023-11-09 13:29:33"},{"nodeID":"1324092","text":"Default Transition","type":"TA","timestamp":"2023-11-09 13:29:33"},{"nodeID":"1324093","text":"AudienceMember 20220707QT33 is blaming both the government of Westminster or the government here in Holyrood for the lack of improvement","type":"I","timestamp":"2023-11-09 13:29:34"},{"nodeID":"1324094","text":"AudienceMember 20220707QT34: It is a bit of both","type":"L","timestamp":"2023-11-09 13:29:34"},{"nodeID":"1324095","text":"Analysing","type":"YA","timestamp":"2023-11-09 13:29:34"},{"nodeID":"1324096","text":"Anon: AudienceMember 20220707QT33: It is a bit of both","type":"L","timestamp":"2023-11-09 13:29:34"},{"nodeID":"1324097","text":"Asserting","type":"YA","timestamp":"2023-11-09 13:29:34"},{"nodeID":"1324098","text":"Default Rephrase","type":"MA","timestamp":"2023-11-09 13:29:34"},{"nodeID":"1324099","text":"Default Transition","type":"TA","timestamp":"2023-11-09 13:29:34"},{"nodeID":"1324100","text":"Default Illocuting","type":"YA","timestamp":"2023-11-09 13:29:34"},{"nodeID":"1324101","text":"Default Rephrase","type":"MA","timestamp":"2023-11-09 13:29:34"},{"nodeID":"1324102","text":"Default Transition","type":"TA","timestamp":"2023-11-09 13:29:34"},{"nodeID":"1324103","text":"Restating","type":"YA","timestamp":"2023-11-09 13:29:34"},{"nodeID":"1324104","text":"Default Inference","type":"RA","timestamp":"2023-11-09 13:29:34"},{"nodeID":"1324105","text":"Arguing","type":"YA","timestamp":"2023-11-09 13:29:34"},{"nodeID":"1324106","text":"xxx is why we have a devolved government that has all of this money given from the UK government and they cannot seem to solve any of problems such as poverty, suicide, drugs, addictions, you know, the health, the roads, transport, everything","type":"I","timestamp":"2023-11-09 13:29:34"},{"nodeID":"1324107","text":"AudienceMember 20220707QT34: why is it that we have a devolved government that has all of this money given from the UK government and they cannot seem to solve any of these problems","type":"L","timestamp":"2023-11-09 13:29:34"},{"nodeID":"1324108","text":"Analysing","type":"YA","timestamp":"2023-11-09 13:29:34"},{"nodeID":"1324109","text":"Anon: AudienceMember 20220707QT33: why is it that we have a devolved government that has all of this money given from the UK government and they cannot seem to solve any of these problems","type":"L","timestamp":"2023-11-09 13:29:34"},{"nodeID":"1324110","text":"Pure Challenging","type":"YA","timestamp":"2023-11-09 13:29:34"},{"nodeID":"1324111","text":"Default Transition","type":"TA","timestamp":"2023-11-09 13:29:34"},{"nodeID":"1324112","text":"Default Inference","type":"RA","timestamp":"2023-11-09 13:29:34"},{"nodeID":"1324113","text":"Arguing","type":"YA","timestamp":"2023-11-09 13:29:34"},{"nodeID":"1324114","text":"problems include suicide, drugs, addictions, you know, the health, the roads, transport, everything","type":"I","timestamp":"2023-11-09 13:29:35"},{"nodeID":"1324115","text":"AudienceMember 20220707QT34: Suicide, drugs, addictions, you know, the health, the roads, transport, everything, it just -- what is it","type":"L","timestamp":"2023-11-09 13:29:35"},{"nodeID":"1324116","text":"Analysing","type":"YA","timestamp":"2023-11-09 13:29:35"},{"nodeID":"1324117","text":"Anon: AudienceMember 20220707QT33: Suicide, drugs, addictions, you know, the health, the roads, transport, everything, it just -- what is it","type":"L","timestamp":"2023-11-09 13:29:35"},{"nodeID":"1324118","text":"Assertive Questioning","type":"YA","timestamp":"2023-11-09 13:29:35"},{"nodeID":"1324119","text":"Default Transition","type":"TA","timestamp":"2023-11-09 13:29:35"},{"nodeID":"1324120","text":"Default Rephrase","type":"MA","timestamp":"2023-11-09 13:29:35"},{"nodeID":"1324121","text":"Restating","type":"YA","timestamp":"2023-11-09 13:29:35"},{"nodeID":"1324122","text":"you just need to go out in the roads around here and you could play 18 holes going down the street","type":"I","timestamp":"2023-11-09 13:29:36"},{"nodeID":"1324123","text":"AudienceMember 20220707QT34: You just need to go out in the roads around here and you could play 18 holes going down the street","type":"L","timestamp":"2023-11-09 13:29:36"},{"nodeID":"1324124","text":"Analysing","type":"YA","timestamp":"2023-11-09 13:29:36"},{"nodeID":"1324125","text":"Anon: AudienceMember 20220707QT33: You just need to go out in the roads around here and you could play 18 holes going down the street","type":"L","timestamp":"2023-11-09 13:29:36"},{"nodeID":"1324126","text":"Asserting","type":"YA","timestamp":"2023-11-09 13:29:36"},{"nodeID":"1324127","text":"Default Rephrase","type":"MA","timestamp":"2023-11-09 13:29:36"},{"nodeID":"1324128","text":"Default Transition","type":"TA","timestamp":"2023-11-09 13:29:36"},{"nodeID":"1324129","text":"Default Illocuting","type":"YA","timestamp":"2023-11-09 13:29:36"},{"nodeID":"1324130","text":"you don't have to go to the old course so that you could play 18 holes going down the street","type":"I","timestamp":"2023-11-09 13:29:36"},{"nodeID":"1324131","text":"AudienceMember 20220707QT34: You don't have to go to the old course for that","type":"L","timestamp":"2023-11-09 13:29:36"},{"nodeID":"1324132","text":"Analysing","type":"YA","timestamp":"2023-11-09 13:29:36"},{"nodeID":"1324133","text":"Anon: AudienceMember 20220707QT33: You don't have to go to the old course for that","type":"L","timestamp":"2023-11-09 13:29:36"},{"nodeID":"1324134","text":"Asserting","type":"YA","timestamp":"2023-11-09 13:29:36"},{"nodeID":"1324135","text":"Default Transition","type":"TA","timestamp":"2023-11-09 13:29:36"},{"nodeID":"1324136","text":"Default Rephrase","type":"MA","timestamp":"2023-11-09 13:29:36"},{"nodeID":"1324137","text":"Restating","type":"YA","timestamp":"2023-11-09 13:29:36"},{"nodeID":"1324138","text":"the local garage around in St Andrews must be rubbing their hands in terms of repairs to cars and everything","type":"I","timestamp":"2023-11-09 13:29:37"},{"nodeID":"1324139","text":"AudienceMember 20220707QT34: The local garbage around here must be rubbing their hands in terms of repairs to cars and everything","type":"L","timestamp":"2023-11-09 13:29:37"},{"nodeID":"1324140","text":"Analysing","type":"YA","timestamp":"2023-11-09 13:29:37"},{"nodeID":"1324141","text":"Anon: AudienceMember 20220707QT33: The local garbage around here must be rubbing their hands in terms of repairs to cars and everything","type":"L","timestamp":"2023-11-09 13:29:37"},{"nodeID":"1324142","text":"Asserting","type":"YA","timestamp":"2023-11-09 13:29:37"},{"nodeID":"1324143","text":"Default Inference","type":"RA","timestamp":"2023-11-09 13:29:37"},{"nodeID":"1324144","text":"Default Transition","type":"TA","timestamp":"2023-11-09 13:29:37"},{"nodeID":"1324145","text":"Arguing","type":"YA","timestamp":"2023-11-09 13:29:37"},{"nodeID":"1324146","text":"the situation in Scotland is absolutely shocking","type":"I","timestamp":"2023-11-09 13:29:38"},{"nodeID":"1324147","text":"AudienceMember 20220707QT34: It is absolutely shocking","type":"L","timestamp":"2023-11-09 13:29:38"},{"nodeID":"1324148","text":"Analysing","type":"YA","timestamp":"2023-11-09 13:29:38"},{"nodeID":"1324149","text":"Anon: AudienceMember 20220707QT33: It is absolutely shocking","type":"L","timestamp":"2023-11-09 13:29:38"},{"nodeID":"1324150","text":"Asserting","type":"YA","timestamp":"2023-11-09 13:29:38"},{"nodeID":"1324151","text":"Default Transition","type":"TA","timestamp":"2023-11-09 13:29:38"},{"nodeID":"1324152","text":"Default Inference","type":"RA","timestamp":"2023-11-09 13:29:38"},{"nodeID":"1324153","text":"Arguing","type":"YA","timestamp":"2023-11-09 13:29:38"},{"nodeID":"1324154","text":"Default Transition","type":"TA","timestamp":"2023-11-09 13:29:38"},{"nodeID":"1324155","text":"Default Rephrase","type":"MA","timestamp":"2023-11-09 13:29:38"},{"nodeID":"1324156","text":"Restating","type":"YA","timestamp":"2023-11-09 13:29:38"},{"nodeID":"1324157","text":"AudienceMember 20220707QT34: What are they actually doing","type":"L","timestamp":"2023-11-09 13:29:38"},{"nodeID":"1324158","text":"Analysing","type":"YA","timestamp":"2023-11-09 13:29:38"},{"nodeID":"1324159","text":"Anon: AudienceMember 20220707QT33: What are they actually doing","type":"L","timestamp":"2023-11-09 13:29:38"},{"nodeID":"1324160","text":"Rhetorical Challenging","type":"YA","timestamp":"2023-11-09 13:29:38"},{"nodeID":"1324161","text":"Default Transition","type":"TA","timestamp":"2023-11-09 13:29:38"},{"nodeID":"1324162","text":"Default Rephrase","type":"MA","timestamp":"2023-11-09 13:29:38"},{"nodeID":"1324163","text":"Restating","type":"YA","timestamp":"2023-11-09 13:29:38"},{"nodeID":"1324164","text":"AudienceMember 20220707QT34 is not just blaming the SNP for the situation in Scotland","type":"I","timestamp":"2023-11-09 13:29:38"},{"nodeID":"1324165","text":"AudienceMember 20220707QT34: I'm not just blaming the SNP for this","type":"L","timestamp":"2023-11-09 13:29:38"},{"nodeID":"1324166","text":"Analysing","type":"YA","timestamp":"2023-11-09 13:29:38"},{"nodeID":"1324167","text":"Anon: AudienceMember 20220707QT33: I'm not just blaming the SNP for this","type":"L","timestamp":"2023-11-09 13:29:38"},{"nodeID":"1324168","text":"Asserting","type":"YA","timestamp":"2023-11-09 13:29:38"},{"nodeID":"1324169","text":"Default Transition","type":"TA","timestamp":"2023-11-09 13:29:38"},{"nodeID":"1324170","text":"Default Rephrase","type":"MA","timestamp":"2023-11-09 13:29:38"},{"nodeID":"1324171","text":"Restating","type":"YA","timestamp":"2023-11-09 13:29:38"},{"nodeID":"1324172","text":"at the end of the day there's been a number of colours in devolved Scotland","type":"I","timestamp":"2023-11-09 13:29:39"},{"nodeID":"1324173","text":"AudienceMember 20220707QT34: at the end of the day there's been a number of colours in devolved Scotland","type":"L","timestamp":"2023-11-09 13:29:39"},{"nodeID":"1324174","text":"Analysing","type":"YA","timestamp":"2023-11-09 13:29:39"},{"nodeID":"1324175","text":"Anon: AudienceMember 20220707QT33: at the end of the day there's been a number of colours in devolved Scotland","type":"L","timestamp":"2023-11-09 13:29:39"},{"nodeID":"1324176","text":"Asserting","type":"YA","timestamp":"2023-11-09 13:29:39"},{"nodeID":"1324177","text":"Default Inference","type":"RA","timestamp":"2023-11-09 13:29:39"},{"nodeID":"1324178","text":"Default Transition","type":"TA","timestamp":"2023-11-09 13:29:39"},{"nodeID":"1324179","text":"Arguing","type":"YA","timestamp":"2023-11-09 13:29:39"},{"nodeID":"1324180","text":"nothing is improving","type":"I","timestamp":"2023-11-09 13:29:39"},{"nodeID":"1324181","text":"AudienceMember 20220707QT34: nothing is improving","type":"L","timestamp":"2023-11-09 13:29:39"},{"nodeID":"1324182","text":"Analysing","type":"YA","timestamp":"2023-11-09 13:29:39"},{"nodeID":"1324183","text":"Anon: AudienceMember 20220707QT33: nothing is improving","type":"L","timestamp":"2023-11-09 13:29:39"},{"nodeID":"1324184","text":"Asserting","type":"YA","timestamp":"2023-11-09 13:29:39"},{"nodeID":"1324185","text":"us as taxpayers are paying politicians a fortune","type":"I","timestamp":"2023-11-09 13:29:40"},{"nodeID":"1324186","text":"AudienceMember 20220707QT34: us as taxpayers are paying them a fortune","type":"L","timestamp":"2023-11-09 13:29:40"},{"nodeID":"1324187","text":"Analysing","type":"YA","timestamp":"2023-11-09 13:29:40"},{"nodeID":"1324188","text":"Anon: AudienceMember 20220707QT33: us as taxpayers are paying them a fortune","type":"L","timestamp":"2023-11-09 13:29:40"},{"nodeID":"1324189","text":"Asserting","type":"YA","timestamp":"2023-11-09 13:29:40"},{"nodeID":"1324190","text":"Default Transition","type":"TA","timestamp":"2023-11-09 13:29:40"},{"nodeID":"1324191","text":"Default Rephrase","type":"MA","timestamp":"2023-11-09 13:29:40"},{"nodeID":"1324192","text":"Default Transition","type":"TA","timestamp":"2023-11-09 13:29:40"},{"nodeID":"1324193","text":"Default Inference","type":"RA","timestamp":"2023-11-09 13:29:40"},{"nodeID":"1324194","text":"Arguing","type":"YA","timestamp":"2023-11-09 13:29:40"},{"nodeID":"1324195","text":"Default Transition","type":"TA","timestamp":"2023-11-09 13:29:40"},{"nodeID":"1324196","text":"Default Inference","type":"RA","timestamp":"2023-11-09 13:29:40"},{"nodeID":"1324197","text":"Arguing","type":"YA","timestamp":"2023-11-09 13:29:40"},{"nodeID":"1324198","text":"Restating","type":"YA","timestamp":"2023-11-09 13:29:40"}],"edges":[{"edgeID":"1737334","fromID":"1324015","toID":"1324014","formEdgeID":null},{"edgeID":"1737335","fromID":"1324016","toID":"1324015","formEdgeID":null},{"edgeID":"1737336","fromID":"1324014","toID":"1324017","formEdgeID":null},{"edgeID":"1737337","fromID":"1324017","toID":"1324013","formEdgeID":null},{"edgeID":"1737338","fromID":"1324020","toID":"1324019","formEdgeID":null},{"edgeID":"1737339","fromID":"1324021","toID":"1324020","formEdgeID":null},{"edgeID":"1737340","fromID":"1324024","toID":"1324023","formEdgeID":null},{"edgeID":"1737341","fromID":"1324025","toID":"1324024","formEdgeID":null},{"edgeID":"1737342","fromID":"1324023","toID":"1324026","formEdgeID":null},{"edgeID":"1737343","fromID":"1324026","toID":"1324022","formEdgeID":null},{"edgeID":"1737344","fromID":"1324028","toID":"1324027","formEdgeID":null},{"edgeID":"1737345","fromID":"1324029","toID":"1324028","formEdgeID":null},{"edgeID":"1737346","fromID":"1324027","toID":"1324030","formEdgeID":null},{"edgeID":"1737347","fromID":"1324030","toID":"1324018","formEdgeID":null},{"edgeID":"1737348","fromID":"1324019","toID":"1324031","formEdgeID":null},{"edgeID":"1737349","fromID":"1324031","toID":"1324027","formEdgeID":null},{"edgeID":"1737350","fromID":"1324019","toID":"1324032","formEdgeID":null},{"edgeID":"1737351","fromID":"1324032","toID":"1324023","formEdgeID":null},{"edgeID":"1737352","fromID":"1324013","toID":"1324033","formEdgeID":null},{"edgeID":"1737353","fromID":"1324033","toID":"1324018","formEdgeID":null},{"edgeID":"1737354","fromID":"1324022","toID":"1324033","formEdgeID":null},{"edgeID":"1737355","fromID":"1324032","toID":"1324034","formEdgeID":null},{"edgeID":"1737356","fromID":"1324034","toID":"1324033","formEdgeID":null},{"edgeID":"1737357","fromID":"1324037","toID":"1324036","formEdgeID":null},{"edgeID":"1737358","fromID":"1324038","toID":"1324037","formEdgeID":null},{"edgeID":"1737359","fromID":"1324036","toID":"1324039","formEdgeID":null},{"edgeID":"1737360","fromID":"1324039","toID":"1324035","formEdgeID":null},{"edgeID":"1737361","fromID":"1324035","toID":"1324040","formEdgeID":null},{"edgeID":"1737362","fromID":"1324040","toID":"1324022","formEdgeID":null},{"edgeID":"1737363","fromID":"1324023","toID":"1324041","formEdgeID":null},{"edgeID":"1737364","fromID":"1324041","toID":"1324036","formEdgeID":null},{"edgeID":"1737365","fromID":"1324041","toID":"1324042","formEdgeID":null},{"edgeID":"1737366","fromID":"1324042","toID":"1324040","formEdgeID":null},{"edgeID":"1737367","fromID":"1324045","toID":"1324044","formEdgeID":null},{"edgeID":"1737368","fromID":"1324046","toID":"1324045","formEdgeID":null},{"edgeID":"1737369","fromID":"1324044","toID":"1324047","formEdgeID":null},{"edgeID":"1737370","fromID":"1324047","toID":"1324043","formEdgeID":null},{"edgeID":"1737371","fromID":"1324036","toID":"1324048","formEdgeID":null},{"edgeID":"1737372","fromID":"1324048","toID":"1324044","formEdgeID":null},{"edgeID":"1737373","fromID":"1324014","toID":"1324049","formEdgeID":null},{"edgeID":"1737374","fromID":"1324049","toID":"1324044","formEdgeID":null},{"edgeID":"1737375","fromID":"1324035","toID":"1324050","formEdgeID":null},{"edgeID":"1737376","fromID":"1324050","toID":"1324043","formEdgeID":null},{"edgeID":"1737377","fromID":"1324048","toID":"1324051","formEdgeID":null},{"edgeID":"1737378","fromID":"1324051","toID":"1324050","formEdgeID":null},{"edgeID":"1737379","fromID":"1324054","toID":"1324053","formEdgeID":null},{"edgeID":"1737380","fromID":"1324055","toID":"1324054","formEdgeID":null},{"edgeID":"1737381","fromID":"1324053","toID":"1324056","formEdgeID":null},{"edgeID":"1737382","fromID":"1324056","toID":"1324052","formEdgeID":null},{"edgeID":"1737383","fromID":"1324052","toID":"1324057","formEdgeID":null},{"edgeID":"1737384","fromID":"1324057","toID":"1324035","formEdgeID":null},{"edgeID":"1737385","fromID":"1324036","toID":"1324058","formEdgeID":null},{"edgeID":"1737386","fromID":"1324058","toID":"1324053","formEdgeID":null},{"edgeID":"1737387","fromID":"1324058","toID":"1324059","formEdgeID":null},{"edgeID":"1737388","fromID":"1324059","toID":"1324057","formEdgeID":null},{"edgeID":"1737389","fromID":"1324062","toID":"1324061","formEdgeID":null},{"edgeID":"1737390","fromID":"1324063","toID":"1324062","formEdgeID":null},{"edgeID":"1737391","fromID":"1324061","toID":"1324064","formEdgeID":null},{"edgeID":"1737392","fromID":"1324064","toID":"1324060","formEdgeID":null},{"edgeID":"1737393","fromID":"1324060","toID":"1324065","formEdgeID":null},{"edgeID":"1737394","fromID":"1324065","toID":"1324052","formEdgeID":null},{"edgeID":"1737395","fromID":"1324068","toID":"1324067","formEdgeID":null},{"edgeID":"1737396","fromID":"1324069","toID":"1324068","formEdgeID":null},{"edgeID":"1737397","fromID":"1324067","toID":"1324070","formEdgeID":null},{"edgeID":"1737398","fromID":"1324070","toID":"1324066","formEdgeID":null},{"edgeID":"1737399","fromID":"1324053","toID":"1324071","formEdgeID":null},{"edgeID":"1737400","fromID":"1324071","toID":"1324067","formEdgeID":null},{"edgeID":"1737401","fromID":"1324066","toID":"1324065","formEdgeID":null},{"edgeID":"1737402","fromID":"1324061","toID":"1324071","formEdgeID":null},{"edgeID":"1737403","fromID":"1324071","toID":"1324072","formEdgeID":null},{"edgeID":"1737404","fromID":"1324072","toID":"1324065","formEdgeID":null},{"edgeID":"1737405","fromID":"1324014","toID":"1324032","formEdgeID":null},{"edgeID":"1737406","fromID":"1324075","toID":"1324074","formEdgeID":null},{"edgeID":"1737407","fromID":"1324076","toID":"1324075","formEdgeID":null},{"edgeID":"1737408","fromID":"1324074","toID":"1324077","formEdgeID":null},{"edgeID":"1737409","fromID":"1324077","toID":"1324073","formEdgeID":null},{"edgeID":"1737410","fromID":"1324073","toID":"1324078","formEdgeID":null},{"edgeID":"1737411","fromID":"1324078","toID":"1324066","formEdgeID":null},{"edgeID":"1737412","fromID":"1324067","toID":"1324079","formEdgeID":null},{"edgeID":"1737413","fromID":"1324079","toID":"1324074","formEdgeID":null},{"edgeID":"1737414","fromID":"1324079","toID":"1324080","formEdgeID":null},{"edgeID":"1737415","fromID":"1324080","toID":"1324078","formEdgeID":null},{"edgeID":"1737416","fromID":"1324083","toID":"1324082","formEdgeID":null},{"edgeID":"1737417","fromID":"1324084","toID":"1324083","formEdgeID":null},{"edgeID":"1737418","fromID":"1324082","toID":"1324085","formEdgeID":null},{"edgeID":"1737419","fromID":"1324085","toID":"1324081","formEdgeID":null},{"edgeID":"1737420","fromID":"1324036","toID":"1324086","formEdgeID":null},{"edgeID":"1737421","fromID":"1324086","toID":"1324082","formEdgeID":null},{"edgeID":"1737422","fromID":"1324014","toID":"1324086","formEdgeID":null},{"edgeID":"1737423","fromID":"1324089","toID":"1324088","formEdgeID":null},{"edgeID":"1737424","fromID":"1324090","toID":"1324089","formEdgeID":null},{"edgeID":"1737425","fromID":"1324088","toID":"1324091","formEdgeID":null},{"edgeID":"1737426","fromID":"1324091","toID":"1324087","formEdgeID":null},{"edgeID":"1737427","fromID":"1324082","toID":"1324092","formEdgeID":null},{"edgeID":"1737428","fromID":"1324092","toID":"1324088","formEdgeID":null},{"edgeID":"1737429","fromID":"1324095","toID":"1324094","formEdgeID":null},{"edgeID":"1737430","fromID":"1324096","toID":"1324095","formEdgeID":null},{"edgeID":"1737431","fromID":"1324094","toID":"1324097","formEdgeID":null},{"edgeID":"1737432","fromID":"1324097","toID":"1324093","formEdgeID":null},{"edgeID":"1737433","fromID":"1324093","toID":"1324098","formEdgeID":null},{"edgeID":"1737434","fromID":"1324098","toID":"1324087","formEdgeID":null},{"edgeID":"1737435","fromID":"1324088","toID":"1324099","formEdgeID":null},{"edgeID":"1737436","fromID":"1324099","toID":"1324094","formEdgeID":null},{"edgeID":"1737437","fromID":"1324099","toID":"1324100","formEdgeID":null},{"edgeID":"1737438","fromID":"1324100","toID":"1324098","formEdgeID":null},{"edgeID":"1737439","fromID":"1324093","toID":"1324101","formEdgeID":null},{"edgeID":"1737440","fromID":"1324101","toID":"1324081","formEdgeID":null},{"edgeID":"1737441","fromID":"1324082","toID":"1324102","formEdgeID":null},{"edgeID":"1737442","fromID":"1324102","toID":"1324094","formEdgeID":null},{"edgeID":"1737443","fromID":"1324102","toID":"1324103","formEdgeID":null},{"edgeID":"1737444","fromID":"1324103","toID":"1324101","formEdgeID":null},{"edgeID":"1737445","fromID":"1324013","toID":"1324104","formEdgeID":null},{"edgeID":"1737446","fromID":"1324104","toID":"1324081","formEdgeID":null},{"edgeID":"1737447","fromID":"1324018","toID":"1324104","formEdgeID":null},{"edgeID":"1737448","fromID":"1324086","toID":"1324105","formEdgeID":null},{"edgeID":"1737449","fromID":"1324105","toID":"1324104","formEdgeID":null},{"edgeID":"1737450","fromID":"1324108","toID":"1324107","formEdgeID":null},{"edgeID":"1737451","fromID":"1324109","toID":"1324108","formEdgeID":null},{"edgeID":"1737452","fromID":"1324107","toID":"1324110","formEdgeID":null},{"edgeID":"1737453","fromID":"1324110","toID":"1324106","formEdgeID":null},{"edgeID":"1737454","fromID":"1324014","toID":"1324111","formEdgeID":null},{"edgeID":"1737455","fromID":"1324111","toID":"1324107","formEdgeID":null},{"edgeID":"1737456","fromID":"1324013","toID":"1324112","formEdgeID":null},{"edgeID":"1737457","fromID":"1324112","toID":"1324106","formEdgeID":null},{"edgeID":"1737458","fromID":"1324111","toID":"1324113","formEdgeID":null},{"edgeID":"1737459","fromID":"1324113","toID":"1324112","formEdgeID":null},{"edgeID":"1737460","fromID":"1324116","toID":"1324115","formEdgeID":null},{"edgeID":"1737461","fromID":"1324117","toID":"1324116","formEdgeID":null},{"edgeID":"1737462","fromID":"1324115","toID":"1324118","formEdgeID":null},{"edgeID":"1737463","fromID":"1324118","toID":"1324114","formEdgeID":null},{"edgeID":"1737464","fromID":"1324107","toID":"1324119","formEdgeID":null},{"edgeID":"1737465","fromID":"1324119","toID":"1324115","formEdgeID":null},{"edgeID":"1737466","fromID":"1324114","toID":"1324120","formEdgeID":null},{"edgeID":"1737467","fromID":"1324120","toID":"1324106","formEdgeID":null},{"edgeID":"1737468","fromID":"1324119","toID":"1324121","formEdgeID":null},{"edgeID":"1737469","fromID":"1324121","toID":"1324120","formEdgeID":null},{"edgeID":"1737470","fromID":"1324124","toID":"1324123","formEdgeID":null},{"edgeID":"1737471","fromID":"1324125","toID":"1324124","formEdgeID":null},{"edgeID":"1737472","fromID":"1324123","toID":"1324126","formEdgeID":null},{"edgeID":"1737473","fromID":"1324126","toID":"1324122","formEdgeID":null},{"edgeID":"1737474","fromID":"1324122","toID":"1324127","formEdgeID":null},{"edgeID":"1737475","fromID":"1324127","toID":"1324114","formEdgeID":null},{"edgeID":"1737476","fromID":"1324115","toID":"1324128","formEdgeID":null},{"edgeID":"1737477","fromID":"1324128","toID":"1324123","formEdgeID":null},{"edgeID":"1737478","fromID":"1324128","toID":"1324129","formEdgeID":null},{"edgeID":"1737479","fromID":"1324129","toID":"1324127","formEdgeID":null},{"edgeID":"1737480","fromID":"1324132","toID":"1324131","formEdgeID":null},{"edgeID":"1737481","fromID":"1324133","toID":"1324132","formEdgeID":null},{"edgeID":"1737482","fromID":"1324131","toID":"1324134","formEdgeID":null},{"edgeID":"1737483","fromID":"1324134","toID":"1324130","formEdgeID":null},{"edgeID":"1737484","fromID":"1324123","toID":"1324135","formEdgeID":null},{"edgeID":"1737485","fromID":"1324135","toID":"1324131","formEdgeID":null},{"edgeID":"1737486","fromID":"1324130","toID":"1324136","formEdgeID":null},{"edgeID":"1737487","fromID":"1324136","toID":"1324122","formEdgeID":null},{"edgeID":"1737488","fromID":"1324135","toID":"1324137","formEdgeID":null},{"edgeID":"1737489","fromID":"1324137","toID":"1324136","formEdgeID":null},{"edgeID":"1737490","fromID":"1324140","toID":"1324139","formEdgeID":null},{"edgeID":"1737491","fromID":"1324141","toID":"1324140","formEdgeID":null},{"edgeID":"1737492","fromID":"1324139","toID":"1324142","formEdgeID":null},{"edgeID":"1737493","fromID":"1324142","toID":"1324138","formEdgeID":null},{"edgeID":"1737494","fromID":"1324130","toID":"1324143","formEdgeID":null},{"edgeID":"1737495","fromID":"1324143","toID":"1324138","formEdgeID":null},{"edgeID":"1737496","fromID":"1324131","toID":"1324144","formEdgeID":null},{"edgeID":"1737497","fromID":"1324144","toID":"1324139","formEdgeID":null},{"edgeID":"1737498","fromID":"1324144","toID":"1324145","formEdgeID":null},{"edgeID":"1737499","fromID":"1324145","toID":"1324143","formEdgeID":null},{"edgeID":"1737500","fromID":"1324148","toID":"1324147","formEdgeID":null},{"edgeID":"1737501","fromID":"1324149","toID":"1324148","formEdgeID":null},{"edgeID":"1737502","fromID":"1324147","toID":"1324150","formEdgeID":null},{"edgeID":"1737503","fromID":"1324150","toID":"1324146","formEdgeID":null},{"edgeID":"1737504","fromID":"1324115","toID":"1324151","formEdgeID":null},{"edgeID":"1737505","fromID":"1324151","toID":"1324147","formEdgeID":null},{"edgeID":"1737506","fromID":"1324114","toID":"1324152","formEdgeID":null},{"edgeID":"1737507","fromID":"1324152","toID":"1324146","formEdgeID":null},{"edgeID":"1737508","fromID":"1324151","toID":"1324153","formEdgeID":null},{"edgeID":"1737509","fromID":"1324153","toID":"1324152","formEdgeID":null},{"edgeID":"1737510","fromID":"1324036","toID":"1324154","formEdgeID":null},{"edgeID":"1737511","fromID":"1324154","toID":"1324147","formEdgeID":null},{"edgeID":"1737512","fromID":"1324146","toID":"1324155","formEdgeID":null},{"edgeID":"1737513","fromID":"1324155","toID":"1324035","formEdgeID":null},{"edgeID":"1737514","fromID":"1324154","toID":"1324156","formEdgeID":null},{"edgeID":"1737515","fromID":"1324156","toID":"1324155","formEdgeID":null},{"edgeID":"1737516","fromID":"1324158","toID":"1324157","formEdgeID":null},{"edgeID":"1737517","fromID":"1324159","toID":"1324158","formEdgeID":null},{"edgeID":"1737518","fromID":"1324157","toID":"1324160","formEdgeID":null},{"edgeID":"1737519","fromID":"1324160","toID":"1324013","formEdgeID":null},{"edgeID":"1737520","fromID":"1324014","toID":"1324161","formEdgeID":null},{"edgeID":"1737521","fromID":"1324161","toID":"1324157","formEdgeID":null},{"edgeID":"1737522","fromID":"1324013","toID":"1324162","formEdgeID":null},{"edgeID":"1737523","fromID":"1324162","toID":"1324013","formEdgeID":null},{"edgeID":"1737524","fromID":"1324161","toID":"1324163","formEdgeID":null},{"edgeID":"1737525","fromID":"1324163","toID":"1324162","formEdgeID":null},{"edgeID":"1737526","fromID":"1324166","toID":"1324165","formEdgeID":null},{"edgeID":"1737527","fromID":"1324167","toID":"1324166","formEdgeID":null},{"edgeID":"1737528","fromID":"1324165","toID":"1324168","formEdgeID":null},{"edgeID":"1737529","fromID":"1324168","toID":"1324164","formEdgeID":null},{"edgeID":"1737530","fromID":"1324157","toID":"1324169","formEdgeID":null},{"edgeID":"1737531","fromID":"1324169","toID":"1324165","formEdgeID":null},{"edgeID":"1737532","fromID":"1324164","toID":"1324170","formEdgeID":null},{"edgeID":"1737533","fromID":"1324170","toID":"1324013","formEdgeID":null},{"edgeID":"1737534","fromID":"1324169","toID":"1324171","formEdgeID":null},{"edgeID":"1737535","fromID":"1324171","toID":"1324170","formEdgeID":null},{"edgeID":"1737536","fromID":"1324174","toID":"1324173","formEdgeID":null},{"edgeID":"1737537","fromID":"1324175","toID":"1324174","formEdgeID":null},{"edgeID":"1737538","fromID":"1324173","toID":"1324176","formEdgeID":null},{"edgeID":"1737539","fromID":"1324176","toID":"1324172","formEdgeID":null},{"edgeID":"1737540","fromID":"1324172","toID":"1324177","formEdgeID":null},{"edgeID":"1737541","fromID":"1324177","toID":"1324164","formEdgeID":null},{"edgeID":"1737542","fromID":"1324165","toID":"1324178","formEdgeID":null},{"edgeID":"1737543","fromID":"1324178","toID":"1324173","formEdgeID":null},{"edgeID":"1737544","fromID":"1324178","toID":"1324179","formEdgeID":null},{"edgeID":"1737545","fromID":"1324179","toID":"1324177","formEdgeID":null},{"edgeID":"1737546","fromID":"1324182","toID":"1324181","formEdgeID":null},{"edgeID":"1737547","fromID":"1324183","toID":"1324182","formEdgeID":null},{"edgeID":"1737548","fromID":"1324181","toID":"1324184","formEdgeID":null},{"edgeID":"1737549","fromID":"1324184","toID":"1324180","formEdgeID":null},{"edgeID":"1737550","fromID":"1324187","toID":"1324186","formEdgeID":null},{"edgeID":"1737551","fromID":"1324188","toID":"1324187","formEdgeID":null},{"edgeID":"1737552","fromID":"1324186","toID":"1324189","formEdgeID":null},{"edgeID":"1737553","fromID":"1324189","toID":"1324185","formEdgeID":null},{"edgeID":"1737554","fromID":"1324036","toID":"1324190","formEdgeID":null},{"edgeID":"1737555","fromID":"1324190","toID":"1324181","formEdgeID":null},{"edgeID":"1737556","fromID":"1324180","toID":"1324191","formEdgeID":null},{"edgeID":"1737557","fromID":"1324191","toID":"1324035","formEdgeID":null},{"edgeID":"1737558","fromID":"1324082","toID":"1324192","formEdgeID":null},{"edgeID":"1737559","fromID":"1324192","toID":"1324186","formEdgeID":null},{"edgeID":"1737560","fromID":"1324185","toID":"1324193","formEdgeID":null},{"edgeID":"1737561","fromID":"1324193","toID":"1324081","formEdgeID":null},{"edgeID":"1737562","fromID":"1324192","toID":"1324194","formEdgeID":null},{"edgeID":"1737563","fromID":"1324194","toID":"1324193","formEdgeID":null},{"edgeID":"1737564","fromID":"1324014","toID":"1324195","formEdgeID":null},{"edgeID":"1737565","fromID":"1324195","toID":"1324019","formEdgeID":null},{"edgeID":"1737566","fromID":"1324013","toID":"1324196","formEdgeID":null},{"edgeID":"1737567","fromID":"1324196","toID":"1324043","formEdgeID":null},{"edgeID":"1737568","fromID":"1324049","toID":"1324197","formEdgeID":null},{"edgeID":"1737569","fromID":"1324197","toID":"1324196","formEdgeID":null},{"edgeID":"1737570","fromID":"1324190","toID":"1324198","formEdgeID":null},{"edgeID":"1737571","fromID":"1324198","toID":"1324191","formEdgeID":null}],"locutions":[]}