{"nodes":[{"nodeID":"1144457","text":"it is against the rules and so on and so on","type":"I","timestamp":"2023-04-20 10:07:42"},{"nodeID":"1144462","text":"it is nonsense","type":"I","timestamp":"2023-04-20 10:07:44"},{"nodeID":"1144468","text":"up and down the country people are getting prosecuted for things like this","type":"I","timestamp":"2023-04-20 10:07:47"},{"nodeID":"1144474","text":"people are getting brought before the magistrates and prosecuted for turning up with a get well card or a birthday card and not recognising they were arriving at a party","type":"I","timestamp":"2023-04-20 10:07:50"},{"nodeID":"1144480","text":"people are getting prosecuted any way for turning up with a get well card or a birthday card and not recognising they were arriving at a party","type":"I","timestamp":"2023-04-20 10:07:52"},{"nodeID":"1144488","text":"the rules should apply to everyone equally","type":"I","timestamp":"2023-04-20 10:07:55"},{"nodeID":"1144494","text":"think how difficult it is for magistrates applying the rules yet","type":"I","timestamp":"2023-04-20 10:07:57"},{"nodeID":"1144499","text":"it doesn't seem to apply to the government","type":"I","timestamp":"2023-04-20 10:08:00"},{"nodeID":"1144504","text":"we don't need to have Sue Grey's review","type":"I","timestamp":"2023-04-20 10:08:03"},{"nodeID":"1144509","text":"the prime minister do not need to have Sue Grey's review either","type":"I","timestamp":"2023-04-20 10:08:05"},{"nodeID":"1144514","text":"Boris Johnson knows","type":"I","timestamp":"2023-04-20 10:08:07"},{"nodeID":"1144519","text":"Boris Johnson knows he broke the rules","type":"I","timestamp":"2023-04-20 10:08:10"},{"nodeID":"1319978","text":"Emily Thornberry: It is against the rules and so on and so on","type":"L","timestamp":"2023-11-09 13:23:35"},{"nodeID":"1319979","text":"Analysing","type":"YA","timestamp":"2023-11-09 13:23:35"},{"nodeID":"1319980","text":"Steffi: Emily Thornberry: It is against the rules and so on and so on","type":"L","timestamp":"2023-11-09 13:23:35"},{"nodeID":"1319981","text":"Asserting","type":"YA","timestamp":"2023-11-09 13:23:35"},{"nodeID":"1319982","text":"Emily Thornberry: It is nonsense","type":"L","timestamp":"2023-11-09 13:23:36"},{"nodeID":"1319983","text":"Analysing","type":"YA","timestamp":"2023-11-09 13:23:36"},{"nodeID":"1319984","text":"Steffi: Emily Thornberry: It is nonsense","type":"L","timestamp":"2023-11-09 13:23:36"},{"nodeID":"1319985","text":"Asserting","type":"YA","timestamp":"2023-11-09 13:23:36"},{"nodeID":"1319986","text":"Default Transition","type":"TA","timestamp":"2023-11-09 13:23:36"},{"nodeID":"1319987","text":"Emily Thornberry: Up and down the country people are getting prosecuted for things like this","type":"L","timestamp":"2023-11-09 13:23:36"},{"nodeID":"1319988","text":"Analysing","type":"YA","timestamp":"2023-11-09 13:23:36"},{"nodeID":"1319989","text":"Steffi: Emily Thornberry: Up and down the country people are getting prosecuted for things like this","type":"L","timestamp":"2023-11-09 13:23:36"},{"nodeID":"1319990","text":"Asserting","type":"YA","timestamp":"2023-11-09 13:23:36"},{"nodeID":"1319991","text":"Default Transition","type":"TA","timestamp":"2023-11-09 13:23:36"},{"nodeID":"1319992","text":"Emily Thornberry: People are getting brought before the magistrates and prosecuted for turning up with a get well card or a birthday card and not recognising they were arriving at a party","type":"L","timestamp":"2023-11-09 13:23:37"},{"nodeID":"1319993","text":"Analysing","type":"YA","timestamp":"2023-11-09 13:23:37"},{"nodeID":"1319994","text":"Steffi: Emily Thornberry: People are getting brought before the magistrates and prosecuted for turning up with a get well card or a birthday card and not recognising they were arriving at a party","type":"L","timestamp":"2023-11-09 13:23:37"},{"nodeID":"1319995","text":"Asserting","type":"YA","timestamp":"2023-11-09 13:23:37"},{"nodeID":"1319996","text":"Default Transition","type":"TA","timestamp":"2023-11-09 13:23:37"},{"nodeID":"1319997","text":"Emily Thornberry: getting prosecuted any way","type":"L","timestamp":"2023-11-09 13:23:38"},{"nodeID":"1319998","text":"Analysing","type":"YA","timestamp":"2023-11-09 13:23:38"},{"nodeID":"1319999","text":"Steffi: Emily Thornberry: getting prosecuted any way","type":"L","timestamp":"2023-11-09 13:23:38"},{"nodeID":"1320000","text":"Asserting","type":"YA","timestamp":"2023-11-09 13:23:38"},{"nodeID":"1320001","text":"Default Transition","type":"TA","timestamp":"2023-11-09 13:23:38"},{"nodeID":"1320002","text":"Default Rephrase","type":"MA","timestamp":"2023-11-09 13:23:38"},{"nodeID":"1320003","text":"Restating","type":"YA","timestamp":"2023-11-09 13:23:38"},{"nodeID":"1320004","text":"Emily Thornberry: The rules should apply to everyone equally","type":"L","timestamp":"2023-11-09 13:23:38"},{"nodeID":"1320005","text":"Analysing","type":"YA","timestamp":"2023-11-09 13:23:38"},{"nodeID":"1320006","text":"Steffi: Emily Thornberry: The rules should apply to everyone equally","type":"L","timestamp":"2023-11-09 13:23:38"},{"nodeID":"1320007","text":"Asserting","type":"YA","timestamp":"2023-11-09 13:23:38"},{"nodeID":"1320008","text":"Default Transition","type":"TA","timestamp":"2023-11-09 13:23:38"},{"nodeID":"1320009","text":"Emily Thornberry: Think how difficult it is for magistrates applying the rules yet","type":"L","timestamp":"2023-11-09 13:23:39"},{"nodeID":"1320010","text":"Analysing","type":"YA","timestamp":"2023-11-09 13:23:39"},{"nodeID":"1320011","text":"Steffi: Emily Thornberry: Think how difficult it is for magistrates applying the rules yet","type":"L","timestamp":"2023-11-09 13:23:39"},{"nodeID":"1320012","text":"Asserting","type":"YA","timestamp":"2023-11-09 13:23:39"},{"nodeID":"1320013","text":"Emily Thornberry: it doesn't seem to apply to the government","type":"L","timestamp":"2023-11-09 13:23:39"},{"nodeID":"1320014","text":"Analysing","type":"YA","timestamp":"2023-11-09 13:23:39"},{"nodeID":"1320015","text":"Steffi: Emily Thornberry: it doesn't seem to apply to the government","type":"L","timestamp":"2023-11-09 13:23:39"},{"nodeID":"1320016","text":"Asserting","type":"YA","timestamp":"2023-11-09 13:23:39"},{"nodeID":"1320017","text":"Emily Thornberry: We don't need to have Sue Grey's review","type":"L","timestamp":"2023-11-09 13:23:40"},{"nodeID":"1320018","text":"Analysing","type":"YA","timestamp":"2023-11-09 13:23:40"},{"nodeID":"1320019","text":"Steffi: Emily Thornberry: We don't need to have Sue Grey's review","type":"L","timestamp":"2023-11-09 13:23:40"},{"nodeID":"1320020","text":"Asserting","type":"YA","timestamp":"2023-11-09 13:23:40"},{"nodeID":"1320021","text":"Emily Thornberry: I don't think the prime minister needs to have it either","type":"L","timestamp":"2023-11-09 13:23:41"},{"nodeID":"1320022","text":"Analysing","type":"YA","timestamp":"2023-11-09 13:23:41"},{"nodeID":"1320023","text":"Steffi: Emily Thornberry: I don't think the prime minister needs to have it either","type":"L","timestamp":"2023-11-09 13:23:41"},{"nodeID":"1320024","text":"Asserting","type":"YA","timestamp":"2023-11-09 13:23:41"},{"nodeID":"1320025","text":"Emily Thornberry: He knows","type":"L","timestamp":"2023-11-09 13:23:41"},{"nodeID":"1320026","text":"Analysing","type":"YA","timestamp":"2023-11-09 13:23:41"},{"nodeID":"1320027","text":"Steffi: Emily Thornberry: He knows","type":"L","timestamp":"2023-11-09 13:23:41"},{"nodeID":"1320028","text":"Asserting","type":"YA","timestamp":"2023-11-09 13:23:41"},{"nodeID":"1320029","text":"Emily Thornberry:  he knows he broke the rules","type":"L","timestamp":"2023-11-09 13:23:42"},{"nodeID":"1320030","text":"Analysing","type":"YA","timestamp":"2023-11-09 13:23:42"},{"nodeID":"1320031","text":"Steffi: Emily Thornberry:  he knows he broke the rules","type":"L","timestamp":"2023-11-09 13:23:42"},{"nodeID":"1320032","text":"Asserting","type":"YA","timestamp":"2023-11-09 13:23:42"},{"nodeID":"1320033","text":"Default Rephrase","type":"MA","timestamp":"2023-11-09 13:23:42"},{"nodeID":"1320034","text":"Default Transition","type":"TA","timestamp":"2023-11-09 13:23:42"},{"nodeID":"1320035","text":"Restating","type":"YA","timestamp":"2023-11-09 13:23:42"},{"nodeID":"1320036","text":"Default Transition","type":"TA","timestamp":"2023-11-09 13:23:42"},{"nodeID":"1320037","text":"Default Rephrase","type":"MA","timestamp":"2023-11-09 13:23:42"},{"nodeID":"1320038","text":"Default Transition","type":"TA","timestamp":"2023-11-09 13:23:42"},{"nodeID":"1320039","text":"Restating","type":"YA","timestamp":"2023-11-09 13:23:42"},{"nodeID":"1320040","text":"Default Transition","type":"TA","timestamp":"2023-11-09 13:23:42"},{"nodeID":"1320041","text":"Default Conflict","type":"CA","timestamp":"2023-11-09 13:23:42"},{"nodeID":"1320042","text":"Default Transition","type":"TA","timestamp":"2023-11-09 13:23:42"},{"nodeID":"1320043","text":"Disagreeing","type":"YA","timestamp":"2023-11-09 13:23:42"},{"nodeID":"1320044","text":"Default Transition","type":"TA","timestamp":"2023-11-09 13:23:42"},{"nodeID":"1320045","text":"Default Rephrase","type":"MA","timestamp":"2023-11-09 13:23:42"},{"nodeID":"1320046","text":"Restating","type":"YA","timestamp":"2023-11-09 13:23:42"},{"nodeID":"1320047","text":"Default Inference","type":"RA","timestamp":"2023-11-09 13:23:42"},{"nodeID":"1320048","text":"Arguing","type":"YA","timestamp":"2023-11-09 13:23:42"},{"nodeID":"1320049","text":"Default Inference","type":"RA","timestamp":"2023-11-09 13:23:42"},{"nodeID":"1320050","text":"Arguing","type":"YA","timestamp":"2023-11-09 13:23:42"},{"nodeID":"1320051","text":"Default Conflict","type":"CA","timestamp":"2023-11-09 13:23:42"},{"nodeID":"1320052","text":"Disagreeing","type":"YA","timestamp":"2023-11-09 13:23:42"},{"nodeID":"1320053","text":"Default Inference","type":"RA","timestamp":"2023-11-09 13:23:42"},{"nodeID":"1320054","text":"Arguing","type":"YA","timestamp":"2023-11-09 13:23:42"}],"edges":[{"edgeID":"1732440","fromID":"1319979","toID":"1319978","formEdgeID":null},{"edgeID":"1732441","fromID":"1319980","toID":"1319979","formEdgeID":null},{"edgeID":"1732442","fromID":"1319978","toID":"1319981","formEdgeID":null},{"edgeID":"1732443","fromID":"1319981","toID":"1144457","formEdgeID":null},{"edgeID":"1732444","fromID":"1319983","toID":"1319982","formEdgeID":null},{"edgeID":"1732445","fromID":"1319984","toID":"1319983","formEdgeID":null},{"edgeID":"1732446","fromID":"1319982","toID":"1319985","formEdgeID":null},{"edgeID":"1732447","fromID":"1319985","toID":"1144462","formEdgeID":null},{"edgeID":"1732448","fromID":"1319978","toID":"1319986","formEdgeID":null},{"edgeID":"1732449","fromID":"1319986","toID":"1319982","formEdgeID":null},{"edgeID":"1732450","fromID":"1319988","toID":"1319987","formEdgeID":null},{"edgeID":"1732451","fromID":"1319989","toID":"1319988","formEdgeID":null},{"edgeID":"1732452","fromID":"1319987","toID":"1319990","formEdgeID":null},{"edgeID":"1732453","fromID":"1319990","toID":"1144468","formEdgeID":null},{"edgeID":"1732454","fromID":"1319982","toID":"1319991","formEdgeID":null},{"edgeID":"1732455","fromID":"1319991","toID":"1319987","formEdgeID":null},{"edgeID":"1732456","fromID":"1319993","toID":"1319992","formEdgeID":null},{"edgeID":"1732457","fromID":"1319994","toID":"1319993","formEdgeID":null},{"edgeID":"1732458","fromID":"1319992","toID":"1319995","formEdgeID":null},{"edgeID":"1732459","fromID":"1319995","toID":"1144474","formEdgeID":null},{"edgeID":"1732460","fromID":"1319987","toID":"1319996","formEdgeID":null},{"edgeID":"1732461","fromID":"1319996","toID":"1319992","formEdgeID":null},{"edgeID":"1732462","fromID":"1319998","toID":"1319997","formEdgeID":null},{"edgeID":"1732463","fromID":"1319999","toID":"1319998","formEdgeID":null},{"edgeID":"1732464","fromID":"1319997","toID":"1320000","formEdgeID":null},{"edgeID":"1732465","fromID":"1320000","toID":"1144480","formEdgeID":null},{"edgeID":"1732466","fromID":"1319992","toID":"1320001","formEdgeID":null},{"edgeID":"1732467","fromID":"1320001","toID":"1319997","formEdgeID":null},{"edgeID":"1732468","fromID":"1144480","toID":"1320002","formEdgeID":null},{"edgeID":"1732469","fromID":"1320002","toID":"1144474","formEdgeID":null},{"edgeID":"1732470","fromID":"1320001","toID":"1320003","formEdgeID":null},{"edgeID":"1732471","fromID":"1320003","toID":"1320002","formEdgeID":null},{"edgeID":"1732472","fromID":"1320005","toID":"1320004","formEdgeID":null},{"edgeID":"1732473","fromID":"1320006","toID":"1320005","formEdgeID":null},{"edgeID":"1732474","fromID":"1320004","toID":"1320007","formEdgeID":null},{"edgeID":"1732475","fromID":"1320007","toID":"1144488","formEdgeID":null},{"edgeID":"1732476","fromID":"1319997","toID":"1320008","formEdgeID":null},{"edgeID":"1732477","fromID":"1320008","toID":"1320004","formEdgeID":null},{"edgeID":"1732478","fromID":"1320010","toID":"1320009","formEdgeID":null},{"edgeID":"1732479","fromID":"1320011","toID":"1320010","formEdgeID":null},{"edgeID":"1732480","fromID":"1320009","toID":"1320012","formEdgeID":null},{"edgeID":"1732481","fromID":"1320012","toID":"1144494","formEdgeID":null},{"edgeID":"1732482","fromID":"1320014","toID":"1320013","formEdgeID":null},{"edgeID":"1732483","fromID":"1320015","toID":"1320014","formEdgeID":null},{"edgeID":"1732484","fromID":"1320013","toID":"1320016","formEdgeID":null},{"edgeID":"1732485","fromID":"1320016","toID":"1144499","formEdgeID":null},{"edgeID":"1732486","fromID":"1320018","toID":"1320017","formEdgeID":null},{"edgeID":"1732487","fromID":"1320019","toID":"1320018","formEdgeID":null},{"edgeID":"1732488","fromID":"1320017","toID":"1320020","formEdgeID":null},{"edgeID":"1732489","fromID":"1320020","toID":"1144504","formEdgeID":null},{"edgeID":"1732490","fromID":"1320022","toID":"1320021","formEdgeID":null},{"edgeID":"1732491","fromID":"1320023","toID":"1320022","formEdgeID":null},{"edgeID":"1732492","fromID":"1320021","toID":"1320024","formEdgeID":null},{"edgeID":"1732493","fromID":"1320024","toID":"1144509","formEdgeID":null},{"edgeID":"1732494","fromID":"1320026","toID":"1320025","formEdgeID":null},{"edgeID":"1732495","fromID":"1320027","toID":"1320026","formEdgeID":null},{"edgeID":"1732496","fromID":"1320025","toID":"1320028","formEdgeID":null},{"edgeID":"1732497","fromID":"1320028","toID":"1144514","formEdgeID":null},{"edgeID":"1732498","fromID":"1320030","toID":"1320029","formEdgeID":null},{"edgeID":"1732499","fromID":"1320031","toID":"1320030","formEdgeID":null},{"edgeID":"1732500","fromID":"1320029","toID":"1320032","formEdgeID":null},{"edgeID":"1732501","fromID":"1320032","toID":"1144519","formEdgeID":null},{"edgeID":"1732502","fromID":"1144519","toID":"1320033","formEdgeID":null},{"edgeID":"1732503","fromID":"1320033","toID":"1144514","formEdgeID":null},{"edgeID":"1732504","fromID":"1320025","toID":"1320034","formEdgeID":null},{"edgeID":"1732505","fromID":"1320034","toID":"1320029","formEdgeID":null},{"edgeID":"1732506","fromID":"1320034","toID":"1320035","formEdgeID":null},{"edgeID":"1732507","fromID":"1320035","toID":"1320033","formEdgeID":null},{"edgeID":"1732508","fromID":"1320021","toID":"1320036","formEdgeID":null},{"edgeID":"1732509","fromID":"1320036","toID":"1320025","formEdgeID":null},{"edgeID":"1732510","fromID":"1144509","toID":"1320037","formEdgeID":null},{"edgeID":"1732511","fromID":"1320037","toID":"1144504","formEdgeID":null},{"edgeID":"1732512","fromID":"1320017","toID":"1320038","formEdgeID":null},{"edgeID":"1732513","fromID":"1320038","toID":"1320021","formEdgeID":null},{"edgeID":"1732514","fromID":"1320038","toID":"1320039","formEdgeID":null},{"edgeID":"1732515","fromID":"1320039","toID":"1320037","formEdgeID":null},{"edgeID":"1732516","fromID":"1320013","toID":"1320040","formEdgeID":null},{"edgeID":"1732517","fromID":"1320040","toID":"1320017","formEdgeID":null},{"edgeID":"1732518","fromID":"1144499","toID":"1320041","formEdgeID":null},{"edgeID":"1732519","fromID":"1320041","toID":"1144488","formEdgeID":null},{"edgeID":"1732520","fromID":"1320004","toID":"1320042","formEdgeID":null},{"edgeID":"1732521","fromID":"1320042","toID":"1320013","formEdgeID":null},{"edgeID":"1732522","fromID":"1320042","toID":"1320043","formEdgeID":null},{"edgeID":"1732523","fromID":"1320043","toID":"1320041","formEdgeID":null},{"edgeID":"1732524","fromID":"1320009","toID":"1320044","formEdgeID":null},{"edgeID":"1732525","fromID":"1320044","toID":"1320013","formEdgeID":null},{"edgeID":"1732526","fromID":"1144474","toID":"1320045","formEdgeID":null},{"edgeID":"1732527","fromID":"1320045","toID":"1144468","formEdgeID":null},{"edgeID":"1732528","fromID":"1319996","toID":"1320046","formEdgeID":null},{"edgeID":"1732529","fromID":"1320046","toID":"1320045","formEdgeID":null},{"edgeID":"1732530","fromID":"1144468","toID":"1320047","formEdgeID":null},{"edgeID":"1732531","fromID":"1320047","toID":"1144462","formEdgeID":null},{"edgeID":"1732532","fromID":"1319991","toID":"1320048","formEdgeID":null},{"edgeID":"1732533","fromID":"1320048","toID":"1320047","formEdgeID":null},{"edgeID":"1732534","fromID":"1144457","toID":"1320049","formEdgeID":null},{"edgeID":"1732535","fromID":"1320049","toID":"1144462","formEdgeID":null},{"edgeID":"1732536","fromID":"1319986","toID":"1320050","formEdgeID":null},{"edgeID":"1732537","fromID":"1320050","toID":"1320049","formEdgeID":null},{"edgeID":"1732538","fromID":"1144499","toID":"1320051","formEdgeID":null},{"edgeID":"1732539","fromID":"1320051","toID":"1144494","formEdgeID":null},{"edgeID":"1732540","fromID":"1320044","toID":"1320052","formEdgeID":null},{"edgeID":"1732541","fromID":"1320052","toID":"1320051","formEdgeID":null},{"edgeID":"1732542","fromID":"1144514","toID":"1320053","formEdgeID":null},{"edgeID":"1732543","fromID":"1320053","toID":"1144509","formEdgeID":null},{"edgeID":"1732544","fromID":"1320036","toID":"1320054","formEdgeID":null},{"edgeID":"1732545","fromID":"1320054","toID":"1320053","formEdgeID":null}],"locutions":[]}