{"nodes":[{"nodeID":"1323154","text":"AudienceMember 20220707QT43 is very concerned about the failure to replace the social housing that was lost in places like St Andrews through the right to buy policy of the '80s","type":"I","timestamp":"2023-11-09 13:28:15"},{"nodeID":"1323155","text":"AudienceMember 20220707QT43: I'm very concerned about the failure to replace the social housing that was lost in places like St Andrews through the right to buy policy of the '80s","type":"L","timestamp":"2023-11-09 13:28:15"},{"nodeID":"1323156","text":"Analysing","type":"YA","timestamp":"2023-11-09 13:28:15"},{"nodeID":"1323157","text":"Mascha: AudienceMember 20220707QT43: I'm very concerned about the failure to replace the social housing that was lost in places like St Andrews through the right to buy policy of the '80s","type":"L","timestamp":"2023-11-09 13:28:15"},{"nodeID":"1323158","text":"Asserting","type":"YA","timestamp":"2023-11-09 13:28:15"},{"nodeID":"1323159","text":"the social housing policy hasn't been replaced","type":"I","timestamp":"2023-11-09 13:28:16"},{"nodeID":"1323160","text":"AudienceMember 20220707QT43: it hasn't been replaced","type":"L","timestamp":"2023-11-09 13:28:16"},{"nodeID":"1323161","text":"Analysing","type":"YA","timestamp":"2023-11-09 13:28:16"},{"nodeID":"1323162","text":"Mascha: AudienceMember 20220707QT43: it hasn't been replaced","type":"L","timestamp":"2023-11-09 13:28:16"},{"nodeID":"1323163","text":"Asserting","type":"YA","timestamp":"2023-11-09 13:28:16"},{"nodeID":"1323164","text":"Default Transition","type":"TA","timestamp":"2023-11-09 13:28:16"},{"nodeID":"1323165","text":"so many people who are St Andrews born and bred have to move out of the town","type":"I","timestamp":"2023-11-09 13:28:17"},{"nodeID":"1323166","text":"AudienceMember 20220707QT43: so many pen having -- who are St Andrews born and bred having to move out of the town","type":"L","timestamp":"2023-11-09 13:28:17"},{"nodeID":"1323167","text":"Analysing","type":"YA","timestamp":"2023-11-09 13:28:17"},{"nodeID":"1323168","text":"Mascha: AudienceMember 20220707QT43: so many pen having -- who are St Andrews born and bred having to move out of the town","type":"L","timestamp":"2023-11-09 13:28:17"},{"nodeID":"1323169","text":"Asserting","type":"YA","timestamp":"2023-11-09 13:28:17"},{"nodeID":"1323170","text":"Default Transition","type":"TA","timestamp":"2023-11-09 13:28:17"},{"nodeID":"1323171","text":"Default Inference","type":"RA","timestamp":"2023-11-09 13:28:17"},{"nodeID":"1323172","text":"Arguing","type":"YA","timestamp":"2023-11-09 13:28:17"},{"nodeID":"1323173","text":"Default Inference","type":"RA","timestamp":"2023-11-09 13:28:17"},{"nodeID":"1323174","text":"Default Transition","type":"TA","timestamp":"2023-11-09 13:28:17"},{"nodeID":"1323175","text":"Arguing","type":"YA","timestamp":"2023-11-09 13:28:17"},{"nodeID":"1323176","text":"Default Rephrase","type":"MA","timestamp":"2023-11-09 13:28:17"},{"nodeID":"1323177","text":"Restating","type":"YA","timestamp":"2023-11-09 13:28:17"},{"nodeID":"1323178","text":"people having to move out of the town where they were born is something that should be addressed","type":"I","timestamp":"2023-11-09 13:28:17"},{"nodeID":"1323179","text":"AudienceMember 20220707QT43:  that is something that should be addressed","type":"L","timestamp":"2023-11-09 13:28:17"},{"nodeID":"1323180","text":"Analysing","type":"YA","timestamp":"2023-11-09 13:28:17"},{"nodeID":"1323181","text":"Mascha: AudienceMember 20220707QT43:  that is something that should be addressed","type":"L","timestamp":"2023-11-09 13:28:17"},{"nodeID":"1323182","text":"Asserting","type":"YA","timestamp":"2023-11-09 13:28:17"},{"nodeID":"1323183","text":"Default Transition","type":"TA","timestamp":"2023-11-09 13:28:17"},{"nodeID":"1323184","text":"I agree with the man in the check shirt earlier saying that St Andrews' prices are stonk innate","type":"I","timestamp":"2023-11-09 13:28:18"},{"nodeID":"1323185","text":"AudienceMember 20220707QT44:  I agree with the man in the check shirt earlier saying that St Andrews' prices are stonk innate","type":"L","timestamp":"2023-11-09 13:28:18"},{"nodeID":"1323186","text":"Analysing","type":"YA","timestamp":"2023-11-09 13:28:18"},{"nodeID":"1323187","text":"Mascha: AudienceMember 20220707QT44:  I agree with the man in the check shirt earlier saying that St Andrews' prices are stonk innate","type":"L","timestamp":"2023-11-09 13:28:18"},{"nodeID":"1323188","text":"Asserting","type":"YA","timestamp":"2023-11-09 13:28:18"},{"nodeID":"1323189","text":"Default Transition","type":"TA","timestamp":"2023-11-09 13:28:18"},{"nodeID":"1323190","text":"AudienceMember 20220707QT44 is a St Andrews student","type":"I","timestamp":"2023-11-09 13:28:18"},{"nodeID":"1323191","text":"AudienceMember 20220707QT44:  I'm a St Andrews student myself","type":"L","timestamp":"2023-11-09 13:28:18"},{"nodeID":"1323192","text":"Analysing","type":"YA","timestamp":"2023-11-09 13:28:18"},{"nodeID":"1323193","text":"Mascha: AudienceMember 20220707QT44:  I'm a St Andrews student myself","type":"L","timestamp":"2023-11-09 13:28:18"},{"nodeID":"1323194","text":"Asserting","type":"YA","timestamp":"2023-11-09 13:28:18"},{"nodeID":"1323195","text":"Default Transition","type":"TA","timestamp":"2023-11-09 13:28:18"},{"nodeID":"1323196","text":"AudienceMember 20220707QT44 and one of their friends have chosen to live in Dundee where the prices are snarl half what they are in St Andrews","type":"I","timestamp":"2023-11-09 13:28:19"},{"nodeID":"1323197","text":"AudienceMember 20220707QT44: I and would one of my friends have chosen to live in Dundee where the prices are snarl half what they are in St Andrews","type":"L","timestamp":"2023-11-09 13:28:19"},{"nodeID":"1323198","text":"Analysing","type":"YA","timestamp":"2023-11-09 13:28:19"},{"nodeID":"1323199","text":"Mascha: AudienceMember 20220707QT44: I and would one of my friends have chosen to live in Dundee where the prices are snarl half what they are in St Andrews","type":"L","timestamp":"2023-11-09 13:28:19"},{"nodeID":"1323200","text":"Asserting","type":"YA","timestamp":"2023-11-09 13:28:19"},{"nodeID":"1323201","text":"Default Inference","type":"RA","timestamp":"2023-11-09 13:28:19"},{"nodeID":"1323202","text":"Default Transition","type":"TA","timestamp":"2023-11-09 13:28:19"},{"nodeID":"1323203","text":"Arguing","type":"YA","timestamp":"2023-11-09 13:28:19"},{"nodeID":"1323204","text":"Default Rephrase","type":"MA","timestamp":"2023-11-09 13:28:19"},{"nodeID":"1323205","text":"Restating","type":"YA","timestamp":"2023-11-09 13:28:19"},{"nodeID":"1323206","text":"Iain Anderson is not in favour of a market intervention","type":"I","timestamp":"2023-11-09 13:28:20"},{"nodeID":"1323207","text":"Mislabelled Iain Anderson: I'm not in favour of a marketed intervention","type":"L","timestamp":"2023-11-09 13:28:20"},{"nodeID":"1323208","text":"Analysing","type":"YA","timestamp":"2023-11-09 13:28:20"},{"nodeID":"1323209","text":"Mascha: Mislabelled Iain Anderson: I'm not in favour of a marketed intervention","type":"L","timestamp":"2023-11-09 13:28:20"},{"nodeID":"1323210","text":"Asserting","type":"YA","timestamp":"2023-11-09 13:28:20"},{"nodeID":"1323211","text":"housing is where local planning policies need to be more sensitive","type":"I","timestamp":"2023-11-09 13:28:20"},{"nodeID":"1323212","text":"Mislabelled Iain Anderson:  this is where local planning policies need to be more sensitive","type":"L","timestamp":"2023-11-09 13:28:20"},{"nodeID":"1323213","text":"Analysing","type":"YA","timestamp":"2023-11-09 13:28:20"},{"nodeID":"1323214","text":"Mascha: Mislabelled Iain Anderson:  this is where local planning policies need to be more sensitive","type":"L","timestamp":"2023-11-09 13:28:20"},{"nodeID":"1323215","text":"Asserting","type":"YA","timestamp":"2023-11-09 13:28:20"},{"nodeID":"1323216","text":"Default Transition","type":"TA","timestamp":"2023-11-09 13:28:20"},{"nodeID":"1323217","text":"Default Conflict","type":"CA","timestamp":"2023-11-09 13:28:20"},{"nodeID":"1323218","text":"Disagreeing","type":"YA","timestamp":"2023-11-09 13:28:20"},{"nodeID":"1323219","text":"there is a huge amount of liaison that takes place 2023 the local authority and the university","type":"I","timestamp":"2023-11-09 13:28:21"},{"nodeID":"1323220","text":"Mislabelled Iain Anderson: there is a huge amount of liaison that takes place 2023 the local authority and the university","type":"L","timestamp":"2023-11-09 13:28:21"},{"nodeID":"1323221","text":"Analysing","type":"YA","timestamp":"2023-11-09 13:28:21"},{"nodeID":"1323222","text":"Mascha: Mislabelled Iain Anderson: there is a huge amount of liaison that takes place 2023 the local authority and the university","type":"L","timestamp":"2023-11-09 13:28:21"},{"nodeID":"1323223","text":"Asserting","type":"YA","timestamp":"2023-11-09 13:28:21"},{"nodeID":"1323224","text":"Default Transition","type":"TA","timestamp":"2023-11-09 13:28:21"},{"nodeID":"1323225","text":"housing policy is about ongoing dialogue rather than putting in place strict caps on how the market operates","type":"I","timestamp":"2023-11-09 13:28:21"},{"nodeID":"1323226","text":"Mislabelled Iain Anderson: this for me is about ongoing dialogue rather than putting in place strict caps on how the market operates","type":"L","timestamp":"2023-11-09 13:28:21"},{"nodeID":"1323227","text":"Analysing","type":"YA","timestamp":"2023-11-09 13:28:21"},{"nodeID":"1323228","text":"Mascha: Mislabelled Iain Anderson: this for me is about ongoing dialogue rather than putting in place strict caps on how the market operates","type":"L","timestamp":"2023-11-09 13:28:21"},{"nodeID":"1323229","text":"Asserting","type":"YA","timestamp":"2023-11-09 13:28:21"},{"nodeID":"1323230","text":"Default Rephrase","type":"MA","timestamp":"2023-11-09 13:28:21"},{"nodeID":"1323231","text":"Default Transition","type":"TA","timestamp":"2023-11-09 13:28:21"},{"nodeID":"1323232","text":"Restating","type":"YA","timestamp":"2023-11-09 13:28:21"},{"nodeID":"1323233","text":"Default Transition","type":"TA","timestamp":"2023-11-09 13:28:21"}],"edges":[{"edgeID":"1736332","fromID":"1323156","toID":"1323155","formEdgeID":null},{"edgeID":"1736333","fromID":"1323157","toID":"1323156","formEdgeID":null},{"edgeID":"1736334","fromID":"1323155","toID":"1323158","formEdgeID":null},{"edgeID":"1736335","fromID":"1323158","toID":"1323154","formEdgeID":null},{"edgeID":"1736336","fromID":"1323161","toID":"1323160","formEdgeID":null},{"edgeID":"1736337","fromID":"1323162","toID":"1323161","formEdgeID":null},{"edgeID":"1736338","fromID":"1323160","toID":"1323163","formEdgeID":null},{"edgeID":"1736339","fromID":"1323163","toID":"1323159","formEdgeID":null},{"edgeID":"1736340","fromID":"1323155","toID":"1323164","formEdgeID":null},{"edgeID":"1736341","fromID":"1323164","toID":"1323160","formEdgeID":null},{"edgeID":"1736342","fromID":"1323167","toID":"1323166","formEdgeID":null},{"edgeID":"1736343","fromID":"1323168","toID":"1323167","formEdgeID":null},{"edgeID":"1736344","fromID":"1323166","toID":"1323169","formEdgeID":null},{"edgeID":"1736345","fromID":"1323169","toID":"1323165","formEdgeID":null},{"edgeID":"1736346","fromID":"1323160","toID":"1323170","formEdgeID":null},{"edgeID":"1736347","fromID":"1323170","toID":"1323166","formEdgeID":null},{"edgeID":"1736348","fromID":"1323159","toID":"1323171","formEdgeID":null},{"edgeID":"1736349","fromID":"1323171","toID":"1323165","formEdgeID":null},{"edgeID":"1736350","fromID":"1323170","toID":"1323172","formEdgeID":null},{"edgeID":"1736351","fromID":"1323172","toID":"1323171","formEdgeID":null},{"edgeID":"1736352","fromID":"1323165","toID":"1323173","formEdgeID":null},{"edgeID":"1736353","fromID":"1323173","toID":"1323154","formEdgeID":null},{"edgeID":"1736354","fromID":"1323155","toID":"1323174","formEdgeID":null},{"edgeID":"1736355","fromID":"1323174","toID":"1323166","formEdgeID":null},{"edgeID":"1736356","fromID":"1323174","toID":"1323175","formEdgeID":null},{"edgeID":"1736357","fromID":"1323175","toID":"1323173","formEdgeID":null},{"edgeID":"1736358","fromID":"1323159","toID":"1323176","formEdgeID":null},{"edgeID":"1736359","fromID":"1323176","toID":"1323154","formEdgeID":null},{"edgeID":"1736360","fromID":"1323164","toID":"1323177","formEdgeID":null},{"edgeID":"1736361","fromID":"1323177","toID":"1323176","formEdgeID":null},{"edgeID":"1736362","fromID":"1323180","toID":"1323179","formEdgeID":null},{"edgeID":"1736363","fromID":"1323181","toID":"1323180","formEdgeID":null},{"edgeID":"1736364","fromID":"1323179","toID":"1323182","formEdgeID":null},{"edgeID":"1736365","fromID":"1323182","toID":"1323178","formEdgeID":null},{"edgeID":"1736366","fromID":"1323166","toID":"1323183","formEdgeID":null},{"edgeID":"1736367","fromID":"1323183","toID":"1323179","formEdgeID":null},{"edgeID":"1736368","fromID":"1323186","toID":"1323185","formEdgeID":null},{"edgeID":"1736369","fromID":"1323187","toID":"1323186","formEdgeID":null},{"edgeID":"1736370","fromID":"1323185","toID":"1323188","formEdgeID":null},{"edgeID":"1736371","fromID":"1323188","toID":"1323184","formEdgeID":null},{"edgeID":"1736372","fromID":"1323179","toID":"1323189","formEdgeID":null},{"edgeID":"1736373","fromID":"1323189","toID":"1323185","formEdgeID":null},{"edgeID":"1736374","fromID":"1323192","toID":"1323191","formEdgeID":null},{"edgeID":"1736375","fromID":"1323193","toID":"1323192","formEdgeID":null},{"edgeID":"1736376","fromID":"1323191","toID":"1323194","formEdgeID":null},{"edgeID":"1736377","fromID":"1323194","toID":"1323190","formEdgeID":null},{"edgeID":"1736378","fromID":"1323185","toID":"1323195","formEdgeID":null},{"edgeID":"1736379","fromID":"1323195","toID":"1323191","formEdgeID":null},{"edgeID":"1736380","fromID":"1323198","toID":"1323197","formEdgeID":null},{"edgeID":"1736381","fromID":"1323199","toID":"1323198","formEdgeID":null},{"edgeID":"1736382","fromID":"1323197","toID":"1323200","formEdgeID":null},{"edgeID":"1736383","fromID":"1323200","toID":"1323196","formEdgeID":null},{"edgeID":"1736384","fromID":"1323196","toID":"1323201","formEdgeID":null},{"edgeID":"1736385","fromID":"1323201","toID":"1323184","formEdgeID":null},{"edgeID":"1736386","fromID":"1323190","toID":"1323201","formEdgeID":null},{"edgeID":"1736387","fromID":"1323185","toID":"1323202","formEdgeID":null},{"edgeID":"1736388","fromID":"1323202","toID":"1323197","formEdgeID":null},{"edgeID":"1736389","fromID":"1323202","toID":"1323203","formEdgeID":null},{"edgeID":"1736390","fromID":"1323203","toID":"1323201","formEdgeID":null},{"edgeID":"1736391","fromID":"1323178","toID":"1323204","formEdgeID":null},{"edgeID":"1736392","fromID":"1323204","toID":"1323165","formEdgeID":null},{"edgeID":"1736393","fromID":"1323183","toID":"1323205","formEdgeID":null},{"edgeID":"1736394","fromID":"1323205","toID":"1323204","formEdgeID":null},{"edgeID":"1736395","fromID":"1323208","toID":"1323207","formEdgeID":null},{"edgeID":"1736396","fromID":"1323209","toID":"1323208","formEdgeID":null},{"edgeID":"1736397","fromID":"1323207","toID":"1323210","formEdgeID":null},{"edgeID":"1736398","fromID":"1323210","toID":"1323206","formEdgeID":null},{"edgeID":"1736399","fromID":"1323213","toID":"1323212","formEdgeID":null},{"edgeID":"1736400","fromID":"1323214","toID":"1323213","formEdgeID":null},{"edgeID":"1736401","fromID":"1323212","toID":"1323215","formEdgeID":null},{"edgeID":"1736402","fromID":"1323215","toID":"1323211","formEdgeID":null},{"edgeID":"1736403","fromID":"1323207","toID":"1323216","formEdgeID":null},{"edgeID":"1736404","fromID":"1323216","toID":"1323212","formEdgeID":null},{"edgeID":"1736405","fromID":"1323211","toID":"1323217","formEdgeID":null},{"edgeID":"1736406","fromID":"1323217","toID":"1323206","formEdgeID":null},{"edgeID":"1736407","fromID":"1323216","toID":"1323218","formEdgeID":null},{"edgeID":"1736408","fromID":"1323218","toID":"1323217","formEdgeID":null},{"edgeID":"1736409","fromID":"1323221","toID":"1323220","formEdgeID":null},{"edgeID":"1736410","fromID":"1323222","toID":"1323221","formEdgeID":null},{"edgeID":"1736411","fromID":"1323220","toID":"1323223","formEdgeID":null},{"edgeID":"1736412","fromID":"1323223","toID":"1323219","formEdgeID":null},{"edgeID":"1736413","fromID":"1323212","toID":"1323224","formEdgeID":null},{"edgeID":"1736414","fromID":"1323224","toID":"1323220","formEdgeID":null},{"edgeID":"1736415","fromID":"1323227","toID":"1323226","formEdgeID":null},{"edgeID":"1736416","fromID":"1323228","toID":"1323227","formEdgeID":null},{"edgeID":"1736417","fromID":"1323226","toID":"1323229","formEdgeID":null},{"edgeID":"1736418","fromID":"1323229","toID":"1323225","formEdgeID":null},{"edgeID":"1736419","fromID":"1323225","toID":"1323230","formEdgeID":null},{"edgeID":"1736420","fromID":"1323230","toID":"1323211","formEdgeID":null},{"edgeID":"1736421","fromID":"1323212","toID":"1323231","formEdgeID":null},{"edgeID":"1736422","fromID":"1323231","toID":"1323226","formEdgeID":null},{"edgeID":"1736423","fromID":"1323231","toID":"1323232","formEdgeID":null},{"edgeID":"1736424","fromID":"1323232","toID":"1323230","formEdgeID":null},{"edgeID":"1736425","fromID":"1323226","toID":"1323233","formEdgeID":null},{"edgeID":"1736426","fromID":"1323233","toID":"1323155","formEdgeID":null}],"locutions":[]}