{"nodes":[{"nodeID":"1322699","text":"Scottish Minister salaries have been frozen for over a decade","type":"I","timestamp":"2023-11-09 13:27:37"},{"nodeID":"1322700","text":"Mairi McAllan: Scottish minister salaries have been frozen for over a decade","type":"L","timestamp":"2023-11-09 13:27:37"},{"nodeID":"1322701","text":"Analysing","type":"YA","timestamp":"2023-11-09 13:27:37"},{"nodeID":"1322702","text":"Chris: Mairi McAllan: Scottish minister salaries have been frozen for over a decade","type":"L","timestamp":"2023-11-09 13:27:37"},{"nodeID":"1322703","text":"Asserting","type":"YA","timestamp":"2023-11-09 13:27:37"},{"nodeID":"1322704","text":"AudienceMember 20220707QT35 wants MSPs to earn their money","type":"I","timestamp":"2023-11-09 13:27:37"},{"nodeID":"1322705","text":"AudienceMember 20220707QT35: I want you to earn your money","type":"L","timestamp":"2023-11-09 13:27:37"},{"nodeID":"1322706","text":"Analysing","type":"YA","timestamp":"2023-11-09 13:27:37"},{"nodeID":"1322707","text":"Chris: AudienceMember 20220707QT35: I want you to earn your money","type":"L","timestamp":"2023-11-09 13:27:37"},{"nodeID":"1322708","text":"Asserting","type":"YA","timestamp":"2023-11-09 13:27:37"},{"nodeID":"1322709","text":"Default Transition","type":"TA","timestamp":"2023-11-09 13:27:37"},{"nodeID":"1322710","text":"the point AudienceMember 20220707QT34 says money given to us","type":"I","timestamp":"2023-11-09 13:27:38"},{"nodeID":"1322711","text":"Mairi McAllan: The point you say money given to us","type":"L","timestamp":"2023-11-09 13:27:38"},{"nodeID":"1322712","text":"Analysing","type":"YA","timestamp":"2023-11-09 13:27:38"},{"nodeID":"1322713","text":"Chris: Mairi McAllan: The point you say money given to us","type":"L","timestamp":"2023-11-09 13:27:38"},{"nodeID":"1322714","text":"Asserting","type":"YA","timestamp":"2023-11-09 13:27:38"},{"nodeID":"1322715","text":"Default Transition","type":"TA","timestamp":"2023-11-09 13:27:38"},{"nodeID":"1322716","text":"the money is not given to us","type":"I","timestamp":"2023-11-09 13:27:39"},{"nodeID":"1322717","text":"Mairi McAllan: It is not given to us","type":"L","timestamp":"2023-11-09 13:27:39"},{"nodeID":"1322718","text":"Analysing","type":"YA","timestamp":"2023-11-09 13:27:39"},{"nodeID":"1322719","text":"Chris: Mairi McAllan: It is not given to us","type":"L","timestamp":"2023-11-09 13:27:39"},{"nodeID":"1322720","text":"Asserting","type":"YA","timestamp":"2023-11-09 13:27:39"},{"nodeID":"1322721","text":"Default Transition","type":"TA","timestamp":"2023-11-09 13:27:39"},{"nodeID":"1322722","text":"Default Conflict","type":"CA","timestamp":"2023-11-09 13:27:39"},{"nodeID":"1322723","text":"Disagreeing","type":"YA","timestamp":"2023-11-09 13:27:39"},{"nodeID":"1322724","text":"the money is sent down in our taxes and comes back up through the Barnett formula","type":"I","timestamp":"2023-11-09 13:27:39"},{"nodeID":"1322725","text":"Mairi McAllan: it is sent down in our taxes and comes back up through the Barnett formula","type":"L","timestamp":"2023-11-09 13:27:39"},{"nodeID":"1322726","text":"Analysing","type":"YA","timestamp":"2023-11-09 13:27:39"},{"nodeID":"1322727","text":"Chris: Mairi McAllan: it is sent down in our taxes and comes back up through the Barnett formula","type":"L","timestamp":"2023-11-09 13:27:39"},{"nodeID":"1322728","text":"Asserting","type":"YA","timestamp":"2023-11-09 13:27:39"},{"nodeID":"1322729","text":"Default Transition","type":"TA","timestamp":"2023-11-09 13:27:39"},{"nodeID":"1322730","text":"Default Inference","type":"RA","timestamp":"2023-11-09 13:27:39"},{"nodeID":"1322731","text":"Arguing","type":"YA","timestamp":"2023-11-09 13:27:39"},{"nodeID":"1322732","text":"Mairi McAllan: Let me give you an example of what I'm doing","type":"L","timestamp":"2023-11-09 13:27:39"},{"nodeID":"1322733","text":"Analysing","type":"YA","timestamp":"2023-11-09 13:27:39"},{"nodeID":"1322734","text":"Chris: Mairi McAllan: Let me give you an example of what I'm doing","type":"L","timestamp":"2023-11-09 13:27:39"},{"nodeID":"1322735","text":"Default Transition","type":"TA","timestamp":"2023-11-09 13:27:39"},{"nodeID":"1322736","text":"take a child born in Scotland today","type":"I","timestamp":"2023-11-09 13:27:40"},{"nodeID":"1322737","text":"Mairi McAllan: I'm take it from a collide in Scotland borrowing today","type":"L","timestamp":"2023-11-09 13:27:40"},{"nodeID":"1322738","text":"Analysing","type":"YA","timestamp":"2023-11-09 13:27:40"},{"nodeID":"1322739","text":"Chris: Mairi McAllan: I'm take it from a collide in Scotland borrowing today","type":"L","timestamp":"2023-11-09 13:27:40"},{"nodeID":"1322740","text":"Asserting","type":"YA","timestamp":"2023-11-09 13:27:40"},{"nodeID":"1322741","text":"Default Transition","type":"TA","timestamp":"2023-11-09 13:27:40"},{"nodeID":"1322742","text":"this child will have a baby box waiting for them with essentials for the fist six months of life","type":"I","timestamp":"2023-11-09 13:27:40"},{"nodeID":"1322743","text":"Mairi McAllan: They will have a baby box waiting for them with essentials for the fist six months of life","type":"L","timestamp":"2023-11-09 13:27:40"},{"nodeID":"1322744","text":"Analysing","type":"YA","timestamp":"2023-11-09 13:27:40"},{"nodeID":"1322745","text":"Chris: Mairi McAllan: They will have a baby box waiting for them with essentials for the fist six months of life","type":"L","timestamp":"2023-11-09 13:27:40"},{"nodeID":"1322746","text":"Asserting","type":"YA","timestamp":"2023-11-09 13:27:40"},{"nodeID":"1322747","text":"Default Transition","type":"TA","timestamp":"2023-11-09 13:27:40"},{"nodeID":"1322748","text":"Default Rephrase","type":"MA","timestamp":"2023-11-09 13:27:40"},{"nodeID":"1322749","text":"Restating","type":"YA","timestamp":"2023-11-09 13:27:40"},{"nodeID":"1322750","text":"Scotland could have funded childcare","type":"I","timestamp":"2023-11-09 13:27:41"},{"nodeID":"1322751","text":"Mairi McAllan: We could have funded childcare","type":"L","timestamp":"2023-11-09 13:27:41"},{"nodeID":"1322752","text":"Analysing","type":"YA","timestamp":"2023-11-09 13:27:41"},{"nodeID":"1322753","text":"Chris: Mairi McAllan: We could have funded childcare","type":"L","timestamp":"2023-11-09 13:27:41"},{"nodeID":"1322754","text":"Asserting","type":"YA","timestamp":"2023-11-09 13:27:41"},{"nodeID":"1322755","text":"Default Transition","type":"TA","timestamp":"2023-11-09 13:27:41"},{"nodeID":"1322756","text":"by the time this child goes to primary school they will have a free school meal, support with music and art, support with school trips","type":"I","timestamp":"2023-11-09 13:27:42"},{"nodeID":"1322757","text":"Mairi McAllan: By the time they go to primary school they will have a free school meal, support with music and art, support with school trips","type":"L","timestamp":"2023-11-09 13:27:42"},{"nodeID":"1322758","text":"Analysing","type":"YA","timestamp":"2023-11-09 13:27:42"},{"nodeID":"1322759","text":"Chris: Mairi McAllan: By the time they go to primary school they will have a free school meal, support with music and art, support with school trips","type":"L","timestamp":"2023-11-09 13:27:42"},{"nodeID":"1322760","text":"Asserting","type":"YA","timestamp":"2023-11-09 13:27:42"},{"nodeID":"1322761","text":"Default Transition","type":"TA","timestamp":"2023-11-09 13:27:42"},{"nodeID":"1322762","text":"Default Rephrase","type":"MA","timestamp":"2023-11-09 13:27:42"},{"nodeID":"1322763","text":"Restating","type":"YA","timestamp":"2023-11-09 13:27:42"},{"nodeID":"1322764","text":"when this child goes to high school they will have greater chance than ever before of getting a Higher pass and an Advanced Higher pass","type":"I","timestamp":"2023-11-09 13:27:42"},{"nodeID":"1322765","text":"Mairi McAllan: When they go to high school they will have greater chance than ever before of getting a higher pass and an advanced higher pass","type":"L","timestamp":"2023-11-09 13:27:42"},{"nodeID":"1322766","text":"Analysing","type":"YA","timestamp":"2023-11-09 13:27:42"},{"nodeID":"1322767","text":"Chris: Mairi McAllan: When they go to high school they will have greater chance than ever before of getting a higher pass and an advanced higher pass","type":"L","timestamp":"2023-11-09 13:27:42"},{"nodeID":"1322768","text":"Asserting","type":"YA","timestamp":"2023-11-09 13:27:42"},{"nodeID":"1322769","text":"Default Transition","type":"TA","timestamp":"2023-11-09 13:27:42"},{"nodeID":"1322770","text":"Default Rephrase","type":"MA","timestamp":"2023-11-09 13:27:42"},{"nodeID":"1322771","text":"Restating","type":"YA","timestamp":"2023-11-09 13:27:42"},{"nodeID":"1322772","text":"AudienceMember 20220707QT31 mentioned public transport","type":"I","timestamp":"2023-11-09 13:27:43"},{"nodeID":"1322773","text":"Mairi McAllan: Someone mentioned public transport","type":"L","timestamp":"2023-11-09 13:27:43"},{"nodeID":"1322774","text":"Analysing","type":"YA","timestamp":"2023-11-09 13:27:43"},{"nodeID":"1322775","text":"Chris: Mairi McAllan: Someone mentioned public transport","type":"L","timestamp":"2023-11-09 13:27:43"},{"nodeID":"1322776","text":"Asserting","type":"YA","timestamp":"2023-11-09 13:27:43"},{"nodeID":"1322777","text":"Default Transition","type":"TA","timestamp":"2023-11-09 13:27:43"},{"nodeID":"1322778","text":"the SNP introduced free bus travel","type":"I","timestamp":"2023-11-09 13:27:43"},{"nodeID":"1322779","text":"Mairi McAllan: We introduced free bus travel","type":"L","timestamp":"2023-11-09 13:27:43"},{"nodeID":"1322780","text":"Analysing","type":"YA","timestamp":"2023-11-09 13:27:43"},{"nodeID":"1322781","text":"Chris: Mairi McAllan: We introduced free bus travel","type":"L","timestamp":"2023-11-09 13:27:43"},{"nodeID":"1322782","text":"Asserting","type":"YA","timestamp":"2023-11-09 13:27:43"},{"nodeID":"1322783","text":"Default Transition","type":"TA","timestamp":"2023-11-09 13:27:43"},{"nodeID":"1322784","text":"Default Rephrase","type":"MA","timestamp":"2023-11-09 13:27:43"},{"nodeID":"1322785","text":"bus travel isn't free, we have to pay for it","type":"I","timestamp":"2023-11-09 13:27:44"},{"nodeID":"1322786","text":"AudienceMember 20220707QT38: It isn't free, we have to pay for it","type":"L","timestamp":"2023-11-09 13:27:44"},{"nodeID":"1322787","text":"Analysing","type":"YA","timestamp":"2023-11-09 13:27:44"},{"nodeID":"1322788","text":"Chris: AudienceMember 20220707QT38: It isn't free, we have to pay for it","type":"L","timestamp":"2023-11-09 13:27:44"},{"nodeID":"1322789","text":"Asserting","type":"YA","timestamp":"2023-11-09 13:27:44"},{"nodeID":"1322790","text":"Default Transition","type":"TA","timestamp":"2023-11-09 13:27:44"},{"nodeID":"1322791","text":"Default Conflict","type":"CA","timestamp":"2023-11-09 13:27:44"},{"nodeID":"1322792","text":"Disagreeing","type":"YA","timestamp":"2023-11-09 13:27:44"},{"nodeID":"1322793","text":"Mairi McAllan: Exactly","type":"L","timestamp":"2023-11-09 13:27:44"},{"nodeID":"1322794","text":"Analysing","type":"YA","timestamp":"2023-11-09 13:27:44"},{"nodeID":"1322795","text":"Chris: Mairi McAllan: Exactly","type":"L","timestamp":"2023-11-09 13:27:44"},{"nodeID":"1322796","text":"Default Transition","type":"TA","timestamp":"2023-11-09 13:27:44"},{"nodeID":"1322797","text":"Agreeing","type":"YA","timestamp":"2023-11-09 13:27:44"},{"nodeID":"1322798","text":"bus travel is funded","type":"I","timestamp":"2023-11-09 13:27:45"},{"nodeID":"1322799","text":"Mairi McAllan: It is funded","type":"L","timestamp":"2023-11-09 13:27:45"},{"nodeID":"1322800","text":"Analysing","type":"YA","timestamp":"2023-11-09 13:27:45"},{"nodeID":"1322801","text":"Chris: Mairi McAllan: It is funded","type":"L","timestamp":"2023-11-09 13:27:45"},{"nodeID":"1322802","text":"Asserting","type":"YA","timestamp":"2023-11-09 13:27:45"},{"nodeID":"1322803","text":"Default Rephrase","type":"MA","timestamp":"2023-11-09 13:27:45"},{"nodeID":"1322804","text":"Default Transition","type":"TA","timestamp":"2023-11-09 13:27:45"},{"nodeID":"1322805","text":"Restating","type":"YA","timestamp":"2023-11-09 13:27:45"},{"nodeID":"1322806","text":"nothing is free","type":"I","timestamp":"2023-11-09 13:27:45"},{"nodeID":"1322807","text":"Mairi McAllan: Nothing is free","type":"L","timestamp":"2023-11-09 13:27:45"},{"nodeID":"1322808","text":"Analysing","type":"YA","timestamp":"2023-11-09 13:27:45"},{"nodeID":"1322809","text":"Chris: Mairi McAllan: Nothing is free","type":"L","timestamp":"2023-11-09 13:27:45"},{"nodeID":"1322810","text":"Asserting","type":"YA","timestamp":"2023-11-09 13:27:45"},{"nodeID":"1322811","text":"Default Transition","type":"TA","timestamp":"2023-11-09 13:27:45"},{"nodeID":"1322812","text":"Default Inference","type":"RA","timestamp":"2023-11-09 13:27:45"},{"nodeID":"1322813","text":"we have to pay for it","type":"I","timestamp":"2023-11-09 13:27:46"},{"nodeID":"1322814","text":"Mairi McAllan: We have to pay for it","type":"L","timestamp":"2023-11-09 13:27:46"},{"nodeID":"1322815","text":"Analysing","type":"YA","timestamp":"2023-11-09 13:27:46"},{"nodeID":"1322816","text":"Chris: Mairi McAllan: We have to pay for it","type":"L","timestamp":"2023-11-09 13:27:46"},{"nodeID":"1322817","text":"Asserting","type":"YA","timestamp":"2023-11-09 13:27:46"},{"nodeID":"1322818","text":"Default Transition","type":"TA","timestamp":"2023-11-09 13:27:46"},{"nodeID":"1322819","text":"Default Inference","type":"RA","timestamp":"2023-11-09 13:27:46"},{"nodeID":"1322820","text":"Arguing","type":"YA","timestamp":"2023-11-09 13:27:46"},{"nodeID":"1322821","text":"should this child decide they want to go to university they will do so on the ability to learn not the ability to pay","type":"I","timestamp":"2023-11-09 13:27:46"},{"nodeID":"1322822","text":"Mairi McAllan: Should they decide they want to go to university they will do so on the ability to learn not the ability to pay","type":"L","timestamp":"2023-11-09 13:27:46"},{"nodeID":"1322823","text":"Analysing","type":"YA","timestamp":"2023-11-09 13:27:46"},{"nodeID":"1322824","text":"Chris: Mairi McAllan: Should they decide they want to go to university they will do so on the ability to learn not the ability to pay","type":"L","timestamp":"2023-11-09 13:27:46"},{"nodeID":"1322825","text":"Asserting","type":"YA","timestamp":"2023-11-09 13:27:46"},{"nodeID":"1322826","text":"Default Transition","type":"TA","timestamp":"2023-11-09 13:27:46"},{"nodeID":"1322827","text":"Default Rephrase","type":"MA","timestamp":"2023-11-09 13:27:46"},{"nodeID":"1322828","text":"Restating","type":"YA","timestamp":"2023-11-09 13:27:46"},{"nodeID":"1322829","text":"educational access being about ability not wealth is an apt point to make in St Andrews","type":"I","timestamp":"2023-11-09 13:27:47"},{"nodeID":"1322830","text":"Mairi McAllan: that's an apt point to make in St Andrews","type":"L","timestamp":"2023-11-09 13:27:47"},{"nodeID":"1322831","text":"Analysing","type":"YA","timestamp":"2023-11-09 13:27:47"},{"nodeID":"1322832","text":"Chris: Mairi McAllan: that's an apt point to make in St Andrews","type":"L","timestamp":"2023-11-09 13:27:47"},{"nodeID":"1322833","text":"Asserting","type":"YA","timestamp":"2023-11-09 13:27:47"},{"nodeID":"1322834","text":"Default Transition","type":"TA","timestamp":"2023-11-09 13:27:47"},{"nodeID":"1322835","text":"Default Inference","type":"RA","timestamp":"2023-11-09 13:27:47"},{"nodeID":"1322836","text":"Arguing","type":"YA","timestamp":"2023-11-09 13:27:47"}],"edges":[{"edgeID":"1735813","fromID":"1322701","toID":"1322700","formEdgeID":null},{"edgeID":"1735814","fromID":"1322702","toID":"1322701","formEdgeID":null},{"edgeID":"1735815","fromID":"1322700","toID":"1322703","formEdgeID":null},{"edgeID":"1735816","fromID":"1322703","toID":"1322699","formEdgeID":null},{"edgeID":"1735817","fromID":"1322706","toID":"1322705","formEdgeID":null},{"edgeID":"1735818","fromID":"1322707","toID":"1322706","formEdgeID":null},{"edgeID":"1735819","fromID":"1322705","toID":"1322708","formEdgeID":null},{"edgeID":"1735820","fromID":"1322708","toID":"1322704","formEdgeID":null},{"edgeID":"1735821","fromID":"1322700","toID":"1322709","formEdgeID":null},{"edgeID":"1735822","fromID":"1322709","toID":"1322705","formEdgeID":null},{"edgeID":"1735823","fromID":"1322712","toID":"1322711","formEdgeID":null},{"edgeID":"1735824","fromID":"1322713","toID":"1322712","formEdgeID":null},{"edgeID":"1735825","fromID":"1322711","toID":"1322714","formEdgeID":null},{"edgeID":"1735826","fromID":"1322714","toID":"1322710","formEdgeID":null},{"edgeID":"1735827","fromID":"1322705","toID":"1322715","formEdgeID":null},{"edgeID":"1735828","fromID":"1322715","toID":"1322711","formEdgeID":null},{"edgeID":"1735829","fromID":"1322718","toID":"1322717","formEdgeID":null},{"edgeID":"1735830","fromID":"1322719","toID":"1322718","formEdgeID":null},{"edgeID":"1735831","fromID":"1322717","toID":"1322720","formEdgeID":null},{"edgeID":"1735832","fromID":"1322720","toID":"1322716","formEdgeID":null},{"edgeID":"1735833","fromID":"1322711","toID":"1322721","formEdgeID":null},{"edgeID":"1735834","fromID":"1322721","toID":"1322717","formEdgeID":null},{"edgeID":"1735835","fromID":"1322716","toID":"1322722","formEdgeID":null},{"edgeID":"1735836","fromID":"1322722","toID":"1322710","formEdgeID":null},{"edgeID":"1735837","fromID":"1322721","toID":"1322723","formEdgeID":null},{"edgeID":"1735838","fromID":"1322723","toID":"1322722","formEdgeID":null},{"edgeID":"1735839","fromID":"1322726","toID":"1322725","formEdgeID":null},{"edgeID":"1735840","fromID":"1322727","toID":"1322726","formEdgeID":null},{"edgeID":"1735841","fromID":"1322725","toID":"1322728","formEdgeID":null},{"edgeID":"1735842","fromID":"1322728","toID":"1322724","formEdgeID":null},{"edgeID":"1735843","fromID":"1322717","toID":"1322729","formEdgeID":null},{"edgeID":"1735844","fromID":"1322729","toID":"1322725","formEdgeID":null},{"edgeID":"1735845","fromID":"1322724","toID":"1322730","formEdgeID":null},{"edgeID":"1735846","fromID":"1322730","toID":"1322716","formEdgeID":null},{"edgeID":"1735847","fromID":"1322729","toID":"1322731","formEdgeID":null},{"edgeID":"1735848","fromID":"1322731","toID":"1322730","formEdgeID":null},{"edgeID":"1735849","fromID":"1322733","toID":"1322732","formEdgeID":null},{"edgeID":"1735850","fromID":"1322734","toID":"1322733","formEdgeID":null},{"edgeID":"1735851","fromID":"1322725","toID":"1322735","formEdgeID":null},{"edgeID":"1735852","fromID":"1322735","toID":"1322732","formEdgeID":null},{"edgeID":"1735853","fromID":"1322738","toID":"1322737","formEdgeID":null},{"edgeID":"1735854","fromID":"1322739","toID":"1322738","formEdgeID":null},{"edgeID":"1735855","fromID":"1322737","toID":"1322740","formEdgeID":null},{"edgeID":"1735856","fromID":"1322740","toID":"1322736","formEdgeID":null},{"edgeID":"1735857","fromID":"1322732","toID":"1322741","formEdgeID":null},{"edgeID":"1735858","fromID":"1322741","toID":"1322737","formEdgeID":null},{"edgeID":"1735859","fromID":"1322744","toID":"1322743","formEdgeID":null},{"edgeID":"1735860","fromID":"1322745","toID":"1322744","formEdgeID":null},{"edgeID":"1735861","fromID":"1322743","toID":"1322746","formEdgeID":null},{"edgeID":"1735862","fromID":"1322746","toID":"1322742","formEdgeID":null},{"edgeID":"1735863","fromID":"1322737","toID":"1322747","formEdgeID":null},{"edgeID":"1735864","fromID":"1322747","toID":"1322743","formEdgeID":null},{"edgeID":"1735865","fromID":"1322742","toID":"1322748","formEdgeID":null},{"edgeID":"1735866","fromID":"1322748","toID":"1322736","formEdgeID":null},{"edgeID":"1735867","fromID":"1322747","toID":"1322749","formEdgeID":null},{"edgeID":"1735868","fromID":"1322749","toID":"1322748","formEdgeID":null},{"edgeID":"1735869","fromID":"1322752","toID":"1322751","formEdgeID":null},{"edgeID":"1735870","fromID":"1322753","toID":"1322752","formEdgeID":null},{"edgeID":"1735871","fromID":"1322751","toID":"1322754","formEdgeID":null},{"edgeID":"1735872","fromID":"1322754","toID":"1322750","formEdgeID":null},{"edgeID":"1735873","fromID":"1322743","toID":"1322755","formEdgeID":null},{"edgeID":"1735874","fromID":"1322755","toID":"1322751","formEdgeID":null},{"edgeID":"1735875","fromID":"1322758","toID":"1322757","formEdgeID":null},{"edgeID":"1735876","fromID":"1322759","toID":"1322758","formEdgeID":null},{"edgeID":"1735877","fromID":"1322757","toID":"1322760","formEdgeID":null},{"edgeID":"1735878","fromID":"1322760","toID":"1322756","formEdgeID":null},{"edgeID":"1735879","fromID":"1322743","toID":"1322761","formEdgeID":null},{"edgeID":"1735880","fromID":"1322761","toID":"1322757","formEdgeID":null},{"edgeID":"1735881","fromID":"1322756","toID":"1322762","formEdgeID":null},{"edgeID":"1735882","fromID":"1322762","toID":"1322742","formEdgeID":null},{"edgeID":"1735883","fromID":"1322761","toID":"1322763","formEdgeID":null},{"edgeID":"1735884","fromID":"1322763","toID":"1322762","formEdgeID":null},{"edgeID":"1735885","fromID":"1322766","toID":"1322765","formEdgeID":null},{"edgeID":"1735886","fromID":"1322767","toID":"1322766","formEdgeID":null},{"edgeID":"1735887","fromID":"1322765","toID":"1322768","formEdgeID":null},{"edgeID":"1735888","fromID":"1322768","toID":"1322764","formEdgeID":null},{"edgeID":"1735889","fromID":"1322757","toID":"1322769","formEdgeID":null},{"edgeID":"1735890","fromID":"1322769","toID":"1322765","formEdgeID":null},{"edgeID":"1735891","fromID":"1322764","toID":"1322770","formEdgeID":null},{"edgeID":"1735892","fromID":"1322770","toID":"1322756","formEdgeID":null},{"edgeID":"1735893","fromID":"1322769","toID":"1322771","formEdgeID":null},{"edgeID":"1735894","fromID":"1322771","toID":"1322770","formEdgeID":null},{"edgeID":"1735895","fromID":"1322774","toID":"1322773","formEdgeID":null},{"edgeID":"1735896","fromID":"1322775","toID":"1322774","formEdgeID":null},{"edgeID":"1735897","fromID":"1322773","toID":"1322776","formEdgeID":null},{"edgeID":"1735898","fromID":"1322776","toID":"1322772","formEdgeID":null},{"edgeID":"1735899","fromID":"1322732","toID":"1322777","formEdgeID":null},{"edgeID":"1735900","fromID":"1322777","toID":"1322773","formEdgeID":null},{"edgeID":"1735901","fromID":"1322780","toID":"1322779","formEdgeID":null},{"edgeID":"1735902","fromID":"1322781","toID":"1322780","formEdgeID":null},{"edgeID":"1735903","fromID":"1322779","toID":"1322782","formEdgeID":null},{"edgeID":"1735904","fromID":"1322782","toID":"1322778","formEdgeID":null},{"edgeID":"1735905","fromID":"1322773","toID":"1322783","formEdgeID":null},{"edgeID":"1735906","fromID":"1322783","toID":"1322779","formEdgeID":null},{"edgeID":"1735907","fromID":"1322778","toID":"1322784","formEdgeID":null},{"edgeID":"1735908","fromID":"1322784","toID":"1322772","formEdgeID":null},{"edgeID":"1735909","fromID":"1322787","toID":"1322786","formEdgeID":null},{"edgeID":"1735910","fromID":"1322788","toID":"1322787","formEdgeID":null},{"edgeID":"1735911","fromID":"1322786","toID":"1322789","formEdgeID":null},{"edgeID":"1735912","fromID":"1322789","toID":"1322785","formEdgeID":null},{"edgeID":"1735913","fromID":"1322779","toID":"1322790","formEdgeID":null},{"edgeID":"1735914","fromID":"1322790","toID":"1322786","formEdgeID":null},{"edgeID":"1735915","fromID":"1322785","toID":"1322791","formEdgeID":null},{"edgeID":"1735916","fromID":"1322791","toID":"1322778","formEdgeID":null},{"edgeID":"1735917","fromID":"1322790","toID":"1322792","formEdgeID":null},{"edgeID":"1735918","fromID":"1322792","toID":"1322791","formEdgeID":null},{"edgeID":"1735919","fromID":"1322794","toID":"1322793","formEdgeID":null},{"edgeID":"1735920","fromID":"1322795","toID":"1322794","formEdgeID":null},{"edgeID":"1735921","fromID":"1322786","toID":"1322796","formEdgeID":null},{"edgeID":"1735922","fromID":"1322796","toID":"1322793","formEdgeID":null},{"edgeID":"1735923","fromID":"1322796","toID":"1322797","formEdgeID":null},{"edgeID":"1735924","fromID":"1322797","toID":"1322785","formEdgeID":null},{"edgeID":"1735925","fromID":"1322800","toID":"1322799","formEdgeID":null},{"edgeID":"1735926","fromID":"1322801","toID":"1322800","formEdgeID":null},{"edgeID":"1735927","fromID":"1322799","toID":"1322802","formEdgeID":null},{"edgeID":"1735928","fromID":"1322802","toID":"1322798","formEdgeID":null},{"edgeID":"1735929","fromID":"1322798","toID":"1322803","formEdgeID":null},{"edgeID":"1735930","fromID":"1322803","toID":"1322785","formEdgeID":null},{"edgeID":"1735931","fromID":"1322786","toID":"1322804","formEdgeID":null},{"edgeID":"1735932","fromID":"1322804","toID":"1322799","formEdgeID":null},{"edgeID":"1735933","fromID":"1322804","toID":"1322805","formEdgeID":null},{"edgeID":"1735934","fromID":"1322805","toID":"1322803","formEdgeID":null},{"edgeID":"1735935","fromID":"1322808","toID":"1322807","formEdgeID":null},{"edgeID":"1735936","fromID":"1322809","toID":"1322808","formEdgeID":null},{"edgeID":"1735937","fromID":"1322807","toID":"1322810","formEdgeID":null},{"edgeID":"1735938","fromID":"1322810","toID":"1322806","formEdgeID":null},{"edgeID":"1735939","fromID":"1322799","toID":"1322811","formEdgeID":null},{"edgeID":"1735940","fromID":"1322811","toID":"1322807","formEdgeID":null},{"edgeID":"1735941","fromID":"1322806","toID":"1322812","formEdgeID":null},{"edgeID":"1735942","fromID":"1322812","toID":"1322798","formEdgeID":null},{"edgeID":"1735943","fromID":"1322815","toID":"1322814","formEdgeID":null},{"edgeID":"1735944","fromID":"1322816","toID":"1322815","formEdgeID":null},{"edgeID":"1735945","fromID":"1322814","toID":"1322817","formEdgeID":null},{"edgeID":"1735946","fromID":"1322817","toID":"1322813","formEdgeID":null},{"edgeID":"1735947","fromID":"1322807","toID":"1322818","formEdgeID":null},{"edgeID":"1735948","fromID":"1322818","toID":"1322814","formEdgeID":null},{"edgeID":"1735949","fromID":"1322813","toID":"1322819","formEdgeID":null},{"edgeID":"1735950","fromID":"1322819","toID":"1322806","formEdgeID":null},{"edgeID":"1735951","fromID":"1322818","toID":"1322820","formEdgeID":null},{"edgeID":"1735952","fromID":"1322820","toID":"1322819","formEdgeID":null},{"edgeID":"1735953","fromID":"1322823","toID":"1322822","formEdgeID":null},{"edgeID":"1735954","fromID":"1322824","toID":"1322823","formEdgeID":null},{"edgeID":"1735955","fromID":"1322822","toID":"1322825","formEdgeID":null},{"edgeID":"1735956","fromID":"1322825","toID":"1322821","formEdgeID":null},{"edgeID":"1735957","fromID":"1322765","toID":"1322826","formEdgeID":null},{"edgeID":"1735958","fromID":"1322826","toID":"1322822","formEdgeID":null},{"edgeID":"1735959","fromID":"1322821","toID":"1322827","formEdgeID":null},{"edgeID":"1735960","fromID":"1322827","toID":"1322764","formEdgeID":null},{"edgeID":"1735961","fromID":"1322826","toID":"1322828","formEdgeID":null},{"edgeID":"1735962","fromID":"1322828","toID":"1322827","formEdgeID":null},{"edgeID":"1735963","fromID":"1322831","toID":"1322830","formEdgeID":null},{"edgeID":"1735964","fromID":"1322832","toID":"1322831","formEdgeID":null},{"edgeID":"1735965","fromID":"1322830","toID":"1322833","formEdgeID":null},{"edgeID":"1735966","fromID":"1322833","toID":"1322829","formEdgeID":null},{"edgeID":"1735967","fromID":"1322822","toID":"1322834","formEdgeID":null},{"edgeID":"1735968","fromID":"1322834","toID":"1322830","formEdgeID":null},{"edgeID":"1735969","fromID":"1322821","toID":"1322835","formEdgeID":null},{"edgeID":"1735970","fromID":"1322835","toID":"1322829","formEdgeID":null},{"edgeID":"1735971","fromID":"1322834","toID":"1322836","formEdgeID":null},{"edgeID":"1735972","fromID":"1322836","toID":"1322835","formEdgeID":null}],"locutions":[]}