{"nodes":[{"nodeID":"1321762","text":"lots and lots of politics","type":"I","timestamp":"2023-11-09 13:26:20"},{"nodeID":"1321763","text":"Iain Anderson: Lots and lots of politics","type":"L","timestamp":"2023-11-09 13:26:20"},{"nodeID":"1321764","text":"Anon: Iain Anderson: Lots and lots of politics","type":"L","timestamp":"2023-11-09 13:26:20"},{"nodeID":"1321765","text":"no real solutions","type":"I","timestamp":"2023-11-09 13:26:20"},{"nodeID":"1321766","text":"Iain Anderson: No real solutions","type":"L","timestamp":"2023-11-09 13:26:20"},{"nodeID":"1321767","text":"Anon: Iain Anderson: No real solutions","type":"L","timestamp":"2023-11-09 13:26:20"},{"nodeID":"1321768","text":"lots and lots of politics, no real solutions is what we have been listening to with our political friends for the last three or 4 minutes","type":"I","timestamp":"2023-11-09 13:26:21"},{"nodeID":"1321769","text":"Iain Anderson: That's what from us me what we have been listening to with our political friends for the last three or 4 minutes","type":"L","timestamp":"2023-11-09 13:26:21"},{"nodeID":"1321770","text":"Anon: Iain Anderson: That's what from us me what we have been listening to with our political friends for the last three or 4 minutes","type":"L","timestamp":"2023-11-09 13:26:21"},{"nodeID":"1321771","text":"this question is urgent and it is important","type":"I","timestamp":"2023-11-09 13:26:21"},{"nodeID":"1321772","text":"Iain Anderson: this question is urgent and it is important","type":"L","timestamp":"2023-11-09 13:26:21"},{"nodeID":"1321773","text":"Anon: Iain Anderson: this question is urgent and it is important","type":"L","timestamp":"2023-11-09 13:26:21"},{"nodeID":"1321774","text":"Analysing","type":"YA","timestamp":"2023-11-09 13:26:21"},{"nodeID":"1321775","text":"Asserting","type":"YA","timestamp":"2023-11-09 13:26:21"},{"nodeID":"1321776","text":"Analysing","type":"YA","timestamp":"2023-11-09 13:26:21"},{"nodeID":"1321777","text":"Asserting","type":"YA","timestamp":"2023-11-09 13:26:21"},{"nodeID":"1321778","text":"Default Transition","type":"TA","timestamp":"2023-11-09 13:26:21"},{"nodeID":"1321779","text":"Default Conflict","type":"CA","timestamp":"2023-11-09 13:26:21"},{"nodeID":"1321780","text":"Disagreeing","type":"YA","timestamp":"2023-11-09 13:26:21"},{"nodeID":"1321781","text":"Analysing","type":"YA","timestamp":"2023-11-09 13:26:21"},{"nodeID":"1321782","text":"Asserting","type":"YA","timestamp":"2023-11-09 13:26:21"},{"nodeID":"1321783","text":"Default Inference","type":"RA","timestamp":"2023-11-09 13:26:21"},{"nodeID":"1321784","text":"Default Transition","type":"TA","timestamp":"2023-11-09 13:26:21"},{"nodeID":"1321785","text":"Arguing","type":"YA","timestamp":"2023-11-09 13:26:21"},{"nodeID":"1321786","text":"Analysing","type":"YA","timestamp":"2023-11-09 13:26:21"},{"nodeID":"1321787","text":"Asserting","type":"YA","timestamp":"2023-11-09 13:26:21"},{"nodeID":"1321788","text":"Default Transition","type":"TA","timestamp":"2023-11-09 13:26:21"},{"nodeID":"1321789","text":"there needs to be an economic package that supports people through what is already an incredibly difficult period","type":"I","timestamp":"2023-11-09 13:26:22"},{"nodeID":"1321790","text":"Iain Anderson: There needs to be an economic package that supports people through what is already an incredibly difficult period","type":"L","timestamp":"2023-11-09 13:26:22"},{"nodeID":"1321791","text":"Analysing","type":"YA","timestamp":"2023-11-09 13:26:22"},{"nodeID":"1321792","text":"Anon: Iain Anderson: There needs to be an economic package that supports people through what is already an incredibly difficult period","type":"L","timestamp":"2023-11-09 13:26:22"},{"nodeID":"1321793","text":"Asserting","type":"YA","timestamp":"2023-11-09 13:26:22"},{"nodeID":"1321794","text":"Default Transition","type":"TA","timestamp":"2023-11-09 13:26:22"},{"nodeID":"1321795","text":"you can see prices going up when you're in the shops","type":"I","timestamp":"2023-11-09 13:26:23"},{"nodeID":"1321796","text":"Iain Anderson: You can see prices going up when you're in the shops","type":"L","timestamp":"2023-11-09 13:26:23"},{"nodeID":"1321797","text":"Analysing","type":"YA","timestamp":"2023-11-09 13:26:23"},{"nodeID":"1321798","text":"Anon: Iain Anderson: You can see prices going up when you're in the shops","type":"L","timestamp":"2023-11-09 13:26:23"},{"nodeID":"1321799","text":"Asserting","type":"YA","timestamp":"2023-11-09 13:26:23"},{"nodeID":"1321800","text":"Default Transition","type":"TA","timestamp":"2023-11-09 13:26:23"},{"nodeID":"1321801","text":"you can see the cost of your shopping basket going up","type":"I","timestamp":"2023-11-09 13:26:23"},{"nodeID":"1321802","text":"Iain Anderson: You can see the cost of your shopping basket going up","type":"L","timestamp":"2023-11-09 13:26:23"},{"nodeID":"1321803","text":"Analysing","type":"YA","timestamp":"2023-11-09 13:26:23"},{"nodeID":"1321804","text":"Anon: Iain Anderson: You can see the cost of your shopping basket going up","type":"L","timestamp":"2023-11-09 13:26:23"},{"nodeID":"1321805","text":"Asserting","type":"YA","timestamp":"2023-11-09 13:26:23"},{"nodeID":"1321806","text":"Default Transition","type":"TA","timestamp":"2023-11-09 13:26:23"},{"nodeID":"1321807","text":"we can see in two, three months time engineer bills going up","type":"I","timestamp":"2023-11-09 13:26:24"},{"nodeID":"1321808","text":"Iain Anderson: we can see in two, three months time engineer bills going up","type":"L","timestamp":"2023-11-09 13:26:24"},{"nodeID":"1321809","text":"Analysing","type":"YA","timestamp":"2023-11-09 13:26:24"},{"nodeID":"1321810","text":"Anon: Iain Anderson: we can see in two, three months time engineer bills going up","type":"L","timestamp":"2023-11-09 13:26:24"},{"nodeID":"1321811","text":"Asserting","type":"YA","timestamp":"2023-11-09 13:26:24"},{"nodeID":"1321812","text":"Default Transition","type":"TA","timestamp":"2023-11-09 13:26:24"},{"nodeID":"1321813","text":"Default Inference","type":"RA","timestamp":"2023-11-09 13:26:24"},{"nodeID":"1321814","text":"Arguing","type":"YA","timestamp":"2023-11-09 13:26:24"},{"nodeID":"1321815","text":"we need a comprehensive economic package","type":"I","timestamp":"2023-11-09 13:26:24"},{"nodeID":"1321816","text":"Iain Anderson: we need a comprehensive economic package","type":"L","timestamp":"2023-11-09 13:26:24"},{"nodeID":"1321817","text":"Analysing","type":"YA","timestamp":"2023-11-09 13:26:24"},{"nodeID":"1321818","text":"Anon: Iain Anderson: we need a comprehensive economic package T","type":"L","timestamp":"2023-11-09 13:26:24"},{"nodeID":"1321819","text":"Asserting","type":"YA","timestamp":"2023-11-09 13:26:24"},{"nodeID":"1321820","text":"Default Transition","type":"TA","timestamp":"2023-11-09 13:26:24"},{"nodeID":"1321821","text":"Default Rephrase","type":"MA","timestamp":"2023-11-09 13:26:24"},{"nodeID":"1321822","text":"Restating","type":"YA","timestamp":"2023-11-09 13:26:24"},{"nodeID":"1321823","text":"a comprehensive economic package has to be the top priority for the chancellor, for the Scottish finance secretary","type":"I","timestamp":"2023-11-09 13:26:25"},{"nodeID":"1321824","text":"Iain Anderson: Has to be the top priority for the chancellor, for the Scottish finance secretary","type":"L","timestamp":"2023-11-09 13:26:25"},{"nodeID":"1321825","text":"Analysing","type":"YA","timestamp":"2023-11-09 13:26:25"},{"nodeID":"1321826","text":"Anon: Iain Anderson: Has to be the top priority for the chancellor, for the Scottish finance secretary","type":"L","timestamp":"2023-11-09 13:26:25"},{"nodeID":"1321827","text":"Asserting","type":"YA","timestamp":"2023-11-09 13:26:25"},{"nodeID":"1321828","text":"Default Inference","type":"RA","timestamp":"2023-11-09 13:26:25"},{"nodeID":"1321829","text":"Default Transition","type":"TA","timestamp":"2023-11-09 13:26:25"},{"nodeID":"1321830","text":"Arguing","type":"YA","timestamp":"2023-11-09 13:26:25"},{"nodeID":"1321831","text":"let's get out of the statistics rabble","type":"I","timestamp":"2023-11-09 13:26:26"},{"nodeID":"1321832","text":"Iain Anderson: Let's get out of the statistics rabble","type":"L","timestamp":"2023-11-09 13:26:26"},{"nodeID":"1321833","text":"Analysing","type":"YA","timestamp":"2023-11-09 13:26:26"},{"nodeID":"1321834","text":"Anon: Iain Anderson: Let's get out of the statistics rabble","type":"L","timestamp":"2023-11-09 13:26:26"},{"nodeID":"1321835","text":"Asserting","type":"YA","timestamp":"2023-11-09 13:26:26"},{"nodeID":"1321836","text":"Default Conflict","type":"CA","timestamp":"2023-11-09 13:26:26"},{"nodeID":"1321837","text":"Disagreeing","type":"YA","timestamp":"2023-11-09 13:26:26"},{"nodeID":"1321838","text":"Default Transition","type":"TA","timestamp":"2023-11-09 13:26:26"},{"nodeID":"1321839","text":"Default Inference","type":"RA","timestamp":"2023-11-09 13:26:26"},{"nodeID":"1321840","text":"Arguing","type":"YA","timestamp":"2023-11-09 13:26:26"},{"nodeID":"1321841","text":"we're in St Andrews tonight","type":"I","timestamp":"2023-11-09 13:26:26"},{"nodeID":"1321842","text":"Iain Anderson: we're in St Andrews tonight","type":"L","timestamp":"2023-11-09 13:26:26"},{"nodeID":"1321843","text":"Analysing","type":"YA","timestamp":"2023-11-09 13:26:26"},{"nodeID":"1321844","text":"Anon: Iain Anderson: we're in St Andrews tonight","type":"L","timestamp":"2023-11-09 13:26:26"},{"nodeID":"1321845","text":"Asserting","type":"YA","timestamp":"2023-11-09 13:26:26"},{"nodeID":"1321846","text":"Default Transition","type":"TA","timestamp":"2023-11-09 13:26:26"},{"nodeID":"1321847","text":"the university in St Andrews is doing a heck of a lot of work around renewables","type":"I","timestamp":"2023-11-09 13:26:27"},{"nodeID":"1321848","text":"Iain Anderson:  the university here is doing a heck of a lot of work around renewables","type":"L","timestamp":"2023-11-09 13:26:27"},{"nodeID":"1321849","text":"Analysing","type":"YA","timestamp":"2023-11-09 13:26:27"},{"nodeID":"1321850","text":"Anon: Iain Anderson:  the university here is doing a heck of a lot of work around renewables","type":"L","timestamp":"2023-11-09 13:26:27"},{"nodeID":"1321851","text":"Asserting","type":"YA","timestamp":"2023-11-09 13:26:27"},{"nodeID":"1321852","text":"Default Transition","type":"TA","timestamp":"2023-11-09 13:26:27"},{"nodeID":"1321853","text":"Default Rephrase","type":"MA","timestamp":"2023-11-09 13:26:27"},{"nodeID":"1321854","text":"Restating","type":"YA","timestamp":"2023-11-09 13:26:27"},{"nodeID":"1321855","text":"the research and investment that is going into the future economy right here in Fife is going to stand us in good stead","type":"I","timestamp":"2023-11-09 13:26:27"},{"nodeID":"1321856","text":"Iain Anderson: the research and investment that is going into the future economy right here in Fife is going to stand us in good stead","type":"L","timestamp":"2023-11-09 13:26:27"},{"nodeID":"1321857","text":"Analysing","type":"YA","timestamp":"2023-11-09 13:26:27"},{"nodeID":"1321858","text":"Anon: Iain Anderson: the research and investment that is going into the future economy right here in Fife is going to stand us in good stead","type":"L","timestamp":"2023-11-09 13:26:27"},{"nodeID":"1321859","text":"Asserting","type":"YA","timestamp":"2023-11-09 13:26:27"},{"nodeID":"1321860","text":"Default Inference","type":"RA","timestamp":"2023-11-09 13:26:27"},{"nodeID":"1321861","text":"Default Transition","type":"TA","timestamp":"2023-11-09 13:26:27"},{"nodeID":"1321862","text":"Arguing","type":"YA","timestamp":"2023-11-09 13:26:27"},{"nodeID":"1321863","text":"Iain Anderson might be saying that the research and investment that is going into the future economy right here in Fife is going to stand us in good stead because he's the executive director","type":"I","timestamp":"2023-11-09 13:26:28"},{"nodeID":"1321864","text":"Fiona Bruce: You are not saying that because you're the executive director","type":"L","timestamp":"2023-11-09 13:26:28"},{"nodeID":"1321865","text":"Analysing","type":"YA","timestamp":"2023-11-09 13:26:28"},{"nodeID":"1321866","text":"Anon: Fiona Bruce: You are not saying that because you're the executive director","type":"L","timestamp":"2023-11-09 13:26:28"},{"nodeID":"1321867","text":"Asserting","type":"YA","timestamp":"2023-11-09 13:26:28"},{"nodeID":"1321868","text":"Default Transition","type":"TA","timestamp":"2023-11-09 13:26:28"},{"nodeID":"1321869","text":"Challenging","type":"YA","timestamp":"2023-11-09 13:26:28"},{"nodeID":"1321870","text":"it would be rude not to say that the research and investment that is going into the future economy right here in Fife is going to stand us in good stead","type":"I","timestamp":"2023-11-09 13:26:28"},{"nodeID":"1321871","text":"Iain Anderson: it would be rude not to","type":"L","timestamp":"2023-11-09 13:26:28"},{"nodeID":"1321872","text":"Analysing","type":"YA","timestamp":"2023-11-09 13:26:28"},{"nodeID":"1321873","text":"Anon: Iain Anderson: it would be rude not to","type":"L","timestamp":"2023-11-09 13:26:28"},{"nodeID":"1321874","text":"Asserting","type":"YA","timestamp":"2023-11-09 13:26:28"},{"nodeID":"1321875","text":"Default Transition","type":"TA","timestamp":"2023-11-09 13:26:28"},{"nodeID":"1321876","text":"Default Conflict","type":"CA","timestamp":"2023-11-09 13:26:28"},{"nodeID":"1321877","text":"Disagreeing","type":"YA","timestamp":"2023-11-09 13:26:28"}],"edges":[{"edgeID":"1734694","fromID":"1321774","toID":"1321763","formEdgeID":null},{"edgeID":"1734695","fromID":"1321764","toID":"1321774","formEdgeID":null},{"edgeID":"1734696","fromID":"1321763","toID":"1321775","formEdgeID":null},{"edgeID":"1734697","fromID":"1321775","toID":"1321762","formEdgeID":null},{"edgeID":"1734698","fromID":"1321776","toID":"1321766","formEdgeID":null},{"edgeID":"1734699","fromID":"1321767","toID":"1321776","formEdgeID":null},{"edgeID":"1734700","fromID":"1321766","toID":"1321777","formEdgeID":null},{"edgeID":"1734701","fromID":"1321777","toID":"1321765","formEdgeID":null},{"edgeID":"1734702","fromID":"1321763","toID":"1321778","formEdgeID":null},{"edgeID":"1734703","fromID":"1321778","toID":"1321766","formEdgeID":null},{"edgeID":"1734704","fromID":"1321765","toID":"1321779","formEdgeID":null},{"edgeID":"1734705","fromID":"1321779","toID":"1321762","formEdgeID":null},{"edgeID":"1734706","fromID":"1321778","toID":"1321780","formEdgeID":null},{"edgeID":"1734707","fromID":"1321780","toID":"1321779","formEdgeID":null},{"edgeID":"1734708","fromID":"1321781","toID":"1321769","formEdgeID":null},{"edgeID":"1734709","fromID":"1321770","toID":"1321781","formEdgeID":null},{"edgeID":"1734710","fromID":"1321769","toID":"1321782","formEdgeID":null},{"edgeID":"1734711","fromID":"1321782","toID":"1321768","formEdgeID":null},{"edgeID":"1734712","fromID":"1321765","toID":"1321783","formEdgeID":null},{"edgeID":"1734713","fromID":"1321783","toID":"1321768","formEdgeID":null},{"edgeID":"1734714","fromID":"1321762","toID":"1321783","formEdgeID":null},{"edgeID":"1734715","fromID":"1321766","toID":"1321784","formEdgeID":null},{"edgeID":"1734716","fromID":"1321784","toID":"1321769","formEdgeID":null},{"edgeID":"1734717","fromID":"1321763","toID":"1321784","formEdgeID":null},{"edgeID":"1734718","fromID":"1321784","toID":"1321785","formEdgeID":null},{"edgeID":"1734719","fromID":"1321785","toID":"1321783","formEdgeID":null},{"edgeID":"1734720","fromID":"1321786","toID":"1321772","formEdgeID":null},{"edgeID":"1734721","fromID":"1321773","toID":"1321786","formEdgeID":null},{"edgeID":"1734722","fromID":"1321772","toID":"1321787","formEdgeID":null},{"edgeID":"1734723","fromID":"1321787","toID":"1321771","formEdgeID":null},{"edgeID":"1734724","fromID":"1321769","toID":"1321788","formEdgeID":null},{"edgeID":"1734725","fromID":"1321788","toID":"1321772","formEdgeID":null},{"edgeID":"1734726","fromID":"1321791","toID":"1321790","formEdgeID":null},{"edgeID":"1734727","fromID":"1321792","toID":"1321791","formEdgeID":null},{"edgeID":"1734728","fromID":"1321790","toID":"1321793","formEdgeID":null},{"edgeID":"1734729","fromID":"1321793","toID":"1321789","formEdgeID":null},{"edgeID":"1734730","fromID":"1321772","toID":"1321794","formEdgeID":null},{"edgeID":"1734731","fromID":"1321794","toID":"1321790","formEdgeID":null},{"edgeID":"1734732","fromID":"1321797","toID":"1321796","formEdgeID":null},{"edgeID":"1734733","fromID":"1321798","toID":"1321797","formEdgeID":null},{"edgeID":"1734734","fromID":"1321796","toID":"1321799","formEdgeID":null},{"edgeID":"1734735","fromID":"1321799","toID":"1321795","formEdgeID":null},{"edgeID":"1734736","fromID":"1321790","toID":"1321800","formEdgeID":null},{"edgeID":"1734737","fromID":"1321800","toID":"1321796","formEdgeID":null},{"edgeID":"1734738","fromID":"1321803","toID":"1321802","formEdgeID":null},{"edgeID":"1734739","fromID":"1321804","toID":"1321803","formEdgeID":null},{"edgeID":"1734740","fromID":"1321802","toID":"1321805","formEdgeID":null},{"edgeID":"1734741","fromID":"1321805","toID":"1321801","formEdgeID":null},{"edgeID":"1734742","fromID":"1321790","toID":"1321806","formEdgeID":null},{"edgeID":"1734743","fromID":"1321806","toID":"1321802","formEdgeID":null},{"edgeID":"1734744","fromID":"1321809","toID":"1321808","formEdgeID":null},{"edgeID":"1734745","fromID":"1321810","toID":"1321809","formEdgeID":null},{"edgeID":"1734746","fromID":"1321808","toID":"1321811","formEdgeID":null},{"edgeID":"1734747","fromID":"1321811","toID":"1321807","formEdgeID":null},{"edgeID":"1734748","fromID":"1321790","toID":"1321812","formEdgeID":null},{"edgeID":"1734749","fromID":"1321812","toID":"1321808","formEdgeID":null},{"edgeID":"1734750","fromID":"1321795","toID":"1321813","formEdgeID":null},{"edgeID":"1734751","fromID":"1321813","toID":"1321789","formEdgeID":null},{"edgeID":"1734752","fromID":"1321801","toID":"1321813","formEdgeID":null},{"edgeID":"1734753","fromID":"1321807","toID":"1321813","formEdgeID":null},{"edgeID":"1734754","fromID":"1321812","toID":"1321814","formEdgeID":null},{"edgeID":"1734755","fromID":"1321814","toID":"1321813","formEdgeID":null},{"edgeID":"1734756","fromID":"1321817","toID":"1321816","formEdgeID":null},{"edgeID":"1734757","fromID":"1321818","toID":"1321817","formEdgeID":null},{"edgeID":"1734758","fromID":"1321816","toID":"1321819","formEdgeID":null},{"edgeID":"1734759","fromID":"1321819","toID":"1321815","formEdgeID":null},{"edgeID":"1734760","fromID":"1321790","toID":"1321820","formEdgeID":null},{"edgeID":"1734761","fromID":"1321820","toID":"1321816","formEdgeID":null},{"edgeID":"1734762","fromID":"1321815","toID":"1321821","formEdgeID":null},{"edgeID":"1734763","fromID":"1321821","toID":"1321789","formEdgeID":null},{"edgeID":"1734764","fromID":"1321820","toID":"1321822","formEdgeID":null},{"edgeID":"1734765","fromID":"1321822","toID":"1321821","formEdgeID":null},{"edgeID":"1734766","fromID":"1321825","toID":"1321824","formEdgeID":null},{"edgeID":"1734767","fromID":"1321826","toID":"1321825","formEdgeID":null},{"edgeID":"1734768","fromID":"1321824","toID":"1321827","formEdgeID":null},{"edgeID":"1734769","fromID":"1321827","toID":"1321823","formEdgeID":null},{"edgeID":"1734770","fromID":"1321815","toID":"1321828","formEdgeID":null},{"edgeID":"1734771","fromID":"1321828","toID":"1321823","formEdgeID":null},{"edgeID":"1734772","fromID":"1321816","toID":"1321829","formEdgeID":null},{"edgeID":"1734773","fromID":"1321829","toID":"1321824","formEdgeID":null},{"edgeID":"1734774","fromID":"1321829","toID":"1321830","formEdgeID":null},{"edgeID":"1734775","fromID":"1321830","toID":"1321828","formEdgeID":null},{"edgeID":"1734776","fromID":"1321833","toID":"1321832","formEdgeID":null},{"edgeID":"1734777","fromID":"1321834","toID":"1321833","formEdgeID":null},{"edgeID":"1734778","fromID":"1321832","toID":"1321835","formEdgeID":null},{"edgeID":"1734779","fromID":"1321835","toID":"1321831","formEdgeID":null},{"edgeID":"1734780","fromID":"1321771","toID":"1321836","formEdgeID":null},{"edgeID":"1734781","fromID":"1321836","toID":"1321768","formEdgeID":null},{"edgeID":"1734782","fromID":"1321788","toID":"1321837","formEdgeID":null},{"edgeID":"1734783","fromID":"1321837","toID":"1321836","formEdgeID":null},{"edgeID":"1734784","fromID":"1321772","toID":"1321838","formEdgeID":null},{"edgeID":"1734785","fromID":"1321838","toID":"1321832","formEdgeID":null},{"edgeID":"1734786","fromID":"1321771","toID":"1321839","formEdgeID":null},{"edgeID":"1734787","fromID":"1321839","toID":"1321831","formEdgeID":null},{"edgeID":"1734788","fromID":"1321838","toID":"1321840","formEdgeID":null},{"edgeID":"1734789","fromID":"1321840","toID":"1321839","formEdgeID":null},{"edgeID":"1734790","fromID":"1321843","toID":"1321842","formEdgeID":null},{"edgeID":"1734791","fromID":"1321844","toID":"1321843","formEdgeID":null},{"edgeID":"1734792","fromID":"1321842","toID":"1321845","formEdgeID":null},{"edgeID":"1734793","fromID":"1321845","toID":"1321841","formEdgeID":null},{"edgeID":"1734794","fromID":"1321832","toID":"1321846","formEdgeID":null},{"edgeID":"1734795","fromID":"1321846","toID":"1321842","formEdgeID":null},{"edgeID":"1734796","fromID":"1321849","toID":"1321848","formEdgeID":null},{"edgeID":"1734797","fromID":"1321850","toID":"1321849","formEdgeID":null},{"edgeID":"1734798","fromID":"1321848","toID":"1321851","formEdgeID":null},{"edgeID":"1734799","fromID":"1321851","toID":"1321847","formEdgeID":null},{"edgeID":"1734800","fromID":"1321842","toID":"1321852","formEdgeID":null},{"edgeID":"1734801","fromID":"1321852","toID":"1321848","formEdgeID":null},{"edgeID":"1734802","fromID":"1321847","toID":"1321853","formEdgeID":null},{"edgeID":"1734803","fromID":"1321853","toID":"1321841","formEdgeID":null},{"edgeID":"1734804","fromID":"1321852","toID":"1321854","formEdgeID":null},{"edgeID":"1734805","fromID":"1321854","toID":"1321853","formEdgeID":null},{"edgeID":"1734806","fromID":"1321857","toID":"1321856","formEdgeID":null},{"edgeID":"1734807","fromID":"1321858","toID":"1321857","formEdgeID":null},{"edgeID":"1734808","fromID":"1321856","toID":"1321859","formEdgeID":null},{"edgeID":"1734809","fromID":"1321859","toID":"1321855","formEdgeID":null},{"edgeID":"1734810","fromID":"1321847","toID":"1321860","formEdgeID":null},{"edgeID":"1734811","fromID":"1321860","toID":"1321855","formEdgeID":null},{"edgeID":"1734812","fromID":"1321848","toID":"1321861","formEdgeID":null},{"edgeID":"1734813","fromID":"1321861","toID":"1321856","formEdgeID":null},{"edgeID":"1734814","fromID":"1321861","toID":"1321862","formEdgeID":null},{"edgeID":"1734815","fromID":"1321862","toID":"1321860","formEdgeID":null},{"edgeID":"1734816","fromID":"1321865","toID":"1321864","formEdgeID":null},{"edgeID":"1734817","fromID":"1321866","toID":"1321865","formEdgeID":null},{"edgeID":"1734818","fromID":"1321864","toID":"1321867","formEdgeID":null},{"edgeID":"1734819","fromID":"1321867","toID":"1321863","formEdgeID":null},{"edgeID":"1734820","fromID":"1321856","toID":"1321868","formEdgeID":null},{"edgeID":"1734821","fromID":"1321868","toID":"1321864","formEdgeID":null},{"edgeID":"1734822","fromID":"1321868","toID":"1321869","formEdgeID":null},{"edgeID":"1734823","fromID":"1321869","toID":"1321855","formEdgeID":null},{"edgeID":"1734824","fromID":"1321872","toID":"1321871","formEdgeID":null},{"edgeID":"1734825","fromID":"1321873","toID":"1321872","formEdgeID":null},{"edgeID":"1734826","fromID":"1321871","toID":"1321874","formEdgeID":null},{"edgeID":"1734827","fromID":"1321874","toID":"1321870","formEdgeID":null},{"edgeID":"1734828","fromID":"1321864","toID":"1321875","formEdgeID":null},{"edgeID":"1734829","fromID":"1321875","toID":"1321871","formEdgeID":null},{"edgeID":"1734830","fromID":"1321870","toID":"1321876","formEdgeID":null},{"edgeID":"1734831","fromID":"1321876","toID":"1321863","formEdgeID":null},{"edgeID":"1734832","fromID":"1321875","toID":"1321877","formEdgeID":null},{"edgeID":"1734833","fromID":"1321877","toID":"1321876","formEdgeID":null}],"locutions":[]}