{"nodes":[{"nodeID":"1322499","text":"it is not just about Scotland","type":"I","timestamp":"2023-11-09 13:27:21"},{"nodeID":"1322500","text":"Emily Thornberry: This is not just about Scotland","type":"L","timestamp":"2023-11-09 13:27:21"},{"nodeID":"1322501","text":"Analysing","type":"YA","timestamp":"2023-11-09 13:27:21"},{"nodeID":"1322502","text":"Anon: Emily Thornberry: This is not just about Scotland","type":"L","timestamp":"2023-11-09 13:27:21"},{"nodeID":"1322503","text":"Asserting","type":"YA","timestamp":"2023-11-09 13:27:21"},{"nodeID":"1322504","text":"this is about a civil war in the Tory Party, and a party that is currently the government of the whole of the UK","type":"I","timestamp":"2023-11-09 13:27:22"},{"nodeID":"1322505","text":"Emily Thornberry: This is about a civil war in the Tory Party, and a party that is currently the government of the whole of the UK","type":"L","timestamp":"2023-11-09 13:27:22"},{"nodeID":"1322506","text":"Analysing","type":"YA","timestamp":"2023-11-09 13:27:22"},{"nodeID":"1322507","text":"Anon: Emily Thornberry: This is about a civil war in the Tory Party, and a party that is currently the government of the whole of the UK","type":"L","timestamp":"2023-11-09 13:27:22"},{"nodeID":"1322508","text":"Asserting","type":"YA","timestamp":"2023-11-09 13:27:22"},{"nodeID":"1322509","text":"the Tories are so preoccupied fighting themselves","type":"I","timestamp":"2023-11-09 13:27:22"},{"nodeID":"1322510","text":"Emily Thornberry: they are so preoccupied fighting themselves","type":"L","timestamp":"2023-11-09 13:27:22"},{"nodeID":"1322511","text":"Analysing","type":"YA","timestamp":"2023-11-09 13:27:22"},{"nodeID":"1322512","text":"Anon: Emily Thornberry: they are so preoccupied fighting themselves","type":"L","timestamp":"2023-11-09 13:27:22"},{"nodeID":"1322513","text":"Asserting","type":"YA","timestamp":"2023-11-09 13:27:22"},{"nodeID":"1322514","text":"the Tories are preoccupied trying to save the prime minister","type":"I","timestamp":"2023-11-09 13:27:23"},{"nodeID":"1322515","text":"Emily Thornberry: trying to save the prime minister","type":"L","timestamp":"2023-11-09 13:27:23"},{"nodeID":"1322516","text":"Analysing","type":"YA","timestamp":"2023-11-09 13:27:23"},{"nodeID":"1322517","text":"Anon: Emily Thornberry: trying to save the prime minister","type":"L","timestamp":"2023-11-09 13:27:23"},{"nodeID":"1322518","text":"Asserting","type":"YA","timestamp":"2023-11-09 13:27:23"},{"nodeID":"1322519","text":"the Tories are not concentrating on recovery from the passage","type":"I","timestamp":"2023-11-09 13:27:23"},{"nodeID":"1322520","text":"Emily Thornberry: they are not concentrating on recovery from the passage","type":"L","timestamp":"2023-11-09 13:27:23"},{"nodeID":"1322521","text":"Analysing","type":"YA","timestamp":"2023-11-09 13:27:23"},{"nodeID":"1322522","text":"Anon: Emily Thornberry: they are not concentrating on recovery from the passage","type":"L","timestamp":"2023-11-09 13:27:23"},{"nodeID":"1322523","text":"Asserting","type":"YA","timestamp":"2023-11-09 13:27:23"},{"nodeID":"1322524","text":"the Tories are not concentrating on cost of living crisis","type":"I","timestamp":"2023-11-09 13:27:24"},{"nodeID":"1322525","text":"Emily Thornberry: They are not concentrating on cost of living crisis","type":"L","timestamp":"2023-11-09 13:27:24"},{"nodeID":"1322526","text":"Analysing","type":"YA","timestamp":"2023-11-09 13:27:24"},{"nodeID":"1322527","text":"Anon: Emily Thornberry: They are not concentrating on cost of living crisis","type":"L","timestamp":"2023-11-09 13:27:24"},{"nodeID":"1322528","text":"Asserting","type":"YA","timestamp":"2023-11-09 13:27:24"},{"nodeID":"1322529","text":"the Tories have no plan for the recovery from the passage and the cost of living crisis","type":"I","timestamp":"2023-11-09 13:27:25"},{"nodeID":"1322530","text":"Emily Thornberry: They have no plan for those","type":"L","timestamp":"2023-11-09 13:27:25"},{"nodeID":"1322531","text":"Analysing","type":"YA","timestamp":"2023-11-09 13:27:25"},{"nodeID":"1322532","text":"Anon: Emily Thornberry: They have no plan for those","type":"L","timestamp":"2023-11-09 13:27:25"},{"nodeID":"1322533","text":"Asserting","type":"YA","timestamp":"2023-11-09 13:27:25"},{"nodeID":"1322534","text":"the Tories have no plan for how we are going to deal with the cost of living crisis","type":"I","timestamp":"2023-11-09 13:27:25"},{"nodeID":"1322535","text":"Emily Thornberry: No plan for how we are going to deal with the cost of living crisis","type":"L","timestamp":"2023-11-09 13:27:25"},{"nodeID":"1322536","text":"Analysing","type":"YA","timestamp":"2023-11-09 13:27:25"},{"nodeID":"1322537","text":"Anon: Emily Thornberry: No plan for how we are going to deal with the cost of living crisis","type":"L","timestamp":"2023-11-09 13:27:25"},{"nodeID":"1322538","text":"Asserting","type":"YA","timestamp":"2023-11-09 13:27:25"},{"nodeID":"1322539","text":"the Tories don't scenario bandwidth to be able to think any of it","type":"I","timestamp":"2023-11-09 13:27:26"},{"nodeID":"1322540","text":"Emily Thornberry: They don't scenario bandwidth to be able to think any it","type":"L","timestamp":"2023-11-09 13:27:26"},{"nodeID":"1322541","text":"Analysing","type":"YA","timestamp":"2023-11-09 13:27:26"},{"nodeID":"1322542","text":"Anon: Emily Thornberry: They don't scenario bandwidth to be able to think any it","type":"L","timestamp":"2023-11-09 13:27:26"},{"nodeID":"1322543","text":"Asserting","type":"YA","timestamp":"2023-11-09 13:27:26"},{"nodeID":"1322544","text":"the Tories are spending so much time fighting one another","type":"I","timestamp":"2023-11-09 13:27:26"},{"nodeID":"1322545","text":"Emily Thornberry: they are spending so much time, with respect, fighting one another","type":"L","timestamp":"2023-11-09 13:27:26"},{"nodeID":"1322546","text":"Analysing","type":"YA","timestamp":"2023-11-09 13:27:26"},{"nodeID":"1322547","text":"Anon: Emily Thornberry: they are spending so much time, with respect, fighting one another","type":"L","timestamp":"2023-11-09 13:27:26"},{"nodeID":"1322548","text":"Asserting","type":"YA","timestamp":"2023-11-09 13:27:26"},{"nodeID":"1322549","text":"Default Rephrase","type":"MA","timestamp":"2023-11-09 13:27:26"},{"nodeID":"1322550","text":"Default Transition","type":"TA","timestamp":"2023-11-09 13:27:26"},{"nodeID":"1322551","text":"Restating","type":"YA","timestamp":"2023-11-09 13:27:26"},{"nodeID":"1322552","text":"Default Inference","type":"RA","timestamp":"2023-11-09 13:27:26"},{"nodeID":"1322553","text":"Default Inference","type":"RA","timestamp":"2023-11-09 13:27:26"},{"nodeID":"1322554","text":"Default Transition","type":"TA","timestamp":"2023-11-09 13:27:26"},{"nodeID":"1322555","text":"Arguing","type":"YA","timestamp":"2023-11-09 13:27:26"},{"nodeID":"1322556","text":"Default Transition","type":"TA","timestamp":"2023-11-09 13:27:26"},{"nodeID":"1322557","text":"Arguing","type":"YA","timestamp":"2023-11-09 13:27:26"},{"nodeID":"1322558","text":"Default Transition","type":"TA","timestamp":"2023-11-09 13:27:26"},{"nodeID":"1322559","text":"Default Transition","type":"TA","timestamp":"2023-11-09 13:27:26"},{"nodeID":"1322560","text":"Default Inference","type":"RA","timestamp":"2023-11-09 13:27:26"},{"nodeID":"1322561","text":"Default Inference","type":"RA","timestamp":"2023-11-09 13:27:26"},{"nodeID":"1322562","text":"Default Transition","type":"TA","timestamp":"2023-11-09 13:27:26"},{"nodeID":"1322563","text":"Arguing","type":"YA","timestamp":"2023-11-09 13:27:26"},{"nodeID":"1322564","text":"Default Transition","type":"TA","timestamp":"2023-11-09 13:27:26"},{"nodeID":"1322565","text":"Arguing","type":"YA","timestamp":"2023-11-09 13:27:26"},{"nodeID":"1322566","text":"Default Inference","type":"RA","timestamp":"2023-11-09 13:27:26"},{"nodeID":"1322567","text":"Default Transition","type":"TA","timestamp":"2023-11-09 13:27:26"},{"nodeID":"1322568","text":"Arguing","type":"YA","timestamp":"2023-11-09 13:27:26"},{"nodeID":"1322569","text":"Default Inference","type":"RA","timestamp":"2023-11-09 13:27:26"},{"nodeID":"1322570","text":"Default Transition","type":"TA","timestamp":"2023-11-09 13:27:26"},{"nodeID":"1322571","text":"Arguing","type":"YA","timestamp":"2023-11-09 13:27:26"},{"nodeID":"1322572","text":"Default Rephrase","type":"MA","timestamp":"2023-11-09 13:27:26"},{"nodeID":"1322573","text":"Default Transition","type":"TA","timestamp":"2023-11-09 13:27:26"},{"nodeID":"1322574","text":"Restating","type":"YA","timestamp":"2023-11-09 13:27:26"},{"nodeID":"1322575","text":"Default Inference","type":"RA","timestamp":"2023-11-09 13:27:26"},{"nodeID":"1322576","text":"Default Transition","type":"TA","timestamp":"2023-11-09 13:27:26"},{"nodeID":"1322577","text":"Arguing","type":"YA","timestamp":"2023-11-09 13:27:26"},{"nodeID":"1322578","text":"Default Transition","type":"TA","timestamp":"2023-11-09 13:27:26"},{"nodeID":"1322579","text":"Default Inference","type":"RA","timestamp":"2023-11-09 13:27:26"},{"nodeID":"1322580","text":"Arguing","type":"YA","timestamp":"2023-11-09 13:27:26"},{"nodeID":"1322581","text":"Default Rephrase","type":"MA","timestamp":"2023-11-09 13:27:26"},{"nodeID":"1322582","text":"Default Transition","type":"TA","timestamp":"2023-11-09 13:27:26"},{"nodeID":"1322583","text":"Restating","type":"YA","timestamp":"2023-11-09 13:27:26"}],"edges":[{"edgeID":"1735569","fromID":"1322501","toID":"1322500","formEdgeID":null},{"edgeID":"1735570","fromID":"1322502","toID":"1322501","formEdgeID":null},{"edgeID":"1735571","fromID":"1322500","toID":"1322503","formEdgeID":null},{"edgeID":"1735572","fromID":"1322503","toID":"1322499","formEdgeID":null},{"edgeID":"1735573","fromID":"1322506","toID":"1322505","formEdgeID":null},{"edgeID":"1735574","fromID":"1322507","toID":"1322506","formEdgeID":null},{"edgeID":"1735575","fromID":"1322505","toID":"1322508","formEdgeID":null},{"edgeID":"1735576","fromID":"1322508","toID":"1322504","formEdgeID":null},{"edgeID":"1735577","fromID":"1322511","toID":"1322510","formEdgeID":null},{"edgeID":"1735578","fromID":"1322512","toID":"1322511","formEdgeID":null},{"edgeID":"1735579","fromID":"1322510","toID":"1322513","formEdgeID":null},{"edgeID":"1735580","fromID":"1322513","toID":"1322509","formEdgeID":null},{"edgeID":"1735581","fromID":"1322516","toID":"1322515","formEdgeID":null},{"edgeID":"1735582","fromID":"1322517","toID":"1322516","formEdgeID":null},{"edgeID":"1735583","fromID":"1322515","toID":"1322518","formEdgeID":null},{"edgeID":"1735584","fromID":"1322518","toID":"1322514","formEdgeID":null},{"edgeID":"1735585","fromID":"1322521","toID":"1322520","formEdgeID":null},{"edgeID":"1735586","fromID":"1322522","toID":"1322521","formEdgeID":null},{"edgeID":"1735587","fromID":"1322520","toID":"1322523","formEdgeID":null},{"edgeID":"1735588","fromID":"1322523","toID":"1322519","formEdgeID":null},{"edgeID":"1735589","fromID":"1322526","toID":"1322525","formEdgeID":null},{"edgeID":"1735590","fromID":"1322527","toID":"1322526","formEdgeID":null},{"edgeID":"1735591","fromID":"1322525","toID":"1322528","formEdgeID":null},{"edgeID":"1735592","fromID":"1322528","toID":"1322524","formEdgeID":null},{"edgeID":"1735593","fromID":"1322531","toID":"1322530","formEdgeID":null},{"edgeID":"1735594","fromID":"1322532","toID":"1322531","formEdgeID":null},{"edgeID":"1735595","fromID":"1322530","toID":"1322533","formEdgeID":null},{"edgeID":"1735596","fromID":"1322533","toID":"1322529","formEdgeID":null},{"edgeID":"1735597","fromID":"1322536","toID":"1322535","formEdgeID":null},{"edgeID":"1735598","fromID":"1322537","toID":"1322536","formEdgeID":null},{"edgeID":"1735599","fromID":"1322535","toID":"1322538","formEdgeID":null},{"edgeID":"1735600","fromID":"1322538","toID":"1322534","formEdgeID":null},{"edgeID":"1735601","fromID":"1322541","toID":"1322540","formEdgeID":null},{"edgeID":"1735602","fromID":"1322542","toID":"1322541","formEdgeID":null},{"edgeID":"1735603","fromID":"1322540","toID":"1322543","formEdgeID":null},{"edgeID":"1735604","fromID":"1322543","toID":"1322539","formEdgeID":null},{"edgeID":"1735605","fromID":"1322546","toID":"1322545","formEdgeID":null},{"edgeID":"1735606","fromID":"1322547","toID":"1322546","formEdgeID":null},{"edgeID":"1735607","fromID":"1322545","toID":"1322548","formEdgeID":null},{"edgeID":"1735608","fromID":"1322548","toID":"1322544","formEdgeID":null},{"edgeID":"1735609","fromID":"1322504","toID":"1322549","formEdgeID":null},{"edgeID":"1735610","fromID":"1322549","toID":"1322499","formEdgeID":null},{"edgeID":"1735611","fromID":"1322500","toID":"1322550","formEdgeID":null},{"edgeID":"1735612","fromID":"1322550","toID":"1322505","formEdgeID":null},{"edgeID":"1735613","fromID":"1322550","toID":"1322551","formEdgeID":null},{"edgeID":"1735614","fromID":"1322551","toID":"1322549","formEdgeID":null},{"edgeID":"1735615","fromID":"1322514","toID":"1322552","formEdgeID":null},{"edgeID":"1735616","fromID":"1322552","toID":"1322519","formEdgeID":null},{"edgeID":"1735617","fromID":"1322509","toID":"1322553","formEdgeID":null},{"edgeID":"1735618","fromID":"1322553","toID":"1322519","formEdgeID":null},{"edgeID":"1735619","fromID":"1322510","toID":"1322554","formEdgeID":null},{"edgeID":"1735620","fromID":"1322554","toID":"1322520","formEdgeID":null},{"edgeID":"1735621","fromID":"1322554","toID":"1322555","formEdgeID":null},{"edgeID":"1735622","fromID":"1322555","toID":"1322553","formEdgeID":null},{"edgeID":"1735623","fromID":"1322515","toID":"1322556","formEdgeID":null},{"edgeID":"1735624","fromID":"1322556","toID":"1322520","formEdgeID":null},{"edgeID":"1735625","fromID":"1322556","toID":"1322557","formEdgeID":null},{"edgeID":"1735626","fromID":"1322557","toID":"1322552","formEdgeID":null},{"edgeID":"1735627","fromID":"1322510","toID":"1322558","formEdgeID":null},{"edgeID":"1735628","fromID":"1322558","toID":"1322515","formEdgeID":null},{"edgeID":"1735629","fromID":"1322505","toID":"1322559","formEdgeID":null},{"edgeID":"1735630","fromID":"1322559","toID":"1322510","formEdgeID":null},{"edgeID":"1735631","fromID":"1322514","toID":"1322560","formEdgeID":null},{"edgeID":"1735632","fromID":"1322560","toID":"1322524","formEdgeID":null},{"edgeID":"1735633","fromID":"1322509","toID":"1322561","formEdgeID":null},{"edgeID":"1735634","fromID":"1322561","toID":"1322524","formEdgeID":null},{"edgeID":"1735635","fromID":"1322510","toID":"1322562","formEdgeID":null},{"edgeID":"1735636","fromID":"1322562","toID":"1322525","formEdgeID":null},{"edgeID":"1735637","fromID":"1322562","toID":"1322563","formEdgeID":null},{"edgeID":"1735638","fromID":"1322563","toID":"1322561","formEdgeID":null},{"edgeID":"1735639","fromID":"1322515","toID":"1322564","formEdgeID":null},{"edgeID":"1735640","fromID":"1322564","toID":"1322525","formEdgeID":null},{"edgeID":"1735641","fromID":"1322564","toID":"1322565","formEdgeID":null},{"edgeID":"1735642","fromID":"1322565","toID":"1322560","formEdgeID":null},{"edgeID":"1735643","fromID":"1322544","toID":"1322566","formEdgeID":null},{"edgeID":"1735644","fromID":"1322566","toID":"1322539","formEdgeID":null},{"edgeID":"1735645","fromID":"1322540","toID":"1322567","formEdgeID":null},{"edgeID":"1735646","fromID":"1322567","toID":"1322545","formEdgeID":null},{"edgeID":"1735647","fromID":"1322567","toID":"1322568","formEdgeID":null},{"edgeID":"1735648","fromID":"1322568","toID":"1322566","formEdgeID":null},{"edgeID":"1735649","fromID":"1322539","toID":"1322569","formEdgeID":null},{"edgeID":"1735650","fromID":"1322569","toID":"1322529","formEdgeID":null},{"edgeID":"1735651","fromID":"1322530","toID":"1322570","formEdgeID":null},{"edgeID":"1735652","fromID":"1322570","toID":"1322540","formEdgeID":null},{"edgeID":"1735653","fromID":"1322570","toID":"1322571","formEdgeID":null},{"edgeID":"1735654","fromID":"1322571","toID":"1322569","formEdgeID":null},{"edgeID":"1735655","fromID":"1322534","toID":"1322572","formEdgeID":null},{"edgeID":"1735656","fromID":"1322572","toID":"1322529","formEdgeID":null},{"edgeID":"1735657","fromID":"1322530","toID":"1322573","formEdgeID":null},{"edgeID":"1735658","fromID":"1322573","toID":"1322535","formEdgeID":null},{"edgeID":"1735659","fromID":"1322573","toID":"1322574","formEdgeID":null},{"edgeID":"1735660","fromID":"1322574","toID":"1322572","formEdgeID":null},{"edgeID":"1735661","fromID":"1322519","toID":"1322575","formEdgeID":null},{"edgeID":"1735662","fromID":"1322575","toID":"1322529","formEdgeID":null},{"edgeID":"1735663","fromID":"1322520","toID":"1322576","formEdgeID":null},{"edgeID":"1735664","fromID":"1322576","toID":"1322530","formEdgeID":null},{"edgeID":"1735665","fromID":"1322576","toID":"1322577","formEdgeID":null},{"edgeID":"1735666","fromID":"1322577","toID":"1322575","formEdgeID":null},{"edgeID":"1735667","fromID":"1322525","toID":"1322578","formEdgeID":null},{"edgeID":"1735668","fromID":"1322578","toID":"1322530","formEdgeID":null},{"edgeID":"1735669","fromID":"1322524","toID":"1322579","formEdgeID":null},{"edgeID":"1735670","fromID":"1322579","toID":"1322529","formEdgeID":null},{"edgeID":"1735671","fromID":"1322578","toID":"1322580","formEdgeID":null},{"edgeID":"1735672","fromID":"1322580","toID":"1322579","formEdgeID":null},{"edgeID":"1735673","fromID":"1322544","toID":"1322581","formEdgeID":null},{"edgeID":"1735674","fromID":"1322581","toID":"1322509","formEdgeID":null},{"edgeID":"1735675","fromID":"1322510","toID":"1322582","formEdgeID":null},{"edgeID":"1735676","fromID":"1322582","toID":"1322545","formEdgeID":null},{"edgeID":"1735677","fromID":"1322582","toID":"1322583","formEdgeID":null},{"edgeID":"1735678","fromID":"1322583","toID":"1322581","formEdgeID":null}],"locutions":[]}