{"nodes":[{"nodeID":"1145384","text":"there's enough being admitted already","type":"I","timestamp":"2023-04-20 10:14:17"},{"nodeID":"1145386","text":"Boris Johnson has never faced adverse consequences","type":"I","timestamp":"2023-04-20 10:14:18"},{"nodeID":"1146129","text":"throughout the past years we've seen a lot of rule breaking from Westminster","type":"I","timestamp":"2023-04-20 10:18:15"},{"nodeID":"1146134","text":"actions of Matt Hancock, Dominic Cummings are examples of rule breaking from Westminster","type":"I","timestamp":"2023-04-20 10:18:17"},{"nodeID":"1146140","text":"the Scottish Tories are saying enough is enough only now because xxx","type":"I","timestamp":"2023-04-20 10:18:20"},{"nodeID":"1146145","text":"it has not been unacceptable until now because xxx","type":"I","timestamp":"2023-04-20 10:18:22"},{"nodeID":"1146158","text":"one of the things being admitted is an apology to the queen","type":"I","timestamp":"2023-04-20 10:18:27"},{"nodeID":"1146166","text":"we're not actually needing the review","type":"I","timestamp":"2023-04-20 10:18:29"},{"nodeID":"1146172","text":"Dominic Cummings has xxx more bullets","type":"I","timestamp":"2023-04-20 10:18:31"},{"nodeID":"1146178","text":"Dominic Cummings revealing Boris Johnson's faults is going to go on for xxx","type":"I","timestamp":"2023-04-20 10:18:34"},{"nodeID":"1146184","text":"there is two sides to Dominic Cummings revealing Boris Johnson's faults","type":"I","timestamp":"2023-04-20 10:18:36"},{"nodeID":"1146190","text":"there is or isn't there anyone who wants to speak up for Boris Johnson","type":"I","timestamp":"2023-04-20 10:18:39"},{"nodeID":"1146196","text":"anyone does or doesn't want to speak up for Boris Johnson","type":"I","timestamp":"2023-04-20 10:18:41"},{"nodeID":"1146204","text":"anyone does or doesn't dare to speak up for Boris Johnson","type":"I","timestamp":"2023-04-20 10:18:44"},{"nodeID":"1146212","text":"the speakers don't want to speak up for Boris Johnson","type":"I","timestamp":"2023-04-20 10:18:46"},{"nodeID":"1146220","text":"there are Conservative voters here","type":"I","timestamp":"2023-04-20 10:18:49"},{"nodeID":"1146228","text":"no one so far wants to speak up for Boris Johnson","type":"I","timestamp":"2023-04-20 10:18:51"},{"nodeID":"1146236","text":"if Christoper Brookmyre was to use a crime fiction allusion, Boris Johnson makes him think of toe Massy in LA Cox, the man who gets away with it","type":"I","timestamp":"2023-04-20 10:18:53"},{"nodeID":"1146241","text":"Boris Johnson is someone who his entire career has never faced adverse consequences for bad behaviour","type":"I","timestamp":"2023-04-20 10:18:56"},{"nodeID":"1146256","text":"AudienceMember 20220707QT12 makes a good point","type":"I","timestamp":"2023-04-20 10:19:00"},{"nodeID":"1321075","text":"AudienceMember 20220707QT11: Throughout the past years weave seen a lot of rule breaking from Westminster","type":"L","timestamp":"2023-11-09 13:25:18"},{"nodeID":"1321076","text":"Analysing","type":"YA","timestamp":"2023-11-09 13:25:18"},{"nodeID":"1321077","text":"Zofia: AudienceMember 20220707QT11: Throughout the past years weave seen a lot of rule breaking from Westminster","type":"L","timestamp":"2023-11-09 13:25:18"},{"nodeID":"1321078","text":"Asserting","type":"YA","timestamp":"2023-11-09 13:25:18"},{"nodeID":"1321079","text":"AudienceMember 20220707QT11: Mat Hancock, Dominic consumption","type":"L","timestamp":"2023-11-09 13:25:18"},{"nodeID":"1321080","text":"Analysing","type":"YA","timestamp":"2023-11-09 13:25:18"},{"nodeID":"1321081","text":"Zofia: AudienceMember 20220707QT11: Mat Hancock, Dominic consumption","type":"L","timestamp":"2023-11-09 13:25:18"},{"nodeID":"1321082","text":"Asserting","type":"YA","timestamp":"2023-11-09 13:25:18"},{"nodeID":"1321083","text":"Default Transition","type":"TA","timestamp":"2023-11-09 13:25:18"},{"nodeID":"1321084","text":"AudienceMember 20220707QT11: why is it only now the Scottishtory are saying enough is enough","type":"L","timestamp":"2023-11-09 13:25:19"},{"nodeID":"1321085","text":"Analysing","type":"YA","timestamp":"2023-11-09 13:25:19"},{"nodeID":"1321086","text":"Zofia: AudienceMember 20220707QT11: why is it only now the Scottishtory are saying enough is enough","type":"L","timestamp":"2023-11-09 13:25:19"},{"nodeID":"1321087","text":"Pure Questioning","type":"YA","timestamp":"2023-11-09 13:25:19"},{"nodeID":"1321088","text":"AudienceMember 20220707QT11: it has not been unacceptable until now","type":"L","timestamp":"2023-11-09 13:25:19"},{"nodeID":"1321089","text":"Analysing","type":"YA","timestamp":"2023-11-09 13:25:19"},{"nodeID":"1321090","text":"Zofia: AudienceMember 20220707QT11: it has not been unacceptable until now","type":"L","timestamp":"2023-11-09 13:25:19"},{"nodeID":"1321091","text":"Pure Questioning","type":"YA","timestamp":"2023-11-09 13:25:19"},{"nodeID":"1321092","text":"Default Transition","type":"TA","timestamp":"2023-11-09 13:25:19"},{"nodeID":"1321093","text":"Default Transition","type":"TA","timestamp":"2023-11-09 13:25:19"},{"nodeID":"1321094","text":"Default Rephrase","type":"MA","timestamp":"2023-11-09 13:25:19"},{"nodeID":"1321095","text":"Restating","type":"YA","timestamp":"2023-11-09 13:25:19"},{"nodeID":"1321096","text":"AudienceMember 20220707QT12: there's enough been admitted already","type":"L","timestamp":"2023-11-09 13:25:20"},{"nodeID":"1321097","text":"Analysing","type":"YA","timestamp":"2023-11-09 13:25:20"},{"nodeID":"1321098","text":"Zofia: AudienceMember 20220707QT12: there's enough been admitted already","type":"L","timestamp":"2023-11-09 13:25:20"},{"nodeID":"1321099","text":"Asserting","type":"YA","timestamp":"2023-11-09 13:25:20"},{"nodeID":"1321100","text":"Default Transition","type":"TA","timestamp":"2023-11-09 13:25:20"},{"nodeID":"1321101","text":"AudienceMember 20220707QT12: including an apology to the queen","type":"L","timestamp":"2023-11-09 13:25:21"},{"nodeID":"1321102","text":"Analysing","type":"YA","timestamp":"2023-11-09 13:25:21"},{"nodeID":"1321103","text":"Zofia: AudienceMember 20220707QT12: including an apology to the queen","type":"L","timestamp":"2023-11-09 13:25:21"},{"nodeID":"1321104","text":"Asserting","type":"YA","timestamp":"2023-11-09 13:25:21"},{"nodeID":"1321105","text":"Default Transition","type":"TA","timestamp":"2023-11-09 13:25:21"},{"nodeID":"1321106","text":"Default Rephrase","type":"MA","timestamp":"2023-11-09 13:25:21"},{"nodeID":"1321107","text":"Restating","type":"YA","timestamp":"2023-11-09 13:25:21"},{"nodeID":"1321108","text":"AudienceMember 20220707QT12: we're not actually needing the review","type":"L","timestamp":"2023-11-09 13:25:21"},{"nodeID":"1321109","text":"Analysing","type":"YA","timestamp":"2023-11-09 13:25:21"},{"nodeID":"1321110","text":"Zofia: AudienceMember 20220707QT12: we're not actually needing the review","type":"L","timestamp":"2023-11-09 13:25:21"},{"nodeID":"1321111","text":"Asserting","type":"YA","timestamp":"2023-11-09 13:25:21"},{"nodeID":"1321112","text":"Default Transition","type":"TA","timestamp":"2023-11-09 13:25:21"},{"nodeID":"1321113","text":"AudienceMember 20220707QT12: how many more bullets does Dominic consumption have","type":"L","timestamp":"2023-11-09 13:25:22"},{"nodeID":"1321114","text":"Analysing","type":"YA","timestamp":"2023-11-09 13:25:22"},{"nodeID":"1321115","text":"Zofia: AudienceMember 20220707QT12: how many more bullets does Dominic consumption have","type":"L","timestamp":"2023-11-09 13:25:22"},{"nodeID":"1321116","text":"Pure Questioning","type":"YA","timestamp":"2023-11-09 13:25:22"},{"nodeID":"1321117","text":"Default Transition","type":"TA","timestamp":"2023-11-09 13:25:22"},{"nodeID":"1321118","text":"AudienceMember 20220707QT12: How long is this going to go on","type":"L","timestamp":"2023-11-09 13:25:22"},{"nodeID":"1321119","text":"Analysing","type":"YA","timestamp":"2023-11-09 13:25:22"},{"nodeID":"1321120","text":"Zofia: AudienceMember 20220707QT12: How long is this going to go on","type":"L","timestamp":"2023-11-09 13:25:22"},{"nodeID":"1321121","text":"Pure Questioning","type":"YA","timestamp":"2023-11-09 13:25:22"},{"nodeID":"1321122","text":"Default Transition","type":"TA","timestamp":"2023-11-09 13:25:22"},{"nodeID":"1321123","text":"AudienceMember 20220707QT12: there is two sides to it","type":"L","timestamp":"2023-11-09 13:25:23"},{"nodeID":"1321124","text":"Analysing","type":"YA","timestamp":"2023-11-09 13:25:23"},{"nodeID":"1321125","text":"Zofia: AudienceMember 20220707QT12: there is two sides to it","type":"L","timestamp":"2023-11-09 13:25:23"},{"nodeID":"1321126","text":"Asserting","type":"YA","timestamp":"2023-11-09 13:25:23"},{"nodeID":"1321127","text":"Default Transition","type":"TA","timestamp":"2023-11-09 13:25:23"},{"nodeID":"1321128","text":"Fiona Bruce: Is there anyone who wants to speak up for Boris Johnson","type":"L","timestamp":"2023-11-09 13:25:24"},{"nodeID":"1321129","text":"Analysing","type":"YA","timestamp":"2023-11-09 13:25:24"},{"nodeID":"1321130","text":"Zofia: Fiona Bruce: Is there anyone who wants to speak up for Boris Johnson","type":"L","timestamp":"2023-11-09 13:25:24"},{"nodeID":"1321131","text":"Pure Questioning","type":"YA","timestamp":"2023-11-09 13:25:24"},{"nodeID":"1321132","text":"Default Transition","type":"TA","timestamp":"2023-11-09 13:25:24"},{"nodeID":"1321133","text":"Fiona Bruce: You do want to","type":"L","timestamp":"2023-11-09 13:25:24"},{"nodeID":"1321134","text":"Analysing","type":"YA","timestamp":"2023-11-09 13:25:24"},{"nodeID":"1321135","text":"Zofia: Fiona Bruce: You do want to","type":"L","timestamp":"2023-11-09 13:25:24"},{"nodeID":"1321136","text":"Pure Questioning","type":"YA","timestamp":"2023-11-09 13:25:24"},{"nodeID":"1321137","text":"Default Transition","type":"TA","timestamp":"2023-11-09 13:25:24"},{"nodeID":"1321138","text":"Default Rephrase","type":"MA","timestamp":"2023-11-09 13:25:24"},{"nodeID":"1321139","text":"Restating","type":"YA","timestamp":"2023-11-09 13:25:24"},{"nodeID":"1321140","text":"Fiona Bruce: you don't dare","type":"L","timestamp":"2023-11-09 13:25:25"},{"nodeID":"1321141","text":"Analysing","type":"YA","timestamp":"2023-11-09 13:25:25"},{"nodeID":"1321142","text":"Zofia: Fiona Bruce: you don't dare","type":"L","timestamp":"2023-11-09 13:25:25"},{"nodeID":"1321143","text":"Pure Questioning","type":"YA","timestamp":"2023-11-09 13:25:25"},{"nodeID":"1321144","text":"Default Transition","type":"TA","timestamp":"2023-11-09 13:25:25"},{"nodeID":"1321145","text":"Default Conflict","type":"CA","timestamp":"2023-11-09 13:25:25"},{"nodeID":"1321146","text":"Disagreeing","type":"YA","timestamp":"2023-11-09 13:25:25"},{"nodeID":"1321147","text":"Fiona Bruce: You don't want to","type":"L","timestamp":"2023-11-09 13:25:25"},{"nodeID":"1321148","text":"Analysing","type":"YA","timestamp":"2023-11-09 13:25:25"},{"nodeID":"1321149","text":"Zofia: Fiona Bruce: You don't want to","type":"L","timestamp":"2023-11-09 13:25:25"},{"nodeID":"1321150","text":"Asserting","type":"YA","timestamp":"2023-11-09 13:25:25"},{"nodeID":"1321151","text":"Default Transition","type":"TA","timestamp":"2023-11-09 13:25:25"},{"nodeID":"1321152","text":"Default Rephrase","type":"MA","timestamp":"2023-11-09 13:25:25"},{"nodeID":"1321153","text":"Default Illocuting","type":"YA","timestamp":"2023-11-09 13:25:25"},{"nodeID":"1321154","text":"Fiona Bruce: there are Conservative voters here","type":"L","timestamp":"2023-11-09 13:25:26"},{"nodeID":"1321155","text":"Analysing","type":"YA","timestamp":"2023-11-09 13:25:26"},{"nodeID":"1321156","text":"Zofia: Fiona Bruce: there are Conservative voters here","type":"L","timestamp":"2023-11-09 13:25:26"},{"nodeID":"1321157","text":"Asserting","type":"YA","timestamp":"2023-11-09 13:25:26"},{"nodeID":"1321158","text":"Default Inference","type":"RA","timestamp":"2023-11-09 13:25:26"},{"nodeID":"1321159","text":"Default Transition","type":"TA","timestamp":"2023-11-09 13:25:26"},{"nodeID":"1321160","text":"Arguing","type":"YA","timestamp":"2023-11-09 13:25:26"},{"nodeID":"1321161","text":"Fiona Bruce: no one so far","type":"L","timestamp":"2023-11-09 13:25:27"},{"nodeID":"1321162","text":"Analysing","type":"YA","timestamp":"2023-11-09 13:25:27"},{"nodeID":"1321163","text":"Zofia: Fiona Bruce: no one so far","type":"L","timestamp":"2023-11-09 13:25:27"},{"nodeID":"1321164","text":"Asserting","type":"YA","timestamp":"2023-11-09 13:25:27"},{"nodeID":"1321165","text":"Default Transition","type":"TA","timestamp":"2023-11-09 13:25:27"},{"nodeID":"1321166","text":"Default Rephrase","type":"MA","timestamp":"2023-11-09 13:25:27"},{"nodeID":"1321167","text":"Restating","type":"YA","timestamp":"2023-11-09 13:25:27"},{"nodeID":"1321168","text":"Christopher Brookmyre: If I was to use a crime fiction illusion, Boris Johnson makes me think of toe Massy in LA Cox, the man who gets away with it","type":"L","timestamp":"2023-11-09 13:25:27"},{"nodeID":"1321169","text":"Analysing","type":"YA","timestamp":"2023-11-09 13:25:27"},{"nodeID":"1321170","text":"Zofia: Christopher Brookmyre: If I was to use a crime fiction illusion, Boris Johnson makes me think of toe Massy in LA Cox, the man who gets away with it","type":"L","timestamp":"2023-11-09 13:25:27"},{"nodeID":"1321171","text":"Asserting","type":"YA","timestamp":"2023-11-09 13:25:27"},{"nodeID":"1321172","text":"Christopher Brookmyre: He is someone who his entire career has never faced adverse consequences for bad behaviour","type":"L","timestamp":"2023-11-09 13:25:28"},{"nodeID":"1321173","text":"Analysing","type":"YA","timestamp":"2023-11-09 13:25:28"},{"nodeID":"1321174","text":"Zofia: Christopher Brookmyre: He is someone who his entire career has never faced adverse consequences for bad behaviour","type":"L","timestamp":"2023-11-09 13:25:28"},{"nodeID":"1321175","text":"Asserting","type":"YA","timestamp":"2023-11-09 13:25:28"},{"nodeID":"1321176","text":"Default Transition","type":"TA","timestamp":"2023-11-09 13:25:28"},{"nodeID":"1321177","text":"Default Inference","type":"RA","timestamp":"2023-11-09 13:25:28"},{"nodeID":"1321178","text":"Arguing","type":"YA","timestamp":"2023-11-09 13:25:28"},{"nodeID":"1321179","text":"Christopher Brookmyre: He has never faced adverse consequences","type":"L","timestamp":"2023-11-09 13:25:28"},{"nodeID":"1321180","text":"Analysing","type":"YA","timestamp":"2023-11-09 13:25:28"},{"nodeID":"1321181","text":"Zofia: Christopher Brookmyre: He has never faced adverse consequences","type":"L","timestamp":"2023-11-09 13:25:28"},{"nodeID":"1321182","text":"Asserting","type":"YA","timestamp":"2023-11-09 13:25:28"},{"nodeID":"1321183","text":"Default Transition","type":"TA","timestamp":"2023-11-09 13:25:28"},{"nodeID":"1321184","text":"Default Rephrase","type":"MA","timestamp":"2023-11-09 13:25:28"},{"nodeID":"1321185","text":"Default Rephrase","type":"MA","timestamp":"2023-11-09 13:25:28"},{"nodeID":"1321186","text":"Restating","type":"YA","timestamp":"2023-11-09 13:25:28"},{"nodeID":"1321187","text":"Christopher Brookmyre: the gentlemen makes a good point","type":"L","timestamp":"2023-11-09 13:25:29"},{"nodeID":"1321188","text":"Analysing","type":"YA","timestamp":"2023-11-09 13:25:29"},{"nodeID":"1321189","text":"Zofia: Christopher Brookmyre: the gentlemen makes a good point","type":"L","timestamp":"2023-11-09 13:25:29"},{"nodeID":"1321190","text":"Asserting","type":"YA","timestamp":"2023-11-09 13:25:29"},{"nodeID":"1321191","text":"Default Transition","type":"TA","timestamp":"2023-11-09 13:25:29"},{"nodeID":"1321192","text":"Default Transition","type":"TA","timestamp":"2023-11-09 13:25:29"}],"edges":[{"edgeID":"1733864","fromID":"1321076","toID":"1321075","formEdgeID":null},{"edgeID":"1733865","fromID":"1321077","toID":"1321076","formEdgeID":null},{"edgeID":"1733866","fromID":"1321075","toID":"1321078","formEdgeID":null},{"edgeID":"1733867","fromID":"1321078","toID":"1146129","formEdgeID":null},{"edgeID":"1733868","fromID":"1321080","toID":"1321079","formEdgeID":null},{"edgeID":"1733869","fromID":"1321081","toID":"1321080","formEdgeID":null},{"edgeID":"1733870","fromID":"1321079","toID":"1321082","formEdgeID":null},{"edgeID":"1733871","fromID":"1321082","toID":"1146134","formEdgeID":null},{"edgeID":"1733872","fromID":"1321075","toID":"1321083","formEdgeID":null},{"edgeID":"1733873","fromID":"1321083","toID":"1321079","formEdgeID":null},{"edgeID":"1733874","fromID":"1321085","toID":"1321084","formEdgeID":null},{"edgeID":"1733875","fromID":"1321086","toID":"1321085","formEdgeID":null},{"edgeID":"1733876","fromID":"1321084","toID":"1321087","formEdgeID":null},{"edgeID":"1733877","fromID":"1321087","toID":"1146140","formEdgeID":null},{"edgeID":"1733878","fromID":"1321089","toID":"1321088","formEdgeID":null},{"edgeID":"1733879","fromID":"1321090","toID":"1321089","formEdgeID":null},{"edgeID":"1733880","fromID":"1321088","toID":"1321091","formEdgeID":null},{"edgeID":"1733881","fromID":"1321091","toID":"1146145","formEdgeID":null},{"edgeID":"1733882","fromID":"1321079","toID":"1321092","formEdgeID":null},{"edgeID":"1733883","fromID":"1321092","toID":"1321084","formEdgeID":null},{"edgeID":"1733884","fromID":"1321084","toID":"1321093","formEdgeID":null},{"edgeID":"1733885","fromID":"1321093","toID":"1321088","formEdgeID":null},{"edgeID":"1733886","fromID":"1146145","toID":"1321094","formEdgeID":null},{"edgeID":"1733887","fromID":"1321094","toID":"1146140","formEdgeID":null},{"edgeID":"1733888","fromID":"1321093","toID":"1321095","formEdgeID":null},{"edgeID":"1733889","fromID":"1321095","toID":"1321094","formEdgeID":null},{"edgeID":"1733890","fromID":"1321097","toID":"1321096","formEdgeID":null},{"edgeID":"1733891","fromID":"1321098","toID":"1321097","formEdgeID":null},{"edgeID":"1733892","fromID":"1321096","toID":"1321099","formEdgeID":null},{"edgeID":"1733893","fromID":"1321099","toID":"1145384","formEdgeID":null},{"edgeID":"1733894","fromID":"1321088","toID":"1321100","formEdgeID":null},{"edgeID":"1733895","fromID":"1321100","toID":"1321096","formEdgeID":null},{"edgeID":"1733896","fromID":"1321102","toID":"1321101","formEdgeID":null},{"edgeID":"1733897","fromID":"1321103","toID":"1321102","formEdgeID":null},{"edgeID":"1733898","fromID":"1321101","toID":"1321104","formEdgeID":null},{"edgeID":"1733899","fromID":"1321104","toID":"1146158","formEdgeID":null},{"edgeID":"1733900","fromID":"1321096","toID":"1321105","formEdgeID":null},{"edgeID":"1733901","fromID":"1321105","toID":"1321101","formEdgeID":null},{"edgeID":"1733902","fromID":"1146158","toID":"1321106","formEdgeID":null},{"edgeID":"1733903","fromID":"1321106","toID":"1145384","formEdgeID":null},{"edgeID":"1733904","fromID":"1321105","toID":"1321107","formEdgeID":null},{"edgeID":"1733905","fromID":"1321107","toID":"1321106","formEdgeID":null},{"edgeID":"1733906","fromID":"1321109","toID":"1321108","formEdgeID":null},{"edgeID":"1733907","fromID":"1321110","toID":"1321109","formEdgeID":null},{"edgeID":"1733908","fromID":"1321108","toID":"1321111","formEdgeID":null},{"edgeID":"1733909","fromID":"1321111","toID":"1146166","formEdgeID":null},{"edgeID":"1733910","fromID":"1321101","toID":"1321112","formEdgeID":null},{"edgeID":"1733911","fromID":"1321112","toID":"1321108","formEdgeID":null},{"edgeID":"1733912","fromID":"1321114","toID":"1321113","formEdgeID":null},{"edgeID":"1733913","fromID":"1321115","toID":"1321114","formEdgeID":null},{"edgeID":"1733914","fromID":"1321113","toID":"1321116","formEdgeID":null},{"edgeID":"1733915","fromID":"1321116","toID":"1146172","formEdgeID":null},{"edgeID":"1733916","fromID":"1321108","toID":"1321117","formEdgeID":null},{"edgeID":"1733917","fromID":"1321117","toID":"1321113","formEdgeID":null},{"edgeID":"1733918","fromID":"1321119","toID":"1321118","formEdgeID":null},{"edgeID":"1733919","fromID":"1321120","toID":"1321119","formEdgeID":null},{"edgeID":"1733920","fromID":"1321118","toID":"1321121","formEdgeID":null},{"edgeID":"1733921","fromID":"1321121","toID":"1146178","formEdgeID":null},{"edgeID":"1733922","fromID":"1321113","toID":"1321122","formEdgeID":null},{"edgeID":"1733923","fromID":"1321122","toID":"1321118","formEdgeID":null},{"edgeID":"1733924","fromID":"1321124","toID":"1321123","formEdgeID":null},{"edgeID":"1733925","fromID":"1321125","toID":"1321124","formEdgeID":null},{"edgeID":"1733926","fromID":"1321123","toID":"1321126","formEdgeID":null},{"edgeID":"1733927","fromID":"1321126","toID":"1146184","formEdgeID":null},{"edgeID":"1733928","fromID":"1321118","toID":"1321127","formEdgeID":null},{"edgeID":"1733929","fromID":"1321127","toID":"1321123","formEdgeID":null},{"edgeID":"1733930","fromID":"1321129","toID":"1321128","formEdgeID":null},{"edgeID":"1733931","fromID":"1321130","toID":"1321129","formEdgeID":null},{"edgeID":"1733932","fromID":"1321128","toID":"1321131","formEdgeID":null},{"edgeID":"1733933","fromID":"1321131","toID":"1146190","formEdgeID":null},{"edgeID":"1733934","fromID":"1321123","toID":"1321132","formEdgeID":null},{"edgeID":"1733935","fromID":"1321132","toID":"1321128","formEdgeID":null},{"edgeID":"1733936","fromID":"1321134","toID":"1321133","formEdgeID":null},{"edgeID":"1733937","fromID":"1321135","toID":"1321134","formEdgeID":null},{"edgeID":"1733938","fromID":"1321133","toID":"1321136","formEdgeID":null},{"edgeID":"1733939","fromID":"1321136","toID":"1146196","formEdgeID":null},{"edgeID":"1733940","fromID":"1321128","toID":"1321137","formEdgeID":null},{"edgeID":"1733941","fromID":"1321137","toID":"1321133","formEdgeID":null},{"edgeID":"1733942","fromID":"1146196","toID":"1321138","formEdgeID":null},{"edgeID":"1733943","fromID":"1321138","toID":"1146190","formEdgeID":null},{"edgeID":"1733944","fromID":"1321137","toID":"1321139","formEdgeID":null},{"edgeID":"1733945","fromID":"1321139","toID":"1321138","formEdgeID":null},{"edgeID":"1733946","fromID":"1321141","toID":"1321140","formEdgeID":null},{"edgeID":"1733947","fromID":"1321142","toID":"1321141","formEdgeID":null},{"edgeID":"1733948","fromID":"1321140","toID":"1321143","formEdgeID":null},{"edgeID":"1733949","fromID":"1321143","toID":"1146204","formEdgeID":null},{"edgeID":"1733950","fromID":"1321133","toID":"1321144","formEdgeID":null},{"edgeID":"1733951","fromID":"1321144","toID":"1321140","formEdgeID":null},{"edgeID":"1733952","fromID":"1146204","toID":"1321145","formEdgeID":null},{"edgeID":"1733953","fromID":"1321145","toID":"1146196","formEdgeID":null},{"edgeID":"1733954","fromID":"1321144","toID":"1321146","formEdgeID":null},{"edgeID":"1733955","fromID":"1321146","toID":"1321145","formEdgeID":null},{"edgeID":"1733956","fromID":"1321148","toID":"1321147","formEdgeID":null},{"edgeID":"1733957","fromID":"1321149","toID":"1321148","formEdgeID":null},{"edgeID":"1733958","fromID":"1321147","toID":"1321150","formEdgeID":null},{"edgeID":"1733959","fromID":"1321150","toID":"1146212","formEdgeID":null},{"edgeID":"1733960","fromID":"1321133","toID":"1321151","formEdgeID":null},{"edgeID":"1733961","fromID":"1321151","toID":"1321147","formEdgeID":null},{"edgeID":"1733962","fromID":"1146212","toID":"1321152","formEdgeID":null},{"edgeID":"1733963","fromID":"1321152","toID":"1146196","formEdgeID":null},{"edgeID":"1733964","fromID":"1321151","toID":"1321153","formEdgeID":null},{"edgeID":"1733965","fromID":"1321153","toID":"1321152","formEdgeID":null},{"edgeID":"1733966","fromID":"1321155","toID":"1321154","formEdgeID":null},{"edgeID":"1733967","fromID":"1321156","toID":"1321155","formEdgeID":null},{"edgeID":"1733968","fromID":"1321154","toID":"1321157","formEdgeID":null},{"edgeID":"1733969","fromID":"1321157","toID":"1146220","formEdgeID":null},{"edgeID":"1733970","fromID":"1146220","toID":"1321158","formEdgeID":null},{"edgeID":"1733971","fromID":"1321158","toID":"1146212","formEdgeID":null},{"edgeID":"1733972","fromID":"1321147","toID":"1321159","formEdgeID":null},{"edgeID":"1733973","fromID":"1321159","toID":"1321154","formEdgeID":null},{"edgeID":"1733974","fromID":"1321159","toID":"1321160","formEdgeID":null},{"edgeID":"1733975","fromID":"1321160","toID":"1321158","formEdgeID":null},{"edgeID":"1733976","fromID":"1321162","toID":"1321161","formEdgeID":null},{"edgeID":"1733977","fromID":"1321163","toID":"1321162","formEdgeID":null},{"edgeID":"1733978","fromID":"1321161","toID":"1321164","formEdgeID":null},{"edgeID":"1733979","fromID":"1321164","toID":"1146228","formEdgeID":null},{"edgeID":"1733980","fromID":"1321154","toID":"1321165","formEdgeID":null},{"edgeID":"1733981","fromID":"1321165","toID":"1321161","formEdgeID":null},{"edgeID":"1733982","fromID":"1146228","toID":"1321166","formEdgeID":null},{"edgeID":"1733983","fromID":"1321166","toID":"1146212","formEdgeID":null},{"edgeID":"1733984","fromID":"1321165","toID":"1321167","formEdgeID":null},{"edgeID":"1733985","fromID":"1321167","toID":"1321166","formEdgeID":null},{"edgeID":"1733986","fromID":"1321169","toID":"1321168","formEdgeID":null},{"edgeID":"1733987","fromID":"1321170","toID":"1321169","formEdgeID":null},{"edgeID":"1733988","fromID":"1321168","toID":"1321171","formEdgeID":null},{"edgeID":"1733989","fromID":"1321171","toID":"1146236","formEdgeID":null},{"edgeID":"1733990","fromID":"1321173","toID":"1321172","formEdgeID":null},{"edgeID":"1733991","fromID":"1321174","toID":"1321173","formEdgeID":null},{"edgeID":"1733992","fromID":"1321172","toID":"1321175","formEdgeID":null},{"edgeID":"1733993","fromID":"1321175","toID":"1146241","formEdgeID":null},{"edgeID":"1733994","fromID":"1321168","toID":"1321176","formEdgeID":null},{"edgeID":"1733995","fromID":"1321176","toID":"1321172","formEdgeID":null},{"edgeID":"1733996","fromID":"1146241","toID":"1321177","formEdgeID":null},{"edgeID":"1733997","fromID":"1321177","toID":"1146236","formEdgeID":null},{"edgeID":"1733998","fromID":"1321176","toID":"1321178","formEdgeID":null},{"edgeID":"1733999","fromID":"1321178","toID":"1321177","formEdgeID":null},{"edgeID":"1734000","fromID":"1321180","toID":"1321179","formEdgeID":null},{"edgeID":"1734001","fromID":"1321181","toID":"1321180","formEdgeID":null},{"edgeID":"1734002","fromID":"1321179","toID":"1321182","formEdgeID":null},{"edgeID":"1734003","fromID":"1321182","toID":"1145386","formEdgeID":null},{"edgeID":"1734004","fromID":"1321172","toID":"1321183","formEdgeID":null},{"edgeID":"1734005","fromID":"1321183","toID":"1321179","formEdgeID":null},{"edgeID":"1734006","fromID":"1145386","toID":"1321184","formEdgeID":null},{"edgeID":"1734007","fromID":"1321184","toID":"1146241","formEdgeID":null},{"edgeID":"1734008","fromID":"1146134","toID":"1321185","formEdgeID":null},{"edgeID":"1734009","fromID":"1321185","toID":"1146129","formEdgeID":null},{"edgeID":"1734010","fromID":"1321083","toID":"1321186","formEdgeID":null},{"edgeID":"1734011","fromID":"1321186","toID":"1321185","formEdgeID":null},{"edgeID":"1734012","fromID":"1321188","toID":"1321187","formEdgeID":null},{"edgeID":"1734013","fromID":"1321189","toID":"1321188","formEdgeID":null},{"edgeID":"1734014","fromID":"1321187","toID":"1321190","formEdgeID":null},{"edgeID":"1734015","fromID":"1321190","toID":"1146256","formEdgeID":null},{"edgeID":"1734016","fromID":"1321161","toID":"1321191","formEdgeID":null},{"edgeID":"1734017","fromID":"1321191","toID":"1321187","formEdgeID":null},{"edgeID":"1734018","fromID":"1321187","toID":"1321192","formEdgeID":null},{"edgeID":"1734019","fromID":"1321192","toID":"1321168","formEdgeID":null}],"locutions":[]}