{"nodes":[{"nodeID":"1323353","text":"there are lot of areas for development that are being backed by developers","type":"I","timestamp":"2023-11-09 13:28:31"},{"nodeID":"1323354","text":"Stephen Kerr: There are lot of areas for development that are being backed by developers","type":"L","timestamp":"2023-11-09 13:28:31"},{"nodeID":"1323355","text":"Analysing","type":"YA","timestamp":"2023-11-09 13:28:31"},{"nodeID":"1323356","text":"Ella: Stephen Kerr: There are lot of areas for development that are being backed by developers","type":"L","timestamp":"2023-11-09 13:28:31"},{"nodeID":"1323357","text":"Asserting","type":"YA","timestamp":"2023-11-09 13:28:31"},{"nodeID":"1323358","text":"we need to do more to move that land into productive use through the building of houses","type":"I","timestamp":"2023-11-09 13:28:32"},{"nodeID":"1323359","text":"Stephen Kerr: We need to do snug to move that land into productive use through the building of houses","type":"L","timestamp":"2023-11-09 13:28:32"},{"nodeID":"1323360","text":"Analysing","type":"YA","timestamp":"2023-11-09 13:28:32"},{"nodeID":"1323361","text":"Ella: Stephen Kerr: We need to do snug to move that land into productive use through the building of houses","type":"L","timestamp":"2023-11-09 13:28:32"},{"nodeID":"1323362","text":"Asserting","type":"YA","timestamp":"2023-11-09 13:28:32"},{"nodeID":"1323363","text":"Default Inference","type":"RA","timestamp":"2023-11-09 13:28:32"},{"nodeID":"1323364","text":"Default Transition","type":"TA","timestamp":"2023-11-09 13:28:32"},{"nodeID":"1323365","text":"Arguing","type":"YA","timestamp":"2023-11-09 13:28:32"},{"nodeID":"1323366","text":"one of the ideas we need to develop is the idea of compulsory sales orders","type":"I","timestamp":"2023-11-09 13:28:32"},{"nodeID":"1323367","text":"Stephen Kerr: One of the ideas that I think we need to develop is the idea of compulsory sales orders","type":"L","timestamp":"2023-11-09 13:28:32"},{"nodeID":"1323368","text":"Analysing","type":"YA","timestamp":"2023-11-09 13:28:32"},{"nodeID":"1323369","text":"Ella: Stephen Kerr: One of the ideas that I think we need to develop is the idea of compulsory sales orders","type":"L","timestamp":"2023-11-09 13:28:32"},{"nodeID":"1323370","text":"Asserting","type":"YA","timestamp":"2023-11-09 13:28:32"},{"nodeID":"1323371","text":"Default Transition","type":"TA","timestamp":"2023-11-09 13:28:32"},{"nodeID":"1323372","text":"there are a bunch of small measures we need to take which added together create a more dynamic market for building of houses","type":"I","timestamp":"2023-11-09 13:28:33"},{"nodeID":"1323373","text":"Stephen Kerr: There are a bunch of small m we need to take which added together create a more dynamic market fort building of houses","type":"L","timestamp":"2023-11-09 13:28:33"},{"nodeID":"1323374","text":"Analysing","type":"YA","timestamp":"2023-11-09 13:28:33"},{"nodeID":"1323375","text":"Ella: Stephen Kerr: There are a bunch of small m we need to take which added together create a more dynamic market fort building of houses","type":"L","timestamp":"2023-11-09 13:28:33"},{"nodeID":"1323376","text":"Asserting","type":"YA","timestamp":"2023-11-09 13:28:33"},{"nodeID":"1323377","text":"on top of creating a more dynamic market for building houses, we need to make sure it is possible for people to be able to affordable to buy a home","type":"I","timestamp":"2023-11-09 13:28:33"},{"nodeID":"1323378","text":"Stephen Kerr: On top of that we need to make sure it is possible for people to be able to affordable to buy a home","type":"L","timestamp":"2023-11-09 13:28:33"},{"nodeID":"1323379","text":"Analysing","type":"YA","timestamp":"2023-11-09 13:28:33"},{"nodeID":"1323380","text":"Ella: Stephen Kerr: On top of that we need to make sure it is possible for people to be able to affordable to buy a home","type":"L","timestamp":"2023-11-09 13:28:33"},{"nodeID":"1323381","text":"Asserting","type":"YA","timestamp":"2023-11-09 13:28:33"},{"nodeID":"1323382","text":"Default Transition","type":"TA","timestamp":"2023-11-09 13:28:33"},{"nodeID":"1323383","text":"you have pieces of landlord properties that are derelict or not being used productively","type":"I","timestamp":"2023-11-09 13:28:34"},{"nodeID":"1323384","text":"Stephen Kerr: you have pieces of landlord, properties that are derelict or not being used productivel","type":"L","timestamp":"2023-11-09 13:28:34"},{"nodeID":"1323385","text":"Analysing","type":"YA","timestamp":"2023-11-09 13:28:34"},{"nodeID":"1323386","text":"Ella: Stephen Kerr: you have pieces of landlord, properties that are derelict or not being used productivel","type":"L","timestamp":"2023-11-09 13:28:34"},{"nodeID":"1323387","text":"Asserting","type":"YA","timestamp":"2023-11-09 13:28:34"},{"nodeID":"1323388","text":"Default Rephrase","type":"MA","timestamp":"2023-11-09 13:28:34"},{"nodeID":"1323389","text":"Default Transition","type":"TA","timestamp":"2023-11-09 13:28:34"},{"nodeID":"1323390","text":"Restating","type":"YA","timestamp":"2023-11-09 13:28:34"},{"nodeID":"1323391","text":"something needs to be done about properties not being used productively","type":"I","timestamp":"2023-11-09 13:28:35"},{"nodeID":"1323392","text":"Stephen Kerr: something needs to be done about that","type":"L","timestamp":"2023-11-09 13:28:35"},{"nodeID":"1323393","text":"Analysing","type":"YA","timestamp":"2023-11-09 13:28:35"},{"nodeID":"1323394","text":"Ella: Stephen Kerr: something needs to be done about that","type":"L","timestamp":"2023-11-09 13:28:35"},{"nodeID":"1323395","text":"Asserting","type":"YA","timestamp":"2023-11-09 13:28:35"},{"nodeID":"1323396","text":"Default Inference","type":"RA","timestamp":"2023-11-09 13:28:35"},{"nodeID":"1323397","text":"Default Transition","type":"TA","timestamp":"2023-11-09 13:28:35"},{"nodeID":"1323398","text":"Arguing","type":"YA","timestamp":"2023-11-09 13:28:35"},{"nodeID":"1323399","text":"Default Transition","type":"TA","timestamp":"2023-11-09 13:28:35"}],"edges":[{"edgeID":"1736573","fromID":"1323355","toID":"1323354","formEdgeID":null},{"edgeID":"1736574","fromID":"1323356","toID":"1323355","formEdgeID":null},{"edgeID":"1736575","fromID":"1323354","toID":"1323357","formEdgeID":null},{"edgeID":"1736576","fromID":"1323357","toID":"1323353","formEdgeID":null},{"edgeID":"1736577","fromID":"1323360","toID":"1323359","formEdgeID":null},{"edgeID":"1736578","fromID":"1323361","toID":"1323360","formEdgeID":null},{"edgeID":"1736579","fromID":"1323359","toID":"1323362","formEdgeID":null},{"edgeID":"1736580","fromID":"1323362","toID":"1323358","formEdgeID":null},{"edgeID":"1736581","fromID":"1323353","toID":"1323363","formEdgeID":null},{"edgeID":"1736582","fromID":"1323363","toID":"1323358","formEdgeID":null},{"edgeID":"1736583","fromID":"1323354","toID":"1323364","formEdgeID":null},{"edgeID":"1736584","fromID":"1323364","toID":"1323359","formEdgeID":null},{"edgeID":"1736585","fromID":"1323364","toID":"1323365","formEdgeID":null},{"edgeID":"1736586","fromID":"1323365","toID":"1323363","formEdgeID":null},{"edgeID":"1736587","fromID":"1323368","toID":"1323367","formEdgeID":null},{"edgeID":"1736588","fromID":"1323369","toID":"1323368","formEdgeID":null},{"edgeID":"1736589","fromID":"1323367","toID":"1323370","formEdgeID":null},{"edgeID":"1736590","fromID":"1323370","toID":"1323366","formEdgeID":null},{"edgeID":"1736591","fromID":"1323359","toID":"1323371","formEdgeID":null},{"edgeID":"1736592","fromID":"1323371","toID":"1323367","formEdgeID":null},{"edgeID":"1736593","fromID":"1323374","toID":"1323373","formEdgeID":null},{"edgeID":"1736594","fromID":"1323375","toID":"1323374","formEdgeID":null},{"edgeID":"1736595","fromID":"1323373","toID":"1323376","formEdgeID":null},{"edgeID":"1736596","fromID":"1323376","toID":"1323372","formEdgeID":null},{"edgeID":"1736597","fromID":"1323379","toID":"1323378","formEdgeID":null},{"edgeID":"1736598","fromID":"1323380","toID":"1323379","formEdgeID":null},{"edgeID":"1736599","fromID":"1323378","toID":"1323381","formEdgeID":null},{"edgeID":"1736600","fromID":"1323381","toID":"1323377","formEdgeID":null},{"edgeID":"1736601","fromID":"1323373","toID":"1323382","formEdgeID":null},{"edgeID":"1736602","fromID":"1323382","toID":"1323378","formEdgeID":null},{"edgeID":"1736603","fromID":"1323385","toID":"1323384","formEdgeID":null},{"edgeID":"1736604","fromID":"1323386","toID":"1323385","formEdgeID":null},{"edgeID":"1736605","fromID":"1323384","toID":"1323387","formEdgeID":null},{"edgeID":"1736606","fromID":"1323387","toID":"1323383","formEdgeID":null},{"edgeID":"1736607","fromID":"1323383","toID":"1323388","formEdgeID":null},{"edgeID":"1736608","fromID":"1323388","toID":"1323366","formEdgeID":null},{"edgeID":"1736609","fromID":"1323367","toID":"1323389","formEdgeID":null},{"edgeID":"1736610","fromID":"1323389","toID":"1323384","formEdgeID":null},{"edgeID":"1736611","fromID":"1323389","toID":"1323390","formEdgeID":null},{"edgeID":"1736612","fromID":"1323390","toID":"1323388","formEdgeID":null},{"edgeID":"1736613","fromID":"1323393","toID":"1323392","formEdgeID":null},{"edgeID":"1736614","fromID":"1323394","toID":"1323393","formEdgeID":null},{"edgeID":"1736615","fromID":"1323392","toID":"1323395","formEdgeID":null},{"edgeID":"1736616","fromID":"1323395","toID":"1323391","formEdgeID":null},{"edgeID":"1736617","fromID":"1323383","toID":"1323396","formEdgeID":null},{"edgeID":"1736618","fromID":"1323396","toID":"1323391","formEdgeID":null},{"edgeID":"1736619","fromID":"1323384","toID":"1323397","formEdgeID":null},{"edgeID":"1736620","fromID":"1323397","toID":"1323392","formEdgeID":null},{"edgeID":"1736621","fromID":"1323397","toID":"1323398","formEdgeID":null},{"edgeID":"1736622","fromID":"1323398","toID":"1323396","formEdgeID":null},{"edgeID":"1736623","fromID":"1323392","toID":"1323399","formEdgeID":null},{"edgeID":"1736624","fromID":"1323399","toID":"1323373","formEdgeID":null}],"locutions":[]}