{"nodes":[{"nodeID":"1145347","text":"Stephen Kerr has made his mind up already","type":"I","timestamp":"2023-04-20 10:13:30"},{"nodeID":"1145349","text":"the rules apply to everybody","type":"I","timestamp":"2023-04-20 10:13:34"},{"nodeID":"1145351","text":"the prime minister Boris Johnson and his friends in government have civilian more than given the impression that the rules don't apply to them","type":"I","timestamp":"2023-04-20 10:13:35"},{"nodeID":"1145353","text":"the prime minister Boris Johnson is more than prepared to look you in the eye and lie to you","type":"I","timestamp":"2023-04-20 10:13:37"},{"nodeID":"1145355","text":"well if there was a party nobody told Boris Johnson it was against the rules","type":"I","timestamp":"2023-04-20 10:13:38"},{"nodeID":"1145711","text":"the rules apply to everybody whoever you are","type":"I","timestamp":"2023-04-20 10:15:46"},{"nodeID":"1145719","text":"that the rules apply to everybody whoever you are is the rule of law","type":"I","timestamp":"2023-04-20 10:15:49"},{"nodeID":"1145739","text":"the prime minister Boris Johnson is more than prepared to lie to you again and again","type":"I","timestamp":"2023-04-20 10:15:55"},{"nodeID":"1145747","text":"Boris Johnson hasn't broken the rules","type":"I","timestamp":"2023-04-20 10:15:58"},{"nodeID":"1145757","text":"there wasn't a party","type":"I","timestamp":"2023-04-20 10:16:02"},{"nodeID":"1320055","text":"Fiona Bruce: You have made your mind up already","type":"L","timestamp":"2023-11-09 13:23:43"},{"nodeID":"1320056","text":"Analysing","type":"YA","timestamp":"2023-11-09 13:23:43"},{"nodeID":"1320057","text":"Tuuli: Fiona Bruce: You have made your mind up already","type":"L","timestamp":"2023-11-09 13:23:43"},{"nodeID":"1320058","text":"Asserting","type":"YA","timestamp":"2023-11-09 13:23:43"},{"nodeID":"1320059","text":"Stephen Kerr: Yes","type":"L","timestamp":"2023-11-09 13:23:43"},{"nodeID":"1320060","text":"Analysing","type":"YA","timestamp":"2023-11-09 13:23:43"},{"nodeID":"1320061","text":"Tuuli: Stephen Kerr: Yes","type":"L","timestamp":"2023-11-09 13:23:43"},{"nodeID":"1320062","text":"Default Transition","type":"TA","timestamp":"2023-11-09 13:23:43"},{"nodeID":"1320063","text":"Agreeing","type":"YA","timestamp":"2023-11-09 13:23:43"},{"nodeID":"1320064","text":"Emily Thornberry: The rules apply to everybody","type":"L","timestamp":"2023-11-09 13:23:43"},{"nodeID":"1320065","text":"Analysing","type":"YA","timestamp":"2023-11-09 13:23:43"},{"nodeID":"1320066","text":"Tuuli: Emily Thornberry: The rules apply to everybody","type":"L","timestamp":"2023-11-09 13:23:43"},{"nodeID":"1320067","text":"Asserting","type":"YA","timestamp":"2023-11-09 13:23:43"},{"nodeID":"1320068","text":"Default Transition","type":"TA","timestamp":"2023-11-09 13:23:43"},{"nodeID":"1320069","text":"Emily Thornberry: Whoever you are","type":"L","timestamp":"2023-11-09 13:23:44"},{"nodeID":"1320070","text":"Analysing","type":"YA","timestamp":"2023-11-09 13:23:44"},{"nodeID":"1320071","text":"Tuuli: Emily Thornberry: Whoever you are","type":"L","timestamp":"2023-11-09 13:23:44"},{"nodeID":"1320072","text":"Asserting","type":"YA","timestamp":"2023-11-09 13:23:44"},{"nodeID":"1320073","text":"Default Transition","type":"TA","timestamp":"2023-11-09 13:23:44"},{"nodeID":"1320074","text":"Default Rephrase","type":"MA","timestamp":"2023-11-09 13:23:44"},{"nodeID":"1320075","text":"Restating","type":"YA","timestamp":"2023-11-09 13:23:44"},{"nodeID":"1320076","text":"Emily Thornberry: That's the rule of law","type":"L","timestamp":"2023-11-09 13:23:44"},{"nodeID":"1320077","text":"Analysing","type":"YA","timestamp":"2023-11-09 13:23:44"},{"nodeID":"1320078","text":"Tuuli: Emily Thornberry: That's the rule of law","type":"L","timestamp":"2023-11-09 13:23:44"},{"nodeID":"1320079","text":"Asserting","type":"YA","timestamp":"2023-11-09 13:23:44"},{"nodeID":"1320080","text":"Default Transition","type":"TA","timestamp":"2023-11-09 13:23:44"},{"nodeID":"1320081","text":"Default Rephrase","type":"MA","timestamp":"2023-11-09 13:23:44"},{"nodeID":"1320082","text":"Restating","type":"YA","timestamp":"2023-11-09 13:23:44"},{"nodeID":"1320083","text":"Emily Thornberry: The prime minister and his friends in government have civilian more than given the impression that the rules don't apply to them","type":"L","timestamp":"2023-11-09 13:23:45"},{"nodeID":"1320084","text":"Analysing","type":"YA","timestamp":"2023-11-09 13:23:45"},{"nodeID":"1320085","text":"Tuuli: Emily Thornberry: The prime minister and his friends in government have civilian more than given the impression that the rules don't apply to them","type":"L","timestamp":"2023-11-09 13:23:45"},{"nodeID":"1320086","text":"Asserting","type":"YA","timestamp":"2023-11-09 13:23:45"},{"nodeID":"1320087","text":"Default Transition","type":"TA","timestamp":"2023-11-09 13:23:45"},{"nodeID":"1320088","text":"Default Conflict","type":"CA","timestamp":"2023-11-09 13:23:45"},{"nodeID":"1320089","text":"Disagreeing","type":"YA","timestamp":"2023-11-09 13:23:45"},{"nodeID":"1320090","text":"Emily Thornberry: The prime minister is more than prepared to look you in the eye and lie to you","type":"L","timestamp":"2023-11-09 13:23:46"},{"nodeID":"1320091","text":"Analysing","type":"YA","timestamp":"2023-11-09 13:23:46"},{"nodeID":"1320092","text":"Tuuli: Emily Thornberry: The prime minister is more than prepared to look you in the eye and lie to you","type":"L","timestamp":"2023-11-09 13:23:46"},{"nodeID":"1320093","text":"Asserting","type":"YA","timestamp":"2023-11-09 13:23:46"},{"nodeID":"1320094","text":"Default Transition","type":"TA","timestamp":"2023-11-09 13:23:46"},{"nodeID":"1320095","text":"Default Inference","type":"RA","timestamp":"2023-11-09 13:23:46"},{"nodeID":"1320096","text":"Arguing","type":"YA","timestamp":"2023-11-09 13:23:46"},{"nodeID":"1320097","text":"Emily Thornberry: lie to you again and again","type":"L","timestamp":"2023-11-09 13:23:46"},{"nodeID":"1320098","text":"Analysing","type":"YA","timestamp":"2023-11-09 13:23:46"},{"nodeID":"1320099","text":"Tuuli: Emily Thornberry: lie to you again and again","type":"L","timestamp":"2023-11-09 13:23:46"},{"nodeID":"1320100","text":"Asserting","type":"YA","timestamp":"2023-11-09 13:23:46"},{"nodeID":"1320101","text":"Default Transition","type":"TA","timestamp":"2023-11-09 13:23:46"},{"nodeID":"1320102","text":"Default Rephrase","type":"MA","timestamp":"2023-11-09 13:23:46"},{"nodeID":"1320103","text":"Restating","type":"YA","timestamp":"2023-11-09 13:23:46"},{"nodeID":"1320104","text":"Emily Thornberry: he says: I haven't broken the rules","type":"L","timestamp":"2023-11-09 13:23:47"},{"nodeID":"1320105","text":"Analysing","type":"YA","timestamp":"2023-11-09 13:23:47"},{"nodeID":"1320106","text":"Tuuli: Emily Thornberry: he says: I haven't broken the rules","type":"L","timestamp":"2023-11-09 13:23:47"},{"nodeID":"1320107","text":"Default Transition","type":"TA","timestamp":"2023-11-09 13:23:47"},{"nodeID":"1320108","text":"Boris Johnson: I haven't broken the rules","type":"L","timestamp":"2023-11-09 13:23:47"},{"nodeID":"1320109","text":"Analysing","type":"YA","timestamp":"2023-11-09 13:23:47"},{"nodeID":"1320110","text":"Tuuli: Boris Johnson: he says: I haven't broken the rules","type":"L","timestamp":"2023-11-09 13:23:47"},{"nodeID":"1320111","text":"Asserting","type":"YA","timestamp":"2023-11-09 13:23:47"},{"nodeID":"1320112","text":"Asserting","type":"YA","timestamp":"2023-11-09 13:23:47"},{"nodeID":"1320113","text":"Emily Thornberry: There wasn't a party","type":"L","timestamp":"2023-11-09 13:23:47"},{"nodeID":"1320114","text":"Analysing","type":"YA","timestamp":"2023-11-09 13:23:47"},{"nodeID":"1320115","text":"Tuuli: Emily Thornberry: There wasn't a party","type":"L","timestamp":"2023-11-09 13:23:47"},{"nodeID":"1320116","text":"Boris Johnson: There wasn't a party","type":"L","timestamp":"2023-11-09 13:23:47"},{"nodeID":"1320117","text":"Analysing","type":"YA","timestamp":"2023-11-09 13:23:47"},{"nodeID":"1320118","text":"Tuuli: Boris Johnson: There wasn't a party","type":"L","timestamp":"2023-11-09 13:23:47"},{"nodeID":"1320119","text":"Asserting","type":"YA","timestamp":"2023-11-09 13:23:47"},{"nodeID":"1320120","text":"Asserting","type":"YA","timestamp":"2023-11-09 13:23:47"},{"nodeID":"1320121","text":"Emily Thornberry: Then he says there wasn't a party","type":"L","timestamp":"2023-11-09 13:23:47"},{"nodeID":"1320122","text":"Analysing","type":"YA","timestamp":"2023-11-09 13:23:47"},{"nodeID":"1320123","text":"Tuuli: Emily Thornberry: Then he says there wasn't a party","type":"L","timestamp":"2023-11-09 13:23:47"},{"nodeID":"1320124","text":"Analysing","type":"YA","timestamp":"2023-11-09 13:23:47"},{"nodeID":"1320125","text":"Tuuli: Boris Johnson: Then he says there wasn't a party","type":"L","timestamp":"2023-11-09 13:23:47"},{"nodeID":"1320126","text":"Asserting","type":"YA","timestamp":"2023-11-09 13:23:47"},{"nodeID":"1320127","text":"Asserting","type":"YA","timestamp":"2023-11-09 13:23:47"},{"nodeID":"1320128","text":"Emily Thornberry: Then he says, well if there was a party nobody told me it was against the rules","type":"L","timestamp":"2023-11-09 13:23:48"},{"nodeID":"1320129","text":"Analysing","type":"YA","timestamp":"2023-11-09 13:23:48"},{"nodeID":"1320130","text":"Tuuli: Emily Thornberry: Then he says, well if there was a party nobody told me it was against the rules","type":"L","timestamp":"2023-11-09 13:23:48"},{"nodeID":"1320131","text":"Boris Johnson: well if there was a party nobody told me it was against the rules","type":"L","timestamp":"2023-11-09 13:23:48"},{"nodeID":"1320132","text":"Analysing","type":"YA","timestamp":"2023-11-09 13:23:48"},{"nodeID":"1320133","text":"Tuuli: Boris Johnson: Then he says, well if there was a party nobody told me it was against the rules","type":"L","timestamp":"2023-11-09 13:23:48"},{"nodeID":"1320134","text":"Asserting","type":"YA","timestamp":"2023-11-09 13:23:48"},{"nodeID":"1320135","text":"Asserting","type":"YA","timestamp":"2023-11-09 13:23:48"},{"nodeID":"1320136","text":"Default Inference","type":"RA","timestamp":"2023-11-09 13:23:48"},{"nodeID":"1320137","text":"Default Transition","type":"TA","timestamp":"2023-11-09 13:23:48"},{"nodeID":"1320138","text":"Default Transition","type":"TA","timestamp":"2023-11-09 13:23:48"},{"nodeID":"1320139","text":"Default Transition","type":"TA","timestamp":"2023-11-09 13:23:48"},{"nodeID":"1320140","text":"Arguing","type":"YA","timestamp":"2023-11-09 13:23:48"}],"edges":[{"edgeID":"1732546","fromID":"1320056","toID":"1320055","formEdgeID":null},{"edgeID":"1732547","fromID":"1320057","toID":"1320056","formEdgeID":null},{"edgeID":"1732548","fromID":"1320055","toID":"1320058","formEdgeID":null},{"edgeID":"1732549","fromID":"1320058","toID":"1145347","formEdgeID":null},{"edgeID":"1732550","fromID":"1320060","toID":"1320059","formEdgeID":null},{"edgeID":"1732551","fromID":"1320061","toID":"1320060","formEdgeID":null},{"edgeID":"1732552","fromID":"1320055","toID":"1320062","formEdgeID":null},{"edgeID":"1732553","fromID":"1320062","toID":"1320059","formEdgeID":null},{"edgeID":"1732554","fromID":"1320062","toID":"1320063","formEdgeID":null},{"edgeID":"1732555","fromID":"1320063","toID":"1145347","formEdgeID":null},{"edgeID":"1732556","fromID":"1320065","toID":"1320064","formEdgeID":null},{"edgeID":"1732557","fromID":"1320066","toID":"1320065","formEdgeID":null},{"edgeID":"1732558","fromID":"1320064","toID":"1320067","formEdgeID":null},{"edgeID":"1732559","fromID":"1320067","toID":"1145349","formEdgeID":null},{"edgeID":"1732560","fromID":"1320059","toID":"1320068","formEdgeID":null},{"edgeID":"1732561","fromID":"1320068","toID":"1320064","formEdgeID":null},{"edgeID":"1732562","fromID":"1320070","toID":"1320069","formEdgeID":null},{"edgeID":"1732563","fromID":"1320071","toID":"1320070","formEdgeID":null},{"edgeID":"1732564","fromID":"1320069","toID":"1320072","formEdgeID":null},{"edgeID":"1732565","fromID":"1320072","toID":"1145711","formEdgeID":null},{"edgeID":"1732566","fromID":"1320064","toID":"1320073","formEdgeID":null},{"edgeID":"1732567","fromID":"1320073","toID":"1320069","formEdgeID":null},{"edgeID":"1732568","fromID":"1145711","toID":"1320074","formEdgeID":null},{"edgeID":"1732569","fromID":"1320074","toID":"1145349","formEdgeID":null},{"edgeID":"1732570","fromID":"1320073","toID":"1320075","formEdgeID":null},{"edgeID":"1732571","fromID":"1320075","toID":"1320074","formEdgeID":null},{"edgeID":"1732572","fromID":"1320077","toID":"1320076","formEdgeID":null},{"edgeID":"1732573","fromID":"1320078","toID":"1320077","formEdgeID":null},{"edgeID":"1732574","fromID":"1320076","toID":"1320079","formEdgeID":null},{"edgeID":"1732575","fromID":"1320079","toID":"1145719","formEdgeID":null},{"edgeID":"1732576","fromID":"1320069","toID":"1320080","formEdgeID":null},{"edgeID":"1732577","fromID":"1320080","toID":"1320076","formEdgeID":null},{"edgeID":"1732578","fromID":"1145719","toID":"1320081","formEdgeID":null},{"edgeID":"1732579","fromID":"1320081","toID":"1145711","formEdgeID":null},{"edgeID":"1732580","fromID":"1320080","toID":"1320082","formEdgeID":null},{"edgeID":"1732581","fromID":"1320082","toID":"1320081","formEdgeID":null},{"edgeID":"1732582","fromID":"1320084","toID":"1320083","formEdgeID":null},{"edgeID":"1732583","fromID":"1320085","toID":"1320084","formEdgeID":null},{"edgeID":"1732584","fromID":"1320083","toID":"1320086","formEdgeID":null},{"edgeID":"1732585","fromID":"1320086","toID":"1145351","formEdgeID":null},{"edgeID":"1732586","fromID":"1320076","toID":"1320087","formEdgeID":null},{"edgeID":"1732587","fromID":"1320087","toID":"1320083","formEdgeID":null},{"edgeID":"1732588","fromID":"1145351","toID":"1320088","formEdgeID":null},{"edgeID":"1732589","fromID":"1320088","toID":"1145719","formEdgeID":null},{"edgeID":"1732590","fromID":"1320087","toID":"1320089","formEdgeID":null},{"edgeID":"1732591","fromID":"1320089","toID":"1320088","formEdgeID":null},{"edgeID":"1732592","fromID":"1320091","toID":"1320090","formEdgeID":null},{"edgeID":"1732593","fromID":"1320092","toID":"1320091","formEdgeID":null},{"edgeID":"1732594","fromID":"1320090","toID":"1320093","formEdgeID":null},{"edgeID":"1732595","fromID":"1320093","toID":"1145353","formEdgeID":null},{"edgeID":"1732596","fromID":"1320083","toID":"1320094","formEdgeID":null},{"edgeID":"1732597","fromID":"1320094","toID":"1320090","formEdgeID":null},{"edgeID":"1732598","fromID":"1145351","toID":"1320095","formEdgeID":null},{"edgeID":"1732599","fromID":"1320095","toID":"1145353","formEdgeID":null},{"edgeID":"1732600","fromID":"1320094","toID":"1320096","formEdgeID":null},{"edgeID":"1732601","fromID":"1320096","toID":"1320095","formEdgeID":null},{"edgeID":"1732602","fromID":"1320098","toID":"1320097","formEdgeID":null},{"edgeID":"1732603","fromID":"1320099","toID":"1320098","formEdgeID":null},{"edgeID":"1732604","fromID":"1320097","toID":"1320100","formEdgeID":null},{"edgeID":"1732605","fromID":"1320100","toID":"1145739","formEdgeID":null},{"edgeID":"1732606","fromID":"1320090","toID":"1320101","formEdgeID":null},{"edgeID":"1732607","fromID":"1320101","toID":"1320097","formEdgeID":null},{"edgeID":"1732608","fromID":"1145739","toID":"1320102","formEdgeID":null},{"edgeID":"1732609","fromID":"1320102","toID":"1145353","formEdgeID":null},{"edgeID":"1732610","fromID":"1320101","toID":"1320103","formEdgeID":null},{"edgeID":"1732611","fromID":"1320103","toID":"1320102","formEdgeID":null},{"edgeID":"1732612","fromID":"1320105","toID":"1320104","formEdgeID":null},{"edgeID":"1732613","fromID":"1320106","toID":"1320105","formEdgeID":null},{"edgeID":"1732614","fromID":"1320097","toID":"1320107","formEdgeID":null},{"edgeID":"1732615","fromID":"1320107","toID":"1320104","formEdgeID":null},{"edgeID":"1732616","fromID":"1320109","toID":"1320108","formEdgeID":null},{"edgeID":"1732617","fromID":"1320110","toID":"1320109","formEdgeID":null},{"edgeID":"1732618","fromID":"1320108","toID":"1320111","formEdgeID":null},{"edgeID":"1732619","fromID":"1320111","toID":"1145747","formEdgeID":null},{"edgeID":"1732620","fromID":"1320104","toID":"1320112","formEdgeID":null},{"edgeID":"1732621","fromID":"1320112","toID":"1320108","formEdgeID":null},{"edgeID":"1732622","fromID":"1320114","toID":"1320113","formEdgeID":null},{"edgeID":"1732623","fromID":"1320115","toID":"1320114","formEdgeID":null},{"edgeID":"1732624","fromID":"1320117","toID":"1320116","formEdgeID":null},{"edgeID":"1732625","fromID":"1320118","toID":"1320117","formEdgeID":null},{"edgeID":"1732626","fromID":"1320116","toID":"1320119","formEdgeID":null},{"edgeID":"1732627","fromID":"1320119","toID":"1145757","formEdgeID":null},{"edgeID":"1732628","fromID":"1320113","toID":"1320120","formEdgeID":null},{"edgeID":"1732629","fromID":"1320120","toID":"1320116","formEdgeID":null},{"edgeID":"1732630","fromID":"1320122","toID":"1320121","formEdgeID":null},{"edgeID":"1732631","fromID":"1320123","toID":"1320122","formEdgeID":null},{"edgeID":"1732632","fromID":"1320124","toID":"1320116","formEdgeID":null},{"edgeID":"1732633","fromID":"1320125","toID":"1320124","formEdgeID":null},{"edgeID":"1732634","fromID":"1320116","toID":"1320126","formEdgeID":null},{"edgeID":"1732635","fromID":"1320126","toID":"1145757","formEdgeID":null},{"edgeID":"1732636","fromID":"1320121","toID":"1320127","formEdgeID":null},{"edgeID":"1732637","fromID":"1320127","toID":"1320116","formEdgeID":null},{"edgeID":"1732638","fromID":"1320129","toID":"1320128","formEdgeID":null},{"edgeID":"1732639","fromID":"1320130","toID":"1320129","formEdgeID":null},{"edgeID":"1732640","fromID":"1320132","toID":"1320131","formEdgeID":null},{"edgeID":"1732641","fromID":"1320133","toID":"1320132","formEdgeID":null},{"edgeID":"1732642","fromID":"1320131","toID":"1320134","formEdgeID":null},{"edgeID":"1732643","fromID":"1320134","toID":"1145355","formEdgeID":null},{"edgeID":"1732644","fromID":"1320128","toID":"1320135","formEdgeID":null},{"edgeID":"1732645","fromID":"1320135","toID":"1320131","formEdgeID":null},{"edgeID":"1732646","fromID":"1145355","toID":"1320136","formEdgeID":null},{"edgeID":"1732647","fromID":"1320136","toID":"1145739","formEdgeID":null},{"edgeID":"1732648","fromID":"1145757","toID":"1320136","formEdgeID":null},{"edgeID":"1732649","fromID":"1145747","toID":"1320136","formEdgeID":null},{"edgeID":"1732650","fromID":"1320097","toID":"1320137","formEdgeID":null},{"edgeID":"1732651","fromID":"1320137","toID":"1320113","formEdgeID":null},{"edgeID":"1732652","fromID":"1320097","toID":"1320138","formEdgeID":null},{"edgeID":"1732653","fromID":"1320138","toID":"1320121","formEdgeID":null},{"edgeID":"1732654","fromID":"1320097","toID":"1320139","formEdgeID":null},{"edgeID":"1732655","fromID":"1320139","toID":"1320128","formEdgeID":null},{"edgeID":"1732656","fromID":"1320139","toID":"1320140","formEdgeID":null},{"edgeID":"1732657","fromID":"1320140","toID":"1320136","formEdgeID":null}],"locutions":[]}