{"nodes":[{"nodeID":"1145235","text":"Iain Anderson, Boris Johnson should or should not leave office","type":"I","timestamp":"2023-04-20 10:12:33"},{"nodeID":"1145240","text":"Boris Johnson's premiership has become a total political circus","type":"I","timestamp":"2023-04-20 10:12:36"},{"nodeID":"1145246","text":"the Scottish Conservatives are saying their prime minister should go","type":"I","timestamp":"2023-04-20 10:12:38"},{"nodeID":"1145254","text":"Ian Anderson is a business guy and saw an example where the chief executive of Credit Suisse resigned","type":"I","timestamp":"2023-04-20 10:12:40"},{"nodeID":"1145260","text":"the chief executive of Credit Suisse resigned after there had been an investigation","type":"I","timestamp":"2023-04-20 10:12:43"},{"nodeID":"1145268","text":"at the moment what we're dealing with, Fiona, is lots of headlines, lots of speeches, lots and lots of political froth","type":"I","timestamp":"2023-04-20 10:12:45"},{"nodeID":"1145273","text":"Sue Grey is doing this investigation","type":"I","timestamp":"2023-04-20 10:12:48"},{"nodeID":"1145279","text":"Sue Gray is looking at what happened","type":"I","timestamp":"2023-04-20 10:12:50"},{"nodeID":"1145288","text":"actually what we should be focusing on is climbing out of this passage, what we are going to do in terms of economy","type":"I","timestamp":"2023-04-20 10:12:52"},{"nodeID":"1145294","text":"you do or do not not think a decision on Boris Johnson's premiership should be taken before the report","type":"I","timestamp":"2023-04-20 10:12:55"},{"nodeID":"1145300","text":"Ian Anderson thinks the UK public need to calm it down","type":"I","timestamp":"2023-04-20 10:12:57"},{"nodeID":"1145306","text":"Ian Anderson thinks the UK public need to calm down and wait for what Sue Grey has to say","type":"I","timestamp":"2023-04-20 10:12:59"},{"nodeID":"1145314","text":"calm down and wait, find out if Sue Gray exonerates the prime minister","type":"I","timestamp":"2023-04-20 10:13:02"},{"nodeID":"1145322","text":"Ian Anderson thinks that clearly we have been misled, if there is evidence that Boris Johnson has not been transparent, then people have decisions to make, conservative MPs have decisions to make","type":"I","timestamp":"2023-04-20 10:13:05"},{"nodeID":"1145328","text":"Ian Anderson thinks we need to have due process and we need to wait to see what Sue Grey has to say","type":"I","timestamp":"2023-04-20 10:13:07"},{"nodeID":"1320414","text":"Analysing","type":"YA","timestamp":"2023-11-09 13:24:16"},{"nodeID":"1320415","text":"Fyfe: Fiona Bruce:  Iain. Should he go","type":"L","timestamp":"2023-11-09 13:24:16"},{"nodeID":"1320416","text":"Fiona Bruce: Iain. Should he go? When should he go","type":"L","timestamp":"2023-11-09 13:24:16"},{"nodeID":"1320417","text":"Analysing","type":"YA","timestamp":"2023-11-09 13:24:16"},{"nodeID":"1320418","text":"Fyfe: Fiona Bruce: Iain. Should he go? When should he go","type":"L","timestamp":"2023-11-09 13:24:16"},{"nodeID":"1320419","text":"Pure Questioning","type":"YA","timestamp":"2023-11-09 13:24:16"},{"nodeID":"1320420","text":"Iain Anderson: This has become you a total political circus","type":"L","timestamp":"2023-11-09 13:24:17"},{"nodeID":"1320421","text":"Analysing","type":"YA","timestamp":"2023-11-09 13:24:17"},{"nodeID":"1320422","text":"Fyfe: Iain Anderson: This has become you a total political circus","type":"L","timestamp":"2023-11-09 13:24:17"},{"nodeID":"1320423","text":"Asserting","type":"YA","timestamp":"2023-11-09 13:24:17"},{"nodeID":"1320424","text":"Default Transition","type":"TA","timestamp":"2023-11-09 13:24:17"},{"nodeID":"1320425","text":"Iain Anderson: the Scottish Conservatives are saying their prime minister should go","type":"L","timestamp":"2023-11-09 13:24:18"},{"nodeID":"1320426","text":"Analysing","type":"YA","timestamp":"2023-11-09 13:24:18"},{"nodeID":"1320427","text":"Fyfe: Iain Anderson: the Scottish Conservatives are saying their prime minister should go","type":"L","timestamp":"2023-11-09 13:24:18"},{"nodeID":"1320428","text":"Asserting","type":"YA","timestamp":"2023-11-09 13:24:18"},{"nodeID":"1320429","text":"Default Transition","type":"TA","timestamp":"2023-11-09 13:24:18"},{"nodeID":"1320430","text":"Default Inference","type":"RA","timestamp":"2023-11-09 13:24:18"},{"nodeID":"1320431","text":"Arguing","type":"YA","timestamp":"2023-11-09 13:24:18"},{"nodeID":"1320432","text":"Iain Anderson: I'm a business guy and we saw an example where the chief executive of Credit Suisse resigned","type":"L","timestamp":"2023-11-09 13:24:18"},{"nodeID":"1320433","text":"Analysing","type":"YA","timestamp":"2023-11-09 13:24:18"},{"nodeID":"1320434","text":"Fyfe: Iain Anderson: I'm a business guy and we saw an example where the chief executive of Credit Suisse resigned","type":"L","timestamp":"2023-11-09 13:24:18"},{"nodeID":"1320435","text":"Asserting","type":"YA","timestamp":"2023-11-09 13:24:18"},{"nodeID":"1320436","text":"Default Transition","type":"TA","timestamp":"2023-11-09 13:24:18"},{"nodeID":"1320437","text":"Iain Anderson: He resigned after there had been an investigation","type":"L","timestamp":"2023-11-09 13:24:19"},{"nodeID":"1320438","text":"Analysing","type":"YA","timestamp":"2023-11-09 13:24:19"},{"nodeID":"1320439","text":"Fyfe: Iain Anderson: He resigned after there had been an investigation","type":"L","timestamp":"2023-11-09 13:24:19"},{"nodeID":"1320440","text":"Asserting","type":"YA","timestamp":"2023-11-09 13:24:19"},{"nodeID":"1320441","text":"Default Transition","type":"TA","timestamp":"2023-11-09 13:24:19"},{"nodeID":"1320442","text":"Default Rephrase","type":"MA","timestamp":"2023-11-09 13:24:19"},{"nodeID":"1320443","text":"Restating","type":"YA","timestamp":"2023-11-09 13:24:19"},{"nodeID":"1320444","text":"Iain Anderson: At the moment what we're dealing with, Fiona, is lots of headlines, lots of speeches, lots and lots of political froth","type":"L","timestamp":"2023-11-09 13:24:19"},{"nodeID":"1320445","text":"Analysing","type":"YA","timestamp":"2023-11-09 13:24:19"},{"nodeID":"1320446","text":"Fyfe: Iain Anderson: At the moment what we're dealing with, Fiona, is lots of headlines, lots of speeches, lots and lots of political froth","type":"L","timestamp":"2023-11-09 13:24:19"},{"nodeID":"1320447","text":"Asserting","type":"YA","timestamp":"2023-11-09 13:24:19"},{"nodeID":"1320448","text":"Iain Anderson: Sue Grey is doing this investigation","type":"L","timestamp":"2023-11-09 13:24:20"},{"nodeID":"1320449","text":"Analysing","type":"YA","timestamp":"2023-11-09 13:24:20"},{"nodeID":"1320450","text":"Fyfe: Iain Anderson: Sue Grey is doing this investigation","type":"L","timestamp":"2023-11-09 13:24:20"},{"nodeID":"1320451","text":"Asserting","type":"YA","timestamp":"2023-11-09 13:24:20"},{"nodeID":"1320452","text":"Default Transition","type":"TA","timestamp":"2023-11-09 13:24:20"},{"nodeID":"1320453","text":"Iain Anderson: She's looking at what happened","type":"L","timestamp":"2023-11-09 13:24:20"},{"nodeID":"1320454","text":"Analysing","type":"YA","timestamp":"2023-11-09 13:24:20"},{"nodeID":"1320455","text":"Fyfe: Iain Anderson: She's looking at what happened","type":"L","timestamp":"2023-11-09 13:24:20"},{"nodeID":"1320456","text":"Asserting","type":"YA","timestamp":"2023-11-09 13:24:20"},{"nodeID":"1320457","text":"Default Transition","type":"TA","timestamp":"2023-11-09 13:24:20"},{"nodeID":"1320458","text":"Default Rephrase","type":"MA","timestamp":"2023-11-09 13:24:20"},{"nodeID":"1320459","text":"Restating","type":"YA","timestamp":"2023-11-09 13:24:20"},{"nodeID":"1320460","text":"Default Transition","type":"TA","timestamp":"2023-11-09 13:24:20"},{"nodeID":"1320461","text":"Iain Anderson: actually what we should be focusing on is climbing out of this passage, whether or not where are going to do in terms of economy","type":"L","timestamp":"2023-11-09 13:24:21"},{"nodeID":"1320462","text":"Analysing","type":"YA","timestamp":"2023-11-09 13:24:21"},{"nodeID":"1320463","text":"Fyfe: Iain Anderson: actually what we should be focusing on is climbing out of this passage, whether or not where are going to do in terms of economy","type":"L","timestamp":"2023-11-09 13:24:21"},{"nodeID":"1320464","text":"Asserting","type":"YA","timestamp":"2023-11-09 13:24:21"},{"nodeID":"1320465","text":"Default Transition","type":"TA","timestamp":"2023-11-09 13:24:21"},{"nodeID":"1320466","text":"Fiona Bruce: Do you think no decision should be taken before the report","type":"L","timestamp":"2023-11-09 13:24:22"},{"nodeID":"1320467","text":"Analysing","type":"YA","timestamp":"2023-11-09 13:24:22"},{"nodeID":"1320468","text":"Fyfe: Fiona Bruce: Do you think no decision should be taken before the report","type":"L","timestamp":"2023-11-09 13:24:22"},{"nodeID":"1320469","text":"Pure Questioning","type":"YA","timestamp":"2023-11-09 13:24:22"},{"nodeID":"1320470","text":"Default Transition","type":"TA","timestamp":"2023-11-09 13:24:22"},{"nodeID":"1320471","text":"Iain Anderson: I think we need to calm it down","type":"L","timestamp":"2023-11-09 13:24:22"},{"nodeID":"1320472","text":"Analysing","type":"YA","timestamp":"2023-11-09 13:24:22"},{"nodeID":"1320473","text":"Fyfe: Iain Anderson: I think we need to calm it down","type":"L","timestamp":"2023-11-09 13:24:22"},{"nodeID":"1320474","text":"Asserting","type":"YA","timestamp":"2023-11-09 13:24:22"},{"nodeID":"1320475","text":"Default Transition","type":"TA","timestamp":"2023-11-09 13:24:22"},{"nodeID":"1320476","text":"Iain Anderson: Wait for what Sue Grey mass to to say","type":"L","timestamp":"2023-11-09 13:24:23"},{"nodeID":"1320477","text":"Analysing","type":"YA","timestamp":"2023-11-09 13:24:23"},{"nodeID":"1320478","text":"Fyfe: Iain Anderson: Wait for what Sue Grey mass to to say","type":"L","timestamp":"2023-11-09 13:24:23"},{"nodeID":"1320479","text":"Asserting","type":"YA","timestamp":"2023-11-09 13:24:23"},{"nodeID":"1320480","text":"Default Transition","type":"TA","timestamp":"2023-11-09 13:24:23"},{"nodeID":"1320481","text":"Default Rephrase","type":"MA","timestamp":"2023-11-09 13:24:23"},{"nodeID":"1320482","text":"Restating","type":"YA","timestamp":"2023-11-09 13:24:23"},{"nodeID":"1320483","text":"Iain Anderson: If she exhibit number rates the prime minister","type":"L","timestamp":"2023-11-09 13:24:23"},{"nodeID":"1320484","text":"Analysing","type":"YA","timestamp":"2023-11-09 13:24:23"},{"nodeID":"1320485","text":"Fyfe: Iain Anderson: If she exhibit number rates the prime minister","type":"L","timestamp":"2023-11-09 13:24:23"},{"nodeID":"1320486","text":"Asserting","type":"YA","timestamp":"2023-11-09 13:24:23"},{"nodeID":"1320487","text":"Default Transition","type":"TA","timestamp":"2023-11-09 13:24:23"},{"nodeID":"1320488","text":"Default Rephrase","type":"MA","timestamp":"2023-11-09 13:24:23"},{"nodeID":"1320489","text":"Restating","type":"YA","timestamp":"2023-11-09 13:24:23"},{"nodeID":"1320490","text":"Iain Anderson:  I do think clearly didn't we have been misled, if there is evidence that has -- that has not been transparent, then people have decisions to make, conservative MPs have decisions to make","type":"L","timestamp":"2023-11-09 13:24:24"},{"nodeID":"1320491","text":"Analysing","type":"YA","timestamp":"2023-11-09 13:24:24"},{"nodeID":"1320492","text":"Fyfe: Iain Anderson:  I do think clearly didn't we have been misled, if there is evidence that has -- that has not been transparent, then people have decisions to make, conservative MPs have decisions to make","type":"L","timestamp":"2023-11-09 13:24:24"},{"nodeID":"1320493","text":"Asserting","type":"YA","timestamp":"2023-11-09 13:24:24"},{"nodeID":"1320494","text":"Default Transition","type":"TA","timestamp":"2023-11-09 13:24:24"},{"nodeID":"1320495","text":"Iain Anderson: I think we need to have due process leer and we need to wait to see what Sue Grey has to say","type":"L","timestamp":"2023-11-09 13:24:25"},{"nodeID":"1320496","text":"Analysing","type":"YA","timestamp":"2023-11-09 13:24:25"},{"nodeID":"1320497","text":"Fyfe: Iain Anderson: I think we need to have due process leer and we need to wait to see what Sue Grey has to say","type":"L","timestamp":"2023-11-09 13:24:25"},{"nodeID":"1320498","text":"Asserting","type":"YA","timestamp":"2023-11-09 13:24:25"},{"nodeID":"1320499","text":"Default Transition","type":"TA","timestamp":"2023-11-09 13:24:25"},{"nodeID":"1320500","text":"Default Rephrase","type":"MA","timestamp":"2023-11-09 13:24:25"},{"nodeID":"1320501","text":"Restating","type":"YA","timestamp":"2023-11-09 13:24:25"}],"edges":[{"edgeID":"1733022","fromID":"1320415","toID":"1320414","formEdgeID":null},{"edgeID":"1733023","fromID":"1320417","toID":"1320416","formEdgeID":null},{"edgeID":"1733024","fromID":"1320418","toID":"1320417","formEdgeID":null},{"edgeID":"1733025","fromID":"1320416","toID":"1320419","formEdgeID":null},{"edgeID":"1733026","fromID":"1320419","toID":"1145235","formEdgeID":null},{"edgeID":"1733027","fromID":"1320421","toID":"1320420","formEdgeID":null},{"edgeID":"1733028","fromID":"1320422","toID":"1320421","formEdgeID":null},{"edgeID":"1733029","fromID":"1320420","toID":"1320423","formEdgeID":null},{"edgeID":"1733030","fromID":"1320423","toID":"1145240","formEdgeID":null},{"edgeID":"1733031","fromID":"1320416","toID":"1320424","formEdgeID":null},{"edgeID":"1733032","fromID":"1320424","toID":"1320420","formEdgeID":null},{"edgeID":"1733033","fromID":"1320426","toID":"1320425","formEdgeID":null},{"edgeID":"1733034","fromID":"1320427","toID":"1320426","formEdgeID":null},{"edgeID":"1733035","fromID":"1320425","toID":"1320428","formEdgeID":null},{"edgeID":"1733036","fromID":"1320428","toID":"1145246","formEdgeID":null},{"edgeID":"1733037","fromID":"1320420","toID":"1320429","formEdgeID":null},{"edgeID":"1733038","fromID":"1320429","toID":"1320425","formEdgeID":null},{"edgeID":"1733039","fromID":"1145246","toID":"1320430","formEdgeID":null},{"edgeID":"1733040","fromID":"1320430","toID":"1145240","formEdgeID":null},{"edgeID":"1733041","fromID":"1320429","toID":"1320431","formEdgeID":null},{"edgeID":"1733042","fromID":"1320431","toID":"1320430","formEdgeID":null},{"edgeID":"1733043","fromID":"1320433","toID":"1320432","formEdgeID":null},{"edgeID":"1733044","fromID":"1320434","toID":"1320433","formEdgeID":null},{"edgeID":"1733045","fromID":"1320432","toID":"1320435","formEdgeID":null},{"edgeID":"1733046","fromID":"1320435","toID":"1145254","formEdgeID":null},{"edgeID":"1733047","fromID":"1320425","toID":"1320436","formEdgeID":null},{"edgeID":"1733048","fromID":"1320436","toID":"1320432","formEdgeID":null},{"edgeID":"1733049","fromID":"1320438","toID":"1320437","formEdgeID":null},{"edgeID":"1733050","fromID":"1320439","toID":"1320438","formEdgeID":null},{"edgeID":"1733051","fromID":"1320437","toID":"1320440","formEdgeID":null},{"edgeID":"1733052","fromID":"1320440","toID":"1145260","formEdgeID":null},{"edgeID":"1733053","fromID":"1320432","toID":"1320441","formEdgeID":null},{"edgeID":"1733054","fromID":"1320441","toID":"1320437","formEdgeID":null},{"edgeID":"1733055","fromID":"1145260","toID":"1320442","formEdgeID":null},{"edgeID":"1733056","fromID":"1320442","toID":"1145254","formEdgeID":null},{"edgeID":"1733057","fromID":"1320441","toID":"1320443","formEdgeID":null},{"edgeID":"1733058","fromID":"1320443","toID":"1320442","formEdgeID":null},{"edgeID":"1733059","fromID":"1320445","toID":"1320444","formEdgeID":null},{"edgeID":"1733060","fromID":"1320446","toID":"1320445","formEdgeID":null},{"edgeID":"1733061","fromID":"1320444","toID":"1320447","formEdgeID":null},{"edgeID":"1733062","fromID":"1320447","toID":"1145268","formEdgeID":null},{"edgeID":"1733063","fromID":"1320449","toID":"1320448","formEdgeID":null},{"edgeID":"1733064","fromID":"1320450","toID":"1320449","formEdgeID":null},{"edgeID":"1733065","fromID":"1320448","toID":"1320451","formEdgeID":null},{"edgeID":"1733066","fromID":"1320451","toID":"1145273","formEdgeID":null},{"edgeID":"1733067","fromID":"1320437","toID":"1320452","formEdgeID":null},{"edgeID":"1733068","fromID":"1320452","toID":"1320448","formEdgeID":null},{"edgeID":"1733069","fromID":"1320454","toID":"1320453","formEdgeID":null},{"edgeID":"1733070","fromID":"1320455","toID":"1320454","formEdgeID":null},{"edgeID":"1733071","fromID":"1320453","toID":"1320456","formEdgeID":null},{"edgeID":"1733072","fromID":"1320456","toID":"1145279","formEdgeID":null},{"edgeID":"1733073","fromID":"1320448","toID":"1320457","formEdgeID":null},{"edgeID":"1733074","fromID":"1320457","toID":"1320453","formEdgeID":null},{"edgeID":"1733075","fromID":"1145279","toID":"1320458","formEdgeID":null},{"edgeID":"1733076","fromID":"1320458","toID":"1145273","formEdgeID":null},{"edgeID":"1733077","fromID":"1320457","toID":"1320459","formEdgeID":null},{"edgeID":"1733078","fromID":"1320459","toID":"1320458","formEdgeID":null},{"edgeID":"1733079","fromID":"1320453","toID":"1320460","formEdgeID":null},{"edgeID":"1733080","fromID":"1320460","toID":"1320444","formEdgeID":null},{"edgeID":"1733081","fromID":"1320462","toID":"1320461","formEdgeID":null},{"edgeID":"1733082","fromID":"1320463","toID":"1320462","formEdgeID":null},{"edgeID":"1733083","fromID":"1320461","toID":"1320464","formEdgeID":null},{"edgeID":"1733084","fromID":"1320464","toID":"1145288","formEdgeID":null},{"edgeID":"1733085","fromID":"1320444","toID":"1320465","formEdgeID":null},{"edgeID":"1733086","fromID":"1320465","toID":"1320461","formEdgeID":null},{"edgeID":"1733087","fromID":"1320467","toID":"1320466","formEdgeID":null},{"edgeID":"1733088","fromID":"1320468","toID":"1320467","formEdgeID":null},{"edgeID":"1733089","fromID":"1320466","toID":"1320469","formEdgeID":null},{"edgeID":"1733090","fromID":"1320469","toID":"1145294","formEdgeID":null},{"edgeID":"1733091","fromID":"1320461","toID":"1320470","formEdgeID":null},{"edgeID":"1733092","fromID":"1320470","toID":"1320466","formEdgeID":null},{"edgeID":"1733093","fromID":"1320472","toID":"1320471","formEdgeID":null},{"edgeID":"1733094","fromID":"1320473","toID":"1320472","formEdgeID":null},{"edgeID":"1733095","fromID":"1320471","toID":"1320474","formEdgeID":null},{"edgeID":"1733096","fromID":"1320474","toID":"1145300","formEdgeID":null},{"edgeID":"1733097","fromID":"1320466","toID":"1320475","formEdgeID":null},{"edgeID":"1733098","fromID":"1320475","toID":"1320471","formEdgeID":null},{"edgeID":"1733099","fromID":"1320477","toID":"1320476","formEdgeID":null},{"edgeID":"1733100","fromID":"1320478","toID":"1320477","formEdgeID":null},{"edgeID":"1733101","fromID":"1320476","toID":"1320479","formEdgeID":null},{"edgeID":"1733102","fromID":"1320479","toID":"1145306","formEdgeID":null},{"edgeID":"1733103","fromID":"1320471","toID":"1320480","formEdgeID":null},{"edgeID":"1733104","fromID":"1320480","toID":"1320476","formEdgeID":null},{"edgeID":"1733105","fromID":"1145306","toID":"1320481","formEdgeID":null},{"edgeID":"1733106","fromID":"1320481","toID":"1145300","formEdgeID":null},{"edgeID":"1733107","fromID":"1320480","toID":"1320482","formEdgeID":null},{"edgeID":"1733108","fromID":"1320482","toID":"1320481","formEdgeID":null},{"edgeID":"1733109","fromID":"1320484","toID":"1320483","formEdgeID":null},{"edgeID":"1733110","fromID":"1320485","toID":"1320484","formEdgeID":null},{"edgeID":"1733111","fromID":"1320483","toID":"1320486","formEdgeID":null},{"edgeID":"1733112","fromID":"1320486","toID":"1145314","formEdgeID":null},{"edgeID":"1733113","fromID":"1320476","toID":"1320487","formEdgeID":null},{"edgeID":"1733114","fromID":"1320487","toID":"1320483","formEdgeID":null},{"edgeID":"1733115","fromID":"1145314","toID":"1320488","formEdgeID":null},{"edgeID":"1733116","fromID":"1320488","toID":"1145300","formEdgeID":null},{"edgeID":"1733117","fromID":"1320487","toID":"1320489","formEdgeID":null},{"edgeID":"1733118","fromID":"1320489","toID":"1320488","formEdgeID":null},{"edgeID":"1733119","fromID":"1320491","toID":"1320490","formEdgeID":null},{"edgeID":"1733120","fromID":"1320492","toID":"1320491","formEdgeID":null},{"edgeID":"1733121","fromID":"1320490","toID":"1320493","formEdgeID":null},{"edgeID":"1733122","fromID":"1320493","toID":"1145322","formEdgeID":null},{"edgeID":"1733123","fromID":"1320483","toID":"1320494","formEdgeID":null},{"edgeID":"1733124","fromID":"1320494","toID":"1320490","formEdgeID":null},{"edgeID":"1733125","fromID":"1320496","toID":"1320495","formEdgeID":null},{"edgeID":"1733126","fromID":"1320497","toID":"1320496","formEdgeID":null},{"edgeID":"1733127","fromID":"1320495","toID":"1320498","formEdgeID":null},{"edgeID":"1733128","fromID":"1320498","toID":"1145328","formEdgeID":null},{"edgeID":"1733129","fromID":"1320490","toID":"1320499","formEdgeID":null},{"edgeID":"1733130","fromID":"1320499","toID":"1320495","formEdgeID":null},{"edgeID":"1733131","fromID":"1145328","toID":"1320500","formEdgeID":null},{"edgeID":"1733132","fromID":"1320500","toID":"1145300","formEdgeID":null},{"edgeID":"1733133","fromID":"1320499","toID":"1320501","formEdgeID":null},{"edgeID":"1733134","fromID":"1320501","toID":"1320500","formEdgeID":null}],"locutions":[]}