{"nodes":[{"nodeID":"1322837","text":"AudienceMember 20220707QT31 is really, really concerned with increase in rail prices due to happen in March","type":"I","timestamp":"2023-11-09 13:27:48"},{"nodeID":"1322838","text":"AudienceMember 20220707QT31: I'm really, really concerned with increase in rail prices due to happen in March","type":"L","timestamp":"2023-11-09 13:27:48"},{"nodeID":"1322839","text":"Analysing","type":"YA","timestamp":"2023-11-09 13:27:48"},{"nodeID":"1322840","text":"Zofia: AudienceMember 20220707QT31: I'm really, really concerned with increase in rail prices due to happen in March","type":"L","timestamp":"2023-11-09 13:27:48"},{"nodeID":"1322841","text":"Asserting","type":"YA","timestamp":"2023-11-09 13:27:48"},{"nodeID":"1322842","text":"rail prices are criminal in the UK","type":"I","timestamp":"2023-11-09 13:27:48"},{"nodeID":"1322843","text":"AudienceMember 20220707QT31: rail prices are criminal in the UK","type":"L","timestamp":"2023-11-09 13:27:48"},{"nodeID":"1322844","text":"Analysing","type":"YA","timestamp":"2023-11-09 13:27:48"},{"nodeID":"1322845","text":"Zofia: AudienceMember 20220707QT31: rail prices are criminal in the UK","type":"L","timestamp":"2023-11-09 13:27:48"},{"nodeID":"1322846","text":"Asserting","type":"YA","timestamp":"2023-11-09 13:27:48"},{"nodeID":"1322847","text":"Default Transition","type":"TA","timestamp":"2023-11-09 13:27:48"},{"nodeID":"1322848","text":"the fact that the most sustainable mode of transport is also the most expensive doesn't make any sense","type":"I","timestamp":"2023-11-09 13:27:49"},{"nodeID":"1322849","text":"AudienceMember 20220707QT31: the fact that the most sustainable mode of transport is also the most expensive doesn't make any sense","type":"L","timestamp":"2023-11-09 13:27:49"},{"nodeID":"1322850","text":"Analysing","type":"YA","timestamp":"2023-11-09 13:27:49"},{"nodeID":"1322851","text":"Zofia: AudienceMember 20220707QT31: the fact that the most sustainable mode of transport is also the most expensive doesn't make any sense","type":"L","timestamp":"2023-11-09 13:27:49"},{"nodeID":"1322852","text":"Asserting","type":"YA","timestamp":"2023-11-09 13:27:49"},{"nodeID":"1322853","text":"Default Transition","type":"TA","timestamp":"2023-11-09 13:27:49"},{"nodeID":"1322854","text":"Default Rephrase","type":"MA","timestamp":"2023-11-09 13:27:49"},{"nodeID":"1322855","text":"Restating","type":"YA","timestamp":"2023-11-09 13:27:49"},{"nodeID":"1322856","text":"AudienceMember 20220707QT31 loves trains","type":"I","timestamp":"2023-11-09 13:27:49"},{"nodeID":"1322857","text":"AudienceMember 20220707QT31: I love trains","type":"L","timestamp":"2023-11-09 13:27:49"},{"nodeID":"1322858","text":"Analysing","type":"YA","timestamp":"2023-11-09 13:27:49"},{"nodeID":"1322859","text":"Zofia: AudienceMember 20220707QT31: I love trains","type":"L","timestamp":"2023-11-09 13:27:49"},{"nodeID":"1322860","text":"Asserting","type":"YA","timestamp":"2023-11-09 13:27:49"},{"nodeID":"1322861","text":"AudienceMember 20220707QT31 will always choose to take the trains over flying","type":"I","timestamp":"2023-11-09 13:27:50"},{"nodeID":"1322862","text":"AudienceMember 20220707QT31: I'll always choose to take the trains over flying","type":"L","timestamp":"2023-11-09 13:27:50"},{"nodeID":"1322863","text":"Analysing","type":"YA","timestamp":"2023-11-09 13:27:50"},{"nodeID":"1322864","text":"Zofia: AudienceMember 20220707QT31: I'll always choose to take the trains over flying","type":"L","timestamp":"2023-11-09 13:27:50"},{"nodeID":"1322865","text":"Asserting","type":"YA","timestamp":"2023-11-09 13:27:50"},{"nodeID":"1322866","text":"Default Transition","type":"TA","timestamp":"2023-11-09 13:27:50"},{"nodeID":"1322867","text":"AudienceMember 20220707QT31 can't blame anyone for taking the cheaper route when it costs a fraction of the price at the expense of the environment","type":"I","timestamp":"2023-11-09 13:27:51"},{"nodeID":"1322868","text":"AudienceMember 20220707QT31: I can't blame anyone for taking the cheaper route when it costs a fraction of the price at the expense of the environment","type":"L","timestamp":"2023-11-09 13:27:51"},{"nodeID":"1322869","text":"Analysing","type":"YA","timestamp":"2023-11-09 13:27:51"},{"nodeID":"1322870","text":"Zofia: AudienceMember 20220707QT31: I can't blame anyone for taking the cheaper route when it costs a fraction of the price at the expense of the environment","type":"L","timestamp":"2023-11-09 13:27:51"},{"nodeID":"1322871","text":"Asserting","type":"YA","timestamp":"2023-11-09 13:27:51"},{"nodeID":"1322872","text":"Default Transition","type":"TA","timestamp":"2023-11-09 13:27:51"},{"nodeID":"1322873","text":"like everyone else AudienceMember 20220707QT32 has seen the projected costs in energy bills","type":"I","timestamp":"2023-11-09 13:27:51"},{"nodeID":"1322874","text":"AudienceMember 20220707QT32: like everyone else I have seen the projected costs in engineer bills","type":"L","timestamp":"2023-11-09 13:27:51"},{"nodeID":"1322875","text":"Analysing","type":"YA","timestamp":"2023-11-09 13:27:51"},{"nodeID":"1322876","text":"Zofia: AudienceMember 20220707QT32: like everyone else I have seen the projected costs in engineer bills","type":"L","timestamp":"2023-11-09 13:27:51"},{"nodeID":"1322877","text":"Asserting","type":"YA","timestamp":"2023-11-09 13:27:51"},{"nodeID":"1322878","text":"Default Transition","type":"TA","timestamp":"2023-11-09 13:27:51"},{"nodeID":"1322879","text":"the projected costs in energy bills are pretty horrific","type":"I","timestamp":"2023-11-09 13:27:52"},{"nodeID":"1322880","text":"AudienceMember 20220707QT32: it is pretty horrific","type":"L","timestamp":"2023-11-09 13:27:52"},{"nodeID":"1322881","text":"Analysing","type":"YA","timestamp":"2023-11-09 13:27:52"},{"nodeID":"1322882","text":"Zofia: AudienceMember 20220707QT32: it is pretty horrific","type":"L","timestamp":"2023-11-09 13:27:52"},{"nodeID":"1322883","text":"Asserting","type":"YA","timestamp":"2023-11-09 13:27:52"},{"nodeID":"1322884","text":"Default Transition","type":"TA","timestamp":"2023-11-09 13:27:52"},{"nodeID":"1322885","text":"Default Rephrase","type":"MA","timestamp":"2023-11-09 13:27:52"},{"nodeID":"1322886","text":"Restating","type":"YA","timestamp":"2023-11-09 13:27:52"},{"nodeID":"1322887","text":"the rising prices are or aren't a short-term thing which will pass when COVID, Brexit, tensions with Russia and Eastern Europe end","type":"I","timestamp":"2023-11-09 13:27:52"},{"nodeID":"1322888","text":"AudienceMember 20220707QT32: is this a short sharp Joel or in this hopefully post-COVID, post-Brexit, tensions with Russia and Eastern Europe","type":"L","timestamp":"2023-11-09 13:27:52"},{"nodeID":"1322889","text":"Analysing","type":"YA","timestamp":"2023-11-09 13:27:52"},{"nodeID":"1322890","text":"Zofia: AudienceMember 20220707QT32: is this a short sharp Joel or in this hopefully post-COVID, post-Brexit, tensions with Russia and Eastern Europe","type":"L","timestamp":"2023-11-09 13:27:52"},{"nodeID":"1322891","text":"Pure Questioning","type":"YA","timestamp":"2023-11-09 13:27:52"},{"nodeID":"1322892","text":"the rising prices are or aren't going to be the new normal","type":"I","timestamp":"2023-11-09 13:27:53"},{"nodeID":"1322893","text":"AudienceMember 20220707QT32: is this going to be the new normal","type":"L","timestamp":"2023-11-09 13:27:53"},{"nodeID":"1322894","text":"Analysing","type":"YA","timestamp":"2023-11-09 13:27:53"},{"nodeID":"1322895","text":"Zofia: AudienceMember 20220707QT32: is this going to be the new normal","type":"L","timestamp":"2023-11-09 13:27:53"},{"nodeID":"1322896","text":"Asserting","type":"YA","timestamp":"2023-11-09 13:27:53"},{"nodeID":"1322897","text":"Default Transition","type":"TA","timestamp":"2023-11-09 13:27:53"},{"nodeID":"1322898","text":"Default Transition","type":"TA","timestamp":"2023-11-09 13:27:53"},{"nodeID":"1322899","text":"Default Rephrase","type":"MA","timestamp":"2023-11-09 13:27:53"},{"nodeID":"1322900","text":"Restating","type":"YA","timestamp":"2023-11-09 13:27:53"},{"nodeID":"1322901","text":"Default Rephrase","type":"MA","timestamp":"2023-11-09 13:27:53"},{"nodeID":"1322902","text":"Restating","type":"YA","timestamp":"2023-11-09 13:27:53"},{"nodeID":"1322903","text":"AudienceMember 20220707QT31 regularly takes a 5-hour long train to get to university","type":"I","timestamp":"2023-11-09 13:27:54"},{"nodeID":"1322904","text":"AudienceMember 20220707QT31: As someone who regularly takes a 5-hour long train to get to university","type":"L","timestamp":"2023-11-09 13:27:54"},{"nodeID":"1322905","text":"Analysing","type":"YA","timestamp":"2023-11-09 13:27:54"},{"nodeID":"1322906","text":"Zofia: AudienceMember 20220707QT31: As someone who regularly takes a 5-hour long train to get to university","type":"L","timestamp":"2023-11-09 13:27:54"},{"nodeID":"1322907","text":"Asserting","type":"YA","timestamp":"2023-11-09 13:27:54"},{"nodeID":"1322908","text":"Default Transition","type":"TA","timestamp":"2023-11-09 13:27:54"},{"nodeID":"1322909","text":"AudienceMember 20220707QT31 feels like she is spending a small fortune on trains every month","type":"I","timestamp":"2023-11-09 13:27:54"},{"nodeID":"1322910","text":"AudienceMember 20220707QT31: I feel like I'm spending a small fortune on trains every month","type":"L","timestamp":"2023-11-09 13:27:54"},{"nodeID":"1322911","text":"Analysing","type":"YA","timestamp":"2023-11-09 13:27:54"},{"nodeID":"1322912","text":"Zofia: AudienceMember 20220707QT31: I feel like I'm spending a small fortune on trains every month","type":"L","timestamp":"2023-11-09 13:27:54"},{"nodeID":"1322913","text":"Asserting","type":"YA","timestamp":"2023-11-09 13:27:54"},{"nodeID":"1322914","text":"Default Inference","type":"RA","timestamp":"2023-11-09 13:27:54"},{"nodeID":"1322915","text":"Default Transition","type":"TA","timestamp":"2023-11-09 13:27:54"},{"nodeID":"1322916","text":"Default Transition","type":"TA","timestamp":"2023-11-09 13:27:54"},{"nodeID":"1322917","text":"Arguing","type":"YA","timestamp":"2023-11-09 13:27:54"}],"edges":[{"edgeID":"1735973","fromID":"1322839","toID":"1322838","formEdgeID":null},{"edgeID":"1735974","fromID":"1322840","toID":"1322839","formEdgeID":null},{"edgeID":"1735975","fromID":"1322838","toID":"1322841","formEdgeID":null},{"edgeID":"1735976","fromID":"1322841","toID":"1322837","formEdgeID":null},{"edgeID":"1735977","fromID":"1322844","toID":"1322843","formEdgeID":null},{"edgeID":"1735978","fromID":"1322845","toID":"1322844","formEdgeID":null},{"edgeID":"1735979","fromID":"1322843","toID":"1322846","formEdgeID":null},{"edgeID":"1735980","fromID":"1322846","toID":"1322842","formEdgeID":null},{"edgeID":"1735981","fromID":"1322838","toID":"1322847","formEdgeID":null},{"edgeID":"1735982","fromID":"1322847","toID":"1322843","formEdgeID":null},{"edgeID":"1735983","fromID":"1322850","toID":"1322849","formEdgeID":null},{"edgeID":"1735984","fromID":"1322851","toID":"1322850","formEdgeID":null},{"edgeID":"1735985","fromID":"1322849","toID":"1322852","formEdgeID":null},{"edgeID":"1735986","fromID":"1322852","toID":"1322848","formEdgeID":null},{"edgeID":"1735987","fromID":"1322843","toID":"1322853","formEdgeID":null},{"edgeID":"1735988","fromID":"1322853","toID":"1322849","formEdgeID":null},{"edgeID":"1735989","fromID":"1322848","toID":"1322854","formEdgeID":null},{"edgeID":"1735990","fromID":"1322854","toID":"1322842","formEdgeID":null},{"edgeID":"1735991","fromID":"1322853","toID":"1322855","formEdgeID":null},{"edgeID":"1735992","fromID":"1322855","toID":"1322854","formEdgeID":null},{"edgeID":"1735993","fromID":"1322858","toID":"1322857","formEdgeID":null},{"edgeID":"1735994","fromID":"1322859","toID":"1322858","formEdgeID":null},{"edgeID":"1735995","fromID":"1322857","toID":"1322860","formEdgeID":null},{"edgeID":"1735996","fromID":"1322860","toID":"1322856","formEdgeID":null},{"edgeID":"1735997","fromID":"1322863","toID":"1322862","formEdgeID":null},{"edgeID":"1735998","fromID":"1322864","toID":"1322863","formEdgeID":null},{"edgeID":"1735999","fromID":"1322862","toID":"1322865","formEdgeID":null},{"edgeID":"1736000","fromID":"1322865","toID":"1322861","formEdgeID":null},{"edgeID":"1736001","fromID":"1322857","toID":"1322866","formEdgeID":null},{"edgeID":"1736002","fromID":"1322866","toID":"1322862","formEdgeID":null},{"edgeID":"1736003","fromID":"1322869","toID":"1322868","formEdgeID":null},{"edgeID":"1736004","fromID":"1322870","toID":"1322869","formEdgeID":null},{"edgeID":"1736005","fromID":"1322868","toID":"1322871","formEdgeID":null},{"edgeID":"1736006","fromID":"1322871","toID":"1322867","formEdgeID":null},{"edgeID":"1736007","fromID":"1322862","toID":"1322872","formEdgeID":null},{"edgeID":"1736008","fromID":"1322872","toID":"1322868","formEdgeID":null},{"edgeID":"1736009","fromID":"1322875","toID":"1322874","formEdgeID":null},{"edgeID":"1736010","fromID":"1322876","toID":"1322875","formEdgeID":null},{"edgeID":"1736011","fromID":"1322874","toID":"1322877","formEdgeID":null},{"edgeID":"1736012","fromID":"1322877","toID":"1322873","formEdgeID":null},{"edgeID":"1736013","fromID":"1322868","toID":"1322878","formEdgeID":null},{"edgeID":"1736014","fromID":"1322878","toID":"1322874","formEdgeID":null},{"edgeID":"1736015","fromID":"1322881","toID":"1322880","formEdgeID":null},{"edgeID":"1736016","fromID":"1322882","toID":"1322881","formEdgeID":null},{"edgeID":"1736017","fromID":"1322880","toID":"1322883","formEdgeID":null},{"edgeID":"1736018","fromID":"1322883","toID":"1322879","formEdgeID":null},{"edgeID":"1736019","fromID":"1322874","toID":"1322884","formEdgeID":null},{"edgeID":"1736020","fromID":"1322884","toID":"1322880","formEdgeID":null},{"edgeID":"1736021","fromID":"1322879","toID":"1322885","formEdgeID":null},{"edgeID":"1736022","fromID":"1322885","toID":"1322873","formEdgeID":null},{"edgeID":"1736023","fromID":"1322884","toID":"1322886","formEdgeID":null},{"edgeID":"1736024","fromID":"1322886","toID":"1322885","formEdgeID":null},{"edgeID":"1736025","fromID":"1322889","toID":"1322888","formEdgeID":null},{"edgeID":"1736026","fromID":"1322890","toID":"1322889","formEdgeID":null},{"edgeID":"1736027","fromID":"1322888","toID":"1322891","formEdgeID":null},{"edgeID":"1736028","fromID":"1322891","toID":"1322887","formEdgeID":null},{"edgeID":"1736029","fromID":"1322894","toID":"1322893","formEdgeID":null},{"edgeID":"1736030","fromID":"1322895","toID":"1322894","formEdgeID":null},{"edgeID":"1736031","fromID":"1322893","toID":"1322896","formEdgeID":null},{"edgeID":"1736032","fromID":"1322896","toID":"1322892","formEdgeID":null},{"edgeID":"1736033","fromID":"1322888","toID":"1322897","formEdgeID":null},{"edgeID":"1736034","fromID":"1322897","toID":"1322893","formEdgeID":null},{"edgeID":"1736035","fromID":"1322880","toID":"1322898","formEdgeID":null},{"edgeID":"1736036","fromID":"1322898","toID":"1322888","formEdgeID":null},{"edgeID":"1736037","fromID":"1322892","toID":"1322899","formEdgeID":null},{"edgeID":"1736038","fromID":"1322899","toID":"1322887","formEdgeID":null},{"edgeID":"1736039","fromID":"1322897","toID":"1322900","formEdgeID":null},{"edgeID":"1736040","fromID":"1322900","toID":"1322899","formEdgeID":null},{"edgeID":"1736041","fromID":"1322842","toID":"1322901","formEdgeID":null},{"edgeID":"1736042","fromID":"1322901","toID":"1322837","formEdgeID":null},{"edgeID":"1736043","fromID":"1322847","toID":"1322902","formEdgeID":null},{"edgeID":"1736044","fromID":"1322902","toID":"1322901","formEdgeID":null},{"edgeID":"1736045","fromID":"1322905","toID":"1322904","formEdgeID":null},{"edgeID":"1736046","fromID":"1322906","toID":"1322905","formEdgeID":null},{"edgeID":"1736047","fromID":"1322904","toID":"1322907","formEdgeID":null},{"edgeID":"1736048","fromID":"1322907","toID":"1322903","formEdgeID":null},{"edgeID":"1736049","fromID":"1322849","toID":"1322908","formEdgeID":null},{"edgeID":"1736050","fromID":"1322908","toID":"1322904","formEdgeID":null},{"edgeID":"1736051","fromID":"1322911","toID":"1322910","formEdgeID":null},{"edgeID":"1736052","fromID":"1322912","toID":"1322911","formEdgeID":null},{"edgeID":"1736053","fromID":"1322910","toID":"1322913","formEdgeID":null},{"edgeID":"1736054","fromID":"1322913","toID":"1322909","formEdgeID":null},{"edgeID":"1736055","fromID":"1322842","toID":"1322914","formEdgeID":null},{"edgeID":"1736056","fromID":"1322914","toID":"1322909","formEdgeID":null},{"edgeID":"1736057","fromID":"1322903","toID":"1322914","formEdgeID":null},{"edgeID":"1736058","fromID":"1322843","toID":"1322915","formEdgeID":null},{"edgeID":"1736059","fromID":"1322915","toID":"1322904","formEdgeID":null},{"edgeID":"1736060","fromID":"1322904","toID":"1322916","formEdgeID":null},{"edgeID":"1736061","fromID":"1322916","toID":"1322910","formEdgeID":null},{"edgeID":"1736062","fromID":"1322916","toID":"1322917","formEdgeID":null},{"edgeID":"1736063","fromID":"1322917","toID":"1322914","formEdgeID":null}],"locutions":[]}