{"nodes":[{"nodeID":"1322584","text":"we talked about energy bills","type":"I","timestamp":"2023-11-09 13:27:27"},{"nodeID":"1322585","text":"AudienceMember 20220707QT29: We talked about engineer","type":"L","timestamp":"2023-11-09 13:27:27"},{"nodeID":"1322586","text":"Analysing","type":"YA","timestamp":"2023-11-09 13:27:27"},{"nodeID":"1322587","text":"Zlata: AudienceMember 20220707QT29: We talked about engineer","type":"L","timestamp":"2023-11-09 13:27:27"},{"nodeID":"1322588","text":"Asserting","type":"YA","timestamp":"2023-11-09 13:27:27"},{"nodeID":"1322589","text":"we are talking about the cost of living","type":"I","timestamp":"2023-11-09 13:27:28"},{"nodeID":"1322590","text":"AudienceMember 20220707QT29: we are talking about the cost of living","type":"L","timestamp":"2023-11-09 13:27:28"},{"nodeID":"1322591","text":"Analysing","type":"YA","timestamp":"2023-11-09 13:27:28"},{"nodeID":"1322592","text":"Zlata: AudienceMember 20220707QT29: we are talking about the cost of living","type":"L","timestamp":"2023-11-09 13:27:28"},{"nodeID":"1322593","text":"Asserting","type":"YA","timestamp":"2023-11-09 13:27:28"},{"nodeID":"1322594","text":"Default Transition","type":"TA","timestamp":"2023-11-09 13:27:28"},{"nodeID":"1322595","text":"mismanagement of taxpayers' money is appalling","type":"I","timestamp":"2023-11-09 13:27:28"},{"nodeID":"1322596","text":"AudienceMember 20220707QT29: appalling is the mismanagement of taxpayers' money","type":"L","timestamp":"2023-11-09 13:27:28"},{"nodeID":"1322597","text":"Analysing","type":"YA","timestamp":"2023-11-09 13:27:28"},{"nodeID":"1322598","text":"Zlata: AudienceMember 20220707QT29: appalling is the mismanagement of taxpayers' money","type":"L","timestamp":"2023-11-09 13:27:28"},{"nodeID":"1322599","text":"Asserting","type":"YA","timestamp":"2023-11-09 13:27:28"},{"nodeID":"1322600","text":"Default Transition","type":"TA","timestamp":"2023-11-09 13:27:28"},{"nodeID":"1322601","text":"this week on Monday it was announced that the Treasury was going to write off 4.2 billion of fraud from COVID loans","type":"I","timestamp":"2023-11-09 13:27:29"},{"nodeID":"1322602","text":"AudienceMember 20220707QT29: This week on Monday it was announced that the Treasury was going to write off 4.2 billion of fraud from COVID loans","type":"L","timestamp":"2023-11-09 13:27:29"},{"nodeID":"1322603","text":"Analysing","type":"YA","timestamp":"2023-11-09 13:27:29"},{"nodeID":"1322604","text":"Zlata: AudienceMember 20220707QT29: This week on Monday it was announced that the Treasury was going to write off 4.2 billion of fraud from COVID loans","type":"L","timestamp":"2023-11-09 13:27:29"},{"nodeID":"1322605","text":"Asserting","type":"YA","timestamp":"2023-11-09 13:27:29"},{"nodeID":"1322606","text":"Default Transition","type":"TA","timestamp":"2023-11-09 13:27:29"},{"nodeID":"1322607","text":"there was 5.8 billion of COVID fraud","type":"I","timestamp":"2023-11-09 13:27:30"},{"nodeID":"1322608","text":"AudienceMember 20220707QT29: that's of the 5.8 billion of COVID fraud","type":"L","timestamp":"2023-11-09 13:27:30"},{"nodeID":"1322609","text":"Analysing","type":"YA","timestamp":"2023-11-09 13:27:30"},{"nodeID":"1322610","text":"Zlata: AudienceMember 20220707QT29: that's of the 5.8 billion of COVID fraud","type":"L","timestamp":"2023-11-09 13:27:30"},{"nodeID":"1322611","text":"Asserting","type":"YA","timestamp":"2023-11-09 13:27:30"},{"nodeID":"1322612","text":"Default Transition","type":"TA","timestamp":"2023-11-09 13:27:30"},{"nodeID":"1322613","text":"Default Inference","type":"RA","timestamp":"2023-11-09 13:27:30"},{"nodeID":"1322614","text":"Arguing","type":"YA","timestamp":"2023-11-09 13:27:30"},{"nodeID":"1322615","text":"the government think they will get a billion back in the next year at the cost to us of 100 million","type":"I","timestamp":"2023-11-09 13:27:30"},{"nodeID":"1322616","text":"AudienceMember 20220707QT29: They think they will get a billion back in the next year at the cost to us of 100 million","type":"L","timestamp":"2023-11-09 13:27:30"},{"nodeID":"1322617","text":"Analysing","type":"YA","timestamp":"2023-11-09 13:27:30"},{"nodeID":"1322618","text":"Zlata: AudienceMember 20220707QT29: They think they will get a billion back in the next year at the cost to us of 100 million","type":"L","timestamp":"2023-11-09 13:27:30"},{"nodeID":"1322619","text":"Asserting","type":"YA","timestamp":"2023-11-09 13:27:30"},{"nodeID":"1322620","text":"Default Transition","type":"TA","timestamp":"2023-11-09 13:27:30"},{"nodeID":"1322621","text":"the government think they will get a billion back in the next year regardless of whether or not it is going to cost us","type":"I","timestamp":"2023-11-09 13:27:31"},{"nodeID":"1322622","text":"AudienceMember 20220707QT29: that's whether or not it is going to cost us","type":"L","timestamp":"2023-11-09 13:27:31"},{"nodeID":"1322623","text":"Analysing","type":"YA","timestamp":"2023-11-09 13:27:31"},{"nodeID":"1322624","text":"Zlata: AudienceMember 20220707QT29: that's whether or not it is going to cost us","type":"L","timestamp":"2023-11-09 13:27:31"},{"nodeID":"1322625","text":"Asserting","type":"YA","timestamp":"2023-11-09 13:27:31"},{"nodeID":"1322626","text":"Default Transition","type":"TA","timestamp":"2023-11-09 13:27:31"},{"nodeID":"1322627","text":"they are going to write off 4.3 billion of fraud from COVID loans","type":"I","timestamp":"2023-11-09 13:27:31"},{"nodeID":"1322628","text":"AudienceMember 20220707QT29: they are going to write off 4.3 billion","type":"L","timestamp":"2023-11-09 13:27:31"},{"nodeID":"1322629","text":"Analysing","type":"YA","timestamp":"2023-11-09 13:27:31"},{"nodeID":"1322630","text":"Zlata: AudienceMember 20220707QT29: they are going to write off 4.3 billion","type":"L","timestamp":"2023-11-09 13:27:31"},{"nodeID":"1322631","text":"Asserting","type":"YA","timestamp":"2023-11-09 13:27:31"},{"nodeID":"1322632","text":"Default Transition","type":"TA","timestamp":"2023-11-09 13:27:31"},{"nodeID":"1322633","text":"Default Rephrase","type":"MA","timestamp":"2023-11-09 13:27:31"},{"nodeID":"1322634","text":"Restating","type":"YA","timestamp":"2023-11-09 13:27:31"},{"nodeID":"1322635","text":"4.3 billion might be about 10 percent of the Scottish block grant next-year","type":"I","timestamp":"2023-11-09 13:27:32"},{"nodeID":"1322636","text":"AudienceMember 20220707QT29: Is that is 10 percent of the Scottish bloc grant next-year","type":"L","timestamp":"2023-11-09 13:27:32"},{"nodeID":"1322637","text":"Analysing","type":"YA","timestamp":"2023-11-09 13:27:32"},{"nodeID":"1322638","text":"Zlata: AudienceMember 20220707QT29: Is that is 10 percent of the Scottish bloc grant next-year","type":"L","timestamp":"2023-11-09 13:27:32"},{"nodeID":"1322639","text":"Rhetorical Questioning","type":"YA","timestamp":"2023-11-09 13:27:32"},{"nodeID":"1322640","text":"Default Transition","type":"TA","timestamp":"2023-11-09 13:27:32"},{"nodeID":"1322641","text":"4.3 billion is almost the same amount as the 5 million that the secretary of health announced was being given to the national health on its recovery path","type":"I","timestamp":"2023-11-09 13:27:32"},{"nodeID":"1322642","text":"AudienceMember 20220707QT29: That is almost the same amount as the 5 mill I do not know that the secretary of health announced was being given to the national health on its recovery path","type":"L","timestamp":"2023-11-09 13:27:32"},{"nodeID":"1322643","text":"Analysing","type":"YA","timestamp":"2023-11-09 13:27:32"},{"nodeID":"1322644","text":"Zlata: AudienceMember 20220707QT29: That is almost the same amount as the 5 mill I do not know that the secretary of health announced was being given to the national health on its recovery path","type":"L","timestamp":"2023-11-09 13:27:32"},{"nodeID":"1322645","text":"Asserting","type":"YA","timestamp":"2023-11-09 13:27:32"},{"nodeID":"1322646","text":"Default Transition","type":"TA","timestamp":"2023-11-09 13:27:32"},{"nodeID":"1322647","text":"Default Rephrase","type":"MA","timestamp":"2023-11-09 13:27:32"},{"nodeID":"1322648","text":"Restating","type":"YA","timestamp":"2023-11-09 13:27:32"},{"nodeID":"1322649","text":"we are going to write 4.3 billion of fraud from COVID loans off","type":"I","timestamp":"2023-11-09 13:27:33"},{"nodeID":"1322650","text":"AudienceMember 20220707QT29:  we are going to write it off","type":"L","timestamp":"2023-11-09 13:27:33"},{"nodeID":"1322651","text":"Analysing","type":"YA","timestamp":"2023-11-09 13:27:33"},{"nodeID":"1322652","text":"Zlata: AudienceMember 20220707QT29:  we are going to write it off","type":"L","timestamp":"2023-11-09 13:27:33"},{"nodeID":"1322653","text":"Asserting","type":"YA","timestamp":"2023-11-09 13:27:33"},{"nodeID":"1322654","text":"Default Transition","type":"TA","timestamp":"2023-11-09 13:27:33"},{"nodeID":"1322655","text":"Default Rephrase","type":"MA","timestamp":"2023-11-09 13:27:33"},{"nodeID":"1322656","text":"Restating","type":"YA","timestamp":"2023-11-09 13:27:33"},{"nodeID":"1322657","text":"the government is taking austerity measures","type":"I","timestamp":"2023-11-09 13:27:34"},{"nodeID":"1322658","text":"AudienceMember 20220707QT30:  the austerity measures","type":"L","timestamp":"2023-11-09 13:27:34"},{"nodeID":"1322659","text":"Analysing","type":"YA","timestamp":"2023-11-09 13:27:34"},{"nodeID":"1322660","text":"Zlata: AudienceMember 20220707QT30:  the austerity measures","type":"L","timestamp":"2023-11-09 13:27:34"},{"nodeID":"1322661","text":"Asserting","type":"YA","timestamp":"2023-11-09 13:27:34"},{"nodeID":"1322662","text":"Default Transition","type":"TA","timestamp":"2023-11-09 13:27:34"},{"nodeID":"1322663","text":"there are price cuts happening","type":"I","timestamp":"2023-11-09 13:27:34"},{"nodeID":"1322664","text":"AudienceMember 20220707QT30: the price cuts","type":"L","timestamp":"2023-11-09 13:27:34"},{"nodeID":"1322665","text":"Analysing","type":"YA","timestamp":"2023-11-09 13:27:34"},{"nodeID":"1322666","text":"Zlata: AudienceMember 20220707QT30: the price cuts","type":"L","timestamp":"2023-11-09 13:27:34"},{"nodeID":"1322667","text":"Asserting","type":"YA","timestamp":"2023-11-09 13:27:34"},{"nodeID":"1322668","text":"we are now going back to Victorian times","type":"I","timestamp":"2023-11-09 13:27:35"},{"nodeID":"1322669","text":"AudienceMember 20220707QT30: we are now going back to Victorian times","type":"L","timestamp":"2023-11-09 13:27:35"},{"nodeID":"1322670","text":"Analysing","type":"YA","timestamp":"2023-11-09 13:27:35"},{"nodeID":"1322671","text":"Zlata: AudienceMember 20220707QT30: we are now going back to Victorian times","type":"L","timestamp":"2023-11-09 13:27:35"},{"nodeID":"1322672","text":"Asserting","type":"YA","timestamp":"2023-11-09 13:27:35"},{"nodeID":"1322673","text":"children are going to have to be either warm or fed in their bellies","type":"I","timestamp":"2023-11-09 13:27:35"},{"nodeID":"1322674","text":"AudienceMember 20220707QT30:  children are going to have to be either warm or fed in their bellies","type":"L","timestamp":"2023-11-09 13:27:35"},{"nodeID":"1322675","text":"Analysing","type":"YA","timestamp":"2023-11-09 13:27:35"},{"nodeID":"1322676","text":"Zlata: AudienceMember 20220707QT30:  children are going to have to be either warm or fed in their bellies","type":"L","timestamp":"2023-11-09 13:27:35"},{"nodeID":"1322677","text":"Asserting","type":"YA","timestamp":"2023-11-09 13:27:35"},{"nodeID":"1322678","text":"Default Transition","type":"TA","timestamp":"2023-11-09 13:27:35"},{"nodeID":"1322679","text":"Default Inference","type":"RA","timestamp":"2023-11-09 13:27:35"},{"nodeID":"1322680","text":"Arguing","type":"YA","timestamp":"2023-11-09 13:27:35"},{"nodeID":"1322681","text":"it is the wrong time for MPs to have their wages increased by another 2,500 pounds","type":"I","timestamp":"2023-11-09 13:27:36"},{"nodeID":"1322682","text":"AudienceMember 20220707QT30:  is it not the wrong time for MPs to have their wages increased by another 2,500 pounds","type":"L","timestamp":"2023-11-09 13:27:36"},{"nodeID":"1322683","text":"Analysing","type":"YA","timestamp":"2023-11-09 13:27:36"},{"nodeID":"1322684","text":"Zlata: AudienceMember 20220707QT30:  is it not the wrong time for MPs to have their wages increased by another 2,500 pounds","type":"L","timestamp":"2023-11-09 13:27:36"},{"nodeID":"1322685","text":"Assertive Questioning","type":"YA","timestamp":"2023-11-09 13:27:36"},{"nodeID":"1322686","text":"Default Transition","type":"TA","timestamp":"2023-11-09 13:27:36"},{"nodeID":"1322687","text":"Default Inference","type":"RA","timestamp":"2023-11-09 13:27:36"},{"nodeID":"1322688","text":"Default Inference","type":"RA","timestamp":"2023-11-09 13:27:36"},{"nodeID":"1322689","text":"Default Transition","type":"TA","timestamp":"2023-11-09 13:27:36"},{"nodeID":"1322690","text":"Default Inference","type":"RA","timestamp":"2023-11-09 13:27:36"},{"nodeID":"1322691","text":"Default Transition","type":"TA","timestamp":"2023-11-09 13:27:36"},{"nodeID":"1322692","text":"Arguing","type":"YA","timestamp":"2023-11-09 13:27:36"},{"nodeID":"1322693","text":"Default Rephrase","type":"MA","timestamp":"2023-11-09 13:27:36"},{"nodeID":"1322694","text":"Restating","type":"YA","timestamp":"2023-11-09 13:27:36"},{"nodeID":"1322695","text":"Default Inference","type":"RA","timestamp":"2023-11-09 13:27:36"},{"nodeID":"1322696","text":"Arguing","type":"YA","timestamp":"2023-11-09 13:27:36"},{"nodeID":"1322697","text":"Arguing","type":"YA","timestamp":"2023-11-09 13:27:36"},{"nodeID":"1322698","text":"Arguing","type":"YA","timestamp":"2023-11-09 13:27:36"}],"edges":[{"edgeID":"1735679","fromID":"1322586","toID":"1322585","formEdgeID":null},{"edgeID":"1735680","fromID":"1322587","toID":"1322586","formEdgeID":null},{"edgeID":"1735681","fromID":"1322585","toID":"1322588","formEdgeID":null},{"edgeID":"1735682","fromID":"1322588","toID":"1322584","formEdgeID":null},{"edgeID":"1735683","fromID":"1322591","toID":"1322590","formEdgeID":null},{"edgeID":"1735684","fromID":"1322592","toID":"1322591","formEdgeID":null},{"edgeID":"1735685","fromID":"1322590","toID":"1322593","formEdgeID":null},{"edgeID":"1735686","fromID":"1322593","toID":"1322589","formEdgeID":null},{"edgeID":"1735687","fromID":"1322585","toID":"1322594","formEdgeID":null},{"edgeID":"1735688","fromID":"1322594","toID":"1322590","formEdgeID":null},{"edgeID":"1735689","fromID":"1322597","toID":"1322596","formEdgeID":null},{"edgeID":"1735690","fromID":"1322598","toID":"1322597","formEdgeID":null},{"edgeID":"1735691","fromID":"1322596","toID":"1322599","formEdgeID":null},{"edgeID":"1735692","fromID":"1322599","toID":"1322595","formEdgeID":null},{"edgeID":"1735693","fromID":"1322590","toID":"1322600","formEdgeID":null},{"edgeID":"1735694","fromID":"1322600","toID":"1322596","formEdgeID":null},{"edgeID":"1735695","fromID":"1322603","toID":"1322602","formEdgeID":null},{"edgeID":"1735696","fromID":"1322604","toID":"1322603","formEdgeID":null},{"edgeID":"1735697","fromID":"1322602","toID":"1322605","formEdgeID":null},{"edgeID":"1735698","fromID":"1322605","toID":"1322601","formEdgeID":null},{"edgeID":"1735699","fromID":"1322596","toID":"1322606","formEdgeID":null},{"edgeID":"1735700","fromID":"1322606","toID":"1322602","formEdgeID":null},{"edgeID":"1735701","fromID":"1322609","toID":"1322608","formEdgeID":null},{"edgeID":"1735702","fromID":"1322610","toID":"1322609","formEdgeID":null},{"edgeID":"1735703","fromID":"1322608","toID":"1322611","formEdgeID":null},{"edgeID":"1735704","fromID":"1322611","toID":"1322607","formEdgeID":null},{"edgeID":"1735705","fromID":"1322602","toID":"1322612","formEdgeID":null},{"edgeID":"1735706","fromID":"1322612","toID":"1322608","formEdgeID":null},{"edgeID":"1735707","fromID":"1322607","toID":"1322613","formEdgeID":null},{"edgeID":"1735708","fromID":"1322613","toID":"1322601","formEdgeID":null},{"edgeID":"1735709","fromID":"1322612","toID":"1322614","formEdgeID":null},{"edgeID":"1735710","fromID":"1322614","toID":"1322613","formEdgeID":null},{"edgeID":"1735711","fromID":"1322617","toID":"1322616","formEdgeID":null},{"edgeID":"1735712","fromID":"1322618","toID":"1322617","formEdgeID":null},{"edgeID":"1735713","fromID":"1322616","toID":"1322619","formEdgeID":null},{"edgeID":"1735714","fromID":"1322619","toID":"1322615","formEdgeID":null},{"edgeID":"1735715","fromID":"1322608","toID":"1322620","formEdgeID":null},{"edgeID":"1735716","fromID":"1322620","toID":"1322616","formEdgeID":null},{"edgeID":"1735717","fromID":"1322623","toID":"1322622","formEdgeID":null},{"edgeID":"1735718","fromID":"1322624","toID":"1322623","formEdgeID":null},{"edgeID":"1735719","fromID":"1322622","toID":"1322625","formEdgeID":null},{"edgeID":"1735720","fromID":"1322625","toID":"1322621","formEdgeID":null},{"edgeID":"1735721","fromID":"1322616","toID":"1322626","formEdgeID":null},{"edgeID":"1735722","fromID":"1322626","toID":"1322622","formEdgeID":null},{"edgeID":"1735723","fromID":"1322629","toID":"1322628","formEdgeID":null},{"edgeID":"1735724","fromID":"1322630","toID":"1322629","formEdgeID":null},{"edgeID":"1735725","fromID":"1322628","toID":"1322631","formEdgeID":null},{"edgeID":"1735726","fromID":"1322631","toID":"1322627","formEdgeID":null},{"edgeID":"1735727","fromID":"1322602","toID":"1322632","formEdgeID":null},{"edgeID":"1735728","fromID":"1322632","toID":"1322628","formEdgeID":null},{"edgeID":"1735729","fromID":"1322627","toID":"1322633","formEdgeID":null},{"edgeID":"1735730","fromID":"1322633","toID":"1322601","formEdgeID":null},{"edgeID":"1735731","fromID":"1322632","toID":"1322634","formEdgeID":null},{"edgeID":"1735732","fromID":"1322634","toID":"1322633","formEdgeID":null},{"edgeID":"1735733","fromID":"1322637","toID":"1322636","formEdgeID":null},{"edgeID":"1735734","fromID":"1322638","toID":"1322637","formEdgeID":null},{"edgeID":"1735735","fromID":"1322636","toID":"1322639","formEdgeID":null},{"edgeID":"1735736","fromID":"1322639","toID":"1322635","formEdgeID":null},{"edgeID":"1735737","fromID":"1322628","toID":"1322640","formEdgeID":null},{"edgeID":"1735738","fromID":"1322640","toID":"1322636","formEdgeID":null},{"edgeID":"1735739","fromID":"1322643","toID":"1322642","formEdgeID":null},{"edgeID":"1735740","fromID":"1322644","toID":"1322643","formEdgeID":null},{"edgeID":"1735741","fromID":"1322642","toID":"1322645","formEdgeID":null},{"edgeID":"1735742","fromID":"1322645","toID":"1322641","formEdgeID":null},{"edgeID":"1735743","fromID":"1322636","toID":"1322646","formEdgeID":null},{"edgeID":"1735744","fromID":"1322646","toID":"1322642","formEdgeID":null},{"edgeID":"1735745","fromID":"1322641","toID":"1322647","formEdgeID":null},{"edgeID":"1735746","fromID":"1322647","toID":"1322635","formEdgeID":null},{"edgeID":"1735747","fromID":"1322646","toID":"1322648","formEdgeID":null},{"edgeID":"1735748","fromID":"1322648","toID":"1322647","formEdgeID":null},{"edgeID":"1735749","fromID":"1322651","toID":"1322650","formEdgeID":null},{"edgeID":"1735750","fromID":"1322652","toID":"1322651","formEdgeID":null},{"edgeID":"1735751","fromID":"1322650","toID":"1322653","formEdgeID":null},{"edgeID":"1735752","fromID":"1322653","toID":"1322649","formEdgeID":null},{"edgeID":"1735753","fromID":"1322628","toID":"1322654","formEdgeID":null},{"edgeID":"1735754","fromID":"1322654","toID":"1322650","formEdgeID":null},{"edgeID":"1735755","fromID":"1322649","toID":"1322655","formEdgeID":null},{"edgeID":"1735756","fromID":"1322655","toID":"1322627","formEdgeID":null},{"edgeID":"1735757","fromID":"1322654","toID":"1322656","formEdgeID":null},{"edgeID":"1735758","fromID":"1322656","toID":"1322655","formEdgeID":null},{"edgeID":"1735759","fromID":"1322659","toID":"1322658","formEdgeID":null},{"edgeID":"1735760","fromID":"1322660","toID":"1322659","formEdgeID":null},{"edgeID":"1735761","fromID":"1322658","toID":"1322661","formEdgeID":null},{"edgeID":"1735762","fromID":"1322661","toID":"1322657","formEdgeID":null},{"edgeID":"1735763","fromID":"1322650","toID":"1322662","formEdgeID":null},{"edgeID":"1735764","fromID":"1322662","toID":"1322658","formEdgeID":null},{"edgeID":"1735765","fromID":"1322665","toID":"1322664","formEdgeID":null},{"edgeID":"1735766","fromID":"1322666","toID":"1322665","formEdgeID":null},{"edgeID":"1735767","fromID":"1322664","toID":"1322667","formEdgeID":null},{"edgeID":"1735768","fromID":"1322667","toID":"1322663","formEdgeID":null},{"edgeID":"1735769","fromID":"1322670","toID":"1322669","formEdgeID":null},{"edgeID":"1735770","fromID":"1322671","toID":"1322670","formEdgeID":null},{"edgeID":"1735771","fromID":"1322669","toID":"1322672","formEdgeID":null},{"edgeID":"1735772","fromID":"1322672","toID":"1322668","formEdgeID":null},{"edgeID":"1735773","fromID":"1322675","toID":"1322674","formEdgeID":null},{"edgeID":"1735774","fromID":"1322676","toID":"1322675","formEdgeID":null},{"edgeID":"1735775","fromID":"1322674","toID":"1322677","formEdgeID":null},{"edgeID":"1735776","fromID":"1322677","toID":"1322673","formEdgeID":null},{"edgeID":"1735777","fromID":"1322669","toID":"1322678","formEdgeID":null},{"edgeID":"1735778","fromID":"1322678","toID":"1322674","formEdgeID":null},{"edgeID":"1735779","fromID":"1322673","toID":"1322679","formEdgeID":null},{"edgeID":"1735780","fromID":"1322679","toID":"1322668","formEdgeID":null},{"edgeID":"1735781","fromID":"1322678","toID":"1322680","formEdgeID":null},{"edgeID":"1735782","fromID":"1322680","toID":"1322679","formEdgeID":null},{"edgeID":"1735783","fromID":"1322683","toID":"1322682","formEdgeID":null},{"edgeID":"1735784","fromID":"1322684","toID":"1322683","formEdgeID":null},{"edgeID":"1735785","fromID":"1322682","toID":"1322685","formEdgeID":null},{"edgeID":"1735786","fromID":"1322685","toID":"1322681","formEdgeID":null},{"edgeID":"1735787","fromID":"1322664","toID":"1322686","formEdgeID":null},{"edgeID":"1735788","fromID":"1322686","toID":"1322682","formEdgeID":null},{"edgeID":"1735789","fromID":"1322663","toID":"1322687","formEdgeID":null},{"edgeID":"1735790","fromID":"1322687","toID":"1322681","formEdgeID":null},{"edgeID":"1735791","fromID":"1322668","toID":"1322688","formEdgeID":null},{"edgeID":"1735792","fromID":"1322688","toID":"1322681","formEdgeID":null},{"edgeID":"1735793","fromID":"1322669","toID":"1322689","formEdgeID":null},{"edgeID":"1735794","fromID":"1322689","toID":"1322682","formEdgeID":null},{"edgeID":"1735795","fromID":"1322657","toID":"1322690","formEdgeID":null},{"edgeID":"1735796","fromID":"1322690","toID":"1322681","formEdgeID":null},{"edgeID":"1735797","fromID":"1322658","toID":"1322691","formEdgeID":null},{"edgeID":"1735798","fromID":"1322691","toID":"1322682","formEdgeID":null},{"edgeID":"1735799","fromID":"1322691","toID":"1322692","formEdgeID":null},{"edgeID":"1735800","fromID":"1322692","toID":"1322690","formEdgeID":null},{"edgeID":"1735801","fromID":"1322621","toID":"1322693","formEdgeID":null},{"edgeID":"1735802","fromID":"1322693","toID":"1322615","formEdgeID":null},{"edgeID":"1735803","fromID":"1322626","toID":"1322694","formEdgeID":null},{"edgeID":"1735804","fromID":"1322694","toID":"1322693","formEdgeID":null},{"edgeID":"1735805","fromID":"1322601","toID":"1322695","formEdgeID":null},{"edgeID":"1735806","fromID":"1322695","toID":"1322595","formEdgeID":null},{"edgeID":"1735807","fromID":"1322606","toID":"1322696","formEdgeID":null},{"edgeID":"1735808","fromID":"1322696","toID":"1322695","formEdgeID":null},{"edgeID":"1735809","fromID":"1322689","toID":"1322697","formEdgeID":null},{"edgeID":"1735810","fromID":"1322697","toID":"1322688","formEdgeID":null},{"edgeID":"1735811","fromID":"1322686","toID":"1322698","formEdgeID":null},{"edgeID":"1735812","fromID":"1322698","toID":"1322687","formEdgeID":null}],"locutions":[]}