{"nodes":[{"nodeID":"1145370","text":"the report is going to set out the facts as Sue Grey knows them","type":"I","timestamp":"2023-04-20 10:13:58"},{"nodeID":"1145372","text":"we have already heard the prime minister say that he turned up to a nonparty for 25 minutes where there was drink and nibbbles on tables and lots of people together, and somehow or other that wasn't a party","type":"I","timestamp":"2023-04-20 10:14:00"},{"nodeID":"1145374","text":"it is impossible for people not to draw a conclusion from the prime minister saying that he turned up to a nonparty for 25 minutes where there was drink and nibbles on tables and lots of people together, and somehow or other that wasn't a party","type":"I","timestamp":"2023-04-20 10:14:01"},{"nodeID":"1145376","text":"Mairi McAllan is completely shocked that Boris Johnson is still in position","type":"I","timestamp":"2023-04-20 10:14:05"},{"nodeID":"1145378","text":"Boris Johnson should leave office","type":"I","timestamp":"2023-04-20 10:14:09"},{"nodeID":"1152334","text":"Mairi McAllan doesn't understand why we are discussing the lockdown party scandal","type":"I","timestamp":"2023-04-21 13:23:54"},{"nodeID":"1152337","text":"there's a cost of living crisis in the real world","type":"I","timestamp":"2023-04-21 13:23:57"},{"nodeID":"1152340","text":"we are discussing the intricacies whether someone knew about the party, wasn't told about the rules, did lie, didn't lie","type":"I","timestamp":"2023-04-21 13:24:00"},{"nodeID":"1152346","text":"Mairi McAllan has long had little faith in Westminster as an institution through which due process could be done","type":"I","timestamp":"2023-04-21 13:24:06"},{"nodeID":"1152351","text":"Mairi McAllan has increasingly little faith in Westminster as an institution through which due process could be done","type":"I","timestamp":"2023-04-21 13:24:10"},{"nodeID":"1152360","text":"Westminster is becoming a circus","type":"I","timestamp":"2023-04-21 13:24:13"},{"nodeID":"1152367","text":"people seem more concerned with political games and hanging on to their own jobs than doing what is right in the eyes of the people","type":"I","timestamp":"2023-04-21 13:24:16"},{"nodeID":"1152372","text":"we just need to look back to that time in May of 2020","type":"I","timestamp":"2023-04-21 13:24:18"},{"nodeID":"1152377","text":"we are trying all to forget May of 2020","type":"I","timestamp":"2023-04-21 13:24:21"},{"nodeID":"1152381","text":"the May of 2020 was characterised by fear, anxiety and loss on a national scale","type":"I","timestamp":"2023-04-21 13:24:24"},{"nodeID":"1152386","text":"in May of 2020 we were being let down flagrantly and frequently by the people who were supposed to set the rules","type":"I","timestamp":"2023-04-21 13:24:27"},{"nodeID":"1152405","text":"Mairi McAllan hopes Boris Johnson is the last Tory Prime Minister that Scotland has to get rid of","type":"I","timestamp":"2023-04-21 13:24:32"},{"nodeID":"1320502","text":"Emily Thornberry: The report is going to set out the facts as she knows them","type":"L","timestamp":"2023-11-09 13:24:25"},{"nodeID":"1320503","text":"Pawe\u0142: Emily Thornberry: The report is going to set out the facts as she knows them","type":"L","timestamp":"2023-11-09 13:24:25"},{"nodeID":"1320504","text":"Emily Thornberry: we have already heard the prime minister say that he turned up to a nonparty for 25 minutes where there was drink and Nicholas on tables and lots of people together, and somehow or other that wasn't a party","type":"L","timestamp":"2023-11-09 13:24:26"},{"nodeID":"1320505","text":"Pawe\u0142: Emily Thornberry: we have already heard the prime minister say that he turned up to a nonparty for 25 minutes where there was drink and Nicholas on tables and lots of people together, and somehow or other that wasn't a party","type":"L","timestamp":"2023-11-09 13:24:26"},{"nodeID":"1320506","text":"Emily Thornberry: We've all heard it","type":"L","timestamp":"2023-11-09 13:24:26"},{"nodeID":"1320507","text":"Pawe\u0142: Emily Thornberry: We've all heard it","type":"L","timestamp":"2023-11-09 13:24:26"},{"nodeID":"1320508","text":"Emily Thornberry: it is impossible for people not to draw a conclusion from that","type":"L","timestamp":"2023-11-09 13:24:26"},{"nodeID":"1320509","text":"Pawe\u0142: Emily Thornberry: it is impossible for people not to draw a conclusion from that","type":"L","timestamp":"2023-11-09 13:24:26"},{"nodeID":"1320510","text":"Mairi McAllan: I understand why we are discussing this","type":"L","timestamp":"2023-11-09 13:24:27"},{"nodeID":"1320511","text":"Pawe\u0142: Mairi McAllan: I understand why we are discussing this","type":"L","timestamp":"2023-11-09 13:24:27"},{"nodeID":"1320512","text":"Mairi McAllan: there's a cost of living crisis in the real world","type":"L","timestamp":"2023-11-09 13:24:28"},{"nodeID":"1320513","text":"Pawe\u0142: Mairi McAllan: there's a cost of living crisis in the real world","type":"L","timestamp":"2023-11-09 13:24:28"},{"nodeID":"1320514","text":"Mairi McAllan: we are discussing the intricacies whether someone knew about the party, wasn't told about the rules, did lie, didn't lie","type":"L","timestamp":"2023-11-09 13:24:28"},{"nodeID":"1320515","text":"Pawe\u0142: Mairi McAllan: we are discussing the intricacies whether someone knew about the party, wasn't told about the rules, did lie, didn't lie","type":"L","timestamp":"2023-11-09 13:24:28"},{"nodeID":"1320516","text":"Analysing","type":"YA","timestamp":"2023-11-09 13:24:28"},{"nodeID":"1320517","text":"Asserting","type":"YA","timestamp":"2023-11-09 13:24:29"},{"nodeID":"1320518","text":"Mairi McAllan: I am completely shocked the man is still in position","type":"L","timestamp":"2023-11-09 13:24:29"},{"nodeID":"1320519","text":"Pawe\u0142: Mairi McAllan: I am completely shocked the man is still in position","type":"L","timestamp":"2023-11-09 13:24:29"},{"nodeID":"1320520","text":"Analysing","type":"YA","timestamp":"2023-11-09 13:24:29"},{"nodeID":"1320521","text":"Mairi McAllan: I have long had little faith in Westminster as an institution through which due profession could be done","type":"L","timestamp":"2023-11-09 13:24:29"},{"nodeID":"1320522","text":"Asserting","type":"YA","timestamp":"2023-11-09 13:24:29"},{"nodeID":"1320523","text":"Pawe\u0142: Mairi McAllan: I have long had little faith in Westminster as an institution through which due profession could be done","type":"L","timestamp":"2023-11-09 13:24:29"},{"nodeID":"1320524","text":"Analysing","type":"YA","timestamp":"2023-11-09 13:24:30"},{"nodeID":"1320525","text":"Default Transition","type":"TA","timestamp":"2023-11-09 13:24:30"},{"nodeID":"1320526","text":"Default Transition","type":"TA","timestamp":"2023-11-09 13:24:30"},{"nodeID":"1320527","text":"Asserting","type":"YA","timestamp":"2023-11-09 13:24:30"},{"nodeID":"1320528","text":"Mairi McAllan: That is increasingly the case","type":"L","timestamp":"2023-11-09 13:24:30"},{"nodeID":"1320529","text":"Pawe\u0142: Mairi McAllan: That is increasingly the case","type":"L","timestamp":"2023-11-09 13:24:30"},{"nodeID":"1320530","text":"Analysing","type":"YA","timestamp":"2023-11-09 13:24:30"},{"nodeID":"1320531","text":"Asserting","type":"YA","timestamp":"2023-11-09 13:24:30"},{"nodeID":"1320532","text":"Default Transition","type":"TA","timestamp":"2023-11-09 13:24:31"},{"nodeID":"1320533","text":"Mairi McAllan: It is becoming a circus","type":"L","timestamp":"2023-11-09 13:24:31"},{"nodeID":"1320534","text":"Analysing","type":"YA","timestamp":"2023-11-09 13:24:31"},{"nodeID":"1320535","text":"Asserting","type":"YA","timestamp":"2023-11-09 13:24:31"},{"nodeID":"1320536","text":"Pawe\u0142: Mairi McAllan: It is becoming a circus","type":"L","timestamp":"2023-11-09 13:24:31"},{"nodeID":"1320537","text":"Default Transition","type":"TA","timestamp":"2023-11-09 13:24:31"},{"nodeID":"1320538","text":"Mairi McAllan: People seem more concerned with political games and hanging on to their own jobs than doing what is right in the eyes of the people","type":"L","timestamp":"2023-11-09 13:24:31"},{"nodeID":"1320539","text":"Pawe\u0142: Mairi McAllan: People seem more concerned with political games and hanging on to their own jobs than doing what is right in the eyes of the people","type":"L","timestamp":"2023-11-09 13:24:31"},{"nodeID":"1320540","text":"Analysing","type":"YA","timestamp":"2023-11-09 13:24:31"},{"nodeID":"1320541","text":"Asserting","type":"YA","timestamp":"2023-11-09 13:24:31"},{"nodeID":"1320542","text":"Mairi McAllan: We just need to look back to that time in May to 20","type":"L","timestamp":"2023-11-09 13:24:32"},{"nodeID":"1320543","text":"Analysing","type":"YA","timestamp":"2023-11-09 13:24:32"},{"nodeID":"1320544","text":"Asserting","type":"YA","timestamp":"2023-11-09 13:24:32"},{"nodeID":"1320545","text":"Pawe\u0142: Mairi McAllan: We just need to look back to that time in May to 20","type":"L","timestamp":"2023-11-09 13:24:32"},{"nodeID":"1320546","text":"Mairi McAllan: a time we are trying all to forget","type":"L","timestamp":"2023-11-09 13:24:32"},{"nodeID":"1320547","text":"Pawe\u0142: Mairi McAllan: a time we are trying all to forget","type":"L","timestamp":"2023-11-09 13:24:32"},{"nodeID":"1320548","text":"Analysing","type":"YA","timestamp":"2023-11-09 13:24:32"},{"nodeID":"1320549","text":"Asserting","type":"YA","timestamp":"2023-11-09 13:24:33"},{"nodeID":"1320550","text":"Mairi McAllan: characterised by fear, anxiety and loss on a national scale","type":"L","timestamp":"2023-11-09 13:24:33"},{"nodeID":"1320551","text":"Analysing","type":"YA","timestamp":"2023-11-09 13:24:33"},{"nodeID":"1320552","text":"Pawe\u0142: Mairi McAllan: characterised by fear, anxiety and loss on a national scale","type":"L","timestamp":"2023-11-09 13:24:33"},{"nodeID":"1320553","text":"Asserting","type":"YA","timestamp":"2023-11-09 13:24:34"},{"nodeID":"1320554","text":"Default Transition","type":"TA","timestamp":"2023-11-09 13:24:34"},{"nodeID":"1320555","text":"Default Transition","type":"TA","timestamp":"2023-11-09 13:24:34"},{"nodeID":"1320556","text":"Mairi McAllan: At the same time we were being let down flagrantly and frequently by the people who were supposed to set the rules","type":"L","timestamp":"2023-11-09 13:24:34"},{"nodeID":"1320557","text":"Pawe\u0142: Mairi McAllan: At the same time we were being let down flagrantly and frequently by the people who were supposed to set the rules","type":"L","timestamp":"2023-11-09 13:24:34"},{"nodeID":"1320558","text":"Analysing","type":"YA","timestamp":"2023-11-09 13:24:34"},{"nodeID":"1320559","text":"Asserting","type":"YA","timestamp":"2023-11-09 13:24:34"},{"nodeID":"1320560","text":"Default Transition","type":"TA","timestamp":"2023-11-09 13:24:34"},{"nodeID":"1320561","text":"Default Transition","type":"TA","timestamp":"2023-11-09 13:24:34"},{"nodeID":"1320562","text":"Default Transition","type":"TA","timestamp":"2023-11-09 13:24:34"},{"nodeID":"1320563","text":"Mairi McAllan: He should go","type":"L","timestamp":"2023-11-09 13:24:34"},{"nodeID":"1320564","text":"Analysing","type":"YA","timestamp":"2023-11-09 13:24:34"},{"nodeID":"1320565","text":"Pawe\u0142: Mairi McAllan: He should go","type":"L","timestamp":"2023-11-09 13:24:34"},{"nodeID":"1320566","text":"Asserting","type":"YA","timestamp":"2023-11-09 13:24:34"},{"nodeID":"1320567","text":"Default Transition","type":"TA","timestamp":"2023-11-09 13:24:34"},{"nodeID":"1320568","text":"Default Inference","type":"RA","timestamp":"2023-11-09 13:24:34"},{"nodeID":"1320569","text":"Arguing","type":"YA","timestamp":"2023-11-09 13:24:34"},{"nodeID":"1320570","text":"Default Rephrase","type":"MA","timestamp":"2023-11-09 13:24:34"},{"nodeID":"1320571","text":"Restating","type":"YA","timestamp":"2023-11-09 13:24:34"},{"nodeID":"1320572","text":"Mairi McAllan: I hope he's the lastory primed that Scotland has to get rid of","type":"L","timestamp":"2023-11-09 13:24:35"},{"nodeID":"1320573","text":"Analysing","type":"YA","timestamp":"2023-11-09 13:24:35"},{"nodeID":"1320574","text":"Pawe\u0142: Mairi McAllan: I hope he's the lastory primed that Scotland has to get rid of","type":"L","timestamp":"2023-11-09 13:24:35"},{"nodeID":"1320575","text":"Asserting","type":"YA","timestamp":"2023-11-09 13:24:35"},{"nodeID":"1320576","text":"Default Transition","type":"TA","timestamp":"2023-11-09 13:24:35"},{"nodeID":"1320577","text":"Default Inference","type":"RA","timestamp":"2023-11-09 13:24:35"},{"nodeID":"1320578","text":"Arguing","type":"YA","timestamp":"2023-11-09 13:24:35"},{"nodeID":"1320579","text":"Default Inference","type":"RA","timestamp":"2023-11-09 13:24:35"},{"nodeID":"1320580","text":"Analysing","type":"YA","timestamp":"2023-11-09 13:24:35"},{"nodeID":"1320581","text":"Asserting","type":"YA","timestamp":"2023-11-09 13:24:35"},{"nodeID":"1320582","text":"Analysing","type":"YA","timestamp":"2023-11-09 13:24:35"},{"nodeID":"1320583","text":"Asserting","type":"YA","timestamp":"2023-11-09 13:24:35"},{"nodeID":"1320584","text":"Default Transition","type":"TA","timestamp":"2023-11-09 13:24:35"},{"nodeID":"1320585","text":"Default Transition","type":"TA","timestamp":"2023-11-09 13:24:35"},{"nodeID":"1320586","text":"Analysing","type":"YA","timestamp":"2023-11-09 13:24:35"},{"nodeID":"1320587","text":"Asserting","type":"YA","timestamp":"2023-11-09 13:24:35"},{"nodeID":"1320588","text":"Default Transition","type":"TA","timestamp":"2023-11-09 13:24:35"},{"nodeID":"1320589","text":"Default Inference","type":"RA","timestamp":"2023-11-09 13:24:35"},{"nodeID":"1320590","text":"Default Conflict","type":"CA","timestamp":"2023-11-09 13:24:35"},{"nodeID":"1320591","text":"Disagreeing","type":"YA","timestamp":"2023-11-09 13:24:35"},{"nodeID":"1320592","text":"Arguing","type":"YA","timestamp":"2023-11-09 13:24:35"},{"nodeID":"1320593","text":"Analysing","type":"YA","timestamp":"2023-11-09 13:24:35"},{"nodeID":"1320594","text":"Asserting","type":"YA","timestamp":"2023-11-09 13:24:35"},{"nodeID":"1320595","text":"Default Transition","type":"TA","timestamp":"2023-11-09 13:24:35"},{"nodeID":"1320596","text":"Default Inference","type":"RA","timestamp":"2023-11-09 13:24:35"},{"nodeID":"1320597","text":"Arguing","type":"YA","timestamp":"2023-11-09 13:24:35"},{"nodeID":"1320598","text":"Analysing","type":"YA","timestamp":"2023-11-09 13:24:35"},{"nodeID":"1320599","text":"Asserting","type":"YA","timestamp":"2023-11-09 13:24:35"},{"nodeID":"1320600","text":"Default Transition","type":"TA","timestamp":"2023-11-09 13:24:35"},{"nodeID":"1320601","text":"Analysing","type":"YA","timestamp":"2023-11-09 13:24:35"},{"nodeID":"1320602","text":"Asserting","type":"YA","timestamp":"2023-11-09 13:24:35"},{"nodeID":"1320603","text":"Default Transition","type":"TA","timestamp":"2023-11-09 13:24:35"},{"nodeID":"1320604","text":"Default Inference","type":"RA","timestamp":"2023-11-09 13:24:35"},{"nodeID":"1320605","text":"Arguing","type":"YA","timestamp":"2023-11-09 13:24:35"}],"edges":[{"edgeID":"1733135","fromID":"1320516","toID":"1320502","formEdgeID":null},{"edgeID":"1733136","fromID":"1320503","toID":"1320516","formEdgeID":null},{"edgeID":"1733137","fromID":"1320502","toID":"1320517","formEdgeID":null},{"edgeID":"1733138","fromID":"1320517","toID":"1145370","formEdgeID":null},{"edgeID":"1733139","fromID":"1320520","toID":"1320504","formEdgeID":null},{"edgeID":"1733140","fromID":"1320505","toID":"1320520","formEdgeID":null},{"edgeID":"1733141","fromID":"1320504","toID":"1320522","formEdgeID":null},{"edgeID":"1733142","fromID":"1320522","toID":"1145372","formEdgeID":null},{"edgeID":"1733143","fromID":"1320507","toID":"1320524","formEdgeID":null},{"edgeID":"1733144","fromID":"1320524","toID":"1320506","formEdgeID":null},{"edgeID":"1733145","fromID":"1320502","toID":"1320525","formEdgeID":null},{"edgeID":"1733146","fromID":"1320525","toID":"1320504","formEdgeID":null},{"edgeID":"1733147","fromID":"1320504","toID":"1320526","formEdgeID":null},{"edgeID":"1733148","fromID":"1320526","toID":"1320506","formEdgeID":null},{"edgeID":"1733149","fromID":"1320506","toID":"1320527","formEdgeID":null},{"edgeID":"1733150","fromID":"1320527","toID":"1145372","formEdgeID":null},{"edgeID":"1733151","fromID":"1320508","toID":"1320531","formEdgeID":null},{"edgeID":"1733152","fromID":"1320530","toID":"1320508","formEdgeID":null},{"edgeID":"1733153","fromID":"1320509","toID":"1320530","formEdgeID":null},{"edgeID":"1733154","fromID":"1320531","toID":"1145374","formEdgeID":null},{"edgeID":"1733155","fromID":"1320506","toID":"1320532","formEdgeID":null},{"edgeID":"1733156","fromID":"1320532","toID":"1320508","formEdgeID":null},{"edgeID":"1733157","fromID":"1320534","toID":"1320510","formEdgeID":null},{"edgeID":"1733158","fromID":"1320511","toID":"1320534","formEdgeID":null},{"edgeID":"1733159","fromID":"1320510","toID":"1320535","formEdgeID":null},{"edgeID":"1733160","fromID":"1320535","toID":"1152334","formEdgeID":null},{"edgeID":"1733161","fromID":"1320537","toID":"1320510","formEdgeID":null},{"edgeID":"1733162","fromID":"1320508","toID":"1320537","formEdgeID":null},{"edgeID":"1733163","fromID":"1320513","toID":"1320540","formEdgeID":null},{"edgeID":"1733164","fromID":"1320540","toID":"1320512","formEdgeID":null},{"edgeID":"1733165","fromID":"1320512","toID":"1320541","formEdgeID":null},{"edgeID":"1733166","fromID":"1320541","toID":"1152337","formEdgeID":null},{"edgeID":"1733167","fromID":"1320543","toID":"1320514","formEdgeID":null},{"edgeID":"1733168","fromID":"1320515","toID":"1320543","formEdgeID":null},{"edgeID":"1733169","fromID":"1320514","toID":"1320544","formEdgeID":null},{"edgeID":"1733170","fromID":"1320544","toID":"1152340","formEdgeID":null},{"edgeID":"1733171","fromID":"1320519","toID":"1320548","formEdgeID":null},{"edgeID":"1733172","fromID":"1320548","toID":"1320518","formEdgeID":null},{"edgeID":"1733173","fromID":"1320518","toID":"1320549","formEdgeID":null},{"edgeID":"1733174","fromID":"1320549","toID":"1145376","formEdgeID":null},{"edgeID":"1733175","fromID":"1320523","toID":"1320551","formEdgeID":null},{"edgeID":"1733176","fromID":"1320551","toID":"1320521","formEdgeID":null},{"edgeID":"1733177","fromID":"1320521","toID":"1320553","formEdgeID":null},{"edgeID":"1733178","fromID":"1320553","toID":"1152346","formEdgeID":null},{"edgeID":"1733179","fromID":"1320510","toID":"1320554","formEdgeID":null},{"edgeID":"1733180","fromID":"1320554","toID":"1320512","formEdgeID":null},{"edgeID":"1733181","fromID":"1320512","toID":"1320555","formEdgeID":null},{"edgeID":"1733182","fromID":"1320555","toID":"1320514","formEdgeID":null},{"edgeID":"1733183","fromID":"1320559","toID":"1152351","formEdgeID":null},{"edgeID":"1733184","fromID":"1320558","toID":"1320528","formEdgeID":null},{"edgeID":"1733185","fromID":"1320529","toID":"1320558","formEdgeID":null},{"edgeID":"1733186","fromID":"1320528","toID":"1320559","formEdgeID":null},{"edgeID":"1733187","fromID":"1320514","toID":"1320560","formEdgeID":null},{"edgeID":"1733188","fromID":"1320560","toID":"1320518","formEdgeID":null},{"edgeID":"1733189","fromID":"1320561","toID":"1320521","formEdgeID":null},{"edgeID":"1733190","fromID":"1320518","toID":"1320561","formEdgeID":null},{"edgeID":"1733191","fromID":"1320562","toID":"1320528","formEdgeID":null},{"edgeID":"1733192","fromID":"1320521","toID":"1320562","formEdgeID":null},{"edgeID":"1733193","fromID":"1320564","toID":"1320533","formEdgeID":null},{"edgeID":"1733194","fromID":"1320536","toID":"1320564","formEdgeID":null},{"edgeID":"1733195","fromID":"1320533","toID":"1320566","formEdgeID":null},{"edgeID":"1733196","fromID":"1320566","toID":"1152360","formEdgeID":null},{"edgeID":"1733197","fromID":"1320528","toID":"1320567","formEdgeID":null},{"edgeID":"1733198","fromID":"1320567","toID":"1320533","formEdgeID":null},{"edgeID":"1733199","fromID":"1152360","toID":"1320568","formEdgeID":null},{"edgeID":"1733200","fromID":"1320568","toID":"1152351","formEdgeID":null},{"edgeID":"1733201","fromID":"1320569","toID":"1320568","formEdgeID":null},{"edgeID":"1733202","fromID":"1320567","toID":"1320569","formEdgeID":null},{"edgeID":"1733203","fromID":"1320570","toID":"1152346","formEdgeID":null},{"edgeID":"1733204","fromID":"1152351","toID":"1320570","formEdgeID":null},{"edgeID":"1733205","fromID":"1320562","toID":"1320571","formEdgeID":null},{"edgeID":"1733206","fromID":"1320571","toID":"1320570","formEdgeID":null},{"edgeID":"1733207","fromID":"1320573","toID":"1320538","formEdgeID":null},{"edgeID":"1733208","fromID":"1320539","toID":"1320573","formEdgeID":null},{"edgeID":"1733209","fromID":"1320538","toID":"1320575","formEdgeID":null},{"edgeID":"1733210","fromID":"1320575","toID":"1152367","formEdgeID":null},{"edgeID":"1733211","fromID":"1320533","toID":"1320576","formEdgeID":null},{"edgeID":"1733212","fromID":"1320576","toID":"1320538","formEdgeID":null},{"edgeID":"1733213","fromID":"1152337","toID":"1320577","formEdgeID":null},{"edgeID":"1733214","fromID":"1320577","toID":"1152367","formEdgeID":null},{"edgeID":"1733215","fromID":"1152340","toID":"1320577","formEdgeID":null},{"edgeID":"1733216","fromID":"1320560","toID":"1320578","formEdgeID":null},{"edgeID":"1733217","fromID":"1320578","toID":"1320577","formEdgeID":null},{"edgeID":"1733218","fromID":"1320579","toID":"1152360","formEdgeID":null},{"edgeID":"1733219","fromID":"1152367","toID":"1320579","formEdgeID":null},{"edgeID":"1733220","fromID":"1320580","toID":"1320542","formEdgeID":null},{"edgeID":"1733221","fromID":"1320545","toID":"1320580","formEdgeID":null},{"edgeID":"1733222","fromID":"1320581","toID":"1152372","formEdgeID":null},{"edgeID":"1733223","fromID":"1320542","toID":"1320581","formEdgeID":null},{"edgeID":"1733224","fromID":"1320547","toID":"1320582","formEdgeID":null},{"edgeID":"1733225","fromID":"1320582","toID":"1320546","formEdgeID":null},{"edgeID":"1733226","fromID":"1320546","toID":"1320583","formEdgeID":null},{"edgeID":"1733227","fromID":"1320583","toID":"1152377","formEdgeID":null},{"edgeID":"1733228","fromID":"1320538","toID":"1320584","formEdgeID":null},{"edgeID":"1733229","fromID":"1320584","toID":"1320542","formEdgeID":null},{"edgeID":"1733230","fromID":"1320542","toID":"1320585","formEdgeID":null},{"edgeID":"1733231","fromID":"1320585","toID":"1320546","formEdgeID":null},{"edgeID":"1733232","fromID":"1320586","toID":"1320550","formEdgeID":null},{"edgeID":"1733233","fromID":"1320552","toID":"1320586","formEdgeID":null},{"edgeID":"1733234","fromID":"1320587","toID":"1152381","formEdgeID":null},{"edgeID":"1733235","fromID":"1320550","toID":"1320587","formEdgeID":null},{"edgeID":"1733236","fromID":"1320588","toID":"1320550","formEdgeID":null},{"edgeID":"1733237","fromID":"1320546","toID":"1320588","formEdgeID":null},{"edgeID":"1733238","fromID":"1152381","toID":"1320589","formEdgeID":null},{"edgeID":"1733239","fromID":"1320589","toID":"1152377","formEdgeID":null},{"edgeID":"1733240","fromID":"1320590","toID":"1152372","formEdgeID":null},{"edgeID":"1733241","fromID":"1152377","toID":"1320590","formEdgeID":null},{"edgeID":"1733242","fromID":"1320585","toID":"1320591","formEdgeID":null},{"edgeID":"1733243","fromID":"1320591","toID":"1320590","formEdgeID":null},{"edgeID":"1733244","fromID":"1320588","toID":"1320592","formEdgeID":null},{"edgeID":"1733245","fromID":"1320592","toID":"1320589","formEdgeID":null},{"edgeID":"1733246","fromID":"1320557","toID":"1320593","formEdgeID":null},{"edgeID":"1733247","fromID":"1320593","toID":"1320556","formEdgeID":null},{"edgeID":"1733248","fromID":"1320556","toID":"1320594","formEdgeID":null},{"edgeID":"1733249","fromID":"1320594","toID":"1152386","formEdgeID":null},{"edgeID":"1733250","fromID":"1320550","toID":"1320595","formEdgeID":null},{"edgeID":"1733251","fromID":"1320595","toID":"1320556","formEdgeID":null},{"edgeID":"1733252","fromID":"1152386","toID":"1320596","formEdgeID":null},{"edgeID":"1733253","fromID":"1320596","toID":"1152377","formEdgeID":null},{"edgeID":"1733254","fromID":"1320597","toID":"1320596","formEdgeID":null},{"edgeID":"1733255","fromID":"1320595","toID":"1320597","formEdgeID":null},{"edgeID":"1733256","fromID":"1320565","toID":"1320598","formEdgeID":null},{"edgeID":"1733257","fromID":"1320598","toID":"1320563","formEdgeID":null},{"edgeID":"1733258","fromID":"1320563","toID":"1320599","formEdgeID":null},{"edgeID":"1733259","fromID":"1320599","toID":"1145378","formEdgeID":null},{"edgeID":"1733260","fromID":"1320600","toID":"1320563","formEdgeID":null},{"edgeID":"1733261","fromID":"1320556","toID":"1320600","formEdgeID":null},{"edgeID":"1733262","fromID":"1320601","toID":"1320572","formEdgeID":null},{"edgeID":"1733263","fromID":"1320574","toID":"1320601","formEdgeID":null},{"edgeID":"1733264","fromID":"1320572","toID":"1320602","formEdgeID":null},{"edgeID":"1733265","fromID":"1320602","toID":"1152405","formEdgeID":null},{"edgeID":"1733266","fromID":"1320563","toID":"1320603","formEdgeID":null},{"edgeID":"1733267","fromID":"1320603","toID":"1320572","formEdgeID":null},{"edgeID":"1733268","fromID":"1145372","toID":"1320604","formEdgeID":null},{"edgeID":"1733269","fromID":"1320604","toID":"1145374","formEdgeID":null},{"edgeID":"1733270","fromID":"1320532","toID":"1320605","formEdgeID":null},{"edgeID":"1733271","fromID":"1320605","toID":"1320604","formEdgeID":null}],"locutions":[]}