{"nodes":[{"nodeID":"1144759","text":"Douglas Ross has consistently adhered to the standard that those in public office should keep the rules whether they are making the rules","type":"I","timestamp":"2023-04-20 10:09:24"},{"nodeID":"1144763","text":"Douglas Ross consistently adhering to the standard that those in public office should keep the rules is why Douglas Ross on principle resigned from the government over the case of Dominic Cummings' so-called eye test drive to Barnard Castle","type":"I","timestamp":"2023-04-20 10:09:26"},{"nodeID":"1144770","text":"Douglas Ross has been consistent","type":"I","timestamp":"2023-04-20 10:09:29"},{"nodeID":"1144781","text":"the Scottish Conservatives have been consistent","type":"I","timestamp":"2023-04-20 10:09:31"},{"nodeID":"1144789","text":"those who make the rules must abide by the rules","type":"I","timestamp":"2023-04-20 10:09:34"},{"nodeID":"1144797","text":"by calling the Scottish Tory leader a lightweight, the government did or did not show its contempt for the people of Scotland","type":"I","timestamp":"2023-04-20 10:09:36"},{"nodeID":"1144803","text":"the Scottish Conservative Party should or should not drop and unionist from its title","type":"I","timestamp":"2023-04-20 10:09:38"},{"nodeID":"1144811","text":"should the Scottish Conservative party drop an unionist from its title or should not is a reference to Jacob Rees Mogg The prime minister was offered the opportunity yesterday in interview to repudiate description that Scottish Conservative party is an unionist party","type":"I","timestamp":"2023-04-20 10:09:41"},{"nodeID":"1144819","text":"Boris Johnson did not repudiate Jacob Rees-Mogg's remarks","type":"I","timestamp":"2023-04-20 10:09:43"},{"nodeID":"1144824","text":"Boris Johnson chose to answer in a different way","type":"I","timestamp":"2023-04-20 10:09:46"},{"nodeID":"1144832","text":"Douglas Ross was supporting Boris Johnson to the leadership when I think most of us could see Boris Johnson was singularly unknit to fulfil the potion of prime minister","type":"I","timestamp":"2023-04-20 10:09:48"},{"nodeID":"1144837","text":"Douglas Ross was an enthusiastic supporter of Boris Johnson","type":"I","timestamp":"2023-04-20 10:09:50"},{"nodeID":"1144846","text":"for supporting Boris Johnson to the leadership when most of us could see Boris Johnson was singularly unknit to fulfil the potion of prime minister Douglas Ross owes the people of Scotland and across the UK an apology","type":"I","timestamp":"2023-04-20 10:09:52"},{"nodeID":"1144854","text":"Douglas Ross is having been called a lightweight","type":"I","timestamp":"2023-04-20 10:09:55"},{"nodeID":"1144860","text":"Douglas Ross is getting a taste of the disdain that a lot of politicians in lobbed hold Scotland","type":"I","timestamp":"2023-04-20 10:09:57"},{"nodeID":"1321193","text":"Stephen Kerr: Douglas Ross has consistently adhered to the standard that those in public office should keep the rules whether they are making the rules","type":"L","timestamp":"2023-11-09 13:25:30"},{"nodeID":"1321194","text":"Analysing","type":"YA","timestamp":"2023-11-09 13:25:30"},{"nodeID":"1321195","text":"Joanna: Stephen Kerr: Douglas Ross has consistently adhered to the standard that those in public office should keep the rules whether they are making the rules","type":"L","timestamp":"2023-11-09 13:25:30"},{"nodeID":"1321196","text":"Stephen Kerr: That is why he on principle resigned from the government over the case of Dominic consumption' so-called eye test joinery to bar in this regard castle","type":"L","timestamp":"2023-11-09 13:25:30"},{"nodeID":"1321197","text":"Analysing","type":"YA","timestamp":"2023-11-09 13:25:30"},{"nodeID":"1321198","text":"Joanna: Stephen Kerr: That is why he on principle resigned from the government over the case of Dominic consumption' so-called eye test joinery to bar in this regard castle","type":"L","timestamp":"2023-11-09 13:25:30"},{"nodeID":"1321199","text":"Asserting","type":"YA","timestamp":"2023-11-09 13:25:30"},{"nodeID":"1321200","text":"Default Transition","type":"TA","timestamp":"2023-11-09 13:25:30"},{"nodeID":"1321201","text":"Default Inference","type":"RA","timestamp":"2023-11-09 13:25:30"},{"nodeID":"1321202","text":"Stephen Kerr: Douglas Ross has been consistent","type":"L","timestamp":"2023-11-09 13:25:31"},{"nodeID":"1321203","text":"Analysing","type":"YA","timestamp":"2023-11-09 13:25:31"},{"nodeID":"1321204","text":"Joanna: Stephen Kerr: Douglas Ross has been consistent","type":"L","timestamp":"2023-11-09 13:25:31"},{"nodeID":"1321205","text":"Asserting","type":"YA","timestamp":"2023-11-09 13:25:31"},{"nodeID":"1321206","text":"Default Transition","type":"TA","timestamp":"2023-11-09 13:25:31"},{"nodeID":"1321207","text":"Default Rephrase","type":"MA","timestamp":"2023-11-09 13:25:31"},{"nodeID":"1321208","text":"Default Transition","type":"TA","timestamp":"2023-11-09 13:25:31"},{"nodeID":"1321209","text":"Restating","type":"YA","timestamp":"2023-11-09 13:25:31"},{"nodeID":"1321210","text":"Default Inference","type":"RA","timestamp":"2023-11-09 13:25:31"},{"nodeID":"1321211","text":"Arguing","type":"YA","timestamp":"2023-11-09 13:25:31"},{"nodeID":"1321212","text":"Stephen Kerr: the Scottish Conservatives have been consistent","type":"L","timestamp":"2023-11-09 13:25:31"},{"nodeID":"1321213","text":"Analysing","type":"YA","timestamp":"2023-11-09 13:25:31"},{"nodeID":"1321214","text":"Joanna: Stephen Kerr: the Scottish Conservatives have been consistent","type":"L","timestamp":"2023-11-09 13:25:31"},{"nodeID":"1321215","text":"Asserting","type":"YA","timestamp":"2023-11-09 13:25:31"},{"nodeID":"1321216","text":"Default Transition","type":"TA","timestamp":"2023-11-09 13:25:31"},{"nodeID":"1321217","text":"Default Rephrase","type":"MA","timestamp":"2023-11-09 13:25:31"},{"nodeID":"1321218","text":"Restating","type":"YA","timestamp":"2023-11-09 13:25:31"},{"nodeID":"1321219","text":"Stephen Kerr: Those who make the rules must apied by the rules","type":"L","timestamp":"2023-11-09 13:25:32"},{"nodeID":"1321220","text":"Analysing","type":"YA","timestamp":"2023-11-09 13:25:32"},{"nodeID":"1321221","text":"Joanna: Stephen Kerr: Those who make the rules must apied by the rules","type":"L","timestamp":"2023-11-09 13:25:32"},{"nodeID":"1321222","text":"Asserting","type":"YA","timestamp":"2023-11-09 13:25:32"},{"nodeID":"1321223","text":"Default Rephrase","type":"MA","timestamp":"2023-11-09 13:25:32"},{"nodeID":"1321224","text":"Default Transition","type":"TA","timestamp":"2023-11-09 13:25:32"},{"nodeID":"1321225","text":"Restating","type":"YA","timestamp":"2023-11-09 13:25:32"},{"nodeID":"1321226","text":"AudienceMember 20220707QT15: By calling the Scottishtory leader a light waiting, did the any of the show its contempt for the people of Scotland","type":"L","timestamp":"2023-11-09 13:25:33"},{"nodeID":"1321227","text":"Analysing","type":"YA","timestamp":"2023-11-09 13:25:33"},{"nodeID":"1321228","text":"Joanna: AudienceMember 20220707QT15: By calling the Scottishtory leader a light waiting, did the any of the show its contempt for the people of Scotland","type":"L","timestamp":"2023-11-09 13:25:33"},{"nodeID":"1321229","text":"Pure Questioning","type":"YA","timestamp":"2023-11-09 13:25:33"},{"nodeID":"1321230","text":"Default Transition","type":"TA","timestamp":"2023-11-09 13:25:33"},{"nodeID":"1321231","text":"AudienceMember 20220707QT15:  should the Scottish Conservative party drop an unionist from its title","type":"L","timestamp":"2023-11-09 13:25:33"},{"nodeID":"1321232","text":"Analysing","type":"YA","timestamp":"2023-11-09 13:25:33"},{"nodeID":"1321233","text":"Joanna: AudienceMember 20220707QT15:  should the Scottish Conservative party drop an unionist from its title","type":"L","timestamp":"2023-11-09 13:25:33"},{"nodeID":"1321234","text":"Pure Questioning","type":"YA","timestamp":"2023-11-09 13:25:33"},{"nodeID":"1321235","text":"Default Transition","type":"TA","timestamp":"2023-11-09 13:25:33"},{"nodeID":"1321236","text":"Default Inference","type":"RA","timestamp":"2023-11-09 13:25:33"},{"nodeID":"1321237","text":"Arguing","type":"YA","timestamp":"2023-11-09 13:25:33"},{"nodeID":"1321238","text":"Fiona Bruce: This is a reference to Jacob Rees Mogg The prime minister was offered the opportunity yesterday in interview to repudiate that description","type":"L","timestamp":"2023-11-09 13:25:34"},{"nodeID":"1321239","text":"Analysing","type":"YA","timestamp":"2023-11-09 13:25:34"},{"nodeID":"1321240","text":"Joanna: Fiona Bruce: This is a reference to Jacob Rees Mogg The prime minister was offered the opportunity yesterday in interview to repudiate that description","type":"L","timestamp":"2023-11-09 13:25:34"},{"nodeID":"1321241","text":"Asserting","type":"YA","timestamp":"2023-11-09 13:25:34"},{"nodeID":"1321242","text":"Default Transition","type":"TA","timestamp":"2023-11-09 13:25:34"},{"nodeID":"1321243","text":"Default Rephrase","type":"MA","timestamp":"2023-11-09 13:25:34"},{"nodeID":"1321244","text":"Restating","type":"YA","timestamp":"2023-11-09 13:25:34"},{"nodeID":"1321245","text":"Fiona Bruce: he didn't do that","type":"L","timestamp":"2023-11-09 13:25:34"},{"nodeID":"1321246","text":"Analysing","type":"YA","timestamp":"2023-11-09 13:25:34"},{"nodeID":"1321247","text":"Joanna: Fiona Bruce: he didn't do that","type":"L","timestamp":"2023-11-09 13:25:34"},{"nodeID":"1321248","text":"Asserting","type":"YA","timestamp":"2023-11-09 13:25:34"},{"nodeID":"1321249","text":"Fiona Bruce: he chose to answer in a different way","type":"L","timestamp":"2023-11-09 13:25:35"},{"nodeID":"1321250","text":"Analysing","type":"YA","timestamp":"2023-11-09 13:25:35"},{"nodeID":"1321251","text":"Joanna: Fiona Bruce: he chose to answer in a different way","type":"L","timestamp":"2023-11-09 13:25:35"},{"nodeID":"1321252","text":"Asserting","type":"YA","timestamp":"2023-11-09 13:25:35"},{"nodeID":"1321253","text":"Default Inference","type":"RA","timestamp":"2023-11-09 13:25:35"},{"nodeID":"1321254","text":"Default Transition","type":"TA","timestamp":"2023-11-09 13:25:35"},{"nodeID":"1321255","text":"Arguing","type":"YA","timestamp":"2023-11-09 13:25:35"},{"nodeID":"1321256","text":"Mairi McAllan: supporting him to the leadership when I think most of us could see he was singularly unknit to fulfil the potion of prime minister","type":"L","timestamp":"2023-11-09 13:25:36"},{"nodeID":"1321257","text":"Analysing","type":"YA","timestamp":"2023-11-09 13:25:36"},{"nodeID":"1321258","text":"Joanna: Mairi McAllan: supporting him to the leadership when I think most of us could see he was singularly unknit to fulfil the potion of prime minister","type":"L","timestamp":"2023-11-09 13:25:36"},{"nodeID":"1321259","text":"Asserting","type":"YA","timestamp":"2023-11-09 13:25:36"},{"nodeID":"1321260","text":"Mairi McAllan: Douglas Ross was an enthusiastic supporter of Boris Johnson","type":"L","timestamp":"2023-11-09 13:25:36"},{"nodeID":"1321261","text":"Analysing","type":"YA","timestamp":"2023-11-09 13:25:36"},{"nodeID":"1321262","text":"Joanna: Mairi McAllan: Douglas Ross was an enthusiastic supporter of Boris Johnson","type":"L","timestamp":"2023-11-09 13:25:36"},{"nodeID":"1321263","text":"Asserting","type":"YA","timestamp":"2023-11-09 13:25:36"},{"nodeID":"1321264","text":"Default Transition","type":"TA","timestamp":"2023-11-09 13:25:36"},{"nodeID":"1321265","text":"Default Inference","type":"RA","timestamp":"2023-11-09 13:25:36"},{"nodeID":"1321266","text":"Default Transition","type":"TA","timestamp":"2023-11-09 13:25:36"},{"nodeID":"1321267","text":"Arguing","type":"YA","timestamp":"2023-11-09 13:25:36"},{"nodeID":"1321268","text":"Mairi McAllan: For that he owes the people of Scotland and across the UK an apology","type":"L","timestamp":"2023-11-09 13:25:37"},{"nodeID":"1321269","text":"Analysing","type":"YA","timestamp":"2023-11-09 13:25:37"},{"nodeID":"1321270","text":"Joanna: Mairi McAllan: For that he owes the people of Scotland and across the UK an apology","type":"L","timestamp":"2023-11-09 13:25:37"},{"nodeID":"1321271","text":"Asserting","type":"YA","timestamp":"2023-11-09 13:25:37"},{"nodeID":"1321272","text":"Default Transition","type":"TA","timestamp":"2023-11-09 13:25:37"},{"nodeID":"1321273","text":"Default Inference","type":"RA","timestamp":"2023-11-09 13:25:37"},{"nodeID":"1321274","text":"Arguing","type":"YA","timestamp":"2023-11-09 13:25:37"},{"nodeID":"1321275","text":"Mairi McAllan: Having been called a lightweight","type":"L","timestamp":"2023-11-09 13:25:37"},{"nodeID":"1321276","text":"Analysing","type":"YA","timestamp":"2023-11-09 13:25:37"},{"nodeID":"1321277","text":"Joanna: Mairi McAllan: Having been called a lightweight","type":"L","timestamp":"2023-11-09 13:25:37"},{"nodeID":"1321278","text":"Asserting","type":"YA","timestamp":"2023-11-09 13:25:37"},{"nodeID":"1321279","text":"Default Transition","type":"TA","timestamp":"2023-11-09 13:25:37"},{"nodeID":"1321280","text":"Mairi McAllan: he is getting a taste of the disdain that a lot of politicians in lobbed hold Scotland","type":"L","timestamp":"2023-11-09 13:25:38"},{"nodeID":"1321281","text":"Analysing","type":"YA","timestamp":"2023-11-09 13:25:38"},{"nodeID":"1321282","text":"Joanna: Mairi McAllan: he is getting a taste of the disdain that a lot of politicians in lobbed hold Scotland","type":"L","timestamp":"2023-11-09 13:25:38"},{"nodeID":"1321283","text":"Asserting","type":"YA","timestamp":"2023-11-09 13:25:38"},{"nodeID":"1321284","text":"Default Transition","type":"TA","timestamp":"2023-11-09 13:25:38"},{"nodeID":"1321285","text":"Asserting","type":"YA","timestamp":"2023-11-09 13:25:38"},{"nodeID":"1321286","text":"Default Transition","type":"TA","timestamp":"2023-11-09 13:25:38"},{"nodeID":"1321287","text":"Default Rephrase","type":"MA","timestamp":"2023-11-09 13:25:38"},{"nodeID":"1321288","text":"Restating","type":"YA","timestamp":"2023-11-09 13:25:38"}],"edges":[{"edgeID":"1734020","fromID":"1321194","toID":"1321193","formEdgeID":null},{"edgeID":"1734021","fromID":"1321195","toID":"1321194","formEdgeID":null},{"edgeID":"1734022","fromID":"1321197","toID":"1321196","formEdgeID":null},{"edgeID":"1734023","fromID":"1321198","toID":"1321197","formEdgeID":null},{"edgeID":"1734024","fromID":"1321196","toID":"1321199","formEdgeID":null},{"edgeID":"1734025","fromID":"1321199","toID":"1144763","formEdgeID":null},{"edgeID":"1734026","fromID":"1321193","toID":"1321200","formEdgeID":null},{"edgeID":"1734027","fromID":"1321200","toID":"1321196","formEdgeID":null},{"edgeID":"1734028","fromID":"1144759","toID":"1321201","formEdgeID":null},{"edgeID":"1734029","fromID":"1321201","toID":"1144763","formEdgeID":null},{"edgeID":"1734030","fromID":"1321203","toID":"1321202","formEdgeID":null},{"edgeID":"1734031","fromID":"1321204","toID":"1321203","formEdgeID":null},{"edgeID":"1734032","fromID":"1321202","toID":"1321205","formEdgeID":null},{"edgeID":"1734033","fromID":"1321205","toID":"1144770","formEdgeID":null},{"edgeID":"1734034","fromID":"1321196","toID":"1321206","formEdgeID":null},{"edgeID":"1734035","fromID":"1321206","toID":"1321202","formEdgeID":null},{"edgeID":"1734036","fromID":"1144770","toID":"1321207","formEdgeID":null},{"edgeID":"1734037","fromID":"1321207","toID":"1144759","formEdgeID":null},{"edgeID":"1734038","fromID":"1321193","toID":"1321208","formEdgeID":null},{"edgeID":"1734039","fromID":"1321208","toID":"1321202","formEdgeID":null},{"edgeID":"1734040","fromID":"1321208","toID":"1321209","formEdgeID":null},{"edgeID":"1734041","fromID":"1321209","toID":"1321207","formEdgeID":null},{"edgeID":"1734042","fromID":"1144763","toID":"1321210","formEdgeID":null},{"edgeID":"1734043","fromID":"1321210","toID":"1144770","formEdgeID":null},{"edgeID":"1734044","fromID":"1321206","toID":"1321211","formEdgeID":null},{"edgeID":"1734045","fromID":"1321211","toID":"1321210","formEdgeID":null},{"edgeID":"1734046","fromID":"1321213","toID":"1321212","formEdgeID":null},{"edgeID":"1734047","fromID":"1321214","toID":"1321213","formEdgeID":null},{"edgeID":"1734048","fromID":"1321212","toID":"1321215","formEdgeID":null},{"edgeID":"1734049","fromID":"1321215","toID":"1144781","formEdgeID":null},{"edgeID":"1734050","fromID":"1321202","toID":"1321216","formEdgeID":null},{"edgeID":"1734051","fromID":"1321216","toID":"1321212","formEdgeID":null},{"edgeID":"1734052","fromID":"1144781","toID":"1321217","formEdgeID":null},{"edgeID":"1734053","fromID":"1321217","toID":"1144770","formEdgeID":null},{"edgeID":"1734054","fromID":"1321216","toID":"1321218","formEdgeID":null},{"edgeID":"1734055","fromID":"1321218","toID":"1321217","formEdgeID":null},{"edgeID":"1734056","fromID":"1321220","toID":"1321219","formEdgeID":null},{"edgeID":"1734057","fromID":"1321221","toID":"1321220","formEdgeID":null},{"edgeID":"1734058","fromID":"1321219","toID":"1321222","formEdgeID":null},{"edgeID":"1734059","fromID":"1321222","toID":"1144789","formEdgeID":null},{"edgeID":"1734060","fromID":"1144789","toID":"1321223","formEdgeID":null},{"edgeID":"1734061","fromID":"1321223","toID":"1144759","formEdgeID":null},{"edgeID":"1734062","fromID":"1321193","toID":"1321224","formEdgeID":null},{"edgeID":"1734063","fromID":"1321224","toID":"1321219","formEdgeID":null},{"edgeID":"1734064","fromID":"1321224","toID":"1321225","formEdgeID":null},{"edgeID":"1734065","fromID":"1321225","toID":"1321223","formEdgeID":null},{"edgeID":"1734066","fromID":"1321227","toID":"1321226","formEdgeID":null},{"edgeID":"1734067","fromID":"1321228","toID":"1321227","formEdgeID":null},{"edgeID":"1734068","fromID":"1321226","toID":"1321229","formEdgeID":null},{"edgeID":"1734069","fromID":"1321229","toID":"1144797","formEdgeID":null},{"edgeID":"1734070","fromID":"1321219","toID":"1321230","formEdgeID":null},{"edgeID":"1734071","fromID":"1321230","toID":"1321226","formEdgeID":null},{"edgeID":"1734072","fromID":"1321232","toID":"1321231","formEdgeID":null},{"edgeID":"1734073","fromID":"1321233","toID":"1321232","formEdgeID":null},{"edgeID":"1734074","fromID":"1321231","toID":"1321234","formEdgeID":null},{"edgeID":"1734075","fromID":"1321234","toID":"1144803","formEdgeID":null},{"edgeID":"1734076","fromID":"1321226","toID":"1321235","formEdgeID":null},{"edgeID":"1734077","fromID":"1321235","toID":"1321231","formEdgeID":null},{"edgeID":"1734078","fromID":"1144797","toID":"1321236","formEdgeID":null},{"edgeID":"1734079","fromID":"1321236","toID":"1144803","formEdgeID":null},{"edgeID":"1734080","fromID":"1321235","toID":"1321237","formEdgeID":null},{"edgeID":"1734081","fromID":"1321237","toID":"1321236","formEdgeID":null},{"edgeID":"1734082","fromID":"1321239","toID":"1321238","formEdgeID":null},{"edgeID":"1734083","fromID":"1321240","toID":"1321239","formEdgeID":null},{"edgeID":"1734084","fromID":"1321238","toID":"1321241","formEdgeID":null},{"edgeID":"1734085","fromID":"1321241","toID":"1144811","formEdgeID":null},{"edgeID":"1734086","fromID":"1321231","toID":"1321242","formEdgeID":null},{"edgeID":"1734087","fromID":"1321242","toID":"1321238","formEdgeID":null},{"edgeID":"1734088","fromID":"1144811","toID":"1321243","formEdgeID":null},{"edgeID":"1734089","fromID":"1321243","toID":"1144803","formEdgeID":null},{"edgeID":"1734090","fromID":"1321242","toID":"1321244","formEdgeID":null},{"edgeID":"1734091","fromID":"1321244","toID":"1321243","formEdgeID":null},{"edgeID":"1734092","fromID":"1321246","toID":"1321245","formEdgeID":null},{"edgeID":"1734093","fromID":"1321247","toID":"1321246","formEdgeID":null},{"edgeID":"1734094","fromID":"1321245","toID":"1321248","formEdgeID":null},{"edgeID":"1734095","fromID":"1321248","toID":"1144819","formEdgeID":null},{"edgeID":"1734096","fromID":"1321250","toID":"1321249","formEdgeID":null},{"edgeID":"1734097","fromID":"1321251","toID":"1321250","formEdgeID":null},{"edgeID":"1734098","fromID":"1321249","toID":"1321252","formEdgeID":null},{"edgeID":"1734099","fromID":"1321252","toID":"1144824","formEdgeID":null},{"edgeID":"1734100","fromID":"1144824","toID":"1321253","formEdgeID":null},{"edgeID":"1734101","fromID":"1321253","toID":"1144819","formEdgeID":null},{"edgeID":"1734102","fromID":"1321245","toID":"1321254","formEdgeID":null},{"edgeID":"1734103","fromID":"1321254","toID":"1321249","formEdgeID":null},{"edgeID":"1734104","fromID":"1321254","toID":"1321255","formEdgeID":null},{"edgeID":"1734105","fromID":"1321255","toID":"1321253","formEdgeID":null},{"edgeID":"1734106","fromID":"1321257","toID":"1321256","formEdgeID":null},{"edgeID":"1734107","fromID":"1321258","toID":"1321257","formEdgeID":null},{"edgeID":"1734108","fromID":"1321256","toID":"1321259","formEdgeID":null},{"edgeID":"1734109","fromID":"1321259","toID":"1144832","formEdgeID":null},{"edgeID":"1734110","fromID":"1321261","toID":"1321260","formEdgeID":null},{"edgeID":"1734111","fromID":"1321262","toID":"1321261","formEdgeID":null},{"edgeID":"1734112","fromID":"1321260","toID":"1321263","formEdgeID":null},{"edgeID":"1734113","fromID":"1321263","toID":"1144837","formEdgeID":null},{"edgeID":"1734114","fromID":"1321249","toID":"1321264","formEdgeID":null},{"edgeID":"1734115","fromID":"1321264","toID":"1321260","formEdgeID":null},{"edgeID":"1734116","fromID":"1144832","toID":"1321265","formEdgeID":null},{"edgeID":"1734117","fromID":"1321265","toID":"1144837","formEdgeID":null},{"edgeID":"1734118","fromID":"1321260","toID":"1321266","formEdgeID":null},{"edgeID":"1734119","fromID":"1321266","toID":"1321256","formEdgeID":null},{"edgeID":"1734120","fromID":"1321266","toID":"1321267","formEdgeID":null},{"edgeID":"1734121","fromID":"1321267","toID":"1321265","formEdgeID":null},{"edgeID":"1734122","fromID":"1321269","toID":"1321268","formEdgeID":null},{"edgeID":"1734123","fromID":"1321270","toID":"1321269","formEdgeID":null},{"edgeID":"1734124","fromID":"1321268","toID":"1321271","formEdgeID":null},{"edgeID":"1734125","fromID":"1321271","toID":"1144846","formEdgeID":null},{"edgeID":"1734126","fromID":"1321256","toID":"1321272","formEdgeID":null},{"edgeID":"1734127","fromID":"1321272","toID":"1321268","formEdgeID":null},{"edgeID":"1734128","fromID":"1144832","toID":"1321273","formEdgeID":null},{"edgeID":"1734129","fromID":"1321273","toID":"1144846","formEdgeID":null},{"edgeID":"1734130","fromID":"1321272","toID":"1321274","formEdgeID":null},{"edgeID":"1734131","fromID":"1321274","toID":"1321273","formEdgeID":null},{"edgeID":"1734132","fromID":"1321276","toID":"1321275","formEdgeID":null},{"edgeID":"1734133","fromID":"1321277","toID":"1321276","formEdgeID":null},{"edgeID":"1734134","fromID":"1321275","toID":"1321278","formEdgeID":null},{"edgeID":"1734135","fromID":"1321278","toID":"1144854","formEdgeID":null},{"edgeID":"1734136","fromID":"1321268","toID":"1321279","formEdgeID":null},{"edgeID":"1734137","fromID":"1321279","toID":"1321275","formEdgeID":null},{"edgeID":"1734138","fromID":"1321281","toID":"1321280","formEdgeID":null},{"edgeID":"1734139","fromID":"1321282","toID":"1321281","formEdgeID":null},{"edgeID":"1734140","fromID":"1321280","toID":"1321283","formEdgeID":null},{"edgeID":"1734141","fromID":"1321283","toID":"1144860","formEdgeID":null},{"edgeID":"1734142","fromID":"1321275","toID":"1321284","formEdgeID":null},{"edgeID":"1734143","fromID":"1321284","toID":"1321280","formEdgeID":null},{"edgeID":"1734144","fromID":"1321193","toID":"1321285","formEdgeID":null},{"edgeID":"1734145","fromID":"1321285","toID":"1144759","formEdgeID":null},{"edgeID":"1734146","fromID":"1321238","toID":"1321286","formEdgeID":null},{"edgeID":"1734147","fromID":"1321286","toID":"1321245","formEdgeID":null},{"edgeID":"1734148","fromID":"1144819","toID":"1321287","formEdgeID":null},{"edgeID":"1734149","fromID":"1321287","toID":"1144811","formEdgeID":null},{"edgeID":"1734150","fromID":"1321286","toID":"1321288","formEdgeID":null},{"edgeID":"1734151","fromID":"1321288","toID":"1321287","formEdgeID":null}],"locutions":[]}