{"nodes":[{"nodeID":"1145340","text":"xxx is how long has Boris Johnson got left","type":"I","timestamp":"2023-04-20 10:13:19"},{"nodeID":"1145342","text":"AudienceMember 20220707QT02 is surprised Boris Johnson is still here","type":"I","timestamp":"2023-04-20 10:13:21"},{"nodeID":"1145344","text":"what Douglas Ross has shown is principal","type":"I","timestamp":"2023-04-20 10:13:23"},{"nodeID":"1156129","text":"those who are elected to public office have a responsibility to discharge responsibility but lead by example","type":"I","timestamp":"2023-04-21 13:55:09"},{"nodeID":"1156711","text":"xxx is how come AudienceMember 20220707QT01 thinks","type":"I","timestamp":"2023-04-21 13:58:08"},{"nodeID":"1156723","text":"this is a difficult thing for Stephen Kerr as a lifelong Conservative to be sitting here","type":"I","timestamp":"2023-04-21 13:58:14"},{"nodeID":"1156729","text":"having to say what it is like the leader of any party at UK level should resign","type":"I","timestamp":"2023-04-21 13:58:17"},{"nodeID":"1156737","text":"that a party leader at UK level should resign is what Stephen Kerr is saying tonight","type":"I","timestamp":"2023-04-21 13:58:20"},{"nodeID":"1156748","text":"in this respect Stephen Kerr thinks that the Conservative pleader in Scotland, Douglas Ross is right","type":"I","timestamp":"2023-04-21 13:58:23"},{"nodeID":"1156756","text":"there needs to be standards in public life","type":"I","timestamp":"2023-04-21 13:58:25"},{"nodeID":"1319914","text":"AudienceMember 20220707QT01: How long has Boris Johnson got left?","type":"L","timestamp":"2023-11-09 13:23:29"},{"nodeID":"1319915","text":"Analysing","type":"YA","timestamp":"2023-11-09 13:23:29"},{"nodeID":"1319916","text":"Chris: AudienceMember 20220707QT01: How long has Boris Johnson got left?","type":"L","timestamp":"2023-11-09 13:23:29"},{"nodeID":"1319917","text":"Pure Questioning","type":"YA","timestamp":"2023-11-09 13:23:29"},{"nodeID":"1319918","text":"Fiona Bruce: How come do you think, Karen","type":"L","timestamp":"2023-11-09 13:23:30"},{"nodeID":"1319919","text":"Analysing","type":"YA","timestamp":"2023-11-09 13:23:30"},{"nodeID":"1319920","text":"Chris: Fiona Bruce: How come do you think, Karen","type":"L","timestamp":"2023-11-09 13:23:30"},{"nodeID":"1319921","text":"Pure Questioning","type":"YA","timestamp":"2023-11-09 13:23:30"},{"nodeID":"1319922","text":"Default Transition","type":"TA","timestamp":"2023-11-09 13:23:30"},{"nodeID":"1319923","text":"AudienceMember 20220707QT01: I'm surprised he's still here","type":"L","timestamp":"2023-11-09 13:23:30"},{"nodeID":"1319924","text":"Analysing","type":"YA","timestamp":"2023-11-09 13:23:30"},{"nodeID":"1319925","text":"Chris: AudienceMember 20220707QT01: I'm surprised he's still here","type":"L","timestamp":"2023-11-09 13:23:30"},{"nodeID":"1319926","text":"Asserting","type":"YA","timestamp":"2023-11-09 13:23:30"},{"nodeID":"1319927","text":"Default Transition","type":"TA","timestamp":"2023-11-09 13:23:30"},{"nodeID":"1319928","text":"Default Rephrase","type":"MA","timestamp":"2023-11-09 13:23:30"},{"nodeID":"1319929","text":"Default Illocuting","type":"YA","timestamp":"2023-11-09 13:23:30"},{"nodeID":"1319930","text":"Misnamed StephenKerr: this is a difficult thing for me as a lifelong Conservative to be sitting here","type":"L","timestamp":"2023-11-09 13:23:31"},{"nodeID":"1319931","text":"Analysing","type":"YA","timestamp":"2023-11-09 13:23:31"},{"nodeID":"1319932","text":"Chris: Misnamed StephenKerr: this is a difficult thing for me as a lifelong Conservative to be sitting here","type":"L","timestamp":"2023-11-09 13:23:31"},{"nodeID":"1319933","text":"Asserting","type":"YA","timestamp":"2023-11-09 13:23:31"},{"nodeID":"1319934","text":"Default Transition","type":"TA","timestamp":"2023-11-09 13:23:31"},{"nodeID":"1319935","text":"Misnamed StephenKerr: having to say what it is like the leader of any party at UK level should resign","type":"L","timestamp":"2023-11-09 13:23:32"},{"nodeID":"1319936","text":"Analysing","type":"YA","timestamp":"2023-11-09 13:23:32"},{"nodeID":"1319937","text":"Chris: Misnamed StephenKerr: having to say what it is like the leader of any party at UK level should resign","type":"L","timestamp":"2023-11-09 13:23:32"},{"nodeID":"1319938","text":"Asserting","type":"YA","timestamp":"2023-11-09 13:23:32"},{"nodeID":"1319939","text":"Default Transition","type":"TA","timestamp":"2023-11-09 13:23:32"},{"nodeID":"1319940","text":"Default Inference","type":"RA","timestamp":"2023-11-09 13:23:32"},{"nodeID":"1319941","text":"Arguing","type":"YA","timestamp":"2023-11-09 13:23:32"},{"nodeID":"1319942","text":"Misnamed StephenKerr: that's what I am saying tonight","type":"L","timestamp":"2023-11-09 13:23:32"},{"nodeID":"1319943","text":"Analysing","type":"YA","timestamp":"2023-11-09 13:23:32"},{"nodeID":"1319944","text":"Chris: Misnamed StephenKerr: that's what I am saying tonight","type":"L","timestamp":"2023-11-09 13:23:32"},{"nodeID":"1319945","text":"Asserting","type":"YA","timestamp":"2023-11-09 13:23:32"},{"nodeID":"1319946","text":"Default Conflict","type":"CA","timestamp":"2023-11-09 13:23:32"},{"nodeID":"1319947","text":"Default Transition","type":"TA","timestamp":"2023-11-09 13:23:32"},{"nodeID":"1319948","text":"Default Rephrase","type":"MA","timestamp":"2023-11-09 13:23:32"},{"nodeID":"1319949","text":"Restating","type":"YA","timestamp":"2023-11-09 13:23:32"},{"nodeID":"1319950","text":"Default Transition","type":"TA","timestamp":"2023-11-09 13:23:32"},{"nodeID":"1319951","text":"Disagreeing","type":"YA","timestamp":"2023-11-09 13:23:32"},{"nodeID":"1319952","text":"Misnamed StephenKerr: in this respect I think that our pleader in Scotland, Douglas Ross is right","type":"L","timestamp":"2023-11-09 13:23:33"},{"nodeID":"1319953","text":"Analysing","type":"YA","timestamp":"2023-11-09 13:23:33"},{"nodeID":"1319954","text":"Chris: Misnamed StephenKerr: in this respect I think that our pleader in Scotland, Douglas Ross is right","type":"L","timestamp":"2023-11-09 13:23:33"},{"nodeID":"1319955","text":"Asserting","type":"YA","timestamp":"2023-11-09 13:23:33"},{"nodeID":"1319956","text":"Default Transition","type":"TA","timestamp":"2023-11-09 13:23:33"},{"nodeID":"1319957","text":"Default Inference","type":"RA","timestamp":"2023-11-09 13:23:33"},{"nodeID":"1319958","text":"Arguing","type":"YA","timestamp":"2023-11-09 13:23:33"},{"nodeID":"1319959","text":"Misnamed StephenKerr: There needs to be standards in public life","type":"L","timestamp":"2023-11-09 13:23:33"},{"nodeID":"1319960","text":"Analysing","type":"YA","timestamp":"2023-11-09 13:23:33"},{"nodeID":"1319961","text":"Chris: Misnamed StephenKerr: There needs to be standards in public life","type":"L","timestamp":"2023-11-09 13:23:33"},{"nodeID":"1319962","text":"Asserting","type":"YA","timestamp":"2023-11-09 13:23:33"},{"nodeID":"1319963","text":"Default Transition","type":"TA","timestamp":"2023-11-09 13:23:33"},{"nodeID":"1319964","text":"Misnamed StephenKerr: what Douglas has shown is principal","type":"L","timestamp":"2023-11-09 13:23:34"},{"nodeID":"1319965","text":"Analysing","type":"YA","timestamp":"2023-11-09 13:23:34"},{"nodeID":"1319966","text":"Chris: Misnamed StephenKerr: what Douglas has shown is principal","type":"L","timestamp":"2023-11-09 13:23:34"},{"nodeID":"1319967","text":"Asserting","type":"YA","timestamp":"2023-11-09 13:23:34"},{"nodeID":"1319968","text":"Default Transition","type":"TA","timestamp":"2023-11-09 13:23:34"},{"nodeID":"1319969","text":"Default Inference","type":"RA","timestamp":"2023-11-09 13:23:34"},{"nodeID":"1319970","text":"Arguing","type":"YA","timestamp":"2023-11-09 13:23:34"},{"nodeID":"1319971","text":"Misnamed StephenKerr: those who are elected to public office have a responsibility to discharge responsibility but lead by example","type":"L","timestamp":"2023-11-09 13:23:35"},{"nodeID":"1319972","text":"Analysing","type":"YA","timestamp":"2023-11-09 13:23:35"},{"nodeID":"1319973","text":"Chris: Misnamed StephenKerr: those who are elected to public office have a responsibility to discharge responsibility but lead by example","type":"L","timestamp":"2023-11-09 13:23:35"},{"nodeID":"1319974","text":"Asserting","type":"YA","timestamp":"2023-11-09 13:23:35"},{"nodeID":"1319975","text":"Default Rephrase","type":"MA","timestamp":"2023-11-09 13:23:35"},{"nodeID":"1319976","text":"Default Transition","type":"TA","timestamp":"2023-11-09 13:23:35"},{"nodeID":"1319977","text":"Restating","type":"YA","timestamp":"2023-11-09 13:23:35"}],"edges":[{"edgeID":"1732351","fromID":"1319915","toID":"1319914","formEdgeID":null},{"edgeID":"1732352","fromID":"1319916","toID":"1319915","formEdgeID":null},{"edgeID":"1732353","fromID":"1319914","toID":"1319917","formEdgeID":null},{"edgeID":"1732354","fromID":"1319917","toID":"1145340","formEdgeID":null},{"edgeID":"1732355","fromID":"1319919","toID":"1319918","formEdgeID":null},{"edgeID":"1732356","fromID":"1319920","toID":"1319919","formEdgeID":null},{"edgeID":"1732357","fromID":"1319918","toID":"1319921","formEdgeID":null},{"edgeID":"1732358","fromID":"1319921","toID":"1156711","formEdgeID":null},{"edgeID":"1732359","fromID":"1319914","toID":"1319922","formEdgeID":null},{"edgeID":"1732360","fromID":"1319922","toID":"1319918","formEdgeID":null},{"edgeID":"1732361","fromID":"1319924","toID":"1319923","formEdgeID":null},{"edgeID":"1732362","fromID":"1319925","toID":"1319924","formEdgeID":null},{"edgeID":"1732363","fromID":"1319923","toID":"1319926","formEdgeID":null},{"edgeID":"1732364","fromID":"1319926","toID":"1145342","formEdgeID":null},{"edgeID":"1732365","fromID":"1319918","toID":"1319927","formEdgeID":null},{"edgeID":"1732366","fromID":"1319927","toID":"1319923","formEdgeID":null},{"edgeID":"1732367","fromID":"1145342","toID":"1319928","formEdgeID":null},{"edgeID":"1732368","fromID":"1319928","toID":"1156711","formEdgeID":null},{"edgeID":"1732369","fromID":"1319927","toID":"1319929","formEdgeID":null},{"edgeID":"1732370","fromID":"1319929","toID":"1319928","formEdgeID":null},{"edgeID":"1732371","fromID":"1319931","toID":"1319930","formEdgeID":null},{"edgeID":"1732372","fromID":"1319932","toID":"1319931","formEdgeID":null},{"edgeID":"1732373","fromID":"1319930","toID":"1319933","formEdgeID":null},{"edgeID":"1732374","fromID":"1319933","toID":"1156723","formEdgeID":null},{"edgeID":"1732375","fromID":"1319923","toID":"1319934","formEdgeID":null},{"edgeID":"1732376","fromID":"1319934","toID":"1319930","formEdgeID":null},{"edgeID":"1732377","fromID":"1319936","toID":"1319935","formEdgeID":null},{"edgeID":"1732378","fromID":"1319937","toID":"1319936","formEdgeID":null},{"edgeID":"1732379","fromID":"1319935","toID":"1319938","formEdgeID":null},{"edgeID":"1732380","fromID":"1319938","toID":"1156729","formEdgeID":null},{"edgeID":"1732381","fromID":"1319930","toID":"1319939","formEdgeID":null},{"edgeID":"1732382","fromID":"1319939","toID":"1319935","formEdgeID":null},{"edgeID":"1732383","fromID":"1156729","toID":"1319940","formEdgeID":null},{"edgeID":"1732384","fromID":"1319940","toID":"1156723","formEdgeID":null},{"edgeID":"1732385","fromID":"1319939","toID":"1319941","formEdgeID":null},{"edgeID":"1732386","fromID":"1319941","toID":"1319940","formEdgeID":null},{"edgeID":"1732387","fromID":"1319943","toID":"1319942","formEdgeID":null},{"edgeID":"1732388","fromID":"1319944","toID":"1319943","formEdgeID":null},{"edgeID":"1732389","fromID":"1319942","toID":"1319945","formEdgeID":null},{"edgeID":"1732390","fromID":"1319945","toID":"1156737","formEdgeID":null},{"edgeID":"1732391","fromID":"1156737","toID":"1319946","formEdgeID":null},{"edgeID":"1732392","fromID":"1319946","toID":"1156723","formEdgeID":null},{"edgeID":"1732393","fromID":"1319935","toID":"1319947","formEdgeID":null},{"edgeID":"1732394","fromID":"1319947","toID":"1319942","formEdgeID":null},{"edgeID":"1732395","fromID":"1156737","toID":"1319948","formEdgeID":null},{"edgeID":"1732396","fromID":"1319948","toID":"1156729","formEdgeID":null},{"edgeID":"1732397","fromID":"1319947","toID":"1319949","formEdgeID":null},{"edgeID":"1732398","fromID":"1319949","toID":"1319948","formEdgeID":null},{"edgeID":"1732399","fromID":"1319930","toID":"1319950","formEdgeID":null},{"edgeID":"1732400","fromID":"1319950","toID":"1319942","formEdgeID":null},{"edgeID":"1732401","fromID":"1319950","toID":"1319951","formEdgeID":null},{"edgeID":"1732402","fromID":"1319951","toID":"1319946","formEdgeID":null},{"edgeID":"1732403","fromID":"1319953","toID":"1319952","formEdgeID":null},{"edgeID":"1732404","fromID":"1319954","toID":"1319953","formEdgeID":null},{"edgeID":"1732405","fromID":"1319952","toID":"1319955","formEdgeID":null},{"edgeID":"1732406","fromID":"1319955","toID":"1156748","formEdgeID":null},{"edgeID":"1732407","fromID":"1319942","toID":"1319956","formEdgeID":null},{"edgeID":"1732408","fromID":"1319956","toID":"1319952","formEdgeID":null},{"edgeID":"1732409","fromID":"1156748","toID":"1319957","formEdgeID":null},{"edgeID":"1732410","fromID":"1319957","toID":"1156737","formEdgeID":null},{"edgeID":"1732411","fromID":"1319956","toID":"1319958","formEdgeID":null},{"edgeID":"1732412","fromID":"1319958","toID":"1319957","formEdgeID":null},{"edgeID":"1732413","fromID":"1319960","toID":"1319959","formEdgeID":null},{"edgeID":"1732414","fromID":"1319961","toID":"1319960","formEdgeID":null},{"edgeID":"1732415","fromID":"1319959","toID":"1319962","formEdgeID":null},{"edgeID":"1732416","fromID":"1319962","toID":"1156756","formEdgeID":null},{"edgeID":"1732417","fromID":"1319952","toID":"1319963","formEdgeID":null},{"edgeID":"1732418","fromID":"1319963","toID":"1319959","formEdgeID":null},{"edgeID":"1732419","fromID":"1319965","toID":"1319964","formEdgeID":null},{"edgeID":"1732420","fromID":"1319966","toID":"1319965","formEdgeID":null},{"edgeID":"1732421","fromID":"1319964","toID":"1319967","formEdgeID":null},{"edgeID":"1732422","fromID":"1319967","toID":"1145344","formEdgeID":null},{"edgeID":"1732423","fromID":"1319959","toID":"1319968","formEdgeID":null},{"edgeID":"1732424","fromID":"1319968","toID":"1319964","formEdgeID":null},{"edgeID":"1732425","fromID":"1156748","toID":"1319969","formEdgeID":null},{"edgeID":"1732426","fromID":"1319969","toID":"1156756","formEdgeID":null},{"edgeID":"1732427","fromID":"1319969","toID":"1145344","formEdgeID":null},{"edgeID":"1732428","fromID":"1319968","toID":"1319970","formEdgeID":null},{"edgeID":"1732429","fromID":"1319970","toID":"1319969","formEdgeID":null},{"edgeID":"1732430","fromID":"1319972","toID":"1319971","formEdgeID":null},{"edgeID":"1732431","fromID":"1319973","toID":"1319972","formEdgeID":null},{"edgeID":"1732432","fromID":"1319971","toID":"1319974","formEdgeID":null},{"edgeID":"1732433","fromID":"1319974","toID":"1156129","formEdgeID":null},{"edgeID":"1732434","fromID":"1156129","toID":"1319975","formEdgeID":null},{"edgeID":"1732435","fromID":"1319975","toID":"1156748","formEdgeID":null},{"edgeID":"1732436","fromID":"1319952","toID":"1319976","formEdgeID":null},{"edgeID":"1732437","fromID":"1319976","toID":"1319971","formEdgeID":null},{"edgeID":"1732438","fromID":"1319976","toID":"1319977","formEdgeID":null},{"edgeID":"1732439","fromID":"1319977","toID":"1319975","formEdgeID":null}],"locutions":[]}