{"nodes":[{"nodeID":"1323690","text":"AudienceMember 20220707QT45 was born in this town and brought up in it, so was his wife","type":"I","timestamp":"2023-11-09 13:29:00"},{"nodeID":"1323691","text":"AudienceMember 20220707QT45: I was born in this town and brought up in it, so was my wife","type":"L","timestamp":"2023-11-09 13:29:00"},{"nodeID":"1323692","text":"Analysing","type":"YA","timestamp":"2023-11-09 13:29:00"},{"nodeID":"1323693","text":"Nicole: AudienceMember 20220707QT45: I was born in this town and brought up in it, so was my wife","type":"L","timestamp":"2023-11-09 13:29:00"},{"nodeID":"1323694","text":"Asserting","type":"YA","timestamp":"2023-11-09 13:29:00"},{"nodeID":"1323695","text":"when AudienceMember 20220707QT45 and his wife were 21 they got married","type":"I","timestamp":"2023-11-09 13:29:01"},{"nodeID":"1323696","text":"AudienceMember 20220707QT45: When we were 21 we got married","type":"L","timestamp":"2023-11-09 13:29:01"},{"nodeID":"1323697","text":"Nicole: AudienceMember 20220707QT45: When we were 21 we got married","type":"L","timestamp":"2023-11-09 13:29:01"},{"nodeID":"1323698","text":"Analysing","type":"YA","timestamp":"2023-11-09 13:29:01"},{"nodeID":"1323699","text":"Asserting","type":"YA","timestamp":"2023-11-09 13:29:01"},{"nodeID":"1323700","text":"Default Transition","type":"TA","timestamp":"2023-11-09 13:29:01"},{"nodeID":"1323701","text":"getting married was the end of AudienceMember 20220707QT45 being able to live here with his parents","type":"I","timestamp":"2023-11-09 13:29:02"},{"nodeID":"1323702","text":"AudienceMember 20220707QT45: That was the end of me being able to live here with my parents","type":"L","timestamp":"2023-11-09 13:29:02"},{"nodeID":"1323703","text":"Analysing","type":"YA","timestamp":"2023-11-09 13:29:02"},{"nodeID":"1323704","text":"Nicole: AudienceMember 20220707QT45: That was the end of me being able to live here with my parents","type":"L","timestamp":"2023-11-09 13:29:02"},{"nodeID":"1323705","text":"Asserting","type":"YA","timestamp":"2023-11-09 13:29:02"},{"nodeID":"1323706","text":"Default Transition","type":"TA","timestamp":"2023-11-09 13:29:02"},{"nodeID":"1323707","text":"AudienceMember 20220707QT45 had to move out, 10 miles away","type":"I","timestamp":"2023-11-09 13:29:02"},{"nodeID":"1323708","text":"AudienceMember 20220707QT45: I had to move out, 10 miles away","type":"L","timestamp":"2023-11-09 13:29:02"},{"nodeID":"1323709","text":"Nicole: AudienceMember 20220707QT45: I had to move out, 10 miles away","type":"L","timestamp":"2023-11-09 13:29:02"},{"nodeID":"1323710","text":"Analysing","type":"YA","timestamp":"2023-11-09 13:29:02"},{"nodeID":"1323711","text":"Asserting","type":"YA","timestamp":"2023-11-09 13:29:02"},{"nodeID":"1323712","text":"Default Transition","type":"TA","timestamp":"2023-11-09 13:29:02"},{"nodeID":"1323713","text":"AudienceMember 20220707QT45 got back eventually to St. Andrews","type":"I","timestamp":"2023-11-09 13:29:03"},{"nodeID":"1323714","text":"Analysing","type":"YA","timestamp":"2023-11-09 13:29:03"},{"nodeID":"1323715","text":"AudienceMember 20220707QT45: I got back eventually","type":"L","timestamp":"2023-11-09 13:29:03"},{"nodeID":"1323716","text":"Nicole: AudienceMember 20220707QT45: I got back eventually","type":"L","timestamp":"2023-11-09 13:29:03"},{"nodeID":"1323717","text":"Asserting","type":"YA","timestamp":"2023-11-09 13:29:03"},{"nodeID":"1323718","text":"Default Transition","type":"TA","timestamp":"2023-11-09 13:29:03"},{"nodeID":"1323719","text":"AudienceMember 20220707QT45 built his own house","type":"I","timestamp":"2023-11-09 13:29:03"},{"nodeID":"1323720","text":"Nicole: AudienceMember 20220707QT45: I built my own house","type":"L","timestamp":"2023-11-09 13:29:03"},{"nodeID":"1323721","text":"Analysing","type":"YA","timestamp":"2023-11-09 13:29:03"},{"nodeID":"1323722","text":"AudienceMember 20220707QT45: I built my own house","type":"L","timestamp":"2023-11-09 13:29:03"},{"nodeID":"1323723","text":"Asserting","type":"YA","timestamp":"2023-11-09 13:29:03"},{"nodeID":"1323724","text":"Default Transition","type":"TA","timestamp":"2023-11-09 13:29:03"},{"nodeID":"1323725","text":"Default Inference","type":"RA","timestamp":"2023-11-09 13:29:03"},{"nodeID":"1323726","text":"Arguing","type":"YA","timestamp":"2023-11-09 13:29:03"},{"nodeID":"1323727","text":"both AudienceMember 20220707QT45's children, who have their own families now, live 10 miles away","type":"I","timestamp":"2023-11-09 13:29:04"},{"nodeID":"1323728","text":"AudienceMember 20220707QT45: both my children, who have their own families now, live 10 miles away","type":"L","timestamp":"2023-11-09 13:29:04"},{"nodeID":"1323729","text":"Analysing","type":"YA","timestamp":"2023-11-09 13:29:04"},{"nodeID":"1323730","text":"Nicole: AudienceMember 20220707QT45: both my children, who have their own families now, live 10 miles away","type":"L","timestamp":"2023-11-09 13:29:04"},{"nodeID":"1323731","text":"Asserting","type":"YA","timestamp":"2023-11-09 13:29:04"},{"nodeID":"1323732","text":"Default Transition","type":"TA","timestamp":"2023-11-09 13:29:04"},{"nodeID":"1323733","text":"the same thing has happened to AudienceMember 20220707QT45's children","type":"I","timestamp":"2023-11-09 13:29:04"},{"nodeID":"1323734","text":"Nicole: AudienceMember 20220707QT45: the same thing has happened to them","type":"L","timestamp":"2023-11-09 13:29:04"},{"nodeID":"1323735","text":"Analysing","type":"YA","timestamp":"2023-11-09 13:29:04"},{"nodeID":"1323736","text":"AudienceMember 20220707QT45: the same thing has happened to them","type":"L","timestamp":"2023-11-09 13:29:04"},{"nodeID":"1323737","text":"Asserting","type":"YA","timestamp":"2023-11-09 13:29:04"},{"nodeID":"1323738","text":"Default Transition","type":"TA","timestamp":"2023-11-09 13:29:04"},{"nodeID":"1323739","text":"Default Inference","type":"RA","timestamp":"2023-11-09 13:29:04"},{"nodeID":"1323740","text":"Arguing","type":"YA","timestamp":"2023-11-09 13:29:04"},{"nodeID":"1323741","text":"AudienceMember 20220707QT45 doesn't know if many people know the statistics of St. Andrews, people like him, there's 7,500 of us, 11,000 students","type":"I","timestamp":"2023-11-09 13:29:05"},{"nodeID":"1323742","text":"AudienceMember 20220707QT45: I don't know if many people know the statistics of this town, people like me, there's 7,500 of us, 11,000 students","type":"L","timestamp":"2023-11-09 13:29:05"},{"nodeID":"1323743","text":"Analysing","type":"YA","timestamp":"2023-11-09 13:29:05"},{"nodeID":"1323744","text":"Nicole: AudienceMember 20220707QT45: I don't know if many people know the statistics of this town, people like me, there's 7,500 of us, 11,000 students","type":"L","timestamp":"2023-11-09 13:29:05"},{"nodeID":"1323745","text":"Asserting","type":"YA","timestamp":"2023-11-09 13:29:05"},{"nodeID":"1323746","text":"Default Transition","type":"TA","timestamp":"2023-11-09 13:29:05"},{"nodeID":"1323747","text":"AudienceMember 20220707QT45 doesn't know if the gentleman at the end was aware of that","type":"I","timestamp":"2023-11-09 13:29:06"},{"nodeID":"1323748","text":"AudienceMember 20220707QT45: I don't know if the gentleman at the end was aware of that","type":"L","timestamp":"2023-11-09 13:29:06"},{"nodeID":"1323749","text":"Analysing","type":"YA","timestamp":"2023-11-09 13:29:06"},{"nodeID":"1323750","text":"Nicole: AudienceMember 20220707QT45: I don't know if the gentleman at the end was aware of that","type":"L","timestamp":"2023-11-09 13:29:06"},{"nodeID":"1323751","text":"Asserting","type":"YA","timestamp":"2023-11-09 13:29:06"},{"nodeID":"1323752","text":"Default Transition","type":"TA","timestamp":"2023-11-09 13:29:06"},{"nodeID":"1323753","text":"Default Rephrase","type":"MA","timestamp":"2023-11-09 13:29:06"},{"nodeID":"1323754","text":"Restating","type":"YA","timestamp":"2023-11-09 13:29:06"},{"nodeID":"1323755","text":"7,500 of locals to 11,000 students is a shocking statistic","type":"I","timestamp":"2023-11-09 13:29:06"},{"nodeID":"1323756","text":"AudienceMember 20220707QT45: That's a shocking statistic","type":"L","timestamp":"2023-11-09 13:29:06"},{"nodeID":"1323757","text":"Analysing","type":"YA","timestamp":"2023-11-09 13:29:06"},{"nodeID":"1323758","text":"Nicole: AudienceMember 20220707QT45: That's a shocking statistic","type":"L","timestamp":"2023-11-09 13:29:06"},{"nodeID":"1323759","text":"Asserting","type":"YA","timestamp":"2023-11-09 13:29:06"},{"nodeID":"1323760","text":"Default Transition","type":"TA","timestamp":"2023-11-09 13:29:06"},{"nodeID":"1323761","text":"Default Rephrase","type":"MA","timestamp":"2023-11-09 13:29:06"},{"nodeID":"1323762","text":"Restating","type":"YA","timestamp":"2023-11-09 13:29:06"},{"nodeID":"1323763","text":"AudienceMember 20220707QT45 doesn't think you can rewind this","type":"I","timestamp":"2023-11-09 13:29:07"},{"nodeID":"1323764","text":"AudienceMember 20220707QT45: I don't think you can rewind this","type":"L","timestamp":"2023-11-09 13:29:07"},{"nodeID":"1323765","text":"Analysing","type":"YA","timestamp":"2023-11-09 13:29:07"},{"nodeID":"1323766","text":"Nicole: AudienceMember 20220707QT45: I don't think you can rewind this","type":"L","timestamp":"2023-11-09 13:29:07"},{"nodeID":"1323767","text":"Asserting","type":"YA","timestamp":"2023-11-09 13:29:07"},{"nodeID":"1323768","text":"Default Transition","type":"TA","timestamp":"2023-11-09 13:29:07"},{"nodeID":"1323769","text":"Default Rephrase","type":"MA","timestamp":"2023-11-09 13:29:07"},{"nodeID":"1323770","text":"Restating","type":"YA","timestamp":"2023-11-09 13:29:07"},{"nodeID":"1323771","text":"Default Rephrase","type":"MA","timestamp":"2023-11-09 13:29:07"},{"nodeID":"1323772","text":"Restating","type":"YA","timestamp":"2023-11-09 13:29:07"}],"edges":[{"edgeID":"1736956","fromID":"1323692","toID":"1323691","formEdgeID":null},{"edgeID":"1736957","fromID":"1323693","toID":"1323692","formEdgeID":null},{"edgeID":"1736958","fromID":"1323691","toID":"1323694","formEdgeID":null},{"edgeID":"1736959","fromID":"1323694","toID":"1323690","formEdgeID":null},{"edgeID":"1736960","fromID":"1323697","toID":"1323698","formEdgeID":null},{"edgeID":"1736961","fromID":"1323698","toID":"1323696","formEdgeID":null},{"edgeID":"1736962","fromID":"1323696","toID":"1323699","formEdgeID":null},{"edgeID":"1736963","fromID":"1323699","toID":"1323695","formEdgeID":null},{"edgeID":"1736964","fromID":"1323691","toID":"1323700","formEdgeID":null},{"edgeID":"1736965","fromID":"1323700","toID":"1323696","formEdgeID":null},{"edgeID":"1736966","fromID":"1323703","toID":"1323702","formEdgeID":null},{"edgeID":"1736967","fromID":"1323704","toID":"1323703","formEdgeID":null},{"edgeID":"1736968","fromID":"1323702","toID":"1323705","formEdgeID":null},{"edgeID":"1736969","fromID":"1323705","toID":"1323701","formEdgeID":null},{"edgeID":"1736970","fromID":"1323696","toID":"1323706","formEdgeID":null},{"edgeID":"1736971","fromID":"1323706","toID":"1323702","formEdgeID":null},{"edgeID":"1736972","fromID":"1323709","toID":"1323710","formEdgeID":null},{"edgeID":"1736973","fromID":"1323710","toID":"1323708","formEdgeID":null},{"edgeID":"1736974","fromID":"1323711","toID":"1323707","formEdgeID":null},{"edgeID":"1736975","fromID":"1323708","toID":"1323711","formEdgeID":null},{"edgeID":"1736976","fromID":"1323702","toID":"1323712","formEdgeID":null},{"edgeID":"1736977","fromID":"1323712","toID":"1323708","formEdgeID":null},{"edgeID":"1736978","fromID":"1323716","toID":"1323714","formEdgeID":null},{"edgeID":"1736979","fromID":"1323714","toID":"1323715","formEdgeID":null},{"edgeID":"1736980","fromID":"1323717","toID":"1323713","formEdgeID":null},{"edgeID":"1736981","fromID":"1323715","toID":"1323717","formEdgeID":null},{"edgeID":"1736982","fromID":"1323718","toID":"1323715","formEdgeID":null},{"edgeID":"1736983","fromID":"1323708","toID":"1323718","formEdgeID":null},{"edgeID":"1736984","fromID":"1323721","toID":"1323722","formEdgeID":null},{"edgeID":"1736985","fromID":"1323720","toID":"1323721","formEdgeID":null},{"edgeID":"1736986","fromID":"1323722","toID":"1323723","formEdgeID":null},{"edgeID":"1736987","fromID":"1323723","toID":"1323719","formEdgeID":null},{"edgeID":"1736988","fromID":"1323724","toID":"1323722","formEdgeID":null},{"edgeID":"1736989","fromID":"1323715","toID":"1323724","formEdgeID":null},{"edgeID":"1736990","fromID":"1323725","toID":"1323713","formEdgeID":null},{"edgeID":"1736991","fromID":"1323719","toID":"1323725","formEdgeID":null},{"edgeID":"1736992","fromID":"1323726","toID":"1323725","formEdgeID":null},{"edgeID":"1736993","fromID":"1323724","toID":"1323726","formEdgeID":null},{"edgeID":"1736994","fromID":"1323729","toID":"1323728","formEdgeID":null},{"edgeID":"1736995","fromID":"1323730","toID":"1323729","formEdgeID":null},{"edgeID":"1736996","fromID":"1323728","toID":"1323731","formEdgeID":null},{"edgeID":"1736997","fromID":"1323731","toID":"1323727","formEdgeID":null},{"edgeID":"1736998","fromID":"1323722","toID":"1323732","formEdgeID":null},{"edgeID":"1736999","fromID":"1323732","toID":"1323728","formEdgeID":null},{"edgeID":"1737000","fromID":"1323735","toID":"1323736","formEdgeID":null},{"edgeID":"1737001","fromID":"1323734","toID":"1323735","formEdgeID":null},{"edgeID":"1737002","fromID":"1323736","toID":"1323737","formEdgeID":null},{"edgeID":"1737003","fromID":"1323737","toID":"1323733","formEdgeID":null},{"edgeID":"1737004","fromID":"1323728","toID":"1323738","formEdgeID":null},{"edgeID":"1737005","fromID":"1323738","toID":"1323736","formEdgeID":null},{"edgeID":"1737006","fromID":"1323733","toID":"1323739","formEdgeID":null},{"edgeID":"1737007","fromID":"1323739","toID":"1323727","formEdgeID":null},{"edgeID":"1737008","fromID":"1323738","toID":"1323740","formEdgeID":null},{"edgeID":"1737009","fromID":"1323740","toID":"1323739","formEdgeID":null},{"edgeID":"1737010","fromID":"1323743","toID":"1323742","formEdgeID":null},{"edgeID":"1737011","fromID":"1323744","toID":"1323743","formEdgeID":null},{"edgeID":"1737012","fromID":"1323742","toID":"1323745","formEdgeID":null},{"edgeID":"1737013","fromID":"1323745","toID":"1323741","formEdgeID":null},{"edgeID":"1737014","fromID":"1323736","toID":"1323746","formEdgeID":null},{"edgeID":"1737015","fromID":"1323746","toID":"1323742","formEdgeID":null},{"edgeID":"1737016","fromID":"1323749","toID":"1323748","formEdgeID":null},{"edgeID":"1737017","fromID":"1323750","toID":"1323749","formEdgeID":null},{"edgeID":"1737018","fromID":"1323748","toID":"1323751","formEdgeID":null},{"edgeID":"1737019","fromID":"1323751","toID":"1323747","formEdgeID":null},{"edgeID":"1737020","fromID":"1323742","toID":"1323752","formEdgeID":null},{"edgeID":"1737021","fromID":"1323752","toID":"1323748","formEdgeID":null},{"edgeID":"1737022","fromID":"1323747","toID":"1323753","formEdgeID":null},{"edgeID":"1737023","fromID":"1323753","toID":"1323741","formEdgeID":null},{"edgeID":"1737024","fromID":"1323752","toID":"1323754","formEdgeID":null},{"edgeID":"1737025","fromID":"1323754","toID":"1323753","formEdgeID":null},{"edgeID":"1737026","fromID":"1323757","toID":"1323756","formEdgeID":null},{"edgeID":"1737027","fromID":"1323758","toID":"1323757","formEdgeID":null},{"edgeID":"1737028","fromID":"1323756","toID":"1323759","formEdgeID":null},{"edgeID":"1737029","fromID":"1323759","toID":"1323755","formEdgeID":null},{"edgeID":"1737030","fromID":"1323742","toID":"1323760","formEdgeID":null},{"edgeID":"1737031","fromID":"1323760","toID":"1323756","formEdgeID":null},{"edgeID":"1737032","fromID":"1323755","toID":"1323761","formEdgeID":null},{"edgeID":"1737033","fromID":"1323761","toID":"1323741","formEdgeID":null},{"edgeID":"1737034","fromID":"1323760","toID":"1323762","formEdgeID":null},{"edgeID":"1737035","fromID":"1323762","toID":"1323761","formEdgeID":null},{"edgeID":"1737036","fromID":"1323765","toID":"1323764","formEdgeID":null},{"edgeID":"1737037","fromID":"1323766","toID":"1323765","formEdgeID":null},{"edgeID":"1737038","fromID":"1323764","toID":"1323767","formEdgeID":null},{"edgeID":"1737039","fromID":"1323767","toID":"1323763","formEdgeID":null},{"edgeID":"1737040","fromID":"1323756","toID":"1323768","formEdgeID":null},{"edgeID":"1737041","fromID":"1323768","toID":"1323764","formEdgeID":null},{"edgeID":"1737042","fromID":"1323701","toID":"1323769","formEdgeID":null},{"edgeID":"1737043","fromID":"1323769","toID":"1323695","formEdgeID":null},{"edgeID":"1737044","fromID":"1323706","toID":"1323770","formEdgeID":null},{"edgeID":"1737045","fromID":"1323770","toID":"1323769","formEdgeID":null},{"edgeID":"1737046","fromID":"1323707","toID":"1323771","formEdgeID":null},{"edgeID":"1737047","fromID":"1323771","toID":"1323701","formEdgeID":null},{"edgeID":"1737048","fromID":"1323712","toID":"1323772","formEdgeID":null},{"edgeID":"1737049","fromID":"1323772","toID":"1323771","formEdgeID":null}],"locutions":[]}