{"nodes":[{"nodeID":"1321289","text":"AudienceMember 20220707QT26 is a domestic engineer assessor and is in people's houses every day trying to advise on how best to insulate or heat their homes affordably","type":"I","timestamp":"2023-11-09 13:25:39"},{"nodeID":"1321290","text":"AudienceMember 20220707QT26: I'm a domestic engineer assessor and every day I'm in people's houses trying to advise on how best to insulate or heat their homes affordably","type":"L","timestamp":"2023-11-09 13:25:39"},{"nodeID":"1321291","text":"Analysing","type":"YA","timestamp":"2023-11-09 13:25:39"},{"nodeID":"1321292","text":"Mascha: AudienceMember 20220707QT26: I'm a domestic engineer assessor and every day I'm in people's houses trying to advise on how best to insulate or heat their homes affordably","type":"L","timestamp":"2023-11-09 13:25:39"},{"nodeID":"1321293","text":"Asserting","type":"YA","timestamp":"2023-11-09 13:25:39"},{"nodeID":"1321294","text":"every day AudienceMember 20220707QT26 hears about people's fuel bills having doubled","type":"I","timestamp":"2023-11-09 13:25:39"},{"nodeID":"1321295","text":"AudienceMember 20220707QT26:  every day I'm hearing about people's fuel bills having doubled","type":"L","timestamp":"2023-11-09 13:25:39"},{"nodeID":"1321296","text":"Analysing","type":"YA","timestamp":"2023-11-09 13:25:39"},{"nodeID":"1321297","text":"Mascha: AudienceMember 20220707QT26:  every day I'm hearing about people's fuel bills having doubled","type":"L","timestamp":"2023-11-09 13:25:39"},{"nodeID":"1321298","text":"Asserting","type":"YA","timestamp":"2023-11-09 13:25:39"},{"nodeID":"1321299","text":"Default Transition","type":"TA","timestamp":"2023-11-09 13:25:39"},{"nodeID":"1321300","text":"for those that fuel bills haven't doubled yet, that's because their fixed term agreement hasn't run out","type":"I","timestamp":"2023-11-09 13:25:40"},{"nodeID":"1321301","text":"AudienceMember 20220707QT26: For those that it hasn't yet, that's because your fixed term agreement hasn't run out","type":"L","timestamp":"2023-11-09 13:25:40"},{"nodeID":"1321302","text":"Analysing","type":"YA","timestamp":"2023-11-09 13:25:40"},{"nodeID":"1321303","text":"Mascha: AudienceMember 20220707QT26: For those that it hasn't yet, that's because your fixed term agreement hasn't run out","type":"L","timestamp":"2023-11-09 13:25:40"},{"nodeID":"1321304","text":"Asserting","type":"YA","timestamp":"2023-11-09 13:25:40"},{"nodeID":"1321305","text":"Default Transition","type":"TA","timestamp":"2023-11-09 13:25:40"},{"nodeID":"1321306","text":"over the decades we've had flip flopping of policies","type":"I","timestamp":"2023-11-09 13:25:40"},{"nodeID":"1321307","text":"AudienceMember 20220707QT26: over the decades we've had flip flopping of policies","type":"L","timestamp":"2023-11-09 13:25:40"},{"nodeID":"1321308","text":"Analysing","type":"YA","timestamp":"2023-11-09 13:25:40"},{"nodeID":"1321309","text":"Mascha: AudienceMember 20220707QT26: over the decades we've had flip flopping of policies","type":"L","timestamp":"2023-11-09 13:25:40"},{"nodeID":"1321310","text":"Asserting","type":"YA","timestamp":"2023-11-09 13:25:40"},{"nodeID":"1321311","text":"Default Transition","type":"TA","timestamp":"2023-11-09 13:25:40"},{"nodeID":"1321312","text":"over decades we've had badly written policies","type":"I","timestamp":"2023-11-09 13:25:41"},{"nodeID":"1321313","text":"AudienceMember 20220707QT26: badly written policies","type":"L","timestamp":"2023-11-09 13:25:41"},{"nodeID":"1321314","text":"Analysing","type":"YA","timestamp":"2023-11-09 13:25:41"},{"nodeID":"1321315","text":"Mascha: AudienceMember 20220707QT26: badly written policies","type":"L","timestamp":"2023-11-09 13:25:41"},{"nodeID":"1321316","text":"Asserting","type":"YA","timestamp":"2023-11-09 13:25:41"},{"nodeID":"1321317","text":"Default Transition","type":"TA","timestamp":"2023-11-09 13:25:41"},{"nodeID":"1321318","text":"Default Rephrase","type":"MA","timestamp":"2023-11-09 13:25:41"},{"nodeID":"1321319","text":"Restating","type":"YA","timestamp":"2023-11-09 13:25:41"},{"nodeID":"1321320","text":"Default Rephrase","type":"MA","timestamp":"2023-11-09 13:25:41"},{"nodeID":"1321321","text":"Restating","type":"YA","timestamp":"2023-11-09 13:25:41"},{"nodeID":"1321322","text":"going back to the feed-in tariff with similar penalties, the bulk of the money went to wealthy individuals and it ran out real quick","type":"I","timestamp":"2023-11-09 13:25:42"},{"nodeID":"1321323","text":"AudienceMember 20220707QT26: going back to the feed-in tariff with similar penalties, the bulk of the money went to wealthy individuals and it ran out real quick","type":"L","timestamp":"2023-11-09 13:25:42"},{"nodeID":"1321324","text":"Analysing","type":"YA","timestamp":"2023-11-09 13:25:42"},{"nodeID":"1321325","text":"Mascha: AudienceMember 20220707QT26: going back to the feed-in tariff with similar penalties, the bulk of the money went to wealthy individuals and it ran out real quick","type":"L","timestamp":"2023-11-09 13:25:42"},{"nodeID":"1321326","text":"Asserting","type":"YA","timestamp":"2023-11-09 13:25:42"},{"nodeID":"1321327","text":"Default Transition","type":"TA","timestamp":"2023-11-09 13:25:42"},{"nodeID":"1321328","text":"the feed-in tariff went to wealthy individuals and ran out quick because the conservatives won the election","type":"I","timestamp":"2023-11-09 13:25:42"},{"nodeID":"1321329","text":"Emily Thornberry: That's because the conservatives won the election","type":"L","timestamp":"2023-11-09 13:25:42"},{"nodeID":"1321330","text":"Analysing","type":"YA","timestamp":"2023-11-09 13:25:42"},{"nodeID":"1321331","text":"Mascha: Emily Thornberry: That's because the conservatives won the election","type":"L","timestamp":"2023-11-09 13:25:42"},{"nodeID":"1321332","text":"Asserting","type":"YA","timestamp":"2023-11-09 13:25:42"},{"nodeID":"1321333","text":"Default Transition","type":"TA","timestamp":"2023-11-09 13:25:42"},{"nodeID":"1321334","text":"Default Inference","type":"RA","timestamp":"2023-11-09 13:25:42"},{"nodeID":"1321335","text":"Arguing","type":"YA","timestamp":"2023-11-09 13:25:42"},{"nodeID":"1321336","text":"the feed-in tariff policy ended","type":"I","timestamp":"2023-11-09 13:25:43"},{"nodeID":"1321337","text":"AudienceMember 20220707QT26:  that policy ended","type":"L","timestamp":"2023-11-09 13:25:43"},{"nodeID":"1321338","text":"Analysing","type":"YA","timestamp":"2023-11-09 13:25:43"},{"nodeID":"1321339","text":"Mascha: AudienceMember 20220707QT26:  that policy ended","type":"L","timestamp":"2023-11-09 13:25:43"},{"nodeID":"1321340","text":"Asserting","type":"YA","timestamp":"2023-11-09 13:25:43"},{"nodeID":"1321341","text":"Default Transition","type":"TA","timestamp":"2023-11-09 13:25:43"},{"nodeID":"1321342","text":"the Conservative and it lib Democrat agreement followed the feed-in tariff, the green deal came and went","type":"I","timestamp":"2023-11-09 13:25:43"},{"nodeID":"1321343","text":"AudienceMember 20220707QT27: Going on to the Conservative and it lib Democrat agreement, the green deal came and went","type":"L","timestamp":"2023-11-09 13:25:43"},{"nodeID":"1321344","text":"Analysing","type":"YA","timestamp":"2023-11-09 13:25:43"},{"nodeID":"1321345","text":"Mascha: AudienceMember 20220707QT27: Going on to the Conservative and it lib Democrat agreement, the green deal came and went","type":"L","timestamp":"2023-11-09 13:25:43"},{"nodeID":"1321346","text":"Asserting","type":"YA","timestamp":"2023-11-09 13:25:43"},{"nodeID":"1321347","text":"we're still waiting to hear about this engineer company that Nicola Sturgeon was going to skeletal up","type":"I","timestamp":"2023-11-09 13:25:44"},{"nodeID":"1321348","text":"AudienceMember 20220707QT27:  we're still waiting to hear about this engineer company that Nicola was going to skeletal up","type":"L","timestamp":"2023-11-09 13:25:44"},{"nodeID":"1321349","text":"Analysing","type":"YA","timestamp":"2023-11-09 13:25:44"},{"nodeID":"1321350","text":"Mascha: AudienceMember 20220707QT27:  we're still waiting to hear about this engineer company that Nicola was going to skeletal up","type":"L","timestamp":"2023-11-09 13:25:44"},{"nodeID":"1321351","text":"Asserting","type":"YA","timestamp":"2023-11-09 13:25:44"},{"nodeID":"1321352","text":"here we are five years on not a jot","type":"I","timestamp":"2023-11-09 13:25:45"},{"nodeID":"1321353","text":"AudienceMember 20220707QT27:  Here we are five years on not a jot","type":"L","timestamp":"2023-11-09 13:25:45"},{"nodeID":"1321354","text":"Analysing","type":"YA","timestamp":"2023-11-09 13:25:45"},{"nodeID":"1321355","text":"Mascha: AudienceMember 20220707QT27:  Here we are five years on not a jot","type":"L","timestamp":"2023-11-09 13:25:45"},{"nodeID":"1321356","text":"Asserting","type":"YA","timestamp":"2023-11-09 13:25:45"},{"nodeID":"1321357","text":"Default Transition","type":"TA","timestamp":"2023-11-09 13:25:45"},{"nodeID":"1321358","text":"Default Inference","type":"RA","timestamp":"2023-11-09 13:25:45"},{"nodeID":"1321359","text":"Arguing","type":"YA","timestamp":"2023-11-09 13:25:45"},{"nodeID":"1321360","text":"Default Transition","type":"TA","timestamp":"2023-11-09 13:25:45"},{"nodeID":"1321361","text":"Default Transition","type":"TA","timestamp":"2023-11-09 13:25:45"},{"nodeID":"1321362","text":"everybody has got responsibility","type":"I","timestamp":"2023-11-09 13:25:45"},{"nodeID":"1321363","text":"AudienceMember 20220707QT27: everybody has got responsibility","type":"L","timestamp":"2023-11-09 13:25:45"},{"nodeID":"1321364","text":"Analysing","type":"YA","timestamp":"2023-11-09 13:25:45"},{"nodeID":"1321365","text":"Mascha: AudienceMember 20220707QT27: everybody has got responsibility","type":"L","timestamp":"2023-11-09 13:25:45"},{"nodeID":"1321366","text":"Asserting","type":"YA","timestamp":"2023-11-09 13:25:45"},{"nodeID":"1321367","text":"Default Transition","type":"TA","timestamp":"2023-11-09 13:25:45"},{"nodeID":"1321368","text":"ensuring energy security is Emily Thornberrys' job as a politician","type":"I","timestamp":"2023-11-09 13:25:46"},{"nodeID":"1321369","text":"AudienceMember 20220707QT27: That is your job","type":"L","timestamp":"2023-11-09 13:25:46"},{"nodeID":"1321370","text":"Analysing","type":"YA","timestamp":"2023-11-09 13:25:46"},{"nodeID":"1321371","text":"Mascha: AudienceMember 20220707QT27: That is your job","type":"L","timestamp":"2023-11-09 13:25:46"},{"nodeID":"1321372","text":"Asserting","type":"YA","timestamp":"2023-11-09 13:25:46"},{"nodeID":"1321373","text":"Default Transition","type":"TA","timestamp":"2023-11-09 13:25:46"},{"nodeID":"1321374","text":"Default Rephrase","type":"MA","timestamp":"2023-11-09 13:25:46"},{"nodeID":"1321375","text":"Restating","type":"YA","timestamp":"2023-11-09 13:25:46"},{"nodeID":"1321376","text":"you are fade to represent the people of the nation","type":"I","timestamp":"2023-11-09 13:25:46"},{"nodeID":"1321377","text":"AudienceMember 20220707QT27: Are you fade to represent the people of the nation","type":"L","timestamp":"2023-11-09 13:25:46"},{"nodeID":"1321378","text":"Analysing","type":"YA","timestamp":"2023-11-09 13:25:46"},{"nodeID":"1321379","text":"Mascha: AudienceMember 20220707QT27: Are you fade to represent the people of the nation","type":"L","timestamp":"2023-11-09 13:25:46"},{"nodeID":"1321380","text":"Asserting","type":"YA","timestamp":"2023-11-09 13:25:46"},{"nodeID":"1321381","text":"Default Transition","type":"TA","timestamp":"2023-11-09 13:25:46"},{"nodeID":"1321382","text":"all we're seeing is just the sort of tit for tat chat","type":"I","timestamp":"2023-11-09 13:25:47"},{"nodeID":"1321383","text":"AudienceMember 20220707QT27: all we're seeing is just the sort of tit for tat chat","type":"L","timestamp":"2023-11-09 13:25:47"},{"nodeID":"1321384","text":"Analysing","type":"YA","timestamp":"2023-11-09 13:25:47"},{"nodeID":"1321385","text":"Mascha: AudienceMember 20220707QT27: all we're seeing is just the sort of tit for tat chat","type":"L","timestamp":"2023-11-09 13:25:47"},{"nodeID":"1321386","text":"Asserting","type":"YA","timestamp":"2023-11-09 13:25:47"},{"nodeID":"1321387","text":"Default Transition","type":"TA","timestamp":"2023-11-09 13:25:47"},{"nodeID":"1321388","text":"Default Conflict","type":"CA","timestamp":"2023-11-09 13:25:47"},{"nodeID":"1321389","text":"Disagreeing","type":"YA","timestamp":"2023-11-09 13:25:47"},{"nodeID":"1321390","text":"xxx happened to the engineer company","type":"I","timestamp":"2023-11-09 13:25:48"},{"nodeID":"1321391","text":"Fiona Bruce: Whether or not did happen to the engineer company","type":"L","timestamp":"2023-11-09 13:25:48"},{"nodeID":"1321392","text":"Analysing","type":"YA","timestamp":"2023-11-09 13:25:48"},{"nodeID":"1321393","text":"Mascha: Fiona Bruce: Whether or not did happen to the engineer company","type":"L","timestamp":"2023-11-09 13:25:48"},{"nodeID":"1321394","text":"Pure Questioning","type":"YA","timestamp":"2023-11-09 13:25:48"},{"nodeID":"1321395","text":"Default Transition","type":"TA","timestamp":"2023-11-09 13:25:48"},{"nodeID":"1321396","text":"today we launched the first stage of our consultation for our engineer agency","type":"I","timestamp":"2023-11-09 13:25:48"},{"nodeID":"1321397","text":"Mairi McAllan: Today we launched the first stage of our consultation for our engineer agency","type":"L","timestamp":"2023-11-09 13:25:48"},{"nodeID":"1321398","text":"Analysing","type":"YA","timestamp":"2023-11-09 13:25:48"},{"nodeID":"1321399","text":"Mascha: Mairi McAllan: Today we launched the first stage of our consultation for our engineer agency","type":"L","timestamp":"2023-11-09 13:25:48"},{"nodeID":"1321400","text":"Asserting","type":"YA","timestamp":"2023-11-09 13:25:48"},{"nodeID":"1321401","text":"Default Transition","type":"TA","timestamp":"2023-11-09 13:25:48"},{"nodeID":"1321402","text":"Default Rephrase","type":"MA","timestamp":"2023-11-09 13:25:48"},{"nodeID":"1321403","text":"Default Illocuting","type":"YA","timestamp":"2023-11-09 13:25:48"},{"nodeID":"1321404","text":"that is not the same thing","type":"I","timestamp":"2023-11-09 13:25:49"},{"nodeID":"1321405","text":"Stephen Kerr: That is not the same thing","type":"L","timestamp":"2023-11-09 13:25:49"},{"nodeID":"1321406","text":"Analysing","type":"YA","timestamp":"2023-11-09 13:25:49"},{"nodeID":"1321407","text":"Mascha: Stephen Kerr: That is not the same thing","type":"L","timestamp":"2023-11-09 13:25:49"},{"nodeID":"1321408","text":"Asserting","type":"YA","timestamp":"2023-11-09 13:25:49"},{"nodeID":"1321409","text":"it's taken 5 years to get the first stage of the consultation for the engineer agency","type":"I","timestamp":"2023-11-09 13:25:49"},{"nodeID":"1321410","text":"Fiona Bruce: It's taken 5 years to get to that point","type":"L","timestamp":"2023-11-09 13:25:49"},{"nodeID":"1321411","text":"Analysing","type":"YA","timestamp":"2023-11-09 13:25:49"},{"nodeID":"1321412","text":"Mascha: Fiona Bruce: It's taken 5 years to get to that point","type":"L","timestamp":"2023-11-09 13:25:49"},{"nodeID":"1321413","text":"Asserting","type":"YA","timestamp":"2023-11-09 13:25:49"},{"nodeID":"1321414","text":"Default Transition","type":"TA","timestamp":"2023-11-09 13:25:49"},{"nodeID":"1321415","text":"Default Transition","type":"TA","timestamp":"2023-11-09 13:25:49"},{"nodeID":"1321416","text":"Default Conflict","type":"CA","timestamp":"2023-11-09 13:25:49"},{"nodeID":"1321417","text":"Disagreeing","type":"YA","timestamp":"2023-11-09 13:25:49"},{"nodeID":"1321418","text":"Default Rephrase","type":"MA","timestamp":"2023-11-09 13:25:49"},{"nodeID":"1321419","text":"Restating","type":"YA","timestamp":"2023-11-09 13:25:49"}],"edges":[{"edgeID":"1734152","fromID":"1321291","toID":"1321290","formEdgeID":null},{"edgeID":"1734153","fromID":"1321292","toID":"1321291","formEdgeID":null},{"edgeID":"1734154","fromID":"1321290","toID":"1321293","formEdgeID":null},{"edgeID":"1734155","fromID":"1321293","toID":"1321289","formEdgeID":null},{"edgeID":"1734156","fromID":"1321296","toID":"1321295","formEdgeID":null},{"edgeID":"1734157","fromID":"1321297","toID":"1321296","formEdgeID":null},{"edgeID":"1734158","fromID":"1321295","toID":"1321298","formEdgeID":null},{"edgeID":"1734159","fromID":"1321298","toID":"1321294","formEdgeID":null},{"edgeID":"1734160","fromID":"1321290","toID":"1321299","formEdgeID":null},{"edgeID":"1734161","fromID":"1321299","toID":"1321295","formEdgeID":null},{"edgeID":"1734162","fromID":"1321302","toID":"1321301","formEdgeID":null},{"edgeID":"1734163","fromID":"1321303","toID":"1321302","formEdgeID":null},{"edgeID":"1734164","fromID":"1321301","toID":"1321304","formEdgeID":null},{"edgeID":"1734165","fromID":"1321304","toID":"1321300","formEdgeID":null},{"edgeID":"1734166","fromID":"1321295","toID":"1321305","formEdgeID":null},{"edgeID":"1734167","fromID":"1321305","toID":"1321301","formEdgeID":null},{"edgeID":"1734168","fromID":"1321308","toID":"1321307","formEdgeID":null},{"edgeID":"1734169","fromID":"1321309","toID":"1321308","formEdgeID":null},{"edgeID":"1734170","fromID":"1321307","toID":"1321310","formEdgeID":null},{"edgeID":"1734171","fromID":"1321310","toID":"1321306","formEdgeID":null},{"edgeID":"1734172","fromID":"1321301","toID":"1321311","formEdgeID":null},{"edgeID":"1734173","fromID":"1321311","toID":"1321307","formEdgeID":null},{"edgeID":"1734174","fromID":"1321314","toID":"1321313","formEdgeID":null},{"edgeID":"1734175","fromID":"1321315","toID":"1321314","formEdgeID":null},{"edgeID":"1734176","fromID":"1321313","toID":"1321316","formEdgeID":null},{"edgeID":"1734177","fromID":"1321316","toID":"1321312","formEdgeID":null},{"edgeID":"1734178","fromID":"1321307","toID":"1321317","formEdgeID":null},{"edgeID":"1734179","fromID":"1321317","toID":"1321313","formEdgeID":null},{"edgeID":"1734180","fromID":"1321300","toID":"1321318","formEdgeID":null},{"edgeID":"1734181","fromID":"1321318","toID":"1321294","formEdgeID":null},{"edgeID":"1734182","fromID":"1321305","toID":"1321319","formEdgeID":null},{"edgeID":"1734183","fromID":"1321319","toID":"1321318","formEdgeID":null},{"edgeID":"1734184","fromID":"1321312","toID":"1321320","formEdgeID":null},{"edgeID":"1734185","fromID":"1321320","toID":"1321306","formEdgeID":null},{"edgeID":"1734186","fromID":"1321317","toID":"1321321","formEdgeID":null},{"edgeID":"1734187","fromID":"1321321","toID":"1321320","formEdgeID":null},{"edgeID":"1734188","fromID":"1321324","toID":"1321323","formEdgeID":null},{"edgeID":"1734189","fromID":"1321325","toID":"1321324","formEdgeID":null},{"edgeID":"1734190","fromID":"1321323","toID":"1321326","formEdgeID":null},{"edgeID":"1734191","fromID":"1321326","toID":"1321322","formEdgeID":null},{"edgeID":"1734192","fromID":"1321313","toID":"1321327","formEdgeID":null},{"edgeID":"1734193","fromID":"1321327","toID":"1321323","formEdgeID":null},{"edgeID":"1734194","fromID":"1321330","toID":"1321329","formEdgeID":null},{"edgeID":"1734195","fromID":"1321331","toID":"1321330","formEdgeID":null},{"edgeID":"1734196","fromID":"1321329","toID":"1321332","formEdgeID":null},{"edgeID":"1734197","fromID":"1321332","toID":"1321328","formEdgeID":null},{"edgeID":"1734198","fromID":"1321323","toID":"1321333","formEdgeID":null},{"edgeID":"1734199","fromID":"1321333","toID":"1321329","formEdgeID":null},{"edgeID":"1734200","fromID":"1321328","toID":"1321334","formEdgeID":null},{"edgeID":"1734201","fromID":"1321334","toID":"1321322","formEdgeID":null},{"edgeID":"1734202","fromID":"1321333","toID":"1321335","formEdgeID":null},{"edgeID":"1734203","fromID":"1321335","toID":"1321334","formEdgeID":null},{"edgeID":"1734204","fromID":"1321338","toID":"1321337","formEdgeID":null},{"edgeID":"1734205","fromID":"1321339","toID":"1321338","formEdgeID":null},{"edgeID":"1734206","fromID":"1321337","toID":"1321340","formEdgeID":null},{"edgeID":"1734207","fromID":"1321340","toID":"1321336","formEdgeID":null},{"edgeID":"1734208","fromID":"1321329","toID":"1321341","formEdgeID":null},{"edgeID":"1734209","fromID":"1321341","toID":"1321337","formEdgeID":null},{"edgeID":"1734210","fromID":"1321344","toID":"1321343","formEdgeID":null},{"edgeID":"1734211","fromID":"1321345","toID":"1321344","formEdgeID":null},{"edgeID":"1734212","fromID":"1321343","toID":"1321346","formEdgeID":null},{"edgeID":"1734213","fromID":"1321346","toID":"1321342","formEdgeID":null},{"edgeID":"1734214","fromID":"1321349","toID":"1321348","formEdgeID":null},{"edgeID":"1734215","fromID":"1321350","toID":"1321349","formEdgeID":null},{"edgeID":"1734216","fromID":"1321348","toID":"1321351","formEdgeID":null},{"edgeID":"1734217","fromID":"1321351","toID":"1321347","formEdgeID":null},{"edgeID":"1734218","fromID":"1321354","toID":"1321353","formEdgeID":null},{"edgeID":"1734219","fromID":"1321355","toID":"1321354","formEdgeID":null},{"edgeID":"1734220","fromID":"1321353","toID":"1321356","formEdgeID":null},{"edgeID":"1734221","fromID":"1321356","toID":"1321352","formEdgeID":null},{"edgeID":"1734222","fromID":"1321348","toID":"1321357","formEdgeID":null},{"edgeID":"1734223","fromID":"1321357","toID":"1321353","formEdgeID":null},{"edgeID":"1734224","fromID":"1321347","toID":"1321358","formEdgeID":null},{"edgeID":"1734225","fromID":"1321358","toID":"1321352","formEdgeID":null},{"edgeID":"1734226","fromID":"1321342","toID":"1321358","formEdgeID":null},{"edgeID":"1734227","fromID":"1321336","toID":"1321358","formEdgeID":null},{"edgeID":"1734228","fromID":"1321357","toID":"1321359","formEdgeID":null},{"edgeID":"1734229","fromID":"1321359","toID":"1321358","formEdgeID":null},{"edgeID":"1734230","fromID":"1321337","toID":"1321360","formEdgeID":null},{"edgeID":"1734231","fromID":"1321360","toID":"1321353","formEdgeID":null},{"edgeID":"1734232","fromID":"1321343","toID":"1321361","formEdgeID":null},{"edgeID":"1734233","fromID":"1321361","toID":"1321353","formEdgeID":null},{"edgeID":"1734234","fromID":"1321364","toID":"1321363","formEdgeID":null},{"edgeID":"1734235","fromID":"1321365","toID":"1321364","formEdgeID":null},{"edgeID":"1734236","fromID":"1321363","toID":"1321366","formEdgeID":null},{"edgeID":"1734237","fromID":"1321366","toID":"1321362","formEdgeID":null},{"edgeID":"1734238","fromID":"1321353","toID":"1321367","formEdgeID":null},{"edgeID":"1734239","fromID":"1321367","toID":"1321363","formEdgeID":null},{"edgeID":"1734240","fromID":"1321370","toID":"1321369","formEdgeID":null},{"edgeID":"1734241","fromID":"1321371","toID":"1321370","formEdgeID":null},{"edgeID":"1734242","fromID":"1321369","toID":"1321372","formEdgeID":null},{"edgeID":"1734243","fromID":"1321372","toID":"1321368","formEdgeID":null},{"edgeID":"1734244","fromID":"1321363","toID":"1321373","formEdgeID":null},{"edgeID":"1734245","fromID":"1321373","toID":"1321369","formEdgeID":null},{"edgeID":"1734246","fromID":"1321368","toID":"1321374","formEdgeID":null},{"edgeID":"1734247","fromID":"1321374","toID":"1321362","formEdgeID":null},{"edgeID":"1734248","fromID":"1321373","toID":"1321375","formEdgeID":null},{"edgeID":"1734249","fromID":"1321375","toID":"1321374","formEdgeID":null},{"edgeID":"1734250","fromID":"1321378","toID":"1321377","formEdgeID":null},{"edgeID":"1734251","fromID":"1321379","toID":"1321378","formEdgeID":null},{"edgeID":"1734252","fromID":"1321377","toID":"1321380","formEdgeID":null},{"edgeID":"1734253","fromID":"1321380","toID":"1321376","formEdgeID":null},{"edgeID":"1734254","fromID":"1321369","toID":"1321381","formEdgeID":null},{"edgeID":"1734255","fromID":"1321381","toID":"1321377","formEdgeID":null},{"edgeID":"1734256","fromID":"1321384","toID":"1321383","formEdgeID":null},{"edgeID":"1734257","fromID":"1321385","toID":"1321384","formEdgeID":null},{"edgeID":"1734258","fromID":"1321383","toID":"1321386","formEdgeID":null},{"edgeID":"1734259","fromID":"1321386","toID":"1321382","formEdgeID":null},{"edgeID":"1734260","fromID":"1321377","toID":"1321387","formEdgeID":null},{"edgeID":"1734261","fromID":"1321387","toID":"1321383","formEdgeID":null},{"edgeID":"1734262","fromID":"1321382","toID":"1321388","formEdgeID":null},{"edgeID":"1734263","fromID":"1321388","toID":"1321376","formEdgeID":null},{"edgeID":"1734264","fromID":"1321387","toID":"1321389","formEdgeID":null},{"edgeID":"1734265","fromID":"1321389","toID":"1321388","formEdgeID":null},{"edgeID":"1734266","fromID":"1321392","toID":"1321391","formEdgeID":null},{"edgeID":"1734267","fromID":"1321393","toID":"1321392","formEdgeID":null},{"edgeID":"1734268","fromID":"1321391","toID":"1321394","formEdgeID":null},{"edgeID":"1734269","fromID":"1321394","toID":"1321390","formEdgeID":null},{"edgeID":"1734270","fromID":"1321383","toID":"1321395","formEdgeID":null},{"edgeID":"1734271","fromID":"1321395","toID":"1321391","formEdgeID":null},{"edgeID":"1734272","fromID":"1321398","toID":"1321397","formEdgeID":null},{"edgeID":"1734273","fromID":"1321399","toID":"1321398","formEdgeID":null},{"edgeID":"1734274","fromID":"1321397","toID":"1321400","formEdgeID":null},{"edgeID":"1734275","fromID":"1321400","toID":"1321396","formEdgeID":null},{"edgeID":"1734276","fromID":"1321391","toID":"1321401","formEdgeID":null},{"edgeID":"1734277","fromID":"1321401","toID":"1321397","formEdgeID":null},{"edgeID":"1734278","fromID":"1321396","toID":"1321402","formEdgeID":null},{"edgeID":"1734279","fromID":"1321402","toID":"1321390","formEdgeID":null},{"edgeID":"1734280","fromID":"1321401","toID":"1321403","formEdgeID":null},{"edgeID":"1734281","fromID":"1321403","toID":"1321402","formEdgeID":null},{"edgeID":"1734282","fromID":"1321406","toID":"1321405","formEdgeID":null},{"edgeID":"1734283","fromID":"1321407","toID":"1321406","formEdgeID":null},{"edgeID":"1734284","fromID":"1321405","toID":"1321408","formEdgeID":null},{"edgeID":"1734285","fromID":"1321408","toID":"1321404","formEdgeID":null},{"edgeID":"1734286","fromID":"1321411","toID":"1321410","formEdgeID":null},{"edgeID":"1734287","fromID":"1321412","toID":"1321411","formEdgeID":null},{"edgeID":"1734288","fromID":"1321410","toID":"1321413","formEdgeID":null},{"edgeID":"1734289","fromID":"1321413","toID":"1321409","formEdgeID":null},{"edgeID":"1734290","fromID":"1321397","toID":"1321414","formEdgeID":null},{"edgeID":"1734291","fromID":"1321414","toID":"1321410","formEdgeID":null},{"edgeID":"1734292","fromID":"1321410","toID":"1321415","formEdgeID":null},{"edgeID":"1734293","fromID":"1321415","toID":"1321405","formEdgeID":null},{"edgeID":"1734294","fromID":"1321404","toID":"1321416","formEdgeID":null},{"edgeID":"1734295","fromID":"1321416","toID":"1321409","formEdgeID":null},{"edgeID":"1734296","fromID":"1321415","toID":"1321417","formEdgeID":null},{"edgeID":"1734297","fromID":"1321417","toID":"1321416","formEdgeID":null},{"edgeID":"1734298","fromID":"1321409","toID":"1321418","formEdgeID":null},{"edgeID":"1734299","fromID":"1321418","toID":"1321396","formEdgeID":null},{"edgeID":"1734300","fromID":"1321414","toID":"1321419","formEdgeID":null},{"edgeID":"1734301","fromID":"1321419","toID":"1321418","formEdgeID":null}],"locutions":[]}