{"nodes":[{"nodeID":"1390464","text":"we need to split out low level antisocial behaviour, knife crime and substance abuse","type":"I","timestamp":"2023-11-09 15:08:34"},{"nodeID":"1390465","text":"Helen Morgan: we need to split out low level antisocial behaviour, knife crime and substance abuse","type":"L","timestamp":"2023-11-09 15:08:34"},{"nodeID":"1390466","text":"Analysing","type":"YA","timestamp":"2023-11-09 15:08:34"},{"nodeID":"1390467","text":"Louise: Helen Morgan: we need to split out low level antisocial behaviour, knife crime and substance abuse","type":"L","timestamp":"2023-11-09 15:08:34"},{"nodeID":"1390468","text":"Asserting","type":"YA","timestamp":"2023-11-09 15:08:34"},{"nodeID":"1390469","text":"low level antisocial behaviour, knife crime, and substance abuse are  all quite different things","type":"I","timestamp":"2023-11-09 15:08:35"},{"nodeID":"1390470","text":"Helen Morgan: they're all quite different things","type":"L","timestamp":"2023-11-09 15:08:35"},{"nodeID":"1390471","text":"Analysing","type":"YA","timestamp":"2023-11-09 15:08:35"},{"nodeID":"1390472","text":"Louise: Helen Morgan: they're all quite different things","type":"L","timestamp":"2023-11-09 15:08:35"},{"nodeID":"1390473","text":"Asserting","type":"YA","timestamp":"2023-11-09 15:08:35"},{"nodeID":"1390474","text":"Default Inference","type":"RA","timestamp":"2023-11-09 15:08:35"},{"nodeID":"1390475","text":"Default Transition","type":"TA","timestamp":"2023-11-09 15:08:35"},{"nodeID":"1390476","text":"Arguing","type":"YA","timestamp":"2023-11-09 15:08:35"},{"nodeID":"1390477","text":"Helen Morgan is not going to repeat what Danny and Fraser said about substance abuse, because she broadly agrees with them","type":"I","timestamp":"2023-11-09 15:08:35"},{"nodeID":"1390478","text":"Helen Morgan: I'm not going to repeat what Danny and Fraser said about substance abuse, because I broadly agree with them","type":"L","timestamp":"2023-11-09 15:08:35"},{"nodeID":"1390479","text":"Analysing","type":"YA","timestamp":"2023-11-09 15:08:35"},{"nodeID":"1390480","text":"Louise: Helen Morgan: I'm not going to repeat what Danny and Fraser said about substance abuse, because I broadly agree with them","type":"L","timestamp":"2023-11-09 15:08:35"},{"nodeID":"1390481","text":"Asserting","type":"YA","timestamp":"2023-11-09 15:08:35"},{"nodeID":"1390482","text":"Default Transition","type":"TA","timestamp":"2023-11-09 15:08:35"},{"nodeID":"1390483","text":"low level antisocial behaviour does ruin people's lives when they feel unsafe to go out","type":"I","timestamp":"2023-11-09 15:08:36"},{"nodeID":"1390484","text":"Helen Morgan: low level antisocial behaviour, it does ruin people's lives when they feel unsafe to go out","type":"L","timestamp":"2023-11-09 15:08:36"},{"nodeID":"1390485","text":"Analysing","type":"YA","timestamp":"2023-11-09 15:08:36"},{"nodeID":"1390486","text":"Louise: Helen Morgan: low level antisocial behaviour, it does ruin people's lives when they feel unsafe to go out","type":"L","timestamp":"2023-11-09 15:08:36"},{"nodeID":"1390487","text":"Asserting","type":"YA","timestamp":"2023-11-09 15:08:36"},{"nodeID":"1390488","text":"Default Transition","type":"TA","timestamp":"2023-11-09 15:08:36"},{"nodeID":"1390489","text":"the lack of community support officers is a real problem","type":"I","timestamp":"2023-11-09 15:08:37"},{"nodeID":"1390490","text":"Helen Morgan: the lack of community support officers is a real problem","type":"L","timestamp":"2023-11-09 15:08:37"},{"nodeID":"1390491","text":"Analysing","type":"YA","timestamp":"2023-11-09 15:08:37"},{"nodeID":"1390492","text":"Louise: Helen Morgan: the lack of community support officers is a real problem","type":"L","timestamp":"2023-11-09 15:08:37"},{"nodeID":"1390493","text":"Asserting","type":"YA","timestamp":"2023-11-09 15:08:37"},{"nodeID":"1390494","text":"Default Transition","type":"TA","timestamp":"2023-11-09 15:08:37"},{"nodeID":"1390495","text":"Default Inference","type":"RA","timestamp":"2023-11-09 15:08:37"},{"nodeID":"1390496","text":"Arguing","type":"YA","timestamp":"2023-11-09 15:08:37"}],"edges":[{"edgeID":"1816320","fromID":"1390466","toID":"1390465","formEdgeID":null},{"edgeID":"1816321","fromID":"1390467","toID":"1390466","formEdgeID":null},{"edgeID":"1816322","fromID":"1390465","toID":"1390468","formEdgeID":null},{"edgeID":"1816323","fromID":"1390468","toID":"1390464","formEdgeID":null},{"edgeID":"1816324","fromID":"1390471","toID":"1390470","formEdgeID":null},{"edgeID":"1816325","fromID":"1390472","toID":"1390471","formEdgeID":null},{"edgeID":"1816326","fromID":"1390470","toID":"1390473","formEdgeID":null},{"edgeID":"1816327","fromID":"1390473","toID":"1390469","formEdgeID":null},{"edgeID":"1816328","fromID":"1390469","toID":"1390474","formEdgeID":null},{"edgeID":"1816329","fromID":"1390474","toID":"1390464","formEdgeID":null},{"edgeID":"1816330","fromID":"1390465","toID":"1390475","formEdgeID":null},{"edgeID":"1816331","fromID":"1390475","toID":"1390470","formEdgeID":null},{"edgeID":"1816332","fromID":"1390475","toID":"1390476","formEdgeID":null},{"edgeID":"1816333","fromID":"1390476","toID":"1390474","formEdgeID":null},{"edgeID":"1816334","fromID":"1390479","toID":"1390478","formEdgeID":null},{"edgeID":"1816335","fromID":"1390480","toID":"1390479","formEdgeID":null},{"edgeID":"1816336","fromID":"1390478","toID":"1390481","formEdgeID":null},{"edgeID":"1816337","fromID":"1390481","toID":"1390477","formEdgeID":null},{"edgeID":"1816338","fromID":"1390470","toID":"1390482","formEdgeID":null},{"edgeID":"1816339","fromID":"1390482","toID":"1390478","formEdgeID":null},{"edgeID":"1816340","fromID":"1390485","toID":"1390484","formEdgeID":null},{"edgeID":"1816341","fromID":"1390486","toID":"1390485","formEdgeID":null},{"edgeID":"1816342","fromID":"1390484","toID":"1390487","formEdgeID":null},{"edgeID":"1816343","fromID":"1390487","toID":"1390483","formEdgeID":null},{"edgeID":"1816344","fromID":"1390478","toID":"1390488","formEdgeID":null},{"edgeID":"1816345","fromID":"1390488","toID":"1390484","formEdgeID":null},{"edgeID":"1816346","fromID":"1390491","toID":"1390490","formEdgeID":null},{"edgeID":"1816347","fromID":"1390492","toID":"1390491","formEdgeID":null},{"edgeID":"1816348","fromID":"1390490","toID":"1390493","formEdgeID":null},{"edgeID":"1816349","fromID":"1390493","toID":"1390489","formEdgeID":null},{"edgeID":"1816350","fromID":"1390484","toID":"1390494","formEdgeID":null},{"edgeID":"1816351","fromID":"1390494","toID":"1390490","formEdgeID":null},{"edgeID":"1816352","fromID":"1390483","toID":"1390495","formEdgeID":null},{"edgeID":"1816353","fromID":"1390495","toID":"1390489","formEdgeID":null},{"edgeID":"1816354","fromID":"1390494","toID":"1390496","formEdgeID":null},{"edgeID":"1816355","fromID":"1390496","toID":"1390495","formEdgeID":null}],"locutions":[]}