{"nodes":[{"nodeID":"1385205","text":"the Government's plans to house migrants in ex-military bases, potentially vessels, are or are not a credible alternative to using hotels","type":"I","timestamp":"2023-11-09 15:01:01"},{"nodeID":"1385428","text":"Fiona Bruce: are the Government's plans to house migrants in ex-military bases, potentially vessels, a credible alternative to using hotels","type":"L","timestamp":"2023-11-09 15:01:19"},{"nodeID":"1385429","text":"Analysing","type":"YA","timestamp":"2023-11-09 15:01:19"},{"nodeID":"1385430","text":"Rebecca: Fiona Bruce: are the Government's plans to house migrants in ex-military bases, potentially vessels, a credible alternative to using hotels","type":"L","timestamp":"2023-11-09 15:01:19"},{"nodeID":"1385431","text":"Pure Questioning","type":"YA","timestamp":"2023-11-09 15:01:19"},{"nodeID":"1385432","text":"we've already seen the Foreign Secretary, the former Home Secretary objecting to a military base in their constituencies","type":"I","timestamp":"2023-11-09 15:01:20"},{"nodeID":"1385433","text":"Fiona Bruce: we've already seen the Foreign Secretary, the former Home Secretary objecting to a military base in their constituencies","type":"L","timestamp":"2023-11-09 15:01:20"},{"nodeID":"1385434","text":"Analysing","type":"YA","timestamp":"2023-11-09 15:01:20"},{"nodeID":"1385435","text":"Rebecca: Fiona Bruce: we've already seen the Foreign Secretary, the former Home Secretary objecting to a military base in their constituencies","type":"L","timestamp":"2023-11-09 15:01:20"},{"nodeID":"1385436","text":"Asserting","type":"YA","timestamp":"2023-11-09 15:01:20"},{"nodeID":"1385437","text":"Default Transition","type":"TA","timestamp":"2023-11-09 15:01:20"},{"nodeID":"1385438","text":"another Tory MP, Edward Leigh also objected to a military base in their constituency","type":"I","timestamp":"2023-11-09 15:01:21"},{"nodeID":"1385439","text":"Fiona Bruce: another Tory MP, Edward Leigh also doing the same","type":"L","timestamp":"2023-11-09 15:01:21"},{"nodeID":"1385440","text":"Analysing","type":"YA","timestamp":"2023-11-09 15:01:21"},{"nodeID":"1385441","text":"Rebecca: Fiona Bruce: another Tory MP, Edward Leigh also doing the same","type":"L","timestamp":"2023-11-09 15:01:21"},{"nodeID":"1385442","text":"Asserting","type":"YA","timestamp":"2023-11-09 15:01:21"},{"nodeID":"1385443","text":"Default Transition","type":"TA","timestamp":"2023-11-09 15:01:21"},{"nodeID":"1385444","text":"Default Rephrase","type":"MA","timestamp":"2023-11-09 15:01:21"},{"nodeID":"1385445","text":"we shouldn't be in a situation where we've run out of hotel space","type":"I","timestamp":"2023-11-09 15:01:21"},{"nodeID":"1385446","text":"Helen Morgan: we shouldn't be in a situation where we've run out of hotel space","type":"L","timestamp":"2023-11-09 15:01:21"},{"nodeID":"1385447","text":"Analysing","type":"YA","timestamp":"2023-11-09 15:01:21"},{"nodeID":"1385448","text":"Rebecca: Helen Morgan: we shouldn't be in a situation where we've run out of hotel space","type":"L","timestamp":"2023-11-09 15:01:21"},{"nodeID":"1385449","text":"Asserting","type":"YA","timestamp":"2023-11-09 15:01:21"},{"nodeID":"1385450","text":"Default Transition","type":"TA","timestamp":"2023-11-09 15:01:21"},{"nodeID":"1385451","text":"we're looking for ever more inventive ways of finding places for these people to languish while we process their claims","type":"I","timestamp":"2023-11-09 15:01:22"},{"nodeID":"1385452","text":"Helen Morgan: we're looking for ever more inventive ways of finding places for these people to languish while we process their claims","type":"L","timestamp":"2023-11-09 15:01:22"},{"nodeID":"1385453","text":"Analysing","type":"YA","timestamp":"2023-11-09 15:01:22"},{"nodeID":"1385454","text":"Rebecca: Helen Morgan: we're looking for ever more inventive ways of finding places for these people to languish while we process their claims","type":"L","timestamp":"2023-11-09 15:01:22"},{"nodeID":"1385455","text":"Asserting","type":"YA","timestamp":"2023-11-09 15:01:22"},{"nodeID":"1385456","text":"Default Transition","type":"TA","timestamp":"2023-11-09 15:01:22"},{"nodeID":"1385457","text":"asylum claimants have to go somewhere","type":"I","timestamp":"2023-11-09 15:01:23"},{"nodeID":"1385458","text":"Helen Morgan: they have to go somewhere","type":"L","timestamp":"2023-11-09 15:01:23"},{"nodeID":"1385459","text":"Analysing","type":"YA","timestamp":"2023-11-09 15:01:23"},{"nodeID":"1385460","text":"Rebecca: Helen Morgan: they have to go somewhere","type":"L","timestamp":"2023-11-09 15:01:23"},{"nodeID":"1385461","text":"Asserting","type":"YA","timestamp":"2023-11-09 15:01:23"},{"nodeID":"1385462","text":"Default Transition","type":"TA","timestamp":"2023-11-09 15:01:23"},{"nodeID":"1385463","text":"Default Inference","type":"RA","timestamp":"2023-11-09 15:01:23"},{"nodeID":"1385464","text":"Arguing","type":"YA","timestamp":"2023-11-09 15:01:23"},{"nodeID":"1385465","text":"we haven't dealt with asylum claimants properly","type":"I","timestamp":"2023-11-09 15:01:23"},{"nodeID":"1385466","text":"Helen Morgan: we haven't dealt with them properly","type":"L","timestamp":"2023-11-09 15:01:23"},{"nodeID":"1385467","text":"Analysing","type":"YA","timestamp":"2023-11-09 15:01:23"},{"nodeID":"1385468","text":"Rebecca: Helen Morgan: we haven't dealt with them properly","type":"L","timestamp":"2023-11-09 15:01:23"},{"nodeID":"1385469","text":"Asserting","type":"YA","timestamp":"2023-11-09 15:01:23"},{"nodeID":"1385470","text":"Default Transition","type":"TA","timestamp":"2023-11-09 15:01:23"},{"nodeID":"1385471","text":"Default Inference","type":"RA","timestamp":"2023-11-09 15:01:23"},{"nodeID":"1385472","text":"Arguing","type":"YA","timestamp":"2023-11-09 15:01:23"},{"nodeID":"1385473","text":"it's outrageous that we've got 160,000 people languishing in hotels on \u00a35 a day waiting to be homed","type":"I","timestamp":"2023-11-09 15:01:24"},{"nodeID":"1385474","text":"Helen Morgan: it's outrageous that we've got 160,000 people languishing in hotels on \u00a35 a day waiting to be homed","type":"L","timestamp":"2023-11-09 15:01:24"},{"nodeID":"1385475","text":"Analysing","type":"YA","timestamp":"2023-11-09 15:01:24"},{"nodeID":"1385476","text":"Rebecca: Helen Morgan: it's outrageous that we've got 160,000 people languishing in hotels on \u00a35 a day waiting to be homed","type":"L","timestamp":"2023-11-09 15:01:24"},{"nodeID":"1385477","text":"Asserting","type":"YA","timestamp":"2023-11-09 15:01:24"},{"nodeID":"1385478","text":"Default Rephrase","type":"MA","timestamp":"2023-11-09 15:01:24"},{"nodeID":"1385479","text":"Default Transition","type":"TA","timestamp":"2023-11-09 15:01:24"},{"nodeID":"1385480","text":"Restating","type":"YA","timestamp":"2023-11-09 15:01:24"},{"nodeID":"1385481","text":"Helen Morgan was astonished by Andrew Murrison's opinion that they have to get people out of the hotels","type":"I","timestamp":"2023-11-09 15:01:25"},{"nodeID":"1385482","text":"Helen Morgan: I was astonished by Andrew's answer","type":"L","timestamp":"2023-11-09 15:01:25"},{"nodeID":"1385483","text":"Analysing","type":"YA","timestamp":"2023-11-09 15:01:25"},{"nodeID":"1385484","text":"Rebecca: Helen Morgan: I was astonished by Andrew's answer","type":"L","timestamp":"2023-11-09 15:01:25"},{"nodeID":"1385485","text":"Asserting","type":"YA","timestamp":"2023-11-09 15:01:25"},{"nodeID":"1385486","text":"Default Transition","type":"TA","timestamp":"2023-11-09 15:01:25"},{"nodeID":"1385487","text":"the Government haven't prioritised safe and legal routes at all","type":"I","timestamp":"2023-11-09 15:01:25"},{"nodeID":"1385488","text":"Helen Morgan:  the Government haven't prioritised safe and legal routes at all","type":"L","timestamp":"2023-11-09 15:01:25"},{"nodeID":"1385489","text":"Analysing","type":"YA","timestamp":"2023-11-09 15:01:25"},{"nodeID":"1385490","text":"Rebecca: Helen Morgan:  the Government haven't prioritised safe and legal routes at all","type":"L","timestamp":"2023-11-09 15:01:25"},{"nodeID":"1385491","text":"Asserting","type":"YA","timestamp":"2023-11-09 15:01:25"},{"nodeID":"1385492","text":"Default Transition","type":"TA","timestamp":"2023-11-09 15:01:25"},{"nodeID":"1385493","text":"Default Inference","type":"RA","timestamp":"2023-11-09 15:01:25"},{"nodeID":"1385494","text":"Arguing","type":"YA","timestamp":"2023-11-09 15:01:25"},{"nodeID":"1385495","text":"the government prioritised the deterrent and the demonising of people who are coming here for safety at every step of the way","type":"I","timestamp":"2023-11-09 15:01:26"},{"nodeID":"1385496","text":"Helen Morgan: They've prioritised the deterrent and the demonising of people who are coming here for safety at every step of the way","type":"L","timestamp":"2023-11-09 15:01:26"},{"nodeID":"1385497","text":"Analysing","type":"YA","timestamp":"2023-11-09 15:01:26"},{"nodeID":"1385498","text":"Rebecca: Helen Morgan: They've prioritised the deterrent and the demonising of people who are coming here for safety at every step of the way","type":"L","timestamp":"2023-11-09 15:01:26"},{"nodeID":"1385499","text":"Asserting","type":"YA","timestamp":"2023-11-09 15:01:26"},{"nodeID":"1385500","text":"Default Transition","type":"TA","timestamp":"2023-11-09 15:01:26"},{"nodeID":"1385501","text":"Default Rephrase","type":"MA","timestamp":"2023-11-09 15:01:26"},{"nodeID":"1385502","text":"Restating","type":"YA","timestamp":"2023-11-09 15:01:26"},{"nodeID":"1385503","text":"Helen Morgan thinks it's extraordinary that we've heard that we have to get people out of the hotelst in legal ways this evening","type":"I","timestamp":"2023-11-09 15:01:26"},{"nodeID":"1385504","text":"Helen Morgan: I think it's extraordinary that we've heard that this evening","type":"L","timestamp":"2023-11-09 15:01:26"},{"nodeID":"1385505","text":"Analysing","type":"YA","timestamp":"2023-11-09 15:01:26"},{"nodeID":"1385506","text":"Rebecca: Helen Morgan: I think it's extraordinary that we've heard that this evening","type":"L","timestamp":"2023-11-09 15:01:26"},{"nodeID":"1385507","text":"Asserting","type":"YA","timestamp":"2023-11-09 15:01:26"},{"nodeID":"1385508","text":"Default Transition","type":"TA","timestamp":"2023-11-09 15:01:26"},{"nodeID":"1385509","text":"Default Rephrase","type":"MA","timestamp":"2023-11-09 15:01:26"},{"nodeID":"1385510","text":"Restating","type":"YA","timestamp":"2023-11-09 15:01:26"},{"nodeID":"1385511","text":"it's clearly the right answer to get eople out of the hotels","type":"I","timestamp":"2023-11-09 15:01:27"},{"nodeID":"1385512","text":"Helen Morgan: it's clearly the right answer","type":"L","timestamp":"2023-11-09 15:01:27"},{"nodeID":"1385513","text":"Analysing","type":"YA","timestamp":"2023-11-09 15:01:27"},{"nodeID":"1385514","text":"Rebecca: Helen Morgan: it's clearly the right answer","type":"L","timestamp":"2023-11-09 15:01:27"},{"nodeID":"1385515","text":"Asserting","type":"YA","timestamp":"2023-11-09 15:01:27"},{"nodeID":"1385516","text":"Default Transition","type":"TA","timestamp":"2023-11-09 15:01:27"},{"nodeID":"1385517","text":"Default Inference","type":"RA","timestamp":"2023-11-09 15:01:27"},{"nodeID":"1385518","text":"Arguing","type":"YA","timestamp":"2023-11-09 15:01:27"}],"edges":[{"edgeID":"1810321","fromID":"1385429","toID":"1385428","formEdgeID":null},{"edgeID":"1810322","fromID":"1385430","toID":"1385429","formEdgeID":null},{"edgeID":"1810323","fromID":"1385428","toID":"1385431","formEdgeID":null},{"edgeID":"1810324","fromID":"1385431","toID":"1385205","formEdgeID":null},{"edgeID":"1810325","fromID":"1385434","toID":"1385433","formEdgeID":null},{"edgeID":"1810326","fromID":"1385435","toID":"1385434","formEdgeID":null},{"edgeID":"1810327","fromID":"1385433","toID":"1385436","formEdgeID":null},{"edgeID":"1810328","fromID":"1385436","toID":"1385432","formEdgeID":null},{"edgeID":"1810329","fromID":"1385428","toID":"1385437","formEdgeID":null},{"edgeID":"1810330","fromID":"1385437","toID":"1385433","formEdgeID":null},{"edgeID":"1810331","fromID":"1385440","toID":"1385439","formEdgeID":null},{"edgeID":"1810332","fromID":"1385441","toID":"1385440","formEdgeID":null},{"edgeID":"1810333","fromID":"1385439","toID":"1385442","formEdgeID":null},{"edgeID":"1810334","fromID":"1385442","toID":"1385438","formEdgeID":null},{"edgeID":"1810335","fromID":"1385433","toID":"1385443","formEdgeID":null},{"edgeID":"1810336","fromID":"1385443","toID":"1385439","formEdgeID":null},{"edgeID":"1810337","fromID":"1385438","toID":"1385444","formEdgeID":null},{"edgeID":"1810338","fromID":"1385444","toID":"1385432","formEdgeID":null},{"edgeID":"1810339","fromID":"1385447","toID":"1385446","formEdgeID":null},{"edgeID":"1810340","fromID":"1385448","toID":"1385447","formEdgeID":null},{"edgeID":"1810341","fromID":"1385446","toID":"1385449","formEdgeID":null},{"edgeID":"1810342","fromID":"1385449","toID":"1385445","formEdgeID":null},{"edgeID":"1810343","fromID":"1385439","toID":"1385450","formEdgeID":null},{"edgeID":"1810344","fromID":"1385450","toID":"1385446","formEdgeID":null},{"edgeID":"1810345","fromID":"1385453","toID":"1385452","formEdgeID":null},{"edgeID":"1810346","fromID":"1385454","toID":"1385453","formEdgeID":null},{"edgeID":"1810347","fromID":"1385452","toID":"1385455","formEdgeID":null},{"edgeID":"1810348","fromID":"1385455","toID":"1385451","formEdgeID":null},{"edgeID":"1810349","fromID":"1385446","toID":"1385456","formEdgeID":null},{"edgeID":"1810350","fromID":"1385456","toID":"1385452","formEdgeID":null},{"edgeID":"1810351","fromID":"1385459","toID":"1385458","formEdgeID":null},{"edgeID":"1810352","fromID":"1385460","toID":"1385459","formEdgeID":null},{"edgeID":"1810353","fromID":"1385458","toID":"1385461","formEdgeID":null},{"edgeID":"1810354","fromID":"1385461","toID":"1385457","formEdgeID":null},{"edgeID":"1810355","fromID":"1385452","toID":"1385462","formEdgeID":null},{"edgeID":"1810356","fromID":"1385462","toID":"1385458","formEdgeID":null},{"edgeID":"1810357","fromID":"1385451","toID":"1385463","formEdgeID":null},{"edgeID":"1810358","fromID":"1385463","toID":"1385457","formEdgeID":null},{"edgeID":"1810359","fromID":"1385462","toID":"1385464","formEdgeID":null},{"edgeID":"1810360","fromID":"1385464","toID":"1385463","formEdgeID":null},{"edgeID":"1810361","fromID":"1385467","toID":"1385466","formEdgeID":null},{"edgeID":"1810362","fromID":"1385468","toID":"1385467","formEdgeID":null},{"edgeID":"1810363","fromID":"1385466","toID":"1385469","formEdgeID":null},{"edgeID":"1810364","fromID":"1385469","toID":"1385465","formEdgeID":null},{"edgeID":"1810365","fromID":"1385458","toID":"1385470","formEdgeID":null},{"edgeID":"1810366","fromID":"1385470","toID":"1385466","formEdgeID":null},{"edgeID":"1810367","fromID":"1385465","toID":"1385471","formEdgeID":null},{"edgeID":"1810368","fromID":"1385471","toID":"1385457","formEdgeID":null},{"edgeID":"1810369","fromID":"1385470","toID":"1385472","formEdgeID":null},{"edgeID":"1810370","fromID":"1385472","toID":"1385471","formEdgeID":null},{"edgeID":"1810371","fromID":"1385475","toID":"1385474","formEdgeID":null},{"edgeID":"1810372","fromID":"1385476","toID":"1385475","formEdgeID":null},{"edgeID":"1810373","fromID":"1385474","toID":"1385477","formEdgeID":null},{"edgeID":"1810374","fromID":"1385477","toID":"1385473","formEdgeID":null},{"edgeID":"1810375","fromID":"1385473","toID":"1385478","formEdgeID":null},{"edgeID":"1810376","fromID":"1385478","toID":"1385451","formEdgeID":null},{"edgeID":"1810377","fromID":"1385452","toID":"1385479","formEdgeID":null},{"edgeID":"1810378","fromID":"1385479","toID":"1385474","formEdgeID":null},{"edgeID":"1810379","fromID":"1385479","toID":"1385480","formEdgeID":null},{"edgeID":"1810380","fromID":"1385480","toID":"1385478","formEdgeID":null},{"edgeID":"1810381","fromID":"1385483","toID":"1385482","formEdgeID":null},{"edgeID":"1810382","fromID":"1385484","toID":"1385483","formEdgeID":null},{"edgeID":"1810383","fromID":"1385482","toID":"1385485","formEdgeID":null},{"edgeID":"1810384","fromID":"1385485","toID":"1385481","formEdgeID":null},{"edgeID":"1810385","fromID":"1385474","toID":"1385486","formEdgeID":null},{"edgeID":"1810386","fromID":"1385486","toID":"1385482","formEdgeID":null},{"edgeID":"1810387","fromID":"1385489","toID":"1385488","formEdgeID":null},{"edgeID":"1810388","fromID":"1385490","toID":"1385489","formEdgeID":null},{"edgeID":"1810389","fromID":"1385488","toID":"1385491","formEdgeID":null},{"edgeID":"1810390","fromID":"1385491","toID":"1385487","formEdgeID":null},{"edgeID":"1810391","fromID":"1385482","toID":"1385492","formEdgeID":null},{"edgeID":"1810392","fromID":"1385492","toID":"1385488","formEdgeID":null},{"edgeID":"1810393","fromID":"1385487","toID":"1385493","formEdgeID":null},{"edgeID":"1810394","fromID":"1385493","toID":"1385481","formEdgeID":null},{"edgeID":"1810395","fromID":"1385492","toID":"1385494","formEdgeID":null},{"edgeID":"1810396","fromID":"1385494","toID":"1385493","formEdgeID":null},{"edgeID":"1810397","fromID":"1385497","toID":"1385496","formEdgeID":null},{"edgeID":"1810398","fromID":"1385498","toID":"1385497","formEdgeID":null},{"edgeID":"1810399","fromID":"1385496","toID":"1385499","formEdgeID":null},{"edgeID":"1810400","fromID":"1385499","toID":"1385495","formEdgeID":null},{"edgeID":"1810401","fromID":"1385488","toID":"1385500","formEdgeID":null},{"edgeID":"1810402","fromID":"1385500","toID":"1385496","formEdgeID":null},{"edgeID":"1810403","fromID":"1385495","toID":"1385501","formEdgeID":null},{"edgeID":"1810404","fromID":"1385501","toID":"1385487","formEdgeID":null},{"edgeID":"1810405","fromID":"1385500","toID":"1385502","formEdgeID":null},{"edgeID":"1810406","fromID":"1385502","toID":"1385501","formEdgeID":null},{"edgeID":"1810407","fromID":"1385505","toID":"1385504","formEdgeID":null},{"edgeID":"1810408","fromID":"1385506","toID":"1385505","formEdgeID":null},{"edgeID":"1810409","fromID":"1385504","toID":"1385507","formEdgeID":null},{"edgeID":"1810410","fromID":"1385507","toID":"1385503","formEdgeID":null},{"edgeID":"1810411","fromID":"1385482","toID":"1385508","formEdgeID":null},{"edgeID":"1810412","fromID":"1385508","toID":"1385504","formEdgeID":null},{"edgeID":"1810413","fromID":"1385503","toID":"1385509","formEdgeID":null},{"edgeID":"1810414","fromID":"1385509","toID":"1385481","formEdgeID":null},{"edgeID":"1810415","fromID":"1385508","toID":"1385510","formEdgeID":null},{"edgeID":"1810416","fromID":"1385510","toID":"1385509","formEdgeID":null},{"edgeID":"1810417","fromID":"1385513","toID":"1385512","formEdgeID":null},{"edgeID":"1810418","fromID":"1385514","toID":"1385513","formEdgeID":null},{"edgeID":"1810419","fromID":"1385512","toID":"1385515","formEdgeID":null},{"edgeID":"1810420","fromID":"1385515","toID":"1385511","formEdgeID":null},{"edgeID":"1810421","fromID":"1385504","toID":"1385516","formEdgeID":null},{"edgeID":"1810422","fromID":"1385516","toID":"1385512","formEdgeID":null},{"edgeID":"1810423","fromID":"1385511","toID":"1385517","formEdgeID":null},{"edgeID":"1810424","fromID":"1385517","toID":"1385503","formEdgeID":null},{"edgeID":"1810425","fromID":"1385516","toID":"1385518","formEdgeID":null},{"edgeID":"1810426","fromID":"1385518","toID":"1385517","formEdgeID":null}],"locutions":[]}