{"nodes":[{"nodeID":"1385889","text":"we've got to get people out of hotels","type":"I","timestamp":"2023-11-09 15:02:01"},{"nodeID":"1387163","text":"Fiona Bruce: Yes","type":"L","timestamp":"2023-11-09 15:03:50"},{"nodeID":"1387164","text":"Dominika: Fiona Bruce: Yes","type":"L","timestamp":"2023-11-09 15:03:50"},{"nodeID":"1387165","text":"Andrew Murrison: we've got to get people out of hotels","type":"L","timestamp":"2023-11-09 15:03:50"},{"nodeID":"1387166","text":"Conservatives have been in power for 13 years","type":"I","timestamp":"2023-11-09 15:03:51"},{"nodeID":"1387167","text":"Fiona Bruce: you had the gentleman here who's saying you've been in power for 13 years","type":"L","timestamp":"2023-11-09 15:03:51"},{"nodeID":"1387168","text":"Analysing","type":"YA","timestamp":"2023-11-09 15:03:51"},{"nodeID":"1387169","text":"Dominika: Fiona Bruce: you had the gentleman here who's saying you've been in power for 13 years","type":"L","timestamp":"2023-11-09 15:03:51"},{"nodeID":"1387170","text":"AudienceMember 20230427QT08: you've been in power for 13 years","type":"L","timestamp":"2023-11-09 15:03:51"},{"nodeID":"1387171","text":"Analysing","type":"YA","timestamp":"2023-11-09 15:03:51"},{"nodeID":"1387172","text":"Dominika: AudienceMember 20230427QT08: you had the gentleman here who's saying you've been in power for 13 years","type":"L","timestamp":"2023-11-09 15:03:51"},{"nodeID":"1387173","text":"Asserting","type":"YA","timestamp":"2023-11-09 15:03:51"},{"nodeID":"1387174","text":"Asserting","type":"YA","timestamp":"2023-11-09 15:03:51"},{"nodeID":"1387175","text":"the situation with housing immigrants that are seeking asylum is going to get better in xxx amount of time","type":"I","timestamp":"2023-11-09 15:03:52"},{"nodeID":"1387176","text":"Fiona Bruce: when's it going to get better","type":"L","timestamp":"2023-11-09 15:03:52"},{"nodeID":"1387177","text":"Analysing","type":"YA","timestamp":"2023-11-09 15:03:52"},{"nodeID":"1387178","text":"Dominika: Fiona Bruce: when's it going to get better","type":"L","timestamp":"2023-11-09 15:03:52"},{"nodeID":"1387179","text":"Pure Questioning","type":"YA","timestamp":"2023-11-09 15:03:52"},{"nodeID":"1387180","text":"Default Transition","type":"TA","timestamp":"2023-11-09 15:03:52"},{"nodeID":"1387181","text":"Default Inference","type":"RA","timestamp":"2023-11-09 15:03:52"},{"nodeID":"1387182","text":"Arguing","type":"YA","timestamp":"2023-11-09 15:03:52"},{"nodeID":"1387183","text":"housing immigrants that are seeking asylum is a pan-European problem","type":"I","timestamp":"2023-11-09 15:03:52"},{"nodeID":"1387184","text":"Andrew Murrison: it's a pan-European problem","type":"L","timestamp":"2023-11-09 15:03:52"},{"nodeID":"1387185","text":"Analysing","type":"YA","timestamp":"2023-11-09 15:03:52"},{"nodeID":"1387186","text":"Dominika: Andrew Murrison: it's a pan-European problem","type":"L","timestamp":"2023-11-09 15:03:52"},{"nodeID":"1387187","text":"Asserting","type":"YA","timestamp":"2023-11-09 15:03:52"},{"nodeID":"1387188","text":"Default Transition","type":"TA","timestamp":"2023-11-09 15:03:52"},{"nodeID":"1387189","text":"you go to every country in Europe, you'll get a similar problem with housing immigrants that are seeking asylum","type":"I","timestamp":"2023-11-09 15:03:53"},{"nodeID":"1387190","text":"Andrew Murrison: you go to every country in Europe, you'll get a similar problem","type":"L","timestamp":"2023-11-09 15:03:53"},{"nodeID":"1387191","text":"Analysing","type":"YA","timestamp":"2023-11-09 15:03:53"},{"nodeID":"1387192","text":"Dominika: Andrew Murrison: you go to every country in Europe, you'll get a similar problem","type":"L","timestamp":"2023-11-09 15:03:53"},{"nodeID":"1387193","text":"Asserting","type":"YA","timestamp":"2023-11-09 15:03:53"},{"nodeID":"1387194","text":"Default Transition","type":"TA","timestamp":"2023-11-09 15:03:53"},{"nodeID":"1387195","text":"France and Germany have problem with housing immigrants that are seeking asylum","type":"I","timestamp":"2023-11-09 15:03:54"},{"nodeID":"1387196","text":"Andrew Murrison: You're getting France, you're getting Germany","type":"L","timestamp":"2023-11-09 15:03:54"},{"nodeID":"1387197","text":"Analysing","type":"YA","timestamp":"2023-11-09 15:03:54"},{"nodeID":"1387198","text":"Dominika: Andrew Murrison: You're getting France, you're getting Germany","type":"L","timestamp":"2023-11-09 15:03:54"},{"nodeID":"1387199","text":"Asserting","type":"YA","timestamp":"2023-11-09 15:03:54"},{"nodeID":"1387200","text":"Default Transition","type":"TA","timestamp":"2023-11-09 15:03:54"},{"nodeID":"1387201","text":"Default Rephrase","type":"MA","timestamp":"2023-11-09 15:03:54"},{"nodeID":"1387202","text":"Default Rephrase","type":"MA","timestamp":"2023-11-09 15:03:54"},{"nodeID":"1387203","text":"Restating","type":"YA","timestamp":"2023-11-09 15:03:54"},{"nodeID":"1387204","text":"Restating","type":"YA","timestamp":"2023-11-09 15:03:54"},{"nodeID":"1387205","text":"Analysing","type":"YA","timestamp":"2023-11-09 15:03:54"},{"nodeID":"1387206","text":"Default Transition","type":"TA","timestamp":"2023-11-09 15:03:54"},{"nodeID":"1387207","text":"Agreeing","type":"YA","timestamp":"2023-11-09 15:03:54"},{"nodeID":"1387208","text":"Conservatives are not in Government for other European countries","type":"I","timestamp":"2023-11-09 15:03:54"},{"nodeID":"1387209","text":"Fiona Bruce:  you're not in Government for them","type":"L","timestamp":"2023-11-09 15:03:54"},{"nodeID":"1387210","text":"Analysing","type":"YA","timestamp":"2023-11-09 15:03:54"},{"nodeID":"1387211","text":"Dominika: Fiona Bruce:  you're not in Government for them","type":"L","timestamp":"2023-11-09 15:03:54"},{"nodeID":"1387212","text":"Asserting","type":"YA","timestamp":"2023-11-09 15:03:54"},{"nodeID":"1387213","text":"Default Transition","type":"TA","timestamp":"2023-11-09 15:03:54"},{"nodeID":"1387214","text":"Conservatives are in Government for UK","type":"I","timestamp":"2023-11-09 15:03:55"},{"nodeID":"1387215","text":"Fiona Bruce: You're in Government for here","type":"L","timestamp":"2023-11-09 15:03:55"},{"nodeID":"1387216","text":"Analysing","type":"YA","timestamp":"2023-11-09 15:03:55"},{"nodeID":"1387217","text":"Dominika: Fiona Bruce: You're in Government for here","type":"L","timestamp":"2023-11-09 15:03:55"},{"nodeID":"1387218","text":"Asserting","type":"YA","timestamp":"2023-11-09 15:03:55"},{"nodeID":"1387219","text":"the problem with housing immigrants that are seeking asylum in the UK is going to be resolved by Conservatives in xxx way","type":"I","timestamp":"2023-11-09 15:03:56"},{"nodeID":"1387220","text":"Fiona Bruce: what are you going to do about here","type":"L","timestamp":"2023-11-09 15:03:56"},{"nodeID":"1387221","text":"Analysing","type":"YA","timestamp":"2023-11-09 15:03:56"},{"nodeID":"1387222","text":"Dominika: Fiona Bruce: what are you going to do about here","type":"L","timestamp":"2023-11-09 15:03:56"},{"nodeID":"1387223","text":"Pure Questioning","type":"YA","timestamp":"2023-11-09 15:03:56"},{"nodeID":"1387224","text":"Default Inference","type":"RA","timestamp":"2023-11-09 15:03:56"},{"nodeID":"1387225","text":"Default Transition","type":"TA","timestamp":"2023-11-09 15:03:56"},{"nodeID":"1387226","text":"Default Transition","type":"TA","timestamp":"2023-11-09 15:03:56"},{"nodeID":"1387227","text":"Arguing","type":"YA","timestamp":"2023-11-09 15:03:56"},{"nodeID":"1387228","text":"mentioning other European countries sets the context and it explains the complexity of the situation","type":"I","timestamp":"2023-11-09 15:03:56"},{"nodeID":"1387229","text":"Andrew Murrison: It sets the context and it explains the complexity of the situation","type":"L","timestamp":"2023-11-09 15:03:56"},{"nodeID":"1387230","text":"Analysing","type":"YA","timestamp":"2023-11-09 15:03:56"},{"nodeID":"1387231","text":"Dominika: Andrew Murrison: It sets the context and it explains the complexity of the situation","type":"L","timestamp":"2023-11-09 15:03:56"},{"nodeID":"1387232","text":"Asserting","type":"YA","timestamp":"2023-11-09 15:03:56"},{"nodeID":"1387233","text":"Default Transition","type":"TA","timestamp":"2023-11-09 15:03:56"},{"nodeID":"1387234","text":"we must stop the boats","type":"I","timestamp":"2023-11-09 15:03:57"},{"nodeID":"1387235","text":"Andrew Murrison: we must stop the boats","type":"L","timestamp":"2023-11-09 15:03:57"},{"nodeID":"1387236","text":"Analysing","type":"YA","timestamp":"2023-11-09 15:03:57"},{"nodeID":"1387237","text":"Dominika: Andrew Murrison: we must stop the boats","type":"L","timestamp":"2023-11-09 15:03:57"},{"nodeID":"1387238","text":"Asserting","type":"YA","timestamp":"2023-11-09 15:03:57"},{"nodeID":"1387239","text":"we've got to stop the boats for the reasons Andrew Murrison has explained","type":"I","timestamp":"2023-11-09 15:03:58"},{"nodeID":"1387240","text":"Andrew Murrison: we've got to stop the boats for the reasons I've explained","type":"L","timestamp":"2023-11-09 15:03:58"},{"nodeID":"1387241","text":"Analysing","type":"YA","timestamp":"2023-11-09 15:03:58"},{"nodeID":"1387242","text":"Dominika: Andrew Murrison: we've got to stop the boats for the reasons I've explained","type":"L","timestamp":"2023-11-09 15:03:58"},{"nodeID":"1387243","text":"Asserting","type":"YA","timestamp":"2023-11-09 15:03:58"},{"nodeID":"1387244","text":"Default Transition","type":"TA","timestamp":"2023-11-09 15:03:58"},{"nodeID":"1387245","text":"Default Rephrase","type":"MA","timestamp":"2023-11-09 15:03:58"},{"nodeID":"1387246","text":"Restating","type":"YA","timestamp":"2023-11-09 15:03:58"},{"nodeID":"1387247","text":"Analysing","type":"YA","timestamp":"2023-11-09 15:03:58"},{"nodeID":"1387248","text":"Dominika: Andrew Murrison: We've got to get people out of hotels","type":"L","timestamp":"2023-11-09 15:03:58"},{"nodeID":"1387249","text":"Asserting","type":"YA","timestamp":"2023-11-09 15:03:58"},{"nodeID":"1387250","text":"the hotel situation is completely unsatisfactory","type":"I","timestamp":"2023-11-09 15:03:58"},{"nodeID":"1387251","text":"Andrew Murrison: That's completely unsatisfactory","type":"L","timestamp":"2023-11-09 15:03:58"},{"nodeID":"1387252","text":"Analysing","type":"YA","timestamp":"2023-11-09 15:03:58"},{"nodeID":"1387253","text":"Dominika: Andrew Murrison: That's completely unsatisfactory","type":"L","timestamp":"2023-11-09 15:03:58"},{"nodeID":"1387254","text":"Asserting","type":"YA","timestamp":"2023-11-09 15:03:58"},{"nodeID":"1387255","text":"Default Rephrase","type":"MA","timestamp":"2023-11-09 15:03:58"},{"nodeID":"1387256","text":"Default Transition","type":"TA","timestamp":"2023-11-09 15:03:58"},{"nodeID":"1387257","text":"Default Illocuting","type":"YA","timestamp":"2023-11-09 15:03:58"},{"nodeID":"1387258","text":"Default Rephrase","type":"MA","timestamp":"2023-11-09 15:03:58"},{"nodeID":"1387259","text":"Default Transition","type":"TA","timestamp":"2023-11-09 15:03:58"},{"nodeID":"1387260","text":"Default Illocuting","type":"YA","timestamp":"2023-11-09 15:03:58"},{"nodeID":"1387261","text":"Default Transition","type":"TA","timestamp":"2023-11-09 15:03:58"},{"nodeID":"1387262","text":"we've had people from Syria, Hong Kong, we've had people from Ukraine particularly","type":"I","timestamp":"2023-11-09 15:03:59"},{"nodeID":"1387263","text":"Andrew Murrison: We've had people from Syria, Hong Kong, we've had people from Ukraine particularly","type":"L","timestamp":"2023-11-09 15:03:59"},{"nodeID":"1387264","text":"Analysing","type":"YA","timestamp":"2023-11-09 15:03:59"},{"nodeID":"1387265","text":"Dominika: Andrew Murrison: We've had people from Syria, Hong Kong, we've had people from Ukraine particularly","type":"L","timestamp":"2023-11-09 15:03:59"},{"nodeID":"1387266","text":"Asserting","type":"YA","timestamp":"2023-11-09 15:03:59"},{"nodeID":"1387267","text":"legal routes exist","type":"I","timestamp":"2023-11-09 15:04:00"},{"nodeID":"1387268","text":"Andrew Murrison: these things exist","type":"L","timestamp":"2023-11-09 15:04:00"},{"nodeID":"1387269","text":"Analysing","type":"YA","timestamp":"2023-11-09 15:04:00"},{"nodeID":"1387270","text":"Dominika: Andrew Murrison: these things exist","type":"L","timestamp":"2023-11-09 15:04:00"},{"nodeID":"1387271","text":"Asserting","type":"YA","timestamp":"2023-11-09 15:04:00"},{"nodeID":"1387272","text":"there are safe and legal routes","type":"I","timestamp":"2023-11-09 15:04:00"},{"nodeID":"1387273","text":"Andrew Murrison: there are safe and legal routes","type":"L","timestamp":"2023-11-09 15:04:00"},{"nodeID":"1387274","text":"Analysing","type":"YA","timestamp":"2023-11-09 15:04:00"},{"nodeID":"1387275","text":"Dominika: Andrew Murrison: there are safe and legal routes","type":"L","timestamp":"2023-11-09 15:04:00"},{"nodeID":"1387276","text":"Asserting","type":"YA","timestamp":"2023-11-09 15:04:00"},{"nodeID":"1387277","text":"we've heard a couple of legal routes described","type":"I","timestamp":"2023-11-09 15:04:01"},{"nodeID":"1387278","text":"Andrew Murrison: we've heard a couple of them described","type":"L","timestamp":"2023-11-09 15:04:01"},{"nodeID":"1387279","text":"Analysing","type":"YA","timestamp":"2023-11-09 15:04:01"},{"nodeID":"1387280","text":"Dominika: Andrew Murrison: we've heard a couple of them described","type":"L","timestamp":"2023-11-09 15:04:01"},{"nodeID":"1387281","text":"Asserting","type":"YA","timestamp":"2023-11-09 15:04:01"},{"nodeID":"1387282","text":"Default Transition","type":"TA","timestamp":"2023-11-09 15:04:01"},{"nodeID":"1387283","text":"Default Rephrase","type":"MA","timestamp":"2023-11-09 15:04:01"},{"nodeID":"1387284","text":"Restating","type":"YA","timestamp":"2023-11-09 15:04:01"},{"nodeID":"1387285","text":"Default Rephrase","type":"MA","timestamp":"2023-11-09 15:04:01"},{"nodeID":"1387286","text":"Default Transition","type":"TA","timestamp":"2023-11-09 15:04:01"},{"nodeID":"1387287","text":"Restating","type":"YA","timestamp":"2023-11-09 15:04:01"},{"nodeID":"1387288","text":"Default Inference","type":"RA","timestamp":"2023-11-09 15:04:01"},{"nodeID":"1387289","text":"Default Transition","type":"TA","timestamp":"2023-11-09 15:04:01"},{"nodeID":"1387290","text":"Arguing","type":"YA","timestamp":"2023-11-09 15:04:01"},{"nodeID":"1387291","text":"Default Transition","type":"TA","timestamp":"2023-11-09 15:04:01"},{"nodeID":"1387292","text":"Default Inference","type":"RA","timestamp":"2023-11-09 15:04:01"},{"nodeID":"1387293","text":"Arguing","type":"YA","timestamp":"2023-11-09 15:04:01"}],"edges":[{"edgeID":"1812379","fromID":"1387168","toID":"1387167","formEdgeID":null},{"edgeID":"1812380","fromID":"1387169","toID":"1387168","formEdgeID":null},{"edgeID":"1812381","fromID":"1387171","toID":"1387170","formEdgeID":null},{"edgeID":"1812382","fromID":"1387172","toID":"1387171","formEdgeID":null},{"edgeID":"1812383","fromID":"1387170","toID":"1387173","formEdgeID":null},{"edgeID":"1812384","fromID":"1387173","toID":"1387166","formEdgeID":null},{"edgeID":"1812385","fromID":"1387167","toID":"1387174","formEdgeID":null},{"edgeID":"1812386","fromID":"1387174","toID":"1387170","formEdgeID":null},{"edgeID":"1812387","fromID":"1387177","toID":"1387176","formEdgeID":null},{"edgeID":"1812388","fromID":"1387178","toID":"1387177","formEdgeID":null},{"edgeID":"1812389","fromID":"1387176","toID":"1387179","formEdgeID":null},{"edgeID":"1812390","fromID":"1387179","toID":"1387175","formEdgeID":null},{"edgeID":"1812391","fromID":"1387167","toID":"1387180","formEdgeID":null},{"edgeID":"1812392","fromID":"1387180","toID":"1387176","formEdgeID":null},{"edgeID":"1812393","fromID":"1387166","toID":"1387181","formEdgeID":null},{"edgeID":"1812394","fromID":"1387181","toID":"1387175","formEdgeID":null},{"edgeID":"1812395","fromID":"1387180","toID":"1387182","formEdgeID":null},{"edgeID":"1812396","fromID":"1387182","toID":"1387181","formEdgeID":null},{"edgeID":"1812397","fromID":"1387185","toID":"1387184","formEdgeID":null},{"edgeID":"1812398","fromID":"1387186","toID":"1387185","formEdgeID":null},{"edgeID":"1812399","fromID":"1387184","toID":"1387187","formEdgeID":null},{"edgeID":"1812400","fromID":"1387187","toID":"1387183","formEdgeID":null},{"edgeID":"1812401","fromID":"1387176","toID":"1387188","formEdgeID":null},{"edgeID":"1812402","fromID":"1387188","toID":"1387184","formEdgeID":null},{"edgeID":"1812403","fromID":"1387191","toID":"1387190","formEdgeID":null},{"edgeID":"1812404","fromID":"1387192","toID":"1387191","formEdgeID":null},{"edgeID":"1812405","fromID":"1387190","toID":"1387193","formEdgeID":null},{"edgeID":"1812406","fromID":"1387193","toID":"1387189","formEdgeID":null},{"edgeID":"1812407","fromID":"1387184","toID":"1387194","formEdgeID":null},{"edgeID":"1812408","fromID":"1387194","toID":"1387190","formEdgeID":null},{"edgeID":"1812409","fromID":"1387197","toID":"1387196","formEdgeID":null},{"edgeID":"1812410","fromID":"1387198","toID":"1387197","formEdgeID":null},{"edgeID":"1812411","fromID":"1387196","toID":"1387199","formEdgeID":null},{"edgeID":"1812412","fromID":"1387199","toID":"1387195","formEdgeID":null},{"edgeID":"1812413","fromID":"1387190","toID":"1387200","formEdgeID":null},{"edgeID":"1812414","fromID":"1387200","toID":"1387196","formEdgeID":null},{"edgeID":"1812415","fromID":"1387189","toID":"1387201","formEdgeID":null},{"edgeID":"1812416","fromID":"1387201","toID":"1387183","formEdgeID":null},{"edgeID":"1812417","fromID":"1387195","toID":"1387202","formEdgeID":null},{"edgeID":"1812418","fromID":"1387202","toID":"1387189","formEdgeID":null},{"edgeID":"1812419","fromID":"1387194","toID":"1387203","formEdgeID":null},{"edgeID":"1812420","fromID":"1387203","toID":"1387201","formEdgeID":null},{"edgeID":"1812421","fromID":"1387200","toID":"1387204","formEdgeID":null},{"edgeID":"1812422","fromID":"1387204","toID":"1387202","formEdgeID":null},{"edgeID":"1812423","fromID":"1387205","toID":"1387163","formEdgeID":null},{"edgeID":"1812424","fromID":"1387164","toID":"1387205","formEdgeID":null},{"edgeID":"1812425","fromID":"1387196","toID":"1387206","formEdgeID":null},{"edgeID":"1812426","fromID":"1387206","toID":"1387163","formEdgeID":null},{"edgeID":"1812427","fromID":"1387206","toID":"1387207","formEdgeID":null},{"edgeID":"1812428","fromID":"1387207","toID":"1387195","formEdgeID":null},{"edgeID":"1812429","fromID":"1387210","toID":"1387209","formEdgeID":null},{"edgeID":"1812430","fromID":"1387211","toID":"1387210","formEdgeID":null},{"edgeID":"1812431","fromID":"1387209","toID":"1387212","formEdgeID":null},{"edgeID":"1812432","fromID":"1387212","toID":"1387208","formEdgeID":null},{"edgeID":"1812433","fromID":"1387163","toID":"1387213","formEdgeID":null},{"edgeID":"1812434","fromID":"1387213","toID":"1387209","formEdgeID":null},{"edgeID":"1812435","fromID":"1387216","toID":"1387215","formEdgeID":null},{"edgeID":"1812436","fromID":"1387217","toID":"1387216","formEdgeID":null},{"edgeID":"1812437","fromID":"1387215","toID":"1387218","formEdgeID":null},{"edgeID":"1812438","fromID":"1387218","toID":"1387214","formEdgeID":null},{"edgeID":"1812439","fromID":"1387221","toID":"1387220","formEdgeID":null},{"edgeID":"1812440","fromID":"1387222","toID":"1387221","formEdgeID":null},{"edgeID":"1812441","fromID":"1387220","toID":"1387223","formEdgeID":null},{"edgeID":"1812442","fromID":"1387223","toID":"1387219","formEdgeID":null},{"edgeID":"1812443","fromID":"1387208","toID":"1387224","formEdgeID":null},{"edgeID":"1812444","fromID":"1387224","toID":"1387219","formEdgeID":null},{"edgeID":"1812445","fromID":"1387214","toID":"1387224","formEdgeID":null},{"edgeID":"1812446","fromID":"1387209","toID":"1387225","formEdgeID":null},{"edgeID":"1812447","fromID":"1387225","toID":"1387220","formEdgeID":null},{"edgeID":"1812448","fromID":"1387215","toID":"1387226","formEdgeID":null},{"edgeID":"1812449","fromID":"1387226","toID":"1387220","formEdgeID":null},{"edgeID":"1812450","fromID":"1387225","toID":"1387227","formEdgeID":null},{"edgeID":"1812451","fromID":"1387227","toID":"1387224","formEdgeID":null},{"edgeID":"1812452","fromID":"1387230","toID":"1387229","formEdgeID":null},{"edgeID":"1812453","fromID":"1387231","toID":"1387230","formEdgeID":null},{"edgeID":"1812454","fromID":"1387229","toID":"1387232","formEdgeID":null},{"edgeID":"1812455","fromID":"1387232","toID":"1387228","formEdgeID":null},{"edgeID":"1812456","fromID":"1387220","toID":"1387233","formEdgeID":null},{"edgeID":"1812457","fromID":"1387233","toID":"1387229","formEdgeID":null},{"edgeID":"1812458","fromID":"1387236","toID":"1387235","formEdgeID":null},{"edgeID":"1812459","fromID":"1387237","toID":"1387236","formEdgeID":null},{"edgeID":"1812460","fromID":"1387235","toID":"1387238","formEdgeID":null},{"edgeID":"1812461","fromID":"1387238","toID":"1387234","formEdgeID":null},{"edgeID":"1812462","fromID":"1387241","toID":"1387240","formEdgeID":null},{"edgeID":"1812463","fromID":"1387242","toID":"1387241","formEdgeID":null},{"edgeID":"1812464","fromID":"1387240","toID":"1387243","formEdgeID":null},{"edgeID":"1812465","fromID":"1387243","toID":"1387239","formEdgeID":null},{"edgeID":"1812466","fromID":"1387240","toID":"1387244","formEdgeID":null},{"edgeID":"1812467","fromID":"1387244","toID":"1387235","formEdgeID":null},{"edgeID":"1812468","fromID":"1387234","toID":"1387245","formEdgeID":null},{"edgeID":"1812469","fromID":"1387245","toID":"1387239","formEdgeID":null},{"edgeID":"1812470","fromID":"1387244","toID":"1387246","formEdgeID":null},{"edgeID":"1812471","fromID":"1387246","toID":"1387245","formEdgeID":null},{"edgeID":"1812472","fromID":"1387247","toID":"1387165","formEdgeID":null},{"edgeID":"1812473","fromID":"1387248","toID":"1387247","formEdgeID":null},{"edgeID":"1812474","fromID":"1387165","toID":"1387249","formEdgeID":null},{"edgeID":"1812475","fromID":"1387249","toID":"1385889","formEdgeID":null},{"edgeID":"1812476","fromID":"1387252","toID":"1387251","formEdgeID":null},{"edgeID":"1812477","fromID":"1387253","toID":"1387252","formEdgeID":null},{"edgeID":"1812478","fromID":"1387251","toID":"1387254","formEdgeID":null},{"edgeID":"1812479","fromID":"1387254","toID":"1387250","formEdgeID":null},{"edgeID":"1812480","fromID":"1387239","toID":"1387255","formEdgeID":null},{"edgeID":"1812481","fromID":"1387255","toID":"1387219","formEdgeID":null},{"edgeID":"1812482","fromID":"1387220","toID":"1387256","formEdgeID":null},{"edgeID":"1812483","fromID":"1387256","toID":"1387240","formEdgeID":null},{"edgeID":"1812484","fromID":"1387256","toID":"1387257","formEdgeID":null},{"edgeID":"1812485","fromID":"1387257","toID":"1387255","formEdgeID":null},{"edgeID":"1812486","fromID":"1385889","toID":"1387258","formEdgeID":null},{"edgeID":"1812487","fromID":"1387258","toID":"1387219","formEdgeID":null},{"edgeID":"1812488","fromID":"1387220","toID":"1387259","formEdgeID":null},{"edgeID":"1812489","fromID":"1387259","toID":"1387165","formEdgeID":null},{"edgeID":"1812490","fromID":"1387259","toID":"1387260","formEdgeID":null},{"edgeID":"1812491","fromID":"1387260","toID":"1387258","formEdgeID":null},{"edgeID":"1812492","fromID":"1387165","toID":"1387261","formEdgeID":null},{"edgeID":"1812493","fromID":"1387261","toID":"1387251","formEdgeID":null},{"edgeID":"1812494","fromID":"1387264","toID":"1387263","formEdgeID":null},{"edgeID":"1812495","fromID":"1387265","toID":"1387264","formEdgeID":null},{"edgeID":"1812496","fromID":"1387263","toID":"1387266","formEdgeID":null},{"edgeID":"1812497","fromID":"1387266","toID":"1387262","formEdgeID":null},{"edgeID":"1812498","fromID":"1387269","toID":"1387268","formEdgeID":null},{"edgeID":"1812499","fromID":"1387270","toID":"1387269","formEdgeID":null},{"edgeID":"1812500","fromID":"1387268","toID":"1387271","formEdgeID":null},{"edgeID":"1812501","fromID":"1387271","toID":"1387267","formEdgeID":null},{"edgeID":"1812502","fromID":"1387274","toID":"1387273","formEdgeID":null},{"edgeID":"1812503","fromID":"1387275","toID":"1387274","formEdgeID":null},{"edgeID":"1812504","fromID":"1387273","toID":"1387276","formEdgeID":null},{"edgeID":"1812505","fromID":"1387276","toID":"1387272","formEdgeID":null},{"edgeID":"1812506","fromID":"1387279","toID":"1387278","formEdgeID":null},{"edgeID":"1812507","fromID":"1387280","toID":"1387279","formEdgeID":null},{"edgeID":"1812508","fromID":"1387278","toID":"1387281","formEdgeID":null},{"edgeID":"1812509","fromID":"1387281","toID":"1387277","formEdgeID":null},{"edgeID":"1812510","fromID":"1387278","toID":"1387282","formEdgeID":null},{"edgeID":"1812511","fromID":"1387282","toID":"1387263","formEdgeID":null},{"edgeID":"1812512","fromID":"1387262","toID":"1387283","formEdgeID":null},{"edgeID":"1812513","fromID":"1387283","toID":"1387277","formEdgeID":null},{"edgeID":"1812514","fromID":"1387282","toID":"1387284","formEdgeID":null},{"edgeID":"1812515","fromID":"1387284","toID":"1387283","formEdgeID":null},{"edgeID":"1812516","fromID":"1387267","toID":"1387285","formEdgeID":null},{"edgeID":"1812517","fromID":"1387285","toID":"1387272","formEdgeID":null},{"edgeID":"1812518","fromID":"1387273","toID":"1387286","formEdgeID":null},{"edgeID":"1812519","fromID":"1387286","toID":"1387268","formEdgeID":null},{"edgeID":"1812520","fromID":"1387286","toID":"1387287","formEdgeID":null},{"edgeID":"1812521","fromID":"1387287","toID":"1387285","formEdgeID":null},{"edgeID":"1812522","fromID":"1387277","toID":"1387288","formEdgeID":null},{"edgeID":"1812523","fromID":"1387288","toID":"1387272","formEdgeID":null},{"edgeID":"1812524","fromID":"1387273","toID":"1387289","formEdgeID":null},{"edgeID":"1812525","fromID":"1387289","toID":"1387278","formEdgeID":null},{"edgeID":"1812526","fromID":"1387289","toID":"1387290","formEdgeID":null},{"edgeID":"1812527","fromID":"1387290","toID":"1387288","formEdgeID":null},{"edgeID":"1812528","fromID":"1387251","toID":"1387291","formEdgeID":null},{"edgeID":"1812529","fromID":"1387291","toID":"1387273","formEdgeID":null},{"edgeID":"1812530","fromID":"1387250","toID":"1387292","formEdgeID":null},{"edgeID":"1812531","fromID":"1387292","toID":"1385889","formEdgeID":null},{"edgeID":"1812532","fromID":"1387261","toID":"1387293","formEdgeID":null},{"edgeID":"1812533","fromID":"1387293","toID":"1387292","formEdgeID":null}],"locutions":[]}