{"nodes":[{"nodeID":"1388715","text":"the crisis in the private rented market also means that we've got families living in inappropriate accommodation, bed and breakfasts","type":"I","timestamp":"2023-11-09 15:06:03"},{"nodeID":"1388716","text":"Helen Morgan: it's also meaning that we've got families living in inappropriate accommodation, bed and breakfasts","type":"L","timestamp":"2023-11-09 15:06:03"},{"nodeID":"1388717","text":"Analysing","type":"YA","timestamp":"2023-11-09 15:06:03"},{"nodeID":"1388718","text":"Anon: Helen Morgan: it's also meaning that we've got families living in inappropriate accommodation, bed and breakfasts","type":"L","timestamp":"2023-11-09 15:06:03"},{"nodeID":"1388719","text":"Asserting","type":"YA","timestamp":"2023-11-09 15:06:03"},{"nodeID":"1388720","text":"the crisis in the private rented market also means that we've got people being moved around, kids getting settled in a rented house, and then being uprooted because the landlord's evicted them and sent somewhere else","type":"I","timestamp":"2023-11-09 15:06:04"},{"nodeID":"1388721","text":"Helen Morgan: people being moved around, kids getting settled in a rented house, and then being uprooted because the landlord's evicted them and sent somewhere else","type":"L","timestamp":"2023-11-09 15:06:04"},{"nodeID":"1388722","text":"Analysing","type":"YA","timestamp":"2023-11-09 15:06:04"},{"nodeID":"1388723","text":"Anon: Helen Morgan: people being moved around, kids getting settled in a rented house, and then being uprooted because the landlord's evicted them and sent somewhere else","type":"L","timestamp":"2023-11-09 15:06:04"},{"nodeID":"1388724","text":"Asserting","type":"YA","timestamp":"2023-11-09 15:06:04"},{"nodeID":"1388725","text":"Default Rephrase","type":"MA","timestamp":"2023-11-09 15:06:04"},{"nodeID":"1388726","text":"Default Transition","type":"TA","timestamp":"2023-11-09 15:06:04"},{"nodeID":"1388727","text":"Restating","type":"YA","timestamp":"2023-11-09 15:06:04"},{"nodeID":"1388728","text":"the crisis in the private rented market is an appalling situation","type":"I","timestamp":"2023-11-09 15:06:05"},{"nodeID":"1388729","text":"Helen Morgan: It's an appalling situation","type":"L","timestamp":"2023-11-09 15:06:05"},{"nodeID":"1388730","text":"Analysing","type":"YA","timestamp":"2023-11-09 15:06:05"},{"nodeID":"1388731","text":"Anon: Helen Morgan: It's an appalling situation","type":"L","timestamp":"2023-11-09 15:06:05"},{"nodeID":"1388732","text":"Asserting","type":"YA","timestamp":"2023-11-09 15:06:05"},{"nodeID":"1388733","text":"Default Transition","type":"TA","timestamp":"2023-11-09 15:06:05"},{"nodeID":"1388734","text":"Default Inference","type":"RA","timestamp":"2023-11-09 15:06:05"},{"nodeID":"1388735","text":"Arguing","type":"YA","timestamp":"2023-11-09 15:06:05"},{"nodeID":"1388736","text":"the Government have promised a renters reform","type":"I","timestamp":"2023-11-09 15:06:05"},{"nodeID":"1388737","text":"Helen Morgan: The Government have promised a renters reform","type":"L","timestamp":"2023-11-09 15:06:05"},{"nodeID":"1388738","text":"Analysing","type":"YA","timestamp":"2023-11-09 15:06:05"},{"nodeID":"1388739","text":"Anon: Helen Morgan: The Government have promised a renters reform","type":"L","timestamp":"2023-11-09 15:06:05"},{"nodeID":"1388740","text":"Asserting","type":"YA","timestamp":"2023-11-09 15:06:05"},{"nodeID":"1388741","text":"Default Transition","type":"TA","timestamp":"2023-11-09 15:06:05"},{"nodeID":"1388742","text":"the Government haven't delivered the promised reform for renters","type":"I","timestamp":"2023-11-09 15:06:06"},{"nodeID":"1388743","text":"Helen Morgan: they haven't delivered it","type":"L","timestamp":"2023-11-09 15:06:06"},{"nodeID":"1388744","text":"Analysing","type":"YA","timestamp":"2023-11-09 15:06:06"},{"nodeID":"1388745","text":"Anon: Helen Morgan: they haven't delivered it","type":"L","timestamp":"2023-11-09 15:06:06"},{"nodeID":"1388746","text":"Asserting","type":"YA","timestamp":"2023-11-09 15:06:06"},{"nodeID":"1388747","text":"Default Transition","type":"TA","timestamp":"2023-11-09 15:06:06"},{"nodeID":"1388748","text":"Default Conflict","type":"CA","timestamp":"2023-11-09 15:06:06"},{"nodeID":"1388749","text":"Disagreeing","type":"YA","timestamp":"2023-11-09 15:06:06"},{"nodeID":"1388750","text":"we need to see that reform","type":"I","timestamp":"2023-11-09 15:06:07"},{"nodeID":"1388751","text":"Helen Morgan:  We need to see that","type":"L","timestamp":"2023-11-09 15:06:07"},{"nodeID":"1388752","text":"Analysing","type":"YA","timestamp":"2023-11-09 15:06:07"},{"nodeID":"1388753","text":"Anon: Helen Morgan:  We need to see that","type":"L","timestamp":"2023-11-09 15:06:07"},{"nodeID":"1388754","text":"Asserting","type":"YA","timestamp":"2023-11-09 15:06:07"},{"nodeID":"1388755","text":"Default Transition","type":"TA","timestamp":"2023-11-09 15:06:07"},{"nodeID":"1388756","text":"we need to see the reform now","type":"I","timestamp":"2023-11-09 15:06:07"},{"nodeID":"1388757","text":"Helen Morgan: We need to see it now","type":"L","timestamp":"2023-11-09 15:06:07"},{"nodeID":"1388758","text":"Analysing","type":"YA","timestamp":"2023-11-09 15:06:07"},{"nodeID":"1388759","text":"Anon: Helen Morgan: We need to see it now","type":"L","timestamp":"2023-11-09 15:06:07"},{"nodeID":"1388760","text":"Asserting","type":"YA","timestamp":"2023-11-09 15:06:07"},{"nodeID":"1388761","text":"Default Transition","type":"TA","timestamp":"2023-11-09 15:06:07"},{"nodeID":"1388762","text":"Default Rephrase","type":"MA","timestamp":"2023-11-09 15:06:07"},{"nodeID":"1388763","text":"Restating","type":"YA","timestamp":"2023-11-09 15:06:07"},{"nodeID":"1388764","text":"we need to see a proper investment in social housing","type":"I","timestamp":"2023-11-09 15:06:08"},{"nodeID":"1388765","text":"Helen Morgan: we need to see a proper investment in social housing","type":"L","timestamp":"2023-11-09 15:06:08"},{"nodeID":"1388766","text":"Analysing","type":"YA","timestamp":"2023-11-09 15:06:08"},{"nodeID":"1388767","text":"Anon: Helen Morgan: we need to see a proper investment in social housing","type":"L","timestamp":"2023-11-09 15:06:08"},{"nodeID":"1388768","text":"Asserting","type":"YA","timestamp":"2023-11-09 15:06:08"},{"nodeID":"1388769","text":"Default Transition","type":"TA","timestamp":"2023-11-09 15:06:08"},{"nodeID":"1388770","text":"as a parent of two young children, my husband and I bought our first house together at the age of 26","type":"I","timestamp":"2023-11-09 15:06:09"},{"nodeID":"1388771","text":"AudienceMember 20230427QT20: as a parent of two young children, my husband and I bought our first house together at the age of 26","type":"L","timestamp":"2023-11-09 15:06:09"},{"nodeID":"1388772","text":"Analysing","type":"YA","timestamp":"2023-11-09 15:06:09"},{"nodeID":"1388773","text":"Anon: AudienceMember 20230427QT20: as a parent of two young children, my husband and I bought our first house together at the age of 26","type":"L","timestamp":"2023-11-09 15:06:09"},{"nodeID":"1388774","text":"Asserting","type":"YA","timestamp":"2023-11-09 15:06:09"},{"nodeID":"1388775","text":"Default Transition","type":"TA","timestamp":"2023-11-09 15:06:09"},{"nodeID":"1388776","text":"AudienceMember 20230427QT20 can envisage now that AudienceMember 20230427QT20's children will not be able to buy a house at that age or maybe even 36","type":"I","timestamp":"2023-11-09 15:06:09"},{"nodeID":"1388777","text":"AudienceMember 20230427QT20: I can envisage now that my children will not be able to buy a house at that age or maybe even 36","type":"L","timestamp":"2023-11-09 15:06:09"},{"nodeID":"1388778","text":"Analysing","type":"YA","timestamp":"2023-11-09 15:06:09"},{"nodeID":"1388779","text":"Anon: AudienceMember 20230427QT20: I can envisage now that my children will not be able to buy a house at that age or maybe even 36","type":"L","timestamp":"2023-11-09 15:06:09"},{"nodeID":"1388780","text":"Asserting","type":"YA","timestamp":"2023-11-09 15:06:09"},{"nodeID":"1388781","text":"Default Transition","type":"TA","timestamp":"2023-11-09 15:06:09"},{"nodeID":"1388782","text":"the only way that AudienceMember 20230427QT20's children potentially will be able to have a house is if AudienceMember 20230427QT20's husband and AudienceMember 20230427QT20 leave the children the house that they will eventually finish paying our mortgage when they're into their 60s","type":"I","timestamp":"2023-11-09 15:06:10"},{"nodeID":"1388783","text":"AudienceMember 20230427QT20: the only way that they potentially will be able to have a house is if my husband and I leave them the house that we will eventually finish paying our mortgage when we're into our 60s","type":"L","timestamp":"2023-11-09 15:06:10"},{"nodeID":"1388784","text":"Analysing","type":"YA","timestamp":"2023-11-09 15:06:10"},{"nodeID":"1388785","text":"Anon: AudienceMember 20230427QT20: the only way that they potentially will be able to have a house is if my husband and I leave them the house that we will eventually finish paying our mortgage when we're into our 60s","type":"L","timestamp":"2023-11-09 15:06:10"},{"nodeID":"1388786","text":"Asserting","type":"YA","timestamp":"2023-11-09 15:06:10"},{"nodeID":"1388787","text":"Default Transition","type":"TA","timestamp":"2023-11-09 15:06:10"},{"nodeID":"1388788","text":"Default Inference","type":"RA","timestamp":"2023-11-09 15:06:10"},{"nodeID":"1388789","text":"Arguing","type":"YA","timestamp":"2023-11-09 15:06:10"},{"nodeID":"1388790","text":"if AudienceMember 20230427QT20 and their husband leave the children their house, their children will be subject to paying a 40 per cent inheritance tax on that property","type":"I","timestamp":"2023-11-09 15:06:11"},{"nodeID":"1388791","text":"AudienceMember 20230427QT20: if we leave them our house, our children will be subject to paying a 40 per cent inheritance tax on that property","type":"L","timestamp":"2023-11-09 15:06:11"},{"nodeID":"1388792","text":"Analysing","type":"YA","timestamp":"2023-11-09 15:06:11"},{"nodeID":"1388793","text":"Anon: AudienceMember 20230427QT20: if we leave them our house, our children will be subject to paying a 40 per cent inheritance tax on that property","type":"L","timestamp":"2023-11-09 15:06:11"},{"nodeID":"1388794","text":"Asserting","type":"YA","timestamp":"2023-11-09 15:06:11"},{"nodeID":"1388795","text":"Default Transition","type":"TA","timestamp":"2023-11-09 15:06:11"},{"nodeID":"1388796","text":"Default Conflict","type":"CA","timestamp":"2023-11-09 15:06:11"},{"nodeID":"1388797","text":"Disagreeing","type":"YA","timestamp":"2023-11-09 15:06:11"},{"nodeID":"1388798","text":"AudienceMember 20230427QT20 can just see the difficulties","type":"I","timestamp":"2023-11-09 15:06:11"},{"nodeID":"1388799","text":"AudienceMember 20230427QT20: I can just see the difficulties","type":"L","timestamp":"2023-11-09 15:06:11"},{"nodeID":"1388800","text":"Analysing","type":"YA","timestamp":"2023-11-09 15:06:11"},{"nodeID":"1388801","text":"Anon: AudienceMember 20230427QT20: I can just see the difficulties","type":"L","timestamp":"2023-11-09 15:06:11"},{"nodeID":"1388802","text":"Asserting","type":"YA","timestamp":"2023-11-09 15:06:11"},{"nodeID":"1388803","text":"Default Transition","type":"TA","timestamp":"2023-11-09 15:06:11"},{"nodeID":"1388804","text":"Default Inference","type":"RA","timestamp":"2023-11-09 15:06:11"},{"nodeID":"1388805","text":"Arguing","type":"YA","timestamp":"2023-11-09 15:06:11"},{"nodeID":"1388806","text":"the crisis is not only in private rented accommodation","type":"I","timestamp":"2023-11-09 15:06:12"},{"nodeID":"1388807","text":"AudienceMember 20230427QT20: this is not only in private rented accommodation","type":"L","timestamp":"2023-11-09 15:06:12"},{"nodeID":"1388808","text":"Analysing","type":"YA","timestamp":"2023-11-09 15:06:12"},{"nodeID":"1388809","text":"Anon: AudienceMember 20230427QT20: this is not only in private rented accommodation","type":"L","timestamp":"2023-11-09 15:06:12"},{"nodeID":"1388810","text":"Asserting","type":"YA","timestamp":"2023-11-09 15:06:12"},{"nodeID":"1388811","text":"Default Transition","type":"TA","timestamp":"2023-11-09 15:06:12"},{"nodeID":"1388812","text":"Default Inference","type":"RA","timestamp":"2023-11-09 15:06:12"},{"nodeID":"1388813","text":"Arguing","type":"YA","timestamp":"2023-11-09 15:06:12"},{"nodeID":"1388814","text":"people getting onto the property ladder also feel the crisis","type":"I","timestamp":"2023-11-09 15:06:12"},{"nodeID":"1388815","text":"AudienceMember 20230427QT20: people getting onto the property ladder","type":"L","timestamp":"2023-11-09 15:06:12"},{"nodeID":"1388816","text":"Analysing","type":"YA","timestamp":"2023-11-09 15:06:12"},{"nodeID":"1388817","text":"Anon: AudienceMember 20230427QT20: people getting onto the property ladder","type":"L","timestamp":"2023-11-09 15:06:12"},{"nodeID":"1388818","text":"Asserting","type":"YA","timestamp":"2023-11-09 15:06:12"},{"nodeID":"1388819","text":"Default Transition","type":"TA","timestamp":"2023-11-09 15:06:12"},{"nodeID":"1388820","text":"Default Inference","type":"RA","timestamp":"2023-11-09 15:06:12"},{"nodeID":"1388821","text":"Arguing","type":"YA","timestamp":"2023-11-09 15:06:12"},{"nodeID":"1388822","text":"AudienceMember 20230427QT20 just can't see getting onto the property ladder happening for people in their 30s at the moment","type":"I","timestamp":"2023-11-09 15:06:13"},{"nodeID":"1388823","text":"AudienceMember 20230427QT20: I just can't see it happening for people in their 30s at the moment","type":"L","timestamp":"2023-11-09 15:06:13"},{"nodeID":"1388824","text":"Analysing","type":"YA","timestamp":"2023-11-09 15:06:13"},{"nodeID":"1388825","text":"Anon: AudienceMember 20230427QT20: I just can't see it happening for people in their 30s at the moment","type":"L","timestamp":"2023-11-09 15:06:13"},{"nodeID":"1388826","text":"Asserting","type":"YA","timestamp":"2023-11-09 15:06:13"},{"nodeID":"1388827","text":"Default Transition","type":"TA","timestamp":"2023-11-09 15:06:13"},{"nodeID":"1388828","text":"Default Inference","type":"RA","timestamp":"2023-11-09 15:06:13"},{"nodeID":"1388829","text":"Arguing","type":"YA","timestamp":"2023-11-09 15:06:13"},{"nodeID":"1388830","text":"Default Rephrase","type":"MA","timestamp":"2023-11-09 15:06:13"},{"nodeID":"1388831","text":"Default Transition","type":"TA","timestamp":"2023-11-09 15:06:13"},{"nodeID":"1388832","text":"Restating","type":"YA","timestamp":"2023-11-09 15:06:13"}],"edges":[{"edgeID":"1814225","fromID":"1388717","toID":"1388716","formEdgeID":null},{"edgeID":"1814226","fromID":"1388718","toID":"1388717","formEdgeID":null},{"edgeID":"1814227","fromID":"1388716","toID":"1388719","formEdgeID":null},{"edgeID":"1814228","fromID":"1388719","toID":"1388715","formEdgeID":null},{"edgeID":"1814229","fromID":"1388722","toID":"1388721","formEdgeID":null},{"edgeID":"1814230","fromID":"1388723","toID":"1388722","formEdgeID":null},{"edgeID":"1814231","fromID":"1388721","toID":"1388724","formEdgeID":null},{"edgeID":"1814232","fromID":"1388724","toID":"1388720","formEdgeID":null},{"edgeID":"1814233","fromID":"1388720","toID":"1388725","formEdgeID":null},{"edgeID":"1814234","fromID":"1388725","toID":"1388715","formEdgeID":null},{"edgeID":"1814235","fromID":"1388716","toID":"1388726","formEdgeID":null},{"edgeID":"1814236","fromID":"1388726","toID":"1388721","formEdgeID":null},{"edgeID":"1814237","fromID":"1388726","toID":"1388727","formEdgeID":null},{"edgeID":"1814238","fromID":"1388727","toID":"1388725","formEdgeID":null},{"edgeID":"1814239","fromID":"1388730","toID":"1388729","formEdgeID":null},{"edgeID":"1814240","fromID":"1388731","toID":"1388730","formEdgeID":null},{"edgeID":"1814241","fromID":"1388729","toID":"1388732","formEdgeID":null},{"edgeID":"1814242","fromID":"1388732","toID":"1388728","formEdgeID":null},{"edgeID":"1814243","fromID":"1388721","toID":"1388733","formEdgeID":null},{"edgeID":"1814244","fromID":"1388733","toID":"1388729","formEdgeID":null},{"edgeID":"1814245","fromID":"1388720","toID":"1388734","formEdgeID":null},{"edgeID":"1814246","fromID":"1388734","toID":"1388728","formEdgeID":null},{"edgeID":"1814247","fromID":"1388733","toID":"1388735","formEdgeID":null},{"edgeID":"1814248","fromID":"1388735","toID":"1388734","formEdgeID":null},{"edgeID":"1814249","fromID":"1388738","toID":"1388737","formEdgeID":null},{"edgeID":"1814250","fromID":"1388739","toID":"1388738","formEdgeID":null},{"edgeID":"1814251","fromID":"1388737","toID":"1388740","formEdgeID":null},{"edgeID":"1814252","fromID":"1388740","toID":"1388736","formEdgeID":null},{"edgeID":"1814253","fromID":"1388729","toID":"1388741","formEdgeID":null},{"edgeID":"1814254","fromID":"1388741","toID":"1388737","formEdgeID":null},{"edgeID":"1814255","fromID":"1388744","toID":"1388743","formEdgeID":null},{"edgeID":"1814256","fromID":"1388745","toID":"1388744","formEdgeID":null},{"edgeID":"1814257","fromID":"1388743","toID":"1388746","formEdgeID":null},{"edgeID":"1814258","fromID":"1388746","toID":"1388742","formEdgeID":null},{"edgeID":"1814259","fromID":"1388737","toID":"1388747","formEdgeID":null},{"edgeID":"1814260","fromID":"1388747","toID":"1388743","formEdgeID":null},{"edgeID":"1814261","fromID":"1388742","toID":"1388748","formEdgeID":null},{"edgeID":"1814262","fromID":"1388748","toID":"1388736","formEdgeID":null},{"edgeID":"1814263","fromID":"1388747","toID":"1388749","formEdgeID":null},{"edgeID":"1814264","fromID":"1388749","toID":"1388748","formEdgeID":null},{"edgeID":"1814265","fromID":"1388752","toID":"1388751","formEdgeID":null},{"edgeID":"1814266","fromID":"1388753","toID":"1388752","formEdgeID":null},{"edgeID":"1814267","fromID":"1388751","toID":"1388754","formEdgeID":null},{"edgeID":"1814268","fromID":"1388754","toID":"1388750","formEdgeID":null},{"edgeID":"1814269","fromID":"1388743","toID":"1388755","formEdgeID":null},{"edgeID":"1814270","fromID":"1388755","toID":"1388751","formEdgeID":null},{"edgeID":"1814271","fromID":"1388758","toID":"1388757","formEdgeID":null},{"edgeID":"1814272","fromID":"1388759","toID":"1388758","formEdgeID":null},{"edgeID":"1814273","fromID":"1388757","toID":"1388760","formEdgeID":null},{"edgeID":"1814274","fromID":"1388760","toID":"1388756","formEdgeID":null},{"edgeID":"1814275","fromID":"1388751","toID":"1388761","formEdgeID":null},{"edgeID":"1814276","fromID":"1388761","toID":"1388757","formEdgeID":null},{"edgeID":"1814277","fromID":"1388756","toID":"1388762","formEdgeID":null},{"edgeID":"1814278","fromID":"1388762","toID":"1388750","formEdgeID":null},{"edgeID":"1814279","fromID":"1388761","toID":"1388763","formEdgeID":null},{"edgeID":"1814280","fromID":"1388763","toID":"1388762","formEdgeID":null},{"edgeID":"1814281","fromID":"1388766","toID":"1388765","formEdgeID":null},{"edgeID":"1814282","fromID":"1388767","toID":"1388766","formEdgeID":null},{"edgeID":"1814283","fromID":"1388765","toID":"1388768","formEdgeID":null},{"edgeID":"1814284","fromID":"1388768","toID":"1388764","formEdgeID":null},{"edgeID":"1814285","fromID":"1388757","toID":"1388769","formEdgeID":null},{"edgeID":"1814286","fromID":"1388769","toID":"1388765","formEdgeID":null},{"edgeID":"1814287","fromID":"1388772","toID":"1388771","formEdgeID":null},{"edgeID":"1814288","fromID":"1388773","toID":"1388772","formEdgeID":null},{"edgeID":"1814289","fromID":"1388771","toID":"1388774","formEdgeID":null},{"edgeID":"1814290","fromID":"1388774","toID":"1388770","formEdgeID":null},{"edgeID":"1814291","fromID":"1388765","toID":"1388775","formEdgeID":null},{"edgeID":"1814292","fromID":"1388775","toID":"1388771","formEdgeID":null},{"edgeID":"1814293","fromID":"1388778","toID":"1388777","formEdgeID":null},{"edgeID":"1814294","fromID":"1388779","toID":"1388778","formEdgeID":null},{"edgeID":"1814295","fromID":"1388777","toID":"1388780","formEdgeID":null},{"edgeID":"1814296","fromID":"1388780","toID":"1388776","formEdgeID":null},{"edgeID":"1814297","fromID":"1388771","toID":"1388781","formEdgeID":null},{"edgeID":"1814298","fromID":"1388781","toID":"1388777","formEdgeID":null},{"edgeID":"1814299","fromID":"1388784","toID":"1388783","formEdgeID":null},{"edgeID":"1814300","fromID":"1388785","toID":"1388784","formEdgeID":null},{"edgeID":"1814301","fromID":"1388783","toID":"1388786","formEdgeID":null},{"edgeID":"1814302","fromID":"1388786","toID":"1388782","formEdgeID":null},{"edgeID":"1814303","fromID":"1388777","toID":"1388787","formEdgeID":null},{"edgeID":"1814304","fromID":"1388787","toID":"1388783","formEdgeID":null},{"edgeID":"1814305","fromID":"1388776","toID":"1388788","formEdgeID":null},{"edgeID":"1814306","fromID":"1388788","toID":"1388782","formEdgeID":null},{"edgeID":"1814307","fromID":"1388787","toID":"1388789","formEdgeID":null},{"edgeID":"1814308","fromID":"1388789","toID":"1388788","formEdgeID":null},{"edgeID":"1814309","fromID":"1388792","toID":"1388791","formEdgeID":null},{"edgeID":"1814310","fromID":"1388793","toID":"1388792","formEdgeID":null},{"edgeID":"1814311","fromID":"1388791","toID":"1388794","formEdgeID":null},{"edgeID":"1814312","fromID":"1388794","toID":"1388790","formEdgeID":null},{"edgeID":"1814313","fromID":"1388783","toID":"1388795","formEdgeID":null},{"edgeID":"1814314","fromID":"1388795","toID":"1388791","formEdgeID":null},{"edgeID":"1814315","fromID":"1388790","toID":"1388796","formEdgeID":null},{"edgeID":"1814316","fromID":"1388796","toID":"1388782","formEdgeID":null},{"edgeID":"1814317","fromID":"1388795","toID":"1388797","formEdgeID":null},{"edgeID":"1814318","fromID":"1388797","toID":"1388796","formEdgeID":null},{"edgeID":"1814319","fromID":"1388800","toID":"1388799","formEdgeID":null},{"edgeID":"1814320","fromID":"1388801","toID":"1388800","formEdgeID":null},{"edgeID":"1814321","fromID":"1388799","toID":"1388802","formEdgeID":null},{"edgeID":"1814322","fromID":"1388802","toID":"1388798","formEdgeID":null},{"edgeID":"1814323","fromID":"1388791","toID":"1388803","formEdgeID":null},{"edgeID":"1814324","fromID":"1388803","toID":"1388799","formEdgeID":null},{"edgeID":"1814325","fromID":"1388790","toID":"1388804","formEdgeID":null},{"edgeID":"1814326","fromID":"1388804","toID":"1388798","formEdgeID":null},{"edgeID":"1814327","fromID":"1388803","toID":"1388805","formEdgeID":null},{"edgeID":"1814328","fromID":"1388805","toID":"1388804","formEdgeID":null},{"edgeID":"1814329","fromID":"1388808","toID":"1388807","formEdgeID":null},{"edgeID":"1814330","fromID":"1388809","toID":"1388808","formEdgeID":null},{"edgeID":"1814331","fromID":"1388807","toID":"1388810","formEdgeID":null},{"edgeID":"1814332","fromID":"1388810","toID":"1388806","formEdgeID":null},{"edgeID":"1814333","fromID":"1388799","toID":"1388811","formEdgeID":null},{"edgeID":"1814334","fromID":"1388811","toID":"1388807","formEdgeID":null},{"edgeID":"1814335","fromID":"1388798","toID":"1388812","formEdgeID":null},{"edgeID":"1814336","fromID":"1388812","toID":"1388806","formEdgeID":null},{"edgeID":"1814337","fromID":"1388811","toID":"1388813","formEdgeID":null},{"edgeID":"1814338","fromID":"1388813","toID":"1388812","formEdgeID":null},{"edgeID":"1814339","fromID":"1388816","toID":"1388815","formEdgeID":null},{"edgeID":"1814340","fromID":"1388817","toID":"1388816","formEdgeID":null},{"edgeID":"1814341","fromID":"1388815","toID":"1388818","formEdgeID":null},{"edgeID":"1814342","fromID":"1388818","toID":"1388814","formEdgeID":null},{"edgeID":"1814343","fromID":"1388807","toID":"1388819","formEdgeID":null},{"edgeID":"1814344","fromID":"1388819","toID":"1388815","formEdgeID":null},{"edgeID":"1814345","fromID":"1388814","toID":"1388820","formEdgeID":null},{"edgeID":"1814346","fromID":"1388820","toID":"1388806","formEdgeID":null},{"edgeID":"1814347","fromID":"1388819","toID":"1388821","formEdgeID":null},{"edgeID":"1814348","fromID":"1388821","toID":"1388820","formEdgeID":null},{"edgeID":"1814349","fromID":"1388824","toID":"1388823","formEdgeID":null},{"edgeID":"1814350","fromID":"1388825","toID":"1388824","formEdgeID":null},{"edgeID":"1814351","fromID":"1388823","toID":"1388826","formEdgeID":null},{"edgeID":"1814352","fromID":"1388826","toID":"1388822","formEdgeID":null},{"edgeID":"1814353","fromID":"1388815","toID":"1388827","formEdgeID":null},{"edgeID":"1814354","fromID":"1388827","toID":"1388823","formEdgeID":null},{"edgeID":"1814355","fromID":"1388822","toID":"1388828","formEdgeID":null},{"edgeID":"1814356","fromID":"1388828","toID":"1388814","formEdgeID":null},{"edgeID":"1814357","fromID":"1388827","toID":"1388829","formEdgeID":null},{"edgeID":"1814358","fromID":"1388829","toID":"1388828","formEdgeID":null},{"edgeID":"1814359","fromID":"1388764","toID":"1388830","formEdgeID":null},{"edgeID":"1814360","fromID":"1388830","toID":"1388750","formEdgeID":null},{"edgeID":"1814361","fromID":"1388751","toID":"1388831","formEdgeID":null},{"edgeID":"1814362","fromID":"1388831","toID":"1388765","formEdgeID":null},{"edgeID":"1814363","fromID":"1388831","toID":"1388832","formEdgeID":null},{"edgeID":"1814364","fromID":"1388832","toID":"1388830","formEdgeID":null}],"locutions":[]}