{"nodes":[{"nodeID":"1388562","text":"we need to have a bit of vision","type":"I","timestamp":"2023-11-09 15:05:51"},{"nodeID":"1388563","text":"Emily Thornberry: We need to have a bit of vision","type":"L","timestamp":"2023-11-09 15:05:51"},{"nodeID":"1388564","text":"Analysing","type":"YA","timestamp":"2023-11-09 15:05:51"},{"nodeID":"1388565","text":"Anon: Emily Thornberry: We need to have a bit of vision","type":"L","timestamp":"2023-11-09 15:05:51"},{"nodeID":"1388566","text":"Asserting","type":"YA","timestamp":"2023-11-09 15:05:51"},{"nodeID":"1388567","text":"we need to have a bit of leadership","type":"I","timestamp":"2023-11-09 15:05:52"},{"nodeID":"1388568","text":"Emily Thornberry: quite frankly a bit of leadership","type":"L","timestamp":"2023-11-09 15:05:52"},{"nodeID":"1388569","text":"Analysing","type":"YA","timestamp":"2023-11-09 15:05:52"},{"nodeID":"1388570","text":"Anon: Emily Thornberry: quite frankly a bit of leadership","type":"L","timestamp":"2023-11-09 15:05:52"},{"nodeID":"1388571","text":"Asserting","type":"YA","timestamp":"2023-11-09 15:05:52"},{"nodeID":"1388572","text":"Default Transition","type":"TA","timestamp":"2023-11-09 15:05:52"},{"nodeID":"1388573","text":"Default Rephrase","type":"MA","timestamp":"2023-11-09 15:05:52"},{"nodeID":"1388574","text":"Restating","type":"YA","timestamp":"2023-11-09 15:05:52"},{"nodeID":"1388575","text":"what we saw today was yet another bit of green wash","type":"I","timestamp":"2023-11-09 15:05:53"},{"nodeID":"1388576","text":"Emily Thornberry: what we saw today was yet another bit of green wash","type":"L","timestamp":"2023-11-09 15:05:53"},{"nodeID":"1388577","text":"Analysing","type":"YA","timestamp":"2023-11-09 15:05:53"},{"nodeID":"1388578","text":"Anon: Emily Thornberry: what we saw today was yet another bit of green wash","type":"L","timestamp":"2023-11-09 15:05:53"},{"nodeID":"1388579","text":"Asserting","type":"YA","timestamp":"2023-11-09 15:05:53"},{"nodeID":"1388580","text":"Default Transition","type":"TA","timestamp":"2023-11-09 15:05:53"},{"nodeID":"1388581","text":"Default Conflict","type":"CA","timestamp":"2023-11-09 15:05:53"},{"nodeID":"1388582","text":"Disagreeing","type":"YA","timestamp":"2023-11-09 15:05:53"},{"nodeID":"1388583","text":"Emily Thornberry: as people have said, repackaged and now a shinier green bit of paper","type":"L","timestamp":"2023-11-09 15:05:53"},{"nodeID":"1388584","text":"Analysing","type":"YA","timestamp":"2023-11-09 15:05:53"},{"nodeID":"1388585","text":"Anon: Emily Thornberry: as people have said, repackaged and now a shinier green bit of paper","type":"L","timestamp":"2023-11-09 15:05:53"},{"nodeID":"1388586","text":"Default Transition","type":"TA","timestamp":"2023-11-09 15:05:53"},{"nodeID":"1388587","text":"what we saw today was a repackaged and now a shinier green bit of paper","type":"I","timestamp":"2023-11-09 15:05:53"},{"nodeID":"1388588","text":"Unknown Speaker: repackaged and now a shinier green bit of paper","type":"L","timestamp":"2023-11-09 15:05:53"},{"nodeID":"1388589","text":"Analysing","type":"YA","timestamp":"2023-11-09 15:05:53"},{"nodeID":"1388590","text":"Anon: Unknown Speaker: repackaged and now a shinier green bit of paper","type":"L","timestamp":"2023-11-09 15:05:53"},{"nodeID":"1388591","text":"Asserting","type":"YA","timestamp":"2023-11-09 15:05:53"},{"nodeID":"1388592","text":"Asserting","type":"YA","timestamp":"2023-11-09 15:05:53"},{"nodeID":"1388593","text":"Default Rephrase","type":"MA","timestamp":"2023-11-09 15:05:53"},{"nodeID":"1388594","text":"Restating","type":"YA","timestamp":"2023-11-09 15:05:53"},{"nodeID":"1388595","text":"what we saw today was Groundhog Day","type":"I","timestamp":"2023-11-09 15:05:54"},{"nodeID":"1388596","text":"Emily Thornberry: it's Groundhog Day","type":"L","timestamp":"2023-11-09 15:05:54"},{"nodeID":"1388597","text":"Analysing","type":"YA","timestamp":"2023-11-09 15:05:54"},{"nodeID":"1388598","text":"Anon: Emily Thornberry: it's Groundhog Day","type":"L","timestamp":"2023-11-09 15:05:54"},{"nodeID":"1388599","text":"Asserting","type":"YA","timestamp":"2023-11-09 15:05:54"},{"nodeID":"1388600","text":"Default Rephrase","type":"MA","timestamp":"2023-11-09 15:05:54"},{"nodeID":"1388601","text":"Default Transition","type":"TA","timestamp":"2023-11-09 15:05:54"},{"nodeID":"1388602","text":"Restating","type":"YA","timestamp":"2023-11-09 15:05:54"},{"nodeID":"1388603","text":"the government is doing the same thing over and over again","type":"I","timestamp":"2023-11-09 15:05:55"},{"nodeID":"1388604","text":"Emily Thornberry: it's the same thing over and over again","type":"L","timestamp":"2023-11-09 15:05:55"},{"nodeID":"1388605","text":"Analysing","type":"YA","timestamp":"2023-11-09 15:05:55"},{"nodeID":"1388606","text":"Anon: Emily Thornberry: it's the same thing over and over again","type":"L","timestamp":"2023-11-09 15:05:55"},{"nodeID":"1388607","text":"Asserting","type":"YA","timestamp":"2023-11-09 15:05:55"},{"nodeID":"1388608","text":"Default Transition","type":"TA","timestamp":"2023-11-09 15:05:55"},{"nodeID":"1388609","text":"Default Rephrase","type":"MA","timestamp":"2023-11-09 15:05:55"},{"nodeID":"1388610","text":"Restating","type":"YA","timestamp":"2023-11-09 15:05:55"},{"nodeID":"1388611","text":"what the government is doing simply isn't radical enough","type":"I","timestamp":"2023-11-09 15:05:55"},{"nodeID":"1388612","text":"Emily Thornberry: it simply isn't radical enough","type":"L","timestamp":"2023-11-09 15:05:55"},{"nodeID":"1388613","text":"Analysing","type":"YA","timestamp":"2023-11-09 15:05:55"},{"nodeID":"1388614","text":"Anon: Emily Thornberry: it simply isn't radical enough","type":"L","timestamp":"2023-11-09 15:05:55"},{"nodeID":"1388615","text":"Asserting","type":"YA","timestamp":"2023-11-09 15:05:55"},{"nodeID":"1388616","text":"Default Transition","type":"TA","timestamp":"2023-11-09 15:05:55"},{"nodeID":"1388617","text":"Default Inference","type":"RA","timestamp":"2023-11-09 15:05:55"},{"nodeID":"1388618","text":"Arguing","type":"YA","timestamp":"2023-11-09 15:05:55"},{"nodeID":"1388619","text":"people want this Government to go further and faster","type":"I","timestamp":"2023-11-09 15:05:56"},{"nodeID":"1388620","text":"Emily Thornberry: people want this Government to go further and faster","type":"L","timestamp":"2023-11-09 15:05:56"},{"nodeID":"1388621","text":"Analysing","type":"YA","timestamp":"2023-11-09 15:05:56"},{"nodeID":"1388622","text":"Anon: Emily Thornberry: people want this Government to go further and faster","type":"L","timestamp":"2023-11-09 15:05:56"},{"nodeID":"1388623","text":"Asserting","type":"YA","timestamp":"2023-11-09 15:05:56"},{"nodeID":"1388624","text":"Default Transition","type":"TA","timestamp":"2023-11-09 15:05:56"},{"nodeID":"1388625","text":"Default Inference","type":"RA","timestamp":"2023-11-09 15:05:56"},{"nodeID":"1388626","text":"Arguing","type":"YA","timestamp":"2023-11-09 15:05:56"},{"nodeID":"1388627","text":"we all know we have an obligation to look after the world","type":"I","timestamp":"2023-11-09 15:05:57"},{"nodeID":"1388628","text":"Emily Thornberry:  we all know we have an obligation to look after the world","type":"L","timestamp":"2023-11-09 15:05:57"},{"nodeID":"1388629","text":"Analysing","type":"YA","timestamp":"2023-11-09 15:05:57"},{"nodeID":"1388630","text":"Anon: Emily Thornberry:  we all know we have an obligation to look after the world","type":"L","timestamp":"2023-11-09 15:05:57"},{"nodeID":"1388631","text":"Asserting","type":"YA","timestamp":"2023-11-09 15:05:57"},{"nodeID":"1388632","text":"Default Transition","type":"TA","timestamp":"2023-11-09 15:05:57"},{"nodeID":"1388633","text":"Default Inference","type":"RA","timestamp":"2023-11-09 15:05:57"},{"nodeID":"1388634","text":"Arguing","type":"YA","timestamp":"2023-11-09 15:05:57"},{"nodeID":"1388635","text":"we can lead the way in looking after the world","type":"I","timestamp":"2023-11-09 15:05:57"},{"nodeID":"1388636","text":"Emily Thornberry: we can lead the way","type":"L","timestamp":"2023-11-09 15:05:57"},{"nodeID":"1388637","text":"Analysing","type":"YA","timestamp":"2023-11-09 15:05:57"},{"nodeID":"1388638","text":"Anon: Emily Thornberry: we can lead the way","type":"L","timestamp":"2023-11-09 15:05:57"},{"nodeID":"1388639","text":"Asserting","type":"YA","timestamp":"2023-11-09 15:05:57"},{"nodeID":"1388640","text":"Default Inference","type":"RA","timestamp":"2023-11-09 15:05:57"},{"nodeID":"1388641","text":"Default Transition","type":"TA","timestamp":"2023-11-09 15:05:57"},{"nodeID":"1388642","text":"Arguing","type":"YA","timestamp":"2023-11-09 15:05:57"},{"nodeID":"1388643","text":"xxx is the country dealing with the environment doing it better than us","type":"I","timestamp":"2023-11-09 15:05:58"},{"nodeID":"1388644","text":"Fraser Nelson: what country is doing it better than us","type":"L","timestamp":"2023-11-09 15:05:58"},{"nodeID":"1388645","text":"Analysing","type":"YA","timestamp":"2023-11-09 15:05:58"},{"nodeID":"1388646","text":"Anon: Fraser Nelson: what country is doing it better than us","type":"L","timestamp":"2023-11-09 15:05:58"},{"nodeID":"1388647","text":"Pure Questioning","type":"YA","timestamp":"2023-11-09 15:05:58"},{"nodeID":"1388648","text":"Default Transition","type":"TA","timestamp":"2023-11-09 15:05:58"},{"nodeID":"1388649","text":"Challenging","type":"YA","timestamp":"2023-11-09 15:05:58"},{"nodeID":"1388650","text":"what country is dealing with the environment better than us is not the point","type":"I","timestamp":"2023-11-09 15:05:59"},{"nodeID":"1388651","text":"Emily Thornberry: That's not the point","type":"L","timestamp":"2023-11-09 15:05:59"},{"nodeID":"1388652","text":"Analysing","type":"YA","timestamp":"2023-11-09 15:05:59"},{"nodeID":"1388653","text":"Anon: Emily Thornberry: That's not the point","type":"L","timestamp":"2023-11-09 15:05:59"},{"nodeID":"1388654","text":"Asserting","type":"YA","timestamp":"2023-11-09 15:05:59"},{"nodeID":"1388655","text":"Default Transition","type":"TA","timestamp":"2023-11-09 15:05:59"},{"nodeID":"1388656","text":"Default Conflict","type":"CA","timestamp":"2023-11-09 15:05:59"},{"nodeID":"1388657","text":"Disagreeing","type":"YA","timestamp":"2023-11-09 15:05:59"},{"nodeID":"1388658","text":"Fraser Nelson:  No, it is","type":"L","timestamp":"2023-11-09 15:05:59"},{"nodeID":"1388659","text":"Analysing","type":"YA","timestamp":"2023-11-09 15:05:59"},{"nodeID":"1388660","text":"Anon: Fraser Nelson:  No, it is","type":"L","timestamp":"2023-11-09 15:05:59"},{"nodeID":"1388661","text":"Default Transition","type":"TA","timestamp":"2023-11-09 15:05:59"},{"nodeID":"1388662","text":"Disagreeing","type":"YA","timestamp":"2023-11-09 15:05:59"},{"nodeID":"1388663","text":"Emily Thornberry: it's not the point","type":"L","timestamp":"2023-11-09 15:05:59"},{"nodeID":"1388664","text":"Analysing","type":"YA","timestamp":"2023-11-09 15:05:59"},{"nodeID":"1388665","text":"Anon: Emily Thornberry: it's not the point","type":"L","timestamp":"2023-11-09 15:05:59"},{"nodeID":"1388666","text":"Default Transition","type":"TA","timestamp":"2023-11-09 15:05:59"},{"nodeID":"1388667","text":"it's arguable as to whether other countries are doing worse","type":"I","timestamp":"2023-11-09 15:05:59"},{"nodeID":"1388668","text":"Emily Thornberry: it's arguable as to whether other countries are doing worse","type":"L","timestamp":"2023-11-09 15:05:59"},{"nodeID":"1388669","text":"Analysing","type":"YA","timestamp":"2023-11-09 15:05:59"},{"nodeID":"1388670","text":"Anon: Emily Thornberry: it's arguable as to whether other countries are doing worse","type":"L","timestamp":"2023-11-09 15:05:59"},{"nodeID":"1388671","text":"Asserting","type":"YA","timestamp":"2023-11-09 15:05:59"},{"nodeID":"1388672","text":"Default Rephrase","type":"MA","timestamp":"2023-11-09 15:05:59"},{"nodeID":"1388673","text":"Default Transition","type":"TA","timestamp":"2023-11-09 15:05:59"},{"nodeID":"1388674","text":"Restating","type":"YA","timestamp":"2023-11-09 15:05:59"},{"nodeID":"1388675","text":"you go somewhere like Denmark or Sweden and you see the way in which they insulate their homes, and where they get their energy from","type":"I","timestamp":"2023-11-09 15:06:00"},{"nodeID":"1388676","text":"Emily Thornberry: you go somewhere like Denmark or Sweden and you see the way in which they insulate their homes, and where they get their energy from","type":"L","timestamp":"2023-11-09 15:06:00"},{"nodeID":"1388677","text":"Analysing","type":"YA","timestamp":"2023-11-09 15:06:00"},{"nodeID":"1388678","text":"Anon: Emily Thornberry: you go somewhere like Denmark or Sweden and you see the way in which they insulate their homes, and where they get their energy from","type":"L","timestamp":"2023-11-09 15:06:00"},{"nodeID":"1388679","text":"Asserting","type":"YA","timestamp":"2023-11-09 15:06:00"},{"nodeID":"1388680","text":"Default Transition","type":"TA","timestamp":"2023-11-09 15:06:00"},{"nodeID":"1388681","text":"Default Inference","type":"RA","timestamp":"2023-11-09 15:06:00"},{"nodeID":"1388682","text":"Arguing","type":"YA","timestamp":"2023-11-09 15:06:00"},{"nodeID":"1388683","text":"countries like Denmark or Sweden are not cutting faster than we are","type":"I","timestamp":"2023-11-09 15:06:00"},{"nodeID":"1388684","text":"Fraser Nelson: They're not cutting faster than we are","type":"L","timestamp":"2023-11-09 15:06:00"},{"nodeID":"1388685","text":"Analysing","type":"YA","timestamp":"2023-11-09 15:06:00"},{"nodeID":"1388686","text":"Anon: Fraser Nelson: They're not cutting faster than we are","type":"L","timestamp":"2023-11-09 15:06:00"},{"nodeID":"1388687","text":"Asserting","type":"YA","timestamp":"2023-11-09 15:06:00"},{"nodeID":"1388688","text":"Default Transition","type":"TA","timestamp":"2023-11-09 15:06:00"},{"nodeID":"1388689","text":"Default Conflict","type":"CA","timestamp":"2023-11-09 15:06:00"},{"nodeID":"1388690","text":"Disagreeing","type":"YA","timestamp":"2023-11-09 15:06:00"},{"nodeID":"1388691","text":"we have the wind power that we have around our country","type":"I","timestamp":"2023-11-09 15:06:01"},{"nodeID":"1388692","text":"Emily Thornberry: we have the wind power that we have around our country","type":"L","timestamp":"2023-11-09 15:06:01"},{"nodeID":"1388693","text":"Analysing","type":"YA","timestamp":"2023-11-09 15:06:01"},{"nodeID":"1388694","text":"Anon: Emily Thornberry: we have the wind power that we have around our country","type":"L","timestamp":"2023-11-09 15:06:01"},{"nodeID":"1388695","text":"Asserting","type":"YA","timestamp":"2023-11-09 15:06:01"},{"nodeID":"1388696","text":"Default Transition","type":"TA","timestamp":"2023-11-09 15:06:01"},{"nodeID":"1388697","text":"the potential that we have for renewables","type":"I","timestamp":"2023-11-09 15:06:02"},{"nodeID":"1388698","text":"Emily Thornberry: the potential that we have for renewables","type":"L","timestamp":"2023-11-09 15:06:02"},{"nodeID":"1388699","text":"Analysing","type":"YA","timestamp":"2023-11-09 15:06:02"},{"nodeID":"1388700","text":"Anon: Emily Thornberry: the potential that we have for renewables","type":"L","timestamp":"2023-11-09 15:06:02"},{"nodeID":"1388701","text":"Asserting","type":"YA","timestamp":"2023-11-09 15:06:02"},{"nodeID":"1388702","text":"Default Transition","type":"TA","timestamp":"2023-11-09 15:06:02"},{"nodeID":"1388703","text":"we are not going fast enough","type":"I","timestamp":"2023-11-09 15:06:02"},{"nodeID":"1388704","text":"Emily Thornberry: we are not going fast enough","type":"L","timestamp":"2023-11-09 15:06:02"},{"nodeID":"1388705","text":"Analysing","type":"YA","timestamp":"2023-11-09 15:06:02"},{"nodeID":"1388706","text":"Anon: Emily Thornberry: we are not going fast enough","type":"L","timestamp":"2023-11-09 15:06:02"},{"nodeID":"1388707","text":"Asserting","type":"YA","timestamp":"2023-11-09 15:06:02"},{"nodeID":"1388708","text":"Default Transition","type":"TA","timestamp":"2023-11-09 15:06:02"},{"nodeID":"1388709","text":"Default Inference","type":"RA","timestamp":"2023-11-09 15:06:02"},{"nodeID":"1388710","text":"Arguing","type":"YA","timestamp":"2023-11-09 15:06:02"},{"nodeID":"1388711","text":"Default Inference","type":"RA","timestamp":"2023-11-09 15:06:02"},{"nodeID":"1388712","text":"Default Transition","type":"TA","timestamp":"2023-11-09 15:06:02"},{"nodeID":"1388713","text":"Arguing","type":"YA","timestamp":"2023-11-09 15:06:02"},{"nodeID":"1388714","text":"Asserting","type":"YA","timestamp":"2023-11-09 15:06:02"}],"edges":[{"edgeID":"1814037","fromID":"1388564","toID":"1388563","formEdgeID":null},{"edgeID":"1814038","fromID":"1388565","toID":"1388564","formEdgeID":null},{"edgeID":"1814039","fromID":"1388563","toID":"1388566","formEdgeID":null},{"edgeID":"1814040","fromID":"1388566","toID":"1388562","formEdgeID":null},{"edgeID":"1814041","fromID":"1388569","toID":"1388568","formEdgeID":null},{"edgeID":"1814042","fromID":"1388570","toID":"1388569","formEdgeID":null},{"edgeID":"1814043","fromID":"1388568","toID":"1388571","formEdgeID":null},{"edgeID":"1814044","fromID":"1388571","toID":"1388567","formEdgeID":null},{"edgeID":"1814045","fromID":"1388563","toID":"1388572","formEdgeID":null},{"edgeID":"1814046","fromID":"1388572","toID":"1388568","formEdgeID":null},{"edgeID":"1814047","fromID":"1388567","toID":"1388573","formEdgeID":null},{"edgeID":"1814048","fromID":"1388573","toID":"1388562","formEdgeID":null},{"edgeID":"1814049","fromID":"1388572","toID":"1388574","formEdgeID":null},{"edgeID":"1814050","fromID":"1388574","toID":"1388573","formEdgeID":null},{"edgeID":"1814051","fromID":"1388577","toID":"1388576","formEdgeID":null},{"edgeID":"1814052","fromID":"1388578","toID":"1388577","formEdgeID":null},{"edgeID":"1814053","fromID":"1388576","toID":"1388579","formEdgeID":null},{"edgeID":"1814054","fromID":"1388579","toID":"1388575","formEdgeID":null},{"edgeID":"1814055","fromID":"1388568","toID":"1388580","formEdgeID":null},{"edgeID":"1814056","fromID":"1388580","toID":"1388576","formEdgeID":null},{"edgeID":"1814057","fromID":"1388575","toID":"1388581","formEdgeID":null},{"edgeID":"1814058","fromID":"1388581","toID":"1388567","formEdgeID":null},{"edgeID":"1814059","fromID":"1388580","toID":"1388582","formEdgeID":null},{"edgeID":"1814060","fromID":"1388582","toID":"1388581","formEdgeID":null},{"edgeID":"1814061","fromID":"1388584","toID":"1388583","formEdgeID":null},{"edgeID":"1814062","fromID":"1388585","toID":"1388584","formEdgeID":null},{"edgeID":"1814063","fromID":"1388576","toID":"1388586","formEdgeID":null},{"edgeID":"1814064","fromID":"1388586","toID":"1388583","formEdgeID":null},{"edgeID":"1814065","fromID":"1388589","toID":"1388588","formEdgeID":null},{"edgeID":"1814066","fromID":"1388590","toID":"1388589","formEdgeID":null},{"edgeID":"1814067","fromID":"1388588","toID":"1388591","formEdgeID":null},{"edgeID":"1814068","fromID":"1388591","toID":"1388587","formEdgeID":null},{"edgeID":"1814069","fromID":"1388583","toID":"1388592","formEdgeID":null},{"edgeID":"1814070","fromID":"1388592","toID":"1388588","formEdgeID":null},{"edgeID":"1814071","fromID":"1388587","toID":"1388593","formEdgeID":null},{"edgeID":"1814072","fromID":"1388593","toID":"1388575","formEdgeID":null},{"edgeID":"1814073","fromID":"1388586","toID":"1388594","formEdgeID":null},{"edgeID":"1814074","fromID":"1388594","toID":"1388593","formEdgeID":null},{"edgeID":"1814075","fromID":"1388597","toID":"1388596","formEdgeID":null},{"edgeID":"1814076","fromID":"1388598","toID":"1388597","formEdgeID":null},{"edgeID":"1814077","fromID":"1388596","toID":"1388599","formEdgeID":null},{"edgeID":"1814078","fromID":"1388599","toID":"1388595","formEdgeID":null},{"edgeID":"1814079","fromID":"1388595","toID":"1388600","formEdgeID":null},{"edgeID":"1814080","fromID":"1388600","toID":"1388587","formEdgeID":null},{"edgeID":"1814081","fromID":"1388583","toID":"1388601","formEdgeID":null},{"edgeID":"1814082","fromID":"1388601","toID":"1388596","formEdgeID":null},{"edgeID":"1814083","fromID":"1388601","toID":"1388602","formEdgeID":null},{"edgeID":"1814084","fromID":"1388602","toID":"1388600","formEdgeID":null},{"edgeID":"1814085","fromID":"1388605","toID":"1388604","formEdgeID":null},{"edgeID":"1814086","fromID":"1388606","toID":"1388605","formEdgeID":null},{"edgeID":"1814087","fromID":"1388604","toID":"1388607","formEdgeID":null},{"edgeID":"1814088","fromID":"1388607","toID":"1388603","formEdgeID":null},{"edgeID":"1814089","fromID":"1388596","toID":"1388608","formEdgeID":null},{"edgeID":"1814090","fromID":"1388608","toID":"1388604","formEdgeID":null},{"edgeID":"1814091","fromID":"1388603","toID":"1388609","formEdgeID":null},{"edgeID":"1814092","fromID":"1388609","toID":"1388595","formEdgeID":null},{"edgeID":"1814093","fromID":"1388608","toID":"1388610","formEdgeID":null},{"edgeID":"1814094","fromID":"1388610","toID":"1388609","formEdgeID":null},{"edgeID":"1814095","fromID":"1388613","toID":"1388612","formEdgeID":null},{"edgeID":"1814096","fromID":"1388614","toID":"1388613","formEdgeID":null},{"edgeID":"1814097","fromID":"1388612","toID":"1388615","formEdgeID":null},{"edgeID":"1814098","fromID":"1388615","toID":"1388611","formEdgeID":null},{"edgeID":"1814099","fromID":"1388604","toID":"1388616","formEdgeID":null},{"edgeID":"1814100","fromID":"1388616","toID":"1388612","formEdgeID":null},{"edgeID":"1814101","fromID":"1388603","toID":"1388617","formEdgeID":null},{"edgeID":"1814102","fromID":"1388617","toID":"1388611","formEdgeID":null},{"edgeID":"1814103","fromID":"1388616","toID":"1388618","formEdgeID":null},{"edgeID":"1814104","fromID":"1388618","toID":"1388617","formEdgeID":null},{"edgeID":"1814105","fromID":"1388621","toID":"1388620","formEdgeID":null},{"edgeID":"1814106","fromID":"1388622","toID":"1388621","formEdgeID":null},{"edgeID":"1814107","fromID":"1388620","toID":"1388623","formEdgeID":null},{"edgeID":"1814108","fromID":"1388623","toID":"1388619","formEdgeID":null},{"edgeID":"1814109","fromID":"1388612","toID":"1388624","formEdgeID":null},{"edgeID":"1814110","fromID":"1388624","toID":"1388620","formEdgeID":null},{"edgeID":"1814111","fromID":"1388611","toID":"1388625","formEdgeID":null},{"edgeID":"1814112","fromID":"1388625","toID":"1388619","formEdgeID":null},{"edgeID":"1814113","fromID":"1388624","toID":"1388626","formEdgeID":null},{"edgeID":"1814114","fromID":"1388626","toID":"1388625","formEdgeID":null},{"edgeID":"1814115","fromID":"1388629","toID":"1388628","formEdgeID":null},{"edgeID":"1814116","fromID":"1388630","toID":"1388629","formEdgeID":null},{"edgeID":"1814117","fromID":"1388628","toID":"1388631","formEdgeID":null},{"edgeID":"1814118","fromID":"1388631","toID":"1388627","formEdgeID":null},{"edgeID":"1814119","fromID":"1388620","toID":"1388632","formEdgeID":null},{"edgeID":"1814120","fromID":"1388632","toID":"1388628","formEdgeID":null},{"edgeID":"1814121","fromID":"1388627","toID":"1388633","formEdgeID":null},{"edgeID":"1814122","fromID":"1388633","toID":"1388619","formEdgeID":null},{"edgeID":"1814123","fromID":"1388632","toID":"1388634","formEdgeID":null},{"edgeID":"1814124","fromID":"1388634","toID":"1388633","formEdgeID":null},{"edgeID":"1814125","fromID":"1388637","toID":"1388636","formEdgeID":null},{"edgeID":"1814126","fromID":"1388638","toID":"1388637","formEdgeID":null},{"edgeID":"1814127","fromID":"1388636","toID":"1388639","formEdgeID":null},{"edgeID":"1814128","fromID":"1388639","toID":"1388635","formEdgeID":null},{"edgeID":"1814129","fromID":"1388635","toID":"1388640","formEdgeID":null},{"edgeID":"1814130","fromID":"1388640","toID":"1388619","formEdgeID":null},{"edgeID":"1814131","fromID":"1388620","toID":"1388641","formEdgeID":null},{"edgeID":"1814132","fromID":"1388641","toID":"1388636","formEdgeID":null},{"edgeID":"1814133","fromID":"1388641","toID":"1388642","formEdgeID":null},{"edgeID":"1814134","fromID":"1388642","toID":"1388640","formEdgeID":null},{"edgeID":"1814135","fromID":"1388645","toID":"1388644","formEdgeID":null},{"edgeID":"1814136","fromID":"1388646","toID":"1388645","formEdgeID":null},{"edgeID":"1814137","fromID":"1388644","toID":"1388647","formEdgeID":null},{"edgeID":"1814138","fromID":"1388647","toID":"1388643","formEdgeID":null},{"edgeID":"1814139","fromID":"1388636","toID":"1388648","formEdgeID":null},{"edgeID":"1814140","fromID":"1388648","toID":"1388644","formEdgeID":null},{"edgeID":"1814141","fromID":"1388648","toID":"1388649","formEdgeID":null},{"edgeID":"1814142","fromID":"1388649","toID":"1388619","formEdgeID":null},{"edgeID":"1814143","fromID":"1388652","toID":"1388651","formEdgeID":null},{"edgeID":"1814144","fromID":"1388653","toID":"1388652","formEdgeID":null},{"edgeID":"1814145","fromID":"1388651","toID":"1388654","formEdgeID":null},{"edgeID":"1814146","fromID":"1388654","toID":"1388650","formEdgeID":null},{"edgeID":"1814147","fromID":"1388644","toID":"1388655","formEdgeID":null},{"edgeID":"1814148","fromID":"1388655","toID":"1388651","formEdgeID":null},{"edgeID":"1814149","fromID":"1388650","toID":"1388656","formEdgeID":null},{"edgeID":"1814150","fromID":"1388656","toID":"1388643","formEdgeID":null},{"edgeID":"1814151","fromID":"1388655","toID":"1388657","formEdgeID":null},{"edgeID":"1814152","fromID":"1388657","toID":"1388656","formEdgeID":null},{"edgeID":"1814153","fromID":"1388659","toID":"1388658","formEdgeID":null},{"edgeID":"1814154","fromID":"1388660","toID":"1388659","formEdgeID":null},{"edgeID":"1814155","fromID":"1388651","toID":"1388661","formEdgeID":null},{"edgeID":"1814156","fromID":"1388661","toID":"1388658","formEdgeID":null},{"edgeID":"1814157","fromID":"1388661","toID":"1388662","formEdgeID":null},{"edgeID":"1814158","fromID":"1388662","toID":"1388650","formEdgeID":null},{"edgeID":"1814159","fromID":"1388664","toID":"1388663","formEdgeID":null},{"edgeID":"1814160","fromID":"1388665","toID":"1388664","formEdgeID":null},{"edgeID":"1814161","fromID":"1388658","toID":"1388666","formEdgeID":null},{"edgeID":"1814162","fromID":"1388666","toID":"1388663","formEdgeID":null},{"edgeID":"1814163","fromID":"1388669","toID":"1388668","formEdgeID":null},{"edgeID":"1814164","fromID":"1388670","toID":"1388669","formEdgeID":null},{"edgeID":"1814165","fromID":"1388668","toID":"1388671","formEdgeID":null},{"edgeID":"1814166","fromID":"1388671","toID":"1388667","formEdgeID":null},{"edgeID":"1814167","fromID":"1388667","toID":"1388672","formEdgeID":null},{"edgeID":"1814168","fromID":"1388672","toID":"1388650","formEdgeID":null},{"edgeID":"1814169","fromID":"1388651","toID":"1388673","formEdgeID":null},{"edgeID":"1814170","fromID":"1388673","toID":"1388668","formEdgeID":null},{"edgeID":"1814171","fromID":"1388673","toID":"1388674","formEdgeID":null},{"edgeID":"1814172","fromID":"1388674","toID":"1388672","formEdgeID":null},{"edgeID":"1814173","fromID":"1388677","toID":"1388676","formEdgeID":null},{"edgeID":"1814174","fromID":"1388678","toID":"1388677","formEdgeID":null},{"edgeID":"1814175","fromID":"1388676","toID":"1388679","formEdgeID":null},{"edgeID":"1814176","fromID":"1388679","toID":"1388675","formEdgeID":null},{"edgeID":"1814177","fromID":"1388668","toID":"1388680","formEdgeID":null},{"edgeID":"1814178","fromID":"1388680","toID":"1388676","formEdgeID":null},{"edgeID":"1814179","fromID":"1388675","toID":"1388681","formEdgeID":null},{"edgeID":"1814180","fromID":"1388681","toID":"1388667","formEdgeID":null},{"edgeID":"1814181","fromID":"1388680","toID":"1388682","formEdgeID":null},{"edgeID":"1814182","fromID":"1388682","toID":"1388681","formEdgeID":null},{"edgeID":"1814183","fromID":"1388685","toID":"1388684","formEdgeID":null},{"edgeID":"1814184","fromID":"1388686","toID":"1388685","formEdgeID":null},{"edgeID":"1814185","fromID":"1388684","toID":"1388687","formEdgeID":null},{"edgeID":"1814186","fromID":"1388687","toID":"1388683","formEdgeID":null},{"edgeID":"1814187","fromID":"1388676","toID":"1388688","formEdgeID":null},{"edgeID":"1814188","fromID":"1388688","toID":"1388684","formEdgeID":null},{"edgeID":"1814189","fromID":"1388683","toID":"1388689","formEdgeID":null},{"edgeID":"1814190","fromID":"1388689","toID":"1388675","formEdgeID":null},{"edgeID":"1814191","fromID":"1388688","toID":"1388690","formEdgeID":null},{"edgeID":"1814192","fromID":"1388690","toID":"1388689","formEdgeID":null},{"edgeID":"1814193","fromID":"1388693","toID":"1388692","formEdgeID":null},{"edgeID":"1814194","fromID":"1388694","toID":"1388693","formEdgeID":null},{"edgeID":"1814195","fromID":"1388692","toID":"1388695","formEdgeID":null},{"edgeID":"1814196","fromID":"1388695","toID":"1388691","formEdgeID":null},{"edgeID":"1814197","fromID":"1388684","toID":"1388696","formEdgeID":null},{"edgeID":"1814198","fromID":"1388696","toID":"1388692","formEdgeID":null},{"edgeID":"1814199","fromID":"1388699","toID":"1388698","formEdgeID":null},{"edgeID":"1814200","fromID":"1388700","toID":"1388699","formEdgeID":null},{"edgeID":"1814201","fromID":"1388698","toID":"1388701","formEdgeID":null},{"edgeID":"1814202","fromID":"1388701","toID":"1388697","formEdgeID":null},{"edgeID":"1814203","fromID":"1388692","toID":"1388702","formEdgeID":null},{"edgeID":"1814204","fromID":"1388702","toID":"1388698","formEdgeID":null},{"edgeID":"1814205","fromID":"1388705","toID":"1388704","formEdgeID":null},{"edgeID":"1814206","fromID":"1388706","toID":"1388705","formEdgeID":null},{"edgeID":"1814207","fromID":"1388704","toID":"1388707","formEdgeID":null},{"edgeID":"1814208","fromID":"1388707","toID":"1388703","formEdgeID":null},{"edgeID":"1814209","fromID":"1388698","toID":"1388708","formEdgeID":null},{"edgeID":"1814210","fromID":"1388708","toID":"1388704","formEdgeID":null},{"edgeID":"1814211","fromID":"1388697","toID":"1388709","formEdgeID":null},{"edgeID":"1814212","fromID":"1388709","toID":"1388703","formEdgeID":null},{"edgeID":"1814213","fromID":"1388691","toID":"1388709","formEdgeID":null},{"edgeID":"1814214","fromID":"1388692","toID":"1388708","formEdgeID":null},{"edgeID":"1814215","fromID":"1388708","toID":"1388710","formEdgeID":null},{"edgeID":"1814216","fromID":"1388710","toID":"1388709","formEdgeID":null},{"edgeID":"1814217","fromID":"1388703","toID":"1388711","formEdgeID":null},{"edgeID":"1814218","fromID":"1388711","toID":"1388619","formEdgeID":null},{"edgeID":"1814219","fromID":"1388620","toID":"1388712","formEdgeID":null},{"edgeID":"1814220","fromID":"1388712","toID":"1388704","formEdgeID":null},{"edgeID":"1814221","fromID":"1388712","toID":"1388713","formEdgeID":null},{"edgeID":"1814222","fromID":"1388713","toID":"1388711","formEdgeID":null},{"edgeID":"1814223","fromID":"1388663","toID":"1388714","formEdgeID":null},{"edgeID":"1814224","fromID":"1388714","toID":"1388650","formEdgeID":null}],"locutions":[]}