{"nodes":[{"nodeID":"1168454","text":"insulating new builds is perhaps easier","type":"I","timestamp":"2023-05-18 19:08:52"},{"nodeID":"1168502","text":"we've got to have the right incentives in place for people to want to improve their housing","type":"I","timestamp":"2023-05-18 19:09:25"},{"nodeID":"1388125","text":"the UK has 20 million homes","type":"I","timestamp":"2023-11-09 15:05:12"},{"nodeID":"1388126","text":"Fiona Bruce: We've got 20 million homes","type":"L","timestamp":"2023-11-09 15:05:12"},{"nodeID":"1388127","text":"Analysing","type":"YA","timestamp":"2023-11-09 15:05:12"},{"nodeID":"1388128","text":"Anon: Fiona Bruce: We've got 20 million homes","type":"L","timestamp":"2023-11-09 15:05:12"},{"nodeID":"1388129","text":"Asserting","type":"YA","timestamp":"2023-11-09 15:05:12"},{"nodeID":"1388130","text":"XXX is how easy it is to insulate all of Britain's houses","type":"I","timestamp":"2023-11-09 15:05:13"},{"nodeID":"1388131","text":"Fiona Bruce: how easy is that actually?","type":"L","timestamp":"2023-11-09 15:05:13"},{"nodeID":"1388132","text":"Analysing","type":"YA","timestamp":"2023-11-09 15:05:13"},{"nodeID":"1388133","text":"Anon: Fiona Bruce: how easy is that actually?","type":"L","timestamp":"2023-11-09 15:05:13"},{"nodeID":"1388134","text":"Pure Questioning","type":"YA","timestamp":"2023-11-09 15:05:13"},{"nodeID":"1388135","text":"Default Transition","type":"TA","timestamp":"2023-11-09 15:05:13"},{"nodeID":"1388136","text":"Fiona Bruce: insulating new builds is perhaps easier","type":"L","timestamp":"2023-11-09 15:05:14"},{"nodeID":"1388137","text":"Analysing","type":"YA","timestamp":"2023-11-09 15:05:14"},{"nodeID":"1388138","text":"Anon: Fiona Bruce: insulating new builds is perhaps easier","type":"L","timestamp":"2023-11-09 15:05:14"},{"nodeID":"1388139","text":"Asserting","type":"YA","timestamp":"2023-11-09 15:05:14"},{"nodeID":"1388140","text":"to insulate the UK's houses investment is necessary","type":"I","timestamp":"2023-11-09 15:05:14"},{"nodeID":"1388141","text":"Helen Morgan: you've just got to invest, haven't you?","type":"L","timestamp":"2023-11-09 15:05:14"},{"nodeID":"1388142","text":"Analysing","type":"YA","timestamp":"2023-11-09 15:05:14"},{"nodeID":"1388143","text":"Anon: Helen Morgan: you've just got to invest, haven't you?","type":"L","timestamp":"2023-11-09 15:05:14"},{"nodeID":"1388144","text":"Rhetorical Questioning","type":"YA","timestamp":"2023-11-09 15:05:14"},{"nodeID":"1388145","text":"to insulate the houses it is necessary to have the right people with the right skills to do those jobs","type":"I","timestamp":"2023-11-09 15:05:15"},{"nodeID":"1388146","text":"Helen Morgan: We've got to have the right people with the right skills to do those jobs","type":"L","timestamp":"2023-11-09 15:05:15"},{"nodeID":"1388147","text":"Analysing","type":"YA","timestamp":"2023-11-09 15:05:15"},{"nodeID":"1388148","text":"Anon: Helen Morgan: We've got to have the right people with the right skills to do those jobs","type":"L","timestamp":"2023-11-09 15:05:15"},{"nodeID":"1388149","text":"Asserting","type":"YA","timestamp":"2023-11-09 15:05:15"},{"nodeID":"1388150","text":"Default Transition","type":"TA","timestamp":"2023-11-09 15:05:15"},{"nodeID":"1388151","text":"Helen Morgan: we've got to have the right incentives in place for people to want to improve their housing","type":"L","timestamp":"2023-11-09 15:05:16"},{"nodeID":"1388152","text":"Analysing","type":"YA","timestamp":"2023-11-09 15:05:16"},{"nodeID":"1388153","text":"Anon: Helen Morgan: we've got to have the right incentives in place for people to want to improve their housing","type":"L","timestamp":"2023-11-09 15:05:16"},{"nodeID":"1388154","text":"Asserting","type":"YA","timestamp":"2023-11-09 15:05:16"},{"nodeID":"1388155","text":"Default Transition","type":"TA","timestamp":"2023-11-09 15:05:16"},{"nodeID":"1388156","text":"it would cost XXX to insulate the houses","type":"I","timestamp":"2023-11-09 15:05:16"},{"nodeID":"1388157","text":"Fiona Bruce: have you any idea how much that would cost?","type":"L","timestamp":"2023-11-09 15:05:16"},{"nodeID":"1388158","text":"Analysing","type":"YA","timestamp":"2023-11-09 15:05:16"},{"nodeID":"1388159","text":"Anon: Fiona Bruce: have you any idea how much that would cost?","type":"L","timestamp":"2023-11-09 15:05:16"},{"nodeID":"1388160","text":"Pure Questioning","type":"YA","timestamp":"2023-11-09 15:05:16"},{"nodeID":"1388161","text":"Default Transition","type":"TA","timestamp":"2023-11-09 15:05:16"},{"nodeID":"1388162","text":"Helen Morgan doesn't know off the top of her head how much that would cost","type":"I","timestamp":"2023-11-09 15:05:17"},{"nodeID":"1388163","text":"Helen Morgan: I don't know off the top of my head how much that would cost","type":"L","timestamp":"2023-11-09 15:05:17"},{"nodeID":"1388164","text":"Analysing","type":"YA","timestamp":"2023-11-09 15:05:17"},{"nodeID":"1388165","text":"Anon: Helen Morgan: I don't know off the top of my head how much that would cost","type":"L","timestamp":"2023-11-09 15:05:17"},{"nodeID":"1388166","text":"Asserting","type":"YA","timestamp":"2023-11-09 15:05:17"},{"nodeID":"1388167","text":"Default Transition","type":"TA","timestamp":"2023-11-09 15:05:17"},{"nodeID":"1388168","text":"Default Rephrase","type":"MA","timestamp":"2023-11-09 15:05:17"},{"nodeID":"1388169","text":"Default Illocuting","type":"YA","timestamp":"2023-11-09 15:05:17"},{"nodeID":"1388170","text":"the reality is we have to make these choices about insulation now","type":"I","timestamp":"2023-11-09 15:05:17"},{"nodeID":"1388171","text":"Helen Morgan:  the reality is we have to make these choices now","type":"L","timestamp":"2023-11-09 15:05:17"},{"nodeID":"1388172","text":"Analysing","type":"YA","timestamp":"2023-11-09 15:05:17"},{"nodeID":"1388173","text":"Anon: Helen Morgan:  the reality is we have to make these choices now","type":"L","timestamp":"2023-11-09 15:05:17"},{"nodeID":"1388174","text":"Asserting","type":"YA","timestamp":"2023-11-09 15:05:17"},{"nodeID":"1388175","text":"Default Transition","type":"TA","timestamp":"2023-11-09 15:05:17"},{"nodeID":"1388176","text":"there are ways in bringing down the cost of insulation","type":"I","timestamp":"2023-11-09 15:05:18"},{"nodeID":"1388177","text":"Helen Morgan:  there are ways in bringing down that cost","type":"L","timestamp":"2023-11-09 15:05:18"},{"nodeID":"1388178","text":"Analysing","type":"YA","timestamp":"2023-11-09 15:05:18"},{"nodeID":"1388179","text":"Anon: Helen Morgan:  there are ways in bringing down that cost","type":"L","timestamp":"2023-11-09 15:05:18"},{"nodeID":"1388180","text":"Asserting","type":"YA","timestamp":"2023-11-09 15:05:18"},{"nodeID":"1388181","text":"Default Transition","type":"TA","timestamp":"2023-11-09 15:05:18"},{"nodeID":"1388182","text":"for example, if you do a whole street in one go that's far cheaper than doing little pepper potted houses here and there","type":"I","timestamp":"2023-11-09 15:05:19"},{"nodeID":"1388183","text":"Helen Morgan: for example, if you do a whole street in one go that's far cheaper than doing little pepper potted houses here and there","type":"L","timestamp":"2023-11-09 15:05:19"},{"nodeID":"1388184","text":"Analysing","type":"YA","timestamp":"2023-11-09 15:05:19"},{"nodeID":"1388185","text":"Anon: Helen Morgan: for example, if you do a whole street in one go that's far cheaper than doing little pepper potted houses here and there","type":"L","timestamp":"2023-11-09 15:05:19"},{"nodeID":"1388186","text":"Asserting","type":"YA","timestamp":"2023-11-09 15:05:19"},{"nodeID":"1388187","text":"Default Transition","type":"TA","timestamp":"2023-11-09 15:05:19"},{"nodeID":"1388188","text":"Default Rephrase","type":"MA","timestamp":"2023-11-09 15:05:19"},{"nodeID":"1388189","text":"Restating","type":"YA","timestamp":"2023-11-09 15:05:19"},{"nodeID":"1388190","text":"today's discussion didn't include allowing onshore wind generation","type":"I","timestamp":"2023-11-09 15:05:19"},{"nodeID":"1388191","text":"Helen Morgan: today didn't include allowing onshore wind generation","type":"L","timestamp":"2023-11-09 15:05:19"},{"nodeID":"1388192","text":"Analysing","type":"YA","timestamp":"2023-11-09 15:05:19"},{"nodeID":"1388193","text":"Anon: Helen Morgan: today didn't include allowing onshore wind generation","type":"L","timestamp":"2023-11-09 15:05:19"},{"nodeID":"1388194","text":"Asserting","type":"YA","timestamp":"2023-11-09 15:05:19"},{"nodeID":"1388195","text":"Default Transition","type":"TA","timestamp":"2023-11-09 15:05:19"},{"nodeID":"1388196","text":"there are loads of things that could've been done today to get closer to net zero aims, simple, straightforward steps, that were missing from this plan","type":"I","timestamp":"2023-11-09 15:05:20"},{"nodeID":"1388197","text":"Helen Morgan: There are loads of things that could've been done today, simple, straightforward steps, that were missing from this plan","type":"L","timestamp":"2023-11-09 15:05:20"},{"nodeID":"1388198","text":"Analysing","type":"YA","timestamp":"2023-11-09 15:05:20"},{"nodeID":"1388199","text":"Anon: Helen Morgan: There are loads of things that could've been done today, simple, straightforward steps, that were missing from this plan","type":"L","timestamp":"2023-11-09 15:05:20"},{"nodeID":"1388200","text":"Asserting","type":"YA","timestamp":"2023-11-09 15:05:20"},{"nodeID":"1388201","text":"Default Transition","type":"TA","timestamp":"2023-11-09 15:05:20"},{"nodeID":"1388202","text":"it is XXX easy to insulate all of Britain's old housing stock","type":"I","timestamp":"2023-11-09 15:05:21"},{"nodeID":"1388203","text":"Fiona Bruce: when it comes to Britain's old housing stock, how easy is that actually","type":"L","timestamp":"2023-11-09 15:05:21"},{"nodeID":"1388204","text":"Analysing","type":"YA","timestamp":"2023-11-09 15:05:21"},{"nodeID":"1388205","text":"Anon: Fiona Bruce: when it comes to Britain's old housing stock, how easy is that actually","type":"L","timestamp":"2023-11-09 15:05:21"},{"nodeID":"1388206","text":"Pure Questioning","type":"YA","timestamp":"2023-11-09 15:05:21"},{"nodeID":"1388207","text":"Default Rephrase","type":"MA","timestamp":"2023-11-09 15:05:21"},{"nodeID":"1388208","text":"Default Transition","type":"TA","timestamp":"2023-11-09 15:05:21"},{"nodeID":"1388209","text":"Restating","type":"YA","timestamp":"2023-11-09 15:05:21"},{"nodeID":"1388210","text":"Default Transition","type":"TA","timestamp":"2023-11-09 15:05:21"},{"nodeID":"1388211","text":"Default Transition","type":"TA","timestamp":"2023-11-09 15:05:21"},{"nodeID":"1388212","text":"Default Rephrase","type":"MA","timestamp":"2023-11-09 15:05:21"},{"nodeID":"1388213","text":"Default Illocuting","type":"YA","timestamp":"2023-11-09 15:05:21"},{"nodeID":"1388214","text":"Default Rephrase","type":"MA","timestamp":"2023-11-09 15:05:21"},{"nodeID":"1388215","text":"Restating","type":"YA","timestamp":"2023-11-09 15:05:21"},{"nodeID":"1388216","text":"Helen Morgan afraid the lady up there is right","type":"I","timestamp":"2023-11-09 15:05:21"},{"nodeID":"1388217","text":"Helen Morgan: I'm afraid the lady up there is right","type":"L","timestamp":"2023-11-09 15:05:21"},{"nodeID":"1388218","text":"Analysing","type":"YA","timestamp":"2023-11-09 15:05:21"},{"nodeID":"1388219","text":"Anon: Helen Morgan: I'm afraid the lady up there is right","type":"L","timestamp":"2023-11-09 15:05:21"},{"nodeID":"1388220","text":"Asserting","type":"YA","timestamp":"2023-11-09 15:05:21"},{"nodeID":"1388221","text":"Default Transition","type":"TA","timestamp":"2023-11-09 15:05:21"},{"nodeID":"1388222","text":"the Net Zero by 2050 Uk government plan is just greenwashing","type":"I","timestamp":"2023-11-09 15:05:22"},{"nodeID":"1388223","text":"Helen Morgan: this is just greenwashing","type":"L","timestamp":"2023-11-09 15:05:22"},{"nodeID":"1388224","text":"Analysing","type":"YA","timestamp":"2023-11-09 15:05:22"},{"nodeID":"1388225","text":"Anon: Helen Morgan: this is just greenwashing","type":"L","timestamp":"2023-11-09 15:05:22"},{"nodeID":"1388226","text":"Asserting","type":"YA","timestamp":"2023-11-09 15:05:22"},{"nodeID":"1388227","text":"Default Transition","type":"TA","timestamp":"2023-11-09 15:05:22"},{"nodeID":"1388228","text":"Default Rephrase","type":"MA","timestamp":"2023-11-09 15:05:22"},{"nodeID":"1388229","text":"Restating","type":"YA","timestamp":"2023-11-09 15:05:22"}],"edges":[{"edgeID":"1813531","fromID":"1388127","toID":"1388126","formEdgeID":null},{"edgeID":"1813532","fromID":"1388128","toID":"1388127","formEdgeID":null},{"edgeID":"1813533","fromID":"1388126","toID":"1388129","formEdgeID":null},{"edgeID":"1813534","fromID":"1388129","toID":"1388125","formEdgeID":null},{"edgeID":"1813535","fromID":"1388132","toID":"1388131","formEdgeID":null},{"edgeID":"1813536","fromID":"1388133","toID":"1388132","formEdgeID":null},{"edgeID":"1813537","fromID":"1388131","toID":"1388134","formEdgeID":null},{"edgeID":"1813538","fromID":"1388134","toID":"1388130","formEdgeID":null},{"edgeID":"1813539","fromID":"1388131","toID":"1388135","formEdgeID":null},{"edgeID":"1813540","fromID":"1388135","toID":"1388126","formEdgeID":null},{"edgeID":"1813541","fromID":"1388137","toID":"1388136","formEdgeID":null},{"edgeID":"1813542","fromID":"1388138","toID":"1388137","formEdgeID":null},{"edgeID":"1813543","fromID":"1388136","toID":"1388139","formEdgeID":null},{"edgeID":"1813544","fromID":"1388139","toID":"1168454","formEdgeID":null},{"edgeID":"1813545","fromID":"1388142","toID":"1388141","formEdgeID":null},{"edgeID":"1813546","fromID":"1388143","toID":"1388142","formEdgeID":null},{"edgeID":"1813547","fromID":"1388141","toID":"1388144","formEdgeID":null},{"edgeID":"1813548","fromID":"1388144","toID":"1388140","formEdgeID":null},{"edgeID":"1813549","fromID":"1388147","toID":"1388146","formEdgeID":null},{"edgeID":"1813550","fromID":"1388148","toID":"1388147","formEdgeID":null},{"edgeID":"1813551","fromID":"1388146","toID":"1388149","formEdgeID":null},{"edgeID":"1813552","fromID":"1388149","toID":"1388145","formEdgeID":null},{"edgeID":"1813553","fromID":"1388141","toID":"1388150","formEdgeID":null},{"edgeID":"1813554","fromID":"1388150","toID":"1388146","formEdgeID":null},{"edgeID":"1813555","fromID":"1388152","toID":"1388151","formEdgeID":null},{"edgeID":"1813556","fromID":"1388153","toID":"1388152","formEdgeID":null},{"edgeID":"1813557","fromID":"1388151","toID":"1388154","formEdgeID":null},{"edgeID":"1813558","fromID":"1388154","toID":"1168502","formEdgeID":null},{"edgeID":"1813559","fromID":"1388146","toID":"1388155","formEdgeID":null},{"edgeID":"1813560","fromID":"1388155","toID":"1388151","formEdgeID":null},{"edgeID":"1813561","fromID":"1388158","toID":"1388157","formEdgeID":null},{"edgeID":"1813562","fromID":"1388159","toID":"1388158","formEdgeID":null},{"edgeID":"1813563","fromID":"1388157","toID":"1388160","formEdgeID":null},{"edgeID":"1813564","fromID":"1388160","toID":"1388156","formEdgeID":null},{"edgeID":"1813565","fromID":"1388151","toID":"1388161","formEdgeID":null},{"edgeID":"1813566","fromID":"1388161","toID":"1388157","formEdgeID":null},{"edgeID":"1813567","fromID":"1388164","toID":"1388163","formEdgeID":null},{"edgeID":"1813568","fromID":"1388165","toID":"1388164","formEdgeID":null},{"edgeID":"1813569","fromID":"1388163","toID":"1388166","formEdgeID":null},{"edgeID":"1813570","fromID":"1388166","toID":"1388162","formEdgeID":null},{"edgeID":"1813571","fromID":"1388157","toID":"1388167","formEdgeID":null},{"edgeID":"1813572","fromID":"1388167","toID":"1388163","formEdgeID":null},{"edgeID":"1813573","fromID":"1388162","toID":"1388168","formEdgeID":null},{"edgeID":"1813574","fromID":"1388168","toID":"1388156","formEdgeID":null},{"edgeID":"1813575","fromID":"1388167","toID":"1388169","formEdgeID":null},{"edgeID":"1813576","fromID":"1388169","toID":"1388168","formEdgeID":null},{"edgeID":"1813577","fromID":"1388172","toID":"1388171","formEdgeID":null},{"edgeID":"1813578","fromID":"1388173","toID":"1388172","formEdgeID":null},{"edgeID":"1813579","fromID":"1388171","toID":"1388174","formEdgeID":null},{"edgeID":"1813580","fromID":"1388174","toID":"1388170","formEdgeID":null},{"edgeID":"1813581","fromID":"1388163","toID":"1388175","formEdgeID":null},{"edgeID":"1813582","fromID":"1388175","toID":"1388171","formEdgeID":null},{"edgeID":"1813583","fromID":"1388178","toID":"1388177","formEdgeID":null},{"edgeID":"1813584","fromID":"1388179","toID":"1388178","formEdgeID":null},{"edgeID":"1813585","fromID":"1388177","toID":"1388180","formEdgeID":null},{"edgeID":"1813586","fromID":"1388180","toID":"1388176","formEdgeID":null},{"edgeID":"1813587","fromID":"1388171","toID":"1388181","formEdgeID":null},{"edgeID":"1813588","fromID":"1388181","toID":"1388177","formEdgeID":null},{"edgeID":"1813589","fromID":"1388184","toID":"1388183","formEdgeID":null},{"edgeID":"1813590","fromID":"1388185","toID":"1388184","formEdgeID":null},{"edgeID":"1813591","fromID":"1388183","toID":"1388186","formEdgeID":null},{"edgeID":"1813592","fromID":"1388186","toID":"1388182","formEdgeID":null},{"edgeID":"1813593","fromID":"1388177","toID":"1388187","formEdgeID":null},{"edgeID":"1813594","fromID":"1388187","toID":"1388183","formEdgeID":null},{"edgeID":"1813595","fromID":"1388182","toID":"1388188","formEdgeID":null},{"edgeID":"1813596","fromID":"1388188","toID":"1388176","formEdgeID":null},{"edgeID":"1813597","fromID":"1388187","toID":"1388189","formEdgeID":null},{"edgeID":"1813598","fromID":"1388189","toID":"1388188","formEdgeID":null},{"edgeID":"1813599","fromID":"1388192","toID":"1388191","formEdgeID":null},{"edgeID":"1813600","fromID":"1388193","toID":"1388192","formEdgeID":null},{"edgeID":"1813601","fromID":"1388191","toID":"1388194","formEdgeID":null},{"edgeID":"1813602","fromID":"1388194","toID":"1388190","formEdgeID":null},{"edgeID":"1813603","fromID":"1388183","toID":"1388195","formEdgeID":null},{"edgeID":"1813604","fromID":"1388195","toID":"1388191","formEdgeID":null},{"edgeID":"1813605","fromID":"1388198","toID":"1388197","formEdgeID":null},{"edgeID":"1813606","fromID":"1388199","toID":"1388198","formEdgeID":null},{"edgeID":"1813607","fromID":"1388197","toID":"1388200","formEdgeID":null},{"edgeID":"1813608","fromID":"1388200","toID":"1388196","formEdgeID":null},{"edgeID":"1813609","fromID":"1388191","toID":"1388201","formEdgeID":null},{"edgeID":"1813610","fromID":"1388201","toID":"1388197","formEdgeID":null},{"edgeID":"1813611","fromID":"1388204","toID":"1388203","formEdgeID":null},{"edgeID":"1813612","fromID":"1388205","toID":"1388204","formEdgeID":null},{"edgeID":"1813613","fromID":"1388203","toID":"1388206","formEdgeID":null},{"edgeID":"1813614","fromID":"1388206","toID":"1388202","formEdgeID":null},{"edgeID":"1813615","fromID":"1388202","toID":"1388207","formEdgeID":null},{"edgeID":"1813616","fromID":"1388207","toID":"1388130","formEdgeID":null},{"edgeID":"1813617","fromID":"1388131","toID":"1388208","formEdgeID":null},{"edgeID":"1813618","fromID":"1388208","toID":"1388203","formEdgeID":null},{"edgeID":"1813619","fromID":"1388208","toID":"1388209","formEdgeID":null},{"edgeID":"1813620","fromID":"1388209","toID":"1388207","formEdgeID":null},{"edgeID":"1813621","fromID":"1388126","toID":"1388210","formEdgeID":null},{"edgeID":"1813622","fromID":"1388210","toID":"1388136","formEdgeID":null},{"edgeID":"1813623","fromID":"1388203","toID":"1388211","formEdgeID":null},{"edgeID":"1813624","fromID":"1388211","toID":"1388141","formEdgeID":null},{"edgeID":"1813625","fromID":"1388140","toID":"1388212","formEdgeID":null},{"edgeID":"1813626","fromID":"1388212","toID":"1388202","formEdgeID":null},{"edgeID":"1813627","fromID":"1388211","toID":"1388213","formEdgeID":null},{"edgeID":"1813628","fromID":"1388213","toID":"1388212","formEdgeID":null},{"edgeID":"1813629","fromID":"1388196","toID":"1388214","formEdgeID":null},{"edgeID":"1813630","fromID":"1388214","toID":"1388190","formEdgeID":null},{"edgeID":"1813631","fromID":"1388201","toID":"1388215","formEdgeID":null},{"edgeID":"1813632","fromID":"1388215","toID":"1388214","formEdgeID":null},{"edgeID":"1813633","fromID":"1388218","toID":"1388217","formEdgeID":null},{"edgeID":"1813634","fromID":"1388219","toID":"1388218","formEdgeID":null},{"edgeID":"1813635","fromID":"1388217","toID":"1388220","formEdgeID":null},{"edgeID":"1813636","fromID":"1388220","toID":"1388216","formEdgeID":null},{"edgeID":"1813637","fromID":"1388197","toID":"1388221","formEdgeID":null},{"edgeID":"1813638","fromID":"1388221","toID":"1388217","formEdgeID":null},{"edgeID":"1813639","fromID":"1388224","toID":"1388223","formEdgeID":null},{"edgeID":"1813640","fromID":"1388225","toID":"1388224","formEdgeID":null},{"edgeID":"1813641","fromID":"1388223","toID":"1388226","formEdgeID":null},{"edgeID":"1813642","fromID":"1388226","toID":"1388222","formEdgeID":null},{"edgeID":"1813643","fromID":"1388217","toID":"1388227","formEdgeID":null},{"edgeID":"1813644","fromID":"1388227","toID":"1388223","formEdgeID":null},{"edgeID":"1813645","fromID":"1388222","toID":"1388228","formEdgeID":null},{"edgeID":"1813646","fromID":"1388228","toID":"1388216","formEdgeID":null},{"edgeID":"1813647","fromID":"1388227","toID":"1388229","formEdgeID":null},{"edgeID":"1813648","fromID":"1388229","toID":"1388228","formEdgeID":null}],"locutions":[]}