{"nodes":[{"nodeID":"1387473","text":"we have to take other countries with us","type":"I","timestamp":"2023-11-09 15:04:17"},{"nodeID":"1387474","text":"Andrew Murrison: we have to take other countries with us","type":"L","timestamp":"2023-11-09 15:04:17"},{"nodeID":"1387475","text":"Analysing","type":"YA","timestamp":"2023-11-09 15:04:17"},{"nodeID":"1387476","text":"Anna : Andrew Murrison: we have to take other countries with us","type":"L","timestamp":"2023-11-09 15:04:17"},{"nodeID":"1387477","text":"Asserting","type":"YA","timestamp":"2023-11-09 15:04:17"},{"nodeID":"1387478","text":"climate change is obviously a global phenomenon","type":"I","timestamp":"2023-11-09 15:04:18"},{"nodeID":"1387479","text":"Andrew Murrison: This is obviously a global phenomenon","type":"L","timestamp":"2023-11-09 15:04:18"},{"nodeID":"1387480","text":"Analysing","type":"YA","timestamp":"2023-11-09 15:04:18"},{"nodeID":"1387481","text":"Anna : Andrew Murrison: This is obviously a global phenomenon","type":"L","timestamp":"2023-11-09 15:04:18"},{"nodeID":"1387482","text":"Asserting","type":"YA","timestamp":"2023-11-09 15:04:18"},{"nodeID":"1387483","text":"Andrew Murrison: and a number of the guests this evening have pointed that out","type":"L","timestamp":"2023-11-09 15:04:18"},{"nodeID":"1387484","text":"Analysing","type":"YA","timestamp":"2023-11-09 15:04:18"},{"nodeID":"1387485","text":"Anna : Andrew Murrison: and a number of the guests this evening have pointed that out","type":"L","timestamp":"2023-11-09 15:04:18"},{"nodeID":"1387486","text":"Britain is responsible for one per cent of global emissions","type":"I","timestamp":"2023-11-09 15:04:18"},{"nodeID":"1387487","text":"Andrew Murrison: We are responsible for one per cent of global emissions","type":"L","timestamp":"2023-11-09 15:04:18"},{"nodeID":"1387488","text":"Analysing","type":"YA","timestamp":"2023-11-09 15:04:18"},{"nodeID":"1387489","text":"Anna : Andrew Murrison: We are responsible for one per cent of global emissions","type":"L","timestamp":"2023-11-09 15:04:18"},{"nodeID":"1387490","text":"Asserting","type":"YA","timestamp":"2023-11-09 15:04:18"},{"nodeID":"1387491","text":"we completely closed down our economy tomorrow","type":"I","timestamp":"2023-11-09 15:04:19"},{"nodeID":"1387492","text":"Andrew Murrison: So, if we completely closed down our economy tomorrow","type":"L","timestamp":"2023-11-09 15:04:19"},{"nodeID":"1387493","text":"Analysing","type":"YA","timestamp":"2023-11-09 15:04:19"},{"nodeID":"1387494","text":"Anna : Andrew Murrison: So, if we completely closed down our economy tomorrow","type":"L","timestamp":"2023-11-09 15:04:19"},{"nodeID":"1387495","text":"Asserting","type":"YA","timestamp":"2023-11-09 15:04:19"},{"nodeID":"1387496","text":"we would still scratch the surface of this","type":"I","timestamp":"2023-11-09 15:04:20"},{"nodeID":"1387497","text":"Andrew Murrison: we would still scratch the surface of this","type":"L","timestamp":"2023-11-09 15:04:20"},{"nodeID":"1387498","text":"Analysing","type":"YA","timestamp":"2023-11-09 15:04:20"},{"nodeID":"1387499","text":"Anna : Andrew Murrison: we would still scratch the surface of this","type":"L","timestamp":"2023-11-09 15:04:20"},{"nodeID":"1387500","text":"Asserting","type":"YA","timestamp":"2023-11-09 15:04:20"},{"nodeID":"1387501","text":"closing down the economy would put Andrew Murrison's  constituents out of a job","type":"I","timestamp":"2023-11-09 15:04:20"},{"nodeID":"1387502","text":"Andrew Murrison: and it would put my constituents out of a job","type":"L","timestamp":"2023-11-09 15:04:20"},{"nodeID":"1387503","text":"Analysing","type":"YA","timestamp":"2023-11-09 15:04:20"},{"nodeID":"1387504","text":"Anna : Andrew Murrison: and it would put my constituents out of a job","type":"L","timestamp":"2023-11-09 15:04:20"},{"nodeID":"1387505","text":"Asserting","type":"YA","timestamp":"2023-11-09 15:04:20"},{"nodeID":"1387506","text":"there's no doubt that closing down the economy would put Andrew Murrison's constituents out of a job","type":"I","timestamp":"2023-11-09 15:04:21"},{"nodeID":"1387507","text":"Andrew Murrison: there's no doubt about that","type":"L","timestamp":"2023-11-09 15:04:21"},{"nodeID":"1387508","text":"Analysing","type":"YA","timestamp":"2023-11-09 15:04:21"},{"nodeID":"1387509","text":"Anna : Andrew Murrison: there's no doubt about that","type":"L","timestamp":"2023-11-09 15:04:21"},{"nodeID":"1387510","text":"Asserting","type":"YA","timestamp":"2023-11-09 15:04:21"},{"nodeID":"1387511","text":"Andrew Murrison is a local MP","type":"I","timestamp":"2023-11-09 15:04:21"},{"nodeID":"1387512","text":"Andrew Murrison: Now, I'm a local MP","type":"L","timestamp":"2023-11-09 15:04:21"},{"nodeID":"1387513","text":"Analysing","type":"YA","timestamp":"2023-11-09 15:04:21"},{"nodeID":"1387514","text":"Anna : Andrew Murrison: Now, I'm a local MP","type":"L","timestamp":"2023-11-09 15:04:21"},{"nodeID":"1387515","text":"Asserting","type":"YA","timestamp":"2023-11-09 15:04:21"},{"nodeID":"1387516","text":"Andrew Murrison knows Bristol Airport reasonably well","type":"I","timestamp":"2023-11-09 15:04:22"},{"nodeID":"1387517","text":"Andrew Murrison: and I know Bristol Airport reasonably well","type":"L","timestamp":"2023-11-09 15:04:22"},{"nodeID":"1387518","text":"Analysing","type":"YA","timestamp":"2023-11-09 15:04:22"},{"nodeID":"1387519","text":"Anna : Andrew Murrison: and I know Bristol Airport reasonably well","type":"L","timestamp":"2023-11-09 15:04:22"},{"nodeID":"1387520","text":"Asserting","type":"YA","timestamp":"2023-11-09 15:04:22"},{"nodeID":"1387521","text":"Andrew Murrison also knows we're trying to green the aviation industry","type":"I","timestamp":"2023-11-09 15:04:23"},{"nodeID":"1387522","text":"Andrew Murrison:  I also know we're trying to green the aviation industry","type":"L","timestamp":"2023-11-09 15:04:23"},{"nodeID":"1387523","text":"Analysing","type":"YA","timestamp":"2023-11-09 15:04:23"},{"nodeID":"1387524","text":"Anna : Andrew Murrison:  I also know we're trying to green the aviation industry","type":"L","timestamp":"2023-11-09 15:04:23"},{"nodeID":"1387525","text":"Asserting","type":"YA","timestamp":"2023-11-09 15:04:23"},{"nodeID":"1387526","text":"Andrew Murrison doesn't think anybody wants to wipe the aviation industry out","type":"I","timestamp":"2023-11-09 15:04:23"},{"nodeID":"1387527","text":"Andrew Murrison: I don't think anybody wants to wipe it out","type":"L","timestamp":"2023-11-09 15:04:23"},{"nodeID":"1387528","text":"Analysing","type":"YA","timestamp":"2023-11-09 15:04:23"},{"nodeID":"1387529","text":"Anna : Andrew Murrison: I don't think anybody wants to wipe it out","type":"L","timestamp":"2023-11-09 15:04:23"},{"nodeID":"1387530","text":"Asserting","type":"YA","timestamp":"2023-11-09 15:04:23"},{"nodeID":"1387531","text":"xxx is the reason why people are laughing at Andrew Murrison's utterances","type":"I","timestamp":"2023-11-09 15:04:24"},{"nodeID":"1387532","text":"Fiona Bruce: Why do you think people are laughing at that?","type":"L","timestamp":"2023-11-09 15:04:24"},{"nodeID":"1387533","text":"Analysing","type":"YA","timestamp":"2023-11-09 15:04:24"},{"nodeID":"1387534","text":"Anna : Fiona Bruce: Why do you think people are laughing at that?","type":"L","timestamp":"2023-11-09 15:04:24"},{"nodeID":"1387535","text":"Pure Questioning","type":"YA","timestamp":"2023-11-09 15:04:24"},{"nodeID":"1387536","text":"people are laughing because aircraft and green don't necessarily automatically go into the same box","type":"I","timestamp":"2023-11-09 15:04:25"},{"nodeID":"1387537","text":"Andrew Murrison: Well, I think it's because aircraft and green don't necessarily automatically go into the same box","type":"L","timestamp":"2023-11-09 15:04:25"},{"nodeID":"1387538","text":"Analysing","type":"YA","timestamp":"2023-11-09 15:04:25"},{"nodeID":"1387539","text":"Anna : Andrew Murrison: Well, I think it's because aircraft and green don't necessarily automatically go into the same box","type":"L","timestamp":"2023-11-09 15:04:25"},{"nodeID":"1387540","text":"Asserting","type":"YA","timestamp":"2023-11-09 15:04:25"},{"nodeID":"1387541","text":"just on Saturday the Government's halving air passenger duty on domestic flights","type":"I","timestamp":"2023-11-09 15:04:25"},{"nodeID":"1387542","text":"Fiona Bruce: And just on Saturday the Government's halving air passenger duty on domestic flights","type":"L","timestamp":"2023-11-09 15:04:25"},{"nodeID":"1387543","text":"Analysing","type":"YA","timestamp":"2023-11-09 15:04:25"},{"nodeID":"1387544","text":"Anna : Fiona Bruce: And just on Saturday the Government's halving air passenger duty on domestic flights","type":"L","timestamp":"2023-11-09 15:04:25"},{"nodeID":"1387545","text":"Asserting","type":"YA","timestamp":"2023-11-09 15:04:25"},{"nodeID":"1387546","text":"the Government's halving the air passenger duty on domestic flights does not feel particularly green","type":"I","timestamp":"2023-11-09 15:04:26"},{"nodeID":"1387547","text":"Fiona Bruce: Does that feel particularly green?","type":"L","timestamp":"2023-11-09 15:04:26"},{"nodeID":"1387548","text":"Analysing","type":"YA","timestamp":"2023-11-09 15:04:26"},{"nodeID":"1387549","text":"Anna : Fiona Bruce: Does that feel particularly green?","type":"L","timestamp":"2023-11-09 15:04:26"},{"nodeID":"1387550","text":"Assertive Questioning","type":"YA","timestamp":"2023-11-09 15:04:26"},{"nodeID":"1387551","text":"we are to maintain people's desire to do air travel, go on holiday reasonably cheaply","type":"I","timestamp":"2023-11-09 15:04:27"},{"nodeID":"1387552","text":"Andrew Murrison: If we are to maintain people's desire to do air travel, go on holiday reasonably cheaply","type":"L","timestamp":"2023-11-09 15:04:27"},{"nodeID":"1387553","text":"Analysing","type":"YA","timestamp":"2023-11-09 15:04:27"},{"nodeID":"1387554","text":"Anna : Andrew Murrison: If we are to maintain people's desire to do air travel, go on holiday reasonably cheaply","type":"L","timestamp":"2023-11-09 15:04:27"},{"nodeID":"1387555","text":"Asserting","type":"YA","timestamp":"2023-11-09 15:04:27"},{"nodeID":"1387556","text":"we do have to green, as far as we possibly can, the aviation industry","type":"I","timestamp":"2023-11-09 15:04:27"},{"nodeID":"1387557","text":"Andrew Murrison:  then we do have to green, as far as we possibly can, the aviation industry","type":"L","timestamp":"2023-11-09 15:04:27"},{"nodeID":"1387558","text":"Analysing","type":"YA","timestamp":"2023-11-09 15:04:27"},{"nodeID":"1387559","text":"Anna : Andrew Murrison:  then we do have to green, as far as we possibly can, the aviation industry","type":"L","timestamp":"2023-11-09 15:04:27"},{"nodeID":"1387560","text":"Asserting","type":"YA","timestamp":"2023-11-09 15:04:27"},{"nodeID":"1387561","text":"greening the aviation industry is absolutely an imperative","type":"I","timestamp":"2023-11-09 15:04:28"},{"nodeID":"1387562","text":"Andrew Murrison: And that's absolutely an imperative","type":"L","timestamp":"2023-11-09 15:04:28"},{"nodeID":"1387563","text":"Analysing","type":"YA","timestamp":"2023-11-09 15:04:28"},{"nodeID":"1387564","text":"Anna : Andrew Murrison: And that's absolutely an imperative","type":"L","timestamp":"2023-11-09 15:04:28"},{"nodeID":"1387565","text":"Asserting","type":"YA","timestamp":"2023-11-09 15:04:28"},{"nodeID":"1387566","text":"Guests : climate change is obviously a global phenomenon","type":"L","timestamp":"2023-11-09 15:04:28"},{"nodeID":"1387567","text":"Analysing","type":"YA","timestamp":"2023-11-09 15:04:28"},{"nodeID":"1387568","text":"Anna : Guests : and a number of the guests this evening have pointed that out","type":"L","timestamp":"2023-11-09 15:04:28"},{"nodeID":"1387569","text":"Asserting","type":"YA","timestamp":"2023-11-09 15:04:28"},{"nodeID":"1387570","text":"Default Transition","type":"TA","timestamp":"2023-11-09 15:04:28"},{"nodeID":"1387571","text":"Default Inference","type":"RA","timestamp":"2023-11-09 15:04:28"},{"nodeID":"1387572","text":"Arguing","type":"YA","timestamp":"2023-11-09 15:04:28"},{"nodeID":"1387573","text":"Asserting","type":"YA","timestamp":"2023-11-09 15:04:28"},{"nodeID":"1387574","text":"Default Transition","type":"TA","timestamp":"2023-11-09 15:04:28"},{"nodeID":"1387575","text":"Default Rephrase","type":"MA","timestamp":"2023-11-09 15:04:28"},{"nodeID":"1387576","text":"Restating","type":"YA","timestamp":"2023-11-09 15:04:28"},{"nodeID":"1387577","text":"Default Transition","type":"TA","timestamp":"2023-11-09 15:04:28"},{"nodeID":"1387578","text":"Default Inference","type":"RA","timestamp":"2023-11-09 15:04:28"},{"nodeID":"1387579","text":"Default Transition","type":"TA","timestamp":"2023-11-09 15:04:28"},{"nodeID":"1387580","text":"Default Transition","type":"TA","timestamp":"2023-11-09 15:04:28"},{"nodeID":"1387581","text":"Arguing","type":"YA","timestamp":"2023-11-09 15:04:28"},{"nodeID":"1387582","text":"Default Transition","type":"TA","timestamp":"2023-11-09 15:04:28"},{"nodeID":"1387583","text":"Default Inference","type":"RA","timestamp":"2023-11-09 15:04:28"},{"nodeID":"1387584","text":"Arguing","type":"YA","timestamp":"2023-11-09 15:04:28"},{"nodeID":"1387585","text":"Default Rephrase","type":"MA","timestamp":"2023-11-09 15:04:28"},{"nodeID":"1387586","text":"Default Transition","type":"TA","timestamp":"2023-11-09 15:04:28"},{"nodeID":"1387587","text":"Default Transition","type":"TA","timestamp":"2023-11-09 15:04:28"},{"nodeID":"1387588","text":"Default Transition","type":"TA","timestamp":"2023-11-09 15:04:28"},{"nodeID":"1387589","text":"Default Transition","type":"TA","timestamp":"2023-11-09 15:04:28"},{"nodeID":"1387590","text":"Default Transition","type":"TA","timestamp":"2023-11-09 15:04:28"},{"nodeID":"1387591","text":"Default Rephrase","type":"MA","timestamp":"2023-11-09 15:04:28"},{"nodeID":"1387592","text":"Default Illocuting","type":"YA","timestamp":"2023-11-09 15:04:28"},{"nodeID":"1387593","text":"Default Transition","type":"TA","timestamp":"2023-11-09 15:04:28"},{"nodeID":"1387594","text":"Default Transition","type":"TA","timestamp":"2023-11-09 15:04:28"},{"nodeID":"1387595","text":"Default Rephrase","type":"MA","timestamp":"2023-11-09 15:04:28"},{"nodeID":"1387596","text":"Restating","type":"YA","timestamp":"2023-11-09 15:04:28"},{"nodeID":"1387597","text":"Default Transition","type":"TA","timestamp":"2023-11-09 15:04:28"},{"nodeID":"1387598","text":"Default Conflict","type":"CA","timestamp":"2023-11-09 15:04:28"},{"nodeID":"1387599","text":"Default Transition","type":"TA","timestamp":"2023-11-09 15:04:28"},{"nodeID":"1387600","text":"Disagreeing","type":"YA","timestamp":"2023-11-09 15:04:28"},{"nodeID":"1387601","text":"Default Transition","type":"TA","timestamp":"2023-11-09 15:04:28"},{"nodeID":"1387602","text":"Default Transition","type":"TA","timestamp":"2023-11-09 15:04:28"},{"nodeID":"1387603","text":"Default Transition","type":"TA","timestamp":"2023-11-09 15:04:28"},{"nodeID":"1387604","text":"Default Rephrase","type":"MA","timestamp":"2023-11-09 15:04:28"},{"nodeID":"1387605","text":"Restating","type":"YA","timestamp":"2023-11-09 15:04:28"},{"nodeID":"1387606","text":"Default Transition","type":"TA","timestamp":"2023-11-09 15:04:28"},{"nodeID":"1387607","text":"Default Inference","type":"RA","timestamp":"2023-11-09 15:04:28"},{"nodeID":"1387608","text":"Arguing","type":"YA","timestamp":"2023-11-09 15:04:28"}],"edges":[{"edgeID":"1812756","fromID":"1387475","toID":"1387474","formEdgeID":null},{"edgeID":"1812757","fromID":"1387476","toID":"1387475","formEdgeID":null},{"edgeID":"1812758","fromID":"1387474","toID":"1387477","formEdgeID":null},{"edgeID":"1812759","fromID":"1387477","toID":"1387473","formEdgeID":null},{"edgeID":"1812760","fromID":"1387480","toID":"1387479","formEdgeID":null},{"edgeID":"1812761","fromID":"1387481","toID":"1387480","formEdgeID":null},{"edgeID":"1812762","fromID":"1387479","toID":"1387482","formEdgeID":null},{"edgeID":"1812763","fromID":"1387482","toID":"1387478","formEdgeID":null},{"edgeID":"1812764","fromID":"1387484","toID":"1387483","formEdgeID":null},{"edgeID":"1812765","fromID":"1387485","toID":"1387484","formEdgeID":null},{"edgeID":"1812766","fromID":"1387488","toID":"1387487","formEdgeID":null},{"edgeID":"1812767","fromID":"1387489","toID":"1387488","formEdgeID":null},{"edgeID":"1812768","fromID":"1387487","toID":"1387490","formEdgeID":null},{"edgeID":"1812769","fromID":"1387490","toID":"1387486","formEdgeID":null},{"edgeID":"1812770","fromID":"1387493","toID":"1387492","formEdgeID":null},{"edgeID":"1812771","fromID":"1387494","toID":"1387493","formEdgeID":null},{"edgeID":"1812772","fromID":"1387492","toID":"1387495","formEdgeID":null},{"edgeID":"1812773","fromID":"1387495","toID":"1387491","formEdgeID":null},{"edgeID":"1812774","fromID":"1387498","toID":"1387497","formEdgeID":null},{"edgeID":"1812775","fromID":"1387499","toID":"1387498","formEdgeID":null},{"edgeID":"1812776","fromID":"1387497","toID":"1387500","formEdgeID":null},{"edgeID":"1812777","fromID":"1387500","toID":"1387496","formEdgeID":null},{"edgeID":"1812778","fromID":"1387503","toID":"1387502","formEdgeID":null},{"edgeID":"1812779","fromID":"1387504","toID":"1387503","formEdgeID":null},{"edgeID":"1812780","fromID":"1387502","toID":"1387505","formEdgeID":null},{"edgeID":"1812781","fromID":"1387505","toID":"1387501","formEdgeID":null},{"edgeID":"1812782","fromID":"1387508","toID":"1387507","formEdgeID":null},{"edgeID":"1812783","fromID":"1387509","toID":"1387508","formEdgeID":null},{"edgeID":"1812784","fromID":"1387507","toID":"1387510","formEdgeID":null},{"edgeID":"1812785","fromID":"1387510","toID":"1387506","formEdgeID":null},{"edgeID":"1812786","fromID":"1387513","toID":"1387512","formEdgeID":null},{"edgeID":"1812787","fromID":"1387514","toID":"1387513","formEdgeID":null},{"edgeID":"1812788","fromID":"1387512","toID":"1387515","formEdgeID":null},{"edgeID":"1812789","fromID":"1387515","toID":"1387511","formEdgeID":null},{"edgeID":"1812790","fromID":"1387518","toID":"1387517","formEdgeID":null},{"edgeID":"1812791","fromID":"1387519","toID":"1387518","formEdgeID":null},{"edgeID":"1812792","fromID":"1387517","toID":"1387520","formEdgeID":null},{"edgeID":"1812793","fromID":"1387520","toID":"1387516","formEdgeID":null},{"edgeID":"1812794","fromID":"1387523","toID":"1387522","formEdgeID":null},{"edgeID":"1812795","fromID":"1387524","toID":"1387523","formEdgeID":null},{"edgeID":"1812796","fromID":"1387522","toID":"1387525","formEdgeID":null},{"edgeID":"1812797","fromID":"1387525","toID":"1387521","formEdgeID":null},{"edgeID":"1812798","fromID":"1387528","toID":"1387527","formEdgeID":null},{"edgeID":"1812799","fromID":"1387529","toID":"1387528","formEdgeID":null},{"edgeID":"1812800","fromID":"1387527","toID":"1387530","formEdgeID":null},{"edgeID":"1812801","fromID":"1387530","toID":"1387526","formEdgeID":null},{"edgeID":"1812802","fromID":"1387533","toID":"1387532","formEdgeID":null},{"edgeID":"1812803","fromID":"1387534","toID":"1387533","formEdgeID":null},{"edgeID":"1812804","fromID":"1387532","toID":"1387535","formEdgeID":null},{"edgeID":"1812805","fromID":"1387535","toID":"1387531","formEdgeID":null},{"edgeID":"1812806","fromID":"1387538","toID":"1387537","formEdgeID":null},{"edgeID":"1812807","fromID":"1387539","toID":"1387538","formEdgeID":null},{"edgeID":"1812808","fromID":"1387537","toID":"1387540","formEdgeID":null},{"edgeID":"1812809","fromID":"1387540","toID":"1387536","formEdgeID":null},{"edgeID":"1812810","fromID":"1387543","toID":"1387542","formEdgeID":null},{"edgeID":"1812811","fromID":"1387544","toID":"1387543","formEdgeID":null},{"edgeID":"1812812","fromID":"1387542","toID":"1387545","formEdgeID":null},{"edgeID":"1812813","fromID":"1387545","toID":"1387541","formEdgeID":null},{"edgeID":"1812814","fromID":"1387548","toID":"1387547","formEdgeID":null},{"edgeID":"1812815","fromID":"1387549","toID":"1387548","formEdgeID":null},{"edgeID":"1812816","fromID":"1387547","toID":"1387550","formEdgeID":null},{"edgeID":"1812817","fromID":"1387550","toID":"1387546","formEdgeID":null},{"edgeID":"1812818","fromID":"1387553","toID":"1387552","formEdgeID":null},{"edgeID":"1812819","fromID":"1387554","toID":"1387553","formEdgeID":null},{"edgeID":"1812820","fromID":"1387552","toID":"1387555","formEdgeID":null},{"edgeID":"1812821","fromID":"1387555","toID":"1387551","formEdgeID":null},{"edgeID":"1812822","fromID":"1387558","toID":"1387557","formEdgeID":null},{"edgeID":"1812823","fromID":"1387559","toID":"1387558","formEdgeID":null},{"edgeID":"1812824","fromID":"1387557","toID":"1387560","formEdgeID":null},{"edgeID":"1812825","fromID":"1387560","toID":"1387556","formEdgeID":null},{"edgeID":"1812826","fromID":"1387563","toID":"1387562","formEdgeID":null},{"edgeID":"1812827","fromID":"1387564","toID":"1387563","formEdgeID":null},{"edgeID":"1812828","fromID":"1387562","toID":"1387565","formEdgeID":null},{"edgeID":"1812829","fromID":"1387565","toID":"1387561","formEdgeID":null},{"edgeID":"1812830","fromID":"1387567","toID":"1387566","formEdgeID":null},{"edgeID":"1812831","fromID":"1387568","toID":"1387567","formEdgeID":null},{"edgeID":"1812832","fromID":"1387566","toID":"1387569","formEdgeID":null},{"edgeID":"1812833","fromID":"1387569","toID":"1387478","formEdgeID":null},{"edgeID":"1812834","fromID":"1387474","toID":"1387570","formEdgeID":null},{"edgeID":"1812835","fromID":"1387570","toID":"1387479","formEdgeID":null},{"edgeID":"1812836","fromID":"1387478","toID":"1387571","formEdgeID":null},{"edgeID":"1812837","fromID":"1387571","toID":"1387473","formEdgeID":null},{"edgeID":"1812838","fromID":"1387570","toID":"1387572","formEdgeID":null},{"edgeID":"1812839","fromID":"1387572","toID":"1387571","formEdgeID":null},{"edgeID":"1812840","fromID":"1387483","toID":"1387573","formEdgeID":null},{"edgeID":"1812841","fromID":"1387573","toID":"1387566","formEdgeID":null},{"edgeID":"1812842","fromID":"1387479","toID":"1387574","formEdgeID":null},{"edgeID":"1812843","fromID":"1387574","toID":"1387483","formEdgeID":null},{"edgeID":"1812844","fromID":"1387478","toID":"1387575","formEdgeID":null},{"edgeID":"1812845","fromID":"1387575","toID":"1387478","formEdgeID":null},{"edgeID":"1812846","fromID":"1387574","toID":"1387576","formEdgeID":null},{"edgeID":"1812847","fromID":"1387576","toID":"1387575","formEdgeID":null},{"edgeID":"1812848","fromID":"1387483","toID":"1387577","formEdgeID":null},{"edgeID":"1812849","fromID":"1387577","toID":"1387487","formEdgeID":null},{"edgeID":"1812850","fromID":"1387486","toID":"1387578","formEdgeID":null},{"edgeID":"1812851","fromID":"1387578","toID":"1387496","formEdgeID":null},{"edgeID":"1812852","fromID":"1387491","toID":"1387578","formEdgeID":null},{"edgeID":"1812853","fromID":"1387487","toID":"1387579","formEdgeID":null},{"edgeID":"1812854","fromID":"1387579","toID":"1387497","formEdgeID":null},{"edgeID":"1812855","fromID":"1387492","toID":"1387580","formEdgeID":null},{"edgeID":"1812856","fromID":"1387580","toID":"1387497","formEdgeID":null},{"edgeID":"1812857","fromID":"1387580","toID":"1387581","formEdgeID":null},{"edgeID":"1812858","fromID":"1387581","toID":"1387578","formEdgeID":null},{"edgeID":"1812859","fromID":"1387492","toID":"1387582","formEdgeID":null},{"edgeID":"1812860","fromID":"1387582","toID":"1387502","formEdgeID":null},{"edgeID":"1812861","fromID":"1387491","toID":"1387583","formEdgeID":null},{"edgeID":"1812862","fromID":"1387583","toID":"1387501","formEdgeID":null},{"edgeID":"1812863","fromID":"1387582","toID":"1387584","formEdgeID":null},{"edgeID":"1812864","fromID":"1387584","toID":"1387583","formEdgeID":null},{"edgeID":"1812865","fromID":"1387506","toID":"1387585","formEdgeID":null},{"edgeID":"1812866","fromID":"1387585","toID":"1387501","formEdgeID":null},{"edgeID":"1812867","fromID":"1387502","toID":"1387586","formEdgeID":null},{"edgeID":"1812868","fromID":"1387586","toID":"1387507","formEdgeID":null},{"edgeID":"1812869","fromID":"1387507","toID":"1387587","formEdgeID":null},{"edgeID":"1812870","fromID":"1387587","toID":"1387512","formEdgeID":null},{"edgeID":"1812871","fromID":"1387512","toID":"1387588","formEdgeID":null},{"edgeID":"1812872","fromID":"1387588","toID":"1387517","formEdgeID":null},{"edgeID":"1812873","fromID":"1387522","toID":"1387589","formEdgeID":null},{"edgeID":"1812874","fromID":"1387589","toID":"1387527","formEdgeID":null},{"edgeID":"1812875","fromID":"1387532","toID":"1387590","formEdgeID":null},{"edgeID":"1812876","fromID":"1387590","toID":"1387537","formEdgeID":null},{"edgeID":"1812877","fromID":"1387536","toID":"1387591","formEdgeID":null},{"edgeID":"1812878","fromID":"1387591","toID":"1387531","formEdgeID":null},{"edgeID":"1812879","fromID":"1387590","toID":"1387592","formEdgeID":null},{"edgeID":"1812880","fromID":"1387592","toID":"1387591","formEdgeID":null},{"edgeID":"1812881","fromID":"1387537","toID":"1387593","formEdgeID":null},{"edgeID":"1812882","fromID":"1387593","toID":"1387542","formEdgeID":null},{"edgeID":"1812883","fromID":"1387542","toID":"1387594","formEdgeID":null},{"edgeID":"1812884","fromID":"1387594","toID":"1387547","formEdgeID":null},{"edgeID":"1812885","fromID":"1387546","toID":"1387595","formEdgeID":null},{"edgeID":"1812886","fromID":"1387595","toID":"1387541","formEdgeID":null},{"edgeID":"1812887","fromID":"1387594","toID":"1387596","formEdgeID":null},{"edgeID":"1812888","fromID":"1387596","toID":"1387595","formEdgeID":null},{"edgeID":"1812889","fromID":"1387527","toID":"1387597","formEdgeID":null},{"edgeID":"1812890","fromID":"1387597","toID":"1387532","formEdgeID":null},{"edgeID":"1812891","fromID":"1387546","toID":"1387598","formEdgeID":null},{"edgeID":"1812892","fromID":"1387598","toID":"1387521","formEdgeID":null},{"edgeID":"1812893","fromID":"1387522","toID":"1387599","formEdgeID":null},{"edgeID":"1812894","fromID":"1387599","toID":"1387547","formEdgeID":null},{"edgeID":"1812895","fromID":"1387599","toID":"1387600","formEdgeID":null},{"edgeID":"1812896","fromID":"1387600","toID":"1387598","formEdgeID":null},{"edgeID":"1812897","fromID":"1387547","toID":"1387601","formEdgeID":null},{"edgeID":"1812898","fromID":"1387601","toID":"1387552","formEdgeID":null},{"edgeID":"1812899","fromID":"1387552","toID":"1387602","formEdgeID":null},{"edgeID":"1812900","fromID":"1387602","toID":"1387557","formEdgeID":null},{"edgeID":"1812901","fromID":"1387557","toID":"1387603","formEdgeID":null},{"edgeID":"1812902","fromID":"1387603","toID":"1387562","formEdgeID":null},{"edgeID":"1812903","fromID":"1387561","toID":"1387604","formEdgeID":null},{"edgeID":"1812904","fromID":"1387604","toID":"1387556","formEdgeID":null},{"edgeID":"1812905","fromID":"1387603","toID":"1387605","formEdgeID":null},{"edgeID":"1812906","fromID":"1387605","toID":"1387604","formEdgeID":null},{"edgeID":"1812907","fromID":"1387517","toID":"1387606","formEdgeID":null},{"edgeID":"1812908","fromID":"1387606","toID":"1387522","formEdgeID":null},{"edgeID":"1812909","fromID":"1387551","toID":"1387607","formEdgeID":null},{"edgeID":"1812910","fromID":"1387607","toID":"1387556","formEdgeID":null},{"edgeID":"1812911","fromID":"1387602","toID":"1387608","formEdgeID":null},{"edgeID":"1812912","fromID":"1387608","toID":"1387607","formEdgeID":null}],"locutions":[]}