{"nodes":[{"nodeID":"1388343","text":"Helen Morgan has just set up her office in North Shropshire","type":"I","timestamp":"2023-11-09 15:05:33"},{"nodeID":"1388344","text":"Helen Morgan: I've just set up my office in North Shropshire","type":"L","timestamp":"2023-11-09 15:05:33"},{"nodeID":"1388345","text":"Analysing","type":"YA","timestamp":"2023-11-09 15:05:33"},{"nodeID":"1388346","text":"Dominika: Helen Morgan: I've just set up my office in North Shropshire","type":"L","timestamp":"2023-11-09 15:05:33"},{"nodeID":"1388347","text":"Asserting","type":"YA","timestamp":"2023-11-09 15:05:33"},{"nodeID":"1388348","text":"a couple of people moved to North Shropshire to come and work for Helen Morgan","type":"I","timestamp":"2023-11-09 15:05:33"},{"nodeID":"1388349","text":"Helen Morgan: a couple of people moved to North Shropshire to come and work for me","type":"L","timestamp":"2023-11-09 15:05:33"},{"nodeID":"1388350","text":"Analysing","type":"YA","timestamp":"2023-11-09 15:05:33"},{"nodeID":"1388351","text":"Dominika: Helen Morgan: a couple of people moved to North Shropshire to come and work for me","type":"L","timestamp":"2023-11-09 15:05:33"},{"nodeID":"1388352","text":"Asserting","type":"YA","timestamp":"2023-11-09 15:05:33"},{"nodeID":"1388353","text":"Default Inference","type":"RA","timestamp":"2023-11-09 15:05:33"},{"nodeID":"1388354","text":"Default Transition","type":"TA","timestamp":"2023-11-09 15:05:33"},{"nodeID":"1388355","text":"Arguing","type":"YA","timestamp":"2023-11-09 15:05:33"},{"nodeID":"1388356","text":"people who moved to North Shropshire to come and work for Helen Morgan found themselves in exactly AudienceMember 20230427QT19's position, except they couldn't even find somewhere to rent","type":"I","timestamp":"2023-11-09 15:05:34"},{"nodeID":"1388357","text":"Helen Morgan: Found themselves in exactly your position, except they couldn't even find somewhere to rent","type":"L","timestamp":"2023-11-09 15:05:34"},{"nodeID":"1388358","text":"Analysing","type":"YA","timestamp":"2023-11-09 15:05:34"},{"nodeID":"1388359","text":"Dominika: Helen Morgan: Found themselves in exactly your position, except they couldn't even find somewhere to rent","type":"L","timestamp":"2023-11-09 15:05:34"},{"nodeID":"1388360","text":"Asserting","type":"YA","timestamp":"2023-11-09 15:05:34"},{"nodeID":"1388361","text":"Default Transition","type":"TA","timestamp":"2023-11-09 15:05:34"},{"nodeID":"1388362","text":"somewhere like North Shropshire where you would expect the pressures to be low, they're extremely high","type":"I","timestamp":"2023-11-09 15:05:35"},{"nodeID":"1388363","text":"Helen Morgan: somewhere like North Shropshire where you would expect the pressures to be low, they're extremely high","type":"L","timestamp":"2023-11-09 15:05:35"},{"nodeID":"1388364","text":"Analysing","type":"YA","timestamp":"2023-11-09 15:05:35"},{"nodeID":"1388365","text":"Dominika: Helen Morgan: somewhere like North Shropshire where you would expect the pressures to be low, they're extremely high","type":"L","timestamp":"2023-11-09 15:05:35"},{"nodeID":"1388366","text":"Asserting","type":"YA","timestamp":"2023-11-09 15:05:35"},{"nodeID":"1388367","text":"people are struggling to find homes","type":"I","timestamp":"2023-11-09 15:05:35"},{"nodeID":"1388368","text":"Helen Morgan: People are struggling to find homes","type":"L","timestamp":"2023-11-09 15:05:35"},{"nodeID":"1388369","text":"Analysing","type":"YA","timestamp":"2023-11-09 15:05:35"},{"nodeID":"1388370","text":"Dominika: Helen Morgan: People are struggling to find homes","type":"L","timestamp":"2023-11-09 15:05:35"},{"nodeID":"1388371","text":"Asserting","type":"YA","timestamp":"2023-11-09 15:05:35"},{"nodeID":"1388372","text":"Default Inference","type":"RA","timestamp":"2023-11-09 15:05:35"},{"nodeID":"1388373","text":"Default Transition","type":"TA","timestamp":"2023-11-09 15:05:35"},{"nodeID":"1388374","text":"Arguing","type":"YA","timestamp":"2023-11-09 15:05:35"},{"nodeID":"1388375","text":"Default Transition","type":"TA","timestamp":"2023-11-09 15:05:35"},{"nodeID":"1388376","text":"Default Rephrase","type":"MA","timestamp":"2023-11-09 15:05:35"},{"nodeID":"1388377","text":"Restating","type":"YA","timestamp":"2023-11-09 15:05:35"},{"nodeID":"1388378","text":"the number of available homes to rent in the UK has decreased by a third in the last 18 months","type":"I","timestamp":"2023-11-09 15:05:36"},{"nodeID":"1388379","text":"Fiona Bruce: the number of available homes to rent in the UK has decreased by a third since","type":"L","timestamp":"2023-11-09 15:05:36"},{"nodeID":"1388380","text":"Analysing","type":"YA","timestamp":"2023-11-09 15:05:36"},{"nodeID":"1388381","text":"Dominika: Fiona Bruce: the number of available homes to rent in the UK has decreased by a third since","type":"L","timestamp":"2023-11-09 15:05:36"},{"nodeID":"1388382","text":"Asserting","type":"YA","timestamp":"2023-11-09 15:05:36"},{"nodeID":"1388383","text":"Default Transition","type":"TA","timestamp":"2023-11-09 15:05:36"},{"nodeID":"1388384","text":"Default Inference","type":"RA","timestamp":"2023-11-09 15:05:36"},{"nodeID":"1388385","text":"Arguing","type":"YA","timestamp":"2023-11-09 15:05:36"},{"nodeID":"1388386","text":"Helen Morgan: Exactly","type":"L","timestamp":"2023-11-09 15:05:36"},{"nodeID":"1388387","text":"Analysing","type":"YA","timestamp":"2023-11-09 15:05:36"},{"nodeID":"1388388","text":"Dominika: Helen Morgan: Exactly","type":"L","timestamp":"2023-11-09 15:05:36"},{"nodeID":"1388389","text":"Default Transition","type":"TA","timestamp":"2023-11-09 15:05:36"},{"nodeID":"1388390","text":"Agreeing","type":"YA","timestamp":"2023-11-09 15:05:36"},{"nodeID":"1388391","text":"housing is Helen Morgan's brief","type":"I","timestamp":"2023-11-09 15:05:36"},{"nodeID":"1388392","text":"Fiona Bruce: housing is your brief","type":"L","timestamp":"2023-11-09 15:05:36"},{"nodeID":"1388393","text":"Analysing","type":"YA","timestamp":"2023-11-09 15:05:36"},{"nodeID":"1388394","text":"Dominika: Fiona Bruce: housing is your brief","type":"L","timestamp":"2023-11-09 15:05:36"},{"nodeID":"1388395","text":"Asserting","type":"YA","timestamp":"2023-11-09 15:05:36"},{"nodeID":"1388396","text":"Default Transition","type":"TA","timestamp":"2023-11-09 15:05:36"},{"nodeID":"1388397","text":"the issue with housing can be resolved in xxx way","type":"I","timestamp":"2023-11-09 15:05:37"},{"nodeID":"1388398","text":"Fiona Bruce: what can be done about it","type":"L","timestamp":"2023-11-09 15:05:37"},{"nodeID":"1388399","text":"Analysing","type":"YA","timestamp":"2023-11-09 15:05:37"},{"nodeID":"1388400","text":"Dominika: Fiona Bruce: what can be done about it","type":"L","timestamp":"2023-11-09 15:05:37"},{"nodeID":"1388401","text":"Pure Questioning","type":"YA","timestamp":"2023-11-09 15:05:37"},{"nodeID":"1388402","text":"Default Transition","type":"TA","timestamp":"2023-11-09 15:05:37"},{"nodeID":"1388403","text":"the top down housing targets that all parties have had on their commitment sheet for a long period of time, haven't delivered","type":"I","timestamp":"2023-11-09 15:05:38"},{"nodeID":"1388404","text":"Helen Morgan: the top down housing targets that all parties have had on their commitment sheet, if you like, for a long period of time, haven't delivered","type":"L","timestamp":"2023-11-09 15:05:38"},{"nodeID":"1388405","text":"Analysing","type":"YA","timestamp":"2023-11-09 15:05:38"},{"nodeID":"1388406","text":"Dominika: Helen Morgan: the top down housing targets that all parties have had on their commitment sheet, if you like, for a long period of time, haven't delivered","type":"L","timestamp":"2023-11-09 15:05:38"},{"nodeID":"1388407","text":"Asserting","type":"YA","timestamp":"2023-11-09 15:05:38"},{"nodeID":"1388408","text":"Default Transition","type":"TA","timestamp":"2023-11-09 15:05:38"},{"nodeID":"1388409","text":"all parties haven't delivered 300,000 new homes since the 60s","type":"I","timestamp":"2023-11-09 15:05:38"},{"nodeID":"1388410","text":"Helen Morgan: They haven't delivered 300,000 new homes since the 60s","type":"L","timestamp":"2023-11-09 15:05:38"},{"nodeID":"1388411","text":"Analysing","type":"YA","timestamp":"2023-11-09 15:05:38"},{"nodeID":"1388412","text":"Dominika: Helen Morgan: They haven't delivered 300,000 new homes since the 60s","type":"L","timestamp":"2023-11-09 15:05:38"},{"nodeID":"1388413","text":"Asserting","type":"YA","timestamp":"2023-11-09 15:05:38"},{"nodeID":"1388414","text":"Default Transition","type":"TA","timestamp":"2023-11-09 15:05:38"},{"nodeID":"1388415","text":"Default Rephrase","type":"MA","timestamp":"2023-11-09 15:05:38"},{"nodeID":"1388416","text":"Restating","type":"YA","timestamp":"2023-11-09 15:05:38"},{"nodeID":"1388417","text":"Helen Morgan does or does not mean a year","type":"I","timestamp":"2023-11-09 15:05:39"},{"nodeID":"1388418","text":"Fiona Bruce: A year you mean","type":"L","timestamp":"2023-11-09 15:05:39"},{"nodeID":"1388419","text":"Analysing","type":"YA","timestamp":"2023-11-09 15:05:39"},{"nodeID":"1388420","text":"Dominika: Fiona Bruce: A year you mean","type":"L","timestamp":"2023-11-09 15:05:39"},{"nodeID":"1388421","text":"Pure Questioning","type":"YA","timestamp":"2023-11-09 15:05:39"},{"nodeID":"1388422","text":"Default Transition","type":"TA","timestamp":"2023-11-09 15:05:39"},{"nodeID":"1388423","text":"delivering the top down housing targets established by parties is not working","type":"I","timestamp":"2023-11-09 15:05:39"},{"nodeID":"1388424","text":"Helen Morgan: it's not working","type":"L","timestamp":"2023-11-09 15:05:39"},{"nodeID":"1388425","text":"Analysing","type":"YA","timestamp":"2023-11-09 15:05:39"},{"nodeID":"1388426","text":"Dominika: Helen Morgan: it's not working","type":"L","timestamp":"2023-11-09 15:05:39"},{"nodeID":"1388427","text":"Asserting","type":"YA","timestamp":"2023-11-09 15:05:39"},{"nodeID":"1388428","text":"Default Inference","type":"RA","timestamp":"2023-11-09 15:05:39"},{"nodeID":"1388429","text":"Default Transition","type":"TA","timestamp":"2023-11-09 15:05:39"},{"nodeID":"1388430","text":"Arguing","type":"YA","timestamp":"2023-11-09 15:05:39"},{"nodeID":"1388431","text":"we need to have a fresh approach to how we look at new housing","type":"I","timestamp":"2023-11-09 15:05:40"},{"nodeID":"1388432","text":"Helen Morgan: we need to have a fresh approach to how we look at new housing","type":"L","timestamp":"2023-11-09 15:05:40"},{"nodeID":"1388433","text":"Analysing","type":"YA","timestamp":"2023-11-09 15:05:40"},{"nodeID":"1388434","text":"Dominika: Helen Morgan: we need to have a fresh approach to how we look at new housing","type":"L","timestamp":"2023-11-09 15:05:40"},{"nodeID":"1388435","text":"Asserting","type":"YA","timestamp":"2023-11-09 15:05:40"},{"nodeID":"1388436","text":"Default Inference","type":"RA","timestamp":"2023-11-09 15:05:40"},{"nodeID":"1388437","text":"Default Transition","type":"TA","timestamp":"2023-11-09 15:05:40"},{"nodeID":"1388438","text":"Arguing","type":"YA","timestamp":"2023-11-09 15:05:40"},{"nodeID":"1388439","text":"Default Rephrase","type":"MA","timestamp":"2023-11-09 15:05:40"},{"nodeID":"1388440","text":"Default Transition","type":"TA","timestamp":"2023-11-09 15:05:40"},{"nodeID":"1388441","text":"Default Illocuting","type":"YA","timestamp":"2023-11-09 15:05:40"},{"nodeID":"1388442","text":"we need to have a fresh approach to social housing","type":"I","timestamp":"2023-11-09 15:05:41"},{"nodeID":"1388443","text":"Helen Morgan: we need to have a fresh approach to social housing","type":"L","timestamp":"2023-11-09 15:05:41"},{"nodeID":"1388444","text":"Analysing","type":"YA","timestamp":"2023-11-09 15:05:41"},{"nodeID":"1388445","text":"Dominika: Helen Morgan: we need to have a fresh approach to social housing","type":"L","timestamp":"2023-11-09 15:05:41"},{"nodeID":"1388446","text":"Asserting","type":"YA","timestamp":"2023-11-09 15:05:41"},{"nodeID":"1388447","text":"we know there are 1.5 million people on social housing waiting lists","type":"I","timestamp":"2023-11-09 15:05:41"},{"nodeID":"1388448","text":"Helen Morgan: we know there are 1.5 million people on social housing waiting lists","type":"L","timestamp":"2023-11-09 15:05:41"},{"nodeID":"1388449","text":"Analysing","type":"YA","timestamp":"2023-11-09 15:05:41"},{"nodeID":"1388450","text":"Dominika: Helen Morgan: we know there are 1.5 million people on social housing waiting lists","type":"L","timestamp":"2023-11-09 15:05:41"},{"nodeID":"1388451","text":"Asserting","type":"YA","timestamp":"2023-11-09 15:05:41"},{"nodeID":"1388452","text":"1.5 million people on social housing waiting lists is adding pressure into the private rented market","type":"I","timestamp":"2023-11-09 15:05:42"},{"nodeID":"1388453","text":"Helen Morgan: that's adding pressure into the private rented market","type":"L","timestamp":"2023-11-09 15:05:42"},{"nodeID":"1388454","text":"Analysing","type":"YA","timestamp":"2023-11-09 15:05:42"},{"nodeID":"1388455","text":"Dominika: Helen Morgan: that's adding pressure into the private rented market","type":"L","timestamp":"2023-11-09 15:05:42"},{"nodeID":"1388456","text":"Asserting","type":"YA","timestamp":"2023-11-09 15:05:42"},{"nodeID":"1388457","text":"1.5 million people on social housing waiting lists is pushing rents up for people like AudienceMember 20230427QT19 who can't save for a deposit because of it","type":"I","timestamp":"2023-11-09 15:05:43"},{"nodeID":"1388458","text":"Helen Morgan: Pushing rents up for people like yourself who can't save for a deposit because of it","type":"L","timestamp":"2023-11-09 15:05:43"},{"nodeID":"1388459","text":"Analysing","type":"YA","timestamp":"2023-11-09 15:05:43"},{"nodeID":"1388460","text":"Dominika: Helen Morgan: Pushing rents up for people like yourself who can't save for a deposit because of it","type":"L","timestamp":"2023-11-09 15:05:43"},{"nodeID":"1388461","text":"Asserting","type":"YA","timestamp":"2023-11-09 15:05:43"},{"nodeID":"1388462","text":"Default Rephrase","type":"MA","timestamp":"2023-11-09 15:05:43"},{"nodeID":"1388463","text":"Default Transition","type":"TA","timestamp":"2023-11-09 15:05:43"},{"nodeID":"1388464","text":"Default Illocuting","type":"YA","timestamp":"2023-11-09 15:05:43"},{"nodeID":"1388465","text":"Default Inference","type":"RA","timestamp":"2023-11-09 15:05:43"},{"nodeID":"1388466","text":"Default Transition","type":"TA","timestamp":"2023-11-09 15:05:43"},{"nodeID":"1388467","text":"Default Transition","type":"TA","timestamp":"2023-11-09 15:05:43"},{"nodeID":"1388468","text":"Default Transition","type":"TA","timestamp":"2023-11-09 15:05:43"},{"nodeID":"1388469","text":"Arguing","type":"YA","timestamp":"2023-11-09 15:05:43"}],"edges":[{"edgeID":"1813779","fromID":"1388345","toID":"1388344","formEdgeID":null},{"edgeID":"1813780","fromID":"1388346","toID":"1388345","formEdgeID":null},{"edgeID":"1813781","fromID":"1388344","toID":"1388347","formEdgeID":null},{"edgeID":"1813782","fromID":"1388347","toID":"1388343","formEdgeID":null},{"edgeID":"1813783","fromID":"1388350","toID":"1388349","formEdgeID":null},{"edgeID":"1813784","fromID":"1388351","toID":"1388350","formEdgeID":null},{"edgeID":"1813785","fromID":"1388349","toID":"1388352","formEdgeID":null},{"edgeID":"1813786","fromID":"1388352","toID":"1388348","formEdgeID":null},{"edgeID":"1813787","fromID":"1388343","toID":"1388353","formEdgeID":null},{"edgeID":"1813788","fromID":"1388353","toID":"1388348","formEdgeID":null},{"edgeID":"1813789","fromID":"1388344","toID":"1388354","formEdgeID":null},{"edgeID":"1813790","fromID":"1388354","toID":"1388349","formEdgeID":null},{"edgeID":"1813791","fromID":"1388354","toID":"1388355","formEdgeID":null},{"edgeID":"1813792","fromID":"1388355","toID":"1388353","formEdgeID":null},{"edgeID":"1813793","fromID":"1388358","toID":"1388357","formEdgeID":null},{"edgeID":"1813794","fromID":"1388359","toID":"1388358","formEdgeID":null},{"edgeID":"1813795","fromID":"1388357","toID":"1388360","formEdgeID":null},{"edgeID":"1813796","fromID":"1388360","toID":"1388356","formEdgeID":null},{"edgeID":"1813797","fromID":"1388349","toID":"1388361","formEdgeID":null},{"edgeID":"1813798","fromID":"1388361","toID":"1388357","formEdgeID":null},{"edgeID":"1813799","fromID":"1388364","toID":"1388363","formEdgeID":null},{"edgeID":"1813800","fromID":"1388365","toID":"1388364","formEdgeID":null},{"edgeID":"1813801","fromID":"1388363","toID":"1388366","formEdgeID":null},{"edgeID":"1813802","fromID":"1388366","toID":"1388362","formEdgeID":null},{"edgeID":"1813803","fromID":"1388369","toID":"1388368","formEdgeID":null},{"edgeID":"1813804","fromID":"1388370","toID":"1388369","formEdgeID":null},{"edgeID":"1813805","fromID":"1388368","toID":"1388371","formEdgeID":null},{"edgeID":"1813806","fromID":"1388371","toID":"1388367","formEdgeID":null},{"edgeID":"1813807","fromID":"1388362","toID":"1388372","formEdgeID":null},{"edgeID":"1813808","fromID":"1388372","toID":"1388367","formEdgeID":null},{"edgeID":"1813809","fromID":"1388363","toID":"1388373","formEdgeID":null},{"edgeID":"1813810","fromID":"1388373","toID":"1388368","formEdgeID":null},{"edgeID":"1813811","fromID":"1388373","toID":"1388374","formEdgeID":null},{"edgeID":"1813812","fromID":"1388374","toID":"1388372","formEdgeID":null},{"edgeID":"1813813","fromID":"1388357","toID":"1388375","formEdgeID":null},{"edgeID":"1813814","fromID":"1388375","toID":"1388368","formEdgeID":null},{"edgeID":"1813815","fromID":"1388367","toID":"1388376","formEdgeID":null},{"edgeID":"1813816","fromID":"1388376","toID":"1388356","formEdgeID":null},{"edgeID":"1813817","fromID":"1388375","toID":"1388377","formEdgeID":null},{"edgeID":"1813818","fromID":"1388377","toID":"1388376","formEdgeID":null},{"edgeID":"1813819","fromID":"1388380","toID":"1388379","formEdgeID":null},{"edgeID":"1813820","fromID":"1388381","toID":"1388380","formEdgeID":null},{"edgeID":"1813821","fromID":"1388379","toID":"1388382","formEdgeID":null},{"edgeID":"1813822","fromID":"1388382","toID":"1388378","formEdgeID":null},{"edgeID":"1813823","fromID":"1388368","toID":"1388383","formEdgeID":null},{"edgeID":"1813824","fromID":"1388383","toID":"1388379","formEdgeID":null},{"edgeID":"1813825","fromID":"1388378","toID":"1388384","formEdgeID":null},{"edgeID":"1813826","fromID":"1388384","toID":"1388367","formEdgeID":null},{"edgeID":"1813827","fromID":"1388383","toID":"1388385","formEdgeID":null},{"edgeID":"1813828","fromID":"1388385","toID":"1388384","formEdgeID":null},{"edgeID":"1813829","fromID":"1388387","toID":"1388386","formEdgeID":null},{"edgeID":"1813830","fromID":"1388388","toID":"1388387","formEdgeID":null},{"edgeID":"1813831","fromID":"1388379","toID":"1388389","formEdgeID":null},{"edgeID":"1813832","fromID":"1388389","toID":"1388386","formEdgeID":null},{"edgeID":"1813833","fromID":"1388389","toID":"1388390","formEdgeID":null},{"edgeID":"1813834","fromID":"1388390","toID":"1388378","formEdgeID":null},{"edgeID":"1813835","fromID":"1388393","toID":"1388392","formEdgeID":null},{"edgeID":"1813836","fromID":"1388394","toID":"1388393","formEdgeID":null},{"edgeID":"1813837","fromID":"1388392","toID":"1388395","formEdgeID":null},{"edgeID":"1813838","fromID":"1388395","toID":"1388391","formEdgeID":null},{"edgeID":"1813839","fromID":"1388386","toID":"1388396","formEdgeID":null},{"edgeID":"1813840","fromID":"1388396","toID":"1388392","formEdgeID":null},{"edgeID":"1813841","fromID":"1388399","toID":"1388398","formEdgeID":null},{"edgeID":"1813842","fromID":"1388400","toID":"1388399","formEdgeID":null},{"edgeID":"1813843","fromID":"1388398","toID":"1388401","formEdgeID":null},{"edgeID":"1813844","fromID":"1388401","toID":"1388397","formEdgeID":null},{"edgeID":"1813845","fromID":"1388392","toID":"1388402","formEdgeID":null},{"edgeID":"1813846","fromID":"1388402","toID":"1388398","formEdgeID":null},{"edgeID":"1813847","fromID":"1388405","toID":"1388404","formEdgeID":null},{"edgeID":"1813848","fromID":"1388406","toID":"1388405","formEdgeID":null},{"edgeID":"1813849","fromID":"1388404","toID":"1388407","formEdgeID":null},{"edgeID":"1813850","fromID":"1388407","toID":"1388403","formEdgeID":null},{"edgeID":"1813851","fromID":"1388398","toID":"1388408","formEdgeID":null},{"edgeID":"1813852","fromID":"1388408","toID":"1388404","formEdgeID":null},{"edgeID":"1813853","fromID":"1388411","toID":"1388410","formEdgeID":null},{"edgeID":"1813854","fromID":"1388412","toID":"1388411","formEdgeID":null},{"edgeID":"1813855","fromID":"1388410","toID":"1388413","formEdgeID":null},{"edgeID":"1813856","fromID":"1388413","toID":"1388409","formEdgeID":null},{"edgeID":"1813857","fromID":"1388404","toID":"1388414","formEdgeID":null},{"edgeID":"1813858","fromID":"1388414","toID":"1388410","formEdgeID":null},{"edgeID":"1813859","fromID":"1388409","toID":"1388415","formEdgeID":null},{"edgeID":"1813860","fromID":"1388415","toID":"1388403","formEdgeID":null},{"edgeID":"1813861","fromID":"1388414","toID":"1388416","formEdgeID":null},{"edgeID":"1813862","fromID":"1388416","toID":"1388415","formEdgeID":null},{"edgeID":"1813863","fromID":"1388419","toID":"1388418","formEdgeID":null},{"edgeID":"1813864","fromID":"1388420","toID":"1388419","formEdgeID":null},{"edgeID":"1813865","fromID":"1388418","toID":"1388421","formEdgeID":null},{"edgeID":"1813866","fromID":"1388421","toID":"1388417","formEdgeID":null},{"edgeID":"1813867","fromID":"1388410","toID":"1388422","formEdgeID":null},{"edgeID":"1813868","fromID":"1388422","toID":"1388418","formEdgeID":null},{"edgeID":"1813869","fromID":"1388425","toID":"1388424","formEdgeID":null},{"edgeID":"1813870","fromID":"1388426","toID":"1388425","formEdgeID":null},{"edgeID":"1813871","fromID":"1388424","toID":"1388427","formEdgeID":null},{"edgeID":"1813872","fromID":"1388427","toID":"1388423","formEdgeID":null},{"edgeID":"1813873","fromID":"1388409","toID":"1388428","formEdgeID":null},{"edgeID":"1813874","fromID":"1388428","toID":"1388423","formEdgeID":null},{"edgeID":"1813875","fromID":"1388410","toID":"1388429","formEdgeID":null},{"edgeID":"1813876","fromID":"1388429","toID":"1388424","formEdgeID":null},{"edgeID":"1813877","fromID":"1388429","toID":"1388430","formEdgeID":null},{"edgeID":"1813878","fromID":"1388430","toID":"1388428","formEdgeID":null},{"edgeID":"1813879","fromID":"1388433","toID":"1388432","formEdgeID":null},{"edgeID":"1813880","fromID":"1388434","toID":"1388433","formEdgeID":null},{"edgeID":"1813881","fromID":"1388432","toID":"1388435","formEdgeID":null},{"edgeID":"1813882","fromID":"1388435","toID":"1388431","formEdgeID":null},{"edgeID":"1813883","fromID":"1388423","toID":"1388436","formEdgeID":null},{"edgeID":"1813884","fromID":"1388436","toID":"1388431","formEdgeID":null},{"edgeID":"1813885","fromID":"1388424","toID":"1388437","formEdgeID":null},{"edgeID":"1813886","fromID":"1388437","toID":"1388432","formEdgeID":null},{"edgeID":"1813887","fromID":"1388437","toID":"1388438","formEdgeID":null},{"edgeID":"1813888","fromID":"1388438","toID":"1388436","formEdgeID":null},{"edgeID":"1813889","fromID":"1388431","toID":"1388439","formEdgeID":null},{"edgeID":"1813890","fromID":"1388439","toID":"1388397","formEdgeID":null},{"edgeID":"1813891","fromID":"1388398","toID":"1388440","formEdgeID":null},{"edgeID":"1813892","fromID":"1388440","toID":"1388432","formEdgeID":null},{"edgeID":"1813893","fromID":"1388440","toID":"1388441","formEdgeID":null},{"edgeID":"1813894","fromID":"1388441","toID":"1388439","formEdgeID":null},{"edgeID":"1813895","fromID":"1388444","toID":"1388443","formEdgeID":null},{"edgeID":"1813896","fromID":"1388445","toID":"1388444","formEdgeID":null},{"edgeID":"1813897","fromID":"1388443","toID":"1388446","formEdgeID":null},{"edgeID":"1813898","fromID":"1388446","toID":"1388442","formEdgeID":null},{"edgeID":"1813899","fromID":"1388449","toID":"1388448","formEdgeID":null},{"edgeID":"1813900","fromID":"1388450","toID":"1388449","formEdgeID":null},{"edgeID":"1813901","fromID":"1388448","toID":"1388451","formEdgeID":null},{"edgeID":"1813902","fromID":"1388451","toID":"1388447","formEdgeID":null},{"edgeID":"1813903","fromID":"1388454","toID":"1388453","formEdgeID":null},{"edgeID":"1813904","fromID":"1388455","toID":"1388454","formEdgeID":null},{"edgeID":"1813905","fromID":"1388453","toID":"1388456","formEdgeID":null},{"edgeID":"1813906","fromID":"1388456","toID":"1388452","formEdgeID":null},{"edgeID":"1813907","fromID":"1388459","toID":"1388458","formEdgeID":null},{"edgeID":"1813908","fromID":"1388460","toID":"1388459","formEdgeID":null},{"edgeID":"1813909","fromID":"1388458","toID":"1388461","formEdgeID":null},{"edgeID":"1813910","fromID":"1388461","toID":"1388457","formEdgeID":null},{"edgeID":"1813911","fromID":"1388442","toID":"1388462","formEdgeID":null},{"edgeID":"1813912","fromID":"1388462","toID":"1388397","formEdgeID":null},{"edgeID":"1813913","fromID":"1388398","toID":"1388463","formEdgeID":null},{"edgeID":"1813914","fromID":"1388463","toID":"1388443","formEdgeID":null},{"edgeID":"1813915","fromID":"1388463","toID":"1388464","formEdgeID":null},{"edgeID":"1813916","fromID":"1388464","toID":"1388462","formEdgeID":null},{"edgeID":"1813917","fromID":"1388457","toID":"1388465","formEdgeID":null},{"edgeID":"1813918","fromID":"1388465","toID":"1388442","formEdgeID":null},{"edgeID":"1813919","fromID":"1388447","toID":"1388465","formEdgeID":null},{"edgeID":"1813920","fromID":"1388452","toID":"1388465","formEdgeID":null},{"edgeID":"1813921","fromID":"1388443","toID":"1388466","formEdgeID":null},{"edgeID":"1813922","fromID":"1388466","toID":"1388448","formEdgeID":null},{"edgeID":"1813923","fromID":"1388443","toID":"1388467","formEdgeID":null},{"edgeID":"1813924","fromID":"1388467","toID":"1388453","formEdgeID":null},{"edgeID":"1813925","fromID":"1388443","toID":"1388468","formEdgeID":null},{"edgeID":"1813926","fromID":"1388468","toID":"1388458","formEdgeID":null},{"edgeID":"1813927","fromID":"1388468","toID":"1388469","formEdgeID":null},{"edgeID":"1813928","fromID":"1388469","toID":"1388465","formEdgeID":null}],"locutions":[]}