{"nodes":[{"nodeID":"1386503","text":"the same thing can happen with small boats","type":"I","timestamp":"2023-11-09 15:02:54"},{"nodeID":"1386504","text":"Fraser Nelson: the same thing can happen with small boats","type":"L","timestamp":"2023-11-09 15:02:54"},{"nodeID":"1386505","text":"Analysing","type":"YA","timestamp":"2023-11-09 15:02:54"},{"nodeID":"1386506","text":"Anon: Fraser Nelson: the same thing can happen with small boats","type":"L","timestamp":"2023-11-09 15:02:54"},{"nodeID":"1386507","text":"Asserting","type":"YA","timestamp":"2023-11-09 15:02:54"},{"nodeID":"1386508","text":"we can focus on helping people who are here legitimately and getting through the backlog","type":"I","timestamp":"2023-11-09 15:02:55"},{"nodeID":"1386509","text":"Fraser Nelson: we can focus on helping people who are here legitimately and getting through the backlog","type":"L","timestamp":"2023-11-09 15:02:55"},{"nodeID":"1386510","text":"Analysing","type":"YA","timestamp":"2023-11-09 15:02:55"},{"nodeID":"1386511","text":"Anon: Fraser Nelson: we can focus on helping people who are here legitimately and getting through the backlog","type":"L","timestamp":"2023-11-09 15:02:55"},{"nodeID":"1386512","text":"Asserting","type":"YA","timestamp":"2023-11-09 15:02:55"},{"nodeID":"1386513","text":"a whole bunch of things need to change","type":"I","timestamp":"2023-11-09 15:02:56"},{"nodeID":"1386514","text":"Fraser Nelson: a whole bunch of things need to change","type":"L","timestamp":"2023-11-09 15:02:56"},{"nodeID":"1386515","text":"Analysing","type":"YA","timestamp":"2023-11-09 15:02:56"},{"nodeID":"1386516","text":"Anon: Fraser Nelson: a whole bunch of things need to change","type":"L","timestamp":"2023-11-09 15:02:56"},{"nodeID":"1386517","text":"Asserting","type":"YA","timestamp":"2023-11-09 15:02:56"},{"nodeID":"1386518","text":"letting refugees work while they're here is a major step forward","type":"I","timestamp":"2023-11-09 15:02:56"},{"nodeID":"1386519","text":"Fraser Nelson: letting them work while they're here is a major step forward","type":"L","timestamp":"2023-11-09 15:02:56"},{"nodeID":"1386520","text":"Analysing","type":"YA","timestamp":"2023-11-09 15:02:56"},{"nodeID":"1386521","text":"Anon: Fraser Nelson: letting them work while they're here is a major step forward","type":"L","timestamp":"2023-11-09 15:02:56"},{"nodeID":"1386522","text":"Asserting","type":"YA","timestamp":"2023-11-09 15:02:56"},{"nodeID":"1386523","text":"Conservatives have been in power now for nearly 13 years","type":"I","timestamp":"2023-11-09 15:02:57"},{"nodeID":"1386524","text":"AudienceMember 20230427QT05: Conservatives have been in power now for nearly 13 years","type":"L","timestamp":"2023-11-09 15:02:57"},{"nodeID":"1386525","text":"Analysing","type":"YA","timestamp":"2023-11-09 15:02:57"},{"nodeID":"1386526","text":"Anon: AudienceMember 20230427QT05: Conservatives have been in power now for nearly 13 years","type":"L","timestamp":"2023-11-09 15:02:57"},{"nodeID":"1386527","text":"Asserting","type":"YA","timestamp":"2023-11-09 15:02:57"},{"nodeID":"1386528","text":"Conservatives still haven't got anything to show for 13 years in power","type":"I","timestamp":"2023-11-09 15:02:58"},{"nodeID":"1386529","text":"AudienceMember 20230427QT05: they still haven't got anything","type":"L","timestamp":"2023-11-09 15:02:58"},{"nodeID":"1386530","text":"Analysing","type":"YA","timestamp":"2023-11-09 15:02:58"},{"nodeID":"1386531","text":"Anon: AudienceMember 20230427QT05: they still haven't got anything","type":"L","timestamp":"2023-11-09 15:02:58"},{"nodeID":"1386532","text":"Asserting","type":"YA","timestamp":"2023-11-09 15:02:58"},{"nodeID":"1386533","text":"Conservatives are not building suitable places for the immigrants that come over, that want to stay here, while everything's being processed","type":"I","timestamp":"2023-11-09 15:02:58"},{"nodeID":"1386534","text":"AudienceMember 20230427QT05: they're not building suitable places for the immigrants that come over, that want to stay here, while everything's being processed","type":"L","timestamp":"2023-11-09 15:02:58"},{"nodeID":"1386535","text":"Analysing","type":"YA","timestamp":"2023-11-09 15:02:58"},{"nodeID":"1386536","text":"Anon: AudienceMember 20230427QT05: they're not building suitable places for the immigrants that come over, that want to stay here, while everything's being processed","type":"L","timestamp":"2023-11-09 15:02:58"},{"nodeID":"1386537","text":"Asserting","type":"YA","timestamp":"2023-11-09 15:02:58"},{"nodeID":"1386538","text":"putting refugees up in barracks","type":"I","timestamp":"2023-11-09 15:02:59"},{"nodeID":"1386539","text":"AudienceMember 20230427QT05: putting them up in barracks","type":"L","timestamp":"2023-11-09 15:02:59"},{"nodeID":"1386540","text":"Analysing","type":"YA","timestamp":"2023-11-09 15:02:59"},{"nodeID":"1386541","text":"Anon: AudienceMember 20230427QT05: putting them up in barracks","type":"L","timestamp":"2023-11-09 15:02:59"},{"nodeID":"1386542","text":"Assertive Questioning","type":"YA","timestamp":"2023-11-09 15:02:59"},{"nodeID":"1386543","text":"Default Transition","type":"TA","timestamp":"2023-11-09 15:02:59"},{"nodeID":"1386544","text":"Default Inference","type":"RA","timestamp":"2023-11-09 15:02:59"},{"nodeID":"1386545","text":"Arguing","type":"YA","timestamp":"2023-11-09 15:02:59"},{"nodeID":"1386546","text":"Default Transition","type":"TA","timestamp":"2023-11-09 15:02:59"},{"nodeID":"1386547","text":"Default Rephrase","type":"MA","timestamp":"2023-11-09 15:02:59"},{"nodeID":"1386548","text":"Default Transition","type":"TA","timestamp":"2023-11-09 15:02:59"},{"nodeID":"1386549","text":"Restating","type":"YA","timestamp":"2023-11-09 15:02:59"},{"nodeID":"1386550","text":"Default Transition","type":"TA","timestamp":"2023-11-09 15:02:59"},{"nodeID":"1386551","text":"Default Transition","type":"TA","timestamp":"2023-11-09 15:02:59"},{"nodeID":"1386552","text":"Default Rephrase","type":"MA","timestamp":"2023-11-09 15:02:59"},{"nodeID":"1386553","text":"Restating","type":"YA","timestamp":"2023-11-09 15:02:59"},{"nodeID":"1386554","text":"Default Transition","type":"TA","timestamp":"2023-11-09 15:02:59"},{"nodeID":"1386555","text":"Default Transition","type":"TA","timestamp":"2023-11-09 15:02:59"},{"nodeID":"1386556","text":"Fiona Bruce: Yes, this is the question","type":"L","timestamp":"2023-11-09 15:02:59"},{"nodeID":"1386557","text":"Analysing","type":"YA","timestamp":"2023-11-09 15:02:59"},{"nodeID":"1386558","text":"Anon: Fiona Bruce: Yes, this is the question","type":"L","timestamp":"2023-11-09 15:02:59"},{"nodeID":"1386559","text":"Default Transition","type":"TA","timestamp":"2023-11-09 15:02:59"},{"nodeID":"1386560","text":"Agreeing","type":"YA","timestamp":"2023-11-09 15:02:59"},{"nodeID":"1386561","text":"putting refugees in barracks is ridiculous","type":"I","timestamp":"2023-11-09 15:02:59"},{"nodeID":"1386562","text":"AudienceMember 20230427QT06: that's ridiculous","type":"L","timestamp":"2023-11-09 15:02:59"},{"nodeID":"1386563","text":"Analysing","type":"YA","timestamp":"2023-11-09 15:02:59"},{"nodeID":"1386564","text":"Anon: AudienceMember 20230427QT06: that's ridiculous","type":"L","timestamp":"2023-11-09 15:02:59"},{"nodeID":"1386565","text":"Asserting","type":"YA","timestamp":"2023-11-09 15:02:59"},{"nodeID":"1386566","text":"Default Rephrase","type":"MA","timestamp":"2023-11-09 15:02:59"},{"nodeID":"1386567","text":"Default Transition","type":"TA","timestamp":"2023-11-09 15:02:59"},{"nodeID":"1386568","text":"Restating","type":"YA","timestamp":"2023-11-09 15:02:59"},{"nodeID":"1386569","text":"we need investment","type":"I","timestamp":"2023-11-09 15:03:00"},{"nodeID":"1386570","text":"AudienceMember 20230427QT06: We need investment","type":"L","timestamp":"2023-11-09 15:03:00"},{"nodeID":"1386571","text":"Analysing","type":"YA","timestamp":"2023-11-09 15:03:00"},{"nodeID":"1386572","text":"Anon: AudienceMember 20230427QT06: We need investment","type":"L","timestamp":"2023-11-09 15:03:00"},{"nodeID":"1386573","text":"Asserting","type":"YA","timestamp":"2023-11-09 15:03:00"},{"nodeID":"1386574","text":"Default Inference","type":"RA","timestamp":"2023-11-09 15:03:00"},{"nodeID":"1386575","text":"Default Transition","type":"TA","timestamp":"2023-11-09 15:03:00"},{"nodeID":"1386576","text":"Arguing","type":"YA","timestamp":"2023-11-09 15:03:00"},{"nodeID":"1386577","text":"it shouldn't take the Conservatives so long to invest","type":"I","timestamp":"2023-11-09 15:03:01"},{"nodeID":"1386578","text":"AudienceMember 20230427QT06: I don't understand why it's taking Conservatives so long","type":"L","timestamp":"2023-11-09 15:03:01"},{"nodeID":"1386579","text":"Analysing","type":"YA","timestamp":"2023-11-09 15:03:01"},{"nodeID":"1386580","text":"Anon: AudienceMember 20230427QT06: I don't understand why it's taking Conservatives so long","type":"L","timestamp":"2023-11-09 15:03:01"},{"nodeID":"1386581","text":"Rhetorical Questioning","type":"YA","timestamp":"2023-11-09 15:03:01"},{"nodeID":"1386582","text":"the Conservatives ridiculous idea of flying everybody to Rwanda is stupid","type":"I","timestamp":"2023-11-09 15:03:01"},{"nodeID":"1386583","text":"AudienceMember 20230427QT06: their ridiculous ideal of flying everybody to Rwanda, I think that's stupid","type":"L","timestamp":"2023-11-09 15:03:01"},{"nodeID":"1386584","text":"Analysing","type":"YA","timestamp":"2023-11-09 15:03:01"},{"nodeID":"1386585","text":"Anon: AudienceMember 20230427QT06: their ridiculous ideal of flying everybody to Rwanda, I think that's stupid","type":"L","timestamp":"2023-11-09 15:03:01"},{"nodeID":"1386586","text":"Asserting","type":"YA","timestamp":"2023-11-09 15:03:01"},{"nodeID":"1386587","text":"Default Transition","type":"TA","timestamp":"2023-11-09 15:03:01"},{"nodeID":"1386588","text":"refugees need something that's more humanitarian","type":"I","timestamp":"2023-11-09 15:03:02"},{"nodeID":"1386589","text":"AudienceMember 20230427QT06: They need something that's more humanitarian","type":"L","timestamp":"2023-11-09 15:03:02"},{"nodeID":"1386590","text":"Analysing","type":"YA","timestamp":"2023-11-09 15:03:02"},{"nodeID":"1386591","text":"Anon: AudienceMember 20230427QT06: They need something that's more humanitarian","type":"L","timestamp":"2023-11-09 15:03:02"},{"nodeID":"1386592","text":"Asserting","type":"YA","timestamp":"2023-11-09 15:03:02"},{"nodeID":"1386593","text":"Default Inference","type":"RA","timestamp":"2023-11-09 15:03:02"},{"nodeID":"1386594","text":"Default Transition","type":"TA","timestamp":"2023-11-09 15:03:02"},{"nodeID":"1386595","text":"Arguing","type":"YA","timestamp":"2023-11-09 15:03:02"},{"nodeID":"1386596","text":"refugees need something that's more thought out","type":"I","timestamp":"2023-11-09 15:03:03"},{"nodeID":"1386597","text":"AudienceMember 20230427QT06: They need something that's more thought out","type":"L","timestamp":"2023-11-09 15:03:03"},{"nodeID":"1386598","text":"Analysing","type":"YA","timestamp":"2023-11-09 15:03:03"},{"nodeID":"1386599","text":"Anon: AudienceMember 20230427QT06: They need something that's more thought out","type":"L","timestamp":"2023-11-09 15:03:03"},{"nodeID":"1386600","text":"Asserting","type":"YA","timestamp":"2023-11-09 15:03:03"},{"nodeID":"1386601","text":"Default Rephrase","type":"MA","timestamp":"2023-11-09 15:03:03"},{"nodeID":"1386602","text":"Default Transition","type":"TA","timestamp":"2023-11-09 15:03:03"},{"nodeID":"1386603","text":"Restating","type":"YA","timestamp":"2023-11-09 15:03:03"},{"nodeID":"1386604","text":"there's a lot of people","type":"I","timestamp":"2023-11-09 15:03:03"},{"nodeID":"1386605","text":"AudienceMember 20230427QT06: there's a lot of people","type":"L","timestamp":"2023-11-09 15:03:03"},{"nodeID":"1386606","text":"Analysing","type":"YA","timestamp":"2023-11-09 15:03:03"},{"nodeID":"1386607","text":"Anon: AudienceMember 20230427QT06: there's a lot of people","type":"L","timestamp":"2023-11-09 15:03:03"},{"nodeID":"1386608","text":"Asserting","type":"YA","timestamp":"2023-11-09 15:03:03"},{"nodeID":"1386609","text":"there's a lot of potential that's coming over that can help England and the United Kingdom","type":"I","timestamp":"2023-11-09 15:03:04"},{"nodeID":"1386610","text":"AudienceMember 20230427QT06: a lot of potential that's coming over that can help England and the United Kingdom","type":"L","timestamp":"2023-11-09 15:03:04"},{"nodeID":"1386611","text":"Analysing","type":"YA","timestamp":"2023-11-09 15:03:04"},{"nodeID":"1386612","text":"Anon: AudienceMember 20230427QT06: a lot of potential that's coming over that can help England and the United Kingdom","type":"L","timestamp":"2023-11-09 15:03:04"},{"nodeID":"1386613","text":"Asserting","type":"YA","timestamp":"2023-11-09 15:03:04"},{"nodeID":"1386614","text":"Default Inference","type":"RA","timestamp":"2023-11-09 15:03:04"},{"nodeID":"1386615","text":"Default Transition","type":"TA","timestamp":"2023-11-09 15:03:04"},{"nodeID":"1386616","text":"Arguing","type":"YA","timestamp":"2023-11-09 15:03:04"},{"nodeID":"1386617","text":"at the moment we're wasting the potential","type":"I","timestamp":"2023-11-09 15:03:05"},{"nodeID":"1386618","text":"AudienceMember 20230427QT06: at the moment we're wasting it","type":"L","timestamp":"2023-11-09 15:03:05"},{"nodeID":"1386619","text":"Analysing","type":"YA","timestamp":"2023-11-09 15:03:05"},{"nodeID":"1386620","text":"Anon: AudienceMember 20230427QT06: at the moment we're wasting it","type":"L","timestamp":"2023-11-09 15:03:05"},{"nodeID":"1386621","text":"Asserting","type":"YA","timestamp":"2023-11-09 15:03:05"},{"nodeID":"1386622","text":"we're not letting refugees work","type":"I","timestamp":"2023-11-09 15:03:05"},{"nodeID":"1386623","text":"AudienceMember 20230427QT06: we're not letting them work","type":"L","timestamp":"2023-11-09 15:03:05"},{"nodeID":"1386624","text":"Analysing","type":"YA","timestamp":"2023-11-09 15:03:05"},{"nodeID":"1386625","text":"Anon: AudienceMember 20230427QT06: we're not letting them work","type":"L","timestamp":"2023-11-09 15:03:05"},{"nodeID":"1386626","text":"Asserting","type":"YA","timestamp":"2023-11-09 15:03:05"},{"nodeID":"1386627","text":"we're putting refugees up in hotels","type":"I","timestamp":"2023-11-09 15:03:06"},{"nodeID":"1386628","text":"AudienceMember 20230427QT06: we're putting them up in hotels","type":"L","timestamp":"2023-11-09 15:03:06"},{"nodeID":"1386629","text":"Analysing","type":"YA","timestamp":"2023-11-09 15:03:06"},{"nodeID":"1386630","text":"Anon: AudienceMember 20230427QT06: we're putting them up in hotels","type":"L","timestamp":"2023-11-09 15:03:06"},{"nodeID":"1386631","text":"Asserting","type":"YA","timestamp":"2023-11-09 15:03:06"},{"nodeID":"1386632","text":"Default Transition","type":"TA","timestamp":"2023-11-09 15:03:06"},{"nodeID":"1386633","text":"Default Inference","type":"RA","timestamp":"2023-11-09 15:03:06"},{"nodeID":"1386634","text":"Default Transition","type":"TA","timestamp":"2023-11-09 15:03:06"},{"nodeID":"1386635","text":"Arguing","type":"YA","timestamp":"2023-11-09 15:03:06"},{"nodeID":"1386636","text":"Default Inference","type":"RA","timestamp":"2023-11-09 15:03:06"},{"nodeID":"1386637","text":"Default Transition","type":"TA","timestamp":"2023-11-09 15:03:06"},{"nodeID":"1386638","text":"Arguing","type":"YA","timestamp":"2023-11-09 15:03:06"},{"nodeID":"1386639","text":"we should have things that's better","type":"I","timestamp":"2023-11-09 15:03:07"},{"nodeID":"1386640","text":"AudienceMember 20230427QT06: We should have things that's better","type":"L","timestamp":"2023-11-09 15:03:07"},{"nodeID":"1386641","text":"Analysing","type":"YA","timestamp":"2023-11-09 15:03:07"},{"nodeID":"1386642","text":"Anon: AudienceMember 20230427QT06: We should have things that's better","type":"L","timestamp":"2023-11-09 15:03:07"},{"nodeID":"1386643","text":"Asserting","type":"YA","timestamp":"2023-11-09 15:03:07"},{"nodeID":"1386644","text":"we've got a housing crisis as well","type":"I","timestamp":"2023-11-09 15:03:07"},{"nodeID":"1386645","text":"AudienceMember 20230427QT06: we've got a housing crisis as well","type":"L","timestamp":"2023-11-09 15:03:07"},{"nodeID":"1386646","text":"Analysing","type":"YA","timestamp":"2023-11-09 15:03:07"},{"nodeID":"1386647","text":"Anon: AudienceMember 20230427QT06: we've got a housing crisis as well","type":"L","timestamp":"2023-11-09 15:03:07"},{"nodeID":"1386648","text":"Asserting","type":"YA","timestamp":"2023-11-09 15:03:07"},{"nodeID":"1386649","text":"Conservatives should be on the housing crisis","type":"I","timestamp":"2023-11-09 15:03:08"},{"nodeID":"1386650","text":"AudienceMember 20230427QT06: Conservatives should be on this","type":"L","timestamp":"2023-11-09 15:03:08"},{"nodeID":"1386651","text":"Analysing","type":"YA","timestamp":"2023-11-09 15:03:08"},{"nodeID":"1386652","text":"Anon: AudienceMember 20230427QT06: Conservatives should be on this","type":"L","timestamp":"2023-11-09 15:03:08"},{"nodeID":"1386653","text":"Asserting","type":"YA","timestamp":"2023-11-09 15:03:08"},{"nodeID":"1386654","text":"Conservatives shouldn't be 13 years in and still scratching their heads","type":"I","timestamp":"2023-11-09 15:03:08"},{"nodeID":"1386655","text":"AudienceMember 20230427QT06: They shouldn't be 13 years in and still scratching their heads","type":"L","timestamp":"2023-11-09 15:03:08"},{"nodeID":"1386656","text":"Analysing","type":"YA","timestamp":"2023-11-09 15:03:08"},{"nodeID":"1386657","text":"Anon: AudienceMember 20230427QT06: They shouldn't be 13 years in and still scratching their heads","type":"L","timestamp":"2023-11-09 15:03:08"},{"nodeID":"1386658","text":"Asserting","type":"YA","timestamp":"2023-11-09 15:03:08"},{"nodeID":"1386659","text":"Default Transition","type":"TA","timestamp":"2023-11-09 15:03:08"},{"nodeID":"1386660","text":"Default Rephrase","type":"MA","timestamp":"2023-11-09 15:03:08"},{"nodeID":"1386661","text":"Restating","type":"YA","timestamp":"2023-11-09 15:03:08"},{"nodeID":"1386662","text":"Default Transition","type":"TA","timestamp":"2023-11-09 15:03:08"},{"nodeID":"1386663","text":"Default Transition","type":"TA","timestamp":"2023-11-09 15:03:08"},{"nodeID":"1386664","text":"Default Rephrase","type":"MA","timestamp":"2023-11-09 15:03:08"},{"nodeID":"1386665","text":"Default Transition","type":"TA","timestamp":"2023-11-09 15:03:08"},{"nodeID":"1386666","text":"Restating","type":"YA","timestamp":"2023-11-09 15:03:08"},{"nodeID":"1386667","text":"Default Inference","type":"RA","timestamp":"2023-11-09 15:03:08"},{"nodeID":"1386668","text":"Default Transition","type":"TA","timestamp":"2023-11-09 15:03:08"},{"nodeID":"1386669","text":"Arguing","type":"YA","timestamp":"2023-11-09 15:03:08"},{"nodeID":"1386670","text":"Default Inference","type":"RA","timestamp":"2023-11-09 15:03:08"},{"nodeID":"1386671","text":"Default Transition","type":"TA","timestamp":"2023-11-09 15:03:08"},{"nodeID":"1386672","text":"Arguing","type":"YA","timestamp":"2023-11-09 15:03:08"}],"edges":[{"edgeID":"1811595","fromID":"1386505","toID":"1386504","formEdgeID":null},{"edgeID":"1811596","fromID":"1386506","toID":"1386505","formEdgeID":null},{"edgeID":"1811597","fromID":"1386504","toID":"1386507","formEdgeID":null},{"edgeID":"1811598","fromID":"1386507","toID":"1386503","formEdgeID":null},{"edgeID":"1811599","fromID":"1386510","toID":"1386509","formEdgeID":null},{"edgeID":"1811600","fromID":"1386511","toID":"1386510","formEdgeID":null},{"edgeID":"1811601","fromID":"1386509","toID":"1386512","formEdgeID":null},{"edgeID":"1811602","fromID":"1386512","toID":"1386508","formEdgeID":null},{"edgeID":"1811603","fromID":"1386515","toID":"1386514","formEdgeID":null},{"edgeID":"1811604","fromID":"1386516","toID":"1386515","formEdgeID":null},{"edgeID":"1811605","fromID":"1386514","toID":"1386517","formEdgeID":null},{"edgeID":"1811606","fromID":"1386517","toID":"1386513","formEdgeID":null},{"edgeID":"1811607","fromID":"1386520","toID":"1386519","formEdgeID":null},{"edgeID":"1811608","fromID":"1386521","toID":"1386520","formEdgeID":null},{"edgeID":"1811609","fromID":"1386519","toID":"1386522","formEdgeID":null},{"edgeID":"1811610","fromID":"1386522","toID":"1386518","formEdgeID":null},{"edgeID":"1811611","fromID":"1386525","toID":"1386524","formEdgeID":null},{"edgeID":"1811612","fromID":"1386526","toID":"1386525","formEdgeID":null},{"edgeID":"1811613","fromID":"1386524","toID":"1386527","formEdgeID":null},{"edgeID":"1811614","fromID":"1386527","toID":"1386523","formEdgeID":null},{"edgeID":"1811615","fromID":"1386530","toID":"1386529","formEdgeID":null},{"edgeID":"1811616","fromID":"1386531","toID":"1386530","formEdgeID":null},{"edgeID":"1811617","fromID":"1386529","toID":"1386532","formEdgeID":null},{"edgeID":"1811618","fromID":"1386532","toID":"1386528","formEdgeID":null},{"edgeID":"1811619","fromID":"1386535","toID":"1386534","formEdgeID":null},{"edgeID":"1811620","fromID":"1386536","toID":"1386535","formEdgeID":null},{"edgeID":"1811621","fromID":"1386534","toID":"1386537","formEdgeID":null},{"edgeID":"1811622","fromID":"1386537","toID":"1386533","formEdgeID":null},{"edgeID":"1811623","fromID":"1386540","toID":"1386539","formEdgeID":null},{"edgeID":"1811624","fromID":"1386541","toID":"1386540","formEdgeID":null},{"edgeID":"1811625","fromID":"1386539","toID":"1386542","formEdgeID":null},{"edgeID":"1811626","fromID":"1386542","toID":"1386538","formEdgeID":null},{"edgeID":"1811627","fromID":"1386504","toID":"1386543","formEdgeID":null},{"edgeID":"1811628","fromID":"1386543","toID":"1386509","formEdgeID":null},{"edgeID":"1811629","fromID":"1386503","toID":"1386544","formEdgeID":null},{"edgeID":"1811630","fromID":"1386544","toID":"1386508","formEdgeID":null},{"edgeID":"1811631","fromID":"1386543","toID":"1386545","formEdgeID":null},{"edgeID":"1811632","fromID":"1386545","toID":"1386544","formEdgeID":null},{"edgeID":"1811633","fromID":"1386509","toID":"1386546","formEdgeID":null},{"edgeID":"1811634","fromID":"1386546","toID":"1386514","formEdgeID":null},{"edgeID":"1811635","fromID":"1386518","toID":"1386547","formEdgeID":null},{"edgeID":"1811636","fromID":"1386547","toID":"1386513","formEdgeID":null},{"edgeID":"1811637","fromID":"1386514","toID":"1386548","formEdgeID":null},{"edgeID":"1811638","fromID":"1386548","toID":"1386519","formEdgeID":null},{"edgeID":"1811639","fromID":"1386548","toID":"1386549","formEdgeID":null},{"edgeID":"1811640","fromID":"1386549","toID":"1386547","formEdgeID":null},{"edgeID":"1811641","fromID":"1386519","toID":"1386550","formEdgeID":null},{"edgeID":"1811642","fromID":"1386550","toID":"1386524","formEdgeID":null},{"edgeID":"1811643","fromID":"1386524","toID":"1386551","formEdgeID":null},{"edgeID":"1811644","fromID":"1386551","toID":"1386529","formEdgeID":null},{"edgeID":"1811645","fromID":"1386528","toID":"1386552","formEdgeID":null},{"edgeID":"1811646","fromID":"1386552","toID":"1386523","formEdgeID":null},{"edgeID":"1811647","fromID":"1386551","toID":"1386553","formEdgeID":null},{"edgeID":"1811648","fromID":"1386553","toID":"1386552","formEdgeID":null},{"edgeID":"1811649","fromID":"1386529","toID":"1386554","formEdgeID":null},{"edgeID":"1811650","fromID":"1386554","toID":"1386534","formEdgeID":null},{"edgeID":"1811651","fromID":"1386534","toID":"1386555","formEdgeID":null},{"edgeID":"1811652","fromID":"1386555","toID":"1386539","formEdgeID":null},{"edgeID":"1811653","fromID":"1386557","toID":"1386556","formEdgeID":null},{"edgeID":"1811654","fromID":"1386558","toID":"1386557","formEdgeID":null},{"edgeID":"1811655","fromID":"1386539","toID":"1386559","formEdgeID":null},{"edgeID":"1811656","fromID":"1386559","toID":"1386556","formEdgeID":null},{"edgeID":"1811657","fromID":"1386559","toID":"1386560","formEdgeID":null},{"edgeID":"1811658","fromID":"1386560","toID":"1386538","formEdgeID":null},{"edgeID":"1811659","fromID":"1386563","toID":"1386562","formEdgeID":null},{"edgeID":"1811660","fromID":"1386564","toID":"1386563","formEdgeID":null},{"edgeID":"1811661","fromID":"1386562","toID":"1386565","formEdgeID":null},{"edgeID":"1811662","fromID":"1386565","toID":"1386561","formEdgeID":null},{"edgeID":"1811663","fromID":"1386561","toID":"1386566","formEdgeID":null},{"edgeID":"1811664","fromID":"1386566","toID":"1386538","formEdgeID":null},{"edgeID":"1811665","fromID":"1386539","toID":"1386567","formEdgeID":null},{"edgeID":"1811666","fromID":"1386567","toID":"1386562","formEdgeID":null},{"edgeID":"1811667","fromID":"1386567","toID":"1386568","formEdgeID":null},{"edgeID":"1811668","fromID":"1386568","toID":"1386566","formEdgeID":null},{"edgeID":"1811669","fromID":"1386571","toID":"1386570","formEdgeID":null},{"edgeID":"1811670","fromID":"1386572","toID":"1386571","formEdgeID":null},{"edgeID":"1811671","fromID":"1386570","toID":"1386573","formEdgeID":null},{"edgeID":"1811672","fromID":"1386573","toID":"1386569","formEdgeID":null},{"edgeID":"1811673","fromID":"1386569","toID":"1386574","formEdgeID":null},{"edgeID":"1811674","fromID":"1386574","toID":"1386561","formEdgeID":null},{"edgeID":"1811675","fromID":"1386562","toID":"1386575","formEdgeID":null},{"edgeID":"1811676","fromID":"1386575","toID":"1386570","formEdgeID":null},{"edgeID":"1811677","fromID":"1386575","toID":"1386576","formEdgeID":null},{"edgeID":"1811678","fromID":"1386576","toID":"1386574","formEdgeID":null},{"edgeID":"1811679","fromID":"1386579","toID":"1386578","formEdgeID":null},{"edgeID":"1811680","fromID":"1386580","toID":"1386579","formEdgeID":null},{"edgeID":"1811681","fromID":"1386578","toID":"1386581","formEdgeID":null},{"edgeID":"1811682","fromID":"1386581","toID":"1386577","formEdgeID":null},{"edgeID":"1811683","fromID":"1386584","toID":"1386583","formEdgeID":null},{"edgeID":"1811684","fromID":"1386585","toID":"1386584","formEdgeID":null},{"edgeID":"1811685","fromID":"1386583","toID":"1386586","formEdgeID":null},{"edgeID":"1811686","fromID":"1386586","toID":"1386582","formEdgeID":null},{"edgeID":"1811687","fromID":"1386578","toID":"1386587","formEdgeID":null},{"edgeID":"1811688","fromID":"1386587","toID":"1386583","formEdgeID":null},{"edgeID":"1811689","fromID":"1386590","toID":"1386589","formEdgeID":null},{"edgeID":"1811690","fromID":"1386591","toID":"1386590","formEdgeID":null},{"edgeID":"1811691","fromID":"1386589","toID":"1386592","formEdgeID":null},{"edgeID":"1811692","fromID":"1386592","toID":"1386588","formEdgeID":null},{"edgeID":"1811693","fromID":"1386588","toID":"1386593","formEdgeID":null},{"edgeID":"1811694","fromID":"1386593","toID":"1386582","formEdgeID":null},{"edgeID":"1811695","fromID":"1386583","toID":"1386594","formEdgeID":null},{"edgeID":"1811696","fromID":"1386594","toID":"1386589","formEdgeID":null},{"edgeID":"1811697","fromID":"1386594","toID":"1386595","formEdgeID":null},{"edgeID":"1811698","fromID":"1386595","toID":"1386593","formEdgeID":null},{"edgeID":"1811699","fromID":"1386598","toID":"1386597","formEdgeID":null},{"edgeID":"1811700","fromID":"1386599","toID":"1386598","formEdgeID":null},{"edgeID":"1811701","fromID":"1386597","toID":"1386600","formEdgeID":null},{"edgeID":"1811702","fromID":"1386600","toID":"1386596","formEdgeID":null},{"edgeID":"1811703","fromID":"1386596","toID":"1386601","formEdgeID":null},{"edgeID":"1811704","fromID":"1386601","toID":"1386588","formEdgeID":null},{"edgeID":"1811705","fromID":"1386589","toID":"1386602","formEdgeID":null},{"edgeID":"1811706","fromID":"1386602","toID":"1386597","formEdgeID":null},{"edgeID":"1811707","fromID":"1386602","toID":"1386603","formEdgeID":null},{"edgeID":"1811708","fromID":"1386603","toID":"1386601","formEdgeID":null},{"edgeID":"1811709","fromID":"1386606","toID":"1386605","formEdgeID":null},{"edgeID":"1811710","fromID":"1386607","toID":"1386606","formEdgeID":null},{"edgeID":"1811711","fromID":"1386605","toID":"1386608","formEdgeID":null},{"edgeID":"1811712","fromID":"1386608","toID":"1386604","formEdgeID":null},{"edgeID":"1811713","fromID":"1386611","toID":"1386610","formEdgeID":null},{"edgeID":"1811714","fromID":"1386612","toID":"1386611","formEdgeID":null},{"edgeID":"1811715","fromID":"1386610","toID":"1386613","formEdgeID":null},{"edgeID":"1811716","fromID":"1386613","toID":"1386609","formEdgeID":null},{"edgeID":"1811717","fromID":"1386604","toID":"1386614","formEdgeID":null},{"edgeID":"1811718","fromID":"1386614","toID":"1386596","formEdgeID":null},{"edgeID":"1811719","fromID":"1386597","toID":"1386615","formEdgeID":null},{"edgeID":"1811720","fromID":"1386615","toID":"1386605","formEdgeID":null},{"edgeID":"1811721","fromID":"1386615","toID":"1386616","formEdgeID":null},{"edgeID":"1811722","fromID":"1386616","toID":"1386614","formEdgeID":null},{"edgeID":"1811723","fromID":"1386619","toID":"1386618","formEdgeID":null},{"edgeID":"1811724","fromID":"1386620","toID":"1386619","formEdgeID":null},{"edgeID":"1811725","fromID":"1386618","toID":"1386621","formEdgeID":null},{"edgeID":"1811726","fromID":"1386621","toID":"1386617","formEdgeID":null},{"edgeID":"1811727","fromID":"1386624","toID":"1386623","formEdgeID":null},{"edgeID":"1811728","fromID":"1386625","toID":"1386624","formEdgeID":null},{"edgeID":"1811729","fromID":"1386623","toID":"1386626","formEdgeID":null},{"edgeID":"1811730","fromID":"1386626","toID":"1386622","formEdgeID":null},{"edgeID":"1811731","fromID":"1386629","toID":"1386628","formEdgeID":null},{"edgeID":"1811732","fromID":"1386630","toID":"1386629","formEdgeID":null},{"edgeID":"1811733","fromID":"1386628","toID":"1386631","formEdgeID":null},{"edgeID":"1811734","fromID":"1386631","toID":"1386627","formEdgeID":null},{"edgeID":"1811735","fromID":"1386610","toID":"1386632","formEdgeID":null},{"edgeID":"1811736","fromID":"1386632","toID":"1386618","formEdgeID":null},{"edgeID":"1811737","fromID":"1386622","toID":"1386633","formEdgeID":null},{"edgeID":"1811738","fromID":"1386633","toID":"1386617","formEdgeID":null},{"edgeID":"1811739","fromID":"1386618","toID":"1386634","formEdgeID":null},{"edgeID":"1811740","fromID":"1386634","toID":"1386623","formEdgeID":null},{"edgeID":"1811741","fromID":"1386634","toID":"1386635","formEdgeID":null},{"edgeID":"1811742","fromID":"1386635","toID":"1386633","formEdgeID":null},{"edgeID":"1811743","fromID":"1386627","toID":"1386636","formEdgeID":null},{"edgeID":"1811744","fromID":"1386636","toID":"1386622","formEdgeID":null},{"edgeID":"1811745","fromID":"1386623","toID":"1386637","formEdgeID":null},{"edgeID":"1811746","fromID":"1386637","toID":"1386628","formEdgeID":null},{"edgeID":"1811747","fromID":"1386637","toID":"1386638","formEdgeID":null},{"edgeID":"1811748","fromID":"1386638","toID":"1386636","formEdgeID":null},{"edgeID":"1811749","fromID":"1386641","toID":"1386640","formEdgeID":null},{"edgeID":"1811750","fromID":"1386642","toID":"1386641","formEdgeID":null},{"edgeID":"1811751","fromID":"1386640","toID":"1386643","formEdgeID":null},{"edgeID":"1811752","fromID":"1386643","toID":"1386639","formEdgeID":null},{"edgeID":"1811753","fromID":"1386646","toID":"1386645","formEdgeID":null},{"edgeID":"1811754","fromID":"1386647","toID":"1386646","formEdgeID":null},{"edgeID":"1811755","fromID":"1386645","toID":"1386648","formEdgeID":null},{"edgeID":"1811756","fromID":"1386648","toID":"1386644","formEdgeID":null},{"edgeID":"1811757","fromID":"1386651","toID":"1386650","formEdgeID":null},{"edgeID":"1811758","fromID":"1386652","toID":"1386651","formEdgeID":null},{"edgeID":"1811759","fromID":"1386650","toID":"1386653","formEdgeID":null},{"edgeID":"1811760","fromID":"1386653","toID":"1386649","formEdgeID":null},{"edgeID":"1811761","fromID":"1386656","toID":"1386655","formEdgeID":null},{"edgeID":"1811762","fromID":"1386657","toID":"1386656","formEdgeID":null},{"edgeID":"1811763","fromID":"1386655","toID":"1386658","formEdgeID":null},{"edgeID":"1811764","fromID":"1386658","toID":"1386654","formEdgeID":null},{"edgeID":"1811765","fromID":"1386645","toID":"1386659","formEdgeID":null},{"edgeID":"1811766","fromID":"1386659","toID":"1386650","formEdgeID":null},{"edgeID":"1811767","fromID":"1386649","toID":"1386660","formEdgeID":null},{"edgeID":"1811768","fromID":"1386660","toID":"1386644","formEdgeID":null},{"edgeID":"1811769","fromID":"1386659","toID":"1386661","formEdgeID":null},{"edgeID":"1811770","fromID":"1386661","toID":"1386660","formEdgeID":null},{"edgeID":"1811771","fromID":"1386628","toID":"1386662","formEdgeID":null},{"edgeID":"1811772","fromID":"1386662","toID":"1386640","formEdgeID":null},{"edgeID":"1811773","fromID":"1386640","toID":"1386663","formEdgeID":null},{"edgeID":"1811774","fromID":"1386663","toID":"1386645","formEdgeID":null},{"edgeID":"1811775","fromID":"1386654","toID":"1386664","formEdgeID":null},{"edgeID":"1811776","fromID":"1386664","toID":"1386528","formEdgeID":null},{"edgeID":"1811777","fromID":"1386529","toID":"1386665","formEdgeID":null},{"edgeID":"1811778","fromID":"1386665","toID":"1386655","formEdgeID":null},{"edgeID":"1811779","fromID":"1386665","toID":"1386666","formEdgeID":null},{"edgeID":"1811780","fromID":"1386666","toID":"1386664","formEdgeID":null},{"edgeID":"1811781","fromID":"1386523","toID":"1386667","formEdgeID":null},{"edgeID":"1811782","fromID":"1386667","toID":"1386577","formEdgeID":null},{"edgeID":"1811783","fromID":"1386524","toID":"1386668","formEdgeID":null},{"edgeID":"1811784","fromID":"1386668","toID":"1386578","formEdgeID":null},{"edgeID":"1811785","fromID":"1386668","toID":"1386669","formEdgeID":null},{"edgeID":"1811786","fromID":"1386669","toID":"1386667","formEdgeID":null},{"edgeID":"1811787","fromID":"1386609","toID":"1386670","formEdgeID":null},{"edgeID":"1811788","fromID":"1386670","toID":"1386518","formEdgeID":null},{"edgeID":"1811789","fromID":"1386519","toID":"1386671","formEdgeID":null},{"edgeID":"1811790","fromID":"1386671","toID":"1386610","formEdgeID":null},{"edgeID":"1811791","fromID":"1386671","toID":"1386672","formEdgeID":null},{"edgeID":"1811792","fromID":"1386672","toID":"1386670","formEdgeID":null}],"locutions":[]}