{"nodes":[{"nodeID":"1387042","text":"it's not really in France's interest to stop the gangs exploiting people","type":"I","timestamp":"2023-11-09 15:03:40"},{"nodeID":"1387043","text":"AudienceMember 20230427QT08: it's not really in France's interest to stop it","type":"L","timestamp":"2023-11-09 15:03:40"},{"nodeID":"1387044","text":"Analysing","type":"YA","timestamp":"2023-11-09 15:03:40"},{"nodeID":"1387045","text":"Lara: AudienceMember 20230427QT08: it's not really in France's interest to stop it","type":"L","timestamp":"2023-11-09 15:03:40"},{"nodeID":"1387046","text":"Asserting","type":"YA","timestamp":"2023-11-09 15:03:40"},{"nodeID":"1387047","text":"the gangs are just moving the problem onto another country","type":"I","timestamp":"2023-11-09 15:03:40"},{"nodeID":"1387048","text":"AudienceMember 20230427QT08: they're just moving the problem onto another country","type":"L","timestamp":"2023-11-09 15:03:40"},{"nodeID":"1387049","text":"Analysing","type":"YA","timestamp":"2023-11-09 15:03:40"},{"nodeID":"1387050","text":"Lara: AudienceMember 20230427QT08: they're just moving the problem onto another country","type":"L","timestamp":"2023-11-09 15:03:40"},{"nodeID":"1387051","text":"Asserting","type":"YA","timestamp":"2023-11-09 15:03:40"},{"nodeID":"1387052","text":"we're not actually tackling the cause","type":"I","timestamp":"2023-11-09 15:03:41"},{"nodeID":"1387053","text":"AudienceMember 20230427QT08: we're not actually tackling the cause","type":"L","timestamp":"2023-11-09 15:03:41"},{"nodeID":"1387054","text":"Analysing","type":"YA","timestamp":"2023-11-09 15:03:41"},{"nodeID":"1387055","text":"Lara: AudienceMember 20230427QT08: we're not actually tackling the cause","type":"L","timestamp":"2023-11-09 15:03:41"},{"nodeID":"1387056","text":"Asserting","type":"YA","timestamp":"2023-11-09 15:03:41"},{"nodeID":"1387057","text":"we hear words from the Conservative Government","type":"I","timestamp":"2023-11-09 15:03:42"},{"nodeID":"1387058","text":"AudienceMember 20230427QT08: we hear words from the Conservative Government","type":"L","timestamp":"2023-11-09 15:03:42"},{"nodeID":"1387059","text":"Analysing","type":"YA","timestamp":"2023-11-09 15:03:42"},{"nodeID":"1387060","text":"Lara: AudienceMember 20230427QT08: we hear words from the Conservative Government","type":"L","timestamp":"2023-11-09 15:03:42"},{"nodeID":"1387061","text":"Asserting","type":"YA","timestamp":"2023-11-09 15:03:42"},{"nodeID":"1387062","text":"we've had 13 years with a Conservative Government","type":"I","timestamp":"2023-11-09 15:03:42"},{"nodeID":"1387063","text":"AudienceMember 20230427QT08: we've had 13 years","type":"L","timestamp":"2023-11-09 15:03:42"},{"nodeID":"1387064","text":"Analysing","type":"YA","timestamp":"2023-11-09 15:03:42"},{"nodeID":"1387065","text":"Lara: AudienceMember 20230427QT08: we've had 13 years","type":"L","timestamp":"2023-11-09 15:03:42"},{"nodeID":"1387066","text":"Asserting","type":"YA","timestamp":"2023-11-09 15:03:42"},{"nodeID":"1387067","text":"we've had Brexit, where we're supposed to take control of our own borders","type":"I","timestamp":"2023-11-09 15:03:43"},{"nodeID":"1387068","text":"AudienceMember 20230427QT08: we've had Brexit, where we're supposed to take control of our own borders","type":"L","timestamp":"2023-11-09 15:03:43"},{"nodeID":"1387069","text":"Analysing","type":"YA","timestamp":"2023-11-09 15:03:43"},{"nodeID":"1387070","text":"Lara: AudienceMember 20230427QT08: we've had Brexit, where we're supposed to take control of our own borders","type":"L","timestamp":"2023-11-09 15:03:43"},{"nodeID":"1387071","text":"Asserting","type":"YA","timestamp":"2023-11-09 15:03:43"},{"nodeID":"1387072","text":"the situation is worse","type":"I","timestamp":"2023-11-09 15:03:43"},{"nodeID":"1387073","text":"AudienceMember 20230427QT08: the situation is worse","type":"L","timestamp":"2023-11-09 15:03:43"},{"nodeID":"1387074","text":"Analysing","type":"YA","timestamp":"2023-11-09 15:03:43"},{"nodeID":"1387075","text":"Lara: AudienceMember 20230427QT08: the situation is worse","type":"L","timestamp":"2023-11-09 15:03:43"},{"nodeID":"1387076","text":"Asserting","type":"YA","timestamp":"2023-11-09 15:03:43"},{"nodeID":"1387077","text":"the situation is getting worse","type":"I","timestamp":"2023-11-09 15:03:44"},{"nodeID":"1387078","text":"AudienceMember 20230427QT08: it's getting worse","type":"L","timestamp":"2023-11-09 15:03:44"},{"nodeID":"1387079","text":"Analysing","type":"YA","timestamp":"2023-11-09 15:03:44"},{"nodeID":"1387080","text":"Lara: AudienceMember 20230427QT08: it's getting worse","type":"L","timestamp":"2023-11-09 15:03:44"},{"nodeID":"1387081","text":"Asserting","type":"YA","timestamp":"2023-11-09 15:03:44"},{"nodeID":"1387082","text":"we're trying to scratch around looking for disused buildings to house these people","type":"I","timestamp":"2023-11-09 15:03:45"},{"nodeID":"1387083","text":"AudienceMember 20230427QT08: we're trying to scratch around looking for disused buildings to house these people","type":"L","timestamp":"2023-11-09 15:03:45"},{"nodeID":"1387084","text":"Analysing","type":"YA","timestamp":"2023-11-09 15:03:45"},{"nodeID":"1387085","text":"Lara: AudienceMember 20230427QT08: we're trying to scratch around looking for disused buildings to house these people","type":"L","timestamp":"2023-11-09 15:03:45"},{"nodeID":"1387086","text":"Asserting","type":"YA","timestamp":"2023-11-09 15:03:45"},{"nodeID":"1387087","text":"the situation needs to start getting better","type":"I","timestamp":"2023-11-09 15:03:45"},{"nodeID":"1387088","text":"AudienceMember 20230427QT08: When's it going to start getting better","type":"L","timestamp":"2023-11-09 15:03:45"},{"nodeID":"1387089","text":"Analysing","type":"YA","timestamp":"2023-11-09 15:03:45"},{"nodeID":"1387090","text":"Lara: AudienceMember 20230427QT08: When's it going to start getting better","type":"L","timestamp":"2023-11-09 15:03:45"},{"nodeID":"1387091","text":"Rhetorical Questioning","type":"YA","timestamp":"2023-11-09 15:03:45"},{"nodeID":"1387092","text":"the Government is pursuing this policy in the belief that it is popular with the electorate","type":"I","timestamp":"2023-11-09 15:03:46"},{"nodeID":"1387093","text":"Fiona Bruce: the Government is pursuing this policy in the belief that it is popular with the electorate","type":"L","timestamp":"2023-11-09 15:03:46"},{"nodeID":"1387094","text":"Analysing","type":"YA","timestamp":"2023-11-09 15:03:46"},{"nodeID":"1387095","text":"Lara: Fiona Bruce: the Government is pursuing this policy in the belief that it is popular with the electorate","type":"L","timestamp":"2023-11-09 15:03:46"},{"nodeID":"1387096","text":"Asserting","type":"YA","timestamp":"2023-11-09 15:03:46"},{"nodeID":"1387097","text":"so far what we've heard is pretty universal criticism of the policy","type":"I","timestamp":"2023-11-09 15:03:46"},{"nodeID":"1387098","text":"Fiona Bruce:  so far what we've heard is pretty universal criticism of it","type":"L","timestamp":"2023-11-09 15:03:46"},{"nodeID":"1387099","text":"Analysing","type":"YA","timestamp":"2023-11-09 15:03:46"},{"nodeID":"1387100","text":"Lara: Fiona Bruce:  so far what we've heard is pretty universal criticism of it","type":"L","timestamp":"2023-11-09 15:03:46"},{"nodeID":"1387101","text":"Asserting","type":"YA","timestamp":"2023-11-09 15:03:46"},{"nodeID":"1387102","text":"most people would support offering a safe haven to people escaping terror and war zones","type":"I","timestamp":"2023-11-09 15:03:47"},{"nodeID":"1387103","text":"AudienceMember 20230427QT09: most people would support offering a safe haven to people escaping terror and war zones","type":"L","timestamp":"2023-11-09 15:03:47"},{"nodeID":"1387104","text":"Analysing","type":"YA","timestamp":"2023-11-09 15:03:47"},{"nodeID":"1387105","text":"Lara: AudienceMember 20230427QT09: most people would support offering a safe haven to people escaping terror and war zones","type":"L","timestamp":"2023-11-09 15:03:47"},{"nodeID":"1387106","text":"Asserting","type":"YA","timestamp":"2023-11-09 15:03:47"},{"nodeID":"1387107","text":"part of the problem is  the ability to filter people","type":"I","timestamp":"2023-11-09 15:03:48"},{"nodeID":"1387108","text":"AudienceMember 20230427QT09: Isn't part of the problem the ability to filter people","type":"L","timestamp":"2023-11-09 15:03:48"},{"nodeID":"1387109","text":"Analysing","type":"YA","timestamp":"2023-11-09 15:03:48"},{"nodeID":"1387110","text":"Lara: AudienceMember 20230427QT09: Isn't part of the problem the ability to filter people","type":"L","timestamp":"2023-11-09 15:03:48"},{"nodeID":"1387111","text":"Rhetorical Questioning","type":"YA","timestamp":"2023-11-09 15:03:48"},{"nodeID":"1387112","text":"the processing personnel have been reduced by about 40 per cent","type":"I","timestamp":"2023-11-09 15:03:48"},{"nodeID":"1387113","text":"AudienceMember 20230427QT09: the processing personnel have been reduced by about 40 per cent","type":"L","timestamp":"2023-11-09 15:03:48"},{"nodeID":"1387114","text":"Analysing","type":"YA","timestamp":"2023-11-09 15:03:48"},{"nodeID":"1387115","text":"Lara: AudienceMember 20230427QT09: the processing personnel have been reduced by about 40 per cent","type":"L","timestamp":"2023-11-09 15:03:48"},{"nodeID":"1387116","text":"Asserting","type":"YA","timestamp":"2023-11-09 15:03:48"},{"nodeID":"1387117","text":"there is a log jam","type":"I","timestamp":"2023-11-09 15:03:49"},{"nodeID":"1387118","text":"AudienceMember 20230427QT09: which is causing a log jam","type":"L","timestamp":"2023-11-09 15:03:49"},{"nodeID":"1387119","text":"Analysing","type":"YA","timestamp":"2023-11-09 15:03:49"},{"nodeID":"1387120","text":"Lara: AudienceMember 20230427QT09: which is causing a log jam","type":"L","timestamp":"2023-11-09 15:03:49"},{"nodeID":"1387121","text":"Asserting","type":"YA","timestamp":"2023-11-09 15:03:49"},{"nodeID":"1387122","text":"Default Transition","type":"TA","timestamp":"2023-11-09 15:03:49"},{"nodeID":"1387123","text":"Default Inference","type":"RA","timestamp":"2023-11-09 15:03:49"},{"nodeID":"1387124","text":"Arguing","type":"YA","timestamp":"2023-11-09 15:03:49"},{"nodeID":"1387125","text":"Default Transition","type":"TA","timestamp":"2023-11-09 15:03:49"},{"nodeID":"1387126","text":"Default Transition","type":"TA","timestamp":"2023-11-09 15:03:49"},{"nodeID":"1387127","text":"Default Transition","type":"TA","timestamp":"2023-11-09 15:03:49"},{"nodeID":"1387128","text":"Default Conflict","type":"CA","timestamp":"2023-11-09 15:03:49"},{"nodeID":"1387129","text":"Disagreeing","type":"YA","timestamp":"2023-11-09 15:03:49"},{"nodeID":"1387130","text":"Default Transition","type":"TA","timestamp":"2023-11-09 15:03:49"},{"nodeID":"1387131","text":"Default Rephrase","type":"MA","timestamp":"2023-11-09 15:03:49"},{"nodeID":"1387132","text":"Restating","type":"YA","timestamp":"2023-11-09 15:03:49"},{"nodeID":"1387133","text":"Default Transition","type":"TA","timestamp":"2023-11-09 15:03:49"},{"nodeID":"1387134","text":"Default Transition","type":"TA","timestamp":"2023-11-09 15:03:49"},{"nodeID":"1387135","text":"Default Rephrase","type":"MA","timestamp":"2023-11-09 15:03:49"},{"nodeID":"1387136","text":"Restating","type":"YA","timestamp":"2023-11-09 15:03:49"},{"nodeID":"1387137","text":"Default Transition","type":"TA","timestamp":"2023-11-09 15:03:49"},{"nodeID":"1387138","text":"Default Transition","type":"TA","timestamp":"2023-11-09 15:03:49"},{"nodeID":"1387139","text":"Default Conflict","type":"CA","timestamp":"2023-11-09 15:03:49"},{"nodeID":"1387140","text":"Disagreeing","type":"YA","timestamp":"2023-11-09 15:03:49"},{"nodeID":"1387141","text":"Default Transition","type":"TA","timestamp":"2023-11-09 15:03:49"},{"nodeID":"1387142","text":"Default Transition","type":"TA","timestamp":"2023-11-09 15:03:49"},{"nodeID":"1387143","text":"Default Transition","type":"TA","timestamp":"2023-11-09 15:03:49"},{"nodeID":"1387144","text":"Default Inference","type":"RA","timestamp":"2023-11-09 15:03:49"},{"nodeID":"1387145","text":"Arguing","type":"YA","timestamp":"2023-11-09 15:03:49"},{"nodeID":"1387146","text":"Default Transition","type":"TA","timestamp":"2023-11-09 15:03:49"},{"nodeID":"1387147","text":"Default Inference","type":"RA","timestamp":"2023-11-09 15:03:49"},{"nodeID":"1387148","text":"Arguing","type":"YA","timestamp":"2023-11-09 15:03:49"},{"nodeID":"1387149","text":"nothing is happening","type":"I","timestamp":"2023-11-09 15:03:50"},{"nodeID":"1387150","text":"AudienceMember 20230427QT08: nothing","type":"L","timestamp":"2023-11-09 15:03:50"},{"nodeID":"1387151","text":"Analysing","type":"YA","timestamp":"2023-11-09 15:03:50"},{"nodeID":"1387152","text":"Lara: AudienceMember 20230427QT08: nothing","type":"L","timestamp":"2023-11-09 15:03:50"},{"nodeID":"1387153","text":"Asserting","type":"YA","timestamp":"2023-11-09 15:03:50"},{"nodeID":"1387154","text":"Default Transition","type":"TA","timestamp":"2023-11-09 15:03:50"},{"nodeID":"1387155","text":"Default Conflict","type":"CA","timestamp":"2023-11-09 15:03:50"},{"nodeID":"1387156","text":"Disagreeing","type":"YA","timestamp":"2023-11-09 15:03:50"},{"nodeID":"1387157","text":"Default Transition","type":"TA","timestamp":"2023-11-09 15:03:50"},{"nodeID":"1387158","text":"Default Rephrase","type":"MA","timestamp":"2023-11-09 15:03:50"},{"nodeID":"1387159","text":"Restating","type":"YA","timestamp":"2023-11-09 15:03:50"},{"nodeID":"1387160","text":"Default Transition","type":"TA","timestamp":"2023-11-09 15:03:50"},{"nodeID":"1387161","text":"Default Inference","type":"RA","timestamp":"2023-11-09 15:03:50"},{"nodeID":"1387162","text":"Arguing","type":"YA","timestamp":"2023-11-09 15:03:50"}],"edges":[{"edgeID":"1812239","fromID":"1387044","toID":"1387043","formEdgeID":null},{"edgeID":"1812240","fromID":"1387045","toID":"1387044","formEdgeID":null},{"edgeID":"1812241","fromID":"1387043","toID":"1387046","formEdgeID":null},{"edgeID":"1812242","fromID":"1387046","toID":"1387042","formEdgeID":null},{"edgeID":"1812243","fromID":"1387049","toID":"1387048","formEdgeID":null},{"edgeID":"1812244","fromID":"1387050","toID":"1387049","formEdgeID":null},{"edgeID":"1812245","fromID":"1387048","toID":"1387051","formEdgeID":null},{"edgeID":"1812246","fromID":"1387051","toID":"1387047","formEdgeID":null},{"edgeID":"1812247","fromID":"1387054","toID":"1387053","formEdgeID":null},{"edgeID":"1812248","fromID":"1387055","toID":"1387054","formEdgeID":null},{"edgeID":"1812249","fromID":"1387053","toID":"1387056","formEdgeID":null},{"edgeID":"1812250","fromID":"1387056","toID":"1387052","formEdgeID":null},{"edgeID":"1812251","fromID":"1387059","toID":"1387058","formEdgeID":null},{"edgeID":"1812252","fromID":"1387060","toID":"1387059","formEdgeID":null},{"edgeID":"1812253","fromID":"1387058","toID":"1387061","formEdgeID":null},{"edgeID":"1812254","fromID":"1387061","toID":"1387057","formEdgeID":null},{"edgeID":"1812255","fromID":"1387064","toID":"1387063","formEdgeID":null},{"edgeID":"1812256","fromID":"1387065","toID":"1387064","formEdgeID":null},{"edgeID":"1812257","fromID":"1387063","toID":"1387066","formEdgeID":null},{"edgeID":"1812258","fromID":"1387066","toID":"1387062","formEdgeID":null},{"edgeID":"1812259","fromID":"1387069","toID":"1387068","formEdgeID":null},{"edgeID":"1812260","fromID":"1387070","toID":"1387069","formEdgeID":null},{"edgeID":"1812261","fromID":"1387068","toID":"1387071","formEdgeID":null},{"edgeID":"1812262","fromID":"1387071","toID":"1387067","formEdgeID":null},{"edgeID":"1812263","fromID":"1387074","toID":"1387073","formEdgeID":null},{"edgeID":"1812264","fromID":"1387075","toID":"1387074","formEdgeID":null},{"edgeID":"1812265","fromID":"1387073","toID":"1387076","formEdgeID":null},{"edgeID":"1812266","fromID":"1387076","toID":"1387072","formEdgeID":null},{"edgeID":"1812267","fromID":"1387079","toID":"1387078","formEdgeID":null},{"edgeID":"1812268","fromID":"1387080","toID":"1387079","formEdgeID":null},{"edgeID":"1812269","fromID":"1387078","toID":"1387081","formEdgeID":null},{"edgeID":"1812270","fromID":"1387081","toID":"1387077","formEdgeID":null},{"edgeID":"1812271","fromID":"1387084","toID":"1387083","formEdgeID":null},{"edgeID":"1812272","fromID":"1387085","toID":"1387084","formEdgeID":null},{"edgeID":"1812273","fromID":"1387083","toID":"1387086","formEdgeID":null},{"edgeID":"1812274","fromID":"1387086","toID":"1387082","formEdgeID":null},{"edgeID":"1812275","fromID":"1387089","toID":"1387088","formEdgeID":null},{"edgeID":"1812276","fromID":"1387090","toID":"1387089","formEdgeID":null},{"edgeID":"1812277","fromID":"1387088","toID":"1387091","formEdgeID":null},{"edgeID":"1812278","fromID":"1387091","toID":"1387087","formEdgeID":null},{"edgeID":"1812279","fromID":"1387094","toID":"1387093","formEdgeID":null},{"edgeID":"1812280","fromID":"1387095","toID":"1387094","formEdgeID":null},{"edgeID":"1812281","fromID":"1387093","toID":"1387096","formEdgeID":null},{"edgeID":"1812282","fromID":"1387096","toID":"1387092","formEdgeID":null},{"edgeID":"1812283","fromID":"1387099","toID":"1387098","formEdgeID":null},{"edgeID":"1812284","fromID":"1387100","toID":"1387099","formEdgeID":null},{"edgeID":"1812285","fromID":"1387098","toID":"1387101","formEdgeID":null},{"edgeID":"1812286","fromID":"1387101","toID":"1387097","formEdgeID":null},{"edgeID":"1812287","fromID":"1387104","toID":"1387103","formEdgeID":null},{"edgeID":"1812288","fromID":"1387105","toID":"1387104","formEdgeID":null},{"edgeID":"1812289","fromID":"1387103","toID":"1387106","formEdgeID":null},{"edgeID":"1812290","fromID":"1387106","toID":"1387102","formEdgeID":null},{"edgeID":"1812291","fromID":"1387109","toID":"1387108","formEdgeID":null},{"edgeID":"1812292","fromID":"1387110","toID":"1387109","formEdgeID":null},{"edgeID":"1812293","fromID":"1387108","toID":"1387111","formEdgeID":null},{"edgeID":"1812294","fromID":"1387111","toID":"1387107","formEdgeID":null},{"edgeID":"1812295","fromID":"1387114","toID":"1387113","formEdgeID":null},{"edgeID":"1812296","fromID":"1387115","toID":"1387114","formEdgeID":null},{"edgeID":"1812297","fromID":"1387113","toID":"1387116","formEdgeID":null},{"edgeID":"1812298","fromID":"1387116","toID":"1387112","formEdgeID":null},{"edgeID":"1812299","fromID":"1387119","toID":"1387118","formEdgeID":null},{"edgeID":"1812300","fromID":"1387120","toID":"1387119","formEdgeID":null},{"edgeID":"1812301","fromID":"1387118","toID":"1387121","formEdgeID":null},{"edgeID":"1812302","fromID":"1387121","toID":"1387117","formEdgeID":null},{"edgeID":"1812303","fromID":"1387043","toID":"1387122","formEdgeID":null},{"edgeID":"1812304","fromID":"1387122","toID":"1387048","formEdgeID":null},{"edgeID":"1812305","fromID":"1387047","toID":"1387123","formEdgeID":null},{"edgeID":"1812306","fromID":"1387123","toID":"1387042","formEdgeID":null},{"edgeID":"1812307","fromID":"1387122","toID":"1387124","formEdgeID":null},{"edgeID":"1812308","fromID":"1387124","toID":"1387123","formEdgeID":null},{"edgeID":"1812309","fromID":"1387048","toID":"1387125","formEdgeID":null},{"edgeID":"1812310","fromID":"1387125","toID":"1387053","formEdgeID":null},{"edgeID":"1812311","fromID":"1387063","toID":"1387126","formEdgeID":null},{"edgeID":"1812312","fromID":"1387126","toID":"1387068","formEdgeID":null},{"edgeID":"1812313","fromID":"1387068","toID":"1387127","formEdgeID":null},{"edgeID":"1812314","fromID":"1387127","toID":"1387073","formEdgeID":null},{"edgeID":"1812315","fromID":"1387072","toID":"1387128","formEdgeID":null},{"edgeID":"1812316","fromID":"1387128","toID":"1387067","formEdgeID":null},{"edgeID":"1812317","fromID":"1387127","toID":"1387129","formEdgeID":null},{"edgeID":"1812318","fromID":"1387129","toID":"1387128","formEdgeID":null},{"edgeID":"1812319","fromID":"1387073","toID":"1387130","formEdgeID":null},{"edgeID":"1812320","fromID":"1387130","toID":"1387078","formEdgeID":null},{"edgeID":"1812321","fromID":"1387077","toID":"1387131","formEdgeID":null},{"edgeID":"1812322","fromID":"1387131","toID":"1387072","formEdgeID":null},{"edgeID":"1812323","fromID":"1387130","toID":"1387132","formEdgeID":null},{"edgeID":"1812324","fromID":"1387132","toID":"1387131","formEdgeID":null},{"edgeID":"1812325","fromID":"1387078","toID":"1387133","formEdgeID":null},{"edgeID":"1812326","fromID":"1387133","toID":"1387083","formEdgeID":null},{"edgeID":"1812327","fromID":"1387078","toID":"1387134","formEdgeID":null},{"edgeID":"1812328","fromID":"1387134","toID":"1387088","formEdgeID":null},{"edgeID":"1812329","fromID":"1387087","toID":"1387135","formEdgeID":null},{"edgeID":"1812330","fromID":"1387135","toID":"1387077","formEdgeID":null},{"edgeID":"1812331","fromID":"1387134","toID":"1387136","formEdgeID":null},{"edgeID":"1812332","fromID":"1387136","toID":"1387135","formEdgeID":null},{"edgeID":"1812333","fromID":"1387088","toID":"1387137","formEdgeID":null},{"edgeID":"1812334","fromID":"1387137","toID":"1387093","formEdgeID":null},{"edgeID":"1812335","fromID":"1387093","toID":"1387138","formEdgeID":null},{"edgeID":"1812336","fromID":"1387138","toID":"1387098","formEdgeID":null},{"edgeID":"1812337","fromID":"1387097","toID":"1387139","formEdgeID":null},{"edgeID":"1812338","fromID":"1387139","toID":"1387092","formEdgeID":null},{"edgeID":"1812339","fromID":"1387138","toID":"1387140","formEdgeID":null},{"edgeID":"1812340","fromID":"1387140","toID":"1387139","formEdgeID":null},{"edgeID":"1812341","fromID":"1387098","toID":"1387141","formEdgeID":null},{"edgeID":"1812342","fromID":"1387141","toID":"1387103","formEdgeID":null},{"edgeID":"1812343","fromID":"1387103","toID":"1387142","formEdgeID":null},{"edgeID":"1812344","fromID":"1387142","toID":"1387108","formEdgeID":null},{"edgeID":"1812345","fromID":"1387113","toID":"1387143","formEdgeID":null},{"edgeID":"1812346","fromID":"1387143","toID":"1387118","formEdgeID":null},{"edgeID":"1812347","fromID":"1387112","toID":"1387144","formEdgeID":null},{"edgeID":"1812348","fromID":"1387144","toID":"1387117","formEdgeID":null},{"edgeID":"1812349","fromID":"1387143","toID":"1387145","formEdgeID":null},{"edgeID":"1812350","fromID":"1387145","toID":"1387144","formEdgeID":null},{"edgeID":"1812351","fromID":"1387108","toID":"1387146","formEdgeID":null},{"edgeID":"1812352","fromID":"1387146","toID":"1387113","formEdgeID":null},{"edgeID":"1812353","fromID":"1387112","toID":"1387147","formEdgeID":null},{"edgeID":"1812354","fromID":"1387147","toID":"1387107","formEdgeID":null},{"edgeID":"1812355","fromID":"1387146","toID":"1387148","formEdgeID":null},{"edgeID":"1812356","fromID":"1387148","toID":"1387147","formEdgeID":null},{"edgeID":"1812357","fromID":"1387151","toID":"1387150","formEdgeID":null},{"edgeID":"1812358","fromID":"1387152","toID":"1387151","formEdgeID":null},{"edgeID":"1812359","fromID":"1387150","toID":"1387153","formEdgeID":null},{"edgeID":"1812360","fromID":"1387153","toID":"1387149","formEdgeID":null},{"edgeID":"1812361","fromID":"1387058","toID":"1387154","formEdgeID":null},{"edgeID":"1812362","fromID":"1387154","toID":"1387150","formEdgeID":null},{"edgeID":"1812363","fromID":"1387149","toID":"1387155","formEdgeID":null},{"edgeID":"1812364","fromID":"1387155","toID":"1387057","formEdgeID":null},{"edgeID":"1812365","fromID":"1387154","toID":"1387156","formEdgeID":null},{"edgeID":"1812366","fromID":"1387156","toID":"1387155","formEdgeID":null},{"edgeID":"1812367","fromID":"1387053","toID":"1387157","formEdgeID":null},{"edgeID":"1812368","fromID":"1387157","toID":"1387150","formEdgeID":null},{"edgeID":"1812369","fromID":"1387149","toID":"1387158","formEdgeID":null},{"edgeID":"1812370","fromID":"1387158","toID":"1387052","formEdgeID":null},{"edgeID":"1812371","fromID":"1387157","toID":"1387159","formEdgeID":null},{"edgeID":"1812372","fromID":"1387159","toID":"1387158","formEdgeID":null},{"edgeID":"1812373","fromID":"1387150","toID":"1387160","formEdgeID":null},{"edgeID":"1812374","fromID":"1387160","toID":"1387063","formEdgeID":null},{"edgeID":"1812375","fromID":"1387082","toID":"1387161","formEdgeID":null},{"edgeID":"1812376","fromID":"1387161","toID":"1387077","formEdgeID":null},{"edgeID":"1812377","fromID":"1387133","toID":"1387162","formEdgeID":null},{"edgeID":"1812378","fromID":"1387162","toID":"1387161","formEdgeID":null}],"locutions":[]}