{"nodes":[{"nodeID":"1391389","text":"locally a target driven environment means that we have to face down sometimes vociferous opposition from people who don't want these houses on their doorstep","type":"I","timestamp":"2023-11-09 15:09:55"},{"nodeID":"1391390","text":"Andrew Murrison: locally it means that we have to face down sometimes vociferous opposition from people who don't want these houses on their doorstep","type":"L","timestamp":"2023-11-09 15:09:55"},{"nodeID":"1391391","text":"Analysing","type":"YA","timestamp":"2023-11-09 15:09:55"},{"nodeID":"1391392","text":"Mascha: Andrew Murrison: locally it means that we have to face down sometimes vociferous opposition from people who don't want these houses on their doorstep","type":"L","timestamp":"2023-11-09 15:09:55"},{"nodeID":"1391393","text":"Asserting","type":"YA","timestamp":"2023-11-09 15:09:55"},{"nodeID":"1391394","text":"you go around my constituency and 650 up and down this country, you'll see building going on right now","type":"I","timestamp":"2023-11-09 15:09:55"},{"nodeID":"1391395","text":"Andrew Murrison: you go around my constituency and 650 up and down this country, you'll see building going on right now","type":"L","timestamp":"2023-11-09 15:09:55"},{"nodeID":"1391396","text":"Analysing","type":"YA","timestamp":"2023-11-09 15:09:55"},{"nodeID":"1391397","text":"Mascha: Andrew Murrison: you go around my constituency and 650 up and down this country, you'll see building going on right now","type":"L","timestamp":"2023-11-09 15:09:55"},{"nodeID":"1391398","text":"Asserting","type":"YA","timestamp":"2023-11-09 15:09:55"},{"nodeID":"1391399","text":"Default Transition","type":"TA","timestamp":"2023-11-09 15:09:55"},{"nodeID":"1391400","text":"the building of houses is not going fast enough","type":"I","timestamp":"2023-11-09 15:09:56"},{"nodeID":"1391401","text":"Andrew Murrison: it's not fast enough","type":"L","timestamp":"2023-11-09 15:09:56"},{"nodeID":"1391402","text":"Analysing","type":"YA","timestamp":"2023-11-09 15:09:56"},{"nodeID":"1391403","text":"Mascha: Andrew Murrison: it's not fast enough","type":"L","timestamp":"2023-11-09 15:09:56"},{"nodeID":"1391404","text":"Asserting","type":"YA","timestamp":"2023-11-09 15:09:56"},{"nodeID":"1391405","text":"Default Transition","type":"TA","timestamp":"2023-11-09 15:09:56"},{"nodeID":"1391406","text":"Default Conflict","type":"CA","timestamp":"2023-11-09 15:09:56"},{"nodeID":"1391407","text":"Disagreeing","type":"YA","timestamp":"2023-11-09 15:09:56"},{"nodeID":"1391408","text":"Default Inference","type":"RA","timestamp":"2023-11-09 15:09:56"},{"nodeID":"1391409","text":"Default Transition","type":"TA","timestamp":"2023-11-09 15:09:56"},{"nodeID":"1391410","text":"Arguing","type":"YA","timestamp":"2023-11-09 15:09:56"},{"nodeID":"1391411","text":"the Government's dropped the compulsory targets now","type":"I","timestamp":"2023-11-09 15:09:56"},{"nodeID":"1391412","text":"Fiona Bruce:  the Government's dropped the compulsory targets now","type":"L","timestamp":"2023-11-09 15:09:56"},{"nodeID":"1391413","text":"Analysing","type":"YA","timestamp":"2023-11-09 15:09:56"},{"nodeID":"1391414","text":"Mascha: Fiona Bruce:  the Government's dropped the compulsory targets now","type":"L","timestamp":"2023-11-09 15:09:56"},{"nodeID":"1391415","text":"Asserting","type":"YA","timestamp":"2023-11-09 15:09:56"},{"nodeID":"1391416","text":"Default Transition","type":"TA","timestamp":"2023-11-09 15:09:56"},{"nodeID":"1391417","text":"part of why building houses is not going fast enough is the way that landowners and developers are gaming the system","type":"I","timestamp":"2023-11-09 15:09:57"},{"nodeID":"1391418","text":"Andrew Murrison:  Part of it is the way that landowners and developers are gaining the system","type":"L","timestamp":"2023-11-09 15:09:57"},{"nodeID":"1391419","text":"Analysing","type":"YA","timestamp":"2023-11-09 15:09:57"},{"nodeID":"1391420","text":"Mascha: Andrew Murrison:  Part of it is the way that landowners and developers are gaining the system","type":"L","timestamp":"2023-11-09 15:09:57"},{"nodeID":"1391421","text":"Asserting","type":"YA","timestamp":"2023-11-09 15:09:57"},{"nodeID":"1391422","text":"Default Inference","type":"RA","timestamp":"2023-11-09 15:09:57"},{"nodeID":"1391423","text":"Default Transition","type":"TA","timestamp":"2023-11-09 15:09:57"},{"nodeID":"1391424","text":"Arguing","type":"YA","timestamp":"2023-11-09 15:09:57"},{"nodeID":"1391425","text":"landowners and developers gaming the system is a great unspoken problem with building houses","type":"I","timestamp":"2023-11-09 15:09:58"},{"nodeID":"1391426","text":"Andrew Murrison:  that's a great unspoken problem with this","type":"L","timestamp":"2023-11-09 15:09:58"},{"nodeID":"1391427","text":"Analysing","type":"YA","timestamp":"2023-11-09 15:09:58"},{"nodeID":"1391428","text":"Mascha: Andrew Murrison:  that's a great unspoken problem with this","type":"L","timestamp":"2023-11-09 15:09:58"},{"nodeID":"1391429","text":"Asserting","type":"YA","timestamp":"2023-11-09 15:09:58"},{"nodeID":"1391430","text":"Default Transition","type":"TA","timestamp":"2023-11-09 15:09:58"},{"nodeID":"1391431","text":"Default Rephrase","type":"MA","timestamp":"2023-11-09 15:09:58"},{"nodeID":"1391432","text":"Restating","type":"YA","timestamp":"2023-11-09 15:09:58"},{"nodeID":"1391433","text":"we need to deal with landowners and developers gaming the system","type":"I","timestamp":"2023-11-09 15:09:58"},{"nodeID":"1391434","text":"Andrew Murrison: We need to deal with that","type":"L","timestamp":"2023-11-09 15:09:58"},{"nodeID":"1391435","text":"Analysing","type":"YA","timestamp":"2023-11-09 15:09:58"},{"nodeID":"1391436","text":"Mascha: Andrew Murrison: We need to deal with that","type":"L","timestamp":"2023-11-09 15:09:58"},{"nodeID":"1391437","text":"Asserting","type":"YA","timestamp":"2023-11-09 15:09:58"},{"nodeID":"1391438","text":"Default Transition","type":"TA","timestamp":"2023-11-09 15:09:58"},{"nodeID":"1391439","text":"Andrew Murrison accepts the we need to deal with landowners and developers gaming the system","type":"I","timestamp":"2023-11-09 15:09:59"},{"nodeID":"1391440","text":"Andrew Murrison: I accept it","type":"L","timestamp":"2023-11-09 15:09:59"},{"nodeID":"1391441","text":"Analysing","type":"YA","timestamp":"2023-11-09 15:09:59"},{"nodeID":"1391442","text":"Mascha: Andrew Murrison: I accept it","type":"L","timestamp":"2023-11-09 15:09:59"},{"nodeID":"1391443","text":"Asserting","type":"YA","timestamp":"2023-11-09 15:09:59"},{"nodeID":"1391444","text":"Default Transition","type":"TA","timestamp":"2023-11-09 15:09:59"},{"nodeID":"1391445","text":"Default Rephrase","type":"MA","timestamp":"2023-11-09 15:09:59"},{"nodeID":"1391446","text":"Restating","type":"YA","timestamp":"2023-11-09 15:09:59"},{"nodeID":"1391447","text":"the question of whether or not AudienceMember20230427QT16 will ever be able to afford a house is a fair challenge","type":"I","timestamp":"2023-11-09 15:10:00"},{"nodeID":"1391448","text":"Andrew Murrison: It's a fair challenge","type":"L","timestamp":"2023-11-09 15:10:00"},{"nodeID":"1391449","text":"Analysing","type":"YA","timestamp":"2023-11-09 15:10:00"},{"nodeID":"1391450","text":"Mascha: Andrew Murrison: It's a fair challenge","type":"L","timestamp":"2023-11-09 15:10:00"},{"nodeID":"1391451","text":"Asserting","type":"YA","timestamp":"2023-11-09 15:10:00"},{"nodeID":"1391452","text":"Default Transition","type":"TA","timestamp":"2023-11-09 15:10:00"},{"nodeID":"1391453","text":"each one of us political politicians, each one of our parties running up to the next general election are going to have to have something that's going to convince AudienceMember20230427QT16  to vote for us","type":"I","timestamp":"2023-11-09 15:10:00"},{"nodeID":"1391454","text":"Andrew Murrison: each one of us political politicians, each one of our parties running up to the next general election are going to have to have something that's going to convince you to vote for us","type":"L","timestamp":"2023-11-09 15:10:00"},{"nodeID":"1391455","text":"Analysing","type":"YA","timestamp":"2023-11-09 15:10:00"},{"nodeID":"1391456","text":"Mascha: Andrew Murrison: each one of us political politicians, each one of our parties running up to the next general election are going to have to have something that's going to convince you to vote for us","type":"L","timestamp":"2023-11-09 15:10:00"},{"nodeID":"1391457","text":"Asserting","type":"YA","timestamp":"2023-11-09 15:10:00"},{"nodeID":"1391458","text":"Default Transition","type":"TA","timestamp":"2023-11-09 15:10:00"},{"nodeID":"1391459","text":"we have not convinced AudienceMember20230427QT16 to vote for us yet","type":"I","timestamp":"2023-11-09 15:10:01"},{"nodeID":"1391460","text":"Andrew Murrison: we're not there yet","type":"L","timestamp":"2023-11-09 15:10:01"},{"nodeID":"1391461","text":"Analysing","type":"YA","timestamp":"2023-11-09 15:10:01"},{"nodeID":"1391462","text":"Mascha: Andrew Murrison: we're not there yet","type":"L","timestamp":"2023-11-09 15:10:01"},{"nodeID":"1391463","text":"Asserting","type":"YA","timestamp":"2023-11-09 15:10:01"},{"nodeID":"1391464","text":"Default Transition","type":"TA","timestamp":"2023-11-09 15:10:01"},{"nodeID":"1391465","text":"Default Rephrase","type":"MA","timestamp":"2023-11-09 15:10:01"},{"nodeID":"1391466","text":"Restating","type":"YA","timestamp":"2023-11-09 15:10:01"},{"nodeID":"1391467","text":"AudienceMember20230427QT16's aspirations are the right ones","type":"I","timestamp":"2023-11-09 15:10:02"},{"nodeID":"1391468","text":"Andrew Murrison:  your aspirations are the right one","type":"L","timestamp":"2023-11-09 15:10:02"},{"nodeID":"1391469","text":"Analysing","type":"YA","timestamp":"2023-11-09 15:10:02"},{"nodeID":"1391470","text":"Mascha: Andrew Murrison:  your aspirations are the right one","type":"L","timestamp":"2023-11-09 15:10:02"},{"nodeID":"1391471","text":"Asserting","type":"YA","timestamp":"2023-11-09 15:10:02"},{"nodeID":"1391472","text":"Default Transition","type":"TA","timestamp":"2023-11-09 15:10:02"},{"nodeID":"1391473","text":"Andrew Murrison wants AudienceMember20230427QT16  to own their home","type":"I","timestamp":"2023-11-09 15:10:02"},{"nodeID":"1391474","text":"Andrew Murrison:  I want you to own your home","type":"L","timestamp":"2023-11-09 15:10:02"},{"nodeID":"1391475","text":"Analysing","type":"YA","timestamp":"2023-11-09 15:10:02"},{"nodeID":"1391476","text":"Mascha: Andrew Murrison:  I want you to own your home","type":"L","timestamp":"2023-11-09 15:10:02"},{"nodeID":"1391477","text":"Asserting","type":"YA","timestamp":"2023-11-09 15:10:02"},{"nodeID":"1391478","text":"Default Transition","type":"TA","timestamp":"2023-11-09 15:10:02"},{"nodeID":"1391479","text":"Andrew Murrison is confident AudienceMember20230427QT16  will own their home","type":"I","timestamp":"2023-11-09 15:10:03"},{"nodeID":"1391480","text":"Andrew Murrison:  I'm confident you will","type":"L","timestamp":"2023-11-09 15:10:03"},{"nodeID":"1391481","text":"Analysing","type":"YA","timestamp":"2023-11-09 15:10:03"},{"nodeID":"1391482","text":"Mascha: Andrew Murrison:  I'm confident you will","type":"L","timestamp":"2023-11-09 15:10:03"},{"nodeID":"1391483","text":"Asserting","type":"YA","timestamp":"2023-11-09 15:10:03"},{"nodeID":"1391484","text":"Default Transition","type":"TA","timestamp":"2023-11-09 15:10:03"},{"nodeID":"1391485","text":"Default Rephrase","type":"MA","timestamp":"2023-11-09 15:10:03"},{"nodeID":"1391486","text":"Restating","type":"YA","timestamp":"2023-11-09 15:10:03"},{"nodeID":"1391487","text":"AudienceMember20230427QT16 is or is not confident that they will own a house","type":"I","timestamp":"2023-11-09 15:10:04"},{"nodeID":"1391488","text":"Fiona Bruce: from what you've heard are you confident that you will","type":"L","timestamp":"2023-11-09 15:10:04"},{"nodeID":"1391489","text":"Analysing","type":"YA","timestamp":"2023-11-09 15:10:04"},{"nodeID":"1391490","text":"Mascha: Fiona Bruce: from what you've heard are you confident that you will","type":"L","timestamp":"2023-11-09 15:10:04"},{"nodeID":"1391491","text":"Asserting","type":"YA","timestamp":"2023-11-09 15:10:04"},{"nodeID":"1391492","text":"AudienceMember20230427QT25 is not entirely confident that they will find something that works for them","type":"I","timestamp":"2023-11-09 15:10:04"},{"nodeID":"1391493","text":"AudienceMember 20230427QT25:  Not entirely","type":"L","timestamp":"2023-11-09 15:10:04"},{"nodeID":"1391494","text":"Analysing","type":"YA","timestamp":"2023-11-09 15:10:04"},{"nodeID":"1391495","text":"Mascha: AudienceMember 20230427QT25:  Not entirely","type":"L","timestamp":"2023-11-09 15:10:04"},{"nodeID":"1391496","text":"Asserting","type":"YA","timestamp":"2023-11-09 15:10:04"},{"nodeID":"1391497","text":"Default Transition","type":"TA","timestamp":"2023-11-09 15:10:04"},{"nodeID":"1391498","text":"Default Rephrase","type":"MA","timestamp":"2023-11-09 15:10:04"},{"nodeID":"1391499","text":"Default Illocuting","type":"YA","timestamp":"2023-11-09 15:10:04"},{"nodeID":"1391500","text":"we've all got a job to do","type":"I","timestamp":"2023-11-09 15:10:05"},{"nodeID":"1391501","text":"Anon: Andrew Murrison: We've all got a job to do","type":"L","timestamp":"2023-11-09 15:10:05"},{"nodeID":"1391502","text":"Analysing","type":"YA","timestamp":"2023-11-09 15:10:05"},{"nodeID":"1391503","text":"Andrew Murrison: We've all got a job to do","type":"L","timestamp":"2023-11-09 15:10:05"},{"nodeID":"1391504","text":"Asserting","type":"YA","timestamp":"2023-11-09 15:10:05"},{"nodeID":"1391505","text":"Default Transition","type":"TA","timestamp":"2023-11-09 15:10:05"},{"nodeID":"1391506","text":"none of the panelists have given AudienceMember20230427QT16 a convincing answer tonight, to find something that's going to work for her","type":"I","timestamp":"2023-11-09 15:10:06"},{"nodeID":"1391507","text":"Anon: Andrew Murrison: I don't suppose any of us have given you a convincing answer tonight, to find something that's going to work for you","type":"L","timestamp":"2023-11-09 15:10:06"},{"nodeID":"1391508","text":"Andrew Murrison: I don't suppose any of us have given you a convincing answer tonight, to find something that's going to work for you","type":"L","timestamp":"2023-11-09 15:10:06"},{"nodeID":"1391509","text":"Analysing","type":"YA","timestamp":"2023-11-09 15:10:06"},{"nodeID":"1391510","text":"Asserting","type":"YA","timestamp":"2023-11-09 15:10:06"},{"nodeID":"1391511","text":"Default Transition","type":"TA","timestamp":"2023-11-09 15:10:06"},{"nodeID":"1391512","text":"Default Transition","type":"TA","timestamp":"2023-11-09 15:10:06"},{"nodeID":"1391513","text":"Default Inference","type":"RA","timestamp":"2023-11-09 15:10:06"},{"nodeID":"1391514","text":"Arguing","type":"YA","timestamp":"2023-11-09 15:10:06"}],"edges":[{"edgeID":"1817419","fromID":"1391391","toID":"1391390","formEdgeID":null},{"edgeID":"1817420","fromID":"1391392","toID":"1391391","formEdgeID":null},{"edgeID":"1817421","fromID":"1391390","toID":"1391393","formEdgeID":null},{"edgeID":"1817422","fromID":"1391393","toID":"1391389","formEdgeID":null},{"edgeID":"1817423","fromID":"1391396","toID":"1391395","formEdgeID":null},{"edgeID":"1817424","fromID":"1391397","toID":"1391396","formEdgeID":null},{"edgeID":"1817425","fromID":"1391395","toID":"1391398","formEdgeID":null},{"edgeID":"1817426","fromID":"1391398","toID":"1391394","formEdgeID":null},{"edgeID":"1817427","fromID":"1391390","toID":"1391399","formEdgeID":null},{"edgeID":"1817428","fromID":"1391399","toID":"1391395","formEdgeID":null},{"edgeID":"1817429","fromID":"1391402","toID":"1391401","formEdgeID":null},{"edgeID":"1817430","fromID":"1391403","toID":"1391402","formEdgeID":null},{"edgeID":"1817431","fromID":"1391401","toID":"1391404","formEdgeID":null},{"edgeID":"1817432","fromID":"1391404","toID":"1391400","formEdgeID":null},{"edgeID":"1817433","fromID":"1391395","toID":"1391405","formEdgeID":null},{"edgeID":"1817434","fromID":"1391405","toID":"1391401","formEdgeID":null},{"edgeID":"1817435","fromID":"1391400","toID":"1391406","formEdgeID":null},{"edgeID":"1817436","fromID":"1391406","toID":"1391394","formEdgeID":null},{"edgeID":"1817437","fromID":"1391405","toID":"1391407","formEdgeID":null},{"edgeID":"1817438","fromID":"1391407","toID":"1391406","formEdgeID":null},{"edgeID":"1817439","fromID":"1391389","toID":"1391408","formEdgeID":null},{"edgeID":"1817440","fromID":"1391408","toID":"1391400","formEdgeID":null},{"edgeID":"1817441","fromID":"1391390","toID":"1391409","formEdgeID":null},{"edgeID":"1817442","fromID":"1391409","toID":"1391401","formEdgeID":null},{"edgeID":"1817443","fromID":"1391409","toID":"1391410","formEdgeID":null},{"edgeID":"1817444","fromID":"1391410","toID":"1391408","formEdgeID":null},{"edgeID":"1817445","fromID":"1391413","toID":"1391412","formEdgeID":null},{"edgeID":"1817446","fromID":"1391414","toID":"1391413","formEdgeID":null},{"edgeID":"1817447","fromID":"1391412","toID":"1391415","formEdgeID":null},{"edgeID":"1817448","fromID":"1391415","toID":"1391411","formEdgeID":null},{"edgeID":"1817449","fromID":"1391401","toID":"1391416","formEdgeID":null},{"edgeID":"1817450","fromID":"1391416","toID":"1391412","formEdgeID":null},{"edgeID":"1817451","fromID":"1391419","toID":"1391418","formEdgeID":null},{"edgeID":"1817452","fromID":"1391420","toID":"1391419","formEdgeID":null},{"edgeID":"1817453","fromID":"1391418","toID":"1391421","formEdgeID":null},{"edgeID":"1817454","fromID":"1391421","toID":"1391417","formEdgeID":null},{"edgeID":"1817455","fromID":"1391417","toID":"1391422","formEdgeID":null},{"edgeID":"1817456","fromID":"1391422","toID":"1391400","formEdgeID":null},{"edgeID":"1817457","fromID":"1391401","toID":"1391423","formEdgeID":null},{"edgeID":"1817458","fromID":"1391423","toID":"1391418","formEdgeID":null},{"edgeID":"1817459","fromID":"1391423","toID":"1391424","formEdgeID":null},{"edgeID":"1817460","fromID":"1391424","toID":"1391422","formEdgeID":null},{"edgeID":"1817461","fromID":"1391427","toID":"1391426","formEdgeID":null},{"edgeID":"1817462","fromID":"1391428","toID":"1391427","formEdgeID":null},{"edgeID":"1817463","fromID":"1391426","toID":"1391429","formEdgeID":null},{"edgeID":"1817464","fromID":"1391429","toID":"1391425","formEdgeID":null},{"edgeID":"1817465","fromID":"1391418","toID":"1391430","formEdgeID":null},{"edgeID":"1817466","fromID":"1391430","toID":"1391426","formEdgeID":null},{"edgeID":"1817467","fromID":"1391425","toID":"1391431","formEdgeID":null},{"edgeID":"1817468","fromID":"1391431","toID":"1391417","formEdgeID":null},{"edgeID":"1817469","fromID":"1391430","toID":"1391432","formEdgeID":null},{"edgeID":"1817470","fromID":"1391432","toID":"1391431","formEdgeID":null},{"edgeID":"1817471","fromID":"1391435","toID":"1391434","formEdgeID":null},{"edgeID":"1817472","fromID":"1391436","toID":"1391435","formEdgeID":null},{"edgeID":"1817473","fromID":"1391434","toID":"1391437","formEdgeID":null},{"edgeID":"1817474","fromID":"1391437","toID":"1391433","formEdgeID":null},{"edgeID":"1817475","fromID":"1391426","toID":"1391438","formEdgeID":null},{"edgeID":"1817476","fromID":"1391438","toID":"1391434","formEdgeID":null},{"edgeID":"1817477","fromID":"1391441","toID":"1391440","formEdgeID":null},{"edgeID":"1817478","fromID":"1391442","toID":"1391441","formEdgeID":null},{"edgeID":"1817479","fromID":"1391440","toID":"1391443","formEdgeID":null},{"edgeID":"1817480","fromID":"1391443","toID":"1391439","formEdgeID":null},{"edgeID":"1817481","fromID":"1391434","toID":"1391444","formEdgeID":null},{"edgeID":"1817482","fromID":"1391444","toID":"1391440","formEdgeID":null},{"edgeID":"1817483","fromID":"1391439","toID":"1391445","formEdgeID":null},{"edgeID":"1817484","fromID":"1391445","toID":"1391433","formEdgeID":null},{"edgeID":"1817485","fromID":"1391444","toID":"1391446","formEdgeID":null},{"edgeID":"1817486","fromID":"1391446","toID":"1391445","formEdgeID":null},{"edgeID":"1817487","fromID":"1391449","toID":"1391448","formEdgeID":null},{"edgeID":"1817488","fromID":"1391450","toID":"1391449","formEdgeID":null},{"edgeID":"1817489","fromID":"1391448","toID":"1391451","formEdgeID":null},{"edgeID":"1817490","fromID":"1391451","toID":"1391447","formEdgeID":null},{"edgeID":"1817491","fromID":"1391440","toID":"1391452","formEdgeID":null},{"edgeID":"1817492","fromID":"1391452","toID":"1391448","formEdgeID":null},{"edgeID":"1817493","fromID":"1391455","toID":"1391454","formEdgeID":null},{"edgeID":"1817494","fromID":"1391456","toID":"1391455","formEdgeID":null},{"edgeID":"1817495","fromID":"1391454","toID":"1391457","formEdgeID":null},{"edgeID":"1817496","fromID":"1391457","toID":"1391453","formEdgeID":null},{"edgeID":"1817497","fromID":"1391448","toID":"1391458","formEdgeID":null},{"edgeID":"1817498","fromID":"1391458","toID":"1391454","formEdgeID":null},{"edgeID":"1817499","fromID":"1391461","toID":"1391460","formEdgeID":null},{"edgeID":"1817500","fromID":"1391462","toID":"1391461","formEdgeID":null},{"edgeID":"1817501","fromID":"1391460","toID":"1391463","formEdgeID":null},{"edgeID":"1817502","fromID":"1391463","toID":"1391459","formEdgeID":null},{"edgeID":"1817503","fromID":"1391454","toID":"1391464","formEdgeID":null},{"edgeID":"1817504","fromID":"1391464","toID":"1391460","formEdgeID":null},{"edgeID":"1817505","fromID":"1391459","toID":"1391465","formEdgeID":null},{"edgeID":"1817506","fromID":"1391465","toID":"1391453","formEdgeID":null},{"edgeID":"1817507","fromID":"1391464","toID":"1391466","formEdgeID":null},{"edgeID":"1817508","fromID":"1391466","toID":"1391465","formEdgeID":null},{"edgeID":"1817509","fromID":"1391469","toID":"1391468","formEdgeID":null},{"edgeID":"1817510","fromID":"1391470","toID":"1391469","formEdgeID":null},{"edgeID":"1817511","fromID":"1391468","toID":"1391471","formEdgeID":null},{"edgeID":"1817512","fromID":"1391471","toID":"1391467","formEdgeID":null},{"edgeID":"1817513","fromID":"1391460","toID":"1391472","formEdgeID":null},{"edgeID":"1817514","fromID":"1391472","toID":"1391468","formEdgeID":null},{"edgeID":"1817515","fromID":"1391475","toID":"1391474","formEdgeID":null},{"edgeID":"1817516","fromID":"1391476","toID":"1391475","formEdgeID":null},{"edgeID":"1817517","fromID":"1391474","toID":"1391477","formEdgeID":null},{"edgeID":"1817518","fromID":"1391477","toID":"1391473","formEdgeID":null},{"edgeID":"1817519","fromID":"1391468","toID":"1391478","formEdgeID":null},{"edgeID":"1817520","fromID":"1391478","toID":"1391474","formEdgeID":null},{"edgeID":"1817521","fromID":"1391481","toID":"1391480","formEdgeID":null},{"edgeID":"1817522","fromID":"1391482","toID":"1391481","formEdgeID":null},{"edgeID":"1817523","fromID":"1391480","toID":"1391483","formEdgeID":null},{"edgeID":"1817524","fromID":"1391483","toID":"1391479","formEdgeID":null},{"edgeID":"1817525","fromID":"1391474","toID":"1391484","formEdgeID":null},{"edgeID":"1817526","fromID":"1391484","toID":"1391480","formEdgeID":null},{"edgeID":"1817527","fromID":"1391479","toID":"1391485","formEdgeID":null},{"edgeID":"1817528","fromID":"1391485","toID":"1391473","formEdgeID":null},{"edgeID":"1817529","fromID":"1391484","toID":"1391486","formEdgeID":null},{"edgeID":"1817530","fromID":"1391486","toID":"1391485","formEdgeID":null},{"edgeID":"1817531","fromID":"1391489","toID":"1391488","formEdgeID":null},{"edgeID":"1817532","fromID":"1391490","toID":"1391489","formEdgeID":null},{"edgeID":"1817533","fromID":"1391488","toID":"1391491","formEdgeID":null},{"edgeID":"1817534","fromID":"1391491","toID":"1391487","formEdgeID":null},{"edgeID":"1817535","fromID":"1391494","toID":"1391493","formEdgeID":null},{"edgeID":"1817536","fromID":"1391495","toID":"1391494","formEdgeID":null},{"edgeID":"1817537","fromID":"1391493","toID":"1391496","formEdgeID":null},{"edgeID":"1817538","fromID":"1391496","toID":"1391492","formEdgeID":null},{"edgeID":"1817539","fromID":"1391488","toID":"1391497","formEdgeID":null},{"edgeID":"1817540","fromID":"1391497","toID":"1391493","formEdgeID":null},{"edgeID":"1817541","fromID":"1391492","toID":"1391498","formEdgeID":null},{"edgeID":"1817542","fromID":"1391498","toID":"1391487","formEdgeID":null},{"edgeID":"1817543","fromID":"1391497","toID":"1391499","formEdgeID":null},{"edgeID":"1817544","fromID":"1391499","toID":"1391498","formEdgeID":null},{"edgeID":"1817545","fromID":"1391501","toID":"1391502","formEdgeID":null},{"edgeID":"1817546","fromID":"1391502","toID":"1391503","formEdgeID":null},{"edgeID":"1817547","fromID":"1391504","toID":"1391500","formEdgeID":null},{"edgeID":"1817548","fromID":"1391503","toID":"1391504","formEdgeID":null},{"edgeID":"1817549","fromID":"1391505","toID":"1391503","formEdgeID":null},{"edgeID":"1817550","fromID":"1391480","toID":"1391505","formEdgeID":null},{"edgeID":"1817551","fromID":"1391509","toID":"1391508","formEdgeID":null},{"edgeID":"1817552","fromID":"1391507","toID":"1391509","formEdgeID":null},{"edgeID":"1817553","fromID":"1391508","toID":"1391510","formEdgeID":null},{"edgeID":"1817554","fromID":"1391510","toID":"1391506","formEdgeID":null},{"edgeID":"1817555","fromID":"1391503","toID":"1391511","formEdgeID":null},{"edgeID":"1817556","fromID":"1391511","toID":"1391508","formEdgeID":null},{"edgeID":"1817557","fromID":"1391508","toID":"1391512","formEdgeID":null},{"edgeID":"1817558","fromID":"1391512","toID":"1391488","formEdgeID":null},{"edgeID":"1817559","fromID":"1391506","toID":"1391513","formEdgeID":null},{"edgeID":"1817560","fromID":"1391513","toID":"1391500","formEdgeID":null},{"edgeID":"1817561","fromID":"1391511","toID":"1391514","formEdgeID":null},{"edgeID":"1817562","fromID":"1391514","toID":"1391513","formEdgeID":null}],"locutions":[]}