{"nodes":[{"nodeID":"1390816","text":"fraud is such a calumny","type":"I","timestamp":"2023-11-09 15:09:04"},{"nodeID":"1390817","text":"Fiona Bruce: fraud is such a calumny","type":"L","timestamp":"2023-11-09 15:09:04"},{"nodeID":"1390818","text":"Analysing","type":"YA","timestamp":"2023-11-09 15:09:04"},{"nodeID":"1390819","text":"Anon: Fiona Bruce: fraud is such a calumny","type":"L","timestamp":"2023-11-09 15:09:04"},{"nodeID":"1390820","text":"Asserting","type":"YA","timestamp":"2023-11-09 15:09:04"},{"nodeID":"1390821","text":"we should be including fraud in the figures","type":"I","timestamp":"2023-11-09 15:09:05"},{"nodeID":"1390822","text":"Fiona Bruce: why are not including it in the figures","type":"L","timestamp":"2023-11-09 15:09:05"},{"nodeID":"1390823","text":"Analysing","type":"YA","timestamp":"2023-11-09 15:09:05"},{"nodeID":"1390824","text":"Anon: Fiona Bruce: why are not including it in the figures","type":"L","timestamp":"2023-11-09 15:09:05"},{"nodeID":"1390825","text":"Assertive Questioning","type":"YA","timestamp":"2023-11-09 15:09:05"},{"nodeID":"1390826","text":"Default Transition","type":"TA","timestamp":"2023-11-09 15:09:05"},{"nodeID":"1390827","text":"Default Inference","type":"RA","timestamp":"2023-11-09 15:09:05"},{"nodeID":"1390828","text":"Arguing","type":"YA","timestamp":"2023-11-09 15:09:05"},{"nodeID":"1390829","text":"those are the published figures","type":"I","timestamp":"2023-11-09 15:09:05"},{"nodeID":"1390830","text":"Andrew Murrison: Those are the published figures","type":"L","timestamp":"2023-11-09 15:09:05"},{"nodeID":"1390831","text":"Analysing","type":"YA","timestamp":"2023-11-09 15:09:05"},{"nodeID":"1390832","text":"Anon: Andrew Murrison: Those are the published figures","type":"L","timestamp":"2023-11-09 15:09:05"},{"nodeID":"1390833","text":"Asserting","type":"YA","timestamp":"2023-11-09 15:09:05"},{"nodeID":"1390834","text":"published figures excluded online fraud","type":"I","timestamp":"2023-11-09 15:09:06"},{"nodeID":"1390835","text":"Andrew Murrison: those figures excluded online fraud","type":"L","timestamp":"2023-11-09 15:09:06"},{"nodeID":"1390836","text":"Analysing","type":"YA","timestamp":"2023-11-09 15:09:06"},{"nodeID":"1390837","text":"Anon: Andrew Murrison: those figures excluded online fraud","type":"L","timestamp":"2023-11-09 15:09:06"},{"nodeID":"1390838","text":"Asserting","type":"YA","timestamp":"2023-11-09 15:09:06"},{"nodeID":"1390839","text":"Default Transition","type":"TA","timestamp":"2023-11-09 15:09:06"},{"nodeID":"1390840","text":"Default Rephrase","type":"MA","timestamp":"2023-11-09 15:09:06"},{"nodeID":"1390841","text":"Restating","type":"YA","timestamp":"2023-11-09 15:09:06"},{"nodeID":"1390842","text":"Default Conflict","type":"CA","timestamp":"2023-11-09 15:09:06"},{"nodeID":"1390843","text":"Default Transition","type":"TA","timestamp":"2023-11-09 15:09:06"},{"nodeID":"1390844","text":"Disagreeing","type":"YA","timestamp":"2023-11-09 15:09:06"},{"nodeID":"1390845","text":"if you include fraud, crime has or hasn't gone up","type":"I","timestamp":"2023-11-09 15:09:07"},{"nodeID":"1390846","text":"Fiona Bruce: if you include fraud crime has gone up","type":"L","timestamp":"2023-11-09 15:09:07"},{"nodeID":"1390847","text":"Analysing","type":"YA","timestamp":"2023-11-09 15:09:07"},{"nodeID":"1390848","text":"Anon: Fiona Bruce: if you include fraud crime has gone up","type":"L","timestamp":"2023-11-09 15:09:07"},{"nodeID":"1390849","text":"Pure Questioning","type":"YA","timestamp":"2023-11-09 15:09:07"},{"nodeID":"1390850","text":"Default Transition","type":"TA","timestamp":"2023-11-09 15:09:07"},{"nodeID":"1390851","text":"Andrew Murrison: No, it won't have gone up","type":"L","timestamp":"2023-11-09 15:09:07"},{"nodeID":"1390852","text":"Analysing","type":"YA","timestamp":"2023-11-09 15:09:07"},{"nodeID":"1390853","text":"Anon: Andrew Murrison: No, it won't have gone up","type":"L","timestamp":"2023-11-09 15:09:07"},{"nodeID":"1390854","text":"Default Transition","type":"TA","timestamp":"2023-11-09 15:09:07"},{"nodeID":"1390855","text":"Disagreeing","type":"YA","timestamp":"2023-11-09 15:09:07"},{"nodeID":"1390856","text":"the crime rate has gone down","type":"I","timestamp":"2023-11-09 15:09:07"},{"nodeID":"1390857","text":"Andrew Murrison: it's gone down","type":"L","timestamp":"2023-11-09 15:09:07"},{"nodeID":"1390858","text":"Analysing","type":"YA","timestamp":"2023-11-09 15:09:07"},{"nodeID":"1390859","text":"Anon: Andrew Murrison: it's gone down","type":"L","timestamp":"2023-11-09 15:09:07"},{"nodeID":"1390860","text":"Asserting","type":"YA","timestamp":"2023-11-09 15:09:07"},{"nodeID":"1390861","text":"Default Transition","type":"TA","timestamp":"2023-11-09 15:09:07"},{"nodeID":"1390862","text":"when the Conservative Government came into power there were just over four million recorded crimes","type":"I","timestamp":"2023-11-09 15:09:08"},{"nodeID":"1390863","text":"Fiona Bruce: When the Conservative Government came into power there were just over four million recorded crimes","type":"L","timestamp":"2023-11-09 15:09:08"},{"nodeID":"1390864","text":"Analysing","type":"YA","timestamp":"2023-11-09 15:09:08"},{"nodeID":"1390865","text":"Anon: Fiona Bruce: When the Conservative Government came into power there were just over four million recorded crimes","type":"L","timestamp":"2023-11-09 15:09:08"},{"nodeID":"1390866","text":"Asserting","type":"YA","timestamp":"2023-11-09 15:09:08"},{"nodeID":"1390867","text":"Default Transition","type":"TA","timestamp":"2023-11-09 15:09:08"},{"nodeID":"1390868","text":"there are now 6.3 million recorded crimes","type":"I","timestamp":"2023-11-09 15:09:09"},{"nodeID":"1390869","text":"Fiona Bruce: It is now 6.3 million","type":"L","timestamp":"2023-11-09 15:09:09"},{"nodeID":"1390870","text":"Analysing","type":"YA","timestamp":"2023-11-09 15:09:09"},{"nodeID":"1390871","text":"Anon: Fiona Bruce: It is now 6.3 million","type":"L","timestamp":"2023-11-09 15:09:09"},{"nodeID":"1390872","text":"Asserting","type":"YA","timestamp":"2023-11-09 15:09:09"},{"nodeID":"1390873","text":"Default Transition","type":"TA","timestamp":"2023-11-09 15:09:09"},{"nodeID":"1390874","text":"Default Conflict","type":"CA","timestamp":"2023-11-09 15:09:09"},{"nodeID":"1390875","text":"Disagreeing","type":"YA","timestamp":"2023-11-09 15:09:09"},{"nodeID":"1390876","text":"there are different ways of recording crime","type":"I","timestamp":"2023-11-09 15:09:09"},{"nodeID":"1390877","text":"Fiona Bruce: there are different ways of recording crime","type":"L","timestamp":"2023-11-09 15:09:09"},{"nodeID":"1390878","text":"Analysing","type":"YA","timestamp":"2023-11-09 15:09:09"},{"nodeID":"1390879","text":"Anon: Fiona Bruce: there are different ways of recording crime","type":"L","timestamp":"2023-11-09 15:09:09"},{"nodeID":"1390880","text":"Asserting","type":"YA","timestamp":"2023-11-09 15:09:09"},{"nodeID":"1390881","text":"Default Transition","type":"TA","timestamp":"2023-11-09 15:09:09"},{"nodeID":"1390882","text":"Andrew Murrison: There really are","type":"L","timestamp":"2023-11-09 15:09:09"},{"nodeID":"1390883","text":"Analysing","type":"YA","timestamp":"2023-11-09 15:09:09"},{"nodeID":"1390884","text":"Anon: Andrew Murrison: There really are","type":"L","timestamp":"2023-11-09 15:09:09"},{"nodeID":"1390885","text":"Default Transition","type":"TA","timestamp":"2023-11-09 15:09:09"},{"nodeID":"1390886","text":"Asserting","type":"YA","timestamp":"2023-11-09 15:09:09"},{"nodeID":"1390887","text":"the number of 6.3 million recorded crimes is according to the Office for National Statistics","type":"I","timestamp":"2023-11-09 15:09:10"},{"nodeID":"1390888","text":"Fiona Bruce:  that's according to the Office for National Statistics","type":"L","timestamp":"2023-11-09 15:09:10"},{"nodeID":"1390889","text":"Analysing","type":"YA","timestamp":"2023-11-09 15:09:10"},{"nodeID":"1390890","text":"Anon: Fiona Bruce:  that's according to the Office for National Statistics","type":"L","timestamp":"2023-11-09 15:09:10"},{"nodeID":"1390891","text":"Asserting","type":"YA","timestamp":"2023-11-09 15:09:10"},{"nodeID":"1390892","text":"Emily Thornberry would take xxx actions to stop juvenile knife crime, vandalism and substance abuse","type":"I","timestamp":"2023-11-09 15:09:10"},{"nodeID":"1390893","text":"Fiona Bruce: What action would you take to stop juvenile knife crime, vandalism and substance abuse","type":"L","timestamp":"2023-11-09 15:09:10"},{"nodeID":"1390894","text":"Analysing","type":"YA","timestamp":"2023-11-09 15:09:10"},{"nodeID":"1390895","text":"Anon: Fiona Bruce: What action would you take to stop juvenile knife crime, vandalism and substance abuse","type":"L","timestamp":"2023-11-09 15:09:10"},{"nodeID":"1390896","text":"Pure Questioning","type":"YA","timestamp":"2023-11-09 15:09:10"},{"nodeID":"1390897","text":"Default Transition","type":"TA","timestamp":"2023-11-09 15:09:10"},{"nodeID":"1390898","text":"Default Rephrase","type":"MA","timestamp":"2023-11-09 15:09:10"},{"nodeID":"1390899","text":"Default Illocuting","type":"YA","timestamp":"2023-11-09 15:09:10"},{"nodeID":"1390900","text":"Default Transition","type":"TA","timestamp":"2023-11-09 15:09:10"},{"nodeID":"1390901","text":"Default Rephrase","type":"MA","timestamp":"2023-11-09 15:09:10"},{"nodeID":"1390902","text":"Restating","type":"YA","timestamp":"2023-11-09 15:09:10"},{"nodeID":"1390903","text":"Default Transition","type":"TA","timestamp":"2023-11-09 15:09:10"},{"nodeID":"1390904","text":"Default Inference","type":"RA","timestamp":"2023-11-09 15:09:10"},{"nodeID":"1390905","text":"Arguing","type":"YA","timestamp":"2023-11-09 15:09:10"}],"edges":[{"edgeID":"1816733","fromID":"1390818","toID":"1390817","formEdgeID":null},{"edgeID":"1816734","fromID":"1390819","toID":"1390818","formEdgeID":null},{"edgeID":"1816735","fromID":"1390817","toID":"1390820","formEdgeID":null},{"edgeID":"1816736","fromID":"1390820","toID":"1390816","formEdgeID":null},{"edgeID":"1816737","fromID":"1390823","toID":"1390822","formEdgeID":null},{"edgeID":"1816738","fromID":"1390824","toID":"1390823","formEdgeID":null},{"edgeID":"1816739","fromID":"1390822","toID":"1390825","formEdgeID":null},{"edgeID":"1816740","fromID":"1390825","toID":"1390821","formEdgeID":null},{"edgeID":"1816741","fromID":"1390817","toID":"1390826","formEdgeID":null},{"edgeID":"1816742","fromID":"1390826","toID":"1390822","formEdgeID":null},{"edgeID":"1816743","fromID":"1390816","toID":"1390827","formEdgeID":null},{"edgeID":"1816744","fromID":"1390827","toID":"1390821","formEdgeID":null},{"edgeID":"1816745","fromID":"1390826","toID":"1390828","formEdgeID":null},{"edgeID":"1816746","fromID":"1390828","toID":"1390827","formEdgeID":null},{"edgeID":"1816747","fromID":"1390831","toID":"1390830","formEdgeID":null},{"edgeID":"1816748","fromID":"1390832","toID":"1390831","formEdgeID":null},{"edgeID":"1816749","fromID":"1390830","toID":"1390833","formEdgeID":null},{"edgeID":"1816750","fromID":"1390833","toID":"1390829","formEdgeID":null},{"edgeID":"1816751","fromID":"1390836","toID":"1390835","formEdgeID":null},{"edgeID":"1816752","fromID":"1390837","toID":"1390836","formEdgeID":null},{"edgeID":"1816753","fromID":"1390835","toID":"1390838","formEdgeID":null},{"edgeID":"1816754","fromID":"1390838","toID":"1390834","formEdgeID":null},{"edgeID":"1816755","fromID":"1390830","toID":"1390839","formEdgeID":null},{"edgeID":"1816756","fromID":"1390839","toID":"1390835","formEdgeID":null},{"edgeID":"1816757","fromID":"1390834","toID":"1390840","formEdgeID":null},{"edgeID":"1816758","fromID":"1390840","toID":"1390829","formEdgeID":null},{"edgeID":"1816759","fromID":"1390839","toID":"1390841","formEdgeID":null},{"edgeID":"1816760","fromID":"1390841","toID":"1390840","formEdgeID":null},{"edgeID":"1816761","fromID":"1390834","toID":"1390842","formEdgeID":null},{"edgeID":"1816762","fromID":"1390842","toID":"1390821","formEdgeID":null},{"edgeID":"1816763","fromID":"1390822","toID":"1390843","formEdgeID":null},{"edgeID":"1816764","fromID":"1390843","toID":"1390835","formEdgeID":null},{"edgeID":"1816765","fromID":"1390843","toID":"1390844","formEdgeID":null},{"edgeID":"1816766","fromID":"1390844","toID":"1390842","formEdgeID":null},{"edgeID":"1816767","fromID":"1390847","toID":"1390846","formEdgeID":null},{"edgeID":"1816768","fromID":"1390848","toID":"1390847","formEdgeID":null},{"edgeID":"1816769","fromID":"1390846","toID":"1390849","formEdgeID":null},{"edgeID":"1816770","fromID":"1390849","toID":"1390845","formEdgeID":null},{"edgeID":"1816771","fromID":"1390835","toID":"1390850","formEdgeID":null},{"edgeID":"1816772","fromID":"1390850","toID":"1390846","formEdgeID":null},{"edgeID":"1816773","fromID":"1390852","toID":"1390851","formEdgeID":null},{"edgeID":"1816774","fromID":"1390853","toID":"1390852","formEdgeID":null},{"edgeID":"1816775","fromID":"1390846","toID":"1390854","formEdgeID":null},{"edgeID":"1816776","fromID":"1390854","toID":"1390851","formEdgeID":null},{"edgeID":"1816777","fromID":"1390854","toID":"1390855","formEdgeID":null},{"edgeID":"1816778","fromID":"1390855","toID":"1390845","formEdgeID":null},{"edgeID":"1816779","fromID":"1390858","toID":"1390857","formEdgeID":null},{"edgeID":"1816780","fromID":"1390859","toID":"1390858","formEdgeID":null},{"edgeID":"1816781","fromID":"1390857","toID":"1390860","formEdgeID":null},{"edgeID":"1816782","fromID":"1390860","toID":"1390856","formEdgeID":null},{"edgeID":"1816783","fromID":"1390851","toID":"1390861","formEdgeID":null},{"edgeID":"1816784","fromID":"1390861","toID":"1390857","formEdgeID":null},{"edgeID":"1816785","fromID":"1390864","toID":"1390863","formEdgeID":null},{"edgeID":"1816786","fromID":"1390865","toID":"1390864","formEdgeID":null},{"edgeID":"1816787","fromID":"1390863","toID":"1390866","formEdgeID":null},{"edgeID":"1816788","fromID":"1390866","toID":"1390862","formEdgeID":null},{"edgeID":"1816789","fromID":"1390857","toID":"1390867","formEdgeID":null},{"edgeID":"1816790","fromID":"1390867","toID":"1390863","formEdgeID":null},{"edgeID":"1816791","fromID":"1390870","toID":"1390869","formEdgeID":null},{"edgeID":"1816792","fromID":"1390871","toID":"1390870","formEdgeID":null},{"edgeID":"1816793","fromID":"1390869","toID":"1390872","formEdgeID":null},{"edgeID":"1816794","fromID":"1390872","toID":"1390868","formEdgeID":null},{"edgeID":"1816795","fromID":"1390857","toID":"1390873","formEdgeID":null},{"edgeID":"1816796","fromID":"1390873","toID":"1390869","formEdgeID":null},{"edgeID":"1816797","fromID":"1390868","toID":"1390874","formEdgeID":null},{"edgeID":"1816798","fromID":"1390874","toID":"1390856","formEdgeID":null},{"edgeID":"1816799","fromID":"1390873","toID":"1390875","formEdgeID":null},{"edgeID":"1816800","fromID":"1390875","toID":"1390874","formEdgeID":null},{"edgeID":"1816801","fromID":"1390878","toID":"1390877","formEdgeID":null},{"edgeID":"1816802","fromID":"1390879","toID":"1390878","formEdgeID":null},{"edgeID":"1816803","fromID":"1390877","toID":"1390880","formEdgeID":null},{"edgeID":"1816804","fromID":"1390880","toID":"1390876","formEdgeID":null},{"edgeID":"1816805","fromID":"1390869","toID":"1390881","formEdgeID":null},{"edgeID":"1816806","fromID":"1390881","toID":"1390877","formEdgeID":null},{"edgeID":"1816807","fromID":"1390883","toID":"1390882","formEdgeID":null},{"edgeID":"1816808","fromID":"1390884","toID":"1390883","formEdgeID":null},{"edgeID":"1816809","fromID":"1390877","toID":"1390885","formEdgeID":null},{"edgeID":"1816810","fromID":"1390885","toID":"1390882","formEdgeID":null},{"edgeID":"1816811","fromID":"1390882","toID":"1390886","formEdgeID":null},{"edgeID":"1816812","fromID":"1390886","toID":"1390876","formEdgeID":null},{"edgeID":"1816813","fromID":"1390889","toID":"1390888","formEdgeID":null},{"edgeID":"1816814","fromID":"1390890","toID":"1390889","formEdgeID":null},{"edgeID":"1816815","fromID":"1390888","toID":"1390891","formEdgeID":null},{"edgeID":"1816816","fromID":"1390891","toID":"1390887","formEdgeID":null},{"edgeID":"1816817","fromID":"1390894","toID":"1390893","formEdgeID":null},{"edgeID":"1816818","fromID":"1390895","toID":"1390894","formEdgeID":null},{"edgeID":"1816819","fromID":"1390893","toID":"1390896","formEdgeID":null},{"edgeID":"1816820","fromID":"1390896","toID":"1390892","formEdgeID":null},{"edgeID":"1816821","fromID":"1390888","toID":"1390897","formEdgeID":null},{"edgeID":"1816822","fromID":"1390897","toID":"1390893","formEdgeID":null},{"edgeID":"1816823","fromID":"1390856","toID":"1390898","formEdgeID":null},{"edgeID":"1816824","fromID":"1390898","toID":"1390845","formEdgeID":null},{"edgeID":"1816825","fromID":"1390861","toID":"1390899","formEdgeID":null},{"edgeID":"1816826","fromID":"1390899","toID":"1390898","formEdgeID":null},{"edgeID":"1816827","fromID":"1390869","toID":"1390900","formEdgeID":null},{"edgeID":"1816828","fromID":"1390900","toID":"1390888","formEdgeID":null},{"edgeID":"1816829","fromID":"1390887","toID":"1390901","formEdgeID":null},{"edgeID":"1816830","fromID":"1390901","toID":"1390868","formEdgeID":null},{"edgeID":"1816831","fromID":"1390900","toID":"1390902","formEdgeID":null},{"edgeID":"1816832","fromID":"1390902","toID":"1390901","formEdgeID":null},{"edgeID":"1816833","fromID":"1390857","toID":"1390903","formEdgeID":null},{"edgeID":"1816834","fromID":"1390903","toID":"1390877","formEdgeID":null},{"edgeID":"1816835","fromID":"1390876","toID":"1390904","formEdgeID":null},{"edgeID":"1816836","fromID":"1390904","toID":"1390856","formEdgeID":null},{"edgeID":"1816837","fromID":"1390903","toID":"1390905","formEdgeID":null},{"edgeID":"1816838","fromID":"1390905","toID":"1390904","formEdgeID":null}],"locutions":[]}