{"nodes":[{"nodeID":"1168667","text":"we've made the best progress in the G20","type":"I","timestamp":"2023-05-18 19:24:09"},{"nodeID":"1168675","text":"there is not an industrialised country in the world that has cut their carbon emissions faster than Britain","type":"I","timestamp":"2023-05-18 19:24:15"},{"nodeID":"1168735","text":"in Fraser Nelson's lifetime carbon emissions have halved","type":"I","timestamp":"2023-05-18 19:24:39"},{"nodeID":"1168756","text":"the answer is not to tax the poor off the roads and out of the sky","type":"I","timestamp":"2023-05-18 19:24:45"},{"nodeID":"1168764","text":"the answer is not to ramp up people's heating bills so it's even more unaffordable than it is already","type":"I","timestamp":"2023-05-18 19:24:48"},{"nodeID":"1168796","text":"we are learning to tread more lightly on the planet","type":"I","timestamp":"2023-05-18 19:25:00"},{"nodeID":"1388974","text":"we're incredibly down on ourselves in this country about the progress we make","type":"I","timestamp":"2023-11-09 15:06:26"},{"nodeID":"1388975","text":"Anon: Fraser Nelson: We're incredibly downing ourselves in this country about the progress we make","type":"L","timestamp":"2023-11-09 15:06:26"},{"nodeID":"1388976","text":"Fraser Nelson: We're incredibly downing ourselves in this country about the progress we make","type":"L","timestamp":"2023-11-09 15:06:26"},{"nodeID":"1388977","text":"Analysing","type":"YA","timestamp":"2023-11-09 15:06:26"},{"nodeID":"1388978","text":"Asserting","type":"YA","timestamp":"2023-11-09 15:06:26"},{"nodeID":"1388979","text":"we haven't made the best progress in the G7","type":"I","timestamp":"2023-11-09 15:06:27"},{"nodeID":"1388980","text":"Anon: Fraser Nelson: Andrew Murrison isn't quite right to say we've made the best progress in the G7","type":"L","timestamp":"2023-11-09 15:06:27"},{"nodeID":"1388981","text":"Analysing","type":"YA","timestamp":"2023-11-09 15:06:27"},{"nodeID":"1388982","text":"Fraser Nelson: Andrew Murrison isn't quite right to say we've made the best progress in the G7","type":"L","timestamp":"2023-11-09 15:06:27"},{"nodeID":"1388983","text":"Analysing","type":"YA","timestamp":"2023-11-09 15:06:27"},{"nodeID":"1388984","text":"Anon: Andrew Murrison: Andrew Murrison isn't quite right to say we've made the best progress in the G7","type":"L","timestamp":"2023-11-09 15:06:27"},{"nodeID":"1388985","text":"Andrew Murrison: we've made the best progress in the G7","type":"L","timestamp":"2023-11-09 15:06:27"},{"nodeID":"1388986","text":"Asserting","type":"YA","timestamp":"2023-11-09 15:06:27"},{"nodeID":"1388987","text":"Default Transition","type":"TA","timestamp":"2023-11-09 15:06:27"},{"nodeID":"1388988","text":"Asserting","type":"YA","timestamp":"2023-11-09 15:06:27"},{"nodeID":"1388989","text":"Fraser Nelson: We've made the best progress in the G20","type":"L","timestamp":"2023-11-09 15:06:27"},{"nodeID":"1388990","text":"Analysing","type":"YA","timestamp":"2023-11-09 15:06:27"},{"nodeID":"1388991","text":"Anon: Fraser Nelson: We've made the best progress in the G20","type":"L","timestamp":"2023-11-09 15:06:27"},{"nodeID":"1388992","text":"Asserting","type":"YA","timestamp":"2023-11-09 15:06:27"},{"nodeID":"1388993","text":"Fraser Nelson: There is not an industrialised country in the world that has cut their carbon emissions faster than Britain","type":"L","timestamp":"2023-11-09 15:06:28"},{"nodeID":"1388994","text":"Anon: Fraser Nelson: There is not an industrialised country in the world that has cut their carbon emissions faster than Britain","type":"L","timestamp":"2023-11-09 15:06:28"},{"nodeID":"1388995","text":"Analysing","type":"YA","timestamp":"2023-11-09 15:06:28"},{"nodeID":"1388996","text":"Asserting","type":"YA","timestamp":"2023-11-09 15:06:28"},{"nodeID":"1388997","text":"Default Rephrase","type":"MA","timestamp":"2023-11-09 15:06:28"},{"nodeID":"1388998","text":"Default Transition","type":"TA","timestamp":"2023-11-09 15:06:28"},{"nodeID":"1388999","text":"Restating","type":"YA","timestamp":"2023-11-09 15:06:28"},{"nodeID":"1389000","text":"Britain has closed all the coal mines","type":"I","timestamp":"2023-11-09 15:06:29"},{"nodeID":"1389001","text":"Analysing","type":"YA","timestamp":"2023-11-09 15:06:29"},{"nodeID":"1389002","text":"Fiona Bruce: They've closed all the coal mines","type":"L","timestamp":"2023-11-09 15:06:29"},{"nodeID":"1389003","text":"Anon: Fiona Bruce: They've closed all the coal mines","type":"L","timestamp":"2023-11-09 15:06:29"},{"nodeID":"1389004","text":"Asserting","type":"YA","timestamp":"2023-11-09 15:06:29"},{"nodeID":"1389005","text":"Default Transition","type":"TA","timestamp":"2023-11-09 15:06:29"},{"nodeID":"1389006","text":"Fraser Nelson: yes, we have","type":"L","timestamp":"2023-11-09 15:06:29"},{"nodeID":"1389007","text":"Anon: Fraser Nelson: yes, we have","type":"L","timestamp":"2023-11-09 15:06:29"},{"nodeID":"1389008","text":"Analysing","type":"YA","timestamp":"2023-11-09 15:06:29"},{"nodeID":"1389009","text":"Default Transition","type":"TA","timestamp":"2023-11-09 15:06:29"},{"nodeID":"1389010","text":"Agreeing","type":"YA","timestamp":"2023-11-09 15:06:29"},{"nodeID":"1389011","text":"we've moved to gas","type":"I","timestamp":"2023-11-09 15:06:29"},{"nodeID":"1389012","text":"Fraser Nelson: we've moved to gas","type":"L","timestamp":"2023-11-09 15:06:29"},{"nodeID":"1389013","text":"Anon: Fraser Nelson: we've moved to gas","type":"L","timestamp":"2023-11-09 15:06:29"},{"nodeID":"1389014","text":"Analysing","type":"YA","timestamp":"2023-11-09 15:06:29"},{"nodeID":"1389015","text":"Asserting","type":"YA","timestamp":"2023-11-09 15:06:29"},{"nodeID":"1389016","text":"gas is a lot more efficient","type":"I","timestamp":"2023-11-09 15:06:30"},{"nodeID":"1389017","text":"Analysing","type":"YA","timestamp":"2023-11-09 15:06:30"},{"nodeID":"1389018","text":"Anon: Fraser Nelson: it's a lot more efficient","type":"L","timestamp":"2023-11-09 15:06:30"},{"nodeID":"1389019","text":"Fraser Nelson: it's a lot more efficient","type":"L","timestamp":"2023-11-09 15:06:30"},{"nodeID":"1389020","text":"Asserting","type":"YA","timestamp":"2023-11-09 15:06:30"},{"nodeID":"1389021","text":"Default Inference","type":"RA","timestamp":"2023-11-09 15:06:30"},{"nodeID":"1389022","text":"Default Transition","type":"TA","timestamp":"2023-11-09 15:06:30"},{"nodeID":"1389023","text":"Arguing","type":"YA","timestamp":"2023-11-09 15:06:30"},{"nodeID":"1389024","text":"Default Rephrase","type":"MA","timestamp":"2023-11-09 15:06:30"},{"nodeID":"1389025","text":"Default Transition","type":"TA","timestamp":"2023-11-09 15:06:30"},{"nodeID":"1389026","text":"Restating","type":"YA","timestamp":"2023-11-09 15:06:30"},{"nodeID":"1389027","text":"you even include the things that we import from China","type":"I","timestamp":"2023-11-09 15:06:31"},{"nodeID":"1389028","text":"Analysing","type":"YA","timestamp":"2023-11-09 15:06:31"},{"nodeID":"1389029","text":"Fraser Nelson: you include the things that we import from China","type":"L","timestamp":"2023-11-09 15:06:31"},{"nodeID":"1389030","text":"Anon: Fraser Nelson: you include the things that we import from China","type":"L","timestamp":"2023-11-09 15:06:31"},{"nodeID":"1389031","text":"Asserting","type":"YA","timestamp":"2023-11-09 15:06:31"},{"nodeID":"1389032","text":"we made the second best progress in the whole of the G20","type":"I","timestamp":"2023-11-09 15:06:31"},{"nodeID":"1389033","text":"Fraser Nelson: we made the second best progress in the whole of the G20","type":"L","timestamp":"2023-11-09 15:06:31"},{"nodeID":"1389034","text":"Anon: Fraser Nelson: we made the second best progress in the whole of the G20","type":"L","timestamp":"2023-11-09 15:06:31"},{"nodeID":"1389035","text":"Analysing","type":"YA","timestamp":"2023-11-09 15:06:31"},{"nodeID":"1389036","text":"Asserting","type":"YA","timestamp":"2023-11-09 15:06:31"},{"nodeID":"1389037","text":"Default Inference","type":"RA","timestamp":"2023-11-09 15:06:31"},{"nodeID":"1389038","text":"Default Transition","type":"TA","timestamp":"2023-11-09 15:06:31"},{"nodeID":"1389039","text":"Arguing","type":"YA","timestamp":"2023-11-09 15:06:31"},{"nodeID":"1389040","text":"Default Transition","type":"TA","timestamp":"2023-11-09 15:06:31"},{"nodeID":"1389041","text":"Default Rephrase","type":"MA","timestamp":"2023-11-09 15:06:31"},{"nodeID":"1389042","text":"Default Transition","type":"TA","timestamp":"2023-11-09 15:06:31"},{"nodeID":"1389043","text":"Restating","type":"YA","timestamp":"2023-11-09 15:06:31"},{"nodeID":"1389044","text":"Britain's carbon emissions are now the lowest since Victorian days","type":"I","timestamp":"2023-11-09 15:06:32"},{"nodeID":"1389045","text":"Fraser Nelson: Our carbon emissions are now the lowest since Victorian days","type":"L","timestamp":"2023-11-09 15:06:32"},{"nodeID":"1389046","text":"Anon: Fraser Nelson: Our carbon emissions are now the lowest since Victorian days","type":"L","timestamp":"2023-11-09 15:06:32"},{"nodeID":"1389047","text":"Analysing","type":"YA","timestamp":"2023-11-09 15:06:32"},{"nodeID":"1389048","text":"Asserting","type":"YA","timestamp":"2023-11-09 15:06:32"},{"nodeID":"1389049","text":"not since 1857 has Britain's carbon output per capita been so low","type":"I","timestamp":"2023-11-09 15:06:33"},{"nodeID":"1389050","text":"Fraser Nelson: not since 1857 has our carbon output per capita been so low","type":"L","timestamp":"2023-11-09 15:06:33"},{"nodeID":"1389051","text":"Anon: Fraser Nelson: not since 1857 has our carbon output per capita been so low","type":"L","timestamp":"2023-11-09 15:06:33"},{"nodeID":"1389052","text":"Analysing","type":"YA","timestamp":"2023-11-09 15:06:33"},{"nodeID":"1389053","text":"Asserting","type":"YA","timestamp":"2023-11-09 15:06:33"},{"nodeID":"1389054","text":"Analysing","type":"YA","timestamp":"2023-11-09 15:06:33"},{"nodeID":"1389055","text":"Fraser Nelson: In my lifetime carbon emissions have halved","type":"L","timestamp":"2023-11-09 15:06:33"},{"nodeID":"1389056","text":"Anon: Fraser Nelson: In my lifetime carbon emissions have halved","type":"L","timestamp":"2023-11-09 15:06:33"},{"nodeID":"1389057","text":"Asserting","type":"YA","timestamp":"2023-11-09 15:06:33"},{"nodeID":"1389058","text":"such low carbon emissions is incredible progress","type":"I","timestamp":"2023-11-09 15:06:34"},{"nodeID":"1389059","text":"Fraser Nelson: this is incredible progress","type":"L","timestamp":"2023-11-09 15:06:34"},{"nodeID":"1389060","text":"Anon: Fraser Nelson: this is incredible progress","type":"L","timestamp":"2023-11-09 15:06:34"},{"nodeID":"1389061","text":"Analysing","type":"YA","timestamp":"2023-11-09 15:06:34"},{"nodeID":"1389062","text":"Asserting","type":"YA","timestamp":"2023-11-09 15:06:34"},{"nodeID":"1389063","text":"Default Transition","type":"TA","timestamp":"2023-11-09 15:06:34"},{"nodeID":"1389064","text":"Default Rephrase","type":"MA","timestamp":"2023-11-09 15:06:34"},{"nodeID":"1389065","text":"Default Transition","type":"TA","timestamp":"2023-11-09 15:06:34"},{"nodeID":"1389066","text":"Restating","type":"YA","timestamp":"2023-11-09 15:06:34"},{"nodeID":"1389067","text":"Default Rephrase","type":"MA","timestamp":"2023-11-09 15:06:34"},{"nodeID":"1389068","text":"Default Transition","type":"TA","timestamp":"2023-11-09 15:06:34"},{"nodeID":"1389069","text":"Restating","type":"YA","timestamp":"2023-11-09 15:06:34"},{"nodeID":"1389070","text":"Default Rephrase","type":"MA","timestamp":"2023-11-09 15:06:34"},{"nodeID":"1389071","text":"Default Transition","type":"TA","timestamp":"2023-11-09 15:06:34"},{"nodeID":"1389072","text":"Restating","type":"YA","timestamp":"2023-11-09 15:06:34"},{"nodeID":"1389073","text":"Fraser Nelson: Incredible progress","type":"L","timestamp":"2023-11-09 15:06:34"},{"nodeID":"1389074","text":"Analysing","type":"YA","timestamp":"2023-11-09 15:06:34"},{"nodeID":"1389075","text":"Anon: Fraser Nelson: Incredible progress","type":"L","timestamp":"2023-11-09 15:06:34"},{"nodeID":"1389076","text":"Fraser Nelson: the answer is not to tax the poor off the roads and out of the sky","type":"L","timestamp":"2023-11-09 15:06:35"},{"nodeID":"1389077","text":"Analysing","type":"YA","timestamp":"2023-11-09 15:06:35"},{"nodeID":"1389078","text":"Anon: Fraser Nelson: the answer is not to tax the poor off the roads and out of the sky","type":"L","timestamp":"2023-11-09 15:06:35"},{"nodeID":"1389079","text":"Asserting","type":"YA","timestamp":"2023-11-09 15:06:35"},{"nodeID":"1389080","text":"Default Transition","type":"TA","timestamp":"2023-11-09 15:06:35"},{"nodeID":"1389081","text":"Asserting","type":"YA","timestamp":"2023-11-09 15:06:35"},{"nodeID":"1389082","text":"Default Transition","type":"TA","timestamp":"2023-11-09 15:06:35"},{"nodeID":"1389083","text":"Fraser Nelson: It's not to ramp up people's heating bills so it's even more unaffordable than it is already","type":"L","timestamp":"2023-11-09 15:06:35"},{"nodeID":"1389084","text":"Analysing","type":"YA","timestamp":"2023-11-09 15:06:35"},{"nodeID":"1389085","text":"Anon: Fraser Nelson: It's not to ramp up people's heating bills so it's even more unaffordable than it is already","type":"L","timestamp":"2023-11-09 15:06:35"},{"nodeID":"1389086","text":"Asserting","type":"YA","timestamp":"2023-11-09 15:06:35"},{"nodeID":"1389087","text":"Default Transition","type":"TA","timestamp":"2023-11-09 15:06:35"},{"nodeID":"1389088","text":"progress is being done by in large by simple scientific progress","type":"I","timestamp":"2023-11-09 15:06:36"},{"nodeID":"1389089","text":"Fraser Nelson: This is being done by and large by simple scientific progress","type":"L","timestamp":"2023-11-09 15:06:36"},{"nodeID":"1389090","text":"Analysing","type":"YA","timestamp":"2023-11-09 15:06:36"},{"nodeID":"1389091","text":"Anon: Fraser Nelson: This is being done by and large by simple scientific progress","type":"L","timestamp":"2023-11-09 15:06:36"},{"nodeID":"1389092","text":"Asserting","type":"YA","timestamp":"2023-11-09 15:06:36"},{"nodeID":"1389093","text":"Default Transition","type":"TA","timestamp":"2023-11-09 15:06:36"},{"nodeID":"1389094","text":"we're using things far more efficiently the engines of capitalism","type":"I","timestamp":"2023-11-09 15:06:37"},{"nodeID":"1389095","text":"Fraser Nelson: We're using things far more efficiently, the engines of, I hate to say the word, but capitalism","type":"L","timestamp":"2023-11-09 15:06:37"},{"nodeID":"1389096","text":"Analysing","type":"YA","timestamp":"2023-11-09 15:06:37"},{"nodeID":"1389097","text":"Anon: Fraser Nelson: We're using things far more efficiently, the engines of, I hate to say the word, but capitalism","type":"L","timestamp":"2023-11-09 15:06:37"},{"nodeID":"1389098","text":"Asserting","type":"YA","timestamp":"2023-11-09 15:06:37"},{"nodeID":"1389099","text":"Default Rephrase","type":"MA","timestamp":"2023-11-09 15:06:37"},{"nodeID":"1389100","text":"Restating","type":"YA","timestamp":"2023-11-09 15:06:37"},{"nodeID":"1389101","text":"Default Rephrase","type":"MA","timestamp":"2023-11-09 15:06:37"},{"nodeID":"1389102","text":"Default Transition","type":"TA","timestamp":"2023-11-09 15:06:37"},{"nodeID":"1389103","text":"Restating","type":"YA","timestamp":"2023-11-09 15:06:37"},{"nodeID":"1389104","text":"we are becoming cleaner and greener","type":"I","timestamp":"2023-11-09 15:06:38"},{"nodeID":"1389105","text":"Fraser Nelson: we are becoming cleaner and greener","type":"L","timestamp":"2023-11-09 15:06:38"},{"nodeID":"1389106","text":"Analysing","type":"YA","timestamp":"2023-11-09 15:06:38"},{"nodeID":"1389107","text":"Anon: Fraser Nelson: we are becoming cleaner and greener","type":"L","timestamp":"2023-11-09 15:06:38"},{"nodeID":"1389108","text":"Asserting","type":"YA","timestamp":"2023-11-09 15:06:38"},{"nodeID":"1389109","text":"Fraser Nelson: we are learning to tread more lightly on the planet","type":"L","timestamp":"2023-11-09 15:06:38"},{"nodeID":"1389110","text":"Analysing","type":"YA","timestamp":"2023-11-09 15:06:38"},{"nodeID":"1389111","text":"Anon: Fraser Nelson: we are learning to tread more lightly on the planet","type":"L","timestamp":"2023-11-09 15:06:38"},{"nodeID":"1389112","text":"Asserting","type":"YA","timestamp":"2023-11-09 15:06:38"},{"nodeID":"1389113","text":"Default Rephrase","type":"MA","timestamp":"2023-11-09 15:06:38"},{"nodeID":"1389114","text":"Default Transition","type":"TA","timestamp":"2023-11-09 15:06:38"},{"nodeID":"1389115","text":"Restating","type":"YA","timestamp":"2023-11-09 15:06:38"},{"nodeID":"1389116","text":"we are using the engines of capitalism and technology more efficiently","type":"I","timestamp":"2023-11-09 15:06:39"},{"nodeID":"1389117","text":"Fraser Nelson: Capitalism and technology","type":"L","timestamp":"2023-11-09 15:06:39"},{"nodeID":"1389118","text":"Analysing","type":"YA","timestamp":"2023-11-09 15:06:39"},{"nodeID":"1389119","text":"Anon: Fraser Nelson: Capitalism and technology","type":"L","timestamp":"2023-11-09 15:06:39"},{"nodeID":"1389120","text":"Asserting","type":"YA","timestamp":"2023-11-09 15:06:39"},{"nodeID":"1389121","text":"we make consumer choices","type":"I","timestamp":"2023-11-09 15:06:40"},{"nodeID":"1389122","text":"Fraser Nelson: consumer choices","type":"L","timestamp":"2023-11-09 15:06:40"},{"nodeID":"1389123","text":"Analysing","type":"YA","timestamp":"2023-11-09 15:06:40"},{"nodeID":"1389124","text":"Anon: Fraser Nelson: consumer choices","type":"L","timestamp":"2023-11-09 15:06:40"},{"nodeID":"1389125","text":"Asserting","type":"YA","timestamp":"2023-11-09 15:06:40"},{"nodeID":"1389126","text":"Default Rephrase","type":"MA","timestamp":"2023-11-09 15:06:40"},{"nodeID":"1389127","text":"Default Transition","type":"TA","timestamp":"2023-11-09 15:06:40"},{"nodeID":"1389128","text":"Restating","type":"YA","timestamp":"2023-11-09 15:06:40"},{"nodeID":"1389129","text":"Default Transition","type":"TA","timestamp":"2023-11-09 15:06:40"},{"nodeID":"1389130","text":"Default Transition","type":"TA","timestamp":"2023-11-09 15:06:40"},{"nodeID":"1389131","text":"Default Inference","type":"RA","timestamp":"2023-11-09 15:06:40"},{"nodeID":"1389132","text":"Arguing","type":"YA","timestamp":"2023-11-09 15:06:40"},{"nodeID":"1389133","text":"Default Inference","type":"RA","timestamp":"2023-11-09 15:06:40"},{"nodeID":"1389134","text":"Default Transition","type":"TA","timestamp":"2023-11-09 15:06:40"},{"nodeID":"1389135","text":"Arguing","type":"YA","timestamp":"2023-11-09 15:06:40"}],"edges":[{"edgeID":"1814538","fromID":"1388977","toID":"1388976","formEdgeID":null},{"edgeID":"1814539","fromID":"1388975","toID":"1388977","formEdgeID":null},{"edgeID":"1814540","fromID":"1388976","toID":"1388978","formEdgeID":null},{"edgeID":"1814541","fromID":"1388978","toID":"1388974","formEdgeID":null},{"edgeID":"1814542","fromID":"1388981","toID":"1388982","formEdgeID":null},{"edgeID":"1814543","fromID":"1388980","toID":"1388981","formEdgeID":null},{"edgeID":"1814544","fromID":"1388984","toID":"1388983","formEdgeID":null},{"edgeID":"1814545","fromID":"1388983","toID":"1388985","formEdgeID":null},{"edgeID":"1814546","fromID":"1388985","toID":"1388986","formEdgeID":null},{"edgeID":"1814547","fromID":"1388986","toID":"1388979","formEdgeID":null},{"edgeID":"1814548","fromID":"1388987","toID":"1388982","formEdgeID":null},{"edgeID":"1814549","fromID":"1388976","toID":"1388987","formEdgeID":null},{"edgeID":"1814550","fromID":"1388988","toID":"1388985","formEdgeID":null},{"edgeID":"1814551","fromID":"1388982","toID":"1388988","formEdgeID":null},{"edgeID":"1814552","fromID":"1388990","toID":"1388989","formEdgeID":null},{"edgeID":"1814553","fromID":"1388991","toID":"1388990","formEdgeID":null},{"edgeID":"1814554","fromID":"1388992","toID":"1168667","formEdgeID":null},{"edgeID":"1814555","fromID":"1388989","toID":"1388992","formEdgeID":null},{"edgeID":"1814556","fromID":"1388994","toID":"1388995","formEdgeID":null},{"edgeID":"1814557","fromID":"1388995","toID":"1388993","formEdgeID":null},{"edgeID":"1814558","fromID":"1388993","toID":"1388996","formEdgeID":null},{"edgeID":"1814559","fromID":"1388996","toID":"1168675","formEdgeID":null},{"edgeID":"1814560","fromID":"1388997","toID":"1168667","formEdgeID":null},{"edgeID":"1814561","fromID":"1168675","toID":"1388997","formEdgeID":null},{"edgeID":"1814562","fromID":"1388989","toID":"1388998","formEdgeID":null},{"edgeID":"1814563","fromID":"1388998","toID":"1388993","formEdgeID":null},{"edgeID":"1814564","fromID":"1388999","toID":"1388997","formEdgeID":null},{"edgeID":"1814565","fromID":"1388998","toID":"1388999","formEdgeID":null},{"edgeID":"1814566","fromID":"1389001","toID":"1389002","formEdgeID":null},{"edgeID":"1814567","fromID":"1389003","toID":"1389001","formEdgeID":null},{"edgeID":"1814568","fromID":"1389004","toID":"1389000","formEdgeID":null},{"edgeID":"1814569","fromID":"1389002","toID":"1389004","formEdgeID":null},{"edgeID":"1814570","fromID":"1389005","toID":"1389002","formEdgeID":null},{"edgeID":"1814571","fromID":"1388993","toID":"1389005","formEdgeID":null},{"edgeID":"1814572","fromID":"1389007","toID":"1389008","formEdgeID":null},{"edgeID":"1814573","fromID":"1389008","toID":"1389006","formEdgeID":null},{"edgeID":"1814574","fromID":"1389009","toID":"1389006","formEdgeID":null},{"edgeID":"1814575","fromID":"1389002","toID":"1389009","formEdgeID":null},{"edgeID":"1814576","fromID":"1389009","toID":"1389010","formEdgeID":null},{"edgeID":"1814577","fromID":"1389010","toID":"1389000","formEdgeID":null},{"edgeID":"1814578","fromID":"1389013","toID":"1389014","formEdgeID":null},{"edgeID":"1814579","fromID":"1389014","toID":"1389012","formEdgeID":null},{"edgeID":"1814580","fromID":"1389015","toID":"1389011","formEdgeID":null},{"edgeID":"1814581","fromID":"1389012","toID":"1389015","formEdgeID":null},{"edgeID":"1814582","fromID":"1389018","toID":"1389017","formEdgeID":null},{"edgeID":"1814583","fromID":"1389017","toID":"1389019","formEdgeID":null},{"edgeID":"1814584","fromID":"1389019","toID":"1389020","formEdgeID":null},{"edgeID":"1814585","fromID":"1389020","toID":"1389016","formEdgeID":null},{"edgeID":"1814586","fromID":"1389021","toID":"1389000","formEdgeID":null},{"edgeID":"1814587","fromID":"1389011","toID":"1389021","formEdgeID":null},{"edgeID":"1814588","fromID":"1389002","toID":"1389022","formEdgeID":null},{"edgeID":"1814589","fromID":"1389022","toID":"1389012","formEdgeID":null},{"edgeID":"1814590","fromID":"1389023","toID":"1389021","formEdgeID":null},{"edgeID":"1814591","fromID":"1389022","toID":"1389023","formEdgeID":null},{"edgeID":"1814592","fromID":"1389016","toID":"1389024","formEdgeID":null},{"edgeID":"1814593","fromID":"1389024","toID":"1389011","formEdgeID":null},{"edgeID":"1814594","fromID":"1389012","toID":"1389025","formEdgeID":null},{"edgeID":"1814595","fromID":"1389025","toID":"1389019","formEdgeID":null},{"edgeID":"1814596","fromID":"1389025","toID":"1389026","formEdgeID":null},{"edgeID":"1814597","fromID":"1389026","toID":"1389024","formEdgeID":null},{"edgeID":"1814598","fromID":"1389030","toID":"1389028","formEdgeID":null},{"edgeID":"1814599","fromID":"1389028","toID":"1389029","formEdgeID":null},{"edgeID":"1814600","fromID":"1389029","toID":"1389031","formEdgeID":null},{"edgeID":"1814601","fromID":"1389031","toID":"1389027","formEdgeID":null},{"edgeID":"1814602","fromID":"1389034","toID":"1389035","formEdgeID":null},{"edgeID":"1814603","fromID":"1389035","toID":"1389033","formEdgeID":null},{"edgeID":"1814604","fromID":"1389036","toID":"1389032","formEdgeID":null},{"edgeID":"1814605","fromID":"1389033","toID":"1389036","formEdgeID":null},{"edgeID":"1814606","fromID":"1389027","toID":"1389037","formEdgeID":null},{"edgeID":"1814607","fromID":"1389037","toID":"1389032","formEdgeID":null},{"edgeID":"1814608","fromID":"1389038","toID":"1389033","formEdgeID":null},{"edgeID":"1814609","fromID":"1389029","toID":"1389038","formEdgeID":null},{"edgeID":"1814610","fromID":"1389039","toID":"1389037","formEdgeID":null},{"edgeID":"1814611","fromID":"1389038","toID":"1389039","formEdgeID":null},{"edgeID":"1814612","fromID":"1389019","toID":"1389040","formEdgeID":null},{"edgeID":"1814613","fromID":"1389040","toID":"1389029","formEdgeID":null},{"edgeID":"1814614","fromID":"1389032","toID":"1389041","formEdgeID":null},{"edgeID":"1814615","fromID":"1389041","toID":"1168667","formEdgeID":null},{"edgeID":"1814616","fromID":"1389042","toID":"1389033","formEdgeID":null},{"edgeID":"1814617","fromID":"1388989","toID":"1389042","formEdgeID":null},{"edgeID":"1814618","fromID":"1389042","toID":"1389043","formEdgeID":null},{"edgeID":"1814619","fromID":"1389043","toID":"1389041","formEdgeID":null},{"edgeID":"1814620","fromID":"1389047","toID":"1389045","formEdgeID":null},{"edgeID":"1814621","fromID":"1389045","toID":"1389048","formEdgeID":null},{"edgeID":"1814622","fromID":"1389048","toID":"1389044","formEdgeID":null},{"edgeID":"1814623","fromID":"1389046","toID":"1389047","formEdgeID":null},{"edgeID":"1814624","fromID":"1389052","toID":"1389050","formEdgeID":null},{"edgeID":"1814625","fromID":"1389051","toID":"1389052","formEdgeID":null},{"edgeID":"1814626","fromID":"1389050","toID":"1389053","formEdgeID":null},{"edgeID":"1814627","fromID":"1389053","toID":"1389049","formEdgeID":null},{"edgeID":"1814628","fromID":"1389054","toID":"1389055","formEdgeID":null},{"edgeID":"1814629","fromID":"1389056","toID":"1389054","formEdgeID":null},{"edgeID":"1814630","fromID":"1389055","toID":"1389057","formEdgeID":null},{"edgeID":"1814631","fromID":"1389057","toID":"1168735","formEdgeID":null},{"edgeID":"1814632","fromID":"1389061","toID":"1389059","formEdgeID":null},{"edgeID":"1814633","fromID":"1389060","toID":"1389061","formEdgeID":null},{"edgeID":"1814634","fromID":"1389059","toID":"1389062","formEdgeID":null},{"edgeID":"1814635","fromID":"1389062","toID":"1389058","formEdgeID":null},{"edgeID":"1814636","fromID":"1389033","toID":"1389063","formEdgeID":null},{"edgeID":"1814637","fromID":"1389063","toID":"1389045","formEdgeID":null},{"edgeID":"1814638","fromID":"1389064","toID":"1389044","formEdgeID":null},{"edgeID":"1814639","fromID":"1389049","toID":"1389064","formEdgeID":null},{"edgeID":"1814640","fromID":"1389045","toID":"1389065","formEdgeID":null},{"edgeID":"1814641","fromID":"1389065","toID":"1389050","formEdgeID":null},{"edgeID":"1814642","fromID":"1389066","toID":"1389064","formEdgeID":null},{"edgeID":"1814643","fromID":"1389065","toID":"1389066","formEdgeID":null},{"edgeID":"1814644","fromID":"1168735","toID":"1389067","formEdgeID":null},{"edgeID":"1814645","fromID":"1389067","toID":"1389049","formEdgeID":null},{"edgeID":"1814646","fromID":"1389068","toID":"1389055","formEdgeID":null},{"edgeID":"1814647","fromID":"1389050","toID":"1389068","formEdgeID":null},{"edgeID":"1814648","fromID":"1389069","toID":"1389067","formEdgeID":null},{"edgeID":"1814649","fromID":"1389068","toID":"1389069","formEdgeID":null},{"edgeID":"1814650","fromID":"1389070","toID":"1168735","formEdgeID":null},{"edgeID":"1814651","fromID":"1389058","toID":"1389070","formEdgeID":null},{"edgeID":"1814652","fromID":"1389071","toID":"1389059","formEdgeID":null},{"edgeID":"1814653","fromID":"1389055","toID":"1389071","formEdgeID":null},{"edgeID":"1814654","fromID":"1389071","toID":"1389072","formEdgeID":null},{"edgeID":"1814655","fromID":"1389072","toID":"1389070","formEdgeID":null},{"edgeID":"1814656","fromID":"1389074","toID":"1389073","formEdgeID":null},{"edgeID":"1814657","fromID":"1389075","toID":"1389074","formEdgeID":null},{"edgeID":"1814658","fromID":"1389077","toID":"1389076","formEdgeID":null},{"edgeID":"1814659","fromID":"1389078","toID":"1389077","formEdgeID":null},{"edgeID":"1814660","fromID":"1389076","toID":"1389079","formEdgeID":null},{"edgeID":"1814661","fromID":"1389079","toID":"1168756","formEdgeID":null},{"edgeID":"1814662","fromID":"1389059","toID":"1389080","formEdgeID":null},{"edgeID":"1814663","fromID":"1389080","toID":"1389073","formEdgeID":null},{"edgeID":"1814664","fromID":"1389080","toID":"1389081","formEdgeID":null},{"edgeID":"1814665","fromID":"1389081","toID":"1389058","formEdgeID":null},{"edgeID":"1814666","fromID":"1389073","toID":"1389082","formEdgeID":null},{"edgeID":"1814667","fromID":"1389082","toID":"1389076","formEdgeID":null},{"edgeID":"1814668","fromID":"1389084","toID":"1389083","formEdgeID":null},{"edgeID":"1814669","fromID":"1389085","toID":"1389084","formEdgeID":null},{"edgeID":"1814670","fromID":"1389083","toID":"1389086","formEdgeID":null},{"edgeID":"1814671","fromID":"1389086","toID":"1168764","formEdgeID":null},{"edgeID":"1814672","fromID":"1389076","toID":"1389087","formEdgeID":null},{"edgeID":"1814673","fromID":"1389087","toID":"1389083","formEdgeID":null},{"edgeID":"1814674","fromID":"1389090","toID":"1389089","formEdgeID":null},{"edgeID":"1814675","fromID":"1389091","toID":"1389090","formEdgeID":null},{"edgeID":"1814676","fromID":"1389089","toID":"1389092","formEdgeID":null},{"edgeID":"1814677","fromID":"1389092","toID":"1389088","formEdgeID":null},{"edgeID":"1814678","fromID":"1389083","toID":"1389093","formEdgeID":null},{"edgeID":"1814679","fromID":"1389093","toID":"1389089","formEdgeID":null},{"edgeID":"1814680","fromID":"1389096","toID":"1389095","formEdgeID":null},{"edgeID":"1814681","fromID":"1389097","toID":"1389096","formEdgeID":null},{"edgeID":"1814682","fromID":"1389095","toID":"1389098","formEdgeID":null},{"edgeID":"1814683","fromID":"1389098","toID":"1389094","formEdgeID":null},{"edgeID":"1814684","fromID":"1168764","toID":"1389099","formEdgeID":null},{"edgeID":"1814685","fromID":"1389099","toID":"1168756","formEdgeID":null},{"edgeID":"1814686","fromID":"1389087","toID":"1389100","formEdgeID":null},{"edgeID":"1814687","fromID":"1389100","toID":"1389099","formEdgeID":null},{"edgeID":"1814688","fromID":"1389094","toID":"1389101","formEdgeID":null},{"edgeID":"1814689","fromID":"1389101","toID":"1389088","formEdgeID":null},{"edgeID":"1814690","fromID":"1389089","toID":"1389102","formEdgeID":null},{"edgeID":"1814691","fromID":"1389102","toID":"1389095","formEdgeID":null},{"edgeID":"1814692","fromID":"1389102","toID":"1389103","formEdgeID":null},{"edgeID":"1814693","fromID":"1389103","toID":"1389101","formEdgeID":null},{"edgeID":"1814694","fromID":"1389106","toID":"1389105","formEdgeID":null},{"edgeID":"1814695","fromID":"1389107","toID":"1389106","formEdgeID":null},{"edgeID":"1814696","fromID":"1389105","toID":"1389108","formEdgeID":null},{"edgeID":"1814697","fromID":"1389108","toID":"1389104","formEdgeID":null},{"edgeID":"1814698","fromID":"1389110","toID":"1389109","formEdgeID":null},{"edgeID":"1814699","fromID":"1389111","toID":"1389110","formEdgeID":null},{"edgeID":"1814700","fromID":"1389109","toID":"1389112","formEdgeID":null},{"edgeID":"1814701","fromID":"1389112","toID":"1168796","formEdgeID":null},{"edgeID":"1814702","fromID":"1168796","toID":"1389113","formEdgeID":null},{"edgeID":"1814703","fromID":"1389113","toID":"1389104","formEdgeID":null},{"edgeID":"1814704","fromID":"1389105","toID":"1389114","formEdgeID":null},{"edgeID":"1814705","fromID":"1389114","toID":"1389109","formEdgeID":null},{"edgeID":"1814706","fromID":"1389114","toID":"1389115","formEdgeID":null},{"edgeID":"1814707","fromID":"1389115","toID":"1389113","formEdgeID":null},{"edgeID":"1814708","fromID":"1389118","toID":"1389117","formEdgeID":null},{"edgeID":"1814709","fromID":"1389119","toID":"1389118","formEdgeID":null},{"edgeID":"1814710","fromID":"1389117","toID":"1389120","formEdgeID":null},{"edgeID":"1814711","fromID":"1389120","toID":"1389116","formEdgeID":null},{"edgeID":"1814712","fromID":"1389123","toID":"1389122","formEdgeID":null},{"edgeID":"1814713","fromID":"1389124","toID":"1389123","formEdgeID":null},{"edgeID":"1814714","fromID":"1389122","toID":"1389125","formEdgeID":null},{"edgeID":"1814715","fromID":"1389125","toID":"1389121","formEdgeID":null},{"edgeID":"1814716","fromID":"1389116","toID":"1389126","formEdgeID":null},{"edgeID":"1814717","fromID":"1389126","toID":"1389094","formEdgeID":null},{"edgeID":"1814718","fromID":"1389095","toID":"1389127","formEdgeID":null},{"edgeID":"1814719","fromID":"1389127","toID":"1389117","formEdgeID":null},{"edgeID":"1814720","fromID":"1389127","toID":"1389128","formEdgeID":null},{"edgeID":"1814721","fromID":"1389128","toID":"1389126","formEdgeID":null},{"edgeID":"1814722","fromID":"1389117","toID":"1389129","formEdgeID":null},{"edgeID":"1814723","fromID":"1389129","toID":"1389122","formEdgeID":null},{"edgeID":"1814724","fromID":"1389122","toID":"1389130","formEdgeID":null},{"edgeID":"1814725","fromID":"1389130","toID":"1389105","formEdgeID":null},{"edgeID":"1814726","fromID":"1389000","toID":"1389131","formEdgeID":null},{"edgeID":"1814727","fromID":"1389131","toID":"1168675","formEdgeID":null},{"edgeID":"1814728","fromID":"1389005","toID":"1389132","formEdgeID":null},{"edgeID":"1814729","fromID":"1389132","toID":"1389131","formEdgeID":null},{"edgeID":"1814730","fromID":"1168667","toID":"1389133","formEdgeID":null},{"edgeID":"1814731","fromID":"1389133","toID":"1388974","formEdgeID":null},{"edgeID":"1814732","fromID":"1388979","toID":"1389133","formEdgeID":null},{"edgeID":"1814733","fromID":"1388976","toID":"1389134","formEdgeID":null},{"edgeID":"1814734","fromID":"1389134","toID":"1388989","formEdgeID":null},{"edgeID":"1814735","fromID":"1389134","toID":"1389135","formEdgeID":null},{"edgeID":"1814736","fromID":"1389135","toID":"1389133","formEdgeID":null}],"locutions":[]}