{"nodes":[{"nodeID":"1387991","text":"Emily Thornberry: No","type":"L","timestamp":"2023-11-09 15:05:01"},{"nodeID":"1387992","text":"we don't we have onshore wind","type":"I","timestamp":"2023-11-09 15:05:02"},{"nodeID":"1387993","text":"Emily Thornberry: Why don't we have onshore wind","type":"L","timestamp":"2023-11-09 15:05:02"},{"nodeID":"1387994","text":"Analysing","type":"YA","timestamp":"2023-11-09 15:05:02"},{"nodeID":"1387995","text":"Mascha: Emily Thornberry: Why don't we have onshore wind","type":"L","timestamp":"2023-11-09 15:05:02"},{"nodeID":"1387996","text":"Assertive Questioning","type":"YA","timestamp":"2023-11-09 15:05:02"},{"nodeID":"1387997","text":"we have these drafty homes","type":"I","timestamp":"2023-11-09 15:05:02"},{"nodeID":"1387998","text":"Emily Thornberry: Why do we have these drafty homes","type":"L","timestamp":"2023-11-09 15:05:02"},{"nodeID":"1387999","text":"Analysing","type":"YA","timestamp":"2023-11-09 15:05:02"},{"nodeID":"1388000","text":"Mascha: Emily Thornberry: Why do we have these drafty homes","type":"L","timestamp":"2023-11-09 15:05:02"},{"nodeID":"1388001","text":"Assertive Questioning","type":"YA","timestamp":"2023-11-09 15:05:02"},{"nodeID":"1388002","text":"Default Transition","type":"TA","timestamp":"2023-11-09 15:05:02"},{"nodeID":"1388003","text":"we are not insulating these drafty homes","type":"I","timestamp":"2023-11-09 15:05:03"},{"nodeID":"1388004","text":"Emily Thornberry: Why aren't we insulating them","type":"L","timestamp":"2023-11-09 15:05:03"},{"nodeID":"1388005","text":"Analysing","type":"YA","timestamp":"2023-11-09 15:05:03"},{"nodeID":"1388006","text":"Mascha: Emily Thornberry: Why aren't we insulating them","type":"L","timestamp":"2023-11-09 15:05:03"},{"nodeID":"1388007","text":"Assertive Questioning","type":"YA","timestamp":"2023-11-09 15:05:03"},{"nodeID":"1388008","text":"Default Transition","type":"TA","timestamp":"2023-11-09 15:05:03"},{"nodeID":"1388009","text":"Fraser Nelson: We are","type":"L","timestamp":"2023-11-09 15:05:03"},{"nodeID":"1388010","text":"Analysing","type":"YA","timestamp":"2023-11-09 15:05:03"},{"nodeID":"1388011","text":"Mascha: Fraser Nelson: We are","type":"L","timestamp":"2023-11-09 15:05:03"},{"nodeID":"1388012","text":"Default Transition","type":"TA","timestamp":"2023-11-09 15:05:03"},{"nodeID":"1388013","text":"Emily Thornberry:  No, we are not","type":"L","timestamp":"2023-11-09 15:05:03"},{"nodeID":"1388014","text":"Analysing","type":"YA","timestamp":"2023-11-09 15:05:03"},{"nodeID":"1388015","text":"Mascha: Emily Thornberry:  No, we are not","type":"L","timestamp":"2023-11-09 15:05:03"},{"nodeID":"1388016","text":"Default Transition","type":"TA","timestamp":"2023-11-09 15:05:03"},{"nodeID":"1388017","text":"Asserting","type":"YA","timestamp":"2023-11-09 15:05:03"},{"nodeID":"1388018","text":"insulating homes is happening all the time","type":"I","timestamp":"2023-11-09 15:05:04"},{"nodeID":"1388019","text":"Fraser Nelson:  It's happening all the time","type":"L","timestamp":"2023-11-09 15:05:04"},{"nodeID":"1388020","text":"Analysing","type":"YA","timestamp":"2023-11-09 15:05:04"},{"nodeID":"1388021","text":"Mascha: Fraser Nelson:  It's happening all the time","type":"L","timestamp":"2023-11-09 15:05:04"},{"nodeID":"1388022","text":"Asserting","type":"YA","timestamp":"2023-11-09 15:05:04"},{"nodeID":"1388023","text":"Default Conflict","type":"CA","timestamp":"2023-11-09 15:05:04"},{"nodeID":"1388024","text":"Default Transition","type":"TA","timestamp":"2023-11-09 15:05:04"},{"nodeID":"1388025","text":"Disagreeing","type":"YA","timestamp":"2023-11-09 15:05:04"},{"nodeID":"1388026","text":"Disagreeing","type":"YA","timestamp":"2023-11-09 15:05:04"},{"nodeID":"1388027","text":"insulating homes is happening at break neck speed","type":"I","timestamp":"2023-11-09 15:05:04"},{"nodeID":"1388028","text":"Fraser Nelson:  It's happening at break neck speed","type":"L","timestamp":"2023-11-09 15:05:04"},{"nodeID":"1388029","text":"Analysing","type":"YA","timestamp":"2023-11-09 15:05:04"},{"nodeID":"1388030","text":"Mascha: Fraser Nelson:  It's happening at break neck speed","type":"L","timestamp":"2023-11-09 15:05:04"},{"nodeID":"1388031","text":"Asserting","type":"YA","timestamp":"2023-11-09 15:05:04"},{"nodeID":"1388032","text":"Analysing","type":"YA","timestamp":"2023-11-09 15:05:04"},{"nodeID":"1388033","text":"Mascha: Emily Thornberry: No","type":"L","timestamp":"2023-11-09 15:05:04"},{"nodeID":"1388034","text":"Default Transition","type":"TA","timestamp":"2023-11-09 15:05:04"},{"nodeID":"1388035","text":"Disagreeing","type":"YA","timestamp":"2023-11-09 15:05:04"},{"nodeID":"1388036","text":"Default Transition","type":"TA","timestamp":"2023-11-09 15:05:04"},{"nodeID":"1388037","text":"Default Rephrase","type":"MA","timestamp":"2023-11-09 15:05:04"},{"nodeID":"1388038","text":"Restating","type":"YA","timestamp":"2023-11-09 15:05:04"},{"nodeID":"1388039","text":"what we need to do is we need to be able to borrow, to invest, in our future","type":"I","timestamp":"2023-11-09 15:05:05"},{"nodeID":"1388040","text":"Emily Thornberry: what we need to do is we need to be able to borrow, to invest, in our future","type":"L","timestamp":"2023-11-09 15:05:05"},{"nodeID":"1388041","text":"Analysing","type":"YA","timestamp":"2023-11-09 15:05:05"},{"nodeID":"1388042","text":"Mascha: Emily Thornberry: what we need to do is we need to be able to borrow, to invest, in our future","type":"L","timestamp":"2023-11-09 15:05:05"},{"nodeID":"1388043","text":"Asserting","type":"YA","timestamp":"2023-11-09 15:05:05"},{"nodeID":"1388044","text":"Default Transition","type":"TA","timestamp":"2023-11-09 15:05:05"},{"nodeID":"1388045","text":"we need to be able to borrow, to invest, to be able to kick start our economy again","type":"I","timestamp":"2023-11-09 15:05:06"},{"nodeID":"1388046","text":"Emily Thornberry:  to be able to kick start our economy again","type":"L","timestamp":"2023-11-09 15:05:06"},{"nodeID":"1388047","text":"Analysing","type":"YA","timestamp":"2023-11-09 15:05:06"},{"nodeID":"1388048","text":"Mascha: Emily Thornberry:  to be able to kick start our economy again","type":"L","timestamp":"2023-11-09 15:05:06"},{"nodeID":"1388049","text":"Asserting","type":"YA","timestamp":"2023-11-09 15:05:06"},{"nodeID":"1388050","text":"Default Transition","type":"TA","timestamp":"2023-11-09 15:05:06"},{"nodeID":"1388051","text":"Default Rephrase","type":"MA","timestamp":"2023-11-09 15:05:06"},{"nodeID":"1388052","text":"Restating","type":"YA","timestamp":"2023-11-09 15:05:06"},{"nodeID":"1388053","text":"our economy has been on a downward slide over the last few years","type":"I","timestamp":"2023-11-09 15:05:06"},{"nodeID":"1388054","text":"Emily Thornberry: our economy has been on a downward slide over the last few years","type":"L","timestamp":"2023-11-09 15:05:06"},{"nodeID":"1388055","text":"Analysing","type":"YA","timestamp":"2023-11-09 15:05:06"},{"nodeID":"1388056","text":"Mascha: Emily Thornberry: our economy has been on a downward slide over the last few years","type":"L","timestamp":"2023-11-09 15:05:06"},{"nodeID":"1388057","text":"Asserting","type":"YA","timestamp":"2023-11-09 15:05:06"},{"nodeID":"1388058","text":"Default Transition","type":"TA","timestamp":"2023-11-09 15:05:06"},{"nodeID":"1388059","text":"Default Inference","type":"RA","timestamp":"2023-11-09 15:05:06"},{"nodeID":"1388060","text":"Arguing","type":"YA","timestamp":"2023-11-09 15:05:06"},{"nodeID":"1388061","text":"we can bring people with us in terms of telling them about energy security and insulating their homes","type":"I","timestamp":"2023-11-09 15:05:07"},{"nodeID":"1388062","text":"Emily Thornberry:  not only can we bring people with us in terms of telling them about energy security and insulating their homes","type":"L","timestamp":"2023-11-09 15:05:07"},{"nodeID":"1388063","text":"Analysing","type":"YA","timestamp":"2023-11-09 15:05:07"},{"nodeID":"1388064","text":"Mascha: Emily Thornberry:  not only can we bring people with us in terms of telling them about energy security and insulating their homes","type":"L","timestamp":"2023-11-09 15:05:07"},{"nodeID":"1388065","text":"Asserting","type":"YA","timestamp":"2023-11-09 15:05:07"},{"nodeID":"1388066","text":"Default Transition","type":"TA","timestamp":"2023-11-09 15:05:07"},{"nodeID":"1388067","text":"we can also say to people there's good jobs out there","type":"I","timestamp":"2023-11-09 15:05:08"},{"nodeID":"1388068","text":"Emily Thornberry:  we can also say to people there's good jobs out there","type":"L","timestamp":"2023-11-09 15:05:08"},{"nodeID":"1388069","text":"Analysing","type":"YA","timestamp":"2023-11-09 15:05:08"},{"nodeID":"1388070","text":"Mascha: Emily Thornberry:  we can also say to people there's good jobs out there","type":"L","timestamp":"2023-11-09 15:05:08"},{"nodeID":"1388071","text":"Asserting","type":"YA","timestamp":"2023-11-09 15:05:08"},{"nodeID":"1388072","text":"Default Transition","type":"TA","timestamp":"2023-11-09 15:05:08"},{"nodeID":"1388073","text":"there's good jobs out there","type":"I","timestamp":"2023-11-09 15:05:08"},{"nodeID":"1388074","text":"Emily Thornberry: There's good jobs out there","type":"L","timestamp":"2023-11-09 15:05:08"},{"nodeID":"1388075","text":"Analysing","type":"YA","timestamp":"2023-11-09 15:05:08"},{"nodeID":"1388076","text":"Mascha: Emily Thornberry: There's good jobs out there","type":"L","timestamp":"2023-11-09 15:05:08"},{"nodeID":"1388077","text":"Asserting","type":"YA","timestamp":"2023-11-09 15:05:08"},{"nodeID":"1388078","text":"Default Transition","type":"TA","timestamp":"2023-11-09 15:05:08"},{"nodeID":"1388079","text":"Default Rephrase","type":"MA","timestamp":"2023-11-09 15:05:08"},{"nodeID":"1388080","text":"Restating","type":"YA","timestamp":"2023-11-09 15:05:08"},{"nodeID":"1388081","text":"there's a good future for our country","type":"I","timestamp":"2023-11-09 15:05:09"},{"nodeID":"1388082","text":"Emily Thornberry:  there's a good future for our country","type":"L","timestamp":"2023-11-09 15:05:09"},{"nodeID":"1388083","text":"Analysing","type":"YA","timestamp":"2023-11-09 15:05:09"},{"nodeID":"1388084","text":"Mascha: Emily Thornberry:  there's a good future for our country","type":"L","timestamp":"2023-11-09 15:05:09"},{"nodeID":"1388085","text":"Asserting","type":"YA","timestamp":"2023-11-09 15:05:09"},{"nodeID":"1388086","text":"Default Transition","type":"TA","timestamp":"2023-11-09 15:05:09"},{"nodeID":"1388087","text":"Default Rephrase","type":"MA","timestamp":"2023-11-09 15:05:09"},{"nodeID":"1388088","text":"Restating","type":"YA","timestamp":"2023-11-09 15:05:09"},{"nodeID":"1388089","text":"we do need to invest to be able to tell people that there are good jobs and a good future for our country","type":"I","timestamp":"2023-11-09 15:05:09"},{"nodeID":"1388090","text":"Emily Thornberry:  we do need to invest to do that","type":"L","timestamp":"2023-11-09 15:05:09"},{"nodeID":"1388091","text":"Analysing","type":"YA","timestamp":"2023-11-09 15:05:09"},{"nodeID":"1388092","text":"Mascha: Emily Thornberry:  we do need to invest to do that","type":"L","timestamp":"2023-11-09 15:05:09"},{"nodeID":"1388093","text":"Asserting","type":"YA","timestamp":"2023-11-09 15:05:09"},{"nodeID":"1388094","text":"Default Transition","type":"TA","timestamp":"2023-11-09 15:05:09"},{"nodeID":"1388095","text":"Default Rephrase","type":"MA","timestamp":"2023-11-09 15:05:09"},{"nodeID":"1388096","text":"Restating","type":"YA","timestamp":"2023-11-09 15:05:09"},{"nodeID":"1388097","text":"what we are saying is that we need to invest","type":"I","timestamp":"2023-11-09 15:05:10"},{"nodeID":"1388098","text":"Emily Thornberry: that is what we are saying","type":"L","timestamp":"2023-11-09 15:05:10"},{"nodeID":"1388099","text":"Analysing","type":"YA","timestamp":"2023-11-09 15:05:10"},{"nodeID":"1388100","text":"Mascha: Emily Thornberry: that is what we are saying","type":"L","timestamp":"2023-11-09 15:05:10"},{"nodeID":"1388101","text":"Asserting","type":"YA","timestamp":"2023-11-09 15:05:10"},{"nodeID":"1388102","text":"Default Transition","type":"TA","timestamp":"2023-11-09 15:05:10"},{"nodeID":"1388103","text":"Default Rephrase","type":"MA","timestamp":"2023-11-09 15:05:10"},{"nodeID":"1388104","text":"Restating","type":"YA","timestamp":"2023-11-09 15:05:10"},{"nodeID":"1388105","text":"we say that we will borrow \u00a328bn a year and invest it to be able to tell people that there are good jobs and a good future for our country","type":"I","timestamp":"2023-11-09 15:05:11"},{"nodeID":"1388106","text":"Emily Thornberry:  that's why we say that we will borrow \u00a328bn a year and invest it","type":"L","timestamp":"2023-11-09 15:05:11"},{"nodeID":"1388107","text":"Analysing","type":"YA","timestamp":"2023-11-09 15:05:11"},{"nodeID":"1388108","text":"Mascha: Emily Thornberry:  that's why we say that we will borrow \u00a328bn a year and invest it","type":"L","timestamp":"2023-11-09 15:05:11"},{"nodeID":"1388109","text":"Asserting","type":"YA","timestamp":"2023-11-09 15:05:11"},{"nodeID":"1388110","text":"Default Transition","type":"TA","timestamp":"2023-11-09 15:05:11"},{"nodeID":"1388111","text":"Default Rephrase","type":"MA","timestamp":"2023-11-09 15:05:11"},{"nodeID":"1388112","text":"Restating","type":"YA","timestamp":"2023-11-09 15:05:11"},{"nodeID":"1388113","text":"invest the money in our future and get our economy going again and get a bit of growth in our economy, and be growing in the right way","type":"I","timestamp":"2023-11-09 15:05:11"},{"nodeID":"1388114","text":"Emily Thornberry:  invest it in our future and get our economy going again and get a bit of growth in our economy, and be growing in the right way","type":"L","timestamp":"2023-11-09 15:05:11"},{"nodeID":"1388115","text":"Analysing","type":"YA","timestamp":"2023-11-09 15:05:11"},{"nodeID":"1388116","text":"Mascha: Emily Thornberry:  invest it in our future and get our economy going again and get a bit of growth in our economy, and be growing in the right way","type":"L","timestamp":"2023-11-09 15:05:11"},{"nodeID":"1388117","text":"Asserting","type":"YA","timestamp":"2023-11-09 15:05:11"},{"nodeID":"1388118","text":"Default Transition","type":"TA","timestamp":"2023-11-09 15:05:11"},{"nodeID":"1388119","text":"Default Rephrase","type":"MA","timestamp":"2023-11-09 15:05:11"},{"nodeID":"1388120","text":"Restating","type":"YA","timestamp":"2023-11-09 15:05:11"},{"nodeID":"1388121","text":"Default Inference","type":"RA","timestamp":"2023-11-09 15:05:11"},{"nodeID":"1388122","text":"Default Transition","type":"TA","timestamp":"2023-11-09 15:05:11"},{"nodeID":"1388123","text":"Default Transition","type":"TA","timestamp":"2023-11-09 15:05:11"},{"nodeID":"1388124","text":"Arguing","type":"YA","timestamp":"2023-11-09 15:05:11"}],"edges":[{"edgeID":"1813370","fromID":"1387994","toID":"1387993","formEdgeID":null},{"edgeID":"1813371","fromID":"1387995","toID":"1387994","formEdgeID":null},{"edgeID":"1813372","fromID":"1387993","toID":"1387996","formEdgeID":null},{"edgeID":"1813373","fromID":"1387996","toID":"1387992","formEdgeID":null},{"edgeID":"1813374","fromID":"1387999","toID":"1387998","formEdgeID":null},{"edgeID":"1813375","fromID":"1388000","toID":"1387999","formEdgeID":null},{"edgeID":"1813376","fromID":"1387998","toID":"1388001","formEdgeID":null},{"edgeID":"1813377","fromID":"1388001","toID":"1387997","formEdgeID":null},{"edgeID":"1813378","fromID":"1387993","toID":"1388002","formEdgeID":null},{"edgeID":"1813379","fromID":"1388002","toID":"1387998","formEdgeID":null},{"edgeID":"1813380","fromID":"1388005","toID":"1388004","formEdgeID":null},{"edgeID":"1813381","fromID":"1388006","toID":"1388005","formEdgeID":null},{"edgeID":"1813382","fromID":"1388004","toID":"1388007","formEdgeID":null},{"edgeID":"1813383","fromID":"1388007","toID":"1388003","formEdgeID":null},{"edgeID":"1813384","fromID":"1387998","toID":"1388008","formEdgeID":null},{"edgeID":"1813385","fromID":"1388008","toID":"1388004","formEdgeID":null},{"edgeID":"1813386","fromID":"1388010","toID":"1388009","formEdgeID":null},{"edgeID":"1813387","fromID":"1388011","toID":"1388010","formEdgeID":null},{"edgeID":"1813388","fromID":"1388004","toID":"1388012","formEdgeID":null},{"edgeID":"1813389","fromID":"1388012","toID":"1388009","formEdgeID":null},{"edgeID":"1813390","fromID":"1388014","toID":"1388013","formEdgeID":null},{"edgeID":"1813391","fromID":"1388015","toID":"1388014","formEdgeID":null},{"edgeID":"1813392","fromID":"1388009","toID":"1388016","formEdgeID":null},{"edgeID":"1813393","fromID":"1388016","toID":"1388013","formEdgeID":null},{"edgeID":"1813394","fromID":"1388013","toID":"1388017","formEdgeID":null},{"edgeID":"1813395","fromID":"1388017","toID":"1388003","formEdgeID":null},{"edgeID":"1813396","fromID":"1388020","toID":"1388019","formEdgeID":null},{"edgeID":"1813397","fromID":"1388021","toID":"1388020","formEdgeID":null},{"edgeID":"1813398","fromID":"1388019","toID":"1388022","formEdgeID":null},{"edgeID":"1813399","fromID":"1388022","toID":"1388018","formEdgeID":null},{"edgeID":"1813400","fromID":"1388018","toID":"1388023","formEdgeID":null},{"edgeID":"1813401","fromID":"1388023","toID":"1388003","formEdgeID":null},{"edgeID":"1813402","fromID":"1388004","toID":"1388024","formEdgeID":null},{"edgeID":"1813403","fromID":"1388024","toID":"1388019","formEdgeID":null},{"edgeID":"1813404","fromID":"1388024","toID":"1388025","formEdgeID":null},{"edgeID":"1813405","fromID":"1388025","toID":"1388023","formEdgeID":null},{"edgeID":"1813406","fromID":"1388012","toID":"1388026","formEdgeID":null},{"edgeID":"1813407","fromID":"1388026","toID":"1388003","formEdgeID":null},{"edgeID":"1813408","fromID":"1388029","toID":"1388028","formEdgeID":null},{"edgeID":"1813409","fromID":"1388030","toID":"1388029","formEdgeID":null},{"edgeID":"1813410","fromID":"1388028","toID":"1388031","formEdgeID":null},{"edgeID":"1813411","fromID":"1388031","toID":"1388027","formEdgeID":null},{"edgeID":"1813412","fromID":"1388032","toID":"1387991","formEdgeID":null},{"edgeID":"1813413","fromID":"1388033","toID":"1388032","formEdgeID":null},{"edgeID":"1813414","fromID":"1388019","toID":"1388034","formEdgeID":null},{"edgeID":"1813415","fromID":"1388034","toID":"1387991","formEdgeID":null},{"edgeID":"1813416","fromID":"1388034","toID":"1388035","formEdgeID":null},{"edgeID":"1813417","fromID":"1388035","toID":"1388018","formEdgeID":null},{"edgeID":"1813418","fromID":"1387991","toID":"1388036","formEdgeID":null},{"edgeID":"1813419","fromID":"1388036","toID":"1388028","formEdgeID":null},{"edgeID":"1813420","fromID":"1388027","toID":"1388037","formEdgeID":null},{"edgeID":"1813421","fromID":"1388037","toID":"1388018","formEdgeID":null},{"edgeID":"1813422","fromID":"1388036","toID":"1388038","formEdgeID":null},{"edgeID":"1813423","fromID":"1388038","toID":"1388037","formEdgeID":null},{"edgeID":"1813424","fromID":"1388041","toID":"1388040","formEdgeID":null},{"edgeID":"1813425","fromID":"1388042","toID":"1388041","formEdgeID":null},{"edgeID":"1813426","fromID":"1388040","toID":"1388043","formEdgeID":null},{"edgeID":"1813427","fromID":"1388043","toID":"1388039","formEdgeID":null},{"edgeID":"1813428","fromID":"1388028","toID":"1388044","formEdgeID":null},{"edgeID":"1813429","fromID":"1388044","toID":"1388040","formEdgeID":null},{"edgeID":"1813430","fromID":"1388047","toID":"1388046","formEdgeID":null},{"edgeID":"1813431","fromID":"1388048","toID":"1388047","formEdgeID":null},{"edgeID":"1813432","fromID":"1388046","toID":"1388049","formEdgeID":null},{"edgeID":"1813433","fromID":"1388049","toID":"1388045","formEdgeID":null},{"edgeID":"1813434","fromID":"1388040","toID":"1388050","formEdgeID":null},{"edgeID":"1813435","fromID":"1388050","toID":"1388046","formEdgeID":null},{"edgeID":"1813436","fromID":"1388045","toID":"1388051","formEdgeID":null},{"edgeID":"1813437","fromID":"1388051","toID":"1388039","formEdgeID":null},{"edgeID":"1813438","fromID":"1388050","toID":"1388052","formEdgeID":null},{"edgeID":"1813439","fromID":"1388052","toID":"1388051","formEdgeID":null},{"edgeID":"1813440","fromID":"1388055","toID":"1388054","formEdgeID":null},{"edgeID":"1813441","fromID":"1388056","toID":"1388055","formEdgeID":null},{"edgeID":"1813442","fromID":"1388054","toID":"1388057","formEdgeID":null},{"edgeID":"1813443","fromID":"1388057","toID":"1388053","formEdgeID":null},{"edgeID":"1813444","fromID":"1388046","toID":"1388058","formEdgeID":null},{"edgeID":"1813445","fromID":"1388058","toID":"1388054","formEdgeID":null},{"edgeID":"1813446","fromID":"1388053","toID":"1388059","formEdgeID":null},{"edgeID":"1813447","fromID":"1388059","toID":"1388045","formEdgeID":null},{"edgeID":"1813448","fromID":"1388058","toID":"1388060","formEdgeID":null},{"edgeID":"1813449","fromID":"1388060","toID":"1388059","formEdgeID":null},{"edgeID":"1813450","fromID":"1388063","toID":"1388062","formEdgeID":null},{"edgeID":"1813451","fromID":"1388064","toID":"1388063","formEdgeID":null},{"edgeID":"1813452","fromID":"1388062","toID":"1388065","formEdgeID":null},{"edgeID":"1813453","fromID":"1388065","toID":"1388061","formEdgeID":null},{"edgeID":"1813454","fromID":"1388054","toID":"1388066","formEdgeID":null},{"edgeID":"1813455","fromID":"1388066","toID":"1388062","formEdgeID":null},{"edgeID":"1813456","fromID":"1388069","toID":"1388068","formEdgeID":null},{"edgeID":"1813457","fromID":"1388070","toID":"1388069","formEdgeID":null},{"edgeID":"1813458","fromID":"1388068","toID":"1388071","formEdgeID":null},{"edgeID":"1813459","fromID":"1388071","toID":"1388067","formEdgeID":null},{"edgeID":"1813460","fromID":"1388054","toID":"1388072","formEdgeID":null},{"edgeID":"1813461","fromID":"1388072","toID":"1388068","formEdgeID":null},{"edgeID":"1813462","fromID":"1388075","toID":"1388074","formEdgeID":null},{"edgeID":"1813463","fromID":"1388076","toID":"1388075","formEdgeID":null},{"edgeID":"1813464","fromID":"1388074","toID":"1388077","formEdgeID":null},{"edgeID":"1813465","fromID":"1388077","toID":"1388073","formEdgeID":null},{"edgeID":"1813466","fromID":"1388068","toID":"1388078","formEdgeID":null},{"edgeID":"1813467","fromID":"1388078","toID":"1388074","formEdgeID":null},{"edgeID":"1813468","fromID":"1388073","toID":"1388079","formEdgeID":null},{"edgeID":"1813469","fromID":"1388079","toID":"1388067","formEdgeID":null},{"edgeID":"1813470","fromID":"1388078","toID":"1388080","formEdgeID":null},{"edgeID":"1813471","fromID":"1388080","toID":"1388079","formEdgeID":null},{"edgeID":"1813472","fromID":"1388083","toID":"1388082","formEdgeID":null},{"edgeID":"1813473","fromID":"1388084","toID":"1388083","formEdgeID":null},{"edgeID":"1813474","fromID":"1388082","toID":"1388085","formEdgeID":null},{"edgeID":"1813475","fromID":"1388085","toID":"1388081","formEdgeID":null},{"edgeID":"1813476","fromID":"1388074","toID":"1388086","formEdgeID":null},{"edgeID":"1813477","fromID":"1388086","toID":"1388082","formEdgeID":null},{"edgeID":"1813478","fromID":"1388081","toID":"1388087","formEdgeID":null},{"edgeID":"1813479","fromID":"1388087","toID":"1388073","formEdgeID":null},{"edgeID":"1813480","fromID":"1388086","toID":"1388088","formEdgeID":null},{"edgeID":"1813481","fromID":"1388088","toID":"1388087","formEdgeID":null},{"edgeID":"1813482","fromID":"1388091","toID":"1388090","formEdgeID":null},{"edgeID":"1813483","fromID":"1388092","toID":"1388091","formEdgeID":null},{"edgeID":"1813484","fromID":"1388090","toID":"1388093","formEdgeID":null},{"edgeID":"1813485","fromID":"1388093","toID":"1388089","formEdgeID":null},{"edgeID":"1813486","fromID":"1388046","toID":"1388094","formEdgeID":null},{"edgeID":"1813487","fromID":"1388094","toID":"1388090","formEdgeID":null},{"edgeID":"1813488","fromID":"1388089","toID":"1388095","formEdgeID":null},{"edgeID":"1813489","fromID":"1388095","toID":"1388045","formEdgeID":null},{"edgeID":"1813490","fromID":"1388094","toID":"1388096","formEdgeID":null},{"edgeID":"1813491","fromID":"1388096","toID":"1388095","formEdgeID":null},{"edgeID":"1813492","fromID":"1388099","toID":"1388098","formEdgeID":null},{"edgeID":"1813493","fromID":"1388100","toID":"1388099","formEdgeID":null},{"edgeID":"1813494","fromID":"1388098","toID":"1388101","formEdgeID":null},{"edgeID":"1813495","fromID":"1388101","toID":"1388097","formEdgeID":null},{"edgeID":"1813496","fromID":"1388090","toID":"1388102","formEdgeID":null},{"edgeID":"1813497","fromID":"1388102","toID":"1388098","formEdgeID":null},{"edgeID":"1813498","fromID":"1388097","toID":"1388103","formEdgeID":null},{"edgeID":"1813499","fromID":"1388103","toID":"1388089","formEdgeID":null},{"edgeID":"1813500","fromID":"1388102","toID":"1388104","formEdgeID":null},{"edgeID":"1813501","fromID":"1388104","toID":"1388103","formEdgeID":null},{"edgeID":"1813502","fromID":"1388107","toID":"1388106","formEdgeID":null},{"edgeID":"1813503","fromID":"1388108","toID":"1388107","formEdgeID":null},{"edgeID":"1813504","fromID":"1388106","toID":"1388109","formEdgeID":null},{"edgeID":"1813505","fromID":"1388109","toID":"1388105","formEdgeID":null},{"edgeID":"1813506","fromID":"1388098","toID":"1388110","formEdgeID":null},{"edgeID":"1813507","fromID":"1388110","toID":"1388106","formEdgeID":null},{"edgeID":"1813508","fromID":"1388105","toID":"1388111","formEdgeID":null},{"edgeID":"1813509","fromID":"1388111","toID":"1388097","formEdgeID":null},{"edgeID":"1813510","fromID":"1388110","toID":"1388112","formEdgeID":null},{"edgeID":"1813511","fromID":"1388112","toID":"1388111","formEdgeID":null},{"edgeID":"1813512","fromID":"1388115","toID":"1388114","formEdgeID":null},{"edgeID":"1813513","fromID":"1388116","toID":"1388115","formEdgeID":null},{"edgeID":"1813514","fromID":"1388114","toID":"1388117","formEdgeID":null},{"edgeID":"1813515","fromID":"1388117","toID":"1388113","formEdgeID":null},{"edgeID":"1813516","fromID":"1388106","toID":"1388118","formEdgeID":null},{"edgeID":"1813517","fromID":"1388118","toID":"1388114","formEdgeID":null},{"edgeID":"1813518","fromID":"1388113","toID":"1388119","formEdgeID":null},{"edgeID":"1813519","fromID":"1388119","toID":"1388105","formEdgeID":null},{"edgeID":"1813520","fromID":"1388118","toID":"1388120","formEdgeID":null},{"edgeID":"1813521","fromID":"1388120","toID":"1388119","formEdgeID":null},{"edgeID":"1813522","fromID":"1388067","toID":"1388121","formEdgeID":null},{"edgeID":"1813523","fromID":"1388121","toID":"1388081","formEdgeID":null},{"edgeID":"1813524","fromID":"1388061","toID":"1388121","formEdgeID":null},{"edgeID":"1813525","fromID":"1388062","toID":"1388122","formEdgeID":null},{"edgeID":"1813526","fromID":"1388122","toID":"1388082","formEdgeID":null},{"edgeID":"1813527","fromID":"1388068","toID":"1388123","formEdgeID":null},{"edgeID":"1813528","fromID":"1388123","toID":"1388082","formEdgeID":null},{"edgeID":"1813529","fromID":"1388123","toID":"1388124","formEdgeID":null},{"edgeID":"1813530","fromID":"1388124","toID":"1388121","formEdgeID":null}],"locutions":[]}