{"nodes":[{"nodeID":"1386357","text":"the asylum seekers arriving in Britain are some of the most energetic, most ingenious people","type":"I","timestamp":"2023-11-09 15:02:42"},{"nodeID":"1386358","text":"Fraser Nelson: these are some of the most energetic, most ingenious people","type":"L","timestamp":"2023-11-09 15:02:42"},{"nodeID":"1386359","text":"Analysing","type":"YA","timestamp":"2023-11-09 15:02:42"},{"nodeID":"1386360","text":"Anon: Fraser Nelson: these are some of the most energetic, most ingenious people","type":"L","timestamp":"2023-11-09 15:02:42"},{"nodeID":"1386361","text":"Asserting","type":"YA","timestamp":"2023-11-09 15:02:42"},{"nodeID":"1386362","text":"the asylum seekers are incredibly creative","type":"I","timestamp":"2023-11-09 15:02:43"},{"nodeID":"1386363","text":"Fraser Nelson: incredibly creative.","type":"L","timestamp":"2023-11-09 15:02:43"},{"nodeID":"1386364","text":"Analysing","type":"YA","timestamp":"2023-11-09 15:02:43"},{"nodeID":"1386365","text":"Anon: Fraser Nelson: incredibly creative.","type":"L","timestamp":"2023-11-09 15:02:43"},{"nodeID":"1386366","text":"Asserting","type":"YA","timestamp":"2023-11-09 15:02:43"},{"nodeID":"1386367","text":"Default Rephrase","type":"MA","timestamp":"2023-11-09 15:02:43"},{"nodeID":"1386368","text":"Default Transition","type":"TA","timestamp":"2023-11-09 15:02:43"},{"nodeID":"1386369","text":"Restating","type":"YA","timestamp":"2023-11-09 15:02:43"},{"nodeID":"1386370","text":"housing these asylum seekers in hotels seems to be a waste of money according to Fraser Nelson","type":"I","timestamp":"2023-11-09 15:02:43"},{"nodeID":"1386371","text":"Fraser Nelson: It seems to me a waste of money","type":"L","timestamp":"2023-11-09 15:02:43"},{"nodeID":"1386372","text":"Analysing","type":"YA","timestamp":"2023-11-09 15:02:43"},{"nodeID":"1386373","text":"Anon: Fraser Nelson: It seems to me a waste of money","type":"L","timestamp":"2023-11-09 15:02:43"},{"nodeID":"1386374","text":"Asserting","type":"YA","timestamp":"2023-11-09 15:02:43"},{"nodeID":"1386375","text":"Default Transition","type":"TA","timestamp":"2023-11-09 15:02:43"},{"nodeID":"1386376","text":"it is a waste of talent to ban the asylum seekers from working","type":"I","timestamp":"2023-11-09 15:02:44"},{"nodeID":"1386377","text":"Fraser Nelson: a waste of talent to ban them from working","type":"L","timestamp":"2023-11-09 15:02:44"},{"nodeID":"1386378","text":"Analysing","type":"YA","timestamp":"2023-11-09 15:02:44"},{"nodeID":"1386379","text":"Anon: Fraser Nelson: a waste of talent to ban them from working","type":"L","timestamp":"2023-11-09 15:02:44"},{"nodeID":"1386380","text":"Asserting","type":"YA","timestamp":"2023-11-09 15:02:44"},{"nodeID":"1386381","text":"Default Inference","type":"RA","timestamp":"2023-11-09 15:02:44"},{"nodeID":"1386382","text":"Default Transition","type":"TA","timestamp":"2023-11-09 15:02:44"},{"nodeID":"1386383","text":"Arguing","type":"YA","timestamp":"2023-11-09 15:02:44"},{"nodeID":"1386384","text":"don't force asylum seekers to stay in hotels at the taxpayers' expense","type":"I","timestamp":"2023-11-09 15:02:44"},{"nodeID":"1386385","text":"Fraser Nelson: don't force them to stay at the taxpayers' expense","type":"L","timestamp":"2023-11-09 15:02:44"},{"nodeID":"1386386","text":"Analysing","type":"YA","timestamp":"2023-11-09 15:02:44"},{"nodeID":"1386387","text":"Anon: Fraser Nelson: don't force them to stay at the taxpayers' expense","type":"L","timestamp":"2023-11-09 15:02:44"},{"nodeID":"1386388","text":"Asserting","type":"YA","timestamp":"2023-11-09 15:02:44"},{"nodeID":"1386389","text":"look at the way when the Ukrainian refugees came in here, it was a very different situation","type":"I","timestamp":"2023-11-09 15:02:45"},{"nodeID":"1386390","text":"Fraser Nelson: Look at the way when the Ukrainian refugees came in here, it was a very different situation","type":"L","timestamp":"2023-11-09 15:02:45"},{"nodeID":"1386391","text":"Analysing","type":"YA","timestamp":"2023-11-09 15:02:45"},{"nodeID":"1386392","text":"Anon: Fraser Nelson: Look at the way when the Ukrainian refugees came in here, it was a very different situation","type":"L","timestamp":"2023-11-09 15:02:45"},{"nodeID":"1386393","text":"Asserting","type":"YA","timestamp":"2023-11-09 15:02:45"},{"nodeID":"1386394","text":"Default Transition","type":"TA","timestamp":"2023-11-09 15:02:45"},{"nodeID":"1386395","text":"the Ukrainian's were allowed them to work","type":"I","timestamp":"2023-11-09 15:02:46"},{"nodeID":"1386396","text":"Fraser Nelson: We allowed them to work.","type":"L","timestamp":"2023-11-09 15:02:46"},{"nodeID":"1386397","text":"Analysing","type":"YA","timestamp":"2023-11-09 15:02:46"},{"nodeID":"1386398","text":"Anon: Fraser Nelson: We allowed them to work.","type":"L","timestamp":"2023-11-09 15:02:46"},{"nodeID":"1386399","text":"Asserting","type":"YA","timestamp":"2023-11-09 15:02:46"},{"nodeID":"1386400","text":"Default Transition","type":"TA","timestamp":"2023-11-09 15:02:46"},{"nodeID":"1386401","text":"most of the Ukrainian refugees managed to find a job","type":"I","timestamp":"2023-11-09 15:02:46"},{"nodeID":"1386402","text":"Fraser Nelson: most of the Ukrainian refugees managed to find a job","type":"L","timestamp":"2023-11-09 15:02:46"},{"nodeID":"1386403","text":"Analysing","type":"YA","timestamp":"2023-11-09 15:02:46"},{"nodeID":"1386404","text":"Anon: Fraser Nelson: most of the Ukrainian refugees managed to find a job","type":"L","timestamp":"2023-11-09 15:02:46"},{"nodeID":"1386405","text":"Asserting","type":"YA","timestamp":"2023-11-09 15:02:46"},{"nodeID":"1386406","text":"Default Transition","type":"TA","timestamp":"2023-11-09 15:02:46"},{"nodeID":"1386407","text":"Default Rephrase","type":"MA","timestamp":"2023-11-09 15:02:46"},{"nodeID":"1386408","text":"Restating","type":"YA","timestamp":"2023-11-09 15:02:46"},{"nodeID":"1386409","text":"many of the Ukrainians that were allowed to work are now self-financing","type":"I","timestamp":"2023-11-09 15:02:47"},{"nodeID":"1386410","text":"Fraser Nelson: many of them are now self-financing","type":"L","timestamp":"2023-11-09 15:02:47"},{"nodeID":"1386411","text":"Analysing","type":"YA","timestamp":"2023-11-09 15:02:47"},{"nodeID":"1386412","text":"Anon: Fraser Nelson: many of them are now self-financing","type":"L","timestamp":"2023-11-09 15:02:47"},{"nodeID":"1386413","text":"Asserting","type":"YA","timestamp":"2023-11-09 15:02:47"},{"nodeID":"1386414","text":"Default Transition","type":"TA","timestamp":"2023-11-09 15:02:47"},{"nodeID":"1386415","text":"Default Rephrase","type":"MA","timestamp":"2023-11-09 15:02:47"},{"nodeID":"1386416","text":"Restating","type":"YA","timestamp":"2023-11-09 15:02:47"},{"nodeID":"1386417","text":"in the UK there is something like a million vacancies right now","type":"I","timestamp":"2023-11-09 15:02:47"},{"nodeID":"1386418","text":"Fraser Nelson: this is a country with something like a million vacancies right now","type":"L","timestamp":"2023-11-09 15:02:47"},{"nodeID":"1386419","text":"Analysing","type":"YA","timestamp":"2023-11-09 15:02:47"},{"nodeID":"1386420","text":"Anon: Fraser Nelson: this is a country with something like a million vacancies right now","type":"L","timestamp":"2023-11-09 15:02:47"},{"nodeID":"1386421","text":"Asserting","type":"YA","timestamp":"2023-11-09 15:02:47"},{"nodeID":"1386422","text":"Default Transition","type":"TA","timestamp":"2023-11-09 15:02:47"},{"nodeID":"1386423","text":"the level job vacancies is one of the most the UK has ever had","type":"I","timestamp":"2023-11-09 15:02:48"},{"nodeID":"1386424","text":"Fraser Nelson: one of the most we've ever had","type":"L","timestamp":"2023-11-09 15:02:48"},{"nodeID":"1386425","text":"Analysing","type":"YA","timestamp":"2023-11-09 15:02:48"},{"nodeID":"1386426","text":"Anon: Fraser Nelson: one of the most we've ever had","type":"L","timestamp":"2023-11-09 15:02:48"},{"nodeID":"1386427","text":"Asserting","type":"YA","timestamp":"2023-11-09 15:02:48"},{"nodeID":"1386428","text":"Default Transition","type":"TA","timestamp":"2023-11-09 15:02:48"},{"nodeID":"1386429","text":"Default Rephrase","type":"MA","timestamp":"2023-11-09 15:02:48"},{"nodeID":"1386430","text":"Restating","type":"YA","timestamp":"2023-11-09 15:02:48"},{"nodeID":"1386431","text":"the UK badly needs workers","type":"I","timestamp":"2023-11-09 15:02:49"},{"nodeID":"1386432","text":"Fraser Nelson: We badly need workers","type":"L","timestamp":"2023-11-09 15:02:49"},{"nodeID":"1386433","text":"Analysing","type":"YA","timestamp":"2023-11-09 15:02:49"},{"nodeID":"1386434","text":"Anon: Fraser Nelson: We badly need workers","type":"L","timestamp":"2023-11-09 15:02:49"},{"nodeID":"1386435","text":"Asserting","type":"YA","timestamp":"2023-11-09 15:02:49"},{"nodeID":"1386436","text":"Default Transition","type":"TA","timestamp":"2023-11-09 15:02:49"},{"nodeID":"1386437","text":"Default Inference","type":"RA","timestamp":"2023-11-09 15:02:49"},{"nodeID":"1386438","text":"Arguing","type":"YA","timestamp":"2023-11-09 15:02:49"},{"nodeID":"1386439","text":"Default Inference","type":"RA","timestamp":"2023-11-09 15:02:49"},{"nodeID":"1386440","text":"Default Transition","type":"TA","timestamp":"2023-11-09 15:02:49"},{"nodeID":"1386441","text":"Arguing","type":"YA","timestamp":"2023-11-09 15:02:49"},{"nodeID":"1386442","text":"Default Rephrase","type":"MA","timestamp":"2023-11-09 15:02:49"},{"nodeID":"1386443","text":"Restating","type":"YA","timestamp":"2023-11-09 15:02:49"},{"nodeID":"1386444","text":"according to Fraser Nelson people are desperate to do a good living here","type":"I","timestamp":"2023-11-09 15:02:49"},{"nodeID":"1386445","text":"Fraser Nelson: We've got people desperate I think to do a good living here.","type":"L","timestamp":"2023-11-09 15:02:49"},{"nodeID":"1386446","text":"Analysing","type":"YA","timestamp":"2023-11-09 15:02:49"},{"nodeID":"1386447","text":"Anon: Fraser Nelson: We've got people desperate I think to do a good living here.","type":"L","timestamp":"2023-11-09 15:02:49"},{"nodeID":"1386448","text":"Asserting","type":"YA","timestamp":"2023-11-09 15:02:49"},{"nodeID":"1386449","text":"Default Transition","type":"TA","timestamp":"2023-11-09 15:02:49"},{"nodeID":"1386450","text":"Fraser Nelson does support the Government's plan for Rwandan deportations","type":"I","timestamp":"2023-11-09 15:02:50"},{"nodeID":"1386451","text":"Fraser Nelson: I do support the Government's plan for Rwandan deportations","type":"L","timestamp":"2023-11-09 15:02:50"},{"nodeID":"1386452","text":"Analysing","type":"YA","timestamp":"2023-11-09 15:02:50"},{"nodeID":"1386453","text":"Anon: Fraser Nelson: I do support the Government's plan for Rwandan deportations","type":"L","timestamp":"2023-11-09 15:02:50"},{"nodeID":"1386454","text":"Asserting","type":"YA","timestamp":"2023-11-09 15:02:50"},{"nodeID":"1386455","text":"Fraser didn't used to support the UK governments Rwanda deportations","type":"I","timestamp":"2023-11-09 15:02:50"},{"nodeID":"1386456","text":"Fraser Nelson:  didn't used to.","type":"L","timestamp":"2023-11-09 15:02:50"},{"nodeID":"1386457","text":"Analysing","type":"YA","timestamp":"2023-11-09 15:02:50"},{"nodeID":"1386458","text":"Anon: Fraser Nelson:  didn't used to.","type":"L","timestamp":"2023-11-09 15:02:50"},{"nodeID":"1386459","text":"Asserting","type":"YA","timestamp":"2023-11-09 15:02:50"},{"nodeID":"1386460","text":"Default Transition","type":"TA","timestamp":"2023-11-09 15:02:50"},{"nodeID":"1386461","text":"Default Conflict","type":"CA","timestamp":"2023-11-09 15:02:50"},{"nodeID":"1386462","text":"Disagreeing","type":"YA","timestamp":"2023-11-09 15:02:50"},{"nodeID":"1386463","text":"Fraser Nelson came around to the fact that this is the only real way of trying to break the human traffickers' business model","type":"I","timestamp":"2023-11-09 15:02:51"},{"nodeID":"1386464","text":"Fraser Nelson: I came around to the fact that this is the only real way of trying to break the human traffickers' business model","type":"L","timestamp":"2023-11-09 15:02:51"},{"nodeID":"1386465","text":"Analysing","type":"YA","timestamp":"2023-11-09 15:02:51"},{"nodeID":"1386466","text":"Anon: Fraser Nelson: I came around to the fact that this is the only real way of trying to break the human traffickers' business model","type":"L","timestamp":"2023-11-09 15:02:51"},{"nodeID":"1386467","text":"Asserting","type":"YA","timestamp":"2023-11-09 15:02:51"},{"nodeID":"1386468","text":"Default Inference","type":"RA","timestamp":"2023-11-09 15:02:51"},{"nodeID":"1386469","text":"Default Transition","type":"TA","timestamp":"2023-11-09 15:02:51"},{"nodeID":"1386470","text":"Arguing","type":"YA","timestamp":"2023-11-09 15:02:51"},{"nodeID":"1386471","text":"the Rwanda deportation has been successful","type":"I","timestamp":"2023-11-09 15:02:52"},{"nodeID":"1386472","text":"Fraser Nelson: It worked","type":"L","timestamp":"2023-11-09 15:02:52"},{"nodeID":"1386473","text":"Analysing","type":"YA","timestamp":"2023-11-09 15:02:52"},{"nodeID":"1386474","text":"Anon: Fraser Nelson: It worked","type":"L","timestamp":"2023-11-09 15:02:52"},{"nodeID":"1386475","text":"Asserting","type":"YA","timestamp":"2023-11-09 15:02:52"},{"nodeID":"1386476","text":"Default Transition","type":"TA","timestamp":"2023-11-09 15:02:52"},{"nodeID":"1386477","text":"not so long ago, I think Albanians were accounting for almost half the arrivals of small boats","type":"I","timestamp":"2023-11-09 15:02:52"},{"nodeID":"1386478","text":"Fraser Nelson: not so long ago, I think Albanians were accounting for almost half the arrivals of small boats","type":"L","timestamp":"2023-11-09 15:02:52"},{"nodeID":"1386479","text":"Analysing","type":"YA","timestamp":"2023-11-09 15:02:52"},{"nodeID":"1386480","text":"Anon: Fraser Nelson: not so long ago, I think Albanians were accounting for almost half the arrivals of small boats","type":"L","timestamp":"2023-11-09 15:02:52"},{"nodeID":"1386481","text":"Asserting","type":"YA","timestamp":"2023-11-09 15:02:52"},{"nodeID":"1386482","text":"Default Transition","type":"TA","timestamp":"2023-11-09 15:02:52"},{"nodeID":"1386483","text":"Albania is a safe country","type":"I","timestamp":"2023-11-09 15:02:53"},{"nodeID":"1386484","text":"Fraser Nelson: Albania is a safe country","type":"L","timestamp":"2023-11-09 15:02:53"},{"nodeID":"1386485","text":"Analysing","type":"YA","timestamp":"2023-11-09 15:02:53"},{"nodeID":"1386486","text":"Anon: Fraser Nelson: Albania is a safe country","type":"L","timestamp":"2023-11-09 15:02:53"},{"nodeID":"1386487","text":"Asserting","type":"YA","timestamp":"2023-11-09 15:02:53"},{"nodeID":"1386488","text":"Default Transition","type":"TA","timestamp":"2023-11-09 15:02:53"},{"nodeID":"1386489","text":"now the country has managed to do a deal with the Albanian Government and start deporting people, then the number of Albanians coming here went down very, very quickly","type":"I","timestamp":"2023-11-09 15:02:53"},{"nodeID":"1386490","text":"Fraser Nelson: Now when the country managed to do a deal with the Albanian Government and start deporting people, then the number of Albanians coming here went down very, very quickly","type":"L","timestamp":"2023-11-09 15:02:53"},{"nodeID":"1386491","text":"Analysing","type":"YA","timestamp":"2023-11-09 15:02:53"},{"nodeID":"1386492","text":"Anon: Fraser Nelson: Now when the country managed to do a deal with the Albanian Government and start deporting people, then the number of Albanians coming here went down very, very quickly","type":"L","timestamp":"2023-11-09 15:02:53"},{"nodeID":"1386493","text":"Asserting","type":"YA","timestamp":"2023-11-09 15:02:53"},{"nodeID":"1386494","text":"Default Inference","type":"RA","timestamp":"2023-11-09 15:02:53"},{"nodeID":"1386495","text":"Default Transition","type":"TA","timestamp":"2023-11-09 15:02:53"},{"nodeID":"1386496","text":"Arguing","type":"YA","timestamp":"2023-11-09 15:02:53"},{"nodeID":"1386497","text":"Default Rephrase","type":"MA","timestamp":"2023-11-09 15:02:53"},{"nodeID":"1386498","text":"Default Transition","type":"TA","timestamp":"2023-11-09 15:02:53"},{"nodeID":"1386499","text":"Restating","type":"YA","timestamp":"2023-11-09 15:02:53"},{"nodeID":"1386500","text":"Default Transition","type":"TA","timestamp":"2023-11-09 15:02:53"},{"nodeID":"1386501","text":"Default Conflict","type":"CA","timestamp":"2023-11-09 15:02:53"},{"nodeID":"1386502","text":"Disagreeing","type":"YA","timestamp":"2023-11-09 15:02:53"}],"edges":[{"edgeID":"1811422","fromID":"1386359","toID":"1386358","formEdgeID":null},{"edgeID":"1811423","fromID":"1386360","toID":"1386359","formEdgeID":null},{"edgeID":"1811424","fromID":"1386358","toID":"1386361","formEdgeID":null},{"edgeID":"1811425","fromID":"1386361","toID":"1386357","formEdgeID":null},{"edgeID":"1811426","fromID":"1386364","toID":"1386363","formEdgeID":null},{"edgeID":"1811427","fromID":"1386365","toID":"1386364","formEdgeID":null},{"edgeID":"1811428","fromID":"1386363","toID":"1386366","formEdgeID":null},{"edgeID":"1811429","fromID":"1386366","toID":"1386362","formEdgeID":null},{"edgeID":"1811430","fromID":"1386362","toID":"1386367","formEdgeID":null},{"edgeID":"1811431","fromID":"1386367","toID":"1386357","formEdgeID":null},{"edgeID":"1811432","fromID":"1386358","toID":"1386368","formEdgeID":null},{"edgeID":"1811433","fromID":"1386368","toID":"1386363","formEdgeID":null},{"edgeID":"1811434","fromID":"1386368","toID":"1386369","formEdgeID":null},{"edgeID":"1811435","fromID":"1386369","toID":"1386367","formEdgeID":null},{"edgeID":"1811436","fromID":"1386372","toID":"1386371","formEdgeID":null},{"edgeID":"1811437","fromID":"1386373","toID":"1386372","formEdgeID":null},{"edgeID":"1811438","fromID":"1386371","toID":"1386374","formEdgeID":null},{"edgeID":"1811439","fromID":"1386374","toID":"1386370","formEdgeID":null},{"edgeID":"1811440","fromID":"1386363","toID":"1386375","formEdgeID":null},{"edgeID":"1811441","fromID":"1386375","toID":"1386371","formEdgeID":null},{"edgeID":"1811442","fromID":"1386378","toID":"1386377","formEdgeID":null},{"edgeID":"1811443","fromID":"1386379","toID":"1386378","formEdgeID":null},{"edgeID":"1811444","fromID":"1386377","toID":"1386380","formEdgeID":null},{"edgeID":"1811445","fromID":"1386380","toID":"1386376","formEdgeID":null},{"edgeID":"1811446","fromID":"1386357","toID":"1386381","formEdgeID":null},{"edgeID":"1811447","fromID":"1386381","toID":"1386376","formEdgeID":null},{"edgeID":"1811448","fromID":"1386358","toID":"1386382","formEdgeID":null},{"edgeID":"1811449","fromID":"1386382","toID":"1386377","formEdgeID":null},{"edgeID":"1811450","fromID":"1386382","toID":"1386383","formEdgeID":null},{"edgeID":"1811451","fromID":"1386383","toID":"1386381","formEdgeID":null},{"edgeID":"1811452","fromID":"1386386","toID":"1386385","formEdgeID":null},{"edgeID":"1811453","fromID":"1386387","toID":"1386386","formEdgeID":null},{"edgeID":"1811454","fromID":"1386385","toID":"1386388","formEdgeID":null},{"edgeID":"1811455","fromID":"1386388","toID":"1386384","formEdgeID":null},{"edgeID":"1811456","fromID":"1386391","toID":"1386390","formEdgeID":null},{"edgeID":"1811457","fromID":"1386392","toID":"1386391","formEdgeID":null},{"edgeID":"1811458","fromID":"1386390","toID":"1386393","formEdgeID":null},{"edgeID":"1811459","fromID":"1386393","toID":"1386389","formEdgeID":null},{"edgeID":"1811460","fromID":"1386385","toID":"1386394","formEdgeID":null},{"edgeID":"1811461","fromID":"1386394","toID":"1386390","formEdgeID":null},{"edgeID":"1811462","fromID":"1386397","toID":"1386396","formEdgeID":null},{"edgeID":"1811463","fromID":"1386398","toID":"1386397","formEdgeID":null},{"edgeID":"1811464","fromID":"1386396","toID":"1386399","formEdgeID":null},{"edgeID":"1811465","fromID":"1386399","toID":"1386395","formEdgeID":null},{"edgeID":"1811466","fromID":"1386390","toID":"1386400","formEdgeID":null},{"edgeID":"1811467","fromID":"1386400","toID":"1386396","formEdgeID":null},{"edgeID":"1811468","fromID":"1386403","toID":"1386402","formEdgeID":null},{"edgeID":"1811469","fromID":"1386404","toID":"1386403","formEdgeID":null},{"edgeID":"1811470","fromID":"1386402","toID":"1386405","formEdgeID":null},{"edgeID":"1811471","fromID":"1386405","toID":"1386401","formEdgeID":null},{"edgeID":"1811472","fromID":"1386396","toID":"1386406","formEdgeID":null},{"edgeID":"1811473","fromID":"1386406","toID":"1386402","formEdgeID":null},{"edgeID":"1811474","fromID":"1386401","toID":"1386407","formEdgeID":null},{"edgeID":"1811475","fromID":"1386407","toID":"1386395","formEdgeID":null},{"edgeID":"1811476","fromID":"1386406","toID":"1386408","formEdgeID":null},{"edgeID":"1811477","fromID":"1386408","toID":"1386407","formEdgeID":null},{"edgeID":"1811478","fromID":"1386411","toID":"1386410","formEdgeID":null},{"edgeID":"1811479","fromID":"1386412","toID":"1386411","formEdgeID":null},{"edgeID":"1811480","fromID":"1386410","toID":"1386413","formEdgeID":null},{"edgeID":"1811481","fromID":"1386413","toID":"1386409","formEdgeID":null},{"edgeID":"1811482","fromID":"1386402","toID":"1386414","formEdgeID":null},{"edgeID":"1811483","fromID":"1386414","toID":"1386410","formEdgeID":null},{"edgeID":"1811484","fromID":"1386409","toID":"1386415","formEdgeID":null},{"edgeID":"1811485","fromID":"1386415","toID":"1386401","formEdgeID":null},{"edgeID":"1811486","fromID":"1386414","toID":"1386416","formEdgeID":null},{"edgeID":"1811487","fromID":"1386416","toID":"1386415","formEdgeID":null},{"edgeID":"1811488","fromID":"1386419","toID":"1386418","formEdgeID":null},{"edgeID":"1811489","fromID":"1386420","toID":"1386419","formEdgeID":null},{"edgeID":"1811490","fromID":"1386418","toID":"1386421","formEdgeID":null},{"edgeID":"1811491","fromID":"1386421","toID":"1386417","formEdgeID":null},{"edgeID":"1811492","fromID":"1386410","toID":"1386422","formEdgeID":null},{"edgeID":"1811493","fromID":"1386422","toID":"1386418","formEdgeID":null},{"edgeID":"1811494","fromID":"1386425","toID":"1386424","formEdgeID":null},{"edgeID":"1811495","fromID":"1386426","toID":"1386425","formEdgeID":null},{"edgeID":"1811496","fromID":"1386424","toID":"1386427","formEdgeID":null},{"edgeID":"1811497","fromID":"1386427","toID":"1386423","formEdgeID":null},{"edgeID":"1811498","fromID":"1386418","toID":"1386428","formEdgeID":null},{"edgeID":"1811499","fromID":"1386428","toID":"1386424","formEdgeID":null},{"edgeID":"1811500","fromID":"1386423","toID":"1386429","formEdgeID":null},{"edgeID":"1811501","fromID":"1386429","toID":"1386417","formEdgeID":null},{"edgeID":"1811502","fromID":"1386428","toID":"1386430","formEdgeID":null},{"edgeID":"1811503","fromID":"1386430","toID":"1386429","formEdgeID":null},{"edgeID":"1811504","fromID":"1386433","toID":"1386432","formEdgeID":null},{"edgeID":"1811505","fromID":"1386434","toID":"1386433","formEdgeID":null},{"edgeID":"1811506","fromID":"1386432","toID":"1386435","formEdgeID":null},{"edgeID":"1811507","fromID":"1386435","toID":"1386431","formEdgeID":null},{"edgeID":"1811508","fromID":"1386424","toID":"1386436","formEdgeID":null},{"edgeID":"1811509","fromID":"1386436","toID":"1386432","formEdgeID":null},{"edgeID":"1811510","fromID":"1386423","toID":"1386437","formEdgeID":null},{"edgeID":"1811511","fromID":"1386437","toID":"1386431","formEdgeID":null},{"edgeID":"1811512","fromID":"1386436","toID":"1386438","formEdgeID":null},{"edgeID":"1811513","fromID":"1386438","toID":"1386437","formEdgeID":null},{"edgeID":"1811514","fromID":"1386431","toID":"1386439","formEdgeID":null},{"edgeID":"1811515","fromID":"1386439","toID":"1386376","formEdgeID":null},{"edgeID":"1811516","fromID":"1386432","toID":"1386440","formEdgeID":null},{"edgeID":"1811517","fromID":"1386440","toID":"1386377","formEdgeID":null},{"edgeID":"1811518","fromID":"1386440","toID":"1386441","formEdgeID":null},{"edgeID":"1811519","fromID":"1386441","toID":"1386439","formEdgeID":null},{"edgeID":"1811520","fromID":"1386395","toID":"1386442","formEdgeID":null},{"edgeID":"1811521","fromID":"1386442","toID":"1386389","formEdgeID":null},{"edgeID":"1811522","fromID":"1386400","toID":"1386443","formEdgeID":null},{"edgeID":"1811523","fromID":"1386443","toID":"1386442","formEdgeID":null},{"edgeID":"1811524","fromID":"1386446","toID":"1386445","formEdgeID":null},{"edgeID":"1811525","fromID":"1386447","toID":"1386446","formEdgeID":null},{"edgeID":"1811526","fromID":"1386445","toID":"1386448","formEdgeID":null},{"edgeID":"1811527","fromID":"1386448","toID":"1386444","formEdgeID":null},{"edgeID":"1811528","fromID":"1386432","toID":"1386449","formEdgeID":null},{"edgeID":"1811529","fromID":"1386449","toID":"1386445","formEdgeID":null},{"edgeID":"1811530","fromID":"1386452","toID":"1386451","formEdgeID":null},{"edgeID":"1811531","fromID":"1386453","toID":"1386452","formEdgeID":null},{"edgeID":"1811532","fromID":"1386451","toID":"1386454","formEdgeID":null},{"edgeID":"1811533","fromID":"1386454","toID":"1386450","formEdgeID":null},{"edgeID":"1811534","fromID":"1386457","toID":"1386456","formEdgeID":null},{"edgeID":"1811535","fromID":"1386458","toID":"1386457","formEdgeID":null},{"edgeID":"1811536","fromID":"1386456","toID":"1386459","formEdgeID":null},{"edgeID":"1811537","fromID":"1386459","toID":"1386455","formEdgeID":null},{"edgeID":"1811538","fromID":"1386451","toID":"1386460","formEdgeID":null},{"edgeID":"1811539","fromID":"1386460","toID":"1386456","formEdgeID":null},{"edgeID":"1811540","fromID":"1386455","toID":"1386461","formEdgeID":null},{"edgeID":"1811541","fromID":"1386461","toID":"1386450","formEdgeID":null},{"edgeID":"1811542","fromID":"1386460","toID":"1386462","formEdgeID":null},{"edgeID":"1811543","fromID":"1386462","toID":"1386461","formEdgeID":null},{"edgeID":"1811544","fromID":"1386465","toID":"1386464","formEdgeID":null},{"edgeID":"1811545","fromID":"1386466","toID":"1386465","formEdgeID":null},{"edgeID":"1811546","fromID":"1386464","toID":"1386467","formEdgeID":null},{"edgeID":"1811547","fromID":"1386467","toID":"1386463","formEdgeID":null},{"edgeID":"1811548","fromID":"1386463","toID":"1386468","formEdgeID":null},{"edgeID":"1811549","fromID":"1386468","toID":"1386450","formEdgeID":null},{"edgeID":"1811550","fromID":"1386451","toID":"1386469","formEdgeID":null},{"edgeID":"1811551","fromID":"1386469","toID":"1386464","formEdgeID":null},{"edgeID":"1811552","fromID":"1386469","toID":"1386470","formEdgeID":null},{"edgeID":"1811553","fromID":"1386470","toID":"1386468","formEdgeID":null},{"edgeID":"1811554","fromID":"1386473","toID":"1386472","formEdgeID":null},{"edgeID":"1811555","fromID":"1386474","toID":"1386473","formEdgeID":null},{"edgeID":"1811556","fromID":"1386472","toID":"1386475","formEdgeID":null},{"edgeID":"1811557","fromID":"1386475","toID":"1386471","formEdgeID":null},{"edgeID":"1811558","fromID":"1386464","toID":"1386476","formEdgeID":null},{"edgeID":"1811559","fromID":"1386476","toID":"1386472","formEdgeID":null},{"edgeID":"1811560","fromID":"1386479","toID":"1386478","formEdgeID":null},{"edgeID":"1811561","fromID":"1386480","toID":"1386479","formEdgeID":null},{"edgeID":"1811562","fromID":"1386478","toID":"1386481","formEdgeID":null},{"edgeID":"1811563","fromID":"1386481","toID":"1386477","formEdgeID":null},{"edgeID":"1811564","fromID":"1386472","toID":"1386482","formEdgeID":null},{"edgeID":"1811565","fromID":"1386482","toID":"1386478","formEdgeID":null},{"edgeID":"1811566","fromID":"1386485","toID":"1386484","formEdgeID":null},{"edgeID":"1811567","fromID":"1386486","toID":"1386485","formEdgeID":null},{"edgeID":"1811568","fromID":"1386484","toID":"1386487","formEdgeID":null},{"edgeID":"1811569","fromID":"1386487","toID":"1386483","formEdgeID":null},{"edgeID":"1811570","fromID":"1386478","toID":"1386488","formEdgeID":null},{"edgeID":"1811571","fromID":"1386488","toID":"1386484","formEdgeID":null},{"edgeID":"1811572","fromID":"1386491","toID":"1386490","formEdgeID":null},{"edgeID":"1811573","fromID":"1386492","toID":"1386491","formEdgeID":null},{"edgeID":"1811574","fromID":"1386490","toID":"1386493","formEdgeID":null},{"edgeID":"1811575","fromID":"1386493","toID":"1386489","formEdgeID":null},{"edgeID":"1811576","fromID":"1386477","toID":"1386494","formEdgeID":null},{"edgeID":"1811577","fromID":"1386494","toID":"1386471","formEdgeID":null},{"edgeID":"1811578","fromID":"1386489","toID":"1386494","formEdgeID":null},{"edgeID":"1811579","fromID":"1386472","toID":"1386495","formEdgeID":null},{"edgeID":"1811580","fromID":"1386495","toID":"1386490","formEdgeID":null},{"edgeID":"1811581","fromID":"1386495","toID":"1386496","formEdgeID":null},{"edgeID":"1811582","fromID":"1386496","toID":"1386494","formEdgeID":null},{"edgeID":"1811583","fromID":"1386384","toID":"1386497","formEdgeID":null},{"edgeID":"1811584","fromID":"1386497","toID":"1386370","formEdgeID":null},{"edgeID":"1811585","fromID":"1386371","toID":"1386498","formEdgeID":null},{"edgeID":"1811586","fromID":"1386498","toID":"1386385","formEdgeID":null},{"edgeID":"1811587","fromID":"1386498","toID":"1386499","formEdgeID":null},{"edgeID":"1811588","fromID":"1386499","toID":"1386497","formEdgeID":null},{"edgeID":"1811589","fromID":"1386445","toID":"1386500","formEdgeID":null},{"edgeID":"1811590","fromID":"1386500","toID":"1386451","formEdgeID":null},{"edgeID":"1811591","fromID":"1386483","toID":"1386501","formEdgeID":null},{"edgeID":"1811592","fromID":"1386501","toID":"1386477","formEdgeID":null},{"edgeID":"1811593","fromID":"1386488","toID":"1386502","formEdgeID":null},{"edgeID":"1811594","fromID":"1386502","toID":"1386501","formEdgeID":null}],"locutions":[]}