{"nodes":[{"nodeID":"1385862","text":"the Government's not talking about increasing safe and legal routes until after it has reduced the current number of refugees entering the UK","type":"I","timestamp":"2023-11-09 15:01:58"},{"nodeID":"1385863","text":"Fiona Bruce: the Government's not talking about increasing safe and legal routes until after it has reduced the current number","type":"L","timestamp":"2023-11-09 15:01:58"},{"nodeID":"1385864","text":"Analysing","type":"YA","timestamp":"2023-11-09 15:01:58"},{"nodeID":"1385865","text":"Anon: Fiona Bruce: the Government's not talking about increasing safe and legal routes until after it has reduced the current number","type":"L","timestamp":"2023-11-09 15:01:58"},{"nodeID":"1385866","text":"Asserting","type":"YA","timestamp":"2023-11-09 15:01:58"},{"nodeID":"1385867","text":"the Government's not talking about increasing safe and legal routes until after it has reduced the current backlog of refugees entering the UK","type":"I","timestamp":"2023-11-09 15:01:59"},{"nodeID":"1385868","text":"Fiona Bruce: the current backlog","type":"L","timestamp":"2023-11-09 15:01:59"},{"nodeID":"1385869","text":"Analysing","type":"YA","timestamp":"2023-11-09 15:01:59"},{"nodeID":"1385870","text":"Anon: Fiona Bruce: the current backlog","type":"L","timestamp":"2023-11-09 15:01:59"},{"nodeID":"1385871","text":"Asserting","type":"YA","timestamp":"2023-11-09 15:01:59"},{"nodeID":"1385872","text":"Default Transition","type":"TA","timestamp":"2023-11-09 15:01:59"},{"nodeID":"1385873","text":"Default Rephrase","type":"MA","timestamp":"2023-11-09 15:01:59"},{"nodeID":"1385874","text":"Restating","type":"YA","timestamp":"2023-11-09 15:01:59"},{"nodeID":"1385875","text":"in the meantime the government is suggesting using military barracks for refugees entering the UK","type":"I","timestamp":"2023-11-09 15:02:00"},{"nodeID":"1385876","text":"Fiona Bruce: As I understand it, correct me if I'm wrong, so in the meantime it's suggesting using military barracks","type":"L","timestamp":"2023-11-09 15:02:00"},{"nodeID":"1385877","text":"Analysing","type":"YA","timestamp":"2023-11-09 15:02:00"},{"nodeID":"1385878","text":"Anon: Fiona Bruce: As I understand it, correct me if I'm wrong, so in the meantime it's suggesting using military barracks","type":"L","timestamp":"2023-11-09 15:02:00"},{"nodeID":"1385879","text":"Assertive Questioning","type":"YA","timestamp":"2023-11-09 15:02:00"},{"nodeID":"1385880","text":"Default Rephrase","type":"MA","timestamp":"2023-11-09 15:02:00"},{"nodeID":"1385881","text":"Default Transition","type":"TA","timestamp":"2023-11-09 15:02:00"},{"nodeID":"1385882","text":"Restating","type":"YA","timestamp":"2023-11-09 15:02:00"},{"nodeID":"1385883","text":"using military barracks is or is not a credible alternative for safe and legal routes for refugees to enter the UK","type":"I","timestamp":"2023-11-09 15:02:00"},{"nodeID":"1385884","text":"Fiona Bruce: Is that a credible alternative","type":"L","timestamp":"2023-11-09 15:02:00"},{"nodeID":"1385885","text":"Analysing","type":"YA","timestamp":"2023-11-09 15:02:00"},{"nodeID":"1385886","text":"Anon: Fiona Bruce: Is that a credible alternative","type":"L","timestamp":"2023-11-09 15:02:00"},{"nodeID":"1385887","text":"Pure Questioning","type":"YA","timestamp":"2023-11-09 15:02:00"},{"nodeID":"1385888","text":"Default Transition","type":"TA","timestamp":"2023-11-09 15:02:00"},{"nodeID":"1385889","text":"we've got to get people out of hotels","type":"I","timestamp":"2023-11-09 15:02:01"},{"nodeID":"1385890","text":"Andrew Murrison: we've got to get people out of hotels","type":"L","timestamp":"2023-11-09 15:02:01"},{"nodeID":"1385891","text":"Analysing","type":"YA","timestamp":"2023-11-09 15:02:01"},{"nodeID":"1385892","text":"Anon: Andrew Murrison: we've got to get people out of hotels","type":"L","timestamp":"2023-11-09 15:02:01"},{"nodeID":"1385893","text":"Asserting","type":"YA","timestamp":"2023-11-09 15:02:01"},{"nodeID":"1385894","text":"Default Transition","type":"TA","timestamp":"2023-11-09 15:02:01"},{"nodeID":"1385895","text":"there's no question about us having to get people out of hotels","type":"I","timestamp":"2023-11-09 15:02:02"},{"nodeID":"1385896","text":"Andrew Murrison: There's no question about that","type":"L","timestamp":"2023-11-09 15:02:02"},{"nodeID":"1385897","text":"Analysing","type":"YA","timestamp":"2023-11-09 15:02:02"},{"nodeID":"1385898","text":"Anon: Andrew Murrison: There's no question about that","type":"L","timestamp":"2023-11-09 15:02:02"},{"nodeID":"1385899","text":"Asserting","type":"YA","timestamp":"2023-11-09 15:02:02"},{"nodeID":"1385900","text":"Default Transition","type":"TA","timestamp":"2023-11-09 15:02:02"},{"nodeID":"1385901","text":"Default Rephrase","type":"MA","timestamp":"2023-11-09 15:02:02"},{"nodeID":"1385902","text":"Restating","type":"YA","timestamp":"2023-11-09 15:02:02"},{"nodeID":"1385903","text":"having people in hotels is bad for the individuals","type":"I","timestamp":"2023-11-09 15:02:02"},{"nodeID":"1385904","text":"Andrew Murrison: It's bad for the individuals","type":"L","timestamp":"2023-11-09 15:02:02"},{"nodeID":"1385905","text":"Analysing","type":"YA","timestamp":"2023-11-09 15:02:02"},{"nodeID":"1385906","text":"Anon: Andrew Murrison: It's bad for the individuals","type":"L","timestamp":"2023-11-09 15:02:02"},{"nodeID":"1385907","text":"Asserting","type":"YA","timestamp":"2023-11-09 15:02:02"},{"nodeID":"1385908","text":"having people in hotels is bad for the communities in which they tend to be","type":"I","timestamp":"2023-11-09 15:02:03"},{"nodeID":"1385909","text":"Andrew Murrison: it's bad for the communities in which they tend to be","type":"L","timestamp":"2023-11-09 15:02:03"},{"nodeID":"1385910","text":"Analysing","type":"YA","timestamp":"2023-11-09 15:02:03"},{"nodeID":"1385911","text":"Anon: Andrew Murrison: it's bad for the communities in which they tend to be","type":"L","timestamp":"2023-11-09 15:02:03"},{"nodeID":"1385912","text":"Asserting","type":"YA","timestamp":"2023-11-09 15:02:03"},{"nodeID":"1385913","text":"having people in hotels is all round bad news","type":"I","timestamp":"2023-11-09 15:02:04"},{"nodeID":"1385914","text":"Andrew Murrison: It's all round bad news","type":"L","timestamp":"2023-11-09 15:02:04"},{"nodeID":"1385915","text":"Analysing","type":"YA","timestamp":"2023-11-09 15:02:04"},{"nodeID":"1385916","text":"Anon: Andrew Murrison: It's all round bad news","type":"L","timestamp":"2023-11-09 15:02:04"},{"nodeID":"1385917","text":"Asserting","type":"YA","timestamp":"2023-11-09 15:02:04"},{"nodeID":"1385918","text":"Default Transition","type":"TA","timestamp":"2023-11-09 15:02:04"},{"nodeID":"1385919","text":"Default Transition","type":"TA","timestamp":"2023-11-09 15:02:04"},{"nodeID":"1385920","text":"Default Inference","type":"RA","timestamp":"2023-11-09 15:02:04"},{"nodeID":"1385921","text":"Arguing","type":"YA","timestamp":"2023-11-09 15:02:04"},{"nodeID":"1385922","text":"Default Transition","type":"TA","timestamp":"2023-11-09 15:02:04"},{"nodeID":"1385923","text":"Default Inference","type":"RA","timestamp":"2023-11-09 15:02:04"},{"nodeID":"1385924","text":"Arguing","type":"YA","timestamp":"2023-11-09 15:02:04"},{"nodeID":"1385925","text":"us having to get people out of hotels is part of the solution","type":"I","timestamp":"2023-11-09 15:02:04"},{"nodeID":"1385926","text":"Andrew Murrison: this is part of the solution","type":"L","timestamp":"2023-11-09 15:02:04"},{"nodeID":"1385927","text":"Analysing","type":"YA","timestamp":"2023-11-09 15:02:04"},{"nodeID":"1385928","text":"Anon: Andrew Murrison: this is part of the solution","type":"L","timestamp":"2023-11-09 15:02:04"},{"nodeID":"1385929","text":"Asserting","type":"YA","timestamp":"2023-11-09 15:02:04"},{"nodeID":"1385930","text":"Default Rephrase","type":"MA","timestamp":"2023-11-09 15:02:04"},{"nodeID":"1385931","text":"Default Transition","type":"TA","timestamp":"2023-11-09 15:02:04"},{"nodeID":"1385932","text":"Restating","type":"YA","timestamp":"2023-11-09 15:02:04"},{"nodeID":"1385933","text":"dealing with this situation is going to be multifaceted","type":"I","timestamp":"2023-11-09 15:02:05"},{"nodeID":"1385934","text":"Andrew Murrison: dealing with this, Fiona, is going to be multifaceted","type":"L","timestamp":"2023-11-09 15:02:05"},{"nodeID":"1385935","text":"Analysing","type":"YA","timestamp":"2023-11-09 15:02:05"},{"nodeID":"1385936","text":"Anon: Andrew Murrison: dealing with this, Fiona, is going to be multifaceted","type":"L","timestamp":"2023-11-09 15:02:05"},{"nodeID":"1385937","text":"Asserting","type":"YA","timestamp":"2023-11-09 15:02:05"},{"nodeID":"1385938","text":"Default Rephrase","type":"MA","timestamp":"2023-11-09 15:02:05"},{"nodeID":"1385939","text":"Default Transition","type":"TA","timestamp":"2023-11-09 15:02:05"},{"nodeID":"1385940","text":"Restating","type":"YA","timestamp":"2023-11-09 15:02:05"},{"nodeID":"1385941","text":"there is no magic wand that's going to deal with this situation","type":"I","timestamp":"2023-11-09 15:02:06"},{"nodeID":"1385942","text":"Andrew Murrison: There is no magic wand that's going to deal with this situation","type":"L","timestamp":"2023-11-09 15:02:06"},{"nodeID":"1385943","text":"Analysing","type":"YA","timestamp":"2023-11-09 15:02:06"},{"nodeID":"1385944","text":"Anon: Andrew Murrison: There is no magic wand that's going to deal with this situation","type":"L","timestamp":"2023-11-09 15:02:06"},{"nodeID":"1385945","text":"Asserting","type":"YA","timestamp":"2023-11-09 15:02:06"},{"nodeID":"1385946","text":"we will deal with this situation","type":"I","timestamp":"2023-11-09 15:02:06"},{"nodeID":"1385947","text":"Andrew Murrison: We will deal with it","type":"L","timestamp":"2023-11-09 15:02:06"},{"nodeID":"1385948","text":"Analysing","type":"YA","timestamp":"2023-11-09 15:02:06"},{"nodeID":"1385949","text":"Anon: Andrew Murrison: We will deal with it","type":"L","timestamp":"2023-11-09 15:02:06"},{"nodeID":"1385950","text":"Asserting","type":"YA","timestamp":"2023-11-09 15:02:06"},{"nodeID":"1385951","text":"Default Transition","type":"TA","timestamp":"2023-11-09 15:02:06"},{"nodeID":"1385952","text":"Default Transition","type":"TA","timestamp":"2023-11-09 15:02:06"},{"nodeID":"1385953","text":"Default Inference","type":"RA","timestamp":"2023-11-09 15:02:06"},{"nodeID":"1385954","text":"Arguing","type":"YA","timestamp":"2023-11-09 15:02:06"},{"nodeID":"1385955","text":"Andrew Murrison is confident that we will deal with this situation","type":"I","timestamp":"2023-11-09 15:02:07"},{"nodeID":"1385956","text":"Andrew Murrison: I'm confident of that","type":"L","timestamp":"2023-11-09 15:02:07"},{"nodeID":"1385957","text":"Analysing","type":"YA","timestamp":"2023-11-09 15:02:07"},{"nodeID":"1385958","text":"Anon: Andrew Murrison: I'm confident of that","type":"L","timestamp":"2023-11-09 15:02:07"},{"nodeID":"1385959","text":"Asserting","type":"YA","timestamp":"2023-11-09 15:02:07"},{"nodeID":"1385960","text":"Default Rephrase","type":"MA","timestamp":"2023-11-09 15:02:07"},{"nodeID":"1385961","text":"Default Transition","type":"TA","timestamp":"2023-11-09 15:02:07"},{"nodeID":"1385962","text":"Restating","type":"YA","timestamp":"2023-11-09 15:02:07"},{"nodeID":"1385963","text":"the solution is going to be multifaceted and actually really rather complicated","type":"I","timestamp":"2023-11-09 15:02:07"},{"nodeID":"1385964","text":"Andrew Murrison: the solution is going to be multifaceted and actually really rather complicated","type":"L","timestamp":"2023-11-09 15:02:07"},{"nodeID":"1385965","text":"Analysing","type":"YA","timestamp":"2023-11-09 15:02:07"},{"nodeID":"1385966","text":"Anon: Andrew Murrison: the solution is going to be multifaceted and actually really rather complicated","type":"L","timestamp":"2023-11-09 15:02:07"},{"nodeID":"1385967","text":"Asserting","type":"YA","timestamp":"2023-11-09 15:02:07"},{"nodeID":"1385968","text":"Default Transition","type":"TA","timestamp":"2023-11-09 15:02:07"},{"nodeID":"1385969","text":"Default Rephrase","type":"MA","timestamp":"2023-11-09 15:02:07"},{"nodeID":"1385970","text":"Restating","type":"YA","timestamp":"2023-11-09 15:02:07"},{"nodeID":"1385971","text":"Default Transition","type":"TA","timestamp":"2023-11-09 15:02:07"},{"nodeID":"1385972","text":"Default Inference","type":"RA","timestamp":"2023-11-09 15:02:07"},{"nodeID":"1385973","text":"Arguing","type":"YA","timestamp":"2023-11-09 15:02:07"},{"nodeID":"1385974","text":"in terms of being credible, you've got 166,000 odd people waiting to have their asylum claim processed","type":"I","timestamp":"2023-11-09 15:02:08"},{"nodeID":"1385975","text":"Fiona Bruce: in terms of being credible, you've got 166,000 odd people waiting to have their asylum claim processed","type":"L","timestamp":"2023-11-09 15:02:08"},{"nodeID":"1385976","text":"Analysing","type":"YA","timestamp":"2023-11-09 15:02:08"},{"nodeID":"1385977","text":"Anon: Fiona Bruce: in terms of being credible, you've got 166,000 odd people waiting to have their asylum claim processed","type":"L","timestamp":"2023-11-09 15:02:08"},{"nodeID":"1385978","text":"Asserting","type":"YA","timestamp":"2023-11-09 15:02:08"},{"nodeID":"1385979","text":"Default Transition","type":"TA","timestamp":"2023-11-09 15:02:08"},{"nodeID":"1385980","text":"the barracks will house something like 5,000 people","type":"I","timestamp":"2023-11-09 15:02:09"},{"nodeID":"1385981","text":"Fiona Bruce: the barracks will house something like 5,000","type":"L","timestamp":"2023-11-09 15:02:09"},{"nodeID":"1385982","text":"Analysing","type":"YA","timestamp":"2023-11-09 15:02:09"},{"nodeID":"1385983","text":"Anon: Fiona Bruce: the barracks will house something like 5,000","type":"L","timestamp":"2023-11-09 15:02:09"},{"nodeID":"1385984","text":"Asserting","type":"YA","timestamp":"2023-11-09 15:02:09"},{"nodeID":"1385985","text":"Default Conflict","type":"CA","timestamp":"2023-11-09 15:02:09"},{"nodeID":"1385986","text":"Default Transition","type":"TA","timestamp":"2023-11-09 15:02:09"},{"nodeID":"1385987","text":"Disagreeing","type":"YA","timestamp":"2023-11-09 15:02:09"},{"nodeID":"1385988","text":"using the barracks is going to be part of the solution","type":"I","timestamp":"2023-11-09 15:02:09"},{"nodeID":"1385989","text":"Andrew Murrison:  it's going to be part of the solution","type":"L","timestamp":"2023-11-09 15:02:09"},{"nodeID":"1385990","text":"Analysing","type":"YA","timestamp":"2023-11-09 15:02:09"},{"nodeID":"1385991","text":"Anon: Andrew Murrison:  it's going to be part of the solution","type":"L","timestamp":"2023-11-09 15:02:09"},{"nodeID":"1385992","text":"Asserting","type":"YA","timestamp":"2023-11-09 15:02:09"},{"nodeID":"1385993","text":"Default Transition","type":"TA","timestamp":"2023-11-09 15:02:09"},{"nodeID":"1385994","text":"Default Rephrase","type":"MA","timestamp":"2023-11-09 15:02:09"},{"nodeID":"1385995","text":"Restating","type":"YA","timestamp":"2023-11-09 15:02:09"},{"nodeID":"1385996","text":"Default Transition","type":"TA","timestamp":"2023-11-09 15:02:09"},{"nodeID":"1385997","text":"Default Rephrase","type":"MA","timestamp":"2023-11-09 15:02:09"},{"nodeID":"1385998","text":"Default Transition","type":"TA","timestamp":"2023-11-09 15:02:09"},{"nodeID":"1385999","text":"Default Transition","type":"TA","timestamp":"2023-11-09 15:02:09"},{"nodeID":"1386000","text":"Default Transition","type":"TA","timestamp":"2023-11-09 15:02:09"},{"nodeID":"1386001","text":"Default Transition","type":"TA","timestamp":"2023-11-09 15:02:09"},{"nodeID":"1386002","text":"Default Illocuting","type":"YA","timestamp":"2023-11-09 15:02:09"},{"nodeID":"1386003","text":"using the barracks is not the whole part","type":"I","timestamp":"2023-11-09 15:02:10"},{"nodeID":"1386004","text":"Andrew Murrison: It's not the whole part","type":"L","timestamp":"2023-11-09 15:02:10"},{"nodeID":"1386005","text":"Analysing","type":"YA","timestamp":"2023-11-09 15:02:10"},{"nodeID":"1386006","text":"Anon: Andrew Murrison: It's not the whole part","type":"L","timestamp":"2023-11-09 15:02:10"},{"nodeID":"1386007","text":"Asserting","type":"YA","timestamp":"2023-11-09 15:02:10"},{"nodeID":"1386008","text":"Default Rephrase","type":"MA","timestamp":"2023-11-09 15:02:10"},{"nodeID":"1386009","text":"Default Transition","type":"TA","timestamp":"2023-11-09 15:02:10"},{"nodeID":"1386010","text":"Restating","type":"YA","timestamp":"2023-11-09 15:02:10"},{"nodeID":"1386011","text":"using the barracks is a credible bit in the jigsaw","type":"I","timestamp":"2023-11-09 15:02:11"},{"nodeID":"1386012","text":"Andrew Murrison: it's a credible bit in the jigsaw","type":"L","timestamp":"2023-11-09 15:02:11"},{"nodeID":"1386013","text":"Analysing","type":"YA","timestamp":"2023-11-09 15:02:11"},{"nodeID":"1386014","text":"Anon: Andrew Murrison: it's a credible bit in the jigsaw","type":"L","timestamp":"2023-11-09 15:02:11"},{"nodeID":"1386015","text":"Asserting","type":"YA","timestamp":"2023-11-09 15:02:11"},{"nodeID":"1386016","text":"Default Rephrase","type":"MA","timestamp":"2023-11-09 15:02:11"},{"nodeID":"1386017","text":"Default Transition","type":"TA","timestamp":"2023-11-09 15:02:11"},{"nodeID":"1386018","text":"Restating","type":"YA","timestamp":"2023-11-09 15:02:11"},{"nodeID":"1386019","text":"Default Transition","type":"TA","timestamp":"2023-11-09 15:02:11"}],"edges":[{"edgeID":"1810838","fromID":"1385864","toID":"1385863","formEdgeID":null},{"edgeID":"1810839","fromID":"1385865","toID":"1385864","formEdgeID":null},{"edgeID":"1810840","fromID":"1385863","toID":"1385866","formEdgeID":null},{"edgeID":"1810841","fromID":"1385866","toID":"1385862","formEdgeID":null},{"edgeID":"1810842","fromID":"1385869","toID":"1385868","formEdgeID":null},{"edgeID":"1810843","fromID":"1385870","toID":"1385869","formEdgeID":null},{"edgeID":"1810844","fromID":"1385868","toID":"1385871","formEdgeID":null},{"edgeID":"1810845","fromID":"1385871","toID":"1385867","formEdgeID":null},{"edgeID":"1810846","fromID":"1385863","toID":"1385872","formEdgeID":null},{"edgeID":"1810847","fromID":"1385872","toID":"1385868","formEdgeID":null},{"edgeID":"1810848","fromID":"1385867","toID":"1385873","formEdgeID":null},{"edgeID":"1810849","fromID":"1385873","toID":"1385862","formEdgeID":null},{"edgeID":"1810850","fromID":"1385872","toID":"1385874","formEdgeID":null},{"edgeID":"1810851","fromID":"1385874","toID":"1385873","formEdgeID":null},{"edgeID":"1810852","fromID":"1385877","toID":"1385876","formEdgeID":null},{"edgeID":"1810853","fromID":"1385878","toID":"1385877","formEdgeID":null},{"edgeID":"1810854","fromID":"1385876","toID":"1385879","formEdgeID":null},{"edgeID":"1810855","fromID":"1385879","toID":"1385875","formEdgeID":null},{"edgeID":"1810856","fromID":"1385875","toID":"1385880","formEdgeID":null},{"edgeID":"1810857","fromID":"1385880","toID":"1385867","formEdgeID":null},{"edgeID":"1810858","fromID":"1385868","toID":"1385881","formEdgeID":null},{"edgeID":"1810859","fromID":"1385881","toID":"1385876","formEdgeID":null},{"edgeID":"1810860","fromID":"1385881","toID":"1385882","formEdgeID":null},{"edgeID":"1810861","fromID":"1385882","toID":"1385880","formEdgeID":null},{"edgeID":"1810862","fromID":"1385885","toID":"1385884","formEdgeID":null},{"edgeID":"1810863","fromID":"1385886","toID":"1385885","formEdgeID":null},{"edgeID":"1810864","fromID":"1385884","toID":"1385887","formEdgeID":null},{"edgeID":"1810865","fromID":"1385887","toID":"1385883","formEdgeID":null},{"edgeID":"1810866","fromID":"1385876","toID":"1385888","formEdgeID":null},{"edgeID":"1810867","fromID":"1385888","toID":"1385884","formEdgeID":null},{"edgeID":"1810868","fromID":"1385891","toID":"1385890","formEdgeID":null},{"edgeID":"1810869","fromID":"1385892","toID":"1385891","formEdgeID":null},{"edgeID":"1810870","fromID":"1385890","toID":"1385893","formEdgeID":null},{"edgeID":"1810871","fromID":"1385893","toID":"1385889","formEdgeID":null},{"edgeID":"1810872","fromID":"1385884","toID":"1385894","formEdgeID":null},{"edgeID":"1810873","fromID":"1385894","toID":"1385890","formEdgeID":null},{"edgeID":"1810874","fromID":"1385897","toID":"1385896","formEdgeID":null},{"edgeID":"1810875","fromID":"1385898","toID":"1385897","formEdgeID":null},{"edgeID":"1810876","fromID":"1385896","toID":"1385899","formEdgeID":null},{"edgeID":"1810877","fromID":"1385899","toID":"1385895","formEdgeID":null},{"edgeID":"1810878","fromID":"1385890","toID":"1385900","formEdgeID":null},{"edgeID":"1810879","fromID":"1385900","toID":"1385896","formEdgeID":null},{"edgeID":"1810880","fromID":"1385895","toID":"1385901","formEdgeID":null},{"edgeID":"1810881","fromID":"1385901","toID":"1385889","formEdgeID":null},{"edgeID":"1810882","fromID":"1385900","toID":"1385902","formEdgeID":null},{"edgeID":"1810883","fromID":"1385902","toID":"1385901","formEdgeID":null},{"edgeID":"1810884","fromID":"1385905","toID":"1385904","formEdgeID":null},{"edgeID":"1810885","fromID":"1385906","toID":"1385905","formEdgeID":null},{"edgeID":"1810886","fromID":"1385904","toID":"1385907","formEdgeID":null},{"edgeID":"1810887","fromID":"1385907","toID":"1385903","formEdgeID":null},{"edgeID":"1810888","fromID":"1385910","toID":"1385909","formEdgeID":null},{"edgeID":"1810889","fromID":"1385911","toID":"1385910","formEdgeID":null},{"edgeID":"1810890","fromID":"1385909","toID":"1385912","formEdgeID":null},{"edgeID":"1810891","fromID":"1385912","toID":"1385908","formEdgeID":null},{"edgeID":"1810892","fromID":"1385915","toID":"1385914","formEdgeID":null},{"edgeID":"1810893","fromID":"1385916","toID":"1385915","formEdgeID":null},{"edgeID":"1810894","fromID":"1385914","toID":"1385917","formEdgeID":null},{"edgeID":"1810895","fromID":"1385917","toID":"1385913","formEdgeID":null},{"edgeID":"1810896","fromID":"1385909","toID":"1385918","formEdgeID":null},{"edgeID":"1810897","fromID":"1385918","toID":"1385914","formEdgeID":null},{"edgeID":"1810898","fromID":"1385904","toID":"1385919","formEdgeID":null},{"edgeID":"1810899","fromID":"1385919","toID":"1385914","formEdgeID":null},{"edgeID":"1810900","fromID":"1385908","toID":"1385920","formEdgeID":null},{"edgeID":"1810901","fromID":"1385920","toID":"1385913","formEdgeID":null},{"edgeID":"1810902","fromID":"1385903","toID":"1385920","formEdgeID":null},{"edgeID":"1810903","fromID":"1385918","toID":"1385921","formEdgeID":null},{"edgeID":"1810904","fromID":"1385921","toID":"1385920","formEdgeID":null},{"edgeID":"1810905","fromID":"1385896","toID":"1385922","formEdgeID":null},{"edgeID":"1810906","fromID":"1385922","toID":"1385914","formEdgeID":null},{"edgeID":"1810907","fromID":"1385913","toID":"1385923","formEdgeID":null},{"edgeID":"1810908","fromID":"1385923","toID":"1385895","formEdgeID":null},{"edgeID":"1810909","fromID":"1385922","toID":"1385924","formEdgeID":null},{"edgeID":"1810910","fromID":"1385924","toID":"1385923","formEdgeID":null},{"edgeID":"1810911","fromID":"1385927","toID":"1385926","formEdgeID":null},{"edgeID":"1810912","fromID":"1385928","toID":"1385927","formEdgeID":null},{"edgeID":"1810913","fromID":"1385926","toID":"1385929","formEdgeID":null},{"edgeID":"1810914","fromID":"1385929","toID":"1385925","formEdgeID":null},{"edgeID":"1810915","fromID":"1385925","toID":"1385930","formEdgeID":null},{"edgeID":"1810916","fromID":"1385930","toID":"1385889","formEdgeID":null},{"edgeID":"1810917","fromID":"1385890","toID":"1385931","formEdgeID":null},{"edgeID":"1810918","fromID":"1385931","toID":"1385926","formEdgeID":null},{"edgeID":"1810919","fromID":"1385931","toID":"1385932","formEdgeID":null},{"edgeID":"1810920","fromID":"1385932","toID":"1385930","formEdgeID":null},{"edgeID":"1810921","fromID":"1385935","toID":"1385934","formEdgeID":null},{"edgeID":"1810922","fromID":"1385936","toID":"1385935","formEdgeID":null},{"edgeID":"1810923","fromID":"1385934","toID":"1385937","formEdgeID":null},{"edgeID":"1810924","fromID":"1385937","toID":"1385933","formEdgeID":null},{"edgeID":"1810925","fromID":"1385933","toID":"1385938","formEdgeID":null},{"edgeID":"1810926","fromID":"1385938","toID":"1385925","formEdgeID":null},{"edgeID":"1810927","fromID":"1385926","toID":"1385939","formEdgeID":null},{"edgeID":"1810928","fromID":"1385939","toID":"1385934","formEdgeID":null},{"edgeID":"1810929","fromID":"1385939","toID":"1385940","formEdgeID":null},{"edgeID":"1810930","fromID":"1385940","toID":"1385938","formEdgeID":null},{"edgeID":"1810931","fromID":"1385943","toID":"1385942","formEdgeID":null},{"edgeID":"1810932","fromID":"1385944","toID":"1385943","formEdgeID":null},{"edgeID":"1810933","fromID":"1385942","toID":"1385945","formEdgeID":null},{"edgeID":"1810934","fromID":"1385945","toID":"1385941","formEdgeID":null},{"edgeID":"1810935","fromID":"1385948","toID":"1385947","formEdgeID":null},{"edgeID":"1810936","fromID":"1385949","toID":"1385948","formEdgeID":null},{"edgeID":"1810937","fromID":"1385947","toID":"1385950","formEdgeID":null},{"edgeID":"1810938","fromID":"1385950","toID":"1385946","formEdgeID":null},{"edgeID":"1810939","fromID":"1385934","toID":"1385951","formEdgeID":null},{"edgeID":"1810940","fromID":"1385951","toID":"1385942","formEdgeID":null},{"edgeID":"1810941","fromID":"1385942","toID":"1385952","formEdgeID":null},{"edgeID":"1810942","fromID":"1385952","toID":"1385947","formEdgeID":null},{"edgeID":"1810943","fromID":"1385941","toID":"1385953","formEdgeID":null},{"edgeID":"1810944","fromID":"1385953","toID":"1385946","formEdgeID":null},{"edgeID":"1810945","fromID":"1385952","toID":"1385954","formEdgeID":null},{"edgeID":"1810946","fromID":"1385954","toID":"1385953","formEdgeID":null},{"edgeID":"1810947","fromID":"1385957","toID":"1385956","formEdgeID":null},{"edgeID":"1810948","fromID":"1385958","toID":"1385957","formEdgeID":null},{"edgeID":"1810949","fromID":"1385956","toID":"1385959","formEdgeID":null},{"edgeID":"1810950","fromID":"1385959","toID":"1385955","formEdgeID":null},{"edgeID":"1810951","fromID":"1385955","toID":"1385960","formEdgeID":null},{"edgeID":"1810952","fromID":"1385960","toID":"1385946","formEdgeID":null},{"edgeID":"1810953","fromID":"1385947","toID":"1385961","formEdgeID":null},{"edgeID":"1810954","fromID":"1385961","toID":"1385956","formEdgeID":null},{"edgeID":"1810955","fromID":"1385961","toID":"1385962","formEdgeID":null},{"edgeID":"1810956","fromID":"1385962","toID":"1385960","formEdgeID":null},{"edgeID":"1810957","fromID":"1385965","toID":"1385964","formEdgeID":null},{"edgeID":"1810958","fromID":"1385966","toID":"1385965","formEdgeID":null},{"edgeID":"1810959","fromID":"1385964","toID":"1385967","formEdgeID":null},{"edgeID":"1810960","fromID":"1385967","toID":"1385963","formEdgeID":null},{"edgeID":"1810961","fromID":"1385934","toID":"1385968","formEdgeID":null},{"edgeID":"1810962","fromID":"1385968","toID":"1385964","formEdgeID":null},{"edgeID":"1810963","fromID":"1385963","toID":"1385969","formEdgeID":null},{"edgeID":"1810964","fromID":"1385969","toID":"1385933","formEdgeID":null},{"edgeID":"1810965","fromID":"1385968","toID":"1385970","formEdgeID":null},{"edgeID":"1810966","fromID":"1385970","toID":"1385969","formEdgeID":null},{"edgeID":"1810967","fromID":"1385942","toID":"1385971","formEdgeID":null},{"edgeID":"1810968","fromID":"1385971","toID":"1385964","formEdgeID":null},{"edgeID":"1810969","fromID":"1385963","toID":"1385972","formEdgeID":null},{"edgeID":"1810970","fromID":"1385972","toID":"1385941","formEdgeID":null},{"edgeID":"1810971","fromID":"1385971","toID":"1385973","formEdgeID":null},{"edgeID":"1810972","fromID":"1385973","toID":"1385972","formEdgeID":null},{"edgeID":"1810973","fromID":"1385976","toID":"1385975","formEdgeID":null},{"edgeID":"1810974","fromID":"1385977","toID":"1385976","formEdgeID":null},{"edgeID":"1810975","fromID":"1385975","toID":"1385978","formEdgeID":null},{"edgeID":"1810976","fromID":"1385978","toID":"1385974","formEdgeID":null},{"edgeID":"1810977","fromID":"1385964","toID":"1385979","formEdgeID":null},{"edgeID":"1810978","fromID":"1385979","toID":"1385975","formEdgeID":null},{"edgeID":"1810979","fromID":"1385982","toID":"1385981","formEdgeID":null},{"edgeID":"1810980","fromID":"1385983","toID":"1385982","formEdgeID":null},{"edgeID":"1810981","fromID":"1385981","toID":"1385984","formEdgeID":null},{"edgeID":"1810982","fromID":"1385984","toID":"1385980","formEdgeID":null},{"edgeID":"1810983","fromID":"1385980","toID":"1385985","formEdgeID":null},{"edgeID":"1810984","fromID":"1385985","toID":"1385974","formEdgeID":null},{"edgeID":"1810985","fromID":"1385975","toID":"1385986","formEdgeID":null},{"edgeID":"1810986","fromID":"1385986","toID":"1385981","formEdgeID":null},{"edgeID":"1810987","fromID":"1385986","toID":"1385987","formEdgeID":null},{"edgeID":"1810988","fromID":"1385987","toID":"1385985","formEdgeID":null},{"edgeID":"1810989","fromID":"1385990","toID":"1385989","formEdgeID":null},{"edgeID":"1810990","fromID":"1385991","toID":"1385990","formEdgeID":null},{"edgeID":"1810991","fromID":"1385989","toID":"1385992","formEdgeID":null},{"edgeID":"1810992","fromID":"1385992","toID":"1385988","formEdgeID":null},{"edgeID":"1810993","fromID":"1385926","toID":"1385993","formEdgeID":null},{"edgeID":"1810994","fromID":"1385993","toID":"1385989","formEdgeID":null},{"edgeID":"1810995","fromID":"1385988","toID":"1385994","formEdgeID":null},{"edgeID":"1810996","fromID":"1385994","toID":"1385925","formEdgeID":null},{"edgeID":"1810997","fromID":"1385993","toID":"1385995","formEdgeID":null},{"edgeID":"1810998","fromID":"1385995","toID":"1385994","formEdgeID":null},{"edgeID":"1810999","fromID":"1385981","toID":"1385996","formEdgeID":null},{"edgeID":"1811000","fromID":"1385996","toID":"1385989","formEdgeID":null},{"edgeID":"1811001","fromID":"1385988","toID":"1385997","formEdgeID":null},{"edgeID":"1811002","fromID":"1385997","toID":"1385883","formEdgeID":null},{"edgeID":"1811003","fromID":"1385884","toID":"1385998","formEdgeID":null},{"edgeID":"1811004","fromID":"1385998","toID":"1385989","formEdgeID":null},{"edgeID":"1811005","fromID":"1385896","toID":"1385999","formEdgeID":null},{"edgeID":"1811006","fromID":"1385999","toID":"1385904","formEdgeID":null},{"edgeID":"1811007","fromID":"1385904","toID":"1386000","formEdgeID":null},{"edgeID":"1811008","fromID":"1386000","toID":"1385909","formEdgeID":null},{"edgeID":"1811009","fromID":"1385884","toID":"1386001","formEdgeID":null},{"edgeID":"1811010","fromID":"1386001","toID":"1385989","formEdgeID":null},{"edgeID":"1811011","fromID":"1386001","toID":"1386002","formEdgeID":null},{"edgeID":"1811012","fromID":"1386002","toID":"1385997","formEdgeID":null},{"edgeID":"1811013","fromID":"1386005","toID":"1386004","formEdgeID":null},{"edgeID":"1811014","fromID":"1386006","toID":"1386005","formEdgeID":null},{"edgeID":"1811015","fromID":"1386004","toID":"1386007","formEdgeID":null},{"edgeID":"1811016","fromID":"1386007","toID":"1386003","formEdgeID":null},{"edgeID":"1811017","fromID":"1386003","toID":"1386008","formEdgeID":null},{"edgeID":"1811018","fromID":"1386008","toID":"1385988","formEdgeID":null},{"edgeID":"1811019","fromID":"1385989","toID":"1386009","formEdgeID":null},{"edgeID":"1811020","fromID":"1386009","toID":"1386004","formEdgeID":null},{"edgeID":"1811021","fromID":"1386009","toID":"1386010","formEdgeID":null},{"edgeID":"1811022","fromID":"1386010","toID":"1386008","formEdgeID":null},{"edgeID":"1811023","fromID":"1386013","toID":"1386012","formEdgeID":null},{"edgeID":"1811024","fromID":"1386014","toID":"1386013","formEdgeID":null},{"edgeID":"1811025","fromID":"1386012","toID":"1386015","formEdgeID":null},{"edgeID":"1811026","fromID":"1386015","toID":"1386011","formEdgeID":null},{"edgeID":"1811027","fromID":"1386011","toID":"1386016","formEdgeID":null},{"edgeID":"1811028","fromID":"1386016","toID":"1386003","formEdgeID":null},{"edgeID":"1811029","fromID":"1386004","toID":"1386017","formEdgeID":null},{"edgeID":"1811030","fromID":"1386017","toID":"1386012","formEdgeID":null},{"edgeID":"1811031","fromID":"1386017","toID":"1386018","formEdgeID":null},{"edgeID":"1811032","fromID":"1386018","toID":"1386016","formEdgeID":null},{"edgeID":"1811033","fromID":"1385956","toID":"1386019","formEdgeID":null},{"edgeID":"1811034","fromID":"1386019","toID":"1385964","formEdgeID":null}],"locutions":[]}