{"nodes":[{"nodeID":"1385043","text":"the Conservative party are just trying to divide us","type":"I","timestamp":"2023-11-09 15:00:47"},{"nodeID":"1385044","text":"Emily Thornberry: they're just trying to divide us","type":"L","timestamp":"2023-11-09 15:00:47"},{"nodeID":"1385045","text":"Analysing","type":"YA","timestamp":"2023-11-09 15:00:47"},{"nodeID":"1385046","text":"Anon: Emily Thornberry: they're just trying to divide us","type":"L","timestamp":"2023-11-09 15:00:47"},{"nodeID":"1385047","text":"Asserting","type":"YA","timestamp":"2023-11-09 15:00:47"},{"nodeID":"1385048","text":"the Conservative party are just trying to distract us","type":"I","timestamp":"2023-11-09 15:00:48"},{"nodeID":"1385049","text":"Emily Thornberry: They're just trying to distract us","type":"L","timestamp":"2023-11-09 15:00:48"},{"nodeID":"1385050","text":"Analysing","type":"YA","timestamp":"2023-11-09 15:00:48"},{"nodeID":"1385051","text":"Anon: Emily Thornberry: They're just trying to distract us","type":"L","timestamp":"2023-11-09 15:00:48"},{"nodeID":"1385052","text":"Asserting","type":"YA","timestamp":"2023-11-09 15:00:48"},{"nodeID":"1385053","text":"the Conservative party are just trying to get the headlines","type":"I","timestamp":"2023-11-09 15:00:49"},{"nodeID":"1385054","text":"Emily Thornberry: They're just trying to get the headlines","type":"L","timestamp":"2023-11-09 15:00:49"},{"nodeID":"1385055","text":"Analysing","type":"YA","timestamp":"2023-11-09 15:00:49"},{"nodeID":"1385056","text":"Anon: Emily Thornberry: They're just trying to get the headlines","type":"L","timestamp":"2023-11-09 15:00:49"},{"nodeID":"1385057","text":"Asserting","type":"YA","timestamp":"2023-11-09 15:00:49"},{"nodeID":"1385058","text":"people can start fighting amongst one another","type":"I","timestamp":"2023-11-09 15:00:49"},{"nodeID":"1385059","text":"Emily Thornberry: people can start fighting amongst one another","type":"L","timestamp":"2023-11-09 15:00:49"},{"nodeID":"1385060","text":"Analysing","type":"YA","timestamp":"2023-11-09 15:00:49"},{"nodeID":"1385061","text":"Anon: Emily Thornberry: people can start fighting amongst one another","type":"L","timestamp":"2023-11-09 15:00:49"},{"nodeID":"1385062","text":"Asserting","type":"YA","timestamp":"2023-11-09 15:00:49"},{"nodeID":"1385063","text":"we can start arguing amongst ourselves","type":"I","timestamp":"2023-11-09 15:00:50"},{"nodeID":"1385064","text":"Emily Thornberry: We can start arguing amongst ourselves","type":"L","timestamp":"2023-11-09 15:00:50"},{"nodeID":"1385065","text":"Analysing","type":"YA","timestamp":"2023-11-09 15:00:50"},{"nodeID":"1385066","text":"Anon: Emily Thornberry: We can start arguing amongst ourselves","type":"L","timestamp":"2023-11-09 15:00:50"},{"nodeID":"1385067","text":"Asserting","type":"YA","timestamp":"2023-11-09 15:00:50"},{"nodeID":"1385068","text":"we forget that actually what needs to happen is the Conservative party need to start making some decisions about people who have come here to claim asylum","type":"I","timestamp":"2023-11-09 15:00:50"},{"nodeID":"1385069","text":"Emily Thornberry: forget that actually what needs to happen is they need to start making some decisions about people who have come here to claim asylum","type":"L","timestamp":"2023-11-09 15:00:50"},{"nodeID":"1385070","text":"Analysing","type":"YA","timestamp":"2023-11-09 15:00:50"},{"nodeID":"1385071","text":"Anon: Emily Thornberry: forget that actually what needs to happen is they need to start making some decisions about people who have come here to claim asylum","type":"L","timestamp":"2023-11-09 15:00:50"},{"nodeID":"1385072","text":"Asserting","type":"YA","timestamp":"2023-11-09 15:00:50"},{"nodeID":"1385073","text":"the Conservative party need to make decisions quickly about asylum seekers","type":"I","timestamp":"2023-11-09 15:00:51"},{"nodeID":"1385074","text":"Emily Thornberry: make those decisions quickly","type":"L","timestamp":"2023-11-09 15:00:51"},{"nodeID":"1385075","text":"Analysing","type":"YA","timestamp":"2023-11-09 15:00:51"},{"nodeID":"1385076","text":"Anon: Emily Thornberry: make those decisions quickly","type":"L","timestamp":"2023-11-09 15:00:51"},{"nodeID":"1385077","text":"Asserting","type":"YA","timestamp":"2023-11-09 15:00:51"},{"nodeID":"1385078","text":"Default Rephrase","type":"MA","timestamp":"2023-11-09 15:00:51"},{"nodeID":"1385079","text":"Default Rephrase","type":"MA","timestamp":"2023-11-09 15:00:51"},{"nodeID":"1385080","text":"Default Transition","type":"TA","timestamp":"2023-11-09 15:00:51"},{"nodeID":"1385081","text":"Restating","type":"YA","timestamp":"2023-11-09 15:00:51"},{"nodeID":"1385082","text":"Default Transition","type":"TA","timestamp":"2023-11-09 15:00:51"},{"nodeID":"1385083","text":"Restating","type":"YA","timestamp":"2023-11-09 15:00:51"},{"nodeID":"1385084","text":"Default Inference","type":"RA","timestamp":"2023-11-09 15:00:51"},{"nodeID":"1385085","text":"Default Transition","type":"TA","timestamp":"2023-11-09 15:00:51"},{"nodeID":"1385086","text":"Arguing","type":"YA","timestamp":"2023-11-09 15:00:51"},{"nodeID":"1385087","text":"Default Rephrase","type":"MA","timestamp":"2023-11-09 15:00:51"},{"nodeID":"1385088","text":"Default Transition","type":"TA","timestamp":"2023-11-09 15:00:51"},{"nodeID":"1385089","text":"Restating","type":"YA","timestamp":"2023-11-09 15:00:51"},{"nodeID":"1385090","text":"Default Inference","type":"RA","timestamp":"2023-11-09 15:00:51"},{"nodeID":"1385091","text":"Default Transition","type":"TA","timestamp":"2023-11-09 15:00:51"},{"nodeID":"1385092","text":"Arguing","type":"YA","timestamp":"2023-11-09 15:00:51"},{"nodeID":"1385093","text":"Default Rephrase","type":"MA","timestamp":"2023-11-09 15:00:51"},{"nodeID":"1385094","text":"Default Transition","type":"TA","timestamp":"2023-11-09 15:00:51"},{"nodeID":"1385095","text":"Restating","type":"YA","timestamp":"2023-11-09 15:00:51"},{"nodeID":"1385096","text":"the Conservative party need to be firm, be fair, make a decision fast","type":"I","timestamp":"2023-11-09 15:00:52"},{"nodeID":"1385097","text":"Emily Thornberry: Be firm, be fair, make a decision fast","type":"L","timestamp":"2023-11-09 15:00:52"},{"nodeID":"1385098","text":"Analysing","type":"YA","timestamp":"2023-11-09 15:00:52"},{"nodeID":"1385099","text":"Anon: Emily Thornberry: Be firm, be fair, make a decision fast","type":"L","timestamp":"2023-11-09 15:00:52"},{"nodeID":"1385100","text":"Asserting","type":"YA","timestamp":"2023-11-09 15:00:52"},{"nodeID":"1385101","text":"Default Rephrase","type":"MA","timestamp":"2023-11-09 15:00:52"},{"nodeID":"1385102","text":"Default Transition","type":"TA","timestamp":"2023-11-09 15:00:52"},{"nodeID":"1385103","text":"Restating","type":"YA","timestamp":"2023-11-09 15:00:52"},{"nodeID":"1385104","text":"the Conservative party need to get on and move on","type":"I","timestamp":"2023-11-09 15:00:52"},{"nodeID":"1385105","text":"Emily Thornberry: get on and move on","type":"L","timestamp":"2023-11-09 15:00:52"},{"nodeID":"1385106","text":"Analysing","type":"YA","timestamp":"2023-11-09 15:00:52"},{"nodeID":"1385107","text":"Anon: Emily Thornberry: get on and move on","type":"L","timestamp":"2023-11-09 15:00:52"},{"nodeID":"1385108","text":"Asserting","type":"YA","timestamp":"2023-11-09 15:00:52"},{"nodeID":"1385109","text":"it's not fair on the people who come here and claim asylum to be in limbo","type":"I","timestamp":"2023-11-09 15:00:53"},{"nodeID":"1385110","text":"Emily Thornberry: It's not fair on the people who come here and claim asylum to be here for","type":"L","timestamp":"2023-11-09 15:00:53"},{"nodeID":"1385111","text":"Analysing","type":"YA","timestamp":"2023-11-09 15:00:53"},{"nodeID":"1385112","text":"Anon: Emily Thornberry: It's not fair on the people who come here and claim asylum to be here for","type":"L","timestamp":"2023-11-09 15:00:53"},{"nodeID":"1385113","text":"Asserting","type":"YA","timestamp":"2023-11-09 15:00:53"},{"nodeID":"1385114","text":"Default Rephrase","type":"MA","timestamp":"2023-11-09 15:00:53"},{"nodeID":"1385115","text":"Default Transition","type":"TA","timestamp":"2023-11-09 15:00:53"},{"nodeID":"1385116","text":"Restating","type":"YA","timestamp":"2023-11-09 15:00:53"},{"nodeID":"1385117","text":"Default Inference","type":"RA","timestamp":"2023-11-09 15:00:53"},{"nodeID":"1385118","text":"Default Transition","type":"TA","timestamp":"2023-11-09 15:00:53"},{"nodeID":"1385119","text":"Arguing","type":"YA","timestamp":"2023-11-09 15:00:53"}],"edges":[{"edgeID":"1809863","fromID":"1385045","toID":"1385044","formEdgeID":null},{"edgeID":"1809864","fromID":"1385046","toID":"1385045","formEdgeID":null},{"edgeID":"1809865","fromID":"1385044","toID":"1385047","formEdgeID":null},{"edgeID":"1809866","fromID":"1385047","toID":"1385043","formEdgeID":null},{"edgeID":"1809867","fromID":"1385050","toID":"1385049","formEdgeID":null},{"edgeID":"1809868","fromID":"1385051","toID":"1385050","formEdgeID":null},{"edgeID":"1809869","fromID":"1385049","toID":"1385052","formEdgeID":null},{"edgeID":"1809870","fromID":"1385052","toID":"1385048","formEdgeID":null},{"edgeID":"1809871","fromID":"1385055","toID":"1385054","formEdgeID":null},{"edgeID":"1809872","fromID":"1385056","toID":"1385055","formEdgeID":null},{"edgeID":"1809873","fromID":"1385054","toID":"1385057","formEdgeID":null},{"edgeID":"1809874","fromID":"1385057","toID":"1385053","formEdgeID":null},{"edgeID":"1809875","fromID":"1385060","toID":"1385059","formEdgeID":null},{"edgeID":"1809876","fromID":"1385061","toID":"1385060","formEdgeID":null},{"edgeID":"1809877","fromID":"1385059","toID":"1385062","formEdgeID":null},{"edgeID":"1809878","fromID":"1385062","toID":"1385058","formEdgeID":null},{"edgeID":"1809879","fromID":"1385065","toID":"1385064","formEdgeID":null},{"edgeID":"1809880","fromID":"1385066","toID":"1385065","formEdgeID":null},{"edgeID":"1809881","fromID":"1385064","toID":"1385067","formEdgeID":null},{"edgeID":"1809882","fromID":"1385067","toID":"1385063","formEdgeID":null},{"edgeID":"1809883","fromID":"1385070","toID":"1385069","formEdgeID":null},{"edgeID":"1809884","fromID":"1385071","toID":"1385070","formEdgeID":null},{"edgeID":"1809885","fromID":"1385069","toID":"1385072","formEdgeID":null},{"edgeID":"1809886","fromID":"1385072","toID":"1385068","formEdgeID":null},{"edgeID":"1809887","fromID":"1385075","toID":"1385074","formEdgeID":null},{"edgeID":"1809888","fromID":"1385076","toID":"1385075","formEdgeID":null},{"edgeID":"1809889","fromID":"1385074","toID":"1385077","formEdgeID":null},{"edgeID":"1809890","fromID":"1385077","toID":"1385073","formEdgeID":null},{"edgeID":"1809891","fromID":"1385048","toID":"1385078","formEdgeID":null},{"edgeID":"1809892","fromID":"1385078","toID":"1385043","formEdgeID":null},{"edgeID":"1809893","fromID":"1385053","toID":"1385079","formEdgeID":null},{"edgeID":"1809894","fromID":"1385079","toID":"1385048","formEdgeID":null},{"edgeID":"1809895","fromID":"1385044","toID":"1385080","formEdgeID":null},{"edgeID":"1809896","fromID":"1385080","toID":"1385049","formEdgeID":null},{"edgeID":"1809897","fromID":"1385080","toID":"1385081","formEdgeID":null},{"edgeID":"1809898","fromID":"1385081","toID":"1385078","formEdgeID":null},{"edgeID":"1809899","fromID":"1385049","toID":"1385082","formEdgeID":null},{"edgeID":"1809900","fromID":"1385082","toID":"1385054","formEdgeID":null},{"edgeID":"1809901","fromID":"1385082","toID":"1385083","formEdgeID":null},{"edgeID":"1809902","fromID":"1385083","toID":"1385079","formEdgeID":null},{"edgeID":"1809903","fromID":"1385043","toID":"1385084","formEdgeID":null},{"edgeID":"1809904","fromID":"1385084","toID":"1385058","formEdgeID":null},{"edgeID":"1809905","fromID":"1385044","toID":"1385085","formEdgeID":null},{"edgeID":"1809906","fromID":"1385085","toID":"1385059","formEdgeID":null},{"edgeID":"1809907","fromID":"1385085","toID":"1385086","formEdgeID":null},{"edgeID":"1809908","fromID":"1385086","toID":"1385084","formEdgeID":null},{"edgeID":"1809909","fromID":"1385063","toID":"1385087","formEdgeID":null},{"edgeID":"1809910","fromID":"1385087","toID":"1385058","formEdgeID":null},{"edgeID":"1809911","fromID":"1385059","toID":"1385088","formEdgeID":null},{"edgeID":"1809912","fromID":"1385088","toID":"1385064","formEdgeID":null},{"edgeID":"1809913","fromID":"1385088","toID":"1385089","formEdgeID":null},{"edgeID":"1809914","fromID":"1385089","toID":"1385087","formEdgeID":null},{"edgeID":"1809915","fromID":"1385043","toID":"1385090","formEdgeID":null},{"edgeID":"1809916","fromID":"1385090","toID":"1385068","formEdgeID":null},{"edgeID":"1809917","fromID":"1385044","toID":"1385091","formEdgeID":null},{"edgeID":"1809918","fromID":"1385091","toID":"1385069","formEdgeID":null},{"edgeID":"1809919","fromID":"1385091","toID":"1385092","formEdgeID":null},{"edgeID":"1809920","fromID":"1385092","toID":"1385090","formEdgeID":null},{"edgeID":"1809921","fromID":"1385073","toID":"1385093","formEdgeID":null},{"edgeID":"1809922","fromID":"1385093","toID":"1385068","formEdgeID":null},{"edgeID":"1809923","fromID":"1385069","toID":"1385094","formEdgeID":null},{"edgeID":"1809924","fromID":"1385094","toID":"1385074","formEdgeID":null},{"edgeID":"1809925","fromID":"1385094","toID":"1385095","formEdgeID":null},{"edgeID":"1809926","fromID":"1385095","toID":"1385093","formEdgeID":null},{"edgeID":"1809927","fromID":"1385098","toID":"1385097","formEdgeID":null},{"edgeID":"1809928","fromID":"1385099","toID":"1385098","formEdgeID":null},{"edgeID":"1809929","fromID":"1385097","toID":"1385100","formEdgeID":null},{"edgeID":"1809930","fromID":"1385100","toID":"1385096","formEdgeID":null},{"edgeID":"1809931","fromID":"1385096","toID":"1385101","formEdgeID":null},{"edgeID":"1809932","fromID":"1385101","toID":"1385073","formEdgeID":null},{"edgeID":"1809933","fromID":"1385074","toID":"1385102","formEdgeID":null},{"edgeID":"1809934","fromID":"1385102","toID":"1385097","formEdgeID":null},{"edgeID":"1809935","fromID":"1385102","toID":"1385103","formEdgeID":null},{"edgeID":"1809936","fromID":"1385103","toID":"1385101","formEdgeID":null},{"edgeID":"1809937","fromID":"1385106","toID":"1385105","formEdgeID":null},{"edgeID":"1809938","fromID":"1385107","toID":"1385106","formEdgeID":null},{"edgeID":"1809939","fromID":"1385105","toID":"1385108","formEdgeID":null},{"edgeID":"1809940","fromID":"1385108","toID":"1385104","formEdgeID":null},{"edgeID":"1809941","fromID":"1385111","toID":"1385110","formEdgeID":null},{"edgeID":"1809942","fromID":"1385112","toID":"1385111","formEdgeID":null},{"edgeID":"1809943","fromID":"1385110","toID":"1385113","formEdgeID":null},{"edgeID":"1809944","fromID":"1385113","toID":"1385109","formEdgeID":null},{"edgeID":"1809945","fromID":"1385104","toID":"1385114","formEdgeID":null},{"edgeID":"1809946","fromID":"1385114","toID":"1385096","formEdgeID":null},{"edgeID":"1809947","fromID":"1385097","toID":"1385115","formEdgeID":null},{"edgeID":"1809948","fromID":"1385115","toID":"1385105","formEdgeID":null},{"edgeID":"1809949","fromID":"1385115","toID":"1385116","formEdgeID":null},{"edgeID":"1809950","fromID":"1385116","toID":"1385114","formEdgeID":null},{"edgeID":"1809951","fromID":"1385104","toID":"1385117","formEdgeID":null},{"edgeID":"1809952","fromID":"1385117","toID":"1385109","formEdgeID":null},{"edgeID":"1809953","fromID":"1385105","toID":"1385118","formEdgeID":null},{"edgeID":"1809954","fromID":"1385118","toID":"1385110","formEdgeID":null},{"edgeID":"1809955","fromID":"1385118","toID":"1385119","formEdgeID":null},{"edgeID":"1809956","fromID":"1385119","toID":"1385117","formEdgeID":null}],"locutions":[]}