{"nodes":[{"nodeID":"1168455","text":"the Government has made some really appalling progress really since 2015","type":"I","timestamp":"2023-05-18 19:08:52"},{"nodeID":"1168483","text":"we quadrupled the energy output from renewables","type":"I","timestamp":"2023-05-18 19:09:12"},{"nodeID":"1387900","text":"well that's true","type":"I","timestamp":"2023-11-09 15:04:53"},{"nodeID":"1387901","text":"Helen Morgan: Well that's true","type":"L","timestamp":"2023-11-09 15:04:53"},{"nodeID":"1387902","text":"Analysing","type":"YA","timestamp":"2023-11-09 15:04:53"},{"nodeID":"1387903","text":"Louise: Helen Morgan: Well that's true","type":"L","timestamp":"2023-11-09 15:04:53"},{"nodeID":"1387904","text":"Asserting","type":"YA","timestamp":"2023-11-09 15:04:53"},{"nodeID":"1387905","text":"Helen Morgan: the Government has made some really appalling progress really since 2015","type":"L","timestamp":"2023-11-09 15:04:54"},{"nodeID":"1387906","text":"Analysing","type":"YA","timestamp":"2023-11-09 15:04:54"},{"nodeID":"1387907","text":"Louise: Helen Morgan: the Government has made some really appalling progress really since 2015","type":"L","timestamp":"2023-11-09 15:04:54"},{"nodeID":"1387908","text":"Asserting","type":"YA","timestamp":"2023-11-09 15:04:54"},{"nodeID":"1387909","text":"we did make good progress actually when we had a Lib Dem climate secretary","type":"I","timestamp":"2023-11-09 15:04:54"},{"nodeID":"1387910","text":"Helen Morgan:  we did make good progress actually when we had a Lib Dem climate secretary","type":"L","timestamp":"2023-11-09 15:04:54"},{"nodeID":"1387911","text":"Analysing","type":"YA","timestamp":"2023-11-09 15:04:54"},{"nodeID":"1387912","text":"Louise: Helen Morgan:  we did make good progress actually when we had a Lib Dem climate secretary","type":"L","timestamp":"2023-11-09 15:04:54"},{"nodeID":"1387913","text":"Asserting","type":"YA","timestamp":"2023-11-09 15:04:54"},{"nodeID":"1387914","text":"we did make good progress when we had a Lib Deb energy secretary","type":"I","timestamp":"2023-11-09 15:04:55"},{"nodeID":"1387915","text":"Helen Morgan: energy secretary","type":"L","timestamp":"2023-11-09 15:04:55"},{"nodeID":"1387916","text":"Analysing","type":"YA","timestamp":"2023-11-09 15:04:55"},{"nodeID":"1387917","text":"Louise: Helen Morgan: energy secretary","type":"L","timestamp":"2023-11-09 15:04:55"},{"nodeID":"1387918","text":"Asserting","type":"YA","timestamp":"2023-11-09 15:04:55"},{"nodeID":"1387919","text":"Default Transition","type":"TA","timestamp":"2023-11-09 15:04:55"},{"nodeID":"1387920","text":"Default Transition","type":"TA","timestamp":"2023-11-09 15:04:55"},{"nodeID":"1387921","text":"Default Transition","type":"TA","timestamp":"2023-11-09 15:04:55"},{"nodeID":"1387922","text":"Default Rephrase","type":"MA","timestamp":"2023-11-09 15:04:55"},{"nodeID":"1387923","text":"Default Rephrase","type":"MA","timestamp":"2023-11-09 15:04:55"},{"nodeID":"1387924","text":"Restating","type":"YA","timestamp":"2023-11-09 15:04:55"},{"nodeID":"1387925","text":"Helen Morgan: we quadrupled the energy output from renewables","type":"L","timestamp":"2023-11-09 15:04:56"},{"nodeID":"1387926","text":"Analysing","type":"YA","timestamp":"2023-11-09 15:04:56"},{"nodeID":"1387927","text":"Louise: Helen Morgan: we quadrupled the energy output from renewables","type":"L","timestamp":"2023-11-09 15:04:56"},{"nodeID":"1387928","text":"Asserting","type":"YA","timestamp":"2023-11-09 15:04:56"},{"nodeID":"1387929","text":"Default Inference","type":"RA","timestamp":"2023-11-09 15:04:56"},{"nodeID":"1387930","text":"Default Transition","type":"TA","timestamp":"2023-11-09 15:04:56"},{"nodeID":"1387931","text":"Arguing","type":"YA","timestamp":"2023-11-09 15:04:56"},{"nodeID":"1387932","text":"progress has been pretty sluggish since there was a Lib Dem energy secretary","type":"I","timestamp":"2023-11-09 15:04:56"},{"nodeID":"1387933","text":"Helen Morgan: it's been pretty sluggish since","type":"L","timestamp":"2023-11-09 15:04:56"},{"nodeID":"1387934","text":"Analysing","type":"YA","timestamp":"2023-11-09 15:04:56"},{"nodeID":"1387935","text":"Louise: Helen Morgan: it's been pretty sluggish since","type":"L","timestamp":"2023-11-09 15:04:56"},{"nodeID":"1387936","text":"Asserting","type":"YA","timestamp":"2023-11-09 15:04:56"},{"nodeID":"1387937","text":"Default Transition","type":"TA","timestamp":"2023-11-09 15:04:56"},{"nodeID":"1387938","text":"Default Rephrase","type":"MA","timestamp":"2023-11-09 15:04:56"},{"nodeID":"1387939","text":"Restating","type":"YA","timestamp":"2023-11-09 15:04:56"},{"nodeID":"1387940","text":"Helen Morgan does or does not think that the Cumbrian coal mine should be open","type":"I","timestamp":"2023-11-09 15:04:57"},{"nodeID":"1387941","text":"Fiona Bruce: you think that shouldn't be opened","type":"L","timestamp":"2023-11-09 15:04:57"},{"nodeID":"1387942","text":"Analysing","type":"YA","timestamp":"2023-11-09 15:04:57"},{"nodeID":"1387943","text":"Louise: Fiona Bruce: you think that shouldn't be opened","type":"L","timestamp":"2023-11-09 15:04:57"},{"nodeID":"1387944","text":"Pure Questioning","type":"YA","timestamp":"2023-11-09 15:04:57"},{"nodeID":"1387945","text":"Default Transition","type":"TA","timestamp":"2023-11-09 15:04:57"},{"nodeID":"1387946","text":"the Cumbrian coal mine shouldn't be open","type":"I","timestamp":"2023-11-09 15:04:58"},{"nodeID":"1387947","text":"Helen Morgan:  It shouldn't be open","type":"L","timestamp":"2023-11-09 15:04:58"},{"nodeID":"1387948","text":"Analysing","type":"YA","timestamp":"2023-11-09 15:04:58"},{"nodeID":"1387949","text":"Louise: Helen Morgan:  It shouldn't be open","type":"L","timestamp":"2023-11-09 15:04:58"},{"nodeID":"1387950","text":"Asserting","type":"YA","timestamp":"2023-11-09 15:04:58"},{"nodeID":"1387951","text":"Default Transition","type":"TA","timestamp":"2023-11-09 15:04:58"},{"nodeID":"1387952","text":"Default Rephrase","type":"MA","timestamp":"2023-11-09 15:04:58"},{"nodeID":"1387953","text":"Default Illocuting","type":"YA","timestamp":"2023-11-09 15:04:58"},{"nodeID":"1387954","text":"the local people in Cumbria didn't want the coal mine open either","type":"I","timestamp":"2023-11-09 15:04:58"},{"nodeID":"1387955","text":"Helen Morgan: the local people in Cumbria didn't want it open either","type":"L","timestamp":"2023-11-09 15:04:58"},{"nodeID":"1387956","text":"Analysing","type":"YA","timestamp":"2023-11-09 15:04:58"},{"nodeID":"1387957","text":"Louise: Helen Morgan: the local people in Cumbria didn't want it open either","type":"L","timestamp":"2023-11-09 15:04:58"},{"nodeID":"1387958","text":"Asserting","type":"YA","timestamp":"2023-11-09 15:04:58"},{"nodeID":"1387959","text":"Default Transition","type":"TA","timestamp":"2023-11-09 15:04:58"},{"nodeID":"1387960","text":"Default Rephrase","type":"MA","timestamp":"2023-11-09 15:04:58"},{"nodeID":"1387961","text":"there's no sense to the decision to open a coal mine in Cumbria","type":"I","timestamp":"2023-11-09 15:04:59"},{"nodeID":"1387962","text":"Helen Morgan: There's no sense to this decision","type":"L","timestamp":"2023-11-09 15:04:59"},{"nodeID":"1387963","text":"Analysing","type":"YA","timestamp":"2023-11-09 15:04:59"},{"nodeID":"1387964","text":"Louise: Helen Morgan: There's no sense to this decision","type":"L","timestamp":"2023-11-09 15:04:59"},{"nodeID":"1387965","text":"Asserting","type":"YA","timestamp":"2023-11-09 15:04:59"},{"nodeID":"1387966","text":"Default Inference","type":"RA","timestamp":"2023-11-09 15:04:59"},{"nodeID":"1387967","text":"Default Transition","type":"TA","timestamp":"2023-11-09 15:04:59"},{"nodeID":"1387968","text":"Arguing","type":"YA","timestamp":"2023-11-09 15:04:59"},{"nodeID":"1387969","text":"the Lib Dems would do xxx in order to get the UK to net zero by 2050","type":"I","timestamp":"2023-11-09 15:05:00"},{"nodeID":"1387970","text":"Fiona Bruce:  what are the difficult choices that the Lib Dems would make for example, in order to get us to net zero by 2050","type":"L","timestamp":"2023-11-09 15:05:00"},{"nodeID":"1387971","text":"Analysing","type":"YA","timestamp":"2023-11-09 15:05:00"},{"nodeID":"1387972","text":"Louise: Fiona Bruce:  what are the difficult choices that the Lib Dems would make for example, in order to get us to net zero by 2050","type":"L","timestamp":"2023-11-09 15:05:00"},{"nodeID":"1387973","text":"the Lib Dems would do xxx in order to get the UK to net zero by 2040","type":"I","timestamp":"2023-11-09 15:05:00"},{"nodeID":"1387974","text":"Fiona Bruce: the UN wants, by 2040","type":"L","timestamp":"2023-11-09 15:05:00"},{"nodeID":"1387975","text":"Analysing","type":"YA","timestamp":"2023-11-09 15:05:00"},{"nodeID":"1387976","text":"Louise: Fiona Bruce: the UN wants, by 2040","type":"L","timestamp":"2023-11-09 15:05:00"},{"nodeID":"1387977","text":"Pure Questioning","type":"YA","timestamp":"2023-11-09 15:05:00"},{"nodeID":"1387978","text":"Pure Questioning","type":"YA","timestamp":"2023-11-09 15:05:00"},{"nodeID":"1387979","text":"Default Transition","type":"TA","timestamp":"2023-11-09 15:05:00"},{"nodeID":"1387980","text":"Default Transition","type":"TA","timestamp":"2023-11-09 15:05:00"},{"nodeID":"1387981","text":"there are some easy things you can do, like insulate house","type":"I","timestamp":"2023-11-09 15:05:01"},{"nodeID":"1387982","text":"Helen Morgan:  there are some easy things you can do, like insulate house","type":"L","timestamp":"2023-11-09 15:05:01"},{"nodeID":"1387983","text":"Analysing","type":"YA","timestamp":"2023-11-09 15:05:01"},{"nodeID":"1387984","text":"Louise: Helen Morgan:  there are some easy things you can do, like insulate house","type":"L","timestamp":"2023-11-09 15:05:01"},{"nodeID":"1387985","text":"Asserting","type":"YA","timestamp":"2023-11-09 15:05:01"},{"nodeID":"1387986","text":"Default Rephrase","type":"MA","timestamp":"2023-11-09 15:05:01"},{"nodeID":"1387987","text":"Default Rephrase","type":"MA","timestamp":"2023-11-09 15:05:01"},{"nodeID":"1387988","text":"Default Transition","type":"TA","timestamp":"2023-11-09 15:05:01"},{"nodeID":"1387989","text":"Default Illocuting","type":"YA","timestamp":"2023-11-09 15:05:01"},{"nodeID":"1387990","text":"Restating","type":"YA","timestamp":"2023-11-09 15:05:01"}],"edges":[{"edgeID":"1813261","fromID":"1387902","toID":"1387901","formEdgeID":null},{"edgeID":"1813262","fromID":"1387903","toID":"1387902","formEdgeID":null},{"edgeID":"1813263","fromID":"1387901","toID":"1387904","formEdgeID":null},{"edgeID":"1813264","fromID":"1387904","toID":"1387900","formEdgeID":null},{"edgeID":"1813265","fromID":"1387906","toID":"1387905","formEdgeID":null},{"edgeID":"1813266","fromID":"1387907","toID":"1387906","formEdgeID":null},{"edgeID":"1813267","fromID":"1387905","toID":"1387908","formEdgeID":null},{"edgeID":"1813268","fromID":"1387908","toID":"1168455","formEdgeID":null},{"edgeID":"1813269","fromID":"1387911","toID":"1387910","formEdgeID":null},{"edgeID":"1813270","fromID":"1387912","toID":"1387911","formEdgeID":null},{"edgeID":"1813271","fromID":"1387910","toID":"1387913","formEdgeID":null},{"edgeID":"1813272","fromID":"1387913","toID":"1387909","formEdgeID":null},{"edgeID":"1813273","fromID":"1387916","toID":"1387915","formEdgeID":null},{"edgeID":"1813274","fromID":"1387917","toID":"1387916","formEdgeID":null},{"edgeID":"1813275","fromID":"1387915","toID":"1387918","formEdgeID":null},{"edgeID":"1813276","fromID":"1387918","toID":"1387914","formEdgeID":null},{"edgeID":"1813277","fromID":"1387901","toID":"1387919","formEdgeID":null},{"edgeID":"1813278","fromID":"1387919","toID":"1387905","formEdgeID":null},{"edgeID":"1813279","fromID":"1387905","toID":"1387920","formEdgeID":null},{"edgeID":"1813280","fromID":"1387920","toID":"1387910","formEdgeID":null},{"edgeID":"1813281","fromID":"1387910","toID":"1387921","formEdgeID":null},{"edgeID":"1813282","fromID":"1387921","toID":"1387915","formEdgeID":null},{"edgeID":"1813283","fromID":"1387909","toID":"1387922","formEdgeID":null},{"edgeID":"1813284","fromID":"1387922","toID":"1168455","formEdgeID":null},{"edgeID":"1813285","fromID":"1387914","toID":"1387923","formEdgeID":null},{"edgeID":"1813286","fromID":"1387923","toID":"1387909","formEdgeID":null},{"edgeID":"1813287","fromID":"1387921","toID":"1387924","formEdgeID":null},{"edgeID":"1813288","fromID":"1387924","toID":"1387923","formEdgeID":null},{"edgeID":"1813289","fromID":"1387926","toID":"1387925","formEdgeID":null},{"edgeID":"1813290","fromID":"1387927","toID":"1387926","formEdgeID":null},{"edgeID":"1813291","fromID":"1387925","toID":"1387928","formEdgeID":null},{"edgeID":"1813292","fromID":"1387928","toID":"1168483","formEdgeID":null},{"edgeID":"1813293","fromID":"1168483","toID":"1387929","formEdgeID":null},{"edgeID":"1813294","fromID":"1387929","toID":"1387914","formEdgeID":null},{"edgeID":"1813295","fromID":"1387915","toID":"1387930","formEdgeID":null},{"edgeID":"1813296","fromID":"1387930","toID":"1387925","formEdgeID":null},{"edgeID":"1813297","fromID":"1387930","toID":"1387931","formEdgeID":null},{"edgeID":"1813298","fromID":"1387931","toID":"1387929","formEdgeID":null},{"edgeID":"1813299","fromID":"1387934","toID":"1387933","formEdgeID":null},{"edgeID":"1813300","fromID":"1387935","toID":"1387934","formEdgeID":null},{"edgeID":"1813301","fromID":"1387933","toID":"1387936","formEdgeID":null},{"edgeID":"1813302","fromID":"1387936","toID":"1387932","formEdgeID":null},{"edgeID":"1813303","fromID":"1387925","toID":"1387937","formEdgeID":null},{"edgeID":"1813304","fromID":"1387937","toID":"1387933","formEdgeID":null},{"edgeID":"1813305","fromID":"1387932","toID":"1387938","formEdgeID":null},{"edgeID":"1813306","fromID":"1387938","toID":"1168455","formEdgeID":null},{"edgeID":"1813307","fromID":"1387937","toID":"1387939","formEdgeID":null},{"edgeID":"1813308","fromID":"1387939","toID":"1387938","formEdgeID":null},{"edgeID":"1813309","fromID":"1387942","toID":"1387941","formEdgeID":null},{"edgeID":"1813310","fromID":"1387943","toID":"1387942","formEdgeID":null},{"edgeID":"1813311","fromID":"1387941","toID":"1387944","formEdgeID":null},{"edgeID":"1813312","fromID":"1387944","toID":"1387940","formEdgeID":null},{"edgeID":"1813313","fromID":"1387933","toID":"1387945","formEdgeID":null},{"edgeID":"1813314","fromID":"1387945","toID":"1387941","formEdgeID":null},{"edgeID":"1813315","fromID":"1387948","toID":"1387947","formEdgeID":null},{"edgeID":"1813316","fromID":"1387949","toID":"1387948","formEdgeID":null},{"edgeID":"1813317","fromID":"1387947","toID":"1387950","formEdgeID":null},{"edgeID":"1813318","fromID":"1387950","toID":"1387946","formEdgeID":null},{"edgeID":"1813319","fromID":"1387941","toID":"1387951","formEdgeID":null},{"edgeID":"1813320","fromID":"1387951","toID":"1387947","formEdgeID":null},{"edgeID":"1813321","fromID":"1387946","toID":"1387952","formEdgeID":null},{"edgeID":"1813322","fromID":"1387952","toID":"1387940","formEdgeID":null},{"edgeID":"1813323","fromID":"1387951","toID":"1387953","formEdgeID":null},{"edgeID":"1813324","fromID":"1387953","toID":"1387952","formEdgeID":null},{"edgeID":"1813325","fromID":"1387956","toID":"1387955","formEdgeID":null},{"edgeID":"1813326","fromID":"1387957","toID":"1387956","formEdgeID":null},{"edgeID":"1813327","fromID":"1387955","toID":"1387958","formEdgeID":null},{"edgeID":"1813328","fromID":"1387958","toID":"1387954","formEdgeID":null},{"edgeID":"1813329","fromID":"1387947","toID":"1387959","formEdgeID":null},{"edgeID":"1813330","fromID":"1387959","toID":"1387955","formEdgeID":null},{"edgeID":"1813331","fromID":"1387954","toID":"1387960","formEdgeID":null},{"edgeID":"1813332","fromID":"1387960","toID":"1387946","formEdgeID":null},{"edgeID":"1813333","fromID":"1387963","toID":"1387962","formEdgeID":null},{"edgeID":"1813334","fromID":"1387964","toID":"1387963","formEdgeID":null},{"edgeID":"1813335","fromID":"1387962","toID":"1387965","formEdgeID":null},{"edgeID":"1813336","fromID":"1387965","toID":"1387961","formEdgeID":null},{"edgeID":"1813337","fromID":"1387961","toID":"1387966","formEdgeID":null},{"edgeID":"1813338","fromID":"1387966","toID":"1387946","formEdgeID":null},{"edgeID":"1813339","fromID":"1387947","toID":"1387967","formEdgeID":null},{"edgeID":"1813340","fromID":"1387967","toID":"1387962","formEdgeID":null},{"edgeID":"1813341","fromID":"1387967","toID":"1387968","formEdgeID":null},{"edgeID":"1813342","fromID":"1387968","toID":"1387966","formEdgeID":null},{"edgeID":"1813343","fromID":"1387971","toID":"1387970","formEdgeID":null},{"edgeID":"1813344","fromID":"1387972","toID":"1387971","formEdgeID":null},{"edgeID":"1813345","fromID":"1387975","toID":"1387974","formEdgeID":null},{"edgeID":"1813346","fromID":"1387976","toID":"1387975","formEdgeID":null},{"edgeID":"1813347","fromID":"1387974","toID":"1387977","formEdgeID":null},{"edgeID":"1813348","fromID":"1387977","toID":"1387973","formEdgeID":null},{"edgeID":"1813349","fromID":"1387970","toID":"1387978","formEdgeID":null},{"edgeID":"1813350","fromID":"1387978","toID":"1387969","formEdgeID":null},{"edgeID":"1813351","fromID":"1387962","toID":"1387979","formEdgeID":null},{"edgeID":"1813352","fromID":"1387979","toID":"1387970","formEdgeID":null},{"edgeID":"1813353","fromID":"1387970","toID":"1387980","formEdgeID":null},{"edgeID":"1813354","fromID":"1387980","toID":"1387974","formEdgeID":null},{"edgeID":"1813355","fromID":"1387983","toID":"1387982","formEdgeID":null},{"edgeID":"1813356","fromID":"1387984","toID":"1387983","formEdgeID":null},{"edgeID":"1813357","fromID":"1387982","toID":"1387985","formEdgeID":null},{"edgeID":"1813358","fromID":"1387985","toID":"1387981","formEdgeID":null},{"edgeID":"1813359","fromID":"1387973","toID":"1387986","formEdgeID":null},{"edgeID":"1813360","fromID":"1387986","toID":"1387969","formEdgeID":null},{"edgeID":"1813361","fromID":"1387981","toID":"1387987","formEdgeID":null},{"edgeID":"1813362","fromID":"1387987","toID":"1387973","formEdgeID":null},{"edgeID":"1813363","fromID":"1387974","toID":"1387988","formEdgeID":null},{"edgeID":"1813364","fromID":"1387988","toID":"1387982","formEdgeID":null},{"edgeID":"1813365","fromID":"1387988","toID":"1387989","formEdgeID":null},{"edgeID":"1813366","fromID":"1387989","toID":"1387987","formEdgeID":null},{"edgeID":"1813367","fromID":"1387920","toID":"1387990","formEdgeID":null},{"edgeID":"1813368","fromID":"1387990","toID":"1387922","formEdgeID":null},{"edgeID":"1813369","fromID":"1387954","toID":"1387966","formEdgeID":null}],"locutions":[]}