{"nodes":[{"nodeID":"1390497","text":"Danny Sriskandarajah agrees with Fraser Nelson, we need to invest in our public services","type":"I","timestamp":"2023-11-09 15:08:37"},{"nodeID":"1390498","text":"Danny Sriskandarajah: I agree with Fraser, we need to invest in our public services","type":"L","timestamp":"2023-11-09 15:08:37"},{"nodeID":"1390499","text":"Analysing","type":"YA","timestamp":"2023-11-09 15:08:37"},{"nodeID":"1390500","text":"Fyfe: Danny Sriskandarajah: I agree with Fraser, we need to invest in our public services","type":"L","timestamp":"2023-11-09 15:08:37"},{"nodeID":"1390501","text":"Asserting","type":"YA","timestamp":"2023-11-09 15:08:37"},{"nodeID":"1390502","text":"everywhere that Oxfam works around the world we find that the best way to reduce poverty is to provide people with a safety net","type":"I","timestamp":"2023-11-09 15:08:38"},{"nodeID":"1390503","text":"Danny Sriskandarajah: Everywhere that Oxfam works around the world we find that the best way to reduce poverty is to provide people with a safety net","type":"L","timestamp":"2023-11-09 15:08:38"},{"nodeID":"1390504","text":"Analysing","type":"YA","timestamp":"2023-11-09 15:08:38"},{"nodeID":"1390505","text":"Fyfe: Danny Sriskandarajah: Everywhere that Oxfam works around the world we find that the best way to reduce poverty is to provide people with a safety net","type":"L","timestamp":"2023-11-09 15:08:38"},{"nodeID":"1390506","text":"Asserting","type":"YA","timestamp":"2023-11-09 15:08:38"},{"nodeID":"1390507","text":"Default Transition","type":"TA","timestamp":"2023-11-09 15:08:38"},{"nodeID":"1390508","text":"Default Inference","type":"RA","timestamp":"2023-11-09 15:08:38"},{"nodeID":"1390509","text":"Arguing","type":"YA","timestamp":"2023-11-09 15:08:38"},{"nodeID":"1390510","text":"invest in education","type":"I","timestamp":"2023-11-09 15:08:39"},{"nodeID":"1390511","text":"Danny Sriskandarajah: Invest in education","type":"L","timestamp":"2023-11-09 15:08:39"},{"nodeID":"1390512","text":"Analysing","type":"YA","timestamp":"2023-11-09 15:08:39"},{"nodeID":"1390513","text":"Fyfe: Danny Sriskandarajah: Invest in education","type":"L","timestamp":"2023-11-09 15:08:39"},{"nodeID":"1390514","text":"Asserting","type":"YA","timestamp":"2023-11-09 15:08:39"},{"nodeID":"1390515","text":"Default Transition","type":"TA","timestamp":"2023-11-09 15:08:39"},{"nodeID":"1390516","text":"Default Rephrase","type":"MA","timestamp":"2023-11-09 15:08:39"},{"nodeID":"1390517","text":"Restating","type":"YA","timestamp":"2023-11-09 15:08:39"},{"nodeID":"1390518","text":"invest in health","type":"I","timestamp":"2023-11-09 15:08:39"},{"nodeID":"1390519","text":"Danny Sriskandarajah: invest in health","type":"L","timestamp":"2023-11-09 15:08:39"},{"nodeID":"1390520","text":"Analysing","type":"YA","timestamp":"2023-11-09 15:08:39"},{"nodeID":"1390521","text":"Fyfe: Danny Sriskandarajah: invest in health","type":"L","timestamp":"2023-11-09 15:08:39"},{"nodeID":"1390522","text":"Asserting","type":"YA","timestamp":"2023-11-09 15:08:39"},{"nodeID":"1390523","text":"Default Transition","type":"TA","timestamp":"2023-11-09 15:08:39"},{"nodeID":"1390524","text":"Default Rephrase","type":"MA","timestamp":"2023-11-09 15:08:39"},{"nodeID":"1390525","text":"Restating","type":"YA","timestamp":"2023-11-09 15:08:39"},{"nodeID":"1390526","text":"allow those people who are living on the margins of your society, a route to a better life","type":"I","timestamp":"2023-11-09 15:08:40"},{"nodeID":"1390527","text":"Danny Sriskandarajah: allow those people who are living on the margins of your society, a route to a better life","type":"L","timestamp":"2023-11-09 15:08:40"},{"nodeID":"1390528","text":"Analysing","type":"YA","timestamp":"2023-11-09 15:08:40"},{"nodeID":"1390529","text":"Fyfe: Danny Sriskandarajah: allow those people who are living on the margins of your society, a route to a better life","type":"L","timestamp":"2023-11-09 15:08:40"},{"nodeID":"1390530","text":"Asserting","type":"YA","timestamp":"2023-11-09 15:08:40"},{"nodeID":"1390531","text":"Default Transition","type":"TA","timestamp":"2023-11-09 15:08:40"},{"nodeID":"1390532","text":"Default Inference","type":"RA","timestamp":"2023-11-09 15:08:40"},{"nodeID":"1390533","text":"Arguing","type":"YA","timestamp":"2023-11-09 15:08:40"},{"nodeID":"1390534","text":"yet in this country it's a tragedy that the sorts of issues we deal with in other parts of the world, we're having to talk about here","type":"I","timestamp":"2023-11-09 15:08:41"},{"nodeID":"1390535","text":"Danny Sriskandarajah:  yet in this country it's a tragedy that the sorts of issues we deal with in other parts of the world, we're having to talk about here","type":"L","timestamp":"2023-11-09 15:08:41"},{"nodeID":"1390536","text":"Analysing","type":"YA","timestamp":"2023-11-09 15:08:41"},{"nodeID":"1390537","text":"Fyfe: Danny Sriskandarajah:  yet in this country it's a tragedy that the sorts of issues we deal with in other parts of the world, we're having to talk about here","type":"L","timestamp":"2023-11-09 15:08:41"},{"nodeID":"1390538","text":"Asserting","type":"YA","timestamp":"2023-11-09 15:08:41"},{"nodeID":"1390539","text":"Default Transition","type":"TA","timestamp":"2023-11-09 15:08:41"},{"nodeID":"1390540","text":"we talk about these issues as we have been underinvesting in the safety net and social protection","type":"I","timestamp":"2023-11-09 15:08:41"},{"nodeID":"1390541","text":"Danny Sriskandarajah: we've been underinvesting in the safety net and social protection","type":"L","timestamp":"2023-11-09 15:08:41"},{"nodeID":"1390542","text":"Analysing","type":"YA","timestamp":"2023-11-09 15:08:41"},{"nodeID":"1390543","text":"Fyfe: Danny Sriskandarajah: we've been underinvesting in the safety net and social protection","type":"L","timestamp":"2023-11-09 15:08:41"},{"nodeID":"1390544","text":"Asserting","type":"YA","timestamp":"2023-11-09 15:08:41"},{"nodeID":"1390545","text":"Default Rephrase","type":"MA","timestamp":"2023-11-09 15:08:41"},{"nodeID":"1390546","text":"Default Transition","type":"TA","timestamp":"2023-11-09 15:08:41"},{"nodeID":"1390547","text":"Restating","type":"YA","timestamp":"2023-11-09 15:08:41"},{"nodeID":"1390548","text":"we talk about a cost of living crisis here","type":"I","timestamp":"2023-11-09 15:08:42"},{"nodeID":"1390549","text":"Danny Sriskandarajah: we talk about a cost of living crisis here","type":"L","timestamp":"2023-11-09 15:08:42"},{"nodeID":"1390550","text":"Analysing","type":"YA","timestamp":"2023-11-09 15:08:42"},{"nodeID":"1390551","text":"Fyfe: Danny Sriskandarajah: we talk about a cost of living crisis here","type":"L","timestamp":"2023-11-09 15:08:42"},{"nodeID":"1390552","text":"Asserting","type":"YA","timestamp":"2023-11-09 15:08:42"},{"nodeID":"1390553","text":"Default Transition","type":"TA","timestamp":"2023-11-09 15:08:42"},{"nodeID":"1390554","text":"cost of living crisis sounds as if there's some sort of inevitable mechanism, an invisible hand that's driving inflation","type":"I","timestamp":"2023-11-09 15:08:43"},{"nodeID":"1390555","text":"Danny Sriskandarajah: which sounds as if there's some sort of inevitable mechanism, an invisible hand that's driving inflation","type":"L","timestamp":"2023-11-09 15:08:43"},{"nodeID":"1390556","text":"Analysing","type":"YA","timestamp":"2023-11-09 15:08:43"},{"nodeID":"1390557","text":"Fyfe: Danny Sriskandarajah: which sounds as if there's some sort of inevitable mechanism, an invisible hand that's driving inflation","type":"L","timestamp":"2023-11-09 15:08:43"},{"nodeID":"1390558","text":"Asserting","type":"YA","timestamp":"2023-11-09 15:08:43"},{"nodeID":"1390559","text":"Default Transition","type":"TA","timestamp":"2023-11-09 15:08:43"},{"nodeID":"1390560","text":"an invisible hand driving inflation is not what's happening","type":"I","timestamp":"2023-11-09 15:08:43"},{"nodeID":"1390561","text":"Danny Sriskandarajah: That's not what's happening","type":"L","timestamp":"2023-11-09 15:08:43"},{"nodeID":"1390562","text":"Analysing","type":"YA","timestamp":"2023-11-09 15:08:43"},{"nodeID":"1390563","text":"Fyfe: Danny Sriskandarajah: That's not what's happening","type":"L","timestamp":"2023-11-09 15:08:43"},{"nodeID":"1390564","text":"Asserting","type":"YA","timestamp":"2023-11-09 15:08:43"},{"nodeID":"1390565","text":"Default Transition","type":"TA","timestamp":"2023-11-09 15:08:43"},{"nodeID":"1390566","text":"Default Conflict","type":"CA","timestamp":"2023-11-09 15:08:43"},{"nodeID":"1390567","text":"Disagreeing","type":"YA","timestamp":"2023-11-09 15:08:43"},{"nodeID":"1390568","text":"we have an inequality crisis not a cost of living crisis","type":"I","timestamp":"2023-11-09 15:08:44"},{"nodeID":"1390569","text":"Danny Sriskandarajah:  We have an inequality crisis","type":"L","timestamp":"2023-11-09 15:08:44"},{"nodeID":"1390570","text":"Analysing","type":"YA","timestamp":"2023-11-09 15:08:44"},{"nodeID":"1390571","text":"Fyfe: Danny Sriskandarajah:  We have an inequality crisis","type":"L","timestamp":"2023-11-09 15:08:44"},{"nodeID":"1390572","text":"Asserting","type":"YA","timestamp":"2023-11-09 15:08:44"},{"nodeID":"1390573","text":"Default Transition","type":"TA","timestamp":"2023-11-09 15:08:44"},{"nodeID":"1390574","text":"Default Transition","type":"TA","timestamp":"2023-11-09 15:08:44"},{"nodeID":"1390575","text":"Default Conflict","type":"CA","timestamp":"2023-11-09 15:08:44"},{"nodeID":"1390576","text":"Disagreeing","type":"YA","timestamp":"2023-11-09 15:08:44"},{"nodeID":"1390577","text":"Danny Sriskandarajah thinks the money should come from xxx for investing in these services","type":"I","timestamp":"2023-11-09 15:08:45"},{"nodeID":"1390578","text":"Fiona Bruce: Danny, where do you think the money should come from for investing most in these services","type":"L","timestamp":"2023-11-09 15:08:45"},{"nodeID":"1390579","text":"Analysing","type":"YA","timestamp":"2023-11-09 15:08:45"},{"nodeID":"1390580","text":"Fyfe: Fiona Bruce: Danny, where do you think the money should come from for investing most in these services","type":"L","timestamp":"2023-11-09 15:08:45"},{"nodeID":"1390581","text":"Asserting","type":"YA","timestamp":"2023-11-09 15:08:45"},{"nodeID":"1390582","text":"Default Transition","type":"TA","timestamp":"2023-11-09 15:08:45"},{"nodeID":"1390583","text":"Danny Sriskandarajah wants to raise taxes to pay for public services","type":"I","timestamp":"2023-11-09 15:08:45"},{"nodeID":"1390584","text":"Fiona Bruce: Is it higher taxes","type":"L","timestamp":"2023-11-09 15:08:45"},{"nodeID":"1390585","text":"Analysing","type":"YA","timestamp":"2023-11-09 15:08:45"},{"nodeID":"1390586","text":"Fyfe: Fiona Bruce: Is it higher taxes","type":"L","timestamp":"2023-11-09 15:08:45"},{"nodeID":"1390587","text":"Assertive Questioning","type":"YA","timestamp":"2023-11-09 15:08:45"},{"nodeID":"1390588","text":"Default Transition","type":"TA","timestamp":"2023-11-09 15:08:45"},{"nodeID":"1390589","text":"Danny Sriskandarajah: Yes","type":"L","timestamp":"2023-11-09 15:08:45"},{"nodeID":"1390590","text":"Analysing","type":"YA","timestamp":"2023-11-09 15:08:45"},{"nodeID":"1390591","text":"Fyfe: Danny Sriskandarajah: Yes","type":"L","timestamp":"2023-11-09 15:08:45"},{"nodeID":"1390592","text":"Asserting","type":"YA","timestamp":"2023-11-09 15:08:45"},{"nodeID":"1390593","text":"Default Transition","type":"TA","timestamp":"2023-11-09 15:08:45"},{"nodeID":"1390594","text":"Default Rephrase","type":"MA","timestamp":"2023-11-09 15:08:45"},{"nodeID":"1390595","text":"we have had very historically low levels of taxes on say wealth","type":"I","timestamp":"2023-11-09 15:08:46"},{"nodeID":"1390596","text":"Danny Sriskandarajah: We've had very historically low levels of taxes on say wealth","type":"L","timestamp":"2023-11-09 15:08:46"},{"nodeID":"1390597","text":"Analysing","type":"YA","timestamp":"2023-11-09 15:08:46"},{"nodeID":"1390598","text":"Fyfe: Danny Sriskandarajah: We've had very historically low levels of taxes on say wealth","type":"L","timestamp":"2023-11-09 15:08:46"},{"nodeID":"1390599","text":"Asserting","type":"YA","timestamp":"2023-11-09 15:08:46"},{"nodeID":"1390600","text":"Default Transition","type":"TA","timestamp":"2023-11-09 15:08:46"},{"nodeID":"1390601","text":"Arguing","type":"YA","timestamp":"2023-11-09 15:08:46"},{"nodeID":"1390602","text":"Default Inference","type":"RA","timestamp":"2023-11-09 15:08:46"},{"nodeID":"1390603","text":"Arguing","type":"YA","timestamp":"2023-11-09 15:08:46"},{"nodeID":"1390604","text":"we're paying the highest level of tax we've paid since the Second World War I think at the moment","type":"I","timestamp":"2023-11-09 15:08:47"},{"nodeID":"1390605","text":"Fiona Bruce: We're paying the highest level of tax we've paid since the Second World War I think at the moment","type":"L","timestamp":"2023-11-09 15:08:47"},{"nodeID":"1390606","text":"Analysing","type":"YA","timestamp":"2023-11-09 15:08:47"},{"nodeID":"1390607","text":"Fyfe: Fiona Bruce: We're paying the highest level of tax we've paid since the Second World War I think at the moment","type":"L","timestamp":"2023-11-09 15:08:47"},{"nodeID":"1390608","text":"Asserting","type":"YA","timestamp":"2023-11-09 15:08:47"},{"nodeID":"1390609","text":"Default Transition","type":"TA","timestamp":"2023-11-09 15:08:47"},{"nodeID":"1390610","text":"Default Conflict","type":"CA","timestamp":"2023-11-09 15:08:47"},{"nodeID":"1390611","text":"Disagreeing","type":"YA","timestamp":"2023-11-09 15:08:47"},{"nodeID":"1390612","text":"we've had cuts","type":"I","timestamp":"2023-11-09 15:08:47"},{"nodeID":"1390613","text":"Danny Sriskandarajah: We've had cuts","type":"L","timestamp":"2023-11-09 15:08:47"},{"nodeID":"1390614","text":"Analysing","type":"YA","timestamp":"2023-11-09 15:08:47"},{"nodeID":"1390615","text":"Fyfe: Danny Sriskandarajah: We've had cuts","type":"L","timestamp":"2023-11-09 15:08:47"},{"nodeID":"1390616","text":"Asserting","type":"YA","timestamp":"2023-11-09 15:08:47"},{"nodeID":"1390617","text":"Default Transition","type":"TA","timestamp":"2023-11-09 15:08:47"},{"nodeID":"1390618","text":"Default Conflict","type":"CA","timestamp":"2023-11-09 15:08:47"},{"nodeID":"1390619","text":"Disagreeing","type":"YA","timestamp":"2023-11-09 15:08:47"},{"nodeID":"1390620","text":"not the rich, you're saying","type":"I","timestamp":"2023-11-09 15:08:48"},{"nodeID":"1390621","text":"Fiona Bruce:  Not the rich, you're saying","type":"L","timestamp":"2023-11-09 15:08:48"},{"nodeID":"1390622","text":"Analysing","type":"YA","timestamp":"2023-11-09 15:08:48"},{"nodeID":"1390623","text":"Fyfe: Fiona Bruce:  Not the rich, you're saying","type":"L","timestamp":"2023-11-09 15:08:48"},{"nodeID":"1390624","text":"Asserting","type":"YA","timestamp":"2023-11-09 15:08:48"},{"nodeID":"1390625","text":"Default Transition","type":"TA","timestamp":"2023-11-09 15:08:48"}],"edges":[{"edgeID":"1816356","fromID":"1390499","toID":"1390498","formEdgeID":null},{"edgeID":"1816357","fromID":"1390500","toID":"1390499","formEdgeID":null},{"edgeID":"1816358","fromID":"1390498","toID":"1390501","formEdgeID":null},{"edgeID":"1816359","fromID":"1390501","toID":"1390497","formEdgeID":null},{"edgeID":"1816360","fromID":"1390504","toID":"1390503","formEdgeID":null},{"edgeID":"1816361","fromID":"1390505","toID":"1390504","formEdgeID":null},{"edgeID":"1816362","fromID":"1390503","toID":"1390506","formEdgeID":null},{"edgeID":"1816363","fromID":"1390506","toID":"1390502","formEdgeID":null},{"edgeID":"1816364","fromID":"1390498","toID":"1390507","formEdgeID":null},{"edgeID":"1816365","fromID":"1390507","toID":"1390503","formEdgeID":null},{"edgeID":"1816366","fromID":"1390502","toID":"1390508","formEdgeID":null},{"edgeID":"1816367","fromID":"1390508","toID":"1390497","formEdgeID":null},{"edgeID":"1816368","fromID":"1390507","toID":"1390509","formEdgeID":null},{"edgeID":"1816369","fromID":"1390509","toID":"1390508","formEdgeID":null},{"edgeID":"1816370","fromID":"1390512","toID":"1390511","formEdgeID":null},{"edgeID":"1816371","fromID":"1390513","toID":"1390512","formEdgeID":null},{"edgeID":"1816372","fromID":"1390511","toID":"1390514","formEdgeID":null},{"edgeID":"1816373","fromID":"1390514","toID":"1390510","formEdgeID":null},{"edgeID":"1816374","fromID":"1390498","toID":"1390515","formEdgeID":null},{"edgeID":"1816375","fromID":"1390515","toID":"1390511","formEdgeID":null},{"edgeID":"1816376","fromID":"1390510","toID":"1390516","formEdgeID":null},{"edgeID":"1816377","fromID":"1390516","toID":"1390497","formEdgeID":null},{"edgeID":"1816378","fromID":"1390515","toID":"1390517","formEdgeID":null},{"edgeID":"1816379","fromID":"1390517","toID":"1390516","formEdgeID":null},{"edgeID":"1816380","fromID":"1390520","toID":"1390519","formEdgeID":null},{"edgeID":"1816381","fromID":"1390521","toID":"1390520","formEdgeID":null},{"edgeID":"1816382","fromID":"1390519","toID":"1390522","formEdgeID":null},{"edgeID":"1816383","fromID":"1390522","toID":"1390518","formEdgeID":null},{"edgeID":"1816384","fromID":"1390498","toID":"1390523","formEdgeID":null},{"edgeID":"1816385","fromID":"1390523","toID":"1390519","formEdgeID":null},{"edgeID":"1816386","fromID":"1390518","toID":"1390524","formEdgeID":null},{"edgeID":"1816387","fromID":"1390524","toID":"1390497","formEdgeID":null},{"edgeID":"1816388","fromID":"1390523","toID":"1390525","formEdgeID":null},{"edgeID":"1816389","fromID":"1390525","toID":"1390524","formEdgeID":null},{"edgeID":"1816390","fromID":"1390528","toID":"1390527","formEdgeID":null},{"edgeID":"1816391","fromID":"1390529","toID":"1390528","formEdgeID":null},{"edgeID":"1816392","fromID":"1390527","toID":"1390530","formEdgeID":null},{"edgeID":"1816393","fromID":"1390530","toID":"1390526","formEdgeID":null},{"edgeID":"1816394","fromID":"1390503","toID":"1390531","formEdgeID":null},{"edgeID":"1816395","fromID":"1390531","toID":"1390527","formEdgeID":null},{"edgeID":"1816396","fromID":"1390502","toID":"1390532","formEdgeID":null},{"edgeID":"1816397","fromID":"1390532","toID":"1390526","formEdgeID":null},{"edgeID":"1816398","fromID":"1390531","toID":"1390533","formEdgeID":null},{"edgeID":"1816399","fromID":"1390533","toID":"1390532","formEdgeID":null},{"edgeID":"1816400","fromID":"1390536","toID":"1390535","formEdgeID":null},{"edgeID":"1816401","fromID":"1390537","toID":"1390536","formEdgeID":null},{"edgeID":"1816402","fromID":"1390535","toID":"1390538","formEdgeID":null},{"edgeID":"1816403","fromID":"1390538","toID":"1390534","formEdgeID":null},{"edgeID":"1816404","fromID":"1390527","toID":"1390539","formEdgeID":null},{"edgeID":"1816405","fromID":"1390539","toID":"1390535","formEdgeID":null},{"edgeID":"1816406","fromID":"1390542","toID":"1390541","formEdgeID":null},{"edgeID":"1816407","fromID":"1390543","toID":"1390542","formEdgeID":null},{"edgeID":"1816408","fromID":"1390541","toID":"1390544","formEdgeID":null},{"edgeID":"1816409","fromID":"1390544","toID":"1390540","formEdgeID":null},{"edgeID":"1816410","fromID":"1390540","toID":"1390545","formEdgeID":null},{"edgeID":"1816411","fromID":"1390545","toID":"1390534","formEdgeID":null},{"edgeID":"1816412","fromID":"1390535","toID":"1390546","formEdgeID":null},{"edgeID":"1816413","fromID":"1390546","toID":"1390541","formEdgeID":null},{"edgeID":"1816414","fromID":"1390546","toID":"1390547","formEdgeID":null},{"edgeID":"1816415","fromID":"1390547","toID":"1390545","formEdgeID":null},{"edgeID":"1816416","fromID":"1390550","toID":"1390549","formEdgeID":null},{"edgeID":"1816417","fromID":"1390551","toID":"1390550","formEdgeID":null},{"edgeID":"1816418","fromID":"1390549","toID":"1390552","formEdgeID":null},{"edgeID":"1816419","fromID":"1390552","toID":"1390548","formEdgeID":null},{"edgeID":"1816420","fromID":"1390541","toID":"1390553","formEdgeID":null},{"edgeID":"1816421","fromID":"1390553","toID":"1390549","formEdgeID":null},{"edgeID":"1816422","fromID":"1390556","toID":"1390555","formEdgeID":null},{"edgeID":"1816423","fromID":"1390557","toID":"1390556","formEdgeID":null},{"edgeID":"1816424","fromID":"1390555","toID":"1390558","formEdgeID":null},{"edgeID":"1816425","fromID":"1390558","toID":"1390554","formEdgeID":null},{"edgeID":"1816426","fromID":"1390549","toID":"1390559","formEdgeID":null},{"edgeID":"1816427","fromID":"1390559","toID":"1390555","formEdgeID":null},{"edgeID":"1816428","fromID":"1390562","toID":"1390561","formEdgeID":null},{"edgeID":"1816429","fromID":"1390563","toID":"1390562","formEdgeID":null},{"edgeID":"1816430","fromID":"1390561","toID":"1390564","formEdgeID":null},{"edgeID":"1816431","fromID":"1390564","toID":"1390560","formEdgeID":null},{"edgeID":"1816432","fromID":"1390555","toID":"1390565","formEdgeID":null},{"edgeID":"1816433","fromID":"1390565","toID":"1390561","formEdgeID":null},{"edgeID":"1816434","fromID":"1390560","toID":"1390566","formEdgeID":null},{"edgeID":"1816435","fromID":"1390566","toID":"1390554","formEdgeID":null},{"edgeID":"1816436","fromID":"1390565","toID":"1390567","formEdgeID":null},{"edgeID":"1816437","fromID":"1390567","toID":"1390566","formEdgeID":null},{"edgeID":"1816438","fromID":"1390570","toID":"1390569","formEdgeID":null},{"edgeID":"1816439","fromID":"1390571","toID":"1390570","formEdgeID":null},{"edgeID":"1816440","fromID":"1390569","toID":"1390572","formEdgeID":null},{"edgeID":"1816441","fromID":"1390572","toID":"1390568","formEdgeID":null},{"edgeID":"1816442","fromID":"1390549","toID":"1390573","formEdgeID":null},{"edgeID":"1816443","fromID":"1390573","toID":"1390569","formEdgeID":null},{"edgeID":"1816444","fromID":"1390561","toID":"1390574","formEdgeID":null},{"edgeID":"1816445","fromID":"1390574","toID":"1390569","formEdgeID":null},{"edgeID":"1816446","fromID":"1390568","toID":"1390575","formEdgeID":null},{"edgeID":"1816447","fromID":"1390575","toID":"1390548","formEdgeID":null},{"edgeID":"1816448","fromID":"1390573","toID":"1390576","formEdgeID":null},{"edgeID":"1816449","fromID":"1390576","toID":"1390575","formEdgeID":null},{"edgeID":"1816450","fromID":"1390579","toID":"1390578","formEdgeID":null},{"edgeID":"1816451","fromID":"1390580","toID":"1390579","formEdgeID":null},{"edgeID":"1816452","fromID":"1390578","toID":"1390581","formEdgeID":null},{"edgeID":"1816453","fromID":"1390581","toID":"1390577","formEdgeID":null},{"edgeID":"1816454","fromID":"1390569","toID":"1390582","formEdgeID":null},{"edgeID":"1816455","fromID":"1390582","toID":"1390578","formEdgeID":null},{"edgeID":"1816456","fromID":"1390585","toID":"1390584","formEdgeID":null},{"edgeID":"1816457","fromID":"1390586","toID":"1390585","formEdgeID":null},{"edgeID":"1816458","fromID":"1390584","toID":"1390587","formEdgeID":null},{"edgeID":"1816459","fromID":"1390587","toID":"1390583","formEdgeID":null},{"edgeID":"1816460","fromID":"1390578","toID":"1390588","formEdgeID":null},{"edgeID":"1816461","fromID":"1390588","toID":"1390584","formEdgeID":null},{"edgeID":"1816462","fromID":"1390590","toID":"1390589","formEdgeID":null},{"edgeID":"1816463","fromID":"1390591","toID":"1390590","formEdgeID":null},{"edgeID":"1816464","fromID":"1390589","toID":"1390592","formEdgeID":null},{"edgeID":"1816465","fromID":"1390592","toID":"1390583","formEdgeID":null},{"edgeID":"1816466","fromID":"1390584","toID":"1390593","formEdgeID":null},{"edgeID":"1816467","fromID":"1390593","toID":"1390589","formEdgeID":null},{"edgeID":"1816468","fromID":"1390583","toID":"1390594","formEdgeID":null},{"edgeID":"1816469","fromID":"1390594","toID":"1390583","formEdgeID":null},{"edgeID":"1816470","fromID":"1390597","toID":"1390596","formEdgeID":null},{"edgeID":"1816471","fromID":"1390598","toID":"1390597","formEdgeID":null},{"edgeID":"1816472","fromID":"1390596","toID":"1390599","formEdgeID":null},{"edgeID":"1816473","fromID":"1390599","toID":"1390595","formEdgeID":null},{"edgeID":"1816474","fromID":"1390589","toID":"1390600","formEdgeID":null},{"edgeID":"1816475","fromID":"1390600","toID":"1390596","formEdgeID":null},{"edgeID":"1816476","fromID":"1390593","toID":"1390601","formEdgeID":null},{"edgeID":"1816477","fromID":"1390601","toID":"1390594","formEdgeID":null},{"edgeID":"1816478","fromID":"1390595","toID":"1390602","formEdgeID":null},{"edgeID":"1816479","fromID":"1390602","toID":"1390583","formEdgeID":null},{"edgeID":"1816480","fromID":"1390600","toID":"1390603","formEdgeID":null},{"edgeID":"1816481","fromID":"1390603","toID":"1390602","formEdgeID":null},{"edgeID":"1816482","fromID":"1390606","toID":"1390605","formEdgeID":null},{"edgeID":"1816483","fromID":"1390607","toID":"1390606","formEdgeID":null},{"edgeID":"1816484","fromID":"1390605","toID":"1390608","formEdgeID":null},{"edgeID":"1816485","fromID":"1390608","toID":"1390604","formEdgeID":null},{"edgeID":"1816486","fromID":"1390596","toID":"1390609","formEdgeID":null},{"edgeID":"1816487","fromID":"1390609","toID":"1390605","formEdgeID":null},{"edgeID":"1816488","fromID":"1390604","toID":"1390610","formEdgeID":null},{"edgeID":"1816489","fromID":"1390610","toID":"1390595","formEdgeID":null},{"edgeID":"1816490","fromID":"1390609","toID":"1390611","formEdgeID":null},{"edgeID":"1816491","fromID":"1390611","toID":"1390610","formEdgeID":null},{"edgeID":"1816492","fromID":"1390614","toID":"1390613","formEdgeID":null},{"edgeID":"1816493","fromID":"1390615","toID":"1390614","formEdgeID":null},{"edgeID":"1816494","fromID":"1390613","toID":"1390616","formEdgeID":null},{"edgeID":"1816495","fromID":"1390616","toID":"1390612","formEdgeID":null},{"edgeID":"1816496","fromID":"1390605","toID":"1390617","formEdgeID":null},{"edgeID":"1816497","fromID":"1390617","toID":"1390613","formEdgeID":null},{"edgeID":"1816498","fromID":"1390612","toID":"1390618","formEdgeID":null},{"edgeID":"1816499","fromID":"1390618","toID":"1390604","formEdgeID":null},{"edgeID":"1816500","fromID":"1390617","toID":"1390619","formEdgeID":null},{"edgeID":"1816501","fromID":"1390619","toID":"1390618","formEdgeID":null},{"edgeID":"1816502","fromID":"1390622","toID":"1390621","formEdgeID":null},{"edgeID":"1816503","fromID":"1390623","toID":"1390622","formEdgeID":null},{"edgeID":"1816504","fromID":"1390621","toID":"1390624","formEdgeID":null},{"edgeID":"1816505","fromID":"1390624","toID":"1390620","formEdgeID":null},{"edgeID":"1816506","fromID":"1390613","toID":"1390625","formEdgeID":null},{"edgeID":"1816507","fromID":"1390625","toID":"1390621","formEdgeID":null}],"locutions":[]}