{"nodes":[{"nodeID":"1390966","text":"Analysing","type":"YA","timestamp":"2023-11-09 15:09:16"},{"nodeID":"1390967","text":"Nette: Emily Thornberry: so we would reintroduce the PCSOs, the community police officers","type":"L","timestamp":"2023-11-09 15:09:16"},{"nodeID":"1390968","text":"we would reintroduce the PCSOs, the community police officers","type":"I","timestamp":"2023-11-09 15:09:17"},{"nodeID":"1390969","text":"Emily Thornberry: we would reintroduce the PCSOs, the community police officers","type":"L","timestamp":"2023-11-09 15:09:17"},{"nodeID":"1390970","text":"Analysing","type":"YA","timestamp":"2023-11-09 15:09:17"},{"nodeID":"1390971","text":"Nette: Emily Thornberry: we would reintroduce the PCSOs, the community police officers","type":"L","timestamp":"2023-11-09 15:09:17"},{"nodeID":"1390972","text":"Asserting","type":"YA","timestamp":"2023-11-09 15:09:17"},{"nodeID":"1390973","text":"no community can have policing done to it","type":"I","timestamp":"2023-11-09 15:09:17"},{"nodeID":"1390974","text":"Emily Thornberry: no community can have policing done to it","type":"L","timestamp":"2023-11-09 15:09:17"},{"nodeID":"1390975","text":"Analysing","type":"YA","timestamp":"2023-11-09 15:09:17"},{"nodeID":"1390976","text":"Nette: Emily Thornberry: no community can have policing done to it","type":"L","timestamp":"2023-11-09 15:09:17"},{"nodeID":"1390977","text":"Asserting","type":"YA","timestamp":"2023-11-09 15:09:17"},{"nodeID":"1390978","text":"Default Transition","type":"TA","timestamp":"2023-11-09 15:09:17"},{"nodeID":"1390979","text":"Default Conflict","type":"CA","timestamp":"2023-11-09 15:09:17"},{"nodeID":"1390980","text":"Disagreeing","type":"YA","timestamp":"2023-11-09 15:09:17"},{"nodeID":"1390981","text":"you have to work with police officers","type":"I","timestamp":"2023-11-09 15:09:18"},{"nodeID":"1390982","text":"Emily Thornberry: You have to work with police officers","type":"L","timestamp":"2023-11-09 15:09:18"},{"nodeID":"1390983","text":"Analysing","type":"YA","timestamp":"2023-11-09 15:09:18"},{"nodeID":"1390984","text":"Nette: Emily Thornberry: You have to work with police officers","type":"L","timestamp":"2023-11-09 15:09:18"},{"nodeID":"1390985","text":"Asserting","type":"YA","timestamp":"2023-11-09 15:09:18"},{"nodeID":"1390986","text":"Default Transition","type":"TA","timestamp":"2023-11-09 15:09:18"},{"nodeID":"1390987","text":"working with police offers is the way in which you make a community safe","type":"I","timestamp":"2023-11-09 15:09:19"},{"nodeID":"1390988","text":"Emily Thornberry: that's the way in which you make a community safe","type":"L","timestamp":"2023-11-09 15:09:19"},{"nodeID":"1390989","text":"Analysing","type":"YA","timestamp":"2023-11-09 15:09:19"},{"nodeID":"1390990","text":"Nette: Emily Thornberry: that's the way in which you make a community safe","type":"L","timestamp":"2023-11-09 15:09:19"},{"nodeID":"1390991","text":"Asserting","type":"YA","timestamp":"2023-11-09 15:09:19"},{"nodeID":"1390992","text":"Default Transition","type":"TA","timestamp":"2023-11-09 15:09:19"},{"nodeID":"1390993","text":"Default Inference","type":"RA","timestamp":"2023-11-09 15:09:19"},{"nodeID":"1390994","text":"Arguing","type":"YA","timestamp":"2023-11-09 15:09:19"},{"nodeID":"1390995","text":"the community's priorities then become the police officers","type":"I","timestamp":"2023-11-09 15:09:19"},{"nodeID":"1390996","text":"Emily Thornberry: the community's priorities then become the police officers","type":"L","timestamp":"2023-11-09 15:09:19"},{"nodeID":"1390997","text":"Analysing","type":"YA","timestamp":"2023-11-09 15:09:19"},{"nodeID":"1390998","text":"Nette: Emily Thornberry: the community's priorities then become the police officers","type":"L","timestamp":"2023-11-09 15:09:19"},{"nodeID":"1390999","text":"Asserting","type":"YA","timestamp":"2023-11-09 15:09:19"},{"nodeID":"1391000","text":"Default Transition","type":"TA","timestamp":"2023-11-09 15:09:19"},{"nodeID":"1391001","text":"the police officers work closely with that community","type":"I","timestamp":"2023-11-09 15:09:20"},{"nodeID":"1391002","text":"Emily Thornberry: they work closely with that community","type":"L","timestamp":"2023-11-09 15:09:20"},{"nodeID":"1391003","text":"Analysing","type":"YA","timestamp":"2023-11-09 15:09:20"},{"nodeID":"1391004","text":"Nette: Emily Thornberry: they work closely with that community","type":"L","timestamp":"2023-11-09 15:09:20"},{"nodeID":"1391005","text":"Asserting","type":"YA","timestamp":"2023-11-09 15:09:20"},{"nodeID":"1391006","text":"Default Inference","type":"RA","timestamp":"2023-11-09 15:09:20"},{"nodeID":"1391007","text":"Default Transition","type":"TA","timestamp":"2023-11-09 15:09:20"},{"nodeID":"1391008","text":"Arguing","type":"YA","timestamp":"2023-11-09 15:09:20"},{"nodeID":"1391009","text":"we, the Labour Party, would spend \u00a31bn on mental health","type":"I","timestamp":"2023-11-09 15:09:21"},{"nodeID":"1391010","text":"Emily Thornberry: we, Labour, would spend \u00a31bn on mental health","type":"L","timestamp":"2023-11-09 15:09:21"},{"nodeID":"1391011","text":"Analysing","type":"YA","timestamp":"2023-11-09 15:09:21"},{"nodeID":"1391012","text":"Nette: Emily Thornberry: we, Labour, would spend \u00a31bn on mental health","type":"L","timestamp":"2023-11-09 15:09:21"},{"nodeID":"1391013","text":"Asserting","type":"YA","timestamp":"2023-11-09 15:09:21"},{"nodeID":"1391014","text":"Default Transition","type":"TA","timestamp":"2023-11-09 15:09:21"},{"nodeID":"1391015","text":"the Labour Party would be putting mental health workers in the schools","type":"I","timestamp":"2023-11-09 15:09:21"},{"nodeID":"1391016","text":"Emily Thornberry: we would be putting mental health workers in the schools","type":"L","timestamp":"2023-11-09 15:09:21"},{"nodeID":"1391017","text":"Analysing","type":"YA","timestamp":"2023-11-09 15:09:21"},{"nodeID":"1391018","text":"Nette: Emily Thornberry: we would be putting mental health workers in the schools","type":"L","timestamp":"2023-11-09 15:09:21"},{"nodeID":"1391019","text":"Asserting","type":"YA","timestamp":"2023-11-09 15:09:21"},{"nodeID":"1391020","text":"every secondary school would have a mental health worker","type":"I","timestamp":"2023-11-09 15:09:22"},{"nodeID":"1391021","text":"Emily Thornberry: every secondary school would have a mental health worker","type":"L","timestamp":"2023-11-09 15:09:22"},{"nodeID":"1391022","text":"Analysing","type":"YA","timestamp":"2023-11-09 15:09:22"},{"nodeID":"1391023","text":"Nette: Emily Thornberry: every secondary school would have a mental health worker","type":"L","timestamp":"2023-11-09 15:09:22"},{"nodeID":"1391024","text":"Asserting","type":"YA","timestamp":"2023-11-09 15:09:22"},{"nodeID":"1391025","text":"Default Transition","type":"TA","timestamp":"2023-11-09 15:09:22"},{"nodeID":"1391026","text":"Default Transition","type":"TA","timestamp":"2023-11-09 15:09:22"},{"nodeID":"1391027","text":"Default Rephrase","type":"MA","timestamp":"2023-11-09 15:09:22"},{"nodeID":"1391028","text":"Restating","type":"YA","timestamp":"2023-11-09 15:09:22"},{"nodeID":"1391029","text":"all primary schools would have one that they would be sharing","type":"I","timestamp":"2023-11-09 15:09:23"},{"nodeID":"1391030","text":"Emily Thornberry: all primary schools would have one that they would be sharing","type":"L","timestamp":"2023-11-09 15:09:23"},{"nodeID":"1391031","text":"Analysing","type":"YA","timestamp":"2023-11-09 15:09:23"},{"nodeID":"1391032","text":"Nette: Emily Thornberry: all primary schools would have one that they would be sharing","type":"L","timestamp":"2023-11-09 15:09:23"},{"nodeID":"1391033","text":"Asserting","type":"YA","timestamp":"2023-11-09 15:09:23"},{"nodeID":"1391034","text":"Default Rephrase","type":"MA","timestamp":"2023-11-09 15:09:23"},{"nodeID":"1391035","text":"Default Transition","type":"TA","timestamp":"2023-11-09 15:09:23"},{"nodeID":"1391036","text":"Restating","type":"YA","timestamp":"2023-11-09 15:09:23"},{"nodeID":"1391037","text":"we can deal with mental health issues","type":"I","timestamp":"2023-11-09 15:09:23"},{"nodeID":"1391038","text":"Emily Thornberry: we can deal with those issues as well","type":"L","timestamp":"2023-11-09 15:09:23"},{"nodeID":"1391039","text":"Analysing","type":"YA","timestamp":"2023-11-09 15:09:23"},{"nodeID":"1391040","text":"Nette: Emily Thornberry: we can deal with those issues as well","type":"L","timestamp":"2023-11-09 15:09:23"},{"nodeID":"1391041","text":"Asserting","type":"YA","timestamp":"2023-11-09 15:09:23"},{"nodeID":"1391042","text":"Default Inference","type":"RA","timestamp":"2023-11-09 15:09:23"},{"nodeID":"1391043","text":"Default Transition","type":"TA","timestamp":"2023-11-09 15:09:23"},{"nodeID":"1391044","text":"Arguing","type":"YA","timestamp":"2023-11-09 15:09:23"},{"nodeID":"1391045","text":"the Labour Party would stop the way in which you can buy knives so easily online","type":"I","timestamp":"2023-11-09 15:09:24"},{"nodeID":"1391046","text":"Emily Thornberry: We would stop the way in which you can buy knives so easily online","type":"L","timestamp":"2023-11-09 15:09:24"},{"nodeID":"1391047","text":"Analysing","type":"YA","timestamp":"2023-11-09 15:09:24"},{"nodeID":"1391048","text":"Nette: Emily Thornberry: We would stop the way in which you can buy knives so easily online","type":"L","timestamp":"2023-11-09 15:09:24"},{"nodeID":"1391049","text":"Asserting","type":"YA","timestamp":"2023-11-09 15:09:24"},{"nodeID":"1391050","text":"Default Transition","type":"TA","timestamp":"2023-11-09 15:09:24"}],"edges":[{"edgeID":"1816911","fromID":"1390967","toID":"1390966","formEdgeID":null},{"edgeID":"1816912","fromID":"1390970","toID":"1390969","formEdgeID":null},{"edgeID":"1816913","fromID":"1390971","toID":"1390970","formEdgeID":null},{"edgeID":"1816914","fromID":"1390969","toID":"1390972","formEdgeID":null},{"edgeID":"1816915","fromID":"1390972","toID":"1390968","formEdgeID":null},{"edgeID":"1816916","fromID":"1390975","toID":"1390974","formEdgeID":null},{"edgeID":"1816917","fromID":"1390976","toID":"1390975","formEdgeID":null},{"edgeID":"1816918","fromID":"1390974","toID":"1390977","formEdgeID":null},{"edgeID":"1816919","fromID":"1390977","toID":"1390973","formEdgeID":null},{"edgeID":"1816920","fromID":"1390969","toID":"1390978","formEdgeID":null},{"edgeID":"1816921","fromID":"1390978","toID":"1390974","formEdgeID":null},{"edgeID":"1816922","fromID":"1390973","toID":"1390979","formEdgeID":null},{"edgeID":"1816923","fromID":"1390979","toID":"1390968","formEdgeID":null},{"edgeID":"1816924","fromID":"1390978","toID":"1390980","formEdgeID":null},{"edgeID":"1816925","fromID":"1390980","toID":"1390979","formEdgeID":null},{"edgeID":"1816926","fromID":"1390983","toID":"1390982","formEdgeID":null},{"edgeID":"1816927","fromID":"1390984","toID":"1390983","formEdgeID":null},{"edgeID":"1816928","fromID":"1390982","toID":"1390985","formEdgeID":null},{"edgeID":"1816929","fromID":"1390985","toID":"1390981","formEdgeID":null},{"edgeID":"1816930","fromID":"1390974","toID":"1390986","formEdgeID":null},{"edgeID":"1816931","fromID":"1390986","toID":"1390982","formEdgeID":null},{"edgeID":"1816932","fromID":"1390989","toID":"1390988","formEdgeID":null},{"edgeID":"1816933","fromID":"1390990","toID":"1390989","formEdgeID":null},{"edgeID":"1816934","fromID":"1390988","toID":"1390991","formEdgeID":null},{"edgeID":"1816935","fromID":"1390991","toID":"1390987","formEdgeID":null},{"edgeID":"1816936","fromID":"1390982","toID":"1390992","formEdgeID":null},{"edgeID":"1816937","fromID":"1390992","toID":"1390988","formEdgeID":null},{"edgeID":"1816938","fromID":"1390987","toID":"1390993","formEdgeID":null},{"edgeID":"1816939","fromID":"1390993","toID":"1390981","formEdgeID":null},{"edgeID":"1816940","fromID":"1390992","toID":"1390994","formEdgeID":null},{"edgeID":"1816941","fromID":"1390994","toID":"1390993","formEdgeID":null},{"edgeID":"1816942","fromID":"1390997","toID":"1390996","formEdgeID":null},{"edgeID":"1816943","fromID":"1390998","toID":"1390997","formEdgeID":null},{"edgeID":"1816944","fromID":"1390996","toID":"1390999","formEdgeID":null},{"edgeID":"1816945","fromID":"1390999","toID":"1390995","formEdgeID":null},{"edgeID":"1816946","fromID":"1390988","toID":"1391000","formEdgeID":null},{"edgeID":"1816947","fromID":"1391000","toID":"1390996","formEdgeID":null},{"edgeID":"1816948","fromID":"1391003","toID":"1391002","formEdgeID":null},{"edgeID":"1816949","fromID":"1391004","toID":"1391003","formEdgeID":null},{"edgeID":"1816950","fromID":"1391002","toID":"1391005","formEdgeID":null},{"edgeID":"1816951","fromID":"1391005","toID":"1391001","formEdgeID":null},{"edgeID":"1816952","fromID":"1391001","toID":"1391006","formEdgeID":null},{"edgeID":"1816953","fromID":"1391006","toID":"1390995","formEdgeID":null},{"edgeID":"1816954","fromID":"1390996","toID":"1391007","formEdgeID":null},{"edgeID":"1816955","fromID":"1391007","toID":"1391002","formEdgeID":null},{"edgeID":"1816956","fromID":"1391007","toID":"1391008","formEdgeID":null},{"edgeID":"1816957","fromID":"1391008","toID":"1391006","formEdgeID":null},{"edgeID":"1816958","fromID":"1391011","toID":"1391010","formEdgeID":null},{"edgeID":"1816959","fromID":"1391012","toID":"1391011","formEdgeID":null},{"edgeID":"1816960","fromID":"1391010","toID":"1391013","formEdgeID":null},{"edgeID":"1816961","fromID":"1391013","toID":"1391009","formEdgeID":null},{"edgeID":"1816962","fromID":"1391002","toID":"1391014","formEdgeID":null},{"edgeID":"1816963","fromID":"1391014","toID":"1391010","formEdgeID":null},{"edgeID":"1816964","fromID":"1391017","toID":"1391016","formEdgeID":null},{"edgeID":"1816965","fromID":"1391018","toID":"1391017","formEdgeID":null},{"edgeID":"1816966","fromID":"1391016","toID":"1391019","formEdgeID":null},{"edgeID":"1816967","fromID":"1391019","toID":"1391015","formEdgeID":null},{"edgeID":"1816968","fromID":"1391022","toID":"1391021","formEdgeID":null},{"edgeID":"1816969","fromID":"1391023","toID":"1391022","formEdgeID":null},{"edgeID":"1816970","fromID":"1391021","toID":"1391024","formEdgeID":null},{"edgeID":"1816971","fromID":"1391024","toID":"1391020","formEdgeID":null},{"edgeID":"1816972","fromID":"1391010","toID":"1391025","formEdgeID":null},{"edgeID":"1816973","fromID":"1391025","toID":"1391016","formEdgeID":null},{"edgeID":"1816974","fromID":"1391016","toID":"1391026","formEdgeID":null},{"edgeID":"1816975","fromID":"1391026","toID":"1391021","formEdgeID":null},{"edgeID":"1816976","fromID":"1391020","toID":"1391027","formEdgeID":null},{"edgeID":"1816977","fromID":"1391027","toID":"1391015","formEdgeID":null},{"edgeID":"1816978","fromID":"1391026","toID":"1391028","formEdgeID":null},{"edgeID":"1816979","fromID":"1391028","toID":"1391027","formEdgeID":null},{"edgeID":"1816980","fromID":"1391031","toID":"1391030","formEdgeID":null},{"edgeID":"1816981","fromID":"1391032","toID":"1391031","formEdgeID":null},{"edgeID":"1816982","fromID":"1391030","toID":"1391033","formEdgeID":null},{"edgeID":"1816983","fromID":"1391033","toID":"1391029","formEdgeID":null},{"edgeID":"1816984","fromID":"1391029","toID":"1391034","formEdgeID":null},{"edgeID":"1816985","fromID":"1391034","toID":"1391015","formEdgeID":null},{"edgeID":"1816986","fromID":"1391016","toID":"1391035","formEdgeID":null},{"edgeID":"1816987","fromID":"1391035","toID":"1391030","formEdgeID":null},{"edgeID":"1816988","fromID":"1391035","toID":"1391036","formEdgeID":null},{"edgeID":"1816989","fromID":"1391036","toID":"1391034","formEdgeID":null},{"edgeID":"1816990","fromID":"1391039","toID":"1391038","formEdgeID":null},{"edgeID":"1816991","fromID":"1391040","toID":"1391039","formEdgeID":null},{"edgeID":"1816992","fromID":"1391038","toID":"1391041","formEdgeID":null},{"edgeID":"1816993","fromID":"1391041","toID":"1391037","formEdgeID":null},{"edgeID":"1816994","fromID":"1391015","toID":"1391042","formEdgeID":null},{"edgeID":"1816995","fromID":"1391042","toID":"1391037","formEdgeID":null},{"edgeID":"1816996","fromID":"1391016","toID":"1391043","formEdgeID":null},{"edgeID":"1816997","fromID":"1391043","toID":"1391038","formEdgeID":null},{"edgeID":"1816998","fromID":"1391043","toID":"1391044","formEdgeID":null},{"edgeID":"1816999","fromID":"1391044","toID":"1391042","formEdgeID":null},{"edgeID":"1817000","fromID":"1391047","toID":"1391046","formEdgeID":null},{"edgeID":"1817001","fromID":"1391048","toID":"1391047","formEdgeID":null},{"edgeID":"1817002","fromID":"1391046","toID":"1391049","formEdgeID":null},{"edgeID":"1817003","fromID":"1391049","toID":"1391045","formEdgeID":null},{"edgeID":"1817004","fromID":"1391038","toID":"1391050","formEdgeID":null},{"edgeID":"1817005","fromID":"1391050","toID":"1391046","formEdgeID":null}],"locutions":[]}