{"nodes":[{"nodeID":"1386942","text":"Andrew Murrison is interested to see what happens with Albania","type":"I","timestamp":"2023-11-09 15:03:31"},{"nodeID":"1386943","text":"Andrew Murrison: I'm interested to see is what happens with Albania","type":"L","timestamp":"2023-11-09 15:03:31"},{"nodeID":"1386944","text":"Analysing","type":"YA","timestamp":"2023-11-09 15:03:31"},{"nodeID":"1386945","text":"Anon: Andrew Murrison: I'm interested to see is what happens with Albania","type":"L","timestamp":"2023-11-09 15:03:31"},{"nodeID":"1386946","text":"Asserting","type":"YA","timestamp":"2023-11-09 15:03:31"},{"nodeID":"1386947","text":"we're now repatriating Albanians","type":"I","timestamp":"2023-11-09 15:03:32"},{"nodeID":"1386948","text":"Andrew Murrison: we're now repatriating Albanians","type":"L","timestamp":"2023-11-09 15:03:32"},{"nodeID":"1386949","text":"Analysing","type":"YA","timestamp":"2023-11-09 15:03:32"},{"nodeID":"1386950","text":"Anon: Andrew Murrison: we're now repatriating Albanians","type":"L","timestamp":"2023-11-09 15:03:32"},{"nodeID":"1386951","text":"Asserting","type":"YA","timestamp":"2023-11-09 15:03:32"},{"nodeID":"1386952","text":"Default Transition","type":"TA","timestamp":"2023-11-09 15:03:32"},{"nodeID":"1386953","text":"Default Inference","type":"RA","timestamp":"2023-11-09 15:03:32"},{"nodeID":"1386954","text":"Arguing","type":"YA","timestamp":"2023-11-09 15:03:32"},{"nodeID":"1386955","text":"Albanians have no basis to be in the UK","type":"I","timestamp":"2023-11-09 15:03:32"},{"nodeID":"1386956","text":"Andrew Murrison: they have no basis to be in this country","type":"L","timestamp":"2023-11-09 15:03:32"},{"nodeID":"1386957","text":"Analysing","type":"YA","timestamp":"2023-11-09 15:03:32"},{"nodeID":"1386958","text":"Anon: Andrew Murrison: they have no basis to be in this country","type":"L","timestamp":"2023-11-09 15:03:32"},{"nodeID":"1386959","text":"Asserting","type":"YA","timestamp":"2023-11-09 15:03:32"},{"nodeID":"1386960","text":"Default Transition","type":"TA","timestamp":"2023-11-09 15:03:32"},{"nodeID":"1386961","text":"Default Inference","type":"RA","timestamp":"2023-11-09 15:03:32"},{"nodeID":"1386962","text":"Arguing","type":"YA","timestamp":"2023-11-09 15:03:32"},{"nodeID":"1386963","text":"we hope to see a falloff in people making that hazardous journey from Albania, a safe country, to the UK","type":"I","timestamp":"2023-11-09 15:03:33"},{"nodeID":"1386964","text":"Andrew Murrison:  we see, as we anticipate, a falloff in people making that hazardous journey from Albania, a safe country, to the UK","type":"L","timestamp":"2023-11-09 15:03:33"},{"nodeID":"1386965","text":"Analysing","type":"YA","timestamp":"2023-11-09 15:03:33"},{"nodeID":"1386966","text":"Anon: Andrew Murrison:  we see, as we anticipate, a falloff in people making that hazardous journey from Albania, a safe country, to the UK","type":"L","timestamp":"2023-11-09 15:03:33"},{"nodeID":"1386967","text":"Asserting","type":"YA","timestamp":"2023-11-09 15:03:33"},{"nodeID":"1386968","text":"Default Transition","type":"TA","timestamp":"2023-11-09 15:03:33"},{"nodeID":"1386969","text":"we anticipate a falloff in people making that hazardous journey from Albania, a safe country, to the UK","type":"I","timestamp":"2023-11-09 15:03:34"},{"nodeID":"1386970","text":"Andrew Murrison:  as we anticipate","type":"L","timestamp":"2023-11-09 15:03:34"},{"nodeID":"1386971","text":"Analysing","type":"YA","timestamp":"2023-11-09 15:03:34"},{"nodeID":"1386972","text":"Anon: Andrew Murrison:  as we anticipate","type":"L","timestamp":"2023-11-09 15:03:34"},{"nodeID":"1386973","text":"Asserting","type":"YA","timestamp":"2023-11-09 15:03:34"},{"nodeID":"1386974","text":"Default Transition","type":"TA","timestamp":"2023-11-09 15:03:34"},{"nodeID":"1386975","text":"Default Rephrase","type":"MA","timestamp":"2023-11-09 15:03:34"},{"nodeID":"1386976","text":"Restating","type":"YA","timestamp":"2023-11-09 15:03:34"},{"nodeID":"1386977","text":"Default Transition","type":"TA","timestamp":"2023-11-09 15:03:34"},{"nodeID":"1386978","text":"Default Inference","type":"RA","timestamp":"2023-11-09 15:03:34"},{"nodeID":"1386979","text":"Arguing","type":"YA","timestamp":"2023-11-09 15:03:34"},{"nodeID":"1386980","text":"seeing a falloff in people making that hazardous journey from Albania, a safe country, to the UK will be an indicator of success","type":"I","timestamp":"2023-11-09 15:03:34"},{"nodeID":"1386981","text":"Andrew Murrison: that will be an indicator of success","type":"L","timestamp":"2023-11-09 15:03:34"},{"nodeID":"1386982","text":"Analysing","type":"YA","timestamp":"2023-11-09 15:03:34"},{"nodeID":"1386983","text":"Anon: Andrew Murrison: that will be an indicator of success","type":"L","timestamp":"2023-11-09 15:03:34"},{"nodeID":"1386984","text":"Asserting","type":"YA","timestamp":"2023-11-09 15:03:34"},{"nodeID":"1386985","text":"Default Transition","type":"TA","timestamp":"2023-11-09 15:03:34"},{"nodeID":"1386986","text":"Default Rephrase","type":"MA","timestamp":"2023-11-09 15:03:34"},{"nodeID":"1386987","text":"Restating","type":"YA","timestamp":"2023-11-09 15:03:34"},{"nodeID":"1386988","text":"the solution to the issue of people coming to the UK by boat isn't one-off","type":"I","timestamp":"2023-11-09 15:03:35"},{"nodeID":"1386989","text":"Andrew Murrison: the solution to this isn't one-off","type":"L","timestamp":"2023-11-09 15:03:35"},{"nodeID":"1386990","text":"Analysing","type":"YA","timestamp":"2023-11-09 15:03:35"},{"nodeID":"1386991","text":"Anon: Andrew Murrison: the solution to this isn't one-off","type":"L","timestamp":"2023-11-09 15:03:35"},{"nodeID":"1386992","text":"Asserting","type":"YA","timestamp":"2023-11-09 15:03:35"},{"nodeID":"1386993","text":"Default Transition","type":"TA","timestamp":"2023-11-09 15:03:35"},{"nodeID":"1386994","text":"the solution to the issue of people coming to the UK by boat is multi-factorial","type":"I","timestamp":"2023-11-09 15:03:35"},{"nodeID":"1386995","text":"Andrew Murrison: it's multi-factorial","type":"L","timestamp":"2023-11-09 15:03:35"},{"nodeID":"1386996","text":"Analysing","type":"YA","timestamp":"2023-11-09 15:03:35"},{"nodeID":"1386997","text":"Anon: Andrew Murrison: it's multi-factorial","type":"L","timestamp":"2023-11-09 15:03:35"},{"nodeID":"1386998","text":"Asserting","type":"YA","timestamp":"2023-11-09 15:03:35"},{"nodeID":"1386999","text":"Default Transition","type":"TA","timestamp":"2023-11-09 15:03:35"},{"nodeID":"1387000","text":"Default Rephrase","type":"MA","timestamp":"2023-11-09 15:03:35"},{"nodeID":"1387001","text":"Restating","type":"YA","timestamp":"2023-11-09 15:03:35"},{"nodeID":"1387002","text":"the things we've heard described this evening are all part of a solution to the issue of people coming to the UK by boat","type":"I","timestamp":"2023-11-09 15:03:36"},{"nodeID":"1387003","text":"Andrew Murrison: the things we've heard describe this evening are all part of a solution","type":"L","timestamp":"2023-11-09 15:03:36"},{"nodeID":"1387004","text":"Analysing","type":"YA","timestamp":"2023-11-09 15:03:36"},{"nodeID":"1387005","text":"Anon: Andrew Murrison: the things we've heard describe this evening are all part of a solution","type":"L","timestamp":"2023-11-09 15:03:36"},{"nodeID":"1387006","text":"Asserting","type":"YA","timestamp":"2023-11-09 15:03:36"},{"nodeID":"1387007","text":"Default Transition","type":"TA","timestamp":"2023-11-09 15:03:36"},{"nodeID":"1387008","text":"solving the issue of people coming to the UK by boat is going to be a long and complex","type":"I","timestamp":"2023-11-09 15:03:37"},{"nodeID":"1387009","text":"Andrew Murrison: it's going to be long and complex","type":"L","timestamp":"2023-11-09 15:03:37"},{"nodeID":"1387010","text":"Analysing","type":"YA","timestamp":"2023-11-09 15:03:37"},{"nodeID":"1387011","text":"Anon: Andrew Murrison: it's going to be long and complex","type":"L","timestamp":"2023-11-09 15:03:37"},{"nodeID":"1387012","text":"Asserting","type":"YA","timestamp":"2023-11-09 15:03:37"},{"nodeID":"1387013","text":"Default Transition","type":"TA","timestamp":"2023-11-09 15:03:37"},{"nodeID":"1387014","text":"Default Rephrase","type":"MA","timestamp":"2023-11-09 15:03:37"},{"nodeID":"1387015","text":"Restating","type":"YA","timestamp":"2023-11-09 15:03:37"},{"nodeID":"1387016","text":"at the end of the day the solution to the issue of people coming to the UK by boats will be incomplete","type":"I","timestamp":"2023-11-09 15:03:37"},{"nodeID":"1387017","text":"Andrew Murrison: at the end of the day it will be incomplete","type":"L","timestamp":"2023-11-09 15:03:37"},{"nodeID":"1387018","text":"Analysing","type":"YA","timestamp":"2023-11-09 15:03:37"},{"nodeID":"1387019","text":"Anon: Andrew Murrison: at the end of the day it will be incomplete","type":"L","timestamp":"2023-11-09 15:03:37"},{"nodeID":"1387020","text":"Asserting","type":"YA","timestamp":"2023-11-09 15:03:37"},{"nodeID":"1387021","text":"Default Transition","type":"TA","timestamp":"2023-11-09 15:03:37"},{"nodeID":"1387022","text":"there will always be people who make that hazardous journey","type":"I","timestamp":"2023-11-09 15:03:38"},{"nodeID":"1387023","text":"Andrew Murrison: They will always be people who make that hazardous journey","type":"L","timestamp":"2023-11-09 15:03:38"},{"nodeID":"1387024","text":"Analysing","type":"YA","timestamp":"2023-11-09 15:03:38"},{"nodeID":"1387025","text":"Anon: Andrew Murrison: They will always be people who make that hazardous journey","type":"L","timestamp":"2023-11-09 15:03:38"},{"nodeID":"1387026","text":"Asserting","type":"YA","timestamp":"2023-11-09 15:03:38"},{"nodeID":"1387027","text":"what we have to do is to drive the number of people coming to the UK by boat down to a minimum","type":"I","timestamp":"2023-11-09 15:03:38"},{"nodeID":"1387028","text":"Andrew Murrison: What we have to do is to drive that down to a minimum","type":"L","timestamp":"2023-11-09 15:03:38"},{"nodeID":"1387029","text":"Analysing","type":"YA","timestamp":"2023-11-09 15:03:38"},{"nodeID":"1387030","text":"Anon: Andrew Murrison: What we have to do is to drive that down to a minimum","type":"L","timestamp":"2023-11-09 15:03:38"},{"nodeID":"1387031","text":"Asserting","type":"YA","timestamp":"2023-11-09 15:03:38"},{"nodeID":"1387032","text":"we need to make sure genuine asylum seekers seek safe and legal routes to claim asylum in this country where they have always been welcomed","type":"I","timestamp":"2023-11-09 15:03:39"},{"nodeID":"1387033","text":"Andrew Murrison: make sure genuine asylum seekers seek safe and legal routes to claim asylum in this country where they have always been welcomed","type":"L","timestamp":"2023-11-09 15:03:39"},{"nodeID":"1387034","text":"Analysing","type":"YA","timestamp":"2023-11-09 15:03:39"},{"nodeID":"1387035","text":"Anon: Andrew Murrison: make sure genuine asylum seekers seek safe and legal routes to claim asylum in this country where they have always been welcomed","type":"L","timestamp":"2023-11-09 15:03:39"},{"nodeID":"1387036","text":"Asserting","type":"YA","timestamp":"2023-11-09 15:03:39"},{"nodeID":"1387037","text":"Default Transition","type":"TA","timestamp":"2023-11-09 15:03:39"},{"nodeID":"1387038","text":"Default Transition","type":"TA","timestamp":"2023-11-09 15:03:39"},{"nodeID":"1387039","text":"Default Transition","type":"TA","timestamp":"2023-11-09 15:03:39"},{"nodeID":"1387040","text":"Default Inference","type":"RA","timestamp":"2023-11-09 15:03:39"},{"nodeID":"1387041","text":"Arguing","type":"YA","timestamp":"2023-11-09 15:03:39"}],"edges":[{"edgeID":"1812122","fromID":"1386944","toID":"1386943","formEdgeID":null},{"edgeID":"1812123","fromID":"1386945","toID":"1386944","formEdgeID":null},{"edgeID":"1812124","fromID":"1386943","toID":"1386946","formEdgeID":null},{"edgeID":"1812125","fromID":"1386946","toID":"1386942","formEdgeID":null},{"edgeID":"1812126","fromID":"1386949","toID":"1386948","formEdgeID":null},{"edgeID":"1812127","fromID":"1386950","toID":"1386949","formEdgeID":null},{"edgeID":"1812128","fromID":"1386948","toID":"1386951","formEdgeID":null},{"edgeID":"1812129","fromID":"1386951","toID":"1386947","formEdgeID":null},{"edgeID":"1812130","fromID":"1386943","toID":"1386952","formEdgeID":null},{"edgeID":"1812131","fromID":"1386952","toID":"1386948","formEdgeID":null},{"edgeID":"1812132","fromID":"1386947","toID":"1386953","formEdgeID":null},{"edgeID":"1812133","fromID":"1386953","toID":"1386942","formEdgeID":null},{"edgeID":"1812134","fromID":"1386952","toID":"1386954","formEdgeID":null},{"edgeID":"1812135","fromID":"1386954","toID":"1386953","formEdgeID":null},{"edgeID":"1812136","fromID":"1386957","toID":"1386956","formEdgeID":null},{"edgeID":"1812137","fromID":"1386958","toID":"1386957","formEdgeID":null},{"edgeID":"1812138","fromID":"1386956","toID":"1386959","formEdgeID":null},{"edgeID":"1812139","fromID":"1386959","toID":"1386955","formEdgeID":null},{"edgeID":"1812140","fromID":"1386948","toID":"1386960","formEdgeID":null},{"edgeID":"1812141","fromID":"1386960","toID":"1386956","formEdgeID":null},{"edgeID":"1812142","fromID":"1386955","toID":"1386961","formEdgeID":null},{"edgeID":"1812143","fromID":"1386961","toID":"1386947","formEdgeID":null},{"edgeID":"1812144","fromID":"1386960","toID":"1386962","formEdgeID":null},{"edgeID":"1812145","fromID":"1386962","toID":"1386961","formEdgeID":null},{"edgeID":"1812146","fromID":"1386965","toID":"1386964","formEdgeID":null},{"edgeID":"1812147","fromID":"1386966","toID":"1386965","formEdgeID":null},{"edgeID":"1812148","fromID":"1386964","toID":"1386967","formEdgeID":null},{"edgeID":"1812149","fromID":"1386967","toID":"1386963","formEdgeID":null},{"edgeID":"1812150","fromID":"1386956","toID":"1386968","formEdgeID":null},{"edgeID":"1812151","fromID":"1386968","toID":"1386964","formEdgeID":null},{"edgeID":"1812152","fromID":"1386971","toID":"1386970","formEdgeID":null},{"edgeID":"1812153","fromID":"1386972","toID":"1386971","formEdgeID":null},{"edgeID":"1812154","fromID":"1386970","toID":"1386973","formEdgeID":null},{"edgeID":"1812155","fromID":"1386973","toID":"1386969","formEdgeID":null},{"edgeID":"1812156","fromID":"1386964","toID":"1386974","formEdgeID":null},{"edgeID":"1812157","fromID":"1386974","toID":"1386970","formEdgeID":null},{"edgeID":"1812158","fromID":"1386969","toID":"1386975","formEdgeID":null},{"edgeID":"1812159","fromID":"1386975","toID":"1386963","formEdgeID":null},{"edgeID":"1812160","fromID":"1386974","toID":"1386976","formEdgeID":null},{"edgeID":"1812161","fromID":"1386976","toID":"1386975","formEdgeID":null},{"edgeID":"1812162","fromID":"1386948","toID":"1386977","formEdgeID":null},{"edgeID":"1812163","fromID":"1386977","toID":"1386970","formEdgeID":null},{"edgeID":"1812164","fromID":"1386947","toID":"1386978","formEdgeID":null},{"edgeID":"1812165","fromID":"1386978","toID":"1386969","formEdgeID":null},{"edgeID":"1812166","fromID":"1386977","toID":"1386979","formEdgeID":null},{"edgeID":"1812167","fromID":"1386979","toID":"1386978","formEdgeID":null},{"edgeID":"1812168","fromID":"1386982","toID":"1386981","formEdgeID":null},{"edgeID":"1812169","fromID":"1386983","toID":"1386982","formEdgeID":null},{"edgeID":"1812170","fromID":"1386981","toID":"1386984","formEdgeID":null},{"edgeID":"1812171","fromID":"1386984","toID":"1386980","formEdgeID":null},{"edgeID":"1812172","fromID":"1386970","toID":"1386985","formEdgeID":null},{"edgeID":"1812173","fromID":"1386985","toID":"1386981","formEdgeID":null},{"edgeID":"1812174","fromID":"1386980","toID":"1386986","formEdgeID":null},{"edgeID":"1812175","fromID":"1386986","toID":"1386969","formEdgeID":null},{"edgeID":"1812176","fromID":"1386985","toID":"1386987","formEdgeID":null},{"edgeID":"1812177","fromID":"1386987","toID":"1386986","formEdgeID":null},{"edgeID":"1812178","fromID":"1386990","toID":"1386989","formEdgeID":null},{"edgeID":"1812179","fromID":"1386991","toID":"1386990","formEdgeID":null},{"edgeID":"1812180","fromID":"1386989","toID":"1386992","formEdgeID":null},{"edgeID":"1812181","fromID":"1386992","toID":"1386988","formEdgeID":null},{"edgeID":"1812182","fromID":"1386981","toID":"1386993","formEdgeID":null},{"edgeID":"1812183","fromID":"1386993","toID":"1386989","formEdgeID":null},{"edgeID":"1812184","fromID":"1386996","toID":"1386995","formEdgeID":null},{"edgeID":"1812185","fromID":"1386997","toID":"1386996","formEdgeID":null},{"edgeID":"1812186","fromID":"1386995","toID":"1386998","formEdgeID":null},{"edgeID":"1812187","fromID":"1386998","toID":"1386994","formEdgeID":null},{"edgeID":"1812188","fromID":"1386989","toID":"1386999","formEdgeID":null},{"edgeID":"1812189","fromID":"1386999","toID":"1386995","formEdgeID":null},{"edgeID":"1812190","fromID":"1386994","toID":"1387000","formEdgeID":null},{"edgeID":"1812191","fromID":"1387000","toID":"1386988","formEdgeID":null},{"edgeID":"1812192","fromID":"1386999","toID":"1387001","formEdgeID":null},{"edgeID":"1812193","fromID":"1387001","toID":"1387000","formEdgeID":null},{"edgeID":"1812194","fromID":"1387004","toID":"1387003","formEdgeID":null},{"edgeID":"1812195","fromID":"1387005","toID":"1387004","formEdgeID":null},{"edgeID":"1812196","fromID":"1387003","toID":"1387006","formEdgeID":null},{"edgeID":"1812197","fromID":"1387006","toID":"1387002","formEdgeID":null},{"edgeID":"1812198","fromID":"1386995","toID":"1387007","formEdgeID":null},{"edgeID":"1812199","fromID":"1387007","toID":"1387003","formEdgeID":null},{"edgeID":"1812200","fromID":"1387010","toID":"1387009","formEdgeID":null},{"edgeID":"1812201","fromID":"1387011","toID":"1387010","formEdgeID":null},{"edgeID":"1812202","fromID":"1387009","toID":"1387012","formEdgeID":null},{"edgeID":"1812203","fromID":"1387012","toID":"1387008","formEdgeID":null},{"edgeID":"1812204","fromID":"1386995","toID":"1387013","formEdgeID":null},{"edgeID":"1812205","fromID":"1387013","toID":"1387009","formEdgeID":null},{"edgeID":"1812206","fromID":"1387008","toID":"1387014","formEdgeID":null},{"edgeID":"1812207","fromID":"1387014","toID":"1386994","formEdgeID":null},{"edgeID":"1812208","fromID":"1387013","toID":"1387015","formEdgeID":null},{"edgeID":"1812209","fromID":"1387015","toID":"1387014","formEdgeID":null},{"edgeID":"1812210","fromID":"1387018","toID":"1387017","formEdgeID":null},{"edgeID":"1812211","fromID":"1387019","toID":"1387018","formEdgeID":null},{"edgeID":"1812212","fromID":"1387017","toID":"1387020","formEdgeID":null},{"edgeID":"1812213","fromID":"1387020","toID":"1387016","formEdgeID":null},{"edgeID":"1812214","fromID":"1387009","toID":"1387021","formEdgeID":null},{"edgeID":"1812215","fromID":"1387021","toID":"1387017","formEdgeID":null},{"edgeID":"1812216","fromID":"1387024","toID":"1387023","formEdgeID":null},{"edgeID":"1812217","fromID":"1387025","toID":"1387024","formEdgeID":null},{"edgeID":"1812218","fromID":"1387023","toID":"1387026","formEdgeID":null},{"edgeID":"1812219","fromID":"1387026","toID":"1387022","formEdgeID":null},{"edgeID":"1812220","fromID":"1387029","toID":"1387028","formEdgeID":null},{"edgeID":"1812221","fromID":"1387030","toID":"1387029","formEdgeID":null},{"edgeID":"1812222","fromID":"1387028","toID":"1387031","formEdgeID":null},{"edgeID":"1812223","fromID":"1387031","toID":"1387027","formEdgeID":null},{"edgeID":"1812224","fromID":"1387034","toID":"1387033","formEdgeID":null},{"edgeID":"1812225","fromID":"1387035","toID":"1387034","formEdgeID":null},{"edgeID":"1812226","fromID":"1387033","toID":"1387036","formEdgeID":null},{"edgeID":"1812227","fromID":"1387036","toID":"1387032","formEdgeID":null},{"edgeID":"1812228","fromID":"1387028","toID":"1387037","formEdgeID":null},{"edgeID":"1812229","fromID":"1387037","toID":"1387033","formEdgeID":null},{"edgeID":"1812230","fromID":"1387023","toID":"1387038","formEdgeID":null},{"edgeID":"1812231","fromID":"1387038","toID":"1387028","formEdgeID":null},{"edgeID":"1812232","fromID":"1387017","toID":"1387039","formEdgeID":null},{"edgeID":"1812233","fromID":"1387039","toID":"1387028","formEdgeID":null},{"edgeID":"1812234","fromID":"1387016","toID":"1387040","formEdgeID":null},{"edgeID":"1812235","fromID":"1387040","toID":"1387027","formEdgeID":null},{"edgeID":"1812236","fromID":"1387022","toID":"1387040","formEdgeID":null},{"edgeID":"1812237","fromID":"1387038","toID":"1387041","formEdgeID":null},{"edgeID":"1812238","fromID":"1387041","toID":"1387040","formEdgeID":null}],"locutions":[]}