{"nodes":[{"nodeID":"1385120","text":"the Government's plans to house migrants in ex-military bases and potentially vessels are or are not a credible alternative to using hotels","type":"I","timestamp":"2023-11-09 15:00:54"},{"nodeID":"1385121","text":"AudienceMember 20230427QT01: Are the Government's plans to house migrants in ex-government\u2026sorry, ex-military bases and potentially vessels a credible alternative to using hotels","type":"L","timestamp":"2023-11-09 15:00:54"},{"nodeID":"1385122","text":"Analysing","type":"YA","timestamp":"2023-11-09 15:00:54"},{"nodeID":"1385123","text":"Chris: AudienceMember 20230427QT01: Are the Government's plans to house migrants in ex-government\u2026sorry, ex-military bases and potentially vessels a credible alternative to using hotels","type":"L","timestamp":"2023-11-09 15:00:54"},{"nodeID":"1385124","text":"Pure Questioning","type":"YA","timestamp":"2023-11-09 15:00:54"},{"nodeID":"1385125","text":"Emily Thornberry doesn't know what the government is doing","type":"I","timestamp":"2023-11-09 15:00:54"},{"nodeID":"1385126","text":"Emily Thornberry: I don't know what they're doing","type":"L","timestamp":"2023-11-09 15:00:55"},{"nodeID":"1385127","text":"Analysing","type":"YA","timestamp":"2023-11-09 15:00:55"},{"nodeID":"1385128","text":"Chris: Emily Thornberry: I don't know what they're doing","type":"L","timestamp":"2023-11-09 15:00:55"},{"nodeID":"1385129","text":"Asserting","type":"YA","timestamp":"2023-11-09 15:00:55"},{"nodeID":"1385130","text":"Default Transition","type":"TA","timestamp":"2023-11-09 15:00:55"},{"nodeID":"1385131","text":"migrant housing is something which the public takes very seriously","type":"I","timestamp":"2023-11-09 15:00:55"},{"nodeID":"1385132","text":"Emily Thornberry: it is something which the public takes very seriously","type":"L","timestamp":"2023-11-09 15:00:55"},{"nodeID":"1385133","text":"Analysing","type":"YA","timestamp":"2023-11-09 15:00:55"},{"nodeID":"1385134","text":"Chris: Emily Thornberry: it is something which the public takes very seriously","type":"L","timestamp":"2023-11-09 15:00:55"},{"nodeID":"1385135","text":"Asserting","type":"YA","timestamp":"2023-11-09 15:00:55"},{"nodeID":"1385136","text":"Default Transition","type":"TA","timestamp":"2023-11-09 15:00:55"},{"nodeID":"1385137","text":"the public want to have answers to the migrant housing crisis","type":"I","timestamp":"2023-11-09 15:00:56"},{"nodeID":"1385138","text":"Emily Thornberry: They want to have answers to this","type":"L","timestamp":"2023-11-09 15:00:56"},{"nodeID":"1385139","text":"Analysing","type":"YA","timestamp":"2023-11-09 15:00:56"},{"nodeID":"1385140","text":"Chris: Emily Thornberry: They want to have answers to this","type":"L","timestamp":"2023-11-09 15:00:56"},{"nodeID":"1385141","text":"Asserting","type":"YA","timestamp":"2023-11-09 15:00:56"},{"nodeID":"1385142","text":"Default Transition","type":"TA","timestamp":"2023-11-09 15:00:56"},{"nodeID":"1385143","text":"Emily Thornberry: rightly so","type":"L","timestamp":"2023-11-09 15:00:56"},{"nodeID":"1385144","text":"Analysing","type":"YA","timestamp":"2023-11-09 15:00:56"},{"nodeID":"1385145","text":"Chris: Emily Thornberry: rightly so","type":"L","timestamp":"2023-11-09 15:00:56"},{"nodeID":"1385146","text":"Default Transition","type":"TA","timestamp":"2023-11-09 15:00:56"},{"nodeID":"1385147","text":"Agreeing","type":"YA","timestamp":"2023-11-09 15:00:56"},{"nodeID":"1385148","text":"the public want answers to the migrant housing crisis for a whole variety of reasons","type":"I","timestamp":"2023-11-09 15:00:56"},{"nodeID":"1385149","text":"Emily Thornberry: for a whole variety of reasons","type":"L","timestamp":"2023-11-09 15:00:56"},{"nodeID":"1385150","text":"Analysing","type":"YA","timestamp":"2023-11-09 15:00:56"},{"nodeID":"1385151","text":"Chris: Emily Thornberry: for a whole variety of reasons","type":"L","timestamp":"2023-11-09 15:00:56"},{"nodeID":"1385152","text":"Asserting","type":"YA","timestamp":"2023-11-09 15:00:56"},{"nodeID":"1385153","text":"Default Transition","type":"TA","timestamp":"2023-11-09 15:00:56"},{"nodeID":"1385154","text":"Default Rephrase","type":"MA","timestamp":"2023-11-09 15:00:56"},{"nodeID":"1385155","text":"Default Inference","type":"RA","timestamp":"2023-11-09 15:00:56"},{"nodeID":"1385156","text":"Arguing","type":"YA","timestamp":"2023-11-09 15:00:56"},{"nodeID":"1385157","text":"the asylum system is broken","type":"I","timestamp":"2023-11-09 15:00:57"},{"nodeID":"1385158","text":"Emily Thornberry: the asylum system is broken","type":"L","timestamp":"2023-11-09 15:00:57"},{"nodeID":"1385159","text":"Analysing","type":"YA","timestamp":"2023-11-09 15:00:57"},{"nodeID":"1385160","text":"Chris: Emily Thornberry: the asylum system is broken","type":"L","timestamp":"2023-11-09 15:00:57"},{"nodeID":"1385161","text":"Asserting","type":"YA","timestamp":"2023-11-09 15:00:57"},{"nodeID":"1385162","text":"Default Transition","type":"TA","timestamp":"2023-11-09 15:00:57"},{"nodeID":"1385163","text":"Default Conflict","type":"CA","timestamp":"2023-11-09 15:00:57"},{"nodeID":"1385164","text":"it was the Conservative Party that broke the asylum system","type":"I","timestamp":"2023-11-09 15:00:58"},{"nodeID":"1385165","text":"Emily Thornberry: it was the Conservative Party that broke it","type":"L","timestamp":"2023-11-09 15:00:58"},{"nodeID":"1385166","text":"Analysing","type":"YA","timestamp":"2023-11-09 15:00:58"},{"nodeID":"1385167","text":"Chris: Emily Thornberry: it was the Conservative Party that broke it","type":"L","timestamp":"2023-11-09 15:00:58"},{"nodeID":"1385168","text":"Asserting","type":"YA","timestamp":"2023-11-09 15:00:58"},{"nodeID":"1385169","text":"Default Transition","type":"TA","timestamp":"2023-11-09 15:00:58"},{"nodeID":"1385170","text":"Default Inference","type":"RA","timestamp":"2023-11-09 15:00:58"},{"nodeID":"1385171","text":"before Labour left power (2010) there were 14,000 people claiming asylum in the UK waiting for a decision","type":"I","timestamp":"2023-11-09 15:00:58"},{"nodeID":"1385172","text":"Emily Thornberry: Before we left power there were 14,000 people claiming asylum in the UK waiting for a decision","type":"L","timestamp":"2023-11-09 15:00:58"},{"nodeID":"1385173","text":"Analysing","type":"YA","timestamp":"2023-11-09 15:00:58"},{"nodeID":"1385174","text":"Chris: Emily Thornberry: Before we left power there were 14,000 people claiming asylum in the UK waiting for a decision","type":"L","timestamp":"2023-11-09 15:00:58"},{"nodeID":"1385175","text":"Asserting","type":"YA","timestamp":"2023-11-09 15:00:58"},{"nodeID":"1385176","text":"Default Transition","type":"TA","timestamp":"2023-11-09 15:00:58"},{"nodeID":"1385177","text":"in 2023 there are 160,000 people claiming asylum in the UK and it's going up all the time","type":"I","timestamp":"2023-11-09 15:00:59"},{"nodeID":"1385178","text":"Emily Thornberry: now there is 160,000 and it's going up all the time","type":"L","timestamp":"2023-11-09 15:00:59"},{"nodeID":"1385179","text":"Analysing","type":"YA","timestamp":"2023-11-09 15:00:59"},{"nodeID":"1385180","text":"Chris: Emily Thornberry: now there is 160,000 and it's going up all the time","type":"L","timestamp":"2023-11-09 15:00:59"},{"nodeID":"1385181","text":"Asserting","type":"YA","timestamp":"2023-11-09 15:00:59"},{"nodeID":"1385182","text":"Default Transition","type":"TA","timestamp":"2023-11-09 15:00:59"},{"nodeID":"1385183","text":"Default Inference","type":"RA","timestamp":"2023-11-09 15:00:59"},{"nodeID":"1385184","text":"Arguing","type":"YA","timestamp":"2023-11-09 15:00:59"},{"nodeID":"1385185","text":"Emily Thornberry does not think the government are actually making a serious attempt to try to deal with the issue","type":"I","timestamp":"2023-11-09 15:01:00"},{"nodeID":"1385186","text":"Emily Thornberry: what I think they're doing is they're not actually making a serious attempt to try to deal with the issue","type":"L","timestamp":"2023-11-09 15:01:00"},{"nodeID":"1385187","text":"Analysing","type":"YA","timestamp":"2023-11-09 15:01:00"},{"nodeID":"1385188","text":"Chris: Emily Thornberry: what I think they're doing is they're not actually making a serious attempt to try to deal with the issue","type":"L","timestamp":"2023-11-09 15:01:00"},{"nodeID":"1385189","text":"Asserting","type":"YA","timestamp":"2023-11-09 15:01:00"},{"nodeID":"1385190","text":"Default Transition","type":"TA","timestamp":"2023-11-09 15:01:00"},{"nodeID":"1385191","text":"Default Rephrase","type":"MA","timestamp":"2023-11-09 15:01:00"},{"nodeID":"1385192","text":"Default Transition","type":"TA","timestamp":"2023-11-09 15:01:00"},{"nodeID":"1385193","text":"Default Illocuting","type":"YA","timestamp":"2023-11-09 15:01:00"},{"nodeID":"1385194","text":"Disagreeing","type":"YA","timestamp":"2023-11-09 15:01:00"}],"edges":[{"edgeID":"1809957","fromID":"1385122","toID":"1385121","formEdgeID":null},{"edgeID":"1809958","fromID":"1385123","toID":"1385122","formEdgeID":null},{"edgeID":"1809959","fromID":"1385121","toID":"1385124","formEdgeID":null},{"edgeID":"1809960","fromID":"1385124","toID":"1385120","formEdgeID":null},{"edgeID":"1809961","fromID":"1385127","toID":"1385126","formEdgeID":null},{"edgeID":"1809962","fromID":"1385128","toID":"1385127","formEdgeID":null},{"edgeID":"1809963","fromID":"1385126","toID":"1385129","formEdgeID":null},{"edgeID":"1809964","fromID":"1385129","toID":"1385125","formEdgeID":null},{"edgeID":"1809965","fromID":"1385121","toID":"1385130","formEdgeID":null},{"edgeID":"1809966","fromID":"1385130","toID":"1385126","formEdgeID":null},{"edgeID":"1809967","fromID":"1385133","toID":"1385132","formEdgeID":null},{"edgeID":"1809968","fromID":"1385134","toID":"1385133","formEdgeID":null},{"edgeID":"1809969","fromID":"1385132","toID":"1385135","formEdgeID":null},{"edgeID":"1809970","fromID":"1385135","toID":"1385131","formEdgeID":null},{"edgeID":"1809971","fromID":"1385126","toID":"1385136","formEdgeID":null},{"edgeID":"1809972","fromID":"1385136","toID":"1385132","formEdgeID":null},{"edgeID":"1809973","fromID":"1385139","toID":"1385138","formEdgeID":null},{"edgeID":"1809974","fromID":"1385140","toID":"1385139","formEdgeID":null},{"edgeID":"1809975","fromID":"1385138","toID":"1385141","formEdgeID":null},{"edgeID":"1809976","fromID":"1385141","toID":"1385137","formEdgeID":null},{"edgeID":"1809977","fromID":"1385132","toID":"1385142","formEdgeID":null},{"edgeID":"1809978","fromID":"1385142","toID":"1385138","formEdgeID":null},{"edgeID":"1809979","fromID":"1385144","toID":"1385143","formEdgeID":null},{"edgeID":"1809980","fromID":"1385145","toID":"1385144","formEdgeID":null},{"edgeID":"1809981","fromID":"1385138","toID":"1385146","formEdgeID":null},{"edgeID":"1809982","fromID":"1385146","toID":"1385143","formEdgeID":null},{"edgeID":"1809983","fromID":"1385146","toID":"1385147","formEdgeID":null},{"edgeID":"1809984","fromID":"1385147","toID":"1385137","formEdgeID":null},{"edgeID":"1809985","fromID":"1385150","toID":"1385149","formEdgeID":null},{"edgeID":"1809986","fromID":"1385151","toID":"1385150","formEdgeID":null},{"edgeID":"1809987","fromID":"1385149","toID":"1385152","formEdgeID":null},{"edgeID":"1809988","fromID":"1385152","toID":"1385148","formEdgeID":null},{"edgeID":"1809989","fromID":"1385143","toID":"1385153","formEdgeID":null},{"edgeID":"1809990","fromID":"1385153","toID":"1385149","formEdgeID":null},{"edgeID":"1809991","fromID":"1385148","toID":"1385154","formEdgeID":null},{"edgeID":"1809992","fromID":"1385154","toID":"1385137","formEdgeID":null},{"edgeID":"1809993","fromID":"1385131","toID":"1385155","formEdgeID":null},{"edgeID":"1809994","fromID":"1385155","toID":"1385137","formEdgeID":null},{"edgeID":"1809995","fromID":"1385142","toID":"1385156","formEdgeID":null},{"edgeID":"1809996","fromID":"1385156","toID":"1385155","formEdgeID":null},{"edgeID":"1809997","fromID":"1385159","toID":"1385158","formEdgeID":null},{"edgeID":"1809998","fromID":"1385160","toID":"1385159","formEdgeID":null},{"edgeID":"1809999","fromID":"1385158","toID":"1385161","formEdgeID":null},{"edgeID":"1810000","fromID":"1385161","toID":"1385157","formEdgeID":null},{"edgeID":"1810001","fromID":"1385149","toID":"1385162","formEdgeID":null},{"edgeID":"1810002","fromID":"1385162","toID":"1385158","formEdgeID":null},{"edgeID":"1810003","fromID":"1385157","toID":"1385163","formEdgeID":null},{"edgeID":"1810004","fromID":"1385163","toID":"1385148","formEdgeID":null},{"edgeID":"1810005","fromID":"1385166","toID":"1385165","formEdgeID":null},{"edgeID":"1810006","fromID":"1385167","toID":"1385166","formEdgeID":null},{"edgeID":"1810007","fromID":"1385165","toID":"1385168","formEdgeID":null},{"edgeID":"1810008","fromID":"1385168","toID":"1385164","formEdgeID":null},{"edgeID":"1810009","fromID":"1385158","toID":"1385169","formEdgeID":null},{"edgeID":"1810010","fromID":"1385169","toID":"1385165","formEdgeID":null},{"edgeID":"1810011","fromID":"1385164","toID":"1385170","formEdgeID":null},{"edgeID":"1810012","fromID":"1385170","toID":"1385157","formEdgeID":null},{"edgeID":"1810013","fromID":"1385173","toID":"1385172","formEdgeID":null},{"edgeID":"1810014","fromID":"1385174","toID":"1385173","formEdgeID":null},{"edgeID":"1810015","fromID":"1385172","toID":"1385175","formEdgeID":null},{"edgeID":"1810016","fromID":"1385175","toID":"1385171","formEdgeID":null},{"edgeID":"1810017","fromID":"1385165","toID":"1385176","formEdgeID":null},{"edgeID":"1810018","fromID":"1385176","toID":"1385172","formEdgeID":null},{"edgeID":"1810019","fromID":"1385179","toID":"1385178","formEdgeID":null},{"edgeID":"1810020","fromID":"1385180","toID":"1385179","formEdgeID":null},{"edgeID":"1810021","fromID":"1385178","toID":"1385181","formEdgeID":null},{"edgeID":"1810022","fromID":"1385181","toID":"1385177","formEdgeID":null},{"edgeID":"1810023","fromID":"1385172","toID":"1385182","formEdgeID":null},{"edgeID":"1810024","fromID":"1385182","toID":"1385178","formEdgeID":null},{"edgeID":"1810025","fromID":"1385171","toID":"1385183","formEdgeID":null},{"edgeID":"1810026","fromID":"1385183","toID":"1385164","formEdgeID":null},{"edgeID":"1810027","fromID":"1385177","toID":"1385183","formEdgeID":null},{"edgeID":"1810028","fromID":"1385178","toID":"1385184","formEdgeID":null},{"edgeID":"1810029","fromID":"1385184","toID":"1385183","formEdgeID":null},{"edgeID":"1810030","fromID":"1385187","toID":"1385186","formEdgeID":null},{"edgeID":"1810031","fromID":"1385188","toID":"1385187","formEdgeID":null},{"edgeID":"1810032","fromID":"1385186","toID":"1385189","formEdgeID":null},{"edgeID":"1810033","fromID":"1385189","toID":"1385185","formEdgeID":null},{"edgeID":"1810034","fromID":"1385178","toID":"1385190","formEdgeID":null},{"edgeID":"1810035","fromID":"1385190","toID":"1385186","formEdgeID":null},{"edgeID":"1810036","fromID":"1385185","toID":"1385191","formEdgeID":null},{"edgeID":"1810037","fromID":"1385191","toID":"1385120","formEdgeID":null},{"edgeID":"1810038","fromID":"1385121","toID":"1385192","formEdgeID":null},{"edgeID":"1810039","fromID":"1385192","toID":"1385186","formEdgeID":null},{"edgeID":"1810040","fromID":"1385192","toID":"1385193","formEdgeID":null},{"edgeID":"1810041","fromID":"1385193","toID":"1385191","formEdgeID":null},{"edgeID":"1810042","fromID":"1385162","toID":"1385194","formEdgeID":null},{"edgeID":"1810043","fromID":"1385194","toID":"1385163","formEdgeID":null}],"locutions":[]}