{"nodes":[{"nodeID":"1385195","text":"Emily Thornberry: Yeah","type":"L","timestamp":"2023-11-09 15:01:00"},{"nodeID":"1385196","text":"process of making decisions about people who have come to claim asylum should be faster, clearly","type":"I","timestamp":"2023-11-09 15:01:00"},{"nodeID":"1385197","text":"Fiona Bruce: I hear what you're saying, so it should be faster, clearly","type":"L","timestamp":"2023-11-09 15:01:00"},{"nodeID":"1385198","text":"Analysing","type":"YA","timestamp":"2023-11-09 15:01:00"},{"nodeID":"1385199","text":"Dominika: Fiona Bruce: I hear what you're saying, so it should be faster, clearly","type":"L","timestamp":"2023-11-09 15:01:00"},{"nodeID":"1385200","text":"Emily Thornberry: it should be faster, clearly","type":"L","timestamp":"2023-11-09 15:01:00"},{"nodeID":"1385201","text":"Analysing","type":"YA","timestamp":"2023-11-09 15:01:00"},{"nodeID":"1385202","text":"Dominika: Emily Thornberry: I hear what you're saying, so it should be faster, clearly","type":"L","timestamp":"2023-11-09 15:01:00"},{"nodeID":"1385203","text":"Asserting","type":"YA","timestamp":"2023-11-09 15:01:00"},{"nodeID":"1385204","text":"Asserting","type":"YA","timestamp":"2023-11-09 15:01:00"},{"nodeID":"1385205","text":"the Government's plans to house migrants in ex-military bases, potentially vessels, are or are not a credible alternative to using hotels","type":"I","timestamp":"2023-11-09 15:01:01"},{"nodeID":"1385206","text":"Fiona Bruce: in terms of Chris' question, are the Government's plans to house migrants in ex-military bases, potentially vessels, that's a credible alternative to using hotels","type":"L","timestamp":"2023-11-09 15:01:01"},{"nodeID":"1385207","text":"Analysing","type":"YA","timestamp":"2023-11-09 15:01:01"},{"nodeID":"1385208","text":"Dominika: Fiona Bruce: in terms of Chris' question, are the Government's plans to house migrants in ex-military bases, potentially vessels, that's a credible alternative to using hotels","type":"L","timestamp":"2023-11-09 15:01:01"},{"nodeID":"1385209","text":"AudienceMember 20230427QT01: are the Government's plans to house migrants in ex-military bases, potentially vessels, that's a credible alternative to using hotels","type":"L","timestamp":"2023-11-09 15:01:01"},{"nodeID":"1385210","text":"Analysing","type":"YA","timestamp":"2023-11-09 15:01:01"},{"nodeID":"1385211","text":"Dominika: AudienceMember 20230427QT01: in terms of Chris' question, are the Government's plans to house migrants in ex-military bases, potentially vessels, that's a credible alternative to using hotels","type":"L","timestamp":"2023-11-09 15:01:01"},{"nodeID":"1385212","text":"Pure Questioning","type":"YA","timestamp":"2023-11-09 15:01:01"},{"nodeID":"1385213","text":"Asserting","type":"YA","timestamp":"2023-11-09 15:01:01"},{"nodeID":"1385214","text":"Default Transition","type":"TA","timestamp":"2023-11-09 15:01:01"},{"nodeID":"1385215","text":"Fiona Bruce hasn't heard Labour objecting to the Government's plans to house migrants in ex-military bases","type":"I","timestamp":"2023-11-09 15:01:02"},{"nodeID":"1385216","text":"Fiona Bruce: I haven't heard Labour objecting to that","type":"L","timestamp":"2023-11-09 15:01:02"},{"nodeID":"1385217","text":"Analysing","type":"YA","timestamp":"2023-11-09 15:01:02"},{"nodeID":"1385218","text":"Dominika: Fiona Bruce: I haven't heard Labour objecting to that","type":"L","timestamp":"2023-11-09 15:01:02"},{"nodeID":"1385219","text":"Asserting","type":"YA","timestamp":"2023-11-09 15:01:02"},{"nodeID":"1385220","text":"Emily Thornberry is or is not objecting to the Government's plans to house migrants in ex-military bases","type":"I","timestamp":"2023-11-09 15:01:02"},{"nodeID":"1385221","text":"Fiona Bruce: Are you objecting to that","type":"L","timestamp":"2023-11-09 15:01:02"},{"nodeID":"1385222","text":"Analysing","type":"YA","timestamp":"2023-11-09 15:01:02"},{"nodeID":"1385223","text":"Dominika: Fiona Bruce: Are you objecting to that","type":"L","timestamp":"2023-11-09 15:01:02"},{"nodeID":"1385224","text":"Pure Questioning","type":"YA","timestamp":"2023-11-09 15:01:02"},{"nodeID":"1385225","text":"Emily Thornberry is objecting to the Government's plans to house migrants in ex-military bases","type":"I","timestamp":"2023-11-09 15:01:03"},{"nodeID":"1385226","text":"Analysing","type":"YA","timestamp":"2023-11-09 15:01:03"},{"nodeID":"1385227","text":"Dominika: Emily Thornberry: Yeah","type":"L","timestamp":"2023-11-09 15:01:03"},{"nodeID":"1385228","text":"Asserting","type":"YA","timestamp":"2023-11-09 15:01:03"},{"nodeID":"1385229","text":"Default Transition","type":"TA","timestamp":"2023-11-09 15:01:03"},{"nodeID":"1385230","text":"Default Rephrase","type":"MA","timestamp":"2023-11-09 15:01:03"},{"nodeID":"1385231","text":"Default Illocuting","type":"YA","timestamp":"2023-11-09 15:01:03"},{"nodeID":"1385232","text":"it's not as though the Government are saying that housing migrants in ex-military bases is going to be an alternative","type":"I","timestamp":"2023-11-09 15:01:03"},{"nodeID":"1385233","text":"Emily Thornberry: it's not as though they're saying that it's going to be an alternative","type":"L","timestamp":"2023-11-09 15:01:03"},{"nodeID":"1385234","text":"Analysing","type":"YA","timestamp":"2023-11-09 15:01:03"},{"nodeID":"1385235","text":"Dominika: Emily Thornberry: it's not as though they're saying that it's going to be an alternative","type":"L","timestamp":"2023-11-09 15:01:03"},{"nodeID":"1385236","text":"Asserting","type":"YA","timestamp":"2023-11-09 15:01:03"},{"nodeID":"1385237","text":"Default Transition","type":"TA","timestamp":"2023-11-09 15:01:03"},{"nodeID":"1385238","text":"housing migrants in ex-military bases is going to be an add-on","type":"I","timestamp":"2023-11-09 15:01:04"},{"nodeID":"1385239","text":"Emily Thornberry: it's going to be an add-on","type":"L","timestamp":"2023-11-09 15:01:04"},{"nodeID":"1385240","text":"Analysing","type":"YA","timestamp":"2023-11-09 15:01:04"},{"nodeID":"1385241","text":"Dominika: Emily Thornberry: it's going to be an add-on","type":"L","timestamp":"2023-11-09 15:01:04"},{"nodeID":"1385242","text":"Asserting","type":"YA","timestamp":"2023-11-09 15:01:04"},{"nodeID":"1385243","text":"Default Inference","type":"RA","timestamp":"2023-11-09 15:01:04"},{"nodeID":"1385244","text":"Default Transition","type":"TA","timestamp":"2023-11-09 15:01:04"},{"nodeID":"1385245","text":"Arguing","type":"YA","timestamp":"2023-11-09 15:01:04"},{"nodeID":"1385246","text":"the Government are not going to be moving people out of the hotels and putting them in the army bases or in some ship somewhere","type":"I","timestamp":"2023-11-09 15:01:05"},{"nodeID":"1385247","text":"Emily Thornberry: they're not going to be moving people out of the hotels and putting them in the army bases or in some ship somewhere","type":"L","timestamp":"2023-11-09 15:01:05"},{"nodeID":"1385248","text":"Analysing","type":"YA","timestamp":"2023-11-09 15:01:05"},{"nodeID":"1385249","text":"Dominika: Emily Thornberry: they're not going to be moving people out of the hotels and putting them in the army bases or in some ship somewhere","type":"L","timestamp":"2023-11-09 15:01:05"},{"nodeID":"1385250","text":"Asserting","type":"YA","timestamp":"2023-11-09 15:01:05"},{"nodeID":"1385251","text":"Default Transition","type":"TA","timestamp":"2023-11-09 15:01:05"},{"nodeID":"1385252","text":"Default Inference","type":"RA","timestamp":"2023-11-09 15:01:05"},{"nodeID":"1385253","text":"Arguing","type":"YA","timestamp":"2023-11-09 15:01:05"},{"nodeID":"1385254","text":"Default Rephrase","type":"MA","timestamp":"2023-11-09 15:01:05"},{"nodeID":"1385255","text":"Default Transition","type":"TA","timestamp":"2023-11-09 15:01:05"},{"nodeID":"1385256","text":"Restating","type":"YA","timestamp":"2023-11-09 15:01:05"},{"nodeID":"1385257","text":"Default Inference","type":"RA","timestamp":"2023-11-09 15:01:05"},{"nodeID":"1385258","text":"Default Transition","type":"TA","timestamp":"2023-11-09 15:01:05"},{"nodeID":"1385259","text":"Arguing","type":"YA","timestamp":"2023-11-09 15:01:05"}],"edges":[{"edgeID":"1810044","fromID":"1385198","toID":"1385197","formEdgeID":null},{"edgeID":"1810045","fromID":"1385199","toID":"1385198","formEdgeID":null},{"edgeID":"1810046","fromID":"1385201","toID":"1385200","formEdgeID":null},{"edgeID":"1810047","fromID":"1385202","toID":"1385201","formEdgeID":null},{"edgeID":"1810048","fromID":"1385200","toID":"1385203","formEdgeID":null},{"edgeID":"1810049","fromID":"1385203","toID":"1385196","formEdgeID":null},{"edgeID":"1810050","fromID":"1385197","toID":"1385204","formEdgeID":null},{"edgeID":"1810051","fromID":"1385204","toID":"1385200","formEdgeID":null},{"edgeID":"1810052","fromID":"1385207","toID":"1385206","formEdgeID":null},{"edgeID":"1810053","fromID":"1385208","toID":"1385207","formEdgeID":null},{"edgeID":"1810054","fromID":"1385210","toID":"1385209","formEdgeID":null},{"edgeID":"1810055","fromID":"1385211","toID":"1385210","formEdgeID":null},{"edgeID":"1810056","fromID":"1385209","toID":"1385212","formEdgeID":null},{"edgeID":"1810057","fromID":"1385212","toID":"1385205","formEdgeID":null},{"edgeID":"1810058","fromID":"1385206","toID":"1385213","formEdgeID":null},{"edgeID":"1810059","fromID":"1385213","toID":"1385209","formEdgeID":null},{"edgeID":"1810060","fromID":"1385197","toID":"1385214","formEdgeID":null},{"edgeID":"1810061","fromID":"1385214","toID":"1385206","formEdgeID":null},{"edgeID":"1810062","fromID":"1385217","toID":"1385216","formEdgeID":null},{"edgeID":"1810063","fromID":"1385218","toID":"1385217","formEdgeID":null},{"edgeID":"1810064","fromID":"1385216","toID":"1385219","formEdgeID":null},{"edgeID":"1810065","fromID":"1385219","toID":"1385215","formEdgeID":null},{"edgeID":"1810066","fromID":"1385222","toID":"1385221","formEdgeID":null},{"edgeID":"1810067","fromID":"1385223","toID":"1385222","formEdgeID":null},{"edgeID":"1810068","fromID":"1385221","toID":"1385224","formEdgeID":null},{"edgeID":"1810069","fromID":"1385224","toID":"1385220","formEdgeID":null},{"edgeID":"1810070","fromID":"1385226","toID":"1385195","formEdgeID":null},{"edgeID":"1810071","fromID":"1385227","toID":"1385226","formEdgeID":null},{"edgeID":"1810072","fromID":"1385195","toID":"1385228","formEdgeID":null},{"edgeID":"1810073","fromID":"1385228","toID":"1385225","formEdgeID":null},{"edgeID":"1810074","fromID":"1385221","toID":"1385229","formEdgeID":null},{"edgeID":"1810075","fromID":"1385229","toID":"1385195","formEdgeID":null},{"edgeID":"1810076","fromID":"1385225","toID":"1385230","formEdgeID":null},{"edgeID":"1810077","fromID":"1385230","toID":"1385220","formEdgeID":null},{"edgeID":"1810078","fromID":"1385229","toID":"1385231","formEdgeID":null},{"edgeID":"1810079","fromID":"1385231","toID":"1385230","formEdgeID":null},{"edgeID":"1810080","fromID":"1385234","toID":"1385233","formEdgeID":null},{"edgeID":"1810081","fromID":"1385235","toID":"1385234","formEdgeID":null},{"edgeID":"1810082","fromID":"1385233","toID":"1385236","formEdgeID":null},{"edgeID":"1810083","fromID":"1385236","toID":"1385232","formEdgeID":null},{"edgeID":"1810084","fromID":"1385195","toID":"1385237","formEdgeID":null},{"edgeID":"1810085","fromID":"1385237","toID":"1385233","formEdgeID":null},{"edgeID":"1810086","fromID":"1385240","toID":"1385239","formEdgeID":null},{"edgeID":"1810087","fromID":"1385241","toID":"1385240","formEdgeID":null},{"edgeID":"1810088","fromID":"1385239","toID":"1385242","formEdgeID":null},{"edgeID":"1810089","fromID":"1385242","toID":"1385238","formEdgeID":null},{"edgeID":"1810090","fromID":"1385238","toID":"1385243","formEdgeID":null},{"edgeID":"1810091","fromID":"1385243","toID":"1385225","formEdgeID":null},{"edgeID":"1810092","fromID":"1385232","toID":"1385243","formEdgeID":null},{"edgeID":"1810093","fromID":"1385195","toID":"1385244","formEdgeID":null},{"edgeID":"1810094","fromID":"1385244","toID":"1385239","formEdgeID":null},{"edgeID":"1810095","fromID":"1385244","toID":"1385245","formEdgeID":null},{"edgeID":"1810096","fromID":"1385245","toID":"1385243","formEdgeID":null},{"edgeID":"1810097","fromID":"1385248","toID":"1385247","formEdgeID":null},{"edgeID":"1810098","fromID":"1385249","toID":"1385248","formEdgeID":null},{"edgeID":"1810099","fromID":"1385247","toID":"1385250","formEdgeID":null},{"edgeID":"1810100","fromID":"1385250","toID":"1385246","formEdgeID":null},{"edgeID":"1810101","fromID":"1385195","toID":"1385251","formEdgeID":null},{"edgeID":"1810102","fromID":"1385251","toID":"1385247","formEdgeID":null},{"edgeID":"1810103","fromID":"1385246","toID":"1385252","formEdgeID":null},{"edgeID":"1810104","fromID":"1385252","toID":"1385225","formEdgeID":null},{"edgeID":"1810105","fromID":"1385251","toID":"1385253","formEdgeID":null},{"edgeID":"1810106","fromID":"1385253","toID":"1385252","formEdgeID":null},{"edgeID":"1810107","fromID":"1385215","toID":"1385254","formEdgeID":null},{"edgeID":"1810108","fromID":"1385254","toID":"1385205","formEdgeID":null},{"edgeID":"1810109","fromID":"1385206","toID":"1385255","formEdgeID":null},{"edgeID":"1810110","fromID":"1385255","toID":"1385216","formEdgeID":null},{"edgeID":"1810111","fromID":"1385255","toID":"1385256","formEdgeID":null},{"edgeID":"1810112","fromID":"1385256","toID":"1385254","formEdgeID":null},{"edgeID":"1810113","fromID":"1385215","toID":"1385257","formEdgeID":null},{"edgeID":"1810114","fromID":"1385257","toID":"1385220","formEdgeID":null},{"edgeID":"1810115","fromID":"1385216","toID":"1385258","formEdgeID":null},{"edgeID":"1810116","fromID":"1385258","toID":"1385221","formEdgeID":null},{"edgeID":"1810117","fromID":"1385258","toID":"1385259","formEdgeID":null},{"edgeID":"1810118","fromID":"1385259","toID":"1385257","formEdgeID":null}],"locutions":[]}