{"nodes":[{"nodeID":"1390398","text":"the number of visible police officers on the street has fallen","type":"I","timestamp":"2023-11-09 15:08:28"},{"nodeID":"1390399","text":"Helen Morgan: The number of visible police officers on the street has fallen","type":"L","timestamp":"2023-11-09 15:08:28"},{"nodeID":"1390400","text":"Analysing","type":"YA","timestamp":"2023-11-09 15:08:28"},{"nodeID":"1390401","text":"Lara: Helen Morgan: The number of visible police officers on the street has fallen","type":"L","timestamp":"2023-11-09 15:08:28"},{"nodeID":"1390402","text":"Asserting","type":"YA","timestamp":"2023-11-09 15:08:28"},{"nodeID":"1390403","text":"locally people will tell you they haven't seen an officer","type":"I","timestamp":"2023-11-09 15:08:29"},{"nodeID":"1390404","text":"Helen Morgan: locally people will tell you they haven't seen an officer","type":"L","timestamp":"2023-11-09 15:08:29"},{"nodeID":"1390405","text":"Analysing","type":"YA","timestamp":"2023-11-09 15:08:29"},{"nodeID":"1390406","text":"Lara: Helen Morgan: locally people will tell you they haven't seen an officer","type":"L","timestamp":"2023-11-09 15:08:29"},{"nodeID":"1390407","text":"Asserting","type":"YA","timestamp":"2023-11-09 15:08:29"},{"nodeID":"1390408","text":"you're not being tough on crime","type":"I","timestamp":"2023-11-09 15:08:30"},{"nodeID":"1390409","text":"Helen Morgan: you're not being tough on crime","type":"L","timestamp":"2023-11-09 15:08:30"},{"nodeID":"1390410","text":"Analysing","type":"YA","timestamp":"2023-11-09 15:08:30"},{"nodeID":"1390411","text":"Lara: Helen Morgan: you're not being tough on crime","type":"L","timestamp":"2023-11-09 15:08:30"},{"nodeID":"1390412","text":"Asserting","type":"YA","timestamp":"2023-11-09 15:08:30"},{"nodeID":"1390413","text":"nobody even bothers to report a crime in the first place","type":"I","timestamp":"2023-11-09 15:08:30"},{"nodeID":"1390414","text":"Helen Morgan:  nobody even bothers to report one in the first place","type":"L","timestamp":"2023-11-09 15:08:30"},{"nodeID":"1390415","text":"Analysing","type":"YA","timestamp":"2023-11-09 15:08:30"},{"nodeID":"1390416","text":"Lara: Helen Morgan:  nobody even bothers to report one in the first place","type":"L","timestamp":"2023-11-09 15:08:30"},{"nodeID":"1390417","text":"Asserting","type":"YA","timestamp":"2023-11-09 15:08:30"},{"nodeID":"1390418","text":"knife crime is much more problematic","type":"I","timestamp":"2023-11-09 15:08:31"},{"nodeID":"1390419","text":"Helen Morgan: Knife crime I think is much more problematic","type":"L","timestamp":"2023-11-09 15:08:31"},{"nodeID":"1390420","text":"Analysing","type":"YA","timestamp":"2023-11-09 15:08:31"},{"nodeID":"1390421","text":"Lara: Helen Morgan: Knife crime I think is much more problematic","type":"L","timestamp":"2023-11-09 15:08:31"},{"nodeID":"1390422","text":"Asserting","type":"YA","timestamp":"2023-11-09 15:08:31"},{"nodeID":"1390423","text":"youth services are critical to knife crime","type":"I","timestamp":"2023-11-09 15:08:31"},{"nodeID":"1390424","text":"Helen Morgan: youth services are critical to that","type":"L","timestamp":"2023-11-09 15:08:31"},{"nodeID":"1390425","text":"Analysing","type":"YA","timestamp":"2023-11-09 15:08:31"},{"nodeID":"1390426","text":"Lara: Helen Morgan: youth services are critical to that","type":"L","timestamp":"2023-11-09 15:08:31"},{"nodeID":"1390427","text":"Asserting","type":"YA","timestamp":"2023-11-09 15:08:31"},{"nodeID":"1390428","text":"Default Transition","type":"TA","timestamp":"2023-11-09 15:08:31"},{"nodeID":"1390429","text":"Default Inference","type":"RA","timestamp":"2023-11-09 15:08:31"},{"nodeID":"1390430","text":"Arguing","type":"YA","timestamp":"2023-11-09 15:08:31"},{"nodeID":"1390431","text":"locally people can't be bothered to report a crime","type":"I","timestamp":"2023-11-09 15:08:32"},{"nodeID":"1390432","text":"Helen Morgan: they can't be bothered to report a crime","type":"L","timestamp":"2023-11-09 15:08:32"},{"nodeID":"1390433","text":"Analysing","type":"YA","timestamp":"2023-11-09 15:08:32"},{"nodeID":"1390434","text":"Lara: Helen Morgan: they can't be bothered to report a crime","type":"L","timestamp":"2023-11-09 15:08:32"},{"nodeID":"1390435","text":"Asserting","type":"YA","timestamp":"2023-11-09 15:08:32"},{"nodeID":"1390436","text":"Default Transition","type":"TA","timestamp":"2023-11-09 15:08:32"},{"nodeID":"1390437","text":"no one turns up","type":"I","timestamp":"2023-11-09 15:08:33"},{"nodeID":"1390438","text":"Helen Morgan: no one turns up","type":"L","timestamp":"2023-11-09 15:08:33"},{"nodeID":"1390439","text":"Analysing","type":"YA","timestamp":"2023-11-09 15:08:33"},{"nodeID":"1390440","text":"Lara: Helen Morgan: no one turns up","type":"L","timestamp":"2023-11-09 15:08:33"},{"nodeID":"1390441","text":"Asserting","type":"YA","timestamp":"2023-11-09 15:08:33"},{"nodeID":"1390442","text":"Default Transition","type":"TA","timestamp":"2023-11-09 15:08:33"},{"nodeID":"1390443","text":"Default Inference","type":"RA","timestamp":"2023-11-09 15:08:33"},{"nodeID":"1390444","text":"Arguing","type":"YA","timestamp":"2023-11-09 15:08:33"},{"nodeID":"1390445","text":"Default Transition","type":"TA","timestamp":"2023-11-09 15:08:33"},{"nodeID":"1390446","text":"Default Transition","type":"TA","timestamp":"2023-11-09 15:08:33"},{"nodeID":"1390447","text":"Default Inference","type":"RA","timestamp":"2023-11-09 15:08:33"},{"nodeID":"1390448","text":"Arguing","type":"YA","timestamp":"2023-11-09 15:08:33"},{"nodeID":"1390449","text":"Default Transition","type":"TA","timestamp":"2023-11-09 15:08:33"},{"nodeID":"1390450","text":"Default Rephrase","type":"MA","timestamp":"2023-11-09 15:08:33"},{"nodeID":"1390451","text":"Restating","type":"YA","timestamp":"2023-11-09 15:08:33"},{"nodeID":"1390452","text":"Default Transition","type":"TA","timestamp":"2023-11-09 15:08:33"},{"nodeID":"1390453","text":"Default Transition","type":"TA","timestamp":"2023-11-09 15:08:33"},{"nodeID":"1390454","text":"Default Rephrase","type":"MA","timestamp":"2023-11-09 15:08:33"},{"nodeID":"1390455","text":"Restating","type":"YA","timestamp":"2023-11-09 15:08:33"},{"nodeID":"1390456","text":"the hollowing out of local council budgets that we've seen since 2015, \u00a32bn cut from local council budgets, a 35 per cent reduction in some cases, is what's at the bottom of that problem with youths and some of the types of crime that they turn to","type":"I","timestamp":"2023-11-09 15:08:33"},{"nodeID":"1390457","text":"Helen Morgan: the hollowing out of local council budgets that we've seen since 2015, \u00a32bn cut from local council budgets, a 35 per cent reduction in some cases, is what's at the bottom of that problem with youths and some of the types of crime that they turn to","type":"L","timestamp":"2023-11-09 15:08:33"},{"nodeID":"1390458","text":"Analysing","type":"YA","timestamp":"2023-11-09 15:08:33"},{"nodeID":"1390459","text":"Lara: Helen Morgan: the hollowing out of local council budgets that we've seen since 2015, \u00a32bn cut from local council budgets, a 35 per cent reduction in some cases, is what's at the bottom of that problem with youths and some of the types of crime that they turn to","type":"L","timestamp":"2023-11-09 15:08:33"},{"nodeID":"1390460","text":"Asserting","type":"YA","timestamp":"2023-11-09 15:08:33"},{"nodeID":"1390461","text":"Default Transition","type":"TA","timestamp":"2023-11-09 15:08:33"},{"nodeID":"1390462","text":"Default Inference","type":"RA","timestamp":"2023-11-09 15:08:33"},{"nodeID":"1390463","text":"Arguing","type":"YA","timestamp":"2023-11-09 15:08:33"}],"edges":[{"edgeID":"1816242","fromID":"1390400","toID":"1390399","formEdgeID":null},{"edgeID":"1816243","fromID":"1390401","toID":"1390400","formEdgeID":null},{"edgeID":"1816244","fromID":"1390399","toID":"1390402","formEdgeID":null},{"edgeID":"1816245","fromID":"1390402","toID":"1390398","formEdgeID":null},{"edgeID":"1816246","fromID":"1390405","toID":"1390404","formEdgeID":null},{"edgeID":"1816247","fromID":"1390406","toID":"1390405","formEdgeID":null},{"edgeID":"1816248","fromID":"1390404","toID":"1390407","formEdgeID":null},{"edgeID":"1816249","fromID":"1390407","toID":"1390403","formEdgeID":null},{"edgeID":"1816250","fromID":"1390410","toID":"1390409","formEdgeID":null},{"edgeID":"1816251","fromID":"1390411","toID":"1390410","formEdgeID":null},{"edgeID":"1816252","fromID":"1390409","toID":"1390412","formEdgeID":null},{"edgeID":"1816253","fromID":"1390412","toID":"1390408","formEdgeID":null},{"edgeID":"1816254","fromID":"1390415","toID":"1390414","formEdgeID":null},{"edgeID":"1816255","fromID":"1390416","toID":"1390415","formEdgeID":null},{"edgeID":"1816256","fromID":"1390414","toID":"1390417","formEdgeID":null},{"edgeID":"1816257","fromID":"1390417","toID":"1390413","formEdgeID":null},{"edgeID":"1816258","fromID":"1390420","toID":"1390419","formEdgeID":null},{"edgeID":"1816259","fromID":"1390421","toID":"1390420","formEdgeID":null},{"edgeID":"1816260","fromID":"1390419","toID":"1390422","formEdgeID":null},{"edgeID":"1816261","fromID":"1390422","toID":"1390418","formEdgeID":null},{"edgeID":"1816262","fromID":"1390425","toID":"1390424","formEdgeID":null},{"edgeID":"1816263","fromID":"1390426","toID":"1390425","formEdgeID":null},{"edgeID":"1816264","fromID":"1390424","toID":"1390427","formEdgeID":null},{"edgeID":"1816265","fromID":"1390427","toID":"1390423","formEdgeID":null},{"edgeID":"1816266","fromID":"1390399","toID":"1390428","formEdgeID":null},{"edgeID":"1816267","fromID":"1390428","toID":"1390404","formEdgeID":null},{"edgeID":"1816268","fromID":"1390398","toID":"1390429","formEdgeID":null},{"edgeID":"1816269","fromID":"1390429","toID":"1390403","formEdgeID":null},{"edgeID":"1816270","fromID":"1390428","toID":"1390430","formEdgeID":null},{"edgeID":"1816271","fromID":"1390430","toID":"1390429","formEdgeID":null},{"edgeID":"1816272","fromID":"1390433","toID":"1390432","formEdgeID":null},{"edgeID":"1816273","fromID":"1390434","toID":"1390433","formEdgeID":null},{"edgeID":"1816274","fromID":"1390432","toID":"1390435","formEdgeID":null},{"edgeID":"1816275","fromID":"1390435","toID":"1390431","formEdgeID":null},{"edgeID":"1816276","fromID":"1390404","toID":"1390436","formEdgeID":null},{"edgeID":"1816277","fromID":"1390436","toID":"1390432","formEdgeID":null},{"edgeID":"1816278","fromID":"1390439","toID":"1390438","formEdgeID":null},{"edgeID":"1816279","fromID":"1390440","toID":"1390439","formEdgeID":null},{"edgeID":"1816280","fromID":"1390438","toID":"1390441","formEdgeID":null},{"edgeID":"1816281","fromID":"1390441","toID":"1390437","formEdgeID":null},{"edgeID":"1816282","fromID":"1390432","toID":"1390442","formEdgeID":null},{"edgeID":"1816283","fromID":"1390442","toID":"1390438","formEdgeID":null},{"edgeID":"1816284","fromID":"1390437","toID":"1390443","formEdgeID":null},{"edgeID":"1816285","fromID":"1390443","toID":"1390431","formEdgeID":null},{"edgeID":"1816286","fromID":"1390442","toID":"1390444","formEdgeID":null},{"edgeID":"1816287","fromID":"1390444","toID":"1390443","formEdgeID":null},{"edgeID":"1816288","fromID":"1390438","toID":"1390445","formEdgeID":null},{"edgeID":"1816289","fromID":"1390445","toID":"1390409","formEdgeID":null},{"edgeID":"1816290","fromID":"1390409","toID":"1390446","formEdgeID":null},{"edgeID":"1816291","fromID":"1390446","toID":"1390414","formEdgeID":null},{"edgeID":"1816292","fromID":"1390413","toID":"1390447","formEdgeID":null},{"edgeID":"1816293","fromID":"1390447","toID":"1390408","formEdgeID":null},{"edgeID":"1816294","fromID":"1390446","toID":"1390448","formEdgeID":null},{"edgeID":"1816295","fromID":"1390448","toID":"1390447","formEdgeID":null},{"edgeID":"1816296","fromID":"1390432","toID":"1390449","formEdgeID":null},{"edgeID":"1816297","fromID":"1390449","toID":"1390414","formEdgeID":null},{"edgeID":"1816298","fromID":"1390413","toID":"1390450","formEdgeID":null},{"edgeID":"1816299","fromID":"1390450","toID":"1390431","formEdgeID":null},{"edgeID":"1816300","fromID":"1390449","toID":"1390451","formEdgeID":null},{"edgeID":"1816301","fromID":"1390451","toID":"1390450","formEdgeID":null},{"edgeID":"1816302","fromID":"1390414","toID":"1390452","formEdgeID":null},{"edgeID":"1816303","fromID":"1390452","toID":"1390419","formEdgeID":null},{"edgeID":"1816304","fromID":"1390419","toID":"1390453","formEdgeID":null},{"edgeID":"1816305","fromID":"1390453","toID":"1390424","formEdgeID":null},{"edgeID":"1816306","fromID":"1390423","toID":"1390454","formEdgeID":null},{"edgeID":"1816307","fromID":"1390454","toID":"1390418","formEdgeID":null},{"edgeID":"1816308","fromID":"1390453","toID":"1390455","formEdgeID":null},{"edgeID":"1816309","fromID":"1390455","toID":"1390454","formEdgeID":null},{"edgeID":"1816310","fromID":"1390458","toID":"1390457","formEdgeID":null},{"edgeID":"1816311","fromID":"1390459","toID":"1390458","formEdgeID":null},{"edgeID":"1816312","fromID":"1390457","toID":"1390460","formEdgeID":null},{"edgeID":"1816313","fromID":"1390460","toID":"1390456","formEdgeID":null},{"edgeID":"1816314","fromID":"1390424","toID":"1390461","formEdgeID":null},{"edgeID":"1816315","fromID":"1390461","toID":"1390457","formEdgeID":null},{"edgeID":"1816316","fromID":"1390456","toID":"1390462","formEdgeID":null},{"edgeID":"1816317","fromID":"1390462","toID":"1390423","formEdgeID":null},{"edgeID":"1816318","fromID":"1390461","toID":"1390463","formEdgeID":null},{"edgeID":"1816319","fromID":"1390463","toID":"1390462","formEdgeID":null}],"locutions":[]}