{"nodes":[{"nodeID":"1391277","text":"forty per cent of crime is fraud","type":"I","timestamp":"2023-11-09 15:09:44"},{"nodeID":"1391278","text":"Emily Thornberry: Forty per cent of crime is fraud","type":"L","timestamp":"2023-11-09 15:09:44"},{"nodeID":"1391279","text":"Analysing","type":"YA","timestamp":"2023-11-09 15:09:44"},{"nodeID":"1391280","text":"Anon: Emily Thornberry: Forty per cent of crime is fraud","type":"L","timestamp":"2023-11-09 15:09:44"},{"nodeID":"1391281","text":"Asserting","type":"YA","timestamp":"2023-11-09 15:09:44"},{"nodeID":"1391282","text":"one thousand police officers are dealing with fraud","type":"I","timestamp":"2023-11-09 15:09:44"},{"nodeID":"1391283","text":"Emily Thornberry: One thousand police officers are dealing with fraud","type":"L","timestamp":"2023-11-09 15:09:44"},{"nodeID":"1391284","text":"Analysing","type":"YA","timestamp":"2023-11-09 15:09:44"},{"nodeID":"1391285","text":"Anon: Emily Thornberry: One thousand police officers are dealing with fraud","type":"L","timestamp":"2023-11-09 15:09:44"},{"nodeID":"1391286","text":"Asserting","type":"YA","timestamp":"2023-11-09 15:09:44"},{"nodeID":"1391287","text":"you have 8,000 people in the Department for Work and Pensions dealing with fraud","type":"I","timestamp":"2023-11-09 15:09:45"},{"nodeID":"1391288","text":"Emily Thornberry: You have 8,000 people in the Department for Work and Pensions dealing with fraud","type":"L","timestamp":"2023-11-09 15:09:45"},{"nodeID":"1391289","text":"Analysing","type":"YA","timestamp":"2023-11-09 15:09:45"},{"nodeID":"1391290","text":"Anon: Emily Thornberry: You have 8,000 people in the Department for Work and Pensions dealing with fraud","type":"L","timestamp":"2023-11-09 15:09:45"},{"nodeID":"1391291","text":"Asserting","type":"YA","timestamp":"2023-11-09 15:09:45"},{"nodeID":"1391292","text":"fraud is the priority","type":"I","timestamp":"2023-11-09 15:09:46"},{"nodeID":"1391293","text":"Emily Thornberry:  that is the priorities","type":"L","timestamp":"2023-11-09 15:09:46"},{"nodeID":"1391294","text":"Analysing","type":"YA","timestamp":"2023-11-09 15:09:46"},{"nodeID":"1391295","text":"Anon: Emily Thornberry:  that is the priorities","type":"L","timestamp":"2023-11-09 15:09:46"},{"nodeID":"1391296","text":"Asserting","type":"YA","timestamp":"2023-11-09 15:09:46"},{"nodeID":"1391297","text":"Default Inference","type":"RA","timestamp":"2023-11-09 15:09:46"},{"nodeID":"1391298","text":"Default Transition","type":"TA","timestamp":"2023-11-09 15:09:46"},{"nodeID":"1391299","text":"Arguing","type":"YA","timestamp":"2023-11-09 15:09:46"},{"nodeID":"1391300","text":"Default Inference","type":"RA","timestamp":"2023-11-09 15:09:46"},{"nodeID":"1391301","text":"Default Transition","type":"TA","timestamp":"2023-11-09 15:09:46"},{"nodeID":"1391302","text":"Arguing","type":"YA","timestamp":"2023-11-09 15:09:46"},{"nodeID":"1391303","text":"we are not dealing with fraud properly","type":"I","timestamp":"2023-11-09 15:09:47"},{"nodeID":"1391304","text":"Emily Thornberry: We are not dealing with fraud properly","type":"L","timestamp":"2023-11-09 15:09:47"},{"nodeID":"1391305","text":"Analysing","type":"YA","timestamp":"2023-11-09 15:09:47"},{"nodeID":"1391306","text":"Anon: Emily Thornberry: We are not dealing with fraud properly","type":"L","timestamp":"2023-11-09 15:09:47"},{"nodeID":"1391307","text":"Asserting","type":"YA","timestamp":"2023-11-09 15:09:47"},{"nodeID":"1391308","text":"Default Transition","type":"TA","timestamp":"2023-11-09 15:09:47"},{"nodeID":"1391309","text":"Default Conflict","type":"CA","timestamp":"2023-11-09 15:09:47"},{"nodeID":"1391310","text":"Disagreeing","type":"YA","timestamp":"2023-11-09 15:09:47"},{"nodeID":"1391311","text":"we don't even record attempted fraud","type":"I","timestamp":"2023-11-09 15:09:47"},{"nodeID":"1391312","text":"Emily Thornberry: we don't even record attempted fraud","type":"L","timestamp":"2023-11-09 15:09:47"},{"nodeID":"1391313","text":"Analysing","type":"YA","timestamp":"2023-11-09 15:09:47"},{"nodeID":"1391314","text":"Anon: Emily Thornberry: we don't even record attempted fraud","type":"L","timestamp":"2023-11-09 15:09:47"},{"nodeID":"1391315","text":"Asserting","type":"YA","timestamp":"2023-11-09 15:09:47"},{"nodeID":"1391316","text":"Default Transition","type":"TA","timestamp":"2023-11-09 15:09:47"},{"nodeID":"1391317","text":"Default Inference","type":"RA","timestamp":"2023-11-09 15:09:47"},{"nodeID":"1391318","text":"Arguing","type":"YA","timestamp":"2023-11-09 15:09:47"},{"nodeID":"1391319","text":"someone tries to have a go at you","type":"I","timestamp":"2023-11-09 15:09:48"},{"nodeID":"1391320","text":"Emily Thornberry: someone tries to have a go at you","type":"L","timestamp":"2023-11-09 15:09:48"},{"nodeID":"1391321","text":"Analysing","type":"YA","timestamp":"2023-11-09 15:09:48"},{"nodeID":"1391322","text":"Anon: Emily Thornberry: someone tries to have a go at you","type":"L","timestamp":"2023-11-09 15:09:48"},{"nodeID":"1391323","text":"Asserting","type":"YA","timestamp":"2023-11-09 15:09:48"},{"nodeID":"1391324","text":"you ring up Action Fraud","type":"I","timestamp":"2023-11-09 15:09:48"},{"nodeID":"1391325","text":"Emily Thornberry: you ring up Action Fraud","type":"L","timestamp":"2023-11-09 15:09:48"},{"nodeID":"1391326","text":"Analysing","type":"YA","timestamp":"2023-11-09 15:09:48"},{"nodeID":"1391327","text":"Anon: Emily Thornberry: you ring up Action Fraud","type":"L","timestamp":"2023-11-09 15:09:48"},{"nodeID":"1391328","text":"Asserting","type":"YA","timestamp":"2023-11-09 15:09:48"},{"nodeID":"1391329","text":"Action Fraud won't even record the fraud attempt","type":"I","timestamp":"2023-11-09 15:09:49"},{"nodeID":"1391330","text":"Emily Thornberry: they won't even record it","type":"L","timestamp":"2023-11-09 15:09:49"},{"nodeID":"1391331","text":"Analysing","type":"YA","timestamp":"2023-11-09 15:09:49"},{"nodeID":"1391332","text":"Anon: Emily Thornberry: they won't even record it","type":"L","timestamp":"2023-11-09 15:09:49"},{"nodeID":"1391333","text":"Asserting","type":"YA","timestamp":"2023-11-09 15:09:49"},{"nodeID":"1391334","text":"it's an attempted fraud","type":"I","timestamp":"2023-11-09 15:09:50"},{"nodeID":"1391335","text":"Emily Thornberry: it's an attempted fraud","type":"L","timestamp":"2023-11-09 15:09:50"},{"nodeID":"1391336","text":"Analysing","type":"YA","timestamp":"2023-11-09 15:09:50"},{"nodeID":"1391337","text":"Anon: Emily Thornberry: it's an attempted fraud","type":"L","timestamp":"2023-11-09 15:09:50"},{"nodeID":"1391338","text":"Asserting","type":"YA","timestamp":"2023-11-09 15:09:50"},{"nodeID":"1391339","text":"Default Transition","type":"TA","timestamp":"2023-11-09 15:09:50"},{"nodeID":"1391340","text":"it's not a fraud","type":"I","timestamp":"2023-11-09 15:09:50"},{"nodeID":"1391341","text":"Emily Thornberry: not a fraud","type":"L","timestamp":"2023-11-09 15:09:50"},{"nodeID":"1391342","text":"Analysing","type":"YA","timestamp":"2023-11-09 15:09:50"},{"nodeID":"1391343","text":"Anon: Emily Thornberry: not a fraud","type":"L","timestamp":"2023-11-09 15:09:50"},{"nodeID":"1391344","text":"Asserting","type":"YA","timestamp":"2023-11-09 15:09:50"},{"nodeID":"1391345","text":"Default Transition","type":"TA","timestamp":"2023-11-09 15:09:50"},{"nodeID":"1391346","text":"Default Rephrase","type":"MA","timestamp":"2023-11-09 15:09:50"},{"nodeID":"1391347","text":"Restating","type":"YA","timestamp":"2023-11-09 15:09:50"},{"nodeID":"1391348","text":"Action Fraud doesn't bother to record attempted frauds","type":"I","timestamp":"2023-11-09 15:09:51"},{"nodeID":"1391349","text":"Emily Thornberry: they don't bother to record it","type":"L","timestamp":"2023-11-09 15:09:51"},{"nodeID":"1391350","text":"Analysing","type":"YA","timestamp":"2023-11-09 15:09:51"},{"nodeID":"1391351","text":"Anon: Emily Thornberry: they don't bother to record it","type":"L","timestamp":"2023-11-09 15:09:51"},{"nodeID":"1391352","text":"Asserting","type":"YA","timestamp":"2023-11-09 15:09:51"},{"nodeID":"1391353","text":"Default Rephrase","type":"MA","timestamp":"2023-11-09 15:09:51"},{"nodeID":"1391354","text":"Default Transition","type":"TA","timestamp":"2023-11-09 15:09:51"},{"nodeID":"1391355","text":"Restating","type":"YA","timestamp":"2023-11-09 15:09:51"},{"nodeID":"1391356","text":"Default Inference","type":"RA","timestamp":"2023-11-09 15:09:51"},{"nodeID":"1391357","text":"Arguing","type":"YA","timestamp":"2023-11-09 15:09:51"},{"nodeID":"1391358","text":"Default Inference","type":"RA","timestamp":"2023-11-09 15:09:51"},{"nodeID":"1391359","text":"Default Transition","type":"TA","timestamp":"2023-11-09 15:09:51"},{"nodeID":"1391360","text":"Arguing","type":"YA","timestamp":"2023-11-09 15:09:51"},{"nodeID":"1391361","text":"Default Rephrase","type":"MA","timestamp":"2023-11-09 15:09:51"},{"nodeID":"1391362","text":"Default Transition","type":"TA","timestamp":"2023-11-09 15:09:51"},{"nodeID":"1391363","text":"Restating","type":"YA","timestamp":"2023-11-09 15:09:51"},{"nodeID":"1391364","text":"the last lot of statistics that were published, six years ago, on the amount of money that we think that we lost in this country as a result of fraud, said it was \u00a3198bn","type":"I","timestamp":"2023-11-09 15:09:52"},{"nodeID":"1391365","text":"Emily Thornberry: the last lot of statistics that were published, I think were published six years ago, on the amount of money that we think that we lost in this country as a result of fraud, and it was \u00a3198bn","type":"L","timestamp":"2023-11-09 15:09:52"},{"nodeID":"1391366","text":"Analysing","type":"YA","timestamp":"2023-11-09 15:09:52"},{"nodeID":"1391367","text":"Anon: Emily Thornberry: the last lot of statistics that were published, I think were published six years ago, on the amount of money that we think that we lost in this country as a result of fraud, and it was \u00a3198bn","type":"L","timestamp":"2023-11-09 15:09:52"},{"nodeID":"1391368","text":"Asserting","type":"YA","timestamp":"2023-11-09 15:09:52"},{"nodeID":"1391369","text":"Default Transition","type":"TA","timestamp":"2023-11-09 15:09:52"},{"nodeID":"1391370","text":"\u00a3198bn is the amount of money that we spent on the National Health Service in the first year of the pandemic","type":"I","timestamp":"2023-11-09 15:09:52"},{"nodeID":"1391371","text":"Emily Thornberry: that is the amount of money that we spent on the National Health Service in the first year of the pandemic","type":"L","timestamp":"2023-11-09 15:09:52"},{"nodeID":"1391372","text":"Analysing","type":"YA","timestamp":"2023-11-09 15:09:52"},{"nodeID":"1391373","text":"Anon: Emily Thornberry: that is the amount of money that we spent on the National Health Service in the first year of the pandemic","type":"L","timestamp":"2023-11-09 15:09:52"},{"nodeID":"1391374","text":"Asserting","type":"YA","timestamp":"2023-11-09 15:09:52"},{"nodeID":"1391375","text":"the idea that the Tories can talk about crime going down when they're overlooking \u00a3198bn worth of crime is quite extraordinary","type":"I","timestamp":"2023-11-09 15:09:53"},{"nodeID":"1391376","text":"Emily Thornberry: the idea that the Tories can talk about crime going down when they're overlooking \u00a3198bn worth of crime is quite extraordinary","type":"L","timestamp":"2023-11-09 15:09:53"},{"nodeID":"1391377","text":"Analysing","type":"YA","timestamp":"2023-11-09 15:09:53"},{"nodeID":"1391378","text":"Anon: Emily Thornberry: the idea that the Tories can talk about crime going down when they're overlooking \u00a3198bn worth of crime is quite extraordinary","type":"L","timestamp":"2023-11-09 15:09:53"},{"nodeID":"1391379","text":"Asserting","type":"YA","timestamp":"2023-11-09 15:09:53"},{"nodeID":"1391380","text":"Default Inference","type":"RA","timestamp":"2023-11-09 15:09:53"},{"nodeID":"1391381","text":"Default Transition","type":"TA","timestamp":"2023-11-09 15:09:53"},{"nodeID":"1391382","text":"Arguing","type":"YA","timestamp":"2023-11-09 15:09:53"},{"nodeID":"1391383","text":"Emily Thornberry would take action xxx to stop juvenile knife crime, vandalism","type":"I","timestamp":"2023-11-09 15:09:54"},{"nodeID":"1391384","text":"Fiona Bruce: What action would you take to stop juvenile knife crime, vandalism and","type":"L","timestamp":"2023-11-09 15:09:54"},{"nodeID":"1391385","text":"Analysing","type":"YA","timestamp":"2023-11-09 15:09:54"},{"nodeID":"1391386","text":"Anon: Fiona Bruce: What action would you take to stop juvenile knife crime, vandalism and","type":"L","timestamp":"2023-11-09 15:09:54"},{"nodeID":"1391387","text":"Pure Questioning","type":"YA","timestamp":"2023-11-09 15:09:54"},{"nodeID":"1391388","text":"Default Transition","type":"TA","timestamp":"2023-11-09 15:09:54"}],"edges":[{"edgeID":"1817285","fromID":"1391279","toID":"1391278","formEdgeID":null},{"edgeID":"1817286","fromID":"1391280","toID":"1391279","formEdgeID":null},{"edgeID":"1817287","fromID":"1391278","toID":"1391281","formEdgeID":null},{"edgeID":"1817288","fromID":"1391281","toID":"1391277","formEdgeID":null},{"edgeID":"1817289","fromID":"1391284","toID":"1391283","formEdgeID":null},{"edgeID":"1817290","fromID":"1391285","toID":"1391284","formEdgeID":null},{"edgeID":"1817291","fromID":"1391283","toID":"1391286","formEdgeID":null},{"edgeID":"1817292","fromID":"1391286","toID":"1391282","formEdgeID":null},{"edgeID":"1817293","fromID":"1391289","toID":"1391288","formEdgeID":null},{"edgeID":"1817294","fromID":"1391290","toID":"1391289","formEdgeID":null},{"edgeID":"1817295","fromID":"1391288","toID":"1391291","formEdgeID":null},{"edgeID":"1817296","fromID":"1391291","toID":"1391287","formEdgeID":null},{"edgeID":"1817297","fromID":"1391294","toID":"1391293","formEdgeID":null},{"edgeID":"1817298","fromID":"1391295","toID":"1391294","formEdgeID":null},{"edgeID":"1817299","fromID":"1391293","toID":"1391296","formEdgeID":null},{"edgeID":"1817300","fromID":"1391296","toID":"1391292","formEdgeID":null},{"edgeID":"1817301","fromID":"1391277","toID":"1391297","formEdgeID":null},{"edgeID":"1817302","fromID":"1391297","toID":"1391292","formEdgeID":null},{"edgeID":"1817303","fromID":"1391278","toID":"1391298","formEdgeID":null},{"edgeID":"1817304","fromID":"1391298","toID":"1391293","formEdgeID":null},{"edgeID":"1817305","fromID":"1391298","toID":"1391299","formEdgeID":null},{"edgeID":"1817306","fromID":"1391299","toID":"1391297","formEdgeID":null},{"edgeID":"1817307","fromID":"1391277","toID":"1391300","formEdgeID":null},{"edgeID":"1817308","fromID":"1391300","toID":"1391287","formEdgeID":null},{"edgeID":"1817309","fromID":"1391282","toID":"1391300","formEdgeID":null},{"edgeID":"1817310","fromID":"1391278","toID":"1391301","formEdgeID":null},{"edgeID":"1817311","fromID":"1391301","toID":"1391288","formEdgeID":null},{"edgeID":"1817312","fromID":"1391283","toID":"1391301","formEdgeID":null},{"edgeID":"1817313","fromID":"1391301","toID":"1391302","formEdgeID":null},{"edgeID":"1817314","fromID":"1391302","toID":"1391300","formEdgeID":null},{"edgeID":"1817315","fromID":"1391305","toID":"1391304","formEdgeID":null},{"edgeID":"1817316","fromID":"1391306","toID":"1391305","formEdgeID":null},{"edgeID":"1817317","fromID":"1391304","toID":"1391307","formEdgeID":null},{"edgeID":"1817318","fromID":"1391307","toID":"1391303","formEdgeID":null},{"edgeID":"1817319","fromID":"1391293","toID":"1391308","formEdgeID":null},{"edgeID":"1817320","fromID":"1391308","toID":"1391304","formEdgeID":null},{"edgeID":"1817321","fromID":"1391303","toID":"1391309","formEdgeID":null},{"edgeID":"1817322","fromID":"1391309","toID":"1391292","formEdgeID":null},{"edgeID":"1817323","fromID":"1391308","toID":"1391310","formEdgeID":null},{"edgeID":"1817324","fromID":"1391310","toID":"1391309","formEdgeID":null},{"edgeID":"1817325","fromID":"1391313","toID":"1391312","formEdgeID":null},{"edgeID":"1817326","fromID":"1391314","toID":"1391313","formEdgeID":null},{"edgeID":"1817327","fromID":"1391312","toID":"1391315","formEdgeID":null},{"edgeID":"1817328","fromID":"1391315","toID":"1391311","formEdgeID":null},{"edgeID":"1817329","fromID":"1391304","toID":"1391316","formEdgeID":null},{"edgeID":"1817330","fromID":"1391316","toID":"1391312","formEdgeID":null},{"edgeID":"1817331","fromID":"1391311","toID":"1391317","formEdgeID":null},{"edgeID":"1817332","fromID":"1391317","toID":"1391303","formEdgeID":null},{"edgeID":"1817333","fromID":"1391316","toID":"1391318","formEdgeID":null},{"edgeID":"1817334","fromID":"1391318","toID":"1391317","formEdgeID":null},{"edgeID":"1817335","fromID":"1391321","toID":"1391320","formEdgeID":null},{"edgeID":"1817336","fromID":"1391322","toID":"1391321","formEdgeID":null},{"edgeID":"1817337","fromID":"1391320","toID":"1391323","formEdgeID":null},{"edgeID":"1817338","fromID":"1391323","toID":"1391319","formEdgeID":null},{"edgeID":"1817339","fromID":"1391326","toID":"1391325","formEdgeID":null},{"edgeID":"1817340","fromID":"1391327","toID":"1391326","formEdgeID":null},{"edgeID":"1817341","fromID":"1391325","toID":"1391328","formEdgeID":null},{"edgeID":"1817342","fromID":"1391328","toID":"1391324","formEdgeID":null},{"edgeID":"1817343","fromID":"1391331","toID":"1391330","formEdgeID":null},{"edgeID":"1817344","fromID":"1391332","toID":"1391331","formEdgeID":null},{"edgeID":"1817345","fromID":"1391330","toID":"1391333","formEdgeID":null},{"edgeID":"1817346","fromID":"1391333","toID":"1391329","formEdgeID":null},{"edgeID":"1817347","fromID":"1391336","toID":"1391335","formEdgeID":null},{"edgeID":"1817348","fromID":"1391337","toID":"1391336","formEdgeID":null},{"edgeID":"1817349","fromID":"1391335","toID":"1391338","formEdgeID":null},{"edgeID":"1817350","fromID":"1391338","toID":"1391334","formEdgeID":null},{"edgeID":"1817351","fromID":"1391330","toID":"1391339","formEdgeID":null},{"edgeID":"1817352","fromID":"1391339","toID":"1391335","formEdgeID":null},{"edgeID":"1817353","fromID":"1391342","toID":"1391341","formEdgeID":null},{"edgeID":"1817354","fromID":"1391343","toID":"1391342","formEdgeID":null},{"edgeID":"1817355","fromID":"1391341","toID":"1391344","formEdgeID":null},{"edgeID":"1817356","fromID":"1391344","toID":"1391340","formEdgeID":null},{"edgeID":"1817357","fromID":"1391335","toID":"1391345","formEdgeID":null},{"edgeID":"1817358","fromID":"1391345","toID":"1391341","formEdgeID":null},{"edgeID":"1817359","fromID":"1391340","toID":"1391346","formEdgeID":null},{"edgeID":"1817360","fromID":"1391346","toID":"1391334","formEdgeID":null},{"edgeID":"1817361","fromID":"1391345","toID":"1391347","formEdgeID":null},{"edgeID":"1817362","fromID":"1391347","toID":"1391346","formEdgeID":null},{"edgeID":"1817363","fromID":"1391350","toID":"1391349","formEdgeID":null},{"edgeID":"1817364","fromID":"1391351","toID":"1391350","formEdgeID":null},{"edgeID":"1817365","fromID":"1391349","toID":"1391352","formEdgeID":null},{"edgeID":"1817366","fromID":"1391352","toID":"1391348","formEdgeID":null},{"edgeID":"1817367","fromID":"1391348","toID":"1391353","formEdgeID":null},{"edgeID":"1817368","fromID":"1391353","toID":"1391329","formEdgeID":null},{"edgeID":"1817369","fromID":"1391330","toID":"1391354","formEdgeID":null},{"edgeID":"1817370","fromID":"1391354","toID":"1391349","formEdgeID":null},{"edgeID":"1817371","fromID":"1391354","toID":"1391355","formEdgeID":null},{"edgeID":"1817372","fromID":"1391355","toID":"1391353","formEdgeID":null},{"edgeID":"1817373","fromID":"1391334","toID":"1391356","formEdgeID":null},{"edgeID":"1817374","fromID":"1391356","toID":"1391329","formEdgeID":null},{"edgeID":"1817375","fromID":"1391339","toID":"1391357","formEdgeID":null},{"edgeID":"1817376","fromID":"1391357","toID":"1391356","formEdgeID":null},{"edgeID":"1817377","fromID":"1391319","toID":"1391358","formEdgeID":null},{"edgeID":"1817378","fromID":"1391358","toID":"1391329","formEdgeID":null},{"edgeID":"1817379","fromID":"1391324","toID":"1391358","formEdgeID":null},{"edgeID":"1817380","fromID":"1391320","toID":"1391359","formEdgeID":null},{"edgeID":"1817381","fromID":"1391359","toID":"1391330","formEdgeID":null},{"edgeID":"1817382","fromID":"1391325","toID":"1391359","formEdgeID":null},{"edgeID":"1817383","fromID":"1391359","toID":"1391360","formEdgeID":null},{"edgeID":"1817384","fromID":"1391360","toID":"1391358","formEdgeID":null},{"edgeID":"1817385","fromID":"1391329","toID":"1391361","formEdgeID":null},{"edgeID":"1817386","fromID":"1391361","toID":"1391311","formEdgeID":null},{"edgeID":"1817387","fromID":"1391312","toID":"1391362","formEdgeID":null},{"edgeID":"1817388","fromID":"1391362","toID":"1391330","formEdgeID":null},{"edgeID":"1817389","fromID":"1391362","toID":"1391363","formEdgeID":null},{"edgeID":"1817390","fromID":"1391363","toID":"1391361","formEdgeID":null},{"edgeID":"1817391","fromID":"1391366","toID":"1391365","formEdgeID":null},{"edgeID":"1817392","fromID":"1391367","toID":"1391366","formEdgeID":null},{"edgeID":"1817393","fromID":"1391365","toID":"1391368","formEdgeID":null},{"edgeID":"1817394","fromID":"1391368","toID":"1391364","formEdgeID":null},{"edgeID":"1817395","fromID":"1391349","toID":"1391369","formEdgeID":null},{"edgeID":"1817396","fromID":"1391369","toID":"1391365","formEdgeID":null},{"edgeID":"1817397","fromID":"1391372","toID":"1391371","formEdgeID":null},{"edgeID":"1817398","fromID":"1391373","toID":"1391372","formEdgeID":null},{"edgeID":"1817399","fromID":"1391371","toID":"1391374","formEdgeID":null},{"edgeID":"1817400","fromID":"1391374","toID":"1391370","formEdgeID":null},{"edgeID":"1817401","fromID":"1391377","toID":"1391376","formEdgeID":null},{"edgeID":"1817402","fromID":"1391378","toID":"1391377","formEdgeID":null},{"edgeID":"1817403","fromID":"1391376","toID":"1391379","formEdgeID":null},{"edgeID":"1817404","fromID":"1391379","toID":"1391375","formEdgeID":null},{"edgeID":"1817405","fromID":"1391364","toID":"1391380","formEdgeID":null},{"edgeID":"1817406","fromID":"1391380","toID":"1391375","formEdgeID":null},{"edgeID":"1817407","fromID":"1391370","toID":"1391380","formEdgeID":null},{"edgeID":"1817408","fromID":"1391365","toID":"1391381","formEdgeID":null},{"edgeID":"1817409","fromID":"1391381","toID":"1391376","formEdgeID":null},{"edgeID":"1817410","fromID":"1391371","toID":"1391381","formEdgeID":null},{"edgeID":"1817411","fromID":"1391381","toID":"1391382","formEdgeID":null},{"edgeID":"1817412","fromID":"1391382","toID":"1391380","formEdgeID":null},{"edgeID":"1817413","fromID":"1391385","toID":"1391384","formEdgeID":null},{"edgeID":"1817414","fromID":"1391386","toID":"1391385","formEdgeID":null},{"edgeID":"1817415","fromID":"1391384","toID":"1391387","formEdgeID":null},{"edgeID":"1817416","fromID":"1391387","toID":"1391383","formEdgeID":null},{"edgeID":"1817417","fromID":"1391376","toID":"1391388","formEdgeID":null},{"edgeID":"1817418","fromID":"1391388","toID":"1391384","formEdgeID":null}],"locutions":[]}