{"nodes":[{"nodeID":"194831","text":"Absolutely","type":"I","timestamp":"2016-08-17 11:38:52"},{"nodeID":"1168897","text":"China has taken 800 million people out of poverty","type":"I","timestamp":"2023-05-18 19:32:45"},{"nodeID":"1168950","text":"people aren't dying quite so young","type":"I","timestamp":"2023-05-18 19:33:08"},{"nodeID":"1387777","text":"we're just not getting there fast enough, we're not going to make it, we're not going to stick to this 1.5 degree above the industrial level of the 19th century, we're just not going to get there","type":"I","timestamp":"2023-11-09 15:04:44"},{"nodeID":"1387778","text":"Fiona Bruce: when you hear, Fraser, the UN saying we're just not getting there fast enough, we're not going to make it, we're not going to stick to this 1.5 degree above the industrial level of the 19th century, we're just not going to get there","type":"L","timestamp":"2023-11-09 15:04:44"},{"nodeID":"1387779","text":"Analysing","type":"YA","timestamp":"2023-11-09 15:04:44"},{"nodeID":"1387780","text":"Chris: Fiona Bruce: when you hear, Fraser, the UN saying we're just not getting there fast enough, we're not going to make it, we're not going to stick to this 1.5 degree above the industrial level of the 19th century, we're just not going to get there","type":"L","timestamp":"2023-11-09 15:04:44"},{"nodeID":"1387781","text":"The UN: we're just not getting there fast enough, we're not going to make it, we're not going to stick to this 1.5 degree above the industrial level of the 19th century, we're just not going to get there","type":"L","timestamp":"2023-11-09 15:04:44"},{"nodeID":"1387782","text":"Analysing","type":"YA","timestamp":"2023-11-09 15:04:44"},{"nodeID":"1387783","text":"Chris: The UN: when you hear, Fraser, the UN saying we're just not getting there fast enough, we're not going to make it, we're not going to stick to this 1.5 degree above the industrial level of the 19th century, we're just not going to get there","type":"L","timestamp":"2023-11-09 15:04:44"},{"nodeID":"1387784","text":"Asserting","type":"YA","timestamp":"2023-11-09 15:04:44"},{"nodeID":"1387785","text":"Asserting","type":"YA","timestamp":"2023-11-09 15:04:44"},{"nodeID":"1387786","text":"by the way, the UN doesn't mean Britain as one per cent","type":"I","timestamp":"2023-11-09 15:04:44"},{"nodeID":"1387787","text":"Fraser Nelson: by the way, they don't mean Britain as one per cent","type":"L","timestamp":"2023-11-09 15:04:44"},{"nodeID":"1387788","text":"Analysing","type":"YA","timestamp":"2023-11-09 15:04:44"},{"nodeID":"1387789","text":"Chris: Fraser Nelson: by the way, they don't mean Britain as one per cent","type":"L","timestamp":"2023-11-09 15:04:44"},{"nodeID":"1387790","text":"Asserting","type":"YA","timestamp":"2023-11-09 15:04:44"},{"nodeID":"1387791","text":"Default Conflict","type":"CA","timestamp":"2023-11-09 15:04:44"},{"nodeID":"1387792","text":"Default Transition","type":"TA","timestamp":"2023-11-09 15:04:44"},{"nodeID":"1387793","text":"Disagreeing","type":"YA","timestamp":"2023-11-09 15:04:44"},{"nodeID":"1387794","text":"Fiona Bruce: No, sure","type":"L","timestamp":"2023-11-09 15:04:44"},{"nodeID":"1387795","text":"Analysing","type":"YA","timestamp":"2023-11-09 15:04:44"},{"nodeID":"1387796","text":"Chris: Fiona Bruce: No, sure","type":"L","timestamp":"2023-11-09 15:04:44"},{"nodeID":"1387797","text":"Default Transition","type":"TA","timestamp":"2023-11-09 15:04:44"},{"nodeID":"1387798","text":"Agreeing","type":"YA","timestamp":"2023-11-09 15:04:44"},{"nodeID":"1387799","text":"the UN mean the world of course","type":"I","timestamp":"2023-11-09 15:04:45"},{"nodeID":"1387800","text":"Fiona Bruce: they mean the world of course","type":"L","timestamp":"2023-11-09 15:04:45"},{"nodeID":"1387801","text":"Analysing","type":"YA","timestamp":"2023-11-09 15:04:45"},{"nodeID":"1387802","text":"Chris: Fiona Bruce: they mean the world of course","type":"L","timestamp":"2023-11-09 15:04:45"},{"nodeID":"1387803","text":"Asserting","type":"YA","timestamp":"2023-11-09 15:04:45"},{"nodeID":"1387804","text":"Default Rephrase","type":"MA","timestamp":"2023-11-09 15:04:45"},{"nodeID":"1387805","text":"Default Transition","type":"TA","timestamp":"2023-11-09 15:04:45"},{"nodeID":"1387806","text":"Restating","type":"YA","timestamp":"2023-11-09 15:04:45"},{"nodeID":"1387807","text":"this is where Fraser Nelson finds Oxfam's position on this strange","type":"I","timestamp":"2023-11-09 15:04:45"},{"nodeID":"1387808","text":"Fraser Nelson: This is where I find Oxfam's position on this strange","type":"L","timestamp":"2023-11-09 15:04:45"},{"nodeID":"1387809","text":"Analysing","type":"YA","timestamp":"2023-11-09 15:04:45"},{"nodeID":"1387810","text":"Chris: Fraser Nelson: This is where I find Oxfam's position on this strange","type":"L","timestamp":"2023-11-09 15:04:45"},{"nodeID":"1387811","text":"Asserting","type":"YA","timestamp":"2023-11-09 15:04:45"},{"nodeID":"1387812","text":"Default Transition","type":"TA","timestamp":"2023-11-09 15:04:45"},{"nodeID":"1387813","text":"take China, right, in the last 40 years China's carbon emissions have quadrupled","type":"I","timestamp":"2023-11-09 15:04:46"},{"nodeID":"1387814","text":"Fraser Nelson: Take China, right, in the last 40 years China's carbon emissions have quadrupled","type":"L","timestamp":"2023-11-09 15:04:46"},{"nodeID":"1387815","text":"Analysing","type":"YA","timestamp":"2023-11-09 15:04:46"},{"nodeID":"1387816","text":"Chris: Fraser Nelson: Take China, right, in the last 40 years China's carbon emissions have quadrupled","type":"L","timestamp":"2023-11-09 15:04:46"},{"nodeID":"1387817","text":"Asserting","type":"YA","timestamp":"2023-11-09 15:04:46"},{"nodeID":"1387818","text":"Default Inference","type":"RA","timestamp":"2023-11-09 15:04:46"},{"nodeID":"1387819","text":"Default Transition","type":"TA","timestamp":"2023-11-09 15:04:46"},{"nodeID":"1387820","text":"Arguing","type":"YA","timestamp":"2023-11-09 15:04:46"},{"nodeID":"1387821","text":"China's carbon emissions quadrupling is a big problem","type":"I","timestamp":"2023-11-09 15:04:47"},{"nodeID":"1387822","text":"Fraser Nelson: A big problem","type":"L","timestamp":"2023-11-09 15:04:47"},{"nodeID":"1387823","text":"Analysing","type":"YA","timestamp":"2023-11-09 15:04:47"},{"nodeID":"1387824","text":"Chris: Fraser Nelson: A big problem, right?","type":"L","timestamp":"2023-11-09 15:04:47"},{"nodeID":"1387825","text":"Rhetorical Questioning","type":"YA","timestamp":"2023-11-09 15:04:47"},{"nodeID":"1387826","text":"Default Transition","type":"TA","timestamp":"2023-11-09 15:04:47"},{"nodeID":"1387827","text":"Default Rephrase","type":"MA","timestamp":"2023-11-09 15:04:47"},{"nodeID":"1387828","text":"Restating","type":"YA","timestamp":"2023-11-09 15:04:47"},{"nodeID":"1387829","text":"xxx is why have they quadrupled","type":"I","timestamp":"2023-11-09 15:04:47"},{"nodeID":"1387830","text":"Fraser Nelson: why have they quadrupled","type":"L","timestamp":"2023-11-09 15:04:47"},{"nodeID":"1387831","text":"Analysing","type":"YA","timestamp":"2023-11-09 15:04:47"},{"nodeID":"1387832","text":"Chris: Fraser Nelson: why have they quadrupled","type":"L","timestamp":"2023-11-09 15:04:47"},{"nodeID":"1387833","text":"Pure Questioning","type":"YA","timestamp":"2023-11-09 15:04:47"},{"nodeID":"1387834","text":"Default Transition","type":"TA","timestamp":"2023-11-09 15:04:47"},{"nodeID":"1387835","text":"Default Conflict","type":"CA","timestamp":"2023-11-09 15:04:47"},{"nodeID":"1387836","text":"Disagreeing","type":"YA","timestamp":"2023-11-09 15:04:47"},{"nodeID":"1387837","text":"Fraser Nelson: China has taken 800 million people out of poverty","type":"L","timestamp":"2023-11-09 15:04:48"},{"nodeID":"1387838","text":"Analysing","type":"YA","timestamp":"2023-11-09 15:04:48"},{"nodeID":"1387839","text":"Chris: Fraser Nelson: China has taken 800 million people out of poverty","type":"L","timestamp":"2023-11-09 15:04:48"},{"nodeID":"1387840","text":"Asserting","type":"YA","timestamp":"2023-11-09 15:04:48"},{"nodeID":"1387841","text":"Default Transition","type":"TA","timestamp":"2023-11-09 15:04:48"},{"nodeID":"1387842","text":"Default Rephrase","type":"MA","timestamp":"2023-11-09 15:04:48"},{"nodeID":"1387843","text":"Default Illocuting","type":"YA","timestamp":"2023-11-09 15:04:48"},{"nodeID":"1387844","text":"when countries rise from their agrarian knees, when they stop being quite so poor, they start to consume a little bit","type":"I","timestamp":"2023-11-09 15:04:49"},{"nodeID":"1387845","text":"Fraser Nelson: When countries rise from their agrarian knees, when they stop being quite so poor, they start to consume a little bit","type":"L","timestamp":"2023-11-09 15:04:49"},{"nodeID":"1387846","text":"Analysing","type":"YA","timestamp":"2023-11-09 15:04:49"},{"nodeID":"1387847","text":"Chris: Fraser Nelson: When countries rise from their agrarian knees, when they stop being quite so poor, they start to consume a little bit","type":"L","timestamp":"2023-11-09 15:04:49"},{"nodeID":"1387848","text":"Asserting","type":"YA","timestamp":"2023-11-09 15:04:49"},{"nodeID":"1387849","text":"Default Transition","type":"TA","timestamp":"2023-11-09 15:04:49"},{"nodeID":"1387850","text":"is China's carbon footprint a price worth paying for taking all these millions of people out of poverty","type":"I","timestamp":"2023-11-09 15:04:49"},{"nodeID":"1387851","text":"Fraser Nelson: absolutely","type":"L","timestamp":"2023-11-09 15:04:49"},{"nodeID":"1387852","text":"Analysing","type":"YA","timestamp":"2023-11-09 15:04:49"},{"nodeID":"1387853","text":"Chris: Fraser Nelson: absolutely","type":"L","timestamp":"2023-11-09 15:04:49"},{"nodeID":"1387854","text":"Asserting","type":"YA","timestamp":"2023-11-09 15:04:49"},{"nodeID":"1387855","text":"Fraser Nelson: is China's carbon footprint a price worth paying for taking all these millions of people out of poverty","type":"L","timestamp":"2023-11-09 15:04:49"},{"nodeID":"1387856","text":"Analysing","type":"YA","timestamp":"2023-11-09 15:04:49"},{"nodeID":"1387857","text":"Chris: Fraser Nelson: is China's carbon footprint a price worth paying for taking all these millions of people out of poverty","type":"L","timestamp":"2023-11-09 15:04:49"},{"nodeID":"1387858","text":"Default Transition","type":"TA","timestamp":"2023-11-09 15:04:49"},{"nodeID":"1387859","text":"Default Transition","type":"TA","timestamp":"2023-11-09 15:04:49"},{"nodeID":"1387860","text":"Rhetorical Questioning","type":"YA","timestamp":"2023-11-09 15:04:49"},{"nodeID":"1387861","text":"Default Rephrase","type":"MA","timestamp":"2023-11-09 15:04:49"},{"nodeID":"1387862","text":"Default Illocuting","type":"YA","timestamp":"2023-11-09 15:04:49"},{"nodeID":"1387863","text":"we need to remember this","type":"I","timestamp":"2023-11-09 15:04:50"},{"nodeID":"1387864","text":"Fraser Nelson: We need to remember this","type":"L","timestamp":"2023-11-09 15:04:50"},{"nodeID":"1387865","text":"Analysing","type":"YA","timestamp":"2023-11-09 15:04:50"},{"nodeID":"1387866","text":"Chris: Fraser Nelson: We need to remember this","type":"L","timestamp":"2023-11-09 15:04:50"},{"nodeID":"1387867","text":"Asserting","type":"YA","timestamp":"2023-11-09 15:04:50"},{"nodeID":"1387868","text":"Default Transition","type":"TA","timestamp":"2023-11-09 15:04:50"},{"nodeID":"1387869","text":"when we talk about we, sure, China, the rest of the world, the rich world's carbon emissions have been going down pretty much over the last couple of decades","type":"I","timestamp":"2023-11-09 15:04:50"},{"nodeID":"1387870","text":"Fraser Nelson: When we talk about we, sure, China, the rest of the world, I mean the rich world's carbon emissions have been going down pretty much over the last couple of decades","type":"L","timestamp":"2023-11-09 15:04:50"},{"nodeID":"1387871","text":"Analysing","type":"YA","timestamp":"2023-11-09 15:04:50"},{"nodeID":"1387872","text":"Chris: Fraser Nelson: When we talk about we, sure, China, the rest of the world, I mean the rich world's carbon emissions have been going down pretty much over the last couple of decades","type":"L","timestamp":"2023-11-09 15:04:50"},{"nodeID":"1387873","text":"Asserting","type":"YA","timestamp":"2023-11-09 15:04:50"},{"nodeID":"1387874","text":"Default Transition","type":"TA","timestamp":"2023-11-09 15:04:50"},{"nodeID":"1387875","text":"Default Rephrase","type":"MA","timestamp":"2023-11-09 15:04:50"},{"nodeID":"1387876","text":"it's the rest of the world where they're going up","type":"I","timestamp":"2023-11-09 15:04:51"},{"nodeID":"1387877","text":"Fraser Nelson: It's the rest of the world where they're going up","type":"L","timestamp":"2023-11-09 15:04:51"},{"nodeID":"1387878","text":"Analysing","type":"YA","timestamp":"2023-11-09 15:04:51"},{"nodeID":"1387879","text":"Chris: Fraser Nelson: It's the rest of the world where they're going up","type":"L","timestamp":"2023-11-09 15:04:51"},{"nodeID":"1387880","text":"Asserting","type":"YA","timestamp":"2023-11-09 15:04:51"},{"nodeID":"1387881","text":"Default Transition","type":"TA","timestamp":"2023-11-09 15:04:51"},{"nodeID":"1387882","text":"Default Conflict","type":"CA","timestamp":"2023-11-09 15:04:51"},{"nodeID":"1387883","text":"Disagreeing","type":"YA","timestamp":"2023-11-09 15:04:51"},{"nodeID":"1387884","text":"Restating","type":"YA","timestamp":"2023-11-09 15:04:51"},{"nodeID":"1387885","text":"Fraser Nelson: people aren't dying quite so young","type":"L","timestamp":"2023-11-09 15:04:52"},{"nodeID":"1387886","text":"Analysing","type":"YA","timestamp":"2023-11-09 15:04:52"},{"nodeID":"1387887","text":"Chris: Fraser Nelson: people aren't dying quite so young","type":"L","timestamp":"2023-11-09 15:04:52"},{"nodeID":"1387888","text":"Asserting","type":"YA","timestamp":"2023-11-09 15:04:52"},{"nodeID":"1387889","text":"Default Transition","type":"TA","timestamp":"2023-11-09 15:04:52"},{"nodeID":"1387890","text":"Default Inference","type":"RA","timestamp":"2023-11-09 15:04:52"},{"nodeID":"1387891","text":"Arguing","type":"YA","timestamp":"2023-11-09 15:04:52"},{"nodeID":"1387892","text":"we're living better, fuller lives and thank god for that","type":"I","timestamp":"2023-11-09 15:04:52"},{"nodeID":"1387893","text":"Fraser Nelson: We're living better, fuller lives and thank god for that","type":"L","timestamp":"2023-11-09 15:04:52"},{"nodeID":"1387894","text":"Analysing","type":"YA","timestamp":"2023-11-09 15:04:52"},{"nodeID":"1387895","text":"Chris: Fraser Nelson: We're living better, fuller lives and thank god for that","type":"L","timestamp":"2023-11-09 15:04:52"},{"nodeID":"1387896","text":"Asserting","type":"YA","timestamp":"2023-11-09 15:04:52"},{"nodeID":"1387897","text":"Default Transition","type":"TA","timestamp":"2023-11-09 15:04:52"},{"nodeID":"1387898","text":"Default Inference","type":"RA","timestamp":"2023-11-09 15:04:52"},{"nodeID":"1387899","text":"Arguing","type":"YA","timestamp":"2023-11-09 15:04:52"}],"edges":[{"edgeID":"1813113","fromID":"1387779","toID":"1387778","formEdgeID":null},{"edgeID":"1813114","fromID":"1387780","toID":"1387779","formEdgeID":null},{"edgeID":"1813115","fromID":"1387782","toID":"1387781","formEdgeID":null},{"edgeID":"1813116","fromID":"1387783","toID":"1387782","formEdgeID":null},{"edgeID":"1813117","fromID":"1387781","toID":"1387784","formEdgeID":null},{"edgeID":"1813118","fromID":"1387784","toID":"1387777","formEdgeID":null},{"edgeID":"1813119","fromID":"1387778","toID":"1387785","formEdgeID":null},{"edgeID":"1813120","fromID":"1387785","toID":"1387781","formEdgeID":null},{"edgeID":"1813121","fromID":"1387788","toID":"1387787","formEdgeID":null},{"edgeID":"1813122","fromID":"1387789","toID":"1387788","formEdgeID":null},{"edgeID":"1813123","fromID":"1387787","toID":"1387790","formEdgeID":null},{"edgeID":"1813124","fromID":"1387790","toID":"1387786","formEdgeID":null},{"edgeID":"1813125","fromID":"1387786","toID":"1387791","formEdgeID":null},{"edgeID":"1813126","fromID":"1387791","toID":"1387777","formEdgeID":null},{"edgeID":"1813127","fromID":"1387778","toID":"1387792","formEdgeID":null},{"edgeID":"1813128","fromID":"1387792","toID":"1387787","formEdgeID":null},{"edgeID":"1813129","fromID":"1387792","toID":"1387793","formEdgeID":null},{"edgeID":"1813130","fromID":"1387793","toID":"1387791","formEdgeID":null},{"edgeID":"1813131","fromID":"1387795","toID":"1387794","formEdgeID":null},{"edgeID":"1813132","fromID":"1387796","toID":"1387795","formEdgeID":null},{"edgeID":"1813133","fromID":"1387787","toID":"1387797","formEdgeID":null},{"edgeID":"1813134","fromID":"1387797","toID":"1387794","formEdgeID":null},{"edgeID":"1813135","fromID":"1387797","toID":"1387798","formEdgeID":null},{"edgeID":"1813136","fromID":"1387798","toID":"1387786","formEdgeID":null},{"edgeID":"1813137","fromID":"1387801","toID":"1387800","formEdgeID":null},{"edgeID":"1813138","fromID":"1387802","toID":"1387801","formEdgeID":null},{"edgeID":"1813139","fromID":"1387800","toID":"1387803","formEdgeID":null},{"edgeID":"1813140","fromID":"1387803","toID":"1387799","formEdgeID":null},{"edgeID":"1813141","fromID":"1387799","toID":"1387804","formEdgeID":null},{"edgeID":"1813142","fromID":"1387804","toID":"1387786","formEdgeID":null},{"edgeID":"1813143","fromID":"1387787","toID":"1387805","formEdgeID":null},{"edgeID":"1813144","fromID":"1387805","toID":"1387800","formEdgeID":null},{"edgeID":"1813145","fromID":"1387805","toID":"1387806","formEdgeID":null},{"edgeID":"1813146","fromID":"1387806","toID":"1387804","formEdgeID":null},{"edgeID":"1813147","fromID":"1387809","toID":"1387808","formEdgeID":null},{"edgeID":"1813148","fromID":"1387810","toID":"1387809","formEdgeID":null},{"edgeID":"1813149","fromID":"1387808","toID":"1387811","formEdgeID":null},{"edgeID":"1813150","fromID":"1387811","toID":"1387807","formEdgeID":null},{"edgeID":"1813151","fromID":"1387800","toID":"1387812","formEdgeID":null},{"edgeID":"1813152","fromID":"1387812","toID":"1387808","formEdgeID":null},{"edgeID":"1813153","fromID":"1387815","toID":"1387814","formEdgeID":null},{"edgeID":"1813154","fromID":"1387816","toID":"1387815","formEdgeID":null},{"edgeID":"1813155","fromID":"1387814","toID":"1387817","formEdgeID":null},{"edgeID":"1813156","fromID":"1387817","toID":"1387813","formEdgeID":null},{"edgeID":"1813157","fromID":"1387813","toID":"1387818","formEdgeID":null},{"edgeID":"1813158","fromID":"1387818","toID":"1387807","formEdgeID":null},{"edgeID":"1813159","fromID":"1387808","toID":"1387819","formEdgeID":null},{"edgeID":"1813160","fromID":"1387819","toID":"1387814","formEdgeID":null},{"edgeID":"1813161","fromID":"1387819","toID":"1387820","formEdgeID":null},{"edgeID":"1813162","fromID":"1387820","toID":"1387818","formEdgeID":null},{"edgeID":"1813163","fromID":"1387823","toID":"1387822","formEdgeID":null},{"edgeID":"1813164","fromID":"1387824","toID":"1387823","formEdgeID":null},{"edgeID":"1813165","fromID":"1387822","toID":"1387825","formEdgeID":null},{"edgeID":"1813166","fromID":"1387825","toID":"1387821","formEdgeID":null},{"edgeID":"1813167","fromID":"1387814","toID":"1387826","formEdgeID":null},{"edgeID":"1813168","fromID":"1387826","toID":"1387822","formEdgeID":null},{"edgeID":"1813169","fromID":"1387821","toID":"1387827","formEdgeID":null},{"edgeID":"1813170","fromID":"1387827","toID":"1387813","formEdgeID":null},{"edgeID":"1813171","fromID":"1387826","toID":"1387828","formEdgeID":null},{"edgeID":"1813172","fromID":"1387828","toID":"1387827","formEdgeID":null},{"edgeID":"1813173","fromID":"1387831","toID":"1387830","formEdgeID":null},{"edgeID":"1813174","fromID":"1387832","toID":"1387831","formEdgeID":null},{"edgeID":"1813175","fromID":"1387830","toID":"1387833","formEdgeID":null},{"edgeID":"1813176","fromID":"1387833","toID":"1387829","formEdgeID":null},{"edgeID":"1813177","fromID":"1387822","toID":"1387834","formEdgeID":null},{"edgeID":"1813178","fromID":"1387834","toID":"1387830","formEdgeID":null},{"edgeID":"1813179","fromID":"1387829","toID":"1387835","formEdgeID":null},{"edgeID":"1813180","fromID":"1387835","toID":"1387821","formEdgeID":null},{"edgeID":"1813181","fromID":"1387834","toID":"1387836","formEdgeID":null},{"edgeID":"1813182","fromID":"1387836","toID":"1387835","formEdgeID":null},{"edgeID":"1813183","fromID":"1387838","toID":"1387837","formEdgeID":null},{"edgeID":"1813184","fromID":"1387839","toID":"1387838","formEdgeID":null},{"edgeID":"1813185","fromID":"1387837","toID":"1387840","formEdgeID":null},{"edgeID":"1813186","fromID":"1387840","toID":"1168897","formEdgeID":null},{"edgeID":"1813187","fromID":"1387830","toID":"1387841","formEdgeID":null},{"edgeID":"1813188","fromID":"1387841","toID":"1387837","formEdgeID":null},{"edgeID":"1813189","fromID":"1168897","toID":"1387842","formEdgeID":null},{"edgeID":"1813190","fromID":"1387842","toID":"1387829","formEdgeID":null},{"edgeID":"1813191","fromID":"1387841","toID":"1387843","formEdgeID":null},{"edgeID":"1813192","fromID":"1387843","toID":"1387842","formEdgeID":null},{"edgeID":"1813193","fromID":"1387846","toID":"1387845","formEdgeID":null},{"edgeID":"1813194","fromID":"1387847","toID":"1387846","formEdgeID":null},{"edgeID":"1813195","fromID":"1387845","toID":"1387848","formEdgeID":null},{"edgeID":"1813196","fromID":"1387848","toID":"1387844","formEdgeID":null},{"edgeID":"1813197","fromID":"1387837","toID":"1387849","formEdgeID":null},{"edgeID":"1813198","fromID":"1387849","toID":"1387845","formEdgeID":null},{"edgeID":"1813199","fromID":"1387852","toID":"1387851","formEdgeID":null},{"edgeID":"1813200","fromID":"1387853","toID":"1387852","formEdgeID":null},{"edgeID":"1813201","fromID":"1387851","toID":"1387854","formEdgeID":null},{"edgeID":"1813202","fromID":"1387854","toID":"194831","formEdgeID":null},{"edgeID":"1813203","fromID":"1387856","toID":"1387855","formEdgeID":null},{"edgeID":"1813204","fromID":"1387857","toID":"1387856","formEdgeID":null},{"edgeID":"1813205","fromID":"1387845","toID":"1387858","formEdgeID":null},{"edgeID":"1813206","fromID":"1387858","toID":"1387855","formEdgeID":null},{"edgeID":"1813207","fromID":"1387855","toID":"1387859","formEdgeID":null},{"edgeID":"1813208","fromID":"1387859","toID":"1387851","formEdgeID":null},{"edgeID":"1813209","fromID":"1387855","toID":"1387860","formEdgeID":null},{"edgeID":"1813210","fromID":"1387860","toID":"1387850","formEdgeID":null},{"edgeID":"1813211","fromID":"194831","toID":"1387861","formEdgeID":null},{"edgeID":"1813212","fromID":"1387861","toID":"1387850","formEdgeID":null},{"edgeID":"1813213","fromID":"1387859","toID":"1387862","formEdgeID":null},{"edgeID":"1813214","fromID":"1387862","toID":"1387861","formEdgeID":null},{"edgeID":"1813215","fromID":"1387865","toID":"1387864","formEdgeID":null},{"edgeID":"1813216","fromID":"1387866","toID":"1387865","formEdgeID":null},{"edgeID":"1813217","fromID":"1387864","toID":"1387867","formEdgeID":null},{"edgeID":"1813218","fromID":"1387867","toID":"1387863","formEdgeID":null},{"edgeID":"1813219","fromID":"1387851","toID":"1387868","formEdgeID":null},{"edgeID":"1813220","fromID":"1387868","toID":"1387864","formEdgeID":null},{"edgeID":"1813221","fromID":"1387871","toID":"1387870","formEdgeID":null},{"edgeID":"1813222","fromID":"1387872","toID":"1387871","formEdgeID":null},{"edgeID":"1813223","fromID":"1387870","toID":"1387873","formEdgeID":null},{"edgeID":"1813224","fromID":"1387873","toID":"1387869","formEdgeID":null},{"edgeID":"1813225","fromID":"1387864","toID":"1387874","formEdgeID":null},{"edgeID":"1813226","fromID":"1387874","toID":"1387870","formEdgeID":null},{"edgeID":"1813227","fromID":"1387869","toID":"1387875","formEdgeID":null},{"edgeID":"1813228","fromID":"1387875","toID":"1387863","formEdgeID":null},{"edgeID":"1813229","fromID":"1387878","toID":"1387877","formEdgeID":null},{"edgeID":"1813230","fromID":"1387879","toID":"1387878","formEdgeID":null},{"edgeID":"1813231","fromID":"1387877","toID":"1387880","formEdgeID":null},{"edgeID":"1813232","fromID":"1387880","toID":"1387876","formEdgeID":null},{"edgeID":"1813233","fromID":"1387870","toID":"1387881","formEdgeID":null},{"edgeID":"1813234","fromID":"1387881","toID":"1387877","formEdgeID":null},{"edgeID":"1813235","fromID":"1387876","toID":"1387882","formEdgeID":null},{"edgeID":"1813236","fromID":"1387882","toID":"1387869","formEdgeID":null},{"edgeID":"1813237","fromID":"1387881","toID":"1387883","formEdgeID":null},{"edgeID":"1813238","fromID":"1387883","toID":"1387882","formEdgeID":null},{"edgeID":"1813239","fromID":"1387874","toID":"1387884","formEdgeID":null},{"edgeID":"1813240","fromID":"1387884","toID":"1387875","formEdgeID":null},{"edgeID":"1813241","fromID":"1387886","toID":"1387885","formEdgeID":null},{"edgeID":"1813242","fromID":"1387887","toID":"1387886","formEdgeID":null},{"edgeID":"1813243","fromID":"1387885","toID":"1387888","formEdgeID":null},{"edgeID":"1813244","fromID":"1387888","toID":"1168950","formEdgeID":null},{"edgeID":"1813245","fromID":"1387877","toID":"1387889","formEdgeID":null},{"edgeID":"1813246","fromID":"1387889","toID":"1387885","formEdgeID":null},{"edgeID":"1813247","fromID":"1168950","toID":"1387890","formEdgeID":null},{"edgeID":"1813248","fromID":"1387890","toID":"1387876","formEdgeID":null},{"edgeID":"1813249","fromID":"1387889","toID":"1387891","formEdgeID":null},{"edgeID":"1813250","fromID":"1387891","toID":"1387890","formEdgeID":null},{"edgeID":"1813251","fromID":"1387894","toID":"1387893","formEdgeID":null},{"edgeID":"1813252","fromID":"1387895","toID":"1387894","formEdgeID":null},{"edgeID":"1813253","fromID":"1387893","toID":"1387896","formEdgeID":null},{"edgeID":"1813254","fromID":"1387896","toID":"1387892","formEdgeID":null},{"edgeID":"1813255","fromID":"1387885","toID":"1387897","formEdgeID":null},{"edgeID":"1813256","fromID":"1387897","toID":"1387893","formEdgeID":null},{"edgeID":"1813257","fromID":"1387892","toID":"1387898","formEdgeID":null},{"edgeID":"1813258","fromID":"1387898","toID":"1168950","formEdgeID":null},{"edgeID":"1813259","fromID":"1387897","toID":"1387899","formEdgeID":null},{"edgeID":"1813260","fromID":"1387899","toID":"1387898","formEdgeID":null}],"locutions":[]}