{"nodes":[{"nodeID":"1386020","text":"Analysing","type":"YA","timestamp":"2023-11-09 15:02:11"},{"nodeID":"1386021","text":"Fyfe: Fraser Nelson: The big change in the last few years is the arrival of people smugglers who now account for something like\u2026what was it? Half of all the arrivals here","type":"L","timestamp":"2023-11-09 15:02:11"},{"nodeID":"1386022","text":"you need to break the people smugglers' business model","type":"I","timestamp":"2023-11-09 15:02:12"},{"nodeID":"1386023","text":"Fraser Nelson: You need to break the people smugglers' business model","type":"L","timestamp":"2023-11-09 15:02:12"},{"nodeID":"1386024","text":"Analysing","type":"YA","timestamp":"2023-11-09 15:02:12"},{"nodeID":"1386025","text":"Fyfe: Fraser Nelson: You need to break the people smugglers' business model","type":"L","timestamp":"2023-11-09 15:02:12"},{"nodeID":"1386026","text":"Asserting","type":"YA","timestamp":"2023-11-09 15:02:12"},{"nodeID":"1386027","text":"you need to break the people smugglers' business model fairly","type":"I","timestamp":"2023-11-09 15:02:12"},{"nodeID":"1386028","text":"Fraser Nelson: And to do it fairly","type":"L","timestamp":"2023-11-09 15:02:12"},{"nodeID":"1386029","text":"Analysing","type":"YA","timestamp":"2023-11-09 15:02:12"},{"nodeID":"1386030","text":"Fyfe: Fraser Nelson: And to do it fairly","type":"L","timestamp":"2023-11-09 15:02:12"},{"nodeID":"1386031","text":"Asserting","type":"YA","timestamp":"2023-11-09 15:02:12"},{"nodeID":"1386032","text":"Default Transition","type":"TA","timestamp":"2023-11-09 15:02:12"},{"nodeID":"1386033","text":"Default Rephrase","type":"MA","timestamp":"2023-11-09 15:02:12"},{"nodeID":"1386034","text":"Restating","type":"YA","timestamp":"2023-11-09 15:02:12"},{"nodeID":"1386035","text":"Fraser Nelson thinks that it costs \u00a320,000 to help an asylum seeker in Britain","type":"I","timestamp":"2023-11-09 15:02:13"},{"nodeID":"1386036","text":"Fraser Nelson:  I think I'm right in saying it costs \u00a320,000 to help an asylum seeker in Britain","type":"L","timestamp":"2023-11-09 15:02:13"},{"nodeID":"1386037","text":"Analysing","type":"YA","timestamp":"2023-11-09 15:02:13"},{"nodeID":"1386038","text":"Fyfe: Fraser Nelson:  I think I'm right in saying it costs \u00a320,000 to help an asylum seeker in Britain","type":"L","timestamp":"2023-11-09 15:02:13"},{"nodeID":"1386039","text":"Asserting","type":"YA","timestamp":"2023-11-09 15:02:13"},{"nodeID":"1386040","text":"Default Transition","type":"TA","timestamp":"2023-11-09 15:02:13"},{"nodeID":"1386041","text":"that money should not be spent to help asylum seekers in Britain but sent to source countries overseas","type":"I","timestamp":"2023-11-09 15:02:14"},{"nodeID":"1386042","text":"Fraser Nelson: Now for that money how many could you help overseas","type":"L","timestamp":"2023-11-09 15:02:14"},{"nodeID":"1386043","text":"Analysing","type":"YA","timestamp":"2023-11-09 15:02:14"},{"nodeID":"1386044","text":"Fyfe: Fraser Nelson: Now for that money how many could you help overseas","type":"L","timestamp":"2023-11-09 15:02:14"},{"nodeID":"1386045","text":"Rhetorical Questioning","type":"YA","timestamp":"2023-11-09 15:02:14"},{"nodeID":"1386046","text":"Default Transition","type":"TA","timestamp":"2023-11-09 15:02:14"},{"nodeID":"1386047","text":"Default Rephrase","type":"MA","timestamp":"2023-11-09 15:02:14"},{"nodeID":"1386048","text":"Restating","type":"YA","timestamp":"2023-11-09 15:02:14"},{"nodeID":"1386049","text":"not spending money on asylum seekers is the sort of discussion the Government needs to have","type":"I","timestamp":"2023-11-09 15:02:14"},{"nodeID":"1386050","text":"Fraser Nelson: That's the sort of discussion the Government needs to have","type":"L","timestamp":"2023-11-09 15:02:14"},{"nodeID":"1386051","text":"Analysing","type":"YA","timestamp":"2023-11-09 15:02:14"},{"nodeID":"1386052","text":"Fyfe: Fraser Nelson: That's the sort of discussion the Government needs to have","type":"L","timestamp":"2023-11-09 15:02:14"},{"nodeID":"1386053","text":"Asserting","type":"YA","timestamp":"2023-11-09 15:02:14"},{"nodeID":"1386054","text":"Default Transition","type":"TA","timestamp":"2023-11-09 15:02:14"},{"nodeID":"1386055","text":"it makes sense to do everything you can for those who arrive here","type":"I","timestamp":"2023-11-09 15:02:15"},{"nodeID":"1386056","text":"Fraser Nelson: it makes sense to do everything you can for those who arrive here","type":"L","timestamp":"2023-11-09 15:02:15"},{"nodeID":"1386057","text":"Analysing","type":"YA","timestamp":"2023-11-09 15:02:15"},{"nodeID":"1386058","text":"Fyfe: Fraser Nelson: it makes sense to do everything you can for those who arrive here","type":"L","timestamp":"2023-11-09 15:02:15"},{"nodeID":"1386059","text":"Asserting","type":"YA","timestamp":"2023-11-09 15:02:15"},{"nodeID":"1386060","text":"Default Transition","type":"TA","timestamp":"2023-11-09 15:02:15"},{"nodeID":"1386061","text":"just to process the people that arrive here as quickly as you can","type":"I","timestamp":"2023-11-09 15:02:15"},{"nodeID":"1386062","text":"Fraser Nelson: just to process them as quickly as you can","type":"L","timestamp":"2023-11-09 15:02:15"},{"nodeID":"1386063","text":"Analysing","type":"YA","timestamp":"2023-11-09 15:02:15"},{"nodeID":"1386064","text":"Fyfe: Fraser Nelson: just to process them as quickly as you can","type":"L","timestamp":"2023-11-09 15:02:15"},{"nodeID":"1386065","text":"Asserting","type":"YA","timestamp":"2023-11-09 15:02:15"},{"nodeID":"1386066","text":"Default Transition","type":"TA","timestamp":"2023-11-09 15:02:15"},{"nodeID":"1386067","text":"Default Rephrase","type":"MA","timestamp":"2023-11-09 15:02:15"},{"nodeID":"1386068","text":"Restating","type":"YA","timestamp":"2023-11-09 15:02:15"},{"nodeID":"1386069","text":"when it comes to the accommodation, what's missing is that right now we ban asylum seekers from working","type":"I","timestamp":"2023-11-09 15:02:16"},{"nodeID":"1386070","text":"Fraser Nelson: when it comes to the accommodation, I think to me what's missing is that right now we ban them from working","type":"L","timestamp":"2023-11-09 15:02:16"},{"nodeID":"1386071","text":"Analysing","type":"YA","timestamp":"2023-11-09 15:02:16"},{"nodeID":"1386072","text":"Fyfe: Fraser Nelson: when it comes to the accommodation, I think to me what's missing is that right now we ban them from working","type":"L","timestamp":"2023-11-09 15:02:16"},{"nodeID":"1386073","text":"Asserting","type":"YA","timestamp":"2023-11-09 15:02:16"},{"nodeID":"1386074","text":"Default Transition","type":"TA","timestamp":"2023-11-09 15:02:16"},{"nodeID":"1386075","text":"we say to asylum seekers we're going to force you to basically stay at the taxpayers' expense","type":"I","timestamp":"2023-11-09 15:02:17"},{"nodeID":"1386076","text":"Fraser Nelson: We say to them we're going to force you to basically stay at the taxpayers' expense","type":"L","timestamp":"2023-11-09 15:02:17"},{"nodeID":"1386077","text":"Analysing","type":"YA","timestamp":"2023-11-09 15:02:17"},{"nodeID":"1386078","text":"Fyfe: Fraser Nelson: We say to them we're going to force you to basically stay at the taxpayers' expense","type":"L","timestamp":"2023-11-09 15:02:17"},{"nodeID":"1386079","text":"Asserting","type":"YA","timestamp":"2023-11-09 15:02:17"},{"nodeID":"1386080","text":"we say to asylum seekers to stay on welfare","type":"I","timestamp":"2023-11-09 15:02:17"},{"nodeID":"1386081","text":"Fraser Nelson: to stay on welfare","type":"L","timestamp":"2023-11-09 15:02:17"},{"nodeID":"1386082","text":"Analysing","type":"YA","timestamp":"2023-11-09 15:02:17"},{"nodeID":"1386083","text":"Fyfe: Fraser Nelson: to stay on welfare","type":"L","timestamp":"2023-11-09 15:02:17"},{"nodeID":"1386084","text":"Asserting","type":"YA","timestamp":"2023-11-09 15:02:17"},{"nodeID":"1386085","text":"Default Transition","type":"TA","timestamp":"2023-11-09 15:02:17"},{"nodeID":"1386086","text":"we tell asylum seekers to wait for a year and a half to get processed","type":"I","timestamp":"2023-11-09 15:02:18"},{"nodeID":"1386087","text":"Fraser Nelson: to wait for a year and a half to get processed","type":"L","timestamp":"2023-11-09 15:02:18"},{"nodeID":"1386088","text":"Analysing","type":"YA","timestamp":"2023-11-09 15:02:18"},{"nodeID":"1386089","text":"Fyfe: Fraser Nelson: to wait for a year and a half to get processed","type":"L","timestamp":"2023-11-09 15:02:18"},{"nodeID":"1386090","text":"Asserting","type":"YA","timestamp":"2023-11-09 15:02:18"},{"nodeID":"1386091","text":"Default Transition","type":"TA","timestamp":"2023-11-09 15:02:18"},{"nodeID":"1386092","text":"we are not going to let asylum seekers do anything to support yourself while you're here","type":"I","timestamp":"2023-11-09 15:02:19"},{"nodeID":"1386093","text":"Fraser Nelson: we're not going to let you do anything to support yourself while you're here","type":"L","timestamp":"2023-11-09 15:02:19"},{"nodeID":"1386094","text":"Analysing","type":"YA","timestamp":"2023-11-09 15:02:19"},{"nodeID":"1386095","text":"Fyfe: Fraser Nelson: we're not going to let you do anything to support yourself while you're here","type":"L","timestamp":"2023-11-09 15:02:19"},{"nodeID":"1386096","text":"Asserting","type":"YA","timestamp":"2023-11-09 15:02:19"},{"nodeID":"1386097","text":"Default Rephrase","type":"MA","timestamp":"2023-11-09 15:02:19"},{"nodeID":"1386098","text":"Default Transition","type":"TA","timestamp":"2023-11-09 15:02:19"},{"nodeID":"1386099","text":"Restating","type":"YA","timestamp":"2023-11-09 15:02:19"},{"nodeID":"1386100","text":"Default Rephrase","type":"MA","timestamp":"2023-11-09 15:02:19"},{"nodeID":"1386101","text":"Default Transition","type":"TA","timestamp":"2023-11-09 15:02:19"},{"nodeID":"1386102","text":"Restating","type":"YA","timestamp":"2023-11-09 15:02:19"},{"nodeID":"1386103","text":"the big change in the last few years is the arrival of people smugglers","type":"I","timestamp":"2023-11-09 15:02:19"},{"nodeID":"1386104","text":"Fraser Nelson: The big change in the last few years is the arrival of people smugglers","type":"L","timestamp":"2023-11-09 15:02:19"},{"nodeID":"1386105","text":"Analysing","type":"YA","timestamp":"2023-11-09 15:02:19"},{"nodeID":"1386106","text":"Fyfe: Fraser Nelson: The big change in the last few years is the arrival of people smugglers","type":"L","timestamp":"2023-11-09 15:02:19"},{"nodeID":"1386107","text":"Asserting","type":"YA","timestamp":"2023-11-09 15:02:19"},{"nodeID":"1386108","text":"half of all the arrivals here of asylum seekers are taken by people smugglers who are basically the closest we've got to the modern slave trade","type":"I","timestamp":"2023-11-09 15:02:20"},{"nodeID":"1386109","text":"Fraser Nelson: Half of all the arrivals here of asylum seekers are taken by these guys who are basically the closest we've got to the modern slave trade","type":"L","timestamp":"2023-11-09 15:02:20"},{"nodeID":"1386110","text":"Analysing","type":"YA","timestamp":"2023-11-09 15:02:20"},{"nodeID":"1386111","text":"Fyfe: Fraser Nelson: Half of all the arrivals here of asylum seekers are taken by these guys who are basically the closest we've got to the modern slave trade","type":"L","timestamp":"2023-11-09 15:02:20"},{"nodeID":"1386112","text":"Asserting","type":"YA","timestamp":"2023-11-09 15:02:20"},{"nodeID":"1386113","text":"Default Transition","type":"TA","timestamp":"2023-11-09 15:02:20"},{"nodeID":"1386114","text":"Default Rephrase","type":"MA","timestamp":"2023-11-09 15:02:20"},{"nodeID":"1386115","text":"Restating","type":"YA","timestamp":"2023-11-09 15:02:20"},{"nodeID":"1386116","text":"you can't tackle people smugglers","type":"I","timestamp":"2023-11-09 15:02:21"},{"nodeID":"1386117","text":"Fraser Nelson: unless you can tackle the problem","type":"L","timestamp":"2023-11-09 15:02:21"},{"nodeID":"1386118","text":"Analysing","type":"YA","timestamp":"2023-11-09 15:02:21"},{"nodeID":"1386119","text":"Fyfe: Fraser Nelson: unless you can tackle the problem","type":"L","timestamp":"2023-11-09 15:02:21"},{"nodeID":"1386120","text":"Asserting","type":"YA","timestamp":"2023-11-09 15:02:21"},{"nodeID":"1386121","text":"Default Transition","type":"TA","timestamp":"2023-11-09 15:02:21"},{"nodeID":"1386122","text":"you are sending people who pay between \u00a33,000 and \u00a315,000 for this journey","type":"I","timestamp":"2023-11-09 15:02:21"},{"nodeID":"1386123","text":"Fraser Nelson: you're sending people who pay between \u00a33,000 and \u00a315,000 for this journey","type":"L","timestamp":"2023-11-09 15:02:21"},{"nodeID":"1386124","text":"Analysing","type":"YA","timestamp":"2023-11-09 15:02:21"},{"nodeID":"1386125","text":"Fyfe: Fraser Nelson: you're sending people who pay between \u00a33,000 and \u00a315,000 for this journey","type":"L","timestamp":"2023-11-09 15:02:21"},{"nodeID":"1386126","text":"Asserting","type":"YA","timestamp":"2023-11-09 15:02:21"},{"nodeID":"1386127","text":"Default Transition","type":"TA","timestamp":"2023-11-09 15:02:21"},{"nodeID":"1386128","text":"Default Transition","type":"TA","timestamp":"2023-11-09 15:02:21"},{"nodeID":"1386129","text":"Default Inference","type":"RA","timestamp":"2023-11-09 15:02:21"},{"nodeID":"1386130","text":"Arguing","type":"YA","timestamp":"2023-11-09 15:02:21"},{"nodeID":"1386131","text":"Default Inference","type":"RA","timestamp":"2023-11-09 15:02:21"},{"nodeID":"1386132","text":"Arguing","type":"YA","timestamp":"2023-11-09 15:02:21"},{"nodeID":"1386133","text":"Default Rephrase","type":"MA","timestamp":"2023-11-09 15:02:21"},{"nodeID":"1386134","text":"Restating","type":"YA","timestamp":"2023-11-09 15:02:21"},{"nodeID":"1386135","text":"Default Rephrase","type":"MA","timestamp":"2023-11-09 15:02:21"},{"nodeID":"1386136","text":"Restating","type":"YA","timestamp":"2023-11-09 15:02:21"}],"edges":[{"edgeID":"1811035","fromID":"1386021","toID":"1386020","formEdgeID":null},{"edgeID":"1811036","fromID":"1386024","toID":"1386023","formEdgeID":null},{"edgeID":"1811037","fromID":"1386025","toID":"1386024","formEdgeID":null},{"edgeID":"1811038","fromID":"1386023","toID":"1386026","formEdgeID":null},{"edgeID":"1811039","fromID":"1386026","toID":"1386022","formEdgeID":null},{"edgeID":"1811040","fromID":"1386029","toID":"1386028","formEdgeID":null},{"edgeID":"1811041","fromID":"1386030","toID":"1386029","formEdgeID":null},{"edgeID":"1811042","fromID":"1386028","toID":"1386031","formEdgeID":null},{"edgeID":"1811043","fromID":"1386031","toID":"1386027","formEdgeID":null},{"edgeID":"1811044","fromID":"1386023","toID":"1386032","formEdgeID":null},{"edgeID":"1811045","fromID":"1386032","toID":"1386028","formEdgeID":null},{"edgeID":"1811046","fromID":"1386027","toID":"1386033","formEdgeID":null},{"edgeID":"1811047","fromID":"1386033","toID":"1386022","formEdgeID":null},{"edgeID":"1811048","fromID":"1386032","toID":"1386034","formEdgeID":null},{"edgeID":"1811049","fromID":"1386034","toID":"1386033","formEdgeID":null},{"edgeID":"1811050","fromID":"1386037","toID":"1386036","formEdgeID":null},{"edgeID":"1811051","fromID":"1386038","toID":"1386037","formEdgeID":null},{"edgeID":"1811052","fromID":"1386036","toID":"1386039","formEdgeID":null},{"edgeID":"1811053","fromID":"1386039","toID":"1386035","formEdgeID":null},{"edgeID":"1811054","fromID":"1386028","toID":"1386040","formEdgeID":null},{"edgeID":"1811055","fromID":"1386040","toID":"1386036","formEdgeID":null},{"edgeID":"1811056","fromID":"1386043","toID":"1386042","formEdgeID":null},{"edgeID":"1811057","fromID":"1386044","toID":"1386043","formEdgeID":null},{"edgeID":"1811058","fromID":"1386042","toID":"1386045","formEdgeID":null},{"edgeID":"1811059","fromID":"1386045","toID":"1386041","formEdgeID":null},{"edgeID":"1811060","fromID":"1386036","toID":"1386046","formEdgeID":null},{"edgeID":"1811061","fromID":"1386046","toID":"1386042","formEdgeID":null},{"edgeID":"1811062","fromID":"1386041","toID":"1386047","formEdgeID":null},{"edgeID":"1811063","fromID":"1386047","toID":"1386035","formEdgeID":null},{"edgeID":"1811064","fromID":"1386046","toID":"1386048","formEdgeID":null},{"edgeID":"1811065","fromID":"1386048","toID":"1386047","formEdgeID":null},{"edgeID":"1811066","fromID":"1386051","toID":"1386050","formEdgeID":null},{"edgeID":"1811067","fromID":"1386052","toID":"1386051","formEdgeID":null},{"edgeID":"1811068","fromID":"1386050","toID":"1386053","formEdgeID":null},{"edgeID":"1811069","fromID":"1386053","toID":"1386049","formEdgeID":null},{"edgeID":"1811070","fromID":"1386042","toID":"1386054","formEdgeID":null},{"edgeID":"1811071","fromID":"1386054","toID":"1386050","formEdgeID":null},{"edgeID":"1811072","fromID":"1386057","toID":"1386056","formEdgeID":null},{"edgeID":"1811073","fromID":"1386058","toID":"1386057","formEdgeID":null},{"edgeID":"1811074","fromID":"1386056","toID":"1386059","formEdgeID":null},{"edgeID":"1811075","fromID":"1386059","toID":"1386055","formEdgeID":null},{"edgeID":"1811076","fromID":"1386050","toID":"1386060","formEdgeID":null},{"edgeID":"1811077","fromID":"1386060","toID":"1386056","formEdgeID":null},{"edgeID":"1811078","fromID":"1386063","toID":"1386062","formEdgeID":null},{"edgeID":"1811079","fromID":"1386064","toID":"1386063","formEdgeID":null},{"edgeID":"1811080","fromID":"1386062","toID":"1386065","formEdgeID":null},{"edgeID":"1811081","fromID":"1386065","toID":"1386061","formEdgeID":null},{"edgeID":"1811082","fromID":"1386056","toID":"1386066","formEdgeID":null},{"edgeID":"1811083","fromID":"1386066","toID":"1386062","formEdgeID":null},{"edgeID":"1811084","fromID":"1386061","toID":"1386067","formEdgeID":null},{"edgeID":"1811085","fromID":"1386067","toID":"1386055","formEdgeID":null},{"edgeID":"1811086","fromID":"1386066","toID":"1386068","formEdgeID":null},{"edgeID":"1811087","fromID":"1386068","toID":"1386067","formEdgeID":null},{"edgeID":"1811088","fromID":"1386071","toID":"1386070","formEdgeID":null},{"edgeID":"1811089","fromID":"1386072","toID":"1386071","formEdgeID":null},{"edgeID":"1811090","fromID":"1386070","toID":"1386073","formEdgeID":null},{"edgeID":"1811091","fromID":"1386073","toID":"1386069","formEdgeID":null},{"edgeID":"1811092","fromID":"1386062","toID":"1386074","formEdgeID":null},{"edgeID":"1811093","fromID":"1386074","toID":"1386070","formEdgeID":null},{"edgeID":"1811094","fromID":"1386077","toID":"1386076","formEdgeID":null},{"edgeID":"1811095","fromID":"1386078","toID":"1386077","formEdgeID":null},{"edgeID":"1811096","fromID":"1386076","toID":"1386079","formEdgeID":null},{"edgeID":"1811097","fromID":"1386079","toID":"1386075","formEdgeID":null},{"edgeID":"1811098","fromID":"1386082","toID":"1386081","formEdgeID":null},{"edgeID":"1811099","fromID":"1386083","toID":"1386082","formEdgeID":null},{"edgeID":"1811100","fromID":"1386081","toID":"1386084","formEdgeID":null},{"edgeID":"1811101","fromID":"1386084","toID":"1386080","formEdgeID":null},{"edgeID":"1811102","fromID":"1386070","toID":"1386085","formEdgeID":null},{"edgeID":"1811103","fromID":"1386085","toID":"1386076","formEdgeID":null},{"edgeID":"1811104","fromID":"1386088","toID":"1386087","formEdgeID":null},{"edgeID":"1811105","fromID":"1386089","toID":"1386088","formEdgeID":null},{"edgeID":"1811106","fromID":"1386087","toID":"1386090","formEdgeID":null},{"edgeID":"1811107","fromID":"1386090","toID":"1386086","formEdgeID":null},{"edgeID":"1811108","fromID":"1386081","toID":"1386091","formEdgeID":null},{"edgeID":"1811109","fromID":"1386091","toID":"1386087","formEdgeID":null},{"edgeID":"1811110","fromID":"1386094","toID":"1386093","formEdgeID":null},{"edgeID":"1811111","fromID":"1386095","toID":"1386094","formEdgeID":null},{"edgeID":"1811112","fromID":"1386093","toID":"1386096","formEdgeID":null},{"edgeID":"1811113","fromID":"1386096","toID":"1386092","formEdgeID":null},{"edgeID":"1811114","fromID":"1386080","toID":"1386097","formEdgeID":null},{"edgeID":"1811115","fromID":"1386097","toID":"1386075","formEdgeID":null},{"edgeID":"1811116","fromID":"1386076","toID":"1386098","formEdgeID":null},{"edgeID":"1811117","fromID":"1386098","toID":"1386081","formEdgeID":null},{"edgeID":"1811118","fromID":"1386098","toID":"1386099","formEdgeID":null},{"edgeID":"1811119","fromID":"1386099","toID":"1386097","formEdgeID":null},{"edgeID":"1811120","fromID":"1386092","toID":"1386100","formEdgeID":null},{"edgeID":"1811121","fromID":"1386100","toID":"1386069","formEdgeID":null},{"edgeID":"1811122","fromID":"1386070","toID":"1386101","formEdgeID":null},{"edgeID":"1811123","fromID":"1386101","toID":"1386093","formEdgeID":null},{"edgeID":"1811124","fromID":"1386101","toID":"1386102","formEdgeID":null},{"edgeID":"1811125","fromID":"1386102","toID":"1386100","formEdgeID":null},{"edgeID":"1811126","fromID":"1386105","toID":"1386104","formEdgeID":null},{"edgeID":"1811127","fromID":"1386106","toID":"1386105","formEdgeID":null},{"edgeID":"1811128","fromID":"1386104","toID":"1386107","formEdgeID":null},{"edgeID":"1811129","fromID":"1386107","toID":"1386103","formEdgeID":null},{"edgeID":"1811130","fromID":"1386110","toID":"1386109","formEdgeID":null},{"edgeID":"1811131","fromID":"1386111","toID":"1386110","formEdgeID":null},{"edgeID":"1811132","fromID":"1386109","toID":"1386112","formEdgeID":null},{"edgeID":"1811133","fromID":"1386112","toID":"1386108","formEdgeID":null},{"edgeID":"1811134","fromID":"1386104","toID":"1386113","formEdgeID":null},{"edgeID":"1811135","fromID":"1386113","toID":"1386109","formEdgeID":null},{"edgeID":"1811136","fromID":"1386108","toID":"1386114","formEdgeID":null},{"edgeID":"1811137","fromID":"1386114","toID":"1386103","formEdgeID":null},{"edgeID":"1811138","fromID":"1386113","toID":"1386115","formEdgeID":null},{"edgeID":"1811139","fromID":"1386115","toID":"1386114","formEdgeID":null},{"edgeID":"1811140","fromID":"1386118","toID":"1386117","formEdgeID":null},{"edgeID":"1811141","fromID":"1386119","toID":"1386118","formEdgeID":null},{"edgeID":"1811142","fromID":"1386117","toID":"1386120","formEdgeID":null},{"edgeID":"1811143","fromID":"1386120","toID":"1386116","formEdgeID":null},{"edgeID":"1811144","fromID":"1386109","toID":"1386121","formEdgeID":null},{"edgeID":"1811145","fromID":"1386121","toID":"1386117","formEdgeID":null},{"edgeID":"1811146","fromID":"1386124","toID":"1386123","formEdgeID":null},{"edgeID":"1811147","fromID":"1386125","toID":"1386124","formEdgeID":null},{"edgeID":"1811148","fromID":"1386123","toID":"1386126","formEdgeID":null},{"edgeID":"1811149","fromID":"1386126","toID":"1386122","formEdgeID":null},{"edgeID":"1811150","fromID":"1386117","toID":"1386127","formEdgeID":null},{"edgeID":"1811151","fromID":"1386127","toID":"1386123","formEdgeID":null},{"edgeID":"1811152","fromID":"1386123","toID":"1386128","formEdgeID":null},{"edgeID":"1811153","fromID":"1386128","toID":"1386023","formEdgeID":null},{"edgeID":"1811154","fromID":"1386116","toID":"1386129","formEdgeID":null},{"edgeID":"1811155","fromID":"1386129","toID":"1386122","formEdgeID":null},{"edgeID":"1811156","fromID":"1386127","toID":"1386130","formEdgeID":null},{"edgeID":"1811157","fromID":"1386130","toID":"1386129","formEdgeID":null},{"edgeID":"1811158","fromID":"1386122","toID":"1386131","formEdgeID":null},{"edgeID":"1811159","fromID":"1386131","toID":"1386022","formEdgeID":null},{"edgeID":"1811160","fromID":"1386128","toID":"1386132","formEdgeID":null},{"edgeID":"1811161","fromID":"1386132","toID":"1386131","formEdgeID":null},{"edgeID":"1811162","fromID":"1386049","toID":"1386133","formEdgeID":null},{"edgeID":"1811163","fromID":"1386133","toID":"1386041","formEdgeID":null},{"edgeID":"1811164","fromID":"1386054","toID":"1386134","formEdgeID":null},{"edgeID":"1811165","fromID":"1386134","toID":"1386133","formEdgeID":null},{"edgeID":"1811166","fromID":"1386086","toID":"1386135","formEdgeID":null},{"edgeID":"1811167","fromID":"1386135","toID":"1386080","formEdgeID":null},{"edgeID":"1811168","fromID":"1386091","toID":"1386136","formEdgeID":null},{"edgeID":"1811169","fromID":"1386136","toID":"1386135","formEdgeID":null}],"locutions":[]}