{"nodes":[{"nodeID":"1390724","text":"there's a very big difference between substance abuse and between disorder on the corner of the streets","type":"I","timestamp":"2023-11-09 15:08:57"},{"nodeID":"1390725","text":"Fraser Nelson: There's a very big difference between that and between, I don't know, disorder on the corner of the streets","type":"L","timestamp":"2023-11-09 15:08:57"},{"nodeID":"1390726","text":"Analysing","type":"YA","timestamp":"2023-11-09 15:08:57"},{"nodeID":"1390727","text":"Anon: Fraser Nelson: There's a very big difference between that and between, I don't know, disorder on the corner of the streets","type":"L","timestamp":"2023-11-09 15:08:57"},{"nodeID":"1390728","text":"Asserting","type":"YA","timestamp":"2023-11-09 15:08:57"},{"nodeID":"1390729","text":"Fraser Nelson wouldn't characterise substance abuse as antisocial behaviour necessarily","type":"I","timestamp":"2023-11-09 15:08:57"},{"nodeID":"1390730","text":"Fraser Nelson: I wouldn't characterise that as antisocial behaviour necessarily","type":"L","timestamp":"2023-11-09 15:08:57"},{"nodeID":"1390731","text":"Analysing","type":"YA","timestamp":"2023-11-09 15:08:57"},{"nodeID":"1390732","text":"Anon: Fraser Nelson: I wouldn't characterise that as antisocial behaviour necessarily","type":"L","timestamp":"2023-11-09 15:08:57"},{"nodeID":"1390733","text":"Asserting","type":"YA","timestamp":"2023-11-09 15:08:57"},{"nodeID":"1390734","text":"Default Inference","type":"RA","timestamp":"2023-11-09 15:08:57"},{"nodeID":"1390735","text":"Default Transition","type":"TA","timestamp":"2023-11-09 15:08:57"},{"nodeID":"1390736","text":"Arguing","type":"YA","timestamp":"2023-11-09 15:08:57"},{"nodeID":"1390737","text":"substance abuse is a problem of a broken society","type":"I","timestamp":"2023-11-09 15:08:58"},{"nodeID":"1390738","text":"Fraser Nelson: that's problems of a broken society","type":"L","timestamp":"2023-11-09 15:08:58"},{"nodeID":"1390739","text":"Analysing","type":"YA","timestamp":"2023-11-09 15:08:58"},{"nodeID":"1390740","text":"Anon: Fraser Nelson: that's problems of a broken society","type":"L","timestamp":"2023-11-09 15:08:58"},{"nodeID":"1390741","text":"Asserting","type":"YA","timestamp":"2023-11-09 15:08:58"},{"nodeID":"1390742","text":"Default Transition","type":"TA","timestamp":"2023-11-09 15:08:58"},{"nodeID":"1390743","text":"Default Inference","type":"RA","timestamp":"2023-11-09 15:08:58"},{"nodeID":"1390744","text":"Arguing","type":"YA","timestamp":"2023-11-09 15:08:58"},{"nodeID":"1390745","text":"we've slipped into problems of a broken society again","type":"I","timestamp":"2023-11-09 15:08:59"},{"nodeID":"1390746","text":"Fraser Nelson: we've slipped into that again","type":"L","timestamp":"2023-11-09 15:08:59"},{"nodeID":"1390747","text":"Analysing","type":"YA","timestamp":"2023-11-09 15:08:59"},{"nodeID":"1390748","text":"Anon: Fraser Nelson: we've slipped into that again","type":"L","timestamp":"2023-11-09 15:08:59"},{"nodeID":"1390749","text":"Asserting","type":"YA","timestamp":"2023-11-09 15:08:59"},{"nodeID":"1390750","text":"Default Transition","type":"TA","timestamp":"2023-11-09 15:08:59"},{"nodeID":"1390751","text":"Default Inference","type":"RA","timestamp":"2023-11-09 15:08:59"},{"nodeID":"1390752","text":"Arguing","type":"YA","timestamp":"2023-11-09 15:08:59"},{"nodeID":"1390753","text":"there's a lot more the Government can do to support people in the margins","type":"I","timestamp":"2023-11-09 15:08:59"},{"nodeID":"1390754","text":"Fraser Nelson: there's a lot more the Government can do I think to support people in the margins","type":"L","timestamp":"2023-11-09 15:08:59"},{"nodeID":"1390755","text":"Analysing","type":"YA","timestamp":"2023-11-09 15:08:59"},{"nodeID":"1390756","text":"Anon: Fraser Nelson: there's a lot more the Government can do I think to support people in the margins","type":"L","timestamp":"2023-11-09 15:08:59"},{"nodeID":"1390757","text":"Asserting","type":"YA","timestamp":"2023-11-09 15:08:59"},{"nodeID":"1390758","text":"Default Transition","type":"TA","timestamp":"2023-11-09 15:08:59"},{"nodeID":"1390759","text":"the Government should think about people in the margins systemically","type":"I","timestamp":"2023-11-09 15:09:00"},{"nodeID":"1390760","text":"Fraser Nelson: to think about it systemically","type":"L","timestamp":"2023-11-09 15:09:00"},{"nodeID":"1390761","text":"Analysing","type":"YA","timestamp":"2023-11-09 15:09:00"},{"nodeID":"1390762","text":"Anon: Fraser Nelson: to think about it systemically","type":"L","timestamp":"2023-11-09 15:09:00"},{"nodeID":"1390763","text":"Asserting","type":"YA","timestamp":"2023-11-09 15:09:00"},{"nodeID":"1390764","text":"Default Transition","type":"TA","timestamp":"2023-11-09 15:09:00"},{"nodeID":"1390765","text":"Default Rephrase","type":"MA","timestamp":"2023-11-09 15:09:00"},{"nodeID":"1390766","text":"Restating","type":"YA","timestamp":"2023-11-09 15:09:00"},{"nodeID":"1390767","text":"a lot of local authorities have cut back the counselling and the social services they've done over the last ten years","type":"I","timestamp":"2023-11-09 15:09:00"},{"nodeID":"1390768","text":"Fraser Nelson:  a lot of local authorities have cut back the counselling and the social services they've done over the last ten years","type":"L","timestamp":"2023-11-09 15:09:00"},{"nodeID":"1390769","text":"Analysing","type":"YA","timestamp":"2023-11-09 15:09:00"},{"nodeID":"1390770","text":"Anon: Fraser Nelson:  a lot of local authorities have cut back the counselling and the social services they've done over the last ten years","type":"L","timestamp":"2023-11-09 15:09:00"},{"nodeID":"1390771","text":"Asserting","type":"YA","timestamp":"2023-11-09 15:09:00"},{"nodeID":"1390772","text":"Default Transition","type":"TA","timestamp":"2023-11-09 15:09:00"},{"nodeID":"1390773","text":"Default Inference","type":"RA","timestamp":"2023-11-09 15:09:00"},{"nodeID":"1390774","text":"Default Transition","type":"TA","timestamp":"2023-11-09 15:09:00"},{"nodeID":"1390775","text":"Arguing","type":"YA","timestamp":"2023-11-09 15:09:00"},{"nodeID":"1390776","text":"cutting back the counselling and the social services over the last ten years was a mistake","type":"I","timestamp":"2023-11-09 15:09:01"},{"nodeID":"1390777","text":"Fraser Nelson: that was a mistake","type":"L","timestamp":"2023-11-09 15:09:01"},{"nodeID":"1390778","text":"Analysing","type":"YA","timestamp":"2023-11-09 15:09:01"},{"nodeID":"1390779","text":"Anon: Fraser Nelson: that was a mistake","type":"L","timestamp":"2023-11-09 15:09:01"},{"nodeID":"1390780","text":"Asserting","type":"YA","timestamp":"2023-11-09 15:09:01"},{"nodeID":"1390781","text":"Default Transition","type":"TA","timestamp":"2023-11-09 15:09:01"},{"nodeID":"1390782","text":"Default Rephrase","type":"MA","timestamp":"2023-11-09 15:09:01"},{"nodeID":"1390783","text":"Restating","type":"YA","timestamp":"2023-11-09 15:09:01"},{"nodeID":"1390784","text":"quite a lot of the time there's nobody you can go to for help now, far less than you were able to ten, fifteen years ago","type":"I","timestamp":"2023-11-09 15:09:02"},{"nodeID":"1390785","text":"Fraser Nelson: quite a lot of the time there's nobody you can go to for help now, far less than you were able to ten, fifteen years ago","type":"L","timestamp":"2023-11-09 15:09:02"},{"nodeID":"1390786","text":"Analysing","type":"YA","timestamp":"2023-11-09 15:09:02"},{"nodeID":"1390787","text":"Anon: Fraser Nelson: quite a lot of the time there's nobody you can go to for help now, far less than you were able to ten, fifteen years ago","type":"L","timestamp":"2023-11-09 15:09:02"},{"nodeID":"1390788","text":"Asserting","type":"YA","timestamp":"2023-11-09 15:09:02"},{"nodeID":"1390789","text":"Default Transition","type":"TA","timestamp":"2023-11-09 15:09:02"},{"nodeID":"1390790","text":"Default Inference","type":"RA","timestamp":"2023-11-09 15:09:02"},{"nodeID":"1390791","text":"Arguing","type":"YA","timestamp":"2023-11-09 15:09:02"},{"nodeID":"1390792","text":"there you can see the edges of our society starting to fray in a very alarming way","type":"I","timestamp":"2023-11-09 15:09:02"},{"nodeID":"1390793","text":"Fraser Nelson: there you can see the edges of our society starting to fray in a very alarming way","type":"L","timestamp":"2023-11-09 15:09:02"},{"nodeID":"1390794","text":"Analysing","type":"YA","timestamp":"2023-11-09 15:09:02"},{"nodeID":"1390795","text":"Anon: Fraser Nelson: there you can see the edges of our society starting to fray in a very alarming way","type":"L","timestamp":"2023-11-09 15:09:02"},{"nodeID":"1390796","text":"Asserting","type":"YA","timestamp":"2023-11-09 15:09:02"},{"nodeID":"1390797","text":"Default Transition","type":"TA","timestamp":"2023-11-09 15:09:02"},{"nodeID":"1390798","text":"Default Inference","type":"RA","timestamp":"2023-11-09 15:09:02"},{"nodeID":"1390799","text":"Arguing","type":"YA","timestamp":"2023-11-09 15:09:02"},{"nodeID":"1390800","text":"Fraser Nelson doesn't see the edges of the society starting to fray as law and order crackdown","type":"I","timestamp":"2023-11-09 15:09:03"},{"nodeID":"1390801","text":"Fraser Nelson: I don't see it as law and order crackdown","type":"L","timestamp":"2023-11-09 15:09:03"},{"nodeID":"1390802","text":"Analysing","type":"YA","timestamp":"2023-11-09 15:09:03"},{"nodeID":"1390803","text":"Anon: Fraser Nelson: I don't see it as law and order crackdown","type":"L","timestamp":"2023-11-09 15:09:03"},{"nodeID":"1390804","text":"Asserting","type":"YA","timestamp":"2023-11-09 15:09:03"},{"nodeID":"1390805","text":"Default Transition","type":"TA","timestamp":"2023-11-09 15:09:03"},{"nodeID":"1390806","text":"Fraser Nelson doesn't think any kind of law and order crackdown are going to help the problems with substance that AudienceMember 20230427QT26 talk about","type":"I","timestamp":"2023-11-09 15:09:03"},{"nodeID":"1390807","text":"Fraser Nelson: I don't think any kind of law and order crackdown are going to help the problems that you talk about","type":"L","timestamp":"2023-11-09 15:09:03"},{"nodeID":"1390808","text":"Analysing","type":"YA","timestamp":"2023-11-09 15:09:03"},{"nodeID":"1390809","text":"Anon: Fraser Nelson: I don't think any kind of law and order crackdown are going to help the problems that you talk about","type":"L","timestamp":"2023-11-09 15:09:03"},{"nodeID":"1390810","text":"Asserting","type":"YA","timestamp":"2023-11-09 15:09:03"},{"nodeID":"1390811","text":"Default Transition","type":"TA","timestamp":"2023-11-09 15:09:03"},{"nodeID":"1390812","text":"Default Inference","type":"RA","timestamp":"2023-11-09 15:09:03"},{"nodeID":"1390813","text":"Arguing","type":"YA","timestamp":"2023-11-09 15:09:03"},{"nodeID":"1390814","text":"Default Conflict","type":"CA","timestamp":"2023-11-09 15:09:03"},{"nodeID":"1390815","text":"Disagreeing","type":"YA","timestamp":"2023-11-09 15:09:03"}],"edges":[{"edgeID":"1816621","fromID":"1390726","toID":"1390725","formEdgeID":null},{"edgeID":"1816622","fromID":"1390727","toID":"1390726","formEdgeID":null},{"edgeID":"1816623","fromID":"1390725","toID":"1390728","formEdgeID":null},{"edgeID":"1816624","fromID":"1390728","toID":"1390724","formEdgeID":null},{"edgeID":"1816625","fromID":"1390731","toID":"1390730","formEdgeID":null},{"edgeID":"1816626","fromID":"1390732","toID":"1390731","formEdgeID":null},{"edgeID":"1816627","fromID":"1390730","toID":"1390733","formEdgeID":null},{"edgeID":"1816628","fromID":"1390733","toID":"1390729","formEdgeID":null},{"edgeID":"1816629","fromID":"1390724","toID":"1390734","formEdgeID":null},{"edgeID":"1816630","fromID":"1390734","toID":"1390729","formEdgeID":null},{"edgeID":"1816631","fromID":"1390725","toID":"1390735","formEdgeID":null},{"edgeID":"1816632","fromID":"1390735","toID":"1390730","formEdgeID":null},{"edgeID":"1816633","fromID":"1390735","toID":"1390736","formEdgeID":null},{"edgeID":"1816634","fromID":"1390736","toID":"1390734","formEdgeID":null},{"edgeID":"1816635","fromID":"1390739","toID":"1390738","formEdgeID":null},{"edgeID":"1816636","fromID":"1390740","toID":"1390739","formEdgeID":null},{"edgeID":"1816637","fromID":"1390738","toID":"1390741","formEdgeID":null},{"edgeID":"1816638","fromID":"1390741","toID":"1390737","formEdgeID":null},{"edgeID":"1816639","fromID":"1390730","toID":"1390742","formEdgeID":null},{"edgeID":"1816640","fromID":"1390742","toID":"1390738","formEdgeID":null},{"edgeID":"1816641","fromID":"1390737","toID":"1390743","formEdgeID":null},{"edgeID":"1816642","fromID":"1390743","toID":"1390729","formEdgeID":null},{"edgeID":"1816643","fromID":"1390742","toID":"1390744","formEdgeID":null},{"edgeID":"1816644","fromID":"1390744","toID":"1390743","formEdgeID":null},{"edgeID":"1816645","fromID":"1390747","toID":"1390746","formEdgeID":null},{"edgeID":"1816646","fromID":"1390748","toID":"1390747","formEdgeID":null},{"edgeID":"1816647","fromID":"1390746","toID":"1390749","formEdgeID":null},{"edgeID":"1816648","fromID":"1390749","toID":"1390745","formEdgeID":null},{"edgeID":"1816649","fromID":"1390738","toID":"1390750","formEdgeID":null},{"edgeID":"1816650","fromID":"1390750","toID":"1390746","formEdgeID":null},{"edgeID":"1816651","fromID":"1390737","toID":"1390751","formEdgeID":null},{"edgeID":"1816652","fromID":"1390751","toID":"1390745","formEdgeID":null},{"edgeID":"1816653","fromID":"1390750","toID":"1390752","formEdgeID":null},{"edgeID":"1816654","fromID":"1390752","toID":"1390751","formEdgeID":null},{"edgeID":"1816655","fromID":"1390755","toID":"1390754","formEdgeID":null},{"edgeID":"1816656","fromID":"1390756","toID":"1390755","formEdgeID":null},{"edgeID":"1816657","fromID":"1390754","toID":"1390757","formEdgeID":null},{"edgeID":"1816658","fromID":"1390757","toID":"1390753","formEdgeID":null},{"edgeID":"1816659","fromID":"1390746","toID":"1390758","formEdgeID":null},{"edgeID":"1816660","fromID":"1390758","toID":"1390754","formEdgeID":null},{"edgeID":"1816661","fromID":"1390761","toID":"1390760","formEdgeID":null},{"edgeID":"1816662","fromID":"1390762","toID":"1390761","formEdgeID":null},{"edgeID":"1816663","fromID":"1390760","toID":"1390763","formEdgeID":null},{"edgeID":"1816664","fromID":"1390763","toID":"1390759","formEdgeID":null},{"edgeID":"1816665","fromID":"1390754","toID":"1390764","formEdgeID":null},{"edgeID":"1816666","fromID":"1390764","toID":"1390760","formEdgeID":null},{"edgeID":"1816667","fromID":"1390759","toID":"1390765","formEdgeID":null},{"edgeID":"1816668","fromID":"1390765","toID":"1390753","formEdgeID":null},{"edgeID":"1816669","fromID":"1390764","toID":"1390766","formEdgeID":null},{"edgeID":"1816670","fromID":"1390766","toID":"1390765","formEdgeID":null},{"edgeID":"1816671","fromID":"1390769","toID":"1390768","formEdgeID":null},{"edgeID":"1816672","fromID":"1390770","toID":"1390769","formEdgeID":null},{"edgeID":"1816673","fromID":"1390768","toID":"1390771","formEdgeID":null},{"edgeID":"1816674","fromID":"1390771","toID":"1390767","formEdgeID":null},{"edgeID":"1816675","fromID":"1390760","toID":"1390772","formEdgeID":null},{"edgeID":"1816676","fromID":"1390772","toID":"1390768","formEdgeID":null},{"edgeID":"1816677","fromID":"1390767","toID":"1390773","formEdgeID":null},{"edgeID":"1816678","fromID":"1390773","toID":"1390745","formEdgeID":null},{"edgeID":"1816679","fromID":"1390746","toID":"1390774","formEdgeID":null},{"edgeID":"1816680","fromID":"1390774","toID":"1390768","formEdgeID":null},{"edgeID":"1816681","fromID":"1390774","toID":"1390775","formEdgeID":null},{"edgeID":"1816682","fromID":"1390775","toID":"1390773","formEdgeID":null},{"edgeID":"1816683","fromID":"1390778","toID":"1390777","formEdgeID":null},{"edgeID":"1816684","fromID":"1390779","toID":"1390778","formEdgeID":null},{"edgeID":"1816685","fromID":"1390777","toID":"1390780","formEdgeID":null},{"edgeID":"1816686","fromID":"1390780","toID":"1390776","formEdgeID":null},{"edgeID":"1816687","fromID":"1390768","toID":"1390781","formEdgeID":null},{"edgeID":"1816688","fromID":"1390781","toID":"1390777","formEdgeID":null},{"edgeID":"1816689","fromID":"1390776","toID":"1390782","formEdgeID":null},{"edgeID":"1816690","fromID":"1390782","toID":"1390767","formEdgeID":null},{"edgeID":"1816691","fromID":"1390781","toID":"1390783","formEdgeID":null},{"edgeID":"1816692","fromID":"1390783","toID":"1390782","formEdgeID":null},{"edgeID":"1816693","fromID":"1390786","toID":"1390785","formEdgeID":null},{"edgeID":"1816694","fromID":"1390787","toID":"1390786","formEdgeID":null},{"edgeID":"1816695","fromID":"1390785","toID":"1390788","formEdgeID":null},{"edgeID":"1816696","fromID":"1390788","toID":"1390784","formEdgeID":null},{"edgeID":"1816697","fromID":"1390777","toID":"1390789","formEdgeID":null},{"edgeID":"1816698","fromID":"1390789","toID":"1390785","formEdgeID":null},{"edgeID":"1816699","fromID":"1390784","toID":"1390790","formEdgeID":null},{"edgeID":"1816700","fromID":"1390790","toID":"1390776","formEdgeID":null},{"edgeID":"1816701","fromID":"1390789","toID":"1390791","formEdgeID":null},{"edgeID":"1816702","fromID":"1390791","toID":"1390790","formEdgeID":null},{"edgeID":"1816703","fromID":"1390794","toID":"1390793","formEdgeID":null},{"edgeID":"1816704","fromID":"1390795","toID":"1390794","formEdgeID":null},{"edgeID":"1816705","fromID":"1390793","toID":"1390796","formEdgeID":null},{"edgeID":"1816706","fromID":"1390796","toID":"1390792","formEdgeID":null},{"edgeID":"1816707","fromID":"1390785","toID":"1390797","formEdgeID":null},{"edgeID":"1816708","fromID":"1390797","toID":"1390793","formEdgeID":null},{"edgeID":"1816709","fromID":"1390784","toID":"1390798","formEdgeID":null},{"edgeID":"1816710","fromID":"1390798","toID":"1390792","formEdgeID":null},{"edgeID":"1816711","fromID":"1390797","toID":"1390799","formEdgeID":null},{"edgeID":"1816712","fromID":"1390799","toID":"1390798","formEdgeID":null},{"edgeID":"1816713","fromID":"1390802","toID":"1390801","formEdgeID":null},{"edgeID":"1816714","fromID":"1390803","toID":"1390802","formEdgeID":null},{"edgeID":"1816715","fromID":"1390801","toID":"1390804","formEdgeID":null},{"edgeID":"1816716","fromID":"1390804","toID":"1390800","formEdgeID":null},{"edgeID":"1816717","fromID":"1390793","toID":"1390805","formEdgeID":null},{"edgeID":"1816718","fromID":"1390805","toID":"1390801","formEdgeID":null},{"edgeID":"1816719","fromID":"1390808","toID":"1390807","formEdgeID":null},{"edgeID":"1816720","fromID":"1390809","toID":"1390808","formEdgeID":null},{"edgeID":"1816721","fromID":"1390807","toID":"1390810","formEdgeID":null},{"edgeID":"1816722","fromID":"1390810","toID":"1390806","formEdgeID":null},{"edgeID":"1816723","fromID":"1390801","toID":"1390811","formEdgeID":null},{"edgeID":"1816724","fromID":"1390811","toID":"1390807","formEdgeID":null},{"edgeID":"1816725","fromID":"1390800","toID":"1390812","formEdgeID":null},{"edgeID":"1816726","fromID":"1390812","toID":"1390806","formEdgeID":null},{"edgeID":"1816727","fromID":"1390811","toID":"1390813","formEdgeID":null},{"edgeID":"1816728","fromID":"1390813","toID":"1390812","formEdgeID":null},{"edgeID":"1816729","fromID":"1390800","toID":"1390814","formEdgeID":null},{"edgeID":"1816730","fromID":"1390814","toID":"1390792","formEdgeID":null},{"edgeID":"1816731","fromID":"1390805","toID":"1390815","formEdgeID":null},{"edgeID":"1816732","fromID":"1390815","toID":"1390814","formEdgeID":null}],"locutions":[]}