{"nodes":[{"nodeID":"1387375","text":"Danny Sriskandarajah agrees with Andrew on one point which is that we must get to net zero by 2050","type":"I","timestamp":"2023-11-09 15:04:08"},{"nodeID":"1387376","text":"Danny Sriskandarajah: I agree with Andrew on one point which is that we must","type":"L","timestamp":"2023-11-09 15:04:08"},{"nodeID":"1387377","text":"Analysing","type":"YA","timestamp":"2023-11-09 15:04:08"},{"nodeID":"1387378","text":"Anon: Danny Sriskandarajah: I agree with Andrew on one point which is that we must","type":"L","timestamp":"2023-11-09 15:04:08"},{"nodeID":"1387379","text":"Asserting","type":"YA","timestamp":"2023-11-09 15:04:08"},{"nodeID":"1387380","text":"Danny Sriskandarajah was in Somalia recently where there is a heart-breaking drought, the worst drought we've seen in 40 years","type":"I","timestamp":"2023-11-09 15:04:09"},{"nodeID":"1387381","text":"Danny Sriskandarajah: I was in Somalia recently where there is a heart-breaking drought, the worst drought we've seen in 40 years","type":"L","timestamp":"2023-11-09 15:04:09"},{"nodeID":"1387382","text":"Analysing","type":"YA","timestamp":"2023-11-09 15:04:09"},{"nodeID":"1387383","text":"Anon: Danny Sriskandarajah: I was in Somalia recently where there is a heart-breaking drought, the worst drought we've seen in 40 years","type":"L","timestamp":"2023-11-09 15:04:09"},{"nodeID":"1387384","text":"Asserting","type":"YA","timestamp":"2023-11-09 15:04:09"},{"nodeID":"1387385","text":"Default Transition","type":"TA","timestamp":"2023-11-09 15:04:09"},{"nodeID":"1387386","text":"people in that part of the world who've had nothing to do with climate breakdown are suffering the consequences of climate breakdown today","type":"I","timestamp":"2023-11-09 15:04:10"},{"nodeID":"1387387","text":"Danny Sriskandarajah: people in that part of the world who've had nothing to do with climate breakdown are suffering the consequences of climate breakdown today","type":"L","timestamp":"2023-11-09 15:04:10"},{"nodeID":"1387388","text":"Analysing","type":"YA","timestamp":"2023-11-09 15:04:10"},{"nodeID":"1387389","text":"Anon: Danny Sriskandarajah: people in that part of the world who've had nothing to do with climate breakdown are suffering the consequences of climate breakdown today","type":"L","timestamp":"2023-11-09 15:04:10"},{"nodeID":"1387390","text":"Asserting","type":"YA","timestamp":"2023-11-09 15:04:10"},{"nodeID":"1387391","text":"Default Transition","type":"TA","timestamp":"2023-11-09 15:04:10"},{"nodeID":"1387392","text":"there's been an eight fold increase in humanitarian need as a result of extreme weather events that are driving droughts, floods, wild fire, cyclones","type":"I","timestamp":"2023-11-09 15:04:10"},{"nodeID":"1387393","text":"Danny Sriskandarajah: There's been an eight fold increase in humanitarian need as a result of extreme weather events that are driving droughts, floods, wild fire, cyclones","type":"L","timestamp":"2023-11-09 15:04:10"},{"nodeID":"1387394","text":"Analysing","type":"YA","timestamp":"2023-11-09 15:04:10"},{"nodeID":"1387395","text":"Anon: Danny Sriskandarajah: There's been an eight fold increase in humanitarian need as a result of extreme weather events that are driving droughts, floods, wild fire, cyclones","type":"L","timestamp":"2023-11-09 15:04:10"},{"nodeID":"1387396","text":"Asserting","type":"YA","timestamp":"2023-11-09 15:04:10"},{"nodeID":"1387397","text":"Default Transition","type":"TA","timestamp":"2023-11-09 15:04:10"},{"nodeID":"1387398","text":"we have to do something like Green Day proposed by the Government","type":"I","timestamp":"2023-11-09 15:04:11"},{"nodeID":"1387399","text":"Danny Sriskandarajah: we have to do something like this","type":"L","timestamp":"2023-11-09 15:04:11"},{"nodeID":"1387400","text":"Analysing","type":"YA","timestamp":"2023-11-09 15:04:11"},{"nodeID":"1387401","text":"Anon: Danny Sriskandarajah: we have to do something like this","type":"L","timestamp":"2023-11-09 15:04:11"},{"nodeID":"1387402","text":"Asserting","type":"YA","timestamp":"2023-11-09 15:04:11"},{"nodeID":"1387403","text":"Default Transition","type":"TA","timestamp":"2023-11-09 15:04:11"},{"nodeID":"1387404","text":"Default Rephrase","type":"MA","timestamp":"2023-11-09 15:04:11"},{"nodeID":"1387405","text":"Default Transition","type":"TA","timestamp":"2023-11-09 15:04:11"},{"nodeID":"1387406","text":"Restating","type":"YA","timestamp":"2023-11-09 15:04:11"},{"nodeID":"1387407","text":"Default Inference","type":"RA","timestamp":"2023-11-09 15:04:11"},{"nodeID":"1387408","text":"Default Transition","type":"TA","timestamp":"2023-11-09 15:04:11"},{"nodeID":"1387409","text":"Arguing","type":"YA","timestamp":"2023-11-09 15:04:11"},{"nodeID":"1387410","text":"the plans that the Government have set out today are tinkering at the edges","type":"I","timestamp":"2023-11-09 15:04:12"},{"nodeID":"1387411","text":"Danny Sriskandarajah: the plans that the Government have set out today are tinkering at the edges","type":"L","timestamp":"2023-11-09 15:04:12"},{"nodeID":"1387412","text":"Analysing","type":"YA","timestamp":"2023-11-09 15:04:12"},{"nodeID":"1387413","text":"Anon: Danny Sriskandarajah: the plans that the Government have set out today are tinkering at the edges","type":"L","timestamp":"2023-11-09 15:04:12"},{"nodeID":"1387414","text":"Asserting","type":"YA","timestamp":"2023-11-09 15:04:12"},{"nodeID":"1387415","text":"Default Transition","type":"TA","timestamp":"2023-11-09 15:04:12"},{"nodeID":"1387416","text":"Default Conflict","type":"CA","timestamp":"2023-11-09 15:04:12"},{"nodeID":"1387417","text":"Disagreeing","type":"YA","timestamp":"2023-11-09 15:04:12"},{"nodeID":"1387418","text":"there's no new money","type":"I","timestamp":"2023-11-09 15:04:12"},{"nodeID":"1387419","text":"Danny Sriskandarajah: There's no new money","type":"L","timestamp":"2023-11-09 15:04:12"},{"nodeID":"1387420","text":"Analysing","type":"YA","timestamp":"2023-11-09 15:04:12"},{"nodeID":"1387421","text":"Anon: Danny Sriskandarajah: There's no new money","type":"L","timestamp":"2023-11-09 15:04:12"},{"nodeID":"1387422","text":"Asserting","type":"YA","timestamp":"2023-11-09 15:04:12"},{"nodeID":"1387423","text":"Default Transition","type":"TA","timestamp":"2023-11-09 15:04:12"},{"nodeID":"1387424","text":"there's no new investment","type":"I","timestamp":"2023-11-09 15:04:13"},{"nodeID":"1387425","text":"Danny Sriskandarajah:  there's no new investment","type":"L","timestamp":"2023-11-09 15:04:13"},{"nodeID":"1387426","text":"Analysing","type":"YA","timestamp":"2023-11-09 15:04:13"},{"nodeID":"1387427","text":"Anon: Danny Sriskandarajah:  there's no new investment","type":"L","timestamp":"2023-11-09 15:04:13"},{"nodeID":"1387428","text":"Asserting","type":"YA","timestamp":"2023-11-09 15:04:13"},{"nodeID":"1387429","text":"Default Transition","type":"TA","timestamp":"2023-11-09 15:04:13"},{"nodeID":"1387430","text":"there are no new ideas","type":"I","timestamp":"2023-11-09 15:04:14"},{"nodeID":"1387431","text":"Danny Sriskandarajah: there are no new ideas","type":"L","timestamp":"2023-11-09 15:04:14"},{"nodeID":"1387432","text":"Analysing","type":"YA","timestamp":"2023-11-09 15:04:14"},{"nodeID":"1387433","text":"Anon: Danny Sriskandarajah: there are no new ideas","type":"L","timestamp":"2023-11-09 15:04:14"},{"nodeID":"1387434","text":"Asserting","type":"YA","timestamp":"2023-11-09 15:04:14"},{"nodeID":"1387435","text":"Default Transition","type":"TA","timestamp":"2023-11-09 15:04:14"},{"nodeID":"1387436","text":"Default Inference","type":"RA","timestamp":"2023-11-09 15:04:14"},{"nodeID":"1387437","text":"Default Transition","type":"TA","timestamp":"2023-11-09 15:04:14"},{"nodeID":"1387438","text":"Arguing","type":"YA","timestamp":"2023-11-09 15:04:14"},{"nodeID":"1387439","text":"we need a game changing set of interventions","type":"I","timestamp":"2023-11-09 15:04:14"},{"nodeID":"1387440","text":"Danny Sriskandarajah: We need a game changing set of interventions","type":"L","timestamp":"2023-11-09 15:04:14"},{"nodeID":"1387441","text":"Analysing","type":"YA","timestamp":"2023-11-09 15:04:14"},{"nodeID":"1387442","text":"Anon: Danny Sriskandarajah: We need a game changing set of interventions","type":"L","timestamp":"2023-11-09 15:04:14"},{"nodeID":"1387443","text":"Asserting","type":"YA","timestamp":"2023-11-09 15:04:14"},{"nodeID":"1387444","text":"Default Transition","type":"TA","timestamp":"2023-11-09 15:04:14"},{"nodeID":"1387445","text":"Default Inference","type":"RA","timestamp":"2023-11-09 15:04:14"},{"nodeID":"1387446","text":"Arguing","type":"YA","timestamp":"2023-11-09 15:04:14"},{"nodeID":"1387447","text":"Danny Sriskandarajah was really disappointed that the Chancellor today wrote a blog that said that he doesn't want to get into a race on subsidies with the United States on who can subsidise green technology","type":"I","timestamp":"2023-11-09 15:04:15"},{"nodeID":"1387448","text":"Danny Sriskandarajah: I was really disappointed that the Chancellor today wrote a blog that said that he doesn't want to get into a race on subsidies with the United States on who can subsidise green technology","type":"L","timestamp":"2023-11-09 15:04:15"},{"nodeID":"1387449","text":"Analysing","type":"YA","timestamp":"2023-11-09 15:04:15"},{"nodeID":"1387450","text":"Anon: Danny Sriskandarajah: I was really disappointed that the Chancellor today wrote a blog that said that he doesn't want to get into a race on subsidies with the United States on who can subsidise green technology","type":"L","timestamp":"2023-11-09 15:04:15"},{"nodeID":"1387451","text":"Asserting","type":"YA","timestamp":"2023-11-09 15:04:15"},{"nodeID":"1387452","text":"Default Transition","type":"TA","timestamp":"2023-11-09 15:04:15"},{"nodeID":"1387453","text":"this is a race to save our planet, to save our species","type":"I","timestamp":"2023-11-09 15:04:15"},{"nodeID":"1387454","text":"Danny Sriskandarajah: This is a race to save our planet, to save our species","type":"L","timestamp":"2023-11-09 15:04:15"},{"nodeID":"1387455","text":"Analysing","type":"YA","timestamp":"2023-11-09 15:04:15"},{"nodeID":"1387456","text":"Anon: Danny Sriskandarajah: This is a race to save our planet, to save our species","type":"L","timestamp":"2023-11-09 15:04:15"},{"nodeID":"1387457","text":"Asserting","type":"YA","timestamp":"2023-11-09 15:04:15"},{"nodeID":"1387458","text":"Default Transition","type":"TA","timestamp":"2023-11-09 15:04:15"},{"nodeID":"1387459","text":"we need much better, more significant interventions from Government","type":"I","timestamp":"2023-11-09 15:04:16"},{"nodeID":"1387460","text":"Danny Sriskandarajah: We need much better, more significant interventions from Government","type":"L","timestamp":"2023-11-09 15:04:16"},{"nodeID":"1387461","text":"Analysing","type":"YA","timestamp":"2023-11-09 15:04:16"},{"nodeID":"1387462","text":"Anon: Danny Sriskandarajah: We need much better, more significant interventions from Government","type":"L","timestamp":"2023-11-09 15:04:16"},{"nodeID":"1387463","text":"Asserting","type":"YA","timestamp":"2023-11-09 15:04:16"},{"nodeID":"1387464","text":"Default Transition","type":"TA","timestamp":"2023-11-09 15:04:16"},{"nodeID":"1387465","text":"Default Inference","type":"RA","timestamp":"2023-11-09 15:04:16"},{"nodeID":"1387466","text":"Arguing","type":"YA","timestamp":"2023-11-09 15:04:16"},{"nodeID":"1387467","text":"Default Inference","type":"RA","timestamp":"2023-11-09 15:04:16"},{"nodeID":"1387468","text":"Arguing","type":"YA","timestamp":"2023-11-09 15:04:16"},{"nodeID":"1387469","text":"Default Inference","type":"RA","timestamp":"2023-11-09 15:04:16"},{"nodeID":"1387470","text":"Default Transition","type":"TA","timestamp":"2023-11-09 15:04:16"},{"nodeID":"1387471","text":"Arguing","type":"YA","timestamp":"2023-11-09 15:04:16"},{"nodeID":"1387472","text":"Default Transition","type":"TA","timestamp":"2023-11-09 15:04:16"}],"edges":[{"edgeID":"1812634","fromID":"1387377","toID":"1387376","formEdgeID":null},{"edgeID":"1812635","fromID":"1387378","toID":"1387377","formEdgeID":null},{"edgeID":"1812636","fromID":"1387376","toID":"1387379","formEdgeID":null},{"edgeID":"1812637","fromID":"1387379","toID":"1387375","formEdgeID":null},{"edgeID":"1812638","fromID":"1387382","toID":"1387381","formEdgeID":null},{"edgeID":"1812639","fromID":"1387383","toID":"1387382","formEdgeID":null},{"edgeID":"1812640","fromID":"1387381","toID":"1387384","formEdgeID":null},{"edgeID":"1812641","fromID":"1387384","toID":"1387380","formEdgeID":null},{"edgeID":"1812642","fromID":"1387376","toID":"1387385","formEdgeID":null},{"edgeID":"1812643","fromID":"1387385","toID":"1387381","formEdgeID":null},{"edgeID":"1812644","fromID":"1387388","toID":"1387387","formEdgeID":null},{"edgeID":"1812645","fromID":"1387389","toID":"1387388","formEdgeID":null},{"edgeID":"1812646","fromID":"1387387","toID":"1387390","formEdgeID":null},{"edgeID":"1812647","fromID":"1387390","toID":"1387386","formEdgeID":null},{"edgeID":"1812648","fromID":"1387381","toID":"1387391","formEdgeID":null},{"edgeID":"1812649","fromID":"1387391","toID":"1387387","formEdgeID":null},{"edgeID":"1812650","fromID":"1387394","toID":"1387393","formEdgeID":null},{"edgeID":"1812651","fromID":"1387395","toID":"1387394","formEdgeID":null},{"edgeID":"1812652","fromID":"1387393","toID":"1387396","formEdgeID":null},{"edgeID":"1812653","fromID":"1387396","toID":"1387392","formEdgeID":null},{"edgeID":"1812654","fromID":"1387387","toID":"1387397","formEdgeID":null},{"edgeID":"1812655","fromID":"1387397","toID":"1387393","formEdgeID":null},{"edgeID":"1812656","fromID":"1387400","toID":"1387399","formEdgeID":null},{"edgeID":"1812657","fromID":"1387401","toID":"1387400","formEdgeID":null},{"edgeID":"1812658","fromID":"1387399","toID":"1387402","formEdgeID":null},{"edgeID":"1812659","fromID":"1387402","toID":"1387398","formEdgeID":null},{"edgeID":"1812660","fromID":"1387393","toID":"1387403","formEdgeID":null},{"edgeID":"1812661","fromID":"1387403","toID":"1387399","formEdgeID":null},{"edgeID":"1812662","fromID":"1387398","toID":"1387404","formEdgeID":null},{"edgeID":"1812663","fromID":"1387404","toID":"1387375","formEdgeID":null},{"edgeID":"1812664","fromID":"1387376","toID":"1387405","formEdgeID":null},{"edgeID":"1812665","fromID":"1387405","toID":"1387399","formEdgeID":null},{"edgeID":"1812666","fromID":"1387405","toID":"1387406","formEdgeID":null},{"edgeID":"1812667","fromID":"1387406","toID":"1387404","formEdgeID":null},{"edgeID":"1812668","fromID":"1387380","toID":"1387407","formEdgeID":null},{"edgeID":"1812669","fromID":"1387407","toID":"1387398","formEdgeID":null},{"edgeID":"1812670","fromID":"1387386","toID":"1387407","formEdgeID":null},{"edgeID":"1812671","fromID":"1387392","toID":"1387407","formEdgeID":null},{"edgeID":"1812672","fromID":"1387381","toID":"1387408","formEdgeID":null},{"edgeID":"1812673","fromID":"1387408","toID":"1387393","formEdgeID":null},{"edgeID":"1812674","fromID":"1387408","toID":"1387409","formEdgeID":null},{"edgeID":"1812675","fromID":"1387409","toID":"1387407","formEdgeID":null},{"edgeID":"1812676","fromID":"1387412","toID":"1387411","formEdgeID":null},{"edgeID":"1812677","fromID":"1387413","toID":"1387412","formEdgeID":null},{"edgeID":"1812678","fromID":"1387411","toID":"1387414","formEdgeID":null},{"edgeID":"1812679","fromID":"1387414","toID":"1387410","formEdgeID":null},{"edgeID":"1812680","fromID":"1387399","toID":"1387415","formEdgeID":null},{"edgeID":"1812681","fromID":"1387415","toID":"1387411","formEdgeID":null},{"edgeID":"1812682","fromID":"1387410","toID":"1387416","formEdgeID":null},{"edgeID":"1812683","fromID":"1387416","toID":"1387398","formEdgeID":null},{"edgeID":"1812684","fromID":"1387415","toID":"1387417","formEdgeID":null},{"edgeID":"1812685","fromID":"1387417","toID":"1387416","formEdgeID":null},{"edgeID":"1812686","fromID":"1387420","toID":"1387419","formEdgeID":null},{"edgeID":"1812687","fromID":"1387421","toID":"1387420","formEdgeID":null},{"edgeID":"1812688","fromID":"1387419","toID":"1387422","formEdgeID":null},{"edgeID":"1812689","fromID":"1387422","toID":"1387418","formEdgeID":null},{"edgeID":"1812690","fromID":"1387411","toID":"1387423","formEdgeID":null},{"edgeID":"1812691","fromID":"1387423","toID":"1387419","formEdgeID":null},{"edgeID":"1812692","fromID":"1387426","toID":"1387425","formEdgeID":null},{"edgeID":"1812693","fromID":"1387427","toID":"1387426","formEdgeID":null},{"edgeID":"1812694","fromID":"1387425","toID":"1387428","formEdgeID":null},{"edgeID":"1812695","fromID":"1387428","toID":"1387424","formEdgeID":null},{"edgeID":"1812696","fromID":"1387419","toID":"1387429","formEdgeID":null},{"edgeID":"1812697","fromID":"1387429","toID":"1387425","formEdgeID":null},{"edgeID":"1812698","fromID":"1387432","toID":"1387431","formEdgeID":null},{"edgeID":"1812699","fromID":"1387433","toID":"1387432","formEdgeID":null},{"edgeID":"1812700","fromID":"1387431","toID":"1387434","formEdgeID":null},{"edgeID":"1812701","fromID":"1387434","toID":"1387430","formEdgeID":null},{"edgeID":"1812702","fromID":"1387425","toID":"1387435","formEdgeID":null},{"edgeID":"1812703","fromID":"1387435","toID":"1387431","formEdgeID":null},{"edgeID":"1812704","fromID":"1387430","toID":"1387436","formEdgeID":null},{"edgeID":"1812705","fromID":"1387436","toID":"1387410","formEdgeID":null},{"edgeID":"1812706","fromID":"1387424","toID":"1387436","formEdgeID":null},{"edgeID":"1812707","fromID":"1387418","toID":"1387436","formEdgeID":null},{"edgeID":"1812708","fromID":"1387411","toID":"1387437","formEdgeID":null},{"edgeID":"1812709","fromID":"1387437","toID":"1387431","formEdgeID":null},{"edgeID":"1812710","fromID":"1387437","toID":"1387438","formEdgeID":null},{"edgeID":"1812711","fromID":"1387438","toID":"1387436","formEdgeID":null},{"edgeID":"1812712","fromID":"1387441","toID":"1387440","formEdgeID":null},{"edgeID":"1812713","fromID":"1387442","toID":"1387441","formEdgeID":null},{"edgeID":"1812714","fromID":"1387440","toID":"1387443","formEdgeID":null},{"edgeID":"1812715","fromID":"1387443","toID":"1387439","formEdgeID":null},{"edgeID":"1812716","fromID":"1387431","toID":"1387444","formEdgeID":null},{"edgeID":"1812717","fromID":"1387444","toID":"1387440","formEdgeID":null},{"edgeID":"1812718","fromID":"1387430","toID":"1387445","formEdgeID":null},{"edgeID":"1812719","fromID":"1387445","toID":"1387439","formEdgeID":null},{"edgeID":"1812720","fromID":"1387444","toID":"1387446","formEdgeID":null},{"edgeID":"1812721","fromID":"1387446","toID":"1387445","formEdgeID":null},{"edgeID":"1812722","fromID":"1387449","toID":"1387448","formEdgeID":null},{"edgeID":"1812723","fromID":"1387450","toID":"1387449","formEdgeID":null},{"edgeID":"1812724","fromID":"1387448","toID":"1387451","formEdgeID":null},{"edgeID":"1812725","fromID":"1387451","toID":"1387447","formEdgeID":null},{"edgeID":"1812726","fromID":"1387440","toID":"1387452","formEdgeID":null},{"edgeID":"1812727","fromID":"1387452","toID":"1387448","formEdgeID":null},{"edgeID":"1812728","fromID":"1387455","toID":"1387454","formEdgeID":null},{"edgeID":"1812729","fromID":"1387456","toID":"1387455","formEdgeID":null},{"edgeID":"1812730","fromID":"1387454","toID":"1387457","formEdgeID":null},{"edgeID":"1812731","fromID":"1387457","toID":"1387453","formEdgeID":null},{"edgeID":"1812732","fromID":"1387448","toID":"1387458","formEdgeID":null},{"edgeID":"1812733","fromID":"1387458","toID":"1387454","formEdgeID":null},{"edgeID":"1812734","fromID":"1387461","toID":"1387460","formEdgeID":null},{"edgeID":"1812735","fromID":"1387462","toID":"1387461","formEdgeID":null},{"edgeID":"1812736","fromID":"1387460","toID":"1387463","formEdgeID":null},{"edgeID":"1812737","fromID":"1387463","toID":"1387459","formEdgeID":null},{"edgeID":"1812738","fromID":"1387454","toID":"1387464","formEdgeID":null},{"edgeID":"1812739","fromID":"1387464","toID":"1387460","formEdgeID":null},{"edgeID":"1812740","fromID":"1387453","toID":"1387465","formEdgeID":null},{"edgeID":"1812741","fromID":"1387465","toID":"1387459","formEdgeID":null},{"edgeID":"1812742","fromID":"1387464","toID":"1387466","formEdgeID":null},{"edgeID":"1812743","fromID":"1387466","toID":"1387465","formEdgeID":null},{"edgeID":"1812744","fromID":"1387439","toID":"1387467","formEdgeID":null},{"edgeID":"1812745","fromID":"1387467","toID":"1387447","formEdgeID":null},{"edgeID":"1812746","fromID":"1387452","toID":"1387468","formEdgeID":null},{"edgeID":"1812747","fromID":"1387468","toID":"1387467","formEdgeID":null},{"edgeID":"1812748","fromID":"1387453","toID":"1387469","formEdgeID":null},{"edgeID":"1812749","fromID":"1387469","toID":"1387439","formEdgeID":null},{"edgeID":"1812750","fromID":"1387440","toID":"1387470","formEdgeID":null},{"edgeID":"1812751","fromID":"1387470","toID":"1387454","formEdgeID":null},{"edgeID":"1812752","fromID":"1387470","toID":"1387471","formEdgeID":null},{"edgeID":"1812753","fromID":"1387471","toID":"1387469","formEdgeID":null},{"edgeID":"1812754","fromID":"1387411","toID":"1387472","formEdgeID":null},{"edgeID":"1812755","fromID":"1387472","toID":"1387425","formEdgeID":null}],"locutions":[]}