{"nodes":[{"nodeID":"1389721","text":"Melissa Unknown wants to buy her own home","type":"I","timestamp":"2023-11-09 15:07:30"},{"nodeID":"1389722","text":"Fiona Bruce: Melissa wants to buy her own home","type":"L","timestamp":"2023-11-09 15:07:30"},{"nodeID":"1389723","text":"Analysing","type":"YA","timestamp":"2023-11-09 15:07:30"},{"nodeID":"1389724","text":"Nette: Fiona Bruce: Melissa wants to buy her own home","type":"L","timestamp":"2023-11-09 15:07:30"},{"nodeID":"1389725","text":"Asserting","type":"YA","timestamp":"2023-11-09 15:07:30"},{"nodeID":"1389726","text":"there's something that links all three of the questions that we've been talking about today, about whether it's migration, climate change or housing","type":"I","timestamp":"2023-11-09 15:07:30"},{"nodeID":"1389727","text":"Danny Sriskandarajah: there's something that links all three of the questions that we've been talking about today, about whether it's migration, climate change or housing","type":"L","timestamp":"2023-11-09 15:07:30"},{"nodeID":"1389728","text":"Analysing","type":"YA","timestamp":"2023-11-09 15:07:30"},{"nodeID":"1389729","text":"Nette: Danny Sriskandarajah: there's something that links all three of the questions that we've been talking about today, about whether it's migration, climate change or housing","type":"L","timestamp":"2023-11-09 15:07:30"},{"nodeID":"1389730","text":"Asserting","type":"YA","timestamp":"2023-11-09 15:07:30"},{"nodeID":"1389731","text":"the thing that links the three questions that we've been talking about today is that we've got a political system in which short termism trumps long termism","type":"I","timestamp":"2023-11-09 15:07:31"},{"nodeID":"1389732","text":"Danny Sriskandarajah: it's we've got a political system in which short termism trumps long termism","type":"L","timestamp":"2023-11-09 15:07:31"},{"nodeID":"1389733","text":"Analysing","type":"YA","timestamp":"2023-11-09 15:07:31"},{"nodeID":"1389734","text":"Nette: Danny Sriskandarajah: it's we've got a political system in which short termism trumps long termism","type":"L","timestamp":"2023-11-09 15:07:31"},{"nodeID":"1389735","text":"Asserting","type":"YA","timestamp":"2023-11-09 15:07:31"},{"nodeID":"1389736","text":"Default Transition","type":"TA","timestamp":"2023-11-09 15:07:31"},{"nodeID":"1389737","text":"Default Transition","type":"TA","timestamp":"2023-11-09 15:07:31"},{"nodeID":"1389738","text":"tonight 800 million will go to bed hungry around the world","type":"I","timestamp":"2023-11-09 15:07:31"},{"nodeID":"1389739","text":"Danny Sriskandarajah: Tonight 800 million will go to bed hungry around the world","type":"L","timestamp":"2023-11-09 15:07:31"},{"nodeID":"1389740","text":"Analysing","type":"YA","timestamp":"2023-11-09 15:07:31"},{"nodeID":"1389741","text":"Nette: Danny Sriskandarajah: Tonight 800 million will go to bed hungry around the world","type":"L","timestamp":"2023-11-09 15:07:31"},{"nodeID":"1389742","text":"Asserting","type":"YA","timestamp":"2023-11-09 15:07:31"},{"nodeID":"1389743","text":"our Government is cutting the aid budget","type":"I","timestamp":"2023-11-09 15:07:32"},{"nodeID":"1389744","text":"Danny Sriskandarajah: our Government is cutting the aid budget","type":"L","timestamp":"2023-11-09 15:07:32"},{"nodeID":"1389745","text":"Analysing","type":"YA","timestamp":"2023-11-09 15:07:32"},{"nodeID":"1389746","text":"Nette: Danny Sriskandarajah: our Government is cutting the aid budget","type":"L","timestamp":"2023-11-09 15:07:32"},{"nodeID":"1389747","text":"Asserting","type":"YA","timestamp":"2023-11-09 15:07:32"},{"nodeID":"1389748","text":"Default Transition","type":"TA","timestamp":"2023-11-09 15:07:32"},{"nodeID":"1389749","text":"Default Transition","type":"TA","timestamp":"2023-11-09 15:07:32"},{"nodeID":"1389750","text":"Default Conflict","type":"CA","timestamp":"2023-11-09 15:07:32"},{"nodeID":"1389751","text":"Disagreeing","type":"YA","timestamp":"2023-11-09 15:07:32"},{"nodeID":"1389752","text":"mobility and the factors that drive it are long term","type":"I","timestamp":"2023-11-09 15:07:33"},{"nodeID":"1389753","text":"Danny Sriskandarajah: Mobility and the factors that drive it are long term","type":"L","timestamp":"2023-11-09 15:07:33"},{"nodeID":"1389754","text":"Analysing","type":"YA","timestamp":"2023-11-09 15:07:33"},{"nodeID":"1389755","text":"Nette: Danny Sriskandarajah: Mobility and the factors that drive it are long term","type":"L","timestamp":"2023-11-09 15:07:33"},{"nodeID":"1389756","text":"Asserting","type":"YA","timestamp":"2023-11-09 15:07:33"},{"nodeID":"1389757","text":"Default Transition","type":"TA","timestamp":"2023-11-09 15:07:33"},{"nodeID":"1389758","text":"mobility and the factors that drive it are going to get worse","type":"I","timestamp":"2023-11-09 15:07:33"},{"nodeID":"1389759","text":"Danny Sriskandarajah: are going to get worse","type":"L","timestamp":"2023-11-09 15:07:33"},{"nodeID":"1389760","text":"Analysing","type":"YA","timestamp":"2023-11-09 15:07:33"},{"nodeID":"1389761","text":"Nette: Danny Sriskandarajah: are going to get worse","type":"L","timestamp":"2023-11-09 15:07:33"},{"nodeID":"1389762","text":"Asserting","type":"YA","timestamp":"2023-11-09 15:07:33"},{"nodeID":"1389763","text":"we need long term solutions for mobility and the factors that drive it","type":"I","timestamp":"2023-11-09 15:07:34"},{"nodeID":"1389764","text":"Danny Sriskandarajah: We need long term solutions","type":"L","timestamp":"2023-11-09 15:07:34"},{"nodeID":"1389765","text":"Analysing","type":"YA","timestamp":"2023-11-09 15:07:34"},{"nodeID":"1389766","text":"Nette: Danny Sriskandarajah: We need long term solutions","type":"L","timestamp":"2023-11-09 15:07:34"},{"nodeID":"1389767","text":"Asserting","type":"YA","timestamp":"2023-11-09 15:07:34"},{"nodeID":"1389768","text":"Default Inference","type":"RA","timestamp":"2023-11-09 15:07:34"},{"nodeID":"1389769","text":"Default Transition","type":"TA","timestamp":"2023-11-09 15:07:34"},{"nodeID":"1389770","text":"Default Transition","type":"TA","timestamp":"2023-11-09 15:07:34"},{"nodeID":"1389771","text":"Arguing","type":"YA","timestamp":"2023-11-09 15:07:34"},{"nodeID":"1389772","text":"we are not doing as much as we can to deliver intergenerational justice","type":"I","timestamp":"2023-11-09 15:07:34"},{"nodeID":"1389773","text":"Danny Sriskandarajah: are we doing as much as we can to deliver intergenerational justice","type":"L","timestamp":"2023-11-09 15:07:34"},{"nodeID":"1389774","text":"Analysing","type":"YA","timestamp":"2023-11-09 15:07:34"},{"nodeID":"1389775","text":"Nette: Danny Sriskandarajah: are we doing as much as we can to deliver intergenerational justice","type":"L","timestamp":"2023-11-09 15:07:34"},{"nodeID":"1389776","text":"Rhetorical Questioning","type":"YA","timestamp":"2023-11-09 15:07:34"},{"nodeID":"1389777","text":"Default Transition","type":"TA","timestamp":"2023-11-09 15:07:34"},{"nodeID":"1389778","text":"we are not doing as much as we can for housing","type":"I","timestamp":"2023-11-09 15:07:35"},{"nodeID":"1389779","text":"Danny Sriskandarajah: the same goes for housing","type":"L","timestamp":"2023-11-09 15:07:35"},{"nodeID":"1389780","text":"Analysing","type":"YA","timestamp":"2023-11-09 15:07:35"},{"nodeID":"1389781","text":"Nette: Danny Sriskandarajah: the same goes for housing","type":"L","timestamp":"2023-11-09 15:07:35"},{"nodeID":"1389782","text":"Asserting","type":"YA","timestamp":"2023-11-09 15:07:35"},{"nodeID":"1389783","text":"we're scared to tackle inequality","type":"I","timestamp":"2023-11-09 15:07:36"},{"nodeID":"1389784","text":"Danny Sriskandarajah: We're scared to tackle inequality","type":"L","timestamp":"2023-11-09 15:07:36"},{"nodeID":"1389785","text":"Analysing","type":"YA","timestamp":"2023-11-09 15:07:36"},{"nodeID":"1389786","text":"Nette: Danny Sriskandarajah: We're scared to tackle inequality","type":"L","timestamp":"2023-11-09 15:07:36"},{"nodeID":"1389787","text":"Asserting","type":"YA","timestamp":"2023-11-09 15:07:36"},{"nodeID":"1389788","text":"Default Transition","type":"TA","timestamp":"2023-11-09 15:07:36"},{"nodeID":"1389789","text":"Default Transition","type":"TA","timestamp":"2023-11-09 15:07:36"},{"nodeID":"1389790","text":"those who happen to have wealth are seeing their wealth accumulate at greater rates than we've seen in history","type":"I","timestamp":"2023-11-09 15:07:36"},{"nodeID":"1389791","text":"Danny Sriskandarajah: Those who happen to have wealth are seeing their wealth accumulate at greater rates than we've seen in history","type":"L","timestamp":"2023-11-09 15:07:36"},{"nodeID":"1389792","text":"Analysing","type":"YA","timestamp":"2023-11-09 15:07:36"},{"nodeID":"1389793","text":"Nette: Danny Sriskandarajah: Those who happen to have wealth are seeing their wealth accumulate at greater rates than we've seen in history","type":"L","timestamp":"2023-11-09 15:07:36"},{"nodeID":"1389794","text":"Asserting","type":"YA","timestamp":"2023-11-09 15:07:36"},{"nodeID":"1389795","text":"Default Transition","type":"TA","timestamp":"2023-11-09 15:07:36"},{"nodeID":"1389796","text":"young people can't get on the property ladder","type":"I","timestamp":"2023-11-09 15:07:37"},{"nodeID":"1389797","text":"Danny Sriskandarajah: young people can't get on the property ladder","type":"L","timestamp":"2023-11-09 15:07:37"},{"nodeID":"1389798","text":"Analysing","type":"YA","timestamp":"2023-11-09 15:07:37"},{"nodeID":"1389799","text":"Nette: Danny Sriskandarajah: young people can't get on the property ladder","type":"L","timestamp":"2023-11-09 15:07:37"},{"nodeID":"1389800","text":"Asserting","type":"YA","timestamp":"2023-11-09 15:07:37"},{"nodeID":"1389801","text":"Default Transition","type":"TA","timestamp":"2023-11-09 15:07:37"},{"nodeID":"1389802","text":"Default Conflict","type":"CA","timestamp":"2023-11-09 15:07:37"},{"nodeID":"1389803","text":"Disagreeing","type":"YA","timestamp":"2023-11-09 15:07:37"},{"nodeID":"1389804","text":"Default Inference","type":"RA","timestamp":"2023-11-09 15:07:37"},{"nodeID":"1389805","text":"Default Inference","type":"RA","timestamp":"2023-11-09 15:07:37"},{"nodeID":"1389806","text":"Arguing","type":"YA","timestamp":"2023-11-09 15:07:37"},{"nodeID":"1389807","text":"Arguing","type":"YA","timestamp":"2023-11-09 15:07:37"}],"edges":[{"edgeID":"1815443","fromID":"1389723","toID":"1389722","formEdgeID":null},{"edgeID":"1815444","fromID":"1389724","toID":"1389723","formEdgeID":null},{"edgeID":"1815445","fromID":"1389722","toID":"1389725","formEdgeID":null},{"edgeID":"1815446","fromID":"1389725","toID":"1389721","formEdgeID":null},{"edgeID":"1815447","fromID":"1389728","toID":"1389727","formEdgeID":null},{"edgeID":"1815448","fromID":"1389729","toID":"1389728","formEdgeID":null},{"edgeID":"1815449","fromID":"1389727","toID":"1389730","formEdgeID":null},{"edgeID":"1815450","fromID":"1389730","toID":"1389726","formEdgeID":null},{"edgeID":"1815451","fromID":"1389733","toID":"1389732","formEdgeID":null},{"edgeID":"1815452","fromID":"1389734","toID":"1389733","formEdgeID":null},{"edgeID":"1815453","fromID":"1389732","toID":"1389735","formEdgeID":null},{"edgeID":"1815454","fromID":"1389735","toID":"1389731","formEdgeID":null},{"edgeID":"1815455","fromID":"1389727","toID":"1389736","formEdgeID":null},{"edgeID":"1815456","fromID":"1389736","toID":"1389732","formEdgeID":null},{"edgeID":"1815457","fromID":"1389722","toID":"1389737","formEdgeID":null},{"edgeID":"1815458","fromID":"1389737","toID":"1389727","formEdgeID":null},{"edgeID":"1815459","fromID":"1389740","toID":"1389739","formEdgeID":null},{"edgeID":"1815460","fromID":"1389741","toID":"1389740","formEdgeID":null},{"edgeID":"1815461","fromID":"1389739","toID":"1389742","formEdgeID":null},{"edgeID":"1815462","fromID":"1389742","toID":"1389738","formEdgeID":null},{"edgeID":"1815463","fromID":"1389745","toID":"1389744","formEdgeID":null},{"edgeID":"1815464","fromID":"1389746","toID":"1389745","formEdgeID":null},{"edgeID":"1815465","fromID":"1389744","toID":"1389747","formEdgeID":null},{"edgeID":"1815466","fromID":"1389747","toID":"1389743","formEdgeID":null},{"edgeID":"1815467","fromID":"1389732","toID":"1389748","formEdgeID":null},{"edgeID":"1815468","fromID":"1389748","toID":"1389739","formEdgeID":null},{"edgeID":"1815469","fromID":"1389739","toID":"1389749","formEdgeID":null},{"edgeID":"1815470","fromID":"1389749","toID":"1389744","formEdgeID":null},{"edgeID":"1815471","fromID":"1389743","toID":"1389750","formEdgeID":null},{"edgeID":"1815472","fromID":"1389750","toID":"1389738","formEdgeID":null},{"edgeID":"1815473","fromID":"1389749","toID":"1389751","formEdgeID":null},{"edgeID":"1815474","fromID":"1389751","toID":"1389750","formEdgeID":null},{"edgeID":"1815475","fromID":"1389754","toID":"1389753","formEdgeID":null},{"edgeID":"1815476","fromID":"1389755","toID":"1389754","formEdgeID":null},{"edgeID":"1815477","fromID":"1389753","toID":"1389756","formEdgeID":null},{"edgeID":"1815478","fromID":"1389756","toID":"1389752","formEdgeID":null},{"edgeID":"1815479","fromID":"1389744","toID":"1389757","formEdgeID":null},{"edgeID":"1815480","fromID":"1389757","toID":"1389753","formEdgeID":null},{"edgeID":"1815481","fromID":"1389760","toID":"1389759","formEdgeID":null},{"edgeID":"1815482","fromID":"1389761","toID":"1389760","formEdgeID":null},{"edgeID":"1815483","fromID":"1389759","toID":"1389762","formEdgeID":null},{"edgeID":"1815484","fromID":"1389762","toID":"1389758","formEdgeID":null},{"edgeID":"1815485","fromID":"1389765","toID":"1389764","formEdgeID":null},{"edgeID":"1815486","fromID":"1389766","toID":"1389765","formEdgeID":null},{"edgeID":"1815487","fromID":"1389764","toID":"1389767","formEdgeID":null},{"edgeID":"1815488","fromID":"1389767","toID":"1389763","formEdgeID":null},{"edgeID":"1815489","fromID":"1389752","toID":"1389768","formEdgeID":null},{"edgeID":"1815490","fromID":"1389768","toID":"1389763","formEdgeID":null},{"edgeID":"1815491","fromID":"1389758","toID":"1389768","formEdgeID":null},{"edgeID":"1815492","fromID":"1389753","toID":"1389769","formEdgeID":null},{"edgeID":"1815493","fromID":"1389769","toID":"1389764","formEdgeID":null},{"edgeID":"1815494","fromID":"1389759","toID":"1389770","formEdgeID":null},{"edgeID":"1815495","fromID":"1389770","toID":"1389764","formEdgeID":null},{"edgeID":"1815496","fromID":"1389770","toID":"1389771","formEdgeID":null},{"edgeID":"1815497","fromID":"1389771","toID":"1389768","formEdgeID":null},{"edgeID":"1815498","fromID":"1389774","toID":"1389773","formEdgeID":null},{"edgeID":"1815499","fromID":"1389775","toID":"1389774","formEdgeID":null},{"edgeID":"1815500","fromID":"1389773","toID":"1389776","formEdgeID":null},{"edgeID":"1815501","fromID":"1389776","toID":"1389772","formEdgeID":null},{"edgeID":"1815502","fromID":"1389764","toID":"1389777","formEdgeID":null},{"edgeID":"1815503","fromID":"1389777","toID":"1389773","formEdgeID":null},{"edgeID":"1815504","fromID":"1389780","toID":"1389779","formEdgeID":null},{"edgeID":"1815505","fromID":"1389781","toID":"1389780","formEdgeID":null},{"edgeID":"1815506","fromID":"1389779","toID":"1389782","formEdgeID":null},{"edgeID":"1815507","fromID":"1389782","toID":"1389778","formEdgeID":null},{"edgeID":"1815508","fromID":"1389785","toID":"1389784","formEdgeID":null},{"edgeID":"1815509","fromID":"1389786","toID":"1389785","formEdgeID":null},{"edgeID":"1815510","fromID":"1389784","toID":"1389787","formEdgeID":null},{"edgeID":"1815511","fromID":"1389787","toID":"1389783","formEdgeID":null},{"edgeID":"1815512","fromID":"1389773","toID":"1389788","formEdgeID":null},{"edgeID":"1815513","fromID":"1389788","toID":"1389784","formEdgeID":null},{"edgeID":"1815514","fromID":"1389779","toID":"1389789","formEdgeID":null},{"edgeID":"1815515","fromID":"1389789","toID":"1389784","formEdgeID":null},{"edgeID":"1815516","fromID":"1389792","toID":"1389791","formEdgeID":null},{"edgeID":"1815517","fromID":"1389793","toID":"1389792","formEdgeID":null},{"edgeID":"1815518","fromID":"1389791","toID":"1389794","formEdgeID":null},{"edgeID":"1815519","fromID":"1389794","toID":"1389790","formEdgeID":null},{"edgeID":"1815520","fromID":"1389784","toID":"1389795","formEdgeID":null},{"edgeID":"1815521","fromID":"1389795","toID":"1389791","formEdgeID":null},{"edgeID":"1815522","fromID":"1389798","toID":"1389797","formEdgeID":null},{"edgeID":"1815523","fromID":"1389799","toID":"1389798","formEdgeID":null},{"edgeID":"1815524","fromID":"1389797","toID":"1389800","formEdgeID":null},{"edgeID":"1815525","fromID":"1389800","toID":"1389796","formEdgeID":null},{"edgeID":"1815526","fromID":"1389791","toID":"1389801","formEdgeID":null},{"edgeID":"1815527","fromID":"1389801","toID":"1389797","formEdgeID":null},{"edgeID":"1815528","fromID":"1389796","toID":"1389802","formEdgeID":null},{"edgeID":"1815529","fromID":"1389802","toID":"1389790","formEdgeID":null},{"edgeID":"1815530","fromID":"1389801","toID":"1389803","formEdgeID":null},{"edgeID":"1815531","fromID":"1389803","toID":"1389802","formEdgeID":null},{"edgeID":"1815532","fromID":"1389783","toID":"1389804","formEdgeID":null},{"edgeID":"1815533","fromID":"1389804","toID":"1389778","formEdgeID":null},{"edgeID":"1815534","fromID":"1389783","toID":"1389805","formEdgeID":null},{"edgeID":"1815535","fromID":"1389805","toID":"1389772","formEdgeID":null},{"edgeID":"1815536","fromID":"1389788","toID":"1389806","formEdgeID":null},{"edgeID":"1815537","fromID":"1389806","toID":"1389805","formEdgeID":null},{"edgeID":"1815538","fromID":"1389789","toID":"1389807","formEdgeID":null},{"edgeID":"1815539","fromID":"1389807","toID":"1389804","formEdgeID":null}],"locutions":[]}