{"nodes":[{"nodeID":"1322990","text":"we need to build more houses","type":"I","timestamp":"2023-11-09 13:28:04"},{"nodeID":"1390048","text":"there is a family here with an 18 year old niece who's here tonight","type":"I","timestamp":"2023-11-09 15:07:58"},{"nodeID":"1390049","text":"Fraser Nelson: I've got family here who've got an 18 year old niece who's here tonight","type":"L","timestamp":"2023-11-09 15:07:58"},{"nodeID":"1390050","text":"Analysing","type":"YA","timestamp":"2023-11-09 15:07:58"},{"nodeID":"1390051","text":"Anon: Fraser Nelson: I've got family here who've got an 18 year old niece who's here tonight","type":"L","timestamp":"2023-11-09 15:07:58"},{"nodeID":"1390052","text":"Asserting","type":"YA","timestamp":"2023-11-09 15:07:58"},{"nodeID":"1390053","text":"her chances are XXX being able to buy a house, like Hannah","type":"I","timestamp":"2023-11-09 15:07:58"},{"nodeID":"1390054","text":"Fraser Nelson: what are her chances of like Hannah being able to buy a house?","type":"L","timestamp":"2023-11-09 15:07:58"},{"nodeID":"1390055","text":"Analysing","type":"YA","timestamp":"2023-11-09 15:07:58"},{"nodeID":"1390056","text":"Anon: Fraser Nelson: what are her chances of like Hannah being able to buy a house?","type":"L","timestamp":"2023-11-09 15:07:58"},{"nodeID":"1390057","text":"Pure Questioning","type":"YA","timestamp":"2023-11-09 15:07:58"},{"nodeID":"1390058","text":"Default Transition","type":"TA","timestamp":"2023-11-09 15:07:58"},{"nodeID":"1390059","text":"when you pick up the local press in Bristol, every time somebody wants to do a housing development there are protests galore","type":"I","timestamp":"2023-11-09 15:07:59"},{"nodeID":"1390060","text":"Fraser Nelson:  when you pick up the local press here, every time somebody wants to do a housing development there are protests galore","type":"L","timestamp":"2023-11-09 15:07:59"},{"nodeID":"1390061","text":"Analysing","type":"YA","timestamp":"2023-11-09 15:07:59"},{"nodeID":"1390062","text":"Anon: Fraser Nelson:  when you pick up the local press here, every time somebody wants to do a housing development there are protests galore","type":"L","timestamp":"2023-11-09 15:07:59"},{"nodeID":"1390063","text":"Asserting","type":"YA","timestamp":"2023-11-09 15:07:59"},{"nodeID":"1390064","text":"Default Transition","type":"TA","timestamp":"2023-11-09 15:07:59"},{"nodeID":"1390065","text":"every time and time and time again there are protests","type":"I","timestamp":"2023-11-09 15:08:00"},{"nodeID":"1390066","text":"Fraser Nelson: every time and time and time again","type":"L","timestamp":"2023-11-09 15:08:00"},{"nodeID":"1390067","text":"Analysing","type":"YA","timestamp":"2023-11-09 15:08:00"},{"nodeID":"1390068","text":"Anon: Fraser Nelson: every time and time and time again","type":"L","timestamp":"2023-11-09 15:08:00"},{"nodeID":"1390069","text":"Asserting","type":"YA","timestamp":"2023-11-09 15:08:00"},{"nodeID":"1390070","text":"Default Transition","type":"TA","timestamp":"2023-11-09 15:08:00"},{"nodeID":"1390071","text":"it seems to be an imbalance in attitudes towards housing","type":"I","timestamp":"2023-11-09 15:08:00"},{"nodeID":"1390072","text":"Fraser Nelson: it seems to be an imbalance here.","type":"L","timestamp":"2023-11-09 15:08:00"},{"nodeID":"1390073","text":"Analysing","type":"YA","timestamp":"2023-11-09 15:08:00"},{"nodeID":"1390074","text":"Anon: Fraser Nelson: it seems to be an imbalance here.","type":"L","timestamp":"2023-11-09 15:08:00"},{"nodeID":"1390075","text":"Asserting","type":"YA","timestamp":"2023-11-09 15:08:00"},{"nodeID":"1390076","text":"Default Transition","type":"TA","timestamp":"2023-11-09 15:08:00"},{"nodeID":"1390077","text":"Default Rephrase","type":"MA","timestamp":"2023-11-09 15:08:00"},{"nodeID":"1390078","text":"Restating","type":"YA","timestamp":"2023-11-09 15:08:00"},{"nodeID":"1390079","text":"in general elections people say yes, we want more houses","type":"I","timestamp":"2023-11-09 15:08:01"},{"nodeID":"1390080","text":"Fraser Nelson: In general elections people say yes, we want more houses","type":"L","timestamp":"2023-11-09 15:08:01"},{"nodeID":"1390081","text":"Analysing","type":"YA","timestamp":"2023-11-09 15:08:01"},{"nodeID":"1390082","text":"Anon: Fraser Nelson: In general elections people say yes, we want more houses","type":"L","timestamp":"2023-11-09 15:08:01"},{"nodeID":"1390083","text":"Asserting","type":"YA","timestamp":"2023-11-09 15:08:01"},{"nodeID":"1390084","text":"when it comes to on a local basis, the NIMBYs, who oppose housing projects seem to speak more loudly than young people who support the housing projects","type":"I","timestamp":"2023-11-09 15:08:02"},{"nodeID":"1390085","text":"Fraser Nelson: when it comes to on a local basis, the NIMBYs seem to speak more loudly than young people","type":"L","timestamp":"2023-11-09 15:08:02"},{"nodeID":"1390086","text":"Analysing","type":"YA","timestamp":"2023-11-09 15:08:02"},{"nodeID":"1390087","text":"Anon: Fraser Nelson: when it comes to on a local basis, the NIMBYs seem to speak more loudly than young people","type":"L","timestamp":"2023-11-09 15:08:02"},{"nodeID":"1390088","text":"Asserting","type":"YA","timestamp":"2023-11-09 15:08:02"},{"nodeID":"1390089","text":"Emily Thornberry is absolutely right in what she says about we need to build more houses","type":"I","timestamp":"2023-11-09 15:08:02"},{"nodeID":"1390090","text":"Fraser Nelson: Emily's absolutely right in what she says about we need to build more houses","type":"L","timestamp":"2023-11-09 15:08:02"},{"nodeID":"1390091","text":"Analysing","type":"YA","timestamp":"2023-11-09 15:08:02"},{"nodeID":"1390092","text":"Anon: Fraser Nelson: Emily's absolutely right in what she says about we need to build more houses","type":"L","timestamp":"2023-11-09 15:08:02"},{"nodeID":"1390093","text":"Asserting","type":"YA","timestamp":"2023-11-09 15:08:02"},{"nodeID":"1390094","text":"Default Transition","type":"TA","timestamp":"2023-11-09 15:08:02"},{"nodeID":"1390095","text":"we need Labour councils to be saying yes to housing development projects","type":"I","timestamp":"2023-11-09 15:08:03"},{"nodeID":"1390096","text":"Fraser Nelson:  we need Labour councils to be saying yes","type":"L","timestamp":"2023-11-09 15:08:03"},{"nodeID":"1390097","text":"Analysing","type":"YA","timestamp":"2023-11-09 15:08:03"},{"nodeID":"1390098","text":"Anon: Fraser Nelson:  we need Labour councils to be saying yes","type":"L","timestamp":"2023-11-09 15:08:03"},{"nodeID":"1390099","text":"Asserting","type":"YA","timestamp":"2023-11-09 15:08:03"},{"nodeID":"1390100","text":"Default Transition","type":"TA","timestamp":"2023-11-09 15:08:03"},{"nodeID":"1390101","text":"Fraser Nelson: we need to build more houses","type":"L","timestamp":"2023-11-09 15:08:03"},{"nodeID":"1390102","text":"Analysing","type":"YA","timestamp":"2023-11-09 15:08:03"},{"nodeID":"1390103","text":"Anon: Fraser Nelson: we need to build more houses","type":"L","timestamp":"2023-11-09 15:08:03"},{"nodeID":"1390104","text":"Asserting","type":"YA","timestamp":"2023-11-09 15:08:03"},{"nodeID":"1390105","text":"Default Transition","type":"TA","timestamp":"2023-11-09 15:08:03"},{"nodeID":"1390106","text":"Default Rephrase","type":"MA","timestamp":"2023-11-09 15:08:03"},{"nodeID":"1390107","text":"Restating","type":"YA","timestamp":"2023-11-09 15:08:03"},{"nodeID":"1390108","text":"Emily Thornberry: I think we do.","type":"L","timestamp":"2023-11-09 15:08:03"},{"nodeID":"1390109","text":"Analysing","type":"YA","timestamp":"2023-11-09 15:08:03"},{"nodeID":"1390110","text":"Anon: Emily Thornberry: I think we do.","type":"L","timestamp":"2023-11-09 15:08:03"},{"nodeID":"1390111","text":"Default Transition","type":"TA","timestamp":"2023-11-09 15:08:03"},{"nodeID":"1390112","text":"Agreeing","type":"YA","timestamp":"2023-11-09 15:08:03"},{"nodeID":"1390113","text":"the housing problem isn't a party political issue","type":"I","timestamp":"2023-11-09 15:08:04"},{"nodeID":"1390114","text":"Fraser Nelson: this isn't a party political issue","type":"L","timestamp":"2023-11-09 15:08:04"},{"nodeID":"1390115","text":"Analysing","type":"YA","timestamp":"2023-11-09 15:08:04"},{"nodeID":"1390116","text":"Anon: Fraser Nelson: this isn't a party political issue","type":"L","timestamp":"2023-11-09 15:08:04"},{"nodeID":"1390117","text":"Asserting","type":"YA","timestamp":"2023-11-09 15:08:04"},{"nodeID":"1390118","text":"Default Rephrase","type":"MA","timestamp":"2023-11-09 15:08:04"},{"nodeID":"1390119","text":"Default Transition","type":"TA","timestamp":"2023-11-09 15:08:04"},{"nodeID":"1390120","text":"Restating","type":"YA","timestamp":"2023-11-09 15:08:04"},{"nodeID":"1390121","text":"the councils in general are way more swayed by NIMBY voices than they are with people like Hannah","type":"I","timestamp":"2023-11-09 15:08:04"},{"nodeID":"1390122","text":"Fraser Nelson: the councils in general are way more swayed by NIMBY voices than they are with people like Hannah","type":"L","timestamp":"2023-11-09 15:08:04"},{"nodeID":"1390123","text":"Analysing","type":"YA","timestamp":"2023-11-09 15:08:04"},{"nodeID":"1390124","text":"Anon: Fraser Nelson: the councils in general are way more swayed by NIMBY voices than they are with people like Hannah","type":"L","timestamp":"2023-11-09 15:08:04"},{"nodeID":"1390125","text":"Asserting","type":"YA","timestamp":"2023-11-09 15:08:04"},{"nodeID":"1390126","text":"Default Transition","type":"TA","timestamp":"2023-11-09 15:08:04"},{"nodeID":"1390127","text":"Emily Thornberry's Labour council tries to build houses wherever they can","type":"I","timestamp":"2023-11-09 15:08:05"},{"nodeID":"1390128","text":"Emily Thornberry: My Labour council tries to build houses wherever they can","type":"L","timestamp":"2023-11-09 15:08:05"},{"nodeID":"1390129","text":"Analysing","type":"YA","timestamp":"2023-11-09 15:08:05"},{"nodeID":"1390130","text":"Anon: Emily Thornberry: My Labour council tries to build houses wherever they can","type":"L","timestamp":"2023-11-09 15:08:05"},{"nodeID":"1390131","text":"Asserting","type":"YA","timestamp":"2023-11-09 15:08:05"},{"nodeID":"1390132","text":"Default Conflict","type":"CA","timestamp":"2023-11-09 15:08:05"},{"nodeID":"1390133","text":"Default Transition","type":"TA","timestamp":"2023-11-09 15:08:05"},{"nodeID":"1390134","text":"Disagreeing","type":"YA","timestamp":"2023-11-09 15:08:05"},{"nodeID":"1390135","text":"the joke in Emily Thornberry's constituency is if you move your car in the morning, you come back, there's a flat there","type":"I","timestamp":"2023-11-09 15:08:06"},{"nodeID":"1390136","text":"Emily Thornberry: The joke in my constituency is if you move your car in the morning, you come back, there's a flat there","type":"L","timestamp":"2023-11-09 15:08:06"},{"nodeID":"1390137","text":"Analysing","type":"YA","timestamp":"2023-11-09 15:08:06"},{"nodeID":"1390138","text":"Anon: Emily Thornberry: The joke in my constituency is if you move your car in the morning, you come back, there's a flat there","type":"L","timestamp":"2023-11-09 15:08:06"},{"nodeID":"1390139","text":"Asserting","type":"YA","timestamp":"2023-11-09 15:08:06"},{"nodeID":"1390140","text":"Default Transition","type":"TA","timestamp":"2023-11-09 15:08:06"},{"nodeID":"1390141","text":"we really are trying to build as much as we can because they haven't got very much land","type":"I","timestamp":"2023-11-09 15:08:06"},{"nodeID":"1390142","text":"Emily Thornberry: we really are trying to build as much as we can because they haven't got very much land","type":"L","timestamp":"2023-11-09 15:08:06"},{"nodeID":"1390143","text":"Analysing","type":"YA","timestamp":"2023-11-09 15:08:06"},{"nodeID":"1390144","text":"Anon: Emily Thornberry: we really are trying to build as much as we can because they haven't got very much land","type":"L","timestamp":"2023-11-09 15:08:06"},{"nodeID":"1390145","text":"Asserting","type":"YA","timestamp":"2023-11-09 15:08:06"},{"nodeID":"1390146","text":"Default Transition","type":"TA","timestamp":"2023-11-09 15:08:06"},{"nodeID":"1390147","text":"Fraser Nelson doesn't think anybody can accuse Bristol Council of taking that view","type":"I","timestamp":"2023-11-09 15:08:07"},{"nodeID":"1390148","text":"Fraser Nelson: I don't think anybody can accuse Bristol Council of taking that view","type":"L","timestamp":"2023-11-09 15:08:07"},{"nodeID":"1390149","text":"Analysing","type":"YA","timestamp":"2023-11-09 15:08:07"},{"nodeID":"1390150","text":"Anon: Fraser Nelson: I don't think anybody can accuse Bristol Council of taking that view","type":"L","timestamp":"2023-11-09 15:08:07"},{"nodeID":"1390151","text":"Asserting","type":"YA","timestamp":"2023-11-09 15:08:07"},{"nodeID":"1390152","text":"Default Transition","type":"TA","timestamp":"2023-11-09 15:08:07"},{"nodeID":"1390153","text":"Default Conflict","type":"CA","timestamp":"2023-11-09 15:08:07"},{"nodeID":"1390154","text":"Disagreeing","type":"YA","timestamp":"2023-11-09 15:08:07"},{"nodeID":"1390155","text":"Default Inference","type":"RA","timestamp":"2023-11-09 15:08:07"},{"nodeID":"1390156","text":"Arguing","type":"YA","timestamp":"2023-11-09 15:08:07"},{"nodeID":"1390157","text":"Default Inference","type":"RA","timestamp":"2023-11-09 15:08:07"},{"nodeID":"1390158","text":"Arguing","type":"YA","timestamp":"2023-11-09 15:08:07"},{"nodeID":"1390159","text":"Default Inference","type":"RA","timestamp":"2023-11-09 15:08:07"},{"nodeID":"1390160","text":"Arguing","type":"YA","timestamp":"2023-11-09 15:08:07"},{"nodeID":"1390161","text":"Default Inference","type":"RA","timestamp":"2023-11-09 15:08:07"},{"nodeID":"1390162","text":"Default Transition","type":"TA","timestamp":"2023-11-09 15:08:07"},{"nodeID":"1390163","text":"Default Transition","type":"TA","timestamp":"2023-11-09 15:08:07"},{"nodeID":"1390164","text":"Arguing","type":"YA","timestamp":"2023-11-09 15:08:07"}],"edges":[{"edgeID":"1815832","fromID":"1390050","toID":"1390049","formEdgeID":null},{"edgeID":"1815833","fromID":"1390051","toID":"1390050","formEdgeID":null},{"edgeID":"1815834","fromID":"1390049","toID":"1390052","formEdgeID":null},{"edgeID":"1815835","fromID":"1390052","toID":"1390048","formEdgeID":null},{"edgeID":"1815836","fromID":"1390055","toID":"1390054","formEdgeID":null},{"edgeID":"1815837","fromID":"1390056","toID":"1390055","formEdgeID":null},{"edgeID":"1815838","fromID":"1390054","toID":"1390057","formEdgeID":null},{"edgeID":"1815839","fromID":"1390057","toID":"1390053","formEdgeID":null},{"edgeID":"1815840","fromID":"1390049","toID":"1390058","formEdgeID":null},{"edgeID":"1815841","fromID":"1390058","toID":"1390054","formEdgeID":null},{"edgeID":"1815842","fromID":"1390061","toID":"1390060","formEdgeID":null},{"edgeID":"1815843","fromID":"1390062","toID":"1390061","formEdgeID":null},{"edgeID":"1815844","fromID":"1390060","toID":"1390063","formEdgeID":null},{"edgeID":"1815845","fromID":"1390063","toID":"1390059","formEdgeID":null},{"edgeID":"1815846","fromID":"1390054","toID":"1390064","formEdgeID":null},{"edgeID":"1815847","fromID":"1390064","toID":"1390060","formEdgeID":null},{"edgeID":"1815848","fromID":"1390067","toID":"1390066","formEdgeID":null},{"edgeID":"1815849","fromID":"1390068","toID":"1390067","formEdgeID":null},{"edgeID":"1815850","fromID":"1390066","toID":"1390069","formEdgeID":null},{"edgeID":"1815851","fromID":"1390069","toID":"1390065","formEdgeID":null},{"edgeID":"1815852","fromID":"1390060","toID":"1390070","formEdgeID":null},{"edgeID":"1815853","fromID":"1390070","toID":"1390066","formEdgeID":null},{"edgeID":"1815854","fromID":"1390073","toID":"1390072","formEdgeID":null},{"edgeID":"1815855","fromID":"1390074","toID":"1390073","formEdgeID":null},{"edgeID":"1815856","fromID":"1390072","toID":"1390075","formEdgeID":null},{"edgeID":"1815857","fromID":"1390075","toID":"1390071","formEdgeID":null},{"edgeID":"1815858","fromID":"1390066","toID":"1390076","formEdgeID":null},{"edgeID":"1815859","fromID":"1390076","toID":"1390072","formEdgeID":null},{"edgeID":"1815860","fromID":"1390065","toID":"1390077","formEdgeID":null},{"edgeID":"1815861","fromID":"1390077","toID":"1390059","formEdgeID":null},{"edgeID":"1815862","fromID":"1390070","toID":"1390078","formEdgeID":null},{"edgeID":"1815863","fromID":"1390078","toID":"1390077","formEdgeID":null},{"edgeID":"1815864","fromID":"1390081","toID":"1390080","formEdgeID":null},{"edgeID":"1815865","fromID":"1390082","toID":"1390081","formEdgeID":null},{"edgeID":"1815866","fromID":"1390080","toID":"1390083","formEdgeID":null},{"edgeID":"1815867","fromID":"1390083","toID":"1390079","formEdgeID":null},{"edgeID":"1815868","fromID":"1390086","toID":"1390085","formEdgeID":null},{"edgeID":"1815869","fromID":"1390087","toID":"1390086","formEdgeID":null},{"edgeID":"1815870","fromID":"1390085","toID":"1390088","formEdgeID":null},{"edgeID":"1815871","fromID":"1390088","toID":"1390084","formEdgeID":null},{"edgeID":"1815872","fromID":"1390091","toID":"1390090","formEdgeID":null},{"edgeID":"1815873","fromID":"1390092","toID":"1390091","formEdgeID":null},{"edgeID":"1815874","fromID":"1390090","toID":"1390093","formEdgeID":null},{"edgeID":"1815875","fromID":"1390093","toID":"1390089","formEdgeID":null},{"edgeID":"1815876","fromID":"1390085","toID":"1390094","formEdgeID":null},{"edgeID":"1815877","fromID":"1390094","toID":"1390090","formEdgeID":null},{"edgeID":"1815878","fromID":"1390097","toID":"1390096","formEdgeID":null},{"edgeID":"1815879","fromID":"1390098","toID":"1390097","formEdgeID":null},{"edgeID":"1815880","fromID":"1390096","toID":"1390099","formEdgeID":null},{"edgeID":"1815881","fromID":"1390099","toID":"1390095","formEdgeID":null},{"edgeID":"1815882","fromID":"1390090","toID":"1390100","formEdgeID":null},{"edgeID":"1815883","fromID":"1390100","toID":"1390096","formEdgeID":null},{"edgeID":"1815884","fromID":"1390102","toID":"1390101","formEdgeID":null},{"edgeID":"1815885","fromID":"1390103","toID":"1390102","formEdgeID":null},{"edgeID":"1815886","fromID":"1390101","toID":"1390104","formEdgeID":null},{"edgeID":"1815887","fromID":"1390104","toID":"1322990","formEdgeID":null},{"edgeID":"1815888","fromID":"1390096","toID":"1390105","formEdgeID":null},{"edgeID":"1815889","fromID":"1390105","toID":"1390101","formEdgeID":null},{"edgeID":"1815890","fromID":"1322990","toID":"1390106","formEdgeID":null},{"edgeID":"1815891","fromID":"1390106","toID":"1390095","formEdgeID":null},{"edgeID":"1815892","fromID":"1390105","toID":"1390107","formEdgeID":null},{"edgeID":"1815893","fromID":"1390107","toID":"1390106","formEdgeID":null},{"edgeID":"1815894","fromID":"1390109","toID":"1390108","formEdgeID":null},{"edgeID":"1815895","fromID":"1390110","toID":"1390109","formEdgeID":null},{"edgeID":"1815896","fromID":"1390101","toID":"1390111","formEdgeID":null},{"edgeID":"1815897","fromID":"1390111","toID":"1390108","formEdgeID":null},{"edgeID":"1815898","fromID":"1390111","toID":"1390112","formEdgeID":null},{"edgeID":"1815899","fromID":"1390112","toID":"1322990","formEdgeID":null},{"edgeID":"1815900","fromID":"1390115","toID":"1390114","formEdgeID":null},{"edgeID":"1815901","fromID":"1390116","toID":"1390115","formEdgeID":null},{"edgeID":"1815902","fromID":"1390114","toID":"1390117","formEdgeID":null},{"edgeID":"1815903","fromID":"1390117","toID":"1390113","formEdgeID":null},{"edgeID":"1815904","fromID":"1390113","toID":"1390118","formEdgeID":null},{"edgeID":"1815905","fromID":"1390118","toID":"1390095","formEdgeID":null},{"edgeID":"1815906","fromID":"1390096","toID":"1390119","formEdgeID":null},{"edgeID":"1815907","fromID":"1390119","toID":"1390114","formEdgeID":null},{"edgeID":"1815908","fromID":"1390119","toID":"1390120","formEdgeID":null},{"edgeID":"1815909","fromID":"1390120","toID":"1390118","formEdgeID":null},{"edgeID":"1815910","fromID":"1390123","toID":"1390122","formEdgeID":null},{"edgeID":"1815911","fromID":"1390124","toID":"1390123","formEdgeID":null},{"edgeID":"1815912","fromID":"1390122","toID":"1390125","formEdgeID":null},{"edgeID":"1815913","fromID":"1390125","toID":"1390121","formEdgeID":null},{"edgeID":"1815914","fromID":"1390085","toID":"1390126","formEdgeID":null},{"edgeID":"1815915","fromID":"1390126","toID":"1390122","formEdgeID":null},{"edgeID":"1815916","fromID":"1390129","toID":"1390128","formEdgeID":null},{"edgeID":"1815917","fromID":"1390130","toID":"1390129","formEdgeID":null},{"edgeID":"1815918","fromID":"1390128","toID":"1390131","formEdgeID":null},{"edgeID":"1815919","fromID":"1390131","toID":"1390127","formEdgeID":null},{"edgeID":"1815920","fromID":"1390127","toID":"1390132","formEdgeID":null},{"edgeID":"1815921","fromID":"1390132","toID":"1390095","formEdgeID":null},{"edgeID":"1815922","fromID":"1390096","toID":"1390133","formEdgeID":null},{"edgeID":"1815923","fromID":"1390133","toID":"1390128","formEdgeID":null},{"edgeID":"1815924","fromID":"1390133","toID":"1390134","formEdgeID":null},{"edgeID":"1815925","fromID":"1390134","toID":"1390132","formEdgeID":null},{"edgeID":"1815926","fromID":"1390137","toID":"1390136","formEdgeID":null},{"edgeID":"1815927","fromID":"1390138","toID":"1390137","formEdgeID":null},{"edgeID":"1815928","fromID":"1390136","toID":"1390139","formEdgeID":null},{"edgeID":"1815929","fromID":"1390139","toID":"1390135","formEdgeID":null},{"edgeID":"1815930","fromID":"1390128","toID":"1390140","formEdgeID":null},{"edgeID":"1815931","fromID":"1390140","toID":"1390136","formEdgeID":null},{"edgeID":"1815932","fromID":"1390143","toID":"1390142","formEdgeID":null},{"edgeID":"1815933","fromID":"1390144","toID":"1390143","formEdgeID":null},{"edgeID":"1815934","fromID":"1390142","toID":"1390145","formEdgeID":null},{"edgeID":"1815935","fromID":"1390145","toID":"1390141","formEdgeID":null},{"edgeID":"1815936","fromID":"1390136","toID":"1390146","formEdgeID":null},{"edgeID":"1815937","fromID":"1390146","toID":"1390142","formEdgeID":null},{"edgeID":"1815938","fromID":"1390149","toID":"1390148","formEdgeID":null},{"edgeID":"1815939","fromID":"1390150","toID":"1390149","formEdgeID":null},{"edgeID":"1815940","fromID":"1390148","toID":"1390151","formEdgeID":null},{"edgeID":"1815941","fromID":"1390151","toID":"1390147","formEdgeID":null},{"edgeID":"1815942","fromID":"1390142","toID":"1390152","formEdgeID":null},{"edgeID":"1815943","fromID":"1390152","toID":"1390148","formEdgeID":null},{"edgeID":"1815944","fromID":"1390147","toID":"1390153","formEdgeID":null},{"edgeID":"1815945","fromID":"1390153","toID":"1390141","formEdgeID":null},{"edgeID":"1815946","fromID":"1390152","toID":"1390154","formEdgeID":null},{"edgeID":"1815947","fromID":"1390154","toID":"1390153","formEdgeID":null},{"edgeID":"1815948","fromID":"1390065","toID":"1390155","formEdgeID":null},{"edgeID":"1815949","fromID":"1390155","toID":"1390071","formEdgeID":null},{"edgeID":"1815950","fromID":"1390076","toID":"1390156","formEdgeID":null},{"edgeID":"1815951","fromID":"1390156","toID":"1390155","formEdgeID":null},{"edgeID":"1815952","fromID":"1390121","toID":"1390157","formEdgeID":null},{"edgeID":"1815953","fromID":"1390157","toID":"1390084","formEdgeID":null},{"edgeID":"1815954","fromID":"1390126","toID":"1390158","formEdgeID":null},{"edgeID":"1815955","fromID":"1390158","toID":"1390157","formEdgeID":null},{"edgeID":"1815956","fromID":"1390089","toID":"1390159","formEdgeID":null},{"edgeID":"1815957","fromID":"1390159","toID":"1390095","formEdgeID":null},{"edgeID":"1815958","fromID":"1390100","toID":"1390160","formEdgeID":null},{"edgeID":"1815959","fromID":"1390160","toID":"1390159","formEdgeID":null},{"edgeID":"1815960","fromID":"1390084","toID":"1390161","formEdgeID":null},{"edgeID":"1815961","fromID":"1390161","toID":"1390071","formEdgeID":null},{"edgeID":"1815962","fromID":"1390072","toID":"1390162","formEdgeID":null},{"edgeID":"1815963","fromID":"1390162","toID":"1390085","formEdgeID":null},{"edgeID":"1815964","fromID":"1390072","toID":"1390163","formEdgeID":null},{"edgeID":"1815965","fromID":"1390163","toID":"1390080","formEdgeID":null},{"edgeID":"1815966","fromID":"1390162","toID":"1390164","formEdgeID":null},{"edgeID":"1815967","fromID":"1390164","toID":"1390161","formEdgeID":null}],"locutions":[]}