{"nodes":[{"nodeID":"1391051","text":"AudienceMember 20230427QT28 is staggered to be honest at the gap between the audience and the panel","type":"I","timestamp":"2023-11-09 15:09:25"},{"nodeID":"1391052","text":"AudienceMember 20230427QT28: I'm staggered to be honest at the gap between the audience and the panel","type":"L","timestamp":"2023-11-09 15:09:25"},{"nodeID":"1391053","text":"Analysing","type":"YA","timestamp":"2023-11-09 15:09:25"},{"nodeID":"1391054","text":"Chris: AudienceMember 20230427QT28: I'm staggered to be honest at the gap between the audience and the panel","type":"L","timestamp":"2023-11-09 15:09:25"},{"nodeID":"1391055","text":"Asserting","type":"YA","timestamp":"2023-11-09 15:09:25"},{"nodeID":"1391056","text":"the notion that the panel think that you're succeeding on green energy","type":"I","timestamp":"2023-11-09 15:09:25"},{"nodeID":"1391057","text":"AudienceMember 20230427QT28: the notion that you think that you're succeeding on green energy","type":"L","timestamp":"2023-11-09 15:09:25"},{"nodeID":"1391058","text":"Analysing","type":"YA","timestamp":"2023-11-09 15:09:25"},{"nodeID":"1391059","text":"Chris: AudienceMember 20230427QT28: the notion that you think that you're succeeding on green energy","type":"L","timestamp":"2023-11-09 15:09:25"},{"nodeID":"1391060","text":"Asserting","type":"YA","timestamp":"2023-11-09 15:09:25"},{"nodeID":"1391061","text":"Default Transition","type":"TA","timestamp":"2023-11-09 15:09:25"},{"nodeID":"1391062","text":"Default Inference","type":"RA","timestamp":"2023-11-09 15:09:25"},{"nodeID":"1391063","text":"Arguing","type":"YA","timestamp":"2023-11-09 15:09:25"},{"nodeID":"1391064","text":"the notion that people support human beings washing up on our shores","type":"I","timestamp":"2023-11-09 15:09:26"},{"nodeID":"1391065","text":"AudienceMember 20230427QT28: that people support human beings washing up on our shores","type":"L","timestamp":"2023-11-09 15:09:26"},{"nodeID":"1391066","text":"Analysing","type":"YA","timestamp":"2023-11-09 15:09:26"},{"nodeID":"1391067","text":"Chris: AudienceMember 20230427QT28: that people support human beings washing up on our shores","type":"L","timestamp":"2023-11-09 15:09:26"},{"nodeID":"1391068","text":"Asserting","type":"YA","timestamp":"2023-11-09 15:09:26"},{"nodeID":"1391069","text":"the notion that people support people being deported to Rwanda","type":"I","timestamp":"2023-11-09 15:09:27"},{"nodeID":"1391070","text":"AudienceMember 20230427QT28: being deported to Rwanda","type":"L","timestamp":"2023-11-09 15:09:27"},{"nodeID":"1391071","text":"Analysing","type":"YA","timestamp":"2023-11-09 15:09:27"},{"nodeID":"1391072","text":"Chris: AudienceMember 20230427QT28: being deported to Rwanda","type":"L","timestamp":"2023-11-09 15:09:27"},{"nodeID":"1391073","text":"Asserting","type":"YA","timestamp":"2023-11-09 15:09:27"},{"nodeID":"1391074","text":"AudienceMember 20230427QT28: I'm absolutely staggered","type":"L","timestamp":"2023-11-09 15:09:27"},{"nodeID":"1391075","text":"Analysing","type":"YA","timestamp":"2023-11-09 15:09:27"},{"nodeID":"1391076","text":"Chris: AudienceMember 20230427QT28: I'm absolutely staggered","type":"L","timestamp":"2023-11-09 15:09:27"},{"nodeID":"1391077","text":"Default Transition","type":"TA","timestamp":"2023-11-09 15:09:27"},{"nodeID":"1391078","text":"Default Transition","type":"TA","timestamp":"2023-11-09 15:09:27"},{"nodeID":"1391079","text":"Default Transition","type":"TA","timestamp":"2023-11-09 15:09:27"},{"nodeID":"1391080","text":"Asserting","type":"YA","timestamp":"2023-11-09 15:09:27"},{"nodeID":"1391081","text":"Arguing","type":"YA","timestamp":"2023-11-09 15:09:27"},{"nodeID":"1391082","text":"the way that we talk about serious youth violence is not to talk about crime","type":"I","timestamp":"2023-11-09 15:09:27"},{"nodeID":"1391083","text":"AudienceMember 20230427QT28: The way that we talk about serious youth violence is not to talk about crime","type":"L","timestamp":"2023-11-09 15:09:27"},{"nodeID":"1391084","text":"Analysing","type":"YA","timestamp":"2023-11-09 15:09:27"},{"nodeID":"1391085","text":"Chris: AudienceMember 20230427QT28: The way that we talk about serious youth violence is not to talk about crime","type":"L","timestamp":"2023-11-09 15:09:27"},{"nodeID":"1391086","text":"Asserting","type":"YA","timestamp":"2023-11-09 15:09:27"},{"nodeID":"1391087","text":"Default Transition","type":"TA","timestamp":"2023-11-09 15:09:27"},{"nodeID":"1391088","text":"it's to talk about the trauma that they've actually experienced in the last two years","type":"I","timestamp":"2023-11-09 15:09:28"},{"nodeID":"1391089","text":"AudienceMember 20230427QT28: it's to talk about the trauma that they've actually experienced in the last two years","type":"L","timestamp":"2023-11-09 15:09:28"},{"nodeID":"1391090","text":"Analysing","type":"YA","timestamp":"2023-11-09 15:09:28"},{"nodeID":"1391091","text":"Chris: AudienceMember 20230427QT28: it's to talk about the trauma that they've actually experienced in the last two years","type":"L","timestamp":"2023-11-09 15:09:28"},{"nodeID":"1391092","text":"Asserting","type":"YA","timestamp":"2023-11-09 15:09:28"},{"nodeID":"1391093","text":"Default Transition","type":"TA","timestamp":"2023-11-09 15:09:28"},{"nodeID":"1391094","text":"Default Inference","type":"RA","timestamp":"2023-11-09 15:09:28"},{"nodeID":"1391095","text":"Arguing","type":"YA","timestamp":"2023-11-09 15:09:28"},{"nodeID":"1391096","text":"you have cut funding","type":"I","timestamp":"2023-11-09 15:09:29"},{"nodeID":"1391097","text":"AudienceMember 20230427QT28: You have cut funding","type":"L","timestamp":"2023-11-09 15:09:29"},{"nodeID":"1391098","text":"Analysing","type":"YA","timestamp":"2023-11-09 15:09:29"},{"nodeID":"1391099","text":"Chris: AudienceMember 20230427QT28: You have cut funding","type":"L","timestamp":"2023-11-09 15:09:29"},{"nodeID":"1391100","text":"Asserting","type":"YA","timestamp":"2023-11-09 15:09:29"},{"nodeID":"1391101","text":"you have cut budgets in school","type":"I","timestamp":"2023-11-09 15:09:29"},{"nodeID":"1391102","text":"AudienceMember 20230427QT28: you have cut budgets in school","type":"L","timestamp":"2023-11-09 15:09:29"},{"nodeID":"1391103","text":"Analysing","type":"YA","timestamp":"2023-11-09 15:09:29"},{"nodeID":"1391104","text":"Chris: AudienceMember 20230427QT28: you have cut budgets in school","type":"L","timestamp":"2023-11-09 15:09:29"},{"nodeID":"1391105","text":"Asserting","type":"YA","timestamp":"2023-11-09 15:09:29"},{"nodeID":"1391106","text":"we can't recruit teachers","type":"I","timestamp":"2023-11-09 15:09:30"},{"nodeID":"1391107","text":"AudienceMember 20230427QT28: we can't recruit teachers","type":"L","timestamp":"2023-11-09 15:09:30"},{"nodeID":"1391108","text":"Analysing","type":"YA","timestamp":"2023-11-09 15:09:30"},{"nodeID":"1391109","text":"Chris: AudienceMember 20230427QT28: we can't recruit teachers","type":"L","timestamp":"2023-11-09 15:09:30"},{"nodeID":"1391110","text":"Asserting","type":"YA","timestamp":"2023-11-09 15:09:30"},{"nodeID":"1391111","text":"we can't recruit teaching assistants","type":"I","timestamp":"2023-11-09 15:09:30"},{"nodeID":"1391112","text":"AudienceMember 20230427QT28: we can't recruit teaching assistants","type":"L","timestamp":"2023-11-09 15:09:30"},{"nodeID":"1391113","text":"Analysing","type":"YA","timestamp":"2023-11-09 15:09:30"},{"nodeID":"1391114","text":"Chris: AudienceMember 20230427QT28: we can't recruit teaching assistants","type":"L","timestamp":"2023-11-09 15:09:30"},{"nodeID":"1391115","text":"Asserting","type":"YA","timestamp":"2023-11-09 15:09:30"},{"nodeID":"1391116","text":"you've cut social workers","type":"I","timestamp":"2023-11-09 15:09:31"},{"nodeID":"1391117","text":"AudienceMember 20230427QT28: You've got social workers","type":"L","timestamp":"2023-11-09 15:09:31"},{"nodeID":"1391118","text":"Analysing","type":"YA","timestamp":"2023-11-09 15:09:31"},{"nodeID":"1391119","text":"Chris: AudienceMember 20230427QT28: You've got social workers","type":"L","timestamp":"2023-11-09 15:09:31"},{"nodeID":"1391120","text":"Asserting","type":"YA","timestamp":"2023-11-09 15:09:31"},{"nodeID":"1391121","text":"you have cut local services to the bone","type":"I","timestamp":"2023-11-09 15:09:32"},{"nodeID":"1391122","text":"AudienceMember 20230427QT28: You have cut local services to the bone","type":"L","timestamp":"2023-11-09 15:09:32"},{"nodeID":"1391123","text":"Analysing","type":"YA","timestamp":"2023-11-09 15:09:32"},{"nodeID":"1391124","text":"Chris: AudienceMember 20230427QT28: You have cut local services to the bone","type":"L","timestamp":"2023-11-09 15:09:32"},{"nodeID":"1391125","text":"Asserting","type":"YA","timestamp":"2023-11-09 15:09:32"},{"nodeID":"1391126","text":"then you're worried about antisocial behaviour","type":"I","timestamp":"2023-11-09 15:09:32"},{"nodeID":"1391127","text":"AudienceMember 20230427QT28: then you're worried about antisocial behaviour","type":"L","timestamp":"2023-11-09 15:09:32"},{"nodeID":"1391128","text":"Analysing","type":"YA","timestamp":"2023-11-09 15:09:32"},{"nodeID":"1391129","text":"Chris: AudienceMember 20230427QT28: then you're worried about antisocial behaviour","type":"L","timestamp":"2023-11-09 15:09:32"},{"nodeID":"1391130","text":"Asserting","type":"YA","timestamp":"2023-11-09 15:09:32"},{"nodeID":"1391131","text":"there are no youth services","type":"I","timestamp":"2023-11-09 15:09:33"},{"nodeID":"1391132","text":"AudienceMember 20230427QT28: There are no youth services","type":"L","timestamp":"2023-11-09 15:09:33"},{"nodeID":"1391133","text":"Analysing","type":"YA","timestamp":"2023-11-09 15:09:33"},{"nodeID":"1391134","text":"Chris: AudienceMember 20230427QT28: There are no youth services","type":"L","timestamp":"2023-11-09 15:09:33"},{"nodeID":"1391135","text":"Asserting","type":"YA","timestamp":"2023-11-09 15:09:33"},{"nodeID":"1391136","text":"and absolutely there is so clearly a gap, there is such a massive gap between what you're saying and people's experience","type":"I","timestamp":"2023-11-09 15:09:34"},{"nodeID":"1391137","text":"AudienceMember 20230427QT28: And absolutely there is so clearly a gap, there is such a massive gap between what you're saying and people's experience","type":"L","timestamp":"2023-11-09 15:09:34"},{"nodeID":"1391138","text":"Analysing","type":"YA","timestamp":"2023-11-09 15:09:34"},{"nodeID":"1391139","text":"Chris: AudienceMember 20230427QT28: And absolutely there is so clearly a gap, there is such a massive gap between what you're saying and people's experience","type":"L","timestamp":"2023-11-09 15:09:34"},{"nodeID":"1391140","text":"Asserting","type":"YA","timestamp":"2023-11-09 15:09:34"},{"nodeID":"1391141","text":"Default Transition","type":"TA","timestamp":"2023-11-09 15:09:34"},{"nodeID":"1391142","text":"Default Transition","type":"TA","timestamp":"2023-11-09 15:09:34"},{"nodeID":"1391143","text":"Default Transition","type":"TA","timestamp":"2023-11-09 15:09:34"},{"nodeID":"1391144","text":"Default Transition","type":"TA","timestamp":"2023-11-09 15:09:34"},{"nodeID":"1391145","text":"Default Transition","type":"TA","timestamp":"2023-11-09 15:09:34"},{"nodeID":"1391146","text":"Default Transition","type":"TA","timestamp":"2023-11-09 15:09:34"},{"nodeID":"1391147","text":"Default Inference","type":"RA","timestamp":"2023-11-09 15:09:34"},{"nodeID":"1391148","text":"Default Rephrase","type":"MA","timestamp":"2023-11-09 15:09:34"},{"nodeID":"1391149","text":"Default Inference","type":"RA","timestamp":"2023-11-09 15:09:34"},{"nodeID":"1391150","text":"Default Inference","type":"RA","timestamp":"2023-11-09 15:09:34"},{"nodeID":"1391151","text":"Default Transition","type":"TA","timestamp":"2023-11-09 15:09:34"},{"nodeID":"1391152","text":"Arguing","type":"YA","timestamp":"2023-11-09 15:09:34"},{"nodeID":"1391153","text":"Arguing","type":"YA","timestamp":"2023-11-09 15:09:34"},{"nodeID":"1391154","text":"Default Inference","type":"RA","timestamp":"2023-11-09 15:09:34"},{"nodeID":"1391155","text":"Arguing","type":"YA","timestamp":"2023-11-09 15:09:34"},{"nodeID":"1391156","text":"Default Rephrase","type":"MA","timestamp":"2023-11-09 15:09:34"},{"nodeID":"1391157","text":"Default Transition","type":"TA","timestamp":"2023-11-09 15:09:34"},{"nodeID":"1391158","text":"Restating","type":"YA","timestamp":"2023-11-09 15:09:34"},{"nodeID":"1391159","text":"Default Rephrase","type":"MA","timestamp":"2023-11-09 15:09:34"},{"nodeID":"1391160","text":"Default Transition","type":"TA","timestamp":"2023-11-09 15:09:34"},{"nodeID":"1391161","text":"Restating","type":"YA","timestamp":"2023-11-09 15:09:34"},{"nodeID":"1391162","text":"Default Conflict","type":"CA","timestamp":"2023-11-09 15:09:34"},{"nodeID":"1391163","text":"Disagreeing","type":"YA","timestamp":"2023-11-09 15:09:34"},{"nodeID":"1391164","text":"Default Transition","type":"TA","timestamp":"2023-11-09 15:09:34"},{"nodeID":"1391165","text":"Default Conflict","type":"CA","timestamp":"2023-11-09 15:09:34"},{"nodeID":"1391166","text":"Disagreeing","type":"YA","timestamp":"2023-11-09 15:09:34"},{"nodeID":"1391167","text":"Analysing","type":"YA","timestamp":"2023-11-09 15:09:34"},{"nodeID":"1391168","text":"Default Transition","type":"TA","timestamp":"2023-11-09 15:09:34"},{"nodeID":"1391169","text":"Asserting","type":"YA","timestamp":"2023-11-09 15:09:34"},{"nodeID":"1391170","text":"Default Transition","type":"TA","timestamp":"2023-11-09 15:09:34"},{"nodeID":"1391171","text":"Default Inference","type":"RA","timestamp":"2023-11-09 15:09:34"},{"nodeID":"1391172","text":"Arguing","type":"YA","timestamp":"2023-11-09 15:09:34"},{"nodeID":"1391173","text":"xxx is why can't people buy a house","type":"I","timestamp":"2023-11-09 15:09:34"},{"nodeID":"1391174","text":"AudienceMember 20230427QT28: Why can't people buy a house","type":"L","timestamp":"2023-11-09 15:09:34"},{"nodeID":"1391175","text":"Analysing","type":"YA","timestamp":"2023-11-09 15:09:34"},{"nodeID":"1391176","text":"Chris: AudienceMember 20230427QT28: Why can't people buy a house","type":"L","timestamp":"2023-11-09 15:09:34"},{"nodeID":"1391177","text":"Rhetorical Questioning","type":"YA","timestamp":"2023-11-09 15:09:34"},{"nodeID":"1391178","text":"Default Transition","type":"TA","timestamp":"2023-11-09 15:09:34"},{"nodeID":"1391179","text":"look at peoples' wages","type":"I","timestamp":"2023-11-09 15:09:35"},{"nodeID":"1391180","text":"AudienceMember 20230427QT28: Look at their wages","type":"L","timestamp":"2023-11-09 15:09:35"},{"nodeID":"1391181","text":"Analysing","type":"YA","timestamp":"2023-11-09 15:09:35"},{"nodeID":"1391182","text":"Chris: AudienceMember 20230427QT28: Look at their wages","type":"L","timestamp":"2023-11-09 15:09:35"},{"nodeID":"1391183","text":"Asserting","type":"YA","timestamp":"2023-11-09 15:09:35"},{"nodeID":"1391184","text":"Default Transition","type":"TA","timestamp":"2023-11-09 15:09:35"},{"nodeID":"1391185","text":"Default Rephrase","type":"MA","timestamp":"2023-11-09 15:09:35"},{"nodeID":"1391186","text":"Default Illocuting","type":"YA","timestamp":"2023-11-09 15:09:35"},{"nodeID":"1391187","text":"there are teachers\u2026they have been through university, paid over \u00a330,000 if not more to go to university","type":"I","timestamp":"2023-11-09 15:09:36"},{"nodeID":"1391188","text":"AudienceMember 20230427QT28: There are teachers\u2026they have been through university, paid over \u00a330,000 if not more to go to university","type":"L","timestamp":"2023-11-09 15:09:36"},{"nodeID":"1391189","text":"Analysing","type":"YA","timestamp":"2023-11-09 15:09:36"},{"nodeID":"1391190","text":"Chris: AudienceMember 20230427QT28: There are teachers\u2026they have been through university, paid over \u00a330,000 if not more to go to university","type":"L","timestamp":"2023-11-09 15:09:36"},{"nodeID":"1391191","text":"Asserting","type":"YA","timestamp":"2023-11-09 15:09:36"},{"nodeID":"1391192","text":"Default Transition","type":"TA","timestamp":"2023-11-09 15:09:36"},{"nodeID":"1391193","text":"want to control rent, use rent control","type":"I","timestamp":"2023-11-09 15:09:36"},{"nodeID":"1391194","text":"AudienceMember 20230427QT28: want to control rent, use rent control","type":"L","timestamp":"2023-11-09 15:09:36"},{"nodeID":"1391195","text":"Analysing","type":"YA","timestamp":"2023-11-09 15:09:36"},{"nodeID":"1391196","text":"Chris: AudienceMember 20230427QT28: want to control rent, use rent control","type":"L","timestamp":"2023-11-09 15:09:36"},{"nodeID":"1391197","text":"Asserting","type":"YA","timestamp":"2023-11-09 15:09:36"},{"nodeID":"1391198","text":"Default Transition","type":"TA","timestamp":"2023-11-09 15:09:36"},{"nodeID":"1391199","text":"want to have houses, build more houses","type":"I","timestamp":"2023-11-09 15:09:37"},{"nodeID":"1391200","text":"AudienceMember 20230427QT28: Want to have houses, build more houses","type":"L","timestamp":"2023-11-09 15:09:37"},{"nodeID":"1391201","text":"Analysing","type":"YA","timestamp":"2023-11-09 15:09:37"},{"nodeID":"1391202","text":"Chris: AudienceMember 20230427QT28: Want to have houses, build more houses","type":"L","timestamp":"2023-11-09 15:09:37"},{"nodeID":"1391203","text":"Asserting","type":"YA","timestamp":"2023-11-09 15:09:37"},{"nodeID":"1391204","text":"Default Transition","type":"TA","timestamp":"2023-11-09 15:09:37"},{"nodeID":"1391205","text":"you can find the money to build HSII and drill through forests","type":"I","timestamp":"2023-11-09 15:09:38"},{"nodeID":"1391206","text":"AudienceMember 20230427QT28: you can find the money to build HSII and drill through forests","type":"L","timestamp":"2023-11-09 15:09:38"},{"nodeID":"1391207","text":"Analysing","type":"YA","timestamp":"2023-11-09 15:09:38"},{"nodeID":"1391208","text":"Chris: AudienceMember 20230427QT28: you can find the money to build HSII and drill through forests","type":"L","timestamp":"2023-11-09 15:09:38"},{"nodeID":"1391209","text":"Asserting","type":"YA","timestamp":"2023-11-09 15:09:38"},{"nodeID":"1391210","text":"this is what we're talking about","type":"I","timestamp":"2023-11-09 15:09:38"},{"nodeID":"1391211","text":"AudienceMember 20230427QT28: this is what we're talking about","type":"L","timestamp":"2023-11-09 15:09:38"},{"nodeID":"1391212","text":"Analysing","type":"YA","timestamp":"2023-11-09 15:09:38"},{"nodeID":"1391213","text":"Chris: AudienceMember 20230427QT28: this is what we're talking about","type":"L","timestamp":"2023-11-09 15:09:38"},{"nodeID":"1391214","text":"Asserting","type":"YA","timestamp":"2023-11-09 15:09:38"},{"nodeID":"1391215","text":"Default Inference","type":"RA","timestamp":"2023-11-09 15:09:38"},{"nodeID":"1391216","text":"Arguing","type":"YA","timestamp":"2023-11-09 15:09:38"},{"nodeID":"1391217","text":"Default Inference","type":"RA","timestamp":"2023-11-09 15:09:38"},{"nodeID":"1391218","text":"Default Transition","type":"TA","timestamp":"2023-11-09 15:09:38"},{"nodeID":"1391219","text":"Arguing","type":"YA","timestamp":"2023-11-09 15:09:38"},{"nodeID":"1391220","text":"these are ideological choices","type":"I","timestamp":"2023-11-09 15:09:39"},{"nodeID":"1391221","text":"AudienceMember 20230427QT28: these are ideological choices","type":"L","timestamp":"2023-11-09 15:09:39"},{"nodeID":"1391222","text":"Analysing","type":"YA","timestamp":"2023-11-09 15:09:39"},{"nodeID":"1391223","text":"Chris: AudienceMember 20230427QT28: these are ideological choices","type":"L","timestamp":"2023-11-09 15:09:39"},{"nodeID":"1391224","text":"Asserting","type":"YA","timestamp":"2023-11-09 15:09:39"},{"nodeID":"1391225","text":"Default Transition","type":"TA","timestamp":"2023-11-09 15:09:39"},{"nodeID":"1391226","text":"Default Inference","type":"RA","timestamp":"2023-11-09 15:09:39"},{"nodeID":"1391227","text":"Arguing","type":"YA","timestamp":"2023-11-09 15:09:39"},{"nodeID":"1391228","text":"Default Transition","type":"TA","timestamp":"2023-11-09 15:09:39"}],"edges":[{"edgeID":"1817006","fromID":"1391053","toID":"1391052","formEdgeID":null},{"edgeID":"1817007","fromID":"1391054","toID":"1391053","formEdgeID":null},{"edgeID":"1817008","fromID":"1391052","toID":"1391055","formEdgeID":null},{"edgeID":"1817009","fromID":"1391055","toID":"1391051","formEdgeID":null},{"edgeID":"1817010","fromID":"1391058","toID":"1391057","formEdgeID":null},{"edgeID":"1817011","fromID":"1391059","toID":"1391058","formEdgeID":null},{"edgeID":"1817012","fromID":"1391057","toID":"1391060","formEdgeID":null},{"edgeID":"1817013","fromID":"1391060","toID":"1391056","formEdgeID":null},{"edgeID":"1817014","fromID":"1391052","toID":"1391061","formEdgeID":null},{"edgeID":"1817015","fromID":"1391061","toID":"1391057","formEdgeID":null},{"edgeID":"1817016","fromID":"1391056","toID":"1391062","formEdgeID":null},{"edgeID":"1817017","fromID":"1391062","toID":"1391051","formEdgeID":null},{"edgeID":"1817018","fromID":"1391061","toID":"1391063","formEdgeID":null},{"edgeID":"1817019","fromID":"1391063","toID":"1391062","formEdgeID":null},{"edgeID":"1817020","fromID":"1391066","toID":"1391065","formEdgeID":null},{"edgeID":"1817021","fromID":"1391067","toID":"1391066","formEdgeID":null},{"edgeID":"1817022","fromID":"1391065","toID":"1391068","formEdgeID":null},{"edgeID":"1817023","fromID":"1391068","toID":"1391064","formEdgeID":null},{"edgeID":"1817024","fromID":"1391064","toID":"1391062","formEdgeID":null},{"edgeID":"1817025","fromID":"1391071","toID":"1391070","formEdgeID":null},{"edgeID":"1817026","fromID":"1391072","toID":"1391071","formEdgeID":null},{"edgeID":"1817027","fromID":"1391070","toID":"1391073","formEdgeID":null},{"edgeID":"1817028","fromID":"1391073","toID":"1391069","formEdgeID":null},{"edgeID":"1817029","fromID":"1391069","toID":"1391062","formEdgeID":null},{"edgeID":"1817030","fromID":"1391075","toID":"1391074","formEdgeID":null},{"edgeID":"1817031","fromID":"1391076","toID":"1391075","formEdgeID":null},{"edgeID":"1817032","fromID":"1391052","toID":"1391077","formEdgeID":null},{"edgeID":"1817033","fromID":"1391077","toID":"1391065","formEdgeID":null},{"edgeID":"1817034","fromID":"1391052","toID":"1391078","formEdgeID":null},{"edgeID":"1817035","fromID":"1391078","toID":"1391070","formEdgeID":null},{"edgeID":"1817036","fromID":"1391052","toID":"1391079","formEdgeID":null},{"edgeID":"1817037","fromID":"1391079","toID":"1391074","formEdgeID":null},{"edgeID":"1817038","fromID":"1391074","toID":"1391080","formEdgeID":null},{"edgeID":"1817039","fromID":"1391080","toID":"1391051","formEdgeID":null},{"edgeID":"1817040","fromID":"1391079","toID":"1391081","formEdgeID":null},{"edgeID":"1817041","fromID":"1391081","toID":"1391062","formEdgeID":null},{"edgeID":"1817042","fromID":"1391084","toID":"1391083","formEdgeID":null},{"edgeID":"1817043","fromID":"1391085","toID":"1391084","formEdgeID":null},{"edgeID":"1817044","fromID":"1391083","toID":"1391086","formEdgeID":null},{"edgeID":"1817045","fromID":"1391086","toID":"1391082","formEdgeID":null},{"edgeID":"1817046","fromID":"1391074","toID":"1391087","formEdgeID":null},{"edgeID":"1817047","fromID":"1391087","toID":"1391083","formEdgeID":null},{"edgeID":"1817048","fromID":"1391090","toID":"1391089","formEdgeID":null},{"edgeID":"1817049","fromID":"1391091","toID":"1391090","formEdgeID":null},{"edgeID":"1817050","fromID":"1391089","toID":"1391092","formEdgeID":null},{"edgeID":"1817051","fromID":"1391092","toID":"1391088","formEdgeID":null},{"edgeID":"1817052","fromID":"1391083","toID":"1391093","formEdgeID":null},{"edgeID":"1817053","fromID":"1391093","toID":"1391089","formEdgeID":null},{"edgeID":"1817054","fromID":"1391088","toID":"1391094","formEdgeID":null},{"edgeID":"1817055","fromID":"1391094","toID":"1391082","formEdgeID":null},{"edgeID":"1817056","fromID":"1391093","toID":"1391095","formEdgeID":null},{"edgeID":"1817057","fromID":"1391095","toID":"1391094","formEdgeID":null},{"edgeID":"1817058","fromID":"1391098","toID":"1391097","formEdgeID":null},{"edgeID":"1817059","fromID":"1391099","toID":"1391098","formEdgeID":null},{"edgeID":"1817060","fromID":"1391097","toID":"1391100","formEdgeID":null},{"edgeID":"1817061","fromID":"1391100","toID":"1391096","formEdgeID":null},{"edgeID":"1817062","fromID":"1391103","toID":"1391102","formEdgeID":null},{"edgeID":"1817063","fromID":"1391104","toID":"1391103","formEdgeID":null},{"edgeID":"1817064","fromID":"1391102","toID":"1391105","formEdgeID":null},{"edgeID":"1817065","fromID":"1391105","toID":"1391101","formEdgeID":null},{"edgeID":"1817066","fromID":"1391108","toID":"1391107","formEdgeID":null},{"edgeID":"1817067","fromID":"1391109","toID":"1391108","formEdgeID":null},{"edgeID":"1817068","fromID":"1391107","toID":"1391110","formEdgeID":null},{"edgeID":"1817069","fromID":"1391110","toID":"1391106","formEdgeID":null},{"edgeID":"1817070","fromID":"1391113","toID":"1391112","formEdgeID":null},{"edgeID":"1817071","fromID":"1391114","toID":"1391113","formEdgeID":null},{"edgeID":"1817072","fromID":"1391112","toID":"1391115","formEdgeID":null},{"edgeID":"1817073","fromID":"1391115","toID":"1391111","formEdgeID":null},{"edgeID":"1817074","fromID":"1391118","toID":"1391117","formEdgeID":null},{"edgeID":"1817075","fromID":"1391119","toID":"1391118","formEdgeID":null},{"edgeID":"1817076","fromID":"1391117","toID":"1391120","formEdgeID":null},{"edgeID":"1817077","fromID":"1391120","toID":"1391116","formEdgeID":null},{"edgeID":"1817078","fromID":"1391123","toID":"1391122","formEdgeID":null},{"edgeID":"1817079","fromID":"1391124","toID":"1391123","formEdgeID":null},{"edgeID":"1817080","fromID":"1391122","toID":"1391125","formEdgeID":null},{"edgeID":"1817081","fromID":"1391125","toID":"1391121","formEdgeID":null},{"edgeID":"1817082","fromID":"1391128","toID":"1391127","formEdgeID":null},{"edgeID":"1817083","fromID":"1391129","toID":"1391128","formEdgeID":null},{"edgeID":"1817084","fromID":"1391127","toID":"1391130","formEdgeID":null},{"edgeID":"1817085","fromID":"1391130","toID":"1391126","formEdgeID":null},{"edgeID":"1817086","fromID":"1391133","toID":"1391132","formEdgeID":null},{"edgeID":"1817087","fromID":"1391134","toID":"1391133","formEdgeID":null},{"edgeID":"1817088","fromID":"1391132","toID":"1391135","formEdgeID":null},{"edgeID":"1817089","fromID":"1391135","toID":"1391131","formEdgeID":null},{"edgeID":"1817090","fromID":"1391138","toID":"1391137","formEdgeID":null},{"edgeID":"1817091","fromID":"1391139","toID":"1391138","formEdgeID":null},{"edgeID":"1817092","fromID":"1391137","toID":"1391140","formEdgeID":null},{"edgeID":"1817093","fromID":"1391140","toID":"1391136","formEdgeID":null},{"edgeID":"1817094","fromID":"1391089","toID":"1391141","formEdgeID":null},{"edgeID":"1817095","fromID":"1391141","toID":"1391097","formEdgeID":null},{"edgeID":"1817096","fromID":"1391097","toID":"1391142","formEdgeID":null},{"edgeID":"1817097","fromID":"1391142","toID":"1391102","formEdgeID":null},{"edgeID":"1817098","fromID":"1391102","toID":"1391143","formEdgeID":null},{"edgeID":"1817099","fromID":"1391143","toID":"1391107","formEdgeID":null},{"edgeID":"1817100","fromID":"1391112","toID":"1391144","formEdgeID":null},{"edgeID":"1817101","fromID":"1391144","toID":"1391117","formEdgeID":null},{"edgeID":"1817102","fromID":"1391117","toID":"1391145","formEdgeID":null},{"edgeID":"1817103","fromID":"1391145","toID":"1391122","formEdgeID":null},{"edgeID":"1817104","fromID":"1391122","toID":"1391146","formEdgeID":null},{"edgeID":"1817105","fromID":"1391146","toID":"1391127","formEdgeID":null},{"edgeID":"1817106","fromID":"1391096","toID":"1391147","formEdgeID":null},{"edgeID":"1817107","fromID":"1391147","toID":"1391088","formEdgeID":null},{"edgeID":"1817108","fromID":"1391101","toID":"1391148","formEdgeID":null},{"edgeID":"1817109","fromID":"1391148","toID":"1391096","formEdgeID":null},{"edgeID":"1817110","fromID":"1391101","toID":"1391149","formEdgeID":null},{"edgeID":"1817111","fromID":"1391149","toID":"1391106","formEdgeID":null},{"edgeID":"1817112","fromID":"1391101","toID":"1391150","formEdgeID":null},{"edgeID":"1817113","fromID":"1391150","toID":"1391111","formEdgeID":null},{"edgeID":"1817114","fromID":"1391102","toID":"1391151","formEdgeID":null},{"edgeID":"1817115","fromID":"1391151","toID":"1391112","formEdgeID":null},{"edgeID":"1817116","fromID":"1391143","toID":"1391152","formEdgeID":null},{"edgeID":"1817117","fromID":"1391152","toID":"1391149","formEdgeID":null},{"edgeID":"1817118","fromID":"1391151","toID":"1391153","formEdgeID":null},{"edgeID":"1817119","fromID":"1391153","toID":"1391150","formEdgeID":null},{"edgeID":"1817120","fromID":"1391102","toID":"1391154","formEdgeID":null},{"edgeID":"1817121","fromID":"1391154","toID":"1391148","formEdgeID":null},{"edgeID":"1817122","fromID":"1391141","toID":"1391155","formEdgeID":null},{"edgeID":"1817123","fromID":"1391155","toID":"1391147","formEdgeID":null},{"edgeID":"1817124","fromID":"1391116","toID":"1391156","formEdgeID":null},{"edgeID":"1817125","fromID":"1391156","toID":"1391096","formEdgeID":null},{"edgeID":"1817126","fromID":"1391097","toID":"1391157","formEdgeID":null},{"edgeID":"1817127","fromID":"1391157","toID":"1391117","formEdgeID":null},{"edgeID":"1817128","fromID":"1391157","toID":"1391158","formEdgeID":null},{"edgeID":"1817129","fromID":"1391158","toID":"1391156","formEdgeID":null},{"edgeID":"1817130","fromID":"1391121","toID":"1391159","formEdgeID":null},{"edgeID":"1817131","fromID":"1391159","toID":"1391096","formEdgeID":null},{"edgeID":"1817132","fromID":"1391097","toID":"1391160","formEdgeID":null},{"edgeID":"1817133","fromID":"1391160","toID":"1391122","formEdgeID":null},{"edgeID":"1817134","fromID":"1391160","toID":"1391161","formEdgeID":null},{"edgeID":"1817135","fromID":"1391161","toID":"1391159","formEdgeID":null},{"edgeID":"1817136","fromID":"1391126","toID":"1391162","formEdgeID":null},{"edgeID":"1817137","fromID":"1391162","toID":"1391121","formEdgeID":null},{"edgeID":"1817138","fromID":"1391146","toID":"1391163","formEdgeID":null},{"edgeID":"1817139","fromID":"1391163","toID":"1391162","formEdgeID":null},{"edgeID":"1817140","fromID":"1391127","toID":"1391164","formEdgeID":null},{"edgeID":"1817141","fromID":"1391164","toID":"1391132","formEdgeID":null},{"edgeID":"1817142","fromID":"1391131","toID":"1391165","formEdgeID":null},{"edgeID":"1817143","fromID":"1391165","toID":"1391126","formEdgeID":null},{"edgeID":"1817144","fromID":"1391164","toID":"1391166","formEdgeID":null},{"edgeID":"1817145","fromID":"1391166","toID":"1391165","formEdgeID":null},{"edgeID":"1817146","fromID":"1391167","toID":"1391132","formEdgeID":null},{"edgeID":"1817147","fromID":"1391134","toID":"1391167","formEdgeID":null},{"edgeID":"1817148","fromID":"1391132","toID":"1391168","formEdgeID":null},{"edgeID":"1817149","fromID":"1391168","toID":"1391132","formEdgeID":null},{"edgeID":"1817150","fromID":"1391132","toID":"1391169","formEdgeID":null},{"edgeID":"1817151","fromID":"1391169","toID":"1391131","formEdgeID":null},{"edgeID":"1817152","fromID":"1391132","toID":"1391170","formEdgeID":null},{"edgeID":"1817153","fromID":"1391170","toID":"1391137","formEdgeID":null},{"edgeID":"1817154","fromID":"1391131","toID":"1391171","formEdgeID":null},{"edgeID":"1817155","fromID":"1391171","toID":"1391136","formEdgeID":null},{"edgeID":"1817156","fromID":"1391121","toID":"1391171","formEdgeID":null},{"edgeID":"1817157","fromID":"1391116","toID":"1391171","formEdgeID":null},{"edgeID":"1817158","fromID":"1391101","toID":"1391171","formEdgeID":null},{"edgeID":"1817159","fromID":"1391170","toID":"1391172","formEdgeID":null},{"edgeID":"1817160","fromID":"1391172","toID":"1391171","formEdgeID":null},{"edgeID":"1817161","fromID":"1391175","toID":"1391174","formEdgeID":null},{"edgeID":"1817162","fromID":"1391176","toID":"1391175","formEdgeID":null},{"edgeID":"1817163","fromID":"1391174","toID":"1391177","formEdgeID":null},{"edgeID":"1817164","fromID":"1391177","toID":"1391173","formEdgeID":null},{"edgeID":"1817165","fromID":"1391137","toID":"1391178","formEdgeID":null},{"edgeID":"1817166","fromID":"1391178","toID":"1391174","formEdgeID":null},{"edgeID":"1817167","fromID":"1391181","toID":"1391180","formEdgeID":null},{"edgeID":"1817168","fromID":"1391182","toID":"1391181","formEdgeID":null},{"edgeID":"1817169","fromID":"1391180","toID":"1391183","formEdgeID":null},{"edgeID":"1817170","fromID":"1391183","toID":"1391179","formEdgeID":null},{"edgeID":"1817171","fromID":"1391174","toID":"1391184","formEdgeID":null},{"edgeID":"1817172","fromID":"1391184","toID":"1391180","formEdgeID":null},{"edgeID":"1817173","fromID":"1391179","toID":"1391185","formEdgeID":null},{"edgeID":"1817174","fromID":"1391185","toID":"1391173","formEdgeID":null},{"edgeID":"1817175","fromID":"1391184","toID":"1391186","formEdgeID":null},{"edgeID":"1817176","fromID":"1391186","toID":"1391185","formEdgeID":null},{"edgeID":"1817177","fromID":"1391189","toID":"1391188","formEdgeID":null},{"edgeID":"1817178","fromID":"1391190","toID":"1391189","formEdgeID":null},{"edgeID":"1817179","fromID":"1391188","toID":"1391191","formEdgeID":null},{"edgeID":"1817180","fromID":"1391191","toID":"1391187","formEdgeID":null},{"edgeID":"1817181","fromID":"1391180","toID":"1391192","formEdgeID":null},{"edgeID":"1817182","fromID":"1391192","toID":"1391188","formEdgeID":null},{"edgeID":"1817183","fromID":"1391195","toID":"1391194","formEdgeID":null},{"edgeID":"1817184","fromID":"1391196","toID":"1391195","formEdgeID":null},{"edgeID":"1817185","fromID":"1391194","toID":"1391197","formEdgeID":null},{"edgeID":"1817186","fromID":"1391197","toID":"1391193","formEdgeID":null},{"edgeID":"1817187","fromID":"1391188","toID":"1391198","formEdgeID":null},{"edgeID":"1817188","fromID":"1391198","toID":"1391194","formEdgeID":null},{"edgeID":"1817189","fromID":"1391201","toID":"1391200","formEdgeID":null},{"edgeID":"1817190","fromID":"1391202","toID":"1391201","formEdgeID":null},{"edgeID":"1817191","fromID":"1391200","toID":"1391203","formEdgeID":null},{"edgeID":"1817192","fromID":"1391203","toID":"1391199","formEdgeID":null},{"edgeID":"1817193","fromID":"1391194","toID":"1391204","formEdgeID":null},{"edgeID":"1817194","fromID":"1391204","toID":"1391200","formEdgeID":null},{"edgeID":"1817195","fromID":"1391207","toID":"1391206","formEdgeID":null},{"edgeID":"1817196","fromID":"1391208","toID":"1391207","formEdgeID":null},{"edgeID":"1817197","fromID":"1391206","toID":"1391209","formEdgeID":null},{"edgeID":"1817198","fromID":"1391209","toID":"1391205","formEdgeID":null},{"edgeID":"1817199","fromID":"1391212","toID":"1391211","formEdgeID":null},{"edgeID":"1817200","fromID":"1391213","toID":"1391212","formEdgeID":null},{"edgeID":"1817201","fromID":"1391211","toID":"1391214","formEdgeID":null},{"edgeID":"1817202","fromID":"1391214","toID":"1391210","formEdgeID":null},{"edgeID":"1817203","fromID":"1391193","toID":"1391215","formEdgeID":null},{"edgeID":"1817204","fromID":"1391173","toID":"1391215","formEdgeID":null},{"edgeID":"1817205","fromID":"1391199","toID":"1391215","formEdgeID":null},{"edgeID":"1817206","fromID":"1391215","toID":"1391136","formEdgeID":null},{"edgeID":"1817207","fromID":"1391179","toID":"1391215","formEdgeID":null},{"edgeID":"1817208","fromID":"1391204","toID":"1391216","formEdgeID":null},{"edgeID":"1817209","fromID":"1391216","toID":"1391215","formEdgeID":null},{"edgeID":"1817210","fromID":"1391205","toID":"1391217","formEdgeID":null},{"edgeID":"1817211","fromID":"1391217","toID":"1391136","formEdgeID":null},{"edgeID":"1817212","fromID":"1391137","toID":"1391218","formEdgeID":null},{"edgeID":"1817213","fromID":"1391218","toID":"1391206","formEdgeID":null},{"edgeID":"1817214","fromID":"1391218","toID":"1391219","formEdgeID":null},{"edgeID":"1817215","fromID":"1391219","toID":"1391217","formEdgeID":null},{"edgeID":"1817216","fromID":"1391222","toID":"1391221","formEdgeID":null},{"edgeID":"1817217","fromID":"1391223","toID":"1391222","formEdgeID":null},{"edgeID":"1817218","fromID":"1391221","toID":"1391224","formEdgeID":null},{"edgeID":"1817219","fromID":"1391224","toID":"1391220","formEdgeID":null},{"edgeID":"1817220","fromID":"1391211","toID":"1391225","formEdgeID":null},{"edgeID":"1817221","fromID":"1391225","toID":"1391221","formEdgeID":null},{"edgeID":"1817222","fromID":"1391220","toID":"1391226","formEdgeID":null},{"edgeID":"1817223","fromID":"1391226","toID":"1391210","formEdgeID":null},{"edgeID":"1817224","fromID":"1391225","toID":"1391227","formEdgeID":null},{"edgeID":"1817225","fromID":"1391227","toID":"1391226","formEdgeID":null},{"edgeID":"1817226","fromID":"1391206","toID":"1391228","formEdgeID":null},{"edgeID":"1817227","fromID":"1391228","toID":"1391211","formEdgeID":null}],"locutions":[]}