{"nodes":[{"nodeID":"1386255","text":"the solution's got to be better than putting asylum seekers in hotels","type":"I","timestamp":"2023-11-09 15:02:33"},{"nodeID":"1386256","text":"AudienceMember 20230427QT04:  It's got to be better than putting them in hotels","type":"L","timestamp":"2023-11-09 15:02:33"},{"nodeID":"1386257","text":"Analysing","type":"YA","timestamp":"2023-11-09 15:02:33"},{"nodeID":"1386258","text":"Anon: AudienceMember 20230427QT04:  It's got to be better than putting them in hotels","type":"L","timestamp":"2023-11-09 15:02:33"},{"nodeID":"1386259","text":"Asserting","type":"YA","timestamp":"2023-11-09 15:02:33"},{"nodeID":"1386260","text":"it was reported yesterday that it cost an individual \u00a3150 to put asylum seekers in a hotel","type":"I","timestamp":"2023-11-09 15:02:33"},{"nodeID":"1386261","text":"AudienceMember 20230427QT04: it was reported yesterday that it cost an individual \u00a3150 to put them in a hotel","type":"L","timestamp":"2023-11-09 15:02:33"},{"nodeID":"1386262","text":"Analysing","type":"YA","timestamp":"2023-11-09 15:02:33"},{"nodeID":"1386263","text":"Anon: AudienceMember 20230427QT04: it was reported yesterday that it cost an individual \u00a3150 to put them in a hotel","type":"L","timestamp":"2023-11-09 15:02:33"},{"nodeID":"1386264","text":"Asserting","type":"YA","timestamp":"2023-11-09 15:02:33"},{"nodeID":"1386265","text":"Default Transition","type":"TA","timestamp":"2023-11-09 15:02:33"},{"nodeID":"1386266","text":"asylum seekers are staying in xxx hotels","type":"I","timestamp":"2023-11-09 15:02:34"},{"nodeID":"1386267","text":"AudienceMember 20230427QT04: Which hotels are they staying in","type":"L","timestamp":"2023-11-09 15:02:34"},{"nodeID":"1386268","text":"Analysing","type":"YA","timestamp":"2023-11-09 15:02:34"},{"nodeID":"1386269","text":"Anon: AudienceMember 20230427QT04: Which hotels are they staying in","type":"L","timestamp":"2023-11-09 15:02:34"},{"nodeID":"1386270","text":"Pure Questioning","type":"YA","timestamp":"2023-11-09 15:02:34"},{"nodeID":"1386271","text":"Default Transition","type":"TA","timestamp":"2023-11-09 15:02:34"},{"nodeID":"1386272","text":"Default Inference","type":"RA","timestamp":"2023-11-09 15:02:34"},{"nodeID":"1386273","text":"Arguing","type":"YA","timestamp":"2023-11-09 15:02:34"},{"nodeID":"1386274","text":"AudienceMember 20230427QT04 certainly couldn't afford to stay in those hotels asylum seekers are staying","type":"I","timestamp":"2023-11-09 15:02:35"},{"nodeID":"1386275","text":"AudienceMember 20230427QT04: I certainly couldn't afford to stay in those hotels","type":"L","timestamp":"2023-11-09 15:02:35"},{"nodeID":"1386276","text":"Analysing","type":"YA","timestamp":"2023-11-09 15:02:35"},{"nodeID":"1386277","text":"Anon: AudienceMember 20230427QT04: I certainly couldn't afford to stay in those hotels","type":"L","timestamp":"2023-11-09 15:02:35"},{"nodeID":"1386278","text":"Asserting","type":"YA","timestamp":"2023-11-09 15:02:35"},{"nodeID":"1386279","text":"Default Transition","type":"TA","timestamp":"2023-11-09 15:02:35"},{"nodeID":"1386280","text":"bases has got to be a financially better prospect","type":"I","timestamp":"2023-11-09 15:02:35"},{"nodeID":"1386281","text":"AudienceMember 20230427QT04: bases has got to be a financially better prospect","type":"L","timestamp":"2023-11-09 15:02:35"},{"nodeID":"1386282","text":"Analysing","type":"YA","timestamp":"2023-11-09 15:02:35"},{"nodeID":"1386283","text":"Anon: AudienceMember 20230427QT04: bases has got to be a financially better prospect","type":"L","timestamp":"2023-11-09 15:02:35"},{"nodeID":"1386284","text":"Asserting","type":"YA","timestamp":"2023-11-09 15:02:35"},{"nodeID":"1386285","text":"Default Transition","type":"TA","timestamp":"2023-11-09 15:02:35"},{"nodeID":"1386286","text":"Default Inference","type":"RA","timestamp":"2023-11-09 15:02:35"},{"nodeID":"1386287","text":"Arguing","type":"YA","timestamp":"2023-11-09 15:02:35"},{"nodeID":"1386288","text":"asylum seekers situation is a tragedy in so many ways","type":"I","timestamp":"2023-11-09 15:02:36"},{"nodeID":"1386289","text":"Danny Sriskandarajah: this is a tragedy in so many ways","type":"L","timestamp":"2023-11-09 15:02:36"},{"nodeID":"1386290","text":"Analysing","type":"YA","timestamp":"2023-11-09 15:02:36"},{"nodeID":"1386291","text":"Anon: Danny Sriskandarajah: this is a tragedy in so many ways","type":"L","timestamp":"2023-11-09 15:02:36"},{"nodeID":"1386292","text":"Asserting","type":"YA","timestamp":"2023-11-09 15:02:36"},{"nodeID":"1386293","text":"Default Transition","type":"TA","timestamp":"2023-11-09 15:02:36"},{"nodeID":"1386294","text":"the bitter reality is also that some of those hotels are being paid for out of the aid budget","type":"I","timestamp":"2023-11-09 15:02:37"},{"nodeID":"1386295","text":"Danny Sriskandarajah: the bitter reality is also that some of those hotels are being paid for out of the aid budget","type":"L","timestamp":"2023-11-09 15:02:37"},{"nodeID":"1386296","text":"Analysing","type":"YA","timestamp":"2023-11-09 15:02:37"},{"nodeID":"1386297","text":"Anon: Danny Sriskandarajah: the bitter reality is also that some of those hotels are being paid for out of the aid budget","type":"L","timestamp":"2023-11-09 15:02:37"},{"nodeID":"1386298","text":"Asserting","type":"YA","timestamp":"2023-11-09 15:02:37"},{"nodeID":"1386299","text":"Default Transition","type":"TA","timestamp":"2023-11-09 15:02:37"},{"nodeID":"1386300","text":"we found out in an independent report that a third of the UK's aid budget is now being spent in this country paying for hotels","type":"I","timestamp":"2023-11-09 15:02:37"},{"nodeID":"1386301","text":"Danny Sriskandarajah: we found out in an independent report that a third of the UK's aid budget is now being spent in this country paying for hotels","type":"L","timestamp":"2023-11-09 15:02:37"},{"nodeID":"1386302","text":"Analysing","type":"YA","timestamp":"2023-11-09 15:02:37"},{"nodeID":"1386303","text":"Anon: Danny Sriskandarajah: we found out in an independent report that a third of the UK's aid budget is now being spent in this country paying for hotels","type":"L","timestamp":"2023-11-09 15:02:37"},{"nodeID":"1386304","text":"Asserting","type":"YA","timestamp":"2023-11-09 15:02:37"},{"nodeID":"1386305","text":"Default Transition","type":"TA","timestamp":"2023-11-09 15:02:37"},{"nodeID":"1386306","text":"Default Rephrase","type":"MA","timestamp":"2023-11-09 15:02:37"},{"nodeID":"1386307","text":"Restating","type":"YA","timestamp":"2023-11-09 15:02:37"},{"nodeID":"1386308","text":"the asylum system is not able to process people fairly","type":"I","timestamp":"2023-11-09 15:02:38"},{"nodeID":"1386309","text":"Danny Sriskandarajah:  the asylum system is not able to process people fairly","type":"L","timestamp":"2023-11-09 15:02:38"},{"nodeID":"1386310","text":"Analysing","type":"YA","timestamp":"2023-11-09 15:02:38"},{"nodeID":"1386311","text":"Anon: Danny Sriskandarajah:  the asylum system is not able to process people fairly","type":"L","timestamp":"2023-11-09 15:02:38"},{"nodeID":"1386312","text":"Asserting","type":"YA","timestamp":"2023-11-09 15:02:38"},{"nodeID":"1386313","text":"Default Transition","type":"TA","timestamp":"2023-11-09 15:02:38"},{"nodeID":"1386314","text":"Default Inference","type":"RA","timestamp":"2023-11-09 15:02:38"},{"nodeID":"1386315","text":"Arguing","type":"YA","timestamp":"2023-11-09 15:02:38"},{"nodeID":"1386316","text":"Danny Sriskandarajah has a blog and where he talks about compassion Britain","type":"I","timestamp":"2023-11-09 15:02:39"},{"nodeID":"1386317","text":"Danny Sriskandarajah: Fiona, you talked about my blog and talking about compassion Britain","type":"L","timestamp":"2023-11-09 15:02:39"},{"nodeID":"1386318","text":"Analysing","type":"YA","timestamp":"2023-11-09 15:02:39"},{"nodeID":"1386319","text":"Anon: Danny Sriskandarajah: Fiona, you talked about my blog and talking about compassion Britain","type":"L","timestamp":"2023-11-09 15:02:39"},{"nodeID":"1386320","text":"Fiona Bruce: Danny Sriskandarajah has a blog and where he talks about compassion Britain","type":"L","timestamp":"2023-11-09 15:02:39"},{"nodeID":"1386321","text":"Analysing","type":"YA","timestamp":"2023-11-09 15:02:39"},{"nodeID":"1386322","text":"Anon: Fiona Bruce: Fiona, you talked about my blog and talking about compassion Britain","type":"L","timestamp":"2023-11-09 15:02:39"},{"nodeID":"1386323","text":"Asserting","type":"YA","timestamp":"2023-11-09 15:02:39"},{"nodeID":"1386324","text":"Asserting","type":"YA","timestamp":"2023-11-09 15:02:39"},{"nodeID":"1386325","text":"Default Transition","type":"TA","timestamp":"2023-11-09 15:02:39"},{"nodeID":"1386326","text":"Oxfam was founded 80 years ago on the basis that Britain was a compassionate and generous society","type":"I","timestamp":"2023-11-09 15:02:39"},{"nodeID":"1386327","text":"Danny Sriskandarajah: Oxfam was founded 80 years ago on the basis that Britain was a compassionate and generous society","type":"L","timestamp":"2023-11-09 15:02:39"},{"nodeID":"1386328","text":"Analysing","type":"YA","timestamp":"2023-11-09 15:02:39"},{"nodeID":"1386329","text":"Anon: Danny Sriskandarajah: Oxfam was founded 80 years ago on the basis that Britain was a compassionate and generous society","type":"L","timestamp":"2023-11-09 15:02:39"},{"nodeID":"1386330","text":"Asserting","type":"YA","timestamp":"2023-11-09 15:02:39"},{"nodeID":"1386331","text":"Default Transition","type":"TA","timestamp":"2023-11-09 15:02:39"},{"nodeID":"1386332","text":"Oxfam helped build the universal declaration on human rights","type":"I","timestamp":"2023-11-09 15:02:40"},{"nodeID":"1386333","text":"Danny Sriskandarajah: We helped build the universal declaration on human rights","type":"L","timestamp":"2023-11-09 15:02:40"},{"nodeID":"1386334","text":"Analysing","type":"YA","timestamp":"2023-11-09 15:02:40"},{"nodeID":"1386335","text":"Anon: Danny Sriskandarajah: We helped build the universal declaration on human rights","type":"L","timestamp":"2023-11-09 15:02:40"},{"nodeID":"1386336","text":"Asserting","type":"YA","timestamp":"2023-11-09 15:02:40"},{"nodeID":"1386337","text":"Default Transition","type":"TA","timestamp":"2023-11-09 15:02:40"},{"nodeID":"1386338","text":"Oxfam helped write the refugee convention","type":"I","timestamp":"2023-11-09 15:02:41"},{"nodeID":"1386339","text":"Danny Sriskandarajah: We helped write the refugee convention","type":"L","timestamp":"2023-11-09 15:02:41"},{"nodeID":"1386340","text":"Analysing","type":"YA","timestamp":"2023-11-09 15:02:41"},{"nodeID":"1386341","text":"Anon: Danny Sriskandarajah: We helped write the refugee convention","type":"L","timestamp":"2023-11-09 15:02:41"},{"nodeID":"1386342","text":"Asserting","type":"YA","timestamp":"2023-11-09 15:02:41"},{"nodeID":"1386343","text":"now we've got governments that are trying to rip up those obligations on human rights and refugees","type":"I","timestamp":"2023-11-09 15:02:41"},{"nodeID":"1386344","text":"Danny Sriskandarajah: now we've got governments that are trying to rip up those obligations","type":"L","timestamp":"2023-11-09 15:02:41"},{"nodeID":"1386345","text":"Analysing","type":"YA","timestamp":"2023-11-09 15:02:41"},{"nodeID":"1386346","text":"Anon: Danny Sriskandarajah: now we've got governments that are trying to rip up those obligations","type":"L","timestamp":"2023-11-09 15:02:41"},{"nodeID":"1386347","text":"Asserting","type":"YA","timestamp":"2023-11-09 15:02:41"},{"nodeID":"1386348","text":"Default Transition","type":"TA","timestamp":"2023-11-09 15:02:41"},{"nodeID":"1386349","text":"Default Conflict","type":"CA","timestamp":"2023-11-09 15:02:41"},{"nodeID":"1386350","text":"Disagreeing","type":"YA","timestamp":"2023-11-09 15:02:41"},{"nodeID":"1386351","text":"Default Conflict","type":"CA","timestamp":"2023-11-09 15:02:41"},{"nodeID":"1386352","text":"Default Transition","type":"TA","timestamp":"2023-11-09 15:02:41"},{"nodeID":"1386353","text":"Disagreeing","type":"YA","timestamp":"2023-11-09 15:02:41"},{"nodeID":"1386354","text":"Default Rephrase","type":"MA","timestamp":"2023-11-09 15:02:41"},{"nodeID":"1386355","text":"Default Transition","type":"TA","timestamp":"2023-11-09 15:02:41"},{"nodeID":"1386356","text":"Restating","type":"YA","timestamp":"2023-11-09 15:02:41"}],"edges":[{"edgeID":"1811306","fromID":"1386257","toID":"1386256","formEdgeID":null},{"edgeID":"1811307","fromID":"1386258","toID":"1386257","formEdgeID":null},{"edgeID":"1811308","fromID":"1386256","toID":"1386259","formEdgeID":null},{"edgeID":"1811309","fromID":"1386259","toID":"1386255","formEdgeID":null},{"edgeID":"1811310","fromID":"1386262","toID":"1386261","formEdgeID":null},{"edgeID":"1811311","fromID":"1386263","toID":"1386262","formEdgeID":null},{"edgeID":"1811312","fromID":"1386261","toID":"1386264","formEdgeID":null},{"edgeID":"1811313","fromID":"1386264","toID":"1386260","formEdgeID":null},{"edgeID":"1811314","fromID":"1386256","toID":"1386265","formEdgeID":null},{"edgeID":"1811315","fromID":"1386265","toID":"1386261","formEdgeID":null},{"edgeID":"1811316","fromID":"1386268","toID":"1386267","formEdgeID":null},{"edgeID":"1811317","fromID":"1386269","toID":"1386268","formEdgeID":null},{"edgeID":"1811318","fromID":"1386267","toID":"1386270","formEdgeID":null},{"edgeID":"1811319","fromID":"1386270","toID":"1386266","formEdgeID":null},{"edgeID":"1811320","fromID":"1386261","toID":"1386271","formEdgeID":null},{"edgeID":"1811321","fromID":"1386271","toID":"1386267","formEdgeID":null},{"edgeID":"1811322","fromID":"1386260","toID":"1386272","formEdgeID":null},{"edgeID":"1811323","fromID":"1386272","toID":"1386255","formEdgeID":null},{"edgeID":"1811324","fromID":"1386265","toID":"1386273","formEdgeID":null},{"edgeID":"1811325","fromID":"1386273","toID":"1386272","formEdgeID":null},{"edgeID":"1811326","fromID":"1386276","toID":"1386275","formEdgeID":null},{"edgeID":"1811327","fromID":"1386277","toID":"1386276","formEdgeID":null},{"edgeID":"1811328","fromID":"1386275","toID":"1386278","formEdgeID":null},{"edgeID":"1811329","fromID":"1386278","toID":"1386274","formEdgeID":null},{"edgeID":"1811330","fromID":"1386267","toID":"1386279","formEdgeID":null},{"edgeID":"1811331","fromID":"1386279","toID":"1386275","formEdgeID":null},{"edgeID":"1811332","fromID":"1386282","toID":"1386281","formEdgeID":null},{"edgeID":"1811333","fromID":"1386283","toID":"1386282","formEdgeID":null},{"edgeID":"1811334","fromID":"1386281","toID":"1386284","formEdgeID":null},{"edgeID":"1811335","fromID":"1386284","toID":"1386280","formEdgeID":null},{"edgeID":"1811336","fromID":"1386275","toID":"1386285","formEdgeID":null},{"edgeID":"1811337","fromID":"1386285","toID":"1386281","formEdgeID":null},{"edgeID":"1811338","fromID":"1386274","toID":"1386286","formEdgeID":null},{"edgeID":"1811339","fromID":"1386286","toID":"1386280","formEdgeID":null},{"edgeID":"1811340","fromID":"1386285","toID":"1386287","formEdgeID":null},{"edgeID":"1811341","fromID":"1386287","toID":"1386286","formEdgeID":null},{"edgeID":"1811342","fromID":"1386290","toID":"1386289","formEdgeID":null},{"edgeID":"1811343","fromID":"1386291","toID":"1386290","formEdgeID":null},{"edgeID":"1811344","fromID":"1386289","toID":"1386292","formEdgeID":null},{"edgeID":"1811345","fromID":"1386292","toID":"1386288","formEdgeID":null},{"edgeID":"1811346","fromID":"1386281","toID":"1386293","formEdgeID":null},{"edgeID":"1811347","fromID":"1386293","toID":"1386289","formEdgeID":null},{"edgeID":"1811348","fromID":"1386296","toID":"1386295","formEdgeID":null},{"edgeID":"1811349","fromID":"1386297","toID":"1386296","formEdgeID":null},{"edgeID":"1811350","fromID":"1386295","toID":"1386298","formEdgeID":null},{"edgeID":"1811351","fromID":"1386298","toID":"1386294","formEdgeID":null},{"edgeID":"1811352","fromID":"1386289","toID":"1386299","formEdgeID":null},{"edgeID":"1811353","fromID":"1386299","toID":"1386295","formEdgeID":null},{"edgeID":"1811354","fromID":"1386302","toID":"1386301","formEdgeID":null},{"edgeID":"1811355","fromID":"1386303","toID":"1386302","formEdgeID":null},{"edgeID":"1811356","fromID":"1386301","toID":"1386304","formEdgeID":null},{"edgeID":"1811357","fromID":"1386304","toID":"1386300","formEdgeID":null},{"edgeID":"1811358","fromID":"1386295","toID":"1386305","formEdgeID":null},{"edgeID":"1811359","fromID":"1386305","toID":"1386301","formEdgeID":null},{"edgeID":"1811360","fromID":"1386300","toID":"1386306","formEdgeID":null},{"edgeID":"1811361","fromID":"1386306","toID":"1386294","formEdgeID":null},{"edgeID":"1811362","fromID":"1386305","toID":"1386307","formEdgeID":null},{"edgeID":"1811363","fromID":"1386307","toID":"1386306","formEdgeID":null},{"edgeID":"1811364","fromID":"1386310","toID":"1386309","formEdgeID":null},{"edgeID":"1811365","fromID":"1386311","toID":"1386310","formEdgeID":null},{"edgeID":"1811366","fromID":"1386309","toID":"1386312","formEdgeID":null},{"edgeID":"1811367","fromID":"1386312","toID":"1386308","formEdgeID":null},{"edgeID":"1811368","fromID":"1386301","toID":"1386313","formEdgeID":null},{"edgeID":"1811369","fromID":"1386313","toID":"1386309","formEdgeID":null},{"edgeID":"1811370","fromID":"1386308","toID":"1386314","formEdgeID":null},{"edgeID":"1811371","fromID":"1386314","toID":"1386300","formEdgeID":null},{"edgeID":"1811372","fromID":"1386313","toID":"1386315","formEdgeID":null},{"edgeID":"1811373","fromID":"1386315","toID":"1386314","formEdgeID":null},{"edgeID":"1811374","fromID":"1386318","toID":"1386317","formEdgeID":null},{"edgeID":"1811375","fromID":"1386319","toID":"1386318","formEdgeID":null},{"edgeID":"1811376","fromID":"1386321","toID":"1386320","formEdgeID":null},{"edgeID":"1811377","fromID":"1386322","toID":"1386321","formEdgeID":null},{"edgeID":"1811378","fromID":"1386320","toID":"1386323","formEdgeID":null},{"edgeID":"1811379","fromID":"1386323","toID":"1386316","formEdgeID":null},{"edgeID":"1811380","fromID":"1386317","toID":"1386324","formEdgeID":null},{"edgeID":"1811381","fromID":"1386324","toID":"1386320","formEdgeID":null},{"edgeID":"1811382","fromID":"1386309","toID":"1386325","formEdgeID":null},{"edgeID":"1811383","fromID":"1386325","toID":"1386317","formEdgeID":null},{"edgeID":"1811384","fromID":"1386328","toID":"1386327","formEdgeID":null},{"edgeID":"1811385","fromID":"1386329","toID":"1386328","formEdgeID":null},{"edgeID":"1811386","fromID":"1386327","toID":"1386330","formEdgeID":null},{"edgeID":"1811387","fromID":"1386330","toID":"1386326","formEdgeID":null},{"edgeID":"1811388","fromID":"1386317","toID":"1386331","formEdgeID":null},{"edgeID":"1811389","fromID":"1386331","toID":"1386327","formEdgeID":null},{"edgeID":"1811390","fromID":"1386334","toID":"1386333","formEdgeID":null},{"edgeID":"1811391","fromID":"1386335","toID":"1386334","formEdgeID":null},{"edgeID":"1811392","fromID":"1386333","toID":"1386336","formEdgeID":null},{"edgeID":"1811393","fromID":"1386336","toID":"1386332","formEdgeID":null},{"edgeID":"1811394","fromID":"1386327","toID":"1386337","formEdgeID":null},{"edgeID":"1811395","fromID":"1386337","toID":"1386333","formEdgeID":null},{"edgeID":"1811396","fromID":"1386340","toID":"1386339","formEdgeID":null},{"edgeID":"1811397","fromID":"1386341","toID":"1386340","formEdgeID":null},{"edgeID":"1811398","fromID":"1386339","toID":"1386342","formEdgeID":null},{"edgeID":"1811399","fromID":"1386342","toID":"1386338","formEdgeID":null},{"edgeID":"1811400","fromID":"1386345","toID":"1386344","formEdgeID":null},{"edgeID":"1811401","fromID":"1386346","toID":"1386345","formEdgeID":null},{"edgeID":"1811402","fromID":"1386344","toID":"1386347","formEdgeID":null},{"edgeID":"1811403","fromID":"1386347","toID":"1386343","formEdgeID":null},{"edgeID":"1811404","fromID":"1386339","toID":"1386348","formEdgeID":null},{"edgeID":"1811405","fromID":"1386348","toID":"1386344","formEdgeID":null},{"edgeID":"1811406","fromID":"1386343","toID":"1386349","formEdgeID":null},{"edgeID":"1811407","fromID":"1386349","toID":"1386338","formEdgeID":null},{"edgeID":"1811408","fromID":"1386348","toID":"1386350","formEdgeID":null},{"edgeID":"1811409","fromID":"1386350","toID":"1386349","formEdgeID":null},{"edgeID":"1811410","fromID":"1386343","toID":"1386351","formEdgeID":null},{"edgeID":"1811411","fromID":"1386351","toID":"1386332","formEdgeID":null},{"edgeID":"1811412","fromID":"1386333","toID":"1386352","formEdgeID":null},{"edgeID":"1811413","fromID":"1386352","toID":"1386344","formEdgeID":null},{"edgeID":"1811414","fromID":"1386352","toID":"1386353","formEdgeID":null},{"edgeID":"1811415","fromID":"1386353","toID":"1386351","formEdgeID":null},{"edgeID":"1811416","fromID":"1386280","toID":"1386354","formEdgeID":null},{"edgeID":"1811417","fromID":"1386354","toID":"1386255","formEdgeID":null},{"edgeID":"1811418","fromID":"1386256","toID":"1386355","formEdgeID":null},{"edgeID":"1811419","fromID":"1386355","toID":"1386281","formEdgeID":null},{"edgeID":"1811420","fromID":"1386355","toID":"1386356","formEdgeID":null},{"edgeID":"1811421","fromID":"1386356","toID":"1386354","formEdgeID":null}],"locutions":[]}