{"nodes":[{"nodeID":"1385519","text":"Analysing","type":"YA","timestamp":"2023-11-09 15:01:27"},{"nodeID":"1385520","text":"Anon: Fiona Bruce:  in principle you don't have a problem with asylum seekers being put in barracks","type":"L","timestamp":"2023-11-09 15:01:27"},{"nodeID":"1385521","text":"in principle Emily Thornberry doesn't have a problem with asylum seekers being put in barracks","type":"I","timestamp":"2023-11-09 15:01:28"},{"nodeID":"1385522","text":"Fiona Bruce: in principle you don't have a problem with asylum seekers being put in barracks","type":"L","timestamp":"2023-11-09 15:01:28"},{"nodeID":"1385523","text":"Analysing","type":"YA","timestamp":"2023-11-09 15:01:28"},{"nodeID":"1385524","text":"Anon: Fiona Bruce: in principle you don't have a problem with asylum seekers being put in barracks","type":"L","timestamp":"2023-11-09 15:01:28"},{"nodeID":"1385525","text":"Assertive Questioning","type":"YA","timestamp":"2023-11-09 15:01:28"},{"nodeID":"1385526","text":"Emily Thornberry doesn't have a problem with people being treated humanely","type":"I","timestamp":"2023-11-09 15:01:28"},{"nodeID":"1385527","text":"Emily Thornberry: I don't have a problem with people being treated humanely","type":"L","timestamp":"2023-11-09 15:01:28"},{"nodeID":"1385528","text":"Analysing","type":"YA","timestamp":"2023-11-09 15:01:28"},{"nodeID":"1385529","text":"Anon: Emily Thornberry: I don't have a problem with people being treated humanely","type":"L","timestamp":"2023-11-09 15:01:28"},{"nodeID":"1385530","text":"Asserting","type":"YA","timestamp":"2023-11-09 15:01:28"},{"nodeID":"1385531","text":"Default Transition","type":"TA","timestamp":"2023-11-09 15:01:28"},{"nodeID":"1385532","text":"Emily Thornberry doesn't have a problem with a system which is firm and fast and fair","type":"I","timestamp":"2023-11-09 15:01:29"},{"nodeID":"1385533","text":"Emily Thornberry: I don't have a problem with a system which is firm and fast and fair","type":"L","timestamp":"2023-11-09 15:01:29"},{"nodeID":"1385534","text":"Analysing","type":"YA","timestamp":"2023-11-09 15:01:29"},{"nodeID":"1385535","text":"Anon: Emily Thornberry: I don't have a problem with a system which is firm and fast and fair","type":"L","timestamp":"2023-11-09 15:01:29"},{"nodeID":"1385536","text":"Asserting","type":"YA","timestamp":"2023-11-09 15:01:29"},{"nodeID":"1385537","text":"Default Transition","type":"TA","timestamp":"2023-11-09 15:01:29"},{"nodeID":"1385538","text":"Default Rephrase","type":"MA","timestamp":"2023-11-09 15:01:29"},{"nodeID":"1385539","text":"Default Inference","type":"RA","timestamp":"2023-11-09 15:01:29"},{"nodeID":"1385540","text":"Arguing","type":"YA","timestamp":"2023-11-09 15:01:29"},{"nodeID":"1385541","text":"Default Transition","type":"TA","timestamp":"2023-11-09 15:01:29"},{"nodeID":"1385542","text":"Default Illocuting","type":"YA","timestamp":"2023-11-09 15:01:29"},{"nodeID":"1385543","text":"frankly none of discussion about putting the asylum seekers in barracks is about humanely treatment","type":"I","timestamp":"2023-11-09 15:01:30"},{"nodeID":"1385544","text":"Emily Thornberry: none of that is here with that","type":"L","timestamp":"2023-11-09 15:01:30"},{"nodeID":"1385545","text":"Analysing","type":"YA","timestamp":"2023-11-09 15:01:30"},{"nodeID":"1385546","text":"Anon: Emily Thornberry: none of that is here with that","type":"L","timestamp":"2023-11-09 15:01:30"},{"nodeID":"1385547","text":"Asserting","type":"YA","timestamp":"2023-11-09 15:01:30"},{"nodeID":"1385548","text":"Default Transition","type":"TA","timestamp":"2023-11-09 15:01:30"},{"nodeID":"1385549","text":"all the Government is trying to do is set up a fight","type":"I","timestamp":"2023-11-09 15:01:30"},{"nodeID":"1385550","text":"Emily Thornberry: All they're trying to do is set up a fight","type":"L","timestamp":"2023-11-09 15:01:30"},{"nodeID":"1385551","text":"Analysing","type":"YA","timestamp":"2023-11-09 15:01:30"},{"nodeID":"1385552","text":"Anon: Emily Thornberry: All they're trying to do is set up a fight","type":"L","timestamp":"2023-11-09 15:01:30"},{"nodeID":"1385553","text":"Asserting","type":"YA","timestamp":"2023-11-09 15:01:30"},{"nodeID":"1385554","text":"Default Inference","type":"RA","timestamp":"2023-11-09 15:01:30"},{"nodeID":"1385555","text":"Default Transition","type":"TA","timestamp":"2023-11-09 15:01:30"},{"nodeID":"1385556","text":"Arguing","type":"YA","timestamp":"2023-11-09 15:01:30"},{"nodeID":"1385557","text":"all the Government is trying to do is set up an argument","type":"I","timestamp":"2023-11-09 15:01:31"},{"nodeID":"1385558","text":"Emily Thornberry: an argument","type":"L","timestamp":"2023-11-09 15:01:31"},{"nodeID":"1385559","text":"Analysing","type":"YA","timestamp":"2023-11-09 15:01:31"},{"nodeID":"1385560","text":"Anon: Emily Thornberry: an argument","type":"L","timestamp":"2023-11-09 15:01:31"},{"nodeID":"1385561","text":"Asserting","type":"YA","timestamp":"2023-11-09 15:01:31"},{"nodeID":"1385562","text":"Default Transition","type":"TA","timestamp":"2023-11-09 15:01:31"},{"nodeID":"1385563","text":"Default Rephrase","type":"MA","timestamp":"2023-11-09 15:01:31"},{"nodeID":"1385564","text":"Restating","type":"YA","timestamp":"2023-11-09 15:01:31"},{"nodeID":"1385565","text":"we don't think about the core problem and the core reason why we have a problem","type":"I","timestamp":"2023-11-09 15:01:32"},{"nodeID":"1385566","text":"Emily Thornberry: we don't think about the core problem and the core reason why we have a problem","type":"L","timestamp":"2023-11-09 15:01:32"},{"nodeID":"1385567","text":"Analysing","type":"YA","timestamp":"2023-11-09 15:01:32"},{"nodeID":"1385568","text":"Anon: Emily Thornberry: we don't think about the core problem and the core reason why we have a problem","type":"L","timestamp":"2023-11-09 15:01:32"},{"nodeID":"1385569","text":"Asserting","type":"YA","timestamp":"2023-11-09 15:01:32"},{"nodeID":"1385570","text":"Default Transition","type":"TA","timestamp":"2023-11-09 15:01:32"},{"nodeID":"1385571","text":"Default Inference","type":"RA","timestamp":"2023-11-09 15:01:32"},{"nodeID":"1385572","text":"Arguing","type":"YA","timestamp":"2023-11-09 15:01:32"},{"nodeID":"1385573","text":"Emily Thornberry is not committing as to whether she is supporting the barracks or not","type":"I","timestamp":"2023-11-09 15:01:32"},{"nodeID":"1385574","text":"Fiona Bruce: you're not committing as to whether you're supporting the barracks or not","type":"L","timestamp":"2023-11-09 15:01:32"},{"nodeID":"1385575","text":"Analysing","type":"YA","timestamp":"2023-11-09 15:01:32"},{"nodeID":"1385576","text":"Anon: Fiona Bruce: you're not committing as to whether you're supporting the barracks or not","type":"L","timestamp":"2023-11-09 15:01:32"},{"nodeID":"1385577","text":"Asserting","type":"YA","timestamp":"2023-11-09 15:01:32"},{"nodeID":"1385578","text":"Default Transition","type":"TA","timestamp":"2023-11-09 15:01:32"},{"nodeID":"1385579","text":"Default Inference","type":"RA","timestamp":"2023-11-09 15:01:32"},{"nodeID":"1385580","text":"Arguing","type":"YA","timestamp":"2023-11-09 15:01:32"},{"nodeID":"1385581","text":"barracks are or are not a credible alternative","type":"I","timestamp":"2023-11-09 15:01:33"},{"nodeID":"1385582","text":"Fiona Bruce: is it a credible alternative","type":"L","timestamp":"2023-11-09 15:01:33"},{"nodeID":"1385583","text":"Analysing","type":"YA","timestamp":"2023-11-09 15:01:33"},{"nodeID":"1385584","text":"Anon: Fiona Bruce: is it a credible alternative","type":"L","timestamp":"2023-11-09 15:01:33"},{"nodeID":"1385585","text":"Pure Questioning","type":"YA","timestamp":"2023-11-09 15:01:33"},{"nodeID":"1385586","text":"Default Transition","type":"TA","timestamp":"2023-11-09 15:01:33"},{"nodeID":"1385587","text":"what we've got to do is establish safe and legal routes for people who are seeking asylum","type":"I","timestamp":"2023-11-09 15:01:33"},{"nodeID":"1385588","text":"Andrew Murrison: What we've got to do is establish safe and legal routes for people who are seeking asylum","type":"L","timestamp":"2023-11-09 15:01:33"},{"nodeID":"1385589","text":"Analysing","type":"YA","timestamp":"2023-11-09 15:01:33"},{"nodeID":"1385590","text":"Anon: Andrew Murrison: What we've got to do is establish safe and legal routes for people who are seeking asylum","type":"L","timestamp":"2023-11-09 15:01:33"},{"nodeID":"1385591","text":"Asserting","type":"YA","timestamp":"2023-11-09 15:01:33"},{"nodeID":"1385592","text":"Default Transition","type":"TA","timestamp":"2023-11-09 15:01:33"},{"nodeID":"1385593","text":"forty five thousand people crossed the channel last year","type":"I","timestamp":"2023-11-09 15:01:34"},{"nodeID":"1385594","text":"Andrew Murrison: Forty five thousand people cross the channel last year","type":"L","timestamp":"2023-11-09 15:01:34"},{"nodeID":"1385595","text":"Analysing","type":"YA","timestamp":"2023-11-09 15:01:34"},{"nodeID":"1385596","text":"Anon: Andrew Murrison: Forty five thousand people cross the channel last year","type":"L","timestamp":"2023-11-09 15:01:34"},{"nodeID":"1385597","text":"Asserting","type":"YA","timestamp":"2023-11-09 15:01:34"},{"nodeID":"1385598","text":"Default Transition","type":"TA","timestamp":"2023-11-09 15:01:34"},{"nodeID":"1385599","text":"some people come to grief as a result of crossing the channel","type":"I","timestamp":"2023-11-09 15:01:35"},{"nodeID":"1385600","text":"Andrew Murrison: some people come to grief as a result of that","type":"L","timestamp":"2023-11-09 15:01:35"},{"nodeID":"1385601","text":"Analysing","type":"YA","timestamp":"2023-11-09 15:01:35"},{"nodeID":"1385602","text":"Anon: Andrew Murrison: some people come to grief as a result of that","type":"L","timestamp":"2023-11-09 15:01:35"},{"nodeID":"1385603","text":"Asserting","type":"YA","timestamp":"2023-11-09 15:01:35"},{"nodeID":"1385604","text":"Default Transition","type":"TA","timestamp":"2023-11-09 15:01:35"},{"nodeID":"1385605","text":"we should be doing everything and stretching every sinew to reduce that number of people crossing the channel and griefing","type":"I","timestamp":"2023-11-09 15:01:35"},{"nodeID":"1385606","text":"Andrew Murrison: we should be doing everything and stretching every sinew to reduce that","type":"L","timestamp":"2023-11-09 15:01:35"},{"nodeID":"1385607","text":"Analysing","type":"YA","timestamp":"2023-11-09 15:01:35"},{"nodeID":"1385608","text":"Anon: Andrew Murrison: we should be doing everything and stretching every sinew to reduce that","type":"L","timestamp":"2023-11-09 15:01:35"},{"nodeID":"1385609","text":"Asserting","type":"YA","timestamp":"2023-11-09 15:01:35"},{"nodeID":"1385610","text":"we should get at the awful criminals that pray on these vulnerable people wanting to cross the channel","type":"I","timestamp":"2023-11-09 15:01:36"},{"nodeID":"1385611","text":"Andrew Murrison:  get at the awful criminals that pray on these vulnerable people","type":"L","timestamp":"2023-11-09 15:01:36"},{"nodeID":"1385612","text":"Analysing","type":"YA","timestamp":"2023-11-09 15:01:36"},{"nodeID":"1385613","text":"Anon: Andrew Murrison:  get at the awful criminals that pray on these vulnerable people","type":"L","timestamp":"2023-11-09 15:01:36"},{"nodeID":"1385614","text":"Asserting","type":"YA","timestamp":"2023-11-09 15:01:36"},{"nodeID":"1385615","text":"Default Transition","type":"TA","timestamp":"2023-11-09 15:01:36"},{"nodeID":"1385616","text":"Default Inference","type":"RA","timestamp":"2023-11-09 15:01:36"},{"nodeID":"1385617","text":"Arguing","type":"YA","timestamp":"2023-11-09 15:01:36"},{"nodeID":"1385618","text":"Default Inference","type":"RA","timestamp":"2023-11-09 15:01:36"},{"nodeID":"1385619","text":"Default Transition","type":"TA","timestamp":"2023-11-09 15:01:36"},{"nodeID":"1385620","text":"Default Illocuting","type":"YA","timestamp":"2023-11-09 15:01:36"},{"nodeID":"1385621","text":"Default Inference","type":"RA","timestamp":"2023-11-09 15:01:36"},{"nodeID":"1385622","text":"Default Transition","type":"TA","timestamp":"2023-11-09 15:01:36"},{"nodeID":"1385623","text":"Arguing","type":"YA","timestamp":"2023-11-09 15:01:36"},{"nodeID":"1385624","text":"forty five people crossing the channel last yeat and some coming to grief as a result of crossing the channel is an appalling situation","type":"I","timestamp":"2023-11-09 15:01:36"},{"nodeID":"1385625","text":"Andrew Murrison: That's an appalling situation","type":"L","timestamp":"2023-11-09 15:01:36"},{"nodeID":"1385626","text":"Analysing","type":"YA","timestamp":"2023-11-09 15:01:36"},{"nodeID":"1385627","text":"Anon: Andrew Murrison: That's an appalling situation","type":"L","timestamp":"2023-11-09 15:01:36"},{"nodeID":"1385628","text":"Asserting","type":"YA","timestamp":"2023-11-09 15:01:36"},{"nodeID":"1385629","text":"Default Transition","type":"TA","timestamp":"2023-11-09 15:01:36"},{"nodeID":"1385630","text":"Default Transition","type":"TA","timestamp":"2023-11-09 15:01:36"},{"nodeID":"1385631","text":"Default Inference","type":"RA","timestamp":"2023-11-09 15:01:36"},{"nodeID":"1385632","text":"Arguing","type":"YA","timestamp":"2023-11-09 15:01:36"},{"nodeID":"1385633","text":"Default Rephrase","type":"MA","timestamp":"2023-11-09 15:01:36"},{"nodeID":"1385634","text":"Restating","type":"YA","timestamp":"2023-11-09 15:01:36"}],"edges":[{"edgeID":"1810427","fromID":"1385520","toID":"1385519","formEdgeID":null},{"edgeID":"1810428","fromID":"1385523","toID":"1385522","formEdgeID":null},{"edgeID":"1810429","fromID":"1385524","toID":"1385523","formEdgeID":null},{"edgeID":"1810430","fromID":"1385522","toID":"1385525","formEdgeID":null},{"edgeID":"1810431","fromID":"1385525","toID":"1385521","formEdgeID":null},{"edgeID":"1810432","fromID":"1385528","toID":"1385527","formEdgeID":null},{"edgeID":"1810433","fromID":"1385529","toID":"1385528","formEdgeID":null},{"edgeID":"1810434","fromID":"1385527","toID":"1385530","formEdgeID":null},{"edgeID":"1810435","fromID":"1385530","toID":"1385526","formEdgeID":null},{"edgeID":"1810436","fromID":"1385522","toID":"1385531","formEdgeID":null},{"edgeID":"1810437","fromID":"1385531","toID":"1385527","formEdgeID":null},{"edgeID":"1810438","fromID":"1385534","toID":"1385533","formEdgeID":null},{"edgeID":"1810439","fromID":"1385535","toID":"1385534","formEdgeID":null},{"edgeID":"1810440","fromID":"1385533","toID":"1385536","formEdgeID":null},{"edgeID":"1810441","fromID":"1385536","toID":"1385532","formEdgeID":null},{"edgeID":"1810442","fromID":"1385527","toID":"1385537","formEdgeID":null},{"edgeID":"1810443","fromID":"1385537","toID":"1385533","formEdgeID":null},{"edgeID":"1810444","fromID":"1385532","toID":"1385538","formEdgeID":null},{"edgeID":"1810445","fromID":"1385538","toID":"1385521","formEdgeID":null},{"edgeID":"1810446","fromID":"1385526","toID":"1385539","formEdgeID":null},{"edgeID":"1810447","fromID":"1385539","toID":"1385532","formEdgeID":null},{"edgeID":"1810448","fromID":"1385537","toID":"1385540","formEdgeID":null},{"edgeID":"1810449","fromID":"1385540","toID":"1385539","formEdgeID":null},{"edgeID":"1810450","fromID":"1385522","toID":"1385541","formEdgeID":null},{"edgeID":"1810451","fromID":"1385541","toID":"1385533","formEdgeID":null},{"edgeID":"1810452","fromID":"1385541","toID":"1385542","formEdgeID":null},{"edgeID":"1810453","fromID":"1385542","toID":"1385538","formEdgeID":null},{"edgeID":"1810454","fromID":"1385545","toID":"1385544","formEdgeID":null},{"edgeID":"1810455","fromID":"1385546","toID":"1385545","formEdgeID":null},{"edgeID":"1810456","fromID":"1385544","toID":"1385547","formEdgeID":null},{"edgeID":"1810457","fromID":"1385547","toID":"1385543","formEdgeID":null},{"edgeID":"1810458","fromID":"1385533","toID":"1385548","formEdgeID":null},{"edgeID":"1810459","fromID":"1385548","toID":"1385544","formEdgeID":null},{"edgeID":"1810460","fromID":"1385551","toID":"1385550","formEdgeID":null},{"edgeID":"1810461","fromID":"1385552","toID":"1385551","formEdgeID":null},{"edgeID":"1810462","fromID":"1385550","toID":"1385553","formEdgeID":null},{"edgeID":"1810463","fromID":"1385553","toID":"1385549","formEdgeID":null},{"edgeID":"1810464","fromID":"1385549","toID":"1385554","formEdgeID":null},{"edgeID":"1810465","fromID":"1385554","toID":"1385543","formEdgeID":null},{"edgeID":"1810466","fromID":"1385544","toID":"1385555","formEdgeID":null},{"edgeID":"1810467","fromID":"1385555","toID":"1385550","formEdgeID":null},{"edgeID":"1810468","fromID":"1385555","toID":"1385556","formEdgeID":null},{"edgeID":"1810469","fromID":"1385556","toID":"1385554","formEdgeID":null},{"edgeID":"1810470","fromID":"1385559","toID":"1385558","formEdgeID":null},{"edgeID":"1810471","fromID":"1385560","toID":"1385559","formEdgeID":null},{"edgeID":"1810472","fromID":"1385558","toID":"1385561","formEdgeID":null},{"edgeID":"1810473","fromID":"1385561","toID":"1385557","formEdgeID":null},{"edgeID":"1810474","fromID":"1385550","toID":"1385562","formEdgeID":null},{"edgeID":"1810475","fromID":"1385562","toID":"1385558","formEdgeID":null},{"edgeID":"1810476","fromID":"1385557","toID":"1385563","formEdgeID":null},{"edgeID":"1810477","fromID":"1385563","toID":"1385549","formEdgeID":null},{"edgeID":"1810478","fromID":"1385562","toID":"1385564","formEdgeID":null},{"edgeID":"1810479","fromID":"1385564","toID":"1385563","formEdgeID":null},{"edgeID":"1810480","fromID":"1385567","toID":"1385566","formEdgeID":null},{"edgeID":"1810481","fromID":"1385568","toID":"1385567","formEdgeID":null},{"edgeID":"1810482","fromID":"1385566","toID":"1385569","formEdgeID":null},{"edgeID":"1810483","fromID":"1385569","toID":"1385565","formEdgeID":null},{"edgeID":"1810484","fromID":"1385558","toID":"1385570","formEdgeID":null},{"edgeID":"1810485","fromID":"1385570","toID":"1385566","formEdgeID":null},{"edgeID":"1810486","fromID":"1385557","toID":"1385571","formEdgeID":null},{"edgeID":"1810487","fromID":"1385571","toID":"1385565","formEdgeID":null},{"edgeID":"1810488","fromID":"1385570","toID":"1385572","formEdgeID":null},{"edgeID":"1810489","fromID":"1385572","toID":"1385571","formEdgeID":null},{"edgeID":"1810490","fromID":"1385575","toID":"1385574","formEdgeID":null},{"edgeID":"1810491","fromID":"1385576","toID":"1385575","formEdgeID":null},{"edgeID":"1810492","fromID":"1385574","toID":"1385577","formEdgeID":null},{"edgeID":"1810493","fromID":"1385577","toID":"1385573","formEdgeID":null},{"edgeID":"1810494","fromID":"1385566","toID":"1385578","formEdgeID":null},{"edgeID":"1810495","fromID":"1385578","toID":"1385574","formEdgeID":null},{"edgeID":"1810496","fromID":"1385565","toID":"1385579","formEdgeID":null},{"edgeID":"1810497","fromID":"1385579","toID":"1385573","formEdgeID":null},{"edgeID":"1810498","fromID":"1385578","toID":"1385580","formEdgeID":null},{"edgeID":"1810499","fromID":"1385580","toID":"1385579","formEdgeID":null},{"edgeID":"1810500","fromID":"1385583","toID":"1385582","formEdgeID":null},{"edgeID":"1810501","fromID":"1385584","toID":"1385583","formEdgeID":null},{"edgeID":"1810502","fromID":"1385582","toID":"1385585","formEdgeID":null},{"edgeID":"1810503","fromID":"1385585","toID":"1385581","formEdgeID":null},{"edgeID":"1810504","fromID":"1385574","toID":"1385586","formEdgeID":null},{"edgeID":"1810505","fromID":"1385586","toID":"1385582","formEdgeID":null},{"edgeID":"1810506","fromID":"1385589","toID":"1385588","formEdgeID":null},{"edgeID":"1810507","fromID":"1385590","toID":"1385589","formEdgeID":null},{"edgeID":"1810508","fromID":"1385588","toID":"1385591","formEdgeID":null},{"edgeID":"1810509","fromID":"1385591","toID":"1385587","formEdgeID":null},{"edgeID":"1810510","fromID":"1385582","toID":"1385592","formEdgeID":null},{"edgeID":"1810511","fromID":"1385592","toID":"1385588","formEdgeID":null},{"edgeID":"1810512","fromID":"1385595","toID":"1385594","formEdgeID":null},{"edgeID":"1810513","fromID":"1385596","toID":"1385595","formEdgeID":null},{"edgeID":"1810514","fromID":"1385594","toID":"1385597","formEdgeID":null},{"edgeID":"1810515","fromID":"1385597","toID":"1385593","formEdgeID":null},{"edgeID":"1810516","fromID":"1385588","toID":"1385598","formEdgeID":null},{"edgeID":"1810517","fromID":"1385598","toID":"1385594","formEdgeID":null},{"edgeID":"1810518","fromID":"1385601","toID":"1385600","formEdgeID":null},{"edgeID":"1810519","fromID":"1385602","toID":"1385601","formEdgeID":null},{"edgeID":"1810520","fromID":"1385600","toID":"1385603","formEdgeID":null},{"edgeID":"1810521","fromID":"1385603","toID":"1385599","formEdgeID":null},{"edgeID":"1810522","fromID":"1385594","toID":"1385604","formEdgeID":null},{"edgeID":"1810523","fromID":"1385604","toID":"1385600","formEdgeID":null},{"edgeID":"1810524","fromID":"1385607","toID":"1385606","formEdgeID":null},{"edgeID":"1810525","fromID":"1385608","toID":"1385607","formEdgeID":null},{"edgeID":"1810526","fromID":"1385606","toID":"1385609","formEdgeID":null},{"edgeID":"1810527","fromID":"1385609","toID":"1385605","formEdgeID":null},{"edgeID":"1810528","fromID":"1385612","toID":"1385611","formEdgeID":null},{"edgeID":"1810529","fromID":"1385613","toID":"1385612","formEdgeID":null},{"edgeID":"1810530","fromID":"1385611","toID":"1385614","formEdgeID":null},{"edgeID":"1810531","fromID":"1385614","toID":"1385610","formEdgeID":null},{"edgeID":"1810532","fromID":"1385606","toID":"1385615","formEdgeID":null},{"edgeID":"1810533","fromID":"1385615","toID":"1385611","formEdgeID":null},{"edgeID":"1810534","fromID":"1385605","toID":"1385616","formEdgeID":null},{"edgeID":"1810535","fromID":"1385616","toID":"1385610","formEdgeID":null},{"edgeID":"1810536","fromID":"1385615","toID":"1385617","formEdgeID":null},{"edgeID":"1810537","fromID":"1385617","toID":"1385616","formEdgeID":null},{"edgeID":"1810538","fromID":"1385605","toID":"1385618","formEdgeID":null},{"edgeID":"1810539","fromID":"1385618","toID":"1385581","formEdgeID":null},{"edgeID":"1810540","fromID":"1385582","toID":"1385619","formEdgeID":null},{"edgeID":"1810541","fromID":"1385619","toID":"1385606","formEdgeID":null},{"edgeID":"1810542","fromID":"1385619","toID":"1385620","formEdgeID":null},{"edgeID":"1810543","fromID":"1385620","toID":"1385618","formEdgeID":null},{"edgeID":"1810544","fromID":"1385599","toID":"1385621","formEdgeID":null},{"edgeID":"1810545","fromID":"1385621","toID":"1385587","formEdgeID":null},{"edgeID":"1810546","fromID":"1385588","toID":"1385622","formEdgeID":null},{"edgeID":"1810547","fromID":"1385622","toID":"1385600","formEdgeID":null},{"edgeID":"1810548","fromID":"1385622","toID":"1385623","formEdgeID":null},{"edgeID":"1810549","fromID":"1385623","toID":"1385621","formEdgeID":null},{"edgeID":"1810550","fromID":"1385593","toID":"1385621","formEdgeID":null},{"edgeID":"1810551","fromID":"1385626","toID":"1385625","formEdgeID":null},{"edgeID":"1810552","fromID":"1385627","toID":"1385626","formEdgeID":null},{"edgeID":"1810553","fromID":"1385625","toID":"1385628","formEdgeID":null},{"edgeID":"1810554","fromID":"1385628","toID":"1385624","formEdgeID":null},{"edgeID":"1810555","fromID":"1385600","toID":"1385629","formEdgeID":null},{"edgeID":"1810556","fromID":"1385629","toID":"1385625","formEdgeID":null},{"edgeID":"1810557","fromID":"1385625","toID":"1385630","formEdgeID":null},{"edgeID":"1810558","fromID":"1385630","toID":"1385606","formEdgeID":null},{"edgeID":"1810559","fromID":"1385624","toID":"1385631","formEdgeID":null},{"edgeID":"1810560","fromID":"1385631","toID":"1385605","formEdgeID":null},{"edgeID":"1810561","fromID":"1385630","toID":"1385632","formEdgeID":null},{"edgeID":"1810562","fromID":"1385632","toID":"1385631","formEdgeID":null},{"edgeID":"1810563","fromID":"1385624","toID":"1385633","formEdgeID":null},{"edgeID":"1810564","fromID":"1385633","toID":"1385599","formEdgeID":null},{"edgeID":"1810565","fromID":"1385629","toID":"1385634","formEdgeID":null},{"edgeID":"1810566","fromID":"1385634","toID":"1385633","formEdgeID":null}],"locutions":[]}