{"nodes":[{"nodeID":"1386673","text":"xxx is when are the Government going to stop the green wash","type":"I","timestamp":"2023-11-09 15:03:09"},{"nodeID":"1386674","text":"AudienceMember 20230427QT11: When are the Government going to stop the green wash","type":"L","timestamp":"2023-11-09 15:03:09"},{"nodeID":"1386675","text":"Analysing","type":"YA","timestamp":"2023-11-09 15:03:09"},{"nodeID":"1386676","text":"Chris: AudienceMember 20230427QT11: When are the Government going to stop the green wash","type":"L","timestamp":"2023-11-09 15:03:09"},{"nodeID":"1386677","text":"Pure Questioning","type":"YA","timestamp":"2023-11-09 15:03:09"},{"nodeID":"1386678","text":"At the same time, the Government are saying they're doing such a wonderful job","type":"I","timestamp":"2023-11-09 15:03:10"},{"nodeID":"1386679","text":"AudienceMember 20230427QT11: At the same time, they're saying they're doing such a wonderful job","type":"L","timestamp":"2023-11-09 15:03:10"},{"nodeID":"1386680","text":"Analysing","type":"YA","timestamp":"2023-11-09 15:03:10"},{"nodeID":"1386681","text":"Chris: AudienceMember 20230427QT11: At the same time, they're saying they're doing such a wonderful job","type":"L","timestamp":"2023-11-09 15:03:10"},{"nodeID":"1386682","text":"Asserting","type":"YA","timestamp":"2023-11-09 15:03:10"},{"nodeID":"1386683","text":"the Government are outsourcing most of the carbon emissions to China and so on","type":"I","timestamp":"2023-11-09 15:03:11"},{"nodeID":"1386684","text":"AudienceMember 20230427QT11: they're outsourcing most of the carbon emissions to China and so on","type":"L","timestamp":"2023-11-09 15:03:11"},{"nodeID":"1386685","text":"Analysing","type":"YA","timestamp":"2023-11-09 15:03:11"},{"nodeID":"1386686","text":"Chris: AudienceMember 20230427QT11: they're outsourcing most of the carbon emissions to China and so on","type":"L","timestamp":"2023-11-09 15:03:11"},{"nodeID":"1386687","text":"Asserting","type":"YA","timestamp":"2023-11-09 15:03:11"},{"nodeID":"1386688","text":"Default Transition","type":"TA","timestamp":"2023-11-09 15:03:11"},{"nodeID":"1386689","text":"Default Transition","type":"TA","timestamp":"2023-11-09 15:03:11"},{"nodeID":"1386690","text":"our manufacturing has been destroyed","type":"I","timestamp":"2023-11-09 15:03:11"},{"nodeID":"1386691","text":"AudienceMember 20230427QT11: our manufacturing has been destroyed","type":"L","timestamp":"2023-11-09 15:03:11"},{"nodeID":"1386692","text":"Analysing","type":"YA","timestamp":"2023-11-09 15:03:11"},{"nodeID":"1386693","text":"Chris: AudienceMember 20230427QT11: our manufacturing has been destroyed","type":"L","timestamp":"2023-11-09 15:03:11"},{"nodeID":"1386694","text":"Asserting","type":"YA","timestamp":"2023-11-09 15:03:11"},{"nodeID":"1386695","text":"Default Transition","type":"TA","timestamp":"2023-11-09 15:03:11"},{"nodeID":"1386696","text":"Default Inference","type":"RA","timestamp":"2023-11-09 15:03:11"},{"nodeID":"1386697","text":"Default Inference","type":"RA","timestamp":"2023-11-09 15:03:11"},{"nodeID":"1386698","text":"the Government are granting airport expansions","type":"I","timestamp":"2023-11-09 15:03:12"},{"nodeID":"1386699","text":"AudienceMember 20230427QT11: they're granting airport expansions","type":"L","timestamp":"2023-11-09 15:03:12"},{"nodeID":"1386700","text":"Analysing","type":"YA","timestamp":"2023-11-09 15:03:12"},{"nodeID":"1386701","text":"Chris: AudienceMember 20230427QT11: they're granting airport expansions","type":"L","timestamp":"2023-11-09 15:03:12"},{"nodeID":"1386702","text":"Asserting","type":"YA","timestamp":"2023-11-09 15:03:12"},{"nodeID":"1386703","text":"the Government are granting coal mines","type":"I","timestamp":"2023-11-09 15:03:13"},{"nodeID":"1386704","text":"AudienceMember 20230427QT11: they're granting coal mines","type":"L","timestamp":"2023-11-09 15:03:13"},{"nodeID":"1386705","text":"Analysing","type":"YA","timestamp":"2023-11-09 15:03:13"},{"nodeID":"1386706","text":"Chris: AudienceMember 20230427QT11: they're granting coal mines","type":"L","timestamp":"2023-11-09 15:03:13"},{"nodeID":"1386707","text":"Asserting","type":"YA","timestamp":"2023-11-09 15:03:13"},{"nodeID":"1386708","text":"the Government are granting North Sea oil","type":"I","timestamp":"2023-11-09 15:03:13"},{"nodeID":"1386709","text":"AudienceMember 20230427QT11: they're granting North Sea oil","type":"L","timestamp":"2023-11-09 15:03:13"},{"nodeID":"1386710","text":"Analysing","type":"YA","timestamp":"2023-11-09 15:03:13"},{"nodeID":"1386711","text":"Chris: AudienceMember 20230427QT11: they're granting North Sea oil","type":"L","timestamp":"2023-11-09 15:03:13"},{"nodeID":"1386712","text":"Asserting","type":"YA","timestamp":"2023-11-09 15:03:13"},{"nodeID":"1386713","text":"Default Conflict","type":"CA","timestamp":"2023-11-09 15:03:13"},{"nodeID":"1386714","text":"Default Conflict","type":"CA","timestamp":"2023-11-09 15:03:13"},{"nodeID":"1386715","text":"Default Conflict","type":"CA","timestamp":"2023-11-09 15:03:13"},{"nodeID":"1386716","text":"Default Conflict","type":"CA","timestamp":"2023-11-09 15:03:13"},{"nodeID":"1386717","text":"Default Transition","type":"TA","timestamp":"2023-11-09 15:03:13"},{"nodeID":"1386718","text":"Disagreeing","type":"YA","timestamp":"2023-11-09 15:03:13"},{"nodeID":"1386719","text":"Disagreeing","type":"YA","timestamp":"2023-11-09 15:03:13"},{"nodeID":"1386720","text":"Default Transition","type":"TA","timestamp":"2023-11-09 15:03:13"},{"nodeID":"1386721","text":"Disagreeing","type":"YA","timestamp":"2023-11-09 15:03:13"},{"nodeID":"1386722","text":"Default Transition","type":"TA","timestamp":"2023-11-09 15:03:13"},{"nodeID":"1386723","text":"Disagreeing","type":"YA","timestamp":"2023-11-09 15:03:13"},{"nodeID":"1386724","text":"The Government are talking one thing, but actually doing very, very little","type":"I","timestamp":"2023-11-09 15:03:14"},{"nodeID":"1386725","text":"AudienceMember 20230427QT11: They're talking one thing, but actually doing very, very little","type":"L","timestamp":"2023-11-09 15:03:14"},{"nodeID":"1386726","text":"Analysing","type":"YA","timestamp":"2023-11-09 15:03:14"},{"nodeID":"1386727","text":"Chris: AudienceMember 20230427QT11: They're talking one thing, but actually doing very, very little","type":"L","timestamp":"2023-11-09 15:03:14"},{"nodeID":"1386728","text":"Asserting","type":"YA","timestamp":"2023-11-09 15:03:14"},{"nodeID":"1386729","text":"Default Transition","type":"TA","timestamp":"2023-11-09 15:03:14"},{"nodeID":"1386730","text":"Default Rephrase","type":"MA","timestamp":"2023-11-09 15:03:14"},{"nodeID":"1386731","text":"Restating","type":"YA","timestamp":"2023-11-09 15:03:14"},{"nodeID":"1386732","text":"this question relates to the earlier question about immigration","type":"I","timestamp":"2023-11-09 15:03:15"},{"nodeID":"1386733","text":"AudienceMember 20230427QT13:  this question relates to the earlier question about immigration","type":"L","timestamp":"2023-11-09 15:03:15"},{"nodeID":"1386734","text":"Analysing","type":"YA","timestamp":"2023-11-09 15:03:15"},{"nodeID":"1386735","text":"Chris: AudienceMember 20230427QT13:  this question relates to the earlier question about immigration","type":"L","timestamp":"2023-11-09 15:03:15"},{"nodeID":"1386736","text":"Asserting","type":"YA","timestamp":"2023-11-09 15:03:15"},{"nodeID":"1386737","text":"Default Transition","type":"TA","timestamp":"2023-11-09 15:03:15"},{"nodeID":"1386738","text":"the things that we're doing in Britain now are going to have an impact on a lot of countries around the world","type":"I","timestamp":"2023-11-09 15:03:15"},{"nodeID":"1386739","text":"AudienceMember 20230427QT13: the things that we're doing in Britain now are going to have an impact on a lot of countries around the world","type":"L","timestamp":"2023-11-09 15:03:15"},{"nodeID":"1386740","text":"Analysing","type":"YA","timestamp":"2023-11-09 15:03:15"},{"nodeID":"1386741","text":"Chris: AudienceMember 20230427QT13: the things that we're doing in Britain now are going to have an impact on a lot of countries around the world","type":"L","timestamp":"2023-11-09 15:03:15"},{"nodeID":"1386742","text":"Asserting","type":"YA","timestamp":"2023-11-09 15:03:15"},{"nodeID":"1386743","text":"Default Transition","type":"TA","timestamp":"2023-11-09 15:03:15"},{"nodeID":"1386744","text":"Default Inference","type":"RA","timestamp":"2023-11-09 15:03:15"},{"nodeID":"1386745","text":"Arguing","type":"YA","timestamp":"2023-11-09 15:03:15"},{"nodeID":"1386746","text":"we're seeing it already with very low lying islands, the Maldives, other places","type":"I","timestamp":"2023-11-09 15:03:16"},{"nodeID":"1386747","text":"AudienceMember 20230427QT13: We're seeing it already with very low lying islands, the Maldives, other places","type":"L","timestamp":"2023-11-09 15:03:16"},{"nodeID":"1386748","text":"Analysing","type":"YA","timestamp":"2023-11-09 15:03:16"},{"nodeID":"1386749","text":"Chris: AudienceMember 20230427QT13: We're seeing it already with very low lying islands, the Maldives, other places","type":"L","timestamp":"2023-11-09 15:03:16"},{"nodeID":"1386750","text":"Asserting","type":"YA","timestamp":"2023-11-09 15:03:16"},{"nodeID":"1386751","text":"Default Transition","type":"TA","timestamp":"2023-11-09 15:03:16"},{"nodeID":"1386752","text":"Default Rephrase","type":"MA","timestamp":"2023-11-09 15:03:16"},{"nodeID":"1386753","text":"Restating","type":"YA","timestamp":"2023-11-09 15:03:16"},{"nodeID":"1386754","text":"people are having to leave their homes and resettle","type":"I","timestamp":"2023-11-09 15:03:16"},{"nodeID":"1386755","text":"AudienceMember 20230427QT13: people are having to leave their homes and resettle","type":"L","timestamp":"2023-11-09 15:03:16"},{"nodeID":"1386756","text":"Analysing","type":"YA","timestamp":"2023-11-09 15:03:16"},{"nodeID":"1386757","text":"Chris: AudienceMember 20230427QT13: people are having to leave their homes and resettle","type":"L","timestamp":"2023-11-09 15:03:16"},{"nodeID":"1386758","text":"Asserting","type":"YA","timestamp":"2023-11-09 15:03:16"},{"nodeID":"1386759","text":"Default Transition","type":"TA","timestamp":"2023-11-09 15:03:16"},{"nodeID":"1386760","text":"Default Inference","type":"RA","timestamp":"2023-11-09 15:03:16"},{"nodeID":"1386761","text":"Arguing","type":"YA","timestamp":"2023-11-09 15:03:16"},{"nodeID":"1386762","text":"in terms of how the Government is addressing all of this, they are or are not going to start looking at how we start dealing with climate refugees","type":"I","timestamp":"2023-11-09 15:03:17"},{"nodeID":"1386763","text":"AudienceMember 20230427QT13: in terms of how the Government is addressing all of this, are you going to start looking at how we start dealing with climate refugees","type":"L","timestamp":"2023-11-09 15:03:17"},{"nodeID":"1386764","text":"Analysing","type":"YA","timestamp":"2023-11-09 15:03:17"},{"nodeID":"1386765","text":"Chris: AudienceMember 20230427QT13: in terms of how the Government is addressing all of this, are you going to start looking at how we start dealing with climate refugees","type":"L","timestamp":"2023-11-09 15:03:17"},{"nodeID":"1386766","text":"Pure Questioning","type":"YA","timestamp":"2023-11-09 15:03:17"},{"nodeID":"1386767","text":"Default Transition","type":"TA","timestamp":"2023-11-09 15:03:17"},{"nodeID":"1386768","text":"Default Rephrase","type":"MA","timestamp":"2023-11-09 15:03:17"},{"nodeID":"1386769","text":"Restating","type":"YA","timestamp":"2023-11-09 15:03:17"},{"nodeID":"1386770","text":"Arguing","type":"YA","timestamp":"2023-11-09 15:03:17"},{"nodeID":"1386771","text":"Default Transition","type":"TA","timestamp":"2023-11-09 15:03:17"},{"nodeID":"1386772","text":"Arguing","type":"YA","timestamp":"2023-11-09 15:03:17"}],"edges":[{"edgeID":"1811793","fromID":"1386675","toID":"1386674","formEdgeID":null},{"edgeID":"1811794","fromID":"1386676","toID":"1386675","formEdgeID":null},{"edgeID":"1811795","fromID":"1386674","toID":"1386677","formEdgeID":null},{"edgeID":"1811796","fromID":"1386677","toID":"1386673","formEdgeID":null},{"edgeID":"1811797","fromID":"1386680","toID":"1386679","formEdgeID":null},{"edgeID":"1811798","fromID":"1386681","toID":"1386680","formEdgeID":null},{"edgeID":"1811799","fromID":"1386679","toID":"1386682","formEdgeID":null},{"edgeID":"1811800","fromID":"1386682","toID":"1386678","formEdgeID":null},{"edgeID":"1811801","fromID":"1386685","toID":"1386684","formEdgeID":null},{"edgeID":"1811802","fromID":"1386686","toID":"1386685","formEdgeID":null},{"edgeID":"1811803","fromID":"1386684","toID":"1386687","formEdgeID":null},{"edgeID":"1811804","fromID":"1386687","toID":"1386683","formEdgeID":null},{"edgeID":"1811805","fromID":"1386674","toID":"1386688","formEdgeID":null},{"edgeID":"1811806","fromID":"1386688","toID":"1386679","formEdgeID":null},{"edgeID":"1811807","fromID":"1386679","toID":"1386689","formEdgeID":null},{"edgeID":"1811808","fromID":"1386689","toID":"1386684","formEdgeID":null},{"edgeID":"1811809","fromID":"1386692","toID":"1386691","formEdgeID":null},{"edgeID":"1811810","fromID":"1386693","toID":"1386692","formEdgeID":null},{"edgeID":"1811811","fromID":"1386691","toID":"1386694","formEdgeID":null},{"edgeID":"1811812","fromID":"1386694","toID":"1386690","formEdgeID":null},{"edgeID":"1811813","fromID":"1386684","toID":"1386695","formEdgeID":null},{"edgeID":"1811814","fromID":"1386695","toID":"1386691","formEdgeID":null},{"edgeID":"1811815","fromID":"1386690","toID":"1386696","formEdgeID":null},{"edgeID":"1811816","fromID":"1386696","toID":"1386683","formEdgeID":null},{"edgeID":"1811817","fromID":"1386678","toID":"1386697","formEdgeID":null},{"edgeID":"1811818","fromID":"1386697","toID":"1386673","formEdgeID":null},{"edgeID":"1811819","fromID":"1386683","toID":"1386697","formEdgeID":null},{"edgeID":"1811820","fromID":"1386700","toID":"1386699","formEdgeID":null},{"edgeID":"1811821","fromID":"1386701","toID":"1386700","formEdgeID":null},{"edgeID":"1811822","fromID":"1386699","toID":"1386702","formEdgeID":null},{"edgeID":"1811823","fromID":"1386702","toID":"1386698","formEdgeID":null},{"edgeID":"1811824","fromID":"1386705","toID":"1386704","formEdgeID":null},{"edgeID":"1811825","fromID":"1386706","toID":"1386705","formEdgeID":null},{"edgeID":"1811826","fromID":"1386704","toID":"1386707","formEdgeID":null},{"edgeID":"1811827","fromID":"1386707","toID":"1386703","formEdgeID":null},{"edgeID":"1811828","fromID":"1386710","toID":"1386709","formEdgeID":null},{"edgeID":"1811829","fromID":"1386711","toID":"1386710","formEdgeID":null},{"edgeID":"1811830","fromID":"1386709","toID":"1386712","formEdgeID":null},{"edgeID":"1811831","fromID":"1386712","toID":"1386708","formEdgeID":null},{"edgeID":"1811832","fromID":"1386698","toID":"1386697","formEdgeID":null},{"edgeID":"1811833","fromID":"1386703","toID":"1386697","formEdgeID":null},{"edgeID":"1811834","fromID":"1386708","toID":"1386697","formEdgeID":null},{"edgeID":"1811835","fromID":"1386683","toID":"1386713","formEdgeID":null},{"edgeID":"1811836","fromID":"1386713","toID":"1386678","formEdgeID":null},{"edgeID":"1811837","fromID":"1386698","toID":"1386714","formEdgeID":null},{"edgeID":"1811838","fromID":"1386714","toID":"1386678","formEdgeID":null},{"edgeID":"1811839","fromID":"1386703","toID":"1386715","formEdgeID":null},{"edgeID":"1811840","fromID":"1386715","toID":"1386678","formEdgeID":null},{"edgeID":"1811841","fromID":"1386708","toID":"1386716","formEdgeID":null},{"edgeID":"1811842","fromID":"1386716","toID":"1386678","formEdgeID":null},{"edgeID":"1811843","fromID":"1386679","toID":"1386717","formEdgeID":null},{"edgeID":"1811844","fromID":"1386717","toID":"1386699","formEdgeID":null},{"edgeID":"1811845","fromID":"1386689","toID":"1386718","formEdgeID":null},{"edgeID":"1811846","fromID":"1386718","toID":"1386713","formEdgeID":null},{"edgeID":"1811847","fromID":"1386717","toID":"1386719","formEdgeID":null},{"edgeID":"1811848","fromID":"1386719","toID":"1386714","formEdgeID":null},{"edgeID":"1811849","fromID":"1386679","toID":"1386720","formEdgeID":null},{"edgeID":"1811850","fromID":"1386720","toID":"1386704","formEdgeID":null},{"edgeID":"1811851","fromID":"1386720","toID":"1386721","formEdgeID":null},{"edgeID":"1811852","fromID":"1386721","toID":"1386715","formEdgeID":null},{"edgeID":"1811853","fromID":"1386679","toID":"1386722","formEdgeID":null},{"edgeID":"1811854","fromID":"1386722","toID":"1386709","formEdgeID":null},{"edgeID":"1811855","fromID":"1386722","toID":"1386723","formEdgeID":null},{"edgeID":"1811856","fromID":"1386723","toID":"1386716","formEdgeID":null},{"edgeID":"1811857","fromID":"1386726","toID":"1386725","formEdgeID":null},{"edgeID":"1811858","fromID":"1386727","toID":"1386726","formEdgeID":null},{"edgeID":"1811859","fromID":"1386725","toID":"1386728","formEdgeID":null},{"edgeID":"1811860","fromID":"1386728","toID":"1386724","formEdgeID":null},{"edgeID":"1811861","fromID":"1386674","toID":"1386729","formEdgeID":null},{"edgeID":"1811862","fromID":"1386729","toID":"1386725","formEdgeID":null},{"edgeID":"1811863","fromID":"1386724","toID":"1386730","formEdgeID":null},{"edgeID":"1811864","fromID":"1386730","toID":"1386673","formEdgeID":null},{"edgeID":"1811865","fromID":"1386729","toID":"1386731","formEdgeID":null},{"edgeID":"1811866","fromID":"1386731","toID":"1386730","formEdgeID":null},{"edgeID":"1811867","fromID":"1386734","toID":"1386733","formEdgeID":null},{"edgeID":"1811868","fromID":"1386735","toID":"1386734","formEdgeID":null},{"edgeID":"1811869","fromID":"1386733","toID":"1386736","formEdgeID":null},{"edgeID":"1811870","fromID":"1386736","toID":"1386732","formEdgeID":null},{"edgeID":"1811871","fromID":"1386725","toID":"1386737","formEdgeID":null},{"edgeID":"1811872","fromID":"1386737","toID":"1386733","formEdgeID":null},{"edgeID":"1811873","fromID":"1386740","toID":"1386739","formEdgeID":null},{"edgeID":"1811874","fromID":"1386741","toID":"1386740","formEdgeID":null},{"edgeID":"1811875","fromID":"1386739","toID":"1386742","formEdgeID":null},{"edgeID":"1811876","fromID":"1386742","toID":"1386738","formEdgeID":null},{"edgeID":"1811877","fromID":"1386733","toID":"1386743","formEdgeID":null},{"edgeID":"1811878","fromID":"1386743","toID":"1386739","formEdgeID":null},{"edgeID":"1811879","fromID":"1386738","toID":"1386744","formEdgeID":null},{"edgeID":"1811880","fromID":"1386744","toID":"1386732","formEdgeID":null},{"edgeID":"1811881","fromID":"1386743","toID":"1386745","formEdgeID":null},{"edgeID":"1811882","fromID":"1386745","toID":"1386744","formEdgeID":null},{"edgeID":"1811883","fromID":"1386748","toID":"1386747","formEdgeID":null},{"edgeID":"1811884","fromID":"1386749","toID":"1386748","formEdgeID":null},{"edgeID":"1811885","fromID":"1386747","toID":"1386750","formEdgeID":null},{"edgeID":"1811886","fromID":"1386750","toID":"1386746","formEdgeID":null},{"edgeID":"1811887","fromID":"1386739","toID":"1386751","formEdgeID":null},{"edgeID":"1811888","fromID":"1386751","toID":"1386747","formEdgeID":null},{"edgeID":"1811889","fromID":"1386746","toID":"1386752","formEdgeID":null},{"edgeID":"1811890","fromID":"1386752","toID":"1386738","formEdgeID":null},{"edgeID":"1811891","fromID":"1386751","toID":"1386753","formEdgeID":null},{"edgeID":"1811892","fromID":"1386753","toID":"1386752","formEdgeID":null},{"edgeID":"1811893","fromID":"1386756","toID":"1386755","formEdgeID":null},{"edgeID":"1811894","fromID":"1386757","toID":"1386756","formEdgeID":null},{"edgeID":"1811895","fromID":"1386755","toID":"1386758","formEdgeID":null},{"edgeID":"1811896","fromID":"1386758","toID":"1386754","formEdgeID":null},{"edgeID":"1811897","fromID":"1386747","toID":"1386759","formEdgeID":null},{"edgeID":"1811898","fromID":"1386759","toID":"1386755","formEdgeID":null},{"edgeID":"1811899","fromID":"1386754","toID":"1386760","formEdgeID":null},{"edgeID":"1811900","fromID":"1386760","toID":"1386746","formEdgeID":null},{"edgeID":"1811901","fromID":"1386759","toID":"1386761","formEdgeID":null},{"edgeID":"1811902","fromID":"1386761","toID":"1386760","formEdgeID":null},{"edgeID":"1811903","fromID":"1386764","toID":"1386763","formEdgeID":null},{"edgeID":"1811904","fromID":"1386765","toID":"1386764","formEdgeID":null},{"edgeID":"1811905","fromID":"1386763","toID":"1386766","formEdgeID":null},{"edgeID":"1811906","fromID":"1386766","toID":"1386762","formEdgeID":null},{"edgeID":"1811907","fromID":"1386755","toID":"1386767","formEdgeID":null},{"edgeID":"1811908","fromID":"1386767","toID":"1386763","formEdgeID":null},{"edgeID":"1811909","fromID":"1386762","toID":"1386768","formEdgeID":null},{"edgeID":"1811910","fromID":"1386768","toID":"1386754","formEdgeID":null},{"edgeID":"1811911","fromID":"1386767","toID":"1386769","formEdgeID":null},{"edgeID":"1811912","fromID":"1386769","toID":"1386768","formEdgeID":null},{"edgeID":"1811913","fromID":"1386695","toID":"1386770","formEdgeID":null},{"edgeID":"1811914","fromID":"1386770","toID":"1386696","formEdgeID":null},{"edgeID":"1811915","fromID":"1386674","toID":"1386771","formEdgeID":null},{"edgeID":"1811916","fromID":"1386771","toID":"1386709","formEdgeID":null},{"edgeID":"1811917","fromID":"1386771","toID":"1386772","formEdgeID":null},{"edgeID":"1811918","fromID":"1386772","toID":"1386697","formEdgeID":null}],"locutions":[]}