{"nodes":[{"nodeID":"1389577","text":"Andrew Murrison is going to help AudienceMember 20230427QT16 get on the property ladder by doing xxx","type":"I","timestamp":"2023-11-09 15:07:18"},{"nodeID":"1389578","text":"Fiona Bruce: Andrew, how are you going to help Melissa get on the property ladder","type":"L","timestamp":"2023-11-09 15:07:18"},{"nodeID":"1389579","text":"Analysing","type":"YA","timestamp":"2023-11-09 15:07:18"},{"nodeID":"1389580","text":"Anon: Fiona Bruce: Andrew, how are you going to help Melissa get on the property ladder","type":"L","timestamp":"2023-11-09 15:07:18"},{"nodeID":"1389581","text":"Pure Questioning","type":"YA","timestamp":"2023-11-09 15:07:18"},{"nodeID":"1389582","text":"Andrew Murrison wants AudienceMember 20230427QT16 to have her own home","type":"I","timestamp":"2023-11-09 15:07:19"},{"nodeID":"1389583","text":"Andrew Murrison: Melissa, I want you to have your own home","type":"L","timestamp":"2023-11-09 15:07:19"},{"nodeID":"1389584","text":"Analysing","type":"YA","timestamp":"2023-11-09 15:07:19"},{"nodeID":"1389585","text":"Anon: Andrew Murrison: Melissa, I want you to have your own home","type":"L","timestamp":"2023-11-09 15:07:19"},{"nodeID":"1389586","text":"Asserting","type":"YA","timestamp":"2023-11-09 15:07:19"},{"nodeID":"1389587","text":"Default Transition","type":"TA","timestamp":"2023-11-09 15:07:19"},{"nodeID":"1389588","text":"Andrew Murrison does not want AudienceMember 20230427QT16 to have her own home half as much as she does","type":"I","timestamp":"2023-11-09 15:07:20"},{"nodeID":"1389589","text":"Fiona Bruce: not half as much as she does","type":"L","timestamp":"2023-11-09 15:07:20"},{"nodeID":"1389590","text":"Analysing","type":"YA","timestamp":"2023-11-09 15:07:20"},{"nodeID":"1389591","text":"Anon: Fiona Bruce: not half as much as she does","type":"L","timestamp":"2023-11-09 15:07:20"},{"nodeID":"1389592","text":"Asserting","type":"YA","timestamp":"2023-11-09 15:07:20"},{"nodeID":"1389593","text":"Default Transition","type":"TA","timestamp":"2023-11-09 15:07:20"},{"nodeID":"1389594","text":"Default Conflict","type":"CA","timestamp":"2023-11-09 15:07:20"},{"nodeID":"1389595","text":"Disagreeing","type":"YA","timestamp":"2023-11-09 15:07:20"},{"nodeID":"1389596","text":"Fiona Bruce: How are you going to help","type":"L","timestamp":"2023-11-09 15:07:20"},{"nodeID":"1389597","text":"Analysing","type":"YA","timestamp":"2023-11-09 15:07:20"},{"nodeID":"1389598","text":"Anon: Fiona Bruce: How are you going to help","type":"L","timestamp":"2023-11-09 15:07:20"},{"nodeID":"1389599","text":"Default Transition","type":"TA","timestamp":"2023-11-09 15:07:20"},{"nodeID":"1389600","text":"Asserting","type":"YA","timestamp":"2023-11-09 15:07:20"},{"nodeID":"1389601","text":"Andrew Murrison has got five children about AudienceMember 20230427QT16's age","type":"I","timestamp":"2023-11-09 15:07:20"},{"nodeID":"1389602","text":"Andrew Murrison:  I've got five children about your age","type":"L","timestamp":"2023-11-09 15:07:20"},{"nodeID":"1389603","text":"Analysing","type":"YA","timestamp":"2023-11-09 15:07:20"},{"nodeID":"1389604","text":"Anon: Andrew Murrison:  I've got five children about your age","type":"L","timestamp":"2023-11-09 15:07:20"},{"nodeID":"1389605","text":"Asserting","type":"YA","timestamp":"2023-11-09 15:07:20"},{"nodeID":"1389606","text":"Default Transition","type":"TA","timestamp":"2023-11-09 15:07:20"},{"nodeID":"1389607","text":"Andrew Murrison lives the experience of children wanting their own home","type":"I","timestamp":"2023-11-09 15:07:21"},{"nodeID":"1389608","text":"Andrew Murrison: I live this experience","type":"L","timestamp":"2023-11-09 15:07:21"},{"nodeID":"1389609","text":"Analysing","type":"YA","timestamp":"2023-11-09 15:07:21"},{"nodeID":"1389610","text":"Anon: Andrew Murrison: I live this experience","type":"L","timestamp":"2023-11-09 15:07:21"},{"nodeID":"1389611","text":"Asserting","type":"YA","timestamp":"2023-11-09 15:07:21"},{"nodeID":"1389612","text":"Andrew Murrison is with AudienceMember 20230427QT16","type":"I","timestamp":"2023-11-09 15:07:21"},{"nodeID":"1389613","text":"Andrew Murrison:  I'm with you","type":"L","timestamp":"2023-11-09 15:07:21"},{"nodeID":"1389614","text":"Analysing","type":"YA","timestamp":"2023-11-09 15:07:21"},{"nodeID":"1389615","text":"Anon: Andrew Murrison:  I'm with you","type":"L","timestamp":"2023-11-09 15:07:21"},{"nodeID":"1389616","text":"Asserting","type":"YA","timestamp":"2023-11-09 15:07:21"},{"nodeID":"1389617","text":"Andrew Murrison is from the party that introduced right to buy","type":"I","timestamp":"2023-11-09 15:07:22"},{"nodeID":"1389618","text":"Andrew Murrison: I'm from the party that introduced right to buy","type":"L","timestamp":"2023-11-09 15:07:22"},{"nodeID":"1389619","text":"Analysing","type":"YA","timestamp":"2023-11-09 15:07:22"},{"nodeID":"1389620","text":"Anon: Andrew Murrison: I'm from the party that introduced right to buy","type":"L","timestamp":"2023-11-09 15:07:22"},{"nodeID":"1389621","text":"Asserting","type":"YA","timestamp":"2023-11-09 15:07:22"},{"nodeID":"1389622","text":"Default Transition","type":"TA","timestamp":"2023-11-09 15:07:22"},{"nodeID":"1389623","text":"the right to buy is part of the problem","type":"I","timestamp":"2023-11-09 15:07:23"},{"nodeID":"1389624","text":"Helen Morgan: That's part of the problem","type":"L","timestamp":"2023-11-09 15:07:23"},{"nodeID":"1389625","text":"Analysing","type":"YA","timestamp":"2023-11-09 15:07:23"},{"nodeID":"1389626","text":"Anon: Helen Morgan: That's part of the problem","type":"L","timestamp":"2023-11-09 15:07:23"},{"nodeID":"1389627","text":"Asserting","type":"YA","timestamp":"2023-11-09 15:07:23"},{"nodeID":"1389628","text":"Default Transition","type":"TA","timestamp":"2023-11-09 15:07:23"},{"nodeID":"1389629","text":"Default Conflict","type":"CA","timestamp":"2023-11-09 15:07:23"},{"nodeID":"1389630","text":"Disagreeing","type":"YA","timestamp":"2023-11-09 15:07:23"},{"nodeID":"1389631","text":"the right to buy was a good thing","type":"I","timestamp":"2023-11-09 15:07:23"},{"nodeID":"1389632","text":"Andrew Murrison: that was a good thing","type":"L","timestamp":"2023-11-09 15:07:23"},{"nodeID":"1389633","text":"Analysing","type":"YA","timestamp":"2023-11-09 15:07:23"},{"nodeID":"1389634","text":"Anon: Andrew Murrison: that was a good thing","type":"L","timestamp":"2023-11-09 15:07:23"},{"nodeID":"1389635","text":"Asserting","type":"YA","timestamp":"2023-11-09 15:07:23"},{"nodeID":"1389636","text":"Default Transition","type":"TA","timestamp":"2023-11-09 15:07:23"},{"nodeID":"1389637","text":"the right to buy gave people for the first time in generations the kind of thing that a lot of us in this room will have just taken for granted","type":"I","timestamp":"2023-11-09 15:07:24"},{"nodeID":"1389638","text":"Andrew Murrison: it gave people for the first time in generations the kind of thing that a lot of us in this room will have just taken for granted","type":"L","timestamp":"2023-11-09 15:07:24"},{"nodeID":"1389639","text":"Analysing","type":"YA","timestamp":"2023-11-09 15:07:24"},{"nodeID":"1389640","text":"Anon: Andrew Murrison: it gave people for the first time in generations the kind of thing that a lot of us in this room will have just taken for granted","type":"L","timestamp":"2023-11-09 15:07:24"},{"nodeID":"1389641","text":"Asserting","type":"YA","timestamp":"2023-11-09 15:07:24"},{"nodeID":"1389642","text":"Default Transition","type":"TA","timestamp":"2023-11-09 15:07:24"},{"nodeID":"1389643","text":"Default Inference","type":"RA","timestamp":"2023-11-09 15:07:24"},{"nodeID":"1389644","text":"Arguing","type":"YA","timestamp":"2023-11-09 15:07:24"},{"nodeID":"1389645","text":"the aspiration of the right to buy is the correct one","type":"I","timestamp":"2023-11-09 15:07:24"},{"nodeID":"1389646","text":"Andrew Murrison:  the aspiration is the correct one","type":"L","timestamp":"2023-11-09 15:07:24"},{"nodeID":"1389647","text":"Analysing","type":"YA","timestamp":"2023-11-09 15:07:24"},{"nodeID":"1389648","text":"Anon: Andrew Murrison:  the aspiration is the correct one","type":"L","timestamp":"2023-11-09 15:07:24"},{"nodeID":"1389649","text":"Asserting","type":"YA","timestamp":"2023-11-09 15:07:24"},{"nodeID":"1389650","text":"Default Transition","type":"TA","timestamp":"2023-11-09 15:07:24"},{"nodeID":"1389651","text":"Default Inference","type":"RA","timestamp":"2023-11-09 15:07:24"},{"nodeID":"1389652","text":"Arguing","type":"YA","timestamp":"2023-11-09 15:07:24"},{"nodeID":"1389653","text":"we built 2.2 million houses since 2010","type":"I","timestamp":"2023-11-09 15:07:25"},{"nodeID":"1389654","text":"Andrew Murrison: We built 2.2 million houses since 2010","type":"L","timestamp":"2023-11-09 15:07:25"},{"nodeID":"1389655","text":"Analysing","type":"YA","timestamp":"2023-11-09 15:07:25"},{"nodeID":"1389656","text":"Anon: Andrew Murrison: We built 2.2 million houses since 2010","type":"L","timestamp":"2023-11-09 15:07:25"},{"nodeID":"1389657","text":"Asserting","type":"YA","timestamp":"2023-11-09 15:07:25"},{"nodeID":"1389658","text":"Default Transition","type":"TA","timestamp":"2023-11-09 15:07:25"},{"nodeID":"1389659","text":"you're way off target of meeting your target of 300,000 houses","type":"I","timestamp":"2023-11-09 15:07:26"},{"nodeID":"1389660","text":"Fiona Bruce: you're way off target of meeting your target of 300,000","type":"L","timestamp":"2023-11-09 15:07:26"},{"nodeID":"1389661","text":"Analysing","type":"YA","timestamp":"2023-11-09 15:07:26"},{"nodeID":"1389662","text":"Anon: Fiona Bruce: you're way off target of meeting your target of 300,000","type":"L","timestamp":"2023-11-09 15:07:26"},{"nodeID":"1389663","text":"Asserting","type":"YA","timestamp":"2023-11-09 15:07:26"},{"nodeID":"1389664","text":"Default Transition","type":"TA","timestamp":"2023-11-09 15:07:26"},{"nodeID":"1389665","text":"Default Conflict","type":"CA","timestamp":"2023-11-09 15:07:26"},{"nodeID":"1389666","text":"Disagreeing","type":"YA","timestamp":"2023-11-09 15:07:26"},{"nodeID":"1389667","text":"Fiona Bruce: how do you help her","type":"L","timestamp":"2023-11-09 15:07:26"},{"nodeID":"1389668","text":"Analysing","type":"YA","timestamp":"2023-11-09 15:07:26"},{"nodeID":"1389669","text":"Anon: Fiona Bruce: how do you help her","type":"L","timestamp":"2023-11-09 15:07:26"},{"nodeID":"1389670","text":"Default Transition","type":"TA","timestamp":"2023-11-09 15:07:26"},{"nodeID":"1389671","text":"Asserting","type":"YA","timestamp":"2023-11-09 15:07:26"},{"nodeID":"1389672","text":"right to buy was quite some time ago","type":"I","timestamp":"2023-11-09 15:07:26"},{"nodeID":"1389673","text":"Fiona Bruce: Right to buy was quite some time ago","type":"L","timestamp":"2023-11-09 15:07:26"},{"nodeID":"1389674","text":"Analysing","type":"YA","timestamp":"2023-11-09 15:07:26"},{"nodeID":"1389675","text":"Anon: Fiona Bruce: Right to buy was quite some time ago","type":"L","timestamp":"2023-11-09 15:07:26"},{"nodeID":"1389676","text":"Asserting","type":"YA","timestamp":"2023-11-09 15:07:26"},{"nodeID":"1389677","text":"Default Transition","type":"TA","timestamp":"2023-11-09 15:07:26"},{"nodeID":"1389678","text":"Andrew Murrison can help AudienceMember 20230427QT16 get on the property ladder by doing xxx now","type":"I","timestamp":"2023-11-09 15:07:27"},{"nodeID":"1389679","text":"Fiona Bruce: How can you help her now","type":"L","timestamp":"2023-11-09 15:07:27"},{"nodeID":"1389680","text":"Analysing","type":"YA","timestamp":"2023-11-09 15:07:27"},{"nodeID":"1389681","text":"Anon: Fiona Bruce: How can you help her now","type":"L","timestamp":"2023-11-09 15:07:27"},{"nodeID":"1389682","text":"Asserting","type":"YA","timestamp":"2023-11-09 15:07:27"},{"nodeID":"1389683","text":"Default Transition","type":"TA","timestamp":"2023-11-09 15:07:27"},{"nodeID":"1389684","text":"Default Conflict","type":"CA","timestamp":"2023-11-09 15:07:27"},{"nodeID":"1389685","text":"Disagreeing","type":"YA","timestamp":"2023-11-09 15:07:27"},{"nodeID":"1389686","text":"we got the 2.2 million houses","type":"I","timestamp":"2023-11-09 15:07:27"},{"nodeID":"1389687","text":"Andrew Murrison: we got the 2.2 million","type":"L","timestamp":"2023-11-09 15:07:27"},{"nodeID":"1389688","text":"Analysing","type":"YA","timestamp":"2023-11-09 15:07:27"},{"nodeID":"1389689","text":"Anon: Andrew Murrison: we got the 2.2 million","type":"L","timestamp":"2023-11-09 15:07:28"},{"nodeID":"1389690","text":"Asserting","type":"YA","timestamp":"2023-11-09 15:07:28"},{"nodeID":"1389691","text":"we have lived in a target driven environment","type":"I","timestamp":"2023-11-09 15:07:28"},{"nodeID":"1389692","text":"Andrew Murrison: we have lived in a target driven environment","type":"L","timestamp":"2023-11-09 15:07:28"},{"nodeID":"1389693","text":"Analysing","type":"YA","timestamp":"2023-11-09 15:07:28"},{"nodeID":"1389694","text":"Anon: Andrew Murrison: we have lived in a target driven environment","type":"L","timestamp":"2023-11-09 15:07:28"},{"nodeID":"1389695","text":"Asserting","type":"YA","timestamp":"2023-11-09 15:07:28"},{"nodeID":"1389696","text":"Default Transition","type":"TA","timestamp":"2023-11-09 15:07:28"},{"nodeID":"1389697","text":"Default Inference","type":"RA","timestamp":"2023-11-09 15:07:28"},{"nodeID":"1389698","text":"Arguing","type":"YA","timestamp":"2023-11-09 15:07:28"},{"nodeID":"1389699","text":"Default Rephrase","type":"MA","timestamp":"2023-11-09 15:07:28"},{"nodeID":"1389700","text":"Default Transition","type":"TA","timestamp":"2023-11-09 15:07:28"},{"nodeID":"1389701","text":"Restating","type":"YA","timestamp":"2023-11-09 15:07:28"},{"nodeID":"1389702","text":"a target drive environment has driven building 2.2 million houses","type":"I","timestamp":"2023-11-09 15:07:29"},{"nodeID":"1389703","text":"Andrew Murrison: That's what's driven these","type":"L","timestamp":"2023-11-09 15:07:29"},{"nodeID":"1389704","text":"Analysing","type":"YA","timestamp":"2023-11-09 15:07:29"},{"nodeID":"1389705","text":"Anon: Andrew Murrison: That's what's driven these","type":"L","timestamp":"2023-11-09 15:07:29"},{"nodeID":"1389706","text":"Asserting","type":"YA","timestamp":"2023-11-09 15:07:29"},{"nodeID":"1389707","text":"Default Transition","type":"TA","timestamp":"2023-11-09 15:07:29"},{"nodeID":"1389708","text":"Default Rephrase","type":"MA","timestamp":"2023-11-09 15:07:29"},{"nodeID":"1389709","text":"Restating","type":"YA","timestamp":"2023-11-09 15:07:29"},{"nodeID":"1389710","text":"Default Inference","type":"RA","timestamp":"2023-11-09 15:07:29"},{"nodeID":"1389711","text":"Default Inference","type":"RA","timestamp":"2023-11-09 15:07:29"},{"nodeID":"1389712","text":"Default Transition","type":"TA","timestamp":"2023-11-09 15:07:29"},{"nodeID":"1389713","text":"Arguing","type":"YA","timestamp":"2023-11-09 15:07:29"},{"nodeID":"1389714","text":"Default Transition","type":"TA","timestamp":"2023-11-09 15:07:29"},{"nodeID":"1389715","text":"Arguing","type":"YA","timestamp":"2023-11-09 15:07:29"},{"nodeID":"1389716","text":"Default Conflict","type":"CA","timestamp":"2023-11-09 15:07:29"},{"nodeID":"1389717","text":"Disagreeing","type":"YA","timestamp":"2023-11-09 15:07:29"},{"nodeID":"1389718","text":"Default Rephrase","type":"MA","timestamp":"2023-11-09 15:07:29"},{"nodeID":"1389719","text":"Default Transition","type":"TA","timestamp":"2023-11-09 15:07:29"},{"nodeID":"1389720","text":"Restating","type":"YA","timestamp":"2023-11-09 15:07:29"}],"edges":[{"edgeID":"1815271","fromID":"1389579","toID":"1389578","formEdgeID":null},{"edgeID":"1815272","fromID":"1389580","toID":"1389579","formEdgeID":null},{"edgeID":"1815273","fromID":"1389578","toID":"1389581","formEdgeID":null},{"edgeID":"1815274","fromID":"1389581","toID":"1389577","formEdgeID":null},{"edgeID":"1815275","fromID":"1389584","toID":"1389583","formEdgeID":null},{"edgeID":"1815276","fromID":"1389585","toID":"1389584","formEdgeID":null},{"edgeID":"1815277","fromID":"1389583","toID":"1389586","formEdgeID":null},{"edgeID":"1815278","fromID":"1389586","toID":"1389582","formEdgeID":null},{"edgeID":"1815279","fromID":"1389578","toID":"1389587","formEdgeID":null},{"edgeID":"1815280","fromID":"1389587","toID":"1389583","formEdgeID":null},{"edgeID":"1815281","fromID":"1389590","toID":"1389589","formEdgeID":null},{"edgeID":"1815282","fromID":"1389591","toID":"1389590","formEdgeID":null},{"edgeID":"1815283","fromID":"1389589","toID":"1389592","formEdgeID":null},{"edgeID":"1815284","fromID":"1389592","toID":"1389588","formEdgeID":null},{"edgeID":"1815285","fromID":"1389583","toID":"1389593","formEdgeID":null},{"edgeID":"1815286","fromID":"1389593","toID":"1389589","formEdgeID":null},{"edgeID":"1815287","fromID":"1389588","toID":"1389594","formEdgeID":null},{"edgeID":"1815288","fromID":"1389594","toID":"1389582","formEdgeID":null},{"edgeID":"1815289","fromID":"1389593","toID":"1389595","formEdgeID":null},{"edgeID":"1815290","fromID":"1389595","toID":"1389594","formEdgeID":null},{"edgeID":"1815291","fromID":"1389597","toID":"1389596","formEdgeID":null},{"edgeID":"1815292","fromID":"1389598","toID":"1389597","formEdgeID":null},{"edgeID":"1815293","fromID":"1389589","toID":"1389599","formEdgeID":null},{"edgeID":"1815294","fromID":"1389599","toID":"1389596","formEdgeID":null},{"edgeID":"1815295","fromID":"1389596","toID":"1389600","formEdgeID":null},{"edgeID":"1815296","fromID":"1389600","toID":"1389577","formEdgeID":null},{"edgeID":"1815297","fromID":"1389603","toID":"1389602","formEdgeID":null},{"edgeID":"1815298","fromID":"1389604","toID":"1389603","formEdgeID":null},{"edgeID":"1815299","fromID":"1389602","toID":"1389605","formEdgeID":null},{"edgeID":"1815300","fromID":"1389605","toID":"1389601","formEdgeID":null},{"edgeID":"1815301","fromID":"1389596","toID":"1389606","formEdgeID":null},{"edgeID":"1815302","fromID":"1389606","toID":"1389602","formEdgeID":null},{"edgeID":"1815303","fromID":"1389609","toID":"1389608","formEdgeID":null},{"edgeID":"1815304","fromID":"1389610","toID":"1389609","formEdgeID":null},{"edgeID":"1815305","fromID":"1389608","toID":"1389611","formEdgeID":null},{"edgeID":"1815306","fromID":"1389611","toID":"1389607","formEdgeID":null},{"edgeID":"1815307","fromID":"1389614","toID":"1389613","formEdgeID":null},{"edgeID":"1815308","fromID":"1389615","toID":"1389614","formEdgeID":null},{"edgeID":"1815309","fromID":"1389613","toID":"1389616","formEdgeID":null},{"edgeID":"1815310","fromID":"1389616","toID":"1389612","formEdgeID":null},{"edgeID":"1815311","fromID":"1389619","toID":"1389618","formEdgeID":null},{"edgeID":"1815312","fromID":"1389620","toID":"1389619","formEdgeID":null},{"edgeID":"1815313","fromID":"1389618","toID":"1389621","formEdgeID":null},{"edgeID":"1815314","fromID":"1389621","toID":"1389617","formEdgeID":null},{"edgeID":"1815315","fromID":"1389613","toID":"1389622","formEdgeID":null},{"edgeID":"1815316","fromID":"1389622","toID":"1389618","formEdgeID":null},{"edgeID":"1815317","fromID":"1389625","toID":"1389624","formEdgeID":null},{"edgeID":"1815318","fromID":"1389626","toID":"1389625","formEdgeID":null},{"edgeID":"1815319","fromID":"1389624","toID":"1389627","formEdgeID":null},{"edgeID":"1815320","fromID":"1389627","toID":"1389623","formEdgeID":null},{"edgeID":"1815321","fromID":"1389618","toID":"1389628","formEdgeID":null},{"edgeID":"1815322","fromID":"1389628","toID":"1389624","formEdgeID":null},{"edgeID":"1815323","fromID":"1389623","toID":"1389629","formEdgeID":null},{"edgeID":"1815324","fromID":"1389629","toID":"1389617","formEdgeID":null},{"edgeID":"1815325","fromID":"1389628","toID":"1389630","formEdgeID":null},{"edgeID":"1815326","fromID":"1389630","toID":"1389629","formEdgeID":null},{"edgeID":"1815327","fromID":"1389633","toID":"1389632","formEdgeID":null},{"edgeID":"1815328","fromID":"1389634","toID":"1389633","formEdgeID":null},{"edgeID":"1815329","fromID":"1389632","toID":"1389635","formEdgeID":null},{"edgeID":"1815330","fromID":"1389635","toID":"1389631","formEdgeID":null},{"edgeID":"1815331","fromID":"1389624","toID":"1389636","formEdgeID":null},{"edgeID":"1815332","fromID":"1389636","toID":"1389632","formEdgeID":null},{"edgeID":"1815333","fromID":"1389639","toID":"1389638","formEdgeID":null},{"edgeID":"1815334","fromID":"1389640","toID":"1389639","formEdgeID":null},{"edgeID":"1815335","fromID":"1389638","toID":"1389641","formEdgeID":null},{"edgeID":"1815336","fromID":"1389641","toID":"1389637","formEdgeID":null},{"edgeID":"1815337","fromID":"1389632","toID":"1389642","formEdgeID":null},{"edgeID":"1815338","fromID":"1389642","toID":"1389638","formEdgeID":null},{"edgeID":"1815339","fromID":"1389637","toID":"1389643","formEdgeID":null},{"edgeID":"1815340","fromID":"1389643","toID":"1389631","formEdgeID":null},{"edgeID":"1815341","fromID":"1389642","toID":"1389644","formEdgeID":null},{"edgeID":"1815342","fromID":"1389644","toID":"1389643","formEdgeID":null},{"edgeID":"1815343","fromID":"1389647","toID":"1389646","formEdgeID":null},{"edgeID":"1815344","fromID":"1389648","toID":"1389647","formEdgeID":null},{"edgeID":"1815345","fromID":"1389646","toID":"1389649","formEdgeID":null},{"edgeID":"1815346","fromID":"1389649","toID":"1389645","formEdgeID":null},{"edgeID":"1815347","fromID":"1389638","toID":"1389650","formEdgeID":null},{"edgeID":"1815348","fromID":"1389650","toID":"1389646","formEdgeID":null},{"edgeID":"1815349","fromID":"1389637","toID":"1389651","formEdgeID":null},{"edgeID":"1815350","fromID":"1389651","toID":"1389645","formEdgeID":null},{"edgeID":"1815351","fromID":"1389650","toID":"1389652","formEdgeID":null},{"edgeID":"1815352","fromID":"1389652","toID":"1389651","formEdgeID":null},{"edgeID":"1815353","fromID":"1389655","toID":"1389654","formEdgeID":null},{"edgeID":"1815354","fromID":"1389656","toID":"1389655","formEdgeID":null},{"edgeID":"1815355","fromID":"1389654","toID":"1389657","formEdgeID":null},{"edgeID":"1815356","fromID":"1389657","toID":"1389653","formEdgeID":null},{"edgeID":"1815357","fromID":"1389646","toID":"1389658","formEdgeID":null},{"edgeID":"1815358","fromID":"1389658","toID":"1389654","formEdgeID":null},{"edgeID":"1815359","fromID":"1389661","toID":"1389660","formEdgeID":null},{"edgeID":"1815360","fromID":"1389662","toID":"1389661","formEdgeID":null},{"edgeID":"1815361","fromID":"1389660","toID":"1389663","formEdgeID":null},{"edgeID":"1815362","fromID":"1389663","toID":"1389659","formEdgeID":null},{"edgeID":"1815363","fromID":"1389654","toID":"1389664","formEdgeID":null},{"edgeID":"1815364","fromID":"1389664","toID":"1389660","formEdgeID":null},{"edgeID":"1815365","fromID":"1389659","toID":"1389665","formEdgeID":null},{"edgeID":"1815366","fromID":"1389665","toID":"1389653","formEdgeID":null},{"edgeID":"1815367","fromID":"1389664","toID":"1389666","formEdgeID":null},{"edgeID":"1815368","fromID":"1389666","toID":"1389665","formEdgeID":null},{"edgeID":"1815369","fromID":"1389668","toID":"1389667","formEdgeID":null},{"edgeID":"1815370","fromID":"1389669","toID":"1389668","formEdgeID":null},{"edgeID":"1815371","fromID":"1389660","toID":"1389670","formEdgeID":null},{"edgeID":"1815372","fromID":"1389670","toID":"1389667","formEdgeID":null},{"edgeID":"1815373","fromID":"1389667","toID":"1389671","formEdgeID":null},{"edgeID":"1815374","fromID":"1389671","toID":"1389577","formEdgeID":null},{"edgeID":"1815375","fromID":"1389674","toID":"1389673","formEdgeID":null},{"edgeID":"1815376","fromID":"1389675","toID":"1389674","formEdgeID":null},{"edgeID":"1815377","fromID":"1389673","toID":"1389676","formEdgeID":null},{"edgeID":"1815378","fromID":"1389676","toID":"1389672","formEdgeID":null},{"edgeID":"1815379","fromID":"1389667","toID":"1389677","formEdgeID":null},{"edgeID":"1815380","fromID":"1389677","toID":"1389673","formEdgeID":null},{"edgeID":"1815381","fromID":"1389680","toID":"1389679","formEdgeID":null},{"edgeID":"1815382","fromID":"1389681","toID":"1389680","formEdgeID":null},{"edgeID":"1815383","fromID":"1389679","toID":"1389682","formEdgeID":null},{"edgeID":"1815384","fromID":"1389682","toID":"1389678","formEdgeID":null},{"edgeID":"1815385","fromID":"1389673","toID":"1389683","formEdgeID":null},{"edgeID":"1815386","fromID":"1389683","toID":"1389679","formEdgeID":null},{"edgeID":"1815387","fromID":"1389678","toID":"1389684","formEdgeID":null},{"edgeID":"1815388","fromID":"1389684","toID":"1389672","formEdgeID":null},{"edgeID":"1815389","fromID":"1389683","toID":"1389685","formEdgeID":null},{"edgeID":"1815390","fromID":"1389685","toID":"1389684","formEdgeID":null},{"edgeID":"1815391","fromID":"1389688","toID":"1389687","formEdgeID":null},{"edgeID":"1815392","fromID":"1389689","toID":"1389688","formEdgeID":null},{"edgeID":"1815393","fromID":"1389687","toID":"1389690","formEdgeID":null},{"edgeID":"1815394","fromID":"1389690","toID":"1389686","formEdgeID":null},{"edgeID":"1815395","fromID":"1389693","toID":"1389692","formEdgeID":null},{"edgeID":"1815396","fromID":"1389694","toID":"1389693","formEdgeID":null},{"edgeID":"1815397","fromID":"1389692","toID":"1389695","formEdgeID":null},{"edgeID":"1815398","fromID":"1389695","toID":"1389691","formEdgeID":null},{"edgeID":"1815399","fromID":"1389687","toID":"1389696","formEdgeID":null},{"edgeID":"1815400","fromID":"1389696","toID":"1389692","formEdgeID":null},{"edgeID":"1815401","fromID":"1389691","toID":"1389697","formEdgeID":null},{"edgeID":"1815402","fromID":"1389697","toID":"1389686","formEdgeID":null},{"edgeID":"1815403","fromID":"1389696","toID":"1389698","formEdgeID":null},{"edgeID":"1815404","fromID":"1389698","toID":"1389697","formEdgeID":null},{"edgeID":"1815405","fromID":"1389686","toID":"1389699","formEdgeID":null},{"edgeID":"1815406","fromID":"1389699","toID":"1389653","formEdgeID":null},{"edgeID":"1815407","fromID":"1389654","toID":"1389700","formEdgeID":null},{"edgeID":"1815408","fromID":"1389700","toID":"1389687","formEdgeID":null},{"edgeID":"1815409","fromID":"1389700","toID":"1389701","formEdgeID":null},{"edgeID":"1815410","fromID":"1389701","toID":"1389699","formEdgeID":null},{"edgeID":"1815411","fromID":"1389704","toID":"1389703","formEdgeID":null},{"edgeID":"1815412","fromID":"1389705","toID":"1389704","formEdgeID":null},{"edgeID":"1815413","fromID":"1389703","toID":"1389706","formEdgeID":null},{"edgeID":"1815414","fromID":"1389706","toID":"1389702","formEdgeID":null},{"edgeID":"1815415","fromID":"1389692","toID":"1389707","formEdgeID":null},{"edgeID":"1815416","fromID":"1389707","toID":"1389703","formEdgeID":null},{"edgeID":"1815417","fromID":"1389702","toID":"1389708","formEdgeID":null},{"edgeID":"1815418","fromID":"1389708","toID":"1389691","formEdgeID":null},{"edgeID":"1815419","fromID":"1389707","toID":"1389709","formEdgeID":null},{"edgeID":"1815420","fromID":"1389709","toID":"1389708","formEdgeID":null},{"edgeID":"1815421","fromID":"1389601","toID":"1389710","formEdgeID":null},{"edgeID":"1815422","fromID":"1389710","toID":"1389607","formEdgeID":null},{"edgeID":"1815423","fromID":"1389601","toID":"1389711","formEdgeID":null},{"edgeID":"1815424","fromID":"1389711","toID":"1389612","formEdgeID":null},{"edgeID":"1815425","fromID":"1389602","toID":"1389712","formEdgeID":null},{"edgeID":"1815426","fromID":"1389712","toID":"1389608","formEdgeID":null},{"edgeID":"1815427","fromID":"1389712","toID":"1389713","formEdgeID":null},{"edgeID":"1815428","fromID":"1389713","toID":"1389710","formEdgeID":null},{"edgeID":"1815429","fromID":"1389602","toID":"1389714","formEdgeID":null},{"edgeID":"1815430","fromID":"1389714","toID":"1389613","formEdgeID":null},{"edgeID":"1815431","fromID":"1389714","toID":"1389715","formEdgeID":null},{"edgeID":"1815432","fromID":"1389715","toID":"1389711","formEdgeID":null},{"edgeID":"1815433","fromID":"1389631","toID":"1389716","formEdgeID":null},{"edgeID":"1815434","fromID":"1389716","toID":"1389623","formEdgeID":null},{"edgeID":"1815435","fromID":"1389636","toID":"1389717","formEdgeID":null},{"edgeID":"1815436","fromID":"1389717","toID":"1389716","formEdgeID":null},{"edgeID":"1815437","fromID":"1389702","toID":"1389718","formEdgeID":null},{"edgeID":"1815438","fromID":"1389718","toID":"1389686","formEdgeID":null},{"edgeID":"1815439","fromID":"1389687","toID":"1389719","formEdgeID":null},{"edgeID":"1815440","fromID":"1389719","toID":"1389703","formEdgeID":null},{"edgeID":"1815441","fromID":"1389719","toID":"1389720","formEdgeID":null},{"edgeID":"1815442","fromID":"1389720","toID":"1389718","formEdgeID":null}],"locutions":[]}