{"nodes":[{"nodeID":"1385260","text":"there are statistics about how long asylum seekers have to wait for a decision to be made","type":"I","timestamp":"2023-11-09 15:01:05"},{"nodeID":"1385261","text":"Analysing","type":"YA","timestamp":"2023-11-09 15:01:05"},{"nodeID":"1385262","text":"Emily Thornberry:  there are statistics like this","type":"L","timestamp":"2023-11-09 15:01:05"},{"nodeID":"1385263","text":"Anon: Emily Thornberry:  there are statistics like this","type":"L","timestamp":"2023-11-09 15:01:05"},{"nodeID":"1385264","text":"Asserting","type":"YA","timestamp":"2023-11-09 15:01:05"},{"nodeID":"1385265","text":"you have to wait for a decision to be made for 450 days","type":"I","timestamp":"2023-11-09 15:01:06"},{"nodeID":"1385266","text":"Emily Thornberry: it's 450 days that you have to wait for a decision to be made","type":"L","timestamp":"2023-11-09 15:01:06"},{"nodeID":"1385267","text":"Analysing","type":"YA","timestamp":"2023-11-09 15:01:06"},{"nodeID":"1385268","text":"Anon: Emily Thornberry: it's 450 days that you have to wait for a decision to be made","type":"L","timestamp":"2023-11-09 15:01:06"},{"nodeID":"1385269","text":"Asserting","type":"YA","timestamp":"2023-11-09 15:01:06"},{"nodeID":"1385270","text":"an asylum seeker is an adult","type":"I","timestamp":"2023-11-09 15:01:07"},{"nodeID":"1385271","text":"Emily Thornberry: you're an adult","type":"L","timestamp":"2023-11-09 15:01:07"},{"nodeID":"1385272","text":"Analysing","type":"YA","timestamp":"2023-11-09 15:01:07"},{"nodeID":"1385273","text":"Anon: Emily Thornberry: you're an adult","type":"L","timestamp":"2023-11-09 15:01:07"},{"nodeID":"1385274","text":"Asserting","type":"YA","timestamp":"2023-11-09 15:01:07"},{"nodeID":"1385275","text":"Default Transition","type":"TA","timestamp":"2023-11-09 15:01:07"},{"nodeID":"1385276","text":"Default Inference","type":"RA","timestamp":"2023-11-09 15:01:07"},{"nodeID":"1385277","text":"Arguing","type":"YA","timestamp":"2023-11-09 15:01:07"},{"nodeID":"1385278","text":"an asylum seeker has to wait for a decision to be made for 550 days","type":"I","timestamp":"2023-11-09 15:01:07"},{"nodeID":"1385279","text":"Emily Thornberry: it's 550 days you have to wait","type":"L","timestamp":"2023-11-09 15:01:07"},{"nodeID":"1385280","text":"Anon: Emily Thornberry: it's 550 days you have to wait","type":"L","timestamp":"2023-11-09 15:01:07"},{"nodeID":"1385281","text":"Analysing","type":"YA","timestamp":"2023-11-09 15:01:07"},{"nodeID":"1385282","text":"Asserting","type":"YA","timestamp":"2023-11-09 15:01:07"},{"nodeID":"1385283","text":"an asylum seeker is a child","type":"I","timestamp":"2023-11-09 15:01:08"},{"nodeID":"1385284","text":"Anon: Emily Thornberry: you're a child","type":"L","timestamp":"2023-11-09 15:01:08"},{"nodeID":"1385285","text":"Emily Thornberry: you're a child","type":"L","timestamp":"2023-11-09 15:01:08"},{"nodeID":"1385286","text":"Analysing","type":"YA","timestamp":"2023-11-09 15:01:08"},{"nodeID":"1385287","text":"Asserting","type":"YA","timestamp":"2023-11-09 15:01:08"},{"nodeID":"1385288","text":"Default Transition","type":"TA","timestamp":"2023-11-09 15:01:08"},{"nodeID":"1385289","text":"Default Inference","type":"RA","timestamp":"2023-11-09 15:01:08"},{"nodeID":"1385290","text":"Arguing","type":"YA","timestamp":"2023-11-09 15:01:08"},{"nodeID":"1385291","text":"Default Rephrase","type":"MA","timestamp":"2023-11-09 15:01:08"},{"nodeID":"1385292","text":"Default Transition","type":"TA","timestamp":"2023-11-09 15:01:08"},{"nodeID":"1385293","text":"Restating","type":"YA","timestamp":"2023-11-09 15:01:08"},{"nodeID":"1385294","text":"Default Transition","type":"TA","timestamp":"2023-11-09 15:01:08"},{"nodeID":"1385295","text":"Default Rephrase","type":"MA","timestamp":"2023-11-09 15:01:08"},{"nodeID":"1385296","text":"Restating","type":"YA","timestamp":"2023-11-09 15:01:08"},{"nodeID":"1385297","text":"during that time of waiting for a decision to be made, an asylum seeker lives in a hotel","type":"I","timestamp":"2023-11-09 15:01:09"},{"nodeID":"1385298","text":"Anon: Emily Thornberry: during that time, you live","type":"L","timestamp":"2023-11-09 15:01:09"},{"nodeID":"1385299","text":"Analysing","type":"YA","timestamp":"2023-11-09 15:01:09"},{"nodeID":"1385300","text":"Emily Thornberry: during that time, you live","type":"L","timestamp":"2023-11-09 15:01:09"},{"nodeID":"1385301","text":"Asserting","type":"YA","timestamp":"2023-11-09 15:01:09"},{"nodeID":"1385302","text":"Default Transition","type":"TA","timestamp":"2023-11-09 15:01:09"},{"nodeID":"1385303","text":"during that time of waiting for a decision to be made, an asylum seeker cannot do anything","type":"I","timestamp":"2023-11-09 15:01:09"},{"nodeID":"1385304","text":"Emily Thornberry: you cannot do anything","type":"L","timestamp":"2023-11-09 15:01:09"},{"nodeID":"1385305","text":"Analysing","type":"YA","timestamp":"2023-11-09 15:01:09"},{"nodeID":"1385306","text":"Anon: Emily Thornberry: you cannot do anything","type":"L","timestamp":"2023-11-09 15:01:09"},{"nodeID":"1385307","text":"Asserting","type":"YA","timestamp":"2023-11-09 15:01:09"},{"nodeID":"1385308","text":"Default Transition","type":"TA","timestamp":"2023-11-09 15:01:09"},{"nodeID":"1385309","text":"Default Inference","type":"RA","timestamp":"2023-11-09 15:01:09"},{"nodeID":"1385310","text":"Arguing","type":"YA","timestamp":"2023-11-09 15:01:09"},{"nodeID":"1385311","text":"during that time of waiting for a decision to be made, an asylum seeker can't work","type":"I","timestamp":"2023-11-09 15:01:10"},{"nodeID":"1385312","text":"Emily Thornberry:  You can't work","type":"L","timestamp":"2023-11-09 15:01:10"},{"nodeID":"1385313","text":"Analysing","type":"YA","timestamp":"2023-11-09 15:01:10"},{"nodeID":"1385314","text":"Anon: Emily Thornberry:  You can't work","type":"L","timestamp":"2023-11-09 15:01:10"},{"nodeID":"1385315","text":"Asserting","type":"YA","timestamp":"2023-11-09 15:01:10"},{"nodeID":"1385316","text":"Default Transition","type":"TA","timestamp":"2023-11-09 15:01:10"},{"nodeID":"1385317","text":"Default Rephrase","type":"MA","timestamp":"2023-11-09 15:01:10"},{"nodeID":"1385318","text":"Restating","type":"YA","timestamp":"2023-11-09 15:01:10"},{"nodeID":"1385319","text":"Anon: Emily Thornberry: you can't do anything","type":"L","timestamp":"2023-11-09 15:01:10"},{"nodeID":"1385320","text":"Analysing","type":"YA","timestamp":"2023-11-09 15:01:10"},{"nodeID":"1385321","text":"Emily Thornberry: you can't do anything","type":"L","timestamp":"2023-11-09 15:01:10"},{"nodeID":"1385322","text":"during that time of waiting for a decision to be made, an asylum seeker just sits there","type":"I","timestamp":"2023-11-09 15:01:11"},{"nodeID":"1385323","text":"Emily Thornberry: You just sit there","type":"L","timestamp":"2023-11-09 15:01:11"},{"nodeID":"1385324","text":"Analysing","type":"YA","timestamp":"2023-11-09 15:01:11"},{"nodeID":"1385325","text":"Anon: Emily Thornberry: You just sit there","type":"L","timestamp":"2023-11-09 15:01:11"},{"nodeID":"1385326","text":"Asserting","type":"YA","timestamp":"2023-11-09 15:01:11"},{"nodeID":"1385327","text":"Default Transition","type":"TA","timestamp":"2023-11-09 15:01:11"},{"nodeID":"1385328","text":"Default Rephrase","type":"MA","timestamp":"2023-11-09 15:01:11"},{"nodeID":"1385329","text":"Restating","type":"YA","timestamp":"2023-11-09 15:01:11"},{"nodeID":"1385330","text":"during that time of waiting for a decision to be made, an asylum seeker's life is suspended","type":"I","timestamp":"2023-11-09 15:01:11"},{"nodeID":"1385331","text":"Emily Thornberry: Your life is suspended","type":"L","timestamp":"2023-11-09 15:01:11"},{"nodeID":"1385332","text":"Analysing","type":"YA","timestamp":"2023-11-09 15:01:11"},{"nodeID":"1385333","text":"Anon: Emily Thornberry: Your life is suspended","type":"L","timestamp":"2023-11-09 15:01:11"},{"nodeID":"1385334","text":"Asserting","type":"YA","timestamp":"2023-11-09 15:01:11"},{"nodeID":"1385335","text":"Default Transition","type":"TA","timestamp":"2023-11-09 15:01:11"},{"nodeID":"1385336","text":"Default Rephrase","type":"MA","timestamp":"2023-11-09 15:01:11"},{"nodeID":"1385337","text":"Restating","type":"YA","timestamp":"2023-11-09 15:01:11"},{"nodeID":"1385338","text":"an asylum seeker has to wait for a decision to be made","type":"I","timestamp":"2023-11-09 15:01:12"},{"nodeID":"1385339","text":"Emily Thornberry: you wait for a decision to be made","type":"L","timestamp":"2023-11-09 15:01:12"},{"nodeID":"1385340","text":"Anon: Emily Thornberry: you wait for a decision to be made","type":"L","timestamp":"2023-11-09 15:01:12"},{"nodeID":"1385341","text":"Analysing","type":"YA","timestamp":"2023-11-09 15:01:12"},{"nodeID":"1385342","text":"Asserting","type":"YA","timestamp":"2023-11-09 15:01:12"},{"nodeID":"1385343","text":"Default Transition","type":"TA","timestamp":"2023-11-09 15:01:12"},{"nodeID":"1385344","text":"Default Inference","type":"RA","timestamp":"2023-11-09 15:01:12"},{"nodeID":"1385345","text":"Arguing","type":"YA","timestamp":"2023-11-09 15:01:12"},{"nodeID":"1385346","text":"for an asylum seeker having to wait for a decision to be made for a long time is simply wrong","type":"I","timestamp":"2023-11-09 15:01:13"},{"nodeID":"1385347","text":"Analysing","type":"YA","timestamp":"2023-11-09 15:01:13"},{"nodeID":"1385348","text":"Anon: Emily Thornberry: it is simply wrong","type":"L","timestamp":"2023-11-09 15:01:13"},{"nodeID":"1385349","text":"Emily Thornberry: it is simply wrong","type":"L","timestamp":"2023-11-09 15:01:13"},{"nodeID":"1385350","text":"Asserting","type":"YA","timestamp":"2023-11-09 15:01:13"},{"nodeID":"1385351","text":"Default Transition","type":"TA","timestamp":"2023-11-09 15:01:13"},{"nodeID":"1385352","text":"Default Rephrase","type":"MA","timestamp":"2023-11-09 15:01:13"},{"nodeID":"1385353","text":"Restating","type":"YA","timestamp":"2023-11-09 15:01:13"},{"nodeID":"1385354","text":"Default Transition","type":"TA","timestamp":"2023-11-09 15:01:13"},{"nodeID":"1385355","text":"Default Rephrase","type":"MA","timestamp":"2023-11-09 15:01:13"},{"nodeID":"1385356","text":"Restating","type":"YA","timestamp":"2023-11-09 15:01:13"},{"nodeID":"1385357","text":"Default Transition","type":"TA","timestamp":"2023-11-09 15:01:13"},{"nodeID":"1385358","text":"Default Rephrase","type":"MA","timestamp":"2023-11-09 15:01:13"},{"nodeID":"1385359","text":"Restating","type":"YA","timestamp":"2023-11-09 15:01:13"},{"nodeID":"1385360","text":"asylum seekers having to wait for a decision to be made is or is not costing the country \u00a38m a day","type":"I","timestamp":"2023-11-09 15:01:13"},{"nodeID":"1385361","text":"Emily Thornberry:  it's costing the country, is it \u00a38m a day","type":"L","timestamp":"2023-11-09 15:01:13"},{"nodeID":"1385362","text":"Analysing","type":"YA","timestamp":"2023-11-09 15:01:13"},{"nodeID":"1385363","text":"Anon: Emily Thornberry:  it's costing the country, is it \u00a38m a day","type":"L","timestamp":"2023-11-09 15:01:13"},{"nodeID":"1385364","text":"Pure Questioning","type":"YA","timestamp":"2023-11-09 15:01:13"},{"nodeID":"1385365","text":"Default Transition","type":"TA","timestamp":"2023-11-09 15:01:13"},{"nodeID":"1385366","text":"asylum seekers having to wait for a decision to be made is costing the country \u00a36m a day","type":"I","timestamp":"2023-11-09 15:01:14"},{"nodeID":"1385367","text":"Fiona Bruce: It's \u00a36m a day","type":"L","timestamp":"2023-11-09 15:01:14"},{"nodeID":"1385368","text":"Analysing","type":"YA","timestamp":"2023-11-09 15:01:14"},{"nodeID":"1385369","text":"Anon: Fiona Bruce: It's \u00a36m a day","type":"L","timestamp":"2023-11-09 15:01:14"},{"nodeID":"1385370","text":"Asserting","type":"YA","timestamp":"2023-11-09 15:01:14"},{"nodeID":"1385371","text":"Default Transition","type":"TA","timestamp":"2023-11-09 15:01:14"},{"nodeID":"1385372","text":"Default Rephrase","type":"MA","timestamp":"2023-11-09 15:01:14"},{"nodeID":"1385373","text":"Default Illocuting","type":"YA","timestamp":"2023-11-09 15:01:14"},{"nodeID":"1385374","text":"Emily Thornberry: \u00a36m a day","type":"L","timestamp":"2023-11-09 15:01:14"},{"nodeID":"1385375","text":"Analysing","type":"YA","timestamp":"2023-11-09 15:01:14"},{"nodeID":"1385376","text":"Anon: Emily Thornberry: \u00a36m a day","type":"L","timestamp":"2023-11-09 15:01:14"},{"nodeID":"1385377","text":"Default Transition","type":"TA","timestamp":"2023-11-09 15:01:14"},{"nodeID":"1385378","text":"Asserting","type":"YA","timestamp":"2023-11-09 15:01:14"},{"nodeID":"1385379","text":"Asserting","type":"YA","timestamp":"2023-11-09 15:01:14"},{"nodeID":"1385380","text":"Default Transition","type":"TA","timestamp":"2023-11-09 15:01:14"}],"edges":[{"edgeID":"1810119","fromID":"1385261","toID":"1385262","formEdgeID":null},{"edgeID":"1810120","fromID":"1385263","toID":"1385261","formEdgeID":null},{"edgeID":"1810121","fromID":"1385262","toID":"1385264","formEdgeID":null},{"edgeID":"1810122","fromID":"1385264","toID":"1385260","formEdgeID":null},{"edgeID":"1810123","fromID":"1385268","toID":"1385267","formEdgeID":null},{"edgeID":"1810124","fromID":"1385267","toID":"1385266","formEdgeID":null},{"edgeID":"1810125","fromID":"1385266","toID":"1385269","formEdgeID":null},{"edgeID":"1810126","fromID":"1385269","toID":"1385265","formEdgeID":null},{"edgeID":"1810127","fromID":"1385273","toID":"1385272","formEdgeID":null},{"edgeID":"1810128","fromID":"1385272","toID":"1385271","formEdgeID":null},{"edgeID":"1810129","fromID":"1385271","toID":"1385274","formEdgeID":null},{"edgeID":"1810130","fromID":"1385274","toID":"1385270","formEdgeID":null},{"edgeID":"1810131","fromID":"1385266","toID":"1385275","formEdgeID":null},{"edgeID":"1810132","fromID":"1385275","toID":"1385271","formEdgeID":null},{"edgeID":"1810133","fromID":"1385276","toID":"1385265","formEdgeID":null},{"edgeID":"1810134","fromID":"1385270","toID":"1385276","formEdgeID":null},{"edgeID":"1810135","fromID":"1385277","toID":"1385276","formEdgeID":null},{"edgeID":"1810136","fromID":"1385275","toID":"1385277","formEdgeID":null},{"edgeID":"1810137","fromID":"1385281","toID":"1385279","formEdgeID":null},{"edgeID":"1810138","fromID":"1385280","toID":"1385281","formEdgeID":null},{"edgeID":"1810139","fromID":"1385279","toID":"1385282","formEdgeID":null},{"edgeID":"1810140","fromID":"1385282","toID":"1385278","formEdgeID":null},{"edgeID":"1810141","fromID":"1385286","toID":"1385285","formEdgeID":null},{"edgeID":"1810142","fromID":"1385284","toID":"1385286","formEdgeID":null},{"edgeID":"1810143","fromID":"1385285","toID":"1385287","formEdgeID":null},{"edgeID":"1810144","fromID":"1385287","toID":"1385283","formEdgeID":null},{"edgeID":"1810145","fromID":"1385288","toID":"1385285","formEdgeID":null},{"edgeID":"1810146","fromID":"1385279","toID":"1385288","formEdgeID":null},{"edgeID":"1810147","fromID":"1385283","toID":"1385289","formEdgeID":null},{"edgeID":"1810148","fromID":"1385289","toID":"1385278","formEdgeID":null},{"edgeID":"1810149","fromID":"1385290","toID":"1385289","formEdgeID":null},{"edgeID":"1810150","fromID":"1385288","toID":"1385290","formEdgeID":null},{"edgeID":"1810151","fromID":"1385265","toID":"1385291","formEdgeID":null},{"edgeID":"1810152","fromID":"1385291","toID":"1385260","formEdgeID":null},{"edgeID":"1810153","fromID":"1385292","toID":"1385266","formEdgeID":null},{"edgeID":"1810154","fromID":"1385262","toID":"1385292","formEdgeID":null},{"edgeID":"1810155","fromID":"1385292","toID":"1385293","formEdgeID":null},{"edgeID":"1810156","fromID":"1385293","toID":"1385291","formEdgeID":null},{"edgeID":"1810157","fromID":"1385294","toID":"1385279","formEdgeID":null},{"edgeID":"1810158","fromID":"1385262","toID":"1385294","formEdgeID":null},{"edgeID":"1810159","fromID":"1385295","toID":"1385260","formEdgeID":null},{"edgeID":"1810160","fromID":"1385278","toID":"1385295","formEdgeID":null},{"edgeID":"1810161","fromID":"1385294","toID":"1385296","formEdgeID":null},{"edgeID":"1810162","fromID":"1385296","toID":"1385295","formEdgeID":null},{"edgeID":"1810163","fromID":"1385299","toID":"1385300","formEdgeID":null},{"edgeID":"1810164","fromID":"1385298","toID":"1385299","formEdgeID":null},{"edgeID":"1810165","fromID":"1385300","toID":"1385301","formEdgeID":null},{"edgeID":"1810166","fromID":"1385301","toID":"1385297","formEdgeID":null},{"edgeID":"1810167","fromID":"1385302","toID":"1385300","formEdgeID":null},{"edgeID":"1810168","fromID":"1385285","toID":"1385302","formEdgeID":null},{"edgeID":"1810169","fromID":"1385306","toID":"1385305","formEdgeID":null},{"edgeID":"1810170","fromID":"1385305","toID":"1385304","formEdgeID":null},{"edgeID":"1810171","fromID":"1385304","toID":"1385307","formEdgeID":null},{"edgeID":"1810172","fromID":"1385307","toID":"1385303","formEdgeID":null},{"edgeID":"1810173","fromID":"1385300","toID":"1385308","formEdgeID":null},{"edgeID":"1810174","fromID":"1385308","toID":"1385304","formEdgeID":null},{"edgeID":"1810175","fromID":"1385309","toID":"1385303","formEdgeID":null},{"edgeID":"1810176","fromID":"1385297","toID":"1385309","formEdgeID":null},{"edgeID":"1810177","fromID":"1385308","toID":"1385310","formEdgeID":null},{"edgeID":"1810178","fromID":"1385310","toID":"1385309","formEdgeID":null},{"edgeID":"1810179","fromID":"1385314","toID":"1385313","formEdgeID":null},{"edgeID":"1810180","fromID":"1385313","toID":"1385312","formEdgeID":null},{"edgeID":"1810181","fromID":"1385312","toID":"1385315","formEdgeID":null},{"edgeID":"1810182","fromID":"1385315","toID":"1385311","formEdgeID":null},{"edgeID":"1810183","fromID":"1385316","toID":"1385312","formEdgeID":null},{"edgeID":"1810184","fromID":"1385304","toID":"1385316","formEdgeID":null},{"edgeID":"1810185","fromID":"1385317","toID":"1385303","formEdgeID":null},{"edgeID":"1810186","fromID":"1385311","toID":"1385317","formEdgeID":null},{"edgeID":"1810187","fromID":"1385318","toID":"1385317","formEdgeID":null},{"edgeID":"1810188","fromID":"1385316","toID":"1385318","formEdgeID":null},{"edgeID":"1810189","fromID":"1385319","toID":"1385320","formEdgeID":null},{"edgeID":"1810190","fromID":"1385320","toID":"1385321","formEdgeID":null},{"edgeID":"1810191","fromID":"1385324","toID":"1385323","formEdgeID":null},{"edgeID":"1810192","fromID":"1385325","toID":"1385324","formEdgeID":null},{"edgeID":"1810193","fromID":"1385326","toID":"1385322","formEdgeID":null},{"edgeID":"1810194","fromID":"1385323","toID":"1385326","formEdgeID":null},{"edgeID":"1810195","fromID":"1385327","toID":"1385323","formEdgeID":null},{"edgeID":"1810196","fromID":"1385304","toID":"1385327","formEdgeID":null},{"edgeID":"1810197","fromID":"1385322","toID":"1385328","formEdgeID":null},{"edgeID":"1810198","fromID":"1385328","toID":"1385303","formEdgeID":null},{"edgeID":"1810199","fromID":"1385327","toID":"1385329","formEdgeID":null},{"edgeID":"1810200","fromID":"1385329","toID":"1385328","formEdgeID":null},{"edgeID":"1810201","fromID":"1385333","toID":"1385332","formEdgeID":null},{"edgeID":"1810202","fromID":"1385332","toID":"1385331","formEdgeID":null},{"edgeID":"1810203","fromID":"1385334","toID":"1385330","formEdgeID":null},{"edgeID":"1810204","fromID":"1385331","toID":"1385334","formEdgeID":null},{"edgeID":"1810205","fromID":"1385335","toID":"1385331","formEdgeID":null},{"edgeID":"1810206","fromID":"1385323","toID":"1385335","formEdgeID":null},{"edgeID":"1810207","fromID":"1385330","toID":"1385336","formEdgeID":null},{"edgeID":"1810208","fromID":"1385336","toID":"1385322","formEdgeID":null},{"edgeID":"1810209","fromID":"1385337","toID":"1385336","formEdgeID":null},{"edgeID":"1810210","fromID":"1385335","toID":"1385337","formEdgeID":null},{"edgeID":"1810211","fromID":"1385340","toID":"1385341","formEdgeID":null},{"edgeID":"1810212","fromID":"1385341","toID":"1385339","formEdgeID":null},{"edgeID":"1810213","fromID":"1385342","toID":"1385338","formEdgeID":null},{"edgeID":"1810214","fromID":"1385339","toID":"1385342","formEdgeID":null},{"edgeID":"1810215","fromID":"1385343","toID":"1385339","formEdgeID":null},{"edgeID":"1810216","fromID":"1385331","toID":"1385343","formEdgeID":null},{"edgeID":"1810217","fromID":"1385344","toID":"1385330","formEdgeID":null},{"edgeID":"1810218","fromID":"1385338","toID":"1385344","formEdgeID":null},{"edgeID":"1810219","fromID":"1385343","toID":"1385345","formEdgeID":null},{"edgeID":"1810220","fromID":"1385345","toID":"1385344","formEdgeID":null},{"edgeID":"1810221","fromID":"1385347","toID":"1385349","formEdgeID":null},{"edgeID":"1810222","fromID":"1385348","toID":"1385347","formEdgeID":null},{"edgeID":"1810223","fromID":"1385350","toID":"1385346","formEdgeID":null},{"edgeID":"1810224","fromID":"1385349","toID":"1385350","formEdgeID":null},{"edgeID":"1810225","fromID":"1385266","toID":"1385351","formEdgeID":null},{"edgeID":"1810226","fromID":"1385351","toID":"1385339","formEdgeID":null},{"edgeID":"1810227","fromID":"1385338","toID":"1385352","formEdgeID":null},{"edgeID":"1810228","fromID":"1385352","toID":"1385265","formEdgeID":null},{"edgeID":"1810229","fromID":"1385351","toID":"1385353","formEdgeID":null},{"edgeID":"1810230","fromID":"1385353","toID":"1385352","formEdgeID":null},{"edgeID":"1810231","fromID":"1385279","toID":"1385354","formEdgeID":null},{"edgeID":"1810232","fromID":"1385354","toID":"1385339","formEdgeID":null},{"edgeID":"1810233","fromID":"1385338","toID":"1385355","formEdgeID":null},{"edgeID":"1810234","fromID":"1385355","toID":"1385278","formEdgeID":null},{"edgeID":"1810235","fromID":"1385354","toID":"1385356","formEdgeID":null},{"edgeID":"1810236","fromID":"1385356","toID":"1385355","formEdgeID":null},{"edgeID":"1810237","fromID":"1385339","toID":"1385357","formEdgeID":null},{"edgeID":"1810238","fromID":"1385357","toID":"1385349","formEdgeID":null},{"edgeID":"1810239","fromID":"1385346","toID":"1385358","formEdgeID":null},{"edgeID":"1810240","fromID":"1385358","toID":"1385338","formEdgeID":null},{"edgeID":"1810241","fromID":"1385357","toID":"1385359","formEdgeID":null},{"edgeID":"1810242","fromID":"1385359","toID":"1385358","formEdgeID":null},{"edgeID":"1810243","fromID":"1385362","toID":"1385361","formEdgeID":null},{"edgeID":"1810244","fromID":"1385363","toID":"1385362","formEdgeID":null},{"edgeID":"1810245","fromID":"1385361","toID":"1385364","formEdgeID":null},{"edgeID":"1810246","fromID":"1385364","toID":"1385360","formEdgeID":null},{"edgeID":"1810247","fromID":"1385349","toID":"1385365","formEdgeID":null},{"edgeID":"1810248","fromID":"1385365","toID":"1385361","formEdgeID":null},{"edgeID":"1810249","fromID":"1385368","toID":"1385367","formEdgeID":null},{"edgeID":"1810250","fromID":"1385369","toID":"1385368","formEdgeID":null},{"edgeID":"1810251","fromID":"1385367","toID":"1385370","formEdgeID":null},{"edgeID":"1810252","fromID":"1385370","toID":"1385366","formEdgeID":null},{"edgeID":"1810253","fromID":"1385361","toID":"1385371","formEdgeID":null},{"edgeID":"1810254","fromID":"1385371","toID":"1385367","formEdgeID":null},{"edgeID":"1810255","fromID":"1385366","toID":"1385372","formEdgeID":null},{"edgeID":"1810256","fromID":"1385372","toID":"1385360","formEdgeID":null},{"edgeID":"1810257","fromID":"1385371","toID":"1385373","formEdgeID":null},{"edgeID":"1810258","fromID":"1385373","toID":"1385372","formEdgeID":null},{"edgeID":"1810259","fromID":"1385375","toID":"1385374","formEdgeID":null},{"edgeID":"1810260","fromID":"1385376","toID":"1385375","formEdgeID":null},{"edgeID":"1810261","fromID":"1385367","toID":"1385377","formEdgeID":null},{"edgeID":"1810262","fromID":"1385377","toID":"1385374","formEdgeID":null},{"edgeID":"1810263","fromID":"1385374","toID":"1385378","formEdgeID":null},{"edgeID":"1810264","fromID":"1385378","toID":"1385366","formEdgeID":null},{"edgeID":"1810265","fromID":"1385321","toID":"1385379","formEdgeID":null},{"edgeID":"1810266","fromID":"1385379","toID":"1385303","formEdgeID":null},{"edgeID":"1810267","fromID":"1385312","toID":"1385380","formEdgeID":null},{"edgeID":"1810268","fromID":"1385380","toID":"1385321","formEdgeID":null}],"locutions":[]}