{"nodes":[{"nodeID":"1386773","text":"we can or cannot ever get to net zero","type":"I","timestamp":"2023-11-09 15:03:18"},{"nodeID":"1386774","text":"AudienceMember 20230427QT10: Can we ever get to net zero","type":"L","timestamp":"2023-11-09 15:03:18"},{"nodeID":"1386775","text":"Analysing","type":"YA","timestamp":"2023-11-09 15:03:18"},{"nodeID":"1386776","text":"Mascha: AudienceMember 20230427QT10: Can we ever get to net zero","type":"L","timestamp":"2023-11-09 15:03:18"},{"nodeID":"1386777","text":"Pure Questioning","type":"YA","timestamp":"2023-11-09 15:03:18"},{"nodeID":"1386778","text":"the UK policy is to get to net zero by 2050","type":"I","timestamp":"2023-11-09 15:03:19"},{"nodeID":"1386779","text":"Fiona Bruce: the UK policy is to get to net zero by 2050","type":"L","timestamp":"2023-11-09 15:03:19"},{"nodeID":"1386780","text":"Analysing","type":"YA","timestamp":"2023-11-09 15:03:19"},{"nodeID":"1386781","text":"Mascha: Fiona Bruce: the UK policy is to get to net zero by 2050","type":"L","timestamp":"2023-11-09 15:03:19"},{"nodeID":"1386782","text":"Asserting","type":"YA","timestamp":"2023-11-09 15:03:19"},{"nodeID":"1386783","text":"Default Transition","type":"TA","timestamp":"2023-11-09 15:03:19"},{"nodeID":"1386784","text":"the UK policy is to put no more greenhouse gases into the atmosphere than we take out by 2050","type":"I","timestamp":"2023-11-09 15:03:19"},{"nodeID":"1386785","text":"Fiona Bruce: to put no more greenhouse gases into the atmosphere than we take out","type":"L","timestamp":"2023-11-09 15:03:19"},{"nodeID":"1386786","text":"Analysing","type":"YA","timestamp":"2023-11-09 15:03:19"},{"nodeID":"1386787","text":"Mascha: Fiona Bruce: to put no more greenhouse gases into the atmosphere than we take out","type":"L","timestamp":"2023-11-09 15:03:19"},{"nodeID":"1386788","text":"Asserting","type":"YA","timestamp":"2023-11-09 15:03:19"},{"nodeID":"1386789","text":"Default Transition","type":"TA","timestamp":"2023-11-09 15:03:19"},{"nodeID":"1386790","text":"Default Rephrase","type":"MA","timestamp":"2023-11-09 15:03:19"},{"nodeID":"1386791","text":"Restating","type":"YA","timestamp":"2023-11-09 15:03:19"},{"nodeID":"1386792","text":"Fiona Bruce: Can we get to net zero","type":"L","timestamp":"2023-11-09 15:03:19"},{"nodeID":"1386793","text":"Analysing","type":"YA","timestamp":"2023-11-09 15:03:19"},{"nodeID":"1386794","text":"Mascha: Fiona Bruce: Can we get to net zero","type":"L","timestamp":"2023-11-09 15:03:19"},{"nodeID":"1386795","text":"Default Transition","type":"TA","timestamp":"2023-11-09 15:03:19"},{"nodeID":"1386796","text":"Pure Questioning","type":"YA","timestamp":"2023-11-09 15:03:19"},{"nodeID":"1386797","text":"the Government's made a big play today of its Green Day","type":"I","timestamp":"2023-11-09 15:03:20"},{"nodeID":"1386798","text":"Fiona Bruce: The Government's made a big play today of its Green Day","type":"L","timestamp":"2023-11-09 15:03:20"},{"nodeID":"1386799","text":"Analysing","type":"YA","timestamp":"2023-11-09 15:03:20"},{"nodeID":"1386800","text":"Mascha: Fiona Bruce: The Government's made a big play today of its Green Day","type":"L","timestamp":"2023-11-09 15:03:20"},{"nodeID":"1386801","text":"Asserting","type":"YA","timestamp":"2023-11-09 15:03:20"},{"nodeID":"1386802","text":"Default Transition","type":"TA","timestamp":"2023-11-09 15:03:20"},{"nodeID":"1386803","text":"Andrew Murrison: The answer is yes","type":"L","timestamp":"2023-11-09 15:03:20"},{"nodeID":"1386804","text":"Analysing","type":"YA","timestamp":"2023-11-09 15:03:20"},{"nodeID":"1386805","text":"Mascha: Andrew Murrison: The answer is yes","type":"L","timestamp":"2023-11-09 15:03:20"},{"nodeID":"1386806","text":"Default Transition","type":"TA","timestamp":"2023-11-09 15:03:20"},{"nodeID":"1386807","text":"we can get to net zero","type":"I","timestamp":"2023-11-09 15:03:21"},{"nodeID":"1386808","text":"Andrew Murrison:  we can","type":"L","timestamp":"2023-11-09 15:03:21"},{"nodeID":"1386809","text":"Analysing","type":"YA","timestamp":"2023-11-09 15:03:21"},{"nodeID":"1386810","text":"Mascha: Andrew Murrison:  we can","type":"L","timestamp":"2023-11-09 15:03:21"},{"nodeID":"1386811","text":"Asserting","type":"YA","timestamp":"2023-11-09 15:03:21"},{"nodeID":"1386812","text":"we must get to net zero","type":"I","timestamp":"2023-11-09 15:03:21"},{"nodeID":"1386813","text":"Andrew Murrison: we must","type":"L","timestamp":"2023-11-09 15:03:21"},{"nodeID":"1386814","text":"Analysing","type":"YA","timestamp":"2023-11-09 15:03:21"},{"nodeID":"1386815","text":"Mascha: Andrew Murrison: we must","type":"L","timestamp":"2023-11-09 15:03:21"},{"nodeID":"1386816","text":"Asserting","type":"YA","timestamp":"2023-11-09 15:03:21"},{"nodeID":"1386817","text":"Default Transition","type":"TA","timestamp":"2023-11-09 15:03:21"},{"nodeID":"1386818","text":"Default Rephrase","type":"MA","timestamp":"2023-11-09 15:03:21"},{"nodeID":"1386819","text":"Restating","type":"YA","timestamp":"2023-11-09 15:03:21"},{"nodeID":"1386820","text":"there are two reasons for why we can and must get to net zero","type":"I","timestamp":"2023-11-09 15:03:22"},{"nodeID":"1386821","text":"Andrew Murrison:  there are two reasons for that","type":"L","timestamp":"2023-11-09 15:03:22"},{"nodeID":"1386822","text":"Analysing","type":"YA","timestamp":"2023-11-09 15:03:22"},{"nodeID":"1386823","text":"Mascha: Andrew Murrison:  there are two reasons for that","type":"L","timestamp":"2023-11-09 15:03:22"},{"nodeID":"1386824","text":"Asserting","type":"YA","timestamp":"2023-11-09 15:03:22"},{"nodeID":"1386825","text":"Default Transition","type":"TA","timestamp":"2023-11-09 15:03:22"},{"nodeID":"1386826","text":"the two reasons for why we can and must get to net zero are two sides of the same coin","type":"I","timestamp":"2023-11-09 15:03:23"},{"nodeID":"1386827","text":"Andrew Murrison:  they're two sides of the same coin","type":"L","timestamp":"2023-11-09 15:03:23"},{"nodeID":"1386828","text":"Analysing","type":"YA","timestamp":"2023-11-09 15:03:23"},{"nodeID":"1386829","text":"Mascha: Andrew Murrison:  they're two sides of the same coin","type":"L","timestamp":"2023-11-09 15:03:23"},{"nodeID":"1386830","text":"Asserting","type":"YA","timestamp":"2023-11-09 15:03:23"},{"nodeID":"1386831","text":"Default Transition","type":"TA","timestamp":"2023-11-09 15:03:23"},{"nodeID":"1386832","text":"Default Rephrase","type":"MA","timestamp":"2023-11-09 15:03:23"},{"nodeID":"1386833","text":"Restating","type":"YA","timestamp":"2023-11-09 15:03:23"},{"nodeID":"1386834","text":"one reason for why we have to get to net zero is the environment","type":"I","timestamp":"2023-11-09 15:03:23"},{"nodeID":"1386835","text":"Andrew Murrison: One is the environment","type":"L","timestamp":"2023-11-09 15:03:23"},{"nodeID":"1386836","text":"Analysing","type":"YA","timestamp":"2023-11-09 15:03:23"},{"nodeID":"1386837","text":"Mascha: Andrew Murrison: One is the environment","type":"L","timestamp":"2023-11-09 15:03:23"},{"nodeID":"1386838","text":"Asserting","type":"YA","timestamp":"2023-11-09 15:03:23"},{"nodeID":"1386839","text":"one reason for why we have to get to net zero is our need to protect the environment","type":"I","timestamp":"2023-11-09 15:03:24"},{"nodeID":"1386840","text":"Andrew Murrison: our need to protect it","type":"L","timestamp":"2023-11-09 15:03:24"},{"nodeID":"1386841","text":"Analysing","type":"YA","timestamp":"2023-11-09 15:03:24"},{"nodeID":"1386842","text":"Mascha: Andrew Murrison: our need to protect it","type":"L","timestamp":"2023-11-09 15:03:24"},{"nodeID":"1386843","text":"Asserting","type":"YA","timestamp":"2023-11-09 15:03:24"},{"nodeID":"1386844","text":"Default Transition","type":"TA","timestamp":"2023-11-09 15:03:24"},{"nodeID":"1386845","text":"Default Rephrase","type":"MA","timestamp":"2023-11-09 15:03:24"},{"nodeID":"1386846","text":"Restating","type":"YA","timestamp":"2023-11-09 15:03:24"},{"nodeID":"1386847","text":"Default Inference","type":"RA","timestamp":"2023-11-09 15:03:24"},{"nodeID":"1386848","text":"Default Transition","type":"TA","timestamp":"2023-11-09 15:03:24"},{"nodeID":"1386849","text":"Arguing","type":"YA","timestamp":"2023-11-09 15:03:24"},{"nodeID":"1386850","text":"the second reason for why we must get to net zero is our security","type":"I","timestamp":"2023-11-09 15:03:24"},{"nodeID":"1386851","text":"Andrew Murrison: Two is our security","type":"L","timestamp":"2023-11-09 15:03:24"},{"nodeID":"1386852","text":"Analysing","type":"YA","timestamp":"2023-11-09 15:03:24"},{"nodeID":"1386853","text":"Mascha: Andrew Murrison: Two is our security","type":"L","timestamp":"2023-11-09 15:03:24"},{"nodeID":"1386854","text":"Asserting","type":"YA","timestamp":"2023-11-09 15:03:24"},{"nodeID":"1386855","text":"Default Inference","type":"RA","timestamp":"2023-11-09 15:03:24"},{"nodeID":"1386856","text":"Default Transition","type":"TA","timestamp":"2023-11-09 15:03:24"},{"nodeID":"1386857","text":"Arguing","type":"YA","timestamp":"2023-11-09 15:03:24"},{"nodeID":"1386858","text":"if the past few months have taught us anything at all, is that we must become more self-reliant on energy","type":"I","timestamp":"2023-11-09 15:03:25"},{"nodeID":"1386859","text":"Andrew Murrison:  if the past few months have taught us anything at all, is that we must become more self-reliant on energy","type":"L","timestamp":"2023-11-09 15:03:25"},{"nodeID":"1386860","text":"Analysing","type":"YA","timestamp":"2023-11-09 15:03:25"},{"nodeID":"1386861","text":"Mascha: Andrew Murrison:  if the past few months have taught us anything at all, is that we must become more self-reliant on energy","type":"L","timestamp":"2023-11-09 15:03:25"},{"nodeID":"1386862","text":"Asserting","type":"YA","timestamp":"2023-11-09 15:03:25"},{"nodeID":"1386863","text":"Default Transition","type":"TA","timestamp":"2023-11-09 15:03:25"},{"nodeID":"1386864","text":"forty per cent of our electricity last year was generated from renewables","type":"I","timestamp":"2023-11-09 15:03:26"},{"nodeID":"1386865","text":"Default Inference","type":"RA","timestamp":"2023-11-09 15:03:26"},{"nodeID":"1386866","text":"Arguing","type":"YA","timestamp":"2023-11-09 15:03:26"},{"nodeID":"1386867","text":"we've cut our emissions since 2010 by 50 per cent","type":"I","timestamp":"2023-11-09 15:03:26"},{"nodeID":"1386868","text":"Andrew Murrison: We've cut our emissions since 2010 by 50 per cent","type":"L","timestamp":"2023-11-09 15:03:26"},{"nodeID":"1386869","text":"Analysing","type":"YA","timestamp":"2023-11-09 15:03:26"},{"nodeID":"1386870","text":"Mascha: Andrew Murrison: We've cut our emissions since 2010 by 50 per cent","type":"L","timestamp":"2023-11-09 15:03:26"},{"nodeID":"1386871","text":"Asserting","type":"YA","timestamp":"2023-11-09 15:03:26"},{"nodeID":"1386872","text":"cutting emissions since 2010 by 50 per cent is the faster rate in the G7","type":"I","timestamp":"2023-11-09 15:03:27"},{"nodeID":"1386873","text":"Andrew Murrison: that's the faster rate in the G7","type":"L","timestamp":"2023-11-09 15:03:27"},{"nodeID":"1386874","text":"Analysing","type":"YA","timestamp":"2023-11-09 15:03:27"},{"nodeID":"1386875","text":"Mascha: Andrew Murrison: that's the faster rate in the G7","type":"L","timestamp":"2023-11-09 15:03:27"},{"nodeID":"1386876","text":"Asserting","type":"YA","timestamp":"2023-11-09 15:03:27"},{"nodeID":"1386877","text":"Default Transition","type":"TA","timestamp":"2023-11-09 15:03:27"},{"nodeID":"1386878","text":"Default Rephrase","type":"MA","timestamp":"2023-11-09 15:03:27"},{"nodeID":"1386879","text":"Restating","type":"YA","timestamp":"2023-11-09 15:03:27"},{"nodeID":"1386880","text":"we're doing well in the UK","type":"I","timestamp":"2023-11-09 15:03:28"},{"nodeID":"1386881","text":"Andrew Murrison:  We're doing well in this country","type":"L","timestamp":"2023-11-09 15:03:28"},{"nodeID":"1386882","text":"Analysing","type":"YA","timestamp":"2023-11-09 15:03:28"},{"nodeID":"1386883","text":"Mascha: Andrew Murrison:  We're doing well in this country","type":"L","timestamp":"2023-11-09 15:03:28"},{"nodeID":"1386884","text":"Asserting","type":"YA","timestamp":"2023-11-09 15:03:28"},{"nodeID":"1386885","text":"Default Transition","type":"TA","timestamp":"2023-11-09 15:03:28"},{"nodeID":"1386886","text":"Default Inference","type":"RA","timestamp":"2023-11-09 15:03:28"},{"nodeID":"1386887","text":"Default Transition","type":"TA","timestamp":"2023-11-09 15:03:28"},{"nodeID":"1386888","text":"Default Transition","type":"TA","timestamp":"2023-11-09 15:03:28"},{"nodeID":"1386889","text":"Asserting","type":"YA","timestamp":"2023-11-09 15:03:28"},{"nodeID":"1386890","text":"Mascha: Andrew Murrison:  Forty per cent of our electricity last year was generated from renewables","type":"L","timestamp":"2023-11-09 15:03:28"},{"nodeID":"1386891","text":"Analysing","type":"YA","timestamp":"2023-11-09 15:03:28"},{"nodeID":"1386892","text":"Andrew Murrison:  Forty per cent of our electricity last year was generated from renewables","type":"L","timestamp":"2023-11-09 15:03:28"},{"nodeID":"1386893","text":"Arguing","type":"YA","timestamp":"2023-11-09 15:03:28"},{"nodeID":"1386894","text":"cutting emissions is generating prosperity for us and jobs","type":"I","timestamp":"2023-11-09 15:03:28"},{"nodeID":"1386895","text":"Andrew Murrison: that's generating prosperity for us and jobs","type":"L","timestamp":"2023-11-09 15:03:28"},{"nodeID":"1386896","text":"Analysing","type":"YA","timestamp":"2023-11-09 15:03:28"},{"nodeID":"1386897","text":"Mascha: Andrew Murrison: that's generating prosperity for us and jobs","type":"L","timestamp":"2023-11-09 15:03:28"},{"nodeID":"1386898","text":"Asserting","type":"YA","timestamp":"2023-11-09 15:03:28"},{"nodeID":"1386899","text":"Default Transition","type":"TA","timestamp":"2023-11-09 15:03:28"},{"nodeID":"1386900","text":"Default Rephrase","type":"MA","timestamp":"2023-11-09 15:03:28"},{"nodeID":"1386901","text":"Restating","type":"YA","timestamp":"2023-11-09 15:03:28"},{"nodeID":"1386902","text":"cutting emissions is generation prosperity and jobs in Andrew Murrison's own constituency","type":"I","timestamp":"2023-11-09 15:03:29"},{"nodeID":"1386903","text":"Andrew Murrison: including in my own constituency","type":"L","timestamp":"2023-11-09 15:03:29"},{"nodeID":"1386904","text":"Analysing","type":"YA","timestamp":"2023-11-09 15:03:29"},{"nodeID":"1386905","text":"Mascha: Andrew Murrison: including in my own constituency","type":"L","timestamp":"2023-11-09 15:03:29"},{"nodeID":"1386906","text":"Asserting","type":"YA","timestamp":"2023-11-09 15:03:29"},{"nodeID":"1386907","text":"Default Transition","type":"TA","timestamp":"2023-11-09 15:03:29"},{"nodeID":"1386908","text":"Default Rephrase","type":"MA","timestamp":"2023-11-09 15:03:29"},{"nodeID":"1386909","text":"Restating","type":"YA","timestamp":"2023-11-09 15:03:29"},{"nodeID":"1386910","text":"there's every good reason whether you believe in climate change or not, whether you think it's manmade or not, to be supporting this","type":"I","timestamp":"2023-11-09 15:03:30"},{"nodeID":"1386911","text":"Andrew Murrison: there's every good reason whether you believe in climate change or not, whether you think it's manmade or not, to be supporting this","type":"L","timestamp":"2023-11-09 15:03:30"},{"nodeID":"1386912","text":"Analysing","type":"YA","timestamp":"2023-11-09 15:03:30"},{"nodeID":"1386913","text":"Mascha: Andrew Murrison: there's every good reason whether you believe in climate change or not, whether you think it's manmade or not, to be supporting this","type":"L","timestamp":"2023-11-09 15:03:30"},{"nodeID":"1386914","text":"Asserting","type":"YA","timestamp":"2023-11-09 15:03:30"},{"nodeID":"1386915","text":"Default Transition","type":"TA","timestamp":"2023-11-09 15:03:30"},{"nodeID":"1386916","text":"Default Inference","type":"RA","timestamp":"2023-11-09 15:03:30"},{"nodeID":"1386917","text":"Arguing","type":"YA","timestamp":"2023-11-09 15:03:30"},{"nodeID":"1386918","text":"Andrew Murrison: the answer to the gentleman is yes","type":"L","timestamp":"2023-11-09 15:03:30"},{"nodeID":"1386919","text":"Analysing","type":"YA","timestamp":"2023-11-09 15:03:30"},{"nodeID":"1386920","text":"Mascha: Andrew Murrison: the answer to the gentleman is yes","type":"L","timestamp":"2023-11-09 15:03:30"},{"nodeID":"1386921","text":"Default Transition","type":"TA","timestamp":"2023-11-09 15:03:30"},{"nodeID":"1386922","text":"Andrew Murrison: we can","type":"L","timestamp":"2023-11-09 15:03:30"},{"nodeID":"1386923","text":"Analysing","type":"YA","timestamp":"2023-11-09 15:03:30"},{"nodeID":"1386924","text":"Mascha: Andrew Murrison: we can","type":"L","timestamp":"2023-11-09 15:03:30"},{"nodeID":"1386925","text":"Asserting","type":"YA","timestamp":"2023-11-09 15:03:30"},{"nodeID":"1386926","text":"Default Rephrase","type":"MA","timestamp":"2023-11-09 15:03:30"},{"nodeID":"1386927","text":"Default Transition","type":"TA","timestamp":"2023-11-09 15:03:30"},{"nodeID":"1386928","text":"Restating","type":"YA","timestamp":"2023-11-09 15:03:30"},{"nodeID":"1386929","text":"and yes, we will get to net zero","type":"I","timestamp":"2023-11-09 15:03:30"},{"nodeID":"1386930","text":"Andrew Murrison:  and yes, we will","type":"L","timestamp":"2023-11-09 15:03:30"},{"nodeID":"1386931","text":"Analysing","type":"YA","timestamp":"2023-11-09 15:03:30"},{"nodeID":"1386932","text":"Mascha: Andrew Murrison:  and yes, we will","type":"L","timestamp":"2023-11-09 15:03:30"},{"nodeID":"1386933","text":"Asserting","type":"YA","timestamp":"2023-11-09 15:03:30"},{"nodeID":"1386934","text":"Default Transition","type":"TA","timestamp":"2023-11-09 15:03:30"},{"nodeID":"1386935","text":"Default Rephrase","type":"MA","timestamp":"2023-11-09 15:03:30"},{"nodeID":"1386936","text":"Restating","type":"YA","timestamp":"2023-11-09 15:03:30"},{"nodeID":"1386937","text":"Agreeing","type":"YA","timestamp":"2023-11-09 15:03:30"},{"nodeID":"1386938","text":"Default Rephrase","type":"MA","timestamp":"2023-11-09 15:03:30"},{"nodeID":"1386939","text":"Default Transition","type":"TA","timestamp":"2023-11-09 15:03:30"},{"nodeID":"1386940","text":"Default Illocuting","type":"YA","timestamp":"2023-11-09 15:03:30"},{"nodeID":"1386941","text":"Agreeing","type":"YA","timestamp":"2023-11-09 15:03:30"}],"edges":[{"edgeID":"1811919","fromID":"1386775","toID":"1386774","formEdgeID":null},{"edgeID":"1811920","fromID":"1386776","toID":"1386775","formEdgeID":null},{"edgeID":"1811921","fromID":"1386774","toID":"1386777","formEdgeID":null},{"edgeID":"1811922","fromID":"1386777","toID":"1386773","formEdgeID":null},{"edgeID":"1811923","fromID":"1386780","toID":"1386779","formEdgeID":null},{"edgeID":"1811924","fromID":"1386781","toID":"1386780","formEdgeID":null},{"edgeID":"1811925","fromID":"1386779","toID":"1386782","formEdgeID":null},{"edgeID":"1811926","fromID":"1386782","toID":"1386778","formEdgeID":null},{"edgeID":"1811927","fromID":"1386774","toID":"1386783","formEdgeID":null},{"edgeID":"1811928","fromID":"1386783","toID":"1386779","formEdgeID":null},{"edgeID":"1811929","fromID":"1386786","toID":"1386785","formEdgeID":null},{"edgeID":"1811930","fromID":"1386787","toID":"1386786","formEdgeID":null},{"edgeID":"1811931","fromID":"1386785","toID":"1386788","formEdgeID":null},{"edgeID":"1811932","fromID":"1386788","toID":"1386784","formEdgeID":null},{"edgeID":"1811933","fromID":"1386779","toID":"1386789","formEdgeID":null},{"edgeID":"1811934","fromID":"1386789","toID":"1386785","formEdgeID":null},{"edgeID":"1811935","fromID":"1386784","toID":"1386790","formEdgeID":null},{"edgeID":"1811936","fromID":"1386790","toID":"1386778","formEdgeID":null},{"edgeID":"1811937","fromID":"1386789","toID":"1386791","formEdgeID":null},{"edgeID":"1811938","fromID":"1386791","toID":"1386790","formEdgeID":null},{"edgeID":"1811939","fromID":"1386793","toID":"1386792","formEdgeID":null},{"edgeID":"1811940","fromID":"1386794","toID":"1386793","formEdgeID":null},{"edgeID":"1811941","fromID":"1386774","toID":"1386795","formEdgeID":null},{"edgeID":"1811942","fromID":"1386795","toID":"1386792","formEdgeID":null},{"edgeID":"1811943","fromID":"1386792","toID":"1386796","formEdgeID":null},{"edgeID":"1811944","fromID":"1386796","toID":"1386773","formEdgeID":null},{"edgeID":"1811945","fromID":"1386799","toID":"1386798","formEdgeID":null},{"edgeID":"1811946","fromID":"1386800","toID":"1386799","formEdgeID":null},{"edgeID":"1811947","fromID":"1386798","toID":"1386801","formEdgeID":null},{"edgeID":"1811948","fromID":"1386801","toID":"1386797","formEdgeID":null},{"edgeID":"1811949","fromID":"1386792","toID":"1386802","formEdgeID":null},{"edgeID":"1811950","fromID":"1386802","toID":"1386798","formEdgeID":null},{"edgeID":"1811951","fromID":"1386804","toID":"1386803","formEdgeID":null},{"edgeID":"1811952","fromID":"1386805","toID":"1386804","formEdgeID":null},{"edgeID":"1811953","fromID":"1386774","toID":"1386806","formEdgeID":null},{"edgeID":"1811954","fromID":"1386806","toID":"1386803","formEdgeID":null},{"edgeID":"1811955","fromID":"1386809","toID":"1386808","formEdgeID":null},{"edgeID":"1811956","fromID":"1386810","toID":"1386809","formEdgeID":null},{"edgeID":"1811957","fromID":"1386808","toID":"1386811","formEdgeID":null},{"edgeID":"1811958","fromID":"1386811","toID":"1386807","formEdgeID":null},{"edgeID":"1811959","fromID":"1386814","toID":"1386813","formEdgeID":null},{"edgeID":"1811960","fromID":"1386815","toID":"1386814","formEdgeID":null},{"edgeID":"1811961","fromID":"1386813","toID":"1386816","formEdgeID":null},{"edgeID":"1811962","fromID":"1386816","toID":"1386812","formEdgeID":null},{"edgeID":"1811963","fromID":"1386808","toID":"1386817","formEdgeID":null},{"edgeID":"1811964","fromID":"1386817","toID":"1386813","formEdgeID":null},{"edgeID":"1811965","fromID":"1386812","toID":"1386818","formEdgeID":null},{"edgeID":"1811966","fromID":"1386818","toID":"1386807","formEdgeID":null},{"edgeID":"1811967","fromID":"1386817","toID":"1386819","formEdgeID":null},{"edgeID":"1811968","fromID":"1386819","toID":"1386818","formEdgeID":null},{"edgeID":"1811969","fromID":"1386822","toID":"1386821","formEdgeID":null},{"edgeID":"1811970","fromID":"1386823","toID":"1386822","formEdgeID":null},{"edgeID":"1811971","fromID":"1386821","toID":"1386824","formEdgeID":null},{"edgeID":"1811972","fromID":"1386824","toID":"1386820","formEdgeID":null},{"edgeID":"1811973","fromID":"1386813","toID":"1386825","formEdgeID":null},{"edgeID":"1811974","fromID":"1386825","toID":"1386821","formEdgeID":null},{"edgeID":"1811975","fromID":"1386828","toID":"1386827","formEdgeID":null},{"edgeID":"1811976","fromID":"1386829","toID":"1386828","formEdgeID":null},{"edgeID":"1811977","fromID":"1386827","toID":"1386830","formEdgeID":null},{"edgeID":"1811978","fromID":"1386830","toID":"1386826","formEdgeID":null},{"edgeID":"1811979","fromID":"1386821","toID":"1386831","formEdgeID":null},{"edgeID":"1811980","fromID":"1386831","toID":"1386827","formEdgeID":null},{"edgeID":"1811981","fromID":"1386826","toID":"1386832","formEdgeID":null},{"edgeID":"1811982","fromID":"1386832","toID":"1386820","formEdgeID":null},{"edgeID":"1811983","fromID":"1386831","toID":"1386833","formEdgeID":null},{"edgeID":"1811984","fromID":"1386833","toID":"1386832","formEdgeID":null},{"edgeID":"1811985","fromID":"1386836","toID":"1386835","formEdgeID":null},{"edgeID":"1811986","fromID":"1386837","toID":"1386836","formEdgeID":null},{"edgeID":"1811987","fromID":"1386835","toID":"1386838","formEdgeID":null},{"edgeID":"1811988","fromID":"1386838","toID":"1386834","formEdgeID":null},{"edgeID":"1811989","fromID":"1386841","toID":"1386840","formEdgeID":null},{"edgeID":"1811990","fromID":"1386842","toID":"1386841","formEdgeID":null},{"edgeID":"1811991","fromID":"1386840","toID":"1386843","formEdgeID":null},{"edgeID":"1811992","fromID":"1386843","toID":"1386839","formEdgeID":null},{"edgeID":"1811993","fromID":"1386835","toID":"1386844","formEdgeID":null},{"edgeID":"1811994","fromID":"1386844","toID":"1386840","formEdgeID":null},{"edgeID":"1811995","fromID":"1386839","toID":"1386845","formEdgeID":null},{"edgeID":"1811996","fromID":"1386845","toID":"1386834","formEdgeID":null},{"edgeID":"1811997","fromID":"1386844","toID":"1386846","formEdgeID":null},{"edgeID":"1811998","fromID":"1386846","toID":"1386845","formEdgeID":null},{"edgeID":"1811999","fromID":"1386834","toID":"1386847","formEdgeID":null},{"edgeID":"1812000","fromID":"1386847","toID":"1386812","formEdgeID":null},{"edgeID":"1812001","fromID":"1386813","toID":"1386848","formEdgeID":null},{"edgeID":"1812002","fromID":"1386848","toID":"1386835","formEdgeID":null},{"edgeID":"1812003","fromID":"1386848","toID":"1386849","formEdgeID":null},{"edgeID":"1812004","fromID":"1386849","toID":"1386847","formEdgeID":null},{"edgeID":"1812005","fromID":"1386852","toID":"1386851","formEdgeID":null},{"edgeID":"1812006","fromID":"1386853","toID":"1386852","formEdgeID":null},{"edgeID":"1812007","fromID":"1386851","toID":"1386854","formEdgeID":null},{"edgeID":"1812008","fromID":"1386854","toID":"1386850","formEdgeID":null},{"edgeID":"1812009","fromID":"1386850","toID":"1386855","formEdgeID":null},{"edgeID":"1812010","fromID":"1386855","toID":"1386812","formEdgeID":null},{"edgeID":"1812011","fromID":"1386813","toID":"1386856","formEdgeID":null},{"edgeID":"1812012","fromID":"1386856","toID":"1386851","formEdgeID":null},{"edgeID":"1812013","fromID":"1386856","toID":"1386857","formEdgeID":null},{"edgeID":"1812014","fromID":"1386857","toID":"1386855","formEdgeID":null},{"edgeID":"1812015","fromID":"1386860","toID":"1386859","formEdgeID":null},{"edgeID":"1812016","fromID":"1386861","toID":"1386860","formEdgeID":null},{"edgeID":"1812017","fromID":"1386859","toID":"1386862","formEdgeID":null},{"edgeID":"1812018","fromID":"1386862","toID":"1386858","formEdgeID":null},{"edgeID":"1812019","fromID":"1386851","toID":"1386863","formEdgeID":null},{"edgeID":"1812020","fromID":"1386863","toID":"1386859","formEdgeID":null},{"edgeID":"1812021","fromID":"1386850","toID":"1386865","formEdgeID":null},{"edgeID":"1812022","fromID":"1386865","toID":"1386858","formEdgeID":null},{"edgeID":"1812023","fromID":"1386863","toID":"1386866","formEdgeID":null},{"edgeID":"1812024","fromID":"1386866","toID":"1386865","formEdgeID":null},{"edgeID":"1812025","fromID":"1386869","toID":"1386868","formEdgeID":null},{"edgeID":"1812026","fromID":"1386870","toID":"1386869","formEdgeID":null},{"edgeID":"1812027","fromID":"1386868","toID":"1386871","formEdgeID":null},{"edgeID":"1812028","fromID":"1386871","toID":"1386867","formEdgeID":null},{"edgeID":"1812029","fromID":"1386874","toID":"1386873","formEdgeID":null},{"edgeID":"1812030","fromID":"1386875","toID":"1386874","formEdgeID":null},{"edgeID":"1812031","fromID":"1386873","toID":"1386876","formEdgeID":null},{"edgeID":"1812032","fromID":"1386876","toID":"1386872","formEdgeID":null},{"edgeID":"1812033","fromID":"1386868","toID":"1386877","formEdgeID":null},{"edgeID":"1812034","fromID":"1386877","toID":"1386873","formEdgeID":null},{"edgeID":"1812035","fromID":"1386872","toID":"1386878","formEdgeID":null},{"edgeID":"1812036","fromID":"1386878","toID":"1386867","formEdgeID":null},{"edgeID":"1812037","fromID":"1386877","toID":"1386879","formEdgeID":null},{"edgeID":"1812038","fromID":"1386879","toID":"1386878","formEdgeID":null},{"edgeID":"1812039","fromID":"1386882","toID":"1386881","formEdgeID":null},{"edgeID":"1812040","fromID":"1386883","toID":"1386882","formEdgeID":null},{"edgeID":"1812041","fromID":"1386881","toID":"1386884","formEdgeID":null},{"edgeID":"1812042","fromID":"1386884","toID":"1386880","formEdgeID":null},{"edgeID":"1812043","fromID":"1386873","toID":"1386885","formEdgeID":null},{"edgeID":"1812044","fromID":"1386885","toID":"1386881","formEdgeID":null},{"edgeID":"1812045","fromID":"1386867","toID":"1386886","formEdgeID":null},{"edgeID":"1812046","fromID":"1386886","toID":"1386807","formEdgeID":null},{"edgeID":"1812047","fromID":"1386864","toID":"1386886","formEdgeID":null},{"edgeID":"1812048","fromID":"1386808","toID":"1386887","formEdgeID":null},{"edgeID":"1812049","fromID":"1386887","toID":"1386868","formEdgeID":null},{"edgeID":"1812050","fromID":"1386808","toID":"1386888","formEdgeID":null},{"edgeID":"1812051","fromID":"1386888","toID":"1386892","formEdgeID":null},{"edgeID":"1812052","fromID":"1386889","toID":"1386864","formEdgeID":null},{"edgeID":"1812053","fromID":"1386892","toID":"1386889","formEdgeID":null},{"edgeID":"1812054","fromID":"1386890","toID":"1386891","formEdgeID":null},{"edgeID":"1812055","fromID":"1386891","toID":"1386892","formEdgeID":null},{"edgeID":"1812056","fromID":"1386887","toID":"1386893","formEdgeID":null},{"edgeID":"1812057","fromID":"1386893","toID":"1386886","formEdgeID":null},{"edgeID":"1812058","fromID":"1386896","toID":"1386895","formEdgeID":null},{"edgeID":"1812059","fromID":"1386897","toID":"1386896","formEdgeID":null},{"edgeID":"1812060","fromID":"1386895","toID":"1386898","formEdgeID":null},{"edgeID":"1812061","fromID":"1386898","toID":"1386894","formEdgeID":null},{"edgeID":"1812062","fromID":"1386881","toID":"1386899","formEdgeID":null},{"edgeID":"1812063","fromID":"1386899","toID":"1386895","formEdgeID":null},{"edgeID":"1812064","fromID":"1386894","toID":"1386900","formEdgeID":null},{"edgeID":"1812065","fromID":"1386900","toID":"1386880","formEdgeID":null},{"edgeID":"1812066","fromID":"1386899","toID":"1386901","formEdgeID":null},{"edgeID":"1812067","fromID":"1386901","toID":"1386900","formEdgeID":null},{"edgeID":"1812068","fromID":"1386904","toID":"1386903","formEdgeID":null},{"edgeID":"1812069","fromID":"1386905","toID":"1386904","formEdgeID":null},{"edgeID":"1812070","fromID":"1386903","toID":"1386906","formEdgeID":null},{"edgeID":"1812071","fromID":"1386906","toID":"1386902","formEdgeID":null},{"edgeID":"1812072","fromID":"1386895","toID":"1386907","formEdgeID":null},{"edgeID":"1812073","fromID":"1386907","toID":"1386903","formEdgeID":null},{"edgeID":"1812074","fromID":"1386902","toID":"1386908","formEdgeID":null},{"edgeID":"1812075","fromID":"1386908","toID":"1386894","formEdgeID":null},{"edgeID":"1812076","fromID":"1386907","toID":"1386909","formEdgeID":null},{"edgeID":"1812077","fromID":"1386909","toID":"1386908","formEdgeID":null},{"edgeID":"1812078","fromID":"1386912","toID":"1386911","formEdgeID":null},{"edgeID":"1812079","fromID":"1386913","toID":"1386912","formEdgeID":null},{"edgeID":"1812080","fromID":"1386911","toID":"1386914","formEdgeID":null},{"edgeID":"1812081","fromID":"1386914","toID":"1386910","formEdgeID":null},{"edgeID":"1812082","fromID":"1386903","toID":"1386915","formEdgeID":null},{"edgeID":"1812083","fromID":"1386915","toID":"1386911","formEdgeID":null},{"edgeID":"1812084","fromID":"1386902","toID":"1386916","formEdgeID":null},{"edgeID":"1812085","fromID":"1386916","toID":"1386910","formEdgeID":null},{"edgeID":"1812086","fromID":"1386915","toID":"1386917","formEdgeID":null},{"edgeID":"1812087","fromID":"1386917","toID":"1386916","formEdgeID":null},{"edgeID":"1812088","fromID":"1386919","toID":"1386918","formEdgeID":null},{"edgeID":"1812089","fromID":"1386920","toID":"1386919","formEdgeID":null},{"edgeID":"1812090","fromID":"1386803","toID":"1386921","formEdgeID":null},{"edgeID":"1812091","fromID":"1386921","toID":"1386918","formEdgeID":null},{"edgeID":"1812092","fromID":"1386923","toID":"1386922","formEdgeID":null},{"edgeID":"1812093","fromID":"1386924","toID":"1386923","formEdgeID":null},{"edgeID":"1812094","fromID":"1386922","toID":"1386925","formEdgeID":null},{"edgeID":"1812095","fromID":"1386925","toID":"1386807","formEdgeID":null},{"edgeID":"1812096","fromID":"1386807","toID":"1386926","formEdgeID":null},{"edgeID":"1812097","fromID":"1386926","toID":"1386807","formEdgeID":null},{"edgeID":"1812098","fromID":"1386808","toID":"1386927","formEdgeID":null},{"edgeID":"1812099","fromID":"1386927","toID":"1386922","formEdgeID":null},{"edgeID":"1812100","fromID":"1386927","toID":"1386928","formEdgeID":null},{"edgeID":"1812101","fromID":"1386928","toID":"1386926","formEdgeID":null},{"edgeID":"1812102","fromID":"1386931","toID":"1386930","formEdgeID":null},{"edgeID":"1812103","fromID":"1386932","toID":"1386931","formEdgeID":null},{"edgeID":"1812104","fromID":"1386930","toID":"1386933","formEdgeID":null},{"edgeID":"1812105","fromID":"1386933","toID":"1386929","formEdgeID":null},{"edgeID":"1812106","fromID":"1386922","toID":"1386934","formEdgeID":null},{"edgeID":"1812107","fromID":"1386934","toID":"1386930","formEdgeID":null},{"edgeID":"1812108","fromID":"1386929","toID":"1386935","formEdgeID":null},{"edgeID":"1812109","fromID":"1386935","toID":"1386807","formEdgeID":null},{"edgeID":"1812110","fromID":"1386934","toID":"1386936","formEdgeID":null},{"edgeID":"1812111","fromID":"1386936","toID":"1386935","formEdgeID":null},{"edgeID":"1812112","fromID":"1386803","toID":"1386937","formEdgeID":null},{"edgeID":"1812113","fromID":"1386937","toID":"1386773","formEdgeID":null},{"edgeID":"1812114","fromID":"1386807","toID":"1386938","formEdgeID":null},{"edgeID":"1812115","fromID":"1386938","toID":"1386773","formEdgeID":null},{"edgeID":"1812116","fromID":"1386774","toID":"1386939","formEdgeID":null},{"edgeID":"1812117","fromID":"1386939","toID":"1386808","formEdgeID":null},{"edgeID":"1812118","fromID":"1386939","toID":"1386940","formEdgeID":null},{"edgeID":"1812119","fromID":"1386940","toID":"1386938","formEdgeID":null},{"edgeID":"1812120","fromID":"1386918","toID":"1386941","formEdgeID":null},{"edgeID":"1812121","fromID":"1386941","toID":"1386773","formEdgeID":null}],"locutions":[]}