{"nodes":[{"nodeID":"1390906","text":"the poorest in our society have been getting poorer and poorer","type":"I","timestamp":"2023-11-09 15:09:11"},{"nodeID":"1390907","text":"AudienceMember 20230427QT32:  the poorest in our society have been getting poorer and poorer","type":"L","timestamp":"2023-11-09 15:09:11"},{"nodeID":"1390908","text":"Analysing","type":"YA","timestamp":"2023-11-09 15:09:11"},{"nodeID":"1390909","text":"Anon: AudienceMember 20230427QT32:  the poorest in our society have been getting poorer and poorer","type":"L","timestamp":"2023-11-09 15:09:11"},{"nodeID":"1390910","text":"Asserting","type":"YA","timestamp":"2023-11-09 15:09:11"},{"nodeID":"1390911","text":"crime and poverty are interlinked","type":"I","timestamp":"2023-11-09 15:09:12"},{"nodeID":"1390912","text":"AudienceMember 20230427QT32: Crime and poverty are interlinked","type":"L","timestamp":"2023-11-09 15:09:12"},{"nodeID":"1390913","text":"Analysing","type":"YA","timestamp":"2023-11-09 15:09:12"},{"nodeID":"1390914","text":"Anon: AudienceMember 20230427QT32: Crime and poverty are interlinked","type":"L","timestamp":"2023-11-09 15:09:12"},{"nodeID":"1390915","text":"Asserting","type":"YA","timestamp":"2023-11-09 15:09:12"},{"nodeID":"1390916","text":"Default Inference","type":"RA","timestamp":"2023-11-09 15:09:12"},{"nodeID":"1390917","text":"Default Transition","type":"TA","timestamp":"2023-11-09 15:09:12"},{"nodeID":"1390918","text":"Arguing","type":"YA","timestamp":"2023-11-09 15:09:12"},{"nodeID":"1390919","text":"one of the things that AudienceMember 20230427QT32  noticed is when parents are stressed, that sort of impacts on the children","type":"I","timestamp":"2023-11-09 15:09:12"},{"nodeID":"1390920","text":"AudienceMember 20230427QT32: one of the things that I noticed is when parents are stressed, that sort of impacts on the children","type":"L","timestamp":"2023-11-09 15:09:12"},{"nodeID":"1390921","text":"Analysing","type":"YA","timestamp":"2023-11-09 15:09:12"},{"nodeID":"1390922","text":"Anon: AudienceMember 20230427QT32: one of the things that I noticed is when parents are stressed, that sort of impacts on the children","type":"L","timestamp":"2023-11-09 15:09:12"},{"nodeID":"1390923","text":"Asserting","type":"YA","timestamp":"2023-11-09 15:09:12"},{"nodeID":"1390924","text":"Default Transition","type":"TA","timestamp":"2023-11-09 15:09:12"},{"nodeID":"1390925","text":"that's where we have to tackle things, it's within the families","type":"I","timestamp":"2023-11-09 15:09:13"},{"nodeID":"1390926","text":"AudienceMember 20230427QT32: that's where we have to tackle things, it's within the families","type":"L","timestamp":"2023-11-09 15:09:13"},{"nodeID":"1390927","text":"Analysing","type":"YA","timestamp":"2023-11-09 15:09:13"},{"nodeID":"1390928","text":"Anon: AudienceMember 20230427QT32: that's where we have to tackle things, it's within the families","type":"L","timestamp":"2023-11-09 15:09:13"},{"nodeID":"1390929","text":"Asserting","type":"YA","timestamp":"2023-11-09 15:09:13"},{"nodeID":"1390930","text":"Default Inference","type":"RA","timestamp":"2023-11-09 15:09:13"},{"nodeID":"1390931","text":"Default Transition","type":"TA","timestamp":"2023-11-09 15:09:13"},{"nodeID":"1390932","text":"Arguing","type":"YA","timestamp":"2023-11-09 15:09:13"},{"nodeID":"1390933","text":"children aren't born criminals","type":"I","timestamp":"2023-11-09 15:09:14"},{"nodeID":"1390934","text":"AudienceMember 20230427QT32: children aren't born criminals","type":"L","timestamp":"2023-11-09 15:09:14"},{"nodeID":"1390935","text":"Analysing","type":"YA","timestamp":"2023-11-09 15:09:14"},{"nodeID":"1390936","text":"Anon: AudienceMember 20230427QT32: children aren't born criminals","type":"L","timestamp":"2023-11-09 15:09:14"},{"nodeID":"1390937","text":"Asserting","type":"YA","timestamp":"2023-11-09 15:09:14"},{"nodeID":"1390938","text":"parents are struggling with just trying to survive","type":"I","timestamp":"2023-11-09 15:09:14"},{"nodeID":"1390939","text":"AudienceMember 20230427QT32: when their parents are struggling with just basic\u2026trying to survive","type":"L","timestamp":"2023-11-09 15:09:14"},{"nodeID":"1390940","text":"Analysing","type":"YA","timestamp":"2023-11-09 15:09:14"},{"nodeID":"1390941","text":"Anon: AudienceMember 20230427QT32: when their parents are struggling with just basic\u2026trying to survive","type":"L","timestamp":"2023-11-09 15:09:14"},{"nodeID":"1390942","text":"Asserting","type":"YA","timestamp":"2023-11-09 15:09:14"},{"nodeID":"1390943","text":"parents don't have the time to look after their children","type":"I","timestamp":"2023-11-09 15:09:15"},{"nodeID":"1390944","text":"AudienceMember 20230427QT32: they don't have the time to look after their children","type":"L","timestamp":"2023-11-09 15:09:15"},{"nodeID":"1390945","text":"Analysing","type":"YA","timestamp":"2023-11-09 15:09:15"},{"nodeID":"1390946","text":"Anon: AudienceMember 20230427QT32: they don't have the time to look after their children","type":"L","timestamp":"2023-11-09 15:09:15"},{"nodeID":"1390947","text":"Asserting","type":"YA","timestamp":"2023-11-09 15:09:15"},{"nodeID":"1390948","text":"Default Inference","type":"RA","timestamp":"2023-11-09 15:09:15"},{"nodeID":"1390949","text":"Default Transition","type":"TA","timestamp":"2023-11-09 15:09:15"},{"nodeID":"1390950","text":"Arguing","type":"YA","timestamp":"2023-11-09 15:09:15"},{"nodeID":"1390951","text":"Default Rephrase","type":"MA","timestamp":"2023-11-09 15:09:15"},{"nodeID":"1390952","text":"Default Transition","type":"TA","timestamp":"2023-11-09 15:09:15"},{"nodeID":"1390953","text":"Restating","type":"YA","timestamp":"2023-11-09 15:09:15"},{"nodeID":"1390954","text":"Default Transition","type":"TA","timestamp":"2023-11-09 15:09:15"},{"nodeID":"1390955","text":"Default Rephrase","type":"MA","timestamp":"2023-11-09 15:09:15"},{"nodeID":"1390956","text":"Restating","type":"YA","timestamp":"2023-11-09 15:09:15"},{"nodeID":"1390957","text":"Default Transition","type":"TA","timestamp":"2023-11-09 15:09:15"},{"nodeID":"1390958","text":"we're creating more and more problems","type":"I","timestamp":"2023-11-09 15:09:16"},{"nodeID":"1390959","text":"AudienceMember 20230427QT32:  we're creating more and more problems","type":"L","timestamp":"2023-11-09 15:09:16"},{"nodeID":"1390960","text":"Analysing","type":"YA","timestamp":"2023-11-09 15:09:16"},{"nodeID":"1390961","text":"Anon: AudienceMember 20230427QT32:  we're creating more and more problems","type":"L","timestamp":"2023-11-09 15:09:16"},{"nodeID":"1390962","text":"Asserting","type":"YA","timestamp":"2023-11-09 15:09:16"},{"nodeID":"1390963","text":"Default Transition","type":"TA","timestamp":"2023-11-09 15:09:16"},{"nodeID":"1390964","text":"Default Inference","type":"RA","timestamp":"2023-11-09 15:09:16"},{"nodeID":"1390965","text":"Arguing","type":"YA","timestamp":"2023-11-09 15:09:16"}],"edges":[{"edgeID":"1816839","fromID":"1390908","toID":"1390907","formEdgeID":null},{"edgeID":"1816840","fromID":"1390909","toID":"1390908","formEdgeID":null},{"edgeID":"1816841","fromID":"1390907","toID":"1390910","formEdgeID":null},{"edgeID":"1816842","fromID":"1390910","toID":"1390906","formEdgeID":null},{"edgeID":"1816843","fromID":"1390913","toID":"1390912","formEdgeID":null},{"edgeID":"1816844","fromID":"1390914","toID":"1390913","formEdgeID":null},{"edgeID":"1816845","fromID":"1390912","toID":"1390915","formEdgeID":null},{"edgeID":"1816846","fromID":"1390915","toID":"1390911","formEdgeID":null},{"edgeID":"1816847","fromID":"1390911","toID":"1390916","formEdgeID":null},{"edgeID":"1816848","fromID":"1390916","toID":"1390906","formEdgeID":null},{"edgeID":"1816849","fromID":"1390912","toID":"1390917","formEdgeID":null},{"edgeID":"1816850","fromID":"1390917","toID":"1390907","formEdgeID":null},{"edgeID":"1816851","fromID":"1390917","toID":"1390918","formEdgeID":null},{"edgeID":"1816852","fromID":"1390918","toID":"1390916","formEdgeID":null},{"edgeID":"1816853","fromID":"1390921","toID":"1390920","formEdgeID":null},{"edgeID":"1816854","fromID":"1390922","toID":"1390921","formEdgeID":null},{"edgeID":"1816855","fromID":"1390920","toID":"1390923","formEdgeID":null},{"edgeID":"1816856","fromID":"1390923","toID":"1390919","formEdgeID":null},{"edgeID":"1816857","fromID":"1390907","toID":"1390924","formEdgeID":null},{"edgeID":"1816858","fromID":"1390924","toID":"1390920","formEdgeID":null},{"edgeID":"1816859","fromID":"1390927","toID":"1390926","formEdgeID":null},{"edgeID":"1816860","fromID":"1390928","toID":"1390927","formEdgeID":null},{"edgeID":"1816861","fromID":"1390926","toID":"1390929","formEdgeID":null},{"edgeID":"1816862","fromID":"1390929","toID":"1390925","formEdgeID":null},{"edgeID":"1816863","fromID":"1390919","toID":"1390930","formEdgeID":null},{"edgeID":"1816864","fromID":"1390930","toID":"1390925","formEdgeID":null},{"edgeID":"1816865","fromID":"1390920","toID":"1390931","formEdgeID":null},{"edgeID":"1816866","fromID":"1390931","toID":"1390926","formEdgeID":null},{"edgeID":"1816867","fromID":"1390931","toID":"1390932","formEdgeID":null},{"edgeID":"1816868","fromID":"1390932","toID":"1390930","formEdgeID":null},{"edgeID":"1816869","fromID":"1390935","toID":"1390934","formEdgeID":null},{"edgeID":"1816870","fromID":"1390936","toID":"1390935","formEdgeID":null},{"edgeID":"1816871","fromID":"1390934","toID":"1390937","formEdgeID":null},{"edgeID":"1816872","fromID":"1390937","toID":"1390933","formEdgeID":null},{"edgeID":"1816873","fromID":"1390940","toID":"1390939","formEdgeID":null},{"edgeID":"1816874","fromID":"1390941","toID":"1390940","formEdgeID":null},{"edgeID":"1816875","fromID":"1390939","toID":"1390942","formEdgeID":null},{"edgeID":"1816876","fromID":"1390942","toID":"1390938","formEdgeID":null},{"edgeID":"1816877","fromID":"1390945","toID":"1390944","formEdgeID":null},{"edgeID":"1816878","fromID":"1390946","toID":"1390945","formEdgeID":null},{"edgeID":"1816879","fromID":"1390944","toID":"1390947","formEdgeID":null},{"edgeID":"1816880","fromID":"1390947","toID":"1390943","formEdgeID":null},{"edgeID":"1816881","fromID":"1390938","toID":"1390948","formEdgeID":null},{"edgeID":"1816882","fromID":"1390948","toID":"1390943","formEdgeID":null},{"edgeID":"1816883","fromID":"1390939","toID":"1390949","formEdgeID":null},{"edgeID":"1816884","fromID":"1390949","toID":"1390944","formEdgeID":null},{"edgeID":"1816885","fromID":"1390949","toID":"1390950","formEdgeID":null},{"edgeID":"1816886","fromID":"1390950","toID":"1390948","formEdgeID":null},{"edgeID":"1816887","fromID":"1390943","toID":"1390951","formEdgeID":null},{"edgeID":"1816888","fromID":"1390951","toID":"1390919","formEdgeID":null},{"edgeID":"1816889","fromID":"1390920","toID":"1390952","formEdgeID":null},{"edgeID":"1816890","fromID":"1390952","toID":"1390944","formEdgeID":null},{"edgeID":"1816891","fromID":"1390952","toID":"1390953","formEdgeID":null},{"edgeID":"1816892","fromID":"1390953","toID":"1390951","formEdgeID":null},{"edgeID":"1816893","fromID":"1390920","toID":"1390954","formEdgeID":null},{"edgeID":"1816894","fromID":"1390954","toID":"1390934","formEdgeID":null},{"edgeID":"1816895","fromID":"1390933","toID":"1390955","formEdgeID":null},{"edgeID":"1816896","fromID":"1390955","toID":"1390919","formEdgeID":null},{"edgeID":"1816897","fromID":"1390954","toID":"1390956","formEdgeID":null},{"edgeID":"1816898","fromID":"1390956","toID":"1390955","formEdgeID":null},{"edgeID":"1816899","fromID":"1390934","toID":"1390957","formEdgeID":null},{"edgeID":"1816900","fromID":"1390957","toID":"1390939","formEdgeID":null},{"edgeID":"1816901","fromID":"1390960","toID":"1390959","formEdgeID":null},{"edgeID":"1816902","fromID":"1390961","toID":"1390960","formEdgeID":null},{"edgeID":"1816903","fromID":"1390959","toID":"1390962","formEdgeID":null},{"edgeID":"1816904","fromID":"1390962","toID":"1390958","formEdgeID":null},{"edgeID":"1816905","fromID":"1390944","toID":"1390963","formEdgeID":null},{"edgeID":"1816906","fromID":"1390963","toID":"1390959","formEdgeID":null},{"edgeID":"1816907","fromID":"1390943","toID":"1390964","formEdgeID":null},{"edgeID":"1816908","fromID":"1390964","toID":"1390958","formEdgeID":null},{"edgeID":"1816909","fromID":"1390963","toID":"1390965","formEdgeID":null},{"edgeID":"1816910","fromID":"1390965","toID":"1390964","formEdgeID":null}],"locutions":[]}