{"nodes":[{"nodeID":"1385381","text":"the barracks are an add-on to all the hotels they're already using to house asylum seekers","type":"I","timestamp":"2023-11-09 15:01:15"},{"nodeID":"1385382","text":"Emily Thornberry: It's an add-on to all the hotels they're already using","type":"L","timestamp":"2023-11-09 15:01:15"},{"nodeID":"1385383","text":"Analysing","type":"YA","timestamp":"2023-11-09 15:01:15"},{"nodeID":"1385384","text":"Lara: Emily Thornberry: It's an add-on to all the hotels they're already using","type":"L","timestamp":"2023-11-09 15:01:15"},{"nodeID":"1385385","text":"Asserting","type":"YA","timestamp":"2023-11-09 15:01:15"},{"nodeID":"1385386","text":"the answer to getting people out of hotels is to make the decisions faster","type":"I","timestamp":"2023-11-09 15:01:15"},{"nodeID":"1385387","text":"Emily Thornberry:  The answer to getting people out of hotels is to make the decisions faster","type":"L","timestamp":"2023-11-09 15:01:15"},{"nodeID":"1385388","text":"Analysing","type":"YA","timestamp":"2023-11-09 15:01:15"},{"nodeID":"1385389","text":"Lara: Emily Thornberry:  The answer to getting people out of hotels is to make the decisions faster","type":"L","timestamp":"2023-11-09 15:01:15"},{"nodeID":"1385390","text":"Asserting","type":"YA","timestamp":"2023-11-09 15:01:15"},{"nodeID":"1385391","text":"the answer is to work with the National Crime Agency and actually have some people focusing on the gangs","type":"I","timestamp":"2023-11-09 15:01:16"},{"nodeID":"1385392","text":"Emily Thornberry: is to work with the National Crime Agency and actually have some people focusing on the gangs","type":"L","timestamp":"2023-11-09 15:01:16"},{"nodeID":"1385393","text":"Analysing","type":"YA","timestamp":"2023-11-09 15:01:16"},{"nodeID":"1385394","text":"Lara: Emily Thornberry: is to work with the National Crime Agency and actually have some people focusing on the gangs","type":"L","timestamp":"2023-11-09 15:01:16"},{"nodeID":"1385395","text":"Asserting","type":"YA","timestamp":"2023-11-09 15:01:16"},{"nodeID":"1385396","text":"we need to make sure that we go for the gangs","type":"I","timestamp":"2023-11-09 15:01:17"},{"nodeID":"1385397","text":"Emily Thornberry: to make sure that we go for the gangs","type":"L","timestamp":"2023-11-09 15:01:17"},{"nodeID":"1385398","text":"Analysing","type":"YA","timestamp":"2023-11-09 15:01:17"},{"nodeID":"1385399","text":"Lara: Emily Thornberry: to make sure that we go for the gangs","type":"L","timestamp":"2023-11-09 15:01:17"},{"nodeID":"1385400","text":"Asserting","type":"YA","timestamp":"2023-11-09 15:01:17"},{"nodeID":"1385401","text":"what Emily Thornberry objects to with the use of barracks is that it's going to be used as an add-on to the hotels","type":"I","timestamp":"2023-11-09 15:01:17"},{"nodeID":"1385402","text":"Emily Thornberry: What I object to with the use of barracks is that it's going to be used as an add-on to the hotels","type":"L","timestamp":"2023-11-09 15:01:17"},{"nodeID":"1385403","text":"Analysing","type":"YA","timestamp":"2023-11-09 15:01:17"},{"nodeID":"1385404","text":"Lara: Emily Thornberry: What I object to with the use of barracks is that it's going to be used as an add-on to the hotels","type":"L","timestamp":"2023-11-09 15:01:17"},{"nodeID":"1385405","text":"Asserting","type":"YA","timestamp":"2023-11-09 15:01:17"},{"nodeID":"1385406","text":"using the barracks to house asylum seekers is not a solution to the hotels","type":"I","timestamp":"2023-11-09 15:01:18"},{"nodeID":"1385407","text":"Emily Thornberry: it's not a solution to the hotels","type":"L","timestamp":"2023-11-09 15:01:18"},{"nodeID":"1385408","text":"Analysing","type":"YA","timestamp":"2023-11-09 15:01:18"},{"nodeID":"1385409","text":"Lara: Emily Thornberry: it's not a solution to the hotels","type":"L","timestamp":"2023-11-09 15:01:18"},{"nodeID":"1385410","text":"Asserting","type":"YA","timestamp":"2023-11-09 15:01:18"},{"nodeID":"1385411","text":"Default Transition","type":"TA","timestamp":"2023-11-09 15:01:18"},{"nodeID":"1385412","text":"Default Transition","type":"TA","timestamp":"2023-11-09 15:01:18"},{"nodeID":"1385413","text":"Default Transition","type":"TA","timestamp":"2023-11-09 15:01:18"},{"nodeID":"1385414","text":"Default Inference","type":"RA","timestamp":"2023-11-09 15:01:18"},{"nodeID":"1385415","text":"Arguing","type":"YA","timestamp":"2023-11-09 15:01:18"},{"nodeID":"1385416","text":"Default Transition","type":"TA","timestamp":"2023-11-09 15:01:18"},{"nodeID":"1385417","text":"Default Inference","type":"RA","timestamp":"2023-11-09 15:01:18"},{"nodeID":"1385418","text":"Arguing","type":"YA","timestamp":"2023-11-09 15:01:18"},{"nodeID":"1385419","text":"Default Transition","type":"TA","timestamp":"2023-11-09 15:01:18"},{"nodeID":"1385420","text":"Default Rephrase","type":"MA","timestamp":"2023-11-09 15:01:18"},{"nodeID":"1385421","text":"Restating","type":"YA","timestamp":"2023-11-09 15:01:18"},{"nodeID":"1385422","text":"do Labour support or object to the idea of using barracks to house asylum seekers","type":"I","timestamp":"2023-11-09 15:01:19"},{"nodeID":"1385423","text":"Fiona Bruce: do Labour support or object to the idea of using barracks to house asylum seekers","type":"L","timestamp":"2023-11-09 15:01:19"},{"nodeID":"1385424","text":"Analysing","type":"YA","timestamp":"2023-11-09 15:01:19"},{"nodeID":"1385425","text":"Lara: Fiona Bruce: do Labour support or object to the idea of using barracks to house asylum seekers","type":"L","timestamp":"2023-11-09 15:01:19"},{"nodeID":"1385426","text":"Pure Questioning","type":"YA","timestamp":"2023-11-09 15:01:19"},{"nodeID":"1385427","text":"Default Transition","type":"TA","timestamp":"2023-11-09 15:01:19"}],"edges":[{"edgeID":"1810269","fromID":"1385383","toID":"1385382","formEdgeID":null},{"edgeID":"1810270","fromID":"1385384","toID":"1385383","formEdgeID":null},{"edgeID":"1810271","fromID":"1385382","toID":"1385385","formEdgeID":null},{"edgeID":"1810272","fromID":"1385385","toID":"1385381","formEdgeID":null},{"edgeID":"1810273","fromID":"1385388","toID":"1385387","formEdgeID":null},{"edgeID":"1810274","fromID":"1385389","toID":"1385388","formEdgeID":null},{"edgeID":"1810275","fromID":"1385387","toID":"1385390","formEdgeID":null},{"edgeID":"1810276","fromID":"1385390","toID":"1385386","formEdgeID":null},{"edgeID":"1810277","fromID":"1385393","toID":"1385392","formEdgeID":null},{"edgeID":"1810278","fromID":"1385394","toID":"1385393","formEdgeID":null},{"edgeID":"1810279","fromID":"1385392","toID":"1385395","formEdgeID":null},{"edgeID":"1810280","fromID":"1385395","toID":"1385391","formEdgeID":null},{"edgeID":"1810281","fromID":"1385398","toID":"1385397","formEdgeID":null},{"edgeID":"1810282","fromID":"1385399","toID":"1385398","formEdgeID":null},{"edgeID":"1810283","fromID":"1385397","toID":"1385400","formEdgeID":null},{"edgeID":"1810284","fromID":"1385400","toID":"1385396","formEdgeID":null},{"edgeID":"1810285","fromID":"1385403","toID":"1385402","formEdgeID":null},{"edgeID":"1810286","fromID":"1385404","toID":"1385403","formEdgeID":null},{"edgeID":"1810287","fromID":"1385402","toID":"1385405","formEdgeID":null},{"edgeID":"1810288","fromID":"1385405","toID":"1385401","formEdgeID":null},{"edgeID":"1810289","fromID":"1385408","toID":"1385407","formEdgeID":null},{"edgeID":"1810290","fromID":"1385409","toID":"1385408","formEdgeID":null},{"edgeID":"1810291","fromID":"1385407","toID":"1385410","formEdgeID":null},{"edgeID":"1810292","fromID":"1385410","toID":"1385406","formEdgeID":null},{"edgeID":"1810293","fromID":"1385382","toID":"1385411","formEdgeID":null},{"edgeID":"1810294","fromID":"1385411","toID":"1385387","formEdgeID":null},{"edgeID":"1810295","fromID":"1385387","toID":"1385412","formEdgeID":null},{"edgeID":"1810296","fromID":"1385412","toID":"1385392","formEdgeID":null},{"edgeID":"1810297","fromID":"1385392","toID":"1385413","formEdgeID":null},{"edgeID":"1810298","fromID":"1385413","toID":"1385397","formEdgeID":null},{"edgeID":"1810299","fromID":"1385396","toID":"1385414","formEdgeID":null},{"edgeID":"1810300","fromID":"1385414","toID":"1385391","formEdgeID":null},{"edgeID":"1810301","fromID":"1385413","toID":"1385415","formEdgeID":null},{"edgeID":"1810302","fromID":"1385415","toID":"1385414","formEdgeID":null},{"edgeID":"1810303","fromID":"1385402","toID":"1385416","formEdgeID":null},{"edgeID":"1810304","fromID":"1385416","toID":"1385407","formEdgeID":null},{"edgeID":"1810305","fromID":"1385401","toID":"1385417","formEdgeID":null},{"edgeID":"1810306","fromID":"1385417","toID":"1385406","formEdgeID":null},{"edgeID":"1810307","fromID":"1385416","toID":"1385418","formEdgeID":null},{"edgeID":"1810308","fromID":"1385418","toID":"1385417","formEdgeID":null},{"edgeID":"1810309","fromID":"1385382","toID":"1385419","formEdgeID":null},{"edgeID":"1810310","fromID":"1385419","toID":"1385402","formEdgeID":null},{"edgeID":"1810311","fromID":"1385401","toID":"1385420","formEdgeID":null},{"edgeID":"1810312","fromID":"1385420","toID":"1385381","formEdgeID":null},{"edgeID":"1810313","fromID":"1385419","toID":"1385421","formEdgeID":null},{"edgeID":"1810314","fromID":"1385421","toID":"1385420","formEdgeID":null},{"edgeID":"1810315","fromID":"1385424","toID":"1385423","formEdgeID":null},{"edgeID":"1810316","fromID":"1385425","toID":"1385424","formEdgeID":null},{"edgeID":"1810317","fromID":"1385423","toID":"1385426","formEdgeID":null},{"edgeID":"1810318","fromID":"1385426","toID":"1385422","formEdgeID":null},{"edgeID":"1810319","fromID":"1385397","toID":"1385427","formEdgeID":null},{"edgeID":"1810320","fromID":"1385427","toID":"1385423","formEdgeID":null}],"locutions":[]}