{"nodes":[{"nodeID":"1390301","text":"on wealth taxes, the returns to wealth in the last few years and the last few decades across the world have far outstripped the returns to labour","type":"I","timestamp":"2023-11-09 15:08:20"},{"nodeID":"1390302","text":"Danny Sriskandarajah: And on wealth taxes, the returns to wealth in the last few years and the last few decades across the world have far outstripped the returns to labour","type":"L","timestamp":"2023-11-09 15:08:20"},{"nodeID":"1390303","text":"Analysing","type":"YA","timestamp":"2023-11-09 15:08:20"},{"nodeID":"1390304","text":"Anna : Danny Sriskandarajah: And on wealth taxes, the returns to wealth in the last few years and the last few decades across the world have far outstripped the returns to labour","type":"L","timestamp":"2023-11-09 15:08:20"},{"nodeID":"1390305","text":"Asserting","type":"YA","timestamp":"2023-11-09 15:08:20"},{"nodeID":"1390306","text":"last year 1.7 billion workers in the world had their wages grow slower than prices","type":"I","timestamp":"2023-11-09 15:08:20"},{"nodeID":"1390307","text":"Danny Sriskandarajah:  Last year 1.7 billion workers in the world had their wages grow slower than prices","type":"L","timestamp":"2023-11-09 15:08:20"},{"nodeID":"1390308","text":"Analysing","type":"YA","timestamp":"2023-11-09 15:08:20"},{"nodeID":"1390309","text":"Anna : Danny Sriskandarajah:  Last year 1.7 billion workers in the world had their wages grow slower than prices","type":"L","timestamp":"2023-11-09 15:08:20"},{"nodeID":"1390310","text":"Asserting","type":"YA","timestamp":"2023-11-09 15:08:20"},{"nodeID":"1390311","text":"workers are worse off as a result of what's happening","type":"I","timestamp":"2023-11-09 15:08:21"},{"nodeID":"1390312","text":"Danny Sriskandarajah: Which meant that they're worse off as a result of what's happening","type":"L","timestamp":"2023-11-09 15:08:21"},{"nodeID":"1390313","text":"Analysing","type":"YA","timestamp":"2023-11-09 15:08:21"},{"nodeID":"1390314","text":"Anna : Danny Sriskandarajah: Which meant that they're worse off as a result of what's happening","type":"L","timestamp":"2023-11-09 15:08:21"},{"nodeID":"1390315","text":"Asserting","type":"YA","timestamp":"2023-11-09 15:08:21"},{"nodeID":"1390316","text":"workers being worse off is happening not because of some sort of global phenomenon","type":"I","timestamp":"2023-11-09 15:08:22"},{"nodeID":"1390317","text":"Danny Sriskandarajah: That's happening not because of some sort of global phenomenon","type":"L","timestamp":"2023-11-09 15:08:22"},{"nodeID":"1390318","text":"Analysing","type":"YA","timestamp":"2023-11-09 15:08:22"},{"nodeID":"1390319","text":"Anna : Danny Sriskandarajah: That's happening not because of some sort of global phenomenon","type":"L","timestamp":"2023-11-09 15:08:22"},{"nodeID":"1390320","text":"Asserting","type":"YA","timestamp":"2023-11-09 15:08:22"},{"nodeID":"1390321","text":"workers being worse off is happening because of deliberate policy choices","type":"I","timestamp":"2023-11-09 15:08:22"},{"nodeID":"1390322","text":"Danny Sriskandarajah:  it's happening because of deliberate policy choices","type":"L","timestamp":"2023-11-09 15:08:22"},{"nodeID":"1390323","text":"Analysing","type":"YA","timestamp":"2023-11-09 15:08:22"},{"nodeID":"1390324","text":"Anna : Danny Sriskandarajah:  it's happening because of deliberate policy choices","type":"L","timestamp":"2023-11-09 15:08:22"},{"nodeID":"1390325","text":"Asserting","type":"YA","timestamp":"2023-11-09 15:08:22"},{"nodeID":"1390326","text":"deliberate policy choices  not to protect those who are vulnerable are made","type":"I","timestamp":"2023-11-09 15:08:23"},{"nodeID":"1390327","text":"Danny Sriskandarajah: not to protect those who are vulnerable","type":"L","timestamp":"2023-11-09 15:08:23"},{"nodeID":"1390328","text":"Analysing","type":"YA","timestamp":"2023-11-09 15:08:23"},{"nodeID":"1390329","text":"Anna : Danny Sriskandarajah: not to protect those who are vulnerable","type":"L","timestamp":"2023-11-09 15:08:23"},{"nodeID":"1390330","text":"Asserting","type":"YA","timestamp":"2023-11-09 15:08:23"},{"nodeID":"1390331","text":"deliberate policy choices  not to raise the minimum wage are made","type":"I","timestamp":"2023-11-09 15:08:24"},{"nodeID":"1390332","text":"Danny Sriskandarajah: not to raise the minimum wage","type":"L","timestamp":"2023-11-09 15:08:24"},{"nodeID":"1390333","text":"Analysing","type":"YA","timestamp":"2023-11-09 15:08:24"},{"nodeID":"1390334","text":"Anna : Danny Sriskandarajah: not to raise the minimum wage","type":"L","timestamp":"2023-11-09 15:08:24"},{"nodeID":"1390335","text":"Asserting","type":"YA","timestamp":"2023-11-09 15:08:24"},{"nodeID":"1390336","text":"deliberate policy choices  not to tax the wealthy are made","type":"I","timestamp":"2023-11-09 15:08:24"},{"nodeID":"1390337","text":"Danny Sriskandarajah: not to tax the wealthy","type":"L","timestamp":"2023-11-09 15:08:24"},{"nodeID":"1390338","text":"Analysing","type":"YA","timestamp":"2023-11-09 15:08:24"},{"nodeID":"1390339","text":"Anna : Danny Sriskandarajah: not to tax the wealthy","type":"L","timestamp":"2023-11-09 15:08:24"},{"nodeID":"1390340","text":"Asserting","type":"YA","timestamp":"2023-11-09 15:08:24"},{"nodeID":"1390341","text":"surely the situation starts with community policing","type":"I","timestamp":"2023-11-09 15:08:25"},{"nodeID":"1390342","text":"AudienceMember 20230427QT27: Surely the situation starts with community policing","type":"L","timestamp":"2023-11-09 15:08:25"},{"nodeID":"1390343","text":"Analysing","type":"YA","timestamp":"2023-11-09 15:08:25"},{"nodeID":"1390344","text":"Anna : AudienceMember 20230427QT27: Surely the situation starts with community policing","type":"L","timestamp":"2023-11-09 15:08:25"},{"nodeID":"1390345","text":"Assertive Questioning","type":"YA","timestamp":"2023-11-09 15:08:25"},{"nodeID":"1390346","text":"there's no community policing at all these days","type":"I","timestamp":"2023-11-09 15:08:26"},{"nodeID":"1390347","text":"AudienceMember 20230427QT27: You had a police officer I think on your last show, was almost in tears, telling us there's no community policing at all these days","type":"L","timestamp":"2023-11-09 15:08:26"},{"nodeID":"1390348","text":"Analysing","type":"YA","timestamp":"2023-11-09 15:08:26"},{"nodeID":"1390349","text":"Anna : AudienceMember 20230427QT27: You had a police officer I think on your last show, was almost in tears, telling us there's no community policing at all these days","type":"L","timestamp":"2023-11-09 15:08:26"},{"nodeID":"1390350","text":"police officers are all being diverted into other crimes","type":"I","timestamp":"2023-11-09 15:08:26"},{"nodeID":"1390351","text":"AudienceMember 20230427QT27: They're all being diverted into other crimes","type":"L","timestamp":"2023-11-09 15:08:26"},{"nodeID":"1390352","text":"Analysing","type":"YA","timestamp":"2023-11-09 15:08:26"},{"nodeID":"1390353","text":"Anna : AudienceMember 20230427QT27: They're all being diverted into other crimes","type":"L","timestamp":"2023-11-09 15:08:26"},{"nodeID":"1390354","text":"Asserting","type":"YA","timestamp":"2023-11-09 15:08:26"},{"nodeID":"1390355","text":"Police Officer: there's no community policing at all these days","type":"L","timestamp":"2023-11-09 15:08:26"},{"nodeID":"1390356","text":"Analysing","type":"YA","timestamp":"2023-11-09 15:08:26"},{"nodeID":"1390357","text":"Anna : Police Officer: You had a police officer I think on your last show, was almost in tears, telling us there's no community policing at all these days","type":"L","timestamp":"2023-11-09 15:08:26"},{"nodeID":"1390358","text":"Asserting","type":"YA","timestamp":"2023-11-09 15:08:26"},{"nodeID":"1390359","text":"Asserting","type":"YA","timestamp":"2023-11-09 15:08:26"},{"nodeID":"1390360","text":"Default Inference","type":"RA","timestamp":"2023-11-09 15:08:26"},{"nodeID":"1390361","text":"Default Transition","type":"TA","timestamp":"2023-11-09 15:08:26"},{"nodeID":"1390362","text":"Arguing","type":"YA","timestamp":"2023-11-09 15:08:26"},{"nodeID":"1390363","text":"Default Transition","type":"TA","timestamp":"2023-11-09 15:08:26"},{"nodeID":"1390364","text":"Default Transition","type":"TA","timestamp":"2023-11-09 15:08:26"},{"nodeID":"1390365","text":"Default Rephrase","type":"MA","timestamp":"2023-11-09 15:08:26"},{"nodeID":"1390366","text":"Default Transition","type":"TA","timestamp":"2023-11-09 15:08:26"},{"nodeID":"1390367","text":"Restating","type":"YA","timestamp":"2023-11-09 15:08:26"},{"nodeID":"1390368","text":"Default Transition","type":"TA","timestamp":"2023-11-09 15:08:26"},{"nodeID":"1390369","text":"Default Inference","type":"RA","timestamp":"2023-11-09 15:08:26"},{"nodeID":"1390370","text":"Arguing","type":"YA","timestamp":"2023-11-09 15:08:26"},{"nodeID":"1390371","text":"Default Inference","type":"RA","timestamp":"2023-11-09 15:08:26"},{"nodeID":"1390372","text":"Default Transition","type":"TA","timestamp":"2023-11-09 15:08:26"},{"nodeID":"1390373","text":"Arguing","type":"YA","timestamp":"2023-11-09 15:08:26"},{"nodeID":"1390374","text":"Default Inference","type":"RA","timestamp":"2023-11-09 15:08:26"},{"nodeID":"1390375","text":"Default Transition","type":"TA","timestamp":"2023-11-09 15:08:26"},{"nodeID":"1390376","text":"Arguing","type":"YA","timestamp":"2023-11-09 15:08:26"},{"nodeID":"1390377","text":"Default Transition","type":"TA","timestamp":"2023-11-09 15:08:26"},{"nodeID":"1390378","text":"Default Inference","type":"RA","timestamp":"2023-11-09 15:08:26"},{"nodeID":"1390379","text":"Default Transition","type":"TA","timestamp":"2023-11-09 15:08:26"},{"nodeID":"1390380","text":"Arguing","type":"YA","timestamp":"2023-11-09 15:08:26"},{"nodeID":"1390381","text":"we've got more community police","type":"I","timestamp":"2023-11-09 15:08:27"},{"nodeID":"1390382","text":"AudienceMember 20230427QT27: and I just think if we've got more community police","type":"L","timestamp":"2023-11-09 15:08:27"},{"nodeID":"1390383","text":"Analysing","type":"YA","timestamp":"2023-11-09 15:08:27"},{"nodeID":"1390384","text":"Anna : AudienceMember 20230427QT27: and I just think if we've got more community police","type":"L","timestamp":"2023-11-09 15:08:27"},{"nodeID":"1390385","text":"Asserting","type":"YA","timestamp":"2023-11-09 15:08:27"},{"nodeID":"1390386","text":"we can start dealing with these issues","type":"I","timestamp":"2023-11-09 15:08:28"},{"nodeID":"1390387","text":"AudienceMember 20230427QT27: we can start dealing with these issues","type":"L","timestamp":"2023-11-09 15:08:28"},{"nodeID":"1390388","text":"Analysing","type":"YA","timestamp":"2023-11-09 15:08:28"},{"nodeID":"1390389","text":"Anna : AudienceMember 20230427QT27: we can start dealing with these issues","type":"L","timestamp":"2023-11-09 15:08:28"},{"nodeID":"1390390","text":"Asserting","type":"YA","timestamp":"2023-11-09 15:08:28"},{"nodeID":"1390391","text":"Default Inference","type":"RA","timestamp":"2023-11-09 15:08:28"},{"nodeID":"1390392","text":"Default Transition","type":"TA","timestamp":"2023-11-09 15:08:28"},{"nodeID":"1390393","text":"Default Transition","type":"TA","timestamp":"2023-11-09 15:08:28"},{"nodeID":"1390394","text":"Arguing","type":"YA","timestamp":"2023-11-09 15:08:28"},{"nodeID":"1390395","text":"Default Transition","type":"TA","timestamp":"2023-11-09 15:08:28"},{"nodeID":"1390396","text":"Default Rephrase","type":"MA","timestamp":"2023-11-09 15:08:28"},{"nodeID":"1390397","text":"Restating","type":"YA","timestamp":"2023-11-09 15:08:28"}],"edges":[{"edgeID":"1816128","fromID":"1390303","toID":"1390302","formEdgeID":null},{"edgeID":"1816129","fromID":"1390304","toID":"1390303","formEdgeID":null},{"edgeID":"1816130","fromID":"1390302","toID":"1390305","formEdgeID":null},{"edgeID":"1816131","fromID":"1390305","toID":"1390301","formEdgeID":null},{"edgeID":"1816132","fromID":"1390308","toID":"1390307","formEdgeID":null},{"edgeID":"1816133","fromID":"1390309","toID":"1390308","formEdgeID":null},{"edgeID":"1816134","fromID":"1390307","toID":"1390310","formEdgeID":null},{"edgeID":"1816135","fromID":"1390310","toID":"1390306","formEdgeID":null},{"edgeID":"1816136","fromID":"1390313","toID":"1390312","formEdgeID":null},{"edgeID":"1816137","fromID":"1390314","toID":"1390313","formEdgeID":null},{"edgeID":"1816138","fromID":"1390312","toID":"1390315","formEdgeID":null},{"edgeID":"1816139","fromID":"1390315","toID":"1390311","formEdgeID":null},{"edgeID":"1816140","fromID":"1390318","toID":"1390317","formEdgeID":null},{"edgeID":"1816141","fromID":"1390319","toID":"1390318","formEdgeID":null},{"edgeID":"1816142","fromID":"1390317","toID":"1390320","formEdgeID":null},{"edgeID":"1816143","fromID":"1390320","toID":"1390316","formEdgeID":null},{"edgeID":"1816144","fromID":"1390323","toID":"1390322","formEdgeID":null},{"edgeID":"1816145","fromID":"1390324","toID":"1390323","formEdgeID":null},{"edgeID":"1816146","fromID":"1390322","toID":"1390325","formEdgeID":null},{"edgeID":"1816147","fromID":"1390325","toID":"1390321","formEdgeID":null},{"edgeID":"1816148","fromID":"1390328","toID":"1390327","formEdgeID":null},{"edgeID":"1816149","fromID":"1390329","toID":"1390328","formEdgeID":null},{"edgeID":"1816150","fromID":"1390327","toID":"1390330","formEdgeID":null},{"edgeID":"1816151","fromID":"1390330","toID":"1390326","formEdgeID":null},{"edgeID":"1816152","fromID":"1390333","toID":"1390332","formEdgeID":null},{"edgeID":"1816153","fromID":"1390334","toID":"1390333","formEdgeID":null},{"edgeID":"1816154","fromID":"1390332","toID":"1390335","formEdgeID":null},{"edgeID":"1816155","fromID":"1390335","toID":"1390331","formEdgeID":null},{"edgeID":"1816156","fromID":"1390338","toID":"1390337","formEdgeID":null},{"edgeID":"1816157","fromID":"1390339","toID":"1390338","formEdgeID":null},{"edgeID":"1816158","fromID":"1390337","toID":"1390340","formEdgeID":null},{"edgeID":"1816159","fromID":"1390340","toID":"1390336","formEdgeID":null},{"edgeID":"1816160","fromID":"1390343","toID":"1390342","formEdgeID":null},{"edgeID":"1816161","fromID":"1390344","toID":"1390343","formEdgeID":null},{"edgeID":"1816162","fromID":"1390342","toID":"1390345","formEdgeID":null},{"edgeID":"1816163","fromID":"1390345","toID":"1390341","formEdgeID":null},{"edgeID":"1816164","fromID":"1390348","toID":"1390347","formEdgeID":null},{"edgeID":"1816165","fromID":"1390349","toID":"1390348","formEdgeID":null},{"edgeID":"1816166","fromID":"1390352","toID":"1390351","formEdgeID":null},{"edgeID":"1816167","fromID":"1390353","toID":"1390352","formEdgeID":null},{"edgeID":"1816168","fromID":"1390351","toID":"1390354","formEdgeID":null},{"edgeID":"1816169","fromID":"1390354","toID":"1390350","formEdgeID":null},{"edgeID":"1816170","fromID":"1390356","toID":"1390355","formEdgeID":null},{"edgeID":"1816171","fromID":"1390357","toID":"1390356","formEdgeID":null},{"edgeID":"1816172","fromID":"1390355","toID":"1390358","formEdgeID":null},{"edgeID":"1816173","fromID":"1390358","toID":"1390346","formEdgeID":null},{"edgeID":"1816174","fromID":"1390347","toID":"1390359","formEdgeID":null},{"edgeID":"1816175","fromID":"1390359","toID":"1390355","formEdgeID":null},{"edgeID":"1816176","fromID":"1390306","toID":"1390360","formEdgeID":null},{"edgeID":"1816177","fromID":"1390360","toID":"1390311","formEdgeID":null},{"edgeID":"1816178","fromID":"1390307","toID":"1390361","formEdgeID":null},{"edgeID":"1816179","fromID":"1390361","toID":"1390312","formEdgeID":null},{"edgeID":"1816180","fromID":"1390361","toID":"1390362","formEdgeID":null},{"edgeID":"1816181","fromID":"1390362","toID":"1390360","formEdgeID":null},{"edgeID":"1816182","fromID":"1390302","toID":"1390363","formEdgeID":null},{"edgeID":"1816183","fromID":"1390363","toID":"1390307","formEdgeID":null},{"edgeID":"1816184","fromID":"1390312","toID":"1390364","formEdgeID":null},{"edgeID":"1816185","fromID":"1390364","toID":"1390317","formEdgeID":null},{"edgeID":"1816186","fromID":"1390321","toID":"1390365","formEdgeID":null},{"edgeID":"1816187","fromID":"1390365","toID":"1390316","formEdgeID":null},{"edgeID":"1816188","fromID":"1390317","toID":"1390366","formEdgeID":null},{"edgeID":"1816189","fromID":"1390366","toID":"1390322","formEdgeID":null},{"edgeID":"1816190","fromID":"1390366","toID":"1390367","formEdgeID":null},{"edgeID":"1816191","fromID":"1390367","toID":"1390365","formEdgeID":null},{"edgeID":"1816192","fromID":"1390322","toID":"1390368","formEdgeID":null},{"edgeID":"1816193","fromID":"1390368","toID":"1390327","formEdgeID":null},{"edgeID":"1816194","fromID":"1390326","toID":"1390369","formEdgeID":null},{"edgeID":"1816195","fromID":"1390369","toID":"1390321","formEdgeID":null},{"edgeID":"1816196","fromID":"1390368","toID":"1390370","formEdgeID":null},{"edgeID":"1816197","fromID":"1390370","toID":"1390369","formEdgeID":null},{"edgeID":"1816198","fromID":"1390331","toID":"1390371","formEdgeID":null},{"edgeID":"1816199","fromID":"1390371","toID":"1390321","formEdgeID":null},{"edgeID":"1816200","fromID":"1390322","toID":"1390372","formEdgeID":null},{"edgeID":"1816201","fromID":"1390372","toID":"1390332","formEdgeID":null},{"edgeID":"1816202","fromID":"1390372","toID":"1390373","formEdgeID":null},{"edgeID":"1816203","fromID":"1390373","toID":"1390371","formEdgeID":null},{"edgeID":"1816204","fromID":"1390336","toID":"1390374","formEdgeID":null},{"edgeID":"1816205","fromID":"1390374","toID":"1390321","formEdgeID":null},{"edgeID":"1816206","fromID":"1390322","toID":"1390375","formEdgeID":null},{"edgeID":"1816207","fromID":"1390375","toID":"1390337","formEdgeID":null},{"edgeID":"1816208","fromID":"1390375","toID":"1390376","formEdgeID":null},{"edgeID":"1816209","fromID":"1390376","toID":"1390374","formEdgeID":null},{"edgeID":"1816210","fromID":"1390337","toID":"1390377","formEdgeID":null},{"edgeID":"1816211","fromID":"1390377","toID":"1390342","formEdgeID":null},{"edgeID":"1816212","fromID":"1390350","toID":"1390378","formEdgeID":null},{"edgeID":"1816213","fromID":"1390378","toID":"1390346","formEdgeID":null},{"edgeID":"1816214","fromID":"1390347","toID":"1390379","formEdgeID":null},{"edgeID":"1816215","fromID":"1390379","toID":"1390351","formEdgeID":null},{"edgeID":"1816216","fromID":"1390379","toID":"1390380","formEdgeID":null},{"edgeID":"1816217","fromID":"1390380","toID":"1390378","formEdgeID":null},{"edgeID":"1816218","fromID":"1390383","toID":"1390382","formEdgeID":null},{"edgeID":"1816219","fromID":"1390384","toID":"1390383","formEdgeID":null},{"edgeID":"1816220","fromID":"1390382","toID":"1390385","formEdgeID":null},{"edgeID":"1816221","fromID":"1390385","toID":"1390381","formEdgeID":null},{"edgeID":"1816222","fromID":"1390388","toID":"1390387","formEdgeID":null},{"edgeID":"1816223","fromID":"1390389","toID":"1390388","formEdgeID":null},{"edgeID":"1816224","fromID":"1390387","toID":"1390390","formEdgeID":null},{"edgeID":"1816225","fromID":"1390390","toID":"1390386","formEdgeID":null},{"edgeID":"1816226","fromID":"1390346","toID":"1390391","formEdgeID":null},{"edgeID":"1816227","fromID":"1390391","toID":"1390386","formEdgeID":null},{"edgeID":"1816228","fromID":"1390381","toID":"1390391","formEdgeID":null},{"edgeID":"1816229","fromID":"1390347","toID":"1390392","formEdgeID":null},{"edgeID":"1816230","fromID":"1390392","toID":"1390387","formEdgeID":null},{"edgeID":"1816231","fromID":"1390382","toID":"1390393","formEdgeID":null},{"edgeID":"1816232","fromID":"1390393","toID":"1390387","formEdgeID":null},{"edgeID":"1816233","fromID":"1390393","toID":"1390394","formEdgeID":null},{"edgeID":"1816234","fromID":"1390394","toID":"1390391","formEdgeID":null},{"edgeID":"1816235","fromID":"1390341","toID":"1390391","formEdgeID":null},{"edgeID":"1816236","fromID":"1390342","toID":"1390395","formEdgeID":null},{"edgeID":"1816237","fromID":"1390395","toID":"1390387","formEdgeID":null},{"edgeID":"1816238","fromID":"1390306","toID":"1390396","formEdgeID":null},{"edgeID":"1816239","fromID":"1390396","toID":"1390301","formEdgeID":null},{"edgeID":"1816240","fromID":"1390363","toID":"1390397","formEdgeID":null},{"edgeID":"1816241","fromID":"1390397","toID":"1390396","formEdgeID":null}],"locutions":[]}