{"nodes":[{"nodeID":"1388470","text":"we need regulation on the houses that are being built","type":"I","timestamp":"2023-11-09 15:05:43"},{"nodeID":"1388471","text":"AudienceMember 20230427QT21: I think we need regulation on the houses that are being built","type":"L","timestamp":"2023-11-09 15:05:43"},{"nodeID":"1388472","text":"Analysing","type":"YA","timestamp":"2023-11-09 15:05:43"},{"nodeID":"1388473","text":"Anna : AudienceMember 20230427QT21: I think we need regulation on the houses that are being built.","type":"L","timestamp":"2023-11-09 15:05:43"},{"nodeID":"1388474","text":"Asserting","type":"YA","timestamp":"2023-11-09 15:05:43"},{"nodeID":"1388475","text":"someone looking to buy a house would not want to buy a single bed, one bed flat","type":"I","timestamp":"2023-11-09 15:05:44"},{"nodeID":"1388476","text":"AudienceMember 20230427QT21: someone looking to buy a house, who wants to buy a single bed, one bed flat","type":"L","timestamp":"2023-11-09 15:05:44"},{"nodeID":"1388477","text":"Analysing","type":"YA","timestamp":"2023-11-09 15:05:44"},{"nodeID":"1388478","text":"Anna : AudienceMember 20230427QT21: someone looking to buy a house, who wants to buy a single bed, one bed flat?","type":"L","timestamp":"2023-11-09 15:05:44"},{"nodeID":"1388479","text":"Assertive Questioning","type":"YA","timestamp":"2023-11-09 15:05:44"},{"nodeID":"1388480","text":"that could still be going forwards","type":"I","timestamp":"2023-11-09 15:05:45"},{"nodeID":"1388481","text":"AudienceMember 20230427QT21: And that could still be going forwards","type":"L","timestamp":"2023-11-09 15:05:45"},{"nodeID":"1388482","text":"Analysing","type":"YA","timestamp":"2023-11-09 15:05:45"},{"nodeID":"1388483","text":"Anna : AudienceMember 20230427QT21: And that could still be going forwards","type":"L","timestamp":"2023-11-09 15:05:45"},{"nodeID":"1388484","text":"Asserting","type":"YA","timestamp":"2023-11-09 15:05:45"},{"nodeID":"1388485","text":"they're hitting their affordable housing targets","type":"I","timestamp":"2023-11-09 15:05:45"},{"nodeID":"1388486","text":"AudienceMember 20230427QT21: So, they're hitting their affordable housing targets","type":"L","timestamp":"2023-11-09 15:05:45"},{"nodeID":"1388487","text":"Analysing","type":"YA","timestamp":"2023-11-09 15:05:45"},{"nodeID":"1388488","text":"Anna : AudienceMember 20230427QT21: So, they're hitting their affordable housing targets","type":"L","timestamp":"2023-11-09 15:05:45"},{"nodeID":"1388489","text":"Asserting","type":"YA","timestamp":"2023-11-09 15:05:45"},{"nodeID":"1388490","text":"nobody wants those one-bedroom flats","type":"I","timestamp":"2023-11-09 15:05:46"},{"nodeID":"1388491","text":"AudienceMember 20230427QT21: but I don't know who wants those","type":"L","timestamp":"2023-11-09 15:05:46"},{"nodeID":"1388492","text":"Analysing","type":"YA","timestamp":"2023-11-09 15:05:46"},{"nodeID":"1388493","text":"Anna : AudienceMember 20230427QT21: but I don't know who wants those?","type":"L","timestamp":"2023-11-09 15:05:46"},{"nodeID":"1388494","text":"Assertive Questioning","type":"YA","timestamp":"2023-11-09 15:05:46"},{"nodeID":"1388495","text":"there are a lot of houses like Redcroft Court","type":"I","timestamp":"2023-11-09 15:05:47"},{"nodeID":"1388496","text":"AudienceMember 20230427QT21: There are a lot of houses, like Redcroft Court","type":"L","timestamp":"2023-11-09 15:05:47"},{"nodeID":"1388497","text":"Analysing","type":"YA","timestamp":"2023-11-09 15:05:47"},{"nodeID":"1388498","text":"Anna : AudienceMember 20230427QT21: There are a lot of houses, like Redcroft[00:37:45] Court","type":"L","timestamp":"2023-11-09 15:05:47"},{"nodeID":"1388499","text":"Asserting","type":"YA","timestamp":"2023-11-09 15:05:47"},{"nodeID":"1388500","text":"in Redcroft Court, they're looking to build 850 new homes, and 100 of them are single bed, one bed flats","type":"I","timestamp":"2023-11-09 15:05:47"},{"nodeID":"1388501","text":"AudienceMember 20230427QT21: they're looking to build 850 new homes, and 100 of them are single bed, one bed flats","type":"L","timestamp":"2023-11-09 15:05:47"},{"nodeID":"1388502","text":"Analysing","type":"YA","timestamp":"2023-11-09 15:05:47"},{"nodeID":"1388503","text":"Anna : AudienceMember 20230427QT21: they're looking to build 850 new homes, and 100 of them are single bed, one bed flats","type":"L","timestamp":"2023-11-09 15:05:47"},{"nodeID":"1388504","text":"Asserting","type":"YA","timestamp":"2023-11-09 15:05:47"},{"nodeID":"1388505","text":"a one-bedroom flat would or would not be interesting to Melissa","type":"I","timestamp":"2023-11-09 15:05:48"},{"nodeID":"1388506","text":"Fiona Bruce: would that be interesting to you, Melissa","type":"L","timestamp":"2023-11-09 15:05:48"},{"nodeID":"1388507","text":"Analysing","type":"YA","timestamp":"2023-11-09 15:05:48"},{"nodeID":"1388508","text":"Anna : Fiona Bruce: would that be interesting to you, Melissa?","type":"L","timestamp":"2023-11-09 15:05:48"},{"nodeID":"1388509","text":"Pure Questioning","type":"YA","timestamp":"2023-11-09 15:05:48"},{"nodeID":"1388510","text":"at least Melissa would own a flat instead of renting it","type":"I","timestamp":"2023-11-09 15:05:49"},{"nodeID":"1388511","text":"Fiona Bruce: At least you'd own it instead of renting it","type":"L","timestamp":"2023-11-09 15:05:49"},{"nodeID":"1388512","text":"Analysing","type":"YA","timestamp":"2023-11-09 15:05:49"},{"nodeID":"1388513","text":"Anna : Fiona Bruce: At least you'd own it instead of renting it","type":"L","timestamp":"2023-11-09 15:05:49"},{"nodeID":"1388514","text":"Asserting","type":"YA","timestamp":"2023-11-09 15:05:49"},{"nodeID":"1388515","text":"Melissa would or would not consider buying a one-bedroom flat","type":"I","timestamp":"2023-11-09 15:05:49"},{"nodeID":"1388516","text":"Fiona Bruce: Would you consider buying something like that","type":"L","timestamp":"2023-11-09 15:05:49"},{"nodeID":"1388517","text":"Analysing","type":"YA","timestamp":"2023-11-09 15:05:49"},{"nodeID":"1388518","text":"Anna : Fiona Bruce: Would you consider buying something like that?","type":"L","timestamp":"2023-11-09 15:05:49"},{"nodeID":"1388519","text":"Pure Questioning","type":"YA","timestamp":"2023-11-09 15:05:49"},{"nodeID":"1388520","text":"Melissa is not sure it would be what she was hoping to buy","type":"I","timestamp":"2023-11-09 15:05:50"},{"nodeID":"1388521","text":"AudienceMember 20230427QT22: I'm not sure it would be what I was hoping to buy","type":"L","timestamp":"2023-11-09 15:05:50"},{"nodeID":"1388522","text":"Analysing","type":"YA","timestamp":"2023-11-09 15:05:50"},{"nodeID":"1388523","text":"Anna : AudienceMember 20230427QT22: I'm not sure it would be what I was hoping to buy","type":"L","timestamp":"2023-11-09 15:05:50"},{"nodeID":"1388524","text":"Asserting","type":"YA","timestamp":"2023-11-09 15:05:50"},{"nodeID":"1388525","text":"Fiona Bruce: Right, there you go","type":"L","timestamp":"2023-11-09 15:05:50"},{"nodeID":"1388526","text":"Analysing","type":"YA","timestamp":"2023-11-09 15:05:50"},{"nodeID":"1388527","text":"Anna : Fiona Bruce: Right, there you go","type":"L","timestamp":"2023-11-09 15:05:50"},{"nodeID":"1388528","text":"a one-bedroom flat it wouldn't appeal to someone like Melissa","type":"I","timestamp":"2023-11-09 15:05:51"},{"nodeID":"1388529","text":"Fiona Bruce: So no, it wouldn't appeal to someone like you","type":"L","timestamp":"2023-11-09 15:05:51"},{"nodeID":"1388530","text":"Analysing","type":"YA","timestamp":"2023-11-09 15:05:51"},{"nodeID":"1388531","text":"Anna : Fiona Bruce: So no, it wouldn't appeal to someone like you","type":"L","timestamp":"2023-11-09 15:05:51"},{"nodeID":"1388532","text":"Asserting","type":"YA","timestamp":"2023-11-09 15:05:51"},{"nodeID":"1388533","text":"Default Inference","type":"RA","timestamp":"2023-11-09 15:05:51"},{"nodeID":"1388534","text":"Default Transition","type":"TA","timestamp":"2023-11-09 15:05:51"},{"nodeID":"1388535","text":"Arguing","type":"YA","timestamp":"2023-11-09 15:05:51"},{"nodeID":"1388536","text":"Default Transition","type":"TA","timestamp":"2023-11-09 15:05:51"},{"nodeID":"1388537","text":"Default Rephrase","type":"MA","timestamp":"2023-11-09 15:05:51"},{"nodeID":"1388538","text":"Restating","type":"YA","timestamp":"2023-11-09 15:05:51"},{"nodeID":"1388539","text":"Default Transition","type":"TA","timestamp":"2023-11-09 15:05:51"},{"nodeID":"1388540","text":"Default Transition","type":"TA","timestamp":"2023-11-09 15:05:51"},{"nodeID":"1388541","text":"Default Inference","type":"RA","timestamp":"2023-11-09 15:05:51"},{"nodeID":"1388542","text":"Default Transition","type":"TA","timestamp":"2023-11-09 15:05:51"},{"nodeID":"1388543","text":"Arguing","type":"YA","timestamp":"2023-11-09 15:05:51"},{"nodeID":"1388544","text":"Default Rephrase","type":"MA","timestamp":"2023-11-09 15:05:51"},{"nodeID":"1388545","text":"Default Transition","type":"TA","timestamp":"2023-11-09 15:05:51"},{"nodeID":"1388546","text":"Restating","type":"YA","timestamp":"2023-11-09 15:05:51"},{"nodeID":"1388547","text":"Default Transition","type":"TA","timestamp":"2023-11-09 15:05:51"},{"nodeID":"1388548","text":"Default Rephrase","type":"MA","timestamp":"2023-11-09 15:05:51"},{"nodeID":"1388549","text":"Default Transition","type":"TA","timestamp":"2023-11-09 15:05:51"},{"nodeID":"1388550","text":"Restating","type":"YA","timestamp":"2023-11-09 15:05:51"},{"nodeID":"1388551","text":"Default Transition","type":"TA","timestamp":"2023-11-09 15:05:51"},{"nodeID":"1388552","text":"Default Rephrase","type":"MA","timestamp":"2023-11-09 15:05:51"},{"nodeID":"1388553","text":"Restating","type":"YA","timestamp":"2023-11-09 15:05:51"},{"nodeID":"1388554","text":"Default Transition","type":"TA","timestamp":"2023-11-09 15:05:51"},{"nodeID":"1388555","text":"Default Rephrase","type":"MA","timestamp":"2023-11-09 15:05:51"},{"nodeID":"1388556","text":"Default Illocuting","type":"YA","timestamp":"2023-11-09 15:05:51"},{"nodeID":"1388557","text":"Default Transition","type":"TA","timestamp":"2023-11-09 15:05:51"},{"nodeID":"1388558","text":"Default Rephrase","type":"MA","timestamp":"2023-11-09 15:05:51"},{"nodeID":"1388559","text":"Default Illocuting","type":"YA","timestamp":"2023-11-09 15:05:51"},{"nodeID":"1388560","text":"Default Transition","type":"TA","timestamp":"2023-11-09 15:05:51"},{"nodeID":"1388561","text":"Agreeing","type":"YA","timestamp":"2023-11-09 15:05:51"}],"edges":[{"edgeID":"1813929","fromID":"1388472","toID":"1388471","formEdgeID":null},{"edgeID":"1813930","fromID":"1388473","toID":"1388472","formEdgeID":null},{"edgeID":"1813931","fromID":"1388471","toID":"1388474","formEdgeID":null},{"edgeID":"1813932","fromID":"1388474","toID":"1388470","formEdgeID":null},{"edgeID":"1813933","fromID":"1388477","toID":"1388476","formEdgeID":null},{"edgeID":"1813934","fromID":"1388478","toID":"1388477","formEdgeID":null},{"edgeID":"1813935","fromID":"1388476","toID":"1388479","formEdgeID":null},{"edgeID":"1813936","fromID":"1388479","toID":"1388475","formEdgeID":null},{"edgeID":"1813937","fromID":"1388482","toID":"1388481","formEdgeID":null},{"edgeID":"1813938","fromID":"1388483","toID":"1388482","formEdgeID":null},{"edgeID":"1813939","fromID":"1388481","toID":"1388484","formEdgeID":null},{"edgeID":"1813940","fromID":"1388484","toID":"1388480","formEdgeID":null},{"edgeID":"1813941","fromID":"1388487","toID":"1388486","formEdgeID":null},{"edgeID":"1813942","fromID":"1388488","toID":"1388487","formEdgeID":null},{"edgeID":"1813943","fromID":"1388486","toID":"1388489","formEdgeID":null},{"edgeID":"1813944","fromID":"1388489","toID":"1388485","formEdgeID":null},{"edgeID":"1813945","fromID":"1388492","toID":"1388491","formEdgeID":null},{"edgeID":"1813946","fromID":"1388493","toID":"1388492","formEdgeID":null},{"edgeID":"1813947","fromID":"1388491","toID":"1388494","formEdgeID":null},{"edgeID":"1813948","fromID":"1388494","toID":"1388490","formEdgeID":null},{"edgeID":"1813949","fromID":"1388497","toID":"1388496","formEdgeID":null},{"edgeID":"1813950","fromID":"1388498","toID":"1388497","formEdgeID":null},{"edgeID":"1813951","fromID":"1388496","toID":"1388499","formEdgeID":null},{"edgeID":"1813952","fromID":"1388499","toID":"1388495","formEdgeID":null},{"edgeID":"1813953","fromID":"1388502","toID":"1388501","formEdgeID":null},{"edgeID":"1813954","fromID":"1388503","toID":"1388502","formEdgeID":null},{"edgeID":"1813955","fromID":"1388501","toID":"1388504","formEdgeID":null},{"edgeID":"1813956","fromID":"1388504","toID":"1388500","formEdgeID":null},{"edgeID":"1813957","fromID":"1388507","toID":"1388506","formEdgeID":null},{"edgeID":"1813958","fromID":"1388508","toID":"1388507","formEdgeID":null},{"edgeID":"1813959","fromID":"1388506","toID":"1388509","formEdgeID":null},{"edgeID":"1813960","fromID":"1388509","toID":"1388505","formEdgeID":null},{"edgeID":"1813961","fromID":"1388512","toID":"1388511","formEdgeID":null},{"edgeID":"1813962","fromID":"1388513","toID":"1388512","formEdgeID":null},{"edgeID":"1813963","fromID":"1388511","toID":"1388514","formEdgeID":null},{"edgeID":"1813964","fromID":"1388514","toID":"1388510","formEdgeID":null},{"edgeID":"1813965","fromID":"1388517","toID":"1388516","formEdgeID":null},{"edgeID":"1813966","fromID":"1388518","toID":"1388517","formEdgeID":null},{"edgeID":"1813967","fromID":"1388516","toID":"1388519","formEdgeID":null},{"edgeID":"1813968","fromID":"1388519","toID":"1388515","formEdgeID":null},{"edgeID":"1813969","fromID":"1388522","toID":"1388521","formEdgeID":null},{"edgeID":"1813970","fromID":"1388523","toID":"1388522","formEdgeID":null},{"edgeID":"1813971","fromID":"1388521","toID":"1388524","formEdgeID":null},{"edgeID":"1813972","fromID":"1388524","toID":"1388520","formEdgeID":null},{"edgeID":"1813973","fromID":"1388526","toID":"1388525","formEdgeID":null},{"edgeID":"1813974","fromID":"1388527","toID":"1388526","formEdgeID":null},{"edgeID":"1813975","fromID":"1388530","toID":"1388529","formEdgeID":null},{"edgeID":"1813976","fromID":"1388531","toID":"1388530","formEdgeID":null},{"edgeID":"1813977","fromID":"1388529","toID":"1388532","formEdgeID":null},{"edgeID":"1813978","fromID":"1388532","toID":"1388528","formEdgeID":null},{"edgeID":"1813979","fromID":"1388495","toID":"1388533","formEdgeID":null},{"edgeID":"1813980","fromID":"1388533","toID":"1388470","formEdgeID":null},{"edgeID":"1813981","fromID":"1388471","toID":"1388534","formEdgeID":null},{"edgeID":"1813982","fromID":"1388534","toID":"1388496","formEdgeID":null},{"edgeID":"1813983","fromID":"1388534","toID":"1388535","formEdgeID":null},{"edgeID":"1813984","fromID":"1388535","toID":"1388533","formEdgeID":null},{"edgeID":"1813985","fromID":"1388496","toID":"1388536","formEdgeID":null},{"edgeID":"1813986","fromID":"1388536","toID":"1388501","formEdgeID":null},{"edgeID":"1813987","fromID":"1388500","toID":"1388537","formEdgeID":null},{"edgeID":"1813988","fromID":"1388537","toID":"1388495","formEdgeID":null},{"edgeID":"1813989","fromID":"1388536","toID":"1388538","formEdgeID":null},{"edgeID":"1813990","fromID":"1388538","toID":"1388537","formEdgeID":null},{"edgeID":"1813991","fromID":"1388501","toID":"1388539","formEdgeID":null},{"edgeID":"1813992","fromID":"1388539","toID":"1388476","formEdgeID":null},{"edgeID":"1813993","fromID":"1388476","toID":"1388540","formEdgeID":null},{"edgeID":"1813994","fromID":"1388540","toID":"1388481","formEdgeID":null},{"edgeID":"1813995","fromID":"1388500","toID":"1388541","formEdgeID":null},{"edgeID":"1813996","fromID":"1388541","toID":"1388485","formEdgeID":null},{"edgeID":"1813997","fromID":"1388501","toID":"1388542","formEdgeID":null},{"edgeID":"1813998","fromID":"1388542","toID":"1388486","formEdgeID":null},{"edgeID":"1813999","fromID":"1388542","toID":"1388543","formEdgeID":null},{"edgeID":"1814000","fromID":"1388543","toID":"1388541","formEdgeID":null},{"edgeID":"1814001","fromID":"1388490","toID":"1388544","formEdgeID":null},{"edgeID":"1814002","fromID":"1388544","toID":"1388475","formEdgeID":null},{"edgeID":"1814003","fromID":"1388476","toID":"1388545","formEdgeID":null},{"edgeID":"1814004","fromID":"1388545","toID":"1388491","formEdgeID":null},{"edgeID":"1814005","fromID":"1388545","toID":"1388546","formEdgeID":null},{"edgeID":"1814006","fromID":"1388546","toID":"1388544","formEdgeID":null},{"edgeID":"1814007","fromID":"1388491","toID":"1388547","formEdgeID":null},{"edgeID":"1814008","fromID":"1388547","toID":"1388506","formEdgeID":null},{"edgeID":"1814009","fromID":"1388510","toID":"1388548","formEdgeID":null},{"edgeID":"1814010","fromID":"1388548","toID":"1388505","formEdgeID":null},{"edgeID":"1814011","fromID":"1388506","toID":"1388549","formEdgeID":null},{"edgeID":"1814012","fromID":"1388549","toID":"1388511","formEdgeID":null},{"edgeID":"1814013","fromID":"1388549","toID":"1388550","formEdgeID":null},{"edgeID":"1814014","fromID":"1388550","toID":"1388548","formEdgeID":null},{"edgeID":"1814015","fromID":"1388506","toID":"1388551","formEdgeID":null},{"edgeID":"1814016","fromID":"1388551","toID":"1388516","formEdgeID":null},{"edgeID":"1814017","fromID":"1388515","toID":"1388552","formEdgeID":null},{"edgeID":"1814018","fromID":"1388552","toID":"1388505","formEdgeID":null},{"edgeID":"1814019","fromID":"1388551","toID":"1388553","formEdgeID":null},{"edgeID":"1814020","fromID":"1388553","toID":"1388552","formEdgeID":null},{"edgeID":"1814021","fromID":"1388516","toID":"1388554","formEdgeID":null},{"edgeID":"1814022","fromID":"1388554","toID":"1388521","formEdgeID":null},{"edgeID":"1814023","fromID":"1388520","toID":"1388555","formEdgeID":null},{"edgeID":"1814024","fromID":"1388555","toID":"1388515","formEdgeID":null},{"edgeID":"1814025","fromID":"1388554","toID":"1388556","formEdgeID":null},{"edgeID":"1814026","fromID":"1388556","toID":"1388555","formEdgeID":null},{"edgeID":"1814027","fromID":"1388506","toID":"1388557","formEdgeID":null},{"edgeID":"1814028","fromID":"1388557","toID":"1388529","formEdgeID":null},{"edgeID":"1814029","fromID":"1388528","toID":"1388558","formEdgeID":null},{"edgeID":"1814030","fromID":"1388558","toID":"1388505","formEdgeID":null},{"edgeID":"1814031","fromID":"1388557","toID":"1388559","formEdgeID":null},{"edgeID":"1814032","fromID":"1388559","toID":"1388558","formEdgeID":null},{"edgeID":"1814033","fromID":"1388521","toID":"1388560","formEdgeID":null},{"edgeID":"1814034","fromID":"1388560","toID":"1388525","formEdgeID":null},{"edgeID":"1814035","fromID":"1388560","toID":"1388561","formEdgeID":null},{"edgeID":"1814036","fromID":"1388561","toID":"1388490","formEdgeID":null}],"locutions":[]}