{"nodes":[{"nodeID":"1390626","text":"the Tories have done nothing for green energy in 13 years","type":"I","timestamp":"2023-11-09 15:08:49"},{"nodeID":"1390627","text":"AudienceMember 20230427QT29: You've done nothing for green energy in 13 years","type":"L","timestamp":"2023-11-09 15:08:49"},{"nodeID":"1390628","text":"Analysing","type":"YA","timestamp":"2023-11-09 15:08:49"},{"nodeID":"1390629","text":"Anon: AudienceMember 20230427QT29: You've done nothing for green energy in 13 years","type":"L","timestamp":"2023-11-09 15:08:49"},{"nodeID":"1390630","text":"Asserting","type":"YA","timestamp":"2023-11-09 15:08:49"},{"nodeID":"1390631","text":"AudienceMember 20230427QT29: nothing","type":"L","timestamp":"2023-11-09 15:08:49"},{"nodeID":"1390632","text":"Analysing","type":"YA","timestamp":"2023-11-09 15:08:49"},{"nodeID":"1390633","text":"Anon: AudienceMember 20230427QT29: nothing","type":"L","timestamp":"2023-11-09 15:08:49"},{"nodeID":"1390634","text":"Default Transition","type":"TA","timestamp":"2023-11-09 15:08:49"},{"nodeID":"1390635","text":"Asserting","type":"YA","timestamp":"2023-11-09 15:08:49"},{"nodeID":"1390636","text":"AudienceMember 20230427QT29: Absolutely nothing","type":"L","timestamp":"2023-11-09 15:08:49"},{"nodeID":"1390637","text":"Analysing","type":"YA","timestamp":"2023-11-09 15:08:49"},{"nodeID":"1390638","text":"Anon: AudienceMember 20230427QT29: Absolutely nothing","type":"L","timestamp":"2023-11-09 15:08:49"},{"nodeID":"1390639","text":"Default Transition","type":"TA","timestamp":"2023-11-09 15:08:49"},{"nodeID":"1390640","text":"Asserting","type":"YA","timestamp":"2023-11-09 15:08:49"},{"nodeID":"1390641","text":"we're talking about young people and supporting them","type":"I","timestamp":"2023-11-09 15:08:49"},{"nodeID":"1390642","text":"AudienceMember 20230427QT29: we're talking about young people and supporting them","type":"L","timestamp":"2023-11-09 15:08:49"},{"nodeID":"1390643","text":"Analysing","type":"YA","timestamp":"2023-11-09 15:08:49"},{"nodeID":"1390644","text":"Anon: AudienceMember 20230427QT29: we're talking about young people and supporting them","type":"L","timestamp":"2023-11-09 15:08:49"},{"nodeID":"1390645","text":"Asserting","type":"YA","timestamp":"2023-11-09 15:08:49"},{"nodeID":"1390646","text":"little has been put in place for young people","type":"I","timestamp":"2023-11-09 15:08:50"},{"nodeID":"1390647","text":"AudienceMember 20230427QT29: what has been put in place for young people","type":"L","timestamp":"2023-11-09 15:08:50"},{"nodeID":"1390648","text":"Analysing","type":"YA","timestamp":"2023-11-09 15:08:50"},{"nodeID":"1390649","text":"Anon: AudienceMember 20230427QT29: what has been put in place for young people","type":"L","timestamp":"2023-11-09 15:08:50"},{"nodeID":"1390650","text":"Rhetorical Questioning","type":"YA","timestamp":"2023-11-09 15:08:50"},{"nodeID":"1390651","text":"Default Transition","type":"TA","timestamp":"2023-11-09 15:08:50"},{"nodeID":"1390652","text":"Default Conflict","type":"CA","timestamp":"2023-11-09 15:08:50"},{"nodeID":"1390653","text":"Default Transition","type":"TA","timestamp":"2023-11-09 15:08:50"},{"nodeID":"1390654","text":"Disagreeing","type":"YA","timestamp":"2023-11-09 15:08:50"},{"nodeID":"1390655","text":"a tutoring programme put in place for young people","type":"I","timestamp":"2023-11-09 15:08:51"},{"nodeID":"1390656","text":"AudienceMember 20230427QT29: A tutoring programme","type":"L","timestamp":"2023-11-09 15:08:51"},{"nodeID":"1390657","text":"Analysing","type":"YA","timestamp":"2023-11-09 15:08:51"},{"nodeID":"1390658","text":"Anon: AudienceMember 20230427QT29: A tutoring programme","type":"L","timestamp":"2023-11-09 15:08:51"},{"nodeID":"1390659","text":"Asserting","type":"YA","timestamp":"2023-11-09 15:08:51"},{"nodeID":"1390660","text":"Default Transition","type":"TA","timestamp":"2023-11-09 15:08:51"},{"nodeID":"1390661","text":"only a tutoring programme has been put in place for young people","type":"I","timestamp":"2023-11-09 15:08:51"},{"nodeID":"1390662","text":"AudienceMember 20230427QT30: that's it","type":"L","timestamp":"2023-11-09 15:08:51"},{"nodeID":"1390663","text":"Analysing","type":"YA","timestamp":"2023-11-09 15:08:51"},{"nodeID":"1390664","text":"Anon: AudienceMember 20230427QT30: that's it","type":"L","timestamp":"2023-11-09 15:08:51"},{"nodeID":"1390665","text":"Asserting","type":"YA","timestamp":"2023-11-09 15:08:51"},{"nodeID":"1390666","text":"Default Inference","type":"RA","timestamp":"2023-11-09 15:08:51"},{"nodeID":"1390667","text":"Default Transition","type":"TA","timestamp":"2023-11-09 15:08:51"},{"nodeID":"1390668","text":"Arguing","type":"YA","timestamp":"2023-11-09 15:08:51"},{"nodeID":"1390669","text":"AudienceMember 20230427QT31: It is woeful","type":"L","timestamp":"2023-11-09 15:08:51"},{"nodeID":"1390670","text":"Analysing","type":"YA","timestamp":"2023-11-09 15:08:51"},{"nodeID":"1390671","text":"Anon: AudienceMember 20230427QT31: It is woeful","type":"L","timestamp":"2023-11-09 15:08:51"},{"nodeID":"1390672","text":"putting only a tutoring programme in place for young people is woeful","type":"I","timestamp":"2023-11-09 15:08:52"},{"nodeID":"1390673","text":"AudienceMember 20230427QT30: It's woeful","type":"L","timestamp":"2023-11-09 15:08:52"},{"nodeID":"1390674","text":"Analysing","type":"YA","timestamp":"2023-11-09 15:08:52"},{"nodeID":"1390675","text":"Anon: AudienceMember 20230427QT30: It's woeful","type":"L","timestamp":"2023-11-09 15:08:52"},{"nodeID":"1390676","text":"Asserting","type":"YA","timestamp":"2023-11-09 15:08:52"},{"nodeID":"1390677","text":"Default Rephrase","type":"MA","timestamp":"2023-11-09 15:08:52"},{"nodeID":"1390678","text":"Default Transition","type":"TA","timestamp":"2023-11-09 15:08:52"},{"nodeID":"1390679","text":"Restating","type":"YA","timestamp":"2023-11-09 15:08:52"},{"nodeID":"1390680","text":"Default Transition","type":"TA","timestamp":"2023-11-09 15:08:52"},{"nodeID":"1390681","text":"Asserting","type":"YA","timestamp":"2023-11-09 15:08:52"},{"nodeID":"1390682","text":"xxx is what action Andrew Murrison will take","type":"I","timestamp":"2023-11-09 15:08:53"},{"nodeID":"1390683","text":"Fiona Bruce: what action will you take","type":"L","timestamp":"2023-11-09 15:08:53"},{"nodeID":"1390684","text":"Analysing","type":"YA","timestamp":"2023-11-09 15:08:53"},{"nodeID":"1390685","text":"Anon: Fiona Bruce: what action will you take","type":"L","timestamp":"2023-11-09 15:08:53"},{"nodeID":"1390686","text":"Pure Questioning","type":"YA","timestamp":"2023-11-09 15:08:53"},{"nodeID":"1390687","text":"AudienceMember 20230427QT29 is suggesting not cutting services might be part of the action Andrew Murrison can take","type":"I","timestamp":"2023-11-09 15:08:53"},{"nodeID":"1390688","text":"Fiona Bruce: they're suggesting not cutting services might be part of the action you can take","type":"L","timestamp":"2023-11-09 15:08:53"},{"nodeID":"1390689","text":"Analysing","type":"YA","timestamp":"2023-11-09 15:08:53"},{"nodeID":"1390690","text":"Anon: Fiona Bruce: they're suggesting not cutting services might be part of the action you can take","type":"L","timestamp":"2023-11-09 15:08:53"},{"nodeID":"1390691","text":"Asserting","type":"YA","timestamp":"2023-11-09 15:08:53"},{"nodeID":"1390692","text":"Default Transition","type":"TA","timestamp":"2023-11-09 15:08:53"},{"nodeID":"1390693","text":"knife crime and antisocial behaviour is all crime","type":"I","timestamp":"2023-11-09 15:08:54"},{"nodeID":"1390694","text":"Andrew Murrison: knife crime and antisocial behaviour, because they're part of the same spectrum, it's all crime","type":"L","timestamp":"2023-11-09 15:08:54"},{"nodeID":"1390695","text":"Analysing","type":"YA","timestamp":"2023-11-09 15:08:54"},{"nodeID":"1390696","text":"Anon: Andrew Murrison: knife crime and antisocial behaviour, because they're part of the same spectrum, it's all crime","type":"L","timestamp":"2023-11-09 15:08:54"},{"nodeID":"1390697","text":"Asserting","type":"YA","timestamp":"2023-11-09 15:08:54"},{"nodeID":"1390698","text":"Default Transition","type":"TA","timestamp":"2023-11-09 15:08:54"},{"nodeID":"1390699","text":"knife crime and antisocial behaviour are part of the same spectrum","type":"I","timestamp":"2023-11-09 15:08:55"},{"nodeID":"1390700","text":"Andrew Murrison: they're part of the same spectrum","type":"L","timestamp":"2023-11-09 15:08:55"},{"nodeID":"1390701","text":"Analysing","type":"YA","timestamp":"2023-11-09 15:08:55"},{"nodeID":"1390702","text":"Anon: Andrew Murrison: they're part of the same spectrum","type":"L","timestamp":"2023-11-09 15:08:55"},{"nodeID":"1390703","text":"Asserting","type":"YA","timestamp":"2023-11-09 15:08:55"},{"nodeID":"1390704","text":"Default Inference","type":"RA","timestamp":"2023-11-09 15:08:55"},{"nodeID":"1390705","text":"Default Transition","type":"TA","timestamp":"2023-11-09 15:08:55"},{"nodeID":"1390706","text":"Arguing","type":"YA","timestamp":"2023-11-09 15:08:55"},{"nodeID":"1390707","text":"serious crime has come down quite a lot","type":"I","timestamp":"2023-11-09 15:08:55"},{"nodeID":"1390708","text":"Andrew Murrison: serious crime has come down quite a lot","type":"L","timestamp":"2023-11-09 15:08:55"},{"nodeID":"1390709","text":"Analysing","type":"YA","timestamp":"2023-11-09 15:08:55"},{"nodeID":"1390710","text":"Anon: Andrew Murrison: serious crime has come down quite a lot","type":"L","timestamp":"2023-11-09 15:08:55"},{"nodeID":"1390711","text":"Asserting","type":"YA","timestamp":"2023-11-09 15:08:55"},{"nodeID":"1390712","text":"Default Transition","type":"TA","timestamp":"2023-11-09 15:08:55"},{"nodeID":"1390713","text":"serious crime has come down fifty per cent since 2010, except for fraud","type":"I","timestamp":"2023-11-09 15:08:56"},{"nodeID":"1390714","text":"Andrew Murrison: Fifty per cent since 2010, except for fraud","type":"L","timestamp":"2023-11-09 15:08:56"},{"nodeID":"1390715","text":"Analysing","type":"YA","timestamp":"2023-11-09 15:08:56"},{"nodeID":"1390716","text":"Anon: Andrew Murrison: Fifty per cent since 2010, except for fraud","type":"L","timestamp":"2023-11-09 15:08:56"},{"nodeID":"1390717","text":"Asserting","type":"YA","timestamp":"2023-11-09 15:08:56"},{"nodeID":"1390718","text":"Default Rephrase","type":"MA","timestamp":"2023-11-09 15:08:56"},{"nodeID":"1390719","text":"Default Transition","type":"TA","timestamp":"2023-11-09 15:08:56"},{"nodeID":"1390720","text":"Restating","type":"YA","timestamp":"2023-11-09 15:08:56"},{"nodeID":"1390721","text":"Default Inference","type":"RA","timestamp":"2023-11-09 15:08:56"},{"nodeID":"1390722","text":"Default Transition","type":"TA","timestamp":"2023-11-09 15:08:56"},{"nodeID":"1390723","text":"Arguing","type":"YA","timestamp":"2023-11-09 15:08:56"}],"edges":[{"edgeID":"1816508","fromID":"1390628","toID":"1390627","formEdgeID":null},{"edgeID":"1816509","fromID":"1390629","toID":"1390628","formEdgeID":null},{"edgeID":"1816510","fromID":"1390627","toID":"1390630","formEdgeID":null},{"edgeID":"1816511","fromID":"1390630","toID":"1390626","formEdgeID":null},{"edgeID":"1816512","fromID":"1390632","toID":"1390631","formEdgeID":null},{"edgeID":"1816513","fromID":"1390633","toID":"1390632","formEdgeID":null},{"edgeID":"1816514","fromID":"1390627","toID":"1390634","formEdgeID":null},{"edgeID":"1816515","fromID":"1390634","toID":"1390631","formEdgeID":null},{"edgeID":"1816516","fromID":"1390634","toID":"1390635","formEdgeID":null},{"edgeID":"1816517","fromID":"1390635","toID":"1390626","formEdgeID":null},{"edgeID":"1816518","fromID":"1390637","toID":"1390636","formEdgeID":null},{"edgeID":"1816519","fromID":"1390638","toID":"1390637","formEdgeID":null},{"edgeID":"1816520","fromID":"1390631","toID":"1390639","formEdgeID":null},{"edgeID":"1816521","fromID":"1390639","toID":"1390636","formEdgeID":null},{"edgeID":"1816522","fromID":"1390639","toID":"1390640","formEdgeID":null},{"edgeID":"1816523","fromID":"1390640","toID":"1390626","formEdgeID":null},{"edgeID":"1816524","fromID":"1390643","toID":"1390642","formEdgeID":null},{"edgeID":"1816525","fromID":"1390644","toID":"1390643","formEdgeID":null},{"edgeID":"1816526","fromID":"1390642","toID":"1390645","formEdgeID":null},{"edgeID":"1816527","fromID":"1390645","toID":"1390641","formEdgeID":null},{"edgeID":"1816528","fromID":"1390648","toID":"1390647","formEdgeID":null},{"edgeID":"1816529","fromID":"1390649","toID":"1390648","formEdgeID":null},{"edgeID":"1816530","fromID":"1390647","toID":"1390650","formEdgeID":null},{"edgeID":"1816531","fromID":"1390650","toID":"1390646","formEdgeID":null},{"edgeID":"1816532","fromID":"1390636","toID":"1390651","formEdgeID":null},{"edgeID":"1816533","fromID":"1390651","toID":"1390642","formEdgeID":null},{"edgeID":"1816534","fromID":"1390646","toID":"1390652","formEdgeID":null},{"edgeID":"1816535","fromID":"1390652","toID":"1390641","formEdgeID":null},{"edgeID":"1816536","fromID":"1390642","toID":"1390653","formEdgeID":null},{"edgeID":"1816537","fromID":"1390653","toID":"1390647","formEdgeID":null},{"edgeID":"1816538","fromID":"1390653","toID":"1390654","formEdgeID":null},{"edgeID":"1816539","fromID":"1390654","toID":"1390652","formEdgeID":null},{"edgeID":"1816540","fromID":"1390657","toID":"1390656","formEdgeID":null},{"edgeID":"1816541","fromID":"1390658","toID":"1390657","formEdgeID":null},{"edgeID":"1816542","fromID":"1390656","toID":"1390659","formEdgeID":null},{"edgeID":"1816543","fromID":"1390659","toID":"1390655","formEdgeID":null},{"edgeID":"1816544","fromID":"1390647","toID":"1390660","formEdgeID":null},{"edgeID":"1816545","fromID":"1390660","toID":"1390656","formEdgeID":null},{"edgeID":"1816546","fromID":"1390663","toID":"1390662","formEdgeID":null},{"edgeID":"1816547","fromID":"1390664","toID":"1390663","formEdgeID":null},{"edgeID":"1816548","fromID":"1390662","toID":"1390665","formEdgeID":null},{"edgeID":"1816549","fromID":"1390665","toID":"1390661","formEdgeID":null},{"edgeID":"1816550","fromID":"1390655","toID":"1390666","formEdgeID":null},{"edgeID":"1816551","fromID":"1390666","toID":"1390646","formEdgeID":null},{"edgeID":"1816552","fromID":"1390661","toID":"1390666","formEdgeID":null},{"edgeID":"1816553","fromID":"1390647","toID":"1390667","formEdgeID":null},{"edgeID":"1816554","fromID":"1390667","toID":"1390662","formEdgeID":null},{"edgeID":"1816555","fromID":"1390667","toID":"1390668","formEdgeID":null},{"edgeID":"1816556","fromID":"1390668","toID":"1390666","formEdgeID":null},{"edgeID":"1816557","fromID":"1390670","toID":"1390669","formEdgeID":null},{"edgeID":"1816558","fromID":"1390671","toID":"1390670","formEdgeID":null},{"edgeID":"1816559","fromID":"1390674","toID":"1390673","formEdgeID":null},{"edgeID":"1816560","fromID":"1390675","toID":"1390674","formEdgeID":null},{"edgeID":"1816561","fromID":"1390673","toID":"1390676","formEdgeID":null},{"edgeID":"1816562","fromID":"1390676","toID":"1390672","formEdgeID":null},{"edgeID":"1816563","fromID":"1390672","toID":"1390677","formEdgeID":null},{"edgeID":"1816564","fromID":"1390677","toID":"1390646","formEdgeID":null},{"edgeID":"1816565","fromID":"1390647","toID":"1390678","formEdgeID":null},{"edgeID":"1816566","fromID":"1390678","toID":"1390673","formEdgeID":null},{"edgeID":"1816567","fromID":"1390678","toID":"1390679","formEdgeID":null},{"edgeID":"1816568","fromID":"1390679","toID":"1390677","formEdgeID":null},{"edgeID":"1816569","fromID":"1390673","toID":"1390680","formEdgeID":null},{"edgeID":"1816570","fromID":"1390680","toID":"1390669","formEdgeID":null},{"edgeID":"1816571","fromID":"1390680","toID":"1390681","formEdgeID":null},{"edgeID":"1816572","fromID":"1390681","toID":"1390672","formEdgeID":null},{"edgeID":"1816573","fromID":"1390684","toID":"1390683","formEdgeID":null},{"edgeID":"1816574","fromID":"1390685","toID":"1390684","formEdgeID":null},{"edgeID":"1816575","fromID":"1390683","toID":"1390686","formEdgeID":null},{"edgeID":"1816576","fromID":"1390686","toID":"1390682","formEdgeID":null},{"edgeID":"1816577","fromID":"1390689","toID":"1390688","formEdgeID":null},{"edgeID":"1816578","fromID":"1390690","toID":"1390689","formEdgeID":null},{"edgeID":"1816579","fromID":"1390688","toID":"1390691","formEdgeID":null},{"edgeID":"1816580","fromID":"1390691","toID":"1390687","formEdgeID":null},{"edgeID":"1816581","fromID":"1390683","toID":"1390692","formEdgeID":null},{"edgeID":"1816582","fromID":"1390692","toID":"1390688","formEdgeID":null},{"edgeID":"1816583","fromID":"1390695","toID":"1390694","formEdgeID":null},{"edgeID":"1816584","fromID":"1390696","toID":"1390695","formEdgeID":null},{"edgeID":"1816585","fromID":"1390694","toID":"1390697","formEdgeID":null},{"edgeID":"1816586","fromID":"1390697","toID":"1390693","formEdgeID":null},{"edgeID":"1816587","fromID":"1390688","toID":"1390698","formEdgeID":null},{"edgeID":"1816588","fromID":"1390698","toID":"1390694","formEdgeID":null},{"edgeID":"1816589","fromID":"1390701","toID":"1390700","formEdgeID":null},{"edgeID":"1816590","fromID":"1390702","toID":"1390701","formEdgeID":null},{"edgeID":"1816591","fromID":"1390700","toID":"1390703","formEdgeID":null},{"edgeID":"1816592","fromID":"1390703","toID":"1390699","formEdgeID":null},{"edgeID":"1816593","fromID":"1390699","toID":"1390704","formEdgeID":null},{"edgeID":"1816594","fromID":"1390704","toID":"1390693","formEdgeID":null},{"edgeID":"1816595","fromID":"1390694","toID":"1390705","formEdgeID":null},{"edgeID":"1816596","fromID":"1390705","toID":"1390700","formEdgeID":null},{"edgeID":"1816597","fromID":"1390705","toID":"1390706","formEdgeID":null},{"edgeID":"1816598","fromID":"1390706","toID":"1390704","formEdgeID":null},{"edgeID":"1816599","fromID":"1390709","toID":"1390708","formEdgeID":null},{"edgeID":"1816600","fromID":"1390710","toID":"1390709","formEdgeID":null},{"edgeID":"1816601","fromID":"1390708","toID":"1390711","formEdgeID":null},{"edgeID":"1816602","fromID":"1390711","toID":"1390707","formEdgeID":null},{"edgeID":"1816603","fromID":"1390700","toID":"1390712","formEdgeID":null},{"edgeID":"1816604","fromID":"1390712","toID":"1390708","formEdgeID":null},{"edgeID":"1816605","fromID":"1390715","toID":"1390714","formEdgeID":null},{"edgeID":"1816606","fromID":"1390716","toID":"1390715","formEdgeID":null},{"edgeID":"1816607","fromID":"1390714","toID":"1390717","formEdgeID":null},{"edgeID":"1816608","fromID":"1390717","toID":"1390713","formEdgeID":null},{"edgeID":"1816609","fromID":"1390713","toID":"1390718","formEdgeID":null},{"edgeID":"1816610","fromID":"1390718","toID":"1390707","formEdgeID":null},{"edgeID":"1816611","fromID":"1390708","toID":"1390719","formEdgeID":null},{"edgeID":"1816612","fromID":"1390719","toID":"1390714","formEdgeID":null},{"edgeID":"1816613","fromID":"1390719","toID":"1390720","formEdgeID":null},{"edgeID":"1816614","fromID":"1390720","toID":"1390718","formEdgeID":null},{"edgeID":"1816615","fromID":"1390672","toID":"1390721","formEdgeID":null},{"edgeID":"1816616","fromID":"1390721","toID":"1390682","formEdgeID":null},{"edgeID":"1816617","fromID":"1390673","toID":"1390722","formEdgeID":null},{"edgeID":"1816618","fromID":"1390722","toID":"1390683","formEdgeID":null},{"edgeID":"1816619","fromID":"1390722","toID":"1390723","formEdgeID":null},{"edgeID":"1816620","fromID":"1390723","toID":"1390721","formEdgeID":null}],"locutions":[]}