{"nodes":[{"nodeID":"1389388","text":"carbon is the price","type":"I","timestamp":"2023-11-09 15:07:02"},{"nodeID":"1389389","text":"Fraser Nelson: carbon is the price","type":"L","timestamp":"2023-11-09 15:07:02"},{"nodeID":"1389390","text":"Anon: Fraser Nelson: carbon is the price","type":"L","timestamp":"2023-11-09 15:07:02"},{"nodeID":"1389391","text":"Analysing","type":"YA","timestamp":"2023-11-09 15:07:02"},{"nodeID":"1389392","text":"Asserting","type":"YA","timestamp":"2023-11-09 15:07:02"},{"nodeID":"1389393","text":"we pay for carbon","type":"I","timestamp":"2023-11-09 15:07:03"},{"nodeID":"1389394","text":"Analysing","type":"YA","timestamp":"2023-11-09 15:07:03"},{"nodeID":"1389395","text":"Fraser Nelson: we pay for that","type":"L","timestamp":"2023-11-09 15:07:03"},{"nodeID":"1389396","text":"Anon: Fraser Nelson: we pay for that","type":"L","timestamp":"2023-11-09 15:07:03"},{"nodeID":"1389397","text":"Asserting","type":"YA","timestamp":"2023-11-09 15:07:03"},{"nodeID":"1389398","text":"Default Transition","type":"TA","timestamp":"2023-11-09 15:07:03"},{"nodeID":"1389399","text":"Default Inference","type":"RA","timestamp":"2023-11-09 15:07:03"},{"nodeID":"1389400","text":"Arguing","type":"YA","timestamp":"2023-11-09 15:07:03"},{"nodeID":"1389401","text":"it is worth paying for carbon","type":"I","timestamp":"2023-11-09 15:07:03"},{"nodeID":"1389402","text":"Anon: Fraser Nelson: that is a price worth paying","type":"L","timestamp":"2023-11-09 15:07:03"},{"nodeID":"1389403","text":"Fraser Nelson: that is a price worth paying","type":"L","timestamp":"2023-11-09 15:07:03"},{"nodeID":"1389404","text":"Analysing","type":"YA","timestamp":"2023-11-09 15:07:03"},{"nodeID":"1389405","text":"Asserting","type":"YA","timestamp":"2023-11-09 15:07:03"},{"nodeID":"1389406","text":"Default Inference","type":"RA","timestamp":"2023-11-09 15:07:03"},{"nodeID":"1389407","text":"Default Transition","type":"TA","timestamp":"2023-11-09 15:07:03"},{"nodeID":"1389408","text":"Arguing","type":"YA","timestamp":"2023-11-09 15:07:03"},{"nodeID":"1389409","text":"there are other things we can do about carbon emissions","type":"I","timestamp":"2023-11-09 15:07:04"},{"nodeID":"1389410","text":"Fraser Nelson: there are other things we can do","type":"L","timestamp":"2023-11-09 15:07:04"},{"nodeID":"1389411","text":"Anon: Fraser Nelson: there are other things we can do","type":"L","timestamp":"2023-11-09 15:07:04"},{"nodeID":"1389412","text":"Analysing","type":"YA","timestamp":"2023-11-09 15:07:04"},{"nodeID":"1389413","text":"Asserting","type":"YA","timestamp":"2023-11-09 15:07:04"},{"nodeID":"1389414","text":"Default Transition","type":"TA","timestamp":"2023-11-09 15:07:04"},{"nodeID":"1389415","text":"Default Inference","type":"RA","timestamp":"2023-11-09 15:07:04"},{"nodeID":"1389416","text":"Arguing","type":"YA","timestamp":"2023-11-09 15:07:04"},{"nodeID":"1389417","text":"we can do carbon capture","type":"I","timestamp":"2023-11-09 15:07:04"},{"nodeID":"1389418","text":"Fraser Nelson: We can do carbon capture","type":"L","timestamp":"2023-11-09 15:07:04"},{"nodeID":"1389419","text":"Anon: Fraser Nelson: We can do carbon capture","type":"L","timestamp":"2023-11-09 15:07:04"},{"nodeID":"1389420","text":"Analysing","type":"YA","timestamp":"2023-11-09 15:07:04"},{"nodeID":"1389421","text":"Asserting","type":"YA","timestamp":"2023-11-09 15:07:04"},{"nodeID":"1389422","text":"Default Transition","type":"TA","timestamp":"2023-11-09 15:07:04"},{"nodeID":"1389423","text":"Default Rephrase","type":"MA","timestamp":"2023-11-09 15:07:04"},{"nodeID":"1389424","text":"Restating","type":"YA","timestamp":"2023-11-09 15:07:04"},{"nodeID":"1389425","text":"there are plans about doing carbon capture today","type":"I","timestamp":"2023-11-09 15:07:05"},{"nodeID":"1389426","text":"Analysing","type":"YA","timestamp":"2023-11-09 15:07:05"},{"nodeID":"1389427","text":"Anon: Fraser Nelson: There are plans about that today","type":"L","timestamp":"2023-11-09 15:07:05"},{"nodeID":"1389428","text":"Fraser Nelson: There are plans about that today","type":"L","timestamp":"2023-11-09 15:07:05"},{"nodeID":"1389429","text":"Asserting","type":"YA","timestamp":"2023-11-09 15:07:05"},{"nodeID":"1389430","text":"Default Transition","type":"TA","timestamp":"2023-11-09 15:07:05"},{"nodeID":"1389431","text":"Default Rephrase","type":"MA","timestamp":"2023-11-09 15:07:05"},{"nodeID":"1389432","text":"Restating","type":"YA","timestamp":"2023-11-09 15:07:05"},{"nodeID":"1389433","text":"we can do all kinds of things regarding carbon emissions","type":"I","timestamp":"2023-11-09 15:07:06"},{"nodeID":"1389434","text":"Fraser Nelson: We can do all kinds of things","type":"L","timestamp":"2023-11-09 15:07:06"},{"nodeID":"1389435","text":"Analysing","type":"YA","timestamp":"2023-11-09 15:07:06"},{"nodeID":"1389436","text":"Anon: Fraser Nelson: We can do all kinds of things","type":"L","timestamp":"2023-11-09 15:07:06"},{"nodeID":"1389437","text":"Asserting","type":"YA","timestamp":"2023-11-09 15:07:06"},{"nodeID":"1389438","text":"Default Transition","type":"TA","timestamp":"2023-11-09 15:07:06"},{"nodeID":"1389439","text":"Default Rephrase","type":"MA","timestamp":"2023-11-09 15:07:06"},{"nodeID":"1389440","text":"Restating","type":"YA","timestamp":"2023-11-09 15:07:06"},{"nodeID":"1389441","text":"we do not have to make the poor and those who can barely afford to take a flight or a drive in their car bear the price for the carbon emissions","type":"I","timestamp":"2023-11-09 15:07:06"},{"nodeID":"1389442","text":"Fraser Nelson: we do not have to make the poor and those who can barely afford to take a flight or a drive in their car, they do not have to bear the price for this","type":"L","timestamp":"2023-11-09 15:07:06"},{"nodeID":"1389443","text":"Analysing","type":"YA","timestamp":"2023-11-09 15:07:06"},{"nodeID":"1389444","text":"Anon: Fraser Nelson: we do not have to make the poor and those who can barely afford to take a flight or a drive in their car, they do not have to bear the price for this","type":"L","timestamp":"2023-11-09 15:07:06"},{"nodeID":"1389445","text":"Asserting","type":"YA","timestamp":"2023-11-09 15:07:06"},{"nodeID":"1389446","text":"Default Transition","type":"TA","timestamp":"2023-11-09 15:07:06"},{"nodeID":"1389447","text":"technology can bear the price for the carbon emissions","type":"I","timestamp":"2023-11-09 15:07:07"},{"nodeID":"1389448","text":"Analysing","type":"YA","timestamp":"2023-11-09 15:07:07"},{"nodeID":"1389449","text":"Anon: Fraser Nelson: technology can do it","type":"L","timestamp":"2023-11-09 15:07:07"},{"nodeID":"1389450","text":"Fraser Nelson: technology can do it","type":"L","timestamp":"2023-11-09 15:07:07"},{"nodeID":"1389451","text":"Asserting","type":"YA","timestamp":"2023-11-09 15:07:07"},{"nodeID":"1389452","text":"Default Transition","type":"TA","timestamp":"2023-11-09 15:07:07"},{"nodeID":"1389453","text":"Default Inference","type":"RA","timestamp":"2023-11-09 15:07:07"},{"nodeID":"1389454","text":"Arguing","type":"YA","timestamp":"2023-11-09 15:07:07"},{"nodeID":"1389455","text":"we know that technology can bear the price for the carbon emissions","type":"I","timestamp":"2023-11-09 15:07:08"},{"nodeID":"1389456","text":"Fraser Nelson: we know that","type":"L","timestamp":"2023-11-09 15:07:08"},{"nodeID":"1389457","text":"Analysing","type":"YA","timestamp":"2023-11-09 15:07:08"},{"nodeID":"1389458","text":"Anon: Fraser Nelson: we know that","type":"L","timestamp":"2023-11-09 15:07:08"},{"nodeID":"1389459","text":"Asserting","type":"YA","timestamp":"2023-11-09 15:07:08"},{"nodeID":"1389460","text":"Default Transition","type":"TA","timestamp":"2023-11-09 15:07:08"},{"nodeID":"1389461","text":"Default Rephrase","type":"MA","timestamp":"2023-11-09 15:07:08"},{"nodeID":"1389462","text":"Restating","type":"YA","timestamp":"2023-11-09 15:07:08"},{"nodeID":"1389463","text":"look at the last 40 years","type":"I","timestamp":"2023-11-09 15:07:08"},{"nodeID":"1389464","text":"Analysing","type":"YA","timestamp":"2023-11-09 15:07:08"},{"nodeID":"1389465","text":"Fraser Nelson:  look at the last 40 years","type":"L","timestamp":"2023-11-09 15:07:08"},{"nodeID":"1389466","text":"Anon: Fraser Nelson:  look at the last 40 years","type":"L","timestamp":"2023-11-09 15:07:08"},{"nodeID":"1389467","text":"Asserting","type":"YA","timestamp":"2023-11-09 15:07:08"},{"nodeID":"1389468","text":"the progress we're making in Britain in the last 40 years is unbelievably good","type":"I","timestamp":"2023-11-09 15:07:09"},{"nodeID":"1389469","text":"Fraser Nelson: The progress we're making in Britain is unbelievably good","type":"L","timestamp":"2023-11-09 15:07:09"},{"nodeID":"1389470","text":"Analysing","type":"YA","timestamp":"2023-11-09 15:07:09"},{"nodeID":"1389471","text":"Anon: Fraser Nelson: The progress we're making in Britain is unbelievably good","type":"L","timestamp":"2023-11-09 15:07:09"},{"nodeID":"1389472","text":"Asserting","type":"YA","timestamp":"2023-11-09 15:07:09"},{"nodeID":"1389473","text":"Default Transition","type":"TA","timestamp":"2023-11-09 15:07:09"},{"nodeID":"1389474","text":"Default Transition","type":"TA","timestamp":"2023-11-09 15:07:09"},{"nodeID":"1389475","text":"Default Inference","type":"RA","timestamp":"2023-11-09 15:07:09"},{"nodeID":"1389476","text":"Arguing","type":"YA","timestamp":"2023-11-09 15:07:09"},{"nodeID":"1389477","text":"we should congratulate ourselves a little bit more for the progress we're making in Britain in the last 40 years regarding the carbom emissions","type":"I","timestamp":"2023-11-09 15:07:10"},{"nodeID":"1389478","text":"Analysing","type":"YA","timestamp":"2023-11-09 15:07:10"},{"nodeID":"1389479","text":"Fraser Nelson: we should congratulate ourselves I think a little bit more for that","type":"L","timestamp":"2023-11-09 15:07:10"},{"nodeID":"1389480","text":"Anon: Fraser Nelson: we should congratulate ourselves I think a little bit more for that","type":"L","timestamp":"2023-11-09 15:07:10"},{"nodeID":"1389481","text":"Asserting","type":"YA","timestamp":"2023-11-09 15:07:10"},{"nodeID":"1389482","text":"Default Transition","type":"TA","timestamp":"2023-11-09 15:07:10"},{"nodeID":"1389483","text":"Default Rephrase","type":"MA","timestamp":"2023-11-09 15:07:10"},{"nodeID":"1389484","text":"Restating","type":"YA","timestamp":"2023-11-09 15:07:10"},{"nodeID":"1389485","text":"someone, some country is going to win this global race for becoming a green economy","type":"I","timestamp":"2023-11-09 15:07:10"},{"nodeID":"1389486","text":"Emily Thornberry: someone, some country is going to win this global race for becoming a green economy","type":"L","timestamp":"2023-11-09 15:07:10"},{"nodeID":"1389487","text":"Analysing","type":"YA","timestamp":"2023-11-09 15:07:10"},{"nodeID":"1389488","text":"Anon: Emily Thornberry: someone, some country is going to win this global race for becoming a green economy","type":"L","timestamp":"2023-11-09 15:07:10"},{"nodeID":"1389489","text":"Asserting","type":"YA","timestamp":"2023-11-09 15:07:10"},{"nodeID":"1389490","text":"Default Transition","type":"TA","timestamp":"2023-11-09 15:07:10"},{"nodeID":"1389491","text":"we should be the ones to win this global race for becoming a green economy","type":"I","timestamp":"2023-11-09 15:07:11"},{"nodeID":"1389492","text":"Emily Thornberry:  I can't see any reason why it shouldn't be us","type":"L","timestamp":"2023-11-09 15:07:11"},{"nodeID":"1389493","text":"Analysing","type":"YA","timestamp":"2023-11-09 15:07:11"},{"nodeID":"1389494","text":"Anon: Emily Thornberry: it shouldn't be us","type":"L","timestamp":"2023-11-09 15:07:11"},{"nodeID":"1389495","text":"Asserting","type":"YA","timestamp":"2023-11-09 15:07:11"},{"nodeID":"1389496","text":"Default Transition","type":"TA","timestamp":"2023-11-09 15:07:11"},{"nodeID":"1389497","text":"Default Rephrase","type":"MA","timestamp":"2023-11-09 15:07:11"},{"nodeID":"1389498","text":"Restating","type":"YA","timestamp":"2023-11-09 15:07:11"},{"nodeID":"1389499","text":"we were the country that first industrialised","type":"I","timestamp":"2023-11-09 15:07:12"},{"nodeID":"1389500","text":"Emily Thornberry: We were the country that first industrialised","type":"L","timestamp":"2023-11-09 15:07:12"},{"nodeID":"1389501","text":"Analysing","type":"YA","timestamp":"2023-11-09 15:07:12"},{"nodeID":"1389502","text":"Anon: Emily Thornberry: We were the country that first industrialised","type":"L","timestamp":"2023-11-09 15:07:12"},{"nodeID":"1389503","text":"Asserting","type":"YA","timestamp":"2023-11-09 15:07:12"},{"nodeID":"1389504","text":"we are the country that should be able to show the way when it comes to an alternative way of living","type":"I","timestamp":"2023-11-09 15:07:12"},{"nodeID":"1389505","text":"Emily Thornberry: we are the country that should be able to show the way when it comes to an alternative way of living","type":"L","timestamp":"2023-11-09 15:07:12"},{"nodeID":"1389506","text":"Anon: Emily Thornberry: we are the country that should be able to show the way when it comes to an alternative way of living","type":"L","timestamp":"2023-11-09 15:07:12"},{"nodeID":"1389507","text":"Analysing","type":"YA","timestamp":"2023-11-09 15:07:12"},{"nodeID":"1389508","text":"Asserting","type":"YA","timestamp":"2023-11-09 15:07:12"},{"nodeID":"1389509","text":"Default Transition","type":"TA","timestamp":"2023-11-09 15:07:12"},{"nodeID":"1389510","text":"Default Inference","type":"RA","timestamp":"2023-11-09 15:07:12"},{"nodeID":"1389511","text":"Arguing","type":"YA","timestamp":"2023-11-09 15:07:12"},{"nodeID":"1389512","text":"Default Transition","type":"TA","timestamp":"2023-11-09 15:07:12"},{"nodeID":"1389513","text":"Default Rephrase","type":"MA","timestamp":"2023-11-09 15:07:12"},{"nodeID":"1389514","text":"Restating","type":"YA","timestamp":"2023-11-09 15:07:12"},{"nodeID":"1389515","text":"winning the global race for becoming a green economy would give us security","type":"I","timestamp":"2023-11-09 15:07:13"},{"nodeID":"1389516","text":"Emily Thornberry: that would give us security","type":"L","timestamp":"2023-11-09 15:07:13"},{"nodeID":"1389517","text":"Analysing","type":"YA","timestamp":"2023-11-09 15:07:13"},{"nodeID":"1389518","text":"Anon: Emily Thornberry: that would give us security","type":"L","timestamp":"2023-11-09 15:07:13"},{"nodeID":"1389519","text":"Asserting","type":"YA","timestamp":"2023-11-09 15:07:13"},{"nodeID":"1389520","text":"Default Transition","type":"TA","timestamp":"2023-11-09 15:07:13"},{"nodeID":"1389521","text":"Default Inference","type":"RA","timestamp":"2023-11-09 15:07:13"},{"nodeID":"1389522","text":"Arguing","type":"YA","timestamp":"2023-11-09 15:07:13"},{"nodeID":"1389523","text":"we wouldn't need to worry about Putin anymore","type":"I","timestamp":"2023-11-09 15:07:14"},{"nodeID":"1389524","text":"Emily Thornberry: We wouldn't need to worry about Putin anymore","type":"L","timestamp":"2023-11-09 15:07:14"},{"nodeID":"1389525","text":"Analysing","type":"YA","timestamp":"2023-11-09 15:07:14"},{"nodeID":"1389526","text":"Anon: Emily Thornberry: We wouldn't need to worry about Putin anymore","type":"L","timestamp":"2023-11-09 15:07:14"},{"nodeID":"1389527","text":"Asserting","type":"YA","timestamp":"2023-11-09 15:07:14"},{"nodeID":"1389528","text":"we would be making our own energy","type":"I","timestamp":"2023-11-09 15:07:14"},{"nodeID":"1389529","text":"Emily Thornberry: We would be making our own energy","type":"L","timestamp":"2023-11-09 15:07:14"},{"nodeID":"1389530","text":"Analysing","type":"YA","timestamp":"2023-11-09 15:07:14"},{"nodeID":"1389531","text":"Anon: Emily Thornberry: We would be making our own energy","type":"L","timestamp":"2023-11-09 15:07:14"},{"nodeID":"1389532","text":"Asserting","type":"YA","timestamp":"2023-11-09 15:07:14"},{"nodeID":"1389533","text":"Default Transition","type":"TA","timestamp":"2023-11-09 15:07:14"},{"nodeID":"1389534","text":"Default Transition","type":"TA","timestamp":"2023-11-09 15:07:14"},{"nodeID":"1389535","text":"we would be insulating our homes","type":"I","timestamp":"2023-11-09 15:07:15"},{"nodeID":"1389536","text":"Emily Thornberry: We would be insulating our homes","type":"L","timestamp":"2023-11-09 15:07:15"},{"nodeID":"1389537","text":"Analysing","type":"YA","timestamp":"2023-11-09 15:07:15"},{"nodeID":"1389538","text":"Anon: Emily Thornberry: We would be insulating our homes","type":"L","timestamp":"2023-11-09 15:07:15"},{"nodeID":"1389539","text":"Asserting","type":"YA","timestamp":"2023-11-09 15:07:15"},{"nodeID":"1389540","text":"people's heating bills would go down forever","type":"I","timestamp":"2023-11-09 15:07:16"},{"nodeID":"1389541","text":"Emily Thornberry: people's bills went down forever","type":"L","timestamp":"2023-11-09 15:07:16"},{"nodeID":"1389542","text":"Analysing","type":"YA","timestamp":"2023-11-09 15:07:16"},{"nodeID":"1389543","text":"Anon: Emily Thornberry: people's bills went down forever","type":"L","timestamp":"2023-11-09 15:07:16"},{"nodeID":"1389544","text":"Asserting","type":"YA","timestamp":"2023-11-09 15:07:16"},{"nodeID":"1389545","text":"Default Transition","type":"TA","timestamp":"2023-11-09 15:07:16"},{"nodeID":"1389546","text":"Default Inference","type":"RA","timestamp":"2023-11-09 15:07:16"},{"nodeID":"1389547","text":"Arguing","type":"YA","timestamp":"2023-11-09 15:07:16"},{"nodeID":"1389548","text":"Default Transition","type":"TA","timestamp":"2023-11-09 15:07:16"},{"nodeID":"1389549","text":"people's heating bills would not go up again","type":"I","timestamp":"2023-11-09 15:07:16"},{"nodeID":"1389550","text":"Emily Thornberry: Would not go up again","type":"L","timestamp":"2023-11-09 15:07:16"},{"nodeID":"1389551","text":"Analysing","type":"YA","timestamp":"2023-11-09 15:07:16"},{"nodeID":"1389552","text":"Anon: Emily Thornberry: Would not go up again","type":"L","timestamp":"2023-11-09 15:07:16"},{"nodeID":"1389553","text":"Asserting","type":"YA","timestamp":"2023-11-09 15:07:16"},{"nodeID":"1389554","text":"Default Transition","type":"TA","timestamp":"2023-11-09 15:07:16"},{"nodeID":"1389555","text":"Default Rephrase","type":"MA","timestamp":"2023-11-09 15:07:16"},{"nodeID":"1389556","text":"Restating","type":"YA","timestamp":"2023-11-09 15:07:16"},{"nodeID":"1389557","text":"we would have electric cars","type":"I","timestamp":"2023-11-09 15:07:17"},{"nodeID":"1389558","text":"Emily Thornberry: We would have electric cars","type":"L","timestamp":"2023-11-09 15:07:17"},{"nodeID":"1389559","text":"Analysing","type":"YA","timestamp":"2023-11-09 15:07:17"},{"nodeID":"1389560","text":"Anon: Emily Thornberry: We would have electric cars","type":"L","timestamp":"2023-11-09 15:07:17"},{"nodeID":"1389561","text":"Asserting","type":"YA","timestamp":"2023-11-09 15:07:17"},{"nodeID":"1389562","text":"Default Transition","type":"TA","timestamp":"2023-11-09 15:07:17"},{"nodeID":"1389563","text":"Default Inference","type":"RA","timestamp":"2023-11-09 15:07:17"},{"nodeID":"1389564","text":"Arguing","type":"YA","timestamp":"2023-11-09 15:07:17"},{"nodeID":"1389565","text":"we do need to invest in plants that will be making the batteries","type":"I","timestamp":"2023-11-09 15:07:17"},{"nodeID":"1389566","text":"Emily Thornberry: we need to invest in plants that will be making the batteries","type":"L","timestamp":"2023-11-09 15:07:17"},{"nodeID":"1389567","text":"Analysing","type":"YA","timestamp":"2023-11-09 15:07:17"},{"nodeID":"1389568","text":"Anon: Emily Thornberry: we need to invest in plants that will be making the batteries","type":"L","timestamp":"2023-11-09 15:07:17"},{"nodeID":"1389569","text":"Asserting","type":"YA","timestamp":"2023-11-09 15:07:17"},{"nodeID":"1389570","text":"Default Transition","type":"TA","timestamp":"2023-11-09 15:07:17"},{"nodeID":"1389571","text":"Default Rephrase","type":"MA","timestamp":"2023-11-09 15:07:17"},{"nodeID":"1389572","text":"Default Transition","type":"TA","timestamp":"2023-11-09 15:07:17"},{"nodeID":"1389573","text":"Restating","type":"YA","timestamp":"2023-11-09 15:07:17"},{"nodeID":"1389574","text":"Default Transition","type":"TA","timestamp":"2023-11-09 15:07:17"},{"nodeID":"1389575","text":"Default Inference","type":"RA","timestamp":"2023-11-09 15:07:17"},{"nodeID":"1389576","text":"Arguing","type":"YA","timestamp":"2023-11-09 15:07:17"}],"edges":[{"edgeID":"1815040","fromID":"1389391","toID":"1389389","formEdgeID":null},{"edgeID":"1815041","fromID":"1389390","toID":"1389391","formEdgeID":null},{"edgeID":"1815042","fromID":"1389389","toID":"1389392","formEdgeID":null},{"edgeID":"1815043","fromID":"1389392","toID":"1389388","formEdgeID":null},{"edgeID":"1815044","fromID":"1389394","toID":"1389395","formEdgeID":null},{"edgeID":"1815045","fromID":"1389396","toID":"1389394","formEdgeID":null},{"edgeID":"1815046","fromID":"1389395","toID":"1389397","formEdgeID":null},{"edgeID":"1815047","fromID":"1389397","toID":"1389393","formEdgeID":null},{"edgeID":"1815048","fromID":"1389398","toID":"1389395","formEdgeID":null},{"edgeID":"1815049","fromID":"1389389","toID":"1389398","formEdgeID":null},{"edgeID":"1815050","fromID":"1389388","toID":"1389399","formEdgeID":null},{"edgeID":"1815051","fromID":"1389399","toID":"1389393","formEdgeID":null},{"edgeID":"1815052","fromID":"1389400","toID":"1389399","formEdgeID":null},{"edgeID":"1815053","fromID":"1389398","toID":"1389400","formEdgeID":null},{"edgeID":"1815054","fromID":"1389402","toID":"1389404","formEdgeID":null},{"edgeID":"1815055","fromID":"1389404","toID":"1389403","formEdgeID":null},{"edgeID":"1815056","fromID":"1389403","toID":"1389405","formEdgeID":null},{"edgeID":"1815057","fromID":"1389405","toID":"1389401","formEdgeID":null},{"edgeID":"1815058","fromID":"1389401","toID":"1389406","formEdgeID":null},{"edgeID":"1815059","fromID":"1389406","toID":"1389393","formEdgeID":null},{"edgeID":"1815060","fromID":"1389407","toID":"1389403","formEdgeID":null},{"edgeID":"1815061","fromID":"1389395","toID":"1389407","formEdgeID":null},{"edgeID":"1815062","fromID":"1389407","toID":"1389408","formEdgeID":null},{"edgeID":"1815063","fromID":"1389408","toID":"1389406","formEdgeID":null},{"edgeID":"1815064","fromID":"1389412","toID":"1389410","formEdgeID":null},{"edgeID":"1815065","fromID":"1389411","toID":"1389412","formEdgeID":null},{"edgeID":"1815066","fromID":"1389410","toID":"1389413","formEdgeID":null},{"edgeID":"1815067","fromID":"1389413","toID":"1389409","formEdgeID":null},{"edgeID":"1815068","fromID":"1389414","toID":"1389410","formEdgeID":null},{"edgeID":"1815069","fromID":"1389403","toID":"1389414","formEdgeID":null},{"edgeID":"1815070","fromID":"1389409","toID":"1389415","formEdgeID":null},{"edgeID":"1815071","fromID":"1389415","toID":"1389401","formEdgeID":null},{"edgeID":"1815072","fromID":"1389414","toID":"1389416","formEdgeID":null},{"edgeID":"1815073","fromID":"1389416","toID":"1389415","formEdgeID":null},{"edgeID":"1815074","fromID":"1389419","toID":"1389420","formEdgeID":null},{"edgeID":"1815075","fromID":"1389420","toID":"1389418","formEdgeID":null},{"edgeID":"1815076","fromID":"1389418","toID":"1389421","formEdgeID":null},{"edgeID":"1815077","fromID":"1389421","toID":"1389417","formEdgeID":null},{"edgeID":"1815078","fromID":"1389422","toID":"1389418","formEdgeID":null},{"edgeID":"1815079","fromID":"1389410","toID":"1389422","formEdgeID":null},{"edgeID":"1815080","fromID":"1389417","toID":"1389423","formEdgeID":null},{"edgeID":"1815081","fromID":"1389423","toID":"1389409","formEdgeID":null},{"edgeID":"1815082","fromID":"1389422","toID":"1389424","formEdgeID":null},{"edgeID":"1815083","fromID":"1389424","toID":"1389423","formEdgeID":null},{"edgeID":"1815084","fromID":"1389426","toID":"1389428","formEdgeID":null},{"edgeID":"1815085","fromID":"1389427","toID":"1389426","formEdgeID":null},{"edgeID":"1815086","fromID":"1389428","toID":"1389429","formEdgeID":null},{"edgeID":"1815087","fromID":"1389429","toID":"1389425","formEdgeID":null},{"edgeID":"1815088","fromID":"1389418","toID":"1389430","formEdgeID":null},{"edgeID":"1815089","fromID":"1389430","toID":"1389428","formEdgeID":null},{"edgeID":"1815090","fromID":"1389425","toID":"1389431","formEdgeID":null},{"edgeID":"1815091","fromID":"1389431","toID":"1389417","formEdgeID":null},{"edgeID":"1815092","fromID":"1389430","toID":"1389432","formEdgeID":null},{"edgeID":"1815093","fromID":"1389432","toID":"1389431","formEdgeID":null},{"edgeID":"1815094","fromID":"1389435","toID":"1389434","formEdgeID":null},{"edgeID":"1815095","fromID":"1389436","toID":"1389435","formEdgeID":null},{"edgeID":"1815096","fromID":"1389437","toID":"1389433","formEdgeID":null},{"edgeID":"1815097","fromID":"1389434","toID":"1389437","formEdgeID":null},{"edgeID":"1815098","fromID":"1389410","toID":"1389438","formEdgeID":null},{"edgeID":"1815099","fromID":"1389438","toID":"1389434","formEdgeID":null},{"edgeID":"1815100","fromID":"1389439","toID":"1389409","formEdgeID":null},{"edgeID":"1815101","fromID":"1389433","toID":"1389439","formEdgeID":null},{"edgeID":"1815102","fromID":"1389438","toID":"1389440","formEdgeID":null},{"edgeID":"1815103","fromID":"1389440","toID":"1389439","formEdgeID":null},{"edgeID":"1815104","fromID":"1389443","toID":"1389442","formEdgeID":null},{"edgeID":"1815105","fromID":"1389444","toID":"1389443","formEdgeID":null},{"edgeID":"1815106","fromID":"1389442","toID":"1389445","formEdgeID":null},{"edgeID":"1815107","fromID":"1389445","toID":"1389441","formEdgeID":null},{"edgeID":"1815108","fromID":"1389446","toID":"1389442","formEdgeID":null},{"edgeID":"1815109","fromID":"1389434","toID":"1389446","formEdgeID":null},{"edgeID":"1815110","fromID":"1389449","toID":"1389448","formEdgeID":null},{"edgeID":"1815111","fromID":"1389448","toID":"1389450","formEdgeID":null},{"edgeID":"1815112","fromID":"1389450","toID":"1389451","formEdgeID":null},{"edgeID":"1815113","fromID":"1389451","toID":"1389447","formEdgeID":null},{"edgeID":"1815114","fromID":"1389442","toID":"1389452","formEdgeID":null},{"edgeID":"1815115","fromID":"1389452","toID":"1389450","formEdgeID":null},{"edgeID":"1815116","fromID":"1389447","toID":"1389453","formEdgeID":null},{"edgeID":"1815117","fromID":"1389453","toID":"1389441","formEdgeID":null},{"edgeID":"1815118","fromID":"1389452","toID":"1389454","formEdgeID":null},{"edgeID":"1815119","fromID":"1389454","toID":"1389453","formEdgeID":null},{"edgeID":"1815120","fromID":"1389457","toID":"1389456","formEdgeID":null},{"edgeID":"1815121","fromID":"1389458","toID":"1389457","formEdgeID":null},{"edgeID":"1815122","fromID":"1389456","toID":"1389459","formEdgeID":null},{"edgeID":"1815123","fromID":"1389459","toID":"1389455","formEdgeID":null},{"edgeID":"1815124","fromID":"1389460","toID":"1389456","formEdgeID":null},{"edgeID":"1815125","fromID":"1389450","toID":"1389460","formEdgeID":null},{"edgeID":"1815126","fromID":"1389461","toID":"1389447","formEdgeID":null},{"edgeID":"1815127","fromID":"1389455","toID":"1389461","formEdgeID":null},{"edgeID":"1815128","fromID":"1389462","toID":"1389461","formEdgeID":null},{"edgeID":"1815129","fromID":"1389460","toID":"1389462","formEdgeID":null},{"edgeID":"1815130","fromID":"1389464","toID":"1389465","formEdgeID":null},{"edgeID":"1815131","fromID":"1389466","toID":"1389464","formEdgeID":null},{"edgeID":"1815132","fromID":"1389465","toID":"1389467","formEdgeID":null},{"edgeID":"1815133","fromID":"1389467","toID":"1389463","formEdgeID":null},{"edgeID":"1815134","fromID":"1389470","toID":"1389469","formEdgeID":null},{"edgeID":"1815135","fromID":"1389471","toID":"1389470","formEdgeID":null},{"edgeID":"1815136","fromID":"1389469","toID":"1389472","formEdgeID":null},{"edgeID":"1815137","fromID":"1389472","toID":"1389468","formEdgeID":null},{"edgeID":"1815138","fromID":"1389456","toID":"1389473","formEdgeID":null},{"edgeID":"1815139","fromID":"1389473","toID":"1389465","formEdgeID":null},{"edgeID":"1815140","fromID":"1389474","toID":"1389469","formEdgeID":null},{"edgeID":"1815141","fromID":"1389456","toID":"1389474","formEdgeID":null},{"edgeID":"1815142","fromID":"1389468","toID":"1389475","formEdgeID":null},{"edgeID":"1815143","fromID":"1389475","toID":"1389455","formEdgeID":null},{"edgeID":"1815144","fromID":"1389474","toID":"1389476","formEdgeID":null},{"edgeID":"1815145","fromID":"1389476","toID":"1389475","formEdgeID":null},{"edgeID":"1815146","fromID":"1389480","toID":"1389478","formEdgeID":null},{"edgeID":"1815147","fromID":"1389478","toID":"1389479","formEdgeID":null},{"edgeID":"1815148","fromID":"1389479","toID":"1389481","formEdgeID":null},{"edgeID":"1815149","fromID":"1389481","toID":"1389477","formEdgeID":null},{"edgeID":"1815150","fromID":"1389469","toID":"1389482","formEdgeID":null},{"edgeID":"1815151","fromID":"1389482","toID":"1389479","formEdgeID":null},{"edgeID":"1815152","fromID":"1389477","toID":"1389483","formEdgeID":null},{"edgeID":"1815153","fromID":"1389483","toID":"1389468","formEdgeID":null},{"edgeID":"1815154","fromID":"1389482","toID":"1389484","formEdgeID":null},{"edgeID":"1815155","fromID":"1389484","toID":"1389483","formEdgeID":null},{"edgeID":"1815156","fromID":"1389487","toID":"1389486","formEdgeID":null},{"edgeID":"1815157","fromID":"1389488","toID":"1389487","formEdgeID":null},{"edgeID":"1815158","fromID":"1389486","toID":"1389489","formEdgeID":null},{"edgeID":"1815159","fromID":"1389489","toID":"1389485","formEdgeID":null},{"edgeID":"1815160","fromID":"1389479","toID":"1389490","formEdgeID":null},{"edgeID":"1815161","fromID":"1389490","toID":"1389486","formEdgeID":null},{"edgeID":"1815162","fromID":"1389493","toID":"1389492","formEdgeID":null},{"edgeID":"1815163","fromID":"1389494","toID":"1389493","formEdgeID":null},{"edgeID":"1815164","fromID":"1389492","toID":"1389495","formEdgeID":null},{"edgeID":"1815165","fromID":"1389495","toID":"1389491","formEdgeID":null},{"edgeID":"1815166","fromID":"1389496","toID":"1389492","formEdgeID":null},{"edgeID":"1815167","fromID":"1389486","toID":"1389496","formEdgeID":null},{"edgeID":"1815168","fromID":"1389491","toID":"1389497","formEdgeID":null},{"edgeID":"1815169","fromID":"1389497","toID":"1389485","formEdgeID":null},{"edgeID":"1815170","fromID":"1389496","toID":"1389498","formEdgeID":null},{"edgeID":"1815171","fromID":"1389498","toID":"1389497","formEdgeID":null},{"edgeID":"1815172","fromID":"1389501","toID":"1389500","formEdgeID":null},{"edgeID":"1815173","fromID":"1389502","toID":"1389501","formEdgeID":null},{"edgeID":"1815174","fromID":"1389500","toID":"1389503","formEdgeID":null},{"edgeID":"1815175","fromID":"1389503","toID":"1389499","formEdgeID":null},{"edgeID":"1815176","fromID":"1389507","toID":"1389505","formEdgeID":null},{"edgeID":"1815177","fromID":"1389506","toID":"1389507","formEdgeID":null},{"edgeID":"1815178","fromID":"1389505","toID":"1389508","formEdgeID":null},{"edgeID":"1815179","fromID":"1389508","toID":"1389504","formEdgeID":null},{"edgeID":"1815180","fromID":"1389500","toID":"1389509","formEdgeID":null},{"edgeID":"1815181","fromID":"1389509","toID":"1389505","formEdgeID":null},{"edgeID":"1815182","fromID":"1389499","toID":"1389510","formEdgeID":null},{"edgeID":"1815183","fromID":"1389510","toID":"1389504","formEdgeID":null},{"edgeID":"1815184","fromID":"1389509","toID":"1389511","formEdgeID":null},{"edgeID":"1815185","fromID":"1389511","toID":"1389510","formEdgeID":null},{"edgeID":"1815186","fromID":"1389492","toID":"1389512","formEdgeID":null},{"edgeID":"1815187","fromID":"1389512","toID":"1389505","formEdgeID":null},{"edgeID":"1815188","fromID":"1389504","toID":"1389513","formEdgeID":null},{"edgeID":"1815189","fromID":"1389513","toID":"1389491","formEdgeID":null},{"edgeID":"1815190","fromID":"1389512","toID":"1389514","formEdgeID":null},{"edgeID":"1815191","fromID":"1389514","toID":"1389513","formEdgeID":null},{"edgeID":"1815192","fromID":"1389517","toID":"1389516","formEdgeID":null},{"edgeID":"1815193","fromID":"1389518","toID":"1389517","formEdgeID":null},{"edgeID":"1815194","fromID":"1389516","toID":"1389519","formEdgeID":null},{"edgeID":"1815195","fromID":"1389519","toID":"1389515","formEdgeID":null},{"edgeID":"1815196","fromID":"1389492","toID":"1389520","formEdgeID":null},{"edgeID":"1815197","fromID":"1389520","toID":"1389516","formEdgeID":null},{"edgeID":"1815198","fromID":"1389515","toID":"1389521","formEdgeID":null},{"edgeID":"1815199","fromID":"1389521","toID":"1389491","formEdgeID":null},{"edgeID":"1815200","fromID":"1389520","toID":"1389522","formEdgeID":null},{"edgeID":"1815201","fromID":"1389522","toID":"1389521","formEdgeID":null},{"edgeID":"1815202","fromID":"1389525","toID":"1389524","formEdgeID":null},{"edgeID":"1815203","fromID":"1389526","toID":"1389525","formEdgeID":null},{"edgeID":"1815204","fromID":"1389524","toID":"1389527","formEdgeID":null},{"edgeID":"1815205","fromID":"1389527","toID":"1389523","formEdgeID":null},{"edgeID":"1815206","fromID":"1389530","toID":"1389529","formEdgeID":null},{"edgeID":"1815207","fromID":"1389531","toID":"1389530","formEdgeID":null},{"edgeID":"1815208","fromID":"1389529","toID":"1389532","formEdgeID":null},{"edgeID":"1815209","fromID":"1389532","toID":"1389528","formEdgeID":null},{"edgeID":"1815210","fromID":"1389516","toID":"1389533","formEdgeID":null},{"edgeID":"1815211","fromID":"1389533","toID":"1389529","formEdgeID":null},{"edgeID":"1815212","fromID":"1389516","toID":"1389534","formEdgeID":null},{"edgeID":"1815213","fromID":"1389534","toID":"1389524","formEdgeID":null},{"edgeID":"1815214","fromID":"1389537","toID":"1389536","formEdgeID":null},{"edgeID":"1815215","fromID":"1389538","toID":"1389537","formEdgeID":null},{"edgeID":"1815216","fromID":"1389536","toID":"1389539","formEdgeID":null},{"edgeID":"1815217","fromID":"1389539","toID":"1389535","formEdgeID":null},{"edgeID":"1815218","fromID":"1389542","toID":"1389541","formEdgeID":null},{"edgeID":"1815219","fromID":"1389543","toID":"1389542","formEdgeID":null},{"edgeID":"1815220","fromID":"1389541","toID":"1389544","formEdgeID":null},{"edgeID":"1815221","fromID":"1389544","toID":"1389540","formEdgeID":null},{"edgeID":"1815222","fromID":"1389536","toID":"1389545","formEdgeID":null},{"edgeID":"1815223","fromID":"1389545","toID":"1389541","formEdgeID":null},{"edgeID":"1815224","fromID":"1389535","toID":"1389546","formEdgeID":null},{"edgeID":"1815225","fromID":"1389546","toID":"1389540","formEdgeID":null},{"edgeID":"1815226","fromID":"1389545","toID":"1389547","formEdgeID":null},{"edgeID":"1815227","fromID":"1389547","toID":"1389546","formEdgeID":null},{"edgeID":"1815228","fromID":"1389516","toID":"1389548","formEdgeID":null},{"edgeID":"1815229","fromID":"1389548","toID":"1389536","formEdgeID":null},{"edgeID":"1815230","fromID":"1389551","toID":"1389550","formEdgeID":null},{"edgeID":"1815231","fromID":"1389552","toID":"1389551","formEdgeID":null},{"edgeID":"1815232","fromID":"1389550","toID":"1389553","formEdgeID":null},{"edgeID":"1815233","fromID":"1389553","toID":"1389549","formEdgeID":null},{"edgeID":"1815234","fromID":"1389541","toID":"1389554","formEdgeID":null},{"edgeID":"1815235","fromID":"1389554","toID":"1389550","formEdgeID":null},{"edgeID":"1815236","fromID":"1389549","toID":"1389555","formEdgeID":null},{"edgeID":"1815237","fromID":"1389555","toID":"1389540","formEdgeID":null},{"edgeID":"1815238","fromID":"1389554","toID":"1389556","formEdgeID":null},{"edgeID":"1815239","fromID":"1389556","toID":"1389555","formEdgeID":null},{"edgeID":"1815240","fromID":"1389559","toID":"1389558","formEdgeID":null},{"edgeID":"1815241","fromID":"1389560","toID":"1389559","formEdgeID":null},{"edgeID":"1815242","fromID":"1389558","toID":"1389561","formEdgeID":null},{"edgeID":"1815243","fromID":"1389561","toID":"1389557","formEdgeID":null},{"edgeID":"1815244","fromID":"1389516","toID":"1389562","formEdgeID":null},{"edgeID":"1815245","fromID":"1389562","toID":"1389558","formEdgeID":null},{"edgeID":"1815246","fromID":"1389557","toID":"1389563","formEdgeID":null},{"edgeID":"1815247","fromID":"1389563","toID":"1389515","formEdgeID":null},{"edgeID":"1815248","fromID":"1389528","toID":"1389563","formEdgeID":null},{"edgeID":"1815249","fromID":"1389523","toID":"1389563","formEdgeID":null},{"edgeID":"1815250","fromID":"1389535","toID":"1389563","formEdgeID":null},{"edgeID":"1815251","fromID":"1389562","toID":"1389564","formEdgeID":null},{"edgeID":"1815252","fromID":"1389564","toID":"1389563","formEdgeID":null},{"edgeID":"1815253","fromID":"1389567","toID":"1389566","formEdgeID":null},{"edgeID":"1815254","fromID":"1389568","toID":"1389567","formEdgeID":null},{"edgeID":"1815255","fromID":"1389566","toID":"1389569","formEdgeID":null},{"edgeID":"1815256","fromID":"1389569","toID":"1389565","formEdgeID":null},{"edgeID":"1815257","fromID":"1389558","toID":"1389570","formEdgeID":null},{"edgeID":"1815258","fromID":"1389570","toID":"1389566","formEdgeID":null},{"edgeID":"1815259","fromID":"1389468","toID":"1389571","formEdgeID":null},{"edgeID":"1815260","fromID":"1389571","toID":"1389463","formEdgeID":null},{"edgeID":"1815261","fromID":"1389465","toID":"1389572","formEdgeID":null},{"edgeID":"1815262","fromID":"1389572","toID":"1389469","formEdgeID":null},{"edgeID":"1815263","fromID":"1389572","toID":"1389573","formEdgeID":null},{"edgeID":"1815264","fromID":"1389573","toID":"1389571","formEdgeID":null},{"edgeID":"1815265","fromID":"1389574","toID":"1389500","formEdgeID":null},{"edgeID":"1815266","fromID":"1389492","toID":"1389574","formEdgeID":null},{"edgeID":"1815267","fromID":"1389557","toID":"1389575","formEdgeID":null},{"edgeID":"1815268","fromID":"1389575","toID":"1389565","formEdgeID":null},{"edgeID":"1815269","fromID":"1389570","toID":"1389576","formEdgeID":null},{"edgeID":"1815270","fromID":"1389576","toID":"1389575","formEdgeID":null}],"locutions":[]}