{"nodes":[{"nodeID":"1387294","text":"it's quite ridiculous that the minister's talking about his Government's record like that","type":"I","timestamp":"2023-11-09 15:04:02"},{"nodeID":"1387295","text":"AudienceMember 20230427QT14: it's quite ridiculous that the minister's talking about his Government's record like that","type":"L","timestamp":"2023-11-09 15:04:02"},{"nodeID":"1387296","text":"Analysing","type":"YA","timestamp":"2023-11-09 15:04:02"},{"nodeID":"1387297","text":"Anon: AudienceMember 20230427QT14: it's quite ridiculous that the minister's talking about his Government's record like that","type":"L","timestamp":"2023-11-09 15:04:02"},{"nodeID":"1387298","text":"Asserting","type":"YA","timestamp":"2023-11-09 15:04:02"},{"nodeID":"1387299","text":"only this week the Government's own committee on climate change said that they're only on track in five out of forty five of the objectives to reach net zero by 2050","type":"I","timestamp":"2023-11-09 15:04:02"},{"nodeID":"1387300","text":"AudienceMember 20230427QT14: only this week the Government's own committee on climate change said that they're only on track in five out of forty five of the objectives to reach net zero by 2050","type":"L","timestamp":"2023-11-09 15:04:02"},{"nodeID":"1387301","text":"Analysing","type":"YA","timestamp":"2023-11-09 15:04:02"},{"nodeID":"1387302","text":"Anon: AudienceMember 20230427QT14: only this week the Government's own committee on climate change said that they're only on track in five out of forty five of the objectives to reach net zero by 2050","type":"L","timestamp":"2023-11-09 15:04:02"},{"nodeID":"1387303","text":"Asserting","type":"YA","timestamp":"2023-11-09 15:04:02"},{"nodeID":"1387304","text":"Default Transition","type":"TA","timestamp":"2023-11-09 15:04:02"},{"nodeID":"1387305","text":"Default Inference","type":"RA","timestamp":"2023-11-09 15:04:02"},{"nodeID":"1387306","text":"the Government are continuing airport expansion, like here in Bristol","type":"I","timestamp":"2023-11-09 15:04:03"},{"nodeID":"1387307","text":"AudienceMember 20230427QT14: that's a time when, as said before, they're continuing airport expansion, like here in Bristol","type":"L","timestamp":"2023-11-09 15:04:03"},{"nodeID":"1387308","text":"Analysing","type":"YA","timestamp":"2023-11-09 15:04:03"},{"nodeID":"1387309","text":"Anon: AudienceMember 20230427QT14: that's a time when, as said before, they're continuing airport expansion, like here in Bristol","type":"L","timestamp":"2023-11-09 15:04:03"},{"nodeID":"1387310","text":"Asserting","type":"YA","timestamp":"2023-11-09 15:04:03"},{"nodeID":"1387311","text":"Default Transition","type":"TA","timestamp":"2023-11-09 15:04:03"},{"nodeID":"1387312","text":"the Government are also giving new oil licences to places in the North Sea and pushing that forward","type":"I","timestamp":"2023-11-09 15:04:04"},{"nodeID":"1387313","text":"AudienceMember 20230427QT14:  they're also giving new oil licences to places in the North Sea and pushing that forward","type":"L","timestamp":"2023-11-09 15:04:04"},{"nodeID":"1387314","text":"Analysing","type":"YA","timestamp":"2023-11-09 15:04:04"},{"nodeID":"1387315","text":"Anon: AudienceMember 20230427QT14:  they're also giving new oil licences to places in the North Sea and pushing that forward","type":"L","timestamp":"2023-11-09 15:04:04"},{"nodeID":"1387316","text":"Asserting","type":"YA","timestamp":"2023-11-09 15:04:04"},{"nodeID":"1387317","text":"Default Transition","type":"TA","timestamp":"2023-11-09 15:04:04"},{"nodeID":"1387318","text":"the Government, to claim that they're on track, is completely ridiculous","type":"I","timestamp":"2023-11-09 15:04:04"},{"nodeID":"1387319","text":"AudienceMember 20230427QT14: the Government, to claim that they're on track, is completely ridiculous","type":"L","timestamp":"2023-11-09 15:04:04"},{"nodeID":"1387320","text":"Anon: AudienceMember 20230427QT14: the Government, to claim that they're on track, is completely ridiculous","type":"L","timestamp":"2023-11-09 15:04:04"},{"nodeID":"1387321","text":"Analysing","type":"YA","timestamp":"2023-11-09 15:04:04"},{"nodeID":"1387322","text":"Asserting","type":"YA","timestamp":"2023-11-09 15:04:04"},{"nodeID":"1387323","text":"Default Transition","type":"TA","timestamp":"2023-11-09 15:04:04"},{"nodeID":"1387324","text":"Default Rephrase","type":"MA","timestamp":"2023-11-09 15:04:04"},{"nodeID":"1387325","text":"Default Transition","type":"TA","timestamp":"2023-11-09 15:04:04"},{"nodeID":"1387326","text":"Restating","type":"YA","timestamp":"2023-11-09 15:04:04"},{"nodeID":"1387327","text":"the Government has given the green light to the opening of a new Cumbrian coal mine which has been criticised by the UN","type":"I","timestamp":"2023-11-09 15:04:05"},{"nodeID":"1387328","text":"Fiona Bruce: the Government has given the green light to the opening of a new Cumbrian coal mine which has been criticised by the UN","type":"L","timestamp":"2023-11-09 15:04:05"},{"nodeID":"1387329","text":"Anon: Fiona Bruce: the Government has given the green light to the opening of a new Cumbrian coal mine which has been criticised by the UN","type":"L","timestamp":"2023-11-09 15:04:05"},{"nodeID":"1387330","text":"Analysing","type":"YA","timestamp":"2023-11-09 15:04:05"},{"nodeID":"1387331","text":"Asserting","type":"YA","timestamp":"2023-11-09 15:04:05"},{"nodeID":"1387332","text":"Default Transition","type":"TA","timestamp":"2023-11-09 15:04:05"},{"nodeID":"1387333","text":"Default Transition","type":"TA","timestamp":"2023-11-09 15:04:05"},{"nodeID":"1387334","text":"Fiona Bruce: You've got the point here","type":"L","timestamp":"2023-11-09 15:04:05"},{"nodeID":"1387335","text":"Analysing","type":"YA","timestamp":"2023-11-09 15:04:05"},{"nodeID":"1387336","text":"Anon: Fiona Bruce: You've got the point here","type":"L","timestamp":"2023-11-09 15:04:05"},{"nodeID":"1387337","text":"Default Transition","type":"TA","timestamp":"2023-11-09 15:04:05"},{"nodeID":"1387338","text":"Default Transition","type":"TA","timestamp":"2023-11-09 15:04:05"},{"nodeID":"1387339","text":"Agreeing","type":"YA","timestamp":"2023-11-09 15:04:05"},{"nodeID":"1387340","text":"you've also got the climate change committee saying the Government's not on track","type":"I","timestamp":"2023-11-09 15:04:06"},{"nodeID":"1387341","text":"Fiona Bruce: You've also got the climate change committee saying the Government's not on track","type":"L","timestamp":"2023-11-09 15:04:06"},{"nodeID":"1387342","text":"Analysing","type":"YA","timestamp":"2023-11-09 15:04:06"},{"nodeID":"1387343","text":"Anon: Fiona Bruce: You've also got the climate change committee saying the Government's not on track","type":"L","timestamp":"2023-11-09 15:04:06"},{"nodeID":"1387344","text":"Asserting","type":"YA","timestamp":"2023-11-09 15:04:06"},{"nodeID":"1387345","text":"Arguing","type":"YA","timestamp":"2023-11-09 15:04:06"},{"nodeID":"1387346","text":"Default Inference","type":"RA","timestamp":"2023-11-09 15:04:06"},{"nodeID":"1387347","text":"Default Rephrase","type":"MA","timestamp":"2023-11-09 15:04:06"},{"nodeID":"1387348","text":"Default Transition","type":"TA","timestamp":"2023-11-09 15:04:06"},{"nodeID":"1387349","text":"Restating","type":"YA","timestamp":"2023-11-09 15:04:06"},{"nodeID":"1387350","text":"you've got the National Audit Office saying the Government's not on track","type":"I","timestamp":"2023-11-09 15:04:06"},{"nodeID":"1387351","text":"Fiona Bruce: You've got the National Audit Office saying the Government's not on track","type":"L","timestamp":"2023-11-09 15:04:06"},{"nodeID":"1387352","text":"Analysing","type":"YA","timestamp":"2023-11-09 15:04:06"},{"nodeID":"1387353","text":"Anon: Fiona Bruce: You've got the National Audit Office saying the Government's not on track","type":"L","timestamp":"2023-11-09 15:04:06"},{"nodeID":"1387354","text":"Asserting","type":"YA","timestamp":"2023-11-09 15:04:06"},{"nodeID":"1387355","text":"Default Transition","type":"TA","timestamp":"2023-11-09 15:04:06"},{"nodeID":"1387356","text":"Default Rephrase","type":"MA","timestamp":"2023-11-09 15:04:06"},{"nodeID":"1387357","text":"Restating","type":"YA","timestamp":"2023-11-09 15:04:06"},{"nodeID":"1387358","text":"the Government has given the green light to oil and gas licences off Scotland","type":"I","timestamp":"2023-11-09 15:04:07"},{"nodeID":"1387359","text":"Fiona Bruce: Oil and gas licences off Scotland","type":"L","timestamp":"2023-11-09 15:04:07"},{"nodeID":"1387360","text":"Analysing","type":"YA","timestamp":"2023-11-09 15:04:07"},{"nodeID":"1387361","text":"Anon: Fiona Bruce: Oil and gas licences off Scotland","type":"L","timestamp":"2023-11-09 15:04:07"},{"nodeID":"1387362","text":"Asserting","type":"YA","timestamp":"2023-11-09 15:04:07"},{"nodeID":"1387363","text":"Default Transition","type":"TA","timestamp":"2023-11-09 15:04:07"},{"nodeID":"1387364","text":"Arguing","type":"YA","timestamp":"2023-11-09 15:04:07"},{"nodeID":"1387365","text":"Default Transition","type":"TA","timestamp":"2023-11-09 15:04:07"},{"nodeID":"1387366","text":"you're not going to get to net zero by 2050","type":"I","timestamp":"2023-11-09 15:04:08"},{"nodeID":"1387367","text":"Analysing","type":"YA","timestamp":"2023-11-09 15:04:08"},{"nodeID":"1387368","text":"Fiona Bruce: What makes you so sure you're going to get to net zero by 2050","type":"L","timestamp":"2023-11-09 15:04:08"},{"nodeID":"1387369","text":"Anon: Fiona Bruce: What makes you so sure you're going to get to net zero by 2050","type":"L","timestamp":"2023-11-09 15:04:08"},{"nodeID":"1387370","text":"Rhetorical Questioning","type":"YA","timestamp":"2023-11-09 15:04:08"},{"nodeID":"1387371","text":"Default Transition","type":"TA","timestamp":"2023-11-09 15:04:08"},{"nodeID":"1387372","text":"Default Transition","type":"TA","timestamp":"2023-11-09 15:04:08"},{"nodeID":"1387373","text":"Default Inference","type":"RA","timestamp":"2023-11-09 15:04:08"},{"nodeID":"1387374","text":"Arguing","type":"YA","timestamp":"2023-11-09 15:04:08"}],"edges":[{"edgeID":"1812534","fromID":"1387296","toID":"1387295","formEdgeID":null},{"edgeID":"1812535","fromID":"1387297","toID":"1387296","formEdgeID":null},{"edgeID":"1812536","fromID":"1387298","toID":"1387294","formEdgeID":null},{"edgeID":"1812537","fromID":"1387295","toID":"1387298","formEdgeID":null},{"edgeID":"1812538","fromID":"1387301","toID":"1387300","formEdgeID":null},{"edgeID":"1812539","fromID":"1387302","toID":"1387301","formEdgeID":null},{"edgeID":"1812540","fromID":"1387300","toID":"1387303","formEdgeID":null},{"edgeID":"1812541","fromID":"1387303","toID":"1387299","formEdgeID":null},{"edgeID":"1812542","fromID":"1387295","toID":"1387304","formEdgeID":null},{"edgeID":"1812543","fromID":"1387304","toID":"1387300","formEdgeID":null},{"edgeID":"1812544","fromID":"1387299","toID":"1387305","formEdgeID":null},{"edgeID":"1812545","fromID":"1387305","toID":"1387294","formEdgeID":null},{"edgeID":"1812546","fromID":"1387308","toID":"1387307","formEdgeID":null},{"edgeID":"1812547","fromID":"1387309","toID":"1387308","formEdgeID":null},{"edgeID":"1812548","fromID":"1387307","toID":"1387310","formEdgeID":null},{"edgeID":"1812549","fromID":"1387310","toID":"1387306","formEdgeID":null},{"edgeID":"1812550","fromID":"1387300","toID":"1387311","formEdgeID":null},{"edgeID":"1812551","fromID":"1387311","toID":"1387307","formEdgeID":null},{"edgeID":"1812552","fromID":"1387314","toID":"1387313","formEdgeID":null},{"edgeID":"1812553","fromID":"1387315","toID":"1387314","formEdgeID":null},{"edgeID":"1812554","fromID":"1387316","toID":"1387312","formEdgeID":null},{"edgeID":"1812555","fromID":"1387313","toID":"1387316","formEdgeID":null},{"edgeID":"1812556","fromID":"1387300","toID":"1387317","formEdgeID":null},{"edgeID":"1812557","fromID":"1387317","toID":"1387313","formEdgeID":null},{"edgeID":"1812558","fromID":"1387321","toID":"1387319","formEdgeID":null},{"edgeID":"1812559","fromID":"1387320","toID":"1387321","formEdgeID":null},{"edgeID":"1812560","fromID":"1387319","toID":"1387322","formEdgeID":null},{"edgeID":"1812561","fromID":"1387322","toID":"1387318","formEdgeID":null},{"edgeID":"1812562","fromID":"1387313","toID":"1387323","formEdgeID":null},{"edgeID":"1812563","fromID":"1387323","toID":"1387319","formEdgeID":null},{"edgeID":"1812564","fromID":"1387318","toID":"1387324","formEdgeID":null},{"edgeID":"1812565","fromID":"1387324","toID":"1387294","formEdgeID":null},{"edgeID":"1812566","fromID":"1387295","toID":"1387325","formEdgeID":null},{"edgeID":"1812567","fromID":"1387325","toID":"1387319","formEdgeID":null},{"edgeID":"1812568","fromID":"1387325","toID":"1387326","formEdgeID":null},{"edgeID":"1812569","fromID":"1387326","toID":"1387324","formEdgeID":null},{"edgeID":"1812570","fromID":"1387330","toID":"1387328","formEdgeID":null},{"edgeID":"1812571","fromID":"1387329","toID":"1387330","formEdgeID":null},{"edgeID":"1812572","fromID":"1387331","toID":"1387327","formEdgeID":null},{"edgeID":"1812573","fromID":"1387328","toID":"1387331","formEdgeID":null},{"edgeID":"1812574","fromID":"1387300","toID":"1387332","formEdgeID":null},{"edgeID":"1812575","fromID":"1387332","toID":"1387328","formEdgeID":null},{"edgeID":"1812576","fromID":"1387319","toID":"1387333","formEdgeID":null},{"edgeID":"1812577","fromID":"1387333","toID":"1387328","formEdgeID":null},{"edgeID":"1812578","fromID":"1387335","toID":"1387334","formEdgeID":null},{"edgeID":"1812579","fromID":"1387336","toID":"1387335","formEdgeID":null},{"edgeID":"1812580","fromID":"1387319","toID":"1387337","formEdgeID":null},{"edgeID":"1812581","fromID":"1387337","toID":"1387334","formEdgeID":null},{"edgeID":"1812582","fromID":"1387328","toID":"1387338","formEdgeID":null},{"edgeID":"1812583","fromID":"1387338","toID":"1387334","formEdgeID":null},{"edgeID":"1812584","fromID":"1387337","toID":"1387339","formEdgeID":null},{"edgeID":"1812585","fromID":"1387339","toID":"1387318","formEdgeID":null},{"edgeID":"1812586","fromID":"1387342","toID":"1387341","formEdgeID":null},{"edgeID":"1812587","fromID":"1387343","toID":"1387342","formEdgeID":null},{"edgeID":"1812588","fromID":"1387341","toID":"1387344","formEdgeID":null},{"edgeID":"1812589","fromID":"1387344","toID":"1387340","formEdgeID":null},{"edgeID":"1812590","fromID":"1387345","toID":"1387305","formEdgeID":null},{"edgeID":"1812591","fromID":"1387304","toID":"1387345","formEdgeID":null},{"edgeID":"1812592","fromID":"1387327","toID":"1387346","formEdgeID":null},{"edgeID":"1812593","fromID":"1387312","toID":"1387346","formEdgeID":null},{"edgeID":"1812594","fromID":"1387346","toID":"1387299","formEdgeID":null},{"edgeID":"1812595","fromID":"1387306","toID":"1387346","formEdgeID":null},{"edgeID":"1812596","fromID":"1387347","toID":"1387299","formEdgeID":null},{"edgeID":"1812597","fromID":"1387340","toID":"1387347","formEdgeID":null},{"edgeID":"1812598","fromID":"1387300","toID":"1387348","formEdgeID":null},{"edgeID":"1812599","fromID":"1387348","toID":"1387341","formEdgeID":null},{"edgeID":"1812600","fromID":"1387348","toID":"1387349","formEdgeID":null},{"edgeID":"1812601","fromID":"1387349","toID":"1387347","formEdgeID":null},{"edgeID":"1812602","fromID":"1387352","toID":"1387351","formEdgeID":null},{"edgeID":"1812603","fromID":"1387353","toID":"1387352","formEdgeID":null},{"edgeID":"1812604","fromID":"1387351","toID":"1387354","formEdgeID":null},{"edgeID":"1812605","fromID":"1387354","toID":"1387350","formEdgeID":null},{"edgeID":"1812606","fromID":"1387341","toID":"1387355","formEdgeID":null},{"edgeID":"1812607","fromID":"1387355","toID":"1387351","formEdgeID":null},{"edgeID":"1812608","fromID":"1387350","toID":"1387356","formEdgeID":null},{"edgeID":"1812609","fromID":"1387356","toID":"1387340","formEdgeID":null},{"edgeID":"1812610","fromID":"1387355","toID":"1387357","formEdgeID":null},{"edgeID":"1812611","fromID":"1387357","toID":"1387356","formEdgeID":null},{"edgeID":"1812612","fromID":"1387360","toID":"1387359","formEdgeID":null},{"edgeID":"1812613","fromID":"1387361","toID":"1387360","formEdgeID":null},{"edgeID":"1812614","fromID":"1387359","toID":"1387362","formEdgeID":null},{"edgeID":"1812615","fromID":"1387362","toID":"1387358","formEdgeID":null},{"edgeID":"1812616","fromID":"1387300","toID":"1387363","formEdgeID":null},{"edgeID":"1812617","fromID":"1387363","toID":"1387359","formEdgeID":null},{"edgeID":"1812618","fromID":"1387363","toID":"1387364","formEdgeID":null},{"edgeID":"1812619","fromID":"1387364","toID":"1387346","formEdgeID":null},{"edgeID":"1812620","fromID":"1387351","toID":"1387365","formEdgeID":null},{"edgeID":"1812621","fromID":"1387365","toID":"1387359","formEdgeID":null},{"edgeID":"1812622","fromID":"1387367","toID":"1387368","formEdgeID":null},{"edgeID":"1812623","fromID":"1387369","toID":"1387367","formEdgeID":null},{"edgeID":"1812624","fromID":"1387368","toID":"1387370","formEdgeID":null},{"edgeID":"1812625","fromID":"1387370","toID":"1387366","formEdgeID":null},{"edgeID":"1812626","fromID":"1387359","toID":"1387371","formEdgeID":null},{"edgeID":"1812627","fromID":"1387371","toID":"1387368","formEdgeID":null},{"edgeID":"1812628","fromID":"1387351","toID":"1387372","formEdgeID":null},{"edgeID":"1812629","fromID":"1387372","toID":"1387368","formEdgeID":null},{"edgeID":"1812630","fromID":"1387350","toID":"1387373","formEdgeID":null},{"edgeID":"1812631","fromID":"1387373","toID":"1387366","formEdgeID":null},{"edgeID":"1812632","fromID":"1387372","toID":"1387374","formEdgeID":null},{"edgeID":"1812633","fromID":"1387374","toID":"1387373","formEdgeID":null}],"locutions":[]}