{"nodes":[{"nodeID":"1385753","text":"the other thing that makes Helen Morgan quite angry is that the safe and legal routes that are in place we know are a fallacy","type":"I","timestamp":"2023-11-09 15:01:48"},{"nodeID":"1385754","text":"Helen Morgan: the other thing that makes me quite angry is that the safe and legal routes that are in place we are known are a fallacy","type":"L","timestamp":"2023-11-09 15:01:48"},{"nodeID":"1385755","text":"Analysing","type":"YA","timestamp":"2023-11-09 15:01:48"},{"nodeID":"1385756","text":"Chris: Helen Morgan: the other thing that makes me quite angry is that the safe and legal routes that are in place we are known are a fallacy","type":"L","timestamp":"2023-11-09 15:01:48"},{"nodeID":"1385757","text":"Asserting","type":"YA","timestamp":"2023-11-09 15:01:48"},{"nodeID":"1385758","text":"we know there are people in Afghanistan who have a right to come to the UK, who've been asked to go to the Taliban to get their documents stamped to come here","type":"I","timestamp":"2023-11-09 15:01:49"},{"nodeID":"1385759","text":"Helen Morgan: We know there are people in Afghanistan who have a right to come here, who've been asked to go to the Taliban to get their documents stamped to come here","type":"L","timestamp":"2023-11-09 15:01:49"},{"nodeID":"1385760","text":"Analysing","type":"YA","timestamp":"2023-11-09 15:01:49"},{"nodeID":"1385761","text":"Chris: Helen Morgan: We know there are people in Afghanistan who have a right to come here, who've been asked to go to the Taliban to get their documents stamped to come here","type":"L","timestamp":"2023-11-09 15:01:49"},{"nodeID":"1385762","text":"Asserting","type":"YA","timestamp":"2023-11-09 15:01:49"},{"nodeID":"1385763","text":"Default Inference","type":"RA","timestamp":"2023-11-09 15:01:49"},{"nodeID":"1385764","text":"Default Transition","type":"TA","timestamp":"2023-11-09 15:01:49"},{"nodeID":"1385765","text":"Arguing","type":"YA","timestamp":"2023-11-09 15:01:49"},{"nodeID":"1385766","text":"frankly the way the UK is treating migrants at the moment, it's not only incompetent and highly costly","type":"I","timestamp":"2023-11-09 15:01:50"},{"nodeID":"1385767","text":"Helen Morgan: frankly the way we're treating migrants at the moment, it's not only incompetent and highly costly","type":"L","timestamp":"2023-11-09 15:01:50"},{"nodeID":"1385768","text":"Analysing","type":"YA","timestamp":"2023-11-09 15:01:50"},{"nodeID":"1385769","text":"Chris: Helen Morgan: frankly the way we're treating migrants at the moment, it's not only incompetent and highly costly","type":"L","timestamp":"2023-11-09 15:01:50"},{"nodeID":"1385770","text":"Asserting","type":"YA","timestamp":"2023-11-09 15:01:50"},{"nodeID":"1385771","text":"Default Transition","type":"TA","timestamp":"2023-11-09 15:01:50"},{"nodeID":"1385772","text":"the way the UK is treating migrants at the moment is frankly inhumane and it's shameful","type":"I","timestamp":"2023-11-09 15:01:50"},{"nodeID":"1385773","text":"Helen Morgan: it's frankly inhumane and it's shameful","type":"L","timestamp":"2023-11-09 15:01:50"},{"nodeID":"1385774","text":"Analysing","type":"YA","timestamp":"2023-11-09 15:01:50"},{"nodeID":"1385775","text":"Chris: Helen Morgan: it's frankly inhumane and it's shameful","type":"L","timestamp":"2023-11-09 15:01:50"},{"nodeID":"1385776","text":"Asserting","type":"YA","timestamp":"2023-11-09 15:01:50"},{"nodeID":"1385777","text":"Default Transition","type":"TA","timestamp":"2023-11-09 15:01:50"},{"nodeID":"1385778","text":"Default Rephrase","type":"MA","timestamp":"2023-11-09 15:01:50"},{"nodeID":"1385779","text":"Restating","type":"YA","timestamp":"2023-11-09 15:01:50"},{"nodeID":"1385780","text":"the Government seems to be focusing on the wrong issue here","type":"I","timestamp":"2023-11-09 15:01:51"},{"nodeID":"1385781","text":"AudienceMember 20230427QT07: the Government seems to be focusing on the wrong issue here","type":"L","timestamp":"2023-11-09 15:01:51"},{"nodeID":"1385782","text":"Analysing","type":"YA","timestamp":"2023-11-09 15:01:51"},{"nodeID":"1385783","text":"Chris: AudienceMember 20230427QT07: the Government seems to be focusing on the wrong issue here","type":"L","timestamp":"2023-11-09 15:01:51"},{"nodeID":"1385784","text":"Asserting","type":"YA","timestamp":"2023-11-09 15:01:51"},{"nodeID":"1385785","text":"Default Transition","type":"TA","timestamp":"2023-11-09 15:01:51"},{"nodeID":"1385786","text":"the Government is focusing on the symptoms and not the cause","type":"I","timestamp":"2023-11-09 15:01:52"},{"nodeID":"1385787","text":"AudienceMember 20230427QT07: It's focusing on the symptoms and not the cause","type":"L","timestamp":"2023-11-09 15:01:52"},{"nodeID":"1385788","text":"Analysing","type":"YA","timestamp":"2023-11-09 15:01:52"},{"nodeID":"1385789","text":"Chris: AudienceMember 20230427QT07: It's focusing on the symptoms and not the cause","type":"L","timestamp":"2023-11-09 15:01:52"},{"nodeID":"1385790","text":"Asserting","type":"YA","timestamp":"2023-11-09 15:01:52"},{"nodeID":"1385791","text":"Default Transition","type":"TA","timestamp":"2023-11-09 15:01:52"},{"nodeID":"1385792","text":"Default Inference","type":"RA","timestamp":"2023-11-09 15:01:52"},{"nodeID":"1385793","text":"Arguing","type":"YA","timestamp":"2023-11-09 15:01:52"},{"nodeID":"1385794","text":"we constantly keep hearing sound bites from this Government about Rwanda","type":"I","timestamp":"2023-11-09 15:01:52"},{"nodeID":"1385795","text":"AudienceMember 20230427QT07: we constantly keep hearing sound bites from this Government about Rwanda","type":"L","timestamp":"2023-11-09 15:01:52"},{"nodeID":"1385796","text":"Analysing","type":"YA","timestamp":"2023-11-09 15:01:52"},{"nodeID":"1385797","text":"Chris: AudienceMember 20230427QT07: we constantly keep hearing sound bites from this Government about Rwanda","type":"L","timestamp":"2023-11-09 15:01:52"},{"nodeID":"1385798","text":"Asserting","type":"YA","timestamp":"2023-11-09 15:01:52"},{"nodeID":"1385799","text":"Default Rephrase","type":"MA","timestamp":"2023-11-09 15:01:52"},{"nodeID":"1385800","text":"Default Transition","type":"TA","timestamp":"2023-11-09 15:01:52"},{"nodeID":"1385801","text":"Restating","type":"YA","timestamp":"2023-11-09 15:01:52"},{"nodeID":"1385802","text":"AudienceMember 20230427QT07 was an asylum seeker looking to cross the Channel","type":"I","timestamp":"2023-11-09 15:01:53"},{"nodeID":"1385803","text":"AudienceMember 20230427QT07 would be more concerned about drowning","type":"I","timestamp":"2023-11-09 15:01:53"},{"nodeID":"1385804","text":"AudienceMember 20230427QT07: I'd be more concerned about drowning","type":"L","timestamp":"2023-11-09 15:01:53"},{"nodeID":"1385805","text":"Analysing","type":"YA","timestamp":"2023-11-09 15:01:53"},{"nodeID":"1385806","text":"Chris: AudienceMember 20230427QT07: I'd be more concerned about drowning","type":"L","timestamp":"2023-11-09 15:01:53"},{"nodeID":"1385807","text":"Asserting","type":"YA","timestamp":"2023-11-09 15:01:53"},{"nodeID":"1385808","text":"Default Inference","type":"RA","timestamp":"2023-11-09 15:01:53"},{"nodeID":"1385809","text":"these people are willing to risk their life","type":"I","timestamp":"2023-11-09 15:01:54"},{"nodeID":"1385810","text":"AudienceMember 20230427QT07: these people are willing to risk their life","type":"L","timestamp":"2023-11-09 15:01:54"},{"nodeID":"1385811","text":"Analysing","type":"YA","timestamp":"2023-11-09 15:01:54"},{"nodeID":"1385812","text":"Chris: AudienceMember 20230427QT07: these people are willing to risk their life","type":"L","timestamp":"2023-11-09 15:01:54"},{"nodeID":"1385813","text":"Asserting","type":"YA","timestamp":"2023-11-09 15:01:54"},{"nodeID":"1385814","text":"Default Rephrase","type":"MA","timestamp":"2023-11-09 15:01:54"},{"nodeID":"1385815","text":"Default Transition","type":"TA","timestamp":"2023-11-09 15:01:54"},{"nodeID":"1385816","text":"Restating","type":"YA","timestamp":"2023-11-09 15:01:54"},{"nodeID":"1385817","text":"AudienceMember 20230427QT07 wouldn't give a damn about going to Rwanda","type":"I","timestamp":"2023-11-09 15:01:55"},{"nodeID":"1385818","text":"AudienceMember 20230427QT07: I wouldn't give a damn about going to Rwanda","type":"L","timestamp":"2023-11-09 15:01:55"},{"nodeID":"1385819","text":"Analysing","type":"YA","timestamp":"2023-11-09 15:01:55"},{"nodeID":"1385820","text":"Chris: AudienceMember 20230427QT07: I wouldn't give a damn about going to Rwanda","type":"L","timestamp":"2023-11-09 15:01:55"},{"nodeID":"1385821","text":"Asserting","type":"YA","timestamp":"2023-11-09 15:01:55"},{"nodeID":"1385822","text":"Default Inference","type":"RA","timestamp":"2023-11-09 15:01:55"},{"nodeID":"1385823","text":"AudienceMember 20230427QT07 would be more concerned about the risk of crossing the Channel in a small dingy","type":"I","timestamp":"2023-11-09 15:01:55"},{"nodeID":"1385824","text":"AudienceMember 20230427QT07: I'd be more concerned about the risk of crossing the Channel in a small dingy","type":"L","timestamp":"2023-11-09 15:01:55"},{"nodeID":"1385825","text":"Analysing","type":"YA","timestamp":"2023-11-09 15:01:55"},{"nodeID":"1385826","text":"Chris: AudienceMember 20230427QT07: I'd be more concerned about the risk of crossing the Channel in a small dingy","type":"L","timestamp":"2023-11-09 15:01:55"},{"nodeID":"1385827","text":"Asserting","type":"YA","timestamp":"2023-11-09 15:01:55"},{"nodeID":"1385828","text":"Default Transition","type":"TA","timestamp":"2023-11-09 15:01:55"},{"nodeID":"1385829","text":"Default Inference","type":"RA","timestamp":"2023-11-09 15:01:55"},{"nodeID":"1385830","text":"Arguing","type":"YA","timestamp":"2023-11-09 15:01:55"},{"nodeID":"1385831","text":"Default Rephrase","type":"MA","timestamp":"2023-11-09 15:01:55"},{"nodeID":"1385832","text":"Default Transition","type":"TA","timestamp":"2023-11-09 15:01:55"},{"nodeID":"1385833","text":"Restating","type":"YA","timestamp":"2023-11-09 15:01:55"},{"nodeID":"1385834","text":"the cause is obviously we've got global issues where people are being displaced through war or famine","type":"I","timestamp":"2023-11-09 15:01:56"},{"nodeID":"1385835","text":"AudienceMember 20230427QT07: The cause is obviously we've got global issues where people are being displaced through war or famine","type":"L","timestamp":"2023-11-09 15:01:56"},{"nodeID":"1385836","text":"Analysing","type":"YA","timestamp":"2023-11-09 15:01:56"},{"nodeID":"1385837","text":"Chris: AudienceMember 20230427QT07: The cause is obviously we've got global issues where people are being displaced through war or famine","type":"L","timestamp":"2023-11-09 15:01:56"},{"nodeID":"1385838","text":"Asserting","type":"YA","timestamp":"2023-11-09 15:01:56"},{"nodeID":"1385839","text":"Default Transition","type":"TA","timestamp":"2023-11-09 15:01:56"},{"nodeID":"1385840","text":"Default Rephrase","type":"MA","timestamp":"2023-11-09 15:01:56"},{"nodeID":"1385841","text":"Restating","type":"YA","timestamp":"2023-11-09 15:01:56"},{"nodeID":"1385842","text":"global issues of war and famine related displacement are going to take a while to resolve","type":"I","timestamp":"2023-11-09 15:01:57"},{"nodeID":"1385843","text":"AudienceMember 20230427QT07: that's going to take a while to resolve","type":"L","timestamp":"2023-11-09 15:01:57"},{"nodeID":"1385844","text":"Analysing","type":"YA","timestamp":"2023-11-09 15:01:57"},{"nodeID":"1385845","text":"Chris: AudienceMember 20230427QT07: that's going to take a while to resolve","type":"L","timestamp":"2023-11-09 15:01:57"},{"nodeID":"1385846","text":"Asserting","type":"YA","timestamp":"2023-11-09 15:01:57"},{"nodeID":"1385847","text":"Default Transition","type":"TA","timestamp":"2023-11-09 15:01:57"},{"nodeID":"1385848","text":"Default Rephrase","type":"MA","timestamp":"2023-11-09 15:01:57"},{"nodeID":"1385849","text":"Restating","type":"YA","timestamp":"2023-11-09 15:01:57"},{"nodeID":"1385850","text":"Default Conflict","type":"CA","timestamp":"2023-11-09 15:01:57"},{"nodeID":"1385851","text":"Default Transition","type":"TA","timestamp":"2023-11-09 15:01:57"},{"nodeID":"1385852","text":"Disagreeing","type":"YA","timestamp":"2023-11-09 15:01:57"},{"nodeID":"1385853","text":"AudienceMember 20230427QT07:  I was an asylum seeker looking to cross the Channel","type":"L","timestamp":"2023-11-09 15:01:57"},{"nodeID":"1385854","text":"Analysing","type":"YA","timestamp":"2023-11-09 15:01:57"},{"nodeID":"1385855","text":"Chris: AudienceMember 20230427QT07:  I was an asylum seeker looking to cross the Channel","type":"L","timestamp":"2023-11-09 15:01:57"},{"nodeID":"1385856","text":"Asserting","type":"YA","timestamp":"2023-11-09 15:01:57"},{"nodeID":"1385857","text":"Default Transition","type":"TA","timestamp":"2023-11-09 15:01:57"},{"nodeID":"1385858","text":"Default Transition","type":"TA","timestamp":"2023-11-09 15:01:57"},{"nodeID":"1385859","text":"Default Transition","type":"TA","timestamp":"2023-11-09 15:01:57"},{"nodeID":"1385860","text":"Arguing","type":"YA","timestamp":"2023-11-09 15:01:57"},{"nodeID":"1385861","text":"Arguing","type":"YA","timestamp":"2023-11-09 15:01:57"}],"edges":[{"edgeID":"1810704","fromID":"1385755","toID":"1385754","formEdgeID":null},{"edgeID":"1810705","fromID":"1385756","toID":"1385755","formEdgeID":null},{"edgeID":"1810706","fromID":"1385754","toID":"1385757","formEdgeID":null},{"edgeID":"1810707","fromID":"1385757","toID":"1385753","formEdgeID":null},{"edgeID":"1810708","fromID":"1385760","toID":"1385759","formEdgeID":null},{"edgeID":"1810709","fromID":"1385761","toID":"1385760","formEdgeID":null},{"edgeID":"1810710","fromID":"1385759","toID":"1385762","formEdgeID":null},{"edgeID":"1810711","fromID":"1385762","toID":"1385758","formEdgeID":null},{"edgeID":"1810712","fromID":"1385758","toID":"1385763","formEdgeID":null},{"edgeID":"1810713","fromID":"1385763","toID":"1385753","formEdgeID":null},{"edgeID":"1810714","fromID":"1385754","toID":"1385764","formEdgeID":null},{"edgeID":"1810715","fromID":"1385764","toID":"1385759","formEdgeID":null},{"edgeID":"1810716","fromID":"1385764","toID":"1385765","formEdgeID":null},{"edgeID":"1810717","fromID":"1385765","toID":"1385763","formEdgeID":null},{"edgeID":"1810718","fromID":"1385768","toID":"1385767","formEdgeID":null},{"edgeID":"1810719","fromID":"1385769","toID":"1385768","formEdgeID":null},{"edgeID":"1810720","fromID":"1385767","toID":"1385770","formEdgeID":null},{"edgeID":"1810721","fromID":"1385770","toID":"1385766","formEdgeID":null},{"edgeID":"1810722","fromID":"1385759","toID":"1385771","formEdgeID":null},{"edgeID":"1810723","fromID":"1385771","toID":"1385767","formEdgeID":null},{"edgeID":"1810724","fromID":"1385774","toID":"1385773","formEdgeID":null},{"edgeID":"1810725","fromID":"1385775","toID":"1385774","formEdgeID":null},{"edgeID":"1810726","fromID":"1385773","toID":"1385776","formEdgeID":null},{"edgeID":"1810727","fromID":"1385776","toID":"1385772","formEdgeID":null},{"edgeID":"1810728","fromID":"1385767","toID":"1385777","formEdgeID":null},{"edgeID":"1810729","fromID":"1385777","toID":"1385773","formEdgeID":null},{"edgeID":"1810730","fromID":"1385772","toID":"1385778","formEdgeID":null},{"edgeID":"1810731","fromID":"1385778","toID":"1385766","formEdgeID":null},{"edgeID":"1810732","fromID":"1385777","toID":"1385779","formEdgeID":null},{"edgeID":"1810733","fromID":"1385779","toID":"1385778","formEdgeID":null},{"edgeID":"1810734","fromID":"1385782","toID":"1385781","formEdgeID":null},{"edgeID":"1810735","fromID":"1385783","toID":"1385782","formEdgeID":null},{"edgeID":"1810736","fromID":"1385781","toID":"1385784","formEdgeID":null},{"edgeID":"1810737","fromID":"1385784","toID":"1385780","formEdgeID":null},{"edgeID":"1810738","fromID":"1385773","toID":"1385785","formEdgeID":null},{"edgeID":"1810739","fromID":"1385785","toID":"1385781","formEdgeID":null},{"edgeID":"1810740","fromID":"1385788","toID":"1385787","formEdgeID":null},{"edgeID":"1810741","fromID":"1385789","toID":"1385788","formEdgeID":null},{"edgeID":"1810742","fromID":"1385787","toID":"1385790","formEdgeID":null},{"edgeID":"1810743","fromID":"1385790","toID":"1385786","formEdgeID":null},{"edgeID":"1810744","fromID":"1385781","toID":"1385791","formEdgeID":null},{"edgeID":"1810745","fromID":"1385791","toID":"1385787","formEdgeID":null},{"edgeID":"1810746","fromID":"1385786","toID":"1385792","formEdgeID":null},{"edgeID":"1810747","fromID":"1385792","toID":"1385780","formEdgeID":null},{"edgeID":"1810748","fromID":"1385791","toID":"1385793","formEdgeID":null},{"edgeID":"1810749","fromID":"1385793","toID":"1385792","formEdgeID":null},{"edgeID":"1810750","fromID":"1385796","toID":"1385795","formEdgeID":null},{"edgeID":"1810751","fromID":"1385797","toID":"1385796","formEdgeID":null},{"edgeID":"1810752","fromID":"1385795","toID":"1385798","formEdgeID":null},{"edgeID":"1810753","fromID":"1385798","toID":"1385794","formEdgeID":null},{"edgeID":"1810754","fromID":"1385794","toID":"1385799","formEdgeID":null},{"edgeID":"1810755","fromID":"1385799","toID":"1385786","formEdgeID":null},{"edgeID":"1810756","fromID":"1385787","toID":"1385800","formEdgeID":null},{"edgeID":"1810757","fromID":"1385800","toID":"1385795","formEdgeID":null},{"edgeID":"1810758","fromID":"1385800","toID":"1385801","formEdgeID":null},{"edgeID":"1810759","fromID":"1385801","toID":"1385799","formEdgeID":null},{"edgeID":"1810760","fromID":"1385805","toID":"1385804","formEdgeID":null},{"edgeID":"1810761","fromID":"1385806","toID":"1385805","formEdgeID":null},{"edgeID":"1810762","fromID":"1385804","toID":"1385807","formEdgeID":null},{"edgeID":"1810763","fromID":"1385807","toID":"1385803","formEdgeID":null},{"edgeID":"1810764","fromID":"1385802","toID":"1385808","formEdgeID":null},{"edgeID":"1810765","fromID":"1385808","toID":"1385803","formEdgeID":null},{"edgeID":"1810766","fromID":"1385811","toID":"1385810","formEdgeID":null},{"edgeID":"1810767","fromID":"1385812","toID":"1385811","formEdgeID":null},{"edgeID":"1810768","fromID":"1385810","toID":"1385813","formEdgeID":null},{"edgeID":"1810769","fromID":"1385813","toID":"1385809","formEdgeID":null},{"edgeID":"1810770","fromID":"1385809","toID":"1385814","formEdgeID":null},{"edgeID":"1810771","fromID":"1385814","toID":"1385803","formEdgeID":null},{"edgeID":"1810772","fromID":"1385804","toID":"1385815","formEdgeID":null},{"edgeID":"1810773","fromID":"1385815","toID":"1385810","formEdgeID":null},{"edgeID":"1810774","fromID":"1385815","toID":"1385816","formEdgeID":null},{"edgeID":"1810775","fromID":"1385816","toID":"1385814","formEdgeID":null},{"edgeID":"1810776","fromID":"1385819","toID":"1385818","formEdgeID":null},{"edgeID":"1810777","fromID":"1385820","toID":"1385819","formEdgeID":null},{"edgeID":"1810778","fromID":"1385818","toID":"1385821","formEdgeID":null},{"edgeID":"1810779","fromID":"1385821","toID":"1385817","formEdgeID":null},{"edgeID":"1810780","fromID":"1385817","toID":"1385822","formEdgeID":null},{"edgeID":"1810781","fromID":"1385822","toID":"1385802","formEdgeID":null},{"edgeID":"1810782","fromID":"1385825","toID":"1385824","formEdgeID":null},{"edgeID":"1810783","fromID":"1385826","toID":"1385825","formEdgeID":null},{"edgeID":"1810784","fromID":"1385824","toID":"1385827","formEdgeID":null},{"edgeID":"1810785","fromID":"1385827","toID":"1385823","formEdgeID":null},{"edgeID":"1810786","fromID":"1385818","toID":"1385828","formEdgeID":null},{"edgeID":"1810787","fromID":"1385828","toID":"1385824","formEdgeID":null},{"edgeID":"1810788","fromID":"1385823","toID":"1385829","formEdgeID":null},{"edgeID":"1810789","fromID":"1385829","toID":"1385817","formEdgeID":null},{"edgeID":"1810790","fromID":"1385828","toID":"1385830","formEdgeID":null},{"edgeID":"1810791","fromID":"1385830","toID":"1385829","formEdgeID":null},{"edgeID":"1810792","fromID":"1385823","toID":"1385831","formEdgeID":null},{"edgeID":"1810793","fromID":"1385831","toID":"1385803","formEdgeID":null},{"edgeID":"1810794","fromID":"1385804","toID":"1385832","formEdgeID":null},{"edgeID":"1810795","fromID":"1385832","toID":"1385824","formEdgeID":null},{"edgeID":"1810796","fromID":"1385832","toID":"1385833","formEdgeID":null},{"edgeID":"1810797","fromID":"1385833","toID":"1385831","formEdgeID":null},{"edgeID":"1810798","fromID":"1385836","toID":"1385835","formEdgeID":null},{"edgeID":"1810799","fromID":"1385837","toID":"1385836","formEdgeID":null},{"edgeID":"1810800","fromID":"1385835","toID":"1385838","formEdgeID":null},{"edgeID":"1810801","fromID":"1385838","toID":"1385834","formEdgeID":null},{"edgeID":"1810802","fromID":"1385787","toID":"1385839","formEdgeID":null},{"edgeID":"1810803","fromID":"1385839","toID":"1385835","formEdgeID":null},{"edgeID":"1810804","fromID":"1385834","toID":"1385840","formEdgeID":null},{"edgeID":"1810805","fromID":"1385840","toID":"1385786","formEdgeID":null},{"edgeID":"1810806","fromID":"1385839","toID":"1385841","formEdgeID":null},{"edgeID":"1810807","fromID":"1385841","toID":"1385840","formEdgeID":null},{"edgeID":"1810808","fromID":"1385844","toID":"1385843","formEdgeID":null},{"edgeID":"1810809","fromID":"1385845","toID":"1385844","formEdgeID":null},{"edgeID":"1810810","fromID":"1385843","toID":"1385846","formEdgeID":null},{"edgeID":"1810811","fromID":"1385846","toID":"1385842","formEdgeID":null},{"edgeID":"1810812","fromID":"1385835","toID":"1385847","formEdgeID":null},{"edgeID":"1810813","fromID":"1385847","toID":"1385843","formEdgeID":null},{"edgeID":"1810814","fromID":"1385842","toID":"1385848","formEdgeID":null},{"edgeID":"1810815","fromID":"1385848","toID":"1385834","formEdgeID":null},{"edgeID":"1810816","fromID":"1385847","toID":"1385849","formEdgeID":null},{"edgeID":"1810817","fromID":"1385849","toID":"1385848","formEdgeID":null},{"edgeID":"1810818","fromID":"1385817","toID":"1385850","formEdgeID":null},{"edgeID":"1810819","fromID":"1385850","toID":"1385794","formEdgeID":null},{"edgeID":"1810820","fromID":"1385795","toID":"1385851","formEdgeID":null},{"edgeID":"1810821","fromID":"1385851","toID":"1385818","formEdgeID":null},{"edgeID":"1810822","fromID":"1385851","toID":"1385852","formEdgeID":null},{"edgeID":"1810823","fromID":"1385852","toID":"1385850","formEdgeID":null},{"edgeID":"1810824","fromID":"1385854","toID":"1385853","formEdgeID":null},{"edgeID":"1810825","fromID":"1385855","toID":"1385854","formEdgeID":null},{"edgeID":"1810826","fromID":"1385853","toID":"1385856","formEdgeID":null},{"edgeID":"1810827","fromID":"1385856","toID":"1385802","formEdgeID":null},{"edgeID":"1810828","fromID":"1385795","toID":"1385857","formEdgeID":null},{"edgeID":"1810829","fromID":"1385857","toID":"1385853","formEdgeID":null},{"edgeID":"1810830","fromID":"1385853","toID":"1385858","formEdgeID":null},{"edgeID":"1810831","fromID":"1385858","toID":"1385804","formEdgeID":null},{"edgeID":"1810832","fromID":"1385853","toID":"1385859","formEdgeID":null},{"edgeID":"1810833","fromID":"1385859","toID":"1385818","formEdgeID":null},{"edgeID":"1810834","fromID":"1385859","toID":"1385860","formEdgeID":null},{"edgeID":"1810835","fromID":"1385860","toID":"1385822","formEdgeID":null},{"edgeID":"1810836","fromID":"1385858","toID":"1385861","formEdgeID":null},{"edgeID":"1810837","fromID":"1385861","toID":"1385808","formEdgeID":null}],"locutions":[]}