{"nodes":[{"nodeID":"1389136","text":"Fiona Bruce: How do you get around that","type":"L","timestamp":"2023-11-09 15:06:40"},{"nodeID":"1389137","text":"Analysing","type":"YA","timestamp":"2023-11-09 15:06:40"},{"nodeID":"1389138","text":"Fyfe: Emily Thornberry: we have a background of the highest inflation rate that we've had for 40 years, and that's another problem","type":"L","timestamp":"2023-11-09 15:06:40"},{"nodeID":"1389139","text":"the only way that we're going to be able to get the younger generation onto the housing market is to build more houses","type":"I","timestamp":"2023-11-09 15:06:40"},{"nodeID":"1389140","text":"Emily Thornberry: the only way that we're going to be able to get the younger generation onto the housing market is to build more houses","type":"L","timestamp":"2023-11-09 15:06:40"},{"nodeID":"1389141","text":"Analysing","type":"YA","timestamp":"2023-11-09 15:06:40"},{"nodeID":"1389142","text":"Fyfe: Emily Thornberry: the only way that we're going to be able to get the younger generation onto the housing market is to build more houses","type":"L","timestamp":"2023-11-09 15:06:40"},{"nodeID":"1389143","text":"Asserting","type":"YA","timestamp":"2023-11-09 15:06:40"},{"nodeID":"1389144","text":"building more houses is what we need to do","type":"I","timestamp":"2023-11-09 15:06:41"},{"nodeID":"1389145","text":"Emily Thornberry: That's what we need to do","type":"L","timestamp":"2023-11-09 15:06:41"},{"nodeID":"1389146","text":"Analysing","type":"YA","timestamp":"2023-11-09 15:06:41"},{"nodeID":"1389147","text":"Fyfe: Emily Thornberry: That's what we need to do","type":"L","timestamp":"2023-11-09 15:06:41"},{"nodeID":"1389148","text":"Asserting","type":"YA","timestamp":"2023-11-09 15:06:41"},{"nodeID":"1389149","text":"Default Transition","type":"TA","timestamp":"2023-11-09 15:06:41"},{"nodeID":"1389150","text":"Default Rephrase","type":"MA","timestamp":"2023-11-09 15:06:41"},{"nodeID":"1389151","text":"Restating","type":"YA","timestamp":"2023-11-09 15:06:41"},{"nodeID":"1389152","text":"we have a background of the highest inflation rate that we've had for 40 years","type":"I","timestamp":"2023-11-09 15:06:42"},{"nodeID":"1389153","text":"Emily Thornberry: we have a background of the highest inflation rate that we've had for 40 years","type":"L","timestamp":"2023-11-09 15:06:42"},{"nodeID":"1389154","text":"Analysing","type":"YA","timestamp":"2023-11-09 15:06:42"},{"nodeID":"1389155","text":"Fyfe: Emily Thornberry: we have a background of the highest inflation rate that we've had for 40 years","type":"L","timestamp":"2023-11-09 15:06:42"},{"nodeID":"1389156","text":"Asserting","type":"YA","timestamp":"2023-11-09 15:06:42"},{"nodeID":"1389157","text":"that's another problem","type":"I","timestamp":"2023-11-09 15:06:42"},{"nodeID":"1389158","text":"Emily Thornberry:  that's another problem","type":"L","timestamp":"2023-11-09 15:06:42"},{"nodeID":"1389159","text":"Analysing","type":"YA","timestamp":"2023-11-09 15:06:42"},{"nodeID":"1389160","text":"Fyfe: Emily Thornberry:  that's another problem","type":"L","timestamp":"2023-11-09 15:06:42"},{"nodeID":"1389161","text":"Asserting","type":"YA","timestamp":"2023-11-09 15:06:42"},{"nodeID":"1389162","text":"Default Transition","type":"TA","timestamp":"2023-11-09 15:06:42"},{"nodeID":"1389163","text":"household incomes crashing as well","type":"I","timestamp":"2023-11-09 15:06:43"},{"nodeID":"1389164","text":"Emily Thornberry:  household incomes crashing as well","type":"L","timestamp":"2023-11-09 15:06:43"},{"nodeID":"1389165","text":"Analysing","type":"YA","timestamp":"2023-11-09 15:06:43"},{"nodeID":"1389166","text":"Fyfe: Emily Thornberry:  household incomes crashing as well","type":"L","timestamp":"2023-11-09 15:06:43"},{"nodeID":"1389167","text":"Asserting","type":"YA","timestamp":"2023-11-09 15:06:43"},{"nodeID":"1389168","text":"Default Transition","type":"TA","timestamp":"2023-11-09 15:06:43"},{"nodeID":"1389169","text":"Default Rephrase","type":"MA","timestamp":"2023-11-09 15:06:43"},{"nodeID":"1389170","text":"buying a home is increasingly difficult","type":"I","timestamp":"2023-11-09 15:06:43"},{"nodeID":"1389171","text":"Emily Thornberry: it makes it increasingly difficult","type":"L","timestamp":"2023-11-09 15:06:43"},{"nodeID":"1389172","text":"Analysing","type":"YA","timestamp":"2023-11-09 15:06:43"},{"nodeID":"1389173","text":"Fyfe: Emily Thornberry: it makes it increasingly difficult","type":"L","timestamp":"2023-11-09 15:06:43"},{"nodeID":"1389174","text":"Asserting","type":"YA","timestamp":"2023-11-09 15:06:43"},{"nodeID":"1389175","text":"Default Transition","type":"TA","timestamp":"2023-11-09 15:06:43"},{"nodeID":"1389176","text":"Default Transition","type":"TA","timestamp":"2023-11-09 15:06:43"},{"nodeID":"1389177","text":"Default Inference","type":"RA","timestamp":"2023-11-09 15:06:43"},{"nodeID":"1389178","text":"Default Inference","type":"RA","timestamp":"2023-11-09 15:06:43"},{"nodeID":"1389179","text":"Arguing","type":"YA","timestamp":"2023-11-09 15:06:43"},{"nodeID":"1389180","text":"Arguing","type":"YA","timestamp":"2023-11-09 15:06:43"},{"nodeID":"1389181","text":"Restating","type":"YA","timestamp":"2023-11-09 15:06:43"},{"nodeID":"1389182","text":"building more homes is difficult","type":"I","timestamp":"2023-11-09 15:06:44"},{"nodeID":"1389183","text":"Emily Thornberry:  it's difficult","type":"L","timestamp":"2023-11-09 15:06:44"},{"nodeID":"1389184","text":"Analysing","type":"YA","timestamp":"2023-11-09 15:06:44"},{"nodeID":"1389185","text":"Fyfe: Emily Thornberry:  it's difficult","type":"L","timestamp":"2023-11-09 15:06:44"},{"nodeID":"1389186","text":"Asserting","type":"YA","timestamp":"2023-11-09 15:06:44"},{"nodeID":"1389187","text":"Default Transition","type":"TA","timestamp":"2023-11-09 15:06:44"},{"nodeID":"1389188","text":"Default Conflict","type":"CA","timestamp":"2023-11-09 15:06:44"},{"nodeID":"1389189","text":"Disagreeing","type":"YA","timestamp":"2023-11-09 15:06:44"},{"nodeID":"1389190","text":"whenever there's a planning application for more houses there's lots of people in the area turn up to the planning meeting in order to say they don't want to have the houses","type":"I","timestamp":"2023-11-09 15:06:45"},{"nodeID":"1389191","text":"Emily Thornberry: whenever there's a planning application for more houses there's lots of people in the area turn up to the planning meeting in order to say they don't want to have the houses","type":"L","timestamp":"2023-11-09 15:06:45"},{"nodeID":"1389192","text":"Analysing","type":"YA","timestamp":"2023-11-09 15:06:45"},{"nodeID":"1389193","text":"Fyfe: Emily Thornberry: whenever there's a planning application for more houses there's lots of people in the area turn up to the planning meeting in order to say they don't want to have the houses","type":"L","timestamp":"2023-11-09 15:06:45"},{"nodeID":"1389194","text":"Asserting","type":"YA","timestamp":"2023-11-09 15:06:45"},{"nodeID":"1389195","text":"Default Transition","type":"TA","timestamp":"2023-11-09 15:06:45"},{"nodeID":"1389196","text":"Default Inference","type":"RA","timestamp":"2023-11-09 15:06:45"},{"nodeID":"1389197","text":"Arguing","type":"YA","timestamp":"2023-11-09 15:06:45"},{"nodeID":"1389198","text":"the 25 year olds who might have a chance of buying those houses unfortunately aren't there saying to the councillors actually, we need to have these homes","type":"I","timestamp":"2023-11-09 15:06:45"},{"nodeID":"1389199","text":"Emily Thornberry: the 25 year olds who might have a chance of buying those houses unfortunately aren't there saying to the councillors actually, we need to have these homes","type":"L","timestamp":"2023-11-09 15:06:45"},{"nodeID":"1389200","text":"Analysing","type":"YA","timestamp":"2023-11-09 15:06:45"},{"nodeID":"1389201","text":"Fyfe: Emily Thornberry: the 25 year olds who might have a chance of buying those houses unfortunately aren't there saying to the councillors actually, we need to have these homes","type":"L","timestamp":"2023-11-09 15:06:45"},{"nodeID":"1389202","text":"Asserting","type":"YA","timestamp":"2023-11-09 15:06:45"},{"nodeID":"1389203","text":"Default Transition","type":"TA","timestamp":"2023-11-09 15:06:45"},{"nodeID":"1389204","text":"you get around the politics of building a new home by doing xxx","type":"I","timestamp":"2023-11-09 15:06:46"},{"nodeID":"1389205","text":"Fiona Bruce: So how do you get around that","type":"L","timestamp":"2023-11-09 15:06:46"},{"nodeID":"1389206","text":"Analysing","type":"YA","timestamp":"2023-11-09 15:06:46"},{"nodeID":"1389207","text":"Fyfe: Fiona Bruce: So how do you get around that","type":"L","timestamp":"2023-11-09 15:06:46"},{"nodeID":"1389208","text":"Pure Questioning","type":"YA","timestamp":"2023-11-09 15:06:46"},{"nodeID":"1389209","text":"Default Transition","type":"TA","timestamp":"2023-11-09 15:06:46"},{"nodeID":"1389210","text":"the younger generation are being left behind","type":"I","timestamp":"2023-11-09 15:06:46"},{"nodeID":"1389211","text":"Emily Thornberry: Because we, the younger generation are being left behind","type":"L","timestamp":"2023-11-09 15:06:46"},{"nodeID":"1389212","text":"Analysing","type":"YA","timestamp":"2023-11-09 15:06:46"},{"nodeID":"1389213","text":"Fyfe: Emily Thornberry: Because we, the younger generation are being left behind","type":"L","timestamp":"2023-11-09 15:06:46"},{"nodeID":"1389214","text":"Asserting","type":"YA","timestamp":"2023-11-09 15:06:46"},{"nodeID":"1389215","text":"Default Transition","type":"TA","timestamp":"2023-11-09 15:06:46"},{"nodeID":"1389216","text":"Default Rephrase","type":"MA","timestamp":"2023-11-09 15:06:46"},{"nodeID":"1389217","text":"Restating","type":"YA","timestamp":"2023-11-09 15:06:46"},{"nodeID":"1389218","text":"Analysing","type":"YA","timestamp":"2023-11-09 15:06:46"},{"nodeID":"1389219","text":"Fyfe: Fiona Bruce: How do you get around that","type":"L","timestamp":"2023-11-09 15:06:46"},{"nodeID":"1389220","text":"Pure Questioning","type":"YA","timestamp":"2023-11-09 15:06:46"},{"nodeID":"1389221","text":"Default Transition","type":"TA","timestamp":"2023-11-09 15:06:46"},{"nodeID":"1389222","text":"Default Rephrase","type":"MA","timestamp":"2023-11-09 15:06:46"},{"nodeID":"1389223","text":"Default Transition","type":"TA","timestamp":"2023-11-09 15:06:46"},{"nodeID":"1389224","text":"Restating","type":"YA","timestamp":"2023-11-09 15:06:46"},{"nodeID":"1389225","text":"the Government tried to introduce the policy where it would be easier to build homes","type":"I","timestamp":"2023-11-09 15:06:47"},{"nodeID":"1389226","text":"Fiona Bruce:  the Government tried to introduce the policy where it would be easier to build house","type":"L","timestamp":"2023-11-09 15:06:47"},{"nodeID":"1389227","text":"Analysing","type":"YA","timestamp":"2023-11-09 15:06:47"},{"nodeID":"1389228","text":"Fyfe: Fiona Bruce:  the Government tried to introduce the policy where it would be easier to build house","type":"L","timestamp":"2023-11-09 15:06:47"},{"nodeID":"1389229","text":"Asserting","type":"YA","timestamp":"2023-11-09 15:06:47"},{"nodeID":"1389230","text":"Default Transition","type":"TA","timestamp":"2023-11-09 15:06:47"},{"nodeID":"1389231","text":"people objected to the Government policy to make it easier to build homes","type":"I","timestamp":"2023-11-09 15:06:48"},{"nodeID":"1389232","text":"Fiona Bruce: despite people's objections","type":"L","timestamp":"2023-11-09 15:06:48"},{"nodeID":"1389233","text":"Analysing","type":"YA","timestamp":"2023-11-09 15:06:48"},{"nodeID":"1389234","text":"Fyfe: Fiona Bruce: despite people's objections","type":"L","timestamp":"2023-11-09 15:06:48"},{"nodeID":"1389235","text":"Asserting","type":"YA","timestamp":"2023-11-09 15:06:48"},{"nodeID":"1389236","text":"Default Transition","type":"TA","timestamp":"2023-11-09 15:06:48"},{"nodeID":"1389237","text":"Default Conflict","type":"CA","timestamp":"2023-11-09 15:06:48"},{"nodeID":"1389238","text":"Disagreeing","type":"YA","timestamp":"2023-11-09 15:06:48"},{"nodeID":"1389239","text":"so many Conservatives objected to their own governments plans to introduce a policy to make it easier to build homes","type":"I","timestamp":"2023-11-09 15:06:48"},{"nodeID":"1389240","text":"Fiona Bruce: so many Conservatives objected","type":"L","timestamp":"2023-11-09 15:06:48"},{"nodeID":"1389241","text":"Analysing","type":"YA","timestamp":"2023-11-09 15:06:48"},{"nodeID":"1389242","text":"Fyfe: Fiona Bruce: so many Conservatives objected","type":"L","timestamp":"2023-11-09 15:06:48"},{"nodeID":"1389243","text":"Asserting","type":"YA","timestamp":"2023-11-09 15:06:48"},{"nodeID":"1389244","text":"Default Transition","type":"TA","timestamp":"2023-11-09 15:06:48"},{"nodeID":"1389245","text":"the Government dropped the policy to make it easier to build homes pretty damn pronto","type":"I","timestamp":"2023-11-09 15:06:49"},{"nodeID":"1389246","text":"Fiona Bruce:  they dropped it pretty damn pronto","type":"L","timestamp":"2023-11-09 15:06:49"},{"nodeID":"1389247","text":"Analysing","type":"YA","timestamp":"2023-11-09 15:06:49"},{"nodeID":"1389248","text":"Fyfe: Fiona Bruce:  they dropped it pretty damn pronto","type":"L","timestamp":"2023-11-09 15:06:49"},{"nodeID":"1389249","text":"Asserting","type":"YA","timestamp":"2023-11-09 15:06:49"},{"nodeID":"1389250","text":"Default Transition","type":"TA","timestamp":"2023-11-09 15:06:49"},{"nodeID":"1389251","text":"Default Transition","type":"TA","timestamp":"2023-11-09 15:06:49"},{"nodeID":"1389252","text":"Default Inference","type":"RA","timestamp":"2023-11-09 15:06:49"},{"nodeID":"1389253","text":"Arguing","type":"YA","timestamp":"2023-11-09 15:06:49"},{"nodeID":"1389254","text":"Labour would do xxx about a potential policy to make it easier to build new homes","type":"I","timestamp":"2023-11-09 15:06:50"},{"nodeID":"1389255","text":"Fiona Bruce: what would Labour do about that","type":"L","timestamp":"2023-11-09 15:06:50"},{"nodeID":"1389256","text":"Analysing","type":"YA","timestamp":"2023-11-09 15:06:50"},{"nodeID":"1389257","text":"Fyfe: Fiona Bruce: what would Labour do about that","type":"L","timestamp":"2023-11-09 15:06:50"},{"nodeID":"1389258","text":"Pure Questioning","type":"YA","timestamp":"2023-11-09 15:06:50"},{"nodeID":"1389259","text":"Default Conflict","type":"CA","timestamp":"2023-11-09 15:06:50"},{"nodeID":"1389260","text":"Default Transition","type":"TA","timestamp":"2023-11-09 15:06:50"},{"nodeID":"1389261","text":"Disagreeing","type":"YA","timestamp":"2023-11-09 15:06:50"},{"nodeID":"1389262","text":"Default Transition","type":"TA","timestamp":"2023-11-09 15:06:50"},{"nodeID":"1389263","text":"Default Rephrase","type":"MA","timestamp":"2023-11-09 15:06:50"},{"nodeID":"1389264","text":"Restating","type":"YA","timestamp":"2023-11-09 15:06:50"}],"edges":[{"edgeID":"1814737","fromID":"1389138","toID":"1389137","formEdgeID":null},{"edgeID":"1814738","fromID":"1389141","toID":"1389140","formEdgeID":null},{"edgeID":"1814739","fromID":"1389142","toID":"1389141","formEdgeID":null},{"edgeID":"1814740","fromID":"1389140","toID":"1389143","formEdgeID":null},{"edgeID":"1814741","fromID":"1389143","toID":"1389139","formEdgeID":null},{"edgeID":"1814742","fromID":"1389146","toID":"1389145","formEdgeID":null},{"edgeID":"1814743","fromID":"1389147","toID":"1389146","formEdgeID":null},{"edgeID":"1814744","fromID":"1389145","toID":"1389148","formEdgeID":null},{"edgeID":"1814745","fromID":"1389148","toID":"1389144","formEdgeID":null},{"edgeID":"1814746","fromID":"1389140","toID":"1389149","formEdgeID":null},{"edgeID":"1814747","fromID":"1389149","toID":"1389145","formEdgeID":null},{"edgeID":"1814748","fromID":"1389144","toID":"1389150","formEdgeID":null},{"edgeID":"1814749","fromID":"1389150","toID":"1389139","formEdgeID":null},{"edgeID":"1814750","fromID":"1389149","toID":"1389151","formEdgeID":null},{"edgeID":"1814751","fromID":"1389151","toID":"1389150","formEdgeID":null},{"edgeID":"1814752","fromID":"1389154","toID":"1389153","formEdgeID":null},{"edgeID":"1814753","fromID":"1389155","toID":"1389154","formEdgeID":null},{"edgeID":"1814754","fromID":"1389153","toID":"1389156","formEdgeID":null},{"edgeID":"1814755","fromID":"1389156","toID":"1389152","formEdgeID":null},{"edgeID":"1814756","fromID":"1389159","toID":"1389158","formEdgeID":null},{"edgeID":"1814757","fromID":"1389160","toID":"1389159","formEdgeID":null},{"edgeID":"1814758","fromID":"1389158","toID":"1389161","formEdgeID":null},{"edgeID":"1814759","fromID":"1389161","toID":"1389157","formEdgeID":null},{"edgeID":"1814760","fromID":"1389153","toID":"1389162","formEdgeID":null},{"edgeID":"1814761","fromID":"1389162","toID":"1389158","formEdgeID":null},{"edgeID":"1814762","fromID":"1389165","toID":"1389164","formEdgeID":null},{"edgeID":"1814763","fromID":"1389166","toID":"1389165","formEdgeID":null},{"edgeID":"1814764","fromID":"1389164","toID":"1389167","formEdgeID":null},{"edgeID":"1814765","fromID":"1389167","toID":"1389163","formEdgeID":null},{"edgeID":"1814766","fromID":"1389153","toID":"1389168","formEdgeID":null},{"edgeID":"1814767","fromID":"1389168","toID":"1389164","formEdgeID":null},{"edgeID":"1814768","fromID":"1389157","toID":"1389169","formEdgeID":null},{"edgeID":"1814769","fromID":"1389169","toID":"1389152","formEdgeID":null},{"edgeID":"1814770","fromID":"1389172","toID":"1389171","formEdgeID":null},{"edgeID":"1814771","fromID":"1389173","toID":"1389172","formEdgeID":null},{"edgeID":"1814772","fromID":"1389171","toID":"1389174","formEdgeID":null},{"edgeID":"1814773","fromID":"1389174","toID":"1389170","formEdgeID":null},{"edgeID":"1814774","fromID":"1389164","toID":"1389175","formEdgeID":null},{"edgeID":"1814775","fromID":"1389175","toID":"1389171","formEdgeID":null},{"edgeID":"1814776","fromID":"1389171","toID":"1389176","formEdgeID":null},{"edgeID":"1814777","fromID":"1389176","toID":"1389140","formEdgeID":null},{"edgeID":"1814778","fromID":"1389163","toID":"1389177","formEdgeID":null},{"edgeID":"1814779","fromID":"1389177","toID":"1389170","formEdgeID":null},{"edgeID":"1814780","fromID":"1389152","toID":"1389178","formEdgeID":null},{"edgeID":"1814781","fromID":"1389178","toID":"1389163","formEdgeID":null},{"edgeID":"1814782","fromID":"1389168","toID":"1389179","formEdgeID":null},{"edgeID":"1814783","fromID":"1389179","toID":"1389178","formEdgeID":null},{"edgeID":"1814784","fromID":"1389175","toID":"1389180","formEdgeID":null},{"edgeID":"1814785","fromID":"1389180","toID":"1389177","formEdgeID":null},{"edgeID":"1814786","fromID":"1389162","toID":"1389181","formEdgeID":null},{"edgeID":"1814787","fromID":"1389181","toID":"1389169","formEdgeID":null},{"edgeID":"1814788","fromID":"1389184","toID":"1389183","formEdgeID":null},{"edgeID":"1814789","fromID":"1389185","toID":"1389184","formEdgeID":null},{"edgeID":"1814790","fromID":"1389183","toID":"1389186","formEdgeID":null},{"edgeID":"1814791","fromID":"1389186","toID":"1389182","formEdgeID":null},{"edgeID":"1814792","fromID":"1389145","toID":"1389187","formEdgeID":null},{"edgeID":"1814793","fromID":"1389187","toID":"1389183","formEdgeID":null},{"edgeID":"1814794","fromID":"1389182","toID":"1389188","formEdgeID":null},{"edgeID":"1814795","fromID":"1389188","toID":"1389144","formEdgeID":null},{"edgeID":"1814796","fromID":"1389187","toID":"1389189","formEdgeID":null},{"edgeID":"1814797","fromID":"1389189","toID":"1389188","formEdgeID":null},{"edgeID":"1814798","fromID":"1389192","toID":"1389191","formEdgeID":null},{"edgeID":"1814799","fromID":"1389193","toID":"1389192","formEdgeID":null},{"edgeID":"1814800","fromID":"1389191","toID":"1389194","formEdgeID":null},{"edgeID":"1814801","fromID":"1389194","toID":"1389190","formEdgeID":null},{"edgeID":"1814802","fromID":"1389183","toID":"1389195","formEdgeID":null},{"edgeID":"1814803","fromID":"1389195","toID":"1389191","formEdgeID":null},{"edgeID":"1814804","fromID":"1389190","toID":"1389196","formEdgeID":null},{"edgeID":"1814805","fromID":"1389196","toID":"1389182","formEdgeID":null},{"edgeID":"1814806","fromID":"1389195","toID":"1389197","formEdgeID":null},{"edgeID":"1814807","fromID":"1389197","toID":"1389196","formEdgeID":null},{"edgeID":"1814808","fromID":"1389200","toID":"1389199","formEdgeID":null},{"edgeID":"1814809","fromID":"1389201","toID":"1389200","formEdgeID":null},{"edgeID":"1814810","fromID":"1389199","toID":"1389202","formEdgeID":null},{"edgeID":"1814811","fromID":"1389202","toID":"1389198","formEdgeID":null},{"edgeID":"1814812","fromID":"1389191","toID":"1389203","formEdgeID":null},{"edgeID":"1814813","fromID":"1389203","toID":"1389199","formEdgeID":null},{"edgeID":"1814814","fromID":"1389206","toID":"1389205","formEdgeID":null},{"edgeID":"1814815","fromID":"1389207","toID":"1389206","formEdgeID":null},{"edgeID":"1814816","fromID":"1389205","toID":"1389208","formEdgeID":null},{"edgeID":"1814817","fromID":"1389208","toID":"1389204","formEdgeID":null},{"edgeID":"1814818","fromID":"1389199","toID":"1389209","formEdgeID":null},{"edgeID":"1814819","fromID":"1389209","toID":"1389205","formEdgeID":null},{"edgeID":"1814820","fromID":"1389212","toID":"1389211","formEdgeID":null},{"edgeID":"1814821","fromID":"1389213","toID":"1389212","formEdgeID":null},{"edgeID":"1814822","fromID":"1389211","toID":"1389214","formEdgeID":null},{"edgeID":"1814823","fromID":"1389214","toID":"1389210","formEdgeID":null},{"edgeID":"1814824","fromID":"1389199","toID":"1389215","formEdgeID":null},{"edgeID":"1814825","fromID":"1389215","toID":"1389211","formEdgeID":null},{"edgeID":"1814826","fromID":"1389210","toID":"1389216","formEdgeID":null},{"edgeID":"1814827","fromID":"1389216","toID":"1389198","formEdgeID":null},{"edgeID":"1814828","fromID":"1389215","toID":"1389217","formEdgeID":null},{"edgeID":"1814829","fromID":"1389217","toID":"1389216","formEdgeID":null},{"edgeID":"1814830","fromID":"1389218","toID":"1389136","formEdgeID":null},{"edgeID":"1814831","fromID":"1389219","toID":"1389218","formEdgeID":null},{"edgeID":"1814832","fromID":"1389136","toID":"1389220","formEdgeID":null},{"edgeID":"1814833","fromID":"1389220","toID":"1389204","formEdgeID":null},{"edgeID":"1814834","fromID":"1389211","toID":"1389221","formEdgeID":null},{"edgeID":"1814835","fromID":"1389221","toID":"1389136","formEdgeID":null},{"edgeID":"1814836","fromID":"1389204","toID":"1389222","formEdgeID":null},{"edgeID":"1814837","fromID":"1389222","toID":"1389204","formEdgeID":null},{"edgeID":"1814838","fromID":"1389205","toID":"1389223","formEdgeID":null},{"edgeID":"1814839","fromID":"1389223","toID":"1389136","formEdgeID":null},{"edgeID":"1814840","fromID":"1389223","toID":"1389224","formEdgeID":null},{"edgeID":"1814841","fromID":"1389224","toID":"1389222","formEdgeID":null},{"edgeID":"1814842","fromID":"1389227","toID":"1389226","formEdgeID":null},{"edgeID":"1814843","fromID":"1389228","toID":"1389227","formEdgeID":null},{"edgeID":"1814844","fromID":"1389226","toID":"1389229","formEdgeID":null},{"edgeID":"1814845","fromID":"1389229","toID":"1389225","formEdgeID":null},{"edgeID":"1814846","fromID":"1389136","toID":"1389230","formEdgeID":null},{"edgeID":"1814847","fromID":"1389230","toID":"1389226","formEdgeID":null},{"edgeID":"1814848","fromID":"1389233","toID":"1389232","formEdgeID":null},{"edgeID":"1814849","fromID":"1389234","toID":"1389233","formEdgeID":null},{"edgeID":"1814850","fromID":"1389232","toID":"1389235","formEdgeID":null},{"edgeID":"1814851","fromID":"1389235","toID":"1389231","formEdgeID":null},{"edgeID":"1814852","fromID":"1389226","toID":"1389236","formEdgeID":null},{"edgeID":"1814853","fromID":"1389236","toID":"1389232","formEdgeID":null},{"edgeID":"1814854","fromID":"1389231","toID":"1389237","formEdgeID":null},{"edgeID":"1814855","fromID":"1389237","toID":"1389225","formEdgeID":null},{"edgeID":"1814856","fromID":"1389236","toID":"1389238","formEdgeID":null},{"edgeID":"1814857","fromID":"1389238","toID":"1389237","formEdgeID":null},{"edgeID":"1814858","fromID":"1389241","toID":"1389240","formEdgeID":null},{"edgeID":"1814859","fromID":"1389242","toID":"1389241","formEdgeID":null},{"edgeID":"1814860","fromID":"1389240","toID":"1389243","formEdgeID":null},{"edgeID":"1814861","fromID":"1389243","toID":"1389239","formEdgeID":null},{"edgeID":"1814862","fromID":"1389226","toID":"1389244","formEdgeID":null},{"edgeID":"1814863","fromID":"1389244","toID":"1389240","formEdgeID":null},{"edgeID":"1814864","fromID":"1389247","toID":"1389246","formEdgeID":null},{"edgeID":"1814865","fromID":"1389248","toID":"1389247","formEdgeID":null},{"edgeID":"1814866","fromID":"1389246","toID":"1389249","formEdgeID":null},{"edgeID":"1814867","fromID":"1389249","toID":"1389245","formEdgeID":null},{"edgeID":"1814868","fromID":"1389240","toID":"1389250","formEdgeID":null},{"edgeID":"1814869","fromID":"1389250","toID":"1389246","formEdgeID":null},{"edgeID":"1814870","fromID":"1389232","toID":"1389251","formEdgeID":null},{"edgeID":"1814871","fromID":"1389251","toID":"1389240","formEdgeID":null},{"edgeID":"1814872","fromID":"1389239","toID":"1389252","formEdgeID":null},{"edgeID":"1814873","fromID":"1389252","toID":"1389245","formEdgeID":null},{"edgeID":"1814874","fromID":"1389250","toID":"1389253","formEdgeID":null},{"edgeID":"1814875","fromID":"1389253","toID":"1389252","formEdgeID":null},{"edgeID":"1814876","fromID":"1389256","toID":"1389255","formEdgeID":null},{"edgeID":"1814877","fromID":"1389257","toID":"1389256","formEdgeID":null},{"edgeID":"1814878","fromID":"1389255","toID":"1389258","formEdgeID":null},{"edgeID":"1814879","fromID":"1389258","toID":"1389254","formEdgeID":null},{"edgeID":"1814880","fromID":"1389245","toID":"1389259","formEdgeID":null},{"edgeID":"1814881","fromID":"1389259","toID":"1389225","formEdgeID":null},{"edgeID":"1814882","fromID":"1389226","toID":"1389260","formEdgeID":null},{"edgeID":"1814883","fromID":"1389260","toID":"1389246","formEdgeID":null},{"edgeID":"1814884","fromID":"1389260","toID":"1389261","formEdgeID":null},{"edgeID":"1814885","fromID":"1389261","toID":"1389259","formEdgeID":null},{"edgeID":"1814886","fromID":"1389246","toID":"1389262","formEdgeID":null},{"edgeID":"1814887","fromID":"1389262","toID":"1389255","formEdgeID":null},{"edgeID":"1814888","fromID":"1389239","toID":"1389263","formEdgeID":null},{"edgeID":"1814889","fromID":"1389263","toID":"1389231","formEdgeID":null},{"edgeID":"1814890","fromID":"1389251","toID":"1389264","formEdgeID":null},{"edgeID":"1814891","fromID":"1389264","toID":"1389263","formEdgeID":null}],"locutions":[]}