{"nodes":[{"nodeID":"23880","text":"yes","type":"I","timestamp":"2013-08-06 16:53:15"},{"nodeID":"1389808","text":"Fiona Bruce: Yes","type":"L","timestamp":"2023-11-09 15:07:38"},{"nodeID":"1389809","text":"Analysing","type":"YA","timestamp":"2023-11-09 15:07:38"},{"nodeID":"1389810","text":"Louise: Fiona Bruce: Yes","type":"L","timestamp":"2023-11-09 15:07:38"},{"nodeID":"1389811","text":"Asserting","type":"YA","timestamp":"2023-11-09 15:07:38"},{"nodeID":"1389812","text":"xxx is why you would leave out fraud for serious crime statistics","type":"I","timestamp":"2023-11-09 15:07:38"},{"nodeID":"1389813","text":"Fiona Bruce:  why would you leave out fraud","type":"L","timestamp":"2023-11-09 15:07:38"},{"nodeID":"1389814","text":"Analysing","type":"YA","timestamp":"2023-11-09 15:07:38"},{"nodeID":"1389815","text":"Louise: Fiona Bruce:  why would you leave out fraud","type":"L","timestamp":"2023-11-09 15:07:38"},{"nodeID":"1389816","text":"Pure Questioning","type":"YA","timestamp":"2023-11-09 15:07:38"},{"nodeID":"1389817","text":"Fiona Bruce doesn't understand why you would leave out fraud from serious crime statistics","type":"I","timestamp":"2023-11-09 15:07:39"},{"nodeID":"1389818","text":"Fiona Bruce: I don't understand that","type":"L","timestamp":"2023-11-09 15:07:39"},{"nodeID":"1389819","text":"Analysing","type":"YA","timestamp":"2023-11-09 15:07:39"},{"nodeID":"1389820","text":"Louise: Fiona Bruce: I don't understand that","type":"L","timestamp":"2023-11-09 15:07:39"},{"nodeID":"1389821","text":"Asserting","type":"YA","timestamp":"2023-11-09 15:07:39"},{"nodeID":"1389822","text":"Default Rephrase","type":"MA","timestamp":"2023-11-09 15:07:39"},{"nodeID":"1389823","text":"Default Transition","type":"TA","timestamp":"2023-11-09 15:07:39"},{"nodeID":"1389824","text":"Restating","type":"YA","timestamp":"2023-11-09 15:07:39"},{"nodeID":"1389825","text":"what happens is the criminals have become invisible","type":"I","timestamp":"2023-11-09 15:07:40"},{"nodeID":"1389826","text":"Andrew Murrison: what happens is the criminals have become invisible","type":"L","timestamp":"2023-11-09 15:07:40"},{"nodeID":"1389827","text":"Analysing","type":"YA","timestamp":"2023-11-09 15:07:40"},{"nodeID":"1389828","text":"Louise: Andrew Murrison: what happens is the criminals have become invisible","type":"L","timestamp":"2023-11-09 15:07:40"},{"nodeID":"1389829","text":"Asserting","type":"YA","timestamp":"2023-11-09 15:07:40"},{"nodeID":"1389830","text":"Default Transition","type":"TA","timestamp":"2023-11-09 15:07:40"},{"nodeID":"1389831","text":"criminals becoming invisible doesn't mean they shouldn't be part of the serious crime statistics","type":"I","timestamp":"2023-11-09 15:07:40"},{"nodeID":"1389832","text":"Fiona Bruce: that doesn't mean they shouldn't be part of the statistics","type":"L","timestamp":"2023-11-09 15:07:40"},{"nodeID":"1389833","text":"Analysing","type":"YA","timestamp":"2023-11-09 15:07:40"},{"nodeID":"1389834","text":"Louise: Fiona Bruce: that doesn't mean they shouldn't be part of the statistics","type":"L","timestamp":"2023-11-09 15:07:40"},{"nodeID":"1389835","text":"Asserting","type":"YA","timestamp":"2023-11-09 15:07:40"},{"nodeID":"1389836","text":"Default Conflict","type":"CA","timestamp":"2023-11-09 15:07:40"},{"nodeID":"1389837","text":"Default Transition","type":"TA","timestamp":"2023-11-09 15:07:40"},{"nodeID":"1389838","text":"Disagreeing","type":"YA","timestamp":"2023-11-09 15:07:40"},{"nodeID":"1389839","text":"Andrew Murrison: No","type":"L","timestamp":"2023-11-09 15:07:40"},{"nodeID":"1389840","text":"Analysing","type":"YA","timestamp":"2023-11-09 15:07:40"},{"nodeID":"1389841","text":"Louise: Andrew Murrison: No","type":"L","timestamp":"2023-11-09 15:07:40"},{"nodeID":"1389842","text":"Agreeing","type":"YA","timestamp":"2023-11-09 15:07:40"},{"nodeID":"1389843","text":"Default Transition","type":"TA","timestamp":"2023-11-09 15:07:40"},{"nodeID":"1389844","text":"criminals becoming invisible touches on the point about community policing","type":"I","timestamp":"2023-11-09 15:07:41"},{"nodeID":"1389845","text":"Andrew Murrison: it touches on the point about community policing","type":"L","timestamp":"2023-11-09 15:07:41"},{"nodeID":"1389846","text":"Analysing","type":"YA","timestamp":"2023-11-09 15:07:41"},{"nodeID":"1389847","text":"Louise: Andrew Murrison: it touches on the point about community policing","type":"L","timestamp":"2023-11-09 15:07:41"},{"nodeID":"1389848","text":"Asserting","type":"YA","timestamp":"2023-11-09 15:07:41"},{"nodeID":"1389849","text":"Default Transition","type":"TA","timestamp":"2023-11-09 15:07:41"},{"nodeID":"1389850","text":"the 16,000 new policemen are tackling online fraud","type":"I","timestamp":"2023-11-09 15:07:42"},{"nodeID":"1389851","text":"Andrew Murrison: those policemen are tackling online fraud","type":"L","timestamp":"2023-11-09 15:07:42"},{"nodeID":"1389852","text":"Analysing","type":"YA","timestamp":"2023-11-09 15:07:42"},{"nodeID":"1389853","text":"Louise: Andrew Murrison: those policemen are tackling online fraud","type":"L","timestamp":"2023-11-09 15:07:42"},{"nodeID":"1389854","text":"Asserting","type":"YA","timestamp":"2023-11-09 15:07:42"},{"nodeID":"1389855","text":"we've recruited 16,000 policemen","type":"I","timestamp":"2023-11-09 15:07:42"},{"nodeID":"1389856","text":"Andrew Murrison:  we've recruited 16,000 policemen","type":"L","timestamp":"2023-11-09 15:07:42"},{"nodeID":"1389857","text":"Analysing","type":"YA","timestamp":"2023-11-09 15:07:42"},{"nodeID":"1389858","text":"Louise: Andrew Murrison:  we've recruited 16,000 policemen","type":"L","timestamp":"2023-11-09 15:07:42"},{"nodeID":"1389859","text":"Asserting","type":"YA","timestamp":"2023-11-09 15:07:42"},{"nodeID":"1389860","text":"people want visible policing","type":"I","timestamp":"2023-11-09 15:07:43"},{"nodeID":"1389861","text":"Andrew Murrison: they want visible policing","type":"L","timestamp":"2023-11-09 15:07:43"},{"nodeID":"1389862","text":"Analysing","type":"YA","timestamp":"2023-11-09 15:07:43"},{"nodeID":"1389863","text":"Louise: Andrew Murrison: they want visible policing","type":"L","timestamp":"2023-11-09 15:07:43"},{"nodeID":"1389864","text":"Asserting","type":"YA","timestamp":"2023-11-09 15:07:43"},{"nodeID":"1389865","text":"Default Transition","type":"TA","timestamp":"2023-11-09 15:07:43"},{"nodeID":"1389866","text":"Default Inference","type":"RA","timestamp":"2023-11-09 15:07:43"},{"nodeID":"1389867","text":"Default Transition","type":"TA","timestamp":"2023-11-09 15:07:43"},{"nodeID":"1389868","text":"Arguing","type":"YA","timestamp":"2023-11-09 15:07:43"},{"nodeID":"1389869","text":"Default Conflict","type":"CA","timestamp":"2023-11-09 15:07:43"},{"nodeID":"1389870","text":"Default Transition","type":"TA","timestamp":"2023-11-09 15:07:43"},{"nodeID":"1389871","text":"Disagreeing","type":"YA","timestamp":"2023-11-09 15:07:43"},{"nodeID":"1389872","text":"Default Transition","type":"TA","timestamp":"2023-11-09 15:07:43"},{"nodeID":"1389873","text":"Default Inference","type":"RA","timestamp":"2023-11-09 15:07:43"},{"nodeID":"1389874","text":"Arguing","type":"YA","timestamp":"2023-11-09 15:07:43"},{"nodeID":"1389875","text":"the 16,000 new policemen are not tackling online fraud","type":"I","timestamp":"2023-11-09 15:07:44"},{"nodeID":"1389876","text":"Emily Thornberry: No they're not","type":"L","timestamp":"2023-11-09 15:07:44"},{"nodeID":"1389877","text":"Analysing","type":"YA","timestamp":"2023-11-09 15:07:44"},{"nodeID":"1389878","text":"Louise: Emily Thornberry: No they're not","type":"L","timestamp":"2023-11-09 15:07:44"},{"nodeID":"1389879","text":"Asserting","type":"YA","timestamp":"2023-11-09 15:07:44"},{"nodeID":"1389880","text":"Default Conflict","type":"CA","timestamp":"2023-11-09 15:07:44"},{"nodeID":"1389881","text":"Default Transition","type":"TA","timestamp":"2023-11-09 15:07:44"},{"nodeID":"1389882","text":"Disagreeing","type":"YA","timestamp":"2023-11-09 15:07:44"},{"nodeID":"1389883","text":"Andrew Murrison:  Yes, they are","type":"L","timestamp":"2023-11-09 15:07:44"},{"nodeID":"1389884","text":"Analysing","type":"YA","timestamp":"2023-11-09 15:07:44"},{"nodeID":"1389885","text":"Louise: Andrew Murrison:  Yes, they are","type":"L","timestamp":"2023-11-09 15:07:44"},{"nodeID":"1389886","text":"Asserting","type":"YA","timestamp":"2023-11-09 15:07:44"},{"nodeID":"1389887","text":"Default Conflict","type":"CA","timestamp":"2023-11-09 15:07:44"},{"nodeID":"1389888","text":"Default Transition","type":"TA","timestamp":"2023-11-09 15:07:44"},{"nodeID":"1389889","text":"Disagreeing","type":"YA","timestamp":"2023-11-09 15:07:44"},{"nodeID":"1389890","text":"Analysing","type":"YA","timestamp":"2023-11-09 15:07:44"},{"nodeID":"1389891","text":"Asserting","type":"YA","timestamp":"2023-11-09 15:07:44"},{"nodeID":"1389892","text":"the 16,000 new policemen are absolutely not tackling online fraud","type":"I","timestamp":"2023-11-09 15:07:44"},{"nodeID":"1389893","text":"Emily Thornberry: they're absolutely not","type":"L","timestamp":"2023-11-09 15:07:44"},{"nodeID":"1389894","text":"Analysing","type":"YA","timestamp":"2023-11-09 15:07:44"},{"nodeID":"1389895","text":"Louise: Emily Thornberry: they're absolutely not","type":"L","timestamp":"2023-11-09 15:07:44"},{"nodeID":"1389896","text":"Asserting","type":"YA","timestamp":"2023-11-09 15:07:44"},{"nodeID":"1389897","text":"Default Conflict","type":"CA","timestamp":"2023-11-09 15:07:44"},{"nodeID":"1389898","text":"Default Rephrase","type":"MA","timestamp":"2023-11-09 15:07:44"},{"nodeID":"1389899","text":"Default Transition","type":"TA","timestamp":"2023-11-09 15:07:44"},{"nodeID":"1389900","text":"Default Transition","type":"TA","timestamp":"2023-11-09 15:07:44"},{"nodeID":"1389901","text":"Disagreeing","type":"YA","timestamp":"2023-11-09 15:07:44"},{"nodeID":"1389902","text":"Restating","type":"YA","timestamp":"2023-11-09 15:07:44"},{"nodeID":"1389903","text":"Andrew Murrison: Yes, they are","type":"L","timestamp":"2023-11-09 15:07:44"},{"nodeID":"1389904","text":"Analysing","type":"YA","timestamp":"2023-11-09 15:07:44"},{"nodeID":"1389905","text":"Louise: Andrew Murrison: Yes, they are","type":"L","timestamp":"2023-11-09 15:07:44"},{"nodeID":"1389906","text":"Asserting","type":"YA","timestamp":"2023-11-09 15:07:44"},{"nodeID":"1389907","text":"Default Conflict","type":"CA","timestamp":"2023-11-09 15:07:44"},{"nodeID":"1389908","text":"Default Transition","type":"TA","timestamp":"2023-11-09 15:07:44"},{"nodeID":"1389909","text":"Disagreeing","type":"YA","timestamp":"2023-11-09 15:07:44"},{"nodeID":"1389910","text":"Emily Thornberry:  They are not","type":"L","timestamp":"2023-11-09 15:07:44"},{"nodeID":"1389911","text":"Analysing","type":"YA","timestamp":"2023-11-09 15:07:44"},{"nodeID":"1389912","text":"Louise: Emily Thornberry:  They are not","type":"L","timestamp":"2023-11-09 15:07:44"},{"nodeID":"1389913","text":"Asserting","type":"YA","timestamp":"2023-11-09 15:07:44"},{"nodeID":"1389914","text":"Default Transition","type":"TA","timestamp":"2023-11-09 15:07:44"},{"nodeID":"1389915","text":"Default Conflict","type":"CA","timestamp":"2023-11-09 15:07:44"},{"nodeID":"1389916","text":"Disagreeing","type":"YA","timestamp":"2023-11-09 15:07:44"},{"nodeID":"1389917","text":"fraud affects the most vulnerable","type":"I","timestamp":"2023-11-09 15:07:45"},{"nodeID":"1389918","text":"Andrew Murrison: it affects the most vulnerable","type":"L","timestamp":"2023-11-09 15:07:45"},{"nodeID":"1389919","text":"Analysing","type":"YA","timestamp":"2023-11-09 15:07:45"},{"nodeID":"1389920","text":"Louise: Andrew Murrison: it affects the most vulnerable","type":"L","timestamp":"2023-11-09 15:07:45"},{"nodeID":"1389921","text":"Asserting","type":"YA","timestamp":"2023-11-09 15:07:45"},{"nodeID":"1389922","text":"Default Transition","type":"TA","timestamp":"2023-11-09 15:07:45"},{"nodeID":"1389923","text":"you have 1,000 police officers dealing with fraud","type":"I","timestamp":"2023-11-09 15:07:46"},{"nodeID":"1389924","text":"Emily Thornberry:  You have 1,000 police officers dealing with fraud","type":"L","timestamp":"2023-11-09 15:07:46"},{"nodeID":"1389925","text":"Analysing","type":"YA","timestamp":"2023-11-09 15:07:46"},{"nodeID":"1389926","text":"Louise: Emily Thornberry:  You have 1,000 police officers dealing with fraud","type":"L","timestamp":"2023-11-09 15:07:46"},{"nodeID":"1389927","text":"Asserting","type":"YA","timestamp":"2023-11-09 15:07:46"},{"nodeID":"1389928","text":"Default Transition","type":"TA","timestamp":"2023-11-09 15:07:46"},{"nodeID":"1389929","text":"it's vital that we do deal with fraud","type":"I","timestamp":"2023-11-09 15:07:46"},{"nodeID":"1389930","text":"Andrew Murrison: it's vital that we do deal with fraud","type":"L","timestamp":"2023-11-09 15:07:46"},{"nodeID":"1389931","text":"Analysing","type":"YA","timestamp":"2023-11-09 15:07:46"},{"nodeID":"1389932","text":"Louise: Andrew Murrison: it's vital that we do deal with fraud","type":"L","timestamp":"2023-11-09 15:07:46"},{"nodeID":"1389933","text":"Asserting","type":"YA","timestamp":"2023-11-09 15:07:46"},{"nodeID":"1389934","text":"Default Inference","type":"RA","timestamp":"2023-11-09 15:07:46"},{"nodeID":"1389935","text":"Default Transition","type":"TA","timestamp":"2023-11-09 15:07:46"},{"nodeID":"1389936","text":"Arguing","type":"YA","timestamp":"2023-11-09 15:07:46"},{"nodeID":"1389937","text":"a 50 per cent cut in fraud since 2010 is a real achievement","type":"I","timestamp":"2023-11-09 15:07:47"},{"nodeID":"1389938","text":"Andrew Murrison: a 50 per cent cut since 2010 is a real achievement","type":"L","timestamp":"2023-11-09 15:07:47"},{"nodeID":"1389939","text":"Analysing","type":"YA","timestamp":"2023-11-09 15:07:47"},{"nodeID":"1389940","text":"Louise: Andrew Murrison: a 50 per cent cut since 2010 is a real achievement","type":"L","timestamp":"2023-11-09 15:07:47"},{"nodeID":"1389941","text":"Asserting","type":"YA","timestamp":"2023-11-09 15:07:47"},{"nodeID":"1389942","text":"Default Transition","type":"TA","timestamp":"2023-11-09 15:07:47"}],"edges":[{"edgeID":"1815540","fromID":"1389809","toID":"1389808","formEdgeID":null},{"edgeID":"1815541","fromID":"1389810","toID":"1389809","formEdgeID":null},{"edgeID":"1815542","fromID":"1389808","toID":"1389811","formEdgeID":null},{"edgeID":"1815543","fromID":"1389811","toID":"23880","formEdgeID":null},{"edgeID":"1815544","fromID":"1389814","toID":"1389813","formEdgeID":null},{"edgeID":"1815545","fromID":"1389815","toID":"1389814","formEdgeID":null},{"edgeID":"1815546","fromID":"1389813","toID":"1389816","formEdgeID":null},{"edgeID":"1815547","fromID":"1389816","toID":"1389812","formEdgeID":null},{"edgeID":"1815548","fromID":"1389819","toID":"1389818","formEdgeID":null},{"edgeID":"1815549","fromID":"1389820","toID":"1389819","formEdgeID":null},{"edgeID":"1815550","fromID":"1389818","toID":"1389821","formEdgeID":null},{"edgeID":"1815551","fromID":"1389821","toID":"1389817","formEdgeID":null},{"edgeID":"1815552","fromID":"1389817","toID":"1389822","formEdgeID":null},{"edgeID":"1815553","fromID":"1389822","toID":"1389812","formEdgeID":null},{"edgeID":"1815554","fromID":"1389813","toID":"1389823","formEdgeID":null},{"edgeID":"1815555","fromID":"1389823","toID":"1389818","formEdgeID":null},{"edgeID":"1815556","fromID":"1389823","toID":"1389824","formEdgeID":null},{"edgeID":"1815557","fromID":"1389824","toID":"1389822","formEdgeID":null},{"edgeID":"1815558","fromID":"1389827","toID":"1389826","formEdgeID":null},{"edgeID":"1815559","fromID":"1389828","toID":"1389827","formEdgeID":null},{"edgeID":"1815560","fromID":"1389826","toID":"1389829","formEdgeID":null},{"edgeID":"1815561","fromID":"1389829","toID":"1389825","formEdgeID":null},{"edgeID":"1815562","fromID":"1389818","toID":"1389830","formEdgeID":null},{"edgeID":"1815563","fromID":"1389830","toID":"1389826","formEdgeID":null},{"edgeID":"1815564","fromID":"1389833","toID":"1389832","formEdgeID":null},{"edgeID":"1815565","fromID":"1389834","toID":"1389833","formEdgeID":null},{"edgeID":"1815566","fromID":"1389832","toID":"1389835","formEdgeID":null},{"edgeID":"1815567","fromID":"1389835","toID":"1389831","formEdgeID":null},{"edgeID":"1815568","fromID":"1389831","toID":"1389836","formEdgeID":null},{"edgeID":"1815569","fromID":"1389836","toID":"1389825","formEdgeID":null},{"edgeID":"1815570","fromID":"1389826","toID":"1389837","formEdgeID":null},{"edgeID":"1815571","fromID":"1389837","toID":"1389832","formEdgeID":null},{"edgeID":"1815572","fromID":"1389837","toID":"1389838","formEdgeID":null},{"edgeID":"1815573","fromID":"1389838","toID":"1389836","formEdgeID":null},{"edgeID":"1815574","fromID":"1389840","toID":"1389839","formEdgeID":null},{"edgeID":"1815575","fromID":"1389841","toID":"1389840","formEdgeID":null},{"edgeID":"1815576","fromID":"1389839","toID":"1389842","formEdgeID":null},{"edgeID":"1815577","fromID":"1389842","toID":"1389831","formEdgeID":null},{"edgeID":"1815578","fromID":"1389832","toID":"1389843","formEdgeID":null},{"edgeID":"1815579","fromID":"1389843","toID":"1389839","formEdgeID":null},{"edgeID":"1815580","fromID":"1389846","toID":"1389845","formEdgeID":null},{"edgeID":"1815581","fromID":"1389847","toID":"1389846","formEdgeID":null},{"edgeID":"1815582","fromID":"1389845","toID":"1389848","formEdgeID":null},{"edgeID":"1815583","fromID":"1389848","toID":"1389844","formEdgeID":null},{"edgeID":"1815584","fromID":"1389839","toID":"1389849","formEdgeID":null},{"edgeID":"1815585","fromID":"1389849","toID":"1389845","formEdgeID":null},{"edgeID":"1815586","fromID":"1389852","toID":"1389851","formEdgeID":null},{"edgeID":"1815587","fromID":"1389853","toID":"1389852","formEdgeID":null},{"edgeID":"1815588","fromID":"1389851","toID":"1389854","formEdgeID":null},{"edgeID":"1815589","fromID":"1389854","toID":"1389850","formEdgeID":null},{"edgeID":"1815590","fromID":"1389857","toID":"1389856","formEdgeID":null},{"edgeID":"1815591","fromID":"1389858","toID":"1389857","formEdgeID":null},{"edgeID":"1815592","fromID":"1389856","toID":"1389859","formEdgeID":null},{"edgeID":"1815593","fromID":"1389859","toID":"1389855","formEdgeID":null},{"edgeID":"1815594","fromID":"1389862","toID":"1389861","formEdgeID":null},{"edgeID":"1815595","fromID":"1389863","toID":"1389862","formEdgeID":null},{"edgeID":"1815596","fromID":"1389861","toID":"1389864","formEdgeID":null},{"edgeID":"1815597","fromID":"1389864","toID":"1389860","formEdgeID":null},{"edgeID":"1815598","fromID":"1389808","toID":"1389865","formEdgeID":null},{"edgeID":"1815599","fromID":"1389865","toID":"1389813","formEdgeID":null},{"edgeID":"1815600","fromID":"1389860","toID":"1389866","formEdgeID":null},{"edgeID":"1815601","fromID":"1389866","toID":"1389855","formEdgeID":null},{"edgeID":"1815602","fromID":"1389856","toID":"1389867","formEdgeID":null},{"edgeID":"1815603","fromID":"1389867","toID":"1389861","formEdgeID":null},{"edgeID":"1815604","fromID":"1389867","toID":"1389868","formEdgeID":null},{"edgeID":"1815605","fromID":"1389868","toID":"1389866","formEdgeID":null},{"edgeID":"1815606","fromID":"1389850","toID":"1389869","formEdgeID":null},{"edgeID":"1815607","fromID":"1389869","toID":"1389860","formEdgeID":null},{"edgeID":"1815608","fromID":"1389861","toID":"1389870","formEdgeID":null},{"edgeID":"1815609","fromID":"1389870","toID":"1389851","formEdgeID":null},{"edgeID":"1815610","fromID":"1389870","toID":"1389871","formEdgeID":null},{"edgeID":"1815611","fromID":"1389871","toID":"1389869","formEdgeID":null},{"edgeID":"1815612","fromID":"1389845","toID":"1389872","formEdgeID":null},{"edgeID":"1815613","fromID":"1389872","toID":"1389856","formEdgeID":null},{"edgeID":"1815614","fromID":"1389855","toID":"1389873","formEdgeID":null},{"edgeID":"1815615","fromID":"1389873","toID":"1389844","formEdgeID":null},{"edgeID":"1815616","fromID":"1389872","toID":"1389874","formEdgeID":null},{"edgeID":"1815617","fromID":"1389874","toID":"1389873","formEdgeID":null},{"edgeID":"1815618","fromID":"1389877","toID":"1389876","formEdgeID":null},{"edgeID":"1815619","fromID":"1389878","toID":"1389877","formEdgeID":null},{"edgeID":"1815620","fromID":"1389876","toID":"1389879","formEdgeID":null},{"edgeID":"1815621","fromID":"1389879","toID":"1389875","formEdgeID":null},{"edgeID":"1815622","fromID":"1389875","toID":"1389880","formEdgeID":null},{"edgeID":"1815623","fromID":"1389880","toID":"1389850","formEdgeID":null},{"edgeID":"1815624","fromID":"1389851","toID":"1389881","formEdgeID":null},{"edgeID":"1815625","fromID":"1389881","toID":"1389876","formEdgeID":null},{"edgeID":"1815626","fromID":"1389881","toID":"1389882","formEdgeID":null},{"edgeID":"1815627","fromID":"1389882","toID":"1389880","formEdgeID":null},{"edgeID":"1815628","fromID":"1389884","toID":"1389883","formEdgeID":null},{"edgeID":"1815629","fromID":"1389885","toID":"1389884","formEdgeID":null},{"edgeID":"1815630","fromID":"1389883","toID":"1389886","formEdgeID":null},{"edgeID":"1815631","fromID":"1389886","toID":"1389850","formEdgeID":null},{"edgeID":"1815632","fromID":"1389850","toID":"1389887","formEdgeID":null},{"edgeID":"1815633","fromID":"1389887","toID":"1389875","formEdgeID":null},{"edgeID":"1815634","fromID":"1389876","toID":"1389888","formEdgeID":null},{"edgeID":"1815635","fromID":"1389888","toID":"1389883","formEdgeID":null},{"edgeID":"1815636","fromID":"1389888","toID":"1389889","formEdgeID":null},{"edgeID":"1815637","fromID":"1389889","toID":"1389887","formEdgeID":null},{"edgeID":"1815638","fromID":"1389890","toID":"1389876","formEdgeID":null},{"edgeID":"1815639","fromID":"1389878","toID":"1389890","formEdgeID":null},{"edgeID":"1815640","fromID":"1389876","toID":"1389891","formEdgeID":null},{"edgeID":"1815641","fromID":"1389891","toID":"1389875","formEdgeID":null},{"edgeID":"1815642","fromID":"1389894","toID":"1389893","formEdgeID":null},{"edgeID":"1815643","fromID":"1389895","toID":"1389894","formEdgeID":null},{"edgeID":"1815644","fromID":"1389893","toID":"1389896","formEdgeID":null},{"edgeID":"1815645","fromID":"1389896","toID":"1389892","formEdgeID":null},{"edgeID":"1815646","fromID":"1389875","toID":"1389897","formEdgeID":null},{"edgeID":"1815647","fromID":"1389897","toID":"1389850","formEdgeID":null},{"edgeID":"1815648","fromID":"1389892","toID":"1389898","formEdgeID":null},{"edgeID":"1815649","fromID":"1389898","toID":"1389875","formEdgeID":null},{"edgeID":"1815650","fromID":"1389883","toID":"1389899","formEdgeID":null},{"edgeID":"1815651","fromID":"1389899","toID":"1389876","formEdgeID":null},{"edgeID":"1815652","fromID":"1389876","toID":"1389900","formEdgeID":null},{"edgeID":"1815653","fromID":"1389900","toID":"1389893","formEdgeID":null},{"edgeID":"1815654","fromID":"1389899","toID":"1389901","formEdgeID":null},{"edgeID":"1815655","fromID":"1389901","toID":"1389897","formEdgeID":null},{"edgeID":"1815656","fromID":"1389900","toID":"1389902","formEdgeID":null},{"edgeID":"1815657","fromID":"1389902","toID":"1389898","formEdgeID":null},{"edgeID":"1815658","fromID":"1389904","toID":"1389903","formEdgeID":null},{"edgeID":"1815659","fromID":"1389905","toID":"1389904","formEdgeID":null},{"edgeID":"1815660","fromID":"1389903","toID":"1389906","formEdgeID":null},{"edgeID":"1815661","fromID":"1389906","toID":"1389850","formEdgeID":null},{"edgeID":"1815662","fromID":"1389850","toID":"1389907","formEdgeID":null},{"edgeID":"1815663","fromID":"1389907","toID":"1389892","formEdgeID":null},{"edgeID":"1815664","fromID":"1389893","toID":"1389908","formEdgeID":null},{"edgeID":"1815665","fromID":"1389908","toID":"1389903","formEdgeID":null},{"edgeID":"1815666","fromID":"1389908","toID":"1389909","formEdgeID":null},{"edgeID":"1815667","fromID":"1389909","toID":"1389907","formEdgeID":null},{"edgeID":"1815668","fromID":"1389911","toID":"1389910","formEdgeID":null},{"edgeID":"1815669","fromID":"1389912","toID":"1389911","formEdgeID":null},{"edgeID":"1815670","fromID":"1389910","toID":"1389913","formEdgeID":null},{"edgeID":"1815671","fromID":"1389913","toID":"1389875","formEdgeID":null},{"edgeID":"1815672","fromID":"1389903","toID":"1389914","formEdgeID":null},{"edgeID":"1815673","fromID":"1389914","toID":"1389910","formEdgeID":null},{"edgeID":"1815674","fromID":"1389875","toID":"1389915","formEdgeID":null},{"edgeID":"1815675","fromID":"1389915","toID":"1389850","formEdgeID":null},{"edgeID":"1815676","fromID":"1389914","toID":"1389916","formEdgeID":null},{"edgeID":"1815677","fromID":"1389916","toID":"1389915","formEdgeID":null},{"edgeID":"1815678","fromID":"1389919","toID":"1389918","formEdgeID":null},{"edgeID":"1815679","fromID":"1389920","toID":"1389919","formEdgeID":null},{"edgeID":"1815680","fromID":"1389918","toID":"1389921","formEdgeID":null},{"edgeID":"1815681","fromID":"1389921","toID":"1389917","formEdgeID":null},{"edgeID":"1815682","fromID":"1389910","toID":"1389922","formEdgeID":null},{"edgeID":"1815683","fromID":"1389922","toID":"1389918","formEdgeID":null},{"edgeID":"1815684","fromID":"1389925","toID":"1389924","formEdgeID":null},{"edgeID":"1815685","fromID":"1389926","toID":"1389925","formEdgeID":null},{"edgeID":"1815686","fromID":"1389924","toID":"1389927","formEdgeID":null},{"edgeID":"1815687","fromID":"1389927","toID":"1389923","formEdgeID":null},{"edgeID":"1815688","fromID":"1389918","toID":"1389928","formEdgeID":null},{"edgeID":"1815689","fromID":"1389928","toID":"1389924","formEdgeID":null},{"edgeID":"1815690","fromID":"1389931","toID":"1389930","formEdgeID":null},{"edgeID":"1815691","fromID":"1389932","toID":"1389931","formEdgeID":null},{"edgeID":"1815692","fromID":"1389930","toID":"1389933","formEdgeID":null},{"edgeID":"1815693","fromID":"1389933","toID":"1389929","formEdgeID":null},{"edgeID":"1815694","fromID":"1389917","toID":"1389934","formEdgeID":null},{"edgeID":"1815695","fromID":"1389934","toID":"1389929","formEdgeID":null},{"edgeID":"1815696","fromID":"1389918","toID":"1389935","formEdgeID":null},{"edgeID":"1815697","fromID":"1389935","toID":"1389930","formEdgeID":null},{"edgeID":"1815698","fromID":"1389935","toID":"1389936","formEdgeID":null},{"edgeID":"1815699","fromID":"1389936","toID":"1389934","formEdgeID":null},{"edgeID":"1815700","fromID":"1389939","toID":"1389938","formEdgeID":null},{"edgeID":"1815701","fromID":"1389940","toID":"1389939","formEdgeID":null},{"edgeID":"1815702","fromID":"1389938","toID":"1389941","formEdgeID":null},{"edgeID":"1815703","fromID":"1389941","toID":"1389937","formEdgeID":null},{"edgeID":"1815704","fromID":"1389930","toID":"1389942","formEdgeID":null},{"edgeID":"1815705","fromID":"1389942","toID":"1389938","formEdgeID":null}],"locutions":[]}