{"nodes":[{"nodeID":"1374486","text":"nearly 45,000 migrants crossed the Channel this year","type":"I","timestamp":"2023-11-09 14:45:45"},{"nodeID":"1374487","text":"Fiona Bruce: Nearly 45,000 migrants crossing the Channel this year","type":"L","timestamp":"2023-11-09 14:45:45"},{"nodeID":"1374488","text":"Analysing","type":"YA","timestamp":"2023-11-09 14:45:45"},{"nodeID":"1374489","text":"Amelie: Fiona Bruce: Nearly 45,000 migrants crossing the Channel this year","type":"L","timestamp":"2023-11-09 14:45:45"},{"nodeID":"1374490","text":"Asserting","type":"YA","timestamp":"2023-11-09 14:45:45"},{"nodeID":"1374491","text":"there should or shouldn't be a safe and legal route to claim asylum here, before you enter Britain","type":"I","timestamp":"2023-11-09 14:45:46"},{"nodeID":"1374492","text":"Fiona Bruce: Should there be a safe and legal route to claim asylum here, before you enter Britain","type":"L","timestamp":"2023-11-09 14:45:46"},{"nodeID":"1374493","text":"Analysing","type":"YA","timestamp":"2023-11-09 14:45:46"},{"nodeID":"1374494","text":"Amelie: Fiona Bruce: Should there be a safe and legal route to claim asylum here, before you enter Britain","type":"L","timestamp":"2023-11-09 14:45:46"},{"nodeID":"1374495","text":"Pure Questioning","type":"YA","timestamp":"2023-11-09 14:45:46"},{"nodeID":"1374496","text":"Default Transition","type":"TA","timestamp":"2023-11-09 14:45:46"},{"nodeID":"1374497","text":"every time we talk about, them, and those that are crossing the Channel, they're all a human being","type":"I","timestamp":"2023-11-09 14:45:46"},{"nodeID":"1374498","text":"Pat Cullen: every time we talk about, them, and those that are crossing the Channel, they're all a human being","type":"L","timestamp":"2023-11-09 14:45:46"},{"nodeID":"1374499","text":"Analysing","type":"YA","timestamp":"2023-11-09 14:45:46"},{"nodeID":"1374500","text":"Amelie: Pat Cullen: every time we talk about, them, and those that are crossing the Channel, they're all a human being","type":"L","timestamp":"2023-11-09 14:45:46"},{"nodeID":"1374501","text":"Asserting","type":"YA","timestamp":"2023-11-09 14:45:46"},{"nodeID":"1374502","text":"Pat Cullen would like to see us making sure that we inject as much compassion, and human kindness into the conversations about those that are crossing the Channel","type":"I","timestamp":"2023-11-09 14:45:47"},{"nodeID":"1374503","text":"Pat Cullen: I would like to see us making sure that we inject as much compassion, and human kindness into those conversations","type":"L","timestamp":"2023-11-09 14:45:47"},{"nodeID":"1374504","text":"Analysing","type":"YA","timestamp":"2023-11-09 14:45:47"},{"nodeID":"1374505","text":"Amelie: Pat Cullen: I would like to see us making sure that we inject as much compassion, and human kindness \u2013 and I think that's what this country is about \u2013 into those conversations","type":"L","timestamp":"2023-11-09 14:45:47"},{"nodeID":"1374506","text":"Asserting","type":"YA","timestamp":"2023-11-09 14:45:47"},{"nodeID":"1374507","text":"compassion and human kindness is what Great Britain is about","type":"I","timestamp":"2023-11-09 14:45:48"},{"nodeID":"1374508","text":"Pat Cullen: that's what this country is about","type":"L","timestamp":"2023-11-09 14:45:48"},{"nodeID":"1374509","text":"Analysing","type":"YA","timestamp":"2023-11-09 14:45:48"},{"nodeID":"1374510","text":"Amelie: Pat Cullen: that's what this country is about","type":"L","timestamp":"2023-11-09 14:45:48"},{"nodeID":"1374511","text":"Asserting","type":"YA","timestamp":"2023-11-09 14:45:48"},{"nodeID":"1374512","text":"tonight, the great nurses that Pat Cullen represents are looking after those mothers and babies that have come across in those dinghies, that are trying to hold onto their lives in our hospitals","type":"I","timestamp":"2023-11-09 14:45:48"},{"nodeID":"1374513","text":"Pat Cullen: tonight, the great nurses that I represent are looking after those mothers and babies that have come across in those dinghies, that are trying to hold onto their lives in our hospitals","type":"L","timestamp":"2023-11-09 14:45:48"},{"nodeID":"1374514","text":"Analysing","type":"YA","timestamp":"2023-11-09 14:45:48"},{"nodeID":"1374515","text":"Amelie: Pat Cullen: tonight, the great nurses that I represent are looking after those mothers and babies that have come across in those dinghies, that are trying to hold onto their lives in our hospitals","type":"L","timestamp":"2023-11-09 14:45:48"},{"nodeID":"1374516","text":"Asserting","type":"YA","timestamp":"2023-11-09 14:45:48"},{"nodeID":"1374517","text":"there are many skills and expertise amongst those people that are coming into our country","type":"I","timestamp":"2023-11-09 14:45:49"},{"nodeID":"1374518","text":"Pat Cullen: There are many skills and expertise amongst those people that are coming into our country","type":"L","timestamp":"2023-11-09 14:45:49"},{"nodeID":"1374519","text":"Analysing","type":"YA","timestamp":"2023-11-09 14:45:49"},{"nodeID":"1374520","text":"Amelie: Pat Cullen: There are many skills and expertise amongst those people that are coming into our country","type":"L","timestamp":"2023-11-09 14:45:49"},{"nodeID":"1374521","text":"Asserting","type":"YA","timestamp":"2023-11-09 14:45:49"},{"nodeID":"1374522","text":"more recently, his Royal Highness the King has met with my Royal College, and other Royal Colleges, to have the conversation about immigration with us","type":"I","timestamp":"2023-11-09 14:45:49"},{"nodeID":"1374523","text":"Pat Cullen: more recently, his Royal Highness the King has met with my Royal College, and other Royal Colleges, to have that very conversation with us","type":"L","timestamp":"2023-11-09 14:45:49"},{"nodeID":"1374524","text":"Analysing","type":"YA","timestamp":"2023-11-09 14:45:49"},{"nodeID":"1374525","text":"Amelie: Pat Cullen: more recently, his Royal Highness the King has met with my Royal College, and other Royal Colleges, to have that very conversation with us","type":"L","timestamp":"2023-11-09 14:45:49"},{"nodeID":"1374526","text":"Asserting","type":"YA","timestamp":"2023-11-09 14:45:49"},{"nodeID":"1374527","text":"the conversation between the King and Royal Colleges was about, what can we do when those wonderful people enter into our country, that we can engage with them, and utilise their skills and expertise, and integrate them into the country, and make the best use of it","type":"I","timestamp":"2023-11-09 14:45:50"},{"nodeID":"1374528","text":"Pat Cullen: To say, what can we do when those wonderful people enter into our country, that we can engage with them, and utilise their skills and expertise, and integrate them into the country, and make the best use of it","type":"L","timestamp":"2023-11-09 14:45:50"},{"nodeID":"1374529","text":"Analysing","type":"YA","timestamp":"2023-11-09 14:45:50"},{"nodeID":"1374530","text":"Amelie: Pat Cullen: To say, what can we do when those wonderful people enter into our country, that we can engage with them, and utilise their skills and expertise, and integrate them into the country, and make the best use of it","type":"L","timestamp":"2023-11-09 14:45:50"},{"nodeID":"1374531","text":"Asserting","type":"YA","timestamp":"2023-11-09 14:45:50"},{"nodeID":"1374532","text":"the conversation about how to integrate immigrants is particularly important within our health service, where we have 50,000 vacant nursing posts","type":"I","timestamp":"2023-11-09 14:45:51"},{"nodeID":"1374533","text":"Pat Cullen: Particularly within our health service, where we have 50,000 vacant nursing posts","type":"L","timestamp":"2023-11-09 14:45:51"},{"nodeID":"1374534","text":"Analysing","type":"YA","timestamp":"2023-11-09 14:45:51"},{"nodeID":"1374535","text":"Amelie: Pat Cullen: Particularly within our health service, where we have 50,000 vacant nursing posts","type":"L","timestamp":"2023-11-09 14:45:51"},{"nodeID":"1374536","text":"Asserting","type":"YA","timestamp":"2023-11-09 14:45:51"},{"nodeID":"1374537","text":"Default Transition","type":"TA","timestamp":"2023-11-09 14:45:51"},{"nodeID":"1374538","text":"Default Transition","type":"TA","timestamp":"2023-11-09 14:45:51"},{"nodeID":"1374539","text":"Default Inference","type":"RA","timestamp":"2023-11-09 14:45:51"},{"nodeID":"1374540","text":"Arguing","type":"YA","timestamp":"2023-11-09 14:45:51"},{"nodeID":"1374541","text":"Default Inference","type":"RA","timestamp":"2023-11-09 14:45:51"},{"nodeID":"1374542","text":"Default Transition","type":"TA","timestamp":"2023-11-09 14:45:51"},{"nodeID":"1374543","text":"Arguing","type":"YA","timestamp":"2023-11-09 14:45:51"},{"nodeID":"1374544","text":"Default Transition","type":"TA","timestamp":"2023-11-09 14:45:51"},{"nodeID":"1374545","text":"Default Rephrase","type":"MA","timestamp":"2023-11-09 14:45:51"},{"nodeID":"1374546","text":"Default Transition","type":"TA","timestamp":"2023-11-09 14:45:51"},{"nodeID":"1374547","text":"Restating","type":"YA","timestamp":"2023-11-09 14:45:51"},{"nodeID":"1374548","text":"Default Transition","type":"TA","timestamp":"2023-11-09 14:45:51"},{"nodeID":"1374549","text":"Default Rephrase","type":"MA","timestamp":"2023-11-09 14:45:51"},{"nodeID":"1374550","text":"Restating","type":"YA","timestamp":"2023-11-09 14:45:51"},{"nodeID":"1374551","text":"Default Transition","type":"TA","timestamp":"2023-11-09 14:45:51"},{"nodeID":"1374552","text":"Default Transition","type":"TA","timestamp":"2023-11-09 14:45:51"}],"edges":[{"edgeID":"1797438","fromID":"1374488","toID":"1374487","formEdgeID":null},{"edgeID":"1797439","fromID":"1374489","toID":"1374488","formEdgeID":null},{"edgeID":"1797440","fromID":"1374487","toID":"1374490","formEdgeID":null},{"edgeID":"1797441","fromID":"1374490","toID":"1374486","formEdgeID":null},{"edgeID":"1797442","fromID":"1374493","toID":"1374492","formEdgeID":null},{"edgeID":"1797443","fromID":"1374494","toID":"1374493","formEdgeID":null},{"edgeID":"1797444","fromID":"1374492","toID":"1374495","formEdgeID":null},{"edgeID":"1797445","fromID":"1374495","toID":"1374491","formEdgeID":null},{"edgeID":"1797446","fromID":"1374487","toID":"1374496","formEdgeID":null},{"edgeID":"1797447","fromID":"1374496","toID":"1374492","formEdgeID":null},{"edgeID":"1797448","fromID":"1374499","toID":"1374498","formEdgeID":null},{"edgeID":"1797449","fromID":"1374500","toID":"1374499","formEdgeID":null},{"edgeID":"1797450","fromID":"1374498","toID":"1374501","formEdgeID":null},{"edgeID":"1797451","fromID":"1374501","toID":"1374497","formEdgeID":null},{"edgeID":"1797452","fromID":"1374504","toID":"1374503","formEdgeID":null},{"edgeID":"1797453","fromID":"1374505","toID":"1374504","formEdgeID":null},{"edgeID":"1797454","fromID":"1374503","toID":"1374506","formEdgeID":null},{"edgeID":"1797455","fromID":"1374506","toID":"1374502","formEdgeID":null},{"edgeID":"1797456","fromID":"1374509","toID":"1374508","formEdgeID":null},{"edgeID":"1797457","fromID":"1374510","toID":"1374509","formEdgeID":null},{"edgeID":"1797458","fromID":"1374508","toID":"1374511","formEdgeID":null},{"edgeID":"1797459","fromID":"1374511","toID":"1374507","formEdgeID":null},{"edgeID":"1797460","fromID":"1374514","toID":"1374513","formEdgeID":null},{"edgeID":"1797461","fromID":"1374515","toID":"1374514","formEdgeID":null},{"edgeID":"1797462","fromID":"1374513","toID":"1374516","formEdgeID":null},{"edgeID":"1797463","fromID":"1374516","toID":"1374512","formEdgeID":null},{"edgeID":"1797464","fromID":"1374519","toID":"1374518","formEdgeID":null},{"edgeID":"1797465","fromID":"1374520","toID":"1374519","formEdgeID":null},{"edgeID":"1797466","fromID":"1374518","toID":"1374521","formEdgeID":null},{"edgeID":"1797467","fromID":"1374521","toID":"1374517","formEdgeID":null},{"edgeID":"1797468","fromID":"1374524","toID":"1374523","formEdgeID":null},{"edgeID":"1797469","fromID":"1374525","toID":"1374524","formEdgeID":null},{"edgeID":"1797470","fromID":"1374523","toID":"1374526","formEdgeID":null},{"edgeID":"1797471","fromID":"1374526","toID":"1374522","formEdgeID":null},{"edgeID":"1797472","fromID":"1374529","toID":"1374528","formEdgeID":null},{"edgeID":"1797473","fromID":"1374530","toID":"1374529","formEdgeID":null},{"edgeID":"1797474","fromID":"1374528","toID":"1374531","formEdgeID":null},{"edgeID":"1797475","fromID":"1374531","toID":"1374527","formEdgeID":null},{"edgeID":"1797476","fromID":"1374534","toID":"1374533","formEdgeID":null},{"edgeID":"1797477","fromID":"1374535","toID":"1374534","formEdgeID":null},{"edgeID":"1797478","fromID":"1374533","toID":"1374536","formEdgeID":null},{"edgeID":"1797479","fromID":"1374536","toID":"1374532","formEdgeID":null},{"edgeID":"1797480","fromID":"1374492","toID":"1374537","formEdgeID":null},{"edgeID":"1797481","fromID":"1374537","toID":"1374498","formEdgeID":null},{"edgeID":"1797482","fromID":"1374498","toID":"1374538","formEdgeID":null},{"edgeID":"1797483","fromID":"1374538","toID":"1374503","formEdgeID":null},{"edgeID":"1797484","fromID":"1374497","toID":"1374539","formEdgeID":null},{"edgeID":"1797485","fromID":"1374539","toID":"1374502","formEdgeID":null},{"edgeID":"1797486","fromID":"1374538","toID":"1374540","formEdgeID":null},{"edgeID":"1797487","fromID":"1374540","toID":"1374539","formEdgeID":null},{"edgeID":"1797488","fromID":"1374507","toID":"1374541","formEdgeID":null},{"edgeID":"1797489","fromID":"1374541","toID":"1374502","formEdgeID":null},{"edgeID":"1797490","fromID":"1374503","toID":"1374542","formEdgeID":null},{"edgeID":"1797491","fromID":"1374542","toID":"1374508","formEdgeID":null},{"edgeID":"1797492","fromID":"1374542","toID":"1374543","formEdgeID":null},{"edgeID":"1797493","fromID":"1374543","toID":"1374541","formEdgeID":null},{"edgeID":"1797494","fromID":"1374508","toID":"1374544","formEdgeID":null},{"edgeID":"1797495","fromID":"1374544","toID":"1374513","formEdgeID":null},{"edgeID":"1797496","fromID":"1374527","toID":"1374545","formEdgeID":null},{"edgeID":"1797497","fromID":"1374545","toID":"1374522","formEdgeID":null},{"edgeID":"1797498","fromID":"1374523","toID":"1374546","formEdgeID":null},{"edgeID":"1797499","fromID":"1374546","toID":"1374528","formEdgeID":null},{"edgeID":"1797500","fromID":"1374546","toID":"1374547","formEdgeID":null},{"edgeID":"1797501","fromID":"1374547","toID":"1374545","formEdgeID":null},{"edgeID":"1797502","fromID":"1374528","toID":"1374548","formEdgeID":null},{"edgeID":"1797503","fromID":"1374548","toID":"1374533","formEdgeID":null},{"edgeID":"1797504","fromID":"1374532","toID":"1374549","formEdgeID":null},{"edgeID":"1797505","fromID":"1374549","toID":"1374527","formEdgeID":null},{"edgeID":"1797506","fromID":"1374548","toID":"1374550","formEdgeID":null},{"edgeID":"1797507","fromID":"1374550","toID":"1374549","formEdgeID":null},{"edgeID":"1797508","fromID":"1374513","toID":"1374551","formEdgeID":null},{"edgeID":"1797509","fromID":"1374551","toID":"1374518","formEdgeID":null},{"edgeID":"1797510","fromID":"1374518","toID":"1374552","formEdgeID":null},{"edgeID":"1797511","fromID":"1374552","toID":"1374523","formEdgeID":null}],"locutions":[]}