{"nodes":[{"nodeID":"1376030","text":"the way in which post-Brexit regulations are difficult for AudienceMember20230112QT24 is xxx","type":"I","timestamp":"2023-11-09 14:47:55"},{"nodeID":"1376031","text":"Fiona Bruce: how is it difficult for you","type":"L","timestamp":"2023-11-09 14:47:55"},{"nodeID":"1376032","text":"Analysing","type":"YA","timestamp":"2023-11-09 14:47:55"},{"nodeID":"1376033","text":"Dominika: Fiona Bruce: how is it difficult for you","type":"L","timestamp":"2023-11-09 14:47:55"},{"nodeID":"1376034","text":"Pure Questioning","type":"YA","timestamp":"2023-11-09 14:47:55"},{"nodeID":"1376035","text":"post-Brexit regulations are difficult for AudienceMember20230112QT24 just from a bureaucracy point of view, and the paperwork","type":"I","timestamp":"2023-11-09 14:47:55"},{"nodeID":"1376036","text":"AudienceMember 20230112QT24: Just from a bureaucracy point of view, and the paperwork","type":"L","timestamp":"2023-11-09 14:47:55"},{"nodeID":"1376037","text":"Analysing","type":"YA","timestamp":"2023-11-09 14:47:55"},{"nodeID":"1376038","text":"Dominika: AudienceMember 20230112QT24: Just from a bureaucracy point of view, and the paperwork","type":"L","timestamp":"2023-11-09 14:47:55"},{"nodeID":"1376039","text":"Asserting","type":"YA","timestamp":"2023-11-09 14:47:55"},{"nodeID":"1376040","text":"Default Transition","type":"TA","timestamp":"2023-11-09 14:47:55"},{"nodeID":"1376041","text":"Default Rephrase","type":"MA","timestamp":"2023-11-09 14:47:55"},{"nodeID":"1376042","text":"Default Illocuting","type":"YA","timestamp":"2023-11-09 14:47:55"},{"nodeID":"1376043","text":"AudienceMember20230112QT24 has imported and exported wines for 30 years, for leading wine companies","type":"I","timestamp":"2023-11-09 14:47:56"},{"nodeID":"1376044","text":"AudienceMember 20230112QT24: I've imported and exported wines for 30 years, for leading wine companies","type":"L","timestamp":"2023-11-09 14:47:56"},{"nodeID":"1376045","text":"Analysing","type":"YA","timestamp":"2023-11-09 14:47:56"},{"nodeID":"1376046","text":"Dominika: AudienceMember 20230112QT24: I've imported and exported wines for 30 years, for leading wine companies","type":"L","timestamp":"2023-11-09 14:47:56"},{"nodeID":"1376047","text":"Asserting","type":"YA","timestamp":"2023-11-09 14:47:56"},{"nodeID":"1376048","text":"we just see delays, we see paperwork problems, everything has become so much more complicated","type":"I","timestamp":"2023-11-09 14:47:56"},{"nodeID":"1376049","text":"AudienceMember 20230112QT24: we just see delays, we see paperwork problems, everything has become so much more complicated","type":"L","timestamp":"2023-11-09 14:47:56"},{"nodeID":"1376050","text":"Analysing","type":"YA","timestamp":"2023-11-09 14:47:56"},{"nodeID":"1376051","text":"Dominika: AudienceMember 20230112QT24: we just see delays, we see paperwork problems, everything has become so much more complicated","type":"L","timestamp":"2023-11-09 14:47:56"},{"nodeID":"1376052","text":"Asserting","type":"YA","timestamp":"2023-11-09 14:47:56"},{"nodeID":"1376053","text":"Default Transition","type":"TA","timestamp":"2023-11-09 14:47:56"},{"nodeID":"1376054","text":"there is a whole point about the Brexit deal being oven-ready","type":"I","timestamp":"2023-11-09 14:47:57"},{"nodeID":"1376055","text":"AudienceMember 20230112QT24: the whole point about, you know, this being oven-ready","type":"L","timestamp":"2023-11-09 14:47:57"},{"nodeID":"1376056","text":"Analysing","type":"YA","timestamp":"2023-11-09 14:47:57"},{"nodeID":"1376057","text":"Dominika: AudienceMember 20230112QT24: the whole point about, you know, this being oven-ready","type":"L","timestamp":"2023-11-09 14:47:57"},{"nodeID":"1376058","text":"Asserting","type":"YA","timestamp":"2023-11-09 14:47:57"},{"nodeID":"1376059","text":"Default Transition","type":"TA","timestamp":"2023-11-09 14:47:57"},{"nodeID":"1376060","text":"the Brexit deal is about as oven-ready as a frozen turkey you take out five minutes before Christmas Day","type":"I","timestamp":"2023-11-09 14:47:58"},{"nodeID":"1376061","text":"AudienceMember 20230112QT24: it's about as oven-ready as a frozen turkey you take out five minutes before Christmas Day","type":"L","timestamp":"2023-11-09 14:47:58"},{"nodeID":"1376062","text":"Analysing","type":"YA","timestamp":"2023-11-09 14:47:58"},{"nodeID":"1376063","text":"Dominika: AudienceMember 20230112QT24: it's about as oven-ready as a frozen turkey you take out five minutes before Christmas Day","type":"L","timestamp":"2023-11-09 14:47:58"},{"nodeID":"1376064","text":"Asserting","type":"YA","timestamp":"2023-11-09 14:47:58"},{"nodeID":"1376065","text":"Default Conflict","type":"CA","timestamp":"2023-11-09 14:47:58"},{"nodeID":"1376066","text":"Default Transition","type":"TA","timestamp":"2023-11-09 14:47:58"},{"nodeID":"1376067","text":"Disagreeing","type":"YA","timestamp":"2023-11-09 14:47:58"},{"nodeID":"1376068","text":"Brexit deal really is a joke","type":"I","timestamp":"2023-11-09 14:47:58"},{"nodeID":"1376069","text":"AudienceMember 20230112QT24: It really is a joke","type":"L","timestamp":"2023-11-09 14:47:58"},{"nodeID":"1376070","text":"Analysing","type":"YA","timestamp":"2023-11-09 14:47:58"},{"nodeID":"1376071","text":"Dominika: AudienceMember 20230112QT24: It really is a joke","type":"L","timestamp":"2023-11-09 14:47:58"},{"nodeID":"1376072","text":"Asserting","type":"YA","timestamp":"2023-11-09 14:47:58"},{"nodeID":"1376073","text":"Default Transition","type":"TA","timestamp":"2023-11-09 14:47:58"},{"nodeID":"1376074","text":"Default Rephrase","type":"MA","timestamp":"2023-11-09 14:47:58"},{"nodeID":"1376075","text":"Restating","type":"YA","timestamp":"2023-11-09 14:47:58"},{"nodeID":"1376076","text":"it's time that someone starts being honest","type":"I","timestamp":"2023-11-09 14:47:59"},{"nodeID":"1376077","text":"AudienceMember 20230112QT24: it's time that someone starts being honest","type":"L","timestamp":"2023-11-09 14:47:59"},{"nodeID":"1376078","text":"Analysing","type":"YA","timestamp":"2023-11-09 14:47:59"},{"nodeID":"1376079","text":"Dominika: AudienceMember 20230112QT24: it's time that someone starts being honest","type":"L","timestamp":"2023-11-09 14:47:59"},{"nodeID":"1376080","text":"Asserting","type":"YA","timestamp":"2023-11-09 14:47:59"},{"nodeID":"1376081","text":"Default Transition","type":"TA","timestamp":"2023-11-09 14:47:59"},{"nodeID":"1376082","text":"none of the political parties are actually talking about Brexit","type":"I","timestamp":"2023-11-09 14:47:59"},{"nodeID":"1376083","text":"AudienceMember 20230112QT24: None of the political parties are actually talking about Brexit","type":"L","timestamp":"2023-11-09 14:47:59"},{"nodeID":"1376084","text":"Analysing","type":"YA","timestamp":"2023-11-09 14:47:59"},{"nodeID":"1376085","text":"Dominika: AudienceMember 20230112QT24: None of the political parties are actually talking about Brexit","type":"L","timestamp":"2023-11-09 14:47:59"},{"nodeID":"1376086","text":"Asserting","type":"YA","timestamp":"2023-11-09 14:47:59"},{"nodeID":"1376087","text":"Brexit is one of the most fundamental problems we've got","type":"I","timestamp":"2023-11-09 14:48:00"},{"nodeID":"1376088","text":"AudienceMember 20230112QT24: it's one of the most fundamental problems we've got","type":"L","timestamp":"2023-11-09 14:48:00"},{"nodeID":"1376089","text":"Analysing","type":"YA","timestamp":"2023-11-09 14:48:00"},{"nodeID":"1376090","text":"Dominika: AudienceMember 20230112QT24: it's one of the most fundamental problems we've got","type":"L","timestamp":"2023-11-09 14:48:00"},{"nodeID":"1376091","text":"Asserting","type":"YA","timestamp":"2023-11-09 14:48:00"},{"nodeID":"1376092","text":"Default Inference","type":"RA","timestamp":"2023-11-09 14:48:00"},{"nodeID":"1376093","text":"Default Transition","type":"TA","timestamp":"2023-11-09 14:48:00"},{"nodeID":"1376094","text":"Arguing","type":"YA","timestamp":"2023-11-09 14:48:00"},{"nodeID":"1376095","text":"Default Transition","type":"TA","timestamp":"2023-11-09 14:48:00"},{"nodeID":"1376096","text":"going back to the nurses, it was \u00a3350 million a week we were going to give to the NHS, according to Boris' bus","type":"I","timestamp":"2023-11-09 14:48:01"},{"nodeID":"1376097","text":"AudienceMember 20230112QT24: Going back to the nurses, it was \u00a3350 million a week we were going to give to the NHS, according to Boris' bus","type":"L","timestamp":"2023-11-09 14:48:01"},{"nodeID":"1376098","text":"Analysing","type":"YA","timestamp":"2023-11-09 14:48:01"},{"nodeID":"1376099","text":"Dominika: AudienceMember 20230112QT24: Going back to the nurses, it was \u00a3350 million a week we were going to give to the NHS, according to Boris' bus","type":"L","timestamp":"2023-11-09 14:48:01"},{"nodeID":"1376100","text":"Asserting","type":"YA","timestamp":"2023-11-09 14:48:01"},{"nodeID":"1376101","text":"Default Transition","type":"TA","timestamp":"2023-11-09 14:48:01"},{"nodeID":"1376102","text":"a promise of giving \u00a3350 million a week to the NHS is forgotten about, no one talks about it anymore","type":"I","timestamp":"2023-11-09 14:48:01"},{"nodeID":"1376103","text":"AudienceMember 20230112QT24: that\u2019s forgotten about, no one talks about it anymore","type":"L","timestamp":"2023-11-09 14:48:01"},{"nodeID":"1376104","text":"Analysing","type":"YA","timestamp":"2023-11-09 14:48:01"},{"nodeID":"1376105","text":"Dominika: AudienceMember 20230112QT24: that\u2019s forgotten about, no one talks about it anymore","type":"L","timestamp":"2023-11-09 14:48:01"},{"nodeID":"1376106","text":"Asserting","type":"YA","timestamp":"2023-11-09 14:48:01"},{"nodeID":"1376107","text":"Default Transition","type":"TA","timestamp":"2023-11-09 14:48:01"},{"nodeID":"1376108","text":"Default Conflict","type":"CA","timestamp":"2023-11-09 14:48:01"},{"nodeID":"1376109","text":"Disagreeing","type":"YA","timestamp":"2023-11-09 14:48:01"},{"nodeID":"1376110","text":"the NHS have got \u00a3350 million a week it was promised","type":"I","timestamp":"2023-11-09 14:48:02"},{"nodeID":"1376111","text":"Jacob Rees-Mogg: The NHS have got that money","type":"L","timestamp":"2023-11-09 14:48:02"},{"nodeID":"1376112","text":"Analysing","type":"YA","timestamp":"2023-11-09 14:48:02"},{"nodeID":"1376113","text":"Dominika: Jacob Rees-Mogg: The NHS have got that money","type":"L","timestamp":"2023-11-09 14:48:02"},{"nodeID":"1376114","text":"Asserting","type":"YA","timestamp":"2023-11-09 14:48:02"},{"nodeID":"1376115","text":"Default Conflict","type":"CA","timestamp":"2023-11-09 14:48:02"},{"nodeID":"1376116","text":"Default Transition","type":"TA","timestamp":"2023-11-09 14:48:02"},{"nodeID":"1376117","text":"Disagreeing","type":"YA","timestamp":"2023-11-09 14:48:02"},{"nodeID":"1376118","text":"it's a fundamental breakdown in the truth","type":"I","timestamp":"2023-11-09 14:48:02"},{"nodeID":"1376119","text":"AudienceMember 20230112QT25: It's a fundamental breakdown in the truth","type":"L","timestamp":"2023-11-09 14:48:02"},{"nodeID":"1376120","text":"Analysing","type":"YA","timestamp":"2023-11-09 14:48:02"},{"nodeID":"1376121","text":"Dominika: AudienceMember 20230112QT25: It's a fundamental breakdown in the truth","type":"L","timestamp":"2023-11-09 14:48:02"},{"nodeID":"1376122","text":"Asserting","type":"YA","timestamp":"2023-11-09 14:48:02"},{"nodeID":"1376123","text":"Default Transition","type":"TA","timestamp":"2023-11-09 14:48:02"},{"nodeID":"1376124","text":"Jacob Rees-Mogg: The NHS has got that money","type":"L","timestamp":"2023-11-09 14:48:02"},{"nodeID":"1376125","text":"Analysing","type":"YA","timestamp":"2023-11-09 14:48:02"},{"nodeID":"1376126","text":"Dominika: Jacob Rees-Mogg: The NHS has got that money","type":"L","timestamp":"2023-11-09 14:48:02"},{"nodeID":"1376127","text":"Default Transition","type":"TA","timestamp":"2023-11-09 14:48:02"},{"nodeID":"1376128","text":"Asserting","type":"YA","timestamp":"2023-11-09 14:48:02"},{"nodeID":"1376129","text":"it's a fundamental breakdown in the truth that politics, politicians, are dealing with the electorate","type":"I","timestamp":"2023-11-09 14:48:03"},{"nodeID":"1376130","text":"AudienceMember 20230112QT26: that politics, politicians, are dealing with the electorate","type":"L","timestamp":"2023-11-09 14:48:03"},{"nodeID":"1376131","text":"Analysing","type":"YA","timestamp":"2023-11-09 14:48:03"},{"nodeID":"1376132","text":"Dominika: AudienceMember 20230112QT26: that politics, politicians, are dealing with the electorate","type":"L","timestamp":"2023-11-09 14:48:03"},{"nodeID":"1376133","text":"Asserting","type":"YA","timestamp":"2023-11-09 14:48:03"},{"nodeID":"1376134","text":"people can tell untruths time and time again, and then they're just forgotten","type":"I","timestamp":"2023-11-09 14:48:04"},{"nodeID":"1376135","text":"AudienceMember 20230112QT26: people can tell untruths time and time again, and then they're just forgotten","type":"L","timestamp":"2023-11-09 14:48:04"},{"nodeID":"1376136","text":"Analysing","type":"YA","timestamp":"2023-11-09 14:48:04"},{"nodeID":"1376137","text":"Dominika: AudienceMember 20230112QT26: people can tell untruths time and time again, and then they're just forgotten","type":"L","timestamp":"2023-11-09 14:48:04"},{"nodeID":"1376138","text":"Asserting","type":"YA","timestamp":"2023-11-09 14:48:04"},{"nodeID":"1376139","text":"Default Transition","type":"TA","timestamp":"2023-11-09 14:48:04"},{"nodeID":"1376140","text":"Default Rephrase","type":"MA","timestamp":"2023-11-09 14:48:04"},{"nodeID":"1376141","text":"Restating","type":"YA","timestamp":"2023-11-09 14:48:04"},{"nodeID":"1376142","text":"Brexit was the beginning of all problems and lies","type":"I","timestamp":"2023-11-09 14:48:04"},{"nodeID":"1376143","text":"AudienceMember 20230112QT26: Brexit was the beginning of all this","type":"L","timestamp":"2023-11-09 14:48:04"},{"nodeID":"1376144","text":"Analysing","type":"YA","timestamp":"2023-11-09 14:48:04"},{"nodeID":"1376145","text":"Dominika: AudienceMember 20230112QT26: Brexit was the beginning of all this","type":"L","timestamp":"2023-11-09 14:48:04"},{"nodeID":"1376146","text":"Asserting","type":"YA","timestamp":"2023-11-09 14:48:04"},{"nodeID":"1376147","text":"Default Transition","type":"TA","timestamp":"2023-11-09 14:48:04"},{"nodeID":"1376148","text":"Default Inference","type":"RA","timestamp":"2023-11-09 14:48:04"},{"nodeID":"1376149","text":"Arguing","type":"YA","timestamp":"2023-11-09 14:48:04"},{"nodeID":"1376150","text":"as a society, it's incredibly worrying about where the situation after Brexit is going to lead to","type":"I","timestamp":"2023-11-09 14:48:05"},{"nodeID":"1376151","text":"AudienceMember 20230112QT26: as a society, it's incredibly worrying about where this is going to lead to","type":"L","timestamp":"2023-11-09 14:48:05"},{"nodeID":"1376152","text":"Analysing","type":"YA","timestamp":"2023-11-09 14:48:05"},{"nodeID":"1376153","text":"Dominika: AudienceMember 20230112QT26: as a society, it's incredibly worrying about where this is going to lead to","type":"L","timestamp":"2023-11-09 14:48:05"},{"nodeID":"1376154","text":"Asserting","type":"YA","timestamp":"2023-11-09 14:48:05"},{"nodeID":"1376155","text":"Default Transition","type":"TA","timestamp":"2023-11-09 14:48:05"},{"nodeID":"1376156","text":"Default Rephrase","type":"MA","timestamp":"2023-11-09 14:48:05"},{"nodeID":"1376157","text":"Restating","type":"YA","timestamp":"2023-11-09 14:48:05"},{"nodeID":"1376158","text":"Default Transition","type":"TA","timestamp":"2023-11-09 14:48:05"},{"nodeID":"1376159","text":"Default Rephrase","type":"MA","timestamp":"2023-11-09 14:48:05"},{"nodeID":"1376160","text":"Restating","type":"YA","timestamp":"2023-11-09 14:48:05"},{"nodeID":"1376161","text":"Default Conflict","type":"CA","timestamp":"2023-11-09 14:48:05"},{"nodeID":"1376162","text":"Disagreeing","type":"YA","timestamp":"2023-11-09 14:48:05"},{"nodeID":"1376163","text":"Default Inference","type":"RA","timestamp":"2023-11-09 14:48:05"},{"nodeID":"1376164","text":"Default Transition","type":"TA","timestamp":"2023-11-09 14:48:05"},{"nodeID":"1376165","text":"Arguing","type":"YA","timestamp":"2023-11-09 14:48:05"}],"edges":[{"edgeID":"1799282","fromID":"1376032","toID":"1376031","formEdgeID":null},{"edgeID":"1799283","fromID":"1376033","toID":"1376032","formEdgeID":null},{"edgeID":"1799284","fromID":"1376031","toID":"1376034","formEdgeID":null},{"edgeID":"1799285","fromID":"1376034","toID":"1376030","formEdgeID":null},{"edgeID":"1799286","fromID":"1376037","toID":"1376036","formEdgeID":null},{"edgeID":"1799287","fromID":"1376038","toID":"1376037","formEdgeID":null},{"edgeID":"1799288","fromID":"1376036","toID":"1376039","formEdgeID":null},{"edgeID":"1799289","fromID":"1376039","toID":"1376035","formEdgeID":null},{"edgeID":"1799290","fromID":"1376031","toID":"1376040","formEdgeID":null},{"edgeID":"1799291","fromID":"1376040","toID":"1376036","formEdgeID":null},{"edgeID":"1799292","fromID":"1376035","toID":"1376041","formEdgeID":null},{"edgeID":"1799293","fromID":"1376041","toID":"1376030","formEdgeID":null},{"edgeID":"1799294","fromID":"1376040","toID":"1376042","formEdgeID":null},{"edgeID":"1799295","fromID":"1376042","toID":"1376041","formEdgeID":null},{"edgeID":"1799296","fromID":"1376045","toID":"1376044","formEdgeID":null},{"edgeID":"1799297","fromID":"1376046","toID":"1376045","formEdgeID":null},{"edgeID":"1799298","fromID":"1376044","toID":"1376047","formEdgeID":null},{"edgeID":"1799299","fromID":"1376047","toID":"1376043","formEdgeID":null},{"edgeID":"1799300","fromID":"1376050","toID":"1376049","formEdgeID":null},{"edgeID":"1799301","fromID":"1376051","toID":"1376050","formEdgeID":null},{"edgeID":"1799302","fromID":"1376049","toID":"1376052","formEdgeID":null},{"edgeID":"1799303","fromID":"1376052","toID":"1376048","formEdgeID":null},{"edgeID":"1799304","fromID":"1376036","toID":"1376053","formEdgeID":null},{"edgeID":"1799305","fromID":"1376053","toID":"1376049","formEdgeID":null},{"edgeID":"1799306","fromID":"1376056","toID":"1376055","formEdgeID":null},{"edgeID":"1799307","fromID":"1376057","toID":"1376056","formEdgeID":null},{"edgeID":"1799308","fromID":"1376055","toID":"1376058","formEdgeID":null},{"edgeID":"1799309","fromID":"1376058","toID":"1376054","formEdgeID":null},{"edgeID":"1799310","fromID":"1376049","toID":"1376059","formEdgeID":null},{"edgeID":"1799311","fromID":"1376059","toID":"1376055","formEdgeID":null},{"edgeID":"1799312","fromID":"1376062","toID":"1376061","formEdgeID":null},{"edgeID":"1799313","fromID":"1376063","toID":"1376062","formEdgeID":null},{"edgeID":"1799314","fromID":"1376061","toID":"1376064","formEdgeID":null},{"edgeID":"1799315","fromID":"1376064","toID":"1376060","formEdgeID":null},{"edgeID":"1799316","fromID":"1376060","toID":"1376065","formEdgeID":null},{"edgeID":"1799317","fromID":"1376065","toID":"1376054","formEdgeID":null},{"edgeID":"1799318","fromID":"1376055","toID":"1376066","formEdgeID":null},{"edgeID":"1799319","fromID":"1376066","toID":"1376061","formEdgeID":null},{"edgeID":"1799320","fromID":"1376066","toID":"1376067","formEdgeID":null},{"edgeID":"1799321","fromID":"1376067","toID":"1376065","formEdgeID":null},{"edgeID":"1799322","fromID":"1376070","toID":"1376069","formEdgeID":null},{"edgeID":"1799323","fromID":"1376071","toID":"1376070","formEdgeID":null},{"edgeID":"1799324","fromID":"1376069","toID":"1376072","formEdgeID":null},{"edgeID":"1799325","fromID":"1376072","toID":"1376068","formEdgeID":null},{"edgeID":"1799326","fromID":"1376061","toID":"1376073","formEdgeID":null},{"edgeID":"1799327","fromID":"1376073","toID":"1376069","formEdgeID":null},{"edgeID":"1799328","fromID":"1376068","toID":"1376074","formEdgeID":null},{"edgeID":"1799329","fromID":"1376074","toID":"1376060","formEdgeID":null},{"edgeID":"1799330","fromID":"1376073","toID":"1376075","formEdgeID":null},{"edgeID":"1799331","fromID":"1376075","toID":"1376074","formEdgeID":null},{"edgeID":"1799332","fromID":"1376078","toID":"1376077","formEdgeID":null},{"edgeID":"1799333","fromID":"1376079","toID":"1376078","formEdgeID":null},{"edgeID":"1799334","fromID":"1376077","toID":"1376080","formEdgeID":null},{"edgeID":"1799335","fromID":"1376080","toID":"1376076","formEdgeID":null},{"edgeID":"1799336","fromID":"1376069","toID":"1376081","formEdgeID":null},{"edgeID":"1799337","fromID":"1376081","toID":"1376077","formEdgeID":null},{"edgeID":"1799338","fromID":"1376084","toID":"1376083","formEdgeID":null},{"edgeID":"1799339","fromID":"1376085","toID":"1376084","formEdgeID":null},{"edgeID":"1799340","fromID":"1376083","toID":"1376086","formEdgeID":null},{"edgeID":"1799341","fromID":"1376086","toID":"1376082","formEdgeID":null},{"edgeID":"1799342","fromID":"1376089","toID":"1376088","formEdgeID":null},{"edgeID":"1799343","fromID":"1376090","toID":"1376089","formEdgeID":null},{"edgeID":"1799344","fromID":"1376088","toID":"1376091","formEdgeID":null},{"edgeID":"1799345","fromID":"1376091","toID":"1376087","formEdgeID":null},{"edgeID":"1799346","fromID":"1376087","toID":"1376092","formEdgeID":null},{"edgeID":"1799347","fromID":"1376092","toID":"1376076","formEdgeID":null},{"edgeID":"1799348","fromID":"1376082","toID":"1376092","formEdgeID":null},{"edgeID":"1799349","fromID":"1376077","toID":"1376093","formEdgeID":null},{"edgeID":"1799350","fromID":"1376093","toID":"1376088","formEdgeID":null},{"edgeID":"1799351","fromID":"1376093","toID":"1376094","formEdgeID":null},{"edgeID":"1799352","fromID":"1376094","toID":"1376092","formEdgeID":null},{"edgeID":"1799353","fromID":"1376083","toID":"1376095","formEdgeID":null},{"edgeID":"1799354","fromID":"1376095","toID":"1376088","formEdgeID":null},{"edgeID":"1799355","fromID":"1376098","toID":"1376097","formEdgeID":null},{"edgeID":"1799356","fromID":"1376099","toID":"1376098","formEdgeID":null},{"edgeID":"1799357","fromID":"1376097","toID":"1376100","formEdgeID":null},{"edgeID":"1799358","fromID":"1376100","toID":"1376096","formEdgeID":null},{"edgeID":"1799359","fromID":"1376088","toID":"1376101","formEdgeID":null},{"edgeID":"1799360","fromID":"1376101","toID":"1376097","formEdgeID":null},{"edgeID":"1799361","fromID":"1376104","toID":"1376103","formEdgeID":null},{"edgeID":"1799362","fromID":"1376105","toID":"1376104","formEdgeID":null},{"edgeID":"1799363","fromID":"1376103","toID":"1376106","formEdgeID":null},{"edgeID":"1799364","fromID":"1376106","toID":"1376102","formEdgeID":null},{"edgeID":"1799365","fromID":"1376097","toID":"1376107","formEdgeID":null},{"edgeID":"1799366","fromID":"1376107","toID":"1376103","formEdgeID":null},{"edgeID":"1799367","fromID":"1376102","toID":"1376108","formEdgeID":null},{"edgeID":"1799368","fromID":"1376108","toID":"1376096","formEdgeID":null},{"edgeID":"1799369","fromID":"1376107","toID":"1376109","formEdgeID":null},{"edgeID":"1799370","fromID":"1376109","toID":"1376108","formEdgeID":null},{"edgeID":"1799371","fromID":"1376112","toID":"1376111","formEdgeID":null},{"edgeID":"1799372","fromID":"1376113","toID":"1376112","formEdgeID":null},{"edgeID":"1799373","fromID":"1376111","toID":"1376114","formEdgeID":null},{"edgeID":"1799374","fromID":"1376114","toID":"1376110","formEdgeID":null},{"edgeID":"1799375","fromID":"1376110","toID":"1376115","formEdgeID":null},{"edgeID":"1799376","fromID":"1376115","toID":"1376102","formEdgeID":null},{"edgeID":"1799377","fromID":"1376103","toID":"1376116","formEdgeID":null},{"edgeID":"1799378","fromID":"1376116","toID":"1376111","formEdgeID":null},{"edgeID":"1799379","fromID":"1376116","toID":"1376117","formEdgeID":null},{"edgeID":"1799380","fromID":"1376117","toID":"1376115","formEdgeID":null},{"edgeID":"1799381","fromID":"1376120","toID":"1376119","formEdgeID":null},{"edgeID":"1799382","fromID":"1376121","toID":"1376120","formEdgeID":null},{"edgeID":"1799383","fromID":"1376119","toID":"1376122","formEdgeID":null},{"edgeID":"1799384","fromID":"1376122","toID":"1376118","formEdgeID":null},{"edgeID":"1799385","fromID":"1376111","toID":"1376123","formEdgeID":null},{"edgeID":"1799386","fromID":"1376123","toID":"1376119","formEdgeID":null},{"edgeID":"1799387","fromID":"1376125","toID":"1376124","formEdgeID":null},{"edgeID":"1799388","fromID":"1376126","toID":"1376125","formEdgeID":null},{"edgeID":"1799389","fromID":"1376111","toID":"1376127","formEdgeID":null},{"edgeID":"1799390","fromID":"1376127","toID":"1376124","formEdgeID":null},{"edgeID":"1799391","fromID":"1376124","toID":"1376128","formEdgeID":null},{"edgeID":"1799392","fromID":"1376128","toID":"1376110","formEdgeID":null},{"edgeID":"1799393","fromID":"1376131","toID":"1376130","formEdgeID":null},{"edgeID":"1799394","fromID":"1376132","toID":"1376131","formEdgeID":null},{"edgeID":"1799395","fromID":"1376130","toID":"1376133","formEdgeID":null},{"edgeID":"1799396","fromID":"1376133","toID":"1376129","formEdgeID":null},{"edgeID":"1799397","fromID":"1376136","toID":"1376135","formEdgeID":null},{"edgeID":"1799398","fromID":"1376137","toID":"1376136","formEdgeID":null},{"edgeID":"1799399","fromID":"1376135","toID":"1376138","formEdgeID":null},{"edgeID":"1799400","fromID":"1376138","toID":"1376134","formEdgeID":null},{"edgeID":"1799401","fromID":"1376130","toID":"1376139","formEdgeID":null},{"edgeID":"1799402","fromID":"1376139","toID":"1376135","formEdgeID":null},{"edgeID":"1799403","fromID":"1376134","toID":"1376140","formEdgeID":null},{"edgeID":"1799404","fromID":"1376140","toID":"1376129","formEdgeID":null},{"edgeID":"1799405","fromID":"1376139","toID":"1376141","formEdgeID":null},{"edgeID":"1799406","fromID":"1376141","toID":"1376140","formEdgeID":null},{"edgeID":"1799407","fromID":"1376144","toID":"1376143","formEdgeID":null},{"edgeID":"1799408","fromID":"1376145","toID":"1376144","formEdgeID":null},{"edgeID":"1799409","fromID":"1376143","toID":"1376146","formEdgeID":null},{"edgeID":"1799410","fromID":"1376146","toID":"1376142","formEdgeID":null},{"edgeID":"1799411","fromID":"1376135","toID":"1376147","formEdgeID":null},{"edgeID":"1799412","fromID":"1376147","toID":"1376143","formEdgeID":null},{"edgeID":"1799413","fromID":"1376142","toID":"1376148","formEdgeID":null},{"edgeID":"1799414","fromID":"1376148","toID":"1376134","formEdgeID":null},{"edgeID":"1799415","fromID":"1376147","toID":"1376149","formEdgeID":null},{"edgeID":"1799416","fromID":"1376149","toID":"1376148","formEdgeID":null},{"edgeID":"1799417","fromID":"1376152","toID":"1376151","formEdgeID":null},{"edgeID":"1799418","fromID":"1376153","toID":"1376152","formEdgeID":null},{"edgeID":"1799419","fromID":"1376151","toID":"1376154","formEdgeID":null},{"edgeID":"1799420","fromID":"1376154","toID":"1376150","formEdgeID":null},{"edgeID":"1799421","fromID":"1376143","toID":"1376155","formEdgeID":null},{"edgeID":"1799422","fromID":"1376155","toID":"1376151","formEdgeID":null},{"edgeID":"1799423","fromID":"1376150","toID":"1376156","formEdgeID":null},{"edgeID":"1799424","fromID":"1376156","toID":"1376142","formEdgeID":null},{"edgeID":"1799425","fromID":"1376155","toID":"1376157","formEdgeID":null},{"edgeID":"1799426","fromID":"1376157","toID":"1376156","formEdgeID":null},{"edgeID":"1799427","fromID":"1376119","toID":"1376158","formEdgeID":null},{"edgeID":"1799428","fromID":"1376158","toID":"1376130","formEdgeID":null},{"edgeID":"1799429","fromID":"1376129","toID":"1376159","formEdgeID":null},{"edgeID":"1799430","fromID":"1376159","toID":"1376118","formEdgeID":null},{"edgeID":"1799431","fromID":"1376158","toID":"1376160","formEdgeID":null},{"edgeID":"1799432","fromID":"1376160","toID":"1376159","formEdgeID":null},{"edgeID":"1799433","fromID":"1376118","toID":"1376161","formEdgeID":null},{"edgeID":"1799434","fromID":"1376161","toID":"1376110","formEdgeID":null},{"edgeID":"1799435","fromID":"1376123","toID":"1376162","formEdgeID":null},{"edgeID":"1799436","fromID":"1376162","toID":"1376161","formEdgeID":null},{"edgeID":"1799437","fromID":"1376048","toID":"1376163","formEdgeID":null},{"edgeID":"1799438","fromID":"1376163","toID":"1376035","formEdgeID":null},{"edgeID":"1799439","fromID":"1376043","toID":"1376163","formEdgeID":null},{"edgeID":"1799440","fromID":"1376044","toID":"1376164","formEdgeID":null},{"edgeID":"1799441","fromID":"1376164","toID":"1376049","formEdgeID":null},{"edgeID":"1799442","fromID":"1376053","toID":"1376165","formEdgeID":null},{"edgeID":"1799443","fromID":"1376165","toID":"1376163","formEdgeID":null}],"locutions":[]}