{"nodes":[{"nodeID":"1355046","text":"Scotland hasn\u2019t had to avoid a strike","type":"I","timestamp":"2023-11-09 14:16:09"},{"nodeID":"1355047","text":"Fiona Bruce: Scotland hasn\u2019t had to avoid a strike","type":"L","timestamp":"2023-11-09 14:16:09"},{"nodeID":"1355048","text":"Analysing","type":"YA","timestamp":"2023-11-09 14:16:09"},{"nodeID":"1355049","text":"Anon: Fiona Bruce: Scotland hasn\u2019t had to avoid a strike","type":"L","timestamp":"2023-11-09 14:16:09"},{"nodeID":"1355050","text":"Asserting","type":"YA","timestamp":"2023-11-09 14:16:09"},{"nodeID":"1355051","text":"Shabana Mahmood: Yes","type":"L","timestamp":"2023-11-09 14:16:09"},{"nodeID":"1355052","text":"Analysing","type":"YA","timestamp":"2023-11-09 14:16:09"},{"nodeID":"1355053","text":"Anon: Shabana Mahmood: Yes","type":"L","timestamp":"2023-11-09 14:16:09"},{"nodeID":"1355054","text":"Default Transition","type":"TA","timestamp":"2023-11-09 14:16:09"},{"nodeID":"1355055","text":"Agreeing","type":"YA","timestamp":"2023-11-09 14:16:09"},{"nodeID":"1355056","text":"there should be negotiations","type":"I","timestamp":"2023-11-09 14:16:10"},{"nodeID":"1355057","text":"Shabana Mahmood: there should be negotiations","type":"L","timestamp":"2023-11-09 14:16:10"},{"nodeID":"1355058","text":"Analysing","type":"YA","timestamp":"2023-11-09 14:16:10"},{"nodeID":"1355059","text":"Anon: Shabana Mahmood: there should be negotiations","type":"L","timestamp":"2023-11-09 14:16:10"},{"nodeID":"1355060","text":"Asserting","type":"YA","timestamp":"2023-11-09 14:16:10"},{"nodeID":"1355061","text":"Default Transition","type":"TA","timestamp":"2023-11-09 14:16:10"},{"nodeID":"1355062","text":"you could be doing the same in Wales as in Scotland","type":"I","timestamp":"2023-11-09 14:16:11"},{"nodeID":"1355063","text":"Fiona Bruce: Could there not, could you not be doing the same in Wales","type":"L","timestamp":"2023-11-09 14:16:11"},{"nodeID":"1355064","text":"Analysing","type":"YA","timestamp":"2023-11-09 14:16:11"},{"nodeID":"1355065","text":"Anon: Fiona Bruce: Could there not, could you not be doing the same in Wales","type":"L","timestamp":"2023-11-09 14:16:11"},{"nodeID":"1355066","text":"Rhetorical Questioning","type":"YA","timestamp":"2023-11-09 14:16:11"},{"nodeID":"1355067","text":"Default Transition","type":"TA","timestamp":"2023-11-09 14:16:11"},{"nodeID":"1355068","text":"there has to be negotiations","type":"I","timestamp":"2023-11-09 14:16:12"},{"nodeID":"1355069","text":"Shabana Mahmood: there has to be negotiations","type":"L","timestamp":"2023-11-09 14:16:12"},{"nodeID":"1355070","text":"Analysing","type":"YA","timestamp":"2023-11-09 14:16:12"},{"nodeID":"1355071","text":"Anon: Shabana Mahmood: there has to be negotiations","type":"L","timestamp":"2023-11-09 14:16:12"},{"nodeID":"1355072","text":"Asserting","type":"YA","timestamp":"2023-11-09 14:16:12"},{"nodeID":"1355073","text":"Default Rephrase","type":"MA","timestamp":"2023-11-09 14:16:12"},{"nodeID":"1355074","text":"Default Transition","type":"TA","timestamp":"2023-11-09 14:16:12"},{"nodeID":"1355075","text":"Restating","type":"YA","timestamp":"2023-11-09 14:16:12"},{"nodeID":"1355076","text":"Shabana Mahmood is not going to second-guess what conversations have been taking place in Wales","type":"I","timestamp":"2023-11-09 14:16:12"},{"nodeID":"1355077","text":"Shabana Mahmood: I'm not going to second-guess what conversations have been taking place in Wales","type":"L","timestamp":"2023-11-09 14:16:12"},{"nodeID":"1355078","text":"Analysing","type":"YA","timestamp":"2023-11-09 14:16:12"},{"nodeID":"1355079","text":"Anon: Shabana Mahmood: I'm not going to second-guess what conversations have been taking place in Wales","type":"L","timestamp":"2023-11-09 14:16:12"},{"nodeID":"1355080","text":"Asserting","type":"YA","timestamp":"2023-11-09 14:16:12"},{"nodeID":"1355081","text":"Default Transition","type":"TA","timestamp":"2023-11-09 14:16:12"},{"nodeID":"1355082","text":"Default Conflict","type":"CA","timestamp":"2023-11-09 14:16:12"},{"nodeID":"1355083","text":"Disagreeing","type":"YA","timestamp":"2023-11-09 14:16:12"},{"nodeID":"1355084","text":"in order to avert the national nurse strike that we're seeing, it's on the Government","type":"I","timestamp":"2023-11-09 14:16:13"},{"nodeID":"1355085","text":"Shabana Mahmood:  in order to avert the national strike that we're seeing, it's on the Government","type":"L","timestamp":"2023-11-09 14:16:13"},{"nodeID":"1355086","text":"Analysing","type":"YA","timestamp":"2023-11-09 14:16:13"},{"nodeID":"1355087","text":"Anon: Shabana Mahmood:  in order to avert the national strike that we're seeing, it's on the Government","type":"L","timestamp":"2023-11-09 14:16:13"},{"nodeID":"1355088","text":"Asserting","type":"YA","timestamp":"2023-11-09 14:16:13"},{"nodeID":"1355089","text":"Default Transition","type":"TA","timestamp":"2023-11-09 14:16:13"},{"nodeID":"1355090","text":"the Prime Minister should have rolled his sleeves up, and he should have got a deal with the nurses","type":"I","timestamp":"2023-11-09 14:16:14"},{"nodeID":"1355091","text":"Shabana Mahmood: The Prime Minister should have rolled his sleeves up, and he should have got a deal with the nurses","type":"L","timestamp":"2023-11-09 14:16:14"},{"nodeID":"1355092","text":"Analysing","type":"YA","timestamp":"2023-11-09 14:16:14"},{"nodeID":"1355093","text":"Anon: Shabana Mahmood: The Prime Minister should have rolled his sleeves up, and he should have got a deal with the nurses","type":"L","timestamp":"2023-11-09 14:16:14"},{"nodeID":"1355094","text":"Asserting","type":"YA","timestamp":"2023-11-09 14:16:14"},{"nodeID":"1355095","text":"Default Transition","type":"TA","timestamp":"2023-11-09 14:16:14"},{"nodeID":"1355096","text":"Default Rephrase","type":"MA","timestamp":"2023-11-09 14:16:14"},{"nodeID":"1355097","text":"Restating","type":"YA","timestamp":"2023-11-09 14:16:14"},{"nodeID":"1355098","text":"the nurses' strike is a catastrophic failure of Government","type":"I","timestamp":"2023-11-09 14:16:15"},{"nodeID":"1355099","text":"Daisy Cooper: Is it a catastrophic failure of Government \u2013 yes, it absolutely is","type":"L","timestamp":"2023-11-09 14:16:15"},{"nodeID":"1355100","text":"Analysing","type":"YA","timestamp":"2023-11-09 14:16:15"},{"nodeID":"1355101","text":"Anon: Daisy Cooper: Is it a catastrophic failure of Government \u2013 yes, it absolutely is","type":"L","timestamp":"2023-11-09 14:16:15"},{"nodeID":"1355102","text":"Asserting","type":"YA","timestamp":"2023-11-09 14:16:15"},{"nodeID":"1355103","text":"Default Transition","type":"TA","timestamp":"2023-11-09 14:16:15"},{"nodeID":"1355104","text":"the nurses' strike is a tragedy for both nurses and patients","type":"I","timestamp":"2023-11-09 14:16:15"},{"nodeID":"1355105","text":"Daisy Cooper: it's a tragedy for both nurses, and patients","type":"L","timestamp":"2023-11-09 14:16:15"},{"nodeID":"1355106","text":"Analysing","type":"YA","timestamp":"2023-11-09 14:16:15"},{"nodeID":"1355107","text":"Anon: Daisy Cooper: it's a tragedy for both nurses, and patients","type":"L","timestamp":"2023-11-09 14:16:15"},{"nodeID":"1355108","text":"Asserting","type":"YA","timestamp":"2023-11-09 14:16:15"},{"nodeID":"1355109","text":"Default Transition","type":"TA","timestamp":"2023-11-09 14:16:15"},{"nodeID":"1355110","text":"the Government's tactics for tackling the nurses' strike have been incredibly underhand","type":"I","timestamp":"2023-11-09 14:16:16"},{"nodeID":"1355111","text":"Daisy Cooper:  the Government's tactics have been incredibly underhand","type":"L","timestamp":"2023-11-09 14:16:16"},{"nodeID":"1355112","text":"Analysing","type":"YA","timestamp":"2023-11-09 14:16:16"},{"nodeID":"1355113","text":"Anon: Daisy Cooper:  the Government's tactics have been incredibly underhand","type":"L","timestamp":"2023-11-09 14:16:16"},{"nodeID":"1355114","text":"Asserting","type":"YA","timestamp":"2023-11-09 14:16:16"},{"nodeID":"1355115","text":"Default Transition","type":"TA","timestamp":"2023-11-09 14:16:16"},{"nodeID":"1355116","text":"the Government has used really dodgy figures, misleading figures, to claim that it can't give a pay rise to workers","type":"I","timestamp":"2023-11-09 14:16:17"},{"nodeID":"1355117","text":"Daisy Cooper: The Government has used really dodgy figures, misleading figures, to claim that it can't give a pay rise to workers","type":"L","timestamp":"2023-11-09 14:16:17"},{"nodeID":"1355118","text":"Analysing","type":"YA","timestamp":"2023-11-09 14:16:17"},{"nodeID":"1355119","text":"Anon: Daisy Cooper: The Government has used really dodgy figures, misleading figures, to claim that it can't give a pay rise to workers","type":"L","timestamp":"2023-11-09 14:16:17"},{"nodeID":"1355120","text":"Asserting","type":"YA","timestamp":"2023-11-09 14:16:17"},{"nodeID":"1355121","text":"Default Transition","type":"TA","timestamp":"2023-11-09 14:16:17"},{"nodeID":"1355122","text":"Default Rephrase","type":"MA","timestamp":"2023-11-09 14:16:17"},{"nodeID":"1355123","text":"Restating","type":"YA","timestamp":"2023-11-09 14:16:17"},{"nodeID":"1355124","text":"xxx are misleading figures that were used by the Government to claim the impracticality of a pay rise to the nurses","type":"I","timestamp":"2023-11-09 14:16:18"},{"nodeID":"1355125","text":"Fiona Bruce: Like, what","type":"L","timestamp":"2023-11-09 14:16:18"},{"nodeID":"1355126","text":"Analysing","type":"YA","timestamp":"2023-11-09 14:16:18"},{"nodeID":"1355127","text":"Anon: Fiona Bruce: Like, what","type":"L","timestamp":"2023-11-09 14:16:18"},{"nodeID":"1355128","text":"Pure Questioning","type":"YA","timestamp":"2023-11-09 14:16:18"},{"nodeID":"1355129","text":"Default Transition","type":"TA","timestamp":"2023-11-09 14:16:18"},{"nodeID":"1355130","text":"the Government claimed a pay rise for nurses was going to cost \u00a328 billion","type":"I","timestamp":"2023-11-09 14:16:18"},{"nodeID":"1355131","text":"Daisy Cooper: they claimed it was going to cost \u00a328 billion","type":"L","timestamp":"2023-11-09 14:16:18"},{"nodeID":"1355132","text":"Analysing","type":"YA","timestamp":"2023-11-09 14:16:18"},{"nodeID":"1355133","text":"Anon: Daisy Cooper: they claimed it was going to cost \u00a328 billion","type":"L","timestamp":"2023-11-09 14:16:18"},{"nodeID":"1355134","text":"Asserting","type":"YA","timestamp":"2023-11-09 14:16:18"},{"nodeID":"1355135","text":"Default Transition","type":"TA","timestamp":"2023-11-09 14:16:18"},{"nodeID":"1355136","text":"Default Rephrase","type":"MA","timestamp":"2023-11-09 14:16:18"},{"nodeID":"1355137","text":"Default Illocuting","type":"YA","timestamp":"2023-11-09 14:16:18"},{"nodeID":"1355138","text":"the Institute for Fiscal Studies called \u00a328 billion a dodgy number","type":"I","timestamp":"2023-11-09 14:16:19"},{"nodeID":"1355139","text":"Daisy Cooper: the Institute for Fiscal Studies called that a dodgy number","type":"L","timestamp":"2023-11-09 14:16:19"},{"nodeID":"1355140","text":"Analysing","type":"YA","timestamp":"2023-11-09 14:16:19"},{"nodeID":"1355141","text":"Anon: Daisy Cooper: the Institute for Fiscal Studies called that a dodgy number","type":"L","timestamp":"2023-11-09 14:16:19"},{"nodeID":"1355142","text":"Asserting","type":"YA","timestamp":"2023-11-09 14:16:19"},{"nodeID":"1355143","text":"Default Transition","type":"TA","timestamp":"2023-11-09 14:16:19"},{"nodeID":"1355144","text":"Default Conflict","type":"CA","timestamp":"2023-11-09 14:16:19"},{"nodeID":"1355145","text":"Disagreeing","type":"YA","timestamp":"2023-11-09 14:16:19"},{"nodeID":"1355146","text":"actually it's more like half of \u00a328 billion","type":"I","timestamp":"2023-11-09 14:16:20"},{"nodeID":"1355147","text":"Daisy Cooper: actually it's more like half of that","type":"L","timestamp":"2023-11-09 14:16:20"},{"nodeID":"1355148","text":"Analysing","type":"YA","timestamp":"2023-11-09 14:16:20"},{"nodeID":"1355149","text":"Anon: Daisy Cooper: actually it's more like half of that","type":"L","timestamp":"2023-11-09 14:16:20"},{"nodeID":"1355150","text":"Asserting","type":"YA","timestamp":"2023-11-09 14:16:20"},{"nodeID":"1355151","text":"Default Transition","type":"TA","timestamp":"2023-11-09 14:16:20"},{"nodeID":"1355152","text":"Default Inference","type":"RA","timestamp":"2023-11-09 14:16:20"},{"nodeID":"1355153","text":"Arguing","type":"YA","timestamp":"2023-11-09 14:16:20"},{"nodeID":"1355154","text":"the Government is using those over-inflated numbers to try and make their point","type":"I","timestamp":"2023-11-09 14:16:21"},{"nodeID":"1355155","text":"Daisy Cooper: they're using those over-inflated numbers to try and make their point","type":"L","timestamp":"2023-11-09 14:16:21"},{"nodeID":"1355156","text":"Analysing","type":"YA","timestamp":"2023-11-09 14:16:21"},{"nodeID":"1355157","text":"Anon: Daisy Cooper: they're using those over-inflated numbers to try and make their point","type":"L","timestamp":"2023-11-09 14:16:21"},{"nodeID":"1355158","text":"Asserting","type":"YA","timestamp":"2023-11-09 14:16:21"},{"nodeID":"1355159","text":"using over-inflated numbers to make their point is a really underhand tactic by the Government","type":"I","timestamp":"2023-11-09 14:16:22"},{"nodeID":"1355160","text":"Daisy Cooper:  that\u2019s a really underhand tactic by the Government","type":"L","timestamp":"2023-11-09 14:16:22"},{"nodeID":"1355161","text":"Analysing","type":"YA","timestamp":"2023-11-09 14:16:22"},{"nodeID":"1355162","text":"Anon: Daisy Cooper:  that\u2019s a really underhand tactic by the Government","type":"L","timestamp":"2023-11-09 14:16:22"},{"nodeID":"1355163","text":"Asserting","type":"YA","timestamp":"2023-11-09 14:16:22"},{"nodeID":"1355164","text":"Default Transition","type":"TA","timestamp":"2023-11-09 14:16:22"},{"nodeID":"1355165","text":"Default Inference","type":"RA","timestamp":"2023-11-09 14:16:22"},{"nodeID":"1355166","text":"Arguing","type":"YA","timestamp":"2023-11-09 14:16:22"},{"nodeID":"1355167","text":"Default Rephrase","type":"MA","timestamp":"2023-11-09 14:16:22"},{"nodeID":"1355168","text":"Default Transition","type":"TA","timestamp":"2023-11-09 14:16:22"},{"nodeID":"1355169","text":"Restating","type":"YA","timestamp":"2023-11-09 14:16:22"}],"edges":[{"edgeID":"1774319","fromID":"1355048","toID":"1355047","formEdgeID":null},{"edgeID":"1774320","fromID":"1355049","toID":"1355048","formEdgeID":null},{"edgeID":"1774321","fromID":"1355047","toID":"1355050","formEdgeID":null},{"edgeID":"1774322","fromID":"1355050","toID":"1355046","formEdgeID":null},{"edgeID":"1774323","fromID":"1355052","toID":"1355051","formEdgeID":null},{"edgeID":"1774324","fromID":"1355053","toID":"1355052","formEdgeID":null},{"edgeID":"1774325","fromID":"1355047","toID":"1355054","formEdgeID":null},{"edgeID":"1774326","fromID":"1355054","toID":"1355051","formEdgeID":null},{"edgeID":"1774327","fromID":"1355054","toID":"1355055","formEdgeID":null},{"edgeID":"1774328","fromID":"1355055","toID":"1355046","formEdgeID":null},{"edgeID":"1774329","fromID":"1355058","toID":"1355057","formEdgeID":null},{"edgeID":"1774330","fromID":"1355059","toID":"1355058","formEdgeID":null},{"edgeID":"1774331","fromID":"1355057","toID":"1355060","formEdgeID":null},{"edgeID":"1774332","fromID":"1355060","toID":"1355056","formEdgeID":null},{"edgeID":"1774333","fromID":"1355051","toID":"1355061","formEdgeID":null},{"edgeID":"1774334","fromID":"1355061","toID":"1355057","formEdgeID":null},{"edgeID":"1774335","fromID":"1355064","toID":"1355063","formEdgeID":null},{"edgeID":"1774336","fromID":"1355065","toID":"1355064","formEdgeID":null},{"edgeID":"1774337","fromID":"1355063","toID":"1355066","formEdgeID":null},{"edgeID":"1774338","fromID":"1355066","toID":"1355062","formEdgeID":null},{"edgeID":"1774339","fromID":"1355057","toID":"1355067","formEdgeID":null},{"edgeID":"1774340","fromID":"1355067","toID":"1355063","formEdgeID":null},{"edgeID":"1774341","fromID":"1355070","toID":"1355069","formEdgeID":null},{"edgeID":"1774342","fromID":"1355071","toID":"1355070","formEdgeID":null},{"edgeID":"1774343","fromID":"1355069","toID":"1355072","formEdgeID":null},{"edgeID":"1774344","fromID":"1355072","toID":"1355068","formEdgeID":null},{"edgeID":"1774345","fromID":"1355068","toID":"1355073","formEdgeID":null},{"edgeID":"1774346","fromID":"1355073","toID":"1355056","formEdgeID":null},{"edgeID":"1774347","fromID":"1355057","toID":"1355074","formEdgeID":null},{"edgeID":"1774348","fromID":"1355074","toID":"1355069","formEdgeID":null},{"edgeID":"1774349","fromID":"1355074","toID":"1355075","formEdgeID":null},{"edgeID":"1774350","fromID":"1355075","toID":"1355073","formEdgeID":null},{"edgeID":"1774351","fromID":"1355078","toID":"1355077","formEdgeID":null},{"edgeID":"1774352","fromID":"1355079","toID":"1355078","formEdgeID":null},{"edgeID":"1774353","fromID":"1355077","toID":"1355080","formEdgeID":null},{"edgeID":"1774354","fromID":"1355080","toID":"1355076","formEdgeID":null},{"edgeID":"1774355","fromID":"1355069","toID":"1355081","formEdgeID":null},{"edgeID":"1774356","fromID":"1355081","toID":"1355077","formEdgeID":null},{"edgeID":"1774357","fromID":"1355076","toID":"1355082","formEdgeID":null},{"edgeID":"1774358","fromID":"1355082","toID":"1355068","formEdgeID":null},{"edgeID":"1774359","fromID":"1355081","toID":"1355083","formEdgeID":null},{"edgeID":"1774360","fromID":"1355083","toID":"1355082","formEdgeID":null},{"edgeID":"1774361","fromID":"1355086","toID":"1355085","formEdgeID":null},{"edgeID":"1774362","fromID":"1355087","toID":"1355086","formEdgeID":null},{"edgeID":"1774363","fromID":"1355085","toID":"1355088","formEdgeID":null},{"edgeID":"1774364","fromID":"1355088","toID":"1355084","formEdgeID":null},{"edgeID":"1774365","fromID":"1355077","toID":"1355089","formEdgeID":null},{"edgeID":"1774366","fromID":"1355089","toID":"1355085","formEdgeID":null},{"edgeID":"1774367","fromID":"1355092","toID":"1355091","formEdgeID":null},{"edgeID":"1774368","fromID":"1355093","toID":"1355092","formEdgeID":null},{"edgeID":"1774369","fromID":"1355091","toID":"1355094","formEdgeID":null},{"edgeID":"1774370","fromID":"1355094","toID":"1355090","formEdgeID":null},{"edgeID":"1774371","fromID":"1355085","toID":"1355095","formEdgeID":null},{"edgeID":"1774372","fromID":"1355095","toID":"1355091","formEdgeID":null},{"edgeID":"1774373","fromID":"1355090","toID":"1355096","formEdgeID":null},{"edgeID":"1774374","fromID":"1355096","toID":"1355084","formEdgeID":null},{"edgeID":"1774375","fromID":"1355095","toID":"1355097","formEdgeID":null},{"edgeID":"1774376","fromID":"1355097","toID":"1355096","formEdgeID":null},{"edgeID":"1774377","fromID":"1355100","toID":"1355099","formEdgeID":null},{"edgeID":"1774378","fromID":"1355101","toID":"1355100","formEdgeID":null},{"edgeID":"1774379","fromID":"1355099","toID":"1355102","formEdgeID":null},{"edgeID":"1774380","fromID":"1355102","toID":"1355098","formEdgeID":null},{"edgeID":"1774381","fromID":"1355091","toID":"1355103","formEdgeID":null},{"edgeID":"1774382","fromID":"1355103","toID":"1355099","formEdgeID":null},{"edgeID":"1774383","fromID":"1355106","toID":"1355105","formEdgeID":null},{"edgeID":"1774384","fromID":"1355107","toID":"1355106","formEdgeID":null},{"edgeID":"1774385","fromID":"1355105","toID":"1355108","formEdgeID":null},{"edgeID":"1774386","fromID":"1355108","toID":"1355104","formEdgeID":null},{"edgeID":"1774387","fromID":"1355099","toID":"1355109","formEdgeID":null},{"edgeID":"1774388","fromID":"1355109","toID":"1355105","formEdgeID":null},{"edgeID":"1774389","fromID":"1355112","toID":"1355111","formEdgeID":null},{"edgeID":"1774390","fromID":"1355113","toID":"1355112","formEdgeID":null},{"edgeID":"1774391","fromID":"1355111","toID":"1355114","formEdgeID":null},{"edgeID":"1774392","fromID":"1355114","toID":"1355110","formEdgeID":null},{"edgeID":"1774393","fromID":"1355105","toID":"1355115","formEdgeID":null},{"edgeID":"1774394","fromID":"1355115","toID":"1355111","formEdgeID":null},{"edgeID":"1774395","fromID":"1355118","toID":"1355117","formEdgeID":null},{"edgeID":"1774396","fromID":"1355119","toID":"1355118","formEdgeID":null},{"edgeID":"1774397","fromID":"1355117","toID":"1355120","formEdgeID":null},{"edgeID":"1774398","fromID":"1355120","toID":"1355116","formEdgeID":null},{"edgeID":"1774399","fromID":"1355111","toID":"1355121","formEdgeID":null},{"edgeID":"1774400","fromID":"1355121","toID":"1355117","formEdgeID":null},{"edgeID":"1774401","fromID":"1355116","toID":"1355122","formEdgeID":null},{"edgeID":"1774402","fromID":"1355122","toID":"1355110","formEdgeID":null},{"edgeID":"1774403","fromID":"1355121","toID":"1355123","formEdgeID":null},{"edgeID":"1774404","fromID":"1355123","toID":"1355122","formEdgeID":null},{"edgeID":"1774405","fromID":"1355126","toID":"1355125","formEdgeID":null},{"edgeID":"1774406","fromID":"1355127","toID":"1355126","formEdgeID":null},{"edgeID":"1774407","fromID":"1355125","toID":"1355128","formEdgeID":null},{"edgeID":"1774408","fromID":"1355128","toID":"1355124","formEdgeID":null},{"edgeID":"1774409","fromID":"1355117","toID":"1355129","formEdgeID":null},{"edgeID":"1774410","fromID":"1355129","toID":"1355125","formEdgeID":null},{"edgeID":"1774411","fromID":"1355132","toID":"1355131","formEdgeID":null},{"edgeID":"1774412","fromID":"1355133","toID":"1355132","formEdgeID":null},{"edgeID":"1774413","fromID":"1355131","toID":"1355134","formEdgeID":null},{"edgeID":"1774414","fromID":"1355134","toID":"1355130","formEdgeID":null},{"edgeID":"1774415","fromID":"1355125","toID":"1355135","formEdgeID":null},{"edgeID":"1774416","fromID":"1355135","toID":"1355131","formEdgeID":null},{"edgeID":"1774417","fromID":"1355130","toID":"1355136","formEdgeID":null},{"edgeID":"1774418","fromID":"1355136","toID":"1355124","formEdgeID":null},{"edgeID":"1774419","fromID":"1355135","toID":"1355137","formEdgeID":null},{"edgeID":"1774420","fromID":"1355137","toID":"1355136","formEdgeID":null},{"edgeID":"1774421","fromID":"1355140","toID":"1355139","formEdgeID":null},{"edgeID":"1774422","fromID":"1355141","toID":"1355140","formEdgeID":null},{"edgeID":"1774423","fromID":"1355139","toID":"1355142","formEdgeID":null},{"edgeID":"1774424","fromID":"1355142","toID":"1355138","formEdgeID":null},{"edgeID":"1774425","fromID":"1355131","toID":"1355143","formEdgeID":null},{"edgeID":"1774426","fromID":"1355143","toID":"1355139","formEdgeID":null},{"edgeID":"1774427","fromID":"1355138","toID":"1355144","formEdgeID":null},{"edgeID":"1774428","fromID":"1355144","toID":"1355130","formEdgeID":null},{"edgeID":"1774429","fromID":"1355143","toID":"1355145","formEdgeID":null},{"edgeID":"1774430","fromID":"1355145","toID":"1355144","formEdgeID":null},{"edgeID":"1774431","fromID":"1355148","toID":"1355147","formEdgeID":null},{"edgeID":"1774432","fromID":"1355149","toID":"1355148","formEdgeID":null},{"edgeID":"1774433","fromID":"1355147","toID":"1355150","formEdgeID":null},{"edgeID":"1774434","fromID":"1355150","toID":"1355146","formEdgeID":null},{"edgeID":"1774435","fromID":"1355139","toID":"1355151","formEdgeID":null},{"edgeID":"1774436","fromID":"1355151","toID":"1355147","formEdgeID":null},{"edgeID":"1774437","fromID":"1355146","toID":"1355152","formEdgeID":null},{"edgeID":"1774438","fromID":"1355152","toID":"1355138","formEdgeID":null},{"edgeID":"1774439","fromID":"1355151","toID":"1355153","formEdgeID":null},{"edgeID":"1774440","fromID":"1355153","toID":"1355152","formEdgeID":null},{"edgeID":"1774441","fromID":"1355156","toID":"1355155","formEdgeID":null},{"edgeID":"1774442","fromID":"1355157","toID":"1355156","formEdgeID":null},{"edgeID":"1774443","fromID":"1355155","toID":"1355158","formEdgeID":null},{"edgeID":"1774444","fromID":"1355158","toID":"1355154","formEdgeID":null},{"edgeID":"1774445","fromID":"1355161","toID":"1355160","formEdgeID":null},{"edgeID":"1774446","fromID":"1355162","toID":"1355161","formEdgeID":null},{"edgeID":"1774447","fromID":"1355160","toID":"1355163","formEdgeID":null},{"edgeID":"1774448","fromID":"1355163","toID":"1355159","formEdgeID":null},{"edgeID":"1774449","fromID":"1355155","toID":"1355164","formEdgeID":null},{"edgeID":"1774450","fromID":"1355164","toID":"1355160","formEdgeID":null},{"edgeID":"1774451","fromID":"1355104","toID":"1355165","formEdgeID":null},{"edgeID":"1774452","fromID":"1355165","toID":"1355098","formEdgeID":null},{"edgeID":"1774453","fromID":"1355109","toID":"1355166","formEdgeID":null},{"edgeID":"1774454","fromID":"1355166","toID":"1355165","formEdgeID":null},{"edgeID":"1774455","fromID":"1355154","toID":"1355167","formEdgeID":null},{"edgeID":"1774456","fromID":"1355167","toID":"1355130","formEdgeID":null},{"edgeID":"1774457","fromID":"1355131","toID":"1355168","formEdgeID":null},{"edgeID":"1774458","fromID":"1355168","toID":"1355155","formEdgeID":null},{"edgeID":"1774459","fromID":"1355168","toID":"1355169","formEdgeID":null},{"edgeID":"1774460","fromID":"1355169","toID":"1355167","formEdgeID":null}],"locutions":[]}