{"nodes":[{"nodeID":"1376647","text":"Shabana Mahmood: Yes","type":"L","timestamp":"2023-11-09 14:48:46"},{"nodeID":"1376648","text":"we've got to have arrangements for employment rights in this country that keep pace with the changing nature of the Labour market","type":"I","timestamp":"2023-11-09 14:48:46"},{"nodeID":"1376649","text":"Shabana Mahmood: we've got to have arrangements for employment rights in this country that keep pace with the changing nature of the Labour market","type":"L","timestamp":"2023-11-09 14:48:46"},{"nodeID":"1376650","text":"Analysing","type":"YA","timestamp":"2023-11-09 14:48:46"},{"nodeID":"1376651","text":"Lara: Shabana Mahmood: we've got to have arrangements for employment rights in this country that keep pace with the changing nature of the Labour market","type":"L","timestamp":"2023-11-09 14:48:46"},{"nodeID":"1376652","text":"Asserting","type":"YA","timestamp":"2023-11-09 14:48:46"},{"nodeID":"1376653","text":"the right to request flexible working is fine","type":"I","timestamp":"2023-11-09 14:48:47"},{"nodeID":"1376654","text":"Shabana Mahmood: the right to request is fine","type":"L","timestamp":"2023-11-09 14:48:47"},{"nodeID":"1376655","text":"Analysing","type":"YA","timestamp":"2023-11-09 14:48:47"},{"nodeID":"1376656","text":"Lara: Shabana Mahmood: the right to request is fine","type":"L","timestamp":"2023-11-09 14:48:47"},{"nodeID":"1376657","text":"Asserting","type":"YA","timestamp":"2023-11-09 14:48:47"},{"nodeID":"1376658","text":"Default Transition","type":"TA","timestamp":"2023-11-09 14:48:47"},{"nodeID":"1376659","text":"Default Inference","type":"RA","timestamp":"2023-11-09 14:48:47"},{"nodeID":"1376660","text":"Arguing","type":"YA","timestamp":"2023-11-09 14:48:47"},{"nodeID":"1376661","text":"flexible working will suit some sectors","type":"I","timestamp":"2023-11-09 14:48:48"},{"nodeID":"1376662","text":"Shabana Mahmood: it will suit some sectors","type":"L","timestamp":"2023-11-09 14:48:48"},{"nodeID":"1376663","text":"Analysing","type":"YA","timestamp":"2023-11-09 14:48:48"},{"nodeID":"1376664","text":"Lara: Shabana Mahmood: it will suit some sectors","type":"L","timestamp":"2023-11-09 14:48:48"},{"nodeID":"1376665","text":"Asserting","type":"YA","timestamp":"2023-11-09 14:48:48"},{"nodeID":"1376666","text":"Default Transition","type":"TA","timestamp":"2023-11-09 14:48:48"},{"nodeID":"1376667","text":"Default Inference","type":"RA","timestamp":"2023-11-09 14:48:48"},{"nodeID":"1376668","text":"Arguing","type":"YA","timestamp":"2023-11-09 14:48:48"},{"nodeID":"1376669","text":"Shabana Mahmood supports the Government proposal","type":"I","timestamp":"2023-11-09 14:48:48"},{"nodeID":"1376670","text":"Fiona Bruce:  you support the Government proposal","type":"L","timestamp":"2023-11-09 14:48:48"},{"nodeID":"1376671","text":"Analysing","type":"YA","timestamp":"2023-11-09 14:48:48"},{"nodeID":"1376672","text":"Lara: Fiona Bruce:  you support the Government proposal","type":"L","timestamp":"2023-11-09 14:48:48"},{"nodeID":"1376673","text":"Assertive Questioning","type":"YA","timestamp":"2023-11-09 14:48:48"},{"nodeID":"1376674","text":"Default Transition","type":"TA","timestamp":"2023-11-09 14:48:48"},{"nodeID":"1376675","text":"Analysing","type":"YA","timestamp":"2023-11-09 14:48:48"},{"nodeID":"1376676","text":"Lara: Shabana Mahmood: Yes","type":"L","timestamp":"2023-11-09 14:48:48"},{"nodeID":"1376677","text":"Default Transition","type":"TA","timestamp":"2023-11-09 14:48:48"},{"nodeID":"1376678","text":"Agreeing","type":"YA","timestamp":"2023-11-09 14:48:48"},{"nodeID":"1376679","text":"Shabana Mahmood would look at all of the details regarding the Government proposal","type":"I","timestamp":"2023-11-09 14:48:49"},{"nodeID":"1376680","text":"Shabana Mahmood: I would look at all of the details","type":"L","timestamp":"2023-11-09 14:48:49"},{"nodeID":"1376681","text":"Analysing","type":"YA","timestamp":"2023-11-09 14:48:49"},{"nodeID":"1376682","text":"Lara: Shabana Mahmood: I would look at all of the details","type":"L","timestamp":"2023-11-09 14:48:49"},{"nodeID":"1376683","text":"Asserting","type":"YA","timestamp":"2023-11-09 14:48:49"},{"nodeID":"1376684","text":"Default Transition","type":"TA","timestamp":"2023-11-09 14:48:49"},{"nodeID":"1376685","text":"in principle, it is right that people are able to request flexible working","type":"I","timestamp":"2023-11-09 14:48:50"},{"nodeID":"1376686","text":"Shabana Mahmood: in principle, is it right that people are able to request flexible working","type":"L","timestamp":"2023-11-09 14:48:50"},{"nodeID":"1376687","text":"Analysing","type":"YA","timestamp":"2023-11-09 14:48:50"},{"nodeID":"1376688","text":"Lara: Shabana Mahmood: in principle, is it right that people are able to request flexible working","type":"L","timestamp":"2023-11-09 14:48:50"},{"nodeID":"1376689","text":"Rhetorical Questioning","type":"YA","timestamp":"2023-11-09 14:48:50"},{"nodeID":"1376690","text":"Default Transition","type":"TA","timestamp":"2023-11-09 14:48:50"},{"nodeID":"1376691","text":"flexible working and working from home are incredibly important ways in which we can get women back into work after they\u2019ve taken some time off to have children, for example","type":"I","timestamp":"2023-11-09 14:48:50"},{"nodeID":"1376692","text":"Shabana Mahmood: flexible working, working from home, these are incredibly important ways in which we can get, you know, women back into work after they\u2019ve taken some time off to have children, for example","type":"L","timestamp":"2023-11-09 14:48:50"},{"nodeID":"1376693","text":"Analysing","type":"YA","timestamp":"2023-11-09 14:48:50"},{"nodeID":"1376694","text":"Lara: Shabana Mahmood: flexible working, working from home, these are incredibly important ways in which we can get, you know, women back into work after they\u2019ve taken some time off to have children, for example","type":"L","timestamp":"2023-11-09 14:48:50"},{"nodeID":"1376695","text":"Asserting","type":"YA","timestamp":"2023-11-09 14:48:50"},{"nodeID":"1376696","text":"flexible arrangements are incredibly important for a whole host of workers across our economy","type":"I","timestamp":"2023-11-09 14:48:51"},{"nodeID":"1376697","text":"Shabana Mahmood:  flexible arrangements are incredibly important for a whole host of workers across our economy","type":"L","timestamp":"2023-11-09 14:48:51"},{"nodeID":"1376698","text":"Analysing","type":"YA","timestamp":"2023-11-09 14:48:51"},{"nodeID":"1376699","text":"Lara: Shabana Mahmood:  flexible arrangements are incredibly important for a whole host of workers across our economy","type":"L","timestamp":"2023-11-09 14:48:51"},{"nodeID":"1376700","text":"Asserting","type":"YA","timestamp":"2023-11-09 14:48:51"},{"nodeID":"1376701","text":"flexible arrangements will suit some sectors more than others","type":"I","timestamp":"2023-11-09 14:48:51"},{"nodeID":"1376702","text":"Shabana Mahmood: It will suit some sectors more than others","type":"L","timestamp":"2023-11-09 14:48:51"},{"nodeID":"1376703","text":"Analysing","type":"YA","timestamp":"2023-11-09 14:48:51"},{"nodeID":"1376704","text":"Lara: Shabana Mahmood: It will suit some sectors more than others","type":"L","timestamp":"2023-11-09 14:48:51"},{"nodeID":"1376705","text":"Asserting","type":"YA","timestamp":"2023-11-09 14:48:51"},{"nodeID":"1376706","text":"not every sector will be able to accommodate the requests","type":"I","timestamp":"2023-11-09 14:48:52"},{"nodeID":"1376707","text":"Shabana Mahmood: not every sector will be able to accommodate the requests","type":"L","timestamp":"2023-11-09 14:48:52"},{"nodeID":"1376708","text":"Analysing","type":"YA","timestamp":"2023-11-09 14:48:52"},{"nodeID":"1376709","text":"Lara: Shabana Mahmood: not every sector will be able to accommodate the requests","type":"L","timestamp":"2023-11-09 14:48:52"},{"nodeID":"1376710","text":"Asserting","type":"YA","timestamp":"2023-11-09 14:48:52"},{"nodeID":"1376711","text":"in principle, the Government proposal is the right thing to do","type":"I","timestamp":"2023-11-09 14:48:53"},{"nodeID":"1376712","text":"Shabana Mahmood: in principle, I think that it's the right thing to do","type":"L","timestamp":"2023-11-09 14:48:53"},{"nodeID":"1376713","text":"Analysing","type":"YA","timestamp":"2023-11-09 14:48:53"},{"nodeID":"1376714","text":"Lara: Shabana Mahmood: in principle, I think that it's the right thing to do","type":"L","timestamp":"2023-11-09 14:48:53"},{"nodeID":"1376715","text":"Asserting","type":"YA","timestamp":"2023-11-09 14:48:53"},{"nodeID":"1376716","text":"Default Transition","type":"TA","timestamp":"2023-11-09 14:48:53"},{"nodeID":"1376717","text":"Default Inference","type":"RA","timestamp":"2023-11-09 14:48:53"},{"nodeID":"1376718","text":"Arguing","type":"YA","timestamp":"2023-11-09 14:48:53"},{"nodeID":"1376719","text":"Default Transition","type":"TA","timestamp":"2023-11-09 14:48:53"},{"nodeID":"1376720","text":"Default Rephrase","type":"MA","timestamp":"2023-11-09 14:48:53"},{"nodeID":"1376721","text":"Restating","type":"YA","timestamp":"2023-11-09 14:48:53"},{"nodeID":"1376722","text":"Default Transition","type":"TA","timestamp":"2023-11-09 14:48:53"},{"nodeID":"1376723","text":"Default Conflict","type":"CA","timestamp":"2023-11-09 14:48:53"},{"nodeID":"1376724","text":"Disagreeing","type":"YA","timestamp":"2023-11-09 14:48:53"},{"nodeID":"1376725","text":"Default Transition","type":"TA","timestamp":"2023-11-09 14:48:53"},{"nodeID":"1376726","text":"Default Rephrase","type":"MA","timestamp":"2023-11-09 14:48:53"},{"nodeID":"1376727","text":"Restating","type":"YA","timestamp":"2023-11-09 14:48:53"},{"nodeID":"1376728","text":"Default Transition","type":"TA","timestamp":"2023-11-09 14:48:53"},{"nodeID":"1376729","text":"Default Rephrase","type":"MA","timestamp":"2023-11-09 14:48:53"},{"nodeID":"1376730","text":"Restating","type":"YA","timestamp":"2023-11-09 14:48:53"},{"nodeID":"1376731","text":"Default Transition","type":"TA","timestamp":"2023-11-09 14:48:53"},{"nodeID":"1376732","text":"Default Rephrase","type":"MA","timestamp":"2023-11-09 14:48:53"},{"nodeID":"1376733","text":"Restating","type":"YA","timestamp":"2023-11-09 14:48:53"}],"edges":[{"edgeID":"1800016","fromID":"1376650","toID":"1376649","formEdgeID":null},{"edgeID":"1800017","fromID":"1376651","toID":"1376650","formEdgeID":null},{"edgeID":"1800018","fromID":"1376649","toID":"1376652","formEdgeID":null},{"edgeID":"1800019","fromID":"1376652","toID":"1376648","formEdgeID":null},{"edgeID":"1800020","fromID":"1376655","toID":"1376654","formEdgeID":null},{"edgeID":"1800021","fromID":"1376656","toID":"1376655","formEdgeID":null},{"edgeID":"1800022","fromID":"1376654","toID":"1376657","formEdgeID":null},{"edgeID":"1800023","fromID":"1376657","toID":"1376653","formEdgeID":null},{"edgeID":"1800024","fromID":"1376649","toID":"1376658","formEdgeID":null},{"edgeID":"1800025","fromID":"1376658","toID":"1376654","formEdgeID":null},{"edgeID":"1800026","fromID":"1376648","toID":"1376659","formEdgeID":null},{"edgeID":"1800027","fromID":"1376659","toID":"1376653","formEdgeID":null},{"edgeID":"1800028","fromID":"1376658","toID":"1376660","formEdgeID":null},{"edgeID":"1800029","fromID":"1376660","toID":"1376659","formEdgeID":null},{"edgeID":"1800030","fromID":"1376663","toID":"1376662","formEdgeID":null},{"edgeID":"1800031","fromID":"1376664","toID":"1376663","formEdgeID":null},{"edgeID":"1800032","fromID":"1376662","toID":"1376665","formEdgeID":null},{"edgeID":"1800033","fromID":"1376665","toID":"1376661","formEdgeID":null},{"edgeID":"1800034","fromID":"1376654","toID":"1376666","formEdgeID":null},{"edgeID":"1800035","fromID":"1376666","toID":"1376662","formEdgeID":null},{"edgeID":"1800036","fromID":"1376661","toID":"1376667","formEdgeID":null},{"edgeID":"1800037","fromID":"1376667","toID":"1376653","formEdgeID":null},{"edgeID":"1800038","fromID":"1376666","toID":"1376668","formEdgeID":null},{"edgeID":"1800039","fromID":"1376668","toID":"1376667","formEdgeID":null},{"edgeID":"1800040","fromID":"1376671","toID":"1376670","formEdgeID":null},{"edgeID":"1800041","fromID":"1376672","toID":"1376671","formEdgeID":null},{"edgeID":"1800042","fromID":"1376670","toID":"1376673","formEdgeID":null},{"edgeID":"1800043","fromID":"1376673","toID":"1376669","formEdgeID":null},{"edgeID":"1800044","fromID":"1376662","toID":"1376674","formEdgeID":null},{"edgeID":"1800045","fromID":"1376674","toID":"1376670","formEdgeID":null},{"edgeID":"1800046","fromID":"1376675","toID":"1376647","formEdgeID":null},{"edgeID":"1800047","fromID":"1376676","toID":"1376675","formEdgeID":null},{"edgeID":"1800048","fromID":"1376670","toID":"1376677","formEdgeID":null},{"edgeID":"1800049","fromID":"1376677","toID":"1376647","formEdgeID":null},{"edgeID":"1800050","fromID":"1376677","toID":"1376678","formEdgeID":null},{"edgeID":"1800051","fromID":"1376678","toID":"1376669","formEdgeID":null},{"edgeID":"1800052","fromID":"1376681","toID":"1376680","formEdgeID":null},{"edgeID":"1800053","fromID":"1376682","toID":"1376681","formEdgeID":null},{"edgeID":"1800054","fromID":"1376680","toID":"1376683","formEdgeID":null},{"edgeID":"1800055","fromID":"1376683","toID":"1376679","formEdgeID":null},{"edgeID":"1800056","fromID":"1376647","toID":"1376684","formEdgeID":null},{"edgeID":"1800057","fromID":"1376684","toID":"1376680","formEdgeID":null},{"edgeID":"1800058","fromID":"1376687","toID":"1376686","formEdgeID":null},{"edgeID":"1800059","fromID":"1376688","toID":"1376687","formEdgeID":null},{"edgeID":"1800060","fromID":"1376686","toID":"1376689","formEdgeID":null},{"edgeID":"1800061","fromID":"1376689","toID":"1376685","formEdgeID":null},{"edgeID":"1800062","fromID":"1376680","toID":"1376690","formEdgeID":null},{"edgeID":"1800063","fromID":"1376690","toID":"1376686","formEdgeID":null},{"edgeID":"1800064","fromID":"1376693","toID":"1376692","formEdgeID":null},{"edgeID":"1800065","fromID":"1376694","toID":"1376693","formEdgeID":null},{"edgeID":"1800066","fromID":"1376692","toID":"1376695","formEdgeID":null},{"edgeID":"1800067","fromID":"1376695","toID":"1376691","formEdgeID":null},{"edgeID":"1800068","fromID":"1376698","toID":"1376697","formEdgeID":null},{"edgeID":"1800069","fromID":"1376699","toID":"1376698","formEdgeID":null},{"edgeID":"1800070","fromID":"1376697","toID":"1376700","formEdgeID":null},{"edgeID":"1800071","fromID":"1376700","toID":"1376696","formEdgeID":null},{"edgeID":"1800072","fromID":"1376703","toID":"1376702","formEdgeID":null},{"edgeID":"1800073","fromID":"1376704","toID":"1376703","formEdgeID":null},{"edgeID":"1800074","fromID":"1376702","toID":"1376705","formEdgeID":null},{"edgeID":"1800075","fromID":"1376705","toID":"1376701","formEdgeID":null},{"edgeID":"1800076","fromID":"1376708","toID":"1376707","formEdgeID":null},{"edgeID":"1800077","fromID":"1376709","toID":"1376708","formEdgeID":null},{"edgeID":"1800078","fromID":"1376707","toID":"1376710","formEdgeID":null},{"edgeID":"1800079","fromID":"1376710","toID":"1376706","formEdgeID":null},{"edgeID":"1800080","fromID":"1376713","toID":"1376712","formEdgeID":null},{"edgeID":"1800081","fromID":"1376714","toID":"1376713","formEdgeID":null},{"edgeID":"1800082","fromID":"1376712","toID":"1376715","formEdgeID":null},{"edgeID":"1800083","fromID":"1376715","toID":"1376711","formEdgeID":null},{"edgeID":"1800084","fromID":"1376686","toID":"1376716","formEdgeID":null},{"edgeID":"1800085","fromID":"1376716","toID":"1376692","formEdgeID":null},{"edgeID":"1800086","fromID":"1376691","toID":"1376717","formEdgeID":null},{"edgeID":"1800087","fromID":"1376717","toID":"1376685","formEdgeID":null},{"edgeID":"1800088","fromID":"1376716","toID":"1376718","formEdgeID":null},{"edgeID":"1800089","fromID":"1376718","toID":"1376717","formEdgeID":null},{"edgeID":"1800090","fromID":"1376692","toID":"1376719","formEdgeID":null},{"edgeID":"1800091","fromID":"1376719","toID":"1376697","formEdgeID":null},{"edgeID":"1800092","fromID":"1376696","toID":"1376720","formEdgeID":null},{"edgeID":"1800093","fromID":"1376720","toID":"1376691","formEdgeID":null},{"edgeID":"1800094","fromID":"1376719","toID":"1376721","formEdgeID":null},{"edgeID":"1800095","fromID":"1376721","toID":"1376720","formEdgeID":null},{"edgeID":"1800096","fromID":"1376697","toID":"1376722","formEdgeID":null},{"edgeID":"1800097","fromID":"1376722","toID":"1376702","formEdgeID":null},{"edgeID":"1800098","fromID":"1376701","toID":"1376723","formEdgeID":null},{"edgeID":"1800099","fromID":"1376723","toID":"1376696","formEdgeID":null},{"edgeID":"1800100","fromID":"1376722","toID":"1376724","formEdgeID":null},{"edgeID":"1800101","fromID":"1376724","toID":"1376723","formEdgeID":null},{"edgeID":"1800102","fromID":"1376702","toID":"1376725","formEdgeID":null},{"edgeID":"1800103","fromID":"1376725","toID":"1376707","formEdgeID":null},{"edgeID":"1800104","fromID":"1376706","toID":"1376726","formEdgeID":null},{"edgeID":"1800105","fromID":"1376726","toID":"1376701","formEdgeID":null},{"edgeID":"1800106","fromID":"1376725","toID":"1376727","formEdgeID":null},{"edgeID":"1800107","fromID":"1376727","toID":"1376726","formEdgeID":null},{"edgeID":"1800108","fromID":"1376686","toID":"1376728","formEdgeID":null},{"edgeID":"1800109","fromID":"1376728","toID":"1376712","formEdgeID":null},{"edgeID":"1800110","fromID":"1376711","toID":"1376729","formEdgeID":null},{"edgeID":"1800111","fromID":"1376729","toID":"1376685","formEdgeID":null},{"edgeID":"1800112","fromID":"1376728","toID":"1376730","formEdgeID":null},{"edgeID":"1800113","fromID":"1376730","toID":"1376729","formEdgeID":null},{"edgeID":"1800114","fromID":"1376662","toID":"1376731","formEdgeID":null},{"edgeID":"1800115","fromID":"1376731","toID":"1376702","formEdgeID":null},{"edgeID":"1800116","fromID":"1376701","toID":"1376732","formEdgeID":null},{"edgeID":"1800117","fromID":"1376732","toID":"1376661","formEdgeID":null},{"edgeID":"1800118","fromID":"1376731","toID":"1376733","formEdgeID":null},{"edgeID":"1800119","fromID":"1376733","toID":"1376732","formEdgeID":null}],"locutions":[]}