{"nodes":[{"nodeID":"1375680","text":"the UKs situation was better before Brexit","type":"I","timestamp":"2023-11-09 14:47:25"},{"nodeID":"1375681","text":"AudienceMember 20230112QT30: it was better before","type":"L","timestamp":"2023-11-09 14:47:25"},{"nodeID":"1375682","text":"Analysing","type":"YA","timestamp":"2023-11-09 14:47:25"},{"nodeID":"1375683","text":"Mascha: AudienceMember 20230112QT30: it was better before","type":"L","timestamp":"2023-11-09 14:47:25"},{"nodeID":"1375684","text":"Asserting","type":"YA","timestamp":"2023-11-09 14:47:25"},{"nodeID":"1375685","text":"Jacob Rees-Mogg is taking something that\u2019s working, and making it not work","type":"I","timestamp":"2023-11-09 14:47:26"},{"nodeID":"1375686","text":"AudienceMember 20230112QT30: You're taking something that\u2019s working, and now you're making it not work","type":"L","timestamp":"2023-11-09 14:47:26"},{"nodeID":"1375687","text":"Analysing","type":"YA","timestamp":"2023-11-09 14:47:26"},{"nodeID":"1375688","text":"Mascha: AudienceMember 20230112QT30: You're taking something that\u2019s working, and now you're making it not work","type":"L","timestamp":"2023-11-09 14:47:26"},{"nodeID":"1375689","text":"Asserting","type":"YA","timestamp":"2023-11-09 14:47:26"},{"nodeID":"1375690","text":"Default Transition","type":"TA","timestamp":"2023-11-09 14:47:26"},{"nodeID":"1375691","text":"Jacob Rees-Mogg:  No","type":"L","timestamp":"2023-11-09 14:47:26"},{"nodeID":"1375692","text":"Analysing","type":"YA","timestamp":"2023-11-09 14:47:26"},{"nodeID":"1375693","text":"Mascha: Jacob Rees-Mogg:  No","type":"L","timestamp":"2023-11-09 14:47:26"},{"nodeID":"1375694","text":"Default Transition","type":"TA","timestamp":"2023-11-09 14:47:26"},{"nodeID":"1375695","text":"Disagreeing","type":"YA","timestamp":"2023-11-09 14:47:26"},{"nodeID":"1375696","text":"there was a market across the European Union","type":"I","timestamp":"2023-11-09 14:47:26"},{"nodeID":"1375697","text":"Jacob Rees-Mogg:  there was a market across the European Union","type":"L","timestamp":"2023-11-09 14:47:26"},{"nodeID":"1375698","text":"Analysing","type":"YA","timestamp":"2023-11-09 14:47:26"},{"nodeID":"1375699","text":"Mascha: Jacob Rees-Mogg:  there was a market across the European Union","type":"L","timestamp":"2023-11-09 14:47:26"},{"nodeID":"1375700","text":"Asserting","type":"YA","timestamp":"2023-11-09 14:47:26"},{"nodeID":"1375701","text":"Default Transition","type":"TA","timestamp":"2023-11-09 14:47:26"},{"nodeID":"1375702","text":"we have the ability to remove high tariffs and regulations","type":"I","timestamp":"2023-11-09 14:47:27"},{"nodeID":"1375703","text":"Jacob Rees-Mogg: We have the ability to remove that","type":"L","timestamp":"2023-11-09 14:47:27"},{"nodeID":"1375704","text":"Analysing","type":"YA","timestamp":"2023-11-09 14:47:27"},{"nodeID":"1375705","text":"Mascha: Jacob Rees-Mogg: We have the ability to remove that","type":"L","timestamp":"2023-11-09 14:47:27"},{"nodeID":"1375706","text":"Asserting","type":"YA","timestamp":"2023-11-09 14:47:27"},{"nodeID":"1375707","text":"we've already started removing high tariffs and regulations","type":"I","timestamp":"2023-11-09 14:47:28"},{"nodeID":"1375708","text":"Jacob Rees-Mogg: we've already started doing it","type":"L","timestamp":"2023-11-09 14:47:28"},{"nodeID":"1375709","text":"Analysing","type":"YA","timestamp":"2023-11-09 14:47:28"},{"nodeID":"1375710","text":"Mascha: Jacob Rees-Mogg: we've already started doing it","type":"L","timestamp":"2023-11-09 14:47:28"},{"nodeID":"1375711","text":"Asserting","type":"YA","timestamp":"2023-11-09 14:47:28"},{"nodeID":"1375712","text":"Default Transition","type":"TA","timestamp":"2023-11-09 14:47:28"},{"nodeID":"1375713","text":"Default Rephrase","type":"MA","timestamp":"2023-11-09 14:47:28"},{"nodeID":"1375714","text":"Restating","type":"YA","timestamp":"2023-11-09 14:47:28"},{"nodeID":"1375715","text":"there's absolutely no doubt that the Conservatives' Brexit deal has been devastating for our economy","type":"I","timestamp":"2023-11-09 14:47:28"},{"nodeID":"1375716","text":"Daisy Cooper: there's absolutely no doubt that the Conservatives' Brexit deal has been devastating for our economy","type":"L","timestamp":"2023-11-09 14:47:28"},{"nodeID":"1375717","text":"Analysing","type":"YA","timestamp":"2023-11-09 14:47:28"},{"nodeID":"1375718","text":"Mascha: Daisy Cooper: there's absolutely no doubt that the Conservatives' Brexit deal has been devastating for our economy","type":"L","timestamp":"2023-11-09 14:47:28"},{"nodeID":"1375719","text":"Asserting","type":"YA","timestamp":"2023-11-09 14:47:28"},{"nodeID":"1375720","text":"Default Transition","type":"TA","timestamp":"2023-11-09 14:47:28"},{"nodeID":"1375721","text":"the Brexit deal has absolutely wrapped up small businesses in red tape","type":"I","timestamp":"2023-11-09 14:47:29"},{"nodeID":"1375722","text":"Daisy Cooper: It has absolutely wrapped up small businesses in red tape","type":"L","timestamp":"2023-11-09 14:47:29"},{"nodeID":"1375723","text":"Analysing","type":"YA","timestamp":"2023-11-09 14:47:29"},{"nodeID":"1375724","text":"Mascha: Daisy Cooper: It has absolutely wrapped up small businesses in red tape","type":"L","timestamp":"2023-11-09 14:47:29"},{"nodeID":"1375725","text":"Asserting","type":"YA","timestamp":"2023-11-09 14:47:29"},{"nodeID":"1375726","text":"Default Transition","type":"TA","timestamp":"2023-11-09 14:47:29"},{"nodeID":"1375727","text":"Default Inference","type":"RA","timestamp":"2023-11-09 14:47:29"},{"nodeID":"1375728","text":"Arguing","type":"YA","timestamp":"2023-11-09 14:47:29"},{"nodeID":"1375729","text":"the Brexit deal has wrapped up small businesses in reams of paperwork","type":"I","timestamp":"2023-11-09 14:47:30"},{"nodeID":"1375730","text":"Daisy Cooper:  reams of paperwork","type":"L","timestamp":"2023-11-09 14:47:30"},{"nodeID":"1375731","text":"Analysing","type":"YA","timestamp":"2023-11-09 14:47:30"},{"nodeID":"1375732","text":"Mascha: Daisy Cooper:  reams of paperwork","type":"L","timestamp":"2023-11-09 14:47:30"},{"nodeID":"1375733","text":"Asserting","type":"YA","timestamp":"2023-11-09 14:47:30"},{"nodeID":"1375734","text":"Default Transition","type":"TA","timestamp":"2023-11-09 14:47:30"},{"nodeID":"1375735","text":"Default Rephrase","type":"MA","timestamp":"2023-11-09 14:47:30"},{"nodeID":"1375736","text":"Restating","type":"YA","timestamp":"2023-11-09 14:47:30"},{"nodeID":"1375737","text":"in Daisy Coopers constituency in St Albans, the hospitality businesses, social care sector, NHS, engineering, they all say they can't get the workforce that they need","type":"I","timestamp":"2023-11-09 14:47:30"},{"nodeID":"1375738","text":"Daisy Cooper: In my constituency in St Albans, my hospitality businesses, social care sector, NHS, engineering, they all say they can't get the workforce that they need","type":"L","timestamp":"2023-11-09 14:47:30"},{"nodeID":"1375739","text":"Analysing","type":"YA","timestamp":"2023-11-09 14:47:30"},{"nodeID":"1375740","text":"Mascha: Daisy Cooper: In my constituency in St Albans, my hospitality businesses, social care sector, NHS, engineering, they all say they can't get the workforce that they need","type":"L","timestamp":"2023-11-09 14:47:30"},{"nodeID":"1375741","text":"Asserting","type":"YA","timestamp":"2023-11-09 14:47:30"},{"nodeID":"1375742","text":"Default Transition","type":"TA","timestamp":"2023-11-09 14:47:30"},{"nodeID":"1375743","text":"the hospitality businesses, social care sector, NHS, engineering businesses can't bring people in","type":"I","timestamp":"2023-11-09 14:47:31"},{"nodeID":"1375744","text":"Daisy Cooper: they can't bring people in","type":"L","timestamp":"2023-11-09 14:47:31"},{"nodeID":"1375745","text":"Analysing","type":"YA","timestamp":"2023-11-09 14:47:31"},{"nodeID":"1375746","text":"Mascha: Daisy Cooper: they can't bring people in","type":"L","timestamp":"2023-11-09 14:47:31"},{"nodeID":"1375747","text":"Asserting","type":"YA","timestamp":"2023-11-09 14:47:31"},{"nodeID":"1375748","text":"Default Transition","type":"TA","timestamp":"2023-11-09 14:47:31"},{"nodeID":"1375749","text":"Default Inference","type":"RA","timestamp":"2023-11-09 14:47:31"},{"nodeID":"1375750","text":"Arguing","type":"YA","timestamp":"2023-11-09 14:47:31"},{"nodeID":"1375751","text":"we would have had 4,000 more GPs coming to the UK","type":"I","timestamp":"2023-11-09 14:47:31"},{"nodeID":"1375752","text":"Daisy Cooper:  we would have had 4,000 more GPs coming to the country","type":"L","timestamp":"2023-11-09 14:47:31"},{"nodeID":"1375753","text":"Analysing","type":"YA","timestamp":"2023-11-09 14:47:31"},{"nodeID":"1375754","text":"Mascha: Daisy Cooper:  we would have had 4,000 more GPs coming to the country","type":"L","timestamp":"2023-11-09 14:47:31"},{"nodeID":"1375755","text":"Asserting","type":"YA","timestamp":"2023-11-09 14:47:31"},{"nodeID":"1375756","text":"Default Transition","type":"TA","timestamp":"2023-11-09 14:47:31"},{"nodeID":"1375757","text":"4,000 GPs would have come to the UK without Brexit","type":"I","timestamp":"2023-11-09 14:47:32"},{"nodeID":"1375758","text":"Daisy Cooper: had it not been for Brexit","type":"L","timestamp":"2023-11-09 14:47:32"},{"nodeID":"1375759","text":"Analysing","type":"YA","timestamp":"2023-11-09 14:47:32"},{"nodeID":"1375760","text":"Mascha: Daisy Cooper: had it not been for Brexit","type":"L","timestamp":"2023-11-09 14:47:32"},{"nodeID":"1375761","text":"Asserting","type":"YA","timestamp":"2023-11-09 14:47:32"},{"nodeID":"1375762","text":"Default Transition","type":"TA","timestamp":"2023-11-09 14:47:32"},{"nodeID":"1375763","text":"Default Rephrase","type":"MA","timestamp":"2023-11-09 14:47:32"},{"nodeID":"1375764","text":"Restating","type":"YA","timestamp":"2023-11-09 14:47:32"},{"nodeID":"1375765","text":"Default Inference","type":"RA","timestamp":"2023-11-09 14:47:32"},{"nodeID":"1375766","text":"Default Transition","type":"TA","timestamp":"2023-11-09 14:47:32"},{"nodeID":"1375767","text":"Arguing","type":"YA","timestamp":"2023-11-09 14:47:32"},{"nodeID":"1375768","text":"farmers have lost out","type":"I","timestamp":"2023-11-09 14:47:33"},{"nodeID":"1375769","text":"Daisy Cooper: farmers have lost out","type":"L","timestamp":"2023-11-09 14:47:33"},{"nodeID":"1375770","text":"Analysing","type":"YA","timestamp":"2023-11-09 14:47:33"},{"nodeID":"1375771","text":"Mascha: Daisy Cooper: farmers have lost out","type":"L","timestamp":"2023-11-09 14:47:33"},{"nodeID":"1375772","text":"Asserting","type":"YA","timestamp":"2023-11-09 14:47:33"},{"nodeID":"1375773","text":"Default Transition","type":"TA","timestamp":"2023-11-09 14:47:33"},{"nodeID":"1375774","text":"fishermen have lost out","type":"I","timestamp":"2023-11-09 14:47:33"},{"nodeID":"1375775","text":"Daisy Cooper: fishermen have lost out","type":"L","timestamp":"2023-11-09 14:47:33"},{"nodeID":"1375776","text":"Analysing","type":"YA","timestamp":"2023-11-09 14:47:33"},{"nodeID":"1375777","text":"Mascha: Daisy Cooper: fishermen have lost out","type":"L","timestamp":"2023-11-09 14:47:33"},{"nodeID":"1375778","text":"Asserting","type":"YA","timestamp":"2023-11-09 14:47:33"},{"nodeID":"1375779","text":"Default Transition","type":"TA","timestamp":"2023-11-09 14:47:33"},{"nodeID":"1375780","text":"Default Rephrase","type":"MA","timestamp":"2023-11-09 14:47:33"},{"nodeID":"1375781","text":"Restating","type":"YA","timestamp":"2023-11-09 14:47:33"},{"nodeID":"1375782","text":"the trade deals that have been done with other countries have made us worse off","type":"I","timestamp":"2023-11-09 14:47:34"},{"nodeID":"1375783","text":"Daisy Cooper: The trade deals that have been done with other countries have made us worse off","type":"L","timestamp":"2023-11-09 14:47:34"},{"nodeID":"1375784","text":"Analysing","type":"YA","timestamp":"2023-11-09 14:47:34"},{"nodeID":"1375785","text":"Mascha: Daisy Cooper: The trade deals that have been done with other countries have made us worse off","type":"L","timestamp":"2023-11-09 14:47:34"},{"nodeID":"1375786","text":"Asserting","type":"YA","timestamp":"2023-11-09 14:47:34"},{"nodeID":"1375787","text":"Default Transition","type":"TA","timestamp":"2023-11-09 14:47:34"},{"nodeID":"1375788","text":"the other countries have done better out of the trade deals","type":"I","timestamp":"2023-11-09 14:47:35"},{"nodeID":"1375789","text":"Daisy Cooper: the other countries have done better out of it","type":"L","timestamp":"2023-11-09 14:47:35"},{"nodeID":"1375790","text":"Analysing","type":"YA","timestamp":"2023-11-09 14:47:35"},{"nodeID":"1375791","text":"Mascha: Daisy Cooper: the other countries have done better out of it","type":"L","timestamp":"2023-11-09 14:47:35"},{"nodeID":"1375792","text":"Asserting","type":"YA","timestamp":"2023-11-09 14:47:35"},{"nodeID":"1375793","text":"Default Transition","type":"TA","timestamp":"2023-11-09 14:47:35"},{"nodeID":"1375794","text":"Default Conflict","type":"CA","timestamp":"2023-11-09 14:47:35"},{"nodeID":"1375795","text":"Disagreeing","type":"YA","timestamp":"2023-11-09 14:47:35"},{"nodeID":"1375796","text":"Default Inference","type":"RA","timestamp":"2023-11-09 14:47:35"},{"nodeID":"1375797","text":"Default Transition","type":"TA","timestamp":"2023-11-09 14:47:35"},{"nodeID":"1375798","text":"Arguing","type":"YA","timestamp":"2023-11-09 14:47:35"},{"nodeID":"1375799","text":"Default Transition","type":"TA","timestamp":"2023-11-09 14:47:35"},{"nodeID":"1375800","text":"Default Transition","type":"TA","timestamp":"2023-11-09 14:47:35"},{"nodeID":"1375801","text":"Default Transition","type":"TA","timestamp":"2023-11-09 14:47:35"},{"nodeID":"1375802","text":"Default Inference","type":"RA","timestamp":"2023-11-09 14:47:35"},{"nodeID":"1375803","text":"Arguing","type":"YA","timestamp":"2023-11-09 14:47:35"},{"nodeID":"1375804","text":"the market coming in from outside the European Union, was subject to high tariffs and much greater regulation","type":"I","timestamp":"2023-11-09 14:47:35"},{"nodeID":"1375805","text":"Analysing","type":"YA","timestamp":"2023-11-09 14:47:35"},{"nodeID":"1375806","text":"Chris: Jacob Rees-Mogg: coming in from outside the European Union, was subject to high tariffs and much greater regulation","type":"L","timestamp":"2023-11-09 14:47:35"},{"nodeID":"1375807","text":"Jacob Rees-Mogg: coming in from outside the European Union, was subject to high tariffs and much greater regulation","type":"L","timestamp":"2023-11-09 14:47:35"},{"nodeID":"1375808","text":"Asserting","type":"YA","timestamp":"2023-11-09 14:47:35"},{"nodeID":"1375809","text":"Default Transition","type":"TA","timestamp":"2023-11-09 14:47:35"},{"nodeID":"1375810","text":"Default Transition","type":"TA","timestamp":"2023-11-09 14:47:35"},{"nodeID":"1375811","text":"Default Conflict","type":"CA","timestamp":"2023-11-09 14:47:35"},{"nodeID":"1375812","text":"Disagreeing","type":"YA","timestamp":"2023-11-09 14:47:35"}],"edges":[{"edgeID":"1798859","fromID":"1375682","toID":"1375681","formEdgeID":null},{"edgeID":"1798860","fromID":"1375683","toID":"1375682","formEdgeID":null},{"edgeID":"1798861","fromID":"1375681","toID":"1375684","formEdgeID":null},{"edgeID":"1798862","fromID":"1375684","toID":"1375680","formEdgeID":null},{"edgeID":"1798863","fromID":"1375687","toID":"1375686","formEdgeID":null},{"edgeID":"1798864","fromID":"1375688","toID":"1375687","formEdgeID":null},{"edgeID":"1798865","fromID":"1375686","toID":"1375689","formEdgeID":null},{"edgeID":"1798866","fromID":"1375689","toID":"1375685","formEdgeID":null},{"edgeID":"1798867","fromID":"1375681","toID":"1375690","formEdgeID":null},{"edgeID":"1798868","fromID":"1375690","toID":"1375686","formEdgeID":null},{"edgeID":"1798869","fromID":"1375692","toID":"1375691","formEdgeID":null},{"edgeID":"1798870","fromID":"1375693","toID":"1375692","formEdgeID":null},{"edgeID":"1798871","fromID":"1375686","toID":"1375694","formEdgeID":null},{"edgeID":"1798872","fromID":"1375694","toID":"1375691","formEdgeID":null},{"edgeID":"1798873","fromID":"1375691","toID":"1375695","formEdgeID":null},{"edgeID":"1798874","fromID":"1375695","toID":"1375685","formEdgeID":null},{"edgeID":"1798875","fromID":"1375698","toID":"1375697","formEdgeID":null},{"edgeID":"1798876","fromID":"1375699","toID":"1375698","formEdgeID":null},{"edgeID":"1798877","fromID":"1375697","toID":"1375700","formEdgeID":null},{"edgeID":"1798878","fromID":"1375700","toID":"1375696","formEdgeID":null},{"edgeID":"1798879","fromID":"1375691","toID":"1375701","formEdgeID":null},{"edgeID":"1798880","fromID":"1375701","toID":"1375697","formEdgeID":null},{"edgeID":"1798881","fromID":"1375704","toID":"1375703","formEdgeID":null},{"edgeID":"1798882","fromID":"1375705","toID":"1375704","formEdgeID":null},{"edgeID":"1798883","fromID":"1375703","toID":"1375706","formEdgeID":null},{"edgeID":"1798884","fromID":"1375706","toID":"1375702","formEdgeID":null},{"edgeID":"1798885","fromID":"1375709","toID":"1375708","formEdgeID":null},{"edgeID":"1798886","fromID":"1375710","toID":"1375709","formEdgeID":null},{"edgeID":"1798887","fromID":"1375708","toID":"1375711","formEdgeID":null},{"edgeID":"1798888","fromID":"1375711","toID":"1375707","formEdgeID":null},{"edgeID":"1798889","fromID":"1375703","toID":"1375712","formEdgeID":null},{"edgeID":"1798890","fromID":"1375712","toID":"1375708","formEdgeID":null},{"edgeID":"1798891","fromID":"1375707","toID":"1375713","formEdgeID":null},{"edgeID":"1798892","fromID":"1375713","toID":"1375702","formEdgeID":null},{"edgeID":"1798893","fromID":"1375712","toID":"1375714","formEdgeID":null},{"edgeID":"1798894","fromID":"1375714","toID":"1375713","formEdgeID":null},{"edgeID":"1798895","fromID":"1375717","toID":"1375716","formEdgeID":null},{"edgeID":"1798896","fromID":"1375718","toID":"1375717","formEdgeID":null},{"edgeID":"1798897","fromID":"1375716","toID":"1375719","formEdgeID":null},{"edgeID":"1798898","fromID":"1375719","toID":"1375715","formEdgeID":null},{"edgeID":"1798899","fromID":"1375708","toID":"1375720","formEdgeID":null},{"edgeID":"1798900","fromID":"1375720","toID":"1375716","formEdgeID":null},{"edgeID":"1798901","fromID":"1375723","toID":"1375722","formEdgeID":null},{"edgeID":"1798902","fromID":"1375724","toID":"1375723","formEdgeID":null},{"edgeID":"1798903","fromID":"1375722","toID":"1375725","formEdgeID":null},{"edgeID":"1798904","fromID":"1375725","toID":"1375721","formEdgeID":null},{"edgeID":"1798905","fromID":"1375716","toID":"1375726","formEdgeID":null},{"edgeID":"1798906","fromID":"1375726","toID":"1375722","formEdgeID":null},{"edgeID":"1798907","fromID":"1375721","toID":"1375727","formEdgeID":null},{"edgeID":"1798908","fromID":"1375727","toID":"1375715","formEdgeID":null},{"edgeID":"1798909","fromID":"1375726","toID":"1375728","formEdgeID":null},{"edgeID":"1798910","fromID":"1375728","toID":"1375727","formEdgeID":null},{"edgeID":"1798911","fromID":"1375731","toID":"1375730","formEdgeID":null},{"edgeID":"1798912","fromID":"1375732","toID":"1375731","formEdgeID":null},{"edgeID":"1798913","fromID":"1375730","toID":"1375733","formEdgeID":null},{"edgeID":"1798914","fromID":"1375733","toID":"1375729","formEdgeID":null},{"edgeID":"1798915","fromID":"1375722","toID":"1375734","formEdgeID":null},{"edgeID":"1798916","fromID":"1375734","toID":"1375730","formEdgeID":null},{"edgeID":"1798917","fromID":"1375729","toID":"1375735","formEdgeID":null},{"edgeID":"1798918","fromID":"1375735","toID":"1375721","formEdgeID":null},{"edgeID":"1798919","fromID":"1375734","toID":"1375736","formEdgeID":null},{"edgeID":"1798920","fromID":"1375736","toID":"1375735","formEdgeID":null},{"edgeID":"1798921","fromID":"1375739","toID":"1375738","formEdgeID":null},{"edgeID":"1798922","fromID":"1375740","toID":"1375739","formEdgeID":null},{"edgeID":"1798923","fromID":"1375738","toID":"1375741","formEdgeID":null},{"edgeID":"1798924","fromID":"1375741","toID":"1375737","formEdgeID":null},{"edgeID":"1798925","fromID":"1375730","toID":"1375742","formEdgeID":null},{"edgeID":"1798926","fromID":"1375742","toID":"1375738","formEdgeID":null},{"edgeID":"1798927","fromID":"1375745","toID":"1375744","formEdgeID":null},{"edgeID":"1798928","fromID":"1375746","toID":"1375745","formEdgeID":null},{"edgeID":"1798929","fromID":"1375744","toID":"1375747","formEdgeID":null},{"edgeID":"1798930","fromID":"1375747","toID":"1375743","formEdgeID":null},{"edgeID":"1798931","fromID":"1375738","toID":"1375748","formEdgeID":null},{"edgeID":"1798932","fromID":"1375748","toID":"1375744","formEdgeID":null},{"edgeID":"1798933","fromID":"1375743","toID":"1375749","formEdgeID":null},{"edgeID":"1798934","fromID":"1375749","toID":"1375737","formEdgeID":null},{"edgeID":"1798935","fromID":"1375748","toID":"1375750","formEdgeID":null},{"edgeID":"1798936","fromID":"1375750","toID":"1375749","formEdgeID":null},{"edgeID":"1798937","fromID":"1375753","toID":"1375752","formEdgeID":null},{"edgeID":"1798938","fromID":"1375754","toID":"1375753","formEdgeID":null},{"edgeID":"1798939","fromID":"1375752","toID":"1375755","formEdgeID":null},{"edgeID":"1798940","fromID":"1375755","toID":"1375751","formEdgeID":null},{"edgeID":"1798941","fromID":"1375744","toID":"1375756","formEdgeID":null},{"edgeID":"1798942","fromID":"1375756","toID":"1375752","formEdgeID":null},{"edgeID":"1798943","fromID":"1375759","toID":"1375758","formEdgeID":null},{"edgeID":"1798944","fromID":"1375760","toID":"1375759","formEdgeID":null},{"edgeID":"1798945","fromID":"1375758","toID":"1375761","formEdgeID":null},{"edgeID":"1798946","fromID":"1375761","toID":"1375757","formEdgeID":null},{"edgeID":"1798947","fromID":"1375752","toID":"1375762","formEdgeID":null},{"edgeID":"1798948","fromID":"1375762","toID":"1375758","formEdgeID":null},{"edgeID":"1798949","fromID":"1375757","toID":"1375763","formEdgeID":null},{"edgeID":"1798950","fromID":"1375763","toID":"1375751","formEdgeID":null},{"edgeID":"1798951","fromID":"1375762","toID":"1375764","formEdgeID":null},{"edgeID":"1798952","fromID":"1375764","toID":"1375763","formEdgeID":null},{"edgeID":"1798953","fromID":"1375757","toID":"1375765","formEdgeID":null},{"edgeID":"1798954","fromID":"1375765","toID":"1375743","formEdgeID":null},{"edgeID":"1798955","fromID":"1375744","toID":"1375766","formEdgeID":null},{"edgeID":"1798956","fromID":"1375766","toID":"1375758","formEdgeID":null},{"edgeID":"1798957","fromID":"1375766","toID":"1375767","formEdgeID":null},{"edgeID":"1798958","fromID":"1375767","toID":"1375765","formEdgeID":null},{"edgeID":"1798959","fromID":"1375770","toID":"1375769","formEdgeID":null},{"edgeID":"1798960","fromID":"1375771","toID":"1375770","formEdgeID":null},{"edgeID":"1798961","fromID":"1375769","toID":"1375772","formEdgeID":null},{"edgeID":"1798962","fromID":"1375772","toID":"1375768","formEdgeID":null},{"edgeID":"1798963","fromID":"1375758","toID":"1375773","formEdgeID":null},{"edgeID":"1798964","fromID":"1375773","toID":"1375769","formEdgeID":null},{"edgeID":"1798965","fromID":"1375776","toID":"1375775","formEdgeID":null},{"edgeID":"1798966","fromID":"1375777","toID":"1375776","formEdgeID":null},{"edgeID":"1798967","fromID":"1375775","toID":"1375778","formEdgeID":null},{"edgeID":"1798968","fromID":"1375778","toID":"1375774","formEdgeID":null},{"edgeID":"1798969","fromID":"1375769","toID":"1375779","formEdgeID":null},{"edgeID":"1798970","fromID":"1375779","toID":"1375775","formEdgeID":null},{"edgeID":"1798971","fromID":"1375774","toID":"1375780","formEdgeID":null},{"edgeID":"1798972","fromID":"1375780","toID":"1375768","formEdgeID":null},{"edgeID":"1798973","fromID":"1375779","toID":"1375781","formEdgeID":null},{"edgeID":"1798974","fromID":"1375781","toID":"1375780","formEdgeID":null},{"edgeID":"1798975","fromID":"1375784","toID":"1375783","formEdgeID":null},{"edgeID":"1798976","fromID":"1375785","toID":"1375784","formEdgeID":null},{"edgeID":"1798977","fromID":"1375783","toID":"1375786","formEdgeID":null},{"edgeID":"1798978","fromID":"1375786","toID":"1375782","formEdgeID":null},{"edgeID":"1798979","fromID":"1375775","toID":"1375787","formEdgeID":null},{"edgeID":"1798980","fromID":"1375787","toID":"1375783","formEdgeID":null},{"edgeID":"1798981","fromID":"1375790","toID":"1375789","formEdgeID":null},{"edgeID":"1798982","fromID":"1375791","toID":"1375790","formEdgeID":null},{"edgeID":"1798983","fromID":"1375789","toID":"1375792","formEdgeID":null},{"edgeID":"1798984","fromID":"1375792","toID":"1375788","formEdgeID":null},{"edgeID":"1798985","fromID":"1375783","toID":"1375793","formEdgeID":null},{"edgeID":"1798986","fromID":"1375793","toID":"1375789","formEdgeID":null},{"edgeID":"1798987","fromID":"1375788","toID":"1375794","formEdgeID":null},{"edgeID":"1798988","fromID":"1375794","toID":"1375782","formEdgeID":null},{"edgeID":"1798989","fromID":"1375793","toID":"1375795","formEdgeID":null},{"edgeID":"1798990","fromID":"1375795","toID":"1375794","formEdgeID":null},{"edgeID":"1798991","fromID":"1375782","toID":"1375796","formEdgeID":null},{"edgeID":"1798992","fromID":"1375796","toID":"1375715","formEdgeID":null},{"edgeID":"1798993","fromID":"1375774","toID":"1375796","formEdgeID":null},{"edgeID":"1798994","fromID":"1375757","toID":"1375796","formEdgeID":null},{"edgeID":"1798995","fromID":"1375743","toID":"1375796","formEdgeID":null},{"edgeID":"1798996","fromID":"1375716","toID":"1375797","formEdgeID":null},{"edgeID":"1798997","fromID":"1375797","toID":"1375783","formEdgeID":null},{"edgeID":"1798998","fromID":"1375797","toID":"1375798","formEdgeID":null},{"edgeID":"1798999","fromID":"1375798","toID":"1375796","formEdgeID":null},{"edgeID":"1799000","fromID":"1375716","toID":"1375799","formEdgeID":null},{"edgeID":"1799001","fromID":"1375799","toID":"1375775","formEdgeID":null},{"edgeID":"1799002","fromID":"1375716","toID":"1375800","formEdgeID":null},{"edgeID":"1799003","fromID":"1375800","toID":"1375758","formEdgeID":null},{"edgeID":"1799004","fromID":"1375722","toID":"1375801","formEdgeID":null},{"edgeID":"1799005","fromID":"1375801","toID":"1375744","formEdgeID":null},{"edgeID":"1799006","fromID":"1375802","toID":"1375680","formEdgeID":null},{"edgeID":"1799007","fromID":"1375685","toID":"1375802","formEdgeID":null},{"edgeID":"1799008","fromID":"1375690","toID":"1375803","formEdgeID":null},{"edgeID":"1799009","fromID":"1375803","toID":"1375802","formEdgeID":null},{"edgeID":"1799010","fromID":"1375806","toID":"1375805","formEdgeID":null},{"edgeID":"1799011","fromID":"1375805","toID":"1375807","formEdgeID":null},{"edgeID":"1799012","fromID":"1375807","toID":"1375808","formEdgeID":null},{"edgeID":"1799013","fromID":"1375808","toID":"1375804","formEdgeID":null},{"edgeID":"1799014","fromID":"1375697","toID":"1375809","formEdgeID":null},{"edgeID":"1799015","fromID":"1375809","toID":"1375807","formEdgeID":null},{"edgeID":"1799016","fromID":"1375810","toID":"1375703","formEdgeID":null},{"edgeID":"1799017","fromID":"1375807","toID":"1375810","formEdgeID":null},{"edgeID":"1799018","fromID":"1375811","toID":"1375696","formEdgeID":null},{"edgeID":"1799019","fromID":"1375804","toID":"1375811","formEdgeID":null},{"edgeID":"1799020","fromID":"1375809","toID":"1375812","formEdgeID":null},{"edgeID":"1799021","fromID":"1375812","toID":"1375811","formEdgeID":null}],"locutions":[]}