{"nodes":[{"nodeID":"1375952","text":"AudienceMember 20230112QT31 agrees that Brexit is an absolute disaster for this country","type":"I","timestamp":"2023-11-09 14:47:49"},{"nodeID":"1375953","text":"AudienceMember 20230112QT31: I agree that Brexit is an absolute disaster for this country","type":"L","timestamp":"2023-11-09 14:47:49"},{"nodeID":"1375954","text":"Analysing","type":"YA","timestamp":"2023-11-09 14:47:49"},{"nodeID":"1375955","text":"Joanna: AudienceMember 20230112QT31: I agree that Brexit is an absolute disaster for this country","type":"L","timestamp":"2023-11-09 14:47:49"},{"nodeID":"1375956","text":"Asserting","type":"YA","timestamp":"2023-11-09 14:47:49"},{"nodeID":"1375957","text":"there is a corruption within the EU","type":"I","timestamp":"2023-11-09 14:47:49"},{"nodeID":"1375958","text":"AudienceMember 20230112QT31: Jacob Rees-Mogg talks about corruption within the EU","type":"L","timestamp":"2023-11-09 14:47:49"},{"nodeID":"1375959","text":"Analysing","type":"YA","timestamp":"2023-11-09 14:47:49"},{"nodeID":"1375960","text":"Joanna: AudienceMember 20230112QT31: Jacob Rees-Mogg talks about corruption within the EU","type":"L","timestamp":"2023-11-09 14:47:49"},{"nodeID":"1375961","text":"Default Transition","type":"TA","timestamp":"2023-11-09 14:47:49"},{"nodeID":"1375962","text":"Jacob Rees-Mogg: there is a corruption within the EU","type":"L","timestamp":"2023-11-09 14:47:49"},{"nodeID":"1375963","text":"Analysing","type":"YA","timestamp":"2023-11-09 14:47:49"},{"nodeID":"1375964","text":"Joanna: Jacob Rees-Mogg: there is a corruption within the EU","type":"L","timestamp":"2023-11-09 14:47:49"},{"nodeID":"1375965","text":"Asserting","type":"YA","timestamp":"2023-11-09 14:47:49"},{"nodeID":"1375966","text":"Asserting","type":"YA","timestamp":"2023-11-09 14:47:49"},{"nodeID":"1375967","text":"our own British Government is also corrupt","type":"I","timestamp":"2023-11-09 14:47:50"},{"nodeID":"1375968","text":"AudienceMember 20230112QT31: what about our own British Government, are they not corrupt","type":"L","timestamp":"2023-11-09 14:47:50"},{"nodeID":"1375969","text":"Analysing","type":"YA","timestamp":"2023-11-09 14:47:50"},{"nodeID":"1375970","text":"Joanna: AudienceMember 20230112QT31: what about our own British Government, are they not corrupt","type":"L","timestamp":"2023-11-09 14:47:50"},{"nodeID":"1375971","text":"Rhetorical Questioning","type":"YA","timestamp":"2023-11-09 14:47:50"},{"nodeID":"1375972","text":"Default Transition","type":"TA","timestamp":"2023-11-09 14:47:50"},{"nodeID":"1375973","text":"Jacob Rees-Mogg doesn't think we've seen a million Euros in suitcases in the UK","type":"I","timestamp":"2023-11-09 14:47:50"},{"nodeID":"1375974","text":"Jacob Rees-Mogg: I don't think we've seen a million Euros in suitcases in the UK","type":"L","timestamp":"2023-11-09 14:47:50"},{"nodeID":"1375975","text":"Analysing","type":"YA","timestamp":"2023-11-09 14:47:50"},{"nodeID":"1375976","text":"Joanna: Jacob Rees-Mogg: I don't think we've seen a million Euros in suitcases in the UK","type":"L","timestamp":"2023-11-09 14:47:50"},{"nodeID":"1375977","text":"Asserting","type":"YA","timestamp":"2023-11-09 14:47:50"},{"nodeID":"1375978","text":"Default Transition","type":"TA","timestamp":"2023-11-09 14:47:50"},{"nodeID":"1375979","text":"Default Conflict","type":"CA","timestamp":"2023-11-09 14:47:50"},{"nodeID":"1375980","text":"Disagreeing","type":"YA","timestamp":"2023-11-09 14:47:50"},{"nodeID":"1375981","text":"we should be pretty proud","type":"I","timestamp":"2023-11-09 14:47:51"},{"nodeID":"1375982","text":"Jacob Rees-Mogg: we should be pretty proud","type":"L","timestamp":"2023-11-09 14:47:51"},{"nodeID":"1375983","text":"Analysing","type":"YA","timestamp":"2023-11-09 14:47:51"},{"nodeID":"1375984","text":"Joanna: Jacob Rees-Mogg: we should be pretty proud","type":"L","timestamp":"2023-11-09 14:47:51"},{"nodeID":"1375985","text":"Asserting","type":"YA","timestamp":"2023-11-09 14:47:51"},{"nodeID":"1375986","text":"Default Transition","type":"TA","timestamp":"2023-11-09 14:47:51"},{"nodeID":"1375987","text":"Default Inference","type":"RA","timestamp":"2023-11-09 14:47:51"},{"nodeID":"1375988","text":"Arguing","type":"YA","timestamp":"2023-11-09 14:47:51"},{"nodeID":"1375989","text":"Jacob Rees-Mogg is talking about from the Qatar Government, in terms of gaining influence for the World Cup","type":"I","timestamp":"2023-11-09 14:47:51"},{"nodeID":"1375990","text":"Fiona Bruce: You're talking about from the Qatar Government, in terms of gaining influence for the World Cup, are you","type":"L","timestamp":"2023-11-09 14:47:51"},{"nodeID":"1375991","text":"Analysing","type":"YA","timestamp":"2023-11-09 14:47:51"},{"nodeID":"1375992","text":"Joanna: Fiona Bruce: You're talking about from the Qatar Government, in terms of gaining influence for the World Cup, are you","type":"L","timestamp":"2023-11-09 14:47:51"},{"nodeID":"1375993","text":"Assertive Questioning","type":"YA","timestamp":"2023-11-09 14:47:51"},{"nodeID":"1375994","text":"Default Transition","type":"TA","timestamp":"2023-11-09 14:47:51"},{"nodeID":"1375995","text":"we've seen absolutely plenty of contracts given out by Tory Ministers to their mates during the pandemic","type":"I","timestamp":"2023-11-09 14:47:52"},{"nodeID":"1375996","text":"Daisy Cooper: we've seen absolutely plenty of contracts given out by Tory Ministers to their mates during the pandemic","type":"L","timestamp":"2023-11-09 14:47:52"},{"nodeID":"1375997","text":"Analysing","type":"YA","timestamp":"2023-11-09 14:47:52"},{"nodeID":"1375998","text":"Joanna: Daisy Cooper: we've seen absolutely plenty of contracts given out by Tory Ministers to their mates during the pandemic","type":"L","timestamp":"2023-11-09 14:47:52"},{"nodeID":"1375999","text":"Asserting","type":"YA","timestamp":"2023-11-09 14:47:52"},{"nodeID":"1376000","text":"Default Transition","type":"TA","timestamp":"2023-11-09 14:47:52"},{"nodeID":"1376001","text":"Default Inference","type":"RA","timestamp":"2023-11-09 14:47:52"},{"nodeID":"1376002","text":"Default Transition","type":"TA","timestamp":"2023-11-09 14:47:52"},{"nodeID":"1376003","text":"Arguing","type":"YA","timestamp":"2023-11-09 14:47:52"},{"nodeID":"1376004","text":"Default Conflict","type":"CA","timestamp":"2023-11-09 14:47:52"},{"nodeID":"1376005","text":"Disagreeing","type":"YA","timestamp":"2023-11-09 14:47:52"},{"nodeID":"1376006","text":"the contracts were not given by Ministers","type":"I","timestamp":"2023-11-09 14:47:53"},{"nodeID":"1376007","text":"Jacob Rees-Mogg: The contracts were not given my Ministers","type":"L","timestamp":"2023-11-09 14:47:53"},{"nodeID":"1376008","text":"Analysing","type":"YA","timestamp":"2023-11-09 14:47:53"},{"nodeID":"1376009","text":"Joanna: Jacob Rees-Mogg: The contracts were not given my Ministers","type":"L","timestamp":"2023-11-09 14:47:53"},{"nodeID":"1376010","text":"Asserting","type":"YA","timestamp":"2023-11-09 14:47:53"},{"nodeID":"1376011","text":"Default Transition","type":"TA","timestamp":"2023-11-09 14:47:53"},{"nodeID":"1376012","text":"Default Conflict","type":"CA","timestamp":"2023-11-09 14:47:53"},{"nodeID":"1376013","text":"Disagreeing","type":"YA","timestamp":"2023-11-09 14:47:53"},{"nodeID":"1376014","text":"the contracts were given out independently of Ministers","type":"I","timestamp":"2023-11-09 14:47:53"},{"nodeID":"1376015","text":"Jacob Rees-Mogg: the contracts were given out independently of Ministers","type":"L","timestamp":"2023-11-09 14:47:53"},{"nodeID":"1376016","text":"Analysing","type":"YA","timestamp":"2023-11-09 14:47:53"},{"nodeID":"1376017","text":"Joanna: Jacob Rees-Mogg: the contracts were given out independently of Ministers","type":"L","timestamp":"2023-11-09 14:47:53"},{"nodeID":"1376018","text":"Asserting","type":"YA","timestamp":"2023-11-09 14:47:53"},{"nodeID":"1376019","text":"Default Transition","type":"TA","timestamp":"2023-11-09 14:47:53"},{"nodeID":"1376020","text":"Default Inference","type":"RA","timestamp":"2023-11-09 14:47:53"},{"nodeID":"1376021","text":"Arguing","type":"YA","timestamp":"2023-11-09 14:47:53"},{"nodeID":"1376022","text":"Daisy Cooper knows perfectly well that the contracts were given out independently of Ministers","type":"I","timestamp":"2023-11-09 14:47:54"},{"nodeID":"1376023","text":"Jacob Rees-Mogg: you perfectly well know","type":"L","timestamp":"2023-11-09 14:47:54"},{"nodeID":"1376024","text":"Analysing","type":"YA","timestamp":"2023-11-09 14:47:54"},{"nodeID":"1376025","text":"Joanna: Jacob Rees-Mogg: you perfectly well know","type":"L","timestamp":"2023-11-09 14:47:54"},{"nodeID":"1376026","text":"Asserting","type":"YA","timestamp":"2023-11-09 14:47:54"},{"nodeID":"1376027","text":"Default Transition","type":"TA","timestamp":"2023-11-09 14:47:54"},{"nodeID":"1376028","text":"Default Rephrase","type":"MA","timestamp":"2023-11-09 14:47:54"},{"nodeID":"1376029","text":"Restating","type":"YA","timestamp":"2023-11-09 14:47:54"}],"edges":[{"edgeID":"1799190","fromID":"1375954","toID":"1375953","formEdgeID":null},{"edgeID":"1799191","fromID":"1375955","toID":"1375954","formEdgeID":null},{"edgeID":"1799192","fromID":"1375953","toID":"1375956","formEdgeID":null},{"edgeID":"1799193","fromID":"1375956","toID":"1375952","formEdgeID":null},{"edgeID":"1799194","fromID":"1375959","toID":"1375958","formEdgeID":null},{"edgeID":"1799195","fromID":"1375960","toID":"1375959","formEdgeID":null},{"edgeID":"1799196","fromID":"1375953","toID":"1375961","formEdgeID":null},{"edgeID":"1799197","fromID":"1375961","toID":"1375958","formEdgeID":null},{"edgeID":"1799198","fromID":"1375963","toID":"1375962","formEdgeID":null},{"edgeID":"1799199","fromID":"1375964","toID":"1375963","formEdgeID":null},{"edgeID":"1799200","fromID":"1375962","toID":"1375965","formEdgeID":null},{"edgeID":"1799201","fromID":"1375965","toID":"1375957","formEdgeID":null},{"edgeID":"1799202","fromID":"1375958","toID":"1375966","formEdgeID":null},{"edgeID":"1799203","fromID":"1375966","toID":"1375962","formEdgeID":null},{"edgeID":"1799204","fromID":"1375969","toID":"1375968","formEdgeID":null},{"edgeID":"1799205","fromID":"1375970","toID":"1375969","formEdgeID":null},{"edgeID":"1799206","fromID":"1375968","toID":"1375971","formEdgeID":null},{"edgeID":"1799207","fromID":"1375971","toID":"1375967","formEdgeID":null},{"edgeID":"1799208","fromID":"1375958","toID":"1375972","formEdgeID":null},{"edgeID":"1799209","fromID":"1375972","toID":"1375968","formEdgeID":null},{"edgeID":"1799210","fromID":"1375975","toID":"1375974","formEdgeID":null},{"edgeID":"1799211","fromID":"1375976","toID":"1375975","formEdgeID":null},{"edgeID":"1799212","fromID":"1375974","toID":"1375977","formEdgeID":null},{"edgeID":"1799213","fromID":"1375977","toID":"1375973","formEdgeID":null},{"edgeID":"1799214","fromID":"1375968","toID":"1375978","formEdgeID":null},{"edgeID":"1799215","fromID":"1375978","toID":"1375974","formEdgeID":null},{"edgeID":"1799216","fromID":"1375973","toID":"1375979","formEdgeID":null},{"edgeID":"1799217","fromID":"1375979","toID":"1375967","formEdgeID":null},{"edgeID":"1799218","fromID":"1375978","toID":"1375980","formEdgeID":null},{"edgeID":"1799219","fromID":"1375980","toID":"1375979","formEdgeID":null},{"edgeID":"1799220","fromID":"1375983","toID":"1375982","formEdgeID":null},{"edgeID":"1799221","fromID":"1375984","toID":"1375983","formEdgeID":null},{"edgeID":"1799222","fromID":"1375982","toID":"1375985","formEdgeID":null},{"edgeID":"1799223","fromID":"1375985","toID":"1375981","formEdgeID":null},{"edgeID":"1799224","fromID":"1375974","toID":"1375986","formEdgeID":null},{"edgeID":"1799225","fromID":"1375986","toID":"1375982","formEdgeID":null},{"edgeID":"1799226","fromID":"1375973","toID":"1375987","formEdgeID":null},{"edgeID":"1799227","fromID":"1375987","toID":"1375981","formEdgeID":null},{"edgeID":"1799228","fromID":"1375986","toID":"1375988","formEdgeID":null},{"edgeID":"1799229","fromID":"1375988","toID":"1375987","formEdgeID":null},{"edgeID":"1799230","fromID":"1375991","toID":"1375990","formEdgeID":null},{"edgeID":"1799231","fromID":"1375992","toID":"1375991","formEdgeID":null},{"edgeID":"1799232","fromID":"1375990","toID":"1375993","formEdgeID":null},{"edgeID":"1799233","fromID":"1375993","toID":"1375989","formEdgeID":null},{"edgeID":"1799234","fromID":"1375982","toID":"1375994","formEdgeID":null},{"edgeID":"1799235","fromID":"1375994","toID":"1375990","formEdgeID":null},{"edgeID":"1799236","fromID":"1375997","toID":"1375996","formEdgeID":null},{"edgeID":"1799237","fromID":"1375998","toID":"1375997","formEdgeID":null},{"edgeID":"1799238","fromID":"1375996","toID":"1375999","formEdgeID":null},{"edgeID":"1799239","fromID":"1375999","toID":"1375995","formEdgeID":null},{"edgeID":"1799240","fromID":"1375990","toID":"1376000","formEdgeID":null},{"edgeID":"1799241","fromID":"1376000","toID":"1375996","formEdgeID":null},{"edgeID":"1799242","fromID":"1375995","toID":"1376001","formEdgeID":null},{"edgeID":"1799243","fromID":"1376001","toID":"1375967","formEdgeID":null},{"edgeID":"1799244","fromID":"1375968","toID":"1376002","formEdgeID":null},{"edgeID":"1799245","fromID":"1376002","toID":"1375996","formEdgeID":null},{"edgeID":"1799246","fromID":"1376002","toID":"1376003","formEdgeID":null},{"edgeID":"1799247","fromID":"1376003","toID":"1376001","formEdgeID":null},{"edgeID":"1799248","fromID":"1375967","toID":"1376004","formEdgeID":null},{"edgeID":"1799249","fromID":"1376004","toID":"1375957","formEdgeID":null},{"edgeID":"1799250","fromID":"1375972","toID":"1376005","formEdgeID":null},{"edgeID":"1799251","fromID":"1376005","toID":"1376004","formEdgeID":null},{"edgeID":"1799252","fromID":"1376008","toID":"1376007","formEdgeID":null},{"edgeID":"1799253","fromID":"1376009","toID":"1376008","formEdgeID":null},{"edgeID":"1799254","fromID":"1376007","toID":"1376010","formEdgeID":null},{"edgeID":"1799255","fromID":"1376010","toID":"1376006","formEdgeID":null},{"edgeID":"1799256","fromID":"1375996","toID":"1376011","formEdgeID":null},{"edgeID":"1799257","fromID":"1376011","toID":"1376007","formEdgeID":null},{"edgeID":"1799258","fromID":"1376006","toID":"1376012","formEdgeID":null},{"edgeID":"1799259","fromID":"1376012","toID":"1375995","formEdgeID":null},{"edgeID":"1799260","fromID":"1376011","toID":"1376013","formEdgeID":null},{"edgeID":"1799261","fromID":"1376013","toID":"1376012","formEdgeID":null},{"edgeID":"1799262","fromID":"1376016","toID":"1376015","formEdgeID":null},{"edgeID":"1799263","fromID":"1376017","toID":"1376016","formEdgeID":null},{"edgeID":"1799264","fromID":"1376015","toID":"1376018","formEdgeID":null},{"edgeID":"1799265","fromID":"1376018","toID":"1376014","formEdgeID":null},{"edgeID":"1799266","fromID":"1376007","toID":"1376019","formEdgeID":null},{"edgeID":"1799267","fromID":"1376019","toID":"1376015","formEdgeID":null},{"edgeID":"1799268","fromID":"1376014","toID":"1376020","formEdgeID":null},{"edgeID":"1799269","fromID":"1376020","toID":"1376006","formEdgeID":null},{"edgeID":"1799270","fromID":"1376019","toID":"1376021","formEdgeID":null},{"edgeID":"1799271","fromID":"1376021","toID":"1376020","formEdgeID":null},{"edgeID":"1799272","fromID":"1376024","toID":"1376023","formEdgeID":null},{"edgeID":"1799273","fromID":"1376025","toID":"1376024","formEdgeID":null},{"edgeID":"1799274","fromID":"1376023","toID":"1376026","formEdgeID":null},{"edgeID":"1799275","fromID":"1376026","toID":"1376022","formEdgeID":null},{"edgeID":"1799276","fromID":"1376015","toID":"1376027","formEdgeID":null},{"edgeID":"1799277","fromID":"1376027","toID":"1376023","formEdgeID":null},{"edgeID":"1799278","fromID":"1376022","toID":"1376028","formEdgeID":null},{"edgeID":"1799279","fromID":"1376028","toID":"1376014","formEdgeID":null},{"edgeID":"1799280","fromID":"1376027","toID":"1376029","formEdgeID":null},{"edgeID":"1799281","fromID":"1376029","toID":"1376028","formEdgeID":null}],"locutions":[]}