{"nodes":[{"nodeID":"1354439","text":"you go on about the strike is just about wages and how much nurses get paid","type":"I","timestamp":"2023-11-09 14:15:00"},{"nodeID":"1354440","text":"AudienceMember20230112QT04 : You go on about it's just about wages and how much nurses get paid","type":"L","timestamp":"2023-11-09 14:15:00"},{"nodeID":"1354441","text":"Analysing","type":"YA","timestamp":"2023-11-09 14:15:00"},{"nodeID":"1354442","text":"Joanna: AudienceMember20230112QT04 : You go on about it's just about wages and how much nurses get paid","type":"L","timestamp":"2023-11-09 14:15:00"},{"nodeID":"1354443","text":"Asserting","type":"YA","timestamp":"2023-11-09 14:15:00"},{"nodeID":"1354444","text":"the strike is about the lack of staff","type":"I","timestamp":"2023-11-09 14:15:01"},{"nodeID":"1354445","text":"AudienceMember 20230112QT04: It's about the lack of staff","type":"L","timestamp":"2023-11-09 14:15:01"},{"nodeID":"1354446","text":"Analysing","type":"YA","timestamp":"2023-11-09 14:15:01"},{"nodeID":"1354447","text":"Joanna: AudienceMember 20230112QT04: It's about the lack of staff","type":"L","timestamp":"2023-11-09 14:15:01"},{"nodeID":"1354448","text":"Asserting","type":"YA","timestamp":"2023-11-09 14:15:01"},{"nodeID":"1354449","text":"Default Transition","type":"TA","timestamp":"2023-11-09 14:15:01"},{"nodeID":"1354450","text":"AudienceMember20230112QT04 has turned up for shifts and we've had no staff","type":"I","timestamp":"2023-11-09 14:15:02"},{"nodeID":"1354451","text":"AudienceMember 20230112QT04:  I've turned up for shifts and we've had no staff","type":"L","timestamp":"2023-11-09 14:15:02"},{"nodeID":"1354452","text":"Analysing","type":"YA","timestamp":"2023-11-09 14:15:02"},{"nodeID":"1354453","text":"Joanna: AudienceMember 20230112QT04:  I've turned up for shifts and we've had no staff","type":"L","timestamp":"2023-11-09 14:15:02"},{"nodeID":"1354454","text":"Asserting","type":"YA","timestamp":"2023-11-09 14:15:02"},{"nodeID":"1354455","text":"Default Transition","type":"TA","timestamp":"2023-11-09 14:15:02"},{"nodeID":"1354456","text":"AudienceMember20230112QT04 has done bank shifts, and we've had no nurses","type":"I","timestamp":"2023-11-09 14:15:02"},{"nodeID":"1354457","text":"AudienceMember 20230112QT04:  I've done bank shifts, and we've had no nurses","type":"L","timestamp":"2023-11-09 14:15:02"},{"nodeID":"1354458","text":"Analysing","type":"YA","timestamp":"2023-11-09 14:15:02"},{"nodeID":"1354459","text":"Joanna: AudienceMember 20230112QT04:  I've done bank shifts, and we've had no nurses","type":"L","timestamp":"2023-11-09 14:15:02"},{"nodeID":"1354460","text":"Asserting","type":"YA","timestamp":"2023-11-09 14:15:02"},{"nodeID":"1354461","text":"Default Inference","type":"RA","timestamp":"2023-11-09 14:15:02"},{"nodeID":"1354462","text":"Default Inference","type":"RA","timestamp":"2023-11-09 14:15:02"},{"nodeID":"1354463","text":"Arguing","type":"YA","timestamp":"2023-11-09 14:15:02"},{"nodeID":"1354464","text":"Default Transition","type":"TA","timestamp":"2023-11-09 14:15:02"},{"nodeID":"1354465","text":"Arguing","type":"YA","timestamp":"2023-11-09 14:15:02"},{"nodeID":"1354466","text":"Default Rephrase","type":"MA","timestamp":"2023-11-09 14:15:02"},{"nodeID":"1354467","text":"Restating","type":"YA","timestamp":"2023-11-09 14:15:02"},{"nodeID":"1354468","text":"AudienceMember20230112QT04 is a nurse","type":"I","timestamp":"2023-11-09 14:15:03"},{"nodeID":"1354469","text":"Fiona Bruce: you're a nurse, are you","type":"L","timestamp":"2023-11-09 14:15:03"},{"nodeID":"1354470","text":"Analysing","type":"YA","timestamp":"2023-11-09 14:15:03"},{"nodeID":"1354471","text":"Joanna: Fiona Bruce: you're a nurse, are you","type":"L","timestamp":"2023-11-09 14:15:03"},{"nodeID":"1354472","text":"Assertive Questioning","type":"YA","timestamp":"2023-11-09 14:15:03"},{"nodeID":"1354473","text":"Default Transition","type":"TA","timestamp":"2023-11-09 14:15:03"},{"nodeID":"1354474","text":"AudienceMember20230112QT05 is in health care","type":"I","timestamp":"2023-11-09 14:15:04"},{"nodeID":"1354475","text":"AudienceMember 20230112QT05: I'm in health care","type":"L","timestamp":"2023-11-09 14:15:04"},{"nodeID":"1354476","text":"Analysing","type":"YA","timestamp":"2023-11-09 14:15:04"},{"nodeID":"1354477","text":"Joanna: AudienceMember 20230112QT05: I'm in health care","type":"L","timestamp":"2023-11-09 14:15:04"},{"nodeID":"1354478","text":"Asserting","type":"YA","timestamp":"2023-11-09 14:15:04"},{"nodeID":"1354479","text":"Default Transition","type":"TA","timestamp":"2023-11-09 14:15:04"},{"nodeID":"1354480","text":"Default Rephrase","type":"MA","timestamp":"2023-11-09 14:15:04"},{"nodeID":"1354481","text":"Default Illocuting","type":"YA","timestamp":"2023-11-09 14:15:04"},{"nodeID":"1354482","text":"AudienceMember20230112QT05 works in main theatre","type":"I","timestamp":"2023-11-09 14:15:05"},{"nodeID":"1354483","text":"AudienceMember 20230112QT05: I work in main theatre","type":"L","timestamp":"2023-11-09 14:15:05"},{"nodeID":"1354484","text":"Analysing","type":"YA","timestamp":"2023-11-09 14:15:05"},{"nodeID":"1354485","text":"Joanna: AudienceMember 20230112QT05: I work in main theatre","type":"L","timestamp":"2023-11-09 14:15:05"},{"nodeID":"1354486","text":"Asserting","type":"YA","timestamp":"2023-11-09 14:15:05"},{"nodeID":"1354487","text":"Default Transition","type":"TA","timestamp":"2023-11-09 14:15:05"},{"nodeID":"1354488","text":"Default Rephrase","type":"MA","timestamp":"2023-11-09 14:15:05"},{"nodeID":"1354489","text":"Restating","type":"YA","timestamp":"2023-11-09 14:15:05"},{"nodeID":"1354490","text":"every now and then AudienceMember20230112QT05 decides to go off and do a bank shift on the wards","type":"I","timestamp":"2023-11-09 14:15:06"},{"nodeID":"1354491","text":"AudienceMember 20230112QT05: every now and then I decide to go off and do a bank shift on the wards","type":"L","timestamp":"2023-11-09 14:15:06"},{"nodeID":"1354492","text":"Analysing","type":"YA","timestamp":"2023-11-09 14:15:06"},{"nodeID":"1354493","text":"Joanna: AudienceMember 20230112QT05: every now and then I decide to go off and do a bank shift on the wards","type":"L","timestamp":"2023-11-09 14:15:06"},{"nodeID":"1354494","text":"Asserting","type":"YA","timestamp":"2023-11-09 14:15:06"},{"nodeID":"1354495","text":"Default Transition","type":"TA","timestamp":"2023-11-09 14:15:06"},{"nodeID":"1354496","text":"AudienceMember20230112QT05 has turned up for shifts, and there's been no nurses to take over from the night staff","type":"I","timestamp":"2023-11-09 14:15:07"},{"nodeID":"1354497","text":"AudienceMember 20230112QT05:  I've turned up for shifts, and there's been no nurses to take over from the night staff","type":"L","timestamp":"2023-11-09 14:15:07"},{"nodeID":"1354498","text":"Analysing","type":"YA","timestamp":"2023-11-09 14:15:07"},{"nodeID":"1354499","text":"Joanna: AudienceMember 20230112QT05:  I've turned up for shifts, and there's been no nurses to take over from the night staff","type":"L","timestamp":"2023-11-09 14:15:07"},{"nodeID":"1354500","text":"Asserting","type":"YA","timestamp":"2023-11-09 14:15:07"},{"nodeID":"1354501","text":"Default Rephrase","type":"MA","timestamp":"2023-11-09 14:15:07"},{"nodeID":"1354502","text":"Default Transition","type":"TA","timestamp":"2023-11-09 14:15:07"},{"nodeID":"1354503","text":"Restating","type":"YA","timestamp":"2023-11-09 14:15:07"},{"nodeID":"1354504","text":"the NHS is bringing a lot of overseas nurses","type":"I","timestamp":"2023-11-09 14:15:08"},{"nodeID":"1354505","text":"AudienceMember 20230112QT05: We're bringing a lot of overseas nurses","type":"L","timestamp":"2023-11-09 14:15:08"},{"nodeID":"1354506","text":"Analysing","type":"YA","timestamp":"2023-11-09 14:15:08"},{"nodeID":"1354507","text":"Joanna: AudienceMember 20230112QT05: We're bringing a lot of overseas nurses","type":"L","timestamp":"2023-11-09 14:15:08"},{"nodeID":"1354508","text":"Asserting","type":"YA","timestamp":"2023-11-09 14:15:08"},{"nodeID":"1354509","text":"Default Transition","type":"TA","timestamp":"2023-11-09 14:15:08"},{"nodeID":"1354510","text":"the nurses brought from overseas do an absolutely fantastic job","type":"I","timestamp":"2023-11-09 14:15:08"},{"nodeID":"1354511","text":"AudienceMember 20230112QT05: they do an absolutely fantastic job","type":"L","timestamp":"2023-11-09 14:15:08"},{"nodeID":"1354512","text":"Analysing","type":"YA","timestamp":"2023-11-09 14:15:08"},{"nodeID":"1354513","text":"Joanna: AudienceMember 20230112QT05: they do an absolutely fantastic job","type":"L","timestamp":"2023-11-09 14:15:08"},{"nodeID":"1354514","text":"Asserting","type":"YA","timestamp":"2023-11-09 14:15:08"},{"nodeID":"1354515","text":"Default Transition","type":"TA","timestamp":"2023-11-09 14:15:08"},{"nodeID":"1354516","text":"we need to be training our own people","type":"I","timestamp":"2023-11-09 14:15:09"},{"nodeID":"1354517","text":"AudienceMember 20230112QT05: we need to be training our own people","type":"L","timestamp":"2023-11-09 14:15:09"},{"nodeID":"1354518","text":"Analysing","type":"YA","timestamp":"2023-11-09 14:15:09"},{"nodeID":"1354519","text":"Joanna: AudienceMember 20230112QT05: we need to be training our own people","type":"L","timestamp":"2023-11-09 14:15:09"},{"nodeID":"1354520","text":"Asserting","type":"YA","timestamp":"2023-11-09 14:15:09"},{"nodeID":"1354521","text":"Default Transition","type":"TA","timestamp":"2023-11-09 14:15:09"},{"nodeID":"1354522","text":"Default Inference","type":"RA","timestamp":"2023-11-09 14:15:09"},{"nodeID":"1354523","text":"Default Transition","type":"TA","timestamp":"2023-11-09 14:15:09"},{"nodeID":"1354524","text":"Arguing","type":"YA","timestamp":"2023-11-09 14:15:09"},{"nodeID":"1354525","text":"we need to be bringing people in, and training our own people","type":"I","timestamp":"2023-11-09 14:15:10"},{"nodeID":"1354526","text":"AudienceMember 20230112QT06: We need to be bringing people in, and training our own people","type":"L","timestamp":"2023-11-09 14:15:10"},{"nodeID":"1354527","text":"Analysing","type":"YA","timestamp":"2023-11-09 14:15:10"},{"nodeID":"1354528","text":"Joanna: AudienceMember 20230112QT06: We need to be bringing people in, and training our own people","type":"L","timestamp":"2023-11-09 14:15:10"},{"nodeID":"1354529","text":"Asserting","type":"YA","timestamp":"2023-11-09 14:15:10"},{"nodeID":"1354530","text":"Default Transition","type":"TA","timestamp":"2023-11-09 14:15:10"},{"nodeID":"1354531","text":"Default Rephrase","type":"MA","timestamp":"2023-11-09 14:15:10"},{"nodeID":"1354532","text":"Restating","type":"YA","timestamp":"2023-11-09 14:15:10"},{"nodeID":"1354533","text":"Default Rephrase","type":"MA","timestamp":"2023-11-09 14:15:10"},{"nodeID":"1354534","text":"Default Transition","type":"TA","timestamp":"2023-11-09 14:15:10"},{"nodeID":"1354535","text":"Restating","type":"YA","timestamp":"2023-11-09 14:15:10"},{"nodeID":"1354536","text":"bringing people in and training our own people are some things we stopped doing years ago","type":"I","timestamp":"2023-11-09 14:15:11"},{"nodeID":"1354537","text":"AudienceMember 20230112QT06: Which is something we stopped doing years ago","type":"L","timestamp":"2023-11-09 14:15:11"},{"nodeID":"1354538","text":"Analysing","type":"YA","timestamp":"2023-11-09 14:15:11"},{"nodeID":"1354539","text":"Joanna: AudienceMember 20230112QT06: Which is something we stopped doing years ago","type":"L","timestamp":"2023-11-09 14:15:11"},{"nodeID":"1354540","text":"Asserting","type":"YA","timestamp":"2023-11-09 14:15:11"},{"nodeID":"1354541","text":"Default Transition","type":"TA","timestamp":"2023-11-09 14:15:11"},{"nodeID":"1354542","text":"to go back to Tim's original question","type":"I","timestamp":"2023-11-09 14:15:12"},{"nodeID":"1354543","text":"Shabana Mahmood: to go back to Tim's original question","type":"L","timestamp":"2023-11-09 14:15:12"},{"nodeID":"1354544","text":"Analysing","type":"YA","timestamp":"2023-11-09 14:15:12"},{"nodeID":"1354545","text":"Joanna: Shabana Mahmood: to go back to Tim's original question","type":"L","timestamp":"2023-11-09 14:15:12"},{"nodeID":"1354546","text":"Asserting","type":"YA","timestamp":"2023-11-09 14:15:12"},{"nodeID":"1354547","text":"Default Transition","type":"TA","timestamp":"2023-11-09 14:15:12"},{"nodeID":"1354548","text":"Shabana Mahmood thinks the nurses' strike is not just a failure of Government management","type":"I","timestamp":"2023-11-09 14:15:13"},{"nodeID":"1354549","text":"Shabana Mahmood: I think the nurses' strike is not just a failure of Government management","type":"L","timestamp":"2023-11-09 14:15:13"},{"nodeID":"1354550","text":"Analysing","type":"YA","timestamp":"2023-11-09 14:15:13"},{"nodeID":"1354551","text":"Joanna: Shabana Mahmood: I think the nurses' strike is not just a failure of Government management","type":"L","timestamp":"2023-11-09 14:15:13"},{"nodeID":"1354552","text":"Asserting","type":"YA","timestamp":"2023-11-09 14:15:13"},{"nodeID":"1354553","text":"Default Transition","type":"TA","timestamp":"2023-11-09 14:15:13"},{"nodeID":"1354554","text":"Shabana Mahmood actually thinks it's a complete abdication of responsibility by this Government","type":"I","timestamp":"2023-11-09 14:15:14"},{"nodeID":"1354555","text":"Shabana Mahmood:  I actually think it's a complete abdication of responsibility by this Government","type":"L","timestamp":"2023-11-09 14:15:14"},{"nodeID":"1354556","text":"Analysing","type":"YA","timestamp":"2023-11-09 14:15:14"},{"nodeID":"1354557","text":"Joanna: Shabana Mahmood:  I actually think it's a complete abdication of responsibility by this Government","type":"L","timestamp":"2023-11-09 14:15:14"},{"nodeID":"1354558","text":"Asserting","type":"YA","timestamp":"2023-11-09 14:15:14"},{"nodeID":"1354559","text":"Default Transition","type":"TA","timestamp":"2023-11-09 14:15:14"},{"nodeID":"1354560","text":"Default Rephrase","type":"MA","timestamp":"2023-11-09 14:15:14"},{"nodeID":"1354561","text":"Restating","type":"YA","timestamp":"2023-11-09 14:15:14"},{"nodeID":"1354562","text":"stopping the nurses' strike is incumbent on the Government","type":"I","timestamp":"2023-11-09 14:15:15"},{"nodeID":"1354563","text":"Shabana Mahmood: it is incumbent on the Government","type":"L","timestamp":"2023-11-09 14:15:15"},{"nodeID":"1354564","text":"Analysing","type":"YA","timestamp":"2023-11-09 14:15:15"},{"nodeID":"1354565","text":"Joanna: Shabana Mahmood: it is incumbent on the Government","type":"L","timestamp":"2023-11-09 14:15:15"},{"nodeID":"1354566","text":"Asserting","type":"YA","timestamp":"2023-11-09 14:15:15"},{"nodeID":"1354567","text":"Default Transition","type":"TA","timestamp":"2023-11-09 14:15:15"},{"nodeID":"1354568","text":"the nurses are going to go on a strike \u2013 which they have never done before in their history","type":"I","timestamp":"2023-11-09 14:15:16"},{"nodeID":"1354569","text":"Shabana Mahmood: the nurses are going to go on a strike \u2013 which they have never done before in their history","type":"L","timestamp":"2023-11-09 14:15:16"},{"nodeID":"1354570","text":"Analysing","type":"YA","timestamp":"2023-11-09 14:15:16"},{"nodeID":"1354571","text":"Joanna: Shabana Mahmood: the nurses are going to go on a strike \u2013 which they have never done before in their history","type":"L","timestamp":"2023-11-09 14:15:16"},{"nodeID":"1354572","text":"Asserting","type":"YA","timestamp":"2023-11-09 14:15:16"},{"nodeID":"1354573","text":"Default Transition","type":"TA","timestamp":"2023-11-09 14:15:16"},{"nodeID":"1354574","text":"the nurses' strike is a history making event","type":"I","timestamp":"2023-11-09 14:15:17"},{"nodeID":"1354575","text":"Shabana Mahmood: this is a history making event","type":"L","timestamp":"2023-11-09 14:15:17"},{"nodeID":"1354576","text":"Analysing","type":"YA","timestamp":"2023-11-09 14:15:17"},{"nodeID":"1354577","text":"Joanna: Shabana Mahmood: this is a history making event","type":"L","timestamp":"2023-11-09 14:15:17"},{"nodeID":"1354578","text":"Asserting","type":"YA","timestamp":"2023-11-09 14:15:17"},{"nodeID":"1354579","text":"Default Transition","type":"TA","timestamp":"2023-11-09 14:15:17"},{"nodeID":"1354580","text":"it's on the Government to do everything possible to stop that from going ahead","type":"I","timestamp":"2023-11-09 14:15:18"},{"nodeID":"1354581","text":"Shabana Mahmood: it's on the Government to do everything possible to stop that from going ahead","type":"L","timestamp":"2023-11-09 14:15:18"},{"nodeID":"1354582","text":"Analysing","type":"YA","timestamp":"2023-11-09 14:15:18"},{"nodeID":"1354583","text":"Joanna: Shabana Mahmood: it's on the Government to do everything possible to stop that from going ahead","type":"L","timestamp":"2023-11-09 14:15:18"},{"nodeID":"1354584","text":"Asserting","type":"YA","timestamp":"2023-11-09 14:15:18"},{"nodeID":"1354585","text":"Default Transition","type":"TA","timestamp":"2023-11-09 14:15:18"},{"nodeID":"1354586","text":"Default Inference","type":"RA","timestamp":"2023-11-09 14:15:18"},{"nodeID":"1354587","text":"Default Transition","type":"TA","timestamp":"2023-11-09 14:15:18"},{"nodeID":"1354588","text":"Arguing","type":"YA","timestamp":"2023-11-09 14:15:18"},{"nodeID":"1354589","text":"Default Rephrase","type":"MA","timestamp":"2023-11-09 14:15:18"},{"nodeID":"1354590","text":"Restating","type":"YA","timestamp":"2023-11-09 14:15:18"},{"nodeID":"1354591","text":"Default Rephrase","type":"MA","timestamp":"2023-11-09 14:15:18"},{"nodeID":"1354592","text":"Restating","type":"YA","timestamp":"2023-11-09 14:15:18"},{"nodeID":"1354593","text":"Default Inference","type":"RA","timestamp":"2023-11-09 14:15:18"},{"nodeID":"1354594","text":"Arguing","type":"YA","timestamp":"2023-11-09 14:15:18"}],"edges":[{"edgeID":"1773605","fromID":"1354441","toID":"1354440","formEdgeID":null},{"edgeID":"1773606","fromID":"1354442","toID":"1354441","formEdgeID":null},{"edgeID":"1773607","fromID":"1354440","toID":"1354443","formEdgeID":null},{"edgeID":"1773608","fromID":"1354443","toID":"1354439","formEdgeID":null},{"edgeID":"1773609","fromID":"1354446","toID":"1354445","formEdgeID":null},{"edgeID":"1773610","fromID":"1354447","toID":"1354446","formEdgeID":null},{"edgeID":"1773611","fromID":"1354445","toID":"1354448","formEdgeID":null},{"edgeID":"1773612","fromID":"1354448","toID":"1354444","formEdgeID":null},{"edgeID":"1773613","fromID":"1354440","toID":"1354449","formEdgeID":null},{"edgeID":"1773614","fromID":"1354449","toID":"1354445","formEdgeID":null},{"edgeID":"1773615","fromID":"1354452","toID":"1354451","formEdgeID":null},{"edgeID":"1773616","fromID":"1354453","toID":"1354452","formEdgeID":null},{"edgeID":"1773617","fromID":"1354451","toID":"1354454","formEdgeID":null},{"edgeID":"1773618","fromID":"1354454","toID":"1354450","formEdgeID":null},{"edgeID":"1773619","fromID":"1354445","toID":"1354455","formEdgeID":null},{"edgeID":"1773620","fromID":"1354455","toID":"1354451","formEdgeID":null},{"edgeID":"1773621","fromID":"1354458","toID":"1354457","formEdgeID":null},{"edgeID":"1773622","fromID":"1354459","toID":"1354458","formEdgeID":null},{"edgeID":"1773623","fromID":"1354457","toID":"1354460","formEdgeID":null},{"edgeID":"1773624","fromID":"1354460","toID":"1354456","formEdgeID":null},{"edgeID":"1773625","fromID":"1354456","toID":"1354461","formEdgeID":null},{"edgeID":"1773626","fromID":"1354461","toID":"1354444","formEdgeID":null},{"edgeID":"1773627","fromID":"1354450","toID":"1354462","formEdgeID":null},{"edgeID":"1773628","fromID":"1354462","toID":"1354444","formEdgeID":null},{"edgeID":"1773629","fromID":"1354455","toID":"1354463","formEdgeID":null},{"edgeID":"1773630","fromID":"1354463","toID":"1354462","formEdgeID":null},{"edgeID":"1773631","fromID":"1354445","toID":"1354464","formEdgeID":null},{"edgeID":"1773632","fromID":"1354464","toID":"1354457","formEdgeID":null},{"edgeID":"1773633","fromID":"1354464","toID":"1354465","formEdgeID":null},{"edgeID":"1773634","fromID":"1354465","toID":"1354461","formEdgeID":null},{"edgeID":"1773635","fromID":"1354444","toID":"1354466","formEdgeID":null},{"edgeID":"1773636","fromID":"1354466","toID":"1354439","formEdgeID":null},{"edgeID":"1773637","fromID":"1354449","toID":"1354467","formEdgeID":null},{"edgeID":"1773638","fromID":"1354467","toID":"1354466","formEdgeID":null},{"edgeID":"1773639","fromID":"1354470","toID":"1354469","formEdgeID":null},{"edgeID":"1773640","fromID":"1354471","toID":"1354470","formEdgeID":null},{"edgeID":"1773641","fromID":"1354469","toID":"1354472","formEdgeID":null},{"edgeID":"1773642","fromID":"1354472","toID":"1354468","formEdgeID":null},{"edgeID":"1773643","fromID":"1354457","toID":"1354473","formEdgeID":null},{"edgeID":"1773644","fromID":"1354473","toID":"1354469","formEdgeID":null},{"edgeID":"1773645","fromID":"1354476","toID":"1354475","formEdgeID":null},{"edgeID":"1773646","fromID":"1354477","toID":"1354476","formEdgeID":null},{"edgeID":"1773647","fromID":"1354475","toID":"1354478","formEdgeID":null},{"edgeID":"1773648","fromID":"1354478","toID":"1354474","formEdgeID":null},{"edgeID":"1773649","fromID":"1354469","toID":"1354479","formEdgeID":null},{"edgeID":"1773650","fromID":"1354479","toID":"1354475","formEdgeID":null},{"edgeID":"1773651","fromID":"1354474","toID":"1354480","formEdgeID":null},{"edgeID":"1773652","fromID":"1354480","toID":"1354468","formEdgeID":null},{"edgeID":"1773653","fromID":"1354479","toID":"1354481","formEdgeID":null},{"edgeID":"1773654","fromID":"1354481","toID":"1354480","formEdgeID":null},{"edgeID":"1773655","fromID":"1354484","toID":"1354483","formEdgeID":null},{"edgeID":"1773656","fromID":"1354485","toID":"1354484","formEdgeID":null},{"edgeID":"1773657","fromID":"1354483","toID":"1354486","formEdgeID":null},{"edgeID":"1773658","fromID":"1354486","toID":"1354482","formEdgeID":null},{"edgeID":"1773659","fromID":"1354475","toID":"1354487","formEdgeID":null},{"edgeID":"1773660","fromID":"1354487","toID":"1354483","formEdgeID":null},{"edgeID":"1773661","fromID":"1354482","toID":"1354488","formEdgeID":null},{"edgeID":"1773662","fromID":"1354488","toID":"1354474","formEdgeID":null},{"edgeID":"1773663","fromID":"1354487","toID":"1354489","formEdgeID":null},{"edgeID":"1773664","fromID":"1354489","toID":"1354488","formEdgeID":null},{"edgeID":"1773665","fromID":"1354492","toID":"1354491","formEdgeID":null},{"edgeID":"1773666","fromID":"1354493","toID":"1354492","formEdgeID":null},{"edgeID":"1773667","fromID":"1354491","toID":"1354494","formEdgeID":null},{"edgeID":"1773668","fromID":"1354494","toID":"1354490","formEdgeID":null},{"edgeID":"1773669","fromID":"1354483","toID":"1354495","formEdgeID":null},{"edgeID":"1773670","fromID":"1354495","toID":"1354491","formEdgeID":null},{"edgeID":"1773671","fromID":"1354498","toID":"1354497","formEdgeID":null},{"edgeID":"1773672","fromID":"1354499","toID":"1354498","formEdgeID":null},{"edgeID":"1773673","fromID":"1354497","toID":"1354500","formEdgeID":null},{"edgeID":"1773674","fromID":"1354500","toID":"1354496","formEdgeID":null},{"edgeID":"1773675","fromID":"1354496","toID":"1354501","formEdgeID":null},{"edgeID":"1773676","fromID":"1354501","toID":"1354450","formEdgeID":null},{"edgeID":"1773677","fromID":"1354451","toID":"1354502","formEdgeID":null},{"edgeID":"1773678","fromID":"1354502","toID":"1354497","formEdgeID":null},{"edgeID":"1773679","fromID":"1354502","toID":"1354503","formEdgeID":null},{"edgeID":"1773680","fromID":"1354503","toID":"1354501","formEdgeID":null},{"edgeID":"1773681","fromID":"1354506","toID":"1354505","formEdgeID":null},{"edgeID":"1773682","fromID":"1354507","toID":"1354506","formEdgeID":null},{"edgeID":"1773683","fromID":"1354505","toID":"1354508","formEdgeID":null},{"edgeID":"1773684","fromID":"1354508","toID":"1354504","formEdgeID":null},{"edgeID":"1773685","fromID":"1354497","toID":"1354509","formEdgeID":null},{"edgeID":"1773686","fromID":"1354509","toID":"1354505","formEdgeID":null},{"edgeID":"1773687","fromID":"1354512","toID":"1354511","formEdgeID":null},{"edgeID":"1773688","fromID":"1354513","toID":"1354512","formEdgeID":null},{"edgeID":"1773689","fromID":"1354511","toID":"1354514","formEdgeID":null},{"edgeID":"1773690","fromID":"1354514","toID":"1354510","formEdgeID":null},{"edgeID":"1773691","fromID":"1354505","toID":"1354515","formEdgeID":null},{"edgeID":"1773692","fromID":"1354515","toID":"1354511","formEdgeID":null},{"edgeID":"1773693","fromID":"1354518","toID":"1354517","formEdgeID":null},{"edgeID":"1773694","fromID":"1354519","toID":"1354518","formEdgeID":null},{"edgeID":"1773695","fromID":"1354517","toID":"1354520","formEdgeID":null},{"edgeID":"1773696","fromID":"1354520","toID":"1354516","formEdgeID":null},{"edgeID":"1773697","fromID":"1354511","toID":"1354521","formEdgeID":null},{"edgeID":"1773698","fromID":"1354521","toID":"1354517","formEdgeID":null},{"edgeID":"1773699","fromID":"1354496","toID":"1354522","formEdgeID":null},{"edgeID":"1773700","fromID":"1354522","toID":"1354516","formEdgeID":null},{"edgeID":"1773701","fromID":"1354497","toID":"1354523","formEdgeID":null},{"edgeID":"1773702","fromID":"1354523","toID":"1354517","formEdgeID":null},{"edgeID":"1773703","fromID":"1354523","toID":"1354524","formEdgeID":null},{"edgeID":"1773704","fromID":"1354524","toID":"1354522","formEdgeID":null},{"edgeID":"1773705","fromID":"1354527","toID":"1354526","formEdgeID":null},{"edgeID":"1773706","fromID":"1354528","toID":"1354527","formEdgeID":null},{"edgeID":"1773707","fromID":"1354526","toID":"1354529","formEdgeID":null},{"edgeID":"1773708","fromID":"1354529","toID":"1354525","formEdgeID":null},{"edgeID":"1773709","fromID":"1354517","toID":"1354530","formEdgeID":null},{"edgeID":"1773710","fromID":"1354530","toID":"1354526","formEdgeID":null},{"edgeID":"1773711","fromID":"1354525","toID":"1354531","formEdgeID":null},{"edgeID":"1773712","fromID":"1354531","toID":"1354516","formEdgeID":null},{"edgeID":"1773713","fromID":"1354530","toID":"1354532","formEdgeID":null},{"edgeID":"1773714","fromID":"1354532","toID":"1354531","formEdgeID":null},{"edgeID":"1773715","fromID":"1354525","toID":"1354533","formEdgeID":null},{"edgeID":"1773716","fromID":"1354533","toID":"1354504","formEdgeID":null},{"edgeID":"1773717","fromID":"1354505","toID":"1354534","formEdgeID":null},{"edgeID":"1773718","fromID":"1354534","toID":"1354526","formEdgeID":null},{"edgeID":"1773719","fromID":"1354534","toID":"1354535","formEdgeID":null},{"edgeID":"1773720","fromID":"1354535","toID":"1354533","formEdgeID":null},{"edgeID":"1773721","fromID":"1354538","toID":"1354537","formEdgeID":null},{"edgeID":"1773722","fromID":"1354539","toID":"1354538","formEdgeID":null},{"edgeID":"1773723","fromID":"1354537","toID":"1354540","formEdgeID":null},{"edgeID":"1773724","fromID":"1354540","toID":"1354536","formEdgeID":null},{"edgeID":"1773725","fromID":"1354526","toID":"1354541","formEdgeID":null},{"edgeID":"1773726","fromID":"1354541","toID":"1354537","formEdgeID":null},{"edgeID":"1773727","fromID":"1354544","toID":"1354543","formEdgeID":null},{"edgeID":"1773728","fromID":"1354545","toID":"1354544","formEdgeID":null},{"edgeID":"1773729","fromID":"1354543","toID":"1354546","formEdgeID":null},{"edgeID":"1773730","fromID":"1354546","toID":"1354542","formEdgeID":null},{"edgeID":"1773731","fromID":"1354537","toID":"1354547","formEdgeID":null},{"edgeID":"1773732","fromID":"1354547","toID":"1354543","formEdgeID":null},{"edgeID":"1773733","fromID":"1354550","toID":"1354549","formEdgeID":null},{"edgeID":"1773734","fromID":"1354551","toID":"1354550","formEdgeID":null},{"edgeID":"1773735","fromID":"1354549","toID":"1354552","formEdgeID":null},{"edgeID":"1773736","fromID":"1354552","toID":"1354548","formEdgeID":null},{"edgeID":"1773737","fromID":"1354543","toID":"1354553","formEdgeID":null},{"edgeID":"1773738","fromID":"1354553","toID":"1354549","formEdgeID":null},{"edgeID":"1773739","fromID":"1354556","toID":"1354555","formEdgeID":null},{"edgeID":"1773740","fromID":"1354557","toID":"1354556","formEdgeID":null},{"edgeID":"1773741","fromID":"1354555","toID":"1354558","formEdgeID":null},{"edgeID":"1773742","fromID":"1354558","toID":"1354554","formEdgeID":null},{"edgeID":"1773743","fromID":"1354549","toID":"1354559","formEdgeID":null},{"edgeID":"1773744","fromID":"1354559","toID":"1354555","formEdgeID":null},{"edgeID":"1773745","fromID":"1354554","toID":"1354560","formEdgeID":null},{"edgeID":"1773746","fromID":"1354560","toID":"1354548","formEdgeID":null},{"edgeID":"1773747","fromID":"1354559","toID":"1354561","formEdgeID":null},{"edgeID":"1773748","fromID":"1354561","toID":"1354560","formEdgeID":null},{"edgeID":"1773749","fromID":"1354564","toID":"1354563","formEdgeID":null},{"edgeID":"1773750","fromID":"1354565","toID":"1354564","formEdgeID":null},{"edgeID":"1773751","fromID":"1354563","toID":"1354566","formEdgeID":null},{"edgeID":"1773752","fromID":"1354566","toID":"1354562","formEdgeID":null},{"edgeID":"1773753","fromID":"1354555","toID":"1354567","formEdgeID":null},{"edgeID":"1773754","fromID":"1354567","toID":"1354563","formEdgeID":null},{"edgeID":"1773755","fromID":"1354570","toID":"1354569","formEdgeID":null},{"edgeID":"1773756","fromID":"1354571","toID":"1354570","formEdgeID":null},{"edgeID":"1773757","fromID":"1354569","toID":"1354572","formEdgeID":null},{"edgeID":"1773758","fromID":"1354572","toID":"1354568","formEdgeID":null},{"edgeID":"1773759","fromID":"1354563","toID":"1354573","formEdgeID":null},{"edgeID":"1773760","fromID":"1354573","toID":"1354569","formEdgeID":null},{"edgeID":"1773761","fromID":"1354576","toID":"1354575","formEdgeID":null},{"edgeID":"1773762","fromID":"1354577","toID":"1354576","formEdgeID":null},{"edgeID":"1773763","fromID":"1354575","toID":"1354578","formEdgeID":null},{"edgeID":"1773764","fromID":"1354578","toID":"1354574","formEdgeID":null},{"edgeID":"1773765","fromID":"1354569","toID":"1354579","formEdgeID":null},{"edgeID":"1773766","fromID":"1354579","toID":"1354575","formEdgeID":null},{"edgeID":"1773767","fromID":"1354582","toID":"1354581","formEdgeID":null},{"edgeID":"1773768","fromID":"1354583","toID":"1354582","formEdgeID":null},{"edgeID":"1773769","fromID":"1354581","toID":"1354584","formEdgeID":null},{"edgeID":"1773770","fromID":"1354584","toID":"1354580","formEdgeID":null},{"edgeID":"1773771","fromID":"1354575","toID":"1354585","formEdgeID":null},{"edgeID":"1773772","fromID":"1354585","toID":"1354581","formEdgeID":null},{"edgeID":"1773773","fromID":"1354580","toID":"1354586","formEdgeID":null},{"edgeID":"1773774","fromID":"1354586","toID":"1354554","formEdgeID":null},{"edgeID":"1773775","fromID":"1354574","toID":"1354586","formEdgeID":null},{"edgeID":"1773776","fromID":"1354568","toID":"1354586","formEdgeID":null},{"edgeID":"1773777","fromID":"1354562","toID":"1354586","formEdgeID":null},{"edgeID":"1773778","fromID":"1354555","toID":"1354587","formEdgeID":null},{"edgeID":"1773779","fromID":"1354587","toID":"1354581","formEdgeID":null},{"edgeID":"1773780","fromID":"1354587","toID":"1354588","formEdgeID":null},{"edgeID":"1773781","fromID":"1354588","toID":"1354586","formEdgeID":null},{"edgeID":"1773782","fromID":"1354510","toID":"1354589","formEdgeID":null},{"edgeID":"1773783","fromID":"1354589","toID":"1354504","formEdgeID":null},{"edgeID":"1773784","fromID":"1354515","toID":"1354590","formEdgeID":null},{"edgeID":"1773785","fromID":"1354590","toID":"1354589","formEdgeID":null},{"edgeID":"1773786","fromID":"1354536","toID":"1354591","formEdgeID":null},{"edgeID":"1773787","fromID":"1354591","toID":"1354525","formEdgeID":null},{"edgeID":"1773788","fromID":"1354541","toID":"1354592","formEdgeID":null},{"edgeID":"1773789","fromID":"1354592","toID":"1354591","formEdgeID":null},{"edgeID":"1773790","fromID":"1354568","toID":"1354593","formEdgeID":null},{"edgeID":"1773791","fromID":"1354593","toID":"1354574","formEdgeID":null},{"edgeID":"1773792","fromID":"1354579","toID":"1354594","formEdgeID":null},{"edgeID":"1773793","fromID":"1354594","toID":"1354593","formEdgeID":null}],"locutions":[]}