{"nodes":[{"nodeID":"1355741","text":"nearly 45,000 migrants crossing the Channel this year","type":"I","timestamp":"2023-11-09 14:17:25"},{"nodeID":"1355742","text":"AudienceMember 20230112QT12: Nearly 45,000 migrants crossing the Channel this year","type":"L","timestamp":"2023-11-09 14:17:25"},{"nodeID":"1355743","text":"Analysing","type":"YA","timestamp":"2023-11-09 14:17:25"},{"nodeID":"1355744","text":"Anon: AudienceMember 20230112QT12: Nearly 45,000 migrants crossing the Channel this year","type":"L","timestamp":"2023-11-09 14:17:25"},{"nodeID":"1355745","text":"Asserting","type":"YA","timestamp":"2023-11-09 14:17:25"},{"nodeID":"1355746","text":"there should be a safe, and legal route to claim asylum before you have entered Britain","type":"I","timestamp":"2023-11-09 14:17:25"},{"nodeID":"1355747","text":"AudienceMember 20230112QT12: Should there be a safe, and legal route to claim asylum here, before you have entered Britain","type":"L","timestamp":"2023-11-09 14:17:25"},{"nodeID":"1355748","text":"Analysing","type":"YA","timestamp":"2023-11-09 14:17:25"},{"nodeID":"1355749","text":"Anon: AudienceMember 20230112QT12: Should there be a safe, and legal route to claim asylum here, before you have entered Britain","type":"L","timestamp":"2023-11-09 14:17:25"},{"nodeID":"1355750","text":"Rhetorical Questioning","type":"YA","timestamp":"2023-11-09 14:17:25"},{"nodeID":"1355751","text":"Default Transition","type":"TA","timestamp":"2023-11-09 14:17:25"},{"nodeID":"1355752","text":"the situation at the moment is that, unless you come through a number of resettlement schemes, particular routes \u2013 Ukraine, Hong Kong, Afghanistan, for example, there are a number of them \u2013 you have to enter Britain illegally, and then claim asylum","type":"I","timestamp":"2023-11-09 14:17:26"},{"nodeID":"1355753","text":"Fiona Bruce: the situation at the moment is that, unless you come through a number of resettlement schemes, particular routes \u2013 Ukraine, Hong Kong, Afghanistan, for example, there are a number of them \u2013 you have to enter illegally, and then claim asylum here","type":"L","timestamp":"2023-11-09 14:17:26"},{"nodeID":"1355754","text":"Analysing","type":"YA","timestamp":"2023-11-09 14:17:26"},{"nodeID":"1355755","text":"Anon: Fiona Bruce: the situation at the moment is that, unless you come through a number of resettlement schemes, particular routes \u2013 Ukraine, Hong Kong, Afghanistan, for example, there are a number of them \u2013 you have to enter illegally, and then claim asylum here","type":"L","timestamp":"2023-11-09 14:17:26"},{"nodeID":"1355756","text":"Asserting","type":"YA","timestamp":"2023-11-09 14:17:26"},{"nodeID":"1355757","text":"Default Transition","type":"TA","timestamp":"2023-11-09 14:17:26"},{"nodeID":"1355758","text":"Jacob Rees-Mogg: Well, you've just made the point","type":"L","timestamp":"2023-11-09 14:17:26"},{"nodeID":"1355759","text":"Analysing","type":"YA","timestamp":"2023-11-09 14:17:26"},{"nodeID":"1355760","text":"Anon: Jacob Rees-Mogg: Well, you've just made the point","type":"L","timestamp":"2023-11-09 14:17:26"},{"nodeID":"1355761","text":"Default Transition","type":"TA","timestamp":"2023-11-09 14:17:26"},{"nodeID":"1355762","text":"Agreeing","type":"YA","timestamp":"2023-11-09 14:17:26"},{"nodeID":"1355763","text":"there are safe routes to come to Britain","type":"I","timestamp":"2023-11-09 14:17:27"},{"nodeID":"1355764","text":"Jacob Rees-Mogg: there are safe routes to come here","type":"L","timestamp":"2023-11-09 14:17:27"},{"nodeID":"1355765","text":"Analysing","type":"YA","timestamp":"2023-11-09 14:17:27"},{"nodeID":"1355766","text":"Anon: Jacob Rees-Mogg: there are safe routes to come here","type":"L","timestamp":"2023-11-09 14:17:27"},{"nodeID":"1355767","text":"Asserting","type":"YA","timestamp":"2023-11-09 14:17:27"},{"nodeID":"1355768","text":"Default Transition","type":"TA","timestamp":"2023-11-09 14:17:27"},{"nodeID":"1355769","text":"safe routes to come to Britain are only from a limited number of countries","type":"I","timestamp":"2023-11-09 14:17:28"},{"nodeID":"1355770","text":"Fiona Bruce: only from a limited number of countries","type":"L","timestamp":"2023-11-09 14:17:28"},{"nodeID":"1355771","text":"Analysing","type":"YA","timestamp":"2023-11-09 14:17:28"},{"nodeID":"1355772","text":"Anon: Fiona Bruce: only from a limited number of countries","type":"L","timestamp":"2023-11-09 14:17:28"},{"nodeID":"1355773","text":"Asserting","type":"YA","timestamp":"2023-11-09 14:17:28"},{"nodeID":"1355774","text":"Default Transition","type":"TA","timestamp":"2023-11-09 14:17:28"},{"nodeID":"1355775","text":"Default Conflict","type":"CA","timestamp":"2023-11-09 14:17:28"},{"nodeID":"1355776","text":"Disagreeing","type":"YA","timestamp":"2023-11-09 14:17:28"},{"nodeID":"1355777","text":"Jacob Rees-Mogg: Absolutely","type":"L","timestamp":"2023-11-09 14:17:28"},{"nodeID":"1355778","text":"Analysing","type":"YA","timestamp":"2023-11-09 14:17:28"},{"nodeID":"1355779","text":"Anon: Jacob Rees-Mogg: Absolutely","type":"L","timestamp":"2023-11-09 14:17:28"},{"nodeID":"1355780","text":"Default Transition","type":"TA","timestamp":"2023-11-09 14:17:28"},{"nodeID":"1355781","text":"Agreeing","type":"YA","timestamp":"2023-11-09 14:17:28"},{"nodeID":"1355782","text":"the fact that safe routes to come to Britain are only from a limited number of countries is perfectly reasonable","type":"I","timestamp":"2023-11-09 14:17:28"},{"nodeID":"1355783","text":"Jacob Rees-Mogg: that\u2019s perfectly reasonable","type":"L","timestamp":"2023-11-09 14:17:28"},{"nodeID":"1355784","text":"Analysing","type":"YA","timestamp":"2023-11-09 14:17:28"},{"nodeID":"1355785","text":"Anon: Jacob Rees-Mogg: that\u2019s perfectly reasonable","type":"L","timestamp":"2023-11-09 14:17:28"},{"nodeID":"1355786","text":"Asserting","type":"YA","timestamp":"2023-11-09 14:17:28"},{"nodeID":"1355787","text":"Default Transition","type":"TA","timestamp":"2023-11-09 14:17:28"},{"nodeID":"1355788","text":"the countries from which safe routes depart are those that are most at risk","type":"I","timestamp":"2023-11-09 14:17:29"},{"nodeID":"1355789","text":"Jacob Rees-Mogg: they are countries that are most at risk","type":"L","timestamp":"2023-11-09 14:17:29"},{"nodeID":"1355790","text":"Analysing","type":"YA","timestamp":"2023-11-09 14:17:29"},{"nodeID":"1355791","text":"Anon: Jacob Rees-Mogg: they are countries that are most at risk","type":"L","timestamp":"2023-11-09 14:17:29"},{"nodeID":"1355792","text":"Asserting","type":"YA","timestamp":"2023-11-09 14:17:29"},{"nodeID":"1355793","text":"Default Transition","type":"TA","timestamp":"2023-11-09 14:17:29"},{"nodeID":"1355794","text":"Default Inference","type":"RA","timestamp":"2023-11-09 14:17:29"},{"nodeID":"1355795","text":"Arguing","type":"YA","timestamp":"2023-11-09 14:17:29"},{"nodeID":"1355796","text":"we have a scheme for Syria, we have a scheme for Ukraine, we have a scheme for Afghanistan, and we have a scheme for Hong Kong","type":"I","timestamp":"2023-11-09 14:17:30"},{"nodeID":"1355797","text":"Jacob Rees-Mogg: we have a scheme for Syria, we have a scheme for Ukraine, we have a scheme for Afghanistan, and we have a scheme for Hong Kong","type":"L","timestamp":"2023-11-09 14:17:30"},{"nodeID":"1355798","text":"Analysing","type":"YA","timestamp":"2023-11-09 14:17:30"},{"nodeID":"1355799","text":"Anon: Jacob Rees-Mogg: we have a scheme for Syria, we have a scheme for Ukraine, we have a scheme for Afghanistan, and we have a scheme for Hong Kong","type":"L","timestamp":"2023-11-09 14:17:30"},{"nodeID":"1355800","text":"Asserting","type":"YA","timestamp":"2023-11-09 14:17:30"},{"nodeID":"1355801","text":"Default Transition","type":"TA","timestamp":"2023-11-09 14:17:30"},{"nodeID":"1355802","text":"Default Rephrase","type":"MA","timestamp":"2023-11-09 14:17:30"},{"nodeID":"1355803","text":"Restating","type":"YA","timestamp":"2023-11-09 14:17:30"},{"nodeID":"1355804","text":"the UK cannot take everybody who wants to come here","type":"I","timestamp":"2023-11-09 14:17:31"},{"nodeID":"1355805","text":"Jacob Rees-Mogg: The UK cannot take everybody who wants to come here","type":"L","timestamp":"2023-11-09 14:17:31"},{"nodeID":"1355806","text":"Analysing","type":"YA","timestamp":"2023-11-09 14:17:31"},{"nodeID":"1355807","text":"Anon: Jacob Rees-Mogg: The UK cannot take everybody who wants to come here","type":"L","timestamp":"2023-11-09 14:17:31"},{"nodeID":"1355808","text":"Asserting","type":"YA","timestamp":"2023-11-09 14:17:31"},{"nodeID":"1355809","text":"Default Transition","type":"TA","timestamp":"2023-11-09 14:17:31"},{"nodeID":"1355810","text":"welcoming anybody who wants to come here is simply not practical","type":"I","timestamp":"2023-11-09 14:17:31"},{"nodeID":"1355811","text":"Jacob Rees-Mogg:  that is simply not practical","type":"L","timestamp":"2023-11-09 14:17:31"},{"nodeID":"1355812","text":"Analysing","type":"YA","timestamp":"2023-11-09 14:17:31"},{"nodeID":"1355813","text":"Anon: Jacob Rees-Mogg:  that is simply not practical","type":"L","timestamp":"2023-11-09 14:17:31"},{"nodeID":"1355814","text":"Asserting","type":"YA","timestamp":"2023-11-09 14:17:31"},{"nodeID":"1355815","text":"Default Transition","type":"TA","timestamp":"2023-11-09 14:17:31"},{"nodeID":"1355816","text":"Default Inference","type":"RA","timestamp":"2023-11-09 14:17:31"},{"nodeID":"1355817","text":"Arguing","type":"YA","timestamp":"2023-11-09 14:17:31"},{"nodeID":"1355818","text":"you come here illegally","type":"I","timestamp":"2023-11-09 14:17:32"},{"nodeID":"1355819","text":"Jacob Rees-Mogg: you come here illegally","type":"L","timestamp":"2023-11-09 14:17:32"},{"nodeID":"1355820","text":"Analysing","type":"YA","timestamp":"2023-11-09 14:17:32"},{"nodeID":"1355821","text":"Anon: Jacob Rees-Mogg: you come here illegally","type":"L","timestamp":"2023-11-09 14:17:32"},{"nodeID":"1355822","text":"Asserting","type":"YA","timestamp":"2023-11-09 14:17:32"},{"nodeID":"1355823","text":"Default Transition","type":"TA","timestamp":"2023-11-09 14:17:32"},{"nodeID":"1355824","text":"you ought to be sent back","type":"I","timestamp":"2023-11-09 14:17:33"},{"nodeID":"1355825","text":"Jacob Rees-Mogg: you ought to be sent back","type":"L","timestamp":"2023-11-09 14:17:33"},{"nodeID":"1355826","text":"Analysing","type":"YA","timestamp":"2023-11-09 14:17:33"},{"nodeID":"1355827","text":"Anon: Jacob Rees-Mogg: you ought to be sent back","type":"L","timestamp":"2023-11-09 14:17:33"},{"nodeID":"1355828","text":"Asserting","type":"YA","timestamp":"2023-11-09 14:17:33"},{"nodeID":"1355829","text":"Default Transition","type":"TA","timestamp":"2023-11-09 14:17:33"},{"nodeID":"1355830","text":"Default Inference","type":"RA","timestamp":"2023-11-09 14:17:33"},{"nodeID":"1355831","text":"Arguing","type":"YA","timestamp":"2023-11-09 14:17:33"},{"nodeID":"1355832","text":"you particularly ought to be sent back if you've come from a safe place","type":"I","timestamp":"2023-11-09 14:17:34"},{"nodeID":"1355833","text":"Jacob Rees-Mogg: particularly if you've come from a safe place","type":"L","timestamp":"2023-11-09 14:17:34"},{"nodeID":"1355834","text":"Analysing","type":"YA","timestamp":"2023-11-09 14:17:34"},{"nodeID":"1355835","text":"Anon: Jacob Rees-Mogg: particularly if you've come from a safe place","type":"L","timestamp":"2023-11-09 14:17:34"},{"nodeID":"1355836","text":"Asserting","type":"YA","timestamp":"2023-11-09 14:17:34"},{"nodeID":"1355837","text":"Default Transition","type":"TA","timestamp":"2023-11-09 14:17:34"},{"nodeID":"1355838","text":"Default Rephrase","type":"MA","timestamp":"2023-11-09 14:17:34"},{"nodeID":"1355839","text":"Restating","type":"YA","timestamp":"2023-11-09 14:17:34"}],"edges":[{"edgeID":"1775142","fromID":"1355743","toID":"1355742","formEdgeID":null},{"edgeID":"1775143","fromID":"1355744","toID":"1355743","formEdgeID":null},{"edgeID":"1775144","fromID":"1355742","toID":"1355745","formEdgeID":null},{"edgeID":"1775145","fromID":"1355745","toID":"1355741","formEdgeID":null},{"edgeID":"1775146","fromID":"1355748","toID":"1355747","formEdgeID":null},{"edgeID":"1775147","fromID":"1355749","toID":"1355748","formEdgeID":null},{"edgeID":"1775148","fromID":"1355747","toID":"1355750","formEdgeID":null},{"edgeID":"1775149","fromID":"1355750","toID":"1355746","formEdgeID":null},{"edgeID":"1775150","fromID":"1355742","toID":"1355751","formEdgeID":null},{"edgeID":"1775151","fromID":"1355751","toID":"1355747","formEdgeID":null},{"edgeID":"1775152","fromID":"1355754","toID":"1355753","formEdgeID":null},{"edgeID":"1775153","fromID":"1355755","toID":"1355754","formEdgeID":null},{"edgeID":"1775154","fromID":"1355753","toID":"1355756","formEdgeID":null},{"edgeID":"1775155","fromID":"1355756","toID":"1355752","formEdgeID":null},{"edgeID":"1775156","fromID":"1355747","toID":"1355757","formEdgeID":null},{"edgeID":"1775157","fromID":"1355757","toID":"1355753","formEdgeID":null},{"edgeID":"1775158","fromID":"1355759","toID":"1355758","formEdgeID":null},{"edgeID":"1775159","fromID":"1355760","toID":"1355759","formEdgeID":null},{"edgeID":"1775160","fromID":"1355753","toID":"1355761","formEdgeID":null},{"edgeID":"1775161","fromID":"1355761","toID":"1355758","formEdgeID":null},{"edgeID":"1775162","fromID":"1355761","toID":"1355762","formEdgeID":null},{"edgeID":"1775163","fromID":"1355762","toID":"1355752","formEdgeID":null},{"edgeID":"1775164","fromID":"1355765","toID":"1355764","formEdgeID":null},{"edgeID":"1775165","fromID":"1355766","toID":"1355765","formEdgeID":null},{"edgeID":"1775166","fromID":"1355764","toID":"1355767","formEdgeID":null},{"edgeID":"1775167","fromID":"1355767","toID":"1355763","formEdgeID":null},{"edgeID":"1775168","fromID":"1355758","toID":"1355768","formEdgeID":null},{"edgeID":"1775169","fromID":"1355768","toID":"1355764","formEdgeID":null},{"edgeID":"1775170","fromID":"1355771","toID":"1355770","formEdgeID":null},{"edgeID":"1775171","fromID":"1355772","toID":"1355771","formEdgeID":null},{"edgeID":"1775172","fromID":"1355770","toID":"1355773","formEdgeID":null},{"edgeID":"1775173","fromID":"1355773","toID":"1355769","formEdgeID":null},{"edgeID":"1775174","fromID":"1355764","toID":"1355774","formEdgeID":null},{"edgeID":"1775175","fromID":"1355774","toID":"1355770","formEdgeID":null},{"edgeID":"1775176","fromID":"1355769","toID":"1355775","formEdgeID":null},{"edgeID":"1775177","fromID":"1355775","toID":"1355763","formEdgeID":null},{"edgeID":"1775178","fromID":"1355774","toID":"1355776","formEdgeID":null},{"edgeID":"1775179","fromID":"1355776","toID":"1355775","formEdgeID":null},{"edgeID":"1775180","fromID":"1355778","toID":"1355777","formEdgeID":null},{"edgeID":"1775181","fromID":"1355779","toID":"1355778","formEdgeID":null},{"edgeID":"1775182","fromID":"1355770","toID":"1355780","formEdgeID":null},{"edgeID":"1775183","fromID":"1355780","toID":"1355777","formEdgeID":null},{"edgeID":"1775184","fromID":"1355780","toID":"1355781","formEdgeID":null},{"edgeID":"1775185","fromID":"1355781","toID":"1355769","formEdgeID":null},{"edgeID":"1775186","fromID":"1355784","toID":"1355783","formEdgeID":null},{"edgeID":"1775187","fromID":"1355785","toID":"1355784","formEdgeID":null},{"edgeID":"1775188","fromID":"1355783","toID":"1355786","formEdgeID":null},{"edgeID":"1775189","fromID":"1355786","toID":"1355782","formEdgeID":null},{"edgeID":"1775190","fromID":"1355777","toID":"1355787","formEdgeID":null},{"edgeID":"1775191","fromID":"1355787","toID":"1355783","formEdgeID":null},{"edgeID":"1775192","fromID":"1355790","toID":"1355789","formEdgeID":null},{"edgeID":"1775193","fromID":"1355791","toID":"1355790","formEdgeID":null},{"edgeID":"1775194","fromID":"1355789","toID":"1355792","formEdgeID":null},{"edgeID":"1775195","fromID":"1355792","toID":"1355788","formEdgeID":null},{"edgeID":"1775196","fromID":"1355783","toID":"1355793","formEdgeID":null},{"edgeID":"1775197","fromID":"1355793","toID":"1355789","formEdgeID":null},{"edgeID":"1775198","fromID":"1355788","toID":"1355794","formEdgeID":null},{"edgeID":"1775199","fromID":"1355794","toID":"1355782","formEdgeID":null},{"edgeID":"1775200","fromID":"1355793","toID":"1355795","formEdgeID":null},{"edgeID":"1775201","fromID":"1355795","toID":"1355794","formEdgeID":null},{"edgeID":"1775202","fromID":"1355798","toID":"1355797","formEdgeID":null},{"edgeID":"1775203","fromID":"1355799","toID":"1355798","formEdgeID":null},{"edgeID":"1775204","fromID":"1355797","toID":"1355800","formEdgeID":null},{"edgeID":"1775205","fromID":"1355800","toID":"1355796","formEdgeID":null},{"edgeID":"1775206","fromID":"1355789","toID":"1355801","formEdgeID":null},{"edgeID":"1775207","fromID":"1355801","toID":"1355797","formEdgeID":null},{"edgeID":"1775208","fromID":"1355796","toID":"1355802","formEdgeID":null},{"edgeID":"1775209","fromID":"1355802","toID":"1355788","formEdgeID":null},{"edgeID":"1775210","fromID":"1355801","toID":"1355803","formEdgeID":null},{"edgeID":"1775211","fromID":"1355803","toID":"1355802","formEdgeID":null},{"edgeID":"1775212","fromID":"1355806","toID":"1355805","formEdgeID":null},{"edgeID":"1775213","fromID":"1355807","toID":"1355806","formEdgeID":null},{"edgeID":"1775214","fromID":"1355805","toID":"1355808","formEdgeID":null},{"edgeID":"1775215","fromID":"1355808","toID":"1355804","formEdgeID":null},{"edgeID":"1775216","fromID":"1355797","toID":"1355809","formEdgeID":null},{"edgeID":"1775217","fromID":"1355809","toID":"1355805","formEdgeID":null},{"edgeID":"1775218","fromID":"1355812","toID":"1355811","formEdgeID":null},{"edgeID":"1775219","fromID":"1355813","toID":"1355812","formEdgeID":null},{"edgeID":"1775220","fromID":"1355811","toID":"1355814","formEdgeID":null},{"edgeID":"1775221","fromID":"1355814","toID":"1355810","formEdgeID":null},{"edgeID":"1775222","fromID":"1355805","toID":"1355815","formEdgeID":null},{"edgeID":"1775223","fromID":"1355815","toID":"1355811","formEdgeID":null},{"edgeID":"1775224","fromID":"1355810","toID":"1355816","formEdgeID":null},{"edgeID":"1775225","fromID":"1355816","toID":"1355804","formEdgeID":null},{"edgeID":"1775226","fromID":"1355815","toID":"1355817","formEdgeID":null},{"edgeID":"1775227","fromID":"1355817","toID":"1355816","formEdgeID":null},{"edgeID":"1775228","fromID":"1355820","toID":"1355819","formEdgeID":null},{"edgeID":"1775229","fromID":"1355821","toID":"1355820","formEdgeID":null},{"edgeID":"1775230","fromID":"1355819","toID":"1355822","formEdgeID":null},{"edgeID":"1775231","fromID":"1355822","toID":"1355818","formEdgeID":null},{"edgeID":"1775232","fromID":"1355811","toID":"1355823","formEdgeID":null},{"edgeID":"1775233","fromID":"1355823","toID":"1355819","formEdgeID":null},{"edgeID":"1775234","fromID":"1355826","toID":"1355825","formEdgeID":null},{"edgeID":"1775235","fromID":"1355827","toID":"1355826","formEdgeID":null},{"edgeID":"1775236","fromID":"1355825","toID":"1355828","formEdgeID":null},{"edgeID":"1775237","fromID":"1355828","toID":"1355824","formEdgeID":null},{"edgeID":"1775238","fromID":"1355819","toID":"1355829","formEdgeID":null},{"edgeID":"1775239","fromID":"1355829","toID":"1355825","formEdgeID":null},{"edgeID":"1775240","fromID":"1355818","toID":"1355830","formEdgeID":null},{"edgeID":"1775241","fromID":"1355830","toID":"1355824","formEdgeID":null},{"edgeID":"1775242","fromID":"1355829","toID":"1355831","formEdgeID":null},{"edgeID":"1775243","fromID":"1355831","toID":"1355830","formEdgeID":null},{"edgeID":"1775244","fromID":"1355834","toID":"1355833","formEdgeID":null},{"edgeID":"1775245","fromID":"1355835","toID":"1355834","formEdgeID":null},{"edgeID":"1775246","fromID":"1355833","toID":"1355836","formEdgeID":null},{"edgeID":"1775247","fromID":"1355836","toID":"1355832","formEdgeID":null},{"edgeID":"1775248","fromID":"1355825","toID":"1355837","formEdgeID":null},{"edgeID":"1775249","fromID":"1355837","toID":"1355833","formEdgeID":null},{"edgeID":"1775250","fromID":"1355832","toID":"1355838","formEdgeID":null},{"edgeID":"1775251","fromID":"1355838","toID":"1355824","formEdgeID":null},{"edgeID":"1775252","fromID":"1355837","toID":"1355839","formEdgeID":null},{"edgeID":"1775253","fromID":"1355839","toID":"1355838","formEdgeID":null}],"locutions":[]}