{"nodes":[{"nodeID":"1375813","text":"Daisy Cooper would do xxx","type":"I","timestamp":"2023-11-09 14:47:36"},{"nodeID":"1375814","text":"Fiona Bruce: what would you do, Daisy","type":"L","timestamp":"2023-11-09 14:47:36"},{"nodeID":"1375815","text":"Analysing","type":"YA","timestamp":"2023-11-09 14:47:36"},{"nodeID":"1375816","text":"Anon: Fiona Bruce: what would you do, Daisy","type":"L","timestamp":"2023-11-09 14:47:36"},{"nodeID":"1375817","text":"Pure Questioning","type":"YA","timestamp":"2023-11-09 14:47:36"},{"nodeID":"1375818","text":"the point is that Jacob Rees-Mogg talks about taking control","type":"I","timestamp":"2023-11-09 14:47:37"},{"nodeID":"1375819","text":"Daisy Cooper: the point, which is that, Jacob talks about taking control","type":"L","timestamp":"2023-11-09 14:47:37"},{"nodeID":"1375820","text":"Analysing","type":"YA","timestamp":"2023-11-09 14:47:37"},{"nodeID":"1375821","text":"Anon: Daisy Cooper: the point, which is that, Jacob talks about taking control","type":"L","timestamp":"2023-11-09 14:47:37"},{"nodeID":"1375822","text":"Asserting","type":"YA","timestamp":"2023-11-09 14:47:37"},{"nodeID":"1375823","text":"there's no parliamentary scrutiny or approval of any of these trade deals","type":"I","timestamp":"2023-11-09 14:47:37"},{"nodeID":"1375824","text":"Daisy Cooper: there's no parliamentary scrutiny or approval of any of these trade deals","type":"L","timestamp":"2023-11-09 14:47:37"},{"nodeID":"1375825","text":"Analysing","type":"YA","timestamp":"2023-11-09 14:47:37"},{"nodeID":"1375826","text":"Anon: Daisy Cooper: there's no parliamentary scrutiny or approval of any of these trade deals","type":"L","timestamp":"2023-11-09 14:47:37"},{"nodeID":"1375827","text":"Asserting","type":"YA","timestamp":"2023-11-09 14:47:37"},{"nodeID":"1375828","text":"Default Transition","type":"TA","timestamp":"2023-11-09 14:47:37"},{"nodeID":"1375829","text":"Default Transition","type":"TA","timestamp":"2023-11-09 14:47:37"},{"nodeID":"1375830","text":"there's no parliamentary scrutiny or approval of any of these trade deals in itself is really appalling","type":"I","timestamp":"2023-11-09 14:47:38"},{"nodeID":"1375831","text":"Daisy Cooper: that in itself is really appalling","type":"L","timestamp":"2023-11-09 14:47:38"},{"nodeID":"1375832","text":"Analysing","type":"YA","timestamp":"2023-11-09 14:47:38"},{"nodeID":"1375833","text":"Anon: Daisy Cooper: that in itself is really appalling","type":"L","timestamp":"2023-11-09 14:47:38"},{"nodeID":"1375834","text":"Asserting","type":"YA","timestamp":"2023-11-09 14:47:38"},{"nodeID":"1375835","text":"Default Transition","type":"TA","timestamp":"2023-11-09 14:47:38"},{"nodeID":"1375836","text":"Default Rephrase","type":"MA","timestamp":"2023-11-09 14:47:38"},{"nodeID":"1375837","text":"Restating","type":"YA","timestamp":"2023-11-09 14:47:38"},{"nodeID":"1375838","text":"the Liberal Democrats would do xxx","type":"I","timestamp":"2023-11-09 14:47:39"},{"nodeID":"1375839","text":"Daisy Cooper: what we would do","type":"L","timestamp":"2023-11-09 14:47:39"},{"nodeID":"1375840","text":"Analysing","type":"YA","timestamp":"2023-11-09 14:47:39"},{"nodeID":"1375841","text":"Anon: Daisy Cooper: what we would do","type":"L","timestamp":"2023-11-09 14:47:39"},{"nodeID":"1375842","text":"Asserting","type":"YA","timestamp":"2023-11-09 14:47:39"},{"nodeID":"1375843","text":"Default Transition","type":"TA","timestamp":"2023-11-09 14:47:39"},{"nodeID":"1375844","text":"Default Rephrase","type":"MA","timestamp":"2023-11-09 14:47:39"},{"nodeID":"1375845","text":"Restating","type":"YA","timestamp":"2023-11-09 14:47:39"},{"nodeID":"1375846","text":"the Liberal Democrats are the only party that have set out a plan as to how we want to rebuild the UK's relationship with the European Union","type":"I","timestamp":"2023-11-09 14:47:39"},{"nodeID":"1375847","text":"Daisy Cooper: the Liberal Democrats are the only party that have set out a plan as to how we want to rebuild our relationship with the European Union","type":"L","timestamp":"2023-11-09 14:47:39"},{"nodeID":"1375848","text":"Analysing","type":"YA","timestamp":"2023-11-09 14:47:39"},{"nodeID":"1375849","text":"Anon: Daisy Cooper: the Liberal Democrats are the only party that have set out a plan as to how we want to rebuild our relationship with the European Union","type":"L","timestamp":"2023-11-09 14:47:39"},{"nodeID":"1375850","text":"Asserting","type":"YA","timestamp":"2023-11-09 14:47:39"},{"nodeID":"1375851","text":"Default Transition","type":"TA","timestamp":"2023-11-09 14:47:39"},{"nodeID":"1375852","text":"at one of their recent conferences, the Liberal Democrats adopted a four stage approach to rebuilding the UK's relationship with the European Union","type":"I","timestamp":"2023-11-09 14:47:40"},{"nodeID":"1375853","text":"Daisy Cooper: At one of our recent conferences, we adopted a four stage approach to doing that","type":"L","timestamp":"2023-11-09 14:47:40"},{"nodeID":"1375854","text":"Analysing","type":"YA","timestamp":"2023-11-09 14:47:40"},{"nodeID":"1375855","text":"Anon: Daisy Cooper: At one of our recent conferences, we adopted a four stage approach to doing that","type":"L","timestamp":"2023-11-09 14:47:40"},{"nodeID":"1375856","text":"Asserting","type":"YA","timestamp":"2023-11-09 14:47:40"},{"nodeID":"1375857","text":"Default Rephrase","type":"MA","timestamp":"2023-11-09 14:47:40"},{"nodeID":"1375858","text":"Default Illocuting","type":"YA","timestamp":"2023-11-09 14:47:40"},{"nodeID":"1375859","text":"Default Rephrase","type":"MA","timestamp":"2023-11-09 14:47:40"},{"nodeID":"1375860","text":"Default Transition","type":"TA","timestamp":"2023-11-09 14:47:40"},{"nodeID":"1375861","text":"Restating","type":"YA","timestamp":"2023-11-09 14:47:40"},{"nodeID":"1375862","text":"the Liberal Democrats want to fix the existing deal the UK have with the EU because it isn't working, particularly for small businesses, and for many other parts of our economy","type":"I","timestamp":"2023-11-09 14:47:41"},{"nodeID":"1375863","text":"Daisy Cooper: we want to fix the existing deal we have with the EU because it isn't working, particularly for small businesses, and for many other parts of our economy","type":"L","timestamp":"2023-11-09 14:47:41"},{"nodeID":"1375864","text":"Analysing","type":"YA","timestamp":"2023-11-09 14:47:41"},{"nodeID":"1375865","text":"Anon: Daisy Cooper: we want to fix the existing deal we have with the EU because it isn't working, particularly for small businesses, and for many other parts of our economy","type":"L","timestamp":"2023-11-09 14:47:41"},{"nodeID":"1375866","text":"Asserting","type":"YA","timestamp":"2023-11-09 14:47:41"},{"nodeID":"1375867","text":"Default Inference","type":"RA","timestamp":"2023-11-09 14:47:41"},{"nodeID":"1375868","text":"Default Transition","type":"TA","timestamp":"2023-11-09 14:47:41"},{"nodeID":"1375869","text":"the Liberal Democrats want to look at re-joining many of the programmes that the EU has, whether that\u2019s education, whether it's science, or whether it's security","type":"I","timestamp":"2023-11-09 14:47:41"},{"nodeID":"1375870","text":"Daisy Cooper: we want to look at re-joining many of the programmes that the EU has, whether that\u2019s education, whether it's science, or whether it's security","type":"L","timestamp":"2023-11-09 14:47:41"},{"nodeID":"1375871","text":"Analysing","type":"YA","timestamp":"2023-11-09 14:47:41"},{"nodeID":"1375872","text":"Anon: Daisy Cooper: we want to look at re-joining many of the programmes that the EU has, whether that\u2019s education, whether it's science, or whether it's security","type":"L","timestamp":"2023-11-09 14:47:41"},{"nodeID":"1375873","text":"Asserting","type":"YA","timestamp":"2023-11-09 14:47:41"},{"nodeID":"1375874","text":"Default Transition","type":"TA","timestamp":"2023-11-09 14:47:41"},{"nodeID":"1375875","text":"there are many different bodies that the UK could have been a more influential member in when we left the EU","type":"I","timestamp":"2023-11-09 14:47:42"},{"nodeID":"1375876","text":"Daisy Cooper: There are many different bodies that we could have been a more influential member in when we left the EU","type":"L","timestamp":"2023-11-09 14:47:42"},{"nodeID":"1375877","text":"Analysing","type":"YA","timestamp":"2023-11-09 14:47:42"},{"nodeID":"1375878","text":"Anon: Daisy Cooper: There are many different bodies that we could have been a more influential member in when we left the EU","type":"L","timestamp":"2023-11-09 14:47:42"},{"nodeID":"1375879","text":"Asserting","type":"YA","timestamp":"2023-11-09 14:47:42"},{"nodeID":"1375880","text":"the Government chose not to become a more influential member in many different bodies when the UK left the EU","type":"I","timestamp":"2023-11-09 14:47:43"},{"nodeID":"1375881","text":"Daisy Cooper: the Government chose not to do that","type":"L","timestamp":"2023-11-09 14:47:43"},{"nodeID":"1375882","text":"Analysing","type":"YA","timestamp":"2023-11-09 14:47:43"},{"nodeID":"1375883","text":"Anon: Daisy Cooper: the Government chose not to do that","type":"L","timestamp":"2023-11-09 14:47:43"},{"nodeID":"1375884","text":"Asserting","type":"YA","timestamp":"2023-11-09 14:47:43"},{"nodeID":"1375885","text":"Default Transition","type":"TA","timestamp":"2023-11-09 14:47:43"},{"nodeID":"1375886","text":"Default Transition","type":"TA","timestamp":"2023-11-09 14:47:43"},{"nodeID":"1375887","text":"Default Inference","type":"RA","timestamp":"2023-11-09 14:47:43"},{"nodeID":"1375888","text":"Arguing","type":"YA","timestamp":"2023-11-09 14:47:43"},{"nodeID":"1375889","text":"the Liberal Democrats want to look at improving the trade deals that the UK has with other countries","type":"I","timestamp":"2023-11-09 14:47:43"},{"nodeID":"1375890","text":"Daisy Cooper: we want to look at improving the trade deals that we have with other countries","type":"L","timestamp":"2023-11-09 14:47:43"},{"nodeID":"1375891","text":"Analysing","type":"YA","timestamp":"2023-11-09 14:47:43"},{"nodeID":"1375892","text":"Anon: Daisy Cooper: we want to look at improving the trade deals that we have with other countries","type":"L","timestamp":"2023-11-09 14:47:43"},{"nodeID":"1375893","text":"Asserting","type":"YA","timestamp":"2023-11-09 14:47:43"},{"nodeID":"1375894","text":"Default Transition","type":"TA","timestamp":"2023-11-09 14:47:43"},{"nodeID":"1375895","text":"at some point in the future, the Liberal Democrats want the UK to re-join the single market","type":"I","timestamp":"2023-11-09 14:47:44"},{"nodeID":"1375896","text":"Daisy Cooper: at some point in the future, to re-join the single market","type":"L","timestamp":"2023-11-09 14:47:44"},{"nodeID":"1375897","text":"Analysing","type":"YA","timestamp":"2023-11-09 14:47:44"},{"nodeID":"1375898","text":"Anon: Daisy Cooper: at some point in the future, to re-join the single market","type":"L","timestamp":"2023-11-09 14:47:44"},{"nodeID":"1375899","text":"Asserting","type":"YA","timestamp":"2023-11-09 14:47:44"},{"nodeID":"1375900","text":"Default Transition","type":"TA","timestamp":"2023-11-09 14:47:44"},{"nodeID":"1375901","text":"Arguing","type":"YA","timestamp":"2023-11-09 14:47:44"},{"nodeID":"1375902","text":"Default Conflict","type":"CA","timestamp":"2023-11-09 14:47:44"},{"nodeID":"1375903","text":"Disagreeing","type":"YA","timestamp":"2023-11-09 14:47:44"},{"nodeID":"1375904","text":"the single market is really, really important for this country","type":"I","timestamp":"2023-11-09 14:47:45"},{"nodeID":"1375905","text":"Daisy Cooper: that is really, really important for this country","type":"L","timestamp":"2023-11-09 14:47:45"},{"nodeID":"1375906","text":"Analysing","type":"YA","timestamp":"2023-11-09 14:47:45"},{"nodeID":"1375907","text":"Anon: Daisy Cooper: that is really, really important for this country","type":"L","timestamp":"2023-11-09 14:47:45"},{"nodeID":"1375908","text":"Asserting","type":"YA","timestamp":"2023-11-09 14:47:45"},{"nodeID":"1375909","text":"Default Transition","type":"TA","timestamp":"2023-11-09 14:47:45"},{"nodeID":"1375910","text":"Default Inference","type":"RA","timestamp":"2023-11-09 14:47:45"},{"nodeID":"1375911","text":"Arguing","type":"YA","timestamp":"2023-11-09 14:47:45"},{"nodeID":"1375912","text":"the Liberal Democrats set out their four stage plan","type":"I","timestamp":"2023-11-09 14:47:45"},{"nodeID":"1375913","text":"Daisy Cooper: we've set out that four stage plan","type":"L","timestamp":"2023-11-09 14:47:45"},{"nodeID":"1375914","text":"Analysing","type":"YA","timestamp":"2023-11-09 14:47:45"},{"nodeID":"1375915","text":"Anon: Daisy Cooper: we've set out that four stage plan","type":"L","timestamp":"2023-11-09 14:47:45"},{"nodeID":"1375916","text":"Asserting","type":"YA","timestamp":"2023-11-09 14:47:45"},{"nodeID":"1375917","text":"Default Transition","type":"TA","timestamp":"2023-11-09 14:47:45"},{"nodeID":"1375918","text":"Default Rephrase","type":"MA","timestamp":"2023-11-09 14:47:45"},{"nodeID":"1375919","text":"Restating","type":"YA","timestamp":"2023-11-09 14:47:45"},{"nodeID":"1375920","text":"Liberal Democrats are open about talking about their plan","type":"I","timestamp":"2023-11-09 14:47:46"},{"nodeID":"1375921","text":"Daisy Cooper: we are open about talking about that","type":"L","timestamp":"2023-11-09 14:47:46"},{"nodeID":"1375922","text":"Analysing","type":"YA","timestamp":"2023-11-09 14:47:46"},{"nodeID":"1375923","text":"Anon: Daisy Cooper: we are open about talking about that","type":"L","timestamp":"2023-11-09 14:47:46"},{"nodeID":"1375924","text":"Asserting","type":"YA","timestamp":"2023-11-09 14:47:46"},{"nodeID":"1375925","text":"Default Rephrase","type":"MA","timestamp":"2023-11-09 14:47:46"},{"nodeID":"1375926","text":"Default Transition","type":"TA","timestamp":"2023-11-09 14:47:46"},{"nodeID":"1375927","text":"Restating","type":"YA","timestamp":"2023-11-09 14:47:46"},{"nodeID":"1375928","text":"we don't want to open those wounds of the past","type":"I","timestamp":"2023-11-09 14:47:46"},{"nodeID":"1375929","text":"Daisy Cooper: we don't want to open those wounds of the past","type":"L","timestamp":"2023-11-09 14:47:46"},{"nodeID":"1375930","text":"Analysing","type":"YA","timestamp":"2023-11-09 14:47:46"},{"nodeID":"1375931","text":"Anon: Daisy Cooper: we don't want to open those wounds of the past","type":"L","timestamp":"2023-11-09 14:47:46"},{"nodeID":"1375932","text":"Asserting","type":"YA","timestamp":"2023-11-09 14:47:46"},{"nodeID":"1375933","text":"however anybody voted a few years ago, we have to look to the future","type":"I","timestamp":"2023-11-09 14:47:47"},{"nodeID":"1375934","text":"Asserting","type":"YA","timestamp":"2023-11-09 14:47:47"},{"nodeID":"1375935","text":"Anon: Daisy Cooper:  however anybody voted a few years ago, we don't want to open those wounds of the past, we have to look to the future","type":"L","timestamp":"2023-11-09 14:47:47"},{"nodeID":"1375936","text":"Analysing","type":"YA","timestamp":"2023-11-09 14:47:47"},{"nodeID":"1375937","text":"Daisy Cooper:  however anybody voted a few years ago, we have to look to the future","type":"L","timestamp":"2023-11-09 14:47:47"},{"nodeID":"1375938","text":"Default Inference","type":"RA","timestamp":"2023-11-09 14:47:47"},{"nodeID":"1375939","text":"Default Transition","type":"TA","timestamp":"2023-11-09 14:47:47"},{"nodeID":"1375940","text":"Arguing","type":"YA","timestamp":"2023-11-09 14:47:47"},{"nodeID":"1375941","text":"it's clear that this deal isn't working","type":"I","timestamp":"2023-11-09 14:47:48"},{"nodeID":"1375942","text":"Daisy Cooper: it's clear that this deal isn't working","type":"L","timestamp":"2023-11-09 14:47:48"},{"nodeID":"1375943","text":"Analysing","type":"YA","timestamp":"2023-11-09 14:47:48"},{"nodeID":"1375944","text":"Anon: Daisy Cooper: it's clear that this deal isn't working","type":"L","timestamp":"2023-11-09 14:47:48"},{"nodeID":"1375945","text":"Asserting","type":"YA","timestamp":"2023-11-09 14:47:48"},{"nodeID":"1375946","text":"Default Rephrase","type":"MA","timestamp":"2023-11-09 14:47:48"},{"nodeID":"1375947","text":"Default Transition","type":"TA","timestamp":"2023-11-09 14:47:48"},{"nodeID":"1375948","text":"Restating","type":"YA","timestamp":"2023-11-09 14:47:48"},{"nodeID":"1375949","text":"Default Transition","type":"TA","timestamp":"2023-11-09 14:47:48"},{"nodeID":"1375950","text":"Default Inference","type":"RA","timestamp":"2023-11-09 14:47:48"},{"nodeID":"1375951","text":"Arguing","type":"YA","timestamp":"2023-11-09 14:47:48"}],"edges":[{"edgeID":"1799022","fromID":"1375815","toID":"1375814","formEdgeID":null},{"edgeID":"1799023","fromID":"1375816","toID":"1375815","formEdgeID":null},{"edgeID":"1799024","fromID":"1375814","toID":"1375817","formEdgeID":null},{"edgeID":"1799025","fromID":"1375817","toID":"1375813","formEdgeID":null},{"edgeID":"1799026","fromID":"1375820","toID":"1375819","formEdgeID":null},{"edgeID":"1799027","fromID":"1375821","toID":"1375820","formEdgeID":null},{"edgeID":"1799028","fromID":"1375819","toID":"1375822","formEdgeID":null},{"edgeID":"1799029","fromID":"1375822","toID":"1375818","formEdgeID":null},{"edgeID":"1799030","fromID":"1375825","toID":"1375824","formEdgeID":null},{"edgeID":"1799031","fromID":"1375826","toID":"1375825","formEdgeID":null},{"edgeID":"1799032","fromID":"1375824","toID":"1375827","formEdgeID":null},{"edgeID":"1799033","fromID":"1375827","toID":"1375823","formEdgeID":null},{"edgeID":"1799034","fromID":"1375819","toID":"1375828","formEdgeID":null},{"edgeID":"1799035","fromID":"1375828","toID":"1375824","formEdgeID":null},{"edgeID":"1799036","fromID":"1375814","toID":"1375829","formEdgeID":null},{"edgeID":"1799037","fromID":"1375829","toID":"1375819","formEdgeID":null},{"edgeID":"1799038","fromID":"1375832","toID":"1375831","formEdgeID":null},{"edgeID":"1799039","fromID":"1375833","toID":"1375832","formEdgeID":null},{"edgeID":"1799040","fromID":"1375831","toID":"1375834","formEdgeID":null},{"edgeID":"1799041","fromID":"1375834","toID":"1375830","formEdgeID":null},{"edgeID":"1799042","fromID":"1375824","toID":"1375835","formEdgeID":null},{"edgeID":"1799043","fromID":"1375835","toID":"1375831","formEdgeID":null},{"edgeID":"1799044","fromID":"1375830","toID":"1375836","formEdgeID":null},{"edgeID":"1799045","fromID":"1375836","toID":"1375823","formEdgeID":null},{"edgeID":"1799046","fromID":"1375835","toID":"1375837","formEdgeID":null},{"edgeID":"1799047","fromID":"1375837","toID":"1375836","formEdgeID":null},{"edgeID":"1799048","fromID":"1375840","toID":"1375839","formEdgeID":null},{"edgeID":"1799049","fromID":"1375841","toID":"1375840","formEdgeID":null},{"edgeID":"1799050","fromID":"1375839","toID":"1375842","formEdgeID":null},{"edgeID":"1799051","fromID":"1375842","toID":"1375838","formEdgeID":null},{"edgeID":"1799052","fromID":"1375814","toID":"1375843","formEdgeID":null},{"edgeID":"1799053","fromID":"1375843","toID":"1375839","formEdgeID":null},{"edgeID":"1799054","fromID":"1375838","toID":"1375844","formEdgeID":null},{"edgeID":"1799055","fromID":"1375844","toID":"1375813","formEdgeID":null},{"edgeID":"1799056","fromID":"1375843","toID":"1375845","formEdgeID":null},{"edgeID":"1799057","fromID":"1375845","toID":"1375844","formEdgeID":null},{"edgeID":"1799058","fromID":"1375848","toID":"1375847","formEdgeID":null},{"edgeID":"1799059","fromID":"1375849","toID":"1375848","formEdgeID":null},{"edgeID":"1799060","fromID":"1375847","toID":"1375850","formEdgeID":null},{"edgeID":"1799061","fromID":"1375850","toID":"1375846","formEdgeID":null},{"edgeID":"1799062","fromID":"1375839","toID":"1375851","formEdgeID":null},{"edgeID":"1799063","fromID":"1375851","toID":"1375847","formEdgeID":null},{"edgeID":"1799064","fromID":"1375854","toID":"1375853","formEdgeID":null},{"edgeID":"1799065","fromID":"1375855","toID":"1375854","formEdgeID":null},{"edgeID":"1799066","fromID":"1375853","toID":"1375856","formEdgeID":null},{"edgeID":"1799067","fromID":"1375856","toID":"1375852","formEdgeID":null},{"edgeID":"1799068","fromID":"1375846","toID":"1375857","formEdgeID":null},{"edgeID":"1799069","fromID":"1375857","toID":"1375838","formEdgeID":null},{"edgeID":"1799070","fromID":"1375851","toID":"1375858","formEdgeID":null},{"edgeID":"1799071","fromID":"1375858","toID":"1375857","formEdgeID":null},{"edgeID":"1799072","fromID":"1375852","toID":"1375859","formEdgeID":null},{"edgeID":"1799073","fromID":"1375859","toID":"1375846","formEdgeID":null},{"edgeID":"1799074","fromID":"1375847","toID":"1375860","formEdgeID":null},{"edgeID":"1799075","fromID":"1375860","toID":"1375853","formEdgeID":null},{"edgeID":"1799076","fromID":"1375860","toID":"1375861","formEdgeID":null},{"edgeID":"1799077","fromID":"1375861","toID":"1375859","formEdgeID":null},{"edgeID":"1799078","fromID":"1375864","toID":"1375863","formEdgeID":null},{"edgeID":"1799079","fromID":"1375865","toID":"1375864","formEdgeID":null},{"edgeID":"1799080","fromID":"1375863","toID":"1375866","formEdgeID":null},{"edgeID":"1799081","fromID":"1375866","toID":"1375862","formEdgeID":null},{"edgeID":"1799082","fromID":"1375862","toID":"1375867","formEdgeID":null},{"edgeID":"1799083","fromID":"1375867","toID":"1375852","formEdgeID":null},{"edgeID":"1799084","fromID":"1375853","toID":"1375868","formEdgeID":null},{"edgeID":"1799085","fromID":"1375868","toID":"1375863","formEdgeID":null},{"edgeID":"1799086","fromID":"1375871","toID":"1375870","formEdgeID":null},{"edgeID":"1799087","fromID":"1375872","toID":"1375871","formEdgeID":null},{"edgeID":"1799088","fromID":"1375870","toID":"1375873","formEdgeID":null},{"edgeID":"1799089","fromID":"1375873","toID":"1375869","formEdgeID":null},{"edgeID":"1799090","fromID":"1375869","toID":"1375867","formEdgeID":null},{"edgeID":"1799091","fromID":"1375853","toID":"1375874","formEdgeID":null},{"edgeID":"1799092","fromID":"1375874","toID":"1375870","formEdgeID":null},{"edgeID":"1799093","fromID":"1375877","toID":"1375876","formEdgeID":null},{"edgeID":"1799094","fromID":"1375878","toID":"1375877","formEdgeID":null},{"edgeID":"1799095","fromID":"1375876","toID":"1375879","formEdgeID":null},{"edgeID":"1799096","fromID":"1375879","toID":"1375875","formEdgeID":null},{"edgeID":"1799097","fromID":"1375882","toID":"1375881","formEdgeID":null},{"edgeID":"1799098","fromID":"1375883","toID":"1375882","formEdgeID":null},{"edgeID":"1799099","fromID":"1375881","toID":"1375884","formEdgeID":null},{"edgeID":"1799100","fromID":"1375884","toID":"1375880","formEdgeID":null},{"edgeID":"1799101","fromID":"1375870","toID":"1375885","formEdgeID":null},{"edgeID":"1799102","fromID":"1375885","toID":"1375881","formEdgeID":null},{"edgeID":"1799103","fromID":"1375870","toID":"1375886","formEdgeID":null},{"edgeID":"1799104","fromID":"1375886","toID":"1375876","formEdgeID":null},{"edgeID":"1799105","fromID":"1375880","toID":"1375887","formEdgeID":null},{"edgeID":"1799106","fromID":"1375887","toID":"1375869","formEdgeID":null},{"edgeID":"1799107","fromID":"1375875","toID":"1375887","formEdgeID":null},{"edgeID":"1799108","fromID":"1375885","toID":"1375888","formEdgeID":null},{"edgeID":"1799109","fromID":"1375888","toID":"1375887","formEdgeID":null},{"edgeID":"1799110","fromID":"1375891","toID":"1375890","formEdgeID":null},{"edgeID":"1799111","fromID":"1375892","toID":"1375891","formEdgeID":null},{"edgeID":"1799112","fromID":"1375890","toID":"1375893","formEdgeID":null},{"edgeID":"1799113","fromID":"1375893","toID":"1375889","formEdgeID":null},{"edgeID":"1799114","fromID":"1375853","toID":"1375894","formEdgeID":null},{"edgeID":"1799115","fromID":"1375894","toID":"1375890","formEdgeID":null},{"edgeID":"1799116","fromID":"1375897","toID":"1375896","formEdgeID":null},{"edgeID":"1799117","fromID":"1375898","toID":"1375897","formEdgeID":null},{"edgeID":"1799118","fromID":"1375896","toID":"1375899","formEdgeID":null},{"edgeID":"1799119","fromID":"1375899","toID":"1375895","formEdgeID":null},{"edgeID":"1799120","fromID":"1375853","toID":"1375900","formEdgeID":null},{"edgeID":"1799121","fromID":"1375900","toID":"1375896","formEdgeID":null},{"edgeID":"1799122","fromID":"1375889","toID":"1375867","formEdgeID":null},{"edgeID":"1799123","fromID":"1375895","toID":"1375867","formEdgeID":null},{"edgeID":"1799124","fromID":"1375900","toID":"1375901","formEdgeID":null},{"edgeID":"1799125","fromID":"1375901","toID":"1375867","formEdgeID":null},{"edgeID":"1799126","fromID":"1375823","toID":"1375902","formEdgeID":null},{"edgeID":"1799127","fromID":"1375902","toID":"1375818","formEdgeID":null},{"edgeID":"1799128","fromID":"1375828","toID":"1375903","formEdgeID":null},{"edgeID":"1799129","fromID":"1375903","toID":"1375902","formEdgeID":null},{"edgeID":"1799130","fromID":"1375906","toID":"1375905","formEdgeID":null},{"edgeID":"1799131","fromID":"1375907","toID":"1375906","formEdgeID":null},{"edgeID":"1799132","fromID":"1375905","toID":"1375908","formEdgeID":null},{"edgeID":"1799133","fromID":"1375908","toID":"1375904","formEdgeID":null},{"edgeID":"1799134","fromID":"1375896","toID":"1375909","formEdgeID":null},{"edgeID":"1799135","fromID":"1375909","toID":"1375905","formEdgeID":null},{"edgeID":"1799136","fromID":"1375904","toID":"1375910","formEdgeID":null},{"edgeID":"1799137","fromID":"1375910","toID":"1375895","formEdgeID":null},{"edgeID":"1799138","fromID":"1375909","toID":"1375911","formEdgeID":null},{"edgeID":"1799139","fromID":"1375911","toID":"1375910","formEdgeID":null},{"edgeID":"1799140","fromID":"1375914","toID":"1375913","formEdgeID":null},{"edgeID":"1799141","fromID":"1375915","toID":"1375914","formEdgeID":null},{"edgeID":"1799142","fromID":"1375913","toID":"1375916","formEdgeID":null},{"edgeID":"1799143","fromID":"1375916","toID":"1375912","formEdgeID":null},{"edgeID":"1799144","fromID":"1375853","toID":"1375917","formEdgeID":null},{"edgeID":"1799145","fromID":"1375917","toID":"1375913","formEdgeID":null},{"edgeID":"1799146","fromID":"1375912","toID":"1375918","formEdgeID":null},{"edgeID":"1799147","fromID":"1375918","toID":"1375852","formEdgeID":null},{"edgeID":"1799148","fromID":"1375917","toID":"1375919","formEdgeID":null},{"edgeID":"1799149","fromID":"1375919","toID":"1375918","formEdgeID":null},{"edgeID":"1799150","fromID":"1375922","toID":"1375921","formEdgeID":null},{"edgeID":"1799151","fromID":"1375923","toID":"1375922","formEdgeID":null},{"edgeID":"1799152","fromID":"1375921","toID":"1375924","formEdgeID":null},{"edgeID":"1799153","fromID":"1375924","toID":"1375920","formEdgeID":null},{"edgeID":"1799154","fromID":"1375920","toID":"1375925","formEdgeID":null},{"edgeID":"1799155","fromID":"1375925","toID":"1375912","formEdgeID":null},{"edgeID":"1799156","fromID":"1375913","toID":"1375926","formEdgeID":null},{"edgeID":"1799157","fromID":"1375926","toID":"1375921","formEdgeID":null},{"edgeID":"1799158","fromID":"1375926","toID":"1375927","formEdgeID":null},{"edgeID":"1799159","fromID":"1375927","toID":"1375925","formEdgeID":null},{"edgeID":"1799160","fromID":"1375930","toID":"1375929","formEdgeID":null},{"edgeID":"1799161","fromID":"1375931","toID":"1375930","formEdgeID":null},{"edgeID":"1799162","fromID":"1375929","toID":"1375932","formEdgeID":null},{"edgeID":"1799163","fromID":"1375932","toID":"1375928","formEdgeID":null},{"edgeID":"1799164","fromID":"1375934","toID":"1375933","formEdgeID":null},{"edgeID":"1799165","fromID":"1375937","toID":"1375934","formEdgeID":null},{"edgeID":"1799166","fromID":"1375935","toID":"1375936","formEdgeID":null},{"edgeID":"1799167","fromID":"1375936","toID":"1375937","formEdgeID":null},{"edgeID":"1799168","fromID":"1375928","toID":"1375938","formEdgeID":null},{"edgeID":"1799169","fromID":"1375938","toID":"1375933","formEdgeID":null},{"edgeID":"1799170","fromID":"1375937","toID":"1375939","formEdgeID":null},{"edgeID":"1799171","fromID":"1375939","toID":"1375929","formEdgeID":null},{"edgeID":"1799172","fromID":"1375939","toID":"1375940","formEdgeID":null},{"edgeID":"1799173","fromID":"1375940","toID":"1375938","formEdgeID":null},{"edgeID":"1799174","fromID":"1375943","toID":"1375942","formEdgeID":null},{"edgeID":"1799175","fromID":"1375944","toID":"1375943","formEdgeID":null},{"edgeID":"1799176","fromID":"1375942","toID":"1375945","formEdgeID":null},{"edgeID":"1799177","fromID":"1375945","toID":"1375941","formEdgeID":null},{"edgeID":"1799178","fromID":"1375933","toID":"1375946","formEdgeID":null},{"edgeID":"1799179","fromID":"1375946","toID":"1375920","formEdgeID":null},{"edgeID":"1799180","fromID":"1375921","toID":"1375947","formEdgeID":null},{"edgeID":"1799181","fromID":"1375947","toID":"1375937","formEdgeID":null},{"edgeID":"1799182","fromID":"1375947","toID":"1375948","formEdgeID":null},{"edgeID":"1799183","fromID":"1375948","toID":"1375946","formEdgeID":null},{"edgeID":"1799184","fromID":"1375937","toID":"1375949","formEdgeID":null},{"edgeID":"1799185","fromID":"1375949","toID":"1375942","formEdgeID":null},{"edgeID":"1799186","fromID":"1375941","toID":"1375950","formEdgeID":null},{"edgeID":"1799187","fromID":"1375950","toID":"1375933","formEdgeID":null},{"edgeID":"1799188","fromID":"1375949","toID":"1375951","formEdgeID":null},{"edgeID":"1799189","fromID":"1375951","toID":"1375950","formEdgeID":null}],"locutions":[]}