{"nodes":[{"nodeID":"1377136","text":"in his very brief stint as Business Secretary, Jacob Rees-Mogg was trying to make sure forcing people to work from home didn\u2019t happen","type":"I","timestamp":"2023-11-09 14:49:28"},{"nodeID":"1377137","text":"Jacob Rees-Mogg: in my very brief stint as Business Secretary, I was trying to make sure it didn\u2019t happen","type":"L","timestamp":"2023-11-09 14:49:28"},{"nodeID":"1377138","text":"Analysing","type":"YA","timestamp":"2023-11-09 14:49:28"},{"nodeID":"1377139","text":"Amelie: Jacob Rees-Mogg: in my very brief stint as Business Secretary, I was trying to make sure it didn\u2019t happen","type":"L","timestamp":"2023-11-09 14:49:28"},{"nodeID":"1377140","text":"Asserting","type":"YA","timestamp":"2023-11-09 14:49:28"},{"nodeID":"1377141","text":"Jacob Rees-Mogg was only a Business Secretary for seven weeks","type":"I","timestamp":"2023-11-09 14:49:28"},{"nodeID":"1377142","text":"Jacob Rees-Mogg: I was only there for seven weeks","type":"L","timestamp":"2023-11-09 14:49:28"},{"nodeID":"1377143","text":"Analysing","type":"YA","timestamp":"2023-11-09 14:49:28"},{"nodeID":"1377144","text":"Amelie: Jacob Rees-Mogg: I was only there for seven weeks","type":"L","timestamp":"2023-11-09 14:49:28"},{"nodeID":"1377145","text":"Asserting","type":"YA","timestamp":"2023-11-09 14:49:28"},{"nodeID":"1377146","text":"working from home can be fine","type":"I","timestamp":"2023-11-09 14:49:29"},{"nodeID":"1377147","text":"Jacob Rees-Mogg: working from home can be fine, as Peter says","type":"L","timestamp":"2023-11-09 14:49:29"},{"nodeID":"1377148","text":"Analysing","type":"YA","timestamp":"2023-11-09 14:49:29"},{"nodeID":"1377149","text":"Amelie: Jacob Rees-Mogg: working from home can be fine, as Peter says","type":"L","timestamp":"2023-11-09 14:49:29"},{"nodeID":"1377150","text":"Peter Hitchens: working from home can be fine","type":"L","timestamp":"2023-11-09 14:49:29"},{"nodeID":"1377151","text":"Analysing","type":"YA","timestamp":"2023-11-09 14:49:29"},{"nodeID":"1377152","text":"Amelie: Peter Hitchens: working from home can be fine, as Peter says","type":"L","timestamp":"2023-11-09 14:49:29"},{"nodeID":"1377153","text":"Asserting","type":"YA","timestamp":"2023-11-09 14:49:29"},{"nodeID":"1377154","text":"Asserting","type":"YA","timestamp":"2023-11-09 14:49:29"},{"nodeID":"1377155","text":"there is a place for flexible working","type":"I","timestamp":"2023-11-09 14:49:29"},{"nodeID":"1377156","text":"Jacob Rees-Mogg: there is a place for flexible working","type":"L","timestamp":"2023-11-09 14:49:29"},{"nodeID":"1377157","text":"Analysing","type":"YA","timestamp":"2023-11-09 14:49:29"},{"nodeID":"1377158","text":"Amelie: Jacob Rees-Mogg: there is a place for flexible working","type":"L","timestamp":"2023-11-09 14:49:29"},{"nodeID":"1377159","text":"Asserting","type":"YA","timestamp":"2023-11-09 14:49:29"},{"nodeID":"1377160","text":"when the pandemic struck, it was very important that we kept as much going as possible","type":"I","timestamp":"2023-11-09 14:49:30"},{"nodeID":"1377161","text":"Jacob Rees-Mogg: when the pandemic struck, it was very important that we kept as much going as possible","type":"L","timestamp":"2023-11-09 14:49:30"},{"nodeID":"1377162","text":"Analysing","type":"YA","timestamp":"2023-11-09 14:49:30"},{"nodeID":"1377163","text":"Amelie: Jacob Rees-Mogg: when the pandemic struck, it was very important that we kept as much going as possible","type":"L","timestamp":"2023-11-09 14:49:30"},{"nodeID":"1377164","text":"Asserting","type":"YA","timestamp":"2023-11-09 14:49:30"},{"nodeID":"1377165","text":"Jacob Rees-Mogg was actually very keen on Parliament carrying on when the pandemic struck","type":"I","timestamp":"2023-11-09 14:49:31"},{"nodeID":"1377166","text":"Jacob Rees-Mogg: I was actually very keen on Parliament carrying on","type":"L","timestamp":"2023-11-09 14:49:31"},{"nodeID":"1377167","text":"Analysing","type":"YA","timestamp":"2023-11-09 14:49:31"},{"nodeID":"1377168","text":"Amelie: Jacob Rees-Mogg: I was actually very keen on Parliament carrying on","type":"L","timestamp":"2023-11-09 14:49:31"},{"nodeID":"1377169","text":"Asserting","type":"YA","timestamp":"2023-11-09 14:49:31"},{"nodeID":"1377170","text":"Default Transition","type":"TA","timestamp":"2023-11-09 14:49:31"},{"nodeID":"1377171","text":"Default Rephrase","type":"MA","timestamp":"2023-11-09 14:49:31"},{"nodeID":"1377172","text":"Restating","type":"YA","timestamp":"2023-11-09 14:49:31"},{"nodeID":"1377173","text":"Default Transition","type":"TA","timestamp":"2023-11-09 14:49:31"},{"nodeID":"1377174","text":"Default Transition","type":"TA","timestamp":"2023-11-09 14:49:31"},{"nodeID":"1377175","text":"Default Rephrase","type":"MA","timestamp":"2023-11-09 14:49:31"},{"nodeID":"1377176","text":"Restating","type":"YA","timestamp":"2023-11-09 14:49:31"},{"nodeID":"1377177","text":"Default Transition","type":"TA","timestamp":"2023-11-09 14:49:31"},{"nodeID":"1377178","text":"Default Transition","type":"TA","timestamp":"2023-11-09 14:49:31"},{"nodeID":"1377179","text":"Default Rephrase","type":"MA","timestamp":"2023-11-09 14:49:31"},{"nodeID":"1377180","text":"Restating","type":"YA","timestamp":"2023-11-09 14:49:31"},{"nodeID":"1377181","text":"to keep Parliament going it had to be remote","type":"I","timestamp":"2023-11-09 14:49:31"},{"nodeID":"1377182","text":"Jacob Rees-Mogg: to do that it had to be remote","type":"L","timestamp":"2023-11-09 14:49:31"},{"nodeID":"1377183","text":"Analysing","type":"YA","timestamp":"2023-11-09 14:49:31"},{"nodeID":"1377184","text":"Amelie: Jacob Rees-Mogg: to do that it had to be remote","type":"L","timestamp":"2023-11-09 14:49:31"},{"nodeID":"1377185","text":"Asserting","type":"YA","timestamp":"2023-11-09 14:49:31"},{"nodeID":"1377186","text":"Default Transition","type":"TA","timestamp":"2023-11-09 14:49:31"},{"nodeID":"1377187","text":"Default Inference","type":"RA","timestamp":"2023-11-09 14:49:31"},{"nodeID":"1377188","text":"Arguing","type":"YA","timestamp":"2023-11-09 14:49:31"}],"edges":[{"edgeID":"1800594","fromID":"1377138","toID":"1377137","formEdgeID":null},{"edgeID":"1800595","fromID":"1377139","toID":"1377138","formEdgeID":null},{"edgeID":"1800596","fromID":"1377137","toID":"1377140","formEdgeID":null},{"edgeID":"1800597","fromID":"1377140","toID":"1377136","formEdgeID":null},{"edgeID":"1800598","fromID":"1377143","toID":"1377142","formEdgeID":null},{"edgeID":"1800599","fromID":"1377144","toID":"1377143","formEdgeID":null},{"edgeID":"1800600","fromID":"1377142","toID":"1377145","formEdgeID":null},{"edgeID":"1800601","fromID":"1377145","toID":"1377141","formEdgeID":null},{"edgeID":"1800602","fromID":"1377148","toID":"1377147","formEdgeID":null},{"edgeID":"1800603","fromID":"1377149","toID":"1377148","formEdgeID":null},{"edgeID":"1800604","fromID":"1377151","toID":"1377150","formEdgeID":null},{"edgeID":"1800605","fromID":"1377152","toID":"1377151","formEdgeID":null},{"edgeID":"1800606","fromID":"1377150","toID":"1377153","formEdgeID":null},{"edgeID":"1800607","fromID":"1377153","toID":"1377146","formEdgeID":null},{"edgeID":"1800608","fromID":"1377147","toID":"1377154","formEdgeID":null},{"edgeID":"1800609","fromID":"1377154","toID":"1377150","formEdgeID":null},{"edgeID":"1800610","fromID":"1377157","toID":"1377156","formEdgeID":null},{"edgeID":"1800611","fromID":"1377158","toID":"1377157","formEdgeID":null},{"edgeID":"1800612","fromID":"1377156","toID":"1377159","formEdgeID":null},{"edgeID":"1800613","fromID":"1377159","toID":"1377155","formEdgeID":null},{"edgeID":"1800614","fromID":"1377162","toID":"1377161","formEdgeID":null},{"edgeID":"1800615","fromID":"1377163","toID":"1377162","formEdgeID":null},{"edgeID":"1800616","fromID":"1377161","toID":"1377164","formEdgeID":null},{"edgeID":"1800617","fromID":"1377164","toID":"1377160","formEdgeID":null},{"edgeID":"1800618","fromID":"1377167","toID":"1377166","formEdgeID":null},{"edgeID":"1800619","fromID":"1377168","toID":"1377167","formEdgeID":null},{"edgeID":"1800620","fromID":"1377166","toID":"1377169","formEdgeID":null},{"edgeID":"1800621","fromID":"1377169","toID":"1377165","formEdgeID":null},{"edgeID":"1800622","fromID":"1377161","toID":"1377170","formEdgeID":null},{"edgeID":"1800623","fromID":"1377170","toID":"1377166","formEdgeID":null},{"edgeID":"1800624","fromID":"1377165","toID":"1377171","formEdgeID":null},{"edgeID":"1800625","fromID":"1377171","toID":"1377160","formEdgeID":null},{"edgeID":"1800626","fromID":"1377170","toID":"1377172","formEdgeID":null},{"edgeID":"1800627","fromID":"1377172","toID":"1377171","formEdgeID":null},{"edgeID":"1800628","fromID":"1377147","toID":"1377173","formEdgeID":null},{"edgeID":"1800629","fromID":"1377173","toID":"1377156","formEdgeID":null},{"edgeID":"1800630","fromID":"1377156","toID":"1377174","formEdgeID":null},{"edgeID":"1800631","fromID":"1377174","toID":"1377161","formEdgeID":null},{"edgeID":"1800632","fromID":"1377155","toID":"1377175","formEdgeID":null},{"edgeID":"1800633","fromID":"1377175","toID":"1377146","formEdgeID":null},{"edgeID":"1800634","fromID":"1377173","toID":"1377176","formEdgeID":null},{"edgeID":"1800635","fromID":"1377176","toID":"1377175","formEdgeID":null},{"edgeID":"1800636","fromID":"1377137","toID":"1377177","formEdgeID":null},{"edgeID":"1800637","fromID":"1377177","toID":"1377142","formEdgeID":null},{"edgeID":"1800638","fromID":"1377142","toID":"1377178","formEdgeID":null},{"edgeID":"1800639","fromID":"1377178","toID":"1377147","formEdgeID":null},{"edgeID":"1800640","fromID":"1377141","toID":"1377179","formEdgeID":null},{"edgeID":"1800641","fromID":"1377179","toID":"1377136","formEdgeID":null},{"edgeID":"1800642","fromID":"1377177","toID":"1377180","formEdgeID":null},{"edgeID":"1800643","fromID":"1377180","toID":"1377179","formEdgeID":null},{"edgeID":"1800644","fromID":"1377183","toID":"1377182","formEdgeID":null},{"edgeID":"1800645","fromID":"1377184","toID":"1377183","formEdgeID":null},{"edgeID":"1800646","fromID":"1377182","toID":"1377185","formEdgeID":null},{"edgeID":"1800647","fromID":"1377185","toID":"1377181","formEdgeID":null},{"edgeID":"1800648","fromID":"1377166","toID":"1377186","formEdgeID":null},{"edgeID":"1800649","fromID":"1377186","toID":"1377182","formEdgeID":null},{"edgeID":"1800650","fromID":"1377165","toID":"1377187","formEdgeID":null},{"edgeID":"1800651","fromID":"1377187","toID":"1377181","formEdgeID":null},{"edgeID":"1800652","fromID":"1377186","toID":"1377188","formEdgeID":null},{"edgeID":"1800653","fromID":"1377188","toID":"1377187","formEdgeID":null}],"locutions":[]}