{"nodes":[{"nodeID":"1376885","text":"sometimes, people should work from home, or may need to work from home","type":"I","timestamp":"2023-11-09 14:49:06"},{"nodeID":"1376886","text":"Peter Hitchens: sometimes, people should work from home, or may need to work from home","type":"L","timestamp":"2023-11-09 14:49:06"},{"nodeID":"1376887","text":"Analysing","type":"YA","timestamp":"2023-11-09 14:49:06"},{"nodeID":"1376888","text":"Anon: Peter Hitchens: sometimes, people should work from home, or may need to work from home","type":"L","timestamp":"2023-11-09 14:49:06"},{"nodeID":"1376889","text":"Asserting","type":"YA","timestamp":"2023-11-09 14:49:06"},{"nodeID":"1376890","text":"in general, working from home is not good for some people","type":"I","timestamp":"2023-11-09 14:49:07"},{"nodeID":"1376891","text":"Peter Hitchens: in general, it's not good for other people","type":"L","timestamp":"2023-11-09 14:49:07"},{"nodeID":"1376892","text":"Analysing","type":"YA","timestamp":"2023-11-09 14:49:07"},{"nodeID":"1376893","text":"Anon: Peter Hitchens: in general, it's not good for other people","type":"L","timestamp":"2023-11-09 14:49:07"},{"nodeID":"1376894","text":"Asserting","type":"YA","timestamp":"2023-11-09 14:49:07"},{"nodeID":"1376895","text":"Default Transition","type":"TA","timestamp":"2023-11-09 14:49:07"},{"nodeID":"1376896","text":"Default Conflict","type":"CA","timestamp":"2023-11-09 14:49:07"},{"nodeID":"1376897","text":"Disagreeing","type":"YA","timestamp":"2023-11-09 14:49:07"},{"nodeID":"1376898","text":"anybody who tries to do any kind of Government agency at the moment, or large firm, will know how much worse the service is as a result of working from home","type":"I","timestamp":"2023-11-09 14:49:08"},{"nodeID":"1376899","text":"Peter Hitchens: Anybody who tries to do any kind of Government agency at the moment, or large firm will know how much worse the service is as a result","type":"L","timestamp":"2023-11-09 14:49:08"},{"nodeID":"1376900","text":"Analysing","type":"YA","timestamp":"2023-11-09 14:49:08"},{"nodeID":"1376901","text":"Anon: Peter Hitchens: Anybody who tries to do any kind of Government agency at the moment, or large firm, many of whose staff are still working from home, will know how much worse the service is as a result","type":"L","timestamp":"2023-11-09 14:49:08"},{"nodeID":"1376902","text":"Asserting","type":"YA","timestamp":"2023-11-09 14:49:08"},{"nodeID":"1376903","text":"Default Inference","type":"RA","timestamp":"2023-11-09 14:49:08"},{"nodeID":"1376904","text":"Default Transition","type":"TA","timestamp":"2023-11-09 14:49:08"},{"nodeID":"1376905","text":"Arguing","type":"YA","timestamp":"2023-11-09 14:49:08"},{"nodeID":"1376906","text":"many staff of Government agencies and large firms are still working from home","type":"I","timestamp":"2023-11-09 14:49:08"},{"nodeID":"1376907","text":"Peter Hitchens: many of whose staff are still working from home","type":"L","timestamp":"2023-11-09 14:49:08"},{"nodeID":"1376908","text":"Analysing","type":"YA","timestamp":"2023-11-09 14:49:08"},{"nodeID":"1376909","text":"Anon: Peter Hitchens: many of whose staff are still working from home","type":"L","timestamp":"2023-11-09 14:49:08"},{"nodeID":"1376910","text":"Asserting","type":"YA","timestamp":"2023-11-09 14:49:08"},{"nodeID":"1376911","text":"Default Transition","type":"TA","timestamp":"2023-11-09 14:49:08"},{"nodeID":"1376912","text":"Default Rephrase","type":"MA","timestamp":"2023-11-09 14:49:08"},{"nodeID":"1376913","text":"Restating","type":"YA","timestamp":"2023-11-09 14:49:08"},{"nodeID":"1376914","text":"working from home should not be a normal thing","type":"I","timestamp":"2023-11-09 14:49:09"},{"nodeID":"1376915","text":"Peter Hitchens: I don't think it should be a normal thing","type":"L","timestamp":"2023-11-09 14:49:09"},{"nodeID":"1376916","text":"Analysing","type":"YA","timestamp":"2023-11-09 14:49:09"},{"nodeID":"1376917","text":"Anon: Peter Hitchens: I don't think it should be a normal thing","type":"L","timestamp":"2023-11-09 14:49:09"},{"nodeID":"1376918","text":"Asserting","type":"YA","timestamp":"2023-11-09 14:49:09"},{"nodeID":"1376919","text":"Default Transition","type":"TA","timestamp":"2023-11-09 14:49:09"},{"nodeID":"1376920","text":"Default Inference","type":"RA","timestamp":"2023-11-09 14:49:09"},{"nodeID":"1376921","text":"Arguing","type":"YA","timestamp":"2023-11-09 14:49:09"},{"nodeID":"1376922","text":"people working from home was one of the many grave pieces of damage done by the COVID panic","type":"I","timestamp":"2023-11-09 14:49:10"},{"nodeID":"1376923","text":"Peter Hitchens: it was one of the many grave pieces of damage done by the COVID panic","type":"L","timestamp":"2023-11-09 14:49:10"},{"nodeID":"1376924","text":"Analysing","type":"YA","timestamp":"2023-11-09 14:49:10"},{"nodeID":"1376925","text":"Anon: Peter Hitchens: it was one of the many grave pieces of damage done by the COVID panic","type":"L","timestamp":"2023-11-09 14:49:10"},{"nodeID":"1376926","text":"Asserting","type":"YA","timestamp":"2023-11-09 14:49:10"},{"nodeID":"1376927","text":"Default Transition","type":"TA","timestamp":"2023-11-09 14:49:10"},{"nodeID":"1376928","text":"Default Rephrase","type":"MA","timestamp":"2023-11-09 14:49:10"},{"nodeID":"1376929","text":"Restating","type":"YA","timestamp":"2023-11-09 14:49:10"},{"nodeID":"1376930","text":"it's time we recovered from working from home","type":"I","timestamp":"2023-11-09 14:49:10"},{"nodeID":"1376931","text":"Peter Hitchens: it's time we recovered from it","type":"L","timestamp":"2023-11-09 14:49:10"},{"nodeID":"1376932","text":"Analysing","type":"YA","timestamp":"2023-11-09 14:49:10"},{"nodeID":"1376933","text":"Anon: Peter Hitchens: it's time we recovered from it","type":"L","timestamp":"2023-11-09 14:49:10"},{"nodeID":"1376934","text":"Asserting","type":"YA","timestamp":"2023-11-09 14:49:10"},{"nodeID":"1376935","text":"Default Inference","type":"RA","timestamp":"2023-11-09 14:49:10"},{"nodeID":"1376936","text":"Default Transition","type":"TA","timestamp":"2023-11-09 14:49:10"},{"nodeID":"1376937","text":"Arguing","type":"YA","timestamp":"2023-11-09 14:49:10"},{"nodeID":"1376938","text":"Peter Hitchens is lucky","type":"I","timestamp":"2023-11-09 14:49:11"},{"nodeID":"1376939","text":"Peter Hitchens: I'm lucky, myself","type":"L","timestamp":"2023-11-09 14:49:11"},{"nodeID":"1376940","text":"Analysing","type":"YA","timestamp":"2023-11-09 14:49:11"},{"nodeID":"1376941","text":"Anon: Peter Hitchens: I'm lucky, myself","type":"L","timestamp":"2023-11-09 14:49:11"},{"nodeID":"1376942","text":"Asserting","type":"YA","timestamp":"2023-11-09 14:49:11"},{"nodeID":"1376943","text":"Default Transition","type":"TA","timestamp":"2023-11-09 14:49:11"},{"nodeID":"1376944","text":"Peter Hitchens doesn't much like working from home","type":"I","timestamp":"2023-11-09 14:49:11"},{"nodeID":"1376945","text":"Peter Hitchens: I don't much like working from home","type":"L","timestamp":"2023-11-09 14:49:11"},{"nodeID":"1376946","text":"Analysing","type":"YA","timestamp":"2023-11-09 14:49:11"},{"nodeID":"1376947","text":"Anon: Peter Hitchens: I don't much like working from home","type":"L","timestamp":"2023-11-09 14:49:11"},{"nodeID":"1376948","text":"Asserting","type":"YA","timestamp":"2023-11-09 14:49:11"},{"nodeID":"1376949","text":"Peter Hitchens has tried working from home","type":"I","timestamp":"2023-11-09 14:49:12"},{"nodeID":"1376950","text":"Peter Hitchens: I've tried it","type":"L","timestamp":"2023-11-09 14:49:12"},{"nodeID":"1376951","text":"Analysing","type":"YA","timestamp":"2023-11-09 14:49:12"},{"nodeID":"1376952","text":"Anon: Peter Hitchens: I've tried it","type":"L","timestamp":"2023-11-09 14:49:12"},{"nodeID":"1376953","text":"Asserting","type":"YA","timestamp":"2023-11-09 14:49:12"},{"nodeID":"1376954","text":"Peter Hitchens worked from home twice before","type":"I","timestamp":"2023-11-09 14:49:13"},{"nodeID":"1376955","text":"Peter Hitchens: I worked from home twice before","type":"L","timestamp":"2023-11-09 14:49:13"},{"nodeID":"1376956","text":"Analysing","type":"YA","timestamp":"2023-11-09 14:49:13"},{"nodeID":"1376957","text":"Anon: Peter Hitchens: I worked from home twice before","type":"L","timestamp":"2023-11-09 14:49:13"},{"nodeID":"1376958","text":"Asserting","type":"YA","timestamp":"2023-11-09 14:49:13"},{"nodeID":"1376959","text":"Default Transition","type":"TA","timestamp":"2023-11-09 14:49:13"},{"nodeID":"1376960","text":"Default Rephrase","type":"MA","timestamp":"2023-11-09 14:49:13"},{"nodeID":"1376961","text":"Restating","type":"YA","timestamp":"2023-11-09 14:49:13"},{"nodeID":"1376962","text":"you're neither at home, nor at work, and also you're much too close to the refrigerator","type":"I","timestamp":"2023-11-09 14:49:13"},{"nodeID":"1376963","text":"Peter Hitchens: you're neither at home, nor at work, and also you're much too close to the refrigerator","type":"L","timestamp":"2023-11-09 14:49:13"},{"nodeID":"1376964","text":"Analysing","type":"YA","timestamp":"2023-11-09 14:49:13"},{"nodeID":"1376965","text":"Anon: Peter Hitchens: you're neither at home, nor at work, and also you're much too close to the refrigerator","type":"L","timestamp":"2023-11-09 14:49:13"},{"nodeID":"1376966","text":"Asserting","type":"YA","timestamp":"2023-11-09 14:49:13"},{"nodeID":"1376967","text":"Default Transition","type":"TA","timestamp":"2023-11-09 14:49:13"},{"nodeID":"1376968","text":"Default Transition","type":"TA","timestamp":"2023-11-09 14:49:13"},{"nodeID":"1376969","text":"Default Inference","type":"RA","timestamp":"2023-11-09 14:49:13"},{"nodeID":"1376970","text":"Arguing","type":"YA","timestamp":"2023-11-09 14:49:13"},{"nodeID":"1376971","text":"in general, Peter Hitchens is against working from home","type":"I","timestamp":"2023-11-09 14:49:14"},{"nodeID":"1376972","text":"Peter Hitchens: in general, I'm against it","type":"L","timestamp":"2023-11-09 14:49:14"},{"nodeID":"1376973","text":"Analysing","type":"YA","timestamp":"2023-11-09 14:49:14"},{"nodeID":"1376974","text":"Anon: Peter Hitchens: in general, I'm against it","type":"L","timestamp":"2023-11-09 14:49:14"},{"nodeID":"1376975","text":"Asserting","type":"YA","timestamp":"2023-11-09 14:49:14"},{"nodeID":"1376976","text":"Default Inference","type":"RA","timestamp":"2023-11-09 14:49:14"},{"nodeID":"1376977","text":"Arguing","type":"YA","timestamp":"2023-11-09 14:49:14"},{"nodeID":"1376978","text":"Default Inference","type":"RA","timestamp":"2023-11-09 14:49:14"},{"nodeID":"1376979","text":"Default Transition","type":"TA","timestamp":"2023-11-09 14:49:14"},{"nodeID":"1376980","text":"Arguing","type":"YA","timestamp":"2023-11-09 14:49:14"},{"nodeID":"1376981","text":"Default Transition","type":"TA","timestamp":"2023-11-09 14:49:14"},{"nodeID":"1376982","text":"Default Inference","type":"RA","timestamp":"2023-11-09 14:49:14"},{"nodeID":"1376983","text":"Arguing","type":"YA","timestamp":"2023-11-09 14:49:14"},{"nodeID":"1376984","text":"some people prefer working from home","type":"I","timestamp":"2023-11-09 14:49:15"},{"nodeID":"1376985","text":"Peter Hitchens: some people prefer it","type":"L","timestamp":"2023-11-09 14:49:15"},{"nodeID":"1376986","text":"Analysing","type":"YA","timestamp":"2023-11-09 14:49:15"},{"nodeID":"1376987","text":"Anon: Peter Hitchens: some people prefer it","type":"L","timestamp":"2023-11-09 14:49:15"},{"nodeID":"1376988","text":"Asserting","type":"YA","timestamp":"2023-11-09 14:49:15"},{"nodeID":"1376989","text":"Default Transition","type":"TA","timestamp":"2023-11-09 14:49:15"},{"nodeID":"1376990","text":"Default Rephrase","type":"MA","timestamp":"2023-11-09 14:49:15"},{"nodeID":"1376991","text":"Restating","type":"YA","timestamp":"2023-11-09 14:49:15"},{"nodeID":"1376992","text":"you want to give any kind of service to the public","type":"I","timestamp":"2023-11-09 14:49:15"},{"nodeID":"1376993","text":"Peter Hitchens: you want to give any kind of service to the public","type":"L","timestamp":"2023-11-09 14:49:15"},{"nodeID":"1376994","text":"Analysing","type":"YA","timestamp":"2023-11-09 14:49:15"},{"nodeID":"1376995","text":"Anon: Peter Hitchens: you want to give any kind of service to the public","type":"L","timestamp":"2023-11-09 14:49:15"},{"nodeID":"1376996","text":"Asserting","type":"YA","timestamp":"2023-11-09 14:49:15"},{"nodeID":"1376997","text":"you're not working from a proper place of employment, or a ministry, or a passport office, or whatever it is","type":"I","timestamp":"2023-11-09 14:49:16"},{"nodeID":"1376998","text":"Peter Hitchens: you're not working from a proper place of employment, or a ministry, or a passport office, or whatever it is","type":"L","timestamp":"2023-11-09 14:49:16"},{"nodeID":"1376999","text":"Analysing","type":"YA","timestamp":"2023-11-09 14:49:16"},{"nodeID":"1377000","text":"Anon: Peter Hitchens: you're not working from a proper place of employment, or a ministry, or a passport office, or whatever it is","type":"L","timestamp":"2023-11-09 14:49:16"},{"nodeID":"1377001","text":"Asserting","type":"YA","timestamp":"2023-11-09 14:49:16"},{"nodeID":"1377002","text":"the public service will be worse","type":"I","timestamp":"2023-11-09 14:49:17"},{"nodeID":"1377003","text":"Peter Hitchens: the service will be worse","type":"L","timestamp":"2023-11-09 14:49:17"},{"nodeID":"1377004","text":"Analysing","type":"YA","timestamp":"2023-11-09 14:49:17"},{"nodeID":"1377005","text":"Anon: Peter Hitchens: the service will be worse","type":"L","timestamp":"2023-11-09 14:49:17"},{"nodeID":"1377006","text":"Asserting","type":"YA","timestamp":"2023-11-09 14:49:17"},{"nodeID":"1377007","text":"Default Transition","type":"TA","timestamp":"2023-11-09 14:49:17"},{"nodeID":"1377008","text":"Default Inference","type":"RA","timestamp":"2023-11-09 14:49:17"},{"nodeID":"1377009","text":"Default Transition","type":"TA","timestamp":"2023-11-09 14:49:17"},{"nodeID":"1377010","text":"Default Transition","type":"TA","timestamp":"2023-11-09 14:49:17"},{"nodeID":"1377011","text":"Arguing","type":"YA","timestamp":"2023-11-09 14:49:17"},{"nodeID":"1377012","text":"we all suffer from the public service being worse","type":"I","timestamp":"2023-11-09 14:49:17"},{"nodeID":"1377013","text":"Peter Hitchens: we all suffer from that","type":"L","timestamp":"2023-11-09 14:49:17"},{"nodeID":"1377014","text":"Analysing","type":"YA","timestamp":"2023-11-09 14:49:17"},{"nodeID":"1377015","text":"Anon: Peter Hitchens: we all suffer from that","type":"L","timestamp":"2023-11-09 14:49:17"},{"nodeID":"1377016","text":"Asserting","type":"YA","timestamp":"2023-11-09 14:49:17"},{"nodeID":"1377017","text":"Default Transition","type":"TA","timestamp":"2023-11-09 14:49:17"},{"nodeID":"1377018","text":"Default Inference","type":"RA","timestamp":"2023-11-09 14:49:17"},{"nodeID":"1377019","text":"Arguing","type":"YA","timestamp":"2023-11-09 14:49:17"},{"nodeID":"1377020","text":"Default Transition","type":"TA","timestamp":"2023-11-09 14:49:17"},{"nodeID":"1377021","text":"Default Transition","type":"TA","timestamp":"2023-11-09 14:49:17"},{"nodeID":"1377022","text":"Default Rephrase","type":"MA","timestamp":"2023-11-09 14:49:17"},{"nodeID":"1377023","text":"Restating","type":"YA","timestamp":"2023-11-09 14:49:17"}],"edges":[{"edgeID":"1800292","fromID":"1376887","toID":"1376886","formEdgeID":null},{"edgeID":"1800293","fromID":"1376888","toID":"1376887","formEdgeID":null},{"edgeID":"1800294","fromID":"1376889","toID":"1376885","formEdgeID":null},{"edgeID":"1800295","fromID":"1376886","toID":"1376889","formEdgeID":null},{"edgeID":"1800296","fromID":"1376892","toID":"1376891","formEdgeID":null},{"edgeID":"1800297","fromID":"1376893","toID":"1376892","formEdgeID":null},{"edgeID":"1800298","fromID":"1376891","toID":"1376894","formEdgeID":null},{"edgeID":"1800299","fromID":"1376894","toID":"1376890","formEdgeID":null},{"edgeID":"1800300","fromID":"1376886","toID":"1376895","formEdgeID":null},{"edgeID":"1800301","fromID":"1376895","toID":"1376891","formEdgeID":null},{"edgeID":"1800302","fromID":"1376890","toID":"1376896","formEdgeID":null},{"edgeID":"1800303","fromID":"1376896","toID":"1376885","formEdgeID":null},{"edgeID":"1800304","fromID":"1376895","toID":"1376897","formEdgeID":null},{"edgeID":"1800305","fromID":"1376897","toID":"1376896","formEdgeID":null},{"edgeID":"1800306","fromID":"1376900","toID":"1376899","formEdgeID":null},{"edgeID":"1800307","fromID":"1376901","toID":"1376900","formEdgeID":null},{"edgeID":"1800308","fromID":"1376899","toID":"1376902","formEdgeID":null},{"edgeID":"1800309","fromID":"1376902","toID":"1376898","formEdgeID":null},{"edgeID":"1800310","fromID":"1376898","toID":"1376903","formEdgeID":null},{"edgeID":"1800311","fromID":"1376903","toID":"1376890","formEdgeID":null},{"edgeID":"1800312","fromID":"1376891","toID":"1376904","formEdgeID":null},{"edgeID":"1800313","fromID":"1376904","toID":"1376899","formEdgeID":null},{"edgeID":"1800314","fromID":"1376904","toID":"1376905","formEdgeID":null},{"edgeID":"1800315","fromID":"1376905","toID":"1376903","formEdgeID":null},{"edgeID":"1800316","fromID":"1376908","toID":"1376907","formEdgeID":null},{"edgeID":"1800317","fromID":"1376909","toID":"1376908","formEdgeID":null},{"edgeID":"1800318","fromID":"1376907","toID":"1376910","formEdgeID":null},{"edgeID":"1800319","fromID":"1376910","toID":"1376906","formEdgeID":null},{"edgeID":"1800320","fromID":"1376899","toID":"1376911","formEdgeID":null},{"edgeID":"1800321","fromID":"1376911","toID":"1376907","formEdgeID":null},{"edgeID":"1800322","fromID":"1376906","toID":"1376912","formEdgeID":null},{"edgeID":"1800323","fromID":"1376912","toID":"1376898","formEdgeID":null},{"edgeID":"1800324","fromID":"1376911","toID":"1376913","formEdgeID":null},{"edgeID":"1800325","fromID":"1376913","toID":"1376912","formEdgeID":null},{"edgeID":"1800326","fromID":"1376916","toID":"1376915","formEdgeID":null},{"edgeID":"1800327","fromID":"1376917","toID":"1376916","formEdgeID":null},{"edgeID":"1800328","fromID":"1376915","toID":"1376918","formEdgeID":null},{"edgeID":"1800329","fromID":"1376918","toID":"1376914","formEdgeID":null},{"edgeID":"1800330","fromID":"1376891","toID":"1376919","formEdgeID":null},{"edgeID":"1800331","fromID":"1376919","toID":"1376915","formEdgeID":null},{"edgeID":"1800332","fromID":"1376890","toID":"1376920","formEdgeID":null},{"edgeID":"1800333","fromID":"1376920","toID":"1376914","formEdgeID":null},{"edgeID":"1800334","fromID":"1376919","toID":"1376921","formEdgeID":null},{"edgeID":"1800335","fromID":"1376921","toID":"1376920","formEdgeID":null},{"edgeID":"1800336","fromID":"1376924","toID":"1376923","formEdgeID":null},{"edgeID":"1800337","fromID":"1376925","toID":"1376924","formEdgeID":null},{"edgeID":"1800338","fromID":"1376923","toID":"1376926","formEdgeID":null},{"edgeID":"1800339","fromID":"1376926","toID":"1376922","formEdgeID":null},{"edgeID":"1800340","fromID":"1376915","toID":"1376927","formEdgeID":null},{"edgeID":"1800341","fromID":"1376927","toID":"1376923","formEdgeID":null},{"edgeID":"1800342","fromID":"1376922","toID":"1376928","formEdgeID":null},{"edgeID":"1800343","fromID":"1376928","toID":"1376914","formEdgeID":null},{"edgeID":"1800344","fromID":"1376927","toID":"1376929","formEdgeID":null},{"edgeID":"1800345","fromID":"1376929","toID":"1376928","formEdgeID":null},{"edgeID":"1800346","fromID":"1376932","toID":"1376931","formEdgeID":null},{"edgeID":"1800347","fromID":"1376933","toID":"1376932","formEdgeID":null},{"edgeID":"1800348","fromID":"1376931","toID":"1376934","formEdgeID":null},{"edgeID":"1800349","fromID":"1376934","toID":"1376930","formEdgeID":null},{"edgeID":"1800350","fromID":"1376922","toID":"1376935","formEdgeID":null},{"edgeID":"1800351","fromID":"1376935","toID":"1376930","formEdgeID":null},{"edgeID":"1800352","fromID":"1376923","toID":"1376936","formEdgeID":null},{"edgeID":"1800353","fromID":"1376936","toID":"1376931","formEdgeID":null},{"edgeID":"1800354","fromID":"1376936","toID":"1376937","formEdgeID":null},{"edgeID":"1800355","fromID":"1376937","toID":"1376935","formEdgeID":null},{"edgeID":"1800356","fromID":"1376940","toID":"1376939","formEdgeID":null},{"edgeID":"1800357","fromID":"1376941","toID":"1376940","formEdgeID":null},{"edgeID":"1800358","fromID":"1376939","toID":"1376942","formEdgeID":null},{"edgeID":"1800359","fromID":"1376942","toID":"1376938","formEdgeID":null},{"edgeID":"1800360","fromID":"1376931","toID":"1376943","formEdgeID":null},{"edgeID":"1800361","fromID":"1376943","toID":"1376939","formEdgeID":null},{"edgeID":"1800362","fromID":"1376946","toID":"1376945","formEdgeID":null},{"edgeID":"1800363","fromID":"1376947","toID":"1376946","formEdgeID":null},{"edgeID":"1800364","fromID":"1376945","toID":"1376948","formEdgeID":null},{"edgeID":"1800365","fromID":"1376948","toID":"1376944","formEdgeID":null},{"edgeID":"1800366","fromID":"1376951","toID":"1376950","formEdgeID":null},{"edgeID":"1800367","fromID":"1376952","toID":"1376951","formEdgeID":null},{"edgeID":"1800368","fromID":"1376950","toID":"1376953","formEdgeID":null},{"edgeID":"1800369","fromID":"1376953","toID":"1376949","formEdgeID":null},{"edgeID":"1800370","fromID":"1376956","toID":"1376955","formEdgeID":null},{"edgeID":"1800371","fromID":"1376957","toID":"1376956","formEdgeID":null},{"edgeID":"1800372","fromID":"1376955","toID":"1376958","formEdgeID":null},{"edgeID":"1800373","fromID":"1376958","toID":"1376954","formEdgeID":null},{"edgeID":"1800374","fromID":"1376950","toID":"1376959","formEdgeID":null},{"edgeID":"1800375","fromID":"1376959","toID":"1376955","formEdgeID":null},{"edgeID":"1800376","fromID":"1376954","toID":"1376960","formEdgeID":null},{"edgeID":"1800377","fromID":"1376960","toID":"1376949","formEdgeID":null},{"edgeID":"1800378","fromID":"1376959","toID":"1376961","formEdgeID":null},{"edgeID":"1800379","fromID":"1376961","toID":"1376960","formEdgeID":null},{"edgeID":"1800380","fromID":"1376964","toID":"1376963","formEdgeID":null},{"edgeID":"1800381","fromID":"1376965","toID":"1376964","formEdgeID":null},{"edgeID":"1800382","fromID":"1376963","toID":"1376966","formEdgeID":null},{"edgeID":"1800383","fromID":"1376966","toID":"1376962","formEdgeID":null},{"edgeID":"1800384","fromID":"1376950","toID":"1376967","formEdgeID":null},{"edgeID":"1800385","fromID":"1376967","toID":"1376963","formEdgeID":null},{"edgeID":"1800386","fromID":"1376945","toID":"1376968","formEdgeID":null},{"edgeID":"1800387","fromID":"1376968","toID":"1376963","formEdgeID":null},{"edgeID":"1800388","fromID":"1376962","toID":"1376969","formEdgeID":null},{"edgeID":"1800389","fromID":"1376969","toID":"1376944","formEdgeID":null},{"edgeID":"1800390","fromID":"1376968","toID":"1376970","formEdgeID":null},{"edgeID":"1800391","fromID":"1376970","toID":"1376969","formEdgeID":null},{"edgeID":"1800392","fromID":"1376973","toID":"1376972","formEdgeID":null},{"edgeID":"1800393","fromID":"1376974","toID":"1376973","formEdgeID":null},{"edgeID":"1800394","fromID":"1376975","toID":"1376971","formEdgeID":null},{"edgeID":"1800395","fromID":"1376972","toID":"1376975","formEdgeID":null},{"edgeID":"1800396","fromID":"1376962","toID":"1376976","formEdgeID":null},{"edgeID":"1800397","fromID":"1376976","toID":"1376949","formEdgeID":null},{"edgeID":"1800398","fromID":"1376967","toID":"1376977","formEdgeID":null},{"edgeID":"1800399","fromID":"1376977","toID":"1376976","formEdgeID":null},{"edgeID":"1800400","fromID":"1376949","toID":"1376978","formEdgeID":null},{"edgeID":"1800401","fromID":"1376978","toID":"1376944","formEdgeID":null},{"edgeID":"1800402","fromID":"1376945","toID":"1376979","formEdgeID":null},{"edgeID":"1800403","fromID":"1376979","toID":"1376950","formEdgeID":null},{"edgeID":"1800404","fromID":"1376979","toID":"1376980","formEdgeID":null},{"edgeID":"1800405","fromID":"1376980","toID":"1376978","formEdgeID":null},{"edgeID":"1800406","fromID":"1376945","toID":"1376981","formEdgeID":null},{"edgeID":"1800407","fromID":"1376981","toID":"1376972","formEdgeID":null},{"edgeID":"1800408","fromID":"1376944","toID":"1376982","formEdgeID":null},{"edgeID":"1800409","fromID":"1376982","toID":"1376971","formEdgeID":null},{"edgeID":"1800410","fromID":"1376981","toID":"1376983","formEdgeID":null},{"edgeID":"1800411","fromID":"1376983","toID":"1376982","formEdgeID":null},{"edgeID":"1800412","fromID":"1376986","toID":"1376985","formEdgeID":null},{"edgeID":"1800413","fromID":"1376987","toID":"1376986","formEdgeID":null},{"edgeID":"1800414","fromID":"1376985","toID":"1376988","formEdgeID":null},{"edgeID":"1800415","fromID":"1376988","toID":"1376984","formEdgeID":null},{"edgeID":"1800416","fromID":"1376886","toID":"1376989","formEdgeID":null},{"edgeID":"1800417","fromID":"1376989","toID":"1376985","formEdgeID":null},{"edgeID":"1800418","fromID":"1376984","toID":"1376990","formEdgeID":null},{"edgeID":"1800419","fromID":"1376990","toID":"1376885","formEdgeID":null},{"edgeID":"1800420","fromID":"1376989","toID":"1376991","formEdgeID":null},{"edgeID":"1800421","fromID":"1376991","toID":"1376990","formEdgeID":null},{"edgeID":"1800422","fromID":"1376994","toID":"1376993","formEdgeID":null},{"edgeID":"1800423","fromID":"1376995","toID":"1376994","formEdgeID":null},{"edgeID":"1800424","fromID":"1376996","toID":"1376992","formEdgeID":null},{"edgeID":"1800425","fromID":"1376993","toID":"1376996","formEdgeID":null},{"edgeID":"1800426","fromID":"1376999","toID":"1376998","formEdgeID":null},{"edgeID":"1800427","fromID":"1377000","toID":"1376999","formEdgeID":null},{"edgeID":"1800428","fromID":"1376998","toID":"1377001","formEdgeID":null},{"edgeID":"1800429","fromID":"1377001","toID":"1376997","formEdgeID":null},{"edgeID":"1800430","fromID":"1377004","toID":"1377003","formEdgeID":null},{"edgeID":"1800431","fromID":"1377005","toID":"1377004","formEdgeID":null},{"edgeID":"1800432","fromID":"1377003","toID":"1377006","formEdgeID":null},{"edgeID":"1800433","fromID":"1377006","toID":"1377002","formEdgeID":null},{"edgeID":"1800434","fromID":"1376998","toID":"1377007","formEdgeID":null},{"edgeID":"1800435","fromID":"1377007","toID":"1377003","formEdgeID":null},{"edgeID":"1800436","fromID":"1376997","toID":"1377008","formEdgeID":null},{"edgeID":"1800437","fromID":"1377008","toID":"1377002","formEdgeID":null},{"edgeID":"1800438","fromID":"1376992","toID":"1377008","formEdgeID":null},{"edgeID":"1800439","fromID":"1376984","toID":"1377008","formEdgeID":null},{"edgeID":"1800440","fromID":"1376993","toID":"1377009","formEdgeID":null},{"edgeID":"1800441","fromID":"1377009","toID":"1377003","formEdgeID":null},{"edgeID":"1800442","fromID":"1376985","toID":"1377010","formEdgeID":null},{"edgeID":"1800443","fromID":"1377010","toID":"1377003","formEdgeID":null},{"edgeID":"1800444","fromID":"1377007","toID":"1377011","formEdgeID":null},{"edgeID":"1800445","fromID":"1377011","toID":"1377008","formEdgeID":null},{"edgeID":"1800446","fromID":"1377014","toID":"1377013","formEdgeID":null},{"edgeID":"1800447","fromID":"1377015","toID":"1377014","formEdgeID":null},{"edgeID":"1800448","fromID":"1377013","toID":"1377016","formEdgeID":null},{"edgeID":"1800449","fromID":"1377016","toID":"1377012","formEdgeID":null},{"edgeID":"1800450","fromID":"1377003","toID":"1377017","formEdgeID":null},{"edgeID":"1800451","fromID":"1377017","toID":"1377013","formEdgeID":null},{"edgeID":"1800452","fromID":"1377002","toID":"1377018","formEdgeID":null},{"edgeID":"1800453","fromID":"1377018","toID":"1377012","formEdgeID":null},{"edgeID":"1800454","fromID":"1377017","toID":"1377019","formEdgeID":null},{"edgeID":"1800455","fromID":"1377019","toID":"1377018","formEdgeID":null},{"edgeID":"1800456","fromID":"1376939","toID":"1377020","formEdgeID":null},{"edgeID":"1800457","fromID":"1377020","toID":"1376945","formEdgeID":null},{"edgeID":"1800458","fromID":"1376907","toID":"1377021","formEdgeID":null},{"edgeID":"1800459","fromID":"1377021","toID":"1376915","formEdgeID":null},{"edgeID":"1800460","fromID":"1376944","toID":"1377022","formEdgeID":null},{"edgeID":"1800461","fromID":"1377022","toID":"1376938","formEdgeID":null},{"edgeID":"1800462","fromID":"1377020","toID":"1377023","formEdgeID":null},{"edgeID":"1800463","fromID":"1377023","toID":"1377022","formEdgeID":null}],"locutions":[]}