{"nodes":[{"nodeID":"1354595","text":"Jacob Rees-Mogg is talking about the independent pay bodies like they are gospel","type":"I","timestamp":"2023-11-09 14:15:19"},{"nodeID":"1354596","text":"AudienceMember 20230112QT02: You're talking about the independent pay bodies like they're gospel","type":"L","timestamp":"2023-11-09 14:15:19"},{"nodeID":"1354597","text":"Analysing","type":"YA","timestamp":"2023-11-09 14:15:19"},{"nodeID":"1354598","text":"Anon: AudienceMember 20230112QT02: You're talking about the independent pay bodies like they're gospel","type":"L","timestamp":"2023-11-09 14:15:19"},{"nodeID":"1354599","text":"Asserting","type":"YA","timestamp":"2023-11-09 14:15:19"},{"nodeID":"1354600","text":"Jacob Rees-Mogg does not always follow the independent pay bodies","type":"I","timestamp":"2023-11-09 14:15:20"},{"nodeID":"1354601","text":"AudienceMember 20230112QT02: you don't always follow them","type":"L","timestamp":"2023-11-09 14:15:20"},{"nodeID":"1354602","text":"Analysing","type":"YA","timestamp":"2023-11-09 14:15:20"},{"nodeID":"1354603","text":"Anon: AudienceMember 20230112QT02: you don't always follow them","type":"L","timestamp":"2023-11-09 14:15:20"},{"nodeID":"1354604","text":"Asserting","type":"YA","timestamp":"2023-11-09 14:15:20"},{"nodeID":"1354605","text":"Default Transition","type":"TA","timestamp":"2023-11-09 14:15:20"},{"nodeID":"1354606","text":"Default Conflict","type":"CA","timestamp":"2023-11-09 14:15:20"},{"nodeID":"1354607","text":"Disagreeing","type":"YA","timestamp":"2023-11-09 14:15:20"},{"nodeID":"1354608","text":"Jacob Rees-Mogg has not followed the junior doctors requests the whole time he has been in power","type":"I","timestamp":"2023-11-09 14:15:21"},{"nodeID":"1354609","text":"AudienceMember 20230112QT02: with junior doctors, you haven't followed them the whole time you've been in power","type":"L","timestamp":"2023-11-09 14:15:21"},{"nodeID":"1354610","text":"Analysing","type":"YA","timestamp":"2023-11-09 14:15:21"},{"nodeID":"1354611","text":"Anon: AudienceMember 20230112QT02: with junior doctors, you haven't followed them the whole time you've been in power","type":"L","timestamp":"2023-11-09 14:15:21"},{"nodeID":"1354612","text":"Asserting","type":"YA","timestamp":"2023-11-09 14:15:21"},{"nodeID":"1354613","text":"Default Transition","type":"TA","timestamp":"2023-11-09 14:15:21"},{"nodeID":"1354614","text":"independent pay bodies should or should not be followed as law","type":"I","timestamp":"2023-11-09 14:15:21"},{"nodeID":"1354615","text":"AudienceMember 20230112QT02: are they absolutely gospel, that we have to basically follow as law,","type":"L","timestamp":"2023-11-09 14:15:21"},{"nodeID":"1354616","text":"Analysing","type":"YA","timestamp":"2023-11-09 14:15:21"},{"nodeID":"1354617","text":"Anon: AudienceMember 20230112QT02: re they absolutely gospel, that we have to basically follow as law,","type":"L","timestamp":"2023-11-09 14:15:21"},{"nodeID":"1354618","text":"Pure Questioning","type":"YA","timestamp":"2023-11-09 14:15:21"},{"nodeID":"1354619","text":"Default Transition","type":"TA","timestamp":"2023-11-09 14:15:21"},{"nodeID":"1354620","text":"Jacob Rees-Mogg is or is not choosing when he wants to follow the independent pay bodies","type":"I","timestamp":"2023-11-09 14:15:22"},{"nodeID":"1354621","text":"AudienceMember 20230112QT02: r are you picking and choosing when?","type":"L","timestamp":"2023-11-09 14:15:22"},{"nodeID":"1354622","text":"Analysing","type":"YA","timestamp":"2023-11-09 14:15:22"},{"nodeID":"1354623","text":"Anon: AudienceMember 20230112QT02: r are you picking and choosing when?","type":"L","timestamp":"2023-11-09 14:15:22"},{"nodeID":"1354624","text":"Pure Questioning","type":"YA","timestamp":"2023-11-09 14:15:22"},{"nodeID":"1354625","text":"the pay review bodies are a very important part of the process","type":"I","timestamp":"2023-11-09 14:15:23"},{"nodeID":"1354626","text":"Jacob Rees-Mogg: the pay review bodies are a very important part of the process","type":"L","timestamp":"2023-11-09 14:15:23"},{"nodeID":"1354627","text":"Analysing","type":"YA","timestamp":"2023-11-09 14:15:23"},{"nodeID":"1354628","text":"Anon: Jacob Rees-Mogg: the pay review bodies are a very important part of the process","type":"L","timestamp":"2023-11-09 14:15:23"},{"nodeID":"1354629","text":"Asserting","type":"YA","timestamp":"2023-11-09 14:15:23"},{"nodeID":"1354630","text":"Default Transition","type":"TA","timestamp":"2023-11-09 14:15:23"},{"nodeID":"1354631","text":"pay review results are usually implemented","type":"I","timestamp":"2023-11-09 14:15:24"},{"nodeID":"1354632","text":"Jacob Rees-Mogg: pay review results are usually implemented","type":"L","timestamp":"2023-11-09 14:15:24"},{"nodeID":"1354633","text":"Analysing","type":"YA","timestamp":"2023-11-09 14:15:24"},{"nodeID":"1354634","text":"Anon: Jacob Rees-Mogg: pay review results are usually implemented","type":"L","timestamp":"2023-11-09 14:15:24"},{"nodeID":"1354635","text":"Asserting","type":"YA","timestamp":"2023-11-09 14:15:24"},{"nodeID":"1354636","text":"Default Transition","type":"TA","timestamp":"2023-11-09 14:15:24"},{"nodeID":"1354637","text":"Default Rephrase","type":"MA","timestamp":"2023-11-09 14:15:24"},{"nodeID":"1354638","text":"Restating","type":"YA","timestamp":"2023-11-09 14:15:24"},{"nodeID":"1354639","text":"Default Rephrase","type":"MA","timestamp":"2023-11-09 14:15:24"},{"nodeID":"1354640","text":"Default Transition","type":"TA","timestamp":"2023-11-09 14:15:24"},{"nodeID":"1354641","text":"Default Illocuting","type":"YA","timestamp":"2023-11-09 14:15:24"},{"nodeID":"1354642","text":"sometimes pay review results are not implemented at exactly the time that is suggested","type":"I","timestamp":"2023-11-09 14:15:25"},{"nodeID":"1354643","text":"Jacob Rees-Mogg: they're sometimes not implemented at exactly the time that is suggested","type":"L","timestamp":"2023-11-09 14:15:25"},{"nodeID":"1354644","text":"Analysing","type":"YA","timestamp":"2023-11-09 14:15:25"},{"nodeID":"1354645","text":"Anon: Jacob Rees-Mogg: they're sometimes not implemented at exactly the time that is suggested","type":"L","timestamp":"2023-11-09 14:15:25"},{"nodeID":"1354646","text":"Asserting","type":"YA","timestamp":"2023-11-09 14:15:25"},{"nodeID":"1354647","text":"Default Transition","type":"TA","timestamp":"2023-11-09 14:15:25"},{"nodeID":"1354648","text":"Default Conflict","type":"CA","timestamp":"2023-11-09 14:15:25"},{"nodeID":"1354649","text":"Disagreeing","type":"YA","timestamp":"2023-11-09 14:15:25"},{"nodeID":"1354650","text":"sometimes there is a timing issue with pay review results implementation","type":"I","timestamp":"2023-11-09 14:15:26"},{"nodeID":"1354651","text":"Jacob Rees-Mogg: there's sometimes a timing issue.","type":"L","timestamp":"2023-11-09 14:15:26"},{"nodeID":"1354652","text":"Analysing","type":"YA","timestamp":"2023-11-09 14:15:26"},{"nodeID":"1354653","text":"Anon: Jacob Rees-Mogg: there's sometimes a timing issue.","type":"L","timestamp":"2023-11-09 14:15:26"},{"nodeID":"1354654","text":"Asserting","type":"YA","timestamp":"2023-11-09 14:15:26"},{"nodeID":"1354655","text":"Default Transition","type":"TA","timestamp":"2023-11-09 14:15:26"},{"nodeID":"1354656","text":"Default Rephrase","type":"MA","timestamp":"2023-11-09 14:15:26"},{"nodeID":"1354657","text":"Restating","type":"YA","timestamp":"2023-11-09 14:15:26"},{"nodeID":"1354658","text":"over the years, we have got used to different parts of business or organisations going on strike","type":"I","timestamp":"2023-11-09 14:15:26"},{"nodeID":"1354659","text":"AudienceMember 20230112QT03: over the years, we've got used to different parts of business or organisations going on strike","type":"L","timestamp":"2023-11-09 14:15:26"},{"nodeID":"1354660","text":"Analysing","type":"YA","timestamp":"2023-11-09 14:15:26"},{"nodeID":"1354661","text":"Anon: AudienceMember 20230112QT03: over the years, we've got used to different parts of business or organisations going on strike","type":"L","timestamp":"2023-11-09 14:15:26"},{"nodeID":"1354662","text":"Asserting","type":"YA","timestamp":"2023-11-09 14:15:26"},{"nodeID":"1354663","text":"Default Transition","type":"TA","timestamp":"2023-11-09 14:15:26"},{"nodeID":"1354664","text":"the nurses strike has come as a real shock","type":"I","timestamp":"2023-11-09 14:15:27"},{"nodeID":"1354665","text":"AudienceMember 20230112QT03: The nurses one has come as a real shock","type":"L","timestamp":"2023-11-09 14:15:27"},{"nodeID":"1354666","text":"Analysing","type":"YA","timestamp":"2023-11-09 14:15:27"},{"nodeID":"1354667","text":"Anon: AudienceMember 20230112QT03: The nurses one has come as a real shock","type":"L","timestamp":"2023-11-09 14:15:27"},{"nodeID":"1354668","text":"Asserting","type":"YA","timestamp":"2023-11-09 14:15:27"},{"nodeID":"1354669","text":"Default Transition","type":"TA","timestamp":"2023-11-09 14:15:27"},{"nodeID":"1354670","text":"Default Conflict","type":"CA","timestamp":"2023-11-09 14:15:27"},{"nodeID":"1354671","text":"Disagreeing","type":"YA","timestamp":"2023-11-09 14:15:27"},{"nodeID":"1354672","text":"you cannot resolve the strike without conversation","type":"I","timestamp":"2023-11-09 14:15:28"},{"nodeID":"1354673","text":"AudienceMember 20230112QT03: how do you resolve this if there's no conversation?","type":"L","timestamp":"2023-11-09 14:15:28"},{"nodeID":"1354674","text":"Analysing","type":"YA","timestamp":"2023-11-09 14:15:28"},{"nodeID":"1354675","text":"Anon: AudienceMember 20230112QT03: how do you resolve this if there's no conversation?","type":"L","timestamp":"2023-11-09 14:15:28"},{"nodeID":"1354676","text":"Assertive Questioning","type":"YA","timestamp":"2023-11-09 14:15:28"},{"nodeID":"1354677","text":"Default Transition","type":"TA","timestamp":"2023-11-09 14:15:28"},{"nodeID":"1354678","text":"the art of negotiation to resolve the strike issues has to be discussion","type":"I","timestamp":"2023-11-09 14:15:29"},{"nodeID":"1354679","text":"AudienceMember 20230112QT03: the art of negotiation has to be discussion.","type":"L","timestamp":"2023-11-09 14:15:29"},{"nodeID":"1354680","text":"Analysing","type":"YA","timestamp":"2023-11-09 14:15:29"},{"nodeID":"1354681","text":"Anon: AudienceMember 20230112QT03: the art of negotiation has to be discussion.","type":"L","timestamp":"2023-11-09 14:15:29"},{"nodeID":"1354682","text":"Asserting","type":"YA","timestamp":"2023-11-09 14:15:29"},{"nodeID":"1354683","text":"Default Transition","type":"TA","timestamp":"2023-11-09 14:15:29"},{"nodeID":"1354684","text":"Default Rephrase","type":"MA","timestamp":"2023-11-09 14:15:29"},{"nodeID":"1354685","text":"Default Transition","type":"TA","timestamp":"2023-11-09 14:15:29"},{"nodeID":"1354686","text":"Restating","type":"YA","timestamp":"2023-11-09 14:15:29"},{"nodeID":"1354687","text":"Default Rephrase","type":"MA","timestamp":"2023-11-09 14:15:29"},{"nodeID":"1354688","text":"Restating","type":"YA","timestamp":"2023-11-09 14:15:29"},{"nodeID":"1354689","text":"Default Rephrase","type":"MA","timestamp":"2023-11-09 14:15:29"},{"nodeID":"1354690","text":"Default Illocuting","type":"YA","timestamp":"2023-11-09 14:15:29"}],"edges":[{"edgeID":"1773794","fromID":"1354597","toID":"1354596","formEdgeID":null},{"edgeID":"1773795","fromID":"1354598","toID":"1354597","formEdgeID":null},{"edgeID":"1773796","fromID":"1354596","toID":"1354599","formEdgeID":null},{"edgeID":"1773797","fromID":"1354599","toID":"1354595","formEdgeID":null},{"edgeID":"1773798","fromID":"1354602","toID":"1354601","formEdgeID":null},{"edgeID":"1773799","fromID":"1354603","toID":"1354602","formEdgeID":null},{"edgeID":"1773800","fromID":"1354601","toID":"1354604","formEdgeID":null},{"edgeID":"1773801","fromID":"1354604","toID":"1354600","formEdgeID":null},{"edgeID":"1773802","fromID":"1354596","toID":"1354605","formEdgeID":null},{"edgeID":"1773803","fromID":"1354605","toID":"1354601","formEdgeID":null},{"edgeID":"1773804","fromID":"1354600","toID":"1354606","formEdgeID":null},{"edgeID":"1773805","fromID":"1354606","toID":"1354595","formEdgeID":null},{"edgeID":"1773806","fromID":"1354605","toID":"1354607","formEdgeID":null},{"edgeID":"1773807","fromID":"1354607","toID":"1354606","formEdgeID":null},{"edgeID":"1773808","fromID":"1354610","toID":"1354609","formEdgeID":null},{"edgeID":"1773809","fromID":"1354611","toID":"1354610","formEdgeID":null},{"edgeID":"1773810","fromID":"1354609","toID":"1354612","formEdgeID":null},{"edgeID":"1773811","fromID":"1354612","toID":"1354608","formEdgeID":null},{"edgeID":"1773812","fromID":"1354601","toID":"1354613","formEdgeID":null},{"edgeID":"1773813","fromID":"1354613","toID":"1354609","formEdgeID":null},{"edgeID":"1773814","fromID":"1354616","toID":"1354615","formEdgeID":null},{"edgeID":"1773815","fromID":"1354617","toID":"1354616","formEdgeID":null},{"edgeID":"1773816","fromID":"1354615","toID":"1354618","formEdgeID":null},{"edgeID":"1773817","fromID":"1354618","toID":"1354614","formEdgeID":null},{"edgeID":"1773818","fromID":"1354609","toID":"1354619","formEdgeID":null},{"edgeID":"1773819","fromID":"1354619","toID":"1354615","formEdgeID":null},{"edgeID":"1773820","fromID":"1354622","toID":"1354621","formEdgeID":null},{"edgeID":"1773821","fromID":"1354623","toID":"1354622","formEdgeID":null},{"edgeID":"1773822","fromID":"1354621","toID":"1354624","formEdgeID":null},{"edgeID":"1773823","fromID":"1354624","toID":"1354620","formEdgeID":null},{"edgeID":"1773824","fromID":"1354627","toID":"1354626","formEdgeID":null},{"edgeID":"1773825","fromID":"1354628","toID":"1354627","formEdgeID":null},{"edgeID":"1773826","fromID":"1354626","toID":"1354629","formEdgeID":null},{"edgeID":"1773827","fromID":"1354629","toID":"1354625","formEdgeID":null},{"edgeID":"1773828","fromID":"1354621","toID":"1354630","formEdgeID":null},{"edgeID":"1773829","fromID":"1354630","toID":"1354626","formEdgeID":null},{"edgeID":"1773830","fromID":"1354633","toID":"1354632","formEdgeID":null},{"edgeID":"1773831","fromID":"1354634","toID":"1354633","formEdgeID":null},{"edgeID":"1773832","fromID":"1354632","toID":"1354635","formEdgeID":null},{"edgeID":"1773833","fromID":"1354635","toID":"1354631","formEdgeID":null},{"edgeID":"1773834","fromID":"1354626","toID":"1354636","formEdgeID":null},{"edgeID":"1773835","fromID":"1354636","toID":"1354632","formEdgeID":null},{"edgeID":"1773836","fromID":"1354631","toID":"1354637","formEdgeID":null},{"edgeID":"1773837","fromID":"1354637","toID":"1354625","formEdgeID":null},{"edgeID":"1773838","fromID":"1354636","toID":"1354638","formEdgeID":null},{"edgeID":"1773839","fromID":"1354638","toID":"1354637","formEdgeID":null},{"edgeID":"1773840","fromID":"1354625","toID":"1354639","formEdgeID":null},{"edgeID":"1773841","fromID":"1354639","toID":"1354614","formEdgeID":null},{"edgeID":"1773842","fromID":"1354615","toID":"1354640","formEdgeID":null},{"edgeID":"1773843","fromID":"1354640","toID":"1354626","formEdgeID":null},{"edgeID":"1773844","fromID":"1354640","toID":"1354641","formEdgeID":null},{"edgeID":"1773845","fromID":"1354641","toID":"1354639","formEdgeID":null},{"edgeID":"1773846","fromID":"1354644","toID":"1354643","formEdgeID":null},{"edgeID":"1773847","fromID":"1354645","toID":"1354644","formEdgeID":null},{"edgeID":"1773848","fromID":"1354643","toID":"1354646","formEdgeID":null},{"edgeID":"1773849","fromID":"1354646","toID":"1354642","formEdgeID":null},{"edgeID":"1773850","fromID":"1354632","toID":"1354647","formEdgeID":null},{"edgeID":"1773851","fromID":"1354647","toID":"1354643","formEdgeID":null},{"edgeID":"1773852","fromID":"1354642","toID":"1354648","formEdgeID":null},{"edgeID":"1773853","fromID":"1354648","toID":"1354631","formEdgeID":null},{"edgeID":"1773854","fromID":"1354647","toID":"1354649","formEdgeID":null},{"edgeID":"1773855","fromID":"1354649","toID":"1354648","formEdgeID":null},{"edgeID":"1773856","fromID":"1354652","toID":"1354651","formEdgeID":null},{"edgeID":"1773857","fromID":"1354653","toID":"1354652","formEdgeID":null},{"edgeID":"1773858","fromID":"1354651","toID":"1354654","formEdgeID":null},{"edgeID":"1773859","fromID":"1354654","toID":"1354650","formEdgeID":null},{"edgeID":"1773860","fromID":"1354643","toID":"1354655","formEdgeID":null},{"edgeID":"1773861","fromID":"1354655","toID":"1354651","formEdgeID":null},{"edgeID":"1773862","fromID":"1354650","toID":"1354656","formEdgeID":null},{"edgeID":"1773863","fromID":"1354656","toID":"1354642","formEdgeID":null},{"edgeID":"1773864","fromID":"1354655","toID":"1354657","formEdgeID":null},{"edgeID":"1773865","fromID":"1354657","toID":"1354656","formEdgeID":null},{"edgeID":"1773866","fromID":"1354660","toID":"1354659","formEdgeID":null},{"edgeID":"1773867","fromID":"1354661","toID":"1354660","formEdgeID":null},{"edgeID":"1773868","fromID":"1354659","toID":"1354662","formEdgeID":null},{"edgeID":"1773869","fromID":"1354662","toID":"1354658","formEdgeID":null},{"edgeID":"1773870","fromID":"1354651","toID":"1354663","formEdgeID":null},{"edgeID":"1773871","fromID":"1354663","toID":"1354659","formEdgeID":null},{"edgeID":"1773872","fromID":"1354666","toID":"1354665","formEdgeID":null},{"edgeID":"1773873","fromID":"1354667","toID":"1354666","formEdgeID":null},{"edgeID":"1773874","fromID":"1354665","toID":"1354668","formEdgeID":null},{"edgeID":"1773875","fromID":"1354668","toID":"1354664","formEdgeID":null},{"edgeID":"1773876","fromID":"1354659","toID":"1354669","formEdgeID":null},{"edgeID":"1773877","fromID":"1354669","toID":"1354665","formEdgeID":null},{"edgeID":"1773878","fromID":"1354664","toID":"1354670","formEdgeID":null},{"edgeID":"1773879","fromID":"1354670","toID":"1354658","formEdgeID":null},{"edgeID":"1773880","fromID":"1354669","toID":"1354671","formEdgeID":null},{"edgeID":"1773881","fromID":"1354671","toID":"1354670","formEdgeID":null},{"edgeID":"1773882","fromID":"1354674","toID":"1354673","formEdgeID":null},{"edgeID":"1773883","fromID":"1354675","toID":"1354674","formEdgeID":null},{"edgeID":"1773884","fromID":"1354673","toID":"1354676","formEdgeID":null},{"edgeID":"1773885","fromID":"1354676","toID":"1354672","formEdgeID":null},{"edgeID":"1773886","fromID":"1354665","toID":"1354677","formEdgeID":null},{"edgeID":"1773887","fromID":"1354677","toID":"1354673","formEdgeID":null},{"edgeID":"1773888","fromID":"1354680","toID":"1354679","formEdgeID":null},{"edgeID":"1773889","fromID":"1354681","toID":"1354680","formEdgeID":null},{"edgeID":"1773890","fromID":"1354679","toID":"1354682","formEdgeID":null},{"edgeID":"1773891","fromID":"1354682","toID":"1354678","formEdgeID":null},{"edgeID":"1773892","fromID":"1354673","toID":"1354683","formEdgeID":null},{"edgeID":"1773893","fromID":"1354683","toID":"1354679","formEdgeID":null},{"edgeID":"1773894","fromID":"1354620","toID":"1354684","formEdgeID":null},{"edgeID":"1773895","fromID":"1354684","toID":"1354614","formEdgeID":null},{"edgeID":"1773896","fromID":"1354615","toID":"1354685","formEdgeID":null},{"edgeID":"1773897","fromID":"1354685","toID":"1354621","formEdgeID":null},{"edgeID":"1773898","fromID":"1354685","toID":"1354686","formEdgeID":null},{"edgeID":"1773899","fromID":"1354686","toID":"1354684","formEdgeID":null},{"edgeID":"1773900","fromID":"1354608","toID":"1354687","formEdgeID":null},{"edgeID":"1773901","fromID":"1354687","toID":"1354600","formEdgeID":null},{"edgeID":"1773902","fromID":"1354613","toID":"1354688","formEdgeID":null},{"edgeID":"1773903","fromID":"1354688","toID":"1354687","formEdgeID":null},{"edgeID":"1773904","fromID":"1354678","toID":"1354689","formEdgeID":null},{"edgeID":"1773905","fromID":"1354689","toID":"1354672","formEdgeID":null},{"edgeID":"1773906","fromID":"1354683","toID":"1354690","formEdgeID":null},{"edgeID":"1773907","fromID":"1354690","toID":"1354689","formEdgeID":null}],"locutions":[]}