{"nodes":[{"nodeID":"1376813","text":"it is the role of Government to enable businesses and workers","type":"I","timestamp":"2023-11-09 14:49:01"},{"nodeID":"1376814","text":"Daisy Cooper: It's the role of Government to enable businesses and workers","type":"L","timestamp":"2023-11-09 14:49:01"},{"nodeID":"1376815","text":"Analysing","type":"YA","timestamp":"2023-11-09 14:49:01"},{"nodeID":"1376816","text":"Fyfe: Daisy Cooper: It's the role of Government to enable businesses and workers","type":"L","timestamp":"2023-11-09 14:49:01"},{"nodeID":"1376817","text":"Asserting","type":"YA","timestamp":"2023-11-09 14:49:01"},{"nodeID":"1376818","text":"it is not the job of Government to tell businesses and workers what to do, or how to do their job","type":"I","timestamp":"2023-11-09 14:49:01"},{"nodeID":"1376819","text":"Daisy Cooper:  it is not the job of Government to tell businesses and workers what to do, or how to do their job","type":"L","timestamp":"2023-11-09 14:49:01"},{"nodeID":"1376820","text":"Analysing","type":"YA","timestamp":"2023-11-09 14:49:01"},{"nodeID":"1376821","text":"Fyfe: Daisy Cooper:  it is not the job of Government to tell businesses and workers what to do, or how to do their job","type":"L","timestamp":"2023-11-09 14:49:01"},{"nodeID":"1376822","text":"Asserting","type":"YA","timestamp":"2023-11-09 14:49:01"},{"nodeID":"1376823","text":"Default Transition","type":"TA","timestamp":"2023-11-09 14:49:01"},{"nodeID":"1376824","text":"Default Conflict","type":"CA","timestamp":"2023-11-09 14:49:01"},{"nodeID":"1376825","text":"Disagreeing","type":"YA","timestamp":"2023-11-09 14:49:01"},{"nodeID":"1376826","text":"we should absolutely support the idea of having the right to request flexible working","type":"I","timestamp":"2023-11-09 14:49:02"},{"nodeID":"1376827","text":"Daisy Cooper: we should absolutely support the idea of having the right to request flexible working","type":"L","timestamp":"2023-11-09 14:49:02"},{"nodeID":"1376828","text":"Analysing","type":"YA","timestamp":"2023-11-09 14:49:02"},{"nodeID":"1376829","text":"Fyfe: Daisy Cooper: we should absolutely support the idea of having the right to request flexible working","type":"L","timestamp":"2023-11-09 14:49:02"},{"nodeID":"1376830","text":"Asserting","type":"YA","timestamp":"2023-11-09 14:49:02"},{"nodeID":"1376831","text":"Default Transition","type":"TA","timestamp":"2023-11-09 14:49:02"},{"nodeID":"1376832","text":"Government should be giving businesses and workers more opportunities as well to come to the right arrangements for them","type":"I","timestamp":"2023-11-09 14:49:02"},{"nodeID":"1376833","text":"Daisy Cooper: Government should be giving businesses and workers more opportunities as well to come to the right arrangements for them","type":"L","timestamp":"2023-11-09 14:49:02"},{"nodeID":"1376834","text":"Analysing","type":"YA","timestamp":"2023-11-09 14:49:02"},{"nodeID":"1376835","text":"Fyfe: Daisy Cooper: Government should be giving businesses and workers more opportunities as well to come to the right arrangements for them","type":"L","timestamp":"2023-11-09 14:49:02"},{"nodeID":"1376836","text":"Asserting","type":"YA","timestamp":"2023-11-09 14:49:02"},{"nodeID":"1376837","text":"Default Inference","type":"RA","timestamp":"2023-11-09 14:49:02"},{"nodeID":"1376838","text":"Default Transition","type":"TA","timestamp":"2023-11-09 14:49:02"},{"nodeID":"1376839","text":"Arguing","type":"YA","timestamp":"2023-11-09 14:49:02"}],"edges":[{"edgeID":"1800210","fromID":"1376815","toID":"1376814","formEdgeID":null},{"edgeID":"1800211","fromID":"1376816","toID":"1376815","formEdgeID":null},{"edgeID":"1800212","fromID":"1376814","toID":"1376817","formEdgeID":null},{"edgeID":"1800213","fromID":"1376817","toID":"1376813","formEdgeID":null},{"edgeID":"1800214","fromID":"1376820","toID":"1376819","formEdgeID":null},{"edgeID":"1800215","fromID":"1376821","toID":"1376820","formEdgeID":null},{"edgeID":"1800216","fromID":"1376819","toID":"1376822","formEdgeID":null},{"edgeID":"1800217","fromID":"1376822","toID":"1376818","formEdgeID":null},{"edgeID":"1800218","fromID":"1376814","toID":"1376823","formEdgeID":null},{"edgeID":"1800219","fromID":"1376823","toID":"1376819","formEdgeID":null},{"edgeID":"1800220","fromID":"1376818","toID":"1376824","formEdgeID":null},{"edgeID":"1800221","fromID":"1376824","toID":"1376813","formEdgeID":null},{"edgeID":"1800222","fromID":"1376823","toID":"1376825","formEdgeID":null},{"edgeID":"1800223","fromID":"1376825","toID":"1376824","formEdgeID":null},{"edgeID":"1800224","fromID":"1376828","toID":"1376827","formEdgeID":null},{"edgeID":"1800225","fromID":"1376829","toID":"1376828","formEdgeID":null},{"edgeID":"1800226","fromID":"1376827","toID":"1376830","formEdgeID":null},{"edgeID":"1800227","fromID":"1376830","toID":"1376826","formEdgeID":null},{"edgeID":"1800228","fromID":"1376819","toID":"1376831","formEdgeID":null},{"edgeID":"1800229","fromID":"1376831","toID":"1376827","formEdgeID":null},{"edgeID":"1800230","fromID":"1376834","toID":"1376833","formEdgeID":null},{"edgeID":"1800231","fromID":"1376835","toID":"1376834","formEdgeID":null},{"edgeID":"1800232","fromID":"1376833","toID":"1376836","formEdgeID":null},{"edgeID":"1800233","fromID":"1376836","toID":"1376832","formEdgeID":null},{"edgeID":"1800234","fromID":"1376813","toID":"1376837","formEdgeID":null},{"edgeID":"1800235","fromID":"1376837","toID":"1376832","formEdgeID":null},{"edgeID":"1800236","fromID":"1376814","toID":"1376838","formEdgeID":null},{"edgeID":"1800237","fromID":"1376838","toID":"1376833","formEdgeID":null},{"edgeID":"1800238","fromID":"1376838","toID":"1376839","formEdgeID":null},{"edgeID":"1800239","fromID":"1376839","toID":"1376837","formEdgeID":null}],"locutions":[]}