{"nodes":[{"nodeID":"1354965","text":"AudienceMember20230112QT07 works for a health care agency","type":"I","timestamp":"2023-11-09 14:16:01"},{"nodeID":"1354966","text":"AudienceMember 20230112QT07: I work for a health care agency","type":"L","timestamp":"2023-11-09 14:16:01"},{"nodeID":"1354967","text":"Analysing","type":"YA","timestamp":"2023-11-09 14:16:01"},{"nodeID":"1354968","text":"Amelie: AudienceMember 20230112QT07: I work for a health care agency","type":"L","timestamp":"2023-11-09 14:16:01"},{"nodeID":"1354969","text":"Asserting","type":"YA","timestamp":"2023-11-09 14:16:01"},{"nodeID":"1354970","text":"AudienceMember20230112QT07 knows that the charge rate of what they charge for a health care assistant is roughly about \u00a325 an hour","type":"I","timestamp":"2023-11-09 14:16:01"},{"nodeID":"1354971","text":"AudienceMember 20230112QT07: I know that the charge rate of what they charge for a health care assistant is roughly about \u00a325 an hour","type":"L","timestamp":"2023-11-09 14:16:01"},{"nodeID":"1354972","text":"Analysing","type":"YA","timestamp":"2023-11-09 14:16:01"},{"nodeID":"1354973","text":"Amelie: AudienceMember 20230112QT07: I know that the charge rate of what they charge for a health care assistant is roughly about \u00a325 an hour","type":"L","timestamp":"2023-11-09 14:16:01"},{"nodeID":"1354974","text":"Asserting","type":"YA","timestamp":"2023-11-09 14:16:01"},{"nodeID":"1354975","text":"the health care assistant only actually gets paid \u00a311 an hour","type":"I","timestamp":"2023-11-09 14:16:02"},{"nodeID":"1354976","text":"AudienceMember 20230112QT07: the health care assistant only actually gets paid \u00a311 an hour","type":"L","timestamp":"2023-11-09 14:16:02"},{"nodeID":"1354977","text":"Analysing","type":"YA","timestamp":"2023-11-09 14:16:02"},{"nodeID":"1354978","text":"Amelie: AudienceMember 20230112QT07: the health care assistant only actually gets paid \u00a311 an hour","type":"L","timestamp":"2023-11-09 14:16:02"},{"nodeID":"1354979","text":"Asserting","type":"YA","timestamp":"2023-11-09 14:16:02"},{"nodeID":"1354980","text":"Default Inference","type":"RA","timestamp":"2023-11-09 14:16:02"},{"nodeID":"1354981","text":"Default Transition","type":"TA","timestamp":"2023-11-09 14:16:02"},{"nodeID":"1354982","text":"Arguing","type":"YA","timestamp":"2023-11-09 14:16:02"},{"nodeID":"1354983","text":"the margin of what health care agencies charge and what health care assistants are paid is a huge margin","type":"I","timestamp":"2023-11-09 14:16:03"},{"nodeID":"1354984","text":"AudienceMember 20230112QT07: that margin is a huge margin","type":"L","timestamp":"2023-11-09 14:16:03"},{"nodeID":"1354985","text":"Analysing","type":"YA","timestamp":"2023-11-09 14:16:03"},{"nodeID":"1354986","text":"Amelie: AudienceMember 20230112QT07: that margin is a huge margin","type":"L","timestamp":"2023-11-09 14:16:03"},{"nodeID":"1354987","text":"Asserting","type":"YA","timestamp":"2023-11-09 14:16:03"},{"nodeID":"1354988","text":"Default Transition","type":"TA","timestamp":"2023-11-09 14:16:03"},{"nodeID":"1354989","text":"Default Transition","type":"TA","timestamp":"2023-11-09 14:16:03"},{"nodeID":"1354990","text":"in a previous job that AudienceMember20230112QT07 has done, in recruitment, we would have people sending in temporary workers","type":"I","timestamp":"2023-11-09 14:16:04"},{"nodeID":"1354991","text":"AudienceMember 20230112QT07: In a previous job that I've done, in recruitment, we would have people sending in temporary workers","type":"L","timestamp":"2023-11-09 14:16:04"},{"nodeID":"1354992","text":"Analysing","type":"YA","timestamp":"2023-11-09 14:16:04"},{"nodeID":"1354993","text":"Amelie: AudienceMember 20230112QT07: In a previous job that I've done, in recruitment, we would have people sending in temporary workers","type":"L","timestamp":"2023-11-09 14:16:04"},{"nodeID":"1354994","text":"Asserting","type":"YA","timestamp":"2023-11-09 14:16:04"},{"nodeID":"1354995","text":"Default Transition","type":"TA","timestamp":"2023-11-09 14:16:04"},{"nodeID":"1354996","text":"in AudienceMember20230112QT07's previous recruitment job they'd have a margin","type":"I","timestamp":"2023-11-09 14:16:04"},{"nodeID":"1354997","text":"AudienceMember 20230112QT07: We'd have a margin","type":"L","timestamp":"2023-11-09 14:16:04"},{"nodeID":"1354998","text":"Analysing","type":"YA","timestamp":"2023-11-09 14:16:04"},{"nodeID":"1354999","text":"Amelie: AudienceMember 20230112QT07: We'd have a margin","type":"L","timestamp":"2023-11-09 14:16:04"},{"nodeID":"1355000","text":"Asserting","type":"YA","timestamp":"2023-11-09 14:16:04"},{"nodeID":"1355001","text":"the margin in AudienceMember20230112QT07's previous recruitment job would only be about \u00a32","type":"I","timestamp":"2023-11-09 14:16:05"},{"nodeID":"1355002","text":"AudienceMember 20230112QT07: it would only be about \u00a32","type":"L","timestamp":"2023-11-09 14:16:05"},{"nodeID":"1355003","text":"Analysing","type":"YA","timestamp":"2023-11-09 14:16:05"},{"nodeID":"1355004","text":"Amelie: AudienceMember 20230112QT07: it would only be about \u00a32","type":"L","timestamp":"2023-11-09 14:16:05"},{"nodeID":"1355005","text":"Asserting","type":"YA","timestamp":"2023-11-09 14:16:05"},{"nodeID":"1355006","text":"Default Transition","type":"TA","timestamp":"2023-11-09 14:16:05"},{"nodeID":"1355007","text":"Default Rephrase","type":"MA","timestamp":"2023-11-09 14:16:05"},{"nodeID":"1355008","text":"Default Transition","type":"TA","timestamp":"2023-11-09 14:16:05"},{"nodeID":"1355009","text":"Restating","type":"YA","timestamp":"2023-11-09 14:16:05"},{"nodeID":"1355010","text":"the \u00a32 margin that AudienceMember20230112QT07 saw wasn\u2019t in health care","type":"I","timestamp":"2023-11-09 14:16:06"},{"nodeID":"1355011","text":"AudienceMember 20230112QT07: That wasn\u2019t in health care","type":"L","timestamp":"2023-11-09 14:16:06"},{"nodeID":"1355012","text":"Analysing","type":"YA","timestamp":"2023-11-09 14:16:06"},{"nodeID":"1355013","text":"Amelie: AudienceMember 20230112QT07: That wasn\u2019t in health care","type":"L","timestamp":"2023-11-09 14:16:06"},{"nodeID":"1355014","text":"Asserting","type":"YA","timestamp":"2023-11-09 14:16:06"},{"nodeID":"1355015","text":"AudienceMember20230112QT07 doesn't know why there is such a big margin in health care","type":"I","timestamp":"2023-11-09 14:16:07"},{"nodeID":"1355016","text":"AudienceMember 20230112QT07: I don't know why there is such a big margin in health care","type":"L","timestamp":"2023-11-09 14:16:07"},{"nodeID":"1355017","text":"Analysing","type":"YA","timestamp":"2023-11-09 14:16:07"},{"nodeID":"1355018","text":"Amelie: AudienceMember 20230112QT07: I don't know why there is such a big margin in health care","type":"L","timestamp":"2023-11-09 14:16:07"},{"nodeID":"1355019","text":"Asserting","type":"YA","timestamp":"2023-11-09 14:16:07"},{"nodeID":"1355020","text":"Default Rephrase","type":"MA","timestamp":"2023-11-09 14:16:07"},{"nodeID":"1355021","text":"Default Transition","type":"TA","timestamp":"2023-11-09 14:16:07"},{"nodeID":"1355022","text":"Restating","type":"YA","timestamp":"2023-11-09 14:16:07"},{"nodeID":"1355023","text":"Default Transition","type":"TA","timestamp":"2023-11-09 14:16:07"},{"nodeID":"1355024","text":"Default Inference","type":"RA","timestamp":"2023-11-09 14:16:07"},{"nodeID":"1355025","text":"Arguing","type":"YA","timestamp":"2023-11-09 14:16:07"},{"nodeID":"1355026","text":"Default Inference","type":"RA","timestamp":"2023-11-09 14:16:07"},{"nodeID":"1355027","text":"instead of trying to find money to put towards to give the nurses the pay rise, we should use that money that AudienceMember20230112QT07  doesn't really know where it's going to, to give the people the pay rise that they want","type":"I","timestamp":"2023-11-09 14:16:08"},{"nodeID":"1355028","text":"AudienceMember 20230112QT07: instead of trying to find money to put towards to give the nurses the pay rise, why we can't use that money that I don't really know where it's going to, to give the people the pay rise that they want","type":"L","timestamp":"2023-11-09 14:16:08"},{"nodeID":"1355029","text":"Analysing","type":"YA","timestamp":"2023-11-09 14:16:08"},{"nodeID":"1355030","text":"Amelie: AudienceMember 20230112QT07: instead of trying to find money to put towards to give the nurses the pay rise, why we can't use that money that I don't really know where it's going to, to give the people the pay rise that they want","type":"L","timestamp":"2023-11-09 14:16:08"},{"nodeID":"1355031","text":"Assertive Questioning","type":"YA","timestamp":"2023-11-09 14:16:08"},{"nodeID":"1355032","text":"Default Transition","type":"TA","timestamp":"2023-11-09 14:16:08"},{"nodeID":"1355033","text":"Default Transition","type":"TA","timestamp":"2023-11-09 14:16:08"},{"nodeID":"1355034","text":"Default Rephrase","type":"MA","timestamp":"2023-11-09 14:16:08"},{"nodeID":"1355035","text":"Default Transition","type":"TA","timestamp":"2023-11-09 14:16:08"},{"nodeID":"1355036","text":"Default Transition","type":"TA","timestamp":"2023-11-09 14:16:08"},{"nodeID":"1355037","text":"Restating","type":"YA","timestamp":"2023-11-09 14:16:08"},{"nodeID":"1355038","text":"the money from the big margin in health care should be given to nurses","type":"I","timestamp":"2023-11-09 14:16:08"},{"nodeID":"1355039","text":"Fiona Bruce: To give them more money","type":"L","timestamp":"2023-11-09 14:16:08"},{"nodeID":"1355040","text":"Analysing","type":"YA","timestamp":"2023-11-09 14:16:08"},{"nodeID":"1355041","text":"Amelie: Fiona Bruce: To give them more money","type":"L","timestamp":"2023-11-09 14:16:08"},{"nodeID":"1355042","text":"Asserting","type":"YA","timestamp":"2023-11-09 14:16:08"},{"nodeID":"1355043","text":"Default Rephrase","type":"MA","timestamp":"2023-11-09 14:16:08"},{"nodeID":"1355044","text":"Default Transition","type":"TA","timestamp":"2023-11-09 14:16:08"},{"nodeID":"1355045","text":"Restating","type":"YA","timestamp":"2023-11-09 14:16:08"}],"edges":[{"edgeID":"1774221","fromID":"1354967","toID":"1354966","formEdgeID":null},{"edgeID":"1774222","fromID":"1354968","toID":"1354967","formEdgeID":null},{"edgeID":"1774223","fromID":"1354966","toID":"1354969","formEdgeID":null},{"edgeID":"1774224","fromID":"1354969","toID":"1354965","formEdgeID":null},{"edgeID":"1774225","fromID":"1354972","toID":"1354971","formEdgeID":null},{"edgeID":"1774226","fromID":"1354973","toID":"1354972","formEdgeID":null},{"edgeID":"1774227","fromID":"1354971","toID":"1354974","formEdgeID":null},{"edgeID":"1774228","fromID":"1354974","toID":"1354970","formEdgeID":null},{"edgeID":"1774229","fromID":"1354977","toID":"1354976","formEdgeID":null},{"edgeID":"1774230","fromID":"1354978","toID":"1354977","formEdgeID":null},{"edgeID":"1774231","fromID":"1354976","toID":"1354979","formEdgeID":null},{"edgeID":"1774232","fromID":"1354979","toID":"1354975","formEdgeID":null},{"edgeID":"1774233","fromID":"1354965","toID":"1354980","formEdgeID":null},{"edgeID":"1774234","fromID":"1354980","toID":"1354970","formEdgeID":null},{"edgeID":"1774235","fromID":"1354966","toID":"1354981","formEdgeID":null},{"edgeID":"1774236","fromID":"1354981","toID":"1354971","formEdgeID":null},{"edgeID":"1774237","fromID":"1354981","toID":"1354982","formEdgeID":null},{"edgeID":"1774238","fromID":"1354982","toID":"1354980","formEdgeID":null},{"edgeID":"1774239","fromID":"1354985","toID":"1354984","formEdgeID":null},{"edgeID":"1774240","fromID":"1354986","toID":"1354985","formEdgeID":null},{"edgeID":"1774241","fromID":"1354984","toID":"1354987","formEdgeID":null},{"edgeID":"1774242","fromID":"1354987","toID":"1354983","formEdgeID":null},{"edgeID":"1774243","fromID":"1354971","toID":"1354988","formEdgeID":null},{"edgeID":"1774244","fromID":"1354988","toID":"1354976","formEdgeID":null},{"edgeID":"1774245","fromID":"1354971","toID":"1354989","formEdgeID":null},{"edgeID":"1774246","fromID":"1354989","toID":"1354984","formEdgeID":null},{"edgeID":"1774247","fromID":"1354992","toID":"1354991","formEdgeID":null},{"edgeID":"1774248","fromID":"1354993","toID":"1354992","formEdgeID":null},{"edgeID":"1774249","fromID":"1354991","toID":"1354994","formEdgeID":null},{"edgeID":"1774250","fromID":"1354994","toID":"1354990","formEdgeID":null},{"edgeID":"1774251","fromID":"1354984","toID":"1354995","formEdgeID":null},{"edgeID":"1774252","fromID":"1354995","toID":"1354991","formEdgeID":null},{"edgeID":"1774253","fromID":"1354998","toID":"1354997","formEdgeID":null},{"edgeID":"1774254","fromID":"1354999","toID":"1354998","formEdgeID":null},{"edgeID":"1774255","fromID":"1354997","toID":"1355000","formEdgeID":null},{"edgeID":"1774256","fromID":"1355000","toID":"1354996","formEdgeID":null},{"edgeID":"1774257","fromID":"1355003","toID":"1355002","formEdgeID":null},{"edgeID":"1774258","fromID":"1355004","toID":"1355003","formEdgeID":null},{"edgeID":"1774259","fromID":"1355002","toID":"1355005","formEdgeID":null},{"edgeID":"1774260","fromID":"1355005","toID":"1355001","formEdgeID":null},{"edgeID":"1774261","fromID":"1354991","toID":"1355006","formEdgeID":null},{"edgeID":"1774262","fromID":"1355006","toID":"1354997","formEdgeID":null},{"edgeID":"1774263","fromID":"1355001","toID":"1355007","formEdgeID":null},{"edgeID":"1774264","fromID":"1355007","toID":"1354996","formEdgeID":null},{"edgeID":"1774265","fromID":"1354997","toID":"1355008","formEdgeID":null},{"edgeID":"1774266","fromID":"1355008","toID":"1355002","formEdgeID":null},{"edgeID":"1774267","fromID":"1355008","toID":"1355009","formEdgeID":null},{"edgeID":"1774268","fromID":"1355009","toID":"1355007","formEdgeID":null},{"edgeID":"1774269","fromID":"1355012","toID":"1355011","formEdgeID":null},{"edgeID":"1774270","fromID":"1355013","toID":"1355012","formEdgeID":null},{"edgeID":"1774271","fromID":"1355011","toID":"1355014","formEdgeID":null},{"edgeID":"1774272","fromID":"1355014","toID":"1355010","formEdgeID":null},{"edgeID":"1774273","fromID":"1355017","toID":"1355016","formEdgeID":null},{"edgeID":"1774274","fromID":"1355018","toID":"1355017","formEdgeID":null},{"edgeID":"1774275","fromID":"1355016","toID":"1355019","formEdgeID":null},{"edgeID":"1774276","fromID":"1355019","toID":"1355015","formEdgeID":null},{"edgeID":"1774277","fromID":"1355010","toID":"1355020","formEdgeID":null},{"edgeID":"1774278","fromID":"1355020","toID":"1355001","formEdgeID":null},{"edgeID":"1774279","fromID":"1355002","toID":"1355021","formEdgeID":null},{"edgeID":"1774280","fromID":"1355021","toID":"1355011","formEdgeID":null},{"edgeID":"1774281","fromID":"1355021","toID":"1355022","formEdgeID":null},{"edgeID":"1774282","fromID":"1355022","toID":"1355020","formEdgeID":null},{"edgeID":"1774283","fromID":"1354984","toID":"1355023","formEdgeID":null},{"edgeID":"1774284","fromID":"1355023","toID":"1355011","formEdgeID":null},{"edgeID":"1774285","fromID":"1355010","toID":"1355024","formEdgeID":null},{"edgeID":"1774286","fromID":"1355024","toID":"1354983","formEdgeID":null},{"edgeID":"1774287","fromID":"1355001","toID":"1355024","formEdgeID":null},{"edgeID":"1774288","fromID":"1354989","toID":"1355025","formEdgeID":null},{"edgeID":"1774289","fromID":"1355025","toID":"1355026","formEdgeID":null},{"edgeID":"1774290","fromID":"1354975","toID":"1355026","formEdgeID":null},{"edgeID":"1774291","fromID":"1355026","toID":"1354983","formEdgeID":null},{"edgeID":"1774292","fromID":"1354970","toID":"1355026","formEdgeID":null},{"edgeID":"1774293","fromID":"1355029","toID":"1355028","formEdgeID":null},{"edgeID":"1774294","fromID":"1355030","toID":"1355029","formEdgeID":null},{"edgeID":"1774295","fromID":"1355028","toID":"1355031","formEdgeID":null},{"edgeID":"1774296","fromID":"1355031","toID":"1355027","formEdgeID":null},{"edgeID":"1774297","fromID":"1355011","toID":"1355032","formEdgeID":null},{"edgeID":"1774298","fromID":"1355032","toID":"1355016","formEdgeID":null},{"edgeID":"1774299","fromID":"1355016","toID":"1355033","formEdgeID":null},{"edgeID":"1774300","fromID":"1355033","toID":"1355028","formEdgeID":null},{"edgeID":"1774301","fromID":"1355015","toID":"1355034","formEdgeID":null},{"edgeID":"1774302","fromID":"1355034","toID":"1354983","formEdgeID":null},{"edgeID":"1774303","fromID":"1354984","toID":"1355035","formEdgeID":null},{"edgeID":"1774304","fromID":"1355035","toID":"1355016","formEdgeID":null},{"edgeID":"1774305","fromID":"1354984","toID":"1355036","formEdgeID":null},{"edgeID":"1774306","fromID":"1355036","toID":"1355002","formEdgeID":null},{"edgeID":"1774307","fromID":"1355035","toID":"1355037","formEdgeID":null},{"edgeID":"1774308","fromID":"1355037","toID":"1355034","formEdgeID":null},{"edgeID":"1774309","fromID":"1355040","toID":"1355039","formEdgeID":null},{"edgeID":"1774310","fromID":"1355041","toID":"1355040","formEdgeID":null},{"edgeID":"1774311","fromID":"1355039","toID":"1355042","formEdgeID":null},{"edgeID":"1774312","fromID":"1355042","toID":"1355038","formEdgeID":null},{"edgeID":"1774313","fromID":"1355038","toID":"1355043","formEdgeID":null},{"edgeID":"1774314","fromID":"1355043","toID":"1355027","formEdgeID":null},{"edgeID":"1774315","fromID":"1355028","toID":"1355044","formEdgeID":null},{"edgeID":"1774316","fromID":"1355044","toID":"1355039","formEdgeID":null},{"edgeID":"1774317","fromID":"1355044","toID":"1355045","formEdgeID":null},{"edgeID":"1774318","fromID":"1355045","toID":"1355043","formEdgeID":null}],"locutions":[]}