{"nodes":[{"nodeID":"1354162","text":"we have to meet very, very heavy, and testing thresholds","type":"I","timestamp":"2023-11-09 14:14:33"},{"nodeID":"1354163","text":"Pat Cullen: The very, very heavy, and testing thresholds that we have to meet","type":"L","timestamp":"2023-11-09 14:14:33"},{"nodeID":"1354164","text":"Analysing","type":"YA","timestamp":"2023-11-09 14:14:33"},{"nodeID":"1354165","text":"Anon: Pat Cullen: The very, very heavy, and testing thresholds that we have to meet","type":"L","timestamp":"2023-11-09 14:14:33"},{"nodeID":"1354166","text":"Asserting","type":"YA","timestamp":"2023-11-09 14:14:33"},{"nodeID":"1354167","text":"this Government set very heavy and testing thresholds for our nurses to have to meet","type":"I","timestamp":"2023-11-09 14:14:34"},{"nodeID":"1354168","text":"Pat Cullen: this Government set for our nurses to have to meet","type":"L","timestamp":"2023-11-09 14:14:34"},{"nodeID":"1354169","text":"Analysing","type":"YA","timestamp":"2023-11-09 14:14:34"},{"nodeID":"1354170","text":"Anon: Pat Cullen: this Government set for our nurses to have to meet","type":"L","timestamp":"2023-11-09 14:14:34"},{"nodeID":"1354171","text":"Asserting","type":"YA","timestamp":"2023-11-09 14:14:34"},{"nodeID":"1354172","text":"Default Transition","type":"TA","timestamp":"2023-11-09 14:14:34"},{"nodeID":"1354173","text":"Default Rephrase","type":"MA","timestamp":"2023-11-09 14:14:34"},{"nodeID":"1354174","text":"Restating","type":"YA","timestamp":"2023-11-09 14:14:34"},{"nodeID":"1354175","text":"the nurses have to ballot, and meet 50 per cent","type":"I","timestamp":"2023-11-09 14:14:35"},{"nodeID":"1354176","text":"Pat Cullen: They have to ballot, and meet 50 per cent","type":"L","timestamp":"2023-11-09 14:14:35"},{"nodeID":"1354177","text":"Analysing","type":"YA","timestamp":"2023-11-09 14:14:35"},{"nodeID":"1354178","text":"Anon: Pat Cullen: They have to ballot, and meet 50 per cent","type":"L","timestamp":"2023-11-09 14:14:35"},{"nodeID":"1354179","text":"Asserting","type":"YA","timestamp":"2023-11-09 14:14:35"},{"nodeID":"1354180","text":"Default Transition","type":"TA","timestamp":"2023-11-09 14:14:35"},{"nodeID":"1354181","text":"there are other thresholds that we have to meet after meeting 50 per cent","type":"I","timestamp":"2023-11-09 14:14:35"},{"nodeID":"1354182","text":"Pat Cullen: there's other thresholds that we have to meet after that","type":"L","timestamp":"2023-11-09 14:14:35"},{"nodeID":"1354183","text":"Analysing","type":"YA","timestamp":"2023-11-09 14:14:35"},{"nodeID":"1354184","text":"Anon: Pat Cullen: there's other thresholds that we have to meet after that","type":"L","timestamp":"2023-11-09 14:14:35"},{"nodeID":"1354185","text":"Asserting","type":"YA","timestamp":"2023-11-09 14:14:35"},{"nodeID":"1354186","text":"Default Inference","type":"RA","timestamp":"2023-11-09 14:14:35"},{"nodeID":"1354187","text":"Default Transition","type":"TA","timestamp":"2023-11-09 14:14:35"},{"nodeID":"1354188","text":"Arguing","type":"YA","timestamp":"2023-11-09 14:14:35"},{"nodeID":"1354189","text":"we started today with 46 organisations","type":"I","timestamp":"2023-11-09 14:14:36"},{"nodeID":"1354190","text":"Pat Cullen: we started today with 46 organisations","type":"L","timestamp":"2023-11-09 14:14:36"},{"nodeID":"1354191","text":"Analysing","type":"YA","timestamp":"2023-11-09 14:14:36"},{"nodeID":"1354192","text":"Anon: Pat Cullen: we started today with 46 organisations","type":"L","timestamp":"2023-11-09 14:14:36"},{"nodeID":"1354193","text":"Asserting","type":"YA","timestamp":"2023-11-09 14:14:36"},{"nodeID":"1354194","text":"Default Transition","type":"TA","timestamp":"2023-11-09 14:14:36"},{"nodeID":"1354195","text":"we started today with 46 organisations because xxx","type":"I","timestamp":"2023-11-09 14:14:37"},{"nodeID":"1354196","text":"Pat Cullen: why did we do that","type":"L","timestamp":"2023-11-09 14:14:37"},{"nodeID":"1354197","text":"Analysing","type":"YA","timestamp":"2023-11-09 14:14:37"},{"nodeID":"1354198","text":"Anon: Pat Cullen: why did we do that","type":"L","timestamp":"2023-11-09 14:14:37"},{"nodeID":"1354199","text":"Pure Questioning","type":"YA","timestamp":"2023-11-09 14:14:37"},{"nodeID":"1354200","text":"Default Transition","type":"TA","timestamp":"2023-11-09 14:14:37"},{"nodeID":"1354201","text":"Default Rephrase","type":"MA","timestamp":"2023-11-09 14:14:37"},{"nodeID":"1354202","text":"Restating","type":"YA","timestamp":"2023-11-09 14:14:37"},{"nodeID":"1354203","text":"we wanted to make sure that we manage this strike safely, and effectively, for every patient, the people that Pat Cullen is speaking with here tonight in this room, and every other patient in England, and Wales, and Northern Ireland","type":"I","timestamp":"2023-11-09 14:14:37"},{"nodeID":"1354204","text":"Pat Cullen: we wanted to make sure that we manage this strike safely, and effectively, for every patient, the people that I'm speaking with here tonight in this room, and every other patient in England, and Wales, and Northern Ireland","type":"L","timestamp":"2023-11-09 14:14:37"},{"nodeID":"1354205","text":"Analysing","type":"YA","timestamp":"2023-11-09 14:14:37"},{"nodeID":"1354206","text":"Anon: Pat Cullen: we wanted to make sure that we manage this strike safely, and effectively, for every patient, the people that I'm speaking with here tonight in this room, and every other patient in England, and Wales, and Northern Ireland","type":"L","timestamp":"2023-11-09 14:14:37"},{"nodeID":"1354207","text":"Asserting","type":"YA","timestamp":"2023-11-09 14:14:37"},{"nodeID":"1354208","text":"Default Transition","type":"TA","timestamp":"2023-11-09 14:14:37"},{"nodeID":"1354209","text":"Default Rephrase","type":"MA","timestamp":"2023-11-09 14:14:37"},{"nodeID":"1354210","text":"Default Illocuting","type":"YA","timestamp":"2023-11-09 14:14:37"},{"nodeID":"1354211","text":"time moves on, we understand","type":"I","timestamp":"2023-11-09 14:14:38"},{"nodeID":"1354212","text":"Pat Cullen: time moves on, we understand","type":"L","timestamp":"2023-11-09 14:14:38"},{"nodeID":"1354213","text":"Analysing","type":"YA","timestamp":"2023-11-09 14:14:38"},{"nodeID":"1354214","text":"Anon: Pat Cullen: time moves on, we understand","type":"L","timestamp":"2023-11-09 14:14:38"},{"nodeID":"1354215","text":"Asserting","type":"YA","timestamp":"2023-11-09 14:14:38"},{"nodeID":"1354216","text":"Default Transition","type":"TA","timestamp":"2023-11-09 14:14:38"},{"nodeID":"1354217","text":"Default Inference","type":"RA","timestamp":"2023-11-09 14:14:38"},{"nodeID":"1354218","text":"Arguing","type":"YA","timestamp":"2023-11-09 14:14:38"},{"nodeID":"1354219","text":"this Government doesn't speak to us, and doesn't get into a room","type":"I","timestamp":"2023-11-09 14:14:39"},{"nodeID":"1354220","text":"Pat Cullen: this Government doesn't speak to us, and doesn't get into a room","type":"L","timestamp":"2023-11-09 14:14:39"},{"nodeID":"1354221","text":"Analysing","type":"YA","timestamp":"2023-11-09 14:14:39"},{"nodeID":"1354222","text":"Anon: Pat Cullen: this Government doesn't speak to us, and doesn't get into a room","type":"L","timestamp":"2023-11-09 14:14:39"},{"nodeID":"1354223","text":"Asserting","type":"YA","timestamp":"2023-11-09 14:14:39"},{"nodeID":"1354224","text":"the striking situation will escalate","type":"I","timestamp":"2023-11-09 14:14:40"},{"nodeID":"1354225","text":"Pat Cullen: this will escalate","type":"L","timestamp":"2023-11-09 14:14:40"},{"nodeID":"1354226","text":"Analysing","type":"YA","timestamp":"2023-11-09 14:14:40"},{"nodeID":"1354227","text":"Anon: Pat Cullen: this will escalate","type":"L","timestamp":"2023-11-09 14:14:40"},{"nodeID":"1354228","text":"Asserting","type":"YA","timestamp":"2023-11-09 14:14:40"},{"nodeID":"1354229","text":"Default Transition","type":"TA","timestamp":"2023-11-09 14:14:40"},{"nodeID":"1354230","text":"Default Inference","type":"RA","timestamp":"2023-11-09 14:14:40"},{"nodeID":"1354231","text":"Arguing","type":"YA","timestamp":"2023-11-09 14:14:40"},{"nodeID":"1354232","text":"Default Inference","type":"RA","timestamp":"2023-11-09 14:14:40"},{"nodeID":"1354233","text":"Default Transition","type":"TA","timestamp":"2023-11-09 14:14:40"},{"nodeID":"1354234","text":"Arguing","type":"YA","timestamp":"2023-11-09 14:14:40"},{"nodeID":"1354235","text":"Default Transition","type":"TA","timestamp":"2023-11-09 14:14:40"}],"edges":[{"edgeID":"1773282","fromID":"1354164","toID":"1354163","formEdgeID":null},{"edgeID":"1773283","fromID":"1354165","toID":"1354164","formEdgeID":null},{"edgeID":"1773284","fromID":"1354163","toID":"1354166","formEdgeID":null},{"edgeID":"1773285","fromID":"1354166","toID":"1354162","formEdgeID":null},{"edgeID":"1773286","fromID":"1354169","toID":"1354168","formEdgeID":null},{"edgeID":"1773287","fromID":"1354170","toID":"1354169","formEdgeID":null},{"edgeID":"1773288","fromID":"1354168","toID":"1354171","formEdgeID":null},{"edgeID":"1773289","fromID":"1354171","toID":"1354167","formEdgeID":null},{"edgeID":"1773290","fromID":"1354163","toID":"1354172","formEdgeID":null},{"edgeID":"1773291","fromID":"1354172","toID":"1354168","formEdgeID":null},{"edgeID":"1773292","fromID":"1354167","toID":"1354173","formEdgeID":null},{"edgeID":"1773293","fromID":"1354173","toID":"1354162","formEdgeID":null},{"edgeID":"1773294","fromID":"1354172","toID":"1354174","formEdgeID":null},{"edgeID":"1773295","fromID":"1354174","toID":"1354173","formEdgeID":null},{"edgeID":"1773296","fromID":"1354177","toID":"1354176","formEdgeID":null},{"edgeID":"1773297","fromID":"1354178","toID":"1354177","formEdgeID":null},{"edgeID":"1773298","fromID":"1354176","toID":"1354179","formEdgeID":null},{"edgeID":"1773299","fromID":"1354179","toID":"1354175","formEdgeID":null},{"edgeID":"1773300","fromID":"1354168","toID":"1354180","formEdgeID":null},{"edgeID":"1773301","fromID":"1354180","toID":"1354176","formEdgeID":null},{"edgeID":"1773302","fromID":"1354183","toID":"1354182","formEdgeID":null},{"edgeID":"1773303","fromID":"1354184","toID":"1354183","formEdgeID":null},{"edgeID":"1773304","fromID":"1354182","toID":"1354185","formEdgeID":null},{"edgeID":"1773305","fromID":"1354185","toID":"1354181","formEdgeID":null},{"edgeID":"1773306","fromID":"1354181","toID":"1354186","formEdgeID":null},{"edgeID":"1773307","fromID":"1354186","toID":"1354162","formEdgeID":null},{"edgeID":"1773308","fromID":"1354175","toID":"1354186","formEdgeID":null},{"edgeID":"1773309","fromID":"1354163","toID":"1354187","formEdgeID":null},{"edgeID":"1773310","fromID":"1354187","toID":"1354182","formEdgeID":null},{"edgeID":"1773311","fromID":"1354187","toID":"1354188","formEdgeID":null},{"edgeID":"1773312","fromID":"1354188","toID":"1354186","formEdgeID":null},{"edgeID":"1773313","fromID":"1354191","toID":"1354190","formEdgeID":null},{"edgeID":"1773314","fromID":"1354192","toID":"1354191","formEdgeID":null},{"edgeID":"1773315","fromID":"1354190","toID":"1354193","formEdgeID":null},{"edgeID":"1773316","fromID":"1354193","toID":"1354189","formEdgeID":null},{"edgeID":"1773317","fromID":"1354182","toID":"1354194","formEdgeID":null},{"edgeID":"1773318","fromID":"1354194","toID":"1354190","formEdgeID":null},{"edgeID":"1773319","fromID":"1354197","toID":"1354196","formEdgeID":null},{"edgeID":"1773320","fromID":"1354198","toID":"1354197","formEdgeID":null},{"edgeID":"1773321","fromID":"1354196","toID":"1354199","formEdgeID":null},{"edgeID":"1773322","fromID":"1354199","toID":"1354195","formEdgeID":null},{"edgeID":"1773323","fromID":"1354190","toID":"1354200","formEdgeID":null},{"edgeID":"1773324","fromID":"1354200","toID":"1354196","formEdgeID":null},{"edgeID":"1773325","fromID":"1354195","toID":"1354201","formEdgeID":null},{"edgeID":"1773326","fromID":"1354201","toID":"1354189","formEdgeID":null},{"edgeID":"1773327","fromID":"1354200","toID":"1354202","formEdgeID":null},{"edgeID":"1773328","fromID":"1354202","toID":"1354201","formEdgeID":null},{"edgeID":"1773329","fromID":"1354205","toID":"1354204","formEdgeID":null},{"edgeID":"1773330","fromID":"1354206","toID":"1354205","formEdgeID":null},{"edgeID":"1773331","fromID":"1354204","toID":"1354207","formEdgeID":null},{"edgeID":"1773332","fromID":"1354207","toID":"1354203","formEdgeID":null},{"edgeID":"1773333","fromID":"1354196","toID":"1354208","formEdgeID":null},{"edgeID":"1773334","fromID":"1354208","toID":"1354204","formEdgeID":null},{"edgeID":"1773335","fromID":"1354203","toID":"1354209","formEdgeID":null},{"edgeID":"1773336","fromID":"1354209","toID":"1354195","formEdgeID":null},{"edgeID":"1773337","fromID":"1354208","toID":"1354210","formEdgeID":null},{"edgeID":"1773338","fromID":"1354210","toID":"1354209","formEdgeID":null},{"edgeID":"1773339","fromID":"1354213","toID":"1354212","formEdgeID":null},{"edgeID":"1773340","fromID":"1354214","toID":"1354213","formEdgeID":null},{"edgeID":"1773341","fromID":"1354212","toID":"1354215","formEdgeID":null},{"edgeID":"1773342","fromID":"1354215","toID":"1354211","formEdgeID":null},{"edgeID":"1773343","fromID":"1354204","toID":"1354216","formEdgeID":null},{"edgeID":"1773344","fromID":"1354216","toID":"1354212","formEdgeID":null},{"edgeID":"1773345","fromID":"1354211","toID":"1354217","formEdgeID":null},{"edgeID":"1773346","fromID":"1354217","toID":"1354203","formEdgeID":null},{"edgeID":"1773347","fromID":"1354216","toID":"1354218","formEdgeID":null},{"edgeID":"1773348","fromID":"1354218","toID":"1354217","formEdgeID":null},{"edgeID":"1773349","fromID":"1354221","toID":"1354220","formEdgeID":null},{"edgeID":"1773350","fromID":"1354222","toID":"1354221","formEdgeID":null},{"edgeID":"1773351","fromID":"1354220","toID":"1354223","formEdgeID":null},{"edgeID":"1773352","fromID":"1354223","toID":"1354219","formEdgeID":null},{"edgeID":"1773353","fromID":"1354226","toID":"1354225","formEdgeID":null},{"edgeID":"1773354","fromID":"1354227","toID":"1354226","formEdgeID":null},{"edgeID":"1773355","fromID":"1354225","toID":"1354228","formEdgeID":null},{"edgeID":"1773356","fromID":"1354228","toID":"1354224","formEdgeID":null},{"edgeID":"1773357","fromID":"1354220","toID":"1354229","formEdgeID":null},{"edgeID":"1773358","fromID":"1354229","toID":"1354225","formEdgeID":null},{"edgeID":"1773359","fromID":"1354219","toID":"1354230","formEdgeID":null},{"edgeID":"1773360","fromID":"1354230","toID":"1354224","formEdgeID":null},{"edgeID":"1773361","fromID":"1354229","toID":"1354231","formEdgeID":null},{"edgeID":"1773362","fromID":"1354231","toID":"1354230","formEdgeID":null},{"edgeID":"1773363","fromID":"1354211","toID":"1354232","formEdgeID":null},{"edgeID":"1773364","fromID":"1354232","toID":"1354224","formEdgeID":null},{"edgeID":"1773365","fromID":"1354212","toID":"1354233","formEdgeID":null},{"edgeID":"1773366","fromID":"1354233","toID":"1354225","formEdgeID":null},{"edgeID":"1773367","fromID":"1354233","toID":"1354234","formEdgeID":null},{"edgeID":"1773368","fromID":"1354234","toID":"1354232","formEdgeID":null},{"edgeID":"1773369","fromID":"1354212","toID":"1354235","formEdgeID":null},{"edgeID":"1773370","fromID":"1354235","toID":"1354220","formEdgeID":null}],"locutions":[]}