{"nodes":[{"nodeID":"1375390","text":"please don't burn EU Regulation in a bonfire","type":"I","timestamp":"2023-11-09 14:47:03"},{"nodeID":"1375391","text":"Fiona Bruce:  there are groups, Jacob, such as the Institute for Directors who have said, hang on, when it comes to a big bonfire of EU regulation, please don't do that,","type":"L","timestamp":"2023-11-09 14:47:03"},{"nodeID":"1375392","text":"Analysing","type":"YA","timestamp":"2023-11-09 14:47:03"},{"nodeID":"1375393","text":"Anon: Fiona Bruce:  there are groups, Jacob, such as the Institute for Directors who have said, hang on, when it comes to a big bonfire of EU regulation, please don't do that,","type":"L","timestamp":"2023-11-09 14:47:03"},{"nodeID":"1375394","text":"Institute for Directors :  there are groups, Jacob, such as the Institute for Directors who have said, hang on, when it comes to a big bonfire of EU regulation, please don't do that,","type":"L","timestamp":"2023-11-09 14:47:03"},{"nodeID":"1375395","text":"Analysing","type":"YA","timestamp":"2023-11-09 14:47:03"},{"nodeID":"1375396","text":"Anon: Institute for Directors :  there are groups, Jacob, such as the Institute for Directors who have said, hang on, when it comes to a big bonfire of EU regulation, please don't do that,","type":"L","timestamp":"2023-11-09 14:47:03"},{"nodeID":"1375397","text":"Asserting","type":"YA","timestamp":"2023-11-09 14:47:03"},{"nodeID":"1375398","text":"Asserting","type":"YA","timestamp":"2023-11-09 14:47:03"},{"nodeID":"1375399","text":"by getting rid of EU regulation the UK government could be throwing out the baby with the bathwater","type":"I","timestamp":"2023-11-09 14:47:04"},{"nodeID":"1375400","text":"Fiona Bruce: you could be throwing out the baby with the bathwater.","type":"L","timestamp":"2023-11-09 14:47:04"},{"nodeID":"1375401","text":"Analysing","type":"YA","timestamp":"2023-11-09 14:47:04"},{"nodeID":"1375402","text":"Anon: Fiona Bruce: you could be throwing out the baby with the bathwater.","type":"L","timestamp":"2023-11-09 14:47:04"},{"nodeID":"1375403","text":"Institute for Directors : you could be throwing out the baby with the bathwater.","type":"L","timestamp":"2023-11-09 14:47:04"},{"nodeID":"1375404","text":"Analysing","type":"YA","timestamp":"2023-11-09 14:47:04"},{"nodeID":"1375405","text":"Anon: Institute for Directors : you could be throwing out the baby with the bathwater.","type":"L","timestamp":"2023-11-09 14:47:04"},{"nodeID":"1375406","text":"Asserting","type":"YA","timestamp":"2023-11-09 14:47:04"},{"nodeID":"1375407","text":"Asserting","type":"YA","timestamp":"2023-11-09 14:47:04"},{"nodeID":"1375408","text":"Default Transition","type":"TA","timestamp":"2023-11-09 14:47:04"},{"nodeID":"1375409","text":"resistance to throwing out EU regulation is absolutely fascinating","type":"I","timestamp":"2023-11-09 14:47:04"},{"nodeID":"1375410","text":"Jacob Rees-Mogg:  this is absolutely fascinating","type":"L","timestamp":"2023-11-09 14:47:04"},{"nodeID":"1375411","text":"Analysing","type":"YA","timestamp":"2023-11-09 14:47:04"},{"nodeID":"1375412","text":"Anon: Jacob Rees-Mogg:  this is absolutely fascinating","type":"L","timestamp":"2023-11-09 14:47:04"},{"nodeID":"1375413","text":"Asserting","type":"YA","timestamp":"2023-11-09 14:47:04"},{"nodeID":"1375414","text":"Default Transition","type":"TA","timestamp":"2023-11-09 14:47:04"},{"nodeID":"1375415","text":"Jacob Reece Mogg will give an example, of the chemical regulation","type":"I","timestamp":"2023-11-09 14:47:05"},{"nodeID":"1375416","text":"Jacob Rees-Mogg: I'll give you an example, of the chemical regulation.","type":"L","timestamp":"2023-11-09 14:47:05"},{"nodeID":"1375417","text":"Analysing","type":"YA","timestamp":"2023-11-09 14:47:05"},{"nodeID":"1375418","text":"Anon: Jacob Rees-Mogg: I'll give you an example, of the chemical regulation.","type":"L","timestamp":"2023-11-09 14:47:05"},{"nodeID":"1375419","text":"Asserting","type":"YA","timestamp":"2023-11-09 14:47:05"},{"nodeID":"1375420","text":"Default Transition","type":"TA","timestamp":"2023-11-09 14:47:05"},{"nodeID":"1375421","text":"the chemical industry complained bitterly against the REACH regulations","type":"I","timestamp":"2023-11-09 14:47:05"},{"nodeID":"1375422","text":"Jacob Rees-Mogg: The chemical industry complained bitterly against the REACH regulations","type":"L","timestamp":"2023-11-09 14:47:05"},{"nodeID":"1375423","text":"Analysing","type":"YA","timestamp":"2023-11-09 14:47:05"},{"nodeID":"1375424","text":"Anon: Jacob Rees-Mogg: The chemical industry complained bitterly against the REACH regulations","type":"L","timestamp":"2023-11-09 14:47:05"},{"nodeID":"1375425","text":"Asserting","type":"YA","timestamp":"2023-11-09 14:47:05"},{"nodeID":"1375426","text":"Default Transition","type":"TA","timestamp":"2023-11-09 14:47:05"},{"nodeID":"1375427","text":"the REACH chemical regulations are terrible, we hate them, they should never come in","type":"I","timestamp":"2023-11-09 14:47:06"},{"nodeID":"1375428","text":"Jacob Rees-Mogg: they said they're terrible, we hate them, they should never come in.","type":"L","timestamp":"2023-11-09 14:47:06"},{"nodeID":"1375429","text":"Analysing","type":"YA","timestamp":"2023-11-09 14:47:06"},{"nodeID":"1375430","text":"Anon: Jacob Rees-Mogg: they said they're terrible, we hate them, they should never come in.","type":"L","timestamp":"2023-11-09 14:47:06"},{"nodeID":"1375431","text":"The Chemical Industry : the REACH chemical regulations are terrible, we hate them, they should never come in.","type":"L","timestamp":"2023-11-09 14:47:06"},{"nodeID":"1375432","text":"Analysing","type":"YA","timestamp":"2023-11-09 14:47:06"},{"nodeID":"1375433","text":"Anon: The Chemical Industry : they said they're terrible, we hate them, they should never come in.","type":"L","timestamp":"2023-11-09 14:47:06"},{"nodeID":"1375434","text":"Default Transition","type":"TA","timestamp":"2023-11-09 14:47:06"},{"nodeID":"1375435","text":"Asserting","type":"YA","timestamp":"2023-11-09 14:47:06"},{"nodeID":"1375436","text":"Asserting","type":"YA","timestamp":"2023-11-09 14:47:06"},{"nodeID":"1375437","text":"Default Rephrase","type":"MA","timestamp":"2023-11-09 14:47:06"},{"nodeID":"1375438","text":"Restating","type":"YA","timestamp":"2023-11-09 14:47:06"},{"nodeID":"1375439","text":"often businesses get protection against competitors, and suddenly say, let's keep these regulations","type":"I","timestamp":"2023-11-09 14:47:07"},{"nodeID":"1375440","text":"Jacob Rees-Mogg: you often find that businesses get the protection against competitors, and suddenly say, let's keep these regulations.","type":"L","timestamp":"2023-11-09 14:47:07"},{"nodeID":"1375441","text":"Analysing","type":"YA","timestamp":"2023-11-09 14:47:07"},{"nodeID":"1375442","text":"Anon: Jacob Rees-Mogg: you often find that businesses get the protection against competitors, and suddenly say, let's keep these regulations.","type":"L","timestamp":"2023-11-09 14:47:07"},{"nodeID":"1375443","text":"Asserting","type":"YA","timestamp":"2023-11-09 14:47:07"},{"nodeID":"1375444","text":"what we want is to put the consumer interest first","type":"I","timestamp":"2023-11-09 14:47:07"},{"nodeID":"1375445","text":"Jacob Rees-Mogg:  what we want is to put the consumer interest first","type":"L","timestamp":"2023-11-09 14:47:07"},{"nodeID":"1375446","text":"Analysing","type":"YA","timestamp":"2023-11-09 14:47:07"},{"nodeID":"1375447","text":"Anon: Jacob Rees-Mogg:  what we want is to put the consumer interest first","type":"L","timestamp":"2023-11-09 14:47:07"},{"nodeID":"1375448","text":"Asserting","type":"YA","timestamp":"2023-11-09 14:47:07"},{"nodeID":"1375449","text":"Default Transition","type":"TA","timestamp":"2023-11-09 14:47:07"},{"nodeID":"1375450","text":"putting the consumers needs first means, deregulating","type":"I","timestamp":"2023-11-09 14:47:08"},{"nodeID":"1375451","text":"Jacob Rees-Mogg: that means, deregulating","type":"L","timestamp":"2023-11-09 14:47:08"},{"nodeID":"1375452","text":"Analysing","type":"YA","timestamp":"2023-11-09 14:47:08"},{"nodeID":"1375453","text":"Anon: Jacob Rees-Mogg: that means, deregulating","type":"L","timestamp":"2023-11-09 14:47:08"},{"nodeID":"1375454","text":"Asserting","type":"YA","timestamp":"2023-11-09 14:47:08"},{"nodeID":"1375455","text":"Default Transition","type":"TA","timestamp":"2023-11-09 14:47:08"},{"nodeID":"1375456","text":"Default Conflict","type":"CA","timestamp":"2023-11-09 14:47:08"},{"nodeID":"1375457","text":"Default Rephrase","type":"MA","timestamp":"2023-11-09 14:47:08"},{"nodeID":"1375458","text":"Restating","type":"YA","timestamp":"2023-11-09 14:47:08"},{"nodeID":"1375459","text":"Default Transition","type":"TA","timestamp":"2023-11-09 14:47:08"},{"nodeID":"1375460","text":"Disagreeing","type":"YA","timestamp":"2023-11-09 14:47:08"},{"nodeID":"1375461","text":"audience member 20230112QT23 has spent the last 30 years as a director in the wine industry","type":"I","timestamp":"2023-11-09 14:47:08"},{"nodeID":"1375462","text":"AudienceMember 20230112QT23: I've spent the last 30 years as a director in the wine industry","type":"L","timestamp":"2023-11-09 14:47:08"},{"nodeID":"1375463","text":"Analysing","type":"YA","timestamp":"2023-11-09 14:47:08"},{"nodeID":"1375464","text":"Anon: AudienceMember 20230112QT23: I've spent the last 30 years as a director in the wine industry","type":"L","timestamp":"2023-11-09 14:47:08"},{"nodeID":"1375465","text":"Asserting","type":"YA","timestamp":"2023-11-09 14:47:08"},{"nodeID":"1375466","text":"Default Transition","type":"TA","timestamp":"2023-11-09 14:47:08"},{"nodeID":"1375467","text":"audience member 20230112QT23 experienced first-hand just how terrible things have become post-Brexit","type":"I","timestamp":"2023-11-09 14:47:09"},{"nodeID":"1375468","text":"AudienceMember 20230112QT23: I've experienced first-hand just how terrible things have become post-Brexit","type":"L","timestamp":"2023-11-09 14:47:09"},{"nodeID":"1375469","text":"Analysing","type":"YA","timestamp":"2023-11-09 14:47:09"},{"nodeID":"1375470","text":"Anon: AudienceMember 20230112QT23: I've experienced first-hand just how terrible things have become post-Brexit","type":"L","timestamp":"2023-11-09 14:47:09"},{"nodeID":"1375471","text":"Asserting","type":"YA","timestamp":"2023-11-09 14:47:09"},{"nodeID":"1375472","text":"Default Transition","type":"TA","timestamp":"2023-11-09 14:47:09"},{"nodeID":"1375473","text":"audience member 20230112QT23 finds it incredibly disappointing as a lifelong Conservative voter to hear Jacob saying deregulation is best for the consumer","type":"I","timestamp":"2023-11-09 14:47:10"},{"nodeID":"1375474","text":"Jacob Rees-Mogg: I find it incredibly disappointing as a lifelong Conservative voter to hear Jacob saying all this stuff.","type":"L","timestamp":"2023-11-09 14:47:10"},{"nodeID":"1375475","text":"Analysing","type":"YA","timestamp":"2023-11-09 14:47:10"},{"nodeID":"1375476","text":"Anon: Jacob Rees-Mogg: I find it incredibly disappointing as a lifelong Conservative voter to hear Jacob saying all this stuff.","type":"L","timestamp":"2023-11-09 14:47:10"},{"nodeID":"1375477","text":"Asserting","type":"YA","timestamp":"2023-11-09 14:47:10"},{"nodeID":"1375478","text":"Default Transition","type":"TA","timestamp":"2023-11-09 14:47:10"},{"nodeID":"1375479","text":"Default Inference","type":"RA","timestamp":"2023-11-09 14:47:10"},{"nodeID":"1375480","text":"Default Inference","type":"RA","timestamp":"2023-11-09 14:47:10"},{"nodeID":"1375481","text":"Arguing","type":"YA","timestamp":"2023-11-09 14:47:10"},{"nodeID":"1375482","text":"Arguing","type":"YA","timestamp":"2023-11-09 14:47:10"},{"nodeID":"1375483","text":"Default Conflict","type":"CA","timestamp":"2023-11-09 14:47:10"},{"nodeID":"1375484","text":"Default Transition","type":"TA","timestamp":"2023-11-09 14:47:10"},{"nodeID":"1375485","text":"Disagreeing","type":"YA","timestamp":"2023-11-09 14:47:10"},{"nodeID":"1375486","text":"Default Inference","type":"RA","timestamp":"2023-11-09 14:47:10"},{"nodeID":"1375487","text":"Arguing","type":"YA","timestamp":"2023-11-09 14:47:10"},{"nodeID":"1375488","text":"when the REACH regulations first came in they were marvellous","type":"I","timestamp":"2023-11-09 14:47:10"},{"nodeID":"1375489","text":"Jacob Rees-Mogg: As soon as they came in they said, oh that\u2019s marvellous","type":"L","timestamp":"2023-11-09 14:47:10"},{"nodeID":"1375490","text":"Analysing","type":"YA","timestamp":"2023-11-09 14:47:10"},{"nodeID":"1375491","text":"Anon: Jacob Rees-Mogg: As soon as they came in they said, oh that\u2019s marvellous","type":"L","timestamp":"2023-11-09 14:47:10"},{"nodeID":"1375492","text":"Default Transition","type":"TA","timestamp":"2023-11-09 14:47:10"},{"nodeID":"1375493","text":"The Chemical Industry : when the REACH regulations first came in they were marvellous","type":"L","timestamp":"2023-11-09 14:47:10"},{"nodeID":"1375494","text":"Analysing","type":"YA","timestamp":"2023-11-09 14:47:10"},{"nodeID":"1375495","text":"Anon: The Chemical Industry : As soon as they came in they said, oh that\u2019s marvellous","type":"L","timestamp":"2023-11-09 14:47:10"},{"nodeID":"1375496","text":"the REACH regulations keep everybody else out","type":"I","timestamp":"2023-11-09 14:47:11"},{"nodeID":"1375497","text":"Jacob Rees-Mogg:  it keeps everybody else out","type":"L","timestamp":"2023-11-09 14:47:11"},{"nodeID":"1375498","text":"Analysing","type":"YA","timestamp":"2023-11-09 14:47:11"},{"nodeID":"1375499","text":"Anon: Jacob Rees-Mogg:  it keeps everybody else out","type":"L","timestamp":"2023-11-09 14:47:11"},{"nodeID":"1375500","text":"Default Transition","type":"TA","timestamp":"2023-11-09 14:47:11"},{"nodeID":"1375501","text":"The Chemical Industry:  the REACH regulations keep everybody else out","type":"L","timestamp":"2023-11-09 14:47:11"},{"nodeID":"1375502","text":"Analysing","type":"YA","timestamp":"2023-11-09 14:47:11"},{"nodeID":"1375503","text":"Anon: The Chemical Industry:  it keeps everybody else out","type":"L","timestamp":"2023-11-09 14:47:11"},{"nodeID":"1375504","text":"Asserting","type":"YA","timestamp":"2023-11-09 14:47:11"},{"nodeID":"1375505","text":"Asserting","type":"YA","timestamp":"2023-11-09 14:47:11"},{"nodeID":"1375506","text":"Asserting","type":"YA","timestamp":"2023-11-09 14:47:11"},{"nodeID":"1375507","text":"Asserting","type":"YA","timestamp":"2023-11-09 14:47:11"},{"nodeID":"1375508","text":"Default Inference","type":"RA","timestamp":"2023-11-09 14:47:11"},{"nodeID":"1375509","text":"Default Inference","type":"RA","timestamp":"2023-11-09 14:47:11"},{"nodeID":"1375510","text":"Default Conflict","type":"CA","timestamp":"2023-11-09 14:47:11"},{"nodeID":"1375511","text":"Disagreeing","type":"YA","timestamp":"2023-11-09 14:47:11"},{"nodeID":"1375512","text":"Default Rephrase","type":"MA","timestamp":"2023-11-09 14:47:11"},{"nodeID":"1375513","text":"Default Transition","type":"TA","timestamp":"2023-11-09 14:47:11"},{"nodeID":"1375514","text":"Restating","type":"YA","timestamp":"2023-11-09 14:47:11"}],"edges":[{"edgeID":"1798506","fromID":"1375392","toID":"1375391","formEdgeID":null},{"edgeID":"1798507","fromID":"1375393","toID":"1375392","formEdgeID":null},{"edgeID":"1798508","fromID":"1375395","toID":"1375394","formEdgeID":null},{"edgeID":"1798509","fromID":"1375396","toID":"1375395","formEdgeID":null},{"edgeID":"1798510","fromID":"1375391","toID":"1375397","formEdgeID":null},{"edgeID":"1798511","fromID":"1375397","toID":"1375394","formEdgeID":null},{"edgeID":"1798512","fromID":"1375394","toID":"1375398","formEdgeID":null},{"edgeID":"1798513","fromID":"1375398","toID":"1375390","formEdgeID":null},{"edgeID":"1798514","fromID":"1375401","toID":"1375400","formEdgeID":null},{"edgeID":"1798515","fromID":"1375402","toID":"1375401","formEdgeID":null},{"edgeID":"1798516","fromID":"1375404","toID":"1375403","formEdgeID":null},{"edgeID":"1798517","fromID":"1375405","toID":"1375404","formEdgeID":null},{"edgeID":"1798518","fromID":"1375400","toID":"1375406","formEdgeID":null},{"edgeID":"1798519","fromID":"1375406","toID":"1375403","formEdgeID":null},{"edgeID":"1798520","fromID":"1375403","toID":"1375407","formEdgeID":null},{"edgeID":"1798521","fromID":"1375407","toID":"1375399","formEdgeID":null},{"edgeID":"1798522","fromID":"1375391","toID":"1375408","formEdgeID":null},{"edgeID":"1798523","fromID":"1375408","toID":"1375400","formEdgeID":null},{"edgeID":"1798524","fromID":"1375411","toID":"1375410","formEdgeID":null},{"edgeID":"1798525","fromID":"1375412","toID":"1375411","formEdgeID":null},{"edgeID":"1798526","fromID":"1375410","toID":"1375413","formEdgeID":null},{"edgeID":"1798527","fromID":"1375413","toID":"1375409","formEdgeID":null},{"edgeID":"1798528","fromID":"1375400","toID":"1375414","formEdgeID":null},{"edgeID":"1798529","fromID":"1375414","toID":"1375410","formEdgeID":null},{"edgeID":"1798530","fromID":"1375417","toID":"1375416","formEdgeID":null},{"edgeID":"1798531","fromID":"1375418","toID":"1375417","formEdgeID":null},{"edgeID":"1798532","fromID":"1375416","toID":"1375419","formEdgeID":null},{"edgeID":"1798533","fromID":"1375419","toID":"1375415","formEdgeID":null},{"edgeID":"1798534","fromID":"1375410","toID":"1375420","formEdgeID":null},{"edgeID":"1798535","fromID":"1375420","toID":"1375416","formEdgeID":null},{"edgeID":"1798536","fromID":"1375423","toID":"1375422","formEdgeID":null},{"edgeID":"1798537","fromID":"1375424","toID":"1375423","formEdgeID":null},{"edgeID":"1798538","fromID":"1375422","toID":"1375425","formEdgeID":null},{"edgeID":"1798539","fromID":"1375425","toID":"1375421","formEdgeID":null},{"edgeID":"1798540","fromID":"1375416","toID":"1375426","formEdgeID":null},{"edgeID":"1798541","fromID":"1375426","toID":"1375422","formEdgeID":null},{"edgeID":"1798542","fromID":"1375429","toID":"1375428","formEdgeID":null},{"edgeID":"1798543","fromID":"1375430","toID":"1375429","formEdgeID":null},{"edgeID":"1798544","fromID":"1375432","toID":"1375431","formEdgeID":null},{"edgeID":"1798545","fromID":"1375433","toID":"1375432","formEdgeID":null},{"edgeID":"1798546","fromID":"1375422","toID":"1375434","formEdgeID":null},{"edgeID":"1798547","fromID":"1375434","toID":"1375428","formEdgeID":null},{"edgeID":"1798548","fromID":"1375428","toID":"1375435","formEdgeID":null},{"edgeID":"1798549","fromID":"1375435","toID":"1375431","formEdgeID":null},{"edgeID":"1798550","fromID":"1375431","toID":"1375436","formEdgeID":null},{"edgeID":"1798551","fromID":"1375436","toID":"1375427","formEdgeID":null},{"edgeID":"1798552","fromID":"1375427","toID":"1375437","formEdgeID":null},{"edgeID":"1798553","fromID":"1375437","toID":"1375421","formEdgeID":null},{"edgeID":"1798554","fromID":"1375434","toID":"1375438","formEdgeID":null},{"edgeID":"1798555","fromID":"1375438","toID":"1375437","formEdgeID":null},{"edgeID":"1798556","fromID":"1375441","toID":"1375440","formEdgeID":null},{"edgeID":"1798557","fromID":"1375442","toID":"1375441","formEdgeID":null},{"edgeID":"1798558","fromID":"1375440","toID":"1375443","formEdgeID":null},{"edgeID":"1798559","fromID":"1375443","toID":"1375439","formEdgeID":null},{"edgeID":"1798560","fromID":"1375446","toID":"1375445","formEdgeID":null},{"edgeID":"1798561","fromID":"1375447","toID":"1375446","formEdgeID":null},{"edgeID":"1798562","fromID":"1375445","toID":"1375448","formEdgeID":null},{"edgeID":"1798563","fromID":"1375448","toID":"1375444","formEdgeID":null},{"edgeID":"1798564","fromID":"1375440","toID":"1375449","formEdgeID":null},{"edgeID":"1798565","fromID":"1375449","toID":"1375445","formEdgeID":null},{"edgeID":"1798566","fromID":"1375452","toID":"1375451","formEdgeID":null},{"edgeID":"1798567","fromID":"1375453","toID":"1375452","formEdgeID":null},{"edgeID":"1798568","fromID":"1375451","toID":"1375454","formEdgeID":null},{"edgeID":"1798569","fromID":"1375454","toID":"1375450","formEdgeID":null},{"edgeID":"1798570","fromID":"1375445","toID":"1375455","formEdgeID":null},{"edgeID":"1798571","fromID":"1375455","toID":"1375451","formEdgeID":null},{"edgeID":"1798572","fromID":"1375450","toID":"1375456","formEdgeID":null},{"edgeID":"1798573","fromID":"1375456","toID":"1375390","formEdgeID":null},{"edgeID":"1798574","fromID":"1375450","toID":"1375457","formEdgeID":null},{"edgeID":"1798575","fromID":"1375457","toID":"1375444","formEdgeID":null},{"edgeID":"1798576","fromID":"1375455","toID":"1375458","formEdgeID":null},{"edgeID":"1798577","fromID":"1375458","toID":"1375457","formEdgeID":null},{"edgeID":"1798578","fromID":"1375391","toID":"1375459","formEdgeID":null},{"edgeID":"1798579","fromID":"1375459","toID":"1375451","formEdgeID":null},{"edgeID":"1798580","fromID":"1375459","toID":"1375460","formEdgeID":null},{"edgeID":"1798581","fromID":"1375460","toID":"1375456","formEdgeID":null},{"edgeID":"1798582","fromID":"1375463","toID":"1375462","formEdgeID":null},{"edgeID":"1798583","fromID":"1375464","toID":"1375463","formEdgeID":null},{"edgeID":"1798584","fromID":"1375462","toID":"1375465","formEdgeID":null},{"edgeID":"1798585","fromID":"1375465","toID":"1375461","formEdgeID":null},{"edgeID":"1798586","fromID":"1375451","toID":"1375466","formEdgeID":null},{"edgeID":"1798587","fromID":"1375466","toID":"1375462","formEdgeID":null},{"edgeID":"1798588","fromID":"1375469","toID":"1375468","formEdgeID":null},{"edgeID":"1798589","fromID":"1375470","toID":"1375469","formEdgeID":null},{"edgeID":"1798590","fromID":"1375468","toID":"1375471","formEdgeID":null},{"edgeID":"1798591","fromID":"1375471","toID":"1375467","formEdgeID":null},{"edgeID":"1798592","fromID":"1375462","toID":"1375472","formEdgeID":null},{"edgeID":"1798593","fromID":"1375472","toID":"1375468","formEdgeID":null},{"edgeID":"1798594","fromID":"1375475","toID":"1375474","formEdgeID":null},{"edgeID":"1798595","fromID":"1375476","toID":"1375475","formEdgeID":null},{"edgeID":"1798596","fromID":"1375474","toID":"1375477","formEdgeID":null},{"edgeID":"1798597","fromID":"1375477","toID":"1375473","formEdgeID":null},{"edgeID":"1798598","fromID":"1375468","toID":"1375478","formEdgeID":null},{"edgeID":"1798599","fromID":"1375478","toID":"1375474","formEdgeID":null},{"edgeID":"1798600","fromID":"1375467","toID":"1375479","formEdgeID":null},{"edgeID":"1798601","fromID":"1375479","toID":"1375473","formEdgeID":null},{"edgeID":"1798602","fromID":"1375461","toID":"1375480","formEdgeID":null},{"edgeID":"1798603","fromID":"1375480","toID":"1375467","formEdgeID":null},{"edgeID":"1798604","fromID":"1375472","toID":"1375481","formEdgeID":null},{"edgeID":"1798605","fromID":"1375481","toID":"1375480","formEdgeID":null},{"edgeID":"1798606","fromID":"1375478","toID":"1375482","formEdgeID":null},{"edgeID":"1798607","fromID":"1375482","toID":"1375479","formEdgeID":null},{"edgeID":"1798608","fromID":"1375473","toID":"1375483","formEdgeID":null},{"edgeID":"1798609","fromID":"1375483","toID":"1375450","formEdgeID":null},{"edgeID":"1798610","fromID":"1375451","toID":"1375484","formEdgeID":null},{"edgeID":"1798611","fromID":"1375484","toID":"1375474","formEdgeID":null},{"edgeID":"1798612","fromID":"1375484","toID":"1375485","formEdgeID":null},{"edgeID":"1798613","fromID":"1375485","toID":"1375483","formEdgeID":null},{"edgeID":"1798614","fromID":"1375399","toID":"1375486","formEdgeID":null},{"edgeID":"1798615","fromID":"1375486","toID":"1375390","formEdgeID":null},{"edgeID":"1798616","fromID":"1375408","toID":"1375487","formEdgeID":null},{"edgeID":"1798617","fromID":"1375487","toID":"1375486","formEdgeID":null},{"edgeID":"1798618","fromID":"1375490","toID":"1375489","formEdgeID":null},{"edgeID":"1798619","fromID":"1375491","toID":"1375490","formEdgeID":null},{"edgeID":"1798620","fromID":"1375428","toID":"1375492","formEdgeID":null},{"edgeID":"1798621","fromID":"1375492","toID":"1375489","formEdgeID":null},{"edgeID":"1798622","fromID":"1375494","toID":"1375493","formEdgeID":null},{"edgeID":"1798623","fromID":"1375495","toID":"1375494","formEdgeID":null},{"edgeID":"1798624","fromID":"1375498","toID":"1375497","formEdgeID":null},{"edgeID":"1798625","fromID":"1375499","toID":"1375498","formEdgeID":null},{"edgeID":"1798626","fromID":"1375489","toID":"1375500","formEdgeID":null},{"edgeID":"1798627","fromID":"1375500","toID":"1375497","formEdgeID":null},{"edgeID":"1798628","fromID":"1375502","toID":"1375501","formEdgeID":null},{"edgeID":"1798629","fromID":"1375503","toID":"1375502","formEdgeID":null},{"edgeID":"1798630","fromID":"1375489","toID":"1375504","formEdgeID":null},{"edgeID":"1798631","fromID":"1375504","toID":"1375493","formEdgeID":null},{"edgeID":"1798632","fromID":"1375493","toID":"1375505","formEdgeID":null},{"edgeID":"1798633","fromID":"1375505","toID":"1375488","formEdgeID":null},{"edgeID":"1798634","fromID":"1375497","toID":"1375506","formEdgeID":null},{"edgeID":"1798635","fromID":"1375506","toID":"1375501","formEdgeID":null},{"edgeID":"1798636","fromID":"1375501","toID":"1375507","formEdgeID":null},{"edgeID":"1798637","fromID":"1375507","toID":"1375496","formEdgeID":null},{"edgeID":"1798638","fromID":"1375496","toID":"1375508","formEdgeID":null},{"edgeID":"1798639","fromID":"1375508","toID":"1375488","formEdgeID":null},{"edgeID":"1798640","fromID":"1375497","toID":"1375509","formEdgeID":null},{"edgeID":"1798641","fromID":"1375509","toID":"1375508","formEdgeID":null},{"edgeID":"1798642","fromID":"1375488","toID":"1375510","formEdgeID":null},{"edgeID":"1798643","fromID":"1375510","toID":"1375427","formEdgeID":null},{"edgeID":"1798644","fromID":"1375492","toID":"1375511","formEdgeID":null},{"edgeID":"1798645","fromID":"1375511","toID":"1375510","formEdgeID":null},{"edgeID":"1798646","fromID":"1375439","toID":"1375512","formEdgeID":null},{"edgeID":"1798647","fromID":"1375512","toID":"1375488","formEdgeID":null},{"edgeID":"1798648","fromID":"1375489","toID":"1375513","formEdgeID":null},{"edgeID":"1798649","fromID":"1375513","toID":"1375440","formEdgeID":null},{"edgeID":"1798650","fromID":"1375513","toID":"1375514","formEdgeID":null},{"edgeID":"1798651","fromID":"1375514","toID":"1375512","formEdgeID":null}],"locutions":[]}