{"nodes":[{"nodeID":"1357355","text":"we also need to be able to return people who do not have a genuine claim, or get them to another safe country","type":"I","timestamp":"2023-11-09 14:20:28"},{"nodeID":"1357356","text":"Shabana Mahmood: we also need to be able to return people who do not have a genuine claim, or get them to another safe country","type":"L","timestamp":"2023-11-09 14:20:28"},{"nodeID":"1357357","text":"Analysing","type":"YA","timestamp":"2023-11-09 14:20:28"},{"nodeID":"1357358","text":"Louise: Shabana Mahmood: we also need to be able to return people who do not have a genuine claim, or get them to another safe country","type":"L","timestamp":"2023-11-09 14:20:28"},{"nodeID":"1357359","text":"Asserting","type":"YA","timestamp":"2023-11-09 14:20:28"},{"nodeID":"1357360","text":"this Government has not put in the hard work, of working with our international partners, to get deals, to get agreements, so that they will take some people as well","type":"I","timestamp":"2023-11-09 14:20:29"},{"nodeID":"1357361","text":"Shabana Mahmood: this Government has not put in the hard work, of working with our international partners, to get deals, to get agreements, so that they will take some people as well","type":"L","timestamp":"2023-11-09 14:20:29"},{"nodeID":"1357362","text":"Analysing","type":"YA","timestamp":"2023-11-09 14:20:29"},{"nodeID":"1357363","text":"Louise: Shabana Mahmood: this Government has not put in the hard work, of working with our international partners, to get deals, to get agreements, so that they will take some people as well","type":"L","timestamp":"2023-11-09 14:20:29"},{"nodeID":"1357364","text":"Asserting","type":"YA","timestamp":"2023-11-09 14:20:29"},{"nodeID":"1357365","text":"Default Inference","type":"RA","timestamp":"2023-11-09 14:20:29"},{"nodeID":"1357366","text":"Default Transition","type":"TA","timestamp":"2023-11-09 14:20:29"},{"nodeID":"1357367","text":"Jacob Rees-Mogg has been teasing the French","type":"I","timestamp":"2023-11-09 14:20:30"},{"nodeID":"1357368","text":"Shabana Mahmood: Jacob reference, you know, teasing the French","type":"L","timestamp":"2023-11-09 14:20:30"},{"nodeID":"1357369","text":"Analysing","type":"YA","timestamp":"2023-11-09 14:20:30"},{"nodeID":"1357370","text":"Louise: Shabana Mahmood: Jacob reference, you know, teasing the French","type":"L","timestamp":"2023-11-09 14:20:30"},{"nodeID":"1357371","text":"Asserting","type":"YA","timestamp":"2023-11-09 14:20:30"},{"nodeID":"1357372","text":"Default Transition","type":"TA","timestamp":"2023-11-09 14:20:30"},{"nodeID":"1357373","text":"the French don't owe the UK a living","type":"I","timestamp":"2023-11-09 14:20:31"},{"nodeID":"1357374","text":"Shabana Mahmood:  they don't owe us a living","type":"L","timestamp":"2023-11-09 14:20:31"},{"nodeID":"1357375","text":"Analysing","type":"YA","timestamp":"2023-11-09 14:20:31"},{"nodeID":"1357376","text":"Louise: Shabana Mahmood:  they don't owe us a living","type":"L","timestamp":"2023-11-09 14:20:31"},{"nodeID":"1357377","text":"Asserting","type":"YA","timestamp":"2023-11-09 14:20:31"},{"nodeID":"1357378","text":"it's not okay to have Twitter beef with the French Government and play our relationships with our key partners, for laughs","type":"I","timestamp":"2023-11-09 14:20:32"},{"nodeID":"1357379","text":"Shabana Mahmood: it's not okay to have Twitter beef with the French Government, and you know, play our relationships with our key partners, for laughs","type":"L","timestamp":"2023-11-09 14:20:32"},{"nodeID":"1357380","text":"Analysing","type":"YA","timestamp":"2023-11-09 14:20:32"},{"nodeID":"1357381","text":"Louise: Shabana Mahmood: it's not okay to have Twitter beef with the French Government, and you know, play our relationships with our key partners, for laughs","type":"L","timestamp":"2023-11-09 14:20:32"},{"nodeID":"1357382","text":"Asserting","type":"YA","timestamp":"2023-11-09 14:20:32"},{"nodeID":"1357383","text":"Default Rephrase","type":"MA","timestamp":"2023-11-09 14:20:32"},{"nodeID":"1357384","text":"Default Transition","type":"TA","timestamp":"2023-11-09 14:20:32"},{"nodeID":"1357385","text":"Restating","type":"YA","timestamp":"2023-11-09 14:20:32"},{"nodeID":"1357386","text":"making your Tory Party members happy during the leadership contest is not ok","type":"I","timestamp":"2023-11-09 14:20:33"},{"nodeID":"1357387","text":"Shabana Mahmood: And, you know, for making your Tory Party members happy during the leadership contest","type":"L","timestamp":"2023-11-09 14:20:33"},{"nodeID":"1357388","text":"Analysing","type":"YA","timestamp":"2023-11-09 14:20:33"},{"nodeID":"1357389","text":"Louise: Shabana Mahmood: And, you know, for making your Tory Party members happy during the leadership contest","type":"L","timestamp":"2023-11-09 14:20:33"},{"nodeID":"1357390","text":"Asserting","type":"YA","timestamp":"2023-11-09 14:20:33"},{"nodeID":"1357391","text":"Jacob Rees-Mogg actually has to take the job really seriously","type":"I","timestamp":"2023-11-09 14:20:33"},{"nodeID":"1357392","text":"Shabana Mahmood: You actually have to take the job really seriously","type":"L","timestamp":"2023-11-09 14:20:33"},{"nodeID":"1357393","text":"Analysing","type":"YA","timestamp":"2023-11-09 14:20:33"},{"nodeID":"1357394","text":"Louise: Shabana Mahmood: You actually have to take the job really seriously","type":"L","timestamp":"2023-11-09 14:20:33"},{"nodeID":"1357395","text":"Asserting","type":"YA","timestamp":"2023-11-09 14:20:33"},{"nodeID":"1357396","text":"Default Inference","type":"RA","timestamp":"2023-11-09 14:20:33"},{"nodeID":"1357397","text":"Default Transition","type":"TA","timestamp":"2023-11-09 14:20:33"},{"nodeID":"1357398","text":"Default Transition","type":"TA","timestamp":"2023-11-09 14:20:33"},{"nodeID":"1357399","text":"Arguing","type":"YA","timestamp":"2023-11-09 14:20:33"},{"nodeID":"1357400","text":"the French need to be persuaded to do a deal with us, not the other way around","type":"I","timestamp":"2023-11-09 14:20:34"},{"nodeID":"1357401","text":"Shabana Mahmood: They need to be persuaded to do a deal with us, not the other way around","type":"L","timestamp":"2023-11-09 14:20:34"},{"nodeID":"1357402","text":"Analysing","type":"YA","timestamp":"2023-11-09 14:20:34"},{"nodeID":"1357403","text":"Louise: Shabana Mahmood: They need to be persuaded to do a deal with us, not the other way around","type":"L","timestamp":"2023-11-09 14:20:34"},{"nodeID":"1357404","text":"Asserting","type":"YA","timestamp":"2023-11-09 14:20:34"},{"nodeID":"1357405","text":"Default Transition","type":"TA","timestamp":"2023-11-09 14:20:34"},{"nodeID":"1357406","text":"Default Inference","type":"RA","timestamp":"2023-11-09 14:20:34"},{"nodeID":"1357407","text":"Default Transition","type":"TA","timestamp":"2023-11-09 14:20:34"},{"nodeID":"1357408","text":"Arguing","type":"YA","timestamp":"2023-11-09 14:20:34"},{"nodeID":"1357409","text":"it's all very well talking about sending people back once they get here","type":"I","timestamp":"2023-11-09 14:20:35"},{"nodeID":"1357410","text":"AudienceMember 20230112QT13: It's all very well talking about sending people back once they get here","type":"L","timestamp":"2023-11-09 14:20:35"},{"nodeID":"1357411","text":"Analysing","type":"YA","timestamp":"2023-11-09 14:20:35"},{"nodeID":"1357412","text":"Louise: AudienceMember 20230112QT13: It's all very well talking about sending people back once they get here","type":"L","timestamp":"2023-11-09 14:20:35"},{"nodeID":"1357413","text":"Asserting","type":"YA","timestamp":"2023-11-09 14:20:35"},{"nodeID":"1357414","text":"Default Rephrase","type":"MA","timestamp":"2023-11-09 14:20:35"},{"nodeID":"1357415","text":"Default Transition","type":"TA","timestamp":"2023-11-09 14:20:35"},{"nodeID":"1357416","text":"Restating","type":"YA","timestamp":"2023-11-09 14:20:35"},{"nodeID":"1357417","text":"we have to stop people crossing the Channel","type":"I","timestamp":"2023-11-09 14:20:36"},{"nodeID":"1357418","text":"AudienceMember 20230112QT13: we have to stop people crossing the Channel","type":"L","timestamp":"2023-11-09 14:20:36"},{"nodeID":"1357419","text":"Analysing","type":"YA","timestamp":"2023-11-09 14:20:36"},{"nodeID":"1357420","text":"Louise: AudienceMember 20230112QT13: we have to stop people crossing the Channel","type":"L","timestamp":"2023-11-09 14:20:36"},{"nodeID":"1357421","text":"Asserting","type":"YA","timestamp":"2023-11-09 14:20:36"},{"nodeID":"1357422","text":"Default Transition","type":"TA","timestamp":"2023-11-09 14:20:36"},{"nodeID":"1357423","text":"we have to have some system on the other side of the Channel, to save people crossing, and dying","type":"I","timestamp":"2023-11-09 14:20:37"},{"nodeID":"1357424","text":"AudienceMember 20230112QT13: we have to have some system on the other side of the Channel, to save people crossing, and dying","type":"L","timestamp":"2023-11-09 14:20:37"},{"nodeID":"1357425","text":"Analysing","type":"YA","timestamp":"2023-11-09 14:20:37"},{"nodeID":"1357426","text":"Louise: AudienceMember 20230112QT13: we have to have some system on the other side of the Channel, to save people crossing, and dying","type":"L","timestamp":"2023-11-09 14:20:37"},{"nodeID":"1357427","text":"Asserting","type":"YA","timestamp":"2023-11-09 14:20:37"},{"nodeID":"1357428","text":"Default Rephrase","type":"MA","timestamp":"2023-11-09 14:20:37"},{"nodeID":"1357429","text":"Default Transition","type":"TA","timestamp":"2023-11-09 14:20:37"},{"nodeID":"1357430","text":"Restating","type":"YA","timestamp":"2023-11-09 14:20:37"},{"nodeID":"1357431","text":"we have to do something on the other side","type":"I","timestamp":"2023-11-09 14:20:38"},{"nodeID":"1357432","text":"AudienceMember 20230112QT13: We have to do something on the other side","type":"L","timestamp":"2023-11-09 14:20:38"},{"nodeID":"1357433","text":"Analysing","type":"YA","timestamp":"2023-11-09 14:20:38"},{"nodeID":"1357434","text":"Louise: AudienceMember 20230112QT13: We have to do something on the other side","type":"L","timestamp":"2023-11-09 14:20:38"},{"nodeID":"1357435","text":"Asserting","type":"YA","timestamp":"2023-11-09 14:20:38"},{"nodeID":"1357436","text":"Default Rephrase","type":"MA","timestamp":"2023-11-09 14:20:38"},{"nodeID":"1357437","text":"Default Transition","type":"TA","timestamp":"2023-11-09 14:20:38"},{"nodeID":"1357438","text":"Restating","type":"YA","timestamp":"2023-11-09 14:20:38"},{"nodeID":"1357439","text":"Default Transition","type":"TA","timestamp":"2023-11-09 14:20:38"},{"nodeID":"1357440","text":"they don't owe us a favour","type":"I","timestamp":"2023-11-09 14:20:38"},{"nodeID":"1357441","text":"Shabana Mahmood: they don't owe us a favour","type":"L","timestamp":"2023-11-09 14:20:38"},{"nodeID":"1357442","text":"Analysing","type":"YA","timestamp":"2023-11-09 14:20:38"},{"nodeID":"1357443","text":"Louise: Shabana Mahmood: they don't owe us a favour","type":"L","timestamp":"2023-11-09 14:20:38"},{"nodeID":"1357444","text":"Asserting","type":"YA","timestamp":"2023-11-09 14:20:38"},{"nodeID":"1357445","text":"Default Transition","type":"TA","timestamp":"2023-11-09 14:20:38"},{"nodeID":"1357446","text":"Default Transition","type":"TA","timestamp":"2023-11-09 14:20:38"},{"nodeID":"1357447","text":"Default Rephrase","type":"MA","timestamp":"2023-11-09 14:20:38"},{"nodeID":"1357448","text":"Restating","type":"YA","timestamp":"2023-11-09 14:20:38"},{"nodeID":"1357449","text":"Default Inference","type":"RA","timestamp":"2023-11-09 14:20:38"},{"nodeID":"1357450","text":"Arguing","type":"YA","timestamp":"2023-11-09 14:20:38"}],"edges":[{"edgeID":"1777083","fromID":"1357357","toID":"1357356","formEdgeID":null},{"edgeID":"1777084","fromID":"1357358","toID":"1357357","formEdgeID":null},{"edgeID":"1777085","fromID":"1357356","toID":"1357359","formEdgeID":null},{"edgeID":"1777086","fromID":"1357359","toID":"1357355","formEdgeID":null},{"edgeID":"1777087","fromID":"1357362","toID":"1357361","formEdgeID":null},{"edgeID":"1777088","fromID":"1357363","toID":"1357362","formEdgeID":null},{"edgeID":"1777089","fromID":"1357361","toID":"1357364","formEdgeID":null},{"edgeID":"1777090","fromID":"1357364","toID":"1357360","formEdgeID":null},{"edgeID":"1777091","fromID":"1357360","toID":"1357365","formEdgeID":null},{"edgeID":"1777092","fromID":"1357365","toID":"1357355","formEdgeID":null},{"edgeID":"1777093","fromID":"1357356","toID":"1357366","formEdgeID":null},{"edgeID":"1777094","fromID":"1357366","toID":"1357361","formEdgeID":null},{"edgeID":"1777095","fromID":"1357369","toID":"1357368","formEdgeID":null},{"edgeID":"1777096","fromID":"1357370","toID":"1357369","formEdgeID":null},{"edgeID":"1777097","fromID":"1357368","toID":"1357371","formEdgeID":null},{"edgeID":"1777098","fromID":"1357371","toID":"1357367","formEdgeID":null},{"edgeID":"1777099","fromID":"1357361","toID":"1357372","formEdgeID":null},{"edgeID":"1777100","fromID":"1357372","toID":"1357368","formEdgeID":null},{"edgeID":"1777101","fromID":"1357375","toID":"1357374","formEdgeID":null},{"edgeID":"1777102","fromID":"1357376","toID":"1357375","formEdgeID":null},{"edgeID":"1777103","fromID":"1357374","toID":"1357377","formEdgeID":null},{"edgeID":"1777104","fromID":"1357377","toID":"1357373","formEdgeID":null},{"edgeID":"1777105","fromID":"1357380","toID":"1357379","formEdgeID":null},{"edgeID":"1777106","fromID":"1357381","toID":"1357380","formEdgeID":null},{"edgeID":"1777107","fromID":"1357379","toID":"1357382","formEdgeID":null},{"edgeID":"1777108","fromID":"1357382","toID":"1357378","formEdgeID":null},{"edgeID":"1777109","fromID":"1357378","toID":"1357383","formEdgeID":null},{"edgeID":"1777110","fromID":"1357383","toID":"1357367","formEdgeID":null},{"edgeID":"1777111","fromID":"1357368","toID":"1357384","formEdgeID":null},{"edgeID":"1777112","fromID":"1357384","toID":"1357379","formEdgeID":null},{"edgeID":"1777113","fromID":"1357384","toID":"1357385","formEdgeID":null},{"edgeID":"1777114","fromID":"1357385","toID":"1357383","formEdgeID":null},{"edgeID":"1777115","fromID":"1357388","toID":"1357387","formEdgeID":null},{"edgeID":"1777116","fromID":"1357389","toID":"1357388","formEdgeID":null},{"edgeID":"1777117","fromID":"1357387","toID":"1357390","formEdgeID":null},{"edgeID":"1777118","fromID":"1357390","toID":"1357386","formEdgeID":null},{"edgeID":"1777119","fromID":"1357393","toID":"1357392","formEdgeID":null},{"edgeID":"1777120","fromID":"1357394","toID":"1357393","formEdgeID":null},{"edgeID":"1777121","fromID":"1357392","toID":"1357395","formEdgeID":null},{"edgeID":"1777122","fromID":"1357395","toID":"1357391","formEdgeID":null},{"edgeID":"1777123","fromID":"1357386","toID":"1357396","formEdgeID":null},{"edgeID":"1777124","fromID":"1357396","toID":"1357391","formEdgeID":null},{"edgeID":"1777125","fromID":"1357378","toID":"1357396","formEdgeID":null},{"edgeID":"1777126","fromID":"1357379","toID":"1357397","formEdgeID":null},{"edgeID":"1777127","fromID":"1357397","toID":"1357392","formEdgeID":null},{"edgeID":"1777128","fromID":"1357387","toID":"1357398","formEdgeID":null},{"edgeID":"1777129","fromID":"1357398","toID":"1357392","formEdgeID":null},{"edgeID":"1777130","fromID":"1357397","toID":"1357399","formEdgeID":null},{"edgeID":"1777131","fromID":"1357399","toID":"1357396","formEdgeID":null},{"edgeID":"1777132","fromID":"1357402","toID":"1357401","formEdgeID":null},{"edgeID":"1777133","fromID":"1357403","toID":"1357402","formEdgeID":null},{"edgeID":"1777134","fromID":"1357401","toID":"1357404","formEdgeID":null},{"edgeID":"1777135","fromID":"1357404","toID":"1357400","formEdgeID":null},{"edgeID":"1777136","fromID":"1357392","toID":"1357405","formEdgeID":null},{"edgeID":"1777137","fromID":"1357405","toID":"1357401","formEdgeID":null},{"edgeID":"1777138","fromID":"1357360","toID":"1357406","formEdgeID":null},{"edgeID":"1777139","fromID":"1357406","toID":"1357400","formEdgeID":null},{"edgeID":"1777140","fromID":"1357361","toID":"1357407","formEdgeID":null},{"edgeID":"1777141","fromID":"1357407","toID":"1357401","formEdgeID":null},{"edgeID":"1777142","fromID":"1357407","toID":"1357408","formEdgeID":null},{"edgeID":"1777143","fromID":"1357408","toID":"1357406","formEdgeID":null},{"edgeID":"1777144","fromID":"1357411","toID":"1357410","formEdgeID":null},{"edgeID":"1777145","fromID":"1357412","toID":"1357411","formEdgeID":null},{"edgeID":"1777146","fromID":"1357410","toID":"1357413","formEdgeID":null},{"edgeID":"1777147","fromID":"1357413","toID":"1357409","formEdgeID":null},{"edgeID":"1777148","fromID":"1357409","toID":"1357414","formEdgeID":null},{"edgeID":"1777149","fromID":"1357414","toID":"1357355","formEdgeID":null},{"edgeID":"1777150","fromID":"1357356","toID":"1357415","formEdgeID":null},{"edgeID":"1777151","fromID":"1357415","toID":"1357410","formEdgeID":null},{"edgeID":"1777152","fromID":"1357415","toID":"1357416","formEdgeID":null},{"edgeID":"1777153","fromID":"1357416","toID":"1357414","formEdgeID":null},{"edgeID":"1777154","fromID":"1357419","toID":"1357418","formEdgeID":null},{"edgeID":"1777155","fromID":"1357420","toID":"1357419","formEdgeID":null},{"edgeID":"1777156","fromID":"1357418","toID":"1357421","formEdgeID":null},{"edgeID":"1777157","fromID":"1357421","toID":"1357417","formEdgeID":null},{"edgeID":"1777158","fromID":"1357410","toID":"1357422","formEdgeID":null},{"edgeID":"1777159","fromID":"1357422","toID":"1357418","formEdgeID":null},{"edgeID":"1777160","fromID":"1357425","toID":"1357424","formEdgeID":null},{"edgeID":"1777161","fromID":"1357426","toID":"1357425","formEdgeID":null},{"edgeID":"1777162","fromID":"1357424","toID":"1357427","formEdgeID":null},{"edgeID":"1777163","fromID":"1357427","toID":"1357423","formEdgeID":null},{"edgeID":"1777164","fromID":"1357423","toID":"1357428","formEdgeID":null},{"edgeID":"1777165","fromID":"1357428","toID":"1357417","formEdgeID":null},{"edgeID":"1777166","fromID":"1357418","toID":"1357429","formEdgeID":null},{"edgeID":"1777167","fromID":"1357429","toID":"1357424","formEdgeID":null},{"edgeID":"1777168","fromID":"1357429","toID":"1357430","formEdgeID":null},{"edgeID":"1777169","fromID":"1357430","toID":"1357428","formEdgeID":null},{"edgeID":"1777170","fromID":"1357433","toID":"1357432","formEdgeID":null},{"edgeID":"1777171","fromID":"1357434","toID":"1357433","formEdgeID":null},{"edgeID":"1777172","fromID":"1357432","toID":"1357435","formEdgeID":null},{"edgeID":"1777173","fromID":"1357435","toID":"1357431","formEdgeID":null},{"edgeID":"1777174","fromID":"1357431","toID":"1357436","formEdgeID":null},{"edgeID":"1777175","fromID":"1357436","toID":"1357423","formEdgeID":null},{"edgeID":"1777176","fromID":"1357424","toID":"1357437","formEdgeID":null},{"edgeID":"1777177","fromID":"1357437","toID":"1357432","formEdgeID":null},{"edgeID":"1777178","fromID":"1357437","toID":"1357438","formEdgeID":null},{"edgeID":"1777179","fromID":"1357438","toID":"1357436","formEdgeID":null},{"edgeID":"1777180","fromID":"1357368","toID":"1357439","formEdgeID":null},{"edgeID":"1777181","fromID":"1357439","toID":"1357374","formEdgeID":null},{"edgeID":"1777182","fromID":"1357442","toID":"1357441","formEdgeID":null},{"edgeID":"1777183","fromID":"1357443","toID":"1357442","formEdgeID":null},{"edgeID":"1777184","fromID":"1357441","toID":"1357444","formEdgeID":null},{"edgeID":"1777185","fromID":"1357444","toID":"1357440","formEdgeID":null},{"edgeID":"1777186","fromID":"1357374","toID":"1357445","formEdgeID":null},{"edgeID":"1777187","fromID":"1357445","toID":"1357441","formEdgeID":null},{"edgeID":"1777188","fromID":"1357441","toID":"1357446","formEdgeID":null},{"edgeID":"1777189","fromID":"1357446","toID":"1357379","formEdgeID":null},{"edgeID":"1777190","fromID":"1357440","toID":"1357447","formEdgeID":null},{"edgeID":"1777191","fromID":"1357447","toID":"1357373","formEdgeID":null},{"edgeID":"1777192","fromID":"1357445","toID":"1357448","formEdgeID":null},{"edgeID":"1777193","fromID":"1357448","toID":"1357447","formEdgeID":null},{"edgeID":"1777194","fromID":"1357440","toID":"1357449","formEdgeID":null},{"edgeID":"1777195","fromID":"1357449","toID":"1357378","formEdgeID":null},{"edgeID":"1777196","fromID":"1357446","toID":"1357450","formEdgeID":null},{"edgeID":"1777197","fromID":"1357450","toID":"1357449","formEdgeID":null}],"locutions":[]}