{"nodes":[{"nodeID":"1376840","text":"Jacob Rees-Mogg famously went round putting notes on people's desks saying, well not quite saying, come in, but saying, I'm terribly sorry, I've missed you","type":"I","timestamp":"2023-11-09 14:49:03"},{"nodeID":"1376841","text":"Fiona Bruce: Jacob, you famously went round putting notes on people's desks saying, well not quite saying, come in, but saying, I'm terribly sorry, I've missed you","type":"L","timestamp":"2023-11-09 14:49:03"},{"nodeID":"1376842","text":"Analysing","type":"YA","timestamp":"2023-11-09 14:49:03"},{"nodeID":"1376843","text":"Dominika: Fiona Bruce: Jacob, you famously went round putting notes on people's desks saying, well not quite saying, come in, but saying, I'm terribly sorry, I've missed you","type":"L","timestamp":"2023-11-09 14:49:03"},{"nodeID":"1376844","text":"Asserting","type":"YA","timestamp":"2023-11-09 14:49:03"},{"nodeID":"1376845","text":"Jacob Rees-Mogg: That\u2019s right","type":"L","timestamp":"2023-11-09 14:49:03"},{"nodeID":"1376846","text":"Analysing","type":"YA","timestamp":"2023-11-09 14:49:03"},{"nodeID":"1376847","text":"Dominika: Jacob Rees-Mogg: That\u2019s right","type":"L","timestamp":"2023-11-09 14:49:03"},{"nodeID":"1376848","text":"Default Transition","type":"TA","timestamp":"2023-11-09 14:49:03"},{"nodeID":"1376849","text":"Agreeing","type":"YA","timestamp":"2023-11-09 14:49:03"},{"nodeID":"1376850","text":"the notes Jacob Rees-Mogg was putting on people's desks were basically, a canvas card, which all of politicians will have dished out many of","type":"I","timestamp":"2023-11-09 14:49:04"},{"nodeID":"1376851","text":"Jacob Rees-Mogg: Basically, a canvas card, which all of us as politicians will have dished out many of","type":"L","timestamp":"2023-11-09 14:49:04"},{"nodeID":"1376852","text":"Analysing","type":"YA","timestamp":"2023-11-09 14:49:04"},{"nodeID":"1376853","text":"Dominika: Jacob Rees-Mogg: Basically, a canvas card, which all of us as politicians will have dished out many of","type":"L","timestamp":"2023-11-09 14:49:04"},{"nodeID":"1376854","text":"Asserting","type":"YA","timestamp":"2023-11-09 14:49:04"},{"nodeID":"1376855","text":"Default Transition","type":"TA","timestamp":"2023-11-09 14:49:04"},{"nodeID":"1376856","text":"Default Rephrase","type":"MA","timestamp":"2023-11-09 14:49:04"},{"nodeID":"1376857","text":"Restating","type":"YA","timestamp":"2023-11-09 14:49:04"},{"nodeID":"1376858","text":"Jacob Rees-Mogg only did three notes, but they got rather more reported upon than he'd actually done","type":"I","timestamp":"2023-11-09 14:49:04"},{"nodeID":"1376859","text":"Jacob Rees-Mogg: I only did three of these, but they got rather more reported upon than I'd actually done","type":"L","timestamp":"2023-11-09 14:49:04"},{"nodeID":"1376860","text":"Analysing","type":"YA","timestamp":"2023-11-09 14:49:04"},{"nodeID":"1376861","text":"Dominika: Jacob Rees-Mogg: I only did three of these, but they got rather more reported upon than I'd actually done","type":"L","timestamp":"2023-11-09 14:49:04"},{"nodeID":"1376862","text":"Asserting","type":"YA","timestamp":"2023-11-09 14:49:04"},{"nodeID":"1376863","text":"Default Transition","type":"TA","timestamp":"2023-11-09 14:49:04"},{"nodeID":"1376864","text":"Default Rephrase","type":"MA","timestamp":"2023-11-09 14:49:04"},{"nodeID":"1376865","text":"Restating","type":"YA","timestamp":"2023-11-09 14:49:04"},{"nodeID":"1376866","text":"Jacob Rees-Mogg doesn't accept this Government proposal for flexible working","type":"I","timestamp":"2023-11-09 14:49:05"},{"nodeID":"1376867","text":"Fiona Bruce: you don't accept this Government proposal, then","type":"L","timestamp":"2023-11-09 14:49:05"},{"nodeID":"1376868","text":"Analysing","type":"YA","timestamp":"2023-11-09 14:49:05"},{"nodeID":"1376869","text":"Dominika: Fiona Bruce: you don't accept this Government proposal, then","type":"L","timestamp":"2023-11-09 14:49:05"},{"nodeID":"1376870","text":"Assertive Questioning","type":"YA","timestamp":"2023-11-09 14:49:05"},{"nodeID":"1376871","text":"Default Transition","type":"TA","timestamp":"2023-11-09 14:49:05"},{"nodeID":"1376872","text":"Jacob Rees-Mogg: Oh no","type":"L","timestamp":"2023-11-09 14:49:05"},{"nodeID":"1376873","text":"Analysing","type":"YA","timestamp":"2023-11-09 14:49:05"},{"nodeID":"1376874","text":"Dominika: Jacob Rees-Mogg: Oh no","type":"L","timestamp":"2023-11-09 14:49:05"},{"nodeID":"1376875","text":"Default Transition","type":"TA","timestamp":"2023-11-09 14:49:05"},{"nodeID":"1376876","text":"Agreeing","type":"YA","timestamp":"2023-11-09 14:49:05"},{"nodeID":"1376877","text":"the Government's proposal for flexible working is idiotic","type":"I","timestamp":"2023-11-09 14:49:06"},{"nodeID":"1376878","text":"Jacob Rees-Mogg: it's an idiotic proposal","type":"L","timestamp":"2023-11-09 14:49:06"},{"nodeID":"1376879","text":"Analysing","type":"YA","timestamp":"2023-11-09 14:49:06"},{"nodeID":"1376880","text":"Dominika: Jacob Rees-Mogg: it's an idiotic proposal","type":"L","timestamp":"2023-11-09 14:49:06"},{"nodeID":"1376881","text":"Asserting","type":"YA","timestamp":"2023-11-09 14:49:06"},{"nodeID":"1376882","text":"Default Transition","type":"TA","timestamp":"2023-11-09 14:49:06"},{"nodeID":"1376883","text":"Default Inference","type":"RA","timestamp":"2023-11-09 14:49:06"},{"nodeID":"1376884","text":"Arguing","type":"YA","timestamp":"2023-11-09 14:49:06"}],"edges":[{"edgeID":"1800240","fromID":"1376842","toID":"1376841","formEdgeID":null},{"edgeID":"1800241","fromID":"1376843","toID":"1376842","formEdgeID":null},{"edgeID":"1800242","fromID":"1376841","toID":"1376844","formEdgeID":null},{"edgeID":"1800243","fromID":"1376844","toID":"1376840","formEdgeID":null},{"edgeID":"1800244","fromID":"1376846","toID":"1376845","formEdgeID":null},{"edgeID":"1800245","fromID":"1376847","toID":"1376846","formEdgeID":null},{"edgeID":"1800246","fromID":"1376841","toID":"1376848","formEdgeID":null},{"edgeID":"1800247","fromID":"1376848","toID":"1376845","formEdgeID":null},{"edgeID":"1800248","fromID":"1376848","toID":"1376849","formEdgeID":null},{"edgeID":"1800249","fromID":"1376849","toID":"1376840","formEdgeID":null},{"edgeID":"1800250","fromID":"1376852","toID":"1376851","formEdgeID":null},{"edgeID":"1800251","fromID":"1376853","toID":"1376852","formEdgeID":null},{"edgeID":"1800252","fromID":"1376851","toID":"1376854","formEdgeID":null},{"edgeID":"1800253","fromID":"1376854","toID":"1376850","formEdgeID":null},{"edgeID":"1800254","fromID":"1376841","toID":"1376855","formEdgeID":null},{"edgeID":"1800255","fromID":"1376855","toID":"1376851","formEdgeID":null},{"edgeID":"1800256","fromID":"1376850","toID":"1376856","formEdgeID":null},{"edgeID":"1800257","fromID":"1376856","toID":"1376840","formEdgeID":null},{"edgeID":"1800258","fromID":"1376855","toID":"1376857","formEdgeID":null},{"edgeID":"1800259","fromID":"1376857","toID":"1376856","formEdgeID":null},{"edgeID":"1800260","fromID":"1376860","toID":"1376859","formEdgeID":null},{"edgeID":"1800261","fromID":"1376861","toID":"1376860","formEdgeID":null},{"edgeID":"1800262","fromID":"1376859","toID":"1376862","formEdgeID":null},{"edgeID":"1800263","fromID":"1376862","toID":"1376858","formEdgeID":null},{"edgeID":"1800264","fromID":"1376851","toID":"1376863","formEdgeID":null},{"edgeID":"1800265","fromID":"1376863","toID":"1376859","formEdgeID":null},{"edgeID":"1800266","fromID":"1376858","toID":"1376864","formEdgeID":null},{"edgeID":"1800267","fromID":"1376864","toID":"1376850","formEdgeID":null},{"edgeID":"1800268","fromID":"1376863","toID":"1376865","formEdgeID":null},{"edgeID":"1800269","fromID":"1376865","toID":"1376864","formEdgeID":null},{"edgeID":"1800270","fromID":"1376868","toID":"1376867","formEdgeID":null},{"edgeID":"1800271","fromID":"1376869","toID":"1376868","formEdgeID":null},{"edgeID":"1800272","fromID":"1376867","toID":"1376870","formEdgeID":null},{"edgeID":"1800273","fromID":"1376870","toID":"1376866","formEdgeID":null},{"edgeID":"1800274","fromID":"1376859","toID":"1376871","formEdgeID":null},{"edgeID":"1800275","fromID":"1376871","toID":"1376867","formEdgeID":null},{"edgeID":"1800276","fromID":"1376873","toID":"1376872","formEdgeID":null},{"edgeID":"1800277","fromID":"1376874","toID":"1376873","formEdgeID":null},{"edgeID":"1800278","fromID":"1376867","toID":"1376875","formEdgeID":null},{"edgeID":"1800279","fromID":"1376875","toID":"1376872","formEdgeID":null},{"edgeID":"1800280","fromID":"1376875","toID":"1376876","formEdgeID":null},{"edgeID":"1800281","fromID":"1376876","toID":"1376866","formEdgeID":null},{"edgeID":"1800282","fromID":"1376879","toID":"1376878","formEdgeID":null},{"edgeID":"1800283","fromID":"1376880","toID":"1376879","formEdgeID":null},{"edgeID":"1800284","fromID":"1376878","toID":"1376881","formEdgeID":null},{"edgeID":"1800285","fromID":"1376881","toID":"1376877","formEdgeID":null},{"edgeID":"1800286","fromID":"1376867","toID":"1376882","formEdgeID":null},{"edgeID":"1800287","fromID":"1376882","toID":"1376878","formEdgeID":null},{"edgeID":"1800288","fromID":"1376877","toID":"1376883","formEdgeID":null},{"edgeID":"1800289","fromID":"1376883","toID":"1376866","formEdgeID":null},{"edgeID":"1800290","fromID":"1376882","toID":"1376884","formEdgeID":null},{"edgeID":"1800291","fromID":"1376884","toID":"1376883","formEdgeID":null}],"locutions":[]}