{"nodes":[{"nodeID":"1357451","text":"to prevent this tragedy, it would be better to have safe havens, locally to those governments, where people are running away from for their lives","type":"I","timestamp":"2023-11-09 14:20:39"},{"nodeID":"1357452","text":"AudienceMember 20230112QT17: To prevent this tragedy, would it not be better to have safe havens, locally to those governments, where people are running away from for their lives","type":"L","timestamp":"2023-11-09 14:20:39"},{"nodeID":"1357453","text":"Analysing","type":"YA","timestamp":"2023-11-09 14:20:39"},{"nodeID":"1357454","text":"Anon: AudienceMember 20230112QT17: To prevent this tragedy, would it not be better to have safe havens, locally to those governments, where people are running away from for their lives","type":"L","timestamp":"2023-11-09 14:20:39"},{"nodeID":"1357455","text":"Assertive Questioning","type":"YA","timestamp":"2023-11-09 14:20:39"},{"nodeID":"1357456","text":"it would have been better to have places people can go nearer the country they're leaving","type":"I","timestamp":"2023-11-09 14:20:40"},{"nodeID":"1357457","text":"Fiona Bruce: to have places they can go nearer the country they're leaving","type":"L","timestamp":"2023-11-09 14:20:40"},{"nodeID":"1357458","text":"Analysing","type":"YA","timestamp":"2023-11-09 14:20:40"},{"nodeID":"1357459","text":"Anon: Fiona Bruce: to have places they can go nearer the country they're leaving","type":"L","timestamp":"2023-11-09 14:20:40"},{"nodeID":"1357460","text":"Assertive Questioning","type":"YA","timestamp":"2023-11-09 14:20:40"},{"nodeID":"1357461","text":"Default Rephrase","type":"MA","timestamp":"2023-11-09 14:20:40"},{"nodeID":"1357462","text":"Default Transition","type":"TA","timestamp":"2023-11-09 14:20:40"},{"nodeID":"1357463","text":"Restating","type":"YA","timestamp":"2023-11-09 14:20:40"},{"nodeID":"1357464","text":"providing safe places for people would be better, rather than putting their lives at risk","type":"I","timestamp":"2023-11-09 14:20:41"},{"nodeID":"1357465","text":"AudienceMember 20230112QT18: Rather than putting their lives at risk","type":"L","timestamp":"2023-11-09 14:20:41"},{"nodeID":"1357466","text":"Analysing","type":"YA","timestamp":"2023-11-09 14:20:41"},{"nodeID":"1357467","text":"Anon: AudienceMember 20230112QT18: Rather than putting their lives at risk","type":"L","timestamp":"2023-11-09 14:20:41"},{"nodeID":"1357468","text":"Asserting","type":"YA","timestamp":"2023-11-09 14:20:41"},{"nodeID":"1357469","text":"Default Rephrase","type":"MA","timestamp":"2023-11-09 14:20:41"},{"nodeID":"1357470","text":"Default Transition","type":"TA","timestamp":"2023-11-09 14:20:41"},{"nodeID":"1357471","text":"Restating","type":"YA","timestamp":"2023-11-09 14:20:41"},{"nodeID":"1357472","text":"there's been an enormous change","type":"I","timestamp":"2023-11-09 14:20:42"},{"nodeID":"1357473","text":"Peter Hitchens: There's been an enormous change","type":"L","timestamp":"2023-11-09 14:20:42"},{"nodeID":"1357474","text":"Analysing","type":"YA","timestamp":"2023-11-09 14:20:42"},{"nodeID":"1357475","text":"Anon: Peter Hitchens: There's been an enormous change","type":"L","timestamp":"2023-11-09 14:20:42"},{"nodeID":"1357476","text":"Asserting","type":"YA","timestamp":"2023-11-09 14:20:42"},{"nodeID":"1357477","text":"people have stopped being afraid of crossing the Channel","type":"I","timestamp":"2023-11-09 14:20:43"},{"nodeID":"1357478","text":"Peter Hitchens: people have stopped being afraid of crossing the Channel","type":"L","timestamp":"2023-11-09 14:20:43"},{"nodeID":"1357479","text":"Analysing","type":"YA","timestamp":"2023-11-09 14:20:43"},{"nodeID":"1357480","text":"Anon: Peter Hitchens: people have stopped being afraid of crossing the Channel","type":"L","timestamp":"2023-11-09 14:20:43"},{"nodeID":"1357481","text":"Asserting","type":"YA","timestamp":"2023-11-09 14:20:43"},{"nodeID":"1357482","text":"it's completely transformed the situation","type":"I","timestamp":"2023-11-09 14:20:44"},{"nodeID":"1357483","text":"Peter Hitchens: it's completely transformed the situation","type":"L","timestamp":"2023-11-09 14:20:44"},{"nodeID":"1357484","text":"Analysing","type":"YA","timestamp":"2023-11-09 14:20:44"},{"nodeID":"1357485","text":"Anon: Peter Hitchens: it's completely transformed the situation","type":"L","timestamp":"2023-11-09 14:20:44"},{"nodeID":"1357486","text":"Asserting","type":"YA","timestamp":"2023-11-09 14:20:44"},{"nodeID":"1357487","text":"Default Transition","type":"TA","timestamp":"2023-11-09 14:20:44"},{"nodeID":"1357488","text":"Default Transition","type":"TA","timestamp":"2023-11-09 14:20:44"},{"nodeID":"1357489","text":"Default Inference","type":"RA","timestamp":"2023-11-09 14:20:44"},{"nodeID":"1357490","text":"Default Transition","type":"TA","timestamp":"2023-11-09 14:20:44"},{"nodeID":"1357491","text":"Arguing","type":"YA","timestamp":"2023-11-09 14:20:44"},{"nodeID":"1357492","text":"Default Inference","type":"RA","timestamp":"2023-11-09 14:20:44"},{"nodeID":"1357493","text":"Arguing","type":"YA","timestamp":"2023-11-09 14:20:44"},{"nodeID":"1357494","text":"Default Rephrase","type":"MA","timestamp":"2023-11-09 14:20:44"},{"nodeID":"1357495","text":"Default Transition","type":"TA","timestamp":"2023-11-09 14:20:44"},{"nodeID":"1357496","text":"Restating","type":"YA","timestamp":"2023-11-09 14:20:44"},{"nodeID":"1357497","text":"the sea has now become, basically, a highway","type":"I","timestamp":"2023-11-09 14:20:44"},{"nodeID":"1357498","text":"Peter Hitchens: The sea, which we all assumed was a barrier across which people couldn't and wouldn\u2019t come, has now become, basically a highway","type":"L","timestamp":"2023-11-09 14:20:44"},{"nodeID":"1357499","text":"Analysing","type":"YA","timestamp":"2023-11-09 14:20:44"},{"nodeID":"1357500","text":"Anon: Peter Hitchens: The sea, which we all assumed was a barrier across which people couldn't and wouldn\u2019t come, has now become, basically a highway","type":"L","timestamp":"2023-11-09 14:20:44"},{"nodeID":"1357501","text":"Asserting","type":"YA","timestamp":"2023-11-09 14:20:44"},{"nodeID":"1357502","text":"we all assumed the sea was a barrier across which people couldn't and wouldn\u2019t cross","type":"I","timestamp":"2023-11-09 14:20:45"},{"nodeID":"1357503","text":"Peter Hitchens: we all assumed was a barrier across which people couldn't and wouldn\u2019t come","type":"L","timestamp":"2023-11-09 14:20:45"},{"nodeID":"1357504","text":"Analysing","type":"YA","timestamp":"2023-11-09 14:20:45"},{"nodeID":"1357505","text":"Anon: Peter Hitchens: we all assumed was a barrier across which people couldn't and wouldn\u2019t come","type":"L","timestamp":"2023-11-09 14:20:45"},{"nodeID":"1357506","text":"Asserting","type":"YA","timestamp":"2023-11-09 14:20:45"},{"nodeID":"1357507","text":"Default Inference","type":"RA","timestamp":"2023-11-09 14:20:45"},{"nodeID":"1357508","text":"Default Transition","type":"TA","timestamp":"2023-11-09 14:20:45"},{"nodeID":"1357509","text":"Arguing","type":"YA","timestamp":"2023-11-09 14:20:45"},{"nodeID":"1357510","text":"Default Conflict","type":"CA","timestamp":"2023-11-09 14:20:45"},{"nodeID":"1357511","text":"Default Transition","type":"TA","timestamp":"2023-11-09 14:20:45"},{"nodeID":"1357512","text":"Disagreeing","type":"YA","timestamp":"2023-11-09 14:20:45"},{"nodeID":"1357513","text":"once people arrive here it's going to be very difficult to send most of them back, even if they are illegal","type":"I","timestamp":"2023-11-09 14:20:46"},{"nodeID":"1357514","text":"Peter Hitchens: once people arrive here, it seems to me to be fairly obvious, that it's going to be very difficult to send most of them back, even if they are illegal","type":"L","timestamp":"2023-11-09 14:20:46"},{"nodeID":"1357515","text":"Analysing","type":"YA","timestamp":"2023-11-09 14:20:46"},{"nodeID":"1357516","text":"Anon: Peter Hitchens: once people arrive here, it seems to me to be fairly obvious, that it's going to be very difficult to send most of them back, even if they are illegal","type":"L","timestamp":"2023-11-09 14:20:46"},{"nodeID":"1357517","text":"Asserting","type":"YA","timestamp":"2023-11-09 14:20:46"},{"nodeID":"1357518","text":"Default Transition","type":"TA","timestamp":"2023-11-09 14:20:46"},{"nodeID":"1357519","text":"people who arrive in Britain tend to stay","type":"I","timestamp":"2023-11-09 14:20:47"},{"nodeID":"1357520","text":"Peter Hitchens: People who arrive here tend to stay","type":"L","timestamp":"2023-11-09 14:20:47"},{"nodeID":"1357521","text":"Analysing","type":"YA","timestamp":"2023-11-09 14:20:47"},{"nodeID":"1357522","text":"Anon: Peter Hitchens: People who arrive here tend to stay","type":"L","timestamp":"2023-11-09 14:20:47"},{"nodeID":"1357523","text":"Asserting","type":"YA","timestamp":"2023-11-09 14:20:47"},{"nodeID":"1357524","text":"there's only one sensible policy here","type":"I","timestamp":"2023-11-09 14:20:48"},{"nodeID":"1357525","text":"Peter Hitchens: there's only one sensible policy here","type":"L","timestamp":"2023-11-09 14:20:48"},{"nodeID":"1357526","text":"Analysing","type":"YA","timestamp":"2023-11-09 14:20:48"},{"nodeID":"1357527","text":"Anon: Peter Hitchens: there's only one sensible policy here","type":"L","timestamp":"2023-11-09 14:20:48"},{"nodeID":"1357528","text":"Asserting","type":"YA","timestamp":"2023-11-09 14:20:48"},{"nodeID":"1357529","text":"Default Transition","type":"TA","timestamp":"2023-11-09 14:20:48"},{"nodeID":"1357530","text":"Default Rephrase","type":"MA","timestamp":"2023-11-09 14:20:48"},{"nodeID":"1357531","text":"Restating","type":"YA","timestamp":"2023-11-09 14:20:48"},{"nodeID":"1357532","text":"Default Inference","type":"RA","timestamp":"2023-11-09 14:20:48"},{"nodeID":"1357533","text":"Default Transition","type":"TA","timestamp":"2023-11-09 14:20:48"},{"nodeID":"1357534","text":"Arguing","type":"YA","timestamp":"2023-11-09 14:20:48"},{"nodeID":"1357535","text":"the one sensible policy has been partly pursued by the Government, but not full-heartedly","type":"I","timestamp":"2023-11-09 14:20:49"},{"nodeID":"1357536","text":"Peter Hitchens: it's been partly pursued by the Government, but not full-heartedly","type":"L","timestamp":"2023-11-09 14:20:49"},{"nodeID":"1357537","text":"Analysing","type":"YA","timestamp":"2023-11-09 14:20:49"},{"nodeID":"1357538","text":"Anon: Peter Hitchens: it's been partly pursued by the Government, but not full-heartedly","type":"L","timestamp":"2023-11-09 14:20:49"},{"nodeID":"1357539","text":"Asserting","type":"YA","timestamp":"2023-11-09 14:20:49"},{"nodeID":"1357540","text":"Default Transition","type":"TA","timestamp":"2023-11-09 14:20:49"},{"nodeID":"1357541","text":"a lot of people will find the one sensible policy objectionable","type":"I","timestamp":"2023-11-09 14:20:50"},{"nodeID":"1357542","text":"Peter Hitchens: a lot of people will find it objectionable","type":"L","timestamp":"2023-11-09 14:20:50"},{"nodeID":"1357543","text":"Analysing","type":"YA","timestamp":"2023-11-09 14:20:50"},{"nodeID":"1357544","text":"Anon: Peter Hitchens: a lot of people will find it objectionable","type":"L","timestamp":"2023-11-09 14:20:50"},{"nodeID":"1357545","text":"Asserting","type":"YA","timestamp":"2023-11-09 14:20:50"},{"nodeID":"1357546","text":"Default Transition","type":"TA","timestamp":"2023-11-09 14:20:50"},{"nodeID":"1357547","text":"the one sensible policy is expensive","type":"I","timestamp":"2023-11-09 14:20:50"},{"nodeID":"1357548","text":"Peter Hitchens: it's expensive","type":"L","timestamp":"2023-11-09 14:20:50"},{"nodeID":"1357549","text":"Analysing","type":"YA","timestamp":"2023-11-09 14:20:50"},{"nodeID":"1357550","text":"Anon: Peter Hitchens: it's expensive","type":"L","timestamp":"2023-11-09 14:20:50"},{"nodeID":"1357551","text":"Asserting","type":"YA","timestamp":"2023-11-09 14:20:50"},{"nodeID":"1357552","text":"we have to take France very seriously","type":"I","timestamp":"2023-11-09 14:20:51"},{"nodeID":"1357553","text":"Peter Hitchens: taking France very seriously","type":"L","timestamp":"2023-11-09 14:20:51"},{"nodeID":"1357554","text":"Analysing","type":"YA","timestamp":"2023-11-09 14:20:51"},{"nodeID":"1357555","text":"Anon: Peter Hitchens: taking France very seriously","type":"L","timestamp":"2023-11-09 14:20:51"},{"nodeID":"1357556","text":"Asserting","type":"YA","timestamp":"2023-11-09 14:20:51"},{"nodeID":"1357557","text":"Default Transition","type":"TA","timestamp":"2023-11-09 14:20:51"},{"nodeID":"1357558","text":"Default Transition","type":"TA","timestamp":"2023-11-09 14:20:51"},{"nodeID":"1357559","text":"Peter Hitchens does take France very seriously","type":"I","timestamp":"2023-11-09 14:20:52"},{"nodeID":"1357560","text":"Peter Hitchens: I do take France very seriously","type":"L","timestamp":"2023-11-09 14:20:52"},{"nodeID":"1357561","text":"Analysing","type":"YA","timestamp":"2023-11-09 14:20:52"},{"nodeID":"1357562","text":"Anon: Peter Hitchens: I do take France very seriously","type":"L","timestamp":"2023-11-09 14:20:52"},{"nodeID":"1357563","text":"Asserting","type":"YA","timestamp":"2023-11-09 14:20:52"},{"nodeID":"1357564","text":"Default Transition","type":"TA","timestamp":"2023-11-09 14:20:52"},{"nodeID":"1357565","text":"France is often a better governed country than we are","type":"I","timestamp":"2023-11-09 14:20:53"},{"nodeID":"1357566","text":"Peter Hitchens: it's often a better governed country than we are","type":"L","timestamp":"2023-11-09 14:20:53"},{"nodeID":"1357567","text":"Analysing","type":"YA","timestamp":"2023-11-09 14:20:53"},{"nodeID":"1357568","text":"Anon: Peter Hitchens: it's often a better governed country than we are","type":"L","timestamp":"2023-11-09 14:20:53"},{"nodeID":"1357569","text":"Asserting","type":"YA","timestamp":"2023-11-09 14:20:53"},{"nodeID":"1357570","text":"France looks after its own interests better","type":"I","timestamp":"2023-11-09 14:20:54"},{"nodeID":"1357571","text":"Peter Hitchens: looks after its own interests better","type":"L","timestamp":"2023-11-09 14:20:54"},{"nodeID":"1357572","text":"Analysing","type":"YA","timestamp":"2023-11-09 14:20:54"},{"nodeID":"1357573","text":"Anon: Peter Hitchens: looks after its own interests better","type":"L","timestamp":"2023-11-09 14:20:54"},{"nodeID":"1357574","text":"Asserting","type":"YA","timestamp":"2023-11-09 14:20:54"},{"nodeID":"1357575","text":"Default Inference","type":"RA","timestamp":"2023-11-09 14:20:54"},{"nodeID":"1357576","text":"Default Transition","type":"TA","timestamp":"2023-11-09 14:20:54"},{"nodeID":"1357577","text":"Default Transition","type":"TA","timestamp":"2023-11-09 14:20:54"},{"nodeID":"1357578","text":"Arguing","type":"YA","timestamp":"2023-11-09 14:20:54"},{"nodeID":"1357579","text":"we are going to have to get the French to stop people putting to sea in the Channel in the first place","type":"I","timestamp":"2023-11-09 14:20:55"},{"nodeID":"1357580","text":"Peter Hitchens: We are going to have to get the French to stop people putting to sea in the Channel in the first place","type":"L","timestamp":"2023-11-09 14:20:55"},{"nodeID":"1357581","text":"Analysing","type":"YA","timestamp":"2023-11-09 14:20:55"},{"nodeID":"1357582","text":"Anon: Peter Hitchens: We are going to have to get the French to stop people putting to sea in the Channel in the first place","type":"L","timestamp":"2023-11-09 14:20:55"},{"nodeID":"1357583","text":"Asserting","type":"YA","timestamp":"2023-11-09 14:20:55"},{"nodeID":"1357584","text":"Default Inference","type":"RA","timestamp":"2023-11-09 14:20:55"},{"nodeID":"1357585","text":"Default Transition","type":"TA","timestamp":"2023-11-09 14:20:55"},{"nodeID":"1357586","text":"Arguing","type":"YA","timestamp":"2023-11-09 14:20:55"},{"nodeID":"1357587","text":"Default Inference","type":"RA","timestamp":"2023-11-09 14:20:55"},{"nodeID":"1357588","text":"Arguing","type":"YA","timestamp":"2023-11-09 14:20:55"},{"nodeID":"1357589","text":"Default Inference","type":"RA","timestamp":"2023-11-09 14:20:55"},{"nodeID":"1357590","text":"Arguing","type":"YA","timestamp":"2023-11-09 14:20:55"},{"nodeID":"1357591","text":"Default Rephrase","type":"MA","timestamp":"2023-11-09 14:20:55"},{"nodeID":"1357592","text":"Restating","type":"YA","timestamp":"2023-11-09 14:20:55"}],"edges":[{"edgeID":"1777198","fromID":"1357453","toID":"1357452","formEdgeID":null},{"edgeID":"1777199","fromID":"1357454","toID":"1357453","formEdgeID":null},{"edgeID":"1777200","fromID":"1357452","toID":"1357455","formEdgeID":null},{"edgeID":"1777201","fromID":"1357455","toID":"1357451","formEdgeID":null},{"edgeID":"1777202","fromID":"1357458","toID":"1357457","formEdgeID":null},{"edgeID":"1777203","fromID":"1357459","toID":"1357458","formEdgeID":null},{"edgeID":"1777204","fromID":"1357457","toID":"1357460","formEdgeID":null},{"edgeID":"1777205","fromID":"1357460","toID":"1357456","formEdgeID":null},{"edgeID":"1777206","fromID":"1357456","toID":"1357461","formEdgeID":null},{"edgeID":"1777207","fromID":"1357461","toID":"1357451","formEdgeID":null},{"edgeID":"1777208","fromID":"1357452","toID":"1357462","formEdgeID":null},{"edgeID":"1777209","fromID":"1357462","toID":"1357457","formEdgeID":null},{"edgeID":"1777210","fromID":"1357462","toID":"1357463","formEdgeID":null},{"edgeID":"1777211","fromID":"1357463","toID":"1357461","formEdgeID":null},{"edgeID":"1777212","fromID":"1357466","toID":"1357465","formEdgeID":null},{"edgeID":"1777213","fromID":"1357467","toID":"1357466","formEdgeID":null},{"edgeID":"1777214","fromID":"1357465","toID":"1357468","formEdgeID":null},{"edgeID":"1777215","fromID":"1357468","toID":"1357464","formEdgeID":null},{"edgeID":"1777216","fromID":"1357464","toID":"1357469","formEdgeID":null},{"edgeID":"1777217","fromID":"1357469","toID":"1357451","formEdgeID":null},{"edgeID":"1777218","fromID":"1357452","toID":"1357470","formEdgeID":null},{"edgeID":"1777219","fromID":"1357470","toID":"1357465","formEdgeID":null},{"edgeID":"1777220","fromID":"1357470","toID":"1357471","formEdgeID":null},{"edgeID":"1777221","fromID":"1357471","toID":"1357469","formEdgeID":null},{"edgeID":"1777222","fromID":"1357474","toID":"1357473","formEdgeID":null},{"edgeID":"1777223","fromID":"1357475","toID":"1357474","formEdgeID":null},{"edgeID":"1777224","fromID":"1357473","toID":"1357476","formEdgeID":null},{"edgeID":"1777225","fromID":"1357476","toID":"1357472","formEdgeID":null},{"edgeID":"1777226","fromID":"1357479","toID":"1357478","formEdgeID":null},{"edgeID":"1777227","fromID":"1357480","toID":"1357479","formEdgeID":null},{"edgeID":"1777228","fromID":"1357478","toID":"1357481","formEdgeID":null},{"edgeID":"1777229","fromID":"1357481","toID":"1357477","formEdgeID":null},{"edgeID":"1777230","fromID":"1357484","toID":"1357483","formEdgeID":null},{"edgeID":"1777231","fromID":"1357485","toID":"1357484","formEdgeID":null},{"edgeID":"1777232","fromID":"1357483","toID":"1357486","formEdgeID":null},{"edgeID":"1777233","fromID":"1357486","toID":"1357482","formEdgeID":null},{"edgeID":"1777234","fromID":"1357465","toID":"1357487","formEdgeID":null},{"edgeID":"1777235","fromID":"1357487","toID":"1357473","formEdgeID":null},{"edgeID":"1777236","fromID":"1357473","toID":"1357488","formEdgeID":null},{"edgeID":"1777237","fromID":"1357488","toID":"1357478","formEdgeID":null},{"edgeID":"1777238","fromID":"1357477","toID":"1357489","formEdgeID":null},{"edgeID":"1777239","fromID":"1357489","toID":"1357482","formEdgeID":null},{"edgeID":"1777240","fromID":"1357478","toID":"1357490","formEdgeID":null},{"edgeID":"1777241","fromID":"1357490","toID":"1357483","formEdgeID":null},{"edgeID":"1777242","fromID":"1357490","toID":"1357491","formEdgeID":null},{"edgeID":"1777243","fromID":"1357491","toID":"1357489","formEdgeID":null},{"edgeID":"1777244","fromID":"1357477","toID":"1357492","formEdgeID":null},{"edgeID":"1777245","fromID":"1357492","toID":"1357472","formEdgeID":null},{"edgeID":"1777246","fromID":"1357488","toID":"1357493","formEdgeID":null},{"edgeID":"1777247","fromID":"1357493","toID":"1357492","formEdgeID":null},{"edgeID":"1777248","fromID":"1357482","toID":"1357494","formEdgeID":null},{"edgeID":"1777249","fromID":"1357494","toID":"1357472","formEdgeID":null},{"edgeID":"1777250","fromID":"1357473","toID":"1357495","formEdgeID":null},{"edgeID":"1777251","fromID":"1357495","toID":"1357483","formEdgeID":null},{"edgeID":"1777252","fromID":"1357495","toID":"1357496","formEdgeID":null},{"edgeID":"1777253","fromID":"1357496","toID":"1357494","formEdgeID":null},{"edgeID":"1777254","fromID":"1357499","toID":"1357498","formEdgeID":null},{"edgeID":"1777255","fromID":"1357500","toID":"1357499","formEdgeID":null},{"edgeID":"1777256","fromID":"1357498","toID":"1357501","formEdgeID":null},{"edgeID":"1777257","fromID":"1357501","toID":"1357497","formEdgeID":null},{"edgeID":"1777258","fromID":"1357504","toID":"1357503","formEdgeID":null},{"edgeID":"1777259","fromID":"1357505","toID":"1357504","formEdgeID":null},{"edgeID":"1777260","fromID":"1357503","toID":"1357506","formEdgeID":null},{"edgeID":"1777261","fromID":"1357506","toID":"1357502","formEdgeID":null},{"edgeID":"1777262","fromID":"1357477","toID":"1357507","formEdgeID":null},{"edgeID":"1777263","fromID":"1357507","toID":"1357497","formEdgeID":null},{"edgeID":"1777264","fromID":"1357478","toID":"1357508","formEdgeID":null},{"edgeID":"1777265","fromID":"1357508","toID":"1357498","formEdgeID":null},{"edgeID":"1777266","fromID":"1357508","toID":"1357509","formEdgeID":null},{"edgeID":"1777267","fromID":"1357509","toID":"1357507","formEdgeID":null},{"edgeID":"1777268","fromID":"1357502","toID":"1357510","formEdgeID":null},{"edgeID":"1777269","fromID":"1357510","toID":"1357497","formEdgeID":null},{"edgeID":"1777270","fromID":"1357498","toID":"1357511","formEdgeID":null},{"edgeID":"1777271","fromID":"1357511","toID":"1357503","formEdgeID":null},{"edgeID":"1777272","fromID":"1357511","toID":"1357512","formEdgeID":null},{"edgeID":"1777273","fromID":"1357512","toID":"1357510","formEdgeID":null},{"edgeID":"1777274","fromID":"1357515","toID":"1357514","formEdgeID":null},{"edgeID":"1777275","fromID":"1357516","toID":"1357515","formEdgeID":null},{"edgeID":"1777276","fromID":"1357514","toID":"1357517","formEdgeID":null},{"edgeID":"1777277","fromID":"1357517","toID":"1357513","formEdgeID":null},{"edgeID":"1777278","fromID":"1357503","toID":"1357518","formEdgeID":null},{"edgeID":"1777279","fromID":"1357518","toID":"1357514","formEdgeID":null},{"edgeID":"1777280","fromID":"1357521","toID":"1357520","formEdgeID":null},{"edgeID":"1777281","fromID":"1357522","toID":"1357521","formEdgeID":null},{"edgeID":"1777282","fromID":"1357520","toID":"1357523","formEdgeID":null},{"edgeID":"1777283","fromID":"1357523","toID":"1357519","formEdgeID":null},{"edgeID":"1777284","fromID":"1357526","toID":"1357525","formEdgeID":null},{"edgeID":"1777285","fromID":"1357527","toID":"1357526","formEdgeID":null},{"edgeID":"1777286","fromID":"1357525","toID":"1357528","formEdgeID":null},{"edgeID":"1777287","fromID":"1357528","toID":"1357524","formEdgeID":null},{"edgeID":"1777288","fromID":"1357514","toID":"1357529","formEdgeID":null},{"edgeID":"1777289","fromID":"1357529","toID":"1357520","formEdgeID":null},{"edgeID":"1777290","fromID":"1357519","toID":"1357530","formEdgeID":null},{"edgeID":"1777291","fromID":"1357530","toID":"1357513","formEdgeID":null},{"edgeID":"1777292","fromID":"1357529","toID":"1357531","formEdgeID":null},{"edgeID":"1777293","fromID":"1357531","toID":"1357530","formEdgeID":null},{"edgeID":"1777294","fromID":"1357519","toID":"1357532","formEdgeID":null},{"edgeID":"1777295","fromID":"1357532","toID":"1357524","formEdgeID":null},{"edgeID":"1777296","fromID":"1357520","toID":"1357533","formEdgeID":null},{"edgeID":"1777297","fromID":"1357533","toID":"1357525","formEdgeID":null},{"edgeID":"1777298","fromID":"1357533","toID":"1357534","formEdgeID":null},{"edgeID":"1777299","fromID":"1357534","toID":"1357532","formEdgeID":null},{"edgeID":"1777300","fromID":"1357537","toID":"1357536","formEdgeID":null},{"edgeID":"1777301","fromID":"1357538","toID":"1357537","formEdgeID":null},{"edgeID":"1777302","fromID":"1357536","toID":"1357539","formEdgeID":null},{"edgeID":"1777303","fromID":"1357539","toID":"1357535","formEdgeID":null},{"edgeID":"1777304","fromID":"1357525","toID":"1357540","formEdgeID":null},{"edgeID":"1777305","fromID":"1357540","toID":"1357536","formEdgeID":null},{"edgeID":"1777306","fromID":"1357543","toID":"1357542","formEdgeID":null},{"edgeID":"1777307","fromID":"1357544","toID":"1357543","formEdgeID":null},{"edgeID":"1777308","fromID":"1357542","toID":"1357545","formEdgeID":null},{"edgeID":"1777309","fromID":"1357545","toID":"1357541","formEdgeID":null},{"edgeID":"1777310","fromID":"1357536","toID":"1357546","formEdgeID":null},{"edgeID":"1777311","fromID":"1357546","toID":"1357542","formEdgeID":null},{"edgeID":"1777312","fromID":"1357549","toID":"1357548","formEdgeID":null},{"edgeID":"1777313","fromID":"1357550","toID":"1357549","formEdgeID":null},{"edgeID":"1777314","fromID":"1357548","toID":"1357551","formEdgeID":null},{"edgeID":"1777315","fromID":"1357551","toID":"1357547","formEdgeID":null},{"edgeID":"1777316","fromID":"1357554","toID":"1357553","formEdgeID":null},{"edgeID":"1777317","fromID":"1357555","toID":"1357554","formEdgeID":null},{"edgeID":"1777318","fromID":"1357553","toID":"1357556","formEdgeID":null},{"edgeID":"1777319","fromID":"1357556","toID":"1357552","formEdgeID":null},{"edgeID":"1777320","fromID":"1357542","toID":"1357557","formEdgeID":null},{"edgeID":"1777321","fromID":"1357557","toID":"1357548","formEdgeID":null},{"edgeID":"1777322","fromID":"1357542","toID":"1357558","formEdgeID":null},{"edgeID":"1777323","fromID":"1357558","toID":"1357553","formEdgeID":null},{"edgeID":"1777324","fromID":"1357561","toID":"1357560","formEdgeID":null},{"edgeID":"1777325","fromID":"1357562","toID":"1357561","formEdgeID":null},{"edgeID":"1777326","fromID":"1357560","toID":"1357563","formEdgeID":null},{"edgeID":"1777327","fromID":"1357563","toID":"1357559","formEdgeID":null},{"edgeID":"1777328","fromID":"1357553","toID":"1357564","formEdgeID":null},{"edgeID":"1777329","fromID":"1357564","toID":"1357560","formEdgeID":null},{"edgeID":"1777330","fromID":"1357567","toID":"1357566","formEdgeID":null},{"edgeID":"1777331","fromID":"1357568","toID":"1357567","formEdgeID":null},{"edgeID":"1777332","fromID":"1357566","toID":"1357569","formEdgeID":null},{"edgeID":"1777333","fromID":"1357569","toID":"1357565","formEdgeID":null},{"edgeID":"1777334","fromID":"1357572","toID":"1357571","formEdgeID":null},{"edgeID":"1777335","fromID":"1357573","toID":"1357572","formEdgeID":null},{"edgeID":"1777336","fromID":"1357571","toID":"1357574","formEdgeID":null},{"edgeID":"1777337","fromID":"1357574","toID":"1357570","formEdgeID":null},{"edgeID":"1777338","fromID":"1357565","toID":"1357575","formEdgeID":null},{"edgeID":"1777339","fromID":"1357575","toID":"1357559","formEdgeID":null},{"edgeID":"1777340","fromID":"1357570","toID":"1357575","formEdgeID":null},{"edgeID":"1777341","fromID":"1357560","toID":"1357576","formEdgeID":null},{"edgeID":"1777342","fromID":"1357576","toID":"1357566","formEdgeID":null},{"edgeID":"1777343","fromID":"1357560","toID":"1357577","formEdgeID":null},{"edgeID":"1777344","fromID":"1357577","toID":"1357571","formEdgeID":null},{"edgeID":"1777345","fromID":"1357576","toID":"1357578","formEdgeID":null},{"edgeID":"1777346","fromID":"1357578","toID":"1357575","formEdgeID":null},{"edgeID":"1777347","fromID":"1357581","toID":"1357580","formEdgeID":null},{"edgeID":"1777348","fromID":"1357582","toID":"1357581","formEdgeID":null},{"edgeID":"1777349","fromID":"1357580","toID":"1357583","formEdgeID":null},{"edgeID":"1777350","fromID":"1357583","toID":"1357579","formEdgeID":null},{"edgeID":"1777351","fromID":"1357579","toID":"1357584","formEdgeID":null},{"edgeID":"1777352","fromID":"1357584","toID":"1357552","formEdgeID":null},{"edgeID":"1777353","fromID":"1357553","toID":"1357585","formEdgeID":null},{"edgeID":"1777354","fromID":"1357585","toID":"1357580","formEdgeID":null},{"edgeID":"1777355","fromID":"1357585","toID":"1357586","formEdgeID":null},{"edgeID":"1777356","fromID":"1357586","toID":"1357584","formEdgeID":null},{"edgeID":"1777357","fromID":"1357547","toID":"1357587","formEdgeID":null},{"edgeID":"1777358","fromID":"1357587","toID":"1357541","formEdgeID":null},{"edgeID":"1777359","fromID":"1357557","toID":"1357588","formEdgeID":null},{"edgeID":"1777360","fromID":"1357588","toID":"1357587","formEdgeID":null},{"edgeID":"1777361","fromID":"1357552","toID":"1357589","formEdgeID":null},{"edgeID":"1777362","fromID":"1357589","toID":"1357541","formEdgeID":null},{"edgeID":"1777363","fromID":"1357558","toID":"1357590","formEdgeID":null},{"edgeID":"1777364","fromID":"1357590","toID":"1357589","formEdgeID":null},{"edgeID":"1777365","fromID":"1357559","toID":"1357591","formEdgeID":null},{"edgeID":"1777366","fromID":"1357591","toID":"1357552","formEdgeID":null},{"edgeID":"1777367","fromID":"1357564","toID":"1357592","formEdgeID":null},{"edgeID":"1777368","fromID":"1357592","toID":"1357591","formEdgeID":null}],"locutions":[]}