{"nodes":[{"nodeID":"1356500","text":"the Government has to live with the financial reality that there is","type":"I","timestamp":"2023-11-09 14:18:51"},{"nodeID":"1356501","text":"Jacob Rees-Mogg: the Government has to live with the financial reality that there is","type":"L","timestamp":"2023-11-09 14:18:51"},{"nodeID":"1356502","text":"Analysing","type":"YA","timestamp":"2023-11-09 14:18:51"},{"nodeID":"1356503","text":"Anon: Jacob Rees-Mogg: the Government has to live with the financial reality that there is","type":"L","timestamp":"2023-11-09 14:18:51"},{"nodeID":"1356504","text":"Asserting","type":"YA","timestamp":"2023-11-09 14:18:51"},{"nodeID":"1356505","text":"some mistakes were made during lockdown that led to inflation","type":"I","timestamp":"2023-11-09 14:18:52"},{"nodeID":"1356506","text":"Jacob Rees-Mogg: Peter's point that some mistakes were made during lockdown that led to inflation","type":"L","timestamp":"2023-11-09 14:18:52"},{"nodeID":"1356507","text":"Analysing","type":"YA","timestamp":"2023-11-09 14:18:52"},{"nodeID":"1356508","text":"Anon: Jacob Rees-Mogg: Peter's point that some mistakes were made during lockdown that led to inflation","type":"L","timestamp":"2023-11-09 14:18:52"},{"nodeID":"1356509","text":"Default Transition","type":"TA","timestamp":"2023-11-09 14:18:52"},{"nodeID":"1356510","text":"Peter Hitchens: some mistakes were made during lockdown that led to inflation","type":"L","timestamp":"2023-11-09 14:18:52"},{"nodeID":"1356511","text":"Analysing","type":"YA","timestamp":"2023-11-09 14:18:52"},{"nodeID":"1356512","text":"Anon: Peter Hitchens: Peter's point that some mistakes were made during lockdown that led to inflation","type":"L","timestamp":"2023-11-09 14:18:52"},{"nodeID":"1356513","text":"Asserting","type":"YA","timestamp":"2023-11-09 14:18:52"},{"nodeID":"1356514","text":"Asserting","type":"YA","timestamp":"2023-11-09 14:18:52"},{"nodeID":"1356515","text":"there was a second round of quantitative easing of about \u00a3150 billion","type":"I","timestamp":"2023-11-09 14:18:53"},{"nodeID":"1356516","text":"Jacob Rees-Mogg: There was a second round of quantitative easing of about \u00a3150 billion","type":"L","timestamp":"2023-11-09 14:18:53"},{"nodeID":"1356517","text":"Analysing","type":"YA","timestamp":"2023-11-09 14:18:53"},{"nodeID":"1356518","text":"Anon: Jacob Rees-Mogg: There was a second round of quantitative easing of about \u00a3150 billion","type":"L","timestamp":"2023-11-09 14:18:53"},{"nodeID":"1356519","text":"Asserting","type":"YA","timestamp":"2023-11-09 14:18:53"},{"nodeID":"1356520","text":"Default Transition","type":"TA","timestamp":"2023-11-09 14:18:53"},{"nodeID":"1356521","text":"the second round of quantitative easing boosted the money supply in 2020","type":"I","timestamp":"2023-11-09 14:18:54"},{"nodeID":"1356522","text":"Jacob Rees-Mogg: which boosted the money supply in 2020","type":"L","timestamp":"2023-11-09 14:18:54"},{"nodeID":"1356523","text":"Analysing","type":"YA","timestamp":"2023-11-09 14:18:54"},{"nodeID":"1356524","text":"Anon: Jacob Rees-Mogg: which boosted the money supply in 2020","type":"L","timestamp":"2023-11-09 14:18:54"},{"nodeID":"1356525","text":"Asserting","type":"YA","timestamp":"2023-11-09 14:18:54"},{"nodeID":"1356526","text":"boosting the money supply in 2020 had a strong effect on inflation","type":"I","timestamp":"2023-11-09 14:18:54"},{"nodeID":"1356527","text":"Jacob Rees-Mogg: which had a strong effect on inflation","type":"L","timestamp":"2023-11-09 14:18:54"},{"nodeID":"1356528","text":"Analysing","type":"YA","timestamp":"2023-11-09 14:18:54"},{"nodeID":"1356529","text":"Anon: Jacob Rees-Mogg: which had a strong effect on inflation","type":"L","timestamp":"2023-11-09 14:18:54"},{"nodeID":"1356530","text":"Asserting","type":"YA","timestamp":"2023-11-09 14:18:54"},{"nodeID":"1356531","text":"the second round of quantitative easing in 2020 is why interest rates are rising","type":"I","timestamp":"2023-11-09 14:18:55"},{"nodeID":"1356532","text":"Jacob Rees-Mogg: that is why interest rates are rising","type":"L","timestamp":"2023-11-09 14:18:55"},{"nodeID":"1356533","text":"Analysing","type":"YA","timestamp":"2023-11-09 14:18:55"},{"nodeID":"1356534","text":"Anon: Jacob Rees-Mogg: that is why interest rates are rising","type":"L","timestamp":"2023-11-09 14:18:55"},{"nodeID":"1356535","text":"Asserting","type":"YA","timestamp":"2023-11-09 14:18:55"},{"nodeID":"1356536","text":"Default Inference","type":"RA","timestamp":"2023-11-09 14:18:55"},{"nodeID":"1356537","text":"the Government has a responsibility, not to make the rise of interest rates worse","type":"I","timestamp":"2023-11-09 14:18:56"},{"nodeID":"1356538","text":"Jacob Rees-Mogg: the Government has a responsibility, not to make that worse","type":"L","timestamp":"2023-11-09 14:18:56"},{"nodeID":"1356539","text":"Analysing","type":"YA","timestamp":"2023-11-09 14:18:56"},{"nodeID":"1356540","text":"Anon: Jacob Rees-Mogg: the Government has a responsibility, not to make that worse","type":"L","timestamp":"2023-11-09 14:18:56"},{"nodeID":"1356541","text":"Asserting","type":"YA","timestamp":"2023-11-09 14:18:56"},{"nodeID":"1356542","text":"Default Transition","type":"TA","timestamp":"2023-11-09 14:18:56"},{"nodeID":"1356543","text":"Default Transition","type":"TA","timestamp":"2023-11-09 14:18:56"},{"nodeID":"1356544","text":"Default Transition","type":"TA","timestamp":"2023-11-09 14:18:56"},{"nodeID":"1356545","text":"the Government also has a responsibility to keep the show on the road, and stop people going out striking","type":"I","timestamp":"2023-11-09 14:18:57"},{"nodeID":"1356546","text":"Fiona Bruce: the Government also has a responsibility to keep the show on the road, and stop people going out striking","type":"L","timestamp":"2023-11-09 14:18:57"},{"nodeID":"1356547","text":"Analysing","type":"YA","timestamp":"2023-11-09 14:18:57"},{"nodeID":"1356548","text":"Anon: Fiona Bruce: the Government also has a responsibility to keep the show on the road, and stop people going out striking","type":"L","timestamp":"2023-11-09 14:18:57"},{"nodeID":"1356549","text":"Asserting","type":"YA","timestamp":"2023-11-09 14:18:57"},{"nodeID":"1356550","text":"Default Transition","type":"TA","timestamp":"2023-11-09 14:18:57"},{"nodeID":"1356551","text":"Jacob Rees-Mogg: Yeah, absolutely","type":"L","timestamp":"2023-11-09 14:18:57"},{"nodeID":"1356552","text":"Analysing","type":"YA","timestamp":"2023-11-09 14:18:57"},{"nodeID":"1356553","text":"Anon: Jacob Rees-Mogg: Yeah, absolutely","type":"L","timestamp":"2023-11-09 14:18:57"},{"nodeID":"1356554","text":"Default Transition","type":"TA","timestamp":"2023-11-09 14:18:57"},{"nodeID":"1356555","text":"Agreeing","type":"YA","timestamp":"2023-11-09 14:18:57"},{"nodeID":"1356556","text":"we've had this discussion on employment within the health service","type":"I","timestamp":"2023-11-09 14:18:58"},{"nodeID":"1356557","text":"Jacob Rees-Mogg: we've had this discussion on employment within the health service","type":"L","timestamp":"2023-11-09 14:18:58"},{"nodeID":"1356558","text":"Analysing","type":"YA","timestamp":"2023-11-09 14:18:58"},{"nodeID":"1356559","text":"Anon: Jacob Rees-Mogg: we've had this discussion on employment within the health service","type":"L","timestamp":"2023-11-09 14:18:58"},{"nodeID":"1356560","text":"Asserting","type":"YA","timestamp":"2023-11-09 14:18:58"},{"nodeID":"1356561","text":"Default Transition","type":"TA","timestamp":"2023-11-09 14:18:58"},{"nodeID":"1356562","text":"there are 9,300 more nurses","type":"I","timestamp":"2023-11-09 14:18:59"},{"nodeID":"1356563","text":"Jacob Rees-Mogg: there are 9,300 more nurses","type":"L","timestamp":"2023-11-09 14:18:59"},{"nodeID":"1356564","text":"Analysing","type":"YA","timestamp":"2023-11-09 14:18:59"},{"nodeID":"1356565","text":"Anon: Jacob Rees-Mogg: there are 9,300 more nurses","type":"L","timestamp":"2023-11-09 14:18:59"},{"nodeID":"1356566","text":"Asserting","type":"YA","timestamp":"2023-11-09 14:18:59"},{"nodeID":"1356567","text":"Default Transition","type":"TA","timestamp":"2023-11-09 14:18:59"},{"nodeID":"1356568","text":"there being 9,300 more nurses doesn't tell you that it's all marvellous","type":"I","timestamp":"2023-11-09 14:18:59"},{"nodeID":"1356569","text":"Jacob Rees-Mogg: that doesn't tell you that it's all marvellous","type":"L","timestamp":"2023-11-09 14:18:59"},{"nodeID":"1356570","text":"Analysing","type":"YA","timestamp":"2023-11-09 14:18:59"},{"nodeID":"1356571","text":"Anon: Jacob Rees-Mogg: that doesn't tell you that it's all marvellous","type":"L","timestamp":"2023-11-09 14:18:59"},{"nodeID":"1356572","text":"Asserting","type":"YA","timestamp":"2023-11-09 14:18:59"},{"nodeID":"1356573","text":"Default Transition","type":"TA","timestamp":"2023-11-09 14:18:59"},{"nodeID":"1356574","text":"Default Rephrase","type":"MA","timestamp":"2023-11-09 14:18:59"},{"nodeID":"1356575","text":"Restating","type":"YA","timestamp":"2023-11-09 14:18:59"},{"nodeID":"1356576","text":"there's much more that needs to be done in the National Health Service","type":"I","timestamp":"2023-11-09 14:19:00"},{"nodeID":"1356577","text":"Jacob Rees-Mogg: there's much more that needs to be done","type":"L","timestamp":"2023-11-09 14:19:00"},{"nodeID":"1356578","text":"Analysing","type":"YA","timestamp":"2023-11-09 14:19:00"},{"nodeID":"1356579","text":"Anon: Jacob Rees-Mogg: there's much more that needs to be done","type":"L","timestamp":"2023-11-09 14:19:00"},{"nodeID":"1356580","text":"Asserting","type":"YA","timestamp":"2023-11-09 14:19:00"},{"nodeID":"1356581","text":"Default Transition","type":"TA","timestamp":"2023-11-09 14:19:00"},{"nodeID":"1356582","text":"the reform of the National Health Service needs to be done","type":"I","timestamp":"2023-11-09 14:19:01"},{"nodeID":"1356583","text":"Jacob Rees-Mogg:  the reform of the National Health Service","type":"L","timestamp":"2023-11-09 14:19:01"},{"nodeID":"1356584","text":"Analysing","type":"YA","timestamp":"2023-11-09 14:19:01"},{"nodeID":"1356585","text":"Anon: Jacob Rees-Mogg:  the reform of the National Health Service","type":"L","timestamp":"2023-11-09 14:19:01"},{"nodeID":"1356586","text":"Asserting","type":"YA","timestamp":"2023-11-09 14:19:01"},{"nodeID":"1356587","text":"Default Transition","type":"TA","timestamp":"2023-11-09 14:19:01"},{"nodeID":"1356588","text":"Default Rephrase","type":"MA","timestamp":"2023-11-09 14:19:01"},{"nodeID":"1356589","text":"Restating","type":"YA","timestamp":"2023-11-09 14:19:01"},{"nodeID":"1356590","text":"we are constantly giving the National Health Service more money","type":"I","timestamp":"2023-11-09 14:19:01"},{"nodeID":"1356591","text":"Jacob Rees-Mogg: We are constantly giving it more money","type":"L","timestamp":"2023-11-09 14:19:01"},{"nodeID":"1356592","text":"Analysing","type":"YA","timestamp":"2023-11-09 14:19:01"},{"nodeID":"1356593","text":"Anon: Jacob Rees-Mogg: We are constantly giving it more money","type":"L","timestamp":"2023-11-09 14:19:01"},{"nodeID":"1356594","text":"Asserting","type":"YA","timestamp":"2023-11-09 14:19:01"},{"nodeID":"1356595","text":"there are now \u00a31.2 million full time equivalent staff working within the National Health Service","type":"I","timestamp":"2023-11-09 14:19:02"},{"nodeID":"1356596","text":"Jacob Rees-Mogg: there are now \u00a31.2 million full time equivalent staff working within the National Health Service","type":"L","timestamp":"2023-11-09 14:19:02"},{"nodeID":"1356597","text":"Analysing","type":"YA","timestamp":"2023-11-09 14:19:02"},{"nodeID":"1356598","text":"Anon: Jacob Rees-Mogg: there are now \u00a31.2 million full time equivalent staff working within the National Health Service","type":"L","timestamp":"2023-11-09 14:19:02"},{"nodeID":"1356599","text":"Asserting","type":"YA","timestamp":"2023-11-09 14:19:02"},{"nodeID":"1356600","text":"Default Transition","type":"TA","timestamp":"2023-11-09 14:19:02"},{"nodeID":"1356601","text":"Default Inference","type":"RA","timestamp":"2023-11-09 14:19:02"},{"nodeID":"1356602","text":"Arguing","type":"YA","timestamp":"2023-11-09 14:19:02"},{"nodeID":"1356603","text":"Default Inference","type":"RA","timestamp":"2023-11-09 14:19:02"},{"nodeID":"1356604","text":"Arguing","type":"YA","timestamp":"2023-11-09 14:19:02"},{"nodeID":"1356605","text":"Default Inference","type":"RA","timestamp":"2023-11-09 14:19:02"},{"nodeID":"1356606","text":"Default Transition","type":"TA","timestamp":"2023-11-09 14:19:02"},{"nodeID":"1356607","text":"Arguing","type":"YA","timestamp":"2023-11-09 14:19:02"},{"nodeID":"1356608","text":"Default Transition","type":"TA","timestamp":"2023-11-09 14:19:02"},{"nodeID":"1356609","text":"Arguing","type":"YA","timestamp":"2023-11-09 14:19:02"},{"nodeID":"1356610","text":"Default Rephrase","type":"MA","timestamp":"2023-11-09 14:19:02"},{"nodeID":"1356611","text":"Restating","type":"YA","timestamp":"2023-11-09 14:19:02"},{"nodeID":"1356612","text":"Default Inference","type":"RA","timestamp":"2023-11-09 14:19:02"},{"nodeID":"1356613","text":"Arguing","type":"YA","timestamp":"2023-11-09 14:19:02"}],"edges":[{"edgeID":"1776041","fromID":"1356502","toID":"1356501","formEdgeID":null},{"edgeID":"1776042","fromID":"1356503","toID":"1356502","formEdgeID":null},{"edgeID":"1776043","fromID":"1356501","toID":"1356504","formEdgeID":null},{"edgeID":"1776044","fromID":"1356504","toID":"1356500","formEdgeID":null},{"edgeID":"1776045","fromID":"1356507","toID":"1356506","formEdgeID":null},{"edgeID":"1776046","fromID":"1356508","toID":"1356507","formEdgeID":null},{"edgeID":"1776047","fromID":"1356501","toID":"1356509","formEdgeID":null},{"edgeID":"1776048","fromID":"1356509","toID":"1356506","formEdgeID":null},{"edgeID":"1776049","fromID":"1356511","toID":"1356510","formEdgeID":null},{"edgeID":"1776050","fromID":"1356512","toID":"1356511","formEdgeID":null},{"edgeID":"1776051","fromID":"1356510","toID":"1356513","formEdgeID":null},{"edgeID":"1776052","fromID":"1356513","toID":"1356505","formEdgeID":null},{"edgeID":"1776053","fromID":"1356506","toID":"1356514","formEdgeID":null},{"edgeID":"1776054","fromID":"1356514","toID":"1356510","formEdgeID":null},{"edgeID":"1776055","fromID":"1356517","toID":"1356516","formEdgeID":null},{"edgeID":"1776056","fromID":"1356518","toID":"1356517","formEdgeID":null},{"edgeID":"1776057","fromID":"1356516","toID":"1356519","formEdgeID":null},{"edgeID":"1776058","fromID":"1356519","toID":"1356515","formEdgeID":null},{"edgeID":"1776059","fromID":"1356506","toID":"1356520","formEdgeID":null},{"edgeID":"1776060","fromID":"1356520","toID":"1356516","formEdgeID":null},{"edgeID":"1776061","fromID":"1356523","toID":"1356522","formEdgeID":null},{"edgeID":"1776062","fromID":"1356524","toID":"1356523","formEdgeID":null},{"edgeID":"1776063","fromID":"1356522","toID":"1356525","formEdgeID":null},{"edgeID":"1776064","fromID":"1356525","toID":"1356521","formEdgeID":null},{"edgeID":"1776065","fromID":"1356528","toID":"1356527","formEdgeID":null},{"edgeID":"1776066","fromID":"1356529","toID":"1356528","formEdgeID":null},{"edgeID":"1776067","fromID":"1356527","toID":"1356530","formEdgeID":null},{"edgeID":"1776068","fromID":"1356530","toID":"1356526","formEdgeID":null},{"edgeID":"1776069","fromID":"1356533","toID":"1356532","formEdgeID":null},{"edgeID":"1776070","fromID":"1356534","toID":"1356533","formEdgeID":null},{"edgeID":"1776071","fromID":"1356532","toID":"1356535","formEdgeID":null},{"edgeID":"1776072","fromID":"1356535","toID":"1356531","formEdgeID":null},{"edgeID":"1776073","fromID":"1356515","toID":"1356536","formEdgeID":null},{"edgeID":"1776074","fromID":"1356536","toID":"1356505","formEdgeID":null},{"edgeID":"1776075","fromID":"1356539","toID":"1356538","formEdgeID":null},{"edgeID":"1776076","fromID":"1356540","toID":"1356539","formEdgeID":null},{"edgeID":"1776077","fromID":"1356538","toID":"1356541","formEdgeID":null},{"edgeID":"1776078","fromID":"1356541","toID":"1356537","formEdgeID":null},{"edgeID":"1776079","fromID":"1356532","toID":"1356542","formEdgeID":null},{"edgeID":"1776080","fromID":"1356542","toID":"1356538","formEdgeID":null},{"edgeID":"1776081","fromID":"1356526","toID":"1356536","formEdgeID":null},{"edgeID":"1776082","fromID":"1356521","toID":"1356536","formEdgeID":null},{"edgeID":"1776083","fromID":"1356506","toID":"1356543","formEdgeID":null},{"edgeID":"1776084","fromID":"1356543","toID":"1356522","formEdgeID":null},{"edgeID":"1776085","fromID":"1356506","toID":"1356544","formEdgeID":null},{"edgeID":"1776086","fromID":"1356544","toID":"1356527","formEdgeID":null},{"edgeID":"1776087","fromID":"1356547","toID":"1356546","formEdgeID":null},{"edgeID":"1776088","fromID":"1356548","toID":"1356547","formEdgeID":null},{"edgeID":"1776089","fromID":"1356546","toID":"1356549","formEdgeID":null},{"edgeID":"1776090","fromID":"1356549","toID":"1356545","formEdgeID":null},{"edgeID":"1776091","fromID":"1356538","toID":"1356550","formEdgeID":null},{"edgeID":"1776092","fromID":"1356550","toID":"1356546","formEdgeID":null},{"edgeID":"1776093","fromID":"1356552","toID":"1356551","formEdgeID":null},{"edgeID":"1776094","fromID":"1356553","toID":"1356552","formEdgeID":null},{"edgeID":"1776095","fromID":"1356546","toID":"1356554","formEdgeID":null},{"edgeID":"1776096","fromID":"1356554","toID":"1356551","formEdgeID":null},{"edgeID":"1776097","fromID":"1356554","toID":"1356555","formEdgeID":null},{"edgeID":"1776098","fromID":"1356555","toID":"1356545","formEdgeID":null},{"edgeID":"1776099","fromID":"1356558","toID":"1356557","formEdgeID":null},{"edgeID":"1776100","fromID":"1356559","toID":"1356558","formEdgeID":null},{"edgeID":"1776101","fromID":"1356557","toID":"1356560","formEdgeID":null},{"edgeID":"1776102","fromID":"1356560","toID":"1356556","formEdgeID":null},{"edgeID":"1776103","fromID":"1356551","toID":"1356561","formEdgeID":null},{"edgeID":"1776104","fromID":"1356561","toID":"1356557","formEdgeID":null},{"edgeID":"1776105","fromID":"1356564","toID":"1356563","formEdgeID":null},{"edgeID":"1776106","fromID":"1356565","toID":"1356564","formEdgeID":null},{"edgeID":"1776107","fromID":"1356563","toID":"1356566","formEdgeID":null},{"edgeID":"1776108","fromID":"1356566","toID":"1356562","formEdgeID":null},{"edgeID":"1776109","fromID":"1356557","toID":"1356567","formEdgeID":null},{"edgeID":"1776110","fromID":"1356567","toID":"1356563","formEdgeID":null},{"edgeID":"1776111","fromID":"1356570","toID":"1356569","formEdgeID":null},{"edgeID":"1776112","fromID":"1356571","toID":"1356570","formEdgeID":null},{"edgeID":"1776113","fromID":"1356569","toID":"1356572","formEdgeID":null},{"edgeID":"1776114","fromID":"1356572","toID":"1356568","formEdgeID":null},{"edgeID":"1776115","fromID":"1356563","toID":"1356573","formEdgeID":null},{"edgeID":"1776116","fromID":"1356573","toID":"1356569","formEdgeID":null},{"edgeID":"1776117","fromID":"1356568","toID":"1356574","formEdgeID":null},{"edgeID":"1776118","fromID":"1356574","toID":"1356562","formEdgeID":null},{"edgeID":"1776119","fromID":"1356573","toID":"1356575","formEdgeID":null},{"edgeID":"1776120","fromID":"1356575","toID":"1356574","formEdgeID":null},{"edgeID":"1776121","fromID":"1356578","toID":"1356577","formEdgeID":null},{"edgeID":"1776122","fromID":"1356579","toID":"1356578","formEdgeID":null},{"edgeID":"1776123","fromID":"1356577","toID":"1356580","formEdgeID":null},{"edgeID":"1776124","fromID":"1356580","toID":"1356576","formEdgeID":null},{"edgeID":"1776125","fromID":"1356569","toID":"1356581","formEdgeID":null},{"edgeID":"1776126","fromID":"1356581","toID":"1356577","formEdgeID":null},{"edgeID":"1776127","fromID":"1356584","toID":"1356583","formEdgeID":null},{"edgeID":"1776128","fromID":"1356585","toID":"1356584","formEdgeID":null},{"edgeID":"1776129","fromID":"1356583","toID":"1356586","formEdgeID":null},{"edgeID":"1776130","fromID":"1356586","toID":"1356582","formEdgeID":null},{"edgeID":"1776131","fromID":"1356577","toID":"1356587","formEdgeID":null},{"edgeID":"1776132","fromID":"1356587","toID":"1356583","formEdgeID":null},{"edgeID":"1776133","fromID":"1356582","toID":"1356588","formEdgeID":null},{"edgeID":"1776134","fromID":"1356588","toID":"1356576","formEdgeID":null},{"edgeID":"1776135","fromID":"1356587","toID":"1356589","formEdgeID":null},{"edgeID":"1776136","fromID":"1356589","toID":"1356588","formEdgeID":null},{"edgeID":"1776137","fromID":"1356592","toID":"1356591","formEdgeID":null},{"edgeID":"1776138","fromID":"1356593","toID":"1356592","formEdgeID":null},{"edgeID":"1776139","fromID":"1356591","toID":"1356594","formEdgeID":null},{"edgeID":"1776140","fromID":"1356594","toID":"1356590","formEdgeID":null},{"edgeID":"1776141","fromID":"1356597","toID":"1356596","formEdgeID":null},{"edgeID":"1776142","fromID":"1356598","toID":"1356597","formEdgeID":null},{"edgeID":"1776143","fromID":"1356596","toID":"1356599","formEdgeID":null},{"edgeID":"1776144","fromID":"1356599","toID":"1356595","formEdgeID":null},{"edgeID":"1776145","fromID":"1356591","toID":"1356600","formEdgeID":null},{"edgeID":"1776146","fromID":"1356600","toID":"1356596","formEdgeID":null},{"edgeID":"1776147","fromID":"1356595","toID":"1356601","formEdgeID":null},{"edgeID":"1776148","fromID":"1356601","toID":"1356590","formEdgeID":null},{"edgeID":"1776149","fromID":"1356600","toID":"1356602","formEdgeID":null},{"edgeID":"1776150","fromID":"1356602","toID":"1356601","formEdgeID":null},{"edgeID":"1776151","fromID":"1356562","toID":"1356603","formEdgeID":null},{"edgeID":"1776152","fromID":"1356603","toID":"1356556","formEdgeID":null},{"edgeID":"1776153","fromID":"1356567","toID":"1356604","formEdgeID":null},{"edgeID":"1776154","fromID":"1356604","toID":"1356603","formEdgeID":null},{"edgeID":"1776155","fromID":"1356590","toID":"1356605","formEdgeID":null},{"edgeID":"1776156","fromID":"1356605","toID":"1356556","formEdgeID":null},{"edgeID":"1776157","fromID":"1356557","toID":"1356606","formEdgeID":null},{"edgeID":"1776158","fromID":"1356606","toID":"1356591","formEdgeID":null},{"edgeID":"1776159","fromID":"1356606","toID":"1356607","formEdgeID":null},{"edgeID":"1776160","fromID":"1356607","toID":"1356605","formEdgeID":null},{"edgeID":"1776161","fromID":"1356531","toID":"1356536","formEdgeID":null},{"edgeID":"1776162","fromID":"1356506","toID":"1356608","formEdgeID":null},{"edgeID":"1776163","fromID":"1356608","toID":"1356532","formEdgeID":null},{"edgeID":"1776164","fromID":"1356608","toID":"1356609","formEdgeID":null},{"edgeID":"1776165","fromID":"1356609","toID":"1356536","formEdgeID":null},{"edgeID":"1776166","fromID":"1356545","toID":"1356610","formEdgeID":null},{"edgeID":"1776167","fromID":"1356610","toID":"1356537","formEdgeID":null},{"edgeID":"1776168","fromID":"1356550","toID":"1356611","formEdgeID":null},{"edgeID":"1776169","fromID":"1356611","toID":"1356610","formEdgeID":null},{"edgeID":"1776170","fromID":"1356568","toID":"1356612","formEdgeID":null},{"edgeID":"1776171","fromID":"1356612","toID":"1356576","formEdgeID":null},{"edgeID":"1776172","fromID":"1356581","toID":"1356613","formEdgeID":null},{"edgeID":"1776173","fromID":"1356613","toID":"1356612","formEdgeID":null}],"locutions":[]}