{"nodes":[{"nodeID":"1374553","text":"this British Government are lining pockets of the criminal gangs","type":"I","timestamp":"2023-11-09 14:45:51"},{"nodeID":"1374554","text":"Daisy Cooper: the criminal gangs have said to BBC reporters, that this British Government are lining their pockets","type":"L","timestamp":"2023-11-09 14:45:51"},{"nodeID":"1374555","text":"Analysing","type":"YA","timestamp":"2023-11-09 14:45:51"},{"nodeID":"1374556","text":"Dominika: Daisy Cooper: the criminal gangs have said to BBC reporters, that this British Government are lining their pockets","type":"L","timestamp":"2023-11-09 14:45:51"},{"nodeID":"1374557","text":"the criminal gangs: this British Government are lining their pockets","type":"L","timestamp":"2023-11-09 14:45:51"},{"nodeID":"1374558","text":"Analysing","type":"YA","timestamp":"2023-11-09 14:45:51"},{"nodeID":"1374559","text":"Dominika: the criminal gangs: the criminal gangs have said to BBC reporters, that this British Government are lining their pockets","type":"L","timestamp":"2023-11-09 14:45:51"},{"nodeID":"1374560","text":"Asserting","type":"YA","timestamp":"2023-11-09 14:45:51"},{"nodeID":"1374561","text":"Asserting","type":"YA","timestamp":"2023-11-09 14:45:51"},{"nodeID":"1374562","text":"the criminal gangs know that if they can traffic people into this country, they get an easy deal","type":"I","timestamp":"2023-11-09 14:45:52"},{"nodeID":"1374563","text":"Daisy Cooper: they know that if they can traffic people into this country, they get an easy deal","type":"L","timestamp":"2023-11-09 14:45:52"},{"nodeID":"1374564","text":"Analysing","type":"YA","timestamp":"2023-11-09 14:45:52"},{"nodeID":"1374565","text":"Dominika: Daisy Cooper: they know that if they can traffic people into this country, they get an easy deal","type":"L","timestamp":"2023-11-09 14:45:52"},{"nodeID":"1374566","text":"Asserting","type":"YA","timestamp":"2023-11-09 14:45:52"},{"nodeID":"1374567","text":"Default Transition","type":"TA","timestamp":"2023-11-09 14:45:52"},{"nodeID":"1374568","text":"Default Inference","type":"RA","timestamp":"2023-11-09 14:45:52"},{"nodeID":"1374569","text":"Arguing","type":"YA","timestamp":"2023-11-09 14:45:52"},{"nodeID":"1374570","text":"the Government hasn\u2019t introduced the employment rights enforcement needed to go after those awful employers who exploit migrants, and employ human traffickers","type":"I","timestamp":"2023-11-09 14:45:52"},{"nodeID":"1374571","text":"Daisy Cooper: the Government hasn\u2019t introduced the employment rights enforcement needed to go after those awful employers who exploit migrants, and employ human traffickers","type":"L","timestamp":"2023-11-09 14:45:52"},{"nodeID":"1374572","text":"Analysing","type":"YA","timestamp":"2023-11-09 14:45:52"},{"nodeID":"1374573","text":"Dominika: Daisy Cooper: the Government hasn\u2019t introduced the employment rights enforcement needed to go after those awful employers who exploit migrants, and employ human traffickers","type":"L","timestamp":"2023-11-09 14:45:52"},{"nodeID":"1374574","text":"Asserting","type":"YA","timestamp":"2023-11-09 14:45:52"},{"nodeID":"1374575","text":"Default Transition","type":"TA","timestamp":"2023-11-09 14:45:52"},{"nodeID":"1374576","text":"Default Inference","type":"RA","timestamp":"2023-11-09 14:45:52"},{"nodeID":"1374577","text":"Arguing","type":"YA","timestamp":"2023-11-09 14:45:52"},{"nodeID":"1374578","text":"the Government has not dealt with the supply issue","type":"I","timestamp":"2023-11-09 14:45:53"},{"nodeID":"1374579","text":"Daisy Cooper: the Government has not dealt with the supply issue","type":"L","timestamp":"2023-11-09 14:45:53"},{"nodeID":"1374580","text":"Analysing","type":"YA","timestamp":"2023-11-09 14:45:53"},{"nodeID":"1374581","text":"Dominika: Daisy Cooper: the Government has not dealt with the supply issue","type":"L","timestamp":"2023-11-09 14:45:53"},{"nodeID":"1374582","text":"Asserting","type":"YA","timestamp":"2023-11-09 14:45:53"},{"nodeID":"1374583","text":"Default Transition","type":"TA","timestamp":"2023-11-09 14:45:53"},{"nodeID":"1374584","text":"the Government hasn\u2019t dealt with the demand issue","type":"I","timestamp":"2023-11-09 14:45:54"},{"nodeID":"1374585","text":"Daisy Cooper: it hasn\u2019t dealt with the demand issue","type":"L","timestamp":"2023-11-09 14:45:54"},{"nodeID":"1374586","text":"Analysing","type":"YA","timestamp":"2023-11-09 14:45:54"},{"nodeID":"1374587","text":"Dominika: Daisy Cooper: it hasn\u2019t dealt with the demand issue","type":"L","timestamp":"2023-11-09 14:45:54"},{"nodeID":"1374588","text":"Asserting","type":"YA","timestamp":"2023-11-09 14:45:54"},{"nodeID":"1374589","text":"the Government's own policies are fueling the trafficking issue","type":"I","timestamp":"2023-11-09 14:45:54"},{"nodeID":"1374590","text":"Daisy Cooper: the Government's own policies are fuelling this issue","type":"L","timestamp":"2023-11-09 14:45:54"},{"nodeID":"1374591","text":"Analysing","type":"YA","timestamp":"2023-11-09 14:45:54"},{"nodeID":"1374592","text":"Dominika: Daisy Cooper: the Government's own policies are fuelling this issue","type":"L","timestamp":"2023-11-09 14:45:54"},{"nodeID":"1374593","text":"Asserting","type":"YA","timestamp":"2023-11-09 14:45:54"},{"nodeID":"1374594","text":"Default Inference","type":"RA","timestamp":"2023-11-09 14:45:54"},{"nodeID":"1374595","text":"Default Transition","type":"TA","timestamp":"2023-11-09 14:45:54"},{"nodeID":"1374596","text":"Default Transition","type":"TA","timestamp":"2023-11-09 14:45:54"},{"nodeID":"1374597","text":"Arguing","type":"YA","timestamp":"2023-11-09 14:45:54"},{"nodeID":"1374598","text":"we're talking a lot about the future and what we want to see in the future, which AudienceMember20230112QT19 thinks is really important","type":"I","timestamp":"2023-11-09 14:45:55"},{"nodeID":"1374599","text":"AudienceMember 20230112QT19: We're talking a lot about the future and what we want to see in the future, which I think is really important","type":"L","timestamp":"2023-11-09 14:45:55"},{"nodeID":"1374600","text":"Analysing","type":"YA","timestamp":"2023-11-09 14:45:55"},{"nodeID":"1374601","text":"Dominika: AudienceMember 20230112QT19: We're talking a lot about the future and what we want to see in the future, which I think is really important","type":"L","timestamp":"2023-11-09 14:45:55"},{"nodeID":"1374602","text":"Asserting","type":"YA","timestamp":"2023-11-09 14:45:55"},{"nodeID":"1374603","text":"safe and legal routes are going to be an incredibly important part of what we want to see in the future","type":"I","timestamp":"2023-11-09 14:45:55"},{"nodeID":"1374604","text":"AudienceMember 20230112QT19: safe and legal routes are going to be an incredibly important part of that","type":"L","timestamp":"2023-11-09 14:45:55"},{"nodeID":"1374605","text":"Analysing","type":"YA","timestamp":"2023-11-09 14:45:55"},{"nodeID":"1374606","text":"Dominika: AudienceMember 20230112QT19: safe and legal routes are going to be an incredibly important part of that","type":"L","timestamp":"2023-11-09 14:45:55"},{"nodeID":"1374607","text":"Asserting","type":"YA","timestamp":"2023-11-09 14:45:55"},{"nodeID":"1374608","text":"Default Transition","type":"TA","timestamp":"2023-11-09 14:45:55"},{"nodeID":"1374609","text":"Default Rephrase","type":"MA","timestamp":"2023-11-09 14:45:55"},{"nodeID":"1374610","text":"Restating","type":"YA","timestamp":"2023-11-09 14:45:55"},{"nodeID":"1374611","text":"AudienceMember20230112QT19 really worries about what's happening right now","type":"I","timestamp":"2023-11-09 14:45:56"},{"nodeID":"1374612","text":"AudienceMember 20230112QT19: I really worry about what's happening right now","type":"L","timestamp":"2023-11-09 14:45:56"},{"nodeID":"1374613","text":"Analysing","type":"YA","timestamp":"2023-11-09 14:45:56"},{"nodeID":"1374614","text":"Dominika: AudienceMember 20230112QT19: I really worry about what's happening right now","type":"L","timestamp":"2023-11-09 14:45:56"},{"nodeID":"1374615","text":"Asserting","type":"YA","timestamp":"2023-11-09 14:45:56"},{"nodeID":"1374616","text":"Default Transition","type":"TA","timestamp":"2023-11-09 14:45:56"},{"nodeID":"1374617","text":"people have died this week, and hundreds and thousands of people have tried to cross the Channel this year alone","type":"I","timestamp":"2023-11-09 14:45:57"},{"nodeID":"1374618","text":"AudienceMember 20230112QT19: people have died this week, and hundreds and thousands of people have tried to cross the Channel this year alone","type":"L","timestamp":"2023-11-09 14:45:57"},{"nodeID":"1374619","text":"Analysing","type":"YA","timestamp":"2023-11-09 14:45:57"},{"nodeID":"1374620","text":"Dominika: AudienceMember 20230112QT19: people have died this week, and hundreds and thousands of people have tried to cross the Channel this year alone","type":"L","timestamp":"2023-11-09 14:45:57"},{"nodeID":"1374621","text":"Asserting","type":"YA","timestamp":"2023-11-09 14:45:57"},{"nodeID":"1374622","text":"Default Transition","type":"TA","timestamp":"2023-11-09 14:45:57"},{"nodeID":"1374623","text":"Default Inference","type":"RA","timestamp":"2023-11-09 14:45:57"},{"nodeID":"1374624","text":"Arguing","type":"YA","timestamp":"2023-11-09 14:45:57"},{"nodeID":"1374625","text":"some of the policies have been announced this week around stopping illegal immigrants from opening bank accounts, and housing people potentially in disused army barracks, going forward","type":"I","timestamp":"2023-11-09 14:45:57"},{"nodeID":"1374626","text":"AudienceMember 20230112QT19: some of the policies that I think have been announced this week around stopping illegal immigrants from opening bank accounts, and housing people potentially in disused army barracks, going forward","type":"L","timestamp":"2023-11-09 14:45:57"},{"nodeID":"1374627","text":"Analysing","type":"YA","timestamp":"2023-11-09 14:45:57"},{"nodeID":"1374628","text":"Dominika: AudienceMember 20230112QT19: some of the policies that I think have been announced this week around stopping illegal immigrants from opening bank accounts, and housing people potentially in disused army barracks, going forward","type":"L","timestamp":"2023-11-09 14:45:57"},{"nodeID":"1374629","text":"Asserting","type":"YA","timestamp":"2023-11-09 14:45:57"},{"nodeID":"1374630","text":"Default Transition","type":"TA","timestamp":"2023-11-09 14:45:57"},{"nodeID":"1374631","text":"Default Inference","type":"RA","timestamp":"2023-11-09 14:45:57"},{"nodeID":"1374632","text":"Arguing","type":"YA","timestamp":"2023-11-09 14:45:57"},{"nodeID":"1374633","text":"stopping illegal immigrants from opening bank accounts, and housing people potentially in disused army barracks just doesn't feel like the caring and compassionate response AudienceMember20230112QT19 would want from the country he lives in at the moment","type":"I","timestamp":"2023-11-09 14:45:58"},{"nodeID":"1374634","text":"AudienceMember 20230112QT19: It just doesn't feel like the caring and compassionate response I would want from, you know, the country I live in at the moment","type":"L","timestamp":"2023-11-09 14:45:58"},{"nodeID":"1374635","text":"Analysing","type":"YA","timestamp":"2023-11-09 14:45:58"},{"nodeID":"1374636","text":"Dominika: AudienceMember 20230112QT19: It just doesn't feel like the caring and compassionate response I would want from, you know, the country I live in at the moment","type":"L","timestamp":"2023-11-09 14:45:58"},{"nodeID":"1374637","text":"Asserting","type":"YA","timestamp":"2023-11-09 14:45:58"},{"nodeID":"1374638","text":"Default Transition","type":"TA","timestamp":"2023-11-09 14:45:58"},{"nodeID":"1374639","text":"Default Conflict","type":"CA","timestamp":"2023-11-09 14:45:58"},{"nodeID":"1374640","text":"Disagreeing","type":"YA","timestamp":"2023-11-09 14:45:58"},{"nodeID":"1374641","text":"the trafficking issue is on the Government's hands","type":"I","timestamp":"2023-11-09 14:45:58"},{"nodeID":"1374642","text":"Daisy Cooper: It is on their hands","type":"L","timestamp":"2023-11-09 14:45:58"},{"nodeID":"1374643","text":"Analysing","type":"YA","timestamp":"2023-11-09 14:45:58"},{"nodeID":"1374644","text":"Dominika: Daisy Cooper: It is on their hands","type":"L","timestamp":"2023-11-09 14:45:58"},{"nodeID":"1374645","text":"Asserting","type":"YA","timestamp":"2023-11-09 14:45:58"},{"nodeID":"1374646","text":"Default Transition","type":"TA","timestamp":"2023-11-09 14:45:58"},{"nodeID":"1374647","text":"Default Transition","type":"TA","timestamp":"2023-11-09 14:45:58"},{"nodeID":"1374648","text":"Default Inference","type":"RA","timestamp":"2023-11-09 14:45:58"},{"nodeID":"1374649","text":"Arguing","type":"YA","timestamp":"2023-11-09 14:45:58"}],"edges":[{"edgeID":"1797512","fromID":"1374555","toID":"1374554","formEdgeID":null},{"edgeID":"1797513","fromID":"1374556","toID":"1374555","formEdgeID":null},{"edgeID":"1797514","fromID":"1374558","toID":"1374557","formEdgeID":null},{"edgeID":"1797515","fromID":"1374559","toID":"1374558","formEdgeID":null},{"edgeID":"1797516","fromID":"1374557","toID":"1374560","formEdgeID":null},{"edgeID":"1797517","fromID":"1374560","toID":"1374553","formEdgeID":null},{"edgeID":"1797518","fromID":"1374554","toID":"1374561","formEdgeID":null},{"edgeID":"1797519","fromID":"1374561","toID":"1374557","formEdgeID":null},{"edgeID":"1797520","fromID":"1374564","toID":"1374563","formEdgeID":null},{"edgeID":"1797521","fromID":"1374565","toID":"1374564","formEdgeID":null},{"edgeID":"1797522","fromID":"1374563","toID":"1374566","formEdgeID":null},{"edgeID":"1797523","fromID":"1374566","toID":"1374562","formEdgeID":null},{"edgeID":"1797524","fromID":"1374554","toID":"1374567","formEdgeID":null},{"edgeID":"1797525","fromID":"1374567","toID":"1374563","formEdgeID":null},{"edgeID":"1797526","fromID":"1374562","toID":"1374568","formEdgeID":null},{"edgeID":"1797527","fromID":"1374568","toID":"1374553","formEdgeID":null},{"edgeID":"1797528","fromID":"1374567","toID":"1374569","formEdgeID":null},{"edgeID":"1797529","fromID":"1374569","toID":"1374568","formEdgeID":null},{"edgeID":"1797530","fromID":"1374572","toID":"1374571","formEdgeID":null},{"edgeID":"1797531","fromID":"1374573","toID":"1374572","formEdgeID":null},{"edgeID":"1797532","fromID":"1374571","toID":"1374574","formEdgeID":null},{"edgeID":"1797533","fromID":"1374574","toID":"1374570","formEdgeID":null},{"edgeID":"1797534","fromID":"1374563","toID":"1374575","formEdgeID":null},{"edgeID":"1797535","fromID":"1374575","toID":"1374571","formEdgeID":null},{"edgeID":"1797536","fromID":"1374570","toID":"1374576","formEdgeID":null},{"edgeID":"1797537","fromID":"1374576","toID":"1374562","formEdgeID":null},{"edgeID":"1797538","fromID":"1374575","toID":"1374577","formEdgeID":null},{"edgeID":"1797539","fromID":"1374577","toID":"1374576","formEdgeID":null},{"edgeID":"1797540","fromID":"1374580","toID":"1374579","formEdgeID":null},{"edgeID":"1797541","fromID":"1374581","toID":"1374580","formEdgeID":null},{"edgeID":"1797542","fromID":"1374579","toID":"1374582","formEdgeID":null},{"edgeID":"1797543","fromID":"1374582","toID":"1374578","formEdgeID":null},{"edgeID":"1797544","fromID":"1374571","toID":"1374583","formEdgeID":null},{"edgeID":"1797545","fromID":"1374583","toID":"1374579","formEdgeID":null},{"edgeID":"1797546","fromID":"1374586","toID":"1374585","formEdgeID":null},{"edgeID":"1797547","fromID":"1374587","toID":"1374586","formEdgeID":null},{"edgeID":"1797548","fromID":"1374585","toID":"1374588","formEdgeID":null},{"edgeID":"1797549","fromID":"1374588","toID":"1374584","formEdgeID":null},{"edgeID":"1797550","fromID":"1374591","toID":"1374590","formEdgeID":null},{"edgeID":"1797551","fromID":"1374592","toID":"1374591","formEdgeID":null},{"edgeID":"1797552","fromID":"1374590","toID":"1374593","formEdgeID":null},{"edgeID":"1797553","fromID":"1374593","toID":"1374589","formEdgeID":null},{"edgeID":"1797554","fromID":"1374578","toID":"1374594","formEdgeID":null},{"edgeID":"1797555","fromID":"1374594","toID":"1374589","formEdgeID":null},{"edgeID":"1797556","fromID":"1374584","toID":"1374594","formEdgeID":null},{"edgeID":"1797557","fromID":"1374579","toID":"1374595","formEdgeID":null},{"edgeID":"1797558","fromID":"1374595","toID":"1374590","formEdgeID":null},{"edgeID":"1797559","fromID":"1374585","toID":"1374596","formEdgeID":null},{"edgeID":"1797560","fromID":"1374596","toID":"1374590","formEdgeID":null},{"edgeID":"1797561","fromID":"1374595","toID":"1374597","formEdgeID":null},{"edgeID":"1797562","fromID":"1374597","toID":"1374594","formEdgeID":null},{"edgeID":"1797563","fromID":"1374600","toID":"1374599","formEdgeID":null},{"edgeID":"1797564","fromID":"1374601","toID":"1374600","formEdgeID":null},{"edgeID":"1797565","fromID":"1374599","toID":"1374602","formEdgeID":null},{"edgeID":"1797566","fromID":"1374602","toID":"1374598","formEdgeID":null},{"edgeID":"1797567","fromID":"1374605","toID":"1374604","formEdgeID":null},{"edgeID":"1797568","fromID":"1374606","toID":"1374605","formEdgeID":null},{"edgeID":"1797569","fromID":"1374604","toID":"1374607","formEdgeID":null},{"edgeID":"1797570","fromID":"1374607","toID":"1374603","formEdgeID":null},{"edgeID":"1797571","fromID":"1374599","toID":"1374608","formEdgeID":null},{"edgeID":"1797572","fromID":"1374608","toID":"1374604","formEdgeID":null},{"edgeID":"1797573","fromID":"1374603","toID":"1374609","formEdgeID":null},{"edgeID":"1797574","fromID":"1374609","toID":"1374598","formEdgeID":null},{"edgeID":"1797575","fromID":"1374608","toID":"1374610","formEdgeID":null},{"edgeID":"1797576","fromID":"1374610","toID":"1374609","formEdgeID":null},{"edgeID":"1797577","fromID":"1374613","toID":"1374612","formEdgeID":null},{"edgeID":"1797578","fromID":"1374614","toID":"1374613","formEdgeID":null},{"edgeID":"1797579","fromID":"1374612","toID":"1374615","formEdgeID":null},{"edgeID":"1797580","fromID":"1374615","toID":"1374611","formEdgeID":null},{"edgeID":"1797581","fromID":"1374604","toID":"1374616","formEdgeID":null},{"edgeID":"1797582","fromID":"1374616","toID":"1374612","formEdgeID":null},{"edgeID":"1797583","fromID":"1374619","toID":"1374618","formEdgeID":null},{"edgeID":"1797584","fromID":"1374620","toID":"1374619","formEdgeID":null},{"edgeID":"1797585","fromID":"1374618","toID":"1374621","formEdgeID":null},{"edgeID":"1797586","fromID":"1374621","toID":"1374617","formEdgeID":null},{"edgeID":"1797587","fromID":"1374612","toID":"1374622","formEdgeID":null},{"edgeID":"1797588","fromID":"1374622","toID":"1374618","formEdgeID":null},{"edgeID":"1797589","fromID":"1374617","toID":"1374623","formEdgeID":null},{"edgeID":"1797590","fromID":"1374623","toID":"1374611","formEdgeID":null},{"edgeID":"1797591","fromID":"1374622","toID":"1374624","formEdgeID":null},{"edgeID":"1797592","fromID":"1374624","toID":"1374623","formEdgeID":null},{"edgeID":"1797593","fromID":"1374627","toID":"1374626","formEdgeID":null},{"edgeID":"1797594","fromID":"1374628","toID":"1374627","formEdgeID":null},{"edgeID":"1797595","fromID":"1374626","toID":"1374629","formEdgeID":null},{"edgeID":"1797596","fromID":"1374629","toID":"1374625","formEdgeID":null},{"edgeID":"1797597","fromID":"1374612","toID":"1374630","formEdgeID":null},{"edgeID":"1797598","fromID":"1374630","toID":"1374626","formEdgeID":null},{"edgeID":"1797599","fromID":"1374625","toID":"1374631","formEdgeID":null},{"edgeID":"1797600","fromID":"1374631","toID":"1374611","formEdgeID":null},{"edgeID":"1797601","fromID":"1374630","toID":"1374632","formEdgeID":null},{"edgeID":"1797602","fromID":"1374632","toID":"1374631","formEdgeID":null},{"edgeID":"1797603","fromID":"1374635","toID":"1374634","formEdgeID":null},{"edgeID":"1797604","fromID":"1374636","toID":"1374635","formEdgeID":null},{"edgeID":"1797605","fromID":"1374634","toID":"1374637","formEdgeID":null},{"edgeID":"1797606","fromID":"1374637","toID":"1374633","formEdgeID":null},{"edgeID":"1797607","fromID":"1374626","toID":"1374638","formEdgeID":null},{"edgeID":"1797608","fromID":"1374638","toID":"1374634","formEdgeID":null},{"edgeID":"1797609","fromID":"1374633","toID":"1374639","formEdgeID":null},{"edgeID":"1797610","fromID":"1374639","toID":"1374625","formEdgeID":null},{"edgeID":"1797611","fromID":"1374638","toID":"1374640","formEdgeID":null},{"edgeID":"1797612","fromID":"1374640","toID":"1374639","formEdgeID":null},{"edgeID":"1797613","fromID":"1374643","toID":"1374642","formEdgeID":null},{"edgeID":"1797614","fromID":"1374644","toID":"1374643","formEdgeID":null},{"edgeID":"1797615","fromID":"1374642","toID":"1374645","formEdgeID":null},{"edgeID":"1797616","fromID":"1374645","toID":"1374641","formEdgeID":null},{"edgeID":"1797617","fromID":"1374590","toID":"1374646","formEdgeID":null},{"edgeID":"1797618","fromID":"1374646","toID":"1374642","formEdgeID":null},{"edgeID":"1797619","fromID":"1374642","toID":"1374647","formEdgeID":null},{"edgeID":"1797620","fromID":"1374647","toID":"1374599","formEdgeID":null},{"edgeID":"1797621","fromID":"1374589","toID":"1374648","formEdgeID":null},{"edgeID":"1797622","fromID":"1374648","toID":"1374641","formEdgeID":null},{"edgeID":"1797623","fromID":"1374646","toID":"1374649","formEdgeID":null},{"edgeID":"1797624","fromID":"1374649","toID":"1374648","formEdgeID":null}],"locutions":[]}