{"nodes":[{"nodeID":"1354008","text":"Fiona Bruce is obviously going to come to Pat Cullen first","type":"I","timestamp":"2023-11-09 14:14:19"},{"nodeID":"1354009","text":"Fiona Bruce: Pat, I'm obviously going to come to you first","type":"L","timestamp":"2023-11-09 14:14:19"},{"nodeID":"1354010","text":"Analysing","type":"YA","timestamp":"2023-11-09 14:14:19"},{"nodeID":"1354011","text":"Chris: Fiona Bruce: Pat, I'm obviously going to come to you first","type":"L","timestamp":"2023-11-09 14:14:19"},{"nodeID":"1354012","text":"Asserting","type":"YA","timestamp":"2023-11-09 14:14:19"},{"nodeID":"1354013","text":"Pat Cullen is the head of the RCN","type":"I","timestamp":"2023-11-09 14:14:20"},{"nodeID":"1354014","text":"Fiona Bruce: as the head of the RCN","type":"L","timestamp":"2023-11-09 14:14:20"},{"nodeID":"1354015","text":"Analysing","type":"YA","timestamp":"2023-11-09 14:14:20"},{"nodeID":"1354016","text":"Chris: Fiona Bruce: as the head of the RCN","type":"L","timestamp":"2023-11-09 14:14:20"},{"nodeID":"1354017","text":"Asserting","type":"YA","timestamp":"2023-11-09 14:14:20"},{"nodeID":"1354018","text":"Default Transition","type":"TA","timestamp":"2023-11-09 14:14:20"},{"nodeID":"1354019","text":"Default Inference","type":"RA","timestamp":"2023-11-09 14:14:20"},{"nodeID":"1354020","text":"Arguing","type":"YA","timestamp":"2023-11-09 14:14:20"},{"nodeID":"1354021","text":"Pat Cullen was out on the picket lines this morning","type":"I","timestamp":"2023-11-09 14:14:20"},{"nodeID":"1354022","text":"Fiona Bruce: you were out on the picket lines this morning","type":"L","timestamp":"2023-11-09 14:14:20"},{"nodeID":"1354023","text":"Analysing","type":"YA","timestamp":"2023-11-09 14:14:20"},{"nodeID":"1354024","text":"Chris: Fiona Bruce: you were out on the picket lines this morning","type":"L","timestamp":"2023-11-09 14:14:20"},{"nodeID":"1354025","text":"Asserting","type":"YA","timestamp":"2023-11-09 14:14:20"},{"nodeID":"1354026","text":"Default Transition","type":"TA","timestamp":"2023-11-09 14:14:20"},{"nodeID":"1354027","text":"Default Rephrase","type":"MA","timestamp":"2023-11-09 14:14:20"},{"nodeID":"1354028","text":"Restating","type":"YA","timestamp":"2023-11-09 14:14:20"},{"nodeID":"1354029","text":"Pat Cullen has been all round, well much of the country today","type":"I","timestamp":"2023-11-09 14:14:21"},{"nodeID":"1354030","text":"Fiona Bruce: you've been all round, well much of the country today","type":"L","timestamp":"2023-11-09 14:14:21"},{"nodeID":"1354031","text":"Analysing","type":"YA","timestamp":"2023-11-09 14:14:21"},{"nodeID":"1354032","text":"Chris: Fiona Bruce: you've been all round, well much of the country today","type":"L","timestamp":"2023-11-09 14:14:21"},{"nodeID":"1354033","text":"Asserting","type":"YA","timestamp":"2023-11-09 14:14:21"},{"nodeID":"1354034","text":"Default Transition","type":"TA","timestamp":"2023-11-09 14:14:21"},{"nodeID":"1354035","text":"Default Rephrase","type":"MA","timestamp":"2023-11-09 14:14:21"},{"nodeID":"1354036","text":"Restating","type":"YA","timestamp":"2023-11-09 14:14:21"},{"nodeID":"1354037","text":"the nurses strike demonstrates a catastrophic failure of Government, or the Government are battling hard to get the best deal","type":"I","timestamp":"2023-11-09 14:14:21"},{"nodeID":"1354038","text":"Fiona Bruce: Does it demonstrate a catastrophic failure of Government, or are Government battling hard to get the best deal","type":"L","timestamp":"2023-11-09 14:14:21"},{"nodeID":"1354039","text":"Analysing","type":"YA","timestamp":"2023-11-09 14:14:21"},{"nodeID":"1354040","text":"Chris: Fiona Bruce: Does it demonstrate a catastrophic failure of Government, or are Government battling hard to get the best deal?","type":"L","timestamp":"2023-11-09 14:14:21"},{"nodeID":"1354041","text":"Pure Questioning","type":"YA","timestamp":"2023-11-09 14:14:21"},{"nodeID":"1354042","text":"Default Transition","type":"TA","timestamp":"2023-11-09 14:14:21"},{"nodeID":"1354043","text":"the nurses' strike demonstrates a catastrophic failure of Government management, or are Government battling hard to get the best deal for the tax-payer","type":"I","timestamp":"2023-11-09 14:14:22"},{"nodeID":"1354044","text":"AudienceMember 20230112QT01: Does the nurses' strike demonstrate a catastrophic failure of Government management, or rather are Government battling hard to get the best deal for the tax-payer","type":"L","timestamp":"2023-11-09 14:14:22"},{"nodeID":"1354045","text":"Analysing","type":"YA","timestamp":"2023-11-09 14:14:22"},{"nodeID":"1354046","text":"Chris: AudienceMember 20230112QT01: Does the nurses' strike demonstrate a catastrophic failure of Government management, or rather are Government battling hard to get the best deal for the tax-payer","type":"L","timestamp":"2023-11-09 14:14:22"},{"nodeID":"1354047","text":"Pure Questioning","type":"YA","timestamp":"2023-11-09 14:14:22"},{"nodeID":"1354048","text":"Default Transition","type":"TA","timestamp":"2023-11-09 14:14:22"},{"nodeID":"1354049","text":"Default Rephrase","type":"MA","timestamp":"2023-11-09 14:14:22"},{"nodeID":"1354050","text":"Default Transition","type":"TA","timestamp":"2023-11-09 14:14:22"},{"nodeID":"1354051","text":"Restating","type":"YA","timestamp":"2023-11-09 14:14:22"}],"edges":[{"edgeID":"1773106","fromID":"1354010","toID":"1354009","formEdgeID":null},{"edgeID":"1773107","fromID":"1354011","toID":"1354010","formEdgeID":null},{"edgeID":"1773108","fromID":"1354009","toID":"1354012","formEdgeID":null},{"edgeID":"1773109","fromID":"1354012","toID":"1354008","formEdgeID":null},{"edgeID":"1773110","fromID":"1354015","toID":"1354014","formEdgeID":null},{"edgeID":"1773111","fromID":"1354016","toID":"1354015","formEdgeID":null},{"edgeID":"1773112","fromID":"1354014","toID":"1354017","formEdgeID":null},{"edgeID":"1773113","fromID":"1354017","toID":"1354013","formEdgeID":null},{"edgeID":"1773114","fromID":"1354009","toID":"1354018","formEdgeID":null},{"edgeID":"1773115","fromID":"1354018","toID":"1354014","formEdgeID":null},{"edgeID":"1773116","fromID":"1354013","toID":"1354019","formEdgeID":null},{"edgeID":"1773117","fromID":"1354019","toID":"1354008","formEdgeID":null},{"edgeID":"1773118","fromID":"1354018","toID":"1354020","formEdgeID":null},{"edgeID":"1773119","fromID":"1354020","toID":"1354019","formEdgeID":null},{"edgeID":"1773120","fromID":"1354023","toID":"1354022","formEdgeID":null},{"edgeID":"1773121","fromID":"1354024","toID":"1354023","formEdgeID":null},{"edgeID":"1773122","fromID":"1354022","toID":"1354025","formEdgeID":null},{"edgeID":"1773123","fromID":"1354025","toID":"1354021","formEdgeID":null},{"edgeID":"1773124","fromID":"1354014","toID":"1354026","formEdgeID":null},{"edgeID":"1773125","fromID":"1354026","toID":"1354022","formEdgeID":null},{"edgeID":"1773126","fromID":"1354021","toID":"1354027","formEdgeID":null},{"edgeID":"1773127","fromID":"1354027","toID":"1354013","formEdgeID":null},{"edgeID":"1773128","fromID":"1354026","toID":"1354028","formEdgeID":null},{"edgeID":"1773129","fromID":"1354028","toID":"1354027","formEdgeID":null},{"edgeID":"1773130","fromID":"1354031","toID":"1354030","formEdgeID":null},{"edgeID":"1773131","fromID":"1354032","toID":"1354031","formEdgeID":null},{"edgeID":"1773132","fromID":"1354030","toID":"1354033","formEdgeID":null},{"edgeID":"1773133","fromID":"1354033","toID":"1354029","formEdgeID":null},{"edgeID":"1773134","fromID":"1354022","toID":"1354034","formEdgeID":null},{"edgeID":"1773135","fromID":"1354034","toID":"1354030","formEdgeID":null},{"edgeID":"1773136","fromID":"1354029","toID":"1354035","formEdgeID":null},{"edgeID":"1773137","fromID":"1354035","toID":"1354021","formEdgeID":null},{"edgeID":"1773138","fromID":"1354034","toID":"1354036","formEdgeID":null},{"edgeID":"1773139","fromID":"1354036","toID":"1354035","formEdgeID":null},{"edgeID":"1773140","fromID":"1354039","toID":"1354038","formEdgeID":null},{"edgeID":"1773141","fromID":"1354040","toID":"1354039","formEdgeID":null},{"edgeID":"1773142","fromID":"1354038","toID":"1354041","formEdgeID":null},{"edgeID":"1773143","fromID":"1354041","toID":"1354037","formEdgeID":null},{"edgeID":"1773144","fromID":"1354030","toID":"1354042","formEdgeID":null},{"edgeID":"1773145","fromID":"1354042","toID":"1354038","formEdgeID":null},{"edgeID":"1773146","fromID":"1354045","toID":"1354044","formEdgeID":null},{"edgeID":"1773147","fromID":"1354046","toID":"1354045","formEdgeID":null},{"edgeID":"1773148","fromID":"1354044","toID":"1354047","formEdgeID":null},{"edgeID":"1773149","fromID":"1354047","toID":"1354043","formEdgeID":null},{"edgeID":"1773150","fromID":"1354044","toID":"1354048","formEdgeID":null},{"edgeID":"1773151","fromID":"1354048","toID":"1354009","formEdgeID":null},{"edgeID":"1773152","fromID":"1354037","toID":"1354049","formEdgeID":null},{"edgeID":"1773153","fromID":"1354049","toID":"1354043","formEdgeID":null},{"edgeID":"1773154","fromID":"1354044","toID":"1354050","formEdgeID":null},{"edgeID":"1773155","fromID":"1354050","toID":"1354038","formEdgeID":null},{"edgeID":"1773156","fromID":"1354050","toID":"1354051","formEdgeID":null},{"edgeID":"1773157","fromID":"1354051","toID":"1354049","formEdgeID":null}],"locutions":[]}