{"nodes":[{"nodeID":"1355974","text":"Peter Hitchens is very sorry","type":"I","timestamp":"2023-11-09 14:17:47"},{"nodeID":"1355975","text":"Peter Hitchens: I'm very sorry","type":"L","timestamp":"2023-11-09 14:17:47"},{"nodeID":"1355976","text":"Analysing","type":"YA","timestamp":"2023-11-09 14:17:47"},{"nodeID":"1355977","text":"Chris: Peter Hitchens: I'm very sorry","type":"L","timestamp":"2023-11-09 14:17:47"},{"nodeID":"1355978","text":"Asserting","type":"YA","timestamp":"2023-11-09 14:17:47"},{"nodeID":"1355979","text":"Peter Hitchens just doesn't think that nurses should strike","type":"I","timestamp":"2023-11-09 14:17:48"},{"nodeID":"1355980","text":"Peter Hitchens: I just don't think that nurses should strike","type":"L","timestamp":"2023-11-09 14:17:48"},{"nodeID":"1355981","text":"Analysing","type":"YA","timestamp":"2023-11-09 14:17:48"},{"nodeID":"1355982","text":"Chris: Peter Hitchens: I just don't think that nurses should strike","type":"L","timestamp":"2023-11-09 14:17:48"},{"nodeID":"1355983","text":"Asserting","type":"YA","timestamp":"2023-11-09 14:17:48"},{"nodeID":"1355984","text":"Default Inference","type":"RA","timestamp":"2023-11-09 14:17:48"},{"nodeID":"1355985","text":"Default Transition","type":"TA","timestamp":"2023-11-09 14:17:48"},{"nodeID":"1355986","text":"Arguing","type":"YA","timestamp":"2023-11-09 14:17:48"},{"nodeID":"1355987","text":"the profession of nursing is so important","type":"I","timestamp":"2023-11-09 14:17:49"},{"nodeID":"1355988","text":"Peter Hitchens: the profession of nursing is so important","type":"L","timestamp":"2023-11-09 14:17:49"},{"nodeID":"1355989","text":"Analysing","type":"YA","timestamp":"2023-11-09 14:17:49"},{"nodeID":"1355990","text":"Chris: Peter Hitchens: the profession of nursing is so important","type":"L","timestamp":"2023-11-09 14:17:49"},{"nodeID":"1355991","text":"Asserting","type":"YA","timestamp":"2023-11-09 14:17:49"},{"nodeID":"1355992","text":"Default Transition","type":"TA","timestamp":"2023-11-09 14:17:49"},{"nodeID":"1355993","text":"Default Inference","type":"RA","timestamp":"2023-11-09 14:17:49"},{"nodeID":"1355994","text":"Arguing","type":"YA","timestamp":"2023-11-09 14:17:49"},{"nodeID":"1355995","text":"nursing basically involves showing mercy to other people when they're in desperate need","type":"I","timestamp":"2023-11-09 14:17:49"},{"nodeID":"1355996","text":"Peter Hitchens: it basically involves showing mercy to other people when they're in desperate need","type":"L","timestamp":"2023-11-09 14:17:49"},{"nodeID":"1355997","text":"Analysing","type":"YA","timestamp":"2023-11-09 14:17:49"},{"nodeID":"1355998","text":"Chris: Peter Hitchens: it basically involves showing mercy to other people when they're in desperate need","type":"L","timestamp":"2023-11-09 14:17:49"},{"nodeID":"1355999","text":"Asserting","type":"YA","timestamp":"2023-11-09 14:17:49"},{"nodeID":"1356000","text":"Default Inference","type":"RA","timestamp":"2023-11-09 14:17:49"},{"nodeID":"1356001","text":"Default Transition","type":"TA","timestamp":"2023-11-09 14:17:49"},{"nodeID":"1356002","text":"nursing is an occupation where those going into it should forswear striking","type":"I","timestamp":"2023-11-09 14:17:50"},{"nodeID":"1356003","text":"Peter Hitchens: it's an occupation where those going into it should forswear striking","type":"L","timestamp":"2023-11-09 14:17:50"},{"nodeID":"1356004","text":"Analysing","type":"YA","timestamp":"2023-11-09 14:17:50"},{"nodeID":"1356005","text":"Chris: Peter Hitchens: it's an occupation where those going into it should forswear striking","type":"L","timestamp":"2023-11-09 14:17:50"},{"nodeID":"1356006","text":"Asserting","type":"YA","timestamp":"2023-11-09 14:17:50"},{"nodeID":"1356007","text":"Default Transition","type":"TA","timestamp":"2023-11-09 14:17:50"},{"nodeID":"1356008","text":"Peter Hitchens:  I just don't think that they should","type":"L","timestamp":"2023-11-09 14:17:50"},{"nodeID":"1356009","text":"Analysing","type":"YA","timestamp":"2023-11-09 14:17:50"},{"nodeID":"1356010","text":"Chris: Peter Hitchens:  I just don't think that they should","type":"L","timestamp":"2023-11-09 14:17:50"},{"nodeID":"1356011","text":"Default Transition","type":"TA","timestamp":"2023-11-09 14:17:50"},{"nodeID":"1356012","text":"not believing nurses should strike doesn't mean that Peter Hitchens doesn't have any sympathy for the case of nurses","type":"I","timestamp":"2023-11-09 14:17:51"},{"nodeID":"1356013","text":"Peter Hitchens: That doesn't mean that I don't have any sympathy for the case of nurses","type":"L","timestamp":"2023-11-09 14:17:51"},{"nodeID":"1356014","text":"Analysing","type":"YA","timestamp":"2023-11-09 14:17:51"},{"nodeID":"1356015","text":"Chris: Peter Hitchens: That doesn't mean that I don't have any sympathy for the case of nurses","type":"L","timestamp":"2023-11-09 14:17:51"},{"nodeID":"1356016","text":"Asserting","type":"YA","timestamp":"2023-11-09 14:17:51"},{"nodeID":"1356017","text":"not believing nurses should strike doesn't mean that Peter Hitchens thinks that the Government has handled it well","type":"I","timestamp":"2023-11-09 14:17:52"},{"nodeID":"1356018","text":"Peter Hitchens: it also doesn't mean that I think that the Government has handled it well","type":"L","timestamp":"2023-11-09 14:17:52"},{"nodeID":"1356019","text":"Analysing","type":"YA","timestamp":"2023-11-09 14:17:52"},{"nodeID":"1356020","text":"Chris: Peter Hitchens: it also doesn't mean that I think that the Government has handled it well","type":"L","timestamp":"2023-11-09 14:17:52"},{"nodeID":"1356021","text":"Asserting","type":"YA","timestamp":"2023-11-09 14:17:52"},{"nodeID":"1356022","text":"the position we're in is extraordinary","type":"I","timestamp":"2023-11-09 14:17:53"},{"nodeID":"1356023","text":"Peter Hitchens: It is extraordinary, the position we're in","type":"L","timestamp":"2023-11-09 14:17:53"},{"nodeID":"1356024","text":"Analysing","type":"YA","timestamp":"2023-11-09 14:17:53"},{"nodeID":"1356025","text":"Chris: Peter Hitchens: It is extraordinary, the position we're in","type":"L","timestamp":"2023-11-09 14:17:53"},{"nodeID":"1356026","text":"Asserting","type":"YA","timestamp":"2023-11-09 14:17:53"},{"nodeID":"1356027","text":"Default Transition","type":"TA","timestamp":"2023-11-09 14:17:53"},{"nodeID":"1356028","text":"the inflation which we now face","type":"I","timestamp":"2023-11-09 14:17:53"},{"nodeID":"1356029","text":"Peter Hitchens: the inflation which we now face","type":"L","timestamp":"2023-11-09 14:17:53"},{"nodeID":"1356030","text":"Analysing","type":"YA","timestamp":"2023-11-09 14:17:53"},{"nodeID":"1356031","text":"Chris: Peter Hitchens: the inflation which we now face","type":"L","timestamp":"2023-11-09 14:17:53"},{"nodeID":"1356032","text":"Asserting","type":"YA","timestamp":"2023-11-09 14:17:53"},{"nodeID":"1356033","text":"Default Transition","type":"TA","timestamp":"2023-11-09 14:17:53"},{"nodeID":"1356034","text":"Default Inference","type":"RA","timestamp":"2023-11-09 14:17:53"},{"nodeID":"1356035","text":"Arguing","type":"YA","timestamp":"2023-11-09 14:17:53"},{"nodeID":"1356036","text":"the entire country has undergone a compulsory pay cut","type":"I","timestamp":"2023-11-09 14:17:54"},{"nodeID":"1356037","text":"Peter Hitchens: the entire country has undergone a compulsory pay cut","type":"L","timestamp":"2023-11-09 14:17:54"},{"nodeID":"1356038","text":"Analysing","type":"YA","timestamp":"2023-11-09 14:17:54"},{"nodeID":"1356039","text":"Chris: Peter Hitchens: the entire country has undergone a compulsory pay cut","type":"L","timestamp":"2023-11-09 14:17:54"},{"nodeID":"1356040","text":"Asserting","type":"YA","timestamp":"2023-11-09 14:17:54"},{"nodeID":"1356041","text":"Default Transition","type":"TA","timestamp":"2023-11-09 14:17:54"},{"nodeID":"1356042","text":"Default Rephrase","type":"MA","timestamp":"2023-11-09 14:17:54"},{"nodeID":"1356043","text":"Restating","type":"YA","timestamp":"2023-11-09 14:17:54"},{"nodeID":"1356044","text":"what we now see is people trying to get back some of what they\u2019ve lost in that compulsory pay cut","type":"I","timestamp":"2023-11-09 14:17:55"},{"nodeID":"1356045","text":"Peter Hitchens: what we now see is people trying to get back some of what they\u2019ve lost in that compulsory pay cut","type":"L","timestamp":"2023-11-09 14:17:55"},{"nodeID":"1356046","text":"Analysing","type":"YA","timestamp":"2023-11-09 14:17:55"},{"nodeID":"1356047","text":"Chris: Peter Hitchens: what we now see is people trying to get back some of what they\u2019ve lost in that compulsory pay cut","type":"L","timestamp":"2023-11-09 14:17:55"},{"nodeID":"1356048","text":"Asserting","type":"YA","timestamp":"2023-11-09 14:17:55"},{"nodeID":"1356049","text":"Default Transition","type":"TA","timestamp":"2023-11-09 14:17:55"},{"nodeID":"1356050","text":"Default Inference","type":"RA","timestamp":"2023-11-09 14:17:55"},{"nodeID":"1356051","text":"Arguing","type":"YA","timestamp":"2023-11-09 14:17:55"},{"nodeID":"1356052","text":"Jacob Rees-Mogg talked about the danger of inflation","type":"I","timestamp":"2023-11-09 14:17:56"},{"nodeID":"1356053","text":"there was an entire political consensus which almost completely guaranteed very severe inflation in this country","type":"I","timestamp":"2023-11-09 14:17:57"},{"nodeID":"1356054","text":"the political consensus had a huge, violent, and in Peter Hitchens view, totally disproportionate overaction to COVID","type":"I","timestamp":"2023-11-09 14:17:58"},{"nodeID":"1356055","text":"Peter Hitchens: it's huge, violent, and in my view, totally disproportionate overaction to COVID","type":"L","timestamp":"2023-11-09 14:17:58"},{"nodeID":"1356056","text":"Analysing","type":"YA","timestamp":"2023-11-09 14:17:58"},{"nodeID":"1356057","text":"Chris: Peter Hitchens: it's huge, violent, and in my view, totally disproportionate overaction to COVID","type":"L","timestamp":"2023-11-09 14:17:58"},{"nodeID":"1356058","text":"Asserting","type":"YA","timestamp":"2023-11-09 14:17:58"},{"nodeID":"1356059","text":"it's COVID restriction related inflation which we continue to pay for","type":"I","timestamp":"2023-11-09 14:17:59"},{"nodeID":"1356060","text":"Peter Hitchens: for which we continue to pay","type":"L","timestamp":"2023-11-09 14:17:59"},{"nodeID":"1356061","text":"Analysing","type":"YA","timestamp":"2023-11-09 14:17:59"},{"nodeID":"1356062","text":"Chris: Peter Hitchens: for which we continue to pay","type":"L","timestamp":"2023-11-09 14:17:59"},{"nodeID":"1356063","text":"Asserting","type":"YA","timestamp":"2023-11-09 14:17:59"},{"nodeID":"1356064","text":"Default Transition","type":"TA","timestamp":"2023-11-09 14:17:59"},{"nodeID":"1356065","text":"one could not criticise the consensus at the time","type":"I","timestamp":"2023-11-09 14:18:00"},{"nodeID":"1356066","text":"Peter Hitchens: you could not criticise at the time","type":"L","timestamp":"2023-11-09 14:18:00"},{"nodeID":"1356067","text":"Analysing","type":"YA","timestamp":"2023-11-09 14:18:00"},{"nodeID":"1356068","text":"Chris: Peter Hitchens: you could not criticise at the time","type":"L","timestamp":"2023-11-09 14:18:00"},{"nodeID":"1356069","text":"Asserting","type":"YA","timestamp":"2023-11-09 14:18:00"},{"nodeID":"1356070","text":"Default Rephrase","type":"MA","timestamp":"2023-11-09 14:18:00"},{"nodeID":"1356071","text":"Default Transition","type":"TA","timestamp":"2023-11-09 14:18:00"},{"nodeID":"1356072","text":"Restating","type":"YA","timestamp":"2023-11-09 14:18:00"},{"nodeID":"1356073","text":"Peter Hitchens tried to criticise the COVID consensus","type":"I","timestamp":"2023-11-09 14:18:01"},{"nodeID":"1356074","text":"Peter Hitchens: I tried","type":"L","timestamp":"2023-11-09 14:18:01"},{"nodeID":"1356075","text":"Analysing","type":"YA","timestamp":"2023-11-09 14:18:01"},{"nodeID":"1356076","text":"Chris: Peter Hitchens: I tried","type":"L","timestamp":"2023-11-09 14:18:01"},{"nodeID":"1356077","text":"Asserting","type":"YA","timestamp":"2023-11-09 14:18:01"},{"nodeID":"1356078","text":"Default Transition","type":"TA","timestamp":"2023-11-09 14:18:01"},{"nodeID":"1356079","text":"Default Inference","type":"RA","timestamp":"2023-11-09 14:18:01"},{"nodeID":"1356080","text":"Arguing","type":"YA","timestamp":"2023-11-09 14:18:01"},{"nodeID":"1356081","text":"the Government going on about inflation and saying, we want to stop inflation","type":"I","timestamp":"2023-11-09 14:18:02"},{"nodeID":"1356082","text":"Peter Hitchens: the Government going on about inflation and saying, we want to stop inflation","type":"L","timestamp":"2023-11-09 14:18:02"},{"nodeID":"1356083","text":"Analysing","type":"YA","timestamp":"2023-11-09 14:18:02"},{"nodeID":"1356084","text":"Chris: Peter Hitchens: the Government going on about inflation and saying, we want to stop inflation","type":"L","timestamp":"2023-11-09 14:18:02"},{"nodeID":"1356085","text":"Asserting","type":"YA","timestamp":"2023-11-09 14:18:02"},{"nodeID":"1356086","text":"Default Transition","type":"TA","timestamp":"2023-11-09 14:18:02"},{"nodeID":"1356087","text":"the Government should have thought of the dangers of inflation when they started the inflation in the first place","type":"I","timestamp":"2023-11-09 14:18:03"},{"nodeID":"1356088","text":"Peter Hitchens: they should have thought of that when they started the inflation in the first place","type":"L","timestamp":"2023-11-09 14:18:03"},{"nodeID":"1356089","text":"Analysing","type":"YA","timestamp":"2023-11-09 14:18:03"},{"nodeID":"1356090","text":"Chris: Peter Hitchens: they should have thought of that when they started the inflation in the first place","type":"L","timestamp":"2023-11-09 14:18:03"},{"nodeID":"1356091","text":"Asserting","type":"YA","timestamp":"2023-11-09 14:18:03"},{"nodeID":"1356092","text":"Default Transition","type":"TA","timestamp":"2023-11-09 14:18:03"},{"nodeID":"1356093","text":"Default Conflict","type":"CA","timestamp":"2023-11-09 14:18:03"},{"nodeID":"1356094","text":"Disagreeing","type":"YA","timestamp":"2023-11-09 14:18:03"},{"nodeID":"1356095","text":"Arguing","type":"YA","timestamp":"2023-11-09 14:18:03"},{"nodeID":"1356096","text":"Default Inference","type":"RA","timestamp":"2023-11-09 14:18:03"},{"nodeID":"1356097","text":"Arguing","type":"YA","timestamp":"2023-11-09 14:18:03"},{"nodeID":"1356098","text":"Asserting","type":"YA","timestamp":"2023-11-09 14:18:03"},{"nodeID":"1356099","text":"Default Rephrase","type":"MA","timestamp":"2023-11-09 14:18:03"},{"nodeID":"1356100","text":"Default Rephrase","type":"MA","timestamp":"2023-11-09 14:18:03"},{"nodeID":"1356101","text":"Default Transition","type":"TA","timestamp":"2023-11-09 14:18:03"},{"nodeID":"1356102","text":"Default Transition","type":"TA","timestamp":"2023-11-09 14:18:03"},{"nodeID":"1356103","text":"Restating","type":"YA","timestamp":"2023-11-09 14:18:03"},{"nodeID":"1356104","text":"Restating","type":"YA","timestamp":"2023-11-09 14:18:03"},{"nodeID":"1356105","text":"Peter Hitchens: Jacob Rees-Mogg talked about the danger of inflation","type":"L","timestamp":"2023-11-09 14:18:03"},{"nodeID":"1356106","text":"Analysing","type":"YA","timestamp":"2023-11-09 14:18:03"},{"nodeID":"1356107","text":"Chris: Peter Hitchens: Jacob Rees-Mogg talked about the danger of inflation","type":"L","timestamp":"2023-11-09 14:18:03"},{"nodeID":"1356108","text":"Default Transition","type":"TA","timestamp":"2023-11-09 14:18:03"},{"nodeID":"1356109","text":"Asserting","type":"YA","timestamp":"2023-11-09 14:18:03"},{"nodeID":"1356110","text":"Peter Hitchens: But he was part of an entire political consensus,Which almost completely guaranteed very severe inflation in this country","type":"L","timestamp":"2023-11-09 14:18:03"},{"nodeID":"1356111","text":"Analysing","type":"YA","timestamp":"2023-11-09 14:18:03"},{"nodeID":"1356112","text":"Chris: Peter Hitchens: But he was part of an entire political consensus,Which almost completely guaranteed very severe inflation in this country","type":"L","timestamp":"2023-11-09 14:18:03"},{"nodeID":"1356113","text":"Default Transition","type":"TA","timestamp":"2023-11-09 14:18:03"},{"nodeID":"1356114","text":"Default Transition","type":"TA","timestamp":"2023-11-09 14:18:03"},{"nodeID":"1356115","text":"Asserting","type":"YA","timestamp":"2023-11-09 14:18:03"},{"nodeID":"1356116","text":"Default Inference","type":"RA","timestamp":"2023-11-09 14:18:03"}],"edges":[{"edgeID":"1775409","fromID":"1355976","toID":"1355975","formEdgeID":null},{"edgeID":"1775410","fromID":"1355977","toID":"1355976","formEdgeID":null},{"edgeID":"1775411","fromID":"1355975","toID":"1355978","formEdgeID":null},{"edgeID":"1775412","fromID":"1355978","toID":"1355974","formEdgeID":null},{"edgeID":"1775413","fromID":"1355981","toID":"1355980","formEdgeID":null},{"edgeID":"1775414","fromID":"1355982","toID":"1355981","formEdgeID":null},{"edgeID":"1775415","fromID":"1355980","toID":"1355983","formEdgeID":null},{"edgeID":"1775416","fromID":"1355983","toID":"1355979","formEdgeID":null},{"edgeID":"1775417","fromID":"1355979","toID":"1355984","formEdgeID":null},{"edgeID":"1775418","fromID":"1355984","toID":"1355974","formEdgeID":null},{"edgeID":"1775419","fromID":"1355975","toID":"1355985","formEdgeID":null},{"edgeID":"1775420","fromID":"1355985","toID":"1355980","formEdgeID":null},{"edgeID":"1775421","fromID":"1355985","toID":"1355986","formEdgeID":null},{"edgeID":"1775422","fromID":"1355986","toID":"1355984","formEdgeID":null},{"edgeID":"1775423","fromID":"1355989","toID":"1355988","formEdgeID":null},{"edgeID":"1775424","fromID":"1355990","toID":"1355989","formEdgeID":null},{"edgeID":"1775425","fromID":"1355988","toID":"1355991","formEdgeID":null},{"edgeID":"1775426","fromID":"1355991","toID":"1355987","formEdgeID":null},{"edgeID":"1775427","fromID":"1355980","toID":"1355992","formEdgeID":null},{"edgeID":"1775428","fromID":"1355992","toID":"1355988","formEdgeID":null},{"edgeID":"1775429","fromID":"1355987","toID":"1355993","formEdgeID":null},{"edgeID":"1775430","fromID":"1355993","toID":"1355979","formEdgeID":null},{"edgeID":"1775431","fromID":"1355992","toID":"1355994","formEdgeID":null},{"edgeID":"1775432","fromID":"1355994","toID":"1355993","formEdgeID":null},{"edgeID":"1775433","fromID":"1355997","toID":"1355996","formEdgeID":null},{"edgeID":"1775434","fromID":"1355998","toID":"1355997","formEdgeID":null},{"edgeID":"1775435","fromID":"1355996","toID":"1355999","formEdgeID":null},{"edgeID":"1775436","fromID":"1355999","toID":"1355995","formEdgeID":null},{"edgeID":"1775437","fromID":"1355995","toID":"1356000","formEdgeID":null},{"edgeID":"1775438","fromID":"1356000","toID":"1355987","formEdgeID":null},{"edgeID":"1775439","fromID":"1355988","toID":"1356001","formEdgeID":null},{"edgeID":"1775440","fromID":"1356001","toID":"1355996","formEdgeID":null},{"edgeID":"1775441","fromID":"1356004","toID":"1356003","formEdgeID":null},{"edgeID":"1775442","fromID":"1356005","toID":"1356004","formEdgeID":null},{"edgeID":"1775443","fromID":"1356003","toID":"1356006","formEdgeID":null},{"edgeID":"1775444","fromID":"1356006","toID":"1356002","formEdgeID":null},{"edgeID":"1775445","fromID":"1355996","toID":"1356007","formEdgeID":null},{"edgeID":"1775446","fromID":"1356007","toID":"1356003","formEdgeID":null},{"edgeID":"1775447","fromID":"1356009","toID":"1356008","formEdgeID":null},{"edgeID":"1775448","fromID":"1356010","toID":"1356009","formEdgeID":null},{"edgeID":"1775449","fromID":"1356003","toID":"1356011","formEdgeID":null},{"edgeID":"1775450","fromID":"1356011","toID":"1356008","formEdgeID":null},{"edgeID":"1775451","fromID":"1356014","toID":"1356013","formEdgeID":null},{"edgeID":"1775452","fromID":"1356015","toID":"1356014","formEdgeID":null},{"edgeID":"1775453","fromID":"1356013","toID":"1356016","formEdgeID":null},{"edgeID":"1775454","fromID":"1356016","toID":"1356012","formEdgeID":null},{"edgeID":"1775455","fromID":"1356019","toID":"1356018","formEdgeID":null},{"edgeID":"1775456","fromID":"1356020","toID":"1356019","formEdgeID":null},{"edgeID":"1775457","fromID":"1356018","toID":"1356021","formEdgeID":null},{"edgeID":"1775458","fromID":"1356021","toID":"1356017","formEdgeID":null},{"edgeID":"1775459","fromID":"1356024","toID":"1356023","formEdgeID":null},{"edgeID":"1775460","fromID":"1356025","toID":"1356024","formEdgeID":null},{"edgeID":"1775461","fromID":"1356023","toID":"1356026","formEdgeID":null},{"edgeID":"1775462","fromID":"1356026","toID":"1356022","formEdgeID":null},{"edgeID":"1775463","fromID":"1356018","toID":"1356027","formEdgeID":null},{"edgeID":"1775464","fromID":"1356027","toID":"1356023","formEdgeID":null},{"edgeID":"1775465","fromID":"1356030","toID":"1356029","formEdgeID":null},{"edgeID":"1775466","fromID":"1356031","toID":"1356030","formEdgeID":null},{"edgeID":"1775467","fromID":"1356029","toID":"1356032","formEdgeID":null},{"edgeID":"1775468","fromID":"1356032","toID":"1356028","formEdgeID":null},{"edgeID":"1775469","fromID":"1356023","toID":"1356033","formEdgeID":null},{"edgeID":"1775470","fromID":"1356033","toID":"1356029","formEdgeID":null},{"edgeID":"1775471","fromID":"1356028","toID":"1356034","formEdgeID":null},{"edgeID":"1775472","fromID":"1356034","toID":"1356022","formEdgeID":null},{"edgeID":"1775473","fromID":"1356033","toID":"1356035","formEdgeID":null},{"edgeID":"1775474","fromID":"1356035","toID":"1356034","formEdgeID":null},{"edgeID":"1775475","fromID":"1356038","toID":"1356037","formEdgeID":null},{"edgeID":"1775476","fromID":"1356039","toID":"1356038","formEdgeID":null},{"edgeID":"1775477","fromID":"1356037","toID":"1356040","formEdgeID":null},{"edgeID":"1775478","fromID":"1356040","toID":"1356036","formEdgeID":null},{"edgeID":"1775479","fromID":"1356029","toID":"1356041","formEdgeID":null},{"edgeID":"1775480","fromID":"1356041","toID":"1356037","formEdgeID":null},{"edgeID":"1775481","fromID":"1356036","toID":"1356042","formEdgeID":null},{"edgeID":"1775482","fromID":"1356042","toID":"1356028","formEdgeID":null},{"edgeID":"1775483","fromID":"1356041","toID":"1356043","formEdgeID":null},{"edgeID":"1775484","fromID":"1356043","toID":"1356042","formEdgeID":null},{"edgeID":"1775485","fromID":"1356046","toID":"1356045","formEdgeID":null},{"edgeID":"1775486","fromID":"1356047","toID":"1356046","formEdgeID":null},{"edgeID":"1775487","fromID":"1356045","toID":"1356048","formEdgeID":null},{"edgeID":"1775488","fromID":"1356048","toID":"1356044","formEdgeID":null},{"edgeID":"1775489","fromID":"1356037","toID":"1356049","formEdgeID":null},{"edgeID":"1775490","fromID":"1356049","toID":"1356045","formEdgeID":null},{"edgeID":"1775491","fromID":"1356036","toID":"1356050","formEdgeID":null},{"edgeID":"1775492","fromID":"1356050","toID":"1356044","formEdgeID":null},{"edgeID":"1775493","fromID":"1356028","toID":"1356050","formEdgeID":null},{"edgeID":"1775494","fromID":"1356049","toID":"1356051","formEdgeID":null},{"edgeID":"1775495","fromID":"1356051","toID":"1356050","formEdgeID":null},{"edgeID":"1775496","fromID":"1356056","toID":"1356055","formEdgeID":null},{"edgeID":"1775497","fromID":"1356057","toID":"1356056","formEdgeID":null},{"edgeID":"1775498","fromID":"1356055","toID":"1356058","formEdgeID":null},{"edgeID":"1775499","fromID":"1356058","toID":"1356054","formEdgeID":null},{"edgeID":"1775500","fromID":"1356061","toID":"1356060","formEdgeID":null},{"edgeID":"1775501","fromID":"1356062","toID":"1356061","formEdgeID":null},{"edgeID":"1775502","fromID":"1356060","toID":"1356063","formEdgeID":null},{"edgeID":"1775503","fromID":"1356063","toID":"1356059","formEdgeID":null},{"edgeID":"1775504","fromID":"1356055","toID":"1356064","formEdgeID":null},{"edgeID":"1775505","fromID":"1356064","toID":"1356060","formEdgeID":null},{"edgeID":"1775506","fromID":"1356067","toID":"1356066","formEdgeID":null},{"edgeID":"1775507","fromID":"1356068","toID":"1356067","formEdgeID":null},{"edgeID":"1775508","fromID":"1356066","toID":"1356069","formEdgeID":null},{"edgeID":"1775509","fromID":"1356069","toID":"1356065","formEdgeID":null},{"edgeID":"1775510","fromID":"1356065","toID":"1356070","formEdgeID":null},{"edgeID":"1775511","fromID":"1356070","toID":"1356054","formEdgeID":null},{"edgeID":"1775512","fromID":"1356055","toID":"1356071","formEdgeID":null},{"edgeID":"1775513","fromID":"1356071","toID":"1356066","formEdgeID":null},{"edgeID":"1775514","fromID":"1356071","toID":"1356072","formEdgeID":null},{"edgeID":"1775515","fromID":"1356072","toID":"1356070","formEdgeID":null},{"edgeID":"1775516","fromID":"1356075","toID":"1356074","formEdgeID":null},{"edgeID":"1775517","fromID":"1356076","toID":"1356075","formEdgeID":null},{"edgeID":"1775518","fromID":"1356074","toID":"1356077","formEdgeID":null},{"edgeID":"1775519","fromID":"1356077","toID":"1356073","formEdgeID":null},{"edgeID":"1775520","fromID":"1356066","toID":"1356078","formEdgeID":null},{"edgeID":"1775521","fromID":"1356078","toID":"1356074","formEdgeID":null},{"edgeID":"1775522","fromID":"1356073","toID":"1356079","formEdgeID":null},{"edgeID":"1775523","fromID":"1356079","toID":"1356065","formEdgeID":null},{"edgeID":"1775524","fromID":"1356078","toID":"1356080","formEdgeID":null},{"edgeID":"1775525","fromID":"1356080","toID":"1356079","formEdgeID":null},{"edgeID":"1775526","fromID":"1356083","toID":"1356082","formEdgeID":null},{"edgeID":"1775527","fromID":"1356084","toID":"1356083","formEdgeID":null},{"edgeID":"1775528","fromID":"1356082","toID":"1356085","formEdgeID":null},{"edgeID":"1775529","fromID":"1356085","toID":"1356081","formEdgeID":null},{"edgeID":"1775530","fromID":"1356074","toID":"1356086","formEdgeID":null},{"edgeID":"1775531","fromID":"1356086","toID":"1356082","formEdgeID":null},{"edgeID":"1775532","fromID":"1356089","toID":"1356088","formEdgeID":null},{"edgeID":"1775533","fromID":"1356090","toID":"1356089","formEdgeID":null},{"edgeID":"1775534","fromID":"1356088","toID":"1356091","formEdgeID":null},{"edgeID":"1775535","fromID":"1356091","toID":"1356087","formEdgeID":null},{"edgeID":"1775536","fromID":"1356082","toID":"1356092","formEdgeID":null},{"edgeID":"1775537","fromID":"1356092","toID":"1356088","formEdgeID":null},{"edgeID":"1775538","fromID":"1356087","toID":"1356093","formEdgeID":null},{"edgeID":"1775539","fromID":"1356093","toID":"1356081","formEdgeID":null},{"edgeID":"1775540","fromID":"1356092","toID":"1356094","formEdgeID":null},{"edgeID":"1775541","fromID":"1356094","toID":"1356093","formEdgeID":null},{"edgeID":"1775542","fromID":"1356001","toID":"1356095","formEdgeID":null},{"edgeID":"1775543","fromID":"1356095","toID":"1356000","formEdgeID":null},{"edgeID":"1775544","fromID":"1355995","toID":"1356096","formEdgeID":null},{"edgeID":"1775545","fromID":"1356096","toID":"1356002","formEdgeID":null},{"edgeID":"1775546","fromID":"1356007","toID":"1356097","formEdgeID":null},{"edgeID":"1775547","fromID":"1356097","toID":"1356096","formEdgeID":null},{"edgeID":"1775548","fromID":"1356008","toID":"1356098","formEdgeID":null},{"edgeID":"1775549","fromID":"1356098","toID":"1355979","formEdgeID":null},{"edgeID":"1775550","fromID":"1356099","toID":"1355979","formEdgeID":null},{"edgeID":"1775551","fromID":"1356012","toID":"1356099","formEdgeID":null},{"edgeID":"1775552","fromID":"1356100","toID":"1355979","formEdgeID":null},{"edgeID":"1775553","fromID":"1356017","toID":"1356100","formEdgeID":null},{"edgeID":"1775554","fromID":"1356101","toID":"1356013","formEdgeID":null},{"edgeID":"1775555","fromID":"1355980","toID":"1356101","formEdgeID":null},{"edgeID":"1775556","fromID":"1356102","toID":"1356018","formEdgeID":null},{"edgeID":"1775557","fromID":"1355980","toID":"1356102","formEdgeID":null},{"edgeID":"1775558","fromID":"1356103","toID":"1356099","formEdgeID":null},{"edgeID":"1775559","fromID":"1356101","toID":"1356103","formEdgeID":null},{"edgeID":"1775560","fromID":"1356104","toID":"1356100","formEdgeID":null},{"edgeID":"1775561","fromID":"1356102","toID":"1356104","formEdgeID":null},{"edgeID":"1775562","fromID":"1356106","toID":"1356105","formEdgeID":null},{"edgeID":"1775563","fromID":"1356107","toID":"1356106","formEdgeID":null},{"edgeID":"1775564","fromID":"1356045","toID":"1356108","formEdgeID":null},{"edgeID":"1775565","fromID":"1356108","toID":"1356105","formEdgeID":null},{"edgeID":"1775566","fromID":"1356105","toID":"1356109","formEdgeID":null},{"edgeID":"1775567","fromID":"1356109","toID":"1356052","formEdgeID":null},{"edgeID":"1775568","fromID":"1356111","toID":"1356110","formEdgeID":null},{"edgeID":"1775569","fromID":"1356112","toID":"1356111","formEdgeID":null},{"edgeID":"1775570","fromID":"1356105","toID":"1356113","formEdgeID":null},{"edgeID":"1775571","fromID":"1356113","toID":"1356110","formEdgeID":null},{"edgeID":"1775572","fromID":"1356110","toID":"1356114","formEdgeID":null},{"edgeID":"1775573","fromID":"1356114","toID":"1356055","formEdgeID":null},{"edgeID":"1775574","fromID":"1356110","toID":"1356115","formEdgeID":null},{"edgeID":"1775575","fromID":"1356115","toID":"1356053","formEdgeID":null},{"edgeID":"1775576","fromID":"1356054","toID":"1356116","formEdgeID":null},{"edgeID":"1775577","fromID":"1356116","toID":"1356053","formEdgeID":null}],"locutions":[]}