{"nodes":[{"nodeID":"1354115","text":"xxx is about the nurses that have not gone on strike","type":"I","timestamp":"2023-11-09 14:14:29"},{"nodeID":"1354116","text":"Fiona Bruce: what about the nurses that have not gone on strike","type":"L","timestamp":"2023-11-09 14:14:29"},{"nodeID":"1354117","text":"Analysing","type":"YA","timestamp":"2023-11-09 14:14:29"},{"nodeID":"1354118","text":"Amelie: Fiona Bruce: what about the nurses that have not gone on strike","type":"L","timestamp":"2023-11-09 14:14:29"},{"nodeID":"1354119","text":"Pure Questioning","type":"YA","timestamp":"2023-11-09 14:14:29"},{"nodeID":"1354120","text":"it's only a quarter of hospital trusts in England that are going on strike","type":"I","timestamp":"2023-11-09 14:14:29"},{"nodeID":"1354121","text":"Fiona Bruce: it's only a quarter of hospital trusts in England that are going on strike","type":"L","timestamp":"2023-11-09 14:14:29"},{"nodeID":"1354122","text":"Analysing","type":"YA","timestamp":"2023-11-09 14:14:29"},{"nodeID":"1354123","text":"Amelie: Fiona Bruce: it's only a quarter of hospital trusts in England that are going on strike","type":"L","timestamp":"2023-11-09 14:14:29"},{"nodeID":"1354124","text":"Asserting","type":"YA","timestamp":"2023-11-09 14:14:29"},{"nodeID":"1354125","text":"there's 126 organisations in England, who have voted for strike action, and have met those thresholds","type":"I","timestamp":"2023-11-09 14:14:30"},{"nodeID":"1354126","text":"Pat Cullen: there's 126 organisations in England, who have voted for strike action, and have met those thresholds","type":"L","timestamp":"2023-11-09 14:14:30"},{"nodeID":"1354127","text":"Analysing","type":"YA","timestamp":"2023-11-09 14:14:30"},{"nodeID":"1354128","text":"Amelie: Pat Cullen: there's 126 organisations in England, who have voted for strike action, and have met those thresholds","type":"L","timestamp":"2023-11-09 14:14:30"},{"nodeID":"1354129","text":"Asserting","type":"YA","timestamp":"2023-11-09 14:14:30"},{"nodeID":"1354130","text":"only a quarter of the hospital trusts is what we have brought out today on strike","type":"I","timestamp":"2023-11-09 14:14:31"},{"nodeID":"1354131","text":"Pat Cullen: only a quarter of the trusts that we have brought out today on strike","type":"L","timestamp":"2023-11-09 14:14:31"},{"nodeID":"1354132","text":"Analysing","type":"YA","timestamp":"2023-11-09 14:14:31"},{"nodeID":"1354133","text":"Amelie: Pat Cullen: only a quarter of the trusts that we have brought out today on strike","type":"L","timestamp":"2023-11-09 14:14:31"},{"nodeID":"1354134","text":"Asserting","type":"YA","timestamp":"2023-11-09 14:14:31"},{"nodeID":"1354135","text":"Default Transition","type":"TA","timestamp":"2023-11-09 14:14:31"},{"nodeID":"1354136","text":"today is the first day of the strike","type":"I","timestamp":"2023-11-09 14:14:31"},{"nodeID":"1354137","text":"Pat Cullen: that\u2019s the first day of the strike","type":"L","timestamp":"2023-11-09 14:14:31"},{"nodeID":"1354138","text":"Analysing","type":"YA","timestamp":"2023-11-09 14:14:31"},{"nodeID":"1354139","text":"Amelie: Pat Cullen: that\u2019s the first day of the strike","type":"L","timestamp":"2023-11-09 14:14:31"},{"nodeID":"1354140","text":"Asserting","type":"YA","timestamp":"2023-11-09 14:14:31"},{"nodeID":"1354141","text":"Default Rephrase","type":"MA","timestamp":"2023-11-09 14:14:31"},{"nodeID":"1354142","text":"Default Transition","type":"TA","timestamp":"2023-11-09 14:14:31"},{"nodeID":"1354143","text":"Restating","type":"YA","timestamp":"2023-11-09 14:14:31"},{"nodeID":"1354144","text":"Default Transition","type":"TA","timestamp":"2023-11-09 14:14:31"},{"nodeID":"1354145","text":"Default Conflict","type":"CA","timestamp":"2023-11-09 14:14:31"},{"nodeID":"1354146","text":"Disagreeing","type":"YA","timestamp":"2023-11-09 14:14:31"},{"nodeID":"1354147","text":"the nurses that have not gone on strike don't agree with you, Fiona Bruce assumes","type":"I","timestamp":"2023-11-09 14:14:32"},{"nodeID":"1354148","text":"Fiona Bruce: they don't agree with you, I assume","type":"L","timestamp":"2023-11-09 14:14:32"},{"nodeID":"1354149","text":"Analysing","type":"YA","timestamp":"2023-11-09 14:14:32"},{"nodeID":"1354150","text":"Amelie: Fiona Bruce: they don't agree with you, I assume","type":"L","timestamp":"2023-11-09 14:14:32"},{"nodeID":"1354151","text":"Asserting","type":"YA","timestamp":"2023-11-09 14:14:32"},{"nodeID":"1354152","text":"some nurse are not on strike here in Hampshire","type":"I","timestamp":"2023-11-09 14:14:33"},{"nodeID":"1354153","text":"Fiona Bruce: they're not on strike here in Hampshire","type":"L","timestamp":"2023-11-09 14:14:33"},{"nodeID":"1354154","text":"Analysing","type":"YA","timestamp":"2023-11-09 14:14:33"},{"nodeID":"1354155","text":"Amelie: Fiona Bruce: they're not on strike here in Hampshire","type":"L","timestamp":"2023-11-09 14:14:33"},{"nodeID":"1354156","text":"Asserting","type":"YA","timestamp":"2023-11-09 14:14:33"},{"nodeID":"1354157","text":"Default Transition","type":"TA","timestamp":"2023-11-09 14:14:33"},{"nodeID":"1354158","text":"Default Inference","type":"RA","timestamp":"2023-11-09 14:14:33"},{"nodeID":"1354159","text":"Default Transition","type":"TA","timestamp":"2023-11-09 14:14:33"},{"nodeID":"1354160","text":"Arguing","type":"YA","timestamp":"2023-11-09 14:14:33"},{"nodeID":"1354161","text":"Default Transition","type":"TA","timestamp":"2023-11-09 14:14:33"}],"edges":[{"edgeID":"1773230","fromID":"1354117","toID":"1354116","formEdgeID":null},{"edgeID":"1773231","fromID":"1354118","toID":"1354117","formEdgeID":null},{"edgeID":"1773232","fromID":"1354116","toID":"1354119","formEdgeID":null},{"edgeID":"1773233","fromID":"1354119","toID":"1354115","formEdgeID":null},{"edgeID":"1773234","fromID":"1354122","toID":"1354121","formEdgeID":null},{"edgeID":"1773235","fromID":"1354123","toID":"1354122","formEdgeID":null},{"edgeID":"1773236","fromID":"1354121","toID":"1354124","formEdgeID":null},{"edgeID":"1773237","fromID":"1354124","toID":"1354120","formEdgeID":null},{"edgeID":"1773238","fromID":"1354127","toID":"1354126","formEdgeID":null},{"edgeID":"1773239","fromID":"1354128","toID":"1354127","formEdgeID":null},{"edgeID":"1773240","fromID":"1354126","toID":"1354129","formEdgeID":null},{"edgeID":"1773241","fromID":"1354129","toID":"1354125","formEdgeID":null},{"edgeID":"1773242","fromID":"1354132","toID":"1354131","formEdgeID":null},{"edgeID":"1773243","fromID":"1354133","toID":"1354132","formEdgeID":null},{"edgeID":"1773244","fromID":"1354131","toID":"1354134","formEdgeID":null},{"edgeID":"1773245","fromID":"1354134","toID":"1354130","formEdgeID":null},{"edgeID":"1773246","fromID":"1354121","toID":"1354135","formEdgeID":null},{"edgeID":"1773247","fromID":"1354135","toID":"1354131","formEdgeID":null},{"edgeID":"1773248","fromID":"1354138","toID":"1354137","formEdgeID":null},{"edgeID":"1773249","fromID":"1354139","toID":"1354138","formEdgeID":null},{"edgeID":"1773250","fromID":"1354137","toID":"1354140","formEdgeID":null},{"edgeID":"1773251","fromID":"1354140","toID":"1354136","formEdgeID":null},{"edgeID":"1773252","fromID":"1354136","toID":"1354141","formEdgeID":null},{"edgeID":"1773253","fromID":"1354141","toID":"1354130","formEdgeID":null},{"edgeID":"1773254","fromID":"1354131","toID":"1354142","formEdgeID":null},{"edgeID":"1773255","fromID":"1354142","toID":"1354137","formEdgeID":null},{"edgeID":"1773256","fromID":"1354142","toID":"1354143","formEdgeID":null},{"edgeID":"1773257","fromID":"1354143","toID":"1354141","formEdgeID":null},{"edgeID":"1773258","fromID":"1354137","toID":"1354144","formEdgeID":null},{"edgeID":"1773259","fromID":"1354144","toID":"1354126","formEdgeID":null},{"edgeID":"1773260","fromID":"1354130","toID":"1354145","formEdgeID":null},{"edgeID":"1773261","fromID":"1354145","toID":"1354120","formEdgeID":null},{"edgeID":"1773262","fromID":"1354135","toID":"1354146","formEdgeID":null},{"edgeID":"1773263","fromID":"1354146","toID":"1354145","formEdgeID":null},{"edgeID":"1773264","fromID":"1354149","toID":"1354148","formEdgeID":null},{"edgeID":"1773265","fromID":"1354150","toID":"1354149","formEdgeID":null},{"edgeID":"1773266","fromID":"1354148","toID":"1354151","formEdgeID":null},{"edgeID":"1773267","fromID":"1354151","toID":"1354147","formEdgeID":null},{"edgeID":"1773268","fromID":"1354154","toID":"1354153","formEdgeID":null},{"edgeID":"1773269","fromID":"1354155","toID":"1354154","formEdgeID":null},{"edgeID":"1773270","fromID":"1354153","toID":"1354156","formEdgeID":null},{"edgeID":"1773271","fromID":"1354156","toID":"1354152","formEdgeID":null},{"edgeID":"1773272","fromID":"1354116","toID":"1354157","formEdgeID":null},{"edgeID":"1773273","fromID":"1354157","toID":"1354148","formEdgeID":null},{"edgeID":"1773274","fromID":"1354152","toID":"1354158","formEdgeID":null},{"edgeID":"1773275","fromID":"1354158","toID":"1354147","formEdgeID":null},{"edgeID":"1773276","fromID":"1354153","toID":"1354159","formEdgeID":null},{"edgeID":"1773277","fromID":"1354159","toID":"1354148","formEdgeID":null},{"edgeID":"1773278","fromID":"1354159","toID":"1354160","formEdgeID":null},{"edgeID":"1773279","fromID":"1354160","toID":"1354158","formEdgeID":null},{"edgeID":"1773280","fromID":"1354153","toID":"1354161","formEdgeID":null},{"edgeID":"1773281","fromID":"1354161","toID":"1354121","formEdgeID":null}],"locutions":[]}