{"nodes":[{"nodeID":"1355170","text":"AudienceMember20230112QT08 understands that pay is a big issue","type":"I","timestamp":"2023-11-09 14:16:23"},{"nodeID":"1355171","text":"AudienceMember 20230112QT08: I understand that pay is a big issue","type":"L","timestamp":"2023-11-09 14:16:23"},{"nodeID":"1355172","text":"Anon: AudienceMember 20230112QT08: I understand that pay is a big issue","type":"L","timestamp":"2023-11-09 14:16:23"},{"nodeID":"1355173","text":"Analysing","type":"YA","timestamp":"2023-11-09 14:16:23"},{"nodeID":"1355174","text":"Asserting","type":"YA","timestamp":"2023-11-09 14:16:23"},{"nodeID":"1355175","text":"we're also looking at the fact of the conditions","type":"I","timestamp":"2023-11-09 14:16:23"},{"nodeID":"1355176","text":"AudienceMember 20230112QT08: we're also looking at the fact of the conditions","type":"L","timestamp":"2023-11-09 14:16:23"},{"nodeID":"1355177","text":"Analysing","type":"YA","timestamp":"2023-11-09 14:16:23"},{"nodeID":"1355178","text":"Anon: AudienceMember 20230112QT12: we're also looking at the fact of the conditions","type":"L","timestamp":"2023-11-09 14:16:23"},{"nodeID":"1355179","text":"Asserting","type":"YA","timestamp":"2023-11-09 14:16:23"},{"nodeID":"1355180","text":"Default Transition","type":"TA","timestamp":"2023-11-09 14:16:23"},{"nodeID":"1355181","text":"we've brought it up already, that we don't have enough doctors and nurses","type":"I","timestamp":"2023-11-09 14:16:24"},{"nodeID":"1355182","text":"AudienceMember 20230112QT08: we've brought it up already, that we don't have enough doctors and nurses","type":"L","timestamp":"2023-11-09 14:16:24"},{"nodeID":"1355183","text":"Anon: AudienceMember 20230112QT12: we've brought it up already, that we don't have enough doctors and nurses","type":"L","timestamp":"2023-11-09 14:16:24"},{"nodeID":"1355184","text":"Analysing","type":"YA","timestamp":"2023-11-09 14:16:24"},{"nodeID":"1355185","text":"Asserting","type":"YA","timestamp":"2023-11-09 14:16:24"},{"nodeID":"1355186","text":"Default Transition","type":"TA","timestamp":"2023-11-09 14:16:24"},{"nodeID":"1355187","text":"emergency services in 22 other countries, Sri Lanka, Germany, have their education for free","type":"I","timestamp":"2023-11-09 14:16:25"},{"nodeID":"1355188","text":"AudienceMember 20230112QT08: as do 22 other countries, Sri Lanka, Germany","type":"L","timestamp":"2023-11-09 14:16:25"},{"nodeID":"1355189","text":"Anon: AudienceMember 20230112QT12: as do 22 other countries, Sri Lanka, Germany","type":"L","timestamp":"2023-11-09 14:16:25"},{"nodeID":"1355190","text":"Analysing","type":"YA","timestamp":"2023-11-09 14:16:25"},{"nodeID":"1355191","text":"Asserting","type":"YA","timestamp":"2023-11-09 14:16:25"},{"nodeID":"1355192","text":"the Government would or would not consider, all emergency services can have their education for free","type":"I","timestamp":"2023-11-09 14:16:26"},{"nodeID":"1355193","text":"AudienceMember 20230112QT08: Would the Government consider, all emergency services can have their education for free","type":"L","timestamp":"2023-11-09 14:16:26"},{"nodeID":"1355194","text":"Anon: AudienceMember 20230112QT12: Would the Government consider, all emergency services can have their education for free","type":"L","timestamp":"2023-11-09 14:16:26"},{"nodeID":"1355195","text":"Analysing","type":"YA","timestamp":"2023-11-09 14:16:26"},{"nodeID":"1355196","text":"Pure Questioning","type":"YA","timestamp":"2023-11-09 14:16:26"},{"nodeID":"1355197","text":"Default Transition","type":"TA","timestamp":"2023-11-09 14:16:26"},{"nodeID":"1355198","text":"Default Inference","type":"RA","timestamp":"2023-11-09 14:16:26"},{"nodeID":"1355199","text":"Arguing","type":"YA","timestamp":"2023-11-09 14:16:26"},{"nodeID":"1355200","text":"giving emergency services free education would encourage more people","type":"I","timestamp":"2023-11-09 14:16:27"},{"nodeID":"1355201","text":"AudienceMember 20230112QT08: which would encourage more people","type":"L","timestamp":"2023-11-09 14:16:27"},{"nodeID":"1355202","text":"Anon: AudienceMember 20230112QT12: which would encourage more people","type":"L","timestamp":"2023-11-09 14:16:27"},{"nodeID":"1355203","text":"Analysing","type":"YA","timestamp":"2023-11-09 14:16:27"},{"nodeID":"1355204","text":"Asserting","type":"YA","timestamp":"2023-11-09 14:16:27"},{"nodeID":"1355205","text":"Default Transition","type":"TA","timestamp":"2023-11-09 14:16:27"},{"nodeID":"1355206","text":"Default Inference","type":"RA","timestamp":"2023-11-09 14:16:27"},{"nodeID":"1355207","text":"Default Rephrase","type":"MA","timestamp":"2023-11-09 14:16:27"},{"nodeID":"1355208","text":"Default Transition","type":"TA","timestamp":"2023-11-09 14:16:27"},{"nodeID":"1355209","text":"Restating","type":"YA","timestamp":"2023-11-09 14:16:27"},{"nodeID":"1355210","text":"AudienceMember20230112QT08 does or does not mean that emergency services are training for free","type":"I","timestamp":"2023-11-09 14:16:27"},{"nodeID":"1355211","text":"Fiona Bruce: you mean they\u2019re training for free","type":"L","timestamp":"2023-11-09 14:16:27"},{"nodeID":"1355212","text":"Anon: Fiona Bruce: you mean they\u2019re training for free","type":"L","timestamp":"2023-11-09 14:16:27"},{"nodeID":"1355213","text":"Analysing","type":"YA","timestamp":"2023-11-09 14:16:27"},{"nodeID":"1355214","text":"Pure Questioning","type":"YA","timestamp":"2023-11-09 14:16:27"},{"nodeID":"1355215","text":"emergency services are stuck with a student loan","type":"I","timestamp":"2023-11-09 14:16:28"},{"nodeID":"1355216","text":"AudienceMember 20230112QT10: they're stuck with a student loan","type":"L","timestamp":"2023-11-09 14:16:28"},{"nodeID":"1355217","text":"Analysing","type":"YA","timestamp":"2023-11-09 14:16:28"},{"nodeID":"1355218","text":"Anon: AudienceMember 20230112QT10: they're stuck with a student loan","type":"L","timestamp":"2023-11-09 14:16:28"},{"nodeID":"1355219","text":"Asserting","type":"YA","timestamp":"2023-11-09 14:16:28"},{"nodeID":"1355220","text":"emergency services should be training for free","type":"I","timestamp":"2023-11-09 14:16:29"},{"nodeID":"1355221","text":"Anon: AudienceMember 20230112QT09: Yeah","type":"L","timestamp":"2023-11-09 14:16:29"},{"nodeID":"1355222","text":"AudienceMember 20230112QT09: Yeah","type":"L","timestamp":"2023-11-09 14:16:29"},{"nodeID":"1355223","text":"Analysing","type":"YA","timestamp":"2023-11-09 14:16:29"},{"nodeID":"1355224","text":"Asserting","type":"YA","timestamp":"2023-11-09 14:16:29"},{"nodeID":"1355225","text":"Default Transition","type":"TA","timestamp":"2023-11-09 14:16:29"},{"nodeID":"1355226","text":"Default Transition","type":"TA","timestamp":"2023-11-09 14:16:29"},{"nodeID":"1355227","text":"Default Rephrase","type":"MA","timestamp":"2023-11-09 14:16:29"},{"nodeID":"1355228","text":"Default Illocuting","type":"YA","timestamp":"2023-11-09 14:16:29"},{"nodeID":"1355229","text":"Default Inference","type":"RA","timestamp":"2023-11-09 14:16:29"},{"nodeID":"1355230","text":"Arguing","type":"YA","timestamp":"2023-11-09 14:16:29"},{"nodeID":"1355231","text":"Default Rephrase","type":"MA","timestamp":"2023-11-09 14:16:29"},{"nodeID":"1355232","text":"Default Transition","type":"TA","timestamp":"2023-11-09 14:16:29"},{"nodeID":"1355233","text":"Restating","type":"YA","timestamp":"2023-11-09 14:16:29"},{"nodeID":"1355234","text":"in Scotland, they negotiated with the nurses","type":"I","timestamp":"2023-11-09 14:16:30"},{"nodeID":"1355235","text":"AudienceMember 20230112QT11: In Scotland, you know, they negotiated with the nurses","type":"L","timestamp":"2023-11-09 14:16:30"},{"nodeID":"1355236","text":"Anon: AudienceMember 20230112QT11: In Scotland, you know, they negotiated with the nurses","type":"L","timestamp":"2023-11-09 14:16:30"},{"nodeID":"1355237","text":"Analysing","type":"YA","timestamp":"2023-11-09 14:16:30"},{"nodeID":"1355238","text":"Asserting","type":"YA","timestamp":"2023-11-09 14:16:30"},{"nodeID":"1355239","text":"Labour could have led by example, by actually negotiating, and giving nurses what they wanted in Wales","type":"I","timestamp":"2023-11-09 14:16:31"},{"nodeID":"1355240","text":"AudienceMember 20230112QT11: You could have led by example, by actually negotiating, and giving nurses what they wanted in Wales","type":"L","timestamp":"2023-11-09 14:16:31"},{"nodeID":"1355241","text":"Anon: AudienceMember 20230112QT11: You could have led by example, by actually negotiating, and giving nurses what they wanted in Wales","type":"L","timestamp":"2023-11-09 14:16:31"},{"nodeID":"1355242","text":"Analysing","type":"YA","timestamp":"2023-11-09 14:16:31"},{"nodeID":"1355243","text":"Asserting","type":"YA","timestamp":"2023-11-09 14:16:31"},{"nodeID":"1355244","text":"Default Transition","type":"TA","timestamp":"2023-11-09 14:16:31"},{"nodeID":"1355245","text":"Default Inference","type":"RA","timestamp":"2023-11-09 14:16:31"},{"nodeID":"1355246","text":"Arguing","type":"YA","timestamp":"2023-11-09 14:16:31"},{"nodeID":"1355247","text":"Labour failed","type":"I","timestamp":"2023-11-09 14:16:32"},{"nodeID":"1355248","text":"AudienceMember 20230112QT11: you failed","type":"L","timestamp":"2023-11-09 14:16:32"},{"nodeID":"1355249","text":"Analysing","type":"YA","timestamp":"2023-11-09 14:16:32"},{"nodeID":"1355250","text":"Anon: AudienceMember 20230112QT11: you failed","type":"L","timestamp":"2023-11-09 14:16:32"},{"nodeID":"1355251","text":"Asserting","type":"YA","timestamp":"2023-11-09 14:16:32"},{"nodeID":"1355252","text":"Default Transition","type":"TA","timestamp":"2023-11-09 14:16:32"},{"nodeID":"1355253","text":"Default Conflict","type":"CA","timestamp":"2023-11-09 14:16:32"},{"nodeID":"1355254","text":"Disagreeing","type":"YA","timestamp":"2023-11-09 14:16:32"},{"nodeID":"1355255","text":"Labour are blaming the Conservatives","type":"I","timestamp":"2023-11-09 14:16:33"},{"nodeID":"1355256","text":"AudienceMember 20230112QT11: you're sort of blaming the Conservatives","type":"L","timestamp":"2023-11-09 14:16:33"},{"nodeID":"1355257","text":"Anon: AudienceMember 20230112QT11: you're sort of blaming the Conservatives","type":"L","timestamp":"2023-11-09 14:16:33"},{"nodeID":"1355258","text":"Analysing","type":"YA","timestamp":"2023-11-09 14:16:33"},{"nodeID":"1355259","text":"Asserting","type":"YA","timestamp":"2023-11-09 14:16:33"},{"nodeID":"1355260","text":"Default Transition","type":"TA","timestamp":"2023-11-09 14:16:33"},{"nodeID":"1355261","text":"in Wales, Labour haven't done what they should have done","type":"I","timestamp":"2023-11-09 14:16:34"},{"nodeID":"1355262","text":"AudienceMember 20230112QT11: in Wales, you haven't done what you should have done","type":"L","timestamp":"2023-11-09 14:16:34"},{"nodeID":"1355263","text":"Anon: AudienceMember 20230112QT11: in Wales, you haven't done what you should have done","type":"L","timestamp":"2023-11-09 14:16:34"},{"nodeID":"1355264","text":"Analysing","type":"YA","timestamp":"2023-11-09 14:16:34"},{"nodeID":"1355265","text":"Asserting","type":"YA","timestamp":"2023-11-09 14:16:34"},{"nodeID":"1355266","text":"Default Transition","type":"TA","timestamp":"2023-11-09 14:16:34"},{"nodeID":"1355267","text":"in the end it's the UK Government that decides what the funding envelopes are, for all of the devolved administrations","type":"I","timestamp":"2023-11-09 14:16:34"},{"nodeID":"1355268","text":"Shabana Mahmood: in the end it's the UK Government that decides what the funding envelopes are, for all of the devolved administrations","type":"L","timestamp":"2023-11-09 14:16:34"},{"nodeID":"1355269","text":"Anon: Shabana Mahmood: in the end it's the UK Government that decides what the funding envelopes are, for all of the devolved administrations","type":"L","timestamp":"2023-11-09 14:16:34"},{"nodeID":"1355270","text":"Analysing","type":"YA","timestamp":"2023-11-09 14:16:34"},{"nodeID":"1355271","text":"Asserting","type":"YA","timestamp":"2023-11-09 14:16:34"},{"nodeID":"1355272","text":"Default Transition","type":"TA","timestamp":"2023-11-09 14:16:35"},{"nodeID":"1355273","text":"Default Conflict","type":"CA","timestamp":"2023-11-09 14:16:35"},{"nodeID":"1355274","text":"Disagreeing","type":"YA","timestamp":"2023-11-09 14:16:35"},{"nodeID":"1355275","text":"this striking situation is an opportunity for Labour","type":"I","timestamp":"2023-11-09 14:16:35"},{"nodeID":"1355276","text":"AudienceMember 20230112QT11: this is an opportunity for you","type":"L","timestamp":"2023-11-09 14:16:35"},{"nodeID":"1355277","text":"Anon: AudienceMember 20230112QT11: this is an opportunity for you","type":"L","timestamp":"2023-11-09 14:16:35"},{"nodeID":"1355278","text":"Analysing","type":"YA","timestamp":"2023-11-09 14:16:35"},{"nodeID":"1355279","text":"Asserting","type":"YA","timestamp":"2023-11-09 14:16:35"},{"nodeID":"1355280","text":"Default Transition","type":"TA","timestamp":"2023-11-09 14:16:35"},{"nodeID":"1355281","text":"Labour are a devolved Government in Wales","type":"I","timestamp":"2023-11-09 14:16:36"},{"nodeID":"1355282","text":"AudienceMember 20230112QT11: you are a devolved Government","type":"L","timestamp":"2023-11-09 14:16:36"},{"nodeID":"1355283","text":"Analysing","type":"YA","timestamp":"2023-11-09 14:16:36"},{"nodeID":"1355284","text":"Anon: AudienceMember 20230112QT11: you are a devolved Government","type":"L","timestamp":"2023-11-09 14:16:36"},{"nodeID":"1355285","text":"Asserting","type":"YA","timestamp":"2023-11-09 14:16:36"},{"nodeID":"1355286","text":"Default Transition","type":"TA","timestamp":"2023-11-09 14:16:36"},{"nodeID":"1355287","text":"Default Inference","type":"RA","timestamp":"2023-11-09 14:16:36"},{"nodeID":"1355288","text":"Default Inference","type":"RA","timestamp":"2023-11-09 14:16:36"},{"nodeID":"1355289","text":"Arguing","type":"YA","timestamp":"2023-11-09 14:16:36"},{"nodeID":"1355290","text":"Default Transition","type":"TA","timestamp":"2023-11-09 14:16:36"},{"nodeID":"1355291","text":"Arguing","type":"YA","timestamp":"2023-11-09 14:16:36"},{"nodeID":"1355292","text":"Default Inference","type":"RA","timestamp":"2023-11-09 14:16:36"},{"nodeID":"1355293","text":"Arguing","type":"YA","timestamp":"2023-11-09 14:16:36"}],"edges":[{"edgeID":"1774461","fromID":"1355173","toID":"1355171","formEdgeID":null},{"edgeID":"1774462","fromID":"1355172","toID":"1355173","formEdgeID":null},{"edgeID":"1774463","fromID":"1355171","toID":"1355174","formEdgeID":null},{"edgeID":"1774464","fromID":"1355174","toID":"1355170","formEdgeID":null},{"edgeID":"1774465","fromID":"1355178","toID":"1355177","formEdgeID":null},{"edgeID":"1774466","fromID":"1355177","toID":"1355176","formEdgeID":null},{"edgeID":"1774467","fromID":"1355176","toID":"1355179","formEdgeID":null},{"edgeID":"1774468","fromID":"1355179","toID":"1355175","formEdgeID":null},{"edgeID":"1774469","fromID":"1355171","toID":"1355180","formEdgeID":null},{"edgeID":"1774470","fromID":"1355180","toID":"1355176","formEdgeID":null},{"edgeID":"1774471","fromID":"1355184","toID":"1355182","formEdgeID":null},{"edgeID":"1774472","fromID":"1355183","toID":"1355184","formEdgeID":null},{"edgeID":"1774473","fromID":"1355185","toID":"1355181","formEdgeID":null},{"edgeID":"1774474","fromID":"1355182","toID":"1355185","formEdgeID":null},{"edgeID":"1774475","fromID":"1355176","toID":"1355186","formEdgeID":null},{"edgeID":"1774476","fromID":"1355186","toID":"1355182","formEdgeID":null},{"edgeID":"1774477","fromID":"1355190","toID":"1355188","formEdgeID":null},{"edgeID":"1774478","fromID":"1355189","toID":"1355190","formEdgeID":null},{"edgeID":"1774479","fromID":"1355188","toID":"1355191","formEdgeID":null},{"edgeID":"1774480","fromID":"1355191","toID":"1355187","formEdgeID":null},{"edgeID":"1774481","fromID":"1355194","toID":"1355195","formEdgeID":null},{"edgeID":"1774482","fromID":"1355195","toID":"1355193","formEdgeID":null},{"edgeID":"1774483","fromID":"1355193","toID":"1355196","formEdgeID":null},{"edgeID":"1774484","fromID":"1355196","toID":"1355192","formEdgeID":null},{"edgeID":"1774485","fromID":"1355182","toID":"1355197","formEdgeID":null},{"edgeID":"1774486","fromID":"1355197","toID":"1355193","formEdgeID":null},{"edgeID":"1774487","fromID":"1355181","toID":"1355198","formEdgeID":null},{"edgeID":"1774488","fromID":"1355198","toID":"1355192","formEdgeID":null},{"edgeID":"1774489","fromID":"1355199","toID":"1355198","formEdgeID":null},{"edgeID":"1774490","fromID":"1355197","toID":"1355199","formEdgeID":null},{"edgeID":"1774491","fromID":"1355203","toID":"1355201","formEdgeID":null},{"edgeID":"1774492","fromID":"1355202","toID":"1355203","formEdgeID":null},{"edgeID":"1774493","fromID":"1355201","toID":"1355204","formEdgeID":null},{"edgeID":"1774494","fromID":"1355204","toID":"1355200","formEdgeID":null},{"edgeID":"1774495","fromID":"1355205","toID":"1355201","formEdgeID":null},{"edgeID":"1774496","fromID":"1355193","toID":"1355205","formEdgeID":null},{"edgeID":"1774497","fromID":"1355206","toID":"1355192","formEdgeID":null},{"edgeID":"1774498","fromID":"1355200","toID":"1355206","formEdgeID":null},{"edgeID":"1774499","fromID":"1355207","toID":"1355192","formEdgeID":null},{"edgeID":"1774500","fromID":"1355187","toID":"1355207","formEdgeID":null},{"edgeID":"1774501","fromID":"1355208","toID":"1355188","formEdgeID":null},{"edgeID":"1774502","fromID":"1355193","toID":"1355208","formEdgeID":null},{"edgeID":"1774503","fromID":"1355209","toID":"1355207","formEdgeID":null},{"edgeID":"1774504","fromID":"1355208","toID":"1355209","formEdgeID":null},{"edgeID":"1774505","fromID":"1355212","toID":"1355213","formEdgeID":null},{"edgeID":"1774506","fromID":"1355213","toID":"1355211","formEdgeID":null},{"edgeID":"1774507","fromID":"1355211","toID":"1355214","formEdgeID":null},{"edgeID":"1774508","fromID":"1355214","toID":"1355210","formEdgeID":null},{"edgeID":"1774509","fromID":"1355217","toID":"1355216","formEdgeID":null},{"edgeID":"1774510","fromID":"1355218","toID":"1355217","formEdgeID":null},{"edgeID":"1774511","fromID":"1355216","toID":"1355219","formEdgeID":null},{"edgeID":"1774512","fromID":"1355219","toID":"1355215","formEdgeID":null},{"edgeID":"1774513","fromID":"1355221","toID":"1355223","formEdgeID":null},{"edgeID":"1774514","fromID":"1355223","toID":"1355222","formEdgeID":null},{"edgeID":"1774515","fromID":"1355222","toID":"1355224","formEdgeID":null},{"edgeID":"1774516","fromID":"1355224","toID":"1355220","formEdgeID":null},{"edgeID":"1774517","fromID":"1355225","toID":"1355222","formEdgeID":null},{"edgeID":"1774518","fromID":"1355211","toID":"1355225","formEdgeID":null},{"edgeID":"1774519","fromID":"1355226","toID":"1355216","formEdgeID":null},{"edgeID":"1774520","fromID":"1355222","toID":"1355226","formEdgeID":null},{"edgeID":"1774521","fromID":"1355220","toID":"1355227","formEdgeID":null},{"edgeID":"1774522","fromID":"1355227","toID":"1355210","formEdgeID":null},{"edgeID":"1774523","fromID":"1355225","toID":"1355228","formEdgeID":null},{"edgeID":"1774524","fromID":"1355228","toID":"1355227","formEdgeID":null},{"edgeID":"1774525","fromID":"1355215","toID":"1355229","formEdgeID":null},{"edgeID":"1774526","fromID":"1355229","toID":"1355220","formEdgeID":null},{"edgeID":"1774527","fromID":"1355226","toID":"1355230","formEdgeID":null},{"edgeID":"1774528","fromID":"1355230","toID":"1355229","formEdgeID":null},{"edgeID":"1774529","fromID":"1355231","toID":"1355192","formEdgeID":null},{"edgeID":"1774530","fromID":"1355210","toID":"1355231","formEdgeID":null},{"edgeID":"1774531","fromID":"1355232","toID":"1355211","formEdgeID":null},{"edgeID":"1774532","fromID":"1355193","toID":"1355232","formEdgeID":null},{"edgeID":"1774533","fromID":"1355233","toID":"1355231","formEdgeID":null},{"edgeID":"1774534","fromID":"1355232","toID":"1355233","formEdgeID":null},{"edgeID":"1774535","fromID":"1355236","toID":"1355237","formEdgeID":null},{"edgeID":"1774536","fromID":"1355237","toID":"1355235","formEdgeID":null},{"edgeID":"1774537","fromID":"1355238","toID":"1355234","formEdgeID":null},{"edgeID":"1774538","fromID":"1355235","toID":"1355238","formEdgeID":null},{"edgeID":"1774539","fromID":"1355241","toID":"1355242","formEdgeID":null},{"edgeID":"1774540","fromID":"1355242","toID":"1355240","formEdgeID":null},{"edgeID":"1774541","fromID":"1355240","toID":"1355243","formEdgeID":null},{"edgeID":"1774542","fromID":"1355243","toID":"1355239","formEdgeID":null},{"edgeID":"1774543","fromID":"1355235","toID":"1355244","formEdgeID":null},{"edgeID":"1774544","fromID":"1355244","toID":"1355240","formEdgeID":null},{"edgeID":"1774545","fromID":"1355245","toID":"1355239","formEdgeID":null},{"edgeID":"1774546","fromID":"1355234","toID":"1355245","formEdgeID":null},{"edgeID":"1774547","fromID":"1355244","toID":"1355246","formEdgeID":null},{"edgeID":"1774548","fromID":"1355246","toID":"1355245","formEdgeID":null},{"edgeID":"1774549","fromID":"1355250","toID":"1355249","formEdgeID":null},{"edgeID":"1774550","fromID":"1355249","toID":"1355248","formEdgeID":null},{"edgeID":"1774551","fromID":"1355248","toID":"1355251","formEdgeID":null},{"edgeID":"1774552","fromID":"1355251","toID":"1355247","formEdgeID":null},{"edgeID":"1774553","fromID":"1355240","toID":"1355252","formEdgeID":null},{"edgeID":"1774554","fromID":"1355252","toID":"1355248","formEdgeID":null},{"edgeID":"1774555","fromID":"1355253","toID":"1355239","formEdgeID":null},{"edgeID":"1774556","fromID":"1355247","toID":"1355253","formEdgeID":null},{"edgeID":"1774557","fromID":"1355254","toID":"1355253","formEdgeID":null},{"edgeID":"1774558","fromID":"1355252","toID":"1355254","formEdgeID":null},{"edgeID":"1774559","fromID":"1355258","toID":"1355256","formEdgeID":null},{"edgeID":"1774560","fromID":"1355257","toID":"1355258","formEdgeID":null},{"edgeID":"1774561","fromID":"1355256","toID":"1355259","formEdgeID":null},{"edgeID":"1774562","fromID":"1355259","toID":"1355255","formEdgeID":null},{"edgeID":"1774563","fromID":"1355248","toID":"1355260","formEdgeID":null},{"edgeID":"1774564","fromID":"1355260","toID":"1355256","formEdgeID":null},{"edgeID":"1774565","fromID":"1355264","toID":"1355262","formEdgeID":null},{"edgeID":"1774566","fromID":"1355263","toID":"1355264","formEdgeID":null},{"edgeID":"1774567","fromID":"1355262","toID":"1355265","formEdgeID":null},{"edgeID":"1774568","fromID":"1355265","toID":"1355261","formEdgeID":null},{"edgeID":"1774569","fromID":"1355266","toID":"1355262","formEdgeID":null},{"edgeID":"1774570","fromID":"1355248","toID":"1355266","formEdgeID":null},{"edgeID":"1774571","fromID":"1355269","toID":"1355270","formEdgeID":null},{"edgeID":"1774572","fromID":"1355270","toID":"1355268","formEdgeID":null},{"edgeID":"1774573","fromID":"1355268","toID":"1355271","formEdgeID":null},{"edgeID":"1774574","fromID":"1355271","toID":"1355267","formEdgeID":null},{"edgeID":"1774575","fromID":"1355272","toID":"1355268","formEdgeID":null},{"edgeID":"1774576","fromID":"1355262","toID":"1355272","formEdgeID":null},{"edgeID":"1774577","fromID":"1355273","toID":"1355261","formEdgeID":null},{"edgeID":"1774578","fromID":"1355267","toID":"1355273","formEdgeID":null},{"edgeID":"1774579","fromID":"1355272","toID":"1355274","formEdgeID":null},{"edgeID":"1774580","fromID":"1355274","toID":"1355273","formEdgeID":null},{"edgeID":"1774581","fromID":"1355278","toID":"1355276","formEdgeID":null},{"edgeID":"1774582","fromID":"1355277","toID":"1355278","formEdgeID":null},{"edgeID":"1774583","fromID":"1355276","toID":"1355279","formEdgeID":null},{"edgeID":"1774584","fromID":"1355279","toID":"1355275","formEdgeID":null},{"edgeID":"1774585","fromID":"1355280","toID":"1355276","formEdgeID":null},{"edgeID":"1774586","fromID":"1355216","toID":"1355280","formEdgeID":null},{"edgeID":"1774587","fromID":"1355283","toID":"1355282","formEdgeID":null},{"edgeID":"1774588","fromID":"1355284","toID":"1355283","formEdgeID":null},{"edgeID":"1774589","fromID":"1355285","toID":"1355281","formEdgeID":null},{"edgeID":"1774590","fromID":"1355282","toID":"1355285","formEdgeID":null},{"edgeID":"1774591","fromID":"1355286","toID":"1355282","formEdgeID":null},{"edgeID":"1774592","fromID":"1355276","toID":"1355286","formEdgeID":null},{"edgeID":"1774593","fromID":"1355287","toID":"1355239","formEdgeID":null},{"edgeID":"1774594","fromID":"1355281","toID":"1355287","formEdgeID":null},{"edgeID":"1774595","fromID":"1355288","toID":"1355275","formEdgeID":null},{"edgeID":"1774596","fromID":"1355281","toID":"1355288","formEdgeID":null},{"edgeID":"1774597","fromID":"1355286","toID":"1355289","formEdgeID":null},{"edgeID":"1774598","fromID":"1355289","toID":"1355288","formEdgeID":null},{"edgeID":"1774599","fromID":"1355282","toID":"1355290","formEdgeID":null},{"edgeID":"1774600","fromID":"1355290","toID":"1355240","formEdgeID":null},{"edgeID":"1774601","fromID":"1355290","toID":"1355291","formEdgeID":null},{"edgeID":"1774602","fromID":"1355291","toID":"1355287","formEdgeID":null},{"edgeID":"1774603","fromID":"1355261","toID":"1355292","formEdgeID":null},{"edgeID":"1774604","fromID":"1355292","toID":"1355247","formEdgeID":null},{"edgeID":"1774605","fromID":"1355266","toID":"1355293","formEdgeID":null},{"edgeID":"1774606","fromID":"1355293","toID":"1355292","formEdgeID":null}],"locutions":[]}