{"nodes":[{"nodeID":"1355387","text":"we have a very proud history in the UK of taking in people who are fleeing war and persecution","type":"I","timestamp":"2023-11-09 14:16:46"},{"nodeID":"1355388","text":"Daisy Cooper: We have a very proud history in this country of taking in people who are fleeing war and persecution","type":"L","timestamp":"2023-11-09 14:16:46"},{"nodeID":"1355389","text":"Analysing","type":"YA","timestamp":"2023-11-09 14:16:46"},{"nodeID":"1355390","text":"Anon: Daisy Cooper: We have a very proud history in this country of taking in people who are fleeing war and persecution","type":"L","timestamp":"2023-11-09 14:16:46"},{"nodeID":"1355391","text":"Asserting","type":"YA","timestamp":"2023-11-09 14:16:46"},{"nodeID":"1355392","text":"it is a scar on our country that people are dying in the Channel","type":"I","timestamp":"2023-11-09 14:16:47"},{"nodeID":"1355393","text":"Daisy Cooper: it is a scar on our country that people are dying in the Channel","type":"L","timestamp":"2023-11-09 14:16:47"},{"nodeID":"1355394","text":"Analysing","type":"YA","timestamp":"2023-11-09 14:16:47"},{"nodeID":"1355395","text":"Anon: Daisy Cooper: it is a scar on our country, and it is heart-breaking, that people are dying in the Channel","type":"L","timestamp":"2023-11-09 14:16:47"},{"nodeID":"1355396","text":"Asserting","type":"YA","timestamp":"2023-11-09 14:16:47"},{"nodeID":"1355397","text":"it is heart-breaking that people are dying in the Channel","type":"I","timestamp":"2023-11-09 14:16:48"},{"nodeID":"1355398","text":"Daisy Cooper: it is heart-breaking, that people are dying in the Channel","type":"L","timestamp":"2023-11-09 14:16:48"},{"nodeID":"1355399","text":"Analysing","type":"YA","timestamp":"2023-11-09 14:16:48"},{"nodeID":"1355400","text":"Anon: Daisy Cooper: it is heart-breaking, that people are dying in the Channel","type":"L","timestamp":"2023-11-09 14:16:48"},{"nodeID":"1355401","text":"Asserting","type":"YA","timestamp":"2023-11-09 14:16:48"},{"nodeID":"1355402","text":"Default Rephrase","type":"MA","timestamp":"2023-11-09 14:16:48"},{"nodeID":"1355403","text":"Default Transition","type":"TA","timestamp":"2023-11-09 14:16:48"},{"nodeID":"1355404","text":"Restating","type":"YA","timestamp":"2023-11-09 14:16:48"},{"nodeID":"1355405","text":"Default Transition","type":"TA","timestamp":"2023-11-09 14:16:48"},{"nodeID":"1355406","text":"it should not be happening that people are dying in the Channel","type":"I","timestamp":"2023-11-09 14:16:49"},{"nodeID":"1355407","text":"Daisy Cooper: It should not be happening","type":"L","timestamp":"2023-11-09 14:16:49"},{"nodeID":"1355408","text":"Analysing","type":"YA","timestamp":"2023-11-09 14:16:49"},{"nodeID":"1355409","text":"Anon: Daisy Cooper: It should not be happening","type":"L","timestamp":"2023-11-09 14:16:49"},{"nodeID":"1355410","text":"Asserting","type":"YA","timestamp":"2023-11-09 14:16:49"},{"nodeID":"1355411","text":"we need to stop it from happening that people are dying in the Channel, before more people lose their lives","type":"I","timestamp":"2023-11-09 14:16:50"},{"nodeID":"1355412","text":"Daisy Cooper:  we need to stop it from happening, before more people lose their lives","type":"L","timestamp":"2023-11-09 14:16:50"},{"nodeID":"1355413","text":"Analysing","type":"YA","timestamp":"2023-11-09 14:16:50"},{"nodeID":"1355414","text":"Anon: Daisy Cooper:  we need to stop it from happening, before more people lose their lives","type":"L","timestamp":"2023-11-09 14:16:50"},{"nodeID":"1355415","text":"Asserting","type":"YA","timestamp":"2023-11-09 14:16:50"},{"nodeID":"1355416","text":"Default Transition","type":"TA","timestamp":"2023-11-09 14:16:50"},{"nodeID":"1355417","text":"Default Inference","type":"RA","timestamp":"2023-11-09 14:16:50"},{"nodeID":"1355418","text":"Arguing","type":"YA","timestamp":"2023-11-09 14:16:50"},{"nodeID":"1355419","text":"Default Inference","type":"RA","timestamp":"2023-11-09 14:16:50"},{"nodeID":"1355420","text":"Default Transition","type":"TA","timestamp":"2023-11-09 14:16:50"},{"nodeID":"1355421","text":"Arguing","type":"YA","timestamp":"2023-11-09 14:16:50"},{"nodeID":"1355422","text":"suggestions have been made that we should be working more closely with France","type":"I","timestamp":"2023-11-09 14:16:50"},{"nodeID":"1355423","text":"Daisy Cooper: suggestions have been made that we should be working more closely with France","type":"L","timestamp":"2023-11-09 14:16:50"},{"nodeID":"1355424","text":"Analysing","type":"YA","timestamp":"2023-11-09 14:16:50"},{"nodeID":"1355425","text":"Anon: Daisy Cooper: suggestions have been made that we should be working more closely with France","type":"L","timestamp":"2023-11-09 14:16:50"},{"nodeID":"1355426","text":"Asserting","type":"YA","timestamp":"2023-11-09 14:16:50"},{"nodeID":"1355427","text":"Default Transition","type":"TA","timestamp":"2023-11-09 14:16:50"},{"nodeID":"1355428","text":"the Conservative Government have announced five deals with France, in the last two years","type":"I","timestamp":"2023-11-09 14:16:51"},{"nodeID":"1355429","text":"Daisy Cooper:  The Conservative Government have announced five deals with France, in the last two years","type":"L","timestamp":"2023-11-09 14:16:51"},{"nodeID":"1355430","text":"Analysing","type":"YA","timestamp":"2023-11-09 14:16:51"},{"nodeID":"1355431","text":"Anon: Daisy Cooper:  The Conservative Government have announced five deals with France, in the last two years","type":"L","timestamp":"2023-11-09 14:16:51"},{"nodeID":"1355432","text":"Asserting","type":"YA","timestamp":"2023-11-09 14:16:51"},{"nodeID":"1355433","text":"Default Rephrase","type":"MA","timestamp":"2023-11-09 14:16:51"},{"nodeID":"1355434","text":"Default Transition","type":"TA","timestamp":"2023-11-09 14:16:51"},{"nodeID":"1355435","text":"Restating","type":"YA","timestamp":"2023-11-09 14:16:51"},{"nodeID":"1355436","text":"none of the Conservative Government's five deals with France, in the last two years, none of them have worked","type":"I","timestamp":"2023-11-09 14:16:52"},{"nodeID":"1355437","text":"Daisy Cooper: none of them, none of them have worked","type":"L","timestamp":"2023-11-09 14:16:52"},{"nodeID":"1355438","text":"Analysing","type":"YA","timestamp":"2023-11-09 14:16:52"},{"nodeID":"1355439","text":"Anon: Daisy Cooper: none of them, none of them have worked","type":"L","timestamp":"2023-11-09 14:16:52"},{"nodeID":"1355440","text":"Asserting","type":"YA","timestamp":"2023-11-09 14:16:52"},{"nodeID":"1355441","text":"Default Transition","type":"TA","timestamp":"2023-11-09 14:16:52"},{"nodeID":"1355442","text":"there is an answer, that is a glaring answer, staring this Government in the face","type":"I","timestamp":"2023-11-09 14:16:53"},{"nodeID":"1355443","text":"Daisy Cooper: There is an answer, that is a glaring answer, staring this Government in the face","type":"L","timestamp":"2023-11-09 14:16:53"},{"nodeID":"1355444","text":"Analysing","type":"YA","timestamp":"2023-11-09 14:16:53"},{"nodeID":"1355445","text":"Anon: Daisy Cooper: There is an answer, that is a glaring answer, staring this Government in the face","type":"L","timestamp":"2023-11-09 14:16:53"},{"nodeID":"1355446","text":"Asserting","type":"YA","timestamp":"2023-11-09 14:16:53"},{"nodeID":"1355447","text":"Default Transition","type":"TA","timestamp":"2023-11-09 14:16:53"},{"nodeID":"1355448","text":"Default Conflict","type":"CA","timestamp":"2023-11-09 14:16:53"},{"nodeID":"1355449","text":"Disagreeing","type":"YA","timestamp":"2023-11-09 14:16:53"},{"nodeID":"1355450","text":"Default Inference","type":"RA","timestamp":"2023-11-09 14:16:53"},{"nodeID":"1355451","text":"Arguing","type":"YA","timestamp":"2023-11-09 14:16:53"},{"nodeID":"1355452","text":"Default Inference","type":"RA","timestamp":"2023-11-09 14:16:53"},{"nodeID":"1355453","text":"Arguing","type":"YA","timestamp":"2023-11-09 14:16:53"},{"nodeID":"1355454","text":"the glaring answer staring the Government in the face is to reopen the safe, and legal routes that the Government has shut down","type":"I","timestamp":"2023-11-09 14:16:53"},{"nodeID":"1355455","text":"Pat Cullen:  it is to reopen the safe, and legal routes that the Government has shut down","type":"L","timestamp":"2023-11-09 14:16:53"},{"nodeID":"1355456","text":"Analysing","type":"YA","timestamp":"2023-11-09 14:16:53"},{"nodeID":"1355457","text":"Anon: Pat Cullen:  it is to reopen the safe, and legal routes that the Government has shut down","type":"L","timestamp":"2023-11-09 14:16:53"},{"nodeID":"1355458","text":"Asserting","type":"YA","timestamp":"2023-11-09 14:16:53"},{"nodeID":"1355459","text":"Default Rephrase","type":"MA","timestamp":"2023-11-09 14:16:53"},{"nodeID":"1355460","text":"Restating","type":"YA","timestamp":"2023-11-09 14:16:53"},{"nodeID":"1355461","text":"the Government had closed down safe and legal routes to the UK","type":"I","timestamp":"2023-11-09 14:16:54"},{"nodeID":"1355462","text":"Daisy Cooper: the Government had closed these safe and legal routes down","type":"L","timestamp":"2023-11-09 14:16:54"},{"nodeID":"1355463","text":"Analysing","type":"YA","timestamp":"2023-11-09 14:16:54"},{"nodeID":"1355464","text":"Anon: Daisy Cooper: the Government had closed these safe and legal routes down","type":"L","timestamp":"2023-11-09 14:16:54"},{"nodeID":"1355465","text":"Asserting","type":"YA","timestamp":"2023-11-09 14:16:54"},{"nodeID":"1355466","text":"Default Transition","type":"TA","timestamp":"2023-11-09 14:16:54"},{"nodeID":"1355467","text":"there are now lots of vulnerable people who are now desperate to get to this country","type":"I","timestamp":"2023-11-09 14:16:55"},{"nodeID":"1355468","text":"Daisy Cooper: there are now lots of vulnerable people who are now desperate to get to this country","type":"L","timestamp":"2023-11-09 14:16:55"},{"nodeID":"1355469","text":"Analysing","type":"YA","timestamp":"2023-11-09 14:16:55"},{"nodeID":"1355470","text":"Anon: Daisy Cooper: there are now lots of vulnerable people who are now desperate to get to this country","type":"L","timestamp":"2023-11-09 14:16:55"},{"nodeID":"1355471","text":"Asserting","type":"YA","timestamp":"2023-11-09 14:16:55"},{"nodeID":"1355472","text":"Default Transition","type":"TA","timestamp":"2023-11-09 14:16:55"},{"nodeID":"1355473","text":"Default Inference","type":"RA","timestamp":"2023-11-09 14:16:55"},{"nodeID":"1355474","text":"Arguing","type":"YA","timestamp":"2023-11-09 14:16:55"},{"nodeID":"1355475","text":"there are now lots of vulnerable people who are paying criminal gangs, and traffickers, they are fuelling the very gangs and traffickers that the Government","type":"I","timestamp":"2023-11-09 14:16:56"},{"nodeID":"1355476","text":"Pat Cullen:  they are paying criminal gangs, and traffickers, they are fuelling the very gangs and traffickers that the Government","type":"L","timestamp":"2023-11-09 14:16:56"},{"nodeID":"1355477","text":"Analysing","type":"YA","timestamp":"2023-11-09 14:16:56"},{"nodeID":"1355478","text":"Anon: Pat Cullen:  they are paying criminal gangs, and traffickers, they are fuelling the very gangs and traffickers that the Government","type":"L","timestamp":"2023-11-09 14:16:56"},{"nodeID":"1355479","text":"Asserting","type":"YA","timestamp":"2023-11-09 14:16:56"},{"nodeID":"1355480","text":"Default Inference","type":"RA","timestamp":"2023-11-09 14:16:56"},{"nodeID":"1355481","text":"Default Transition","type":"TA","timestamp":"2023-11-09 14:16:56"},{"nodeID":"1355482","text":"Default Rephrase","type":"MA","timestamp":"2023-11-09 14:16:56"},{"nodeID":"1355483","text":"Restating","type":"YA","timestamp":"2023-11-09 14:16:56"},{"nodeID":"1355484","text":"xxx is how safe and legal routes would work","type":"I","timestamp":"2023-11-09 14:16:57"},{"nodeID":"1355485","text":"Fiona Bruce: how that would work","type":"L","timestamp":"2023-11-09 14:16:57"},{"nodeID":"1355486","text":"Analysing","type":"YA","timestamp":"2023-11-09 14:16:57"},{"nodeID":"1355487","text":"Anon: Fiona Bruce: how that would work","type":"L","timestamp":"2023-11-09 14:16:57"},{"nodeID":"1355488","text":"Pure Questioning","type":"YA","timestamp":"2023-11-09 14:16:57"},{"nodeID":"1355489","text":"Default Transition","type":"TA","timestamp":"2023-11-09 14:16:57"},{"nodeID":"1355490","text":"safe and legal routes mean xxx","type":"I","timestamp":"2023-11-09 14:16:58"},{"nodeID":"1355491","text":"Fiona Bruce: when you talk about safe and legal routes, what do you mean","type":"L","timestamp":"2023-11-09 14:16:58"},{"nodeID":"1355492","text":"Analysing","type":"YA","timestamp":"2023-11-09 14:16:58"},{"nodeID":"1355493","text":"Anon: Fiona Bruce: when you talk about safe and legal routes, what do you mean","type":"L","timestamp":"2023-11-09 14:16:58"},{"nodeID":"1355494","text":"Pure Questioning","type":"YA","timestamp":"2023-11-09 14:16:58"},{"nodeID":"1355495","text":"Default Transition","type":"TA","timestamp":"2023-11-09 14:16:58"},{"nodeID":"1355496","text":"Default Rephrase","type":"MA","timestamp":"2023-11-09 14:16:58"},{"nodeID":"1355497","text":"Restating","type":"YA","timestamp":"2023-11-09 14:16:58"},{"nodeID":"1355498","text":"Default Transition","type":"TA","timestamp":"2023-11-09 14:16:58"},{"nodeID":"1355499","text":"Default Rephrase","type":"MA","timestamp":"2023-11-09 14:16:58"},{"nodeID":"1355500","text":"Restating","type":"YA","timestamp":"2023-11-09 14:16:58"}],"edges":[{"edgeID":"1774717","fromID":"1355389","toID":"1355388","formEdgeID":null},{"edgeID":"1774718","fromID":"1355390","toID":"1355389","formEdgeID":null},{"edgeID":"1774719","fromID":"1355388","toID":"1355391","formEdgeID":null},{"edgeID":"1774720","fromID":"1355391","toID":"1355387","formEdgeID":null},{"edgeID":"1774721","fromID":"1355394","toID":"1355393","formEdgeID":null},{"edgeID":"1774722","fromID":"1355395","toID":"1355394","formEdgeID":null},{"edgeID":"1774723","fromID":"1355393","toID":"1355396","formEdgeID":null},{"edgeID":"1774724","fromID":"1355396","toID":"1355392","formEdgeID":null},{"edgeID":"1774725","fromID":"1355399","toID":"1355398","formEdgeID":null},{"edgeID":"1774726","fromID":"1355400","toID":"1355399","formEdgeID":null},{"edgeID":"1774727","fromID":"1355398","toID":"1355401","formEdgeID":null},{"edgeID":"1774728","fromID":"1355401","toID":"1355397","formEdgeID":null},{"edgeID":"1774729","fromID":"1355397","toID":"1355402","formEdgeID":null},{"edgeID":"1774730","fromID":"1355402","toID":"1355392","formEdgeID":null},{"edgeID":"1774731","fromID":"1355393","toID":"1355403","formEdgeID":null},{"edgeID":"1774732","fromID":"1355403","toID":"1355398","formEdgeID":null},{"edgeID":"1774733","fromID":"1355403","toID":"1355404","formEdgeID":null},{"edgeID":"1774734","fromID":"1355404","toID":"1355402","formEdgeID":null},{"edgeID":"1774735","fromID":"1355388","toID":"1355405","formEdgeID":null},{"edgeID":"1774736","fromID":"1355405","toID":"1355393","formEdgeID":null},{"edgeID":"1774737","fromID":"1355408","toID":"1355407","formEdgeID":null},{"edgeID":"1774738","fromID":"1355409","toID":"1355408","formEdgeID":null},{"edgeID":"1774739","fromID":"1355407","toID":"1355410","formEdgeID":null},{"edgeID":"1774740","fromID":"1355410","toID":"1355406","formEdgeID":null},{"edgeID":"1774741","fromID":"1355413","toID":"1355412","formEdgeID":null},{"edgeID":"1774742","fromID":"1355414","toID":"1355413","formEdgeID":null},{"edgeID":"1774743","fromID":"1355412","toID":"1355415","formEdgeID":null},{"edgeID":"1774744","fromID":"1355415","toID":"1355411","formEdgeID":null},{"edgeID":"1774745","fromID":"1355393","toID":"1355416","formEdgeID":null},{"edgeID":"1774746","fromID":"1355416","toID":"1355407","formEdgeID":null},{"edgeID":"1774747","fromID":"1355392","toID":"1355417","formEdgeID":null},{"edgeID":"1774748","fromID":"1355417","toID":"1355406","formEdgeID":null},{"edgeID":"1774749","fromID":"1355416","toID":"1355418","formEdgeID":null},{"edgeID":"1774750","fromID":"1355418","toID":"1355417","formEdgeID":null},{"edgeID":"1774751","fromID":"1355406","toID":"1355419","formEdgeID":null},{"edgeID":"1774752","fromID":"1355419","toID":"1355411","formEdgeID":null},{"edgeID":"1774753","fromID":"1355407","toID":"1355420","formEdgeID":null},{"edgeID":"1774754","fromID":"1355420","toID":"1355412","formEdgeID":null},{"edgeID":"1774755","fromID":"1355420","toID":"1355421","formEdgeID":null},{"edgeID":"1774756","fromID":"1355421","toID":"1355419","formEdgeID":null},{"edgeID":"1774757","fromID":"1355424","toID":"1355423","formEdgeID":null},{"edgeID":"1774758","fromID":"1355425","toID":"1355424","formEdgeID":null},{"edgeID":"1774759","fromID":"1355423","toID":"1355426","formEdgeID":null},{"edgeID":"1774760","fromID":"1355426","toID":"1355422","formEdgeID":null},{"edgeID":"1774761","fromID":"1355412","toID":"1355427","formEdgeID":null},{"edgeID":"1774762","fromID":"1355427","toID":"1355423","formEdgeID":null},{"edgeID":"1774763","fromID":"1355430","toID":"1355429","formEdgeID":null},{"edgeID":"1774764","fromID":"1355431","toID":"1355430","formEdgeID":null},{"edgeID":"1774765","fromID":"1355429","toID":"1355432","formEdgeID":null},{"edgeID":"1774766","fromID":"1355432","toID":"1355428","formEdgeID":null},{"edgeID":"1774767","fromID":"1355428","toID":"1355433","formEdgeID":null},{"edgeID":"1774768","fromID":"1355433","toID":"1355422","formEdgeID":null},{"edgeID":"1774769","fromID":"1355423","toID":"1355434","formEdgeID":null},{"edgeID":"1774770","fromID":"1355434","toID":"1355429","formEdgeID":null},{"edgeID":"1774771","fromID":"1355434","toID":"1355435","formEdgeID":null},{"edgeID":"1774772","fromID":"1355435","toID":"1355433","formEdgeID":null},{"edgeID":"1774773","fromID":"1355438","toID":"1355437","formEdgeID":null},{"edgeID":"1774774","fromID":"1355439","toID":"1355438","formEdgeID":null},{"edgeID":"1774775","fromID":"1355437","toID":"1355440","formEdgeID":null},{"edgeID":"1774776","fromID":"1355440","toID":"1355436","formEdgeID":null},{"edgeID":"1774777","fromID":"1355429","toID":"1355441","formEdgeID":null},{"edgeID":"1774778","fromID":"1355441","toID":"1355437","formEdgeID":null},{"edgeID":"1774779","fromID":"1355444","toID":"1355443","formEdgeID":null},{"edgeID":"1774780","fromID":"1355445","toID":"1355444","formEdgeID":null},{"edgeID":"1774781","fromID":"1355443","toID":"1355446","formEdgeID":null},{"edgeID":"1774782","fromID":"1355446","toID":"1355442","formEdgeID":null},{"edgeID":"1774783","fromID":"1355437","toID":"1355447","formEdgeID":null},{"edgeID":"1774784","fromID":"1355447","toID":"1355443","formEdgeID":null},{"edgeID":"1774785","fromID":"1355442","toID":"1355448","formEdgeID":null},{"edgeID":"1774786","fromID":"1355448","toID":"1355436","formEdgeID":null},{"edgeID":"1774787","fromID":"1355447","toID":"1355449","formEdgeID":null},{"edgeID":"1774788","fromID":"1355449","toID":"1355448","formEdgeID":null},{"edgeID":"1774789","fromID":"1355387","toID":"1355450","formEdgeID":null},{"edgeID":"1774790","fromID":"1355450","toID":"1355392","formEdgeID":null},{"edgeID":"1774791","fromID":"1355405","toID":"1355451","formEdgeID":null},{"edgeID":"1774792","fromID":"1355451","toID":"1355450","formEdgeID":null},{"edgeID":"1774793","fromID":"1355411","toID":"1355452","formEdgeID":null},{"edgeID":"1774794","fromID":"1355452","toID":"1355422","formEdgeID":null},{"edgeID":"1774795","fromID":"1355427","toID":"1355453","formEdgeID":null},{"edgeID":"1774796","fromID":"1355453","toID":"1355452","formEdgeID":null},{"edgeID":"1774797","fromID":"1355456","toID":"1355455","formEdgeID":null},{"edgeID":"1774798","fromID":"1355457","toID":"1355456","formEdgeID":null},{"edgeID":"1774799","fromID":"1355455","toID":"1355458","formEdgeID":null},{"edgeID":"1774800","fromID":"1355458","toID":"1355454","formEdgeID":null},{"edgeID":"1774801","fromID":"1355436","toID":"1355459","formEdgeID":null},{"edgeID":"1774802","fromID":"1355459","toID":"1355428","formEdgeID":null},{"edgeID":"1774803","fromID":"1355441","toID":"1355460","formEdgeID":null},{"edgeID":"1774804","fromID":"1355460","toID":"1355459","formEdgeID":null},{"edgeID":"1774805","fromID":"1355463","toID":"1355462","formEdgeID":null},{"edgeID":"1774806","fromID":"1355464","toID":"1355463","formEdgeID":null},{"edgeID":"1774807","fromID":"1355462","toID":"1355465","formEdgeID":null},{"edgeID":"1774808","fromID":"1355465","toID":"1355461","formEdgeID":null},{"edgeID":"1774809","fromID":"1355455","toID":"1355466","formEdgeID":null},{"edgeID":"1774810","fromID":"1355466","toID":"1355462","formEdgeID":null},{"edgeID":"1774811","fromID":"1355469","toID":"1355468","formEdgeID":null},{"edgeID":"1774812","fromID":"1355470","toID":"1355469","formEdgeID":null},{"edgeID":"1774813","fromID":"1355468","toID":"1355471","formEdgeID":null},{"edgeID":"1774814","fromID":"1355471","toID":"1355467","formEdgeID":null},{"edgeID":"1774815","fromID":"1355462","toID":"1355472","formEdgeID":null},{"edgeID":"1774816","fromID":"1355472","toID":"1355468","formEdgeID":null},{"edgeID":"1774817","fromID":"1355461","toID":"1355473","formEdgeID":null},{"edgeID":"1774818","fromID":"1355473","toID":"1355467","formEdgeID":null},{"edgeID":"1774819","fromID":"1355472","toID":"1355474","formEdgeID":null},{"edgeID":"1774820","fromID":"1355474","toID":"1355473","formEdgeID":null},{"edgeID":"1774821","fromID":"1355477","toID":"1355476","formEdgeID":null},{"edgeID":"1774822","fromID":"1355478","toID":"1355477","formEdgeID":null},{"edgeID":"1774823","fromID":"1355476","toID":"1355479","formEdgeID":null},{"edgeID":"1774824","fromID":"1355479","toID":"1355475","formEdgeID":null},{"edgeID":"1774825","fromID":"1355467","toID":"1355480","formEdgeID":null},{"edgeID":"1774826","fromID":"1355480","toID":"1355475","formEdgeID":null},{"edgeID":"1774827","fromID":"1355468","toID":"1355481","formEdgeID":null},{"edgeID":"1774828","fromID":"1355481","toID":"1355476","formEdgeID":null},{"edgeID":"1774829","fromID":"1355461","toID":"1355482","formEdgeID":null},{"edgeID":"1774830","fromID":"1355482","toID":"1355454","formEdgeID":null},{"edgeID":"1774831","fromID":"1355466","toID":"1355483","formEdgeID":null},{"edgeID":"1774832","fromID":"1355483","toID":"1355482","formEdgeID":null},{"edgeID":"1774833","fromID":"1355486","toID":"1355485","formEdgeID":null},{"edgeID":"1774834","fromID":"1355487","toID":"1355486","formEdgeID":null},{"edgeID":"1774835","fromID":"1355485","toID":"1355488","formEdgeID":null},{"edgeID":"1774836","fromID":"1355488","toID":"1355484","formEdgeID":null},{"edgeID":"1774837","fromID":"1355476","toID":"1355489","formEdgeID":null},{"edgeID":"1774838","fromID":"1355489","toID":"1355485","formEdgeID":null},{"edgeID":"1774839","fromID":"1355492","toID":"1355491","formEdgeID":null},{"edgeID":"1774840","fromID":"1355493","toID":"1355492","formEdgeID":null},{"edgeID":"1774841","fromID":"1355491","toID":"1355494","formEdgeID":null},{"edgeID":"1774842","fromID":"1355494","toID":"1355490","formEdgeID":null},{"edgeID":"1774843","fromID":"1355485","toID":"1355495","formEdgeID":null},{"edgeID":"1774844","fromID":"1355495","toID":"1355491","formEdgeID":null},{"edgeID":"1774845","fromID":"1355490","toID":"1355496","formEdgeID":null},{"edgeID":"1774846","fromID":"1355496","toID":"1355484","formEdgeID":null},{"edgeID":"1774847","fromID":"1355495","toID":"1355497","formEdgeID":null},{"edgeID":"1774848","fromID":"1355497","toID":"1355496","formEdgeID":null},{"edgeID":"1774849","fromID":"1355443","toID":"1355498","formEdgeID":null},{"edgeID":"1774850","fromID":"1355498","toID":"1355455","formEdgeID":null},{"edgeID":"1774851","fromID":"1355454","toID":"1355499","formEdgeID":null},{"edgeID":"1774852","fromID":"1355499","toID":"1355442","formEdgeID":null},{"edgeID":"1774853","fromID":"1355498","toID":"1355500","formEdgeID":null},{"edgeID":"1774854","fromID":"1355500","toID":"1355499","formEdgeID":null}],"locutions":[]}