{"nodes":[{"nodeID":"570727","text":"the government entering into this blame game has been frustrating to see","type":"I","timestamp":"2020-09-02 19:49:30"},{"nodeID":"570739","text":"the government refusing to work with people to build a national consensus around this has been frustrating to see","type":"I","timestamp":"2020-09-02 19:49:31"},{"nodeID":"1354008","text":"Fiona Bruce is obviously going to come to Pat Cullen first","type":"I","timestamp":"2023-11-09 14:14:19"},{"nodeID":"1354013","text":"Pat Cullen is the head of the RCN","type":"I","timestamp":"2023-11-09 14:14:20"},{"nodeID":"1354021","text":"Pat Cullen was out on the picket lines this morning","type":"I","timestamp":"2023-11-09 14:14:20"},{"nodeID":"1354029","text":"Pat Cullen has been all round, well much of the country today","type":"I","timestamp":"2023-11-09 14:14:21"},{"nodeID":"1354037","text":"the nurses strike demonstrates a catastrophic failure of Government, or the Government are battling hard to get the best deal","type":"I","timestamp":"2023-11-09 14:14:21"},{"nodeID":"1354043","text":"the nurses' strike demonstrates a catastrophic failure of Government management, or are Government battling hard to get the best deal for the tax-payer","type":"I","timestamp":"2023-11-09 14:14:22"},{"nodeID":"1354052","text":"whether the striking of the RCN is catastrophic failure of the government or whether the government is working hard for the best deal is a very good question","type":"I","timestamp":"2023-11-09 14:14:23"},{"nodeID":"1354057","text":"today has been a tragic day for this country, and right across the UK","type":"I","timestamp":"2023-11-09 14:14:23"},{"nodeID":"1354062","text":"today has been tragic for nursing","type":"I","timestamp":"2023-11-09 14:14:24"},{"nodeID":"1354067","text":"today has been tragic for patients, each and every one of you","type":"I","timestamp":"2023-11-09 14:14:25"},{"nodeID":"1354079","text":"today has been tragic for the NHS","type":"I","timestamp":"2023-11-09 14:14:25"},{"nodeID":"1354084","text":"the situation with the NHS should never have got to this","type":"I","timestamp":"2023-11-09 14:14:26"},{"nodeID":"1354089","text":"the situation has got to this bad point","type":"I","timestamp":"2023-11-09 14:14:27"},{"nodeID":"1354094","text":"we have this Conservative Government","type":"I","timestamp":"2023-11-09 14:14:27"},{"nodeID":"1354109","text":"we have tried very, very hard to sit down with the Government, and speak with them, talk to them, and negotiate on behalf of, not just the whole 520,000 nurses that we represent in the Royal College of Nursing, but the 320,000 nurses that gave Pat Cullen the mandate that we have got for this ballot","type":"I","timestamp":"2023-11-09 14:14:28"},{"nodeID":"1354115","text":"xxx is about the nurses that have not gone on strike","type":"I","timestamp":"2023-11-09 14:14:29"},{"nodeID":"1354120","text":"it's only a quarter of hospital trusts in England that are going on strike","type":"I","timestamp":"2023-11-09 14:14:29"},{"nodeID":"1354125","text":"there's 126 organisations in England, who have voted for strike action, and have met those thresholds","type":"I","timestamp":"2023-11-09 14:14:30"},{"nodeID":"1354130","text":"only a quarter of the hospital trusts is what we have brought out today on strike","type":"I","timestamp":"2023-11-09 14:14:31"},{"nodeID":"1354136","text":"today is the first day of the strike","type":"I","timestamp":"2023-11-09 14:14:31"},{"nodeID":"1354147","text":"the nurses that have not gone on strike don't agree with you, Fiona Bruce assumes","type":"I","timestamp":"2023-11-09 14:14:32"},{"nodeID":"1354152","text":"some nurse are not on strike here in Hampshire","type":"I","timestamp":"2023-11-09 14:14:33"},{"nodeID":"1354162","text":"we have to meet very, very heavy, and testing thresholds","type":"I","timestamp":"2023-11-09 14:14:33"},{"nodeID":"1354167","text":"this Government set very heavy and testing thresholds for our nurses to have to meet","type":"I","timestamp":"2023-11-09 14:14:34"},{"nodeID":"1354175","text":"the nurses have to ballot, and meet 50 per cent","type":"I","timestamp":"2023-11-09 14:14:35"},{"nodeID":"1354181","text":"there are other thresholds that we have to meet after meeting 50 per cent","type":"I","timestamp":"2023-11-09 14:14:35"},{"nodeID":"1354189","text":"we started today with 46 organisations","type":"I","timestamp":"2023-11-09 14:14:36"},{"nodeID":"1354195","text":"we started today with 46 organisations because xxx","type":"I","timestamp":"2023-11-09 14:14:37"},{"nodeID":"1354203","text":"we wanted to make sure that we manage this strike safely, and effectively, for every patient, the people that Pat Cullen is speaking with here tonight in this room, and every other patient in England, and Wales, and Northern Ireland","type":"I","timestamp":"2023-11-09 14:14:37"},{"nodeID":"1354211","text":"time moves on, we understand","type":"I","timestamp":"2023-11-09 14:14:38"},{"nodeID":"1354219","text":"this Government doesn't speak to us, and doesn't get into a room","type":"I","timestamp":"2023-11-09 14:14:39"},{"nodeID":"1354224","text":"the striking situation will escalate","type":"I","timestamp":"2023-11-09 14:14:40"},{"nodeID":"1354236","text":"every single one of 320,000 nurses that gave Pat Cullen her mandate deserves better","type":"I","timestamp":"2023-11-09 14:14:41"},{"nodeID":"1354241","text":"the fact that every single one of 320,000 nurses that gave Pat Cullen her mandate deserves better is well-known","type":"I","timestamp":"2023-11-09 14:14:41"},{"nodeID":"1354246","text":"Pat Cullen has walked the breadth and depth of this country","type":"I","timestamp":"2023-11-09 14:14:42"},{"nodeID":"1354254","text":"Pat Cullen spoke to thousands and thousands of nurses before this ballot started","type":"I","timestamp":"2023-11-09 14:14:43"},{"nodeID":"1354261","text":"some of those nurses took Pat Cullen and showed her the foodbanks that they're using in the evenings","type":"I","timestamp":"2023-11-09 14:14:43"},{"nodeID":"1354267","text":"when the patients finish their dinners, the nurses take what's left","type":"I","timestamp":"2023-11-09 14:14:44"},{"nodeID":"1354277","text":"nurses can't afford to eat","type":"I","timestamp":"2023-11-09 14:14:45"},{"nodeID":"1354287","text":"we have a heavy and over-reliance on international nurses","type":"I","timestamp":"2023-11-09 14:14:46"},{"nodeID":"1354293","text":"we bring in nurses from what's known as red-list countries","type":"I","timestamp":"2023-11-09 14:14:46"},{"nodeID":"1354301","text":"bringing in nurses from what's known as red-list countries is ethically and morally wrong","type":"I","timestamp":"2023-11-09 14:14:47"},{"nodeID":"1354309","text":"the goverment have got the financial mangement totally wrong","type":"I","timestamp":"2023-11-09 14:14:48"},{"nodeID":"1356614","text":"Mascha: Deborah Norrish : the vision to get students back into school, which is exactly what we all want","type":"L","timestamp":"2023-11-09 14:19:02"},{"nodeID":"1356615","text":"Mascha: Deborah Norrish : which is exactly what we all want","type":"L","timestamp":"2023-11-09 14:19:02"},{"nodeID":"1356616","text":"Mascha: Deborah Norrish : the implementation of some of the policies that the government have suggested haven\u2019t necessarily turned out to what they were planned","type":"L","timestamp":"2023-11-09 14:19:02"},{"nodeID":"1356617","text":"Mascha: Deborah Norrish : the school laptops, for example, our school our disadvantage laptops still haven\u2019t arrived","type":"L","timestamp":"2023-11-09 14:19:02"},{"nodeID":"1356618","text":"Mascha: Deborah Norrish :  the announcement with the big catch-up plan and the national tutoring programme in theory sounds fabulous","type":"L","timestamp":"2023-11-09 14:19:02"},{"nodeID":"1356619","text":"Mascha: Deborah Norrish : in reality have we got capacity to be able to implement what the government are trying to suggest","type":"L","timestamp":"2023-11-09 14:19:02"},{"nodeID":"1356620","text":"Mascha: Deborah Norrish : have we got capacity to be able to implement what the government are trying to suggest","type":"L","timestamp":"2023-11-09 14:19:02"},{"nodeID":"1356621","text":"Mascha: Lisa Nandy : the question was about trying to\u2026about the impact on children","type":"L","timestamp":"2023-11-09 14:19:02"},{"nodeID":"1356622","text":"Mascha: Deborah Norrish : the question was about trying to\u2026about the impact on children","type":"L","timestamp":"2023-11-09 14:19:02"},{"nodeID":"1356623","text":"Mascha: Lisa Nandy : there\u2019s no question that this is going to have a big impact on this generation","type":"L","timestamp":"2023-11-09 14:19:02"},{"nodeID":"1356624","text":"Mascha: Lisa Nandy :  It\u2019s not just about exam results and life chances","type":"L","timestamp":"2023-11-09 14:19:02"},{"nodeID":"1356625","text":"as important as that is","type":"L","timestamp":"2023-11-09 14:19:02"},{"nodeID":"1356626","text":"Mascha: Lisa Nandy : health professionals are increasingly worried that this is having a real impact on children\u2019s mental health as well","type":"L","timestamp":"2023-11-09 14:19:02"},{"nodeID":"1356627","text":"Mascha: Lisa Nandy : s important as that is","type":"L","timestamp":"2023-11-09 14:19:02"},{"nodeID":"1356628","text":"Mascha: Lisa Nandy : as important as that is","type":"L","timestamp":"2023-11-09 14:19:02"},{"nodeID":"1356629","text":"Mascha: Lisa Nandy :  we ought to be trying to get children back to school as quickly as can safely be achieved","type":"L","timestamp":"2023-11-09 14:19:02"},{"nodeID":"1356630","text":"Mascha: Lisa Nandy : t\u2019s why it\u2019s been so frustrating to see the government\u2019s response to this","type":"L","timestamp":"2023-11-09 14:19:02"},{"nodeID":"1356631","text":"Mascha: Lisa Nandy : It\u2019s why it\u2019s been so frustrating to see the government\u2019s response to this","type":"L","timestamp":"2023-11-09 14:19:02"},{"nodeID":"1356632","text":"Lisa Nandy : entering into this blame game","type":"L","timestamp":"2023-11-09 14:19:02"},{"nodeID":"1356633","text":"Mascha: Lisa Nandy : entering into this blame game","type":"L","timestamp":"2023-11-09 14:19:03"},{"nodeID":"1356634","text":"Lisa Nandy : refusing to work with people to build a national consensus around this","type":"L","timestamp":"2023-11-09 14:19:03"},{"nodeID":"1356635","text":"Mascha: Lisa Nandy : refusing to work with people to build a national consensus around this","type":"L","timestamp":"2023-11-09 14:19:04"},{"nodeID":"1356636","text":"Fiona Bruce: Pat, I'm obviously going to come to you first","type":"L","timestamp":"2023-11-09 14:19:05"},{"nodeID":"1356637","text":"Chris: Fiona Bruce: Pat, I'm obviously going to come to you first","type":"L","timestamp":"2023-11-09 14:19:05"},{"nodeID":"1356638","text":"Fiona Bruce: as the head of the RCN","type":"L","timestamp":"2023-11-09 14:19:06"},{"nodeID":"1356639","text":"Chris: Fiona Bruce: as the head of the RCN","type":"L","timestamp":"2023-11-09 14:19:06"},{"nodeID":"1356640","text":"Fiona Bruce: you were out on the picket lines this morning","type":"L","timestamp":"2023-11-09 14:19:06"},{"nodeID":"1356641","text":"Chris: Fiona Bruce: you were out on the picket lines this morning","type":"L","timestamp":"2023-11-09 14:19:06"},{"nodeID":"1356642","text":"Fiona Bruce: you've been all round, well much of the country today","type":"L","timestamp":"2023-11-09 14:19:07"},{"nodeID":"1356643","text":"Chris: Fiona Bruce: you've been all round, well much of the country today","type":"L","timestamp":"2023-11-09 14:19:07"},{"nodeID":"1356644","text":"Fiona Bruce: Does it demonstrate a catastrophic failure of Government, or are Government battling hard to get the best deal","type":"L","timestamp":"2023-11-09 14:19:08"},{"nodeID":"1356645","text":"Chris: Fiona Bruce: Does it demonstrate a catastrophic failure of Government, or are Government battling hard to get the best deal?","type":"L","timestamp":"2023-11-09 14:19:08"},{"nodeID":"1356646","text":"AudienceMember 20230112QT01: Does the nurses' strike demonstrate a catastrophic failure of Government management, or rather are Government battling hard to get the best deal for the tax-payer","type":"L","timestamp":"2023-11-09 14:19:09"},{"nodeID":"1356647","text":"Chris: AudienceMember 20230112QT01: Does the nurses' strike demonstrate a catastrophic failure of Government management, or rather are Government battling hard to get the best deal for the tax-payer","type":"L","timestamp":"2023-11-09 14:19:09"},{"nodeID":"1356648","text":"Pat Cullen: a very good question","type":"L","timestamp":"2023-11-09 14:19:10"},{"nodeID":"1356649","text":"Anon: Pat Cullen: a very good question","type":"L","timestamp":"2023-11-09 14:19:10"},{"nodeID":"1356650","text":"Pat Cullen: today has been a tragic day for this country, and right across the UK","type":"L","timestamp":"2023-11-09 14:19:10"},{"nodeID":"1356651","text":"Anon: Pat Cullen: today has been a tragic day for this country, and right across the UK","type":"L","timestamp":"2023-11-09 14:19:10"},{"nodeID":"1356652","text":"Pat Cullen: Tragic, for nursing","type":"L","timestamp":"2023-11-09 14:19:11"},{"nodeID":"1356653","text":"Anon: Pat Cullen: Tragic, for nursing","type":"L","timestamp":"2023-11-09 14:19:11"},{"nodeID":"1356654","text":"Pat Cullen: It's tragic for patients, each and every one of you","type":"L","timestamp":"2023-11-09 14:19:12"},{"nodeID":"1356655","text":"Anon: Pat Cullen: It's tragic for patients, each and every one of you","type":"L","timestamp":"2023-11-09 14:19:12"},{"nodeID":"1356656","text":"Fiona Bruce: what about the nurses that have not gone on strike","type":"L","timestamp":"2023-11-09 14:19:13"},{"nodeID":"1356657","text":"Pat Cullen: it's tragic for the NHS","type":"L","timestamp":"2023-11-09 14:19:13"},{"nodeID":"1356658","text":"Amelie: Fiona Bruce: what about the nurses that have not gone on strike","type":"L","timestamp":"2023-11-09 14:19:13"},{"nodeID":"1356659","text":"Anon: Pat Cullen: it's tragic for the NHS","type":"L","timestamp":"2023-11-09 14:19:13"},{"nodeID":"1356660","text":"Fiona Bruce: it's only a quarter of hospital trusts in England that are going on strike","type":"L","timestamp":"2023-11-09 14:19:15"},{"nodeID":"1356661","text":"Pat Cullen: It should never have got to this","type":"L","timestamp":"2023-11-09 14:19:15"},{"nodeID":"1356662","text":"Amelie: Fiona Bruce: it's only a quarter of hospital trusts in England that are going on strike","type":"L","timestamp":"2023-11-09 14:19:15"},{"nodeID":"1356663","text":"Anon: Pat Cullen: It should never have got to this","type":"L","timestamp":"2023-11-09 14:19:15"},{"nodeID":"1356664","text":"Pat Cullen: there's 126 organisations in England, who have voted for strike action, and have met those thresholds","type":"L","timestamp":"2023-11-09 14:19:17"},{"nodeID":"1356665","text":"Pat Cullen: it has got to this","type":"L","timestamp":"2023-11-09 14:19:17"},{"nodeID":"1356666","text":"Amelie: Pat Cullen: there's 126 organisations in England, who have voted for strike action, and have met those thresholds","type":"L","timestamp":"2023-11-09 14:19:17"},{"nodeID":"1356667","text":"Anon: Pat Cullen: it has got to this","type":"L","timestamp":"2023-11-09 14:19:17"},{"nodeID":"1356668","text":"Pat Cullen: only a quarter of the trusts that we have brought out today on strike","type":"L","timestamp":"2023-11-09 14:19:18"},{"nodeID":"1356669","text":"Pat Cullen: this Government","type":"L","timestamp":"2023-11-09 14:19:18"},{"nodeID":"1356670","text":"Amelie: Pat Cullen: only a quarter of the trusts that we have brought out today on strike","type":"L","timestamp":"2023-11-09 14:19:18"},{"nodeID":"1356671","text":"Anon: Pat Cullen: this Government","type":"L","timestamp":"2023-11-09 14:19:18"},{"nodeID":"1356672","text":"Pat Cullen: that\u2019s the first day of the strike","type":"L","timestamp":"2023-11-09 14:19:20"},{"nodeID":"1356673","text":"Pat Cullen: We have tried very, very hard to sit down with the Government, and speak with them, talk to them, and negotiate on behalf of, not just the whole 520,000 nurses that we represent in the Royal College of Nursing, but the 320,000 nurses that gave me the mandate that we have got for this ballot","type":"L","timestamp":"2023-11-09 14:19:20"},{"nodeID":"1356674","text":"Amelie: Pat Cullen: that\u2019s the first day of the strike","type":"L","timestamp":"2023-11-09 14:19:20"},{"nodeID":"1356675","text":"Anon: Pat Cullen: We have tried very, very hard to sit down with the Government, and speak with them, talk to them, and negotiate on behalf of, not just the whole 520,000 nurses that we represent in the Royal College of Nursing, but the 320,000 nurses that gave me the mandate that we have got for this ballot","type":"L","timestamp":"2023-11-09 14:19:20"},{"nodeID":"1356676","text":"Fiona Bruce: they don't agree with you, I assume","type":"L","timestamp":"2023-11-09 14:19:21"},{"nodeID":"1356677","text":"Amelie: Fiona Bruce: they don't agree with you, I assume","type":"L","timestamp":"2023-11-09 14:19:21"},{"nodeID":"1356678","text":"Fiona Bruce: they're not on strike here in Hampshire","type":"L","timestamp":"2023-11-09 14:19:22"},{"nodeID":"1356679","text":"Amelie: Fiona Bruce: they're not on strike here in Hampshire","type":"L","timestamp":"2023-11-09 14:19:22"},{"nodeID":"1356680","text":"Pat Cullen: The very, very heavy, and testing thresholds that we have to meet","type":"L","timestamp":"2023-11-09 14:19:23"},{"nodeID":"1356681","text":"Anon: Pat Cullen: The very, very heavy, and testing thresholds that we have to meet","type":"L","timestamp":"2023-11-09 14:19:23"},{"nodeID":"1356682","text":"Pat Cullen: this Government set for our nurses to have to meet","type":"L","timestamp":"2023-11-09 14:19:23"},{"nodeID":"1356683","text":"Anon: Pat Cullen: this Government set for our nurses to have to meet","type":"L","timestamp":"2023-11-09 14:19:23"},{"nodeID":"1356684","text":"Pat Cullen: They have to ballot, and meet 50 per cent","type":"L","timestamp":"2023-11-09 14:19:24"},{"nodeID":"1356685","text":"Anon: Pat Cullen: They have to ballot, and meet 50 per cent","type":"L","timestamp":"2023-11-09 14:19:24"},{"nodeID":"1356686","text":"Pat Cullen: there's other thresholds that we have to meet after that","type":"L","timestamp":"2023-11-09 14:19:25"},{"nodeID":"1356687","text":"Anon: Pat Cullen: there's other thresholds that we have to meet after that","type":"L","timestamp":"2023-11-09 14:19:25"},{"nodeID":"1356688","text":"Pat Cullen: we started today with 46 organisations","type":"L","timestamp":"2023-11-09 14:19:26"},{"nodeID":"1356689","text":"Anon: Pat Cullen: we started today with 46 organisations","type":"L","timestamp":"2023-11-09 14:19:26"},{"nodeID":"1356690","text":"Pat Cullen: why did we do that","type":"L","timestamp":"2023-11-09 14:19:27"},{"nodeID":"1356691","text":"Anon: Pat Cullen: why did we do that","type":"L","timestamp":"2023-11-09 14:19:27"},{"nodeID":"1356692","text":"Pat Cullen: we wanted to make sure that we manage this strike safely, and effectively, for every patient, the people that I'm speaking with here tonight in this room, and every other patient in England, and Wales, and Northern Ireland","type":"L","timestamp":"2023-11-09 14:19:28"},{"nodeID":"1356693","text":"Anon: Pat Cullen: we wanted to make sure that we manage this strike safely, and effectively, for every patient, the people that I'm speaking with here tonight in this room, and every other patient in England, and Wales, and Northern Ireland","type":"L","timestamp":"2023-11-09 14:19:28"},{"nodeID":"1356694","text":"Pat Cullen: time moves on, we understand","type":"L","timestamp":"2023-11-09 14:19:28"},{"nodeID":"1356695","text":"Anon: Pat Cullen: time moves on, we understand","type":"L","timestamp":"2023-11-09 14:19:28"},{"nodeID":"1356696","text":"Pat Cullen: this Government doesn't speak to us, and doesn't get into a room","type":"L","timestamp":"2023-11-09 14:19:29"},{"nodeID":"1356697","text":"Anon: Pat Cullen: this Government doesn't speak to us, and doesn't get into a room","type":"L","timestamp":"2023-11-09 14:19:29"},{"nodeID":"1356698","text":"Pat Cullen: this will escalate","type":"L","timestamp":"2023-11-09 14:19:30"},{"nodeID":"1356699","text":"Anon: Pat Cullen: this will escalate","type":"L","timestamp":"2023-11-09 14:19:30"},{"nodeID":"1356700","text":"Pat Cullen: every single one of those 320,000 nurses deserve better","type":"L","timestamp":"2023-11-09 14:19:31"},{"nodeID":"1356701","text":"Anon: Pat Cullen: every single one of those 320,000 nurses deserve better","type":"L","timestamp":"2023-11-09 14:19:31"},{"nodeID":"1356702","text":"Pat Cullen: it is a well-known fact","type":"L","timestamp":"2023-11-09 14:19:32"},{"nodeID":"1356703","text":"Anon: Pat Cullen: it is a well-known fact","type":"L","timestamp":"2023-11-09 14:19:32"},{"nodeID":"1356704","text":"Pat Cullen: I have walked the breadth and depth of this country","type":"L","timestamp":"2023-11-09 14:19:32"},{"nodeID":"1356705","text":"Anon: Pat Cullen: I have walked the breadth and depth of this country","type":"L","timestamp":"2023-11-09 14:19:32"},{"nodeID":"1356706","text":"Pat Cullen: speaking to thousands and thousands of nurses before this ballot started","type":"L","timestamp":"2023-11-09 14:19:33"},{"nodeID":"1356707","text":"Anon: Pat Cullen: speaking to thousands and thousands of nurses before this ballot started","type":"L","timestamp":"2023-11-09 14:19:33"},{"nodeID":"1356708","text":"Pat Cullen: some of those nurses took me and showed me the foodbanks that they're using in the evenings","type":"L","timestamp":"2023-11-09 14:19:34"},{"nodeID":"1356709","text":"Anon: Pat Cullen: some of those nurses took me and showed me the foodbanks that they're using in the evenings","type":"L","timestamp":"2023-11-09 14:19:34"},{"nodeID":"1356710","text":"Pat Cullen: Some of them also took me, and said to me privately, when the patients finish their dinners, we take what's left","type":"L","timestamp":"2023-11-09 14:19:35"},{"nodeID":"1356711","text":"Anon: Pat Cullen: Some of them also took me, and said to me privately, when the patients finish their dinners, we take what's left","type":"L","timestamp":"2023-11-09 14:19:35"},{"nodeID":"1356712","text":"Nurses  : when the patients finish their dinners, we take what's left","type":"L","timestamp":"2023-11-09 14:19:35"},{"nodeID":"1356713","text":"Anon: Nurses  : Some of them also took me, and said to me privately, when the patients finish their dinners, we take what's left","type":"L","timestamp":"2023-11-09 14:19:35"},{"nodeID":"1356714","text":"Pat Cullen: we can't afford to eat","type":"L","timestamp":"2023-11-09 14:19:36"},{"nodeID":"1356715","text":"Anon: Pat Cullen: we can't afford to eat","type":"L","timestamp":"2023-11-09 14:19:36"},{"nodeID":"1356716","text":"Nurses  : we can't afford to eat","type":"L","timestamp":"2023-11-09 14:19:36"},{"nodeID":"1356717","text":"Anon: Nurses  : we can't afford to eat","type":"L","timestamp":"2023-11-09 14:19:36"},{"nodeID":"1356718","text":"Pat Cullen: We have a heavy and over-reliance on international nurses","type":"L","timestamp":"2023-11-09 14:19:36"},{"nodeID":"1356719","text":"Anon: Pat Cullen: We have a heavy and over-reliance on international nurses","type":"L","timestamp":"2023-11-09 14:19:36"},{"nodeID":"1356720","text":"Pat Cullen: Bringing in nurses from what's known as red list countries","type":"L","timestamp":"2023-11-09 14:19:37"},{"nodeID":"1356721","text":"Anon: Pat Cullen: Bringing in nurses from what's known as red list countries","type":"L","timestamp":"2023-11-09 14:19:37"},{"nodeID":"1356722","text":"Pat Cullen:  that\u2019s ethically and morally wrong","type":"L","timestamp":"2023-11-09 14:19:38"},{"nodeID":"1356723","text":"Anon: Pat Cullen:  that\u2019s ethically and morally wrong","type":"L","timestamp":"2023-11-09 14:19:38"},{"nodeID":"1356724","text":"the UK Government should or should not be negotiating with trade unions in Wales","type":"I","timestamp":"2023-11-09 14:19:40"},{"nodeID":"1356725","text":"Fiona Bruce: Should they be doing that in Wales","type":"L","timestamp":"2023-11-09 14:19:40"},{"nodeID":"1356726","text":"Fyfe: Fiona Bruce: Should they be doing that in Wales","type":"L","timestamp":"2023-11-09 14:19:40"},{"nodeID":"1356727","text":"the UK Government should be negotiating with trade unions in Wales","type":"I","timestamp":"2023-11-09 14:19:40"},{"nodeID":"1356728","text":"Shabana Mahmood:  there's got to be negotiations everywhere","type":"L","timestamp":"2023-11-09 14:19:40"},{"nodeID":"1356729","text":"Fyfe: Shabana Mahmood:  there's got to be negotiations everywhere","type":"L","timestamp":"2023-11-09 14:19:40"},{"nodeID":"1356730","text":"in the end, nurse strikes come down to the Health Secretary of the UK Government","type":"I","timestamp":"2023-11-09 14:19:41"},{"nodeID":"1356731","text":"Shabana Mahmood:  in the end, it comes down to the Health Secretary of the UK Government","type":"L","timestamp":"2023-11-09 14:19:41"},{"nodeID":"1356732","text":"Fyfe: Shabana Mahmood:  in the end, it comes down to the Health Secretary of the UK Government","type":"L","timestamp":"2023-11-09 14:19:41"},{"nodeID":"1356733","text":"the Health Secretary of the UK government is making the decisions about funding, which are then sent out to the devolved administrations, in Scotland, or in Wales","type":"I","timestamp":"2023-11-09 14:19:42"},{"nodeID":"1356734","text":"Shabana Mahmood: who are making the decisions about funding, which are then sent out to the devolved administrations, in Scotland, or in Wales","type":"L","timestamp":"2023-11-09 14:19:42"},{"nodeID":"1356735","text":"Fyfe: Shabana Mahmood: who are making the decisions about funding, which are then sent out to the devolved administrations, in Scotland, or in Wales","type":"L","timestamp":"2023-11-09 14:19:42"},{"nodeID":"1356736","text":"there's just simply no excuse for Steve Barclay, the Health Secretary, or in fact the Prime Minister himself, for not rolling up their sleeves, and doing the hard yards of what Government actually involves -- which is negotiating, and getting a deal","type":"I","timestamp":"2023-11-09 14:19:43"},{"nodeID":"1356737","text":"Shabana Mahmood:  there's just simply no excuse for Steve Barclay, the Health Secretary, or in fact the Prime Minister himself, for not rolling up their sleeves, and doing the hard yards of what Government actually involves. Which is negotiating, and getting a deal","type":"L","timestamp":"2023-11-09 14:19:43"},{"nodeID":"1356738","text":"Fyfe: Shabana Mahmood:  there's just simply no excuse for Steve Barclay, the Health Secretary, or in fact the Prime Minister himself, for not rolling up their sleeves, and doing the hard yards of what Government actually involves. Which is negotiating, and getting a deal","type":"L","timestamp":"2023-11-09 14:19:43"},{"nodeID":"1356739","text":"it's not enough for Jacob Rees-Mogg, and other Tories, to basically hide behind the independent pay review bodies","type":"I","timestamp":"2023-11-09 14:19:44"},{"nodeID":"1356740","text":"Shabana Mahmood: it's not enough for Jacob, and other Tories, to basically hide behind the independent pay review bodies","type":"L","timestamp":"2023-11-09 14:19:44"},{"nodeID":"1356741","text":"Fyfe: Shabana Mahmood: it's not enough for Jacob, and other Tories, to basically hide behind the independent pay review bodies","type":"L","timestamp":"2023-11-09 14:19:44"},{"nodeID":"1356742","text":"Tories hiding behind pay review bodies is just a convenient excuse","type":"I","timestamp":"2023-11-09 14:19:44"},{"nodeID":"1356743","text":"Shabana Mahmood: That\u2019s just a convenient excuse","type":"L","timestamp":"2023-11-09 14:19:44"},{"nodeID":"1356744","text":"Fyfe: Shabana Mahmood: That\u2019s just a convenient excuse","type":"L","timestamp":"2023-11-09 14:19:44"},{"nodeID":"1356745","text":"Tories can set aside what the independent pay review bodies have said","type":"I","timestamp":"2023-11-09 14:19:45"},{"nodeID":"1356746","text":"Shabana Mahmood:  You can set aside what the independent pay review bodies have said","type":"L","timestamp":"2023-11-09 14:19:45"},{"nodeID":"1356747","text":"Fyfe: Shabana Mahmood:  You can set aside what the independent pay review bodies have said","type":"L","timestamp":"2023-11-09 14:19:45"},{"nodeID":"1356748","text":"if you're the Government, it's your job to sort that out","type":"I","timestamp":"2023-11-09 14:19:46"},{"nodeID":"1356749","text":"Shabana Mahmood: If you're the Government, it's your job to sort that out","type":"L","timestamp":"2023-11-09 14:19:46"},{"nodeID":"1356750","text":"Fyfe: Shabana Mahmood: If you're the Government, it's your job to sort that out","type":"L","timestamp":"2023-11-09 14:19:46"},{"nodeID":"1356751","text":"Tories know there's going to be a strike","type":"I","timestamp":"2023-11-09 14:19:47"},{"nodeID":"1356752","text":"Shabana Mahmood: you know there's going to be a strike","type":"L","timestamp":"2023-11-09 14:19:47"},{"nodeID":"1356753","text":"Fyfe: Shabana Mahmood: you know there's going to be a strike","type":"L","timestamp":"2023-11-09 14:19:47"},{"nodeID":"1356754","text":"Tories know that the NHS is going to have more cancelled operations, and more patients let down","type":"I","timestamp":"2023-11-09 14:19:48"},{"nodeID":"1356755","text":"Shabana Mahmood: you know that the NHS, which is already struggling, is going to have more cancelled operations, and more patients let down","type":"L","timestamp":"2023-11-09 14:19:48"},{"nodeID":"1356756","text":"Fyfe: Shabana Mahmood: you know that the NHS, which is already struggling, is going to have more cancelled operations, and more patients let down","type":"L","timestamp":"2023-11-09 14:19:48"},{"nodeID":"1356757","text":"the NHS is already struggling","type":"I","timestamp":"2023-11-09 14:19:48"},{"nodeID":"1356758","text":"Shabana Mahmood: which is already struggling","type":"L","timestamp":"2023-11-09 14:19:48"},{"nodeID":"1356759","text":"Anon: Shabana Mahmood: which is already struggling","type":"L","timestamp":"2023-11-09 14:19:48"},{"nodeID":"1356760","text":"Analysing","type":"YA","timestamp":"2023-11-09 14:19:48"},{"nodeID":"1356761","text":"Pure Questioning","type":"YA","timestamp":"2023-11-09 14:19:48"},{"nodeID":"1356762","text":"Analysing","type":"YA","timestamp":"2023-11-09 14:19:48"},{"nodeID":"1356763","text":"Asserting","type":"YA","timestamp":"2023-11-09 14:19:48"},{"nodeID":"1356764","text":"Default Transition","type":"TA","timestamp":"2023-11-09 14:19:48"},{"nodeID":"1356765","text":"Default Rephrase","type":"MA","timestamp":"2023-11-09 14:19:48"},{"nodeID":"1356766","text":"Default Illocuting","type":"YA","timestamp":"2023-11-09 14:19:48"},{"nodeID":"1356767","text":"Analysing","type":"YA","timestamp":"2023-11-09 14:19:48"},{"nodeID":"1356768","text":"Asserting","type":"YA","timestamp":"2023-11-09 14:19:48"},{"nodeID":"1356769","text":"Default Transition","type":"TA","timestamp":"2023-11-09 14:19:48"},{"nodeID":"1356770","text":"Analysing","type":"YA","timestamp":"2023-11-09 14:19:48"},{"nodeID":"1356771","text":"Asserting","type":"YA","timestamp":"2023-11-09 14:19:48"},{"nodeID":"1356772","text":"Default Transition","type":"TA","timestamp":"2023-11-09 14:19:48"},{"nodeID":"1356773","text":"Default Inference","type":"RA","timestamp":"2023-11-09 14:19:48"},{"nodeID":"1356774","text":"Arguing","type":"YA","timestamp":"2023-11-09 14:19:48"},{"nodeID":"1356775","text":"Analysing","type":"YA","timestamp":"2023-11-09 14:19:48"},{"nodeID":"1356776","text":"Asserting","type":"YA","timestamp":"2023-11-09 14:19:48"},{"nodeID":"1356777","text":"Default Transition","type":"TA","timestamp":"2023-11-09 14:19:48"},{"nodeID":"1356778","text":"Analysing","type":"YA","timestamp":"2023-11-09 14:19:48"},{"nodeID":"1356779","text":"Asserting","type":"YA","timestamp":"2023-11-09 14:19:48"},{"nodeID":"1356780","text":"Default Transition","type":"TA","timestamp":"2023-11-09 14:19:48"},{"nodeID":"1356781","text":"Analysing","type":"YA","timestamp":"2023-11-09 14:19:48"},{"nodeID":"1356782","text":"Asserting","type":"YA","timestamp":"2023-11-09 14:19:48"},{"nodeID":"1356783","text":"Default Transition","type":"TA","timestamp":"2023-11-09 14:19:48"},{"nodeID":"1356784","text":"Default Rephrase","type":"MA","timestamp":"2023-11-09 14:19:48"},{"nodeID":"1356785","text":"Restating","type":"YA","timestamp":"2023-11-09 14:19:48"},{"nodeID":"1356786","text":"Analysing","type":"YA","timestamp":"2023-11-09 14:19:48"},{"nodeID":"1356787","text":"Asserting","type":"YA","timestamp":"2023-11-09 14:19:48"},{"nodeID":"1356788","text":"Default Transition","type":"TA","timestamp":"2023-11-09 14:19:48"},{"nodeID":"1356789","text":"Default Transition","type":"TA","timestamp":"2023-11-09 14:19:48"},{"nodeID":"1356790","text":"Default Rephrase","type":"MA","timestamp":"2023-11-09 14:19:48"},{"nodeID":"1356791","text":"Restating","type":"YA","timestamp":"2023-11-09 14:19:48"},{"nodeID":"1356792","text":"Analysing","type":"YA","timestamp":"2023-11-09 14:19:48"},{"nodeID":"1356793","text":"Asserting","type":"YA","timestamp":"2023-11-09 14:19:48"},{"nodeID":"1356794","text":"Default Rephrase","type":"MA","timestamp":"2023-11-09 14:19:48"},{"nodeID":"1356795","text":"Default Transition","type":"TA","timestamp":"2023-11-09 14:19:48"},{"nodeID":"1356796","text":"Restating","type":"YA","timestamp":"2023-11-09 14:19:48"},{"nodeID":"1356797","text":"Analysing","type":"YA","timestamp":"2023-11-09 14:19:48"},{"nodeID":"1356798","text":"Asserting","type":"YA","timestamp":"2023-11-09 14:19:48"},{"nodeID":"1356799","text":"Default Transition","type":"TA","timestamp":"2023-11-09 14:19:48"},{"nodeID":"1356800","text":"Analysing","type":"YA","timestamp":"2023-11-09 14:19:48"},{"nodeID":"1356801","text":"Asserting","type":"YA","timestamp":"2023-11-09 14:19:48"},{"nodeID":"1356802","text":"Default Transition","type":"TA","timestamp":"2023-11-09 14:19:48"},{"nodeID":"1356803","text":"Default Transition","type":"TA","timestamp":"2023-11-09 14:19:48"},{"nodeID":"1356804","text":"Default Rephrase","type":"MA","timestamp":"2023-11-09 14:19:48"},{"nodeID":"1356805","text":"Default Inference","type":"RA","timestamp":"2023-11-09 14:19:48"},{"nodeID":"1356806","text":"Default Transition","type":"TA","timestamp":"2023-11-09 14:19:48"},{"nodeID":"1356807","text":"Arguing","type":"YA","timestamp":"2023-11-09 14:19:48"},{"nodeID":"1356808","text":"Restating","type":"YA","timestamp":"2023-11-09 14:19:48"},{"nodeID":"1356809","text":"Analysing","type":"YA","timestamp":"2023-11-09 14:19:48"},{"nodeID":"1356810","text":"Asserting","type":"YA","timestamp":"2023-11-09 14:19:48"},{"nodeID":"1356811","text":"Default Transition","type":"TA","timestamp":"2023-11-09 14:19:48"},{"nodeID":"1356812","text":"Default Inference","type":"RA","timestamp":"2023-11-09 14:19:48"},{"nodeID":"1356813","text":"Arguing","type":"YA","timestamp":"2023-11-09 14:19:48"},{"nodeID":"1356814","text":"Analysing","type":"YA","timestamp":"2023-11-09 14:19:48"},{"nodeID":"1356815","text":"Asserting","type":"YA","timestamp":"2023-11-09 14:19:48"},{"nodeID":"1356816","text":"Analysing","type":"YA","timestamp":"2023-11-09 14:19:48"},{"nodeID":"1356817","text":"Asserting","type":"YA","timestamp":"2023-11-09 14:19:49"},{"nodeID":"1356818","text":"Default Transition","type":"TA","timestamp":"2023-11-09 14:19:49"},{"nodeID":"1356819","text":"Default Inference","type":"RA","timestamp":"2023-11-09 14:19:49"},{"nodeID":"1356820","text":"Arguing","type":"YA","timestamp":"2023-11-09 14:19:49"},{"nodeID":"1356821","text":"Analysing","type":"YA","timestamp":"2023-11-09 14:19:49"},{"nodeID":"1356822","text":"Asserting","type":"YA","timestamp":"2023-11-09 14:19:49"},{"nodeID":"1356823","text":"Default Transition","type":"TA","timestamp":"2023-11-09 14:19:49"},{"nodeID":"1356824","text":"Default Rephrase","type":"MA","timestamp":"2023-11-09 14:19:49"},{"nodeID":"1356825","text":"Restating","type":"YA","timestamp":"2023-11-09 14:19:49"},{"nodeID":"1356826","text":"Analysing","type":"YA","timestamp":"2023-11-09 14:19:49"},{"nodeID":"1356827","text":"Asserting","type":"YA","timestamp":"2023-11-09 14:19:49"},{"nodeID":"1356828","text":"Default Transition","type":"TA","timestamp":"2023-11-09 14:19:49"},{"nodeID":"1356829","text":"Default Rephrase","type":"MA","timestamp":"2023-11-09 14:19:49"},{"nodeID":"1356830","text":"Restating","type":"YA","timestamp":"2023-11-09 14:19:49"},{"nodeID":"1356831","text":"Analysing","type":"YA","timestamp":"2023-11-09 14:19:49"},{"nodeID":"1356832","text":"Pure Questioning","type":"YA","timestamp":"2023-11-09 14:19:49"},{"nodeID":"1356833","text":"Default Transition","type":"TA","timestamp":"2023-11-09 14:19:49"},{"nodeID":"1356834","text":"Analysing","type":"YA","timestamp":"2023-11-09 14:19:49"},{"nodeID":"1356835","text":"Pure Questioning","type":"YA","timestamp":"2023-11-09 14:19:49"},{"nodeID":"1356836","text":"Default Transition","type":"TA","timestamp":"2023-11-09 14:19:49"},{"nodeID":"1356837","text":"Default Rephrase","type":"MA","timestamp":"2023-11-09 14:19:49"},{"nodeID":"1356838","text":"Default Transition","type":"TA","timestamp":"2023-11-09 14:19:49"},{"nodeID":"1356839","text":"Restating","type":"YA","timestamp":"2023-11-09 14:19:49"},{"nodeID":"1356840","text":"Analysing","type":"YA","timestamp":"2023-11-09 14:19:49"},{"nodeID":"1356841","text":"Asserting","type":"YA","timestamp":"2023-11-09 14:19:49"},{"nodeID":"1356842","text":"Analysing","type":"YA","timestamp":"2023-11-09 14:19:49"},{"nodeID":"1356843","text":"Asserting","type":"YA","timestamp":"2023-11-09 14:19:49"},{"nodeID":"1356844","text":"Analysing","type":"YA","timestamp":"2023-11-09 14:19:49"},{"nodeID":"1356845","text":"Asserting","type":"YA","timestamp":"2023-11-09 14:19:49"},{"nodeID":"1356846","text":"Analysing","type":"YA","timestamp":"2023-11-09 14:19:49"},{"nodeID":"1356847","text":"Asserting","type":"YA","timestamp":"2023-11-09 14:19:49"},{"nodeID":"1356848","text":"Default Transition","type":"TA","timestamp":"2023-11-09 14:19:49"},{"nodeID":"1356849","text":"Default Transition","type":"TA","timestamp":"2023-11-09 14:19:49"},{"nodeID":"1356850","text":"Default Rephrase","type":"MA","timestamp":"2023-11-09 14:19:49"},{"nodeID":"1356851","text":"Restating","type":"YA","timestamp":"2023-11-09 14:19:49"},{"nodeID":"1356852","text":"Default Rephrase","type":"MA","timestamp":"2023-11-09 14:19:49"},{"nodeID":"1356853","text":"Default Transition","type":"TA","timestamp":"2023-11-09 14:19:49"},{"nodeID":"1356854","text":"Restating","type":"YA","timestamp":"2023-11-09 14:19:49"},{"nodeID":"1356855","text":"Analysing","type":"YA","timestamp":"2023-11-09 14:19:49"},{"nodeID":"1356856","text":"Asserting","type":"YA","timestamp":"2023-11-09 14:19:49"},{"nodeID":"1356857","text":"Analysing","type":"YA","timestamp":"2023-11-09 14:19:49"},{"nodeID":"1356858","text":"Asserting","type":"YA","timestamp":"2023-11-09 14:19:49"},{"nodeID":"1356859","text":"Analysing","type":"YA","timestamp":"2023-11-09 14:19:49"},{"nodeID":"1356860","text":"Asserting","type":"YA","timestamp":"2023-11-09 14:19:49"},{"nodeID":"1356861","text":"Analysing","type":"YA","timestamp":"2023-11-09 14:19:49"},{"nodeID":"1356862","text":"Asserting","type":"YA","timestamp":"2023-11-09 14:19:49"},{"nodeID":"1356863","text":"Default Rephrase","type":"MA","timestamp":"2023-11-09 14:19:49"},{"nodeID":"1356864","text":"Default Transition","type":"TA","timestamp":"2023-11-09 14:19:49"},{"nodeID":"1356865","text":"Restating","type":"YA","timestamp":"2023-11-09 14:19:49"},{"nodeID":"1356866","text":"Default Transition","type":"TA","timestamp":"2023-11-09 14:19:49"},{"nodeID":"1356867","text":"Default Inference","type":"RA","timestamp":"2023-11-09 14:19:49"},{"nodeID":"1356868","text":"Arguing","type":"YA","timestamp":"2023-11-09 14:19:49"},{"nodeID":"1356869","text":"Default Transition","type":"TA","timestamp":"2023-11-09 14:19:49"},{"nodeID":"1356870","text":"Default Transition","type":"TA","timestamp":"2023-11-09 14:19:49"},{"nodeID":"1356871","text":"Default Inference","type":"RA","timestamp":"2023-11-09 14:19:49"},{"nodeID":"1356872","text":"Arguing","type":"YA","timestamp":"2023-11-09 14:19:49"},{"nodeID":"1356873","text":"Analysing","type":"YA","timestamp":"2023-11-09 14:19:49"},{"nodeID":"1356874","text":"Asserting","type":"YA","timestamp":"2023-11-09 14:19:49"},{"nodeID":"1356875","text":"Default Transition","type":"TA","timestamp":"2023-11-09 14:19:49"},{"nodeID":"1356876","text":"Analysing","type":"YA","timestamp":"2023-11-09 14:19:49"},{"nodeID":"1356877","text":"Pure Questioning","type":"YA","timestamp":"2023-11-09 14:19:49"},{"nodeID":"1356878","text":"Analysing","type":"YA","timestamp":"2023-11-09 14:19:49"},{"nodeID":"1356879","text":"Asserting","type":"YA","timestamp":"2023-11-09 14:19:49"},{"nodeID":"1356880","text":"Analysing","type":"YA","timestamp":"2023-11-09 14:19:49"},{"nodeID":"1356881","text":"Asserting","type":"YA","timestamp":"2023-11-09 14:19:49"},{"nodeID":"1356882","text":"Analysing","type":"YA","timestamp":"2023-11-09 14:19:49"},{"nodeID":"1356883","text":"Asserting","type":"YA","timestamp":"2023-11-09 14:19:49"},{"nodeID":"1356884","text":"Default Transition","type":"TA","timestamp":"2023-11-09 14:19:49"},{"nodeID":"1356885","text":"Analysing","type":"YA","timestamp":"2023-11-09 14:19:49"},{"nodeID":"1356886","text":"Asserting","type":"YA","timestamp":"2023-11-09 14:19:49"},{"nodeID":"1356887","text":"Default Rephrase","type":"MA","timestamp":"2023-11-09 14:19:49"},{"nodeID":"1356888","text":"Default Transition","type":"TA","timestamp":"2023-11-09 14:19:49"},{"nodeID":"1356889","text":"Restating","type":"YA","timestamp":"2023-11-09 14:19:49"},{"nodeID":"1356890","text":"Default Transition","type":"TA","timestamp":"2023-11-09 14:19:49"},{"nodeID":"1356891","text":"Default Conflict","type":"CA","timestamp":"2023-11-09 14:19:49"},{"nodeID":"1356892","text":"Disagreeing","type":"YA","timestamp":"2023-11-09 14:19:49"},{"nodeID":"1356893","text":"Analysing","type":"YA","timestamp":"2023-11-09 14:19:49"},{"nodeID":"1356894","text":"Asserting","type":"YA","timestamp":"2023-11-09 14:19:49"},{"nodeID":"1356895","text":"Analysing","type":"YA","timestamp":"2023-11-09 14:19:49"},{"nodeID":"1356896","text":"Asserting","type":"YA","timestamp":"2023-11-09 14:19:49"},{"nodeID":"1356897","text":"Default Transition","type":"TA","timestamp":"2023-11-09 14:19:49"},{"nodeID":"1356898","text":"Default Inference","type":"RA","timestamp":"2023-11-09 14:19:49"},{"nodeID":"1356899","text":"Default Transition","type":"TA","timestamp":"2023-11-09 14:19:49"},{"nodeID":"1356900","text":"Arguing","type":"YA","timestamp":"2023-11-09 14:19:49"},{"nodeID":"1356901","text":"Default Transition","type":"TA","timestamp":"2023-11-09 14:19:49"},{"nodeID":"1356902","text":"Analysing","type":"YA","timestamp":"2023-11-09 14:19:49"},{"nodeID":"1356903","text":"Asserting","type":"YA","timestamp":"2023-11-09 14:19:49"},{"nodeID":"1356904","text":"Analysing","type":"YA","timestamp":"2023-11-09 14:19:49"},{"nodeID":"1356905","text":"Asserting","type":"YA","timestamp":"2023-11-09 14:19:49"},{"nodeID":"1356906","text":"Default Transition","type":"TA","timestamp":"2023-11-09 14:19:49"},{"nodeID":"1356907","text":"Default Rephrase","type":"MA","timestamp":"2023-11-09 14:19:49"},{"nodeID":"1356908","text":"Restating","type":"YA","timestamp":"2023-11-09 14:19:49"},{"nodeID":"1356909","text":"Analysing","type":"YA","timestamp":"2023-11-09 14:19:49"},{"nodeID":"1356910","text":"Asserting","type":"YA","timestamp":"2023-11-09 14:19:49"},{"nodeID":"1356911","text":"Default Transition","type":"TA","timestamp":"2023-11-09 14:19:49"},{"nodeID":"1356912","text":"Analysing","type":"YA","timestamp":"2023-11-09 14:19:49"},{"nodeID":"1356913","text":"Asserting","type":"YA","timestamp":"2023-11-09 14:19:49"},{"nodeID":"1356914","text":"Default Inference","type":"RA","timestamp":"2023-11-09 14:19:49"},{"nodeID":"1356915","text":"Default Transition","type":"TA","timestamp":"2023-11-09 14:19:49"},{"nodeID":"1356916","text":"Arguing","type":"YA","timestamp":"2023-11-09 14:19:49"},{"nodeID":"1356917","text":"Analysing","type":"YA","timestamp":"2023-11-09 14:19:49"},{"nodeID":"1356918","text":"Asserting","type":"YA","timestamp":"2023-11-09 14:19:49"},{"nodeID":"1356919","text":"Default Transition","type":"TA","timestamp":"2023-11-09 14:19:49"},{"nodeID":"1356920","text":"Analysing","type":"YA","timestamp":"2023-11-09 14:19:49"},{"nodeID":"1356921","text":"Pure Questioning","type":"YA","timestamp":"2023-11-09 14:19:49"},{"nodeID":"1356922","text":"Default Transition","type":"TA","timestamp":"2023-11-09 14:19:49"},{"nodeID":"1356923","text":"Default Rephrase","type":"MA","timestamp":"2023-11-09 14:19:49"},{"nodeID":"1356924","text":"Restating","type":"YA","timestamp":"2023-11-09 14:19:49"},{"nodeID":"1356925","text":"Analysing","type":"YA","timestamp":"2023-11-09 14:19:49"},{"nodeID":"1356926","text":"Asserting","type":"YA","timestamp":"2023-11-09 14:19:49"},{"nodeID":"1356927","text":"Default Transition","type":"TA","timestamp":"2023-11-09 14:19:49"},{"nodeID":"1356928","text":"Default Rephrase","type":"MA","timestamp":"2023-11-09 14:19:49"},{"nodeID":"1356929","text":"Default Illocuting","type":"YA","timestamp":"2023-11-09 14:19:49"},{"nodeID":"1356930","text":"Analysing","type":"YA","timestamp":"2023-11-09 14:19:49"},{"nodeID":"1356931","text":"Asserting","type":"YA","timestamp":"2023-11-09 14:19:49"},{"nodeID":"1356932","text":"Default Transition","type":"TA","timestamp":"2023-11-09 14:19:49"},{"nodeID":"1356933","text":"Default Inference","type":"RA","timestamp":"2023-11-09 14:19:49"},{"nodeID":"1356934","text":"Arguing","type":"YA","timestamp":"2023-11-09 14:19:49"},{"nodeID":"1356935","text":"Analysing","type":"YA","timestamp":"2023-11-09 14:19:49"},{"nodeID":"1356936","text":"Asserting","type":"YA","timestamp":"2023-11-09 14:19:49"},{"nodeID":"1356937","text":"Analysing","type":"YA","timestamp":"2023-11-09 14:19:49"},{"nodeID":"1356938","text":"Asserting","type":"YA","timestamp":"2023-11-09 14:19:49"},{"nodeID":"1356939","text":"Default Transition","type":"TA","timestamp":"2023-11-09 14:19:49"},{"nodeID":"1356940","text":"Default Inference","type":"RA","timestamp":"2023-11-09 14:19:49"},{"nodeID":"1356941","text":"Arguing","type":"YA","timestamp":"2023-11-09 14:19:49"},{"nodeID":"1356942","text":"Default Inference","type":"RA","timestamp":"2023-11-09 14:19:49"},{"nodeID":"1356943","text":"Default Transition","type":"TA","timestamp":"2023-11-09 14:19:49"},{"nodeID":"1356944","text":"Arguing","type":"YA","timestamp":"2023-11-09 14:19:49"},{"nodeID":"1356945","text":"Default Transition","type":"TA","timestamp":"2023-11-09 14:19:49"},{"nodeID":"1356946","text":"Analysing","type":"YA","timestamp":"2023-11-09 14:19:49"},{"nodeID":"1356947","text":"Asserting","type":"YA","timestamp":"2023-11-09 14:19:49"},{"nodeID":"1356948","text":"Analysing","type":"YA","timestamp":"2023-11-09 14:19:49"},{"nodeID":"1356949","text":"Asserting","type":"YA","timestamp":"2023-11-09 14:19:49"},{"nodeID":"1356950","text":"Analysing","type":"YA","timestamp":"2023-11-09 14:19:49"},{"nodeID":"1356951","text":"Asserting","type":"YA","timestamp":"2023-11-09 14:19:49"},{"nodeID":"1356952","text":"Default Transition","type":"TA","timestamp":"2023-11-09 14:19:49"},{"nodeID":"1356953","text":"Default Rephrase","type":"MA","timestamp":"2023-11-09 14:19:49"},{"nodeID":"1356954","text":"Restating","type":"YA","timestamp":"2023-11-09 14:19:49"},{"nodeID":"1356955","text":"Analysing","type":"YA","timestamp":"2023-11-09 14:19:49"},{"nodeID":"1356956","text":"Asserting","type":"YA","timestamp":"2023-11-09 14:19:49"},{"nodeID":"1356957","text":"Default Transition","type":"TA","timestamp":"2023-11-09 14:19:49"},{"nodeID":"1356958","text":"Default Transition","type":"TA","timestamp":"2023-11-09 14:19:49"},{"nodeID":"1356959","text":"Analysing","type":"YA","timestamp":"2023-11-09 14:19:49"},{"nodeID":"1356960","text":"Asserting","type":"YA","timestamp":"2023-11-09 14:19:49"},{"nodeID":"1356961","text":"Default Transition","type":"TA","timestamp":"2023-11-09 14:19:49"},{"nodeID":"1356962","text":"Analysing","type":"YA","timestamp":"2023-11-09 14:19:49"},{"nodeID":"1356963","text":"Analysing","type":"YA","timestamp":"2023-11-09 14:19:49"},{"nodeID":"1356964","text":"Default Transition","type":"TA","timestamp":"2023-11-09 14:19:49"},{"nodeID":"1356965","text":"Asserting","type":"YA","timestamp":"2023-11-09 14:19:49"},{"nodeID":"1356966","text":"Asserting","type":"YA","timestamp":"2023-11-09 14:19:49"},{"nodeID":"1356967","text":"Analysing","type":"YA","timestamp":"2023-11-09 14:19:49"},{"nodeID":"1356968","text":"Analysing","type":"YA","timestamp":"2023-11-09 14:19:49"},{"nodeID":"1356969","text":"Default Transition","type":"TA","timestamp":"2023-11-09 14:19:49"},{"nodeID":"1356970","text":"Asserting","type":"YA","timestamp":"2023-11-09 14:19:49"},{"nodeID":"1356971","text":"Asserting","type":"YA","timestamp":"2023-11-09 14:19:49"},{"nodeID":"1356972","text":"Analysing","type":"YA","timestamp":"2023-11-09 14:19:49"},{"nodeID":"1356973","text":"Asserting","type":"YA","timestamp":"2023-11-09 14:19:49"},{"nodeID":"1356974","text":"Default Transition","type":"TA","timestamp":"2023-11-09 14:19:49"},{"nodeID":"1356975","text":"Analysing","type":"YA","timestamp":"2023-11-09 14:19:49"},{"nodeID":"1356976","text":"Default Transition","type":"TA","timestamp":"2023-11-09 14:19:49"},{"nodeID":"1356977","text":"Default Inference","type":"RA","timestamp":"2023-11-09 14:19:49"},{"nodeID":"1356978","text":"Arguing","type":"YA","timestamp":"2023-11-09 14:19:49"},{"nodeID":"1356979","text":"Default Inference","type":"RA","timestamp":"2023-11-09 14:19:49"},{"nodeID":"1356980","text":"Arguing","type":"YA","timestamp":"2023-11-09 14:19:49"},{"nodeID":"1356981","text":"Default Transition","type":"TA","timestamp":"2023-11-09 14:19:49"},{"nodeID":"1356982","text":"Default Transition","type":"TA","timestamp":"2023-11-09 14:19:49"},{"nodeID":"1356983","text":"Analysing","type":"YA","timestamp":"2023-11-09 14:19:49"},{"nodeID":"1356984","text":"Restating","type":"YA","timestamp":"2023-11-09 14:19:49"},{"nodeID":"1356985","text":"Asserting","type":"YA","timestamp":"2023-11-09 14:19:49"},{"nodeID":"1356986","text":"Default Rephrase","type":"MA","timestamp":"2023-11-09 14:19:49"},{"nodeID":"1356987","text":"Restating","type":"YA","timestamp":"2023-11-09 14:19:49"},{"nodeID":"1356988","text":"Default Rephrase","type":"MA","timestamp":"2023-11-09 14:19:49"},{"nodeID":"1356989","text":"Asserting","type":"YA","timestamp":"2023-11-09 14:19:49"},{"nodeID":"1356990","text":"Default Inference","type":"RA","timestamp":"2023-11-09 14:19:49"},{"nodeID":"1356991","text":"Asserting","type":"YA","timestamp":"2023-11-09 14:19:49"},{"nodeID":"1356992","text":"Default Rephrase","type":"MA","timestamp":"2023-11-09 14:19:49"},{"nodeID":"1356993","text":"Restating","type":"YA","timestamp":"2023-11-09 14:19:49"},{"nodeID":"1356994","text":"Default Transition","type":"TA","timestamp":"2023-11-09 14:19:49"},{"nodeID":"1356995","text":"Asserting","type":"YA","timestamp":"2023-11-09 14:19:49"}],"edges":[{"edgeID":"1776174","fromID":"1356760","toID":"1356725","formEdgeID":null},{"edgeID":"1776175","fromID":"1356726","toID":"1356760","formEdgeID":null},{"edgeID":"1776176","fromID":"1356725","toID":"1356761","formEdgeID":null},{"edgeID":"1776177","fromID":"1356761","toID":"1356724","formEdgeID":null},{"edgeID":"1776178","fromID":"1356729","toID":"1356762","formEdgeID":null},{"edgeID":"1776179","fromID":"1356762","toID":"1356728","formEdgeID":null},{"edgeID":"1776180","fromID":"1356728","toID":"1356763","formEdgeID":null},{"edgeID":"1776181","fromID":"1356763","toID":"1356727","formEdgeID":null},{"edgeID":"1776182","fromID":"1356725","toID":"1356764","formEdgeID":null},{"edgeID":"1776183","fromID":"1356764","toID":"1356728","formEdgeID":null},{"edgeID":"1776184","fromID":"1356727","toID":"1356765","formEdgeID":null},{"edgeID":"1776185","fromID":"1356765","toID":"1356724","formEdgeID":null},{"edgeID":"1776186","fromID":"1356764","toID":"1356766","formEdgeID":null},{"edgeID":"1776187","fromID":"1356766","toID":"1356765","formEdgeID":null},{"edgeID":"1776188","fromID":"1356732","toID":"1356767","formEdgeID":null},{"edgeID":"1776189","fromID":"1356767","toID":"1356731","formEdgeID":null},{"edgeID":"1776190","fromID":"1356731","toID":"1356768","formEdgeID":null},{"edgeID":"1776191","fromID":"1356768","toID":"1356730","formEdgeID":null},{"edgeID":"1776192","fromID":"1356728","toID":"1356769","formEdgeID":null},{"edgeID":"1776193","fromID":"1356769","toID":"1356731","formEdgeID":null},{"edgeID":"1776194","fromID":"1356770","toID":"1356734","formEdgeID":null},{"edgeID":"1776195","fromID":"1356735","toID":"1356770","formEdgeID":null},{"edgeID":"1776196","fromID":"1356734","toID":"1356771","formEdgeID":null},{"edgeID":"1776197","fromID":"1356771","toID":"1356733","formEdgeID":null},{"edgeID":"1776198","fromID":"1356731","toID":"1356772","formEdgeID":null},{"edgeID":"1776199","fromID":"1356772","toID":"1356734","formEdgeID":null},{"edgeID":"1776200","fromID":"1356773","toID":"1356730","formEdgeID":null},{"edgeID":"1776201","fromID":"1356733","toID":"1356773","formEdgeID":null},{"edgeID":"1776202","fromID":"1356772","toID":"1356774","formEdgeID":null},{"edgeID":"1776203","fromID":"1356774","toID":"1356773","formEdgeID":null},{"edgeID":"1776204","fromID":"1356775","toID":"1356737","formEdgeID":null},{"edgeID":"1776205","fromID":"1356738","toID":"1356775","formEdgeID":null},{"edgeID":"1776206","fromID":"1356776","toID":"1356736","formEdgeID":null},{"edgeID":"1776207","fromID":"1356737","toID":"1356776","formEdgeID":null},{"edgeID":"1776208","fromID":"1356777","toID":"1356737","formEdgeID":null},{"edgeID":"1776209","fromID":"1356734","toID":"1356777","formEdgeID":null},{"edgeID":"1776210","fromID":"1356778","toID":"1356740","formEdgeID":null},{"edgeID":"1776211","fromID":"1356741","toID":"1356778","formEdgeID":null},{"edgeID":"1776212","fromID":"1356740","toID":"1356779","formEdgeID":null},{"edgeID":"1776213","fromID":"1356779","toID":"1356739","formEdgeID":null},{"edgeID":"1776214","fromID":"1356737","toID":"1356780","formEdgeID":null},{"edgeID":"1776215","fromID":"1356780","toID":"1356740","formEdgeID":null},{"edgeID":"1776216","fromID":"1356744","toID":"1356781","formEdgeID":null},{"edgeID":"1776217","fromID":"1356781","toID":"1356743","formEdgeID":null},{"edgeID":"1776218","fromID":"1356743","toID":"1356782","formEdgeID":null},{"edgeID":"1776219","fromID":"1356782","toID":"1356742","formEdgeID":null},{"edgeID":"1776220","fromID":"1356783","toID":"1356743","formEdgeID":null},{"edgeID":"1776221","fromID":"1356740","toID":"1356783","formEdgeID":null},{"edgeID":"1776222","fromID":"1356742","toID":"1356784","formEdgeID":null},{"edgeID":"1776223","fromID":"1356784","toID":"1356739","formEdgeID":null},{"edgeID":"1776224","fromID":"1356783","toID":"1356785","formEdgeID":null},{"edgeID":"1776225","fromID":"1356785","toID":"1356784","formEdgeID":null},{"edgeID":"1776226","fromID":"1356747","toID":"1356786","formEdgeID":null},{"edgeID":"1776227","fromID":"1356786","toID":"1356746","formEdgeID":null},{"edgeID":"1776228","fromID":"1356746","toID":"1356787","formEdgeID":null},{"edgeID":"1776229","fromID":"1356787","toID":"1356745","formEdgeID":null},{"edgeID":"1776230","fromID":"1356743","toID":"1356788","formEdgeID":null},{"edgeID":"1776231","fromID":"1356788","toID":"1356746","formEdgeID":null},{"edgeID":"1776232","fromID":"1356740","toID":"1356789","formEdgeID":null},{"edgeID":"1776233","fromID":"1356789","toID":"1356746","formEdgeID":null},{"edgeID":"1776234","fromID":"1356745","toID":"1356790","formEdgeID":null},{"edgeID":"1776235","fromID":"1356790","toID":"1356739","formEdgeID":null},{"edgeID":"1776236","fromID":"1356789","toID":"1356791","formEdgeID":null},{"edgeID":"1776237","fromID":"1356791","toID":"1356790","formEdgeID":null},{"edgeID":"1776238","fromID":"1356792","toID":"1356749","formEdgeID":null},{"edgeID":"1776239","fromID":"1356750","toID":"1356792","formEdgeID":null},{"edgeID":"1776240","fromID":"1356749","toID":"1356793","formEdgeID":null},{"edgeID":"1776241","fromID":"1356793","toID":"1356748","formEdgeID":null},{"edgeID":"1776242","fromID":"1356748","toID":"1356794","formEdgeID":null},{"edgeID":"1776243","fromID":"1356794","toID":"1356730","formEdgeID":null},{"edgeID":"1776244","fromID":"1356731","toID":"1356795","formEdgeID":null},{"edgeID":"1776245","fromID":"1356795","toID":"1356749","formEdgeID":null},{"edgeID":"1776246","fromID":"1356795","toID":"1356796","formEdgeID":null},{"edgeID":"1776247","fromID":"1356796","toID":"1356794","formEdgeID":null},{"edgeID":"1776248","fromID":"1356797","toID":"1356752","formEdgeID":null},{"edgeID":"1776249","fromID":"1356753","toID":"1356797","formEdgeID":null},{"edgeID":"1776250","fromID":"1356752","toID":"1356798","formEdgeID":null},{"edgeID":"1776251","fromID":"1356798","toID":"1356751","formEdgeID":null},{"edgeID":"1776252","fromID":"1356799","toID":"1356752","formEdgeID":null},{"edgeID":"1776253","fromID":"1356746","toID":"1356799","formEdgeID":null},{"edgeID":"1776254","fromID":"1356800","toID":"1356755","formEdgeID":null},{"edgeID":"1776255","fromID":"1356756","toID":"1356800","formEdgeID":null},{"edgeID":"1776256","fromID":"1356755","toID":"1356801","formEdgeID":null},{"edgeID":"1776257","fromID":"1356801","toID":"1356754","formEdgeID":null},{"edgeID":"1776258","fromID":"1356752","toID":"1356802","formEdgeID":null},{"edgeID":"1776259","fromID":"1356802","toID":"1356755","formEdgeID":null},{"edgeID":"1776260","fromID":"1356755","toID":"1356803","formEdgeID":null},{"edgeID":"1776261","fromID":"1356803","toID":"1356749","formEdgeID":null},{"edgeID":"1776262","fromID":"1356754","toID":"1356804","formEdgeID":null},{"edgeID":"1776263","fromID":"1356804","toID":"1356751","formEdgeID":null},{"edgeID":"1776264","fromID":"1356751","toID":"1356805","formEdgeID":null},{"edgeID":"1776265","fromID":"1356805","toID":"1356739","formEdgeID":null},{"edgeID":"1776266","fromID":"1356806","toID":"1356752","formEdgeID":null},{"edgeID":"1776267","fromID":"1356740","toID":"1356806","formEdgeID":null},{"edgeID":"1776268","fromID":"1356806","toID":"1356807","formEdgeID":null},{"edgeID":"1776269","fromID":"1356807","toID":"1356805","formEdgeID":null},{"edgeID":"1776270","fromID":"1356802","toID":"1356808","formEdgeID":null},{"edgeID":"1776271","fromID":"1356808","toID":"1356804","formEdgeID":null},{"edgeID":"1776272","fromID":"1356809","toID":"1356758","formEdgeID":null},{"edgeID":"1776273","fromID":"1356759","toID":"1356809","formEdgeID":null},{"edgeID":"1776274","fromID":"1356758","toID":"1356810","formEdgeID":null},{"edgeID":"1776275","fromID":"1356810","toID":"1356757","formEdgeID":null},{"edgeID":"1776276","fromID":"1356811","toID":"1356758","formEdgeID":null},{"edgeID":"1776277","fromID":"1356755","toID":"1356811","formEdgeID":null},{"edgeID":"1776278","fromID":"1356812","toID":"1356754","formEdgeID":null},{"edgeID":"1776279","fromID":"1356757","toID":"1356812","formEdgeID":null},{"edgeID":"1776280","fromID":"1356813","toID":"1356812","formEdgeID":null},{"edgeID":"1776281","fromID":"1356811","toID":"1356813","formEdgeID":null},{"edgeID":"1776282","fromID":"1356814","toID":"1356636","formEdgeID":null},{"edgeID":"1776283","fromID":"1356637","toID":"1356814","formEdgeID":null},{"edgeID":"1776284","fromID":"1356636","toID":"1356815","formEdgeID":null},{"edgeID":"1776285","fromID":"1356815","toID":"1354008","formEdgeID":null},{"edgeID":"1776286","fromID":"1356816","toID":"1356638","formEdgeID":null},{"edgeID":"1776287","fromID":"1356639","toID":"1356816","formEdgeID":null},{"edgeID":"1776288","fromID":"1356638","toID":"1356817","formEdgeID":null},{"edgeID":"1776289","fromID":"1356817","toID":"1354013","formEdgeID":null},{"edgeID":"1776290","fromID":"1356636","toID":"1356818","formEdgeID":null},{"edgeID":"1776291","fromID":"1356818","toID":"1356638","formEdgeID":null},{"edgeID":"1776292","fromID":"1354013","toID":"1356819","formEdgeID":null},{"edgeID":"1776293","fromID":"1356819","toID":"1354008","formEdgeID":null},{"edgeID":"1776294","fromID":"1356818","toID":"1356820","formEdgeID":null},{"edgeID":"1776295","fromID":"1356820","toID":"1356819","formEdgeID":null},{"edgeID":"1776296","fromID":"1356821","toID":"1356640","formEdgeID":null},{"edgeID":"1776297","fromID":"1356641","toID":"1356821","formEdgeID":null},{"edgeID":"1776298","fromID":"1356640","toID":"1356822","formEdgeID":null},{"edgeID":"1776299","fromID":"1356822","toID":"1354021","formEdgeID":null},{"edgeID":"1776300","fromID":"1356638","toID":"1356823","formEdgeID":null},{"edgeID":"1776301","fromID":"1356823","toID":"1356640","formEdgeID":null},{"edgeID":"1776302","fromID":"1354021","toID":"1356824","formEdgeID":null},{"edgeID":"1776303","fromID":"1356824","toID":"1354013","formEdgeID":null},{"edgeID":"1776304","fromID":"1356823","toID":"1356825","formEdgeID":null},{"edgeID":"1776305","fromID":"1356825","toID":"1356824","formEdgeID":null},{"edgeID":"1776306","fromID":"1356826","toID":"1356642","formEdgeID":null},{"edgeID":"1776307","fromID":"1356643","toID":"1356826","formEdgeID":null},{"edgeID":"1776308","fromID":"1356642","toID":"1356827","formEdgeID":null},{"edgeID":"1776309","fromID":"1356827","toID":"1354029","formEdgeID":null},{"edgeID":"1776310","fromID":"1356640","toID":"1356828","formEdgeID":null},{"edgeID":"1776311","fromID":"1356828","toID":"1356642","formEdgeID":null},{"edgeID":"1776312","fromID":"1354029","toID":"1356829","formEdgeID":null},{"edgeID":"1776313","fromID":"1356829","toID":"1354021","formEdgeID":null},{"edgeID":"1776314","fromID":"1356828","toID":"1356830","formEdgeID":null},{"edgeID":"1776315","fromID":"1356830","toID":"1356829","formEdgeID":null},{"edgeID":"1776316","fromID":"1356831","toID":"1356644","formEdgeID":null},{"edgeID":"1776317","fromID":"1356645","toID":"1356831","formEdgeID":null},{"edgeID":"1776318","fromID":"1356644","toID":"1356832","formEdgeID":null},{"edgeID":"1776319","fromID":"1356832","toID":"1354037","formEdgeID":null},{"edgeID":"1776320","fromID":"1356642","toID":"1356833","formEdgeID":null},{"edgeID":"1776321","fromID":"1356833","toID":"1356644","formEdgeID":null},{"edgeID":"1776322","fromID":"1356834","toID":"1356646","formEdgeID":null},{"edgeID":"1776323","fromID":"1356647","toID":"1356834","formEdgeID":null},{"edgeID":"1776324","fromID":"1356646","toID":"1356835","formEdgeID":null},{"edgeID":"1776325","fromID":"1356835","toID":"1354043","formEdgeID":null},{"edgeID":"1776326","fromID":"1356646","toID":"1356836","formEdgeID":null},{"edgeID":"1776327","fromID":"1356836","toID":"1356636","formEdgeID":null},{"edgeID":"1776328","fromID":"1354037","toID":"1356837","formEdgeID":null},{"edgeID":"1776329","fromID":"1356837","toID":"1354043","formEdgeID":null},{"edgeID":"1776330","fromID":"1356646","toID":"1356838","formEdgeID":null},{"edgeID":"1776331","fromID":"1356838","toID":"1356644","formEdgeID":null},{"edgeID":"1776332","fromID":"1356838","toID":"1356839","formEdgeID":null},{"edgeID":"1776333","fromID":"1356839","toID":"1356837","formEdgeID":null},{"edgeID":"1776334","fromID":"1356840","toID":"1356648","formEdgeID":null},{"edgeID":"1776335","fromID":"1356649","toID":"1356840","formEdgeID":null},{"edgeID":"1776336","fromID":"1356648","toID":"1356841","formEdgeID":null},{"edgeID":"1776337","fromID":"1356841","toID":"1354052","formEdgeID":null},{"edgeID":"1776338","fromID":"1356842","toID":"1356650","formEdgeID":null},{"edgeID":"1776339","fromID":"1356651","toID":"1356842","formEdgeID":null},{"edgeID":"1776340","fromID":"1356650","toID":"1356843","formEdgeID":null},{"edgeID":"1776341","fromID":"1356843","toID":"1354057","formEdgeID":null},{"edgeID":"1776342","fromID":"1356844","toID":"1356652","formEdgeID":null},{"edgeID":"1776343","fromID":"1356653","toID":"1356844","formEdgeID":null},{"edgeID":"1776344","fromID":"1356652","toID":"1356845","formEdgeID":null},{"edgeID":"1776345","fromID":"1356845","toID":"1354062","formEdgeID":null},{"edgeID":"1776346","fromID":"1356846","toID":"1356654","formEdgeID":null},{"edgeID":"1776347","fromID":"1356655","toID":"1356846","formEdgeID":null},{"edgeID":"1776348","fromID":"1356654","toID":"1356847","formEdgeID":null},{"edgeID":"1776349","fromID":"1356847","toID":"1354067","formEdgeID":null},{"edgeID":"1776350","fromID":"1356648","toID":"1356848","formEdgeID":null},{"edgeID":"1776351","fromID":"1356848","toID":"1356650","formEdgeID":null},{"edgeID":"1776352","fromID":"1356650","toID":"1356849","formEdgeID":null},{"edgeID":"1776353","fromID":"1356849","toID":"1356652","formEdgeID":null},{"edgeID":"1776354","fromID":"1354062","toID":"1356850","formEdgeID":null},{"edgeID":"1776355","fromID":"1356850","toID":"1354057","formEdgeID":null},{"edgeID":"1776356","fromID":"1356849","toID":"1356851","formEdgeID":null},{"edgeID":"1776357","fromID":"1356851","toID":"1356850","formEdgeID":null},{"edgeID":"1776358","fromID":"1354067","toID":"1356852","formEdgeID":null},{"edgeID":"1776359","fromID":"1356852","toID":"1354062","formEdgeID":null},{"edgeID":"1776360","fromID":"1356652","toID":"1356853","formEdgeID":null},{"edgeID":"1776361","fromID":"1356853","toID":"1356654","formEdgeID":null},{"edgeID":"1776362","fromID":"1356853","toID":"1356854","formEdgeID":null},{"edgeID":"1776363","fromID":"1356854","toID":"1356852","formEdgeID":null},{"edgeID":"1776364","fromID":"1356855","toID":"1356657","formEdgeID":null},{"edgeID":"1776365","fromID":"1356659","toID":"1356855","formEdgeID":null},{"edgeID":"1776366","fromID":"1356657","toID":"1356856","formEdgeID":null},{"edgeID":"1776367","fromID":"1356856","toID":"1354079","formEdgeID":null},{"edgeID":"1776368","fromID":"1356857","toID":"1356661","formEdgeID":null},{"edgeID":"1776369","fromID":"1356663","toID":"1356857","formEdgeID":null},{"edgeID":"1776370","fromID":"1356661","toID":"1356858","formEdgeID":null},{"edgeID":"1776371","fromID":"1356858","toID":"1354084","formEdgeID":null},{"edgeID":"1776372","fromID":"1356859","toID":"1356665","formEdgeID":null},{"edgeID":"1776373","fromID":"1356667","toID":"1356859","formEdgeID":null},{"edgeID":"1776374","fromID":"1356665","toID":"1356860","formEdgeID":null},{"edgeID":"1776375","fromID":"1356860","toID":"1354089","formEdgeID":null},{"edgeID":"1776376","fromID":"1356861","toID":"1356669","formEdgeID":null},{"edgeID":"1776377","fromID":"1356671","toID":"1356861","formEdgeID":null},{"edgeID":"1776378","fromID":"1356669","toID":"1356862","formEdgeID":null},{"edgeID":"1776379","fromID":"1356862","toID":"1354094","formEdgeID":null},{"edgeID":"1776380","fromID":"1354079","toID":"1356863","formEdgeID":null},{"edgeID":"1776381","fromID":"1356863","toID":"1354067","formEdgeID":null},{"edgeID":"1776382","fromID":"1356654","toID":"1356864","formEdgeID":null},{"edgeID":"1776383","fromID":"1356864","toID":"1356657","formEdgeID":null},{"edgeID":"1776384","fromID":"1356864","toID":"1356865","formEdgeID":null},{"edgeID":"1776385","fromID":"1356865","toID":"1356863","formEdgeID":null},{"edgeID":"1776386","fromID":"1356657","toID":"1356866","formEdgeID":null},{"edgeID":"1776387","fromID":"1356866","toID":"1356661","formEdgeID":null},{"edgeID":"1776388","fromID":"1354079","toID":"1356867","formEdgeID":null},{"edgeID":"1776389","fromID":"1356867","toID":"1354084","formEdgeID":null},{"edgeID":"1776390","fromID":"1356866","toID":"1356868","formEdgeID":null},{"edgeID":"1776391","fromID":"1356868","toID":"1356867","formEdgeID":null},{"edgeID":"1776392","fromID":"1356661","toID":"1356869","formEdgeID":null},{"edgeID":"1776393","fromID":"1356869","toID":"1356665","formEdgeID":null},{"edgeID":"1776394","fromID":"1356665","toID":"1356870","formEdgeID":null},{"edgeID":"1776395","fromID":"1356870","toID":"1356669","formEdgeID":null},{"edgeID":"1776396","fromID":"1354094","toID":"1356871","formEdgeID":null},{"edgeID":"1776397","fromID":"1356871","toID":"1354089","formEdgeID":null},{"edgeID":"1776398","fromID":"1356870","toID":"1356872","formEdgeID":null},{"edgeID":"1776399","fromID":"1356872","toID":"1356871","formEdgeID":null},{"edgeID":"1776400","fromID":"1356873","toID":"1356673","formEdgeID":null},{"edgeID":"1776401","fromID":"1356675","toID":"1356873","formEdgeID":null},{"edgeID":"1776402","fromID":"1356673","toID":"1356874","formEdgeID":null},{"edgeID":"1776403","fromID":"1356874","toID":"1354109","formEdgeID":null},{"edgeID":"1776404","fromID":"1356669","toID":"1356875","formEdgeID":null},{"edgeID":"1776405","fromID":"1356875","toID":"1356673","formEdgeID":null},{"edgeID":"1776406","fromID":"1356876","toID":"1356656","formEdgeID":null},{"edgeID":"1776407","fromID":"1356658","toID":"1356876","formEdgeID":null},{"edgeID":"1776408","fromID":"1356656","toID":"1356877","formEdgeID":null},{"edgeID":"1776409","fromID":"1356877","toID":"1354115","formEdgeID":null},{"edgeID":"1776410","fromID":"1356878","toID":"1356660","formEdgeID":null},{"edgeID":"1776411","fromID":"1356662","toID":"1356878","formEdgeID":null},{"edgeID":"1776412","fromID":"1356660","toID":"1356879","formEdgeID":null},{"edgeID":"1776413","fromID":"1356879","toID":"1354120","formEdgeID":null},{"edgeID":"1776414","fromID":"1356880","toID":"1356664","formEdgeID":null},{"edgeID":"1776415","fromID":"1356666","toID":"1356880","formEdgeID":null},{"edgeID":"1776416","fromID":"1356664","toID":"1356881","formEdgeID":null},{"edgeID":"1776417","fromID":"1356881","toID":"1354125","formEdgeID":null},{"edgeID":"1776418","fromID":"1356882","toID":"1356668","formEdgeID":null},{"edgeID":"1776419","fromID":"1356670","toID":"1356882","formEdgeID":null},{"edgeID":"1776420","fromID":"1356668","toID":"1356883","formEdgeID":null},{"edgeID":"1776421","fromID":"1356883","toID":"1354130","formEdgeID":null},{"edgeID":"1776422","fromID":"1356660","toID":"1356884","formEdgeID":null},{"edgeID":"1776423","fromID":"1356884","toID":"1356668","formEdgeID":null},{"edgeID":"1776424","fromID":"1356885","toID":"1356672","formEdgeID":null},{"edgeID":"1776425","fromID":"1356674","toID":"1356885","formEdgeID":null},{"edgeID":"1776426","fromID":"1356672","toID":"1356886","formEdgeID":null},{"edgeID":"1776427","fromID":"1356886","toID":"1354136","formEdgeID":null},{"edgeID":"1776428","fromID":"1354136","toID":"1356887","formEdgeID":null},{"edgeID":"1776429","fromID":"1356887","toID":"1354130","formEdgeID":null},{"edgeID":"1776430","fromID":"1356668","toID":"1356888","formEdgeID":null},{"edgeID":"1776431","fromID":"1356888","toID":"1356672","formEdgeID":null},{"edgeID":"1776432","fromID":"1356888","toID":"1356889","formEdgeID":null},{"edgeID":"1776433","fromID":"1356889","toID":"1356887","formEdgeID":null},{"edgeID":"1776434","fromID":"1356672","toID":"1356890","formEdgeID":null},{"edgeID":"1776435","fromID":"1356890","toID":"1356664","formEdgeID":null},{"edgeID":"1776436","fromID":"1354130","toID":"1356891","formEdgeID":null},{"edgeID":"1776437","fromID":"1356891","toID":"1354120","formEdgeID":null},{"edgeID":"1776438","fromID":"1356884","toID":"1356892","formEdgeID":null},{"edgeID":"1776439","fromID":"1356892","toID":"1356891","formEdgeID":null},{"edgeID":"1776440","fromID":"1356893","toID":"1356676","formEdgeID":null},{"edgeID":"1776441","fromID":"1356677","toID":"1356893","formEdgeID":null},{"edgeID":"1776442","fromID":"1356676","toID":"1356894","formEdgeID":null},{"edgeID":"1776443","fromID":"1356894","toID":"1354147","formEdgeID":null},{"edgeID":"1776444","fromID":"1356895","toID":"1356678","formEdgeID":null},{"edgeID":"1776445","fromID":"1356679","toID":"1356895","formEdgeID":null},{"edgeID":"1776446","fromID":"1356678","toID":"1356896","formEdgeID":null},{"edgeID":"1776447","fromID":"1356896","toID":"1354152","formEdgeID":null},{"edgeID":"1776448","fromID":"1356656","toID":"1356897","formEdgeID":null},{"edgeID":"1776449","fromID":"1356897","toID":"1356676","formEdgeID":null},{"edgeID":"1776450","fromID":"1354152","toID":"1356898","formEdgeID":null},{"edgeID":"1776451","fromID":"1356898","toID":"1354147","formEdgeID":null},{"edgeID":"1776452","fromID":"1356678","toID":"1356899","formEdgeID":null},{"edgeID":"1776453","fromID":"1356899","toID":"1356676","formEdgeID":null},{"edgeID":"1776454","fromID":"1356899","toID":"1356900","formEdgeID":null},{"edgeID":"1776455","fromID":"1356900","toID":"1356898","formEdgeID":null},{"edgeID":"1776456","fromID":"1356678","toID":"1356901","formEdgeID":null},{"edgeID":"1776457","fromID":"1356901","toID":"1356660","formEdgeID":null},{"edgeID":"1776458","fromID":"1356902","toID":"1356680","formEdgeID":null},{"edgeID":"1776459","fromID":"1356681","toID":"1356902","formEdgeID":null},{"edgeID":"1776460","fromID":"1356680","toID":"1356903","formEdgeID":null},{"edgeID":"1776461","fromID":"1356903","toID":"1354162","formEdgeID":null},{"edgeID":"1776462","fromID":"1356904","toID":"1356682","formEdgeID":null},{"edgeID":"1776463","fromID":"1356683","toID":"1356904","formEdgeID":null},{"edgeID":"1776464","fromID":"1356682","toID":"1356905","formEdgeID":null},{"edgeID":"1776465","fromID":"1356905","toID":"1354167","formEdgeID":null},{"edgeID":"1776466","fromID":"1356680","toID":"1356906","formEdgeID":null},{"edgeID":"1776467","fromID":"1356906","toID":"1356682","formEdgeID":null},{"edgeID":"1776468","fromID":"1354167","toID":"1356907","formEdgeID":null},{"edgeID":"1776469","fromID":"1356907","toID":"1354162","formEdgeID":null},{"edgeID":"1776470","fromID":"1356906","toID":"1356908","formEdgeID":null},{"edgeID":"1776471","fromID":"1356908","toID":"1356907","formEdgeID":null},{"edgeID":"1776472","fromID":"1356909","toID":"1356684","formEdgeID":null},{"edgeID":"1776473","fromID":"1356685","toID":"1356909","formEdgeID":null},{"edgeID":"1776474","fromID":"1356684","toID":"1356910","formEdgeID":null},{"edgeID":"1776475","fromID":"1356910","toID":"1354175","formEdgeID":null},{"edgeID":"1776476","fromID":"1356682","toID":"1356911","formEdgeID":null},{"edgeID":"1776477","fromID":"1356911","toID":"1356684","formEdgeID":null},{"edgeID":"1776478","fromID":"1356912","toID":"1356686","formEdgeID":null},{"edgeID":"1776479","fromID":"1356687","toID":"1356912","formEdgeID":null},{"edgeID":"1776480","fromID":"1356686","toID":"1356913","formEdgeID":null},{"edgeID":"1776481","fromID":"1356913","toID":"1354181","formEdgeID":null},{"edgeID":"1776482","fromID":"1354181","toID":"1356914","formEdgeID":null},{"edgeID":"1776483","fromID":"1356914","toID":"1354162","formEdgeID":null},{"edgeID":"1776484","fromID":"1354175","toID":"1356914","formEdgeID":null},{"edgeID":"1776485","fromID":"1356680","toID":"1356915","formEdgeID":null},{"edgeID":"1776486","fromID":"1356915","toID":"1356686","formEdgeID":null},{"edgeID":"1776487","fromID":"1356915","toID":"1356916","formEdgeID":null},{"edgeID":"1776488","fromID":"1356916","toID":"1356914","formEdgeID":null},{"edgeID":"1776489","fromID":"1356917","toID":"1356688","formEdgeID":null},{"edgeID":"1776490","fromID":"1356689","toID":"1356917","formEdgeID":null},{"edgeID":"1776491","fromID":"1356688","toID":"1356918","formEdgeID":null},{"edgeID":"1776492","fromID":"1356918","toID":"1354189","formEdgeID":null},{"edgeID":"1776493","fromID":"1356686","toID":"1356919","formEdgeID":null},{"edgeID":"1776494","fromID":"1356919","toID":"1356688","formEdgeID":null},{"edgeID":"1776495","fromID":"1356920","toID":"1356690","formEdgeID":null},{"edgeID":"1776496","fromID":"1356691","toID":"1356920","formEdgeID":null},{"edgeID":"1776497","fromID":"1356690","toID":"1356921","formEdgeID":null},{"edgeID":"1776498","fromID":"1356921","toID":"1354195","formEdgeID":null},{"edgeID":"1776499","fromID":"1356688","toID":"1356922","formEdgeID":null},{"edgeID":"1776500","fromID":"1356922","toID":"1356690","formEdgeID":null},{"edgeID":"1776501","fromID":"1354195","toID":"1356923","formEdgeID":null},{"edgeID":"1776502","fromID":"1356923","toID":"1354189","formEdgeID":null},{"edgeID":"1776503","fromID":"1356922","toID":"1356924","formEdgeID":null},{"edgeID":"1776504","fromID":"1356924","toID":"1356923","formEdgeID":null},{"edgeID":"1776505","fromID":"1356925","toID":"1356692","formEdgeID":null},{"edgeID":"1776506","fromID":"1356693","toID":"1356925","formEdgeID":null},{"edgeID":"1776507","fromID":"1356692","toID":"1356926","formEdgeID":null},{"edgeID":"1776508","fromID":"1356926","toID":"1354203","formEdgeID":null},{"edgeID":"1776509","fromID":"1356690","toID":"1356927","formEdgeID":null},{"edgeID":"1776510","fromID":"1356927","toID":"1356692","formEdgeID":null},{"edgeID":"1776511","fromID":"1354203","toID":"1356928","formEdgeID":null},{"edgeID":"1776512","fromID":"1356928","toID":"1354195","formEdgeID":null},{"edgeID":"1776513","fromID":"1356927","toID":"1356929","formEdgeID":null},{"edgeID":"1776514","fromID":"1356929","toID":"1356928","formEdgeID":null},{"edgeID":"1776515","fromID":"1356930","toID":"1356694","formEdgeID":null},{"edgeID":"1776516","fromID":"1356695","toID":"1356930","formEdgeID":null},{"edgeID":"1776517","fromID":"1356694","toID":"1356931","formEdgeID":null},{"edgeID":"1776518","fromID":"1356931","toID":"1354211","formEdgeID":null},{"edgeID":"1776519","fromID":"1356692","toID":"1356932","formEdgeID":null},{"edgeID":"1776520","fromID":"1356932","toID":"1356694","formEdgeID":null},{"edgeID":"1776521","fromID":"1354211","toID":"1356933","formEdgeID":null},{"edgeID":"1776522","fromID":"1356933","toID":"1354203","formEdgeID":null},{"edgeID":"1776523","fromID":"1356932","toID":"1356934","formEdgeID":null},{"edgeID":"1776524","fromID":"1356934","toID":"1356933","formEdgeID":null},{"edgeID":"1776525","fromID":"1356935","toID":"1356696","formEdgeID":null},{"edgeID":"1776526","fromID":"1356697","toID":"1356935","formEdgeID":null},{"edgeID":"1776527","fromID":"1356696","toID":"1356936","formEdgeID":null},{"edgeID":"1776528","fromID":"1356936","toID":"1354219","formEdgeID":null},{"edgeID":"1776529","fromID":"1356937","toID":"1356698","formEdgeID":null},{"edgeID":"1776530","fromID":"1356699","toID":"1356937","formEdgeID":null},{"edgeID":"1776531","fromID":"1356698","toID":"1356938","formEdgeID":null},{"edgeID":"1776532","fromID":"1356938","toID":"1354224","formEdgeID":null},{"edgeID":"1776533","fromID":"1356696","toID":"1356939","formEdgeID":null},{"edgeID":"1776534","fromID":"1356939","toID":"1356698","formEdgeID":null},{"edgeID":"1776535","fromID":"1354219","toID":"1356940","formEdgeID":null},{"edgeID":"1776536","fromID":"1356940","toID":"1354224","formEdgeID":null},{"edgeID":"1776537","fromID":"1356939","toID":"1356941","formEdgeID":null},{"edgeID":"1776538","fromID":"1356941","toID":"1356940","formEdgeID":null},{"edgeID":"1776539","fromID":"1354211","toID":"1356942","formEdgeID":null},{"edgeID":"1776540","fromID":"1356942","toID":"1354224","formEdgeID":null},{"edgeID":"1776541","fromID":"1356694","toID":"1356943","formEdgeID":null},{"edgeID":"1776542","fromID":"1356943","toID":"1356698","formEdgeID":null},{"edgeID":"1776543","fromID":"1356943","toID":"1356944","formEdgeID":null},{"edgeID":"1776544","fromID":"1356944","toID":"1356942","formEdgeID":null},{"edgeID":"1776545","fromID":"1356694","toID":"1356945","formEdgeID":null},{"edgeID":"1776546","fromID":"1356945","toID":"1356696","formEdgeID":null},{"edgeID":"1776547","fromID":"1356946","toID":"1356700","formEdgeID":null},{"edgeID":"1776548","fromID":"1356701","toID":"1356946","formEdgeID":null},{"edgeID":"1776549","fromID":"1356700","toID":"1356947","formEdgeID":null},{"edgeID":"1776550","fromID":"1356947","toID":"1354236","formEdgeID":null},{"edgeID":"1776551","fromID":"1356948","toID":"1356702","formEdgeID":null},{"edgeID":"1776552","fromID":"1356703","toID":"1356948","formEdgeID":null},{"edgeID":"1776553","fromID":"1356702","toID":"1356949","formEdgeID":null},{"edgeID":"1776554","fromID":"1356949","toID":"1354241","formEdgeID":null},{"edgeID":"1776555","fromID":"1356950","toID":"1356704","formEdgeID":null},{"edgeID":"1776556","fromID":"1356705","toID":"1356950","formEdgeID":null},{"edgeID":"1776557","fromID":"1356704","toID":"1356951","formEdgeID":null},{"edgeID":"1776558","fromID":"1356951","toID":"1354246","formEdgeID":null},{"edgeID":"1776559","fromID":"1356700","toID":"1356952","formEdgeID":null},{"edgeID":"1776560","fromID":"1356952","toID":"1356702","formEdgeID":null},{"edgeID":"1776561","fromID":"1354241","toID":"1356953","formEdgeID":null},{"edgeID":"1776562","fromID":"1356953","toID":"1354236","formEdgeID":null},{"edgeID":"1776563","fromID":"1356952","toID":"1356954","formEdgeID":null},{"edgeID":"1776564","fromID":"1356954","toID":"1356953","formEdgeID":null},{"edgeID":"1776565","fromID":"1356955","toID":"1356706","formEdgeID":null},{"edgeID":"1776566","fromID":"1356707","toID":"1356955","formEdgeID":null},{"edgeID":"1776567","fromID":"1356706","toID":"1356956","formEdgeID":null},{"edgeID":"1776568","fromID":"1356956","toID":"1354254","formEdgeID":null},{"edgeID":"1776569","fromID":"1356702","toID":"1356957","formEdgeID":null},{"edgeID":"1776570","fromID":"1356957","toID":"1356704","formEdgeID":null},{"edgeID":"1776571","fromID":"1356704","toID":"1356958","formEdgeID":null},{"edgeID":"1776572","fromID":"1356958","toID":"1356706","formEdgeID":null},{"edgeID":"1776573","fromID":"1356959","toID":"1356708","formEdgeID":null},{"edgeID":"1776574","fromID":"1356709","toID":"1356959","formEdgeID":null},{"edgeID":"1776575","fromID":"1356708","toID":"1356960","formEdgeID":null},{"edgeID":"1776576","fromID":"1356960","toID":"1354261","formEdgeID":null},{"edgeID":"1776577","fromID":"1356706","toID":"1356961","formEdgeID":null},{"edgeID":"1776578","fromID":"1356961","toID":"1356708","formEdgeID":null},{"edgeID":"1776579","fromID":"1356962","toID":"1356710","formEdgeID":null},{"edgeID":"1776580","fromID":"1356711","toID":"1356962","formEdgeID":null},{"edgeID":"1776581","fromID":"1356963","toID":"1356712","formEdgeID":null},{"edgeID":"1776582","fromID":"1356713","toID":"1356963","formEdgeID":null},{"edgeID":"1776583","fromID":"1356708","toID":"1356964","formEdgeID":null},{"edgeID":"1776584","fromID":"1356964","toID":"1356710","formEdgeID":null},{"edgeID":"1776585","fromID":"1356710","toID":"1356965","formEdgeID":null},{"edgeID":"1776586","fromID":"1356965","toID":"1356712","formEdgeID":null},{"edgeID":"1776587","fromID":"1356712","toID":"1356966","formEdgeID":null},{"edgeID":"1776588","fromID":"1356966","toID":"1354267","formEdgeID":null},{"edgeID":"1776589","fromID":"1356967","toID":"1356714","formEdgeID":null},{"edgeID":"1776590","fromID":"1356715","toID":"1356967","formEdgeID":null},{"edgeID":"1776591","fromID":"1356968","toID":"1356716","formEdgeID":null},{"edgeID":"1776592","fromID":"1356717","toID":"1356968","formEdgeID":null},{"edgeID":"1776593","fromID":"1356710","toID":"1356969","formEdgeID":null},{"edgeID":"1776594","fromID":"1356969","toID":"1356714","formEdgeID":null},{"edgeID":"1776595","fromID":"1356714","toID":"1356970","formEdgeID":null},{"edgeID":"1776596","fromID":"1356970","toID":"1356716","formEdgeID":null},{"edgeID":"1776597","fromID":"1356716","toID":"1356971","formEdgeID":null},{"edgeID":"1776598","fromID":"1356971","toID":"1354277","formEdgeID":null},{"edgeID":"1776599","fromID":"1356972","toID":"1356718","formEdgeID":null},{"edgeID":"1776600","fromID":"1356719","toID":"1356972","formEdgeID":null},{"edgeID":"1776601","fromID":"1356718","toID":"1356973","formEdgeID":null},{"edgeID":"1776602","fromID":"1356973","toID":"1354287","formEdgeID":null},{"edgeID":"1776603","fromID":"1356714","toID":"1356974","formEdgeID":null},{"edgeID":"1776604","fromID":"1356974","toID":"1356718","formEdgeID":null},{"edgeID":"1776605","fromID":"1356975","toID":"1356722","formEdgeID":null},{"edgeID":"1776606","fromID":"1356723","toID":"1356975","formEdgeID":null},{"edgeID":"1776607","fromID":"1356700","toID":"1356976","formEdgeID":null},{"edgeID":"1776608","fromID":"1356976","toID":"1356714","formEdgeID":null},{"edgeID":"1776609","fromID":"1354277","toID":"1356977","formEdgeID":null},{"edgeID":"1776610","fromID":"1356977","toID":"1354236","formEdgeID":null},{"edgeID":"1776611","fromID":"1356976","toID":"1356978","formEdgeID":null},{"edgeID":"1776612","fromID":"1356978","toID":"1356977","formEdgeID":null},{"edgeID":"1776613","fromID":"1354277","toID":"1356979","formEdgeID":null},{"edgeID":"1776614","fromID":"1356979","toID":"1354267","formEdgeID":null},{"edgeID":"1776615","fromID":"1356969","toID":"1356980","formEdgeID":null},{"edgeID":"1776616","fromID":"1356980","toID":"1356979","formEdgeID":null},{"edgeID":"1776617","fromID":"1356720","toID":"1356982","formEdgeID":null},{"edgeID":"1776618","fromID":"1356982","toID":"1356722","formEdgeID":null},{"edgeID":"1776619","fromID":"1356718","toID":"1356981","formEdgeID":null},{"edgeID":"1776620","fromID":"1356981","toID":"1356720","formEdgeID":null},{"edgeID":"1776621","fromID":"1356721","toID":"1356983","formEdgeID":null},{"edgeID":"1776622","fromID":"1356983","toID":"1356720","formEdgeID":null},{"edgeID":"1776623","fromID":"1356981","toID":"1356984","formEdgeID":null},{"edgeID":"1776624","fromID":"1356984","toID":"1356986","formEdgeID":null},{"edgeID":"1776625","fromID":"1356986","toID":"1354287","formEdgeID":null},{"edgeID":"1776626","fromID":"1356720","toID":"1356985","formEdgeID":null},{"edgeID":"1776627","fromID":"1354293","toID":"1356986","formEdgeID":null},{"edgeID":"1776628","fromID":"1356985","toID":"1354293","formEdgeID":null},{"edgeID":"1776629","fromID":"1356982","toID":"1356987","formEdgeID":null},{"edgeID":"1776630","fromID":"1356987","toID":"1356988","formEdgeID":null},{"edgeID":"1776631","fromID":"1356988","toID":"1354293","formEdgeID":null},{"edgeID":"1776632","fromID":"1354301","toID":"1356988","formEdgeID":null},{"edgeID":"1776633","fromID":"1356722","toID":"1356989","formEdgeID":null},{"edgeID":"1776634","fromID":"1356989","toID":"1354301","formEdgeID":null},{"edgeID":"1776635","fromID":"1356990","toID":"1354277","formEdgeID":null},{"edgeID":"1776636","fromID":"1354309","toID":"1356990","formEdgeID":null},{"edgeID":"1776637","fromID":"1356634","toID":"1356991","formEdgeID":null},{"edgeID":"1776638","fromID":"1356991","toID":"570739","formEdgeID":null},{"edgeID":"1776639","fromID":"1356992","toID":"570727","formEdgeID":null},{"edgeID":"1776640","fromID":"570739","toID":"1356992","formEdgeID":null},{"edgeID":"1776641","fromID":"1356993","toID":"1356992","formEdgeID":null},{"edgeID":"1776642","fromID":"1356994","toID":"1356993","formEdgeID":null},{"edgeID":"1776643","fromID":"1356994","toID":"1356634","formEdgeID":null},{"edgeID":"1776644","fromID":"1356632","toID":"1356994","formEdgeID":null},{"edgeID":"1776645","fromID":"1356995","toID":"570727","formEdgeID":null},{"edgeID":"1776646","fromID":"1356632","toID":"1356995","formEdgeID":null}],"locutions":[]}