{"nodes":[{"nodeID":"1376532","text":"the people in Northern Ireland, the majority did not vote for Brexit","type":"I","timestamp":"2023-11-09 14:48:37"},{"nodeID":"1376533","text":"Pat Cullen: the people in Northern Ireland, the majority did not vote for Brexit","type":"L","timestamp":"2023-11-09 14:48:37"},{"nodeID":"1376534","text":"Analysing","type":"YA","timestamp":"2023-11-09 14:48:37"},{"nodeID":"1376535","text":"Chris: Pat Cullen: the people in Northern Ireland, the majority did not vote for Brexit","type":"L","timestamp":"2023-11-09 14:48:37"},{"nodeID":"1376536","text":"Asserting","type":"YA","timestamp":"2023-11-09 14:48:37"},{"nodeID":"1376537","text":"look what's happening now in Northern Ireland with the protocol","type":"I","timestamp":"2023-11-09 14:48:37"},{"nodeID":"1376538","text":"Pat Cullen: look what's happening now in Northern Ireland with the protocol","type":"L","timestamp":"2023-11-09 14:48:37"},{"nodeID":"1376539","text":"Analysing","type":"YA","timestamp":"2023-11-09 14:48:37"},{"nodeID":"1376540","text":"Chris: Pat Cullen: look what's happening now in Northern Ireland with the protocol","type":"L","timestamp":"2023-11-09 14:48:37"},{"nodeID":"1376541","text":"Asserting","type":"YA","timestamp":"2023-11-09 14:48:37"},{"nodeID":"1376542","text":"Default Transition","type":"TA","timestamp":"2023-11-09 14:48:37"},{"nodeID":"1376543","text":"Default Conflict","type":"CA","timestamp":"2023-11-09 14:48:37"},{"nodeID":"1376544","text":"Disagreeing","type":"YA","timestamp":"2023-11-09 14:48:37"},{"nodeID":"1376545","text":"the Northern Ireland Protocol has actually collapsed the Government in Northern Ireland","type":"I","timestamp":"2023-11-09 14:48:38"},{"nodeID":"1376546","text":"Pat Cullen: it has actually collapsed the Government in Northern Ireland","type":"L","timestamp":"2023-11-09 14:48:38"},{"nodeID":"1376547","text":"Analysing","type":"YA","timestamp":"2023-11-09 14:48:38"},{"nodeID":"1376548","text":"Chris: Pat Cullen: it has actually collapsed the Government in Northern Ireland","type":"L","timestamp":"2023-11-09 14:48:38"},{"nodeID":"1376549","text":"Asserting","type":"YA","timestamp":"2023-11-09 14:48:38"},{"nodeID":"1376550","text":"Default Transition","type":"TA","timestamp":"2023-11-09 14:48:38"},{"nodeID":"1376551","text":"Default Inference","type":"RA","timestamp":"2023-11-09 14:48:38"},{"nodeID":"1376552","text":"Arguing","type":"YA","timestamp":"2023-11-09 14:48:38"},{"nodeID":"1376553","text":"bring self-imposed hubristic governmental collapse resulting from brexit back to the health service","type":"I","timestamp":"2023-11-09 14:48:39"},{"nodeID":"1376554","text":"Pat Cullen: bring that back to the health service","type":"L","timestamp":"2023-11-09 14:48:39"},{"nodeID":"1376555","text":"Analysing","type":"YA","timestamp":"2023-11-09 14:48:39"},{"nodeID":"1376556","text":"Chris: Pat Cullen: bring that back to the health service","type":"L","timestamp":"2023-11-09 14:48:39"},{"nodeID":"1376557","text":"Asserting","type":"YA","timestamp":"2023-11-09 14:48:39"},{"nodeID":"1376558","text":"Default Transition","type":"TA","timestamp":"2023-11-09 14:48:39"},{"nodeID":"1376559","text":"this health service has suffered a consequence of Brexit","type":"I","timestamp":"2023-11-09 14:48:39"},{"nodeID":"1376560","text":"Pat Cullen: This health service has suffered a consequence of Brexit","type":"L","timestamp":"2023-11-09 14:48:39"},{"nodeID":"1376561","text":"Analysing","type":"YA","timestamp":"2023-11-09 14:48:39"},{"nodeID":"1376562","text":"Chris: Pat Cullen: This health service has suffered a consequence of Brexit","type":"L","timestamp":"2023-11-09 14:48:39"},{"nodeID":"1376563","text":"Asserting","type":"YA","timestamp":"2023-11-09 14:48:39"},{"nodeID":"1376564","text":"Default Transition","type":"TA","timestamp":"2023-11-09 14:48:39"},{"nodeID":"1376565","text":"Default Inference","type":"RA","timestamp":"2023-11-09 14:48:39"},{"nodeID":"1376566","text":"Arguing","type":"YA","timestamp":"2023-11-09 14:48:39"},{"nodeID":"1376567","text":"the UK has seen a complete exodus of European nurses","type":"I","timestamp":"2023-11-09 14:48:40"},{"nodeID":"1376568","text":"Pat Cullen: We've seen a complete exodus of European nurses","type":"L","timestamp":"2023-11-09 14:48:40"},{"nodeID":"1376569","text":"Analysing","type":"YA","timestamp":"2023-11-09 14:48:40"},{"nodeID":"1376570","text":"Chris: Pat Cullen: We've seen a complete exodus of European nurses","type":"L","timestamp":"2023-11-09 14:48:40"},{"nodeID":"1376571","text":"Asserting","type":"YA","timestamp":"2023-11-09 14:48:40"},{"nodeID":"1376572","text":"Default Transition","type":"TA","timestamp":"2023-11-09 14:48:40"},{"nodeID":"1376573","text":"Default Inference","type":"RA","timestamp":"2023-11-09 14:48:40"},{"nodeID":"1376574","text":"Arguing","type":"YA","timestamp":"2023-11-09 14:48:40"},{"nodeID":"1376575","text":"the UK couldn't afford to lose any of those nurses out of the system","type":"I","timestamp":"2023-11-09 14:48:40"},{"nodeID":"1376576","text":"Pat Cullen: we couldn't afford to lose any of those nurses out of the system","type":"L","timestamp":"2023-11-09 14:48:40"},{"nodeID":"1376577","text":"Analysing","type":"YA","timestamp":"2023-11-09 14:48:40"},{"nodeID":"1376578","text":"Chris: Pat Cullen: we couldn't afford to lose any of those nurses out of the system","type":"L","timestamp":"2023-11-09 14:48:40"},{"nodeID":"1376579","text":"Asserting","type":"YA","timestamp":"2023-11-09 14:48:40"},{"nodeID":"1376580","text":"Default Transition","type":"TA","timestamp":"2023-11-09 14:48:40"},{"nodeID":"1376581","text":"Default Conflict","type":"CA","timestamp":"2023-11-09 14:48:40"},{"nodeID":"1376582","text":"Disagreeing","type":"YA","timestamp":"2023-11-09 14:48:40"},{"nodeID":"1376583","text":"the UK did lose European nurses as a consequence of Brexit","type":"I","timestamp":"2023-11-09 14:48:41"},{"nodeID":"1376584","text":"Pat Cullen: they did as a consequence of Brexit","type":"L","timestamp":"2023-11-09 14:48:41"},{"nodeID":"1376585","text":"Analysing","type":"YA","timestamp":"2023-11-09 14:48:41"},{"nodeID":"1376586","text":"Chris: Pat Cullen: they did as a consequence of Brexit","type":"L","timestamp":"2023-11-09 14:48:41"},{"nodeID":"1376587","text":"Asserting","type":"YA","timestamp":"2023-11-09 14:48:41"},{"nodeID":"1376588","text":"Default Transition","type":"TA","timestamp":"2023-11-09 14:48:41"},{"nodeID":"1376589","text":"Default Inference","type":"RA","timestamp":"2023-11-09 14:48:41"},{"nodeID":"1376590","text":"Arguing","type":"YA","timestamp":"2023-11-09 14:48:41"},{"nodeID":"1376591","text":"losing European nurses has led, then, to a further over-reliance on international nurses","type":"I","timestamp":"2023-11-09 14:48:42"},{"nodeID":"1376592","text":"Pat Cullen: that has led, then, to a further over-reliance on international nurses","type":"L","timestamp":"2023-11-09 14:48:42"},{"nodeID":"1376593","text":"Analysing","type":"YA","timestamp":"2023-11-09 14:48:42"},{"nodeID":"1376594","text":"Chris: Pat Cullen: that has led, then, to a further over-reliance on international nurses","type":"L","timestamp":"2023-11-09 14:48:42"},{"nodeID":"1376595","text":"Asserting","type":"YA","timestamp":"2023-11-09 14:48:42"},{"nodeID":"1376596","text":"Default Transition","type":"TA","timestamp":"2023-11-09 14:48:42"},{"nodeID":"1376597","text":"the UK is raiding red list countries of the very, very few resources that they have got","type":"I","timestamp":"2023-11-09 14:48:42"},{"nodeID":"1376598","text":"Pat Cullen: raiding red list countries of the very, very few resources that they have got","type":"L","timestamp":"2023-11-09 14:48:42"},{"nodeID":"1376599","text":"Analysing","type":"YA","timestamp":"2023-11-09 14:48:42"},{"nodeID":"1376600","text":"Chris: Pat Cullen: raiding red list countries of the very, very few resources that they have got","type":"L","timestamp":"2023-11-09 14:48:42"},{"nodeID":"1376601","text":"Asserting","type":"YA","timestamp":"2023-11-09 14:48:42"},{"nodeID":"1376602","text":"Default Transition","type":"TA","timestamp":"2023-11-09 14:48:42"},{"nodeID":"1376603","text":"the UK needed to fill those vacant NHS nursing posts","type":"I","timestamp":"2023-11-09 14:48:43"},{"nodeID":"1376604","text":"Pat Cullen: to fill those vacant posts","type":"L","timestamp":"2023-11-09 14:48:43"},{"nodeID":"1376605","text":"Analysing","type":"YA","timestamp":"2023-11-09 14:48:43"},{"nodeID":"1376606","text":"Chris: Pat Cullen: to fill those vacant posts","type":"L","timestamp":"2023-11-09 14:48:43"},{"nodeID":"1376607","text":"Asserting","type":"YA","timestamp":"2023-11-09 14:48:43"},{"nodeID":"1376608","text":"Default Transition","type":"TA","timestamp":"2023-11-09 14:48:43"},{"nodeID":"1376609","text":"Default Inference","type":"RA","timestamp":"2023-11-09 14:48:43"},{"nodeID":"1376610","text":"Default Inference","type":"RA","timestamp":"2023-11-09 14:48:43"},{"nodeID":"1376611","text":"Default Transition","type":"TA","timestamp":"2023-11-09 14:48:43"},{"nodeID":"1376612","text":"Arguing","type":"YA","timestamp":"2023-11-09 14:48:43"},{"nodeID":"1376613","text":"Arguing","type":"YA","timestamp":"2023-11-09 14:48:43"},{"nodeID":"1376614","text":"the proposals for flexible working, which include making it easier to request working from home, do or do not risk damaging businesses already struggling with recruitment and high costs","type":"I","timestamp":"2023-11-09 14:48:44"},{"nodeID":"1376615","text":"AudienceMember 20230112QT34: Do the proposals for flexible working, which include making it easier to request working from home, risk damaging businesses already struggling with recruitment and high costs","type":"L","timestamp":"2023-11-09 14:48:44"},{"nodeID":"1376616","text":"Analysing","type":"YA","timestamp":"2023-11-09 14:48:44"},{"nodeID":"1376617","text":"Chris: AudienceMember 20230112QT34: Do the proposals for flexible working, which include making it easier to request working from home, risk damaging businesses already struggling with recruitment and high costs","type":"L","timestamp":"2023-11-09 14:48:44"},{"nodeID":"1376618","text":"Pure Questioning","type":"YA","timestamp":"2023-11-09 14:48:44"},{"nodeID":"1376619","text":"Default Transition","type":"TA","timestamp":"2023-11-09 14:48:44"},{"nodeID":"1376620","text":"Shabana Mahmood does or does not support this proposal","type":"I","timestamp":"2023-11-09 14:48:44"},{"nodeID":"1376621","text":"Fiona Bruce: Shabana, do you support this proposal","type":"L","timestamp":"2023-11-09 14:48:44"},{"nodeID":"1376622","text":"Analysing","type":"YA","timestamp":"2023-11-09 14:48:44"},{"nodeID":"1376623","text":"Chris: Fiona Bruce: Shabana, do you support this proposal","type":"L","timestamp":"2023-11-09 14:48:44"},{"nodeID":"1376624","text":"Pure Questioning","type":"YA","timestamp":"2023-11-09 14:48:44"},{"nodeID":"1376625","text":"Default Transition","type":"TA","timestamp":"2023-11-09 14:48:44"},{"nodeID":"1376626","text":"the proposal basically means, from day one, you can request the right to work from home, work part time, job share, and that kind of thing","type":"I","timestamp":"2023-11-09 14:48:45"},{"nodeID":"1376627","text":"Fiona Bruce: it basically means, from day one, you can request the right to work from home, work part time, job share, and that kind of thing","type":"L","timestamp":"2023-11-09 14:48:45"},{"nodeID":"1376628","text":"Analysing","type":"YA","timestamp":"2023-11-09 14:48:45"},{"nodeID":"1376629","text":"Chris: Fiona Bruce: it basically means, from day one, you can request the right to work from home, work part time, job share, and that kind of thing","type":"L","timestamp":"2023-11-09 14:48:45"},{"nodeID":"1376630","text":"Asserting","type":"YA","timestamp":"2023-11-09 14:48:45"},{"nodeID":"1376631","text":"Default Transition","type":"TA","timestamp":"2023-11-09 14:48:45"},{"nodeID":"1376632","text":"Default Rephrase","type":"MA","timestamp":"2023-11-09 14:48:45"},{"nodeID":"1376633","text":"Default Rephrase","type":"MA","timestamp":"2023-11-09 14:48:45"},{"nodeID":"1376634","text":"Restating","type":"YA","timestamp":"2023-11-09 14:48:45"},{"nodeID":"1376635","text":"Restating","type":"YA","timestamp":"2023-11-09 14:48:45"},{"nodeID":"1376636","text":"the proposal doesn't mean you'll actually get to work from home, work part time, job share, and that kind of thing from day one","type":"I","timestamp":"2023-11-09 14:48:46"},{"nodeID":"1376637","text":"Fiona Bruce: doesn't mean you'll actually get it","type":"L","timestamp":"2023-11-09 14:48:46"},{"nodeID":"1376638","text":"Analysing","type":"YA","timestamp":"2023-11-09 14:48:46"},{"nodeID":"1376639","text":"Chris: Fiona Bruce: doesn't mean you'll actually get it","type":"L","timestamp":"2023-11-09 14:48:46"},{"nodeID":"1376640","text":"Asserting","type":"YA","timestamp":"2023-11-09 14:48:46"},{"nodeID":"1376641","text":"Default Rephrase","type":"MA","timestamp":"2023-11-09 14:48:46"},{"nodeID":"1376642","text":"Default Transition","type":"TA","timestamp":"2023-11-09 14:48:46"},{"nodeID":"1376643","text":"Restating","type":"YA","timestamp":"2023-11-09 14:48:46"},{"nodeID":"1376644","text":"Default Transition","type":"TA","timestamp":"2023-11-09 14:48:46"},{"nodeID":"1376645","text":"Default Conflict","type":"CA","timestamp":"2023-11-09 14:48:46"},{"nodeID":"1376646","text":"Disagreeing","type":"YA","timestamp":"2023-11-09 14:48:46"}],"edges":[{"edgeID":"1799875","fromID":"1376534","toID":"1376533","formEdgeID":null},{"edgeID":"1799876","fromID":"1376535","toID":"1376534","formEdgeID":null},{"edgeID":"1799877","fromID":"1376533","toID":"1376536","formEdgeID":null},{"edgeID":"1799878","fromID":"1376536","toID":"1376532","formEdgeID":null},{"edgeID":"1799879","fromID":"1376539","toID":"1376538","formEdgeID":null},{"edgeID":"1799880","fromID":"1376540","toID":"1376539","formEdgeID":null},{"edgeID":"1799881","fromID":"1376538","toID":"1376541","formEdgeID":null},{"edgeID":"1799882","fromID":"1376541","toID":"1376537","formEdgeID":null},{"edgeID":"1799883","fromID":"1376533","toID":"1376542","formEdgeID":null},{"edgeID":"1799884","fromID":"1376542","toID":"1376538","formEdgeID":null},{"edgeID":"1799885","fromID":"1376537","toID":"1376543","formEdgeID":null},{"edgeID":"1799886","fromID":"1376543","toID":"1376532","formEdgeID":null},{"edgeID":"1799887","fromID":"1376542","toID":"1376544","formEdgeID":null},{"edgeID":"1799888","fromID":"1376544","toID":"1376543","formEdgeID":null},{"edgeID":"1799889","fromID":"1376547","toID":"1376546","formEdgeID":null},{"edgeID":"1799890","fromID":"1376548","toID":"1376547","formEdgeID":null},{"edgeID":"1799891","fromID":"1376546","toID":"1376549","formEdgeID":null},{"edgeID":"1799892","fromID":"1376549","toID":"1376545","formEdgeID":null},{"edgeID":"1799893","fromID":"1376538","toID":"1376550","formEdgeID":null},{"edgeID":"1799894","fromID":"1376550","toID":"1376546","formEdgeID":null},{"edgeID":"1799895","fromID":"1376545","toID":"1376551","formEdgeID":null},{"edgeID":"1799896","fromID":"1376551","toID":"1376537","formEdgeID":null},{"edgeID":"1799897","fromID":"1376550","toID":"1376552","formEdgeID":null},{"edgeID":"1799898","fromID":"1376552","toID":"1376551","formEdgeID":null},{"edgeID":"1799899","fromID":"1376555","toID":"1376554","formEdgeID":null},{"edgeID":"1799900","fromID":"1376556","toID":"1376555","formEdgeID":null},{"edgeID":"1799901","fromID":"1376554","toID":"1376557","formEdgeID":null},{"edgeID":"1799902","fromID":"1376557","toID":"1376553","formEdgeID":null},{"edgeID":"1799903","fromID":"1376546","toID":"1376558","formEdgeID":null},{"edgeID":"1799904","fromID":"1376558","toID":"1376554","formEdgeID":null},{"edgeID":"1799905","fromID":"1376561","toID":"1376560","formEdgeID":null},{"edgeID":"1799906","fromID":"1376562","toID":"1376561","formEdgeID":null},{"edgeID":"1799907","fromID":"1376560","toID":"1376563","formEdgeID":null},{"edgeID":"1799908","fromID":"1376563","toID":"1376559","formEdgeID":null},{"edgeID":"1799909","fromID":"1376554","toID":"1376564","formEdgeID":null},{"edgeID":"1799910","fromID":"1376564","toID":"1376560","formEdgeID":null},{"edgeID":"1799911","fromID":"1376559","toID":"1376565","formEdgeID":null},{"edgeID":"1799912","fromID":"1376565","toID":"1376553","formEdgeID":null},{"edgeID":"1799913","fromID":"1376564","toID":"1376566","formEdgeID":null},{"edgeID":"1799914","fromID":"1376566","toID":"1376565","formEdgeID":null},{"edgeID":"1799915","fromID":"1376569","toID":"1376568","formEdgeID":null},{"edgeID":"1799916","fromID":"1376570","toID":"1376569","formEdgeID":null},{"edgeID":"1799917","fromID":"1376568","toID":"1376571","formEdgeID":null},{"edgeID":"1799918","fromID":"1376571","toID":"1376567","formEdgeID":null},{"edgeID":"1799919","fromID":"1376560","toID":"1376572","formEdgeID":null},{"edgeID":"1799920","fromID":"1376572","toID":"1376568","formEdgeID":null},{"edgeID":"1799921","fromID":"1376567","toID":"1376573","formEdgeID":null},{"edgeID":"1799922","fromID":"1376573","toID":"1376559","formEdgeID":null},{"edgeID":"1799923","fromID":"1376572","toID":"1376574","formEdgeID":null},{"edgeID":"1799924","fromID":"1376574","toID":"1376573","formEdgeID":null},{"edgeID":"1799925","fromID":"1376577","toID":"1376576","formEdgeID":null},{"edgeID":"1799926","fromID":"1376578","toID":"1376577","formEdgeID":null},{"edgeID":"1799927","fromID":"1376576","toID":"1376579","formEdgeID":null},{"edgeID":"1799928","fromID":"1376579","toID":"1376575","formEdgeID":null},{"edgeID":"1799929","fromID":"1376568","toID":"1376580","formEdgeID":null},{"edgeID":"1799930","fromID":"1376580","toID":"1376576","formEdgeID":null},{"edgeID":"1799931","fromID":"1376575","toID":"1376581","formEdgeID":null},{"edgeID":"1799932","fromID":"1376581","toID":"1376567","formEdgeID":null},{"edgeID":"1799933","fromID":"1376580","toID":"1376582","formEdgeID":null},{"edgeID":"1799934","fromID":"1376582","toID":"1376581","formEdgeID":null},{"edgeID":"1799935","fromID":"1376585","toID":"1376584","formEdgeID":null},{"edgeID":"1799936","fromID":"1376586","toID":"1376585","formEdgeID":null},{"edgeID":"1799937","fromID":"1376584","toID":"1376587","formEdgeID":null},{"edgeID":"1799938","fromID":"1376587","toID":"1376583","formEdgeID":null},{"edgeID":"1799939","fromID":"1376576","toID":"1376588","formEdgeID":null},{"edgeID":"1799940","fromID":"1376588","toID":"1376584","formEdgeID":null},{"edgeID":"1799941","fromID":"1376583","toID":"1376589","formEdgeID":null},{"edgeID":"1799942","fromID":"1376589","toID":"1376575","formEdgeID":null},{"edgeID":"1799943","fromID":"1376588","toID":"1376590","formEdgeID":null},{"edgeID":"1799944","fromID":"1376590","toID":"1376589","formEdgeID":null},{"edgeID":"1799945","fromID":"1376593","toID":"1376592","formEdgeID":null},{"edgeID":"1799946","fromID":"1376594","toID":"1376593","formEdgeID":null},{"edgeID":"1799947","fromID":"1376592","toID":"1376595","formEdgeID":null},{"edgeID":"1799948","fromID":"1376595","toID":"1376591","formEdgeID":null},{"edgeID":"1799949","fromID":"1376584","toID":"1376596","formEdgeID":null},{"edgeID":"1799950","fromID":"1376596","toID":"1376592","formEdgeID":null},{"edgeID":"1799951","fromID":"1376599","toID":"1376598","formEdgeID":null},{"edgeID":"1799952","fromID":"1376600","toID":"1376599","formEdgeID":null},{"edgeID":"1799953","fromID":"1376598","toID":"1376601","formEdgeID":null},{"edgeID":"1799954","fromID":"1376601","toID":"1376597","formEdgeID":null},{"edgeID":"1799955","fromID":"1376592","toID":"1376602","formEdgeID":null},{"edgeID":"1799956","fromID":"1376602","toID":"1376598","formEdgeID":null},{"edgeID":"1799957","fromID":"1376605","toID":"1376604","formEdgeID":null},{"edgeID":"1799958","fromID":"1376606","toID":"1376605","formEdgeID":null},{"edgeID":"1799959","fromID":"1376604","toID":"1376607","formEdgeID":null},{"edgeID":"1799960","fromID":"1376607","toID":"1376603","formEdgeID":null},{"edgeID":"1799961","fromID":"1376598","toID":"1376608","formEdgeID":null},{"edgeID":"1799962","fromID":"1376608","toID":"1376604","formEdgeID":null},{"edgeID":"1799963","fromID":"1376591","toID":"1376609","formEdgeID":null},{"edgeID":"1799964","fromID":"1376609","toID":"1376597","formEdgeID":null},{"edgeID":"1799965","fromID":"1376603","toID":"1376609","formEdgeID":null},{"edgeID":"1799966","fromID":"1376603","toID":"1376610","formEdgeID":null},{"edgeID":"1799967","fromID":"1376610","toID":"1376591","formEdgeID":null},{"edgeID":"1799968","fromID":"1376592","toID":"1376611","formEdgeID":null},{"edgeID":"1799969","fromID":"1376611","toID":"1376604","formEdgeID":null},{"edgeID":"1799970","fromID":"1376608","toID":"1376612","formEdgeID":null},{"edgeID":"1799971","fromID":"1376612","toID":"1376609","formEdgeID":null},{"edgeID":"1799972","fromID":"1376611","toID":"1376613","formEdgeID":null},{"edgeID":"1799973","fromID":"1376613","toID":"1376610","formEdgeID":null},{"edgeID":"1799974","fromID":"1376616","toID":"1376615","formEdgeID":null},{"edgeID":"1799975","fromID":"1376617","toID":"1376616","formEdgeID":null},{"edgeID":"1799976","fromID":"1376615","toID":"1376618","formEdgeID":null},{"edgeID":"1799977","fromID":"1376618","toID":"1376614","formEdgeID":null},{"edgeID":"1799978","fromID":"1376604","toID":"1376619","formEdgeID":null},{"edgeID":"1799979","fromID":"1376619","toID":"1376615","formEdgeID":null},{"edgeID":"1799980","fromID":"1376622","toID":"1376621","formEdgeID":null},{"edgeID":"1799981","fromID":"1376623","toID":"1376622","formEdgeID":null},{"edgeID":"1799982","fromID":"1376621","toID":"1376624","formEdgeID":null},{"edgeID":"1799983","fromID":"1376624","toID":"1376620","formEdgeID":null},{"edgeID":"1799984","fromID":"1376615","toID":"1376625","formEdgeID":null},{"edgeID":"1799985","fromID":"1376625","toID":"1376621","formEdgeID":null},{"edgeID":"1799986","fromID":"1376628","toID":"1376627","formEdgeID":null},{"edgeID":"1799987","fromID":"1376629","toID":"1376628","formEdgeID":null},{"edgeID":"1799988","fromID":"1376627","toID":"1376630","formEdgeID":null},{"edgeID":"1799989","fromID":"1376630","toID":"1376626","formEdgeID":null},{"edgeID":"1799990","fromID":"1376621","toID":"1376631","formEdgeID":null},{"edgeID":"1799991","fromID":"1376631","toID":"1376627","formEdgeID":null},{"edgeID":"1799992","fromID":"1376626","toID":"1376632","formEdgeID":null},{"edgeID":"1799993","fromID":"1376632","toID":"1376620","formEdgeID":null},{"edgeID":"1799994","fromID":"1376620","toID":"1376633","formEdgeID":null},{"edgeID":"1799995","fromID":"1376633","toID":"1376614","formEdgeID":null},{"edgeID":"1799996","fromID":"1376625","toID":"1376634","formEdgeID":null},{"edgeID":"1799997","fromID":"1376634","toID":"1376633","formEdgeID":null},{"edgeID":"1799998","fromID":"1376631","toID":"1376635","formEdgeID":null},{"edgeID":"1799999","fromID":"1376635","toID":"1376632","formEdgeID":null},{"edgeID":"1800000","fromID":"1376638","toID":"1376637","formEdgeID":null},{"edgeID":"1800001","fromID":"1376639","toID":"1376638","formEdgeID":null},{"edgeID":"1800002","fromID":"1376637","toID":"1376640","formEdgeID":null},{"edgeID":"1800003","fromID":"1376640","toID":"1376636","formEdgeID":null},{"edgeID":"1800004","fromID":"1376636","toID":"1376641","formEdgeID":null},{"edgeID":"1800005","fromID":"1376641","toID":"1376620","formEdgeID":null},{"edgeID":"1800006","fromID":"1376621","toID":"1376642","formEdgeID":null},{"edgeID":"1800007","fromID":"1376642","toID":"1376637","formEdgeID":null},{"edgeID":"1800008","fromID":"1376642","toID":"1376643","formEdgeID":null},{"edgeID":"1800009","fromID":"1376643","toID":"1376641","formEdgeID":null},{"edgeID":"1800010","fromID":"1376627","toID":"1376644","formEdgeID":null},{"edgeID":"1800011","fromID":"1376644","toID":"1376637","formEdgeID":null},{"edgeID":"1800012","fromID":"1376636","toID":"1376645","formEdgeID":null},{"edgeID":"1800013","fromID":"1376645","toID":"1376626","formEdgeID":null},{"edgeID":"1800014","fromID":"1376644","toID":"1376646","formEdgeID":null},{"edgeID":"1800015","fromID":"1376646","toID":"1376645","formEdgeID":null}],"locutions":[]}