{"nodes":[{"nodeID":"1375515","text":"alcohol duty is a tax issue","type":"I","timestamp":"2023-11-09 14:47:12"},{"nodeID":"1375516","text":"Jacob Rees-Mogg: that\u2019s a tax issue","type":"L","timestamp":"2023-11-09 14:47:12"},{"nodeID":"1375517","text":"Analysing","type":"YA","timestamp":"2023-11-09 14:47:12"},{"nodeID":"1375518","text":"Chris: Jacob Rees-Mogg: that\u2019s a tax issue","type":"L","timestamp":"2023-11-09 14:47:12"},{"nodeID":"1375519","text":"Asserting","type":"YA","timestamp":"2023-11-09 14:47:12"},{"nodeID":"1375520","text":"changing alcohol duty is something that the Chancellor decided to do","type":"I","timestamp":"2023-11-09 14:47:12"},{"nodeID":"1375521","text":"Jacob Rees-Mogg: That\u2019s something that the Chancellor decided to do","type":"L","timestamp":"2023-11-09 14:47:12"},{"nodeID":"1375522","text":"Analysing","type":"YA","timestamp":"2023-11-09 14:47:12"},{"nodeID":"1375523","text":"Chris: Jacob Rees-Mogg: That\u2019s something that the Chancellor decided to do","type":"L","timestamp":"2023-11-09 14:47:12"},{"nodeID":"1375524","text":"Asserting","type":"YA","timestamp":"2023-11-09 14:47:12"},{"nodeID":"1375525","text":"Default Transition","type":"TA","timestamp":"2023-11-09 14:47:12"},{"nodeID":"1375526","text":"the import of wine from Australia and New Zealand has been made more simple","type":"I","timestamp":"2023-11-09 14:47:13"},{"nodeID":"1375527","text":"Jacob Rees-Mogg: The import of wine from Australia and New Zealand has been made more simple","type":"L","timestamp":"2023-11-09 14:47:13"},{"nodeID":"1375528","text":"Analysing","type":"YA","timestamp":"2023-11-09 14:47:13"},{"nodeID":"1375529","text":"Chris: Jacob Rees-Mogg: The import of wine from Australia and New Zealand has been made more simple","type":"L","timestamp":"2023-11-09 14:47:13"},{"nodeID":"1375530","text":"Asserting","type":"YA","timestamp":"2023-11-09 14:47:13"},{"nodeID":"1375531","text":"Default Rephrase","type":"MA","timestamp":"2023-11-09 14:47:13"},{"nodeID":"1375532","text":"Restating","type":"YA","timestamp":"2023-11-09 14:47:13"},{"nodeID":"1375533","text":"Default Transition","type":"TA","timestamp":"2023-11-09 14:47:13"},{"nodeID":"1375534","text":"we're not bound in","type":"I","timestamp":"2023-11-09 14:47:14"},{"nodeID":"1375535","text":"Jacob Rees-Mogg: we're not bound in","type":"L","timestamp":"2023-11-09 14:47:14"},{"nodeID":"1375536","text":"Analysing","type":"YA","timestamp":"2023-11-09 14:47:14"},{"nodeID":"1375537","text":"Chris: Jacob Rees-Mogg: we're not bound in","type":"L","timestamp":"2023-11-09 14:47:14"},{"nodeID":"1375538","text":"Asserting","type":"YA","timestamp":"2023-11-09 14:47:14"},{"nodeID":"1375539","text":"Default Transition","type":"TA","timestamp":"2023-11-09 14:47:14"},{"nodeID":"1375540","text":"Default Inference","type":"RA","timestamp":"2023-11-09 14:47:14"},{"nodeID":"1375541","text":"Arguing","type":"YA","timestamp":"2023-11-09 14:47:14"},{"nodeID":"1375542","text":"xxx is the plan about other countries that make wine","type":"I","timestamp":"2023-11-09 14:47:14"},{"nodeID":"1375543","text":"Fiona Bruce: what about other countries that make wine","type":"L","timestamp":"2023-11-09 14:47:14"},{"nodeID":"1375544","text":"Analysing","type":"YA","timestamp":"2023-11-09 14:47:14"},{"nodeID":"1375545","text":"Chris: Fiona Bruce: what about other countries that make wine","type":"L","timestamp":"2023-11-09 14:47:14"},{"nodeID":"1375546","text":"Pure Questioning","type":"YA","timestamp":"2023-11-09 14:47:14"},{"nodeID":"1375547","text":"Default Transition","type":"TA","timestamp":"2023-11-09 14:47:14"},{"nodeID":"1375548","text":"the UK has done the trade deals with Australia and New Zealand","type":"I","timestamp":"2023-11-09 14:47:15"},{"nodeID":"1375549","text":"Jacob Rees-Mogg: we've done the trade deals with Australia and New Zealand","type":"L","timestamp":"2023-11-09 14:47:15"},{"nodeID":"1375550","text":"Analysing","type":"YA","timestamp":"2023-11-09 14:47:15"},{"nodeID":"1375551","text":"Chris: Jacob Rees-Mogg: we've done the trade deals with Australia and New Zealand","type":"L","timestamp":"2023-11-09 14:47:15"},{"nodeID":"1375552","text":"Asserting","type":"YA","timestamp":"2023-11-09 14:47:15"},{"nodeID":"1375553","text":"Default Transition","type":"TA","timestamp":"2023-11-09 14:47:15"},{"nodeID":"1375554","text":"the UK has the opportunity to do trade deals with other countries","type":"I","timestamp":"2023-11-09 14:47:15"},{"nodeID":"1375555","text":"Jacob Rees-Mogg: we have the opportunity to do them with other countries","type":"L","timestamp":"2023-11-09 14:47:15"},{"nodeID":"1375556","text":"Analysing","type":"YA","timestamp":"2023-11-09 14:47:15"},{"nodeID":"1375557","text":"Chris: Jacob Rees-Mogg: we have the opportunity to do them with other countries","type":"L","timestamp":"2023-11-09 14:47:15"},{"nodeID":"1375558","text":"Asserting","type":"YA","timestamp":"2023-11-09 14:47:15"},{"nodeID":"1375559","text":"Default Transition","type":"TA","timestamp":"2023-11-09 14:47:15"},{"nodeID":"1375560","text":"Default Rephrase","type":"MA","timestamp":"2023-11-09 14:47:15"},{"nodeID":"1375561","text":"Default Rephrase","type":"MA","timestamp":"2023-11-09 14:47:15"},{"nodeID":"1375562","text":"Restating","type":"YA","timestamp":"2023-11-09 14:47:15"},{"nodeID":"1375563","text":"Default Illocuting","type":"YA","timestamp":"2023-11-09 14:47:15"},{"nodeID":"1375564","text":"Fiona Bruce presumes Jacob Rees-Mogg to be planning to do individual deals with France and Italy for wine importation","type":"I","timestamp":"2023-11-09 14:47:16"},{"nodeID":"1375565","text":"Jacob Rees-Mogg: What about France, Italy, I mean, I presume that\u2019s what you're talking about","type":"L","timestamp":"2023-11-09 14:47:16"},{"nodeID":"1375566","text":"Analysing","type":"YA","timestamp":"2023-11-09 14:47:16"},{"nodeID":"1375567","text":"Chris: Jacob Rees-Mogg: What about France, Italy, I mean, I presume that\u2019s what you're talking about","type":"L","timestamp":"2023-11-09 14:47:16"},{"nodeID":"1375568","text":"Assertive Questioning","type":"YA","timestamp":"2023-11-09 14:47:16"},{"nodeID":"1375569","text":"Default Transition","type":"TA","timestamp":"2023-11-09 14:47:16"},{"nodeID":"1375570","text":"Default Rephrase","type":"MA","timestamp":"2023-11-09 14:47:16"},{"nodeID":"1375571","text":"Restating","type":"YA","timestamp":"2023-11-09 14:47:16"},{"nodeID":"1375572","text":"there's Chile and Argentina","type":"I","timestamp":"2023-11-09 14:47:17"},{"nodeID":"1375573","text":"AudienceMember 20230112QT29: There's Chile and Argentina","type":"L","timestamp":"2023-11-09 14:47:17"},{"nodeID":"1375574","text":"Analysing","type":"YA","timestamp":"2023-11-09 14:47:17"},{"nodeID":"1375575","text":"Chris: AudienceMember 20230112QT29: There's Chile and Argentina","type":"L","timestamp":"2023-11-09 14:47:17"},{"nodeID":"1375576","text":"Asserting","type":"YA","timestamp":"2023-11-09 14:47:17"},{"nodeID":"1375577","text":"Default Transition","type":"TA","timestamp":"2023-11-09 14:47:17"},{"nodeID":"1375578","text":"Default Rephrase","type":"MA","timestamp":"2023-11-09 14:47:17"},{"nodeID":"1375579","text":"Restating","type":"YA","timestamp":"2023-11-09 14:47:17"},{"nodeID":"1375580","text":"the world of wine","type":"I","timestamp":"2023-11-09 14:47:17"},{"nodeID":"1375581","text":"AudienceMember 20230112QT29:  the world of wine","type":"L","timestamp":"2023-11-09 14:47:17"},{"nodeID":"1375582","text":"Analysing","type":"YA","timestamp":"2023-11-09 14:47:17"},{"nodeID":"1375583","text":"Chris: AudienceMember 20230112QT29:  the world of wine","type":"L","timestamp":"2023-11-09 14:47:17"},{"nodeID":"1375584","text":"Asserting","type":"YA","timestamp":"2023-11-09 14:47:17"},{"nodeID":"1375585","text":"Default Transition","type":"TA","timestamp":"2023-11-09 14:47:17"},{"nodeID":"1375586","text":"Default Rephrase","type":"MA","timestamp":"2023-11-09 14:47:17"},{"nodeID":"1375587","text":"Restating","type":"YA","timestamp":"2023-11-09 14:47:17"},{"nodeID":"1375588","text":"the UK is one of the most important countries from an export point of view for wine buyers","type":"I","timestamp":"2023-11-09 14:47:18"},{"nodeID":"1375589","text":"AudienceMember 20230112QT29: we're one of the most important countries from an export point of view, for wine buyers","type":"L","timestamp":"2023-11-09 14:47:18"},{"nodeID":"1375590","text":"Analysing","type":"YA","timestamp":"2023-11-09 14:47:18"},{"nodeID":"1375591","text":"Chris: AudienceMember 20230112QT29: we're one of the most important countries from an export point of view, for wine buyers","type":"L","timestamp":"2023-11-09 14:47:18"},{"nodeID":"1375592","text":"Asserting","type":"YA","timestamp":"2023-11-09 14:47:18"},{"nodeID":"1375593","text":"Default Transition","type":"TA","timestamp":"2023-11-09 14:47:18"},{"nodeID":"1375594","text":"Default Inference","type":"RA","timestamp":"2023-11-09 14:47:18"},{"nodeID":"1375595","text":"Arguing","type":"YA","timestamp":"2023-11-09 14:47:18"},{"nodeID":"1375596","text":"second only to the United States","type":"I","timestamp":"2023-11-09 14:47:19"},{"nodeID":"1375597","text":"AudienceMember 20230112QT29: second only to the United States","type":"L","timestamp":"2023-11-09 14:47:19"},{"nodeID":"1375598","text":"Analysing","type":"YA","timestamp":"2023-11-09 14:47:19"},{"nodeID":"1375599","text":"Chris: AudienceMember 20230112QT29: second only to the United States","type":"L","timestamp":"2023-11-09 14:47:19"},{"nodeID":"1375600","text":"Asserting","type":"YA","timestamp":"2023-11-09 14:47:19"},{"nodeID":"1375601","text":"Default Transition","type":"TA","timestamp":"2023-11-09 14:47:19"},{"nodeID":"1375602","text":"Default Rephrase","type":"MA","timestamp":"2023-11-09 14:47:19"},{"nodeID":"1375603","text":"Restating","type":"YA","timestamp":"2023-11-09 14:47:19"},{"nodeID":"1375604","text":"the UK is one of the most important countries from an export point of view for wine producers to bring into","type":"I","timestamp":"2023-11-09 14:47:19"},{"nodeID":"1375605","text":"AudienceMember 20230112QT29: producers to bring into it","type":"L","timestamp":"2023-11-09 14:47:19"},{"nodeID":"1375606","text":"Analysing","type":"YA","timestamp":"2023-11-09 14:47:19"},{"nodeID":"1375607","text":"Chris: AudienceMember 20230112QT29: producers to bring into it","type":"L","timestamp":"2023-11-09 14:47:19"},{"nodeID":"1375608","text":"Asserting","type":"YA","timestamp":"2023-11-09 14:47:19"},{"nodeID":"1375609","text":"Default Transition","type":"TA","timestamp":"2023-11-09 14:47:19"},{"nodeID":"1375610","text":"Default Rephrase","type":"MA","timestamp":"2023-11-09 14:47:19"},{"nodeID":"1375611","text":"Restating","type":"YA","timestamp":"2023-11-09 14:47:19"},{"nodeID":"1375612","text":"every single one of the people  AudienceMember20230112QT29 speaks to outside the UK find it incredibly difficult now to ship wine into the UK","type":"I","timestamp":"2023-11-09 14:47:20"},{"nodeID":"1375613","text":"AudienceMember 20230112QT29: every single one of the people I speak to outside the UK find it incredibly difficult now to ship wine into the UK","type":"L","timestamp":"2023-11-09 14:47:20"},{"nodeID":"1375614","text":"Analysing","type":"YA","timestamp":"2023-11-09 14:47:20"},{"nodeID":"1375615","text":"Chris: AudienceMember 20230112QT29: every single one of the people I speak to outside the UK find it incredibly difficult now to ship wine into the UK","type":"L","timestamp":"2023-11-09 14:47:20"},{"nodeID":"1375616","text":"Asserting","type":"YA","timestamp":"2023-11-09 14:47:20"},{"nodeID":"1375617","text":"Default Transition","type":"TA","timestamp":"2023-11-09 14:47:20"},{"nodeID":"1375618","text":"Default Conflict","type":"CA","timestamp":"2023-11-09 14:47:20"},{"nodeID":"1375619","text":"Disagreeing","type":"YA","timestamp":"2023-11-09 14:47:20"},{"nodeID":"1375620","text":"the UK has taken away one of the most biggest success stories we've got","type":"I","timestamp":"2023-11-09 14:47:20"},{"nodeID":"1375621","text":"AudienceMember 20230112QT29: We've taken away one of the most biggest success stories we've got","type":"L","timestamp":"2023-11-09 14:47:20"},{"nodeID":"1375622","text":"Analysing","type":"YA","timestamp":"2023-11-09 14:47:20"},{"nodeID":"1375623","text":"Chris: AudienceMember 20230112QT29: We've taken away one of the most biggest success stories we've got","type":"L","timestamp":"2023-11-09 14:47:20"},{"nodeID":"1375624","text":"Asserting","type":"YA","timestamp":"2023-11-09 14:47:20"},{"nodeID":"1375625","text":"Default Transition","type":"TA","timestamp":"2023-11-09 14:47:20"},{"nodeID":"1375626","text":"Default Inference","type":"RA","timestamp":"2023-11-09 14:47:20"},{"nodeID":"1375627","text":"Arguing","type":"YA","timestamp":"2023-11-09 14:47:20"},{"nodeID":"1375628","text":"the UK has a huge deregulatory opportunity","type":"I","timestamp":"2023-11-09 14:47:21"},{"nodeID":"1375629","text":"Jacob Rees-Mogg: We have a huge deregulatory opportunity","type":"L","timestamp":"2023-11-09 14:47:21"},{"nodeID":"1375630","text":"Analysing","type":"YA","timestamp":"2023-11-09 14:47:21"},{"nodeID":"1375631","text":"Chris: Jacob Rees-Mogg: We have a huge deregulatory opportunity","type":"L","timestamp":"2023-11-09 14:47:21"},{"nodeID":"1375632","text":"Asserting","type":"YA","timestamp":"2023-11-09 14:47:21"},{"nodeID":"1375633","text":"Default Transition","type":"TA","timestamp":"2023-11-09 14:47:21"},{"nodeID":"1375634","text":"the UK has done a wine import deal with Australia and New Zealand","type":"I","timestamp":"2023-11-09 14:47:22"},{"nodeID":"1375635","text":"Jacob Rees-Mogg: we've done it with Australia and New Zealand","type":"L","timestamp":"2023-11-09 14:47:22"},{"nodeID":"1375636","text":"Analysing","type":"YA","timestamp":"2023-11-09 14:47:22"},{"nodeID":"1375637","text":"Chris: Jacob Rees-Mogg: we've done it with Australia and New Zealand","type":"L","timestamp":"2023-11-09 14:47:22"},{"nodeID":"1375638","text":"Asserting","type":"YA","timestamp":"2023-11-09 14:47:22"},{"nodeID":"1375639","text":"Default Transition","type":"TA","timestamp":"2023-11-09 14:47:22"},{"nodeID":"1375640","text":"Default Rephrase","type":"MA","timestamp":"2023-11-09 14:47:22"},{"nodeID":"1375641","text":"Restating","type":"YA","timestamp":"2023-11-09 14:47:22"},{"nodeID":"1375642","text":"the UK needs to do wine import deals with more countries","type":"I","timestamp":"2023-11-09 14:47:22"},{"nodeID":"1375643","text":"Jacob Rees-Mogg: we need to do it with more","type":"L","timestamp":"2023-11-09 14:47:22"},{"nodeID":"1375644","text":"Analysing","type":"YA","timestamp":"2023-11-09 14:47:22"},{"nodeID":"1375645","text":"Chris: Jacob Rees-Mogg: we need to do it with more","type":"L","timestamp":"2023-11-09 14:47:22"},{"nodeID":"1375646","text":"Asserting","type":"YA","timestamp":"2023-11-09 14:47:22"},{"nodeID":"1375647","text":"Default Transition","type":"TA","timestamp":"2023-11-09 14:47:22"},{"nodeID":"1375648","text":"Default Inference","type":"RA","timestamp":"2023-11-09 14:47:22"},{"nodeID":"1375649","text":"Arguing","type":"YA","timestamp":"2023-11-09 14:47:22"},{"nodeID":"1375650","text":"the UK should make it really easy to import wine","type":"I","timestamp":"2023-11-09 14:47:23"},{"nodeID":"1375651","text":"Jacob Rees-Mogg: we should make it really easy to import","type":"L","timestamp":"2023-11-09 14:47:23"},{"nodeID":"1375652","text":"Analysing","type":"YA","timestamp":"2023-11-09 14:47:23"},{"nodeID":"1375653","text":"Chris: Jacob Rees-Mogg: we should make it really easy to import","type":"L","timestamp":"2023-11-09 14:47:23"},{"nodeID":"1375654","text":"Asserting","type":"YA","timestamp":"2023-11-09 14:47:23"},{"nodeID":"1375655","text":"Default Transition","type":"TA","timestamp":"2023-11-09 14:47:23"},{"nodeID":"1375656","text":"Default Rephrase","type":"MA","timestamp":"2023-11-09 14:47:23"},{"nodeID":"1375657","text":"Restating","type":"YA","timestamp":"2023-11-09 14:47:23"},{"nodeID":"1375658","text":"making it easy to import wine is now under our control","type":"I","timestamp":"2023-11-09 14:47:24"},{"nodeID":"1375659","text":"Jacob Rees-Mogg: That is now under our control","type":"L","timestamp":"2023-11-09 14:47:24"},{"nodeID":"1375660","text":"Analysing","type":"YA","timestamp":"2023-11-09 14:47:24"},{"nodeID":"1375661","text":"Chris: Jacob Rees-Mogg: That is now under our control","type":"L","timestamp":"2023-11-09 14:47:24"},{"nodeID":"1375662","text":"Asserting","type":"YA","timestamp":"2023-11-09 14:47:24"},{"nodeID":"1375663","text":"Default Transition","type":"TA","timestamp":"2023-11-09 14:47:24"},{"nodeID":"1375664","text":"the ease of importing wine used to be decided by the European Union","type":"I","timestamp":"2023-11-09 14:47:24"},{"nodeID":"1375665","text":"Jacob Rees-Mogg: Whereas it used to be decided by the European Union","type":"L","timestamp":"2023-11-09 14:47:24"},{"nodeID":"1375666","text":"Analysing","type":"YA","timestamp":"2023-11-09 14:47:24"},{"nodeID":"1375667","text":"Chris: Jacob Rees-Mogg: Whereas it used to be decided by the European Union","type":"L","timestamp":"2023-11-09 14:47:24"},{"nodeID":"1375668","text":"Asserting","type":"YA","timestamp":"2023-11-09 14:47:24"},{"nodeID":"1375669","text":"Default Transition","type":"TA","timestamp":"2023-11-09 14:47:24"},{"nodeID":"1375670","text":"Default Inference","type":"RA","timestamp":"2023-11-09 14:47:24"},{"nodeID":"1375671","text":"Default Transition","type":"TA","timestamp":"2023-11-09 14:47:24"},{"nodeID":"1375672","text":"Arguing","type":"YA","timestamp":"2023-11-09 14:47:24"},{"nodeID":"1375673","text":"Default Conflict","type":"CA","timestamp":"2023-11-09 14:47:24"},{"nodeID":"1375674","text":"Disagreeing","type":"YA","timestamp":"2023-11-09 14:47:24"},{"nodeID":"1375675","text":"Default Rephrase","type":"MA","timestamp":"2023-11-09 14:47:24"},{"nodeID":"1375676","text":"Restating","type":"YA","timestamp":"2023-11-09 14:47:24"},{"nodeID":"1375677","text":"Default Transition","type":"TA","timestamp":"2023-11-09 14:47:24"},{"nodeID":"1375678","text":"Default Rephrase","type":"MA","timestamp":"2023-11-09 14:47:24"},{"nodeID":"1375679","text":"Restating","type":"YA","timestamp":"2023-11-09 14:47:24"}],"edges":[{"edgeID":"1798652","fromID":"1375517","toID":"1375516","formEdgeID":null},{"edgeID":"1798653","fromID":"1375518","toID":"1375517","formEdgeID":null},{"edgeID":"1798654","fromID":"1375516","toID":"1375519","formEdgeID":null},{"edgeID":"1798655","fromID":"1375519","toID":"1375515","formEdgeID":null},{"edgeID":"1798656","fromID":"1375522","toID":"1375521","formEdgeID":null},{"edgeID":"1798657","fromID":"1375523","toID":"1375522","formEdgeID":null},{"edgeID":"1798658","fromID":"1375521","toID":"1375524","formEdgeID":null},{"edgeID":"1798659","fromID":"1375524","toID":"1375520","formEdgeID":null},{"edgeID":"1798660","fromID":"1375516","toID":"1375525","formEdgeID":null},{"edgeID":"1798661","fromID":"1375525","toID":"1375521","formEdgeID":null},{"edgeID":"1798662","fromID":"1375528","toID":"1375527","formEdgeID":null},{"edgeID":"1798663","fromID":"1375529","toID":"1375528","formEdgeID":null},{"edgeID":"1798664","fromID":"1375527","toID":"1375530","formEdgeID":null},{"edgeID":"1798665","fromID":"1375530","toID":"1375526","formEdgeID":null},{"edgeID":"1798666","fromID":"1375520","toID":"1375531","formEdgeID":null},{"edgeID":"1798667","fromID":"1375531","toID":"1375515","formEdgeID":null},{"edgeID":"1798668","fromID":"1375525","toID":"1375532","formEdgeID":null},{"edgeID":"1798669","fromID":"1375532","toID":"1375531","formEdgeID":null},{"edgeID":"1798670","fromID":"1375521","toID":"1375533","formEdgeID":null},{"edgeID":"1798671","fromID":"1375533","toID":"1375527","formEdgeID":null},{"edgeID":"1798672","fromID":"1375536","toID":"1375535","formEdgeID":null},{"edgeID":"1798673","fromID":"1375537","toID":"1375536","formEdgeID":null},{"edgeID":"1798674","fromID":"1375535","toID":"1375538","formEdgeID":null},{"edgeID":"1798675","fromID":"1375538","toID":"1375534","formEdgeID":null},{"edgeID":"1798676","fromID":"1375527","toID":"1375539","formEdgeID":null},{"edgeID":"1798677","fromID":"1375539","toID":"1375535","formEdgeID":null},{"edgeID":"1798678","fromID":"1375534","toID":"1375540","formEdgeID":null},{"edgeID":"1798679","fromID":"1375540","toID":"1375526","formEdgeID":null},{"edgeID":"1798680","fromID":"1375539","toID":"1375541","formEdgeID":null},{"edgeID":"1798681","fromID":"1375541","toID":"1375540","formEdgeID":null},{"edgeID":"1798682","fromID":"1375544","toID":"1375543","formEdgeID":null},{"edgeID":"1798683","fromID":"1375545","toID":"1375544","formEdgeID":null},{"edgeID":"1798684","fromID":"1375543","toID":"1375546","formEdgeID":null},{"edgeID":"1798685","fromID":"1375546","toID":"1375542","formEdgeID":null},{"edgeID":"1798686","fromID":"1375535","toID":"1375547","formEdgeID":null},{"edgeID":"1798687","fromID":"1375547","toID":"1375543","formEdgeID":null},{"edgeID":"1798688","fromID":"1375550","toID":"1375549","formEdgeID":null},{"edgeID":"1798689","fromID":"1375551","toID":"1375550","formEdgeID":null},{"edgeID":"1798690","fromID":"1375549","toID":"1375552","formEdgeID":null},{"edgeID":"1798691","fromID":"1375552","toID":"1375548","formEdgeID":null},{"edgeID":"1798692","fromID":"1375543","toID":"1375553","formEdgeID":null},{"edgeID":"1798693","fromID":"1375553","toID":"1375549","formEdgeID":null},{"edgeID":"1798694","fromID":"1375556","toID":"1375555","formEdgeID":null},{"edgeID":"1798695","fromID":"1375557","toID":"1375556","formEdgeID":null},{"edgeID":"1798696","fromID":"1375555","toID":"1375558","formEdgeID":null},{"edgeID":"1798697","fromID":"1375558","toID":"1375554","formEdgeID":null},{"edgeID":"1798698","fromID":"1375549","toID":"1375559","formEdgeID":null},{"edgeID":"1798699","fromID":"1375559","toID":"1375555","formEdgeID":null},{"edgeID":"1798700","fromID":"1375548","toID":"1375560","formEdgeID":null},{"edgeID":"1798701","fromID":"1375560","toID":"1375542","formEdgeID":null},{"edgeID":"1798702","fromID":"1375554","toID":"1375561","formEdgeID":null},{"edgeID":"1798703","fromID":"1375561","toID":"1375548","formEdgeID":null},{"edgeID":"1798704","fromID":"1375559","toID":"1375562","formEdgeID":null},{"edgeID":"1798705","fromID":"1375562","toID":"1375561","formEdgeID":null},{"edgeID":"1798706","fromID":"1375553","toID":"1375563","formEdgeID":null},{"edgeID":"1798707","fromID":"1375563","toID":"1375560","formEdgeID":null},{"edgeID":"1798708","fromID":"1375566","toID":"1375565","formEdgeID":null},{"edgeID":"1798709","fromID":"1375567","toID":"1375566","formEdgeID":null},{"edgeID":"1798710","fromID":"1375565","toID":"1375568","formEdgeID":null},{"edgeID":"1798711","fromID":"1375568","toID":"1375564","formEdgeID":null},{"edgeID":"1798712","fromID":"1375555","toID":"1375569","formEdgeID":null},{"edgeID":"1798713","fromID":"1375569","toID":"1375565","formEdgeID":null},{"edgeID":"1798714","fromID":"1375564","toID":"1375570","formEdgeID":null},{"edgeID":"1798715","fromID":"1375570","toID":"1375554","formEdgeID":null},{"edgeID":"1798716","fromID":"1375569","toID":"1375571","formEdgeID":null},{"edgeID":"1798717","fromID":"1375571","toID":"1375570","formEdgeID":null},{"edgeID":"1798718","fromID":"1375574","toID":"1375573","formEdgeID":null},{"edgeID":"1798719","fromID":"1375575","toID":"1375574","formEdgeID":null},{"edgeID":"1798720","fromID":"1375573","toID":"1375576","formEdgeID":null},{"edgeID":"1798721","fromID":"1375576","toID":"1375572","formEdgeID":null},{"edgeID":"1798722","fromID":"1375565","toID":"1375577","formEdgeID":null},{"edgeID":"1798723","fromID":"1375577","toID":"1375573","formEdgeID":null},{"edgeID":"1798724","fromID":"1375572","toID":"1375578","formEdgeID":null},{"edgeID":"1798725","fromID":"1375578","toID":"1375564","formEdgeID":null},{"edgeID":"1798726","fromID":"1375577","toID":"1375579","formEdgeID":null},{"edgeID":"1798727","fromID":"1375579","toID":"1375578","formEdgeID":null},{"edgeID":"1798728","fromID":"1375582","toID":"1375581","formEdgeID":null},{"edgeID":"1798729","fromID":"1375583","toID":"1375582","formEdgeID":null},{"edgeID":"1798730","fromID":"1375581","toID":"1375584","formEdgeID":null},{"edgeID":"1798731","fromID":"1375584","toID":"1375580","formEdgeID":null},{"edgeID":"1798732","fromID":"1375573","toID":"1375585","formEdgeID":null},{"edgeID":"1798733","fromID":"1375585","toID":"1375581","formEdgeID":null},{"edgeID":"1798734","fromID":"1375580","toID":"1375586","formEdgeID":null},{"edgeID":"1798735","fromID":"1375586","toID":"1375572","formEdgeID":null},{"edgeID":"1798736","fromID":"1375585","toID":"1375587","formEdgeID":null},{"edgeID":"1798737","fromID":"1375587","toID":"1375586","formEdgeID":null},{"edgeID":"1798738","fromID":"1375590","toID":"1375589","formEdgeID":null},{"edgeID":"1798739","fromID":"1375591","toID":"1375590","formEdgeID":null},{"edgeID":"1798740","fromID":"1375589","toID":"1375592","formEdgeID":null},{"edgeID":"1798741","fromID":"1375592","toID":"1375588","formEdgeID":null},{"edgeID":"1798742","fromID":"1375581","toID":"1375593","formEdgeID":null},{"edgeID":"1798743","fromID":"1375593","toID":"1375589","formEdgeID":null},{"edgeID":"1798744","fromID":"1375588","toID":"1375594","formEdgeID":null},{"edgeID":"1798745","fromID":"1375594","toID":"1375580","formEdgeID":null},{"edgeID":"1798746","fromID":"1375593","toID":"1375595","formEdgeID":null},{"edgeID":"1798747","fromID":"1375595","toID":"1375594","formEdgeID":null},{"edgeID":"1798748","fromID":"1375598","toID":"1375597","formEdgeID":null},{"edgeID":"1798749","fromID":"1375599","toID":"1375598","formEdgeID":null},{"edgeID":"1798750","fromID":"1375597","toID":"1375600","formEdgeID":null},{"edgeID":"1798751","fromID":"1375600","toID":"1375596","formEdgeID":null},{"edgeID":"1798752","fromID":"1375589","toID":"1375601","formEdgeID":null},{"edgeID":"1798753","fromID":"1375601","toID":"1375597","formEdgeID":null},{"edgeID":"1798754","fromID":"1375596","toID":"1375602","formEdgeID":null},{"edgeID":"1798755","fromID":"1375602","toID":"1375588","formEdgeID":null},{"edgeID":"1798756","fromID":"1375601","toID":"1375603","formEdgeID":null},{"edgeID":"1798757","fromID":"1375603","toID":"1375602","formEdgeID":null},{"edgeID":"1798758","fromID":"1375606","toID":"1375605","formEdgeID":null},{"edgeID":"1798759","fromID":"1375607","toID":"1375606","formEdgeID":null},{"edgeID":"1798760","fromID":"1375605","toID":"1375608","formEdgeID":null},{"edgeID":"1798761","fromID":"1375608","toID":"1375604","formEdgeID":null},{"edgeID":"1798762","fromID":"1375589","toID":"1375609","formEdgeID":null},{"edgeID":"1798763","fromID":"1375609","toID":"1375605","formEdgeID":null},{"edgeID":"1798764","fromID":"1375604","toID":"1375610","formEdgeID":null},{"edgeID":"1798765","fromID":"1375610","toID":"1375588","formEdgeID":null},{"edgeID":"1798766","fromID":"1375609","toID":"1375611","formEdgeID":null},{"edgeID":"1798767","fromID":"1375611","toID":"1375610","formEdgeID":null},{"edgeID":"1798768","fromID":"1375614","toID":"1375613","formEdgeID":null},{"edgeID":"1798769","fromID":"1375615","toID":"1375614","formEdgeID":null},{"edgeID":"1798770","fromID":"1375613","toID":"1375616","formEdgeID":null},{"edgeID":"1798771","fromID":"1375616","toID":"1375612","formEdgeID":null},{"edgeID":"1798772","fromID":"1375605","toID":"1375617","formEdgeID":null},{"edgeID":"1798773","fromID":"1375617","toID":"1375613","formEdgeID":null},{"edgeID":"1798774","fromID":"1375612","toID":"1375618","formEdgeID":null},{"edgeID":"1798775","fromID":"1375618","toID":"1375604","formEdgeID":null},{"edgeID":"1798776","fromID":"1375617","toID":"1375619","formEdgeID":null},{"edgeID":"1798777","fromID":"1375619","toID":"1375618","formEdgeID":null},{"edgeID":"1798778","fromID":"1375622","toID":"1375621","formEdgeID":null},{"edgeID":"1798779","fromID":"1375623","toID":"1375622","formEdgeID":null},{"edgeID":"1798780","fromID":"1375621","toID":"1375624","formEdgeID":null},{"edgeID":"1798781","fromID":"1375624","toID":"1375620","formEdgeID":null},{"edgeID":"1798782","fromID":"1375613","toID":"1375625","formEdgeID":null},{"edgeID":"1798783","fromID":"1375625","toID":"1375621","formEdgeID":null},{"edgeID":"1798784","fromID":"1375612","toID":"1375626","formEdgeID":null},{"edgeID":"1798785","fromID":"1375626","toID":"1375620","formEdgeID":null},{"edgeID":"1798786","fromID":"1375604","toID":"1375626","formEdgeID":null},{"edgeID":"1798787","fromID":"1375625","toID":"1375627","formEdgeID":null},{"edgeID":"1798788","fromID":"1375627","toID":"1375626","formEdgeID":null},{"edgeID":"1798789","fromID":"1375630","toID":"1375629","formEdgeID":null},{"edgeID":"1798790","fromID":"1375631","toID":"1375630","formEdgeID":null},{"edgeID":"1798791","fromID":"1375629","toID":"1375632","formEdgeID":null},{"edgeID":"1798792","fromID":"1375632","toID":"1375628","formEdgeID":null},{"edgeID":"1798793","fromID":"1375621","toID":"1375633","formEdgeID":null},{"edgeID":"1798794","fromID":"1375633","toID":"1375629","formEdgeID":null},{"edgeID":"1798795","fromID":"1375636","toID":"1375635","formEdgeID":null},{"edgeID":"1798796","fromID":"1375637","toID":"1375636","formEdgeID":null},{"edgeID":"1798797","fromID":"1375635","toID":"1375638","formEdgeID":null},{"edgeID":"1798798","fromID":"1375638","toID":"1375634","formEdgeID":null},{"edgeID":"1798799","fromID":"1375629","toID":"1375639","formEdgeID":null},{"edgeID":"1798800","fromID":"1375639","toID":"1375635","formEdgeID":null},{"edgeID":"1798801","fromID":"1375634","toID":"1375640","formEdgeID":null},{"edgeID":"1798802","fromID":"1375640","toID":"1375628","formEdgeID":null},{"edgeID":"1798803","fromID":"1375639","toID":"1375641","formEdgeID":null},{"edgeID":"1798804","fromID":"1375641","toID":"1375640","formEdgeID":null},{"edgeID":"1798805","fromID":"1375644","toID":"1375643","formEdgeID":null},{"edgeID":"1798806","fromID":"1375645","toID":"1375644","formEdgeID":null},{"edgeID":"1798807","fromID":"1375643","toID":"1375646","formEdgeID":null},{"edgeID":"1798808","fromID":"1375646","toID":"1375642","formEdgeID":null},{"edgeID":"1798809","fromID":"1375635","toID":"1375647","formEdgeID":null},{"edgeID":"1798810","fromID":"1375647","toID":"1375643","formEdgeID":null},{"edgeID":"1798811","fromID":"1375634","toID":"1375648","formEdgeID":null},{"edgeID":"1798812","fromID":"1375648","toID":"1375642","formEdgeID":null},{"edgeID":"1798813","fromID":"1375628","toID":"1375648","formEdgeID":null},{"edgeID":"1798814","fromID":"1375647","toID":"1375649","formEdgeID":null},{"edgeID":"1798815","fromID":"1375649","toID":"1375648","formEdgeID":null},{"edgeID":"1798816","fromID":"1375652","toID":"1375651","formEdgeID":null},{"edgeID":"1798817","fromID":"1375653","toID":"1375652","formEdgeID":null},{"edgeID":"1798818","fromID":"1375651","toID":"1375654","formEdgeID":null},{"edgeID":"1798819","fromID":"1375654","toID":"1375650","formEdgeID":null},{"edgeID":"1798820","fromID":"1375643","toID":"1375655","formEdgeID":null},{"edgeID":"1798821","fromID":"1375655","toID":"1375651","formEdgeID":null},{"edgeID":"1798822","fromID":"1375650","toID":"1375656","formEdgeID":null},{"edgeID":"1798823","fromID":"1375656","toID":"1375642","formEdgeID":null},{"edgeID":"1798824","fromID":"1375655","toID":"1375657","formEdgeID":null},{"edgeID":"1798825","fromID":"1375657","toID":"1375656","formEdgeID":null},{"edgeID":"1798826","fromID":"1375660","toID":"1375659","formEdgeID":null},{"edgeID":"1798827","fromID":"1375661","toID":"1375660","formEdgeID":null},{"edgeID":"1798828","fromID":"1375659","toID":"1375662","formEdgeID":null},{"edgeID":"1798829","fromID":"1375662","toID":"1375658","formEdgeID":null},{"edgeID":"1798830","fromID":"1375651","toID":"1375663","formEdgeID":null},{"edgeID":"1798831","fromID":"1375663","toID":"1375659","formEdgeID":null},{"edgeID":"1798832","fromID":"1375666","toID":"1375665","formEdgeID":null},{"edgeID":"1798833","fromID":"1375667","toID":"1375666","formEdgeID":null},{"edgeID":"1798834","fromID":"1375665","toID":"1375668","formEdgeID":null},{"edgeID":"1798835","fromID":"1375668","toID":"1375664","formEdgeID":null},{"edgeID":"1798836","fromID":"1375659","toID":"1375669","formEdgeID":null},{"edgeID":"1798837","fromID":"1375669","toID":"1375665","formEdgeID":null},{"edgeID":"1798838","fromID":"1375658","toID":"1375670","formEdgeID":null},{"edgeID":"1798839","fromID":"1375670","toID":"1375628","formEdgeID":null},{"edgeID":"1798840","fromID":"1375664","toID":"1375670","formEdgeID":null},{"edgeID":"1798841","fromID":"1375629","toID":"1375671","formEdgeID":null},{"edgeID":"1798842","fromID":"1375671","toID":"1375665","formEdgeID":null},{"edgeID":"1798843","fromID":"1375671","toID":"1375672","formEdgeID":null},{"edgeID":"1798844","fromID":"1375672","toID":"1375670","formEdgeID":null},{"edgeID":"1798845","fromID":"1375664","toID":"1375673","formEdgeID":null},{"edgeID":"1798846","fromID":"1375673","toID":"1375658","formEdgeID":null},{"edgeID":"1798847","fromID":"1375669","toID":"1375674","formEdgeID":null},{"edgeID":"1798848","fromID":"1375674","toID":"1375673","formEdgeID":null},{"edgeID":"1798849","fromID":"1375658","toID":"1375675","formEdgeID":null},{"edgeID":"1798850","fromID":"1375675","toID":"1375650","formEdgeID":null},{"edgeID":"1798851","fromID":"1375663","toID":"1375676","formEdgeID":null},{"edgeID":"1798852","fromID":"1375676","toID":"1375675","formEdgeID":null},{"edgeID":"1798853","fromID":"1375549","toID":"1375677","formEdgeID":null},{"edgeID":"1798854","fromID":"1375677","toID":"1375635","formEdgeID":null},{"edgeID":"1798855","fromID":"1375634","toID":"1375678","formEdgeID":null},{"edgeID":"1798856","fromID":"1375678","toID":"1375548","formEdgeID":null},{"edgeID":"1798857","fromID":"1375677","toID":"1375679","formEdgeID":null},{"edgeID":"1798858","fromID":"1375679","toID":"1375678","formEdgeID":null}],"locutions":[]}