{"nodes":[{"nodeID":"1375110","text":"Peter Hitchens is puzzled at the lack of discussion of rejoining the European single market","type":"I","timestamp":"2023-11-09 14:46:39"},{"nodeID":"1375111","text":"Peter Hitchens: I am puzzled at the lack of discussion of these matters","type":"L","timestamp":"2023-11-09 14:46:39"},{"nodeID":"1375112","text":"Analysing","type":"YA","timestamp":"2023-11-09 14:46:39"},{"nodeID":"1375113","text":"Fyfe: Peter Hitchens: I am puzzled at the lack of discussion of these matters","type":"L","timestamp":"2023-11-09 14:46:39"},{"nodeID":"1375114","text":"Asserting","type":"YA","timestamp":"2023-11-09 14:46:39"},{"nodeID":"1375115","text":"Brexit seems to have been from the start, a mess, of what was, rather a noble campaign to restore this country's independence","type":"I","timestamp":"2023-11-09 14:46:39"},{"nodeID":"1375116","text":"Peter Hitchens: The whole thing seems to me to have been from the start, a mess, of what was, as far as I was concerned, rather a noble campaign to restore this country's independent","type":"L","timestamp":"2023-11-09 14:46:39"},{"nodeID":"1375117","text":"Analysing","type":"YA","timestamp":"2023-11-09 14:46:39"},{"nodeID":"1375118","text":"Fyfe: Peter Hitchens: The whole thing seems to me to have been from the start, a mess, of what was, as far as I was concerned, rather a noble campaign to restore this country's independent","type":"L","timestamp":"2023-11-09 14:46:39"},{"nodeID":"1375119","text":"Asserting","type":"YA","timestamp":"2023-11-09 14:46:39"},{"nodeID":"1375120","text":"Default Transition","type":"TA","timestamp":"2023-11-09 14:46:39"},{"nodeID":"1375121","text":"Brexit turned into some kind of weird campaign to turn Britain into Singapore on Thames","type":"I","timestamp":"2023-11-09 14:46:40"},{"nodeID":"1375122","text":"Peter Hitchens: turned into some kind of weird campaign to turn Britain into Singapore on Thames","type":"L","timestamp":"2023-11-09 14:46:40"},{"nodeID":"1375123","text":"Analysing","type":"YA","timestamp":"2023-11-09 14:46:40"},{"nodeID":"1375124","text":"Fyfe: Peter Hitchens: turned into some kind of weird campaign to turn Britain into Singapore on Thames","type":"L","timestamp":"2023-11-09 14:46:40"},{"nodeID":"1375125","text":"Asserting","type":"YA","timestamp":"2023-11-09 14:46:40"},{"nodeID":"1375126","text":"turning Britain into Singapore is not a particularly attractive prospect","type":"I","timestamp":"2023-11-09 14:46:40"},{"nodeID":"1375127","text":"Peter Hitchens: Which isn't, to me, a particularly attractive prospect","type":"L","timestamp":"2023-11-09 14:46:40"},{"nodeID":"1375128","text":"Analysing","type":"YA","timestamp":"2023-11-09 14:46:40"},{"nodeID":"1375129","text":"Fyfe: Peter Hitchens: Which isn't, to me, a particularly attractive prospect","type":"L","timestamp":"2023-11-09 14:46:40"},{"nodeID":"1375130","text":"Asserting","type":"YA","timestamp":"2023-11-09 14:46:40"},{"nodeID":"1375131","text":"Default Transition","type":"TA","timestamp":"2023-11-09 14:46:40"},{"nodeID":"1375132","text":"turning Britain into Singapore on Thames has not happened","type":"I","timestamp":"2023-11-09 14:46:41"},{"nodeID":"1375133","text":"Peter Hitchens: it rather obviously hasn\u2019t happened","type":"L","timestamp":"2023-11-09 14:46:41"},{"nodeID":"1375134","text":"Analysing","type":"YA","timestamp":"2023-11-09 14:46:41"},{"nodeID":"1375135","text":"Fyfe: Peter Hitchens: it rather obviously hasn\u2019t happened","type":"L","timestamp":"2023-11-09 14:46:41"},{"nodeID":"1375136","text":"Asserting","type":"YA","timestamp":"2023-11-09 14:46:41"},{"nodeID":"1375137","text":"Brexit was protect vital characteristics of the country, such as its very unique, and rather good legal system","type":"I","timestamp":"2023-11-09 14:46:42"},{"nodeID":"1375138","text":"Peter Hitchens: particularly, to protect vital characteristics of it, such as its very unique, and rather good legal system","type":"L","timestamp":"2023-11-09 14:46:42"},{"nodeID":"1375139","text":"Analysing","type":"YA","timestamp":"2023-11-09 14:46:42"},{"nodeID":"1375140","text":"Fyfe: Peter Hitchens: particularly, to protect vital characteristics of it, such as its very unique, and rather good legal system","type":"L","timestamp":"2023-11-09 14:46:42"},{"nodeID":"1375141","text":"Asserting","type":"YA","timestamp":"2023-11-09 14:46:42"},{"nodeID":"1375142","text":"Default Transition","type":"TA","timestamp":"2023-11-09 14:46:42"},{"nodeID":"1375143","text":"Default Transition","type":"TA","timestamp":"2023-11-09 14:46:42"},{"nodeID":"1375144","text":"Peter Hitchens is the wrong person to ask","type":"I","timestamp":"2023-11-09 14:46:42"},{"nodeID":"1375145","text":"Peter Hitchens:  I'm rather the wrong person to ask","type":"L","timestamp":"2023-11-09 14:46:42"},{"nodeID":"1375146","text":"Analysing","type":"YA","timestamp":"2023-11-09 14:46:42"},{"nodeID":"1375147","text":"Fyfe: Peter Hitchens:  I'm rather the wrong person to ask","type":"L","timestamp":"2023-11-09 14:46:42"},{"nodeID":"1375148","text":"Asserting","type":"YA","timestamp":"2023-11-09 14:46:42"},{"nodeID":"1375149","text":"Default Transition","type":"TA","timestamp":"2023-11-09 14:46:42"},{"nodeID":"1375150","text":"Peter Hitchens thinks Fiona Bruce need to ask Jacob Rees-Mogg","type":"I","timestamp":"2023-11-09 14:46:43"},{"nodeID":"1375151","text":"Peter Hitchens: You need to ask, I think, Jacob","type":"L","timestamp":"2023-11-09 14:46:43"},{"nodeID":"1375152","text":"Analysing","type":"YA","timestamp":"2023-11-09 14:46:43"},{"nodeID":"1375153","text":"Fyfe: Peter Hitchens: You need to ask, I think, Jacob","type":"L","timestamp":"2023-11-09 14:46:43"},{"nodeID":"1375154","text":"Asserting","type":"YA","timestamp":"2023-11-09 14:46:43"},{"nodeID":"1375155","text":"Default Rephrase","type":"MA","timestamp":"2023-11-09 14:46:43"},{"nodeID":"1375156","text":"Restating","type":"YA","timestamp":"2023-11-09 14:46:43"},{"nodeID":"1375157","text":"Default Rephrase","type":"MA","timestamp":"2023-11-09 14:46:43"},{"nodeID":"1375158","text":"Restating","type":"YA","timestamp":"2023-11-09 14:46:43"},{"nodeID":"1375159","text":"Default Conflict","type":"CA","timestamp":"2023-11-09 14:46:43"},{"nodeID":"1375160","text":"Disagreeing","type":"YA","timestamp":"2023-11-09 14:46:43"},{"nodeID":"1375161","text":"Default Rephrase","type":"MA","timestamp":"2023-11-09 14:46:43"},{"nodeID":"1375162","text":"Jacob Rees-Mogg was or was not Minister for Brexit Opportunities","type":"I","timestamp":"2023-11-09 14:46:44"},{"nodeID":"1375163","text":"Fiona Bruce: you were, was it Minister for Brexit Opportunities","type":"L","timestamp":"2023-11-09 14:46:44"},{"nodeID":"1375164","text":"Analysing","type":"YA","timestamp":"2023-11-09 14:46:44"},{"nodeID":"1375165","text":"Fyfe: Fiona Bruce: you were, was it Minister for Brexit Opportunities","type":"L","timestamp":"2023-11-09 14:46:44"},{"nodeID":"1375166","text":"Pure Questioning","type":"YA","timestamp":"2023-11-09 14:46:44"},{"nodeID":"1375167","text":"Default Transition","type":"TA","timestamp":"2023-11-09 14:46:44"},{"nodeID":"1375168","text":"Jacob Rees-Mogg was Minister for Brexit Opportunities","type":"I","timestamp":"2023-11-09 14:46:44"},{"nodeID":"1375169","text":"Jacob Rees-Mogg:  I was, yes","type":"L","timestamp":"2023-11-09 14:46:44"},{"nodeID":"1375170","text":"Analysing","type":"YA","timestamp":"2023-11-09 14:46:44"},{"nodeID":"1375171","text":"Fyfe: Jacob Rees-Mogg:  I was, yes","type":"L","timestamp":"2023-11-09 14:46:44"},{"nodeID":"1375172","text":"Asserting","type":"YA","timestamp":"2023-11-09 14:46:44"},{"nodeID":"1375173","text":"Default Transition","type":"TA","timestamp":"2023-11-09 14:46:44"},{"nodeID":"1375174","text":"Default Rephrase","type":"MA","timestamp":"2023-11-09 14:46:44"},{"nodeID":"1375175","text":"Default Illocuting","type":"YA","timestamp":"2023-11-09 14:46:44"},{"nodeID":"1375176","text":"Graham should be told, while he's fuming in his passport queue, what Brexit benefits he should console himself with","type":"I","timestamp":"2023-11-09 14:46:45"},{"nodeID":"1375177","text":"Fiona Bruce: tell Graham, while he's fuming in his passport queue, what Brexit benefits he should console himself with","type":"L","timestamp":"2023-11-09 14:46:45"},{"nodeID":"1375178","text":"Analysing","type":"YA","timestamp":"2023-11-09 14:46:45"},{"nodeID":"1375179","text":"Fyfe: Fiona Bruce: tell Graham, while he's fuming in his passport queue, what Brexit benefits he should console himself with","type":"L","timestamp":"2023-11-09 14:46:45"},{"nodeID":"1375180","text":"Asserting","type":"YA","timestamp":"2023-11-09 14:46:45"},{"nodeID":"1375181","text":"Default Transition","type":"TA","timestamp":"2023-11-09 14:46:45"},{"nodeID":"1375182","text":"Jacob Rees-Mogg would tell Graham to go to holiday in Portugal","type":"I","timestamp":"2023-11-09 14:46:46"},{"nodeID":"1375183","text":"Jacob Rees-Mogg: I'd tell him to go to holiday in Portugal","type":"L","timestamp":"2023-11-09 14:46:46"},{"nodeID":"1375184","text":"Analysing","type":"YA","timestamp":"2023-11-09 14:46:46"},{"nodeID":"1375185","text":"Fyfe: Jacob Rees-Mogg: I'd tell him to go to holiday in Portugal","type":"L","timestamp":"2023-11-09 14:46:46"},{"nodeID":"1375186","text":"Asserting","type":"YA","timestamp":"2023-11-09 14:46:46"},{"nodeID":"1375187","text":"Default Transition","type":"TA","timestamp":"2023-11-09 14:46:46"},{"nodeID":"1375188","text":"Default Rephrase","type":"MA","timestamp":"2023-11-09 14:46:46"},{"nodeID":"1375189","text":"Restating","type":"YA","timestamp":"2023-11-09 14:46:46"},{"nodeID":"1375190","text":"the Portuguese have given us access to their e-gates","type":"I","timestamp":"2023-11-09 14:46:46"},{"nodeID":"1375191","text":"Jacob Rees-Mogg: the Portuguese have given us access to their e-gates","type":"L","timestamp":"2023-11-09 14:46:46"},{"nodeID":"1375192","text":"Analysing","type":"YA","timestamp":"2023-11-09 14:46:46"},{"nodeID":"1375193","text":"Fyfe: Jacob Rees-Mogg: the Portuguese have given us access to their e-gates","type":"L","timestamp":"2023-11-09 14:46:46"},{"nodeID":"1375194","text":"Asserting","type":"YA","timestamp":"2023-11-09 14:46:46"},{"nodeID":"1375195","text":"Default Transition","type":"TA","timestamp":"2023-11-09 14:46:46"},{"nodeID":"1375196","text":"the Portuguese recognise that having British tourists is a good thing to do","type":"I","timestamp":"2023-11-09 14:46:47"},{"nodeID":"1375197","text":"Jacob Rees-Mogg: they recognise that having British tourists is a good thing to do","type":"L","timestamp":"2023-11-09 14:46:47"},{"nodeID":"1375198","text":"Analysing","type":"YA","timestamp":"2023-11-09 14:46:47"},{"nodeID":"1375199","text":"Fyfe: Jacob Rees-Mogg: they recognise that having British tourists is a good thing to do","type":"L","timestamp":"2023-11-09 14:46:47"},{"nodeID":"1375200","text":"Asserting","type":"YA","timestamp":"2023-11-09 14:46:47"},{"nodeID":"1375201","text":"Default Inference","type":"RA","timestamp":"2023-11-09 14:46:47"},{"nodeID":"1375202","text":"Arguing","type":"YA","timestamp":"2023-11-09 14:46:47"},{"nodeID":"1375203","text":"Default Transition","type":"TA","timestamp":"2023-11-09 14:46:47"},{"nodeID":"1375204","text":"Restating","type":"YA","timestamp":"2023-11-09 14:46:47"},{"nodeID":"1375205","text":"it is not Peter Hitchens' fault","type":"I","timestamp":"2023-11-09 14:46:47"},{"nodeID":"1375206","text":"Peter Hitchens: it's not my fault","type":"L","timestamp":"2023-11-09 14:46:47"},{"nodeID":"1375207","text":"Analysing","type":"YA","timestamp":"2023-11-09 14:46:47"},{"nodeID":"1375208","text":"Fyfe: Peter Hitchens: it's not my fault","type":"L","timestamp":"2023-11-09 14:46:47"},{"nodeID":"1375209","text":"Asserting","type":"YA","timestamp":"2023-11-09 14:46:47"},{"nodeID":"1375210","text":"Default Transition","type":"TA","timestamp":"2023-11-09 14:46:47"},{"nodeID":"1375211","text":"Peter Hitchens cannot often say that isn't his fault","type":"I","timestamp":"2023-11-09 14:46:48"},{"nodeID":"1375212","text":"Peter Hitchens: I can't often say that","type":"L","timestamp":"2023-11-09 14:46:48"},{"nodeID":"1375213","text":"Analysing","type":"YA","timestamp":"2023-11-09 14:46:48"},{"nodeID":"1375214","text":"Fyfe: Peter Hitchens: I can't often say that","type":"L","timestamp":"2023-11-09 14:46:48"},{"nodeID":"1375215","text":"Asserting","type":"YA","timestamp":"2023-11-09 14:46:48"},{"nodeID":"1375216","text":"Default Transition","type":"TA","timestamp":"2023-11-09 14:46:48"},{"nodeID":"1375217","text":"Peter Hitchens can this time, it really, really is not my fault","type":"I","timestamp":"2023-11-09 14:46:49"},{"nodeID":"1375218","text":"Peter Hitchens: I can this time, it really, really isn't my fault","type":"L","timestamp":"2023-11-09 14:46:49"},{"nodeID":"1375219","text":"Analysing","type":"YA","timestamp":"2023-11-09 14:46:49"},{"nodeID":"1375220","text":"Fyfe: Peter Hitchens: I can this time, it really, really isn't my fault","type":"L","timestamp":"2023-11-09 14:46:49"},{"nodeID":"1375221","text":"Asserting","type":"YA","timestamp":"2023-11-09 14:46:49"},{"nodeID":"1375222","text":"Default Transition","type":"TA","timestamp":"2023-11-09 14:46:49"},{"nodeID":"1375223","text":"Default Transition","type":"TA","timestamp":"2023-11-09 14:46:49"},{"nodeID":"1375224","text":"Default Conflict","type":"CA","timestamp":"2023-11-09 14:46:49"},{"nodeID":"1375225","text":"Disagreeing","type":"YA","timestamp":"2023-11-09 14:46:49"},{"nodeID":"1375226","text":"Default Rephrase","type":"MA","timestamp":"2023-11-09 14:46:49"},{"nodeID":"1375227","text":"Restating","type":"YA","timestamp":"2023-11-09 14:46:49"},{"nodeID":"1375228","text":"Default Inference","type":"RA","timestamp":"2023-11-09 14:46:49"},{"nodeID":"1375229","text":"Default Transition","type":"TA","timestamp":"2023-11-09 14:46:49"},{"nodeID":"1375230","text":"Arguing","type":"YA","timestamp":"2023-11-09 14:46:49"},{"nodeID":"1375231","text":"Default Transition","type":"TA","timestamp":"2023-11-09 14:46:49"},{"nodeID":"1375232","text":"Default Inference","type":"RA","timestamp":"2023-11-09 14:46:49"},{"nodeID":"1375233","text":"Arguing","type":"YA","timestamp":"2023-11-09 14:46:49"}],"edges":[{"edgeID":"1798174","fromID":"1375112","toID":"1375111","formEdgeID":null},{"edgeID":"1798175","fromID":"1375113","toID":"1375112","formEdgeID":null},{"edgeID":"1798176","fromID":"1375111","toID":"1375114","formEdgeID":null},{"edgeID":"1798177","fromID":"1375114","toID":"1375110","formEdgeID":null},{"edgeID":"1798178","fromID":"1375117","toID":"1375116","formEdgeID":null},{"edgeID":"1798179","fromID":"1375118","toID":"1375117","formEdgeID":null},{"edgeID":"1798180","fromID":"1375116","toID":"1375119","formEdgeID":null},{"edgeID":"1798181","fromID":"1375119","toID":"1375115","formEdgeID":null},{"edgeID":"1798182","fromID":"1375111","toID":"1375120","formEdgeID":null},{"edgeID":"1798183","fromID":"1375120","toID":"1375116","formEdgeID":null},{"edgeID":"1798184","fromID":"1375123","toID":"1375122","formEdgeID":null},{"edgeID":"1798185","fromID":"1375124","toID":"1375123","formEdgeID":null},{"edgeID":"1798186","fromID":"1375122","toID":"1375125","formEdgeID":null},{"edgeID":"1798187","fromID":"1375125","toID":"1375121","formEdgeID":null},{"edgeID":"1798188","fromID":"1375128","toID":"1375127","formEdgeID":null},{"edgeID":"1798189","fromID":"1375129","toID":"1375128","formEdgeID":null},{"edgeID":"1798190","fromID":"1375127","toID":"1375130","formEdgeID":null},{"edgeID":"1798191","fromID":"1375130","toID":"1375126","formEdgeID":null},{"edgeID":"1798192","fromID":"1375122","toID":"1375131","formEdgeID":null},{"edgeID":"1798193","fromID":"1375131","toID":"1375127","formEdgeID":null},{"edgeID":"1798194","fromID":"1375134","toID":"1375133","formEdgeID":null},{"edgeID":"1798195","fromID":"1375135","toID":"1375134","formEdgeID":null},{"edgeID":"1798196","fromID":"1375133","toID":"1375136","formEdgeID":null},{"edgeID":"1798197","fromID":"1375136","toID":"1375132","formEdgeID":null},{"edgeID":"1798198","fromID":"1375139","toID":"1375138","formEdgeID":null},{"edgeID":"1798199","fromID":"1375140","toID":"1375139","formEdgeID":null},{"edgeID":"1798200","fromID":"1375138","toID":"1375141","formEdgeID":null},{"edgeID":"1798201","fromID":"1375141","toID":"1375137","formEdgeID":null},{"edgeID":"1798202","fromID":"1375116","toID":"1375142","formEdgeID":null},{"edgeID":"1798203","fromID":"1375142","toID":"1375138","formEdgeID":null},{"edgeID":"1798204","fromID":"1375138","toID":"1375143","formEdgeID":null},{"edgeID":"1798205","fromID":"1375143","toID":"1375122","formEdgeID":null},{"edgeID":"1798206","fromID":"1375146","toID":"1375145","formEdgeID":null},{"edgeID":"1798207","fromID":"1375147","toID":"1375146","formEdgeID":null},{"edgeID":"1798208","fromID":"1375145","toID":"1375148","formEdgeID":null},{"edgeID":"1798209","fromID":"1375148","toID":"1375144","formEdgeID":null},{"edgeID":"1798210","fromID":"1375133","toID":"1375149","formEdgeID":null},{"edgeID":"1798211","fromID":"1375149","toID":"1375145","formEdgeID":null},{"edgeID":"1798212","fromID":"1375152","toID":"1375151","formEdgeID":null},{"edgeID":"1798213","fromID":"1375153","toID":"1375152","formEdgeID":null},{"edgeID":"1798214","fromID":"1375151","toID":"1375154","formEdgeID":null},{"edgeID":"1798215","fromID":"1375154","toID":"1375150","formEdgeID":null},{"edgeID":"1798216","fromID":"1375137","toID":"1375155","formEdgeID":null},{"edgeID":"1798217","fromID":"1375155","toID":"1375115","formEdgeID":null},{"edgeID":"1798218","fromID":"1375142","toID":"1375156","formEdgeID":null},{"edgeID":"1798219","fromID":"1375156","toID":"1375155","formEdgeID":null},{"edgeID":"1798220","fromID":"1375121","toID":"1375157","formEdgeID":null},{"edgeID":"1798221","fromID":"1375157","toID":"1375115","formEdgeID":null},{"edgeID":"1798222","fromID":"1375143","toID":"1375158","formEdgeID":null},{"edgeID":"1798223","fromID":"1375158","toID":"1375157","formEdgeID":null},{"edgeID":"1798224","fromID":"1375126","toID":"1375159","formEdgeID":null},{"edgeID":"1798225","fromID":"1375159","toID":"1375121","formEdgeID":null},{"edgeID":"1798226","fromID":"1375131","toID":"1375160","formEdgeID":null},{"edgeID":"1798227","fromID":"1375160","toID":"1375159","formEdgeID":null},{"edgeID":"1798228","fromID":"1375132","toID":"1375161","formEdgeID":null},{"edgeID":"1798229","fromID":"1375161","toID":"1375121","formEdgeID":null},{"edgeID":"1798230","fromID":"1375164","toID":"1375163","formEdgeID":null},{"edgeID":"1798231","fromID":"1375165","toID":"1375164","formEdgeID":null},{"edgeID":"1798232","fromID":"1375163","toID":"1375166","formEdgeID":null},{"edgeID":"1798233","fromID":"1375166","toID":"1375162","formEdgeID":null},{"edgeID":"1798234","fromID":"1375151","toID":"1375167","formEdgeID":null},{"edgeID":"1798235","fromID":"1375167","toID":"1375163","formEdgeID":null},{"edgeID":"1798236","fromID":"1375170","toID":"1375169","formEdgeID":null},{"edgeID":"1798237","fromID":"1375171","toID":"1375170","formEdgeID":null},{"edgeID":"1798238","fromID":"1375169","toID":"1375172","formEdgeID":null},{"edgeID":"1798239","fromID":"1375172","toID":"1375168","formEdgeID":null},{"edgeID":"1798240","fromID":"1375163","toID":"1375173","formEdgeID":null},{"edgeID":"1798241","fromID":"1375173","toID":"1375169","formEdgeID":null},{"edgeID":"1798242","fromID":"1375168","toID":"1375174","formEdgeID":null},{"edgeID":"1798243","fromID":"1375174","toID":"1375162","formEdgeID":null},{"edgeID":"1798244","fromID":"1375173","toID":"1375175","formEdgeID":null},{"edgeID":"1798245","fromID":"1375175","toID":"1375174","formEdgeID":null},{"edgeID":"1798246","fromID":"1375178","toID":"1375177","formEdgeID":null},{"edgeID":"1798247","fromID":"1375179","toID":"1375178","formEdgeID":null},{"edgeID":"1798248","fromID":"1375177","toID":"1375180","formEdgeID":null},{"edgeID":"1798249","fromID":"1375180","toID":"1375176","formEdgeID":null},{"edgeID":"1798250","fromID":"1375169","toID":"1375181","formEdgeID":null},{"edgeID":"1798251","fromID":"1375181","toID":"1375177","formEdgeID":null},{"edgeID":"1798252","fromID":"1375184","toID":"1375183","formEdgeID":null},{"edgeID":"1798253","fromID":"1375185","toID":"1375184","formEdgeID":null},{"edgeID":"1798254","fromID":"1375183","toID":"1375186","formEdgeID":null},{"edgeID":"1798255","fromID":"1375186","toID":"1375182","formEdgeID":null},{"edgeID":"1798256","fromID":"1375177","toID":"1375187","formEdgeID":null},{"edgeID":"1798257","fromID":"1375187","toID":"1375183","formEdgeID":null},{"edgeID":"1798258","fromID":"1375182","toID":"1375188","formEdgeID":null},{"edgeID":"1798259","fromID":"1375188","toID":"1375176","formEdgeID":null},{"edgeID":"1798260","fromID":"1375187","toID":"1375189","formEdgeID":null},{"edgeID":"1798261","fromID":"1375189","toID":"1375188","formEdgeID":null},{"edgeID":"1798262","fromID":"1375192","toID":"1375191","formEdgeID":null},{"edgeID":"1798263","fromID":"1375193","toID":"1375192","formEdgeID":null},{"edgeID":"1798264","fromID":"1375191","toID":"1375194","formEdgeID":null},{"edgeID":"1798265","fromID":"1375194","toID":"1375190","formEdgeID":null},{"edgeID":"1798266","fromID":"1375183","toID":"1375195","formEdgeID":null},{"edgeID":"1798267","fromID":"1375195","toID":"1375191","formEdgeID":null},{"edgeID":"1798268","fromID":"1375198","toID":"1375197","formEdgeID":null},{"edgeID":"1798269","fromID":"1375199","toID":"1375198","formEdgeID":null},{"edgeID":"1798270","fromID":"1375197","toID":"1375200","formEdgeID":null},{"edgeID":"1798271","fromID":"1375200","toID":"1375196","formEdgeID":null},{"edgeID":"1798272","fromID":"1375190","toID":"1375201","formEdgeID":null},{"edgeID":"1798273","fromID":"1375201","toID":"1375182","formEdgeID":null},{"edgeID":"1798274","fromID":"1375195","toID":"1375202","formEdgeID":null},{"edgeID":"1798275","fromID":"1375202","toID":"1375201","formEdgeID":null},{"edgeID":"1798276","fromID":"1375122","toID":"1375203","formEdgeID":null},{"edgeID":"1798277","fromID":"1375203","toID":"1375133","formEdgeID":null},{"edgeID":"1798278","fromID":"1375203","toID":"1375204","formEdgeID":null},{"edgeID":"1798279","fromID":"1375204","toID":"1375161","formEdgeID":null},{"edgeID":"1798280","fromID":"1375207","toID":"1375206","formEdgeID":null},{"edgeID":"1798281","fromID":"1375208","toID":"1375207","formEdgeID":null},{"edgeID":"1798282","fromID":"1375206","toID":"1375209","formEdgeID":null},{"edgeID":"1798283","fromID":"1375209","toID":"1375205","formEdgeID":null},{"edgeID":"1798284","fromID":"1375145","toID":"1375210","formEdgeID":null},{"edgeID":"1798285","fromID":"1375210","toID":"1375206","formEdgeID":null},{"edgeID":"1798286","fromID":"1375213","toID":"1375212","formEdgeID":null},{"edgeID":"1798287","fromID":"1375214","toID":"1375213","formEdgeID":null},{"edgeID":"1798288","fromID":"1375212","toID":"1375215","formEdgeID":null},{"edgeID":"1798289","fromID":"1375215","toID":"1375211","formEdgeID":null},{"edgeID":"1798290","fromID":"1375206","toID":"1375216","formEdgeID":null},{"edgeID":"1798291","fromID":"1375216","toID":"1375212","formEdgeID":null},{"edgeID":"1798292","fromID":"1375219","toID":"1375218","formEdgeID":null},{"edgeID":"1798293","fromID":"1375220","toID":"1375219","formEdgeID":null},{"edgeID":"1798294","fromID":"1375218","toID":"1375221","formEdgeID":null},{"edgeID":"1798295","fromID":"1375221","toID":"1375217","formEdgeID":null},{"edgeID":"1798296","fromID":"1375212","toID":"1375222","formEdgeID":null},{"edgeID":"1798297","fromID":"1375222","toID":"1375218","formEdgeID":null},{"edgeID":"1798298","fromID":"1375218","toID":"1375223","formEdgeID":null},{"edgeID":"1798299","fromID":"1375223","toID":"1375151","formEdgeID":null},{"edgeID":"1798300","fromID":"1375217","toID":"1375224","formEdgeID":null},{"edgeID":"1798301","fromID":"1375224","toID":"1375211","formEdgeID":null},{"edgeID":"1798302","fromID":"1375222","toID":"1375225","formEdgeID":null},{"edgeID":"1798303","fromID":"1375225","toID":"1375224","formEdgeID":null},{"edgeID":"1798304","fromID":"1375211","toID":"1375226","formEdgeID":null},{"edgeID":"1798305","fromID":"1375226","toID":"1375205","formEdgeID":null},{"edgeID":"1798306","fromID":"1375216","toID":"1375227","formEdgeID":null},{"edgeID":"1798307","fromID":"1375227","toID":"1375226","formEdgeID":null},{"edgeID":"1798308","fromID":"1375144","toID":"1375228","formEdgeID":null},{"edgeID":"1798309","fromID":"1375228","toID":"1375150","formEdgeID":null},{"edgeID":"1798310","fromID":"1375145","toID":"1375229","formEdgeID":null},{"edgeID":"1798311","fromID":"1375229","toID":"1375151","formEdgeID":null},{"edgeID":"1798312","fromID":"1375229","toID":"1375230","formEdgeID":null},{"edgeID":"1798313","fromID":"1375230","toID":"1375228","formEdgeID":null},{"edgeID":"1798314","fromID":"1375191","toID":"1375231","formEdgeID":null},{"edgeID":"1798315","fromID":"1375231","toID":"1375197","formEdgeID":null},{"edgeID":"1798316","fromID":"1375196","toID":"1375232","formEdgeID":null},{"edgeID":"1798317","fromID":"1375232","toID":"1375190","formEdgeID":null},{"edgeID":"1798318","fromID":"1375231","toID":"1375233","formEdgeID":null},{"edgeID":"1798319","fromID":"1375233","toID":"1375232","formEdgeID":null}],"locutions":[]}