{"nodes":[{"nodeID":"1356264","text":"Peter Hitchens doesn't think it's unreasonable for people to say that nurses shouldn't strike","type":"I","timestamp":"2023-11-09 14:18:22"},{"nodeID":"1356265","text":"Anon: Peter Hitchens: I don't think it's unreasonable for people to say, especially since your own organisation used to say it, that nurses shouldn't strike.","type":"L","timestamp":"2023-11-09 14:18:22"},{"nodeID":"1356266","text":"Peter Hitchens: I don't think it's unreasonable for people to say, especially since your own organisation used to say it, that nurses shouldn't strike.","type":"L","timestamp":"2023-11-09 14:18:22"},{"nodeID":"1356267","text":"Analysing","type":"YA","timestamp":"2023-11-09 14:18:22"},{"nodeID":"1356268","text":"Asserting","type":"YA","timestamp":"2023-11-09 14:18:22"},{"nodeID":"1356269","text":"RCN used to say nurses shouldn't strike","type":"I","timestamp":"2023-11-09 14:18:23"},{"nodeID":"1356270","text":"Peter Hitchens: since your own organisation used to say it","type":"L","timestamp":"2023-11-09 14:18:23"},{"nodeID":"1356271","text":"Analysing","type":"YA","timestamp":"2023-11-09 14:18:23"},{"nodeID":"1356272","text":"Anon: Peter Hitchens: since your own organisation used to say it","type":"L","timestamp":"2023-11-09 14:18:23"},{"nodeID":"1356273","text":"Asserting","type":"YA","timestamp":"2023-11-09 14:18:23"},{"nodeID":"1356274","text":"Default Transition","type":"TA","timestamp":"2023-11-09 14:18:23"},{"nodeID":"1356275","text":"Default Inference","type":"RA","timestamp":"2023-11-09 14:18:23"},{"nodeID":"1356276","text":"Arguing","type":"YA","timestamp":"2023-11-09 14:18:23"},{"nodeID":"1356277","text":"saying that nurses should not be able to strike is not the same as saying nurses shouldn't be well paid","type":"I","timestamp":"2023-11-09 14:18:24"},{"nodeID":"1356278","text":"Peter Hitchens:  it's not the same thing as saying, nurses shouldn't be well paid.","type":"L","timestamp":"2023-11-09 14:18:24"},{"nodeID":"1356279","text":"Analysing","type":"YA","timestamp":"2023-11-09 14:18:24"},{"nodeID":"1356280","text":"Anon: Peter Hitchens:  it's not the same thing as saying, nurses shouldn't be well paid.","type":"L","timestamp":"2023-11-09 14:18:24"},{"nodeID":"1356281","text":"Asserting","type":"YA","timestamp":"2023-11-09 14:18:24"},{"nodeID":"1356282","text":"Default Transition","type":"TA","timestamp":"2023-11-09 14:18:24"},{"nodeID":"1356283","text":"Default Inference","type":"RA","timestamp":"2023-11-09 14:18:24"},{"nodeID":"1356284","text":"Arguing","type":"YA","timestamp":"2023-11-09 14:18:24"},{"nodeID":"1356285","text":"the Government should understand, as they have for many years with the police that some people, such as nurses can't be expected to be able to strike","type":"I","timestamp":"2023-11-09 14:18:24"},{"nodeID":"1356286","text":"Peter Hitchens: Government should understand, as they have for many years with the police, that you can't actually expect certain people to be able to strike","type":"L","timestamp":"2023-11-09 14:18:24"},{"nodeID":"1356287","text":"Analysing","type":"YA","timestamp":"2023-11-09 14:18:24"},{"nodeID":"1356288","text":"Anon: Peter Hitchens: Government should understand, as they have for many years with the police, that you can't actually expect certain people to be able to strike","type":"L","timestamp":"2023-11-09 14:18:24"},{"nodeID":"1356289","text":"Asserting","type":"YA","timestamp":"2023-11-09 14:18:24"},{"nodeID":"1356290","text":"Default Transition","type":"TA","timestamp":"2023-11-09 14:18:24"},{"nodeID":"1356291","text":"Peter Hitchens: they have for many years with the police","type":"L","timestamp":"2023-11-09 14:18:24"},{"nodeID":"1356292","text":"Analysing","type":"YA","timestamp":"2023-11-09 14:18:24"},{"nodeID":"1356293","text":"Anon: Peter Hitchens: they have for many years with the police","type":"L","timestamp":"2023-11-09 14:18:24"},{"nodeID":"1356294","text":"Default Transition","type":"TA","timestamp":"2023-11-09 14:18:24"},{"nodeID":"1356295","text":"to avoid strikes, nurses must be better rewarded","type":"I","timestamp":"2023-11-09 14:18:25"},{"nodeID":"1356296","text":"Peter Hitchens: they must be better rewarded","type":"L","timestamp":"2023-11-09 14:18:25"},{"nodeID":"1356297","text":"Analysing","type":"YA","timestamp":"2023-11-09 14:18:25"},{"nodeID":"1356298","text":"Anon: Peter Hitchens: they must be better rewarded","type":"L","timestamp":"2023-11-09 14:18:25"},{"nodeID":"1356299","text":"Asserting","type":"YA","timestamp":"2023-11-09 14:18:25"},{"nodeID":"1356300","text":"Default Transition","type":"TA","timestamp":"2023-11-09 14:18:25"},{"nodeID":"1356301","text":"better pay to avoid strikes is the sort of settlement that an intelligent Government should be making","type":"I","timestamp":"2023-11-09 14:18:26"},{"nodeID":"1356302","text":"Peter Hitchens: That\u2019s the sort of settlement that an intelligent Government should be making","type":"L","timestamp":"2023-11-09 14:18:26"},{"nodeID":"1356303","text":"Analysing","type":"YA","timestamp":"2023-11-09 14:18:26"},{"nodeID":"1356304","text":"Anon: Peter Hitchens: hat\u2019s the sort of settlement that an intelligent Government should be making","type":"L","timestamp":"2023-11-09 14:18:26"},{"nodeID":"1356305","text":"Asserting","type":"YA","timestamp":"2023-11-09 14:18:26"},{"nodeID":"1356306","text":"Default Transition","type":"TA","timestamp":"2023-11-09 14:18:26"},{"nodeID":"1356307","text":"Default Rephrase","type":"MA","timestamp":"2023-11-09 14:18:26"},{"nodeID":"1356308","text":"Restating","type":"YA","timestamp":"2023-11-09 14:18:26"},{"nodeID":"1356309","text":"better pay should be the solution which an intelligent trade union should be seeking","type":"I","timestamp":"2023-11-09 14:18:27"},{"nodeID":"1356310","text":"Peter Hitchens: which an intelligent trade union should be seeking","type":"L","timestamp":"2023-11-09 14:18:27"},{"nodeID":"1356311","text":"Analysing","type":"YA","timestamp":"2023-11-09 14:18:27"},{"nodeID":"1356312","text":"Anon: Peter Hitchens: which an intelligent trade union should be seeking","type":"L","timestamp":"2023-11-09 14:18:27"},{"nodeID":"1356313","text":"Asserting","type":"YA","timestamp":"2023-11-09 14:18:27"},{"nodeID":"1356314","text":"Default Transition","type":"TA","timestamp":"2023-11-09 14:18:27"},{"nodeID":"1356315","text":"Default Rephrase","type":"MA","timestamp":"2023-11-09 14:18:27"},{"nodeID":"1356316","text":"Restating","type":"YA","timestamp":"2023-11-09 14:18:27"},{"nodeID":"1356317","text":"don't tell Jacob Rees-Mogg he doesn't care about how much nurses are paid","type":"I","timestamp":"2023-11-09 14:18:28"},{"nodeID":"1356318","text":"Jacob Rees-Mogg: Don't tell me I don't care about how much nurses are paid","type":"L","timestamp":"2023-11-09 14:18:28"},{"nodeID":"1356319","text":"Analysing","type":"YA","timestamp":"2023-11-09 14:18:28"},{"nodeID":"1356320","text":"Anon: Jacob Rees-Mogg: Don't tell me I don't care about how much nurses are paid","type":"L","timestamp":"2023-11-09 14:18:28"},{"nodeID":"1356321","text":"Asserting","type":"YA","timestamp":"2023-11-09 14:18:28"},{"nodeID":"1356322","text":"Jacob Rees-Mogg is obviously not hearing Fiona Bruce","type":"I","timestamp":"2023-11-09 14:18:28"},{"nodeID":"1356323","text":"Fiona Bruce: So, Jacob\u2026obviously, you're not hearing me","type":"L","timestamp":"2023-11-09 14:18:28"},{"nodeID":"1356324","text":"Analysing","type":"YA","timestamp":"2023-11-09 14:18:28"},{"nodeID":"1356325","text":"Anon: Fiona Bruce: So, Jacob\u2026obviously, you're not hearing me","type":"L","timestamp":"2023-11-09 14:18:28"},{"nodeID":"1356326","text":"Asserting","type":"YA","timestamp":"2023-11-09 14:18:28"},{"nodeID":"1356327","text":"Default Transition","type":"TA","timestamp":"2023-11-09 14:18:28"},{"nodeID":"1356328","text":"Default Transition","type":"TA","timestamp":"2023-11-09 14:18:28"},{"nodeID":"1356329","text":"Default Conflict","type":"CA","timestamp":"2023-11-09 14:18:28"},{"nodeID":"1356330","text":"Disagreeing","type":"YA","timestamp":"2023-11-09 14:18:28"},{"nodeID":"1356331","text":"don't accuse Jacob Rees-Mogg of being macho","type":"I","timestamp":"2023-11-09 14:18:29"},{"nodeID":"1356332","text":"Jacob Rees-Mogg: or accuse me of being macho.","type":"L","timestamp":"2023-11-09 14:18:29"},{"nodeID":"1356333","text":"Analysing","type":"YA","timestamp":"2023-11-09 14:18:29"},{"nodeID":"1356334","text":"Anon: Jacob Rees-Mogg: or accuse me of being macho.","type":"L","timestamp":"2023-11-09 14:18:29"},{"nodeID":"1356335","text":"Asserting","type":"YA","timestamp":"2023-11-09 14:18:29"},{"nodeID":"1356336","text":"Default Transition","type":"TA","timestamp":"2023-11-09 14:18:29"},{"nodeID":"1356337","text":"Default Rephrase","type":"MA","timestamp":"2023-11-09 14:18:29"},{"nodeID":"1356338","text":"Restating","type":"YA","timestamp":"2023-11-09 14:18:29"},{"nodeID":"1356339","text":"Jacob Rees-Mogg's point is perfectly sensible, political and moral, which Fiona Bruce should listen to","type":"I","timestamp":"2023-11-09 14:18:30"},{"nodeID":"1356340","text":"Jacob Rees-Mogg: This is a perfectly sensible, political and moral point, which you should listen to.","type":"L","timestamp":"2023-11-09 14:18:30"},{"nodeID":"1356341","text":"Analysing","type":"YA","timestamp":"2023-11-09 14:18:30"},{"nodeID":"1356342","text":"Anon: Jacob Rees-Mogg: This is a perfectly sensible, political and moral point, which you should listen to.","type":"L","timestamp":"2023-11-09 14:18:30"},{"nodeID":"1356343","text":"Asserting","type":"YA","timestamp":"2023-11-09 14:18:30"},{"nodeID":"1356344","text":"Default Transition","type":"TA","timestamp":"2023-11-09 14:18:30"},{"nodeID":"1356345","text":"Jacob Rees-Mogg is not here as a member of the Government","type":"I","timestamp":"2023-11-09 14:18:31"},{"nodeID":"1356346","text":"Fiona Bruce: jacob, you're not here as a member of the Government,","type":"L","timestamp":"2023-11-09 14:18:31"},{"nodeID":"1356347","text":"Analysing","type":"YA","timestamp":"2023-11-09 14:18:31"},{"nodeID":"1356348","text":"Anon: Fiona Bruce: acob, you're not here as a member of the Government,","type":"L","timestamp":"2023-11-09 14:18:31"},{"nodeID":"1356349","text":"Asserting","type":"YA","timestamp":"2023-11-09 14:18:31"},{"nodeID":"1356350","text":"Default Transition","type":"TA","timestamp":"2023-11-09 14:18:31"},{"nodeID":"1356351","text":"Jacob Rees-Mogg is a member of the Conservative Party","type":"I","timestamp":"2023-11-09 14:18:32"},{"nodeID":"1356352","text":"Fiona Bruce:  you're a member of the Conservative Party","type":"L","timestamp":"2023-11-09 14:18:32"},{"nodeID":"1356353","text":"Analysing","type":"YA","timestamp":"2023-11-09 14:18:32"},{"nodeID":"1356354","text":"Anon: Fiona Bruce:  you're a member of the Conservative Party","type":"L","timestamp":"2023-11-09 14:18:32"},{"nodeID":"1356355","text":"Asserting","type":"YA","timestamp":"2023-11-09 14:18:32"},{"nodeID":"1356356","text":"Default Transition","type":"TA","timestamp":"2023-11-09 14:18:32"},{"nodeID":"1356357","text":"we've heard two points","type":"I","timestamp":"2023-11-09 14:18:33"},{"nodeID":"1356358","text":"Fiona Bruce: We've heard two points","type":"L","timestamp":"2023-11-09 14:18:33"},{"nodeID":"1356359","text":"Analysing","type":"YA","timestamp":"2023-11-09 14:18:33"},{"nodeID":"1356360","text":"Anon: Fiona Bruce: We've heard two points","type":"L","timestamp":"2023-11-09 14:18:33"},{"nodeID":"1356361","text":"Asserting","type":"YA","timestamp":"2023-11-09 14:18:33"},{"nodeID":"1356362","text":"Default Transition","type":"TA","timestamp":"2023-11-09 14:18:33"},{"nodeID":"1356363","text":"the Government needs to get in the room with nurses and and have a conversation","type":"I","timestamp":"2023-11-09 14:18:34"},{"nodeID":"1356364","text":"Fiona Bruce: the Government needs to get in the room and have a conversation","type":"L","timestamp":"2023-11-09 14:18:34"},{"nodeID":"1356365","text":"Analysing","type":"YA","timestamp":"2023-11-09 14:18:34"},{"nodeID":"1356366","text":"Anon: Fiona Bruce: the Government needs to get in the room and have a conversation","type":"L","timestamp":"2023-11-09 14:18:34"},{"nodeID":"1356367","text":"Asserting","type":"YA","timestamp":"2023-11-09 14:18:34"},{"nodeID":"1356368","text":"Default Transition","type":"TA","timestamp":"2023-11-09 14:18:34"},{"nodeID":"1356369","text":"without a conversation the issue of nurses strikes and pay cannot be resolved","type":"I","timestamp":"2023-11-09 14:18:34"},{"nodeID":"1356370","text":"Fiona Bruce: otherwise how can it be resolved","type":"L","timestamp":"2023-11-09 14:18:34"},{"nodeID":"1356371","text":"Analysing","type":"YA","timestamp":"2023-11-09 14:18:34"},{"nodeID":"1356372","text":"Anon: Fiona Bruce: otherwise how can it be resolved","type":"L","timestamp":"2023-11-09 14:18:34"},{"nodeID":"1356373","text":"Asserting","type":"YA","timestamp":"2023-11-09 14:18:34"},{"nodeID":"1356374","text":"Default Transition","type":"TA","timestamp":"2023-11-09 14:18:34"},{"nodeID":"1356375","text":"Default Inference","type":"RA","timestamp":"2023-11-09 14:18:34"},{"nodeID":"1356376","text":"Arguing","type":"YA","timestamp":"2023-11-09 14:18:34"},{"nodeID":"1356377","text":"Peter Hitchens is suggesting that the Government has effectively painted itself into a corner","type":"I","timestamp":"2023-11-09 14:18:35"},{"nodeID":"1356378","text":"Fiona Bruce: Peter's suggesting that the Government has effectively painted itself into a corner.","type":"L","timestamp":"2023-11-09 14:18:35"},{"nodeID":"1356379","text":"Analysing","type":"YA","timestamp":"2023-11-09 14:18:35"},{"nodeID":"1356380","text":"Anon: Fiona Bruce: Peter's suggesting that the Government has effectively painted itself into a corner.","type":"L","timestamp":"2023-11-09 14:18:35"},{"nodeID":"1356381","text":"Asserting","type":"YA","timestamp":"2023-11-09 14:18:35"},{"nodeID":"1356382","text":"Default Conflict","type":"CA","timestamp":"2023-11-09 14:18:35"},{"nodeID":"1356383","text":"Default Inference","type":"RA","timestamp":"2023-11-09 14:18:35"},{"nodeID":"1356384","text":"Default Transition","type":"TA","timestamp":"2023-11-09 14:18:35"},{"nodeID":"1356385","text":"Arguing","type":"YA","timestamp":"2023-11-09 14:18:35"},{"nodeID":"1356386","text":"Default Transition","type":"TA","timestamp":"2023-11-09 14:18:35"},{"nodeID":"1356387","text":"Disagreeing","type":"YA","timestamp":"2023-11-09 14:18:35"},{"nodeID":"1356388","text":"Default Inference","type":"RA","timestamp":"2023-11-09 14:18:35"},{"nodeID":"1356389","text":"Arguing","type":"YA","timestamp":"2023-11-09 14:18:35"},{"nodeID":"1356390","text":"Default Rephrase","type":"MA","timestamp":"2023-11-09 14:18:35"},{"nodeID":"1356391","text":"Restating","type":"YA","timestamp":"2023-11-09 14:18:35"}],"edges":[{"edgeID":"1775752","fromID":"1356267","toID":"1356266","formEdgeID":null},{"edgeID":"1775753","fromID":"1356265","toID":"1356267","formEdgeID":null},{"edgeID":"1775754","fromID":"1356266","toID":"1356268","formEdgeID":null},{"edgeID":"1775755","fromID":"1356268","toID":"1356264","formEdgeID":null},{"edgeID":"1775756","fromID":"1356271","toID":"1356270","formEdgeID":null},{"edgeID":"1775757","fromID":"1356272","toID":"1356271","formEdgeID":null},{"edgeID":"1775758","fromID":"1356270","toID":"1356273","formEdgeID":null},{"edgeID":"1775759","fromID":"1356273","toID":"1356269","formEdgeID":null},{"edgeID":"1775760","fromID":"1356266","toID":"1356274","formEdgeID":null},{"edgeID":"1775761","fromID":"1356274","toID":"1356270","formEdgeID":null},{"edgeID":"1775762","fromID":"1356269","toID":"1356275","formEdgeID":null},{"edgeID":"1775763","fromID":"1356275","toID":"1356264","formEdgeID":null},{"edgeID":"1775764","fromID":"1356274","toID":"1356276","formEdgeID":null},{"edgeID":"1775765","fromID":"1356276","toID":"1356275","formEdgeID":null},{"edgeID":"1775766","fromID":"1356279","toID":"1356278","formEdgeID":null},{"edgeID":"1775767","fromID":"1356280","toID":"1356279","formEdgeID":null},{"edgeID":"1775768","fromID":"1356278","toID":"1356281","formEdgeID":null},{"edgeID":"1775769","fromID":"1356281","toID":"1356277","formEdgeID":null},{"edgeID":"1775770","fromID":"1356270","toID":"1356282","formEdgeID":null},{"edgeID":"1775771","fromID":"1356282","toID":"1356278","formEdgeID":null},{"edgeID":"1775772","fromID":"1356277","toID":"1356283","formEdgeID":null},{"edgeID":"1775773","fromID":"1356283","toID":"1356269","formEdgeID":null},{"edgeID":"1775774","fromID":"1356282","toID":"1356284","formEdgeID":null},{"edgeID":"1775775","fromID":"1356284","toID":"1356283","formEdgeID":null},{"edgeID":"1775776","fromID":"1356287","toID":"1356286","formEdgeID":null},{"edgeID":"1775777","fromID":"1356288","toID":"1356287","formEdgeID":null},{"edgeID":"1775778","fromID":"1356286","toID":"1356289","formEdgeID":null},{"edgeID":"1775779","fromID":"1356289","toID":"1356285","formEdgeID":null},{"edgeID":"1775780","fromID":"1356278","toID":"1356290","formEdgeID":null},{"edgeID":"1775781","fromID":"1356290","toID":"1356286","formEdgeID":null},{"edgeID":"1775782","fromID":"1356292","toID":"1356291","formEdgeID":null},{"edgeID":"1775783","fromID":"1356293","toID":"1356292","formEdgeID":null},{"edgeID":"1775784","fromID":"1356286","toID":"1356294","formEdgeID":null},{"edgeID":"1775785","fromID":"1356294","toID":"1356291","formEdgeID":null},{"edgeID":"1775786","fromID":"1356297","toID":"1356296","formEdgeID":null},{"edgeID":"1775787","fromID":"1356298","toID":"1356297","formEdgeID":null},{"edgeID":"1775788","fromID":"1356296","toID":"1356299","formEdgeID":null},{"edgeID":"1775789","fromID":"1356299","toID":"1356295","formEdgeID":null},{"edgeID":"1775790","fromID":"1356291","toID":"1356300","formEdgeID":null},{"edgeID":"1775791","fromID":"1356300","toID":"1356296","formEdgeID":null},{"edgeID":"1775792","fromID":"1356303","toID":"1356302","formEdgeID":null},{"edgeID":"1775793","fromID":"1356304","toID":"1356303","formEdgeID":null},{"edgeID":"1775794","fromID":"1356302","toID":"1356305","formEdgeID":null},{"edgeID":"1775795","fromID":"1356305","toID":"1356301","formEdgeID":null},{"edgeID":"1775796","fromID":"1356296","toID":"1356306","formEdgeID":null},{"edgeID":"1775797","fromID":"1356306","toID":"1356302","formEdgeID":null},{"edgeID":"1775798","fromID":"1356301","toID":"1356307","formEdgeID":null},{"edgeID":"1775799","fromID":"1356307","toID":"1356295","formEdgeID":null},{"edgeID":"1775800","fromID":"1356306","toID":"1356308","formEdgeID":null},{"edgeID":"1775801","fromID":"1356308","toID":"1356307","formEdgeID":null},{"edgeID":"1775802","fromID":"1356311","toID":"1356310","formEdgeID":null},{"edgeID":"1775803","fromID":"1356312","toID":"1356311","formEdgeID":null},{"edgeID":"1775804","fromID":"1356310","toID":"1356313","formEdgeID":null},{"edgeID":"1775805","fromID":"1356313","toID":"1356309","formEdgeID":null},{"edgeID":"1775806","fromID":"1356302","toID":"1356314","formEdgeID":null},{"edgeID":"1775807","fromID":"1356314","toID":"1356310","formEdgeID":null},{"edgeID":"1775808","fromID":"1356309","toID":"1356315","formEdgeID":null},{"edgeID":"1775809","fromID":"1356315","toID":"1356301","formEdgeID":null},{"edgeID":"1775810","fromID":"1356314","toID":"1356316","formEdgeID":null},{"edgeID":"1775811","fromID":"1356316","toID":"1356315","formEdgeID":null},{"edgeID":"1775812","fromID":"1356319","toID":"1356318","formEdgeID":null},{"edgeID":"1775813","fromID":"1356320","toID":"1356319","formEdgeID":null},{"edgeID":"1775814","fromID":"1356318","toID":"1356321","formEdgeID":null},{"edgeID":"1775815","fromID":"1356321","toID":"1356317","formEdgeID":null},{"edgeID":"1775816","fromID":"1356324","toID":"1356323","formEdgeID":null},{"edgeID":"1775817","fromID":"1356325","toID":"1356324","formEdgeID":null},{"edgeID":"1775818","fromID":"1356323","toID":"1356326","formEdgeID":null},{"edgeID":"1775819","fromID":"1356326","toID":"1356322","formEdgeID":null},{"edgeID":"1775820","fromID":"1356310","toID":"1356327","formEdgeID":null},{"edgeID":"1775821","fromID":"1356327","toID":"1356323","formEdgeID":null},{"edgeID":"1775822","fromID":"1356323","toID":"1356328","formEdgeID":null},{"edgeID":"1775823","fromID":"1356328","toID":"1356318","formEdgeID":null},{"edgeID":"1775824","fromID":"1356317","toID":"1356329","formEdgeID":null},{"edgeID":"1775825","fromID":"1356329","toID":"1356322","formEdgeID":null},{"edgeID":"1775826","fromID":"1356328","toID":"1356330","formEdgeID":null},{"edgeID":"1775827","fromID":"1356330","toID":"1356329","formEdgeID":null},{"edgeID":"1775828","fromID":"1356333","toID":"1356332","formEdgeID":null},{"edgeID":"1775829","fromID":"1356334","toID":"1356333","formEdgeID":null},{"edgeID":"1775830","fromID":"1356332","toID":"1356335","formEdgeID":null},{"edgeID":"1775831","fromID":"1356335","toID":"1356331","formEdgeID":null},{"edgeID":"1775832","fromID":"1356318","toID":"1356336","formEdgeID":null},{"edgeID":"1775833","fromID":"1356336","toID":"1356332","formEdgeID":null},{"edgeID":"1775834","fromID":"1356331","toID":"1356337","formEdgeID":null},{"edgeID":"1775835","fromID":"1356337","toID":"1356317","formEdgeID":null},{"edgeID":"1775836","fromID":"1356336","toID":"1356338","formEdgeID":null},{"edgeID":"1775837","fromID":"1356338","toID":"1356337","formEdgeID":null},{"edgeID":"1775838","fromID":"1356341","toID":"1356340","formEdgeID":null},{"edgeID":"1775839","fromID":"1356342","toID":"1356341","formEdgeID":null},{"edgeID":"1775840","fromID":"1356340","toID":"1356343","formEdgeID":null},{"edgeID":"1775841","fromID":"1356343","toID":"1356339","formEdgeID":null},{"edgeID":"1775842","fromID":"1356332","toID":"1356344","formEdgeID":null},{"edgeID":"1775843","fromID":"1356344","toID":"1356340","formEdgeID":null},{"edgeID":"1775844","fromID":"1356347","toID":"1356346","formEdgeID":null},{"edgeID":"1775845","fromID":"1356348","toID":"1356347","formEdgeID":null},{"edgeID":"1775846","fromID":"1356346","toID":"1356349","formEdgeID":null},{"edgeID":"1775847","fromID":"1356349","toID":"1356345","formEdgeID":null},{"edgeID":"1775848","fromID":"1356340","toID":"1356350","formEdgeID":null},{"edgeID":"1775849","fromID":"1356350","toID":"1356346","formEdgeID":null},{"edgeID":"1775850","fromID":"1356353","toID":"1356352","formEdgeID":null},{"edgeID":"1775851","fromID":"1356354","toID":"1356353","formEdgeID":null},{"edgeID":"1775852","fromID":"1356352","toID":"1356355","formEdgeID":null},{"edgeID":"1775853","fromID":"1356355","toID":"1356351","formEdgeID":null},{"edgeID":"1775854","fromID":"1356346","toID":"1356356","formEdgeID":null},{"edgeID":"1775855","fromID":"1356356","toID":"1356352","formEdgeID":null},{"edgeID":"1775856","fromID":"1356359","toID":"1356358","formEdgeID":null},{"edgeID":"1775857","fromID":"1356360","toID":"1356359","formEdgeID":null},{"edgeID":"1775858","fromID":"1356358","toID":"1356361","formEdgeID":null},{"edgeID":"1775859","fromID":"1356361","toID":"1356357","formEdgeID":null},{"edgeID":"1775860","fromID":"1356352","toID":"1356362","formEdgeID":null},{"edgeID":"1775861","fromID":"1356362","toID":"1356358","formEdgeID":null},{"edgeID":"1775862","fromID":"1356365","toID":"1356364","formEdgeID":null},{"edgeID":"1775863","fromID":"1356366","toID":"1356365","formEdgeID":null},{"edgeID":"1775864","fromID":"1356364","toID":"1356367","formEdgeID":null},{"edgeID":"1775865","fromID":"1356367","toID":"1356363","formEdgeID":null},{"edgeID":"1775866","fromID":"1356358","toID":"1356368","formEdgeID":null},{"edgeID":"1775867","fromID":"1356368","toID":"1356364","formEdgeID":null},{"edgeID":"1775868","fromID":"1356371","toID":"1356370","formEdgeID":null},{"edgeID":"1775869","fromID":"1356372","toID":"1356371","formEdgeID":null},{"edgeID":"1775870","fromID":"1356370","toID":"1356373","formEdgeID":null},{"edgeID":"1775871","fromID":"1356373","toID":"1356369","formEdgeID":null},{"edgeID":"1775872","fromID":"1356364","toID":"1356374","formEdgeID":null},{"edgeID":"1775873","fromID":"1356374","toID":"1356370","formEdgeID":null},{"edgeID":"1775874","fromID":"1356369","toID":"1356375","formEdgeID":null},{"edgeID":"1775875","fromID":"1356375","toID":"1356363","formEdgeID":null},{"edgeID":"1775876","fromID":"1356374","toID":"1356376","formEdgeID":null},{"edgeID":"1775877","fromID":"1356376","toID":"1356375","formEdgeID":null},{"edgeID":"1775878","fromID":"1356379","toID":"1356378","formEdgeID":null},{"edgeID":"1775879","fromID":"1356380","toID":"1356379","formEdgeID":null},{"edgeID":"1775880","fromID":"1356378","toID":"1356381","formEdgeID":null},{"edgeID":"1775881","fromID":"1356381","toID":"1356377","formEdgeID":null},{"edgeID":"1775882","fromID":"1356377","toID":"1356382","formEdgeID":null},{"edgeID":"1775883","fromID":"1356382","toID":"1356363","formEdgeID":null},{"edgeID":"1775884","fromID":"1356301","toID":"1356383","formEdgeID":null},{"edgeID":"1775885","fromID":"1356383","toID":"1356285","formEdgeID":null},{"edgeID":"1775886","fromID":"1356286","toID":"1356384","formEdgeID":null},{"edgeID":"1775887","fromID":"1356384","toID":"1356302","formEdgeID":null},{"edgeID":"1775888","fromID":"1356384","toID":"1356385","formEdgeID":null},{"edgeID":"1775889","fromID":"1356385","toID":"1356383","formEdgeID":null},{"edgeID":"1775890","fromID":"1356364","toID":"1356386","formEdgeID":null},{"edgeID":"1775891","fromID":"1356386","toID":"1356378","formEdgeID":null},{"edgeID":"1775892","fromID":"1356386","toID":"1356387","formEdgeID":null},{"edgeID":"1775893","fromID":"1356387","toID":"1356382","formEdgeID":null},{"edgeID":"1775894","fromID":"1356285","toID":"1356388","formEdgeID":null},{"edgeID":"1775895","fromID":"1356388","toID":"1356295","formEdgeID":null},{"edgeID":"1775896","fromID":"1356294","toID":"1356389","formEdgeID":null},{"edgeID":"1775897","fromID":"1356389","toID":"1356388","formEdgeID":null},{"edgeID":"1775898","fromID":"1356351","toID":"1356390","formEdgeID":null},{"edgeID":"1775899","fromID":"1356390","toID":"1356345","formEdgeID":null},{"edgeID":"1775900","fromID":"1356356","toID":"1356391","formEdgeID":null},{"edgeID":"1775901","fromID":"1356391","toID":"1356390","formEdgeID":null}],"locutions":[]}