{"nodes":[{"nodeID":"1354052","text":"whether the striking of the RCN is catastrophic failure of the government or whether the government is working hard for the best deal is a very good question","type":"I","timestamp":"2023-11-09 14:14:23"},{"nodeID":"1354053","text":"Pat Cullen: a very good question","type":"L","timestamp":"2023-11-09 14:14:23"},{"nodeID":"1354054","text":"Analysing","type":"YA","timestamp":"2023-11-09 14:14:23"},{"nodeID":"1354055","text":"Anon: Pat Cullen: a very good question","type":"L","timestamp":"2023-11-09 14:14:23"},{"nodeID":"1354056","text":"Asserting","type":"YA","timestamp":"2023-11-09 14:14:23"},{"nodeID":"1354057","text":"today has been a tragic day for this country, and right across the UK","type":"I","timestamp":"2023-11-09 14:14:23"},{"nodeID":"1354058","text":"Pat Cullen: today has been a tragic day for this country, and right across the UK","type":"L","timestamp":"2023-11-09 14:14:23"},{"nodeID":"1354059","text":"Analysing","type":"YA","timestamp":"2023-11-09 14:14:23"},{"nodeID":"1354060","text":"Anon: Pat Cullen: today has been a tragic day for this country, and right across the UK","type":"L","timestamp":"2023-11-09 14:14:23"},{"nodeID":"1354061","text":"Asserting","type":"YA","timestamp":"2023-11-09 14:14:23"},{"nodeID":"1354062","text":"today has been tragic for nursing","type":"I","timestamp":"2023-11-09 14:14:24"},{"nodeID":"1354063","text":"Pat Cullen: Tragic, for nursing","type":"L","timestamp":"2023-11-09 14:14:24"},{"nodeID":"1354064","text":"Analysing","type":"YA","timestamp":"2023-11-09 14:14:24"},{"nodeID":"1354065","text":"Anon: Pat Cullen: Tragic, for nursing","type":"L","timestamp":"2023-11-09 14:14:24"},{"nodeID":"1354066","text":"Asserting","type":"YA","timestamp":"2023-11-09 14:14:24"},{"nodeID":"1354067","text":"today has been tragic for patients, each and every one of you","type":"I","timestamp":"2023-11-09 14:14:25"},{"nodeID":"1354068","text":"Pat Cullen: It's tragic for patients, each and every one of you","type":"L","timestamp":"2023-11-09 14:14:25"},{"nodeID":"1354069","text":"Analysing","type":"YA","timestamp":"2023-11-09 14:14:25"},{"nodeID":"1354070","text":"Anon: Pat Cullen: It's tragic for patients, each and every one of you","type":"L","timestamp":"2023-11-09 14:14:25"},{"nodeID":"1354071","text":"Asserting","type":"YA","timestamp":"2023-11-09 14:14:25"},{"nodeID":"1354072","text":"Default Transition","type":"TA","timestamp":"2023-11-09 14:14:25"},{"nodeID":"1354073","text":"Default Transition","type":"TA","timestamp":"2023-11-09 14:14:25"},{"nodeID":"1354074","text":"Default Rephrase","type":"MA","timestamp":"2023-11-09 14:14:25"},{"nodeID":"1354075","text":"Restating","type":"YA","timestamp":"2023-11-09 14:14:25"},{"nodeID":"1354076","text":"Default Rephrase","type":"MA","timestamp":"2023-11-09 14:14:25"},{"nodeID":"1354077","text":"Default Transition","type":"TA","timestamp":"2023-11-09 14:14:25"},{"nodeID":"1354078","text":"Restating","type":"YA","timestamp":"2023-11-09 14:14:25"},{"nodeID":"1354079","text":"today has been tragic for the NHS","type":"I","timestamp":"2023-11-09 14:14:25"},{"nodeID":"1354080","text":"Pat Cullen: it's tragic for the NHS","type":"L","timestamp":"2023-11-09 14:14:25"},{"nodeID":"1354081","text":"Analysing","type":"YA","timestamp":"2023-11-09 14:14:25"},{"nodeID":"1354082","text":"Anon: Pat Cullen: it's tragic for the NHS","type":"L","timestamp":"2023-11-09 14:14:25"},{"nodeID":"1354083","text":"Asserting","type":"YA","timestamp":"2023-11-09 14:14:25"},{"nodeID":"1354084","text":"the situation with the NHS should never have got to this","type":"I","timestamp":"2023-11-09 14:14:26"},{"nodeID":"1354085","text":"Pat Cullen: It should never have got to this","type":"L","timestamp":"2023-11-09 14:14:26"},{"nodeID":"1354086","text":"Analysing","type":"YA","timestamp":"2023-11-09 14:14:26"},{"nodeID":"1354087","text":"Anon: Pat Cullen: It should never have got to this","type":"L","timestamp":"2023-11-09 14:14:26"},{"nodeID":"1354088","text":"Asserting","type":"YA","timestamp":"2023-11-09 14:14:26"},{"nodeID":"1354089","text":"the situation has got to this bad point","type":"I","timestamp":"2023-11-09 14:14:27"},{"nodeID":"1354090","text":"Pat Cullen: it has got to this","type":"L","timestamp":"2023-11-09 14:14:27"},{"nodeID":"1354091","text":"Analysing","type":"YA","timestamp":"2023-11-09 14:14:27"},{"nodeID":"1354092","text":"Anon: Pat Cullen: it has got to this","type":"L","timestamp":"2023-11-09 14:14:27"},{"nodeID":"1354093","text":"Asserting","type":"YA","timestamp":"2023-11-09 14:14:27"},{"nodeID":"1354094","text":"we have this Conservative Government","type":"I","timestamp":"2023-11-09 14:14:27"},{"nodeID":"1354095","text":"Pat Cullen: this Government","type":"L","timestamp":"2023-11-09 14:14:27"},{"nodeID":"1354096","text":"Analysing","type":"YA","timestamp":"2023-11-09 14:14:27"},{"nodeID":"1354097","text":"Anon: Pat Cullen: this Government","type":"L","timestamp":"2023-11-09 14:14:27"},{"nodeID":"1354098","text":"Asserting","type":"YA","timestamp":"2023-11-09 14:14:27"},{"nodeID":"1354099","text":"Default Rephrase","type":"MA","timestamp":"2023-11-09 14:14:27"},{"nodeID":"1354100","text":"Default Transition","type":"TA","timestamp":"2023-11-09 14:14:27"},{"nodeID":"1354101","text":"Restating","type":"YA","timestamp":"2023-11-09 14:14:27"},{"nodeID":"1354102","text":"Default Transition","type":"TA","timestamp":"2023-11-09 14:14:27"},{"nodeID":"1354103","text":"Default Inference","type":"RA","timestamp":"2023-11-09 14:14:27"},{"nodeID":"1354104","text":"Arguing","type":"YA","timestamp":"2023-11-09 14:14:27"},{"nodeID":"1354105","text":"Default Transition","type":"TA","timestamp":"2023-11-09 14:14:27"},{"nodeID":"1354106","text":"Default Transition","type":"TA","timestamp":"2023-11-09 14:14:27"},{"nodeID":"1354107","text":"Default Inference","type":"RA","timestamp":"2023-11-09 14:14:27"},{"nodeID":"1354108","text":"Arguing","type":"YA","timestamp":"2023-11-09 14:14:27"},{"nodeID":"1354109","text":"we have tried very, very hard to sit down with the Government, and speak with them, talk to them, and negotiate on behalf of, not just the whole 520,000 nurses that we represent in the Royal College of Nursing, but the 320,000 nurses that gave Pat Cullen the mandate that we have got for this ballot","type":"I","timestamp":"2023-11-09 14:14:28"},{"nodeID":"1354110","text":"Pat Cullen: We have tried very, very hard to sit down with the Government, and speak with them, talk to them, and negotiate on behalf of, not just the whole 520,000 nurses that we represent in the Royal College of Nursing, but the 320,000 nurses that gave me the mandate that we have got for this ballot","type":"L","timestamp":"2023-11-09 14:14:28"},{"nodeID":"1354111","text":"Analysing","type":"YA","timestamp":"2023-11-09 14:14:28"},{"nodeID":"1354112","text":"Anon: Pat Cullen: We have tried very, very hard to sit down with the Government, and speak with them, talk to them, and negotiate on behalf of, not just the whole 520,000 nurses that we represent in the Royal College of Nursing, but the 320,000 nurses that gave me the mandate that we have got for this ballot","type":"L","timestamp":"2023-11-09 14:14:28"},{"nodeID":"1354113","text":"Asserting","type":"YA","timestamp":"2023-11-09 14:14:28"},{"nodeID":"1354114","text":"Default Transition","type":"TA","timestamp":"2023-11-09 14:14:28"}],"edges":[{"edgeID":"1773158","fromID":"1354054","toID":"1354053","formEdgeID":null},{"edgeID":"1773159","fromID":"1354055","toID":"1354054","formEdgeID":null},{"edgeID":"1773160","fromID":"1354053","toID":"1354056","formEdgeID":null},{"edgeID":"1773161","fromID":"1354056","toID":"1354052","formEdgeID":null},{"edgeID":"1773162","fromID":"1354059","toID":"1354058","formEdgeID":null},{"edgeID":"1773163","fromID":"1354060","toID":"1354059","formEdgeID":null},{"edgeID":"1773164","fromID":"1354058","toID":"1354061","formEdgeID":null},{"edgeID":"1773165","fromID":"1354061","toID":"1354057","formEdgeID":null},{"edgeID":"1773166","fromID":"1354064","toID":"1354063","formEdgeID":null},{"edgeID":"1773167","fromID":"1354065","toID":"1354064","formEdgeID":null},{"edgeID":"1773168","fromID":"1354063","toID":"1354066","formEdgeID":null},{"edgeID":"1773169","fromID":"1354066","toID":"1354062","formEdgeID":null},{"edgeID":"1773170","fromID":"1354069","toID":"1354068","formEdgeID":null},{"edgeID":"1773171","fromID":"1354070","toID":"1354069","formEdgeID":null},{"edgeID":"1773172","fromID":"1354068","toID":"1354071","formEdgeID":null},{"edgeID":"1773173","fromID":"1354071","toID":"1354067","formEdgeID":null},{"edgeID":"1773174","fromID":"1354053","toID":"1354072","formEdgeID":null},{"edgeID":"1773175","fromID":"1354072","toID":"1354058","formEdgeID":null},{"edgeID":"1773176","fromID":"1354058","toID":"1354073","formEdgeID":null},{"edgeID":"1773177","fromID":"1354073","toID":"1354063","formEdgeID":null},{"edgeID":"1773178","fromID":"1354062","toID":"1354074","formEdgeID":null},{"edgeID":"1773179","fromID":"1354074","toID":"1354057","formEdgeID":null},{"edgeID":"1773180","fromID":"1354073","toID":"1354075","formEdgeID":null},{"edgeID":"1773181","fromID":"1354075","toID":"1354074","formEdgeID":null},{"edgeID":"1773182","fromID":"1354067","toID":"1354076","formEdgeID":null},{"edgeID":"1773183","fromID":"1354076","toID":"1354062","formEdgeID":null},{"edgeID":"1773184","fromID":"1354063","toID":"1354077","formEdgeID":null},{"edgeID":"1773185","fromID":"1354077","toID":"1354068","formEdgeID":null},{"edgeID":"1773186","fromID":"1354077","toID":"1354078","formEdgeID":null},{"edgeID":"1773187","fromID":"1354078","toID":"1354076","formEdgeID":null},{"edgeID":"1773188","fromID":"1354081","toID":"1354080","formEdgeID":null},{"edgeID":"1773189","fromID":"1354082","toID":"1354081","formEdgeID":null},{"edgeID":"1773190","fromID":"1354080","toID":"1354083","formEdgeID":null},{"edgeID":"1773191","fromID":"1354083","toID":"1354079","formEdgeID":null},{"edgeID":"1773192","fromID":"1354086","toID":"1354085","formEdgeID":null},{"edgeID":"1773193","fromID":"1354087","toID":"1354086","formEdgeID":null},{"edgeID":"1773194","fromID":"1354085","toID":"1354088","formEdgeID":null},{"edgeID":"1773195","fromID":"1354088","toID":"1354084","formEdgeID":null},{"edgeID":"1773196","fromID":"1354091","toID":"1354090","formEdgeID":null},{"edgeID":"1773197","fromID":"1354092","toID":"1354091","formEdgeID":null},{"edgeID":"1773198","fromID":"1354090","toID":"1354093","formEdgeID":null},{"edgeID":"1773199","fromID":"1354093","toID":"1354089","formEdgeID":null},{"edgeID":"1773200","fromID":"1354096","toID":"1354095","formEdgeID":null},{"edgeID":"1773201","fromID":"1354097","toID":"1354096","formEdgeID":null},{"edgeID":"1773202","fromID":"1354095","toID":"1354098","formEdgeID":null},{"edgeID":"1773203","fromID":"1354098","toID":"1354094","formEdgeID":null},{"edgeID":"1773204","fromID":"1354079","toID":"1354099","formEdgeID":null},{"edgeID":"1773205","fromID":"1354099","toID":"1354067","formEdgeID":null},{"edgeID":"1773206","fromID":"1354068","toID":"1354100","formEdgeID":null},{"edgeID":"1773207","fromID":"1354100","toID":"1354080","formEdgeID":null},{"edgeID":"1773208","fromID":"1354100","toID":"1354101","formEdgeID":null},{"edgeID":"1773209","fromID":"1354101","toID":"1354099","formEdgeID":null},{"edgeID":"1773210","fromID":"1354080","toID":"1354102","formEdgeID":null},{"edgeID":"1773211","fromID":"1354102","toID":"1354085","formEdgeID":null},{"edgeID":"1773212","fromID":"1354079","toID":"1354103","formEdgeID":null},{"edgeID":"1773213","fromID":"1354103","toID":"1354084","formEdgeID":null},{"edgeID":"1773214","fromID":"1354102","toID":"1354104","formEdgeID":null},{"edgeID":"1773215","fromID":"1354104","toID":"1354103","formEdgeID":null},{"edgeID":"1773216","fromID":"1354085","toID":"1354105","formEdgeID":null},{"edgeID":"1773217","fromID":"1354105","toID":"1354090","formEdgeID":null},{"edgeID":"1773218","fromID":"1354090","toID":"1354106","formEdgeID":null},{"edgeID":"1773219","fromID":"1354106","toID":"1354095","formEdgeID":null},{"edgeID":"1773220","fromID":"1354094","toID":"1354107","formEdgeID":null},{"edgeID":"1773221","fromID":"1354107","toID":"1354089","formEdgeID":null},{"edgeID":"1773222","fromID":"1354106","toID":"1354108","formEdgeID":null},{"edgeID":"1773223","fromID":"1354108","toID":"1354107","formEdgeID":null},{"edgeID":"1773224","fromID":"1354111","toID":"1354110","formEdgeID":null},{"edgeID":"1773225","fromID":"1354112","toID":"1354111","formEdgeID":null},{"edgeID":"1773226","fromID":"1354110","toID":"1354113","formEdgeID":null},{"edgeID":"1773227","fromID":"1354113","toID":"1354109","formEdgeID":null},{"edgeID":"1773228","fromID":"1354095","toID":"1354114","formEdgeID":null},{"edgeID":"1773229","fromID":"1354114","toID":"1354110","formEdgeID":null}],"locutions":[]}