{"nodes":[{"nodeID":"1374829","text":"his Royal Highness the King went out and met with migrants himself","type":"I","timestamp":"2023-11-09 14:46:15"},{"nodeID":"1374830","text":"Pat Cullen: he went out and met with those individuals himself","type":"L","timestamp":"2023-11-09 14:46:15"},{"nodeID":"1374831","text":"Analysing","type":"YA","timestamp":"2023-11-09 14:46:15"},{"nodeID":"1374832","text":"Mascha: Pat Cullen: he went out and met with those individuals himself","type":"L","timestamp":"2023-11-09 14:46:15"},{"nodeID":"1374833","text":"Asserting","type":"YA","timestamp":"2023-11-09 14:46:15"},{"nodeID":"1374834","text":"amongst the migrants, his Royal Highness the King talked to doctors","type":"I","timestamp":"2023-11-09 14:46:15"},{"nodeID":"1374835","text":"Pat Cullen: amongst them, he talked to doctors","type":"L","timestamp":"2023-11-09 14:46:15"},{"nodeID":"1374836","text":"Analysing","type":"YA","timestamp":"2023-11-09 14:46:15"},{"nodeID":"1374837","text":"Mascha: Pat Cullen: amongst them, he talked to doctors","type":"L","timestamp":"2023-11-09 14:46:15"},{"nodeID":"1374838","text":"Asserting","type":"YA","timestamp":"2023-11-09 14:46:15"},{"nodeID":"1374839","text":"Default Transition","type":"TA","timestamp":"2023-11-09 14:46:15"},{"nodeID":"1374840","text":"his Royal Highness the King talked to nurses","type":"I","timestamp":"2023-11-09 14:46:16"},{"nodeID":"1374841","text":"Pat Cullen: he talked to nurses","type":"L","timestamp":"2023-11-09 14:46:16"},{"nodeID":"1374842","text":"Analysing","type":"YA","timestamp":"2023-11-09 14:46:16"},{"nodeID":"1374843","text":"Mascha: Pat Cullen: he talked to nurses","type":"L","timestamp":"2023-11-09 14:46:16"},{"nodeID":"1374844","text":"Asserting","type":"YA","timestamp":"2023-11-09 14:46:16"},{"nodeID":"1374845","text":"Default Transition","type":"TA","timestamp":"2023-11-09 14:46:16"},{"nodeID":"1374846","text":"his Royal Highness the King talked to physiotherapists","type":"I","timestamp":"2023-11-09 14:46:17"},{"nodeID":"1374847","text":"Pat Cullen: he talked to physiotherapists","type":"L","timestamp":"2023-11-09 14:46:17"},{"nodeID":"1374848","text":"Analysing","type":"YA","timestamp":"2023-11-09 14:46:17"},{"nodeID":"1374849","text":"Mascha: Pat Cullen: he talked to physiotherapists","type":"L","timestamp":"2023-11-09 14:46:17"},{"nodeID":"1374850","text":"Asserting","type":"YA","timestamp":"2023-11-09 14:46:17"},{"nodeID":"1374851","text":"Default Transition","type":"TA","timestamp":"2023-11-09 14:46:17"},{"nodeID":"1374852","text":"his Royal Highness the King talked to psychologists","type":"I","timestamp":"2023-11-09 14:46:17"},{"nodeID":"1374853","text":"Pat Cullen: psychologists","type":"L","timestamp":"2023-11-09 14:46:17"},{"nodeID":"1374854","text":"Analysing","type":"YA","timestamp":"2023-11-09 14:46:17"},{"nodeID":"1374855","text":"Mascha: Pat Cullen: psychologists","type":"L","timestamp":"2023-11-09 14:46:17"},{"nodeID":"1374856","text":"Asserting","type":"YA","timestamp":"2023-11-09 14:46:17"},{"nodeID":"1374857","text":"Default Transition","type":"TA","timestamp":"2023-11-09 14:46:17"},{"nodeID":"1374858","text":"his Royal Highness the King talked to many others","type":"I","timestamp":"2023-11-09 14:46:18"},{"nodeID":"1374859","text":"Pat Cullen:  many others","type":"L","timestamp":"2023-11-09 14:46:18"},{"nodeID":"1374860","text":"Analysing","type":"YA","timestamp":"2023-11-09 14:46:18"},{"nodeID":"1374861","text":"Mascha: Pat Cullen:  many others","type":"L","timestamp":"2023-11-09 14:46:18"},{"nodeID":"1374862","text":"Asserting","type":"YA","timestamp":"2023-11-09 14:46:18"},{"nodeID":"1374863","text":"Default Transition","type":"TA","timestamp":"2023-11-09 14:46:18"},{"nodeID":"1374864","text":"Default Rephrase","type":"MA","timestamp":"2023-11-09 14:46:18"},{"nodeID":"1374865","text":"Default Rephrase","type":"MA","timestamp":"2023-11-09 14:46:18"},{"nodeID":"1374866","text":"Default Rephrase","type":"MA","timestamp":"2023-11-09 14:46:18"},{"nodeID":"1374867","text":"Default Rephrase","type":"MA","timestamp":"2023-11-09 14:46:18"},{"nodeID":"1374868","text":"Restating","type":"YA","timestamp":"2023-11-09 14:46:18"},{"nodeID":"1374869","text":"Restating","type":"YA","timestamp":"2023-11-09 14:46:18"},{"nodeID":"1374870","text":"Restating","type":"YA","timestamp":"2023-11-09 14:46:18"},{"nodeID":"1374871","text":"Restating","type":"YA","timestamp":"2023-11-09 14:46:18"},{"nodeID":"1374872","text":"let's work, and make sure that we can make the best use of the migrants' skills and expertise","type":"I","timestamp":"2023-11-09 14:46:18"},{"nodeID":"1374873","text":"Pat Cullen: he was coming to us and saying, let's work, and make sure that we can make the best use of their skills and expertise","type":"L","timestamp":"2023-11-09 14:46:18"},{"nodeID":"1374874","text":"Analysing","type":"YA","timestamp":"2023-11-09 14:46:18"},{"nodeID":"1374875","text":"Mascha: Pat Cullen: he was coming to us and saying, let's work, and make sure that we can make the best use of their skills and expertise","type":"L","timestamp":"2023-11-09 14:46:18"},{"nodeID":"1374876","text":"Default Transition","type":"TA","timestamp":"2023-11-09 14:46:18"},{"nodeID":"1374877","text":"His Royal Highness the King:  let's work, and make sure that we can make the best use of their skills and expertise","type":"L","timestamp":"2023-11-09 14:46:18"},{"nodeID":"1374878","text":"Analysing","type":"YA","timestamp":"2023-11-09 14:46:18"},{"nodeID":"1374879","text":"Mascha: His Royal Highness the King: he was coming to us and saying, let's work, and make sure that we can make the best use of their skills and expertise","type":"L","timestamp":"2023-11-09 14:46:18"},{"nodeID":"1374880","text":"Asserting","type":"YA","timestamp":"2023-11-09 14:46:18"},{"nodeID":"1374881","text":"Asserting","type":"YA","timestamp":"2023-11-09 14:46:18"},{"nodeID":"1374882","text":"Default Inference","type":"RA","timestamp":"2023-11-09 14:46:18"},{"nodeID":"1374883","text":"Arguing","type":"YA","timestamp":"2023-11-09 14:46:18"},{"nodeID":"1374884","text":"the UK needs migrants","type":"I","timestamp":"2023-11-09 14:46:19"},{"nodeID":"1374885","text":"Pat Cullen: this country needs them","type":"L","timestamp":"2023-11-09 14:46:19"},{"nodeID":"1374886","text":"Analysing","type":"YA","timestamp":"2023-11-09 14:46:19"},{"nodeID":"1374887","text":"Mascha: Pat Cullen: this country needs them","type":"L","timestamp":"2023-11-09 14:46:19"},{"nodeID":"1374888","text":"Asserting","type":"YA","timestamp":"2023-11-09 14:46:19"},{"nodeID":"1374889","text":"Default Transition","type":"TA","timestamp":"2023-11-09 14:46:19"},{"nodeID":"1374890","text":"Default Inference","type":"RA","timestamp":"2023-11-09 14:46:19"},{"nodeID":"1374891","text":"Arguing","type":"YA","timestamp":"2023-11-09 14:46:19"},{"nodeID":"1374892","text":"when waiting in a 40 minute Spanish passport queue on holiday, xxx is the Brexit benefit AudienceMember2023112QT22 should  console themselves with with to make the queuing worthwhile","type":"I","timestamp":"2023-11-09 14:46:20"},{"nodeID":"1374893","text":"AudienceMember 20230112QT22: When I'm waiting in a 40 minute Spanish passport queue on my holiday, which Brexit benefit should I console myself with to make my queuing worthwhile","type":"L","timestamp":"2023-11-09 14:46:20"},{"nodeID":"1374894","text":"Analysing","type":"YA","timestamp":"2023-11-09 14:46:20"},{"nodeID":"1374895","text":"Mascha: AudienceMember 20230112QT22: When I'm waiting in a 40 minute Spanish passport queue on my holiday, which Brexit benefit should I console myself with to make my queuing worthwhile","type":"L","timestamp":"2023-11-09 14:46:20"},{"nodeID":"1374896","text":"Pure Questioning","type":"YA","timestamp":"2023-11-09 14:46:20"},{"nodeID":"1374897","text":"Default Transition","type":"TA","timestamp":"2023-11-09 14:46:20"},{"nodeID":"1374898","text":"Peter Hitchens does not know with which Brexit benefit AudienceMember2023112QT22 should console themselves with when queuing for the passport control","type":"I","timestamp":"2023-11-09 14:46:20"},{"nodeID":"1374899","text":"Peter Hitchens: I don't know","type":"L","timestamp":"2023-11-09 14:46:20"},{"nodeID":"1374900","text":"Analysing","type":"YA","timestamp":"2023-11-09 14:46:20"},{"nodeID":"1374901","text":"Mascha: Peter Hitchens: I don't know","type":"L","timestamp":"2023-11-09 14:46:20"},{"nodeID":"1374902","text":"Asserting","type":"YA","timestamp":"2023-11-09 14:46:20"},{"nodeID":"1374903","text":"Default Transition","type":"TA","timestamp":"2023-11-09 14:46:20"},{"nodeID":"1374904","text":"Default Rephrase","type":"MA","timestamp":"2023-11-09 14:46:20"},{"nodeID":"1374905","text":"Default Illocuting","type":"YA","timestamp":"2023-11-09 14:46:20"},{"nodeID":"1374906","text":"Peter Hitchens did not take part in the campaign for the referendum to leave the European Union","type":"I","timestamp":"2023-11-09 14:46:21"},{"nodeID":"1374907","text":"Peter Hitchens:  I took no part in the campaign for the referendum to leave the European Union","type":"L","timestamp":"2023-11-09 14:46:21"},{"nodeID":"1374908","text":"Analysing","type":"YA","timestamp":"2023-11-09 14:46:21"},{"nodeID":"1374909","text":"Mascha: Peter Hitchens:  I took no part in the campaign for the referendum to leave the European Union","type":"L","timestamp":"2023-11-09 14:46:21"},{"nodeID":"1374910","text":"Asserting","type":"YA","timestamp":"2023-11-09 14:46:21"},{"nodeID":"1374911","text":"Default Transition","type":"TA","timestamp":"2023-11-09 14:46:21"},{"nodeID":"1374912","text":"we should stay in the European single market","type":"I","timestamp":"2023-11-09 14:46:22"},{"nodeID":"1374913","text":"Peter Hitchens: we should stay in the European single market","type":"L","timestamp":"2023-11-09 14:46:22"},{"nodeID":"1374914","text":"Analysing","type":"YA","timestamp":"2023-11-09 14:46:22"},{"nodeID":"1374915","text":"Mascha: Peter Hitchens: we should stay in the European single market","type":"L","timestamp":"2023-11-09 14:46:22"},{"nodeID":"1374916","text":"Asserting","type":"YA","timestamp":"2023-11-09 14:46:22"},{"nodeID":"1374917","text":"Peter Hitchens remains baffled that the option of staying in the European single market wasn\u2019t taken","type":"I","timestamp":"2023-11-09 14:46:22"},{"nodeID":"1374918","text":"Peter Hitchens: I remain baffled that this option wasn\u2019t taken","type":"L","timestamp":"2023-11-09 14:46:22"},{"nodeID":"1374919","text":"Analysing","type":"YA","timestamp":"2023-11-09 14:46:22"},{"nodeID":"1374920","text":"Mascha: Peter Hitchens: I remain baffled that this option wasn\u2019t taken","type":"L","timestamp":"2023-11-09 14:46:22"},{"nodeID":"1374921","text":"Asserting","type":"YA","timestamp":"2023-11-09 14:46:22"},{"nodeID":"1374922","text":"Peter Hitchens remains baffled that staying in the European single market is not more discussed","type":"I","timestamp":"2023-11-09 14:46:23"},{"nodeID":"1374923","text":"Peter Hitchens: that it's not more discussed","type":"L","timestamp":"2023-11-09 14:46:23"},{"nodeID":"1374924","text":"Analysing","type":"YA","timestamp":"2023-11-09 14:46:23"},{"nodeID":"1374925","text":"Mascha: Peter Hitchens: that it's not more discussed","type":"L","timestamp":"2023-11-09 14:46:23"},{"nodeID":"1374926","text":"Asserting","type":"YA","timestamp":"2023-11-09 14:46:23"},{"nodeID":"1374927","text":"Default Transition","type":"TA","timestamp":"2023-11-09 14:46:23"},{"nodeID":"1374928","text":"Default Rephrase","type":"MA","timestamp":"2023-11-09 14:46:23"},{"nodeID":"1374929","text":"Restating","type":"YA","timestamp":"2023-11-09 14:46:23"},{"nodeID":"1374930","text":"Default Inference","type":"RA","timestamp":"2023-11-09 14:46:23"},{"nodeID":"1374931","text":"Default Transition","type":"TA","timestamp":"2023-11-09 14:46:23"},{"nodeID":"1374932","text":"Default Transition","type":"TA","timestamp":"2023-11-09 14:46:23"},{"nodeID":"1374933","text":"Arguing","type":"YA","timestamp":"2023-11-09 14:46:23"},{"nodeID":"1374934","text":"the Labour Party is so scared of the subject of entering the European single market","type":"I","timestamp":"2023-11-09 14:46:24"},{"nodeID":"1374935","text":"Peter Hitchens: the Labour Party is so scared of the subject","type":"L","timestamp":"2023-11-09 14:46:24"},{"nodeID":"1374936","text":"Analysing","type":"YA","timestamp":"2023-11-09 14:46:24"},{"nodeID":"1374937","text":"Mascha: Peter Hitchens: the Labour Party is so scared of the subject","type":"L","timestamp":"2023-11-09 14:46:24"},{"nodeID":"1374938","text":"Asserting","type":"YA","timestamp":"2023-11-09 14:46:24"},{"nodeID":"1374939","text":"Default Transition","type":"TA","timestamp":"2023-11-09 14:46:24"},{"nodeID":"1374940","text":"Keir Starmer isn't interested in going back in the single market","type":"I","timestamp":"2023-11-09 14:46:24"},{"nodeID":"1374941","text":"Peter Hitchens:  Keir Starmer says he isn't interested in going back in the single market","type":"L","timestamp":"2023-11-09 14:46:24"},{"nodeID":"1374942","text":"Analysing","type":"YA","timestamp":"2023-11-09 14:46:24"},{"nodeID":"1374943","text":"Mascha: Peter Hitchens:  Keir Starmer says he isn't interested in going back in the single market","type":"L","timestamp":"2023-11-09 14:46:24"},{"nodeID":"1374944","text":"Default Transition","type":"TA","timestamp":"2023-11-09 14:46:24"},{"nodeID":"1374945","text":"Default Inference","type":"RA","timestamp":"2023-11-09 14:46:24"},{"nodeID":"1374946","text":"Arguing","type":"YA","timestamp":"2023-11-09 14:46:24"},{"nodeID":"1374947","text":"Peter Hitchens is apparently more left wing that Keir Starmer","type":"I","timestamp":"2023-11-09 14:46:25"},{"nodeID":"1374948","text":"Peter Hitchens: I'm apparently more left wing that Keir Starmer","type":"L","timestamp":"2023-11-09 14:46:25"},{"nodeID":"1374949","text":"Analysing","type":"YA","timestamp":"2023-11-09 14:46:25"},{"nodeID":"1374950","text":"Mascha: Peter Hitchens: I'm apparently more left wing that Keir Starmer","type":"L","timestamp":"2023-11-09 14:46:25"},{"nodeID":"1374951","text":"Asserting","type":"YA","timestamp":"2023-11-09 14:46:25"},{"nodeID":"1374952","text":"Default Transition","type":"TA","timestamp":"2023-11-09 14:46:25"},{"nodeID":"1374953","text":"Keir Starmer:  Keir Starmer isn't interested in going back in the single market","type":"L","timestamp":"2023-11-09 14:46:25"},{"nodeID":"1374954","text":"Analysing","type":"YA","timestamp":"2023-11-09 14:46:25"},{"nodeID":"1374955","text":"Mascha: Keir Starmer:  Keir Starmer says he isn't interested in going back in the single market","type":"L","timestamp":"2023-11-09 14:46:25"},{"nodeID":"1374956","text":"Asserting","type":"YA","timestamp":"2023-11-09 14:46:25"},{"nodeID":"1374957","text":"Asserting","type":"YA","timestamp":"2023-11-09 14:46:25"},{"nodeID":"1374958","text":"Default Inference","type":"RA","timestamp":"2023-11-09 14:46:25"},{"nodeID":"1374959","text":"Arguing","type":"YA","timestamp":"2023-11-09 14:46:25"},{"nodeID":"1374960","text":"being more left wing than Keir Starmer is an interesting position for Peter Hitchens to be in","type":"I","timestamp":"2023-11-09 14:46:25"},{"nodeID":"1374961","text":"Peter Hitchens: which is an interesting position for me to be in","type":"L","timestamp":"2023-11-09 14:46:25"},{"nodeID":"1374962","text":"Analysing","type":"YA","timestamp":"2023-11-09 14:46:25"},{"nodeID":"1374963","text":"Mascha: Peter Hitchens: which is an interesting position for me to be in","type":"L","timestamp":"2023-11-09 14:46:25"},{"nodeID":"1374964","text":"Asserting","type":"YA","timestamp":"2023-11-09 14:46:25"},{"nodeID":"1374965","text":"Default Transition","type":"TA","timestamp":"2023-11-09 14:46:25"}],"edges":[{"edgeID":"1797846","fromID":"1374831","toID":"1374830","formEdgeID":null},{"edgeID":"1797847","fromID":"1374832","toID":"1374831","formEdgeID":null},{"edgeID":"1797848","fromID":"1374830","toID":"1374833","formEdgeID":null},{"edgeID":"1797849","fromID":"1374833","toID":"1374829","formEdgeID":null},{"edgeID":"1797850","fromID":"1374836","toID":"1374835","formEdgeID":null},{"edgeID":"1797851","fromID":"1374837","toID":"1374836","formEdgeID":null},{"edgeID":"1797852","fromID":"1374835","toID":"1374838","formEdgeID":null},{"edgeID":"1797853","fromID":"1374838","toID":"1374834","formEdgeID":null},{"edgeID":"1797854","fromID":"1374830","toID":"1374839","formEdgeID":null},{"edgeID":"1797855","fromID":"1374839","toID":"1374835","formEdgeID":null},{"edgeID":"1797856","fromID":"1374842","toID":"1374841","formEdgeID":null},{"edgeID":"1797857","fromID":"1374843","toID":"1374842","formEdgeID":null},{"edgeID":"1797858","fromID":"1374841","toID":"1374844","formEdgeID":null},{"edgeID":"1797859","fromID":"1374844","toID":"1374840","formEdgeID":null},{"edgeID":"1797860","fromID":"1374835","toID":"1374845","formEdgeID":null},{"edgeID":"1797861","fromID":"1374845","toID":"1374841","formEdgeID":null},{"edgeID":"1797862","fromID":"1374848","toID":"1374847","formEdgeID":null},{"edgeID":"1797863","fromID":"1374849","toID":"1374848","formEdgeID":null},{"edgeID":"1797864","fromID":"1374847","toID":"1374850","formEdgeID":null},{"edgeID":"1797865","fromID":"1374850","toID":"1374846","formEdgeID":null},{"edgeID":"1797866","fromID":"1374841","toID":"1374851","formEdgeID":null},{"edgeID":"1797867","fromID":"1374851","toID":"1374847","formEdgeID":null},{"edgeID":"1797868","fromID":"1374854","toID":"1374853","formEdgeID":null},{"edgeID":"1797869","fromID":"1374855","toID":"1374854","formEdgeID":null},{"edgeID":"1797870","fromID":"1374853","toID":"1374856","formEdgeID":null},{"edgeID":"1797871","fromID":"1374856","toID":"1374852","formEdgeID":null},{"edgeID":"1797872","fromID":"1374847","toID":"1374857","formEdgeID":null},{"edgeID":"1797873","fromID":"1374857","toID":"1374853","formEdgeID":null},{"edgeID":"1797874","fromID":"1374860","toID":"1374859","formEdgeID":null},{"edgeID":"1797875","fromID":"1374861","toID":"1374860","formEdgeID":null},{"edgeID":"1797876","fromID":"1374859","toID":"1374862","formEdgeID":null},{"edgeID":"1797877","fromID":"1374862","toID":"1374858","formEdgeID":null},{"edgeID":"1797878","fromID":"1374853","toID":"1374863","formEdgeID":null},{"edgeID":"1797879","fromID":"1374863","toID":"1374859","formEdgeID":null},{"edgeID":"1797880","fromID":"1374840","toID":"1374864","formEdgeID":null},{"edgeID":"1797881","fromID":"1374864","toID":"1374834","formEdgeID":null},{"edgeID":"1797882","fromID":"1374846","toID":"1374865","formEdgeID":null},{"edgeID":"1797883","fromID":"1374865","toID":"1374840","formEdgeID":null},{"edgeID":"1797884","fromID":"1374852","toID":"1374866","formEdgeID":null},{"edgeID":"1797885","fromID":"1374866","toID":"1374846","formEdgeID":null},{"edgeID":"1797886","fromID":"1374858","toID":"1374867","formEdgeID":null},{"edgeID":"1797887","fromID":"1374867","toID":"1374852","formEdgeID":null},{"edgeID":"1797888","fromID":"1374845","toID":"1374868","formEdgeID":null},{"edgeID":"1797889","fromID":"1374868","toID":"1374864","formEdgeID":null},{"edgeID":"1797890","fromID":"1374851","toID":"1374869","formEdgeID":null},{"edgeID":"1797891","fromID":"1374869","toID":"1374865","formEdgeID":null},{"edgeID":"1797892","fromID":"1374857","toID":"1374870","formEdgeID":null},{"edgeID":"1797893","fromID":"1374870","toID":"1374866","formEdgeID":null},{"edgeID":"1797894","fromID":"1374863","toID":"1374871","formEdgeID":null},{"edgeID":"1797895","fromID":"1374871","toID":"1374867","formEdgeID":null},{"edgeID":"1797896","fromID":"1374874","toID":"1374873","formEdgeID":null},{"edgeID":"1797897","fromID":"1374875","toID":"1374874","formEdgeID":null},{"edgeID":"1797898","fromID":"1374859","toID":"1374876","formEdgeID":null},{"edgeID":"1797899","fromID":"1374876","toID":"1374873","formEdgeID":null},{"edgeID":"1797900","fromID":"1374878","toID":"1374877","formEdgeID":null},{"edgeID":"1797901","fromID":"1374879","toID":"1374878","formEdgeID":null},{"edgeID":"1797902","fromID":"1374877","toID":"1374880","formEdgeID":null},{"edgeID":"1797903","fromID":"1374880","toID":"1374872","formEdgeID":null},{"edgeID":"1797904","fromID":"1374873","toID":"1374881","formEdgeID":null},{"edgeID":"1797905","fromID":"1374881","toID":"1374877","formEdgeID":null},{"edgeID":"1797906","fromID":"1374858","toID":"1374882","formEdgeID":null},{"edgeID":"1797907","fromID":"1374882","toID":"1374872","formEdgeID":null},{"edgeID":"1797908","fromID":"1374876","toID":"1374883","formEdgeID":null},{"edgeID":"1797909","fromID":"1374883","toID":"1374882","formEdgeID":null},{"edgeID":"1797910","fromID":"1374886","toID":"1374885","formEdgeID":null},{"edgeID":"1797911","fromID":"1374887","toID":"1374886","formEdgeID":null},{"edgeID":"1797912","fromID":"1374885","toID":"1374888","formEdgeID":null},{"edgeID":"1797913","fromID":"1374888","toID":"1374884","formEdgeID":null},{"edgeID":"1797914","fromID":"1374873","toID":"1374889","formEdgeID":null},{"edgeID":"1797915","fromID":"1374889","toID":"1374885","formEdgeID":null},{"edgeID":"1797916","fromID":"1374884","toID":"1374890","formEdgeID":null},{"edgeID":"1797917","fromID":"1374890","toID":"1374872","formEdgeID":null},{"edgeID":"1797918","fromID":"1374889","toID":"1374891","formEdgeID":null},{"edgeID":"1797919","fromID":"1374891","toID":"1374890","formEdgeID":null},{"edgeID":"1797920","fromID":"1374894","toID":"1374893","formEdgeID":null},{"edgeID":"1797921","fromID":"1374895","toID":"1374894","formEdgeID":null},{"edgeID":"1797922","fromID":"1374893","toID":"1374896","formEdgeID":null},{"edgeID":"1797923","fromID":"1374896","toID":"1374892","formEdgeID":null},{"edgeID":"1797924","fromID":"1374885","toID":"1374897","formEdgeID":null},{"edgeID":"1797925","fromID":"1374897","toID":"1374893","formEdgeID":null},{"edgeID":"1797926","fromID":"1374900","toID":"1374899","formEdgeID":null},{"edgeID":"1797927","fromID":"1374901","toID":"1374900","formEdgeID":null},{"edgeID":"1797928","fromID":"1374899","toID":"1374902","formEdgeID":null},{"edgeID":"1797929","fromID":"1374902","toID":"1374898","formEdgeID":null},{"edgeID":"1797930","fromID":"1374893","toID":"1374903","formEdgeID":null},{"edgeID":"1797931","fromID":"1374903","toID":"1374899","formEdgeID":null},{"edgeID":"1797932","fromID":"1374898","toID":"1374904","formEdgeID":null},{"edgeID":"1797933","fromID":"1374904","toID":"1374892","formEdgeID":null},{"edgeID":"1797934","fromID":"1374903","toID":"1374905","formEdgeID":null},{"edgeID":"1797935","fromID":"1374905","toID":"1374904","formEdgeID":null},{"edgeID":"1797936","fromID":"1374908","toID":"1374907","formEdgeID":null},{"edgeID":"1797937","fromID":"1374909","toID":"1374908","formEdgeID":null},{"edgeID":"1797938","fromID":"1374907","toID":"1374910","formEdgeID":null},{"edgeID":"1797939","fromID":"1374910","toID":"1374906","formEdgeID":null},{"edgeID":"1797940","fromID":"1374899","toID":"1374911","formEdgeID":null},{"edgeID":"1797941","fromID":"1374911","toID":"1374907","formEdgeID":null},{"edgeID":"1797942","fromID":"1374914","toID":"1374913","formEdgeID":null},{"edgeID":"1797943","fromID":"1374915","toID":"1374914","formEdgeID":null},{"edgeID":"1797944","fromID":"1374913","toID":"1374916","formEdgeID":null},{"edgeID":"1797945","fromID":"1374916","toID":"1374912","formEdgeID":null},{"edgeID":"1797946","fromID":"1374919","toID":"1374918","formEdgeID":null},{"edgeID":"1797947","fromID":"1374920","toID":"1374919","formEdgeID":null},{"edgeID":"1797948","fromID":"1374918","toID":"1374921","formEdgeID":null},{"edgeID":"1797949","fromID":"1374921","toID":"1374917","formEdgeID":null},{"edgeID":"1797950","fromID":"1374924","toID":"1374923","formEdgeID":null},{"edgeID":"1797951","fromID":"1374925","toID":"1374924","formEdgeID":null},{"edgeID":"1797952","fromID":"1374923","toID":"1374926","formEdgeID":null},{"edgeID":"1797953","fromID":"1374926","toID":"1374922","formEdgeID":null},{"edgeID":"1797954","fromID":"1374918","toID":"1374927","formEdgeID":null},{"edgeID":"1797955","fromID":"1374927","toID":"1374923","formEdgeID":null},{"edgeID":"1797956","fromID":"1374922","toID":"1374928","formEdgeID":null},{"edgeID":"1797957","fromID":"1374928","toID":"1374917","formEdgeID":null},{"edgeID":"1797958","fromID":"1374927","toID":"1374929","formEdgeID":null},{"edgeID":"1797959","fromID":"1374929","toID":"1374928","formEdgeID":null},{"edgeID":"1797960","fromID":"1374917","toID":"1374930","formEdgeID":null},{"edgeID":"1797961","fromID":"1374930","toID":"1374898","formEdgeID":null},{"edgeID":"1797962","fromID":"1374912","toID":"1374930","formEdgeID":null},{"edgeID":"1797963","fromID":"1374906","toID":"1374930","formEdgeID":null},{"edgeID":"1797964","fromID":"1374899","toID":"1374931","formEdgeID":null},{"edgeID":"1797965","fromID":"1374931","toID":"1374918","formEdgeID":null},{"edgeID":"1797966","fromID":"1374899","toID":"1374932","formEdgeID":null},{"edgeID":"1797967","fromID":"1374932","toID":"1374913","formEdgeID":null},{"edgeID":"1797968","fromID":"1374931","toID":"1374933","formEdgeID":null},{"edgeID":"1797969","fromID":"1374933","toID":"1374930","formEdgeID":null},{"edgeID":"1797970","fromID":"1374936","toID":"1374935","formEdgeID":null},{"edgeID":"1797971","fromID":"1374937","toID":"1374936","formEdgeID":null},{"edgeID":"1797972","fromID":"1374935","toID":"1374938","formEdgeID":null},{"edgeID":"1797973","fromID":"1374938","toID":"1374934","formEdgeID":null},{"edgeID":"1797974","fromID":"1374923","toID":"1374939","formEdgeID":null},{"edgeID":"1797975","fromID":"1374939","toID":"1374935","formEdgeID":null},{"edgeID":"1797976","fromID":"1374942","toID":"1374941","formEdgeID":null},{"edgeID":"1797977","fromID":"1374943","toID":"1374942","formEdgeID":null},{"edgeID":"1797978","fromID":"1374935","toID":"1374944","formEdgeID":null},{"edgeID":"1797979","fromID":"1374944","toID":"1374941","formEdgeID":null},{"edgeID":"1797980","fromID":"1374934","toID":"1374945","formEdgeID":null},{"edgeID":"1797981","fromID":"1374945","toID":"1374940","formEdgeID":null},{"edgeID":"1797982","fromID":"1374944","toID":"1374946","formEdgeID":null},{"edgeID":"1797983","fromID":"1374946","toID":"1374945","formEdgeID":null},{"edgeID":"1797984","fromID":"1374949","toID":"1374948","formEdgeID":null},{"edgeID":"1797985","fromID":"1374950","toID":"1374949","formEdgeID":null},{"edgeID":"1797986","fromID":"1374948","toID":"1374951","formEdgeID":null},{"edgeID":"1797987","fromID":"1374951","toID":"1374947","formEdgeID":null},{"edgeID":"1797988","fromID":"1374941","toID":"1374952","formEdgeID":null},{"edgeID":"1797989","fromID":"1374952","toID":"1374948","formEdgeID":null},{"edgeID":"1797990","fromID":"1374954","toID":"1374953","formEdgeID":null},{"edgeID":"1797991","fromID":"1374955","toID":"1374954","formEdgeID":null},{"edgeID":"1797992","fromID":"1374953","toID":"1374956","formEdgeID":null},{"edgeID":"1797993","fromID":"1374956","toID":"1374940","formEdgeID":null},{"edgeID":"1797994","fromID":"1374941","toID":"1374957","formEdgeID":null},{"edgeID":"1797995","fromID":"1374957","toID":"1374953","formEdgeID":null},{"edgeID":"1797996","fromID":"1374940","toID":"1374958","formEdgeID":null},{"edgeID":"1797997","fromID":"1374958","toID":"1374947","formEdgeID":null},{"edgeID":"1797998","fromID":"1374952","toID":"1374959","formEdgeID":null},{"edgeID":"1797999","fromID":"1374959","toID":"1374958","formEdgeID":null},{"edgeID":"1798000","fromID":"1374962","toID":"1374961","formEdgeID":null},{"edgeID":"1798001","fromID":"1374963","toID":"1374962","formEdgeID":null},{"edgeID":"1798002","fromID":"1374961","toID":"1374964","formEdgeID":null},{"edgeID":"1798003","fromID":"1374964","toID":"1374960","formEdgeID":null},{"edgeID":"1798004","fromID":"1374948","toID":"1374965","formEdgeID":null},{"edgeID":"1798005","fromID":"1374965","toID":"1374961","formEdgeID":null}],"locutions":[]}