{"nodes":[{"nodeID":"1355294","text":"the UK Government has also refused to negotiate on nurses' pay","type":"I","timestamp":"2023-11-09 14:16:37"},{"nodeID":"1355295","text":"Daisy Cooper: The Government has also refused to negotiate on pay","type":"L","timestamp":"2023-11-09 14:16:37"},{"nodeID":"1355296","text":"Analysing","type":"YA","timestamp":"2023-11-09 14:16:37"},{"nodeID":"1355297","text":"Fyfe: Daisy Cooper: The Government has also refused to negotiate on pay","type":"L","timestamp":"2023-11-09 14:16:37"},{"nodeID":"1355298","text":"Asserting","type":"YA","timestamp":"2023-11-09 14:16:37"},{"nodeID":"1355299","text":"Daisy Cooper thinks the UK Government refusing to negotiate on nurses' pay is incredibly underhand","type":"I","timestamp":"2023-11-09 14:16:38"},{"nodeID":"1355300","text":"Daisy Cooper: which I think is incredibly underhand","type":"L","timestamp":"2023-11-09 14:16:38"},{"nodeID":"1355301","text":"Analysing","type":"YA","timestamp":"2023-11-09 14:16:38"},{"nodeID":"1355302","text":"Fyfe: Daisy Cooper: which I think is incredibly underhand","type":"L","timestamp":"2023-11-09 14:16:38"},{"nodeID":"1355303","text":"Asserting","type":"YA","timestamp":"2023-11-09 14:16:38"},{"nodeID":"1355304","text":"Default Transition","type":"TA","timestamp":"2023-11-09 14:16:38"},{"nodeID":"1355305","text":"Default Rephrase","type":"MA","timestamp":"2023-11-09 14:16:38"},{"nodeID":"1355306","text":"Restating","type":"YA","timestamp":"2023-11-09 14:16:38"},{"nodeID":"1355307","text":"the UK Government continues to argue that it can't interfere in the so-called independent pay review body","type":"I","timestamp":"2023-11-09 14:16:38"},{"nodeID":"1355308","text":"Daisy Cooper: the Government continues to argue that it can't interfere in the so-called independent pay review body","type":"L","timestamp":"2023-11-09 14:16:38"},{"nodeID":"1355309","text":"Analysing","type":"YA","timestamp":"2023-11-09 14:16:38"},{"nodeID":"1355310","text":"Fyfe: Daisy Cooper: the Government continues to argue that it can't interfere in the so-called independent pay review body","type":"L","timestamp":"2023-11-09 14:16:38"},{"nodeID":"1355311","text":"Asserting","type":"YA","timestamp":"2023-11-09 14:16:38"},{"nodeID":"1355312","text":"Default Transition","type":"TA","timestamp":"2023-11-09 14:16:38"},{"nodeID":"1355313","text":"the independent pay review body is not really independent","type":"I","timestamp":"2023-11-09 14:16:39"},{"nodeID":"1355314","text":"Daisy Cooper: it isn't really independent","type":"L","timestamp":"2023-11-09 14:16:39"},{"nodeID":"1355315","text":"Analysing","type":"YA","timestamp":"2023-11-09 14:16:39"},{"nodeID":"1355316","text":"Fyfe: Daisy Cooper: it isn't really independent","type":"L","timestamp":"2023-11-09 14:16:39"},{"nodeID":"1355317","text":"Asserting","type":"YA","timestamp":"2023-11-09 14:16:39"},{"nodeID":"1355318","text":"Default Transition","type":"TA","timestamp":"2023-11-09 14:16:39"},{"nodeID":"1355319","text":"Default Conflict","type":"CA","timestamp":"2023-11-09 14:16:39"},{"nodeID":"1355320","text":"Disagreeing","type":"YA","timestamp":"2023-11-09 14:16:39"},{"nodeID":"1355321","text":"the independent pay review body is not independent as it has its hands tied, it's given the envelope by the UK Government","type":"I","timestamp":"2023-11-09 14:16:40"},{"nodeID":"1355322","text":"Daisy Cooper:  it has its hands tied, it's given the envelope by the Government","type":"L","timestamp":"2023-11-09 14:16:40"},{"nodeID":"1355323","text":"Analysing","type":"YA","timestamp":"2023-11-09 14:16:40"},{"nodeID":"1355324","text":"Fyfe: Daisy Cooper:  it has its hands tied, it's given the envelope by the Government","type":"L","timestamp":"2023-11-09 14:16:40"},{"nodeID":"1355325","text":"Asserting","type":"YA","timestamp":"2023-11-09 14:16:40"},{"nodeID":"1355326","text":"Default Transition","type":"TA","timestamp":"2023-11-09 14:16:40"},{"nodeID":"1355327","text":"Default Inference","type":"RA","timestamp":"2023-11-09 14:16:40"},{"nodeID":"1355328","text":"Arguing","type":"YA","timestamp":"2023-11-09 14:16:40"},{"nodeID":"1355329","text":"the UK Government simultaneously claims, it cannot interfere in this so-called independent process","type":"I","timestamp":"2023-11-09 14:16:41"},{"nodeID":"1355330","text":"Daisy Cooper: the Government simultaneously claims, it can't interfere in this so-called independent process","type":"L","timestamp":"2023-11-09 14:16:41"},{"nodeID":"1355331","text":"Analysing","type":"YA","timestamp":"2023-11-09 14:16:41"},{"nodeID":"1355332","text":"Fyfe: Daisy Cooper: the Government simultaneously claims, it can't interfere in this so-called independent process","type":"L","timestamp":"2023-11-09 14:16:41"},{"nodeID":"1355333","text":"Asserting","type":"YA","timestamp":"2023-11-09 14:16:41"},{"nodeID":"1355334","text":"Default Transition","type":"TA","timestamp":"2023-11-09 14:16:41"},{"nodeID":"1355335","text":"at the same time the UK Government claimed it cannot interfere in an independent process, it did interfere in that process when it came to the train strikes","type":"I","timestamp":"2023-11-09 14:16:42"},{"nodeID":"1355336","text":"Daisy Cooper: whilst at the same time, it did interfere in that process when it came to the tarin strikes","type":"L","timestamp":"2023-11-09 14:16:42"},{"nodeID":"1355337","text":"Analysing","type":"YA","timestamp":"2023-11-09 14:16:42"},{"nodeID":"1355338","text":"Fyfe: Daisy Cooper: whilst at the same time, it did interfere in that process when it came to the tarin strikes","type":"L","timestamp":"2023-11-09 14:16:42"},{"nodeID":"1355339","text":"Asserting","type":"YA","timestamp":"2023-11-09 14:16:42"},{"nodeID":"1355340","text":"Default Transition","type":"TA","timestamp":"2023-11-09 14:16:42"},{"nodeID":"1355341","text":"Default Conflict","type":"CA","timestamp":"2023-11-09 14:16:42"},{"nodeID":"1355342","text":"Disagreeing","type":"YA","timestamp":"2023-11-09 14:16:42"},{"nodeID":"1355343","text":"the train bosses, and the train workers actually agreed a deal that could have seen off the strikes on the trains this Christmas","type":"I","timestamp":"2023-11-09 14:16:42"},{"nodeID":"1355344","text":"Daisy Cooper: the train bosses, and the tarin workers actually agreed a deal that could have seen off the strikes on the trains this Christmas","type":"L","timestamp":"2023-11-09 14:16:42"},{"nodeID":"1355345","text":"Analysing","type":"YA","timestamp":"2023-11-09 14:16:42"},{"nodeID":"1355346","text":"Fyfe: Daisy Cooper: the train bosses, and the tarin workers actually agreed a deal that could have seen off the strikes on the trains this Christmas","type":"L","timestamp":"2023-11-09 14:16:42"},{"nodeID":"1355347","text":"Asserting","type":"YA","timestamp":"2023-11-09 14:16:42"},{"nodeID":"1355348","text":"Default Transition","type":"TA","timestamp":"2023-11-09 14:16:42"},{"nodeID":"1355349","text":"the UK Government intervened, and blocked the train strike deal","type":"I","timestamp":"2023-11-09 14:16:43"},{"nodeID":"1355350","text":"Daisy Cooper: the Government intervened, and blocked that deal","type":"L","timestamp":"2023-11-09 14:16:43"},{"nodeID":"1355351","text":"Analysing","type":"YA","timestamp":"2023-11-09 14:16:43"},{"nodeID":"1355352","text":"Fyfe: Daisy Cooper: the Government intervened, and blocked that deal","type":"L","timestamp":"2023-11-09 14:16:43"},{"nodeID":"1355353","text":"Asserting","type":"YA","timestamp":"2023-11-09 14:16:43"},{"nodeID":"1355354","text":"Default Transition","type":"TA","timestamp":"2023-11-09 14:16:43"},{"nodeID":"1355355","text":"Default Inference","type":"RA","timestamp":"2023-11-09 14:16:43"},{"nodeID":"1355356","text":"Default Inference","type":"RA","timestamp":"2023-11-09 14:16:43"},{"nodeID":"1355357","text":"Default Transition","type":"TA","timestamp":"2023-11-09 14:16:43"},{"nodeID":"1355358","text":"Arguing","type":"YA","timestamp":"2023-11-09 14:16:43"},{"nodeID":"1355359","text":"Arguing","type":"YA","timestamp":"2023-11-09 14:16:43"},{"nodeID":"1355360","text":"Daisy Cooper thinks the underhand tactics from this Government are utterly disgraceful","type":"I","timestamp":"2023-11-09 14:16:44"},{"nodeID":"1355361","text":"Daisy Cooper: the underhand tactics from this Government, I think are utterly disgraceful","type":"L","timestamp":"2023-11-09 14:16:44"},{"nodeID":"1355362","text":"Analysing","type":"YA","timestamp":"2023-11-09 14:16:44"},{"nodeID":"1355363","text":"Fyfe: Daisy Cooper: the underhand tactics from this Government, I think are utterly disgraceful","type":"L","timestamp":"2023-11-09 14:16:44"},{"nodeID":"1355364","text":"Asserting","type":"YA","timestamp":"2023-11-09 14:16:44"},{"nodeID":"1355365","text":"Default Transition","type":"TA","timestamp":"2023-11-09 14:16:44"},{"nodeID":"1355366","text":"Default Rephrase","type":"MA","timestamp":"2023-11-09 14:16:44"},{"nodeID":"1355367","text":"Default Transition","type":"TA","timestamp":"2023-11-09 14:16:44"},{"nodeID":"1355368","text":"Restating","type":"YA","timestamp":"2023-11-09 14:16:44"},{"nodeID":"1355369","text":"it is the public who are going to suffer","type":"I","timestamp":"2023-11-09 14:16:45"},{"nodeID":"1355370","text":"Daisy Cooper: it's the public who are going to suffer","type":"L","timestamp":"2023-11-09 14:16:45"},{"nodeID":"1355371","text":"Analysing","type":"YA","timestamp":"2023-11-09 14:16:45"},{"nodeID":"1355372","text":"Fyfe: Daisy Cooper: it's the public who are going to suffer","type":"L","timestamp":"2023-11-09 14:16:45"},{"nodeID":"1355373","text":"Asserting","type":"YA","timestamp":"2023-11-09 14:16:45"},{"nodeID":"1355374","text":"Default Transition","type":"TA","timestamp":"2023-11-09 14:16:45"},{"nodeID":"1355375","text":"Default Inference","type":"RA","timestamp":"2023-11-09 14:16:45"},{"nodeID":"1355376","text":"Arguing","type":"YA","timestamp":"2023-11-09 14:16:45"},{"nodeID":"1355377","text":"nurses should or should not go on strike, since they are in the business of saving lives, they need to there to saves lives","type":"I","timestamp":"2023-11-09 14:16:45"},{"nodeID":"1355378","text":"Fiona Bruce: what's your response to what Peter had to say, that nurses just shouldn't go on strike, you're in the business of saving lives, you need to be there to do it","type":"L","timestamp":"2023-11-09 14:16:45"},{"nodeID":"1355379","text":"Analysing","type":"YA","timestamp":"2023-11-09 14:16:45"},{"nodeID":"1355380","text":"Fyfe: Fiona Bruce: what's your response to what Peter had to say, that nurses just shouldn't go on strike, you're in the business of saving lives, you need to be there to do it","type":"L","timestamp":"2023-11-09 14:16:45"},{"nodeID":"1355381","text":"Default Transition","type":"TA","timestamp":"2023-11-09 14:16:45"},{"nodeID":"1355382","text":"Peter Hitchens: nurses just should not go on strike, they are in the business of saving lives, they need to be there to do it","type":"L","timestamp":"2023-11-09 14:16:45"},{"nodeID":"1355383","text":"Analysing","type":"YA","timestamp":"2023-11-09 14:16:45"},{"nodeID":"1355384","text":"Fyfe: Peter Hitchens: Peter Hitchens said, that nurses just should not go on strike, they are in the business of saving lives, they need to be there to do it your response to this is xxx","type":"L","timestamp":"2023-11-09 14:16:45"},{"nodeID":"1355385","text":"Pure Questioning","type":"YA","timestamp":"2023-11-09 14:16:45"},{"nodeID":"1355386","text":"Asserting","type":"YA","timestamp":"2023-11-09 14:16:45"}],"edges":[{"edgeID":"1774607","fromID":"1355296","toID":"1355295","formEdgeID":null},{"edgeID":"1774608","fromID":"1355297","toID":"1355296","formEdgeID":null},{"edgeID":"1774609","fromID":"1355295","toID":"1355298","formEdgeID":null},{"edgeID":"1774610","fromID":"1355298","toID":"1355294","formEdgeID":null},{"edgeID":"1774611","fromID":"1355301","toID":"1355300","formEdgeID":null},{"edgeID":"1774612","fromID":"1355302","toID":"1355301","formEdgeID":null},{"edgeID":"1774613","fromID":"1355300","toID":"1355303","formEdgeID":null},{"edgeID":"1774614","fromID":"1355303","toID":"1355299","formEdgeID":null},{"edgeID":"1774615","fromID":"1355295","toID":"1355304","formEdgeID":null},{"edgeID":"1774616","fromID":"1355304","toID":"1355300","formEdgeID":null},{"edgeID":"1774617","fromID":"1355299","toID":"1355305","formEdgeID":null},{"edgeID":"1774618","fromID":"1355305","toID":"1355294","formEdgeID":null},{"edgeID":"1774619","fromID":"1355304","toID":"1355306","formEdgeID":null},{"edgeID":"1774620","fromID":"1355306","toID":"1355305","formEdgeID":null},{"edgeID":"1774621","fromID":"1355309","toID":"1355308","formEdgeID":null},{"edgeID":"1774622","fromID":"1355310","toID":"1355309","formEdgeID":null},{"edgeID":"1774623","fromID":"1355308","toID":"1355311","formEdgeID":null},{"edgeID":"1774624","fromID":"1355311","toID":"1355307","formEdgeID":null},{"edgeID":"1774625","fromID":"1355300","toID":"1355312","formEdgeID":null},{"edgeID":"1774626","fromID":"1355312","toID":"1355308","formEdgeID":null},{"edgeID":"1774627","fromID":"1355315","toID":"1355314","formEdgeID":null},{"edgeID":"1774628","fromID":"1355316","toID":"1355315","formEdgeID":null},{"edgeID":"1774629","fromID":"1355314","toID":"1355317","formEdgeID":null},{"edgeID":"1774630","fromID":"1355317","toID":"1355313","formEdgeID":null},{"edgeID":"1774631","fromID":"1355308","toID":"1355318","formEdgeID":null},{"edgeID":"1774632","fromID":"1355318","toID":"1355314","formEdgeID":null},{"edgeID":"1774633","fromID":"1355313","toID":"1355319","formEdgeID":null},{"edgeID":"1774634","fromID":"1355319","toID":"1355307","formEdgeID":null},{"edgeID":"1774635","fromID":"1355318","toID":"1355320","formEdgeID":null},{"edgeID":"1774636","fromID":"1355320","toID":"1355319","formEdgeID":null},{"edgeID":"1774637","fromID":"1355323","toID":"1355322","formEdgeID":null},{"edgeID":"1774638","fromID":"1355324","toID":"1355323","formEdgeID":null},{"edgeID":"1774639","fromID":"1355322","toID":"1355325","formEdgeID":null},{"edgeID":"1774640","fromID":"1355325","toID":"1355321","formEdgeID":null},{"edgeID":"1774641","fromID":"1355314","toID":"1355326","formEdgeID":null},{"edgeID":"1774642","fromID":"1355326","toID":"1355322","formEdgeID":null},{"edgeID":"1774643","fromID":"1355321","toID":"1355327","formEdgeID":null},{"edgeID":"1774644","fromID":"1355327","toID":"1355313","formEdgeID":null},{"edgeID":"1774645","fromID":"1355326","toID":"1355328","formEdgeID":null},{"edgeID":"1774646","fromID":"1355328","toID":"1355327","formEdgeID":null},{"edgeID":"1774647","fromID":"1355331","toID":"1355330","formEdgeID":null},{"edgeID":"1774648","fromID":"1355332","toID":"1355331","formEdgeID":null},{"edgeID":"1774649","fromID":"1355330","toID":"1355333","formEdgeID":null},{"edgeID":"1774650","fromID":"1355333","toID":"1355329","formEdgeID":null},{"edgeID":"1774651","fromID":"1355322","toID":"1355334","formEdgeID":null},{"edgeID":"1774652","fromID":"1355334","toID":"1355330","formEdgeID":null},{"edgeID":"1774653","fromID":"1355337","toID":"1355336","formEdgeID":null},{"edgeID":"1774654","fromID":"1355338","toID":"1355337","formEdgeID":null},{"edgeID":"1774655","fromID":"1355336","toID":"1355339","formEdgeID":null},{"edgeID":"1774656","fromID":"1355339","toID":"1355335","formEdgeID":null},{"edgeID":"1774657","fromID":"1355330","toID":"1355340","formEdgeID":null},{"edgeID":"1774658","fromID":"1355340","toID":"1355336","formEdgeID":null},{"edgeID":"1774659","fromID":"1355335","toID":"1355341","formEdgeID":null},{"edgeID":"1774660","fromID":"1355341","toID":"1355329","formEdgeID":null},{"edgeID":"1774661","fromID":"1355340","toID":"1355342","formEdgeID":null},{"edgeID":"1774662","fromID":"1355342","toID":"1355341","formEdgeID":null},{"edgeID":"1774663","fromID":"1355345","toID":"1355344","formEdgeID":null},{"edgeID":"1774664","fromID":"1355346","toID":"1355345","formEdgeID":null},{"edgeID":"1774665","fromID":"1355344","toID":"1355347","formEdgeID":null},{"edgeID":"1774666","fromID":"1355347","toID":"1355343","formEdgeID":null},{"edgeID":"1774667","fromID":"1355336","toID":"1355348","formEdgeID":null},{"edgeID":"1774668","fromID":"1355348","toID":"1355344","formEdgeID":null},{"edgeID":"1774669","fromID":"1355351","toID":"1355350","formEdgeID":null},{"edgeID":"1774670","fromID":"1355352","toID":"1355351","formEdgeID":null},{"edgeID":"1774671","fromID":"1355350","toID":"1355353","formEdgeID":null},{"edgeID":"1774672","fromID":"1355353","toID":"1355349","formEdgeID":null},{"edgeID":"1774673","fromID":"1355344","toID":"1355354","formEdgeID":null},{"edgeID":"1774674","fromID":"1355354","toID":"1355350","formEdgeID":null},{"edgeID":"1774675","fromID":"1355343","toID":"1355355","formEdgeID":null},{"edgeID":"1774676","fromID":"1355355","toID":"1355349","formEdgeID":null},{"edgeID":"1774677","fromID":"1355349","toID":"1355356","formEdgeID":null},{"edgeID":"1774678","fromID":"1355356","toID":"1355335","formEdgeID":null},{"edgeID":"1774679","fromID":"1355336","toID":"1355357","formEdgeID":null},{"edgeID":"1774680","fromID":"1355357","toID":"1355350","formEdgeID":null},{"edgeID":"1774681","fromID":"1355354","toID":"1355358","formEdgeID":null},{"edgeID":"1774682","fromID":"1355358","toID":"1355355","formEdgeID":null},{"edgeID":"1774683","fromID":"1355357","toID":"1355359","formEdgeID":null},{"edgeID":"1774684","fromID":"1355359","toID":"1355356","formEdgeID":null},{"edgeID":"1774685","fromID":"1355362","toID":"1355361","formEdgeID":null},{"edgeID":"1774686","fromID":"1355363","toID":"1355362","formEdgeID":null},{"edgeID":"1774687","fromID":"1355361","toID":"1355364","formEdgeID":null},{"edgeID":"1774688","fromID":"1355364","toID":"1355360","formEdgeID":null},{"edgeID":"1774689","fromID":"1355350","toID":"1355365","formEdgeID":null},{"edgeID":"1774690","fromID":"1355365","toID":"1355361","formEdgeID":null},{"edgeID":"1774691","fromID":"1355360","toID":"1355366","formEdgeID":null},{"edgeID":"1774692","fromID":"1355366","toID":"1355299","formEdgeID":null},{"edgeID":"1774693","fromID":"1355300","toID":"1355367","formEdgeID":null},{"edgeID":"1774694","fromID":"1355367","toID":"1355361","formEdgeID":null},{"edgeID":"1774695","fromID":"1355367","toID":"1355368","formEdgeID":null},{"edgeID":"1774696","fromID":"1355368","toID":"1355366","formEdgeID":null},{"edgeID":"1774697","fromID":"1355371","toID":"1355370","formEdgeID":null},{"edgeID":"1774698","fromID":"1355372","toID":"1355371","formEdgeID":null},{"edgeID":"1774699","fromID":"1355370","toID":"1355373","formEdgeID":null},{"edgeID":"1774700","fromID":"1355373","toID":"1355369","formEdgeID":null},{"edgeID":"1774701","fromID":"1355361","toID":"1355374","formEdgeID":null},{"edgeID":"1774702","fromID":"1355374","toID":"1355370","formEdgeID":null},{"edgeID":"1774703","fromID":"1355369","toID":"1355375","formEdgeID":null},{"edgeID":"1774704","fromID":"1355375","toID":"1355360","formEdgeID":null},{"edgeID":"1774705","fromID":"1355374","toID":"1355376","formEdgeID":null},{"edgeID":"1774706","fromID":"1355376","toID":"1355375","formEdgeID":null},{"edgeID":"1774707","fromID":"1355379","toID":"1355378","formEdgeID":null},{"edgeID":"1774708","fromID":"1355380","toID":"1355379","formEdgeID":null},{"edgeID":"1774709","fromID":"1355370","toID":"1355381","formEdgeID":null},{"edgeID":"1774710","fromID":"1355381","toID":"1355378","formEdgeID":null},{"edgeID":"1774711","fromID":"1355383","toID":"1355382","formEdgeID":null},{"edgeID":"1774712","fromID":"1355384","toID":"1355383","formEdgeID":null},{"edgeID":"1774713","fromID":"1355382","toID":"1355385","formEdgeID":null},{"edgeID":"1774714","fromID":"1355385","toID":"1355377","formEdgeID":null},{"edgeID":"1774715","fromID":"1355378","toID":"1355386","formEdgeID":null},{"edgeID":"1774716","fromID":"1355386","toID":"1355382","formEdgeID":null}],"locutions":[]}