{"nodes":[{"nodeID":"1374354","text":"safe and legal routes have worked before","type":"I","timestamp":"2023-11-09 14:45:34"},{"nodeID":"1374355","text":"Daisy Cooper: it's happened before","type":"L","timestamp":"2023-11-09 14:45:34"},{"nodeID":"1374356","text":"Analysing","type":"YA","timestamp":"2023-11-09 14:45:34"},{"nodeID":"1374357","text":"Anon: Daisy Cooper: it's happened before","type":"L","timestamp":"2023-11-09 14:45:34"},{"nodeID":"1374358","text":"Asserting","type":"YA","timestamp":"2023-11-09 14:45:34"},{"nodeID":"1374359","text":"people, from wherever they are leaving, they can go to a refugee camp","type":"I","timestamp":"2023-11-09 14:45:35"},{"nodeID":"1374360","text":"Daisy Cooper: People, from wherever they are leaving, they can go to a refugee camp","type":"L","timestamp":"2023-11-09 14:45:35"},{"nodeID":"1374361","text":"Analysing","type":"YA","timestamp":"2023-11-09 14:45:35"},{"nodeID":"1374362","text":"Anon: Daisy Cooper: People, from wherever they are leaving, they can go to a refugee camp","type":"L","timestamp":"2023-11-09 14:45:35"},{"nodeID":"1374363","text":"Asserting","type":"YA","timestamp":"2023-11-09 14:45:35"},{"nodeID":"1374364","text":"we work with the UN Refugee Agency","type":"I","timestamp":"2023-11-09 14:45:36"},{"nodeID":"1374365","text":"Daisy Cooper: We work with the UN Refugee Agency","type":"L","timestamp":"2023-11-09 14:45:36"},{"nodeID":"1374366","text":"Analysing","type":"YA","timestamp":"2023-11-09 14:45:36"},{"nodeID":"1374367","text":"Anon: Daisy Cooper: We work with the UN Refugee Agency","type":"L","timestamp":"2023-11-09 14:45:36"},{"nodeID":"1374368","text":"Asserting","type":"YA","timestamp":"2023-11-09 14:45:36"},{"nodeID":"1374369","text":"Default Transition","type":"TA","timestamp":"2023-11-09 14:45:36"},{"nodeID":"1374370","text":"Default Transition","type":"TA","timestamp":"2023-11-09 14:45:36"},{"nodeID":"1374371","text":"the UN Refugee Agency can support people who might have a legitimate claim to apply to come here","type":"I","timestamp":"2023-11-09 14:45:36"},{"nodeID":"1374372","text":"Daisy Cooper: they support people who might have a legitimate claim to apply to come here","type":"L","timestamp":"2023-11-09 14:45:36"},{"nodeID":"1374373","text":"Analysing","type":"YA","timestamp":"2023-11-09 14:45:36"},{"nodeID":"1374374","text":"Anon: Daisy Cooper: they support people who might have a legitimate claim to apply to come here","type":"L","timestamp":"2023-11-09 14:45:36"},{"nodeID":"1374375","text":"Asserting","type":"YA","timestamp":"2023-11-09 14:45:36"},{"nodeID":"1374376","text":"Default Transition","type":"TA","timestamp":"2023-11-09 14:45:36"},{"nodeID":"1374377","text":"people are given a humanitarian visa that allows them to get onto a plane, come to the UK, and complete their application","type":"I","timestamp":"2023-11-09 14:45:37"},{"nodeID":"1374378","text":"Daisy Cooper: They're then given a humanitarian visa that allows them to get onto a plane, come to this country, and complete their application","type":"L","timestamp":"2023-11-09 14:45:37"},{"nodeID":"1374379","text":"Analysing","type":"YA","timestamp":"2023-11-09 14:45:37"},{"nodeID":"1374380","text":"Anon: Daisy Cooper: They're then given a humanitarian visa that allows them to get onto a plane, come to this country, and complete their application","type":"L","timestamp":"2023-11-09 14:45:37"},{"nodeID":"1374381","text":"Asserting","type":"YA","timestamp":"2023-11-09 14:45:37"},{"nodeID":"1374382","text":"Default Rephrase","type":"MA","timestamp":"2023-11-09 14:45:37"},{"nodeID":"1374383","text":"Default Transition","type":"TA","timestamp":"2023-11-09 14:45:37"},{"nodeID":"1374384","text":"Restating","type":"YA","timestamp":"2023-11-09 14:45:37"},{"nodeID":"1374385","text":"Default Transition","type":"TA","timestamp":"2023-11-09 14:45:37"},{"nodeID":"1374386","text":"Default Inference","type":"RA","timestamp":"2023-11-09 14:45:37"},{"nodeID":"1374387","text":"at the moment, being given a humanitarian visa and coming to the UK to complete the application is not allowed","type":"I","timestamp":"2023-11-09 14:45:37"},{"nodeID":"1374388","text":"Daisy Cooper: At the moment, that is not allowed","type":"L","timestamp":"2023-11-09 14:45:37"},{"nodeID":"1374389","text":"Analysing","type":"YA","timestamp":"2023-11-09 14:45:37"},{"nodeID":"1374390","text":"Anon: Daisy Cooper: At the moment, that is not allowed","type":"L","timestamp":"2023-11-09 14:45:37"},{"nodeID":"1374391","text":"Asserting","type":"YA","timestamp":"2023-11-09 14:45:37"},{"nodeID":"1374392","text":"Default Transition","type":"TA","timestamp":"2023-11-09 14:45:37"},{"nodeID":"1374393","text":"Default Conflict","type":"CA","timestamp":"2023-11-09 14:45:37"},{"nodeID":"1374394","text":"Disagreeing","type":"YA","timestamp":"2023-11-09 14:45:37"},{"nodeID":"1374395","text":"people are desperate","type":"I","timestamp":"2023-11-09 14:45:38"},{"nodeID":"1374396","text":"Daisy Cooper: people are desperate","type":"L","timestamp":"2023-11-09 14:45:38"},{"nodeID":"1374397","text":"Analysing","type":"YA","timestamp":"2023-11-09 14:45:38"},{"nodeID":"1374398","text":"Anon: Daisy Cooper: people are desperate","type":"L","timestamp":"2023-11-09 14:45:38"},{"nodeID":"1374399","text":"Asserting","type":"YA","timestamp":"2023-11-09 14:45:38"},{"nodeID":"1374400","text":"Default Inference","type":"RA","timestamp":"2023-11-09 14:45:38"},{"nodeID":"1374401","text":"Default Transition","type":"TA","timestamp":"2023-11-09 14:45:38"},{"nodeID":"1374402","text":"Arguing","type":"YA","timestamp":"2023-11-09 14:45:38"},{"nodeID":"1374403","text":"these vulnerable people who are fleeing war and persecution, are paying these criminal gangs and traffickers, fuelling their industry","type":"I","timestamp":"2023-11-09 14:45:39"},{"nodeID":"1374404","text":"Daisy Cooper: these vulnerable people who are fleeing war and persecution, are then paying these criminal gangs and traffickers, fuelling their industry","type":"L","timestamp":"2023-11-09 14:45:39"},{"nodeID":"1374405","text":"Analysing","type":"YA","timestamp":"2023-11-09 14:45:39"},{"nodeID":"1374406","text":"Anon: Daisy Cooper: these vulnerable people who are fleeing war and persecution, are then paying these criminal gangs and traffickers, fuelling their industry","type":"L","timestamp":"2023-11-09 14:45:39"},{"nodeID":"1374407","text":"Asserting","type":"YA","timestamp":"2023-11-09 14:45:39"},{"nodeID":"1374408","text":"Default Inference","type":"RA","timestamp":"2023-11-09 14:45:39"},{"nodeID":"1374409","text":"Default Transition","type":"TA","timestamp":"2023-11-09 14:45:39"},{"nodeID":"1374410","text":"Arguing","type":"YA","timestamp":"2023-11-09 14:45:39"},{"nodeID":"1374411","text":"the Government's own policy means that we are fuelling the very gangs that we want to be breaking up","type":"I","timestamp":"2023-11-09 14:45:39"},{"nodeID":"1374412","text":"Daisy Cooper: the Government's own policy means that we are fuelling the very gangs that we want to be breaking up","type":"L","timestamp":"2023-11-09 14:45:39"},{"nodeID":"1374413","text":"Analysing","type":"YA","timestamp":"2023-11-09 14:45:39"},{"nodeID":"1374414","text":"Anon: Daisy Cooper: the Government's own policy means that we are fuelling the very gangs that we want to be breaking up","type":"L","timestamp":"2023-11-09 14:45:39"},{"nodeID":"1374415","text":"Asserting","type":"YA","timestamp":"2023-11-09 14:45:39"},{"nodeID":"1374416","text":"Default Transition","type":"TA","timestamp":"2023-11-09 14:45:39"},{"nodeID":"1374417","text":"Default Inference","type":"RA","timestamp":"2023-11-09 14:45:39"},{"nodeID":"1374418","text":"Arguing","type":"YA","timestamp":"2023-11-09 14:45:39"},{"nodeID":"1374419","text":"these people are in France","type":"I","timestamp":"2023-11-09 14:45:40"},{"nodeID":"1374420","text":"Peter Hitchens: these people are in France","type":"L","timestamp":"2023-11-09 14:45:40"},{"nodeID":"1374421","text":"Analysing","type":"YA","timestamp":"2023-11-09 14:45:40"},{"nodeID":"1374422","text":"Anon: Peter Hitchens: these people are in France","type":"L","timestamp":"2023-11-09 14:45:40"},{"nodeID":"1374423","text":"Asserting","type":"YA","timestamp":"2023-11-09 14:45:40"},{"nodeID":"1374424","text":"Default Transition","type":"TA","timestamp":"2023-11-09 14:45:40"},{"nodeID":"1374425","text":"Analysing","type":"YA","timestamp":"2023-11-09 14:45:40"},{"nodeID":"1374426","text":"Default Transition","type":"TA","timestamp":"2023-11-09 14:45:40"},{"nodeID":"1374427","text":"Asserting","type":"YA","timestamp":"2023-11-09 14:45:40"},{"nodeID":"1374428","text":"people are fleeing from something in France","type":"I","timestamp":"2023-11-09 14:45:41"},{"nodeID":"1374429","text":"Peter Hitchens: what are they fleeing from in France","type":"L","timestamp":"2023-11-09 14:45:41"},{"nodeID":"1374430","text":"Analysing","type":"YA","timestamp":"2023-11-09 14:45:41"},{"nodeID":"1374431","text":"Anon: Peter Hitchens: what are they fleeing from in France","type":"L","timestamp":"2023-11-09 14:45:41"},{"nodeID":"1374432","text":"Challenging","type":"YA","timestamp":"2023-11-09 14:45:41"},{"nodeID":"1374433","text":"Default Transition","type":"TA","timestamp":"2023-11-09 14:45:41"},{"nodeID":"1374434","text":"Peter Hitchens: what are they fleeing from","type":"L","timestamp":"2023-11-09 14:45:41"},{"nodeID":"1374435","text":"Analysing","type":"YA","timestamp":"2023-11-09 14:45:41"},{"nodeID":"1374436","text":"Anon: Peter Hitchens: what are they fleeing from","type":"L","timestamp":"2023-11-09 14:45:41"},{"nodeID":"1374437","text":"Default Transition","type":"TA","timestamp":"2023-11-09 14:45:41"},{"nodeID":"1374438","text":"Asserting","type":"YA","timestamp":"2023-11-09 14:45:41"},{"nodeID":"1374439","text":"there are people who have been trafficked","type":"I","timestamp":"2023-11-09 14:45:41"},{"nodeID":"1374440","text":"Daisy Cooper: There are people who have been trafficked","type":"L","timestamp":"2023-11-09 14:45:41"},{"nodeID":"1374441","text":"Analysing","type":"YA","timestamp":"2023-11-09 14:45:41"},{"nodeID":"1374442","text":"Anon: Daisy Cooper: There are people who have been trafficked","type":"L","timestamp":"2023-11-09 14:45:41"},{"nodeID":"1374443","text":"Asserting","type":"YA","timestamp":"2023-11-09 14:45:41"},{"nodeID":"1374444","text":"Default Transition","type":"TA","timestamp":"2023-11-09 14:45:41"},{"nodeID":"1374445","text":"people are being trafficked","type":"I","timestamp":"2023-11-09 14:45:42"},{"nodeID":"1374446","text":"Daisy Cooper: people are being trafficked","type":"L","timestamp":"2023-11-09 14:45:42"},{"nodeID":"1374447","text":"Analysing","type":"YA","timestamp":"2023-11-09 14:45:42"},{"nodeID":"1374448","text":"Anon: Daisy Cooper: people are being trafficked","type":"L","timestamp":"2023-11-09 14:45:42"},{"nodeID":"1374449","text":"Asserting","type":"YA","timestamp":"2023-11-09 14:45:42"},{"nodeID":"1374450","text":"Default Transition","type":"TA","timestamp":"2023-11-09 14:45:42"},{"nodeID":"1374451","text":"Default Rephrase","type":"MA","timestamp":"2023-11-09 14:45:42"},{"nodeID":"1374452","text":"Restating","type":"YA","timestamp":"2023-11-09 14:45:42"},{"nodeID":"1374453","text":"some people are in France","type":"I","timestamp":"2023-11-09 14:45:43"},{"nodeID":"1374454","text":"Daisy Cooper: they are in France","type":"L","timestamp":"2023-11-09 14:45:43"},{"nodeID":"1374455","text":"Analysing","type":"YA","timestamp":"2023-11-09 14:45:43"},{"nodeID":"1374456","text":"Anon: Daisy Cooper: they are in France","type":"L","timestamp":"2023-11-09 14:45:43"},{"nodeID":"1374457","text":"Asserting","type":"YA","timestamp":"2023-11-09 14:45:43"},{"nodeID":"1374458","text":"Default Transition","type":"TA","timestamp":"2023-11-09 14:45:43"},{"nodeID":"1374459","text":"having France as their end destination is often not people's own choosing","type":"I","timestamp":"2023-11-09 14:45:43"},{"nodeID":"1374460","text":"Daisy Cooper: their end destination is often not their own choosing","type":"L","timestamp":"2023-11-09 14:45:43"},{"nodeID":"1374461","text":"Analysing","type":"YA","timestamp":"2023-11-09 14:45:43"},{"nodeID":"1374462","text":"Anon: Daisy Cooper: their end destination is often not their own choosing","type":"L","timestamp":"2023-11-09 14:45:43"},{"nodeID":"1374463","text":"Asserting","type":"YA","timestamp":"2023-11-09 14:45:43"},{"nodeID":"1374464","text":"you are being kept by a criminal gang","type":"I","timestamp":"2023-11-09 14:45:44"},{"nodeID":"1374465","text":"Daisy Cooper: you are being kept by a criminal gang","type":"L","timestamp":"2023-11-09 14:45:44"},{"nodeID":"1374466","text":"Analysing","type":"YA","timestamp":"2023-11-09 14:45:44"},{"nodeID":"1374467","text":"Anon: Daisy Cooper: you are being kept by a criminal gang","type":"L","timestamp":"2023-11-09 14:45:44"},{"nodeID":"1374468","text":"Asserting","type":"YA","timestamp":"2023-11-09 14:45:44"},{"nodeID":"1374469","text":"you have no choice about your end destination","type":"I","timestamp":"2023-11-09 14:45:44"},{"nodeID":"1374470","text":"Daisy Cooper: you have no choice about your end destination","type":"L","timestamp":"2023-11-09 14:45:44"},{"nodeID":"1374471","text":"Analysing","type":"YA","timestamp":"2023-11-09 14:45:44"},{"nodeID":"1374472","text":"Anon: Daisy Cooper: you have no choice about your end destination","type":"L","timestamp":"2023-11-09 14:45:44"},{"nodeID":"1374473","text":"Asserting","type":"YA","timestamp":"2023-11-09 14:45:44"},{"nodeID":"1374474","text":"Default Transition","type":"TA","timestamp":"2023-11-09 14:45:44"},{"nodeID":"1374475","text":"Default Inference","type":"RA","timestamp":"2023-11-09 14:45:45"},{"nodeID":"1374476","text":"Arguing","type":"YA","timestamp":"2023-11-09 14:45:45"},{"nodeID":"1374477","text":"Default Transition","type":"TA","timestamp":"2023-11-09 14:45:45"},{"nodeID":"1374478","text":"Default Inference","type":"RA","timestamp":"2023-11-09 14:45:45"},{"nodeID":"1374479","text":"Arguing","type":"YA","timestamp":"2023-11-09 14:45:45"},{"nodeID":"1374480","text":"Default Transition","type":"TA","timestamp":"2023-11-09 14:45:45"},{"nodeID":"1374481","text":"Default Rephrase","type":"MA","timestamp":"2023-11-09 14:45:45"},{"nodeID":"1374482","text":"Restating","type":"YA","timestamp":"2023-11-09 14:45:45"},{"nodeID":"1374483","text":"Default Transition","type":"TA","timestamp":"2023-11-09 14:45:45"},{"nodeID":"1374484","text":"Default Rephrase","type":"MA","timestamp":"2023-11-09 14:45:45"},{"nodeID":"1374485","text":"Restating","type":"YA","timestamp":"2023-11-09 14:45:45"}],"edges":[{"edgeID":"1797280","fromID":"1374356","toID":"1374355","formEdgeID":null},{"edgeID":"1797281","fromID":"1374357","toID":"1374356","formEdgeID":null},{"edgeID":"1797282","fromID":"1374355","toID":"1374358","formEdgeID":null},{"edgeID":"1797283","fromID":"1374358","toID":"1374354","formEdgeID":null},{"edgeID":"1797284","fromID":"1374361","toID":"1374360","formEdgeID":null},{"edgeID":"1797285","fromID":"1374362","toID":"1374361","formEdgeID":null},{"edgeID":"1797286","fromID":"1374360","toID":"1374363","formEdgeID":null},{"edgeID":"1797287","fromID":"1374363","toID":"1374359","formEdgeID":null},{"edgeID":"1797288","fromID":"1374366","toID":"1374365","formEdgeID":null},{"edgeID":"1797289","fromID":"1374367","toID":"1374366","formEdgeID":null},{"edgeID":"1797290","fromID":"1374365","toID":"1374368","formEdgeID":null},{"edgeID":"1797291","fromID":"1374368","toID":"1374364","formEdgeID":null},{"edgeID":"1797292","fromID":"1374355","toID":"1374369","formEdgeID":null},{"edgeID":"1797293","fromID":"1374369","toID":"1374360","formEdgeID":null},{"edgeID":"1797294","fromID":"1374360","toID":"1374370","formEdgeID":null},{"edgeID":"1797295","fromID":"1374370","toID":"1374365","formEdgeID":null},{"edgeID":"1797296","fromID":"1374373","toID":"1374372","formEdgeID":null},{"edgeID":"1797297","fromID":"1374374","toID":"1374373","formEdgeID":null},{"edgeID":"1797298","fromID":"1374372","toID":"1374375","formEdgeID":null},{"edgeID":"1797299","fromID":"1374375","toID":"1374371","formEdgeID":null},{"edgeID":"1797300","fromID":"1374365","toID":"1374376","formEdgeID":null},{"edgeID":"1797301","fromID":"1374376","toID":"1374372","formEdgeID":null},{"edgeID":"1797302","fromID":"1374379","toID":"1374378","formEdgeID":null},{"edgeID":"1797303","fromID":"1374380","toID":"1374379","formEdgeID":null},{"edgeID":"1797304","fromID":"1374378","toID":"1374381","formEdgeID":null},{"edgeID":"1797305","fromID":"1374381","toID":"1374377","formEdgeID":null},{"edgeID":"1797306","fromID":"1374377","toID":"1374382","formEdgeID":null},{"edgeID":"1797307","fromID":"1374382","toID":"1374371","formEdgeID":null},{"edgeID":"1797308","fromID":"1374372","toID":"1374383","formEdgeID":null},{"edgeID":"1797309","fromID":"1374383","toID":"1374378","formEdgeID":null},{"edgeID":"1797310","fromID":"1374383","toID":"1374384","formEdgeID":null},{"edgeID":"1797311","fromID":"1374384","toID":"1374382","formEdgeID":null},{"edgeID":"1797312","fromID":"1374355","toID":"1374385","formEdgeID":null},{"edgeID":"1797313","fromID":"1374385","toID":"1374378","formEdgeID":null},{"edgeID":"1797314","fromID":"1374377","toID":"1374386","formEdgeID":null},{"edgeID":"1797315","fromID":"1374386","toID":"1374354","formEdgeID":null},{"edgeID":"1797316","fromID":"1374389","toID":"1374388","formEdgeID":null},{"edgeID":"1797317","fromID":"1374390","toID":"1374389","formEdgeID":null},{"edgeID":"1797318","fromID":"1374388","toID":"1374391","formEdgeID":null},{"edgeID":"1797319","fromID":"1374391","toID":"1374387","formEdgeID":null},{"edgeID":"1797320","fromID":"1374355","toID":"1374392","formEdgeID":null},{"edgeID":"1797321","fromID":"1374392","toID":"1374388","formEdgeID":null},{"edgeID":"1797322","fromID":"1374387","toID":"1374393","formEdgeID":null},{"edgeID":"1797323","fromID":"1374393","toID":"1374354","formEdgeID":null},{"edgeID":"1797324","fromID":"1374392","toID":"1374394","formEdgeID":null},{"edgeID":"1797325","fromID":"1374394","toID":"1374393","formEdgeID":null},{"edgeID":"1797326","fromID":"1374397","toID":"1374396","formEdgeID":null},{"edgeID":"1797327","fromID":"1374398","toID":"1374397","formEdgeID":null},{"edgeID":"1797328","fromID":"1374396","toID":"1374399","formEdgeID":null},{"edgeID":"1797329","fromID":"1374399","toID":"1374395","formEdgeID":null},{"edgeID":"1797330","fromID":"1374387","toID":"1374400","formEdgeID":null},{"edgeID":"1797331","fromID":"1374400","toID":"1374395","formEdgeID":null},{"edgeID":"1797332","fromID":"1374388","toID":"1374401","formEdgeID":null},{"edgeID":"1797333","fromID":"1374401","toID":"1374396","formEdgeID":null},{"edgeID":"1797334","fromID":"1374401","toID":"1374402","formEdgeID":null},{"edgeID":"1797335","fromID":"1374402","toID":"1374400","formEdgeID":null},{"edgeID":"1797336","fromID":"1374405","toID":"1374404","formEdgeID":null},{"edgeID":"1797337","fromID":"1374406","toID":"1374405","formEdgeID":null},{"edgeID":"1797338","fromID":"1374404","toID":"1374407","formEdgeID":null},{"edgeID":"1797339","fromID":"1374407","toID":"1374403","formEdgeID":null},{"edgeID":"1797340","fromID":"1374395","toID":"1374408","formEdgeID":null},{"edgeID":"1797341","fromID":"1374408","toID":"1374403","formEdgeID":null},{"edgeID":"1797342","fromID":"1374396","toID":"1374409","formEdgeID":null},{"edgeID":"1797343","fromID":"1374409","toID":"1374404","formEdgeID":null},{"edgeID":"1797344","fromID":"1374409","toID":"1374410","formEdgeID":null},{"edgeID":"1797345","fromID":"1374410","toID":"1374408","formEdgeID":null},{"edgeID":"1797346","fromID":"1374413","toID":"1374412","formEdgeID":null},{"edgeID":"1797347","fromID":"1374414","toID":"1374413","formEdgeID":null},{"edgeID":"1797348","fromID":"1374412","toID":"1374415","formEdgeID":null},{"edgeID":"1797349","fromID":"1374415","toID":"1374411","formEdgeID":null},{"edgeID":"1797350","fromID":"1374404","toID":"1374416","formEdgeID":null},{"edgeID":"1797351","fromID":"1374416","toID":"1374412","formEdgeID":null},{"edgeID":"1797352","fromID":"1374403","toID":"1374417","formEdgeID":null},{"edgeID":"1797353","fromID":"1374417","toID":"1374411","formEdgeID":null},{"edgeID":"1797354","fromID":"1374416","toID":"1374418","formEdgeID":null},{"edgeID":"1797355","fromID":"1374418","toID":"1374417","formEdgeID":null},{"edgeID":"1797356","fromID":"1374421","toID":"1374420","formEdgeID":null},{"edgeID":"1797357","fromID":"1374422","toID":"1374421","formEdgeID":null},{"edgeID":"1797358","fromID":"1374420","toID":"1374423","formEdgeID":null},{"edgeID":"1797359","fromID":"1374423","toID":"1374419","formEdgeID":null},{"edgeID":"1797360","fromID":"1374404","toID":"1374424","formEdgeID":null},{"edgeID":"1797361","fromID":"1374424","toID":"1374420","formEdgeID":null},{"edgeID":"1797362","fromID":"1374425","toID":"1374420","formEdgeID":null},{"edgeID":"1797363","fromID":"1374422","toID":"1374425","formEdgeID":null},{"edgeID":"1797364","fromID":"1374420","toID":"1374426","formEdgeID":null},{"edgeID":"1797365","fromID":"1374426","toID":"1374420","formEdgeID":null},{"edgeID":"1797366","fromID":"1374420","toID":"1374427","formEdgeID":null},{"edgeID":"1797367","fromID":"1374427","toID":"1374419","formEdgeID":null},{"edgeID":"1797368","fromID":"1374430","toID":"1374429","formEdgeID":null},{"edgeID":"1797369","fromID":"1374431","toID":"1374430","formEdgeID":null},{"edgeID":"1797370","fromID":"1374429","toID":"1374432","formEdgeID":null},{"edgeID":"1797371","fromID":"1374432","toID":"1374428","formEdgeID":null},{"edgeID":"1797372","fromID":"1374420","toID":"1374433","formEdgeID":null},{"edgeID":"1797373","fromID":"1374433","toID":"1374429","formEdgeID":null},{"edgeID":"1797374","fromID":"1374435","toID":"1374434","formEdgeID":null},{"edgeID":"1797375","fromID":"1374436","toID":"1374435","formEdgeID":null},{"edgeID":"1797376","fromID":"1374429","toID":"1374437","formEdgeID":null},{"edgeID":"1797377","fromID":"1374437","toID":"1374434","formEdgeID":null},{"edgeID":"1797378","fromID":"1374434","toID":"1374438","formEdgeID":null},{"edgeID":"1797379","fromID":"1374438","toID":"1374428","formEdgeID":null},{"edgeID":"1797380","fromID":"1374441","toID":"1374440","formEdgeID":null},{"edgeID":"1797381","fromID":"1374442","toID":"1374441","formEdgeID":null},{"edgeID":"1797382","fromID":"1374440","toID":"1374443","formEdgeID":null},{"edgeID":"1797383","fromID":"1374443","toID":"1374439","formEdgeID":null},{"edgeID":"1797384","fromID":"1374434","toID":"1374444","formEdgeID":null},{"edgeID":"1797385","fromID":"1374444","toID":"1374440","formEdgeID":null},{"edgeID":"1797386","fromID":"1374447","toID":"1374446","formEdgeID":null},{"edgeID":"1797387","fromID":"1374448","toID":"1374447","formEdgeID":null},{"edgeID":"1797388","fromID":"1374446","toID":"1374449","formEdgeID":null},{"edgeID":"1797389","fromID":"1374449","toID":"1374445","formEdgeID":null},{"edgeID":"1797390","fromID":"1374440","toID":"1374450","formEdgeID":null},{"edgeID":"1797391","fromID":"1374450","toID":"1374446","formEdgeID":null},{"edgeID":"1797392","fromID":"1374445","toID":"1374451","formEdgeID":null},{"edgeID":"1797393","fromID":"1374451","toID":"1374439","formEdgeID":null},{"edgeID":"1797394","fromID":"1374450","toID":"1374452","formEdgeID":null},{"edgeID":"1797395","fromID":"1374452","toID":"1374451","formEdgeID":null},{"edgeID":"1797396","fromID":"1374455","toID":"1374454","formEdgeID":null},{"edgeID":"1797397","fromID":"1374456","toID":"1374455","formEdgeID":null},{"edgeID":"1797398","fromID":"1374454","toID":"1374457","formEdgeID":null},{"edgeID":"1797399","fromID":"1374457","toID":"1374453","formEdgeID":null},{"edgeID":"1797400","fromID":"1374446","toID":"1374458","formEdgeID":null},{"edgeID":"1797401","fromID":"1374458","toID":"1374454","formEdgeID":null},{"edgeID":"1797402","fromID":"1374461","toID":"1374460","formEdgeID":null},{"edgeID":"1797403","fromID":"1374462","toID":"1374461","formEdgeID":null},{"edgeID":"1797404","fromID":"1374460","toID":"1374463","formEdgeID":null},{"edgeID":"1797405","fromID":"1374463","toID":"1374459","formEdgeID":null},{"edgeID":"1797406","fromID":"1374466","toID":"1374465","formEdgeID":null},{"edgeID":"1797407","fromID":"1374467","toID":"1374466","formEdgeID":null},{"edgeID":"1797408","fromID":"1374465","toID":"1374468","formEdgeID":null},{"edgeID":"1797409","fromID":"1374468","toID":"1374464","formEdgeID":null},{"edgeID":"1797410","fromID":"1374471","toID":"1374470","formEdgeID":null},{"edgeID":"1797411","fromID":"1374472","toID":"1374471","formEdgeID":null},{"edgeID":"1797412","fromID":"1374470","toID":"1374473","formEdgeID":null},{"edgeID":"1797413","fromID":"1374473","toID":"1374469","formEdgeID":null},{"edgeID":"1797414","fromID":"1374465","toID":"1374474","formEdgeID":null},{"edgeID":"1797415","fromID":"1374474","toID":"1374470","formEdgeID":null},{"edgeID":"1797416","fromID":"1374464","toID":"1374475","formEdgeID":null},{"edgeID":"1797417","fromID":"1374475","toID":"1374469","formEdgeID":null},{"edgeID":"1797418","fromID":"1374474","toID":"1374476","formEdgeID":null},{"edgeID":"1797419","fromID":"1374476","toID":"1374475","formEdgeID":null},{"edgeID":"1797420","fromID":"1374460","toID":"1374477","formEdgeID":null},{"edgeID":"1797421","fromID":"1374477","toID":"1374470","formEdgeID":null},{"edgeID":"1797422","fromID":"1374469","toID":"1374478","formEdgeID":null},{"edgeID":"1797423","fromID":"1374478","toID":"1374459","formEdgeID":null},{"edgeID":"1797424","fromID":"1374477","toID":"1374479","formEdgeID":null},{"edgeID":"1797425","fromID":"1374479","toID":"1374478","formEdgeID":null},{"edgeID":"1797426","fromID":"1374446","toID":"1374480","formEdgeID":null},{"edgeID":"1797427","fromID":"1374480","toID":"1374465","formEdgeID":null},{"edgeID":"1797428","fromID":"1374464","toID":"1374481","formEdgeID":null},{"edgeID":"1797429","fromID":"1374481","toID":"1374445","formEdgeID":null},{"edgeID":"1797430","fromID":"1374480","toID":"1374482","formEdgeID":null},{"edgeID":"1797431","fromID":"1374482","toID":"1374481","formEdgeID":null},{"edgeID":"1797432","fromID":"1374454","toID":"1374483","formEdgeID":null},{"edgeID":"1797433","fromID":"1374483","toID":"1374460","formEdgeID":null},{"edgeID":"1797434","fromID":"1374453","toID":"1374484","formEdgeID":null},{"edgeID":"1797435","fromID":"1374484","toID":"1374459","formEdgeID":null},{"edgeID":"1797436","fromID":"1374483","toID":"1374485","formEdgeID":null},{"edgeID":"1797437","fromID":"1374485","toID":"1374484","formEdgeID":null}],"locutions":[]}