{"nodes":[{"nodeID":"1374966","text":"no one crossing the Channel wants to cross the Channel","type":"I","timestamp":"2023-11-09 14:46:26"},{"nodeID":"1374967","text":"AudienceMember 20230112QT20: No one crossing the Channel wants to cross the Channel","type":"L","timestamp":"2023-11-09 14:46:26"},{"nodeID":"1374968","text":"Analysing","type":"YA","timestamp":"2023-11-09 14:46:26"},{"nodeID":"1374969","text":"Joanna: AudienceMember 20230112QT20: No one crossing the Channel wants to cross the Channel","type":"L","timestamp":"2023-11-09 14:46:26"},{"nodeID":"1374970","text":"Asserting","type":"YA","timestamp":"2023-11-09 14:46:26"},{"nodeID":"1374971","text":"people crossing the Channel are absolutely terrified","type":"I","timestamp":"2023-11-09 14:46:27"},{"nodeID":"1374972","text":"AudienceMember 20230112QT20: they're absolutely terrified","type":"L","timestamp":"2023-11-09 14:46:27"},{"nodeID":"1374973","text":"Analysing","type":"YA","timestamp":"2023-11-09 14:46:27"},{"nodeID":"1374974","text":"Joanna: AudienceMember 20230112QT20: they're absolutely terrified","type":"L","timestamp":"2023-11-09 14:46:27"},{"nodeID":"1374975","text":"Asserting","type":"YA","timestamp":"2023-11-09 14:46:27"},{"nodeID":"1374976","text":"Default Transition","type":"TA","timestamp":"2023-11-09 14:46:27"},{"nodeID":"1374977","text":"crossing the Channel is a last resort","type":"I","timestamp":"2023-11-09 14:46:28"},{"nodeID":"1374978","text":"AudienceMember 20230112QT20: it's a last resort","type":"L","timestamp":"2023-11-09 14:46:28"},{"nodeID":"1374979","text":"Analysing","type":"YA","timestamp":"2023-11-09 14:46:28"},{"nodeID":"1374980","text":"Joanna: AudienceMember 20230112QT20: it's a last resort","type":"L","timestamp":"2023-11-09 14:46:28"},{"nodeID":"1374981","text":"Asserting","type":"YA","timestamp":"2023-11-09 14:46:28"},{"nodeID":"1374982","text":"Default Transition","type":"TA","timestamp":"2023-11-09 14:46:28"},{"nodeID":"1374983","text":"there's no way anyone is crossing the Channel through choice","type":"I","timestamp":"2023-11-09 14:46:28"},{"nodeID":"1374984","text":"AudienceMember 20230112QT20: there's no way anyone is doing that through choice","type":"L","timestamp":"2023-11-09 14:46:28"},{"nodeID":"1374985","text":"Analysing","type":"YA","timestamp":"2023-11-09 14:46:28"},{"nodeID":"1374986","text":"Joanna: AudienceMember 20230112QT20: there's no way anyone is doing that through choice","type":"L","timestamp":"2023-11-09 14:46:28"},{"nodeID":"1374987","text":"Asserting","type":"YA","timestamp":"2023-11-09 14:46:28"},{"nodeID":"1374988","text":"Default Transition","type":"TA","timestamp":"2023-11-09 14:46:28"},{"nodeID":"1374989","text":"Default Rephrase","type":"MA","timestamp":"2023-11-09 14:46:28"},{"nodeID":"1374990","text":"Default Transition","type":"TA","timestamp":"2023-11-09 14:46:28"},{"nodeID":"1374991","text":"Restating","type":"YA","timestamp":"2023-11-09 14:46:28"},{"nodeID":"1374992","text":"Default Inference","type":"RA","timestamp":"2023-11-09 14:46:28"},{"nodeID":"1374993","text":"Default Transition","type":"TA","timestamp":"2023-11-09 14:46:28"},{"nodeID":"1374994","text":"Arguing","type":"YA","timestamp":"2023-11-09 14:46:28"},{"nodeID":"1374995","text":"people are crossing the Channel because they have to","type":"I","timestamp":"2023-11-09 14:46:29"},{"nodeID":"1374996","text":"AudienceMember 20230112QT20: They're doing that because they have to","type":"L","timestamp":"2023-11-09 14:46:29"},{"nodeID":"1374997","text":"Analysing","type":"YA","timestamp":"2023-11-09 14:46:29"},{"nodeID":"1374998","text":"Joanna: AudienceMember 20230112QT20: They're doing that because they have to","type":"L","timestamp":"2023-11-09 14:46:29"},{"nodeID":"1374999","text":"Asserting","type":"YA","timestamp":"2023-11-09 14:46:29"},{"nodeID":"1375000","text":"Default Transition","type":"TA","timestamp":"2023-11-09 14:46:29"},{"nodeID":"1375001","text":"Default Rephrase","type":"MA","timestamp":"2023-11-09 14:46:29"},{"nodeID":"1375002","text":"Restating","type":"YA","timestamp":"2023-11-09 14:46:29"},{"nodeID":"1375003","text":"we are enabling people that have no choice to cross the Channel","type":"I","timestamp":"2023-11-09 14:46:29"},{"nodeID":"1375004","text":"AudienceMember 20230112QT20: why are we, first of all, enabling this","type":"L","timestamp":"2023-11-09 14:46:29"},{"nodeID":"1375005","text":"Analysing","type":"YA","timestamp":"2023-11-09 14:46:29"},{"nodeID":"1375006","text":"Joanna: AudienceMember 20230112QT20: why are we, first of all, enabling this","type":"L","timestamp":"2023-11-09 14:46:29"},{"nodeID":"1375007","text":"Challenging","type":"YA","timestamp":"2023-11-09 14:46:29"},{"nodeID":"1375008","text":"Default Transition","type":"TA","timestamp":"2023-11-09 14:46:29"},{"nodeID":"1375009","text":"we are not supporting these humanitarian visas","type":"I","timestamp":"2023-11-09 14:46:30"},{"nodeID":"1375010","text":"AudienceMember 20230112QT20: why are we not supporting these humanitarian visas","type":"L","timestamp":"2023-11-09 14:46:30"},{"nodeID":"1375011","text":"Analysing","type":"YA","timestamp":"2023-11-09 14:46:30"},{"nodeID":"1375012","text":"Joanna: AudienceMember 20230112QT20: why are we not supporting these humanitarian visas","type":"L","timestamp":"2023-11-09 14:46:30"},{"nodeID":"1375013","text":"Challenging","type":"YA","timestamp":"2023-11-09 14:46:30"},{"nodeID":"1375014","text":"Default Transition","type":"TA","timestamp":"2023-11-09 14:46:30"},{"nodeID":"1375015","text":"there's 50,000 vacancies in the NHS","type":"I","timestamp":"2023-11-09 14:46:31"},{"nodeID":"1375016","text":"AudienceMember 20230112QT20: as you said, there's 50,000 vacancies in the NHS","type":"L","timestamp":"2023-11-09 14:46:31"},{"nodeID":"1375017","text":"Analysing","type":"YA","timestamp":"2023-11-09 14:46:31"},{"nodeID":"1375018","text":"Joanna: AudienceMember 20230112QT20: as you said, there's 50,000 vacancies in the NHS","type":"L","timestamp":"2023-11-09 14:46:31"},{"nodeID":"1375019","text":"Default Transition","type":"TA","timestamp":"2023-11-09 14:46:31"},{"nodeID":"1375020","text":"Pat Cullen: there's 50,000 vacancies in the NHS","type":"L","timestamp":"2023-11-09 14:46:31"},{"nodeID":"1375021","text":"Analysing","type":"YA","timestamp":"2023-11-09 14:46:31"},{"nodeID":"1375022","text":"Joanna: Pat Cullen: there's 50,000 vacancies in the NHS","type":"L","timestamp":"2023-11-09 14:46:31"},{"nodeID":"1375023","text":"Asserting","type":"YA","timestamp":"2023-11-09 14:46:31"},{"nodeID":"1375024","text":"Asserting","type":"YA","timestamp":"2023-11-09 14:46:31"},{"nodeID":"1375025","text":"the hospitality sector is crying out for workers","type":"I","timestamp":"2023-11-09 14:46:31"},{"nodeID":"1375026","text":"AudienceMember 20230112QT20: the hospitality sector is crying out for workers","type":"L","timestamp":"2023-11-09 14:46:31"},{"nodeID":"1375027","text":"Analysing","type":"YA","timestamp":"2023-11-09 14:46:31"},{"nodeID":"1375028","text":"Joanna: AudienceMember 20230112QT20: the hospitality sector is crying out for workers","type":"L","timestamp":"2023-11-09 14:46:31"},{"nodeID":"1375029","text":"Asserting","type":"YA","timestamp":"2023-11-09 14:46:31"},{"nodeID":"1375030","text":"Default Transition","type":"TA","timestamp":"2023-11-09 14:46:31"},{"nodeID":"1375031","text":"we should be enabling people to work when they come, and their claims are being processed","type":"I","timestamp":"2023-11-09 14:46:32"},{"nodeID":"1375032","text":"AudienceMember 20230112QT20: Why are we not enabling people to work when they come, and their claims are being processed","type":"L","timestamp":"2023-11-09 14:46:32"},{"nodeID":"1375033","text":"Analysing","type":"YA","timestamp":"2023-11-09 14:46:32"},{"nodeID":"1375034","text":"Joanna: AudienceMember 20230112QT20: Why are we not enabling people to work when they come, and their claims are being processed","type":"L","timestamp":"2023-11-09 14:46:32"},{"nodeID":"1375035","text":"Assertive Questioning","type":"YA","timestamp":"2023-11-09 14:46:32"},{"nodeID":"1375036","text":"Default Transition","type":"TA","timestamp":"2023-11-09 14:46:32"},{"nodeID":"1375037","text":"we should be encouraging people to come to be able to work","type":"I","timestamp":"2023-11-09 14:46:33"},{"nodeID":"1375038","text":"AudienceMember 20230112QT20: encouraging people to come to be able to work","type":"L","timestamp":"2023-11-09 14:46:33"},{"nodeID":"1375039","text":"Analysing","type":"YA","timestamp":"2023-11-09 14:46:33"},{"nodeID":"1375040","text":"Joanna: AudienceMember 20230112QT20: encouraging people to come to be able to work","type":"L","timestamp":"2023-11-09 14:46:33"},{"nodeID":"1375041","text":"Asserting","type":"YA","timestamp":"2023-11-09 14:46:33"},{"nodeID":"1375042","text":"Default Transition","type":"TA","timestamp":"2023-11-09 14:46:33"},{"nodeID":"1375043","text":"Default Rephrase","type":"MA","timestamp":"2023-11-09 14:46:33"},{"nodeID":"1375044","text":"Restating","type":"YA","timestamp":"2023-11-09 14:46:33"},{"nodeID":"1375045","text":"we need the people to be here","type":"I","timestamp":"2023-11-09 14:46:33"},{"nodeID":"1375046","text":"AudienceMember 20230112QT20: We need the people to be here","type":"L","timestamp":"2023-11-09 14:46:33"},{"nodeID":"1375047","text":"Analysing","type":"YA","timestamp":"2023-11-09 14:46:33"},{"nodeID":"1375048","text":"Joanna: AudienceMember 20230112QT20: We need the people to be here","type":"L","timestamp":"2023-11-09 14:46:33"},{"nodeID":"1375049","text":"Asserting","type":"YA","timestamp":"2023-11-09 14:46:33"},{"nodeID":"1375050","text":"Default Transition","type":"TA","timestamp":"2023-11-09 14:46:33"},{"nodeID":"1375051","text":"Default Inference","type":"RA","timestamp":"2023-11-09 14:46:33"},{"nodeID":"1375052","text":"Arguing","type":"YA","timestamp":"2023-11-09 14:46:33"},{"nodeID":"1375053","text":"AudienceMember 20230112QT21 has spoken to someone who's in the Border Forces","type":"I","timestamp":"2023-11-09 14:46:34"},{"nodeID":"1375054","text":"AudienceMember 20230112QT21: I've spoken to someone who's in the Border Forces","type":"L","timestamp":"2023-11-09 14:46:34"},{"nodeID":"1375055","text":"Analysing","type":"YA","timestamp":"2023-11-09 14:46:34"},{"nodeID":"1375056","text":"Joanna: AudienceMember 20230112QT21: I've spoken to someone who's in the Border Forces","type":"L","timestamp":"2023-11-09 14:46:34"},{"nodeID":"1375057","text":"Asserting","type":"YA","timestamp":"2023-11-09 14:46:34"},{"nodeID":"1375058","text":"Default Transition","type":"TA","timestamp":"2023-11-09 14:46:34"},{"nodeID":"1375059","text":"the reason, the prime reason why these people cross the Channel, is because they know they're not welcome in France, Germany, and other European countries","type":"I","timestamp":"2023-11-09 14:46:35"},{"nodeID":"1375060","text":"AudienceMember 20230112QT21: he tells me that the reason, the prime reason why these people cross the Channel, is because they know they're not welcome in France, Germany, and other European countries","type":"L","timestamp":"2023-11-09 14:46:35"},{"nodeID":"1375061","text":"Analysing","type":"YA","timestamp":"2023-11-09 14:46:35"},{"nodeID":"1375062","text":"Joanna: AudienceMember 20230112QT21: he tells me that the reason, the prime reason why these people cross the Channel, is because they know they're not welcome in France, Germany, and other European countries","type":"L","timestamp":"2023-11-09 14:46:35"},{"nodeID":"1375063","text":"Default Transition","type":"TA","timestamp":"2023-11-09 14:46:35"},{"nodeID":"1375064","text":"people think the UK is a more compassionate country","type":"I","timestamp":"2023-11-09 14:46:35"},{"nodeID":"1375065","text":"AudienceMember 20230112QT21: they think we're a more compassionate country","type":"L","timestamp":"2023-11-09 14:46:35"},{"nodeID":"1375066","text":"Analysing","type":"YA","timestamp":"2023-11-09 14:46:35"},{"nodeID":"1375067","text":"Joanna: AudienceMember 20230112QT21: they think we're a more compassionate country","type":"L","timestamp":"2023-11-09 14:46:35"},{"nodeID":"1375068","text":"Asserting","type":"YA","timestamp":"2023-11-09 14:46:35"},{"nodeID":"1375069","text":"Default Transition","type":"TA","timestamp":"2023-11-09 14:46:35"},{"nodeID":"1375070","text":"Default Inference","type":"RA","timestamp":"2023-11-09 14:46:35"},{"nodeID":"1375071","text":"Arguing","type":"YA","timestamp":"2023-11-09 14:46:35"},{"nodeID":"1375072","text":"people will continue to cross the Channel","type":"I","timestamp":"2023-11-09 14:46:36"},{"nodeID":"1375073","text":"AudienceMember 20230112QT21: will continue to do so","type":"L","timestamp":"2023-11-09 14:46:36"},{"nodeID":"1375074","text":"Analysing","type":"YA","timestamp":"2023-11-09 14:46:36"},{"nodeID":"1375075","text":"Joanna: AudienceMember 20230112QT21: will continue to do so","type":"L","timestamp":"2023-11-09 14:46:36"},{"nodeID":"1375076","text":"Asserting","type":"YA","timestamp":"2023-11-09 14:46:36"},{"nodeID":"1375077","text":"AudienceMember 20230112QT21 thinks that people thinking the UK is more compassionate country is the prime reason why they are crossing the Channel","type":"I","timestamp":"2023-11-09 14:46:36"},{"nodeID":"1375078","text":"AudienceMember 20230112QT21: I think that is the prime reason why they are crossing the Channel","type":"L","timestamp":"2023-11-09 14:46:36"},{"nodeID":"1375079","text":"Analysing","type":"YA","timestamp":"2023-11-09 14:46:36"},{"nodeID":"1375080","text":"Joanna: AudienceMember 20230112QT21: I think that is the prime reason why they are crossing the Channel","type":"L","timestamp":"2023-11-09 14:46:36"},{"nodeID":"1375081","text":"Asserting","type":"YA","timestamp":"2023-11-09 14:46:36"},{"nodeID":"1375082","text":"Default Transition","type":"TA","timestamp":"2023-11-09 14:46:36"},{"nodeID":"1375083","text":"Default Inference","type":"RA","timestamp":"2023-11-09 14:46:36"},{"nodeID":"1375084","text":"Arguing","type":"YA","timestamp":"2023-11-09 14:46:36"},{"nodeID":"1375085","text":"Default Transition","type":"TA","timestamp":"2023-11-09 14:46:36"},{"nodeID":"1375086","text":"Default Inference","type":"RA","timestamp":"2023-11-09 14:46:36"},{"nodeID":"1375087","text":"Arguing","type":"YA","timestamp":"2023-11-09 14:46:36"},{"nodeID":"1375088","text":"it's costing some \u00a35 million a day to put people crossing the Channel into temporary accommodation","type":"I","timestamp":"2023-11-09 14:46:37"},{"nodeID":"1375089","text":"AudienceMember 20230112QT21: it's costing some \u00a35 million a day to put these people into temporary accommodation","type":"L","timestamp":"2023-11-09 14:46:37"},{"nodeID":"1375090","text":"Analysing","type":"YA","timestamp":"2023-11-09 14:46:37"},{"nodeID":"1375091","text":"Joanna: AudienceMember 20230112QT21: it's costing some \u00a35 million a day to put these people into temporary accommodation","type":"L","timestamp":"2023-11-09 14:46:37"},{"nodeID":"1375092","text":"Asserting","type":"YA","timestamp":"2023-11-09 14:46:37"},{"nodeID":"1375093","text":"Default Transition","type":"TA","timestamp":"2023-11-09 14:46:37"},{"nodeID":"1375094","text":"there's \u00a35 million that perhaps could go towards the nurses' pay rise","type":"I","timestamp":"2023-11-09 14:46:38"},{"nodeID":"1375095","text":"AudienceMember 20230112QT21: there's \u00a35 million that perhaps could go towards the nurses' pay rise","type":"L","timestamp":"2023-11-09 14:46:38"},{"nodeID":"1375096","text":"Analysing","type":"YA","timestamp":"2023-11-09 14:46:38"},{"nodeID":"1375097","text":"Joanna: AudienceMember 20230112QT21: there's \u00a35 million that perhaps could go towards the nurses' pay rise","type":"L","timestamp":"2023-11-09 14:46:38"},{"nodeID":"1375098","text":"Asserting","type":"YA","timestamp":"2023-11-09 14:46:38"},{"nodeID":"1375099","text":"Default Transition","type":"TA","timestamp":"2023-11-09 14:46:38"},{"nodeID":"1375100","text":"Default Inference","type":"RA","timestamp":"2023-11-09 14:46:38"},{"nodeID":"1375101","text":"Arguing","type":"YA","timestamp":"2023-11-09 14:46:38"},{"nodeID":"1375102","text":"Default Inference","type":"RA","timestamp":"2023-11-09 14:46:38"},{"nodeID":"1375103","text":"Default Transition","type":"TA","timestamp":"2023-11-09 14:46:38"},{"nodeID":"1375104","text":"Arguing","type":"YA","timestamp":"2023-11-09 14:46:38"},{"nodeID":"1375105","text":"AudienceMember 20230112QT21's friend: the reason, the prime reason why these people cross the Channel, is because they know they're not welcome in France, Germany, and other European countries","type":"L","timestamp":"2023-11-09 14:46:38"},{"nodeID":"1375106","text":"Analysing","type":"YA","timestamp":"2023-11-09 14:46:38"},{"nodeID":"1375107","text":"Joanna: AudienceMember 20230112QT21's friend: the reason, the prime reason why these people cross the Channel, is because they know they're not welcome in France, Germany, and other European countries","type":"L","timestamp":"2023-11-09 14:46:38"},{"nodeID":"1375108","text":"Asserting","type":"YA","timestamp":"2023-11-09 14:46:38"},{"nodeID":"1375109","text":"Asserting","type":"YA","timestamp":"2023-11-09 14:46:38"}],"edges":[{"edgeID":"1798006","fromID":"1374968","toID":"1374967","formEdgeID":null},{"edgeID":"1798007","fromID":"1374969","toID":"1374968","formEdgeID":null},{"edgeID":"1798008","fromID":"1374967","toID":"1374970","formEdgeID":null},{"edgeID":"1798009","fromID":"1374970","toID":"1374966","formEdgeID":null},{"edgeID":"1798010","fromID":"1374973","toID":"1374972","formEdgeID":null},{"edgeID":"1798011","fromID":"1374974","toID":"1374973","formEdgeID":null},{"edgeID":"1798012","fromID":"1374972","toID":"1374975","formEdgeID":null},{"edgeID":"1798013","fromID":"1374975","toID":"1374971","formEdgeID":null},{"edgeID":"1798014","fromID":"1374967","toID":"1374976","formEdgeID":null},{"edgeID":"1798015","fromID":"1374976","toID":"1374972","formEdgeID":null},{"edgeID":"1798016","fromID":"1374979","toID":"1374978","formEdgeID":null},{"edgeID":"1798017","fromID":"1374980","toID":"1374979","formEdgeID":null},{"edgeID":"1798018","fromID":"1374978","toID":"1374981","formEdgeID":null},{"edgeID":"1798019","fromID":"1374981","toID":"1374977","formEdgeID":null},{"edgeID":"1798020","fromID":"1374972","toID":"1374982","formEdgeID":null},{"edgeID":"1798021","fromID":"1374982","toID":"1374978","formEdgeID":null},{"edgeID":"1798022","fromID":"1374985","toID":"1374984","formEdgeID":null},{"edgeID":"1798023","fromID":"1374986","toID":"1374985","formEdgeID":null},{"edgeID":"1798024","fromID":"1374984","toID":"1374987","formEdgeID":null},{"edgeID":"1798025","fromID":"1374987","toID":"1374983","formEdgeID":null},{"edgeID":"1798026","fromID":"1374978","toID":"1374988","formEdgeID":null},{"edgeID":"1798027","fromID":"1374988","toID":"1374984","formEdgeID":null},{"edgeID":"1798028","fromID":"1374983","toID":"1374989","formEdgeID":null},{"edgeID":"1798029","fromID":"1374989","toID":"1374966","formEdgeID":null},{"edgeID":"1798030","fromID":"1374967","toID":"1374990","formEdgeID":null},{"edgeID":"1798031","fromID":"1374990","toID":"1374984","formEdgeID":null},{"edgeID":"1798032","fromID":"1374990","toID":"1374991","formEdgeID":null},{"edgeID":"1798033","fromID":"1374991","toID":"1374989","formEdgeID":null},{"edgeID":"1798034","fromID":"1374977","toID":"1374992","formEdgeID":null},{"edgeID":"1798035","fromID":"1374992","toID":"1374966","formEdgeID":null},{"edgeID":"1798036","fromID":"1374971","toID":"1374992","formEdgeID":null},{"edgeID":"1798037","fromID":"1374967","toID":"1374993","formEdgeID":null},{"edgeID":"1798038","fromID":"1374993","toID":"1374978","formEdgeID":null},{"edgeID":"1798039","fromID":"1374993","toID":"1374994","formEdgeID":null},{"edgeID":"1798040","fromID":"1374994","toID":"1374992","formEdgeID":null},{"edgeID":"1798041","fromID":"1374997","toID":"1374996","formEdgeID":null},{"edgeID":"1798042","fromID":"1374998","toID":"1374997","formEdgeID":null},{"edgeID":"1798043","fromID":"1374996","toID":"1374999","formEdgeID":null},{"edgeID":"1798044","fromID":"1374999","toID":"1374995","formEdgeID":null},{"edgeID":"1798045","fromID":"1374984","toID":"1375000","formEdgeID":null},{"edgeID":"1798046","fromID":"1375000","toID":"1374996","formEdgeID":null},{"edgeID":"1798047","fromID":"1374995","toID":"1375001","formEdgeID":null},{"edgeID":"1798048","fromID":"1375001","toID":"1374983","formEdgeID":null},{"edgeID":"1798049","fromID":"1375000","toID":"1375002","formEdgeID":null},{"edgeID":"1798050","fromID":"1375002","toID":"1375001","formEdgeID":null},{"edgeID":"1798051","fromID":"1375005","toID":"1375004","formEdgeID":null},{"edgeID":"1798052","fromID":"1375006","toID":"1375005","formEdgeID":null},{"edgeID":"1798053","fromID":"1375004","toID":"1375007","formEdgeID":null},{"edgeID":"1798054","fromID":"1375007","toID":"1375003","formEdgeID":null},{"edgeID":"1798055","fromID":"1374996","toID":"1375008","formEdgeID":null},{"edgeID":"1798056","fromID":"1375008","toID":"1375004","formEdgeID":null},{"edgeID":"1798057","fromID":"1375011","toID":"1375010","formEdgeID":null},{"edgeID":"1798058","fromID":"1375012","toID":"1375011","formEdgeID":null},{"edgeID":"1798059","fromID":"1375010","toID":"1375013","formEdgeID":null},{"edgeID":"1798060","fromID":"1375013","toID":"1375009","formEdgeID":null},{"edgeID":"1798061","fromID":"1375004","toID":"1375014","formEdgeID":null},{"edgeID":"1798062","fromID":"1375014","toID":"1375010","formEdgeID":null},{"edgeID":"1798063","fromID":"1375017","toID":"1375016","formEdgeID":null},{"edgeID":"1798064","fromID":"1375018","toID":"1375017","formEdgeID":null},{"edgeID":"1798065","fromID":"1375010","toID":"1375019","formEdgeID":null},{"edgeID":"1798066","fromID":"1375019","toID":"1375016","formEdgeID":null},{"edgeID":"1798067","fromID":"1375021","toID":"1375020","formEdgeID":null},{"edgeID":"1798068","fromID":"1375022","toID":"1375021","formEdgeID":null},{"edgeID":"1798069","fromID":"1375020","toID":"1375023","formEdgeID":null},{"edgeID":"1798070","fromID":"1375023","toID":"1375015","formEdgeID":null},{"edgeID":"1798071","fromID":"1375016","toID":"1375024","formEdgeID":null},{"edgeID":"1798072","fromID":"1375024","toID":"1375020","formEdgeID":null},{"edgeID":"1798073","fromID":"1375027","toID":"1375026","formEdgeID":null},{"edgeID":"1798074","fromID":"1375028","toID":"1375027","formEdgeID":null},{"edgeID":"1798075","fromID":"1375026","toID":"1375029","formEdgeID":null},{"edgeID":"1798076","fromID":"1375029","toID":"1375025","formEdgeID":null},{"edgeID":"1798077","fromID":"1375016","toID":"1375030","formEdgeID":null},{"edgeID":"1798078","fromID":"1375030","toID":"1375026","formEdgeID":null},{"edgeID":"1798079","fromID":"1375033","toID":"1375032","formEdgeID":null},{"edgeID":"1798080","fromID":"1375034","toID":"1375033","formEdgeID":null},{"edgeID":"1798081","fromID":"1375032","toID":"1375035","formEdgeID":null},{"edgeID":"1798082","fromID":"1375035","toID":"1375031","formEdgeID":null},{"edgeID":"1798083","fromID":"1375026","toID":"1375036","formEdgeID":null},{"edgeID":"1798084","fromID":"1375036","toID":"1375032","formEdgeID":null},{"edgeID":"1798085","fromID":"1375039","toID":"1375038","formEdgeID":null},{"edgeID":"1798086","fromID":"1375040","toID":"1375039","formEdgeID":null},{"edgeID":"1798087","fromID":"1375038","toID":"1375041","formEdgeID":null},{"edgeID":"1798088","fromID":"1375041","toID":"1375037","formEdgeID":null},{"edgeID":"1798089","fromID":"1375032","toID":"1375042","formEdgeID":null},{"edgeID":"1798090","fromID":"1375042","toID":"1375038","formEdgeID":null},{"edgeID":"1798091","fromID":"1375037","toID":"1375043","formEdgeID":null},{"edgeID":"1798092","fromID":"1375043","toID":"1375031","formEdgeID":null},{"edgeID":"1798093","fromID":"1375042","toID":"1375044","formEdgeID":null},{"edgeID":"1798094","fromID":"1375044","toID":"1375043","formEdgeID":null},{"edgeID":"1798095","fromID":"1375047","toID":"1375046","formEdgeID":null},{"edgeID":"1798096","fromID":"1375048","toID":"1375047","formEdgeID":null},{"edgeID":"1798097","fromID":"1375046","toID":"1375049","formEdgeID":null},{"edgeID":"1798098","fromID":"1375049","toID":"1375045","formEdgeID":null},{"edgeID":"1798099","fromID":"1375038","toID":"1375050","formEdgeID":null},{"edgeID":"1798100","fromID":"1375050","toID":"1375046","formEdgeID":null},{"edgeID":"1798101","fromID":"1375045","toID":"1375051","formEdgeID":null},{"edgeID":"1798102","fromID":"1375051","toID":"1375037","formEdgeID":null},{"edgeID":"1798103","fromID":"1375050","toID":"1375052","formEdgeID":null},{"edgeID":"1798104","fromID":"1375052","toID":"1375051","formEdgeID":null},{"edgeID":"1798105","fromID":"1375055","toID":"1375054","formEdgeID":null},{"edgeID":"1798106","fromID":"1375056","toID":"1375055","formEdgeID":null},{"edgeID":"1798107","fromID":"1375054","toID":"1375057","formEdgeID":null},{"edgeID":"1798108","fromID":"1375057","toID":"1375053","formEdgeID":null},{"edgeID":"1798109","fromID":"1375046","toID":"1375058","formEdgeID":null},{"edgeID":"1798110","fromID":"1375058","toID":"1375054","formEdgeID":null},{"edgeID":"1798111","fromID":"1375061","toID":"1375060","formEdgeID":null},{"edgeID":"1798112","fromID":"1375062","toID":"1375061","formEdgeID":null},{"edgeID":"1798113","fromID":"1375054","toID":"1375063","formEdgeID":null},{"edgeID":"1798114","fromID":"1375063","toID":"1375060","formEdgeID":null},{"edgeID":"1798115","fromID":"1375066","toID":"1375065","formEdgeID":null},{"edgeID":"1798116","fromID":"1375067","toID":"1375066","formEdgeID":null},{"edgeID":"1798117","fromID":"1375065","toID":"1375068","formEdgeID":null},{"edgeID":"1798118","fromID":"1375068","toID":"1375064","formEdgeID":null},{"edgeID":"1798119","fromID":"1375060","toID":"1375069","formEdgeID":null},{"edgeID":"1798120","fromID":"1375069","toID":"1375065","formEdgeID":null},{"edgeID":"1798121","fromID":"1375059","toID":"1375070","formEdgeID":null},{"edgeID":"1798122","fromID":"1375070","toID":"1375064","formEdgeID":null},{"edgeID":"1798123","fromID":"1375069","toID":"1375071","formEdgeID":null},{"edgeID":"1798124","fromID":"1375071","toID":"1375070","formEdgeID":null},{"edgeID":"1798125","fromID":"1375074","toID":"1375073","formEdgeID":null},{"edgeID":"1798126","fromID":"1375075","toID":"1375074","formEdgeID":null},{"edgeID":"1798127","fromID":"1375073","toID":"1375076","formEdgeID":null},{"edgeID":"1798128","fromID":"1375076","toID":"1375072","formEdgeID":null},{"edgeID":"1798129","fromID":"1375079","toID":"1375078","formEdgeID":null},{"edgeID":"1798130","fromID":"1375080","toID":"1375079","formEdgeID":null},{"edgeID":"1798131","fromID":"1375078","toID":"1375081","formEdgeID":null},{"edgeID":"1798132","fromID":"1375081","toID":"1375077","formEdgeID":null},{"edgeID":"1798133","fromID":"1375065","toID":"1375082","formEdgeID":null},{"edgeID":"1798134","fromID":"1375082","toID":"1375078","formEdgeID":null},{"edgeID":"1798135","fromID":"1375064","toID":"1375083","formEdgeID":null},{"edgeID":"1798136","fromID":"1375083","toID":"1375077","formEdgeID":null},{"edgeID":"1798137","fromID":"1375082","toID":"1375084","formEdgeID":null},{"edgeID":"1798138","fromID":"1375084","toID":"1375083","formEdgeID":null},{"edgeID":"1798139","fromID":"1375078","toID":"1375085","formEdgeID":null},{"edgeID":"1798140","fromID":"1375085","toID":"1375073","formEdgeID":null},{"edgeID":"1798141","fromID":"1375077","toID":"1375086","formEdgeID":null},{"edgeID":"1798142","fromID":"1375086","toID":"1375072","formEdgeID":null},{"edgeID":"1798143","fromID":"1375085","toID":"1375087","formEdgeID":null},{"edgeID":"1798144","fromID":"1375087","toID":"1375086","formEdgeID":null},{"edgeID":"1798145","fromID":"1375090","toID":"1375089","formEdgeID":null},{"edgeID":"1798146","fromID":"1375091","toID":"1375090","formEdgeID":null},{"edgeID":"1798147","fromID":"1375089","toID":"1375092","formEdgeID":null},{"edgeID":"1798148","fromID":"1375092","toID":"1375088","formEdgeID":null},{"edgeID":"1798149","fromID":"1375073","toID":"1375093","formEdgeID":null},{"edgeID":"1798150","fromID":"1375093","toID":"1375089","formEdgeID":null},{"edgeID":"1798151","fromID":"1375096","toID":"1375095","formEdgeID":null},{"edgeID":"1798152","fromID":"1375097","toID":"1375096","formEdgeID":null},{"edgeID":"1798153","fromID":"1375095","toID":"1375098","formEdgeID":null},{"edgeID":"1798154","fromID":"1375098","toID":"1375094","formEdgeID":null},{"edgeID":"1798155","fromID":"1375089","toID":"1375099","formEdgeID":null},{"edgeID":"1798156","fromID":"1375099","toID":"1375095","formEdgeID":null},{"edgeID":"1798157","fromID":"1375088","toID":"1375100","formEdgeID":null},{"edgeID":"1798158","fromID":"1375100","toID":"1375094","formEdgeID":null},{"edgeID":"1798159","fromID":"1375099","toID":"1375101","formEdgeID":null},{"edgeID":"1798160","fromID":"1375101","toID":"1375100","formEdgeID":null},{"edgeID":"1798161","fromID":"1375025","toID":"1375102","formEdgeID":null},{"edgeID":"1798162","fromID":"1375102","toID":"1375045","formEdgeID":null},{"edgeID":"1798163","fromID":"1375015","toID":"1375102","formEdgeID":null},{"edgeID":"1798164","fromID":"1375016","toID":"1375103","formEdgeID":null},{"edgeID":"1798165","fromID":"1375103","toID":"1375046","formEdgeID":null},{"edgeID":"1798166","fromID":"1375103","toID":"1375104","formEdgeID":null},{"edgeID":"1798167","fromID":"1375104","toID":"1375102","formEdgeID":null},{"edgeID":"1798168","fromID":"1375106","toID":"1375105","formEdgeID":null},{"edgeID":"1798169","fromID":"1375107","toID":"1375106","formEdgeID":null},{"edgeID":"1798170","fromID":"1375105","toID":"1375108","formEdgeID":null},{"edgeID":"1798171","fromID":"1375108","toID":"1375059","formEdgeID":null},{"edgeID":"1798172","fromID":"1375060","toID":"1375109","formEdgeID":null},{"edgeID":"1798173","fromID":"1375109","toID":"1375105","formEdgeID":null}],"locutions":[]}