{"nodes":[{"nodeID":"1354322","text":"all the Government has to do stop today's strike of nurses from going ahead is to open the door and talk about pay","type":"I","timestamp":"2023-11-09 14:14:49"},{"nodeID":"1354323","text":"Shabana Mahmood: all they had to do stop today's strike from going ahead, and Pat and her members have been making this very clear throughout the day, is they just had to open the door and talk about pay","type":"L","timestamp":"2023-11-09 14:14:49"},{"nodeID":"1354324","text":"Analysing","type":"YA","timestamp":"2023-11-09 14:14:49"},{"nodeID":"1354325","text":"Anon: Shabana Mahmood: all they had to do stop today's strike from going ahead, and Pat and her members have been making this very clear throughout the day, is they just had to open the door and talk about pay","type":"L","timestamp":"2023-11-09 14:14:49"},{"nodeID":"1354326","text":"Asserting","type":"YA","timestamp":"2023-11-09 14:14:49"},{"nodeID":"1354327","text":"Pat Cullen and her members have been making very clear throughout the day that what should be discussed is nurses' pay","type":"I","timestamp":"2023-11-09 14:14:49"},{"nodeID":"1354328","text":"Shabana Mahmood: Pat and her members have been making this very clear throughout the day","type":"L","timestamp":"2023-11-09 14:14:49"},{"nodeID":"1354329","text":"Analysing","type":"YA","timestamp":"2023-11-09 14:14:49"},{"nodeID":"1354330","text":"Anon: Shabana Mahmood: Pat and her members have been making this very clear throughout the day","type":"L","timestamp":"2023-11-09 14:14:49"},{"nodeID":"1354331","text":"Asserting","type":"YA","timestamp":"2023-11-09 14:14:49"},{"nodeID":"1354332","text":"Default Transition","type":"TA","timestamp":"2023-11-09 14:14:49"},{"nodeID":"1354333","text":"the Government didn\u2019t even have to reach a deal on pay to avert the strikes today","type":"I","timestamp":"2023-11-09 14:14:50"},{"nodeID":"1354334","text":"Shabana Mahmood: They didn\u2019t even have to reach a deal on pay to avert the strikes today","type":"L","timestamp":"2023-11-09 14:14:50"},{"nodeID":"1354335","text":"Analysing","type":"YA","timestamp":"2023-11-09 14:14:50"},{"nodeID":"1354336","text":"Anon: Shabana Mahmood: They didn\u2019t even have to reach a deal on pay to avert the strikes today","type":"L","timestamp":"2023-11-09 14:14:50"},{"nodeID":"1354337","text":"Asserting","type":"YA","timestamp":"2023-11-09 14:14:50"},{"nodeID":"1354338","text":"Default Transition","type":"TA","timestamp":"2023-11-09 14:14:50"},{"nodeID":"1354339","text":"the Government just had to open the door, and accept the principle that they were going to have a conversation with the nurses about their pay","type":"I","timestamp":"2023-11-09 14:14:51"},{"nodeID":"1354340","text":"Shabana Mahmood: they just had to open the door, and accept the principle that they were going to have a conversation with the nurses about their pay","type":"L","timestamp":"2023-11-09 14:14:51"},{"nodeID":"1354341","text":"Analysing","type":"YA","timestamp":"2023-11-09 14:14:51"},{"nodeID":"1354342","text":"Anon: Shabana Mahmood: they just had to open the door, and accept the principle that they were going to have a conversation with the nurses about their pay","type":"L","timestamp":"2023-11-09 14:14:51"},{"nodeID":"1354343","text":"Asserting","type":"YA","timestamp":"2023-11-09 14:14:51"},{"nodeID":"1354344","text":"Default Transition","type":"TA","timestamp":"2023-11-09 14:14:51"},{"nodeID":"1354345","text":"Default Conflict","type":"CA","timestamp":"2023-11-09 14:14:51"},{"nodeID":"1354346","text":"Disagreeing","type":"YA","timestamp":"2023-11-09 14:14:51"},{"nodeID":"1354347","text":"Default Rephrase","type":"MA","timestamp":"2023-11-09 14:14:51"},{"nodeID":"1354348","text":"Default Transition","type":"TA","timestamp":"2023-11-09 14:14:51"},{"nodeID":"1354349","text":"Restating","type":"YA","timestamp":"2023-11-09 14:14:51"},{"nodeID":"1354350","text":"the Government failed to do open the door to discussion on the pay with nurses on strike","type":"I","timestamp":"2023-11-09 14:14:51"},{"nodeID":"1354351","text":"Shabana Mahmood: they failed to do that","type":"L","timestamp":"2023-11-09 14:14:51"},{"nodeID":"1354352","text":"Analysing","type":"YA","timestamp":"2023-11-09 14:14:51"},{"nodeID":"1354353","text":"Anon: Shabana Mahmood: they failed to do that","type":"L","timestamp":"2023-11-09 14:14:51"},{"nodeID":"1354354","text":"Asserting","type":"YA","timestamp":"2023-11-09 14:14:51"},{"nodeID":"1354355","text":"Default Transition","type":"TA","timestamp":"2023-11-09 14:14:51"},{"nodeID":"1354356","text":"Default Conflict","type":"CA","timestamp":"2023-11-09 14:14:51"},{"nodeID":"1354357","text":"Disagreeing","type":"YA","timestamp":"2023-11-09 14:14:51"},{"nodeID":"1354358","text":"nurses' strikes are totally on the Government","type":"I","timestamp":"2023-11-09 14:14:52"},{"nodeID":"1354359","text":"Shabana Mahmood: these strikes, I'm afraid, are totally on the Government","type":"L","timestamp":"2023-11-09 14:14:52"},{"nodeID":"1354360","text":"Analysing","type":"YA","timestamp":"2023-11-09 14:14:52"},{"nodeID":"1354361","text":"Anon: Shabana Mahmood: these strikes, I'm afraid, are totally on the Government","type":"L","timestamp":"2023-11-09 14:14:52"},{"nodeID":"1354362","text":"Asserting","type":"YA","timestamp":"2023-11-09 14:14:52"},{"nodeID":"1354363","text":"Default Transition","type":"TA","timestamp":"2023-11-09 14:14:52"},{"nodeID":"1354364","text":"Default Inference","type":"RA","timestamp":"2023-11-09 14:14:52"},{"nodeID":"1354365","text":"Arguing","type":"YA","timestamp":"2023-11-09 14:14:52"},{"nodeID":"1354366","text":"nurses' strikes are an abdication of the Government's responsibility to make sure that we have the safe delivery of public services in our country","type":"I","timestamp":"2023-11-09 14:14:53"},{"nodeID":"1354367","text":"Shabana Mahmood: they are an abdication of the Government's responsibility to make sure that we have the safe delivery of public services in our country","type":"L","timestamp":"2023-11-09 14:14:53"},{"nodeID":"1354368","text":"Analysing","type":"YA","timestamp":"2023-11-09 14:14:53"},{"nodeID":"1354369","text":"Anon: Shabana Mahmood: they are an abdication of the Government's responsibility to make sure that we have the safe delivery of public services in our country","type":"L","timestamp":"2023-11-09 14:14:53"},{"nodeID":"1354370","text":"Asserting","type":"YA","timestamp":"2023-11-09 14:14:53"},{"nodeID":"1354371","text":"Default Transition","type":"TA","timestamp":"2023-11-09 14:14:53"},{"nodeID":"1354372","text":"Default Rephrase","type":"MA","timestamp":"2023-11-09 14:14:53"},{"nodeID":"1354373","text":"Restating","type":"YA","timestamp":"2023-11-09 14:14:53"},{"nodeID":"1354374","text":"nurses' strikes are an abdication of the Government's responsibility to make sure that patients are not being let down","type":"I","timestamp":"2023-11-09 14:14:54"},{"nodeID":"1354375","text":"Shabana Mahmood: make sure that patients are not being let down","type":"L","timestamp":"2023-11-09 14:14:54"},{"nodeID":"1354376","text":"Analysing","type":"YA","timestamp":"2023-11-09 14:14:54"},{"nodeID":"1354377","text":"Anon: Shabana Mahmood: make sure that patients are not being let down","type":"L","timestamp":"2023-11-09 14:14:54"},{"nodeID":"1354378","text":"Asserting","type":"YA","timestamp":"2023-11-09 14:14:54"},{"nodeID":"1354379","text":"Default Transition","type":"TA","timestamp":"2023-11-09 14:14:54"},{"nodeID":"1354380","text":"Default Rephrase","type":"MA","timestamp":"2023-11-09 14:14:54"},{"nodeID":"1354381","text":"Restating","type":"YA","timestamp":"2023-11-09 14:14:54"},{"nodeID":"1354382","text":"xxx is going wrong in Wales","type":"I","timestamp":"2023-11-09 14:14:54"},{"nodeID":"1354383","text":"Fiona Bruce:  what about in Wales then, which is obviously, is a Labour administration, are they, what's going wrong there, then?","type":"L","timestamp":"2023-11-09 14:14:54"},{"nodeID":"1354384","text":"Analysing","type":"YA","timestamp":"2023-11-09 14:14:54"},{"nodeID":"1354385","text":"Anon: Fiona Bruce:  what about in Wales then, which is obviously, is a Labour administration, are they, what's going wrong there, then?","type":"L","timestamp":"2023-11-09 14:14:54"},{"nodeID":"1354386","text":"Pure Questioning","type":"YA","timestamp":"2023-11-09 14:14:54"},{"nodeID":"1354387","text":"Default Transition","type":"TA","timestamp":"2023-11-09 14:14:54"},{"nodeID":"1354388","text":"Wales is a Labour administration","type":"I","timestamp":"2023-11-09 14:14:55"},{"nodeID":"1354389","text":"Fiona Bruce: which is obviously, is a Labour administration","type":"L","timestamp":"2023-11-09 14:14:55"},{"nodeID":"1354390","text":"Analysing","type":"YA","timestamp":"2023-11-09 14:14:55"},{"nodeID":"1354391","text":"Anon: Fiona Bruce: which is obviously, is a Labour administration","type":"L","timestamp":"2023-11-09 14:14:55"},{"nodeID":"1354392","text":"Asserting","type":"YA","timestamp":"2023-11-09 14:14:55"},{"nodeID":"1354393","text":"Default Transition","type":"TA","timestamp":"2023-11-09 14:14:55"},{"nodeID":"1354394","text":"health is a devolved matter","type":"I","timestamp":"2023-11-09 14:14:56"},{"nodeID":"1354395","text":"Fiona Bruce: health is a devolved matter","type":"L","timestamp":"2023-11-09 14:14:56"},{"nodeID":"1354396","text":"Analysing","type":"YA","timestamp":"2023-11-09 14:14:56"},{"nodeID":"1354397","text":"Anon: Fiona Bruce: health is a devolved matter","type":"L","timestamp":"2023-11-09 14:14:56"},{"nodeID":"1354398","text":"Asserting","type":"YA","timestamp":"2023-11-09 14:14:56"},{"nodeID":"1354399","text":"Default Transition","type":"TA","timestamp":"2023-11-09 14:14:56"},{"nodeID":"1354400","text":"the Labour administration is or is not opening the door, having negotiations","type":"I","timestamp":"2023-11-09 14:14:57"},{"nodeID":"1354401","text":"Fiona Bruce: are they not opening the door, are they not having negotiations?","type":"L","timestamp":"2023-11-09 14:14:57"},{"nodeID":"1354402","text":"Analysing","type":"YA","timestamp":"2023-11-09 14:14:57"},{"nodeID":"1354403","text":"Anon: Fiona Bruce: are they not opening the door, are they not having negotiations?","type":"L","timestamp":"2023-11-09 14:14:57"},{"nodeID":"1354404","text":"Pure Questioning","type":"YA","timestamp":"2023-11-09 14:14:57"},{"nodeID":"1354405","text":"Default Transition","type":"TA","timestamp":"2023-11-09 14:14:57"},{"nodeID":"1354406","text":"Shabana Mahmood: health is a devolved matter","type":"L","timestamp":"2023-11-09 14:14:57"},{"nodeID":"1354407","text":"Analysing","type":"YA","timestamp":"2023-11-09 14:14:57"},{"nodeID":"1354408","text":"Anon: Shabana Mahmood: health is a devolved matter","type":"L","timestamp":"2023-11-09 14:14:57"},{"nodeID":"1354409","text":"Default Transition","type":"TA","timestamp":"2023-11-09 14:14:57"},{"nodeID":"1354410","text":"Agreeing","type":"YA","timestamp":"2023-11-09 14:14:57"},{"nodeID":"1354411","text":"Asserting","type":"YA","timestamp":"2023-11-09 14:14:57"},{"nodeID":"1354412","text":"in the end it is the UK Government that is doing the overall deal with nurses","type":"I","timestamp":"2023-11-09 14:14:58"},{"nodeID":"1354413","text":"Shabana Mahmood:  in the end it is the UK Government that is doing the overall deal","type":"L","timestamp":"2023-11-09 14:14:58"},{"nodeID":"1354414","text":"Analysing","type":"YA","timestamp":"2023-11-09 14:14:58"},{"nodeID":"1354415","text":"Anon: Shabana Mahmood:  in the end it is the UK Government that is doing the overall deal","type":"L","timestamp":"2023-11-09 14:14:58"},{"nodeID":"1354416","text":"Asserting","type":"YA","timestamp":"2023-11-09 14:14:58"},{"nodeID":"1354417","text":"Default Transition","type":"TA","timestamp":"2023-11-09 14:14:58"},{"nodeID":"1354418","text":"Default Conflict","type":"CA","timestamp":"2023-11-09 14:14:58"},{"nodeID":"1354419","text":"Disagreeing","type":"YA","timestamp":"2023-11-09 14:14:58"},{"nodeID":"1354420","text":"in Scotland, the strike has not gone ahead","type":"I","timestamp":"2023-11-09 14:14:58"},{"nodeID":"1354421","text":"Fiona Bruce: in Scotland, the strike has not gone ahead","type":"L","timestamp":"2023-11-09 14:14:58"},{"nodeID":"1354422","text":"Analysing","type":"YA","timestamp":"2023-11-09 14:14:58"},{"nodeID":"1354423","text":"Anon: Fiona Bruce: in Scotland, the strike has not gone ahead","type":"L","timestamp":"2023-11-09 14:14:58"},{"nodeID":"1354424","text":"Asserting","type":"YA","timestamp":"2023-11-09 14:14:58"},{"nodeID":"1354425","text":"Default Transition","type":"TA","timestamp":"2023-11-09 14:14:58"},{"nodeID":"1354426","text":"a different offer has been made to nurses in Scotland","type":"I","timestamp":"2023-11-09 14:14:59"},{"nodeID":"1354427","text":"Fiona Bruce: a different offer has been made","type":"L","timestamp":"2023-11-09 14:14:59"},{"nodeID":"1354428","text":"Analysing","type":"YA","timestamp":"2023-11-09 14:14:59"},{"nodeID":"1354429","text":"Anon: Fiona Bruce: a different offer has been made","type":"L","timestamp":"2023-11-09 14:14:59"},{"nodeID":"1354430","text":"Asserting","type":"YA","timestamp":"2023-11-09 14:14:59"},{"nodeID":"1354431","text":"Default Transition","type":"TA","timestamp":"2023-11-09 14:14:59"},{"nodeID":"1354432","text":"Default Inference","type":"RA","timestamp":"2023-11-09 14:14:59"},{"nodeID":"1354433","text":"Arguing","type":"YA","timestamp":"2023-11-09 14:14:59"},{"nodeID":"1354434","text":"Shabana Mahmood: Absolutely","type":"L","timestamp":"2023-11-09 14:14:59"},{"nodeID":"1354435","text":"Analysing","type":"YA","timestamp":"2023-11-09 14:14:59"},{"nodeID":"1354436","text":"Anon: Shabana Mahmood: Absolutely","type":"L","timestamp":"2023-11-09 14:14:59"},{"nodeID":"1354437","text":"Default Transition","type":"TA","timestamp":"2023-11-09 14:14:59"},{"nodeID":"1354438","text":"Agreeing","type":"YA","timestamp":"2023-11-09 14:14:59"}],"edges":[{"edgeID":"1773469","fromID":"1354324","toID":"1354323","formEdgeID":null},{"edgeID":"1773470","fromID":"1354325","toID":"1354324","formEdgeID":null},{"edgeID":"1773471","fromID":"1354323","toID":"1354326","formEdgeID":null},{"edgeID":"1773472","fromID":"1354326","toID":"1354322","formEdgeID":null},{"edgeID":"1773473","fromID":"1354329","toID":"1354328","formEdgeID":null},{"edgeID":"1773474","fromID":"1354330","toID":"1354329","formEdgeID":null},{"edgeID":"1773475","fromID":"1354328","toID":"1354331","formEdgeID":null},{"edgeID":"1773476","fromID":"1354331","toID":"1354327","formEdgeID":null},{"edgeID":"1773477","fromID":"1354323","toID":"1354332","formEdgeID":null},{"edgeID":"1773478","fromID":"1354332","toID":"1354328","formEdgeID":null},{"edgeID":"1773479","fromID":"1354335","toID":"1354334","formEdgeID":null},{"edgeID":"1773480","fromID":"1354336","toID":"1354335","formEdgeID":null},{"edgeID":"1773481","fromID":"1354334","toID":"1354337","formEdgeID":null},{"edgeID":"1773482","fromID":"1354337","toID":"1354333","formEdgeID":null},{"edgeID":"1773483","fromID":"1354328","toID":"1354338","formEdgeID":null},{"edgeID":"1773484","fromID":"1354338","toID":"1354334","formEdgeID":null},{"edgeID":"1773485","fromID":"1354341","toID":"1354340","formEdgeID":null},{"edgeID":"1773486","fromID":"1354342","toID":"1354341","formEdgeID":null},{"edgeID":"1773487","fromID":"1354340","toID":"1354343","formEdgeID":null},{"edgeID":"1773488","fromID":"1354343","toID":"1354339","formEdgeID":null},{"edgeID":"1773489","fromID":"1354334","toID":"1354344","formEdgeID":null},{"edgeID":"1773490","fromID":"1354344","toID":"1354340","formEdgeID":null},{"edgeID":"1773491","fromID":"1354339","toID":"1354345","formEdgeID":null},{"edgeID":"1773492","fromID":"1354345","toID":"1354333","formEdgeID":null},{"edgeID":"1773493","fromID":"1354344","toID":"1354346","formEdgeID":null},{"edgeID":"1773494","fromID":"1354346","toID":"1354345","formEdgeID":null},{"edgeID":"1773495","fromID":"1354339","toID":"1354347","formEdgeID":null},{"edgeID":"1773496","fromID":"1354347","toID":"1354322","formEdgeID":null},{"edgeID":"1773497","fromID":"1354323","toID":"1354348","formEdgeID":null},{"edgeID":"1773498","fromID":"1354348","toID":"1354340","formEdgeID":null},{"edgeID":"1773499","fromID":"1354348","toID":"1354349","formEdgeID":null},{"edgeID":"1773500","fromID":"1354349","toID":"1354347","formEdgeID":null},{"edgeID":"1773501","fromID":"1354352","toID":"1354351","formEdgeID":null},{"edgeID":"1773502","fromID":"1354353","toID":"1354352","formEdgeID":null},{"edgeID":"1773503","fromID":"1354351","toID":"1354354","formEdgeID":null},{"edgeID":"1773504","fromID":"1354354","toID":"1354350","formEdgeID":null},{"edgeID":"1773505","fromID":"1354340","toID":"1354355","formEdgeID":null},{"edgeID":"1773506","fromID":"1354355","toID":"1354351","formEdgeID":null},{"edgeID":"1773507","fromID":"1354350","toID":"1354356","formEdgeID":null},{"edgeID":"1773508","fromID":"1354356","toID":"1354339","formEdgeID":null},{"edgeID":"1773509","fromID":"1354355","toID":"1354357","formEdgeID":null},{"edgeID":"1773510","fromID":"1354357","toID":"1354356","formEdgeID":null},{"edgeID":"1773511","fromID":"1354360","toID":"1354359","formEdgeID":null},{"edgeID":"1773512","fromID":"1354361","toID":"1354360","formEdgeID":null},{"edgeID":"1773513","fromID":"1354359","toID":"1354362","formEdgeID":null},{"edgeID":"1773514","fromID":"1354362","toID":"1354358","formEdgeID":null},{"edgeID":"1773515","fromID":"1354351","toID":"1354363","formEdgeID":null},{"edgeID":"1773516","fromID":"1354363","toID":"1354359","formEdgeID":null},{"edgeID":"1773517","fromID":"1354350","toID":"1354364","formEdgeID":null},{"edgeID":"1773518","fromID":"1354364","toID":"1354358","formEdgeID":null},{"edgeID":"1773519","fromID":"1354363","toID":"1354365","formEdgeID":null},{"edgeID":"1773520","fromID":"1354365","toID":"1354364","formEdgeID":null},{"edgeID":"1773521","fromID":"1354368","toID":"1354367","formEdgeID":null},{"edgeID":"1773522","fromID":"1354369","toID":"1354368","formEdgeID":null},{"edgeID":"1773523","fromID":"1354367","toID":"1354370","formEdgeID":null},{"edgeID":"1773524","fromID":"1354370","toID":"1354366","formEdgeID":null},{"edgeID":"1773525","fromID":"1354359","toID":"1354371","formEdgeID":null},{"edgeID":"1773526","fromID":"1354371","toID":"1354367","formEdgeID":null},{"edgeID":"1773527","fromID":"1354366","toID":"1354372","formEdgeID":null},{"edgeID":"1773528","fromID":"1354372","toID":"1354358","formEdgeID":null},{"edgeID":"1773529","fromID":"1354371","toID":"1354373","formEdgeID":null},{"edgeID":"1773530","fromID":"1354373","toID":"1354372","formEdgeID":null},{"edgeID":"1773531","fromID":"1354376","toID":"1354375","formEdgeID":null},{"edgeID":"1773532","fromID":"1354377","toID":"1354376","formEdgeID":null},{"edgeID":"1773533","fromID":"1354375","toID":"1354378","formEdgeID":null},{"edgeID":"1773534","fromID":"1354378","toID":"1354374","formEdgeID":null},{"edgeID":"1773535","fromID":"1354367","toID":"1354379","formEdgeID":null},{"edgeID":"1773536","fromID":"1354379","toID":"1354375","formEdgeID":null},{"edgeID":"1773537","fromID":"1354374","toID":"1354380","formEdgeID":null},{"edgeID":"1773538","fromID":"1354380","toID":"1354366","formEdgeID":null},{"edgeID":"1773539","fromID":"1354379","toID":"1354381","formEdgeID":null},{"edgeID":"1773540","fromID":"1354381","toID":"1354380","formEdgeID":null},{"edgeID":"1773541","fromID":"1354384","toID":"1354383","formEdgeID":null},{"edgeID":"1773542","fromID":"1354385","toID":"1354384","formEdgeID":null},{"edgeID":"1773543","fromID":"1354383","toID":"1354386","formEdgeID":null},{"edgeID":"1773544","fromID":"1354386","toID":"1354382","formEdgeID":null},{"edgeID":"1773545","fromID":"1354375","toID":"1354387","formEdgeID":null},{"edgeID":"1773546","fromID":"1354387","toID":"1354383","formEdgeID":null},{"edgeID":"1773547","fromID":"1354390","toID":"1354389","formEdgeID":null},{"edgeID":"1773548","fromID":"1354391","toID":"1354390","formEdgeID":null},{"edgeID":"1773549","fromID":"1354389","toID":"1354392","formEdgeID":null},{"edgeID":"1773550","fromID":"1354392","toID":"1354388","formEdgeID":null},{"edgeID":"1773551","fromID":"1354383","toID":"1354393","formEdgeID":null},{"edgeID":"1773552","fromID":"1354393","toID":"1354389","formEdgeID":null},{"edgeID":"1773553","fromID":"1354396","toID":"1354395","formEdgeID":null},{"edgeID":"1773554","fromID":"1354397","toID":"1354396","formEdgeID":null},{"edgeID":"1773555","fromID":"1354395","toID":"1354398","formEdgeID":null},{"edgeID":"1773556","fromID":"1354398","toID":"1354394","formEdgeID":null},{"edgeID":"1773557","fromID":"1354389","toID":"1354399","formEdgeID":null},{"edgeID":"1773558","fromID":"1354399","toID":"1354395","formEdgeID":null},{"edgeID":"1773559","fromID":"1354402","toID":"1354401","formEdgeID":null},{"edgeID":"1773560","fromID":"1354403","toID":"1354402","formEdgeID":null},{"edgeID":"1773561","fromID":"1354401","toID":"1354404","formEdgeID":null},{"edgeID":"1773562","fromID":"1354404","toID":"1354400","formEdgeID":null},{"edgeID":"1773563","fromID":"1354395","toID":"1354405","formEdgeID":null},{"edgeID":"1773564","fromID":"1354405","toID":"1354401","formEdgeID":null},{"edgeID":"1773565","fromID":"1354407","toID":"1354406","formEdgeID":null},{"edgeID":"1773566","fromID":"1354408","toID":"1354407","formEdgeID":null},{"edgeID":"1773567","fromID":"1354401","toID":"1354409","formEdgeID":null},{"edgeID":"1773568","fromID":"1354409","toID":"1354406","formEdgeID":null},{"edgeID":"1773569","fromID":"1354409","toID":"1354410","formEdgeID":null},{"edgeID":"1773570","fromID":"1354410","toID":"1354394","formEdgeID":null},{"edgeID":"1773571","fromID":"1354406","toID":"1354411","formEdgeID":null},{"edgeID":"1773572","fromID":"1354411","toID":"1354394","formEdgeID":null},{"edgeID":"1773573","fromID":"1354414","toID":"1354413","formEdgeID":null},{"edgeID":"1773574","fromID":"1354415","toID":"1354414","formEdgeID":null},{"edgeID":"1773575","fromID":"1354413","toID":"1354416","formEdgeID":null},{"edgeID":"1773576","fromID":"1354416","toID":"1354412","formEdgeID":null},{"edgeID":"1773577","fromID":"1354406","toID":"1354417","formEdgeID":null},{"edgeID":"1773578","fromID":"1354417","toID":"1354413","formEdgeID":null},{"edgeID":"1773579","fromID":"1354412","toID":"1354418","formEdgeID":null},{"edgeID":"1773580","fromID":"1354418","toID":"1354394","formEdgeID":null},{"edgeID":"1773581","fromID":"1354417","toID":"1354419","formEdgeID":null},{"edgeID":"1773582","fromID":"1354419","toID":"1354418","formEdgeID":null},{"edgeID":"1773583","fromID":"1354422","toID":"1354421","formEdgeID":null},{"edgeID":"1773584","fromID":"1354423","toID":"1354422","formEdgeID":null},{"edgeID":"1773585","fromID":"1354421","toID":"1354424","formEdgeID":null},{"edgeID":"1773586","fromID":"1354424","toID":"1354420","formEdgeID":null},{"edgeID":"1773587","fromID":"1354413","toID":"1354425","formEdgeID":null},{"edgeID":"1773588","fromID":"1354425","toID":"1354421","formEdgeID":null},{"edgeID":"1773589","fromID":"1354428","toID":"1354427","formEdgeID":null},{"edgeID":"1773590","fromID":"1354429","toID":"1354428","formEdgeID":null},{"edgeID":"1773591","fromID":"1354427","toID":"1354430","formEdgeID":null},{"edgeID":"1773592","fromID":"1354430","toID":"1354426","formEdgeID":null},{"edgeID":"1773593","fromID":"1354421","toID":"1354431","formEdgeID":null},{"edgeID":"1773594","fromID":"1354431","toID":"1354427","formEdgeID":null},{"edgeID":"1773595","fromID":"1354426","toID":"1354432","formEdgeID":null},{"edgeID":"1773596","fromID":"1354432","toID":"1354420","formEdgeID":null},{"edgeID":"1773597","fromID":"1354431","toID":"1354433","formEdgeID":null},{"edgeID":"1773598","fromID":"1354433","toID":"1354432","formEdgeID":null},{"edgeID":"1773599","fromID":"1354435","toID":"1354434","formEdgeID":null},{"edgeID":"1773600","fromID":"1354436","toID":"1354435","formEdgeID":null},{"edgeID":"1773601","fromID":"1354427","toID":"1354437","formEdgeID":null},{"edgeID":"1773602","fromID":"1354437","toID":"1354434","formEdgeID":null},{"edgeID":"1773603","fromID":"1354437","toID":"1354438","formEdgeID":null},{"edgeID":"1773604","fromID":"1354438","toID":"1354426","formEdgeID":null}],"locutions":[]}