{"nodes":[{"nodeID":"1354806","text":"it's a tragedy that nurses have gone on strike","type":"I","timestamp":"2023-11-09 14:15:44"},{"nodeID":"1354807","text":"Jacob Rees-Mogg: I agree with Pat that it's a tragedy that nurses have gone on strike","type":"L","timestamp":"2023-11-09 14:15:44"},{"nodeID":"1354808","text":"Analysing","type":"YA","timestamp":"2023-11-09 14:15:44"},{"nodeID":"1354809","text":"Anon: Jacob Rees-Mogg: I agree with Pat that it's a tragedy that nurses have gone on strike","type":"L","timestamp":"2023-11-09 14:15:44"},{"nodeID":"1354810","text":"Asserting","type":"YA","timestamp":"2023-11-09 14:15:44"},{"nodeID":"1354811","text":"COVID happened","type":"I","timestamp":"2023-11-09 14:15:44"},{"nodeID":"1354812","text":"Jacob Rees-Mogg: particularly after COVID","type":"L","timestamp":"2023-11-09 14:15:44"},{"nodeID":"1354813","text":"Analysing","type":"YA","timestamp":"2023-11-09 14:15:44"},{"nodeID":"1354814","text":"Anon: Jacob Rees-Mogg: particularly after COVID","type":"L","timestamp":"2023-11-09 14:15:44"},{"nodeID":"1354815","text":"Asserting","type":"YA","timestamp":"2023-11-09 14:15:44"},{"nodeID":"1354816","text":"nurses are held in huge esteem","type":"I","timestamp":"2023-11-09 14:15:45"},{"nodeID":"1354817","text":"Jacob Rees-Mogg: the huge esteem in which nurses are held","type":"L","timestamp":"2023-11-09 14:15:45"},{"nodeID":"1354818","text":"Analysing","type":"YA","timestamp":"2023-11-09 14:15:45"},{"nodeID":"1354819","text":"Anon: Jacob Rees-Mogg: the huge esteem in which nurses are held","type":"L","timestamp":"2023-11-09 14:15:45"},{"nodeID":"1354820","text":"Asserting","type":"YA","timestamp":"2023-11-09 14:15:45"},{"nodeID":"1354821","text":"nurses make a sacrifice to look after people","type":"I","timestamp":"2023-11-09 14:15:46"},{"nodeID":"1354822","text":"Jacob Rees-Mogg: the sacrifice that they make to look after people","type":"L","timestamp":"2023-11-09 14:15:46"},{"nodeID":"1354823","text":"Analysing","type":"YA","timestamp":"2023-11-09 14:15:46"},{"nodeID":"1354824","text":"Anon: Jacob Rees-Mogg: the sacrifice that they make to look after people","type":"L","timestamp":"2023-11-09 14:15:46"},{"nodeID":"1354825","text":"Asserting","type":"YA","timestamp":"2023-11-09 14:15:46"},{"nodeID":"1354826","text":"Default Transition","type":"TA","timestamp":"2023-11-09 14:15:46"},{"nodeID":"1354827","text":"Default Transition","type":"TA","timestamp":"2023-11-09 14:15:46"},{"nodeID":"1354828","text":"Default Transition","type":"TA","timestamp":"2023-11-09 14:15:46"},{"nodeID":"1354829","text":"Default Inference","type":"RA","timestamp":"2023-11-09 14:15:46"},{"nodeID":"1354830","text":"Arguing","type":"YA","timestamp":"2023-11-09 14:15:46"},{"nodeID":"1354831","text":"the Government has offered something to nurses","type":"I","timestamp":"2023-11-09 14:15:47"},{"nodeID":"1354832","text":"Jacob Rees-Mogg: What has the Government offered","type":"L","timestamp":"2023-11-09 14:15:47"},{"nodeID":"1354833","text":"Analysing","type":"YA","timestamp":"2023-11-09 14:15:47"},{"nodeID":"1354834","text":"Anon: Jacob Rees-Mogg: What has the Government offered","type":"L","timestamp":"2023-11-09 14:15:47"},{"nodeID":"1354835","text":"Rhetorical Questioning","type":"YA","timestamp":"2023-11-09 14:15:47"},{"nodeID":"1354836","text":"Default Transition","type":"TA","timestamp":"2023-11-09 14:15:47"},{"nodeID":"1354837","text":"the Government has offered a minimum of \u00a31,400 pay increase, as recommended by the Pay Review Board","type":"I","timestamp":"2023-11-09 14:15:48"},{"nodeID":"1354838","text":"Jacob Rees-Mogg: It's offered a minimum of \u00a31,400 pay increase, as recommended by the Pay Review Board","type":"L","timestamp":"2023-11-09 14:15:48"},{"nodeID":"1354839","text":"Analysing","type":"YA","timestamp":"2023-11-09 14:15:48"},{"nodeID":"1354840","text":"Anon: Jacob Rees-Mogg: It's offered a minimum of \u00a31,400 pay increase, as recommended by the Pay Review Board","type":"L","timestamp":"2023-11-09 14:15:48"},{"nodeID":"1354841","text":"Asserting","type":"YA","timestamp":"2023-11-09 14:15:48"},{"nodeID":"1354842","text":"Default Transition","type":"TA","timestamp":"2023-11-09 14:15:48"},{"nodeID":"1354843","text":"Default Rephrase","type":"MA","timestamp":"2023-11-09 14:15:48"},{"nodeID":"1354844","text":"Restating","type":"YA","timestamp":"2023-11-09 14:15:48"},{"nodeID":"1354845","text":"the average pay for a nurse \u2013 and these figures are from The Times \u2013 is \u00a327,055, starting salary, and \u00a340,588 after five years","type":"I","timestamp":"2023-11-09 14:15:48"},{"nodeID":"1354846","text":"Jacob Rees-Mogg: The average pay for a nurse \u2013 and these figures are from The Times \u2013 is \u00a327,055, starting salary, and \u00a340,588 after five years","type":"L","timestamp":"2023-11-09 14:15:48"},{"nodeID":"1354847","text":"Analysing","type":"YA","timestamp":"2023-11-09 14:15:48"},{"nodeID":"1354848","text":"Anon: Jacob Rees-Mogg: The average pay for a nurse \u2013 and these figures are from The Times \u2013 is \u00a327,055, starting salary, and \u00a340,588 after five years","type":"L","timestamp":"2023-11-09 14:15:48"},{"nodeID":"1354849","text":"Asserting","type":"YA","timestamp":"2023-11-09 14:15:48"},{"nodeID":"1354850","text":"\u00a327,055, starting salary, and \u00a340,588 after five years gives you an idea of what nurses are earning currently","type":"I","timestamp":"2023-11-09 14:15:49"},{"nodeID":"1354851","text":"Jacob Rees-Mogg: that gives you an idea of what nurses are earning currently","type":"L","timestamp":"2023-11-09 14:15:49"},{"nodeID":"1354852","text":"Analysing","type":"YA","timestamp":"2023-11-09 14:15:49"},{"nodeID":"1354853","text":"Anon: Jacob Rees-Mogg: that gives you an idea of what nurses are earning currently","type":"L","timestamp":"2023-11-09 14:15:49"},{"nodeID":"1354854","text":"Asserting","type":"YA","timestamp":"2023-11-09 14:15:49"},{"nodeID":"1354855","text":"Default Inference","type":"RA","timestamp":"2023-11-09 14:15:49"},{"nodeID":"1354856","text":"Default Transition","type":"TA","timestamp":"2023-11-09 14:15:49"},{"nodeID":"1354857","text":"Arguing","type":"YA","timestamp":"2023-11-09 14:15:49"},{"nodeID":"1354858","text":"Default Transition","type":"TA","timestamp":"2023-11-09 14:15:49"},{"nodeID":"1354859","text":"the pay increase is not huge","type":"I","timestamp":"2023-11-09 14:15:50"},{"nodeID":"1354860","text":"Jacob Rees-Mogg:  the pay increase is not huge","type":"L","timestamp":"2023-11-09 14:15:50"},{"nodeID":"1354861","text":"Analysing","type":"YA","timestamp":"2023-11-09 14:15:50"},{"nodeID":"1354862","text":"Anon: Jacob Rees-Mogg:  the pay increase is not huge","type":"L","timestamp":"2023-11-09 14:15:50"},{"nodeID":"1354863","text":"Asserting","type":"YA","timestamp":"2023-11-09 14:15:50"},{"nodeID":"1354864","text":"the pay increase is below inflation","type":"I","timestamp":"2023-11-09 14:15:51"},{"nodeID":"1354865","text":"Jacob Rees-Mogg:  is below inflation","type":"L","timestamp":"2023-11-09 14:15:51"},{"nodeID":"1354866","text":"Analysing","type":"YA","timestamp":"2023-11-09 14:15:51"},{"nodeID":"1354867","text":"Anon: Jacob Rees-Mogg:  is below inflation","type":"L","timestamp":"2023-11-09 14:15:51"},{"nodeID":"1354868","text":"Asserting","type":"YA","timestamp":"2023-11-09 14:15:51"},{"nodeID":"1354869","text":"Default Transition","type":"TA","timestamp":"2023-11-09 14:15:51"},{"nodeID":"1354870","text":"Default Rephrase","type":"MA","timestamp":"2023-11-09 14:15:51"},{"nodeID":"1354871","text":"Restating","type":"YA","timestamp":"2023-11-09 14:15:51"},{"nodeID":"1354872","text":"the pay increase of  \u00a31,400 is what was recommended by an independent pay board","type":"I","timestamp":"2023-11-09 14:15:52"},{"nodeID":"1354873","text":"Jacob Rees-Mogg:  it was what was recommended by an independent pay board","type":"L","timestamp":"2023-11-09 14:15:52"},{"nodeID":"1354874","text":"Analysing","type":"YA","timestamp":"2023-11-09 14:15:52"},{"nodeID":"1354875","text":"Anon: Jacob Rees-Mogg:  it was what was recommended by an independent pay board","type":"L","timestamp":"2023-11-09 14:15:52"},{"nodeID":"1354876","text":"Asserting","type":"YA","timestamp":"2023-11-09 14:15:52"},{"nodeID":"1354877","text":"the independent Pay Review body should look again, should reconsider nurses' pay increase","type":"I","timestamp":"2023-11-09 14:15:52"},{"nodeID":"1354878","text":"Fiona Bruce:  you've got the Chair of the Health Select Committee saying, the independent Pay Review body should look again, should reconsider it","type":"L","timestamp":"2023-11-09 14:15:52"},{"nodeID":"1354879","text":"Analysing","type":"YA","timestamp":"2023-11-09 14:15:52"},{"nodeID":"1354880","text":"Anon: Fiona Bruce:  you've got the Chair of the Health Select Committee saying, the independent Pay Review body should look again, should reconsider it","type":"L","timestamp":"2023-11-09 14:15:52"},{"nodeID":"1354881","text":"Default Transition","type":"TA","timestamp":"2023-11-09 14:15:52"},{"nodeID":"1354882","text":"Steve Brine:  the independent Pay Review body should look again, should reconsider nurses' pay increase","type":"L","timestamp":"2023-11-09 14:15:52"},{"nodeID":"1354883","text":"Analysing","type":"YA","timestamp":"2023-11-09 14:15:52"},{"nodeID":"1354884","text":"Anon: Steve Brine:  the independent Pay Review body should look again, should reconsider nurses' pay increase","type":"L","timestamp":"2023-11-09 14:15:52"},{"nodeID":"1354885","text":"Asserting","type":"YA","timestamp":"2023-11-09 14:15:52"},{"nodeID":"1354886","text":"Asserting","type":"YA","timestamp":"2023-11-09 14:15:52"},{"nodeID":"1354887","text":"a 19 per cent pay increase for nurses is too high","type":"I","timestamp":"2023-11-09 14:15:53"},{"nodeID":"1354888","text":"Fiona Bruce: you've also got the former Tory Chair saying, that 19 per cent is too high","type":"L","timestamp":"2023-11-09 14:15:53"},{"nodeID":"1354889","text":"Analysing","type":"YA","timestamp":"2023-11-09 14:15:53"},{"nodeID":"1354890","text":"Anon: Fiona Bruce: you've also got the former Tory Chair saying, that 19 per cent is too high","type":"L","timestamp":"2023-11-09 14:15:53"},{"nodeID":"1354891","text":"Former Tory Chair: 19 per cent is too high","type":"L","timestamp":"2023-11-09 14:15:53"},{"nodeID":"1354892","text":"Analysing","type":"YA","timestamp":"2023-11-09 14:15:53"},{"nodeID":"1354893","text":"Anon: Former Tory Chair: 19 per cent is too high","type":"L","timestamp":"2023-11-09 14:15:53"},{"nodeID":"1354894","text":"Asserting","type":"YA","timestamp":"2023-11-09 14:15:53"},{"nodeID":"1354895","text":"Asserting","type":"YA","timestamp":"2023-11-09 14:15:53"},{"nodeID":"1354896","text":"Default Transition","type":"TA","timestamp":"2023-11-09 14:15:53"},{"nodeID":"1354897","text":"Pat Cullen is asking for a 19 per cent pay increase for nurses","type":"I","timestamp":"2023-11-09 14:15:54"},{"nodeID":"1354898","text":"Fiona Bruce: which is what you're asking for, Pat","type":"L","timestamp":"2023-11-09 14:15:54"},{"nodeID":"1354899","text":"Analysing","type":"YA","timestamp":"2023-11-09 14:15:54"},{"nodeID":"1354900","text":"Anon: Fiona Bruce: which is what you're asking for, Pat","type":"L","timestamp":"2023-11-09 14:15:54"},{"nodeID":"1354901","text":"Asserting","type":"YA","timestamp":"2023-11-09 14:15:54"},{"nodeID":"1354902","text":"Default Transition","type":"TA","timestamp":"2023-11-09 14:15:54"},{"nodeID":"1354903","text":"the Government offer for nurses is too low","type":"I","timestamp":"2023-11-09 14:15:55"},{"nodeID":"1354904","text":"Fiona Bruce: the Government offer is too low","type":"L","timestamp":"2023-11-09 14:15:55"},{"nodeID":"1354905","text":"Analysing","type":"YA","timestamp":"2023-11-09 14:15:55"},{"nodeID":"1354906","text":"Anon: Fiona Bruce: the Government offer is too low","type":"L","timestamp":"2023-11-09 14:15:55"},{"nodeID":"1354907","text":"Former Tory Chair: the Government offer is too low","type":"L","timestamp":"2023-11-09 14:15:55"},{"nodeID":"1354908","text":"Analysing","type":"YA","timestamp":"2023-11-09 14:15:55"},{"nodeID":"1354909","text":"Anon: Former Tory Chair: the Government offer is too low","type":"L","timestamp":"2023-11-09 14:15:55"},{"nodeID":"1354910","text":"Asserting","type":"YA","timestamp":"2023-11-09 14:15:55"},{"nodeID":"1354911","text":"Asserting","type":"YA","timestamp":"2023-11-09 14:15:55"},{"nodeID":"1354912","text":"Default Transition","type":"TA","timestamp":"2023-11-09 14:15:55"},{"nodeID":"1354913","text":"Default Conflict","type":"CA","timestamp":"2023-11-09 14:15:55"},{"nodeID":"1354914","text":"Default Transition","type":"TA","timestamp":"2023-11-09 14:15:55"},{"nodeID":"1354915","text":"Disagreeing","type":"YA","timestamp":"2023-11-09 14:15:55"},{"nodeID":"1354916","text":"Default Inference","type":"RA","timestamp":"2023-11-09 14:15:55"},{"nodeID":"1354917","text":"Default Transition","type":"TA","timestamp":"2023-11-09 14:15:55"},{"nodeID":"1354918","text":"Default Transition","type":"TA","timestamp":"2023-11-09 14:15:55"},{"nodeID":"1354919","text":"Arguing","type":"YA","timestamp":"2023-11-09 14:15:55"},{"nodeID":"1354920","text":"one year pay review boards are behind","type":"I","timestamp":"2023-11-09 14:15:56"},{"nodeID":"1354921","text":"Jacob Rees-Mogg:  you are behind","type":"L","timestamp":"2023-11-09 14:15:56"},{"nodeID":"1354922","text":"Analysing","type":"YA","timestamp":"2023-11-09 14:15:56"},{"nodeID":"1354923","text":"Anon: Jacob Rees-Mogg:  you are behind","type":"L","timestamp":"2023-11-09 14:15:56"},{"nodeID":"1354924","text":"Asserting","type":"YA","timestamp":"2023-11-09 14:15:56"},{"nodeID":"1354925","text":"the following year pay review boards will be ahead","type":"I","timestamp":"2023-11-09 14:15:57"},{"nodeID":"1354926","text":"Jacob Rees-Mogg: the following year you will be ahead","type":"L","timestamp":"2023-11-09 14:15:57"},{"nodeID":"1354927","text":"Analysing","type":"YA","timestamp":"2023-11-09 14:15:57"},{"nodeID":"1354928","text":"Anon: Jacob Rees-Mogg: the following year you will be ahead","type":"L","timestamp":"2023-11-09 14:15:57"},{"nodeID":"1354929","text":"Asserting","type":"YA","timestamp":"2023-11-09 14:15:57"},{"nodeID":"1354930","text":"inflation is trending down","type":"I","timestamp":"2023-11-09 14:15:57"},{"nodeID":"1354931","text":"Jacob Rees-Mogg: inflation is trending down","type":"L","timestamp":"2023-11-09 14:15:57"},{"nodeID":"1354932","text":"Analysing","type":"YA","timestamp":"2023-11-09 14:15:57"},{"nodeID":"1354933","text":"Anon: Jacob Rees-Mogg: inflation is trending down","type":"L","timestamp":"2023-11-09 14:15:57"},{"nodeID":"1354934","text":"Asserting","type":"YA","timestamp":"2023-11-09 14:15:57"},{"nodeID":"1354935","text":"Default Inference","type":"RA","timestamp":"2023-11-09 14:15:57"},{"nodeID":"1354936","text":"Default Transition","type":"TA","timestamp":"2023-11-09 14:15:57"},{"nodeID":"1354937","text":"the Board has reported early","type":"I","timestamp":"2023-11-09 14:15:58"},{"nodeID":"1354938","text":"Jacob Rees-Mogg: the Board has reported early","type":"L","timestamp":"2023-11-09 14:15:58"},{"nodeID":"1354939","text":"Analysing","type":"YA","timestamp":"2023-11-09 14:15:58"},{"nodeID":"1354940","text":"Anon: Jacob Rees-Mogg: the Board has reported early","type":"L","timestamp":"2023-11-09 14:15:58"},{"nodeID":"1354941","text":"Asserting","type":"YA","timestamp":"2023-11-09 14:15:58"},{"nodeID":"1354942","text":"in some times, inflation is taking off sharply","type":"I","timestamp":"2023-11-09 14:15:59"},{"nodeID":"1354943","text":"Jacob Rees-Mogg:  in some times, when inflation is taking off sharply","type":"L","timestamp":"2023-11-09 14:15:59"},{"nodeID":"1354944","text":"Analysing","type":"YA","timestamp":"2023-11-09 14:15:59"},{"nodeID":"1354945","text":"Anon: Jacob Rees-Mogg:  in some times, when inflation is taking off sharply","type":"L","timestamp":"2023-11-09 14:15:59"},{"nodeID":"1354946","text":"Asserting","type":"YA","timestamp":"2023-11-09 14:15:59"},{"nodeID":"1354947","text":"Default Inference","type":"RA","timestamp":"2023-11-09 14:15:59"},{"nodeID":"1354948","text":"Default Transition","type":"TA","timestamp":"2023-11-09 14:15:59"},{"nodeID":"1354949","text":"Default Transition","type":"TA","timestamp":"2023-11-09 14:15:59"},{"nodeID":"1354950","text":"Arguing","type":"YA","timestamp":"2023-11-09 14:15:59"},{"nodeID":"1354951","text":"the issue there is that pay review boards sit every year","type":"I","timestamp":"2023-11-09 14:16:00"},{"nodeID":"1354952","text":"Jacob Rees-Mogg: the issue there is that pay review boards sit every year","type":"L","timestamp":"2023-11-09 14:16:00"},{"nodeID":"1354953","text":"Analysing","type":"YA","timestamp":"2023-11-09 14:16:00"},{"nodeID":"1354954","text":"Anon: Jacob Rees-Mogg: the issue there is that pay review boards sit every year","type":"L","timestamp":"2023-11-09 14:16:00"},{"nodeID":"1354955","text":"Asserting","type":"YA","timestamp":"2023-11-09 14:16:00"},{"nodeID":"1354956","text":"Default Transition","type":"TA","timestamp":"2023-11-09 14:16:00"},{"nodeID":"1354957","text":"Default Inference","type":"RA","timestamp":"2023-11-09 14:16:00"},{"nodeID":"1354958","text":"Default Transition","type":"TA","timestamp":"2023-11-09 14:16:00"},{"nodeID":"1354959","text":"Default Conflict","type":"CA","timestamp":"2023-11-09 14:16:00"},{"nodeID":"1354960","text":"Disagreeing","type":"YA","timestamp":"2023-11-09 14:16:00"},{"nodeID":"1354961","text":"Default Inference","type":"RA","timestamp":"2023-11-09 14:16:00"},{"nodeID":"1354962","text":"Default Transition","type":"TA","timestamp":"2023-11-09 14:16:00"},{"nodeID":"1354963","text":"Arguing","type":"YA","timestamp":"2023-11-09 14:16:00"},{"nodeID":"1354964","text":"Arguing","type":"YA","timestamp":"2023-11-09 14:16:00"}],"edges":[{"edgeID":"1774036","fromID":"1354808","toID":"1354807","formEdgeID":null},{"edgeID":"1774037","fromID":"1354809","toID":"1354808","formEdgeID":null},{"edgeID":"1774038","fromID":"1354807","toID":"1354810","formEdgeID":null},{"edgeID":"1774039","fromID":"1354810","toID":"1354806","formEdgeID":null},{"edgeID":"1774040","fromID":"1354813","toID":"1354812","formEdgeID":null},{"edgeID":"1774041","fromID":"1354814","toID":"1354813","formEdgeID":null},{"edgeID":"1774042","fromID":"1354812","toID":"1354815","formEdgeID":null},{"edgeID":"1774043","fromID":"1354815","toID":"1354811","formEdgeID":null},{"edgeID":"1774044","fromID":"1354818","toID":"1354817","formEdgeID":null},{"edgeID":"1774045","fromID":"1354819","toID":"1354818","formEdgeID":null},{"edgeID":"1774046","fromID":"1354817","toID":"1354820","formEdgeID":null},{"edgeID":"1774047","fromID":"1354820","toID":"1354816","formEdgeID":null},{"edgeID":"1774048","fromID":"1354823","toID":"1354822","formEdgeID":null},{"edgeID":"1774049","fromID":"1354824","toID":"1354823","formEdgeID":null},{"edgeID":"1774050","fromID":"1354822","toID":"1354825","formEdgeID":null},{"edgeID":"1774051","fromID":"1354825","toID":"1354821","formEdgeID":null},{"edgeID":"1774052","fromID":"1354807","toID":"1354826","formEdgeID":null},{"edgeID":"1774053","fromID":"1354826","toID":"1354822","formEdgeID":null},{"edgeID":"1774054","fromID":"1354807","toID":"1354827","formEdgeID":null},{"edgeID":"1774055","fromID":"1354827","toID":"1354817","formEdgeID":null},{"edgeID":"1774056","fromID":"1354807","toID":"1354828","formEdgeID":null},{"edgeID":"1774057","fromID":"1354828","toID":"1354812","formEdgeID":null},{"edgeID":"1774058","fromID":"1354811","toID":"1354829","formEdgeID":null},{"edgeID":"1774059","fromID":"1354829","toID":"1354806","formEdgeID":null},{"edgeID":"1774060","fromID":"1354821","toID":"1354829","formEdgeID":null},{"edgeID":"1774061","fromID":"1354816","toID":"1354829","formEdgeID":null},{"edgeID":"1774062","fromID":"1354826","toID":"1354830","formEdgeID":null},{"edgeID":"1774063","fromID":"1354830","toID":"1354829","formEdgeID":null},{"edgeID":"1774064","fromID":"1354833","toID":"1354832","formEdgeID":null},{"edgeID":"1774065","fromID":"1354834","toID":"1354833","formEdgeID":null},{"edgeID":"1774066","fromID":"1354832","toID":"1354835","formEdgeID":null},{"edgeID":"1774067","fromID":"1354835","toID":"1354831","formEdgeID":null},{"edgeID":"1774068","fromID":"1354822","toID":"1354836","formEdgeID":null},{"edgeID":"1774069","fromID":"1354836","toID":"1354832","formEdgeID":null},{"edgeID":"1774070","fromID":"1354839","toID":"1354838","formEdgeID":null},{"edgeID":"1774071","fromID":"1354840","toID":"1354839","formEdgeID":null},{"edgeID":"1774072","fromID":"1354838","toID":"1354841","formEdgeID":null},{"edgeID":"1774073","fromID":"1354841","toID":"1354837","formEdgeID":null},{"edgeID":"1774074","fromID":"1354832","toID":"1354842","formEdgeID":null},{"edgeID":"1774075","fromID":"1354842","toID":"1354838","formEdgeID":null},{"edgeID":"1774076","fromID":"1354837","toID":"1354843","formEdgeID":null},{"edgeID":"1774077","fromID":"1354843","toID":"1354831","formEdgeID":null},{"edgeID":"1774078","fromID":"1354842","toID":"1354844","formEdgeID":null},{"edgeID":"1774079","fromID":"1354844","toID":"1354843","formEdgeID":null},{"edgeID":"1774080","fromID":"1354847","toID":"1354846","formEdgeID":null},{"edgeID":"1774081","fromID":"1354848","toID":"1354847","formEdgeID":null},{"edgeID":"1774082","fromID":"1354846","toID":"1354849","formEdgeID":null},{"edgeID":"1774083","fromID":"1354849","toID":"1354845","formEdgeID":null},{"edgeID":"1774084","fromID":"1354852","toID":"1354851","formEdgeID":null},{"edgeID":"1774085","fromID":"1354853","toID":"1354852","formEdgeID":null},{"edgeID":"1774086","fromID":"1354851","toID":"1354854","formEdgeID":null},{"edgeID":"1774087","fromID":"1354854","toID":"1354850","formEdgeID":null},{"edgeID":"1774088","fromID":"1354845","toID":"1354855","formEdgeID":null},{"edgeID":"1774089","fromID":"1354855","toID":"1354850","formEdgeID":null},{"edgeID":"1774090","fromID":"1354846","toID":"1354856","formEdgeID":null},{"edgeID":"1774091","fromID":"1354856","toID":"1354851","formEdgeID":null},{"edgeID":"1774092","fromID":"1354856","toID":"1354857","formEdgeID":null},{"edgeID":"1774093","fromID":"1354857","toID":"1354855","formEdgeID":null},{"edgeID":"1774094","fromID":"1354838","toID":"1354858","formEdgeID":null},{"edgeID":"1774095","fromID":"1354858","toID":"1354846","formEdgeID":null},{"edgeID":"1774096","fromID":"1354861","toID":"1354860","formEdgeID":null},{"edgeID":"1774097","fromID":"1354862","toID":"1354861","formEdgeID":null},{"edgeID":"1774098","fromID":"1354860","toID":"1354863","formEdgeID":null},{"edgeID":"1774099","fromID":"1354863","toID":"1354859","formEdgeID":null},{"edgeID":"1774100","fromID":"1354866","toID":"1354865","formEdgeID":null},{"edgeID":"1774101","fromID":"1354867","toID":"1354866","formEdgeID":null},{"edgeID":"1774102","fromID":"1354865","toID":"1354868","formEdgeID":null},{"edgeID":"1774103","fromID":"1354868","toID":"1354864","formEdgeID":null},{"edgeID":"1774104","fromID":"1354860","toID":"1354869","formEdgeID":null},{"edgeID":"1774105","fromID":"1354869","toID":"1354865","formEdgeID":null},{"edgeID":"1774106","fromID":"1354864","toID":"1354870","formEdgeID":null},{"edgeID":"1774107","fromID":"1354870","toID":"1354859","formEdgeID":null},{"edgeID":"1774108","fromID":"1354869","toID":"1354871","formEdgeID":null},{"edgeID":"1774109","fromID":"1354871","toID":"1354870","formEdgeID":null},{"edgeID":"1774110","fromID":"1354874","toID":"1354873","formEdgeID":null},{"edgeID":"1774111","fromID":"1354875","toID":"1354874","formEdgeID":null},{"edgeID":"1774112","fromID":"1354873","toID":"1354876","formEdgeID":null},{"edgeID":"1774113","fromID":"1354876","toID":"1354872","formEdgeID":null},{"edgeID":"1774114","fromID":"1354879","toID":"1354878","formEdgeID":null},{"edgeID":"1774115","fromID":"1354880","toID":"1354879","formEdgeID":null},{"edgeID":"1774116","fromID":"1354873","toID":"1354881","formEdgeID":null},{"edgeID":"1774117","fromID":"1354881","toID":"1354878","formEdgeID":null},{"edgeID":"1774118","fromID":"1354883","toID":"1354882","formEdgeID":null},{"edgeID":"1774119","fromID":"1354884","toID":"1354883","formEdgeID":null},{"edgeID":"1774120","fromID":"1354882","toID":"1354885","formEdgeID":null},{"edgeID":"1774121","fromID":"1354885","toID":"1354877","formEdgeID":null},{"edgeID":"1774122","fromID":"1354878","toID":"1354886","formEdgeID":null},{"edgeID":"1774123","fromID":"1354886","toID":"1354882","formEdgeID":null},{"edgeID":"1774124","fromID":"1354889","toID":"1354888","formEdgeID":null},{"edgeID":"1774125","fromID":"1354890","toID":"1354889","formEdgeID":null},{"edgeID":"1774126","fromID":"1354892","toID":"1354891","formEdgeID":null},{"edgeID":"1774127","fromID":"1354893","toID":"1354892","formEdgeID":null},{"edgeID":"1774128","fromID":"1354891","toID":"1354894","formEdgeID":null},{"edgeID":"1774129","fromID":"1354894","toID":"1354887","formEdgeID":null},{"edgeID":"1774130","fromID":"1354888","toID":"1354895","formEdgeID":null},{"edgeID":"1774131","fromID":"1354895","toID":"1354891","formEdgeID":null},{"edgeID":"1774132","fromID":"1354878","toID":"1354896","formEdgeID":null},{"edgeID":"1774133","fromID":"1354896","toID":"1354888","formEdgeID":null},{"edgeID":"1774134","fromID":"1354899","toID":"1354898","formEdgeID":null},{"edgeID":"1774135","fromID":"1354900","toID":"1354899","formEdgeID":null},{"edgeID":"1774136","fromID":"1354898","toID":"1354901","formEdgeID":null},{"edgeID":"1774137","fromID":"1354901","toID":"1354897","formEdgeID":null},{"edgeID":"1774138","fromID":"1354888","toID":"1354902","formEdgeID":null},{"edgeID":"1774139","fromID":"1354902","toID":"1354898","formEdgeID":null},{"edgeID":"1774140","fromID":"1354905","toID":"1354904","formEdgeID":null},{"edgeID":"1774141","fromID":"1354906","toID":"1354905","formEdgeID":null},{"edgeID":"1774142","fromID":"1354908","toID":"1354907","formEdgeID":null},{"edgeID":"1774143","fromID":"1354909","toID":"1354908","formEdgeID":null},{"edgeID":"1774144","fromID":"1354907","toID":"1354910","formEdgeID":null},{"edgeID":"1774145","fromID":"1354910","toID":"1354903","formEdgeID":null},{"edgeID":"1774146","fromID":"1354904","toID":"1354911","formEdgeID":null},{"edgeID":"1774147","fromID":"1354911","toID":"1354907","formEdgeID":null},{"edgeID":"1774148","fromID":"1354888","toID":"1354912","formEdgeID":null},{"edgeID":"1774149","fromID":"1354912","toID":"1354904","formEdgeID":null},{"edgeID":"1774150","fromID":"1354872","toID":"1354913","formEdgeID":null},{"edgeID":"1774151","fromID":"1354913","toID":"1354859","formEdgeID":null},{"edgeID":"1774152","fromID":"1354860","toID":"1354914","formEdgeID":null},{"edgeID":"1774153","fromID":"1354914","toID":"1354873","formEdgeID":null},{"edgeID":"1774154","fromID":"1354914","toID":"1354915","formEdgeID":null},{"edgeID":"1774155","fromID":"1354915","toID":"1354913","formEdgeID":null},{"edgeID":"1774156","fromID":"1354845","toID":"1354916","formEdgeID":null},{"edgeID":"1774157","fromID":"1354916","toID":"1354859","formEdgeID":null},{"edgeID":"1774158","fromID":"1354837","toID":"1354916","formEdgeID":null},{"edgeID":"1774159","fromID":"1354838","toID":"1354917","formEdgeID":null},{"edgeID":"1774160","fromID":"1354917","toID":"1354860","formEdgeID":null},{"edgeID":"1774161","fromID":"1354846","toID":"1354918","formEdgeID":null},{"edgeID":"1774162","fromID":"1354918","toID":"1354860","formEdgeID":null},{"edgeID":"1774163","fromID":"1354918","toID":"1354919","formEdgeID":null},{"edgeID":"1774164","fromID":"1354919","toID":"1354916","formEdgeID":null},{"edgeID":"1774165","fromID":"1354922","toID":"1354921","formEdgeID":null},{"edgeID":"1774166","fromID":"1354923","toID":"1354922","formEdgeID":null},{"edgeID":"1774167","fromID":"1354921","toID":"1354924","formEdgeID":null},{"edgeID":"1774168","fromID":"1354924","toID":"1354920","formEdgeID":null},{"edgeID":"1774169","fromID":"1354927","toID":"1354926","formEdgeID":null},{"edgeID":"1774170","fromID":"1354928","toID":"1354927","formEdgeID":null},{"edgeID":"1774171","fromID":"1354926","toID":"1354929","formEdgeID":null},{"edgeID":"1774172","fromID":"1354929","toID":"1354925","formEdgeID":null},{"edgeID":"1774173","fromID":"1354932","toID":"1354931","formEdgeID":null},{"edgeID":"1774174","fromID":"1354933","toID":"1354932","formEdgeID":null},{"edgeID":"1774175","fromID":"1354931","toID":"1354934","formEdgeID":null},{"edgeID":"1774176","fromID":"1354934","toID":"1354930","formEdgeID":null},{"edgeID":"1774177","fromID":"1354930","toID":"1354935","formEdgeID":null},{"edgeID":"1774178","fromID":"1354935","toID":"1354925","formEdgeID":null},{"edgeID":"1774179","fromID":"1354926","toID":"1354936","formEdgeID":null},{"edgeID":"1774180","fromID":"1354936","toID":"1354931","formEdgeID":null},{"edgeID":"1774181","fromID":"1354939","toID":"1354938","formEdgeID":null},{"edgeID":"1774182","fromID":"1354940","toID":"1354939","formEdgeID":null},{"edgeID":"1774183","fromID":"1354938","toID":"1354941","formEdgeID":null},{"edgeID":"1774184","fromID":"1354941","toID":"1354937","formEdgeID":null},{"edgeID":"1774185","fromID":"1354944","toID":"1354943","formEdgeID":null},{"edgeID":"1774186","fromID":"1354945","toID":"1354944","formEdgeID":null},{"edgeID":"1774187","fromID":"1354943","toID":"1354946","formEdgeID":null},{"edgeID":"1774188","fromID":"1354946","toID":"1354942","formEdgeID":null},{"edgeID":"1774189","fromID":"1354942","toID":"1354947","formEdgeID":null},{"edgeID":"1774190","fromID":"1354947","toID":"1354920","formEdgeID":null},{"edgeID":"1774191","fromID":"1354943","toID":"1354948","formEdgeID":null},{"edgeID":"1774192","fromID":"1354948","toID":"1354921","formEdgeID":null},{"edgeID":"1774193","fromID":"1354938","toID":"1354949","formEdgeID":null},{"edgeID":"1774194","fromID":"1354949","toID":"1354921","formEdgeID":null},{"edgeID":"1774195","fromID":"1354949","toID":"1354950","formEdgeID":null},{"edgeID":"1774196","fromID":"1354950","toID":"1354947","formEdgeID":null},{"edgeID":"1774197","fromID":"1354953","toID":"1354952","formEdgeID":null},{"edgeID":"1774198","fromID":"1354954","toID":"1354953","formEdgeID":null},{"edgeID":"1774199","fromID":"1354952","toID":"1354955","formEdgeID":null},{"edgeID":"1774200","fromID":"1354955","toID":"1354951","formEdgeID":null},{"edgeID":"1774201","fromID":"1354952","toID":"1354956","formEdgeID":null},{"edgeID":"1774202","fromID":"1354956","toID":"1354921","formEdgeID":null},{"edgeID":"1774203","fromID":"1354920","toID":"1354957","formEdgeID":null},{"edgeID":"1774204","fromID":"1354957","toID":"1354951","formEdgeID":null},{"edgeID":"1774205","fromID":"1354952","toID":"1354958","formEdgeID":null},{"edgeID":"1774206","fromID":"1354958","toID":"1354926","formEdgeID":null},{"edgeID":"1774207","fromID":"1354925","toID":"1354957","formEdgeID":null},{"edgeID":"1774208","fromID":"1354903","toID":"1354959","formEdgeID":null},{"edgeID":"1774209","fromID":"1354959","toID":"1354887","formEdgeID":null},{"edgeID":"1774210","fromID":"1354912","toID":"1354960","formEdgeID":null},{"edgeID":"1774211","fromID":"1354960","toID":"1354959","formEdgeID":null},{"edgeID":"1774212","fromID":"1354951","toID":"1354961","formEdgeID":null},{"edgeID":"1774213","fromID":"1354961","toID":"1354903","formEdgeID":null},{"edgeID":"1774214","fromID":"1354904","toID":"1354962","formEdgeID":null},{"edgeID":"1774215","fromID":"1354962","toID":"1354952","formEdgeID":null},{"edgeID":"1774216","fromID":"1354962","toID":"1354963","formEdgeID":null},{"edgeID":"1774217","fromID":"1354963","toID":"1354961","formEdgeID":null},{"edgeID":"1774218","fromID":"1354937","toID":"1354947","formEdgeID":null},{"edgeID":"1774219","fromID":"1354958","toID":"1354964","formEdgeID":null},{"edgeID":"1774220","fromID":"1354964","toID":"1354957","formEdgeID":null}],"locutions":[]}