{"nodes":[{"nodeID":"1158420","text":"we are taking people from an already safe country","type":"I","timestamp":"2023-04-24 20:03:46"},{"nodeID":"1158473","text":"the Iranians won't let you leave","type":"I","timestamp":"2023-04-24 20:04:07"},{"nodeID":"1158492","text":"we would or would not let Iranians in","type":"I","timestamp":"2023-04-24 20:04:15"},{"nodeID":"1158588","text":"we may like teasing the French","type":"I","timestamp":"2023-04-24 20:04:47"},{"nodeID":"1158601","text":"France is not a dangerous country","type":"I","timestamp":"2023-04-24 20:04:52"},{"nodeID":"1158631","text":"Iranians have got to France","type":"I","timestamp":"2023-04-24 20:05:02"},{"nodeID":"1158644","text":"Iranians are safe","type":"I","timestamp":"2023-04-24 20:05:07"},{"nodeID":"1199939","text":"people are coming from France","type":"I","timestamp":"2023-08-10 20:05:08"},{"nodeID":"1199966","text":"to come to the UK directly from Iran is extremely difficult","type":"I","timestamp":"2023-08-10 20:05:10"},{"nodeID":"1356392","text":"xxx is how you can get to the UK legally from Iran","type":"I","timestamp":"2023-11-09 14:18:36"},{"nodeID":"1356393","text":"Fiona Bruce: how do you get here legally from Iran","type":"L","timestamp":"2023-11-09 14:18:36"},{"nodeID":"1356394","text":"Anon: Fiona Bruce: how do you get here legally from Iran","type":"L","timestamp":"2023-11-09 14:18:36"},{"nodeID":"1356395","text":"Jacob Rees-Mogg: they're coming from France","type":"L","timestamp":"2023-11-09 14:18:37"},{"nodeID":"1356396","text":"Anon: Jacob Rees-Mogg: they're coming from France","type":"L","timestamp":"2023-11-09 14:18:37"},{"nodeID":"1356397","text":"people in France are already in a safe country","type":"I","timestamp":"2023-11-09 14:18:38"},{"nodeID":"1356398","text":"Jacob Rees-Mogg: they are already in a safe country","type":"L","timestamp":"2023-11-09 14:18:38"},{"nodeID":"1356399","text":"Anon: Jacob Rees-Mogg: they are already in a safe country","type":"L","timestamp":"2023-11-09 14:18:38"},{"nodeID":"1356400","text":"Jacob Rees-Mogg: we are taking people from an already safe country","type":"L","timestamp":"2023-11-09 14:18:39"},{"nodeID":"1356401","text":"Anon: Jacob Rees-Mogg: we are taking people from an already safe country","type":"L","timestamp":"2023-11-09 14:18:39"},{"nodeID":"1356402","text":"xxx is how people get to the UK if they want to come from Iran","type":"I","timestamp":"2023-11-09 14:18:40"},{"nodeID":"1356403","text":"Fiona Bruce: if they want to come from Iran","type":"L","timestamp":"2023-11-09 14:18:40"},{"nodeID":"1356404","text":"Anon: Fiona Bruce: if they want to come from Iran","type":"L","timestamp":"2023-11-09 14:18:40"},{"nodeID":"1356405","text":"Jacob Rees-Mogg: to come here directly from Iran is extremely difficult","type":"L","timestamp":"2023-11-09 14:18:41"},{"nodeID":"1356406","text":"Anon: Jacob Rees-Mogg: to come here directly from Iran is extremely difficult","type":"L","timestamp":"2023-11-09 14:18:41"},{"nodeID":"1356407","text":"Jacob Rees-Mogg: the Iranians won't let you leave","type":"L","timestamp":"2023-11-09 14:18:42"},{"nodeID":"1356408","text":"Anon: Jacob Rees-Mogg: the Iranians won't let you leave","type":"L","timestamp":"2023-11-09 14:18:42"},{"nodeID":"1356409","text":"Fiona Bruce: would we let them in","type":"L","timestamp":"2023-11-09 14:18:42"},{"nodeID":"1356410","text":"Anon: Fiona Bruce: would we let them in","type":"L","timestamp":"2023-11-09 14:18:42"},{"nodeID":"1356411","text":"if you've got to a safe country, we would let people in who have a genuine fear of persecution, if they can get here","type":"I","timestamp":"2023-11-09 14:18:43"},{"nodeID":"1356412","text":"Jacob Rees-Mogg: if you've got to a safe country, we would let people in who have a genuine fear of persecution, if they can get here","type":"L","timestamp":"2023-11-09 14:18:43"},{"nodeID":"1356413","text":"Anon: Jacob Rees-Mogg: if you've got to a safe country, we would let people in who have a genuine fear of persecution, if they can get here","type":"L","timestamp":"2023-11-09 14:18:43"},{"nodeID":"1356414","text":"if Iranians got to a safe country first, they don't need to come from France to the UK","type":"I","timestamp":"2023-11-09 14:18:44"},{"nodeID":"1356415","text":"Jacob Rees-Mogg: if they\u2019ve got to safe country first, they don't need to come from France to the UK","type":"L","timestamp":"2023-11-09 14:18:44"},{"nodeID":"1356416","text":"Anon: Jacob Rees-Mogg: if they\u2019ve got to safe country first, they don't need to come from France to the UK","type":"L","timestamp":"2023-11-09 14:18:44"},{"nodeID":"1356417","text":"Jacob Rees-Mogg: We may like teasing the French","type":"L","timestamp":"2023-11-09 14:18:45"},{"nodeID":"1356418","text":"Anon: Jacob Rees-Mogg: We may like teasing the French","type":"L","timestamp":"2023-11-09 14:18:45"},{"nodeID":"1356419","text":"Jacob Rees-Mogg: France is not a dangerous country","type":"L","timestamp":"2023-11-09 14:18:46"},{"nodeID":"1356420","text":"Anon: Jacob Rees-Mogg: France is not a dangerous country","type":"L","timestamp":"2023-11-09 14:18:46"},{"nodeID":"1356421","text":"Jacob Rees-Mogg: they have got to France","type":"L","timestamp":"2023-11-09 14:18:47"},{"nodeID":"1356422","text":"Anon: Jacob Rees-Mogg: they have got to France","type":"L","timestamp":"2023-11-09 14:18:47"},{"nodeID":"1356423","text":"Jacob Rees-Mogg: they are safe","type":"L","timestamp":"2023-11-09 14:18:48"},{"nodeID":"1356424","text":"Anon: Jacob Rees-Mogg: they are safe","type":"L","timestamp":"2023-11-09 14:18:48"},{"nodeID":"1356425","text":"people have come from Albania","type":"I","timestamp":"2023-11-09 14:18:49"},{"nodeID":"1356426","text":"Jacob Rees-Mogg: they\u2019ve come from Albania","type":"L","timestamp":"2023-11-09 14:18:49"},{"nodeID":"1356427","text":"Anon: Jacob Rees-Mogg: they\u2019ve come from Albania","type":"L","timestamp":"2023-11-09 14:18:49"},{"nodeID":"1356428","text":"people who have come from Albania were safe to start with","type":"I","timestamp":"2023-11-09 14:18:49"},{"nodeID":"1356429","text":"Jacob Rees-Mogg: they were safe to start with","type":"L","timestamp":"2023-11-09 14:18:49"},{"nodeID":"1356430","text":"Anon: Jacob Rees-Mogg: they were safe to start with","type":"L","timestamp":"2023-11-09 14:18:49"},{"nodeID":"1356431","text":"Analysing","type":"YA","timestamp":"2023-11-09 14:18:49"},{"nodeID":"1356432","text":"Pure Questioning","type":"YA","timestamp":"2023-11-09 14:18:49"},{"nodeID":"1356433","text":"Analysing","type":"YA","timestamp":"2023-11-09 14:18:49"},{"nodeID":"1356434","text":"Asserting","type":"YA","timestamp":"2023-11-09 14:18:49"},{"nodeID":"1356435","text":"Default Transition","type":"TA","timestamp":"2023-11-09 14:18:49"},{"nodeID":"1356436","text":"Analysing","type":"YA","timestamp":"2023-11-09 14:18:49"},{"nodeID":"1356437","text":"Asserting","type":"YA","timestamp":"2023-11-09 14:18:49"},{"nodeID":"1356438","text":"Default Transition","type":"TA","timestamp":"2023-11-09 14:18:49"},{"nodeID":"1356439","text":"Default Inference","type":"RA","timestamp":"2023-11-09 14:18:49"},{"nodeID":"1356440","text":"Arguing","type":"YA","timestamp":"2023-11-09 14:18:49"},{"nodeID":"1356441","text":"Analysing","type":"YA","timestamp":"2023-11-09 14:18:49"},{"nodeID":"1356442","text":"Asserting","type":"YA","timestamp":"2023-11-09 14:18:49"},{"nodeID":"1356443","text":"Default Transition","type":"TA","timestamp":"2023-11-09 14:18:49"},{"nodeID":"1356444","text":"Default Inference","type":"RA","timestamp":"2023-11-09 14:18:49"},{"nodeID":"1356445","text":"Arguing","type":"YA","timestamp":"2023-11-09 14:18:49"},{"nodeID":"1356446","text":"Analysing","type":"YA","timestamp":"2023-11-09 14:18:49"},{"nodeID":"1356447","text":"Pure Questioning","type":"YA","timestamp":"2023-11-09 14:18:49"},{"nodeID":"1356448","text":"Default Rephrase","type":"MA","timestamp":"2023-11-09 14:18:49"},{"nodeID":"1356449","text":"Default Transition","type":"TA","timestamp":"2023-11-09 14:18:49"},{"nodeID":"1356450","text":"Restating","type":"YA","timestamp":"2023-11-09 14:18:49"},{"nodeID":"1356451","text":"Analysing","type":"YA","timestamp":"2023-11-09 14:18:49"},{"nodeID":"1356452","text":"Asserting","type":"YA","timestamp":"2023-11-09 14:18:49"},{"nodeID":"1356453","text":"Default Transition","type":"TA","timestamp":"2023-11-09 14:18:49"},{"nodeID":"1356454","text":"Default Rephrase","type":"MA","timestamp":"2023-11-09 14:18:49"},{"nodeID":"1356455","text":"Restating","type":"YA","timestamp":"2023-11-09 14:18:49"},{"nodeID":"1356456","text":"Analysing","type":"YA","timestamp":"2023-11-09 14:18:49"},{"nodeID":"1356457","text":"Asserting","type":"YA","timestamp":"2023-11-09 14:18:49"},{"nodeID":"1356458","text":"Default Transition","type":"TA","timestamp":"2023-11-09 14:18:49"},{"nodeID":"1356459","text":"Default Inference","type":"RA","timestamp":"2023-11-09 14:18:49"},{"nodeID":"1356460","text":"Arguing","type":"YA","timestamp":"2023-11-09 14:18:49"},{"nodeID":"1356461","text":"Analysing","type":"YA","timestamp":"2023-11-09 14:18:49"},{"nodeID":"1356462","text":"Pure Questioning","type":"YA","timestamp":"2023-11-09 14:18:49"},{"nodeID":"1356463","text":"Analysing","type":"YA","timestamp":"2023-11-09 14:18:49"},{"nodeID":"1356464","text":"Asserting","type":"YA","timestamp":"2023-11-09 14:18:49"},{"nodeID":"1356465","text":"Default Transition","type":"TA","timestamp":"2023-11-09 14:18:49"},{"nodeID":"1356466","text":"Default Rephrase","type":"MA","timestamp":"2023-11-09 14:18:49"},{"nodeID":"1356467","text":"Default Illocuting","type":"YA","timestamp":"2023-11-09 14:18:49"},{"nodeID":"1356468","text":"Analysing","type":"YA","timestamp":"2023-11-09 14:18:49"},{"nodeID":"1356469","text":"Asserting","type":"YA","timestamp":"2023-11-09 14:18:49"},{"nodeID":"1356470","text":"Default Transition","type":"TA","timestamp":"2023-11-09 14:18:49"},{"nodeID":"1356471","text":"Default Conflict","type":"CA","timestamp":"2023-11-09 14:18:49"},{"nodeID":"1356472","text":"Disagreeing","type":"YA","timestamp":"2023-11-09 14:18:49"},{"nodeID":"1356473","text":"Analysing","type":"YA","timestamp":"2023-11-09 14:18:49"},{"nodeID":"1356474","text":"Asserting","type":"YA","timestamp":"2023-11-09 14:18:49"},{"nodeID":"1356475","text":"Default Transition","type":"TA","timestamp":"2023-11-09 14:18:49"},{"nodeID":"1356476","text":"Analysing","type":"YA","timestamp":"2023-11-09 14:18:49"},{"nodeID":"1356477","text":"Asserting","type":"YA","timestamp":"2023-11-09 14:18:49"},{"nodeID":"1356478","text":"Default Inference","type":"RA","timestamp":"2023-11-09 14:18:49"},{"nodeID":"1356479","text":"Default Transition","type":"TA","timestamp":"2023-11-09 14:18:49"},{"nodeID":"1356480","text":"Arguing","type":"YA","timestamp":"2023-11-09 14:18:49"},{"nodeID":"1356481","text":"Analysing","type":"YA","timestamp":"2023-11-09 14:18:49"},{"nodeID":"1356482","text":"Asserting","type":"YA","timestamp":"2023-11-09 14:18:49"},{"nodeID":"1356483","text":"Default Transition","type":"TA","timestamp":"2023-11-09 14:18:49"},{"nodeID":"1356484","text":"Analysing","type":"YA","timestamp":"2023-11-09 14:18:49"},{"nodeID":"1356485","text":"Asserting","type":"YA","timestamp":"2023-11-09 14:18:49"},{"nodeID":"1356486","text":"Default Inference","type":"RA","timestamp":"2023-11-09 14:18:49"},{"nodeID":"1356487","text":"Default Transition","type":"TA","timestamp":"2023-11-09 14:18:49"},{"nodeID":"1356488","text":"Arguing","type":"YA","timestamp":"2023-11-09 14:18:49"},{"nodeID":"1356489","text":"Analysing","type":"YA","timestamp":"2023-11-09 14:18:49"},{"nodeID":"1356490","text":"Asserting","type":"YA","timestamp":"2023-11-09 14:18:49"},{"nodeID":"1356491","text":"Default Transition","type":"TA","timestamp":"2023-11-09 14:18:49"},{"nodeID":"1356492","text":"Analysing","type":"YA","timestamp":"2023-11-09 14:18:49"},{"nodeID":"1356493","text":"Asserting","type":"YA","timestamp":"2023-11-09 14:18:49"},{"nodeID":"1356494","text":"Default Transition","type":"TA","timestamp":"2023-11-09 14:18:49"},{"nodeID":"1356495","text":"Default Inference","type":"RA","timestamp":"2023-11-09 14:18:49"},{"nodeID":"1356496","text":"Arguing","type":"YA","timestamp":"2023-11-09 14:18:49"},{"nodeID":"1356497","text":"Default Rephrase","type":"MA","timestamp":"2023-11-09 14:18:49"},{"nodeID":"1356498","text":"Default Transition","type":"TA","timestamp":"2023-11-09 14:18:49"},{"nodeID":"1356499","text":"Restating","type":"YA","timestamp":"2023-11-09 14:18:49"}],"edges":[{"edgeID":"1775902","fromID":"1356431","toID":"1356393","formEdgeID":null},{"edgeID":"1775903","fromID":"1356394","toID":"1356431","formEdgeID":null},{"edgeID":"1775904","fromID":"1356393","toID":"1356432","formEdgeID":null},{"edgeID":"1775905","fromID":"1356432","toID":"1356392","formEdgeID":null},{"edgeID":"1775906","fromID":"1356433","toID":"1356395","formEdgeID":null},{"edgeID":"1775907","fromID":"1356396","toID":"1356433","formEdgeID":null},{"edgeID":"1775908","fromID":"1356395","toID":"1356434","formEdgeID":null},{"edgeID":"1775909","fromID":"1356434","toID":"1199939","formEdgeID":null},{"edgeID":"1775910","fromID":"1356393","toID":"1356435","formEdgeID":null},{"edgeID":"1775911","fromID":"1356435","toID":"1356395","formEdgeID":null},{"edgeID":"1775912","fromID":"1356436","toID":"1356398","formEdgeID":null},{"edgeID":"1775913","fromID":"1356399","toID":"1356436","formEdgeID":null},{"edgeID":"1775914","fromID":"1356398","toID":"1356437","formEdgeID":null},{"edgeID":"1775915","fromID":"1356437","toID":"1356397","formEdgeID":null},{"edgeID":"1775916","fromID":"1356395","toID":"1356438","formEdgeID":null},{"edgeID":"1775917","fromID":"1356438","toID":"1356398","formEdgeID":null},{"edgeID":"1775918","fromID":"1199939","toID":"1356439","formEdgeID":null},{"edgeID":"1775919","fromID":"1356439","toID":"1356397","formEdgeID":null},{"edgeID":"1775920","fromID":"1356438","toID":"1356440","formEdgeID":null},{"edgeID":"1775921","fromID":"1356440","toID":"1356439","formEdgeID":null},{"edgeID":"1775922","fromID":"1356441","toID":"1356400","formEdgeID":null},{"edgeID":"1775923","fromID":"1356401","toID":"1356441","formEdgeID":null},{"edgeID":"1775924","fromID":"1356400","toID":"1356442","formEdgeID":null},{"edgeID":"1775925","fromID":"1356442","toID":"1158420","formEdgeID":null},{"edgeID":"1775926","fromID":"1356398","toID":"1356443","formEdgeID":null},{"edgeID":"1775927","fromID":"1356443","toID":"1356400","formEdgeID":null},{"edgeID":"1775928","fromID":"1356397","toID":"1356444","formEdgeID":null},{"edgeID":"1775929","fromID":"1356444","toID":"1158420","formEdgeID":null},{"edgeID":"1775930","fromID":"1356443","toID":"1356445","formEdgeID":null},{"edgeID":"1775931","fromID":"1356445","toID":"1356444","formEdgeID":null},{"edgeID":"1775932","fromID":"1356446","toID":"1356403","formEdgeID":null},{"edgeID":"1775933","fromID":"1356404","toID":"1356446","formEdgeID":null},{"edgeID":"1775934","fromID":"1356403","toID":"1356447","formEdgeID":null},{"edgeID":"1775935","fromID":"1356447","toID":"1356402","formEdgeID":null},{"edgeID":"1775936","fromID":"1356402","toID":"1356448","formEdgeID":null},{"edgeID":"1775937","fromID":"1356448","toID":"1356392","formEdgeID":null},{"edgeID":"1775938","fromID":"1356393","toID":"1356449","formEdgeID":null},{"edgeID":"1775939","fromID":"1356449","toID":"1356403","formEdgeID":null},{"edgeID":"1775940","fromID":"1356449","toID":"1356450","formEdgeID":null},{"edgeID":"1775941","fromID":"1356450","toID":"1356448","formEdgeID":null},{"edgeID":"1775942","fromID":"1356451","toID":"1356405","formEdgeID":null},{"edgeID":"1775943","fromID":"1356406","toID":"1356451","formEdgeID":null},{"edgeID":"1775944","fromID":"1356405","toID":"1356452","formEdgeID":null},{"edgeID":"1775945","fromID":"1356452","toID":"1199966","formEdgeID":null},{"edgeID":"1775946","fromID":"1356403","toID":"1356453","formEdgeID":null},{"edgeID":"1775947","fromID":"1356453","toID":"1356405","formEdgeID":null},{"edgeID":"1775948","fromID":"1199966","toID":"1356454","formEdgeID":null},{"edgeID":"1775949","fromID":"1356454","toID":"1356402","formEdgeID":null},{"edgeID":"1775950","fromID":"1356453","toID":"1356455","formEdgeID":null},{"edgeID":"1775951","fromID":"1356455","toID":"1356454","formEdgeID":null},{"edgeID":"1775952","fromID":"1356456","toID":"1356407","formEdgeID":null},{"edgeID":"1775953","fromID":"1356408","toID":"1356456","formEdgeID":null},{"edgeID":"1775954","fromID":"1356407","toID":"1356457","formEdgeID":null},{"edgeID":"1775955","fromID":"1356457","toID":"1158473","formEdgeID":null},{"edgeID":"1775956","fromID":"1356405","toID":"1356458","formEdgeID":null},{"edgeID":"1775957","fromID":"1356458","toID":"1356407","formEdgeID":null},{"edgeID":"1775958","fromID":"1158473","toID":"1356459","formEdgeID":null},{"edgeID":"1775959","fromID":"1356459","toID":"1199966","formEdgeID":null},{"edgeID":"1775960","fromID":"1356458","toID":"1356460","formEdgeID":null},{"edgeID":"1775961","fromID":"1356460","toID":"1356459","formEdgeID":null},{"edgeID":"1775962","fromID":"1356461","toID":"1356409","formEdgeID":null},{"edgeID":"1775963","fromID":"1356410","toID":"1356461","formEdgeID":null},{"edgeID":"1775964","fromID":"1356409","toID":"1356462","formEdgeID":null},{"edgeID":"1775965","fromID":"1356462","toID":"1158492","formEdgeID":null},{"edgeID":"1775966","fromID":"1356463","toID":"1356412","formEdgeID":null},{"edgeID":"1775967","fromID":"1356413","toID":"1356463","formEdgeID":null},{"edgeID":"1775968","fromID":"1356412","toID":"1356464","formEdgeID":null},{"edgeID":"1775969","fromID":"1356464","toID":"1356411","formEdgeID":null},{"edgeID":"1775970","fromID":"1356409","toID":"1356465","formEdgeID":null},{"edgeID":"1775971","fromID":"1356465","toID":"1356412","formEdgeID":null},{"edgeID":"1775972","fromID":"1356411","toID":"1356466","formEdgeID":null},{"edgeID":"1775973","fromID":"1356466","toID":"1158492","formEdgeID":null},{"edgeID":"1775974","fromID":"1356465","toID":"1356467","formEdgeID":null},{"edgeID":"1775975","fromID":"1356467","toID":"1356466","formEdgeID":null},{"edgeID":"1775976","fromID":"1356468","toID":"1356415","formEdgeID":null},{"edgeID":"1775977","fromID":"1356416","toID":"1356468","formEdgeID":null},{"edgeID":"1775978","fromID":"1356415","toID":"1356469","formEdgeID":null},{"edgeID":"1775979","fromID":"1356469","toID":"1356414","formEdgeID":null},{"edgeID":"1775980","fromID":"1356412","toID":"1356470","formEdgeID":null},{"edgeID":"1775981","fromID":"1356470","toID":"1356415","formEdgeID":null},{"edgeID":"1775982","fromID":"1356414","toID":"1356471","formEdgeID":null},{"edgeID":"1775983","fromID":"1356471","toID":"1356411","formEdgeID":null},{"edgeID":"1775984","fromID":"1356470","toID":"1356472","formEdgeID":null},{"edgeID":"1775985","fromID":"1356472","toID":"1356471","formEdgeID":null},{"edgeID":"1775986","fromID":"1356473","toID":"1356417","formEdgeID":null},{"edgeID":"1775987","fromID":"1356418","toID":"1356473","formEdgeID":null},{"edgeID":"1775988","fromID":"1356417","toID":"1356474","formEdgeID":null},{"edgeID":"1775989","fromID":"1356474","toID":"1158588","formEdgeID":null},{"edgeID":"1775990","fromID":"1356415","toID":"1356475","formEdgeID":null},{"edgeID":"1775991","fromID":"1356475","toID":"1356417","formEdgeID":null},{"edgeID":"1775992","fromID":"1356476","toID":"1356419","formEdgeID":null},{"edgeID":"1775993","fromID":"1356420","toID":"1356476","formEdgeID":null},{"edgeID":"1775994","fromID":"1356419","toID":"1356477","formEdgeID":null},{"edgeID":"1775995","fromID":"1356477","toID":"1158601","formEdgeID":null},{"edgeID":"1775996","fromID":"1158601","toID":"1356478","formEdgeID":null},{"edgeID":"1775997","fromID":"1356478","toID":"1356414","formEdgeID":null},{"edgeID":"1775998","fromID":"1356415","toID":"1356479","formEdgeID":null},{"edgeID":"1775999","fromID":"1356479","toID":"1356419","formEdgeID":null},{"edgeID":"1776000","fromID":"1356479","toID":"1356480","formEdgeID":null},{"edgeID":"1776001","fromID":"1356480","toID":"1356478","formEdgeID":null},{"edgeID":"1776002","fromID":"1356481","toID":"1356421","formEdgeID":null},{"edgeID":"1776003","fromID":"1356422","toID":"1356481","formEdgeID":null},{"edgeID":"1776004","fromID":"1356421","toID":"1356482","formEdgeID":null},{"edgeID":"1776005","fromID":"1356482","toID":"1158631","formEdgeID":null},{"edgeID":"1776006","fromID":"1356419","toID":"1356483","formEdgeID":null},{"edgeID":"1776007","fromID":"1356483","toID":"1356421","formEdgeID":null},{"edgeID":"1776008","fromID":"1356484","toID":"1356423","formEdgeID":null},{"edgeID":"1776009","fromID":"1356424","toID":"1356484","formEdgeID":null},{"edgeID":"1776010","fromID":"1356423","toID":"1356485","formEdgeID":null},{"edgeID":"1776011","fromID":"1356485","toID":"1158644","formEdgeID":null},{"edgeID":"1776012","fromID":"1158631","toID":"1356486","formEdgeID":null},{"edgeID":"1776013","fromID":"1356486","toID":"1158644","formEdgeID":null},{"edgeID":"1776014","fromID":"1158601","toID":"1356486","formEdgeID":null},{"edgeID":"1776015","fromID":"1356419","toID":"1356487","formEdgeID":null},{"edgeID":"1776016","fromID":"1356487","toID":"1356423","formEdgeID":null},{"edgeID":"1776017","fromID":"1356487","toID":"1356488","formEdgeID":null},{"edgeID":"1776018","fromID":"1356488","toID":"1356486","formEdgeID":null},{"edgeID":"1776019","fromID":"1356489","toID":"1356426","formEdgeID":null},{"edgeID":"1776020","fromID":"1356427","toID":"1356489","formEdgeID":null},{"edgeID":"1776021","fromID":"1356426","toID":"1356490","formEdgeID":null},{"edgeID":"1776022","fromID":"1356490","toID":"1356425","formEdgeID":null},{"edgeID":"1776023","fromID":"1356423","toID":"1356491","formEdgeID":null},{"edgeID":"1776024","fromID":"1356491","toID":"1356426","formEdgeID":null},{"edgeID":"1776025","fromID":"1356492","toID":"1356429","formEdgeID":null},{"edgeID":"1776026","fromID":"1356430","toID":"1356492","formEdgeID":null},{"edgeID":"1776027","fromID":"1356429","toID":"1356493","formEdgeID":null},{"edgeID":"1776028","fromID":"1356493","toID":"1356428","formEdgeID":null},{"edgeID":"1776029","fromID":"1356426","toID":"1356494","formEdgeID":null},{"edgeID":"1776030","fromID":"1356494","toID":"1356429","formEdgeID":null},{"edgeID":"1776031","fromID":"1356425","toID":"1356495","formEdgeID":null},{"edgeID":"1776032","fromID":"1356495","toID":"1356428","formEdgeID":null},{"edgeID":"1776033","fromID":"1356494","toID":"1356496","formEdgeID":null},{"edgeID":"1776034","fromID":"1356496","toID":"1356495","formEdgeID":null},{"edgeID":"1776035","fromID":"1158492","toID":"1356497","formEdgeID":null},{"edgeID":"1776036","fromID":"1356497","toID":"1356402","formEdgeID":null},{"edgeID":"1776037","fromID":"1356403","toID":"1356498","formEdgeID":null},{"edgeID":"1776038","fromID":"1356498","toID":"1356409","formEdgeID":null},{"edgeID":"1776039","fromID":"1356498","toID":"1356499","formEdgeID":null},{"edgeID":"1776040","fromID":"1356499","toID":"1356497","formEdgeID":null}],"locutions":[]}