{"nodes":[{"nodeID":"1376166","text":"Analysing","type":"YA","timestamp":"2023-11-09 14:48:05"},{"nodeID":"1376167","text":"Amelie: Fiona Bruce: How do you persuade your fellow Conservative there, that Brexit is a good thing, when he's saying, it's just hindering his business","type":"L","timestamp":"2023-11-09 14:48:05"},{"nodeID":"1376168","text":"on wine, Jacob Rees-Mogg and others have deregulated the import of wine from Australia and New Zealand","type":"I","timestamp":"2023-11-09 14:48:06"},{"nodeID":"1376169","text":"Jacob Rees-Mogg: on wine, we have deregulated the import of wine from Australia and New Zealand","type":"L","timestamp":"2023-11-09 14:48:06"},{"nodeID":"1376170","text":"Analysing","type":"YA","timestamp":"2023-11-09 14:48:06"},{"nodeID":"1376171","text":"Amelie: Jacob Rees-Mogg: on wine, we have deregulated the import of wine from Australia and New Zealand","type":"L","timestamp":"2023-11-09 14:48:06"},{"nodeID":"1376172","text":"Asserting","type":"YA","timestamp":"2023-11-09 14:48:06"},{"nodeID":"1376173","text":"the Conservative government is it easier for other countries to export to the UK","type":"I","timestamp":"2023-11-09 14:48:06"},{"nodeID":"1376174","text":"Jacob Rees-Mogg: we're making it easier for other countries to export to the UK","type":"L","timestamp":"2023-11-09 14:48:06"},{"nodeID":"1376175","text":"Analysing","type":"YA","timestamp":"2023-11-09 14:48:06"},{"nodeID":"1376176","text":"Amelie: Jacob Rees-Mogg: we're making it easier for other countries to export to the UK","type":"L","timestamp":"2023-11-09 14:48:06"},{"nodeID":"1376177","text":"Asserting","type":"YA","timestamp":"2023-11-09 14:48:06"},{"nodeID":"1376178","text":"Default Transition","type":"TA","timestamp":"2023-11-09 14:48:06"},{"nodeID":"1376179","text":"Default Inference","type":"RA","timestamp":"2023-11-09 14:48:06"},{"nodeID":"1376180","text":"Arguing","type":"YA","timestamp":"2023-11-09 14:48:06"},{"nodeID":"1376181","text":"it's completely not true that the Conservatives are making it easier for other countries to export to the UK","type":"I","timestamp":"2023-11-09 14:48:07"},{"nodeID":"1376182","text":"AudienceMember 20230112QT27: That\u2019s completely not true","type":"L","timestamp":"2023-11-09 14:48:07"},{"nodeID":"1376183","text":"Analysing","type":"YA","timestamp":"2023-11-09 14:48:07"},{"nodeID":"1376184","text":"Amelie: AudienceMember 20230112QT27: That\u2019s completely not true","type":"L","timestamp":"2023-11-09 14:48:07"},{"nodeID":"1376185","text":"Asserting","type":"YA","timestamp":"2023-11-09 14:48:07"},{"nodeID":"1376186","text":"Default Transition","type":"TA","timestamp":"2023-11-09 14:48:07"},{"nodeID":"1376187","text":"Default Conflict","type":"CA","timestamp":"2023-11-09 14:48:07"},{"nodeID":"1376188","text":"making it easier for other countries to export to the UK is exactly what the Conservatives have done","type":"I","timestamp":"2023-11-09 14:48:07"},{"nodeID":"1376189","text":"Jacob Rees-Mogg: this is exactly what we've done","type":"L","timestamp":"2023-11-09 14:48:07"},{"nodeID":"1376190","text":"Analysing","type":"YA","timestamp":"2023-11-09 14:48:07"},{"nodeID":"1376191","text":"Amelie: Jacob Rees-Mogg: this is exactly what we've done","type":"L","timestamp":"2023-11-09 14:48:07"},{"nodeID":"1376192","text":"Asserting","type":"YA","timestamp":"2023-11-09 14:48:07"},{"nodeID":"1376193","text":"Default Conflict","type":"CA","timestamp":"2023-11-09 14:48:07"},{"nodeID":"1376194","text":"Default Transition","type":"TA","timestamp":"2023-11-09 14:48:07"},{"nodeID":"1376195","text":"Disagreeing","type":"YA","timestamp":"2023-11-09 14:48:07"},{"nodeID":"1376196","text":"making it easier for it easier for other countries to export to the UK is part of the free trade agreement","type":"I","timestamp":"2023-11-09 14:48:08"},{"nodeID":"1376197","text":"Jacob Rees-Mogg: that\u2019s part of the free trade agreement","type":"L","timestamp":"2023-11-09 14:48:08"},{"nodeID":"1376198","text":"Amelie: Jacob Rees-Mogg: that\u2019s part of the free trade agreement","type":"L","timestamp":"2023-11-09 14:48:08"},{"nodeID":"1376199","text":"Analysing","type":"YA","timestamp":"2023-11-09 14:48:08"},{"nodeID":"1376200","text":"Asserting","type":"YA","timestamp":"2023-11-09 14:48:08"},{"nodeID":"1376201","text":"AudienceMember20230112QT28 is a member of the Wine and Spirit Trade Association, who lobby constantly with the Government","type":"I","timestamp":"2023-11-09 14:48:09"},{"nodeID":"1376202","text":"AudienceMember 20230112QT28: I'm a member of the Wine and Spirit Trade Association, who lobby constantly with the Government","type":"L","timestamp":"2023-11-09 14:48:09"},{"nodeID":"1376203","text":"Analysing","type":"YA","timestamp":"2023-11-09 14:48:09"},{"nodeID":"1376204","text":"Amelie: AudienceMember 20230112QT28: I'm a member of the Wine and Spirit Trade Association, who lobby constantly with the Government","type":"L","timestamp":"2023-11-09 14:48:09"},{"nodeID":"1376205","text":"Asserting","type":"YA","timestamp":"2023-11-09 14:48:09"},{"nodeID":"1376206","text":"at the moment, the alcohol duty situation is terrible","type":"I","timestamp":"2023-11-09 14:48:09"},{"nodeID":"1376207","text":"AudienceMember 20230112QT28: at the moment, the alcohol duty situation is terrible","type":"L","timestamp":"2023-11-09 14:48:09"},{"nodeID":"1376208","text":"Analysing","type":"YA","timestamp":"2023-11-09 14:48:09"},{"nodeID":"1376209","text":"Amelie: AudienceMember 20230112QT28: at the moment, the alcohol duty situation is terrible","type":"L","timestamp":"2023-11-09 14:48:09"},{"nodeID":"1376210","text":"Asserting","type":"YA","timestamp":"2023-11-09 14:48:09"},{"nodeID":"1376211","text":"what the Government are proposing is to have basically 15 bands within that, at every half percentage point, you'll pay duty on","type":"I","timestamp":"2023-11-09 14:48:10"},{"nodeID":"1376212","text":"AudienceMember 20230112QT28: What the Government are proposing is to have basically 15 bands within that, at every half percentage point, you'll pay duty on","type":"L","timestamp":"2023-11-09 14:48:10"},{"nodeID":"1376213","text":"Analysing","type":"YA","timestamp":"2023-11-09 14:48:10"},{"nodeID":"1376214","text":"Amelie: AudienceMember 20230112QT28: What the Government are proposing is to have basically 15 bands within that, at every half percentage point, you'll pay duty on","type":"L","timestamp":"2023-11-09 14:48:10"},{"nodeID":"1376215","text":"Asserting","type":"YA","timestamp":"2023-11-09 14:48:10"},{"nodeID":"1376216","text":"Default Inference","type":"RA","timestamp":"2023-11-09 14:48:10"},{"nodeID":"1376217","text":"Default Transition","type":"TA","timestamp":"2023-11-09 14:48:10"},{"nodeID":"1376218","text":"Arguing","type":"YA","timestamp":"2023-11-09 14:48:10"},{"nodeID":"1376219","text":"Disagreeing","type":"YA","timestamp":"2023-11-09 14:48:10"},{"nodeID":"1376220","text":"Default Transition","type":"TA","timestamp":"2023-11-09 14:48:10"},{"nodeID":"1376221","text":"at the moment we've got two bands for wine which is over five and a half per cent or under 15 and a half per cent, which is very simple","type":"I","timestamp":"2023-11-09 14:48:11"},{"nodeID":"1376222","text":"AudienceMember 20230112QT28: at the moment, without going into too much detail, we've got, like, two bands for wine. So, basically, over five and a half per cent, under 15 and a half per cent, very simple","type":"L","timestamp":"2023-11-09 14:48:11"},{"nodeID":"1376223","text":"Analysing","type":"YA","timestamp":"2023-11-09 14:48:11"},{"nodeID":"1376224","text":"Amelie: AudienceMember 20230112QT28: at the moment, without going into too much detail, we've got, like, two bands for wine. So, basically, over five and a half per cent, under 15 and a half per cent, very simple","type":"L","timestamp":"2023-11-09 14:48:11"},{"nodeID":"1376225","text":"Asserting","type":"YA","timestamp":"2023-11-09 14:48:11"},{"nodeID":"1376226","text":"the alcohol duty situation is a great example of not making things simple","type":"I","timestamp":"2023-11-09 14:48:11"},{"nodeID":"1376227","text":"AudienceMember 20230112QT28: That\u2019s a great example of not making things simple","type":"L","timestamp":"2023-11-09 14:48:11"},{"nodeID":"1376228","text":"Analysing","type":"YA","timestamp":"2023-11-09 14:48:11"},{"nodeID":"1376229","text":"Amelie: AudienceMember 20230112QT28: That\u2019s a great example of not making things simple","type":"L","timestamp":"2023-11-09 14:48:11"},{"nodeID":"1376230","text":"Asserting","type":"YA","timestamp":"2023-11-09 14:48:11"},{"nodeID":"1376231","text":"the Government's proposal of more bands at half percentages is going to make it 15 times more complicated","type":"I","timestamp":"2023-11-09 14:48:12"},{"nodeID":"1376232","text":"AudienceMember 20230112QT28: it's going to make it 15 times more complicated","type":"L","timestamp":"2023-11-09 14:48:12"},{"nodeID":"1376233","text":"Analysing","type":"YA","timestamp":"2023-11-09 14:48:12"},{"nodeID":"1376234","text":"Amelie: AudienceMember 20230112QT28: it's going to make it 15 times more complicated","type":"L","timestamp":"2023-11-09 14:48:12"},{"nodeID":"1376235","text":"Asserting","type":"YA","timestamp":"2023-11-09 14:48:12"},{"nodeID":"1376236","text":"Default Transition","type":"TA","timestamp":"2023-11-09 14:48:12"},{"nodeID":"1376237","text":"Default Transition","type":"TA","timestamp":"2023-11-09 14:48:12"},{"nodeID":"1376238","text":"Default Rephrase","type":"MA","timestamp":"2023-11-09 14:48:12"},{"nodeID":"1376239","text":"Default Transition","type":"TA","timestamp":"2023-11-09 14:48:12"},{"nodeID":"1376240","text":"Restating","type":"YA","timestamp":"2023-11-09 14:48:12"},{"nodeID":"1376241","text":"Default Transition","type":"TA","timestamp":"2023-11-09 14:48:12"},{"nodeID":"1376242","text":"Default Inference","type":"RA","timestamp":"2023-11-09 14:48:12"},{"nodeID":"1376243","text":"Default Inference","type":"RA","timestamp":"2023-11-09 14:48:12"},{"nodeID":"1376244","text":"Default Rephrase","type":"MA","timestamp":"2023-11-09 14:48:12"},{"nodeID":"1376245","text":"Restating","type":"YA","timestamp":"2023-11-09 14:48:12"},{"nodeID":"1376246","text":"Default Conflict","type":"CA","timestamp":"2023-11-09 14:48:12"},{"nodeID":"1376247","text":"Default Transition","type":"TA","timestamp":"2023-11-09 14:48:12"},{"nodeID":"1376248","text":"Disagreeing","type":"YA","timestamp":"2023-11-09 14:48:12"},{"nodeID":"1376249","text":"xxx is how Jacob Rees-Mogg persuadse his fellow Conservative AudienceMember20230112QT26, that Brexit is a good thing","type":"I","timestamp":"2023-11-09 14:48:13"},{"nodeID":"1376250","text":"Fiona Bruce: How do you persuade your fellow Conservative there, that Brexit is a good thing","type":"L","timestamp":"2023-11-09 14:48:13"},{"nodeID":"1376251","text":"Analysing","type":"YA","timestamp":"2023-11-09 14:48:13"},{"nodeID":"1376252","text":"Amelie: Fiona Bruce: How do you persuade your fellow Conservative there, that Brexit is a good thing","type":"L","timestamp":"2023-11-09 14:48:13"},{"nodeID":"1376253","text":"Pure Questioning","type":"YA","timestamp":"2023-11-09 14:48:13"},{"nodeID":"1376254","text":"Brexit is just hindering AudienceMember20230112QT26's business","type":"I","timestamp":"2023-11-09 14:48:13"},{"nodeID":"1376255","text":"Fiona Bruce: he's saying, it's just hindering his business","type":"L","timestamp":"2023-11-09 14:48:13"},{"nodeID":"1376256","text":"Analysing","type":"YA","timestamp":"2023-11-09 14:48:13"},{"nodeID":"1376257","text":"Amelie: Fiona Bruce: he's saying, it's just hindering his business","type":"L","timestamp":"2023-11-09 14:48:13"},{"nodeID":"1376258","text":"AudienceMember 20230112QT26: Brexit just hindering my business","type":"L","timestamp":"2023-11-09 14:48:13"},{"nodeID":"1376259","text":"Analysing","type":"YA","timestamp":"2023-11-09 14:48:13"},{"nodeID":"1376260","text":"Amelie: AudienceMember 20230112QT26: he's saying, it's just hindering his business","type":"L","timestamp":"2023-11-09 14:48:13"},{"nodeID":"1376261","text":"Asserting","type":"YA","timestamp":"2023-11-09 14:48:13"},{"nodeID":"1376262","text":"Default Transition","type":"TA","timestamp":"2023-11-09 14:48:13"},{"nodeID":"1376263","text":"Default Transition","type":"TA","timestamp":"2023-11-09 14:48:13"},{"nodeID":"1376264","text":"Default Transition","type":"TA","timestamp":"2023-11-09 14:48:13"},{"nodeID":"1376265","text":"Default Rephrase","type":"MA","timestamp":"2023-11-09 14:48:13"},{"nodeID":"1376266","text":"Restating","type":"YA","timestamp":"2023-11-09 14:48:13"}],"edges":[{"edgeID":"1799444","fromID":"1376167","toID":"1376166","formEdgeID":null},{"edgeID":"1799445","fromID":"1376170","toID":"1376169","formEdgeID":null},{"edgeID":"1799446","fromID":"1376171","toID":"1376170","formEdgeID":null},{"edgeID":"1799447","fromID":"1376169","toID":"1376172","formEdgeID":null},{"edgeID":"1799448","fromID":"1376172","toID":"1376168","formEdgeID":null},{"edgeID":"1799449","fromID":"1376175","toID":"1376174","formEdgeID":null},{"edgeID":"1799450","fromID":"1376176","toID":"1376175","formEdgeID":null},{"edgeID":"1799451","fromID":"1376174","toID":"1376177","formEdgeID":null},{"edgeID":"1799452","fromID":"1376177","toID":"1376173","formEdgeID":null},{"edgeID":"1799453","fromID":"1376169","toID":"1376178","formEdgeID":null},{"edgeID":"1799454","fromID":"1376178","toID":"1376174","formEdgeID":null},{"edgeID":"1799455","fromID":"1376168","toID":"1376179","formEdgeID":null},{"edgeID":"1799456","fromID":"1376179","toID":"1376173","formEdgeID":null},{"edgeID":"1799457","fromID":"1376178","toID":"1376180","formEdgeID":null},{"edgeID":"1799458","fromID":"1376180","toID":"1376179","formEdgeID":null},{"edgeID":"1799459","fromID":"1376183","toID":"1376182","formEdgeID":null},{"edgeID":"1799460","fromID":"1376184","toID":"1376183","formEdgeID":null},{"edgeID":"1799461","fromID":"1376182","toID":"1376185","formEdgeID":null},{"edgeID":"1799462","fromID":"1376185","toID":"1376181","formEdgeID":null},{"edgeID":"1799463","fromID":"1376174","toID":"1376186","formEdgeID":null},{"edgeID":"1799464","fromID":"1376186","toID":"1376182","formEdgeID":null},{"edgeID":"1799465","fromID":"1376181","toID":"1376187","formEdgeID":null},{"edgeID":"1799466","fromID":"1376187","toID":"1376173","formEdgeID":null},{"edgeID":"1799467","fromID":"1376190","toID":"1376189","formEdgeID":null},{"edgeID":"1799468","fromID":"1376191","toID":"1376190","formEdgeID":null},{"edgeID":"1799469","fromID":"1376189","toID":"1376192","formEdgeID":null},{"edgeID":"1799470","fromID":"1376192","toID":"1376188","formEdgeID":null},{"edgeID":"1799471","fromID":"1376188","toID":"1376193","formEdgeID":null},{"edgeID":"1799472","fromID":"1376193","toID":"1376181","formEdgeID":null},{"edgeID":"1799473","fromID":"1376194","toID":"1376189","formEdgeID":null},{"edgeID":"1799474","fromID":"1376182","toID":"1376194","formEdgeID":null},{"edgeID":"1799475","fromID":"1376195","toID":"1376193","formEdgeID":null},{"edgeID":"1799476","fromID":"1376194","toID":"1376195","formEdgeID":null},{"edgeID":"1799477","fromID":"1376199","toID":"1376197","formEdgeID":null},{"edgeID":"1799478","fromID":"1376198","toID":"1376199","formEdgeID":null},{"edgeID":"1799479","fromID":"1376197","toID":"1376200","formEdgeID":null},{"edgeID":"1799480","fromID":"1376200","toID":"1376196","formEdgeID":null},{"edgeID":"1799481","fromID":"1376203","toID":"1376202","formEdgeID":null},{"edgeID":"1799482","fromID":"1376204","toID":"1376203","formEdgeID":null},{"edgeID":"1799483","fromID":"1376205","toID":"1376201","formEdgeID":null},{"edgeID":"1799484","fromID":"1376202","toID":"1376205","formEdgeID":null},{"edgeID":"1799485","fromID":"1376208","toID":"1376207","formEdgeID":null},{"edgeID":"1799486","fromID":"1376209","toID":"1376208","formEdgeID":null},{"edgeID":"1799487","fromID":"1376207","toID":"1376210","formEdgeID":null},{"edgeID":"1799488","fromID":"1376210","toID":"1376206","formEdgeID":null},{"edgeID":"1799489","fromID":"1376213","toID":"1376212","formEdgeID":null},{"edgeID":"1799490","fromID":"1376214","toID":"1376213","formEdgeID":null},{"edgeID":"1799491","fromID":"1376215","toID":"1376211","formEdgeID":null},{"edgeID":"1799492","fromID":"1376212","toID":"1376215","formEdgeID":null},{"edgeID":"1799493","fromID":"1376196","toID":"1376216","formEdgeID":null},{"edgeID":"1799494","fromID":"1376216","toID":"1376188","formEdgeID":null},{"edgeID":"1799495","fromID":"1376189","toID":"1376217","formEdgeID":null},{"edgeID":"1799496","fromID":"1376217","toID":"1376197","formEdgeID":null},{"edgeID":"1799497","fromID":"1376218","toID":"1376216","formEdgeID":null},{"edgeID":"1799498","fromID":"1376217","toID":"1376218","formEdgeID":null},{"edgeID":"1799499","fromID":"1376186","toID":"1376219","formEdgeID":null},{"edgeID":"1799500","fromID":"1376219","toID":"1376187","formEdgeID":null},{"edgeID":"1799501","fromID":"1376197","toID":"1376220","formEdgeID":null},{"edgeID":"1799502","fromID":"1376220","toID":"1376202","formEdgeID":null},{"edgeID":"1799503","fromID":"1376223","toID":"1376222","formEdgeID":null},{"edgeID":"1799504","fromID":"1376224","toID":"1376223","formEdgeID":null},{"edgeID":"1799505","fromID":"1376222","toID":"1376225","formEdgeID":null},{"edgeID":"1799506","fromID":"1376225","toID":"1376221","formEdgeID":null},{"edgeID":"1799507","fromID":"1376228","toID":"1376227","formEdgeID":null},{"edgeID":"1799508","fromID":"1376229","toID":"1376228","formEdgeID":null},{"edgeID":"1799509","fromID":"1376227","toID":"1376230","formEdgeID":null},{"edgeID":"1799510","fromID":"1376230","toID":"1376226","formEdgeID":null},{"edgeID":"1799511","fromID":"1376233","toID":"1376232","formEdgeID":null},{"edgeID":"1799512","fromID":"1376234","toID":"1376233","formEdgeID":null},{"edgeID":"1799513","fromID":"1376232","toID":"1376235","formEdgeID":null},{"edgeID":"1799514","fromID":"1376235","toID":"1376231","formEdgeID":null},{"edgeID":"1799515","fromID":"1376227","toID":"1376236","formEdgeID":null},{"edgeID":"1799516","fromID":"1376236","toID":"1376232","formEdgeID":null},{"edgeID":"1799517","fromID":"1376237","toID":"1376212","formEdgeID":null},{"edgeID":"1799518","fromID":"1376222","toID":"1376237","formEdgeID":null},{"edgeID":"1799519","fromID":"1376226","toID":"1376238","formEdgeID":null},{"edgeID":"1799520","fromID":"1376238","toID":"1376206","formEdgeID":null},{"edgeID":"1799521","fromID":"1376207","toID":"1376239","formEdgeID":null},{"edgeID":"1799522","fromID":"1376239","toID":"1376227","formEdgeID":null},{"edgeID":"1799523","fromID":"1376239","toID":"1376240","formEdgeID":null},{"edgeID":"1799524","fromID":"1376240","toID":"1376238","formEdgeID":null},{"edgeID":"1799525","fromID":"1376207","toID":"1376241","formEdgeID":null},{"edgeID":"1799526","fromID":"1376241","toID":"1376222","formEdgeID":null},{"edgeID":"1799527","fromID":"1376242","toID":"1376226","formEdgeID":null},{"edgeID":"1799528","fromID":"1376221","toID":"1376242","formEdgeID":null},{"edgeID":"1799529","fromID":"1376211","toID":"1376242","formEdgeID":null},{"edgeID":"1799530","fromID":"1376212","toID":"1376243","formEdgeID":null},{"edgeID":"1799531","fromID":"1376243","toID":"1376242","formEdgeID":null},{"edgeID":"1799532","fromID":"1376231","toID":"1376244","formEdgeID":null},{"edgeID":"1799533","fromID":"1376244","toID":"1376226","formEdgeID":null},{"edgeID":"1799534","fromID":"1376236","toID":"1376245","formEdgeID":null},{"edgeID":"1799535","fromID":"1376245","toID":"1376244","formEdgeID":null},{"edgeID":"1799536","fromID":"1376206","toID":"1376246","formEdgeID":null},{"edgeID":"1799537","fromID":"1376246","toID":"1376188","formEdgeID":null},{"edgeID":"1799538","fromID":"1376247","toID":"1376207","formEdgeID":null},{"edgeID":"1799539","fromID":"1376189","toID":"1376247","formEdgeID":null},{"edgeID":"1799540","fromID":"1376247","toID":"1376248","formEdgeID":null},{"edgeID":"1799541","fromID":"1376248","toID":"1376246","formEdgeID":null},{"edgeID":"1799542","fromID":"1376251","toID":"1376250","formEdgeID":null},{"edgeID":"1799543","fromID":"1376252","toID":"1376251","formEdgeID":null},{"edgeID":"1799544","fromID":"1376250","toID":"1376253","formEdgeID":null},{"edgeID":"1799545","fromID":"1376253","toID":"1376249","formEdgeID":null},{"edgeID":"1799546","fromID":"1376256","toID":"1376255","formEdgeID":null},{"edgeID":"1799547","fromID":"1376257","toID":"1376256","formEdgeID":null},{"edgeID":"1799548","fromID":"1376259","toID":"1376258","formEdgeID":null},{"edgeID":"1799549","fromID":"1376260","toID":"1376259","formEdgeID":null},{"edgeID":"1799550","fromID":"1376258","toID":"1376261","formEdgeID":null},{"edgeID":"1799551","fromID":"1376261","toID":"1376254","formEdgeID":null},{"edgeID":"1799552","fromID":"1376255","toID":"1376262","formEdgeID":null},{"edgeID":"1799553","fromID":"1376262","toID":"1376258","formEdgeID":null},{"edgeID":"1799554","fromID":"1376250","toID":"1376263","formEdgeID":null},{"edgeID":"1799555","fromID":"1376263","toID":"1376255","formEdgeID":null},{"edgeID":"1799556","fromID":"1376255","toID":"1376264","formEdgeID":null},{"edgeID":"1799557","fromID":"1376264","toID":"1376169","formEdgeID":null},{"edgeID":"1799558","fromID":"1376254","toID":"1376265","formEdgeID":null},{"edgeID":"1799559","fromID":"1376265","toID":"1376249","formEdgeID":null},{"edgeID":"1799560","fromID":"1376263","toID":"1376266","formEdgeID":null},{"edgeID":"1799561","fromID":"1376266","toID":"1376265","formEdgeID":null}],"locutions":[]}