{"nodes":[{"nodeID":"1354236","text":"every single one of 320,000 nurses that gave Pat Cullen her mandate deserves better","type":"I","timestamp":"2023-11-09 14:14:41"},{"nodeID":"1354237","text":"Pat Cullen: every single one of those 320,000 nurses deserve better","type":"L","timestamp":"2023-11-09 14:14:41"},{"nodeID":"1354238","text":"Analysing","type":"YA","timestamp":"2023-11-09 14:14:41"},{"nodeID":"1354239","text":"Anon: Pat Cullen: every single one of those 320,000 nurses deserve better","type":"L","timestamp":"2023-11-09 14:14:41"},{"nodeID":"1354240","text":"Asserting","type":"YA","timestamp":"2023-11-09 14:14:41"},{"nodeID":"1354241","text":"the fact that every single one of 320,000 nurses that gave Pat Cullen her mandate deserves better is well-known","type":"I","timestamp":"2023-11-09 14:14:41"},{"nodeID":"1354242","text":"Pat Cullen: it is a well-known fact","type":"L","timestamp":"2023-11-09 14:14:41"},{"nodeID":"1354243","text":"Analysing","type":"YA","timestamp":"2023-11-09 14:14:41"},{"nodeID":"1354244","text":"Anon: Pat Cullen: it is a well-known fact","type":"L","timestamp":"2023-11-09 14:14:41"},{"nodeID":"1354245","text":"Asserting","type":"YA","timestamp":"2023-11-09 14:14:41"},{"nodeID":"1354246","text":"Pat Cullen has walked the breadth and depth of this country","type":"I","timestamp":"2023-11-09 14:14:42"},{"nodeID":"1354247","text":"Pat Cullen: I have walked the breadth and depth of this country","type":"L","timestamp":"2023-11-09 14:14:42"},{"nodeID":"1354248","text":"Analysing","type":"YA","timestamp":"2023-11-09 14:14:42"},{"nodeID":"1354249","text":"Anon: Pat Cullen: I have walked the breadth and depth of this country","type":"L","timestamp":"2023-11-09 14:14:42"},{"nodeID":"1354250","text":"Asserting","type":"YA","timestamp":"2023-11-09 14:14:42"},{"nodeID":"1354251","text":"Default Transition","type":"TA","timestamp":"2023-11-09 14:14:42"},{"nodeID":"1354252","text":"Default Rephrase","type":"MA","timestamp":"2023-11-09 14:14:42"},{"nodeID":"1354253","text":"Restating","type":"YA","timestamp":"2023-11-09 14:14:42"},{"nodeID":"1354254","text":"Pat Cullen spoke to thousands and thousands of nurses before this ballot started","type":"I","timestamp":"2023-11-09 14:14:43"},{"nodeID":"1354255","text":"Pat Cullen: speaking to thousands and thousands of nurses before this ballot started","type":"L","timestamp":"2023-11-09 14:14:43"},{"nodeID":"1354256","text":"Analysing","type":"YA","timestamp":"2023-11-09 14:14:43"},{"nodeID":"1354257","text":"Anon: Pat Cullen: speaking to thousands and thousands of nurses before this ballot started","type":"L","timestamp":"2023-11-09 14:14:43"},{"nodeID":"1354258","text":"Asserting","type":"YA","timestamp":"2023-11-09 14:14:43"},{"nodeID":"1354259","text":"Default Transition","type":"TA","timestamp":"2023-11-09 14:14:43"},{"nodeID":"1354260","text":"Default Transition","type":"TA","timestamp":"2023-11-09 14:14:43"},{"nodeID":"1354261","text":"some of those nurses took Pat Cullen and showed her the foodbanks that they're using in the evenings","type":"I","timestamp":"2023-11-09 14:14:43"},{"nodeID":"1354262","text":"Pat Cullen: some of those nurses took me and showed me the foodbanks that they're using in the evenings","type":"L","timestamp":"2023-11-09 14:14:43"},{"nodeID":"1354263","text":"Analysing","type":"YA","timestamp":"2023-11-09 14:14:43"},{"nodeID":"1354264","text":"Anon: Pat Cullen: some of those nurses took me and showed me the foodbanks that they're using in the evenings","type":"L","timestamp":"2023-11-09 14:14:43"},{"nodeID":"1354265","text":"Asserting","type":"YA","timestamp":"2023-11-09 14:14:43"},{"nodeID":"1354266","text":"Default Transition","type":"TA","timestamp":"2023-11-09 14:14:43"},{"nodeID":"1354267","text":"when the patients finish their dinners, the nurses take what's left","type":"I","timestamp":"2023-11-09 14:14:44"},{"nodeID":"1354268","text":"Pat Cullen: Some of them also took me, and said to me privately, when the patients finish their dinners, we take what's left","type":"L","timestamp":"2023-11-09 14:14:44"},{"nodeID":"1354269","text":"Analysing","type":"YA","timestamp":"2023-11-09 14:14:44"},{"nodeID":"1354270","text":"Anon: Pat Cullen: Some of them also took me, and said to me privately, when the patients finish their dinners, we take what's left","type":"L","timestamp":"2023-11-09 14:14:44"},{"nodeID":"1354271","text":"Nurses  : when the patients finish their dinners, we take what's left","type":"L","timestamp":"2023-11-09 14:14:44"},{"nodeID":"1354272","text":"Analysing","type":"YA","timestamp":"2023-11-09 14:14:44"},{"nodeID":"1354273","text":"Anon: Nurses  : Some of them also took me, and said to me privately, when the patients finish their dinners, we take what's left","type":"L","timestamp":"2023-11-09 14:14:44"},{"nodeID":"1354274","text":"Default Transition","type":"TA","timestamp":"2023-11-09 14:14:44"},{"nodeID":"1354275","text":"Asserting","type":"YA","timestamp":"2023-11-09 14:14:44"},{"nodeID":"1354276","text":"Asserting","type":"YA","timestamp":"2023-11-09 14:14:44"},{"nodeID":"1354277","text":"nurses can't afford to eat","type":"I","timestamp":"2023-11-09 14:14:45"},{"nodeID":"1354278","text":"Pat Cullen: we can't afford to eat","type":"L","timestamp":"2023-11-09 14:14:45"},{"nodeID":"1354279","text":"Analysing","type":"YA","timestamp":"2023-11-09 14:14:45"},{"nodeID":"1354280","text":"Anon: Pat Cullen: we can't afford to eat","type":"L","timestamp":"2023-11-09 14:14:45"},{"nodeID":"1354281","text":"Nurses  : we can't afford to eat","type":"L","timestamp":"2023-11-09 14:14:45"},{"nodeID":"1354282","text":"Analysing","type":"YA","timestamp":"2023-11-09 14:14:45"},{"nodeID":"1354283","text":"Anon: Nurses  : we can't afford to eat","type":"L","timestamp":"2023-11-09 14:14:45"},{"nodeID":"1354284","text":"Default Transition","type":"TA","timestamp":"2023-11-09 14:14:45"},{"nodeID":"1354285","text":"Asserting","type":"YA","timestamp":"2023-11-09 14:14:45"},{"nodeID":"1354286","text":"Asserting","type":"YA","timestamp":"2023-11-09 14:14:45"},{"nodeID":"1354287","text":"we have a heavy and over-reliance on international nurses","type":"I","timestamp":"2023-11-09 14:14:46"},{"nodeID":"1354288","text":"Pat Cullen: We have a heavy and over-reliance on international nurses","type":"L","timestamp":"2023-11-09 14:14:46"},{"nodeID":"1354289","text":"Analysing","type":"YA","timestamp":"2023-11-09 14:14:46"},{"nodeID":"1354290","text":"Anon: Pat Cullen: We have a heavy and over-reliance on international nurses","type":"L","timestamp":"2023-11-09 14:14:46"},{"nodeID":"1354291","text":"Asserting","type":"YA","timestamp":"2023-11-09 14:14:46"},{"nodeID":"1354292","text":"Default Transition","type":"TA","timestamp":"2023-11-09 14:14:46"},{"nodeID":"1354293","text":"we bring in nurses from what's known as red-list countries","type":"I","timestamp":"2023-11-09 14:14:46"},{"nodeID":"1354294","text":"Pat Cullen: Bringing in nurses from what's known as red list countries","type":"L","timestamp":"2023-11-09 14:14:46"},{"nodeID":"1354295","text":"Analysing","type":"YA","timestamp":"2023-11-09 14:14:46"},{"nodeID":"1354296","text":"Anon: Pat Cullen: Bringing in nurses from what's known as red list countries","type":"L","timestamp":"2023-11-09 14:14:46"},{"nodeID":"1354297","text":"Asserting","type":"YA","timestamp":"2023-11-09 14:14:46"},{"nodeID":"1354298","text":"Default Transition","type":"TA","timestamp":"2023-11-09 14:14:46"},{"nodeID":"1354299","text":"Default Rephrase","type":"MA","timestamp":"2023-11-09 14:14:46"},{"nodeID":"1354300","text":"Restating","type":"YA","timestamp":"2023-11-09 14:14:46"},{"nodeID":"1354301","text":"bringing in nurses from what's known as red-list countries is ethically and morally wrong","type":"I","timestamp":"2023-11-09 14:14:47"},{"nodeID":"1354302","text":"Pat Cullen:  that\u2019s ethically and morally wrong","type":"L","timestamp":"2023-11-09 14:14:47"},{"nodeID":"1354303","text":"Analysing","type":"YA","timestamp":"2023-11-09 14:14:47"},{"nodeID":"1354304","text":"Anon: Pat Cullen:  that\u2019s ethically and morally wrong","type":"L","timestamp":"2023-11-09 14:14:47"},{"nodeID":"1354305","text":"Asserting","type":"YA","timestamp":"2023-11-09 14:14:47"},{"nodeID":"1354306","text":"Default Transition","type":"TA","timestamp":"2023-11-09 14:14:47"},{"nodeID":"1354307","text":"Default Rephrase","type":"MA","timestamp":"2023-11-09 14:14:47"},{"nodeID":"1354308","text":"Restating","type":"YA","timestamp":"2023-11-09 14:14:47"},{"nodeID":"1354309","text":"the goverment have got the financial mangement totally wrong","type":"I","timestamp":"2023-11-09 14:14:48"},{"nodeID":"1354310","text":"Pat Cullen: they have got this totally wrong","type":"L","timestamp":"2023-11-09 14:14:48"},{"nodeID":"1354311","text":"Analysing","type":"YA","timestamp":"2023-11-09 14:14:48"},{"nodeID":"1354312","text":"Anon: Pat Cullen: they have got this totally wrong","type":"L","timestamp":"2023-11-09 14:14:48"},{"nodeID":"1354313","text":"Asserting","type":"YA","timestamp":"2023-11-09 14:14:48"},{"nodeID":"1354314","text":"Default Transition","type":"TA","timestamp":"2023-11-09 14:14:48"},{"nodeID":"1354315","text":"Default Inference","type":"RA","timestamp":"2023-11-09 14:14:48"},{"nodeID":"1354316","text":"Arguing","type":"YA","timestamp":"2023-11-09 14:14:48"},{"nodeID":"1354317","text":"Default Inference","type":"RA","timestamp":"2023-11-09 14:14:48"},{"nodeID":"1354318","text":"Arguing","type":"YA","timestamp":"2023-11-09 14:14:48"},{"nodeID":"1354319","text":"Default Transition","type":"TA","timestamp":"2023-11-09 14:14:48"},{"nodeID":"1354320","text":"Default Inference","type":"RA","timestamp":"2023-11-09 14:14:48"},{"nodeID":"1354321","text":"Arguing","type":"YA","timestamp":"2023-11-09 14:14:48"}],"edges":[{"edgeID":"1773371","fromID":"1354238","toID":"1354237","formEdgeID":null},{"edgeID":"1773372","fromID":"1354239","toID":"1354238","formEdgeID":null},{"edgeID":"1773373","fromID":"1354237","toID":"1354240","formEdgeID":null},{"edgeID":"1773374","fromID":"1354240","toID":"1354236","formEdgeID":null},{"edgeID":"1773375","fromID":"1354243","toID":"1354242","formEdgeID":null},{"edgeID":"1773376","fromID":"1354244","toID":"1354243","formEdgeID":null},{"edgeID":"1773377","fromID":"1354242","toID":"1354245","formEdgeID":null},{"edgeID":"1773378","fromID":"1354245","toID":"1354241","formEdgeID":null},{"edgeID":"1773379","fromID":"1354248","toID":"1354247","formEdgeID":null},{"edgeID":"1773380","fromID":"1354249","toID":"1354248","formEdgeID":null},{"edgeID":"1773381","fromID":"1354247","toID":"1354250","formEdgeID":null},{"edgeID":"1773382","fromID":"1354250","toID":"1354246","formEdgeID":null},{"edgeID":"1773383","fromID":"1354237","toID":"1354251","formEdgeID":null},{"edgeID":"1773384","fromID":"1354251","toID":"1354242","formEdgeID":null},{"edgeID":"1773385","fromID":"1354241","toID":"1354252","formEdgeID":null},{"edgeID":"1773386","fromID":"1354252","toID":"1354236","formEdgeID":null},{"edgeID":"1773387","fromID":"1354251","toID":"1354253","formEdgeID":null},{"edgeID":"1773388","fromID":"1354253","toID":"1354252","formEdgeID":null},{"edgeID":"1773389","fromID":"1354256","toID":"1354255","formEdgeID":null},{"edgeID":"1773390","fromID":"1354257","toID":"1354256","formEdgeID":null},{"edgeID":"1773391","fromID":"1354255","toID":"1354258","formEdgeID":null},{"edgeID":"1773392","fromID":"1354258","toID":"1354254","formEdgeID":null},{"edgeID":"1773393","fromID":"1354242","toID":"1354259","formEdgeID":null},{"edgeID":"1773394","fromID":"1354259","toID":"1354247","formEdgeID":null},{"edgeID":"1773395","fromID":"1354247","toID":"1354260","formEdgeID":null},{"edgeID":"1773396","fromID":"1354260","toID":"1354255","formEdgeID":null},{"edgeID":"1773397","fromID":"1354263","toID":"1354262","formEdgeID":null},{"edgeID":"1773398","fromID":"1354264","toID":"1354263","formEdgeID":null},{"edgeID":"1773399","fromID":"1354262","toID":"1354265","formEdgeID":null},{"edgeID":"1773400","fromID":"1354265","toID":"1354261","formEdgeID":null},{"edgeID":"1773401","fromID":"1354255","toID":"1354266","formEdgeID":null},{"edgeID":"1773402","fromID":"1354266","toID":"1354262","formEdgeID":null},{"edgeID":"1773403","fromID":"1354269","toID":"1354268","formEdgeID":null},{"edgeID":"1773404","fromID":"1354270","toID":"1354269","formEdgeID":null},{"edgeID":"1773405","fromID":"1354272","toID":"1354271","formEdgeID":null},{"edgeID":"1773406","fromID":"1354273","toID":"1354272","formEdgeID":null},{"edgeID":"1773407","fromID":"1354262","toID":"1354274","formEdgeID":null},{"edgeID":"1773408","fromID":"1354274","toID":"1354268","formEdgeID":null},{"edgeID":"1773409","fromID":"1354268","toID":"1354275","formEdgeID":null},{"edgeID":"1773410","fromID":"1354275","toID":"1354271","formEdgeID":null},{"edgeID":"1773411","fromID":"1354271","toID":"1354276","formEdgeID":null},{"edgeID":"1773412","fromID":"1354276","toID":"1354267","formEdgeID":null},{"edgeID":"1773413","fromID":"1354279","toID":"1354278","formEdgeID":null},{"edgeID":"1773414","fromID":"1354280","toID":"1354279","formEdgeID":null},{"edgeID":"1773415","fromID":"1354282","toID":"1354281","formEdgeID":null},{"edgeID":"1773416","fromID":"1354283","toID":"1354282","formEdgeID":null},{"edgeID":"1773417","fromID":"1354268","toID":"1354284","formEdgeID":null},{"edgeID":"1773418","fromID":"1354284","toID":"1354278","formEdgeID":null},{"edgeID":"1773419","fromID":"1354278","toID":"1354285","formEdgeID":null},{"edgeID":"1773420","fromID":"1354285","toID":"1354281","formEdgeID":null},{"edgeID":"1773421","fromID":"1354281","toID":"1354286","formEdgeID":null},{"edgeID":"1773422","fromID":"1354286","toID":"1354277","formEdgeID":null},{"edgeID":"1773423","fromID":"1354289","toID":"1354288","formEdgeID":null},{"edgeID":"1773424","fromID":"1354290","toID":"1354289","formEdgeID":null},{"edgeID":"1773425","fromID":"1354288","toID":"1354291","formEdgeID":null},{"edgeID":"1773426","fromID":"1354291","toID":"1354287","formEdgeID":null},{"edgeID":"1773427","fromID":"1354278","toID":"1354292","formEdgeID":null},{"edgeID":"1773428","fromID":"1354292","toID":"1354288","formEdgeID":null},{"edgeID":"1773429","fromID":"1354295","toID":"1354294","formEdgeID":null},{"edgeID":"1773430","fromID":"1354296","toID":"1354295","formEdgeID":null},{"edgeID":"1773431","fromID":"1354294","toID":"1354297","formEdgeID":null},{"edgeID":"1773432","fromID":"1354297","toID":"1354293","formEdgeID":null},{"edgeID":"1773433","fromID":"1354288","toID":"1354298","formEdgeID":null},{"edgeID":"1773434","fromID":"1354298","toID":"1354294","formEdgeID":null},{"edgeID":"1773435","fromID":"1354293","toID":"1354299","formEdgeID":null},{"edgeID":"1773436","fromID":"1354299","toID":"1354287","formEdgeID":null},{"edgeID":"1773437","fromID":"1354298","toID":"1354300","formEdgeID":null},{"edgeID":"1773438","fromID":"1354300","toID":"1354299","formEdgeID":null},{"edgeID":"1773439","fromID":"1354303","toID":"1354302","formEdgeID":null},{"edgeID":"1773440","fromID":"1354304","toID":"1354303","formEdgeID":null},{"edgeID":"1773441","fromID":"1354302","toID":"1354305","formEdgeID":null},{"edgeID":"1773442","fromID":"1354305","toID":"1354301","formEdgeID":null},{"edgeID":"1773443","fromID":"1354294","toID":"1354306","formEdgeID":null},{"edgeID":"1773444","fromID":"1354306","toID":"1354302","formEdgeID":null},{"edgeID":"1773445","fromID":"1354301","toID":"1354307","formEdgeID":null},{"edgeID":"1773446","fromID":"1354307","toID":"1354293","formEdgeID":null},{"edgeID":"1773447","fromID":"1354306","toID":"1354308","formEdgeID":null},{"edgeID":"1773448","fromID":"1354308","toID":"1354307","formEdgeID":null},{"edgeID":"1773449","fromID":"1354311","toID":"1354310","formEdgeID":null},{"edgeID":"1773450","fromID":"1354312","toID":"1354311","formEdgeID":null},{"edgeID":"1773451","fromID":"1354310","toID":"1354313","formEdgeID":null},{"edgeID":"1773452","fromID":"1354313","toID":"1354309","formEdgeID":null},{"edgeID":"1773453","fromID":"1354237","toID":"1354314","formEdgeID":null},{"edgeID":"1773454","fromID":"1354314","toID":"1354278","formEdgeID":null},{"edgeID":"1773455","fromID":"1354277","toID":"1354315","formEdgeID":null},{"edgeID":"1773456","fromID":"1354315","toID":"1354236","formEdgeID":null},{"edgeID":"1773457","fromID":"1354314","toID":"1354316","formEdgeID":null},{"edgeID":"1773458","fromID":"1354316","toID":"1354315","formEdgeID":null},{"edgeID":"1773459","fromID":"1354277","toID":"1354317","formEdgeID":null},{"edgeID":"1773460","fromID":"1354317","toID":"1354267","formEdgeID":null},{"edgeID":"1773461","fromID":"1354284","toID":"1354318","formEdgeID":null},{"edgeID":"1773462","fromID":"1354318","toID":"1354317","formEdgeID":null},{"edgeID":"1773463","fromID":"1354278","toID":"1354319","formEdgeID":null},{"edgeID":"1773464","fromID":"1354319","toID":"1354310","formEdgeID":null},{"edgeID":"1773465","fromID":"1354309","toID":"1354320","formEdgeID":null},{"edgeID":"1773466","fromID":"1354320","toID":"1354277","formEdgeID":null},{"edgeID":"1773467","fromID":"1354319","toID":"1354321","formEdgeID":null},{"edgeID":"1773468","fromID":"1354321","toID":"1354320","formEdgeID":null}],"locutions":[]}