{"nodes":[{"nodeID":"1377024","text":"the UK is a big exporter of services","type":"I","timestamp":"2023-11-09 14:49:18"},{"nodeID":"1377025","text":"Shabana Mahmood: We are a big exporter of our services","type":"L","timestamp":"2023-11-09 14:49:18"},{"nodeID":"1377026","text":"Analysing","type":"YA","timestamp":"2023-11-09 14:49:18"},{"nodeID":"1377027","text":"Anon: Shabana Mahmood: We are a big exporter of our services","type":"L","timestamp":"2023-11-09 14:49:18"},{"nodeID":"1377028","text":"Asserting","type":"YA","timestamp":"2023-11-09 14:49:18"},{"nodeID":"1377029","text":"the UK should be pushing for mutual recognition of services, and professional qualifications","type":"I","timestamp":"2023-11-09 14:49:19"},{"nodeID":"1377030","text":"Shabana Mahmood: we should be pushing for mutual recognition of services, and professional qualifications.","type":"L","timestamp":"2023-11-09 14:49:19"},{"nodeID":"1377031","text":"Analysing","type":"YA","timestamp":"2023-11-09 14:49:19"},{"nodeID":"1377032","text":"Anon: Shabana Mahmood: we should be pushing for mutual recognition of services, and professional qualifications.","type":"L","timestamp":"2023-11-09 14:49:19"},{"nodeID":"1377033","text":"Asserting","type":"YA","timestamp":"2023-11-09 14:49:19"},{"nodeID":"1377034","text":"Default Transition","type":"TA","timestamp":"2023-11-09 14:49:19"},{"nodeID":"1377035","text":"pushing for mutual recognition of services and professional qualifications would be a way of improving this deal","type":"I","timestamp":"2023-11-09 14:49:19"},{"nodeID":"1377036","text":"Shabana Mahmood: That would be a way of improving this deal","type":"L","timestamp":"2023-11-09 14:49:19"},{"nodeID":"1377037","text":"Analysing","type":"YA","timestamp":"2023-11-09 14:49:19"},{"nodeID":"1377038","text":"Anon: Shabana Mahmood: That would be a way of improving this deal","type":"L","timestamp":"2023-11-09 14:49:19"},{"nodeID":"1377039","text":"Asserting","type":"YA","timestamp":"2023-11-09 14:49:19"},{"nodeID":"1377040","text":"Default Transition","type":"TA","timestamp":"2023-11-09 14:49:19"},{"nodeID":"1377041","text":"pushing for mutual recognition of service and professional qualification would be a way of making sure that the deal works for the British economy","type":"I","timestamp":"2023-11-09 14:49:20"},{"nodeID":"1377042","text":"Shabana Mahmood: making sure that it works for the British economy","type":"L","timestamp":"2023-11-09 14:49:20"},{"nodeID":"1377043","text":"Analysing","type":"YA","timestamp":"2023-11-09 14:49:20"},{"nodeID":"1377044","text":"Anon: Shabana Mahmood: making sure that it works for the British economy","type":"L","timestamp":"2023-11-09 14:49:20"},{"nodeID":"1377045","text":"Asserting","type":"YA","timestamp":"2023-11-09 14:49:20"},{"nodeID":"1377046","text":"there's lots of practical things that the Government could be doing today to make Brexit work","type":"I","timestamp":"2023-11-09 14:49:21"},{"nodeID":"1377047","text":"Shabana Mahmood: there's lots of practical things that the Government could be doing today to make Brexit work","type":"L","timestamp":"2023-11-09 14:49:21"},{"nodeID":"1377048","text":"Analysing","type":"YA","timestamp":"2023-11-09 14:49:21"},{"nodeID":"1377049","text":"Anon: Shabana Mahmood: there's lots of practical things that the Government could be doing today to make Brexit work","type":"L","timestamp":"2023-11-09 14:49:21"},{"nodeID":"1377050","text":"Asserting","type":"YA","timestamp":"2023-11-09 14:49:21"},{"nodeID":"1377051","text":"Default Transition","type":"TA","timestamp":"2023-11-09 14:49:21"},{"nodeID":"1377052","text":"democracy is very important","type":"I","timestamp":"2023-11-09 14:49:21"},{"nodeID":"1377053","text":"Shabana Mahmood: democracy is very important","type":"L","timestamp":"2023-11-09 14:49:21"},{"nodeID":"1377054","text":"Analysing","type":"YA","timestamp":"2023-11-09 14:49:21"},{"nodeID":"1377055","text":"Anon: Shabana Mahmood: democracy is very important","type":"L","timestamp":"2023-11-09 14:49:21"},{"nodeID":"1377056","text":"Asserting","type":"YA","timestamp":"2023-11-09 14:49:21"},{"nodeID":"1377057","text":"Jacob Rees-Mogg:  It sure is","type":"L","timestamp":"2023-11-09 14:49:21"},{"nodeID":"1377058","text":"Analysing","type":"YA","timestamp":"2023-11-09 14:49:21"},{"nodeID":"1377059","text":"Anon: Jacob Rees-Mogg:  It sure is","type":"L","timestamp":"2023-11-09 14:49:21"},{"nodeID":"1377060","text":"Default Transition","type":"TA","timestamp":"2023-11-09 14:49:21"},{"nodeID":"1377061","text":"Agreeing","type":"YA","timestamp":"2023-11-09 14:49:21"},{"nodeID":"1377062","text":"under the Tories, democracy doesn't stop you from being let down by your Government","type":"I","timestamp":"2023-11-09 14:49:22"},{"nodeID":"1377063","text":"Shabana Mahmood: under the Tories, it doesn't stop you from being let down by your Government","type":"L","timestamp":"2023-11-09 14:49:22"},{"nodeID":"1377064","text":"Analysing","type":"YA","timestamp":"2023-11-09 14:49:22"},{"nodeID":"1377065","text":"Anon: Shabana Mahmood: under the Tories, it doesn't stop you from being let down by your Government","type":"L","timestamp":"2023-11-09 14:49:22"},{"nodeID":"1377066","text":"Asserting","type":"YA","timestamp":"2023-11-09 14:49:22"},{"nodeID":"1377067","text":"the Government has to step up to the plate, get a better deal for Brexit","type":"I","timestamp":"2023-11-09 14:49:22"},{"nodeID":"1377068","text":"Shabana Mahmood:  the Government has to step up to the plate, get a better deal","type":"L","timestamp":"2023-11-09 14:49:22"},{"nodeID":"1377069","text":"Analysing","type":"YA","timestamp":"2023-11-09 14:49:22"},{"nodeID":"1377070","text":"Anon: Shabana Mahmood:  the Government has to step up to the plate, get a better deal","type":"L","timestamp":"2023-11-09 14:49:22"},{"nodeID":"1377071","text":"Asserting","type":"YA","timestamp":"2023-11-09 14:49:22"},{"nodeID":"1377072","text":"Default Transition","type":"TA","timestamp":"2023-11-09 14:49:22"},{"nodeID":"1377073","text":"the government needs to make Brexit work","type":"I","timestamp":"2023-11-09 14:49:23"},{"nodeID":"1377074","text":"Shabana Mahmood: make Brexit work","type":"L","timestamp":"2023-11-09 14:49:23"},{"nodeID":"1377075","text":"Analysing","type":"YA","timestamp":"2023-11-09 14:49:23"},{"nodeID":"1377076","text":"Anon: Shabana Mahmood: make Brexit work","type":"L","timestamp":"2023-11-09 14:49:23"},{"nodeID":"1377077","text":"Asserting","type":"YA","timestamp":"2023-11-09 14:49:23"},{"nodeID":"1377078","text":"Default Transition","type":"TA","timestamp":"2023-11-09 14:49:23"},{"nodeID":"1377079","text":"when the government gets a better deal and tries to make Brexit work we'll see some of these pressures ease off","type":"I","timestamp":"2023-11-09 14:49:24"},{"nodeID":"1377080","text":"Shabana Mahmood: then we'll see some of these pressures ease off","type":"L","timestamp":"2023-11-09 14:49:24"},{"nodeID":"1377081","text":"Analysing","type":"YA","timestamp":"2023-11-09 14:49:24"},{"nodeID":"1377082","text":"Anon: Shabana Mahmood: then we'll see some of these pressures ease off","type":"L","timestamp":"2023-11-09 14:49:24"},{"nodeID":"1377083","text":"Asserting","type":"YA","timestamp":"2023-11-09 14:49:24"},{"nodeID":"1377084","text":"Default Transition","type":"TA","timestamp":"2023-11-09 14:49:24"},{"nodeID":"1377085","text":"Default Rephrase","type":"MA","timestamp":"2023-11-09 14:49:24"},{"nodeID":"1377086","text":"Restating","type":"YA","timestamp":"2023-11-09 14:49:24"},{"nodeID":"1377087","text":"Default Inference","type":"RA","timestamp":"2023-11-09 14:49:24"},{"nodeID":"1377088","text":"Arguing","type":"YA","timestamp":"2023-11-09 14:49:24"},{"nodeID":"1377089","text":"Pat Cullen is one of the fortunate people that has got an Irish passport","type":"I","timestamp":"2023-11-09 14:49:24"},{"nodeID":"1377090","text":"Pat Cullen:  I'm one of the fortunate people that has got an Irish passport","type":"L","timestamp":"2023-11-09 14:49:24"},{"nodeID":"1377091","text":"Analysing","type":"YA","timestamp":"2023-11-09 14:49:24"},{"nodeID":"1377092","text":"Anon: Pat Cullen:  I'm one of the fortunate people that has got an Irish passport","type":"L","timestamp":"2023-11-09 14:49:24"},{"nodeID":"1377093","text":"Asserting","type":"YA","timestamp":"2023-11-09 14:49:24"},{"nodeID":"1377094","text":"Default Transition","type":"TA","timestamp":"2023-11-09 14:49:24"},{"nodeID":"1377095","text":"Pat Cullen can actually still manage to get through very easily","type":"I","timestamp":"2023-11-09 14:49:25"},{"nodeID":"1377096","text":"Pat Cullen: I can actually still manage to get through very easily","type":"L","timestamp":"2023-11-09 14:49:25"},{"nodeID":"1377097","text":"Analysing","type":"YA","timestamp":"2023-11-09 14:49:25"},{"nodeID":"1377098","text":"Anon: Pat Cullen: I can actually still manage to get through very easily","type":"L","timestamp":"2023-11-09 14:49:25"},{"nodeID":"1377099","text":"Asserting","type":"YA","timestamp":"2023-11-09 14:49:25"},{"nodeID":"1377100","text":"Default Transition","type":"TA","timestamp":"2023-11-09 14:49:25"},{"nodeID":"1377101","text":"Default Inference","type":"RA","timestamp":"2023-11-09 14:49:25"},{"nodeID":"1377102","text":"Arguing","type":"YA","timestamp":"2023-11-09 14:49:25"},{"nodeID":"1377103","text":"when Pat Cullen is travelling with my colleagues from other UK countries, I have to wait at the other side for an hour for them to get through","type":"I","timestamp":"2023-11-09 14:49:26"},{"nodeID":"1377104","text":"Pat Cullen: when I'm travelling with my colleagues from other UK countries, I have to wait at the other side for an hour for them to get through","type":"L","timestamp":"2023-11-09 14:49:26"},{"nodeID":"1377105","text":"Analysing","type":"YA","timestamp":"2023-11-09 14:49:26"},{"nodeID":"1377106","text":"Anon: Pat Cullen: when I'm travelling with my colleagues from other UK countries, I have to wait at the other side for an hour for them to get through","type":"L","timestamp":"2023-11-09 14:49:26"},{"nodeID":"1377107","text":"Asserting","type":"YA","timestamp":"2023-11-09 14:49:26"},{"nodeID":"1377108","text":"Default Transition","type":"TA","timestamp":"2023-11-09 14:49:26"},{"nodeID":"1377109","text":"Pat Cullen doesn't think that waiting for over an hour at immigration controls when travelling is acceptable","type":"I","timestamp":"2023-11-09 14:49:26"},{"nodeID":"1377110","text":"Pat Cullen: I don't think that\u2019s acceptable.","type":"L","timestamp":"2023-11-09 14:49:26"},{"nodeID":"1377111","text":"Analysing","type":"YA","timestamp":"2023-11-09 14:49:26"},{"nodeID":"1377112","text":"Anon: Pat Cullen: I don't think that\u2019s acceptable.","type":"L","timestamp":"2023-11-09 14:49:26"},{"nodeID":"1377113","text":"Asserting","type":"YA","timestamp":"2023-11-09 14:49:26"},{"nodeID":"1377114","text":"Default Transition","type":"TA","timestamp":"2023-11-09 14:49:26"},{"nodeID":"1377115","text":"Default Rephrase","type":"MA","timestamp":"2023-11-09 14:49:26"},{"nodeID":"1377116","text":"Restating","type":"YA","timestamp":"2023-11-09 14:49:26"},{"nodeID":"1377117","text":"Default Inference","type":"RA","timestamp":"2023-11-09 14:49:26"},{"nodeID":"1377118","text":"Default Inference","type":"RA","timestamp":"2023-11-09 14:49:26"},{"nodeID":"1377119","text":"Default Transition","type":"TA","timestamp":"2023-11-09 14:49:26"},{"nodeID":"1377120","text":"Arguing","type":"YA","timestamp":"2023-11-09 14:49:26"},{"nodeID":"1377121","text":"Arguing","type":"YA","timestamp":"2023-11-09 14:49:26"},{"nodeID":"1377122","text":"what you get is rhetoric from Jacob Rees Mogg that we've got back our democracy","type":"I","timestamp":"2023-11-09 14:49:27"},{"nodeID":"1377123","text":"Jacob Rees-Mogg: what you get, actually, is rhetoric from Jacob about, you know, all that we've got back is our democracy","type":"L","timestamp":"2023-11-09 14:49:27"},{"nodeID":"1377124","text":"Analysing","type":"YA","timestamp":"2023-11-09 14:49:27"},{"nodeID":"1377125","text":"Anon: Jacob Rees-Mogg: what you get, actually, is rhetoric from Jacob about, you know, all that we've got back is our democracy","type":"L","timestamp":"2023-11-09 14:49:27"},{"nodeID":"1377126","text":"Asserting","type":"YA","timestamp":"2023-11-09 14:49:27"},{"nodeID":"1377127","text":"Default Transition","type":"TA","timestamp":"2023-11-09 14:49:27"},{"nodeID":"1377128","text":"Default Transition","type":"TA","timestamp":"2023-11-09 14:49:27"},{"nodeID":"1377129","text":"Default Conflict","type":"CA","timestamp":"2023-11-09 14:49:27"},{"nodeID":"1377130","text":"Disagreeing","type":"YA","timestamp":"2023-11-09 14:49:27"},{"nodeID":"1377131","text":"Default Conflict","type":"CA","timestamp":"2023-11-09 14:49:27"},{"nodeID":"1377132","text":"Default Transition","type":"TA","timestamp":"2023-11-09 14:49:27"},{"nodeID":"1377133","text":"Disagreeing","type":"YA","timestamp":"2023-11-09 14:49:27"},{"nodeID":"1377134","text":"Default Rephrase","type":"MA","timestamp":"2023-11-09 14:49:27"},{"nodeID":"1377135","text":"Restating","type":"YA","timestamp":"2023-11-09 14:49:27"}],"edges":[{"edgeID":"1800464","fromID":"1377026","toID":"1377025","formEdgeID":null},{"edgeID":"1800465","fromID":"1377027","toID":"1377026","formEdgeID":null},{"edgeID":"1800466","fromID":"1377025","toID":"1377028","formEdgeID":null},{"edgeID":"1800467","fromID":"1377028","toID":"1377024","formEdgeID":null},{"edgeID":"1800468","fromID":"1377031","toID":"1377030","formEdgeID":null},{"edgeID":"1800469","fromID":"1377032","toID":"1377031","formEdgeID":null},{"edgeID":"1800470","fromID":"1377030","toID":"1377033","formEdgeID":null},{"edgeID":"1800471","fromID":"1377033","toID":"1377029","formEdgeID":null},{"edgeID":"1800472","fromID":"1377025","toID":"1377034","formEdgeID":null},{"edgeID":"1800473","fromID":"1377034","toID":"1377030","formEdgeID":null},{"edgeID":"1800474","fromID":"1377037","toID":"1377036","formEdgeID":null},{"edgeID":"1800475","fromID":"1377038","toID":"1377037","formEdgeID":null},{"edgeID":"1800476","fromID":"1377036","toID":"1377039","formEdgeID":null},{"edgeID":"1800477","fromID":"1377039","toID":"1377035","formEdgeID":null},{"edgeID":"1800478","fromID":"1377030","toID":"1377040","formEdgeID":null},{"edgeID":"1800479","fromID":"1377040","toID":"1377036","formEdgeID":null},{"edgeID":"1800480","fromID":"1377043","toID":"1377042","formEdgeID":null},{"edgeID":"1800481","fromID":"1377044","toID":"1377043","formEdgeID":null},{"edgeID":"1800482","fromID":"1377042","toID":"1377045","formEdgeID":null},{"edgeID":"1800483","fromID":"1377045","toID":"1377041","formEdgeID":null},{"edgeID":"1800484","fromID":"1377048","toID":"1377047","formEdgeID":null},{"edgeID":"1800485","fromID":"1377049","toID":"1377048","formEdgeID":null},{"edgeID":"1800486","fromID":"1377047","toID":"1377050","formEdgeID":null},{"edgeID":"1800487","fromID":"1377050","toID":"1377046","formEdgeID":null},{"edgeID":"1800488","fromID":"1377042","toID":"1377051","formEdgeID":null},{"edgeID":"1800489","fromID":"1377051","toID":"1377047","formEdgeID":null},{"edgeID":"1800490","fromID":"1377054","toID":"1377053","formEdgeID":null},{"edgeID":"1800491","fromID":"1377055","toID":"1377054","formEdgeID":null},{"edgeID":"1800492","fromID":"1377053","toID":"1377056","formEdgeID":null},{"edgeID":"1800493","fromID":"1377056","toID":"1377052","formEdgeID":null},{"edgeID":"1800494","fromID":"1377058","toID":"1377057","formEdgeID":null},{"edgeID":"1800495","fromID":"1377059","toID":"1377058","formEdgeID":null},{"edgeID":"1800496","fromID":"1377053","toID":"1377060","formEdgeID":null},{"edgeID":"1800497","fromID":"1377060","toID":"1377057","formEdgeID":null},{"edgeID":"1800498","fromID":"1377060","toID":"1377061","formEdgeID":null},{"edgeID":"1800499","fromID":"1377061","toID":"1377052","formEdgeID":null},{"edgeID":"1800500","fromID":"1377064","toID":"1377063","formEdgeID":null},{"edgeID":"1800501","fromID":"1377065","toID":"1377064","formEdgeID":null},{"edgeID":"1800502","fromID":"1377063","toID":"1377066","formEdgeID":null},{"edgeID":"1800503","fromID":"1377066","toID":"1377062","formEdgeID":null},{"edgeID":"1800504","fromID":"1377069","toID":"1377068","formEdgeID":null},{"edgeID":"1800505","fromID":"1377070","toID":"1377069","formEdgeID":null},{"edgeID":"1800506","fromID":"1377068","toID":"1377071","formEdgeID":null},{"edgeID":"1800507","fromID":"1377071","toID":"1377067","formEdgeID":null},{"edgeID":"1800508","fromID":"1377063","toID":"1377072","formEdgeID":null},{"edgeID":"1800509","fromID":"1377072","toID":"1377068","formEdgeID":null},{"edgeID":"1800510","fromID":"1377075","toID":"1377074","formEdgeID":null},{"edgeID":"1800511","fromID":"1377076","toID":"1377075","formEdgeID":null},{"edgeID":"1800512","fromID":"1377074","toID":"1377077","formEdgeID":null},{"edgeID":"1800513","fromID":"1377077","toID":"1377073","formEdgeID":null},{"edgeID":"1800514","fromID":"1377068","toID":"1377078","formEdgeID":null},{"edgeID":"1800515","fromID":"1377078","toID":"1377074","formEdgeID":null},{"edgeID":"1800516","fromID":"1377081","toID":"1377080","formEdgeID":null},{"edgeID":"1800517","fromID":"1377082","toID":"1377081","formEdgeID":null},{"edgeID":"1800518","fromID":"1377080","toID":"1377083","formEdgeID":null},{"edgeID":"1800519","fromID":"1377083","toID":"1377079","formEdgeID":null},{"edgeID":"1800520","fromID":"1377074","toID":"1377084","formEdgeID":null},{"edgeID":"1800521","fromID":"1377084","toID":"1377080","formEdgeID":null},{"edgeID":"1800522","fromID":"1377073","toID":"1377085","formEdgeID":null},{"edgeID":"1800523","fromID":"1377085","toID":"1377067","formEdgeID":null},{"edgeID":"1800524","fromID":"1377078","toID":"1377086","formEdgeID":null},{"edgeID":"1800525","fromID":"1377086","toID":"1377085","formEdgeID":null},{"edgeID":"1800526","fromID":"1377073","toID":"1377087","formEdgeID":null},{"edgeID":"1800527","fromID":"1377087","toID":"1377079","formEdgeID":null},{"edgeID":"1800528","fromID":"1377084","toID":"1377088","formEdgeID":null},{"edgeID":"1800529","fromID":"1377088","toID":"1377087","formEdgeID":null},{"edgeID":"1800530","fromID":"1377091","toID":"1377090","formEdgeID":null},{"edgeID":"1800531","fromID":"1377092","toID":"1377091","formEdgeID":null},{"edgeID":"1800532","fromID":"1377090","toID":"1377093","formEdgeID":null},{"edgeID":"1800533","fromID":"1377093","toID":"1377089","formEdgeID":null},{"edgeID":"1800534","fromID":"1377080","toID":"1377094","formEdgeID":null},{"edgeID":"1800535","fromID":"1377094","toID":"1377090","formEdgeID":null},{"edgeID":"1800536","fromID":"1377097","toID":"1377096","formEdgeID":null},{"edgeID":"1800537","fromID":"1377098","toID":"1377097","formEdgeID":null},{"edgeID":"1800538","fromID":"1377096","toID":"1377099","formEdgeID":null},{"edgeID":"1800539","fromID":"1377099","toID":"1377095","formEdgeID":null},{"edgeID":"1800540","fromID":"1377090","toID":"1377100","formEdgeID":null},{"edgeID":"1800541","fromID":"1377100","toID":"1377096","formEdgeID":null},{"edgeID":"1800542","fromID":"1377089","toID":"1377101","formEdgeID":null},{"edgeID":"1800543","fromID":"1377101","toID":"1377095","formEdgeID":null},{"edgeID":"1800544","fromID":"1377100","toID":"1377102","formEdgeID":null},{"edgeID":"1800545","fromID":"1377102","toID":"1377101","formEdgeID":null},{"edgeID":"1800546","fromID":"1377105","toID":"1377104","formEdgeID":null},{"edgeID":"1800547","fromID":"1377106","toID":"1377105","formEdgeID":null},{"edgeID":"1800548","fromID":"1377104","toID":"1377107","formEdgeID":null},{"edgeID":"1800549","fromID":"1377107","toID":"1377103","formEdgeID":null},{"edgeID":"1800550","fromID":"1377096","toID":"1377108","formEdgeID":null},{"edgeID":"1800551","fromID":"1377108","toID":"1377104","formEdgeID":null},{"edgeID":"1800552","fromID":"1377111","toID":"1377110","formEdgeID":null},{"edgeID":"1800553","fromID":"1377112","toID":"1377111","formEdgeID":null},{"edgeID":"1800554","fromID":"1377110","toID":"1377113","formEdgeID":null},{"edgeID":"1800555","fromID":"1377113","toID":"1377109","formEdgeID":null},{"edgeID":"1800556","fromID":"1377104","toID":"1377114","formEdgeID":null},{"edgeID":"1800557","fromID":"1377114","toID":"1377110","formEdgeID":null},{"edgeID":"1800558","fromID":"1377029","toID":"1377115","formEdgeID":null},{"edgeID":"1800559","fromID":"1377115","toID":"1377024","formEdgeID":null},{"edgeID":"1800560","fromID":"1377034","toID":"1377116","formEdgeID":null},{"edgeID":"1800561","fromID":"1377116","toID":"1377115","formEdgeID":null},{"edgeID":"1800562","fromID":"1377035","toID":"1377117","formEdgeID":null},{"edgeID":"1800563","fromID":"1377117","toID":"1377029","formEdgeID":null},{"edgeID":"1800564","fromID":"1377041","toID":"1377118","formEdgeID":null},{"edgeID":"1800565","fromID":"1377118","toID":"1377029","formEdgeID":null},{"edgeID":"1800566","fromID":"1377030","toID":"1377119","formEdgeID":null},{"edgeID":"1800567","fromID":"1377119","toID":"1377042","formEdgeID":null},{"edgeID":"1800568","fromID":"1377040","toID":"1377120","formEdgeID":null},{"edgeID":"1800569","fromID":"1377120","toID":"1377117","formEdgeID":null},{"edgeID":"1800570","fromID":"1377119","toID":"1377121","formEdgeID":null},{"edgeID":"1800571","fromID":"1377121","toID":"1377118","formEdgeID":null},{"edgeID":"1800572","fromID":"1377124","toID":"1377123","formEdgeID":null},{"edgeID":"1800573","fromID":"1377125","toID":"1377124","formEdgeID":null},{"edgeID":"1800574","fromID":"1377123","toID":"1377126","formEdgeID":null},{"edgeID":"1800575","fromID":"1377126","toID":"1377122","formEdgeID":null},{"edgeID":"1800576","fromID":"1377047","toID":"1377127","formEdgeID":null},{"edgeID":"1800577","fromID":"1377127","toID":"1377123","formEdgeID":null},{"edgeID":"1800578","fromID":"1377123","toID":"1377128","formEdgeID":null},{"edgeID":"1800579","fromID":"1377128","toID":"1377053","formEdgeID":null},{"edgeID":"1800580","fromID":"1377122","toID":"1377129","formEdgeID":null},{"edgeID":"1800581","fromID":"1377129","toID":"1377046","formEdgeID":null},{"edgeID":"1800582","fromID":"1377127","toID":"1377130","formEdgeID":null},{"edgeID":"1800583","fromID":"1377130","toID":"1377129","formEdgeID":null},{"edgeID":"1800584","fromID":"1377062","toID":"1377131","formEdgeID":null},{"edgeID":"1800585","fromID":"1377131","toID":"1377122","formEdgeID":null},{"edgeID":"1800586","fromID":"1377123","toID":"1377132","formEdgeID":null},{"edgeID":"1800587","fromID":"1377132","toID":"1377063","formEdgeID":null},{"edgeID":"1800588","fromID":"1377132","toID":"1377133","formEdgeID":null},{"edgeID":"1800589","fromID":"1377133","toID":"1377131","formEdgeID":null},{"edgeID":"1800590","fromID":"1377109","toID":"1377134","formEdgeID":null},{"edgeID":"1800591","fromID":"1377134","toID":"1377103","formEdgeID":null},{"edgeID":"1800592","fromID":"1377114","toID":"1377135","formEdgeID":null},{"edgeID":"1800593","fromID":"1377135","toID":"1377134","formEdgeID":null}],"locutions":[]}