{"nodes":[{"nodeID":"1357112","text":"Analysing","type":"YA","timestamp":"2023-11-09 14:20:02"},{"nodeID":"1357113","text":"Fyfe: Wes Streeting: What Wes was actually saying was that we should be investing in more doctors and nurses in our National Health Service","type":"L","timestamp":"2023-11-09 14:20:02"},{"nodeID":"1357114","text":"Wes Streeting: we should be investing in more doctors and nurses in our National Health Service","type":"L","timestamp":"2023-11-09 14:20:02"},{"nodeID":"1357115","text":"we should be investing in more doctors and nurses in our National Health Service","type":"I","timestamp":"2023-11-09 14:20:03"},{"nodeID":"1357116","text":"Asserting","type":"YA","timestamp":"2023-11-09 14:20:03"},{"nodeID":"1357117","text":"Asserting","type":"YA","timestamp":"2023-11-09 14:20:03"},{"nodeID":"1357118","text":"Fyfe: Shabana Mahmood: What Wes was actually saying was that we should be investing in more doctors and nurses in our National Health Service","type":"L","timestamp":"2023-11-09 14:20:03"},{"nodeID":"1357119","text":"Shabana Mahmood: What Wes was actually saying was that we should be investing in more doctors and nurses in our National Health Service","type":"L","timestamp":"2023-11-09 14:20:03"},{"nodeID":"1357120","text":"Analysing","type":"YA","timestamp":"2023-11-09 14:20:03"},{"nodeID":"1357121","text":"the UK Government would abolish the non-dom tax status in order to pay for NHS investment","type":"I","timestamp":"2023-11-09 14:20:04"},{"nodeID":"1357122","text":"Shabana Mahmood: We would abolish the non-dom tax status in order to pay for that","type":"L","timestamp":"2023-11-09 14:20:04"},{"nodeID":"1357123","text":"Analysing","type":"YA","timestamp":"2023-11-09 14:20:04"},{"nodeID":"1357124","text":"Fyfe: Shabana Mahmood: We would abolish the non-dom tax status in order to pay for that","type":"L","timestamp":"2023-11-09 14:20:04"},{"nodeID":"1357125","text":"Asserting","type":"YA","timestamp":"2023-11-09 14:20:04"},{"nodeID":"1357126","text":"Default Transition","type":"TA","timestamp":"2023-11-09 14:20:04"},{"nodeID":"1357127","text":"Default Rephrase","type":"MA","timestamp":"2023-11-09 14:20:04"},{"nodeID":"1357128","text":"Restating","type":"YA","timestamp":"2023-11-09 14:20:04"},{"nodeID":"1357129","text":"alongside investment, we want better standards for patients, and we want to make sure that people get the appointments they need","type":"I","timestamp":"2023-11-09 14:20:04"},{"nodeID":"1357130","text":"Shabana Mahmood: alongside more money, we want better standards for patients, and we want to make sure that people get the appointments they need","type":"L","timestamp":"2023-11-09 14:20:04"},{"nodeID":"1357131","text":"Analysing","type":"YA","timestamp":"2023-11-09 14:20:04"},{"nodeID":"1357132","text":"Fyfe: Shabana Mahmood: alongside more money, we want better standards for patients, and we want to make sure that people get the appointments they need","type":"L","timestamp":"2023-11-09 14:20:04"},{"nodeID":"1357133","text":"Asserting","type":"YA","timestamp":"2023-11-09 14:20:04"},{"nodeID":"1357134","text":"Default Transition","type":"TA","timestamp":"2023-11-09 14:20:04"},{"nodeID":"1357135","text":"Default Rephrase","type":"MA","timestamp":"2023-11-09 14:20:04"},{"nodeID":"1357136","text":"Restating","type":"YA","timestamp":"2023-11-09 14:20:04"},{"nodeID":"1357137","text":"3,800 more doctors last year, and 9,300 more nurses","type":"I","timestamp":"2023-11-09 14:20:05"},{"nodeID":"1357138","text":"Jacob Rees-Mogg: 3,800 more doctors last year, and 9,300 more nurses","type":"L","timestamp":"2023-11-09 14:20:05"},{"nodeID":"1357139","text":"Analysing","type":"YA","timestamp":"2023-11-09 14:20:05"},{"nodeID":"1357140","text":"Fyfe: Jacob Rees-Mogg: 3,800 more doctors last year, and 9,300 more nurses","type":"L","timestamp":"2023-11-09 14:20:05"},{"nodeID":"1357141","text":"Asserting","type":"YA","timestamp":"2023-11-09 14:20:05"},{"nodeID":"1357142","text":"Default Transition","type":"TA","timestamp":"2023-11-09 14:20:05"},{"nodeID":"1357143","text":"we have all of these vacancies, Jacob Rees-Mogg","type":"I","timestamp":"2023-11-09 14:20:06"},{"nodeID":"1357144","text":"Shabana Mahmood: we have all of these vacancies, Jacob","type":"L","timestamp":"2023-11-09 14:20:06"},{"nodeID":"1357145","text":"Analysing","type":"YA","timestamp":"2023-11-09 14:20:06"},{"nodeID":"1357146","text":"Fyfe: Shabana Mahmood: we have all of these vacancies, Jacob","type":"L","timestamp":"2023-11-09 14:20:06"},{"nodeID":"1357147","text":"Asserting","type":"YA","timestamp":"2023-11-09 14:20:06"},{"nodeID":"1357148","text":"Default Transition","type":"TA","timestamp":"2023-11-09 14:20:06"},{"nodeID":"1357149","text":"Fiona Bruce: there are tens of thousands of vacancies, Jacob","type":"L","timestamp":"2023-11-09 14:20:06"},{"nodeID":"1357150","text":"Analysing","type":"YA","timestamp":"2023-11-09 14:20:06"},{"nodeID":"1357151","text":"Fyfe: Fiona Bruce: there are tens of thousands of vacancies, Jacob","type":"L","timestamp":"2023-11-09 14:20:06"},{"nodeID":"1357152","text":"Default Transition","type":"TA","timestamp":"2023-11-09 14:20:06"},{"nodeID":"1357153","text":"Agreeing","type":"YA","timestamp":"2023-11-09 14:20:06"},{"nodeID":"1357154","text":"that is quite a selective use of figures","type":"I","timestamp":"2023-11-09 14:20:07"},{"nodeID":"1357155","text":"Fiona Bruce: it's quite a selective use of figures","type":"L","timestamp":"2023-11-09 14:20:07"},{"nodeID":"1357156","text":"Analysing","type":"YA","timestamp":"2023-11-09 14:20:07"},{"nodeID":"1357157","text":"Fyfe: Fiona Bruce: it's quite a selective use of figures","type":"L","timestamp":"2023-11-09 14:20:07"},{"nodeID":"1357158","text":"Asserting","type":"YA","timestamp":"2023-11-09 14:20:07"},{"nodeID":"1357159","text":"Default Transition","type":"TA","timestamp":"2023-11-09 14:20:07"},{"nodeID":"1357160","text":"Default Inference","type":"RA","timestamp":"2023-11-09 14:20:07"},{"nodeID":"1357161","text":"Default Conflict","type":"CA","timestamp":"2023-11-09 14:20:07"},{"nodeID":"1357162","text":"Default Transition","type":"TA","timestamp":"2023-11-09 14:20:07"},{"nodeID":"1357163","text":"Arguing","type":"YA","timestamp":"2023-11-09 14:20:07"},{"nodeID":"1357164","text":"there is a huge number of vacancies in the NHS","type":"I","timestamp":"2023-11-09 14:20:07"},{"nodeID":"1357165","text":"Fiona Bruce: there's a huge number of vacancies in the NHS","type":"L","timestamp":"2023-11-09 14:20:07"},{"nodeID":"1357166","text":"Analysing","type":"YA","timestamp":"2023-11-09 14:20:07"},{"nodeID":"1357167","text":"Fyfe: Fiona Bruce: there's a huge number of vacancies in the NHS","type":"L","timestamp":"2023-11-09 14:20:07"},{"nodeID":"1357168","text":"Asserting","type":"YA","timestamp":"2023-11-09 14:20:07"},{"nodeID":"1357169","text":"Default Transition","type":"TA","timestamp":"2023-11-09 14:20:07"},{"nodeID":"1357170","text":"Default Rephrase","type":"MA","timestamp":"2023-11-09 14:20:08"},{"nodeID":"1357171","text":"Default Transition","type":"TA","timestamp":"2023-11-09 14:20:08"},{"nodeID":"1357172","text":"Restating","type":"YA","timestamp":"2023-11-09 14:20:08"},{"nodeID":"1357173","text":"that is a problem","type":"I","timestamp":"2023-11-09 14:20:08"},{"nodeID":"1357174","text":"Fiona Bruce:  that is a problem","type":"L","timestamp":"2023-11-09 14:20:08"},{"nodeID":"1357175","text":"Analysing","type":"YA","timestamp":"2023-11-09 14:20:08"},{"nodeID":"1357176","text":"Fyfe: Fiona Bruce:  that is a problem","type":"L","timestamp":"2023-11-09 14:20:08"},{"nodeID":"1357177","text":"Asserting","type":"YA","timestamp":"2023-11-09 14:20:08"},{"nodeID":"1357178","text":"Default Transition","type":"TA","timestamp":"2023-11-09 14:20:08"},{"nodeID":"1357179","text":"Default Inference","type":"RA","timestamp":"2023-11-09 14:20:08"},{"nodeID":"1357180","text":"Arguing","type":"YA","timestamp":"2023-11-09 14:20:08"},{"nodeID":"1357181","text":"there's a huge number of people working at the NHS","type":"I","timestamp":"2023-11-09 14:20:09"},{"nodeID":"1357182","text":"Jacob Rees-Mogg: there's a huge number of people working there","type":"L","timestamp":"2023-11-09 14:20:09"},{"nodeID":"1357183","text":"Analysing","type":"YA","timestamp":"2023-11-09 14:20:09"},{"nodeID":"1357184","text":"Fyfe: Jacob Rees-Mogg: there's a huge number of people working there","type":"L","timestamp":"2023-11-09 14:20:09"},{"nodeID":"1357185","text":"Asserting","type":"YA","timestamp":"2023-11-09 14:20:09"},{"nodeID":"1357186","text":"Default Transition","type":"TA","timestamp":"2023-11-09 14:20:09"},{"nodeID":"1357187","text":"we clearly haven't got people in the right posts","type":"I","timestamp":"2023-11-09 14:20:10"},{"nodeID":"1357188","text":"Jacob Rees-Mogg: we clearly haven't got people in the right posts","type":"L","timestamp":"2023-11-09 14:20:10"},{"nodeID":"1357189","text":"Analysing","type":"YA","timestamp":"2023-11-09 14:20:10"},{"nodeID":"1357190","text":"Fyfe: Jacob Rees-Mogg: we clearly haven't got people in the right posts","type":"L","timestamp":"2023-11-09 14:20:10"},{"nodeID":"1357191","text":"Asserting","type":"YA","timestamp":"2023-11-09 14:20:10"},{"nodeID":"1357192","text":"Default Transition","type":"TA","timestamp":"2023-11-09 14:20:10"},{"nodeID":"1357193","text":"Default Inference","type":"RA","timestamp":"2023-11-09 14:20:10"},{"nodeID":"1357194","text":"Arguing","type":"YA","timestamp":"2023-11-09 14:20:10"},{"nodeID":"1357195","text":"we have 50,000 vacant nursing posts in England alone, Jacob Rees-Mogg","type":"I","timestamp":"2023-11-09 14:20:11"},{"nodeID":"1357196","text":"Pat Cullen: We have 50,000 vacant nursing posts in England alone, Jacob","type":"L","timestamp":"2023-11-09 14:20:11"},{"nodeID":"1357197","text":"Analysing","type":"YA","timestamp":"2023-11-09 14:20:11"},{"nodeID":"1357198","text":"Fyfe: Pat Cullen: We have 50,000 vacant nursing posts in England alone, Jacob","type":"L","timestamp":"2023-11-09 14:20:11"},{"nodeID":"1357199","text":"Asserting","type":"YA","timestamp":"2023-11-09 14:20:11"},{"nodeID":"1357200","text":"Default Transition","type":"TA","timestamp":"2023-11-09 14:20:11"},{"nodeID":"1357201","text":"Default Rephrase","type":"MA","timestamp":"2023-11-09 14:20:11"},{"nodeID":"1357202","text":"Default Transition","type":"TA","timestamp":"2023-11-09 14:20:11"},{"nodeID":"1357203","text":"Restating","type":"YA","timestamp":"2023-11-09 14:20:11"},{"nodeID":"1357204","text":"you run a service with those vacancies by xxx","type":"I","timestamp":"2023-11-09 14:20:11"},{"nodeID":"1357205","text":"Pat Cullen: how do you run a service with those vacancies","type":"L","timestamp":"2023-11-09 14:20:11"},{"nodeID":"1357206","text":"Analysing","type":"YA","timestamp":"2023-11-09 14:20:11"},{"nodeID":"1357207","text":"Fyfe: Pat Cullen: how do you run a service with those vacancies","type":"L","timestamp":"2023-11-09 14:20:11"},{"nodeID":"1357208","text":"Pure Questioning","type":"YA","timestamp":"2023-11-09 14:20:11"},{"nodeID":"1357209","text":"Default Transition","type":"TA","timestamp":"2023-11-09 14:20:11"},{"nodeID":"1357210","text":"you run a service with those vacancies by employing more every year","type":"I","timestamp":"2023-11-09 14:20:12"},{"nodeID":"1357211","text":"Jacob Rees-Mogg: we are employing more every year","type":"L","timestamp":"2023-11-09 14:20:12"},{"nodeID":"1357212","text":"Analysing","type":"YA","timestamp":"2023-11-09 14:20:12"},{"nodeID":"1357213","text":"Fyfe: Jacob Rees-Mogg: we are employing more every year","type":"L","timestamp":"2023-11-09 14:20:12"},{"nodeID":"1357214","text":"Asserting","type":"YA","timestamp":"2023-11-09 14:20:12"},{"nodeID":"1357215","text":"Default Transition","type":"TA","timestamp":"2023-11-09 14:20:12"},{"nodeID":"1357216","text":"Default Rephrase","type":"MA","timestamp":"2023-11-09 14:20:12"},{"nodeID":"1357217","text":"Default Illocuting","type":"YA","timestamp":"2023-11-09 14:20:12"},{"nodeID":"1357218","text":"we're not retaining nurses in the system, that\u2019s the problem","type":"I","timestamp":"2023-11-09 14:20:13"},{"nodeID":"1357219","text":"Pat Cullen: we're not retaining them in the system, that\u2019s the problem","type":"L","timestamp":"2023-11-09 14:20:13"},{"nodeID":"1357220","text":"Analysing","type":"YA","timestamp":"2023-11-09 14:20:13"},{"nodeID":"1357221","text":"Fyfe: Pat Cullen: we're not retaining them in the system, that\u2019s the problem","type":"L","timestamp":"2023-11-09 14:20:13"},{"nodeID":"1357222","text":"Asserting","type":"YA","timestamp":"2023-11-09 14:20:13"},{"nodeID":"1357223","text":"Default Transition","type":"TA","timestamp":"2023-11-09 14:20:13"},{"nodeID":"1357224","text":"the NHS are not retaining nurses because xxx","type":"I","timestamp":"2023-11-09 14:20:14"},{"nodeID":"1357225","text":"Pat Cullen: why are we not retaining them","type":"L","timestamp":"2023-11-09 14:20:14"},{"nodeID":"1357226","text":"Analysing","type":"YA","timestamp":"2023-11-09 14:20:14"},{"nodeID":"1357227","text":"Fyfe: Pat Cullen: why are we not retaining them","type":"L","timestamp":"2023-11-09 14:20:14"},{"nodeID":"1357228","text":"Pure Questioning","type":"YA","timestamp":"2023-11-09 14:20:14"},{"nodeID":"1357229","text":"Default Transition","type":"TA","timestamp":"2023-11-09 14:20:14"},{"nodeID":"1357230","text":"the NHS are not retaining nurses because we are not paying them a decent wage, that\u2019s the bottom line","type":"I","timestamp":"2023-11-09 14:20:15"},{"nodeID":"1357231","text":"Pat Cullen: because we're not paying them a decent wage, that\u2019s the bottom line","type":"L","timestamp":"2023-11-09 14:20:15"},{"nodeID":"1357232","text":"Analysing","type":"YA","timestamp":"2023-11-09 14:20:15"},{"nodeID":"1357233","text":"Fyfe: Pat Cullen: because we're not paying them a decent wage, that\u2019s the bottom line","type":"L","timestamp":"2023-11-09 14:20:15"},{"nodeID":"1357234","text":"Asserting","type":"YA","timestamp":"2023-11-09 14:20:15"},{"nodeID":"1357235","text":"Default Transition","type":"TA","timestamp":"2023-11-09 14:20:15"},{"nodeID":"1357236","text":"Default Rephrase","type":"MA","timestamp":"2023-11-09 14:20:15"},{"nodeID":"1357237","text":"This is a net figure, not a gross one","type":"I","timestamp":"2023-11-09 14:20:15"},{"nodeID":"1357238","text":"Jacob Rees-Mogg: This is a net figure, not a gross one","type":"L","timestamp":"2023-11-09 14:20:15"},{"nodeID":"1357239","text":"Analysing","type":"YA","timestamp":"2023-11-09 14:20:15"},{"nodeID":"1357240","text":"Fyfe: Jacob Rees-Mogg: This is a net figure, not a gross one","type":"L","timestamp":"2023-11-09 14:20:15"},{"nodeID":"1357241","text":"Asserting","type":"YA","timestamp":"2023-11-09 14:20:15"},{"nodeID":"1357242","text":"Default Transition","type":"TA","timestamp":"2023-11-09 14:20:15"},{"nodeID":"1357243","text":"Default Illocuting","type":"YA","timestamp":"2023-11-09 14:20:15"}],"edges":[{"edgeID":"1776785","fromID":"1357113","toID":"1357112","formEdgeID":null},{"edgeID":"1776786","fromID":"1357112","toID":"1357114","formEdgeID":null},{"edgeID":"1776787","fromID":"1357114","toID":"1357116","formEdgeID":null},{"edgeID":"1776788","fromID":"1357116","toID":"1357115","formEdgeID":null},{"edgeID":"1776789","fromID":"1357117","toID":"1357114","formEdgeID":null},{"edgeID":"1776790","fromID":"1357119","toID":"1357117","formEdgeID":null},{"edgeID":"1776791","fromID":"1357118","toID":"1357120","formEdgeID":null},{"edgeID":"1776792","fromID":"1357120","toID":"1357119","formEdgeID":null},{"edgeID":"1776793","fromID":"1357123","toID":"1357122","formEdgeID":null},{"edgeID":"1776794","fromID":"1357124","toID":"1357123","formEdgeID":null},{"edgeID":"1776795","fromID":"1357122","toID":"1357125","formEdgeID":null},{"edgeID":"1776796","fromID":"1357125","toID":"1357121","formEdgeID":null},{"edgeID":"1776797","fromID":"1357119","toID":"1357126","formEdgeID":null},{"edgeID":"1776798","fromID":"1357126","toID":"1357122","formEdgeID":null},{"edgeID":"1776799","fromID":"1357121","toID":"1357127","formEdgeID":null},{"edgeID":"1776800","fromID":"1357127","toID":"1357115","formEdgeID":null},{"edgeID":"1776801","fromID":"1357126","toID":"1357128","formEdgeID":null},{"edgeID":"1776802","fromID":"1357128","toID":"1357127","formEdgeID":null},{"edgeID":"1776803","fromID":"1357131","toID":"1357130","formEdgeID":null},{"edgeID":"1776804","fromID":"1357132","toID":"1357131","formEdgeID":null},{"edgeID":"1776805","fromID":"1357130","toID":"1357133","formEdgeID":null},{"edgeID":"1776806","fromID":"1357133","toID":"1357129","formEdgeID":null},{"edgeID":"1776807","fromID":"1357122","toID":"1357134","formEdgeID":null},{"edgeID":"1776808","fromID":"1357134","toID":"1357130","formEdgeID":null},{"edgeID":"1776809","fromID":"1357129","toID":"1357135","formEdgeID":null},{"edgeID":"1776810","fromID":"1357135","toID":"1357115","formEdgeID":null},{"edgeID":"1776811","fromID":"1357134","toID":"1357136","formEdgeID":null},{"edgeID":"1776812","fromID":"1357136","toID":"1357135","formEdgeID":null},{"edgeID":"1776813","fromID":"1357139","toID":"1357138","formEdgeID":null},{"edgeID":"1776814","fromID":"1357140","toID":"1357139","formEdgeID":null},{"edgeID":"1776815","fromID":"1357138","toID":"1357141","formEdgeID":null},{"edgeID":"1776816","fromID":"1357141","toID":"1357137","formEdgeID":null},{"edgeID":"1776817","fromID":"1357130","toID":"1357142","formEdgeID":null},{"edgeID":"1776818","fromID":"1357142","toID":"1357138","formEdgeID":null},{"edgeID":"1776819","fromID":"1357145","toID":"1357144","formEdgeID":null},{"edgeID":"1776820","fromID":"1357146","toID":"1357145","formEdgeID":null},{"edgeID":"1776821","fromID":"1357144","toID":"1357147","formEdgeID":null},{"edgeID":"1776822","fromID":"1357147","toID":"1357143","formEdgeID":null},{"edgeID":"1776823","fromID":"1357138","toID":"1357148","formEdgeID":null},{"edgeID":"1776824","fromID":"1357148","toID":"1357144","formEdgeID":null},{"edgeID":"1776825","fromID":"1357150","toID":"1357149","formEdgeID":null},{"edgeID":"1776826","fromID":"1357151","toID":"1357150","formEdgeID":null},{"edgeID":"1776827","fromID":"1357144","toID":"1357152","formEdgeID":null},{"edgeID":"1776828","fromID":"1357152","toID":"1357149","formEdgeID":null},{"edgeID":"1776829","fromID":"1357152","toID":"1357153","formEdgeID":null},{"edgeID":"1776830","fromID":"1357153","toID":"1357143","formEdgeID":null},{"edgeID":"1776831","fromID":"1357156","toID":"1357155","formEdgeID":null},{"edgeID":"1776832","fromID":"1357157","toID":"1357156","formEdgeID":null},{"edgeID":"1776833","fromID":"1357155","toID":"1357158","formEdgeID":null},{"edgeID":"1776834","fromID":"1357158","toID":"1357154","formEdgeID":null},{"edgeID":"1776835","fromID":"1357149","toID":"1357159","formEdgeID":null},{"edgeID":"1776836","fromID":"1357159","toID":"1357155","formEdgeID":null},{"edgeID":"1776837","fromID":"1357143","toID":"1357160","formEdgeID":null},{"edgeID":"1776838","fromID":"1357160","toID":"1357154","formEdgeID":null},{"edgeID":"1776839","fromID":"1357154","toID":"1357161","formEdgeID":null},{"edgeID":"1776840","fromID":"1357161","toID":"1357137","formEdgeID":null},{"edgeID":"1776841","fromID":"1357144","toID":"1357162","formEdgeID":null},{"edgeID":"1776842","fromID":"1357162","toID":"1357155","formEdgeID":null},{"edgeID":"1776843","fromID":"1357162","toID":"1357163","formEdgeID":null},{"edgeID":"1776844","fromID":"1357163","toID":"1357160","formEdgeID":null},{"edgeID":"1776845","fromID":"1357166","toID":"1357165","formEdgeID":null},{"edgeID":"1776846","fromID":"1357167","toID":"1357166","formEdgeID":null},{"edgeID":"1776847","fromID":"1357165","toID":"1357168","formEdgeID":null},{"edgeID":"1776848","fromID":"1357168","toID":"1357164","formEdgeID":null},{"edgeID":"1776849","fromID":"1357155","toID":"1357169","formEdgeID":null},{"edgeID":"1776850","fromID":"1357169","toID":"1357165","formEdgeID":null},{"edgeID":"1776851","fromID":"1357164","toID":"1357170","formEdgeID":null},{"edgeID":"1776852","fromID":"1357170","toID":"1357143","formEdgeID":null},{"edgeID":"1776853","fromID":"1357144","toID":"1357171","formEdgeID":null},{"edgeID":"1776854","fromID":"1357171","toID":"1357165","formEdgeID":null},{"edgeID":"1776855","fromID":"1357171","toID":"1357172","formEdgeID":null},{"edgeID":"1776856","fromID":"1357172","toID":"1357170","formEdgeID":null},{"edgeID":"1776857","fromID":"1357175","toID":"1357174","formEdgeID":null},{"edgeID":"1776858","fromID":"1357176","toID":"1357175","formEdgeID":null},{"edgeID":"1776859","fromID":"1357174","toID":"1357177","formEdgeID":null},{"edgeID":"1776860","fromID":"1357177","toID":"1357173","formEdgeID":null},{"edgeID":"1776861","fromID":"1357165","toID":"1357178","formEdgeID":null},{"edgeID":"1776862","fromID":"1357178","toID":"1357174","formEdgeID":null},{"edgeID":"1776863","fromID":"1357164","toID":"1357179","formEdgeID":null},{"edgeID":"1776864","fromID":"1357179","toID":"1357173","formEdgeID":null},{"edgeID":"1776865","fromID":"1357178","toID":"1357180","formEdgeID":null},{"edgeID":"1776866","fromID":"1357180","toID":"1357179","formEdgeID":null},{"edgeID":"1776867","fromID":"1357183","toID":"1357182","formEdgeID":null},{"edgeID":"1776868","fromID":"1357184","toID":"1357183","formEdgeID":null},{"edgeID":"1776869","fromID":"1357182","toID":"1357185","formEdgeID":null},{"edgeID":"1776870","fromID":"1357185","toID":"1357181","formEdgeID":null},{"edgeID":"1776871","fromID":"1357174","toID":"1357186","formEdgeID":null},{"edgeID":"1776872","fromID":"1357186","toID":"1357182","formEdgeID":null},{"edgeID":"1776873","fromID":"1357189","toID":"1357188","formEdgeID":null},{"edgeID":"1776874","fromID":"1357190","toID":"1357189","formEdgeID":null},{"edgeID":"1776875","fromID":"1357188","toID":"1357191","formEdgeID":null},{"edgeID":"1776876","fromID":"1357191","toID":"1357187","formEdgeID":null},{"edgeID":"1776877","fromID":"1357182","toID":"1357192","formEdgeID":null},{"edgeID":"1776878","fromID":"1357192","toID":"1357188","formEdgeID":null},{"edgeID":"1776879","fromID":"1357187","toID":"1357193","formEdgeID":null},{"edgeID":"1776880","fromID":"1357193","toID":"1357181","formEdgeID":null},{"edgeID":"1776881","fromID":"1357192","toID":"1357194","formEdgeID":null},{"edgeID":"1776882","fromID":"1357194","toID":"1357193","formEdgeID":null},{"edgeID":"1776883","fromID":"1357197","toID":"1357196","formEdgeID":null},{"edgeID":"1776884","fromID":"1357198","toID":"1357197","formEdgeID":null},{"edgeID":"1776885","fromID":"1357196","toID":"1357199","formEdgeID":null},{"edgeID":"1776886","fromID":"1357199","toID":"1357195","formEdgeID":null},{"edgeID":"1776887","fromID":"1357188","toID":"1357200","formEdgeID":null},{"edgeID":"1776888","fromID":"1357200","toID":"1357196","formEdgeID":null},{"edgeID":"1776889","fromID":"1357195","toID":"1357201","formEdgeID":null},{"edgeID":"1776890","fromID":"1357201","toID":"1357143","formEdgeID":null},{"edgeID":"1776891","fromID":"1357144","toID":"1357202","formEdgeID":null},{"edgeID":"1776892","fromID":"1357202","toID":"1357196","formEdgeID":null},{"edgeID":"1776893","fromID":"1357202","toID":"1357203","formEdgeID":null},{"edgeID":"1776894","fromID":"1357203","toID":"1357201","formEdgeID":null},{"edgeID":"1776895","fromID":"1357206","toID":"1357205","formEdgeID":null},{"edgeID":"1776896","fromID":"1357207","toID":"1357206","formEdgeID":null},{"edgeID":"1776897","fromID":"1357205","toID":"1357208","formEdgeID":null},{"edgeID":"1776898","fromID":"1357208","toID":"1357204","formEdgeID":null},{"edgeID":"1776899","fromID":"1357196","toID":"1357209","formEdgeID":null},{"edgeID":"1776900","fromID":"1357209","toID":"1357205","formEdgeID":null},{"edgeID":"1776901","fromID":"1357212","toID":"1357211","formEdgeID":null},{"edgeID":"1776902","fromID":"1357213","toID":"1357212","formEdgeID":null},{"edgeID":"1776903","fromID":"1357211","toID":"1357214","formEdgeID":null},{"edgeID":"1776904","fromID":"1357214","toID":"1357210","formEdgeID":null},{"edgeID":"1776905","fromID":"1357205","toID":"1357215","formEdgeID":null},{"edgeID":"1776906","fromID":"1357215","toID":"1357211","formEdgeID":null},{"edgeID":"1776907","fromID":"1357210","toID":"1357216","formEdgeID":null},{"edgeID":"1776908","fromID":"1357216","toID":"1357204","formEdgeID":null},{"edgeID":"1776909","fromID":"1357215","toID":"1357217","formEdgeID":null},{"edgeID":"1776910","fromID":"1357217","toID":"1357216","formEdgeID":null},{"edgeID":"1776911","fromID":"1357220","toID":"1357219","formEdgeID":null},{"edgeID":"1776912","fromID":"1357221","toID":"1357220","formEdgeID":null},{"edgeID":"1776913","fromID":"1357219","toID":"1357222","formEdgeID":null},{"edgeID":"1776914","fromID":"1357222","toID":"1357218","formEdgeID":null},{"edgeID":"1776915","fromID":"1357211","toID":"1357223","formEdgeID":null},{"edgeID":"1776916","fromID":"1357223","toID":"1357219","formEdgeID":null},{"edgeID":"1776917","fromID":"1357226","toID":"1357225","formEdgeID":null},{"edgeID":"1776918","fromID":"1357227","toID":"1357226","formEdgeID":null},{"edgeID":"1776919","fromID":"1357225","toID":"1357228","formEdgeID":null},{"edgeID":"1776920","fromID":"1357228","toID":"1357224","formEdgeID":null},{"edgeID":"1776921","fromID":"1357219","toID":"1357229","formEdgeID":null},{"edgeID":"1776922","fromID":"1357229","toID":"1357225","formEdgeID":null},{"edgeID":"1776923","fromID":"1357232","toID":"1357231","formEdgeID":null},{"edgeID":"1776924","fromID":"1357233","toID":"1357232","formEdgeID":null},{"edgeID":"1776925","fromID":"1357231","toID":"1357234","formEdgeID":null},{"edgeID":"1776926","fromID":"1357234","toID":"1357230","formEdgeID":null},{"edgeID":"1776927","fromID":"1357225","toID":"1357235","formEdgeID":null},{"edgeID":"1776928","fromID":"1357235","toID":"1357231","formEdgeID":null},{"edgeID":"1776929","fromID":"1357230","toID":"1357236","formEdgeID":null},{"edgeID":"1776930","fromID":"1357236","toID":"1357224","formEdgeID":null},{"edgeID":"1776931","fromID":"1357239","toID":"1357238","formEdgeID":null},{"edgeID":"1776932","fromID":"1357240","toID":"1357239","formEdgeID":null},{"edgeID":"1776933","fromID":"1357238","toID":"1357241","formEdgeID":null},{"edgeID":"1776934","fromID":"1357241","toID":"1357237","formEdgeID":null},{"edgeID":"1776935","fromID":"1357231","toID":"1357242","formEdgeID":null},{"edgeID":"1776936","fromID":"1357242","toID":"1357238","formEdgeID":null},{"edgeID":"1776937","fromID":"1357235","toID":"1357243","formEdgeID":null},{"edgeID":"1776938","fromID":"1357243","toID":"1357236","formEdgeID":null}],"locutions":[]}