{"nodes":[{"nodeID":"1356117","text":"Jacob Rees-Mogg didn\u2019t oppose the nurses striking","type":"I","timestamp":"2023-11-09 14:18:05"},{"nodeID":"1356118","text":"Peter Hitchens: You didn\u2019t oppose it","type":"L","timestamp":"2023-11-09 14:18:05"},{"nodeID":"1356119","text":"Analysing","type":"YA","timestamp":"2023-11-09 14:18:05"},{"nodeID":"1356120","text":"Anon: Peter Hitchens: You didn\u2019t oppose it","type":"L","timestamp":"2023-11-09 14:18:05"},{"nodeID":"1356121","text":"Asserting","type":"YA","timestamp":"2023-11-09 14:18:05"},{"nodeID":"1356122","text":"there was no senior political figure who opposed this lunacy","type":"I","timestamp":"2023-11-09 14:18:05"},{"nodeID":"1356123","text":"Peter Hitchens: there was no senior political figure who opposed this lunacy","type":"L","timestamp":"2023-11-09 14:18:05"},{"nodeID":"1356124","text":"Analysing","type":"YA","timestamp":"2023-11-09 14:18:05"},{"nodeID":"1356125","text":"Anon: Peter Hitchens: there was no senior political figure who opposed this lunacy","type":"L","timestamp":"2023-11-09 14:18:05"},{"nodeID":"1356126","text":"Asserting","type":"YA","timestamp":"2023-11-09 14:18:05"},{"nodeID":"1356127","text":"we now live with this lunacy","type":"I","timestamp":"2023-11-09 14:18:06"},{"nodeID":"1356128","text":"Peter Hitchens: we now live with it","type":"L","timestamp":"2023-11-09 14:18:06"},{"nodeID":"1356129","text":"Analysing","type":"YA","timestamp":"2023-11-09 14:18:06"},{"nodeID":"1356130","text":"Anon: Peter Hitchens: we now live with it","type":"L","timestamp":"2023-11-09 14:18:06"},{"nodeID":"1356131","text":"Asserting","type":"YA","timestamp":"2023-11-09 14:18:06"},{"nodeID":"1356132","text":"the catastrophe is very profound","type":"I","timestamp":"2023-11-09 14:18:07"},{"nodeID":"1356133","text":"Peter Hitchens: the catastrophe is very profound","type":"L","timestamp":"2023-11-09 14:18:07"},{"nodeID":"1356134","text":"Analysing","type":"YA","timestamp":"2023-11-09 14:18:07"},{"nodeID":"1356135","text":"Anon: Peter Hitchens: the catastrophe is very profound","type":"L","timestamp":"2023-11-09 14:18:07"},{"nodeID":"1356136","text":"Asserting","type":"YA","timestamp":"2023-11-09 14:18:07"},{"nodeID":"1356137","text":"Default Transition","type":"TA","timestamp":"2023-11-09 14:18:07"},{"nodeID":"1356138","text":"Default Inference","type":"RA","timestamp":"2023-11-09 14:18:07"},{"nodeID":"1356139","text":"Default Transition","type":"TA","timestamp":"2023-11-09 14:18:07"},{"nodeID":"1356140","text":"Arguing","type":"YA","timestamp":"2023-11-09 14:18:07"},{"nodeID":"1356141","text":"Default Transition","type":"TA","timestamp":"2023-11-09 14:18:07"},{"nodeID":"1356142","text":"the whole industrial position has changed since the 1970s and 1980s","type":"I","timestamp":"2023-11-09 14:18:08"},{"nodeID":"1356143","text":"Peter Hitchens: the whole industrial position has changed since the 1970s and 1980s","type":"L","timestamp":"2023-11-09 14:18:08"},{"nodeID":"1356144","text":"Analysing","type":"YA","timestamp":"2023-11-09 14:18:08"},{"nodeID":"1356145","text":"Anon: Peter Hitchens: the whole industrial position has changed since the 1970s and 1980s","type":"L","timestamp":"2023-11-09 14:18:08"},{"nodeID":"1356146","text":"Asserting","type":"YA","timestamp":"2023-11-09 14:18:08"},{"nodeID":"1356147","text":"Peter Hitchens was an industrial reporter in the 1970s and 1980s, on national newspapers","type":"I","timestamp":"2023-11-09 14:18:09"},{"nodeID":"1356148","text":"Peter Hitchens: I was an industrial reporter at that time, on national newspapers","type":"L","timestamp":"2023-11-09 14:18:09"},{"nodeID":"1356149","text":"Analysing","type":"YA","timestamp":"2023-11-09 14:18:09"},{"nodeID":"1356150","text":"Anon: Peter Hitchens: I was an industrial reporter at that time, on national newspapers","type":"L","timestamp":"2023-11-09 14:18:09"},{"nodeID":"1356151","text":"Asserting","type":"YA","timestamp":"2023-11-09 14:18:09"},{"nodeID":"1356152","text":"Peter Hitchens remembers the whole industrial position of the 1970s and 1980s very well","type":"I","timestamp":"2023-11-09 14:18:10"},{"nodeID":"1356153","text":"Peter Hitchens: I remember it very well","type":"L","timestamp":"2023-11-09 14:18:10"},{"nodeID":"1356154","text":"Analysing","type":"YA","timestamp":"2023-11-09 14:18:10"},{"nodeID":"1356155","text":"Anon: Peter Hitchens: I remember it very well","type":"L","timestamp":"2023-11-09 14:18:10"},{"nodeID":"1356156","text":"Asserting","type":"YA","timestamp":"2023-11-09 14:18:10"},{"nodeID":"1356157","text":"Default Transition","type":"TA","timestamp":"2023-11-09 14:18:10"},{"nodeID":"1356158","text":"Default Transition","type":"TA","timestamp":"2023-11-09 14:18:10"},{"nodeID":"1356159","text":"Default Rephrase","type":"MA","timestamp":"2023-11-09 14:18:10"},{"nodeID":"1356160","text":"Default Transition","type":"TA","timestamp":"2023-11-09 14:18:10"},{"nodeID":"1356161","text":"Restating","type":"YA","timestamp":"2023-11-09 14:18:10"},{"nodeID":"1356162","text":"the Tory Party seems to believe that Margaret Thatcher was tremendously tough, and so they should be like her","type":"I","timestamp":"2023-11-09 14:18:11"},{"nodeID":"1356163","text":"Peter Hitchens: the Tory Party seems to believe that Margaret Thatcher was tremendously tough, and so they should be like her","type":"L","timestamp":"2023-11-09 14:18:11"},{"nodeID":"1356164","text":"Analysing","type":"YA","timestamp":"2023-11-09 14:18:11"},{"nodeID":"1356165","text":"Anon: Peter Hitchens: the Tory Party seems to believe that Margaret Thatcher was tremendously tough, and so they should be like her","type":"L","timestamp":"2023-11-09 14:18:11"},{"nodeID":"1356166","text":"Asserting","type":"YA","timestamp":"2023-11-09 14:18:11"},{"nodeID":"1356167","text":"the first thing that Margaret Thatcher did when she came into office was to pay the public sector quite large increases","type":"I","timestamp":"2023-11-09 14:18:12"},{"nodeID":"1356168","text":"Peter Hitchens: the first thing that Margaret Thatcher did when she came into office, pretty much, was to pay the public sector quite large increases","type":"L","timestamp":"2023-11-09 14:18:12"},{"nodeID":"1356169","text":"Analysing","type":"YA","timestamp":"2023-11-09 14:18:12"},{"nodeID":"1356170","text":"Anon: Peter Hitchens: the first thing that Margaret Thatcher did when she came into office, pretty much, was to pay the public sector quite large increases","type":"L","timestamp":"2023-11-09 14:18:12"},{"nodeID":"1356171","text":"Asserting","type":"YA","timestamp":"2023-11-09 14:18:12"},{"nodeID":"1356172","text":"Default Transition","type":"TA","timestamp":"2023-11-09 14:18:12"},{"nodeID":"1356173","text":"Default Transition","type":"TA","timestamp":"2023-11-09 14:18:12"},{"nodeID":"1356174","text":"Default Conflict","type":"CA","timestamp":"2023-11-09 14:18:12"},{"nodeID":"1356175","text":"Disagreeing","type":"YA","timestamp":"2023-11-09 14:18:12"},{"nodeID":"1356176","text":"Margaret Thatcher avoided another winter of discontent","type":"I","timestamp":"2023-11-09 14:18:13"},{"nodeID":"1356177","text":"Peter Hitchens: to avoid another winter of discontent","type":"L","timestamp":"2023-11-09 14:18:13"},{"nodeID":"1356178","text":"Analysing","type":"YA","timestamp":"2023-11-09 14:18:13"},{"nodeID":"1356179","text":"Anon: Peter Hitchens: to avoid another winter of discontent","type":"L","timestamp":"2023-11-09 14:18:13"},{"nodeID":"1356180","text":"Asserting","type":"YA","timestamp":"2023-11-09 14:18:13"},{"nodeID":"1356181","text":"Default Inference","type":"RA","timestamp":"2023-11-09 14:18:13"},{"nodeID":"1356182","text":"Default Transition","type":"TA","timestamp":"2023-11-09 14:18:13"},{"nodeID":"1356183","text":"Arguing","type":"YA","timestamp":"2023-11-09 14:18:13"},{"nodeID":"1356184","text":"Margaret Thatcher didn\u2019t walk into these public discontent problems","type":"I","timestamp":"2023-11-09 14:18:14"},{"nodeID":"1356185","text":"Peter Hitchens: She didn\u2019t walk into these problems","type":"L","timestamp":"2023-11-09 14:18:14"},{"nodeID":"1356186","text":"Analysing","type":"YA","timestamp":"2023-11-09 14:18:14"},{"nodeID":"1356187","text":"Anon: Peter Hitchens: She didn\u2019t walk into these problems","type":"L","timestamp":"2023-11-09 14:18:14"},{"nodeID":"1356188","text":"Asserting","type":"YA","timestamp":"2023-11-09 14:18:14"},{"nodeID":"1356189","text":"Peter Hitchens doesn't see why the Tories today should","type":"I","timestamp":"2023-11-09 14:18:15"},{"nodeID":"1356190","text":"Peter Hitchens: I don't see why they should","type":"L","timestamp":"2023-11-09 14:18:15"},{"nodeID":"1356191","text":"Analysing","type":"YA","timestamp":"2023-11-09 14:18:15"},{"nodeID":"1356192","text":"Anon: Peter Hitchens: I don't see why they should","type":"L","timestamp":"2023-11-09 14:18:15"},{"nodeID":"1356193","text":"Asserting","type":"YA","timestamp":"2023-11-09 14:18:15"},{"nodeID":"1356194","text":"Default Inference","type":"RA","timestamp":"2023-11-09 14:18:15"},{"nodeID":"1356195","text":"Default Transition","type":"TA","timestamp":"2023-11-09 14:18:15"},{"nodeID":"1356196","text":"Arguing","type":"YA","timestamp":"2023-11-09 14:18:15"},{"nodeID":"1356197","text":"Default Rephrase","type":"MA","timestamp":"2023-11-09 14:18:15"},{"nodeID":"1356198","text":"Default Transition","type":"TA","timestamp":"2023-11-09 14:18:15"},{"nodeID":"1356199","text":"Restating","type":"YA","timestamp":"2023-11-09 14:18:15"},{"nodeID":"1356200","text":"a large part of the private sector simply is no longer unionised in the way that it was back in the 1970s and 1980s","type":"I","timestamp":"2023-11-09 14:18:16"},{"nodeID":"1356201","text":"Peter Hitchens: A large part of the private sector simply is no longer unionised in the way that it was back in the 1970s and 1980s","type":"L","timestamp":"2023-11-09 14:18:16"},{"nodeID":"1356202","text":"Analysing","type":"YA","timestamp":"2023-11-09 14:18:16"},{"nodeID":"1356203","text":"Anon: Peter Hitchens: A large part of the private sector simply is no longer unionised in the way that it was back in the 1970s and 1980s","type":"L","timestamp":"2023-11-09 14:18:16"},{"nodeID":"1356204","text":"Asserting","type":"YA","timestamp":"2023-11-09 14:18:16"},{"nodeID":"1356205","text":"the private sector won't pile in","type":"I","timestamp":"2023-11-09 14:18:16"},{"nodeID":"1356206","text":"Peter Hitchens: it won't happen","type":"L","timestamp":"2023-11-09 14:18:16"},{"nodeID":"1356207","text":"Analysing","type":"YA","timestamp":"2023-11-09 14:18:16"},{"nodeID":"1356208","text":"Anon: Peter Hitchens: it won't happen","type":"L","timestamp":"2023-11-09 14:18:16"},{"nodeID":"1356209","text":"Asserting","type":"YA","timestamp":"2023-11-09 14:18:16"},{"nodeID":"1356210","text":"Peter Hitchens doesn't know why the Tories have walled themselves into this ridiculous position","type":"I","timestamp":"2023-11-09 14:18:17"},{"nodeID":"1356211","text":"Peter Hitchens: I don't know why they\u2019ve walled themselves into this ridiculous position","type":"L","timestamp":"2023-11-09 14:18:17"},{"nodeID":"1356212","text":"Analysing","type":"YA","timestamp":"2023-11-09 14:18:17"},{"nodeID":"1356213","text":"Anon: Peter Hitchens: I don't know why they\u2019ve walled themselves into this ridiculous position","type":"L","timestamp":"2023-11-09 14:18:17"},{"nodeID":"1356214","text":"Asserting","type":"YA","timestamp":"2023-11-09 14:18:17"},{"nodeID":"1356215","text":"it's perfectly possible to make intelligent concessions","type":"I","timestamp":"2023-11-09 14:18:18"},{"nodeID":"1356216","text":"Peter Hitchens: It's perfectly possible to make intelligent concessions","type":"L","timestamp":"2023-11-09 14:18:18"},{"nodeID":"1356217","text":"Analysing","type":"YA","timestamp":"2023-11-09 14:18:18"},{"nodeID":"1356218","text":"Anon: Peter Hitchens: It's perfectly possible to make intelligent concessions","type":"L","timestamp":"2023-11-09 14:18:18"},{"nodeID":"1356219","text":"Asserting","type":"YA","timestamp":"2023-11-09 14:18:18"},{"nodeID":"1356220","text":"the Tories have caused inflation","type":"I","timestamp":"2023-11-09 14:18:19"},{"nodeID":"1356221","text":"Peter Hitchens: the inflation which they\u2019ve caused","type":"L","timestamp":"2023-11-09 14:18:19"},{"nodeID":"1356222","text":"Analysing","type":"YA","timestamp":"2023-11-09 14:18:19"},{"nodeID":"1356223","text":"Anon: Peter Hitchens: he inflation which they\u2019ve caused","type":"L","timestamp":"2023-11-09 14:18:19"},{"nodeID":"1356224","text":"Asserting","type":"YA","timestamp":"2023-11-09 14:18:19"},{"nodeID":"1356225","text":"the Tories are 'burning down the house to get rid of a wasp's nest'","type":"I","timestamp":"2023-11-09 14:18:19"},{"nodeID":"1356226","text":"Peter Hitchens: through burning down the house to get rid of a wasp's nest","type":"L","timestamp":"2023-11-09 14:18:19"},{"nodeID":"1356227","text":"Analysing","type":"YA","timestamp":"2023-11-09 14:18:19"},{"nodeID":"1356228","text":"Anon: Peter Hitchens: through burning down the house to get rid of a wasp's nest","type":"L","timestamp":"2023-11-09 14:18:19"},{"nodeID":"1356229","text":"Asserting","type":"YA","timestamp":"2023-11-09 14:18:19"},{"nodeID":"1356230","text":"we have all, everybody in this country, have had to take a pay cut","type":"I","timestamp":"2023-11-09 14:18:20"},{"nodeID":"1356231","text":"Peter Hitchens: we are all, everybody in this country, have had to take a pay cut","type":"L","timestamp":"2023-11-09 14:18:20"},{"nodeID":"1356232","text":"Analysing","type":"YA","timestamp":"2023-11-09 14:18:20"},{"nodeID":"1356233","text":"Anon: Peter Hitchens: we are all, everybody in this country, have had to take a pay cut","type":"L","timestamp":"2023-11-09 14:18:20"},{"nodeID":"1356234","text":"Asserting","type":"YA","timestamp":"2023-11-09 14:18:20"},{"nodeID":"1356235","text":"Default Transition","type":"TA","timestamp":"2023-11-09 14:18:20"},{"nodeID":"1356236","text":"Default Transition","type":"TA","timestamp":"2023-11-09 14:18:20"},{"nodeID":"1356237","text":"Default Transition","type":"TA","timestamp":"2023-11-09 14:18:20"},{"nodeID":"1356238","text":"Default Rephrase","type":"MA","timestamp":"2023-11-09 14:18:20"},{"nodeID":"1356239","text":"Default Transition","type":"TA","timestamp":"2023-11-09 14:18:20"},{"nodeID":"1356240","text":"Restating","type":"YA","timestamp":"2023-11-09 14:18:20"},{"nodeID":"1356241","text":"Default Inference","type":"RA","timestamp":"2023-11-09 14:18:20"},{"nodeID":"1356242","text":"Arguing","type":"YA","timestamp":"2023-11-09 14:18:20"},{"nodeID":"1356243","text":"Default Inference","type":"RA","timestamp":"2023-11-09 14:18:20"},{"nodeID":"1356244","text":"Default Rephrase","type":"MA","timestamp":"2023-11-09 14:18:20"},{"nodeID":"1356245","text":"Default Transition","type":"TA","timestamp":"2023-11-09 14:18:20"},{"nodeID":"1356246","text":"Restating","type":"YA","timestamp":"2023-11-09 14:18:20"},{"nodeID":"1356247","text":"Default Transition","type":"TA","timestamp":"2023-11-09 14:18:20"},{"nodeID":"1356248","text":"Arguing","type":"YA","timestamp":"2023-11-09 14:18:20"},{"nodeID":"1356249","text":"it's simply not economically true, now, that if you grant public sector workers pay increases, that the private sector will pile in","type":"I","timestamp":"2023-11-09 14:18:21"},{"nodeID":"1356250","text":"Peter Hitchens: it's simply not economically true, now, that if you grant public sector workers pay increases, that the private sector will pile in","type":"L","timestamp":"2023-11-09 14:18:21"},{"nodeID":"1356251","text":"Analysing","type":"YA","timestamp":"2023-11-09 14:18:21"},{"nodeID":"1356252","text":"Anon: Peter Hitchens: it's simply not economically true, now, that if you grant public sector workers pay increases, that the private sector will pile in","type":"L","timestamp":"2023-11-09 14:18:21"},{"nodeID":"1356253","text":"Asserting","type":"YA","timestamp":"2023-11-09 14:18:21"},{"nodeID":"1356254","text":"Default Transition","type":"TA","timestamp":"2023-11-09 14:18:21"},{"nodeID":"1356255","text":"Default Transition","type":"TA","timestamp":"2023-11-09 14:18:21"},{"nodeID":"1356256","text":"Default Inference","type":"RA","timestamp":"2023-11-09 14:18:21"},{"nodeID":"1356257","text":"Arguing","type":"YA","timestamp":"2023-11-09 14:18:21"},{"nodeID":"1356258","text":"Default Inference","type":"RA","timestamp":"2023-11-09 14:18:21"},{"nodeID":"1356259","text":"Default Transition","type":"TA","timestamp":"2023-11-09 14:18:21"},{"nodeID":"1356260","text":"Arguing","type":"YA","timestamp":"2023-11-09 14:18:21"},{"nodeID":"1356261","text":"Default Rephrase","type":"MA","timestamp":"2023-11-09 14:18:21"},{"nodeID":"1356262","text":"Default Transition","type":"TA","timestamp":"2023-11-09 14:18:21"},{"nodeID":"1356263","text":"Restating","type":"YA","timestamp":"2023-11-09 14:18:21"}],"edges":[{"edgeID":"1775578","fromID":"1356119","toID":"1356118","formEdgeID":null},{"edgeID":"1775579","fromID":"1356120","toID":"1356119","formEdgeID":null},{"edgeID":"1775580","fromID":"1356118","toID":"1356121","formEdgeID":null},{"edgeID":"1775581","fromID":"1356121","toID":"1356117","formEdgeID":null},{"edgeID":"1775582","fromID":"1356124","toID":"1356123","formEdgeID":null},{"edgeID":"1775583","fromID":"1356125","toID":"1356124","formEdgeID":null},{"edgeID":"1775584","fromID":"1356123","toID":"1356126","formEdgeID":null},{"edgeID":"1775585","fromID":"1356126","toID":"1356122","formEdgeID":null},{"edgeID":"1775586","fromID":"1356129","toID":"1356128","formEdgeID":null},{"edgeID":"1775587","fromID":"1356130","toID":"1356129","formEdgeID":null},{"edgeID":"1775588","fromID":"1356128","toID":"1356131","formEdgeID":null},{"edgeID":"1775589","fromID":"1356131","toID":"1356127","formEdgeID":null},{"edgeID":"1775590","fromID":"1356134","toID":"1356133","formEdgeID":null},{"edgeID":"1775591","fromID":"1356135","toID":"1356134","formEdgeID":null},{"edgeID":"1775592","fromID":"1356133","toID":"1356136","formEdgeID":null},{"edgeID":"1775593","fromID":"1356136","toID":"1356132","formEdgeID":null},{"edgeID":"1775594","fromID":"1356118","toID":"1356137","formEdgeID":null},{"edgeID":"1775595","fromID":"1356137","toID":"1356123","formEdgeID":null},{"edgeID":"1775596","fromID":"1356122","toID":"1356138","formEdgeID":null},{"edgeID":"1775597","fromID":"1356138","toID":"1356127","formEdgeID":null},{"edgeID":"1775598","fromID":"1356123","toID":"1356139","formEdgeID":null},{"edgeID":"1775599","fromID":"1356139","toID":"1356128","formEdgeID":null},{"edgeID":"1775600","fromID":"1356139","toID":"1356140","formEdgeID":null},{"edgeID":"1775601","fromID":"1356140","toID":"1356138","formEdgeID":null},{"edgeID":"1775602","fromID":"1356128","toID":"1356141","formEdgeID":null},{"edgeID":"1775603","fromID":"1356141","toID":"1356133","formEdgeID":null},{"edgeID":"1775604","fromID":"1356144","toID":"1356143","formEdgeID":null},{"edgeID":"1775605","fromID":"1356145","toID":"1356144","formEdgeID":null},{"edgeID":"1775606","fromID":"1356143","toID":"1356146","formEdgeID":null},{"edgeID":"1775607","fromID":"1356146","toID":"1356142","formEdgeID":null},{"edgeID":"1775608","fromID":"1356149","toID":"1356148","formEdgeID":null},{"edgeID":"1775609","fromID":"1356150","toID":"1356149","formEdgeID":null},{"edgeID":"1775610","fromID":"1356148","toID":"1356151","formEdgeID":null},{"edgeID":"1775611","fromID":"1356151","toID":"1356147","formEdgeID":null},{"edgeID":"1775612","fromID":"1356154","toID":"1356153","formEdgeID":null},{"edgeID":"1775613","fromID":"1356155","toID":"1356154","formEdgeID":null},{"edgeID":"1775614","fromID":"1356153","toID":"1356156","formEdgeID":null},{"edgeID":"1775615","fromID":"1356156","toID":"1356152","formEdgeID":null},{"edgeID":"1775616","fromID":"1356133","toID":"1356157","formEdgeID":null},{"edgeID":"1775617","fromID":"1356157","toID":"1356143","formEdgeID":null},{"edgeID":"1775618","fromID":"1356143","toID":"1356158","formEdgeID":null},{"edgeID":"1775619","fromID":"1356158","toID":"1356148","formEdgeID":null},{"edgeID":"1775620","fromID":"1356152","toID":"1356159","formEdgeID":null},{"edgeID":"1775621","fromID":"1356159","toID":"1356147","formEdgeID":null},{"edgeID":"1775622","fromID":"1356148","toID":"1356160","formEdgeID":null},{"edgeID":"1775623","fromID":"1356160","toID":"1356153","formEdgeID":null},{"edgeID":"1775624","fromID":"1356160","toID":"1356161","formEdgeID":null},{"edgeID":"1775625","fromID":"1356161","toID":"1356159","formEdgeID":null},{"edgeID":"1775626","fromID":"1356164","toID":"1356163","formEdgeID":null},{"edgeID":"1775627","fromID":"1356165","toID":"1356164","formEdgeID":null},{"edgeID":"1775628","fromID":"1356163","toID":"1356166","formEdgeID":null},{"edgeID":"1775629","fromID":"1356166","toID":"1356162","formEdgeID":null},{"edgeID":"1775630","fromID":"1356169","toID":"1356168","formEdgeID":null},{"edgeID":"1775631","fromID":"1356170","toID":"1356169","formEdgeID":null},{"edgeID":"1775632","fromID":"1356168","toID":"1356171","formEdgeID":null},{"edgeID":"1775633","fromID":"1356171","toID":"1356167","formEdgeID":null},{"edgeID":"1775634","fromID":"1356153","toID":"1356172","formEdgeID":null},{"edgeID":"1775635","fromID":"1356172","toID":"1356163","formEdgeID":null},{"edgeID":"1775636","fromID":"1356163","toID":"1356173","formEdgeID":null},{"edgeID":"1775637","fromID":"1356173","toID":"1356168","formEdgeID":null},{"edgeID":"1775638","fromID":"1356167","toID":"1356174","formEdgeID":null},{"edgeID":"1775639","fromID":"1356174","toID":"1356162","formEdgeID":null},{"edgeID":"1775640","fromID":"1356173","toID":"1356175","formEdgeID":null},{"edgeID":"1775641","fromID":"1356175","toID":"1356174","formEdgeID":null},{"edgeID":"1775642","fromID":"1356178","toID":"1356177","formEdgeID":null},{"edgeID":"1775643","fromID":"1356179","toID":"1356178","formEdgeID":null},{"edgeID":"1775644","fromID":"1356177","toID":"1356180","formEdgeID":null},{"edgeID":"1775645","fromID":"1356180","toID":"1356176","formEdgeID":null},{"edgeID":"1775646","fromID":"1356176","toID":"1356181","formEdgeID":null},{"edgeID":"1775647","fromID":"1356181","toID":"1356167","formEdgeID":null},{"edgeID":"1775648","fromID":"1356168","toID":"1356182","formEdgeID":null},{"edgeID":"1775649","fromID":"1356182","toID":"1356177","formEdgeID":null},{"edgeID":"1775650","fromID":"1356182","toID":"1356183","formEdgeID":null},{"edgeID":"1775651","fromID":"1356183","toID":"1356181","formEdgeID":null},{"edgeID":"1775652","fromID":"1356186","toID":"1356185","formEdgeID":null},{"edgeID":"1775653","fromID":"1356187","toID":"1356186","formEdgeID":null},{"edgeID":"1775654","fromID":"1356185","toID":"1356188","formEdgeID":null},{"edgeID":"1775655","fromID":"1356188","toID":"1356184","formEdgeID":null},{"edgeID":"1775656","fromID":"1356191","toID":"1356190","formEdgeID":null},{"edgeID":"1775657","fromID":"1356192","toID":"1356191","formEdgeID":null},{"edgeID":"1775658","fromID":"1356190","toID":"1356193","formEdgeID":null},{"edgeID":"1775659","fromID":"1356193","toID":"1356189","formEdgeID":null},{"edgeID":"1775660","fromID":"1356184","toID":"1356194","formEdgeID":null},{"edgeID":"1775661","fromID":"1356194","toID":"1356189","formEdgeID":null},{"edgeID":"1775662","fromID":"1356185","toID":"1356195","formEdgeID":null},{"edgeID":"1775663","fromID":"1356195","toID":"1356190","formEdgeID":null},{"edgeID":"1775664","fromID":"1356195","toID":"1356196","formEdgeID":null},{"edgeID":"1775665","fromID":"1356196","toID":"1356194","formEdgeID":null},{"edgeID":"1775666","fromID":"1356184","toID":"1356197","formEdgeID":null},{"edgeID":"1775667","fromID":"1356197","toID":"1356167","formEdgeID":null},{"edgeID":"1775668","fromID":"1356168","toID":"1356198","formEdgeID":null},{"edgeID":"1775669","fromID":"1356198","toID":"1356185","formEdgeID":null},{"edgeID":"1775670","fromID":"1356198","toID":"1356199","formEdgeID":null},{"edgeID":"1775671","fromID":"1356199","toID":"1356197","formEdgeID":null},{"edgeID":"1775672","fromID":"1356202","toID":"1356201","formEdgeID":null},{"edgeID":"1775673","fromID":"1356203","toID":"1356202","formEdgeID":null},{"edgeID":"1775674","fromID":"1356201","toID":"1356204","formEdgeID":null},{"edgeID":"1775675","fromID":"1356204","toID":"1356200","formEdgeID":null},{"edgeID":"1775676","fromID":"1356207","toID":"1356206","formEdgeID":null},{"edgeID":"1775677","fromID":"1356208","toID":"1356207","formEdgeID":null},{"edgeID":"1775678","fromID":"1356206","toID":"1356209","formEdgeID":null},{"edgeID":"1775679","fromID":"1356209","toID":"1356205","formEdgeID":null},{"edgeID":"1775680","fromID":"1356212","toID":"1356211","formEdgeID":null},{"edgeID":"1775681","fromID":"1356213","toID":"1356212","formEdgeID":null},{"edgeID":"1775682","fromID":"1356211","toID":"1356214","formEdgeID":null},{"edgeID":"1775683","fromID":"1356214","toID":"1356210","formEdgeID":null},{"edgeID":"1775684","fromID":"1356217","toID":"1356216","formEdgeID":null},{"edgeID":"1775685","fromID":"1356218","toID":"1356217","formEdgeID":null},{"edgeID":"1775686","fromID":"1356216","toID":"1356219","formEdgeID":null},{"edgeID":"1775687","fromID":"1356219","toID":"1356215","formEdgeID":null},{"edgeID":"1775688","fromID":"1356222","toID":"1356221","formEdgeID":null},{"edgeID":"1775689","fromID":"1356223","toID":"1356222","formEdgeID":null},{"edgeID":"1775690","fromID":"1356221","toID":"1356224","formEdgeID":null},{"edgeID":"1775691","fromID":"1356224","toID":"1356220","formEdgeID":null},{"edgeID":"1775692","fromID":"1356227","toID":"1356226","formEdgeID":null},{"edgeID":"1775693","fromID":"1356228","toID":"1356227","formEdgeID":null},{"edgeID":"1775694","fromID":"1356226","toID":"1356229","formEdgeID":null},{"edgeID":"1775695","fromID":"1356229","toID":"1356225","formEdgeID":null},{"edgeID":"1775696","fromID":"1356232","toID":"1356231","formEdgeID":null},{"edgeID":"1775697","fromID":"1356233","toID":"1356232","formEdgeID":null},{"edgeID":"1775698","fromID":"1356231","toID":"1356234","formEdgeID":null},{"edgeID":"1775699","fromID":"1356234","toID":"1356230","formEdgeID":null},{"edgeID":"1775700","fromID":"1356206","toID":"1356235","formEdgeID":null},{"edgeID":"1775701","fromID":"1356235","toID":"1356211","formEdgeID":null},{"edgeID":"1775702","fromID":"1356211","toID":"1356236","formEdgeID":null},{"edgeID":"1775703","fromID":"1356236","toID":"1356216","formEdgeID":null},{"edgeID":"1775704","fromID":"1356216","toID":"1356237","formEdgeID":null},{"edgeID":"1775705","fromID":"1356237","toID":"1356221","formEdgeID":null},{"edgeID":"1775706","fromID":"1356152","toID":"1356238","formEdgeID":null},{"edgeID":"1775707","fromID":"1356238","toID":"1356142","formEdgeID":null},{"edgeID":"1775708","fromID":"1356239","toID":"1356153","formEdgeID":null},{"edgeID":"1775709","fromID":"1356143","toID":"1356239","formEdgeID":null},{"edgeID":"1775710","fromID":"1356239","toID":"1356240","formEdgeID":null},{"edgeID":"1775711","fromID":"1356240","toID":"1356238","formEdgeID":null},{"edgeID":"1775712","fromID":"1356215","toID":"1356241","formEdgeID":null},{"edgeID":"1775713","fromID":"1356241","toID":"1356210","formEdgeID":null},{"edgeID":"1775714","fromID":"1356236","toID":"1356242","formEdgeID":null},{"edgeID":"1775715","fromID":"1356242","toID":"1356241","formEdgeID":null},{"edgeID":"1775716","fromID":"1356220","toID":"1356243","formEdgeID":null},{"edgeID":"1775717","fromID":"1356243","toID":"1356230","formEdgeID":null},{"edgeID":"1775718","fromID":"1356225","toID":"1356244","formEdgeID":null},{"edgeID":"1775719","fromID":"1356244","toID":"1356220","formEdgeID":null},{"edgeID":"1775720","fromID":"1356221","toID":"1356245","formEdgeID":null},{"edgeID":"1775721","fromID":"1356245","toID":"1356226","formEdgeID":null},{"edgeID":"1775722","fromID":"1356245","toID":"1356246","formEdgeID":null},{"edgeID":"1775723","fromID":"1356246","toID":"1356244","formEdgeID":null},{"edgeID":"1775724","fromID":"1356221","toID":"1356247","formEdgeID":null},{"edgeID":"1775725","fromID":"1356247","toID":"1356231","formEdgeID":null},{"edgeID":"1775726","fromID":"1356247","toID":"1356248","formEdgeID":null},{"edgeID":"1775727","fromID":"1356248","toID":"1356243","formEdgeID":null},{"edgeID":"1775728","fromID":"1356251","toID":"1356250","formEdgeID":null},{"edgeID":"1775729","fromID":"1356252","toID":"1356251","formEdgeID":null},{"edgeID":"1775730","fromID":"1356250","toID":"1356253","formEdgeID":null},{"edgeID":"1775731","fromID":"1356253","toID":"1356249","formEdgeID":null},{"edgeID":"1775732","fromID":"1356190","toID":"1356254","formEdgeID":null},{"edgeID":"1775733","fromID":"1356254","toID":"1356250","formEdgeID":null},{"edgeID":"1775734","fromID":"1356250","toID":"1356255","formEdgeID":null},{"edgeID":"1775735","fromID":"1356255","toID":"1356201","formEdgeID":null},{"edgeID":"1775736","fromID":"1356200","toID":"1356256","formEdgeID":null},{"edgeID":"1775737","fromID":"1356256","toID":"1356249","formEdgeID":null},{"edgeID":"1775738","fromID":"1356255","toID":"1356257","formEdgeID":null},{"edgeID":"1775739","fromID":"1356257","toID":"1356256","formEdgeID":null},{"edgeID":"1775740","fromID":"1356200","toID":"1356258","formEdgeID":null},{"edgeID":"1775741","fromID":"1356258","toID":"1356205","formEdgeID":null},{"edgeID":"1775742","fromID":"1356201","toID":"1356259","formEdgeID":null},{"edgeID":"1775743","fromID":"1356259","toID":"1356206","formEdgeID":null},{"edgeID":"1775744","fromID":"1356260","toID":"1356258","formEdgeID":null},{"edgeID":"1775745","fromID":"1356259","toID":"1356260","formEdgeID":null},{"edgeID":"1775746","fromID":"1356205","toID":"1356261","formEdgeID":null},{"edgeID":"1775747","fromID":"1356261","toID":"1356249","formEdgeID":null},{"edgeID":"1775748","fromID":"1356250","toID":"1356262","formEdgeID":null},{"edgeID":"1775749","fromID":"1356262","toID":"1356206","formEdgeID":null},{"edgeID":"1775750","fromID":"1356262","toID":"1356263","formEdgeID":null},{"edgeID":"1775751","fromID":"1356263","toID":"1356261","formEdgeID":null}],"locutions":[]}