{"nodes":[{"nodeID":"1376392","text":"Shabana Mahmood agrees with the comments about the so-called oven-ready Brexit deal","type":"I","timestamp":"2023-11-09 14:48:25"},{"nodeID":"1376393","text":"Shabana Mahmood:  I agree with the comments about the so-called oven-ready deal","type":"L","timestamp":"2023-11-09 14:48:25"},{"nodeID":"1376394","text":"Analysing","type":"YA","timestamp":"2023-11-09 14:48:25"},{"nodeID":"1376395","text":"Mascha: Shabana Mahmood:  I agree with the comments about the so-called oven-ready deal","type":"L","timestamp":"2023-11-09 14:48:25"},{"nodeID":"1376396","text":"Asserting","type":"YA","timestamp":"2023-11-09 14:48:25"},{"nodeID":"1376397","text":"the oven-ready Brexit deal is like a frozen turkey","type":"I","timestamp":"2023-11-09 14:48:26"},{"nodeID":"1376398","text":"Shabana Mahmood:  is like a frozen turkey","type":"L","timestamp":"2023-11-09 14:48:26"},{"nodeID":"1376399","text":"Analysing","type":"YA","timestamp":"2023-11-09 14:48:26"},{"nodeID":"1376400","text":"Mascha: Shabana Mahmood:  is like a frozen turkey","type":"L","timestamp":"2023-11-09 14:48:26"},{"nodeID":"1376401","text":"the oven-ready Brexit deal is still thawing out","type":"I","timestamp":"2023-11-09 14:48:26"},{"nodeID":"1376402","text":"Shabana Mahmood:  it's still thawing out","type":"L","timestamp":"2023-11-09 14:48:26"},{"nodeID":"1376403","text":"Analysing","type":"YA","timestamp":"2023-11-09 14:48:26"},{"nodeID":"1376404","text":"Mascha: Shabana Mahmood:  it's still thawing out","type":"L","timestamp":"2023-11-09 14:48:26"},{"nodeID":"1376405","text":"Asserting","type":"YA","timestamp":"2023-11-09 14:48:26"},{"nodeID":"1376406","text":"Default Transition","type":"TA","timestamp":"2023-11-09 14:48:26"},{"nodeID":"1376407","text":"Default Rephrase","type":"MA","timestamp":"2023-11-09 14:48:26"},{"nodeID":"1376408","text":"Restating","type":"YA","timestamp":"2023-11-09 14:48:26"},{"nodeID":"1376409","text":"the thawing out of the oven-ready Brexit deal is where the Government has really been asleep at the wheel","type":"I","timestamp":"2023-11-09 14:48:27"},{"nodeID":"1376410","text":"Shabana Mahmood: that\u2019s where the Government has really been asleep at the wheel","type":"L","timestamp":"2023-11-09 14:48:27"},{"nodeID":"1376411","text":"Analysing","type":"YA","timestamp":"2023-11-09 14:48:27"},{"nodeID":"1376412","text":"Mascha: Shabana Mahmood: that\u2019s where the Government has really been asleep at the wheel","type":"L","timestamp":"2023-11-09 14:48:27"},{"nodeID":"1376413","text":"Asserting","type":"YA","timestamp":"2023-11-09 14:48:27"},{"nodeID":"1376414","text":"Default Transition","type":"TA","timestamp":"2023-11-09 14:48:27"},{"nodeID":"1376415","text":"the government could, and should, have gotten a stronger deal with our partners in the European Union","type":"I","timestamp":"2023-11-09 14:48:28"},{"nodeID":"1376416","text":"Shabana Mahmood: They could, and should, have got a stronger deal with our partners in the European Union","type":"L","timestamp":"2023-11-09 14:48:28"},{"nodeID":"1376417","text":"Analysing","type":"YA","timestamp":"2023-11-09 14:48:28"},{"nodeID":"1376418","text":"Mascha: Shabana Mahmood: They could, and should, have got a stronger deal with our partners in the European Union","type":"L","timestamp":"2023-11-09 14:48:28"},{"nodeID":"1376419","text":"Asserting","type":"YA","timestamp":"2023-11-09 14:48:28"},{"nodeID":"1376420","text":"Default Transition","type":"TA","timestamp":"2023-11-09 14:48:28"},{"nodeID":"1376421","text":"Default Inference","type":"RA","timestamp":"2023-11-09 14:48:28"},{"nodeID":"1376422","text":"Arguing","type":"YA","timestamp":"2023-11-09 14:48:28"},{"nodeID":"1376423","text":"it would help if you don't trash your relationships with the people that you want to do a deal with","type":"I","timestamp":"2023-11-09 14:48:28"},{"nodeID":"1376424","text":"Shabana Mahmood: It would help if you don't trash your relationships with the people that you want to do a deal with","type":"L","timestamp":"2023-11-09 14:48:28"},{"nodeID":"1376425","text":"Analysing","type":"YA","timestamp":"2023-11-09 14:48:28"},{"nodeID":"1376426","text":"Mascha: Shabana Mahmood: It would help if you don't trash your relationships with the people that you want to do a deal with","type":"L","timestamp":"2023-11-09 14:48:28"},{"nodeID":"1376427","text":"Asserting","type":"YA","timestamp":"2023-11-09 14:48:28"},{"nodeID":"1376428","text":"Default Transition","type":"TA","timestamp":"2023-11-09 14:48:28"},{"nodeID":"1376429","text":"other countries don't owe us a living","type":"I","timestamp":"2023-11-09 14:48:29"},{"nodeID":"1376430","text":"Shabana Mahmood: Other countries don't owe us a living","type":"L","timestamp":"2023-11-09 14:48:29"},{"nodeID":"1376431","text":"Analysing","type":"YA","timestamp":"2023-11-09 14:48:29"},{"nodeID":"1376432","text":"Mascha: Shabana Mahmood: Other countries don't owe us a living","type":"L","timestamp":"2023-11-09 14:48:29"},{"nodeID":"1376433","text":"Asserting","type":"YA","timestamp":"2023-11-09 14:48:29"},{"nodeID":"1376434","text":"as Shabana Mahmood said earlier as well, when they were talking about small boat crossings","type":"I","timestamp":"2023-11-09 14:48:29"},{"nodeID":"1376435","text":"Shabana Mahmood:  As I said earlier as well, when we were talking about small boat crossings","type":"L","timestamp":"2023-11-09 14:48:29"},{"nodeID":"1376436","text":"Analysing","type":"YA","timestamp":"2023-11-09 14:48:29"},{"nodeID":"1376437","text":"Mascha: Shabana Mahmood:  As I said earlier as well, when we were talking about small boat crossings","type":"L","timestamp":"2023-11-09 14:48:29"},{"nodeID":"1376438","text":"Asserting","type":"YA","timestamp":"2023-11-09 14:48:29"},{"nodeID":"1376439","text":"Default Transition","type":"TA","timestamp":"2023-11-09 14:48:29"},{"nodeID":"1376440","text":"Default Inference","type":"RA","timestamp":"2023-11-09 14:48:29"},{"nodeID":"1376441","text":"Default Transition","type":"TA","timestamp":"2023-11-09 14:48:29"},{"nodeID":"1376442","text":"Arguing","type":"YA","timestamp":"2023-11-09 14:48:29"},{"nodeID":"1376443","text":"other countries don't owe us favours","type":"I","timestamp":"2023-11-09 14:48:30"},{"nodeID":"1376444","text":"Shabana Mahmood: they don't owe us favours","type":"L","timestamp":"2023-11-09 14:48:30"},{"nodeID":"1376445","text":"Analysing","type":"YA","timestamp":"2023-11-09 14:48:30"},{"nodeID":"1376446","text":"Mascha: Shabana Mahmood: they don't owe us favours","type":"L","timestamp":"2023-11-09 14:48:30"},{"nodeID":"1376447","text":"Asserting","type":"YA","timestamp":"2023-11-09 14:48:30"},{"nodeID":"1376448","text":"Default Transition","type":"TA","timestamp":"2023-11-09 14:48:30"},{"nodeID":"1376449","text":"Default Rephrase","type":"MA","timestamp":"2023-11-09 14:48:30"},{"nodeID":"1376450","text":"Restating","type":"YA","timestamp":"2023-11-09 14:48:30"},{"nodeID":"1376451","text":"other countries don't have to do deals with us","type":"I","timestamp":"2023-11-09 14:48:31"},{"nodeID":"1376452","text":"Shabana Mahmood: they don't have to do deals with us","type":"L","timestamp":"2023-11-09 14:48:31"},{"nodeID":"1376453","text":"Analysing","type":"YA","timestamp":"2023-11-09 14:48:31"},{"nodeID":"1376454","text":"Mascha: Shabana Mahmood: they don't have to do deals with us","type":"L","timestamp":"2023-11-09 14:48:31"},{"nodeID":"1376455","text":"Asserting","type":"YA","timestamp":"2023-11-09 14:48:31"},{"nodeID":"1376456","text":"Default Transition","type":"TA","timestamp":"2023-11-09 14:48:31"},{"nodeID":"1376457","text":"Default Rephrase","type":"MA","timestamp":"2023-11-09 14:48:31"},{"nodeID":"1376458","text":"Restating","type":"YA","timestamp":"2023-11-09 14:48:31"},{"nodeID":"1376459","text":"we have to have a grown-up approach to our relationships with the people that we want to do deals with","type":"I","timestamp":"2023-11-09 14:48:31"},{"nodeID":"1376460","text":"Shabana Mahmood: we have to have a grown-up approach to our relationships with the people that we want to do deals with","type":"L","timestamp":"2023-11-09 14:48:31"},{"nodeID":"1376461","text":"Analysing","type":"YA","timestamp":"2023-11-09 14:48:31"},{"nodeID":"1376462","text":"Mascha: Shabana Mahmood: we have to have a grown-up approach to our relationships with the people that we want to do deals with","type":"L","timestamp":"2023-11-09 14:48:31"},{"nodeID":"1376463","text":"Asserting","type":"YA","timestamp":"2023-11-09 14:48:31"},{"nodeID":"1376464","text":"Default Transition","type":"TA","timestamp":"2023-11-09 14:48:31"},{"nodeID":"1376465","text":"Default Rephrase","type":"MA","timestamp":"2023-11-09 14:48:31"},{"nodeID":"1376466","text":"Restating","type":"YA","timestamp":"2023-11-09 14:48:31"},{"nodeID":"1376467","text":"Default Inference","type":"RA","timestamp":"2023-11-09 14:48:31"},{"nodeID":"1376468","text":"Default Transition","type":"TA","timestamp":"2023-11-09 14:48:31"},{"nodeID":"1376469","text":"Arguing","type":"YA","timestamp":"2023-11-09 14:48:31"},{"nodeID":"1376470","text":"we've got to be really clear-eyed about what those deals need to include","type":"I","timestamp":"2023-11-09 14:48:32"},{"nodeID":"1376471","text":"Shabana Mahmood:  we've got to be really clear-eyed about what those deals need to include","type":"L","timestamp":"2023-11-09 14:48:32"},{"nodeID":"1376472","text":"Analysing","type":"YA","timestamp":"2023-11-09 14:48:32"},{"nodeID":"1376473","text":"Mascha: Shabana Mahmood:  we've got to be really clear-eyed about what those deals need to include","type":"L","timestamp":"2023-11-09 14:48:32"},{"nodeID":"1376474","text":"Asserting","type":"YA","timestamp":"2023-11-09 14:48:32"},{"nodeID":"1376475","text":"having a grown-up approach to relations and a clear vision for the deals are some of the ways that we could improve the current Brexit deal that we've got","type":"I","timestamp":"2023-11-09 14:48:33"},{"nodeID":"1376476","text":"Shabana Mahmood: some of the ways that we could improve the current Brexit deal that we've got","type":"L","timestamp":"2023-11-09 14:48:33"},{"nodeID":"1376477","text":"Analysing","type":"YA","timestamp":"2023-11-09 14:48:33"},{"nodeID":"1376478","text":"Mascha: Shabana Mahmood: some of the ways that we could improve the current Brexit deal that we've got","type":"L","timestamp":"2023-11-09 14:48:33"},{"nodeID":"1376479","text":"Asserting","type":"YA","timestamp":"2023-11-09 14:48:33"},{"nodeID":"1376480","text":"Default Transition","type":"TA","timestamp":"2023-11-09 14:48:33"},{"nodeID":"1376481","text":"Default Inference","type":"RA","timestamp":"2023-11-09 14:48:33"},{"nodeID":"1376482","text":"Default Transition","type":"TA","timestamp":"2023-11-09 14:48:33"},{"nodeID":"1376483","text":"Arguing","type":"YA","timestamp":"2023-11-09 14:48:33"},{"nodeID":"1376484","text":"Default Rephrase","type":"MA","timestamp":"2023-11-09 14:48:33"},{"nodeID":"1376485","text":"Restating","type":"YA","timestamp":"2023-11-09 14:48:33"},{"nodeID":"1376486","text":"having a grown-up approach to relations and a clear vision for the deals would ease the pressures that we're seeing in our ports","type":"I","timestamp":"2023-11-09 14:48:33"},{"nodeID":"1376487","text":"Shabana Mahmood: that would ease the pressures that we're seeing in our ports","type":"L","timestamp":"2023-11-09 14:48:33"},{"nodeID":"1376488","text":"Analysing","type":"YA","timestamp":"2023-11-09 14:48:33"},{"nodeID":"1376489","text":"Mascha: Shabana Mahmood: that would ease the pressures that we're seeing in our ports","type":"L","timestamp":"2023-11-09 14:48:33"},{"nodeID":"1376490","text":"Asserting","type":"YA","timestamp":"2023-11-09 14:48:33"},{"nodeID":"1376491","text":"Default Transition","type":"TA","timestamp":"2023-11-09 14:48:33"},{"nodeID":"1376492","text":"Default Rephrase","type":"MA","timestamp":"2023-11-09 14:48:33"},{"nodeID":"1376493","text":"Restating","type":"YA","timestamp":"2023-11-09 14:48:33"},{"nodeID":"1376494","text":"having a grown-up approach to relations and a clear vision for the deals would stop all of the economic impacts that we're seeing","type":"I","timestamp":"2023-11-09 14:48:34"},{"nodeID":"1376495","text":"Shabana Mahmood: that would stop all of the economic impacts that we're seeing","type":"L","timestamp":"2023-11-09 14:48:34"},{"nodeID":"1376496","text":"Analysing","type":"YA","timestamp":"2023-11-09 14:48:34"},{"nodeID":"1376497","text":"Mascha: Shabana Mahmood: that would stop all of the economic impacts that we're seeing","type":"L","timestamp":"2023-11-09 14:48:34"},{"nodeID":"1376498","text":"Asserting","type":"YA","timestamp":"2023-11-09 14:48:34"},{"nodeID":"1376499","text":"Default Transition","type":"TA","timestamp":"2023-11-09 14:48:34"},{"nodeID":"1376500","text":"Default Rephrase","type":"MA","timestamp":"2023-11-09 14:48:34"},{"nodeID":"1376501","text":"Restating","type":"YA","timestamp":"2023-11-09 14:48:34"},{"nodeID":"1376502","text":"we should get a veterinary services agreement with the European Union","type":"I","timestamp":"2023-11-09 14:48:35"},{"nodeID":"1376503","text":"Shabana Mahmood: We should get a veterinary services agreement with the European Union","type":"L","timestamp":"2023-11-09 14:48:35"},{"nodeID":"1376504","text":"Analysing","type":"YA","timestamp":"2023-11-09 14:48:35"},{"nodeID":"1376505","text":"Mascha: Shabana Mahmood: We should get a veterinary services agreement with the European Union","type":"L","timestamp":"2023-11-09 14:48:35"},{"nodeID":"1376506","text":"Asserting","type":"YA","timestamp":"2023-11-09 14:48:35"},{"nodeID":"1376507","text":"getting a veterinary services agreement with the European Union would stop the issues with the Northern Ireland border","type":"I","timestamp":"2023-11-09 14:48:35"},{"nodeID":"1376508","text":"Shabana Mahmood:  that would stop the issues with the Northern Ireland border","type":"L","timestamp":"2023-11-09 14:48:35"},{"nodeID":"1376509","text":"Analysing","type":"YA","timestamp":"2023-11-09 14:48:35"},{"nodeID":"1376510","text":"Mascha: Shabana Mahmood:  that would stop the issues with the Northern Ireland border","type":"L","timestamp":"2023-11-09 14:48:35"},{"nodeID":"1376511","text":"Asserting","type":"YA","timestamp":"2023-11-09 14:48:35"},{"nodeID":"1376512","text":"Default Transition","type":"TA","timestamp":"2023-11-09 14:48:35"},{"nodeID":"1376513","text":"getting a veterinary services agreement with the European Union would stop the issues with food supply","type":"I","timestamp":"2023-11-09 14:48:36"},{"nodeID":"1376514","text":"Shabana Mahmood:  it would stop the issues with food supply","type":"L","timestamp":"2023-11-09 14:48:36"},{"nodeID":"1376515","text":"Analysing","type":"YA","timestamp":"2023-11-09 14:48:36"},{"nodeID":"1376516","text":"Mascha: Shabana Mahmood:  it would stop the issues with food supply","type":"L","timestamp":"2023-11-09 14:48:36"},{"nodeID":"1376517","text":"Asserting","type":"YA","timestamp":"2023-11-09 14:48:36"},{"nodeID":"1376518","text":"Default Inference","type":"RA","timestamp":"2023-11-09 14:48:36"},{"nodeID":"1376519","text":"Default Transition","type":"TA","timestamp":"2023-11-09 14:48:36"},{"nodeID":"1376520","text":"Arguing","type":"YA","timestamp":"2023-11-09 14:48:36"},{"nodeID":"1376521","text":"Chris: AudienceMember 20230112QT24: the oven-ready Brexit deal is like a frozen turkey","type":"L","timestamp":"2023-11-09 14:48:36"},{"nodeID":"1376522","text":"AudienceMember 20230112QT24: the oven-ready Brexit deal is like a frozen turkey","type":"L","timestamp":"2023-11-09 14:48:36"},{"nodeID":"1376523","text":"Analysing","type":"YA","timestamp":"2023-11-09 14:48:36"},{"nodeID":"1376524","text":"Asserting","type":"YA","timestamp":"2023-11-09 14:48:36"},{"nodeID":"1376525","text":"Default Illocuting","type":"YA","timestamp":"2023-11-09 14:48:36"},{"nodeID":"1376526","text":"Default Transition","type":"TA","timestamp":"2023-11-09 14:48:36"},{"nodeID":"1376527","text":"Agreeing","type":"YA","timestamp":"2023-11-09 14:48:36"},{"nodeID":"1376528","text":"Agreeing","type":"YA","timestamp":"2023-11-09 14:48:36"},{"nodeID":"1376529","text":"Default Rephrase","type":"MA","timestamp":"2023-11-09 14:48:36"},{"nodeID":"1376530","text":"Default Transition","type":"TA","timestamp":"2023-11-09 14:48:36"},{"nodeID":"1376531","text":"Restating","type":"YA","timestamp":"2023-11-09 14:48:36"}],"edges":[{"edgeID":"1799706","fromID":"1376394","toID":"1376393","formEdgeID":null},{"edgeID":"1799707","fromID":"1376395","toID":"1376394","formEdgeID":null},{"edgeID":"1799708","fromID":"1376393","toID":"1376396","formEdgeID":null},{"edgeID":"1799709","fromID":"1376396","toID":"1376392","formEdgeID":null},{"edgeID":"1799710","fromID":"1376399","toID":"1376398","formEdgeID":null},{"edgeID":"1799711","fromID":"1376400","toID":"1376399","formEdgeID":null},{"edgeID":"1799712","fromID":"1376403","toID":"1376402","formEdgeID":null},{"edgeID":"1799713","fromID":"1376404","toID":"1376403","formEdgeID":null},{"edgeID":"1799714","fromID":"1376402","toID":"1376405","formEdgeID":null},{"edgeID":"1799715","fromID":"1376405","toID":"1376401","formEdgeID":null},{"edgeID":"1799716","fromID":"1376398","toID":"1376406","formEdgeID":null},{"edgeID":"1799717","fromID":"1376406","toID":"1376402","formEdgeID":null},{"edgeID":"1799718","fromID":"1376401","toID":"1376407","formEdgeID":null},{"edgeID":"1799719","fromID":"1376407","toID":"1376397","formEdgeID":null},{"edgeID":"1799720","fromID":"1376406","toID":"1376408","formEdgeID":null},{"edgeID":"1799721","fromID":"1376408","toID":"1376407","formEdgeID":null},{"edgeID":"1799722","fromID":"1376411","toID":"1376410","formEdgeID":null},{"edgeID":"1799723","fromID":"1376412","toID":"1376411","formEdgeID":null},{"edgeID":"1799724","fromID":"1376410","toID":"1376413","formEdgeID":null},{"edgeID":"1799725","fromID":"1376413","toID":"1376409","formEdgeID":null},{"edgeID":"1799726","fromID":"1376402","toID":"1376414","formEdgeID":null},{"edgeID":"1799727","fromID":"1376414","toID":"1376410","formEdgeID":null},{"edgeID":"1799728","fromID":"1376417","toID":"1376416","formEdgeID":null},{"edgeID":"1799729","fromID":"1376418","toID":"1376417","formEdgeID":null},{"edgeID":"1799730","fromID":"1376416","toID":"1376419","formEdgeID":null},{"edgeID":"1799731","fromID":"1376419","toID":"1376415","formEdgeID":null},{"edgeID":"1799732","fromID":"1376410","toID":"1376420","formEdgeID":null},{"edgeID":"1799733","fromID":"1376420","toID":"1376416","formEdgeID":null},{"edgeID":"1799734","fromID":"1376415","toID":"1376421","formEdgeID":null},{"edgeID":"1799735","fromID":"1376421","toID":"1376409","formEdgeID":null},{"edgeID":"1799736","fromID":"1376420","toID":"1376422","formEdgeID":null},{"edgeID":"1799737","fromID":"1376422","toID":"1376421","formEdgeID":null},{"edgeID":"1799738","fromID":"1376425","toID":"1376424","formEdgeID":null},{"edgeID":"1799739","fromID":"1376426","toID":"1376425","formEdgeID":null},{"edgeID":"1799740","fromID":"1376424","toID":"1376427","formEdgeID":null},{"edgeID":"1799741","fromID":"1376427","toID":"1376423","formEdgeID":null},{"edgeID":"1799742","fromID":"1376416","toID":"1376428","formEdgeID":null},{"edgeID":"1799743","fromID":"1376428","toID":"1376424","formEdgeID":null},{"edgeID":"1799744","fromID":"1376431","toID":"1376430","formEdgeID":null},{"edgeID":"1799745","fromID":"1376432","toID":"1376431","formEdgeID":null},{"edgeID":"1799746","fromID":"1376430","toID":"1376433","formEdgeID":null},{"edgeID":"1799747","fromID":"1376433","toID":"1376429","formEdgeID":null},{"edgeID":"1799748","fromID":"1376436","toID":"1376435","formEdgeID":null},{"edgeID":"1799749","fromID":"1376437","toID":"1376436","formEdgeID":null},{"edgeID":"1799750","fromID":"1376435","toID":"1376438","formEdgeID":null},{"edgeID":"1799751","fromID":"1376438","toID":"1376434","formEdgeID":null},{"edgeID":"1799752","fromID":"1376424","toID":"1376439","formEdgeID":null},{"edgeID":"1799753","fromID":"1376439","toID":"1376435","formEdgeID":null},{"edgeID":"1799754","fromID":"1376429","toID":"1376440","formEdgeID":null},{"edgeID":"1799755","fromID":"1376440","toID":"1376423","formEdgeID":null},{"edgeID":"1799756","fromID":"1376424","toID":"1376441","formEdgeID":null},{"edgeID":"1799757","fromID":"1376441","toID":"1376430","formEdgeID":null},{"edgeID":"1799758","fromID":"1376441","toID":"1376442","formEdgeID":null},{"edgeID":"1799759","fromID":"1376442","toID":"1376440","formEdgeID":null},{"edgeID":"1799760","fromID":"1376445","toID":"1376444","formEdgeID":null},{"edgeID":"1799761","fromID":"1376446","toID":"1376445","formEdgeID":null},{"edgeID":"1799762","fromID":"1376444","toID":"1376447","formEdgeID":null},{"edgeID":"1799763","fromID":"1376447","toID":"1376443","formEdgeID":null},{"edgeID":"1799764","fromID":"1376430","toID":"1376448","formEdgeID":null},{"edgeID":"1799765","fromID":"1376448","toID":"1376444","formEdgeID":null},{"edgeID":"1799766","fromID":"1376443","toID":"1376449","formEdgeID":null},{"edgeID":"1799767","fromID":"1376449","toID":"1376429","formEdgeID":null},{"edgeID":"1799768","fromID":"1376448","toID":"1376450","formEdgeID":null},{"edgeID":"1799769","fromID":"1376450","toID":"1376449","formEdgeID":null},{"edgeID":"1799770","fromID":"1376453","toID":"1376452","formEdgeID":null},{"edgeID":"1799771","fromID":"1376454","toID":"1376453","formEdgeID":null},{"edgeID":"1799772","fromID":"1376452","toID":"1376455","formEdgeID":null},{"edgeID":"1799773","fromID":"1376455","toID":"1376451","formEdgeID":null},{"edgeID":"1799774","fromID":"1376444","toID":"1376456","formEdgeID":null},{"edgeID":"1799775","fromID":"1376456","toID":"1376452","formEdgeID":null},{"edgeID":"1799776","fromID":"1376451","toID":"1376457","formEdgeID":null},{"edgeID":"1799777","fromID":"1376457","toID":"1376449","formEdgeID":null},{"edgeID":"1799778","fromID":"1376456","toID":"1376458","formEdgeID":null},{"edgeID":"1799779","fromID":"1376458","toID":"1376457","formEdgeID":null},{"edgeID":"1799780","fromID":"1376461","toID":"1376460","formEdgeID":null},{"edgeID":"1799781","fromID":"1376462","toID":"1376461","formEdgeID":null},{"edgeID":"1799782","fromID":"1376460","toID":"1376463","formEdgeID":null},{"edgeID":"1799783","fromID":"1376463","toID":"1376459","formEdgeID":null},{"edgeID":"1799784","fromID":"1376424","toID":"1376464","formEdgeID":null},{"edgeID":"1799785","fromID":"1376464","toID":"1376460","formEdgeID":null},{"edgeID":"1799786","fromID":"1376459","toID":"1376465","formEdgeID":null},{"edgeID":"1799787","fromID":"1376465","toID":"1376423","formEdgeID":null},{"edgeID":"1799788","fromID":"1376464","toID":"1376466","formEdgeID":null},{"edgeID":"1799789","fromID":"1376466","toID":"1376465","formEdgeID":null},{"edgeID":"1799790","fromID":"1376451","toID":"1376467","formEdgeID":null},{"edgeID":"1799791","fromID":"1376467","toID":"1376459","formEdgeID":null},{"edgeID":"1799792","fromID":"1376452","toID":"1376468","formEdgeID":null},{"edgeID":"1799793","fromID":"1376468","toID":"1376460","formEdgeID":null},{"edgeID":"1799794","fromID":"1376468","toID":"1376469","formEdgeID":null},{"edgeID":"1799795","fromID":"1376469","toID":"1376467","formEdgeID":null},{"edgeID":"1799796","fromID":"1376472","toID":"1376471","formEdgeID":null},{"edgeID":"1799797","fromID":"1376473","toID":"1376472","formEdgeID":null},{"edgeID":"1799798","fromID":"1376471","toID":"1376474","formEdgeID":null},{"edgeID":"1799799","fromID":"1376474","toID":"1376470","formEdgeID":null},{"edgeID":"1799800","fromID":"1376477","toID":"1376476","formEdgeID":null},{"edgeID":"1799801","fromID":"1376478","toID":"1376477","formEdgeID":null},{"edgeID":"1799802","fromID":"1376476","toID":"1376479","formEdgeID":null},{"edgeID":"1799803","fromID":"1376479","toID":"1376475","formEdgeID":null},{"edgeID":"1799804","fromID":"1376471","toID":"1376480","formEdgeID":null},{"edgeID":"1799805","fromID":"1376480","toID":"1376476","formEdgeID":null},{"edgeID":"1799806","fromID":"1376470","toID":"1376481","formEdgeID":null},{"edgeID":"1799807","fromID":"1376481","toID":"1376451","formEdgeID":null},{"edgeID":"1799808","fromID":"1376452","toID":"1376482","formEdgeID":null},{"edgeID":"1799809","fromID":"1376482","toID":"1376471","formEdgeID":null},{"edgeID":"1799810","fromID":"1376482","toID":"1376483","formEdgeID":null},{"edgeID":"1799811","fromID":"1376483","toID":"1376481","formEdgeID":null},{"edgeID":"1799812","fromID":"1376475","toID":"1376484","formEdgeID":null},{"edgeID":"1799813","fromID":"1376484","toID":"1376470","formEdgeID":null},{"edgeID":"1799814","fromID":"1376480","toID":"1376485","formEdgeID":null},{"edgeID":"1799815","fromID":"1376485","toID":"1376484","formEdgeID":null},{"edgeID":"1799816","fromID":"1376488","toID":"1376487","formEdgeID":null},{"edgeID":"1799817","fromID":"1376489","toID":"1376488","formEdgeID":null},{"edgeID":"1799818","fromID":"1376487","toID":"1376490","formEdgeID":null},{"edgeID":"1799819","fromID":"1376490","toID":"1376486","formEdgeID":null},{"edgeID":"1799820","fromID":"1376476","toID":"1376491","formEdgeID":null},{"edgeID":"1799821","fromID":"1376491","toID":"1376487","formEdgeID":null},{"edgeID":"1799822","fromID":"1376486","toID":"1376492","formEdgeID":null},{"edgeID":"1799823","fromID":"1376492","toID":"1376475","formEdgeID":null},{"edgeID":"1799824","fromID":"1376491","toID":"1376493","formEdgeID":null},{"edgeID":"1799825","fromID":"1376493","toID":"1376492","formEdgeID":null},{"edgeID":"1799826","fromID":"1376496","toID":"1376495","formEdgeID":null},{"edgeID":"1799827","fromID":"1376497","toID":"1376496","formEdgeID":null},{"edgeID":"1799828","fromID":"1376495","toID":"1376498","formEdgeID":null},{"edgeID":"1799829","fromID":"1376498","toID":"1376494","formEdgeID":null},{"edgeID":"1799830","fromID":"1376487","toID":"1376499","formEdgeID":null},{"edgeID":"1799831","fromID":"1376499","toID":"1376495","formEdgeID":null},{"edgeID":"1799832","fromID":"1376494","toID":"1376500","formEdgeID":null},{"edgeID":"1799833","fromID":"1376500","toID":"1376486","formEdgeID":null},{"edgeID":"1799834","fromID":"1376499","toID":"1376501","formEdgeID":null},{"edgeID":"1799835","fromID":"1376501","toID":"1376500","formEdgeID":null},{"edgeID":"1799836","fromID":"1376504","toID":"1376503","formEdgeID":null},{"edgeID":"1799837","fromID":"1376505","toID":"1376504","formEdgeID":null},{"edgeID":"1799838","fromID":"1376503","toID":"1376506","formEdgeID":null},{"edgeID":"1799839","fromID":"1376506","toID":"1376502","formEdgeID":null},{"edgeID":"1799840","fromID":"1376509","toID":"1376508","formEdgeID":null},{"edgeID":"1799841","fromID":"1376510","toID":"1376509","formEdgeID":null},{"edgeID":"1799842","fromID":"1376508","toID":"1376511","formEdgeID":null},{"edgeID":"1799843","fromID":"1376511","toID":"1376507","formEdgeID":null},{"edgeID":"1799844","fromID":"1376503","toID":"1376512","formEdgeID":null},{"edgeID":"1799845","fromID":"1376512","toID":"1376508","formEdgeID":null},{"edgeID":"1799846","fromID":"1376515","toID":"1376514","formEdgeID":null},{"edgeID":"1799847","fromID":"1376516","toID":"1376515","formEdgeID":null},{"edgeID":"1799848","fromID":"1376514","toID":"1376517","formEdgeID":null},{"edgeID":"1799849","fromID":"1376517","toID":"1376513","formEdgeID":null},{"edgeID":"1799850","fromID":"1376513","toID":"1376518","formEdgeID":null},{"edgeID":"1799851","fromID":"1376518","toID":"1376502","formEdgeID":null},{"edgeID":"1799852","fromID":"1376507","toID":"1376518","formEdgeID":null},{"edgeID":"1799853","fromID":"1376503","toID":"1376519","formEdgeID":null},{"edgeID":"1799854","fromID":"1376519","toID":"1376514","formEdgeID":null},{"edgeID":"1799855","fromID":"1376519","toID":"1376520","formEdgeID":null},{"edgeID":"1799856","fromID":"1376520","toID":"1376518","formEdgeID":null},{"edgeID":"1799857","fromID":"1376523","toID":"1376522","formEdgeID":null},{"edgeID":"1799858","fromID":"1376524","toID":"1376397","formEdgeID":null},{"edgeID":"1799859","fromID":"1376521","toID":"1376523","formEdgeID":null},{"edgeID":"1799860","fromID":"1376522","toID":"1376524","formEdgeID":null},{"edgeID":"1799861","fromID":"1376525","toID":"1376522","formEdgeID":null},{"edgeID":"1799862","fromID":"1376398","toID":"1376525","formEdgeID":null},{"edgeID":"1799863","fromID":"1376393","toID":"1376526","formEdgeID":null},{"edgeID":"1799864","fromID":"1376526","toID":"1376398","formEdgeID":null},{"edgeID":"1799865","fromID":"1376526","toID":"1376527","formEdgeID":null},{"edgeID":"1799866","fromID":"1376527","toID":"1376397","formEdgeID":null},{"edgeID":"1799867","fromID":"1376439","toID":"1376528","formEdgeID":null},{"edgeID":"1799868","fromID":"1376528","toID":"1376423","formEdgeID":null},{"edgeID":"1799869","fromID":"1376502","toID":"1376529","formEdgeID":null},{"edgeID":"1799870","fromID":"1376529","toID":"1376475","formEdgeID":null},{"edgeID":"1799871","fromID":"1376476","toID":"1376530","formEdgeID":null},{"edgeID":"1799872","fromID":"1376530","toID":"1376503","formEdgeID":null},{"edgeID":"1799873","fromID":"1376530","toID":"1376531","formEdgeID":null},{"edgeID":"1799874","fromID":"1376531","toID":"1376529","formEdgeID":null}],"locutions":[]}