{"nodes":[{"nodeID":"1156787","text":"so many Tories have been talking about how the system is broken","type":"I","timestamp":"2023-04-24 18:37:16"},{"nodeID":"1156795","text":"the Tories have broken this system","type":"I","timestamp":"2023-04-24 18:37:19"},{"nodeID":"1156825","text":"this Government, when it comes to dealing with the Channel crossings, they prefer gimmicks, they prefer rhetoric, they prefer Government by vibes","type":"I","timestamp":"2023-04-24 18:37:33"},{"nodeID":"1357244","text":"Jacob Rees-Mogg's talking about the things that we need in the system, and the things that have gone wrong in the system","type":"I","timestamp":"2023-11-09 14:20:16"},{"nodeID":"1357245","text":"Shabana Mahmood: he's talking about the things that we need in the system, and the things that have gone wrong in the system","type":"L","timestamp":"2023-11-09 14:20:16"},{"nodeID":"1357246","text":"Analysing","type":"YA","timestamp":"2023-11-09 14:20:16"},{"nodeID":"1357247","text":"Anon: Shabana Mahmood: he's talking about the things that we need in the system, and the things that have gone wrong in the system","type":"L","timestamp":"2023-11-09 14:20:16"},{"nodeID":"1357248","text":"Asserting","type":"YA","timestamp":"2023-11-09 14:20:16"},{"nodeID":"1357249","text":"Shabana Mahmood: so many Tories have been talking about how the system is broken","type":"L","timestamp":"2023-11-09 14:20:17"},{"nodeID":"1357250","text":"Analysing","type":"YA","timestamp":"2023-11-09 14:20:17"},{"nodeID":"1357251","text":"Anon: Shabana Mahmood: so many Tories have been talking about how the system is broken","type":"L","timestamp":"2023-11-09 14:20:17"},{"nodeID":"1357252","text":"Asserting","type":"YA","timestamp":"2023-11-09 14:20:17"},{"nodeID":"1357253","text":"Default Transition","type":"TA","timestamp":"2023-11-09 14:20:17"},{"nodeID":"1357254","text":"Default Rephrase","type":"MA","timestamp":"2023-11-09 14:20:17"},{"nodeID":"1357255","text":"Restating","type":"YA","timestamp":"2023-11-09 14:20:17"},{"nodeID":"1357256","text":"Shabana Mahmood: Who on earth do the Tories think have broken this system","type":"L","timestamp":"2023-11-09 14:20:18"},{"nodeID":"1357257","text":"Analysing","type":"YA","timestamp":"2023-11-09 14:20:18"},{"nodeID":"1357258","text":"Anon: Shabana Mahmood: Who on earth do the Tories think have broken this system","type":"L","timestamp":"2023-11-09 14:20:18"},{"nodeID":"1357259","text":"Challenging","type":"YA","timestamp":"2023-11-09 14:20:18"},{"nodeID":"1357260","text":"the Tories\u2019ve been in Government for 12 years","type":"I","timestamp":"2023-11-09 14:20:19"},{"nodeID":"1357261","text":"Shabana Mahmood: They\u2019ve been in Government for 12 years","type":"L","timestamp":"2023-11-09 14:20:19"},{"nodeID":"1357262","text":"Analysing","type":"YA","timestamp":"2023-11-09 14:20:19"},{"nodeID":"1357263","text":"Anon: Shabana Mahmood: They\u2019ve been in Government for 12 years","type":"L","timestamp":"2023-11-09 14:20:19"},{"nodeID":"1357264","text":"Asserting","type":"YA","timestamp":"2023-11-09 14:20:19"},{"nodeID":"1357265","text":"having broken the system is on the Tories","type":"I","timestamp":"2023-11-09 14:20:20"},{"nodeID":"1357266","text":"Shabana Mahmood:  This is on them","type":"L","timestamp":"2023-11-09 14:20:20"},{"nodeID":"1357267","text":"Analysing","type":"YA","timestamp":"2023-11-09 14:20:20"},{"nodeID":"1357268","text":"Anon: Shabana Mahmood:  This is on them","type":"L","timestamp":"2023-11-09 14:20:20"},{"nodeID":"1357269","text":"Asserting","type":"YA","timestamp":"2023-11-09 14:20:20"},{"nodeID":"1357270","text":"Default Inference","type":"RA","timestamp":"2023-11-09 14:20:20"},{"nodeID":"1357271","text":"Default Transition","type":"TA","timestamp":"2023-11-09 14:20:20"},{"nodeID":"1357272","text":"Arguing","type":"YA","timestamp":"2023-11-09 14:20:20"},{"nodeID":"1357273","text":"Default Transition","type":"TA","timestamp":"2023-11-09 14:20:20"},{"nodeID":"1357274","text":"Default Rephrase","type":"MA","timestamp":"2023-11-09 14:20:20"},{"nodeID":"1357275","text":"Restating","type":"YA","timestamp":"2023-11-09 14:20:20"},{"nodeID":"1357276","text":"Default Conflict","type":"CA","timestamp":"2023-11-09 14:20:20"},{"nodeID":"1357277","text":"Default Transition","type":"TA","timestamp":"2023-11-09 14:20:20"},{"nodeID":"1357278","text":"Disagreeing","type":"YA","timestamp":"2023-11-09 14:20:20"},{"nodeID":"1357279","text":"this system is the Tories' system and it is shot to pieces","type":"I","timestamp":"2023-11-09 14:20:21"},{"nodeID":"1357280","text":"Shabana Mahmood: This is their system and it is shot to pieces","type":"L","timestamp":"2023-11-09 14:20:21"},{"nodeID":"1357281","text":"Analysing","type":"YA","timestamp":"2023-11-09 14:20:21"},{"nodeID":"1357282","text":"Anon: Shabana Mahmood: This is their system and it is shot to pieces","type":"L","timestamp":"2023-11-09 14:20:21"},{"nodeID":"1357283","text":"Asserting","type":"YA","timestamp":"2023-11-09 14:20:21"},{"nodeID":"1357284","text":"Default Transition","type":"TA","timestamp":"2023-11-09 14:20:21"},{"nodeID":"1357285","text":"Default Rephrase","type":"MA","timestamp":"2023-11-09 14:20:21"},{"nodeID":"1357286","text":"Restating","type":"YA","timestamp":"2023-11-09 14:20:21"},{"nodeID":"1357287","text":"Shabana Mahmood:  this Government, when it comes to dealing with the Channel crossings, they prefer gimmicks, they prefer rhetoric, they prefer Government by vibes","type":"L","timestamp":"2023-11-09 14:20:22"},{"nodeID":"1357288","text":"Analysing","type":"YA","timestamp":"2023-11-09 14:20:22"},{"nodeID":"1357289","text":"Anon: Shabana Mahmood:  this Government, when it comes to dealing with the Channel crossings, they prefer gimmicks, they prefer rhetoric, they prefer Government by vibes","type":"L","timestamp":"2023-11-09 14:20:22"},{"nodeID":"1357290","text":"Asserting","type":"YA","timestamp":"2023-11-09 14:20:22"},{"nodeID":"1357291","text":"Default Inference","type":"RA","timestamp":"2023-11-09 14:20:22"},{"nodeID":"1357292","text":"Default Transition","type":"TA","timestamp":"2023-11-09 14:20:22"},{"nodeID":"1357293","text":"Arguing","type":"YA","timestamp":"2023-11-09 14:20:22"},{"nodeID":"1357294","text":"this Government prefer gimmicks, they prefer rhetoric, they prefer Government by vibes, rather than doing the long hard work of actually getting agreements with other countries","type":"I","timestamp":"2023-11-09 14:20:23"},{"nodeID":"1357295","text":"Shabana Mahmood: Rather than doing the long hard work of actually getting agreements with other countries","type":"L","timestamp":"2023-11-09 14:20:23"},{"nodeID":"1357296","text":"Analysing","type":"YA","timestamp":"2023-11-09 14:20:23"},{"nodeID":"1357297","text":"Anon: Shabana Mahmood: Rather than doing the long hard work of actually getting agreements with other countries","type":"L","timestamp":"2023-11-09 14:20:23"},{"nodeID":"1357298","text":"Asserting","type":"YA","timestamp":"2023-11-09 14:20:23"},{"nodeID":"1357299","text":"Default Rephrase","type":"MA","timestamp":"2023-11-09 14:20:23"},{"nodeID":"1357300","text":"Default Transition","type":"TA","timestamp":"2023-11-09 14:20:23"},{"nodeID":"1357301","text":"Restating","type":"YA","timestamp":"2023-11-09 14:20:23"},{"nodeID":"1357302","text":"this Government prefer gimmicks, they prefer rhetoric, they prefer Government by vibes, rather than doing the long hard work of actually agreeing with other countries to return people","type":"I","timestamp":"2023-11-09 14:20:24"},{"nodeID":"1357303","text":"Fiona Bruce: Agreeing with other countries to do what, to return people","type":"L","timestamp":"2023-11-09 14:20:24"},{"nodeID":"1357304","text":"Analysing","type":"YA","timestamp":"2023-11-09 14:20:24"},{"nodeID":"1357305","text":"Anon: Fiona Bruce: Agreeing with other countries to do what, to return people","type":"L","timestamp":"2023-11-09 14:20:24"},{"nodeID":"1357306","text":"Default Transition","type":"TA","timestamp":"2023-11-09 14:20:24"},{"nodeID":"1357307","text":"Shabana Mahmood: this Government prefer gimmicks, they prefer rhetoric, they prefer Government by vices, rather than doing the long hard work of actually agreeing with other countries to return people","type":"L","timestamp":"2023-11-09 14:20:24"},{"nodeID":"1357308","text":"Analysing","type":"YA","timestamp":"2023-11-09 14:20:24"},{"nodeID":"1357309","text":"Anon: Shabana Mahmood: this Government prefer gimmicks, they prefer rhetoric, they prefer Government by vices, rather than doing the long hard work of actually agreeing with other countries to do what, to return people","type":"L","timestamp":"2023-11-09 14:20:24"},{"nodeID":"1357310","text":"Asserting","type":"YA","timestamp":"2023-11-09 14:20:24"},{"nodeID":"1357311","text":"Assertive Questioning","type":"YA","timestamp":"2023-11-09 14:20:24"},{"nodeID":"1357312","text":"Shabana Mahmood: To return","type":"L","timestamp":"2023-11-09 14:20:24"},{"nodeID":"1357313","text":"Analysing","type":"YA","timestamp":"2023-11-09 14:20:24"},{"nodeID":"1357314","text":"Anon: Shabana Mahmood: To return","type":"L","timestamp":"2023-11-09 14:20:24"},{"nodeID":"1357315","text":"Default Transition","type":"TA","timestamp":"2023-11-09 14:20:24"},{"nodeID":"1357316","text":"Agreeing","type":"YA","timestamp":"2023-11-09 14:20:24"},{"nodeID":"1357317","text":"that they don't do the long hard work is one of the real problems with this Government","type":"I","timestamp":"2023-11-09 14:20:25"},{"nodeID":"1357318","text":"Shabana Mahmood: this is one of the real problems with this Government","type":"L","timestamp":"2023-11-09 14:20:25"},{"nodeID":"1357319","text":"Analysing","type":"YA","timestamp":"2023-11-09 14:20:25"},{"nodeID":"1357320","text":"Anon: Shabana Mahmood: this is one of the real problems with this Government","type":"L","timestamp":"2023-11-09 14:20:25"},{"nodeID":"1357321","text":"Asserting","type":"YA","timestamp":"2023-11-09 14:20:25"},{"nodeID":"1357322","text":"Default Transition","type":"TA","timestamp":"2023-11-09 14:20:25"},{"nodeID":"1357323","text":"this Government have absolutely spent no time at all trying to get a successor agreement to what's called the Dublin Agreement","type":"I","timestamp":"2023-11-09 14:20:25"},{"nodeID":"1357324","text":"Shabana Mahmood: they have absolutely, they have spent no time at all trying to get a successor agreement to what's called, the Dublin Agreement","type":"L","timestamp":"2023-11-09 14:20:25"},{"nodeID":"1357325","text":"Analysing","type":"YA","timestamp":"2023-11-09 14:20:25"},{"nodeID":"1357326","text":"Anon: Shabana Mahmood: they have absolutely, they have spent no time at all trying to get a successor agreement to what's called, the Dublin Agreement","type":"L","timestamp":"2023-11-09 14:20:25"},{"nodeID":"1357327","text":"Asserting","type":"YA","timestamp":"2023-11-09 14:20:25"},{"nodeID":"1357328","text":"Default Inference","type":"RA","timestamp":"2023-11-09 14:20:25"},{"nodeID":"1357329","text":"Default Transition","type":"TA","timestamp":"2023-11-09 14:20:25"},{"nodeID":"1357330","text":"Arguing","type":"YA","timestamp":"2023-11-09 14:20:25"},{"nodeID":"1357331","text":"Default Transition","type":"TA","timestamp":"2023-11-09 14:20:25"},{"nodeID":"1357332","text":"Default Rephrase","type":"MA","timestamp":"2023-11-09 14:20:25"},{"nodeID":"1357333","text":"Restating","type":"YA","timestamp":"2023-11-09 14:20:25"},{"nodeID":"1357334","text":"when we were in the European Union, we were part of an agreement whereby we could return people seeking asylum in our country, to the first safe country in Europe that they arrived in on their journey","type":"I","timestamp":"2023-11-09 14:20:26"},{"nodeID":"1357335","text":"Shabana Mahmood: When we were in the European Union, we were part of an agreement whereby we could return people seeking asylum in our country, to the first safe country in Europe that they arrived in on their journey","type":"L","timestamp":"2023-11-09 14:20:26"},{"nodeID":"1357336","text":"Analysing","type":"YA","timestamp":"2023-11-09 14:20:26"},{"nodeID":"1357337","text":"Anon: Shabana Mahmood: When we were in the European Union, we were part of an agreement whereby we could return people seeking asylum in our country, to the first safe country in Europe that they arrived in on their journey","type":"L","timestamp":"2023-11-09 14:20:26"},{"nodeID":"1357338","text":"Asserting","type":"YA","timestamp":"2023-11-09 14:20:26"},{"nodeID":"1357339","text":"Default Rephrase","type":"MA","timestamp":"2023-11-09 14:20:26"},{"nodeID":"1357340","text":"Default Transition","type":"TA","timestamp":"2023-11-09 14:20:26"},{"nodeID":"1357341","text":"Restating","type":"YA","timestamp":"2023-11-09 14:20:26"},{"nodeID":"1357342","text":"when we were in the European Union, we could return people","type":"I","timestamp":"2023-11-09 14:20:27"},{"nodeID":"1357343","text":"Shabana Mahmood: we could return people","type":"L","timestamp":"2023-11-09 14:20:27"},{"nodeID":"1357344","text":"Analysing","type":"YA","timestamp":"2023-11-09 14:20:27"},{"nodeID":"1357345","text":"Anon: Shabana Mahmood: we could return people","type":"L","timestamp":"2023-11-09 14:20:27"},{"nodeID":"1357346","text":"Asserting","type":"YA","timestamp":"2023-11-09 14:20:27"},{"nodeID":"1357347","text":"Default Transition","type":"TA","timestamp":"2023-11-09 14:20:27"},{"nodeID":"1357348","text":"Default Inference","type":"RA","timestamp":"2023-11-09 14:20:27"},{"nodeID":"1357349","text":"Arguing","type":"YA","timestamp":"2023-11-09 14:20:27"},{"nodeID":"1357350","text":"Default Inference","type":"RA","timestamp":"2023-11-09 14:20:27"},{"nodeID":"1357351","text":"Default Transition","type":"TA","timestamp":"2023-11-09 14:20:27"},{"nodeID":"1357352","text":"Default Transition","type":"TA","timestamp":"2023-11-09 14:20:27"},{"nodeID":"1357353","text":"Default Transition","type":"TA","timestamp":"2023-11-09 14:20:27"},{"nodeID":"1357354","text":"Arguing","type":"YA","timestamp":"2023-11-09 14:20:27"}],"edges":[{"edgeID":"1776939","fromID":"1357246","toID":"1357245","formEdgeID":null},{"edgeID":"1776940","fromID":"1357247","toID":"1357246","formEdgeID":null},{"edgeID":"1776941","fromID":"1357245","toID":"1357248","formEdgeID":null},{"edgeID":"1776942","fromID":"1357248","toID":"1357244","formEdgeID":null},{"edgeID":"1776943","fromID":"1357250","toID":"1357249","formEdgeID":null},{"edgeID":"1776944","fromID":"1357251","toID":"1357250","formEdgeID":null},{"edgeID":"1776945","fromID":"1357249","toID":"1357252","formEdgeID":null},{"edgeID":"1776946","fromID":"1357252","toID":"1156787","formEdgeID":null},{"edgeID":"1776947","fromID":"1357245","toID":"1357253","formEdgeID":null},{"edgeID":"1776948","fromID":"1357253","toID":"1357249","formEdgeID":null},{"edgeID":"1776949","fromID":"1156787","toID":"1357254","formEdgeID":null},{"edgeID":"1776950","fromID":"1357254","toID":"1357244","formEdgeID":null},{"edgeID":"1776951","fromID":"1357253","toID":"1357255","formEdgeID":null},{"edgeID":"1776952","fromID":"1357255","toID":"1357254","formEdgeID":null},{"edgeID":"1776953","fromID":"1357257","toID":"1357256","formEdgeID":null},{"edgeID":"1776954","fromID":"1357258","toID":"1357257","formEdgeID":null},{"edgeID":"1776955","fromID":"1357256","toID":"1357259","formEdgeID":null},{"edgeID":"1776956","fromID":"1357259","toID":"1156795","formEdgeID":null},{"edgeID":"1776957","fromID":"1357262","toID":"1357261","formEdgeID":null},{"edgeID":"1776958","fromID":"1357263","toID":"1357262","formEdgeID":null},{"edgeID":"1776959","fromID":"1357261","toID":"1357264","formEdgeID":null},{"edgeID":"1776960","fromID":"1357264","toID":"1357260","formEdgeID":null},{"edgeID":"1776961","fromID":"1357267","toID":"1357266","formEdgeID":null},{"edgeID":"1776962","fromID":"1357268","toID":"1357267","formEdgeID":null},{"edgeID":"1776963","fromID":"1357266","toID":"1357269","formEdgeID":null},{"edgeID":"1776964","fromID":"1357269","toID":"1357265","formEdgeID":null},{"edgeID":"1776965","fromID":"1357260","toID":"1357270","formEdgeID":null},{"edgeID":"1776966","fromID":"1357270","toID":"1357265","formEdgeID":null},{"edgeID":"1776967","fromID":"1357261","toID":"1357271","formEdgeID":null},{"edgeID":"1776968","fromID":"1357271","toID":"1357266","formEdgeID":null},{"edgeID":"1776969","fromID":"1357271","toID":"1357272","formEdgeID":null},{"edgeID":"1776970","fromID":"1357272","toID":"1357270","formEdgeID":null},{"edgeID":"1776971","fromID":"1357256","toID":"1357273","formEdgeID":null},{"edgeID":"1776972","fromID":"1357273","toID":"1357266","formEdgeID":null},{"edgeID":"1776973","fromID":"1357265","toID":"1357274","formEdgeID":null},{"edgeID":"1776974","fromID":"1357274","toID":"1156795","formEdgeID":null},{"edgeID":"1776975","fromID":"1357273","toID":"1357275","formEdgeID":null},{"edgeID":"1776976","fromID":"1357275","toID":"1357274","formEdgeID":null},{"edgeID":"1776977","fromID":"1156795","toID":"1357276","formEdgeID":null},{"edgeID":"1776978","fromID":"1357276","toID":"1156787","formEdgeID":null},{"edgeID":"1776979","fromID":"1357249","toID":"1357277","formEdgeID":null},{"edgeID":"1776980","fromID":"1357277","toID":"1357256","formEdgeID":null},{"edgeID":"1776981","fromID":"1357277","toID":"1357278","formEdgeID":null},{"edgeID":"1776982","fromID":"1357278","toID":"1357276","formEdgeID":null},{"edgeID":"1776983","fromID":"1357281","toID":"1357280","formEdgeID":null},{"edgeID":"1776984","fromID":"1357282","toID":"1357281","formEdgeID":null},{"edgeID":"1776985","fromID":"1357280","toID":"1357283","formEdgeID":null},{"edgeID":"1776986","fromID":"1357283","toID":"1357279","formEdgeID":null},{"edgeID":"1776987","fromID":"1357266","toID":"1357284","formEdgeID":null},{"edgeID":"1776988","fromID":"1357284","toID":"1357280","formEdgeID":null},{"edgeID":"1776989","fromID":"1357279","toID":"1357285","formEdgeID":null},{"edgeID":"1776990","fromID":"1357285","toID":"1357265","formEdgeID":null},{"edgeID":"1776991","fromID":"1357284","toID":"1357286","formEdgeID":null},{"edgeID":"1776992","fromID":"1357286","toID":"1357285","formEdgeID":null},{"edgeID":"1776993","fromID":"1357288","toID":"1357287","formEdgeID":null},{"edgeID":"1776994","fromID":"1357289","toID":"1357288","formEdgeID":null},{"edgeID":"1776995","fromID":"1357287","toID":"1357290","formEdgeID":null},{"edgeID":"1776996","fromID":"1357290","toID":"1156825","formEdgeID":null},{"edgeID":"1776997","fromID":"1156825","toID":"1357291","formEdgeID":null},{"edgeID":"1776998","fromID":"1357291","toID":"1357279","formEdgeID":null},{"edgeID":"1776999","fromID":"1357280","toID":"1357292","formEdgeID":null},{"edgeID":"1777000","fromID":"1357292","toID":"1357287","formEdgeID":null},{"edgeID":"1777001","fromID":"1357292","toID":"1357293","formEdgeID":null},{"edgeID":"1777002","fromID":"1357293","toID":"1357291","formEdgeID":null},{"edgeID":"1777003","fromID":"1357296","toID":"1357295","formEdgeID":null},{"edgeID":"1777004","fromID":"1357297","toID":"1357296","formEdgeID":null},{"edgeID":"1777005","fromID":"1357295","toID":"1357298","formEdgeID":null},{"edgeID":"1777006","fromID":"1357298","toID":"1357294","formEdgeID":null},{"edgeID":"1777007","fromID":"1357294","toID":"1357299","formEdgeID":null},{"edgeID":"1777008","fromID":"1357299","toID":"1156825","formEdgeID":null},{"edgeID":"1777009","fromID":"1357287","toID":"1357300","formEdgeID":null},{"edgeID":"1777010","fromID":"1357300","toID":"1357295","formEdgeID":null},{"edgeID":"1777011","fromID":"1357300","toID":"1357301","formEdgeID":null},{"edgeID":"1777012","fromID":"1357301","toID":"1357299","formEdgeID":null},{"edgeID":"1777013","fromID":"1357304","toID":"1357303","formEdgeID":null},{"edgeID":"1777014","fromID":"1357305","toID":"1357304","formEdgeID":null},{"edgeID":"1777015","fromID":"1357295","toID":"1357306","formEdgeID":null},{"edgeID":"1777016","fromID":"1357306","toID":"1357303","formEdgeID":null},{"edgeID":"1777017","fromID":"1357308","toID":"1357307","formEdgeID":null},{"edgeID":"1777018","fromID":"1357309","toID":"1357308","formEdgeID":null},{"edgeID":"1777019","fromID":"1357307","toID":"1357310","formEdgeID":null},{"edgeID":"1777020","fromID":"1357310","toID":"1357302","formEdgeID":null},{"edgeID":"1777021","fromID":"1357303","toID":"1357311","formEdgeID":null},{"edgeID":"1777022","fromID":"1357311","toID":"1357307","formEdgeID":null},{"edgeID":"1777023","fromID":"1357313","toID":"1357312","formEdgeID":null},{"edgeID":"1777024","fromID":"1357314","toID":"1357313","formEdgeID":null},{"edgeID":"1777025","fromID":"1357303","toID":"1357315","formEdgeID":null},{"edgeID":"1777026","fromID":"1357315","toID":"1357312","formEdgeID":null},{"edgeID":"1777027","fromID":"1357315","toID":"1357316","formEdgeID":null},{"edgeID":"1777028","fromID":"1357316","toID":"1357302","formEdgeID":null},{"edgeID":"1777029","fromID":"1357319","toID":"1357318","formEdgeID":null},{"edgeID":"1777030","fromID":"1357320","toID":"1357319","formEdgeID":null},{"edgeID":"1777031","fromID":"1357318","toID":"1357321","formEdgeID":null},{"edgeID":"1777032","fromID":"1357321","toID":"1357317","formEdgeID":null},{"edgeID":"1777033","fromID":"1357312","toID":"1357322","formEdgeID":null},{"edgeID":"1777034","fromID":"1357322","toID":"1357318","formEdgeID":null},{"edgeID":"1777035","fromID":"1357325","toID":"1357324","formEdgeID":null},{"edgeID":"1777036","fromID":"1357326","toID":"1357325","formEdgeID":null},{"edgeID":"1777037","fromID":"1357324","toID":"1357327","formEdgeID":null},{"edgeID":"1777038","fromID":"1357327","toID":"1357323","formEdgeID":null},{"edgeID":"1777039","fromID":"1357323","toID":"1357328","formEdgeID":null},{"edgeID":"1777040","fromID":"1357328","toID":"1357317","formEdgeID":null},{"edgeID":"1777041","fromID":"1357318","toID":"1357329","formEdgeID":null},{"edgeID":"1777042","fromID":"1357329","toID":"1357324","formEdgeID":null},{"edgeID":"1777043","fromID":"1357329","toID":"1357330","formEdgeID":null},{"edgeID":"1777044","fromID":"1357330","toID":"1357328","formEdgeID":null},{"edgeID":"1777045","fromID":"1357295","toID":"1357331","formEdgeID":null},{"edgeID":"1777046","fromID":"1357331","toID":"1357318","formEdgeID":null},{"edgeID":"1777047","fromID":"1357317","toID":"1357332","formEdgeID":null},{"edgeID":"1777048","fromID":"1357332","toID":"1357294","formEdgeID":null},{"edgeID":"1777049","fromID":"1357331","toID":"1357333","formEdgeID":null},{"edgeID":"1777050","fromID":"1357333","toID":"1357332","formEdgeID":null},{"edgeID":"1777051","fromID":"1357336","toID":"1357335","formEdgeID":null},{"edgeID":"1777052","fromID":"1357337","toID":"1357336","formEdgeID":null},{"edgeID":"1777053","fromID":"1357335","toID":"1357338","formEdgeID":null},{"edgeID":"1777054","fromID":"1357338","toID":"1357334","formEdgeID":null},{"edgeID":"1777055","fromID":"1357334","toID":"1357339","formEdgeID":null},{"edgeID":"1777056","fromID":"1357339","toID":"1357323","formEdgeID":null},{"edgeID":"1777057","fromID":"1357324","toID":"1357340","formEdgeID":null},{"edgeID":"1777058","fromID":"1357340","toID":"1357335","formEdgeID":null},{"edgeID":"1777059","fromID":"1357340","toID":"1357341","formEdgeID":null},{"edgeID":"1777060","fromID":"1357341","toID":"1357339","formEdgeID":null},{"edgeID":"1777061","fromID":"1357344","toID":"1357343","formEdgeID":null},{"edgeID":"1777062","fromID":"1357345","toID":"1357344","formEdgeID":null},{"edgeID":"1777063","fromID":"1357343","toID":"1357346","formEdgeID":null},{"edgeID":"1777064","fromID":"1357346","toID":"1357342","formEdgeID":null},{"edgeID":"1777065","fromID":"1357335","toID":"1357347","formEdgeID":null},{"edgeID":"1777066","fromID":"1357347","toID":"1357343","formEdgeID":null},{"edgeID":"1777067","fromID":"1357334","toID":"1357348","formEdgeID":null},{"edgeID":"1777068","fromID":"1357348","toID":"1357342","formEdgeID":null},{"edgeID":"1777069","fromID":"1357347","toID":"1357349","formEdgeID":null},{"edgeID":"1777070","fromID":"1357349","toID":"1357348","formEdgeID":null},{"edgeID":"1777071","fromID":"1357302","toID":"1357350","formEdgeID":null},{"edgeID":"1777072","fromID":"1357350","toID":"1357265","formEdgeID":null},{"edgeID":"1777073","fromID":"1357342","toID":"1357350","formEdgeID":null},{"edgeID":"1777074","fromID":"1357266","toID":"1357351","formEdgeID":null},{"edgeID":"1777075","fromID":"1357351","toID":"1357343","formEdgeID":null},{"edgeID":"1777076","fromID":"1357266","toID":"1357352","formEdgeID":null},{"edgeID":"1777077","fromID":"1357352","toID":"1357324","formEdgeID":null},{"edgeID":"1777078","fromID":"1357323","toID":"1357350","formEdgeID":null},{"edgeID":"1777079","fromID":"1357266","toID":"1357353","formEdgeID":null},{"edgeID":"1777080","fromID":"1357353","toID":"1357303","formEdgeID":null},{"edgeID":"1777081","fromID":"1357351","toID":"1357354","formEdgeID":null},{"edgeID":"1777082","fromID":"1357354","toID":"1357350","formEdgeID":null}],"locutions":[]}