{"nodes":[{"nodeID":"1355501","text":"the police shouldn't strike","type":"I","timestamp":"2023-11-09 14:16:59"},{"nodeID":"1355502","text":"Peter Hitchens: I don't think the police should strike either","type":"L","timestamp":"2023-11-09 14:16:59"},{"nodeID":"1355503","text":"Analysing","type":"YA","timestamp":"2023-11-09 14:16:59"},{"nodeID":"1355504","text":"Louise: Peter Hitchens: I don't think the police should strike either","type":"L","timestamp":"2023-11-09 14:16:59"},{"nodeID":"1355505","text":"Asserting","type":"YA","timestamp":"2023-11-09 14:16:59"},{"nodeID":"1355506","text":"the fire brigade shouldn't strike","type":"I","timestamp":"2023-11-09 14:17:00"},{"nodeID":"1355507","text":"Peter Hitchens: I also don't think the fire brigade should strike","type":"L","timestamp":"2023-11-09 14:17:00"},{"nodeID":"1355508","text":"Analysing","type":"YA","timestamp":"2023-11-09 14:17:00"},{"nodeID":"1355509","text":"Louise: Peter Hitchens: I also don't think the fire brigade should strike","type":"L","timestamp":"2023-11-09 14:17:00"},{"nodeID":"1355510","text":"Asserting","type":"YA","timestamp":"2023-11-09 14:17:00"},{"nodeID":"1355511","text":"there are a number of people who should not strike","type":"I","timestamp":"2023-11-09 14:17:01"},{"nodeID":"1355512","text":"Peter Hitchens: there are a number of people who should not strike","type":"L","timestamp":"2023-11-09 14:17:01"},{"nodeID":"1355513","text":"Analysing","type":"YA","timestamp":"2023-11-09 14:17:01"},{"nodeID":"1355514","text":"Louise: Peter Hitchens: there are a number of people who should not strike","type":"L","timestamp":"2023-11-09 14:17:01"},{"nodeID":"1355515","text":"Asserting","type":"YA","timestamp":"2023-11-09 14:17:01"},{"nodeID":"1355516","text":"Default Inference","type":"RA","timestamp":"2023-11-09 14:17:01"},{"nodeID":"1355517","text":"Default Transition","type":"TA","timestamp":"2023-11-09 14:17:01"},{"nodeID":"1355518","text":"Default Transition","type":"TA","timestamp":"2023-11-09 14:17:01"},{"nodeID":"1355519","text":"Arguing","type":"YA","timestamp":"2023-11-09 14:17:01"},{"nodeID":"1355520","text":"not striking does not mean that we should let them stew in low pay","type":"I","timestamp":"2023-11-09 14:17:01"},{"nodeID":"1355521","text":"Peter Hitchens: That does not mean that we should let them stew in low pay","type":"L","timestamp":"2023-11-09 14:17:01"},{"nodeID":"1355522","text":"Analysing","type":"YA","timestamp":"2023-11-09 14:17:01"},{"nodeID":"1355523","text":"Louise: Peter Hitchens: That does not mean that we should let them stew in low pay","type":"L","timestamp":"2023-11-09 14:17:01"},{"nodeID":"1355524","text":"Asserting","type":"YA","timestamp":"2023-11-09 14:17:01"},{"nodeID":"1355525","text":"Default Inference","type":"RA","timestamp":"2023-11-09 14:17:01"},{"nodeID":"1355526","text":"Default Transition","type":"TA","timestamp":"2023-11-09 14:17:01"},{"nodeID":"1355527","text":"Arguing","type":"YA","timestamp":"2023-11-09 14:17:01"},{"nodeID":"1355528","text":"any Government which recognises that there are groups who cannot and should not strike, make sure they're better rewarded, without putting them in the position where they should strike","type":"I","timestamp":"2023-11-09 14:17:02"},{"nodeID":"1355529","text":"Peter Hitchens: any Government which recognises that groups who cannot and should not strike, make sure they're better rewarded, without putting them in the position where they should strike","type":"L","timestamp":"2023-11-09 14:17:02"},{"nodeID":"1355530","text":"Analysing","type":"YA","timestamp":"2023-11-09 14:17:02"},{"nodeID":"1355531","text":"Louise: Peter Hitchens: any Government which recognises that groups who cannot and should not strike, make sure they're better rewarded, without putting them in the position where they should strike","type":"L","timestamp":"2023-11-09 14:17:02"},{"nodeID":"1355532","text":"Asserting","type":"YA","timestamp":"2023-11-09 14:17:02"},{"nodeID":"1355533","text":"Default Rephrase","type":"MA","timestamp":"2023-11-09 14:17:02"},{"nodeID":"1355534","text":"Default Transition","type":"TA","timestamp":"2023-11-09 14:17:02"},{"nodeID":"1355535","text":"Restating","type":"YA","timestamp":"2023-11-09 14:17:02"},{"nodeID":"1355536","text":"you made a propaganda response to what Peter Hitchens is saying","type":"I","timestamp":"2023-11-09 14:17:03"},{"nodeID":"1355537","text":"Peter Hitchens: You made a propaganda response to what I'm saying","type":"L","timestamp":"2023-11-09 14:17:03"},{"nodeID":"1355538","text":"Analysing","type":"YA","timestamp":"2023-11-09 14:17:03"},{"nodeID":"1355539","text":"Louise: Peter Hitchens: You made a propaganda response to what I'm saying","type":"L","timestamp":"2023-11-09 14:17:03"},{"nodeID":"1355540","text":"Asserting","type":"YA","timestamp":"2023-11-09 14:17:03"},{"nodeID":"1355541","text":"Default Transition","type":"TA","timestamp":"2023-11-09 14:17:03"},{"nodeID":"1355542","text":"your own organisation in 1988 condemned a nurses' strike by the then National Union of Public Employees","type":"I","timestamp":"2023-11-09 14:17:04"},{"nodeID":"1355543","text":"Peter Hitchens: Your own organisation, in 1988, quite rightly in my view, condemned a nurses' strike by the then National Union of Public Employees","type":"L","timestamp":"2023-11-09 14:17:04"},{"nodeID":"1355544","text":"Analysing","type":"YA","timestamp":"2023-11-09 14:17:04"},{"nodeID":"1355545","text":"Louise: Peter Hitchens: Your own organisation, in 1988, quite rightly in my view, condemned a nurses' strike by the then National Union of Public Employees","type":"L","timestamp":"2023-11-09 14:17:04"},{"nodeID":"1355546","text":"Asserting","type":"YA","timestamp":"2023-11-09 14:17:04"},{"nodeID":"1355547","text":"Default Transition","type":"TA","timestamp":"2023-11-09 14:17:04"},{"nodeID":"1355548","text":"the Royal College of Nursing in those days, was very much against striking for nurses","type":"I","timestamp":"2023-11-09 14:17:05"},{"nodeID":"1355549","text":"Peter Hitchens: the Royal College of Nursing in those days, was very much against striking for nurses","type":"L","timestamp":"2023-11-09 14:17:05"},{"nodeID":"1355550","text":"Analysing","type":"YA","timestamp":"2023-11-09 14:17:05"},{"nodeID":"1355551","text":"Louise: Peter Hitchens: the Royal College of Nursing in those days, was very much against striking for nurses","type":"L","timestamp":"2023-11-09 14:17:05"},{"nodeID":"1355552","text":"Asserting","type":"YA","timestamp":"2023-11-09 14:17:05"},{"nodeID":"1355553","text":"Default Transition","type":"TA","timestamp":"2023-11-09 14:17:05"},{"nodeID":"1355554","text":"Default Rephrase","type":"MA","timestamp":"2023-11-09 14:17:05"},{"nodeID":"1355555","text":"Restating","type":"YA","timestamp":"2023-11-09 14:17:05"},{"nodeID":"1355556","text":"Peter Hitchens has known nurses who he couldn't imagine would ever have even considered going on strike","type":"I","timestamp":"2023-11-09 14:17:06"},{"nodeID":"1355557","text":"Peter Hitchens: I've known nurses who I can't imagine would ever have even considered going on strike","type":"L","timestamp":"2023-11-09 14:17:06"},{"nodeID":"1355558","text":"Analysing","type":"YA","timestamp":"2023-11-09 14:17:06"},{"nodeID":"1355559","text":"Louise: Peter Hitchens: I've known nurses who I can't imagine would ever have even considered going on strike","type":"L","timestamp":"2023-11-09 14:17:06"},{"nodeID":"1355560","text":"Asserting","type":"YA","timestamp":"2023-11-09 14:17:06"},{"nodeID":"1355561","text":"Default Transition","type":"TA","timestamp":"2023-11-09 14:17:06"},{"nodeID":"1355562","text":"they would have thought it totally improper","type":"I","timestamp":"2023-11-09 14:17:06"},{"nodeID":"1355563","text":"Peter Hitchens: they would have thought it totally improper","type":"L","timestamp":"2023-11-09 14:17:06"},{"nodeID":"1355564","text":"Analysing","type":"YA","timestamp":"2023-11-09 14:17:06"},{"nodeID":"1355565","text":"Louise: Peter Hitchens: they would have thought it totally improper","type":"L","timestamp":"2023-11-09 14:17:06"},{"nodeID":"1355566","text":"Asserting","type":"YA","timestamp":"2023-11-09 14:17:06"},{"nodeID":"1355567","text":"Default Inference","type":"RA","timestamp":"2023-11-09 14:17:06"},{"nodeID":"1355568","text":"Default Transition","type":"TA","timestamp":"2023-11-09 14:17:06"},{"nodeID":"1355569","text":"Arguing","type":"YA","timestamp":"2023-11-09 14:17:06"},{"nodeID":"1355570","text":"quite a few of the Royal College of Nursing members have been hesitant about taking part in the striking","type":"I","timestamp":"2023-11-09 14:17:07"},{"nodeID":"1355571","text":"Peter Hitchens: quite a few of your own members have been hesitant about taking part in the striking","type":"L","timestamp":"2023-11-09 14:17:07"},{"nodeID":"1355572","text":"Analysing","type":"YA","timestamp":"2023-11-09 14:17:07"},{"nodeID":"1355573","text":"Louise: Peter Hitchens: quite a few of your own members have been hesitant about taking part in the striking","type":"L","timestamp":"2023-11-09 14:17:07"},{"nodeID":"1355574","text":"Asserting","type":"YA","timestamp":"2023-11-09 14:17:07"},{"nodeID":"1355575","text":"Default Inference","type":"RA","timestamp":"2023-11-09 14:17:07"},{"nodeID":"1355576","text":"Default Transition","type":"TA","timestamp":"2023-11-09 14:17:07"},{"nodeID":"1355577","text":"Arguing","type":"YA","timestamp":"2023-11-09 14:17:07"},{"nodeID":"1355578","text":"quite a few of the Royal College of Nursing have been hesitant about voting for strike action","type":"I","timestamp":"2023-11-09 14:17:08"},{"nodeID":"1355579","text":"Peter Hitchens:  about voting for it","type":"L","timestamp":"2023-11-09 14:17:08"},{"nodeID":"1355580","text":"Analysing","type":"YA","timestamp":"2023-11-09 14:17:08"},{"nodeID":"1355581","text":"Louise: Peter Hitchens:  about voting for it","type":"L","timestamp":"2023-11-09 14:17:08"},{"nodeID":"1355582","text":"Asserting","type":"YA","timestamp":"2023-11-09 14:17:08"},{"nodeID":"1355583","text":"Default Rephrase","type":"MA","timestamp":"2023-11-09 14:17:08"},{"nodeID":"1355584","text":"Default Transition","type":"TA","timestamp":"2023-11-09 14:17:08"},{"nodeID":"1355585","text":"Restating","type":"YA","timestamp":"2023-11-09 14:17:08"},{"nodeID":"1355586","text":"Pat Cullen well knows the Royal College of Nursing members have been hesitant about striking","type":"I","timestamp":"2023-11-09 14:17:09"},{"nodeID":"1355587","text":"Peter Hitchens:  as you well know","type":"L","timestamp":"2023-11-09 14:17:09"},{"nodeID":"1355588","text":"Analysing","type":"YA","timestamp":"2023-11-09 14:17:09"},{"nodeID":"1355589","text":"Louise: Peter Hitchens:  as you well know","type":"L","timestamp":"2023-11-09 14:17:09"},{"nodeID":"1355590","text":"Asserting","type":"YA","timestamp":"2023-11-09 14:17:09"},{"nodeID":"1355591","text":"Default Rephrase","type":"MA","timestamp":"2023-11-09 14:17:09"},{"nodeID":"1355592","text":"Default Transition","type":"TA","timestamp":"2023-11-09 14:17:09"},{"nodeID":"1355593","text":"Restating","type":"YA","timestamp":"2023-11-09 14:17:09"},{"nodeID":"1355594","text":"the Royal College of Nursing members hesitancy to vote for striking is why you held your ballot by organisation by organisation rather than nationally","type":"I","timestamp":"2023-11-09 14:17:10"},{"nodeID":"1355595","text":"Peter Hitchens: which is why you held your ballot by organisation by organisation, rather than nationally","type":"L","timestamp":"2023-11-09 14:17:10"},{"nodeID":"1355596","text":"Analysing","type":"YA","timestamp":"2023-11-09 14:17:10"},{"nodeID":"1355597","text":"Louise: Peter Hitchens: which is why you held your ballot by organisation by organisation, rather than nationally","type":"L","timestamp":"2023-11-09 14:17:10"},{"nodeID":"1355598","text":"Asserting","type":"YA","timestamp":"2023-11-09 14:17:10"},{"nodeID":"1355599","text":"Default Inference","type":"RA","timestamp":"2023-11-09 14:17:10"},{"nodeID":"1355600","text":"Default Transition","type":"TA","timestamp":"2023-11-09 14:17:10"},{"nodeID":"1355601","text":"Arguing","type":"YA","timestamp":"2023-11-09 14:17:10"}],"edges":[{"edgeID":"1774855","fromID":"1355503","toID":"1355502","formEdgeID":null},{"edgeID":"1774856","fromID":"1355504","toID":"1355503","formEdgeID":null},{"edgeID":"1774857","fromID":"1355502","toID":"1355505","formEdgeID":null},{"edgeID":"1774858","fromID":"1355505","toID":"1355501","formEdgeID":null},{"edgeID":"1774859","fromID":"1355508","toID":"1355507","formEdgeID":null},{"edgeID":"1774860","fromID":"1355509","toID":"1355508","formEdgeID":null},{"edgeID":"1774861","fromID":"1355507","toID":"1355510","formEdgeID":null},{"edgeID":"1774862","fromID":"1355510","toID":"1355506","formEdgeID":null},{"edgeID":"1774863","fromID":"1355513","toID":"1355512","formEdgeID":null},{"edgeID":"1774864","fromID":"1355514","toID":"1355513","formEdgeID":null},{"edgeID":"1774865","fromID":"1355512","toID":"1355515","formEdgeID":null},{"edgeID":"1774866","fromID":"1355515","toID":"1355511","formEdgeID":null},{"edgeID":"1774867","fromID":"1355511","toID":"1355516","formEdgeID":null},{"edgeID":"1774868","fromID":"1355516","toID":"1355501","formEdgeID":null},{"edgeID":"1774869","fromID":"1355516","toID":"1355506","formEdgeID":null},{"edgeID":"1774870","fromID":"1355502","toID":"1355517","formEdgeID":null},{"edgeID":"1774871","fromID":"1355517","toID":"1355512","formEdgeID":null},{"edgeID":"1774872","fromID":"1355502","toID":"1355518","formEdgeID":null},{"edgeID":"1774873","fromID":"1355518","toID":"1355507","formEdgeID":null},{"edgeID":"1774874","fromID":"1355517","toID":"1355519","formEdgeID":null},{"edgeID":"1774875","fromID":"1355519","toID":"1355516","formEdgeID":null},{"edgeID":"1774876","fromID":"1355522","toID":"1355521","formEdgeID":null},{"edgeID":"1774877","fromID":"1355523","toID":"1355522","formEdgeID":null},{"edgeID":"1774878","fromID":"1355521","toID":"1355524","formEdgeID":null},{"edgeID":"1774879","fromID":"1355524","toID":"1355520","formEdgeID":null},{"edgeID":"1774880","fromID":"1355511","toID":"1355525","formEdgeID":null},{"edgeID":"1774881","fromID":"1355525","toID":"1355520","formEdgeID":null},{"edgeID":"1774882","fromID":"1355512","toID":"1355526","formEdgeID":null},{"edgeID":"1774883","fromID":"1355526","toID":"1355521","formEdgeID":null},{"edgeID":"1774884","fromID":"1355526","toID":"1355527","formEdgeID":null},{"edgeID":"1774885","fromID":"1355527","toID":"1355525","formEdgeID":null},{"edgeID":"1774886","fromID":"1355530","toID":"1355529","formEdgeID":null},{"edgeID":"1774887","fromID":"1355531","toID":"1355530","formEdgeID":null},{"edgeID":"1774888","fromID":"1355529","toID":"1355532","formEdgeID":null},{"edgeID":"1774889","fromID":"1355532","toID":"1355528","formEdgeID":null},{"edgeID":"1774890","fromID":"1355528","toID":"1355533","formEdgeID":null},{"edgeID":"1774891","fromID":"1355533","toID":"1355520","formEdgeID":null},{"edgeID":"1774892","fromID":"1355521","toID":"1355534","formEdgeID":null},{"edgeID":"1774893","fromID":"1355534","toID":"1355529","formEdgeID":null},{"edgeID":"1774894","fromID":"1355534","toID":"1355535","formEdgeID":null},{"edgeID":"1774895","fromID":"1355535","toID":"1355533","formEdgeID":null},{"edgeID":"1774896","fromID":"1355538","toID":"1355537","formEdgeID":null},{"edgeID":"1774897","fromID":"1355539","toID":"1355538","formEdgeID":null},{"edgeID":"1774898","fromID":"1355537","toID":"1355540","formEdgeID":null},{"edgeID":"1774899","fromID":"1355540","toID":"1355536","formEdgeID":null},{"edgeID":"1774900","fromID":"1355529","toID":"1355541","formEdgeID":null},{"edgeID":"1774901","fromID":"1355541","toID":"1355537","formEdgeID":null},{"edgeID":"1774902","fromID":"1355544","toID":"1355543","formEdgeID":null},{"edgeID":"1774903","fromID":"1355545","toID":"1355544","formEdgeID":null},{"edgeID":"1774904","fromID":"1355543","toID":"1355546","formEdgeID":null},{"edgeID":"1774905","fromID":"1355546","toID":"1355542","formEdgeID":null},{"edgeID":"1774906","fromID":"1355537","toID":"1355547","formEdgeID":null},{"edgeID":"1774907","fromID":"1355547","toID":"1355543","formEdgeID":null},{"edgeID":"1774908","fromID":"1355550","toID":"1355549","formEdgeID":null},{"edgeID":"1774909","fromID":"1355551","toID":"1355550","formEdgeID":null},{"edgeID":"1774910","fromID":"1355549","toID":"1355552","formEdgeID":null},{"edgeID":"1774911","fromID":"1355552","toID":"1355548","formEdgeID":null},{"edgeID":"1774912","fromID":"1355543","toID":"1355553","formEdgeID":null},{"edgeID":"1774913","fromID":"1355553","toID":"1355549","formEdgeID":null},{"edgeID":"1774914","fromID":"1355548","toID":"1355554","formEdgeID":null},{"edgeID":"1774915","fromID":"1355554","toID":"1355542","formEdgeID":null},{"edgeID":"1774916","fromID":"1355553","toID":"1355555","formEdgeID":null},{"edgeID":"1774917","fromID":"1355555","toID":"1355554","formEdgeID":null},{"edgeID":"1774918","fromID":"1355558","toID":"1355557","formEdgeID":null},{"edgeID":"1774919","fromID":"1355559","toID":"1355558","formEdgeID":null},{"edgeID":"1774920","fromID":"1355557","toID":"1355560","formEdgeID":null},{"edgeID":"1774921","fromID":"1355560","toID":"1355556","formEdgeID":null},{"edgeID":"1774922","fromID":"1355549","toID":"1355561","formEdgeID":null},{"edgeID":"1774923","fromID":"1355561","toID":"1355557","formEdgeID":null},{"edgeID":"1774924","fromID":"1355564","toID":"1355563","formEdgeID":null},{"edgeID":"1774925","fromID":"1355565","toID":"1355564","formEdgeID":null},{"edgeID":"1774926","fromID":"1355563","toID":"1355566","formEdgeID":null},{"edgeID":"1774927","fromID":"1355566","toID":"1355562","formEdgeID":null},{"edgeID":"1774928","fromID":"1355562","toID":"1355567","formEdgeID":null},{"edgeID":"1774929","fromID":"1355567","toID":"1355556","formEdgeID":null},{"edgeID":"1774930","fromID":"1355557","toID":"1355568","formEdgeID":null},{"edgeID":"1774931","fromID":"1355568","toID":"1355563","formEdgeID":null},{"edgeID":"1774932","fromID":"1355568","toID":"1355569","formEdgeID":null},{"edgeID":"1774933","fromID":"1355569","toID":"1355567","formEdgeID":null},{"edgeID":"1774934","fromID":"1355572","toID":"1355571","formEdgeID":null},{"edgeID":"1774935","fromID":"1355573","toID":"1355572","formEdgeID":null},{"edgeID":"1774936","fromID":"1355571","toID":"1355574","formEdgeID":null},{"edgeID":"1774937","fromID":"1355574","toID":"1355570","formEdgeID":null},{"edgeID":"1774938","fromID":"1355548","toID":"1355575","formEdgeID":null},{"edgeID":"1774939","fromID":"1355575","toID":"1355570","formEdgeID":null},{"edgeID":"1774940","fromID":"1355549","toID":"1355576","formEdgeID":null},{"edgeID":"1774941","fromID":"1355576","toID":"1355571","formEdgeID":null},{"edgeID":"1774942","fromID":"1355576","toID":"1355577","formEdgeID":null},{"edgeID":"1774943","fromID":"1355577","toID":"1355575","formEdgeID":null},{"edgeID":"1774944","fromID":"1355580","toID":"1355579","formEdgeID":null},{"edgeID":"1774945","fromID":"1355581","toID":"1355580","formEdgeID":null},{"edgeID":"1774946","fromID":"1355579","toID":"1355582","formEdgeID":null},{"edgeID":"1774947","fromID":"1355582","toID":"1355578","formEdgeID":null},{"edgeID":"1774948","fromID":"1355578","toID":"1355583","formEdgeID":null},{"edgeID":"1774949","fromID":"1355583","toID":"1355570","formEdgeID":null},{"edgeID":"1774950","fromID":"1355571","toID":"1355584","formEdgeID":null},{"edgeID":"1774951","fromID":"1355584","toID":"1355579","formEdgeID":null},{"edgeID":"1774952","fromID":"1355584","toID":"1355585","formEdgeID":null},{"edgeID":"1774953","fromID":"1355585","toID":"1355583","formEdgeID":null},{"edgeID":"1774954","fromID":"1355588","toID":"1355587","formEdgeID":null},{"edgeID":"1774955","fromID":"1355589","toID":"1355588","formEdgeID":null},{"edgeID":"1774956","fromID":"1355587","toID":"1355590","formEdgeID":null},{"edgeID":"1774957","fromID":"1355590","toID":"1355586","formEdgeID":null},{"edgeID":"1774958","fromID":"1355586","toID":"1355591","formEdgeID":null},{"edgeID":"1774959","fromID":"1355591","toID":"1355578","formEdgeID":null},{"edgeID":"1774960","fromID":"1355579","toID":"1355592","formEdgeID":null},{"edgeID":"1774961","fromID":"1355592","toID":"1355587","formEdgeID":null},{"edgeID":"1774962","fromID":"1355592","toID":"1355593","formEdgeID":null},{"edgeID":"1774963","fromID":"1355593","toID":"1355591","formEdgeID":null},{"edgeID":"1774964","fromID":"1355596","toID":"1355595","formEdgeID":null},{"edgeID":"1774965","fromID":"1355597","toID":"1355596","formEdgeID":null},{"edgeID":"1774966","fromID":"1355595","toID":"1355598","formEdgeID":null},{"edgeID":"1774967","fromID":"1355598","toID":"1355594","formEdgeID":null},{"edgeID":"1774968","fromID":"1355586","toID":"1355599","formEdgeID":null},{"edgeID":"1774969","fromID":"1355599","toID":"1355594","formEdgeID":null},{"edgeID":"1774970","fromID":"1355587","toID":"1355600","formEdgeID":null},{"edgeID":"1774971","fromID":"1355600","toID":"1355595","formEdgeID":null},{"edgeID":"1774972","fromID":"1355600","toID":"1355601","formEdgeID":null},{"edgeID":"1774973","fromID":"1355601","toID":"1355599","formEdgeID":null}],"locutions":[]}