{"nodes":[{"nodeID":"1355840","text":"as Jacob Rees-Mogg knows, there are huge vacancies in the NHS","type":"I","timestamp":"2023-11-09 14:17:35"},{"nodeID":"1355841","text":"Fiona Bruce:  there are huge vacancies in the NHS, as you know","type":"L","timestamp":"2023-11-09 14:17:35"},{"nodeID":"1355842","text":"Analysing","type":"YA","timestamp":"2023-11-09 14:17:35"},{"nodeID":"1355843","text":"Anon: Fiona Bruce:  there are huge vacancies in the NHS, as you know","type":"L","timestamp":"2023-11-09 14:17:35"},{"nodeID":"1355844","text":"Asserting","type":"YA","timestamp":"2023-11-09 14:17:35"},{"nodeID":"1355845","text":"Jacob Rees-Mogg: Yes, I accept that","type":"L","timestamp":"2023-11-09 14:17:35"},{"nodeID":"1355846","text":"Analysing","type":"YA","timestamp":"2023-11-09 14:17:35"},{"nodeID":"1355847","text":"Anon: Jacob Rees-Mogg: Yes, I accept that","type":"L","timestamp":"2023-11-09 14:17:35"},{"nodeID":"1355848","text":"Default Transition","type":"TA","timestamp":"2023-11-09 14:17:35"},{"nodeID":"1355849","text":"Agreeing","type":"YA","timestamp":"2023-11-09 14:17:35"},{"nodeID":"1355850","text":"Jacob Rees-Mogg: I absolutely accept that","type":"L","timestamp":"2023-11-09 14:17:35"},{"nodeID":"1355851","text":"Analysing","type":"YA","timestamp":"2023-11-09 14:17:35"},{"nodeID":"1355852","text":"Anon: Jacob Rees-Mogg: I absolutely accept that","type":"L","timestamp":"2023-11-09 14:17:35"},{"nodeID":"1355853","text":"Default Transition","type":"TA","timestamp":"2023-11-09 14:17:35"},{"nodeID":"1355854","text":"Agreeing","type":"YA","timestamp":"2023-11-09 14:17:35"},{"nodeID":"1355855","text":"a lot of the money is going to the health care agencies","type":"I","timestamp":"2023-11-09 14:17:36"},{"nodeID":"1355856","text":"Jacob Rees-Mogg: the lady said there, about how so much is going to agencies","type":"L","timestamp":"2023-11-09 14:17:36"},{"nodeID":"1355857","text":"Analysing","type":"YA","timestamp":"2023-11-09 14:17:36"},{"nodeID":"1355858","text":"Anon: Jacob Rees-Mogg: the lady said there, about how so much is going to agencies","type":"L","timestamp":"2023-11-09 14:17:36"},{"nodeID":"1355859","text":"Default Transition","type":"TA","timestamp":"2023-11-09 14:17:36"},{"nodeID":"1355860","text":"a lot of the money is not feeding through to the public who are actually working","type":"I","timestamp":"2023-11-09 14:17:36"},{"nodeID":"1355861","text":"Jacob Rees-Mogg:  not feeding through to the public who are actually working","type":"L","timestamp":"2023-11-09 14:17:36"},{"nodeID":"1355862","text":"Analysing","type":"YA","timestamp":"2023-11-09 14:17:36"},{"nodeID":"1355863","text":"Anon: Jacob Rees-Mogg:  not feeding through to the public who are actually working","type":"L","timestamp":"2023-11-09 14:17:36"},{"nodeID":"1355864","text":"AudienceMember 20230112QT07: a lot of the money is going to the health care agencies","type":"L","timestamp":"2023-11-09 14:17:36"},{"nodeID":"1355865","text":"Analysing","type":"YA","timestamp":"2023-11-09 14:17:36"},{"nodeID":"1355866","text":"Anon: AudienceMember 20230112QT07: a lot of the money is going to the health care agencies","type":"L","timestamp":"2023-11-09 14:17:36"},{"nodeID":"1355867","text":"Asserting","type":"YA","timestamp":"2023-11-09 14:17:36"},{"nodeID":"1355868","text":"Asserting","type":"YA","timestamp":"2023-11-09 14:17:36"},{"nodeID":"1355869","text":"AudienceMember 20230112QT07:  not feeding through to the public who are actually working","type":"L","timestamp":"2023-11-09 14:17:36"},{"nodeID":"1355870","text":"Analysing","type":"YA","timestamp":"2023-11-09 14:17:36"},{"nodeID":"1355871","text":"Anon: AudienceMember 20230112QT07:  not feeding through to the public who are actually working","type":"L","timestamp":"2023-11-09 14:17:36"},{"nodeID":"1355872","text":"Asserting","type":"YA","timestamp":"2023-11-09 14:17:36"},{"nodeID":"1355873","text":"Default Transition","type":"TA","timestamp":"2023-11-09 14:17:36"},{"nodeID":"1355874","text":"Asserting","type":"YA","timestamp":"2023-11-09 14:17:36"},{"nodeID":"1355875","text":"Default Rephrase","type":"MA","timestamp":"2023-11-09 14:17:36"},{"nodeID":"1355876","text":"Restating","type":"YA","timestamp":"2023-11-09 14:17:36"},{"nodeID":"1355877","text":"the NHS needs structural changes","type":"I","timestamp":"2023-11-09 14:17:37"},{"nodeID":"1355878","text":"Jacob Rees-Mogg: What are the structural changes that are needed","type":"L","timestamp":"2023-11-09 14:17:37"},{"nodeID":"1355879","text":"Analysing","type":"YA","timestamp":"2023-11-09 14:17:37"},{"nodeID":"1355880","text":"Anon: Jacob Rees-Mogg: What are the structural changes that are needed","type":"L","timestamp":"2023-11-09 14:17:37"},{"nodeID":"1355881","text":"Rhetorical Questioning","type":"YA","timestamp":"2023-11-09 14:17:37"},{"nodeID":"1355882","text":"Default Transition","type":"TA","timestamp":"2023-11-09 14:17:37"},{"nodeID":"1355883","text":"Jacob Rees-Mogg was actually very impressed by Wes Streeting","type":"I","timestamp":"2023-11-09 14:17:38"},{"nodeID":"1355884","text":"Jacob Rees-Mogg: I was actually very impressed by Wes Streeting","type":"L","timestamp":"2023-11-09 14:17:38"},{"nodeID":"1355885","text":"Analysing","type":"YA","timestamp":"2023-11-09 14:17:38"},{"nodeID":"1355886","text":"Anon: Jacob Rees-Mogg: I was actually very impressed by Wes Streeting","type":"L","timestamp":"2023-11-09 14:17:38"},{"nodeID":"1355887","text":"Asserting","type":"YA","timestamp":"2023-11-09 14:17:38"},{"nodeID":"1355888","text":"Default Transition","type":"TA","timestamp":"2023-11-09 14:17:38"},{"nodeID":"1355889","text":"Jacob Rees-Mogg saying that he was impressed by Wes Streeting is not something you might expect of him","type":"I","timestamp":"2023-11-09 14:17:39"},{"nodeID":"1355890","text":"Jacob Rees-Mogg: which is not words you might expect me to say","type":"L","timestamp":"2023-11-09 14:17:39"},{"nodeID":"1355891","text":"Analysing","type":"YA","timestamp":"2023-11-09 14:17:39"},{"nodeID":"1355892","text":"Anon: Jacob Rees-Mogg: which is not words you might expect me to say","type":"L","timestamp":"2023-11-09 14:17:39"},{"nodeID":"1355893","text":"Asserting","type":"YA","timestamp":"2023-11-09 14:17:39"},{"nodeID":"1355894","text":"Default Transition","type":"TA","timestamp":"2023-11-09 14:17:39"},{"nodeID":"1355895","text":"Default Rephrase","type":"MA","timestamp":"2023-11-09 14:17:39"},{"nodeID":"1355896","text":"Restating","type":"YA","timestamp":"2023-11-09 14:17:39"},{"nodeID":"1355897","text":"Jacob Rees-Mogg was impressed by a Labour Member of Parliament, senior Labour front bench figure Wes Streeting","type":"I","timestamp":"2023-11-09 14:17:39"},{"nodeID":"1355898","text":"Jacob Rees-Mogg: Of a Labour Member of Parliament, senior Labour front bench figure","type":"L","timestamp":"2023-11-09 14:17:39"},{"nodeID":"1355899","text":"Analysing","type":"YA","timestamp":"2023-11-09 14:17:39"},{"nodeID":"1355900","text":"Anon: Jacob Rees-Mogg: Of a Labour Member of Parliament, senior Labour front bench figure","type":"L","timestamp":"2023-11-09 14:17:39"},{"nodeID":"1355901","text":"Asserting","type":"YA","timestamp":"2023-11-09 14:17:39"},{"nodeID":"1355902","text":"Default Transition","type":"TA","timestamp":"2023-11-09 14:17:39"},{"nodeID":"1355903","text":"Default Rephrase","type":"MA","timestamp":"2023-11-09 14:17:39"},{"nodeID":"1355904","text":"Restating","type":"YA","timestamp":"2023-11-09 14:17:39"},{"nodeID":"1355905","text":"there is a problem with five million GP appointments being missed a month","type":"I","timestamp":"2023-11-09 14:17:40"},{"nodeID":"1355906","text":"Jacob Rees-Mogg: saying that there is a problem with five million GP appointments being missed a month","type":"L","timestamp":"2023-11-09 14:17:40"},{"nodeID":"1355907","text":"Analysing","type":"YA","timestamp":"2023-11-09 14:17:40"},{"nodeID":"1355908","text":"Anon: Jacob Rees-Mogg: saying that there is a problem with five million GP appointments being missed a month","type":"L","timestamp":"2023-11-09 14:17:40"},{"nodeID":"1355909","text":"Wes Streeting: there is a problem with five million GP appointments being missed a month","type":"L","timestamp":"2023-11-09 14:17:40"},{"nodeID":"1355910","text":"Analysing","type":"YA","timestamp":"2023-11-09 14:17:40"},{"nodeID":"1355911","text":"Anon: Wes Streeting: saying that there is a problem with five million GP appointments being missed a month","type":"L","timestamp":"2023-11-09 14:17:40"},{"nodeID":"1355912","text":"Default Transition","type":"TA","timestamp":"2023-11-09 14:17:40"},{"nodeID":"1355913","text":"Asserting","type":"YA","timestamp":"2023-11-09 14:17:40"},{"nodeID":"1355914","text":"Asserting","type":"YA","timestamp":"2023-11-09 14:17:40"},{"nodeID":"1355915","text":"Wes Streeting doesn't get anything good for saying that there is a problem with five million GP appointments being missed a month","type":"I","timestamp":"2023-11-09 14:17:41"},{"nodeID":"1355916","text":"Jacob Rees-Mogg: what does he get","type":"L","timestamp":"2023-11-09 14:17:41"},{"nodeID":"1355917","text":"Analysing","type":"YA","timestamp":"2023-11-09 14:17:41"},{"nodeID":"1355918","text":"Anon: Jacob Rees-Mogg: what does he get","type":"L","timestamp":"2023-11-09 14:17:41"},{"nodeID":"1355919","text":"Rhetorical Questioning","type":"YA","timestamp":"2023-11-09 14:17:41"},{"nodeID":"1355920","text":"Default Transition","type":"TA","timestamp":"2023-11-09 14:17:41"},{"nodeID":"1355921","text":"Wes Streeting gets attacked by the BMA for running down hard working GPs for saying that there is a problem with five million GP appointments being missed a month","type":"I","timestamp":"2023-11-09 14:17:42"},{"nodeID":"1355922","text":"Jacob Rees-Mogg: he gets attacked by the BMA for running down hard working GPs","type":"L","timestamp":"2023-11-09 14:17:42"},{"nodeID":"1355923","text":"Analysing","type":"YA","timestamp":"2023-11-09 14:17:42"},{"nodeID":"1355924","text":"Anon: Jacob Rees-Mogg: he gets attacked by the BMA for running down hard working GPs","type":"L","timestamp":"2023-11-09 14:17:42"},{"nodeID":"1355925","text":"Asserting","type":"YA","timestamp":"2023-11-09 14:17:42"},{"nodeID":"1355926","text":"Default Transition","type":"TA","timestamp":"2023-11-09 14:17:42"},{"nodeID":"1355927","text":"Default Rephrase","type":"MA","timestamp":"2023-11-09 14:17:42"},{"nodeID":"1355928","text":"Default Illocuting","type":"YA","timestamp":"2023-11-09 14:17:42"},{"nodeID":"1355929","text":"Jacob Rees-Mogg: No","type":"L","timestamp":"2023-11-09 14:17:42"},{"nodeID":"1355930","text":"Analysing","type":"YA","timestamp":"2023-11-09 14:17:42"},{"nodeID":"1355931","text":"Anon: Jacob Rees-Mogg: No","type":"L","timestamp":"2023-11-09 14:17:42"},{"nodeID":"1355932","text":"Default Transition","type":"TA","timestamp":"2023-11-09 14:17:42"},{"nodeID":"1355933","text":"Disagreeing","type":"YA","timestamp":"2023-11-09 14:17:42"},{"nodeID":"1355934","text":"Wes Streeting is pointing out that there is a problem by saying that five million GP appointments are being missed a month","type":"I","timestamp":"2023-11-09 14:17:43"},{"nodeID":"1355935","text":"Jacob Rees-Mogg: he's pointing out that there is a problem","type":"L","timestamp":"2023-11-09 14:17:43"},{"nodeID":"1355936","text":"Analysing","type":"YA","timestamp":"2023-11-09 14:17:43"},{"nodeID":"1355937","text":"Anon: Jacob Rees-Mogg: he's pointing out that there is a problem","type":"L","timestamp":"2023-11-09 14:17:43"},{"nodeID":"1355938","text":"Asserting","type":"YA","timestamp":"2023-11-09 14:17:43"},{"nodeID":"1355939","text":"Default Transition","type":"TA","timestamp":"2023-11-09 14:17:43"},{"nodeID":"1355940","text":"Default Conflict","type":"CA","timestamp":"2023-11-09 14:17:43"},{"nodeID":"1355941","text":"Disagreeing","type":"YA","timestamp":"2023-11-09 14:17:43"},{"nodeID":"1355942","text":"fixing the problem with five million GP appointments being missed a month needs detailed reforms of the NHS","type":"I","timestamp":"2023-11-09 14:17:44"},{"nodeID":"1355943","text":"Jacob Rees-Mogg: these need detailed reforms of the NHS","type":"L","timestamp":"2023-11-09 14:17:44"},{"nodeID":"1355944","text":"Analysing","type":"YA","timestamp":"2023-11-09 14:17:44"},{"nodeID":"1355945","text":"Anon: Jacob Rees-Mogg: these need detailed reforms of the NHS","type":"L","timestamp":"2023-11-09 14:17:44"},{"nodeID":"1355946","text":"Asserting","type":"YA","timestamp":"2023-11-09 14:17:44"},{"nodeID":"1355947","text":"Default Transition","type":"TA","timestamp":"2023-11-09 14:17:44"},{"nodeID":"1355948","text":"NHS already receives a lot of money","type":"I","timestamp":"2023-11-09 14:17:44"},{"nodeID":"1355949","text":"Jacob Rees-Mogg: that already receives a lot of money","type":"L","timestamp":"2023-11-09 14:17:44"},{"nodeID":"1355950","text":"Analysing","type":"YA","timestamp":"2023-11-09 14:17:44"},{"nodeID":"1355951","text":"Anon: Jacob Rees-Mogg: that already receives a lot of money","type":"L","timestamp":"2023-11-09 14:17:44"},{"nodeID":"1355952","text":"Asserting","type":"YA","timestamp":"2023-11-09 14:17:44"},{"nodeID":"1355953","text":"NHS already employs a very large number of people","type":"I","timestamp":"2023-11-09 14:17:45"},{"nodeID":"1355954","text":"Jacob Rees-Mogg: already employs a very large number of people","type":"L","timestamp":"2023-11-09 14:17:45"},{"nodeID":"1355955","text":"Analysing","type":"YA","timestamp":"2023-11-09 14:17:45"},{"nodeID":"1355956","text":"Anon: Jacob Rees-Mogg: already employs a very large number of people","type":"L","timestamp":"2023-11-09 14:17:45"},{"nodeID":"1355957","text":"Asserting","type":"YA","timestamp":"2023-11-09 14:17:45"},{"nodeID":"1355958","text":"just throwing more money at the problem is not going to make it go away","type":"I","timestamp":"2023-11-09 14:17:46"},{"nodeID":"1355959","text":"Jacob Rees-Mogg:  Just throwing more money at the problem is not going to make it go away","type":"L","timestamp":"2023-11-09 14:17:46"},{"nodeID":"1355960","text":"Analysing","type":"YA","timestamp":"2023-11-09 14:17:46"},{"nodeID":"1355961","text":"Anon: Jacob Rees-Mogg:  Just throwing more money at the problem is not going to make it go away","type":"L","timestamp":"2023-11-09 14:17:46"},{"nodeID":"1355962","text":"Asserting","type":"YA","timestamp":"2023-11-09 14:17:46"},{"nodeID":"1355963","text":"Default Transition","type":"TA","timestamp":"2023-11-09 14:17:46"},{"nodeID":"1355964","text":"Default Inference","type":"RA","timestamp":"2023-11-09 14:17:46"},{"nodeID":"1355965","text":"Arguing","type":"YA","timestamp":"2023-11-09 14:17:46"},{"nodeID":"1355966","text":"Default Inference","type":"RA","timestamp":"2023-11-09 14:17:46"},{"nodeID":"1355967","text":"Default Transition","type":"TA","timestamp":"2023-11-09 14:17:46"},{"nodeID":"1355968","text":"Default Transition","type":"TA","timestamp":"2023-11-09 14:17:46"},{"nodeID":"1355969","text":"Default Transition","type":"TA","timestamp":"2023-11-09 14:17:46"},{"nodeID":"1355970","text":"Arguing","type":"YA","timestamp":"2023-11-09 14:17:46"},{"nodeID":"1355971","text":"Default Transition","type":"TA","timestamp":"2023-11-09 14:17:46"},{"nodeID":"1355972","text":"Default Rephrase","type":"MA","timestamp":"2023-11-09 14:17:46"},{"nodeID":"1355973","text":"Restating","type":"YA","timestamp":"2023-11-09 14:17:46"}],"edges":[{"edgeID":"1775254","fromID":"1355842","toID":"1355841","formEdgeID":null},{"edgeID":"1775255","fromID":"1355843","toID":"1355842","formEdgeID":null},{"edgeID":"1775256","fromID":"1355841","toID":"1355844","formEdgeID":null},{"edgeID":"1775257","fromID":"1355844","toID":"1355840","formEdgeID":null},{"edgeID":"1775258","fromID":"1355846","toID":"1355845","formEdgeID":null},{"edgeID":"1775259","fromID":"1355847","toID":"1355846","formEdgeID":null},{"edgeID":"1775260","fromID":"1355841","toID":"1355848","formEdgeID":null},{"edgeID":"1775261","fromID":"1355848","toID":"1355845","formEdgeID":null},{"edgeID":"1775262","fromID":"1355848","toID":"1355849","formEdgeID":null},{"edgeID":"1775263","fromID":"1355849","toID":"1355840","formEdgeID":null},{"edgeID":"1775264","fromID":"1355851","toID":"1355850","formEdgeID":null},{"edgeID":"1775265","fromID":"1355852","toID":"1355851","formEdgeID":null},{"edgeID":"1775266","fromID":"1355841","toID":"1355853","formEdgeID":null},{"edgeID":"1775267","fromID":"1355853","toID":"1355850","formEdgeID":null},{"edgeID":"1775268","fromID":"1355853","toID":"1355854","formEdgeID":null},{"edgeID":"1775269","fromID":"1355854","toID":"1355840","formEdgeID":null},{"edgeID":"1775270","fromID":"1355857","toID":"1355856","formEdgeID":null},{"edgeID":"1775271","fromID":"1355858","toID":"1355857","formEdgeID":null},{"edgeID":"1775272","fromID":"1355850","toID":"1355859","formEdgeID":null},{"edgeID":"1775273","fromID":"1355859","toID":"1355856","formEdgeID":null},{"edgeID":"1775274","fromID":"1355862","toID":"1355861","formEdgeID":null},{"edgeID":"1775275","fromID":"1355863","toID":"1355862","formEdgeID":null},{"edgeID":"1775276","fromID":"1355865","toID":"1355864","formEdgeID":null},{"edgeID":"1775277","fromID":"1355866","toID":"1355865","formEdgeID":null},{"edgeID":"1775278","fromID":"1355864","toID":"1355867","formEdgeID":null},{"edgeID":"1775279","fromID":"1355867","toID":"1355855","formEdgeID":null},{"edgeID":"1775280","fromID":"1355856","toID":"1355868","formEdgeID":null},{"edgeID":"1775281","fromID":"1355868","toID":"1355864","formEdgeID":null},{"edgeID":"1775282","fromID":"1355870","toID":"1355869","formEdgeID":null},{"edgeID":"1775283","fromID":"1355871","toID":"1355870","formEdgeID":null},{"edgeID":"1775284","fromID":"1355869","toID":"1355872","formEdgeID":null},{"edgeID":"1775285","fromID":"1355872","toID":"1355860","formEdgeID":null},{"edgeID":"1775286","fromID":"1355856","toID":"1355873","formEdgeID":null},{"edgeID":"1775287","fromID":"1355873","toID":"1355861","formEdgeID":null},{"edgeID":"1775288","fromID":"1355861","toID":"1355874","formEdgeID":null},{"edgeID":"1775289","fromID":"1355874","toID":"1355869","formEdgeID":null},{"edgeID":"1775290","fromID":"1355860","toID":"1355875","formEdgeID":null},{"edgeID":"1775291","fromID":"1355875","toID":"1355855","formEdgeID":null},{"edgeID":"1775292","fromID":"1355873","toID":"1355876","formEdgeID":null},{"edgeID":"1775293","fromID":"1355876","toID":"1355875","formEdgeID":null},{"edgeID":"1775294","fromID":"1355879","toID":"1355878","formEdgeID":null},{"edgeID":"1775295","fromID":"1355880","toID":"1355879","formEdgeID":null},{"edgeID":"1775296","fromID":"1355878","toID":"1355881","formEdgeID":null},{"edgeID":"1775297","fromID":"1355881","toID":"1355877","formEdgeID":null},{"edgeID":"1775298","fromID":"1355861","toID":"1355882","formEdgeID":null},{"edgeID":"1775299","fromID":"1355882","toID":"1355878","formEdgeID":null},{"edgeID":"1775300","fromID":"1355885","toID":"1355884","formEdgeID":null},{"edgeID":"1775301","fromID":"1355886","toID":"1355885","formEdgeID":null},{"edgeID":"1775302","fromID":"1355884","toID":"1355887","formEdgeID":null},{"edgeID":"1775303","fromID":"1355887","toID":"1355883","formEdgeID":null},{"edgeID":"1775304","fromID":"1355878","toID":"1355888","formEdgeID":null},{"edgeID":"1775305","fromID":"1355888","toID":"1355884","formEdgeID":null},{"edgeID":"1775306","fromID":"1355891","toID":"1355890","formEdgeID":null},{"edgeID":"1775307","fromID":"1355892","toID":"1355891","formEdgeID":null},{"edgeID":"1775308","fromID":"1355890","toID":"1355893","formEdgeID":null},{"edgeID":"1775309","fromID":"1355893","toID":"1355889","formEdgeID":null},{"edgeID":"1775310","fromID":"1355884","toID":"1355894","formEdgeID":null},{"edgeID":"1775311","fromID":"1355894","toID":"1355890","formEdgeID":null},{"edgeID":"1775312","fromID":"1355889","toID":"1355895","formEdgeID":null},{"edgeID":"1775313","fromID":"1355895","toID":"1355883","formEdgeID":null},{"edgeID":"1775314","fromID":"1355894","toID":"1355896","formEdgeID":null},{"edgeID":"1775315","fromID":"1355896","toID":"1355895","formEdgeID":null},{"edgeID":"1775316","fromID":"1355899","toID":"1355898","formEdgeID":null},{"edgeID":"1775317","fromID":"1355900","toID":"1355899","formEdgeID":null},{"edgeID":"1775318","fromID":"1355898","toID":"1355901","formEdgeID":null},{"edgeID":"1775319","fromID":"1355901","toID":"1355897","formEdgeID":null},{"edgeID":"1775320","fromID":"1355884","toID":"1355902","formEdgeID":null},{"edgeID":"1775321","fromID":"1355902","toID":"1355898","formEdgeID":null},{"edgeID":"1775322","fromID":"1355897","toID":"1355903","formEdgeID":null},{"edgeID":"1775323","fromID":"1355903","toID":"1355883","formEdgeID":null},{"edgeID":"1775324","fromID":"1355902","toID":"1355904","formEdgeID":null},{"edgeID":"1775325","fromID":"1355904","toID":"1355903","formEdgeID":null},{"edgeID":"1775326","fromID":"1355907","toID":"1355906","formEdgeID":null},{"edgeID":"1775327","fromID":"1355908","toID":"1355907","formEdgeID":null},{"edgeID":"1775328","fromID":"1355910","toID":"1355909","formEdgeID":null},{"edgeID":"1775329","fromID":"1355911","toID":"1355910","formEdgeID":null},{"edgeID":"1775330","fromID":"1355898","toID":"1355912","formEdgeID":null},{"edgeID":"1775331","fromID":"1355912","toID":"1355906","formEdgeID":null},{"edgeID":"1775332","fromID":"1355906","toID":"1355913","formEdgeID":null},{"edgeID":"1775333","fromID":"1355913","toID":"1355909","formEdgeID":null},{"edgeID":"1775334","fromID":"1355909","toID":"1355914","formEdgeID":null},{"edgeID":"1775335","fromID":"1355914","toID":"1355905","formEdgeID":null},{"edgeID":"1775336","fromID":"1355917","toID":"1355916","formEdgeID":null},{"edgeID":"1775337","fromID":"1355918","toID":"1355917","formEdgeID":null},{"edgeID":"1775338","fromID":"1355916","toID":"1355919","formEdgeID":null},{"edgeID":"1775339","fromID":"1355919","toID":"1355915","formEdgeID":null},{"edgeID":"1775340","fromID":"1355906","toID":"1355920","formEdgeID":null},{"edgeID":"1775341","fromID":"1355920","toID":"1355916","formEdgeID":null},{"edgeID":"1775342","fromID":"1355923","toID":"1355922","formEdgeID":null},{"edgeID":"1775343","fromID":"1355924","toID":"1355923","formEdgeID":null},{"edgeID":"1775344","fromID":"1355922","toID":"1355925","formEdgeID":null},{"edgeID":"1775345","fromID":"1355925","toID":"1355921","formEdgeID":null},{"edgeID":"1775346","fromID":"1355916","toID":"1355926","formEdgeID":null},{"edgeID":"1775347","fromID":"1355926","toID":"1355922","formEdgeID":null},{"edgeID":"1775348","fromID":"1355921","toID":"1355927","formEdgeID":null},{"edgeID":"1775349","fromID":"1355927","toID":"1355915","formEdgeID":null},{"edgeID":"1775350","fromID":"1355926","toID":"1355928","formEdgeID":null},{"edgeID":"1775351","fromID":"1355928","toID":"1355927","formEdgeID":null},{"edgeID":"1775352","fromID":"1355930","toID":"1355929","formEdgeID":null},{"edgeID":"1775353","fromID":"1355931","toID":"1355930","formEdgeID":null},{"edgeID":"1775354","fromID":"1355922","toID":"1355932","formEdgeID":null},{"edgeID":"1775355","fromID":"1355932","toID":"1355929","formEdgeID":null},{"edgeID":"1775356","fromID":"1355932","toID":"1355933","formEdgeID":null},{"edgeID":"1775357","fromID":"1355933","toID":"1355921","formEdgeID":null},{"edgeID":"1775358","fromID":"1355936","toID":"1355935","formEdgeID":null},{"edgeID":"1775359","fromID":"1355937","toID":"1355936","formEdgeID":null},{"edgeID":"1775360","fromID":"1355935","toID":"1355938","formEdgeID":null},{"edgeID":"1775361","fromID":"1355938","toID":"1355934","formEdgeID":null},{"edgeID":"1775362","fromID":"1355922","toID":"1355939","formEdgeID":null},{"edgeID":"1775363","fromID":"1355939","toID":"1355935","formEdgeID":null},{"edgeID":"1775364","fromID":"1355934","toID":"1355940","formEdgeID":null},{"edgeID":"1775365","fromID":"1355940","toID":"1355921","formEdgeID":null},{"edgeID":"1775366","fromID":"1355939","toID":"1355941","formEdgeID":null},{"edgeID":"1775367","fromID":"1355941","toID":"1355940","formEdgeID":null},{"edgeID":"1775368","fromID":"1355944","toID":"1355943","formEdgeID":null},{"edgeID":"1775369","fromID":"1355945","toID":"1355944","formEdgeID":null},{"edgeID":"1775370","fromID":"1355943","toID":"1355946","formEdgeID":null},{"edgeID":"1775371","fromID":"1355946","toID":"1355942","formEdgeID":null},{"edgeID":"1775372","fromID":"1355935","toID":"1355947","formEdgeID":null},{"edgeID":"1775373","fromID":"1355947","toID":"1355943","formEdgeID":null},{"edgeID":"1775374","fromID":"1355950","toID":"1355949","formEdgeID":null},{"edgeID":"1775375","fromID":"1355951","toID":"1355950","formEdgeID":null},{"edgeID":"1775376","fromID":"1355949","toID":"1355952","formEdgeID":null},{"edgeID":"1775377","fromID":"1355952","toID":"1355948","formEdgeID":null},{"edgeID":"1775378","fromID":"1355955","toID":"1355954","formEdgeID":null},{"edgeID":"1775379","fromID":"1355956","toID":"1355955","formEdgeID":null},{"edgeID":"1775380","fromID":"1355954","toID":"1355957","formEdgeID":null},{"edgeID":"1775381","fromID":"1355957","toID":"1355953","formEdgeID":null},{"edgeID":"1775382","fromID":"1355960","toID":"1355959","formEdgeID":null},{"edgeID":"1775383","fromID":"1355961","toID":"1355960","formEdgeID":null},{"edgeID":"1775384","fromID":"1355959","toID":"1355962","formEdgeID":null},{"edgeID":"1775385","fromID":"1355962","toID":"1355958","formEdgeID":null},{"edgeID":"1775386","fromID":"1355943","toID":"1355963","formEdgeID":null},{"edgeID":"1775387","fromID":"1355963","toID":"1355959","formEdgeID":null},{"edgeID":"1775388","fromID":"1355958","toID":"1355964","formEdgeID":null},{"edgeID":"1775389","fromID":"1355964","toID":"1355942","formEdgeID":null},{"edgeID":"1775390","fromID":"1355963","toID":"1355965","formEdgeID":null},{"edgeID":"1775391","fromID":"1355965","toID":"1355964","formEdgeID":null},{"edgeID":"1775392","fromID":"1355948","toID":"1355966","formEdgeID":null},{"edgeID":"1775393","fromID":"1355966","toID":"1355958","formEdgeID":null},{"edgeID":"1775394","fromID":"1355953","toID":"1355966","formEdgeID":null},{"edgeID":"1775395","fromID":"1355943","toID":"1355967","formEdgeID":null},{"edgeID":"1775396","fromID":"1355967","toID":"1355949","formEdgeID":null},{"edgeID":"1775397","fromID":"1355949","toID":"1355968","formEdgeID":null},{"edgeID":"1775398","fromID":"1355968","toID":"1355959","formEdgeID":null},{"edgeID":"1775399","fromID":"1355954","toID":"1355969","formEdgeID":null},{"edgeID":"1775400","fromID":"1355969","toID":"1355959","formEdgeID":null},{"edgeID":"1775401","fromID":"1355969","toID":"1355970","formEdgeID":null},{"edgeID":"1775402","fromID":"1355970","toID":"1355966","formEdgeID":null},{"edgeID":"1775403","fromID":"1355878","toID":"1355971","formEdgeID":null},{"edgeID":"1775404","fromID":"1355971","toID":"1355943","formEdgeID":null},{"edgeID":"1775405","fromID":"1355942","toID":"1355972","formEdgeID":null},{"edgeID":"1775406","fromID":"1355972","toID":"1355877","formEdgeID":null},{"edgeID":"1775407","fromID":"1355971","toID":"1355973","formEdgeID":null},{"edgeID":"1775408","fromID":"1355973","toID":"1355972","formEdgeID":null}],"locutions":[]}