{"nodes":[{"nodeID":"1355602","text":"Peter Hitchens: I don't think the police should strike either","type":"L","timestamp":"2023-11-09 14:17:10"},{"nodeID":"1355603","text":"Pat Cullen thought that Peter Hitchen's comment was incredibly interesting","type":"I","timestamp":"2023-11-09 14:17:11"},{"nodeID":"1355604","text":"Pat Cullen: I thought that was an incredibly interesting comment","type":"L","timestamp":"2023-11-09 14:17:11"},{"nodeID":"1355605","text":"Analysing","type":"YA","timestamp":"2023-11-09 14:17:11"},{"nodeID":"1355606","text":"Joanna: Pat Cullen: I thought that was an incredibly interesting comment","type":"L","timestamp":"2023-11-09 14:17:11"},{"nodeID":"1355607","text":"Asserting","type":"YA","timestamp":"2023-11-09 14:17:11"},{"nodeID":"1355608","text":"Pat Cullen would ask a couple of things of Peter Hitchens","type":"I","timestamp":"2023-11-09 14:17:11"},{"nodeID":"1355609","text":"Pat Cullen: I would ask a couple of things of Peter","type":"L","timestamp":"2023-11-09 14:17:11"},{"nodeID":"1355610","text":"Analysing","type":"YA","timestamp":"2023-11-09 14:17:11"},{"nodeID":"1355611","text":"Joanna: Pat Cullen: I would ask a couple of things of Peter","type":"L","timestamp":"2023-11-09 14:17:11"},{"nodeID":"1355612","text":"Asserting","type":"YA","timestamp":"2023-11-09 14:17:11"},{"nodeID":"1355613","text":"Default Transition","type":"TA","timestamp":"2023-11-09 14:17:11"},{"nodeID":"1355614","text":"Peter Hitchens could or could not live in central London on \u00a327,000, and travel to his work every day, costing possibly around \u00a3500 a month to get to and from their work","type":"I","timestamp":"2023-11-09 14:17:12"},{"nodeID":"1355615","text":"Pat Cullen: Could Peter live in central London on \u00a327,000, and travel to his work every day, costing possibly around \u00a3500 a month to get to and from their work","type":"L","timestamp":"2023-11-09 14:17:12"},{"nodeID":"1355616","text":"Analysing","type":"YA","timestamp":"2023-11-09 14:17:12"},{"nodeID":"1355617","text":"Joanna: Pat Cullen: Could Peter live in central London on \u00a327,000, and travel to his work every day, costing possibly around \u00a3500 a month to get to and from their work","type":"L","timestamp":"2023-11-09 14:17:12"},{"nodeID":"1355618","text":"Pure Questioning","type":"YA","timestamp":"2023-11-09 14:17:12"},{"nodeID":"1355619","text":"Default Transition","type":"TA","timestamp":"2023-11-09 14:17:12"},{"nodeID":"1355620","text":"Peter Hitchens could or could not live, and keep his family in London on \u00a327,000","type":"I","timestamp":"2023-11-09 14:17:13"},{"nodeID":"1355621","text":"Pat Cullen: Could Peter live, and keep his family in London on \u00a327,000","type":"L","timestamp":"2023-11-09 14:17:13"},{"nodeID":"1355622","text":"Analysing","type":"YA","timestamp":"2023-11-09 14:17:13"},{"nodeID":"1355623","text":"Joanna: Pat Cullen: Could Peter live, and keep his family in London on \u00a327,000","type":"L","timestamp":"2023-11-09 14:17:13"},{"nodeID":"1355624","text":"Pure Questioning","type":"YA","timestamp":"2023-11-09 14:17:13"},{"nodeID":"1355625","text":"Default Transition","type":"TA","timestamp":"2023-11-09 14:17:13"},{"nodeID":"1355626","text":"Default Rephrase","type":"MA","timestamp":"2023-11-09 14:17:13"},{"nodeID":"1355627","text":"Restating","type":"YA","timestamp":"2023-11-09 14:17:13"},{"nodeID":"1355628","text":"Peter Hitchens could or could not pay his utility bills, pay his childminding, and make sure that he keeps his head above water, and pays rent","type":"I","timestamp":"2023-11-09 14:17:14"},{"nodeID":"1355629","text":"Pat Cullen: Could he pay his utility bills, pay his childminding, and make sure that he keeps his head above water, and pays rent","type":"L","timestamp":"2023-11-09 14:17:14"},{"nodeID":"1355630","text":"Analysing","type":"YA","timestamp":"2023-11-09 14:17:14"},{"nodeID":"1355631","text":"Joanna: Pat Cullen: Could he pay his utility bills, pay his childminding, and make sure that he keeps his head above water, and pays rent","type":"L","timestamp":"2023-11-09 14:17:14"},{"nodeID":"1355632","text":"Pure Questioning","type":"YA","timestamp":"2023-11-09 14:17:14"},{"nodeID":"1355633","text":"Default Transition","type":"TA","timestamp":"2023-11-09 14:17:14"},{"nodeID":"1355634","text":"Pat Cullen would suggest Peter Hitchens couldn't pay his utility bills, pay his childminding, and make sure that he keeps his head above water, and pays rent on \u00a327,000","type":"I","timestamp":"2023-11-09 14:17:15"},{"nodeID":"1355635","text":"Pat Cullen: I would suggest he couldn't","type":"L","timestamp":"2023-11-09 14:17:15"},{"nodeID":"1355636","text":"Analysing","type":"YA","timestamp":"2023-11-09 14:17:15"},{"nodeID":"1355637","text":"Joanna: Pat Cullen: I would suggest he couldn't","type":"L","timestamp":"2023-11-09 14:17:15"},{"nodeID":"1355638","text":"Asserting","type":"YA","timestamp":"2023-11-09 14:17:15"},{"nodeID":"1355639","text":"Default Transition","type":"TA","timestamp":"2023-11-09 14:17:15"},{"nodeID":"1355640","text":"Default Rephrase","type":"MA","timestamp":"2023-11-09 14:17:15"},{"nodeID":"1355641","text":"Default Illocuting","type":"YA","timestamp":"2023-11-09 14:17:15"},{"nodeID":"1355642","text":"Default Rephrase","type":"MA","timestamp":"2023-11-09 14:17:15"},{"nodeID":"1355643","text":"Restating","type":"YA","timestamp":"2023-11-09 14:17:15"},{"nodeID":"1355644","text":"living on on \u00a327,000 is good enough for a 90 per cent female profession because xxx","type":"I","timestamp":"2023-11-09 14:17:15"},{"nodeID":"1355645","text":"Pat Cullen: why is it good enough for a 90 per cent female profession","type":"L","timestamp":"2023-11-09 14:17:15"},{"nodeID":"1355646","text":"Analysing","type":"YA","timestamp":"2023-11-09 14:17:15"},{"nodeID":"1355647","text":"Joanna: Pat Cullen: why is it good enough for a 90 per cent female profession","type":"L","timestamp":"2023-11-09 14:17:15"},{"nodeID":"1355648","text":"Pure Questioning","type":"YA","timestamp":"2023-11-09 14:17:15"},{"nodeID":"1355649","text":"Default Transition","type":"TA","timestamp":"2023-11-09 14:17:15"},{"nodeID":"1355650","text":"Default Inference","type":"RA","timestamp":"2023-11-09 14:17:16"},{"nodeID":"1355651","text":"Arguing","type":"YA","timestamp":"2023-11-09 14:17:16"},{"nodeID":"1355652","text":"Pat Cullen found Peter Hitchens' quite a macho response tonight to my profession","type":"I","timestamp":"2023-11-09 14:17:16"},{"nodeID":"1355653","text":"Peter Hitchens: I found that quite a macho response tonight to my profession","type":"L","timestamp":"2023-11-09 14:17:16"},{"nodeID":"1355654","text":"Analysing","type":"YA","timestamp":"2023-11-09 14:17:16"},{"nodeID":"1355655","text":"Joanna: Peter Hitchens: I found that quite a macho response tonight to my profession","type":"L","timestamp":"2023-11-09 14:17:16"},{"nodeID":"1355656","text":"Asserting","type":"YA","timestamp":"2023-11-09 14:17:16"},{"nodeID":"1355657","text":"Default Transition","type":"TA","timestamp":"2023-11-09 14:17:16"},{"nodeID":"1355658","text":"Default Rephrase","type":"MA","timestamp":"2023-11-09 14:17:16"},{"nodeID":"1355659","text":"Default Transition","type":"TA","timestamp":"2023-11-09 14:17:16"},{"nodeID":"1355660","text":"Restating","type":"YA","timestamp":"2023-11-09 14:17:16"},{"nodeID":"1355661","text":"Peter Hitchens' comment was quite an insult to Pat Cullen's profession","type":"I","timestamp":"2023-11-09 14:17:17"},{"nodeID":"1355662","text":"Pat Cullen: quite an insult","type":"L","timestamp":"2023-11-09 14:17:17"},{"nodeID":"1355663","text":"Analysing","type":"YA","timestamp":"2023-11-09 14:17:17"},{"nodeID":"1355664","text":"Joanna: Pat Cullen: quite an insult","type":"L","timestamp":"2023-11-09 14:17:17"},{"nodeID":"1355665","text":"Asserting","type":"YA","timestamp":"2023-11-09 14:17:17"},{"nodeID":"1355666","text":"Default Transition","type":"TA","timestamp":"2023-11-09 14:17:17"},{"nodeID":"1355667","text":"Default Inference","type":"RA","timestamp":"2023-11-09 14:17:17"},{"nodeID":"1355668","text":"Arguing","type":"YA","timestamp":"2023-11-09 14:17:17"},{"nodeID":"1355669","text":"Pat Cullen is making a huge, logical jump","type":"I","timestamp":"2023-11-09 14:17:18"},{"nodeID":"1355670","text":"Peter Hitchens: you're making a huge, logical jump","type":"L","timestamp":"2023-11-09 14:17:18"},{"nodeID":"1355671","text":"Analysing","type":"YA","timestamp":"2023-11-09 14:17:18"},{"nodeID":"1355672","text":"Joanna: Peter Hitchens: you're making a huge, logical jump","type":"L","timestamp":"2023-11-09 14:17:18"},{"nodeID":"1355673","text":"Asserting","type":"YA","timestamp":"2023-11-09 14:17:18"},{"nodeID":"1355674","text":"Default Transition","type":"TA","timestamp":"2023-11-09 14:17:18"},{"nodeID":"1355675","text":"Peter Hitchens doesn't think nurses should strike","type":"I","timestamp":"2023-11-09 14:17:19"},{"nodeID":"1355676","text":"Peter Hitchens: You're saying that because I don't think nurses should strike","type":"L","timestamp":"2023-11-09 14:17:19"},{"nodeID":"1355677","text":"Analysing","type":"YA","timestamp":"2023-11-09 14:17:19"},{"nodeID":"1355678","text":"Joanna: Peter Hitchens: You're saying that because I don't think nurses should strike","type":"L","timestamp":"2023-11-09 14:17:19"},{"nodeID":"1355679","text":"Pat Cullen: Peter Hitchens doesn't think nurses should strike","type":"L","timestamp":"2023-11-09 14:17:19"},{"nodeID":"1355680","text":"Analysing","type":"YA","timestamp":"2023-11-09 14:17:19"},{"nodeID":"1355681","text":"Joanna: Pat Cullen: Peter Hitchens: You're saying that because I don't think nurses should strike","type":"L","timestamp":"2023-11-09 14:17:19"},{"nodeID":"1355682","text":"Asserting","type":"YA","timestamp":"2023-11-09 14:17:19"},{"nodeID":"1355683","text":"Asserting","type":"YA","timestamp":"2023-11-09 14:17:19"},{"nodeID":"1355684","text":"Default Transition","type":"TA","timestamp":"2023-11-09 14:17:19"},{"nodeID":"1355685","text":"Peter Hitchens doesn't think nurses should be well paid","type":"I","timestamp":"2023-11-09 14:17:20"},{"nodeID":"1355686","text":"Peter Hitchens: I don't think nurses should be well paid","type":"L","timestamp":"2023-11-09 14:17:20"},{"nodeID":"1355687","text":"Analysing","type":"YA","timestamp":"2023-11-09 14:17:20"},{"nodeID":"1355688","text":"Joanna: Peter Hitchens: I don't think nurses should be well paid","type":"L","timestamp":"2023-11-09 14:17:20"},{"nodeID":"1355689","text":"Pat Cullen: Peter Hitchens doesn't think nurses should be well paid","type":"L","timestamp":"2023-11-09 14:17:20"},{"nodeID":"1355690","text":"Analysing","type":"YA","timestamp":"2023-11-09 14:17:20"},{"nodeID":"1355691","text":"Joanna: Pat Cullen: I don't think nurses should be well paid","type":"L","timestamp":"2023-11-09 14:17:20"},{"nodeID":"1355692","text":"Asserting","type":"YA","timestamp":"2023-11-09 14:17:20"},{"nodeID":"1355693","text":"Asserting","type":"YA","timestamp":"2023-11-09 14:17:20"},{"nodeID":"1355694","text":"Default Inference","type":"RA","timestamp":"2023-11-09 14:17:20"},{"nodeID":"1355695","text":"nurses should not be well paid is not what Peter Hitchens said","type":"I","timestamp":"2023-11-09 14:17:20"},{"nodeID":"1355696","text":"Peter Hitchens:  which is not what I said","type":"L","timestamp":"2023-11-09 14:17:20"},{"nodeID":"1355697","text":"Analysing","type":"YA","timestamp":"2023-11-09 14:17:20"},{"nodeID":"1355698","text":"Joanna: Peter Hitchens:  which is not what I said","type":"L","timestamp":"2023-11-09 14:17:20"},{"nodeID":"1355699","text":"Asserting","type":"YA","timestamp":"2023-11-09 14:17:20"},{"nodeID":"1355700","text":"Default Transition","type":"TA","timestamp":"2023-11-09 14:17:20"},{"nodeID":"1355701","text":"Default Conflict","type":"CA","timestamp":"2023-11-09 14:17:20"},{"nodeID":"1355702","text":"Disagreeing","type":"YA","timestamp":"2023-11-09 14:17:20"},{"nodeID":"1355703","text":"Pat Cullen thinks that what every nurse will think tonight is that Peter Hitchens said nurses should not be paid well","type":"I","timestamp":"2023-11-09 14:17:21"},{"nodeID":"1355704","text":"Pat Cullen: I think that\u2019s what every nurse will think tonight","type":"L","timestamp":"2023-11-09 14:17:21"},{"nodeID":"1355705","text":"Analysing","type":"YA","timestamp":"2023-11-09 14:17:21"},{"nodeID":"1355706","text":"Joanna: Pat Cullen: I think that\u2019s what every nurse will think tonight","type":"L","timestamp":"2023-11-09 14:17:21"},{"nodeID":"1355707","text":"Asserting","type":"YA","timestamp":"2023-11-09 14:17:21"},{"nodeID":"1355708","text":"Default Transition","type":"TA","timestamp":"2023-11-09 14:17:21"},{"nodeID":"1355709","text":"Pat Cullen thinks that what every nurse will have heard is that Peter Hitchens saying nurses should not be paid well","type":"I","timestamp":"2023-11-09 14:17:22"},{"nodeID":"1355710","text":"Pat Cullen: I think that\u2019s what every nurse will have heard","type":"L","timestamp":"2023-11-09 14:17:22"},{"nodeID":"1355711","text":"Analysing","type":"YA","timestamp":"2023-11-09 14:17:22"},{"nodeID":"1355712","text":"Joanna: Pat Cullen: I think that\u2019s what every nurse will have heard","type":"L","timestamp":"2023-11-09 14:17:22"},{"nodeID":"1355713","text":"Asserting","type":"YA","timestamp":"2023-11-09 14:17:22"},{"nodeID":"1355714","text":"Default Conflict","type":"CA","timestamp":"2023-11-09 14:17:22"},{"nodeID":"1355715","text":"Default Transition","type":"TA","timestamp":"2023-11-09 14:17:22"},{"nodeID":"1355716","text":"Disagreeing","type":"YA","timestamp":"2023-11-09 14:17:22"},{"nodeID":"1355717","text":"Default Rephrase","type":"MA","timestamp":"2023-11-09 14:17:22"},{"nodeID":"1355718","text":"Default Transition","type":"TA","timestamp":"2023-11-09 14:17:22"},{"nodeID":"1355719","text":"Restating","type":"YA","timestamp":"2023-11-09 14:17:22"},{"nodeID":"1355720","text":"Peter Hitchens said the nurses should not strike","type":"I","timestamp":"2023-11-09 14:17:23"},{"nodeID":"1355721","text":"Peter Hitchens: I said they should not strike","type":"L","timestamp":"2023-11-09 14:17:23"},{"nodeID":"1355722","text":"Analysing","type":"YA","timestamp":"2023-11-09 14:17:23"},{"nodeID":"1355723","text":"Joanna: Peter Hitchens: I said they should not strike","type":"L","timestamp":"2023-11-09 14:17:23"},{"nodeID":"1355724","text":"Asserting","type":"YA","timestamp":"2023-11-09 14:17:23"},{"nodeID":"1355725","text":"Default Transition","type":"TA","timestamp":"2023-11-09 14:17:23"},{"nodeID":"1355726","text":"Default Conflict","type":"CA","timestamp":"2023-11-09 14:17:23"},{"nodeID":"1355727","text":"Disagreeing","type":"YA","timestamp":"2023-11-09 14:17:23"},{"nodeID":"1355728","text":"Default Rephrase","type":"MA","timestamp":"2023-11-09 14:17:23"},{"nodeID":"1355729","text":"Default Transition","type":"TA","timestamp":"2023-11-09 14:17:23"},{"nodeID":"1355730","text":"Restating","type":"YA","timestamp":"2023-11-09 14:17:23"},{"nodeID":"1355731","text":"Peter Hitchens doesn't think the police should strike either","type":"I","timestamp":"2023-11-09 14:17:24"},{"nodeID":"1355732","text":"Analysing","type":"YA","timestamp":"2023-11-09 14:17:24"},{"nodeID":"1355733","text":"Joanna: Peter Hitchens: I don't think the police should strike either","type":"L","timestamp":"2023-11-09 14:17:24"},{"nodeID":"1355734","text":"Asserting","type":"YA","timestamp":"2023-11-09 14:17:24"},{"nodeID":"1355735","text":"Default Transition","type":"TA","timestamp":"2023-11-09 14:17:24"},{"nodeID":"1355736","text":"Default Inference","type":"RA","timestamp":"2023-11-09 14:17:24"},{"nodeID":"1355737","text":"Arguing","type":"YA","timestamp":"2023-11-09 14:17:24"},{"nodeID":"1355738","text":"Default Transition","type":"TA","timestamp":"2023-11-09 14:17:24"},{"nodeID":"1355739","text":"Arguing","type":"YA","timestamp":"2023-11-09 14:17:24"},{"nodeID":"1355740","text":"Default Transition","type":"TA","timestamp":"2023-11-09 14:17:24"}],"edges":[{"edgeID":"1774974","fromID":"1355605","toID":"1355604","formEdgeID":null},{"edgeID":"1774975","fromID":"1355606","toID":"1355605","formEdgeID":null},{"edgeID":"1774976","fromID":"1355604","toID":"1355607","formEdgeID":null},{"edgeID":"1774977","fromID":"1355607","toID":"1355603","formEdgeID":null},{"edgeID":"1774978","fromID":"1355610","toID":"1355609","formEdgeID":null},{"edgeID":"1774979","fromID":"1355611","toID":"1355610","formEdgeID":null},{"edgeID":"1774980","fromID":"1355609","toID":"1355612","formEdgeID":null},{"edgeID":"1774981","fromID":"1355612","toID":"1355608","formEdgeID":null},{"edgeID":"1774982","fromID":"1355604","toID":"1355613","formEdgeID":null},{"edgeID":"1774983","fromID":"1355613","toID":"1355609","formEdgeID":null},{"edgeID":"1774984","fromID":"1355616","toID":"1355615","formEdgeID":null},{"edgeID":"1774985","fromID":"1355617","toID":"1355616","formEdgeID":null},{"edgeID":"1774986","fromID":"1355615","toID":"1355618","formEdgeID":null},{"edgeID":"1774987","fromID":"1355618","toID":"1355614","formEdgeID":null},{"edgeID":"1774988","fromID":"1355609","toID":"1355619","formEdgeID":null},{"edgeID":"1774989","fromID":"1355619","toID":"1355615","formEdgeID":null},{"edgeID":"1774990","fromID":"1355622","toID":"1355621","formEdgeID":null},{"edgeID":"1774991","fromID":"1355623","toID":"1355622","formEdgeID":null},{"edgeID":"1774992","fromID":"1355621","toID":"1355624","formEdgeID":null},{"edgeID":"1774993","fromID":"1355624","toID":"1355620","formEdgeID":null},{"edgeID":"1774994","fromID":"1355615","toID":"1355625","formEdgeID":null},{"edgeID":"1774995","fromID":"1355625","toID":"1355621","formEdgeID":null},{"edgeID":"1774996","fromID":"1355620","toID":"1355626","formEdgeID":null},{"edgeID":"1774997","fromID":"1355626","toID":"1355614","formEdgeID":null},{"edgeID":"1774998","fromID":"1355625","toID":"1355627","formEdgeID":null},{"edgeID":"1774999","fromID":"1355627","toID":"1355626","formEdgeID":null},{"edgeID":"1775000","fromID":"1355630","toID":"1355629","formEdgeID":null},{"edgeID":"1775001","fromID":"1355631","toID":"1355630","formEdgeID":null},{"edgeID":"1775002","fromID":"1355629","toID":"1355632","formEdgeID":null},{"edgeID":"1775003","fromID":"1355632","toID":"1355628","formEdgeID":null},{"edgeID":"1775004","fromID":"1355621","toID":"1355633","formEdgeID":null},{"edgeID":"1775005","fromID":"1355633","toID":"1355629","formEdgeID":null},{"edgeID":"1775006","fromID":"1355636","toID":"1355635","formEdgeID":null},{"edgeID":"1775007","fromID":"1355637","toID":"1355636","formEdgeID":null},{"edgeID":"1775008","fromID":"1355635","toID":"1355638","formEdgeID":null},{"edgeID":"1775009","fromID":"1355638","toID":"1355634","formEdgeID":null},{"edgeID":"1775010","fromID":"1355629","toID":"1355639","formEdgeID":null},{"edgeID":"1775011","fromID":"1355639","toID":"1355635","formEdgeID":null},{"edgeID":"1775012","fromID":"1355634","toID":"1355640","formEdgeID":null},{"edgeID":"1775013","fromID":"1355640","toID":"1355628","formEdgeID":null},{"edgeID":"1775014","fromID":"1355639","toID":"1355641","formEdgeID":null},{"edgeID":"1775015","fromID":"1355641","toID":"1355640","formEdgeID":null},{"edgeID":"1775016","fromID":"1355628","toID":"1355642","formEdgeID":null},{"edgeID":"1775017","fromID":"1355642","toID":"1355620","formEdgeID":null},{"edgeID":"1775018","fromID":"1355633","toID":"1355643","formEdgeID":null},{"edgeID":"1775019","fromID":"1355643","toID":"1355642","formEdgeID":null},{"edgeID":"1775020","fromID":"1355646","toID":"1355645","formEdgeID":null},{"edgeID":"1775021","fromID":"1355647","toID":"1355646","formEdgeID":null},{"edgeID":"1775022","fromID":"1355645","toID":"1355648","formEdgeID":null},{"edgeID":"1775023","fromID":"1355648","toID":"1355644","formEdgeID":null},{"edgeID":"1775024","fromID":"1355635","toID":"1355649","formEdgeID":null},{"edgeID":"1775025","fromID":"1355649","toID":"1355645","formEdgeID":null},{"edgeID":"1775026","fromID":"1355634","toID":"1355650","formEdgeID":null},{"edgeID":"1775027","fromID":"1355650","toID":"1355644","formEdgeID":null},{"edgeID":"1775028","fromID":"1355649","toID":"1355651","formEdgeID":null},{"edgeID":"1775029","fromID":"1355651","toID":"1355650","formEdgeID":null},{"edgeID":"1775030","fromID":"1355654","toID":"1355653","formEdgeID":null},{"edgeID":"1775031","fromID":"1355655","toID":"1355654","formEdgeID":null},{"edgeID":"1775032","fromID":"1355653","toID":"1355656","formEdgeID":null},{"edgeID":"1775033","fromID":"1355656","toID":"1355652","formEdgeID":null},{"edgeID":"1775034","fromID":"1355645","toID":"1355657","formEdgeID":null},{"edgeID":"1775035","fromID":"1355657","toID":"1355653","formEdgeID":null},{"edgeID":"1775036","fromID":"1355652","toID":"1355658","formEdgeID":null},{"edgeID":"1775037","fromID":"1355658","toID":"1355603","formEdgeID":null},{"edgeID":"1775038","fromID":"1355604","toID":"1355659","formEdgeID":null},{"edgeID":"1775039","fromID":"1355659","toID":"1355653","formEdgeID":null},{"edgeID":"1775040","fromID":"1355659","toID":"1355660","formEdgeID":null},{"edgeID":"1775041","fromID":"1355660","toID":"1355658","formEdgeID":null},{"edgeID":"1775042","fromID":"1355663","toID":"1355662","formEdgeID":null},{"edgeID":"1775043","fromID":"1355664","toID":"1355663","formEdgeID":null},{"edgeID":"1775044","fromID":"1355662","toID":"1355665","formEdgeID":null},{"edgeID":"1775045","fromID":"1355665","toID":"1355661","formEdgeID":null},{"edgeID":"1775046","fromID":"1355653","toID":"1355666","formEdgeID":null},{"edgeID":"1775047","fromID":"1355666","toID":"1355662","formEdgeID":null},{"edgeID":"1775048","fromID":"1355652","toID":"1355667","formEdgeID":null},{"edgeID":"1775049","fromID":"1355667","toID":"1355661","formEdgeID":null},{"edgeID":"1775050","fromID":"1355666","toID":"1355668","formEdgeID":null},{"edgeID":"1775051","fromID":"1355668","toID":"1355667","formEdgeID":null},{"edgeID":"1775052","fromID":"1355671","toID":"1355670","formEdgeID":null},{"edgeID":"1775053","fromID":"1355672","toID":"1355671","formEdgeID":null},{"edgeID":"1775054","fromID":"1355670","toID":"1355673","formEdgeID":null},{"edgeID":"1775055","fromID":"1355673","toID":"1355669","formEdgeID":null},{"edgeID":"1775056","fromID":"1355662","toID":"1355674","formEdgeID":null},{"edgeID":"1775057","fromID":"1355674","toID":"1355670","formEdgeID":null},{"edgeID":"1775058","fromID":"1355677","toID":"1355676","formEdgeID":null},{"edgeID":"1775059","fromID":"1355678","toID":"1355677","formEdgeID":null},{"edgeID":"1775060","fromID":"1355680","toID":"1355679","formEdgeID":null},{"edgeID":"1775061","fromID":"1355681","toID":"1355680","formEdgeID":null},{"edgeID":"1775062","fromID":"1355676","toID":"1355682","formEdgeID":null},{"edgeID":"1775063","fromID":"1355682","toID":"1355679","formEdgeID":null},{"edgeID":"1775064","fromID":"1355679","toID":"1355683","formEdgeID":null},{"edgeID":"1775065","fromID":"1355683","toID":"1355675","formEdgeID":null},{"edgeID":"1775066","fromID":"1355670","toID":"1355684","formEdgeID":null},{"edgeID":"1775067","fromID":"1355684","toID":"1355676","formEdgeID":null},{"edgeID":"1775068","fromID":"1355687","toID":"1355686","formEdgeID":null},{"edgeID":"1775069","fromID":"1355688","toID":"1355687","formEdgeID":null},{"edgeID":"1775070","fromID":"1355690","toID":"1355689","formEdgeID":null},{"edgeID":"1775071","fromID":"1355691","toID":"1355690","formEdgeID":null},{"edgeID":"1775072","fromID":"1355689","toID":"1355692","formEdgeID":null},{"edgeID":"1775073","fromID":"1355692","toID":"1355685","formEdgeID":null},{"edgeID":"1775074","fromID":"1355686","toID":"1355693","formEdgeID":null},{"edgeID":"1775075","fromID":"1355693","toID":"1355689","formEdgeID":null},{"edgeID":"1775076","fromID":"1355675","toID":"1355694","formEdgeID":null},{"edgeID":"1775077","fromID":"1355694","toID":"1355685","formEdgeID":null},{"edgeID":"1775078","fromID":"1355697","toID":"1355696","formEdgeID":null},{"edgeID":"1775079","fromID":"1355698","toID":"1355697","formEdgeID":null},{"edgeID":"1775080","fromID":"1355696","toID":"1355699","formEdgeID":null},{"edgeID":"1775081","fromID":"1355699","toID":"1355695","formEdgeID":null},{"edgeID":"1775082","fromID":"1355686","toID":"1355700","formEdgeID":null},{"edgeID":"1775083","fromID":"1355700","toID":"1355696","formEdgeID":null},{"edgeID":"1775084","fromID":"1355695","toID":"1355701","formEdgeID":null},{"edgeID":"1775085","fromID":"1355701","toID":"1355685","formEdgeID":null},{"edgeID":"1775086","fromID":"1355700","toID":"1355702","formEdgeID":null},{"edgeID":"1775087","fromID":"1355702","toID":"1355701","formEdgeID":null},{"edgeID":"1775088","fromID":"1355705","toID":"1355704","formEdgeID":null},{"edgeID":"1775089","fromID":"1355706","toID":"1355705","formEdgeID":null},{"edgeID":"1775090","fromID":"1355704","toID":"1355707","formEdgeID":null},{"edgeID":"1775091","fromID":"1355707","toID":"1355703","formEdgeID":null},{"edgeID":"1775092","fromID":"1355696","toID":"1355708","formEdgeID":null},{"edgeID":"1775093","fromID":"1355708","toID":"1355704","formEdgeID":null},{"edgeID":"1775094","fromID":"1355711","toID":"1355710","formEdgeID":null},{"edgeID":"1775095","fromID":"1355712","toID":"1355711","formEdgeID":null},{"edgeID":"1775096","fromID":"1355710","toID":"1355713","formEdgeID":null},{"edgeID":"1775097","fromID":"1355713","toID":"1355709","formEdgeID":null},{"edgeID":"1775098","fromID":"1355709","toID":"1355714","formEdgeID":null},{"edgeID":"1775099","fromID":"1355714","toID":"1355695","formEdgeID":null},{"edgeID":"1775100","fromID":"1355696","toID":"1355715","formEdgeID":null},{"edgeID":"1775101","fromID":"1355715","toID":"1355710","formEdgeID":null},{"edgeID":"1775102","fromID":"1355715","toID":"1355716","formEdgeID":null},{"edgeID":"1775103","fromID":"1355716","toID":"1355714","formEdgeID":null},{"edgeID":"1775104","fromID":"1355709","toID":"1355717","formEdgeID":null},{"edgeID":"1775105","fromID":"1355717","toID":"1355703","formEdgeID":null},{"edgeID":"1775106","fromID":"1355704","toID":"1355718","formEdgeID":null},{"edgeID":"1775107","fromID":"1355718","toID":"1355710","formEdgeID":null},{"edgeID":"1775108","fromID":"1355718","toID":"1355719","formEdgeID":null},{"edgeID":"1775109","fromID":"1355719","toID":"1355717","formEdgeID":null},{"edgeID":"1775110","fromID":"1355722","toID":"1355721","formEdgeID":null},{"edgeID":"1775111","fromID":"1355723","toID":"1355722","formEdgeID":null},{"edgeID":"1775112","fromID":"1355721","toID":"1355724","formEdgeID":null},{"edgeID":"1775113","fromID":"1355724","toID":"1355720","formEdgeID":null},{"edgeID":"1775114","fromID":"1355710","toID":"1355725","formEdgeID":null},{"edgeID":"1775115","fromID":"1355725","toID":"1355721","formEdgeID":null},{"edgeID":"1775116","fromID":"1355720","toID":"1355726","formEdgeID":null},{"edgeID":"1775117","fromID":"1355726","toID":"1355709","formEdgeID":null},{"edgeID":"1775118","fromID":"1355725","toID":"1355727","formEdgeID":null},{"edgeID":"1775119","fromID":"1355727","toID":"1355726","formEdgeID":null},{"edgeID":"1775120","fromID":"1355720","toID":"1355728","formEdgeID":null},{"edgeID":"1775121","fromID":"1355728","toID":"1355675","formEdgeID":null},{"edgeID":"1775122","fromID":"1355676","toID":"1355729","formEdgeID":null},{"edgeID":"1775123","fromID":"1355729","toID":"1355721","formEdgeID":null},{"edgeID":"1775124","fromID":"1355729","toID":"1355730","formEdgeID":null},{"edgeID":"1775125","fromID":"1355730","toID":"1355728","formEdgeID":null},{"edgeID":"1775126","fromID":"1355732","toID":"1355602","formEdgeID":null},{"edgeID":"1775127","fromID":"1355733","toID":"1355732","formEdgeID":null},{"edgeID":"1775128","fromID":"1355602","toID":"1355734","formEdgeID":null},{"edgeID":"1775129","fromID":"1355734","toID":"1355731","formEdgeID":null},{"edgeID":"1775130","fromID":"1355721","toID":"1355735","formEdgeID":null},{"edgeID":"1775131","fromID":"1355735","toID":"1355602","formEdgeID":null},{"edgeID":"1775132","fromID":"1355731","toID":"1355736","formEdgeID":null},{"edgeID":"1775133","fromID":"1355736","toID":"1355720","formEdgeID":null},{"edgeID":"1775134","fromID":"1355735","toID":"1355737","formEdgeID":null},{"edgeID":"1775135","fromID":"1355737","toID":"1355736","formEdgeID":null},{"edgeID":"1775136","fromID":"1355679","toID":"1355738","formEdgeID":null},{"edgeID":"1775137","fromID":"1355738","toID":"1355689","formEdgeID":null},{"edgeID":"1775138","fromID":"1355738","toID":"1355739","formEdgeID":null},{"edgeID":"1775139","fromID":"1355739","toID":"1355694","formEdgeID":null},{"edgeID":"1775140","fromID":"1355676","toID":"1355740","formEdgeID":null},{"edgeID":"1775141","fromID":"1355740","toID":"1355686","formEdgeID":null}],"locutions":[]}