{"nodes":[{"nodeID":"1156886","text":"the French, the Germans, and the Swedish return almost every Albanian, without fail, to Albania","type":"I","timestamp":"2023-04-24 18:39:21"},{"nodeID":"1156891","text":"Albania is a safe place to be","type":"I","timestamp":"2023-04-24 18:39:24"},{"nodeID":"1156899","text":"we return about half of the Albanians to Albania","type":"I","timestamp":"2023-04-24 18:39:27"},{"nodeID":"1156965","text":"we saw the demonstrations in Iran recently","type":"I","timestamp":"2023-04-24 18:40:00"},{"nodeID":"1157008","text":"we have a system of letting people come in","type":"I","timestamp":"2023-04-24 18:40:30"},{"nodeID":"1356996","text":"Analysing","type":"YA","timestamp":"2023-11-09 14:19:49"},{"nodeID":"1356997","text":"Amelie: Jacob Rees-Mogg: The French, the Germans, and the Swedish return almost every Albanian, without fail, to Albania, because Albania is a safe place to be","type":"L","timestamp":"2023-11-09 14:19:49"},{"nodeID":"1356998","text":"Jacob Rees-Mogg: The French, the Germans, and the Swedish return almost every Albanian, without fail, to Albania","type":"L","timestamp":"2023-11-09 14:19:50"},{"nodeID":"1356999","text":"Analysing","type":"YA","timestamp":"2023-11-09 14:19:50"},{"nodeID":"1357000","text":"Amelie: Jacob Rees-Mogg: The French, the Germans, and the Swedish return almost every Albanian, without fail, to Albania","type":"L","timestamp":"2023-11-09 14:19:50"},{"nodeID":"1357001","text":"Asserting","type":"YA","timestamp":"2023-11-09 14:19:50"},{"nodeID":"1357002","text":"Jacob Rees-Mogg: Albania is a safe place to be","type":"L","timestamp":"2023-11-09 14:19:50"},{"nodeID":"1357003","text":"Analysing","type":"YA","timestamp":"2023-11-09 14:19:50"},{"nodeID":"1357004","text":"Amelie: Jacob Rees-Mogg: Albania is a safe place to be","type":"L","timestamp":"2023-11-09 14:19:50"},{"nodeID":"1357005","text":"Asserting","type":"YA","timestamp":"2023-11-09 14:19:50"},{"nodeID":"1357006","text":"Default Inference","type":"RA","timestamp":"2023-11-09 14:19:50"},{"nodeID":"1357007","text":"Default Transition","type":"TA","timestamp":"2023-11-09 14:19:50"},{"nodeID":"1357008","text":"Arguing","type":"YA","timestamp":"2023-11-09 14:19:50"},{"nodeID":"1357009","text":"Jacob Rees-Mogg: We return about half of them","type":"L","timestamp":"2023-11-09 14:19:51"},{"nodeID":"1357010","text":"Analysing","type":"YA","timestamp":"2023-11-09 14:19:51"},{"nodeID":"1357011","text":"Amelie: Jacob Rees-Mogg: We return about half of them","type":"L","timestamp":"2023-11-09 14:19:51"},{"nodeID":"1357012","text":"Asserting","type":"YA","timestamp":"2023-11-09 14:19:51"},{"nodeID":"1357013","text":"Default Transition","type":"TA","timestamp":"2023-11-09 14:19:51"},{"nodeID":"1357014","text":"returning only half of Albanians to Albania is a terrible mistake","type":"I","timestamp":"2023-11-09 14:19:52"},{"nodeID":"1357015","text":"Jacob Rees-Mogg: this is a terrible mistake","type":"L","timestamp":"2023-11-09 14:19:52"},{"nodeID":"1357016","text":"Analysing","type":"YA","timestamp":"2023-11-09 14:19:52"},{"nodeID":"1357017","text":"Amelie: Jacob Rees-Mogg: this is a terrible mistake","type":"L","timestamp":"2023-11-09 14:19:52"},{"nodeID":"1357018","text":"Asserting","type":"YA","timestamp":"2023-11-09 14:19:52"},{"nodeID":"1357019","text":"we saw a tragedy in the English Channel yesterday","type":"I","timestamp":"2023-11-09 14:19:53"},{"nodeID":"1357020","text":"Jacob Rees-Mogg: we saw a tragedy in the Channel yesterday","type":"L","timestamp":"2023-11-09 14:19:53"},{"nodeID":"1357021","text":"Analysing","type":"YA","timestamp":"2023-11-09 14:19:53"},{"nodeID":"1357022","text":"Amelie: Jacob Rees-Mogg: we saw a tragedy in the Channel yesterday","type":"L","timestamp":"2023-11-09 14:19:53"},{"nodeID":"1357023","text":"Asserting","type":"YA","timestamp":"2023-11-09 14:19:53"},{"nodeID":"1357024","text":"Default Transition","type":"TA","timestamp":"2023-11-09 14:19:53"},{"nodeID":"1357025","text":"Default Transition","type":"TA","timestamp":"2023-11-09 14:19:53"},{"nodeID":"1357026","text":"involved in the deaths in the English channel were people who illegally traffic people, making vast profits, risking people's lives","type":"I","timestamp":"2023-11-09 14:19:54"},{"nodeID":"1357027","text":"Jacob Rees-Mogg: this is people who illegally traffic people, making vast profits, risking people's lives","type":"L","timestamp":"2023-11-09 14:19:54"},{"nodeID":"1357028","text":"Analysing","type":"YA","timestamp":"2023-11-09 14:19:54"},{"nodeID":"1357029","text":"Amelie: Jacob Rees-Mogg: this is people who illegally traffic people, making vast profits, risking people's lives","type":"L","timestamp":"2023-11-09 14:19:54"},{"nodeID":"1357030","text":"Asserting","type":"YA","timestamp":"2023-11-09 14:19:54"},{"nodeID":"1357031","text":"we need to have a system that stops illegal trafficking from happening","type":"I","timestamp":"2023-11-09 14:19:54"},{"nodeID":"1357032","text":"Jacob Rees-Mogg: We need to have a system that stops that happening","type":"L","timestamp":"2023-11-09 14:19:54"},{"nodeID":"1357033","text":"Analysing","type":"YA","timestamp":"2023-11-09 14:19:54"},{"nodeID":"1357034","text":"Amelie: Jacob Rees-Mogg: We need to have a system that stops that happening","type":"L","timestamp":"2023-11-09 14:19:54"},{"nodeID":"1357035","text":"Asserting","type":"YA","timestamp":"2023-11-09 14:19:54"},{"nodeID":"1357036","text":"stopping illegal trafficking should be an utmost priority","type":"I","timestamp":"2023-11-09 14:19:55"},{"nodeID":"1357037","text":"Jacob Rees-Mogg: that should be an utmost priority","type":"L","timestamp":"2023-11-09 14:19:55"},{"nodeID":"1357038","text":"Analysing","type":"YA","timestamp":"2023-11-09 14:19:55"},{"nodeID":"1357039","text":"Amelie: Jacob Rees-Mogg: that should be an utmost priority","type":"L","timestamp":"2023-11-09 14:19:55"},{"nodeID":"1357040","text":"Asserting","type":"YA","timestamp":"2023-11-09 14:19:55"},{"nodeID":"1357041","text":"there are safe routes into the UK","type":"I","timestamp":"2023-11-09 14:19:56"},{"nodeID":"1357042","text":"Jacob Rees-Mogg: There are safe routes","type":"L","timestamp":"2023-11-09 14:19:56"},{"nodeID":"1357043","text":"Analysing","type":"YA","timestamp":"2023-11-09 14:19:56"},{"nodeID":"1357044","text":"Amelie: Jacob Rees-Mogg: There are safe routes","type":"L","timestamp":"2023-11-09 14:19:56"},{"nodeID":"1357045","text":"Asserting","type":"YA","timestamp":"2023-11-09 14:19:56"},{"nodeID":"1357046","text":"we saw the figures about how many hundreds of thousands of people we had taken into the UK in the last year","type":"I","timestamp":"2023-11-09 14:19:57"},{"nodeID":"1357047","text":"Jacob Rees-Mogg: we saw the figures about how many hundreds of thousands of people we had taken into the country in the last year","type":"L","timestamp":"2023-11-09 14:19:57"},{"nodeID":"1357048","text":"Analysing","type":"YA","timestamp":"2023-11-09 14:19:57"},{"nodeID":"1357049","text":"Amelie: Jacob Rees-Mogg: we saw the figures about how many hundreds of thousands of people we had taken into the country in the last year","type":"L","timestamp":"2023-11-09 14:19:57"},{"nodeID":"1357050","text":"Asserting","type":"YA","timestamp":"2023-11-09 14:19:57"},{"nodeID":"1357051","text":"Default Transition","type":"TA","timestamp":"2023-11-09 14:19:57"},{"nodeID":"1357052","text":"Default Inference","type":"RA","timestamp":"2023-11-09 14:19:57"},{"nodeID":"1357053","text":"Default Transition","type":"TA","timestamp":"2023-11-09 14:19:57"},{"nodeID":"1357054","text":"Default Transition","type":"TA","timestamp":"2023-11-09 14:19:57"},{"nodeID":"1357055","text":"Default Rephrase","type":"MA","timestamp":"2023-11-09 14:19:57"},{"nodeID":"1357056","text":"Restating","type":"YA","timestamp":"2023-11-09 14:19:57"},{"nodeID":"1357057","text":"Fiona Bruce: we saw the demonstrations in Iran recently","type":"L","timestamp":"2023-11-09 14:19:57"},{"nodeID":"1357058","text":"Analysing","type":"YA","timestamp":"2023-11-09 14:19:57"},{"nodeID":"1357059","text":"Amelie: Fiona Bruce: we saw the demonstrations in Iran recently","type":"L","timestamp":"2023-11-09 14:19:57"},{"nodeID":"1357060","text":"Asserting","type":"YA","timestamp":"2023-11-09 14:19:57"},{"nodeID":"1357061","text":"there's been one execution, and another one is planned","type":"I","timestamp":"2023-11-09 14:19:58"},{"nodeID":"1357062","text":"Fiona Bruce: there's been one execution, and another one is planned","type":"L","timestamp":"2023-11-09 14:19:58"},{"nodeID":"1357063","text":"Analysing","type":"YA","timestamp":"2023-11-09 14:19:58"},{"nodeID":"1357064","text":"Amelie: Fiona Bruce: there's been one execution, and another one is planned","type":"L","timestamp":"2023-11-09 14:19:58"},{"nodeID":"1357065","text":"Asserting","type":"YA","timestamp":"2023-11-09 14:19:58"},{"nodeID":"1357066","text":"Default Rephrase","type":"MA","timestamp":"2023-11-09 14:19:58"},{"nodeID":"1357067","text":"Default Transition","type":"TA","timestamp":"2023-11-09 14:19:58"},{"nodeID":"1357068","text":"Restating","type":"YA","timestamp":"2023-11-09 14:19:58"},{"nodeID":"1357069","text":"Default Transition","type":"TA","timestamp":"2023-11-09 14:19:58"},{"nodeID":"1357070","text":"someone comes from a country that\u2019s not safe","type":"I","timestamp":"2023-11-09 14:19:59"},{"nodeID":"1357071","text":"Fiona Bruce: you come from a country, Jacob, that\u2019s not on a safe","type":"L","timestamp":"2023-11-09 14:19:59"},{"nodeID":"1357072","text":"Analysing","type":"YA","timestamp":"2023-11-09 14:19:59"},{"nodeID":"1357073","text":"Amelie: Fiona Bruce: you come from a country, Jacob, that\u2019s not on a safe","type":"L","timestamp":"2023-11-09 14:19:59"},{"nodeID":"1357074","text":"Asserting","type":"YA","timestamp":"2023-11-09 14:19:59"},{"nodeID":"1357075","text":"xxx is how one gets to the UK legally","type":"I","timestamp":"2023-11-09 14:20:00"},{"nodeID":"1357076","text":"Fiona Bruce: How do you get here legally","type":"L","timestamp":"2023-11-09 14:20:00"},{"nodeID":"1357077","text":"Analysing","type":"YA","timestamp":"2023-11-09 14:20:00"},{"nodeID":"1357078","text":"Amelie: Fiona Bruce: How do you get here legally","type":"L","timestamp":"2023-11-09 14:20:00"},{"nodeID":"1357079","text":"Pure Questioning","type":"YA","timestamp":"2023-11-09 14:20:00"},{"nodeID":"1357080","text":"one is at risk to one's life in Iran","type":"I","timestamp":"2023-11-09 14:20:00"},{"nodeID":"1357081","text":"Fiona Bruce: say for example, you are at risk to your life in Iran","type":"L","timestamp":"2023-11-09 14:20:00"},{"nodeID":"1357082","text":"Analysing","type":"YA","timestamp":"2023-11-09 14:20:00"},{"nodeID":"1357083","text":"Amelie: Fiona Bruce: say for example, you are at risk to your life in Iran","type":"L","timestamp":"2023-11-09 14:20:00"},{"nodeID":"1357084","text":"Asserting","type":"YA","timestamp":"2023-11-09 14:20:00"},{"nodeID":"1357085","text":"Default Transition","type":"TA","timestamp":"2023-11-09 14:20:00"},{"nodeID":"1357086","text":"Default Transition","type":"TA","timestamp":"2023-11-09 14:20:00"},{"nodeID":"1357087","text":"one has been part of the demonstrations","type":"I","timestamp":"2023-11-09 14:20:01"},{"nodeID":"1357088","text":"Fiona Bruce: you've been part of the demonstrations","type":"L","timestamp":"2023-11-09 14:20:01"},{"nodeID":"1357089","text":"Analysing","type":"YA","timestamp":"2023-11-09 14:20:01"},{"nodeID":"1357090","text":"Amelie: Fiona Bruce: you've been part of the demonstrations","type":"L","timestamp":"2023-11-09 14:20:01"},{"nodeID":"1357091","text":"Asserting","type":"YA","timestamp":"2023-11-09 14:20:01"},{"nodeID":"1357092","text":"Default Transition","type":"TA","timestamp":"2023-11-09 14:20:01"},{"nodeID":"1357093","text":"Default Inference","type":"RA","timestamp":"2023-11-09 14:20:01"},{"nodeID":"1357094","text":"Default Transition","type":"TA","timestamp":"2023-11-09 14:20:01"},{"nodeID":"1357095","text":"Arguing","type":"YA","timestamp":"2023-11-09 14:20:01"},{"nodeID":"1357096","text":"Default Transition","type":"TA","timestamp":"2023-11-09 14:20:01"},{"nodeID":"1357097","text":"Default Transition","type":"TA","timestamp":"2023-11-09 14:20:01"},{"nodeID":"1357098","text":"Default Rephrase","type":"MA","timestamp":"2023-11-09 14:20:01"},{"nodeID":"1357099","text":"Default Transition","type":"TA","timestamp":"2023-11-09 14:20:01"},{"nodeID":"1357100","text":"Restating","type":"YA","timestamp":"2023-11-09 14:20:01"},{"nodeID":"1357101","text":"Default Rephrase","type":"MA","timestamp":"2023-11-09 14:20:01"},{"nodeID":"1357102","text":"Default Transition","type":"TA","timestamp":"2023-11-09 14:20:01"},{"nodeID":"1357103","text":"Asserting","type":"YA","timestamp":"2023-11-09 14:20:01"},{"nodeID":"1357104","text":"Default Inference","type":"RA","timestamp":"2023-11-09 14:20:01"},{"nodeID":"1357105","text":"Default Transition","type":"TA","timestamp":"2023-11-09 14:20:01"},{"nodeID":"1357106","text":"Arguing","type":"YA","timestamp":"2023-11-09 14:20:01"},{"nodeID":"1357107","text":"Jacob Rees-Mogg: we have a system of letting people come in","type":"L","timestamp":"2023-11-09 14:20:02"},{"nodeID":"1357108","text":"Analysing","type":"YA","timestamp":"2023-11-09 14:20:02"},{"nodeID":"1357109","text":"Amelie: Jacob Rees-Mogg: we have a system of letting people come in","type":"L","timestamp":"2023-11-09 14:20:02"},{"nodeID":"1357110","text":"Asserting","type":"YA","timestamp":"2023-11-09 14:20:02"},{"nodeID":"1357111","text":"Default Transition","type":"TA","timestamp":"2023-11-09 14:20:02"}],"edges":[{"edgeID":"1776647","fromID":"1356997","toID":"1356996","formEdgeID":null},{"edgeID":"1776648","fromID":"1356999","toID":"1356998","formEdgeID":null},{"edgeID":"1776649","fromID":"1357000","toID":"1356999","formEdgeID":null},{"edgeID":"1776650","fromID":"1356998","toID":"1357001","formEdgeID":null},{"edgeID":"1776651","fromID":"1357001","toID":"1156886","formEdgeID":null},{"edgeID":"1776652","fromID":"1357003","toID":"1357002","formEdgeID":null},{"edgeID":"1776653","fromID":"1357004","toID":"1357003","formEdgeID":null},{"edgeID":"1776654","fromID":"1357002","toID":"1357005","formEdgeID":null},{"edgeID":"1776655","fromID":"1357005","toID":"1156891","formEdgeID":null},{"edgeID":"1776656","fromID":"1156891","toID":"1357006","formEdgeID":null},{"edgeID":"1776657","fromID":"1357006","toID":"1156886","formEdgeID":null},{"edgeID":"1776658","fromID":"1356998","toID":"1357007","formEdgeID":null},{"edgeID":"1776659","fromID":"1357007","toID":"1357002","formEdgeID":null},{"edgeID":"1776660","fromID":"1357007","toID":"1357008","formEdgeID":null},{"edgeID":"1776661","fromID":"1357008","toID":"1357006","formEdgeID":null},{"edgeID":"1776662","fromID":"1357010","toID":"1357009","formEdgeID":null},{"edgeID":"1776663","fromID":"1357011","toID":"1357010","formEdgeID":null},{"edgeID":"1776664","fromID":"1357009","toID":"1357012","formEdgeID":null},{"edgeID":"1776665","fromID":"1357012","toID":"1156899","formEdgeID":null},{"edgeID":"1776666","fromID":"1357002","toID":"1357013","formEdgeID":null},{"edgeID":"1776667","fromID":"1357013","toID":"1357009","formEdgeID":null},{"edgeID":"1776668","fromID":"1357016","toID":"1357015","formEdgeID":null},{"edgeID":"1776669","fromID":"1357017","toID":"1357016","formEdgeID":null},{"edgeID":"1776670","fromID":"1357015","toID":"1357018","formEdgeID":null},{"edgeID":"1776671","fromID":"1357018","toID":"1357014","formEdgeID":null},{"edgeID":"1776672","fromID":"1357021","toID":"1357020","formEdgeID":null},{"edgeID":"1776673","fromID":"1357022","toID":"1357021","formEdgeID":null},{"edgeID":"1776674","fromID":"1357020","toID":"1357023","formEdgeID":null},{"edgeID":"1776675","fromID":"1357023","toID":"1357019","formEdgeID":null},{"edgeID":"1776676","fromID":"1357015","toID":"1357024","formEdgeID":null},{"edgeID":"1776677","fromID":"1357024","toID":"1357020","formEdgeID":null},{"edgeID":"1776678","fromID":"1357009","toID":"1357025","formEdgeID":null},{"edgeID":"1776679","fromID":"1357025","toID":"1357015","formEdgeID":null},{"edgeID":"1776680","fromID":"1357028","toID":"1357027","formEdgeID":null},{"edgeID":"1776681","fromID":"1357029","toID":"1357028","formEdgeID":null},{"edgeID":"1776682","fromID":"1357027","toID":"1357030","formEdgeID":null},{"edgeID":"1776683","fromID":"1357030","toID":"1357026","formEdgeID":null},{"edgeID":"1776684","fromID":"1357033","toID":"1357032","formEdgeID":null},{"edgeID":"1776685","fromID":"1357034","toID":"1357033","formEdgeID":null},{"edgeID":"1776686","fromID":"1357032","toID":"1357035","formEdgeID":null},{"edgeID":"1776687","fromID":"1357035","toID":"1357031","formEdgeID":null},{"edgeID":"1776688","fromID":"1357038","toID":"1357037","formEdgeID":null},{"edgeID":"1776689","fromID":"1357039","toID":"1357038","formEdgeID":null},{"edgeID":"1776690","fromID":"1357037","toID":"1357040","formEdgeID":null},{"edgeID":"1776691","fromID":"1357040","toID":"1357036","formEdgeID":null},{"edgeID":"1776692","fromID":"1357043","toID":"1357042","formEdgeID":null},{"edgeID":"1776693","fromID":"1357044","toID":"1357043","formEdgeID":null},{"edgeID":"1776694","fromID":"1357042","toID":"1357045","formEdgeID":null},{"edgeID":"1776695","fromID":"1357045","toID":"1357041","formEdgeID":null},{"edgeID":"1776696","fromID":"1357048","toID":"1357047","formEdgeID":null},{"edgeID":"1776697","fromID":"1357049","toID":"1357048","formEdgeID":null},{"edgeID":"1776698","fromID":"1357047","toID":"1357050","formEdgeID":null},{"edgeID":"1776699","fromID":"1357050","toID":"1357046","formEdgeID":null},{"edgeID":"1776700","fromID":"1357020","toID":"1357051","formEdgeID":null},{"edgeID":"1776701","fromID":"1357051","toID":"1357027","formEdgeID":null},{"edgeID":"1776702","fromID":"1357019","toID":"1357052","formEdgeID":null},{"edgeID":"1776703","fromID":"1357052","toID":"1357031","formEdgeID":null},{"edgeID":"1776704","fromID":"1357027","toID":"1357053","formEdgeID":null},{"edgeID":"1776705","fromID":"1357053","toID":"1357032","formEdgeID":null},{"edgeID":"1776706","fromID":"1357032","toID":"1357054","formEdgeID":null},{"edgeID":"1776707","fromID":"1357054","toID":"1357037","formEdgeID":null},{"edgeID":"1776708","fromID":"1357036","toID":"1357055","formEdgeID":null},{"edgeID":"1776709","fromID":"1357055","toID":"1357031","formEdgeID":null},{"edgeID":"1776710","fromID":"1357054","toID":"1357056","formEdgeID":null},{"edgeID":"1776711","fromID":"1357056","toID":"1357055","formEdgeID":null},{"edgeID":"1776712","fromID":"1357058","toID":"1357057","formEdgeID":null},{"edgeID":"1776713","fromID":"1357059","toID":"1357058","formEdgeID":null},{"edgeID":"1776714","fromID":"1357057","toID":"1357060","formEdgeID":null},{"edgeID":"1776715","fromID":"1357060","toID":"1156965","formEdgeID":null},{"edgeID":"1776716","fromID":"1357063","toID":"1357062","formEdgeID":null},{"edgeID":"1776717","fromID":"1357064","toID":"1357063","formEdgeID":null},{"edgeID":"1776718","fromID":"1357062","toID":"1357065","formEdgeID":null},{"edgeID":"1776719","fromID":"1357065","toID":"1357061","formEdgeID":null},{"edgeID":"1776720","fromID":"1357046","toID":"1357066","formEdgeID":null},{"edgeID":"1776721","fromID":"1357066","toID":"1357041","formEdgeID":null},{"edgeID":"1776722","fromID":"1357042","toID":"1357067","formEdgeID":null},{"edgeID":"1776723","fromID":"1357067","toID":"1357047","formEdgeID":null},{"edgeID":"1776724","fromID":"1357067","toID":"1357068","formEdgeID":null},{"edgeID":"1776725","fromID":"1357068","toID":"1357066","formEdgeID":null},{"edgeID":"1776726","fromID":"1357037","toID":"1357069","formEdgeID":null},{"edgeID":"1776727","fromID":"1357069","toID":"1357042","formEdgeID":null},{"edgeID":"1776728","fromID":"1357072","toID":"1357071","formEdgeID":null},{"edgeID":"1776729","fromID":"1357073","toID":"1357072","formEdgeID":null},{"edgeID":"1776730","fromID":"1357071","toID":"1357074","formEdgeID":null},{"edgeID":"1776731","fromID":"1357074","toID":"1357070","formEdgeID":null},{"edgeID":"1776732","fromID":"1357077","toID":"1357076","formEdgeID":null},{"edgeID":"1776733","fromID":"1357078","toID":"1357077","formEdgeID":null},{"edgeID":"1776734","fromID":"1357076","toID":"1357079","formEdgeID":null},{"edgeID":"1776735","fromID":"1357079","toID":"1357075","formEdgeID":null},{"edgeID":"1776736","fromID":"1357082","toID":"1357081","formEdgeID":null},{"edgeID":"1776737","fromID":"1357083","toID":"1357082","formEdgeID":null},{"edgeID":"1776738","fromID":"1357081","toID":"1357084","formEdgeID":null},{"edgeID":"1776739","fromID":"1357084","toID":"1357080","formEdgeID":null},{"edgeID":"1776740","fromID":"1357071","toID":"1357085","formEdgeID":null},{"edgeID":"1776741","fromID":"1357085","toID":"1357057","formEdgeID":null},{"edgeID":"1776742","fromID":"1357047","toID":"1357086","formEdgeID":null},{"edgeID":"1776743","fromID":"1357086","toID":"1357071","formEdgeID":null},{"edgeID":"1776744","fromID":"1357089","toID":"1357088","formEdgeID":null},{"edgeID":"1776745","fromID":"1357090","toID":"1357089","formEdgeID":null},{"edgeID":"1776746","fromID":"1357088","toID":"1357091","formEdgeID":null},{"edgeID":"1776747","fromID":"1357091","toID":"1357087","formEdgeID":null},{"edgeID":"1776748","fromID":"1357088","toID":"1357092","formEdgeID":null},{"edgeID":"1776749","fromID":"1357092","toID":"1357076","formEdgeID":null},{"edgeID":"1776750","fromID":"1357087","toID":"1357093","formEdgeID":null},{"edgeID":"1776751","fromID":"1357093","toID":"1357080","formEdgeID":null},{"edgeID":"1776752","fromID":"1357061","toID":"1357093","formEdgeID":null},{"edgeID":"1776753","fromID":"1357062","toID":"1357094","formEdgeID":null},{"edgeID":"1776754","fromID":"1357094","toID":"1357088","formEdgeID":null},{"edgeID":"1776755","fromID":"1357094","toID":"1357095","formEdgeID":null},{"edgeID":"1776756","fromID":"1357095","toID":"1357093","formEdgeID":null},{"edgeID":"1776757","fromID":"1357062","toID":"1357096","formEdgeID":null},{"edgeID":"1776758","fromID":"1357096","toID":"1357081","formEdgeID":null},{"edgeID":"1776759","fromID":"1357057","toID":"1357097","formEdgeID":null},{"edgeID":"1776760","fromID":"1357097","toID":"1357062","formEdgeID":null},{"edgeID":"1776761","fromID":"1357087","toID":"1357098","formEdgeID":null},{"edgeID":"1776762","fromID":"1357098","toID":"1156965","formEdgeID":null},{"edgeID":"1776763","fromID":"1357057","toID":"1357099","formEdgeID":null},{"edgeID":"1776764","fromID":"1357099","toID":"1357088","formEdgeID":null},{"edgeID":"1776765","fromID":"1357099","toID":"1357100","formEdgeID":null},{"edgeID":"1776766","fromID":"1357100","toID":"1357098","formEdgeID":null},{"edgeID":"1776767","fromID":"1357080","toID":"1357101","formEdgeID":null},{"edgeID":"1776768","fromID":"1357101","toID":"1357070","formEdgeID":null},{"edgeID":"1776769","fromID":"1357071","toID":"1357102","formEdgeID":null},{"edgeID":"1776770","fromID":"1357102","toID":"1357081","formEdgeID":null},{"edgeID":"1776771","fromID":"1357102","toID":"1357103","formEdgeID":null},{"edgeID":"1776772","fromID":"1357103","toID":"1357101","formEdgeID":null},{"edgeID":"1776773","fromID":"1357070","toID":"1357104","formEdgeID":null},{"edgeID":"1776774","fromID":"1357104","toID":"1357075","formEdgeID":null},{"edgeID":"1776775","fromID":"1357071","toID":"1357105","formEdgeID":null},{"edgeID":"1776776","fromID":"1357105","toID":"1357076","formEdgeID":null},{"edgeID":"1776777","fromID":"1357105","toID":"1357106","formEdgeID":null},{"edgeID":"1776778","fromID":"1357106","toID":"1357104","formEdgeID":null},{"edgeID":"1776779","fromID":"1357108","toID":"1357107","formEdgeID":null},{"edgeID":"1776780","fromID":"1357109","toID":"1357108","formEdgeID":null},{"edgeID":"1776781","fromID":"1357107","toID":"1357110","formEdgeID":null},{"edgeID":"1776782","fromID":"1357110","toID":"1157008","formEdgeID":null},{"edgeID":"1776783","fromID":"1357076","toID":"1357111","formEdgeID":null},{"edgeID":"1776784","fromID":"1357111","toID":"1357107","formEdgeID":null}],"locutions":[]}