{"nodes":[{"nodeID":"1157098","text":"we have no successor agreement to Dublin","type":"I","timestamp":"2023-04-24 18:41:10"},{"nodeID":"1157113","text":"this Government has spent no time at all trying to get another agreement, that would replace the Dublin Agreement","type":"I","timestamp":"2023-04-24 18:41:16"},{"nodeID":"1157161","text":"we've got to have safe and legal routes for people who are genuinely seeking asylum","type":"I","timestamp":"2023-04-24 18:41:38"},{"nodeID":"1157177","text":"we need to work with the United Nations, High Commission on Refugees, to work out where the hotspots are","type":"I","timestamp":"2023-04-24 18:41:44"},{"nodeID":"1157230","text":"it's right that Britain plays its part, alongside other countries in the world, offering asylum","type":"I","timestamp":"2023-04-24 18:42:02"},{"nodeID":"1357593","text":"when Britain was part of the EU, we didn\u2019t return people seeking asylum  to other European countries very much, when you look at the stats","type":"I","timestamp":"2023-11-09 14:20:56"},{"nodeID":"1357594","text":"Analysing","type":"YA","timestamp":"2023-11-09 14:20:56"},{"nodeID":"1357595","text":"Anon: Fiona Bruce:  we didn\u2019t do it very much, when you look at the stats","type":"L","timestamp":"2023-11-09 14:20:56"},{"nodeID":"1357596","text":"Fiona Bruce:  we didn\u2019t do it very much, when you look at the stats","type":"L","timestamp":"2023-11-09 14:20:56"},{"nodeID":"1357597","text":"Asserting","type":"YA","timestamp":"2023-11-09 14:20:56"},{"nodeID":"1357598","text":"when Britain were part of the EU we could return people seeking asylum to other European countries","type":"I","timestamp":"2023-11-09 14:20:57"},{"nodeID":"1357599","text":"Analysing","type":"YA","timestamp":"2023-11-09 14:20:57"},{"nodeID":"1357600","text":"Shabana Mahmood: we could","type":"L","timestamp":"2023-11-09 14:20:57"},{"nodeID":"1357601","text":"Anon: Shabana Mahmood: we could","type":"L","timestamp":"2023-11-09 14:20:57"},{"nodeID":"1357602","text":"Asserting","type":"YA","timestamp":"2023-11-09 14:20:57"},{"nodeID":"1357603","text":"Default Transition","type":"TA","timestamp":"2023-11-09 14:20:57"},{"nodeID":"1357604","text":"Default Conflict","type":"CA","timestamp":"2023-11-09 14:20:57"},{"nodeID":"1357605","text":"Disagreeing","type":"YA","timestamp":"2023-11-09 14:20:57"},{"nodeID":"1357606","text":"when Britain was part of the EU we could have returned more people to France, or Germany, or wherever else in the European Union they had stopped off when they were making their journey","type":"I","timestamp":"2023-11-09 14:20:57"},{"nodeID":"1357607","text":"Shabana Mahmood: we could have done it more, with returning people to France, or Germany, or wherever else in the European Union they had stopped off when they were making their journey","type":"L","timestamp":"2023-11-09 14:20:57"},{"nodeID":"1357608","text":"Anon: Shabana Mahmood: we could have done it more, with returning people to France, or Germany, or wherever else in the European Union they had stopped off when they were making their journey","type":"L","timestamp":"2023-11-09 14:20:57"},{"nodeID":"1357609","text":"Analysing","type":"YA","timestamp":"2023-11-09 14:20:57"},{"nodeID":"1357610","text":"Asserting","type":"YA","timestamp":"2023-11-09 14:20:57"},{"nodeID":"1357611","text":"Default Transition","type":"TA","timestamp":"2023-11-09 14:20:57"},{"nodeID":"1357612","text":"Shabana Mahmood: We have no successor agreement to Dublin","type":"L","timestamp":"2023-11-09 14:20:58"},{"nodeID":"1357613","text":"Analysing","type":"YA","timestamp":"2023-11-09 14:20:58"},{"nodeID":"1357614","text":"Anon: Shabana Mahmood: We have no successor agreement to Dublin","type":"L","timestamp":"2023-11-09 14:20:58"},{"nodeID":"1357615","text":"Asserting","type":"YA","timestamp":"2023-11-09 14:20:58"},{"nodeID":"1357616","text":"Default Conflict","type":"CA","timestamp":"2023-11-09 14:20:58"},{"nodeID":"1357617","text":"Default Transition","type":"TA","timestamp":"2023-11-09 14:20:58"},{"nodeID":"1357618","text":"Disagreeing","type":"YA","timestamp":"2023-11-09 14:20:58"},{"nodeID":"1357619","text":"Shabana Mahmood: this Government has spent no time at all trying to get another agreement, that would replace the Dublin Agreement","type":"L","timestamp":"2023-11-09 14:20:59"},{"nodeID":"1357620","text":"Anon: Shabana Mahmood: this Government has spent no time at all trying to get another agreement, that would replace the Dublin Agreement","type":"L","timestamp":"2023-11-09 14:20:59"},{"nodeID":"1357621","text":"Analysing","type":"YA","timestamp":"2023-11-09 14:20:59"},{"nodeID":"1357622","text":"Asserting","type":"YA","timestamp":"2023-11-09 14:20:59"},{"nodeID":"1357623","text":"Default Transition","type":"TA","timestamp":"2023-11-09 14:20:59"},{"nodeID":"1357624","text":"Default Rephrase","type":"MA","timestamp":"2023-11-09 14:20:59"},{"nodeID":"1357625","text":"Restating","type":"YA","timestamp":"2023-11-09 14:20:59"},{"nodeID":"1357626","text":"Default Rephrase","type":"MA","timestamp":"2023-11-09 14:20:59"},{"nodeID":"1357627","text":"Restating","type":"YA","timestamp":"2023-11-09 14:20:59"},{"nodeID":"1357628","text":"Shabana Mahmood does not want more people to be allowed to come here legally, but she wants to be able to return more people to the country they came from","type":"I","timestamp":"2023-11-09 14:21:00"},{"nodeID":"1357629","text":"Analysing","type":"YA","timestamp":"2023-11-09 14:21:00"},{"nodeID":"1357630","text":"Fiona Bruce: what you're, your main gripe then, from what you're saying, is not that you want more people to be allowed to come here legally, but you want to be able to return more people to the country they came from","type":"L","timestamp":"2023-11-09 14:21:00"},{"nodeID":"1357631","text":"Anon: Fiona Bruce: what you're, your main gripe then, from what you're saying, is not that you want more people to be allowed to come here legally, but you want to be able to return more people to the country they came from","type":"L","timestamp":"2023-11-09 14:21:00"},{"nodeID":"1357632","text":"Default Transition","type":"TA","timestamp":"2023-11-09 14:21:00"},{"nodeID":"1357633","text":"Shabana Mahmood: I don't want more people to be allowed to come here legally, but I want to be able to return more people to the country they came from","type":"L","timestamp":"2023-11-09 14:21:00"},{"nodeID":"1357634","text":"Anon: Shabana Mahmood: what you're, your main gripe then, from what you're saying, is not that you want more people to be allowed to come here legally, but you want to be able to return more people to the country they came from","type":"L","timestamp":"2023-11-09 14:21:00"},{"nodeID":"1357635","text":"Analysing","type":"YA","timestamp":"2023-11-09 14:21:00"},{"nodeID":"1357636","text":"Asserting","type":"YA","timestamp":"2023-11-09 14:21:00"},{"nodeID":"1357637","text":"Assertive Questioning","type":"YA","timestamp":"2023-11-09 14:21:00"},{"nodeID":"1357638","text":"being able to return people to the countries they came from is part of a package","type":"I","timestamp":"2023-11-09 14:21:01"},{"nodeID":"1357639","text":"Shabana Mahmood: It's part of a package","type":"L","timestamp":"2023-11-09 14:21:01"},{"nodeID":"1357640","text":"Analysing","type":"YA","timestamp":"2023-11-09 14:21:01"},{"nodeID":"1357641","text":"Anon: Shabana Mahmood: It's part of a package","type":"L","timestamp":"2023-11-09 14:21:01"},{"nodeID":"1357642","text":"Default Transition","type":"TA","timestamp":"2023-11-09 14:21:01"},{"nodeID":"1357643","text":"Asserting","type":"YA","timestamp":"2023-11-09 14:21:01"},{"nodeID":"1357644","text":"Shabana Mahmood: We've got to have safe and legal routes for people who are genuinely seeking asylum","type":"L","timestamp":"2023-11-09 14:21:02"},{"nodeID":"1357645","text":"Analysing","type":"YA","timestamp":"2023-11-09 14:21:02"},{"nodeID":"1357646","text":"Anon: Shabana Mahmood: We've got to have safe and legal routes for people who are genuinely seeking asylum","type":"L","timestamp":"2023-11-09 14:21:02"},{"nodeID":"1357647","text":"Asserting","type":"YA","timestamp":"2023-11-09 14:21:02"},{"nodeID":"1357648","text":"Default Transition","type":"TA","timestamp":"2023-11-09 14:21:02"},{"nodeID":"1357649","text":"Shabana Mahmood: we need to work with the United Nations, High Commission on Refugees, to work out where the hotspots are","type":"L","timestamp":"2023-11-09 14:21:02"},{"nodeID":"1357650","text":"Anon: Shabana Mahmood: we need to work with the United Nations, High Commission on Refugees, to work out where the hotspots are","type":"L","timestamp":"2023-11-09 14:21:02"},{"nodeID":"1357651","text":"Analysing","type":"YA","timestamp":"2023-11-09 14:21:02"},{"nodeID":"1357652","text":"Asserting","type":"YA","timestamp":"2023-11-09 14:21:02"},{"nodeID":"1357653","text":"Default Transition","type":"TA","timestamp":"2023-11-09 14:21:02"},{"nodeID":"1357654","text":"Default Rephrase","type":"MA","timestamp":"2023-11-09 14:21:02"},{"nodeID":"1357655","text":"Restating","type":"YA","timestamp":"2023-11-09 14:21:02"},{"nodeID":"1357656","text":"we should be working closely with the United Nations to work out how much, how many safe and legal routes we need, and how many people we will take","type":"I","timestamp":"2023-11-09 14:21:03"},{"nodeID":"1357657","text":"Shabana Mahmood: we should be working closely with them to work out how much, how many safe and legal routes we need, and how many people we will take","type":"L","timestamp":"2023-11-09 14:21:03"},{"nodeID":"1357658","text":"Analysing","type":"YA","timestamp":"2023-11-09 14:21:03"},{"nodeID":"1357659","text":"Anon: Shabana Mahmood: we should be working closely with them to work out how much, how many safe and legal routes we need, and how many people we will take","type":"L","timestamp":"2023-11-09 14:21:03"},{"nodeID":"1357660","text":"Asserting","type":"YA","timestamp":"2023-11-09 14:21:03"},{"nodeID":"1357661","text":"Default Transition","type":"TA","timestamp":"2023-11-09 14:21:03"},{"nodeID":"1357662","text":"Analysing","type":"YA","timestamp":"2023-11-09 14:21:04"},{"nodeID":"1357663","text":"Shabana Mahmood: it's right that Britain plays its part, alongside other countries in the world, offering asylum","type":"L","timestamp":"2023-11-09 14:21:04"},{"nodeID":"1357664","text":"Anon: Shabana Mahmood: it's right that Britain plays its part, alongside other countries in the world, offering asylum","type":"L","timestamp":"2023-11-09 14:21:04"},{"nodeID":"1357665","text":"Asserting","type":"YA","timestamp":"2023-11-09 14:21:04"},{"nodeID":"1357666","text":"Default Transition","type":"TA","timestamp":"2023-11-09 14:21:04"},{"nodeID":"1357667","text":"Default Inference","type":"RA","timestamp":"2023-11-09 14:21:04"},{"nodeID":"1357668","text":"Arguing","type":"YA","timestamp":"2023-11-09 14:21:04"},{"nodeID":"1357669","text":"Default Rephrase","type":"MA","timestamp":"2023-11-09 14:21:04"},{"nodeID":"1357670","text":"Restating","type":"YA","timestamp":"2023-11-09 14:21:04"}],"edges":[{"edgeID":"1777369","fromID":"1357595","toID":"1357594","formEdgeID":null},{"edgeID":"1777370","fromID":"1357594","toID":"1357596","formEdgeID":null},{"edgeID":"1777371","fromID":"1357596","toID":"1357597","formEdgeID":null},{"edgeID":"1777372","fromID":"1357597","toID":"1357593","formEdgeID":null},{"edgeID":"1777373","fromID":"1357599","toID":"1357600","formEdgeID":null},{"edgeID":"1777374","fromID":"1357601","toID":"1357599","formEdgeID":null},{"edgeID":"1777375","fromID":"1357600","toID":"1357602","formEdgeID":null},{"edgeID":"1777376","fromID":"1357602","toID":"1357598","formEdgeID":null},{"edgeID":"1777377","fromID":"1357603","toID":"1357600","formEdgeID":null},{"edgeID":"1777378","fromID":"1357596","toID":"1357603","formEdgeID":null},{"edgeID":"1777379","fromID":"1357598","toID":"1357604","formEdgeID":null},{"edgeID":"1777380","fromID":"1357604","toID":"1357593","formEdgeID":null},{"edgeID":"1777381","fromID":"1357605","toID":"1357604","formEdgeID":null},{"edgeID":"1777382","fromID":"1357603","toID":"1357605","formEdgeID":null},{"edgeID":"1777383","fromID":"1357609","toID":"1357607","formEdgeID":null},{"edgeID":"1777384","fromID":"1357608","toID":"1357609","formEdgeID":null},{"edgeID":"1777385","fromID":"1357607","toID":"1357610","formEdgeID":null},{"edgeID":"1777386","fromID":"1357610","toID":"1357606","formEdgeID":null},{"edgeID":"1777387","fromID":"1357600","toID":"1357611","formEdgeID":null},{"edgeID":"1777388","fromID":"1357611","toID":"1357607","formEdgeID":null},{"edgeID":"1777389","fromID":"1357613","toID":"1357612","formEdgeID":null},{"edgeID":"1777390","fromID":"1357614","toID":"1357613","formEdgeID":null},{"edgeID":"1777391","fromID":"1357612","toID":"1357615","formEdgeID":null},{"edgeID":"1777392","fromID":"1357615","toID":"1157098","formEdgeID":null},{"edgeID":"1777393","fromID":"1357616","toID":"1357598","formEdgeID":null},{"edgeID":"1777394","fromID":"1157098","toID":"1357616","formEdgeID":null},{"edgeID":"1777395","fromID":"1357600","toID":"1357617","formEdgeID":null},{"edgeID":"1777396","fromID":"1357617","toID":"1357612","formEdgeID":null},{"edgeID":"1777397","fromID":"1357617","toID":"1357618","formEdgeID":null},{"edgeID":"1777398","fromID":"1357618","toID":"1357616","formEdgeID":null},{"edgeID":"1777399","fromID":"1357621","toID":"1357619","formEdgeID":null},{"edgeID":"1777400","fromID":"1357620","toID":"1357621","formEdgeID":null},{"edgeID":"1777401","fromID":"1357622","toID":"1157113","formEdgeID":null},{"edgeID":"1777402","fromID":"1357619","toID":"1357622","formEdgeID":null},{"edgeID":"1777403","fromID":"1357612","toID":"1357623","formEdgeID":null},{"edgeID":"1777404","fromID":"1357623","toID":"1357619","formEdgeID":null},{"edgeID":"1777405","fromID":"1157113","toID":"1357624","formEdgeID":null},{"edgeID":"1777406","fromID":"1357624","toID":"1157098","formEdgeID":null},{"edgeID":"1777407","fromID":"1357625","toID":"1357624","formEdgeID":null},{"edgeID":"1777408","fromID":"1357623","toID":"1357625","formEdgeID":null},{"edgeID":"1777409","fromID":"1357606","toID":"1357626","formEdgeID":null},{"edgeID":"1777410","fromID":"1357626","toID":"1357598","formEdgeID":null},{"edgeID":"1777411","fromID":"1357611","toID":"1357627","formEdgeID":null},{"edgeID":"1777412","fromID":"1357627","toID":"1357626","formEdgeID":null},{"edgeID":"1777413","fromID":"1357629","toID":"1357630","formEdgeID":null},{"edgeID":"1777414","fromID":"1357631","toID":"1357629","formEdgeID":null},{"edgeID":"1777415","fromID":"1357632","toID":"1357630","formEdgeID":null},{"edgeID":"1777416","fromID":"1357619","toID":"1357632","formEdgeID":null},{"edgeID":"1777417","fromID":"1357635","toID":"1357633","formEdgeID":null},{"edgeID":"1777418","fromID":"1357634","toID":"1357635","formEdgeID":null},{"edgeID":"1777419","fromID":"1357633","toID":"1357636","formEdgeID":null},{"edgeID":"1777420","fromID":"1357636","toID":"1357628","formEdgeID":null},{"edgeID":"1777421","fromID":"1357630","toID":"1357637","formEdgeID":null},{"edgeID":"1777422","fromID":"1357637","toID":"1357633","formEdgeID":null},{"edgeID":"1777423","fromID":"1357640","toID":"1357639","formEdgeID":null},{"edgeID":"1777424","fromID":"1357641","toID":"1357640","formEdgeID":null},{"edgeID":"1777425","fromID":"1357639","toID":"1357643","formEdgeID":null},{"edgeID":"1777426","fromID":"1357643","toID":"1357638","formEdgeID":null},{"edgeID":"1777427","fromID":"1357630","toID":"1357642","formEdgeID":null},{"edgeID":"1777428","fromID":"1357642","toID":"1357639","formEdgeID":null},{"edgeID":"1777429","fromID":"1357646","toID":"1357645","formEdgeID":null},{"edgeID":"1777430","fromID":"1357645","toID":"1357644","formEdgeID":null},{"edgeID":"1777431","fromID":"1357644","toID":"1357647","formEdgeID":null},{"edgeID":"1777432","fromID":"1357647","toID":"1157161","formEdgeID":null},{"edgeID":"1777433","fromID":"1357648","toID":"1357644","formEdgeID":null},{"edgeID":"1777434","fromID":"1357639","toID":"1357648","formEdgeID":null},{"edgeID":"1777435","fromID":"1357651","toID":"1357649","formEdgeID":null},{"edgeID":"1777436","fromID":"1357650","toID":"1357651","formEdgeID":null},{"edgeID":"1777437","fromID":"1357652","toID":"1157177","formEdgeID":null},{"edgeID":"1777438","fromID":"1357649","toID":"1357652","formEdgeID":null},{"edgeID":"1777439","fromID":"1357644","toID":"1357653","formEdgeID":null},{"edgeID":"1777440","fromID":"1357653","toID":"1357649","formEdgeID":null},{"edgeID":"1777441","fromID":"1157177","toID":"1357654","formEdgeID":null},{"edgeID":"1777442","fromID":"1357654","toID":"1157161","formEdgeID":null},{"edgeID":"1777443","fromID":"1357653","toID":"1357655","formEdgeID":null},{"edgeID":"1777444","fromID":"1357655","toID":"1357654","formEdgeID":null},{"edgeID":"1777445","fromID":"1357659","toID":"1357658","formEdgeID":null},{"edgeID":"1777446","fromID":"1357658","toID":"1357657","formEdgeID":null},{"edgeID":"1777447","fromID":"1357657","toID":"1357660","formEdgeID":null},{"edgeID":"1777448","fromID":"1357660","toID":"1357656","formEdgeID":null},{"edgeID":"1777449","fromID":"1357661","toID":"1357657","formEdgeID":null},{"edgeID":"1777450","fromID":"1357649","toID":"1357661","formEdgeID":null},{"edgeID":"1777451","fromID":"1357662","toID":"1357663","formEdgeID":null},{"edgeID":"1777452","fromID":"1357664","toID":"1357662","formEdgeID":null},{"edgeID":"1777453","fromID":"1357663","toID":"1357665","formEdgeID":null},{"edgeID":"1777454","fromID":"1357665","toID":"1157230","formEdgeID":null},{"edgeID":"1777455","fromID":"1357657","toID":"1357666","formEdgeID":null},{"edgeID":"1777456","fromID":"1357666","toID":"1357663","formEdgeID":null},{"edgeID":"1777457","fromID":"1357667","toID":"1357656","formEdgeID":null},{"edgeID":"1777458","fromID":"1157230","toID":"1357667","formEdgeID":null},{"edgeID":"1777459","fromID":"1357668","toID":"1357667","formEdgeID":null},{"edgeID":"1777460","fromID":"1357666","toID":"1357668","formEdgeID":null},{"edgeID":"1777461","fromID":"1157161","toID":"1357669","formEdgeID":null},{"edgeID":"1777462","fromID":"1357669","toID":"1357638","formEdgeID":null},{"edgeID":"1777463","fromID":"1357648","toID":"1357670","formEdgeID":null},{"edgeID":"1777464","fromID":"1357670","toID":"1357669","formEdgeID":null}],"locutions":[]}