{"nodes":[{"nodeID":"1374650","text":"French cannot stop people from putting to sea in the Channel","type":"I","timestamp":"2023-11-09 14:45:59"},{"nodeID":"1374651","text":"Peter Hitchens: They cannot","type":"L","timestamp":"2023-11-09 14:45:59"},{"nodeID":"1374652","text":"Analysing","type":"YA","timestamp":"2023-11-09 14:45:59"},{"nodeID":"1374653","text":"Anon: Peter Hitchens: They cannot","type":"L","timestamp":"2023-11-09 14:45:59"},{"nodeID":"1374654","text":"Asserting","type":"YA","timestamp":"2023-11-09 14:45:59"},{"nodeID":"1374655","text":"it's impossible with the French coastline to stop for the French to stop people from putting to sea in the Channel entirely","type":"I","timestamp":"2023-11-09 14:46:00"},{"nodeID":"1374656","text":"Peter Hitchens: it's impossible with their coastline to stop it entirely","type":"L","timestamp":"2023-11-09 14:46:00"},{"nodeID":"1374657","text":"Analysing","type":"YA","timestamp":"2023-11-09 14:46:00"},{"nodeID":"1374658","text":"Anon: Peter Hitchens: it's impossible with their coastline to stop it entirely","type":"L","timestamp":"2023-11-09 14:46:00"},{"nodeID":"1374659","text":"Asserting","type":"YA","timestamp":"2023-11-09 14:46:00"},{"nodeID":"1374660","text":"Default Transition","type":"TA","timestamp":"2023-11-09 14:46:00"},{"nodeID":"1374661","text":"we pay the French enough to mobilise their, often very efficient and powerful state to do stop people from putting to sea in the Channel","type":"I","timestamp":"2023-11-09 14:46:00"},{"nodeID":"1374662","text":"Peter Hitchens:  we pay them enough to mobilise their, often very efficient and powerful state to do it","type":"L","timestamp":"2023-11-09 14:46:00"},{"nodeID":"1374663","text":"Analysing","type":"YA","timestamp":"2023-11-09 14:46:00"},{"nodeID":"1374664","text":"Anon: Peter Hitchens:  we pay them enough to mobilise their, often very efficient and powerful state to do it","type":"L","timestamp":"2023-11-09 14:46:00"},{"nodeID":"1374665","text":"Asserting","type":"YA","timestamp":"2023-11-09 14:46:00"},{"nodeID":"1374666","text":"Default Transition","type":"TA","timestamp":"2023-11-09 14:46:00"},{"nodeID":"1374667","text":"we can deter the people smugglers to such an extent that this traffic will more or less come to an end","type":"I","timestamp":"2023-11-09 14:46:01"},{"nodeID":"1374668","text":"Peter Hitchens: we can deter the people smugglers to such an extent that I think this traffic will more or less come to an end","type":"L","timestamp":"2023-11-09 14:46:01"},{"nodeID":"1374669","text":"Analysing","type":"YA","timestamp":"2023-11-09 14:46:01"},{"nodeID":"1374670","text":"Anon: Peter Hitchens: we can deter the people smugglers to such an extent that I think this traffic will more or less come to an end","type":"L","timestamp":"2023-11-09 14:46:01"},{"nodeID":"1374671","text":"Asserting","type":"YA","timestamp":"2023-11-09 14:46:01"},{"nodeID":"1374672","text":"Default Transition","type":"TA","timestamp":"2023-11-09 14:46:01"},{"nodeID":"1374673","text":"Default Inference","type":"RA","timestamp":"2023-11-09 14:46:01"},{"nodeID":"1374674","text":"Arguing","type":"YA","timestamp":"2023-11-09 14:46:01"},{"nodeID":"1374675","text":"these tragedies when people die while trying to illegally cross the English channel, though won't ever disappear entirely, will be much, much fewer","type":"I","timestamp":"2023-11-09 14:46:02"},{"nodeID":"1374676","text":"Peter Hitchens: these tragedies, though they won't ever disappear entirely, will be much, much fewer","type":"L","timestamp":"2023-11-09 14:46:02"},{"nodeID":"1374677","text":"Analysing","type":"YA","timestamp":"2023-11-09 14:46:02"},{"nodeID":"1374678","text":"Anon: Peter Hitchens: these tragedies, though they won't ever disappear entirely, will be much, much fewer","type":"L","timestamp":"2023-11-09 14:46:02"},{"nodeID":"1374679","text":"Asserting","type":"YA","timestamp":"2023-11-09 14:46:02"},{"nodeID":"1374680","text":"Default Transition","type":"TA","timestamp":"2023-11-09 14:46:02"},{"nodeID":"1374681","text":"Default Inference","type":"RA","timestamp":"2023-11-09 14:46:02"},{"nodeID":"1374682","text":"Arguing","type":"YA","timestamp":"2023-11-09 14:46:02"},{"nodeID":"1374683","text":"the UK Government has offered tens of millions of pounds to the French so they can patrol the French Coast in order to prevent the illegal immigrants from trying to cross the Channel","type":"I","timestamp":"2023-11-09 14:46:02"},{"nodeID":"1374684","text":"Fiona Bruce: the Government has offered tens of millions of pounds","type":"L","timestamp":"2023-11-09 14:46:02"},{"nodeID":"1374685","text":"Analysing","type":"YA","timestamp":"2023-11-09 14:46:02"},{"nodeID":"1374686","text":"Anon: Fiona Bruce: the Government has offered tens of millions of pounds","type":"L","timestamp":"2023-11-09 14:46:02"},{"nodeID":"1374687","text":"Asserting","type":"YA","timestamp":"2023-11-09 14:46:02"},{"nodeID":"1374688","text":"Default Transition","type":"TA","timestamp":"2023-11-09 14:46:02"},{"nodeID":"1374689","text":"Peter Hitchens is or isn't saying that the UK Government is just not offering enough now to the French to have them patrol the French Coast to prevent illegal immigrants from trying to cross the Channel","type":"I","timestamp":"2023-11-09 14:46:03"},{"nodeID":"1374690","text":"Fiona Bruce:  are you just saying they're just not offering enough now","type":"L","timestamp":"2023-11-09 14:46:03"},{"nodeID":"1374691","text":"Analysing","type":"YA","timestamp":"2023-11-09 14:46:03"},{"nodeID":"1374692","text":"Anon: Fiona Bruce:  are you just saying they're just not offering enough now","type":"L","timestamp":"2023-11-09 14:46:03"},{"nodeID":"1374693","text":"Pure Questioning","type":"YA","timestamp":"2023-11-09 14:46:03"},{"nodeID":"1374694","text":"Default Transition","type":"TA","timestamp":"2023-11-09 14:46:03"},{"nodeID":"1374695","text":"paying the French to stop people from putting to sea in the Channel is an entirely a rational policy","type":"I","timestamp":"2023-11-09 14:46:04"},{"nodeID":"1374696","text":"Peter Hitchens:  It's a rational policy","type":"L","timestamp":"2023-11-09 14:46:04"},{"nodeID":"1374697","text":"Analysing","type":"YA","timestamp":"2023-11-09 14:46:04"},{"nodeID":"1374698","text":"Anon: Peter Hitchens:  It's a rational policy","type":"L","timestamp":"2023-11-09 14:46:04"},{"nodeID":"1374699","text":"Asserting","type":"YA","timestamp":"2023-11-09 14:46:04"},{"nodeID":"1374700","text":"Default Transition","type":"TA","timestamp":"2023-11-09 14:46:04"},{"nodeID":"1374701","text":"Default Inference","type":"RA","timestamp":"2023-11-09 14:46:04"},{"nodeID":"1374702","text":"Arguing","type":"YA","timestamp":"2023-11-09 14:46:04"},{"nodeID":"1374703","text":"the money that the UK spends on renewing Trident","type":"I","timestamp":"2023-11-09 14:46:04"},{"nodeID":"1374704","text":"Peter Hitchens: The money that we spend on renewing Trident","type":"L","timestamp":"2023-11-09 14:46:04"},{"nodeID":"1374705","text":"Analysing","type":"YA","timestamp":"2023-11-09 14:46:04"},{"nodeID":"1374706","text":"Chris: Peter Hitchens: The money that we spend on renewing Trident","type":"L","timestamp":"2023-11-09 14:46:04"},{"nodeID":"1374707","text":"Asserting","type":"YA","timestamp":"2023-11-09 14:46:04"},{"nodeID":"1374708","text":"Default Transition","type":"TA","timestamp":"2023-11-09 14:46:04"},{"nodeID":"1374709","text":"the money that the UK spends on HS2","type":"I","timestamp":"2023-11-09 14:46:05"},{"nodeID":"1374710","text":"Peter Hitchens: HS2","type":"L","timestamp":"2023-11-09 14:46:05"},{"nodeID":"1374711","text":"Analysing","type":"YA","timestamp":"2023-11-09 14:46:05"},{"nodeID":"1374712","text":"Chris: Peter Hitchens: HS2","type":"L","timestamp":"2023-11-09 14:46:05"},{"nodeID":"1374713","text":"Asserting","type":"YA","timestamp":"2023-11-09 14:46:05"},{"nodeID":"1374714","text":"Default Transition","type":"TA","timestamp":"2023-11-09 14:46:05"},{"nodeID":"1374715","text":"Default Rephrase","type":"MA","timestamp":"2023-11-09 14:46:05"},{"nodeID":"1374716","text":"the money that the UK spends on all this rubbish that we do","type":"I","timestamp":"2023-11-09 14:46:06"},{"nodeID":"1374717","text":"Peter Hitchens: all this rubbish that we do","type":"L","timestamp":"2023-11-09 14:46:06"},{"nodeID":"1374718","text":"Analysing","type":"YA","timestamp":"2023-11-09 14:46:06"},{"nodeID":"1374719","text":"Chris: Peter Hitchens: all this rubbish that we do","type":"L","timestamp":"2023-11-09 14:46:06"},{"nodeID":"1374720","text":"Asserting","type":"YA","timestamp":"2023-11-09 14:46:06"},{"nodeID":"1374721","text":"Default Transition","type":"TA","timestamp":"2023-11-09 14:46:06"},{"nodeID":"1374722","text":"Default Rephrase","type":"MA","timestamp":"2023-11-09 14:46:06"},{"nodeID":"1374723","text":"Restating","type":"YA","timestamp":"2023-11-09 14:46:06"},{"nodeID":"1374724","text":"Restating","type":"YA","timestamp":"2023-11-09 14:46:06"},{"nodeID":"1374725","text":"the money the UK spends elsewhere could be far better spent on securing what is now its real border","type":"I","timestamp":"2023-11-09 14:46:06"},{"nodeID":"1374726","text":"Peter Hitchens: could be far better spent on securing what is now our real border","type":"L","timestamp":"2023-11-09 14:46:06"},{"nodeID":"1374727","text":"Analysing","type":"YA","timestamp":"2023-11-09 14:46:06"},{"nodeID":"1374728","text":"Chris: Peter Hitchens: could be far better spent on securing what is now our real border","type":"L","timestamp":"2023-11-09 14:46:06"},{"nodeID":"1374729","text":"Asserting","type":"YA","timestamp":"2023-11-09 14:46:06"},{"nodeID":"1374730","text":"Default Rephrase","type":"MA","timestamp":"2023-11-09 14:46:06"},{"nodeID":"1374731","text":"Restating","type":"YA","timestamp":"2023-11-09 14:46:06"},{"nodeID":"1374732","text":"Default Inference","type":"RA","timestamp":"2023-11-09 14:46:06"},{"nodeID":"1374733","text":"Default Transition","type":"TA","timestamp":"2023-11-09 14:46:06"},{"nodeID":"1374734","text":"Arguing","type":"YA","timestamp":"2023-11-09 14:46:06"},{"nodeID":"1374735","text":"the UK's real frontier with France, is the French coast","type":"I","timestamp":"2023-11-09 14:46:07"},{"nodeID":"1374736","text":"Peter Hitchens: our real frontier with France, is the French coast","type":"L","timestamp":"2023-11-09 14:46:07"},{"nodeID":"1374737","text":"Analysing","type":"YA","timestamp":"2023-11-09 14:46:07"},{"nodeID":"1374738","text":"Chris: Peter Hitchens: our real frontier with France, is the French coast","type":"L","timestamp":"2023-11-09 14:46:07"},{"nodeID":"1374739","text":"Asserting","type":"YA","timestamp":"2023-11-09 14:46:07"},{"nodeID":"1374740","text":"Default Transition","type":"TA","timestamp":"2023-11-09 14:46:07"},{"nodeID":"1374741","text":"Default Rephrase","type":"MA","timestamp":"2023-11-09 14:46:07"},{"nodeID":"1374742","text":"Restating","type":"YA","timestamp":"2023-11-09 14:46:07"},{"nodeID":"1374743","text":"the only people who are going to secure the French Coast are the French","type":"I","timestamp":"2023-11-09 14:46:07"},{"nodeID":"1374744","text":"Peter Hitchens: the only people who are going to secure that are the French","type":"L","timestamp":"2023-11-09 14:46:07"},{"nodeID":"1374745","text":"Analysing","type":"YA","timestamp":"2023-11-09 14:46:07"},{"nodeID":"1374746","text":"Chris: Peter Hitchens: the only people who are going to secure that are the French","type":"L","timestamp":"2023-11-09 14:46:07"},{"nodeID":"1374747","text":"Asserting","type":"YA","timestamp":"2023-11-09 14:46:07"},{"nodeID":"1374748","text":"Default Transition","type":"TA","timestamp":"2023-11-09 14:46:07"},{"nodeID":"1374749","text":"Default Inference","type":"RA","timestamp":"2023-11-09 14:46:07"},{"nodeID":"1374750","text":"Arguing","type":"YA","timestamp":"2023-11-09 14:46:07"},{"nodeID":"1374751","text":"Peter Hitchens is amazed that our political class have not taken paying the French to secure their coastline more seriously","type":"I","timestamp":"2023-11-09 14:46:08"},{"nodeID":"1374752","text":"Peter Hitchens: I'm amazed that our political class have not taken this more seriously","type":"L","timestamp":"2023-11-09 14:46:08"},{"nodeID":"1374753","text":"Analysing","type":"YA","timestamp":"2023-11-09 14:46:08"},{"nodeID":"1374754","text":"Chris: Peter Hitchens: I'm amazed that our political class have not taken this more seriously","type":"L","timestamp":"2023-11-09 14:46:08"},{"nodeID":"1374755","text":"Asserting","type":"YA","timestamp":"2023-11-09 14:46:08"},{"nodeID":"1374756","text":"Default Transition","type":"TA","timestamp":"2023-11-09 14:46:08"},{"nodeID":"1374757","text":"it is hilarious to listen to Labour criticising the Tories about an immigration policy","type":"I","timestamp":"2023-11-09 14:46:09"},{"nodeID":"1374758","text":"Peter Hitchens: It is hilarious to listen to Labour criticising the Tories about an immigration policy","type":"L","timestamp":"2023-11-09 14:46:09"},{"nodeID":"1374759","text":"Analysing","type":"YA","timestamp":"2023-11-09 14:46:09"},{"nodeID":"1374760","text":"Chris: Peter Hitchens: It is hilarious to listen to Labour criticising the Tories about an immigration policy","type":"L","timestamp":"2023-11-09 14:46:09"},{"nodeID":"1374761","text":"Asserting","type":"YA","timestamp":"2023-11-09 14:46:09"},{"nodeID":"1374762","text":"Default Transition","type":"TA","timestamp":"2023-11-09 14:46:09"},{"nodeID":"1374763","text":"Peter Hitchens doesn't know quite what position the Labour Party think they're standing on","type":"I","timestamp":"2023-11-09 14:46:09"},{"nodeID":"1374764","text":"Peter Hitchens:  I don't know quite what position they think they're standing on","type":"L","timestamp":"2023-11-09 14:46:09"},{"nodeID":"1374765","text":"Analysing","type":"YA","timestamp":"2023-11-09 14:46:09"},{"nodeID":"1374766","text":"Chris: Peter Hitchens:  I don't know quite what position they think they're standing on","type":"L","timestamp":"2023-11-09 14:46:09"},{"nodeID":"1374767","text":"Asserting","type":"YA","timestamp":"2023-11-09 14:46:09"},{"nodeID":"1374768","text":"Default Transition","type":"TA","timestamp":"2023-11-09 14:46:09"},{"nodeID":"1374769","text":"Default Rephrase","type":"MA","timestamp":"2023-11-09 14:46:09"},{"nodeID":"1374770","text":"Restating","type":"YA","timestamp":"2023-11-09 14:46:09"},{"nodeID":"1374771","text":"one of the major failures of Labour in many, many years of power, was to get any kind of control over immigration whatsoever","type":"I","timestamp":"2023-11-09 14:46:10"},{"nodeID":"1374772","text":"Peter Hitchens: one of the major failures of Labour in many, many years of power, was to get any kind of control over immigration whatsoever","type":"L","timestamp":"2023-11-09 14:46:10"},{"nodeID":"1374773","text":"Analysing","type":"YA","timestamp":"2023-11-09 14:46:10"},{"nodeID":"1374774","text":"Chris: Peter Hitchens: one of the major failures of Labour in many, many years of power, was to get any kind of control over immigration whatsoever","type":"L","timestamp":"2023-11-09 14:46:10"},{"nodeID":"1374775","text":"Asserting","type":"YA","timestamp":"2023-11-09 14:46:10"},{"nodeID":"1374776","text":"Default Transition","type":"TA","timestamp":"2023-11-09 14:46:10"},{"nodeID":"1374777","text":"Default Inference","type":"RA","timestamp":"2023-11-09 14:46:10"},{"nodeID":"1374778","text":"Arguing","type":"YA","timestamp":"2023-11-09 14:46:10"},{"nodeID":"1374779","text":"Default Inference","type":"RA","timestamp":"2023-11-09 14:46:10"},{"nodeID":"1374780","text":"Default Transition","type":"TA","timestamp":"2023-11-09 14:46:10"},{"nodeID":"1374781","text":"Arguing","type":"YA","timestamp":"2023-11-09 14:46:10"},{"nodeID":"1374782","text":"paying the French to secure their coastline is something which could practically be done","type":"I","timestamp":"2023-11-09 14:46:11"},{"nodeID":"1374783","text":"Peter Hitchens: this is something which could practically be done","type":"L","timestamp":"2023-11-09 14:46:11"},{"nodeID":"1374784","text":"Analysing","type":"YA","timestamp":"2023-11-09 14:46:11"},{"nodeID":"1374785","text":"Chris: Peter Hitchens: this is something which could practically be done","type":"L","timestamp":"2023-11-09 14:46:11"},{"nodeID":"1374786","text":"Asserting","type":"YA","timestamp":"2023-11-09 14:46:11"},{"nodeID":"1374787","text":"Default Transition","type":"TA","timestamp":"2023-11-09 14:46:11"},{"nodeID":"1374788","text":"Default Conflict","type":"CA","timestamp":"2023-11-09 14:46:11"},{"nodeID":"1374789","text":"Disagreeing","type":"YA","timestamp":"2023-11-09 14:46:11"},{"nodeID":"1374790","text":"paying the French to secure their coastline is within our power","type":"I","timestamp":"2023-11-09 14:46:11"},{"nodeID":"1374791","text":"Peter Hitchens: it's within our power","type":"L","timestamp":"2023-11-09 14:46:11"},{"nodeID":"1374792","text":"Analysing","type":"YA","timestamp":"2023-11-09 14:46:11"},{"nodeID":"1374793","text":"Chris: Peter Hitchens: it's within our power","type":"L","timestamp":"2023-11-09 14:46:11"},{"nodeID":"1374794","text":"Asserting","type":"YA","timestamp":"2023-11-09 14:46:11"},{"nodeID":"1374795","text":"Default Transition","type":"TA","timestamp":"2023-11-09 14:46:11"},{"nodeID":"1374796","text":"paying the French to secure their coastline is affordable","type":"I","timestamp":"2023-11-09 14:46:12"},{"nodeID":"1374797","text":"Peter Hitchens: it's affordable","type":"L","timestamp":"2023-11-09 14:46:12"},{"nodeID":"1374798","text":"Analysing","type":"YA","timestamp":"2023-11-09 14:46:12"},{"nodeID":"1374799","text":"Chris: Peter Hitchens: it's affordable","type":"L","timestamp":"2023-11-09 14:46:12"},{"nodeID":"1374800","text":"Asserting","type":"YA","timestamp":"2023-11-09 14:46:12"},{"nodeID":"1374801","text":"Default Transition","type":"TA","timestamp":"2023-11-09 14:46:12"},{"nodeID":"1374802","text":"paying the French to secure their coastline is civilised","type":"I","timestamp":"2023-11-09 14:46:12"},{"nodeID":"1374803","text":"Peter Hitchens: it's civilised","type":"L","timestamp":"2023-11-09 14:46:12"},{"nodeID":"1374804","text":"Analysing","type":"YA","timestamp":"2023-11-09 14:46:12"},{"nodeID":"1374805","text":"Chris: Peter Hitchens: it's civilised","type":"L","timestamp":"2023-11-09 14:46:12"},{"nodeID":"1374806","text":"Asserting","type":"YA","timestamp":"2023-11-09 14:46:12"},{"nodeID":"1374807","text":"Default Transition","type":"TA","timestamp":"2023-11-09 14:46:12"},{"nodeID":"1374808","text":"paying the French to secure their coastline is reasonable","type":"I","timestamp":"2023-11-09 14:46:13"},{"nodeID":"1374809","text":"Peter Hitchens: it's reasonable","type":"L","timestamp":"2023-11-09 14:46:13"},{"nodeID":"1374810","text":"Analysing","type":"YA","timestamp":"2023-11-09 14:46:13"},{"nodeID":"1374811","text":"Chris: Peter Hitchens: it's reasonable","type":"L","timestamp":"2023-11-09 14:46:13"},{"nodeID":"1374812","text":"Asserting","type":"YA","timestamp":"2023-11-09 14:46:13"},{"nodeID":"1374813","text":"Default Transition","type":"TA","timestamp":"2023-11-09 14:46:13"},{"nodeID":"1374814","text":"Default Inference","type":"RA","timestamp":"2023-11-09 14:46:13"},{"nodeID":"1374815","text":"Arguing","type":"YA","timestamp":"2023-11-09 14:46:13"},{"nodeID":"1374816","text":"Peter Hitchens really doesn't see why there isn't more concentration on paying the French to secure their coastline","type":"I","timestamp":"2023-11-09 14:46:14"},{"nodeID":"1374817","text":"Peter Hitchens: I really don't see why there isn't more concentration on it","type":"L","timestamp":"2023-11-09 14:46:14"},{"nodeID":"1374818","text":"Analysing","type":"YA","timestamp":"2023-11-09 14:46:14"},{"nodeID":"1374819","text":"Chris: Peter Hitchens: I really don't see why there isn't more concentration on it","type":"L","timestamp":"2023-11-09 14:46:14"},{"nodeID":"1374820","text":"Asserting","type":"YA","timestamp":"2023-11-09 14:46:14"},{"nodeID":"1374821","text":"Default Transition","type":"TA","timestamp":"2023-11-09 14:46:14"},{"nodeID":"1374822","text":"Default Rephrase","type":"MA","timestamp":"2023-11-09 14:46:14"},{"nodeID":"1374823","text":"Restating","type":"YA","timestamp":"2023-11-09 14:46:14"},{"nodeID":"1374824","text":"Default Inference","type":"RA","timestamp":"2023-11-09 14:46:14"},{"nodeID":"1374825","text":"Arguing","type":"YA","timestamp":"2023-11-09 14:46:14"},{"nodeID":"1374826","text":"Default Rephrase","type":"MA","timestamp":"2023-11-09 14:46:14"},{"nodeID":"1374827","text":"Default Transition","type":"TA","timestamp":"2023-11-09 14:46:14"},{"nodeID":"1374828","text":"Restating","type":"YA","timestamp":"2023-11-09 14:46:14"}],"edges":[{"edgeID":"1797625","fromID":"1374652","toID":"1374651","formEdgeID":null},{"edgeID":"1797626","fromID":"1374653","toID":"1374652","formEdgeID":null},{"edgeID":"1797627","fromID":"1374651","toID":"1374654","formEdgeID":null},{"edgeID":"1797628","fromID":"1374654","toID":"1374650","formEdgeID":null},{"edgeID":"1797629","fromID":"1374657","toID":"1374656","formEdgeID":null},{"edgeID":"1797630","fromID":"1374658","toID":"1374657","formEdgeID":null},{"edgeID":"1797631","fromID":"1374656","toID":"1374659","formEdgeID":null},{"edgeID":"1797632","fromID":"1374659","toID":"1374655","formEdgeID":null},{"edgeID":"1797633","fromID":"1374651","toID":"1374660","formEdgeID":null},{"edgeID":"1797634","fromID":"1374660","toID":"1374656","formEdgeID":null},{"edgeID":"1797635","fromID":"1374663","toID":"1374662","formEdgeID":null},{"edgeID":"1797636","fromID":"1374664","toID":"1374663","formEdgeID":null},{"edgeID":"1797637","fromID":"1374662","toID":"1374665","formEdgeID":null},{"edgeID":"1797638","fromID":"1374665","toID":"1374661","formEdgeID":null},{"edgeID":"1797639","fromID":"1374656","toID":"1374666","formEdgeID":null},{"edgeID":"1797640","fromID":"1374666","toID":"1374662","formEdgeID":null},{"edgeID":"1797641","fromID":"1374669","toID":"1374668","formEdgeID":null},{"edgeID":"1797642","fromID":"1374670","toID":"1374669","formEdgeID":null},{"edgeID":"1797643","fromID":"1374668","toID":"1374671","formEdgeID":null},{"edgeID":"1797644","fromID":"1374671","toID":"1374667","formEdgeID":null},{"edgeID":"1797645","fromID":"1374662","toID":"1374672","formEdgeID":null},{"edgeID":"1797646","fromID":"1374672","toID":"1374668","formEdgeID":null},{"edgeID":"1797647","fromID":"1374661","toID":"1374673","formEdgeID":null},{"edgeID":"1797648","fromID":"1374673","toID":"1374667","formEdgeID":null},{"edgeID":"1797649","fromID":"1374672","toID":"1374674","formEdgeID":null},{"edgeID":"1797650","fromID":"1374674","toID":"1374673","formEdgeID":null},{"edgeID":"1797651","fromID":"1374677","toID":"1374676","formEdgeID":null},{"edgeID":"1797652","fromID":"1374678","toID":"1374677","formEdgeID":null},{"edgeID":"1797653","fromID":"1374676","toID":"1374679","formEdgeID":null},{"edgeID":"1797654","fromID":"1374679","toID":"1374675","formEdgeID":null},{"edgeID":"1797655","fromID":"1374668","toID":"1374680","formEdgeID":null},{"edgeID":"1797656","fromID":"1374680","toID":"1374676","formEdgeID":null},{"edgeID":"1797657","fromID":"1374667","toID":"1374681","formEdgeID":null},{"edgeID":"1797658","fromID":"1374681","toID":"1374675","formEdgeID":null},{"edgeID":"1797659","fromID":"1374680","toID":"1374682","formEdgeID":null},{"edgeID":"1797660","fromID":"1374682","toID":"1374681","formEdgeID":null},{"edgeID":"1797661","fromID":"1374685","toID":"1374684","formEdgeID":null},{"edgeID":"1797662","fromID":"1374686","toID":"1374685","formEdgeID":null},{"edgeID":"1797663","fromID":"1374684","toID":"1374687","formEdgeID":null},{"edgeID":"1797664","fromID":"1374687","toID":"1374683","formEdgeID":null},{"edgeID":"1797665","fromID":"1374676","toID":"1374688","formEdgeID":null},{"edgeID":"1797666","fromID":"1374688","toID":"1374684","formEdgeID":null},{"edgeID":"1797667","fromID":"1374691","toID":"1374690","formEdgeID":null},{"edgeID":"1797668","fromID":"1374692","toID":"1374691","formEdgeID":null},{"edgeID":"1797669","fromID":"1374690","toID":"1374693","formEdgeID":null},{"edgeID":"1797670","fromID":"1374693","toID":"1374689","formEdgeID":null},{"edgeID":"1797671","fromID":"1374684","toID":"1374694","formEdgeID":null},{"edgeID":"1797672","fromID":"1374694","toID":"1374690","formEdgeID":null},{"edgeID":"1797673","fromID":"1374697","toID":"1374696","formEdgeID":null},{"edgeID":"1797674","fromID":"1374698","toID":"1374697","formEdgeID":null},{"edgeID":"1797675","fromID":"1374696","toID":"1374699","formEdgeID":null},{"edgeID":"1797676","fromID":"1374699","toID":"1374695","formEdgeID":null},{"edgeID":"1797677","fromID":"1374662","toID":"1374700","formEdgeID":null},{"edgeID":"1797678","fromID":"1374700","toID":"1374696","formEdgeID":null},{"edgeID":"1797679","fromID":"1374695","toID":"1374701","formEdgeID":null},{"edgeID":"1797680","fromID":"1374701","toID":"1374661","formEdgeID":null},{"edgeID":"1797681","fromID":"1374700","toID":"1374702","formEdgeID":null},{"edgeID":"1797682","fromID":"1374702","toID":"1374701","formEdgeID":null},{"edgeID":"1797683","fromID":"1374705","toID":"1374704","formEdgeID":null},{"edgeID":"1797684","fromID":"1374706","toID":"1374705","formEdgeID":null},{"edgeID":"1797685","fromID":"1374704","toID":"1374707","formEdgeID":null},{"edgeID":"1797686","fromID":"1374707","toID":"1374703","formEdgeID":null},{"edgeID":"1797687","fromID":"1374696","toID":"1374708","formEdgeID":null},{"edgeID":"1797688","fromID":"1374708","toID":"1374704","formEdgeID":null},{"edgeID":"1797689","fromID":"1374711","toID":"1374710","formEdgeID":null},{"edgeID":"1797690","fromID":"1374712","toID":"1374711","formEdgeID":null},{"edgeID":"1797691","fromID":"1374710","toID":"1374713","formEdgeID":null},{"edgeID":"1797692","fromID":"1374713","toID":"1374709","formEdgeID":null},{"edgeID":"1797693","fromID":"1374704","toID":"1374714","formEdgeID":null},{"edgeID":"1797694","fromID":"1374714","toID":"1374710","formEdgeID":null},{"edgeID":"1797695","fromID":"1374709","toID":"1374715","formEdgeID":null},{"edgeID":"1797696","fromID":"1374715","toID":"1374703","formEdgeID":null},{"edgeID":"1797697","fromID":"1374718","toID":"1374717","formEdgeID":null},{"edgeID":"1797698","fromID":"1374719","toID":"1374718","formEdgeID":null},{"edgeID":"1797699","fromID":"1374717","toID":"1374720","formEdgeID":null},{"edgeID":"1797700","fromID":"1374720","toID":"1374716","formEdgeID":null},{"edgeID":"1797701","fromID":"1374710","toID":"1374721","formEdgeID":null},{"edgeID":"1797702","fromID":"1374721","toID":"1374717","formEdgeID":null},{"edgeID":"1797703","fromID":"1374716","toID":"1374722","formEdgeID":null},{"edgeID":"1797704","fromID":"1374722","toID":"1374709","formEdgeID":null},{"edgeID":"1797705","fromID":"1374721","toID":"1374723","formEdgeID":null},{"edgeID":"1797706","fromID":"1374723","toID":"1374722","formEdgeID":null},{"edgeID":"1797707","fromID":"1374714","toID":"1374724","formEdgeID":null},{"edgeID":"1797708","fromID":"1374724","toID":"1374715","formEdgeID":null},{"edgeID":"1797709","fromID":"1374727","toID":"1374726","formEdgeID":null},{"edgeID":"1797710","fromID":"1374728","toID":"1374727","formEdgeID":null},{"edgeID":"1797711","fromID":"1374726","toID":"1374729","formEdgeID":null},{"edgeID":"1797712","fromID":"1374729","toID":"1374725","formEdgeID":null},{"edgeID":"1797713","fromID":"1374689","toID":"1374730","formEdgeID":null},{"edgeID":"1797714","fromID":"1374730","toID":"1374683","formEdgeID":null},{"edgeID":"1797715","fromID":"1374694","toID":"1374731","formEdgeID":null},{"edgeID":"1797716","fromID":"1374731","toID":"1374730","formEdgeID":null},{"edgeID":"1797717","fromID":"1374703","toID":"1374732","formEdgeID":null},{"edgeID":"1797718","fromID":"1374732","toID":"1374695","formEdgeID":null},{"edgeID":"1797719","fromID":"1374709","toID":"1374732","formEdgeID":null},{"edgeID":"1797720","fromID":"1374716","toID":"1374732","formEdgeID":null},{"edgeID":"1797721","fromID":"1374725","toID":"1374732","formEdgeID":null},{"edgeID":"1797722","fromID":"1374717","toID":"1374733","formEdgeID":null},{"edgeID":"1797723","fromID":"1374733","toID":"1374726","formEdgeID":null},{"edgeID":"1797724","fromID":"1374733","toID":"1374734","formEdgeID":null},{"edgeID":"1797725","fromID":"1374734","toID":"1374732","formEdgeID":null},{"edgeID":"1797726","fromID":"1374737","toID":"1374736","formEdgeID":null},{"edgeID":"1797727","fromID":"1374738","toID":"1374737","formEdgeID":null},{"edgeID":"1797728","fromID":"1374736","toID":"1374739","formEdgeID":null},{"edgeID":"1797729","fromID":"1374739","toID":"1374735","formEdgeID":null},{"edgeID":"1797730","fromID":"1374726","toID":"1374740","formEdgeID":null},{"edgeID":"1797731","fromID":"1374740","toID":"1374736","formEdgeID":null},{"edgeID":"1797732","fromID":"1374735","toID":"1374741","formEdgeID":null},{"edgeID":"1797733","fromID":"1374741","toID":"1374725","formEdgeID":null},{"edgeID":"1797734","fromID":"1374740","toID":"1374742","formEdgeID":null},{"edgeID":"1797735","fromID":"1374742","toID":"1374741","formEdgeID":null},{"edgeID":"1797736","fromID":"1374745","toID":"1374744","formEdgeID":null},{"edgeID":"1797737","fromID":"1374746","toID":"1374745","formEdgeID":null},{"edgeID":"1797738","fromID":"1374744","toID":"1374747","formEdgeID":null},{"edgeID":"1797739","fromID":"1374747","toID":"1374743","formEdgeID":null},{"edgeID":"1797740","fromID":"1374696","toID":"1374748","formEdgeID":null},{"edgeID":"1797741","fromID":"1374748","toID":"1374744","formEdgeID":null},{"edgeID":"1797742","fromID":"1374743","toID":"1374749","formEdgeID":null},{"edgeID":"1797743","fromID":"1374749","toID":"1374695","formEdgeID":null},{"edgeID":"1797744","fromID":"1374748","toID":"1374750","formEdgeID":null},{"edgeID":"1797745","fromID":"1374750","toID":"1374749","formEdgeID":null},{"edgeID":"1797746","fromID":"1374753","toID":"1374752","formEdgeID":null},{"edgeID":"1797747","fromID":"1374754","toID":"1374753","formEdgeID":null},{"edgeID":"1797748","fromID":"1374752","toID":"1374755","formEdgeID":null},{"edgeID":"1797749","fromID":"1374755","toID":"1374751","formEdgeID":null},{"edgeID":"1797750","fromID":"1374744","toID":"1374756","formEdgeID":null},{"edgeID":"1797751","fromID":"1374756","toID":"1374752","formEdgeID":null},{"edgeID":"1797752","fromID":"1374759","toID":"1374758","formEdgeID":null},{"edgeID":"1797753","fromID":"1374760","toID":"1374759","formEdgeID":null},{"edgeID":"1797754","fromID":"1374758","toID":"1374761","formEdgeID":null},{"edgeID":"1797755","fromID":"1374761","toID":"1374757","formEdgeID":null},{"edgeID":"1797756","fromID":"1374752","toID":"1374762","formEdgeID":null},{"edgeID":"1797757","fromID":"1374762","toID":"1374758","formEdgeID":null},{"edgeID":"1797758","fromID":"1374765","toID":"1374764","formEdgeID":null},{"edgeID":"1797759","fromID":"1374766","toID":"1374765","formEdgeID":null},{"edgeID":"1797760","fromID":"1374764","toID":"1374767","formEdgeID":null},{"edgeID":"1797761","fromID":"1374767","toID":"1374763","formEdgeID":null},{"edgeID":"1797762","fromID":"1374758","toID":"1374768","formEdgeID":null},{"edgeID":"1797763","fromID":"1374768","toID":"1374764","formEdgeID":null},{"edgeID":"1797764","fromID":"1374763","toID":"1374769","formEdgeID":null},{"edgeID":"1797765","fromID":"1374769","toID":"1374757","formEdgeID":null},{"edgeID":"1797766","fromID":"1374768","toID":"1374770","formEdgeID":null},{"edgeID":"1797767","fromID":"1374770","toID":"1374769","formEdgeID":null},{"edgeID":"1797768","fromID":"1374773","toID":"1374772","formEdgeID":null},{"edgeID":"1797769","fromID":"1374774","toID":"1374773","formEdgeID":null},{"edgeID":"1797770","fromID":"1374772","toID":"1374775","formEdgeID":null},{"edgeID":"1797771","fromID":"1374775","toID":"1374771","formEdgeID":null},{"edgeID":"1797772","fromID":"1374764","toID":"1374776","formEdgeID":null},{"edgeID":"1797773","fromID":"1374776","toID":"1374772","formEdgeID":null},{"edgeID":"1797774","fromID":"1374771","toID":"1374777","formEdgeID":null},{"edgeID":"1797775","fromID":"1374777","toID":"1374763","formEdgeID":null},{"edgeID":"1797776","fromID":"1374776","toID":"1374778","formEdgeID":null},{"edgeID":"1797777","fromID":"1374778","toID":"1374777","formEdgeID":null},{"edgeID":"1797778","fromID":"1374771","toID":"1374779","formEdgeID":null},{"edgeID":"1797779","fromID":"1374779","toID":"1374757","formEdgeID":null},{"edgeID":"1797780","fromID":"1374758","toID":"1374780","formEdgeID":null},{"edgeID":"1797781","fromID":"1374780","toID":"1374772","formEdgeID":null},{"edgeID":"1797782","fromID":"1374780","toID":"1374781","formEdgeID":null},{"edgeID":"1797783","fromID":"1374781","toID":"1374779","formEdgeID":null},{"edgeID":"1797784","fromID":"1374784","toID":"1374783","formEdgeID":null},{"edgeID":"1797785","fromID":"1374785","toID":"1374784","formEdgeID":null},{"edgeID":"1797786","fromID":"1374783","toID":"1374786","formEdgeID":null},{"edgeID":"1797787","fromID":"1374786","toID":"1374782","formEdgeID":null},{"edgeID":"1797788","fromID":"1374772","toID":"1374787","formEdgeID":null},{"edgeID":"1797789","fromID":"1374787","toID":"1374783","formEdgeID":null},{"edgeID":"1797790","fromID":"1374782","toID":"1374788","formEdgeID":null},{"edgeID":"1797791","fromID":"1374788","toID":"1374771","formEdgeID":null},{"edgeID":"1797792","fromID":"1374787","toID":"1374789","formEdgeID":null},{"edgeID":"1797793","fromID":"1374789","toID":"1374788","formEdgeID":null},{"edgeID":"1797794","fromID":"1374792","toID":"1374791","formEdgeID":null},{"edgeID":"1797795","fromID":"1374793","toID":"1374792","formEdgeID":null},{"edgeID":"1797796","fromID":"1374791","toID":"1374794","formEdgeID":null},{"edgeID":"1797797","fromID":"1374794","toID":"1374790","formEdgeID":null},{"edgeID":"1797798","fromID":"1374783","toID":"1374795","formEdgeID":null},{"edgeID":"1797799","fromID":"1374795","toID":"1374791","formEdgeID":null},{"edgeID":"1797800","fromID":"1374798","toID":"1374797","formEdgeID":null},{"edgeID":"1797801","fromID":"1374799","toID":"1374798","formEdgeID":null},{"edgeID":"1797802","fromID":"1374797","toID":"1374800","formEdgeID":null},{"edgeID":"1797803","fromID":"1374800","toID":"1374796","formEdgeID":null},{"edgeID":"1797804","fromID":"1374791","toID":"1374801","formEdgeID":null},{"edgeID":"1797805","fromID":"1374801","toID":"1374797","formEdgeID":null},{"edgeID":"1797806","fromID":"1374804","toID":"1374803","formEdgeID":null},{"edgeID":"1797807","fromID":"1374805","toID":"1374804","formEdgeID":null},{"edgeID":"1797808","fromID":"1374803","toID":"1374806","formEdgeID":null},{"edgeID":"1797809","fromID":"1374806","toID":"1374802","formEdgeID":null},{"edgeID":"1797810","fromID":"1374797","toID":"1374807","formEdgeID":null},{"edgeID":"1797811","fromID":"1374807","toID":"1374803","formEdgeID":null},{"edgeID":"1797812","fromID":"1374810","toID":"1374809","formEdgeID":null},{"edgeID":"1797813","fromID":"1374811","toID":"1374810","formEdgeID":null},{"edgeID":"1797814","fromID":"1374809","toID":"1374812","formEdgeID":null},{"edgeID":"1797815","fromID":"1374812","toID":"1374808","formEdgeID":null},{"edgeID":"1797816","fromID":"1374803","toID":"1374813","formEdgeID":null},{"edgeID":"1797817","fromID":"1374813","toID":"1374809","formEdgeID":null},{"edgeID":"1797818","fromID":"1374782","toID":"1374814","formEdgeID":null},{"edgeID":"1797819","fromID":"1374814","toID":"1374751","formEdgeID":null},{"edgeID":"1797820","fromID":"1374790","toID":"1374814","formEdgeID":null},{"edgeID":"1797821","fromID":"1374796","toID":"1374814","formEdgeID":null},{"edgeID":"1797822","fromID":"1374802","toID":"1374814","formEdgeID":null},{"edgeID":"1797823","fromID":"1374808","toID":"1374814","formEdgeID":null},{"edgeID":"1797824","fromID":"1374813","toID":"1374815","formEdgeID":null},{"edgeID":"1797825","fromID":"1374815","toID":"1374814","formEdgeID":null},{"edgeID":"1797826","fromID":"1374818","toID":"1374817","formEdgeID":null},{"edgeID":"1797827","fromID":"1374819","toID":"1374818","formEdgeID":null},{"edgeID":"1797828","fromID":"1374817","toID":"1374820","formEdgeID":null},{"edgeID":"1797829","fromID":"1374820","toID":"1374816","formEdgeID":null},{"edgeID":"1797830","fromID":"1374752","toID":"1374821","formEdgeID":null},{"edgeID":"1797831","fromID":"1374821","toID":"1374817","formEdgeID":null},{"edgeID":"1797832","fromID":"1374816","toID":"1374822","formEdgeID":null},{"edgeID":"1797833","fromID":"1374822","toID":"1374751","formEdgeID":null},{"edgeID":"1797834","fromID":"1374821","toID":"1374823","formEdgeID":null},{"edgeID":"1797835","fromID":"1374823","toID":"1374822","formEdgeID":null},{"edgeID":"1797836","fromID":"1374655","toID":"1374824","formEdgeID":null},{"edgeID":"1797837","fromID":"1374824","toID":"1374650","formEdgeID":null},{"edgeID":"1797838","fromID":"1374660","toID":"1374825","formEdgeID":null},{"edgeID":"1797839","fromID":"1374825","toID":"1374824","formEdgeID":null},{"edgeID":"1797840","fromID":"1374683","toID":"1374826","formEdgeID":null},{"edgeID":"1797841","fromID":"1374826","toID":"1374661","formEdgeID":null},{"edgeID":"1797842","fromID":"1374662","toID":"1374827","formEdgeID":null},{"edgeID":"1797843","fromID":"1374827","toID":"1374684","formEdgeID":null},{"edgeID":"1797844","fromID":"1374827","toID":"1374828","formEdgeID":null},{"edgeID":"1797845","fromID":"1374828","toID":"1374826","formEdgeID":null}],"locutions":[]}