{"nodes":[{"nodeID":"1376734","text":"there's very few nurses can work from home","type":"I","timestamp":"2023-11-09 14:48:54"},{"nodeID":"1376735","text":"Pat Cullen: there's very few nurses can work from home","type":"L","timestamp":"2023-11-09 14:48:54"},{"nodeID":"1376736","text":"Analysing","type":"YA","timestamp":"2023-11-09 14:48:54"},{"nodeID":"1376737","text":"Joanna: Pat Cullen: there's very few nurses can work from home","type":"L","timestamp":"2023-11-09 14:48:54"},{"nodeID":"1376738","text":"Asserting","type":"YA","timestamp":"2023-11-09 14:48:54"},{"nodeID":"1376739","text":"there is admin staff in the nurses' union","type":"I","timestamp":"2023-11-09 14:48:54"},{"nodeID":"1376740","text":"Fiona Bruce: you have admin staff, I think, in your union","type":"L","timestamp":"2023-11-09 14:48:54"},{"nodeID":"1376741","text":"Analysing","type":"YA","timestamp":"2023-11-09 14:48:54"},{"nodeID":"1376742","text":"Joanna: Fiona Bruce: you have admin staff, I think, in your union","type":"L","timestamp":"2023-11-09 14:48:54"},{"nodeID":"1376743","text":"Asserting","type":"YA","timestamp":"2023-11-09 14:48:54"},{"nodeID":"1376744","text":"Default Transition","type":"TA","timestamp":"2023-11-09 14:48:54"},{"nodeID":"1376745","text":"Pat Cullen: Yes, we absolutely do","type":"L","timestamp":"2023-11-09 14:48:54"},{"nodeID":"1376746","text":"Analysing","type":"YA","timestamp":"2023-11-09 14:48:54"},{"nodeID":"1376747","text":"Joanna: Pat Cullen: Yes, we absolutely do","type":"L","timestamp":"2023-11-09 14:48:54"},{"nodeID":"1376748","text":"Default Transition","type":"TA","timestamp":"2023-11-09 14:48:54"},{"nodeID":"1376749","text":"Agreeing","type":"YA","timestamp":"2023-11-09 14:48:54"},{"nodeID":"1376750","text":"at the very beginning of the pandemic, people were forced to work from home","type":"I","timestamp":"2023-11-09 14:48:55"},{"nodeID":"1376751","text":"Pat Cullen: at the very beginning of the pandemic, people were forced to work from home","type":"L","timestamp":"2023-11-09 14:48:55"},{"nodeID":"1376752","text":"Analysing","type":"YA","timestamp":"2023-11-09 14:48:55"},{"nodeID":"1376753","text":"Joanna: Pat Cullen: at the very beginning of the pandemic, people were forced to work from home","type":"L","timestamp":"2023-11-09 14:48:55"},{"nodeID":"1376754","text":"Asserting","type":"YA","timestamp":"2023-11-09 14:48:55"},{"nodeID":"1376755","text":"Default Transition","type":"TA","timestamp":"2023-11-09 14:48:55"},{"nodeID":"1376756","text":"forcing people to work from home was just an overnight move","type":"I","timestamp":"2023-11-09 14:48:55"},{"nodeID":"1376757","text":"Pat Cullen: it was just an overnight move","type":"L","timestamp":"2023-11-09 14:48:55"},{"nodeID":"1376758","text":"Analysing","type":"YA","timestamp":"2023-11-09 14:48:55"},{"nodeID":"1376759","text":"Joanna: Pat Cullen: it was just an overnight move","type":"L","timestamp":"2023-11-09 14:48:55"},{"nodeID":"1376760","text":"Asserting","type":"YA","timestamp":"2023-11-09 14:48:55"},{"nodeID":"1376761","text":"Default Transition","type":"TA","timestamp":"2023-11-09 14:48:55"},{"nodeID":"1376762","text":"Default Rephrase","type":"MA","timestamp":"2023-11-09 14:48:55"},{"nodeID":"1376763","text":"Restating","type":"YA","timestamp":"2023-11-09 14:48:55"},{"nodeID":"1376764","text":"now we're into the new world of working in a hybrid way","type":"I","timestamp":"2023-11-09 14:48:56"},{"nodeID":"1376765","text":"Pat Cullen: now we're into the new world of working in a hybrid way","type":"L","timestamp":"2023-11-09 14:48:56"},{"nodeID":"1376766","text":"Analysing","type":"YA","timestamp":"2023-11-09 14:48:56"},{"nodeID":"1376767","text":"Joanna: Pat Cullen: now we're into the new world of working in a hybrid way","type":"L","timestamp":"2023-11-09 14:48:56"},{"nodeID":"1376768","text":"Asserting","type":"YA","timestamp":"2023-11-09 14:48:56"},{"nodeID":"1376769","text":"Default Transition","type":"TA","timestamp":"2023-11-09 14:48:56"},{"nodeID":"1376770","text":"Default Inference","type":"RA","timestamp":"2023-11-09 14:48:56"},{"nodeID":"1376771","text":"Default Transition","type":"TA","timestamp":"2023-11-09 14:48:56"},{"nodeID":"1376772","text":"Arguing","type":"YA","timestamp":"2023-11-09 14:48:56"},{"nodeID":"1376773","text":"there's a lot to be said for the new world of working in a hybrid way","type":"I","timestamp":"2023-11-09 14:48:57"},{"nodeID":"1376774","text":"Pat Cullen: there's a lot to be said for that","type":"L","timestamp":"2023-11-09 14:48:57"},{"nodeID":"1376775","text":"Analysing","type":"YA","timestamp":"2023-11-09 14:48:57"},{"nodeID":"1376776","text":"Joanna: Pat Cullen: there's a lot to be said for that","type":"L","timestamp":"2023-11-09 14:48:57"},{"nodeID":"1376777","text":"Asserting","type":"YA","timestamp":"2023-11-09 14:48:57"},{"nodeID":"1376778","text":"Default Transition","type":"TA","timestamp":"2023-11-09 14:48:57"},{"nodeID":"1376779","text":"Pat Cullen is a great believer in choice, and giving people choice","type":"I","timestamp":"2023-11-09 14:48:57"},{"nodeID":"1376780","text":"Pat Cullen: I'm a great believer in choice, and giving people choice","type":"L","timestamp":"2023-11-09 14:48:57"},{"nodeID":"1376781","text":"Analysing","type":"YA","timestamp":"2023-11-09 14:48:57"},{"nodeID":"1376782","text":"Joanna: Pat Cullen: I'm a great believer in choice, and giving people choice","type":"L","timestamp":"2023-11-09 14:48:57"},{"nodeID":"1376783","text":"Asserting","type":"YA","timestamp":"2023-11-09 14:48:57"},{"nodeID":"1376784","text":"Default Transition","type":"TA","timestamp":"2023-11-09 14:48:57"},{"nodeID":"1376785","text":"Pat Cullen is a mental health nurse","type":"I","timestamp":"2023-11-09 14:48:58"},{"nodeID":"1376786","text":"Pat Cullen: I'm a mental health nurse","type":"L","timestamp":"2023-11-09 14:48:58"},{"nodeID":"1376787","text":"Analysing","type":"YA","timestamp":"2023-11-09 14:48:58"},{"nodeID":"1376788","text":"Joanna: Pat Cullen: I'm a mental health nurse","type":"L","timestamp":"2023-11-09 14:48:58"},{"nodeID":"1376789","text":"Asserting","type":"YA","timestamp":"2023-11-09 14:48:58"},{"nodeID":"1376790","text":"Default Transition","type":"TA","timestamp":"2023-11-09 14:48:58"},{"nodeID":"1376791","text":"we have seen the consequences of people having worked from home, and being isolated and on their own for a long period of time, and the impact that that\u2019s had on their mental health and wellbeing","type":"I","timestamp":"2023-11-09 14:48:59"},{"nodeID":"1376792","text":"Pat Cullen: we have seen the consequences of people having worked from home, and being isolated and on their own for a long period of time, and the impact that that\u2019s had on their mental health and wellbeing","type":"L","timestamp":"2023-11-09 14:48:59"},{"nodeID":"1376793","text":"Analysing","type":"YA","timestamp":"2023-11-09 14:48:59"},{"nodeID":"1376794","text":"Joanna: Pat Cullen: we have seen the consequences of people having worked from home, and being isolated and on their own for a long period of time, and the impact that that\u2019s had on their mental health and wellbeing","type":"L","timestamp":"2023-11-09 14:48:59"},{"nodeID":"1376795","text":"Asserting","type":"YA","timestamp":"2023-11-09 14:48:59"},{"nodeID":"1376796","text":"Default Transition","type":"TA","timestamp":"2023-11-09 14:48:59"},{"nodeID":"1376797","text":"by the very nature of being humans, we're sociable beings","type":"I","timestamp":"2023-11-09 14:48:59"},{"nodeID":"1376798","text":"Pat Cullen:  by the very nature of being humans, we're sociable beings","type":"L","timestamp":"2023-11-09 14:48:59"},{"nodeID":"1376799","text":"Analysing","type":"YA","timestamp":"2023-11-09 14:48:59"},{"nodeID":"1376800","text":"Joanna: Pat Cullen:  by the very nature of being humans, we're sociable beings","type":"L","timestamp":"2023-11-09 14:48:59"},{"nodeID":"1376801","text":"Asserting","type":"YA","timestamp":"2023-11-09 14:48:59"},{"nodeID":"1376802","text":"Default Transition","type":"TA","timestamp":"2023-11-09 14:48:59"},{"nodeID":"1376803","text":"there has to be a halfway house, in many words, and that we have time at home, but also that we get together, and come in and be together at work","type":"I","timestamp":"2023-11-09 14:49:00"},{"nodeID":"1376804","text":"Pat Cullen: there has to be a halfway house, in many words, and that we have time at home, but also that we get together, and come in and be together at work","type":"L","timestamp":"2023-11-09 14:49:00"},{"nodeID":"1376805","text":"Analysing","type":"YA","timestamp":"2023-11-09 14:49:00"},{"nodeID":"1376806","text":"Joanna: Pat Cullen: there has to be a halfway house, in many words, and that we have time at home, but also that we get together, and come in and be together at work","type":"L","timestamp":"2023-11-09 14:49:00"},{"nodeID":"1376807","text":"Asserting","type":"YA","timestamp":"2023-11-09 14:49:00"},{"nodeID":"1376808","text":"Default Inference","type":"RA","timestamp":"2023-11-09 14:49:00"},{"nodeID":"1376809","text":"Default Inference","type":"RA","timestamp":"2023-11-09 14:49:00"},{"nodeID":"1376810","text":"Arguing","type":"YA","timestamp":"2023-11-09 14:49:00"},{"nodeID":"1376811","text":"Default Transition","type":"TA","timestamp":"2023-11-09 14:49:00"},{"nodeID":"1376812","text":"Arguing","type":"YA","timestamp":"2023-11-09 14:49:00"}],"edges":[{"edgeID":"1800120","fromID":"1376736","toID":"1376735","formEdgeID":null},{"edgeID":"1800121","fromID":"1376737","toID":"1376736","formEdgeID":null},{"edgeID":"1800122","fromID":"1376735","toID":"1376738","formEdgeID":null},{"edgeID":"1800123","fromID":"1376738","toID":"1376734","formEdgeID":null},{"edgeID":"1800124","fromID":"1376741","toID":"1376740","formEdgeID":null},{"edgeID":"1800125","fromID":"1376742","toID":"1376741","formEdgeID":null},{"edgeID":"1800126","fromID":"1376740","toID":"1376743","formEdgeID":null},{"edgeID":"1800127","fromID":"1376743","toID":"1376739","formEdgeID":null},{"edgeID":"1800128","fromID":"1376735","toID":"1376744","formEdgeID":null},{"edgeID":"1800129","fromID":"1376744","toID":"1376740","formEdgeID":null},{"edgeID":"1800130","fromID":"1376746","toID":"1376745","formEdgeID":null},{"edgeID":"1800131","fromID":"1376747","toID":"1376746","formEdgeID":null},{"edgeID":"1800132","fromID":"1376740","toID":"1376748","formEdgeID":null},{"edgeID":"1800133","fromID":"1376748","toID":"1376745","formEdgeID":null},{"edgeID":"1800134","fromID":"1376748","toID":"1376749","formEdgeID":null},{"edgeID":"1800135","fromID":"1376749","toID":"1376739","formEdgeID":null},{"edgeID":"1800136","fromID":"1376752","toID":"1376751","formEdgeID":null},{"edgeID":"1800137","fromID":"1376753","toID":"1376752","formEdgeID":null},{"edgeID":"1800138","fromID":"1376751","toID":"1376754","formEdgeID":null},{"edgeID":"1800139","fromID":"1376754","toID":"1376750","formEdgeID":null},{"edgeID":"1800140","fromID":"1376745","toID":"1376755","formEdgeID":null},{"edgeID":"1800141","fromID":"1376755","toID":"1376751","formEdgeID":null},{"edgeID":"1800142","fromID":"1376758","toID":"1376757","formEdgeID":null},{"edgeID":"1800143","fromID":"1376759","toID":"1376758","formEdgeID":null},{"edgeID":"1800144","fromID":"1376757","toID":"1376760","formEdgeID":null},{"edgeID":"1800145","fromID":"1376760","toID":"1376756","formEdgeID":null},{"edgeID":"1800146","fromID":"1376751","toID":"1376761","formEdgeID":null},{"edgeID":"1800147","fromID":"1376761","toID":"1376757","formEdgeID":null},{"edgeID":"1800148","fromID":"1376756","toID":"1376762","formEdgeID":null},{"edgeID":"1800149","fromID":"1376762","toID":"1376750","formEdgeID":null},{"edgeID":"1800150","fromID":"1376761","toID":"1376763","formEdgeID":null},{"edgeID":"1800151","fromID":"1376763","toID":"1376762","formEdgeID":null},{"edgeID":"1800152","fromID":"1376766","toID":"1376765","formEdgeID":null},{"edgeID":"1800153","fromID":"1376767","toID":"1376766","formEdgeID":null},{"edgeID":"1800154","fromID":"1376765","toID":"1376768","formEdgeID":null},{"edgeID":"1800155","fromID":"1376768","toID":"1376764","formEdgeID":null},{"edgeID":"1800156","fromID":"1376757","toID":"1376769","formEdgeID":null},{"edgeID":"1800157","fromID":"1376769","toID":"1376765","formEdgeID":null},{"edgeID":"1800158","fromID":"1376750","toID":"1376770","formEdgeID":null},{"edgeID":"1800159","fromID":"1376770","toID":"1376764","formEdgeID":null},{"edgeID":"1800160","fromID":"1376751","toID":"1376771","formEdgeID":null},{"edgeID":"1800161","fromID":"1376771","toID":"1376765","formEdgeID":null},{"edgeID":"1800162","fromID":"1376771","toID":"1376772","formEdgeID":null},{"edgeID":"1800163","fromID":"1376772","toID":"1376770","formEdgeID":null},{"edgeID":"1800164","fromID":"1376775","toID":"1376774","formEdgeID":null},{"edgeID":"1800165","fromID":"1376776","toID":"1376775","formEdgeID":null},{"edgeID":"1800166","fromID":"1376774","toID":"1376777","formEdgeID":null},{"edgeID":"1800167","fromID":"1376777","toID":"1376773","formEdgeID":null},{"edgeID":"1800168","fromID":"1376765","toID":"1376778","formEdgeID":null},{"edgeID":"1800169","fromID":"1376778","toID":"1376774","formEdgeID":null},{"edgeID":"1800170","fromID":"1376781","toID":"1376780","formEdgeID":null},{"edgeID":"1800171","fromID":"1376782","toID":"1376781","formEdgeID":null},{"edgeID":"1800172","fromID":"1376780","toID":"1376783","formEdgeID":null},{"edgeID":"1800173","fromID":"1376783","toID":"1376779","formEdgeID":null},{"edgeID":"1800174","fromID":"1376774","toID":"1376784","formEdgeID":null},{"edgeID":"1800175","fromID":"1376784","toID":"1376780","formEdgeID":null},{"edgeID":"1800176","fromID":"1376787","toID":"1376786","formEdgeID":null},{"edgeID":"1800177","fromID":"1376788","toID":"1376787","formEdgeID":null},{"edgeID":"1800178","fromID":"1376786","toID":"1376789","formEdgeID":null},{"edgeID":"1800179","fromID":"1376789","toID":"1376785","formEdgeID":null},{"edgeID":"1800180","fromID":"1376780","toID":"1376790","formEdgeID":null},{"edgeID":"1800181","fromID":"1376790","toID":"1376786","formEdgeID":null},{"edgeID":"1800182","fromID":"1376793","toID":"1376792","formEdgeID":null},{"edgeID":"1800183","fromID":"1376794","toID":"1376793","formEdgeID":null},{"edgeID":"1800184","fromID":"1376792","toID":"1376795","formEdgeID":null},{"edgeID":"1800185","fromID":"1376795","toID":"1376791","formEdgeID":null},{"edgeID":"1800186","fromID":"1376786","toID":"1376796","formEdgeID":null},{"edgeID":"1800187","fromID":"1376796","toID":"1376792","formEdgeID":null},{"edgeID":"1800188","fromID":"1376799","toID":"1376798","formEdgeID":null},{"edgeID":"1800189","fromID":"1376800","toID":"1376799","formEdgeID":null},{"edgeID":"1800190","fromID":"1376798","toID":"1376801","formEdgeID":null},{"edgeID":"1800191","fromID":"1376801","toID":"1376797","formEdgeID":null},{"edgeID":"1800192","fromID":"1376792","toID":"1376802","formEdgeID":null},{"edgeID":"1800193","fromID":"1376802","toID":"1376798","formEdgeID":null},{"edgeID":"1800194","fromID":"1376805","toID":"1376804","formEdgeID":null},{"edgeID":"1800195","fromID":"1376806","toID":"1376805","formEdgeID":null},{"edgeID":"1800196","fromID":"1376804","toID":"1376807","formEdgeID":null},{"edgeID":"1800197","fromID":"1376807","toID":"1376803","formEdgeID":null},{"edgeID":"1800198","fromID":"1376779","toID":"1376808","formEdgeID":null},{"edgeID":"1800199","fromID":"1376808","toID":"1376803","formEdgeID":null},{"edgeID":"1800200","fromID":"1376785","toID":"1376809","formEdgeID":null},{"edgeID":"1800201","fromID":"1376809","toID":"1376791","formEdgeID":null},{"edgeID":"1800202","fromID":"1376791","toID":"1376808","formEdgeID":null},{"edgeID":"1800203","fromID":"1376797","toID":"1376808","formEdgeID":null},{"edgeID":"1800204","fromID":"1376796","toID":"1376810","formEdgeID":null},{"edgeID":"1800205","fromID":"1376810","toID":"1376809","formEdgeID":null},{"edgeID":"1800206","fromID":"1376780","toID":"1376811","formEdgeID":null},{"edgeID":"1800207","fromID":"1376811","toID":"1376804","formEdgeID":null},{"edgeID":"1800208","fromID":"1376811","toID":"1376812","formEdgeID":null},{"edgeID":"1800209","fromID":"1376812","toID":"1376808","formEdgeID":null}],"locutions":[]}