{"nodes":[{"nodeID":"1357671","text":"AudienceMember20230112QT14 would or would not like to see Asylum Seekers being processed in terms of asylum claim in France, assuming the French wanted to do that","type":"I","timestamp":"2023-11-09 14:21:05"},{"nodeID":"1357672","text":"Fiona Bruce: would you like to see them being processed in terms of asylum claims, over there, assuming the French wanted to do that","type":"L","timestamp":"2023-11-09 14:21:05"},{"nodeID":"1357673","text":"Analysing","type":"YA","timestamp":"2023-11-09 14:21:05"},{"nodeID":"1357674","text":"Chris: Fiona Bruce: So, would you like to see them being processed in terms of asylum claims, over there, assuming the French wanted to do that","type":"L","timestamp":"2023-11-09 14:21:05"},{"nodeID":"1357675","text":"Pure Questioning","type":"YA","timestamp":"2023-11-09 14:21:05"},{"nodeID":"1357676","text":"AudienceMember 20230112QT14: Yes","type":"L","timestamp":"2023-11-09 14:21:05"},{"nodeID":"1357677","text":"Analysing","type":"YA","timestamp":"2023-11-09 14:21:05"},{"nodeID":"1357678","text":"Chris: AudienceMember 20230112QT14: Yes","type":"L","timestamp":"2023-11-09 14:21:05"},{"nodeID":"1357679","text":"Default Transition","type":"TA","timestamp":"2023-11-09 14:21:05"},{"nodeID":"1357680","text":"AudienceMember20230112QT14 doesn't have a problem with people coming","type":"I","timestamp":"2023-11-09 14:21:06"},{"nodeID":"1357681","text":"AudienceMember 20230112QT14: I don't have a problem with people coming","type":"L","timestamp":"2023-11-09 14:21:06"},{"nodeID":"1357682","text":"Analysing","type":"YA","timestamp":"2023-11-09 14:21:06"},{"nodeID":"1357683","text":"Chris: AudienceMember 20230112QT14: I don't have a problem with people coming","type":"L","timestamp":"2023-11-09 14:21:06"},{"nodeID":"1357684","text":"Asserting","type":"YA","timestamp":"2023-11-09 14:21:06"},{"nodeID":"1357685","text":"Default Rephrase","type":"MA","timestamp":"2023-11-09 14:21:06"},{"nodeID":"1357686","text":"the UK wants the people to come","type":"I","timestamp":"2023-11-09 14:21:07"},{"nodeID":"1357687","text":"AudienceMember 20230112QT14: we want them to come","type":"L","timestamp":"2023-11-09 14:21:07"},{"nodeID":"1357688","text":"Analysing","type":"YA","timestamp":"2023-11-09 14:21:07"},{"nodeID":"1357689","text":"Chris: AudienceMember 20230112QT14: we want them to come","type":"L","timestamp":"2023-11-09 14:21:07"},{"nodeID":"1357690","text":"Asserting","type":"YA","timestamp":"2023-11-09 14:21:07"},{"nodeID":"1357691","text":"Default Inference","type":"RA","timestamp":"2023-11-09 14:21:07"},{"nodeID":"1357692","text":"Default Transition","type":"TA","timestamp":"2023-11-09 14:21:07"},{"nodeID":"1357693","text":"Arguing","type":"YA","timestamp":"2023-11-09 14:21:07"},{"nodeID":"1357694","text":"the people can come to the UK","type":"I","timestamp":"2023-11-09 14:21:08"},{"nodeID":"1357695","text":"AudienceMember 20230112QT14: they can come","type":"L","timestamp":"2023-11-09 14:21:08"},{"nodeID":"1357696","text":"Analysing","type":"YA","timestamp":"2023-11-09 14:21:08"},{"nodeID":"1357697","text":"Chris: AudienceMember 20230112QT14: they can come","type":"L","timestamp":"2023-11-09 14:21:08"},{"nodeID":"1357698","text":"Asserting","type":"YA","timestamp":"2023-11-09 14:21:08"},{"nodeID":"1357699","text":"the people need to come to the UK","type":"I","timestamp":"2023-11-09 14:21:09"},{"nodeID":"1357700","text":"AudienceMember 20230112QT14: they need to come","type":"L","timestamp":"2023-11-09 14:21:09"},{"nodeID":"1357701","text":"Analysing","type":"YA","timestamp":"2023-11-09 14:21:09"},{"nodeID":"1357702","text":"Chris: AudienceMember 20230112QT14: they need to come","type":"L","timestamp":"2023-11-09 14:21:09"},{"nodeID":"1357703","text":"Asserting","type":"YA","timestamp":"2023-11-09 14:21:09"},{"nodeID":"1357704","text":"Default Inference","type":"RA","timestamp":"2023-11-09 14:21:09"},{"nodeID":"1357705","text":"Default Transition","type":"TA","timestamp":"2023-11-09 14:21:09"},{"nodeID":"1357706","text":"we have a problem with people coming across the Channel","type":"I","timestamp":"2023-11-09 14:21:10"},{"nodeID":"1357707","text":"AudienceMember 20230112QT14: we have a problem with people coming across the Channel","type":"L","timestamp":"2023-11-09 14:21:10"},{"nodeID":"1357708","text":"Analysing","type":"YA","timestamp":"2023-11-09 14:21:10"},{"nodeID":"1357709","text":"Chris: AudienceMember 20230112QT14: we have a problem with people coming across the Channel","type":"L","timestamp":"2023-11-09 14:21:10"},{"nodeID":"1357710","text":"Asserting","type":"YA","timestamp":"2023-11-09 14:21:10"},{"nodeID":"1357711","text":"Default Conflict","type":"CA","timestamp":"2023-11-09 14:21:10"},{"nodeID":"1357712","text":"people attempting to cross the Channel disappear","type":"I","timestamp":"2023-11-09 14:21:11"},{"nodeID":"1357713","text":"AudienceMember 20230112QT14: disappearing","type":"L","timestamp":"2023-11-09 14:21:11"},{"nodeID":"1357714","text":"Analysing","type":"YA","timestamp":"2023-11-09 14:21:11"},{"nodeID":"1357715","text":"Chris: AudienceMember 20230112QT14: disappearing","type":"L","timestamp":"2023-11-09 14:21:11"},{"nodeID":"1357716","text":"Asserting","type":"YA","timestamp":"2023-11-09 14:21:11"},{"nodeID":"1357717","text":"Default Inference","type":"RA","timestamp":"2023-11-09 14:21:11"},{"nodeID":"1357718","text":"Default Transition","type":"TA","timestamp":"2023-11-09 14:21:11"},{"nodeID":"1357719","text":"people attempting to cross the Channel die","type":"I","timestamp":"2023-11-09 14:21:12"},{"nodeID":"1357720","text":"AudienceMember 20230112QT14: dying","type":"L","timestamp":"2023-11-09 14:21:12"},{"nodeID":"1357721","text":"Analysing","type":"YA","timestamp":"2023-11-09 14:21:12"},{"nodeID":"1357722","text":"Chris: AudienceMember 20230112QT14: dying","type":"L","timestamp":"2023-11-09 14:21:12"},{"nodeID":"1357723","text":"Asserting","type":"YA","timestamp":"2023-11-09 14:21:12"},{"nodeID":"1357724","text":"Default Transition","type":"TA","timestamp":"2023-11-09 14:21:12"},{"nodeID":"1357725","text":"Default Inference","type":"RA","timestamp":"2023-11-09 14:21:12"},{"nodeID":"1357726","text":"Labour are very quick to criticise the actions of the Government","type":"I","timestamp":"2023-11-09 14:21:13"},{"nodeID":"1357727","text":"AudienceMember 20230112QT15: Labour are very quick to criticise the actions of the Government","type":"L","timestamp":"2023-11-09 14:21:13"},{"nodeID":"1357728","text":"Analysing","type":"YA","timestamp":"2023-11-09 14:21:13"},{"nodeID":"1357729","text":"Chris: AudienceMember 20230112QT15: Labour are very quick to criticise the actions of the Government","type":"L","timestamp":"2023-11-09 14:21:13"},{"nodeID":"1357730","text":"Asserting","type":"YA","timestamp":"2023-11-09 14:21:13"},{"nodeID":"1357731","text":"Default Transition","type":"TA","timestamp":"2023-11-09 14:21:13"},{"nodeID":"1357732","text":"Arguing","type":"YA","timestamp":"2023-11-09 14:21:13"},{"nodeID":"1357733","text":"Arguing","type":"YA","timestamp":"2023-11-09 14:21:13"},{"nodeID":"1357734","text":"Default Transition","type":"TA","timestamp":"2023-11-09 14:21:13"},{"nodeID":"1357735","text":"Disagreeing","type":"YA","timestamp":"2023-11-09 14:21:13"},{"nodeID":"1357736","text":"Mr Rees-Mogg pointed out a very good solution","type":"I","timestamp":"2023-11-09 14:21:14"},{"nodeID":"1357737","text":"AudienceMember 20230112QT15: Mr Rees-Mogg pointed out a very good solution","type":"L","timestamp":"2023-11-09 14:21:14"},{"nodeID":"1357738","text":"Analysing","type":"YA","timestamp":"2023-11-09 14:21:14"},{"nodeID":"1357739","text":"Chris: AudienceMember 20230112QT15: Mr Rees-Mogg pointed out a very good solution","type":"L","timestamp":"2023-11-09 14:21:14"},{"nodeID":"1357740","text":"Asserting","type":"YA","timestamp":"2023-11-09 14:21:14"},{"nodeID":"1357741","text":"Default Transition","type":"TA","timestamp":"2023-11-09 14:21:14"},{"nodeID":"1357742","text":"AudienceMember20230112QT14 thinks the solution is very simple","type":"I","timestamp":"2023-11-09 14:21:15"},{"nodeID":"1357743","text":"AudienceMember 20230112QT15: I think the solution is very simple","type":"L","timestamp":"2023-11-09 14:21:15"},{"nodeID":"1357744","text":"Analysing","type":"YA","timestamp":"2023-11-09 14:21:15"},{"nodeID":"1357745","text":"Chris: AudienceMember 20230112QT15: I think the solution is very simple","type":"L","timestamp":"2023-11-09 14:21:15"},{"nodeID":"1357746","text":"Asserting","type":"YA","timestamp":"2023-11-09 14:21:15"},{"nodeID":"1357747","text":"Default Transition","type":"TA","timestamp":"2023-11-09 14:21:15"},{"nodeID":"1357748","text":"Default Conflict","type":"CA","timestamp":"2023-11-09 14:21:15"},{"nodeID":"1357749","text":"Disagreeing","type":"YA","timestamp":"2023-11-09 14:21:15"},{"nodeID":"1357750","text":"you just don't let these people in","type":"I","timestamp":"2023-11-09 14:21:16"},{"nodeID":"1357751","text":"AudienceMember 20230112QT15: you just don't let these people in","type":"L","timestamp":"2023-11-09 14:21:16"},{"nodeID":"1357752","text":"Analysing","type":"YA","timestamp":"2023-11-09 14:21:16"},{"nodeID":"1357753","text":"Chris: AudienceMember 20230112QT15: you just don't let these people in","type":"L","timestamp":"2023-11-09 14:21:16"},{"nodeID":"1357754","text":"Asserting","type":"YA","timestamp":"2023-11-09 14:21:16"},{"nodeID":"1357755","text":"Default Transition","type":"TA","timestamp":"2023-11-09 14:21:16"},{"nodeID":"1357756","text":"Default Inference","type":"RA","timestamp":"2023-11-09 14:21:16"},{"nodeID":"1357757","text":"Arguing","type":"YA","timestamp":"2023-11-09 14:21:16"},{"nodeID":"1357758","text":"one cannot expect to fix all of the problems we have in this country at the moment","type":"I","timestamp":"2023-11-09 14:21:17"},{"nodeID":"1357759","text":"AudienceMember 20230112QT15: You cannot expect to fix all of the problems we have in this country at the moment","type":"L","timestamp":"2023-11-09 14:21:17"},{"nodeID":"1357760","text":"Analysing","type":"YA","timestamp":"2023-11-09 14:21:17"},{"nodeID":"1357761","text":"Chris: AudienceMember 20230112QT15: You cannot expect to fix all of the problems we have in this country at the moment","type":"L","timestamp":"2023-11-09 14:21:17"},{"nodeID":"1357762","text":"Asserting","type":"YA","timestamp":"2023-11-09 14:21:17"},{"nodeID":"1357763","text":"Default Transition","type":"TA","timestamp":"2023-11-09 14:21:17"},{"nodeID":"1357764","text":"the NHS has problems","type":"I","timestamp":"2023-11-09 14:21:18"},{"nodeID":"1357765","text":"AudienceMember 20230112QT15: the NHS","type":"L","timestamp":"2023-11-09 14:21:18"},{"nodeID":"1357766","text":"Analysing","type":"YA","timestamp":"2023-11-09 14:21:18"},{"nodeID":"1357767","text":"Chris: AudienceMember 20230112QT15: the NHS","type":"L","timestamp":"2023-11-09 14:21:18"},{"nodeID":"1357768","text":"Asserting","type":"YA","timestamp":"2023-11-09 14:21:18"},{"nodeID":"1357769","text":"Default Transition","type":"TA","timestamp":"2023-11-09 14:21:18"},{"nodeID":"1357770","text":"Default Rephrase","type":"MA","timestamp":"2023-11-09 14:21:18"},{"nodeID":"1357771","text":"Restating","type":"YA","timestamp":"2023-11-09 14:21:18"},{"nodeID":"1357772","text":"the train strikes are a problem","type":"I","timestamp":"2023-11-09 14:21:19"},{"nodeID":"1357773","text":"AudienceMember 20230112QT15: the train strikes","type":"L","timestamp":"2023-11-09 14:21:19"},{"nodeID":"1357774","text":"Analysing","type":"YA","timestamp":"2023-11-09 14:21:19"},{"nodeID":"1357775","text":"Chris: AudienceMember 20230112QT15: the train strikes","type":"L","timestamp":"2023-11-09 14:21:19"},{"nodeID":"1357776","text":"Asserting","type":"YA","timestamp":"2023-11-09 14:21:19"},{"nodeID":"1357777","text":"Default Rephrase","type":"MA","timestamp":"2023-11-09 14:21:19"},{"nodeID":"1357778","text":"Default Transition","type":"TA","timestamp":"2023-11-09 14:21:19"},{"nodeID":"1357779","text":"everyone else on strike is a problem","type":"I","timestamp":"2023-11-09 14:21:20"},{"nodeID":"1357780","text":"AudienceMember 20230112QT15: everyone else on strike","type":"L","timestamp":"2023-11-09 14:21:20"},{"nodeID":"1357781","text":"Analysing","type":"YA","timestamp":"2023-11-09 14:21:20"},{"nodeID":"1357782","text":"Chris: AudienceMember 20230112QT15: everyone else on strike","type":"L","timestamp":"2023-11-09 14:21:20"},{"nodeID":"1357783","text":"Asserting","type":"YA","timestamp":"2023-11-09 14:21:20"},{"nodeID":"1357784","text":"Default Transition","type":"TA","timestamp":"2023-11-09 14:21:20"},{"nodeID":"1357785","text":"Default Rephrase","type":"MA","timestamp":"2023-11-09 14:21:20"},{"nodeID":"1357786","text":"Restating","type":"YA","timestamp":"2023-11-09 14:21:20"},{"nodeID":"1357787","text":"Restating","type":"YA","timestamp":"2023-11-09 14:21:20"},{"nodeID":"1357788","text":"invite all these people in at the same time","type":"I","timestamp":"2023-11-09 14:21:21"},{"nodeID":"1357789","text":"AudienceMember 20230112QT15: invite all these people in at the same time","type":"L","timestamp":"2023-11-09 14:21:21"},{"nodeID":"1357790","text":"Analysing","type":"YA","timestamp":"2023-11-09 14:21:21"},{"nodeID":"1357791","text":"Chris: AudienceMember 20230112QT15: invite all these people in at the same time","type":"L","timestamp":"2023-11-09 14:21:21"},{"nodeID":"1357792","text":"Asserting","type":"YA","timestamp":"2023-11-09 14:21:21"},{"nodeID":"1357793","text":"Default Inference","type":"RA","timestamp":"2023-11-09 14:21:21"},{"nodeID":"1357794","text":"Default Transition","type":"TA","timestamp":"2023-11-09 14:21:21"},{"nodeID":"1357795","text":"Arguing","type":"YA","timestamp":"2023-11-09 14:21:21"},{"nodeID":"1357796","text":"on no grounds whatsoever, let them in","type":"I","timestamp":"2023-11-09 14:21:22"},{"nodeID":"1357797","text":"Fiona Bruce: on no grounds whatsoever, let them in","type":"L","timestamp":"2023-11-09 14:21:22"},{"nodeID":"1357798","text":"Analysing","type":"YA","timestamp":"2023-11-09 14:21:22"},{"nodeID":"1357799","text":"Chris: Fiona Bruce: on no grounds whatsoever, let them in","type":"L","timestamp":"2023-11-09 14:21:22"},{"nodeID":"1357800","text":"Assertive Questioning","type":"YA","timestamp":"2023-11-09 14:21:22"},{"nodeID":"1357801","text":"Default Transition","type":"TA","timestamp":"2023-11-09 14:21:22"},{"nodeID":"1357802","text":"we need to sort ourselves out first","type":"I","timestamp":"2023-11-09 14:21:23"},{"nodeID":"1357803","text":"AudienceMember 20230112QT15: we need to sort ourselves out first","type":"L","timestamp":"2023-11-09 14:21:23"},{"nodeID":"1357804","text":"Analysing","type":"YA","timestamp":"2023-11-09 14:21:23"},{"nodeID":"1357805","text":"Chris: AudienceMember 20230112QT15: we need to sort ourselves out first","type":"L","timestamp":"2023-11-09 14:21:23"},{"nodeID":"1357806","text":"Asserting","type":"YA","timestamp":"2023-11-09 14:21:23"},{"nodeID":"1357807","text":"Default Transition","type":"TA","timestamp":"2023-11-09 14:21:23"},{"nodeID":"1357808","text":"Agreeing","type":"YA","timestamp":"2023-11-09 14:21:23"},{"nodeID":"1357809","text":"Agreeing","type":"YA","timestamp":"2023-11-09 14:21:23"},{"nodeID":"1357810","text":"take the log out of our eye before we try and take the twig out of someone else's","type":"I","timestamp":"2023-11-09 14:21:24"},{"nodeID":"1357811","text":"AudienceMember 20230112QT15: take the log out of our eye before we try and take the twig out of someone else's","type":"L","timestamp":"2023-11-09 14:21:24"},{"nodeID":"1357812","text":"Analysing","type":"YA","timestamp":"2023-11-09 14:21:24"},{"nodeID":"1357813","text":"Chris: AudienceMember 20230112QT15: take the log out of our eye before we try and take the twig out of someone else's","type":"L","timestamp":"2023-11-09 14:21:24"},{"nodeID":"1357814","text":"Asserting","type":"YA","timestamp":"2023-11-09 14:21:24"},{"nodeID":"1357815","text":"Default Transition","type":"TA","timestamp":"2023-11-09 14:21:24"},{"nodeID":"1357816","text":"Default Rephrase","type":"MA","timestamp":"2023-11-09 14:21:24"},{"nodeID":"1357817","text":"Restating","type":"YA","timestamp":"2023-11-09 14:21:24"},{"nodeID":"1357818","text":"Default Transition","type":"TA","timestamp":"2023-11-09 14:21:24"},{"nodeID":"1357819","text":"Arguing","type":"YA","timestamp":"2023-11-09 14:21:24"}],"edges":[{"edgeID":"1777465","fromID":"1357673","toID":"1357672","formEdgeID":null},{"edgeID":"1777466","fromID":"1357674","toID":"1357673","formEdgeID":null},{"edgeID":"1777467","fromID":"1357672","toID":"1357675","formEdgeID":null},{"edgeID":"1777468","fromID":"1357675","toID":"1357671","formEdgeID":null},{"edgeID":"1777469","fromID":"1357677","toID":"1357676","formEdgeID":null},{"edgeID":"1777470","fromID":"1357678","toID":"1357677","formEdgeID":null},{"edgeID":"1777471","fromID":"1357672","toID":"1357679","formEdgeID":null},{"edgeID":"1777472","fromID":"1357679","toID":"1357676","formEdgeID":null},{"edgeID":"1777473","fromID":"1357682","toID":"1357681","formEdgeID":null},{"edgeID":"1777474","fromID":"1357683","toID":"1357682","formEdgeID":null},{"edgeID":"1777475","fromID":"1357681","toID":"1357684","formEdgeID":null},{"edgeID":"1777476","fromID":"1357684","toID":"1357680","formEdgeID":null},{"edgeID":"1777477","fromID":"1357680","toID":"1357685","formEdgeID":null},{"edgeID":"1777478","fromID":"1357685","toID":"1357671","formEdgeID":null},{"edgeID":"1777479","fromID":"1357688","toID":"1357687","formEdgeID":null},{"edgeID":"1777480","fromID":"1357689","toID":"1357688","formEdgeID":null},{"edgeID":"1777481","fromID":"1357687","toID":"1357690","formEdgeID":null},{"edgeID":"1777482","fromID":"1357690","toID":"1357686","formEdgeID":null},{"edgeID":"1777483","fromID":"1357686","toID":"1357691","formEdgeID":null},{"edgeID":"1777484","fromID":"1357691","toID":"1357680","formEdgeID":null},{"edgeID":"1777485","fromID":"1357681","toID":"1357692","formEdgeID":null},{"edgeID":"1777486","fromID":"1357692","toID":"1357687","formEdgeID":null},{"edgeID":"1777487","fromID":"1357692","toID":"1357693","formEdgeID":null},{"edgeID":"1777488","fromID":"1357693","toID":"1357691","formEdgeID":null},{"edgeID":"1777489","fromID":"1357696","toID":"1357695","formEdgeID":null},{"edgeID":"1777490","fromID":"1357697","toID":"1357696","formEdgeID":null},{"edgeID":"1777491","fromID":"1357695","toID":"1357698","formEdgeID":null},{"edgeID":"1777492","fromID":"1357698","toID":"1357694","formEdgeID":null},{"edgeID":"1777493","fromID":"1357701","toID":"1357700","formEdgeID":null},{"edgeID":"1777494","fromID":"1357702","toID":"1357701","formEdgeID":null},{"edgeID":"1777495","fromID":"1357700","toID":"1357703","formEdgeID":null},{"edgeID":"1777496","fromID":"1357703","toID":"1357699","formEdgeID":null},{"edgeID":"1777497","fromID":"1357694","toID":"1357704","formEdgeID":null},{"edgeID":"1777498","fromID":"1357704","toID":"1357680","formEdgeID":null},{"edgeID":"1777499","fromID":"1357699","toID":"1357704","formEdgeID":null},{"edgeID":"1777500","fromID":"1357681","toID":"1357705","formEdgeID":null},{"edgeID":"1777501","fromID":"1357705","toID":"1357695","formEdgeID":null},{"edgeID":"1777502","fromID":"1357708","toID":"1357707","formEdgeID":null},{"edgeID":"1777503","fromID":"1357709","toID":"1357708","formEdgeID":null},{"edgeID":"1777504","fromID":"1357707","toID":"1357710","formEdgeID":null},{"edgeID":"1777505","fromID":"1357710","toID":"1357706","formEdgeID":null},{"edgeID":"1777506","fromID":"1357706","toID":"1357711","formEdgeID":null},{"edgeID":"1777507","fromID":"1357711","toID":"1357680","formEdgeID":null},{"edgeID":"1777508","fromID":"1357714","toID":"1357713","formEdgeID":null},{"edgeID":"1777509","fromID":"1357715","toID":"1357714","formEdgeID":null},{"edgeID":"1777510","fromID":"1357713","toID":"1357716","formEdgeID":null},{"edgeID":"1777511","fromID":"1357716","toID":"1357712","formEdgeID":null},{"edgeID":"1777512","fromID":"1357712","toID":"1357717","formEdgeID":null},{"edgeID":"1777513","fromID":"1357717","toID":"1357706","formEdgeID":null},{"edgeID":"1777514","fromID":"1357707","toID":"1357718","formEdgeID":null},{"edgeID":"1777515","fromID":"1357718","toID":"1357713","formEdgeID":null},{"edgeID":"1777516","fromID":"1357721","toID":"1357720","formEdgeID":null},{"edgeID":"1777517","fromID":"1357722","toID":"1357721","formEdgeID":null},{"edgeID":"1777518","fromID":"1357720","toID":"1357723","formEdgeID":null},{"edgeID":"1777519","fromID":"1357723","toID":"1357719","formEdgeID":null},{"edgeID":"1777520","fromID":"1357707","toID":"1357724","formEdgeID":null},{"edgeID":"1777521","fromID":"1357724","toID":"1357720","formEdgeID":null},{"edgeID":"1777522","fromID":"1357719","toID":"1357725","formEdgeID":null},{"edgeID":"1777523","fromID":"1357725","toID":"1357706","formEdgeID":null},{"edgeID":"1777524","fromID":"1357728","toID":"1357727","formEdgeID":null},{"edgeID":"1777525","fromID":"1357729","toID":"1357728","formEdgeID":null},{"edgeID":"1777526","fromID":"1357727","toID":"1357730","formEdgeID":null},{"edgeID":"1777527","fromID":"1357730","toID":"1357726","formEdgeID":null},{"edgeID":"1777528","fromID":"1357720","toID":"1357731","formEdgeID":null},{"edgeID":"1777529","fromID":"1357731","toID":"1357727","formEdgeID":null},{"edgeID":"1777530","fromID":"1357718","toID":"1357732","formEdgeID":null},{"edgeID":"1777531","fromID":"1357732","toID":"1357717","formEdgeID":null},{"edgeID":"1777532","fromID":"1357724","toID":"1357733","formEdgeID":null},{"edgeID":"1777533","fromID":"1357733","toID":"1357725","formEdgeID":null},{"edgeID":"1777534","fromID":"1357681","toID":"1357734","formEdgeID":null},{"edgeID":"1777535","fromID":"1357734","toID":"1357707","formEdgeID":null},{"edgeID":"1777536","fromID":"1357734","toID":"1357735","formEdgeID":null},{"edgeID":"1777537","fromID":"1357735","toID":"1357711","formEdgeID":null},{"edgeID":"1777538","fromID":"1357738","toID":"1357737","formEdgeID":null},{"edgeID":"1777539","fromID":"1357739","toID":"1357738","formEdgeID":null},{"edgeID":"1777540","fromID":"1357737","toID":"1357740","formEdgeID":null},{"edgeID":"1777541","fromID":"1357740","toID":"1357736","formEdgeID":null},{"edgeID":"1777542","fromID":"1357727","toID":"1357741","formEdgeID":null},{"edgeID":"1777543","fromID":"1357741","toID":"1357737","formEdgeID":null},{"edgeID":"1777544","fromID":"1357744","toID":"1357743","formEdgeID":null},{"edgeID":"1777545","fromID":"1357745","toID":"1357744","formEdgeID":null},{"edgeID":"1777546","fromID":"1357743","toID":"1357746","formEdgeID":null},{"edgeID":"1777547","fromID":"1357746","toID":"1357742","formEdgeID":null},{"edgeID":"1777548","fromID":"1357737","toID":"1357747","formEdgeID":null},{"edgeID":"1777549","fromID":"1357747","toID":"1357743","formEdgeID":null},{"edgeID":"1777550","fromID":"1357742","toID":"1357748","formEdgeID":null},{"edgeID":"1777551","fromID":"1357748","toID":"1357736","formEdgeID":null},{"edgeID":"1777552","fromID":"1357747","toID":"1357749","formEdgeID":null},{"edgeID":"1777553","fromID":"1357749","toID":"1357748","formEdgeID":null},{"edgeID":"1777554","fromID":"1357752","toID":"1357751","formEdgeID":null},{"edgeID":"1777555","fromID":"1357753","toID":"1357752","formEdgeID":null},{"edgeID":"1777556","fromID":"1357751","toID":"1357754","formEdgeID":null},{"edgeID":"1777557","fromID":"1357754","toID":"1357750","formEdgeID":null},{"edgeID":"1777558","fromID":"1357743","toID":"1357755","formEdgeID":null},{"edgeID":"1777559","fromID":"1357755","toID":"1357751","formEdgeID":null},{"edgeID":"1777560","fromID":"1357750","toID":"1357756","formEdgeID":null},{"edgeID":"1777561","fromID":"1357756","toID":"1357742","formEdgeID":null},{"edgeID":"1777562","fromID":"1357755","toID":"1357757","formEdgeID":null},{"edgeID":"1777563","fromID":"1357757","toID":"1357756","formEdgeID":null},{"edgeID":"1777564","fromID":"1357760","toID":"1357759","formEdgeID":null},{"edgeID":"1777565","fromID":"1357761","toID":"1357760","formEdgeID":null},{"edgeID":"1777566","fromID":"1357759","toID":"1357762","formEdgeID":null},{"edgeID":"1777567","fromID":"1357762","toID":"1357758","formEdgeID":null},{"edgeID":"1777568","fromID":"1357751","toID":"1357763","formEdgeID":null},{"edgeID":"1777569","fromID":"1357763","toID":"1357759","formEdgeID":null},{"edgeID":"1777570","fromID":"1357766","toID":"1357765","formEdgeID":null},{"edgeID":"1777571","fromID":"1357767","toID":"1357766","formEdgeID":null},{"edgeID":"1777572","fromID":"1357765","toID":"1357768","formEdgeID":null},{"edgeID":"1777573","fromID":"1357768","toID":"1357764","formEdgeID":null},{"edgeID":"1777574","fromID":"1357759","toID":"1357769","formEdgeID":null},{"edgeID":"1777575","fromID":"1357769","toID":"1357765","formEdgeID":null},{"edgeID":"1777576","fromID":"1357764","toID":"1357770","formEdgeID":null},{"edgeID":"1777577","fromID":"1357770","toID":"1357758","formEdgeID":null},{"edgeID":"1777578","fromID":"1357769","toID":"1357771","formEdgeID":null},{"edgeID":"1777579","fromID":"1357771","toID":"1357770","formEdgeID":null},{"edgeID":"1777580","fromID":"1357774","toID":"1357773","formEdgeID":null},{"edgeID":"1777581","fromID":"1357775","toID":"1357774","formEdgeID":null},{"edgeID":"1777582","fromID":"1357773","toID":"1357776","formEdgeID":null},{"edgeID":"1777583","fromID":"1357776","toID":"1357772","formEdgeID":null},{"edgeID":"1777584","fromID":"1357772","toID":"1357777","formEdgeID":null},{"edgeID":"1777585","fromID":"1357777","toID":"1357758","formEdgeID":null},{"edgeID":"1777586","fromID":"1357759","toID":"1357778","formEdgeID":null},{"edgeID":"1777587","fromID":"1357778","toID":"1357773","formEdgeID":null},{"edgeID":"1777588","fromID":"1357781","toID":"1357780","formEdgeID":null},{"edgeID":"1777589","fromID":"1357782","toID":"1357781","formEdgeID":null},{"edgeID":"1777590","fromID":"1357780","toID":"1357783","formEdgeID":null},{"edgeID":"1777591","fromID":"1357783","toID":"1357779","formEdgeID":null},{"edgeID":"1777592","fromID":"1357759","toID":"1357784","formEdgeID":null},{"edgeID":"1777593","fromID":"1357784","toID":"1357780","formEdgeID":null},{"edgeID":"1777594","fromID":"1357779","toID":"1357785","formEdgeID":null},{"edgeID":"1777595","fromID":"1357785","toID":"1357758","formEdgeID":null},{"edgeID":"1777596","fromID":"1357784","toID":"1357786","formEdgeID":null},{"edgeID":"1777597","fromID":"1357786","toID":"1357785","formEdgeID":null},{"edgeID":"1777598","fromID":"1357778","toID":"1357787","formEdgeID":null},{"edgeID":"1777599","fromID":"1357787","toID":"1357777","formEdgeID":null},{"edgeID":"1777600","fromID":"1357790","toID":"1357789","formEdgeID":null},{"edgeID":"1777601","fromID":"1357791","toID":"1357790","formEdgeID":null},{"edgeID":"1777602","fromID":"1357789","toID":"1357792","formEdgeID":null},{"edgeID":"1777603","fromID":"1357792","toID":"1357788","formEdgeID":null},{"edgeID":"1777604","fromID":"1357758","toID":"1357793","formEdgeID":null},{"edgeID":"1777605","fromID":"1357793","toID":"1357750","formEdgeID":null},{"edgeID":"1777606","fromID":"1357788","toID":"1357793","formEdgeID":null},{"edgeID":"1777607","fromID":"1357751","toID":"1357794","formEdgeID":null},{"edgeID":"1777608","fromID":"1357794","toID":"1357789","formEdgeID":null},{"edgeID":"1777609","fromID":"1357794","toID":"1357795","formEdgeID":null},{"edgeID":"1777610","fromID":"1357795","toID":"1357793","formEdgeID":null},{"edgeID":"1777611","fromID":"1357798","toID":"1357797","formEdgeID":null},{"edgeID":"1777612","fromID":"1357799","toID":"1357798","formEdgeID":null},{"edgeID":"1777613","fromID":"1357797","toID":"1357800","formEdgeID":null},{"edgeID":"1777614","fromID":"1357800","toID":"1357796","formEdgeID":null},{"edgeID":"1777615","fromID":"1357789","toID":"1357801","formEdgeID":null},{"edgeID":"1777616","fromID":"1357801","toID":"1357797","formEdgeID":null},{"edgeID":"1777617","fromID":"1357804","toID":"1357803","formEdgeID":null},{"edgeID":"1777618","fromID":"1357805","toID":"1357804","formEdgeID":null},{"edgeID":"1777619","fromID":"1357803","toID":"1357806","formEdgeID":null},{"edgeID":"1777620","fromID":"1357806","toID":"1357802","formEdgeID":null},{"edgeID":"1777621","fromID":"1357797","toID":"1357807","formEdgeID":null},{"edgeID":"1777622","fromID":"1357807","toID":"1357803","formEdgeID":null},{"edgeID":"1777623","fromID":"1357807","toID":"1357808","formEdgeID":null},{"edgeID":"1777624","fromID":"1357808","toID":"1357796","formEdgeID":null},{"edgeID":"1777625","fromID":"1357679","toID":"1357809","formEdgeID":null},{"edgeID":"1777626","fromID":"1357809","toID":"1357671","formEdgeID":null},{"edgeID":"1777627","fromID":"1357812","toID":"1357811","formEdgeID":null},{"edgeID":"1777628","fromID":"1357813","toID":"1357812","formEdgeID":null},{"edgeID":"1777629","fromID":"1357811","toID":"1357814","formEdgeID":null},{"edgeID":"1777630","fromID":"1357814","toID":"1357810","formEdgeID":null},{"edgeID":"1777631","fromID":"1357803","toID":"1357815","formEdgeID":null},{"edgeID":"1777632","fromID":"1357815","toID":"1357811","formEdgeID":null},{"edgeID":"1777633","fromID":"1357810","toID":"1357816","formEdgeID":null},{"edgeID":"1777634","fromID":"1357816","toID":"1357802","formEdgeID":null},{"edgeID":"1777635","fromID":"1357815","toID":"1357817","formEdgeID":null},{"edgeID":"1777636","fromID":"1357817","toID":"1357816","formEdgeID":null},{"edgeID":"1777637","fromID":"1357695","toID":"1357818","formEdgeID":null},{"edgeID":"1777638","fromID":"1357818","toID":"1357700","formEdgeID":null},{"edgeID":"1777639","fromID":"1357818","toID":"1357819","formEdgeID":null},{"edgeID":"1777640","fromID":"1357819","toID":"1357704","formEdgeID":null}],"locutions":[]}