{"nodes":[{"nodeID":"898998","text":"we believe in doing no harm","type":"I","timestamp":"2022-02-10 21:18:34"},{"nodeID":"899005","text":"of course, it's important to take a vaccine","type":"I","timestamp":"2022-02-10 21:18:36"},{"nodeID":"899014","text":"she's going to die","type":"I","timestamp":"2022-02-10 21:18:40"},{"nodeID":"1285661","text":"there isn't a single drug or vaccine that doesn't have a list of the most common and serious side effects","type":"I","timestamp":"2023-11-09 12:35:09"},{"nodeID":"1285662","text":"Rosena Allin-Khan: There isn't a single drug or vaccine that doesn't have one","type":"L","timestamp":"2023-11-09 12:35:09"},{"nodeID":"1285663","text":"Analysing","type":"YA","timestamp":"2023-11-09 12:35:09"},{"nodeID":"1285664","text":"Nicole: Rosena Allin-Khan: There isn't a single drug or vaccine that doesn't have one","type":"L","timestamp":"2023-11-09 12:35:09"},{"nodeID":"1285665","text":"Asserting","type":"YA","timestamp":"2023-11-09 12:35:09"},{"nodeID":"1285666","text":"what Rosena Allin-Khan can tell you is the devastation and heartbreak of working in an intensive care where you see row after row after row of patient fighting for their life","type":"I","timestamp":"2023-11-09 12:35:09"},{"nodeID":"1285667","text":"Rosena Allin-Khan: What I can tell you is the devastation and heartbreak of working in an intensive care where you see row after row after row of patient fighting for their life","type":"L","timestamp":"2023-11-09 12:35:09"},{"nodeID":"1285668","text":"Analysing","type":"YA","timestamp":"2023-11-09 12:35:09"},{"nodeID":"1285669","text":"Nicole: Rosena Allin-Khan: What I can tell you is the devastation and heartbreak of working in an intensive care where you see row after row after row of patient fighting for their life","type":"L","timestamp":"2023-11-09 12:35:09"},{"nodeID":"1285670","text":"Asserting","type":"YA","timestamp":"2023-11-09 12:35:09"},{"nodeID":"1285671","text":"Default Transition","type":"TA","timestamp":"2023-11-09 12:35:09"},{"nodeID":"1285672","text":"where you then have to pick up the phone and communicate with their loved-ones and pass on messages","type":"I","timestamp":"2023-11-09 12:35:10"},{"nodeID":"1285673","text":"Rosena Allin-Khan: Where you then have to pick up the phone and communicate with their loved-ones and pass on messages","type":"L","timestamp":"2023-11-09 12:35:10"},{"nodeID":"1285674","text":"Analysing","type":"YA","timestamp":"2023-11-09 12:35:10"},{"nodeID":"1285675","text":"Nicole: Rosena Allin-Khan: Where you then have to pick up the phone and communicate with their loved-ones and pass on messages","type":"L","timestamp":"2023-11-09 12:35:10"},{"nodeID":"1285676","text":"Asserting","type":"YA","timestamp":"2023-11-09 12:35:10"},{"nodeID":"1285677","text":"Default Transition","type":"TA","timestamp":"2023-11-09 12:35:10"},{"nodeID":"1285678","text":"if there is anything, anything, that can be done to spare people that visceral palpable pain, it should be done","type":"I","timestamp":"2023-11-09 12:35:10"},{"nodeID":"1285679","text":"Rosena Allin-Khan: If there is anything, anything, that can be done to spare people that visceral palpable pain, I think it should be done","type":"L","timestamp":"2023-11-09 12:35:10"},{"nodeID":"1285680","text":"Analysing","type":"YA","timestamp":"2023-11-09 12:35:10"},{"nodeID":"1285681","text":"Nicole: Rosena Allin-Khan: If there is anything, anything, that can be done to spare people that visceral palpable pain, I think it should be done","type":"L","timestamp":"2023-11-09 12:35:10"},{"nodeID":"1285682","text":"Asserting","type":"YA","timestamp":"2023-11-09 12:35:10"},{"nodeID":"1285683","text":"Default Transition","type":"TA","timestamp":"2023-11-09 12:35:10"},{"nodeID":"1285684","text":"the point about NHS staff, the principal of when you go to Medical School or you study to be a nurse or a physio or anything within our NHS, is it's actually a vocation not a job","type":"I","timestamp":"2023-11-09 12:35:11"},{"nodeID":"1285685","text":"Rosena Allin-Khan: the point about NHS staff, the principal of when you go to Medical School or you study to be a nurse or a physio or anything within our NHS, is it's actually a vocation not a job","type":"L","timestamp":"2023-11-09 12:35:11"},{"nodeID":"1285686","text":"Analysing","type":"YA","timestamp":"2023-11-09 12:35:11"},{"nodeID":"1285687","text":"Nicole: Rosena Allin-Khan: the point about NHS staff, the principal of when you go to Medical School or you study to be a nurse or a physio or anything within our NHS, is it's actually a vocation not a job","type":"L","timestamp":"2023-11-09 12:35:11"},{"nodeID":"1285688","text":"Asserting","type":"YA","timestamp":"2023-11-09 12:35:11"},{"nodeID":"1285689","text":"Default Transition","type":"TA","timestamp":"2023-11-09 12:35:11"},{"nodeID":"1285690","text":"Rosena Allin-Khan: We believe in doing no harm","type":"L","timestamp":"2023-11-09 12:35:12"},{"nodeID":"1285691","text":"Analysing","type":"YA","timestamp":"2023-11-09 12:35:12"},{"nodeID":"1285692","text":"Nicole: Rosena Allin-Khan: We believe in doing no harm","type":"L","timestamp":"2023-11-09 12:35:12"},{"nodeID":"1285693","text":"Asserting","type":"YA","timestamp":"2023-11-09 12:35:12"},{"nodeID":"1285694","text":"Default Transition","type":"TA","timestamp":"2023-11-09 12:35:12"},{"nodeID":"1285695","text":"Rosena Allin-Khan: Of course, it's important to take a vaccine","type":"L","timestamp":"2023-11-09 12:35:12"},{"nodeID":"1285696","text":"Analysing","type":"YA","timestamp":"2023-11-09 12:35:12"},{"nodeID":"1285697","text":"Nicole: Rosena Allin-Khan: Of course, it's important to take a vaccine","type":"L","timestamp":"2023-11-09 12:35:12"},{"nodeID":"1285698","text":"Asserting","type":"YA","timestamp":"2023-11-09 12:35:12"},{"nodeID":"1285699","text":"Default Transition","type":"TA","timestamp":"2023-11-09 12:35:12"},{"nodeID":"1285700","text":"you don't want to harm your patients","type":"I","timestamp":"2023-11-09 12:35:13"},{"nodeID":"1285701","text":"Rosena Allin-Khan: you don't want to harm your patients","type":"L","timestamp":"2023-11-09 12:35:13"},{"nodeID":"1285702","text":"Analysing","type":"YA","timestamp":"2023-11-09 12:35:13"},{"nodeID":"1285703","text":"Nicole: Rosena Allin-Khan: you don't want to harm your patients","type":"L","timestamp":"2023-11-09 12:35:13"},{"nodeID":"1285704","text":"Asserting","type":"YA","timestamp":"2023-11-09 12:35:13"},{"nodeID":"1285705","text":"Default Transition","type":"TA","timestamp":"2023-11-09 12:35:13"},{"nodeID":"1285706","text":"Default Inference","type":"RA","timestamp":"2023-11-09 12:35:13"},{"nodeID":"1285707","text":"Arguing","type":"YA","timestamp":"2023-11-09 12:35:13"},{"nodeID":"1285708","text":"it's also important to understand how essential proper staffing levels are","type":"I","timestamp":"2023-11-09 12:35:13"},{"nodeID":"1285709","text":"Rosena Allin-Khan: it's also important to understand how essential proper staffing levels are","type":"L","timestamp":"2023-11-09 12:35:13"},{"nodeID":"1285710","text":"Analysing","type":"YA","timestamp":"2023-11-09 12:35:13"},{"nodeID":"1285711","text":"Nicole: Rosena Allin-Khan: it's also important to understand how essential proper staffing levels are","type":"L","timestamp":"2023-11-09 12:35:13"},{"nodeID":"1285712","text":"Asserting","type":"YA","timestamp":"2023-11-09 12:35:13"},{"nodeID":"1285713","text":"Default Transition","type":"TA","timestamp":"2023-11-09 12:35:13"},{"nodeID":"1285714","text":"you lose any more staff","type":"I","timestamp":"2023-11-09 12:35:14"},{"nodeID":"1285715","text":"Rosena Allin-Khan: you lose any more staff","type":"L","timestamp":"2023-11-09 12:35:14"},{"nodeID":"1285716","text":"Analysing","type":"YA","timestamp":"2023-11-09 12:35:14"},{"nodeID":"1285717","text":"Nicole: Rosena Allin-Khan: you lose any more staff","type":"L","timestamp":"2023-11-09 12:35:14"},{"nodeID":"1285718","text":"Asserting","type":"YA","timestamp":"2023-11-09 12:35:14"},{"nodeID":"1285719","text":"Default Transition","type":"TA","timestamp":"2023-11-09 12:35:14"},{"nodeID":"1285720","text":"we came into the pandemic 100,000 NHS staff short","type":"I","timestamp":"2023-11-09 12:35:15"},{"nodeID":"1285721","text":"Rosena Allin-Khan: we came into the pandemic 100,000 NHS staff short","type":"L","timestamp":"2023-11-09 12:35:15"},{"nodeID":"1285722","text":"Analysing","type":"YA","timestamp":"2023-11-09 12:35:15"},{"nodeID":"1285723","text":"Nicole: Rosena Allin-Khan: we came into the pandemic 100,000 NHS staff short","type":"L","timestamp":"2023-11-09 12:35:15"},{"nodeID":"1285724","text":"Asserting","type":"YA","timestamp":"2023-11-09 12:35:15"},{"nodeID":"1285725","text":"Default Inference","type":"RA","timestamp":"2023-11-09 12:35:15"},{"nodeID":"1285726","text":"Default Transition","type":"TA","timestamp":"2023-11-09 12:35:15"},{"nodeID":"1285727","text":"Default Inference","type":"RA","timestamp":"2023-11-09 12:35:15"},{"nodeID":"1285728","text":"Arguing","type":"YA","timestamp":"2023-11-09 12:35:15"},{"nodeID":"1285729","text":"we lost last year between July and October 27,000 staff in the NHS due to mental ill health","type":"I","timestamp":"2023-11-09 12:35:15"},{"nodeID":"1285730","text":"Rosena Allin-Khan: We lost last year between July and October 27,000 staff in the NHS due to mental ill health","type":"L","timestamp":"2023-11-09 12:35:15"},{"nodeID":"1285731","text":"Analysing","type":"YA","timestamp":"2023-11-09 12:35:15"},{"nodeID":"1285732","text":"Nicole: Rosena Allin-Khan: We lost last year between July and October 27,000 staff in the NHS due to mental ill health","type":"L","timestamp":"2023-11-09 12:35:15"},{"nodeID":"1285733","text":"Asserting","type":"YA","timestamp":"2023-11-09 12:35:15"},{"nodeID":"1285734","text":"Default Transition","type":"TA","timestamp":"2023-11-09 12:35:15"},{"nodeID":"1285735","text":"Arguing","type":"YA","timestamp":"2023-11-09 12:35:15"},{"nodeID":"1285736","text":"you are bringing your mum into the A&E, of a night, and she cannot get her stroke treatment within a four hour window","type":"I","timestamp":"2023-11-09 12:35:16"},{"nodeID":"1285737","text":"Rosena Allin-Khan: you are bringing your mum into the A&E, of a night, and she cannot get her stroke treatment within a four hour window","type":"L","timestamp":"2023-11-09 12:35:16"},{"nodeID":"1285738","text":"Analysing","type":"YA","timestamp":"2023-11-09 12:35:16"},{"nodeID":"1285739","text":"Nicole: Rosena Allin-Khan: you are bringing your mum into the A&E, of a night, and she cannot get her stroke treatment within a four hour window","type":"L","timestamp":"2023-11-09 12:35:16"},{"nodeID":"1285740","text":"Asserting","type":"YA","timestamp":"2023-11-09 12:35:16"},{"nodeID":"1285741","text":"there are no staff","type":"I","timestamp":"2023-11-09 12:35:17"},{"nodeID":"1285742","text":"Rosena Allin-Khan: there are no staff","type":"L","timestamp":"2023-11-09 12:35:17"},{"nodeID":"1285743","text":"Analysing","type":"YA","timestamp":"2023-11-09 12:35:17"},{"nodeID":"1285744","text":"Nicole: Rosena Allin-Khan: there are no staff","type":"L","timestamp":"2023-11-09 12:35:17"},{"nodeID":"1285745","text":"Asserting","type":"YA","timestamp":"2023-11-09 12:35:17"},{"nodeID":"1285746","text":"Rosena Allin-Khan: she's going to die","type":"L","timestamp":"2023-11-09 12:35:17"},{"nodeID":"1285747","text":"Analysing","type":"YA","timestamp":"2023-11-09 12:35:17"},{"nodeID":"1285748","text":"Nicole: Rosena Allin-Khan: she's going to die","type":"L","timestamp":"2023-11-09 12:35:17"},{"nodeID":"1285749","text":"Asserting","type":"YA","timestamp":"2023-11-09 12:35:17"},{"nodeID":"1285750","text":"Default Transition","type":"TA","timestamp":"2023-11-09 12:35:17"},{"nodeID":"1285751","text":"Default Transition","type":"TA","timestamp":"2023-11-09 12:35:17"},{"nodeID":"1285752","text":"Default Inference","type":"RA","timestamp":"2023-11-09 12:35:17"},{"nodeID":"1285753","text":"Arguing","type":"YA","timestamp":"2023-11-09 12:35:17"},{"nodeID":"1285754","text":"Default Inference","type":"RA","timestamp":"2023-11-09 12:35:17"},{"nodeID":"1285755","text":"Default Transition","type":"TA","timestamp":"2023-11-09 12:35:17"},{"nodeID":"1285756","text":"Arguing","type":"YA","timestamp":"2023-11-09 12:35:17"},{"nodeID":"1285757","text":"when we look at the principle of do no harm, we have to understand there's a workforce issue at the same time","type":"I","timestamp":"2023-11-09 12:35:18"},{"nodeID":"1285758","text":"Rosena Allin-Khan: when we look at the principle of do no harm, we have to understand there's a workforce issue at the same time","type":"L","timestamp":"2023-11-09 12:35:18"},{"nodeID":"1285759","text":"Analysing","type":"YA","timestamp":"2023-11-09 12:35:18"},{"nodeID":"1285760","text":"Nicole: Rosena Allin-Khan: when we look at the principle of do no harm, we have to understand there's a workforce issue at the same time","type":"L","timestamp":"2023-11-09 12:35:18"},{"nodeID":"1285761","text":"Asserting","type":"YA","timestamp":"2023-11-09 12:35:18"},{"nodeID":"1285762","text":"Default Inference","type":"RA","timestamp":"2023-11-09 12:35:18"},{"nodeID":"1285763","text":"Arguing","type":"YA","timestamp":"2023-11-09 12:35:18"},{"nodeID":"1285764","text":"Default Rephrase","type":"MA","timestamp":"2023-11-09 12:35:18"},{"nodeID":"1285765","text":"Restating","type":"YA","timestamp":"2023-11-09 12:35:18"},{"nodeID":"1285766","text":"Default Transition","type":"TA","timestamp":"2023-11-09 12:35:18"},{"nodeID":"1285767","text":"Default Transition","type":"TA","timestamp":"2023-11-09 12:35:18"},{"nodeID":"1285768","text":"Default Rephrase","type":"MA","timestamp":"2023-11-09 12:35:18"},{"nodeID":"1285769","text":"Restating","type":"YA","timestamp":"2023-11-09 12:35:18"},{"nodeID":"1285770","text":"Default Transition","type":"TA","timestamp":"2023-11-09 12:35:18"},{"nodeID":"1285771","text":"Default Inference","type":"RA","timestamp":"2023-11-09 12:35:18"},{"nodeID":"1285772","text":"Arguing","type":"YA","timestamp":"2023-11-09 12:35:18"},{"nodeID":"1285773","text":"Default Transition","type":"TA","timestamp":"2023-11-09 12:35:18"},{"nodeID":"1285774","text":"Default Transition","type":"TA","timestamp":"2023-11-09 12:35:18"}],"edges":[{"edgeID":"1691244","fromID":"1285663","toID":"1285662","formEdgeID":null},{"edgeID":"1691245","fromID":"1285664","toID":"1285663","formEdgeID":null},{"edgeID":"1691246","fromID":"1285662","toID":"1285665","formEdgeID":null},{"edgeID":"1691247","fromID":"1285665","toID":"1285661","formEdgeID":null},{"edgeID":"1691248","fromID":"1285668","toID":"1285667","formEdgeID":null},{"edgeID":"1691249","fromID":"1285669","toID":"1285668","formEdgeID":null},{"edgeID":"1691250","fromID":"1285667","toID":"1285670","formEdgeID":null},{"edgeID":"1691251","fromID":"1285670","toID":"1285666","formEdgeID":null},{"edgeID":"1691252","fromID":"1285662","toID":"1285671","formEdgeID":null},{"edgeID":"1691253","fromID":"1285671","toID":"1285667","formEdgeID":null},{"edgeID":"1691254","fromID":"1285674","toID":"1285673","formEdgeID":null},{"edgeID":"1691255","fromID":"1285675","toID":"1285674","formEdgeID":null},{"edgeID":"1691256","fromID":"1285673","toID":"1285676","formEdgeID":null},{"edgeID":"1691257","fromID":"1285676","toID":"1285672","formEdgeID":null},{"edgeID":"1691258","fromID":"1285667","toID":"1285677","formEdgeID":null},{"edgeID":"1691259","fromID":"1285677","toID":"1285673","formEdgeID":null},{"edgeID":"1691260","fromID":"1285680","toID":"1285679","formEdgeID":null},{"edgeID":"1691261","fromID":"1285681","toID":"1285680","formEdgeID":null},{"edgeID":"1691262","fromID":"1285679","toID":"1285682","formEdgeID":null},{"edgeID":"1691263","fromID":"1285682","toID":"1285678","formEdgeID":null},{"edgeID":"1691264","fromID":"1285673","toID":"1285683","formEdgeID":null},{"edgeID":"1691265","fromID":"1285683","toID":"1285679","formEdgeID":null},{"edgeID":"1691266","fromID":"1285686","toID":"1285685","formEdgeID":null},{"edgeID":"1691267","fromID":"1285687","toID":"1285686","formEdgeID":null},{"edgeID":"1691268","fromID":"1285685","toID":"1285688","formEdgeID":null},{"edgeID":"1691269","fromID":"1285688","toID":"1285684","formEdgeID":null},{"edgeID":"1691270","fromID":"1285679","toID":"1285689","formEdgeID":null},{"edgeID":"1691271","fromID":"1285689","toID":"1285685","formEdgeID":null},{"edgeID":"1691272","fromID":"1285691","toID":"1285690","formEdgeID":null},{"edgeID":"1691273","fromID":"1285692","toID":"1285691","formEdgeID":null},{"edgeID":"1691274","fromID":"1285690","toID":"1285693","formEdgeID":null},{"edgeID":"1691275","fromID":"1285693","toID":"898998","formEdgeID":null},{"edgeID":"1691276","fromID":"1285685","toID":"1285694","formEdgeID":null},{"edgeID":"1691277","fromID":"1285694","toID":"1285690","formEdgeID":null},{"edgeID":"1691278","fromID":"1285696","toID":"1285695","formEdgeID":null},{"edgeID":"1691279","fromID":"1285697","toID":"1285696","formEdgeID":null},{"edgeID":"1691280","fromID":"1285695","toID":"1285698","formEdgeID":null},{"edgeID":"1691281","fromID":"1285698","toID":"899005","formEdgeID":null},{"edgeID":"1691282","fromID":"1285690","toID":"1285699","formEdgeID":null},{"edgeID":"1691283","fromID":"1285699","toID":"1285695","formEdgeID":null},{"edgeID":"1691284","fromID":"1285702","toID":"1285701","formEdgeID":null},{"edgeID":"1691285","fromID":"1285703","toID":"1285702","formEdgeID":null},{"edgeID":"1691286","fromID":"1285701","toID":"1285704","formEdgeID":null},{"edgeID":"1691287","fromID":"1285704","toID":"1285700","formEdgeID":null},{"edgeID":"1691288","fromID":"1285695","toID":"1285705","formEdgeID":null},{"edgeID":"1691289","fromID":"1285705","toID":"1285701","formEdgeID":null},{"edgeID":"1691290","fromID":"1285700","toID":"1285706","formEdgeID":null},{"edgeID":"1691291","fromID":"1285706","toID":"899005","formEdgeID":null},{"edgeID":"1691292","fromID":"1285705","toID":"1285707","formEdgeID":null},{"edgeID":"1691293","fromID":"1285707","toID":"1285706","formEdgeID":null},{"edgeID":"1691294","fromID":"1285710","toID":"1285709","formEdgeID":null},{"edgeID":"1691295","fromID":"1285711","toID":"1285710","formEdgeID":null},{"edgeID":"1691296","fromID":"1285709","toID":"1285712","formEdgeID":null},{"edgeID":"1691297","fromID":"1285712","toID":"1285708","formEdgeID":null},{"edgeID":"1691298","fromID":"1285701","toID":"1285713","formEdgeID":null},{"edgeID":"1691299","fromID":"1285713","toID":"1285709","formEdgeID":null},{"edgeID":"1691300","fromID":"1285716","toID":"1285715","formEdgeID":null},{"edgeID":"1691301","fromID":"1285717","toID":"1285716","formEdgeID":null},{"edgeID":"1691302","fromID":"1285715","toID":"1285718","formEdgeID":null},{"edgeID":"1691303","fromID":"1285718","toID":"1285714","formEdgeID":null},{"edgeID":"1691304","fromID":"1285709","toID":"1285719","formEdgeID":null},{"edgeID":"1691305","fromID":"1285719","toID":"1285715","formEdgeID":null},{"edgeID":"1691306","fromID":"1285722","toID":"1285721","formEdgeID":null},{"edgeID":"1691307","fromID":"1285723","toID":"1285722","formEdgeID":null},{"edgeID":"1691308","fromID":"1285721","toID":"1285724","formEdgeID":null},{"edgeID":"1691309","fromID":"1285724","toID":"1285720","formEdgeID":null},{"edgeID":"1691310","fromID":"1285714","toID":"1285725","formEdgeID":null},{"edgeID":"1691311","fromID":"1285725","toID":"1285708","formEdgeID":null},{"edgeID":"1691312","fromID":"1285715","toID":"1285726","formEdgeID":null},{"edgeID":"1691313","fromID":"1285726","toID":"1285721","formEdgeID":null},{"edgeID":"1691314","fromID":"1285720","toID":"1285727","formEdgeID":null},{"edgeID":"1691315","fromID":"1285727","toID":"1285714","formEdgeID":null},{"edgeID":"1691316","fromID":"1285719","toID":"1285728","formEdgeID":null},{"edgeID":"1691317","fromID":"1285728","toID":"1285725","formEdgeID":null},{"edgeID":"1691318","fromID":"1285731","toID":"1285730","formEdgeID":null},{"edgeID":"1691319","fromID":"1285732","toID":"1285731","formEdgeID":null},{"edgeID":"1691320","fromID":"1285730","toID":"1285733","formEdgeID":null},{"edgeID":"1691321","fromID":"1285733","toID":"1285729","formEdgeID":null},{"edgeID":"1691322","fromID":"1285721","toID":"1285734","formEdgeID":null},{"edgeID":"1691323","fromID":"1285734","toID":"1285730","formEdgeID":null},{"edgeID":"1691324","fromID":"1285729","toID":"1285727","formEdgeID":null},{"edgeID":"1691325","fromID":"1285734","toID":"1285735","formEdgeID":null},{"edgeID":"1691326","fromID":"1285735","toID":"1285727","formEdgeID":null},{"edgeID":"1691327","fromID":"1285738","toID":"1285737","formEdgeID":null},{"edgeID":"1691328","fromID":"1285739","toID":"1285738","formEdgeID":null},{"edgeID":"1691329","fromID":"1285737","toID":"1285740","formEdgeID":null},{"edgeID":"1691330","fromID":"1285740","toID":"1285736","formEdgeID":null},{"edgeID":"1691331","fromID":"1285743","toID":"1285742","formEdgeID":null},{"edgeID":"1691332","fromID":"1285744","toID":"1285743","formEdgeID":null},{"edgeID":"1691333","fromID":"1285742","toID":"1285745","formEdgeID":null},{"edgeID":"1691334","fromID":"1285745","toID":"1285741","formEdgeID":null},{"edgeID":"1691335","fromID":"1285747","toID":"1285746","formEdgeID":null},{"edgeID":"1691336","fromID":"1285748","toID":"1285747","formEdgeID":null},{"edgeID":"1691337","fromID":"1285746","toID":"1285749","formEdgeID":null},{"edgeID":"1691338","fromID":"1285749","toID":"899014","formEdgeID":null},{"edgeID":"1691339","fromID":"1285730","toID":"1285750","formEdgeID":null},{"edgeID":"1691340","fromID":"1285750","toID":"1285737","formEdgeID":null},{"edgeID":"1691341","fromID":"1285737","toID":"1285751","formEdgeID":null},{"edgeID":"1691342","fromID":"1285751","toID":"1285742","formEdgeID":null},{"edgeID":"1691343","fromID":"1285741","toID":"1285752","formEdgeID":null},{"edgeID":"1691344","fromID":"1285752","toID":"1285736","formEdgeID":null},{"edgeID":"1691345","fromID":"1285751","toID":"1285753","formEdgeID":null},{"edgeID":"1691346","fromID":"1285753","toID":"1285752","formEdgeID":null},{"edgeID":"1691347","fromID":"1285736","toID":"1285754","formEdgeID":null},{"edgeID":"1691348","fromID":"1285754","toID":"899014","formEdgeID":null},{"edgeID":"1691349","fromID":"1285737","toID":"1285755","formEdgeID":null},{"edgeID":"1691350","fromID":"1285755","toID":"1285746","formEdgeID":null},{"edgeID":"1691351","fromID":"1285755","toID":"1285756","formEdgeID":null},{"edgeID":"1691352","fromID":"1285756","toID":"1285754","formEdgeID":null},{"edgeID":"1691353","fromID":"1285759","toID":"1285758","formEdgeID":null},{"edgeID":"1691354","fromID":"1285760","toID":"1285759","formEdgeID":null},{"edgeID":"1691355","fromID":"1285758","toID":"1285761","formEdgeID":null},{"edgeID":"1691356","fromID":"1285761","toID":"1285757","formEdgeID":null},{"edgeID":"1691357","fromID":"1285666","toID":"1285762","formEdgeID":null},{"edgeID":"1691358","fromID":"1285762","toID":"1285678","formEdgeID":null},{"edgeID":"1691359","fromID":"1285672","toID":"1285762","formEdgeID":null},{"edgeID":"1691360","fromID":"1285683","toID":"1285763","formEdgeID":null},{"edgeID":"1691361","fromID":"1285763","toID":"1285762","formEdgeID":null},{"edgeID":"1691362","fromID":"898998","toID":"1285764","formEdgeID":null},{"edgeID":"1691363","fromID":"1285764","toID":"1285684","formEdgeID":null},{"edgeID":"1691364","fromID":"1285694","toID":"1285765","formEdgeID":null},{"edgeID":"1691365","fromID":"1285765","toID":"1285764","formEdgeID":null},{"edgeID":"1691366","fromID":"1285746","toID":"1285766","formEdgeID":null},{"edgeID":"1691367","fromID":"1285766","toID":"1285758","formEdgeID":null},{"edgeID":"1691368","fromID":"1285690","toID":"1285767","formEdgeID":null},{"edgeID":"1691369","fromID":"1285767","toID":"1285701","formEdgeID":null},{"edgeID":"1691370","fromID":"1285700","toID":"1285768","formEdgeID":null},{"edgeID":"1691371","fromID":"1285768","toID":"898998","formEdgeID":null},{"edgeID":"1691372","fromID":"1285767","toID":"1285769","formEdgeID":null},{"edgeID":"1691373","fromID":"1285769","toID":"1285768","formEdgeID":null},{"edgeID":"1691374","fromID":"1285708","toID":"1285754","formEdgeID":null},{"edgeID":"1691375","fromID":"1285709","toID":"1285770","formEdgeID":null},{"edgeID":"1691376","fromID":"1285770","toID":"1285746","formEdgeID":null},{"edgeID":"1691377","fromID":"899014","toID":"1285771","formEdgeID":null},{"edgeID":"1691378","fromID":"1285771","toID":"1285757","formEdgeID":null},{"edgeID":"1691379","fromID":"1285766","toID":"1285772","formEdgeID":null},{"edgeID":"1691380","fromID":"1285772","toID":"1285771","formEdgeID":null},{"edgeID":"1691381","fromID":"1285742","toID":"1285773","formEdgeID":null},{"edgeID":"1691382","fromID":"1285773","toID":"1285758","formEdgeID":null},{"edgeID":"1691383","fromID":"1285737","toID":"1285774","formEdgeID":null},{"edgeID":"1691384","fromID":"1285774","toID":"1285758","formEdgeID":null},{"edgeID":"1691385","fromID":"1285741","toID":"1285771","formEdgeID":null},{"edgeID":"1691386","fromID":"1285736","toID":"1285771","formEdgeID":null}],"locutions":[]}