{"nodes":[{"nodeID":"1145156","text":"a number of Conservative MPs have or have not been saying exactly that","type":"I","timestamp":"2023-04-20 10:12:06"},{"nodeID":"1145160","text":"we have got to divide the responsibility for the organisation","type":"I","timestamp":"2023-04-20 10:12:08"},{"nodeID":"1145166","text":"the Prime Minister has taken and Keir Starmer took for the actions of the CPS as DPP","type":"I","timestamp":"2023-04-20 10:12:11"},{"nodeID":"1145174","text":"the inquiries take place about who was at what party and whether it was a party, and what they knew or didn't know about it and what can reasonably be expected","type":"I","timestamp":"2023-04-20 10:12:13"},{"nodeID":"1145180","text":"it beggar's belief that we have Crispin Blunt trying to defend the indefensible and to liken the horrible smearing of Keir Starmer, and involve, Jimmy Savile's victim's families","type":"I","timestamp":"2023-04-20 10:12:15"},{"nodeID":"1145186","text":"this mess is frankly of the Prime Minister's making","type":"I","timestamp":"2023-04-20 10:12:18"},{"nodeID":"1145194","text":"the Prime Minister lied to Parliament","type":"I","timestamp":"2023-04-20 10:12:20"},{"nodeID":"1145202","text":"the Prime Minister lied to the country","type":"I","timestamp":"2023-04-20 10:12:22"},{"nodeID":"1145210","text":"the Prime Minister's taken the country for fools","type":"I","timestamp":"2023-04-20 10:12:25"},{"nodeID":"1145218","text":"the Prime Minister was at parties","type":"I","timestamp":"2023-04-20 10:12:27"},{"nodeID":"1145226","text":"the Prime Minister's staff were packing suitcases full of alcohol working out which person was going to be the DJ while people in this room were probably burying their families","type":"I","timestamp":"2023-04-20 10:12:30"},{"nodeID":"1284111","text":"Fiona Bruce: A number of Conservative MPs have been saying exactly that","type":"L","timestamp":"2023-11-09 12:32:54"},{"nodeID":"1284112","text":"Analysing","type":"YA","timestamp":"2023-11-09 12:32:54"},{"nodeID":"1284113","text":"Anon: Fiona Bruce: A number of Conservative MPs have been saying exactly that","type":"L","timestamp":"2023-11-09 12:32:54"},{"nodeID":"1284114","text":"Pure Questioning","type":"YA","timestamp":"2023-11-09 12:32:54"},{"nodeID":"1284115","text":"Crispin Blunt: We have got to divide the responsibility for the organisation","type":"L","timestamp":"2023-11-09 12:32:54"},{"nodeID":"1284116","text":"Analysing","type":"YA","timestamp":"2023-11-09 12:32:54"},{"nodeID":"1284117","text":"Anon: Crispin Blunt: We have got to divide the responsibility for the organisation","type":"L","timestamp":"2023-11-09 12:32:54"},{"nodeID":"1284118","text":"Asserting","type":"YA","timestamp":"2023-11-09 12:32:54"},{"nodeID":"1284119","text":"Default Transition","type":"TA","timestamp":"2023-11-09 12:32:54"},{"nodeID":"1284120","text":"Crispin Blunt: the Prime Minister has taken and Keir Starmer took for the actions of the CPS as DPP","type":"L","timestamp":"2023-11-09 12:32:55"},{"nodeID":"1284121","text":"Analysing","type":"YA","timestamp":"2023-11-09 12:32:55"},{"nodeID":"1284122","text":"Anon: Crispin Blunt: the Prime Minister has taken and Keir Starmer took for the actions of the CPS as DPP","type":"L","timestamp":"2023-11-09 12:32:55"},{"nodeID":"1284123","text":"Asserting","type":"YA","timestamp":"2023-11-09 12:32:55"},{"nodeID":"1284124","text":"Default Transition","type":"TA","timestamp":"2023-11-09 12:32:55"},{"nodeID":"1284125","text":"Default Rephrase","type":"MA","timestamp":"2023-11-09 12:32:55"},{"nodeID":"1284126","text":"Restating","type":"YA","timestamp":"2023-11-09 12:32:55"},{"nodeID":"1284127","text":"Crispin Blunt: the inquiries take place about who was at what party and whether it was a party, and what they knew or didn't know about it and what can reasonably be expected","type":"L","timestamp":"2023-11-09 12:32:56"},{"nodeID":"1284128","text":"Analysing","type":"YA","timestamp":"2023-11-09 12:32:56"},{"nodeID":"1284129","text":"Anon: Crispin Blunt: the inquiries take place about who was at what party and whether it was a party, and what they knew or didn't know about it and what can reasonably be expected","type":"L","timestamp":"2023-11-09 12:32:56"},{"nodeID":"1284130","text":"Asserting","type":"YA","timestamp":"2023-11-09 12:32:56"},{"nodeID":"1284131","text":"Default Transition","type":"TA","timestamp":"2023-11-09 12:32:56"},{"nodeID":"1284132","text":"Rosena Allin-Khan: It beggar's belief that we have Crispin trying to defend the indefensible and to liken the horrible smearing of Keir Starmer, and involve you know, Jimmy Savile's victim's families","type":"L","timestamp":"2023-11-09 12:32:56"},{"nodeID":"1284133","text":"Analysing","type":"YA","timestamp":"2023-11-09 12:32:56"},{"nodeID":"1284134","text":"Anon: Rosena Allin-Khan: It beggar's belief that we have Crispin trying to defend the indefensible and to liken the horrible smearing of Keir Starmer, and involve you know, Jimmy Savile's victim's families","type":"L","timestamp":"2023-11-09 12:32:56"},{"nodeID":"1284135","text":"Asserting","type":"YA","timestamp":"2023-11-09 12:32:56"},{"nodeID":"1284136","text":"Default Transition","type":"TA","timestamp":"2023-11-09 12:32:56"},{"nodeID":"1284137","text":"Rosena Allin-Khan: this mess which is frankly of the Prime Minister's making","type":"L","timestamp":"2023-11-09 12:32:57"},{"nodeID":"1284138","text":"Analysing","type":"YA","timestamp":"2023-11-09 12:32:57"},{"nodeID":"1284139","text":"Anon: Rosena Allin-Khan: this mess which is frankly of the Prime Minister's making","type":"L","timestamp":"2023-11-09 12:32:57"},{"nodeID":"1284140","text":"Asserting","type":"YA","timestamp":"2023-11-09 12:32:57"},{"nodeID":"1284141","text":"Default Transition","type":"TA","timestamp":"2023-11-09 12:32:57"},{"nodeID":"1284142","text":"Default Rephrase","type":"MA","timestamp":"2023-11-09 12:32:57"},{"nodeID":"1284143","text":"Restating","type":"YA","timestamp":"2023-11-09 12:32:57"},{"nodeID":"1284144","text":"Rosena Allin-Khan: He lied to Parliament","type":"L","timestamp":"2023-11-09 12:32:58"},{"nodeID":"1284145","text":"Analysing","type":"YA","timestamp":"2023-11-09 12:32:58"},{"nodeID":"1284146","text":"Anon: Rosena Allin-Khan: He lied to Parliament","type":"L","timestamp":"2023-11-09 12:32:58"},{"nodeID":"1284147","text":"Asserting","type":"YA","timestamp":"2023-11-09 12:32:58"},{"nodeID":"1284148","text":"Default Transition","type":"TA","timestamp":"2023-11-09 12:32:58"},{"nodeID":"1284149","text":"Default Inference","type":"RA","timestamp":"2023-11-09 12:32:58"},{"nodeID":"1284150","text":"Arguing","type":"YA","timestamp":"2023-11-09 12:32:58"},{"nodeID":"1284151","text":"Rosena Allin-Khan: He lied to the country","type":"L","timestamp":"2023-11-09 12:32:58"},{"nodeID":"1284152","text":"Analysing","type":"YA","timestamp":"2023-11-09 12:32:58"},{"nodeID":"1284153","text":"Anon: Rosena Allin-Khan: He lied to the country","type":"L","timestamp":"2023-11-09 12:32:58"},{"nodeID":"1284154","text":"Asserting","type":"YA","timestamp":"2023-11-09 12:32:58"},{"nodeID":"1284155","text":"Default Transition","type":"TA","timestamp":"2023-11-09 12:32:58"},{"nodeID":"1284156","text":"Default Rephrase","type":"MA","timestamp":"2023-11-09 12:32:58"},{"nodeID":"1284157","text":"Restating","type":"YA","timestamp":"2023-11-09 12:32:58"},{"nodeID":"1284158","text":"Rosena Allin-Khan:  He's taken the country for fools","type":"L","timestamp":"2023-11-09 12:32:59"},{"nodeID":"1284159","text":"Analysing","type":"YA","timestamp":"2023-11-09 12:32:59"},{"nodeID":"1284160","text":"Anon: Rosena Allin-Khan:  He's taken the country for fools","type":"L","timestamp":"2023-11-09 12:32:59"},{"nodeID":"1284161","text":"Asserting","type":"YA","timestamp":"2023-11-09 12:32:59"},{"nodeID":"1284162","text":"Default Transition","type":"TA","timestamp":"2023-11-09 12:32:59"},{"nodeID":"1284163","text":"Default Rephrase","type":"MA","timestamp":"2023-11-09 12:32:59"},{"nodeID":"1284164","text":"Restating","type":"YA","timestamp":"2023-11-09 12:32:59"},{"nodeID":"1284165","text":"Rosena Allin-Khan: He was at parties","type":"L","timestamp":"2023-11-09 12:32:59"},{"nodeID":"1284166","text":"Analysing","type":"YA","timestamp":"2023-11-09 12:32:59"},{"nodeID":"1284167","text":"Anon: Rosena Allin-Khan: He was at parties","type":"L","timestamp":"2023-11-09 12:32:59"},{"nodeID":"1284168","text":"Asserting","type":"YA","timestamp":"2023-11-09 12:32:59"},{"nodeID":"1284169","text":"Default Transition","type":"TA","timestamp":"2023-11-09 12:32:59"},{"nodeID":"1284170","text":"Default Rephrase","type":"MA","timestamp":"2023-11-09 12:32:59"},{"nodeID":"1284171","text":"Restating","type":"YA","timestamp":"2023-11-09 12:32:59"},{"nodeID":"1284172","text":"Rosena Allin-Khan: His staff were packing suitcases full of alcohol working out which person was going to be the DJ while people in this room were probably burying their families","type":"L","timestamp":"2023-11-09 12:33:00"},{"nodeID":"1284173","text":"Analysing","type":"YA","timestamp":"2023-11-09 12:33:00"},{"nodeID":"1284174","text":"Anon: Rosena Allin-Khan: His staff were packing suitcases full of alcohol working out which person was going to be the DJ while people in this room were probably burying their families","type":"L","timestamp":"2023-11-09 12:33:00"},{"nodeID":"1284175","text":"Asserting","type":"YA","timestamp":"2023-11-09 12:33:00"},{"nodeID":"1284176","text":"Default Transition","type":"TA","timestamp":"2023-11-09 12:33:00"},{"nodeID":"1284177","text":"Default Rephrase","type":"MA","timestamp":"2023-11-09 12:33:00"},{"nodeID":"1284178","text":"Restating","type":"YA","timestamp":"2023-11-09 12:33:00"}],"edges":[{"edgeID":"1689370","fromID":"1284112","toID":"1284111","formEdgeID":null},{"edgeID":"1689371","fromID":"1284113","toID":"1284112","formEdgeID":null},{"edgeID":"1689372","fromID":"1284111","toID":"1284114","formEdgeID":null},{"edgeID":"1689373","fromID":"1284114","toID":"1145156","formEdgeID":null},{"edgeID":"1689374","fromID":"1284116","toID":"1284115","formEdgeID":null},{"edgeID":"1689375","fromID":"1284117","toID":"1284116","formEdgeID":null},{"edgeID":"1689376","fromID":"1284115","toID":"1284118","formEdgeID":null},{"edgeID":"1689377","fromID":"1284118","toID":"1145160","formEdgeID":null},{"edgeID":"1689378","fromID":"1284111","toID":"1284119","formEdgeID":null},{"edgeID":"1689379","fromID":"1284119","toID":"1284115","formEdgeID":null},{"edgeID":"1689380","fromID":"1284121","toID":"1284120","formEdgeID":null},{"edgeID":"1689381","fromID":"1284122","toID":"1284121","formEdgeID":null},{"edgeID":"1689382","fromID":"1284120","toID":"1284123","formEdgeID":null},{"edgeID":"1689383","fromID":"1284123","toID":"1145166","formEdgeID":null},{"edgeID":"1689384","fromID":"1284115","toID":"1284124","formEdgeID":null},{"edgeID":"1689385","fromID":"1284124","toID":"1284120","formEdgeID":null},{"edgeID":"1689386","fromID":"1145166","toID":"1284125","formEdgeID":null},{"edgeID":"1689387","fromID":"1284125","toID":"1145160","formEdgeID":null},{"edgeID":"1689388","fromID":"1284124","toID":"1284126","formEdgeID":null},{"edgeID":"1689389","fromID":"1284126","toID":"1284125","formEdgeID":null},{"edgeID":"1689390","fromID":"1284128","toID":"1284127","formEdgeID":null},{"edgeID":"1689391","fromID":"1284129","toID":"1284128","formEdgeID":null},{"edgeID":"1689392","fromID":"1284127","toID":"1284130","formEdgeID":null},{"edgeID":"1689393","fromID":"1284130","toID":"1145174","formEdgeID":null},{"edgeID":"1689394","fromID":"1284120","toID":"1284131","formEdgeID":null},{"edgeID":"1689395","fromID":"1284131","toID":"1284127","formEdgeID":null},{"edgeID":"1689396","fromID":"1284133","toID":"1284132","formEdgeID":null},{"edgeID":"1689397","fromID":"1284134","toID":"1284133","formEdgeID":null},{"edgeID":"1689398","fromID":"1284132","toID":"1284135","formEdgeID":null},{"edgeID":"1689399","fromID":"1284135","toID":"1145180","formEdgeID":null},{"edgeID":"1689400","fromID":"1284127","toID":"1284136","formEdgeID":null},{"edgeID":"1689401","fromID":"1284136","toID":"1284132","formEdgeID":null},{"edgeID":"1689402","fromID":"1284138","toID":"1284137","formEdgeID":null},{"edgeID":"1689403","fromID":"1284139","toID":"1284138","formEdgeID":null},{"edgeID":"1689404","fromID":"1284137","toID":"1284140","formEdgeID":null},{"edgeID":"1689405","fromID":"1284140","toID":"1145186","formEdgeID":null},{"edgeID":"1689406","fromID":"1284132","toID":"1284141","formEdgeID":null},{"edgeID":"1689407","fromID":"1284141","toID":"1284137","formEdgeID":null},{"edgeID":"1689408","fromID":"1145186","toID":"1284142","formEdgeID":null},{"edgeID":"1689409","fromID":"1284142","toID":"1145180","formEdgeID":null},{"edgeID":"1689410","fromID":"1284141","toID":"1284143","formEdgeID":null},{"edgeID":"1689411","fromID":"1284143","toID":"1284142","formEdgeID":null},{"edgeID":"1689412","fromID":"1284145","toID":"1284144","formEdgeID":null},{"edgeID":"1689413","fromID":"1284146","toID":"1284145","formEdgeID":null},{"edgeID":"1689414","fromID":"1284144","toID":"1284147","formEdgeID":null},{"edgeID":"1689415","fromID":"1284147","toID":"1145194","formEdgeID":null},{"edgeID":"1689416","fromID":"1284137","toID":"1284148","formEdgeID":null},{"edgeID":"1689417","fromID":"1284148","toID":"1284144","formEdgeID":null},{"edgeID":"1689418","fromID":"1145194","toID":"1284149","formEdgeID":null},{"edgeID":"1689419","fromID":"1284149","toID":"1145186","formEdgeID":null},{"edgeID":"1689420","fromID":"1284148","toID":"1284150","formEdgeID":null},{"edgeID":"1689421","fromID":"1284150","toID":"1284149","formEdgeID":null},{"edgeID":"1689422","fromID":"1284152","toID":"1284151","formEdgeID":null},{"edgeID":"1689423","fromID":"1284153","toID":"1284152","formEdgeID":null},{"edgeID":"1689424","fromID":"1284151","toID":"1284154","formEdgeID":null},{"edgeID":"1689425","fromID":"1284154","toID":"1145202","formEdgeID":null},{"edgeID":"1689426","fromID":"1284144","toID":"1284155","formEdgeID":null},{"edgeID":"1689427","fromID":"1284155","toID":"1284151","formEdgeID":null},{"edgeID":"1689428","fromID":"1145202","toID":"1284156","formEdgeID":null},{"edgeID":"1689429","fromID":"1284156","toID":"1145194","formEdgeID":null},{"edgeID":"1689430","fromID":"1284155","toID":"1284157","formEdgeID":null},{"edgeID":"1689431","fromID":"1284157","toID":"1284156","formEdgeID":null},{"edgeID":"1689432","fromID":"1284159","toID":"1284158","formEdgeID":null},{"edgeID":"1689433","fromID":"1284160","toID":"1284159","formEdgeID":null},{"edgeID":"1689434","fromID":"1284158","toID":"1284161","formEdgeID":null},{"edgeID":"1689435","fromID":"1284161","toID":"1145210","formEdgeID":null},{"edgeID":"1689436","fromID":"1284151","toID":"1284162","formEdgeID":null},{"edgeID":"1689437","fromID":"1284162","toID":"1284158","formEdgeID":null},{"edgeID":"1689438","fromID":"1145210","toID":"1284163","formEdgeID":null},{"edgeID":"1689439","fromID":"1284163","toID":"1145202","formEdgeID":null},{"edgeID":"1689440","fromID":"1284162","toID":"1284164","formEdgeID":null},{"edgeID":"1689441","fromID":"1284164","toID":"1284163","formEdgeID":null},{"edgeID":"1689442","fromID":"1284166","toID":"1284165","formEdgeID":null},{"edgeID":"1689443","fromID":"1284167","toID":"1284166","formEdgeID":null},{"edgeID":"1689444","fromID":"1284165","toID":"1284168","formEdgeID":null},{"edgeID":"1689445","fromID":"1284168","toID":"1145218","formEdgeID":null},{"edgeID":"1689446","fromID":"1284158","toID":"1284169","formEdgeID":null},{"edgeID":"1689447","fromID":"1284169","toID":"1284165","formEdgeID":null},{"edgeID":"1689448","fromID":"1145218","toID":"1284170","formEdgeID":null},{"edgeID":"1689449","fromID":"1284170","toID":"1145210","formEdgeID":null},{"edgeID":"1689450","fromID":"1284169","toID":"1284171","formEdgeID":null},{"edgeID":"1689451","fromID":"1284171","toID":"1284170","formEdgeID":null},{"edgeID":"1689452","fromID":"1284173","toID":"1284172","formEdgeID":null},{"edgeID":"1689453","fromID":"1284174","toID":"1284173","formEdgeID":null},{"edgeID":"1689454","fromID":"1284172","toID":"1284175","formEdgeID":null},{"edgeID":"1689455","fromID":"1284175","toID":"1145226","formEdgeID":null},{"edgeID":"1689456","fromID":"1284165","toID":"1284176","formEdgeID":null},{"edgeID":"1689457","fromID":"1284176","toID":"1284172","formEdgeID":null},{"edgeID":"1689458","fromID":"1145226","toID":"1284177","formEdgeID":null},{"edgeID":"1689459","fromID":"1284177","toID":"1145218","formEdgeID":null},{"edgeID":"1689460","fromID":"1284176","toID":"1284178","formEdgeID":null},{"edgeID":"1689461","fromID":"1284178","toID":"1284177","formEdgeID":null}],"locutions":[]}