{"nodes":[{"nodeID":"899109","text":"the Government have had to consider the emerging evidence where the science has been developing","type":"I","timestamp":"2022-02-10 21:19:15"},{"nodeID":"899118","text":"xxx is why we are not doing more things like  - for example -  'I have tried to get an antibody test to see if I have got natural immunity'","type":"I","timestamp":"2022-02-10 21:19:18"},{"nodeID":"1288015","text":"Crispin Blunt: The Government have had to consider the emerging evidence where the science has been developing","type":"L","timestamp":"2023-11-09 12:38:41"},{"nodeID":"1288016","text":"Analysing","type":"YA","timestamp":"2023-11-09 12:38:41"},{"nodeID":"1288017","text":"Ella: Crispin Blunt: The Government have had to consider the emerging evidence where the science has been developing","type":"L","timestamp":"2023-11-09 12:38:41"},{"nodeID":"1288018","text":"Asserting","type":"YA","timestamp":"2023-11-09 12:38:41"},{"nodeID":"1288019","text":"the evidence has been moving at quite a pace as decision points have to be taken","type":"I","timestamp":"2023-11-09 12:38:41"},{"nodeID":"1288020","text":"Crispin Blunt: the evidence has been moving at quite a pace as decision points have to be taken","type":"L","timestamp":"2023-11-09 12:38:41"},{"nodeID":"1288021","text":"Analysing","type":"YA","timestamp":"2023-11-09 12:38:41"},{"nodeID":"1288022","text":"Ella: Crispin Blunt: the evidence has been moving at quite a pace as decision points have to be taken","type":"L","timestamp":"2023-11-09 12:38:41"},{"nodeID":"1288023","text":"Asserting","type":"YA","timestamp":"2023-11-09 12:38:41"},{"nodeID":"1288024","text":"where we are at, is the question of compulsory vaccination within the NHS and previously with compulsory vaccination in the care sector","type":"I","timestamp":"2023-11-09 12:38:42"},{"nodeID":"1288025","text":"Crispin Blunt: we are at is the question of compulsory vaccination within the NHS and previously with compulsory vaccination in the care sector","type":"L","timestamp":"2023-11-09 12:38:42"},{"nodeID":"1288026","text":"Analysing","type":"YA","timestamp":"2023-11-09 12:38:42"},{"nodeID":"1288027","text":"Ella: Crispin Blunt: we are at is the question of compulsory vaccination within the NHS and previously with compulsory vaccination in the care sector","type":"L","timestamp":"2023-11-09 12:38:42"},{"nodeID":"1288028","text":"Asserting","type":"YA","timestamp":"2023-11-09 12:38:42"},{"nodeID":"1288029","text":"Default Transition","type":"TA","timestamp":"2023-11-09 12:38:42"},{"nodeID":"1288030","text":"given the evidence that was available to ministers making that decision","type":"I","timestamp":"2023-11-09 12:38:42"},{"nodeID":"1288031","text":"Crispin Blunt: given the evidence that was available to ministers making that decision","type":"L","timestamp":"2023-11-09 12:38:42"},{"nodeID":"1288032","text":"Analysing","type":"YA","timestamp":"2023-11-09 12:38:42"},{"nodeID":"1288033","text":"Ella: Crispin Blunt: given the evidence that was available to ministers making that decision","type":"L","timestamp":"2023-11-09 12:38:42"},{"nodeID":"1288034","text":"Asserting","type":"YA","timestamp":"2023-11-09 12:38:42"},{"nodeID":"1288035","text":"the ministers made the right decision about the care sector","type":"I","timestamp":"2023-11-09 12:38:43"},{"nodeID":"1288036","text":"Crispin Blunt: they made the right decision about the care sector","type":"L","timestamp":"2023-11-09 12:38:43"},{"nodeID":"1288037","text":"Analysing","type":"YA","timestamp":"2023-11-09 12:38:43"},{"nodeID":"1288038","text":"Ella: Crispin Blunt: they made the right decision about the care sector","type":"L","timestamp":"2023-11-09 12:38:43"},{"nodeID":"1288039","text":"Asserting","type":"YA","timestamp":"2023-11-09 12:38:43"},{"nodeID":"1288040","text":"ministers are now faced with the same decision about the NHS","type":"I","timestamp":"2023-11-09 12:38:43"},{"nodeID":"1288041","text":"Crispin Blunt: they are now faced with the same decision about the NHS","type":"L","timestamp":"2023-11-09 12:38:43"},{"nodeID":"1288042","text":"Analysing","type":"YA","timestamp":"2023-11-09 12:38:43"},{"nodeID":"1288043","text":"Ella: Crispin Blunt: they are now faced with the same decision about the NHS","type":"L","timestamp":"2023-11-09 12:38:43"},{"nodeID":"1288044","text":"Asserting","type":"YA","timestamp":"2023-11-09 12:38:43"},{"nodeID":"1288045","text":"Default Inference","type":"RA","timestamp":"2023-11-09 12:38:43"},{"nodeID":"1288046","text":"Default Transition","type":"TA","timestamp":"2023-11-09 12:38:43"},{"nodeID":"1288047","text":"Arguing","type":"YA","timestamp":"2023-11-09 12:38:43"},{"nodeID":"1288048","text":"Default Inference","type":"RA","timestamp":"2023-11-09 12:38:43"},{"nodeID":"1288049","text":"Default Transition","type":"TA","timestamp":"2023-11-09 12:38:43"},{"nodeID":"1288050","text":"Default Transition","type":"TA","timestamp":"2023-11-09 12:38:43"},{"nodeID":"1288051","text":"Arguing","type":"YA","timestamp":"2023-11-09 12:38:43"},{"nodeID":"1288052","text":"Default Transition","type":"TA","timestamp":"2023-11-09 12:38:43"},{"nodeID":"1288053","text":"it now appears that the evidence around the omicron variant and how much less worse it is","type":"I","timestamp":"2023-11-09 12:38:44"},{"nodeID":"1288054","text":"Crispin Blunt: it now appears that the evidence around omni and how much less worse it is","type":"L","timestamp":"2023-11-09 12:38:44"},{"nodeID":"1288055","text":"Analysing","type":"YA","timestamp":"2023-11-09 12:38:44"},{"nodeID":"1288056","text":"Ella: Crispin Blunt: it now appears that the evidence around omni and how much less worse it is","type":"L","timestamp":"2023-11-09 12:38:44"},{"nodeID":"1288057","text":"Asserting","type":"YA","timestamp":"2023-11-09 12:38:44"},{"nodeID":"1288058","text":"it's time to reassess","type":"I","timestamp":"2023-11-09 12:38:45"},{"nodeID":"1288059","text":"Crispin Blunt: it's time to reassess","type":"L","timestamp":"2023-11-09 12:38:45"},{"nodeID":"1288060","text":"Analysing","type":"YA","timestamp":"2023-11-09 12:38:45"},{"nodeID":"1288061","text":"Ella: Crispin Blunt: it's time to reassess","type":"L","timestamp":"2023-11-09 12:38:45"},{"nodeID":"1288062","text":"Asserting","type":"YA","timestamp":"2023-11-09 12:38:45"},{"nodeID":"1288063","text":"Default Inference","type":"RA","timestamp":"2023-11-09 12:38:45"},{"nodeID":"1288064","text":"Default Transition","type":"TA","timestamp":"2023-11-09 12:38:45"},{"nodeID":"1288065","text":"Arguing","type":"YA","timestamp":"2023-11-09 12:38:45"},{"nodeID":"1288066","text":"Default Transition","type":"TA","timestamp":"2023-11-09 12:38:45"},{"nodeID":"1288067","text":"reassessing is a sensible way of proceeding on the basis of as much evidence as possible and then to take the decisions at the time","type":"I","timestamp":"2023-11-09 12:38:45"},{"nodeID":"1288068","text":"Crispin Blunt: that's a sensible way of proceeding on the basis of as much evidence as possible and then to take the decisions at the time","type":"L","timestamp":"2023-11-09 12:38:45"},{"nodeID":"1288069","text":"Analysing","type":"YA","timestamp":"2023-11-09 12:38:45"},{"nodeID":"1288070","text":"Ella: Crispin Blunt: that's a sensible way of proceeding on the basis of as much evidence as possible and then to take the decisions at the time","type":"L","timestamp":"2023-11-09 12:38:45"},{"nodeID":"1288071","text":"Asserting","type":"YA","timestamp":"2023-11-09 12:38:45"},{"nodeID":"1288072","text":"Default Transition","type":"TA","timestamp":"2023-11-09 12:38:45"},{"nodeID":"1288073","text":"Default Rephrase","type":"MA","timestamp":"2023-11-09 12:38:45"},{"nodeID":"1288074","text":"Restating","type":"YA","timestamp":"2023-11-09 12:38:45"},{"nodeID":"1288075","text":"there's an issue about the prospect of making vaccines compulsory","type":"I","timestamp":"2023-11-09 12:38:46"},{"nodeID":"1288076","text":"Crispin Blunt: there's an issue about the prospect of making vaccines compulsory","type":"L","timestamp":"2023-11-09 12:38:46"},{"nodeID":"1288077","text":"Analysing","type":"YA","timestamp":"2023-11-09 12:38:46"},{"nodeID":"1288078","text":"Ella: Crispin Blunt: there's an issue about the prospect of making vaccines compulsory","type":"L","timestamp":"2023-11-09 12:38:46"},{"nodeID":"1288079","text":"Asserting","type":"YA","timestamp":"2023-11-09 12:38:46"},{"nodeID":"1288080","text":"making vaccines compulsory will have had its own effect on people in the care sector, and now in the NHS","type":"I","timestamp":"2023-11-09 12:38:46"},{"nodeID":"1288081","text":"Crispin Blunt: will have had its own affect on people in the care sector, and now in the NHS","type":"L","timestamp":"2023-11-09 12:38:46"},{"nodeID":"1288082","text":"Analysing","type":"YA","timestamp":"2023-11-09 12:38:46"},{"nodeID":"1288083","text":"Ella: Crispin Blunt: will have had its own affect on people in the care sector, and now in the NHS","type":"L","timestamp":"2023-11-09 12:38:46"},{"nodeID":"1288084","text":"Asserting","type":"YA","timestamp":"2023-11-09 12:38:46"},{"nodeID":"1288085","text":"Default Transition","type":"TA","timestamp":"2023-11-09 12:38:46"},{"nodeID":"1288086","text":"Default Transition","type":"TA","timestamp":"2023-11-09 12:38:46"},{"nodeID":"1288087","text":"Unknown Speaker mentioned natural immunity","type":"I","timestamp":"2023-11-09 12:38:47"},{"nodeID":"1288088","text":"AudienceMember 20220210QT33: You mentioned natural immunity","type":"L","timestamp":"2023-11-09 12:38:47"},{"nodeID":"1288089","text":"Analysing","type":"YA","timestamp":"2023-11-09 12:38:47"},{"nodeID":"1288090","text":"Ella: AudienceMember 20220210QT33: You mentioned natural immunity","type":"L","timestamp":"2023-11-09 12:38:47"},{"nodeID":"1288091","text":"Unknown Speaker: I mentioned natural immunity","type":"L","timestamp":"2023-11-09 12:38:47"},{"nodeID":"1288092","text":"Analysing","type":"YA","timestamp":"2023-11-09 12:38:47"},{"nodeID":"1288093","text":"Ella: Unknown Speaker: You mentioned natural immunity","type":"L","timestamp":"2023-11-09 12:38:47"},{"nodeID":"1288094","text":"Asserting","type":"YA","timestamp":"2023-11-09 12:38:47"},{"nodeID":"1288095","text":"Assertive Questioning","type":"YA","timestamp":"2023-11-09 12:38:47"},{"nodeID":"1288096","text":"Default Transition","type":"TA","timestamp":"2023-11-09 12:38:47"},{"nodeID":"1288097","text":"the way the approach of the Government is like there's only one way to solve this which is vaccines","type":"I","timestamp":"2023-11-09 12:38:47"},{"nodeID":"1288098","text":"AudienceMember 20220210QT33: the way the approach of the Government is like there's only one way to solve this which is vaccines","type":"L","timestamp":"2023-11-09 12:38:47"},{"nodeID":"1288099","text":"Analysing","type":"YA","timestamp":"2023-11-09 12:38:47"},{"nodeID":"1288100","text":"Ella: AudienceMember 20220210QT33: the way the approach of the Government is like there's only one way to solve this which is vaccines","type":"L","timestamp":"2023-11-09 12:38:47"},{"nodeID":"1288101","text":"Asserting","type":"YA","timestamp":"2023-11-09 12:38:47"},{"nodeID":"1288102","text":"AudienceMember 20220210QT33: Why are we not doing more like for example, I have tried to get an antibody test to see if I have got natural immunity","type":"L","timestamp":"2023-11-09 12:38:48"},{"nodeID":"1288103","text":"Analysing","type":"YA","timestamp":"2023-11-09 12:38:48"},{"nodeID":"1288104","text":"Ella: AudienceMember 20220210QT33: Why are we not doing more like for example, I have tried to get an antibody test to see if I have got natural immunity","type":"L","timestamp":"2023-11-09 12:38:48"},{"nodeID":"1288105","text":"Pure Questioning","type":"YA","timestamp":"2023-11-09 12:38:48"},{"nodeID":"1288106","text":"Default Transition","type":"TA","timestamp":"2023-11-09 12:38:48"},{"nodeID":"1288107","text":"Default Transition","type":"TA","timestamp":"2023-11-09 12:38:48"},{"nodeID":"1288108","text":"given what Robin Shattock has said about vaccines, that has or has not given any difference to AudienceMember 20220210QT33's thinking","type":"I","timestamp":"2023-11-09 12:38:49"},{"nodeID":"1288109","text":"Fiona Bruce: Given what Robin has said has that not given any difference to your thinking","type":"L","timestamp":"2023-11-09 12:38:49"},{"nodeID":"1288110","text":"Analysing","type":"YA","timestamp":"2023-11-09 12:38:49"},{"nodeID":"1288111","text":"Ella: Fiona Bruce: Given what Robin has said has that not given any difference to your thinking","type":"L","timestamp":"2023-11-09 12:38:49"},{"nodeID":"1288112","text":"Asserting","type":"YA","timestamp":"2023-11-09 12:38:49"},{"nodeID":"1288113","text":"Default Transition","type":"TA","timestamp":"2023-11-09 12:38:49"},{"nodeID":"1288114","text":"it's not the same for every person","type":"I","timestamp":"2023-11-09 12:38:49"},{"nodeID":"1288115","text":"AudienceMember 20220210QT34: It's not the same for everybody person","type":"L","timestamp":"2023-11-09 12:38:49"},{"nodeID":"1288116","text":"Analysing","type":"YA","timestamp":"2023-11-09 12:38:49"},{"nodeID":"1288117","text":"Ella: AudienceMember 20220210QT34: It's not the same for everybody person","type":"L","timestamp":"2023-11-09 12:38:49"},{"nodeID":"1288118","text":"Asserting","type":"YA","timestamp":"2023-11-09 12:38:49"},{"nodeID":"1288119","text":"Default Transition","type":"TA","timestamp":"2023-11-09 12:38:49"},{"nodeID":"1288120","text":"you should try and explore that for people who just choose not to get vaccinated","type":"I","timestamp":"2023-11-09 12:38:50"},{"nodeID":"1288121","text":"AudienceMember 20220210QT34: You should try and explore that for people who just choose not to","type":"L","timestamp":"2023-11-09 12:38:50"},{"nodeID":"1288122","text":"Analysing","type":"YA","timestamp":"2023-11-09 12:38:50"},{"nodeID":"1288123","text":"Ella: AudienceMember 20220210QT34: You should try and explore that for people who just choose not to","type":"L","timestamp":"2023-11-09 12:38:50"},{"nodeID":"1288124","text":"Asserting","type":"YA","timestamp":"2023-11-09 12:38:50"},{"nodeID":"1288125","text":"maybe other options might be a solution to your NHS crisis","type":"I","timestamp":"2023-11-09 12:38:50"},{"nodeID":"1288126","text":"AudienceMember 20220210QT34: maybe that might be a solution to your NHS crisis","type":"L","timestamp":"2023-11-09 12:38:50"},{"nodeID":"1288127","text":"Analysing","type":"YA","timestamp":"2023-11-09 12:38:50"},{"nodeID":"1288128","text":"Ella: AudienceMember 20220210QT34: maybe that might be a solution to your NHS crisis","type":"L","timestamp":"2023-11-09 12:38:50"},{"nodeID":"1288129","text":"Asserting","type":"YA","timestamp":"2023-11-09 12:38:50"},{"nodeID":"1288130","text":"Default Transition","type":"TA","timestamp":"2023-11-09 12:38:50"},{"nodeID":"1288131","text":"Default Transition","type":"TA","timestamp":"2023-11-09 12:38:50"},{"nodeID":"1288132","text":"Default Inference","type":"RA","timestamp":"2023-11-09 12:38:50"},{"nodeID":"1288133","text":"Arguing","type":"YA","timestamp":"2023-11-09 12:38:50"},{"nodeID":"1288134","text":"Default Inference","type":"RA","timestamp":"2023-11-09 12:38:50"},{"nodeID":"1288135","text":"Arguing","type":"YA","timestamp":"2023-11-09 12:38:50"}],"edges":[{"edgeID":"1694173","fromID":"1288016","toID":"1288015","formEdgeID":null},{"edgeID":"1694174","fromID":"1288017","toID":"1288016","formEdgeID":null},{"edgeID":"1694175","fromID":"1288015","toID":"1288018","formEdgeID":null},{"edgeID":"1694176","fromID":"1288018","toID":"899109","formEdgeID":null},{"edgeID":"1694177","fromID":"1288021","toID":"1288020","formEdgeID":null},{"edgeID":"1694178","fromID":"1288022","toID":"1288021","formEdgeID":null},{"edgeID":"1694179","fromID":"1288020","toID":"1288023","formEdgeID":null},{"edgeID":"1694180","fromID":"1288023","toID":"1288019","formEdgeID":null},{"edgeID":"1694181","fromID":"1288026","toID":"1288025","formEdgeID":null},{"edgeID":"1694182","fromID":"1288027","toID":"1288026","formEdgeID":null},{"edgeID":"1694183","fromID":"1288025","toID":"1288028","formEdgeID":null},{"edgeID":"1694184","fromID":"1288028","toID":"1288024","formEdgeID":null},{"edgeID":"1694185","fromID":"1288020","toID":"1288029","formEdgeID":null},{"edgeID":"1694186","fromID":"1288029","toID":"1288025","formEdgeID":null},{"edgeID":"1694187","fromID":"1288032","toID":"1288031","formEdgeID":null},{"edgeID":"1694188","fromID":"1288033","toID":"1288032","formEdgeID":null},{"edgeID":"1694189","fromID":"1288031","toID":"1288034","formEdgeID":null},{"edgeID":"1694190","fromID":"1288034","toID":"1288030","formEdgeID":null},{"edgeID":"1694191","fromID":"1288037","toID":"1288036","formEdgeID":null},{"edgeID":"1694192","fromID":"1288038","toID":"1288037","formEdgeID":null},{"edgeID":"1694193","fromID":"1288036","toID":"1288039","formEdgeID":null},{"edgeID":"1694194","fromID":"1288039","toID":"1288035","formEdgeID":null},{"edgeID":"1694195","fromID":"1288042","toID":"1288041","formEdgeID":null},{"edgeID":"1694196","fromID":"1288043","toID":"1288042","formEdgeID":null},{"edgeID":"1694197","fromID":"1288041","toID":"1288044","formEdgeID":null},{"edgeID":"1694198","fromID":"1288044","toID":"1288040","formEdgeID":null},{"edgeID":"1694199","fromID":"899109","toID":"1288045","formEdgeID":null},{"edgeID":"1694200","fromID":"1288045","toID":"1288024","formEdgeID":null},{"edgeID":"1694201","fromID":"1288019","toID":"1288045","formEdgeID":null},{"edgeID":"1694202","fromID":"1288015","toID":"1288046","formEdgeID":null},{"edgeID":"1694203","fromID":"1288046","toID":"1288025","formEdgeID":null},{"edgeID":"1694204","fromID":"1288029","toID":"1288047","formEdgeID":null},{"edgeID":"1694205","fromID":"1288047","toID":"1288045","formEdgeID":null},{"edgeID":"1694206","fromID":"1288030","toID":"1288048","formEdgeID":null},{"edgeID":"1694207","fromID":"1288048","toID":"1288035","formEdgeID":null},{"edgeID":"1694208","fromID":"1288025","toID":"1288049","formEdgeID":null},{"edgeID":"1694209","fromID":"1288049","toID":"1288031","formEdgeID":null},{"edgeID":"1694210","fromID":"1288031","toID":"1288050","formEdgeID":null},{"edgeID":"1694211","fromID":"1288050","toID":"1288036","formEdgeID":null},{"edgeID":"1694212","fromID":"1288050","toID":"1288051","formEdgeID":null},{"edgeID":"1694213","fromID":"1288051","toID":"1288048","formEdgeID":null},{"edgeID":"1694214","fromID":"1288036","toID":"1288052","formEdgeID":null},{"edgeID":"1694215","fromID":"1288052","toID":"1288041","formEdgeID":null},{"edgeID":"1694216","fromID":"1288055","toID":"1288054","formEdgeID":null},{"edgeID":"1694217","fromID":"1288056","toID":"1288055","formEdgeID":null},{"edgeID":"1694218","fromID":"1288054","toID":"1288057","formEdgeID":null},{"edgeID":"1694219","fromID":"1288057","toID":"1288053","formEdgeID":null},{"edgeID":"1694220","fromID":"1288060","toID":"1288059","formEdgeID":null},{"edgeID":"1694221","fromID":"1288061","toID":"1288060","formEdgeID":null},{"edgeID":"1694222","fromID":"1288059","toID":"1288062","formEdgeID":null},{"edgeID":"1694223","fromID":"1288062","toID":"1288058","formEdgeID":null},{"edgeID":"1694224","fromID":"1288053","toID":"1288063","formEdgeID":null},{"edgeID":"1694225","fromID":"1288063","toID":"1288058","formEdgeID":null},{"edgeID":"1694226","fromID":"1288054","toID":"1288064","formEdgeID":null},{"edgeID":"1694227","fromID":"1288064","toID":"1288059","formEdgeID":null},{"edgeID":"1694228","fromID":"1288064","toID":"1288065","formEdgeID":null},{"edgeID":"1694229","fromID":"1288065","toID":"1288063","formEdgeID":null},{"edgeID":"1694230","fromID":"1288040","toID":"1288063","formEdgeID":null},{"edgeID":"1694231","fromID":"1288041","toID":"1288066","formEdgeID":null},{"edgeID":"1694232","fromID":"1288066","toID":"1288059","formEdgeID":null},{"edgeID":"1694233","fromID":"1288069","toID":"1288068","formEdgeID":null},{"edgeID":"1694234","fromID":"1288070","toID":"1288069","formEdgeID":null},{"edgeID":"1694235","fromID":"1288068","toID":"1288071","formEdgeID":null},{"edgeID":"1694236","fromID":"1288071","toID":"1288067","formEdgeID":null},{"edgeID":"1694237","fromID":"1288059","toID":"1288072","formEdgeID":null},{"edgeID":"1694238","fromID":"1288072","toID":"1288068","formEdgeID":null},{"edgeID":"1694239","fromID":"1288067","toID":"1288073","formEdgeID":null},{"edgeID":"1694240","fromID":"1288073","toID":"1288058","formEdgeID":null},{"edgeID":"1694241","fromID":"1288072","toID":"1288074","formEdgeID":null},{"edgeID":"1694242","fromID":"1288074","toID":"1288073","formEdgeID":null},{"edgeID":"1694243","fromID":"1288077","toID":"1288076","formEdgeID":null},{"edgeID":"1694244","fromID":"1288078","toID":"1288077","formEdgeID":null},{"edgeID":"1694245","fromID":"1288076","toID":"1288079","formEdgeID":null},{"edgeID":"1694246","fromID":"1288079","toID":"1288075","formEdgeID":null},{"edgeID":"1694247","fromID":"1288082","toID":"1288081","formEdgeID":null},{"edgeID":"1694248","fromID":"1288083","toID":"1288082","formEdgeID":null},{"edgeID":"1694249","fromID":"1288081","toID":"1288084","formEdgeID":null},{"edgeID":"1694250","fromID":"1288084","toID":"1288080","formEdgeID":null},{"edgeID":"1694251","fromID":"1288068","toID":"1288085","formEdgeID":null},{"edgeID":"1694252","fromID":"1288085","toID":"1288076","formEdgeID":null},{"edgeID":"1694253","fromID":"1288076","toID":"1288086","formEdgeID":null},{"edgeID":"1694254","fromID":"1288086","toID":"1288081","formEdgeID":null},{"edgeID":"1694255","fromID":"1288089","toID":"1288088","formEdgeID":null},{"edgeID":"1694256","fromID":"1288090","toID":"1288089","formEdgeID":null},{"edgeID":"1694257","fromID":"1288092","toID":"1288091","formEdgeID":null},{"edgeID":"1694258","fromID":"1288093","toID":"1288092","formEdgeID":null},{"edgeID":"1694259","fromID":"1288091","toID":"1288094","formEdgeID":null},{"edgeID":"1694260","fromID":"1288094","toID":"1288087","formEdgeID":null},{"edgeID":"1694261","fromID":"1288088","toID":"1288095","formEdgeID":null},{"edgeID":"1694262","fromID":"1288095","toID":"1288091","formEdgeID":null},{"edgeID":"1694263","fromID":"1288081","toID":"1288096","formEdgeID":null},{"edgeID":"1694264","fromID":"1288096","toID":"1288088","formEdgeID":null},{"edgeID":"1694265","fromID":"1288099","toID":"1288098","formEdgeID":null},{"edgeID":"1694266","fromID":"1288100","toID":"1288099","formEdgeID":null},{"edgeID":"1694267","fromID":"1288098","toID":"1288101","formEdgeID":null},{"edgeID":"1694268","fromID":"1288101","toID":"1288097","formEdgeID":null},{"edgeID":"1694269","fromID":"1288103","toID":"1288102","formEdgeID":null},{"edgeID":"1694270","fromID":"1288104","toID":"1288103","formEdgeID":null},{"edgeID":"1694271","fromID":"1288102","toID":"1288105","formEdgeID":null},{"edgeID":"1694272","fromID":"1288105","toID":"899118","formEdgeID":null},{"edgeID":"1694273","fromID":"1288088","toID":"1288106","formEdgeID":null},{"edgeID":"1694274","fromID":"1288106","toID":"1288098","formEdgeID":null},{"edgeID":"1694275","fromID":"1288098","toID":"1288107","formEdgeID":null},{"edgeID":"1694276","fromID":"1288107","toID":"1288102","formEdgeID":null},{"edgeID":"1694277","fromID":"1288110","toID":"1288109","formEdgeID":null},{"edgeID":"1694278","fromID":"1288111","toID":"1288110","formEdgeID":null},{"edgeID":"1694279","fromID":"1288109","toID":"1288112","formEdgeID":null},{"edgeID":"1694280","fromID":"1288112","toID":"1288108","formEdgeID":null},{"edgeID":"1694281","fromID":"1288102","toID":"1288113","formEdgeID":null},{"edgeID":"1694282","fromID":"1288113","toID":"1288109","formEdgeID":null},{"edgeID":"1694283","fromID":"1288116","toID":"1288115","formEdgeID":null},{"edgeID":"1694284","fromID":"1288117","toID":"1288116","formEdgeID":null},{"edgeID":"1694285","fromID":"1288115","toID":"1288118","formEdgeID":null},{"edgeID":"1694286","fromID":"1288118","toID":"1288114","formEdgeID":null},{"edgeID":"1694287","fromID":"1288109","toID":"1288119","formEdgeID":null},{"edgeID":"1694288","fromID":"1288119","toID":"1288115","formEdgeID":null},{"edgeID":"1694289","fromID":"1288122","toID":"1288121","formEdgeID":null},{"edgeID":"1694290","fromID":"1288123","toID":"1288122","formEdgeID":null},{"edgeID":"1694291","fromID":"1288121","toID":"1288124","formEdgeID":null},{"edgeID":"1694292","fromID":"1288124","toID":"1288120","formEdgeID":null},{"edgeID":"1694293","fromID":"1288127","toID":"1288126","formEdgeID":null},{"edgeID":"1694294","fromID":"1288128","toID":"1288127","formEdgeID":null},{"edgeID":"1694295","fromID":"1288126","toID":"1288129","formEdgeID":null},{"edgeID":"1694296","fromID":"1288129","toID":"1288125","formEdgeID":null},{"edgeID":"1694297","fromID":"1288115","toID":"1288130","formEdgeID":null},{"edgeID":"1694298","fromID":"1288130","toID":"1288121","formEdgeID":null},{"edgeID":"1694299","fromID":"1288121","toID":"1288131","formEdgeID":null},{"edgeID":"1694300","fromID":"1288131","toID":"1288126","formEdgeID":null},{"edgeID":"1694301","fromID":"1288114","toID":"1288132","formEdgeID":null},{"edgeID":"1694302","fromID":"1288132","toID":"1288120","formEdgeID":null},{"edgeID":"1694303","fromID":"1288130","toID":"1288133","formEdgeID":null},{"edgeID":"1694304","fromID":"1288133","toID":"1288132","formEdgeID":null},{"edgeID":"1694305","fromID":"1288120","toID":"1288134","formEdgeID":null},{"edgeID":"1694306","fromID":"1288134","toID":"1288125","formEdgeID":null},{"edgeID":"1694307","fromID":"1288131","toID":"1288135","formEdgeID":null},{"edgeID":"1694308","fromID":"1288135","toID":"1288134","formEdgeID":null}],"locutions":[]}