{"nodes":[{"nodeID":"898896","text":"we were incredibly worried about the idea of the mandate in the first place","type":"I","timestamp":"2022-02-10 21:17:57"},{"nodeID":"898902","text":"we did warn the Government that a mandate would potentially risk losing staff at the time when we needed them most","type":"I","timestamp":"2022-02-10 21:17:59"},{"nodeID":"899021","text":"one of the factors is the notion that Black and Minority Ethnic (BAME) people have been badly treated","type":"I","timestamp":"2022-02-10 21:18:43"},{"nodeID":"899073","text":"the Government should or should not abandon its plans to make vaccinations mandatory for NHS staff","type":"I","timestamp":"2022-02-10 21:19:02"},{"nodeID":"899097","text":"if one looks at the work of the independent risk and health observatory which studies vaccine messaging, they will tell you some of the messaging was inappropriate given by the wrong people at the wrong time, in the wrong way","type":"I","timestamp":"2022-02-10 21:19:11"},{"nodeID":"1285065","text":"there is a shortage of medical personnel","type":"I","timestamp":"2023-11-09 12:34:18"},{"nodeID":"1285066","text":"AudienceMember 20220210QT11: Given the shortage of medical personnel","type":"L","timestamp":"2023-11-09 12:34:18"},{"nodeID":"1285067","text":"Analysing","type":"YA","timestamp":"2023-11-09 12:34:18"},{"nodeID":"1285068","text":"Anon: AudienceMember 20220210QT11: Given the shortage of medical personnel","type":"L","timestamp":"2023-11-09 12:34:18"},{"nodeID":"1285069","text":"Asserting","type":"YA","timestamp":"2023-11-09 12:34:18"},{"nodeID":"1285070","text":"AudienceMember 20220210QT11: should the Government abandon its plans to make vaccinations mandatory for NHS staff","type":"L","timestamp":"2023-11-09 12:34:18"},{"nodeID":"1285071","text":"Analysing","type":"YA","timestamp":"2023-11-09 12:34:18"},{"nodeID":"1285072","text":"Anon: AudienceMember 20220210QT11: should the Government abandon its plans to make vaccinations mandatory for NHS staff","type":"L","timestamp":"2023-11-09 12:34:18"},{"nodeID":"1285073","text":"Pure Questioning","type":"YA","timestamp":"2023-11-09 12:34:18"},{"nodeID":"1285074","text":"making vaccinations mandatory would lead to fewer frontline workers","type":"I","timestamp":"2023-11-09 12:34:19"},{"nodeID":"1285075","text":"AudienceMember 20220210QT11: would lead it fewer frontline workers","type":"L","timestamp":"2023-11-09 12:34:19"},{"nodeID":"1285076","text":"Analysing","type":"YA","timestamp":"2023-11-09 12:34:19"},{"nodeID":"1285077","text":"Anon: AudienceMember 20220210QT11: would lead it fewer frontline workers","type":"L","timestamp":"2023-11-09 12:34:19"},{"nodeID":"1285078","text":"Asserting","type":"YA","timestamp":"2023-11-09 12:34:19"},{"nodeID":"1285079","text":"Default Inference","type":"RA","timestamp":"2023-11-09 12:34:19"},{"nodeID":"1285080","text":"Default Transition","type":"TA","timestamp":"2023-11-09 12:34:19"},{"nodeID":"1285081","text":"Default Transition","type":"TA","timestamp":"2023-11-09 12:34:19"},{"nodeID":"1285082","text":"Victor is the head of the NHS Confederation","type":"I","timestamp":"2023-11-09 12:34:19"},{"nodeID":"1285083","text":"Fiona Bruce: Victor I will come to you as head of the NHS Confederation","type":"L","timestamp":"2023-11-09 12:34:19"},{"nodeID":"1285084","text":"Analysing","type":"YA","timestamp":"2023-11-09 12:34:19"},{"nodeID":"1285085","text":"Anon: Fiona Bruce: Victor I will come to you as head of the NHS Confederation","type":"L","timestamp":"2023-11-09 12:34:19"},{"nodeID":"1285086","text":"Asserting","type":"YA","timestamp":"2023-11-09 12:34:19"},{"nodeID":"1285087","text":"Default Transition","type":"TA","timestamp":"2023-11-09 12:34:19"},{"nodeID":"1285088","text":"Victor Adebowale: We were incredibly worried about the idea of the mandate in the first place","type":"L","timestamp":"2023-11-09 12:34:20"},{"nodeID":"1285089","text":"Analysing","type":"YA","timestamp":"2023-11-09 12:34:20"},{"nodeID":"1285090","text":"Anon: Victor Adebowale: We were incredibly worried about the idea of the mandate in the first place","type":"L","timestamp":"2023-11-09 12:34:20"},{"nodeID":"1285091","text":"Asserting","type":"YA","timestamp":"2023-11-09 12:34:20"},{"nodeID":"1285092","text":"Default Inference","type":"RA","timestamp":"2023-11-09 12:34:20"},{"nodeID":"1285093","text":"Default Transition","type":"TA","timestamp":"2023-11-09 12:34:20"},{"nodeID":"1285094","text":"Arguing","type":"YA","timestamp":"2023-11-09 12:34:20"},{"nodeID":"1285095","text":"Arguing","type":"YA","timestamp":"2023-11-09 12:34:20"},{"nodeID":"1285096","text":"Victor Adobowale's members worked really hard to vaccinate as many staff as possible","type":"I","timestamp":"2023-11-09 12:34:20"},{"nodeID":"1285097","text":"Victor Adebowale: My members worked really hard to vaccinate as many staff as possible","type":"L","timestamp":"2023-11-09 12:34:20"},{"nodeID":"1285098","text":"Analysing","type":"YA","timestamp":"2023-11-09 12:34:20"},{"nodeID":"1285099","text":"Anon: Victor Adebowale: My members worked really hard to vaccinate as many staff as possible","type":"L","timestamp":"2023-11-09 12:34:20"},{"nodeID":"1285100","text":"Asserting","type":"YA","timestamp":"2023-11-09 12:34:20"},{"nodeID":"1285101","text":"Default Transition","type":"TA","timestamp":"2023-11-09 12:34:20"},{"nodeID":"1285102","text":"95% of NHS staff are vaccinated","type":"I","timestamp":"2023-11-09 12:34:21"},{"nodeID":"1285103","text":"Victor Adebowale: 95% of NHS staff are vaccinated","type":"L","timestamp":"2023-11-09 12:34:21"},{"nodeID":"1285104","text":"Analysing","type":"YA","timestamp":"2023-11-09 12:34:21"},{"nodeID":"1285105","text":"Anon: Victor Adebowale: 95% of NHS staff are vaccinated","type":"L","timestamp":"2023-11-09 12:34:21"},{"nodeID":"1285106","text":"Asserting","type":"YA","timestamp":"2023-11-09 12:34:21"},{"nodeID":"1285107","text":"Default Transition","type":"TA","timestamp":"2023-11-09 12:34:21"},{"nodeID":"1285108","text":"there are massive discrepancies in the percent of vaccinated NHS staff depending on where one is","type":"I","timestamp":"2023-11-09 12:34:22"},{"nodeID":"1285109","text":"Victor Adebowale: there are massive discrepancies depending on where you are","type":"L","timestamp":"2023-11-09 12:34:22"},{"nodeID":"1285110","text":"Analysing","type":"YA","timestamp":"2023-11-09 12:34:22"},{"nodeID":"1285111","text":"Anon: Victor Adebowale: there are massive discrepancies depending on where you are","type":"L","timestamp":"2023-11-09 12:34:22"},{"nodeID":"1285112","text":"Asserting","type":"YA","timestamp":"2023-11-09 12:34:22"},{"nodeID":"1285113","text":"Default Transition","type":"TA","timestamp":"2023-11-09 12:34:22"},{"nodeID":"1285114","text":"the percent of vaccinated Black and Minority Ethnic (BAME) staff are well below 95%","type":"I","timestamp":"2023-11-09 12:34:22"},{"nodeID":"1285115","text":"Victor Adebowale: the numbers of Black and Minority Ethnic (BAME) staff are well below that","type":"L","timestamp":"2023-11-09 12:34:22"},{"nodeID":"1285116","text":"Analysing","type":"YA","timestamp":"2023-11-09 12:34:22"},{"nodeID":"1285117","text":"Anon: Victor Adebowale: the numbers of Black and Minority Ethnic (BAME) staff are well below that","type":"L","timestamp":"2023-11-09 12:34:22"},{"nodeID":"1285118","text":"Asserting","type":"YA","timestamp":"2023-11-09 12:34:22"},{"nodeID":"1285119","text":"Default Transition","type":"TA","timestamp":"2023-11-09 12:34:22"},{"nodeID":"1285120","text":"Victor Adebowale: We did warn the Government that a mandate would potentially risk losing staff at the time when we needed them most","type":"L","timestamp":"2023-11-09 12:34:23"},{"nodeID":"1285121","text":"Analysing","type":"YA","timestamp":"2023-11-09 12:34:23"},{"nodeID":"1285122","text":"Anon: Victor Adebowale: We did warn the Government that a mandate would potentially risk losing staff at the time when we needed them most","type":"L","timestamp":"2023-11-09 12:34:23"},{"nodeID":"1285123","text":"Asserting","type":"YA","timestamp":"2023-11-09 12:34:23"},{"nodeID":"1285124","text":"Default Transition","type":"TA","timestamp":"2023-11-09 12:34:23"},{"nodeID":"1285125","text":"Victor Adebowale thinks xxx is causing the reluctance to take the vaccine","type":"I","timestamp":"2023-11-09 12:34:23"},{"nodeID":"1285126","text":"Fiona Bruce: What's causing the reluctance do you think","type":"L","timestamp":"2023-11-09 12:34:23"},{"nodeID":"1285127","text":"Analysing","type":"YA","timestamp":"2023-11-09 12:34:23"},{"nodeID":"1285128","text":"Anon: Fiona Bruce: What's causing the reluctance do you think","type":"L","timestamp":"2023-11-09 12:34:23"},{"nodeID":"1285129","text":"Pure Questioning","type":"YA","timestamp":"2023-11-09 12:34:23"},{"nodeID":"1285130","text":"there are a number of factors for the reluctance to take the vaccine","type":"I","timestamp":"2023-11-09 12:34:24"},{"nodeID":"1285131","text":"Victor Adebowale: there are a number of factors","type":"L","timestamp":"2023-11-09 12:34:24"},{"nodeID":"1285132","text":"Analysing","type":"YA","timestamp":"2023-11-09 12:34:24"},{"nodeID":"1285133","text":"Anon: Victor Adebowale: there are a number of factors","type":"L","timestamp":"2023-11-09 12:34:24"},{"nodeID":"1285134","text":"Asserting","type":"YA","timestamp":"2023-11-09 12:34:24"},{"nodeID":"1285135","text":"Default Transition","type":"TA","timestamp":"2023-11-09 12:34:24"},{"nodeID":"1285136","text":"Default Rephrase","type":"MA","timestamp":"2023-11-09 12:34:24"},{"nodeID":"1285137","text":"Default Illocuting","type":"YA","timestamp":"2023-11-09 12:34:24"},{"nodeID":"1285138","text":"Victor Adebowale: one of them is the notion that Black and Minority Ethnic (BAME) people have been badly treated","type":"L","timestamp":"2023-11-09 12:34:24"},{"nodeID":"1285139","text":"Analysing","type":"YA","timestamp":"2023-11-09 12:34:24"},{"nodeID":"1285140","text":"Anon: Victor Adebowale: one of them is the notion that Black and Minority Ethnic (BAME) people have been badly treated","type":"L","timestamp":"2023-11-09 12:34:24"},{"nodeID":"1285141","text":"Asserting","type":"YA","timestamp":"2023-11-09 12:34:24"},{"nodeID":"1285142","text":"Default Rephrase","type":"MA","timestamp":"2023-11-09 12:34:24"},{"nodeID":"1285143","text":"Default Transition","type":"TA","timestamp":"2023-11-09 12:34:24"},{"nodeID":"1285144","text":"Restating","type":"YA","timestamp":"2023-11-09 12:34:24"},{"nodeID":"1285145","text":"BAME people have very good reasons not to trust leadership","type":"I","timestamp":"2023-11-09 12:34:25"},{"nodeID":"1285146","text":"Victor Adebowale: they have very good reasons not to trust leadership","type":"L","timestamp":"2023-11-09 12:34:25"},{"nodeID":"1285147","text":"Analysing","type":"YA","timestamp":"2023-11-09 12:34:25"},{"nodeID":"1285148","text":"Anon: Victor Adebowale: they have very good reasons not to trust leadership","type":"L","timestamp":"2023-11-09 12:34:25"},{"nodeID":"1285149","text":"Asserting","type":"YA","timestamp":"2023-11-09 12:34:25"},{"nodeID":"1285150","text":"Default Inference","type":"RA","timestamp":"2023-11-09 12:34:25"},{"nodeID":"1285151","text":"Default Transition","type":"TA","timestamp":"2023-11-09 12:34:25"},{"nodeID":"1285152","text":"Arguing","type":"YA","timestamp":"2023-11-09 12:34:25"},{"nodeID":"1285153","text":"BAME people having been badly treated is a painful fact","type":"I","timestamp":"2023-11-09 12:34:26"},{"nodeID":"1285154","text":"Victor Adebowale: It's a painful fact","type":"L","timestamp":"2023-11-09 12:34:26"},{"nodeID":"1285155","text":"Analysing","type":"YA","timestamp":"2023-11-09 12:34:26"},{"nodeID":"1285156","text":"Anon: Victor Adebowale: It's a painful fact","type":"L","timestamp":"2023-11-09 12:34:26"},{"nodeID":"1285157","text":"Asserting","type":"YA","timestamp":"2023-11-09 12:34:26"},{"nodeID":"1285158","text":"Default Transition","type":"TA","timestamp":"2023-11-09 12:34:26"},{"nodeID":"1285159","text":"Victor Adebowale: If you look at the work of the independent risk and health observatory which studies this stuff, they will tell you some of the messaging was inappropriate given by the wrong people at the wrong time, in the wrong way","type":"L","timestamp":"2023-11-09 12:34:26"},{"nodeID":"1285160","text":"Analysing","type":"YA","timestamp":"2023-11-09 12:34:26"},{"nodeID":"1285161","text":"Anon: Victor Adebowale: If you look at the work of the independent risk and health observatory which studies this stuff, they will tell you some of the messaging was inappropriate given by the wrong people at the wrong time, in the wrong way","type":"L","timestamp":"2023-11-09 12:34:26"},{"nodeID":"1285162","text":"Asserting","type":"YA","timestamp":"2023-11-09 12:34:26"},{"nodeID":"1285163","text":"Default Transition","type":"TA","timestamp":"2023-11-09 12:34:26"},{"nodeID":"1285164","text":"Default Rephrase","type":"MA","timestamp":"2023-11-09 12:34:26"},{"nodeID":"1285165","text":"Default Transition","type":"TA","timestamp":"2023-11-09 12:34:26"},{"nodeID":"1285166","text":"Default Illocuting","type":"YA","timestamp":"2023-11-09 12:34:26"},{"nodeID":"1285167","text":"we would have had to close a baby delivery unit","type":"I","timestamp":"2023-11-09 12:34:27"},{"nodeID":"1285168","text":"Victor Adebowale: we would have had to close a baby delivery unit","type":"L","timestamp":"2023-11-09 12:34:27"},{"nodeID":"1285169","text":"Analysing","type":"YA","timestamp":"2023-11-09 12:34:27"},{"nodeID":"1285170","text":"Anon: Victor Adebowale: we would have had to close a baby delivery unit","type":"L","timestamp":"2023-11-09 12:34:27"},{"nodeID":"1285171","text":"Asserting","type":"YA","timestamp":"2023-11-09 12:34:27"},{"nodeID":"1285172","text":"Default Transition","type":"TA","timestamp":"2023-11-09 12:34:27"},{"nodeID":"1285173","text":"Default Transition","type":"TA","timestamp":"2023-11-09 12:34:27"}],"edges":[{"edgeID":"1690537","fromID":"1285067","toID":"1285066","formEdgeID":null},{"edgeID":"1690538","fromID":"1285068","toID":"1285067","formEdgeID":null},{"edgeID":"1690539","fromID":"1285066","toID":"1285069","formEdgeID":null},{"edgeID":"1690540","fromID":"1285069","toID":"1285065","formEdgeID":null},{"edgeID":"1690541","fromID":"1285071","toID":"1285070","formEdgeID":null},{"edgeID":"1690542","fromID":"1285072","toID":"1285071","formEdgeID":null},{"edgeID":"1690543","fromID":"1285070","toID":"1285073","formEdgeID":null},{"edgeID":"1690544","fromID":"1285073","toID":"899073","formEdgeID":null},{"edgeID":"1690545","fromID":"1285076","toID":"1285075","formEdgeID":null},{"edgeID":"1690546","fromID":"1285077","toID":"1285076","formEdgeID":null},{"edgeID":"1690547","fromID":"1285075","toID":"1285078","formEdgeID":null},{"edgeID":"1690548","fromID":"1285078","toID":"1285074","formEdgeID":null},{"edgeID":"1690549","fromID":"1285074","toID":"1285079","formEdgeID":null},{"edgeID":"1690550","fromID":"1285079","toID":"899073","formEdgeID":null},{"edgeID":"1690551","fromID":"1285075","toID":"1285080","formEdgeID":null},{"edgeID":"1690552","fromID":"1285080","toID":"1285070","formEdgeID":null},{"edgeID":"1690553","fromID":"1285066","toID":"1285081","formEdgeID":null},{"edgeID":"1690554","fromID":"1285081","toID":"1285070","formEdgeID":null},{"edgeID":"1690555","fromID":"1285084","toID":"1285083","formEdgeID":null},{"edgeID":"1690556","fromID":"1285085","toID":"1285084","formEdgeID":null},{"edgeID":"1690557","fromID":"1285083","toID":"1285086","formEdgeID":null},{"edgeID":"1690558","fromID":"1285086","toID":"1285082","formEdgeID":null},{"edgeID":"1690559","fromID":"1285075","toID":"1285087","formEdgeID":null},{"edgeID":"1690560","fromID":"1285087","toID":"1285083","formEdgeID":null},{"edgeID":"1690561","fromID":"1285089","toID":"1285088","formEdgeID":null},{"edgeID":"1690562","fromID":"1285090","toID":"1285089","formEdgeID":null},{"edgeID":"1690563","fromID":"1285088","toID":"1285091","formEdgeID":null},{"edgeID":"1690564","fromID":"1285091","toID":"898896","formEdgeID":null},{"edgeID":"1690565","fromID":"1285074","toID":"1285092","formEdgeID":null},{"edgeID":"1690566","fromID":"1285092","toID":"898896","formEdgeID":null},{"edgeID":"1690567","fromID":"1285075","toID":"1285093","formEdgeID":null},{"edgeID":"1690568","fromID":"1285093","toID":"1285088","formEdgeID":null},{"edgeID":"1690569","fromID":"1285093","toID":"1285094","formEdgeID":null},{"edgeID":"1690570","fromID":"1285094","toID":"1285092","formEdgeID":null},{"edgeID":"1690571","fromID":"1285080","toID":"1285095","formEdgeID":null},{"edgeID":"1690572","fromID":"1285095","toID":"1285079","formEdgeID":null},{"edgeID":"1690573","fromID":"1285098","toID":"1285097","formEdgeID":null},{"edgeID":"1690574","fromID":"1285099","toID":"1285098","formEdgeID":null},{"edgeID":"1690575","fromID":"1285097","toID":"1285100","formEdgeID":null},{"edgeID":"1690576","fromID":"1285100","toID":"1285096","formEdgeID":null},{"edgeID":"1690577","fromID":"1285088","toID":"1285101","formEdgeID":null},{"edgeID":"1690578","fromID":"1285101","toID":"1285097","formEdgeID":null},{"edgeID":"1690579","fromID":"1285104","toID":"1285103","formEdgeID":null},{"edgeID":"1690580","fromID":"1285105","toID":"1285104","formEdgeID":null},{"edgeID":"1690581","fromID":"1285103","toID":"1285106","formEdgeID":null},{"edgeID":"1690582","fromID":"1285106","toID":"1285102","formEdgeID":null},{"edgeID":"1690583","fromID":"1285097","toID":"1285107","formEdgeID":null},{"edgeID":"1690584","fromID":"1285107","toID":"1285103","formEdgeID":null},{"edgeID":"1690585","fromID":"1285110","toID":"1285109","formEdgeID":null},{"edgeID":"1690586","fromID":"1285111","toID":"1285110","formEdgeID":null},{"edgeID":"1690587","fromID":"1285109","toID":"1285112","formEdgeID":null},{"edgeID":"1690588","fromID":"1285112","toID":"1285108","formEdgeID":null},{"edgeID":"1690589","fromID":"1285103","toID":"1285113","formEdgeID":null},{"edgeID":"1690590","fromID":"1285113","toID":"1285109","formEdgeID":null},{"edgeID":"1690591","fromID":"1285116","toID":"1285115","formEdgeID":null},{"edgeID":"1690592","fromID":"1285117","toID":"1285116","formEdgeID":null},{"edgeID":"1690593","fromID":"1285115","toID":"1285118","formEdgeID":null},{"edgeID":"1690594","fromID":"1285118","toID":"1285114","formEdgeID":null},{"edgeID":"1690595","fromID":"1285109","toID":"1285119","formEdgeID":null},{"edgeID":"1690596","fromID":"1285119","toID":"1285115","formEdgeID":null},{"edgeID":"1690597","fromID":"1285121","toID":"1285120","formEdgeID":null},{"edgeID":"1690598","fromID":"1285122","toID":"1285121","formEdgeID":null},{"edgeID":"1690599","fromID":"1285120","toID":"1285123","formEdgeID":null},{"edgeID":"1690600","fromID":"1285123","toID":"898902","formEdgeID":null},{"edgeID":"1690601","fromID":"1285115","toID":"1285124","formEdgeID":null},{"edgeID":"1690602","fromID":"1285124","toID":"1285120","formEdgeID":null},{"edgeID":"1690603","fromID":"1285127","toID":"1285126","formEdgeID":null},{"edgeID":"1690604","fromID":"1285128","toID":"1285127","formEdgeID":null},{"edgeID":"1690605","fromID":"1285126","toID":"1285129","formEdgeID":null},{"edgeID":"1690606","fromID":"1285129","toID":"1285125","formEdgeID":null},{"edgeID":"1690607","fromID":"1285132","toID":"1285131","formEdgeID":null},{"edgeID":"1690608","fromID":"1285133","toID":"1285132","formEdgeID":null},{"edgeID":"1690609","fromID":"1285131","toID":"1285134","formEdgeID":null},{"edgeID":"1690610","fromID":"1285134","toID":"1285130","formEdgeID":null},{"edgeID":"1690611","fromID":"1285126","toID":"1285135","formEdgeID":null},{"edgeID":"1690612","fromID":"1285135","toID":"1285131","formEdgeID":null},{"edgeID":"1690613","fromID":"1285130","toID":"1285136","formEdgeID":null},{"edgeID":"1690614","fromID":"1285136","toID":"1285125","formEdgeID":null},{"edgeID":"1690615","fromID":"1285135","toID":"1285137","formEdgeID":null},{"edgeID":"1690616","fromID":"1285137","toID":"1285136","formEdgeID":null},{"edgeID":"1690617","fromID":"1285139","toID":"1285138","formEdgeID":null},{"edgeID":"1690618","fromID":"1285140","toID":"1285139","formEdgeID":null},{"edgeID":"1690619","fromID":"1285138","toID":"1285141","formEdgeID":null},{"edgeID":"1690620","fromID":"1285141","toID":"899021","formEdgeID":null},{"edgeID":"1690621","fromID":"899021","toID":"1285142","formEdgeID":null},{"edgeID":"1690622","fromID":"1285142","toID":"1285130","formEdgeID":null},{"edgeID":"1690623","fromID":"1285131","toID":"1285143","formEdgeID":null},{"edgeID":"1690624","fromID":"1285143","toID":"1285138","formEdgeID":null},{"edgeID":"1690625","fromID":"1285143","toID":"1285144","formEdgeID":null},{"edgeID":"1690626","fromID":"1285144","toID":"1285142","formEdgeID":null},{"edgeID":"1690627","fromID":"1285147","toID":"1285146","formEdgeID":null},{"edgeID":"1690628","fromID":"1285148","toID":"1285147","formEdgeID":null},{"edgeID":"1690629","fromID":"1285146","toID":"1285149","formEdgeID":null},{"edgeID":"1690630","fromID":"1285149","toID":"1285145","formEdgeID":null},{"edgeID":"1690631","fromID":"899021","toID":"1285150","formEdgeID":null},{"edgeID":"1690632","fromID":"1285150","toID":"1285145","formEdgeID":null},{"edgeID":"1690633","fromID":"1285138","toID":"1285151","formEdgeID":null},{"edgeID":"1690634","fromID":"1285151","toID":"1285146","formEdgeID":null},{"edgeID":"1690635","fromID":"1285151","toID":"1285152","formEdgeID":null},{"edgeID":"1690636","fromID":"1285152","toID":"1285150","formEdgeID":null},{"edgeID":"1690637","fromID":"1285155","toID":"1285154","formEdgeID":null},{"edgeID":"1690638","fromID":"1285156","toID":"1285155","formEdgeID":null},{"edgeID":"1690639","fromID":"1285154","toID":"1285157","formEdgeID":null},{"edgeID":"1690640","fromID":"1285157","toID":"1285153","formEdgeID":null},{"edgeID":"1690641","fromID":"1285146","toID":"1285158","formEdgeID":null},{"edgeID":"1690642","fromID":"1285158","toID":"1285154","formEdgeID":null},{"edgeID":"1690643","fromID":"1285160","toID":"1285159","formEdgeID":null},{"edgeID":"1690644","fromID":"1285161","toID":"1285160","formEdgeID":null},{"edgeID":"1690645","fromID":"1285159","toID":"1285162","formEdgeID":null},{"edgeID":"1690646","fromID":"1285162","toID":"899097","formEdgeID":null},{"edgeID":"1690647","fromID":"1285154","toID":"1285163","formEdgeID":null},{"edgeID":"1690648","fromID":"1285163","toID":"1285159","formEdgeID":null},{"edgeID":"1690649","fromID":"899097","toID":"1285164","formEdgeID":null},{"edgeID":"1690650","fromID":"1285164","toID":"1285125","formEdgeID":null},{"edgeID":"1690651","fromID":"1285159","toID":"1285165","formEdgeID":null},{"edgeID":"1690652","fromID":"1285165","toID":"1285126","formEdgeID":null},{"edgeID":"1690653","fromID":"1285165","toID":"1285166","formEdgeID":null},{"edgeID":"1690654","fromID":"1285166","toID":"1285164","formEdgeID":null},{"edgeID":"1690655","fromID":"1285169","toID":"1285168","formEdgeID":null},{"edgeID":"1690656","fromID":"1285170","toID":"1285169","formEdgeID":null},{"edgeID":"1690657","fromID":"1285168","toID":"1285171","formEdgeID":null},{"edgeID":"1690658","fromID":"1285171","toID":"1285167","formEdgeID":null},{"edgeID":"1690659","fromID":"1285120","toID":"1285172","formEdgeID":null},{"edgeID":"1690660","fromID":"1285172","toID":"1285168","formEdgeID":null},{"edgeID":"1690661","fromID":"1285168","toID":"1285173","formEdgeID":null},{"edgeID":"1690662","fromID":"1285173","toID":"1285126","formEdgeID":null}],"locutions":[]}