{"nodes":[{"nodeID":"899035","text":"we need to move away from this narrative of black and ethnic minorities or don't trust the Government","type":"I","timestamp":"2022-02-10 21:18:48"},{"nodeID":"899042","text":"every person is best informed to know how they think they might fight Covid","type":"I","timestamp":"2022-02-10 21:18:51"},{"nodeID":"899055","text":"the vaccine should be an individual choice","type":"I","timestamp":"2022-02-10 21:18:55"},{"nodeID":"899060","text":"one lives in one's body and knows how one's body works","type":"I","timestamp":"2022-02-10 21:18:57"},{"nodeID":"1286055","text":"AudienceMember 20220210QT24: the vaccine should be an individual choice","type":"L","timestamp":"2023-11-09 12:35:44"},{"nodeID":"1286056","text":"Analysing","type":"YA","timestamp":"2023-11-09 12:35:44"},{"nodeID":"1286057","text":"Clara: AudienceMember 20220210QT24: the vaccine should be an individual choice","type":"L","timestamp":"2023-11-09 12:35:44"},{"nodeID":"1286058","text":"Asserting","type":"YA","timestamp":"2023-11-09 12:35:44"},{"nodeID":"1286059","text":"AudienceMember 20220210QT24: I live in my body and I know how my body works","type":"L","timestamp":"2023-11-09 12:35:45"},{"nodeID":"1286060","text":"Analysing","type":"YA","timestamp":"2023-11-09 12:35:45"},{"nodeID":"1286061","text":"Clara: AudienceMember 20220210QT24: I live in my body and I know how my body works","type":"L","timestamp":"2023-11-09 12:35:45"},{"nodeID":"1286062","text":"Asserting","type":"YA","timestamp":"2023-11-09 12:35:45"},{"nodeID":"1286063","text":"Default Transition","type":"TA","timestamp":"2023-11-09 12:35:45"},{"nodeID":"1286064","text":"AudienceMember 20220210QT24: I'm best informed to know how I thought I may fight Covid","type":"L","timestamp":"2023-11-09 12:35:45"},{"nodeID":"1286065","text":"Analysing","type":"YA","timestamp":"2023-11-09 12:35:45"},{"nodeID":"1286066","text":"Clara: AudienceMember 20220210QT24: I'm best informed to know how I thought I may fight Covid","type":"L","timestamp":"2023-11-09 12:35:45"},{"nodeID":"1286067","text":"Asserting","type":"YA","timestamp":"2023-11-09 12:35:45"},{"nodeID":"1286068","text":"Default Transition","type":"TA","timestamp":"2023-11-09 12:35:45"},{"nodeID":"1286069","text":"Default Inference","type":"RA","timestamp":"2023-11-09 12:35:45"},{"nodeID":"1286070","text":"Arguing","type":"YA","timestamp":"2023-11-09 12:35:45"},{"nodeID":"1286071","text":"AudienceMember 20220210QT24: we need to move away from this narrative of black and ethnic minorities or don't trust the Government","type":"L","timestamp":"2023-11-09 12:35:46"},{"nodeID":"1286072","text":"Analysing","type":"YA","timestamp":"2023-11-09 12:35:46"},{"nodeID":"1286073","text":"Clara: AudienceMember 20220210QT24: we need to move away from this narrative of black and ethnic minorities or don't trust the Government","type":"L","timestamp":"2023-11-09 12:35:46"},{"nodeID":"1286074","text":"Asserting","type":"YA","timestamp":"2023-11-09 12:35:46"},{"nodeID":"1286075","text":"Default Transition","type":"TA","timestamp":"2023-11-09 12:35:46"},{"nodeID":"1286076","text":"this narrative of black and ethnic minorities or don't trust the Government is the reason why people are not taking the vaccine","type":"I","timestamp":"2023-11-09 12:35:46"},{"nodeID":"1286077","text":"AudienceMember 20220210QT24: That's the reason why they are not taking the vaccine","type":"L","timestamp":"2023-11-09 12:35:46"},{"nodeID":"1286078","text":"Analysing","type":"YA","timestamp":"2023-11-09 12:35:46"},{"nodeID":"1286079","text":"Clara: AudienceMember 20220210QT24: That's the reason why they are not taking the vaccine","type":"L","timestamp":"2023-11-09 12:35:46"},{"nodeID":"1286080","text":"Asserting","type":"YA","timestamp":"2023-11-09 12:35:46"},{"nodeID":"1286081","text":"Default Transition","type":"TA","timestamp":"2023-11-09 12:35:46"},{"nodeID":"1286082","text":"Default Inference","type":"RA","timestamp":"2023-11-09 12:35:46"},{"nodeID":"1286083","text":"Arguing","type":"YA","timestamp":"2023-11-09 12:35:46"},{"nodeID":"1286084","text":"Default Transition","type":"TA","timestamp":"2023-11-09 12:35:46"},{"nodeID":"1286085","text":"Default Inference","type":"RA","timestamp":"2023-11-09 12:35:46"},{"nodeID":"1286086","text":"Arguing","type":"YA","timestamp":"2023-11-09 12:35:46"},{"nodeID":"1286087","text":"AudienceMember 20220210QT24 has made an individual choice about the vaccination","type":"I","timestamp":"2023-11-09 12:35:47"},{"nodeID":"1286088","text":"AudienceMember 20220210QT24: I have made an individual choice","type":"L","timestamp":"2023-11-09 12:35:47"},{"nodeID":"1286089","text":"Analysing","type":"YA","timestamp":"2023-11-09 12:35:47"},{"nodeID":"1286090","text":"Clara: AudienceMember 20220210QT24: I have made an individual choice","type":"L","timestamp":"2023-11-09 12:35:47"},{"nodeID":"1286091","text":"Asserting","type":"YA","timestamp":"2023-11-09 12:35:47"},{"nodeID":"1286092","text":"Default Transition","type":"TA","timestamp":"2023-11-09 12:35:47"},{"nodeID":"1286093","text":"AudienceMember 20220210QT24 is not an anti-vaxxer","type":"I","timestamp":"2023-11-09 12:35:48"},{"nodeID":"1286094","text":"AudienceMember 20220210QT24: I'm not an anti-vaxxer","type":"L","timestamp":"2023-11-09 12:35:48"},{"nodeID":"1286095","text":"Analysing","type":"YA","timestamp":"2023-11-09 12:35:48"},{"nodeID":"1286096","text":"Clara: AudienceMember 20220210QT24: I'm not an anti-vaxxer","type":"L","timestamp":"2023-11-09 12:35:48"},{"nodeID":"1286097","text":"Asserting","type":"YA","timestamp":"2023-11-09 12:35:48"},{"nodeID":"1286098","text":"Default Transition","type":"TA","timestamp":"2023-11-09 12:35:48"},{"nodeID":"1286099","text":"AudienceMember 20220210QT24 has persuaded their family members who are vulnerable, who they deem vulnerable to take the vaccine","type":"I","timestamp":"2023-11-09 12:35:48"},{"nodeID":"1286100","text":"AudienceMember 20220210QT24: I have persuaded my family members who are vulnerable, who I deem vulnerable to take the vaccine","type":"L","timestamp":"2023-11-09 12:35:48"},{"nodeID":"1286101","text":"Analysing","type":"YA","timestamp":"2023-11-09 12:35:48"},{"nodeID":"1286102","text":"Clara: AudienceMember 20220210QT24: I have persuaded my family members who are vulnerable, who I deem vulnerable to take the vaccine","type":"L","timestamp":"2023-11-09 12:35:48"},{"nodeID":"1286103","text":"Asserting","type":"YA","timestamp":"2023-11-09 12:35:48"},{"nodeID":"1286104","text":"Default Transition","type":"TA","timestamp":"2023-11-09 12:35:48"},{"nodeID":"1286105","text":"Default Inference","type":"RA","timestamp":"2023-11-09 12:35:48"},{"nodeID":"1286106","text":"Arguing","type":"YA","timestamp":"2023-11-09 12:35:48"},{"nodeID":"1286107","text":"AudienceMember 20220210QT24 is someone who has had Covid, and it was just a headache and a lower back pain, and they were able to ride it through right","type":"I","timestamp":"2023-11-09 12:35:49"},{"nodeID":"1286108","text":"AudienceMember 20220210QT24: someone who has had Covid, and it was just a headache and a lower back pain, and I was able to ride it through right","type":"L","timestamp":"2023-11-09 12:35:49"},{"nodeID":"1286109","text":"Analysing","type":"YA","timestamp":"2023-11-09 12:35:49"},{"nodeID":"1286110","text":"Clara: AudienceMember 20220210QT24: someone who has had Covid, and it was just a headache and a lower back pain, and I was able to ride it through right","type":"L","timestamp":"2023-11-09 12:35:49"},{"nodeID":"1286111","text":"Asserting","type":"YA","timestamp":"2023-11-09 12:35:49"},{"nodeID":"1286112","text":"for them personally, AudienceMember 20220210QT24 is fine without the vaccination","type":"I","timestamp":"2023-11-09 12:35:49"},{"nodeID":"1286113","text":"AudienceMember 20220210QT24: for me personally, I'm fine","type":"L","timestamp":"2023-11-09 12:35:49"},{"nodeID":"1286114","text":"Analysing","type":"YA","timestamp":"2023-11-09 12:35:49"},{"nodeID":"1286115","text":"Clara: AudienceMember 20220210QT24: for me personally, I'm fine","type":"L","timestamp":"2023-11-09 12:35:49"},{"nodeID":"1286116","text":"Asserting","type":"YA","timestamp":"2023-11-09 12:35:49"},{"nodeID":"1286117","text":"Default Transition","type":"TA","timestamp":"2023-11-09 12:35:49"},{"nodeID":"1286118","text":"Default Inference","type":"RA","timestamp":"2023-11-09 12:35:49"},{"nodeID":"1286119","text":"Arguing","type":"YA","timestamp":"2023-11-09 12:35:49"},{"nodeID":"1286120","text":"AudienceMember 20220210QT24 was a bit hesitant to even speak about the subject of getting vaccinated tonight","type":"I","timestamp":"2023-11-09 12:35:50"},{"nodeID":"1286121","text":"AudienceMember 20220210QT24: I was a bit hesitant to even speak about this subject tonight","type":"L","timestamp":"2023-11-09 12:35:50"},{"nodeID":"1286122","text":"Analysing","type":"YA","timestamp":"2023-11-09 12:35:50"},{"nodeID":"1286123","text":"Clara: AudienceMember 20220210QT24: I was a bit hesitant to even speak about this subject tonight","type":"L","timestamp":"2023-11-09 12:35:50"},{"nodeID":"1286124","text":"Asserting","type":"YA","timestamp":"2023-11-09 12:35:50"},{"nodeID":"1286125","text":"Default Transition","type":"TA","timestamp":"2023-11-09 12:35:50"},{"nodeID":"1286126","text":"Default Inference","type":"RA","timestamp":"2023-11-09 12:35:50"},{"nodeID":"1286127","text":"Arguing","type":"YA","timestamp":"2023-11-09 12:35:50"},{"nodeID":"1286128","text":"AudienceMember 20220210QT24 should not mention that they are not vaccinated","type":"I","timestamp":"2023-11-09 12:35:51"},{"nodeID":"1286129","text":"AudienceMember 20220210QT24: some of my close friends said don't mention that you are not vaccinated","type":"L","timestamp":"2023-11-09 12:35:51"},{"nodeID":"1286130","text":"Analysing","type":"YA","timestamp":"2023-11-09 12:35:51"},{"nodeID":"1286131","text":"Clara: AudienceMember 20220210QT24: some of my close friends I only told three people but a lot of them said don't mention that you are not vaccinated","type":"L","timestamp":"2023-11-09 12:35:51"},{"nodeID":"1286132","text":"Default Transition","type":"TA","timestamp":"2023-11-09 12:35:51"},{"nodeID":"1286133","text":"AudienceMember 20220210QT24 only told three people","type":"I","timestamp":"2023-11-09 12:35:51"},{"nodeID":"1286134","text":"AudienceMember 20220210QT24: I only told three people but a lot of them","type":"L","timestamp":"2023-11-09 12:35:51"},{"nodeID":"1286135","text":"Analysing","type":"YA","timestamp":"2023-11-09 12:35:51"},{"nodeID":"1286136","text":"Clara: AudienceMember 20220210QT24: I only told three people but a lot of them","type":"L","timestamp":"2023-11-09 12:35:51"},{"nodeID":"1286137","text":"Asserting","type":"YA","timestamp":"2023-11-09 12:35:51"},{"nodeID":"1286138","text":"Default Transition","type":"TA","timestamp":"2023-11-09 12:35:51"},{"nodeID":"1286139","text":"when AudienceMember 20220210QT24 goes back to work people will look at them like they smell","type":"I","timestamp":"2023-11-09 12:35:52"},{"nodeID":"1286140","text":"AudienceMember 20220210QT24: when you go back to work people will look at you like you smell","type":"L","timestamp":"2023-11-09 12:35:52"},{"nodeID":"1286141","text":"Analysing","type":"YA","timestamp":"2023-11-09 12:35:52"},{"nodeID":"1286142","text":"Clara: AudienceMember 20220210QT24: when you go back to work people will look at you like you smell!","type":"L","timestamp":"2023-11-09 12:35:52"},{"nodeID":"1286143","text":"Default Transition","type":"TA","timestamp":"2023-11-09 12:35:52"},{"nodeID":"1286144","text":"Default Inference","type":"RA","timestamp":"2023-11-09 12:35:52"},{"nodeID":"1286145","text":"Arguing","type":"YA","timestamp":"2023-11-09 12:35:52"},{"nodeID":"1286146","text":"Default Inference","type":"RA","timestamp":"2023-11-09 12:35:52"},{"nodeID":"1286147","text":"Arguing","type":"YA","timestamp":"2023-11-09 12:35:52"},{"nodeID":"1286148","text":"Default Transition","type":"TA","timestamp":"2023-11-09 12:35:52"},{"nodeID":"1286149","text":"Asserting","type":"YA","timestamp":"2023-11-09 12:35:52"},{"nodeID":"1286150","text":"Asserting","type":"YA","timestamp":"2023-11-09 12:35:52"}],"edges":[{"edgeID":"1691749","fromID":"1286056","toID":"1286055","formEdgeID":null},{"edgeID":"1691750","fromID":"1286057","toID":"1286056","formEdgeID":null},{"edgeID":"1691751","fromID":"1286055","toID":"1286058","formEdgeID":null},{"edgeID":"1691752","fromID":"1286058","toID":"899055","formEdgeID":null},{"edgeID":"1691753","fromID":"1286060","toID":"1286059","formEdgeID":null},{"edgeID":"1691754","fromID":"1286061","toID":"1286060","formEdgeID":null},{"edgeID":"1691755","fromID":"1286059","toID":"1286062","formEdgeID":null},{"edgeID":"1691756","fromID":"1286062","toID":"899060","formEdgeID":null},{"edgeID":"1691757","fromID":"1286055","toID":"1286063","formEdgeID":null},{"edgeID":"1691758","fromID":"1286063","toID":"1286059","formEdgeID":null},{"edgeID":"1691759","fromID":"1286065","toID":"1286064","formEdgeID":null},{"edgeID":"1691760","fromID":"1286066","toID":"1286065","formEdgeID":null},{"edgeID":"1691761","fromID":"1286064","toID":"1286067","formEdgeID":null},{"edgeID":"1691762","fromID":"1286067","toID":"899042","formEdgeID":null},{"edgeID":"1691763","fromID":"1286059","toID":"1286068","formEdgeID":null},{"edgeID":"1691764","fromID":"1286068","toID":"1286064","formEdgeID":null},{"edgeID":"1691765","fromID":"899060","toID":"1286069","formEdgeID":null},{"edgeID":"1691766","fromID":"1286069","toID":"899042","formEdgeID":null},{"edgeID":"1691767","fromID":"1286068","toID":"1286070","formEdgeID":null},{"edgeID":"1691768","fromID":"1286070","toID":"1286069","formEdgeID":null},{"edgeID":"1691769","fromID":"1286072","toID":"1286071","formEdgeID":null},{"edgeID":"1691770","fromID":"1286073","toID":"1286072","formEdgeID":null},{"edgeID":"1691771","fromID":"1286071","toID":"1286074","formEdgeID":null},{"edgeID":"1691772","fromID":"1286074","toID":"899035","formEdgeID":null},{"edgeID":"1691773","fromID":"1286064","toID":"1286075","formEdgeID":null},{"edgeID":"1691774","fromID":"1286075","toID":"1286071","formEdgeID":null},{"edgeID":"1691775","fromID":"1286078","toID":"1286077","formEdgeID":null},{"edgeID":"1691776","fromID":"1286079","toID":"1286078","formEdgeID":null},{"edgeID":"1691777","fromID":"1286077","toID":"1286080","formEdgeID":null},{"edgeID":"1691778","fromID":"1286080","toID":"1286076","formEdgeID":null},{"edgeID":"1691779","fromID":"1286055","toID":"1286081","formEdgeID":null},{"edgeID":"1691780","fromID":"1286081","toID":"1286064","formEdgeID":null},{"edgeID":"1691781","fromID":"899042","toID":"1286082","formEdgeID":null},{"edgeID":"1691782","fromID":"1286082","toID":"899055","formEdgeID":null},{"edgeID":"1691783","fromID":"1286081","toID":"1286083","formEdgeID":null},{"edgeID":"1691784","fromID":"1286083","toID":"1286082","formEdgeID":null},{"edgeID":"1691785","fromID":"1286071","toID":"1286084","formEdgeID":null},{"edgeID":"1691786","fromID":"1286084","toID":"1286077","formEdgeID":null},{"edgeID":"1691787","fromID":"1286076","toID":"1286085","formEdgeID":null},{"edgeID":"1691788","fromID":"1286085","toID":"899035","formEdgeID":null},{"edgeID":"1691789","fromID":"1286084","toID":"1286086","formEdgeID":null},{"edgeID":"1691790","fromID":"1286086","toID":"1286085","formEdgeID":null},{"edgeID":"1691791","fromID":"1286089","toID":"1286088","formEdgeID":null},{"edgeID":"1691792","fromID":"1286090","toID":"1286089","formEdgeID":null},{"edgeID":"1691793","fromID":"1286088","toID":"1286091","formEdgeID":null},{"edgeID":"1691794","fromID":"1286091","toID":"1286087","formEdgeID":null},{"edgeID":"1691795","fromID":"1286077","toID":"1286092","formEdgeID":null},{"edgeID":"1691796","fromID":"1286092","toID":"1286088","formEdgeID":null},{"edgeID":"1691797","fromID":"1286095","toID":"1286094","formEdgeID":null},{"edgeID":"1691798","fromID":"1286096","toID":"1286095","formEdgeID":null},{"edgeID":"1691799","fromID":"1286094","toID":"1286097","formEdgeID":null},{"edgeID":"1691800","fromID":"1286097","toID":"1286093","formEdgeID":null},{"edgeID":"1691801","fromID":"1286088","toID":"1286098","formEdgeID":null},{"edgeID":"1691802","fromID":"1286098","toID":"1286094","formEdgeID":null},{"edgeID":"1691803","fromID":"1286101","toID":"1286100","formEdgeID":null},{"edgeID":"1691804","fromID":"1286102","toID":"1286101","formEdgeID":null},{"edgeID":"1691805","fromID":"1286100","toID":"1286103","formEdgeID":null},{"edgeID":"1691806","fromID":"1286103","toID":"1286099","formEdgeID":null},{"edgeID":"1691807","fromID":"1286094","toID":"1286104","formEdgeID":null},{"edgeID":"1691808","fromID":"1286104","toID":"1286100","formEdgeID":null},{"edgeID":"1691809","fromID":"1286099","toID":"1286105","formEdgeID":null},{"edgeID":"1691810","fromID":"1286105","toID":"1286093","formEdgeID":null},{"edgeID":"1691811","fromID":"1286104","toID":"1286106","formEdgeID":null},{"edgeID":"1691812","fromID":"1286106","toID":"1286105","formEdgeID":null},{"edgeID":"1691813","fromID":"1286109","toID":"1286108","formEdgeID":null},{"edgeID":"1691814","fromID":"1286110","toID":"1286109","formEdgeID":null},{"edgeID":"1691815","fromID":"1286108","toID":"1286111","formEdgeID":null},{"edgeID":"1691816","fromID":"1286111","toID":"1286107","formEdgeID":null},{"edgeID":"1691817","fromID":"1286114","toID":"1286113","formEdgeID":null},{"edgeID":"1691818","fromID":"1286115","toID":"1286114","formEdgeID":null},{"edgeID":"1691819","fromID":"1286113","toID":"1286116","formEdgeID":null},{"edgeID":"1691820","fromID":"1286116","toID":"1286112","formEdgeID":null},{"edgeID":"1691821","fromID":"1286108","toID":"1286117","formEdgeID":null},{"edgeID":"1691822","fromID":"1286117","toID":"1286113","formEdgeID":null},{"edgeID":"1691823","fromID":"1286107","toID":"1286118","formEdgeID":null},{"edgeID":"1691824","fromID":"1286118","toID":"1286112","formEdgeID":null},{"edgeID":"1691825","fromID":"1286117","toID":"1286119","formEdgeID":null},{"edgeID":"1691826","fromID":"1286119","toID":"1286118","formEdgeID":null},{"edgeID":"1691827","fromID":"1286122","toID":"1286121","formEdgeID":null},{"edgeID":"1691828","fromID":"1286123","toID":"1286122","formEdgeID":null},{"edgeID":"1691829","fromID":"1286121","toID":"1286124","formEdgeID":null},{"edgeID":"1691830","fromID":"1286124","toID":"1286120","formEdgeID":null},{"edgeID":"1691831","fromID":"1286088","toID":"1286125","formEdgeID":null},{"edgeID":"1691832","fromID":"1286125","toID":"1286113","formEdgeID":null},{"edgeID":"1691833","fromID":"1286112","toID":"1286126","formEdgeID":null},{"edgeID":"1691834","fromID":"1286126","toID":"1286087","formEdgeID":null},{"edgeID":"1691835","fromID":"1286125","toID":"1286127","formEdgeID":null},{"edgeID":"1691836","fromID":"1286127","toID":"1286126","formEdgeID":null},{"edgeID":"1691837","fromID":"1286093","toID":"1286126","formEdgeID":null},{"edgeID":"1691838","fromID":"1286130","toID":"1286129","formEdgeID":null},{"edgeID":"1691839","fromID":"1286131","toID":"1286130","formEdgeID":null},{"edgeID":"1691840","fromID":"1286121","toID":"1286132","formEdgeID":null},{"edgeID":"1691841","fromID":"1286132","toID":"1286129","formEdgeID":null},{"edgeID":"1691842","fromID":"1286135","toID":"1286134","formEdgeID":null},{"edgeID":"1691843","fromID":"1286136","toID":"1286135","formEdgeID":null},{"edgeID":"1691844","fromID":"1286134","toID":"1286137","formEdgeID":null},{"edgeID":"1691845","fromID":"1286137","toID":"1286133","formEdgeID":null},{"edgeID":"1691846","fromID":"1286129","toID":"1286138","formEdgeID":null},{"edgeID":"1691847","fromID":"1286138","toID":"1286134","formEdgeID":null},{"edgeID":"1691848","fromID":"1286141","toID":"1286140","formEdgeID":null},{"edgeID":"1691849","fromID":"1286142","toID":"1286141","formEdgeID":null},{"edgeID":"1691850","fromID":"1286134","toID":"1286143","formEdgeID":null},{"edgeID":"1691851","fromID":"1286143","toID":"1286140","formEdgeID":null},{"edgeID":"1691852","fromID":"1286139","toID":"1286144","formEdgeID":null},{"edgeID":"1691853","fromID":"1286144","toID":"1286128","formEdgeID":null},{"edgeID":"1691854","fromID":"1286143","toID":"1286145","formEdgeID":null},{"edgeID":"1691855","fromID":"1286145","toID":"1286144","formEdgeID":null},{"edgeID":"1691856","fromID":"1286128","toID":"1286146","formEdgeID":null},{"edgeID":"1691857","fromID":"1286146","toID":"1286120","formEdgeID":null},{"edgeID":"1691858","fromID":"1286132","toID":"1286147","formEdgeID":null},{"edgeID":"1691859","fromID":"1286147","toID":"1286146","formEdgeID":null},{"edgeID":"1691860","fromID":"1286113","toID":"1286148","formEdgeID":null},{"edgeID":"1691861","fromID":"1286148","toID":"1286121","formEdgeID":null},{"edgeID":"1691862","fromID":"1286129","toID":"1286149","formEdgeID":null},{"edgeID":"1691863","fromID":"1286149","toID":"1286128","formEdgeID":null},{"edgeID":"1691864","fromID":"1286140","toID":"1286150","formEdgeID":null},{"edgeID":"1691865","fromID":"1286150","toID":"1286139","formEdgeID":null}],"locutions":[]}