{"nodes":[{"nodeID":"898808","text":"over the course of these three decades there's been a failure to invest in nuclear, shale or proper gas exploration","type":"I","timestamp":"2022-02-10 21:17:23"},{"nodeID":"898815","text":"the levying of green and other social levies which are added on to your bills, something like 20% right now of your bill is those levies which have been applied by the Government","type":"I","timestamp":"2022-02-10 21:17:27"},{"nodeID":"898820","text":"the Government's proposal to support us during this at a time in which the average bill will rise by 700 pounds is to give 150 pounds back via Council tax is good","type":"I","timestamp":"2022-02-10 21:17:29"},{"nodeID":"898827","text":"the Government gives us 200 pounds which, and this is the small print, we have to pay back so you might call the Government's strategy of dealing with the problem which has been exacerbated by Government as socialism with a miserly face where the Government takes your money, gives it back to you then asks you to return it","type":"I","timestamp":"2022-02-10 21:17:32"},{"nodeID":"1284732","text":"Tim Stanley is going to talk about energy","type":"I","timestamp":"2023-11-09 12:33:49"},{"nodeID":"1284733","text":"Tim Stanley: I was going to talk about energy if that's OK","type":"L","timestamp":"2023-11-09 12:33:49"},{"nodeID":"1284734","text":"Analysing","type":"YA","timestamp":"2023-11-09 12:33:49"},{"nodeID":"1284735","text":"Tuuli: Tim Stanley: I was going to talk about energy if that's OK","type":"L","timestamp":"2023-11-09 12:33:49"},{"nodeID":"1284736","text":"Rhetorical Questioning","type":"YA","timestamp":"2023-11-09 12:33:49"},{"nodeID":"1284737","text":"Tim Stanley will give the Government credit on one thing","type":"I","timestamp":"2023-11-09 12:33:49"},{"nodeID":"1284738","text":"Tim Stanley: I will give the Government credit on one thing","type":"L","timestamp":"2023-11-09 12:33:49"},{"nodeID":"1284739","text":"Analysing","type":"YA","timestamp":"2023-11-09 12:33:49"},{"nodeID":"1284740","text":"Tuuli: Tim Stanley: I will give the Government credit on one thing","type":"L","timestamp":"2023-11-09 12:33:49"},{"nodeID":"1284741","text":"Asserting","type":"YA","timestamp":"2023-11-09 12:33:49"},{"nodeID":"1284742","text":"Default Transition","type":"TA","timestamp":"2023-11-09 12:33:49"},{"nodeID":"1284743","text":"targeted rebates is a little more progressive than Labour's idea of a cut which would affect everyone Tim Stanley will give the Government that","type":"I","timestamp":"2023-11-09 12:33:50"},{"nodeID":"1284744","text":"Tim Stanley: targeted rebates is a little more progressive than Labour's idea of a cut which would affect everyone I will give them that","type":"L","timestamp":"2023-11-09 12:33:50"},{"nodeID":"1284745","text":"Tuuli: Tim Stanley: targeted rebates is a little more progressive than Labour's idea of a cut which would affect everyone I will give them that","type":"L","timestamp":"2023-11-09 12:33:50"},{"nodeID":"1284746","text":"Analysing","type":"YA","timestamp":"2023-11-09 12:33:50"},{"nodeID":"1284747","text":"Asserting","type":"YA","timestamp":"2023-11-09 12:33:50"},{"nodeID":"1284748","text":"Default Rephrase","type":"MA","timestamp":"2023-11-09 12:33:50"},{"nodeID":"1284749","text":"Default Transition","type":"TA","timestamp":"2023-11-09 12:33:50"},{"nodeID":"1284750","text":"that targeted rebates is a little more progressive than Labour's idea of a cut which would affect everyone is all Tim Stanley will give the Government","type":"I","timestamp":"2023-11-09 12:33:51"},{"nodeID":"1284751","text":"Tim Stanley: That's all I will give them","type":"L","timestamp":"2023-11-09 12:33:51"},{"nodeID":"1284752","text":"Analysing","type":"YA","timestamp":"2023-11-09 12:33:51"},{"nodeID":"1284753","text":"Tuuli: Tim Stanley: That's all I will give them","type":"L","timestamp":"2023-11-09 12:33:51"},{"nodeID":"1284754","text":"Asserting","type":"YA","timestamp":"2023-11-09 12:33:51"},{"nodeID":"1284755","text":"Default Transition","type":"TA","timestamp":"2023-11-09 12:33:51"},{"nodeID":"1284756","text":"Default Rephrase","type":"MA","timestamp":"2023-11-09 12:33:51"},{"nodeID":"1284757","text":"you are now paying for 30 years of failure in energy policy","type":"I","timestamp":"2023-11-09 12:33:51"},{"nodeID":"1284758","text":"Tim Stanley: You are now paying for 30 years of failure in energy policy","type":"L","timestamp":"2023-11-09 12:33:51"},{"nodeID":"1284759","text":"Analysing","type":"YA","timestamp":"2023-11-09 12:33:51"},{"nodeID":"1284760","text":"Tuuli: Tim Stanley: You are now paying for 30 years of failure in energy policy","type":"L","timestamp":"2023-11-09 12:33:51"},{"nodeID":"1284761","text":"Asserting","type":"YA","timestamp":"2023-11-09 12:33:51"},{"nodeID":"1284762","text":"Restating","type":"YA","timestamp":"2023-11-09 12:33:51"},{"nodeID":"1284763","text":"Default Transition","type":"TA","timestamp":"2023-11-09 12:33:51"},{"nodeID":"1284764","text":"sometimes, markets go wrong","type":"I","timestamp":"2023-11-09 12:33:52"},{"nodeID":"1284765","text":"Tim Stanley: sometimes, markets go wrong","type":"L","timestamp":"2023-11-09 12:33:52"},{"nodeID":"1284766","text":"Analysing","type":"YA","timestamp":"2023-11-09 12:33:52"},{"nodeID":"1284767","text":"Tuuli: Tim Stanley: sometimes, markets go wrong","type":"L","timestamp":"2023-11-09 12:33:52"},{"nodeID":"1284768","text":"Asserting","type":"YA","timestamp":"2023-11-09 12:33:52"},{"nodeID":"1284769","text":"Default Transition","type":"TA","timestamp":"2023-11-09 12:33:52"},{"nodeID":"1284770","text":"Restating","type":"YA","timestamp":"2023-11-09 12:33:52"},{"nodeID":"1284771","text":"this energy market is going wrong","type":"I","timestamp":"2023-11-09 12:33:53"},{"nodeID":"1284772","text":"Tim Stanley: this one is going wrong","type":"L","timestamp":"2023-11-09 12:33:53"},{"nodeID":"1284773","text":"Analysing","type":"YA","timestamp":"2023-11-09 12:33:53"},{"nodeID":"1284774","text":"Tuuli: Tim Stanley: this one is going wrong","type":"L","timestamp":"2023-11-09 12:33:53"},{"nodeID":"1284775","text":"Asserting","type":"YA","timestamp":"2023-11-09 12:33:53"},{"nodeID":"1284776","text":"Default Rephrase","type":"MA","timestamp":"2023-11-09 12:33:53"},{"nodeID":"1284777","text":"Default Transition","type":"TA","timestamp":"2023-11-09 12:33:53"},{"nodeID":"1284778","text":"Restating","type":"YA","timestamp":"2023-11-09 12:33:53"},{"nodeID":"1284779","text":"that's true that the energy market is going wrong","type":"I","timestamp":"2023-11-09 12:33:53"},{"nodeID":"1284780","text":"Tim Stanley: that's true","type":"L","timestamp":"2023-11-09 12:33:53"},{"nodeID":"1284781","text":"Analysing","type":"YA","timestamp":"2023-11-09 12:33:53"},{"nodeID":"1284782","text":"Tuuli: Tim Stanley: that's true","type":"L","timestamp":"2023-11-09 12:33:53"},{"nodeID":"1284783","text":"Asserting","type":"YA","timestamp":"2023-11-09 12:33:53"},{"nodeID":"1284784","text":"Default Transition","type":"TA","timestamp":"2023-11-09 12:33:53"},{"nodeID":"1284785","text":"Default Rephrase","type":"MA","timestamp":"2023-11-09 12:33:53"},{"nodeID":"1284786","text":"Restating","type":"YA","timestamp":"2023-11-09 12:33:53"},{"nodeID":"1284787","text":"Tim Stanley: over the course of these three decades there's been a failure to invest in nuclear, shale or proper gas exploration","type":"L","timestamp":"2023-11-09 12:33:54"},{"nodeID":"1284788","text":"Analysing","type":"YA","timestamp":"2023-11-09 12:33:54"},{"nodeID":"1284789","text":"Tuuli: Tim Stanley: over the course of these three decades there's been a failure to invest in nuclear, shale or proper gas exploration","type":"L","timestamp":"2023-11-09 12:33:54"},{"nodeID":"1284790","text":"Asserting","type":"YA","timestamp":"2023-11-09 12:33:54"},{"nodeID":"1284791","text":"Default Transition","type":"TA","timestamp":"2023-11-09 12:33:54"},{"nodeID":"1284792","text":"the Conservative Government has taken policies from Labour which have distorted the market, be it the application of a cap on to energy bills","type":"I","timestamp":"2023-11-09 12:33:54"},{"nodeID":"1284793","text":"Tim Stanley: The Conservative Government has taken policies from Labour which have distorted the market, be it the application of a cap on to energy bills","type":"L","timestamp":"2023-11-09 12:33:54"},{"nodeID":"1284794","text":"Analysing","type":"YA","timestamp":"2023-11-09 12:33:54"},{"nodeID":"1284795","text":"Tuuli: Tim Stanley: The Conservative Government has taken policies from Labour which have distorted the market, be it the application of a cap on to energy bills","type":"L","timestamp":"2023-11-09 12:33:54"},{"nodeID":"1284796","text":"Asserting","type":"YA","timestamp":"2023-11-09 12:33:54"},{"nodeID":"1284797","text":"Default Inference","type":"RA","timestamp":"2023-11-09 12:33:54"},{"nodeID":"1284798","text":"Default Transition","type":"TA","timestamp":"2023-11-09 12:33:54"},{"nodeID":"1284799","text":"Arguing","type":"YA","timestamp":"2023-11-09 12:33:54"},{"nodeID":"1284800","text":"the Conservative Government taking policies from Labour distorts things","type":"I","timestamp":"2023-11-09 12:33:55"},{"nodeID":"1284801","text":"Tim Stanley: It distorts things","type":"L","timestamp":"2023-11-09 12:33:55"},{"nodeID":"1284802","text":"Analysing","type":"YA","timestamp":"2023-11-09 12:33:55"},{"nodeID":"1284803","text":"Tuuli: Tim Stanley: It distorts things","type":"L","timestamp":"2023-11-09 12:33:55"},{"nodeID":"1284804","text":"Asserting","type":"YA","timestamp":"2023-11-09 12:33:55"},{"nodeID":"1284805","text":"Default Transition","type":"TA","timestamp":"2023-11-09 12:33:55"},{"nodeID":"1284806","text":"Default Rephrase","type":"MA","timestamp":"2023-11-09 12:33:55"},{"nodeID":"1284807","text":"Restating","type":"YA","timestamp":"2023-11-09 12:33:55"},{"nodeID":"1284808","text":"Tim Stanley: the levying of green and other social levies which are added on to your bills, something like 20% right now of your bill is those levies which have been applied by the Government","type":"L","timestamp":"2023-11-09 12:33:56"},{"nodeID":"1284809","text":"Analysing","type":"YA","timestamp":"2023-11-09 12:33:56"},{"nodeID":"1284810","text":"Tuuli: Tim Stanley: the levying of green and other social levies which are added on to your bills, something like 20% right now of your bill is those levies which have been applied by the Government","type":"L","timestamp":"2023-11-09 12:33:56"},{"nodeID":"1284811","text":"Asserting","type":"YA","timestamp":"2023-11-09 12:33:56"},{"nodeID":"1284812","text":"Default Transition","type":"TA","timestamp":"2023-11-09 12:33:56"},{"nodeID":"1284813","text":"Default Inference","type":"RA","timestamp":"2023-11-09 12:33:56"},{"nodeID":"1284814","text":"Arguing","type":"YA","timestamp":"2023-11-09 12:33:56"},{"nodeID":"1284815","text":"Tim Stanley: The Government's proposal to support us during this at a time in which the average bill will rise by 700 pounds is to give 150 pounds back via Council tax which is good","type":"L","timestamp":"2023-11-09 12:33:56"},{"nodeID":"1284816","text":"Analysing","type":"YA","timestamp":"2023-11-09 12:33:56"},{"nodeID":"1284817","text":"Tuuli: Tim Stanley: The Government's proposal to support us during this at a time in which the average bill will rise by 700 pounds is to give 150 pounds back via Council tax which is good","type":"L","timestamp":"2023-11-09 12:33:56"},{"nodeID":"1284818","text":"Asserting","type":"YA","timestamp":"2023-11-09 12:33:56"},{"nodeID":"1284819","text":"Default Transition","type":"TA","timestamp":"2023-11-09 12:33:56"},{"nodeID":"1284820","text":"Tim Stanley: to give us 200 pounds which, and this is the small print, we have to pay back so you might call the Government's strategy of dealing with the problem which has been exacerbated by Government as socialism with a miserly face where the Government takes your money, gives it back to you then asks you to return it","type":"L","timestamp":"2023-11-09 12:33:57"},{"nodeID":"1284821","text":"Analysing","type":"YA","timestamp":"2023-11-09 12:33:57"},{"nodeID":"1284822","text":"Tuuli: Tim Stanley: to give us 200 pounds which, and this is the small print, we have to pay back so you might call the Government's strategy of dealing with the problem which has been exacerbated by Government as socialism with a miserly face where the Government takes your money, gives it back to you then asks you to return it","type":"L","timestamp":"2023-11-09 12:33:57"},{"nodeID":"1284823","text":"Asserting","type":"YA","timestamp":"2023-11-09 12:33:57"},{"nodeID":"1284824","text":"Default Transition","type":"TA","timestamp":"2023-11-09 12:33:57"},{"nodeID":"1284825","text":"Default Conflict","type":"CA","timestamp":"2023-11-09 12:33:57"},{"nodeID":"1284826","text":"Disagreeing","type":"YA","timestamp":"2023-11-09 12:33:57"}],"edges":[{"edgeID":"1690142","fromID":"1284734","toID":"1284733","formEdgeID":null},{"edgeID":"1690143","fromID":"1284735","toID":"1284734","formEdgeID":null},{"edgeID":"1690144","fromID":"1284733","toID":"1284736","formEdgeID":null},{"edgeID":"1690145","fromID":"1284736","toID":"1284732","formEdgeID":null},{"edgeID":"1690146","fromID":"1284739","toID":"1284738","formEdgeID":null},{"edgeID":"1690147","fromID":"1284740","toID":"1284739","formEdgeID":null},{"edgeID":"1690148","fromID":"1284738","toID":"1284741","formEdgeID":null},{"edgeID":"1690149","fromID":"1284741","toID":"1284737","formEdgeID":null},{"edgeID":"1690150","fromID":"1284733","toID":"1284742","formEdgeID":null},{"edgeID":"1690151","fromID":"1284742","toID":"1284738","formEdgeID":null},{"edgeID":"1690152","fromID":"1284746","toID":"1284744","formEdgeID":null},{"edgeID":"1690153","fromID":"1284745","toID":"1284746","formEdgeID":null},{"edgeID":"1690154","fromID":"1284744","toID":"1284747","formEdgeID":null},{"edgeID":"1690155","fromID":"1284747","toID":"1284743","formEdgeID":null},{"edgeID":"1690156","fromID":"1284743","toID":"1284748","formEdgeID":null},{"edgeID":"1690157","fromID":"1284748","toID":"1284737","formEdgeID":null},{"edgeID":"1690158","fromID":"1284744","toID":"1284749","formEdgeID":null},{"edgeID":"1690159","fromID":"1284749","toID":"1284738","formEdgeID":null},{"edgeID":"1690160","fromID":"1284752","toID":"1284751","formEdgeID":null},{"edgeID":"1690161","fromID":"1284753","toID":"1284752","formEdgeID":null},{"edgeID":"1690162","fromID":"1284751","toID":"1284754","formEdgeID":null},{"edgeID":"1690163","fromID":"1284754","toID":"1284750","formEdgeID":null},{"edgeID":"1690164","fromID":"1284744","toID":"1284755","formEdgeID":null},{"edgeID":"1690165","fromID":"1284755","toID":"1284751","formEdgeID":null},{"edgeID":"1690166","fromID":"1284756","toID":"1284743","formEdgeID":null},{"edgeID":"1690167","fromID":"1284750","toID":"1284756","formEdgeID":null},{"edgeID":"1690168","fromID":"1284760","toID":"1284759","formEdgeID":null},{"edgeID":"1690169","fromID":"1284759","toID":"1284758","formEdgeID":null},{"edgeID":"1690170","fromID":"1284758","toID":"1284761","formEdgeID":null},{"edgeID":"1690171","fromID":"1284761","toID":"1284757","formEdgeID":null},{"edgeID":"1690172","fromID":"1284762","toID":"1284748","formEdgeID":null},{"edgeID":"1690173","fromID":"1284749","toID":"1284762","formEdgeID":null},{"edgeID":"1690174","fromID":"1284751","toID":"1284763","formEdgeID":null},{"edgeID":"1690175","fromID":"1284763","toID":"1284758","formEdgeID":null},{"edgeID":"1690176","fromID":"1284767","toID":"1284766","formEdgeID":null},{"edgeID":"1690177","fromID":"1284766","toID":"1284765","formEdgeID":null},{"edgeID":"1690178","fromID":"1284765","toID":"1284768","formEdgeID":null},{"edgeID":"1690179","fromID":"1284768","toID":"1284764","formEdgeID":null},{"edgeID":"1690180","fromID":"1284758","toID":"1284769","formEdgeID":null},{"edgeID":"1690181","fromID":"1284769","toID":"1284765","formEdgeID":null},{"edgeID":"1690182","fromID":"1284755","toID":"1284770","formEdgeID":null},{"edgeID":"1690183","fromID":"1284770","toID":"1284756","formEdgeID":null},{"edgeID":"1690184","fromID":"1284773","toID":"1284772","formEdgeID":null},{"edgeID":"1690185","fromID":"1284774","toID":"1284773","formEdgeID":null},{"edgeID":"1690186","fromID":"1284772","toID":"1284775","formEdgeID":null},{"edgeID":"1690187","fromID":"1284775","toID":"1284771","formEdgeID":null},{"edgeID":"1690188","fromID":"1284771","toID":"1284776","formEdgeID":null},{"edgeID":"1690189","fromID":"1284776","toID":"1284764","formEdgeID":null},{"edgeID":"1690190","fromID":"1284777","toID":"1284772","formEdgeID":null},{"edgeID":"1690191","fromID":"1284765","toID":"1284777","formEdgeID":null},{"edgeID":"1690192","fromID":"1284777","toID":"1284778","formEdgeID":null},{"edgeID":"1690193","fromID":"1284778","toID":"1284776","formEdgeID":null},{"edgeID":"1690194","fromID":"1284781","toID":"1284780","formEdgeID":null},{"edgeID":"1690195","fromID":"1284782","toID":"1284781","formEdgeID":null},{"edgeID":"1690196","fromID":"1284780","toID":"1284783","formEdgeID":null},{"edgeID":"1690197","fromID":"1284783","toID":"1284779","formEdgeID":null},{"edgeID":"1690198","fromID":"1284772","toID":"1284784","formEdgeID":null},{"edgeID":"1690199","fromID":"1284784","toID":"1284780","formEdgeID":null},{"edgeID":"1690200","fromID":"1284779","toID":"1284785","formEdgeID":null},{"edgeID":"1690201","fromID":"1284785","toID":"1284771","formEdgeID":null},{"edgeID":"1690202","fromID":"1284784","toID":"1284786","formEdgeID":null},{"edgeID":"1690203","fromID":"1284786","toID":"1284785","formEdgeID":null},{"edgeID":"1690204","fromID":"1284789","toID":"1284788","formEdgeID":null},{"edgeID":"1690205","fromID":"1284788","toID":"1284787","formEdgeID":null},{"edgeID":"1690206","fromID":"1284787","toID":"1284790","formEdgeID":null},{"edgeID":"1690207","fromID":"1284790","toID":"898808","formEdgeID":null},{"edgeID":"1690208","fromID":"1284780","toID":"1284791","formEdgeID":null},{"edgeID":"1690209","fromID":"1284791","toID":"1284787","formEdgeID":null},{"edgeID":"1690210","fromID":"1284794","toID":"1284793","formEdgeID":null},{"edgeID":"1690211","fromID":"1284795","toID":"1284794","formEdgeID":null},{"edgeID":"1690212","fromID":"1284793","toID":"1284796","formEdgeID":null},{"edgeID":"1690213","fromID":"1284796","toID":"1284792","formEdgeID":null},{"edgeID":"1690214","fromID":"1284792","toID":"1284797","formEdgeID":null},{"edgeID":"1690215","fromID":"1284797","toID":"1284779","formEdgeID":null},{"edgeID":"1690216","fromID":"1284780","toID":"1284798","formEdgeID":null},{"edgeID":"1690217","fromID":"1284798","toID":"1284793","formEdgeID":null},{"edgeID":"1690218","fromID":"1284798","toID":"1284799","formEdgeID":null},{"edgeID":"1690219","fromID":"1284799","toID":"1284797","formEdgeID":null},{"edgeID":"1690220","fromID":"898808","toID":"1284797","formEdgeID":null},{"edgeID":"1690221","fromID":"1284802","toID":"1284801","formEdgeID":null},{"edgeID":"1690222","fromID":"1284803","toID":"1284802","formEdgeID":null},{"edgeID":"1690223","fromID":"1284801","toID":"1284804","formEdgeID":null},{"edgeID":"1690224","fromID":"1284804","toID":"1284800","formEdgeID":null},{"edgeID":"1690225","fromID":"1284793","toID":"1284805","formEdgeID":null},{"edgeID":"1690226","fromID":"1284805","toID":"1284801","formEdgeID":null},{"edgeID":"1690227","fromID":"1284800","toID":"1284806","formEdgeID":null},{"edgeID":"1690228","fromID":"1284806","toID":"1284792","formEdgeID":null},{"edgeID":"1690229","fromID":"1284805","toID":"1284807","formEdgeID":null},{"edgeID":"1690230","fromID":"1284807","toID":"1284806","formEdgeID":null},{"edgeID":"1690231","fromID":"1284809","toID":"1284808","formEdgeID":null},{"edgeID":"1690232","fromID":"1284810","toID":"1284809","formEdgeID":null},{"edgeID":"1690233","fromID":"1284808","toID":"1284811","formEdgeID":null},{"edgeID":"1690234","fromID":"1284811","toID":"898815","formEdgeID":null},{"edgeID":"1690235","fromID":"1284801","toID":"1284812","formEdgeID":null},{"edgeID":"1690236","fromID":"1284812","toID":"1284808","formEdgeID":null},{"edgeID":"1690237","fromID":"898815","toID":"1284813","formEdgeID":null},{"edgeID":"1690238","fromID":"1284813","toID":"1284800","formEdgeID":null},{"edgeID":"1690239","fromID":"1284812","toID":"1284814","formEdgeID":null},{"edgeID":"1690240","fromID":"1284814","toID":"1284813","formEdgeID":null},{"edgeID":"1690241","fromID":"1284816","toID":"1284815","formEdgeID":null},{"edgeID":"1690242","fromID":"1284817","toID":"1284816","formEdgeID":null},{"edgeID":"1690243","fromID":"1284815","toID":"1284818","formEdgeID":null},{"edgeID":"1690244","fromID":"1284818","toID":"898820","formEdgeID":null},{"edgeID":"1690245","fromID":"1284808","toID":"1284819","formEdgeID":null},{"edgeID":"1690246","fromID":"1284819","toID":"1284815","formEdgeID":null},{"edgeID":"1690247","fromID":"1284821","toID":"1284820","formEdgeID":null},{"edgeID":"1690248","fromID":"1284822","toID":"1284821","formEdgeID":null},{"edgeID":"1690249","fromID":"1284820","toID":"1284823","formEdgeID":null},{"edgeID":"1690250","fromID":"1284823","toID":"898827","formEdgeID":null},{"edgeID":"1690251","fromID":"1284815","toID":"1284824","formEdgeID":null},{"edgeID":"1690252","fromID":"1284824","toID":"1284820","formEdgeID":null},{"edgeID":"1690253","fromID":"898827","toID":"1284825","formEdgeID":null},{"edgeID":"1690254","fromID":"1284825","toID":"898820","formEdgeID":null},{"edgeID":"1690255","fromID":"1284824","toID":"1284826","formEdgeID":null},{"edgeID":"1690256","fromID":"1284826","toID":"1284825","formEdgeID":null}],"locutions":[]}