{"nodes":[{"nodeID":"899116","text":"you can't on a mass population measure every's antibody levels","type":"I","timestamp":"2022-02-10 21:19:17"},{"nodeID":"1222570","text":"the issue is natural immunity is very variable","type":"I","timestamp":"2023-09-07 09:13:30"},{"nodeID":"1222580","text":"if Robin Shattock measured AudienceMember 20220210QT35's today and said it was below a protective threshold that would or would not persuade them to get vaccinated","type":"I","timestamp":"2023-09-07 09:13:31"},{"nodeID":"1222586","text":"measuring their antibody levels could persuade AudienceMember 20220210QT35 to get vaccinated","type":"I","timestamp":"2023-09-07 09:13:32"},{"nodeID":"1222594","text":"AudienceMember 20220210QT35 wanted to get their antibody levels measured","type":"I","timestamp":"2023-09-07 09:13:32"},{"nodeID":"1222602","text":"it's difficult to get your antibody levels measured","type":"I","timestamp":"2023-09-07 09:13:33"},{"nodeID":"1222608","text":"why are we spending so much on the vaccines","type":"I","timestamp":"2023-09-07 09:13:33"},{"nodeID":"1222614","text":"the important thing now is we don't have a precise unit of if you have an antibody level at this level you are protected for this number of months","type":"I","timestamp":"2023-09-07 09:13:34"},{"nodeID":"1222620","text":"the day you get your antibodies measured will give you some idea of your immune response","type":"I","timestamp":"2023-09-07 09:13:34"},{"nodeID":"1222626","text":"it won't tell you how long that lasts","type":"I","timestamp":"2023-09-07 09:13:35"},{"nodeID":"1222634","text":"Robin Shattock can tell you all the evidence shows the vaccine is completely safe","type":"I","timestamp":"2023-09-07 09:13:35"},{"nodeID":"1222639","text":"your risk from the vaccine, and the risk from the vaccine is so low to you, and the benefits are so high that it would boost your immune response","type":"I","timestamp":"2023-09-07 09:13:36"},{"nodeID":"1222644","text":"the vaccine would give you the security that those vulnerable members of your family who you have persuaded to get vaccines for very real reasons, you are not going to be passing on the virus to them","type":"I","timestamp":"2023-09-07 09:13:36"},{"nodeID":"1222649","text":"you are going to be better able to protect them","type":"I","timestamp":"2023-09-07 09:13:37"},{"nodeID":"1287574","text":"Analysing","type":"YA","timestamp":"2023-11-09 12:37:55"},{"nodeID":"1287575","text":"Nicole: Fiona Bruce: Final word","type":"L","timestamp":"2023-11-09 12:37:55"},{"nodeID":"1287576","text":"Robin Shattock: the issue is natural immunity is very variable","type":"L","timestamp":"2023-11-09 12:37:56"},{"nodeID":"1287577","text":"Analysing","type":"YA","timestamp":"2023-11-09 12:37:56"},{"nodeID":"1287578","text":"Nicole: Robin Shattock: the issue is natural immunity is very variable","type":"L","timestamp":"2023-11-09 12:37:56"},{"nodeID":"1287579","text":"Asserting","type":"YA","timestamp":"2023-11-09 12:37:56"},{"nodeID":"1287580","text":"Robin Shattock: You can't on a mass population measure every's antibody levels","type":"L","timestamp":"2023-11-09 12:37:56"},{"nodeID":"1287581","text":"Analysing","type":"YA","timestamp":"2023-11-09 12:37:56"},{"nodeID":"1287582","text":"Nicole: Robin Shattock: You can't on a mass population measure every's antibody levels","type":"L","timestamp":"2023-11-09 12:37:56"},{"nodeID":"1287583","text":"Asserting","type":"YA","timestamp":"2023-11-09 12:37:56"},{"nodeID":"1287584","text":"Default Transition","type":"TA","timestamp":"2023-11-09 12:37:56"},{"nodeID":"1287585","text":"Robin Shattock: If I measured yours today and said it was below a protective threshold would that persuade you to get vaccinated","type":"L","timestamp":"2023-11-09 12:37:57"},{"nodeID":"1287586","text":"Analysing","type":"YA","timestamp":"2023-11-09 12:37:57"},{"nodeID":"1287587","text":"Nicole: Robin Shattock: If I measured yours today and said it was below a protective threshold would that persuade you to get vaccinated","type":"L","timestamp":"2023-11-09 12:37:57"},{"nodeID":"1287588","text":"Pure Questioning","type":"YA","timestamp":"2023-11-09 12:37:57"},{"nodeID":"1287589","text":"Default Transition","type":"TA","timestamp":"2023-11-09 12:37:57"},{"nodeID":"1287590","text":"AudienceMember 20220210QT35: It could","type":"L","timestamp":"2023-11-09 12:37:58"},{"nodeID":"1287591","text":"Analysing","type":"YA","timestamp":"2023-11-09 12:37:58"},{"nodeID":"1287592","text":"Nicole: AudienceMember 20220210QT35: It could","type":"L","timestamp":"2023-11-09 12:37:58"},{"nodeID":"1287593","text":"Asserting","type":"YA","timestamp":"2023-11-09 12:37:58"},{"nodeID":"1287594","text":"Default Transition","type":"TA","timestamp":"2023-11-09 12:37:58"},{"nodeID":"1287595","text":"Default Rephrase","type":"MA","timestamp":"2023-11-09 12:37:58"},{"nodeID":"1287596","text":"Default Illocuting","type":"YA","timestamp":"2023-11-09 12:37:58"},{"nodeID":"1287597","text":"AudienceMember 20220210QT35: I wanted to do it","type":"L","timestamp":"2023-11-09 12:37:58"},{"nodeID":"1287598","text":"Analysing","type":"YA","timestamp":"2023-11-09 12:37:58"},{"nodeID":"1287599","text":"Nicole: AudienceMember 20220210QT35: I wanted to do it","type":"L","timestamp":"2023-11-09 12:37:58"},{"nodeID":"1287600","text":"Asserting","type":"YA","timestamp":"2023-11-09 12:37:58"},{"nodeID":"1287601","text":"Default Transition","type":"TA","timestamp":"2023-11-09 12:37:58"},{"nodeID":"1287602","text":"Default Inference","type":"RA","timestamp":"2023-11-09 12:37:58"},{"nodeID":"1287603","text":"Arguing","type":"YA","timestamp":"2023-11-09 12:37:58"},{"nodeID":"1287604","text":"AudienceMember 20220210QT35: it's difficult to get it","type":"L","timestamp":"2023-11-09 12:37:59"},{"nodeID":"1287605","text":"Analysing","type":"YA","timestamp":"2023-11-09 12:37:59"},{"nodeID":"1287606","text":"Nicole: AudienceMember 20220210QT35: it's difficult to get it","type":"L","timestamp":"2023-11-09 12:37:59"},{"nodeID":"1287607","text":"Asserting","type":"YA","timestamp":"2023-11-09 12:37:59"},{"nodeID":"1287608","text":"Default Transition","type":"TA","timestamp":"2023-11-09 12:37:59"},{"nodeID":"1287609","text":"AudienceMember 20220210QT35: Why are we spending so much on the vaccines","type":"L","timestamp":"2023-11-09 12:38:00"},{"nodeID":"1287610","text":"Analysing","type":"YA","timestamp":"2023-11-09 12:38:00"},{"nodeID":"1287611","text":"Nicole: AudienceMember 20220210QT35: Why are we spending so much on the vaccines","type":"L","timestamp":"2023-11-09 12:38:00"},{"nodeID":"1287612","text":"Pure Challenging","type":"YA","timestamp":"2023-11-09 12:38:00"},{"nodeID":"1287613","text":"Default Transition","type":"TA","timestamp":"2023-11-09 12:38:00"},{"nodeID":"1287614","text":"Robin Shattock: The important thing now is we don't have a precise unit of if you have an antibody level at this level you are protected for this number of months","type":"L","timestamp":"2023-11-09 12:38:00"},{"nodeID":"1287615","text":"Analysing","type":"YA","timestamp":"2023-11-09 12:38:00"},{"nodeID":"1287616","text":"Nicole: Robin Shattock: The important thing now is we don't have a precise unit of if you have an antibody level at this level you are protected for this number of months","type":"L","timestamp":"2023-11-09 12:38:00"},{"nodeID":"1287617","text":"Asserting","type":"YA","timestamp":"2023-11-09 12:38:00"},{"nodeID":"1287618","text":"Default Transition","type":"TA","timestamp":"2023-11-09 12:38:00"},{"nodeID":"1287619","text":"Robin Shattock: the day you get your antibodies measured will give you some idea of your immune response","type":"L","timestamp":"2023-11-09 12:38:01"},{"nodeID":"1287620","text":"Analysing","type":"YA","timestamp":"2023-11-09 12:38:01"},{"nodeID":"1287621","text":"Nicole: Robin Shattock: the day you get your antibodies measured will give you some idea of your immune response","type":"L","timestamp":"2023-11-09 12:38:01"},{"nodeID":"1287622","text":"Asserting","type":"YA","timestamp":"2023-11-09 12:38:01"},{"nodeID":"1287623","text":"Default Transition","type":"TA","timestamp":"2023-11-09 12:38:01"},{"nodeID":"1287624","text":"Robin Shattock: it won't tell you how long that lasts","type":"L","timestamp":"2023-11-09 12:38:01"},{"nodeID":"1287625","text":"Analysing","type":"YA","timestamp":"2023-11-09 12:38:01"},{"nodeID":"1287626","text":"Nicole: Robin Shattock: it won't tell you how long that lasts","type":"L","timestamp":"2023-11-09 12:38:01"},{"nodeID":"1287627","text":"Asserting","type":"YA","timestamp":"2023-11-09 12:38:01"},{"nodeID":"1287628","text":"Default Inference","type":"RA","timestamp":"2023-11-09 12:38:01"},{"nodeID":"1287629","text":"Default Transition","type":"TA","timestamp":"2023-11-09 12:38:01"},{"nodeID":"1287630","text":"Arguing","type":"YA","timestamp":"2023-11-09 12:38:01"},{"nodeID":"1287631","text":"Robin Shattock: I can tell you all the evidence shows is completely safe","type":"L","timestamp":"2023-11-09 12:38:02"},{"nodeID":"1287632","text":"Analysing","type":"YA","timestamp":"2023-11-09 12:38:02"},{"nodeID":"1287633","text":"Nicole: Robin Shattock: I can tell you all the evidence shows is completely safe","type":"L","timestamp":"2023-11-09 12:38:02"},{"nodeID":"1287634","text":"Asserting","type":"YA","timestamp":"2023-11-09 12:38:02"},{"nodeID":"1287635","text":"Robin Shattock: your risk from the vaccine, and the risk from the vaccine is so low to you, and the benefits are so high that it would boost your immune response","type":"L","timestamp":"2023-11-09 12:38:03"},{"nodeID":"1287636","text":"Analysing","type":"YA","timestamp":"2023-11-09 12:38:03"},{"nodeID":"1287637","text":"Nicole: Robin Shattock: your risk from the vaccine, and the risk from the vaccine is so low to you, and the benefits are so high that it would boost your immune response","type":"L","timestamp":"2023-11-09 12:38:03"},{"nodeID":"1287638","text":"Asserting","type":"YA","timestamp":"2023-11-09 12:38:03"},{"nodeID":"1287639","text":"Robin Shattock: give you the security that those vulnerable members of your family who you have persuaded to get vaccines for very real reasons, you are not going to be passing on the virus to them","type":"L","timestamp":"2023-11-09 12:38:03"},{"nodeID":"1287640","text":"Analysing","type":"YA","timestamp":"2023-11-09 12:38:03"},{"nodeID":"1287641","text":"Nicole: Robin Shattock: give you the security that those vulnerable members of your family who you have persuaded to get vaccines for very real reasons, you are not going to be passing on the virus to them","type":"L","timestamp":"2023-11-09 12:38:03"},{"nodeID":"1287642","text":"Asserting","type":"YA","timestamp":"2023-11-09 12:38:03"},{"nodeID":"1287643","text":"Robin Shattock: You are going to be better able to protect them","type":"L","timestamp":"2023-11-09 12:38:04"},{"nodeID":"1287644","text":"Analysing","type":"YA","timestamp":"2023-11-09 12:38:04"},{"nodeID":"1287645","text":"Nicole: Robin Shattock: You are going to be better able to protect them","type":"L","timestamp":"2023-11-09 12:38:04"},{"nodeID":"1287646","text":"Asserting","type":"YA","timestamp":"2023-11-09 12:38:04"},{"nodeID":"1287647","text":"Default Transition","type":"TA","timestamp":"2023-11-09 12:38:04"},{"nodeID":"1287648","text":"Default Transition","type":"TA","timestamp":"2023-11-09 12:38:04"},{"nodeID":"1287649","text":"Default Rephrase","type":"MA","timestamp":"2023-11-09 12:38:04"},{"nodeID":"1287650","text":"Restating","type":"YA","timestamp":"2023-11-09 12:38:04"},{"nodeID":"1287651","text":"Default Inference","type":"RA","timestamp":"2023-11-09 12:38:04"},{"nodeID":"1287652","text":"Arguing","type":"YA","timestamp":"2023-11-09 12:38:04"},{"nodeID":"1287653","text":"Default Transition","type":"TA","timestamp":"2023-11-09 12:38:04"},{"nodeID":"1287654","text":"Default Transition","type":"TA","timestamp":"2023-11-09 12:38:04"},{"nodeID":"1287655","text":"Default Transition","type":"TA","timestamp":"2023-11-09 12:38:04"},{"nodeID":"1287656","text":"Default Rephrase","type":"MA","timestamp":"2023-11-09 12:38:04"},{"nodeID":"1287657","text":"Restating","type":"YA","timestamp":"2023-11-09 12:38:04"}],"edges":[{"edgeID":"1693577","fromID":"1287575","toID":"1287574","formEdgeID":null},{"edgeID":"1693578","fromID":"1287577","toID":"1287576","formEdgeID":null},{"edgeID":"1693579","fromID":"1287578","toID":"1287577","formEdgeID":null},{"edgeID":"1693580","fromID":"1287576","toID":"1287579","formEdgeID":null},{"edgeID":"1693581","fromID":"1287579","toID":"1222570","formEdgeID":null},{"edgeID":"1693582","fromID":"1287581","toID":"1287580","formEdgeID":null},{"edgeID":"1693583","fromID":"1287582","toID":"1287581","formEdgeID":null},{"edgeID":"1693584","fromID":"1287580","toID":"1287583","formEdgeID":null},{"edgeID":"1693585","fromID":"1287583","toID":"899116","formEdgeID":null},{"edgeID":"1693586","fromID":"1287576","toID":"1287584","formEdgeID":null},{"edgeID":"1693587","fromID":"1287584","toID":"1287580","formEdgeID":null},{"edgeID":"1693588","fromID":"1287586","toID":"1287585","formEdgeID":null},{"edgeID":"1693589","fromID":"1287587","toID":"1287586","formEdgeID":null},{"edgeID":"1693590","fromID":"1287585","toID":"1287588","formEdgeID":null},{"edgeID":"1693591","fromID":"1287588","toID":"1222580","formEdgeID":null},{"edgeID":"1693592","fromID":"1287580","toID":"1287589","formEdgeID":null},{"edgeID":"1693593","fromID":"1287589","toID":"1287585","formEdgeID":null},{"edgeID":"1693594","fromID":"1287591","toID":"1287590","formEdgeID":null},{"edgeID":"1693595","fromID":"1287592","toID":"1287591","formEdgeID":null},{"edgeID":"1693596","fromID":"1287590","toID":"1287593","formEdgeID":null},{"edgeID":"1693597","fromID":"1287593","toID":"1222586","formEdgeID":null},{"edgeID":"1693598","fromID":"1287585","toID":"1287594","formEdgeID":null},{"edgeID":"1693599","fromID":"1287594","toID":"1287590","formEdgeID":null},{"edgeID":"1693600","fromID":"1222586","toID":"1287595","formEdgeID":null},{"edgeID":"1693601","fromID":"1287595","toID":"1222580","formEdgeID":null},{"edgeID":"1693602","fromID":"1287594","toID":"1287596","formEdgeID":null},{"edgeID":"1693603","fromID":"1287596","toID":"1287595","formEdgeID":null},{"edgeID":"1693604","fromID":"1287598","toID":"1287597","formEdgeID":null},{"edgeID":"1693605","fromID":"1287599","toID":"1287598","formEdgeID":null},{"edgeID":"1693606","fromID":"1287597","toID":"1287600","formEdgeID":null},{"edgeID":"1693607","fromID":"1287600","toID":"1222594","formEdgeID":null},{"edgeID":"1693608","fromID":"1287590","toID":"1287601","formEdgeID":null},{"edgeID":"1693609","fromID":"1287601","toID":"1287597","formEdgeID":null},{"edgeID":"1693610","fromID":"1222586","toID":"1287602","formEdgeID":null},{"edgeID":"1693611","fromID":"1287602","toID":"1222594","formEdgeID":null},{"edgeID":"1693612","fromID":"1287601","toID":"1287603","formEdgeID":null},{"edgeID":"1693613","fromID":"1287603","toID":"1287602","formEdgeID":null},{"edgeID":"1693614","fromID":"1287605","toID":"1287604","formEdgeID":null},{"edgeID":"1693615","fromID":"1287606","toID":"1287605","formEdgeID":null},{"edgeID":"1693616","fromID":"1287604","toID":"1287607","formEdgeID":null},{"edgeID":"1693617","fromID":"1287607","toID":"1222602","formEdgeID":null},{"edgeID":"1693618","fromID":"1287597","toID":"1287608","formEdgeID":null},{"edgeID":"1693619","fromID":"1287608","toID":"1287604","formEdgeID":null},{"edgeID":"1693620","fromID":"1287610","toID":"1287609","formEdgeID":null},{"edgeID":"1693621","fromID":"1287611","toID":"1287610","formEdgeID":null},{"edgeID":"1693622","fromID":"1287609","toID":"1287612","formEdgeID":null},{"edgeID":"1693623","fromID":"1287612","toID":"1222608","formEdgeID":null},{"edgeID":"1693624","fromID":"1287604","toID":"1287613","formEdgeID":null},{"edgeID":"1693625","fromID":"1287613","toID":"1287609","formEdgeID":null},{"edgeID":"1693626","fromID":"1287615","toID":"1287614","formEdgeID":null},{"edgeID":"1693627","fromID":"1287616","toID":"1287615","formEdgeID":null},{"edgeID":"1693628","fromID":"1287614","toID":"1287617","formEdgeID":null},{"edgeID":"1693629","fromID":"1287617","toID":"1222614","formEdgeID":null},{"edgeID":"1693630","fromID":"1287609","toID":"1287618","formEdgeID":null},{"edgeID":"1693631","fromID":"1287618","toID":"1287614","formEdgeID":null},{"edgeID":"1693632","fromID":"1287620","toID":"1287619","formEdgeID":null},{"edgeID":"1693633","fromID":"1287621","toID":"1287620","formEdgeID":null},{"edgeID":"1693634","fromID":"1287619","toID":"1287622","formEdgeID":null},{"edgeID":"1693635","fromID":"1287622","toID":"1222620","formEdgeID":null},{"edgeID":"1693636","fromID":"1287614","toID":"1287623","formEdgeID":null},{"edgeID":"1693637","fromID":"1287623","toID":"1287619","formEdgeID":null},{"edgeID":"1693638","fromID":"1287625","toID":"1287624","formEdgeID":null},{"edgeID":"1693639","fromID":"1287626","toID":"1287625","formEdgeID":null},{"edgeID":"1693640","fromID":"1287624","toID":"1287627","formEdgeID":null},{"edgeID":"1693641","fromID":"1287627","toID":"1222626","formEdgeID":null},{"edgeID":"1693642","fromID":"1222614","toID":"1287628","formEdgeID":null},{"edgeID":"1693643","fromID":"1287628","toID":"1222626","formEdgeID":null},{"edgeID":"1693644","fromID":"1287614","toID":"1287629","formEdgeID":null},{"edgeID":"1693645","fromID":"1287629","toID":"1287624","formEdgeID":null},{"edgeID":"1693646","fromID":"1287629","toID":"1287630","formEdgeID":null},{"edgeID":"1693647","fromID":"1287630","toID":"1287628","formEdgeID":null},{"edgeID":"1693648","fromID":"1287632","toID":"1287631","formEdgeID":null},{"edgeID":"1693649","fromID":"1287633","toID":"1287632","formEdgeID":null},{"edgeID":"1693650","fromID":"1287631","toID":"1287634","formEdgeID":null},{"edgeID":"1693651","fromID":"1287634","toID":"1222634","formEdgeID":null},{"edgeID":"1693652","fromID":"1287636","toID":"1287635","formEdgeID":null},{"edgeID":"1693653","fromID":"1287637","toID":"1287636","formEdgeID":null},{"edgeID":"1693654","fromID":"1287635","toID":"1287638","formEdgeID":null},{"edgeID":"1693655","fromID":"1287638","toID":"1222639","formEdgeID":null},{"edgeID":"1693656","fromID":"1287640","toID":"1287639","formEdgeID":null},{"edgeID":"1693657","fromID":"1287641","toID":"1287640","formEdgeID":null},{"edgeID":"1693658","fromID":"1287639","toID":"1287642","formEdgeID":null},{"edgeID":"1693659","fromID":"1287642","toID":"1222644","formEdgeID":null},{"edgeID":"1693660","fromID":"1287644","toID":"1287643","formEdgeID":null},{"edgeID":"1693661","fromID":"1287645","toID":"1287644","formEdgeID":null},{"edgeID":"1693662","fromID":"1287643","toID":"1287646","formEdgeID":null},{"edgeID":"1693663","fromID":"1287646","toID":"1222649","formEdgeID":null},{"edgeID":"1693664","fromID":"1287635","toID":"1287647","formEdgeID":null},{"edgeID":"1693665","fromID":"1287647","toID":"1287639","formEdgeID":null},{"edgeID":"1693666","fromID":"1287639","toID":"1287648","formEdgeID":null},{"edgeID":"1693667","fromID":"1287648","toID":"1287643","formEdgeID":null},{"edgeID":"1693668","fromID":"1222649","toID":"1287649","formEdgeID":null},{"edgeID":"1693669","fromID":"1287649","toID":"1222644","formEdgeID":null},{"edgeID":"1693670","fromID":"1287648","toID":"1287650","formEdgeID":null},{"edgeID":"1693671","fromID":"1287650","toID":"1287649","formEdgeID":null},{"edgeID":"1693672","fromID":"1222639","toID":"1287651","formEdgeID":null},{"edgeID":"1693673","fromID":"1287651","toID":"1222644","formEdgeID":null},{"edgeID":"1693674","fromID":"1287647","toID":"1287652","formEdgeID":null},{"edgeID":"1693675","fromID":"1287652","toID":"1287651","formEdgeID":null},{"edgeID":"1693676","fromID":"1287631","toID":"1287653","formEdgeID":null},{"edgeID":"1693677","fromID":"1287653","toID":"1287635","formEdgeID":null},{"edgeID":"1693678","fromID":"1287624","toID":"1287654","formEdgeID":null},{"edgeID":"1693679","fromID":"1287654","toID":"1287631","formEdgeID":null},{"edgeID":"1693680","fromID":"1287619","toID":"1287655","formEdgeID":null},{"edgeID":"1693681","fromID":"1287655","toID":"1287624","formEdgeID":null},{"edgeID":"1693682","fromID":"1222626","toID":"1287656","formEdgeID":null},{"edgeID":"1693683","fromID":"1287656","toID":"1222620","formEdgeID":null},{"edgeID":"1693684","fromID":"1287655","toID":"1287657","formEdgeID":null},{"edgeID":"1693685","fromID":"1287657","toID":"1287656","formEdgeID":null}],"locutions":[]}