{"nodes":[{"nodeID":"435343","text":"Fair enough","type":"I","timestamp":"2019-09-23 17:40:49"},{"nodeID":"898867","text":"let's invest in our health service by supporting the poor during what will be horrific crisis of both food, and energy","type":"I","timestamp":"2022-02-10 21:17:47"},{"nodeID":"1285174","text":"we think this inflation will only be around for a year","type":"I","timestamp":"2023-11-09 12:34:28"},{"nodeID":"1285175","text":"Victor Adebowale: we think this inflation will only be around for a year","type":"L","timestamp":"2023-11-09 12:34:28"},{"nodeID":"1285176","text":"Analysing","type":"YA","timestamp":"2023-11-09 12:34:28"},{"nodeID":"1285177","text":"Dominika: Victor Adebowale: we think this inflation will only be around for a year","type":"L","timestamp":"2023-11-09 12:34:28"},{"nodeID":"1285178","text":"Asserting","type":"YA","timestamp":"2023-11-09 12:34:28"},{"nodeID":"1285179","text":"let's slow the investment for a year","type":"I","timestamp":"2023-11-09 12:34:29"},{"nodeID":"1285180","text":"Victor Adebowale: let's slow the investment for a year","type":"L","timestamp":"2023-11-09 12:34:29"},{"nodeID":"1285181","text":"Analysing","type":"YA","timestamp":"2023-11-09 12:34:29"},{"nodeID":"1285182","text":"Dominika: Victor Adebowale: let's slow the investment for a year","type":"L","timestamp":"2023-11-09 12:34:29"},{"nodeID":"1285183","text":"Asserting","type":"YA","timestamp":"2023-11-09 12:34:29"},{"nodeID":"1285184","text":"Default Transition","type":"TA","timestamp":"2023-11-09 12:34:29"},{"nodeID":"1285185","text":"Default Inference","type":"RA","timestamp":"2023-11-09 12:34:29"},{"nodeID":"1285186","text":"Arguing","type":"YA","timestamp":"2023-11-09 12:34:29"},{"nodeID":"1285187","text":"slowing the investment means that people who have invested in these companies that are paying the pensions won't get the pension dividends","type":"I","timestamp":"2023-11-09 12:34:29"},{"nodeID":"1285188","text":"Victor Adebowale: they will say that means that people who have invested in these companies that are paying the pensions won't get the pension dividends","type":"L","timestamp":"2023-11-09 12:34:29"},{"nodeID":"1285189","text":"Analysing","type":"YA","timestamp":"2023-11-09 12:34:29"},{"nodeID":"1285190","text":"Dominika: Victor Adebowale: they will say that means that people who have invested in these companies that are paying the pensions won't get the pension dividends","type":"L","timestamp":"2023-11-09 12:34:29"},{"nodeID":"1285191","text":"energy producers: that means that people who have invested in these companies that are paying the pensions won't get the pension dividends","type":"L","timestamp":"2023-11-09 12:34:29"},{"nodeID":"1285192","text":"Analysing","type":"YA","timestamp":"2023-11-09 12:34:29"},{"nodeID":"1285193","text":"Dominika: energy producers: they will say that means that people who have invested in these companies that are paying the pensions won't get the pension dividends","type":"L","timestamp":"2023-11-09 12:34:29"},{"nodeID":"1285194","text":"Asserting","type":"YA","timestamp":"2023-11-09 12:34:29"},{"nodeID":"1285195","text":"Asserting","type":"YA","timestamp":"2023-11-09 12:34:29"},{"nodeID":"1285196","text":"Victor Adebowale: fair enough","type":"L","timestamp":"2023-11-09 12:34:29"},{"nodeID":"1285197","text":"Analysing","type":"YA","timestamp":"2023-11-09 12:34:29"},{"nodeID":"1285198","text":"Dominika: Victor Adebowale: fair enough","type":"L","timestamp":"2023-11-09 12:34:29"},{"nodeID":"1285199","text":"Asserting","type":"YA","timestamp":"2023-11-09 12:34:29"},{"nodeID":"1285200","text":"Default Transition","type":"TA","timestamp":"2023-11-09 12:34:29"},{"nodeID":"1285201","text":"Default Rephrase","type":"MA","timestamp":"2023-11-09 12:34:29"},{"nodeID":"1285202","text":"Agreeing","type":"YA","timestamp":"2023-11-09 12:34:29"},{"nodeID":"1285203","text":"Default Transition","type":"TA","timestamp":"2023-11-09 12:34:29"},{"nodeID":"1285204","text":"you are poor","type":"I","timestamp":"2023-11-09 12:34:30"},{"nodeID":"1285205","text":"Victor Adebowale: you are poor","type":"L","timestamp":"2023-11-09 12:34:30"},{"nodeID":"1285206","text":"Analysing","type":"YA","timestamp":"2023-11-09 12:34:30"},{"nodeID":"1285207","text":"Dominika: Victor Adebowale: you are poor","type":"L","timestamp":"2023-11-09 12:34:30"},{"nodeID":"1285208","text":"Asserting","type":"YA","timestamp":"2023-11-09 12:34:30"},{"nodeID":"1285209","text":"suspending dividends makes no difference","type":"I","timestamp":"2023-11-09 12:34:30"},{"nodeID":"1285210","text":"Victor Adebowale: that makes no difference","type":"L","timestamp":"2023-11-09 12:34:30"},{"nodeID":"1285211","text":"Analysing","type":"YA","timestamp":"2023-11-09 12:34:30"},{"nodeID":"1285212","text":"Dominika: Victor Adebowale: that makes no difference","type":"L","timestamp":"2023-11-09 12:34:30"},{"nodeID":"1285213","text":"Asserting","type":"YA","timestamp":"2023-11-09 12:34:30"},{"nodeID":"1285214","text":"Default Transition","type":"TA","timestamp":"2023-11-09 12:34:30"},{"nodeID":"1285215","text":"Default Transition","type":"TA","timestamp":"2023-11-09 12:34:30"},{"nodeID":"1285216","text":"Default Inference","type":"RA","timestamp":"2023-11-09 12:34:30"},{"nodeID":"1285217","text":"Arguing","type":"YA","timestamp":"2023-11-09 12:34:30"},{"nodeID":"1285218","text":"let's suspend the dividends for a year","type":"I","timestamp":"2023-11-09 12:34:31"},{"nodeID":"1285219","text":"Victor Adebowale: let's suspend the dividends for a year","type":"L","timestamp":"2023-11-09 12:34:31"},{"nodeID":"1285220","text":"Analysing","type":"YA","timestamp":"2023-11-09 12:34:31"},{"nodeID":"1285221","text":"Dominika: Victor Adebowale: let's suspend the dividends for a year","type":"L","timestamp":"2023-11-09 12:34:31"},{"nodeID":"1285222","text":"Asserting","type":"YA","timestamp":"2023-11-09 12:34:31"},{"nodeID":"1285223","text":"Default Transition","type":"TA","timestamp":"2023-11-09 12:34:31"},{"nodeID":"1285224","text":"Default Inference","type":"RA","timestamp":"2023-11-09 12:34:31"},{"nodeID":"1285225","text":"Arguing","type":"YA","timestamp":"2023-11-09 12:34:31"},{"nodeID":"1285226","text":"let's really focus on the human situation here","type":"I","timestamp":"2023-11-09 12:34:32"},{"nodeID":"1285227","text":"Victor Adebowale: Let's really focus on the human situation here","type":"L","timestamp":"2023-11-09 12:34:32"},{"nodeID":"1285228","text":"Analysing","type":"YA","timestamp":"2023-11-09 12:34:32"},{"nodeID":"1285229","text":"Dominika: Victor Adebowale: Let's really focus on the human situation here","type":"L","timestamp":"2023-11-09 12:34:32"},{"nodeID":"1285230","text":"Asserting","type":"YA","timestamp":"2023-11-09 12:34:32"},{"nodeID":"1285231","text":"Victor Adebowale: Let's invest in our health service by supporting the poor during what will be horrific crisis of both food, and energy","type":"L","timestamp":"2023-11-09 12:34:32"},{"nodeID":"1285232","text":"Analysing","type":"YA","timestamp":"2023-11-09 12:34:32"},{"nodeID":"1285233","text":"Dominika: Victor Adebowale: Let's invest in our health service by supporting the poor during what will be horrific crisis of both food, and energy","type":"L","timestamp":"2023-11-09 12:34:32"},{"nodeID":"1285234","text":"Asserting","type":"YA","timestamp":"2023-11-09 12:34:32"},{"nodeID":"1285235","text":"Default Transition","type":"TA","timestamp":"2023-11-09 12:34:32"},{"nodeID":"1285236","text":"Default Transition","type":"TA","timestamp":"2023-11-09 12:34:32"},{"nodeID":"1285237","text":"Default Rephrase","type":"MA","timestamp":"2023-11-09 12:34:32"},{"nodeID":"1285238","text":"Default Illocuting","type":"YA","timestamp":"2023-11-09 12:34:32"},{"nodeID":"1285239","text":"Great Britain is one of the richest countries in the world by the way","type":"I","timestamp":"2023-11-09 12:34:33"},{"nodeID":"1285240","text":"Victor Adebowale: One of the richest countries in the world by the way","type":"L","timestamp":"2023-11-09 12:34:33"},{"nodeID":"1285241","text":"Analysing","type":"YA","timestamp":"2023-11-09 12:34:33"},{"nodeID":"1285242","text":"Dominika: Victor Adebowale: One of the richest countries in the world by the way","type":"L","timestamp":"2023-11-09 12:34:33"},{"nodeID":"1285243","text":"Asserting","type":"YA","timestamp":"2023-11-09 12:34:33"},{"nodeID":"1285244","text":"Default Transition","type":"TA","timestamp":"2023-11-09 12:34:33"},{"nodeID":"1285245","text":"Default Rephrase","type":"MA","timestamp":"2023-11-09 12:34:33"},{"nodeID":"1285246","text":"Default Illocuting","type":"YA","timestamp":"2023-11-09 12:34:33"},{"nodeID":"1285247","text":"on the point of the energy levy rebates that have been reimbursed you have to pay that back over a period of time","type":"I","timestamp":"2023-11-09 12:34:33"},{"nodeID":"1285248","text":"AudienceMember 20220210QT07: On the point of the energy levy rebates that have been reimbursed you have to pay that back over a period of time","type":"L","timestamp":"2023-11-09 12:34:34"},{"nodeID":"1285249","text":"Analysing","type":"YA","timestamp":"2023-11-09 12:34:34"},{"nodeID":"1285250","text":"Dominika: AudienceMember 20220210QT07: On the point of the energy levy rebates that have been reimbursed you have to pay that back over a period of time","type":"L","timestamp":"2023-11-09 12:34:34"},{"nodeID":"1285251","text":"Asserting","type":"YA","timestamp":"2023-11-09 12:34:34"},{"nodeID":"1285252","text":"Default Transition","type":"TA","timestamp":"2023-11-09 12:34:34"},{"nodeID":"1285253","text":"paying back energy levy rebates over a period of time is not helping individuals and families","type":"I","timestamp":"2023-11-09 12:34:34"},{"nodeID":"1285254","text":"AudienceMember 20220210QT07: How can you see that helping individuals and families","type":"L","timestamp":"2023-11-09 12:34:34"},{"nodeID":"1285255","text":"Analysing","type":"YA","timestamp":"2023-11-09 12:34:34"},{"nodeID":"1285256","text":"Dominika: AudienceMember 20220210QT07: How can you see that helping individuals and families","type":"L","timestamp":"2023-11-09 12:34:34"},{"nodeID":"1285257","text":"Rhetorical Questioning","type":"YA","timestamp":"2023-11-09 12:34:34"},{"nodeID":"1285258","text":"Default Transition","type":"TA","timestamp":"2023-11-09 12:34:34"},{"nodeID":"1285259","text":"it is just delaying the payment of energy levy rebates and disproportionately impacting the low income families, those that are suffering now and in the future","type":"I","timestamp":"2023-11-09 12:34:35"},{"nodeID":"1285260","text":"AudienceMember 20220210QT07: Isn't it just delaying the payment and disproportionately impacting the low income families, those that are suffering now and in the future","type":"L","timestamp":"2023-11-09 12:34:35"},{"nodeID":"1285261","text":"Analysing","type":"YA","timestamp":"2023-11-09 12:34:35"},{"nodeID":"1285262","text":"Dominika: AudienceMember 20220210QT07: Isn't it just delaying the payment and disproportionately impacting the low income families, those that are suffering now and in the future","type":"L","timestamp":"2023-11-09 12:34:35"},{"nodeID":"1285263","text":"Rhetorical Questioning","type":"YA","timestamp":"2023-11-09 12:34:35"},{"nodeID":"1285264","text":"Default Transition","type":"TA","timestamp":"2023-11-09 12:34:35"},{"nodeID":"1285265","text":"people on benefits don't pay Council tax","type":"I","timestamp":"2023-11-09 12:34:35"},{"nodeID":"1285266","text":"AudienceMember 20220210QT08: People on benefits don't pay Council tax","type":"L","timestamp":"2023-11-09 12:34:35"},{"nodeID":"1285267","text":"Analysing","type":"YA","timestamp":"2023-11-09 12:34:35"},{"nodeID":"1285268","text":"Dominika: AudienceMember 20220210QT08: People on benefits don't pay Council tax","type":"L","timestamp":"2023-11-09 12:34:35"},{"nodeID":"1285269","text":"Asserting","type":"YA","timestamp":"2023-11-09 12:34:35"},{"nodeID":"1285270","text":"Default Transition","type":"TA","timestamp":"2023-11-09 12:34:35"},{"nodeID":"1285271","text":"the money is coming off the Council tax","type":"I","timestamp":"2023-11-09 12:34:36"},{"nodeID":"1285272","text":"AudienceMember 20220210QT08: the money is coming off the Council tax","type":"L","timestamp":"2023-11-09 12:34:36"},{"nodeID":"1285273","text":"Analysing","type":"YA","timestamp":"2023-11-09 12:34:36"},{"nodeID":"1285274","text":"Dominika: AudienceMember 20220210QT08: the money is coming off the Council tax","type":"L","timestamp":"2023-11-09 12:34:36"},{"nodeID":"1285275","text":"Asserting","type":"YA","timestamp":"2023-11-09 12:34:36"},{"nodeID":"1285276","text":"Default Transition","type":"TA","timestamp":"2023-11-09 12:34:36"},{"nodeID":"1285277","text":"people are not going to benefit to pay utilities","type":"I","timestamp":"2023-11-09 12:34:37"},{"nodeID":"1285278","text":"AudienceMember 20220210QT08: how are they going to benefit to pay utilities","type":"L","timestamp":"2023-11-09 12:34:37"},{"nodeID":"1285279","text":"Analysing","type":"YA","timestamp":"2023-11-09 12:34:37"},{"nodeID":"1285280","text":"Dominika: AudienceMember 20220210QT08: how are they going to benefit to pay utilities","type":"L","timestamp":"2023-11-09 12:34:37"},{"nodeID":"1285281","text":"Rhetorical Questioning","type":"YA","timestamp":"2023-11-09 12:34:37"},{"nodeID":"1285282","text":"Default Inference","type":"RA","timestamp":"2023-11-09 12:34:37"},{"nodeID":"1285283","text":"Default Transition","type":"TA","timestamp":"2023-11-09 12:34:37"},{"nodeID":"1285284","text":"Arguing","type":"YA","timestamp":"2023-11-09 12:34:37"},{"nodeID":"1285285","text":"Default Rephrase","type":"MA","timestamp":"2023-11-09 12:34:37"},{"nodeID":"1285286","text":"Default Illocuting","type":"YA","timestamp":"2023-11-09 12:34:37"}],"edges":[{"edgeID":"1690663","fromID":"1285176","toID":"1285175","formEdgeID":null},{"edgeID":"1690664","fromID":"1285177","toID":"1285176","formEdgeID":null},{"edgeID":"1690665","fromID":"1285175","toID":"1285178","formEdgeID":null},{"edgeID":"1690666","fromID":"1285178","toID":"1285174","formEdgeID":null},{"edgeID":"1690667","fromID":"1285181","toID":"1285180","formEdgeID":null},{"edgeID":"1690668","fromID":"1285182","toID":"1285181","formEdgeID":null},{"edgeID":"1690669","fromID":"1285180","toID":"1285183","formEdgeID":null},{"edgeID":"1690670","fromID":"1285183","toID":"1285179","formEdgeID":null},{"edgeID":"1690671","fromID":"1285175","toID":"1285184","formEdgeID":null},{"edgeID":"1690672","fromID":"1285184","toID":"1285180","formEdgeID":null},{"edgeID":"1690673","fromID":"1285174","toID":"1285185","formEdgeID":null},{"edgeID":"1690674","fromID":"1285185","toID":"1285179","formEdgeID":null},{"edgeID":"1690675","fromID":"1285184","toID":"1285186","formEdgeID":null},{"edgeID":"1690676","fromID":"1285186","toID":"1285185","formEdgeID":null},{"edgeID":"1690677","fromID":"1285189","toID":"1285188","formEdgeID":null},{"edgeID":"1690678","fromID":"1285190","toID":"1285189","formEdgeID":null},{"edgeID":"1690679","fromID":"1285192","toID":"1285191","formEdgeID":null},{"edgeID":"1690680","fromID":"1285193","toID":"1285192","formEdgeID":null},{"edgeID":"1690681","fromID":"1285191","toID":"1285194","formEdgeID":null},{"edgeID":"1690682","fromID":"1285194","toID":"1285187","formEdgeID":null},{"edgeID":"1690683","fromID":"1285188","toID":"1285195","formEdgeID":null},{"edgeID":"1690684","fromID":"1285195","toID":"1285191","formEdgeID":null},{"edgeID":"1690685","fromID":"1285197","toID":"1285196","formEdgeID":null},{"edgeID":"1690686","fromID":"1285198","toID":"1285197","formEdgeID":null},{"edgeID":"1690687","fromID":"1285196","toID":"1285199","formEdgeID":null},{"edgeID":"1690688","fromID":"1285199","toID":"435343","formEdgeID":null},{"edgeID":"1690689","fromID":"1285188","toID":"1285200","formEdgeID":null},{"edgeID":"1690690","fromID":"1285200","toID":"1285196","formEdgeID":null},{"edgeID":"1690691","fromID":"435343","toID":"1285201","formEdgeID":null},{"edgeID":"1690692","fromID":"1285201","toID":"1285187","formEdgeID":null},{"edgeID":"1690693","fromID":"1285200","toID":"1285202","formEdgeID":null},{"edgeID":"1690694","fromID":"1285202","toID":"1285201","formEdgeID":null},{"edgeID":"1690695","fromID":"1285180","toID":"1285203","formEdgeID":null},{"edgeID":"1690696","fromID":"1285203","toID":"1285188","formEdgeID":null},{"edgeID":"1690697","fromID":"1285206","toID":"1285205","formEdgeID":null},{"edgeID":"1690698","fromID":"1285207","toID":"1285206","formEdgeID":null},{"edgeID":"1690699","fromID":"1285205","toID":"1285208","formEdgeID":null},{"edgeID":"1690700","fromID":"1285208","toID":"1285204","formEdgeID":null},{"edgeID":"1690701","fromID":"1285211","toID":"1285210","formEdgeID":null},{"edgeID":"1690702","fromID":"1285212","toID":"1285211","formEdgeID":null},{"edgeID":"1690703","fromID":"1285210","toID":"1285213","formEdgeID":null},{"edgeID":"1690704","fromID":"1285213","toID":"1285209","formEdgeID":null},{"edgeID":"1690705","fromID":"1285205","toID":"1285214","formEdgeID":null},{"edgeID":"1690706","fromID":"1285214","toID":"1285210","formEdgeID":null},{"edgeID":"1690707","fromID":"1285196","toID":"1285215","formEdgeID":null},{"edgeID":"1690708","fromID":"1285215","toID":"1285205","formEdgeID":null},{"edgeID":"1690709","fromID":"1285204","toID":"1285216","formEdgeID":null},{"edgeID":"1690710","fromID":"1285216","toID":"1285209","formEdgeID":null},{"edgeID":"1690711","fromID":"1285214","toID":"1285217","formEdgeID":null},{"edgeID":"1690712","fromID":"1285217","toID":"1285216","formEdgeID":null},{"edgeID":"1690713","fromID":"1285220","toID":"1285219","formEdgeID":null},{"edgeID":"1690714","fromID":"1285221","toID":"1285220","formEdgeID":null},{"edgeID":"1690715","fromID":"1285219","toID":"1285222","formEdgeID":null},{"edgeID":"1690716","fromID":"1285222","toID":"1285218","formEdgeID":null},{"edgeID":"1690717","fromID":"1285210","toID":"1285223","formEdgeID":null},{"edgeID":"1690718","fromID":"1285223","toID":"1285219","formEdgeID":null},{"edgeID":"1690719","fromID":"1285209","toID":"1285224","formEdgeID":null},{"edgeID":"1690720","fromID":"1285224","toID":"1285218","formEdgeID":null},{"edgeID":"1690721","fromID":"1285223","toID":"1285225","formEdgeID":null},{"edgeID":"1690722","fromID":"1285225","toID":"1285224","formEdgeID":null},{"edgeID":"1690723","fromID":"1285228","toID":"1285227","formEdgeID":null},{"edgeID":"1690724","fromID":"1285229","toID":"1285228","formEdgeID":null},{"edgeID":"1690725","fromID":"1285227","toID":"1285230","formEdgeID":null},{"edgeID":"1690726","fromID":"1285230","toID":"1285226","formEdgeID":null},{"edgeID":"1690727","fromID":"1285232","toID":"1285231","formEdgeID":null},{"edgeID":"1690728","fromID":"1285233","toID":"1285232","formEdgeID":null},{"edgeID":"1690729","fromID":"1285231","toID":"1285234","formEdgeID":null},{"edgeID":"1690730","fromID":"1285234","toID":"898867","formEdgeID":null},{"edgeID":"1690731","fromID":"1285219","toID":"1285235","formEdgeID":null},{"edgeID":"1690732","fromID":"1285235","toID":"1285227","formEdgeID":null},{"edgeID":"1690733","fromID":"1285227","toID":"1285236","formEdgeID":null},{"edgeID":"1690734","fromID":"1285236","toID":"1285231","formEdgeID":null},{"edgeID":"1690735","fromID":"898867","toID":"1285237","formEdgeID":null},{"edgeID":"1690736","fromID":"1285237","toID":"1285226","formEdgeID":null},{"edgeID":"1690737","fromID":"1285236","toID":"1285238","formEdgeID":null},{"edgeID":"1690738","fromID":"1285238","toID":"1285237","formEdgeID":null},{"edgeID":"1690739","fromID":"1285241","toID":"1285240","formEdgeID":null},{"edgeID":"1690740","fromID":"1285242","toID":"1285241","formEdgeID":null},{"edgeID":"1690741","fromID":"1285240","toID":"1285243","formEdgeID":null},{"edgeID":"1690742","fromID":"1285243","toID":"1285239","formEdgeID":null},{"edgeID":"1690743","fromID":"1285231","toID":"1285244","formEdgeID":null},{"edgeID":"1690744","fromID":"1285244","toID":"1285240","formEdgeID":null},{"edgeID":"1690745","fromID":"1285226","toID":"1285245","formEdgeID":null},{"edgeID":"1690746","fromID":"1285245","toID":"1285218","formEdgeID":null},{"edgeID":"1690747","fromID":"1285235","toID":"1285246","formEdgeID":null},{"edgeID":"1690748","fromID":"1285246","toID":"1285245","formEdgeID":null},{"edgeID":"1690749","fromID":"1285249","toID":"1285248","formEdgeID":null},{"edgeID":"1690750","fromID":"1285250","toID":"1285249","formEdgeID":null},{"edgeID":"1690751","fromID":"1285248","toID":"1285251","formEdgeID":null},{"edgeID":"1690752","fromID":"1285251","toID":"1285247","formEdgeID":null},{"edgeID":"1690753","fromID":"1285240","toID":"1285252","formEdgeID":null},{"edgeID":"1690754","fromID":"1285252","toID":"1285248","formEdgeID":null},{"edgeID":"1690755","fromID":"1285255","toID":"1285254","formEdgeID":null},{"edgeID":"1690756","fromID":"1285256","toID":"1285255","formEdgeID":null},{"edgeID":"1690757","fromID":"1285254","toID":"1285257","formEdgeID":null},{"edgeID":"1690758","fromID":"1285257","toID":"1285253","formEdgeID":null},{"edgeID":"1690759","fromID":"1285248","toID":"1285258","formEdgeID":null},{"edgeID":"1690760","fromID":"1285258","toID":"1285254","formEdgeID":null},{"edgeID":"1690761","fromID":"1285261","toID":"1285260","formEdgeID":null},{"edgeID":"1690762","fromID":"1285262","toID":"1285261","formEdgeID":null},{"edgeID":"1690763","fromID":"1285260","toID":"1285263","formEdgeID":null},{"edgeID":"1690764","fromID":"1285263","toID":"1285259","formEdgeID":null},{"edgeID":"1690765","fromID":"1285254","toID":"1285264","formEdgeID":null},{"edgeID":"1690766","fromID":"1285264","toID":"1285260","formEdgeID":null},{"edgeID":"1690767","fromID":"1285267","toID":"1285266","formEdgeID":null},{"edgeID":"1690768","fromID":"1285268","toID":"1285267","formEdgeID":null},{"edgeID":"1690769","fromID":"1285266","toID":"1285269","formEdgeID":null},{"edgeID":"1690770","fromID":"1285269","toID":"1285265","formEdgeID":null},{"edgeID":"1690771","fromID":"1285260","toID":"1285270","formEdgeID":null},{"edgeID":"1690772","fromID":"1285270","toID":"1285266","formEdgeID":null},{"edgeID":"1690773","fromID":"1285273","toID":"1285272","formEdgeID":null},{"edgeID":"1690774","fromID":"1285274","toID":"1285273","formEdgeID":null},{"edgeID":"1690775","fromID":"1285272","toID":"1285275","formEdgeID":null},{"edgeID":"1690776","fromID":"1285275","toID":"1285271","formEdgeID":null},{"edgeID":"1690777","fromID":"1285266","toID":"1285276","formEdgeID":null},{"edgeID":"1690778","fromID":"1285276","toID":"1285272","formEdgeID":null},{"edgeID":"1690779","fromID":"1285279","toID":"1285278","formEdgeID":null},{"edgeID":"1690780","fromID":"1285280","toID":"1285279","formEdgeID":null},{"edgeID":"1690781","fromID":"1285278","toID":"1285281","formEdgeID":null},{"edgeID":"1690782","fromID":"1285281","toID":"1285277","formEdgeID":null},{"edgeID":"1690783","fromID":"1285265","toID":"1285282","formEdgeID":null},{"edgeID":"1690784","fromID":"1285282","toID":"1285277","formEdgeID":null},{"edgeID":"1690785","fromID":"1285271","toID":"1285282","formEdgeID":null},{"edgeID":"1690786","fromID":"1285266","toID":"1285283","formEdgeID":null},{"edgeID":"1690787","fromID":"1285283","toID":"1285278","formEdgeID":null},{"edgeID":"1690788","fromID":"1285283","toID":"1285284","formEdgeID":null},{"edgeID":"1690789","fromID":"1285284","toID":"1285282","formEdgeID":null},{"edgeID":"1690790","fromID":"1285259","toID":"1285285","formEdgeID":null},{"edgeID":"1690791","fromID":"1285285","toID":"1285253","formEdgeID":null},{"edgeID":"1690792","fromID":"1285264","toID":"1285286","formEdgeID":null},{"edgeID":"1690793","fromID":"1285286","toID":"1285285","formEdgeID":null}],"locutions":[]}