{"nodes":[{"nodeID":"898856","text":"xxx is when we are going to start holding these big energy corporations to account","type":"I","timestamp":"2022-02-10 21:17:43"},{"nodeID":"898862","text":"these same business models have been robust enough to pay billions and billions in shareholder dividends over decades","type":"I","timestamp":"2022-02-10 21:17:45"},{"nodeID":"1151849","text":"it's frustrating after 12 years of a Tory Government in power to have this crisis","type":"I","timestamp":"2023-04-21 13:20:28"},{"nodeID":"1151851","text":"it's frustrating to have the same new Labour philosophy at work","type":"I","timestamp":"2023-04-21 13:20:30"},{"nodeID":"1151854","text":"the Labor philosophy is a philosophy which sees Government money as the Government's","type":"I","timestamp":"2023-04-21 13:20:33"},{"nodeID":"1151857","text":"the money is not the Goverment's, it's yours","type":"I","timestamp":"2023-04-21 13:20:36"},{"nodeID":"1151860","text":"you have lent the money to the Government","type":"I","timestamp":"2023-04-21 13:20:39"},{"nodeID":"1151863","text":"the Government shouldn't be lending the money to you","type":"I","timestamp":"2023-04-21 13:20:41"},{"nodeID":"1151866","text":"it is not the calculation Tim Stanley has seen that green levies are 12.5%","type":"I","timestamp":"2023-04-21 13:20:44"},{"nodeID":"1151869","text":"green levies are 12.5%","type":"I","timestamp":"2023-04-21 13:20:47"},{"nodeID":"1151872","text":"green levies are not 20%","type":"I","timestamp":"2023-04-21 13:20:49"},{"nodeID":"1151875","text":"not just green but other levies are different","type":"I","timestamp":"2023-04-21 13:20:52"},{"nodeID":"1151878","text":"the Government were sensible","type":"I","timestamp":"2023-04-21 13:20:54"},{"nodeID":"1151881","text":"they would be using the gas crisis as an opportunity to retrofit a lot of the homes in the UK","type":"I","timestamp":"2023-04-21 13:20:57"},{"nodeID":"1151884","text":"retrofitting a lot of the homes in the UK would reduce the demand for gas","type":"I","timestamp":"2023-04-21 13:20:59"},{"nodeID":"1151887","text":"reducing the demand for gas would help with fuel poverty","type":"I","timestamp":"2023-04-21 13:21:03"},{"nodeID":"1151890","text":"reducing the demand for gas would help with the coming climate crisis","type":"I","timestamp":"2023-04-21 13:21:05"},{"nodeID":"1151893","text":"retrofitting a lot of the homes in the UK would be the long-term solution that they really should be doing","type":"I","timestamp":"2023-04-21 13:21:08"},{"nodeID":"1151896","text":"installing heat pumps is or isn't what should be done","type":"I","timestamp":"2023-04-21 13:21:11"},{"nodeID":"1151899","text":"there should be no insulating homes to reduce the demand for gas","type":"I","timestamp":"2023-04-21 13:21:14"},{"nodeID":"1151902","text":"the reason why it seems in the past week there has been less focus by the opposition party upon these cost of living concerns is xxx","type":"I","timestamp":"2023-04-21 13:21:17"},{"nodeID":"1151905","text":"the oppositon party has been instead primarily focused upon the issues of party gate","type":"I","timestamp":"2023-04-21 13:21:19"},{"nodeID":"1151908","text":"the business models of these energy companies is not capable of responding to this shock","type":"I","timestamp":"2023-04-21 13:21:22"},{"nodeID":"1151913","text":"the business models of these energy companies is not capable of responding to this crisis","type":"I","timestamp":"2023-04-21 13:21:27"},{"nodeID":"1152019","text":"when xxx the Government will hold the big energy companies to account","type":"I","timestamp":"2023-04-21 13:21:39"},{"nodeID":"1285886","text":"Tim Stanley: It's frustrating after 12 years of a Tory Government in power to have this crisis","type":"L","timestamp":"2023-11-09 12:35:29"},{"nodeID":"1285887","text":"Amelie: Tim Stanley: It's frustrating after 12 years of a Tory Government in power to have this crisis","type":"L","timestamp":"2023-11-09 12:35:29"},{"nodeID":"1285888","text":"Tim Stanley: the same new Labour philosophy at work","type":"L","timestamp":"2023-11-09 12:35:29"},{"nodeID":"1285889","text":"Amelie: Tim Stanley: the same new Labour philosophy at work","type":"L","timestamp":"2023-11-09 12:35:29"},{"nodeID":"1285890","text":"Tim Stanley: A philosophy which sees Government money as the Government's","type":"L","timestamp":"2023-11-09 12:35:30"},{"nodeID":"1285891","text":"Amelie: Tim Stanley: A philosophy which sees Government money as the Government's","type":"L","timestamp":"2023-11-09 12:35:30"},{"nodeID":"1285892","text":"Tim Stanley: it's not it's yours","type":"L","timestamp":"2023-11-09 12:35:30"},{"nodeID":"1285893","text":"Amelie: Tim Stanley: it's not it's yours","type":"L","timestamp":"2023-11-09 12:35:30"},{"nodeID":"1285894","text":"Tim Stanley: you have lent it to the Government","type":"L","timestamp":"2023-11-09 12:35:31"},{"nodeID":"1285895","text":"Amelie: Tim Stanley: you have lent it to the Government","type":"L","timestamp":"2023-11-09 12:35:31"},{"nodeID":"1285896","text":"Tim Stanley: the Government shouldn't be lending it to you","type":"L","timestamp":"2023-11-09 12:35:32"},{"nodeID":"1285897","text":"Amelie: Tim Stanley: the Government shouldn't be lending it to you","type":"L","timestamp":"2023-11-09 12:35:32"},{"nodeID":"1285898","text":"Tim Stanley: Not the calculation I have seen","type":"L","timestamp":"2023-11-09 12:35:32"},{"nodeID":"1285899","text":"Amelie: Tim Stanley: Not the calculation I have seen","type":"L","timestamp":"2023-11-09 12:35:32"},{"nodeID":"1285900","text":"Fiona Bruce: green levies are 12.5%","type":"L","timestamp":"2023-11-09 12:35:33"},{"nodeID":"1285901","text":"Amelie: Fiona Bruce: green levies are 12.5%","type":"L","timestamp":"2023-11-09 12:35:33"},{"nodeID":"1285902","text":"Fiona Bruce: not 20%","type":"L","timestamp":"2023-11-09 12:35:33"},{"nodeID":"1285903","text":"Amelie: Fiona Bruce: not 20%","type":"L","timestamp":"2023-11-09 12:35:33"},{"nodeID":"1285904","text":"Tim Stanley: Not just green but other levies","type":"L","timestamp":"2023-11-09 12:35:34"},{"nodeID":"1285905","text":"Amelie: Tim Stanley: Not just green but other levies","type":"L","timestamp":"2023-11-09 12:35:34"},{"nodeID":"1285906","text":"AudienceMember 20220210QT02: the Government were sensible","type":"L","timestamp":"2023-11-09 12:35:35"},{"nodeID":"1285907","text":"Amelie: AudienceMember 20220210QT02: the Government were sensible","type":"L","timestamp":"2023-11-09 12:35:35"},{"nodeID":"1285908","text":"AudienceMember 20220210QT02: they would be using the gas crisis as an opportunity to retrofit a lot of the homes in the UK","type":"L","timestamp":"2023-11-09 12:35:35"},{"nodeID":"1285909","text":"Amelie: AudienceMember 20220210QT02: they would be using the gas crisis as an opportunity to retrofit a lot of the homes in the UK","type":"L","timestamp":"2023-11-09 12:35:35"},{"nodeID":"1285910","text":"AudienceMember 20220210QT02: to reduce the demand for gas","type":"L","timestamp":"2023-11-09 12:35:36"},{"nodeID":"1285911","text":"Amelie: AudienceMember 20220210QT02: to reduce the demand for gas","type":"L","timestamp":"2023-11-09 12:35:36"},{"nodeID":"1285912","text":"AudienceMember 20220210QT02: which would not only help with fuel poverty","type":"L","timestamp":"2023-11-09 12:35:36"},{"nodeID":"1285913","text":"Amelie: AudienceMember 20220210QT02: which would not only help with fuel poverty","type":"L","timestamp":"2023-11-09 12:35:36"},{"nodeID":"1285914","text":"AudienceMember 20220210QT02: help with the coming climate crisis","type":"L","timestamp":"2023-11-09 12:35:37"},{"nodeID":"1285915","text":"Amelie: AudienceMember 20220210QT02: help with the coming climate crisis","type":"L","timestamp":"2023-11-09 12:35:37"},{"nodeID":"1285916","text":"AudienceMember 20220210QT02: that would be the long-term solution that they really should be doing","type":"L","timestamp":"2023-11-09 12:35:38"},{"nodeID":"1285917","text":"Amelie: AudienceMember 20220210QT02: that would be the long-term solution that they really should be doing","type":"L","timestamp":"2023-11-09 12:35:38"},{"nodeID":"1285918","text":"Fiona Bruce: Installing heat pumps","type":"L","timestamp":"2023-11-09 12:35:38"},{"nodeID":"1285919","text":"Amelie: Fiona Bruce: Installing heat pumps","type":"L","timestamp":"2023-11-09 12:35:38"},{"nodeID":"1285920","text":"AudienceMember 20220210QT03: No insulating homes to reduce the demand for gas","type":"L","timestamp":"2023-11-09 12:35:39"},{"nodeID":"1285921","text":"Amelie: AudienceMember 20220210QT03: No insulating homes to reduce the demand for gas","type":"L","timestamp":"2023-11-09 12:35:39"},{"nodeID":"1285922","text":"AudienceMember 20220210QT04: I would be interested to know why it seems in the past week there has been less focus by the opposition party upon these cost of living concerns","type":"L","timestamp":"2023-11-09 12:35:40"},{"nodeID":"1285923","text":"Amelie: AudienceMember 20220210QT04: I would be interested to know why it seems in the past week there has been less focus by the opposition party upon these cost of living concerns","type":"L","timestamp":"2023-11-09 12:35:40"},{"nodeID":"1285924","text":"AudienceMember 20220210QT04: has instead primarily focused upon the issues of party gate","type":"L","timestamp":"2023-11-09 12:35:40"},{"nodeID":"1285925","text":"Amelie: AudienceMember 20220210QT04: has instead primarily focused upon the issues of party gate","type":"L","timestamp":"2023-11-09 12:35:40"},{"nodeID":"1285926","text":"AudienceMember 20220210QT05: you mentioned the business models of these energy companies not being capable of responding to this shock","type":"L","timestamp":"2023-11-09 12:35:41"},{"nodeID":"1285927","text":"Amelie: AudienceMember 20220210QT05: you mentioned the business models of these energy companies not being capable of responding to this shock","type":"L","timestamp":"2023-11-09 12:35:41"},{"nodeID":"1285928","text":"Unknown Speaker: the business models of these energy companies is not being capable of responding to this shock","type":"L","timestamp":"2023-11-09 12:35:41"},{"nodeID":"1285929","text":"Amelie: Unknown Speaker: you mentioned the business models of these energy companies not being capable of responding to this shock","type":"L","timestamp":"2023-11-09 12:35:41"},{"nodeID":"1285930","text":"AudienceMember 20220210QT05: this crisis","type":"L","timestamp":"2023-11-09 12:35:41"},{"nodeID":"1285931","text":"Amelie: AudienceMember 20220210QT05: this crisis","type":"L","timestamp":"2023-11-09 12:35:41"},{"nodeID":"1285932","text":"Unknown Speaker: the business models of these energy companies is not capable of responding to this shock","type":"L","timestamp":"2023-11-09 12:35:41"},{"nodeID":"1285933","text":"Amelie: Unknown Speaker: the business models of these energy companies is not capable of responding to this crisis","type":"L","timestamp":"2023-11-09 12:35:41"},{"nodeID":"1285934","text":"AudienceMember 20220210QT05: these same business models have been robust enough to pay billions, and billions in shareholder dividends over decades","type":"L","timestamp":"2023-11-09 12:35:41"},{"nodeID":"1285935","text":"Amelie: AudienceMember 20220210QT05: these same business models have been robust enough to pay billions, and billions in shareholder dividends over decades","type":"L","timestamp":"2023-11-09 12:35:41"},{"nodeID":"1285936","text":"AudienceMember 20220210QT05: When are we going to start holding these big corporations to account","type":"L","timestamp":"2023-11-09 12:35:41"},{"nodeID":"1285937","text":"Amelie: AudienceMember 20220210QT05: When are we going to start holding these big corporations to account","type":"L","timestamp":"2023-11-09 12:35:41"},{"nodeID":"1285938","text":"AudienceMember 20220210QT05: when will the Government hold them to account","type":"L","timestamp":"2023-11-09 12:35:41"},{"nodeID":"1285939","text":"Amelie: AudienceMember 20220210QT05: when will the Government hold them to account","type":"L","timestamp":"2023-11-09 12:35:41"},{"nodeID":"1285940","text":"Analysing","type":"YA","timestamp":"2023-11-09 12:35:41"},{"nodeID":"1285941","text":"Asserting","type":"YA","timestamp":"2023-11-09 12:35:41"},{"nodeID":"1285942","text":"Analysing","type":"YA","timestamp":"2023-11-09 12:35:41"},{"nodeID":"1285943","text":"Asserting","type":"YA","timestamp":"2023-11-09 12:35:41"},{"nodeID":"1285944","text":"Default Transition","type":"TA","timestamp":"2023-11-09 12:35:41"},{"nodeID":"1285945","text":"Default Rephrase","type":"MA","timestamp":"2023-11-09 12:35:41"},{"nodeID":"1285946","text":"Restating","type":"YA","timestamp":"2023-11-09 12:35:41"},{"nodeID":"1285947","text":"Analysing","type":"YA","timestamp":"2023-11-09 12:35:41"},{"nodeID":"1285948","text":"Asserting","type":"YA","timestamp":"2023-11-09 12:35:41"},{"nodeID":"1285949","text":"Analysing","type":"YA","timestamp":"2023-11-09 12:35:41"},{"nodeID":"1285950","text":"Asserting","type":"YA","timestamp":"2023-11-09 12:35:41"},{"nodeID":"1285951","text":"Default Transition","type":"TA","timestamp":"2023-11-09 12:35:41"},{"nodeID":"1285952","text":"Default Rephrase","type":"MA","timestamp":"2023-11-09 12:35:41"},{"nodeID":"1285953","text":"Restating","type":"YA","timestamp":"2023-11-09 12:35:41"},{"nodeID":"1285954","text":"Default Transition","type":"TA","timestamp":"2023-11-09 12:35:41"},{"nodeID":"1285955","text":"Default Conflict","type":"CA","timestamp":"2023-11-09 12:35:41"},{"nodeID":"1285956","text":"Disagreeing","type":"YA","timestamp":"2023-11-09 12:35:41"},{"nodeID":"1285957","text":"Analysing","type":"YA","timestamp":"2023-11-09 12:35:41"},{"nodeID":"1285958","text":"Asserting","type":"YA","timestamp":"2023-11-09 12:35:41"},{"nodeID":"1285959","text":"Default Transition","type":"TA","timestamp":"2023-11-09 12:35:41"},{"nodeID":"1285960","text":"Analysing","type":"YA","timestamp":"2023-11-09 12:35:41"},{"nodeID":"1285961","text":"Asserting","type":"YA","timestamp":"2023-11-09 12:35:41"},{"nodeID":"1285962","text":"Default Transition","type":"TA","timestamp":"2023-11-09 12:35:41"},{"nodeID":"1285963","text":"Default Inference","type":"RA","timestamp":"2023-11-09 12:35:41"},{"nodeID":"1285964","text":"Arguing","type":"YA","timestamp":"2023-11-09 12:35:41"},{"nodeID":"1285965","text":"Default Inference","type":"RA","timestamp":"2023-11-09 12:35:41"},{"nodeID":"1285966","text":"Arguing","type":"YA","timestamp":"2023-11-09 12:35:41"},{"nodeID":"1285967","text":"Analysing","type":"YA","timestamp":"2023-11-09 12:35:41"},{"nodeID":"1285968","text":"Asserting","type":"YA","timestamp":"2023-11-09 12:35:41"},{"nodeID":"1285969","text":"Analysing","type":"YA","timestamp":"2023-11-09 12:35:41"},{"nodeID":"1285970","text":"Asserting","type":"YA","timestamp":"2023-11-09 12:35:41"},{"nodeID":"1285971","text":"Default Transition","type":"TA","timestamp":"2023-11-09 12:35:41"},{"nodeID":"1285972","text":"Analysing","type":"YA","timestamp":"2023-11-09 12:35:41"},{"nodeID":"1285973","text":"Asserting","type":"YA","timestamp":"2023-11-09 12:35:41"},{"nodeID":"1285974","text":"Default Transition","type":"TA","timestamp":"2023-11-09 12:35:41"},{"nodeID":"1285975","text":"Default Conflict","type":"CA","timestamp":"2023-11-09 12:35:41"},{"nodeID":"1285976","text":"Disagreeing","type":"YA","timestamp":"2023-11-09 12:35:41"},{"nodeID":"1285977","text":"Analysing","type":"YA","timestamp":"2023-11-09 12:35:41"},{"nodeID":"1285978","text":"Asserting","type":"YA","timestamp":"2023-11-09 12:35:41"},{"nodeID":"1285979","text":"Default Transition","type":"TA","timestamp":"2023-11-09 12:35:41"},{"nodeID":"1285980","text":"Analysing","type":"YA","timestamp":"2023-11-09 12:35:41"},{"nodeID":"1285981","text":"Asserting","type":"YA","timestamp":"2023-11-09 12:35:41"},{"nodeID":"1285982","text":"Default Transition","type":"TA","timestamp":"2023-11-09 12:35:41"},{"nodeID":"1285983","text":"Analysing","type":"YA","timestamp":"2023-11-09 12:35:41"},{"nodeID":"1285984","text":"Asserting","type":"YA","timestamp":"2023-11-09 12:35:41"},{"nodeID":"1285985","text":"Default Transition","type":"TA","timestamp":"2023-11-09 12:35:41"},{"nodeID":"1285986","text":"Analysing","type":"YA","timestamp":"2023-11-09 12:35:41"},{"nodeID":"1285987","text":"Asserting","type":"YA","timestamp":"2023-11-09 12:35:41"},{"nodeID":"1285988","text":"Default Transition","type":"TA","timestamp":"2023-11-09 12:35:41"},{"nodeID":"1285989","text":"Default Inference","type":"RA","timestamp":"2023-11-09 12:35:41"},{"nodeID":"1285990","text":"Arguing","type":"YA","timestamp":"2023-11-09 12:35:41"},{"nodeID":"1285991","text":"Analysing","type":"YA","timestamp":"2023-11-09 12:35:41"},{"nodeID":"1285992","text":"Asserting","type":"YA","timestamp":"2023-11-09 12:35:41"},{"nodeID":"1285993","text":"Analysing","type":"YA","timestamp":"2023-11-09 12:35:41"},{"nodeID":"1285994","text":"Asserting","type":"YA","timestamp":"2023-11-09 12:35:41"},{"nodeID":"1285995","text":"Default Conflict","type":"CA","timestamp":"2023-11-09 12:35:41"},{"nodeID":"1285996","text":"Default Transition","type":"TA","timestamp":"2023-11-09 12:35:41"},{"nodeID":"1285997","text":"Disagreeing","type":"YA","timestamp":"2023-11-09 12:35:41"},{"nodeID":"1285998","text":"Default Rephrase","type":"MA","timestamp":"2023-11-09 12:35:41"},{"nodeID":"1285999","text":"Restating","type":"YA","timestamp":"2023-11-09 12:35:41"},{"nodeID":"1286000","text":"Analysing","type":"YA","timestamp":"2023-11-09 12:35:41"},{"nodeID":"1286001","text":"Asserting","type":"YA","timestamp":"2023-11-09 12:35:41"},{"nodeID":"1286002","text":"Default Rephrase","type":"MA","timestamp":"2023-11-09 12:35:41"},{"nodeID":"1286003","text":"Default Transition","type":"TA","timestamp":"2023-11-09 12:35:41"},{"nodeID":"1286004","text":"Analysing","type":"YA","timestamp":"2023-11-09 12:35:41"},{"nodeID":"1286005","text":"Pure Questioning","type":"YA","timestamp":"2023-11-09 12:35:41"},{"nodeID":"1286006","text":"Default Transition","type":"TA","timestamp":"2023-11-09 12:35:41"},{"nodeID":"1286007","text":"Analysing","type":"YA","timestamp":"2023-11-09 12:35:41"},{"nodeID":"1286008","text":"Asserting","type":"YA","timestamp":"2023-11-09 12:35:41"},{"nodeID":"1286009","text":"Default Transition","type":"TA","timestamp":"2023-11-09 12:35:41"},{"nodeID":"1286010","text":"Analysing","type":"YA","timestamp":"2023-11-09 12:35:41"},{"nodeID":"1286011","text":"Pure Questioning","type":"YA","timestamp":"2023-11-09 12:35:41"},{"nodeID":"1286012","text":"Default Transition","type":"TA","timestamp":"2023-11-09 12:35:41"},{"nodeID":"1286013","text":"Analysing","type":"YA","timestamp":"2023-11-09 12:35:41"},{"nodeID":"1286014","text":"Asserting","type":"YA","timestamp":"2023-11-09 12:35:41"},{"nodeID":"1286015","text":"Default Transition","type":"TA","timestamp":"2023-11-09 12:35:41"},{"nodeID":"1286016","text":"Default Rephrase","type":"MA","timestamp":"2023-11-09 12:35:41"},{"nodeID":"1286017","text":"Restating","type":"YA","timestamp":"2023-11-09 12:35:41"},{"nodeID":"1286018","text":"Analysing","type":"YA","timestamp":"2023-11-09 12:35:41"},{"nodeID":"1286019","text":"Default Transition","type":"TA","timestamp":"2023-11-09 12:35:41"},{"nodeID":"1286020","text":"Analysing","type":"YA","timestamp":"2023-11-09 12:35:41"},{"nodeID":"1286021","text":"Asserting","type":"YA","timestamp":"2023-11-09 12:35:41"},{"nodeID":"1286022","text":"Asserting","type":"YA","timestamp":"2023-11-09 12:35:41"},{"nodeID":"1286023","text":"Analysing","type":"YA","timestamp":"2023-11-09 12:35:41"},{"nodeID":"1286024","text":"Default Transition","type":"TA","timestamp":"2023-11-09 12:35:41"},{"nodeID":"1286025","text":"Analysing","type":"YA","timestamp":"2023-11-09 12:35:41"},{"nodeID":"1286026","text":"Asserting","type":"YA","timestamp":"2023-11-09 12:35:41"},{"nodeID":"1286027","text":"Asserting","type":"YA","timestamp":"2023-11-09 12:35:41"},{"nodeID":"1286028","text":"Default Rephrase","type":"MA","timestamp":"2023-11-09 12:35:41"},{"nodeID":"1286029","text":"Restating","type":"YA","timestamp":"2023-11-09 12:35:41"},{"nodeID":"1286030","text":"Analysing","type":"YA","timestamp":"2023-11-09 12:35:42"},{"nodeID":"1286031","text":"Asserting","type":"YA","timestamp":"2023-11-09 12:35:42"},{"nodeID":"1286032","text":"Default Conflict","type":"CA","timestamp":"2023-11-09 12:35:42"},{"nodeID":"1286033","text":"Default Transition","type":"TA","timestamp":"2023-11-09 12:35:42"},{"nodeID":"1286034","text":"Disagreeing","type":"YA","timestamp":"2023-11-09 12:35:42"},{"nodeID":"1286035","text":"Analysing","type":"YA","timestamp":"2023-11-09 12:35:43"},{"nodeID":"1286036","text":"Pure Questioning","type":"YA","timestamp":"2023-11-09 12:35:43"},{"nodeID":"1286037","text":"Default Transition","type":"TA","timestamp":"2023-11-09 12:35:43"},{"nodeID":"1286038","text":"Analysing","type":"YA","timestamp":"2023-11-09 12:35:43"},{"nodeID":"1286039","text":"Pure Questioning","type":"YA","timestamp":"2023-11-09 12:35:43"},{"nodeID":"1286040","text":"Default Transition","type":"TA","timestamp":"2023-11-09 12:35:43"},{"nodeID":"1286041","text":"Default Rephrase","type":"MA","timestamp":"2023-11-09 12:35:43"},{"nodeID":"1286042","text":"Restating","type":"YA","timestamp":"2023-11-09 12:35:43"},{"nodeID":"1286043","text":"Default Inference","type":"RA","timestamp":"2023-11-09 12:35:43"},{"nodeID":"1286044","text":"Arguing","type":"YA","timestamp":"2023-11-09 12:35:43"},{"nodeID":"1286045","text":"Default Rephrase","type":"MA","timestamp":"2023-11-09 12:35:43"},{"nodeID":"1286046","text":"Default Transition","type":"TA","timestamp":"2023-11-09 12:35:43"},{"nodeID":"1286047","text":"Restating","type":"YA","timestamp":"2023-11-09 12:35:43"},{"nodeID":"1286048","text":"Default Rephrase","type":"MA","timestamp":"2023-11-09 12:35:43"},{"nodeID":"1286049","text":"Default Transition","type":"TA","timestamp":"2023-11-09 12:35:43"},{"nodeID":"1286050","text":"Restating","type":"YA","timestamp":"2023-11-09 12:35:43"},{"nodeID":"1286051","text":"Restating","type":"YA","timestamp":"2023-11-09 12:35:43"},{"nodeID":"1286052","text":"Default Conflict","type":"CA","timestamp":"2023-11-09 12:35:43"},{"nodeID":"1286053","text":"Default Transition","type":"TA","timestamp":"2023-11-09 12:35:43"},{"nodeID":"1286054","text":"Disagreeing","type":"YA","timestamp":"2023-11-09 12:35:43"}],"edges":[{"edgeID":"1691519","fromID":"1285940","toID":"1285886","formEdgeID":null},{"edgeID":"1691520","fromID":"1285887","toID":"1285940","formEdgeID":null},{"edgeID":"1691521","fromID":"1285941","toID":"1151849","formEdgeID":null},{"edgeID":"1691522","fromID":"1285886","toID":"1285941","formEdgeID":null},{"edgeID":"1691523","fromID":"1285942","toID":"1285888","formEdgeID":null},{"edgeID":"1691524","fromID":"1285889","toID":"1285942","formEdgeID":null},{"edgeID":"1691525","fromID":"1285888","toID":"1285943","formEdgeID":null},{"edgeID":"1691526","fromID":"1285943","toID":"1151851","formEdgeID":null},{"edgeID":"1691527","fromID":"1285886","toID":"1285944","formEdgeID":null},{"edgeID":"1691528","fromID":"1285944","toID":"1285888","formEdgeID":null},{"edgeID":"1691529","fromID":"1151851","toID":"1285945","formEdgeID":null},{"edgeID":"1691530","fromID":"1285945","toID":"1151849","formEdgeID":null},{"edgeID":"1691531","fromID":"1285944","toID":"1285946","formEdgeID":null},{"edgeID":"1691532","fromID":"1285946","toID":"1285945","formEdgeID":null},{"edgeID":"1691533","fromID":"1285947","toID":"1285890","formEdgeID":null},{"edgeID":"1691534","fromID":"1285891","toID":"1285947","formEdgeID":null},{"edgeID":"1691535","fromID":"1285890","toID":"1285948","formEdgeID":null},{"edgeID":"1691536","fromID":"1285948","toID":"1151854","formEdgeID":null},{"edgeID":"1691537","fromID":"1285949","toID":"1285892","formEdgeID":null},{"edgeID":"1691538","fromID":"1285893","toID":"1285949","formEdgeID":null},{"edgeID":"1691539","fromID":"1285892","toID":"1285950","formEdgeID":null},{"edgeID":"1691540","fromID":"1285950","toID":"1151857","formEdgeID":null},{"edgeID":"1691541","fromID":"1285888","toID":"1285951","formEdgeID":null},{"edgeID":"1691542","fromID":"1285951","toID":"1285890","formEdgeID":null},{"edgeID":"1691543","fromID":"1151854","toID":"1285952","formEdgeID":null},{"edgeID":"1691544","fromID":"1285952","toID":"1151851","formEdgeID":null},{"edgeID":"1691545","fromID":"1285951","toID":"1285953","formEdgeID":null},{"edgeID":"1691546","fromID":"1285953","toID":"1285952","formEdgeID":null},{"edgeID":"1691547","fromID":"1285890","toID":"1285954","formEdgeID":null},{"edgeID":"1691548","fromID":"1285954","toID":"1285892","formEdgeID":null},{"edgeID":"1691549","fromID":"1151857","toID":"1285955","formEdgeID":null},{"edgeID":"1691550","fromID":"1285955","toID":"1151854","formEdgeID":null},{"edgeID":"1691551","fromID":"1285954","toID":"1285956","formEdgeID":null},{"edgeID":"1691552","fromID":"1285956","toID":"1285955","formEdgeID":null},{"edgeID":"1691553","fromID":"1285957","toID":"1285894","formEdgeID":null},{"edgeID":"1691554","fromID":"1285895","toID":"1285957","formEdgeID":null},{"edgeID":"1691555","fromID":"1285894","toID":"1285958","formEdgeID":null},{"edgeID":"1691556","fromID":"1285958","toID":"1151860","formEdgeID":null},{"edgeID":"1691557","fromID":"1285892","toID":"1285959","formEdgeID":null},{"edgeID":"1691558","fromID":"1285959","toID":"1285894","formEdgeID":null},{"edgeID":"1691559","fromID":"1285960","toID":"1285896","formEdgeID":null},{"edgeID":"1691560","fromID":"1285897","toID":"1285960","formEdgeID":null},{"edgeID":"1691561","fromID":"1285896","toID":"1285961","formEdgeID":null},{"edgeID":"1691562","fromID":"1285961","toID":"1151863","formEdgeID":null},{"edgeID":"1691563","fromID":"1285894","toID":"1285962","formEdgeID":null},{"edgeID":"1691564","fromID":"1285962","toID":"1285896","formEdgeID":null},{"edgeID":"1691565","fromID":"1151860","toID":"1285963","formEdgeID":null},{"edgeID":"1691566","fromID":"1285963","toID":"1151863","formEdgeID":null},{"edgeID":"1691567","fromID":"1285962","toID":"1285964","formEdgeID":null},{"edgeID":"1691568","fromID":"1285964","toID":"1285963","formEdgeID":null},{"edgeID":"1691569","fromID":"1151860","toID":"1285965","formEdgeID":null},{"edgeID":"1691570","fromID":"1285965","toID":"1151857","formEdgeID":null},{"edgeID":"1691571","fromID":"1285959","toID":"1285966","formEdgeID":null},{"edgeID":"1691572","fromID":"1285966","toID":"1285965","formEdgeID":null},{"edgeID":"1691573","fromID":"1285967","toID":"1285898","formEdgeID":null},{"edgeID":"1691574","fromID":"1285899","toID":"1285967","formEdgeID":null},{"edgeID":"1691575","fromID":"1285898","toID":"1285968","formEdgeID":null},{"edgeID":"1691576","fromID":"1285968","toID":"1151866","formEdgeID":null},{"edgeID":"1691577","fromID":"1285969","toID":"1285900","formEdgeID":null},{"edgeID":"1691578","fromID":"1285901","toID":"1285969","formEdgeID":null},{"edgeID":"1691579","fromID":"1285900","toID":"1285970","formEdgeID":null},{"edgeID":"1691580","fromID":"1285970","toID":"1151869","formEdgeID":null},{"edgeID":"1691581","fromID":"1285896","toID":"1285971","formEdgeID":null},{"edgeID":"1691582","fromID":"1285971","toID":"1285900","formEdgeID":null},{"edgeID":"1691583","fromID":"1285972","toID":"1285902","formEdgeID":null},{"edgeID":"1691584","fromID":"1285903","toID":"1285972","formEdgeID":null},{"edgeID":"1691585","fromID":"1285902","toID":"1285973","formEdgeID":null},{"edgeID":"1691586","fromID":"1285973","toID":"1151872","formEdgeID":null},{"edgeID":"1691587","fromID":"1285900","toID":"1285974","formEdgeID":null},{"edgeID":"1691588","fromID":"1285974","toID":"1285902","formEdgeID":null},{"edgeID":"1691589","fromID":"1151872","toID":"1285975","formEdgeID":null},{"edgeID":"1691590","fromID":"1285975","toID":"1151869","formEdgeID":null},{"edgeID":"1691591","fromID":"1285974","toID":"1285976","formEdgeID":null},{"edgeID":"1691592","fromID":"1285976","toID":"1285975","formEdgeID":null},{"edgeID":"1691593","fromID":"1285977","toID":"1285904","formEdgeID":null},{"edgeID":"1691594","fromID":"1285905","toID":"1285977","formEdgeID":null},{"edgeID":"1691595","fromID":"1285904","toID":"1285978","formEdgeID":null},{"edgeID":"1691596","fromID":"1285978","toID":"1151875","formEdgeID":null},{"edgeID":"1691597","fromID":"1285898","toID":"1285979","formEdgeID":null},{"edgeID":"1691598","fromID":"1285979","toID":"1285904","formEdgeID":null},{"edgeID":"1691599","fromID":"1285980","toID":"1285906","formEdgeID":null},{"edgeID":"1691600","fromID":"1285907","toID":"1285980","formEdgeID":null},{"edgeID":"1691601","fromID":"1285906","toID":"1285981","formEdgeID":null},{"edgeID":"1691602","fromID":"1285981","toID":"1151878","formEdgeID":null},{"edgeID":"1691603","fromID":"1285904","toID":"1285982","formEdgeID":null},{"edgeID":"1691604","fromID":"1285982","toID":"1285906","formEdgeID":null},{"edgeID":"1691605","fromID":"1285983","toID":"1285908","formEdgeID":null},{"edgeID":"1691606","fromID":"1285909","toID":"1285983","formEdgeID":null},{"edgeID":"1691607","fromID":"1285908","toID":"1285984","formEdgeID":null},{"edgeID":"1691608","fromID":"1285984","toID":"1151881","formEdgeID":null},{"edgeID":"1691609","fromID":"1285906","toID":"1285985","formEdgeID":null},{"edgeID":"1691610","fromID":"1285985","toID":"1285908","formEdgeID":null},{"edgeID":"1691611","fromID":"1285986","toID":"1285910","formEdgeID":null},{"edgeID":"1691612","fromID":"1285911","toID":"1285986","formEdgeID":null},{"edgeID":"1691613","fromID":"1285910","toID":"1285987","formEdgeID":null},{"edgeID":"1691614","fromID":"1285987","toID":"1151884","formEdgeID":null},{"edgeID":"1691615","fromID":"1285908","toID":"1285988","formEdgeID":null},{"edgeID":"1691616","fromID":"1285988","toID":"1285910","formEdgeID":null},{"edgeID":"1691617","fromID":"1151878","toID":"1285989","formEdgeID":null},{"edgeID":"1691618","fromID":"1285989","toID":"1151881","formEdgeID":null},{"edgeID":"1691619","fromID":"1285985","toID":"1285990","formEdgeID":null},{"edgeID":"1691620","fromID":"1285990","toID":"1285989","formEdgeID":null},{"edgeID":"1691621","fromID":"1285991","toID":"1285912","formEdgeID":null},{"edgeID":"1691622","fromID":"1285913","toID":"1285991","formEdgeID":null},{"edgeID":"1691623","fromID":"1285912","toID":"1285992","formEdgeID":null},{"edgeID":"1691624","fromID":"1285992","toID":"1151887","formEdgeID":null},{"edgeID":"1691625","fromID":"1285993","toID":"1285914","formEdgeID":null},{"edgeID":"1691626","fromID":"1285915","toID":"1285993","formEdgeID":null},{"edgeID":"1691627","fromID":"1285914","toID":"1285994","formEdgeID":null},{"edgeID":"1691628","fromID":"1285994","toID":"1151890","formEdgeID":null},{"edgeID":"1691629","fromID":"1151866","toID":"1285995","formEdgeID":null},{"edgeID":"1691630","fromID":"1285995","toID":"1151869","formEdgeID":null},{"edgeID":"1691631","fromID":"1285900","toID":"1285996","formEdgeID":null},{"edgeID":"1691632","fromID":"1285996","toID":"1285898","formEdgeID":null},{"edgeID":"1691633","fromID":"1285996","toID":"1285997","formEdgeID":null},{"edgeID":"1691634","fromID":"1285997","toID":"1285995","formEdgeID":null},{"edgeID":"1691635","fromID":"1151875","toID":"1285998","formEdgeID":null},{"edgeID":"1691636","fromID":"1285998","toID":"1151866","formEdgeID":null},{"edgeID":"1691637","fromID":"1285979","toID":"1285999","formEdgeID":null},{"edgeID":"1691638","fromID":"1285999","toID":"1285998","formEdgeID":null},{"edgeID":"1691639","fromID":"1286000","toID":"1285916","formEdgeID":null},{"edgeID":"1691640","fromID":"1285917","toID":"1286000","formEdgeID":null},{"edgeID":"1691641","fromID":"1285916","toID":"1286001","formEdgeID":null},{"edgeID":"1691642","fromID":"1286001","toID":"1151893","formEdgeID":null},{"edgeID":"1691643","fromID":"1151893","toID":"1286002","formEdgeID":null},{"edgeID":"1691644","fromID":"1286002","toID":"1151881","formEdgeID":null},{"edgeID":"1691645","fromID":"1285908","toID":"1286003","formEdgeID":null},{"edgeID":"1691646","fromID":"1286003","toID":"1285916","formEdgeID":null},{"edgeID":"1691647","fromID":"1286004","toID":"1285918","formEdgeID":null},{"edgeID":"1691648","fromID":"1285919","toID":"1286004","formEdgeID":null},{"edgeID":"1691649","fromID":"1285918","toID":"1286005","formEdgeID":null},{"edgeID":"1691650","fromID":"1286005","toID":"1151896","formEdgeID":null},{"edgeID":"1691651","fromID":"1285916","toID":"1286006","formEdgeID":null},{"edgeID":"1691652","fromID":"1286006","toID":"1285918","formEdgeID":null},{"edgeID":"1691653","fromID":"1286007","toID":"1285920","formEdgeID":null},{"edgeID":"1691654","fromID":"1285921","toID":"1286007","formEdgeID":null},{"edgeID":"1691655","fromID":"1285920","toID":"1286008","formEdgeID":null},{"edgeID":"1691656","fromID":"1286008","toID":"1151899","formEdgeID":null},{"edgeID":"1691657","fromID":"1285918","toID":"1286009","formEdgeID":null},{"edgeID":"1691658","fromID":"1286009","toID":"1285920","formEdgeID":null},{"edgeID":"1691659","fromID":"1286010","toID":"1285922","formEdgeID":null},{"edgeID":"1691660","fromID":"1285923","toID":"1286010","formEdgeID":null},{"edgeID":"1691661","fromID":"1285922","toID":"1286011","formEdgeID":null},{"edgeID":"1691662","fromID":"1286011","toID":"1151902","formEdgeID":null},{"edgeID":"1691663","fromID":"1285920","toID":"1286012","formEdgeID":null},{"edgeID":"1691664","fromID":"1286012","toID":"1285922","formEdgeID":null},{"edgeID":"1691665","fromID":"1286013","toID":"1285924","formEdgeID":null},{"edgeID":"1691666","fromID":"1285925","toID":"1286013","formEdgeID":null},{"edgeID":"1691667","fromID":"1285924","toID":"1286014","formEdgeID":null},{"edgeID":"1691668","fromID":"1286014","toID":"1151905","formEdgeID":null},{"edgeID":"1691669","fromID":"1285922","toID":"1286015","formEdgeID":null},{"edgeID":"1691670","fromID":"1286015","toID":"1285924","formEdgeID":null},{"edgeID":"1691671","fromID":"1151905","toID":"1286016","formEdgeID":null},{"edgeID":"1691672","fromID":"1286016","toID":"1151902","formEdgeID":null},{"edgeID":"1691673","fromID":"1286015","toID":"1286017","formEdgeID":null},{"edgeID":"1691674","fromID":"1286017","toID":"1286016","formEdgeID":null},{"edgeID":"1691675","fromID":"1286018","toID":"1285926","formEdgeID":null},{"edgeID":"1691676","fromID":"1285927","toID":"1286018","formEdgeID":null},{"edgeID":"1691677","fromID":"1285924","toID":"1286019","formEdgeID":null},{"edgeID":"1691678","fromID":"1286019","toID":"1285926","formEdgeID":null},{"edgeID":"1691679","fromID":"1286020","toID":"1285928","formEdgeID":null},{"edgeID":"1691680","fromID":"1285929","toID":"1286020","formEdgeID":null},{"edgeID":"1691681","fromID":"1285928","toID":"1286021","formEdgeID":null},{"edgeID":"1691682","fromID":"1286021","toID":"1151908","formEdgeID":null},{"edgeID":"1691683","fromID":"1285926","toID":"1286022","formEdgeID":null},{"edgeID":"1691684","fromID":"1286022","toID":"1285928","formEdgeID":null},{"edgeID":"1691685","fromID":"1286023","toID":"1285930","formEdgeID":null},{"edgeID":"1691686","fromID":"1285931","toID":"1286023","formEdgeID":null},{"edgeID":"1691687","fromID":"1285926","toID":"1286024","formEdgeID":null},{"edgeID":"1691688","fromID":"1286024","toID":"1285930","formEdgeID":null},{"edgeID":"1691689","fromID":"1286025","toID":"1285932","formEdgeID":null},{"edgeID":"1691690","fromID":"1285933","toID":"1286025","formEdgeID":null},{"edgeID":"1691691","fromID":"1285932","toID":"1286026","formEdgeID":null},{"edgeID":"1691692","fromID":"1286026","toID":"1151913","formEdgeID":null},{"edgeID":"1691693","fromID":"1285930","toID":"1286027","formEdgeID":null},{"edgeID":"1691694","fromID":"1286027","toID":"1285932","formEdgeID":null},{"edgeID":"1691695","fromID":"1151913","toID":"1286028","formEdgeID":null},{"edgeID":"1691696","fromID":"1286028","toID":"1151908","formEdgeID":null},{"edgeID":"1691697","fromID":"1286024","toID":"1286029","formEdgeID":null},{"edgeID":"1691698","fromID":"1286029","toID":"1286028","formEdgeID":null},{"edgeID":"1691699","fromID":"1286030","toID":"1285934","formEdgeID":null},{"edgeID":"1691700","fromID":"1285935","toID":"1286030","formEdgeID":null},{"edgeID":"1691701","fromID":"1285934","toID":"1286031","formEdgeID":null},{"edgeID":"1691702","fromID":"1286031","toID":"898862","formEdgeID":null},{"edgeID":"1691703","fromID":"898862","toID":"1286032","formEdgeID":null},{"edgeID":"1691704","fromID":"1286032","toID":"1151913","formEdgeID":null},{"edgeID":"1691705","fromID":"1285930","toID":"1286033","formEdgeID":null},{"edgeID":"1691706","fromID":"1286033","toID":"1285934","formEdgeID":null},{"edgeID":"1691707","fromID":"1286033","toID":"1286034","formEdgeID":null},{"edgeID":"1691708","fromID":"1286034","toID":"1286032","formEdgeID":null},{"edgeID":"1691709","fromID":"1286035","toID":"1285936","formEdgeID":null},{"edgeID":"1691710","fromID":"1285937","toID":"1286035","formEdgeID":null},{"edgeID":"1691711","fromID":"1285936","toID":"1286036","formEdgeID":null},{"edgeID":"1691712","fromID":"1286036","toID":"898856","formEdgeID":null},{"edgeID":"1691713","fromID":"1285934","toID":"1286037","formEdgeID":null},{"edgeID":"1691714","fromID":"1286037","toID":"1285936","formEdgeID":null},{"edgeID":"1691715","fromID":"1286038","toID":"1285938","formEdgeID":null},{"edgeID":"1691716","fromID":"1285939","toID":"1286038","formEdgeID":null},{"edgeID":"1691717","fromID":"1285938","toID":"1286039","formEdgeID":null},{"edgeID":"1691718","fromID":"1286039","toID":"1152019","formEdgeID":null},{"edgeID":"1691719","fromID":"1285936","toID":"1286040","formEdgeID":null},{"edgeID":"1691720","fromID":"1286040","toID":"1285938","formEdgeID":null},{"edgeID":"1691721","fromID":"1152019","toID":"1286041","formEdgeID":null},{"edgeID":"1691722","fromID":"1286041","toID":"898856","formEdgeID":null},{"edgeID":"1691723","fromID":"1286040","toID":"1286042","formEdgeID":null},{"edgeID":"1691724","fromID":"1286042","toID":"1286041","formEdgeID":null},{"edgeID":"1691725","fromID":"1151884","toID":"1286043","formEdgeID":null},{"edgeID":"1691726","fromID":"1286043","toID":"1151881","formEdgeID":null},{"edgeID":"1691727","fromID":"1286044","toID":"1286043","formEdgeID":null},{"edgeID":"1691728","fromID":"1285988","toID":"1286044","formEdgeID":null},{"edgeID":"1691729","fromID":"1151887","toID":"1286045","formEdgeID":null},{"edgeID":"1691730","fromID":"1286045","toID":"1151884","formEdgeID":null},{"edgeID":"1691731","fromID":"1285910","toID":"1286046","formEdgeID":null},{"edgeID":"1691732","fromID":"1286046","toID":"1285912","formEdgeID":null},{"edgeID":"1691733","fromID":"1286046","toID":"1286047","formEdgeID":null},{"edgeID":"1691734","fromID":"1286047","toID":"1286045","formEdgeID":null},{"edgeID":"1691735","fromID":"1151890","toID":"1286048","formEdgeID":null},{"edgeID":"1691736","fromID":"1286048","toID":"1151884","formEdgeID":null},{"edgeID":"1691737","fromID":"1285910","toID":"1286049","formEdgeID":null},{"edgeID":"1691738","fromID":"1286049","toID":"1285914","formEdgeID":null},{"edgeID":"1691739","fromID":"1286049","toID":"1286050","formEdgeID":null},{"edgeID":"1691740","fromID":"1286050","toID":"1286048","formEdgeID":null},{"edgeID":"1691741","fromID":"1286003","toID":"1286051","formEdgeID":null},{"edgeID":"1691742","fromID":"1286051","toID":"1286002","formEdgeID":null},{"edgeID":"1691743","fromID":"1151899","toID":"1286052","formEdgeID":null},{"edgeID":"1691744","fromID":"1286052","toID":"1151884","formEdgeID":null},{"edgeID":"1691745","fromID":"1285910","toID":"1286053","formEdgeID":null},{"edgeID":"1691746","fromID":"1286053","toID":"1285920","formEdgeID":null},{"edgeID":"1691747","fromID":"1286053","toID":"1286054","formEdgeID":null},{"edgeID":"1691748","fromID":"1286054","toID":"1286052","formEdgeID":null}],"locutions":[]}