{"nodes":[{"nodeID":"1284827","text":"Victor Abedowale is glad the Government has changed their mind on a vaccine mandate","type":"I","timestamp":"2023-11-09 12:33:58"},{"nodeID":"1284828","text":"Victor Adebowale:  I'm glad the Government has changed their mind","type":"L","timestamp":"2023-11-09 12:33:58"},{"nodeID":"1284829","text":"Analysing","type":"YA","timestamp":"2023-11-09 12:33:58"},{"nodeID":"1284830","text":"Fyfe: Victor Adebowale:  I'm glad the Government has changed their mind","type":"L","timestamp":"2023-11-09 12:33:58"},{"nodeID":"1284831","text":"Asserting","type":"YA","timestamp":"2023-11-09 12:33:58"},{"nodeID":"1284832","text":"the Government had to change their mind on this because of the loss of staff","type":"I","timestamp":"2023-11-09 12:33:58"},{"nodeID":"1284833","text":"Victor Adebowale:  they had to do this because of the loss of staff","type":"L","timestamp":"2023-11-09 12:33:58"},{"nodeID":"1284834","text":"Analysing","type":"YA","timestamp":"2023-11-09 12:33:58"},{"nodeID":"1284835","text":"Fyfe: Victor Adebowale:  they had to do this because of the loss of staff","type":"L","timestamp":"2023-11-09 12:33:58"},{"nodeID":"1284836","text":"Asserting","type":"YA","timestamp":"2023-11-09 12:33:58"},{"nodeID":"1284837","text":"Default Transition","type":"TA","timestamp":"2023-11-09 12:33:58"},{"nodeID":"1284838","text":"Default Rephrase","type":"MA","timestamp":"2023-11-09 12:33:58"},{"nodeID":"1284839","text":"Restating","type":"YA","timestamp":"2023-11-09 12:33:58"},{"nodeID":"1284840","text":"Victor Abedowale is concerned about the 50,000 Social Care staff who have lost their jobs and the cost to charities and companies that provide Social Care","type":"I","timestamp":"2023-11-09 12:33:59"},{"nodeID":"1284841","text":"Victor Adebowale: I'm concerned about the 50,000 Social Care staff who have lost their jobs and the cost to charities and companies that provide Social Care","type":"L","timestamp":"2023-11-09 12:33:59"},{"nodeID":"1284842","text":"Analysing","type":"YA","timestamp":"2023-11-09 12:33:59"},{"nodeID":"1284843","text":"Fyfe: Victor Adebowale: I'm concerned about the 50,000 Social Care staff who have lost their jobs and the cost to charities and companies that provide Social Care","type":"L","timestamp":"2023-11-09 12:33:59"},{"nodeID":"1284844","text":"Asserting","type":"YA","timestamp":"2023-11-09 12:33:59"},{"nodeID":"1284845","text":"Default Transition","type":"TA","timestamp":"2023-11-09 12:33:59"},{"nodeID":"1284846","text":"the Government have created a complex problem to look at the challenge properly","type":"I","timestamp":"2023-11-09 12:33:59"},{"nodeID":"1284847","text":"Victor Adebowale: They have created a complex problem to look at the challenge properly","type":"L","timestamp":"2023-11-09 12:33:59"},{"nodeID":"1284848","text":"Analysing","type":"YA","timestamp":"2023-11-09 12:33:59"},{"nodeID":"1284849","text":"Fyfe: Victor Adebowale: They have created a complex problem to look at the challenge properly","type":"L","timestamp":"2023-11-09 12:33:59"},{"nodeID":"1284850","text":"Asserting","type":"YA","timestamp":"2023-11-09 12:33:59"},{"nodeID":"1284851","text":"Default Transition","type":"TA","timestamp":"2023-11-09 12:33:59"},{"nodeID":"1284852","text":"we can't afford to lose health and Social Care staff","type":"I","timestamp":"2023-11-09 12:34:00"},{"nodeID":"1284853","text":"Victor Adebowale: We can't afford to lose health and Social Care staff","type":"L","timestamp":"2023-11-09 12:34:00"},{"nodeID":"1284854","text":"Analysing","type":"YA","timestamp":"2023-11-09 12:34:00"},{"nodeID":"1284855","text":"Fyfe: Victor Adebowale: We can't afford to lose health and Social Care staff","type":"L","timestamp":"2023-11-09 12:34:00"},{"nodeID":"1284856","text":"Asserting","type":"YA","timestamp":"2023-11-09 12:34:00"},{"nodeID":"1284857","text":"Default Transition","type":"TA","timestamp":"2023-11-09 12:34:00"},{"nodeID":"1284858","text":"the way the Government went about the vaccine mandates has really broken the faith of many of those frontline staff in leadership","type":"I","timestamp":"2023-11-09 12:34:00"},{"nodeID":"1284859","text":"Victor Adebowale: The way the Government went about it, I think, I know, has really broken the faith of many of those frontline staff in leadership","type":"L","timestamp":"2023-11-09 12:34:00"},{"nodeID":"1284860","text":"Analysing","type":"YA","timestamp":"2023-11-09 12:34:00"},{"nodeID":"1284861","text":"Fyfe: Victor Adebowale: The way the Government went about it, I think, I know, has really broken the faith of many of those frontline staff in leadership","type":"L","timestamp":"2023-11-09 12:34:00"},{"nodeID":"1284862","text":"Asserting","type":"YA","timestamp":"2023-11-09 12:34:00"},{"nodeID":"1284863","text":"the way the Government went about the vaccine mandates has really broken the faith of the frontline staff in leadership which is bad for everybody","type":"I","timestamp":"2023-11-09 12:34:01"},{"nodeID":"1284864","text":"Victor Adebowale: That's bad for everybody","type":"L","timestamp":"2023-11-09 12:34:01"},{"nodeID":"1284865","text":"Analysing","type":"YA","timestamp":"2023-11-09 12:34:01"},{"nodeID":"1284866","text":"Fyfe: Victor Adebowale: That's bad for everybody","type":"L","timestamp":"2023-11-09 12:34:01"},{"nodeID":"1284867","text":"Asserting","type":"YA","timestamp":"2023-11-09 12:34:01"},{"nodeID":"1284868","text":"Default Rephrase","type":"MA","timestamp":"2023-11-09 12:34:01"},{"nodeID":"1284869","text":"Default Transition","type":"TA","timestamp":"2023-11-09 12:34:01"},{"nodeID":"1284870","text":"Restating","type":"YA","timestamp":"2023-11-09 12:34:01"},{"nodeID":"1284871","text":"Default Transition","type":"TA","timestamp":"2023-11-09 12:34:01"},{"nodeID":"1284872","text":"AudienceMember 20220210QT12 thinks Victor Adebowale had a point about the messaging","type":"I","timestamp":"2023-11-09 12:34:02"},{"nodeID":"1284873","text":"AudienceMember 20220210QT12:  I think you had a point about the messaging","type":"L","timestamp":"2023-11-09 12:34:02"},{"nodeID":"1284874","text":"Analysing","type":"YA","timestamp":"2023-11-09 12:34:02"},{"nodeID":"1284875","text":"Fyfe: AudienceMember 20220210QT12:  I think you had a point about the messaging","type":"L","timestamp":"2023-11-09 12:34:02"},{"nodeID":"1284876","text":"Asserting","type":"YA","timestamp":"2023-11-09 12:34:02"},{"nodeID":"1284877","text":"Victor Adebowale had a point about messaging as Clive Myrie's report showed nine out of ten people in ICU were unvaccinated this should be the messaging scare tactics rather than Boris saying wash your hands, save lives","type":"I","timestamp":"2023-11-09 12:34:02"},{"nodeID":"1284878","text":"AudienceMember 20220210QT12: Clive Myr ie's report showed nine out of ten people in ICU were unvaccinated shouldn't that be the messaging scare tactics rather than Boris saying wash your hands, save lives","type":"L","timestamp":"2023-11-09 12:34:02"},{"nodeID":"1284879","text":"Analysing","type":"YA","timestamp":"2023-11-09 12:34:02"},{"nodeID":"1284880","text":"Fyfe: AudienceMember 20220210QT12: Clive Myr ie's report showed nine out of ten people in ICU were unvaccinated shouldn't that be the messaging scare tactics rather than Boris saying wash your hands, save lives","type":"L","timestamp":"2023-11-09 12:34:02"},{"nodeID":"1284881","text":"Asserting","type":"YA","timestamp":"2023-11-09 12:34:02"},{"nodeID":"1284882","text":"Default Transition","type":"TA","timestamp":"2023-11-09 12:34:02"},{"nodeID":"1284883","text":"Default Transition","type":"TA","timestamp":"2023-11-09 12:34:02"},{"nodeID":"1284884","text":"scare tactics should or should not used in vaccine messaging such as showing people dying in ICU","type":"I","timestamp":"2023-11-09 12:34:03"},{"nodeID":"1284885","text":"AudienceMember 20220210QT12: Should it be showing people dying in ICU","type":"L","timestamp":"2023-11-09 12:34:03"},{"nodeID":"1284886","text":"Analysing","type":"YA","timestamp":"2023-11-09 12:34:03"},{"nodeID":"1284887","text":"Fyfe: AudienceMember 20220210QT12: Should it be showing people dying in ICU","type":"L","timestamp":"2023-11-09 12:34:03"},{"nodeID":"1284888","text":"Pure Questioning","type":"YA","timestamp":"2023-11-09 12:34:03"},{"nodeID":"1284889","text":"Default Transition","type":"TA","timestamp":"2023-11-09 12:34:03"},{"nodeID":"1284890","text":"Default Transition","type":"TA","timestamp":"2023-11-09 12:34:03"},{"nodeID":"1284891","text":"Default Transition","type":"TA","timestamp":"2023-11-09 12:34:03"},{"nodeID":"1284892","text":"Default Inference","type":"RA","timestamp":"2023-11-09 12:34:03"},{"nodeID":"1284893","text":"Arguing","type":"YA","timestamp":"2023-11-09 12:34:03"},{"nodeID":"1284894","text":"there are a number of things that have been shown to work with vaccine messaging","type":"I","timestamp":"2023-11-09 12:34:03"},{"nodeID":"1284895","text":"Victor Adebowale: there are a number of things that have been shown to work","type":"L","timestamp":"2023-11-09 12:34:03"},{"nodeID":"1284896","text":"Analysing","type":"YA","timestamp":"2023-11-09 12:34:03"},{"nodeID":"1284897","text":"Fyfe: Victor Adebowale: there are a number of things that have been shown to work","type":"L","timestamp":"2023-11-09 12:34:03"},{"nodeID":"1284898","text":"Asserting","type":"YA","timestamp":"2023-11-09 12:34:03"},{"nodeID":"1284899","text":"Default Transition","type":"TA","timestamp":"2023-11-09 12:34:03"},{"nodeID":"1284900","text":"using members of the community in question to give the message, and being present in those communities has been shown to help with vaccine messaging","type":"I","timestamp":"2023-11-09 12:34:04"},{"nodeID":"1284901","text":"Victor Adebowale: Using members of the community in question to give the message, and being present in those communities","type":"L","timestamp":"2023-11-09 12:34:04"},{"nodeID":"1284902","text":"Analysing","type":"YA","timestamp":"2023-11-09 12:34:04"},{"nodeID":"1284903","text":"Fyfe: Victor Adebowale: Using members of the community in question to give the message, and being present in those communities","type":"L","timestamp":"2023-11-09 12:34:04"},{"nodeID":"1284904","text":"Asserting","type":"YA","timestamp":"2023-11-09 12:34:04"},{"nodeID":"1284905","text":"Default Rephrase","type":"MA","timestamp":"2023-11-09 12:34:04"},{"nodeID":"1284906","text":"Default Transition","type":"TA","timestamp":"2023-11-09 12:34:04"},{"nodeID":"1284907","text":"Restating","type":"YA","timestamp":"2023-11-09 12:34:04"},{"nodeID":"1284908","text":"spending time with people, and going through with them their genuine concerns about the virus has been shown to help with vaccine messaging","type":"I","timestamp":"2023-11-09 12:34:04"},{"nodeID":"1284909","text":"Victor Adebowale: Spending time with people, and going through with them their genuine concerns about the virus","type":"L","timestamp":"2023-11-09 12:34:04"},{"nodeID":"1284910","text":"Analysing","type":"YA","timestamp":"2023-11-09 12:34:04"},{"nodeID":"1284911","text":"Fyfe: Victor Adebowale: Spending time with people, and going through with them their genuine concerns about the virus","type":"L","timestamp":"2023-11-09 12:34:04"},{"nodeID":"1284912","text":"Asserting","type":"YA","timestamp":"2023-11-09 12:34:04"},{"nodeID":"1284913","text":"Default Transition","type":"TA","timestamp":"2023-11-09 12:34:04"},{"nodeID":"1284914","text":"Default Rephrase","type":"MA","timestamp":"2023-11-09 12:34:04"},{"nodeID":"1284915","text":"Restating","type":"YA","timestamp":"2023-11-09 12:34:04"},{"nodeID":"1284916","text":"scare tactics should not be used in vaccine messaging as Victor Adebowale is not sure that threats work, as the more you threaten, the more people tend to resist","type":"I","timestamp":"2023-11-09 12:34:05"},{"nodeID":"1284917","text":"Victor Adebowale: I'm not sure that threats work, the more you threaten, the more people tend to resist","type":"L","timestamp":"2023-11-09 12:34:05"},{"nodeID":"1284918","text":"Analysing","type":"YA","timestamp":"2023-11-09 12:34:05"},{"nodeID":"1284919","text":"Fyfe: Victor Adebowale: I'm not sure that threats work, the more you threaten, the more people tend to resist","type":"L","timestamp":"2023-11-09 12:34:05"},{"nodeID":"1284920","text":"Asserting","type":"YA","timestamp":"2023-11-09 12:34:05"},{"nodeID":"1284921","text":"Default Transition","type":"TA","timestamp":"2023-11-09 12:34:05"},{"nodeID":"1284922","text":"Default Rephrase","type":"MA","timestamp":"2023-11-09 12:34:05"},{"nodeID":"1284923","text":"Default Illocuting","type":"YA","timestamp":"2023-11-09 12:34:05"}],"edges":[{"edgeID":"1690257","fromID":"1284829","toID":"1284828","formEdgeID":null},{"edgeID":"1690258","fromID":"1284830","toID":"1284829","formEdgeID":null},{"edgeID":"1690259","fromID":"1284828","toID":"1284831","formEdgeID":null},{"edgeID":"1690260","fromID":"1284831","toID":"1284827","formEdgeID":null},{"edgeID":"1690261","fromID":"1284834","toID":"1284833","formEdgeID":null},{"edgeID":"1690262","fromID":"1284835","toID":"1284834","formEdgeID":null},{"edgeID":"1690263","fromID":"1284833","toID":"1284836","formEdgeID":null},{"edgeID":"1690264","fromID":"1284836","toID":"1284832","formEdgeID":null},{"edgeID":"1690265","fromID":"1284828","toID":"1284837","formEdgeID":null},{"edgeID":"1690266","fromID":"1284837","toID":"1284833","formEdgeID":null},{"edgeID":"1690267","fromID":"1284832","toID":"1284838","formEdgeID":null},{"edgeID":"1690268","fromID":"1284838","toID":"1284827","formEdgeID":null},{"edgeID":"1690269","fromID":"1284837","toID":"1284839","formEdgeID":null},{"edgeID":"1690270","fromID":"1284839","toID":"1284838","formEdgeID":null},{"edgeID":"1690271","fromID":"1284842","toID":"1284841","formEdgeID":null},{"edgeID":"1690272","fromID":"1284843","toID":"1284842","formEdgeID":null},{"edgeID":"1690273","fromID":"1284841","toID":"1284844","formEdgeID":null},{"edgeID":"1690274","fromID":"1284844","toID":"1284840","formEdgeID":null},{"edgeID":"1690275","fromID":"1284833","toID":"1284845","formEdgeID":null},{"edgeID":"1690276","fromID":"1284845","toID":"1284841","formEdgeID":null},{"edgeID":"1690277","fromID":"1284848","toID":"1284847","formEdgeID":null},{"edgeID":"1690278","fromID":"1284849","toID":"1284848","formEdgeID":null},{"edgeID":"1690279","fromID":"1284847","toID":"1284850","formEdgeID":null},{"edgeID":"1690280","fromID":"1284850","toID":"1284846","formEdgeID":null},{"edgeID":"1690281","fromID":"1284841","toID":"1284851","formEdgeID":null},{"edgeID":"1690282","fromID":"1284851","toID":"1284847","formEdgeID":null},{"edgeID":"1690283","fromID":"1284854","toID":"1284853","formEdgeID":null},{"edgeID":"1690284","fromID":"1284855","toID":"1284854","formEdgeID":null},{"edgeID":"1690285","fromID":"1284853","toID":"1284856","formEdgeID":null},{"edgeID":"1690286","fromID":"1284856","toID":"1284852","formEdgeID":null},{"edgeID":"1690287","fromID":"1284847","toID":"1284857","formEdgeID":null},{"edgeID":"1690288","fromID":"1284857","toID":"1284853","formEdgeID":null},{"edgeID":"1690289","fromID":"1284860","toID":"1284859","formEdgeID":null},{"edgeID":"1690290","fromID":"1284861","toID":"1284860","formEdgeID":null},{"edgeID":"1690291","fromID":"1284859","toID":"1284862","formEdgeID":null},{"edgeID":"1690292","fromID":"1284862","toID":"1284858","formEdgeID":null},{"edgeID":"1690293","fromID":"1284865","toID":"1284864","formEdgeID":null},{"edgeID":"1690294","fromID":"1284866","toID":"1284865","formEdgeID":null},{"edgeID":"1690295","fromID":"1284864","toID":"1284867","formEdgeID":null},{"edgeID":"1690296","fromID":"1284867","toID":"1284863","formEdgeID":null},{"edgeID":"1690297","fromID":"1284863","toID":"1284868","formEdgeID":null},{"edgeID":"1690298","fromID":"1284868","toID":"1284858","formEdgeID":null},{"edgeID":"1690299","fromID":"1284859","toID":"1284869","formEdgeID":null},{"edgeID":"1690300","fromID":"1284869","toID":"1284864","formEdgeID":null},{"edgeID":"1690301","fromID":"1284869","toID":"1284870","formEdgeID":null},{"edgeID":"1690302","fromID":"1284870","toID":"1284868","formEdgeID":null},{"edgeID":"1690303","fromID":"1284859","toID":"1284871","formEdgeID":null},{"edgeID":"1690304","fromID":"1284871","toID":"1284864","formEdgeID":null},{"edgeID":"1690305","fromID":"1284874","toID":"1284873","formEdgeID":null},{"edgeID":"1690306","fromID":"1284875","toID":"1284874","formEdgeID":null},{"edgeID":"1690307","fromID":"1284873","toID":"1284876","formEdgeID":null},{"edgeID":"1690308","fromID":"1284876","toID":"1284872","formEdgeID":null},{"edgeID":"1690309","fromID":"1284879","toID":"1284878","formEdgeID":null},{"edgeID":"1690310","fromID":"1284880","toID":"1284879","formEdgeID":null},{"edgeID":"1690311","fromID":"1284878","toID":"1284881","formEdgeID":null},{"edgeID":"1690312","fromID":"1284881","toID":"1284877","formEdgeID":null},{"edgeID":"1690313","fromID":"1284864","toID":"1284882","formEdgeID":null},{"edgeID":"1690314","fromID":"1284882","toID":"1284873","formEdgeID":null},{"edgeID":"1690315","fromID":"1284873","toID":"1284883","formEdgeID":null},{"edgeID":"1690316","fromID":"1284883","toID":"1284878","formEdgeID":null},{"edgeID":"1690317","fromID":"1284886","toID":"1284885","formEdgeID":null},{"edgeID":"1690318","fromID":"1284887","toID":"1284886","formEdgeID":null},{"edgeID":"1690319","fromID":"1284885","toID":"1284888","formEdgeID":null},{"edgeID":"1690320","fromID":"1284888","toID":"1284884","formEdgeID":null},{"edgeID":"1690321","fromID":"1284878","toID":"1284889","formEdgeID":null},{"edgeID":"1690322","fromID":"1284889","toID":"1284885","formEdgeID":null},{"edgeID":"1690323","fromID":"1284878","toID":"1284890","formEdgeID":null},{"edgeID":"1690324","fromID":"1284890","toID":"1284885","formEdgeID":null},{"edgeID":"1690325","fromID":"1284878","toID":"1284891","formEdgeID":null},{"edgeID":"1690326","fromID":"1284891","toID":"1284885","formEdgeID":null},{"edgeID":"1690327","fromID":"1284877","toID":"1284892","formEdgeID":null},{"edgeID":"1690328","fromID":"1284892","toID":"1284872","formEdgeID":null},{"edgeID":"1690329","fromID":"1284883","toID":"1284893","formEdgeID":null},{"edgeID":"1690330","fromID":"1284893","toID":"1284892","formEdgeID":null},{"edgeID":"1690331","fromID":"1284896","toID":"1284895","formEdgeID":null},{"edgeID":"1690332","fromID":"1284897","toID":"1284896","formEdgeID":null},{"edgeID":"1690333","fromID":"1284895","toID":"1284898","formEdgeID":null},{"edgeID":"1690334","fromID":"1284898","toID":"1284894","formEdgeID":null},{"edgeID":"1690335","fromID":"1284885","toID":"1284899","formEdgeID":null},{"edgeID":"1690336","fromID":"1284899","toID":"1284895","formEdgeID":null},{"edgeID":"1690337","fromID":"1284902","toID":"1284901","formEdgeID":null},{"edgeID":"1690338","fromID":"1284903","toID":"1284902","formEdgeID":null},{"edgeID":"1690339","fromID":"1284901","toID":"1284904","formEdgeID":null},{"edgeID":"1690340","fromID":"1284904","toID":"1284900","formEdgeID":null},{"edgeID":"1690341","fromID":"1284900","toID":"1284905","formEdgeID":null},{"edgeID":"1690342","fromID":"1284905","toID":"1284894","formEdgeID":null},{"edgeID":"1690343","fromID":"1284895","toID":"1284906","formEdgeID":null},{"edgeID":"1690344","fromID":"1284906","toID":"1284901","formEdgeID":null},{"edgeID":"1690345","fromID":"1284906","toID":"1284907","formEdgeID":null},{"edgeID":"1690346","fromID":"1284907","toID":"1284905","formEdgeID":null},{"edgeID":"1690347","fromID":"1284910","toID":"1284909","formEdgeID":null},{"edgeID":"1690348","fromID":"1284911","toID":"1284910","formEdgeID":null},{"edgeID":"1690349","fromID":"1284909","toID":"1284912","formEdgeID":null},{"edgeID":"1690350","fromID":"1284912","toID":"1284908","formEdgeID":null},{"edgeID":"1690351","fromID":"1284895","toID":"1284913","formEdgeID":null},{"edgeID":"1690352","fromID":"1284913","toID":"1284909","formEdgeID":null},{"edgeID":"1690353","fromID":"1284908","toID":"1284914","formEdgeID":null},{"edgeID":"1690354","fromID":"1284914","toID":"1284894","formEdgeID":null},{"edgeID":"1690355","fromID":"1284913","toID":"1284915","formEdgeID":null},{"edgeID":"1690356","fromID":"1284915","toID":"1284914","formEdgeID":null},{"edgeID":"1690357","fromID":"1284918","toID":"1284917","formEdgeID":null},{"edgeID":"1690358","fromID":"1284919","toID":"1284918","formEdgeID":null},{"edgeID":"1690359","fromID":"1284917","toID":"1284920","formEdgeID":null},{"edgeID":"1690360","fromID":"1284920","toID":"1284916","formEdgeID":null},{"edgeID":"1690361","fromID":"1284885","toID":"1284921","formEdgeID":null},{"edgeID":"1690362","fromID":"1284921","toID":"1284917","formEdgeID":null},{"edgeID":"1690363","fromID":"1284916","toID":"1284922","formEdgeID":null},{"edgeID":"1690364","fromID":"1284922","toID":"1284884","formEdgeID":null},{"edgeID":"1690365","fromID":"1284921","toID":"1284923","formEdgeID":null},{"edgeID":"1690366","fromID":"1284923","toID":"1284922","formEdgeID":null}],"locutions":[]}