{"nodes":[{"nodeID":"1155088","text":"there is absolutely no justification for the pain that they have felt that could possibly be explained away by a cheap apology and insincere apology","type":"I","timestamp":"2023-04-21 13:43:07"},{"nodeID":"1155092","text":"Rosena Allin-Khan has aligned three different things","type":"I","timestamp":"2023-04-21 13:43:10"},{"nodeID":"1155098","text":"Crispin Blunt completely understand why Rosena Allin-Khan has aligned three different things","type":"I","timestamp":"2023-04-21 13:43:12"},{"nodeID":"1155104","text":"it sounds incredibly moving if you have got people","type":"I","timestamp":"2023-04-21 13:43:15"},{"nodeID":"1155114","text":"it's the truth that Rosena Allin-Khan took iPads to the bedside of dying people","type":"I","timestamp":"2023-04-21 13:43:17"},{"nodeID":"1155122","text":"apparently partying in Downing Street","type":"I","timestamp":"2023-04-21 13:43:20"},{"nodeID":"1155127","text":"you have got NHS staff who have done an absolutely brilliant job during the Covid crisis","type":"I","timestamp":"2023-04-21 13:43:22"},{"nodeID":"1155132","text":"NHS staff doing all the things that Rosena Allin-Khan explained","type":"I","timestamp":"2023-04-21 13:43:25"},{"nodeID":"1155142","text":"you can't fairly put the circumstances of partying in Downing Street and NHS staff doing a brilliant job alongside each other","type":"I","timestamp":"2023-04-21 13:43:27"},{"nodeID":"1155147","text":"you really are being fair about the conduct of Number 10","type":"I","timestamp":"2023-04-21 13:43:30"},{"nodeID":"1155155","text":"you need to understand the circumstances inside Number 10","type":"I","timestamp":"2023-04-21 13:43:32"},{"nodeID":"1155160","text":"Crispin Blunt is only too well aware there will be few people out there who will be able to put this in the context, that he would, and then actually come to his balanced judgment about the Prime Minister","type":"I","timestamp":"2023-04-21 13:43:35"},{"nodeID":"1155166","text":"they are wrong and Crispin Blunt is right","type":"I","timestamp":"2023-04-21 13:43:37"},{"nodeID":"1155172","text":"people will come to their own conclusions OK","type":"I","timestamp":"2023-04-21 13:43:40"},{"nodeID":"1155180","text":"to be clear xxx is what Crispin Blunt is saying","type":"I","timestamp":"2023-04-21 13:43:42"},{"nodeID":"1155186","text":"Crispin Blunt has come to his judgment based on what he understands of the decisions the decision makers will have faced","type":"I","timestamp":"2023-04-21 13:43:45"},{"nodeID":"1155198","text":"when Rosena Allin-Khan worked on the NHS frontline and they took iPads, and she took iPads to the bedside of dying people, so their three children under six could say good-bye","type":"I","timestamp":"2023-04-21 13:43:47"},{"nodeID":"1284291","text":"Analysing","type":"YA","timestamp":"2023-11-09 12:33:09"},{"nodeID":"1284292","text":"Nicole: Rosena Allin-Khan: When I worked on the NHS frontline and they took iPads, and I took iPads to the bedside of dying people","type":"L","timestamp":"2023-11-09 12:33:09"},{"nodeID":"1284293","text":"Rosena Allin-Khan: there is absolutely no justification for the pain that they have felt that could possibly be explained away by a cheap apology and insincere apology","type":"L","timestamp":"2023-11-09 12:33:09"},{"nodeID":"1284294","text":"Analysing","type":"YA","timestamp":"2023-11-09 12:33:09"},{"nodeID":"1284295","text":"Nicole: Rosena Allin-Khan: there is absolutely no justification for the pain that they have felt that could possibly be explained away by a cheap apology and insincere apology","type":"L","timestamp":"2023-11-09 12:33:09"},{"nodeID":"1284296","text":"Asserting","type":"YA","timestamp":"2023-11-09 12:33:09"},{"nodeID":"1284297","text":"Crispin Blunt: You have aligned three different things","type":"L","timestamp":"2023-11-09 12:33:10"},{"nodeID":"1284298","text":"Analysing","type":"YA","timestamp":"2023-11-09 12:33:10"},{"nodeID":"1284299","text":"Nicole: Crispin Blunt: You have aligned three different things","type":"L","timestamp":"2023-11-09 12:33:10"},{"nodeID":"1284300","text":"Asserting","type":"YA","timestamp":"2023-11-09 12:33:10"},{"nodeID":"1284301","text":"Default Transition","type":"TA","timestamp":"2023-11-09 12:33:10"},{"nodeID":"1284302","text":"Crispin Blunt: I completely understand why you have done it","type":"L","timestamp":"2023-11-09 12:33:11"},{"nodeID":"1284303","text":"Analysing","type":"YA","timestamp":"2023-11-09 12:33:11"},{"nodeID":"1284304","text":"Nicole: Crispin Blunt: I completely understand why you have done it","type":"L","timestamp":"2023-11-09 12:33:11"},{"nodeID":"1284305","text":"Asserting","type":"YA","timestamp":"2023-11-09 12:33:11"},{"nodeID":"1284306","text":"Default Transition","type":"TA","timestamp":"2023-11-09 12:33:11"},{"nodeID":"1284307","text":"Crispin Blunt: It sounds incredibly moving if you have got people","type":"L","timestamp":"2023-11-09 12:33:11"},{"nodeID":"1284308","text":"Analysing","type":"YA","timestamp":"2023-11-09 12:33:11"},{"nodeID":"1284309","text":"Nicole: Crispin Blunt: It sounds incredibly moving if you have got people","type":"L","timestamp":"2023-11-09 12:33:11"},{"nodeID":"1284310","text":"Asserting","type":"YA","timestamp":"2023-11-09 12:33:11"},{"nodeID":"1284311","text":"Default Transition","type":"TA","timestamp":"2023-11-09 12:33:11"},{"nodeID":"1284312","text":"Default Rephrase","type":"MA","timestamp":"2023-11-09 12:33:11"},{"nodeID":"1284313","text":"Restating","type":"YA","timestamp":"2023-11-09 12:33:11"},{"nodeID":"1284314","text":"Default Inference","type":"RA","timestamp":"2023-11-09 12:33:11"},{"nodeID":"1284315","text":"Arguing","type":"YA","timestamp":"2023-11-09 12:33:11"},{"nodeID":"1284316","text":"Rosena Allin-Khan: It's the truth","type":"L","timestamp":"2023-11-09 12:33:12"},{"nodeID":"1284317","text":"Analysing","type":"YA","timestamp":"2023-11-09 12:33:12"},{"nodeID":"1284318","text":"Nicole: Rosena Allin-Khan: It's the truth","type":"L","timestamp":"2023-11-09 12:33:12"},{"nodeID":"1284319","text":"Asserting","type":"YA","timestamp":"2023-11-09 12:33:12"},{"nodeID":"1284320","text":"Default Transition","type":"TA","timestamp":"2023-11-09 12:33:12"},{"nodeID":"1284321","text":"Default Conflict","type":"CA","timestamp":"2023-11-09 12:33:12"},{"nodeID":"1284322","text":"Disagreeing","type":"YA","timestamp":"2023-11-09 12:33:12"},{"nodeID":"1284323","text":"Crispin Blunt: Apparently partying in Downing Street","type":"L","timestamp":"2023-11-09 12:33:13"},{"nodeID":"1284324","text":"Analysing","type":"YA","timestamp":"2023-11-09 12:33:13"},{"nodeID":"1284325","text":"Nicole: Crispin Blunt: Apparently partying in Downing Street","type":"L","timestamp":"2023-11-09 12:33:13"},{"nodeID":"1284326","text":"Asserting","type":"YA","timestamp":"2023-11-09 12:33:13"},{"nodeID":"1284327","text":"Crispin Blunt: you have got NHS staff who have done an absolutely brilliant job during the Covid crisis","type":"L","timestamp":"2023-11-09 12:33:13"},{"nodeID":"1284328","text":"Analysing","type":"YA","timestamp":"2023-11-09 12:33:13"},{"nodeID":"1284329","text":"Nicole: Crispin Blunt: you have got NHS staff who have done an absolutely brilliant job during the Covid crisis","type":"L","timestamp":"2023-11-09 12:33:13"},{"nodeID":"1284330","text":"Asserting","type":"YA","timestamp":"2023-11-09 12:33:13"},{"nodeID":"1284331","text":"Crispin Blunt: doing all the things that you explained","type":"L","timestamp":"2023-11-09 12:33:14"},{"nodeID":"1284332","text":"Analysing","type":"YA","timestamp":"2023-11-09 12:33:14"},{"nodeID":"1284333","text":"Nicole: Crispin Blunt: doing all the things that you explained","type":"L","timestamp":"2023-11-09 12:33:14"},{"nodeID":"1284334","text":"Asserting","type":"YA","timestamp":"2023-11-09 12:33:14"},{"nodeID":"1284335","text":"Default Transition","type":"TA","timestamp":"2023-11-09 12:33:14"},{"nodeID":"1284336","text":"Default Transition","type":"TA","timestamp":"2023-11-09 12:33:14"},{"nodeID":"1284337","text":"Default Transition","type":"TA","timestamp":"2023-11-09 12:33:14"},{"nodeID":"1284338","text":"Default Rephrase","type":"MA","timestamp":"2023-11-09 12:33:14"},{"nodeID":"1284339","text":"Restating","type":"YA","timestamp":"2023-11-09 12:33:14"},{"nodeID":"1284340","text":"Crispin Blunt: you can't fairly put those circumstances alongside each other","type":"L","timestamp":"2023-11-09 12:33:14"},{"nodeID":"1284341","text":"Analysing","type":"YA","timestamp":"2023-11-09 12:33:14"},{"nodeID":"1284342","text":"Nicole: Crispin Blunt: you can't fairly put those circumstances alongside each other","type":"L","timestamp":"2023-11-09 12:33:14"},{"nodeID":"1284343","text":"Asserting","type":"YA","timestamp":"2023-11-09 12:33:14"},{"nodeID":"1284344","text":"Crispin Blunt: you really are being fair about the conduct of Number 10","type":"L","timestamp":"2023-11-09 12:33:15"},{"nodeID":"1284345","text":"Analysing","type":"YA","timestamp":"2023-11-09 12:33:15"},{"nodeID":"1284346","text":"Nicole: Crispin Blunt: you really are being fair about the conduct of Number 10","type":"L","timestamp":"2023-11-09 12:33:15"},{"nodeID":"1284347","text":"Asserting","type":"YA","timestamp":"2023-11-09 12:33:15"},{"nodeID":"1284348","text":"Default Transition","type":"TA","timestamp":"2023-11-09 12:33:15"},{"nodeID":"1284349","text":"Default Inference","type":"RA","timestamp":"2023-11-09 12:33:15"},{"nodeID":"1284350","text":"Default Transition","type":"TA","timestamp":"2023-11-09 12:33:15"},{"nodeID":"1284351","text":"Crispin Blunt: You need to understand the circumstances inside Number 10","type":"L","timestamp":"2023-11-09 12:33:16"},{"nodeID":"1284352","text":"Analysing","type":"YA","timestamp":"2023-11-09 12:33:16"},{"nodeID":"1284353","text":"Nicole: Crispin Blunt: You need to understand the circumstances inside Number 10","type":"L","timestamp":"2023-11-09 12:33:16"},{"nodeID":"1284354","text":"Asserting","type":"YA","timestamp":"2023-11-09 12:33:16"},{"nodeID":"1284355","text":"Crispin Blunt: I'm only too well aware there will be few people out there who will be able to put this in the context, that I would, and then actually come to my balanced judgment about the Prime Minister","type":"L","timestamp":"2023-11-09 12:33:16"},{"nodeID":"1284356","text":"Analysing","type":"YA","timestamp":"2023-11-09 12:33:16"},{"nodeID":"1284357","text":"Nicole: Crispin Blunt: I'm only too well aware there will be few people out there who will be able to put this in the context, that I would, and then actually come to my balanced judgment about the Prime Minister","type":"L","timestamp":"2023-11-09 12:33:16"},{"nodeID":"1284358","text":"Asserting","type":"YA","timestamp":"2023-11-09 12:33:16"},{"nodeID":"1284359","text":"Default Transition","type":"TA","timestamp":"2023-11-09 12:33:16"},{"nodeID":"1284360","text":"Fiona Bruce: They are wrong and you are right","type":"L","timestamp":"2023-11-09 12:33:17"},{"nodeID":"1284361","text":"Analysing","type":"YA","timestamp":"2023-11-09 12:33:17"},{"nodeID":"1284362","text":"Nicole: Fiona Bruce: They are wrong and you are right","type":"L","timestamp":"2023-11-09 12:33:17"},{"nodeID":"1284363","text":"Assertive Questioning","type":"YA","timestamp":"2023-11-09 12:33:17"},{"nodeID":"1284364","text":"Default Transition","type":"TA","timestamp":"2023-11-09 12:33:17"},{"nodeID":"1284365","text":"Crispin Blunt: People will come to their own conclusions OK","type":"L","timestamp":"2023-11-09 12:33:17"},{"nodeID":"1284366","text":"Analysing","type":"YA","timestamp":"2023-11-09 12:33:17"},{"nodeID":"1284367","text":"Nicole: Crispin Blunt: People will come to their own conclusions OK","type":"L","timestamp":"2023-11-09 12:33:17"},{"nodeID":"1284368","text":"Asserting","type":"YA","timestamp":"2023-11-09 12:33:17"},{"nodeID":"1284369","text":"Default Transition","type":"TA","timestamp":"2023-11-09 12:33:17"},{"nodeID":"1284370","text":"Default Rephrase","type":"MA","timestamp":"2023-11-09 12:33:17"},{"nodeID":"1284371","text":"Default Illocuting","type":"YA","timestamp":"2023-11-09 12:33:17"},{"nodeID":"1284372","text":"Fiona Bruce: To be clear what you are saying","type":"L","timestamp":"2023-11-09 12:33:18"},{"nodeID":"1284373","text":"Analysing","type":"YA","timestamp":"2023-11-09 12:33:18"},{"nodeID":"1284374","text":"Nicole: Fiona Bruce: To be clear what you are saying","type":"L","timestamp":"2023-11-09 12:33:18"},{"nodeID":"1284375","text":"Pure Questioning","type":"YA","timestamp":"2023-11-09 12:33:18"},{"nodeID":"1284376","text":"Default Transition","type":"TA","timestamp":"2023-11-09 12:33:18"},{"nodeID":"1284377","text":"Crispin Blunt: I have come to mine based on what I understand of the decisions the decision makers will have faced","type":"L","timestamp":"2023-11-09 12:33:19"},{"nodeID":"1284378","text":"Analysing","type":"YA","timestamp":"2023-11-09 12:33:19"},{"nodeID":"1284379","text":"Nicole: Crispin Blunt: I have come to mine based on what I understand of the decisions the decision makers will have faced","type":"L","timestamp":"2023-11-09 12:33:19"},{"nodeID":"1284380","text":"Asserting","type":"YA","timestamp":"2023-11-09 12:33:19"},{"nodeID":"1284381","text":"Default Transition","type":"TA","timestamp":"2023-11-09 12:33:19"},{"nodeID":"1284382","text":"Default Rephrase","type":"MA","timestamp":"2023-11-09 12:33:19"},{"nodeID":"1284383","text":"Default Illocuting","type":"YA","timestamp":"2023-11-09 12:33:19"},{"nodeID":"1284384","text":"Arguing","type":"YA","timestamp":"2023-11-09 12:33:19"},{"nodeID":"1284385","text":"Default Transition","type":"TA","timestamp":"2023-11-09 12:33:19"},{"nodeID":"1284386","text":"Default Rephrase","type":"MA","timestamp":"2023-11-09 12:33:19"},{"nodeID":"1284387","text":"Restating","type":"YA","timestamp":"2023-11-09 12:33:19"},{"nodeID":"1284388","text":"Rosena Allin-Khan: When I worked on the NHS frontline and they took iPads, and I took iPads to the bedside of dying people, so their three children under six could say good-bye","type":"L","timestamp":"2023-11-09 12:33:19"},{"nodeID":"1284389","text":"Analysing","type":"YA","timestamp":"2023-11-09 12:33:19"},{"nodeID":"1284390","text":"Nicole: Rosena Allin-Khan: When I worked on the NHS frontline and they took iPads, and I took iPads to the bedside of dying people, so their three children under six could say good-bye","type":"L","timestamp":"2023-11-09 12:33:19"},{"nodeID":"1284391","text":"Asserting","type":"YA","timestamp":"2023-11-09 12:33:19"},{"nodeID":"1284392","text":"Default Transition","type":"TA","timestamp":"2023-11-09 12:33:19"}],"edges":[{"edgeID":"1689598","fromID":"1284292","toID":"1284291","formEdgeID":null},{"edgeID":"1689599","fromID":"1284294","toID":"1284293","formEdgeID":null},{"edgeID":"1689600","fromID":"1284295","toID":"1284294","formEdgeID":null},{"edgeID":"1689601","fromID":"1284293","toID":"1284296","formEdgeID":null},{"edgeID":"1689602","fromID":"1284296","toID":"1155088","formEdgeID":null},{"edgeID":"1689603","fromID":"1284298","toID":"1284297","formEdgeID":null},{"edgeID":"1689604","fromID":"1284299","toID":"1284298","formEdgeID":null},{"edgeID":"1689605","fromID":"1284297","toID":"1284300","formEdgeID":null},{"edgeID":"1689606","fromID":"1284300","toID":"1155092","formEdgeID":null},{"edgeID":"1689607","fromID":"1284293","toID":"1284301","formEdgeID":null},{"edgeID":"1689608","fromID":"1284301","toID":"1284297","formEdgeID":null},{"edgeID":"1689609","fromID":"1284303","toID":"1284302","formEdgeID":null},{"edgeID":"1689610","fromID":"1284304","toID":"1284303","formEdgeID":null},{"edgeID":"1689611","fromID":"1284302","toID":"1284305","formEdgeID":null},{"edgeID":"1689612","fromID":"1284305","toID":"1155098","formEdgeID":null},{"edgeID":"1689613","fromID":"1284297","toID":"1284306","formEdgeID":null},{"edgeID":"1689614","fromID":"1284306","toID":"1284302","formEdgeID":null},{"edgeID":"1689615","fromID":"1284308","toID":"1284307","formEdgeID":null},{"edgeID":"1689616","fromID":"1284309","toID":"1284308","formEdgeID":null},{"edgeID":"1689617","fromID":"1284307","toID":"1284310","formEdgeID":null},{"edgeID":"1689618","fromID":"1284310","toID":"1155104","formEdgeID":null},{"edgeID":"1689619","fromID":"1284302","toID":"1284311","formEdgeID":null},{"edgeID":"1689620","fromID":"1284311","toID":"1284307","formEdgeID":null},{"edgeID":"1689621","fromID":"1155098","toID":"1284312","formEdgeID":null},{"edgeID":"1689622","fromID":"1284312","toID":"1155092","formEdgeID":null},{"edgeID":"1689623","fromID":"1284306","toID":"1284313","formEdgeID":null},{"edgeID":"1689624","fromID":"1284313","toID":"1284312","formEdgeID":null},{"edgeID":"1689625","fromID":"1155104","toID":"1284314","formEdgeID":null},{"edgeID":"1689626","fromID":"1284314","toID":"1155098","formEdgeID":null},{"edgeID":"1689627","fromID":"1284311","toID":"1284315","formEdgeID":null},{"edgeID":"1689628","fromID":"1284315","toID":"1284314","formEdgeID":null},{"edgeID":"1689629","fromID":"1284317","toID":"1284316","formEdgeID":null},{"edgeID":"1689630","fromID":"1284318","toID":"1284317","formEdgeID":null},{"edgeID":"1689631","fromID":"1284316","toID":"1284319","formEdgeID":null},{"edgeID":"1689632","fromID":"1284319","toID":"1155114","formEdgeID":null},{"edgeID":"1689633","fromID":"1284307","toID":"1284320","formEdgeID":null},{"edgeID":"1689634","fromID":"1284320","toID":"1284316","formEdgeID":null},{"edgeID":"1689635","fromID":"1155114","toID":"1284321","formEdgeID":null},{"edgeID":"1689636","fromID":"1284321","toID":"1155104","formEdgeID":null},{"edgeID":"1689637","fromID":"1284320","toID":"1284322","formEdgeID":null},{"edgeID":"1689638","fromID":"1284322","toID":"1284321","formEdgeID":null},{"edgeID":"1689639","fromID":"1284324","toID":"1284323","formEdgeID":null},{"edgeID":"1689640","fromID":"1284325","toID":"1284324","formEdgeID":null},{"edgeID":"1689641","fromID":"1284323","toID":"1284326","formEdgeID":null},{"edgeID":"1689642","fromID":"1284326","toID":"1155122","formEdgeID":null},{"edgeID":"1689643","fromID":"1284328","toID":"1284327","formEdgeID":null},{"edgeID":"1689644","fromID":"1284329","toID":"1284328","formEdgeID":null},{"edgeID":"1689645","fromID":"1284327","toID":"1284330","formEdgeID":null},{"edgeID":"1689646","fromID":"1284330","toID":"1155127","formEdgeID":null},{"edgeID":"1689647","fromID":"1284332","toID":"1284331","formEdgeID":null},{"edgeID":"1689648","fromID":"1284333","toID":"1284332","formEdgeID":null},{"edgeID":"1689649","fromID":"1284331","toID":"1284334","formEdgeID":null},{"edgeID":"1689650","fromID":"1284334","toID":"1155132","formEdgeID":null},{"edgeID":"1689651","fromID":"1284316","toID":"1284335","formEdgeID":null},{"edgeID":"1689652","fromID":"1284335","toID":"1284323","formEdgeID":null},{"edgeID":"1689653","fromID":"1284323","toID":"1284336","formEdgeID":null},{"edgeID":"1689654","fromID":"1284336","toID":"1284327","formEdgeID":null},{"edgeID":"1689655","fromID":"1284327","toID":"1284337","formEdgeID":null},{"edgeID":"1689656","fromID":"1284337","toID":"1284331","formEdgeID":null},{"edgeID":"1689657","fromID":"1155132","toID":"1284338","formEdgeID":null},{"edgeID":"1689658","fromID":"1284338","toID":"1155127","formEdgeID":null},{"edgeID":"1689659","fromID":"1284337","toID":"1284339","formEdgeID":null},{"edgeID":"1689660","fromID":"1284339","toID":"1284338","formEdgeID":null},{"edgeID":"1689661","fromID":"1284341","toID":"1284340","formEdgeID":null},{"edgeID":"1689662","fromID":"1284342","toID":"1284341","formEdgeID":null},{"edgeID":"1689663","fromID":"1284340","toID":"1284343","formEdgeID":null},{"edgeID":"1689664","fromID":"1284343","toID":"1155142","formEdgeID":null},{"edgeID":"1689665","fromID":"1284345","toID":"1284344","formEdgeID":null},{"edgeID":"1689666","fromID":"1284346","toID":"1284345","formEdgeID":null},{"edgeID":"1689667","fromID":"1284344","toID":"1284347","formEdgeID":null},{"edgeID":"1689668","fromID":"1284347","toID":"1155147","formEdgeID":null},{"edgeID":"1689669","fromID":"1284340","toID":"1284348","formEdgeID":null},{"edgeID":"1689670","fromID":"1284348","toID":"1284344","formEdgeID":null},{"edgeID":"1689671","fromID":"1155147","toID":"1284349","formEdgeID":null},{"edgeID":"1689672","fromID":"1284349","toID":"1155142","formEdgeID":null},{"edgeID":"1689673","fromID":"1284331","toID":"1284350","formEdgeID":null},{"edgeID":"1689674","fromID":"1284350","toID":"1284340","formEdgeID":null},{"edgeID":"1689675","fromID":"1284352","toID":"1284351","formEdgeID":null},{"edgeID":"1689676","fromID":"1284353","toID":"1284352","formEdgeID":null},{"edgeID":"1689677","fromID":"1284351","toID":"1284354","formEdgeID":null},{"edgeID":"1689678","fromID":"1284354","toID":"1155155","formEdgeID":null},{"edgeID":"1689679","fromID":"1284356","toID":"1284355","formEdgeID":null},{"edgeID":"1689680","fromID":"1284357","toID":"1284356","formEdgeID":null},{"edgeID":"1689681","fromID":"1284355","toID":"1284358","formEdgeID":null},{"edgeID":"1689682","fromID":"1284358","toID":"1155160","formEdgeID":null},{"edgeID":"1689683","fromID":"1284351","toID":"1284359","formEdgeID":null},{"edgeID":"1689684","fromID":"1284359","toID":"1284355","formEdgeID":null},{"edgeID":"1689685","fromID":"1284361","toID":"1284360","formEdgeID":null},{"edgeID":"1689686","fromID":"1284362","toID":"1284361","formEdgeID":null},{"edgeID":"1689687","fromID":"1284360","toID":"1284363","formEdgeID":null},{"edgeID":"1689688","fromID":"1284363","toID":"1155166","formEdgeID":null},{"edgeID":"1689689","fromID":"1284355","toID":"1284364","formEdgeID":null},{"edgeID":"1689690","fromID":"1284364","toID":"1284360","formEdgeID":null},{"edgeID":"1689691","fromID":"1284366","toID":"1284365","formEdgeID":null},{"edgeID":"1689692","fromID":"1284367","toID":"1284366","formEdgeID":null},{"edgeID":"1689693","fromID":"1284365","toID":"1284368","formEdgeID":null},{"edgeID":"1689694","fromID":"1284368","toID":"1155172","formEdgeID":null},{"edgeID":"1689695","fromID":"1284360","toID":"1284369","formEdgeID":null},{"edgeID":"1689696","fromID":"1284369","toID":"1284365","formEdgeID":null},{"edgeID":"1689697","fromID":"1155172","toID":"1284370","formEdgeID":null},{"edgeID":"1689698","fromID":"1284370","toID":"1155166","formEdgeID":null},{"edgeID":"1689699","fromID":"1284369","toID":"1284371","formEdgeID":null},{"edgeID":"1689700","fromID":"1284371","toID":"1284370","formEdgeID":null},{"edgeID":"1689701","fromID":"1284373","toID":"1284372","formEdgeID":null},{"edgeID":"1689702","fromID":"1284374","toID":"1284373","formEdgeID":null},{"edgeID":"1689703","fromID":"1284372","toID":"1284375","formEdgeID":null},{"edgeID":"1689704","fromID":"1284375","toID":"1155180","formEdgeID":null},{"edgeID":"1689705","fromID":"1284365","toID":"1284376","formEdgeID":null},{"edgeID":"1689706","fromID":"1284376","toID":"1284372","formEdgeID":null},{"edgeID":"1689707","fromID":"1284378","toID":"1284377","formEdgeID":null},{"edgeID":"1689708","fromID":"1284379","toID":"1284378","formEdgeID":null},{"edgeID":"1689709","fromID":"1284377","toID":"1284380","formEdgeID":null},{"edgeID":"1689710","fromID":"1284380","toID":"1155186","formEdgeID":null},{"edgeID":"1689711","fromID":"1284372","toID":"1284381","formEdgeID":null},{"edgeID":"1689712","fromID":"1284381","toID":"1284377","formEdgeID":null},{"edgeID":"1689713","fromID":"1155186","toID":"1284382","formEdgeID":null},{"edgeID":"1689714","fromID":"1284382","toID":"1155180","formEdgeID":null},{"edgeID":"1689715","fromID":"1284381","toID":"1284383","formEdgeID":null},{"edgeID":"1689716","fromID":"1284383","toID":"1284382","formEdgeID":null},{"edgeID":"1689717","fromID":"1284348","toID":"1284384","formEdgeID":null},{"edgeID":"1689718","fromID":"1284384","toID":"1284349","formEdgeID":null},{"edgeID":"1689719","fromID":"1284340","toID":"1284385","formEdgeID":null},{"edgeID":"1689720","fromID":"1284385","toID":"1284351","formEdgeID":null},{"edgeID":"1689721","fromID":"1155155","toID":"1284386","formEdgeID":null},{"edgeID":"1689722","fromID":"1284386","toID":"1155142","formEdgeID":null},{"edgeID":"1689723","fromID":"1284385","toID":"1284387","formEdgeID":null},{"edgeID":"1689724","fromID":"1284387","toID":"1284386","formEdgeID":null},{"edgeID":"1689725","fromID":"1284389","toID":"1284388","formEdgeID":null},{"edgeID":"1689726","fromID":"1284390","toID":"1284389","formEdgeID":null},{"edgeID":"1689727","fromID":"1284388","toID":"1284391","formEdgeID":null},{"edgeID":"1689728","fromID":"1284391","toID":"1155198","formEdgeID":null},{"edgeID":"1689729","fromID":"1284388","toID":"1284392","formEdgeID":null},{"edgeID":"1689730","fromID":"1284392","toID":"1284293","formEdgeID":null}],"locutions":[]}