{"nodes":[{"nodeID":"898938","text":"there's a discrepancy there","type":"I","timestamp":"2022-02-10 21:18:12"},{"nodeID":"898945","text":"AudienceMember 20220210QT15 was on ITU for quite a few night shifts taking care of pregnant women who had been on ITU for six weeks and had babies down in the neo-natal unit","type":"I","timestamp":"2022-02-10 21:18:14"},{"nodeID":"898952","text":"AudienceMember 20220210QT15 is the first person who has considered the rights of people who aren't vaccinated","type":"I","timestamp":"2022-02-10 21:18:18"},{"nodeID":"898959","text":"AudienceMember 20220210QT15 has come across patients that maybe are overweight or have diabetes and seem to be worried the fact that the vaccines cause clots and other misinformation that's spread across Social Media or other forms of media","type":"I","timestamp":"2022-02-10 21:18:20"},{"nodeID":"1284617","text":"AudienceMember 20220210QT14: There's a discrepancy there","type":"L","timestamp":"2023-11-09 12:33:39"},{"nodeID":"1284618","text":"Analysing","type":"YA","timestamp":"2023-11-09 12:33:39"},{"nodeID":"1284619","text":"Joanne: AudienceMember 20220210QT14: There's a discrepancy there","type":"L","timestamp":"2023-11-09 12:33:39"},{"nodeID":"1284620","text":"Asserting","type":"YA","timestamp":"2023-11-09 12:33:39"},{"nodeID":"1284621","text":"we need to work with people who haven't been vaccinated rather than against them","type":"I","timestamp":"2023-11-09 12:33:39"},{"nodeID":"1284622","text":"AudienceMember 20220210QT14: we need to work with people rather than against them","type":"L","timestamp":"2023-11-09 12:33:40"},{"nodeID":"1284623","text":"Analysing","type":"YA","timestamp":"2023-11-09 12:33:40"},{"nodeID":"1284624","text":"Joanne: AudienceMember 20220210QT14: we need to work with people rather than against them","type":"L","timestamp":"2023-11-09 12:33:40"},{"nodeID":"1284625","text":"Asserting","type":"YA","timestamp":"2023-11-09 12:33:40"},{"nodeID":"1284626","text":"Default Transition","type":"TA","timestamp":"2023-11-09 12:33:40"},{"nodeID":"1284627","text":"AudienceMember 20220210QT15 did or did not have contact with those women or people who have not been vaccinated","type":"I","timestamp":"2023-11-09 12:33:40"},{"nodeID":"1284628","text":"Fiona Bruce: Did you have contact with those women or people who have not been vaccinated","type":"L","timestamp":"2023-11-09 12:33:40"},{"nodeID":"1284629","text":"Analysing","type":"YA","timestamp":"2023-11-09 12:33:40"},{"nodeID":"1284630","text":"Joanne: Fiona Bruce: Did you have contact with those women or people who have not been vaccinated","type":"L","timestamp":"2023-11-09 12:33:40"},{"nodeID":"1284631","text":"Pure Questioning","type":"YA","timestamp":"2023-11-09 12:33:40"},{"nodeID":"1284632","text":"AudienceMember 20220210QT15: Yes I did","type":"L","timestamp":"2023-11-09 12:33:40"},{"nodeID":"1284633","text":"Analysing","type":"YA","timestamp":"2023-11-09 12:33:40"},{"nodeID":"1284634","text":"Joanne: AudienceMember 20220210QT15: Yes I did","type":"L","timestamp":"2023-11-09 12:33:40"},{"nodeID":"1284635","text":"Default Transition","type":"TA","timestamp":"2023-11-09 12:33:40"},{"nodeID":"1284636","text":"Default Transition","type":"TA","timestamp":"2023-11-09 12:33:40"},{"nodeID":"1284637","text":"Agreeing","type":"YA","timestamp":"2023-11-09 12:33:40"},{"nodeID":"1284638","text":"for the last two years AudienceMember 20220210QT15 has been on clinical placement","type":"I","timestamp":"2023-11-09 12:33:41"},{"nodeID":"1284639","text":"AudienceMember 20220210QT15: For the last two years I have been on clinical placement","type":"L","timestamp":"2023-11-09 12:33:41"},{"nodeID":"1284640","text":"Analysing","type":"YA","timestamp":"2023-11-09 12:33:41"},{"nodeID":"1284641","text":"Joanne: AudienceMember 20220210QT15: For the last two years I have been on clinical placement","type":"L","timestamp":"2023-11-09 12:33:41"},{"nodeID":"1284642","text":"Asserting","type":"YA","timestamp":"2023-11-09 12:33:41"},{"nodeID":"1284643","text":"Default Transition","type":"TA","timestamp":"2023-11-09 12:33:41"},{"nodeID":"1284644","text":"AudienceMember 20220210QT15 has come across patients that maybe are overweight or have diabetes and seem to be worried about fertility risks","type":"I","timestamp":"2023-11-09 12:33:41"},{"nodeID":"1284645","text":"AudienceMember 20220210QT15: I have come across patients that maybe are overweight or have diabetes and seem to be worried about fertility risks","type":"L","timestamp":"2023-11-09 12:33:41"},{"nodeID":"1284646","text":"Analysing","type":"YA","timestamp":"2023-11-09 12:33:41"},{"nodeID":"1284647","text":"Joanne: AudienceMember 20220210QT15: I have come across patients that maybe are overweight or have diabetes and seem to be worried about fertility risks","type":"L","timestamp":"2023-11-09 12:33:41"},{"nodeID":"1284648","text":"Asserting","type":"YA","timestamp":"2023-11-09 12:33:41"},{"nodeID":"1284649","text":"Default Transition","type":"TA","timestamp":"2023-11-09 12:33:41"},{"nodeID":"1284650","text":"AudienceMember 20220210QT15: the fact that the vaccines cause clots and other misinformation that's spread across Social Media or other forms of media","type":"L","timestamp":"2023-11-09 12:33:42"},{"nodeID":"1284651","text":"Analysing","type":"YA","timestamp":"2023-11-09 12:33:42"},{"nodeID":"1284652","text":"Joanne: AudienceMember 20220210QT15: the fact that the vaccines cause clots and other misinformation that's spread across Social Media or other forms of media","type":"L","timestamp":"2023-11-09 12:33:42"},{"nodeID":"1284653","text":"Asserting","type":"YA","timestamp":"2023-11-09 12:33:42"},{"nodeID":"1284654","text":"Default Transition","type":"TA","timestamp":"2023-11-09 12:33:42"},{"nodeID":"1284655","text":"Joanne: AudienceMember 20220210QT15: I was on ITU for quite a few night shifts taking care of pregnant women who had been on ITU for six weeks and had babies down in the neo-natal unit","type":"L","timestamp":"2023-11-09 12:33:42"},{"nodeID":"1284656","text":"AudienceMember 20220210QT15: I was on ITU for quite a few night shifts taking care of pregnant women who had been on ITU for six weeks and had babies down in the neo-natal unit","type":"L","timestamp":"2023-11-09 12:33:42"},{"nodeID":"1284657","text":"Analysing","type":"YA","timestamp":"2023-11-09 12:33:42"},{"nodeID":"1284658","text":"Asserting","type":"YA","timestamp":"2023-11-09 12:33:42"},{"nodeID":"1284659","text":"Default Transition","type":"TA","timestamp":"2023-11-09 12:33:42"},{"nodeID":"1284660","text":"because of Covid the pregnant women who had been on ITU for six weeks and had babies down in the neo-natal unit hadn't been vaccinated","type":"I","timestamp":"2023-11-09 12:33:43"},{"nodeID":"1284661","text":"Analysing","type":"YA","timestamp":"2023-11-09 12:33:43"},{"nodeID":"1284662","text":"AudienceMember 20220210QT15: because of Covid they hadn't been vaccinated","type":"L","timestamp":"2023-11-09 12:33:43"},{"nodeID":"1284663","text":"Joanne: AudienceMember 20220210QT15: because of Covid they hadn't been vaccinated","type":"L","timestamp":"2023-11-09 12:33:43"},{"nodeID":"1284664","text":"Asserting","type":"YA","timestamp":"2023-11-09 12:33:43"},{"nodeID":"1284665","text":"Default Transition","type":"TA","timestamp":"2023-11-09 12:33:43"},{"nodeID":"1284666","text":"we need to work with people who haven't been vaccinated not against them","type":"I","timestamp":"2023-11-09 12:33:44"},{"nodeID":"1284667","text":"AudienceMember 20220210QT15: we need to work with people not against them","type":"L","timestamp":"2023-11-09 12:33:44"},{"nodeID":"1284668","text":"Joanne: AudienceMember 20220210QT15: we need to work with people not against them","type":"L","timestamp":"2023-11-09 12:33:44"},{"nodeID":"1284669","text":"Analysing","type":"YA","timestamp":"2023-11-09 12:33:44"},{"nodeID":"1284670","text":"Asserting","type":"YA","timestamp":"2023-11-09 12:33:44"},{"nodeID":"1284671","text":"Default Rephrase","type":"MA","timestamp":"2023-11-09 12:33:44"},{"nodeID":"1284672","text":"Default Transition","type":"TA","timestamp":"2023-11-09 12:33:44"},{"nodeID":"1284673","text":"Restating","type":"YA","timestamp":"2023-11-09 12:33:44"},{"nodeID":"1284674","text":"there are a number of people in our audience, a few who have not been vaccinated","type":"I","timestamp":"2023-11-09 12:33:44"},{"nodeID":"1284675","text":"Fiona Bruce: There are a number of people in our audience, a few who have not been vaccinated","type":"L","timestamp":"2023-11-09 12:33:44"},{"nodeID":"1284676","text":"Asserting","type":"YA","timestamp":"2023-11-09 12:33:44"},{"nodeID":"1284677","text":"Analysing","type":"YA","timestamp":"2023-11-09 12:33:44"},{"nodeID":"1284678","text":"Joanne: Fiona Bruce: There are a number of people in our audience, a few who have not been vaccinated","type":"L","timestamp":"2023-11-09 12:33:44"},{"nodeID":"1284679","text":"Default Transition","type":"TA","timestamp":"2023-11-09 12:33:44"},{"nodeID":"1284680","text":"those in the audience who have not been vaccinated do or do not want to contribute","type":"I","timestamp":"2023-11-09 12:33:45"},{"nodeID":"1284681","text":"Fiona Bruce: do you want to contribute","type":"L","timestamp":"2023-11-09 12:33:45"},{"nodeID":"1284682","text":"Analysing","type":"YA","timestamp":"2023-11-09 12:33:45"},{"nodeID":"1284683","text":"Joanne: Fiona Bruce: do you want to contribute","type":"L","timestamp":"2023-11-09 12:33:45"},{"nodeID":"1284684","text":"Default Transition","type":"TA","timestamp":"2023-11-09 12:33:45"},{"nodeID":"1284685","text":"Pure Questioning","type":"YA","timestamp":"2023-11-09 12:33:45"},{"nodeID":"1284686","text":"AudienceMember 20220210QT16: he is the first person who has considered the rights of people who aren't vaccinated","type":"L","timestamp":"2023-11-09 12:33:45"},{"nodeID":"1284687","text":"Analysing","type":"YA","timestamp":"2023-11-09 12:33:45"},{"nodeID":"1284688","text":"Joanne: AudienceMember 20220210QT16: he is the first person who has considered the rights of people who aren't vaccinated","type":"L","timestamp":"2023-11-09 12:33:45"},{"nodeID":"1284689","text":"Asserting","type":"YA","timestamp":"2023-11-09 12:33:45"},{"nodeID":"1284690","text":"Default Transition","type":"TA","timestamp":"2023-11-09 12:33:45"},{"nodeID":"1284691","text":"AudienceMember 20220210QT15 is the first person who has talked about whether someone has the right to take the vaccine","type":"I","timestamp":"2023-11-09 12:33:46"},{"nodeID":"1284692","text":"Joanne: AudienceMember 20220210QT16: talked about whether someone has the right to take the vaccine","type":"L","timestamp":"2023-11-09 12:33:46"},{"nodeID":"1284693","text":"AudienceMember 20220210QT16: talked about whether someone has the right to take the vaccine","type":"L","timestamp":"2023-11-09 12:33:46"},{"nodeID":"1284694","text":"Analysing","type":"YA","timestamp":"2023-11-09 12:33:46"},{"nodeID":"1284695","text":"Asserting","type":"YA","timestamp":"2023-11-09 12:33:46"},{"nodeID":"1284696","text":"Default Transition","type":"TA","timestamp":"2023-11-09 12:33:46"},{"nodeID":"1284697","text":"AudienceMember 20220210QT15 is the first person who is not as opposed to the balance sheet that is argument of not getting the vaccine that's presented","type":"I","timestamp":"2023-11-09 12:33:46"},{"nodeID":"1284698","text":"AudienceMember 20220210QT16: not as opposed to the balance sheet that is argument that's presented","type":"L","timestamp":"2023-11-09 12:33:46"},{"nodeID":"1284699","text":"Joanne: AudienceMember 20220210QT16: not as opposed to the balance sheet that is argument that's presented","type":"L","timestamp":"2023-11-09 12:33:46"},{"nodeID":"1284700","text":"Asserting","type":"YA","timestamp":"2023-11-09 12:33:46"},{"nodeID":"1284701","text":"Analysing","type":"YA","timestamp":"2023-11-09 12:33:46"},{"nodeID":"1284702","text":"Default Transition","type":"TA","timestamp":"2023-11-09 12:33:46"},{"nodeID":"1284703","text":"Default Rephrase","type":"MA","timestamp":"2023-11-09 12:33:46"},{"nodeID":"1284704","text":"Restating","type":"YA","timestamp":"2023-11-09 12:33:46"},{"nodeID":"1284705","text":"Default Rephrase","type":"MA","timestamp":"2023-11-09 12:33:46"},{"nodeID":"1284706","text":"Restating","type":"YA","timestamp":"2023-11-09 12:33:46"},{"nodeID":"1284707","text":"we do or do not lose X number of healthcare workers or gain","type":"I","timestamp":"2023-11-09 12:33:47"},{"nodeID":"1284708","text":"AudienceMember 20220210QT16: do we lose X number of healthcare workers or gain","type":"L","timestamp":"2023-11-09 12:33:47"},{"nodeID":"1284709","text":"Analysing","type":"YA","timestamp":"2023-11-09 12:33:47"},{"nodeID":"1284710","text":"Joanne: AudienceMember 20220210QT16: do we lose X number of healthcare workers or gain","type":"L","timestamp":"2023-11-09 12:33:47"},{"nodeID":"1284711","text":"Rhetorical Questioning","type":"YA","timestamp":"2023-11-09 12:33:47"},{"nodeID":"1284712","text":"Default Transition","type":"TA","timestamp":"2023-11-09 12:33:47"},{"nodeID":"1284713","text":"the effect of that is xxx","type":"I","timestamp":"2023-11-09 12:33:48"},{"nodeID":"1284714","text":"AudienceMember 20220210QT16: What is the effect of that","type":"L","timestamp":"2023-11-09 12:33:48"},{"nodeID":"1284715","text":"Analysing","type":"YA","timestamp":"2023-11-09 12:33:48"},{"nodeID":"1284716","text":"Joanne: AudienceMember 20220210QT16: What is the effect of that","type":"L","timestamp":"2023-11-09 12:33:48"},{"nodeID":"1284717","text":"Pure Questioning","type":"YA","timestamp":"2023-11-09 12:33:48"},{"nodeID":"1284718","text":"Default Transition","type":"TA","timestamp":"2023-11-09 12:33:48"},{"nodeID":"1284719","text":"the benefits are xxx","type":"I","timestamp":"2023-11-09 12:33:48"},{"nodeID":"1284720","text":"AudienceMember 20220210QT16: What's the benefits","type":"L","timestamp":"2023-11-09 12:33:48"},{"nodeID":"1284721","text":"Analysing","type":"YA","timestamp":"2023-11-09 12:33:48"},{"nodeID":"1284722","text":"Joanne: AudienceMember 20220210QT16: What's the benefits","type":"L","timestamp":"2023-11-09 12:33:48"},{"nodeID":"1284723","text":"Pure Questioning","type":"YA","timestamp":"2023-11-09 12:33:48"},{"nodeID":"1284724","text":"Default Transition","type":"TA","timestamp":"2023-11-09 12:33:48"},{"nodeID":"1284725","text":"Default Inference","type":"RA","timestamp":"2023-11-09 12:33:48"},{"nodeID":"1284726","text":"Arguing","type":"YA","timestamp":"2023-11-09 12:33:48"},{"nodeID":"1284727","text":"Default Rephrase","type":"MA","timestamp":"2023-11-09 12:33:48"},{"nodeID":"1284728","text":"Restating","type":"YA","timestamp":"2023-11-09 12:33:48"},{"nodeID":"1284729","text":"Default Inference","type":"RA","timestamp":"2023-11-09 12:33:48"},{"nodeID":"1284730","text":"Default Transition","type":"TA","timestamp":"2023-11-09 12:33:48"},{"nodeID":"1284731","text":"Arguing","type":"YA","timestamp":"2023-11-09 12:33:48"}],"edges":[{"edgeID":"1690010","fromID":"1284619","toID":"1284618","formEdgeID":null},{"edgeID":"1690011","fromID":"1284618","toID":"1284617","formEdgeID":null},{"edgeID":"1690012","fromID":"1284620","toID":"898938","formEdgeID":null},{"edgeID":"1690013","fromID":"1284617","toID":"1284620","formEdgeID":null},{"edgeID":"1690014","fromID":"1284624","toID":"1284623","formEdgeID":null},{"edgeID":"1690015","fromID":"1284623","toID":"1284622","formEdgeID":null},{"edgeID":"1690016","fromID":"1284622","toID":"1284625","formEdgeID":null},{"edgeID":"1690017","fromID":"1284625","toID":"1284621","formEdgeID":null},{"edgeID":"1690018","fromID":"1284617","toID":"1284626","formEdgeID":null},{"edgeID":"1690019","fromID":"1284626","toID":"1284622","formEdgeID":null},{"edgeID":"1690020","fromID":"1284630","toID":"1284629","formEdgeID":null},{"edgeID":"1690021","fromID":"1284629","toID":"1284628","formEdgeID":null},{"edgeID":"1690022","fromID":"1284628","toID":"1284631","formEdgeID":null},{"edgeID":"1690023","fromID":"1284631","toID":"1284627","formEdgeID":null},{"edgeID":"1690024","fromID":"1284633","toID":"1284632","formEdgeID":null},{"edgeID":"1690025","fromID":"1284634","toID":"1284633","formEdgeID":null},{"edgeID":"1690026","fromID":"1284635","toID":"1284628","formEdgeID":null},{"edgeID":"1690027","fromID":"1284622","toID":"1284635","formEdgeID":null},{"edgeID":"1690028","fromID":"1284636","toID":"1284632","formEdgeID":null},{"edgeID":"1690029","fromID":"1284628","toID":"1284636","formEdgeID":null},{"edgeID":"1690030","fromID":"1284636","toID":"1284637","formEdgeID":null},{"edgeID":"1690031","fromID":"1284637","toID":"1284627","formEdgeID":null},{"edgeID":"1690032","fromID":"1284640","toID":"1284639","formEdgeID":null},{"edgeID":"1690033","fromID":"1284641","toID":"1284640","formEdgeID":null},{"edgeID":"1690034","fromID":"1284642","toID":"1284638","formEdgeID":null},{"edgeID":"1690035","fromID":"1284639","toID":"1284642","formEdgeID":null},{"edgeID":"1690036","fromID":"1284632","toID":"1284643","formEdgeID":null},{"edgeID":"1690037","fromID":"1284643","toID":"1284639","formEdgeID":null},{"edgeID":"1690038","fromID":"1284647","toID":"1284646","formEdgeID":null},{"edgeID":"1690039","fromID":"1284646","toID":"1284645","formEdgeID":null},{"edgeID":"1690040","fromID":"1284645","toID":"1284648","formEdgeID":null},{"edgeID":"1690041","fromID":"1284648","toID":"1284644","formEdgeID":null},{"edgeID":"1690042","fromID":"1284639","toID":"1284649","formEdgeID":null},{"edgeID":"1690043","fromID":"1284649","toID":"1284645","formEdgeID":null},{"edgeID":"1690044","fromID":"1284652","toID":"1284651","formEdgeID":null},{"edgeID":"1690045","fromID":"1284651","toID":"1284650","formEdgeID":null},{"edgeID":"1690046","fromID":"1284650","toID":"1284653","formEdgeID":null},{"edgeID":"1690047","fromID":"1284653","toID":"898959","formEdgeID":null},{"edgeID":"1690048","fromID":"1284654","toID":"1284650","formEdgeID":null},{"edgeID":"1690049","fromID":"1284645","toID":"1284654","formEdgeID":null},{"edgeID":"1690050","fromID":"1284655","toID":"1284657","formEdgeID":null},{"edgeID":"1690051","fromID":"1284657","toID":"1284656","formEdgeID":null},{"edgeID":"1690052","fromID":"1284658","toID":"898945","formEdgeID":null},{"edgeID":"1690053","fromID":"1284656","toID":"1284658","formEdgeID":null},{"edgeID":"1690054","fromID":"1284650","toID":"1284659","formEdgeID":null},{"edgeID":"1690055","fromID":"1284659","toID":"1284656","formEdgeID":null},{"edgeID":"1690056","fromID":"1284663","toID":"1284661","formEdgeID":null},{"edgeID":"1690057","fromID":"1284661","toID":"1284662","formEdgeID":null},{"edgeID":"1690058","fromID":"1284662","toID":"1284664","formEdgeID":null},{"edgeID":"1690059","fromID":"1284664","toID":"1284660","formEdgeID":null},{"edgeID":"1690060","fromID":"1284656","toID":"1284665","formEdgeID":null},{"edgeID":"1690061","fromID":"1284665","toID":"1284662","formEdgeID":null},{"edgeID":"1690062","fromID":"1284668","toID":"1284669","formEdgeID":null},{"edgeID":"1690063","fromID":"1284669","toID":"1284667","formEdgeID":null},{"edgeID":"1690064","fromID":"1284667","toID":"1284670","formEdgeID":null},{"edgeID":"1690065","fromID":"1284670","toID":"1284666","formEdgeID":null},{"edgeID":"1690066","fromID":"1284666","toID":"1284671","formEdgeID":null},{"edgeID":"1690067","fromID":"1284671","toID":"1284621","formEdgeID":null},{"edgeID":"1690068","fromID":"1284672","toID":"1284667","formEdgeID":null},{"edgeID":"1690069","fromID":"1284622","toID":"1284672","formEdgeID":null},{"edgeID":"1690070","fromID":"1284672","toID":"1284673","formEdgeID":null},{"edgeID":"1690071","fromID":"1284673","toID":"1284671","formEdgeID":null},{"edgeID":"1690072","fromID":"1284678","toID":"1284677","formEdgeID":null},{"edgeID":"1690073","fromID":"1284677","toID":"1284675","formEdgeID":null},{"edgeID":"1690074","fromID":"1284675","toID":"1284676","formEdgeID":null},{"edgeID":"1690075","fromID":"1284676","toID":"1284674","formEdgeID":null},{"edgeID":"1690076","fromID":"1284679","toID":"1284675","formEdgeID":null},{"edgeID":"1690077","fromID":"1284667","toID":"1284679","formEdgeID":null},{"edgeID":"1690078","fromID":"1284682","toID":"1284681","formEdgeID":null},{"edgeID":"1690079","fromID":"1284683","toID":"1284682","formEdgeID":null},{"edgeID":"1690080","fromID":"1284675","toID":"1284684","formEdgeID":null},{"edgeID":"1690081","fromID":"1284684","toID":"1284681","formEdgeID":null},{"edgeID":"1690082","fromID":"1284681","toID":"1284685","formEdgeID":null},{"edgeID":"1690083","fromID":"1284685","toID":"1284680","formEdgeID":null},{"edgeID":"1690084","fromID":"1284688","toID":"1284687","formEdgeID":null},{"edgeID":"1690085","fromID":"1284687","toID":"1284686","formEdgeID":null},{"edgeID":"1690086","fromID":"1284686","toID":"1284689","formEdgeID":null},{"edgeID":"1690087","fromID":"1284689","toID":"898952","formEdgeID":null},{"edgeID":"1690088","fromID":"1284681","toID":"1284690","formEdgeID":null},{"edgeID":"1690089","fromID":"1284690","toID":"1284686","formEdgeID":null},{"edgeID":"1690090","fromID":"1284694","toID":"1284693","formEdgeID":null},{"edgeID":"1690091","fromID":"1284692","toID":"1284694","formEdgeID":null},{"edgeID":"1690092","fromID":"1284693","toID":"1284695","formEdgeID":null},{"edgeID":"1690093","fromID":"1284695","toID":"1284691","formEdgeID":null},{"edgeID":"1690094","fromID":"1284686","toID":"1284696","formEdgeID":null},{"edgeID":"1690095","fromID":"1284696","toID":"1284693","formEdgeID":null},{"edgeID":"1690096","fromID":"1284701","toID":"1284698","formEdgeID":null},{"edgeID":"1690097","fromID":"1284699","toID":"1284701","formEdgeID":null},{"edgeID":"1690098","fromID":"1284698","toID":"1284700","formEdgeID":null},{"edgeID":"1690099","fromID":"1284700","toID":"1284697","formEdgeID":null},{"edgeID":"1690100","fromID":"1284702","toID":"1284698","formEdgeID":null},{"edgeID":"1690101","fromID":"1284693","toID":"1284702","formEdgeID":null},{"edgeID":"1690102","fromID":"1284703","toID":"898952","formEdgeID":null},{"edgeID":"1690103","fromID":"1284691","toID":"1284703","formEdgeID":null},{"edgeID":"1690104","fromID":"1284704","toID":"1284703","formEdgeID":null},{"edgeID":"1690105","fromID":"1284696","toID":"1284704","formEdgeID":null},{"edgeID":"1690106","fromID":"1284697","toID":"1284705","formEdgeID":null},{"edgeID":"1690107","fromID":"1284705","toID":"1284691","formEdgeID":null},{"edgeID":"1690108","fromID":"1284706","toID":"1284705","formEdgeID":null},{"edgeID":"1690109","fromID":"1284702","toID":"1284706","formEdgeID":null},{"edgeID":"1690110","fromID":"1284709","toID":"1284708","formEdgeID":null},{"edgeID":"1690111","fromID":"1284710","toID":"1284709","formEdgeID":null},{"edgeID":"1690112","fromID":"1284708","toID":"1284711","formEdgeID":null},{"edgeID":"1690113","fromID":"1284711","toID":"1284707","formEdgeID":null},{"edgeID":"1690114","fromID":"1284698","toID":"1284712","formEdgeID":null},{"edgeID":"1690115","fromID":"1284712","toID":"1284708","formEdgeID":null},{"edgeID":"1690116","fromID":"1284715","toID":"1284714","formEdgeID":null},{"edgeID":"1690117","fromID":"1284716","toID":"1284715","formEdgeID":null},{"edgeID":"1690118","fromID":"1284714","toID":"1284717","formEdgeID":null},{"edgeID":"1690119","fromID":"1284717","toID":"1284713","formEdgeID":null},{"edgeID":"1690120","fromID":"1284708","toID":"1284718","formEdgeID":null},{"edgeID":"1690121","fromID":"1284718","toID":"1284714","formEdgeID":null},{"edgeID":"1690122","fromID":"1284721","toID":"1284720","formEdgeID":null},{"edgeID":"1690123","fromID":"1284722","toID":"1284721","formEdgeID":null},{"edgeID":"1690124","fromID":"1284723","toID":"1284719","formEdgeID":null},{"edgeID":"1690125","fromID":"1284720","toID":"1284723","formEdgeID":null},{"edgeID":"1690126","fromID":"1284714","toID":"1284724","formEdgeID":null},{"edgeID":"1690127","fromID":"1284724","toID":"1284720","formEdgeID":null},{"edgeID":"1690128","fromID":"1284621","toID":"1284725","formEdgeID":null},{"edgeID":"1690129","fromID":"1284725","toID":"898938","formEdgeID":null},{"edgeID":"1690130","fromID":"1284626","toID":"1284726","formEdgeID":null},{"edgeID":"1690131","fromID":"1284726","toID":"1284725","formEdgeID":null},{"edgeID":"1690132","fromID":"1284727","toID":"1284644","formEdgeID":null},{"edgeID":"1690133","fromID":"898959","toID":"1284727","formEdgeID":null},{"edgeID":"1690134","fromID":"1284654","toID":"1284728","formEdgeID":null},{"edgeID":"1690135","fromID":"1284728","toID":"1284727","formEdgeID":null},{"edgeID":"1690136","fromID":"1284660","toID":"1284729","formEdgeID":null},{"edgeID":"1690137","fromID":"1284729","toID":"1284666","formEdgeID":null},{"edgeID":"1690138","fromID":"1284730","toID":"1284667","formEdgeID":null},{"edgeID":"1690139","fromID":"1284662","toID":"1284730","formEdgeID":null},{"edgeID":"1690140","fromID":"1284730","toID":"1284731","formEdgeID":null},{"edgeID":"1690141","fromID":"1284731","toID":"1284729","formEdgeID":null}],"locutions":[]}