{"nodes":[{"nodeID":"898979","text":"the evidence is there and accessible","type":"I","timestamp":"2022-02-10 21:18:26"},{"nodeID":"1138660","text":"we talk about serious adverse events","type":"I","timestamp":"2023-04-05 20:10:37"},{"nodeID":"1138665","text":"serious adverse events are extremely rare","type":"I","timestamp":"2023-04-05 20:10:39"},{"nodeID":"1138688","text":"inflammation of the heart is extremely rare, very unlikely to happen","type":"I","timestamp":"2023-04-05 20:10:46"},{"nodeID":"1138716","text":"the most people who have some adverse event are mild injection site reactions and maybe a day of feeling slightly unwell","type":"I","timestamp":"2023-04-05 20:10:51"},{"nodeID":"1138729","text":"the evidence and the facts are there","type":"I","timestamp":"2023-04-05 20:10:54"},{"nodeID":"1138741","text":"the evidence and facts are indisputable","type":"I","timestamp":"2023-04-05 20:10:56"},{"nodeID":"1286256","text":"Robin Shattock: The evidence is there and accessible","type":"L","timestamp":"2023-11-09 12:36:02"},{"nodeID":"1286257","text":"Analysing","type":"YA","timestamp":"2023-11-09 12:36:02"},{"nodeID":"1286258","text":"Zlata: Robin Shattock: The evidence is there and accessible","type":"L","timestamp":"2023-11-09 12:36:02"},{"nodeID":"1286259","text":"Asserting","type":"YA","timestamp":"2023-11-09 12:36:02"},{"nodeID":"1286260","text":"you want to do a data analysis","type":"I","timestamp":"2023-11-09 12:36:03"},{"nodeID":"1286261","text":"Robin Shattock: you want to do a data analysis","type":"L","timestamp":"2023-11-09 12:36:03"},{"nodeID":"1286262","text":"Analysing","type":"YA","timestamp":"2023-11-09 12:36:03"},{"nodeID":"1286263","text":"Zlata: Robin Shattock: you want to do a data analysis","type":"L","timestamp":"2023-11-09 12:36:03"},{"nodeID":"1286264","text":"Asserting","type":"YA","timestamp":"2023-11-09 12:36:03"},{"nodeID":"1286265","text":"Default Transition","type":"TA","timestamp":"2023-11-09 12:36:03"},{"nodeID":"1286266","text":"you want to look at the risk ratio and hazard ratios","type":"I","timestamp":"2023-11-09 12:36:04"},{"nodeID":"1286267","text":"Robin Shattock: look at the risk ratio and hazard ratios","type":"L","timestamp":"2023-11-09 12:36:04"},{"nodeID":"1286268","text":"Analysing","type":"YA","timestamp":"2023-11-09 12:36:04"},{"nodeID":"1286269","text":"Zlata: Robin Shattock: look at the risk ratio and hazard ratios","type":"L","timestamp":"2023-11-09 12:36:04"},{"nodeID":"1286270","text":"Asserting","type":"YA","timestamp":"2023-11-09 12:36:04"},{"nodeID":"1286271","text":"Default Transition","type":"TA","timestamp":"2023-11-09 12:36:04"},{"nodeID":"1286272","text":"you can get risk ratio and hazard ratios","type":"I","timestamp":"2023-11-09 12:36:04"},{"nodeID":"1286273","text":"Robin Shattock: you can get those numbers","type":"L","timestamp":"2023-11-09 12:36:04"},{"nodeID":"1286274","text":"Analysing","type":"YA","timestamp":"2023-11-09 12:36:04"},{"nodeID":"1286275","text":"Zlata: Robin Shattock: you can get those numbers","type":"L","timestamp":"2023-11-09 12:36:04"},{"nodeID":"1286276","text":"Asserting","type":"YA","timestamp":"2023-11-09 12:36:04"},{"nodeID":"1286277","text":"Default Transition","type":"TA","timestamp":"2023-11-09 12:36:04"},{"nodeID":"1286278","text":"Default Rephrase","type":"MA","timestamp":"2023-11-09 12:36:04"},{"nodeID":"1286279","text":"Restating","type":"YA","timestamp":"2023-11-09 12:36:04"},{"nodeID":"1286280","text":"Default Rephrase","type":"MA","timestamp":"2023-11-09 12:36:04"},{"nodeID":"1286281","text":"Restating","type":"YA","timestamp":"2023-11-09 12:36:04"},{"nodeID":"1286282","text":"there's no secrecy around around risk ratio and hazard ratios","type":"I","timestamp":"2023-11-09 12:36:05"},{"nodeID":"1286283","text":"Robin Shattock: There's no secrecy around it","type":"L","timestamp":"2023-11-09 12:36:05"},{"nodeID":"1286284","text":"Analysing","type":"YA","timestamp":"2023-11-09 12:36:05"},{"nodeID":"1286285","text":"Zlata: Robin Shattock: There's no secrecy around it","type":"L","timestamp":"2023-11-09 12:36:05"},{"nodeID":"1286286","text":"Asserting","type":"YA","timestamp":"2023-11-09 12:36:05"},{"nodeID":"1286287","text":"Default Transition","type":"TA","timestamp":"2023-11-09 12:36:05"},{"nodeID":"1286288","text":"Default Inference","type":"RA","timestamp":"2023-11-09 12:36:05"},{"nodeID":"1286289","text":"Arguing","type":"YA","timestamp":"2023-11-09 12:36:05"},{"nodeID":"1286290","text":"Robin Shattock: we talk about serious adverse events","type":"L","timestamp":"2023-11-09 12:36:05"},{"nodeID":"1286291","text":"Analysing","type":"YA","timestamp":"2023-11-09 12:36:05"},{"nodeID":"1286292","text":"Zlata: Robin Shattock: we talk about serious adverse events","type":"L","timestamp":"2023-11-09 12:36:05"},{"nodeID":"1286293","text":"Asserting","type":"YA","timestamp":"2023-11-09 12:36:05"},{"nodeID":"1286294","text":"Robin Shattock: they are extremely rare","type":"L","timestamp":"2023-11-09 12:36:06"},{"nodeID":"1286295","text":"Analysing","type":"YA","timestamp":"2023-11-09 12:36:06"},{"nodeID":"1286296","text":"Zlata: Robin Shattock: they are extremely rare","type":"L","timestamp":"2023-11-09 12:36:06"},{"nodeID":"1286297","text":"Asserting","type":"YA","timestamp":"2023-11-09 12:36:06"},{"nodeID":"1286298","text":"Default Transition","type":"TA","timestamp":"2023-11-09 12:36:06"},{"nodeID":"1286299","text":"now the two main vaccines that are currently used in the UK are the two RNA vaccines Moderna and Pfizer","type":"I","timestamp":"2023-11-09 12:36:06"},{"nodeID":"1286300","text":"Robin Shattock: now the two main vaccines that are currently used in the UK are the two r NA vaccines Moderna and Pfizer","type":"L","timestamp":"2023-11-09 12:36:06"},{"nodeID":"1286301","text":"Analysing","type":"YA","timestamp":"2023-11-09 12:36:06"},{"nodeID":"1286302","text":"Zlata: Robin Shattock: now the two main vaccines that are currently used in the UK are the two r NA vaccines Moderna and Pfizer","type":"L","timestamp":"2023-11-09 12:36:06"},{"nodeID":"1286303","text":"Asserting","type":"YA","timestamp":"2023-11-09 12:36:06"},{"nodeID":"1286304","text":"Default Transition","type":"TA","timestamp":"2023-11-09 12:36:06"},{"nodeID":"1286305","text":"one of the rarest events of any serious concern is inflammation of the heart","type":"I","timestamp":"2023-11-09 12:36:07"},{"nodeID":"1286306","text":"Robin Shattock: The rarest events of any serious concern is inflammation of the heart","type":"L","timestamp":"2023-11-09 12:36:07"},{"nodeID":"1286307","text":"Analysing","type":"YA","timestamp":"2023-11-09 12:36:07"},{"nodeID":"1286308","text":"Zlata: Robin Shattock: The rarest events of any serious concern is inflammation of the heart","type":"L","timestamp":"2023-11-09 12:36:07"},{"nodeID":"1286309","text":"Asserting","type":"YA","timestamp":"2023-11-09 12:36:07"},{"nodeID":"1286310","text":"Default Transition","type":"TA","timestamp":"2023-11-09 12:36:07"},{"nodeID":"1286311","text":"inflammation of the heart happens mainly in young men, and teenagers","type":"I","timestamp":"2023-11-09 12:36:08"},{"nodeID":"1286312","text":"Robin Shattock: happens mainly in young men, and teenagers","type":"L","timestamp":"2023-11-09 12:36:08"},{"nodeID":"1286313","text":"Analysing","type":"YA","timestamp":"2023-11-09 12:36:08"},{"nodeID":"1286314","text":"Zlata: Robin Shattock: happens mainly in young men, and teenagers","type":"L","timestamp":"2023-11-09 12:36:08"},{"nodeID":"1286315","text":"Asserting","type":"YA","timestamp":"2023-11-09 12:36:08"},{"nodeID":"1286316","text":"Default Transition","type":"TA","timestamp":"2023-11-09 12:36:08"},{"nodeID":"1286317","text":"Robin Shattock: it's extremely rare, very unlikely to happen","type":"L","timestamp":"2023-11-09 12:36:08"},{"nodeID":"1286318","text":"Analysing","type":"YA","timestamp":"2023-11-09 12:36:08"},{"nodeID":"1286319","text":"Zlata: Robin Shattock: it's extremely rare, very unlikely to happen","type":"L","timestamp":"2023-11-09 12:36:08"},{"nodeID":"1286320","text":"Asserting","type":"YA","timestamp":"2023-11-09 12:36:08"},{"nodeID":"1286321","text":"Default Transition","type":"TA","timestamp":"2023-11-09 12:36:08"},{"nodeID":"1286322","text":"Default Rephrase","type":"MA","timestamp":"2023-11-09 12:36:08"},{"nodeID":"1286323","text":"Restating","type":"YA","timestamp":"2023-11-09 12:36:08"},{"nodeID":"1286324","text":"Default Transition","type":"TA","timestamp":"2023-11-09 12:36:08"},{"nodeID":"1286325","text":"Default Inference","type":"RA","timestamp":"2023-11-09 12:36:08"},{"nodeID":"1286326","text":"Arguing","type":"YA","timestamp":"2023-11-09 12:36:08"},{"nodeID":"1286327","text":"nobody actually has had long-term consequences of the inflammation of the heart","type":"I","timestamp":"2023-11-09 12:36:09"},{"nodeID":"1286328","text":"Robin Shattock: Nobody actually has had long-term consequences of it","type":"L","timestamp":"2023-11-09 12:36:09"},{"nodeID":"1286329","text":"Analysing","type":"YA","timestamp":"2023-11-09 12:36:09"},{"nodeID":"1286330","text":"Zlata: Robin Shattock: Nobody actually has had long-term consequences of it","type":"L","timestamp":"2023-11-09 12:36:09"},{"nodeID":"1286331","text":"Asserting","type":"YA","timestamp":"2023-11-09 12:36:09"},{"nodeID":"1286332","text":"Default Transition","type":"TA","timestamp":"2023-11-09 12:36:09"},{"nodeID":"1286333","text":"Default Rephrase","type":"MA","timestamp":"2023-11-09 12:36:09"},{"nodeID":"1286334","text":"Restating","type":"YA","timestamp":"2023-11-09 12:36:09"},{"nodeID":"1286335","text":"Robin Shattock: The most people who have some adverse event are mild injection site reactions and maybe a day of feeling slightly unwell","type":"L","timestamp":"2023-11-09 12:36:09"},{"nodeID":"1286336","text":"Analysing","type":"YA","timestamp":"2023-11-09 12:36:09"},{"nodeID":"1286337","text":"Zlata: Robin Shattock: The most people who have some adverse event are mild injection site reactions and maybe a day of feeling slightly unwell","type":"L","timestamp":"2023-11-09 12:36:09"},{"nodeID":"1286338","text":"Asserting","type":"YA","timestamp":"2023-11-09 12:36:09"},{"nodeID":"1286339","text":"Default Transition","type":"TA","timestamp":"2023-11-09 12:36:09"},{"nodeID":"1286340","text":"Default Inference","type":"RA","timestamp":"2023-11-09 12:36:09"},{"nodeID":"1286341","text":"Arguing","type":"YA","timestamp":"2023-11-09 12:36:09"},{"nodeID":"1286342","text":"Robin Shattock: The evidence and the facts are there","type":"L","timestamp":"2023-11-09 12:36:10"},{"nodeID":"1286343","text":"Analysing","type":"YA","timestamp":"2023-11-09 12:36:10"},{"nodeID":"1286344","text":"Zlata: Robin Shattock: The evidence and the facts are there","type":"L","timestamp":"2023-11-09 12:36:10"},{"nodeID":"1286345","text":"Asserting","type":"YA","timestamp":"2023-11-09 12:36:10"},{"nodeID":"1286346","text":"Default Transition","type":"TA","timestamp":"2023-11-09 12:36:10"},{"nodeID":"1286347","text":"Default Rephrase","type":"MA","timestamp":"2023-11-09 12:36:10"},{"nodeID":"1286348","text":"Restating","type":"YA","timestamp":"2023-11-09 12:36:10"},{"nodeID":"1286349","text":"Robin Shattock: They are indisputable","type":"L","timestamp":"2023-11-09 12:36:11"},{"nodeID":"1286350","text":"Analysing","type":"YA","timestamp":"2023-11-09 12:36:11"},{"nodeID":"1286351","text":"Zlata: Robin Shattock: They are indisputable","type":"L","timestamp":"2023-11-09 12:36:11"},{"nodeID":"1286352","text":"Asserting","type":"YA","timestamp":"2023-11-09 12:36:11"},{"nodeID":"1286353","text":"Default Transition","type":"TA","timestamp":"2023-11-09 12:36:11"},{"nodeID":"1286354","text":"Default Rephrase","type":"MA","timestamp":"2023-11-09 12:36:11"},{"nodeID":"1286355","text":"Restating","type":"YA","timestamp":"2023-11-09 12:36:11"},{"nodeID":"1286356","text":"AudienceMember 20220210QT20: no","type":"L","timestamp":"2023-11-09 12:36:11"},{"nodeID":"1286357","text":"Analysing","type":"YA","timestamp":"2023-11-09 12:36:11"},{"nodeID":"1286358","text":"Zlata: AudienceMember 20220210QT20: no","type":"L","timestamp":"2023-11-09 12:36:11"},{"nodeID":"1286359","text":"Default Transition","type":"TA","timestamp":"2023-11-09 12:36:11"},{"nodeID":"1286360","text":"Disagreeing","type":"YA","timestamp":"2023-11-09 12:36:11"},{"nodeID":"1286361","text":"AudienceMember 20220210QT20 appreciates the data","type":"I","timestamp":"2023-11-09 12:36:11"},{"nodeID":"1286362","text":"AudienceMember 20220210QT20: I appreciate that","type":"L","timestamp":"2023-11-09 12:36:11"},{"nodeID":"1286363","text":"Analysing","type":"YA","timestamp":"2023-11-09 12:36:11"},{"nodeID":"1286364","text":"Zlata: AudienceMember 20220210QT20: I appreciate that","type":"L","timestamp":"2023-11-09 12:36:11"},{"nodeID":"1286365","text":"Asserting","type":"YA","timestamp":"2023-11-09 12:36:11"},{"nodeID":"1286366","text":"Default Transition","type":"TA","timestamp":"2023-11-09 12:36:11"},{"nodeID":"1286367","text":"AudienceMember 20220210QT20 have looked at the data themselves","type":"I","timestamp":"2023-11-09 12:36:12"},{"nodeID":"1286368","text":"AudienceMember 20220210QT20:  I have looked at the data myself","type":"L","timestamp":"2023-11-09 12:36:12"},{"nodeID":"1286369","text":"Analysing","type":"YA","timestamp":"2023-11-09 12:36:12"},{"nodeID":"1286370","text":"Zlata: AudienceMember 20220210QT20:  I have looked at the data myself","type":"L","timestamp":"2023-11-09 12:36:12"},{"nodeID":"1286371","text":"Asserting","type":"YA","timestamp":"2023-11-09 12:36:12"},{"nodeID":"1286372","text":"Default Transition","type":"TA","timestamp":"2023-11-09 12:36:12"},{"nodeID":"1286373","text":"the data Robin Shattock is talking about is The Yellow Card reporting scheme","type":"I","timestamp":"2023-11-09 12:36:12"},{"nodeID":"1286374","text":"Robin Shattock: the data I believe you are talking about is The Yellow Card reporting scheme","type":"L","timestamp":"2023-11-09 12:36:12"},{"nodeID":"1286375","text":"Analysing","type":"YA","timestamp":"2023-11-09 12:36:12"},{"nodeID":"1286376","text":"Zlata: Robin Shattock: the data I believe you are talking about is The Yellow Card reporting scheme","type":"L","timestamp":"2023-11-09 12:36:12"},{"nodeID":"1286377","text":"Asserting","type":"YA","timestamp":"2023-11-09 12:36:12"},{"nodeID":"1286378","text":"Default Transition","type":"TA","timestamp":"2023-11-09 12:36:12"},{"nodeID":"1286379","text":"Robin Shattock is talking about the data from more than just The Yellow Card","type":"I","timestamp":"2023-11-09 12:36:13"},{"nodeID":"1286380","text":"Robin Shattock: More than just The Yellow Card","type":"L","timestamp":"2023-11-09 12:36:13"},{"nodeID":"1286381","text":"Analysing","type":"YA","timestamp":"2023-11-09 12:36:13"},{"nodeID":"1286382","text":"Zlata: Robin Shattock: More than just The Yellow Card","type":"L","timestamp":"2023-11-09 12:36:13"},{"nodeID":"1286383","text":"Asserting","type":"YA","timestamp":"2023-11-09 12:36:13"},{"nodeID":"1286384","text":"Default Transition","type":"TA","timestamp":"2023-11-09 12:36:13"},{"nodeID":"1286385","text":"Default Conflict","type":"CA","timestamp":"2023-11-09 12:36:13"},{"nodeID":"1286386","text":"Disagreeing","type":"YA","timestamp":"2023-11-09 12:36:13"},{"nodeID":"1286387","text":"Robin Shattock is looking at the data on a global basis","type":"I","timestamp":"2023-11-09 12:36:13"},{"nodeID":"1286388","text":"Robin Shattock: looking at it on a global basis","type":"L","timestamp":"2023-11-09 12:36:13"},{"nodeID":"1286389","text":"Analysing","type":"YA","timestamp":"2023-11-09 12:36:13"},{"nodeID":"1286390","text":"Zlata: Robin Shattock: looking at it on a global basis","type":"L","timestamp":"2023-11-09 12:36:13"},{"nodeID":"1286391","text":"Asserting","type":"YA","timestamp":"2023-11-09 12:36:13"},{"nodeID":"1286392","text":"Default Transition","type":"TA","timestamp":"2023-11-09 12:36:13"},{"nodeID":"1286393","text":"Default Inference","type":"RA","timestamp":"2023-11-09 12:36:13"},{"nodeID":"1286394","text":"Arguing","type":"YA","timestamp":"2023-11-09 12:36:13"},{"nodeID":"1286395","text":"most of the data in the UK comes from The Yellow Card reporting scheme","type":"I","timestamp":"2023-11-09 12:36:14"},{"nodeID":"1286396","text":"AudienceMember 20220210QT21: most of the data in the UK comes from The Yellow Card reporting scheme","type":"L","timestamp":"2023-11-09 12:36:14"},{"nodeID":"1286397","text":"Analysing","type":"YA","timestamp":"2023-11-09 12:36:14"},{"nodeID":"1286398","text":"Zlata: AudienceMember 20220210QT21: most of the data in the UK comes from The Yellow Card reporting scheme","type":"L","timestamp":"2023-11-09 12:36:14"},{"nodeID":"1286399","text":"Asserting","type":"YA","timestamp":"2023-11-09 12:36:14"},{"nodeID":"1286400","text":"Default Transition","type":"TA","timestamp":"2023-11-09 12:36:14"},{"nodeID":"1286401","text":"the Yellow Card reporting scheme is a self-reporting scheme","type":"I","timestamp":"2023-11-09 12:36:15"},{"nodeID":"1286402","text":"AudienceMember 20220210QT21:  is a self-reporting scheme","type":"L","timestamp":"2023-11-09 12:36:15"},{"nodeID":"1286403","text":"Analysing","type":"YA","timestamp":"2023-11-09 12:36:15"},{"nodeID":"1286404","text":"Zlata: AudienceMember 20220210QT21:  is a self-reporting scheme","type":"L","timestamp":"2023-11-09 12:36:15"},{"nodeID":"1286405","text":"Asserting","type":"YA","timestamp":"2023-11-09 12:36:15"},{"nodeID":"1286406","text":"Default Transition","type":"TA","timestamp":"2023-11-09 12:36:15"},{"nodeID":"1286407","text":"Default Rephrase","type":"MA","timestamp":"2023-11-09 12:36:15"},{"nodeID":"1286408","text":"Restating","type":"YA","timestamp":"2023-11-09 12:36:15"},{"nodeID":"1286409","text":"there was a Select Committee in 1999 which estimated there was an underreporting factor in case of the Yellow Card","type":"I","timestamp":"2023-11-09 12:36:15"},{"nodeID":"1286410","text":"AudienceMember 20220210QT21:  There was a Select Committee in 1999 which estimated there was an underreporting factor","type":"L","timestamp":"2023-11-09 12:36:15"},{"nodeID":"1286411","text":"Analysing","type":"YA","timestamp":"2023-11-09 12:36:15"},{"nodeID":"1286412","text":"Zlata: AudienceMember 20220210QT21:  There was a Select Committee in 1999 which estimated there was an underreporting factor","type":"L","timestamp":"2023-11-09 12:36:15"},{"nodeID":"1286413","text":"Asserting","type":"YA","timestamp":"2023-11-09 12:36:15"},{"nodeID":"1286414","text":"under the Yellow Card only roughly 10% of cases get referenced","type":"I","timestamp":"2023-11-09 12:36:16"},{"nodeID":"1286415","text":"AudienceMember 20220210QT21: only roughly 10% of cases get referenced","type":"L","timestamp":"2023-11-09 12:36:16"},{"nodeID":"1286416","text":"Analysing","type":"YA","timestamp":"2023-11-09 12:36:16"},{"nodeID":"1286417","text":"Zlata: AudienceMember 20220210QT21: only roughly 10% of cases get referenced","type":"L","timestamp":"2023-11-09 12:36:16"},{"nodeID":"1286418","text":"Asserting","type":"YA","timestamp":"2023-11-09 12:36:16"},{"nodeID":"1286419","text":"Default Inference","type":"RA","timestamp":"2023-11-09 12:36:16"},{"nodeID":"1286420","text":"Default Transition","type":"TA","timestamp":"2023-11-09 12:36:16"},{"nodeID":"1286421","text":"Default Transition","type":"TA","timestamp":"2023-11-09 12:36:16"},{"nodeID":"1286422","text":"Arguing","type":"YA","timestamp":"2023-11-09 12:36:16"},{"nodeID":"1286423","text":"with the AstraZeneca vaccine serious adverse events are not simply inflammation","type":"I","timestamp":"2023-11-09 12:36:16"},{"nodeID":"1286424","text":"AudienceMember 20220210QT21: With the AstraZeneca vaccine it's not simply you know inflammation","type":"L","timestamp":"2023-11-09 12:36:16"},{"nodeID":"1286425","text":"Analysing","type":"YA","timestamp":"2023-11-09 12:36:16"},{"nodeID":"1286426","text":"Zlata: AudienceMember 20220210QT21: With the AstraZeneca vaccine it's not simply you know inflammation","type":"L","timestamp":"2023-11-09 12:36:16"},{"nodeID":"1286427","text":"Asserting","type":"YA","timestamp":"2023-11-09 12:36:16"},{"nodeID":"1286428","text":"Default Transition","type":"TA","timestamp":"2023-11-09 12:36:16"},{"nodeID":"1286429","text":"Default Conflict","type":"CA","timestamp":"2023-11-09 12:36:16"},{"nodeID":"1286430","text":"Disagreeing","type":"YA","timestamp":"2023-11-09 12:36:16"},{"nodeID":"1286431","text":"Default Rephrase","type":"MA","timestamp":"2023-11-09 12:36:16"},{"nodeID":"1286432","text":"Restating","type":"YA","timestamp":"2023-11-09 12:36:16"}],"edges":[{"edgeID":"1691984","fromID":"1286257","toID":"1286256","formEdgeID":null},{"edgeID":"1691985","fromID":"1286258","toID":"1286257","formEdgeID":null},{"edgeID":"1691986","fromID":"1286256","toID":"1286259","formEdgeID":null},{"edgeID":"1691987","fromID":"1286259","toID":"898979","formEdgeID":null},{"edgeID":"1691988","fromID":"1286262","toID":"1286261","formEdgeID":null},{"edgeID":"1691989","fromID":"1286263","toID":"1286262","formEdgeID":null},{"edgeID":"1691990","fromID":"1286261","toID":"1286264","formEdgeID":null},{"edgeID":"1691991","fromID":"1286264","toID":"1286260","formEdgeID":null},{"edgeID":"1691992","fromID":"1286256","toID":"1286265","formEdgeID":null},{"edgeID":"1691993","fromID":"1286265","toID":"1286261","formEdgeID":null},{"edgeID":"1691994","fromID":"1286268","toID":"1286267","formEdgeID":null},{"edgeID":"1691995","fromID":"1286269","toID":"1286268","formEdgeID":null},{"edgeID":"1691996","fromID":"1286267","toID":"1286270","formEdgeID":null},{"edgeID":"1691997","fromID":"1286270","toID":"1286266","formEdgeID":null},{"edgeID":"1691998","fromID":"1286261","toID":"1286271","formEdgeID":null},{"edgeID":"1691999","fromID":"1286271","toID":"1286267","formEdgeID":null},{"edgeID":"1692000","fromID":"1286274","toID":"1286273","formEdgeID":null},{"edgeID":"1692001","fromID":"1286275","toID":"1286274","formEdgeID":null},{"edgeID":"1692002","fromID":"1286273","toID":"1286276","formEdgeID":null},{"edgeID":"1692003","fromID":"1286276","toID":"1286272","formEdgeID":null},{"edgeID":"1692004","fromID":"1286267","toID":"1286277","formEdgeID":null},{"edgeID":"1692005","fromID":"1286277","toID":"1286273","formEdgeID":null},{"edgeID":"1692006","fromID":"1286266","toID":"1286278","formEdgeID":null},{"edgeID":"1692007","fromID":"1286278","toID":"1286260","formEdgeID":null},{"edgeID":"1692008","fromID":"1286271","toID":"1286279","formEdgeID":null},{"edgeID":"1692009","fromID":"1286279","toID":"1286278","formEdgeID":null},{"edgeID":"1692010","fromID":"1286272","toID":"1286280","formEdgeID":null},{"edgeID":"1692011","fromID":"1286280","toID":"1286266","formEdgeID":null},{"edgeID":"1692012","fromID":"1286277","toID":"1286281","formEdgeID":null},{"edgeID":"1692013","fromID":"1286281","toID":"1286280","formEdgeID":null},{"edgeID":"1692014","fromID":"1286284","toID":"1286283","formEdgeID":null},{"edgeID":"1692015","fromID":"1286285","toID":"1286284","formEdgeID":null},{"edgeID":"1692016","fromID":"1286283","toID":"1286286","formEdgeID":null},{"edgeID":"1692017","fromID":"1286286","toID":"1286282","formEdgeID":null},{"edgeID":"1692018","fromID":"1286273","toID":"1286287","formEdgeID":null},{"edgeID":"1692019","fromID":"1286287","toID":"1286283","formEdgeID":null},{"edgeID":"1692020","fromID":"1286282","toID":"1286288","formEdgeID":null},{"edgeID":"1692021","fromID":"1286288","toID":"1286272","formEdgeID":null},{"edgeID":"1692022","fromID":"1286287","toID":"1286289","formEdgeID":null},{"edgeID":"1692023","fromID":"1286289","toID":"1286288","formEdgeID":null},{"edgeID":"1692024","fromID":"1286291","toID":"1286290","formEdgeID":null},{"edgeID":"1692025","fromID":"1286292","toID":"1286291","formEdgeID":null},{"edgeID":"1692026","fromID":"1286290","toID":"1286293","formEdgeID":null},{"edgeID":"1692027","fromID":"1286293","toID":"1138660","formEdgeID":null},{"edgeID":"1692028","fromID":"1286295","toID":"1286294","formEdgeID":null},{"edgeID":"1692029","fromID":"1286296","toID":"1286295","formEdgeID":null},{"edgeID":"1692030","fromID":"1286294","toID":"1286297","formEdgeID":null},{"edgeID":"1692031","fromID":"1286297","toID":"1138665","formEdgeID":null},{"edgeID":"1692032","fromID":"1286290","toID":"1286298","formEdgeID":null},{"edgeID":"1692033","fromID":"1286298","toID":"1286294","formEdgeID":null},{"edgeID":"1692034","fromID":"1286301","toID":"1286300","formEdgeID":null},{"edgeID":"1692035","fromID":"1286302","toID":"1286301","formEdgeID":null},{"edgeID":"1692036","fromID":"1286300","toID":"1286303","formEdgeID":null},{"edgeID":"1692037","fromID":"1286303","toID":"1286299","formEdgeID":null},{"edgeID":"1692038","fromID":"1286294","toID":"1286304","formEdgeID":null},{"edgeID":"1692039","fromID":"1286304","toID":"1286300","formEdgeID":null},{"edgeID":"1692040","fromID":"1286307","toID":"1286306","formEdgeID":null},{"edgeID":"1692041","fromID":"1286308","toID":"1286307","formEdgeID":null},{"edgeID":"1692042","fromID":"1286306","toID":"1286309","formEdgeID":null},{"edgeID":"1692043","fromID":"1286309","toID":"1286305","formEdgeID":null},{"edgeID":"1692044","fromID":"1286300","toID":"1286310","formEdgeID":null},{"edgeID":"1692045","fromID":"1286310","toID":"1286306","formEdgeID":null},{"edgeID":"1692046","fromID":"1286313","toID":"1286312","formEdgeID":null},{"edgeID":"1692047","fromID":"1286314","toID":"1286313","formEdgeID":null},{"edgeID":"1692048","fromID":"1286312","toID":"1286315","formEdgeID":null},{"edgeID":"1692049","fromID":"1286315","toID":"1286311","formEdgeID":null},{"edgeID":"1692050","fromID":"1286306","toID":"1286316","formEdgeID":null},{"edgeID":"1692051","fromID":"1286316","toID":"1286312","formEdgeID":null},{"edgeID":"1692052","fromID":"1286318","toID":"1286317","formEdgeID":null},{"edgeID":"1692053","fromID":"1286319","toID":"1286318","formEdgeID":null},{"edgeID":"1692054","fromID":"1286317","toID":"1286320","formEdgeID":null},{"edgeID":"1692055","fromID":"1286320","toID":"1138688","formEdgeID":null},{"edgeID":"1692056","fromID":"1286306","toID":"1286321","formEdgeID":null},{"edgeID":"1692057","fromID":"1286321","toID":"1286317","formEdgeID":null},{"edgeID":"1692058","fromID":"1138688","toID":"1286322","formEdgeID":null},{"edgeID":"1692059","fromID":"1286322","toID":"1286305","formEdgeID":null},{"edgeID":"1692060","fromID":"1286321","toID":"1286323","formEdgeID":null},{"edgeID":"1692061","fromID":"1286323","toID":"1286322","formEdgeID":null},{"edgeID":"1692062","fromID":"1286312","toID":"1286324","formEdgeID":null},{"edgeID":"1692063","fromID":"1286324","toID":"1286317","formEdgeID":null},{"edgeID":"1692064","fromID":"1286311","toID":"1286325","formEdgeID":null},{"edgeID":"1692065","fromID":"1286325","toID":"1138688","formEdgeID":null},{"edgeID":"1692066","fromID":"1286324","toID":"1286326","formEdgeID":null},{"edgeID":"1692067","fromID":"1286326","toID":"1286325","formEdgeID":null},{"edgeID":"1692068","fromID":"1286329","toID":"1286328","formEdgeID":null},{"edgeID":"1692069","fromID":"1286330","toID":"1286329","formEdgeID":null},{"edgeID":"1692070","fromID":"1286328","toID":"1286331","formEdgeID":null},{"edgeID":"1692071","fromID":"1286331","toID":"1286327","formEdgeID":null},{"edgeID":"1692072","fromID":"1286317","toID":"1286332","formEdgeID":null},{"edgeID":"1692073","fromID":"1286332","toID":"1286328","formEdgeID":null},{"edgeID":"1692074","fromID":"1286327","toID":"1286333","formEdgeID":null},{"edgeID":"1692075","fromID":"1286333","toID":"1138688","formEdgeID":null},{"edgeID":"1692076","fromID":"1286332","toID":"1286334","formEdgeID":null},{"edgeID":"1692077","fromID":"1286334","toID":"1286333","formEdgeID":null},{"edgeID":"1692078","fromID":"1286336","toID":"1286335","formEdgeID":null},{"edgeID":"1692079","fromID":"1286337","toID":"1286336","formEdgeID":null},{"edgeID":"1692080","fromID":"1286335","toID":"1286338","formEdgeID":null},{"edgeID":"1692081","fromID":"1286338","toID":"1138716","formEdgeID":null},{"edgeID":"1692082","fromID":"1286294","toID":"1286339","formEdgeID":null},{"edgeID":"1692083","fromID":"1286339","toID":"1286335","formEdgeID":null},{"edgeID":"1692084","fromID":"1138716","toID":"1286340","formEdgeID":null},{"edgeID":"1692085","fromID":"1286340","toID":"1138665","formEdgeID":null},{"edgeID":"1692086","fromID":"1286339","toID":"1286341","formEdgeID":null},{"edgeID":"1692087","fromID":"1286341","toID":"1286340","formEdgeID":null},{"edgeID":"1692088","fromID":"1286343","toID":"1286342","formEdgeID":null},{"edgeID":"1692089","fromID":"1286344","toID":"1286343","formEdgeID":null},{"edgeID":"1692090","fromID":"1286342","toID":"1286345","formEdgeID":null},{"edgeID":"1692091","fromID":"1286345","toID":"1138729","formEdgeID":null},{"edgeID":"1692092","fromID":"1286256","toID":"1286346","formEdgeID":null},{"edgeID":"1692093","fromID":"1286346","toID":"1286342","formEdgeID":null},{"edgeID":"1692094","fromID":"1138729","toID":"1286347","formEdgeID":null},{"edgeID":"1692095","fromID":"1286347","toID":"898979","formEdgeID":null},{"edgeID":"1692096","fromID":"1286346","toID":"1286348","formEdgeID":null},{"edgeID":"1692097","fromID":"1286348","toID":"1286347","formEdgeID":null},{"edgeID":"1692098","fromID":"1286350","toID":"1286349","formEdgeID":null},{"edgeID":"1692099","fromID":"1286351","toID":"1286350","formEdgeID":null},{"edgeID":"1692100","fromID":"1286349","toID":"1286352","formEdgeID":null},{"edgeID":"1692101","fromID":"1286352","toID":"1138741","formEdgeID":null},{"edgeID":"1692102","fromID":"1286342","toID":"1286353","formEdgeID":null},{"edgeID":"1692103","fromID":"1286353","toID":"1286349","formEdgeID":null},{"edgeID":"1692104","fromID":"1138741","toID":"1286354","formEdgeID":null},{"edgeID":"1692105","fromID":"1286354","toID":"1138729","formEdgeID":null},{"edgeID":"1692106","fromID":"1286353","toID":"1286355","formEdgeID":null},{"edgeID":"1692107","fromID":"1286355","toID":"1286354","formEdgeID":null},{"edgeID":"1692108","fromID":"1286357","toID":"1286356","formEdgeID":null},{"edgeID":"1692109","fromID":"1286358","toID":"1286357","formEdgeID":null},{"edgeID":"1692110","fromID":"1286349","toID":"1286359","formEdgeID":null},{"edgeID":"1692111","fromID":"1286359","toID":"1286356","formEdgeID":null},{"edgeID":"1692112","fromID":"1286359","toID":"1286360","formEdgeID":null},{"edgeID":"1692113","fromID":"1286360","toID":"1138741","formEdgeID":null},{"edgeID":"1692114","fromID":"1286363","toID":"1286362","formEdgeID":null},{"edgeID":"1692115","fromID":"1286364","toID":"1286363","formEdgeID":null},{"edgeID":"1692116","fromID":"1286362","toID":"1286365","formEdgeID":null},{"edgeID":"1692117","fromID":"1286365","toID":"1286361","formEdgeID":null},{"edgeID":"1692118","fromID":"1286356","toID":"1286366","formEdgeID":null},{"edgeID":"1692119","fromID":"1286366","toID":"1286362","formEdgeID":null},{"edgeID":"1692120","fromID":"1286369","toID":"1286368","formEdgeID":null},{"edgeID":"1692121","fromID":"1286370","toID":"1286369","formEdgeID":null},{"edgeID":"1692122","fromID":"1286368","toID":"1286371","formEdgeID":null},{"edgeID":"1692123","fromID":"1286371","toID":"1286367","formEdgeID":null},{"edgeID":"1692124","fromID":"1286362","toID":"1286372","formEdgeID":null},{"edgeID":"1692125","fromID":"1286372","toID":"1286368","formEdgeID":null},{"edgeID":"1692126","fromID":"1286375","toID":"1286374","formEdgeID":null},{"edgeID":"1692127","fromID":"1286376","toID":"1286375","formEdgeID":null},{"edgeID":"1692128","fromID":"1286374","toID":"1286377","formEdgeID":null},{"edgeID":"1692129","fromID":"1286377","toID":"1286373","formEdgeID":null},{"edgeID":"1692130","fromID":"1286368","toID":"1286378","formEdgeID":null},{"edgeID":"1692131","fromID":"1286378","toID":"1286374","formEdgeID":null},{"edgeID":"1692132","fromID":"1286381","toID":"1286380","formEdgeID":null},{"edgeID":"1692133","fromID":"1286382","toID":"1286381","formEdgeID":null},{"edgeID":"1692134","fromID":"1286380","toID":"1286383","formEdgeID":null},{"edgeID":"1692135","fromID":"1286383","toID":"1286379","formEdgeID":null},{"edgeID":"1692136","fromID":"1286374","toID":"1286384","formEdgeID":null},{"edgeID":"1692137","fromID":"1286384","toID":"1286380","formEdgeID":null},{"edgeID":"1692138","fromID":"1286379","toID":"1286385","formEdgeID":null},{"edgeID":"1692139","fromID":"1286385","toID":"1286373","formEdgeID":null},{"edgeID":"1692140","fromID":"1286384","toID":"1286386","formEdgeID":null},{"edgeID":"1692141","fromID":"1286386","toID":"1286385","formEdgeID":null},{"edgeID":"1692142","fromID":"1286389","toID":"1286388","formEdgeID":null},{"edgeID":"1692143","fromID":"1286390","toID":"1286389","formEdgeID":null},{"edgeID":"1692144","fromID":"1286388","toID":"1286391","formEdgeID":null},{"edgeID":"1692145","fromID":"1286391","toID":"1286387","formEdgeID":null},{"edgeID":"1692146","fromID":"1286380","toID":"1286392","formEdgeID":null},{"edgeID":"1692147","fromID":"1286392","toID":"1286388","formEdgeID":null},{"edgeID":"1692148","fromID":"1286387","toID":"1286393","formEdgeID":null},{"edgeID":"1692149","fromID":"1286393","toID":"1286379","formEdgeID":null},{"edgeID":"1692150","fromID":"1286392","toID":"1286394","formEdgeID":null},{"edgeID":"1692151","fromID":"1286394","toID":"1286393","formEdgeID":null},{"edgeID":"1692152","fromID":"1286397","toID":"1286396","formEdgeID":null},{"edgeID":"1692153","fromID":"1286398","toID":"1286397","formEdgeID":null},{"edgeID":"1692154","fromID":"1286396","toID":"1286399","formEdgeID":null},{"edgeID":"1692155","fromID":"1286399","toID":"1286395","formEdgeID":null},{"edgeID":"1692156","fromID":"1286388","toID":"1286400","formEdgeID":null},{"edgeID":"1692157","fromID":"1286400","toID":"1286396","formEdgeID":null},{"edgeID":"1692158","fromID":"1286403","toID":"1286402","formEdgeID":null},{"edgeID":"1692159","fromID":"1286404","toID":"1286403","formEdgeID":null},{"edgeID":"1692160","fromID":"1286402","toID":"1286405","formEdgeID":null},{"edgeID":"1692161","fromID":"1286405","toID":"1286401","formEdgeID":null},{"edgeID":"1692162","fromID":"1286396","toID":"1286406","formEdgeID":null},{"edgeID":"1692163","fromID":"1286406","toID":"1286402","formEdgeID":null},{"edgeID":"1692164","fromID":"1286401","toID":"1286407","formEdgeID":null},{"edgeID":"1692165","fromID":"1286407","toID":"1286395","formEdgeID":null},{"edgeID":"1692166","fromID":"1286406","toID":"1286408","formEdgeID":null},{"edgeID":"1692167","fromID":"1286408","toID":"1286407","formEdgeID":null},{"edgeID":"1692168","fromID":"1286411","toID":"1286410","formEdgeID":null},{"edgeID":"1692169","fromID":"1286412","toID":"1286411","formEdgeID":null},{"edgeID":"1692170","fromID":"1286410","toID":"1286413","formEdgeID":null},{"edgeID":"1692171","fromID":"1286413","toID":"1286409","formEdgeID":null},{"edgeID":"1692172","fromID":"1286416","toID":"1286415","formEdgeID":null},{"edgeID":"1692173","fromID":"1286417","toID":"1286416","formEdgeID":null},{"edgeID":"1692174","fromID":"1286415","toID":"1286418","formEdgeID":null},{"edgeID":"1692175","fromID":"1286418","toID":"1286414","formEdgeID":null},{"edgeID":"1692176","fromID":"1286401","toID":"1286419","formEdgeID":null},{"edgeID":"1692177","fromID":"1286419","toID":"1286414","formEdgeID":null},{"edgeID":"1692178","fromID":"1286409","toID":"1286419","formEdgeID":null},{"edgeID":"1692179","fromID":"1286402","toID":"1286420","formEdgeID":null},{"edgeID":"1692180","fromID":"1286420","toID":"1286415","formEdgeID":null},{"edgeID":"1692181","fromID":"1286410","toID":"1286421","formEdgeID":null},{"edgeID":"1692182","fromID":"1286421","toID":"1286415","formEdgeID":null},{"edgeID":"1692183","fromID":"1286421","toID":"1286422","formEdgeID":null},{"edgeID":"1692184","fromID":"1286422","toID":"1286419","formEdgeID":null},{"edgeID":"1692185","fromID":"1286425","toID":"1286424","formEdgeID":null},{"edgeID":"1692186","fromID":"1286426","toID":"1286425","formEdgeID":null},{"edgeID":"1692187","fromID":"1286424","toID":"1286427","formEdgeID":null},{"edgeID":"1692188","fromID":"1286427","toID":"1286423","formEdgeID":null},{"edgeID":"1692189","fromID":"1286306","toID":"1286428","formEdgeID":null},{"edgeID":"1692190","fromID":"1286428","toID":"1286424","formEdgeID":null},{"edgeID":"1692191","fromID":"1286423","toID":"1286429","formEdgeID":null},{"edgeID":"1692192","fromID":"1286429","toID":"1286305","formEdgeID":null},{"edgeID":"1692193","fromID":"1286428","toID":"1286430","formEdgeID":null},{"edgeID":"1692194","fromID":"1286430","toID":"1286429","formEdgeID":null},{"edgeID":"1692195","fromID":"1138665","toID":"1286431","formEdgeID":null},{"edgeID":"1692196","fromID":"1286431","toID":"1138660","formEdgeID":null},{"edgeID":"1692197","fromID":"1286298","toID":"1286432","formEdgeID":null},{"edgeID":"1692198","fromID":"1286432","toID":"1286431","formEdgeID":null}],"locutions":[]}