{"nodes":[{"nodeID":"898810","text":"Rosena Allin-Khan is seeing toddlers coming in Zoe with scalds over their bodies because water bottles have burst because their families cannot pay the bills.","type":"I","timestamp":"2022-02-10 21:17:25"},{"nodeID":"898822","text":"150 pounds for everyone living in a house that's degraded for the Council tax","type":"I","timestamp":"2022-02-10 21:17:30"},{"nodeID":"898890","text":"Crispin Blunt thinks the measures are as well targeted as they reasonably can be","type":"I","timestamp":"2022-02-10 21:17:55"},{"nodeID":"1283819","text":"Rosena Allin-Khan: I'm seeing toddlers coming in Zoe with scalds over their bodies because water bottles have burst because their families cannot pay the bills.","type":"L","timestamp":"2023-11-09 12:32:30"},{"nodeID":"1283820","text":"Analysing","type":"YA","timestamp":"2023-11-09 12:32:30"},{"nodeID":"1283821","text":"Anna : Rosena Allin-Khan: I'm seeing toddlers coming in Zoe with scalds over their bodies because water bottles have burst because their families cannot pay the bills.","type":"L","timestamp":"2023-11-09 12:32:30"},{"nodeID":"1283822","text":"Asserting","type":"YA","timestamp":"2023-11-09 12:32:30"},{"nodeID":"1283823","text":"this Government is not doing enough","type":"I","timestamp":"2023-11-09 12:32:31"},{"nodeID":"1283824","text":"Rosena Allin-Khan: This Government is not doing enough","type":"L","timestamp":"2023-11-09 12:32:31"},{"nodeID":"1283825","text":"Analysing","type":"YA","timestamp":"2023-11-09 12:32:31"},{"nodeID":"1283826","text":"Anna : Rosena Allin-Khan: This Government is not doing enough","type":"L","timestamp":"2023-11-09 12:32:31"},{"nodeID":"1283827","text":"Asserting","type":"YA","timestamp":"2023-11-09 12:32:31"},{"nodeID":"1283828","text":"in fact what's really terrible is this week they had an opportunity to vote with us to provide a solution to the issue a windfall tax on North Sea oil and gas companies","type":"I","timestamp":"2023-11-09 12:32:31"},{"nodeID":"1283829","text":"Rosena Allin-Khan:  In fact what's really terrible is this week they had an opportunity to vote with us to provide a solution to the issue a windfall tax on North Sea oil and gas companies","type":"L","timestamp":"2023-11-09 12:32:31"},{"nodeID":"1283830","text":"Analysing","type":"YA","timestamp":"2023-11-09 12:32:31"},{"nodeID":"1283831","text":"Anna : Rosena Allin-Khan:  In fact what's really terrible is this week they had an opportunity to vote with us to provide a solution to the issue a windfall tax on North Sea oil and gas companies","type":"L","timestamp":"2023-11-09 12:32:31"},{"nodeID":"1283832","text":"Asserting","type":"YA","timestamp":"2023-11-09 12:32:31"},{"nodeID":"1283833","text":"North Sea oil and gas companies have done really, really well out of the situation","type":"I","timestamp":"2023-11-09 12:32:32"},{"nodeID":"1283834","text":"Rosena Allin-Khan: who have done really, really well out of the situation","type":"L","timestamp":"2023-11-09 12:32:32"},{"nodeID":"1283835","text":"Analysing","type":"YA","timestamp":"2023-11-09 12:32:32"},{"nodeID":"1283836","text":"Anna : Rosena Allin-Khan: who have done really, really well out of the situation","type":"L","timestamp":"2023-11-09 12:32:32"},{"nodeID":"1283837","text":"Asserting","type":"YA","timestamp":"2023-11-09 12:32:32"},{"nodeID":"1283838","text":"it's important the money goes back in the pockets of consumers","type":"I","timestamp":"2023-11-09 12:32:32"},{"nodeID":"1283839","text":"Rosena Allin-Khan:  It's important it goes back in the pockets of consumers","type":"L","timestamp":"2023-11-09 12:32:32"},{"nodeID":"1283840","text":"Analysing","type":"YA","timestamp":"2023-11-09 12:32:32"},{"nodeID":"1283841","text":"Anna : Rosena Allin-Khan:  It's important it goes back in the pockets of consumers","type":"L","timestamp":"2023-11-09 12:32:32"},{"nodeID":"1283842","text":"Asserting","type":"YA","timestamp":"2023-11-09 12:32:32"},{"nodeID":"1283843","text":"xxx is how much Rosena Allin-Khan thinks you would get from the windfall tax","type":"I","timestamp":"2023-11-09 12:32:33"},{"nodeID":"1283844","text":"Fiona Bruce: How much do you think you would get from the windfall tax?","type":"L","timestamp":"2023-11-09 12:32:33"},{"nodeID":"1283845","text":"Analysing","type":"YA","timestamp":"2023-11-09 12:32:33"},{"nodeID":"1283846","text":"Anna : Fiona Bruce: How much do you think you would get from the windfall tax?","type":"L","timestamp":"2023-11-09 12:32:33"},{"nodeID":"1283847","text":"Pure Questioning","type":"YA","timestamp":"2023-11-09 12:32:33"},{"nodeID":"1283848","text":"xxx is how much money you would get from the windfall tax","type":"I","timestamp":"2023-11-09 12:32:33"},{"nodeID":"1283849","text":"Fiona Bruce: How much money do you think?","type":"L","timestamp":"2023-11-09 12:32:33"},{"nodeID":"1283850","text":"Analysing","type":"YA","timestamp":"2023-11-09 12:32:33"},{"nodeID":"1283851","text":"Anna : Fiona Bruce: How much money do you think?","type":"L","timestamp":"2023-11-09 12:32:33"},{"nodeID":"1283852","text":"Pure Questioning","type":"YA","timestamp":"2023-11-09 12:32:33"},{"nodeID":"1283853","text":"we would get the ability to afford for every family who have 200 pounds off their bill","type":"I","timestamp":"2023-11-09 12:32:34"},{"nodeID":"1283854","text":"Rosena Allin-Khan: We would get the ability to afford for every family who have 200 pounds off their bill","type":"L","timestamp":"2023-11-09 12:32:34"},{"nodeID":"1283855","text":"Analysing","type":"YA","timestamp":"2023-11-09 12:32:34"},{"nodeID":"1283856","text":"Anna : Rosena Allin-Khan: We would get the ability to afford for every family who have 200 pounds off their bill","type":"L","timestamp":"2023-11-09 12:32:34"},{"nodeID":"1283857","text":"Asserting","type":"YA","timestamp":"2023-11-09 12:32:34"},{"nodeID":"1283858","text":"we would get the ability to afford for some families to have up to 600 pounds off their bill","type":"I","timestamp":"2023-11-09 12:32:34"},{"nodeID":"1283859","text":"Rosena Allin-Khan: but for some families to have up to 600 pounds off their bill","type":"L","timestamp":"2023-11-09 12:32:34"},{"nodeID":"1283860","text":"Analysing","type":"YA","timestamp":"2023-11-09 12:32:34"},{"nodeID":"1283861","text":"Anna : Rosena Allin-Khan: but for some families to have up to 600 pounds off their bill","type":"L","timestamp":"2023-11-09 12:32:34"},{"nodeID":"1283862","text":"Asserting","type":"YA","timestamp":"2023-11-09 12:32:34"},{"nodeID":"1283863","text":"we would also cut VAT on energy bills for a year starting from April","type":"I","timestamp":"2023-11-09 12:32:35"},{"nodeID":"1283864","text":"Rosena Allin-Khan: we would also cut VAT on energy bills for a year starting from April","type":"L","timestamp":"2023-11-09 12:32:35"},{"nodeID":"1283865","text":"Analysing","type":"YA","timestamp":"2023-11-09 12:32:35"},{"nodeID":"1283866","text":"Anna : Rosena Allin-Khan: we would also cut VAT on energy bills for a year starting from April","type":"L","timestamp":"2023-11-09 12:32:35"},{"nodeID":"1283867","text":"Asserting","type":"YA","timestamp":"2023-11-09 12:32:35"},{"nodeID":"1283868","text":"Crispin Blunt: I think the measures are as well targeted as they reasonably can be","type":"L","timestamp":"2023-11-09 12:32:36"},{"nodeID":"1283869","text":"Analysing","type":"YA","timestamp":"2023-11-09 12:32:36"},{"nodeID":"1283870","text":"Anna : Crispin Blunt: I think the measures are as well targeted as they reasonably can be","type":"L","timestamp":"2023-11-09 12:32:36"},{"nodeID":"1283871","text":"Asserting","type":"YA","timestamp":"2023-11-09 12:32:36"},{"nodeID":"1283872","text":"Crispin Blunt: 150 pounds for everyone living in a house that's degraded for the Council tax","type":"L","timestamp":"2023-11-09 12:32:36"},{"nodeID":"1283873","text":"Analysing","type":"YA","timestamp":"2023-11-09 12:32:36"},{"nodeID":"1283874","text":"Anna : Crispin Blunt: 150 pounds for everyone living in a house that's degraded for the Council tax","type":"L","timestamp":"2023-11-09 12:32:36"},{"nodeID":"1283875","text":"Asserting","type":"YA","timestamp":"2023-11-09 12:32:36"},{"nodeID":"1283876","text":"a further 200 pounds off bills from October","type":"I","timestamp":"2023-11-09 12:32:37"},{"nodeID":"1283877","text":"Crispin Blunt: and a further 200 pounds off bills from October","type":"L","timestamp":"2023-11-09 12:32:37"},{"nodeID":"1283878","text":"Analysing","type":"YA","timestamp":"2023-11-09 12:32:37"},{"nodeID":"1283879","text":"Anna : Crispin Blunt: and a further 200 pounds off bills from October","type":"L","timestamp":"2023-11-09 12:32:37"},{"nodeID":"1283880","text":"Asserting","type":"YA","timestamp":"2023-11-09 12:32:37"},{"nodeID":"1283881","text":"Default Transition","type":"TA","timestamp":"2023-11-09 12:32:37"},{"nodeID":"1283882","text":"Default Inference","type":"RA","timestamp":"2023-11-09 12:32:37"},{"nodeID":"1283883","text":"Arguing","type":"YA","timestamp":"2023-11-09 12:32:37"},{"nodeID":"1283884","text":"Default Transition","type":"TA","timestamp":"2023-11-09 12:32:37"},{"nodeID":"1283885","text":"Default Inference","type":"RA","timestamp":"2023-11-09 12:32:37"},{"nodeID":"1283886","text":"Arguing","type":"YA","timestamp":"2023-11-09 12:32:37"},{"nodeID":"1283887","text":"Default Transition","type":"TA","timestamp":"2023-11-09 12:32:37"},{"nodeID":"1283888","text":"Default Inference","type":"RA","timestamp":"2023-11-09 12:32:37"},{"nodeID":"1283889","text":"Arguing","type":"YA","timestamp":"2023-11-09 12:32:37"},{"nodeID":"1283890","text":"Default Transition","type":"TA","timestamp":"2023-11-09 12:32:37"},{"nodeID":"1283891","text":"Default Transition","type":"TA","timestamp":"2023-11-09 12:32:37"},{"nodeID":"1283892","text":"Default Rephrase","type":"MA","timestamp":"2023-11-09 12:32:37"},{"nodeID":"1283893","text":"Default Transition","type":"TA","timestamp":"2023-11-09 12:32:37"},{"nodeID":"1283894","text":"Restating","type":"YA","timestamp":"2023-11-09 12:32:37"},{"nodeID":"1283895","text":"Default Inference","type":"RA","timestamp":"2023-11-09 12:32:37"},{"nodeID":"1283896","text":"Arguing","type":"YA","timestamp":"2023-11-09 12:32:37"},{"nodeID":"1283897","text":"Default Transition","type":"TA","timestamp":"2023-11-09 12:32:37"},{"nodeID":"1283898","text":"Default Rephrase","type":"MA","timestamp":"2023-11-09 12:32:37"},{"nodeID":"1283899","text":"Default Illocuting","type":"YA","timestamp":"2023-11-09 12:32:37"},{"nodeID":"1283900","text":"Default Transition","type":"TA","timestamp":"2023-11-09 12:32:37"},{"nodeID":"1283901","text":"Default Transition","type":"TA","timestamp":"2023-11-09 12:32:37"},{"nodeID":"1283902","text":"Default Rephrase","type":"MA","timestamp":"2023-11-09 12:32:37"},{"nodeID":"1283903","text":"Default Illocuting","type":"YA","timestamp":"2023-11-09 12:32:37"},{"nodeID":"1283904","text":"Default Transition","type":"TA","timestamp":"2023-11-09 12:32:37"},{"nodeID":"1283905","text":"Default Conflict","type":"CA","timestamp":"2023-11-09 12:32:37"},{"nodeID":"1283906","text":"Disagreeing","type":"YA","timestamp":"2023-11-09 12:32:37"},{"nodeID":"1283907","text":"Default Transition","type":"TA","timestamp":"2023-11-09 12:32:37"},{"nodeID":"1283908","text":"Default Inference","type":"RA","timestamp":"2023-11-09 12:32:37"},{"nodeID":"1283909","text":"Arguing","type":"YA","timestamp":"2023-11-09 12:32:37"},{"nodeID":"1283910","text":"Default Transition","type":"TA","timestamp":"2023-11-09 12:32:37"},{"nodeID":"1283911","text":"Default Rephrase","type":"MA","timestamp":"2023-11-09 12:32:37"},{"nodeID":"1283912","text":"Default Illocuting","type":"YA","timestamp":"2023-11-09 12:32:37"}],"edges":[{"edgeID":"1689015","fromID":"1283820","toID":"1283819","formEdgeID":null},{"edgeID":"1689016","fromID":"1283821","toID":"1283820","formEdgeID":null},{"edgeID":"1689017","fromID":"1283819","toID":"1283822","formEdgeID":null},{"edgeID":"1689018","fromID":"1283822","toID":"898810","formEdgeID":null},{"edgeID":"1689019","fromID":"1283825","toID":"1283824","formEdgeID":null},{"edgeID":"1689020","fromID":"1283826","toID":"1283825","formEdgeID":null},{"edgeID":"1689021","fromID":"1283824","toID":"1283827","formEdgeID":null},{"edgeID":"1689022","fromID":"1283827","toID":"1283823","formEdgeID":null},{"edgeID":"1689023","fromID":"1283830","toID":"1283829","formEdgeID":null},{"edgeID":"1689024","fromID":"1283831","toID":"1283830","formEdgeID":null},{"edgeID":"1689025","fromID":"1283829","toID":"1283832","formEdgeID":null},{"edgeID":"1689026","fromID":"1283832","toID":"1283828","formEdgeID":null},{"edgeID":"1689027","fromID":"1283835","toID":"1283834","formEdgeID":null},{"edgeID":"1689028","fromID":"1283836","toID":"1283835","formEdgeID":null},{"edgeID":"1689029","fromID":"1283834","toID":"1283837","formEdgeID":null},{"edgeID":"1689030","fromID":"1283837","toID":"1283833","formEdgeID":null},{"edgeID":"1689031","fromID":"1283840","toID":"1283839","formEdgeID":null},{"edgeID":"1689032","fromID":"1283841","toID":"1283840","formEdgeID":null},{"edgeID":"1689033","fromID":"1283839","toID":"1283842","formEdgeID":null},{"edgeID":"1689034","fromID":"1283842","toID":"1283838","formEdgeID":null},{"edgeID":"1689035","fromID":"1283845","toID":"1283844","formEdgeID":null},{"edgeID":"1689036","fromID":"1283846","toID":"1283845","formEdgeID":null},{"edgeID":"1689037","fromID":"1283844","toID":"1283847","formEdgeID":null},{"edgeID":"1689038","fromID":"1283847","toID":"1283843","formEdgeID":null},{"edgeID":"1689039","fromID":"1283850","toID":"1283849","formEdgeID":null},{"edgeID":"1689040","fromID":"1283851","toID":"1283850","formEdgeID":null},{"edgeID":"1689041","fromID":"1283849","toID":"1283852","formEdgeID":null},{"edgeID":"1689042","fromID":"1283852","toID":"1283848","formEdgeID":null},{"edgeID":"1689043","fromID":"1283855","toID":"1283854","formEdgeID":null},{"edgeID":"1689044","fromID":"1283856","toID":"1283855","formEdgeID":null},{"edgeID":"1689045","fromID":"1283854","toID":"1283857","formEdgeID":null},{"edgeID":"1689046","fromID":"1283857","toID":"1283853","formEdgeID":null},{"edgeID":"1689047","fromID":"1283860","toID":"1283859","formEdgeID":null},{"edgeID":"1689048","fromID":"1283861","toID":"1283860","formEdgeID":null},{"edgeID":"1689049","fromID":"1283859","toID":"1283862","formEdgeID":null},{"edgeID":"1689050","fromID":"1283862","toID":"1283858","formEdgeID":null},{"edgeID":"1689051","fromID":"1283865","toID":"1283864","formEdgeID":null},{"edgeID":"1689052","fromID":"1283866","toID":"1283865","formEdgeID":null},{"edgeID":"1689053","fromID":"1283864","toID":"1283867","formEdgeID":null},{"edgeID":"1689054","fromID":"1283867","toID":"1283863","formEdgeID":null},{"edgeID":"1689055","fromID":"1283869","toID":"1283868","formEdgeID":null},{"edgeID":"1689056","fromID":"1283870","toID":"1283869","formEdgeID":null},{"edgeID":"1689057","fromID":"1283868","toID":"1283871","formEdgeID":null},{"edgeID":"1689058","fromID":"1283871","toID":"898890","formEdgeID":null},{"edgeID":"1689059","fromID":"1283873","toID":"1283872","formEdgeID":null},{"edgeID":"1689060","fromID":"1283874","toID":"1283873","formEdgeID":null},{"edgeID":"1689061","fromID":"1283872","toID":"1283875","formEdgeID":null},{"edgeID":"1689062","fromID":"1283875","toID":"898822","formEdgeID":null},{"edgeID":"1689063","fromID":"1283878","toID":"1283877","formEdgeID":null},{"edgeID":"1689064","fromID":"1283879","toID":"1283878","formEdgeID":null},{"edgeID":"1689065","fromID":"1283877","toID":"1283880","formEdgeID":null},{"edgeID":"1689066","fromID":"1283880","toID":"1283876","formEdgeID":null},{"edgeID":"1689067","fromID":"1283819","toID":"1283881","formEdgeID":null},{"edgeID":"1689068","fromID":"1283881","toID":"1283824","formEdgeID":null},{"edgeID":"1689069","fromID":"898810","toID":"1283882","formEdgeID":null},{"edgeID":"1689070","fromID":"1283882","toID":"1283823","formEdgeID":null},{"edgeID":"1689071","fromID":"1283881","toID":"1283883","formEdgeID":null},{"edgeID":"1689072","fromID":"1283883","toID":"1283882","formEdgeID":null},{"edgeID":"1689073","fromID":"1283824","toID":"1283884","formEdgeID":null},{"edgeID":"1689074","fromID":"1283884","toID":"1283829","formEdgeID":null},{"edgeID":"1689075","fromID":"1283828","toID":"1283885","formEdgeID":null},{"edgeID":"1689076","fromID":"1283885","toID":"1283823","formEdgeID":null},{"edgeID":"1689077","fromID":"1283884","toID":"1283886","formEdgeID":null},{"edgeID":"1689078","fromID":"1283886","toID":"1283885","formEdgeID":null},{"edgeID":"1689079","fromID":"1283829","toID":"1283887","formEdgeID":null},{"edgeID":"1689080","fromID":"1283887","toID":"1283834","formEdgeID":null},{"edgeID":"1689081","fromID":"1283833","toID":"1283888","formEdgeID":null},{"edgeID":"1689082","fromID":"1283888","toID":"1283828","formEdgeID":null},{"edgeID":"1689083","fromID":"1283887","toID":"1283889","formEdgeID":null},{"edgeID":"1689084","fromID":"1283889","toID":"1283888","formEdgeID":null},{"edgeID":"1689085","fromID":"1283834","toID":"1283890","formEdgeID":null},{"edgeID":"1689086","fromID":"1283890","toID":"1283839","formEdgeID":null},{"edgeID":"1689087","fromID":"1283839","toID":"1283891","formEdgeID":null},{"edgeID":"1689088","fromID":"1283891","toID":"1283844","formEdgeID":null},{"edgeID":"1689089","fromID":"1283848","toID":"1283892","formEdgeID":null},{"edgeID":"1689090","fromID":"1283892","toID":"1283843","formEdgeID":null},{"edgeID":"1689091","fromID":"1283844","toID":"1283893","formEdgeID":null},{"edgeID":"1689092","fromID":"1283893","toID":"1283849","formEdgeID":null},{"edgeID":"1689093","fromID":"1283893","toID":"1283894","formEdgeID":null},{"edgeID":"1689094","fromID":"1283894","toID":"1283892","formEdgeID":null},{"edgeID":"1689095","fromID":"1283833","toID":"1283895","formEdgeID":null},{"edgeID":"1689096","fromID":"1283895","toID":"1283838","formEdgeID":null},{"edgeID":"1689097","fromID":"1283890","toID":"1283896","formEdgeID":null},{"edgeID":"1689098","fromID":"1283896","toID":"1283895","formEdgeID":null},{"edgeID":"1689099","fromID":"1283849","toID":"1283897","formEdgeID":null},{"edgeID":"1689100","fromID":"1283897","toID":"1283854","formEdgeID":null},{"edgeID":"1689101","fromID":"1283853","toID":"1283898","formEdgeID":null},{"edgeID":"1689102","fromID":"1283898","toID":"1283848","formEdgeID":null},{"edgeID":"1689103","fromID":"1283897","toID":"1283899","formEdgeID":null},{"edgeID":"1689104","fromID":"1283899","toID":"1283898","formEdgeID":null},{"edgeID":"1689105","fromID":"1283854","toID":"1283900","formEdgeID":null},{"edgeID":"1689106","fromID":"1283900","toID":"1283859","formEdgeID":null},{"edgeID":"1689107","fromID":"1283859","toID":"1283901","formEdgeID":null},{"edgeID":"1689108","fromID":"1283901","toID":"1283864","formEdgeID":null},{"edgeID":"1689109","fromID":"1283863","toID":"1283902","formEdgeID":null},{"edgeID":"1689110","fromID":"1283902","toID":"1283848","formEdgeID":null},{"edgeID":"1689111","fromID":"1283901","toID":"1283903","formEdgeID":null},{"edgeID":"1689112","fromID":"1283903","toID":"1283902","formEdgeID":null},{"edgeID":"1689113","fromID":"1283824","toID":"1283904","formEdgeID":null},{"edgeID":"1689114","fromID":"1283904","toID":"1283868","formEdgeID":null},{"edgeID":"1689115","fromID":"898890","toID":"1283905","formEdgeID":null},{"edgeID":"1689116","fromID":"1283905","toID":"1283823","formEdgeID":null},{"edgeID":"1689117","fromID":"1283904","toID":"1283906","formEdgeID":null},{"edgeID":"1689118","fromID":"1283906","toID":"1283905","formEdgeID":null},{"edgeID":"1689119","fromID":"1283868","toID":"1283907","formEdgeID":null},{"edgeID":"1689120","fromID":"1283907","toID":"1283872","formEdgeID":null},{"edgeID":"1689121","fromID":"898822","toID":"1283908","formEdgeID":null},{"edgeID":"1689122","fromID":"1283908","toID":"898890","formEdgeID":null},{"edgeID":"1689123","fromID":"1283907","toID":"1283909","formEdgeID":null},{"edgeID":"1689124","fromID":"1283909","toID":"1283908","formEdgeID":null},{"edgeID":"1689125","fromID":"1283876","toID":"1283908","formEdgeID":null},{"edgeID":"1689126","fromID":"1283868","toID":"1283910","formEdgeID":null},{"edgeID":"1689127","fromID":"1283910","toID":"1283877","formEdgeID":null},{"edgeID":"1689128","fromID":"1283858","toID":"1283911","formEdgeID":null},{"edgeID":"1689129","fromID":"1283911","toID":"1283848","formEdgeID":null},{"edgeID":"1689130","fromID":"1283900","toID":"1283912","formEdgeID":null},{"edgeID":"1689131","fromID":"1283912","toID":"1283911","formEdgeID":null}],"locutions":[]}