{"nodes":[{"nodeID":"1144375","text":"this news has broken this evening","type":"I","timestamp":"2023-04-20 10:07:12"},{"nodeID":"1144379","text":"there have been four resignations from Number 10","type":"I","timestamp":"2023-04-20 10:07:15"},{"nodeID":"1144386","text":"the most significant resignations was from the Prime Minister's policy adviser","type":"I","timestamp":"2023-04-20 10:07:17"},{"nodeID":"1144392","text":"one of the Prime Minister's closest most long-standing and loyal adviser Munira Mirza","type":"I","timestamp":"2023-04-20 10:07:20"},{"nodeID":"1144402","text":"Crispin Blunt makes xxx of the news of the resignations from Number 10 this evening","type":"I","timestamp":"2023-04-20 10:07:22"},{"nodeID":"1144408","text":"Crispin Blunt hasn't had the chance to read the letter","type":"I","timestamp":"2023-04-20 10:07:25"},{"nodeID":"1144414","text":"Munira Mirza has called on Boris Johnson to apologise to Keir Starmer","type":"I","timestamp":"2023-04-20 10:07:27"},{"nodeID":"1144420","text":"Munira Mirza is mistaken in calling on Boris Johnson to apologise to Keir Starmer","type":"I","timestamp":"2023-04-20 10:07:29"},{"nodeID":"1144426","text":"the apology by Keir Starmer on behalf of the CPS as DPP precisely parallels the apology of the Prime Minister on behalf of Number 10","type":"I","timestamp":"2023-04-20 10:07:32"},{"nodeID":"1144434","text":"the apology where he is taking responsibility for the organisation","type":"I","timestamp":"2023-04-20 10:07:34"},{"nodeID":"1144440","text":"Crispin Blunt is slightly at a loss","type":"I","timestamp":"2023-04-20 10:07:36"},{"nodeID":"1144445","text":"people then turn round and say, this is absolutely terrible, and you have got people taking responsibility for the organisation","type":"I","timestamp":"2023-04-20 10:07:39"},{"nodeID":"1283747","text":"Fiona Bruce: this news has broken this evening","type":"L","timestamp":"2023-11-09 12:32:23"},{"nodeID":"1283748","text":"Analysing","type":"YA","timestamp":"2023-11-09 12:32:23"},{"nodeID":"1283749","text":"Joanne: Fiona Bruce: this news has broken this evening","type":"L","timestamp":"2023-11-09 12:32:23"},{"nodeID":"1283750","text":"Asserting","type":"YA","timestamp":"2023-11-09 12:32:23"},{"nodeID":"1283751","text":"Fiona Bruce: there have been four resignations from Number 10","type":"L","timestamp":"2023-11-09 12:32:23"},{"nodeID":"1283752","text":"Analysing","type":"YA","timestamp":"2023-11-09 12:32:23"},{"nodeID":"1283753","text":"Joanne: Fiona Bruce: there have been four resignations from Number 10","type":"L","timestamp":"2023-11-09 12:32:23"},{"nodeID":"1283754","text":"Asserting","type":"YA","timestamp":"2023-11-09 12:32:23"},{"nodeID":"1283755","text":"Default Transition","type":"TA","timestamp":"2023-11-09 12:32:23"},{"nodeID":"1283756","text":"Default Transition","type":"TA","timestamp":"2023-11-09 12:32:23"},{"nodeID":"1283757","text":"Fiona Bruce: the most significant from the Prime Minister's policy adviser","type":"L","timestamp":"2023-11-09 12:32:24"},{"nodeID":"1283758","text":"Analysing","type":"YA","timestamp":"2023-11-09 12:32:24"},{"nodeID":"1283759","text":"Joanne: Fiona Bruce: the most significant from the Prime Minister's policy adviser","type":"L","timestamp":"2023-11-09 12:32:24"},{"nodeID":"1283760","text":"Asserting","type":"YA","timestamp":"2023-11-09 12:32:24"},{"nodeID":"1283761","text":"Default Transition","type":"TA","timestamp":"2023-11-09 12:32:24"},{"nodeID":"1283762","text":"Fiona Bruce: one of his closest most long-standing and loyal adviser Munira","type":"L","timestamp":"2023-11-09 12:32:24"},{"nodeID":"1283763","text":"Analysing","type":"YA","timestamp":"2023-11-09 12:32:24"},{"nodeID":"1283764","text":"Joanne: Fiona Bruce: one of his closest most long-standing and loyal adviser Munira","type":"L","timestamp":"2023-11-09 12:32:24"},{"nodeID":"1283765","text":"Asserting","type":"YA","timestamp":"2023-11-09 12:32:24"},{"nodeID":"1283766","text":"Default Rephrase","type":"MA","timestamp":"2023-11-09 12:32:24"},{"nodeID":"1283767","text":"Restating","type":"YA","timestamp":"2023-11-09 12:32:24"},{"nodeID":"1283768","text":"Default Transition","type":"TA","timestamp":"2023-11-09 12:32:24"},{"nodeID":"1283769","text":"Default Rephrase","type":"MA","timestamp":"2023-11-09 12:32:24"},{"nodeID":"1283770","text":"Restating","type":"YA","timestamp":"2023-11-09 12:32:24"},{"nodeID":"1283771","text":"Fiona Bruce: what do you make of it","type":"L","timestamp":"2023-11-09 12:32:25"},{"nodeID":"1283772","text":"Analysing","type":"YA","timestamp":"2023-11-09 12:32:25"},{"nodeID":"1283773","text":"Joanne: Fiona Bruce: what do you make of it","type":"L","timestamp":"2023-11-09 12:32:25"},{"nodeID":"1283774","text":"Pure Questioning","type":"YA","timestamp":"2023-11-09 12:32:25"},{"nodeID":"1283775","text":"Default Transition","type":"TA","timestamp":"2023-11-09 12:32:25"},{"nodeID":"1283776","text":"Crispin Blunt: I haven't had the chance to read the letter","type":"L","timestamp":"2023-11-09 12:32:26"},{"nodeID":"1283777","text":"Analysing","type":"YA","timestamp":"2023-11-09 12:32:26"},{"nodeID":"1283778","text":"Joanne: Crispin Blunt: I haven't had the chance to read the letter","type":"L","timestamp":"2023-11-09 12:32:26"},{"nodeID":"1283779","text":"Asserting","type":"YA","timestamp":"2023-11-09 12:32:26"},{"nodeID":"1283780","text":"Default Transition","type":"TA","timestamp":"2023-11-09 12:32:26"},{"nodeID":"1283781","text":"Fiona Bruce: She has called on him to apologise to Keir Starmer","type":"L","timestamp":"2023-11-09 12:32:26"},{"nodeID":"1283782","text":"Analysing","type":"YA","timestamp":"2023-11-09 12:32:26"},{"nodeID":"1283783","text":"Joanne: Fiona Bruce: She has called on him to apologise to Keir Starmer","type":"L","timestamp":"2023-11-09 12:32:26"},{"nodeID":"1283784","text":"Asserting","type":"YA","timestamp":"2023-11-09 12:32:26"},{"nodeID":"1283785","text":"Default Transition","type":"TA","timestamp":"2023-11-09 12:32:26"},{"nodeID":"1283786","text":"Crispin Blunt: she's mistaken","type":"L","timestamp":"2023-11-09 12:32:27"},{"nodeID":"1283787","text":"Analysing","type":"YA","timestamp":"2023-11-09 12:32:27"},{"nodeID":"1283788","text":"Joanne: Crispin Blunt: she's mistaken","type":"L","timestamp":"2023-11-09 12:32:27"},{"nodeID":"1283789","text":"Asserting","type":"YA","timestamp":"2023-11-09 12:32:27"},{"nodeID":"1283790","text":"Default Transition","type":"TA","timestamp":"2023-11-09 12:32:27"},{"nodeID":"1283791","text":"Crispin Blunt: the apology by Keir Starmer on behalf of the CPS as DPP precisely parallels the apology of the Prime Minister on behalf of Number 10","type":"L","timestamp":"2023-11-09 12:32:27"},{"nodeID":"1283792","text":"Analysing","type":"YA","timestamp":"2023-11-09 12:32:27"},{"nodeID":"1283793","text":"Joanne: Crispin Blunt: the apology by Keir Starmer on behalf of the CPS as DPP precisely parallels the apology of the Prime Minister on behalf of Number 10","type":"L","timestamp":"2023-11-09 12:32:27"},{"nodeID":"1283794","text":"Asserting","type":"YA","timestamp":"2023-11-09 12:32:27"},{"nodeID":"1283795","text":"Default Transition","type":"TA","timestamp":"2023-11-09 12:32:27"},{"nodeID":"1283796","text":"Default Inference","type":"RA","timestamp":"2023-11-09 12:32:27"},{"nodeID":"1283797","text":"Arguing","type":"YA","timestamp":"2023-11-09 12:32:27"},{"nodeID":"1283798","text":"Crispin Blunt: Where he is taking responsibility for the organisation","type":"L","timestamp":"2023-11-09 12:32:28"},{"nodeID":"1283799","text":"Analysing","type":"YA","timestamp":"2023-11-09 12:32:28"},{"nodeID":"1283800","text":"Joanne: Crispin Blunt: Where he is taking responsibility for the organisation","type":"L","timestamp":"2023-11-09 12:32:28"},{"nodeID":"1283801","text":"Asserting","type":"YA","timestamp":"2023-11-09 12:32:28"},{"nodeID":"1283802","text":"Default Transition","type":"TA","timestamp":"2023-11-09 12:32:28"},{"nodeID":"1283803","text":"Crispin Blunt: I am slightly at a loss","type":"L","timestamp":"2023-11-09 12:32:29"},{"nodeID":"1283804","text":"Analysing","type":"YA","timestamp":"2023-11-09 12:32:29"},{"nodeID":"1283805","text":"Joanne: Crispin Blunt: I am slightly at a loss","type":"L","timestamp":"2023-11-09 12:32:29"},{"nodeID":"1283806","text":"Asserting","type":"YA","timestamp":"2023-11-09 12:32:29"},{"nodeID":"1283807","text":"Crispin Blunt: people then turn round and say, this is absolutely terrible, and you have got people taking responsibility for the organisation","type":"L","timestamp":"2023-11-09 12:32:29"},{"nodeID":"1283808","text":"Analysing","type":"YA","timestamp":"2023-11-09 12:32:29"},{"nodeID":"1283809","text":"Joanne: Crispin Blunt: people then turn round and say, this is absolutely terrible, and you have got people taking responsibility for the organisation","type":"L","timestamp":"2023-11-09 12:32:29"},{"nodeID":"1283810","text":"Asserting","type":"YA","timestamp":"2023-11-09 12:32:29"},{"nodeID":"1283811","text":"Default Transition","type":"TA","timestamp":"2023-11-09 12:32:29"},{"nodeID":"1283812","text":"Default Conflict","type":"CA","timestamp":"2023-11-09 12:32:29"},{"nodeID":"1283813","text":"Disagreeing","type":"YA","timestamp":"2023-11-09 12:32:29"},{"nodeID":"1283814","text":"Default Rephrase","type":"MA","timestamp":"2023-11-09 12:32:29"},{"nodeID":"1283815","text":"Default Transition","type":"TA","timestamp":"2023-11-09 12:32:29"},{"nodeID":"1283816","text":"Default Illocuting","type":"YA","timestamp":"2023-11-09 12:32:29"},{"nodeID":"1283817","text":"Default Rephrase","type":"MA","timestamp":"2023-11-09 12:32:29"},{"nodeID":"1283818","text":"Restating","type":"YA","timestamp":"2023-11-09 12:32:29"}],"edges":[{"edgeID":"1688919","fromID":"1283748","toID":"1283747","formEdgeID":null},{"edgeID":"1688920","fromID":"1283749","toID":"1283748","formEdgeID":null},{"edgeID":"1688921","fromID":"1283747","toID":"1283750","formEdgeID":null},{"edgeID":"1688922","fromID":"1283750","toID":"1144375","formEdgeID":null},{"edgeID":"1688923","fromID":"1283752","toID":"1283751","formEdgeID":null},{"edgeID":"1688924","fromID":"1283753","toID":"1283752","formEdgeID":null},{"edgeID":"1688925","fromID":"1283751","toID":"1283754","formEdgeID":null},{"edgeID":"1688926","fromID":"1283754","toID":"1144379","formEdgeID":null},{"edgeID":"1688927","fromID":"1283747","toID":"1283755","formEdgeID":null},{"edgeID":"1688928","fromID":"1283755","toID":"1283751","formEdgeID":null},{"edgeID":"1688929","fromID":"1283747","toID":"1283756","formEdgeID":null},{"edgeID":"1688930","fromID":"1283756","toID":"1283751","formEdgeID":null},{"edgeID":"1688931","fromID":"1283758","toID":"1283757","formEdgeID":null},{"edgeID":"1688932","fromID":"1283759","toID":"1283758","formEdgeID":null},{"edgeID":"1688933","fromID":"1283757","toID":"1283760","formEdgeID":null},{"edgeID":"1688934","fromID":"1283760","toID":"1144386","formEdgeID":null},{"edgeID":"1688935","fromID":"1283751","toID":"1283761","formEdgeID":null},{"edgeID":"1688936","fromID":"1283761","toID":"1283757","formEdgeID":null},{"edgeID":"1688937","fromID":"1283763","toID":"1283762","formEdgeID":null},{"edgeID":"1688938","fromID":"1283764","toID":"1283763","formEdgeID":null},{"edgeID":"1688939","fromID":"1283762","toID":"1283765","formEdgeID":null},{"edgeID":"1688940","fromID":"1283765","toID":"1144392","formEdgeID":null},{"edgeID":"1688941","fromID":"1144386","toID":"1283766","formEdgeID":null},{"edgeID":"1688942","fromID":"1283766","toID":"1144379","formEdgeID":null},{"edgeID":"1688943","fromID":"1283761","toID":"1283767","formEdgeID":null},{"edgeID":"1688944","fromID":"1283767","toID":"1283766","formEdgeID":null},{"edgeID":"1688945","fromID":"1283757","toID":"1283768","formEdgeID":null},{"edgeID":"1688946","fromID":"1283768","toID":"1283762","formEdgeID":null},{"edgeID":"1688947","fromID":"1144392","toID":"1283769","formEdgeID":null},{"edgeID":"1688948","fromID":"1283769","toID":"1144386","formEdgeID":null},{"edgeID":"1688949","fromID":"1283768","toID":"1283770","formEdgeID":null},{"edgeID":"1688950","fromID":"1283770","toID":"1283769","formEdgeID":null},{"edgeID":"1688951","fromID":"1283772","toID":"1283771","formEdgeID":null},{"edgeID":"1688952","fromID":"1283773","toID":"1283772","formEdgeID":null},{"edgeID":"1688953","fromID":"1283771","toID":"1283774","formEdgeID":null},{"edgeID":"1688954","fromID":"1283774","toID":"1144402","formEdgeID":null},{"edgeID":"1688955","fromID":"1283762","toID":"1283775","formEdgeID":null},{"edgeID":"1688956","fromID":"1283775","toID":"1283771","formEdgeID":null},{"edgeID":"1688957","fromID":"1283777","toID":"1283776","formEdgeID":null},{"edgeID":"1688958","fromID":"1283778","toID":"1283777","formEdgeID":null},{"edgeID":"1688959","fromID":"1283776","toID":"1283779","formEdgeID":null},{"edgeID":"1688960","fromID":"1283779","toID":"1144408","formEdgeID":null},{"edgeID":"1688961","fromID":"1283771","toID":"1283780","formEdgeID":null},{"edgeID":"1688962","fromID":"1283780","toID":"1283776","formEdgeID":null},{"edgeID":"1688963","fromID":"1283782","toID":"1283781","formEdgeID":null},{"edgeID":"1688964","fromID":"1283783","toID":"1283782","formEdgeID":null},{"edgeID":"1688965","fromID":"1283781","toID":"1283784","formEdgeID":null},{"edgeID":"1688966","fromID":"1283784","toID":"1144414","formEdgeID":null},{"edgeID":"1688967","fromID":"1283776","toID":"1283785","formEdgeID":null},{"edgeID":"1688968","fromID":"1283785","toID":"1283781","formEdgeID":null},{"edgeID":"1688969","fromID":"1283787","toID":"1283786","formEdgeID":null},{"edgeID":"1688970","fromID":"1283788","toID":"1283787","formEdgeID":null},{"edgeID":"1688971","fromID":"1283786","toID":"1283789","formEdgeID":null},{"edgeID":"1688972","fromID":"1283789","toID":"1144420","formEdgeID":null},{"edgeID":"1688973","fromID":"1283781","toID":"1283790","formEdgeID":null},{"edgeID":"1688974","fromID":"1283790","toID":"1283786","formEdgeID":null},{"edgeID":"1688975","fromID":"1283792","toID":"1283791","formEdgeID":null},{"edgeID":"1688976","fromID":"1283793","toID":"1283792","formEdgeID":null},{"edgeID":"1688977","fromID":"1283791","toID":"1283794","formEdgeID":null},{"edgeID":"1688978","fromID":"1283794","toID":"1144426","formEdgeID":null},{"edgeID":"1688979","fromID":"1283786","toID":"1283795","formEdgeID":null},{"edgeID":"1688980","fromID":"1283795","toID":"1283791","formEdgeID":null},{"edgeID":"1688981","fromID":"1144426","toID":"1283796","formEdgeID":null},{"edgeID":"1688982","fromID":"1283796","toID":"1144420","formEdgeID":null},{"edgeID":"1688983","fromID":"1283795","toID":"1283797","formEdgeID":null},{"edgeID":"1688984","fromID":"1283797","toID":"1283796","formEdgeID":null},{"edgeID":"1688985","fromID":"1283799","toID":"1283798","formEdgeID":null},{"edgeID":"1688986","fromID":"1283800","toID":"1283799","formEdgeID":null},{"edgeID":"1688987","fromID":"1283798","toID":"1283801","formEdgeID":null},{"edgeID":"1688988","fromID":"1283801","toID":"1144434","formEdgeID":null},{"edgeID":"1688989","fromID":"1283791","toID":"1283802","formEdgeID":null},{"edgeID":"1688990","fromID":"1283802","toID":"1283798","formEdgeID":null},{"edgeID":"1688991","fromID":"1283804","toID":"1283803","formEdgeID":null},{"edgeID":"1688992","fromID":"1283805","toID":"1283804","formEdgeID":null},{"edgeID":"1688993","fromID":"1283803","toID":"1283806","formEdgeID":null},{"edgeID":"1688994","fromID":"1283806","toID":"1144440","formEdgeID":null},{"edgeID":"1688995","fromID":"1283808","toID":"1283807","formEdgeID":null},{"edgeID":"1688996","fromID":"1283809","toID":"1283808","formEdgeID":null},{"edgeID":"1688997","fromID":"1283807","toID":"1283810","formEdgeID":null},{"edgeID":"1688998","fromID":"1283810","toID":"1144445","formEdgeID":null},{"edgeID":"1688999","fromID":"1283803","toID":"1283811","formEdgeID":null},{"edgeID":"1689000","fromID":"1283811","toID":"1283807","formEdgeID":null},{"edgeID":"1689001","fromID":"1144420","toID":"1283812","formEdgeID":null},{"edgeID":"1689002","fromID":"1283812","toID":"1144414","formEdgeID":null},{"edgeID":"1689003","fromID":"1283790","toID":"1283813","formEdgeID":null},{"edgeID":"1689004","fromID":"1283813","toID":"1283812","formEdgeID":null},{"edgeID":"1689005","fromID":"1144440","toID":"1283814","formEdgeID":null},{"edgeID":"1689006","fromID":"1283814","toID":"1144402","formEdgeID":null},{"edgeID":"1689007","fromID":"1283771","toID":"1283815","formEdgeID":null},{"edgeID":"1689008","fromID":"1283815","toID":"1283803","formEdgeID":null},{"edgeID":"1689009","fromID":"1283815","toID":"1283816","formEdgeID":null},{"edgeID":"1689010","fromID":"1283816","toID":"1283814","formEdgeID":null},{"edgeID":"1689011","fromID":"1144434","toID":"1283817","formEdgeID":null},{"edgeID":"1689012","fromID":"1283817","toID":"1144426","formEdgeID":null},{"edgeID":"1689013","fromID":"1283802","toID":"1283818","formEdgeID":null},{"edgeID":"1689014","fromID":"1283818","toID":"1283817","formEdgeID":null}],"locutions":[]}