{"nodes":[{"nodeID":"898950","text":"we aren't asking the question what rights do individuals have","type":"I","timestamp":"2022-02-10 21:18:17"},{"nodeID":"898957","text":"there's misinformation about blood clots, and other side effects","type":"I","timestamp":"2022-02-10 21:18:19"},{"nodeID":"898969","text":"for young healthy people, AudienceMember 20220210QT17 thinks there's a fairly reasonable argument to say that the side effects or potential side effects are worse than the possibility of harm from the disease","type":"I","timestamp":"2022-02-10 21:18:23"},{"nodeID":"898975","text":"the truth is this vaccine does have some fairly horrific side effects, and we are operating with incomplete data","type":"I","timestamp":"2022-02-10 21:18:25"},{"nodeID":"898986","text":"we don't know how widespread the vaccine's side effects are","type":"I","timestamp":"2022-02-10 21:18:29"},{"nodeID":"898991","text":"there are far more cases of adverse reactions from this vaccine than the swine flu vaccine","type":"I","timestamp":"2022-02-10 21:18:31"},{"nodeID":"899000","text":"that duty of care first of all is to do no harm","type":"I","timestamp":"2022-02-10 21:18:35"},{"nodeID":"1138804","text":"Robin Shattock would like to start first with differentiating vaccines for healthcare workers, and vaccines for the general population","type":"I","timestamp":"2023-04-05 20:11:08"},{"nodeID":"1284528","text":"AudienceMember 20220210QT17: We aren't asking the question what rights do individuals have","type":"L","timestamp":"2023-11-09 12:33:31"},{"nodeID":"1284529","text":"Analysing","type":"YA","timestamp":"2023-11-09 12:33:31"},{"nodeID":"1284530","text":"Anna : AudienceMember 20220210QT17: We aren't asking the question what rights do individuals have","type":"L","timestamp":"2023-11-09 12:33:31"},{"nodeID":"1284531","text":"Asserting","type":"YA","timestamp":"2023-11-09 12:33:31"},{"nodeID":"1284532","text":"AudienceMember 20220210QT17: In terms of misinformation, this lady says for example, I don't know, there's misinformation about blood clots, and other side effects.","type":"L","timestamp":"2023-11-09 12:33:32"},{"nodeID":"1284533","text":"Analysing","type":"YA","timestamp":"2023-11-09 12:33:32"},{"nodeID":"1284534","text":"Anna : AudienceMember 20220210QT17: In terms of misinformation, this lady says for example, I don't know, there's misinformation about blood clots, and other side effects.","type":"L","timestamp":"2023-11-09 12:33:32"},{"nodeID":"1284535","text":"Unknown Speaker: there's misinformation about blood clots, and other side effects","type":"L","timestamp":"2023-11-09 12:33:32"},{"nodeID":"1284536","text":"Analysing","type":"YA","timestamp":"2023-11-09 12:33:32"},{"nodeID":"1284537","text":"Anna : Unknown Speaker: In terms of misinformation, this lady says for example, I don't know, there's misinformation about blood clots, and other side effects.","type":"L","timestamp":"2023-11-09 12:33:32"},{"nodeID":"1284538","text":"Asserting","type":"YA","timestamp":"2023-11-09 12:33:32"},{"nodeID":"1284539","text":"Default Illocuting","type":"YA","timestamp":"2023-11-09 12:33:32"},{"nodeID":"1284540","text":"AudienceMember 20220210QT17: But the truth is this vaccine does have some fairly horrific side effects, and we are operating with incomplete data","type":"L","timestamp":"2023-11-09 12:33:32"},{"nodeID":"1284541","text":"Analysing","type":"YA","timestamp":"2023-11-09 12:33:32"},{"nodeID":"1284542","text":"Anna : AudienceMember 20220210QT17: But the truth is this vaccine does have some fairly horrific side effects, and we are operating with incomplete data","type":"L","timestamp":"2023-11-09 12:33:32"},{"nodeID":"1284543","text":"Asserting","type":"YA","timestamp":"2023-11-09 12:33:32"},{"nodeID":"1284544","text":"AudienceMember 20220210QT17: We don't know how widespread those are","type":"L","timestamp":"2023-11-09 12:33:33"},{"nodeID":"1284545","text":"Analysing","type":"YA","timestamp":"2023-11-09 12:33:33"},{"nodeID":"1284546","text":"Anna : AudienceMember 20220210QT17: We don't know how widespread those are","type":"L","timestamp":"2023-11-09 12:33:33"},{"nodeID":"1284547","text":"Asserting","type":"YA","timestamp":"2023-11-09 12:33:33"},{"nodeID":"1284548","text":"AudienceMember 20220210QT17: but for young healthy people, I think there's a fairly reasonable argument to say that the side effects or potential side effects are worse than the possibility of harm from the disease","type":"L","timestamp":"2023-11-09 12:33:33"},{"nodeID":"1284549","text":"Analysing","type":"YA","timestamp":"2023-11-09 12:33:33"},{"nodeID":"1284550","text":"Anna : AudienceMember 20220210QT17: but for young healthy people, I think there's a fairly reasonable argument to say that the side effects or potential side effects are worse than the possibility of harm from the disease","type":"L","timestamp":"2023-11-09 12:33:33"},{"nodeID":"1284551","text":"Asserting","type":"YA","timestamp":"2023-11-09 12:33:33"},{"nodeID":"1284552","text":"the swine flu vaccine was recalled after 800 cases of narcolepsy in children","type":"I","timestamp":"2023-11-09 12:33:34"},{"nodeID":"1284553","text":"AudienceMember 20220210QT17: and the swine flu vaccine was recalled after 800 cases I believe of narcolepsy in children","type":"L","timestamp":"2023-11-09 12:33:34"},{"nodeID":"1284554","text":"Analysing","type":"YA","timestamp":"2023-11-09 12:33:34"},{"nodeID":"1284555","text":"Anna : AudienceMember 20220210QT17: and the swine flu vaccine was recalled after 800 cases I believe of narcolepsy in children","type":"L","timestamp":"2023-11-09 12:33:34"},{"nodeID":"1284556","text":"Asserting","type":"YA","timestamp":"2023-11-09 12:33:34"},{"nodeID":"1284557","text":"AudienceMember 20220210QT17: There are far more cases of adverse reactions from this vaccine than the swine flu vaccine","type":"L","timestamp":"2023-11-09 12:33:35"},{"nodeID":"1284558","text":"Analysing","type":"YA","timestamp":"2023-11-09 12:33:35"},{"nodeID":"1284559","text":"Anna : AudienceMember 20220210QT17: There are far more cases of adverse reactions from this vaccine than the swine flu vaccine","type":"L","timestamp":"2023-11-09 12:33:35"},{"nodeID":"1284560","text":"Asserting","type":"YA","timestamp":"2023-11-09 12:33:35"},{"nodeID":"1284561","text":"AudienceMember 20220210QT17 doesn't feel like there's an open conversation about the side effects","type":"I","timestamp":"2023-11-09 12:33:35"},{"nodeID":"1284562","text":"AudienceMember 20220210QT17: Yet I don't feel like there's an open conversation about the side effects","type":"L","timestamp":"2023-11-09 12:33:35"},{"nodeID":"1284563","text":"Analysing","type":"YA","timestamp":"2023-11-09 12:33:35"},{"nodeID":"1284564","text":"Anna : AudienceMember 20220210QT17: Yet I don't feel like there's an open conversation about the side effects","type":"L","timestamp":"2023-11-09 12:33:35"},{"nodeID":"1284565","text":"Asserting","type":"YA","timestamp":"2023-11-09 12:33:35"},{"nodeID":"1284566","text":"AudienceMember 20220210QT17 doesn't feel like there's an open conversation about the potential risks especially to young people, and for children","type":"I","timestamp":"2023-11-09 12:33:36"},{"nodeID":"1284567","text":"AudienceMember 20220210QT17: the potential risks especially to young people, and for children","type":"L","timestamp":"2023-11-09 12:33:36"},{"nodeID":"1284568","text":"Analysing","type":"YA","timestamp":"2023-11-09 12:33:36"},{"nodeID":"1284569","text":"Anna : AudienceMember 20220210QT17: the potential risks especially to young people, and for children","type":"L","timestamp":"2023-11-09 12:33:36"},{"nodeID":"1284570","text":"Asserting","type":"YA","timestamp":"2023-11-09 12:33:36"},{"nodeID":"1284571","text":"Robin Shattock: I would like to start first with differentiating vaccines for healthcare workers, and vaccines for the general population","type":"L","timestamp":"2023-11-09 12:33:36"},{"nodeID":"1284572","text":"Analysing","type":"YA","timestamp":"2023-11-09 12:33:36"},{"nodeID":"1284573","text":"Anna : Robin Shattock: I would like to start first with differentiating vaccines for healthcare workers, and vaccines for the general population","type":"L","timestamp":"2023-11-09 12:33:36"},{"nodeID":"1284574","text":"Asserting","type":"YA","timestamp":"2023-11-09 12:33:36"},{"nodeID":"1284575","text":"Robin Shattock thinks vaccines for healthcare workers and for the general public are two different issues","type":"I","timestamp":"2023-11-09 12:33:37"},{"nodeID":"1284576","text":"Robin Shattock: I think they are two different issues","type":"L","timestamp":"2023-11-09 12:33:37"},{"nodeID":"1284577","text":"Analysing","type":"YA","timestamp":"2023-11-09 12:33:37"},{"nodeID":"1284578","text":"Anna : Robin Shattock: I think they are two different issues","type":"L","timestamp":"2023-11-09 12:33:37"},{"nodeID":"1284579","text":"Asserting","type":"YA","timestamp":"2023-11-09 12:33:37"},{"nodeID":"1284580","text":"when we talk about healthcare staff, Robin Shattock thinks everybody who works in the health system has a duty of care","type":"I","timestamp":"2023-11-09 12:33:38"},{"nodeID":"1284581","text":"Robin Shattock: When we talk about healthcare staff, I think everybody who works in the health system has a duty of care","type":"L","timestamp":"2023-11-09 12:33:38"},{"nodeID":"1284582","text":"Analysing","type":"YA","timestamp":"2023-11-09 12:33:38"},{"nodeID":"1284583","text":"Anna : Robin Shattock: When we talk about healthcare staff, I think everybody who works in the health system has a duty of care","type":"L","timestamp":"2023-11-09 12:33:38"},{"nodeID":"1284584","text":"Asserting","type":"YA","timestamp":"2023-11-09 12:33:38"},{"nodeID":"1284585","text":"Robin Shattock: That duty of care first of all is to do no harm","type":"L","timestamp":"2023-11-09 12:33:38"},{"nodeID":"1284586","text":"Analysing","type":"YA","timestamp":"2023-11-09 12:33:38"},{"nodeID":"1284587","text":"Anna : Robin Shattock: That duty of care first of all is to do no harm","type":"L","timestamp":"2023-11-09 12:33:38"},{"nodeID":"1284588","text":"Asserting","type":"YA","timestamp":"2023-11-09 12:33:38"},{"nodeID":"1284589","text":"Default Transition","type":"TA","timestamp":"2023-11-09 12:33:38"},{"nodeID":"1284590","text":"Default Transition","type":"TA","timestamp":"2023-11-09 12:33:38"},{"nodeID":"1284591","text":"Default Conflict","type":"CA","timestamp":"2023-11-09 12:33:38"},{"nodeID":"1284592","text":"Disagreeing","type":"YA","timestamp":"2023-11-09 12:33:38"},{"nodeID":"1284593","text":"Default Rephrase","type":"MA","timestamp":"2023-11-09 12:33:38"},{"nodeID":"1284594","text":"Default Transition","type":"TA","timestamp":"2023-11-09 12:33:38"},{"nodeID":"1284595","text":"Default Inference","type":"RA","timestamp":"2023-11-09 12:33:38"},{"nodeID":"1284596","text":"Default Transition","type":"TA","timestamp":"2023-11-09 12:33:38"},{"nodeID":"1284597","text":"Arguing","type":"YA","timestamp":"2023-11-09 12:33:38"},{"nodeID":"1284598","text":"Default Transition","type":"TA","timestamp":"2023-11-09 12:33:38"},{"nodeID":"1284599","text":"Default Inference","type":"RA","timestamp":"2023-11-09 12:33:38"},{"nodeID":"1284600","text":"Arguing","type":"YA","timestamp":"2023-11-09 12:33:38"},{"nodeID":"1284601","text":"Default Transition","type":"TA","timestamp":"2023-11-09 12:33:38"},{"nodeID":"1284602","text":"Default Rephrase","type":"MA","timestamp":"2023-11-09 12:33:38"},{"nodeID":"1284603","text":"Restating","type":"YA","timestamp":"2023-11-09 12:33:38"},{"nodeID":"1284604","text":"Default Transition","type":"TA","timestamp":"2023-11-09 12:33:38"},{"nodeID":"1284605","text":"Default Inference","type":"RA","timestamp":"2023-11-09 12:33:38"},{"nodeID":"1284606","text":"Default Transition","type":"TA","timestamp":"2023-11-09 12:33:38"},{"nodeID":"1284607","text":"Arguing","type":"YA","timestamp":"2023-11-09 12:33:38"},{"nodeID":"1284608","text":"Default Transition","type":"TA","timestamp":"2023-11-09 12:33:38"},{"nodeID":"1284609","text":"Default Rephrase","type":"MA","timestamp":"2023-11-09 12:33:38"},{"nodeID":"1284610","text":"Default Transition","type":"TA","timestamp":"2023-11-09 12:33:38"},{"nodeID":"1284611","text":"Restating","type":"YA","timestamp":"2023-11-09 12:33:38"},{"nodeID":"1284612","text":"Default Inference","type":"RA","timestamp":"2023-11-09 12:33:38"},{"nodeID":"1284613","text":"Default Transition","type":"TA","timestamp":"2023-11-09 12:33:38"},{"nodeID":"1284614","text":"Restating","type":"YA","timestamp":"2023-11-09 12:33:38"},{"nodeID":"1284615","text":"Default Transition","type":"TA","timestamp":"2023-11-09 12:33:38"},{"nodeID":"1284616","text":"Arguing","type":"YA","timestamp":"2023-11-09 12:33:38"}],"edges":[{"edgeID":"1689898","fromID":"1284529","toID":"1284528","formEdgeID":null},{"edgeID":"1689899","fromID":"1284530","toID":"1284529","formEdgeID":null},{"edgeID":"1689900","fromID":"1284528","toID":"1284531","formEdgeID":null},{"edgeID":"1689901","fromID":"1284531","toID":"898950","formEdgeID":null},{"edgeID":"1689902","fromID":"1284533","toID":"1284532","formEdgeID":null},{"edgeID":"1689903","fromID":"1284534","toID":"1284533","formEdgeID":null},{"edgeID":"1689904","fromID":"1284536","toID":"1284535","formEdgeID":null},{"edgeID":"1689905","fromID":"1284537","toID":"1284536","formEdgeID":null},{"edgeID":"1689906","fromID":"1284535","toID":"1284538","formEdgeID":null},{"edgeID":"1689907","fromID":"1284538","toID":"898957","formEdgeID":null},{"edgeID":"1689908","fromID":"1284532","toID":"1284539","formEdgeID":null},{"edgeID":"1689909","fromID":"1284539","toID":"1284535","formEdgeID":null},{"edgeID":"1689910","fromID":"1284541","toID":"1284540","formEdgeID":null},{"edgeID":"1689911","fromID":"1284542","toID":"1284541","formEdgeID":null},{"edgeID":"1689912","fromID":"1284540","toID":"1284543","formEdgeID":null},{"edgeID":"1689913","fromID":"1284543","toID":"898975","formEdgeID":null},{"edgeID":"1689914","fromID":"1284545","toID":"1284544","formEdgeID":null},{"edgeID":"1689915","fromID":"1284546","toID":"1284545","formEdgeID":null},{"edgeID":"1689916","fromID":"1284544","toID":"1284547","formEdgeID":null},{"edgeID":"1689917","fromID":"1284547","toID":"898986","formEdgeID":null},{"edgeID":"1689918","fromID":"1284549","toID":"1284548","formEdgeID":null},{"edgeID":"1689919","fromID":"1284550","toID":"1284549","formEdgeID":null},{"edgeID":"1689920","fromID":"1284548","toID":"1284551","formEdgeID":null},{"edgeID":"1689921","fromID":"1284551","toID":"898969","formEdgeID":null},{"edgeID":"1689922","fromID":"1284554","toID":"1284553","formEdgeID":null},{"edgeID":"1689923","fromID":"1284555","toID":"1284554","formEdgeID":null},{"edgeID":"1689924","fromID":"1284553","toID":"1284556","formEdgeID":null},{"edgeID":"1689925","fromID":"1284556","toID":"1284552","formEdgeID":null},{"edgeID":"1689926","fromID":"1284558","toID":"1284557","formEdgeID":null},{"edgeID":"1689927","fromID":"1284559","toID":"1284558","formEdgeID":null},{"edgeID":"1689928","fromID":"1284557","toID":"1284560","formEdgeID":null},{"edgeID":"1689929","fromID":"1284560","toID":"898991","formEdgeID":null},{"edgeID":"1689930","fromID":"1284563","toID":"1284562","formEdgeID":null},{"edgeID":"1689931","fromID":"1284564","toID":"1284563","formEdgeID":null},{"edgeID":"1689932","fromID":"1284562","toID":"1284565","formEdgeID":null},{"edgeID":"1689933","fromID":"1284565","toID":"1284561","formEdgeID":null},{"edgeID":"1689934","fromID":"1284568","toID":"1284567","formEdgeID":null},{"edgeID":"1689935","fromID":"1284569","toID":"1284568","formEdgeID":null},{"edgeID":"1689936","fromID":"1284567","toID":"1284570","formEdgeID":null},{"edgeID":"1689937","fromID":"1284570","toID":"1284566","formEdgeID":null},{"edgeID":"1689938","fromID":"1284572","toID":"1284571","formEdgeID":null},{"edgeID":"1689939","fromID":"1284573","toID":"1284572","formEdgeID":null},{"edgeID":"1689940","fromID":"1284571","toID":"1284574","formEdgeID":null},{"edgeID":"1689941","fromID":"1284574","toID":"1138804","formEdgeID":null},{"edgeID":"1689942","fromID":"1284577","toID":"1284576","formEdgeID":null},{"edgeID":"1689943","fromID":"1284578","toID":"1284577","formEdgeID":null},{"edgeID":"1689944","fromID":"1284576","toID":"1284579","formEdgeID":null},{"edgeID":"1689945","fromID":"1284579","toID":"1284575","formEdgeID":null},{"edgeID":"1689946","fromID":"1284582","toID":"1284581","formEdgeID":null},{"edgeID":"1689947","fromID":"1284583","toID":"1284582","formEdgeID":null},{"edgeID":"1689948","fromID":"1284581","toID":"1284584","formEdgeID":null},{"edgeID":"1689949","fromID":"1284584","toID":"1284580","formEdgeID":null},{"edgeID":"1689950","fromID":"1284586","toID":"1284585","formEdgeID":null},{"edgeID":"1689951","fromID":"1284587","toID":"1284586","formEdgeID":null},{"edgeID":"1689952","fromID":"1284585","toID":"1284588","formEdgeID":null},{"edgeID":"1689953","fromID":"1284588","toID":"899000","formEdgeID":null},{"edgeID":"1689954","fromID":"1284528","toID":"1284589","formEdgeID":null},{"edgeID":"1689955","fromID":"1284589","toID":"1284532","formEdgeID":null},{"edgeID":"1689956","fromID":"1284532","toID":"1284590","formEdgeID":null},{"edgeID":"1689957","fromID":"1284590","toID":"1284540","formEdgeID":null},{"edgeID":"1689958","fromID":"898975","toID":"1284591","formEdgeID":null},{"edgeID":"1689959","fromID":"1284591","toID":"898957","formEdgeID":null},{"edgeID":"1689960","fromID":"1284590","toID":"1284592","formEdgeID":null},{"edgeID":"1689961","fromID":"1284592","toID":"1284591","formEdgeID":null},{"edgeID":"1689962","fromID":"898986","toID":"1284593","formEdgeID":null},{"edgeID":"1689963","fromID":"1284593","toID":"898975","formEdgeID":null},{"edgeID":"1689964","fromID":"1284548","toID":"1284594","formEdgeID":null},{"edgeID":"1689965","fromID":"1284594","toID":"1284553","formEdgeID":null},{"edgeID":"1689966","fromID":"1284552","toID":"1284595","formEdgeID":null},{"edgeID":"1689967","fromID":"1284595","toID":"898991","formEdgeID":null},{"edgeID":"1689968","fromID":"1284553","toID":"1284596","formEdgeID":null},{"edgeID":"1689969","fromID":"1284596","toID":"1284557","formEdgeID":null},{"edgeID":"1689970","fromID":"1284596","toID":"1284597","formEdgeID":null},{"edgeID":"1689971","fromID":"1284597","toID":"1284595","formEdgeID":null},{"edgeID":"1689972","fromID":"1284557","toID":"1284598","formEdgeID":null},{"edgeID":"1689973","fromID":"1284598","toID":"1284562","formEdgeID":null},{"edgeID":"1689974","fromID":"1284561","toID":"1284599","formEdgeID":null},{"edgeID":"1689975","fromID":"1284599","toID":"898991","formEdgeID":null},{"edgeID":"1689976","fromID":"1284598","toID":"1284600","formEdgeID":null},{"edgeID":"1689977","fromID":"1284600","toID":"1284599","formEdgeID":null},{"edgeID":"1689978","fromID":"1284562","toID":"1284601","formEdgeID":null},{"edgeID":"1689979","fromID":"1284601","toID":"1284567","formEdgeID":null},{"edgeID":"1689980","fromID":"1284566","toID":"1284602","formEdgeID":null},{"edgeID":"1689981","fromID":"1284602","toID":"1284561","formEdgeID":null},{"edgeID":"1689982","fromID":"1284601","toID":"1284603","formEdgeID":null},{"edgeID":"1689983","fromID":"1284603","toID":"1284602","formEdgeID":null},{"edgeID":"1689984","fromID":"1284567","toID":"1284604","formEdgeID":null},{"edgeID":"1689985","fromID":"1284604","toID":"1284571","formEdgeID":null},{"edgeID":"1689986","fromID":"1284575","toID":"1284605","formEdgeID":null},{"edgeID":"1689987","fromID":"1284605","toID":"1138804","formEdgeID":null},{"edgeID":"1689988","fromID":"1284571","toID":"1284606","formEdgeID":null},{"edgeID":"1689989","fromID":"1284606","toID":"1284576","formEdgeID":null},{"edgeID":"1689990","fromID":"1284606","toID":"1284607","formEdgeID":null},{"edgeID":"1689991","fromID":"1284607","toID":"1284605","formEdgeID":null},{"edgeID":"1689992","fromID":"1284576","toID":"1284608","formEdgeID":null},{"edgeID":"1689993","fromID":"1284608","toID":"1284581","formEdgeID":null},{"edgeID":"1689994","fromID":"899000","toID":"1284609","formEdgeID":null},{"edgeID":"1689995","fromID":"1284609","toID":"1284580","formEdgeID":null},{"edgeID":"1689996","fromID":"1284581","toID":"1284610","formEdgeID":null},{"edgeID":"1689997","fromID":"1284610","toID":"1284585","formEdgeID":null},{"edgeID":"1689998","fromID":"1284610","toID":"1284611","formEdgeID":null},{"edgeID":"1689999","fromID":"1284611","toID":"1284609","formEdgeID":null},{"edgeID":"1690000","fromID":"898975","toID":"1284612","formEdgeID":null},{"edgeID":"1690001","fromID":"1284612","toID":"898969","formEdgeID":null},{"edgeID":"1690002","fromID":"1284540","toID":"1284613","formEdgeID":null},{"edgeID":"1690003","fromID":"1284613","toID":"1284544","formEdgeID":null},{"edgeID":"1690004","fromID":"1284613","toID":"1284614","formEdgeID":null},{"edgeID":"1690005","fromID":"1284614","toID":"1284593","formEdgeID":null},{"edgeID":"1690006","fromID":"1284540","toID":"1284615","formEdgeID":null},{"edgeID":"1690007","fromID":"1284615","toID":"1284548","formEdgeID":null},{"edgeID":"1690008","fromID":"1284615","toID":"1284616","formEdgeID":null},{"edgeID":"1690009","fromID":"1284616","toID":"1284612","formEdgeID":null}],"locutions":[]}