{"nodes":[{"nodeID":"658999","text":"that's the problem","type":"I","timestamp":"2021-02-18 20:42:03"},{"nodeID":"899170","text":"Boris Johnson got Brexit done","type":"I","timestamp":"2022-02-10 21:19:38"},{"nodeID":"899177","text":"people's anger and frustration is because of the moral vacuum","type":"I","timestamp":"2022-02-10 21:19:41"},{"nodeID":"1154988","text":"people might not entirely trust Boris Johnson but he gets stuff done","type":"I","timestamp":"2023-04-21 13:42:18"},{"nodeID":"1154995","text":"Boris Johnson got the vaccine done","type":"I","timestamp":"2023-04-21 13:42:23"},{"nodeID":"1155000","text":"people would like to see if Boris Johnson can do levelling up and how much he can achieve","type":"I","timestamp":"2023-04-21 13:42:25"},{"nodeID":"1155012","text":"Boris Johnson made some decisions but the NHS got the vaccine done","type":"I","timestamp":"2023-04-21 13:42:27"},{"nodeID":"1155020","text":"credit where credit is due","type":"I","timestamp":"2023-04-21 13:42:30"},{"nodeID":"1155028","text":"two wrongs don't make a right","type":"I","timestamp":"2023-04-21 13:42:32"},{"nodeID":"1155033","text":"we need to deal with the situation that's facing us","type":"I","timestamp":"2023-04-21 13:42:35"},{"nodeID":"1155045","text":"the problem is we have got this Prime Minister not the last Prime Ministers","type":"I","timestamp":"2023-04-21 13:42:41"},{"nodeID":"1155059","text":"we might end up talking about Boris Johnson on other programmes as well","type":"I","timestamp":"2023-04-21 13:42:44"},{"nodeID":"1155065","text":"what do you think","type":"I","timestamp":"2023-04-21 13:42:46"},{"nodeID":"1287939","text":"Tim Stanley: they might not entirely trust Boris Johnson but he gets stuff done","type":"L","timestamp":"2023-11-09 12:38:33"},{"nodeID":"1287940","text":"Analysing","type":"YA","timestamp":"2023-11-09 12:38:33"},{"nodeID":"1287941","text":"Calum: Tim Stanley: they might not entirely trust Boris Johnson but he gets stuff done","type":"L","timestamp":"2023-11-09 12:38:33"},{"nodeID":"1287942","text":"Asserting","type":"YA","timestamp":"2023-11-09 12:38:33"},{"nodeID":"1287943","text":"Tim Stanley: He got Brexit done","type":"L","timestamp":"2023-11-09 12:38:34"},{"nodeID":"1287944","text":"Analysing","type":"YA","timestamp":"2023-11-09 12:38:34"},{"nodeID":"1287945","text":"Calum: Tim Stanley: He got Brexit done","type":"L","timestamp":"2023-11-09 12:38:34"},{"nodeID":"1287946","text":"Asserting","type":"YA","timestamp":"2023-11-09 12:38:34"},{"nodeID":"1287947","text":"Tim Stanley: the vaccine done","type":"L","timestamp":"2023-11-09 12:38:34"},{"nodeID":"1287948","text":"Analysing","type":"YA","timestamp":"2023-11-09 12:38:34"},{"nodeID":"1287949","text":"Calum: Tim Stanley: the vaccine done","type":"L","timestamp":"2023-11-09 12:38:34"},{"nodeID":"1287950","text":"Asserting","type":"YA","timestamp":"2023-11-09 12:38:34"},{"nodeID":"1287951","text":"Tim Stanley: They would like to see if he can do levelling up and how much he can achieve","type":"L","timestamp":"2023-11-09 12:38:35"},{"nodeID":"1287952","text":"Analysing","type":"YA","timestamp":"2023-11-09 12:38:35"},{"nodeID":"1287953","text":"Calum: Tim Stanley: They would like to see if he can do levelling up and how much he can achieve","type":"L","timestamp":"2023-11-09 12:38:35"},{"nodeID":"1287954","text":"Asserting","type":"YA","timestamp":"2023-11-09 12:38:35"},{"nodeID":"1287955","text":"Default Inference","type":"RA","timestamp":"2023-11-09 12:38:35"},{"nodeID":"1287956","text":"Default Transition","type":"TA","timestamp":"2023-11-09 12:38:35"},{"nodeID":"1287957","text":"Default Transition","type":"TA","timestamp":"2023-11-09 12:38:35"},{"nodeID":"1287958","text":"Arguing","type":"YA","timestamp":"2023-11-09 12:38:35"},{"nodeID":"1287959","text":"Default Inference","type":"RA","timestamp":"2023-11-09 12:38:35"},{"nodeID":"1287960","text":"Default Transition","type":"TA","timestamp":"2023-11-09 12:38:35"},{"nodeID":"1287961","text":"Arguing","type":"YA","timestamp":"2023-11-09 12:38:35"},{"nodeID":"1287962","text":"Victor Adebowale: he made some decisions but the NHS got the vaccine done","type":"L","timestamp":"2023-11-09 12:38:36"},{"nodeID":"1287963","text":"Analysing","type":"YA","timestamp":"2023-11-09 12:38:36"},{"nodeID":"1287964","text":"Calum: Victor Adebowale: he made some decisions but the NHS got the vaccine done","type":"L","timestamp":"2023-11-09 12:38:36"},{"nodeID":"1287965","text":"Asserting","type":"YA","timestamp":"2023-11-09 12:38:36"},{"nodeID":"1287966","text":"Default Transition","type":"TA","timestamp":"2023-11-09 12:38:36"},{"nodeID":"1287967","text":"Default Conflict","type":"CA","timestamp":"2023-11-09 12:38:36"},{"nodeID":"1287968","text":"Disagreeing","type":"YA","timestamp":"2023-11-09 12:38:36"},{"nodeID":"1287969","text":"Victor Adebowale: credit where credit is due","type":"L","timestamp":"2023-11-09 12:38:36"},{"nodeID":"1287970","text":"Analysing","type":"YA","timestamp":"2023-11-09 12:38:36"},{"nodeID":"1287971","text":"Calum: Victor Adebowale: credit where credit is due","type":"L","timestamp":"2023-11-09 12:38:36"},{"nodeID":"1287972","text":"Asserting","type":"YA","timestamp":"2023-11-09 12:38:36"},{"nodeID":"1287973","text":"Default Rephrase","type":"MA","timestamp":"2023-11-09 12:38:36"},{"nodeID":"1287974","text":"Default Transition","type":"TA","timestamp":"2023-11-09 12:38:36"},{"nodeID":"1287975","text":"Restating","type":"YA","timestamp":"2023-11-09 12:38:36"},{"nodeID":"1287976","text":"Victor Adebowale: two wrongs don't make a right","type":"L","timestamp":"2023-11-09 12:38:37"},{"nodeID":"1287977","text":"Analysing","type":"YA","timestamp":"2023-11-09 12:38:37"},{"nodeID":"1287978","text":"Calum: Victor Adebowale: two wrongs don't make a right","type":"L","timestamp":"2023-11-09 12:38:37"},{"nodeID":"1287979","text":"Asserting","type":"YA","timestamp":"2023-11-09 12:38:37"},{"nodeID":"1287980","text":"Victor Adebowale: We need to deal with the situation that's facing us","type":"L","timestamp":"2023-11-09 12:38:37"},{"nodeID":"1287981","text":"Analysing","type":"YA","timestamp":"2023-11-09 12:38:37"},{"nodeID":"1287982","text":"Calum: Victor Adebowale: We need to deal with the situation that's facing us","type":"L","timestamp":"2023-11-09 12:38:37"},{"nodeID":"1287983","text":"Asserting","type":"YA","timestamp":"2023-11-09 12:38:37"},{"nodeID":"1287984","text":"Victor Adebowale: People's anger and frustration is because of the moral vacuum","type":"L","timestamp":"2023-11-09 12:38:38"},{"nodeID":"1287985","text":"Analysing","type":"YA","timestamp":"2023-11-09 12:38:38"},{"nodeID":"1287986","text":"Calum: Victor Adebowale: People's anger and frustration is because of the moral vacuum","type":"L","timestamp":"2023-11-09 12:38:38"},{"nodeID":"1287987","text":"Asserting","type":"YA","timestamp":"2023-11-09 12:38:38"},{"nodeID":"1287988","text":"Victor Adebowale: That's the problem","type":"L","timestamp":"2023-11-09 12:38:38"},{"nodeID":"1287989","text":"Analysing","type":"YA","timestamp":"2023-11-09 12:38:38"},{"nodeID":"1287990","text":"Calum: Victor Adebowale: That's the problem","type":"L","timestamp":"2023-11-09 12:38:38"},{"nodeID":"1287991","text":"Asserting","type":"YA","timestamp":"2023-11-09 12:38:38"},{"nodeID":"1287992","text":"Victor Adebowale: the problem is we have got this Prime Minister not the last Prime Ministers","type":"L","timestamp":"2023-11-09 12:38:39"},{"nodeID":"1287993","text":"Analysing","type":"YA","timestamp":"2023-11-09 12:38:39"},{"nodeID":"1287994","text":"Calum: Victor Adebowale: the problem is we have got this Prime Minister not the last Prime Ministers","type":"L","timestamp":"2023-11-09 12:38:39"},{"nodeID":"1287995","text":"Asserting","type":"YA","timestamp":"2023-11-09 12:38:39"},{"nodeID":"1287996","text":"Default Transition","type":"TA","timestamp":"2023-11-09 12:38:39"},{"nodeID":"1287997","text":"Default Transition","type":"TA","timestamp":"2023-11-09 12:38:39"},{"nodeID":"1287998","text":"Default Transition","type":"TA","timestamp":"2023-11-09 12:38:39"},{"nodeID":"1287999","text":"Default Transition","type":"TA","timestamp":"2023-11-09 12:38:39"},{"nodeID":"1288000","text":"Default Inference","type":"RA","timestamp":"2023-11-09 12:38:39"},{"nodeID":"1288001","text":"Arguing","type":"YA","timestamp":"2023-11-09 12:38:39"},{"nodeID":"1288002","text":"Default Transition","type":"TA","timestamp":"2023-11-09 12:38:39"},{"nodeID":"1288003","text":"Default Rephrase","type":"MA","timestamp":"2023-11-09 12:38:39"},{"nodeID":"1288004","text":"Restating","type":"YA","timestamp":"2023-11-09 12:38:39"},{"nodeID":"1288005","text":"Fiona Bruce:  we might end up talking about this on other programmes as well","type":"L","timestamp":"2023-11-09 12:38:39"},{"nodeID":"1288006","text":"Analysing","type":"YA","timestamp":"2023-11-09 12:38:39"},{"nodeID":"1288007","text":"Calum: Fiona Bruce:  we might end up talking about this on other programmes as well","type":"L","timestamp":"2023-11-09 12:38:39"},{"nodeID":"1288008","text":"Assertive Questioning","type":"YA","timestamp":"2023-11-09 12:38:39"},{"nodeID":"1288009","text":"Default Transition","type":"TA","timestamp":"2023-11-09 12:38:39"},{"nodeID":"1288010","text":"Fiona Bruce: What do you think","type":"L","timestamp":"2023-11-09 12:38:40"},{"nodeID":"1288011","text":"Analysing","type":"YA","timestamp":"2023-11-09 12:38:40"},{"nodeID":"1288012","text":"Calum: Fiona Bruce: What do you think","type":"L","timestamp":"2023-11-09 12:38:40"},{"nodeID":"1288013","text":"Rhetorical Questioning","type":"YA","timestamp":"2023-11-09 12:38:40"},{"nodeID":"1288014","text":"Default Transition","type":"TA","timestamp":"2023-11-09 12:38:40"}],"edges":[{"edgeID":"1694070","fromID":"1287940","toID":"1287939","formEdgeID":null},{"edgeID":"1694071","fromID":"1287941","toID":"1287940","formEdgeID":null},{"edgeID":"1694072","fromID":"1287939","toID":"1287942","formEdgeID":null},{"edgeID":"1694073","fromID":"1287942","toID":"1154988","formEdgeID":null},{"edgeID":"1694074","fromID":"1287944","toID":"1287943","formEdgeID":null},{"edgeID":"1694075","fromID":"1287945","toID":"1287944","formEdgeID":null},{"edgeID":"1694076","fromID":"1287943","toID":"1287946","formEdgeID":null},{"edgeID":"1694077","fromID":"1287946","toID":"899170","formEdgeID":null},{"edgeID":"1694078","fromID":"1287948","toID":"1287947","formEdgeID":null},{"edgeID":"1694079","fromID":"1287949","toID":"1287948","formEdgeID":null},{"edgeID":"1694080","fromID":"1287947","toID":"1287950","formEdgeID":null},{"edgeID":"1694081","fromID":"1287950","toID":"1154995","formEdgeID":null},{"edgeID":"1694082","fromID":"1287952","toID":"1287951","formEdgeID":null},{"edgeID":"1694083","fromID":"1287953","toID":"1287952","formEdgeID":null},{"edgeID":"1694084","fromID":"1287951","toID":"1287954","formEdgeID":null},{"edgeID":"1694085","fromID":"1287954","toID":"1155000","formEdgeID":null},{"edgeID":"1694086","fromID":"899170","toID":"1287955","formEdgeID":null},{"edgeID":"1694087","fromID":"1287955","toID":"1154988","formEdgeID":null},{"edgeID":"1694088","fromID":"1154995","toID":"1287955","formEdgeID":null},{"edgeID":"1694089","fromID":"1287939","toID":"1287956","formEdgeID":null},{"edgeID":"1694090","fromID":"1287956","toID":"1287943","formEdgeID":null},{"edgeID":"1694091","fromID":"1287939","toID":"1287957","formEdgeID":null},{"edgeID":"1694092","fromID":"1287957","toID":"1287947","formEdgeID":null},{"edgeID":"1694093","fromID":"1287957","toID":"1287958","formEdgeID":null},{"edgeID":"1694094","fromID":"1287958","toID":"1287955","formEdgeID":null},{"edgeID":"1694095","fromID":"1154988","toID":"1287959","formEdgeID":null},{"edgeID":"1694096","fromID":"1287959","toID":"1155000","formEdgeID":null},{"edgeID":"1694097","fromID":"1287939","toID":"1287960","formEdgeID":null},{"edgeID":"1694098","fromID":"1287960","toID":"1287951","formEdgeID":null},{"edgeID":"1694099","fromID":"1287960","toID":"1287961","formEdgeID":null},{"edgeID":"1694100","fromID":"1287961","toID":"1287959","formEdgeID":null},{"edgeID":"1694101","fromID":"1287963","toID":"1287962","formEdgeID":null},{"edgeID":"1694102","fromID":"1287964","toID":"1287963","formEdgeID":null},{"edgeID":"1694103","fromID":"1287962","toID":"1287965","formEdgeID":null},{"edgeID":"1694104","fromID":"1287965","toID":"1155012","formEdgeID":null},{"edgeID":"1694105","fromID":"1287947","toID":"1287966","formEdgeID":null},{"edgeID":"1694106","fromID":"1287966","toID":"1287962","formEdgeID":null},{"edgeID":"1694107","fromID":"1155012","toID":"1287967","formEdgeID":null},{"edgeID":"1694108","fromID":"1287967","toID":"1154995","formEdgeID":null},{"edgeID":"1694109","fromID":"1287966","toID":"1287968","formEdgeID":null},{"edgeID":"1694110","fromID":"1287968","toID":"1287967","formEdgeID":null},{"edgeID":"1694111","fromID":"1287970","toID":"1287969","formEdgeID":null},{"edgeID":"1694112","fromID":"1287971","toID":"1287970","formEdgeID":null},{"edgeID":"1694113","fromID":"1287969","toID":"1287972","formEdgeID":null},{"edgeID":"1694114","fromID":"1287972","toID":"1155020","formEdgeID":null},{"edgeID":"1694115","fromID":"1155020","toID":"1287973","formEdgeID":null},{"edgeID":"1694116","fromID":"1287973","toID":"1155012","formEdgeID":null},{"edgeID":"1694117","fromID":"1287962","toID":"1287974","formEdgeID":null},{"edgeID":"1694118","fromID":"1287974","toID":"1287969","formEdgeID":null},{"edgeID":"1694119","fromID":"1287974","toID":"1287975","formEdgeID":null},{"edgeID":"1694120","fromID":"1287975","toID":"1287973","formEdgeID":null},{"edgeID":"1694121","fromID":"1287977","toID":"1287976","formEdgeID":null},{"edgeID":"1694122","fromID":"1287978","toID":"1287977","formEdgeID":null},{"edgeID":"1694123","fromID":"1287976","toID":"1287979","formEdgeID":null},{"edgeID":"1694124","fromID":"1287979","toID":"1155028","formEdgeID":null},{"edgeID":"1694125","fromID":"1287981","toID":"1287980","formEdgeID":null},{"edgeID":"1694126","fromID":"1287982","toID":"1287981","formEdgeID":null},{"edgeID":"1694127","fromID":"1287980","toID":"1287983","formEdgeID":null},{"edgeID":"1694128","fromID":"1287983","toID":"1155033","formEdgeID":null},{"edgeID":"1694129","fromID":"1287985","toID":"1287984","formEdgeID":null},{"edgeID":"1694130","fromID":"1287986","toID":"1287985","formEdgeID":null},{"edgeID":"1694131","fromID":"1287984","toID":"1287987","formEdgeID":null},{"edgeID":"1694132","fromID":"1287987","toID":"899177","formEdgeID":null},{"edgeID":"1694133","fromID":"1287989","toID":"1287988","formEdgeID":null},{"edgeID":"1694134","fromID":"1287990","toID":"1287989","formEdgeID":null},{"edgeID":"1694135","fromID":"1287988","toID":"1287991","formEdgeID":null},{"edgeID":"1694136","fromID":"1287991","toID":"658999","formEdgeID":null},{"edgeID":"1694137","fromID":"1287993","toID":"1287992","formEdgeID":null},{"edgeID":"1694138","fromID":"1287994","toID":"1287993","formEdgeID":null},{"edgeID":"1694139","fromID":"1287992","toID":"1287995","formEdgeID":null},{"edgeID":"1694140","fromID":"1287995","toID":"1155045","formEdgeID":null},{"edgeID":"1694141","fromID":"1287969","toID":"1287996","formEdgeID":null},{"edgeID":"1694142","fromID":"1287996","toID":"1287992","formEdgeID":null},{"edgeID":"1694143","fromID":"1287992","toID":"1287997","formEdgeID":null},{"edgeID":"1694144","fromID":"1287997","toID":"1287976","formEdgeID":null},{"edgeID":"1694145","fromID":"1287992","toID":"1287998","formEdgeID":null},{"edgeID":"1694146","fromID":"1287998","toID":"1287980","formEdgeID":null},{"edgeID":"1694147","fromID":"1287992","toID":"1287999","formEdgeID":null},{"edgeID":"1694148","fromID":"1287999","toID":"1287984","formEdgeID":null},{"edgeID":"1694149","fromID":"1155028","toID":"1288000","formEdgeID":null},{"edgeID":"1694150","fromID":"1288000","toID":"1155045","formEdgeID":null},{"edgeID":"1694151","fromID":"1155033","toID":"1288000","formEdgeID":null},{"edgeID":"1694152","fromID":"899177","toID":"1288000","formEdgeID":null},{"edgeID":"1694153","fromID":"1287999","toID":"1288001","formEdgeID":null},{"edgeID":"1694154","fromID":"1288001","toID":"1288000","formEdgeID":null},{"edgeID":"1694155","fromID":"1287992","toID":"1288002","formEdgeID":null},{"edgeID":"1694156","fromID":"1288002","toID":"1287988","formEdgeID":null},{"edgeID":"1694157","fromID":"658999","toID":"1288003","formEdgeID":null},{"edgeID":"1694158","fromID":"1288003","toID":"1155045","formEdgeID":null},{"edgeID":"1694159","fromID":"1288002","toID":"1288004","formEdgeID":null},{"edgeID":"1694160","fromID":"1288004","toID":"1288003","formEdgeID":null},{"edgeID":"1694161","fromID":"1288006","toID":"1288005","formEdgeID":null},{"edgeID":"1694162","fromID":"1288007","toID":"1288006","formEdgeID":null},{"edgeID":"1694163","fromID":"1288005","toID":"1288008","formEdgeID":null},{"edgeID":"1694164","fromID":"1288008","toID":"1155059","formEdgeID":null},{"edgeID":"1694165","fromID":"1287988","toID":"1288009","formEdgeID":null},{"edgeID":"1694166","fromID":"1288009","toID":"1288005","formEdgeID":null},{"edgeID":"1694167","fromID":"1288011","toID":"1288010","formEdgeID":null},{"edgeID":"1694168","fromID":"1288012","toID":"1288011","formEdgeID":null},{"edgeID":"1694169","fromID":"1288010","toID":"1288013","formEdgeID":null},{"edgeID":"1694170","fromID":"1288013","toID":"1155065","formEdgeID":null},{"edgeID":"1694171","fromID":"1288005","toID":"1288014","formEdgeID":null},{"edgeID":"1694172","fromID":"1288014","toID":"1288010","formEdgeID":null}],"locutions":[]}