{"nodes":[{"nodeID":"1287461","text":"congratulations to question time for even having this conversation on people's decision not to get the vaccination","type":"I","timestamp":"2023-11-09 12:37:47"},{"nodeID":"1287462","text":"Tim Stanley: Congratulations to question time for even having this conversation","type":"L","timestamp":"2023-11-09 12:37:47"},{"nodeID":"1287463","text":"Analysing","type":"YA","timestamp":"2023-11-09 12:37:47"},{"nodeID":"1287464","text":"Tuuli: Tim Stanley: Congratulations to question time for even having this conversation","type":"L","timestamp":"2023-11-09 12:37:47"},{"nodeID":"1287465","text":"Asserting","type":"YA","timestamp":"2023-11-09 12:37:47"},{"nodeID":"1287466","text":"there are some people that think these questions on people's decision to not get the vaccination shouldn't be aired","type":"I","timestamp":"2023-11-09 12:37:48"},{"nodeID":"1287467","text":"Tim Stanley: There are some people that think these questions shouldn't be aired","type":"L","timestamp":"2023-11-09 12:37:48"},{"nodeID":"1287468","text":"Analysing","type":"YA","timestamp":"2023-11-09 12:37:48"},{"nodeID":"1287469","text":"Tuuli: Tim Stanley: There are some people that think these questions shouldn't be aired","type":"L","timestamp":"2023-11-09 12:37:48"},{"nodeID":"1287470","text":"Asserting","type":"YA","timestamp":"2023-11-09 12:37:48"},{"nodeID":"1287471","text":"Default Transition","type":"TA","timestamp":"2023-11-09 12:37:48"},{"nodeID":"1287472","text":"not wanting to air the questions on people's decision not to get the vaccination treats people like children","type":"I","timestamp":"2023-11-09 12:37:48"},{"nodeID":"1287473","text":"Tim Stanley: Not only does that treat people like children","type":"L","timestamp":"2023-11-09 12:37:48"},{"nodeID":"1287474","text":"Analysing","type":"YA","timestamp":"2023-11-09 12:37:48"},{"nodeID":"1287475","text":"Tuuli: Tim Stanley: Not only does that treat people like children","type":"L","timestamp":"2023-11-09 12:37:48"},{"nodeID":"1287476","text":"Asserting","type":"YA","timestamp":"2023-11-09 12:37:48"},{"nodeID":"1287477","text":"Default Transition","type":"TA","timestamp":"2023-11-09 12:37:48"},{"nodeID":"1287478","text":"not wanting to air the questions on people's decision to not get the vaccination also means if you don't ask the questions, you won't necessarily get the answers","type":"I","timestamp":"2023-11-09 12:37:49"},{"nodeID":"1287479","text":"Tim Stanley: it also means if you don't ask the questions, you won't necessarily get the answers","type":"L","timestamp":"2023-11-09 12:37:49"},{"nodeID":"1287480","text":"Analysing","type":"YA","timestamp":"2023-11-09 12:37:49"},{"nodeID":"1287481","text":"Tuuli: Tim Stanley: it also means if you don't ask the questions, you won't necessarily get the answers","type":"L","timestamp":"2023-11-09 12:37:49"},{"nodeID":"1287482","text":"Asserting","type":"YA","timestamp":"2023-11-09 12:37:49"},{"nodeID":"1287483","text":"Default Transition","type":"TA","timestamp":"2023-11-09 12:37:49"},{"nodeID":"1287484","text":"Default Conflict","type":"CA","timestamp":"2023-11-09 12:37:49"},{"nodeID":"1287485","text":"Disagreeing","type":"YA","timestamp":"2023-11-09 12:37:49"},{"nodeID":"1287486","text":"Default Conflict","type":"CA","timestamp":"2023-11-09 12:37:49"},{"nodeID":"1287487","text":"Disagreeing","type":"YA","timestamp":"2023-11-09 12:37:49"},{"nodeID":"1287488","text":"not getting answers means that the questions percolate out there","type":"I","timestamp":"2023-11-09 12:37:49"},{"nodeID":"1287489","text":"Tim Stanley: That means that the questions percolate out there","type":"L","timestamp":"2023-11-09 12:37:49"},{"nodeID":"1287490","text":"Analysing","type":"YA","timestamp":"2023-11-09 12:37:49"},{"nodeID":"1287491","text":"Tuuli: Tim Stanley: That means that the questions percolate out there","type":"L","timestamp":"2023-11-09 12:37:49"},{"nodeID":"1287492","text":"Asserting","type":"YA","timestamp":"2023-11-09 12:37:49"},{"nodeID":"1287493","text":"the questions percolating out there means people are again, likely to stay away from having vaccines","type":"I","timestamp":"2023-11-09 12:37:50"},{"nodeID":"1287494","text":"Tim Stanley: it means people are again, likely to stay away from having vaccines","type":"L","timestamp":"2023-11-09 12:37:50"},{"nodeID":"1287495","text":"Analysing","type":"YA","timestamp":"2023-11-09 12:37:50"},{"nodeID":"1287496","text":"Tuuli: Tim Stanley: it means people are again, likely to stay away from having vaccines","type":"L","timestamp":"2023-11-09 12:37:50"},{"nodeID":"1287497","text":"Asserting","type":"YA","timestamp":"2023-11-09 12:37:50"},{"nodeID":"1287498","text":"Default Transition","type":"TA","timestamp":"2023-11-09 12:37:50"},{"nodeID":"1287499","text":"Default Transition","type":"TA","timestamp":"2023-11-09 12:37:50"},{"nodeID":"1287500","text":"Default Rephrase","type":"MA","timestamp":"2023-11-09 12:37:50"},{"nodeID":"1287501","text":"Restating","type":"YA","timestamp":"2023-11-09 12:37:50"},{"nodeID":"1287502","text":"Default Inference","type":"RA","timestamp":"2023-11-09 12:37:50"},{"nodeID":"1287503","text":"Arguing","type":"YA","timestamp":"2023-11-09 12:37:50"},{"nodeID":"1287504","text":"Default Rephrase","type":"MA","timestamp":"2023-11-09 12:37:50"},{"nodeID":"1287505","text":"Restating","type":"YA","timestamp":"2023-11-09 12:37:50"},{"nodeID":"1287506","text":"until we start discussing people's decision to not get the vaccination openly, Tim Stanley thinks the situation is going to continue as it is","type":"I","timestamp":"2023-11-09 12:37:50"},{"nodeID":"1287507","text":"Tim Stanley: Until we start discussing this openly, I think the situation is going to continue as it is","type":"L","timestamp":"2023-11-09 12:37:50"},{"nodeID":"1287508","text":"Analysing","type":"YA","timestamp":"2023-11-09 12:37:50"},{"nodeID":"1287509","text":"Tuuli: Tim Stanley: Until we start discussing this openly, I think the situation is going to continue as it is","type":"L","timestamp":"2023-11-09 12:37:50"},{"nodeID":"1287510","text":"Asserting","type":"YA","timestamp":"2023-11-09 12:37:50"},{"nodeID":"1287511","text":"Default Transition","type":"TA","timestamp":"2023-11-09 12:37:50"},{"nodeID":"1287512","text":"Default Inference","type":"RA","timestamp":"2023-11-09 12:37:50"},{"nodeID":"1287513","text":"Arguing","type":"YA","timestamp":"2023-11-09 12:37:50"},{"nodeID":"1287514","text":"Tim Stanley was very struck during the parliamentary debates by something said by Caroline Lucas","type":"I","timestamp":"2023-11-09 12:37:51"},{"nodeID":"1287515","text":"Tim Stanley: I was very struck during the parliamentary debates by something said by Caroline Lucas","type":"L","timestamp":"2023-11-09 12:37:51"},{"nodeID":"1287516","text":"Analysing","type":"YA","timestamp":"2023-11-09 12:37:51"},{"nodeID":"1287517","text":"Tuuli: Tim Stanley: I was very struck during the parliamentary debates by something said by Caroline Lucas","type":"L","timestamp":"2023-11-09 12:37:51"},{"nodeID":"1287518","text":"Asserting","type":"YA","timestamp":"2023-11-09 12:37:51"},{"nodeID":"1287519","text":"Default Transition","type":"TA","timestamp":"2023-11-09 12:37:51"},{"nodeID":"1287520","text":"Caroline Lucas will have to forgive Tim Stanley","type":"I","timestamp":"2023-11-09 12:37:52"},{"nodeID":"1287521","text":"Tim Stanley: she will have to forgive me","type":"L","timestamp":"2023-11-09 12:37:52"},{"nodeID":"1287522","text":"Analysing","type":"YA","timestamp":"2023-11-09 12:37:52"},{"nodeID":"1287523","text":"Tuuli: Tim Stanley: she will have to forgive me","type":"L","timestamp":"2023-11-09 12:37:52"},{"nodeID":"1287524","text":"Asserting","type":"YA","timestamp":"2023-11-09 12:37:52"},{"nodeID":"1287525","text":"Default Transition","type":"TA","timestamp":"2023-11-09 12:37:52"},{"nodeID":"1287526","text":"when you start mandating things you switch from something that is done by the community to the community","type":"I","timestamp":"2023-11-09 12:37:52"},{"nodeID":"1287527","text":"Tim Stanley: she said when you start mandating things you switch from something that is done by the community to the community","type":"L","timestamp":"2023-11-09 12:37:52"},{"nodeID":"1287528","text":"Analysing","type":"YA","timestamp":"2023-11-09 12:37:52"},{"nodeID":"1287529","text":"Tuuli: Tim Stanley: she said when you start mandating things you switch from something that is done by the community to the community","type":"L","timestamp":"2023-11-09 12:37:52"},{"nodeID":"1287530","text":"Caroline Lucas: when you start mandating things you switch from something that is done by the community to the community","type":"L","timestamp":"2023-11-09 12:37:52"},{"nodeID":"1287531","text":"Analysing","type":"YA","timestamp":"2023-11-09 12:37:52"},{"nodeID":"1287532","text":"Tuuli: Caroline Lucas: she said when you start mandating things you switch from something that is done by the community to the community","type":"L","timestamp":"2023-11-09 12:37:52"},{"nodeID":"1287533","text":"Asserting","type":"YA","timestamp":"2023-11-09 12:37:52"},{"nodeID":"1287534","text":"Asserting","type":"YA","timestamp":"2023-11-09 12:37:52"},{"nodeID":"1287535","text":"Default Transition","type":"TA","timestamp":"2023-11-09 12:37:52"},{"nodeID":"1287536","text":"switching from something that is done by the community to the community is a transformation","type":"I","timestamp":"2023-11-09 12:37:53"},{"nodeID":"1287537","text":"Tim Stanley: That's a transformation","type":"L","timestamp":"2023-11-09 12:37:53"},{"nodeID":"1287538","text":"Analysing","type":"YA","timestamp":"2023-11-09 12:37:53"},{"nodeID":"1287539","text":"Tuuli: Tim Stanley: That's a transformation","type":"L","timestamp":"2023-11-09 12:37:53"},{"nodeID":"1287540","text":"Asserting","type":"YA","timestamp":"2023-11-09 12:37:53"},{"nodeID":"1287541","text":"Default Transition","type":"TA","timestamp":"2023-11-09 12:37:53"},{"nodeID":"1287542","text":"Default Rephrase","type":"MA","timestamp":"2023-11-09 12:37:53"},{"nodeID":"1287543","text":"Restating","type":"YA","timestamp":"2023-11-09 12:37:53"},{"nodeID":"1287544","text":"the consequence of switching from something that is done by the community to the community is more likely to be resistance than people going along with it","type":"I","timestamp":"2023-11-09 12:37:53"},{"nodeID":"1287545","text":"Tim Stanley: the consequence of that is more likely to be resistance than people going along with it","type":"L","timestamp":"2023-11-09 12:37:53"},{"nodeID":"1287546","text":"Analysing","type":"YA","timestamp":"2023-11-09 12:37:53"},{"nodeID":"1287547","text":"Tuuli: Tim Stanley: the consequence of that is more likely to be resistance than people going along with it","type":"L","timestamp":"2023-11-09 12:37:53"},{"nodeID":"1287548","text":"Asserting","type":"YA","timestamp":"2023-11-09 12:37:53"},{"nodeID":"1287549","text":"Default Transition","type":"TA","timestamp":"2023-11-09 12:37:53"},{"nodeID":"1287550","text":"Default Inference","type":"RA","timestamp":"2023-11-09 12:37:53"},{"nodeID":"1287551","text":"Arguing","type":"YA","timestamp":"2023-11-09 12:37:53"},{"nodeID":"1287552","text":"in general in life, as far as you can, you should reason and argue and debate with people rather than imposing something on them","type":"I","timestamp":"2023-11-09 12:37:54"},{"nodeID":"1287553","text":"Tim Stanley: in general in life, as far as you can, you should reason and argue and debate with people rather than imposing something on them","type":"L","timestamp":"2023-11-09 12:37:54"},{"nodeID":"1287554","text":"Analysing","type":"YA","timestamp":"2023-11-09 12:37:54"},{"nodeID":"1287555","text":"Tuuli: Tim Stanley: in general in life, as far as you can, you should reason and argue and debate with people rather than imposing something on them","type":"L","timestamp":"2023-11-09 12:37:54"},{"nodeID":"1287556","text":"Asserting","type":"YA","timestamp":"2023-11-09 12:37:54"},{"nodeID":"1287557","text":"Default Transition","type":"TA","timestamp":"2023-11-09 12:37:54"},{"nodeID":"1287558","text":"Default Inference","type":"RA","timestamp":"2023-11-09 12:37:54"},{"nodeID":"1287559","text":"Arguing","type":"YA","timestamp":"2023-11-09 12:37:54"},{"nodeID":"1287560","text":"on the moral point, and AudienceMember 20220210QT22 with his degree in philosophy, which was a good thing to have by the way but of course it won't protect AudienceMember 20220210QT22 from the virus","type":"I","timestamp":"2023-11-09 12:37:55"},{"nodeID":"1287561","text":"Tim Stanley: on the moral point, and the gentleman with his degree in philosophy, which was a good thing to have by the way but of course it won't protect you from the virus","type":"L","timestamp":"2023-11-09 12:37:55"},{"nodeID":"1287562","text":"Analysing","type":"YA","timestamp":"2023-11-09 12:37:55"},{"nodeID":"1287563","text":"Tuuli: Tim Stanley: on the moral point, and the gentleman with his degree in philosophy, which was a good thing to have by the way but of course it won't protect you from the virus","type":"L","timestamp":"2023-11-09 12:37:55"},{"nodeID":"1287564","text":"Asserting","type":"YA","timestamp":"2023-11-09 12:37:55"},{"nodeID":"1287565","text":"Default Transition","type":"TA","timestamp":"2023-11-09 12:37:55"},{"nodeID":"1287566","text":"degrees in medicine are probably much more useful in protecting one from the virus","type":"I","timestamp":"2023-11-09 12:37:55"},{"nodeID":"1287567","text":"Tim Stanley: degrees in medicine are probably much more useful in that regard","type":"L","timestamp":"2023-11-09 12:37:55"},{"nodeID":"1287568","text":"Analysing","type":"YA","timestamp":"2023-11-09 12:37:55"},{"nodeID":"1287569","text":"Tuuli: Tim Stanley: degrees in medicine are probably much more useful in that regard","type":"L","timestamp":"2023-11-09 12:37:55"},{"nodeID":"1287570","text":"Asserting","type":"YA","timestamp":"2023-11-09 12:37:55"},{"nodeID":"1287571","text":"Default Transition","type":"TA","timestamp":"2023-11-09 12:37:55"},{"nodeID":"1287572","text":"Default Rephrase","type":"MA","timestamp":"2023-11-09 12:37:55"},{"nodeID":"1287573","text":"Restating","type":"YA","timestamp":"2023-11-09 12:37:55"}],"edges":[{"edgeID":"1693445","fromID":"1287463","toID":"1287462","formEdgeID":null},{"edgeID":"1693446","fromID":"1287464","toID":"1287463","formEdgeID":null},{"edgeID":"1693447","fromID":"1287462","toID":"1287465","formEdgeID":null},{"edgeID":"1693448","fromID":"1287465","toID":"1287461","formEdgeID":null},{"edgeID":"1693449","fromID":"1287468","toID":"1287467","formEdgeID":null},{"edgeID":"1693450","fromID":"1287469","toID":"1287468","formEdgeID":null},{"edgeID":"1693451","fromID":"1287467","toID":"1287470","formEdgeID":null},{"edgeID":"1693452","fromID":"1287470","toID":"1287466","formEdgeID":null},{"edgeID":"1693453","fromID":"1287462","toID":"1287471","formEdgeID":null},{"edgeID":"1693454","fromID":"1287471","toID":"1287467","formEdgeID":null},{"edgeID":"1693455","fromID":"1287474","toID":"1287473","formEdgeID":null},{"edgeID":"1693456","fromID":"1287475","toID":"1287474","formEdgeID":null},{"edgeID":"1693457","fromID":"1287473","toID":"1287476","formEdgeID":null},{"edgeID":"1693458","fromID":"1287476","toID":"1287472","formEdgeID":null},{"edgeID":"1693459","fromID":"1287467","toID":"1287477","formEdgeID":null},{"edgeID":"1693460","fromID":"1287477","toID":"1287473","formEdgeID":null},{"edgeID":"1693461","fromID":"1287480","toID":"1287479","formEdgeID":null},{"edgeID":"1693462","fromID":"1287481","toID":"1287480","formEdgeID":null},{"edgeID":"1693463","fromID":"1287479","toID":"1287482","formEdgeID":null},{"edgeID":"1693464","fromID":"1287482","toID":"1287478","formEdgeID":null},{"edgeID":"1693465","fromID":"1287473","toID":"1287483","formEdgeID":null},{"edgeID":"1693466","fromID":"1287483","toID":"1287479","formEdgeID":null},{"edgeID":"1693467","fromID":"1287472","toID":"1287484","formEdgeID":null},{"edgeID":"1693468","fromID":"1287484","toID":"1287466","formEdgeID":null},{"edgeID":"1693469","fromID":"1287477","toID":"1287485","formEdgeID":null},{"edgeID":"1693470","fromID":"1287485","toID":"1287484","formEdgeID":null},{"edgeID":"1693471","fromID":"1287478","toID":"1287486","formEdgeID":null},{"edgeID":"1693472","fromID":"1287486","toID":"1287466","formEdgeID":null},{"edgeID":"1693473","fromID":"1287483","toID":"1287487","formEdgeID":null},{"edgeID":"1693474","fromID":"1287487","toID":"1287486","formEdgeID":null},{"edgeID":"1693475","fromID":"1287490","toID":"1287489","formEdgeID":null},{"edgeID":"1693476","fromID":"1287491","toID":"1287490","formEdgeID":null},{"edgeID":"1693477","fromID":"1287489","toID":"1287492","formEdgeID":null},{"edgeID":"1693478","fromID":"1287492","toID":"1287488","formEdgeID":null},{"edgeID":"1693479","fromID":"1287495","toID":"1287494","formEdgeID":null},{"edgeID":"1693480","fromID":"1287496","toID":"1287495","formEdgeID":null},{"edgeID":"1693481","fromID":"1287494","toID":"1287497","formEdgeID":null},{"edgeID":"1693482","fromID":"1287497","toID":"1287493","formEdgeID":null},{"edgeID":"1693483","fromID":"1287479","toID":"1287498","formEdgeID":null},{"edgeID":"1693484","fromID":"1287498","toID":"1287489","formEdgeID":null},{"edgeID":"1693485","fromID":"1287489","toID":"1287499","formEdgeID":null},{"edgeID":"1693486","fromID":"1287499","toID":"1287494","formEdgeID":null},{"edgeID":"1693487","fromID":"1287488","toID":"1287500","formEdgeID":null},{"edgeID":"1693488","fromID":"1287500","toID":"1287478","formEdgeID":null},{"edgeID":"1693489","fromID":"1287498","toID":"1287501","formEdgeID":null},{"edgeID":"1693490","fromID":"1287501","toID":"1287500","formEdgeID":null},{"edgeID":"1693491","fromID":"1287466","toID":"1287502","formEdgeID":null},{"edgeID":"1693492","fromID":"1287502","toID":"1287461","formEdgeID":null},{"edgeID":"1693493","fromID":"1287471","toID":"1287503","formEdgeID":null},{"edgeID":"1693494","fromID":"1287503","toID":"1287502","formEdgeID":null},{"edgeID":"1693495","fromID":"1287493","toID":"1287504","formEdgeID":null},{"edgeID":"1693496","fromID":"1287504","toID":"1287488","formEdgeID":null},{"edgeID":"1693497","fromID":"1287499","toID":"1287505","formEdgeID":null},{"edgeID":"1693498","fromID":"1287505","toID":"1287504","formEdgeID":null},{"edgeID":"1693499","fromID":"1287508","toID":"1287507","formEdgeID":null},{"edgeID":"1693500","fromID":"1287509","toID":"1287508","formEdgeID":null},{"edgeID":"1693501","fromID":"1287507","toID":"1287510","formEdgeID":null},{"edgeID":"1693502","fromID":"1287510","toID":"1287506","formEdgeID":null},{"edgeID":"1693503","fromID":"1287494","toID":"1287511","formEdgeID":null},{"edgeID":"1693504","fromID":"1287511","toID":"1287507","formEdgeID":null},{"edgeID":"1693505","fromID":"1287493","toID":"1287512","formEdgeID":null},{"edgeID":"1693506","fromID":"1287512","toID":"1287506","formEdgeID":null},{"edgeID":"1693507","fromID":"1287511","toID":"1287513","formEdgeID":null},{"edgeID":"1693508","fromID":"1287513","toID":"1287512","formEdgeID":null},{"edgeID":"1693509","fromID":"1287516","toID":"1287515","formEdgeID":null},{"edgeID":"1693510","fromID":"1287517","toID":"1287516","formEdgeID":null},{"edgeID":"1693511","fromID":"1287515","toID":"1287518","formEdgeID":null},{"edgeID":"1693512","fromID":"1287518","toID":"1287514","formEdgeID":null},{"edgeID":"1693513","fromID":"1287507","toID":"1287519","formEdgeID":null},{"edgeID":"1693514","fromID":"1287519","toID":"1287515","formEdgeID":null},{"edgeID":"1693515","fromID":"1287522","toID":"1287521","formEdgeID":null},{"edgeID":"1693516","fromID":"1287523","toID":"1287522","formEdgeID":null},{"edgeID":"1693517","fromID":"1287521","toID":"1287524","formEdgeID":null},{"edgeID":"1693518","fromID":"1287524","toID":"1287520","formEdgeID":null},{"edgeID":"1693519","fromID":"1287515","toID":"1287525","formEdgeID":null},{"edgeID":"1693520","fromID":"1287525","toID":"1287521","formEdgeID":null},{"edgeID":"1693521","fromID":"1287528","toID":"1287527","formEdgeID":null},{"edgeID":"1693522","fromID":"1287529","toID":"1287528","formEdgeID":null},{"edgeID":"1693523","fromID":"1287531","toID":"1287530","formEdgeID":null},{"edgeID":"1693524","fromID":"1287532","toID":"1287531","formEdgeID":null},{"edgeID":"1693525","fromID":"1287530","toID":"1287533","formEdgeID":null},{"edgeID":"1693526","fromID":"1287533","toID":"1287526","formEdgeID":null},{"edgeID":"1693527","fromID":"1287527","toID":"1287534","formEdgeID":null},{"edgeID":"1693528","fromID":"1287534","toID":"1287530","formEdgeID":null},{"edgeID":"1693529","fromID":"1287521","toID":"1287535","formEdgeID":null},{"edgeID":"1693530","fromID":"1287535","toID":"1287527","formEdgeID":null},{"edgeID":"1693531","fromID":"1287538","toID":"1287537","formEdgeID":null},{"edgeID":"1693532","fromID":"1287539","toID":"1287538","formEdgeID":null},{"edgeID":"1693533","fromID":"1287537","toID":"1287540","formEdgeID":null},{"edgeID":"1693534","fromID":"1287540","toID":"1287536","formEdgeID":null},{"edgeID":"1693535","fromID":"1287527","toID":"1287541","formEdgeID":null},{"edgeID":"1693536","fromID":"1287541","toID":"1287537","formEdgeID":null},{"edgeID":"1693537","fromID":"1287536","toID":"1287542","formEdgeID":null},{"edgeID":"1693538","fromID":"1287542","toID":"1287526","formEdgeID":null},{"edgeID":"1693539","fromID":"1287541","toID":"1287543","formEdgeID":null},{"edgeID":"1693540","fromID":"1287543","toID":"1287542","formEdgeID":null},{"edgeID":"1693541","fromID":"1287546","toID":"1287545","formEdgeID":null},{"edgeID":"1693542","fromID":"1287547","toID":"1287546","formEdgeID":null},{"edgeID":"1693543","fromID":"1287545","toID":"1287548","formEdgeID":null},{"edgeID":"1693544","fromID":"1287548","toID":"1287544","formEdgeID":null},{"edgeID":"1693545","fromID":"1287537","toID":"1287549","formEdgeID":null},{"edgeID":"1693546","fromID":"1287549","toID":"1287545","formEdgeID":null},{"edgeID":"1693547","fromID":"1287536","toID":"1287550","formEdgeID":null},{"edgeID":"1693548","fromID":"1287550","toID":"1287544","formEdgeID":null},{"edgeID":"1693549","fromID":"1287549","toID":"1287551","formEdgeID":null},{"edgeID":"1693550","fromID":"1287551","toID":"1287550","formEdgeID":null},{"edgeID":"1693551","fromID":"1287554","toID":"1287553","formEdgeID":null},{"edgeID":"1693552","fromID":"1287555","toID":"1287554","formEdgeID":null},{"edgeID":"1693553","fromID":"1287553","toID":"1287556","formEdgeID":null},{"edgeID":"1693554","fromID":"1287556","toID":"1287552","formEdgeID":null},{"edgeID":"1693555","fromID":"1287545","toID":"1287557","formEdgeID":null},{"edgeID":"1693556","fromID":"1287557","toID":"1287553","formEdgeID":null},{"edgeID":"1693557","fromID":"1287544","toID":"1287558","formEdgeID":null},{"edgeID":"1693558","fromID":"1287558","toID":"1287552","formEdgeID":null},{"edgeID":"1693559","fromID":"1287557","toID":"1287559","formEdgeID":null},{"edgeID":"1693560","fromID":"1287559","toID":"1287558","formEdgeID":null},{"edgeID":"1693561","fromID":"1287562","toID":"1287561","formEdgeID":null},{"edgeID":"1693562","fromID":"1287563","toID":"1287562","formEdgeID":null},{"edgeID":"1693563","fromID":"1287561","toID":"1287564","formEdgeID":null},{"edgeID":"1693564","fromID":"1287564","toID":"1287560","formEdgeID":null},{"edgeID":"1693565","fromID":"1287553","toID":"1287565","formEdgeID":null},{"edgeID":"1693566","fromID":"1287565","toID":"1287561","formEdgeID":null},{"edgeID":"1693567","fromID":"1287568","toID":"1287567","formEdgeID":null},{"edgeID":"1693568","fromID":"1287569","toID":"1287568","formEdgeID":null},{"edgeID":"1693569","fromID":"1287567","toID":"1287570","formEdgeID":null},{"edgeID":"1693570","fromID":"1287570","toID":"1287566","formEdgeID":null},{"edgeID":"1693571","fromID":"1287561","toID":"1287571","formEdgeID":null},{"edgeID":"1693572","fromID":"1287571","toID":"1287567","formEdgeID":null},{"edgeID":"1693573","fromID":"1287566","toID":"1287572","formEdgeID":null},{"edgeID":"1693574","fromID":"1287572","toID":"1287560","formEdgeID":null},{"edgeID":"1693575","fromID":"1287571","toID":"1287573","formEdgeID":null},{"edgeID":"1693576","fromID":"1287573","toID":"1287572","formEdgeID":null}],"locutions":[]}