{"nodes":[{"nodeID":"898842","text":"we do need to target the poor","type":"I","timestamp":"2022-02-10 21:17:37"},{"nodeID":"898849","text":"Victor Adebowale remembers what it's like not to have proper heating","type":"I","timestamp":"2022-02-10 21:17:40"},{"nodeID":"898854","text":"let's ask some of the energy producers to actually dip into the profits and share it with the poorest","type":"I","timestamp":"2022-02-10 21:17:42"},{"nodeID":"898860","text":"the energy producers will say if we do that we take away from investments","type":"I","timestamp":"2022-02-10 21:17:44"},{"nodeID":"1284924","text":"Victor Adebowale: We do need to target the poor","type":"L","timestamp":"2023-11-09 12:34:06"},{"nodeID":"1284925","text":"Analysing","type":"YA","timestamp":"2023-11-09 12:34:06"},{"nodeID":"1284926","text":"Jordan: Victor Adebowale: We do need to target the poor","type":"L","timestamp":"2023-11-09 12:34:06"},{"nodeID":"1284927","text":"Asserting","type":"YA","timestamp":"2023-11-09 12:34:06"},{"nodeID":"1284928","text":"Victor Adebowale would take a balanced approach to target the poor","type":"I","timestamp":"2023-11-09 12:34:06"},{"nodeID":"1284929","text":"Victor Adebowale:  I would take a balanced approach","type":"L","timestamp":"2023-11-09 12:34:06"},{"nodeID":"1284930","text":"Analysing","type":"YA","timestamp":"2023-11-09 12:34:06"},{"nodeID":"1284931","text":"Jordan: Victor Adebowale:  I would take a balanced approach","type":"L","timestamp":"2023-11-09 12:34:06"},{"nodeID":"1284932","text":"Asserting","type":"YA","timestamp":"2023-11-09 12:34:06"},{"nodeID":"1284933","text":"Default Transition","type":"TA","timestamp":"2023-11-09 12:34:06"},{"nodeID":"1284934","text":"the energy companies should pay more","type":"I","timestamp":"2023-11-09 12:34:07"},{"nodeID":"1284935","text":"Victor Adebowale: the energy companies should pay more","type":"L","timestamp":"2023-11-09 12:34:07"},{"nodeID":"1284936","text":"Analysing","type":"YA","timestamp":"2023-11-09 12:34:07"},{"nodeID":"1284937","text":"Jordan: Victor Adebowale: the energy companies should pay more","type":"L","timestamp":"2023-11-09 12:34:07"},{"nodeID":"1284938","text":"Asserting","type":"YA","timestamp":"2023-11-09 12:34:07"},{"nodeID":"1284939","text":"Default Transition","type":"TA","timestamp":"2023-11-09 12:34:07"},{"nodeID":"1284940","text":"there's going to be a windfall bonus because of inflation","type":"I","timestamp":"2023-11-09 12:34:08"},{"nodeID":"1284941","text":"Victor Adebowale: there's going to be a windfall bonus because of the increase, because of inflation","type":"L","timestamp":"2023-11-09 12:34:08"},{"nodeID":"1284942","text":"Analysing","type":"YA","timestamp":"2023-11-09 12:34:08"},{"nodeID":"1284943","text":"Jordan: Victor Adebowale: there's going to be a windfall bonus because of the increase, because of inflation","type":"L","timestamp":"2023-11-09 12:34:08"},{"nodeID":"1284944","text":"Asserting","type":"YA","timestamp":"2023-11-09 12:34:08"},{"nodeID":"1284945","text":"Default Transition","type":"TA","timestamp":"2023-11-09 12:34:08"},{"nodeID":"1284946","text":"Default Inference","type":"RA","timestamp":"2023-11-09 12:34:08"},{"nodeID":"1284947","text":"Arguing","type":"YA","timestamp":"2023-11-09 12:34:08"},{"nodeID":"1284948","text":"Victor Adebowale: they should pay more","type":"L","timestamp":"2023-11-09 12:34:08"},{"nodeID":"1284949","text":"Analysing","type":"YA","timestamp":"2023-11-09 12:34:08"},{"nodeID":"1284950","text":"Jordan: Victor Adebowale: they should pay more","type":"L","timestamp":"2023-11-09 12:34:08"},{"nodeID":"1284951","text":"Asserting","type":"YA","timestamp":"2023-11-09 12:34:08"},{"nodeID":"1284952","text":"Default Transition","type":"TA","timestamp":"2023-11-09 12:34:08"},{"nodeID":"1284953","text":"Default Rephrase","type":"MA","timestamp":"2023-11-09 12:34:08"},{"nodeID":"1284954","text":"Restating","type":"YA","timestamp":"2023-11-09 12:34:08"},{"nodeID":"1284955","text":"it makes sense for the Government to target those people who are going to suffer the most","type":"I","timestamp":"2023-11-09 12:34:08"},{"nodeID":"1284956","text":"Victor Adebowale: it makes sense for the Government to target over-target those people who are going to suffer the most","type":"L","timestamp":"2023-11-09 12:34:08"},{"nodeID":"1284957","text":"Analysing","type":"YA","timestamp":"2023-11-09 12:34:08"},{"nodeID":"1284958","text":"Jordan: Victor Adebowale: it makes sense for the Government to target over-target those people who are going to suffer the most","type":"L","timestamp":"2023-11-09 12:34:08"},{"nodeID":"1284959","text":"Asserting","type":"YA","timestamp":"2023-11-09 12:34:08"},{"nodeID":"1284960","text":"Default Transition","type":"TA","timestamp":"2023-11-09 12:34:08"},{"nodeID":"1284961","text":"targeting those people who are going to suffer the most is what we do in this country","type":"I","timestamp":"2023-11-09 12:34:09"},{"nodeID":"1284962","text":"Victor Adebowale: That's what we do in this country","type":"L","timestamp":"2023-11-09 12:34:09"},{"nodeID":"1284963","text":"Analysing","type":"YA","timestamp":"2023-11-09 12:34:09"},{"nodeID":"1284964","text":"Jordan: Victor Adebowale: That's what we do in this country","type":"L","timestamp":"2023-11-09 12:34:09"},{"nodeID":"1284965","text":"Asserting","type":"YA","timestamp":"2023-11-09 12:34:09"},{"nodeID":"1284966","text":"Default Transition","type":"TA","timestamp":"2023-11-09 12:34:09"},{"nodeID":"1284967","text":"Default Inference","type":"RA","timestamp":"2023-11-09 12:34:09"},{"nodeID":"1284968","text":"Arguing","type":"YA","timestamp":"2023-11-09 12:34:09"},{"nodeID":"1284969","text":"that's what Victor Adebowale does","type":"I","timestamp":"2023-11-09 12:34:09"},{"nodeID":"1284970","text":"Victor Adebowale: I do","type":"L","timestamp":"2023-11-09 12:34:09"},{"nodeID":"1284971","text":"Analysing","type":"YA","timestamp":"2023-11-09 12:34:09"},{"nodeID":"1284972","text":"Jordan: Victor Adebowale: I do","type":"L","timestamp":"2023-11-09 12:34:09"},{"nodeID":"1284973","text":"Asserting","type":"YA","timestamp":"2023-11-09 12:34:09"},{"nodeID":"1284974","text":"Default Transition","type":"TA","timestamp":"2023-11-09 12:34:09"},{"nodeID":"1284975","text":"Default Rephrase","type":"MA","timestamp":"2023-11-09 12:34:09"},{"nodeID":"1284976","text":"Restating","type":"YA","timestamp":"2023-11-09 12:34:09"},{"nodeID":"1284977","text":"Victor Adebowale is really concerned about the knock-on impacts on the NHS","type":"I","timestamp":"2023-11-09 12:34:10"},{"nodeID":"1284978","text":"Victor Adebowale: I am really concerned about the knock-on impacts on the NHS","type":"L","timestamp":"2023-11-09 12:34:10"},{"nodeID":"1284979","text":"Analysing","type":"YA","timestamp":"2023-11-09 12:34:10"},{"nodeID":"1284980","text":"Jordan: Victor Adebowale: I am really concerned about the knock-on impacts on the NHS","type":"L","timestamp":"2023-11-09 12:34:10"},{"nodeID":"1284981","text":"Asserting","type":"YA","timestamp":"2023-11-09 12:34:10"},{"nodeID":"1284982","text":"Default Transition","type":"TA","timestamp":"2023-11-09 12:34:10"},{"nodeID":"1284983","text":"we are just coming out of the worst of the pandemic only to be faced by another pandemic in a way which is the pandemic of poverty","type":"I","timestamp":"2023-11-09 12:34:11"},{"nodeID":"1284984","text":"Victor Adebowale: We have just, we are just coming out of the worst of the pandemic only to be faced by another pandemic in a way which is the pandemic of poverty","type":"L","timestamp":"2023-11-09 12:34:11"},{"nodeID":"1284985","text":"Analysing","type":"YA","timestamp":"2023-11-09 12:34:11"},{"nodeID":"1284986","text":"Jordan: Victor Adebowale: We have just, we are just coming out of the worst of the pandemic only to be faced by another pandemic in a way which is the pandemic of poverty","type":"L","timestamp":"2023-11-09 12:34:11"},{"nodeID":"1284987","text":"Asserting","type":"YA","timestamp":"2023-11-09 12:34:11"},{"nodeID":"1284988","text":"Default Inference","type":"RA","timestamp":"2023-11-09 12:34:11"},{"nodeID":"1284989","text":"Default Transition","type":"TA","timestamp":"2023-11-09 12:34:11"},{"nodeID":"1284990","text":"Arguing","type":"YA","timestamp":"2023-11-09 12:34:11"},{"nodeID":"1284991","text":"Victor Adebowale: I remember what it's like not to have proper heating","type":"L","timestamp":"2023-11-09 12:34:11"},{"nodeID":"1284992","text":"Analysing","type":"YA","timestamp":"2023-11-09 12:34:11"},{"nodeID":"1284993","text":"Jordan: Victor Adebowale: I remember what it's like not to have proper heating","type":"L","timestamp":"2023-11-09 12:34:11"},{"nodeID":"1284994","text":"Asserting","type":"YA","timestamp":"2023-11-09 12:34:11"},{"nodeID":"1284995","text":"Default Transition","type":"TA","timestamp":"2023-11-09 12:34:11"},{"nodeID":"1284996","text":"Victor Adebowale remembers rheumatism","type":"I","timestamp":"2023-11-09 12:34:12"},{"nodeID":"1284997","text":"Victor Adebowale: I remember, you know, rheumatism","type":"L","timestamp":"2023-11-09 12:34:12"},{"nodeID":"1284998","text":"Analysing","type":"YA","timestamp":"2023-11-09 12:34:12"},{"nodeID":"1284999","text":"Jordan: Victor Adebowale: I remember, you know, rheumatism","type":"L","timestamp":"2023-11-09 12:34:12"},{"nodeID":"1285000","text":"Asserting","type":"YA","timestamp":"2023-11-09 12:34:12"},{"nodeID":"1285001","text":"Default Transition","type":"TA","timestamp":"2023-11-09 12:34:12"},{"nodeID":"1285002","text":"Victor Adebowale remembers the chest infections","type":"I","timestamp":"2023-11-09 12:34:12"},{"nodeID":"1285003","text":"Victor Adebowale: I remember the chest infections","type":"L","timestamp":"2023-11-09 12:34:12"},{"nodeID":"1285004","text":"Analysing","type":"YA","timestamp":"2023-11-09 12:34:12"},{"nodeID":"1285005","text":"Jordan: Victor Adebowale: I remember the chest infections","type":"L","timestamp":"2023-11-09 12:34:12"},{"nodeID":"1285006","text":"Asserting","type":"YA","timestamp":"2023-11-09 12:34:12"},{"nodeID":"1285007","text":"Default Rephrase","type":"MA","timestamp":"2023-11-09 12:34:12"},{"nodeID":"1285008","text":"Restating","type":"YA","timestamp":"2023-11-09 12:34:12"},{"nodeID":"1285009","text":"Default Transition","type":"TA","timestamp":"2023-11-09 12:34:12"},{"nodeID":"1285010","text":"Default Rephrase","type":"MA","timestamp":"2023-11-09 12:34:12"},{"nodeID":"1285011","text":"Restating","type":"YA","timestamp":"2023-11-09 12:34:12"},{"nodeID":"1285012","text":"Victor Adebowale remembers all those things","type":"I","timestamp":"2023-11-09 12:34:13"},{"nodeID":"1285013","text":"Victor Adebowale: I remember all those things","type":"L","timestamp":"2023-11-09 12:34:13"},{"nodeID":"1285014","text":"Analysing","type":"YA","timestamp":"2023-11-09 12:34:13"},{"nodeID":"1285015","text":"Jordan: Victor Adebowale: I remember all those things","type":"L","timestamp":"2023-11-09 12:34:13"},{"nodeID":"1285016","text":"Asserting","type":"YA","timestamp":"2023-11-09 12:34:13"},{"nodeID":"1285017","text":"Default Transition","type":"TA","timestamp":"2023-11-09 12:34:13"},{"nodeID":"1285018","text":"Default Rephrase","type":"MA","timestamp":"2023-11-09 12:34:13"},{"nodeID":"1285019","text":"Restating","type":"YA","timestamp":"2023-11-09 12:34:13"},{"nodeID":"1285020","text":"we owe it to ourselves as a country to do things like give people back the 20 pounds a week we took off the poorest people","type":"I","timestamp":"2023-11-09 12:34:14"},{"nodeID":"1285021","text":"Victor Adebowale: we owe it to ourselves as a country to do things like give people back the 20 pounds a week we took off the poorest people","type":"L","timestamp":"2023-11-09 12:34:14"},{"nodeID":"1285022","text":"Analysing","type":"YA","timestamp":"2023-11-09 12:34:14"},{"nodeID":"1285023","text":"Jordan: Victor Adebowale: we owe it to ourselves as a country to do things like give people back the 20 pounds a week we took off the poorest people","type":"L","timestamp":"2023-11-09 12:34:14"},{"nodeID":"1285024","text":"Asserting","type":"YA","timestamp":"2023-11-09 12:34:14"},{"nodeID":"1285025","text":"Default Transition","type":"TA","timestamp":"2023-11-09 12:34:14"},{"nodeID":"1285026","text":"Default Inference","type":"RA","timestamp":"2023-11-09 12:34:14"},{"nodeID":"1285027","text":"Arguing","type":"YA","timestamp":"2023-11-09 12:34:14"},{"nodeID":"1285028","text":"give the 20 pounds back to the poorest people","type":"I","timestamp":"2023-11-09 12:34:14"},{"nodeID":"1285029","text":"Victor Adebowale: Give it back to them","type":"L","timestamp":"2023-11-09 12:34:14"},{"nodeID":"1285030","text":"Analysing","type":"YA","timestamp":"2023-11-09 12:34:14"},{"nodeID":"1285031","text":"Jordan: Victor Adebowale: Give it back to them","type":"L","timestamp":"2023-11-09 12:34:14"},{"nodeID":"1285032","text":"Asserting","type":"YA","timestamp":"2023-11-09 12:34:14"},{"nodeID":"1285033","text":"Default Transition","type":"TA","timestamp":"2023-11-09 12:34:14"},{"nodeID":"1285034","text":"Default Rephrase","type":"MA","timestamp":"2023-11-09 12:34:14"},{"nodeID":"1285035","text":"Default Illocuting","type":"YA","timestamp":"2023-11-09 12:34:14"},{"nodeID":"1285036","text":"Analysing","type":"YA","timestamp":"2023-11-09 12:34:14"},{"nodeID":"1285037","text":"Default Transition","type":"TA","timestamp":"2023-11-09 12:34:14"},{"nodeID":"1285038","text":"Victor Adebowale is talking about Universal Credit","type":"I","timestamp":"2023-11-09 12:34:15"},{"nodeID":"1285039","text":"Victor Adebowale: You are talking about Universal Credit","type":"L","timestamp":"2023-11-09 12:34:15"},{"nodeID":"1285040","text":"Analysing","type":"YA","timestamp":"2023-11-09 12:34:15"},{"nodeID":"1285041","text":"Jordan: Victor Adebowale: You are talking about Universal Credit","type":"L","timestamp":"2023-11-09 12:34:15"},{"nodeID":"1285042","text":"Asserting","type":"YA","timestamp":"2023-11-09 12:34:15"},{"nodeID":"1285043","text":"Default Transition","type":"TA","timestamp":"2023-11-09 12:34:15"},{"nodeID":"1285044","text":"Not sure if this is an assertion or an assertive question","type":"EN","timestamp":"2023-11-09 12:34:15"},{"nodeID":"1285045","text":"Victor Adebowale: Let's ask some of the energy producers to actually dip into the profits and share it with the poorest","type":"L","timestamp":"2023-11-09 12:34:16"},{"nodeID":"1285046","text":"Analysing","type":"YA","timestamp":"2023-11-09 12:34:16"},{"nodeID":"1285047","text":"Jordan: Victor Adebowale: Let's ask some of the energy producers to actually dip into the profits and share it with the poorest","type":"L","timestamp":"2023-11-09 12:34:16"},{"nodeID":"1285048","text":"Asserting","type":"YA","timestamp":"2023-11-09 12:34:16"},{"nodeID":"1285049","text":"Default Rephrase","type":"MA","timestamp":"2023-11-09 12:34:16"},{"nodeID":"1285050","text":"Default Transition","type":"TA","timestamp":"2023-11-09 12:34:16"},{"nodeID":"1285051","text":"Restating","type":"YA","timestamp":"2023-11-09 12:34:16"},{"nodeID":"1285052","text":"Victor Adebowale: they will say if we do that we take away from investments","type":"L","timestamp":"2023-11-09 12:34:16"},{"nodeID":"1285053","text":"Analysing","type":"YA","timestamp":"2023-11-09 12:34:16"},{"nodeID":"1285054","text":"Jordan: Victor Adebowale: they will say if we do that we take away from investments","type":"L","timestamp":"2023-11-09 12:34:16"},{"nodeID":"1285055","text":"Asserting","type":"YA","timestamp":"2023-11-09 12:34:16"},{"nodeID":"1285056","text":"Default Transition","type":"TA","timestamp":"2023-11-09 12:34:16"},{"nodeID":"1285057","text":"Victor Adebowale is prepared to take the risk","type":"I","timestamp":"2023-11-09 12:34:17"},{"nodeID":"1285058","text":"Victor Adebowale: I'm prepared to take the risk","type":"L","timestamp":"2023-11-09 12:34:17"},{"nodeID":"1285059","text":"Analysing","type":"YA","timestamp":"2023-11-09 12:34:17"},{"nodeID":"1285060","text":"Jordan: Victor Adebowale: I'm prepared to take the risk","type":"L","timestamp":"2023-11-09 12:34:17"},{"nodeID":"1285061","text":"Asserting","type":"YA","timestamp":"2023-11-09 12:34:17"},{"nodeID":"1285062","text":"Default Transition","type":"TA","timestamp":"2023-11-09 12:34:17"},{"nodeID":"1285063","text":"Default Conflict","type":"CA","timestamp":"2023-11-09 12:34:17"},{"nodeID":"1285064","text":"Disagreeing","type":"YA","timestamp":"2023-11-09 12:34:17"}],"edges":[{"edgeID":"1690367","fromID":"1284925","toID":"1284924","formEdgeID":null},{"edgeID":"1690368","fromID":"1284926","toID":"1284925","formEdgeID":null},{"edgeID":"1690369","fromID":"1284924","toID":"1284927","formEdgeID":null},{"edgeID":"1690370","fromID":"1284927","toID":"898842","formEdgeID":null},{"edgeID":"1690371","fromID":"1284930","toID":"1284929","formEdgeID":null},{"edgeID":"1690372","fromID":"1284931","toID":"1284930","formEdgeID":null},{"edgeID":"1690373","fromID":"1284929","toID":"1284932","formEdgeID":null},{"edgeID":"1690374","fromID":"1284932","toID":"1284928","formEdgeID":null},{"edgeID":"1690375","fromID":"1284924","toID":"1284933","formEdgeID":null},{"edgeID":"1690376","fromID":"1284933","toID":"1284929","formEdgeID":null},{"edgeID":"1690377","fromID":"1284936","toID":"1284935","formEdgeID":null},{"edgeID":"1690378","fromID":"1284937","toID":"1284936","formEdgeID":null},{"edgeID":"1690379","fromID":"1284935","toID":"1284938","formEdgeID":null},{"edgeID":"1690380","fromID":"1284938","toID":"1284934","formEdgeID":null},{"edgeID":"1690381","fromID":"1284929","toID":"1284939","formEdgeID":null},{"edgeID":"1690382","fromID":"1284939","toID":"1284935","formEdgeID":null},{"edgeID":"1690383","fromID":"1284942","toID":"1284941","formEdgeID":null},{"edgeID":"1690384","fromID":"1284943","toID":"1284942","formEdgeID":null},{"edgeID":"1690385","fromID":"1284941","toID":"1284944","formEdgeID":null},{"edgeID":"1690386","fromID":"1284944","toID":"1284940","formEdgeID":null},{"edgeID":"1690387","fromID":"1284935","toID":"1284945","formEdgeID":null},{"edgeID":"1690388","fromID":"1284945","toID":"1284941","formEdgeID":null},{"edgeID":"1690389","fromID":"1284940","toID":"1284946","formEdgeID":null},{"edgeID":"1690390","fromID":"1284946","toID":"1284934","formEdgeID":null},{"edgeID":"1690391","fromID":"1284945","toID":"1284947","formEdgeID":null},{"edgeID":"1690392","fromID":"1284947","toID":"1284946","formEdgeID":null},{"edgeID":"1690393","fromID":"1284949","toID":"1284948","formEdgeID":null},{"edgeID":"1690394","fromID":"1284950","toID":"1284949","formEdgeID":null},{"edgeID":"1690395","fromID":"1284948","toID":"1284951","formEdgeID":null},{"edgeID":"1690396","fromID":"1284951","toID":"1284934","formEdgeID":null},{"edgeID":"1690397","fromID":"1284935","toID":"1284952","formEdgeID":null},{"edgeID":"1690398","fromID":"1284952","toID":"1284948","formEdgeID":null},{"edgeID":"1690399","fromID":"1284934","toID":"1284953","formEdgeID":null},{"edgeID":"1690400","fromID":"1284953","toID":"1284934","formEdgeID":null},{"edgeID":"1690401","fromID":"1284952","toID":"1284954","formEdgeID":null},{"edgeID":"1690402","fromID":"1284954","toID":"1284953","formEdgeID":null},{"edgeID":"1690403","fromID":"1284957","toID":"1284956","formEdgeID":null},{"edgeID":"1690404","fromID":"1284958","toID":"1284957","formEdgeID":null},{"edgeID":"1690405","fromID":"1284956","toID":"1284959","formEdgeID":null},{"edgeID":"1690406","fromID":"1284959","toID":"1284955","formEdgeID":null},{"edgeID":"1690407","fromID":"1284948","toID":"1284960","formEdgeID":null},{"edgeID":"1690408","fromID":"1284960","toID":"1284956","formEdgeID":null},{"edgeID":"1690409","fromID":"1284963","toID":"1284962","formEdgeID":null},{"edgeID":"1690410","fromID":"1284964","toID":"1284963","formEdgeID":null},{"edgeID":"1690411","fromID":"1284962","toID":"1284965","formEdgeID":null},{"edgeID":"1690412","fromID":"1284965","toID":"1284961","formEdgeID":null},{"edgeID":"1690413","fromID":"1284956","toID":"1284966","formEdgeID":null},{"edgeID":"1690414","fromID":"1284966","toID":"1284962","formEdgeID":null},{"edgeID":"1690415","fromID":"1284961","toID":"1284967","formEdgeID":null},{"edgeID":"1690416","fromID":"1284967","toID":"1284955","formEdgeID":null},{"edgeID":"1690417","fromID":"1284966","toID":"1284968","formEdgeID":null},{"edgeID":"1690418","fromID":"1284968","toID":"1284967","formEdgeID":null},{"edgeID":"1690419","fromID":"1284971","toID":"1284970","formEdgeID":null},{"edgeID":"1690420","fromID":"1284972","toID":"1284971","formEdgeID":null},{"edgeID":"1690421","fromID":"1284970","toID":"1284973","formEdgeID":null},{"edgeID":"1690422","fromID":"1284973","toID":"1284969","formEdgeID":null},{"edgeID":"1690423","fromID":"1284962","toID":"1284974","formEdgeID":null},{"edgeID":"1690424","fromID":"1284974","toID":"1284970","formEdgeID":null},{"edgeID":"1690425","fromID":"1284969","toID":"1284975","formEdgeID":null},{"edgeID":"1690426","fromID":"1284975","toID":"1284961","formEdgeID":null},{"edgeID":"1690427","fromID":"1284974","toID":"1284976","formEdgeID":null},{"edgeID":"1690428","fromID":"1284976","toID":"1284975","formEdgeID":null},{"edgeID":"1690429","fromID":"1284979","toID":"1284978","formEdgeID":null},{"edgeID":"1690430","fromID":"1284980","toID":"1284979","formEdgeID":null},{"edgeID":"1690431","fromID":"1284978","toID":"1284981","formEdgeID":null},{"edgeID":"1690432","fromID":"1284981","toID":"1284977","formEdgeID":null},{"edgeID":"1690433","fromID":"1284970","toID":"1284982","formEdgeID":null},{"edgeID":"1690434","fromID":"1284982","toID":"1284978","formEdgeID":null},{"edgeID":"1690435","fromID":"1284985","toID":"1284984","formEdgeID":null},{"edgeID":"1690436","fromID":"1284986","toID":"1284985","formEdgeID":null},{"edgeID":"1690437","fromID":"1284984","toID":"1284987","formEdgeID":null},{"edgeID":"1690438","fromID":"1284987","toID":"1284983","formEdgeID":null},{"edgeID":"1690439","fromID":"1284983","toID":"1284988","formEdgeID":null},{"edgeID":"1690440","fromID":"1284988","toID":"1284977","formEdgeID":null},{"edgeID":"1690441","fromID":"1284978","toID":"1284989","formEdgeID":null},{"edgeID":"1690442","fromID":"1284989","toID":"1284984","formEdgeID":null},{"edgeID":"1690443","fromID":"1284989","toID":"1284990","formEdgeID":null},{"edgeID":"1690444","fromID":"1284990","toID":"1284988","formEdgeID":null},{"edgeID":"1690445","fromID":"1284992","toID":"1284991","formEdgeID":null},{"edgeID":"1690446","fromID":"1284993","toID":"1284992","formEdgeID":null},{"edgeID":"1690447","fromID":"1284991","toID":"1284994","formEdgeID":null},{"edgeID":"1690448","fromID":"1284994","toID":"898849","formEdgeID":null},{"edgeID":"1690449","fromID":"1284984","toID":"1284995","formEdgeID":null},{"edgeID":"1690450","fromID":"1284995","toID":"1284991","formEdgeID":null},{"edgeID":"1690451","fromID":"1284998","toID":"1284997","formEdgeID":null},{"edgeID":"1690452","fromID":"1284999","toID":"1284998","formEdgeID":null},{"edgeID":"1690453","fromID":"1284997","toID":"1285000","formEdgeID":null},{"edgeID":"1690454","fromID":"1285000","toID":"1284996","formEdgeID":null},{"edgeID":"1690455","fromID":"1284991","toID":"1285001","formEdgeID":null},{"edgeID":"1690456","fromID":"1285001","toID":"1284997","formEdgeID":null},{"edgeID":"1690457","fromID":"1285004","toID":"1285003","formEdgeID":null},{"edgeID":"1690458","fromID":"1285005","toID":"1285004","formEdgeID":null},{"edgeID":"1690459","fromID":"1285003","toID":"1285006","formEdgeID":null},{"edgeID":"1690460","fromID":"1285006","toID":"1285002","formEdgeID":null},{"edgeID":"1690461","fromID":"1284996","toID":"1285007","formEdgeID":null},{"edgeID":"1690462","fromID":"1285007","toID":"898849","formEdgeID":null},{"edgeID":"1690463","fromID":"1285001","toID":"1285008","formEdgeID":null},{"edgeID":"1690464","fromID":"1285008","toID":"1285007","formEdgeID":null},{"edgeID":"1690465","fromID":"1284997","toID":"1285009","formEdgeID":null},{"edgeID":"1690466","fromID":"1285009","toID":"1285003","formEdgeID":null},{"edgeID":"1690467","fromID":"1285002","toID":"1285010","formEdgeID":null},{"edgeID":"1690468","fromID":"1285010","toID":"1284996","formEdgeID":null},{"edgeID":"1690469","fromID":"1285009","toID":"1285011","formEdgeID":null},{"edgeID":"1690470","fromID":"1285011","toID":"1285010","formEdgeID":null},{"edgeID":"1690471","fromID":"1285014","toID":"1285013","formEdgeID":null},{"edgeID":"1690472","fromID":"1285015","toID":"1285014","formEdgeID":null},{"edgeID":"1690473","fromID":"1285013","toID":"1285016","formEdgeID":null},{"edgeID":"1690474","fromID":"1285016","toID":"1285012","formEdgeID":null},{"edgeID":"1690475","fromID":"1285003","toID":"1285017","formEdgeID":null},{"edgeID":"1690476","fromID":"1285017","toID":"1285013","formEdgeID":null},{"edgeID":"1690477","fromID":"1285012","toID":"1285018","formEdgeID":null},{"edgeID":"1690478","fromID":"1285018","toID":"1285002","formEdgeID":null},{"edgeID":"1690479","fromID":"1285017","toID":"1285019","formEdgeID":null},{"edgeID":"1690480","fromID":"1285019","toID":"1285018","formEdgeID":null},{"edgeID":"1690481","fromID":"1285022","toID":"1285021","formEdgeID":null},{"edgeID":"1690482","fromID":"1285023","toID":"1285022","formEdgeID":null},{"edgeID":"1690483","fromID":"1285021","toID":"1285024","formEdgeID":null},{"edgeID":"1690484","fromID":"1285024","toID":"1285020","formEdgeID":null},{"edgeID":"1690485","fromID":"1285013","toID":"1285025","formEdgeID":null},{"edgeID":"1690486","fromID":"1285025","toID":"1285021","formEdgeID":null},{"edgeID":"1690487","fromID":"1285012","toID":"1285026","formEdgeID":null},{"edgeID":"1690488","fromID":"1285026","toID":"1285020","formEdgeID":null},{"edgeID":"1690489","fromID":"1285025","toID":"1285027","formEdgeID":null},{"edgeID":"1690490","fromID":"1285027","toID":"1285026","formEdgeID":null},{"edgeID":"1690491","fromID":"1285030","toID":"1285029","formEdgeID":null},{"edgeID":"1690492","fromID":"1285031","toID":"1285030","formEdgeID":null},{"edgeID":"1690493","fromID":"1285029","toID":"1285032","formEdgeID":null},{"edgeID":"1690494","fromID":"1285032","toID":"1285028","formEdgeID":null},{"edgeID":"1690495","fromID":"1285021","toID":"1285033","formEdgeID":null},{"edgeID":"1690496","fromID":"1285033","toID":"1285029","formEdgeID":null},{"edgeID":"1690497","fromID":"1285028","toID":"1285034","formEdgeID":null},{"edgeID":"1690498","fromID":"1285034","toID":"1285020","formEdgeID":null},{"edgeID":"1690499","fromID":"1285033","toID":"1285035","formEdgeID":null},{"edgeID":"1690500","fromID":"1285035","toID":"1285034","formEdgeID":null},{"edgeID":"1690501","fromID":"1285036","toID":"1285029","formEdgeID":null},{"edgeID":"1690502","fromID":"1285031","toID":"1285036","formEdgeID":null},{"edgeID":"1690503","fromID":"1285029","toID":"1285037","formEdgeID":null},{"edgeID":"1690504","fromID":"1285037","toID":"1285029","formEdgeID":null},{"edgeID":"1690505","fromID":"1285040","toID":"1285039","formEdgeID":null},{"edgeID":"1690506","fromID":"1285041","toID":"1285040","formEdgeID":null},{"edgeID":"1690507","fromID":"1285039","toID":"1285042","formEdgeID":null},{"edgeID":"1690508","fromID":"1285042","toID":"1285038","formEdgeID":null},{"edgeID":"1690509","fromID":"1285029","toID":"1285043","formEdgeID":null},{"edgeID":"1690510","fromID":"1285043","toID":"1285039","formEdgeID":null},{"edgeID":"1690511","fromID":"1285046","toID":"1285045","formEdgeID":null},{"edgeID":"1690512","fromID":"1285047","toID":"1285046","formEdgeID":null},{"edgeID":"1690513","fromID":"1285045","toID":"1285048","formEdgeID":null},{"edgeID":"1690514","fromID":"1285048","toID":"898854","formEdgeID":null},{"edgeID":"1690515","fromID":"898854","toID":"1285049","formEdgeID":null},{"edgeID":"1690516","fromID":"1285049","toID":"1284934","formEdgeID":null},{"edgeID":"1690517","fromID":"1284948","toID":"1285050","formEdgeID":null},{"edgeID":"1690518","fromID":"1285050","toID":"1285045","formEdgeID":null},{"edgeID":"1690519","fromID":"1285050","toID":"1285051","formEdgeID":null},{"edgeID":"1690520","fromID":"1285051","toID":"1285049","formEdgeID":null},{"edgeID":"1690521","fromID":"1285053","toID":"1285052","formEdgeID":null},{"edgeID":"1690522","fromID":"1285054","toID":"1285053","formEdgeID":null},{"edgeID":"1690523","fromID":"1285052","toID":"1285055","formEdgeID":null},{"edgeID":"1690524","fromID":"1285055","toID":"898860","formEdgeID":null},{"edgeID":"1690525","fromID":"1285045","toID":"1285056","formEdgeID":null},{"edgeID":"1690526","fromID":"1285056","toID":"1285052","formEdgeID":null},{"edgeID":"1690527","fromID":"1285059","toID":"1285058","formEdgeID":null},{"edgeID":"1690528","fromID":"1285060","toID":"1285059","formEdgeID":null},{"edgeID":"1690529","fromID":"1285058","toID":"1285061","formEdgeID":null},{"edgeID":"1690530","fromID":"1285061","toID":"1285057","formEdgeID":null},{"edgeID":"1690531","fromID":"1285052","toID":"1285062","formEdgeID":null},{"edgeID":"1690532","fromID":"1285062","toID":"1285058","formEdgeID":null},{"edgeID":"1690533","fromID":"1285057","toID":"1285063","formEdgeID":null},{"edgeID":"1690534","fromID":"1285063","toID":"898860","formEdgeID":null},{"edgeID":"1690535","fromID":"1285062","toID":"1285064","formEdgeID":null},{"edgeID":"1690536","fromID":"1285064","toID":"1285063","formEdgeID":null}],"locutions":[]}