{"nodes":[{"nodeID":"898876","text":"we have just heard today that the Bank of England expects that inflation will reach 7%","type":"I","timestamp":"2022-02-10 21:17:50"},{"nodeID":"1284011","text":"with rising energy costs expecting to cause a surge in gas and electricity bills the Government's measures are or aren't targeted in the best way possible","type":"I","timestamp":"2023-11-09 12:32:46"},{"nodeID":"1284012","text":"AudienceMember 20220210QT01: With rising energy costs expecting to cause a surge in gas and electricity bills are the Government's measures targeted in the best way possible","type":"L","timestamp":"2023-11-09 12:32:46"},{"nodeID":"1284013","text":"Analysing","type":"YA","timestamp":"2023-11-09 12:32:46"},{"nodeID":"1284014","text":"Zlata: AudienceMember 20220210QT01: With rising energy costs expecting to cause a surge in gas and electricity bills are the Government's measures targeted in the best way possible","type":"L","timestamp":"2023-11-09 12:32:46"},{"nodeID":"1284015","text":"Pure Questioning","type":"YA","timestamp":"2023-11-09 12:32:46"},{"nodeID":"1284016","text":"the cost of living is going through the roof","type":"I","timestamp":"2023-11-09 12:32:47"},{"nodeID":"1284017","text":"Fiona Bruce: The cost of living is going through the roof","type":"L","timestamp":"2023-11-09 12:32:47"},{"nodeID":"1284018","text":"Analysing","type":"YA","timestamp":"2023-11-09 12:32:47"},{"nodeID":"1284019","text":"Zlata: Fiona Bruce: The cost of living is going through the roof","type":"L","timestamp":"2023-11-09 12:32:47"},{"nodeID":"1284020","text":"Asserting","type":"YA","timestamp":"2023-11-09 12:32:47"},{"nodeID":"1284021","text":"the Government's measures are so disappointing for working families up and down the country","type":"I","timestamp":"2023-11-09 12:32:48"},{"nodeID":"1284022","text":"Rosena Allin-Khan: it's so disappointing for working families up and down the country","type":"L","timestamp":"2023-11-09 12:32:48"},{"nodeID":"1284023","text":"Analysing","type":"YA","timestamp":"2023-11-09 12:32:48"},{"nodeID":"1284024","text":"Zlata: Rosena Allin-Khan: it's so disappointing for working families up and down the country","type":"L","timestamp":"2023-11-09 12:32:48"},{"nodeID":"1284025","text":"Asserting","type":"YA","timestamp":"2023-11-09 12:32:48"},{"nodeID":"1284026","text":"now working families are going to be seeing these energy hikes","type":"I","timestamp":"2023-11-09 12:32:48"},{"nodeID":"1284027","text":"Rosena Allin-Khan:  now they are going to be seeing these energy hikes","type":"L","timestamp":"2023-11-09 12:32:48"},{"nodeID":"1284028","text":"Analysing","type":"YA","timestamp":"2023-11-09 12:32:48"},{"nodeID":"1284029","text":"Zlata: Rosena Allin-Khan:  now they are going to be seeing these energy hikes","type":"L","timestamp":"2023-11-09 12:32:48"},{"nodeID":"1284030","text":"Asserting","type":"YA","timestamp":"2023-11-09 12:32:48"},{"nodeID":"1284031","text":"Default Transition","type":"TA","timestamp":"2023-11-09 12:32:48"},{"nodeID":"1284032","text":"Default Inference","type":"RA","timestamp":"2023-11-09 12:32:48"},{"nodeID":"1284033","text":"Arguing","type":"YA","timestamp":"2023-11-09 12:32:48"},{"nodeID":"1284034","text":"energy hikes are on top of rising fuel costs","type":"I","timestamp":"2023-11-09 12:32:49"},{"nodeID":"1284035","text":"Rosena Allin-Khan:  this is on top of rising fuel costs","type":"L","timestamp":"2023-11-09 12:32:49"},{"nodeID":"1284036","text":"Analysing","type":"YA","timestamp":"2023-11-09 12:32:49"},{"nodeID":"1284037","text":"Zlata: Rosena Allin-Khan:  this is on top of rising fuel costs","type":"L","timestamp":"2023-11-09 12:32:49"},{"nodeID":"1284038","text":"Asserting","type":"YA","timestamp":"2023-11-09 12:32:49"},{"nodeID":"1284039","text":"Default Transition","type":"TA","timestamp":"2023-11-09 12:32:49"},{"nodeID":"1284040","text":"energy hikes are on top of the weekly shop going up","type":"I","timestamp":"2023-11-09 12:32:49"},{"nodeID":"1284041","text":"Rosena Allin-Khan: the weekly shop going up","type":"L","timestamp":"2023-11-09 12:32:49"},{"nodeID":"1284042","text":"Analysing","type":"YA","timestamp":"2023-11-09 12:32:49"},{"nodeID":"1284043","text":"Zlata: Rosena Allin-Khan: the weekly shop going up","type":"L","timestamp":"2023-11-09 12:32:49"},{"nodeID":"1284044","text":"Asserting","type":"YA","timestamp":"2023-11-09 12:32:49"},{"nodeID":"1284045","text":"Default Transition","type":"TA","timestamp":"2023-11-09 12:32:49"},{"nodeID":"1284046","text":"Default Rephrase","type":"MA","timestamp":"2023-11-09 12:32:49"},{"nodeID":"1284047","text":"Restating","type":"YA","timestamp":"2023-11-09 12:32:49"},{"nodeID":"1284048","text":"we are seeing national insurance contributions going up on top of energy hikes","type":"I","timestamp":"2023-11-09 12:32:50"},{"nodeID":"1284049","text":"Rosena Allin-Khan:  we are seeing national insurance contributions going up","type":"L","timestamp":"2023-11-09 12:32:50"},{"nodeID":"1284050","text":"Analysing","type":"YA","timestamp":"2023-11-09 12:32:50"},{"nodeID":"1284051","text":"Zlata: Rosena Allin-Khan:  we are seeing national insurance contributions going up","type":"L","timestamp":"2023-11-09 12:32:50"},{"nodeID":"1284052","text":"Asserting","type":"YA","timestamp":"2023-11-09 12:32:50"},{"nodeID":"1284053","text":"Default Transition","type":"TA","timestamp":"2023-11-09 12:32:50"},{"nodeID":"1284054","text":"Default Rephrase","type":"MA","timestamp":"2023-11-09 12:32:50"},{"nodeID":"1284055","text":"Restating","type":"YA","timestamp":"2023-11-09 12:32:50"},{"nodeID":"1284056","text":"Rosena Allin-Khan: we have just heard today that the Bank of England expects that inflation will reach 7%","type":"L","timestamp":"2023-11-09 12:32:50"},{"nodeID":"1284057","text":"Analysing","type":"YA","timestamp":"2023-11-09 12:32:50"},{"nodeID":"1284058","text":"Zlata: Rosena Allin-Khan: we have just heard today that the Bank of England expects that inflation will reach 7%","type":"L","timestamp":"2023-11-09 12:32:50"},{"nodeID":"1284059","text":"Asserting","type":"YA","timestamp":"2023-11-09 12:32:50"},{"nodeID":"1284060","text":"Default Transition","type":"TA","timestamp":"2023-11-09 12:32:50"},{"nodeID":"1284061","text":"energy hikes, rising fuel costs, weekly shop going up and inflation reaching 7% is having a real squeeze on working people","type":"I","timestamp":"2023-11-09 12:32:51"},{"nodeID":"1284062","text":"Rosena Allin-Khan: This is having a real squeeze on working people","type":"L","timestamp":"2023-11-09 12:32:51"},{"nodeID":"1284063","text":"Analysing","type":"YA","timestamp":"2023-11-09 12:32:51"},{"nodeID":"1284064","text":"Zlata: Rosena Allin-Khan: This is having a real squeeze on working people","type":"L","timestamp":"2023-11-09 12:32:51"},{"nodeID":"1284065","text":"Asserting","type":"YA","timestamp":"2023-11-09 12:32:51"},{"nodeID":"1284066","text":"Rosena Allin-Khan is a child who grew up in a home of just one electric heater","type":"I","timestamp":"2023-11-09 12:32:51"},{"nodeID":"1284067","text":"Rosena Allin-Khan:  as a child who grew up in a home of just one electric heater","type":"L","timestamp":"2023-11-09 12:32:51"},{"nodeID":"1284068","text":"Analysing","type":"YA","timestamp":"2023-11-09 12:32:51"},{"nodeID":"1284069","text":"Zlata: Rosena Allin-Khan:  as a child who grew up in a home of just one electric heater","type":"L","timestamp":"2023-11-09 12:32:51"},{"nodeID":"1284070","text":"Asserting","type":"YA","timestamp":"2023-11-09 12:32:51"},{"nodeID":"1284071","text":"Default Transition","type":"TA","timestamp":"2023-11-09 12:32:51"},{"nodeID":"1284072","text":"Default Transition","type":"TA","timestamp":"2023-11-09 12:32:51"},{"nodeID":"1284073","text":"time with the electric heaters was a time of the past","type":"I","timestamp":"2023-11-09 12:32:52"},{"nodeID":"1284074","text":"Rosena Allin-Khan: that was a time of the past","type":"L","timestamp":"2023-11-09 12:32:52"},{"nodeID":"1284075","text":"Analysing","type":"YA","timestamp":"2023-11-09 12:32:52"},{"nodeID":"1284076","text":"Zlata: Rosena Allin-Khan: that was a time of the past","type":"L","timestamp":"2023-11-09 12:32:52"},{"nodeID":"1284077","text":"Asserting","type":"YA","timestamp":"2023-11-09 12:32:52"},{"nodeID":"1284078","text":"Default Transition","type":"TA","timestamp":"2023-11-09 12:32:52"},{"nodeID":"1284079","text":"now in A&E, when Rosena Allin-Khan is doing her shifts, she is seeing the elderly coming in with electric burns from the same sort of heater","type":"I","timestamp":"2023-11-09 12:32:53"},{"nodeID":"1284080","text":"Rosena Allin-Khan: now in A&E, when I am doing my shifts, I am seeing the elderly coming in with electric burns from the same sort of heater","type":"L","timestamp":"2023-11-09 12:32:53"},{"nodeID":"1284081","text":"Analysing","type":"YA","timestamp":"2023-11-09 12:32:53"},{"nodeID":"1284082","text":"Zlata: Rosena Allin-Khan: now in A&E, when I am doing my shifts, I am seeing the elderly coming in with electric burns from the same sort of heater","type":"L","timestamp":"2023-11-09 12:32:53"},{"nodeID":"1284083","text":"Asserting","type":"YA","timestamp":"2023-11-09 12:32:53"},{"nodeID":"1284084","text":"Default Transition","type":"TA","timestamp":"2023-11-09 12:32:53"},{"nodeID":"1284085","text":"Default Conflict","type":"CA","timestamp":"2023-11-09 12:32:53"},{"nodeID":"1284086","text":"Disagreeing","type":"YA","timestamp":"2023-11-09 12:32:53"},{"nodeID":"1284087","text":"elderly can't afford to put the central heating on","type":"I","timestamp":"2023-11-09 12:32:53"},{"nodeID":"1284088","text":"Rosena Allin-Khan: they can't afford to put the central heating on","type":"L","timestamp":"2023-11-09 12:32:53"},{"nodeID":"1284089","text":"Analysing","type":"YA","timestamp":"2023-11-09 12:32:53"},{"nodeID":"1284090","text":"Zlata: Rosena Allin-Khan: they can't afford to put the central heating on","type":"L","timestamp":"2023-11-09 12:32:53"},{"nodeID":"1284091","text":"Asserting","type":"YA","timestamp":"2023-11-09 12:32:53"},{"nodeID":"1284092","text":"Default Transition","type":"TA","timestamp":"2023-11-09 12:32:53"},{"nodeID":"1284093","text":"Default Inference","type":"RA","timestamp":"2023-11-09 12:32:53"},{"nodeID":"1284094","text":"Arguing","type":"YA","timestamp":"2023-11-09 12:32:53"},{"nodeID":"1284095","text":"Default Transition","type":"TA","timestamp":"2023-11-09 12:32:53"},{"nodeID":"1284096","text":"Default Rephrase","type":"MA","timestamp":"2023-11-09 12:32:53"},{"nodeID":"1284097","text":"Default Illocuting","type":"YA","timestamp":"2023-11-09 12:32:53"},{"nodeID":"1284098","text":"Default Transition","type":"TA","timestamp":"2023-11-09 12:32:53"},{"nodeID":"1284099","text":"Default Rephrase","type":"MA","timestamp":"2023-11-09 12:32:53"},{"nodeID":"1284100","text":"Restating","type":"YA","timestamp":"2023-11-09 12:32:53"},{"nodeID":"1284101","text":"Default Transition","type":"TA","timestamp":"2023-11-09 12:32:53"},{"nodeID":"1284102","text":"Default Transition","type":"TA","timestamp":"2023-11-09 12:32:53"},{"nodeID":"1284103","text":"Default Inference","type":"RA","timestamp":"2023-11-09 12:32:53"},{"nodeID":"1284104","text":"Arguing","type":"YA","timestamp":"2023-11-09 12:32:53"},{"nodeID":"1284105","text":"Default Transition","type":"TA","timestamp":"2023-11-09 12:32:53"},{"nodeID":"1284106","text":"Default Rephrase","type":"MA","timestamp":"2023-11-09 12:32:53"},{"nodeID":"1284107","text":"Restating","type":"YA","timestamp":"2023-11-09 12:32:53"},{"nodeID":"1284108","text":"Default Rephrase","type":"MA","timestamp":"2023-11-09 12:32:53"},{"nodeID":"1284109","text":"Restating","type":"YA","timestamp":"2023-11-09 12:32:53"},{"nodeID":"1284110","text":"Default Transition","type":"TA","timestamp":"2023-11-09 12:32:53"}],"edges":[{"edgeID":"1689246","fromID":"1284013","toID":"1284012","formEdgeID":null},{"edgeID":"1689247","fromID":"1284014","toID":"1284013","formEdgeID":null},{"edgeID":"1689248","fromID":"1284012","toID":"1284015","formEdgeID":null},{"edgeID":"1689249","fromID":"1284015","toID":"1284011","formEdgeID":null},{"edgeID":"1689250","fromID":"1284018","toID":"1284017","formEdgeID":null},{"edgeID":"1689251","fromID":"1284019","toID":"1284018","formEdgeID":null},{"edgeID":"1689252","fromID":"1284017","toID":"1284020","formEdgeID":null},{"edgeID":"1689253","fromID":"1284020","toID":"1284016","formEdgeID":null},{"edgeID":"1689254","fromID":"1284023","toID":"1284022","formEdgeID":null},{"edgeID":"1689255","fromID":"1284024","toID":"1284023","formEdgeID":null},{"edgeID":"1689256","fromID":"1284022","toID":"1284025","formEdgeID":null},{"edgeID":"1689257","fromID":"1284025","toID":"1284021","formEdgeID":null},{"edgeID":"1689258","fromID":"1284028","toID":"1284027","formEdgeID":null},{"edgeID":"1689259","fromID":"1284029","toID":"1284028","formEdgeID":null},{"edgeID":"1689260","fromID":"1284027","toID":"1284030","formEdgeID":null},{"edgeID":"1689261","fromID":"1284030","toID":"1284026","formEdgeID":null},{"edgeID":"1689262","fromID":"1284022","toID":"1284031","formEdgeID":null},{"edgeID":"1689263","fromID":"1284031","toID":"1284027","formEdgeID":null},{"edgeID":"1689264","fromID":"1284026","toID":"1284032","formEdgeID":null},{"edgeID":"1689265","fromID":"1284032","toID":"1284021","formEdgeID":null},{"edgeID":"1689266","fromID":"1284031","toID":"1284033","formEdgeID":null},{"edgeID":"1689267","fromID":"1284033","toID":"1284032","formEdgeID":null},{"edgeID":"1689268","fromID":"1284036","toID":"1284035","formEdgeID":null},{"edgeID":"1689269","fromID":"1284037","toID":"1284036","formEdgeID":null},{"edgeID":"1689270","fromID":"1284035","toID":"1284038","formEdgeID":null},{"edgeID":"1689271","fromID":"1284038","toID":"1284034","formEdgeID":null},{"edgeID":"1689272","fromID":"1284027","toID":"1284039","formEdgeID":null},{"edgeID":"1689273","fromID":"1284039","toID":"1284035","formEdgeID":null},{"edgeID":"1689274","fromID":"1284042","toID":"1284041","formEdgeID":null},{"edgeID":"1689275","fromID":"1284043","toID":"1284042","formEdgeID":null},{"edgeID":"1689276","fromID":"1284041","toID":"1284044","formEdgeID":null},{"edgeID":"1689277","fromID":"1284044","toID":"1284040","formEdgeID":null},{"edgeID":"1689278","fromID":"1284035","toID":"1284045","formEdgeID":null},{"edgeID":"1689279","fromID":"1284045","toID":"1284041","formEdgeID":null},{"edgeID":"1689280","fromID":"1284040","toID":"1284046","formEdgeID":null},{"edgeID":"1689281","fromID":"1284046","toID":"1284034","formEdgeID":null},{"edgeID":"1689282","fromID":"1284045","toID":"1284047","formEdgeID":null},{"edgeID":"1689283","fromID":"1284047","toID":"1284046","formEdgeID":null},{"edgeID":"1689284","fromID":"1284050","toID":"1284049","formEdgeID":null},{"edgeID":"1689285","fromID":"1284051","toID":"1284050","formEdgeID":null},{"edgeID":"1689286","fromID":"1284049","toID":"1284052","formEdgeID":null},{"edgeID":"1689287","fromID":"1284052","toID":"1284048","formEdgeID":null},{"edgeID":"1689288","fromID":"1284041","toID":"1284053","formEdgeID":null},{"edgeID":"1689289","fromID":"1284053","toID":"1284049","formEdgeID":null},{"edgeID":"1689290","fromID":"1284048","toID":"1284054","formEdgeID":null},{"edgeID":"1689291","fromID":"1284054","toID":"1284040","formEdgeID":null},{"edgeID":"1689292","fromID":"1284053","toID":"1284055","formEdgeID":null},{"edgeID":"1689293","fromID":"1284055","toID":"1284054","formEdgeID":null},{"edgeID":"1689294","fromID":"1284057","toID":"1284056","formEdgeID":null},{"edgeID":"1689295","fromID":"1284058","toID":"1284057","formEdgeID":null},{"edgeID":"1689296","fromID":"1284056","toID":"1284059","formEdgeID":null},{"edgeID":"1689297","fromID":"1284059","toID":"898876","formEdgeID":null},{"edgeID":"1689298","fromID":"1284049","toID":"1284060","formEdgeID":null},{"edgeID":"1689299","fromID":"1284060","toID":"1284056","formEdgeID":null},{"edgeID":"1689300","fromID":"1284063","toID":"1284062","formEdgeID":null},{"edgeID":"1689301","fromID":"1284064","toID":"1284063","formEdgeID":null},{"edgeID":"1689302","fromID":"1284062","toID":"1284065","formEdgeID":null},{"edgeID":"1689303","fromID":"1284065","toID":"1284061","formEdgeID":null},{"edgeID":"1689304","fromID":"1284068","toID":"1284067","formEdgeID":null},{"edgeID":"1689305","fromID":"1284069","toID":"1284068","formEdgeID":null},{"edgeID":"1689306","fromID":"1284067","toID":"1284070","formEdgeID":null},{"edgeID":"1689307","fromID":"1284070","toID":"1284066","formEdgeID":null},{"edgeID":"1689308","fromID":"1284056","toID":"1284071","formEdgeID":null},{"edgeID":"1689309","fromID":"1284071","toID":"1284062","formEdgeID":null},{"edgeID":"1689310","fromID":"1284062","toID":"1284072","formEdgeID":null},{"edgeID":"1689311","fromID":"1284072","toID":"1284067","formEdgeID":null},{"edgeID":"1689312","fromID":"1284075","toID":"1284074","formEdgeID":null},{"edgeID":"1689313","fromID":"1284076","toID":"1284075","formEdgeID":null},{"edgeID":"1689314","fromID":"1284074","toID":"1284077","formEdgeID":null},{"edgeID":"1689315","fromID":"1284077","toID":"1284073","formEdgeID":null},{"edgeID":"1689316","fromID":"1284067","toID":"1284078","formEdgeID":null},{"edgeID":"1689317","fromID":"1284078","toID":"1284074","formEdgeID":null},{"edgeID":"1689318","fromID":"1284081","toID":"1284080","formEdgeID":null},{"edgeID":"1689319","fromID":"1284082","toID":"1284081","formEdgeID":null},{"edgeID":"1689320","fromID":"1284080","toID":"1284083","formEdgeID":null},{"edgeID":"1689321","fromID":"1284083","toID":"1284079","formEdgeID":null},{"edgeID":"1689322","fromID":"1284074","toID":"1284084","formEdgeID":null},{"edgeID":"1689323","fromID":"1284084","toID":"1284080","formEdgeID":null},{"edgeID":"1689324","fromID":"1284079","toID":"1284085","formEdgeID":null},{"edgeID":"1689325","fromID":"1284085","toID":"1284073","formEdgeID":null},{"edgeID":"1689326","fromID":"1284084","toID":"1284086","formEdgeID":null},{"edgeID":"1689327","fromID":"1284086","toID":"1284085","formEdgeID":null},{"edgeID":"1689328","fromID":"1284089","toID":"1284088","formEdgeID":null},{"edgeID":"1689329","fromID":"1284090","toID":"1284089","formEdgeID":null},{"edgeID":"1689330","fromID":"1284088","toID":"1284091","formEdgeID":null},{"edgeID":"1689331","fromID":"1284091","toID":"1284087","formEdgeID":null},{"edgeID":"1689332","fromID":"1284080","toID":"1284092","formEdgeID":null},{"edgeID":"1689333","fromID":"1284092","toID":"1284088","formEdgeID":null},{"edgeID":"1689334","fromID":"1284087","toID":"1284093","formEdgeID":null},{"edgeID":"1689335","fromID":"1284093","toID":"1284079","formEdgeID":null},{"edgeID":"1689336","fromID":"1284092","toID":"1284094","formEdgeID":null},{"edgeID":"1689337","fromID":"1284094","toID":"1284093","formEdgeID":null},{"edgeID":"1689338","fromID":"1284012","toID":"1284095","formEdgeID":null},{"edgeID":"1689339","fromID":"1284095","toID":"1284022","formEdgeID":null},{"edgeID":"1689340","fromID":"1284021","toID":"1284096","formEdgeID":null},{"edgeID":"1689341","fromID":"1284096","toID":"1284011","formEdgeID":null},{"edgeID":"1689342","fromID":"1284095","toID":"1284097","formEdgeID":null},{"edgeID":"1689343","fromID":"1284097","toID":"1284096","formEdgeID":null},{"edgeID":"1689344","fromID":"1284017","toID":"1284098","formEdgeID":null},{"edgeID":"1689345","fromID":"1284098","toID":"1284062","formEdgeID":null},{"edgeID":"1689346","fromID":"1284061","toID":"1284099","formEdgeID":null},{"edgeID":"1689347","fromID":"1284099","toID":"1284016","formEdgeID":null},{"edgeID":"1689348","fromID":"1284098","toID":"1284100","formEdgeID":null},{"edgeID":"1689349","fromID":"1284100","toID":"1284099","formEdgeID":null},{"edgeID":"1689350","fromID":"1284012","toID":"1284101","formEdgeID":null},{"edgeID":"1689351","fromID":"1284101","toID":"1284017","formEdgeID":null},{"edgeID":"1689352","fromID":"1284062","toID":"1284102","formEdgeID":null},{"edgeID":"1689353","fromID":"1284102","toID":"1284088","formEdgeID":null},{"edgeID":"1689354","fromID":"1284061","toID":"1284103","formEdgeID":null},{"edgeID":"1689355","fromID":"1284103","toID":"1284087","formEdgeID":null},{"edgeID":"1689356","fromID":"1284102","toID":"1284104","formEdgeID":null},{"edgeID":"1689357","fromID":"1284104","toID":"1284103","formEdgeID":null},{"edgeID":"1689358","fromID":"1284049","toID":"1284105","formEdgeID":null},{"edgeID":"1689359","fromID":"1284105","toID":"1284062","formEdgeID":null},{"edgeID":"1689360","fromID":"1284061","toID":"1284106","formEdgeID":null},{"edgeID":"1689361","fromID":"1284106","toID":"1284048","formEdgeID":null},{"edgeID":"1689362","fromID":"1284105","toID":"1284107","formEdgeID":null},{"edgeID":"1689363","fromID":"1284107","toID":"1284106","formEdgeID":null},{"edgeID":"1689364","fromID":"1284016","toID":"1284108","formEdgeID":null},{"edgeID":"1689365","fromID":"1284108","toID":"1284011","formEdgeID":null},{"edgeID":"1689366","fromID":"1284101","toID":"1284109","formEdgeID":null},{"edgeID":"1689367","fromID":"1284109","toID":"1284108","formEdgeID":null},{"edgeID":"1689368","fromID":"1284074","toID":"1284110","formEdgeID":null},{"edgeID":"1689369","fromID":"1284110","toID":"1284080","formEdgeID":null}],"locutions":[]}