{"nodes":[{"nodeID":"898874","text":"inflation will hit 7% in April","type":"I","timestamp":"2022-02-10 21:17:49"},{"nodeID":"898881","text":"the Government's proposed interventions do or do not fair the way to tackle the rising cost and inflation we will see","type":"I","timestamp":"2022-02-10 21:17:51"},{"nodeID":"898888","text":"it doesn't seem that it's targeted enough or proportionate to give a loan that has to be paid back","type":"I","timestamp":"2022-02-10 21:17:53"},{"nodeID":"1284179","text":"energy is just a piece of the puzzle","type":"I","timestamp":"2023-11-09 12:33:01"},{"nodeID":"1284180","text":"AudienceMember 20220210QT09: Energy is just a piece of the puzzle","type":"L","timestamp":"2023-11-09 12:33:01"},{"nodeID":"1284181","text":"Analysing","type":"YA","timestamp":"2023-11-09 12:33:01"},{"nodeID":"1284182","text":"Mascha: AudienceMember 20220210QT09: Energy is just a piece of the puzzle","type":"L","timestamp":"2023-11-09 12:33:01"},{"nodeID":"1284183","text":"Asserting","type":"YA","timestamp":"2023-11-09 12:33:01"},{"nodeID":"1284184","text":"AudienceMember 20220210QT09:  Bank of England said inflation will hit 7% in April","type":"L","timestamp":"2023-11-09 12:33:01"},{"nodeID":"1284185","text":"Analysing","type":"YA","timestamp":"2023-11-09 12:33:01"},{"nodeID":"1284186","text":"Mascha: AudienceMember 20220210QT09:  Bank of England said inflation will hit 7% in April","type":"L","timestamp":"2023-11-09 12:33:01"},{"nodeID":"1284187","text":"Bank of England: inflation will hit 7% in April","type":"L","timestamp":"2023-11-09 12:33:01"},{"nodeID":"1284188","text":"Analysing","type":"YA","timestamp":"2023-11-09 12:33:01"},{"nodeID":"1284189","text":"Mascha: Bank of England:  Bank of England said inflation will hit 7% in April","type":"L","timestamp":"2023-11-09 12:33:01"},{"nodeID":"1284190","text":"Asserting","type":"YA","timestamp":"2023-11-09 12:33:01"},{"nodeID":"1284191","text":"Default Transition","type":"TA","timestamp":"2023-11-09 12:33:01"},{"nodeID":"1284192","text":"Asserting","type":"YA","timestamp":"2023-11-09 12:33:01"},{"nodeID":"1284193","text":"xxx is when are we going to be honest about the economic and social damage that we did to ourselves during the pandemic","type":"I","timestamp":"2023-11-09 12:33:02"},{"nodeID":"1284194","text":"AudienceMember 20220210QT09:  when are we going to be honest about the economic and social damage that we did to ourselves during the pandemic","type":"L","timestamp":"2023-11-09 12:33:02"},{"nodeID":"1284195","text":"Analysing","type":"YA","timestamp":"2023-11-09 12:33:02"},{"nodeID":"1284196","text":"Mascha: AudienceMember 20220210QT09:  when are we going to be honest about the economic and social damage that we did to ourselves during the pandemic","type":"L","timestamp":"2023-11-09 12:33:02"},{"nodeID":"1284197","text":"Pure Questioning","type":"YA","timestamp":"2023-11-09 12:33:02"},{"nodeID":"1284198","text":"Default Transition","type":"TA","timestamp":"2023-11-09 12:33:02"},{"nodeID":"1284199","text":"with a we borrowed then to be able to get through it","type":"I","timestamp":"2023-11-09 12:33:02"},{"nodeID":"1284200","text":"AudienceMember 20220210QT09:  with a we borrowed then to be able to get through it","type":"L","timestamp":"2023-11-09 12:33:02"},{"nodeID":"1284201","text":"Analysing","type":"YA","timestamp":"2023-11-09 12:33:02"},{"nodeID":"1284202","text":"Mascha: AudienceMember 20220210QT09:  with a we borrowed then to be able to get through it","type":"L","timestamp":"2023-11-09 12:33:02"},{"nodeID":"1284203","text":"Asserting","type":"YA","timestamp":"2023-11-09 12:33:02"},{"nodeID":"1284204","text":"Default Transition","type":"TA","timestamp":"2023-11-09 12:33:02"},{"nodeID":"1284205","text":"AudienceMember 20220210QT09 thinks or does not think we borrowed too much","type":"I","timestamp":"2023-11-09 12:33:03"},{"nodeID":"1284206","text":"Fiona Bruce: You think we borrowed too much","type":"L","timestamp":"2023-11-09 12:33:03"},{"nodeID":"1284207","text":"Analysing","type":"YA","timestamp":"2023-11-09 12:33:03"},{"nodeID":"1284208","text":"Mascha: Fiona Bruce: You think we borrowed too much","type":"L","timestamp":"2023-11-09 12:33:03"},{"nodeID":"1284209","text":"Pure Questioning","type":"YA","timestamp":"2023-11-09 12:33:03"},{"nodeID":"1284210","text":"Default Transition","type":"TA","timestamp":"2023-11-09 12:33:03"},{"nodeID":"1284211","text":"Default Rephrase","type":"MA","timestamp":"2023-11-09 12:33:03"},{"nodeID":"1284212","text":"Restating","type":"YA","timestamp":"2023-11-09 12:33:03"},{"nodeID":"1284213","text":"perhaps we were a little overprotective","type":"I","timestamp":"2023-11-09 12:33:04"},{"nodeID":"1284214","text":"AudienceMember 20220210QT10:  Perhaps we were a little overprotective","type":"L","timestamp":"2023-11-09 12:33:04"},{"nodeID":"1284215","text":"Analysing","type":"YA","timestamp":"2023-11-09 12:33:04"},{"nodeID":"1284216","text":"Mascha: AudienceMember 20220210QT10:  Perhaps we were a little overprotective","type":"L","timestamp":"2023-11-09 12:33:04"},{"nodeID":"1284217","text":"Asserting","type":"YA","timestamp":"2023-11-09 12:33:04"},{"nodeID":"1284218","text":"Default Transition","type":"TA","timestamp":"2023-11-09 12:33:04"},{"nodeID":"1284219","text":"we were a little overzealous","type":"I","timestamp":"2023-11-09 12:33:04"},{"nodeID":"1284220","text":"AudienceMember 20220210QT10: overzealous","type":"L","timestamp":"2023-11-09 12:33:04"},{"nodeID":"1284221","text":"Analysing","type":"YA","timestamp":"2023-11-09 12:33:04"},{"nodeID":"1284222","text":"Mascha: AudienceMember 20220210QT10: overzealous","type":"L","timestamp":"2023-11-09 12:33:04"},{"nodeID":"1284223","text":"Asserting","type":"YA","timestamp":"2023-11-09 12:33:04"},{"nodeID":"1284224","text":"Default Transition","type":"TA","timestamp":"2023-11-09 12:33:04"},{"nodeID":"1284225","text":"Default Rephrase","type":"MA","timestamp":"2023-11-09 12:33:04"},{"nodeID":"1284226","text":"Restating","type":"YA","timestamp":"2023-11-09 12:33:04"},{"nodeID":"1284227","text":"there are social and economic costs we are now paying","type":"I","timestamp":"2023-11-09 12:33:05"},{"nodeID":"1284228","text":"AudienceMember 20220210QT10: there are social and economic costs we are now paying","type":"L","timestamp":"2023-11-09 12:33:05"},{"nodeID":"1284229","text":"Analysing","type":"YA","timestamp":"2023-11-09 12:33:05"},{"nodeID":"1284230","text":"Mascha: AudienceMember 20220210QT10: there are social and economic costs we are now paying","type":"L","timestamp":"2023-11-09 12:33:05"},{"nodeID":"1284231","text":"Asserting","type":"YA","timestamp":"2023-11-09 12:33:05"},{"nodeID":"1284232","text":"Default Transition","type":"TA","timestamp":"2023-11-09 12:33:05"},{"nodeID":"1284233","text":"Default Inference","type":"RA","timestamp":"2023-11-09 12:33:05"},{"nodeID":"1284234","text":"Arguing","type":"YA","timestamp":"2023-11-09 12:33:05"},{"nodeID":"1284235","text":"Fiona Bruce: Are the Government's proposed interventions fair the way to tackle it, the rising cost and inflation we will see","type":"L","timestamp":"2023-11-09 12:33:05"},{"nodeID":"1284236","text":"Analysing","type":"YA","timestamp":"2023-11-09 12:33:05"},{"nodeID":"1284237","text":"Mascha: Fiona Bruce: Are the Government's proposed interventions fair the way to tackle it, the rising cost and inflation we will see","type":"L","timestamp":"2023-11-09 12:33:05"},{"nodeID":"1284238","text":"Pure Questioning","type":"YA","timestamp":"2023-11-09 12:33:05"},{"nodeID":"1284239","text":"Default Transition","type":"TA","timestamp":"2023-11-09 12:33:05"},{"nodeID":"1284240","text":"Default Rephrase","type":"MA","timestamp":"2023-11-09 12:33:05"},{"nodeID":"1284241","text":"Default Transition","type":"TA","timestamp":"2023-11-09 12:33:05"},{"nodeID":"1284242","text":"Restating","type":"YA","timestamp":"2023-11-09 12:33:05"},{"nodeID":"1284243","text":"people shouldn't be having to choose whether they can eat and heat their houses","type":"I","timestamp":"2023-11-09 12:33:06"},{"nodeID":"1284244","text":"Robin Shattock: people shouldn't be having to choose whether they can eat and heat their houses","type":"L","timestamp":"2023-11-09 12:33:06"},{"nodeID":"1284245","text":"Analysing","type":"YA","timestamp":"2023-11-09 12:33:06"},{"nodeID":"1284246","text":"Mascha: Robin Shattock: people shouldn't be having to choose whether they can eat and heat their houses","type":"L","timestamp":"2023-11-09 12:33:06"},{"nodeID":"1284247","text":"Asserting","type":"YA","timestamp":"2023-11-09 12:33:06"},{"nodeID":"1284248","text":"Default Transition","type":"TA","timestamp":"2023-11-09 12:33:06"},{"nodeID":"1284249","text":"people shouldn't be having to choose whether they can heat their homes","type":"I","timestamp":"2023-11-09 12:33:06"},{"nodeID":"1284250","text":"Robin Shattock: their homes","type":"L","timestamp":"2023-11-09 12:33:06"},{"nodeID":"1284251","text":"Analysing","type":"YA","timestamp":"2023-11-09 12:33:06"},{"nodeID":"1284252","text":"Mascha: Robin Shattock: their homes","type":"L","timestamp":"2023-11-09 12:33:06"},{"nodeID":"1284253","text":"Asserting","type":"YA","timestamp":"2023-11-09 12:33:06"},{"nodeID":"1284254","text":"Default Transition","type":"TA","timestamp":"2023-11-09 12:33:06"},{"nodeID":"1284255","text":"Default Rephrase","type":"MA","timestamp":"2023-11-09 12:33:06"},{"nodeID":"1284256","text":"Restating","type":"YA","timestamp":"2023-11-09 12:33:06"},{"nodeID":"1284257","text":"Robin Shattock:  it doesn't seem that it's targeted enough or proportionate to give a loan that has to be paid back","type":"L","timestamp":"2023-11-09 12:33:07"},{"nodeID":"1284258","text":"Analysing","type":"YA","timestamp":"2023-11-09 12:33:07"},{"nodeID":"1284259","text":"Mascha: Robin Shattock:  it doesn't seem that it's targeted enough or proportionate to give a loan that has to be paid back","type":"L","timestamp":"2023-11-09 12:33:07"},{"nodeID":"1284260","text":"Asserting","type":"YA","timestamp":"2023-11-09 12:33:07"},{"nodeID":"1284261","text":"Default Rephrase","type":"MA","timestamp":"2023-11-09 12:33:07"},{"nodeID":"1284262","text":"Default Transition","type":"TA","timestamp":"2023-11-09 12:33:07"},{"nodeID":"1284263","text":"Default Illocuting","type":"YA","timestamp":"2023-11-09 12:33:07"},{"nodeID":"1284264","text":"Default Inference","type":"RA","timestamp":"2023-11-09 12:33:07"},{"nodeID":"1284265","text":"Default Transition","type":"TA","timestamp":"2023-11-09 12:33:07"},{"nodeID":"1284266","text":"Arguing","type":"YA","timestamp":"2023-11-09 12:33:07"},{"nodeID":"1284267","text":"there must be a better way to tackle the rising cost and inflation","type":"I","timestamp":"2023-11-09 12:33:08"},{"nodeID":"1284268","text":"Robin Shattock:  There must be a better way to do it","type":"L","timestamp":"2023-11-09 12:33:08"},{"nodeID":"1284269","text":"Analysing","type":"YA","timestamp":"2023-11-09 12:33:08"},{"nodeID":"1284270","text":"Mascha: Robin Shattock:  There must be a better way to do it","type":"L","timestamp":"2023-11-09 12:33:08"},{"nodeID":"1284271","text":"Asserting","type":"YA","timestamp":"2023-11-09 12:33:08"},{"nodeID":"1284272","text":"Default Inference","type":"RA","timestamp":"2023-11-09 12:33:08"},{"nodeID":"1284273","text":"Default Transition","type":"TA","timestamp":"2023-11-09 12:33:08"},{"nodeID":"1284274","text":"Arguing","type":"YA","timestamp":"2023-11-09 12:33:08"},{"nodeID":"1284275","text":"there must be a more efficient way to do tackle the rising cost and inflation","type":"I","timestamp":"2023-11-09 12:33:08"},{"nodeID":"1284276","text":"Robin Shattock: a more efficient way to do it","type":"L","timestamp":"2023-11-09 12:33:08"},{"nodeID":"1284277","text":"Analysing","type":"YA","timestamp":"2023-11-09 12:33:08"},{"nodeID":"1284278","text":"Mascha: Robin Shattock: a more efficient way to do it","type":"L","timestamp":"2023-11-09 12:33:08"},{"nodeID":"1284279","text":"Asserting","type":"YA","timestamp":"2023-11-09 12:33:08"},{"nodeID":"1284280","text":"Default Transition","type":"TA","timestamp":"2023-11-09 12:33:08"},{"nodeID":"1284281","text":"Default Rephrase","type":"MA","timestamp":"2023-11-09 12:33:08"},{"nodeID":"1284282","text":"Restating","type":"YA","timestamp":"2023-11-09 12:33:08"},{"nodeID":"1284283","text":"there must be a more immediate fashion to tackle the rising cost and inflation","type":"I","timestamp":"2023-11-09 12:33:09"},{"nodeID":"1284284","text":"Robin Shattock: a more immediate fashion","type":"L","timestamp":"2023-11-09 12:33:09"},{"nodeID":"1284285","text":"Analysing","type":"YA","timestamp":"2023-11-09 12:33:09"},{"nodeID":"1284286","text":"Mascha: Robin Shattock: a more immediate fashion","type":"L","timestamp":"2023-11-09 12:33:09"},{"nodeID":"1284287","text":"Asserting","type":"YA","timestamp":"2023-11-09 12:33:09"},{"nodeID":"1284288","text":"Default Transition","type":"TA","timestamp":"2023-11-09 12:33:09"},{"nodeID":"1284289","text":"Default Rephrase","type":"MA","timestamp":"2023-11-09 12:33:09"},{"nodeID":"1284290","text":"Restating","type":"YA","timestamp":"2023-11-09 12:33:09"}],"edges":[{"edgeID":"1689462","fromID":"1284181","toID":"1284180","formEdgeID":null},{"edgeID":"1689463","fromID":"1284182","toID":"1284181","formEdgeID":null},{"edgeID":"1689464","fromID":"1284180","toID":"1284183","formEdgeID":null},{"edgeID":"1689465","fromID":"1284183","toID":"1284179","formEdgeID":null},{"edgeID":"1689466","fromID":"1284185","toID":"1284184","formEdgeID":null},{"edgeID":"1689467","fromID":"1284186","toID":"1284185","formEdgeID":null},{"edgeID":"1689468","fromID":"1284188","toID":"1284187","formEdgeID":null},{"edgeID":"1689469","fromID":"1284189","toID":"1284188","formEdgeID":null},{"edgeID":"1689470","fromID":"1284187","toID":"1284190","formEdgeID":null},{"edgeID":"1689471","fromID":"1284190","toID":"898874","formEdgeID":null},{"edgeID":"1689472","fromID":"1284180","toID":"1284191","formEdgeID":null},{"edgeID":"1689473","fromID":"1284191","toID":"1284184","formEdgeID":null},{"edgeID":"1689474","fromID":"1284184","toID":"1284192","formEdgeID":null},{"edgeID":"1689475","fromID":"1284192","toID":"1284187","formEdgeID":null},{"edgeID":"1689476","fromID":"1284195","toID":"1284194","formEdgeID":null},{"edgeID":"1689477","fromID":"1284196","toID":"1284195","formEdgeID":null},{"edgeID":"1689478","fromID":"1284194","toID":"1284197","formEdgeID":null},{"edgeID":"1689479","fromID":"1284197","toID":"1284193","formEdgeID":null},{"edgeID":"1689480","fromID":"1284184","toID":"1284198","formEdgeID":null},{"edgeID":"1689481","fromID":"1284198","toID":"1284194","formEdgeID":null},{"edgeID":"1689482","fromID":"1284201","toID":"1284200","formEdgeID":null},{"edgeID":"1689483","fromID":"1284202","toID":"1284201","formEdgeID":null},{"edgeID":"1689484","fromID":"1284200","toID":"1284203","formEdgeID":null},{"edgeID":"1689485","fromID":"1284203","toID":"1284199","formEdgeID":null},{"edgeID":"1689486","fromID":"1284194","toID":"1284204","formEdgeID":null},{"edgeID":"1689487","fromID":"1284204","toID":"1284200","formEdgeID":null},{"edgeID":"1689488","fromID":"1284207","toID":"1284206","formEdgeID":null},{"edgeID":"1689489","fromID":"1284208","toID":"1284207","formEdgeID":null},{"edgeID":"1689490","fromID":"1284206","toID":"1284209","formEdgeID":null},{"edgeID":"1689491","fromID":"1284209","toID":"1284205","formEdgeID":null},{"edgeID":"1689492","fromID":"1284200","toID":"1284210","formEdgeID":null},{"edgeID":"1689493","fromID":"1284210","toID":"1284206","formEdgeID":null},{"edgeID":"1689494","fromID":"1284205","toID":"1284211","formEdgeID":null},{"edgeID":"1689495","fromID":"1284211","toID":"1284199","formEdgeID":null},{"edgeID":"1689496","fromID":"1284210","toID":"1284212","formEdgeID":null},{"edgeID":"1689497","fromID":"1284212","toID":"1284211","formEdgeID":null},{"edgeID":"1689498","fromID":"1284215","toID":"1284214","formEdgeID":null},{"edgeID":"1689499","fromID":"1284216","toID":"1284215","formEdgeID":null},{"edgeID":"1689500","fromID":"1284214","toID":"1284217","formEdgeID":null},{"edgeID":"1689501","fromID":"1284217","toID":"1284213","formEdgeID":null},{"edgeID":"1689502","fromID":"1284206","toID":"1284218","formEdgeID":null},{"edgeID":"1689503","fromID":"1284218","toID":"1284214","formEdgeID":null},{"edgeID":"1689504","fromID":"1284221","toID":"1284220","formEdgeID":null},{"edgeID":"1689505","fromID":"1284222","toID":"1284221","formEdgeID":null},{"edgeID":"1689506","fromID":"1284220","toID":"1284223","formEdgeID":null},{"edgeID":"1689507","fromID":"1284223","toID":"1284219","formEdgeID":null},{"edgeID":"1689508","fromID":"1284214","toID":"1284224","formEdgeID":null},{"edgeID":"1689509","fromID":"1284224","toID":"1284220","formEdgeID":null},{"edgeID":"1689510","fromID":"1284219","toID":"1284225","formEdgeID":null},{"edgeID":"1689511","fromID":"1284225","toID":"1284213","formEdgeID":null},{"edgeID":"1689512","fromID":"1284224","toID":"1284226","formEdgeID":null},{"edgeID":"1689513","fromID":"1284226","toID":"1284225","formEdgeID":null},{"edgeID":"1689514","fromID":"1284229","toID":"1284228","formEdgeID":null},{"edgeID":"1689515","fromID":"1284230","toID":"1284229","formEdgeID":null},{"edgeID":"1689516","fromID":"1284228","toID":"1284231","formEdgeID":null},{"edgeID":"1689517","fromID":"1284231","toID":"1284227","formEdgeID":null},{"edgeID":"1689518","fromID":"1284220","toID":"1284232","formEdgeID":null},{"edgeID":"1689519","fromID":"1284232","toID":"1284228","formEdgeID":null},{"edgeID":"1689520","fromID":"1284219","toID":"1284233","formEdgeID":null},{"edgeID":"1689521","fromID":"1284233","toID":"1284227","formEdgeID":null},{"edgeID":"1689522","fromID":"1284232","toID":"1284234","formEdgeID":null},{"edgeID":"1689523","fromID":"1284234","toID":"1284233","formEdgeID":null},{"edgeID":"1689524","fromID":"1284236","toID":"1284235","formEdgeID":null},{"edgeID":"1689525","fromID":"1284237","toID":"1284236","formEdgeID":null},{"edgeID":"1689526","fromID":"1284235","toID":"1284238","formEdgeID":null},{"edgeID":"1689527","fromID":"1284238","toID":"898881","formEdgeID":null},{"edgeID":"1689528","fromID":"1284228","toID":"1284239","formEdgeID":null},{"edgeID":"1689529","fromID":"1284239","toID":"1284235","formEdgeID":null},{"edgeID":"1689530","fromID":"1284227","toID":"1284240","formEdgeID":null},{"edgeID":"1689531","fromID":"1284240","toID":"1284193","formEdgeID":null},{"edgeID":"1689532","fromID":"1284194","toID":"1284241","formEdgeID":null},{"edgeID":"1689533","fromID":"1284241","toID":"1284228","formEdgeID":null},{"edgeID":"1689534","fromID":"1284241","toID":"1284242","formEdgeID":null},{"edgeID":"1689535","fromID":"1284242","toID":"1284240","formEdgeID":null},{"edgeID":"1689536","fromID":"1284245","toID":"1284244","formEdgeID":null},{"edgeID":"1689537","fromID":"1284246","toID":"1284245","formEdgeID":null},{"edgeID":"1689538","fromID":"1284244","toID":"1284247","formEdgeID":null},{"edgeID":"1689539","fromID":"1284247","toID":"1284243","formEdgeID":null},{"edgeID":"1689540","fromID":"1284235","toID":"1284248","formEdgeID":null},{"edgeID":"1689541","fromID":"1284248","toID":"1284244","formEdgeID":null},{"edgeID":"1689542","fromID":"1284251","toID":"1284250","formEdgeID":null},{"edgeID":"1689543","fromID":"1284252","toID":"1284251","formEdgeID":null},{"edgeID":"1689544","fromID":"1284250","toID":"1284253","formEdgeID":null},{"edgeID":"1689545","fromID":"1284253","toID":"1284249","formEdgeID":null},{"edgeID":"1689546","fromID":"1284244","toID":"1284254","formEdgeID":null},{"edgeID":"1689547","fromID":"1284254","toID":"1284250","formEdgeID":null},{"edgeID":"1689548","fromID":"1284249","toID":"1284255","formEdgeID":null},{"edgeID":"1689549","fromID":"1284255","toID":"1284243","formEdgeID":null},{"edgeID":"1689550","fromID":"1284254","toID":"1284256","formEdgeID":null},{"edgeID":"1689551","fromID":"1284256","toID":"1284255","formEdgeID":null},{"edgeID":"1689552","fromID":"1284258","toID":"1284257","formEdgeID":null},{"edgeID":"1689553","fromID":"1284259","toID":"1284258","formEdgeID":null},{"edgeID":"1689554","fromID":"1284257","toID":"1284260","formEdgeID":null},{"edgeID":"1689555","fromID":"1284260","toID":"898888","formEdgeID":null},{"edgeID":"1689556","fromID":"898888","toID":"1284261","formEdgeID":null},{"edgeID":"1689557","fromID":"1284261","toID":"898881","formEdgeID":null},{"edgeID":"1689558","fromID":"1284235","toID":"1284262","formEdgeID":null},{"edgeID":"1689559","fromID":"1284262","toID":"1284257","formEdgeID":null},{"edgeID":"1689560","fromID":"1284262","toID":"1284263","formEdgeID":null},{"edgeID":"1689561","fromID":"1284263","toID":"1284261","formEdgeID":null},{"edgeID":"1689562","fromID":"1284249","toID":"1284264","formEdgeID":null},{"edgeID":"1689563","fromID":"1284264","toID":"898888","formEdgeID":null},{"edgeID":"1689564","fromID":"1284250","toID":"1284265","formEdgeID":null},{"edgeID":"1689565","fromID":"1284265","toID":"1284257","formEdgeID":null},{"edgeID":"1689566","fromID":"1284265","toID":"1284266","formEdgeID":null},{"edgeID":"1689567","fromID":"1284266","toID":"1284264","formEdgeID":null},{"edgeID":"1689568","fromID":"1284269","toID":"1284268","formEdgeID":null},{"edgeID":"1689569","fromID":"1284270","toID":"1284269","formEdgeID":null},{"edgeID":"1689570","fromID":"1284268","toID":"1284271","formEdgeID":null},{"edgeID":"1689571","fromID":"1284271","toID":"1284267","formEdgeID":null},{"edgeID":"1689572","fromID":"1284249","toID":"1284272","formEdgeID":null},{"edgeID":"1689573","fromID":"1284272","toID":"1284267","formEdgeID":null},{"edgeID":"1689574","fromID":"1284250","toID":"1284273","formEdgeID":null},{"edgeID":"1689575","fromID":"1284273","toID":"1284268","formEdgeID":null},{"edgeID":"1689576","fromID":"1284273","toID":"1284274","formEdgeID":null},{"edgeID":"1689577","fromID":"1284274","toID":"1284272","formEdgeID":null},{"edgeID":"1689578","fromID":"1284277","toID":"1284276","formEdgeID":null},{"edgeID":"1689579","fromID":"1284278","toID":"1284277","formEdgeID":null},{"edgeID":"1689580","fromID":"1284276","toID":"1284279","formEdgeID":null},{"edgeID":"1689581","fromID":"1284279","toID":"1284275","formEdgeID":null},{"edgeID":"1689582","fromID":"1284268","toID":"1284280","formEdgeID":null},{"edgeID":"1689583","fromID":"1284280","toID":"1284276","formEdgeID":null},{"edgeID":"1689584","fromID":"1284275","toID":"1284281","formEdgeID":null},{"edgeID":"1689585","fromID":"1284281","toID":"1284267","formEdgeID":null},{"edgeID":"1689586","fromID":"1284280","toID":"1284282","formEdgeID":null},{"edgeID":"1689587","fromID":"1284282","toID":"1284281","formEdgeID":null},{"edgeID":"1689588","fromID":"1284285","toID":"1284284","formEdgeID":null},{"edgeID":"1689589","fromID":"1284286","toID":"1284285","formEdgeID":null},{"edgeID":"1689590","fromID":"1284284","toID":"1284287","formEdgeID":null},{"edgeID":"1689591","fromID":"1284287","toID":"1284283","formEdgeID":null},{"edgeID":"1689592","fromID":"1284276","toID":"1284288","formEdgeID":null},{"edgeID":"1689593","fromID":"1284288","toID":"1284284","formEdgeID":null},{"edgeID":"1689594","fromID":"1284283","toID":"1284289","formEdgeID":null},{"edgeID":"1689595","fromID":"1284289","toID":"1284275","formEdgeID":null},{"edgeID":"1689596","fromID":"1284288","toID":"1284290","formEdgeID":null},{"edgeID":"1689597","fromID":"1284290","toID":"1284289","formEdgeID":null}],"locutions":[]}