{"nodes":[{"nodeID":"899007","text":"our best defence against this virus is to take the vaccine","type":"I","timestamp":"2022-02-10 21:18:37"},{"nodeID":"899049","text":"any medication, a box of paracetamol or ibu will have a list of the most common and serious side effects","type":"I","timestamp":"2022-02-10 21:18:53"},{"nodeID":"1148007","text":"we want to appeal to authority","type":"I","timestamp":"2023-04-20 18:34:19"},{"nodeID":"1148058","text":"Rosena Allin-Khan respects personal choice not to take the vaccine","type":"I","timestamp":"2023-04-20 18:34:47"},{"nodeID":"1148067","text":"AudienceMember 20220210QT22 studied philosophy at university","type":"I","timestamp":"2023-04-20 18:34:52"},{"nodeID":"1148082","text":"Robin Shattock has given AudienceMember 20220210QT22 the information","type":"I","timestamp":"2023-04-20 18:34:59"},{"nodeID":"1148087","text":"AudienceMember 20220210QT22 is going through their notes finding all sorts of other things","type":"I","timestamp":"2023-04-20 18:35:02"},{"nodeID":"1286748","text":"Fiona Bruce: No","type":"L","timestamp":"2023-11-09 12:36:45"},{"nodeID":"1286749","text":"AudienceMember 20220210QT22 has got Robin Shattock here a world-renowned expert, developing vaccines, researching vaccines for HIV and Ebola","type":"I","timestamp":"2023-11-09 12:36:45"},{"nodeID":"1286750","text":"Fiona Bruce: you have got Robin here a world-renowned expert, developing vaccines, researching vaccines for HIV and Ebola","type":"L","timestamp":"2023-11-09 12:36:45"},{"nodeID":"1286751","text":"Analysing","type":"YA","timestamp":"2023-11-09 12:36:45"},{"nodeID":"1286752","text":"Anon: Fiona Bruce: you have got Robin here a world-renowned expert, developing vaccines, researching vaccines for HIV and Ebola","type":"L","timestamp":"2023-11-09 12:36:45"},{"nodeID":"1286753","text":"Asserting","type":"YA","timestamp":"2023-11-09 12:36:45"},{"nodeID":"1286754","text":"Fiona Bruce: he has given you the information","type":"L","timestamp":"2023-11-09 12:36:46"},{"nodeID":"1286755","text":"Analysing","type":"YA","timestamp":"2023-11-09 12:36:46"},{"nodeID":"1286756","text":"Anon: Fiona Bruce: he has given you the information","type":"L","timestamp":"2023-11-09 12:36:46"},{"nodeID":"1286757","text":"Asserting","type":"YA","timestamp":"2023-11-09 12:36:46"},{"nodeID":"1286758","text":"Default Transition","type":"TA","timestamp":"2023-11-09 12:36:46"},{"nodeID":"1286759","text":"Default Inference","type":"RA","timestamp":"2023-11-09 12:36:46"},{"nodeID":"1286760","text":"Arguing","type":"YA","timestamp":"2023-11-09 12:36:46"},{"nodeID":"1286761","text":"Fiona Bruce: you are going through your notes finding all sorts of other things","type":"L","timestamp":"2023-11-09 12:36:46"},{"nodeID":"1286762","text":"Analysing","type":"YA","timestamp":"2023-11-09 12:36:46"},{"nodeID":"1286763","text":"Anon: Fiona Bruce: you are going through your notes finding all sorts of other things","type":"L","timestamp":"2023-11-09 12:36:46"},{"nodeID":"1286764","text":"Asserting","type":"YA","timestamp":"2023-11-09 12:36:46"},{"nodeID":"1286765","text":"Default Transition","type":"TA","timestamp":"2023-11-09 12:36:46"},{"nodeID":"1286766","text":"Default Conflict","type":"CA","timestamp":"2023-11-09 12:36:46"},{"nodeID":"1286767","text":"Disagreeing","type":"YA","timestamp":"2023-11-09 12:36:46"},{"nodeID":"1286768","text":"nothing Robin Shattock says is or is not credible to AudienceMember 20220210QT22","type":"I","timestamp":"2023-11-09 12:36:47"},{"nodeID":"1286769","text":"Fiona Bruce: is nothing he says credible to you","type":"L","timestamp":"2023-11-09 12:36:47"},{"nodeID":"1286770","text":"Analysing","type":"YA","timestamp":"2023-11-09 12:36:47"},{"nodeID":"1286771","text":"Anon: Fiona Bruce: is nothing he says credible to you","type":"L","timestamp":"2023-11-09 12:36:47"},{"nodeID":"1286772","text":"Pure Questioning","type":"YA","timestamp":"2023-11-09 12:36:47"},{"nodeID":"1286773","text":"Default Transition","type":"TA","timestamp":"2023-11-09 12:36:47"},{"nodeID":"1286774","text":"Default Inference","type":"RA","timestamp":"2023-11-09 12:36:47"},{"nodeID":"1286775","text":"Arguing","type":"YA","timestamp":"2023-11-09 12:36:47"},{"nodeID":"1286776","text":"nothing Robin Shattock says is or is not credible to AudienceMember 20220210QT22, given what an eminent scientist he is","type":"I","timestamp":"2023-11-09 12:36:48"},{"nodeID":"1286777","text":"Fiona Bruce: Given how, what an eminent scientist he is","type":"L","timestamp":"2023-11-09 12:36:48"},{"nodeID":"1286778","text":"Analysing","type":"YA","timestamp":"2023-11-09 12:36:48"},{"nodeID":"1286779","text":"Anon: Fiona Bruce: Given how, what an eminent scientist he is","type":"L","timestamp":"2023-11-09 12:36:48"},{"nodeID":"1286780","text":"Pure Questioning","type":"YA","timestamp":"2023-11-09 12:36:48"},{"nodeID":"1286781","text":"Default Transition","type":"TA","timestamp":"2023-11-09 12:36:48"},{"nodeID":"1286782","text":"Default Rephrase","type":"MA","timestamp":"2023-11-09 12:36:48"},{"nodeID":"1286783","text":"Restating","type":"YA","timestamp":"2023-11-09 12:36:48"},{"nodeID":"1286784","text":"of course what Robin Shattock says is credible","type":"I","timestamp":"2023-11-09 12:36:48"},{"nodeID":"1286785","text":"AudienceMember 20220210QT22: of course it is","type":"L","timestamp":"2023-11-09 12:36:48"},{"nodeID":"1286786","text":"Analysing","type":"YA","timestamp":"2023-11-09 12:36:48"},{"nodeID":"1286787","text":"Anon: AudienceMember 20220210QT22: of course it is","type":"L","timestamp":"2023-11-09 12:36:48"},{"nodeID":"1286788","text":"Asserting","type":"YA","timestamp":"2023-11-09 12:36:48"},{"nodeID":"1286789","text":"Default Transition","type":"TA","timestamp":"2023-11-09 12:36:48"},{"nodeID":"1286790","text":"Default Rephrase","type":"MA","timestamp":"2023-11-09 12:36:48"},{"nodeID":"1286791","text":"Default Illocuting","type":"YA","timestamp":"2023-11-09 12:36:48"},{"nodeID":"1286792","text":"AudienceMember 20220210QT22: I studied philosophy at university","type":"L","timestamp":"2023-11-09 12:36:49"},{"nodeID":"1286793","text":"Analysing","type":"YA","timestamp":"2023-11-09 12:36:49"},{"nodeID":"1286794","text":"Anon: AudienceMember 20220210QT22: I studied philosophy at university","type":"L","timestamp":"2023-11-09 12:36:49"},{"nodeID":"1286795","text":"Asserting","type":"YA","timestamp":"2023-11-09 12:36:49"},{"nodeID":"1286796","text":"Default Transition","type":"TA","timestamp":"2023-11-09 12:36:49"},{"nodeID":"1286797","text":"AudienceMember 20220210QT22 learned an appeal to authority is not an automatic win of an argument","type":"I","timestamp":"2023-11-09 12:36:49"},{"nodeID":"1286798","text":"AudienceMember 20220210QT22: learned an appeal to authority is not an automatic win of an argument","type":"L","timestamp":"2023-11-09 12:36:49"},{"nodeID":"1286799","text":"Analysing","type":"YA","timestamp":"2023-11-09 12:36:49"},{"nodeID":"1286800","text":"Anon: AudienceMember 20220210QT22: learned an appeal to authority is not an automatic win of an argument","type":"L","timestamp":"2023-11-09 12:36:49"},{"nodeID":"1286801","text":"Asserting","type":"YA","timestamp":"2023-11-09 12:36:49"},{"nodeID":"1286802","text":"Default Transition","type":"TA","timestamp":"2023-11-09 12:36:49"},{"nodeID":"1286803","text":"Default Inference","type":"RA","timestamp":"2023-11-09 12:36:49"},{"nodeID":"1286804","text":"Arguing","type":"YA","timestamp":"2023-11-09 12:36:49"},{"nodeID":"1286805","text":"AudienceMember 20220210QT22: we want to appeal to authority","type":"L","timestamp":"2023-11-09 12:36:50"},{"nodeID":"1286806","text":"Analysing","type":"YA","timestamp":"2023-11-09 12:36:50"},{"nodeID":"1286807","text":"Anon: AudienceMember 20220210QT22: we want to appeal to authority","type":"L","timestamp":"2023-11-09 12:36:50"},{"nodeID":"1286808","text":"Asserting","type":"YA","timestamp":"2023-11-09 12:36:50"},{"nodeID":"1286809","text":"Default Transition","type":"TA","timestamp":"2023-11-09 12:36:50"},{"nodeID":"1286810","text":"Default Rephrase","type":"MA","timestamp":"2023-11-09 12:36:50"},{"nodeID":"1286811","text":"Restating","type":"YA","timestamp":"2023-11-09 12:36:50"},{"nodeID":"1286812","text":"we can talk about say Dr Robert Malone who invented the vaccine","type":"I","timestamp":"2023-11-09 12:36:50"},{"nodeID":"1286813","text":"AudienceMember 20220210QT22: we can talk about say Dr Robert Malone who invented the vaccine","type":"L","timestamp":"2023-11-09 12:36:50"},{"nodeID":"1286814","text":"Analysing","type":"YA","timestamp":"2023-11-09 12:36:50"},{"nodeID":"1286815","text":"Anon: AudienceMember 20220210QT22: we can talk about say Dr Robert Malone who invented the vaccine","type":"L","timestamp":"2023-11-09 12:36:50"},{"nodeID":"1286816","text":"Asserting","type":"YA","timestamp":"2023-11-09 12:36:50"},{"nodeID":"1286817","text":"Default Inference","type":"RA","timestamp":"2023-11-09 12:36:50"},{"nodeID":"1286818","text":"Default Transition","type":"TA","timestamp":"2023-11-09 12:36:50"},{"nodeID":"1286819","text":"Dr Robert didn't invent mRNA vaccines","type":"I","timestamp":"2023-11-09 12:36:51"},{"nodeID":"1286820","text":"Robin Shattock: He didn't invent mRNA vaccines","type":"L","timestamp":"2023-11-09 12:36:51"},{"nodeID":"1286821","text":"Analysing","type":"YA","timestamp":"2023-11-09 12:36:51"},{"nodeID":"1286822","text":"Anon: Robin Shattock: He didn't invent mRNA vaccines","type":"L","timestamp":"2023-11-09 12:36:51"},{"nodeID":"1286823","text":"Asserting","type":"YA","timestamp":"2023-11-09 12:36:51"},{"nodeID":"1286824","text":"the people who developed the vaccines, the two Rna vaccines are Biontech, the company invented RNA vaccines, and the other group are Moderna","type":"I","timestamp":"2023-11-09 12:36:52"},{"nodeID":"1286825","text":"Robin Shattock: The people who developed the vaccines, the two Rna vaccines are Biontech, the company invented RNA vaccines, and the other group are Moderna","type":"L","timestamp":"2023-11-09 12:36:52"},{"nodeID":"1286826","text":"Analysing","type":"YA","timestamp":"2023-11-09 12:36:52"},{"nodeID":"1286827","text":"Anon: Robin Shattock: The people who developed the vaccines, the two Rna vaccines are Biontech, the company invented RNA vaccines, and the other group are Moderna","type":"L","timestamp":"2023-11-09 12:36:52"},{"nodeID":"1286828","text":"Asserting","type":"YA","timestamp":"2023-11-09 12:36:52"},{"nodeID":"1286829","text":"Default Transition","type":"TA","timestamp":"2023-11-09 12:36:52"},{"nodeID":"1286830","text":"Default Rephrase","type":"MA","timestamp":"2023-11-09 12:36:52"},{"nodeID":"1286831","text":"Restating","type":"YA","timestamp":"2023-11-09 12:36:52"},{"nodeID":"1286832","text":"the vaccine is based on Biotech, the company that invented RNA vaccines and Moderna's research","type":"I","timestamp":"2023-11-09 12:36:52"},{"nodeID":"1286833","text":"Robin Shattock: It's based on their research","type":"L","timestamp":"2023-11-09 12:36:52"},{"nodeID":"1286834","text":"Analysing","type":"YA","timestamp":"2023-11-09 12:36:52"},{"nodeID":"1286835","text":"Anon: Robin Shattock: It's based on their research","type":"L","timestamp":"2023-11-09 12:36:52"},{"nodeID":"1286836","text":"Asserting","type":"YA","timestamp":"2023-11-09 12:36:52"},{"nodeID":"1286837","text":"Default Transition","type":"TA","timestamp":"2023-11-09 12:36:52"},{"nodeID":"1286838","text":"the vaccine is not based on individual","type":"I","timestamp":"2023-11-09 12:36:53"},{"nodeID":"1286839","text":"Robin Shattock: It's not based on individual","type":"L","timestamp":"2023-11-09 12:36:53"},{"nodeID":"1286840","text":"Analysing","type":"YA","timestamp":"2023-11-09 12:36:53"},{"nodeID":"1286841","text":"Anon: Robin Shattock: It's not based on individual","type":"L","timestamp":"2023-11-09 12:36:53"},{"nodeID":"1286842","text":"Asserting","type":"YA","timestamp":"2023-11-09 12:36:53"},{"nodeID":"1286843","text":"Default Transition","type":"TA","timestamp":"2023-11-09 12:36:53"},{"nodeID":"1286844","text":"Default Inference","type":"RA","timestamp":"2023-11-09 12:36:53"},{"nodeID":"1286845","text":"Arguing","type":"YA","timestamp":"2023-11-09 12:36:53"},{"nodeID":"1286846","text":"Default Inference","type":"RA","timestamp":"2023-11-09 12:36:53"},{"nodeID":"1286847","text":"Arguing","type":"YA","timestamp":"2023-11-09 12:36:53"},{"nodeID":"1286848","text":"the question is or is not about mandating vaccines and the importance of persuading people","type":"I","timestamp":"2023-11-09 12:36:53"},{"nodeID":"1286849","text":"Fiona Bruce: the question is about mandating vaccines and the importance of persuading people","type":"L","timestamp":"2023-11-09 12:36:53"},{"nodeID":"1286850","text":"Analysing","type":"YA","timestamp":"2023-11-09 12:36:53"},{"nodeID":"1286851","text":"Anon: Fiona Bruce: the question is about mandating vaccines and the importance of persuading people","type":"L","timestamp":"2023-11-09 12:36:53"},{"nodeID":"1286852","text":"Pure Questioning","type":"YA","timestamp":"2023-11-09 12:36:53"},{"nodeID":"1286853","text":"Default Transition","type":"TA","timestamp":"2023-11-09 12:36:53"},{"nodeID":"1286854","text":"Dr Robert invented mRNA vaccines","type":"I","timestamp":"2023-11-09 12:36:54"},{"nodeID":"1286855","text":"AudienceMember 20220210QT23: inventing mRNA vaccines","type":"L","timestamp":"2023-11-09 12:36:54"},{"nodeID":"1286856","text":"Analysing","type":"YA","timestamp":"2023-11-09 12:36:54"},{"nodeID":"1286857","text":"Anon: AudienceMember 20220210QT23: inventing mRNA vaccines","type":"L","timestamp":"2023-11-09 12:36:54"},{"nodeID":"1286858","text":"Asserting","type":"YA","timestamp":"2023-11-09 12:36:54"},{"nodeID":"1286859","text":"Default Rephrase","type":"MA","timestamp":"2023-11-09 12:36:54"},{"nodeID":"1286860","text":"Default Transition","type":"TA","timestamp":"2023-11-09 12:36:54"},{"nodeID":"1286861","text":"Restating","type":"YA","timestamp":"2023-11-09 12:36:54"},{"nodeID":"1286862","text":"Default Transition","type":"TA","timestamp":"2023-11-09 12:36:54"},{"nodeID":"1286863","text":"Default Conflict","type":"CA","timestamp":"2023-11-09 12:36:54"},{"nodeID":"1286864","text":"Disagreeing","type":"YA","timestamp":"2023-11-09 12:36:54"},{"nodeID":"1286865","text":"Rosena Allin-Khan: I respect personal choice not to take the vaccine","type":"L","timestamp":"2023-11-09 12:36:54"},{"nodeID":"1286866","text":"Analysing","type":"YA","timestamp":"2023-11-09 12:36:54"},{"nodeID":"1286867","text":"Anon: Rosena Allin-Khan: I respect personal choice not to take the vaccine","type":"L","timestamp":"2023-11-09 12:36:54"},{"nodeID":"1286868","text":"Asserting","type":"YA","timestamp":"2023-11-09 12:36:54"},{"nodeID":"1286869","text":"Rosena Allin-Khan: any medication, a box of paracetamol or ibu will have a list of the most common and serious side effects","type":"L","timestamp":"2023-11-09 12:36:55"},{"nodeID":"1286870","text":"Analysing","type":"YA","timestamp":"2023-11-09 12:36:55"},{"nodeID":"1286871","text":"Anon: Rosena Allin-Khan: any medication, a box of paracetamol or ibu will have a list of the most common and serious side effects","type":"L","timestamp":"2023-11-09 12:36:55"},{"nodeID":"1286872","text":"Asserting","type":"YA","timestamp":"2023-11-09 12:36:55"},{"nodeID":"1286873","text":"Default Transition","type":"TA","timestamp":"2023-11-09 12:36:55"},{"nodeID":"1286874","text":"Arguing","type":"YA","timestamp":"2023-11-09 12:36:55"},{"nodeID":"1286875","text":"Rosena Allin-Khan: our best defence against this virus is to take the vaccine","type":"L","timestamp":"2023-11-09 12:36:56"},{"nodeID":"1286876","text":"Analysing","type":"YA","timestamp":"2023-11-09 12:36:56"},{"nodeID":"1286877","text":"Anon: Rosena Allin-Khan: our best defence against this virus is to take the vaccine","type":"L","timestamp":"2023-11-09 12:36:56"},{"nodeID":"1286878","text":"Asserting","type":"YA","timestamp":"2023-11-09 12:36:56"},{"nodeID":"1286879","text":"Default Transition","type":"TA","timestamp":"2023-11-09 12:36:56"},{"nodeID":"1286880","text":"Default Transition","type":"TA","timestamp":"2023-11-09 12:36:56"},{"nodeID":"1286881","text":"Analysing","type":"YA","timestamp":"2023-11-09 12:36:56"},{"nodeID":"1286882","text":"Anon: Fiona Bruce: No","type":"L","timestamp":"2023-11-09 12:36:56"},{"nodeID":"1286883","text":"Disagreeing","type":"YA","timestamp":"2023-11-09 12:36:56"},{"nodeID":"1286884","text":"Default Transition","type":"TA","timestamp":"2023-11-09 12:36:56"},{"nodeID":"1286885","text":"Dr Robert is not the man who invented the vaccine","type":"I","timestamp":"2023-11-09 12:36:56"},{"nodeID":"1286886","text":"Fiona Bruce: I don't think he is the man who invented the vaccine","type":"L","timestamp":"2023-11-09 12:36:56"},{"nodeID":"1286887","text":"Analysing","type":"YA","timestamp":"2023-11-09 12:36:56"},{"nodeID":"1286888","text":"Anon: Fiona Bruce: I don't think he is the man who invented the vaccine","type":"L","timestamp":"2023-11-09 12:36:56"},{"nodeID":"1286889","text":"Asserting","type":"YA","timestamp":"2023-11-09 12:36:56"},{"nodeID":"1286890","text":"Default Transition","type":"TA","timestamp":"2023-11-09 12:36:56"},{"nodeID":"1286891","text":"Default Conflict","type":"CA","timestamp":"2023-11-09 12:36:56"},{"nodeID":"1286892","text":"Disagreeing","type":"YA","timestamp":"2023-11-09 12:36:56"}],"edges":[{"edgeID":"1692563","fromID":"1286751","toID":"1286750","formEdgeID":null},{"edgeID":"1692564","fromID":"1286752","toID":"1286751","formEdgeID":null},{"edgeID":"1692565","fromID":"1286750","toID":"1286753","formEdgeID":null},{"edgeID":"1692566","fromID":"1286753","toID":"1286749","formEdgeID":null},{"edgeID":"1692567","fromID":"1286755","toID":"1286754","formEdgeID":null},{"edgeID":"1692568","fromID":"1286756","toID":"1286755","formEdgeID":null},{"edgeID":"1692569","fromID":"1286754","toID":"1286757","formEdgeID":null},{"edgeID":"1692570","fromID":"1286757","toID":"1148082","formEdgeID":null},{"edgeID":"1692571","fromID":"1286750","toID":"1286758","formEdgeID":null},{"edgeID":"1692572","fromID":"1286758","toID":"1286754","formEdgeID":null},{"edgeID":"1692573","fromID":"1286749","toID":"1286759","formEdgeID":null},{"edgeID":"1692574","fromID":"1286759","toID":"1148082","formEdgeID":null},{"edgeID":"1692575","fromID":"1286758","toID":"1286760","formEdgeID":null},{"edgeID":"1692576","fromID":"1286760","toID":"1286759","formEdgeID":null},{"edgeID":"1692577","fromID":"1286762","toID":"1286761","formEdgeID":null},{"edgeID":"1692578","fromID":"1286763","toID":"1286762","formEdgeID":null},{"edgeID":"1692579","fromID":"1286761","toID":"1286764","formEdgeID":null},{"edgeID":"1692580","fromID":"1286764","toID":"1148087","formEdgeID":null},{"edgeID":"1692581","fromID":"1286754","toID":"1286765","formEdgeID":null},{"edgeID":"1692582","fromID":"1286765","toID":"1286761","formEdgeID":null},{"edgeID":"1692583","fromID":"1148087","toID":"1286766","formEdgeID":null},{"edgeID":"1692584","fromID":"1286766","toID":"1148082","formEdgeID":null},{"edgeID":"1692585","fromID":"1286765","toID":"1286767","formEdgeID":null},{"edgeID":"1692586","fromID":"1286767","toID":"1286766","formEdgeID":null},{"edgeID":"1692587","fromID":"1286770","toID":"1286769","formEdgeID":null},{"edgeID":"1692588","fromID":"1286771","toID":"1286770","formEdgeID":null},{"edgeID":"1692589","fromID":"1286769","toID":"1286772","formEdgeID":null},{"edgeID":"1692590","fromID":"1286772","toID":"1286768","formEdgeID":null},{"edgeID":"1692591","fromID":"1286761","toID":"1286773","formEdgeID":null},{"edgeID":"1692592","fromID":"1286773","toID":"1286769","formEdgeID":null},{"edgeID":"1692593","fromID":"1148087","toID":"1286774","formEdgeID":null},{"edgeID":"1692594","fromID":"1286774","toID":"1286768","formEdgeID":null},{"edgeID":"1692595","fromID":"1286773","toID":"1286775","formEdgeID":null},{"edgeID":"1692596","fromID":"1286775","toID":"1286774","formEdgeID":null},{"edgeID":"1692597","fromID":"1286778","toID":"1286777","formEdgeID":null},{"edgeID":"1692598","fromID":"1286779","toID":"1286778","formEdgeID":null},{"edgeID":"1692599","fromID":"1286777","toID":"1286780","formEdgeID":null},{"edgeID":"1692600","fromID":"1286780","toID":"1286776","formEdgeID":null},{"edgeID":"1692601","fromID":"1286769","toID":"1286781","formEdgeID":null},{"edgeID":"1692602","fromID":"1286781","toID":"1286777","formEdgeID":null},{"edgeID":"1692603","fromID":"1286776","toID":"1286782","formEdgeID":null},{"edgeID":"1692604","fromID":"1286782","toID":"1286768","formEdgeID":null},{"edgeID":"1692605","fromID":"1286781","toID":"1286783","formEdgeID":null},{"edgeID":"1692606","fromID":"1286783","toID":"1286782","formEdgeID":null},{"edgeID":"1692607","fromID":"1286786","toID":"1286785","formEdgeID":null},{"edgeID":"1692608","fromID":"1286787","toID":"1286786","formEdgeID":null},{"edgeID":"1692609","fromID":"1286785","toID":"1286788","formEdgeID":null},{"edgeID":"1692610","fromID":"1286788","toID":"1286784","formEdgeID":null},{"edgeID":"1692611","fromID":"1286777","toID":"1286789","formEdgeID":null},{"edgeID":"1692612","fromID":"1286789","toID":"1286785","formEdgeID":null},{"edgeID":"1692613","fromID":"1286784","toID":"1286790","formEdgeID":null},{"edgeID":"1692614","fromID":"1286790","toID":"1286776","formEdgeID":null},{"edgeID":"1692615","fromID":"1286789","toID":"1286791","formEdgeID":null},{"edgeID":"1692616","fromID":"1286791","toID":"1286790","formEdgeID":null},{"edgeID":"1692617","fromID":"1286793","toID":"1286792","formEdgeID":null},{"edgeID":"1692618","fromID":"1286794","toID":"1286793","formEdgeID":null},{"edgeID":"1692619","fromID":"1286792","toID":"1286795","formEdgeID":null},{"edgeID":"1692620","fromID":"1286795","toID":"1148067","formEdgeID":null},{"edgeID":"1692621","fromID":"1286785","toID":"1286796","formEdgeID":null},{"edgeID":"1692622","fromID":"1286796","toID":"1286792","formEdgeID":null},{"edgeID":"1692623","fromID":"1286799","toID":"1286798","formEdgeID":null},{"edgeID":"1692624","fromID":"1286800","toID":"1286799","formEdgeID":null},{"edgeID":"1692625","fromID":"1286798","toID":"1286801","formEdgeID":null},{"edgeID":"1692626","fromID":"1286801","toID":"1286797","formEdgeID":null},{"edgeID":"1692627","fromID":"1286792","toID":"1286802","formEdgeID":null},{"edgeID":"1692628","fromID":"1286802","toID":"1286798","formEdgeID":null},{"edgeID":"1692629","fromID":"1148067","toID":"1286803","formEdgeID":null},{"edgeID":"1692630","fromID":"1286803","toID":"1286797","formEdgeID":null},{"edgeID":"1692631","fromID":"1286802","toID":"1286804","formEdgeID":null},{"edgeID":"1692632","fromID":"1286804","toID":"1286803","formEdgeID":null},{"edgeID":"1692633","fromID":"1286806","toID":"1286805","formEdgeID":null},{"edgeID":"1692634","fromID":"1286807","toID":"1286806","formEdgeID":null},{"edgeID":"1692635","fromID":"1286805","toID":"1286808","formEdgeID":null},{"edgeID":"1692636","fromID":"1286808","toID":"1148007","formEdgeID":null},{"edgeID":"1692637","fromID":"1286798","toID":"1286809","formEdgeID":null},{"edgeID":"1692638","fromID":"1286809","toID":"1286805","formEdgeID":null},{"edgeID":"1692639","fromID":"1148007","toID":"1286810","formEdgeID":null},{"edgeID":"1692640","fromID":"1286810","toID":"1286797","formEdgeID":null},{"edgeID":"1692641","fromID":"1286809","toID":"1286811","formEdgeID":null},{"edgeID":"1692642","fromID":"1286811","toID":"1286810","formEdgeID":null},{"edgeID":"1692643","fromID":"1286814","toID":"1286813","formEdgeID":null},{"edgeID":"1692644","fromID":"1286815","toID":"1286814","formEdgeID":null},{"edgeID":"1692645","fromID":"1286813","toID":"1286816","formEdgeID":null},{"edgeID":"1692646","fromID":"1286816","toID":"1286812","formEdgeID":null},{"edgeID":"1692647","fromID":"1148007","toID":"1286817","formEdgeID":null},{"edgeID":"1692648","fromID":"1286817","toID":"1286812","formEdgeID":null},{"edgeID":"1692649","fromID":"1286805","toID":"1286818","formEdgeID":null},{"edgeID":"1692650","fromID":"1286818","toID":"1286813","formEdgeID":null},{"edgeID":"1692651","fromID":"1286821","toID":"1286820","formEdgeID":null},{"edgeID":"1692652","fromID":"1286822","toID":"1286821","formEdgeID":null},{"edgeID":"1692653","fromID":"1286820","toID":"1286823","formEdgeID":null},{"edgeID":"1692654","fromID":"1286823","toID":"1286819","formEdgeID":null},{"edgeID":"1692655","fromID":"1286826","toID":"1286825","formEdgeID":null},{"edgeID":"1692656","fromID":"1286827","toID":"1286826","formEdgeID":null},{"edgeID":"1692657","fromID":"1286825","toID":"1286828","formEdgeID":null},{"edgeID":"1692658","fromID":"1286828","toID":"1286824","formEdgeID":null},{"edgeID":"1692659","fromID":"1286820","toID":"1286829","formEdgeID":null},{"edgeID":"1692660","fromID":"1286829","toID":"1286825","formEdgeID":null},{"edgeID":"1692661","fromID":"1286824","toID":"1286830","formEdgeID":null},{"edgeID":"1692662","fromID":"1286830","toID":"1286819","formEdgeID":null},{"edgeID":"1692663","fromID":"1286829","toID":"1286831","formEdgeID":null},{"edgeID":"1692664","fromID":"1286831","toID":"1286830","formEdgeID":null},{"edgeID":"1692665","fromID":"1286834","toID":"1286833","formEdgeID":null},{"edgeID":"1692666","fromID":"1286835","toID":"1286834","formEdgeID":null},{"edgeID":"1692667","fromID":"1286833","toID":"1286836","formEdgeID":null},{"edgeID":"1692668","fromID":"1286836","toID":"1286832","formEdgeID":null},{"edgeID":"1692669","fromID":"1286825","toID":"1286837","formEdgeID":null},{"edgeID":"1692670","fromID":"1286837","toID":"1286833","formEdgeID":null},{"edgeID":"1692671","fromID":"1286840","toID":"1286839","formEdgeID":null},{"edgeID":"1692672","fromID":"1286841","toID":"1286840","formEdgeID":null},{"edgeID":"1692673","fromID":"1286839","toID":"1286842","formEdgeID":null},{"edgeID":"1692674","fromID":"1286842","toID":"1286838","formEdgeID":null},{"edgeID":"1692675","fromID":"1286833","toID":"1286843","formEdgeID":null},{"edgeID":"1692676","fromID":"1286843","toID":"1286839","formEdgeID":null},{"edgeID":"1692677","fromID":"1286824","toID":"1286844","formEdgeID":null},{"edgeID":"1692678","fromID":"1286844","toID":"1286832","formEdgeID":null},{"edgeID":"1692679","fromID":"1286837","toID":"1286845","formEdgeID":null},{"edgeID":"1692680","fromID":"1286845","toID":"1286844","formEdgeID":null},{"edgeID":"1692681","fromID":"1286832","toID":"1286846","formEdgeID":null},{"edgeID":"1692682","fromID":"1286846","toID":"1286838","formEdgeID":null},{"edgeID":"1692683","fromID":"1286843","toID":"1286847","formEdgeID":null},{"edgeID":"1692684","fromID":"1286847","toID":"1286846","formEdgeID":null},{"edgeID":"1692685","fromID":"1286850","toID":"1286849","formEdgeID":null},{"edgeID":"1692686","fromID":"1286851","toID":"1286850","formEdgeID":null},{"edgeID":"1692687","fromID":"1286849","toID":"1286852","formEdgeID":null},{"edgeID":"1692688","fromID":"1286852","toID":"1286848","formEdgeID":null},{"edgeID":"1692689","fromID":"1286839","toID":"1286853","formEdgeID":null},{"edgeID":"1692690","fromID":"1286853","toID":"1286849","formEdgeID":null},{"edgeID":"1692691","fromID":"1286856","toID":"1286855","formEdgeID":null},{"edgeID":"1692692","fromID":"1286857","toID":"1286856","formEdgeID":null},{"edgeID":"1692693","fromID":"1286855","toID":"1286858","formEdgeID":null},{"edgeID":"1692694","fromID":"1286858","toID":"1286854","formEdgeID":null},{"edgeID":"1692695","fromID":"1286854","toID":"1286859","formEdgeID":null},{"edgeID":"1692696","fromID":"1286859","toID":"1286812","formEdgeID":null},{"edgeID":"1692697","fromID":"1286813","toID":"1286860","formEdgeID":null},{"edgeID":"1692698","fromID":"1286860","toID":"1286855","formEdgeID":null},{"edgeID":"1692699","fromID":"1286860","toID":"1286861","formEdgeID":null},{"edgeID":"1692700","fromID":"1286861","toID":"1286859","formEdgeID":null},{"edgeID":"1692701","fromID":"1286855","toID":"1286862","formEdgeID":null},{"edgeID":"1692702","fromID":"1286862","toID":"1286820","formEdgeID":null},{"edgeID":"1692703","fromID":"1286819","toID":"1286863","formEdgeID":null},{"edgeID":"1692704","fromID":"1286863","toID":"1286854","formEdgeID":null},{"edgeID":"1692705","fromID":"1286862","toID":"1286864","formEdgeID":null},{"edgeID":"1692706","fromID":"1286864","toID":"1286863","formEdgeID":null},{"edgeID":"1692707","fromID":"1286866","toID":"1286865","formEdgeID":null},{"edgeID":"1692708","fromID":"1286867","toID":"1286866","formEdgeID":null},{"edgeID":"1692709","fromID":"1286865","toID":"1286868","formEdgeID":null},{"edgeID":"1692710","fromID":"1286868","toID":"1148058","formEdgeID":null},{"edgeID":"1692711","fromID":"1286870","toID":"1286869","formEdgeID":null},{"edgeID":"1692712","fromID":"1286871","toID":"1286870","formEdgeID":null},{"edgeID":"1692713","fromID":"1286869","toID":"1286872","formEdgeID":null},{"edgeID":"1692714","fromID":"1286872","toID":"899049","formEdgeID":null},{"edgeID":"1692715","fromID":"1286865","toID":"1286873","formEdgeID":null},{"edgeID":"1692716","fromID":"1286873","toID":"1286869","formEdgeID":null},{"edgeID":"1692717","fromID":"1286818","toID":"1286874","formEdgeID":null},{"edgeID":"1692718","fromID":"1286874","toID":"1286817","formEdgeID":null},{"edgeID":"1692719","fromID":"1286876","toID":"1286875","formEdgeID":null},{"edgeID":"1692720","fromID":"1286877","toID":"1286876","formEdgeID":null},{"edgeID":"1692721","fromID":"1286875","toID":"1286878","formEdgeID":null},{"edgeID":"1692722","fromID":"1286878","toID":"899007","formEdgeID":null},{"edgeID":"1692723","fromID":"1286849","toID":"1286879","formEdgeID":null},{"edgeID":"1692724","fromID":"1286879","toID":"1286875","formEdgeID":null},{"edgeID":"1692725","fromID":"1286875","toID":"1286880","formEdgeID":null},{"edgeID":"1692726","fromID":"1286880","toID":"1286865","formEdgeID":null},{"edgeID":"1692727","fromID":"1286881","toID":"1286748","formEdgeID":null},{"edgeID":"1692728","fromID":"1286882","toID":"1286881","formEdgeID":null},{"edgeID":"1692729","fromID":"1286748","toID":"1286883","formEdgeID":null},{"edgeID":"1692730","fromID":"1286883","toID":"1286812","formEdgeID":null},{"edgeID":"1692731","fromID":"1286813","toID":"1286884","formEdgeID":null},{"edgeID":"1692732","fromID":"1286884","toID":"1286748","formEdgeID":null},{"edgeID":"1692733","fromID":"1286887","toID":"1286886","formEdgeID":null},{"edgeID":"1692734","fromID":"1286888","toID":"1286887","formEdgeID":null},{"edgeID":"1692735","fromID":"1286886","toID":"1286889","formEdgeID":null},{"edgeID":"1692736","fromID":"1286889","toID":"1286885","formEdgeID":null},{"edgeID":"1692737","fromID":"1286748","toID":"1286890","formEdgeID":null},{"edgeID":"1692738","fromID":"1286890","toID":"1286886","formEdgeID":null},{"edgeID":"1692739","fromID":"1286885","toID":"1286891","formEdgeID":null},{"edgeID":"1692740","fromID":"1286891","toID":"1286812","formEdgeID":null},{"edgeID":"1692741","fromID":"1286890","toID":"1286892","formEdgeID":null},{"edgeID":"1692742","fromID":"1286892","toID":"1286891","formEdgeID":null}],"locutions":[]}