{"nodes":[{"nodeID":"898837","text":"it is time the Government start investing in shell gas","type":"I","timestamp":"2022-02-10 21:17:35"},{"nodeID":"898844","text":"the rising energy cost will affect the poor more than the middle classes and the wealthy","type":"I","timestamp":"2022-02-10 21:17:38"},{"nodeID":"898869","text":"poverty costs us in health","type":"I","timestamp":"2022-02-10 21:17:48"},{"nodeID":"898883","text":"the Government's proposed interventions are or are not the fairest way to help people","type":"I","timestamp":"2022-02-10 21:17:52"},{"nodeID":"1285287","text":"Fiona Bruce: Shell today talking about the size of the profits they are making","type":"L","timestamp":"2023-11-09 12:34:37"},{"nodeID":"1285288","text":"Shell today talking about the size of the profits they are making","type":"I","timestamp":"2023-11-09 12:34:37"},{"nodeID":"1285289","text":"Analysing","type":"YA","timestamp":"2023-11-09 12:34:37"},{"nodeID":"1285290","text":"Asserting","type":"YA","timestamp":"2023-11-09 12:34:37"},{"nodeID":"1285291","text":"Anon: Fiona Bruce: Shell today talking about the size of the profits they are making","type":"L","timestamp":"2023-11-09 12:34:37"},{"nodeID":"1285292","text":"AudienceMember 20220210QT06: is it time where the Government take a step back","type":"L","timestamp":"2023-11-09 12:34:37"},{"nodeID":"1285293","text":"it is time where the Government take a step back","type":"I","timestamp":"2023-11-09 12:34:38"},{"nodeID":"1285294","text":"Analysing","type":"YA","timestamp":"2023-11-09 12:34:38"},{"nodeID":"1285295","text":"Anon: AudienceMember 20220210QT06: is it time where the Government take a step back","type":"L","timestamp":"2023-11-09 12:34:38"},{"nodeID":"1285296","text":"AudienceMember 20220210QT06: start investing in shell gas","type":"L","timestamp":"2023-11-09 12:34:38"},{"nodeID":"1285297","text":"Anon: AudienceMember 20220210QT06: start investing in shell gas","type":"L","timestamp":"2023-11-09 12:34:38"},{"nodeID":"1285298","text":"Analysing","type":"YA","timestamp":"2023-11-09 12:34:38"},{"nodeID":"1285299","text":"Assertive Questioning","type":"YA","timestamp":"2023-11-09 12:34:38"},{"nodeID":"1285300","text":"Assertive Questioning","type":"YA","timestamp":"2023-11-09 12:34:38"},{"nodeID":"1285301","text":"AudienceMember 20220210QT06:  we have in abundance","type":"L","timestamp":"2023-11-09 12:34:38"},{"nodeID":"1285302","text":"Analysing","type":"YA","timestamp":"2023-11-09 12:34:38"},{"nodeID":"1285303","text":"we have Shell gas in abundance","type":"I","timestamp":"2023-11-09 12:34:39"},{"nodeID":"1285304","text":"Asserting","type":"YA","timestamp":"2023-11-09 12:34:39"},{"nodeID":"1285305","text":"Anon: AudienceMember 20220210QT06:  we have in abundance","type":"L","timestamp":"2023-11-09 12:34:39"},{"nodeID":"1285306","text":"investing in Shell gas is a way of saving some money","type":"I","timestamp":"2023-11-09 12:34:40"},{"nodeID":"1285307","text":"AudienceMember 20220210QT06: it's a way of saving some money","type":"L","timestamp":"2023-11-09 12:34:40"},{"nodeID":"1285308","text":"Anon: AudienceMember 20220210QT06: it's a way of saving some money","type":"L","timestamp":"2023-11-09 12:34:40"},{"nodeID":"1285309","text":"Analysing","type":"YA","timestamp":"2023-11-09 12:34:40"},{"nodeID":"1285310","text":"Asserting","type":"YA","timestamp":"2023-11-09 12:34:40"},{"nodeID":"1285311","text":"we have our own oil and gas rather than import it from Eastern Europe","type":"I","timestamp":"2023-11-09 12:34:40"},{"nodeID":"1285312","text":"AudienceMember 20220210QT06: we have our own oil and gas rather than import it from Eastern Europe","type":"L","timestamp":"2023-11-09 12:34:40"},{"nodeID":"1285313","text":"Anon: AudienceMember 20220210QT06: we have our own oil and gas rather than import it from Eastern Europe","type":"L","timestamp":"2023-11-09 12:34:40"},{"nodeID":"1285314","text":"Analysing","type":"YA","timestamp":"2023-11-09 12:34:40"},{"nodeID":"1285315","text":"Asserting","type":"YA","timestamp":"2023-11-09 12:34:40"},{"nodeID":"1285316","text":"The Government did embark on that then pulled back","type":"I","timestamp":"2023-11-09 12:34:41"},{"nodeID":"1285317","text":"Analysing","type":"YA","timestamp":"2023-11-09 12:34:41"},{"nodeID":"1285318","text":"Fiona Bruce: The Government did embark on that then pulled back","type":"L","timestamp":"2023-11-09 12:34:41"},{"nodeID":"1285319","text":"Asserting","type":"YA","timestamp":"2023-11-09 12:34:41"},{"nodeID":"1285320","text":"Anon: Fiona Bruce: The Government did embark on that then pulled back","type":"L","timestamp":"2023-11-09 12:34:41"},{"nodeID":"1285321","text":"the energy costs are rising","type":"I","timestamp":"2023-11-09 12:34:41"},{"nodeID":"1285322","text":"Fiona Bruce: with the rising energy costs","type":"L","timestamp":"2023-11-09 12:34:41"},{"nodeID":"1285323","text":"Anon: Fiona Bruce: with the rising energy costs","type":"L","timestamp":"2023-11-09 12:34:41"},{"nodeID":"1285324","text":"Analysing","type":"YA","timestamp":"2023-11-09 12:34:41"},{"nodeID":"1285325","text":"Fiona Bruce: are the Government's proposed interventions the fairest way to help people","type":"L","timestamp":"2023-11-09 12:34:42"},{"nodeID":"1285326","text":"Asserting","type":"YA","timestamp":"2023-11-09 12:34:42"},{"nodeID":"1285327","text":"Analysing","type":"YA","timestamp":"2023-11-09 12:34:42"},{"nodeID":"1285328","text":"Anon: Fiona Bruce: are the Government's proposed interventions the fairest way to help people","type":"L","timestamp":"2023-11-09 12:34:42"},{"nodeID":"1285329","text":"Pure Questioning","type":"YA","timestamp":"2023-11-09 12:34:42"},{"nodeID":"1285330","text":"Default Transition","type":"TA","timestamp":"2023-11-09 12:34:42"},{"nodeID":"1285331","text":"Default Transition","type":"TA","timestamp":"2023-11-09 12:34:42"},{"nodeID":"1285332","text":"Default Transition","type":"TA","timestamp":"2023-11-09 12:34:42"},{"nodeID":"1285333","text":"Default Transition","type":"TA","timestamp":"2023-11-09 12:34:42"},{"nodeID":"1285334","text":"Default Transition","type":"TA","timestamp":"2023-11-09 12:34:42"},{"nodeID":"1285335","text":"Default Inference","type":"RA","timestamp":"2023-11-09 12:34:42"},{"nodeID":"1285336","text":"Default Inference","type":"RA","timestamp":"2023-11-09 12:34:42"},{"nodeID":"1285337","text":"Default Inference","type":"RA","timestamp":"2023-11-09 12:34:42"},{"nodeID":"1285338","text":"Arguing","type":"YA","timestamp":"2023-11-09 12:34:42"},{"nodeID":"1285339","text":"Default Transition","type":"TA","timestamp":"2023-11-09 12:34:42"},{"nodeID":"1285340","text":"Arguing","type":"YA","timestamp":"2023-11-09 12:34:42"},{"nodeID":"1285341","text":"Arguing","type":"YA","timestamp":"2023-11-09 12:34:42"},{"nodeID":"1285342","text":"Default Transition","type":"TA","timestamp":"2023-11-09 12:34:42"},{"nodeID":"1285343","text":"Default Conflict","type":"CA","timestamp":"2023-11-09 12:34:42"},{"nodeID":"1285344","text":"Disagreeing","type":"YA","timestamp":"2023-11-09 12:34:42"},{"nodeID":"1285345","text":"the Government's proposed interventions are probably not the fairest way to help people","type":"I","timestamp":"2023-11-09 12:34:42"},{"nodeID":"1285346","text":"Default Transition","type":"TA","timestamp":"2023-11-09 12:34:42"},{"nodeID":"1285347","text":"Victor Adebowale: Probably not","type":"L","timestamp":"2023-11-09 12:34:42"},{"nodeID":"1285348","text":"Anon: Victor Adebowale: Probably not","type":"L","timestamp":"2023-11-09 12:34:42"},{"nodeID":"1285349","text":"Analysing","type":"YA","timestamp":"2023-11-09 12:34:42"},{"nodeID":"1285350","text":"Asserting","type":"YA","timestamp":"2023-11-09 12:34:42"},{"nodeID":"1285351","text":"Default Illocuting","type":"YA","timestamp":"2023-11-09 12:34:42"},{"nodeID":"1285352","text":"Default Rephrase","type":"MA","timestamp":"2023-11-09 12:34:42"},{"nodeID":"1285353","text":"Default Transition","type":"TA","timestamp":"2023-11-09 12:34:42"},{"nodeID":"1285354","text":"giving everybody the equal amount is fine if you are middle class","type":"I","timestamp":"2023-11-09 12:34:43"},{"nodeID":"1285355","text":"Analysing","type":"YA","timestamp":"2023-11-09 12:34:43"},{"nodeID":"1285356","text":"Asserting","type":"YA","timestamp":"2023-11-09 12:34:43"},{"nodeID":"1285357","text":"giving everyone the equal amount doesn't have that impact if you are poor","type":"I","timestamp":"2023-11-09 12:34:44"},{"nodeID":"1285358","text":"Victor Adebowale: giving everybody the equal amount is fine if you are middle class","type":"L","timestamp":"2023-11-09 12:34:44"},{"nodeID":"1285359","text":"Anon: Victor Adebowale: giving everybody the equal amount is fine if you are middle class","type":"L","timestamp":"2023-11-09 12:34:44"},{"nodeID":"1285360","text":"Victor Adebowale: If you are poor, it doesn't have that impact","type":"L","timestamp":"2023-11-09 12:34:44"},{"nodeID":"1285361","text":"Anon: Victor Adebowale: If you are poor, it doesn't have that impact","type":"L","timestamp":"2023-11-09 12:34:44"},{"nodeID":"1285362","text":"Victor Adebowale: It's not just the energy bill","type":"L","timestamp":"2023-11-09 12:34:44"},{"nodeID":"1285363","text":"not just the energy bill got higher","type":"I","timestamp":"2023-11-09 12:34:44"},{"nodeID":"1285364","text":"Analysing","type":"YA","timestamp":"2023-11-09 12:34:44"},{"nodeID":"1285365","text":"Asserting","type":"YA","timestamp":"2023-11-09 12:34:44"},{"nodeID":"1285366","text":"Analysing","type":"YA","timestamp":"2023-11-09 12:34:44"},{"nodeID":"1285367","text":"Asserting","type":"YA","timestamp":"2023-11-09 12:34:44"},{"nodeID":"1285368","text":"Anon: Victor Adebowale: It's not just the energy bill","type":"L","timestamp":"2023-11-09 12:34:44"},{"nodeID":"1285369","text":"Default Transition","type":"TA","timestamp":"2023-11-09 12:34:44"},{"nodeID":"1285370","text":"Default Transition","type":"TA","timestamp":"2023-11-09 12:34:44"},{"nodeID":"1285371","text":"Default Inference","type":"RA","timestamp":"2023-11-09 12:34:44"},{"nodeID":"1285372","text":"Default Transition","type":"TA","timestamp":"2023-11-09 12:34:44"},{"nodeID":"1285373","text":"Analysing","type":"YA","timestamp":"2023-11-09 12:34:44"},{"nodeID":"1285374","text":"Default Transition","type":"TA","timestamp":"2023-11-09 12:34:44"},{"nodeID":"1285375","text":"one can't just look at the energy bills on their own","type":"I","timestamp":"2023-11-09 12:34:45"},{"nodeID":"1285376","text":"Arguing","type":"YA","timestamp":"2023-11-09 12:34:45"},{"nodeID":"1285377","text":"Victor Adebowale: You can't just look at those bills on their own","type":"L","timestamp":"2023-11-09 12:34:45"},{"nodeID":"1285378","text":"Anon: Victor Adebowale: You can't just look at those bills on their own","type":"L","timestamp":"2023-11-09 12:34:45"},{"nodeID":"1285379","text":"Asserting","type":"YA","timestamp":"2023-11-09 12:34:45"},{"nodeID":"1285380","text":"one has to look at the hike in food prices","type":"I","timestamp":"2023-11-09 12:34:45"},{"nodeID":"1285381","text":"Default Transition","type":"TA","timestamp":"2023-11-09 12:34:45"},{"nodeID":"1285382","text":"Default Inference","type":"RA","timestamp":"2023-11-09 12:34:45"},{"nodeID":"1285383","text":"Arguing","type":"YA","timestamp":"2023-11-09 12:34:45"},{"nodeID":"1285384","text":"Victor Adebowale: you have to look at the hike in food prices","type":"L","timestamp":"2023-11-09 12:34:45"},{"nodeID":"1285385","text":"Analysing","type":"YA","timestamp":"2023-11-09 12:34:45"},{"nodeID":"1285386","text":"Default Rephrase","type":"MA","timestamp":"2023-11-09 12:34:45"},{"nodeID":"1285387","text":"Anon: Victor Adebowale: you have to look at the hike in food prices","type":"L","timestamp":"2023-11-09 12:34:45"},{"nodeID":"1285388","text":"Asserting","type":"YA","timestamp":"2023-11-09 12:34:45"},{"nodeID":"1285389","text":"Default Rephrase","type":"MA","timestamp":"2023-11-09 12:34:45"},{"nodeID":"1285390","text":"Restating","type":"YA","timestamp":"2023-11-09 12:34:45"},{"nodeID":"1285391","text":"Default Transition","type":"TA","timestamp":"2023-11-09 12:34:45"},{"nodeID":"1285392","text":"Restating","type":"YA","timestamp":"2023-11-09 12:34:45"},{"nodeID":"1285393","text":"Analysing","type":"YA","timestamp":"2023-11-09 12:34:45"},{"nodeID":"1285394","text":"Victor Adebowale: poverty costs us in health","type":"L","timestamp":"2023-11-09 12:34:45"},{"nodeID":"1285395","text":"Anon: Victor Adebowale: poverty costs us in health","type":"L","timestamp":"2023-11-09 12:34:46"},{"nodeID":"1285396","text":"Asserting","type":"YA","timestamp":"2023-11-09 12:34:46"},{"nodeID":"1285397","text":"Default Transition","type":"TA","timestamp":"2023-11-09 12:34:46"},{"nodeID":"1285398","text":"Victor Adebowale: the impact of poverty on mental health","type":"L","timestamp":"2023-11-09 12:34:46"},{"nodeID":"1285399","text":"poverty has an impact on mental health","type":"I","timestamp":"2023-11-09 12:34:46"},{"nodeID":"1285400","text":"Analysing","type":"YA","timestamp":"2023-11-09 12:34:46"},{"nodeID":"1285401","text":"Asserting","type":"YA","timestamp":"2023-11-09 12:34:46"},{"nodeID":"1285402","text":"Anon: Victor Adebowale: the impact of poverty on mental health","type":"L","timestamp":"2023-11-09 12:34:46"},{"nodeID":"1285403","text":"Default Transition","type":"TA","timestamp":"2023-11-09 12:34:46"},{"nodeID":"1285404","text":"Victor Adebowale: Rosena will support this is significant","type":"L","timestamp":"2023-11-09 12:34:46"},{"nodeID":"1285405","text":"Rosena Allin-Khan will support that the impact of poverty on mental health is significant","type":"I","timestamp":"2023-11-09 12:34:47"},{"nodeID":"1285406","text":"Analysing","type":"YA","timestamp":"2023-11-09 12:34:47"},{"nodeID":"1285407","text":"Anon: Victor Adebowale: Rosena will support this is significant","type":"L","timestamp":"2023-11-09 12:34:47"},{"nodeID":"1285408","text":"Asserting","type":"YA","timestamp":"2023-11-09 12:34:47"},{"nodeID":"1285409","text":"Restating","type":"YA","timestamp":"2023-11-09 12:34:47"},{"nodeID":"1285410","text":"Default Transition","type":"TA","timestamp":"2023-11-09 12:34:47"},{"nodeID":"1285411","text":"Default Rephrase","type":"MA","timestamp":"2023-11-09 12:34:47"},{"nodeID":"1285412","text":"Default Rephrase","type":"MA","timestamp":"2023-11-09 12:34:47"},{"nodeID":"1285413","text":"Restating","type":"YA","timestamp":"2023-11-09 12:34:47"},{"nodeID":"1285414","text":"we have already got 1.5 million waiting on the mental health waiting list","type":"I","timestamp":"2023-11-09 12:34:48"},{"nodeID":"1285415","text":"Victor Adebowale: we have already got 1.5 million waiting on the mental health waiting list","type":"L","timestamp":"2023-11-09 12:34:48"},{"nodeID":"1285416","text":"Analysing","type":"YA","timestamp":"2023-11-09 12:34:48"},{"nodeID":"1285417","text":"Asserting","type":"YA","timestamp":"2023-11-09 12:34:48"},{"nodeID":"1285418","text":"Anon: Victor Adebowale: we have already got 1.5 million waiting on the mental health waiting list","type":"L","timestamp":"2023-11-09 12:34:48"},{"nodeID":"1285419","text":"there will be an increase in other illnesses, including physical illnesses due to poverty","type":"I","timestamp":"2023-11-09 12:34:48"},{"nodeID":"1285420","text":"Victor Adebowale: there will be an increase in other illnesses, including physical illnesses","type":"L","timestamp":"2023-11-09 12:34:48"},{"nodeID":"1285421","text":"Analysing","type":"YA","timestamp":"2023-11-09 12:34:48"},{"nodeID":"1285422","text":"Anon: Victor Adebowale: there will be an increase in other illnesses, including physical illnesses","type":"L","timestamp":"2023-11-09 12:34:48"},{"nodeID":"1285423","text":"Default Transition","type":"TA","timestamp":"2023-11-09 12:34:48"},{"nodeID":"1285424","text":"Asserting","type":"YA","timestamp":"2023-11-09 12:34:48"},{"nodeID":"1285425","text":"Victor Adebowale: it will affect the poor more than the middle classes and the wealthy","type":"L","timestamp":"2023-11-09 12:34:48"},{"nodeID":"1285426","text":"Analysing","type":"YA","timestamp":"2023-11-09 12:34:49"},{"nodeID":"1285427","text":"Anon: Victor Adebowale: it will affect the poor more than the middle classes and the wealthy","type":"L","timestamp":"2023-11-09 12:34:49"},{"nodeID":"1285428","text":"Asserting","type":"YA","timestamp":"2023-11-09 12:34:49"},{"nodeID":"1285429","text":"Default Inference","type":"RA","timestamp":"2023-11-09 12:34:49"},{"nodeID":"1285430","text":"Default Transition","type":"TA","timestamp":"2023-11-09 12:34:49"},{"nodeID":"1285431","text":"Arguing","type":"YA","timestamp":"2023-11-09 12:34:49"},{"nodeID":"1285432","text":"Default Transition","type":"TA","timestamp":"2023-11-09 12:34:49"},{"nodeID":"1285433","text":"Default Inference","type":"RA","timestamp":"2023-11-09 12:34:49"},{"nodeID":"1285434","text":"Default Transition","type":"TA","timestamp":"2023-11-09 12:34:49"},{"nodeID":"1285435","text":"Arguing","type":"YA","timestamp":"2023-11-09 12:34:49"}],"edges":[{"edgeID":"1690794","fromID":"1285291","toID":"1285289","formEdgeID":null},{"edgeID":"1690795","fromID":"1285289","toID":"1285287","formEdgeID":null},{"edgeID":"1690796","fromID":"1285287","toID":"1285290","formEdgeID":null},{"edgeID":"1690797","fromID":"1285290","toID":"1285288","formEdgeID":null},{"edgeID":"1690798","fromID":"1285294","toID":"1285292","formEdgeID":null},{"edgeID":"1690799","fromID":"1285292","toID":"1285300","formEdgeID":null},{"edgeID":"1690800","fromID":"1285295","toID":"1285294","formEdgeID":null},{"edgeID":"1690801","fromID":"1285300","toID":"1285293","formEdgeID":null},{"edgeID":"1690802","fromID":"1285298","toID":"1285296","formEdgeID":null},{"edgeID":"1690803","fromID":"1285297","toID":"1285298","formEdgeID":null},{"edgeID":"1690804","fromID":"1285296","toID":"1285299","formEdgeID":null},{"edgeID":"1690805","fromID":"1285299","toID":"898837","formEdgeID":null},{"edgeID":"1690806","fromID":"1285302","toID":"1285301","formEdgeID":null},{"edgeID":"1690807","fromID":"1285305","toID":"1285302","formEdgeID":null},{"edgeID":"1690808","fromID":"1285301","toID":"1285304","formEdgeID":null},{"edgeID":"1690809","fromID":"1285304","toID":"1285303","formEdgeID":null},{"edgeID":"1690810","fromID":"1285309","toID":"1285307","formEdgeID":null},{"edgeID":"1690811","fromID":"1285308","toID":"1285309","formEdgeID":null},{"edgeID":"1690812","fromID":"1285307","toID":"1285310","formEdgeID":null},{"edgeID":"1690813","fromID":"1285310","toID":"1285306","formEdgeID":null},{"edgeID":"1690814","fromID":"1285314","toID":"1285312","formEdgeID":null},{"edgeID":"1690815","fromID":"1285313","toID":"1285314","formEdgeID":null},{"edgeID":"1690816","fromID":"1285312","toID":"1285315","formEdgeID":null},{"edgeID":"1690817","fromID":"1285320","toID":"1285317","formEdgeID":null},{"edgeID":"1690818","fromID":"1285317","toID":"1285318","formEdgeID":null},{"edgeID":"1690819","fromID":"1285315","toID":"1285311","formEdgeID":null},{"edgeID":"1690820","fromID":"1285318","toID":"1285319","formEdgeID":null},{"edgeID":"1690821","fromID":"1285319","toID":"1285316","formEdgeID":null},{"edgeID":"1690822","fromID":"1285324","toID":"1285322","formEdgeID":null},{"edgeID":"1690823","fromID":"1285322","toID":"1285326","formEdgeID":null},{"edgeID":"1690824","fromID":"1285323","toID":"1285324","formEdgeID":null},{"edgeID":"1690825","fromID":"1285326","toID":"1285321","formEdgeID":null},{"edgeID":"1690826","fromID":"1285327","toID":"1285325","formEdgeID":null},{"edgeID":"1690827","fromID":"1285328","toID":"1285327","formEdgeID":null},{"edgeID":"1690828","fromID":"1285325","toID":"1285329","formEdgeID":null},{"edgeID":"1690829","fromID":"1285287","toID":"1285330","formEdgeID":null},{"edgeID":"1690830","fromID":"1285329","toID":"898883","formEdgeID":null},{"edgeID":"1690831","fromID":"1285330","toID":"1285292","formEdgeID":null},{"edgeID":"1690832","fromID":"1285292","toID":"1285331","formEdgeID":null},{"edgeID":"1690833","fromID":"1285331","toID":"1285296","formEdgeID":null},{"edgeID":"1690834","fromID":"1285296","toID":"1285332","formEdgeID":null},{"edgeID":"1690835","fromID":"1285332","toID":"1285301","formEdgeID":null},{"edgeID":"1690836","fromID":"1285333","toID":"1285307","formEdgeID":null},{"edgeID":"1690837","fromID":"1285296","toID":"1285333","formEdgeID":null},{"edgeID":"1690838","fromID":"1285296","toID":"1285334","formEdgeID":null},{"edgeID":"1690839","fromID":"1285334","toID":"1285312","formEdgeID":null},{"edgeID":"1690840","fromID":"1285311","toID":"1285335","formEdgeID":null},{"edgeID":"1690841","fromID":"1285336","toID":"898837","formEdgeID":null},{"edgeID":"1690842","fromID":"1285306","toID":"1285336","formEdgeID":null},{"edgeID":"1690843","fromID":"1285335","toID":"898837","formEdgeID":null},{"edgeID":"1690844","fromID":"1285303","toID":"1285337","formEdgeID":null},{"edgeID":"1690845","fromID":"1285337","toID":"898837","formEdgeID":null},{"edgeID":"1690846","fromID":"1285338","toID":"1285335","formEdgeID":null},{"edgeID":"1690847","fromID":"1285340","toID":"1285336","formEdgeID":null},{"edgeID":"1690848","fromID":"1285333","toID":"1285340","formEdgeID":null},{"edgeID":"1690849","fromID":"1285341","toID":"1285337","formEdgeID":null},{"edgeID":"1690850","fromID":"1285332","toID":"1285341","formEdgeID":null},{"edgeID":"1690851","fromID":"1285334","toID":"1285338","formEdgeID":null},{"edgeID":"1690852","fromID":"1285312","toID":"1285339","formEdgeID":null},{"edgeID":"1690853","fromID":"1285342","toID":"1285322","formEdgeID":null},{"edgeID":"1690854","fromID":"1285316","toID":"1285343","formEdgeID":null},{"edgeID":"1690855","fromID":"1285343","toID":"898837","formEdgeID":null},{"edgeID":"1690856","fromID":"1285339","toID":"1285318","formEdgeID":null},{"edgeID":"1690857","fromID":"1285318","toID":"1285342","formEdgeID":null},{"edgeID":"1690858","fromID":"1285339","toID":"1285344","formEdgeID":null},{"edgeID":"1690859","fromID":"1285349","toID":"1285347","formEdgeID":null},{"edgeID":"1690860","fromID":"1285322","toID":"1285346","formEdgeID":null},{"edgeID":"1690861","fromID":"1285346","toID":"1285325","formEdgeID":null},{"edgeID":"1690862","fromID":"1285344","toID":"1285343","formEdgeID":null},{"edgeID":"1690863","fromID":"1285348","toID":"1285349","formEdgeID":null},{"edgeID":"1690864","fromID":"1285347","toID":"1285350","formEdgeID":null},{"edgeID":"1690865","fromID":"1285350","toID":"1285345","formEdgeID":null},{"edgeID":"1690866","fromID":"1285325","toID":"1285353","formEdgeID":null},{"edgeID":"1690867","fromID":"1285353","toID":"1285347","formEdgeID":null},{"edgeID":"1690868","fromID":"1285345","toID":"1285352","formEdgeID":null},{"edgeID":"1690869","fromID":"1285352","toID":"898883","formEdgeID":null},{"edgeID":"1690870","fromID":"1285353","toID":"1285351","formEdgeID":null},{"edgeID":"1690871","fromID":"1285351","toID":"1285352","formEdgeID":null},{"edgeID":"1690872","fromID":"1285358","toID":"1285356","formEdgeID":null},{"edgeID":"1690873","fromID":"1285359","toID":"1285355","formEdgeID":null},{"edgeID":"1690874","fromID":"1285356","toID":"1285354","formEdgeID":null},{"edgeID":"1690875","fromID":"1285355","toID":"1285358","formEdgeID":null},{"edgeID":"1690876","fromID":"1285364","toID":"1285360","formEdgeID":null},{"edgeID":"1690877","fromID":"1285365","toID":"1285357","formEdgeID":null},{"edgeID":"1690878","fromID":"1285360","toID":"1285365","formEdgeID":null},{"edgeID":"1690879","fromID":"1285368","toID":"1285366","formEdgeID":null},{"edgeID":"1690880","fromID":"1285361","toID":"1285364","formEdgeID":null},{"edgeID":"1690881","fromID":"1285366","toID":"1285362","formEdgeID":null},{"edgeID":"1690882","fromID":"1285362","toID":"1285367","formEdgeID":null},{"edgeID":"1690883","fromID":"1285369","toID":"1285360","formEdgeID":null},{"edgeID":"1690884","fromID":"1285367","toID":"1285363","formEdgeID":null},{"edgeID":"1690885","fromID":"1285347","toID":"1285370","formEdgeID":null},{"edgeID":"1690886","fromID":"1285358","toID":"1285369","formEdgeID":null},{"edgeID":"1690887","fromID":"1285370","toID":"1285358","formEdgeID":null},{"edgeID":"1690888","fromID":"1285357","toID":"1285371","formEdgeID":null},{"edgeID":"1690889","fromID":"1285372","toID":"1285360","formEdgeID":null},{"edgeID":"1690890","fromID":"1285371","toID":"1285345","formEdgeID":null},{"edgeID":"1690891","fromID":"1285347","toID":"1285372","formEdgeID":null},{"edgeID":"1690892","fromID":"1285372","toID":"1285376","formEdgeID":null},{"edgeID":"1690893","fromID":"1285376","toID":"1285371","formEdgeID":null},{"edgeID":"1690894","fromID":"1285360","toID":"1285374","formEdgeID":null},{"edgeID":"1690895","fromID":"1285378","toID":"1285373","formEdgeID":null},{"edgeID":"1690896","fromID":"1285373","toID":"1285377","formEdgeID":null},{"edgeID":"1690897","fromID":"1285374","toID":"1285362","formEdgeID":null},{"edgeID":"1690898","fromID":"1285379","toID":"1285375","formEdgeID":null},{"edgeID":"1690899","fromID":"1285377","toID":"1285379","formEdgeID":null},{"edgeID":"1690900","fromID":"1285362","toID":"1285381","formEdgeID":null},{"edgeID":"1690901","fromID":"1285381","toID":"1285377","formEdgeID":null},{"edgeID":"1690902","fromID":"1285382","toID":"1285375","formEdgeID":null},{"edgeID":"1690903","fromID":"1285363","toID":"1285382","formEdgeID":null},{"edgeID":"1690904","fromID":"1285383","toID":"1285382","formEdgeID":null},{"edgeID":"1690905","fromID":"1285381","toID":"1285383","formEdgeID":null},{"edgeID":"1690906","fromID":"1285385","toID":"1285384","formEdgeID":null},{"edgeID":"1690907","fromID":"1285388","toID":"1285380","formEdgeID":null},{"edgeID":"1690908","fromID":"1285387","toID":"1285385","formEdgeID":null},{"edgeID":"1690909","fromID":"1285384","toID":"1285388","formEdgeID":null},{"edgeID":"1690910","fromID":"1285386","toID":"1285375","formEdgeID":null},{"edgeID":"1690911","fromID":"1285380","toID":"1285386","formEdgeID":null},{"edgeID":"1690912","fromID":"1285357","toID":"1285389","formEdgeID":null},{"edgeID":"1690913","fromID":"1285389","toID":"1285354","formEdgeID":null},{"edgeID":"1690914","fromID":"1285390","toID":"1285389","formEdgeID":null},{"edgeID":"1690915","fromID":"1285369","toID":"1285390","formEdgeID":null},{"edgeID":"1690916","fromID":"1285377","toID":"1285391","formEdgeID":null},{"edgeID":"1690917","fromID":"1285391","toID":"1285384","formEdgeID":null},{"edgeID":"1690918","fromID":"1285392","toID":"1285386","formEdgeID":null},{"edgeID":"1690919","fromID":"1285395","toID":"1285393","formEdgeID":null},{"edgeID":"1690920","fromID":"1285391","toID":"1285392","formEdgeID":null},{"edgeID":"1690921","fromID":"1285393","toID":"1285394","formEdgeID":null},{"edgeID":"1690922","fromID":"1285394","toID":"1285396","formEdgeID":null},{"edgeID":"1690923","fromID":"1285396","toID":"898869","formEdgeID":null},{"edgeID":"1690924","fromID":"1285400","toID":"1285398","formEdgeID":null},{"edgeID":"1690925","fromID":"1285397","toID":"1285394","formEdgeID":null},{"edgeID":"1690926","fromID":"1285398","toID":"1285401","formEdgeID":null},{"edgeID":"1690927","fromID":"1285401","toID":"1285399","formEdgeID":null},{"edgeID":"1690928","fromID":"1285384","toID":"1285397","formEdgeID":null},{"edgeID":"1690929","fromID":"1285402","toID":"1285400","formEdgeID":null},{"edgeID":"1690930","fromID":"1285406","toID":"1285404","formEdgeID":null},{"edgeID":"1690931","fromID":"1285407","toID":"1285406","formEdgeID":null},{"edgeID":"1690932","fromID":"1285403","toID":"1285398","formEdgeID":null},{"edgeID":"1690933","fromID":"1285404","toID":"1285408","formEdgeID":null},{"edgeID":"1690934","fromID":"1285408","toID":"1285405","formEdgeID":null},{"edgeID":"1690935","fromID":"1285394","toID":"1285403","formEdgeID":null},{"edgeID":"1690936","fromID":"1285411","toID":"898869","formEdgeID":null},{"edgeID":"1690937","fromID":"1285410","toID":"1285404","formEdgeID":null},{"edgeID":"1690938","fromID":"1285398","toID":"1285410","formEdgeID":null},{"edgeID":"1690939","fromID":"1285412","toID":"1285399","formEdgeID":null},{"edgeID":"1690940","fromID":"1285399","toID":"1285411","formEdgeID":null},{"edgeID":"1690941","fromID":"1285405","toID":"1285412","formEdgeID":null},{"edgeID":"1690942","fromID":"1285410","toID":"1285409","formEdgeID":null},{"edgeID":"1690943","fromID":"1285409","toID":"1285412","formEdgeID":null},{"edgeID":"1690944","fromID":"1285413","toID":"1285411","formEdgeID":null},{"edgeID":"1690945","fromID":"1285416","toID":"1285415","formEdgeID":null},{"edgeID":"1690946","fromID":"1285403","toID":"1285413","formEdgeID":null},{"edgeID":"1690947","fromID":"1285418","toID":"1285416","formEdgeID":null},{"edgeID":"1690948","fromID":"1285415","toID":"1285417","formEdgeID":null},{"edgeID":"1690949","fromID":"1285420","toID":"1285424","formEdgeID":null},{"edgeID":"1690950","fromID":"1285422","toID":"1285421","formEdgeID":null},{"edgeID":"1690951","fromID":"1285417","toID":"1285414","formEdgeID":null},{"edgeID":"1690952","fromID":"1285421","toID":"1285420","formEdgeID":null},{"edgeID":"1690953","fromID":"1285424","toID":"1285419","formEdgeID":null},{"edgeID":"1690954","fromID":"1285415","toID":"1285423","formEdgeID":null},{"edgeID":"1690955","fromID":"1285426","toID":"1285425","formEdgeID":null},{"edgeID":"1690956","fromID":"1285428","toID":"898844","formEdgeID":null},{"edgeID":"1690957","fromID":"1285423","toID":"1285420","formEdgeID":null},{"edgeID":"1690958","fromID":"1285427","toID":"1285426","formEdgeID":null},{"edgeID":"1690959","fromID":"1285425","toID":"1285428","formEdgeID":null},{"edgeID":"1690960","fromID":"1285399","toID":"1285429","formEdgeID":null},{"edgeID":"1690961","fromID":"1285430","toID":"1285415","formEdgeID":null},{"edgeID":"1690962","fromID":"1285429","toID":"1285414","formEdgeID":null},{"edgeID":"1690963","fromID":"1285430","toID":"1285431","formEdgeID":null},{"edgeID":"1690964","fromID":"1285431","toID":"1285429","formEdgeID":null},{"edgeID":"1690965","fromID":"1285398","toID":"1285430","formEdgeID":null},{"edgeID":"1690966","fromID":"1285420","toID":"1285432","formEdgeID":null},{"edgeID":"1690967","fromID":"1285432","toID":"1285425","formEdgeID":null},{"edgeID":"1690968","fromID":"898844","toID":"1285433","formEdgeID":null},{"edgeID":"1690969","fromID":"1285433","toID":"1285345","formEdgeID":null},{"edgeID":"1690970","fromID":"1285347","toID":"1285434","formEdgeID":null},{"edgeID":"1690971","fromID":"1285434","toID":"1285425","formEdgeID":null},{"edgeID":"1690972","fromID":"1285434","toID":"1285435","formEdgeID":null},{"edgeID":"1690973","fromID":"1285435","toID":"1285433","formEdgeID":null}],"locutions":[]}