{"nodes":[{"nodeID":"899123","text":"the Conservative Party suspects the reason why it has the majority is Boris Johnson","type":"I","timestamp":"2022-02-10 21:19:19"},{"nodeID":"899130","text":"Boris Johnson might get away with his behaviour","type":"I","timestamp":"2022-02-10 21:19:22"},{"nodeID":"899141","text":"the issue is not the irreparable damage to the Conservative Party but to the country","type":"I","timestamp":"2022-02-10 21:19:25"},{"nodeID":"899172","text":"Boris Johnson is the only man who could have got Brexit done and won the red wall","type":"I","timestamp":"2022-02-10 21:19:40"},{"nodeID":"1156119","text":"Boris Johnson wasn't fit to lead the country before we went into the pandemic","type":"I","timestamp":"2023-04-21 13:51:44"},{"nodeID":"1156121","text":"we have to remember Boris Johnson's track record of homophobia, racism, sexism, misogyny","type":"I","timestamp":"2023-04-21 13:51:46"},{"nodeID":"1156123","text":"Boris Johnson is an absolute consistent liar","type":"I","timestamp":"2023-04-21 13:51:48"},{"nodeID":"1156125","text":"the people closest to Boris Johnson are now jumping ship of being liars","type":"I","timestamp":"2023-04-21 13:51:50"},{"nodeID":"1156127","text":"Boris Johnson said let the bodies pile high","type":"I","timestamp":"2023-04-21 13:51:52"},{"nodeID":"1156513","text":"the members of the Conservative Party are worried if they get rid of Boris Johnson they will get rid of the one thing that got them the election","type":"I","timestamp":"2023-04-21 13:56:46"},{"nodeID":"1156518","text":"the members of the Conservative Party move against Boris Johnson at their risk","type":"I","timestamp":"2023-04-21 13:56:48"},{"nodeID":"1156535","text":"Boris Johnson might pull off one more great con","type":"I","timestamp":"2023-04-21 13:56:53"},{"nodeID":"1156569","text":"there's absolutely no way Boris Johnson should stay","type":"I","timestamp":"2023-04-21 13:57:08"},{"nodeID":"1156574","text":"Boris Johnson missed five Cobra meetings","type":"I","timestamp":"2023-04-21 13:57:11"},{"nodeID":"1156586","text":"Boris Johnson doesn't care about us","type":"I","timestamp":"2023-04-21 13:57:16"},{"nodeID":"1156600","text":"the country now know that Boris Johnson doesn't care about them","type":"I","timestamp":"2023-04-21 13:57:19"},{"nodeID":"1287357","text":"Tim Stanley: The Conservative Party suspects the reason why it has the majority is Boris Johnson","type":"L","timestamp":"2023-11-09 12:37:37"},{"nodeID":"1287358","text":"Analysing","type":"YA","timestamp":"2023-11-09 12:37:37"},{"nodeID":"1287359","text":"Zofia: Tim Stanley: The Conservative Party suspects the reason why it has the majority is Boris Johnson","type":"L","timestamp":"2023-11-09 12:37:37"},{"nodeID":"1287360","text":"Asserting","type":"YA","timestamp":"2023-11-09 12:37:37"},{"nodeID":"1287361","text":"Tim Stanley: He is the only man who could have got Brexit done and won the red wall","type":"L","timestamp":"2023-11-09 12:37:38"},{"nodeID":"1287362","text":"Analysing","type":"YA","timestamp":"2023-11-09 12:37:38"},{"nodeID":"1287363","text":"Zofia: Tim Stanley: He is the only man who could have got Brexit done and won the red wall","type":"L","timestamp":"2023-11-09 12:37:38"},{"nodeID":"1287364","text":"Asserting","type":"YA","timestamp":"2023-11-09 12:37:38"},{"nodeID":"1287365","text":"Default Transition","type":"TA","timestamp":"2023-11-09 12:37:38"},{"nodeID":"1287366","text":"Tim Stanley: they are worried if they get rid of him they will get hid of the one thing -- rid of the one thing that got them the election","type":"L","timestamp":"2023-11-09 12:37:38"},{"nodeID":"1287367","text":"Analysing","type":"YA","timestamp":"2023-11-09 12:37:38"},{"nodeID":"1287368","text":"Zofia: Tim Stanley: they are worried if they get rid of him they will get hid of the one thing -- rid of the one thing that got them the election","type":"L","timestamp":"2023-11-09 12:37:38"},{"nodeID":"1287369","text":"Asserting","type":"YA","timestamp":"2023-11-09 12:37:38"},{"nodeID":"1287370","text":"Tim Stanley: They move against Boris Johnson at their risk","type":"L","timestamp":"2023-11-09 12:37:39"},{"nodeID":"1287371","text":"Analysing","type":"YA","timestamp":"2023-11-09 12:37:39"},{"nodeID":"1287372","text":"Zofia: Tim Stanley: They move against Boris Johnson at their risk","type":"L","timestamp":"2023-11-09 12:37:39"},{"nodeID":"1287373","text":"Asserting","type":"YA","timestamp":"2023-11-09 12:37:39"},{"nodeID":"1287374","text":"Default Transition","type":"TA","timestamp":"2023-11-09 12:37:39"},{"nodeID":"1287375","text":"Default Inference","type":"RA","timestamp":"2023-11-09 12:37:39"},{"nodeID":"1287376","text":"Default Transition","type":"TA","timestamp":"2023-11-09 12:37:39"},{"nodeID":"1287377","text":"Arguing","type":"YA","timestamp":"2023-11-09 12:37:39"},{"nodeID":"1287378","text":"Default Rephrase","type":"MA","timestamp":"2023-11-09 12:37:39"},{"nodeID":"1287379","text":"Restating","type":"YA","timestamp":"2023-11-09 12:37:39"},{"nodeID":"1287380","text":"Default Inference","type":"RA","timestamp":"2023-11-09 12:37:39"},{"nodeID":"1287381","text":"Arguing","type":"YA","timestamp":"2023-11-09 12:37:39"},{"nodeID":"1287382","text":"Tim Stanley: He might get away with it","type":"L","timestamp":"2023-11-09 12:37:40"},{"nodeID":"1287383","text":"Analysing","type":"YA","timestamp":"2023-11-09 12:37:40"},{"nodeID":"1287384","text":"Zofia: Tim Stanley: He might get away with it","type":"L","timestamp":"2023-11-09 12:37:40"},{"nodeID":"1287385","text":"Asserting","type":"YA","timestamp":"2023-11-09 12:37:40"},{"nodeID":"1287386","text":"Default Transition","type":"TA","timestamp":"2023-11-09 12:37:40"},{"nodeID":"1287387","text":"Tim Stanley: He might pull off one more great con","type":"L","timestamp":"2023-11-09 12:37:40"},{"nodeID":"1287388","text":"Analysing","type":"YA","timestamp":"2023-11-09 12:37:40"},{"nodeID":"1287389","text":"Zofia: Tim Stanley: He might pull off one more great con","type":"L","timestamp":"2023-11-09 12:37:40"},{"nodeID":"1287390","text":"Asserting","type":"YA","timestamp":"2023-11-09 12:37:40"},{"nodeID":"1287391","text":"Default Transition","type":"TA","timestamp":"2023-11-09 12:37:40"},{"nodeID":"1287392","text":"Rosena Allin-Khan: The issue is not the irreparable damage to the Conservative Party but to the country","type":"L","timestamp":"2023-11-09 12:37:41"},{"nodeID":"1287393","text":"Analysing","type":"YA","timestamp":"2023-11-09 12:37:41"},{"nodeID":"1287394","text":"Zofia: Rosena Allin-Khan: The issue is not the irreparable damage to the Conservative Party but to the country","type":"L","timestamp":"2023-11-09 12:37:41"},{"nodeID":"1287395","text":"Asserting","type":"YA","timestamp":"2023-11-09 12:37:41"},{"nodeID":"1287396","text":"Default Transition","type":"TA","timestamp":"2023-11-09 12:37:41"},{"nodeID":"1287397","text":"Rosena Allin-Khan: He wasn't fit to lead the country before we went into the pandemic","type":"L","timestamp":"2023-11-09 12:37:41"},{"nodeID":"1287398","text":"Analysing","type":"YA","timestamp":"2023-11-09 12:37:41"},{"nodeID":"1287399","text":"Zofia: Rosena Allin-Khan: He wasn't fit to lead the country before we went into the pandemic","type":"L","timestamp":"2023-11-09 12:37:41"},{"nodeID":"1287400","text":"Asserting","type":"YA","timestamp":"2023-11-09 12:37:41"},{"nodeID":"1287401","text":"Default Transition","type":"TA","timestamp":"2023-11-09 12:37:41"},{"nodeID":"1287402","text":"Default Rephrase","type":"MA","timestamp":"2023-11-09 12:37:41"},{"nodeID":"1287403","text":"Restating","type":"YA","timestamp":"2023-11-09 12:37:41"},{"nodeID":"1287404","text":"Rosena Allin-Khan: We have to remember his track record of homophobia, racism, sexism, misogyny","type":"L","timestamp":"2023-11-09 12:37:42"},{"nodeID":"1287405","text":"Analysing","type":"YA","timestamp":"2023-11-09 12:37:42"},{"nodeID":"1287406","text":"Zofia: Rosena Allin-Khan: We have to remember his track record of homophobia, racism, sexism, misogyny","type":"L","timestamp":"2023-11-09 12:37:42"},{"nodeID":"1287407","text":"Asserting","type":"YA","timestamp":"2023-11-09 12:37:42"},{"nodeID":"1287408","text":"Default Transition","type":"TA","timestamp":"2023-11-09 12:37:42"},{"nodeID":"1287409","text":"Rosena Allin-Khan: he is an absolute consistent liar","type":"L","timestamp":"2023-11-09 12:37:43"},{"nodeID":"1287410","text":"Analysing","type":"YA","timestamp":"2023-11-09 12:37:43"},{"nodeID":"1287411","text":"Zofia: Rosena Allin-Khan: he is an absolute consistent liar","type":"L","timestamp":"2023-11-09 12:37:43"},{"nodeID":"1287412","text":"Asserting","type":"YA","timestamp":"2023-11-09 12:37:43"},{"nodeID":"1287413","text":"Default Transition","type":"TA","timestamp":"2023-11-09 12:37:43"},{"nodeID":"1287414","text":"Rosena Allin-Khan: the people closest to him are now jumping ship","type":"L","timestamp":"2023-11-09 12:37:43"},{"nodeID":"1287415","text":"Analysing","type":"YA","timestamp":"2023-11-09 12:37:43"},{"nodeID":"1287416","text":"Zofia: Rosena Allin-Khan: the people closest to him are now jumping ship","type":"L","timestamp":"2023-11-09 12:37:43"},{"nodeID":"1287417","text":"Asserting","type":"YA","timestamp":"2023-11-09 12:37:43"},{"nodeID":"1287418","text":"Default Transition","type":"TA","timestamp":"2023-11-09 12:37:43"},{"nodeID":"1287419","text":"Default Rephrase","type":"MA","timestamp":"2023-11-09 12:37:43"},{"nodeID":"1287420","text":"Restating","type":"YA","timestamp":"2023-11-09 12:37:43"},{"nodeID":"1287421","text":"Default Inference","type":"RA","timestamp":"2023-11-09 12:37:43"},{"nodeID":"1287422","text":"Default Inference","type":"RA","timestamp":"2023-11-09 12:37:43"},{"nodeID":"1287423","text":"Arguing","type":"YA","timestamp":"2023-11-09 12:37:43"},{"nodeID":"1287424","text":"Arguing","type":"YA","timestamp":"2023-11-09 12:37:43"},{"nodeID":"1287425","text":"Rosena Allin-Khan: There's absolutely no way he should stay","type":"L","timestamp":"2023-11-09 12:37:44"},{"nodeID":"1287426","text":"Analysing","type":"YA","timestamp":"2023-11-09 12:37:44"},{"nodeID":"1287427","text":"Zofia: Rosena Allin-Khan: There's absolutely no way he should stay","type":"L","timestamp":"2023-11-09 12:37:44"},{"nodeID":"1287428","text":"Asserting","type":"YA","timestamp":"2023-11-09 12:37:44"},{"nodeID":"1287429","text":"Rosena Allin-Khan: missed five Cobra meetings","type":"L","timestamp":"2023-11-09 12:37:45"},{"nodeID":"1287430","text":"Analysing","type":"YA","timestamp":"2023-11-09 12:37:45"},{"nodeID":"1287431","text":"Zofia: Rosena Allin-Khan: missed five Cobra meetings","type":"L","timestamp":"2023-11-09 12:37:45"},{"nodeID":"1287432","text":"Asserting","type":"YA","timestamp":"2023-11-09 12:37:45"},{"nodeID":"1287433","text":"Default Inference","type":"RA","timestamp":"2023-11-09 12:37:45"},{"nodeID":"1287434","text":"Default Transition","type":"TA","timestamp":"2023-11-09 12:37:45"},{"nodeID":"1287435","text":"Arguing","type":"YA","timestamp":"2023-11-09 12:37:45"},{"nodeID":"1287436","text":"Default Transition","type":"TA","timestamp":"2023-11-09 12:37:45"},{"nodeID":"1287437","text":"Rosena Allin-Khan: said let the bodies pile high","type":"L","timestamp":"2023-11-09 12:37:45"},{"nodeID":"1287438","text":"Analysing","type":"YA","timestamp":"2023-11-09 12:37:45"},{"nodeID":"1287439","text":"Zofia: Rosena Allin-Khan: said let the bodies pile high","type":"L","timestamp":"2023-11-09 12:37:45"},{"nodeID":"1287440","text":"Asserting","type":"YA","timestamp":"2023-11-09 12:37:45"},{"nodeID":"1287441","text":"Rosena Allin-Khan: He doesn't care about us","type":"L","timestamp":"2023-11-09 12:37:46"},{"nodeID":"1287442","text":"Analysing","type":"YA","timestamp":"2023-11-09 12:37:46"},{"nodeID":"1287443","text":"Zofia: Rosena Allin-Khan: He doesn't care about us","type":"L","timestamp":"2023-11-09 12:37:46"},{"nodeID":"1287444","text":"Asserting","type":"YA","timestamp":"2023-11-09 12:37:46"},{"nodeID":"1287445","text":"Default Inference","type":"RA","timestamp":"2023-11-09 12:37:46"},{"nodeID":"1287446","text":"Default Transition","type":"TA","timestamp":"2023-11-09 12:37:46"},{"nodeID":"1287447","text":"Arguing","type":"YA","timestamp":"2023-11-09 12:37:46"},{"nodeID":"1287448","text":"Default Inference","type":"RA","timestamp":"2023-11-09 12:37:46"},{"nodeID":"1287449","text":"Default Inference","type":"RA","timestamp":"2023-11-09 12:37:46"},{"nodeID":"1287450","text":"Default Transition","type":"TA","timestamp":"2023-11-09 12:37:46"},{"nodeID":"1287451","text":"Arguing","type":"YA","timestamp":"2023-11-09 12:37:46"},{"nodeID":"1287452","text":"Default Transition","type":"TA","timestamp":"2023-11-09 12:37:46"},{"nodeID":"1287453","text":"Arguing","type":"YA","timestamp":"2023-11-09 12:37:46"},{"nodeID":"1287454","text":"Rosena Allin-Khan: The country now know it","type":"L","timestamp":"2023-11-09 12:37:46"},{"nodeID":"1287455","text":"Analysing","type":"YA","timestamp":"2023-11-09 12:37:46"},{"nodeID":"1287456","text":"Zofia: Rosena Allin-Khan: The country now know it","type":"L","timestamp":"2023-11-09 12:37:46"},{"nodeID":"1287457","text":"Asserting","type":"YA","timestamp":"2023-11-09 12:37:46"},{"nodeID":"1287458","text":"Default Transition","type":"TA","timestamp":"2023-11-09 12:37:46"},{"nodeID":"1287459","text":"Default Rephrase","type":"MA","timestamp":"2023-11-09 12:37:46"},{"nodeID":"1287460","text":"Restating","type":"YA","timestamp":"2023-11-09 12:37:46"}],"edges":[{"edgeID":"1693301","fromID":"1287358","toID":"1287357","formEdgeID":null},{"edgeID":"1693302","fromID":"1287359","toID":"1287358","formEdgeID":null},{"edgeID":"1693303","fromID":"1287357","toID":"1287360","formEdgeID":null},{"edgeID":"1693304","fromID":"1287360","toID":"899123","formEdgeID":null},{"edgeID":"1693305","fromID":"1287362","toID":"1287361","formEdgeID":null},{"edgeID":"1693306","fromID":"1287363","toID":"1287362","formEdgeID":null},{"edgeID":"1693307","fromID":"1287361","toID":"1287364","formEdgeID":null},{"edgeID":"1693308","fromID":"1287364","toID":"899172","formEdgeID":null},{"edgeID":"1693309","fromID":"1287357","toID":"1287365","formEdgeID":null},{"edgeID":"1693310","fromID":"1287365","toID":"1287361","formEdgeID":null},{"edgeID":"1693311","fromID":"1287367","toID":"1287366","formEdgeID":null},{"edgeID":"1693312","fromID":"1287368","toID":"1287367","formEdgeID":null},{"edgeID":"1693313","fromID":"1287366","toID":"1287369","formEdgeID":null},{"edgeID":"1693314","fromID":"1287369","toID":"1156513","formEdgeID":null},{"edgeID":"1693315","fromID":"1287371","toID":"1287370","formEdgeID":null},{"edgeID":"1693316","fromID":"1287372","toID":"1287371","formEdgeID":null},{"edgeID":"1693317","fromID":"1287370","toID":"1287373","formEdgeID":null},{"edgeID":"1693318","fromID":"1287373","toID":"1156518","formEdgeID":null},{"edgeID":"1693319","fromID":"1287366","toID":"1287374","formEdgeID":null},{"edgeID":"1693320","fromID":"1287374","toID":"1287370","formEdgeID":null},{"edgeID":"1693321","fromID":"899123","toID":"1287375","formEdgeID":null},{"edgeID":"1693322","fromID":"1287375","toID":"1156513","formEdgeID":null},{"edgeID":"1693323","fromID":"1287357","toID":"1287376","formEdgeID":null},{"edgeID":"1693324","fromID":"1287376","toID":"1287366","formEdgeID":null},{"edgeID":"1693325","fromID":"1287376","toID":"1287377","formEdgeID":null},{"edgeID":"1693326","fromID":"1287377","toID":"1287375","formEdgeID":null},{"edgeID":"1693327","fromID":"899172","toID":"1287378","formEdgeID":null},{"edgeID":"1693328","fromID":"1287378","toID":"899123","formEdgeID":null},{"edgeID":"1693329","fromID":"1287365","toID":"1287379","formEdgeID":null},{"edgeID":"1693330","fromID":"1287379","toID":"1287378","formEdgeID":null},{"edgeID":"1693331","fromID":"1156513","toID":"1287380","formEdgeID":null},{"edgeID":"1693332","fromID":"1287380","toID":"1156518","formEdgeID":null},{"edgeID":"1693333","fromID":"1287374","toID":"1287381","formEdgeID":null},{"edgeID":"1693334","fromID":"1287381","toID":"1287380","formEdgeID":null},{"edgeID":"1693335","fromID":"1287383","toID":"1287382","formEdgeID":null},{"edgeID":"1693336","fromID":"1287384","toID":"1287383","formEdgeID":null},{"edgeID":"1693337","fromID":"1287382","toID":"1287385","formEdgeID":null},{"edgeID":"1693338","fromID":"1287385","toID":"899130","formEdgeID":null},{"edgeID":"1693339","fromID":"1287370","toID":"1287386","formEdgeID":null},{"edgeID":"1693340","fromID":"1287386","toID":"1287382","formEdgeID":null},{"edgeID":"1693341","fromID":"1287388","toID":"1287387","formEdgeID":null},{"edgeID":"1693342","fromID":"1287389","toID":"1287388","formEdgeID":null},{"edgeID":"1693343","fromID":"1287387","toID":"1287390","formEdgeID":null},{"edgeID":"1693344","fromID":"1287390","toID":"1156535","formEdgeID":null},{"edgeID":"1693345","fromID":"1287382","toID":"1287391","formEdgeID":null},{"edgeID":"1693346","fromID":"1287391","toID":"1287387","formEdgeID":null},{"edgeID":"1693347","fromID":"1287393","toID":"1287392","formEdgeID":null},{"edgeID":"1693348","fromID":"1287394","toID":"1287393","formEdgeID":null},{"edgeID":"1693349","fromID":"1287392","toID":"1287395","formEdgeID":null},{"edgeID":"1693350","fromID":"1287395","toID":"899141","formEdgeID":null},{"edgeID":"1693351","fromID":"1287387","toID":"1287396","formEdgeID":null},{"edgeID":"1693352","fromID":"1287396","toID":"1287392","formEdgeID":null},{"edgeID":"1693353","fromID":"1287398","toID":"1287397","formEdgeID":null},{"edgeID":"1693354","fromID":"1287399","toID":"1287398","formEdgeID":null},{"edgeID":"1693355","fromID":"1287397","toID":"1287400","formEdgeID":null},{"edgeID":"1693356","fromID":"1287400","toID":"1156119","formEdgeID":null},{"edgeID":"1693357","fromID":"1287392","toID":"1287401","formEdgeID":null},{"edgeID":"1693358","fromID":"1287401","toID":"1287397","formEdgeID":null},{"edgeID":"1693359","fromID":"1156119","toID":"1287402","formEdgeID":null},{"edgeID":"1693360","fromID":"1287402","toID":"899141","formEdgeID":null},{"edgeID":"1693361","fromID":"1287401","toID":"1287403","formEdgeID":null},{"edgeID":"1693362","fromID":"1287403","toID":"1287402","formEdgeID":null},{"edgeID":"1693363","fromID":"1287405","toID":"1287404","formEdgeID":null},{"edgeID":"1693364","fromID":"1287406","toID":"1287405","formEdgeID":null},{"edgeID":"1693365","fromID":"1287404","toID":"1287407","formEdgeID":null},{"edgeID":"1693366","fromID":"1287407","toID":"1156121","formEdgeID":null},{"edgeID":"1693367","fromID":"1287397","toID":"1287408","formEdgeID":null},{"edgeID":"1693368","fromID":"1287408","toID":"1287404","formEdgeID":null},{"edgeID":"1693369","fromID":"1287410","toID":"1287409","formEdgeID":null},{"edgeID":"1693370","fromID":"1287411","toID":"1287410","formEdgeID":null},{"edgeID":"1693371","fromID":"1287409","toID":"1287412","formEdgeID":null},{"edgeID":"1693372","fromID":"1287412","toID":"1156123","formEdgeID":null},{"edgeID":"1693373","fromID":"1287404","toID":"1287413","formEdgeID":null},{"edgeID":"1693374","fromID":"1287413","toID":"1287409","formEdgeID":null},{"edgeID":"1693375","fromID":"1287415","toID":"1287414","formEdgeID":null},{"edgeID":"1693376","fromID":"1287416","toID":"1287415","formEdgeID":null},{"edgeID":"1693377","fromID":"1287414","toID":"1287417","formEdgeID":null},{"edgeID":"1693378","fromID":"1287417","toID":"1156125","formEdgeID":null},{"edgeID":"1693379","fromID":"1287409","toID":"1287418","formEdgeID":null},{"edgeID":"1693380","fromID":"1287418","toID":"1287414","formEdgeID":null},{"edgeID":"1693381","fromID":"1156125","toID":"1287419","formEdgeID":null},{"edgeID":"1693382","fromID":"1287419","toID":"1156123","formEdgeID":null},{"edgeID":"1693383","fromID":"1287418","toID":"1287420","formEdgeID":null},{"edgeID":"1693384","fromID":"1287420","toID":"1287419","formEdgeID":null},{"edgeID":"1693385","fromID":"1156123","toID":"1287421","formEdgeID":null},{"edgeID":"1693386","fromID":"1287421","toID":"1156119","formEdgeID":null},{"edgeID":"1693387","fromID":"1156121","toID":"1287422","formEdgeID":null},{"edgeID":"1693388","fromID":"1287422","toID":"1156119","formEdgeID":null},{"edgeID":"1693389","fromID":"1287408","toID":"1287423","formEdgeID":null},{"edgeID":"1693390","fromID":"1287423","toID":"1287422","formEdgeID":null},{"edgeID":"1693391","fromID":"1287413","toID":"1287424","formEdgeID":null},{"edgeID":"1693392","fromID":"1287424","toID":"1287421","formEdgeID":null},{"edgeID":"1693393","fromID":"1287426","toID":"1287425","formEdgeID":null},{"edgeID":"1693394","fromID":"1287427","toID":"1287426","formEdgeID":null},{"edgeID":"1693395","fromID":"1287425","toID":"1287428","formEdgeID":null},{"edgeID":"1693396","fromID":"1287428","toID":"1156569","formEdgeID":null},{"edgeID":"1693397","fromID":"1287430","toID":"1287429","formEdgeID":null},{"edgeID":"1693398","fromID":"1287431","toID":"1287430","formEdgeID":null},{"edgeID":"1693399","fromID":"1287429","toID":"1287432","formEdgeID":null},{"edgeID":"1693400","fromID":"1287432","toID":"1156574","formEdgeID":null},{"edgeID":"1693401","fromID":"1156119","toID":"1287433","formEdgeID":null},{"edgeID":"1693402","fromID":"1287433","toID":"1156569","formEdgeID":null},{"edgeID":"1693403","fromID":"1287397","toID":"1287434","formEdgeID":null},{"edgeID":"1693404","fromID":"1287434","toID":"1287425","formEdgeID":null},{"edgeID":"1693405","fromID":"1287434","toID":"1287435","formEdgeID":null},{"edgeID":"1693406","fromID":"1287435","toID":"1287433","formEdgeID":null},{"edgeID":"1693407","fromID":"1287425","toID":"1287436","formEdgeID":null},{"edgeID":"1693408","fromID":"1287436","toID":"1287429","formEdgeID":null},{"edgeID":"1693409","fromID":"1287438","toID":"1287437","formEdgeID":null},{"edgeID":"1693410","fromID":"1287439","toID":"1287438","formEdgeID":null},{"edgeID":"1693411","fromID":"1287437","toID":"1287440","formEdgeID":null},{"edgeID":"1693412","fromID":"1287440","toID":"1156127","formEdgeID":null},{"edgeID":"1693413","fromID":"1287442","toID":"1287441","formEdgeID":null},{"edgeID":"1693414","fromID":"1287443","toID":"1287442","formEdgeID":null},{"edgeID":"1693415","fromID":"1287441","toID":"1287444","formEdgeID":null},{"edgeID":"1693416","fromID":"1287444","toID":"1156586","formEdgeID":null},{"edgeID":"1693417","fromID":"1156586","toID":"1287445","formEdgeID":null},{"edgeID":"1693418","fromID":"1287445","toID":"1156569","formEdgeID":null},{"edgeID":"1693419","fromID":"1287425","toID":"1287446","formEdgeID":null},{"edgeID":"1693420","fromID":"1287446","toID":"1287441","formEdgeID":null},{"edgeID":"1693421","fromID":"1287446","toID":"1287447","formEdgeID":null},{"edgeID":"1693422","fromID":"1287447","toID":"1287445","formEdgeID":null},{"edgeID":"1693423","fromID":"1156574","toID":"1287448","formEdgeID":null},{"edgeID":"1693424","fromID":"1287448","toID":"1156586","formEdgeID":null},{"edgeID":"1693425","fromID":"1156127","toID":"1287449","formEdgeID":null},{"edgeID":"1693426","fromID":"1287449","toID":"1156586","formEdgeID":null},{"edgeID":"1693427","fromID":"1287429","toID":"1287450","formEdgeID":null},{"edgeID":"1693428","fromID":"1287450","toID":"1287441","formEdgeID":null},{"edgeID":"1693429","fromID":"1287450","toID":"1287451","formEdgeID":null},{"edgeID":"1693430","fromID":"1287451","toID":"1287448","formEdgeID":null},{"edgeID":"1693431","fromID":"1287437","toID":"1287452","formEdgeID":null},{"edgeID":"1693432","fromID":"1287452","toID":"1287441","formEdgeID":null},{"edgeID":"1693433","fromID":"1287452","toID":"1287453","formEdgeID":null},{"edgeID":"1693434","fromID":"1287453","toID":"1287449","formEdgeID":null},{"edgeID":"1693435","fromID":"1287455","toID":"1287454","formEdgeID":null},{"edgeID":"1693436","fromID":"1287456","toID":"1287455","formEdgeID":null},{"edgeID":"1693437","fromID":"1287454","toID":"1287457","formEdgeID":null},{"edgeID":"1693438","fromID":"1287457","toID":"1156600","formEdgeID":null},{"edgeID":"1693439","fromID":"1287441","toID":"1287458","formEdgeID":null},{"edgeID":"1693440","fromID":"1287458","toID":"1287454","formEdgeID":null},{"edgeID":"1693441","fromID":"1156600","toID":"1287459","formEdgeID":null},{"edgeID":"1693442","fromID":"1287459","toID":"1156586","formEdgeID":null},{"edgeID":"1693443","fromID":"1287458","toID":"1287460","formEdgeID":null},{"edgeID":"1693444","fromID":"1287460","toID":"1287459","formEdgeID":null}],"locutions":[]}