{"nodes":[{"nodeID":"1153144","text":"the issue for Robin Shattock is that integrity matters","type":"I","timestamp":"2023-04-21 13:29:43"},{"nodeID":"1153148","text":"the way people behave matters for Robin Shattock","type":"I","timestamp":"2023-04-21 13:29:45"},{"nodeID":"1153154","text":"many of the issues we talked about tonight relate to trust","type":"I","timestamp":"2023-04-21 13:29:48"},{"nodeID":"1153160","text":"who one trusts in terms to give you a truthful picture of the situation is what we mostly talked about tonight","type":"I","timestamp":"2023-04-21 13:29:50"},{"nodeID":"1153166","text":"the current situation has only made it a lot harder to communicate the core messages that people need to hear","type":"I","timestamp":"2023-04-21 13:29:53"},{"nodeID":"1153172","text":"the people who are least willing to get vaccinated are the people who least respect people in public office and the Government","type":"I","timestamp":"2023-04-21 13:29:56"},{"nodeID":"1153182","text":"the fact that the people who are least willing to get vaccinated are the people who least respect people in public office and the Government has only made the job that much harder","type":"I","timestamp":"2023-04-21 13:30:00"},{"nodeID":"1153190","text":"one shouldn't have to say integrity is important in public life","type":"I","timestamp":"2023-04-21 13:30:04"},{"nodeID":"1153198","text":"integrity in public life is plainly important","type":"I","timestamp":"2023-04-21 13:30:08"},{"nodeID":"1153206","text":"we have had Prime Ministers who have been paragons of morality like Theresa May and she was rubbish at the job","type":"I","timestamp":"2023-04-21 13:30:11"},{"nodeID":"1153210","text":"we have had Tony Blair who was directed by an inner morality and he took us to war","type":"I","timestamp":"2023-04-21 13:30:15"},{"nodeID":"1287867","text":"Robin Shattock: the issue is for me, that integrity matters","type":"L","timestamp":"2023-11-09 12:38:26"},{"nodeID":"1287868","text":"Analysing","type":"YA","timestamp":"2023-11-09 12:38:26"},{"nodeID":"1287869","text":"Anon: Robin Shattock: the issue is for me, that integrity matters","type":"L","timestamp":"2023-11-09 12:38:26"},{"nodeID":"1287870","text":"Asserting","type":"YA","timestamp":"2023-11-09 12:38:26"},{"nodeID":"1287871","text":"Robin Shattock: so does the way people behave","type":"L","timestamp":"2023-11-09 12:38:27"},{"nodeID":"1287872","text":"Analysing","type":"YA","timestamp":"2023-11-09 12:38:27"},{"nodeID":"1287873","text":"Anon: Robin Shattock: so does the way people behave","type":"L","timestamp":"2023-11-09 12:38:27"},{"nodeID":"1287874","text":"Asserting","type":"YA","timestamp":"2023-11-09 12:38:27"},{"nodeID":"1287875","text":"Default Transition","type":"TA","timestamp":"2023-11-09 12:38:27"},{"nodeID":"1287876","text":"Robin Shattock: many of the issues we talked about tonight relate to trust","type":"L","timestamp":"2023-11-09 12:38:27"},{"nodeID":"1287877","text":"Analysing","type":"YA","timestamp":"2023-11-09 12:38:27"},{"nodeID":"1287878","text":"Anon: Robin Shattock: many of the issues we talked about tonight relate to trust","type":"L","timestamp":"2023-11-09 12:38:27"},{"nodeID":"1287879","text":"Asserting","type":"YA","timestamp":"2023-11-09 12:38:27"},{"nodeID":"1287880","text":"Default Transition","type":"TA","timestamp":"2023-11-09 12:38:27"},{"nodeID":"1287881","text":"Robin Shattock: Who do you trust in terms to give you a truthful picture of the situation","type":"L","timestamp":"2023-11-09 12:38:28"},{"nodeID":"1287882","text":"Analysing","type":"YA","timestamp":"2023-11-09 12:38:28"},{"nodeID":"1287883","text":"Anon: Robin Shattock: Who do you trust in terms to give you a truthful picture of the situation","type":"L","timestamp":"2023-11-09 12:38:28"},{"nodeID":"1287884","text":"Asserting","type":"YA","timestamp":"2023-11-09 12:38:28"},{"nodeID":"1287885","text":"Default Transition","type":"TA","timestamp":"2023-11-09 12:38:28"},{"nodeID":"1287886","text":"Robin Shattock: the current situation it's only made it a lot harder to communicate the core messages that people need to hear","type":"L","timestamp":"2023-11-09 12:38:28"},{"nodeID":"1287887","text":"Analysing","type":"YA","timestamp":"2023-11-09 12:38:28"},{"nodeID":"1287888","text":"Anon: Robin Shattock: the current situation it's only made it a lot harder to communicate the core messages that people need to hear","type":"L","timestamp":"2023-11-09 12:38:28"},{"nodeID":"1287889","text":"Asserting","type":"YA","timestamp":"2023-11-09 12:38:28"},{"nodeID":"1287890","text":"Default Transition","type":"TA","timestamp":"2023-11-09 12:38:28"},{"nodeID":"1287891","text":"Robin Shattock:  We know that from a recent publication the people who are least willing to get vaccinated are the people who least respect people in public office and the Government","type":"L","timestamp":"2023-11-09 12:38:29"},{"nodeID":"1287892","text":"Analysing","type":"YA","timestamp":"2023-11-09 12:38:29"},{"nodeID":"1287893","text":"Anon: Robin Shattock:  We know that from a recent publication the people who are least willing to get vaccinated are the people who least respect people in public office and the Government","type":"L","timestamp":"2023-11-09 12:38:29"},{"nodeID":"1287894","text":"Unknown Speaker:  the people who are least willing to get vaccinated are the people who least respect people in public office and the Government","type":"L","timestamp":"2023-11-09 12:38:29"},{"nodeID":"1287895","text":"Analysing","type":"YA","timestamp":"2023-11-09 12:38:29"},{"nodeID":"1287896","text":"Anon: Unknown Speaker:  We know that from a recent publication the people who are least willing to get vaccinated are the people who least respect people in public office and the Government","type":"L","timestamp":"2023-11-09 12:38:29"},{"nodeID":"1287897","text":"Asserting","type":"YA","timestamp":"2023-11-09 12:38:29"},{"nodeID":"1287898","text":"Asserting","type":"YA","timestamp":"2023-11-09 12:38:29"},{"nodeID":"1287899","text":"Default Transition","type":"TA","timestamp":"2023-11-09 12:38:29"},{"nodeID":"1287900","text":"Robin Shattock:  That's only made the job that much harder","type":"L","timestamp":"2023-11-09 12:38:29"},{"nodeID":"1287901","text":"Analysing","type":"YA","timestamp":"2023-11-09 12:38:29"},{"nodeID":"1287902","text":"Anon: Robin Shattock:  That's only made the job that much harder","type":"L","timestamp":"2023-11-09 12:38:29"},{"nodeID":"1287903","text":"Asserting","type":"YA","timestamp":"2023-11-09 12:38:29"},{"nodeID":"1287904","text":"Default Transition","type":"TA","timestamp":"2023-11-09 12:38:29"},{"nodeID":"1287905","text":"Default Rephrase","type":"MA","timestamp":"2023-11-09 12:38:29"},{"nodeID":"1287906","text":"Restating","type":"YA","timestamp":"2023-11-09 12:38:29"},{"nodeID":"1287907","text":"Tim Stanley: One shouldn't have to say integrity is important in public life","type":"L","timestamp":"2023-11-09 12:38:30"},{"nodeID":"1287908","text":"Analysing","type":"YA","timestamp":"2023-11-09 12:38:30"},{"nodeID":"1287909","text":"Anon: Tim Stanley: One shouldn't have to say integrity is important in public life","type":"L","timestamp":"2023-11-09 12:38:30"},{"nodeID":"1287910","text":"Asserting","type":"YA","timestamp":"2023-11-09 12:38:30"},{"nodeID":"1287911","text":"Default Rephrase","type":"MA","timestamp":"2023-11-09 12:38:30"},{"nodeID":"1287912","text":"Default Transition","type":"TA","timestamp":"2023-11-09 12:38:30"},{"nodeID":"1287913","text":"Restating","type":"YA","timestamp":"2023-11-09 12:38:30"},{"nodeID":"1287914","text":"Tim Stanley: it plainly is","type":"L","timestamp":"2023-11-09 12:38:31"},{"nodeID":"1287915","text":"Analysing","type":"YA","timestamp":"2023-11-09 12:38:31"},{"nodeID":"1287916","text":"Anon: Tim Stanley: it plainly is","type":"L","timestamp":"2023-11-09 12:38:31"},{"nodeID":"1287917","text":"Asserting","type":"YA","timestamp":"2023-11-09 12:38:31"},{"nodeID":"1287918","text":"Default Conflict","type":"CA","timestamp":"2023-11-09 12:38:31"},{"nodeID":"1287919","text":"Default Transition","type":"TA","timestamp":"2023-11-09 12:38:31"},{"nodeID":"1287920","text":"Disagreeing","type":"YA","timestamp":"2023-11-09 12:38:31"},{"nodeID":"1287921","text":"Tim Stanley: We have had Prime Ministers who have been paragons of morality like Theresa May and she was rubbish at the job","type":"L","timestamp":"2023-11-09 12:38:31"},{"nodeID":"1287922","text":"Analysing","type":"YA","timestamp":"2023-11-09 12:38:31"},{"nodeID":"1287923","text":"Anon: Tim Stanley: We have had Prime Ministers who have been paragons of morality like Theresa May and she was rubbish at the job","type":"L","timestamp":"2023-11-09 12:38:31"},{"nodeID":"1287924","text":"Asserting","type":"YA","timestamp":"2023-11-09 12:38:31"},{"nodeID":"1287925","text":"Tim Stanley: Tony Blair who was directed by an inner morality and he took us to war","type":"L","timestamp":"2023-11-09 12:38:32"},{"nodeID":"1287926","text":"Analysing","type":"YA","timestamp":"2023-11-09 12:38:32"},{"nodeID":"1287927","text":"Anon: Tim Stanley: Tony Blair who was directed by an inner morality and he took us to war","type":"L","timestamp":"2023-11-09 12:38:32"},{"nodeID":"1287928","text":"Asserting","type":"YA","timestamp":"2023-11-09 12:38:32"},{"nodeID":"1287929","text":"Default Inference","type":"RA","timestamp":"2023-11-09 12:38:32"},{"nodeID":"1287930","text":"Default Transition","type":"TA","timestamp":"2023-11-09 12:38:32"},{"nodeID":"1287931","text":"Arguing","type":"YA","timestamp":"2023-11-09 12:38:32"},{"nodeID":"1287932","text":"Default Inference","type":"RA","timestamp":"2023-11-09 12:38:32"},{"nodeID":"1287933","text":"Arguing","type":"YA","timestamp":"2023-11-09 12:38:32"},{"nodeID":"1287934","text":"Default Inference","type":"RA","timestamp":"2023-11-09 12:38:32"},{"nodeID":"1287935","text":"Arguing","type":"YA","timestamp":"2023-11-09 12:38:32"},{"nodeID":"1287936","text":"Default Transition","type":"TA","timestamp":"2023-11-09 12:38:32"},{"nodeID":"1287937","text":"Default Conflict","type":"CA","timestamp":"2023-11-09 12:38:32"},{"nodeID":"1287938","text":"Disagreeing","type":"YA","timestamp":"2023-11-09 12:38:32"}],"edges":[{"edgeID":"1693974","fromID":"1287868","toID":"1287867","formEdgeID":null},{"edgeID":"1693975","fromID":"1287869","toID":"1287868","formEdgeID":null},{"edgeID":"1693976","fromID":"1287867","toID":"1287870","formEdgeID":null},{"edgeID":"1693977","fromID":"1287870","toID":"1153144","formEdgeID":null},{"edgeID":"1693978","fromID":"1287872","toID":"1287871","formEdgeID":null},{"edgeID":"1693979","fromID":"1287873","toID":"1287872","formEdgeID":null},{"edgeID":"1693980","fromID":"1287871","toID":"1287874","formEdgeID":null},{"edgeID":"1693981","fromID":"1287874","toID":"1153148","formEdgeID":null},{"edgeID":"1693982","fromID":"1287867","toID":"1287875","formEdgeID":null},{"edgeID":"1693983","fromID":"1287875","toID":"1287871","formEdgeID":null},{"edgeID":"1693984","fromID":"1287877","toID":"1287876","formEdgeID":null},{"edgeID":"1693985","fromID":"1287878","toID":"1287877","formEdgeID":null},{"edgeID":"1693986","fromID":"1287876","toID":"1287879","formEdgeID":null},{"edgeID":"1693987","fromID":"1287879","toID":"1153154","formEdgeID":null},{"edgeID":"1693988","fromID":"1287871","toID":"1287880","formEdgeID":null},{"edgeID":"1693989","fromID":"1287880","toID":"1287876","formEdgeID":null},{"edgeID":"1693990","fromID":"1287882","toID":"1287881","formEdgeID":null},{"edgeID":"1693991","fromID":"1287883","toID":"1287882","formEdgeID":null},{"edgeID":"1693992","fromID":"1287881","toID":"1287884","formEdgeID":null},{"edgeID":"1693993","fromID":"1287884","toID":"1153160","formEdgeID":null},{"edgeID":"1693994","fromID":"1287876","toID":"1287885","formEdgeID":null},{"edgeID":"1693995","fromID":"1287885","toID":"1287881","formEdgeID":null},{"edgeID":"1693996","fromID":"1287887","toID":"1287886","formEdgeID":null},{"edgeID":"1693997","fromID":"1287888","toID":"1287887","formEdgeID":null},{"edgeID":"1693998","fromID":"1287886","toID":"1287889","formEdgeID":null},{"edgeID":"1693999","fromID":"1287889","toID":"1153166","formEdgeID":null},{"edgeID":"1694000","fromID":"1287881","toID":"1287890","formEdgeID":null},{"edgeID":"1694001","fromID":"1287890","toID":"1287886","formEdgeID":null},{"edgeID":"1694002","fromID":"1287892","toID":"1287891","formEdgeID":null},{"edgeID":"1694003","fromID":"1287893","toID":"1287892","formEdgeID":null},{"edgeID":"1694004","fromID":"1287895","toID":"1287894","formEdgeID":null},{"edgeID":"1694005","fromID":"1287896","toID":"1287895","formEdgeID":null},{"edgeID":"1694006","fromID":"1287891","toID":"1287897","formEdgeID":null},{"edgeID":"1694007","fromID":"1287897","toID":"1287894","formEdgeID":null},{"edgeID":"1694008","fromID":"1287894","toID":"1287898","formEdgeID":null},{"edgeID":"1694009","fromID":"1287898","toID":"1153172","formEdgeID":null},{"edgeID":"1694010","fromID":"1287886","toID":"1287899","formEdgeID":null},{"edgeID":"1694011","fromID":"1287899","toID":"1287891","formEdgeID":null},{"edgeID":"1694012","fromID":"1287901","toID":"1287900","formEdgeID":null},{"edgeID":"1694013","fromID":"1287902","toID":"1287901","formEdgeID":null},{"edgeID":"1694014","fromID":"1287900","toID":"1287903","formEdgeID":null},{"edgeID":"1694015","fromID":"1287903","toID":"1153182","formEdgeID":null},{"edgeID":"1694016","fromID":"1287891","toID":"1287904","formEdgeID":null},{"edgeID":"1694017","fromID":"1287904","toID":"1287900","formEdgeID":null},{"edgeID":"1694018","fromID":"1153160","toID":"1287905","formEdgeID":null},{"edgeID":"1694019","fromID":"1287905","toID":"1153154","formEdgeID":null},{"edgeID":"1694020","fromID":"1287885","toID":"1287906","formEdgeID":null},{"edgeID":"1694021","fromID":"1287906","toID":"1287905","formEdgeID":null},{"edgeID":"1694022","fromID":"1287908","toID":"1287907","formEdgeID":null},{"edgeID":"1694023","fromID":"1287909","toID":"1287908","formEdgeID":null},{"edgeID":"1694024","fromID":"1287907","toID":"1287910","formEdgeID":null},{"edgeID":"1694025","fromID":"1287910","toID":"1153190","formEdgeID":null},{"edgeID":"1694026","fromID":"1153190","toID":"1287911","formEdgeID":null},{"edgeID":"1694027","fromID":"1287911","toID":"1153144","formEdgeID":null},{"edgeID":"1694028","fromID":"1287867","toID":"1287912","formEdgeID":null},{"edgeID":"1694029","fromID":"1287912","toID":"1287907","formEdgeID":null},{"edgeID":"1694030","fromID":"1287912","toID":"1287913","formEdgeID":null},{"edgeID":"1694031","fromID":"1287913","toID":"1287911","formEdgeID":null},{"edgeID":"1694032","fromID":"1287915","toID":"1287914","formEdgeID":null},{"edgeID":"1694033","fromID":"1287916","toID":"1287915","formEdgeID":null},{"edgeID":"1694034","fromID":"1287914","toID":"1287917","formEdgeID":null},{"edgeID":"1694035","fromID":"1287917","toID":"1153198","formEdgeID":null},{"edgeID":"1694036","fromID":"1153198","toID":"1287918","formEdgeID":null},{"edgeID":"1694037","fromID":"1287918","toID":"1153190","formEdgeID":null},{"edgeID":"1694038","fromID":"1287907","toID":"1287919","formEdgeID":null},{"edgeID":"1694039","fromID":"1287919","toID":"1287914","formEdgeID":null},{"edgeID":"1694040","fromID":"1287919","toID":"1287920","formEdgeID":null},{"edgeID":"1694041","fromID":"1287920","toID":"1287918","formEdgeID":null},{"edgeID":"1694042","fromID":"1287922","toID":"1287921","formEdgeID":null},{"edgeID":"1694043","fromID":"1287923","toID":"1287922","formEdgeID":null},{"edgeID":"1694044","fromID":"1287921","toID":"1287924","formEdgeID":null},{"edgeID":"1694045","fromID":"1287924","toID":"1153206","formEdgeID":null},{"edgeID":"1694046","fromID":"1287926","toID":"1287925","formEdgeID":null},{"edgeID":"1694047","fromID":"1287927","toID":"1287926","formEdgeID":null},{"edgeID":"1694048","fromID":"1287925","toID":"1287928","formEdgeID":null},{"edgeID":"1694049","fromID":"1287928","toID":"1153210","formEdgeID":null},{"edgeID":"1694050","fromID":"1153206","toID":"1287929","formEdgeID":null},{"edgeID":"1694051","fromID":"1287929","toID":"1153190","formEdgeID":null},{"edgeID":"1694052","fromID":"1287907","toID":"1287930","formEdgeID":null},{"edgeID":"1694053","fromID":"1287930","toID":"1287921","formEdgeID":null},{"edgeID":"1694054","fromID":"1287930","toID":"1287931","formEdgeID":null},{"edgeID":"1694055","fromID":"1287931","toID":"1287929","formEdgeID":null},{"edgeID":"1694056","fromID":"1153166","toID":"1287932","formEdgeID":null},{"edgeID":"1694057","fromID":"1287932","toID":"1153160","formEdgeID":null},{"edgeID":"1694058","fromID":"1287890","toID":"1287933","formEdgeID":null},{"edgeID":"1694059","fromID":"1287933","toID":"1287932","formEdgeID":null},{"edgeID":"1694060","fromID":"1153172","toID":"1287934","formEdgeID":null},{"edgeID":"1694061","fromID":"1287934","toID":"1153182","formEdgeID":null},{"edgeID":"1694062","fromID":"1287904","toID":"1287935","formEdgeID":null},{"edgeID":"1694063","fromID":"1287935","toID":"1287934","formEdgeID":null},{"edgeID":"1694064","fromID":"1287921","toID":"1287936","formEdgeID":null},{"edgeID":"1694065","fromID":"1287936","toID":"1287925","formEdgeID":null},{"edgeID":"1694066","fromID":"1153210","toID":"1287937","formEdgeID":null},{"edgeID":"1694067","fromID":"1287937","toID":"1153206","formEdgeID":null},{"edgeID":"1694068","fromID":"1287936","toID":"1287938","formEdgeID":null},{"edgeID":"1694069","fromID":"1287938","toID":"1287937","formEdgeID":null}],"locutions":[]}