{"nodes":[{"nodeID":"898907","text":"the majority of those people in ICU are unvaccinated","type":"I","timestamp":"2022-02-10 21:18:00"},{"nodeID":"898913","text":"we have to respect people","type":"I","timestamp":"2022-02-10 21:18:03"},{"nodeID":"898919","text":"people have a right not to be vaccinated in the UK","type":"I","timestamp":"2022-02-10 21:18:05"},{"nodeID":"898926","text":"it is easy to brand people as anti-vaxxers","type":"I","timestamp":"2022-02-10 21:18:07"},{"nodeID":"898933","text":"the pregnant population need to be targeted and highlighted here","type":"I","timestamp":"2022-02-10 21:18:10"},{"nodeID":"898940","text":"in a study in Scotland 33% of women that gave birth in October 2021 were double vaccinated compared to 77% of women of reproductive age","type":"I","timestamp":"2022-02-10 21:18:13"},{"nodeID":"899084","text":"people don't have the right to spread the virus","type":"I","timestamp":"2022-02-10 21:19:07"},{"nodeID":"1284393","text":"Victor Adebowale: the majority of those people in ICU are unvaccinated","type":"L","timestamp":"2023-11-09 12:33:20"},{"nodeID":"1284394","text":"Analysing","type":"YA","timestamp":"2023-11-09 12:33:20"},{"nodeID":"1284395","text":"Calum: Victor Adebowale: the majority of those people in ICU are unvaccinated","type":"L","timestamp":"2023-11-09 12:33:20"},{"nodeID":"1284396","text":"Asserting","type":"YA","timestamp":"2023-11-09 12:33:20"},{"nodeID":"1284397","text":"Victor Adebowale knows that the majority of people in ICU are unvaccinated","type":"I","timestamp":"2023-11-09 12:33:20"},{"nodeID":"1284398","text":"Victor Adebowale: I know","type":"L","timestamp":"2023-11-09 12:33:20"},{"nodeID":"1284399","text":"Analysing","type":"YA","timestamp":"2023-11-09 12:33:20"},{"nodeID":"1284400","text":"Calum: Victor Adebowale: I know","type":"L","timestamp":"2023-11-09 12:33:20"},{"nodeID":"1284401","text":"Asserting","type":"YA","timestamp":"2023-11-09 12:33:20"},{"nodeID":"1284402","text":"Victor Adebowale has spoken to doctors and nurses who have to suffer the moral harm of watching someone die who didn't have to die because they weren't vaccinated","type":"I","timestamp":"2023-11-09 12:33:21"},{"nodeID":"1284403","text":"Victor Adebowale: I have spoken to doctors and nurses who have to suffer the moral harm of watching someone die who didn't have to die because they weren't vaccinated","type":"L","timestamp":"2023-11-09 12:33:21"},{"nodeID":"1284404","text":"Analysing","type":"YA","timestamp":"2023-11-09 12:33:21"},{"nodeID":"1284405","text":"Calum: Victor Adebowale: I have spoken to doctors and nurses who have to suffer the moral harm of watching someone die who didn't have to die because they weren't vaccinated","type":"L","timestamp":"2023-11-09 12:33:21"},{"nodeID":"1284406","text":"Asserting","type":"YA","timestamp":"2023-11-09 12:33:21"},{"nodeID":"1284407","text":"Default Transition","type":"TA","timestamp":"2023-11-09 12:33:21"},{"nodeID":"1284408","text":"Default Inference","type":"RA","timestamp":"2023-11-09 12:33:21"},{"nodeID":"1284409","text":"Default Transition","type":"TA","timestamp":"2023-11-09 12:33:21"},{"nodeID":"1284410","text":"Default Rephrase","type":"MA","timestamp":"2023-11-09 12:33:21"},{"nodeID":"1284411","text":"Restating","type":"YA","timestamp":"2023-11-09 12:33:21"},{"nodeID":"1284412","text":"Arguing","type":"YA","timestamp":"2023-11-09 12:33:21"},{"nodeID":"1284413","text":"we have to keep trying","type":"I","timestamp":"2023-11-09 12:33:22"},{"nodeID":"1284414","text":"Victor Adebowale: we have to keep trying","type":"L","timestamp":"2023-11-09 12:33:22"},{"nodeID":"1284415","text":"Analysing","type":"YA","timestamp":"2023-11-09 12:33:22"},{"nodeID":"1284416","text":"Calum: Victor Adebowale: we have to keep trying","type":"L","timestamp":"2023-11-09 12:33:22"},{"nodeID":"1284417","text":"Asserting","type":"YA","timestamp":"2023-11-09 12:33:22"},{"nodeID":"1284418","text":"Victor Adebowale: we have to respect people","type":"L","timestamp":"2023-11-09 12:33:22"},{"nodeID":"1284419","text":"Analysing","type":"YA","timestamp":"2023-11-09 12:33:22"},{"nodeID":"1284420","text":"Calum: Victor Adebowale: we have to respect people","type":"L","timestamp":"2023-11-09 12:33:22"},{"nodeID":"1284421","text":"Asserting","type":"YA","timestamp":"2023-11-09 12:33:22"},{"nodeID":"1284422","text":"we have to respect the choices","type":"I","timestamp":"2023-11-09 12:33:23"},{"nodeID":"1284423","text":"Victor Adebowale: respect the choices","type":"L","timestamp":"2023-11-09 12:33:23"},{"nodeID":"1284424","text":"Analysing","type":"YA","timestamp":"2023-11-09 12:33:23"},{"nodeID":"1284425","text":"Calum: Victor Adebowale: respect the choices","type":"L","timestamp":"2023-11-09 12:33:23"},{"nodeID":"1284426","text":"Asserting","type":"YA","timestamp":"2023-11-09 12:33:23"},{"nodeID":"1284427","text":"Default Transition","type":"TA","timestamp":"2023-11-09 12:33:23"},{"nodeID":"1284428","text":"Default Inference","type":"RA","timestamp":"2023-11-09 12:33:23"},{"nodeID":"1284429","text":"Arguing","type":"YA","timestamp":"2023-11-09 12:33:23"},{"nodeID":"1284430","text":"Default Transition","type":"TA","timestamp":"2023-11-09 12:33:23"},{"nodeID":"1284431","text":"Default Transition","type":"TA","timestamp":"2023-11-09 12:33:23"},{"nodeID":"1284432","text":"Default Inference","type":"RA","timestamp":"2023-11-09 12:33:23"},{"nodeID":"1284433","text":"Arguing","type":"YA","timestamp":"2023-11-09 12:33:23"},{"nodeID":"1284434","text":"we have to keep trying to get people vaccinated","type":"I","timestamp":"2023-11-09 12:33:23"},{"nodeID":"1284435","text":"Victor Adebowale: keep trying to get them vaccinated","type":"L","timestamp":"2023-11-09 12:33:23"},{"nodeID":"1284436","text":"Analysing","type":"YA","timestamp":"2023-11-09 12:33:23"},{"nodeID":"1284437","text":"Calum: Victor Adebowale: keep trying to get them vaccinated","type":"L","timestamp":"2023-11-09 12:33:23"},{"nodeID":"1284438","text":"Asserting","type":"YA","timestamp":"2023-11-09 12:33:23"},{"nodeID":"1284439","text":"Default Transition","type":"TA","timestamp":"2023-11-09 12:33:23"},{"nodeID":"1284440","text":"Default Rephrase","type":"MA","timestamp":"2023-11-09 12:33:23"},{"nodeID":"1284441","text":"Restating","type":"YA","timestamp":"2023-11-09 12:33:23"},{"nodeID":"1284442","text":"Victor Adebowale: you have a right not to be vaccinated in this country","type":"L","timestamp":"2023-11-09 12:33:24"},{"nodeID":"1284443","text":"Analysing","type":"YA","timestamp":"2023-11-09 12:33:24"},{"nodeID":"1284444","text":"Calum: Victor Adebowale: you have a right not to be vaccinated in this country","type":"L","timestamp":"2023-11-09 12:33:24"},{"nodeID":"1284445","text":"Asserting","type":"YA","timestamp":"2023-11-09 12:33:24"},{"nodeID":"1284446","text":"Default Transition","type":"TA","timestamp":"2023-11-09 12:33:24"},{"nodeID":"1284447","text":"Victor Adebowale: you don't have in my view, is the right to spread the virus","type":"L","timestamp":"2023-11-09 12:33:24"},{"nodeID":"1284448","text":"Analysing","type":"YA","timestamp":"2023-11-09 12:33:24"},{"nodeID":"1284449","text":"Calum: Victor Adebowale: you don't have in my view, is the right to spread the virus","type":"L","timestamp":"2023-11-09 12:33:24"},{"nodeID":"1284450","text":"Asserting","type":"YA","timestamp":"2023-11-09 12:33:24"},{"nodeID":"1284451","text":"people have to take precautions","type":"I","timestamp":"2023-11-09 12:33:25"},{"nodeID":"1284452","text":"Victor Adebowale: you have to take precautions","type":"L","timestamp":"2023-11-09 12:33:25"},{"nodeID":"1284453","text":"Analysing","type":"YA","timestamp":"2023-11-09 12:33:25"},{"nodeID":"1284454","text":"Calum: Victor Adebowale: you have to take precautions","type":"L","timestamp":"2023-11-09 12:33:25"},{"nodeID":"1284455","text":"Asserting","type":"YA","timestamp":"2023-11-09 12:33:25"},{"nodeID":"1284456","text":"everybody around you has to take precautions","type":"I","timestamp":"2023-11-09 12:33:26"},{"nodeID":"1284457","text":"Victor Adebowale: everybody around you has to take precautions","type":"L","timestamp":"2023-11-09 12:33:26"},{"nodeID":"1284458","text":"Analysing","type":"YA","timestamp":"2023-11-09 12:33:26"},{"nodeID":"1284459","text":"Calum: Victor Adebowale: everybody around you has to take precautions","type":"L","timestamp":"2023-11-09 12:33:26"},{"nodeID":"1284460","text":"Asserting","type":"YA","timestamp":"2023-11-09 12:33:26"},{"nodeID":"1284461","text":"unvaccinated people have to take responsibility for that decision","type":"I","timestamp":"2023-11-09 12:33:26"},{"nodeID":"1284462","text":"Victor Adebowale: you have to take responsibility for that decision","type":"L","timestamp":"2023-11-09 12:33:26"},{"nodeID":"1284463","text":"Analysing","type":"YA","timestamp":"2023-11-09 12:33:26"},{"nodeID":"1284464","text":"Calum: Victor Adebowale: you have to take responsibility for that decision","type":"L","timestamp":"2023-11-09 12:33:26"},{"nodeID":"1284465","text":"Asserting","type":"YA","timestamp":"2023-11-09 12:33:26"},{"nodeID":"1284466","text":"Default Transition","type":"TA","timestamp":"2023-11-09 12:33:26"},{"nodeID":"1284467","text":"Default Transition","type":"TA","timestamp":"2023-11-09 12:33:26"},{"nodeID":"1284468","text":"Default Inference","type":"RA","timestamp":"2023-11-09 12:33:26"},{"nodeID":"1284469","text":"Default Rephrase","type":"MA","timestamp":"2023-11-09 12:33:26"},{"nodeID":"1284470","text":"Default Transition","type":"TA","timestamp":"2023-11-09 12:33:26"},{"nodeID":"1284471","text":"Restating","type":"YA","timestamp":"2023-11-09 12:33:26"},{"nodeID":"1284472","text":"Arguing","type":"YA","timestamp":"2023-11-09 12:33:26"},{"nodeID":"1284473","text":"Default Inference","type":"RA","timestamp":"2023-11-09 12:33:26"},{"nodeID":"1284474","text":"Default Transition","type":"TA","timestamp":"2023-11-09 12:33:26"},{"nodeID":"1284475","text":"Arguing","type":"YA","timestamp":"2023-11-09 12:33:26"},{"nodeID":"1284476","text":"AudienceMember 20220210QT13: I think I would agree with you on that","type":"L","timestamp":"2023-11-09 12:33:26"},{"nodeID":"1284477","text":"Analysing","type":"YA","timestamp":"2023-11-09 12:33:26"},{"nodeID":"1284478","text":"Calum: AudienceMember 20220210QT13: I think I would agree with you on that","type":"L","timestamp":"2023-11-09 12:33:26"},{"nodeID":"1284479","text":"Default Transition","type":"TA","timestamp":"2023-11-09 12:33:26"},{"nodeID":"1284480","text":"Agreeing","type":"YA","timestamp":"2023-11-09 12:33:26"},{"nodeID":"1284481","text":"AudienceMember 20220210QT13: It's easy to brand people as anti-vaxxers","type":"L","timestamp":"2023-11-09 12:33:27"},{"nodeID":"1284482","text":"Analysing","type":"YA","timestamp":"2023-11-09 12:33:27"},{"nodeID":"1284483","text":"Calum: AudienceMember 20220210QT13: It's easy to brand people as anti-vaxxers","type":"L","timestamp":"2023-11-09 12:33:27"},{"nodeID":"1284484","text":"Asserting","type":"YA","timestamp":"2023-11-09 12:33:27"},{"nodeID":"1284485","text":"we have seen that Piers Morgan is due for trial","type":"I","timestamp":"2023-11-09 12:33:27"},{"nodeID":"1284486","text":"AudienceMember 20220210QT13: we have seen that Piers Morgan is due for trial","type":"L","timestamp":"2023-11-09 12:33:27"},{"nodeID":"1284487","text":"Analysing","type":"YA","timestamp":"2023-11-09 12:33:27"},{"nodeID":"1284488","text":"Calum: AudienceMember 20220210QT13: we have seen that Piers Morgan is due for trial","type":"L","timestamp":"2023-11-09 12:33:27"},{"nodeID":"1284489","text":"Asserting","type":"YA","timestamp":"2023-11-09 12:33:27"},{"nodeID":"1284490","text":"it is easy to brand people in that category who are reluctant to get vaccinated","type":"I","timestamp":"2023-11-09 12:33:28"},{"nodeID":"1284491","text":"AudienceMember 20220210QT13:  It's easy to brand people in that category who are reluctant to get vaccinated","type":"L","timestamp":"2023-11-09 12:33:28"},{"nodeID":"1284492","text":"Analysing","type":"YA","timestamp":"2023-11-09 12:33:28"},{"nodeID":"1284493","text":"Calum: AudienceMember 20220210QT13:  It's easy to brand people in that category who are reluctant to get vaccinated","type":"L","timestamp":"2023-11-09 12:33:28"},{"nodeID":"1284494","text":"Asserting","type":"YA","timestamp":"2023-11-09 12:33:28"},{"nodeID":"1284495","text":"AudienceMember 20220210QT13: the pregnant population need to be targeted and highlighted here","type":"L","timestamp":"2023-11-09 12:33:28"},{"nodeID":"1284496","text":"Analysing","type":"YA","timestamp":"2023-11-09 12:33:28"},{"nodeID":"1284497","text":"Calum: AudienceMember 20220210QT13: the pregnant population need to be targeted and highlighted here","type":"L","timestamp":"2023-11-09 12:33:28"},{"nodeID":"1284498","text":"Asserting","type":"YA","timestamp":"2023-11-09 12:33:28"},{"nodeID":"1284499","text":"AudienceMember 20220210QT13: In a study in Scotland 33% of women that gave birth in October 2021 were double vaccinated compared to 77% of women of reproductive age","type":"L","timestamp":"2023-11-09 12:33:29"},{"nodeID":"1284500","text":"Analysing","type":"YA","timestamp":"2023-11-09 12:33:29"},{"nodeID":"1284501","text":"Calum: AudienceMember 20220210QT13: In a study in Scotland, it's very representative of the rest of the UK, 33% of women that gave birth in October 2021 were double vaccinated compared to 77% of women of reproductive age","type":"L","timestamp":"2023-11-09 12:33:29"},{"nodeID":"1284502","text":"Asserting","type":"YA","timestamp":"2023-11-09 12:33:29"},{"nodeID":"1284503","text":"Scotland is very representative of the rest of the UK","type":"I","timestamp":"2023-11-09 12:33:30"},{"nodeID":"1284504","text":"AudienceMember 20220210QT13: it's very representative of the rest of the UK","type":"L","timestamp":"2023-11-09 12:33:30"},{"nodeID":"1284505","text":"Analysing","type":"YA","timestamp":"2023-11-09 12:33:30"},{"nodeID":"1284506","text":"Calum: AudienceMember 20220210QT13: it's very representative of the rest of the UK","type":"L","timestamp":"2023-11-09 12:33:30"},{"nodeID":"1284507","text":"Asserting","type":"YA","timestamp":"2023-11-09 12:33:30"},{"nodeID":"1284508","text":"Default Transition","type":"TA","timestamp":"2023-11-09 12:33:30"},{"nodeID":"1284509","text":"Default Transition","type":"TA","timestamp":"2023-11-09 12:33:30"},{"nodeID":"1284510","text":"Default Rephrase","type":"MA","timestamp":"2023-11-09 12:33:30"},{"nodeID":"1284511","text":"Restating","type":"YA","timestamp":"2023-11-09 12:33:30"},{"nodeID":"1284512","text":"Default Transition","type":"TA","timestamp":"2023-11-09 12:33:30"},{"nodeID":"1284513","text":"Default Inference","type":"RA","timestamp":"2023-11-09 12:33:30"},{"nodeID":"1284514","text":"Arguing","type":"YA","timestamp":"2023-11-09 12:33:30"},{"nodeID":"1284515","text":"as a medical student 20220210QT13 has seen up and down the country different patients with different reasons saying they don't want to get vaccinated","type":"I","timestamp":"2023-11-09 12:33:30"},{"nodeID":"1284516","text":"AudienceMember 20220210QT13: As a medical student, I have seen up and down the country different patients with different reasons saying they don't want to get vaccinated","type":"L","timestamp":"2023-11-09 12:33:30"},{"nodeID":"1284517","text":"Analysing","type":"YA","timestamp":"2023-11-09 12:33:30"},{"nodeID":"1284518","text":"Calum: AudienceMember 20220210QT13: As a medical student, I have seen up and down the country different patients with different reasons saying they don't want to get vaccinated","type":"L","timestamp":"2023-11-09 12:33:30"},{"nodeID":"1284519","text":"Asserting","type":"YA","timestamp":"2023-11-09 12:33:30"},{"nodeID":"1284520","text":"Default Transition","type":"TA","timestamp":"2023-11-09 12:33:30"},{"nodeID":"1284521","text":"Default Transition","type":"TA","timestamp":"2023-11-09 12:33:30"},{"nodeID":"1284522","text":"Default Inference","type":"RA","timestamp":"2023-11-09 12:33:30"},{"nodeID":"1284523","text":"Arguing","type":"YA","timestamp":"2023-11-09 12:33:30"},{"nodeID":"1284524","text":"Default Transition","type":"TA","timestamp":"2023-11-09 12:33:30"},{"nodeID":"1284525","text":"Default Transition","type":"TA","timestamp":"2023-11-09 12:33:30"},{"nodeID":"1284526","text":"Default Inference","type":"RA","timestamp":"2023-11-09 12:33:30"},{"nodeID":"1284527","text":"Arguing","type":"YA","timestamp":"2023-11-09 12:33:30"}],"edges":[{"edgeID":"1689731","fromID":"1284394","toID":"1284393","formEdgeID":null},{"edgeID":"1689732","fromID":"1284395","toID":"1284394","formEdgeID":null},{"edgeID":"1689733","fromID":"1284393","toID":"1284396","formEdgeID":null},{"edgeID":"1689734","fromID":"1284396","toID":"898907","formEdgeID":null},{"edgeID":"1689735","fromID":"1284399","toID":"1284398","formEdgeID":null},{"edgeID":"1689736","fromID":"1284400","toID":"1284399","formEdgeID":null},{"edgeID":"1689737","fromID":"1284398","toID":"1284401","formEdgeID":null},{"edgeID":"1689738","fromID":"1284401","toID":"1284397","formEdgeID":null},{"edgeID":"1689739","fromID":"1284404","toID":"1284403","formEdgeID":null},{"edgeID":"1689740","fromID":"1284405","toID":"1284404","formEdgeID":null},{"edgeID":"1689741","fromID":"1284403","toID":"1284406","formEdgeID":null},{"edgeID":"1689742","fromID":"1284406","toID":"1284402","formEdgeID":null},{"edgeID":"1689743","fromID":"1284398","toID":"1284407","formEdgeID":null},{"edgeID":"1689744","fromID":"1284407","toID":"1284403","formEdgeID":null},{"edgeID":"1689745","fromID":"1284402","toID":"1284408","formEdgeID":null},{"edgeID":"1689746","fromID":"1284408","toID":"1284397","formEdgeID":null},{"edgeID":"1689747","fromID":"1284393","toID":"1284409","formEdgeID":null},{"edgeID":"1689748","fromID":"1284409","toID":"1284398","formEdgeID":null},{"edgeID":"1689749","fromID":"1284397","toID":"1284410","formEdgeID":null},{"edgeID":"1689750","fromID":"1284410","toID":"898907","formEdgeID":null},{"edgeID":"1689751","fromID":"1284409","toID":"1284411","formEdgeID":null},{"edgeID":"1689752","fromID":"1284411","toID":"1284410","formEdgeID":null},{"edgeID":"1689753","fromID":"1284407","toID":"1284412","formEdgeID":null},{"edgeID":"1689754","fromID":"1284412","toID":"1284408","formEdgeID":null},{"edgeID":"1689755","fromID":"1284415","toID":"1284414","formEdgeID":null},{"edgeID":"1689756","fromID":"1284416","toID":"1284415","formEdgeID":null},{"edgeID":"1689757","fromID":"1284414","toID":"1284417","formEdgeID":null},{"edgeID":"1689758","fromID":"1284417","toID":"1284413","formEdgeID":null},{"edgeID":"1689759","fromID":"1284419","toID":"1284418","formEdgeID":null},{"edgeID":"1689760","fromID":"1284420","toID":"1284419","formEdgeID":null},{"edgeID":"1689761","fromID":"1284418","toID":"1284421","formEdgeID":null},{"edgeID":"1689762","fromID":"1284421","toID":"898913","formEdgeID":null},{"edgeID":"1689763","fromID":"1284424","toID":"1284423","formEdgeID":null},{"edgeID":"1689764","fromID":"1284425","toID":"1284424","formEdgeID":null},{"edgeID":"1689765","fromID":"1284423","toID":"1284426","formEdgeID":null},{"edgeID":"1689766","fromID":"1284426","toID":"1284422","formEdgeID":null},{"edgeID":"1689767","fromID":"1284403","toID":"1284427","formEdgeID":null},{"edgeID":"1689768","fromID":"1284427","toID":"1284414","formEdgeID":null},{"edgeID":"1689769","fromID":"1284402","toID":"1284428","formEdgeID":null},{"edgeID":"1689770","fromID":"1284428","toID":"1284413","formEdgeID":null},{"edgeID":"1689771","fromID":"1284427","toID":"1284429","formEdgeID":null},{"edgeID":"1689772","fromID":"1284429","toID":"1284428","formEdgeID":null},{"edgeID":"1689773","fromID":"1284414","toID":"1284430","formEdgeID":null},{"edgeID":"1689774","fromID":"1284430","toID":"1284418","formEdgeID":null},{"edgeID":"1689775","fromID":"1284418","toID":"1284431","formEdgeID":null},{"edgeID":"1689776","fromID":"1284431","toID":"1284423","formEdgeID":null},{"edgeID":"1689777","fromID":"1284422","toID":"1284432","formEdgeID":null},{"edgeID":"1689778","fromID":"1284432","toID":"898913","formEdgeID":null},{"edgeID":"1689779","fromID":"1284431","toID":"1284433","formEdgeID":null},{"edgeID":"1689780","fromID":"1284433","toID":"1284432","formEdgeID":null},{"edgeID":"1689781","fromID":"1284436","toID":"1284435","formEdgeID":null},{"edgeID":"1689782","fromID":"1284437","toID":"1284436","formEdgeID":null},{"edgeID":"1689783","fromID":"1284435","toID":"1284438","formEdgeID":null},{"edgeID":"1689784","fromID":"1284438","toID":"1284434","formEdgeID":null},{"edgeID":"1689785","fromID":"1284414","toID":"1284439","formEdgeID":null},{"edgeID":"1689786","fromID":"1284439","toID":"1284435","formEdgeID":null},{"edgeID":"1689787","fromID":"1284434","toID":"1284440","formEdgeID":null},{"edgeID":"1689788","fromID":"1284440","toID":"1284413","formEdgeID":null},{"edgeID":"1689789","fromID":"1284439","toID":"1284441","formEdgeID":null},{"edgeID":"1689790","fromID":"1284441","toID":"1284440","formEdgeID":null},{"edgeID":"1689791","fromID":"1284443","toID":"1284442","formEdgeID":null},{"edgeID":"1689792","fromID":"1284444","toID":"1284443","formEdgeID":null},{"edgeID":"1689793","fromID":"1284442","toID":"1284445","formEdgeID":null},{"edgeID":"1689794","fromID":"1284445","toID":"898919","formEdgeID":null},{"edgeID":"1689795","fromID":"1284435","toID":"1284446","formEdgeID":null},{"edgeID":"1689796","fromID":"1284446","toID":"1284442","formEdgeID":null},{"edgeID":"1689797","fromID":"1284448","toID":"1284447","formEdgeID":null},{"edgeID":"1689798","fromID":"1284449","toID":"1284448","formEdgeID":null},{"edgeID":"1689799","fromID":"1284447","toID":"1284450","formEdgeID":null},{"edgeID":"1689800","fromID":"1284450","toID":"899084","formEdgeID":null},{"edgeID":"1689801","fromID":"1284453","toID":"1284452","formEdgeID":null},{"edgeID":"1689802","fromID":"1284454","toID":"1284453","formEdgeID":null},{"edgeID":"1689803","fromID":"1284452","toID":"1284455","formEdgeID":null},{"edgeID":"1689804","fromID":"1284455","toID":"1284451","formEdgeID":null},{"edgeID":"1689805","fromID":"1284458","toID":"1284457","formEdgeID":null},{"edgeID":"1689806","fromID":"1284459","toID":"1284458","formEdgeID":null},{"edgeID":"1689807","fromID":"1284457","toID":"1284460","formEdgeID":null},{"edgeID":"1689808","fromID":"1284460","toID":"1284456","formEdgeID":null},{"edgeID":"1689809","fromID":"1284463","toID":"1284462","formEdgeID":null},{"edgeID":"1689810","fromID":"1284464","toID":"1284463","formEdgeID":null},{"edgeID":"1689811","fromID":"1284462","toID":"1284465","formEdgeID":null},{"edgeID":"1689812","fromID":"1284465","toID":"1284461","formEdgeID":null},{"edgeID":"1689813","fromID":"1284442","toID":"1284466","formEdgeID":null},{"edgeID":"1689814","fromID":"1284466","toID":"1284447","formEdgeID":null},{"edgeID":"1689815","fromID":"1284447","toID":"1284467","formEdgeID":null},{"edgeID":"1689816","fromID":"1284467","toID":"1284452","formEdgeID":null},{"edgeID":"1689817","fromID":"899084","toID":"1284468","formEdgeID":null},{"edgeID":"1689818","fromID":"1284468","toID":"1284451","formEdgeID":null},{"edgeID":"1689819","fromID":"1284456","toID":"1284469","formEdgeID":null},{"edgeID":"1689820","fromID":"1284469","toID":"1284451","formEdgeID":null},{"edgeID":"1689821","fromID":"1284452","toID":"1284470","formEdgeID":null},{"edgeID":"1689822","fromID":"1284470","toID":"1284457","formEdgeID":null},{"edgeID":"1689823","fromID":"1284470","toID":"1284471","formEdgeID":null},{"edgeID":"1689824","fromID":"1284471","toID":"1284469","formEdgeID":null},{"edgeID":"1689825","fromID":"1284467","toID":"1284472","formEdgeID":null},{"edgeID":"1689826","fromID":"1284472","toID":"1284468","formEdgeID":null},{"edgeID":"1689827","fromID":"899084","toID":"1284473","formEdgeID":null},{"edgeID":"1689828","fromID":"1284473","toID":"1284461","formEdgeID":null},{"edgeID":"1689829","fromID":"1284447","toID":"1284474","formEdgeID":null},{"edgeID":"1689830","fromID":"1284474","toID":"1284462","formEdgeID":null},{"edgeID":"1689831","fromID":"1284474","toID":"1284475","formEdgeID":null},{"edgeID":"1689832","fromID":"1284475","toID":"1284473","formEdgeID":null},{"edgeID":"1689833","fromID":"1284477","toID":"1284476","formEdgeID":null},{"edgeID":"1689834","fromID":"1284478","toID":"1284477","formEdgeID":null},{"edgeID":"1689835","fromID":"1284462","toID":"1284479","formEdgeID":null},{"edgeID":"1689836","fromID":"1284479","toID":"1284476","formEdgeID":null},{"edgeID":"1689837","fromID":"1284479","toID":"1284480","formEdgeID":null},{"edgeID":"1689838","fromID":"1284480","toID":"1284461","formEdgeID":null},{"edgeID":"1689839","fromID":"1284482","toID":"1284481","formEdgeID":null},{"edgeID":"1689840","fromID":"1284483","toID":"1284482","formEdgeID":null},{"edgeID":"1689841","fromID":"1284481","toID":"1284484","formEdgeID":null},{"edgeID":"1689842","fromID":"1284484","toID":"898926","formEdgeID":null},{"edgeID":"1689843","fromID":"1284487","toID":"1284486","formEdgeID":null},{"edgeID":"1689844","fromID":"1284488","toID":"1284487","formEdgeID":null},{"edgeID":"1689845","fromID":"1284486","toID":"1284489","formEdgeID":null},{"edgeID":"1689846","fromID":"1284489","toID":"1284485","formEdgeID":null},{"edgeID":"1689847","fromID":"1284492","toID":"1284491","formEdgeID":null},{"edgeID":"1689848","fromID":"1284493","toID":"1284492","formEdgeID":null},{"edgeID":"1689849","fromID":"1284491","toID":"1284494","formEdgeID":null},{"edgeID":"1689850","fromID":"1284494","toID":"1284490","formEdgeID":null},{"edgeID":"1689851","fromID":"1284496","toID":"1284495","formEdgeID":null},{"edgeID":"1689852","fromID":"1284497","toID":"1284496","formEdgeID":null},{"edgeID":"1689853","fromID":"1284495","toID":"1284498","formEdgeID":null},{"edgeID":"1689854","fromID":"1284498","toID":"898933","formEdgeID":null},{"edgeID":"1689855","fromID":"1284500","toID":"1284499","formEdgeID":null},{"edgeID":"1689856","fromID":"1284501","toID":"1284500","formEdgeID":null},{"edgeID":"1689857","fromID":"1284499","toID":"1284502","formEdgeID":null},{"edgeID":"1689858","fromID":"1284502","toID":"898940","formEdgeID":null},{"edgeID":"1689859","fromID":"1284505","toID":"1284504","formEdgeID":null},{"edgeID":"1689860","fromID":"1284506","toID":"1284505","formEdgeID":null},{"edgeID":"1689861","fromID":"1284504","toID":"1284507","formEdgeID":null},{"edgeID":"1689862","fromID":"1284507","toID":"1284503","formEdgeID":null},{"edgeID":"1689863","fromID":"1284476","toID":"1284508","formEdgeID":null},{"edgeID":"1689864","fromID":"1284508","toID":"1284481","formEdgeID":null},{"edgeID":"1689865","fromID":"1284481","toID":"1284509","formEdgeID":null},{"edgeID":"1689866","fromID":"1284509","toID":"1284491","formEdgeID":null},{"edgeID":"1689867","fromID":"1284490","toID":"1284510","formEdgeID":null},{"edgeID":"1689868","fromID":"1284510","toID":"898926","formEdgeID":null},{"edgeID":"1689869","fromID":"1284509","toID":"1284511","formEdgeID":null},{"edgeID":"1689870","fromID":"1284511","toID":"1284510","formEdgeID":null},{"edgeID":"1689871","fromID":"1284481","toID":"1284512","formEdgeID":null},{"edgeID":"1689872","fromID":"1284512","toID":"1284486","formEdgeID":null},{"edgeID":"1689873","fromID":"1284485","toID":"1284513","formEdgeID":null},{"edgeID":"1689874","fromID":"1284513","toID":"898926","formEdgeID":null},{"edgeID":"1689875","fromID":"1284512","toID":"1284514","formEdgeID":null},{"edgeID":"1689876","fromID":"1284514","toID":"1284513","formEdgeID":null},{"edgeID":"1689877","fromID":"1284517","toID":"1284516","formEdgeID":null},{"edgeID":"1689878","fromID":"1284518","toID":"1284517","formEdgeID":null},{"edgeID":"1689879","fromID":"1284516","toID":"1284519","formEdgeID":null},{"edgeID":"1689880","fromID":"1284519","toID":"1284515","formEdgeID":null},{"edgeID":"1689881","fromID":"1284491","toID":"1284520","formEdgeID":null},{"edgeID":"1689882","fromID":"1284520","toID":"1284516","formEdgeID":null},{"edgeID":"1689883","fromID":"1284516","toID":"1284521","formEdgeID":null},{"edgeID":"1689884","fromID":"1284521","toID":"1284495","formEdgeID":null},{"edgeID":"1689885","fromID":"1284515","toID":"1284522","formEdgeID":null},{"edgeID":"1689886","fromID":"1284522","toID":"898933","formEdgeID":null},{"edgeID":"1689887","fromID":"1284521","toID":"1284523","formEdgeID":null},{"edgeID":"1689888","fromID":"1284523","toID":"1284522","formEdgeID":null},{"edgeID":"1689889","fromID":"1284495","toID":"1284524","formEdgeID":null},{"edgeID":"1689890","fromID":"1284524","toID":"1284499","formEdgeID":null},{"edgeID":"1689891","fromID":"1284499","toID":"1284525","formEdgeID":null},{"edgeID":"1689892","fromID":"1284525","toID":"1284504","formEdgeID":null},{"edgeID":"1689893","fromID":"898940","toID":"1284526","formEdgeID":null},{"edgeID":"1689894","fromID":"1284526","toID":"898933","formEdgeID":null},{"edgeID":"1689895","fromID":"1284503","toID":"1284526","formEdgeID":null},{"edgeID":"1689896","fromID":"1284525","toID":"1284527","formEdgeID":null},{"edgeID":"1689897","fromID":"1284527","toID":"1284526","formEdgeID":null}],"locutions":[]}