{"nodes":[{"nodeID":"899146","text":"Victor Adebowale just worries about it turning into a kind of game","type":"I","timestamp":"2022-02-10 21:19:28"},{"nodeID":"899153","text":"it's about whether we have leadership which has a set of values and has a moral compass that can actually be an example to me, you and our children, and young people who want to enter politics","type":"I","timestamp":"2022-02-10 21:19:30"},{"nodeID":"899160","text":"we have been played","type":"I","timestamp":"2022-02-10 21:19:33"},{"nodeID":"1152440","text":"it's not just about the parties","type":"I","timestamp":"2023-04-21 13:24:35"},{"nodeID":"1152444","text":"it's about how you stand","type":"I","timestamp":"2023-04-21 13:24:38"},{"nodeID":"1152452","text":"it's about whether you have values","type":"I","timestamp":"2023-04-21 13:24:41"},{"nodeID":"1152460","text":"its about whether you have a moral compass","type":"I","timestamp":"2023-04-21 13:24:44"},{"nodeID":"1152465","text":"where you stand is what is important here","type":"I","timestamp":"2023-04-21 13:24:46"},{"nodeID":"1152476","text":"it's more important than a game","type":"I","timestamp":"2023-04-21 13:24:52"},{"nodeID":"1152503","text":"it's not been Dominic Cummings who played us","type":"I","timestamp":"2023-04-21 13:25:05"},{"nodeID":"1152508","text":"it's about Boris Johnson","type":"I","timestamp":"2023-04-21 13:25:08"},{"nodeID":"1152516","text":"Boris Johnson may be drip, drip, dripping","type":"I","timestamp":"2023-04-21 13:25:11"},{"nodeID":"1152522","text":"it's all truth what Boris Johnson is telling us","type":"I","timestamp":"2023-04-21 13:25:14"},{"nodeID":"1152530","text":"what Boris Johnson is telling us is not fabricated or made up","type":"I","timestamp":"2023-04-21 13:25:17"},{"nodeID":"1152538","text":"Boris Johnson fired the person who knew where all the bodies were hidden","type":"I","timestamp":"2023-04-21 13:25:20"},{"nodeID":"1287764","text":"Victor Adebowale: It's not just about the parties","type":"L","timestamp":"2023-11-09 12:38:17"},{"nodeID":"1287765","text":"Analysing","type":"YA","timestamp":"2023-11-09 12:38:17"},{"nodeID":"1287766","text":"Amelie: Victor Adebowale: It's not just about the parties","type":"L","timestamp":"2023-11-09 12:38:17"},{"nodeID":"1287767","text":"Asserting","type":"YA","timestamp":"2023-11-09 12:38:17"},{"nodeID":"1287768","text":"Victor Adebowale: It's about how you stand","type":"L","timestamp":"2023-11-09 12:38:17"},{"nodeID":"1287769","text":"Analysing","type":"YA","timestamp":"2023-11-09 12:38:17"},{"nodeID":"1287770","text":"Amelie: Victor Adebowale: It's about how you stand","type":"L","timestamp":"2023-11-09 12:38:17"},{"nodeID":"1287771","text":"Asserting","type":"YA","timestamp":"2023-11-09 12:38:17"},{"nodeID":"1287772","text":"Default Transition","type":"TA","timestamp":"2023-11-09 12:38:17"},{"nodeID":"1287773","text":"Default Rephrase","type":"MA","timestamp":"2023-11-09 12:38:17"},{"nodeID":"1287774","text":"Restating","type":"YA","timestamp":"2023-11-09 12:38:17"},{"nodeID":"1287775","text":"Victor Adebowale: It's about do you have values","type":"L","timestamp":"2023-11-09 12:38:18"},{"nodeID":"1287776","text":"Analysing","type":"YA","timestamp":"2023-11-09 12:38:18"},{"nodeID":"1287777","text":"Amelie: Victor Adebowale: It's about do you have values","type":"L","timestamp":"2023-11-09 12:38:18"},{"nodeID":"1287778","text":"Asserting","type":"YA","timestamp":"2023-11-09 12:38:18"},{"nodeID":"1287779","text":"Default Rephrase","type":"MA","timestamp":"2023-11-09 12:38:18"},{"nodeID":"1287780","text":"Default Transition","type":"TA","timestamp":"2023-11-09 12:38:18"},{"nodeID":"1287781","text":"Restating","type":"YA","timestamp":"2023-11-09 12:38:18"},{"nodeID":"1287782","text":"Victor Adebowale: Do you have a moral compass","type":"L","timestamp":"2023-11-09 12:38:19"},{"nodeID":"1287783","text":"Analysing","type":"YA","timestamp":"2023-11-09 12:38:19"},{"nodeID":"1287784","text":"Amelie: Victor Adebowale: Do you have a moral compass","type":"L","timestamp":"2023-11-09 12:38:19"},{"nodeID":"1287785","text":"Asserting","type":"YA","timestamp":"2023-11-09 12:38:19"},{"nodeID":"1287786","text":"Victor Adebowale: That's what is important here","type":"L","timestamp":"2023-11-09 12:38:19"},{"nodeID":"1287787","text":"Analysing","type":"YA","timestamp":"2023-11-09 12:38:19"},{"nodeID":"1287788","text":"Amelie: Victor Adebowale: That's what is important here","type":"L","timestamp":"2023-11-09 12:38:19"},{"nodeID":"1287789","text":"Asserting","type":"YA","timestamp":"2023-11-09 12:38:19"},{"nodeID":"1287790","text":"Default Rephrase","type":"MA","timestamp":"2023-11-09 12:38:19"},{"nodeID":"1287791","text":"Default Rephrase","type":"MA","timestamp":"2023-11-09 12:38:19"},{"nodeID":"1287792","text":"Victor Adebowale: I just worry about it turning into a kind of game","type":"L","timestamp":"2023-11-09 12:38:20"},{"nodeID":"1287793","text":"Analysing","type":"YA","timestamp":"2023-11-09 12:38:20"},{"nodeID":"1287794","text":"Amelie: Victor Adebowale: I just worry about it turning into a kind of game","type":"L","timestamp":"2023-11-09 12:38:20"},{"nodeID":"1287795","text":"Asserting","type":"YA","timestamp":"2023-11-09 12:38:20"},{"nodeID":"1287796","text":"Default Transition","type":"TA","timestamp":"2023-11-09 12:38:20"},{"nodeID":"1287797","text":"Victor Adebowale: It's more important than that","type":"L","timestamp":"2023-11-09 12:38:20"},{"nodeID":"1287798","text":"Analysing","type":"YA","timestamp":"2023-11-09 12:38:20"},{"nodeID":"1287799","text":"Amelie: Victor Adebowale: It's more important than that","type":"L","timestamp":"2023-11-09 12:38:20"},{"nodeID":"1287800","text":"Asserting","type":"YA","timestamp":"2023-11-09 12:38:20"},{"nodeID":"1287801","text":"Default Transition","type":"TA","timestamp":"2023-11-09 12:38:20"},{"nodeID":"1287802","text":"Restating","type":"YA","timestamp":"2023-11-09 12:38:20"},{"nodeID":"1287803","text":"Default Inference","type":"RA","timestamp":"2023-11-09 12:38:20"},{"nodeID":"1287804","text":"Default Transition","type":"TA","timestamp":"2023-11-09 12:38:20"},{"nodeID":"1287805","text":"Arguing","type":"YA","timestamp":"2023-11-09 12:38:20"},{"nodeID":"1287806","text":"Victor Adebowale: It's about whether we have leadership which has a set of values and has a moral compass that can actually be an example to me, you and our children, and young people who want to enter politics","type":"L","timestamp":"2023-11-09 12:38:21"},{"nodeID":"1287807","text":"Analysing","type":"YA","timestamp":"2023-11-09 12:38:21"},{"nodeID":"1287808","text":"Amelie: Victor Adebowale: It's about whether we have leadership which has a set of values and has a moral compass that can actually be an example to me, you and our children, and young people who want to enter politics","type":"L","timestamp":"2023-11-09 12:38:21"},{"nodeID":"1287809","text":"Asserting","type":"YA","timestamp":"2023-11-09 12:38:21"},{"nodeID":"1287810","text":"Default Transition","type":"TA","timestamp":"2023-11-09 12:38:21"},{"nodeID":"1287811","text":"AudienceMember 20220210QT37: I find it ironic you are talking about us being played","type":"L","timestamp":"2023-11-09 12:38:22"},{"nodeID":"1287812","text":"Analysing","type":"YA","timestamp":"2023-11-09 12:38:22"},{"nodeID":"1287813","text":"Amelie: AudienceMember 20220210QT37: I find it ironic you are talking about us being played","type":"L","timestamp":"2023-11-09 12:38:22"},{"nodeID":"1287814","text":"Unknown Speaker: we have been played","type":"L","timestamp":"2023-11-09 12:38:22"},{"nodeID":"1287815","text":"Analysing","type":"YA","timestamp":"2023-11-09 12:38:22"},{"nodeID":"1287816","text":"Amelie: Unknown Speaker: I find it ironic you are talking about us being played","type":"L","timestamp":"2023-11-09 12:38:22"},{"nodeID":"1287817","text":"Asserting","type":"YA","timestamp":"2023-11-09 12:38:22"},{"nodeID":"1287818","text":"Asserting","type":"YA","timestamp":"2023-11-09 12:38:22"},{"nodeID":"1287819","text":"Default Transition","type":"TA","timestamp":"2023-11-09 12:38:22"},{"nodeID":"1287820","text":"AudienceMember 20220210QT37: absolutely we have been played","type":"L","timestamp":"2023-11-09 12:38:22"},{"nodeID":"1287821","text":"Analysing","type":"YA","timestamp":"2023-11-09 12:38:22"},{"nodeID":"1287822","text":"Amelie: AudienceMember 20220210QT37: absolutely we have been played","type":"L","timestamp":"2023-11-09 12:38:22"},{"nodeID":"1287823","text":"Default Transition","type":"TA","timestamp":"2023-11-09 12:38:22"},{"nodeID":"1287824","text":"Agreeing","type":"YA","timestamp":"2023-11-09 12:38:22"},{"nodeID":"1287825","text":"AudienceMember 20220210QT37: That's not been Dominic Cummings","type":"L","timestamp":"2023-11-09 12:38:22"},{"nodeID":"1287826","text":"Analysing","type":"YA","timestamp":"2023-11-09 12:38:22"},{"nodeID":"1287827","text":"Amelie: AudienceMember 20220210QT37: That's not been Dominic Cummings","type":"L","timestamp":"2023-11-09 12:38:22"},{"nodeID":"1287828","text":"Asserting","type":"YA","timestamp":"2023-11-09 12:38:22"},{"nodeID":"1287829","text":"AudienceMember 20220210QT37: it's about our Prime Minister","type":"L","timestamp":"2023-11-09 12:38:23"},{"nodeID":"1287830","text":"Analysing","type":"YA","timestamp":"2023-11-09 12:38:23"},{"nodeID":"1287831","text":"Amelie: AudienceMember 20220210QT37: it's about our Prime Minister","type":"L","timestamp":"2023-11-09 12:38:23"},{"nodeID":"1287832","text":"Asserting","type":"YA","timestamp":"2023-11-09 12:38:23"},{"nodeID":"1287833","text":"Default Transition","type":"TA","timestamp":"2023-11-09 12:38:23"},{"nodeID":"1287834","text":"Default Rephrase","type":"MA","timestamp":"2023-11-09 12:38:23"},{"nodeID":"1287835","text":"Restating","type":"YA","timestamp":"2023-11-09 12:38:23"},{"nodeID":"1287836","text":"AudienceMember 20220210QT37: He may be drip, drip, dripping","type":"L","timestamp":"2023-11-09 12:38:23"},{"nodeID":"1287837","text":"Analysing","type":"YA","timestamp":"2023-11-09 12:38:23"},{"nodeID":"1287838","text":"Amelie: AudienceMember 20220210QT37: He may be drip, drip, dripping","type":"L","timestamp":"2023-11-09 12:38:23"},{"nodeID":"1287839","text":"Asserting","type":"YA","timestamp":"2023-11-09 12:38:23"},{"nodeID":"1287840","text":"Default Transition","type":"TA","timestamp":"2023-11-09 12:38:23"},{"nodeID":"1287841","text":"AudienceMember 20220210QT37: it's all truth what he is telling us","type":"L","timestamp":"2023-11-09 12:38:24"},{"nodeID":"1287842","text":"Analysing","type":"YA","timestamp":"2023-11-09 12:38:24"},{"nodeID":"1287843","text":"Amelie: AudienceMember 20220210QT37: it's all truth what he is telling us","type":"L","timestamp":"2023-11-09 12:38:24"},{"nodeID":"1287844","text":"Asserting","type":"YA","timestamp":"2023-11-09 12:38:24"},{"nodeID":"1287845","text":"Default Transition","type":"TA","timestamp":"2023-11-09 12:38:24"},{"nodeID":"1287846","text":"Default Conflict","type":"CA","timestamp":"2023-11-09 12:38:24"},{"nodeID":"1287847","text":"Disagreeing","type":"YA","timestamp":"2023-11-09 12:38:24"},{"nodeID":"1287848","text":"AudienceMember 20220210QT37: It's not fabricated or made up","type":"L","timestamp":"2023-11-09 12:38:25"},{"nodeID":"1287849","text":"Analysing","type":"YA","timestamp":"2023-11-09 12:38:25"},{"nodeID":"1287850","text":"Amelie: AudienceMember 20220210QT37: It's not fabricated or made up","type":"L","timestamp":"2023-11-09 12:38:25"},{"nodeID":"1287851","text":"Asserting","type":"YA","timestamp":"2023-11-09 12:38:25"},{"nodeID":"1287852","text":"Default Transition","type":"TA","timestamp":"2023-11-09 12:38:25"},{"nodeID":"1287853","text":"Default Rephrase","type":"MA","timestamp":"2023-11-09 12:38:25"},{"nodeID":"1287854","text":"Restating","type":"YA","timestamp":"2023-11-09 12:38:25"},{"nodeID":"1287855","text":"AudienceMember 20220210QT37: he fired the person who knew where all the bodies were hidden","type":"L","timestamp":"2023-11-09 12:38:25"},{"nodeID":"1287856","text":"Analysing","type":"YA","timestamp":"2023-11-09 12:38:25"},{"nodeID":"1287857","text":"Amelie: AudienceMember 20220210QT37: he fired the person who knew where all the bodies were hidden","type":"L","timestamp":"2023-11-09 12:38:25"},{"nodeID":"1287858","text":"Asserting","type":"YA","timestamp":"2023-11-09 12:38:25"},{"nodeID":"1287859","text":"Default Transition","type":"TA","timestamp":"2023-11-09 12:38:25"},{"nodeID":"1287860","text":"Default Transition","type":"TA","timestamp":"2023-11-09 12:38:25"},{"nodeID":"1287861","text":"Restating","type":"YA","timestamp":"2023-11-09 12:38:25"},{"nodeID":"1287862","text":"Default Rephrase","type":"MA","timestamp":"2023-11-09 12:38:25"},{"nodeID":"1287863","text":"Default Transition","type":"TA","timestamp":"2023-11-09 12:38:25"},{"nodeID":"1287864","text":"Restating","type":"YA","timestamp":"2023-11-09 12:38:25"},{"nodeID":"1287865","text":"Default Inference","type":"RA","timestamp":"2023-11-09 12:38:25"},{"nodeID":"1287866","text":"Arguing","type":"YA","timestamp":"2023-11-09 12:38:25"}],"edges":[{"edgeID":"1693836","fromID":"1287765","toID":"1287764","formEdgeID":null},{"edgeID":"1693837","fromID":"1287766","toID":"1287765","formEdgeID":null},{"edgeID":"1693838","fromID":"1287764","toID":"1287767","formEdgeID":null},{"edgeID":"1693839","fromID":"1287767","toID":"1152440","formEdgeID":null},{"edgeID":"1693840","fromID":"1287769","toID":"1287768","formEdgeID":null},{"edgeID":"1693841","fromID":"1287770","toID":"1287769","formEdgeID":null},{"edgeID":"1693842","fromID":"1287768","toID":"1287771","formEdgeID":null},{"edgeID":"1693843","fromID":"1287771","toID":"1152444","formEdgeID":null},{"edgeID":"1693844","fromID":"1287764","toID":"1287772","formEdgeID":null},{"edgeID":"1693845","fromID":"1287772","toID":"1287768","formEdgeID":null},{"edgeID":"1693846","fromID":"1152444","toID":"1287773","formEdgeID":null},{"edgeID":"1693847","fromID":"1287773","toID":"1152440","formEdgeID":null},{"edgeID":"1693848","fromID":"1287772","toID":"1287774","formEdgeID":null},{"edgeID":"1693849","fromID":"1287774","toID":"1287773","formEdgeID":null},{"edgeID":"1693850","fromID":"1287776","toID":"1287775","formEdgeID":null},{"edgeID":"1693851","fromID":"1287777","toID":"1287776","formEdgeID":null},{"edgeID":"1693852","fromID":"1287775","toID":"1287778","formEdgeID":null},{"edgeID":"1693853","fromID":"1287778","toID":"1152452","formEdgeID":null},{"edgeID":"1693854","fromID":"1152452","toID":"1287779","formEdgeID":null},{"edgeID":"1693855","fromID":"1287779","toID":"1152444","formEdgeID":null},{"edgeID":"1693856","fromID":"1287768","toID":"1287780","formEdgeID":null},{"edgeID":"1693857","fromID":"1287780","toID":"1287775","formEdgeID":null},{"edgeID":"1693858","fromID":"1287780","toID":"1287781","formEdgeID":null},{"edgeID":"1693859","fromID":"1287781","toID":"1287779","formEdgeID":null},{"edgeID":"1693860","fromID":"1287783","toID":"1287782","formEdgeID":null},{"edgeID":"1693861","fromID":"1287784","toID":"1287783","formEdgeID":null},{"edgeID":"1693862","fromID":"1287782","toID":"1287785","formEdgeID":null},{"edgeID":"1693863","fromID":"1287785","toID":"1152460","formEdgeID":null},{"edgeID":"1693864","fromID":"1287787","toID":"1287786","formEdgeID":null},{"edgeID":"1693865","fromID":"1287788","toID":"1287787","formEdgeID":null},{"edgeID":"1693866","fromID":"1287786","toID":"1287789","formEdgeID":null},{"edgeID":"1693867","fromID":"1287789","toID":"1152465","formEdgeID":null},{"edgeID":"1693868","fromID":"1152465","toID":"1287790","formEdgeID":null},{"edgeID":"1693869","fromID":"1287790","toID":"1152444","formEdgeID":null},{"edgeID":"1693870","fromID":"1152460","toID":"1287791","formEdgeID":null},{"edgeID":"1693871","fromID":"1287791","toID":"1152444","formEdgeID":null},{"edgeID":"1693872","fromID":"1287793","toID":"1287792","formEdgeID":null},{"edgeID":"1693873","fromID":"1287794","toID":"1287793","formEdgeID":null},{"edgeID":"1693874","fromID":"1287792","toID":"1287795","formEdgeID":null},{"edgeID":"1693875","fromID":"1287795","toID":"899146","formEdgeID":null},{"edgeID":"1693876","fromID":"1287786","toID":"1287796","formEdgeID":null},{"edgeID":"1693877","fromID":"1287796","toID":"1287792","formEdgeID":null},{"edgeID":"1693878","fromID":"1287798","toID":"1287797","formEdgeID":null},{"edgeID":"1693879","fromID":"1287799","toID":"1287798","formEdgeID":null},{"edgeID":"1693880","fromID":"1287797","toID":"1287800","formEdgeID":null},{"edgeID":"1693881","fromID":"1287800","toID":"1152476","formEdgeID":null},{"edgeID":"1693882","fromID":"1287768","toID":"1287801","formEdgeID":null},{"edgeID":"1693883","fromID":"1287801","toID":"1287786","formEdgeID":null},{"edgeID":"1693884","fromID":"1287801","toID":"1287802","formEdgeID":null},{"edgeID":"1693885","fromID":"1287802","toID":"1287790","formEdgeID":null},{"edgeID":"1693886","fromID":"1152476","toID":"1287803","formEdgeID":null},{"edgeID":"1693887","fromID":"1287803","toID":"899146","formEdgeID":null},{"edgeID":"1693888","fromID":"1287792","toID":"1287804","formEdgeID":null},{"edgeID":"1693889","fromID":"1287804","toID":"1287797","formEdgeID":null},{"edgeID":"1693890","fromID":"1287804","toID":"1287805","formEdgeID":null},{"edgeID":"1693891","fromID":"1287805","toID":"1287803","formEdgeID":null},{"edgeID":"1693892","fromID":"1287807","toID":"1287806","formEdgeID":null},{"edgeID":"1693893","fromID":"1287808","toID":"1287807","formEdgeID":null},{"edgeID":"1693894","fromID":"1287806","toID":"1287809","formEdgeID":null},{"edgeID":"1693895","fromID":"1287809","toID":"899153","formEdgeID":null},{"edgeID":"1693896","fromID":"1287797","toID":"1287810","formEdgeID":null},{"edgeID":"1693897","fromID":"1287810","toID":"1287806","formEdgeID":null},{"edgeID":"1693898","fromID":"1287812","toID":"1287811","formEdgeID":null},{"edgeID":"1693899","fromID":"1287813","toID":"1287812","formEdgeID":null},{"edgeID":"1693900","fromID":"1287815","toID":"1287814","formEdgeID":null},{"edgeID":"1693901","fromID":"1287816","toID":"1287815","formEdgeID":null},{"edgeID":"1693902","fromID":"1287814","toID":"1287817","formEdgeID":null},{"edgeID":"1693903","fromID":"1287817","toID":"899160","formEdgeID":null},{"edgeID":"1693904","fromID":"1287811","toID":"1287818","formEdgeID":null},{"edgeID":"1693905","fromID":"1287818","toID":"1287814","formEdgeID":null},{"edgeID":"1693906","fromID":"1287806","toID":"1287819","formEdgeID":null},{"edgeID":"1693907","fromID":"1287819","toID":"1287811","formEdgeID":null},{"edgeID":"1693908","fromID":"1287821","toID":"1287820","formEdgeID":null},{"edgeID":"1693909","fromID":"1287822","toID":"1287821","formEdgeID":null},{"edgeID":"1693910","fromID":"1287811","toID":"1287823","formEdgeID":null},{"edgeID":"1693911","fromID":"1287823","toID":"1287820","formEdgeID":null},{"edgeID":"1693912","fromID":"1287820","toID":"1287824","formEdgeID":null},{"edgeID":"1693913","fromID":"1287824","toID":"899160","formEdgeID":null},{"edgeID":"1693914","fromID":"1287826","toID":"1287825","formEdgeID":null},{"edgeID":"1693915","fromID":"1287827","toID":"1287826","formEdgeID":null},{"edgeID":"1693916","fromID":"1287825","toID":"1287828","formEdgeID":null},{"edgeID":"1693917","fromID":"1287828","toID":"1152503","formEdgeID":null},{"edgeID":"1693918","fromID":"1287830","toID":"1287829","formEdgeID":null},{"edgeID":"1693919","fromID":"1287831","toID":"1287830","formEdgeID":null},{"edgeID":"1693920","fromID":"1287829","toID":"1287832","formEdgeID":null},{"edgeID":"1693921","fromID":"1287832","toID":"1152508","formEdgeID":null},{"edgeID":"1693922","fromID":"1287825","toID":"1287833","formEdgeID":null},{"edgeID":"1693923","fromID":"1287833","toID":"1287829","formEdgeID":null},{"edgeID":"1693924","fromID":"1152508","toID":"1287834","formEdgeID":null},{"edgeID":"1693925","fromID":"1287834","toID":"1152503","formEdgeID":null},{"edgeID":"1693926","fromID":"1287833","toID":"1287835","formEdgeID":null},{"edgeID":"1693927","fromID":"1287835","toID":"1287834","formEdgeID":null},{"edgeID":"1693928","fromID":"1287837","toID":"1287836","formEdgeID":null},{"edgeID":"1693929","fromID":"1287838","toID":"1287837","formEdgeID":null},{"edgeID":"1693930","fromID":"1287836","toID":"1287839","formEdgeID":null},{"edgeID":"1693931","fromID":"1287839","toID":"1152516","formEdgeID":null},{"edgeID":"1693932","fromID":"1287829","toID":"1287840","formEdgeID":null},{"edgeID":"1693933","fromID":"1287840","toID":"1287836","formEdgeID":null},{"edgeID":"1693934","fromID":"1287842","toID":"1287841","formEdgeID":null},{"edgeID":"1693935","fromID":"1287843","toID":"1287842","formEdgeID":null},{"edgeID":"1693936","fromID":"1287841","toID":"1287844","formEdgeID":null},{"edgeID":"1693937","fromID":"1287844","toID":"1152522","formEdgeID":null},{"edgeID":"1693938","fromID":"1287836","toID":"1287845","formEdgeID":null},{"edgeID":"1693939","fromID":"1287845","toID":"1287841","formEdgeID":null},{"edgeID":"1693940","fromID":"1152522","toID":"1287846","formEdgeID":null},{"edgeID":"1693941","fromID":"1287846","toID":"1152516","formEdgeID":null},{"edgeID":"1693942","fromID":"1287845","toID":"1287847","formEdgeID":null},{"edgeID":"1693943","fromID":"1287847","toID":"1287846","formEdgeID":null},{"edgeID":"1693944","fromID":"1287849","toID":"1287848","formEdgeID":null},{"edgeID":"1693945","fromID":"1287850","toID":"1287849","formEdgeID":null},{"edgeID":"1693946","fromID":"1287848","toID":"1287851","formEdgeID":null},{"edgeID":"1693947","fromID":"1287851","toID":"1152530","formEdgeID":null},{"edgeID":"1693948","fromID":"1287841","toID":"1287852","formEdgeID":null},{"edgeID":"1693949","fromID":"1287852","toID":"1287848","formEdgeID":null},{"edgeID":"1693950","fromID":"1152530","toID":"1287853","formEdgeID":null},{"edgeID":"1693951","fromID":"1287853","toID":"1152522","formEdgeID":null},{"edgeID":"1693952","fromID":"1287852","toID":"1287854","formEdgeID":null},{"edgeID":"1693953","fromID":"1287854","toID":"1287853","formEdgeID":null},{"edgeID":"1693954","fromID":"1287856","toID":"1287855","formEdgeID":null},{"edgeID":"1693955","fromID":"1287857","toID":"1287856","formEdgeID":null},{"edgeID":"1693956","fromID":"1287855","toID":"1287858","formEdgeID":null},{"edgeID":"1693957","fromID":"1287858","toID":"1152538","formEdgeID":null},{"edgeID":"1693958","fromID":"1287848","toID":"1287859","formEdgeID":null},{"edgeID":"1693959","fromID":"1287859","toID":"1287855","formEdgeID":null},{"edgeID":"1693960","fromID":"1287768","toID":"1287860","formEdgeID":null},{"edgeID":"1693961","fromID":"1287860","toID":"1287782","formEdgeID":null},{"edgeID":"1693962","fromID":"1287860","toID":"1287861","formEdgeID":null},{"edgeID":"1693963","fromID":"1287861","toID":"1287791","formEdgeID":null},{"edgeID":"1693964","fromID":"1152503","toID":"1287862","formEdgeID":null},{"edgeID":"1693965","fromID":"1287862","toID":"899160","formEdgeID":null},{"edgeID":"1693966","fromID":"1287811","toID":"1287863","formEdgeID":null},{"edgeID":"1693967","fromID":"1287863","toID":"1287825","formEdgeID":null},{"edgeID":"1693968","fromID":"1287863","toID":"1287864","formEdgeID":null},{"edgeID":"1693969","fromID":"1287864","toID":"1287862","formEdgeID":null},{"edgeID":"1693970","fromID":"899153","toID":"1287865","formEdgeID":null},{"edgeID":"1693971","fromID":"1287865","toID":"1152476","formEdgeID":null},{"edgeID":"1693972","fromID":"1287810","toID":"1287866","formEdgeID":null},{"edgeID":"1693973","fromID":"1287866","toID":"1287865","formEdgeID":null}],"locutions":[]}