{"nodes":[{"nodeID":"899102","text":"there are things that we can do","type":"I","timestamp":"2022-02-10 21:19:12"},{"nodeID":"899111","text":"the Government has been supporting ethnic ambassadors to make the case on vaccines into the community","type":"I","timestamp":"2022-02-10 21:19:16"},{"nodeID":"1287132","text":"we need the NHS","type":"I","timestamp":"2023-11-09 12:37:18"},{"nodeID":"1287133","text":"Victor Adebowale: We need the NHS","type":"L","timestamp":"2023-11-09 12:37:18"},{"nodeID":"1287134","text":"Analysing","type":"YA","timestamp":"2023-11-09 12:37:18"},{"nodeID":"1287135","text":"Mascha: Victor Adebowale: We need the NHS","type":"L","timestamp":"2023-11-09 12:37:18"},{"nodeID":"1287136","text":"Asserting","type":"YA","timestamp":"2023-11-09 12:37:18"},{"nodeID":"1287137","text":"you look at the leadership of the NHS, the very few black people in leadership positions of the NHS, that affects you know, how messages are presented to Black and Minority Ethnic (BAME) staff","type":"I","timestamp":"2023-11-09 12:37:18"},{"nodeID":"1287138","text":"Victor Adebowale: you look at the leadership of the NHS, the very few black people in leadership positions of the NHS, that affects you know, how messages are presented to Black and Minority Ethnic (BAME) staff","type":"L","timestamp":"2023-11-09 12:37:18"},{"nodeID":"1287139","text":"Analysing","type":"YA","timestamp":"2023-11-09 12:37:18"},{"nodeID":"1287140","text":"Mascha: Victor Adebowale: you look at the leadership of the NHS, the very few black people in leadership positions of the NHS, that affects you know, how messages are presented to Black and Minority Ethnic (BAME) staff","type":"L","timestamp":"2023-11-09 12:37:18"},{"nodeID":"1287141","text":"Asserting","type":"YA","timestamp":"2023-11-09 12:37:18"},{"nodeID":"1287142","text":"Default Transition","type":"TA","timestamp":"2023-11-09 12:37:18"},{"nodeID":"1287143","text":"Victor Adebowale: there are things that we can do","type":"L","timestamp":"2023-11-09 12:37:19"},{"nodeID":"1287144","text":"Analysing","type":"YA","timestamp":"2023-11-09 12:37:19"},{"nodeID":"1287145","text":"Mascha: Victor Adebowale: there are things that we can do","type":"L","timestamp":"2023-11-09 12:37:19"},{"nodeID":"1287146","text":"Asserting","type":"YA","timestamp":"2023-11-09 12:37:19"},{"nodeID":"1287147","text":"Default Transition","type":"TA","timestamp":"2023-11-09 12:37:19"},{"nodeID":"1287148","text":"there are things that we should do","type":"I","timestamp":"2023-11-09 12:37:19"},{"nodeID":"1287149","text":"Victor Adebowale: There are things that we should do","type":"L","timestamp":"2023-11-09 12:37:19"},{"nodeID":"1287150","text":"Analysing","type":"YA","timestamp":"2023-11-09 12:37:19"},{"nodeID":"1287151","text":"Mascha: Victor Adebowale: There are things that we should do","type":"L","timestamp":"2023-11-09 12:37:19"},{"nodeID":"1287152","text":"Asserting","type":"YA","timestamp":"2023-11-09 12:37:19"},{"nodeID":"1287153","text":"Default Transition","type":"TA","timestamp":"2023-11-09 12:37:19"},{"nodeID":"1287154","text":"Default Rephrase","type":"MA","timestamp":"2023-11-09 12:37:19"},{"nodeID":"1287155","text":"Restating","type":"YA","timestamp":"2023-11-09 12:37:19"},{"nodeID":"1287156","text":"you do have the freedom to do a lot of things","type":"I","timestamp":"2023-11-09 12:37:20"},{"nodeID":"1287157","text":"Victor Adebowale: you do have the freedom to do a lot of things","type":"L","timestamp":"2023-11-09 12:37:20"},{"nodeID":"1287158","text":"Analysing","type":"YA","timestamp":"2023-11-09 12:37:20"},{"nodeID":"1287159","text":"Mascha: Victor Adebowale: you do have the freedom to do a lot of things","type":"L","timestamp":"2023-11-09 12:37:20"},{"nodeID":"1287160","text":"Asserting","type":"YA","timestamp":"2023-11-09 12:37:20"},{"nodeID":"1287161","text":"Default Transition","type":"TA","timestamp":"2023-11-09 12:37:20"},{"nodeID":"1287162","text":"you don't have the freedom to shout fire in a crowded restaurant","type":"I","timestamp":"2023-11-09 12:37:21"},{"nodeID":"1287163","text":"Victor Adebowale: you don't have the freedom to shout fire in a crowded restaurant","type":"L","timestamp":"2023-11-09 12:37:21"},{"nodeID":"1287164","text":"Analysing","type":"YA","timestamp":"2023-11-09 12:37:21"},{"nodeID":"1287165","text":"Mascha: Victor Adebowale: you don't have the freedom to shout fire in a crowded restaurant","type":"L","timestamp":"2023-11-09 12:37:21"},{"nodeID":"1287166","text":"Asserting","type":"YA","timestamp":"2023-11-09 12:37:21"},{"nodeID":"1287167","text":"Default Transition","type":"TA","timestamp":"2023-11-09 12:37:21"},{"nodeID":"1287168","text":"Default Conflict","type":"CA","timestamp":"2023-11-09 12:37:21"},{"nodeID":"1287169","text":"Disagreeing","type":"YA","timestamp":"2023-11-09 12:37:21"},{"nodeID":"1287170","text":"you do have the freedom to shout fire in a crowded restaurant","type":"I","timestamp":"2023-11-09 12:37:21"},{"nodeID":"1287171","text":"Tim Stanley:  You do","type":"L","timestamp":"2023-11-09 12:37:21"},{"nodeID":"1287172","text":"Analysing","type":"YA","timestamp":"2023-11-09 12:37:21"},{"nodeID":"1287173","text":"Mascha: Tim Stanley:  You do","type":"L","timestamp":"2023-11-09 12:37:21"},{"nodeID":"1287174","text":"Asserting","type":"YA","timestamp":"2023-11-09 12:37:21"},{"nodeID":"1287175","text":"Default Transition","type":"TA","timestamp":"2023-11-09 12:37:21"},{"nodeID":"1287176","text":"Default Conflict","type":"CA","timestamp":"2023-11-09 12:37:21"},{"nodeID":"1287177","text":"Disagreeing","type":"YA","timestamp":"2023-11-09 12:37:21"},{"nodeID":"1287178","text":"you have to suffer the consequences for shouting fire in a crowded restaurant","type":"I","timestamp":"2023-11-09 12:37:22"},{"nodeID":"1287179","text":"Tim Stanley:  You have to suffer the consequences","type":"L","timestamp":"2023-11-09 12:37:22"},{"nodeID":"1287180","text":"Analysing","type":"YA","timestamp":"2023-11-09 12:37:22"},{"nodeID":"1287181","text":"Mascha: Tim Stanley:  You have to suffer the consequences","type":"L","timestamp":"2023-11-09 12:37:22"},{"nodeID":"1287182","text":"Asserting","type":"YA","timestamp":"2023-11-09 12:37:22"},{"nodeID":"1287183","text":"Default Transition","type":"TA","timestamp":"2023-11-09 12:37:22"},{"nodeID":"1287184","text":"Default Inference","type":"RA","timestamp":"2023-11-09 12:37:22"},{"nodeID":"1287185","text":"Arguing","type":"YA","timestamp":"2023-11-09 12:37:22"},{"nodeID":"1287186","text":"Victor Adebowale:  Yes","type":"L","timestamp":"2023-11-09 12:37:22"},{"nodeID":"1287187","text":"Analysing","type":"YA","timestamp":"2023-11-09 12:37:22"},{"nodeID":"1287188","text":"Mascha: Victor Adebowale:  Yes","type":"L","timestamp":"2023-11-09 12:37:22"},{"nodeID":"1287189","text":"Default Transition","type":"TA","timestamp":"2023-11-09 12:37:22"},{"nodeID":"1287190","text":"Agreeing","type":"YA","timestamp":"2023-11-09 12:37:22"},{"nodeID":"1287191","text":"it's you and everybody else in the restaurant who has to suffer the consequences","type":"I","timestamp":"2023-11-09 12:37:23"},{"nodeID":"1287192","text":"Victor Adebowale: it's you and everybody else in the restaurant","type":"L","timestamp":"2023-11-09 12:37:23"},{"nodeID":"1287193","text":"Analysing","type":"YA","timestamp":"2023-11-09 12:37:23"},{"nodeID":"1287194","text":"Mascha: Victor Adebowale: it's you and everybody else in the restaurant","type":"L","timestamp":"2023-11-09 12:37:23"},{"nodeID":"1287195","text":"Asserting","type":"YA","timestamp":"2023-11-09 12:37:23"},{"nodeID":"1287196","text":"Default Transition","type":"TA","timestamp":"2023-11-09 12:37:23"},{"nodeID":"1287197","text":"Default Rephrase","type":"MA","timestamp":"2023-11-09 12:37:23"},{"nodeID":"1287198","text":"Restating","type":"YA","timestamp":"2023-11-09 12:37:23"},{"nodeID":"1287199","text":"we need to be really clear about the individual responsibility","type":"I","timestamp":"2023-11-09 12:37:23"},{"nodeID":"1287200","text":"Victor Adebowale: We need to be really clear about the individual responsibility","type":"L","timestamp":"2023-11-09 12:37:23"},{"nodeID":"1287201","text":"Analysing","type":"YA","timestamp":"2023-11-09 12:37:23"},{"nodeID":"1287202","text":"Mascha: Victor Adebowale: We need to be really clear about the individual responsibility","type":"L","timestamp":"2023-11-09 12:37:23"},{"nodeID":"1287203","text":"Asserting","type":"YA","timestamp":"2023-11-09 12:37:23"},{"nodeID":"1287204","text":"Default Transition","type":"TA","timestamp":"2023-11-09 12:37:23"},{"nodeID":"1287205","text":"Default Inference","type":"RA","timestamp":"2023-11-09 12:37:23"},{"nodeID":"1287206","text":"Arguing","type":"YA","timestamp":"2023-11-09 12:37:23"},{"nodeID":"1287207","text":"you have an individual right","type":"I","timestamp":"2023-11-09 12:37:24"},{"nodeID":"1287208","text":"Victor Adebowale: You have an individual right absolutely","type":"L","timestamp":"2023-11-09 12:37:24"},{"nodeID":"1287209","text":"Analysing","type":"YA","timestamp":"2023-11-09 12:37:24"},{"nodeID":"1287210","text":"Mascha: Victor Adebowale: You have an individual right absolutely","type":"L","timestamp":"2023-11-09 12:37:24"},{"nodeID":"1287211","text":"Asserting","type":"YA","timestamp":"2023-11-09 12:37:24"},{"nodeID":"1287212","text":"you also have the individual responsibility to understand the consequences of that choice on other people","type":"I","timestamp":"2023-11-09 12:37:24"},{"nodeID":"1287213","text":"Victor Adebowale: You also have the individual responsibility to understand the consequences of that choice on other people","type":"L","timestamp":"2023-11-09 12:37:24"},{"nodeID":"1287214","text":"Analysing","type":"YA","timestamp":"2023-11-09 12:37:24"},{"nodeID":"1287215","text":"Mascha: Victor Adebowale: You also have the individual responsibility to understand the consequences of that choice on other people","type":"L","timestamp":"2023-11-09 12:37:24"},{"nodeID":"1287216","text":"Asserting","type":"YA","timestamp":"2023-11-09 12:37:24"},{"nodeID":"1287217","text":"Default Rephrase","type":"MA","timestamp":"2023-11-09 12:37:24"},{"nodeID":"1287218","text":"Default Rephrase","type":"MA","timestamp":"2023-11-09 12:37:24"},{"nodeID":"1287219","text":"Default Transition","type":"TA","timestamp":"2023-11-09 12:37:24"},{"nodeID":"1287220","text":"Restating","type":"YA","timestamp":"2023-11-09 12:37:24"},{"nodeID":"1287221","text":"Default Transition","type":"TA","timestamp":"2023-11-09 12:37:24"},{"nodeID":"1287222","text":"Restating","type":"YA","timestamp":"2023-11-09 12:37:24"},{"nodeID":"1287223","text":"Default Inference","type":"RA","timestamp":"2023-11-09 12:37:24"},{"nodeID":"1287224","text":"Default Transition","type":"TA","timestamp":"2023-11-09 12:37:24"},{"nodeID":"1287225","text":"Arguing","type":"YA","timestamp":"2023-11-09 12:37:24"},{"nodeID":"1287226","text":"you are more likely to spread the virus","type":"I","timestamp":"2023-11-09 12:37:25"},{"nodeID":"1287227","text":"Victor Adebowale: You are more likely to spread the vaccine","type":"L","timestamp":"2023-11-09 12:37:25"},{"nodeID":"1287228","text":"Analysing","type":"YA","timestamp":"2023-11-09 12:37:25"},{"nodeID":"1287229","text":"Mascha: Victor Adebowale: You are more likely to spread the vaccine","type":"L","timestamp":"2023-11-09 12:37:25"},{"nodeID":"1287230","text":"Asserting","type":"YA","timestamp":"2023-11-09 12:37:25"},{"nodeID":"1287231","text":"Default Transition","type":"TA","timestamp":"2023-11-09 12:37:25"},{"nodeID":"1287232","text":"you are more likely to end up in hospital","type":"I","timestamp":"2023-11-09 12:37:26"},{"nodeID":"1287233","text":"Victor Adebowale:  you are more likely to end up in hospital","type":"L","timestamp":"2023-11-09 12:37:26"},{"nodeID":"1287234","text":"Analysing","type":"YA","timestamp":"2023-11-09 12:37:26"},{"nodeID":"1287235","text":"Mascha: Victor Adebowale:  you are more likely to end up in hospital","type":"L","timestamp":"2023-11-09 12:37:26"},{"nodeID":"1287236","text":"Asserting","type":"YA","timestamp":"2023-11-09 12:37:26"},{"nodeID":"1287237","text":"Default Transition","type":"TA","timestamp":"2023-11-09 12:37:26"},{"nodeID":"1287238","text":"we need to be you know, bring down the temperature","type":"I","timestamp":"2023-11-09 12:37:26"},{"nodeID":"1287239","text":"Victor Adebowale: we need to be you know, bring down the temperature","type":"L","timestamp":"2023-11-09 12:37:26"},{"nodeID":"1287240","text":"Analysing","type":"YA","timestamp":"2023-11-09 12:37:26"},{"nodeID":"1287241","text":"Mascha: Victor Adebowale: we need to be you know, bring down the temperature","type":"L","timestamp":"2023-11-09 12:37:26"},{"nodeID":"1287242","text":"Asserting","type":"YA","timestamp":"2023-11-09 12:37:26"},{"nodeID":"1287243","text":"Default Transition","type":"TA","timestamp":"2023-11-09 12:37:26"},{"nodeID":"1287244","text":"let's understand the facts","type":"I","timestamp":"2023-11-09 12:37:27"},{"nodeID":"1287245","text":"Victor Adebowale: let's understand the facts","type":"L","timestamp":"2023-11-09 12:37:27"},{"nodeID":"1287246","text":"Analysing","type":"YA","timestamp":"2023-11-09 12:37:27"},{"nodeID":"1287247","text":"Mascha: Victor Adebowale: let's understand the facts","type":"L","timestamp":"2023-11-09 12:37:27"},{"nodeID":"1287248","text":"Asserting","type":"YA","timestamp":"2023-11-09 12:37:27"},{"nodeID":"1287249","text":"Default Transition","type":"TA","timestamp":"2023-11-09 12:37:27"},{"nodeID":"1287250","text":"Default Rephrase","type":"MA","timestamp":"2023-11-09 12:37:27"},{"nodeID":"1287251","text":"Restating","type":"YA","timestamp":"2023-11-09 12:37:27"},{"nodeID":"1287252","text":"let's help people understand the vaccine","type":"I","timestamp":"2023-11-09 12:37:27"},{"nodeID":"1287253","text":"Victor Adebowale: let's help people understand the vaccine","type":"L","timestamp":"2023-11-09 12:37:27"},{"nodeID":"1287254","text":"Analysing","type":"YA","timestamp":"2023-11-09 12:37:27"},{"nodeID":"1287255","text":"Mascha: Victor Adebowale: let's help people understand the vaccine","type":"L","timestamp":"2023-11-09 12:37:27"},{"nodeID":"1287256","text":"Asserting","type":"YA","timestamp":"2023-11-09 12:37:27"},{"nodeID":"1287257","text":"Default Transition","type":"TA","timestamp":"2023-11-09 12:37:27"},{"nodeID":"1287258","text":"Default Rephrase","type":"MA","timestamp":"2023-11-09 12:37:27"},{"nodeID":"1287259","text":"Restating","type":"YA","timestamp":"2023-11-09 12:37:27"},{"nodeID":"1287260","text":"you are better off taking the vaccine than not taking it","type":"I","timestamp":"2023-11-09 12:37:28"},{"nodeID":"1287261","text":"Victor Adebowale: You are better off taking it than not taking it","type":"L","timestamp":"2023-11-09 12:37:28"},{"nodeID":"1287262","text":"Analysing","type":"YA","timestamp":"2023-11-09 12:37:28"},{"nodeID":"1287263","text":"Mascha: Victor Adebowale: You are better off taking it than not taking it","type":"L","timestamp":"2023-11-09 12:37:28"},{"nodeID":"1287264","text":"Asserting","type":"YA","timestamp":"2023-11-09 12:37:28"},{"nodeID":"1287265","text":"Default Inference","type":"RA","timestamp":"2023-11-09 12:37:28"},{"nodeID":"1287266","text":"Default Transition","type":"TA","timestamp":"2023-11-09 12:37:28"},{"nodeID":"1287267","text":"Default Transition","type":"TA","timestamp":"2023-11-09 12:37:28"},{"nodeID":"1287268","text":"Arguing","type":"YA","timestamp":"2023-11-09 12:37:28"},{"nodeID":"1287269","text":"you are better off taking the vaccine than not taking it is a fact","type":"I","timestamp":"2023-11-09 12:37:29"},{"nodeID":"1287270","text":"Victor Adebowale: those are the facts","type":"L","timestamp":"2023-11-09 12:37:29"},{"nodeID":"1287271","text":"Analysing","type":"YA","timestamp":"2023-11-09 12:37:29"},{"nodeID":"1287272","text":"Mascha: Victor Adebowale: those are the facts","type":"L","timestamp":"2023-11-09 12:37:29"},{"nodeID":"1287273","text":"Asserting","type":"YA","timestamp":"2023-11-09 12:37:29"},{"nodeID":"1287274","text":"Default Transition","type":"TA","timestamp":"2023-11-09 12:37:29"},{"nodeID":"1287275","text":"Default Rephrase","type":"MA","timestamp":"2023-11-09 12:37:29"},{"nodeID":"1287276","text":"Restating","type":"YA","timestamp":"2023-11-09 12:37:29"},{"nodeID":"1287277","text":"Crispin Blunt: I agree with Victor and the points he has been making","type":"L","timestamp":"2023-11-09 12:37:29"},{"nodeID":"1287278","text":"Analysing","type":"YA","timestamp":"2023-11-09 12:37:29"},{"nodeID":"1287279","text":"Mascha: Crispin Blunt: I agree with Victor and the points he has been making","type":"L","timestamp":"2023-11-09 12:37:29"},{"nodeID":"1287280","text":"Default Transition","type":"TA","timestamp":"2023-11-09 12:37:29"},{"nodeID":"1287281","text":"Agreeing","type":"YA","timestamp":"2023-11-09 12:37:29"},{"nodeID":"1287282","text":"it's not to say the Government has not been supporting ethnic ambassadors to make the case on vaccines into the community","type":"I","timestamp":"2023-11-09 12:37:29"},{"nodeID":"1287283","text":"Crispin Blunt: it's not though say the Government has not been supporting ethnic ambassadors to make the case on vaccines into the community","type":"L","timestamp":"2023-11-09 12:37:29"},{"nodeID":"1287284","text":"Analysing","type":"YA","timestamp":"2023-11-09 12:37:29"},{"nodeID":"1287285","text":"Mascha: Crispin Blunt: it's not though say the Government has not been supporting ethnic ambassadors to make the case on vaccines into the community","type":"L","timestamp":"2023-11-09 12:37:29"},{"nodeID":"1287286","text":"Asserting","type":"YA","timestamp":"2023-11-09 12:37:29"},{"nodeID":"1287287","text":"Default Transition","type":"TA","timestamp":"2023-11-09 12:37:29"},{"nodeID":"1287288","text":"Crispin Blunt: They have been","type":"L","timestamp":"2023-11-09 12:37:30"},{"nodeID":"1287289","text":"Analysing","type":"YA","timestamp":"2023-11-09 12:37:30"},{"nodeID":"1287290","text":"Mascha: Crispin Blunt: They have been","type":"L","timestamp":"2023-11-09 12:37:30"},{"nodeID":"1287291","text":"Asserting","type":"YA","timestamp":"2023-11-09 12:37:30"},{"nodeID":"1287292","text":"Default Transition","type":"TA","timestamp":"2023-11-09 12:37:30"},{"nodeID":"1287293","text":"Default Rephrase","type":"MA","timestamp":"2023-11-09 12:37:30"},{"nodeID":"1287294","text":"Restating","type":"YA","timestamp":"2023-11-09 12:37:30"}],"edges":[{"edgeID":"1693026","fromID":"1287134","toID":"1287133","formEdgeID":null},{"edgeID":"1693027","fromID":"1287135","toID":"1287134","formEdgeID":null},{"edgeID":"1693028","fromID":"1287133","toID":"1287136","formEdgeID":null},{"edgeID":"1693029","fromID":"1287136","toID":"1287132","formEdgeID":null},{"edgeID":"1693030","fromID":"1287139","toID":"1287138","formEdgeID":null},{"edgeID":"1693031","fromID":"1287140","toID":"1287139","formEdgeID":null},{"edgeID":"1693032","fromID":"1287138","toID":"1287141","formEdgeID":null},{"edgeID":"1693033","fromID":"1287141","toID":"1287137","formEdgeID":null},{"edgeID":"1693034","fromID":"1287133","toID":"1287142","formEdgeID":null},{"edgeID":"1693035","fromID":"1287142","toID":"1287138","formEdgeID":null},{"edgeID":"1693036","fromID":"1287144","toID":"1287143","formEdgeID":null},{"edgeID":"1693037","fromID":"1287145","toID":"1287144","formEdgeID":null},{"edgeID":"1693038","fromID":"1287143","toID":"1287146","formEdgeID":null},{"edgeID":"1693039","fromID":"1287146","toID":"899102","formEdgeID":null},{"edgeID":"1693040","fromID":"1287138","toID":"1287147","formEdgeID":null},{"edgeID":"1693041","fromID":"1287147","toID":"1287143","formEdgeID":null},{"edgeID":"1693042","fromID":"1287150","toID":"1287149","formEdgeID":null},{"edgeID":"1693043","fromID":"1287151","toID":"1287150","formEdgeID":null},{"edgeID":"1693044","fromID":"1287149","toID":"1287152","formEdgeID":null},{"edgeID":"1693045","fromID":"1287152","toID":"1287148","formEdgeID":null},{"edgeID":"1693046","fromID":"1287143","toID":"1287153","formEdgeID":null},{"edgeID":"1693047","fromID":"1287153","toID":"1287149","formEdgeID":null},{"edgeID":"1693048","fromID":"1287148","toID":"1287154","formEdgeID":null},{"edgeID":"1693049","fromID":"1287154","toID":"899102","formEdgeID":null},{"edgeID":"1693050","fromID":"1287153","toID":"1287155","formEdgeID":null},{"edgeID":"1693051","fromID":"1287155","toID":"1287154","formEdgeID":null},{"edgeID":"1693052","fromID":"1287158","toID":"1287157","formEdgeID":null},{"edgeID":"1693053","fromID":"1287159","toID":"1287158","formEdgeID":null},{"edgeID":"1693054","fromID":"1287157","toID":"1287160","formEdgeID":null},{"edgeID":"1693055","fromID":"1287160","toID":"1287156","formEdgeID":null},{"edgeID":"1693056","fromID":"1287149","toID":"1287161","formEdgeID":null},{"edgeID":"1693057","fromID":"1287161","toID":"1287157","formEdgeID":null},{"edgeID":"1693058","fromID":"1287164","toID":"1287163","formEdgeID":null},{"edgeID":"1693059","fromID":"1287165","toID":"1287164","formEdgeID":null},{"edgeID":"1693060","fromID":"1287163","toID":"1287166","formEdgeID":null},{"edgeID":"1693061","fromID":"1287166","toID":"1287162","formEdgeID":null},{"edgeID":"1693062","fromID":"1287157","toID":"1287167","formEdgeID":null},{"edgeID":"1693063","fromID":"1287167","toID":"1287163","formEdgeID":null},{"edgeID":"1693064","fromID":"1287162","toID":"1287168","formEdgeID":null},{"edgeID":"1693065","fromID":"1287168","toID":"1287156","formEdgeID":null},{"edgeID":"1693066","fromID":"1287167","toID":"1287169","formEdgeID":null},{"edgeID":"1693067","fromID":"1287169","toID":"1287168","formEdgeID":null},{"edgeID":"1693068","fromID":"1287172","toID":"1287171","formEdgeID":null},{"edgeID":"1693069","fromID":"1287173","toID":"1287172","formEdgeID":null},{"edgeID":"1693070","fromID":"1287171","toID":"1287174","formEdgeID":null},{"edgeID":"1693071","fromID":"1287174","toID":"1287170","formEdgeID":null},{"edgeID":"1693072","fromID":"1287163","toID":"1287175","formEdgeID":null},{"edgeID":"1693073","fromID":"1287175","toID":"1287171","formEdgeID":null},{"edgeID":"1693074","fromID":"1287170","toID":"1287176","formEdgeID":null},{"edgeID":"1693075","fromID":"1287176","toID":"1287162","formEdgeID":null},{"edgeID":"1693076","fromID":"1287175","toID":"1287177","formEdgeID":null},{"edgeID":"1693077","fromID":"1287177","toID":"1287176","formEdgeID":null},{"edgeID":"1693078","fromID":"1287180","toID":"1287179","formEdgeID":null},{"edgeID":"1693079","fromID":"1287181","toID":"1287180","formEdgeID":null},{"edgeID":"1693080","fromID":"1287179","toID":"1287182","formEdgeID":null},{"edgeID":"1693081","fromID":"1287182","toID":"1287178","formEdgeID":null},{"edgeID":"1693082","fromID":"1287171","toID":"1287183","formEdgeID":null},{"edgeID":"1693083","fromID":"1287183","toID":"1287179","formEdgeID":null},{"edgeID":"1693084","fromID":"1287178","toID":"1287184","formEdgeID":null},{"edgeID":"1693085","fromID":"1287184","toID":"1287170","formEdgeID":null},{"edgeID":"1693086","fromID":"1287183","toID":"1287185","formEdgeID":null},{"edgeID":"1693087","fromID":"1287185","toID":"1287184","formEdgeID":null},{"edgeID":"1693088","fromID":"1287187","toID":"1287186","formEdgeID":null},{"edgeID":"1693089","fromID":"1287188","toID":"1287187","formEdgeID":null},{"edgeID":"1693090","fromID":"1287179","toID":"1287189","formEdgeID":null},{"edgeID":"1693091","fromID":"1287189","toID":"1287186","formEdgeID":null},{"edgeID":"1693092","fromID":"1287186","toID":"1287190","formEdgeID":null},{"edgeID":"1693093","fromID":"1287190","toID":"1287178","formEdgeID":null},{"edgeID":"1693094","fromID":"1287193","toID":"1287192","formEdgeID":null},{"edgeID":"1693095","fromID":"1287194","toID":"1287193","formEdgeID":null},{"edgeID":"1693096","fromID":"1287192","toID":"1287195","formEdgeID":null},{"edgeID":"1693097","fromID":"1287195","toID":"1287191","formEdgeID":null},{"edgeID":"1693098","fromID":"1287186","toID":"1287196","formEdgeID":null},{"edgeID":"1693099","fromID":"1287196","toID":"1287192","formEdgeID":null},{"edgeID":"1693100","fromID":"1287191","toID":"1287197","formEdgeID":null},{"edgeID":"1693101","fromID":"1287197","toID":"1287178","formEdgeID":null},{"edgeID":"1693102","fromID":"1287196","toID":"1287198","formEdgeID":null},{"edgeID":"1693103","fromID":"1287198","toID":"1287197","formEdgeID":null},{"edgeID":"1693104","fromID":"1287201","toID":"1287200","formEdgeID":null},{"edgeID":"1693105","fromID":"1287202","toID":"1287201","formEdgeID":null},{"edgeID":"1693106","fromID":"1287200","toID":"1287203","formEdgeID":null},{"edgeID":"1693107","fromID":"1287203","toID":"1287199","formEdgeID":null},{"edgeID":"1693108","fromID":"1287192","toID":"1287204","formEdgeID":null},{"edgeID":"1693109","fromID":"1287204","toID":"1287200","formEdgeID":null},{"edgeID":"1693110","fromID":"1287191","toID":"1287205","formEdgeID":null},{"edgeID":"1693111","fromID":"1287205","toID":"1287199","formEdgeID":null},{"edgeID":"1693112","fromID":"1287204","toID":"1287206","formEdgeID":null},{"edgeID":"1693113","fromID":"1287206","toID":"1287205","formEdgeID":null},{"edgeID":"1693114","fromID":"1287209","toID":"1287208","formEdgeID":null},{"edgeID":"1693115","fromID":"1287210","toID":"1287209","formEdgeID":null},{"edgeID":"1693116","fromID":"1287208","toID":"1287211","formEdgeID":null},{"edgeID":"1693117","fromID":"1287211","toID":"1287207","formEdgeID":null},{"edgeID":"1693118","fromID":"1287214","toID":"1287213","formEdgeID":null},{"edgeID":"1693119","fromID":"1287215","toID":"1287214","formEdgeID":null},{"edgeID":"1693120","fromID":"1287213","toID":"1287216","formEdgeID":null},{"edgeID":"1693121","fromID":"1287216","toID":"1287212","formEdgeID":null},{"edgeID":"1693122","fromID":"1287207","toID":"1287217","formEdgeID":null},{"edgeID":"1693123","fromID":"1287217","toID":"1287170","formEdgeID":null},{"edgeID":"1693124","fromID":"1287212","toID":"1287218","formEdgeID":null},{"edgeID":"1693125","fromID":"1287218","toID":"1287191","formEdgeID":null},{"edgeID":"1693126","fromID":"1287179","toID":"1287219","formEdgeID":null},{"edgeID":"1693127","fromID":"1287219","toID":"1287208","formEdgeID":null},{"edgeID":"1693128","fromID":"1287219","toID":"1287220","formEdgeID":null},{"edgeID":"1693129","fromID":"1287220","toID":"1287217","formEdgeID":null},{"edgeID":"1693130","fromID":"1287192","toID":"1287221","formEdgeID":null},{"edgeID":"1693131","fromID":"1287221","toID":"1287213","formEdgeID":null},{"edgeID":"1693132","fromID":"1287221","toID":"1287222","formEdgeID":null},{"edgeID":"1693133","fromID":"1287222","toID":"1287218","formEdgeID":null},{"edgeID":"1693134","fromID":"1287212","toID":"1287223","formEdgeID":null},{"edgeID":"1693135","fromID":"1287223","toID":"1287199","formEdgeID":null},{"edgeID":"1693136","fromID":"1287207","toID":"1287223","formEdgeID":null},{"edgeID":"1693137","fromID":"1287200","toID":"1287224","formEdgeID":null},{"edgeID":"1693138","fromID":"1287224","toID":"1287213","formEdgeID":null},{"edgeID":"1693139","fromID":"1287224","toID":"1287225","formEdgeID":null},{"edgeID":"1693140","fromID":"1287225","toID":"1287223","formEdgeID":null},{"edgeID":"1693141","fromID":"1287228","toID":"1287227","formEdgeID":null},{"edgeID":"1693142","fromID":"1287229","toID":"1287228","formEdgeID":null},{"edgeID":"1693143","fromID":"1287227","toID":"1287230","formEdgeID":null},{"edgeID":"1693144","fromID":"1287230","toID":"1287226","formEdgeID":null},{"edgeID":"1693145","fromID":"1287213","toID":"1287231","formEdgeID":null},{"edgeID":"1693146","fromID":"1287231","toID":"1287227","formEdgeID":null},{"edgeID":"1693147","fromID":"1287234","toID":"1287233","formEdgeID":null},{"edgeID":"1693148","fromID":"1287235","toID":"1287234","formEdgeID":null},{"edgeID":"1693149","fromID":"1287233","toID":"1287236","formEdgeID":null},{"edgeID":"1693150","fromID":"1287236","toID":"1287232","formEdgeID":null},{"edgeID":"1693151","fromID":"1287227","toID":"1287237","formEdgeID":null},{"edgeID":"1693152","fromID":"1287237","toID":"1287233","formEdgeID":null},{"edgeID":"1693153","fromID":"1287240","toID":"1287239","formEdgeID":null},{"edgeID":"1693154","fromID":"1287241","toID":"1287240","formEdgeID":null},{"edgeID":"1693155","fromID":"1287239","toID":"1287242","formEdgeID":null},{"edgeID":"1693156","fromID":"1287242","toID":"1287238","formEdgeID":null},{"edgeID":"1693157","fromID":"1287233","toID":"1287243","formEdgeID":null},{"edgeID":"1693158","fromID":"1287243","toID":"1287239","formEdgeID":null},{"edgeID":"1693159","fromID":"1287246","toID":"1287245","formEdgeID":null},{"edgeID":"1693160","fromID":"1287247","toID":"1287246","formEdgeID":null},{"edgeID":"1693161","fromID":"1287245","toID":"1287248","formEdgeID":null},{"edgeID":"1693162","fromID":"1287248","toID":"1287244","formEdgeID":null},{"edgeID":"1693163","fromID":"1287239","toID":"1287249","formEdgeID":null},{"edgeID":"1693164","fromID":"1287249","toID":"1287245","formEdgeID":null},{"edgeID":"1693165","fromID":"1287244","toID":"1287250","formEdgeID":null},{"edgeID":"1693166","fromID":"1287250","toID":"1287238","formEdgeID":null},{"edgeID":"1693167","fromID":"1287249","toID":"1287251","formEdgeID":null},{"edgeID":"1693168","fromID":"1287251","toID":"1287250","formEdgeID":null},{"edgeID":"1693169","fromID":"1287254","toID":"1287253","formEdgeID":null},{"edgeID":"1693170","fromID":"1287255","toID":"1287254","formEdgeID":null},{"edgeID":"1693171","fromID":"1287253","toID":"1287256","formEdgeID":null},{"edgeID":"1693172","fromID":"1287256","toID":"1287252","formEdgeID":null},{"edgeID":"1693173","fromID":"1287245","toID":"1287257","formEdgeID":null},{"edgeID":"1693174","fromID":"1287257","toID":"1287253","formEdgeID":null},{"edgeID":"1693175","fromID":"1287252","toID":"1287258","formEdgeID":null},{"edgeID":"1693176","fromID":"1287258","toID":"1287244","formEdgeID":null},{"edgeID":"1693177","fromID":"1287257","toID":"1287259","formEdgeID":null},{"edgeID":"1693178","fromID":"1287259","toID":"1287258","formEdgeID":null},{"edgeID":"1693179","fromID":"1287262","toID":"1287261","formEdgeID":null},{"edgeID":"1693180","fromID":"1287263","toID":"1287262","formEdgeID":null},{"edgeID":"1693181","fromID":"1287261","toID":"1287264","formEdgeID":null},{"edgeID":"1693182","fromID":"1287264","toID":"1287260","formEdgeID":null},{"edgeID":"1693183","fromID":"1287232","toID":"1287265","formEdgeID":null},{"edgeID":"1693184","fromID":"1287265","toID":"1287260","formEdgeID":null},{"edgeID":"1693185","fromID":"1287226","toID":"1287265","formEdgeID":null},{"edgeID":"1693186","fromID":"1287227","toID":"1287266","formEdgeID":null},{"edgeID":"1693187","fromID":"1287266","toID":"1287261","formEdgeID":null},{"edgeID":"1693188","fromID":"1287233","toID":"1287267","formEdgeID":null},{"edgeID":"1693189","fromID":"1287267","toID":"1287261","formEdgeID":null},{"edgeID":"1693190","fromID":"1287267","toID":"1287268","formEdgeID":null},{"edgeID":"1693191","fromID":"1287268","toID":"1287265","formEdgeID":null},{"edgeID":"1693192","fromID":"1287271","toID":"1287270","formEdgeID":null},{"edgeID":"1693193","fromID":"1287272","toID":"1287271","formEdgeID":null},{"edgeID":"1693194","fromID":"1287270","toID":"1287273","formEdgeID":null},{"edgeID":"1693195","fromID":"1287273","toID":"1287269","formEdgeID":null},{"edgeID":"1693196","fromID":"1287261","toID":"1287274","formEdgeID":null},{"edgeID":"1693197","fromID":"1287274","toID":"1287270","formEdgeID":null},{"edgeID":"1693198","fromID":"1287269","toID":"1287275","formEdgeID":null},{"edgeID":"1693199","fromID":"1287275","toID":"1287260","formEdgeID":null},{"edgeID":"1693200","fromID":"1287274","toID":"1287276","formEdgeID":null},{"edgeID":"1693201","fromID":"1287276","toID":"1287275","formEdgeID":null},{"edgeID":"1693202","fromID":"1287278","toID":"1287277","formEdgeID":null},{"edgeID":"1693203","fromID":"1287279","toID":"1287278","formEdgeID":null},{"edgeID":"1693204","fromID":"1287270","toID":"1287280","formEdgeID":null},{"edgeID":"1693205","fromID":"1287280","toID":"1287277","formEdgeID":null},{"edgeID":"1693206","fromID":"1287277","toID":"1287281","formEdgeID":null},{"edgeID":"1693207","fromID":"1287281","toID":"1287269","formEdgeID":null},{"edgeID":"1693208","fromID":"1287284","toID":"1287283","formEdgeID":null},{"edgeID":"1693209","fromID":"1287285","toID":"1287284","formEdgeID":null},{"edgeID":"1693210","fromID":"1287283","toID":"1287286","formEdgeID":null},{"edgeID":"1693211","fromID":"1287286","toID":"1287282","formEdgeID":null},{"edgeID":"1693212","fromID":"1287277","toID":"1287287","formEdgeID":null},{"edgeID":"1693213","fromID":"1287287","toID":"1287283","formEdgeID":null},{"edgeID":"1693214","fromID":"1287289","toID":"1287288","formEdgeID":null},{"edgeID":"1693215","fromID":"1287290","toID":"1287289","formEdgeID":null},{"edgeID":"1693216","fromID":"1287288","toID":"1287291","formEdgeID":null},{"edgeID":"1693217","fromID":"1287291","toID":"899111","formEdgeID":null},{"edgeID":"1693218","fromID":"1287283","toID":"1287292","formEdgeID":null},{"edgeID":"1693219","fromID":"1287292","toID":"1287288","formEdgeID":null},{"edgeID":"1693220","fromID":"899111","toID":"1287293","formEdgeID":null},{"edgeID":"1693221","fromID":"1287293","toID":"1287282","formEdgeID":null},{"edgeID":"1693222","fromID":"1287292","toID":"1287294","formEdgeID":null},{"edgeID":"1693223","fromID":"1287294","toID":"1287293","formEdgeID":null}],"locutions":[]}