{"nodes":[{"nodeID":"898921","text":"Victor Adebowale is not at QT to have a go","type":"I","timestamp":"2022-02-10 21:18:06"},{"nodeID":"898928","text":"some of the people who are not vaccinated had clear reasons","type":"I","timestamp":"2022-02-10 21:18:08"},{"nodeID":"1285535","text":"Victor Abebowale is not one of these people who wants to have a go at people who aren't vaccinated","type":"I","timestamp":"2023-11-09 12:34:58"},{"nodeID":"1285536","text":"Victor Adebowale: I'm not one of these people who wants to have a go at people who aren't vaccinated","type":"L","timestamp":"2023-11-09 12:34:58"},{"nodeID":"1285537","text":"Analysing","type":"YA","timestamp":"2023-11-09 12:34:58"},{"nodeID":"1285538","text":"Anon: Victor Adebowale: I'm not one of these people who wants to have a go at people who aren't vaccinated","type":"L","timestamp":"2023-11-09 12:34:58"},{"nodeID":"1285539","text":"Asserting","type":"YA","timestamp":"2023-11-09 12:34:58"},{"nodeID":"1285540","text":"Victor Adebowale: Some of the people had clear reasons","type":"L","timestamp":"2023-11-09 12:34:59"},{"nodeID":"1285541","text":"Analysing","type":"YA","timestamp":"2023-11-09 12:34:59"},{"nodeID":"1285542","text":"Anon: Victor Adebowale: Some of the people had clear reasons","type":"L","timestamp":"2023-11-09 12:34:59"},{"nodeID":"1285543","text":"Asserting","type":"YA","timestamp":"2023-11-09 12:34:59"},{"nodeID":"1285544","text":"many of the NHS staff that aren't vaccinated are working as hard as those that are vaccinated","type":"I","timestamp":"2023-11-09 12:34:59"},{"nodeID":"1285545","text":"Victor Adebowale: Many of the NHS staff that aren't vaccinated are working as hard as those that are vaccinated","type":"L","timestamp":"2023-11-09 12:34:59"},{"nodeID":"1285546","text":"Analysing","type":"YA","timestamp":"2023-11-09 12:34:59"},{"nodeID":"1285547","text":"Anon: Victor Adebowale: Many of the NHS staff that aren't vaccinated are working as hard as those that are vaccinated","type":"L","timestamp":"2023-11-09 12:34:59"},{"nodeID":"1285548","text":"Asserting","type":"YA","timestamp":"2023-11-09 12:34:59"},{"nodeID":"1285549","text":"Victor Adebowale: I'm not here to have a go","type":"L","timestamp":"2023-11-09 12:35:00"},{"nodeID":"1285550","text":"Analysing","type":"YA","timestamp":"2023-11-09 12:35:00"},{"nodeID":"1285551","text":"Anon: Victor Adebowale: I'm not here to have a go","type":"L","timestamp":"2023-11-09 12:35:00"},{"nodeID":"1285552","text":"Asserting","type":"YA","timestamp":"2023-11-09 12:35:00"},{"nodeID":"1285553","text":"we did warn the Government","type":"I","timestamp":"2023-11-09 12:35:00"},{"nodeID":"1285554","text":"Victor Adebowale: we did warn the Government","type":"L","timestamp":"2023-11-09 12:35:00"},{"nodeID":"1285555","text":"Analysing","type":"YA","timestamp":"2023-11-09 12:35:00"},{"nodeID":"1285556","text":"Anon: Victor Adebowale: we did warn the Government","type":"L","timestamp":"2023-11-09 12:35:00"},{"nodeID":"1285557","text":"Asserting","type":"YA","timestamp":"2023-11-09 12:35:00"},{"nodeID":"1285558","text":"what happened was inevitable","type":"I","timestamp":"2023-11-09 12:35:01"},{"nodeID":"1285559","text":"Victor Adebowale: what happened was inevitable","type":"L","timestamp":"2023-11-09 12:35:01"},{"nodeID":"1285560","text":"Analysing","type":"YA","timestamp":"2023-11-09 12:35:01"},{"nodeID":"1285561","text":"Anon: Victor Adebowale: what happened was inevitable","type":"L","timestamp":"2023-11-09 12:35:01"},{"nodeID":"1285562","text":"Asserting","type":"YA","timestamp":"2023-11-09 12:35:01"},{"nodeID":"1285563","text":"the Government has taken a step-back","type":"I","timestamp":"2023-11-09 12:35:02"},{"nodeID":"1285564","text":"Victor Adebowale: the Government has taken a step-back","type":"L","timestamp":"2023-11-09 12:35:02"},{"nodeID":"1285565","text":"Analysing","type":"YA","timestamp":"2023-11-09 12:35:02"},{"nodeID":"1285566","text":"Anon: Victor Adebowale: the Government has taken a step-back","type":"L","timestamp":"2023-11-09 12:35:02"},{"nodeID":"1285567","text":"Asserting","type":"YA","timestamp":"2023-11-09 12:35:02"},{"nodeID":"1285568","text":"the way the Govenment took a step-back has caused incredible pain and anguish","type":"I","timestamp":"2023-11-09 12:35:02"},{"nodeID":"1285569","text":"Victor Adebowale: The way it did it has caused incredible pain and anguish","type":"L","timestamp":"2023-11-09 12:35:02"},{"nodeID":"1285570","text":"Analysing","type":"YA","timestamp":"2023-11-09 12:35:02"},{"nodeID":"1285571","text":"Anon: Victor Adebowale: The way it did it has caused incredible pain and anguish","type":"L","timestamp":"2023-11-09 12:35:02"},{"nodeID":"1285572","text":"Asserting","type":"YA","timestamp":"2023-11-09 12:35:02"},{"nodeID":"1285573","text":"Default Transition","type":"TA","timestamp":"2023-11-09 12:35:02"},{"nodeID":"1285574","text":"Default Transition","type":"TA","timestamp":"2023-11-09 12:35:02"},{"nodeID":"1285575","text":"Default Transition","type":"TA","timestamp":"2023-11-09 12:35:02"},{"nodeID":"1285576","text":"Default Transition","type":"TA","timestamp":"2023-11-09 12:35:02"},{"nodeID":"1285577","text":"Default Transition","type":"TA","timestamp":"2023-11-09 12:35:02"},{"nodeID":"1285578","text":"Default Transition","type":"TA","timestamp":"2023-11-09 12:35:02"},{"nodeID":"1285579","text":"Default Rephrase","type":"MA","timestamp":"2023-11-09 12:35:02"},{"nodeID":"1285580","text":"Default Transition","type":"TA","timestamp":"2023-11-09 12:35:02"},{"nodeID":"1285581","text":"Restating","type":"YA","timestamp":"2023-11-09 12:35:02"},{"nodeID":"1285582","text":"Default Inference","type":"RA","timestamp":"2023-11-09 12:35:02"},{"nodeID":"1285583","text":"Arguing","type":"YA","timestamp":"2023-11-09 12:35:02"},{"nodeID":"1285584","text":"Default Rephrase","type":"MA","timestamp":"2023-11-09 12:35:02"},{"nodeID":"1285585","text":"Restating","type":"YA","timestamp":"2023-11-09 12:35:02"},{"nodeID":"1285586","text":"one is a leader of a hospital, and has had to basically get their senior staff out there","type":"I","timestamp":"2023-11-09 12:35:03"},{"nodeID":"1285587","text":"Victor Adebowale: If you are a leader of a hospital, and you have had to basically get your senior staff out there","type":"L","timestamp":"2023-11-09 12:35:03"},{"nodeID":"1285588","text":"Analysing","type":"YA","timestamp":"2023-11-09 12:35:03"},{"nodeID":"1285589","text":"Anon: Victor Adebowale: If you are a leader of a hospital, and you have had to basically get your senior staff out there","type":"L","timestamp":"2023-11-09 12:35:03"},{"nodeID":"1285590","text":"Asserting","type":"YA","timestamp":"2023-11-09 12:35:03"},{"nodeID":"1285591","text":"Rosena Allin-Khan is aware of the pain and anguish talking to people who haven't been vaccinated","type":"I","timestamp":"2023-11-09 12:35:03"},{"nodeID":"1285592","text":"Victor Adebowale: Rosena is aware of this talking to people who haven't been vaccinated","type":"L","timestamp":"2023-11-09 12:35:03"},{"nodeID":"1285593","text":"Analysing","type":"YA","timestamp":"2023-11-09 12:35:03"},{"nodeID":"1285594","text":"Anon: Victor Adebowale: Rosena is aware of this talking to people who haven't been vaccinated","type":"L","timestamp":"2023-11-09 12:35:03"},{"nodeID":"1285595","text":"Asserting","type":"YA","timestamp":"2023-11-09 12:35:03"},{"nodeID":"1285596","text":"sometimes hundreds of staff, nobody likes, least of all people in the NHS telling somebody they will lose their job because they have made a decision","type":"I","timestamp":"2023-11-09 12:35:04"},{"nodeID":"1285597","text":"Victor Adebowale: sometimes hundreds of staff, nobody likes, least of all people in the NHS telling somebody they will lose their job because they have made a decision","type":"L","timestamp":"2023-11-09 12:35:04"},{"nodeID":"1285598","text":"Analysing","type":"YA","timestamp":"2023-11-09 12:35:04"},{"nodeID":"1285599","text":"Anon: Victor Adebowale: sometimes hundreds of staff, nobody likes, least of all people in the NHS telling somebody they will lose their job because they have made a decision","type":"L","timestamp":"2023-11-09 12:35:04"},{"nodeID":"1285600","text":"Asserting","type":"YA","timestamp":"2023-11-09 12:35:04"},{"nodeID":"1285601","text":"one could imagine to get non vaccinated people out and knowing the consequences on everyone else","type":"I","timestamp":"2023-11-09 12:35:04"},{"nodeID":"1285602","text":"Victor Adebowale: Imagine doing that and knowing the consequences on everyone else","type":"L","timestamp":"2023-11-09 12:35:04"},{"nodeID":"1285603","text":"Analysing","type":"YA","timestamp":"2023-11-09 12:35:04"},{"nodeID":"1285604","text":"Anon: Victor Adebowale: Imagine doing that and knowing the consequences on everyone else","type":"L","timestamp":"2023-11-09 12:35:04"},{"nodeID":"1285605","text":"Asserting","type":"YA","timestamp":"2023-11-09 12:35:04"},{"nodeID":"1285606","text":"non vaccinated people find out the Government has changed its mind not from a message from the Secretary of State","type":"I","timestamp":"2023-11-09 12:35:05"},{"nodeID":"1285607","text":"Victor Adebowale: They find out the Government has changed its mind not from a message from the Secretary of State","type":"L","timestamp":"2023-11-09 12:35:05"},{"nodeID":"1285608","text":"Analysing","type":"YA","timestamp":"2023-11-09 12:35:05"},{"nodeID":"1285609","text":"Anon: Victor Adebowale: They find out the Government has changed its mind not from a message from the Secretary of State","type":"L","timestamp":"2023-11-09 12:35:05"},{"nodeID":"1285610","text":"Asserting","type":"YA","timestamp":"2023-11-09 12:35:05"},{"nodeID":"1285611","text":"non vaccinated people find out the Government has changed its mind not from a question how do we do this","type":"I","timestamp":"2023-11-09 12:35:06"},{"nodeID":"1285612","text":"Victor Adebowale: Not from a question how do we do this","type":"L","timestamp":"2023-11-09 12:35:06"},{"nodeID":"1285613","text":"Analysing","type":"YA","timestamp":"2023-11-09 12:35:06"},{"nodeID":"1285614","text":"Anon: Victor Adebowale: Not from a question how do we do this","type":"L","timestamp":"2023-11-09 12:35:06"},{"nodeID":"1285615","text":"Asserting","type":"YA","timestamp":"2023-11-09 12:35:06"},{"nodeID":"1285616","text":"non vaccinated people find out the Government has changed its mind on the media","type":"I","timestamp":"2023-11-09 12:35:06"},{"nodeID":"1285617","text":"Victor Adebowale: on the media","type":"L","timestamp":"2023-11-09 12:35:06"},{"nodeID":"1285618","text":"Analysing","type":"YA","timestamp":"2023-11-09 12:35:06"},{"nodeID":"1285619","text":"Anon: Victor Adebowale: on the media","type":"L","timestamp":"2023-11-09 12:35:06"},{"nodeID":"1285620","text":"Asserting","type":"YA","timestamp":"2023-11-09 12:35:06"},{"nodeID":"1285621","text":"non vaccinated people find out the Government has changed its mind  on the media","type":"I","timestamp":"2023-11-09 12:35:07"},{"nodeID":"1285622","text":"Victor Adebowale: They find out on the media","type":"L","timestamp":"2023-11-09 12:35:07"},{"nodeID":"1285623","text":"Analysing","type":"YA","timestamp":"2023-11-09 12:35:07"},{"nodeID":"1285624","text":"Anon: Victor Adebowale: They find out on the media","type":"L","timestamp":"2023-11-09 12:35:07"},{"nodeID":"1285625","text":"Asserting","type":"YA","timestamp":"2023-11-09 12:35:07"},{"nodeID":"1285626","text":"the Government has to reverse ferret in front of those very staff who have built their trust","type":"I","timestamp":"2023-11-09 12:35:07"},{"nodeID":"1285627","text":"Victor Adebowale: They have to reverse ferret in front of those very staff who have built their trust","type":"L","timestamp":"2023-11-09 12:35:07"},{"nodeID":"1285628","text":"Analysing","type":"YA","timestamp":"2023-11-09 12:35:07"},{"nodeID":"1285629","text":"Anon: Victor Adebowale: They have to reverse ferret in front of those very staff who have built their trust","type":"L","timestamp":"2023-11-09 12:35:07"},{"nodeID":"1285630","text":"Asserting","type":"YA","timestamp":"2023-11-09 12:35:07"},{"nodeID":"1285631","text":"reverse ferret in front of those very staff who have built their trust is not the\u00a0way to do this","type":"I","timestamp":"2023-11-09 12:35:08"},{"nodeID":"1285632","text":"Victor Adebowale: It's not the\u00a0way to do this","type":"L","timestamp":"2023-11-09 12:35:08"},{"nodeID":"1285633","text":"Analysing","type":"YA","timestamp":"2023-11-09 12:35:08"},{"nodeID":"1285634","text":"Anon: Victor Adebowale: It's not the\u00a0way to do this","type":"L","timestamp":"2023-11-09 12:35:08"},{"nodeID":"1285635","text":"Asserting","type":"YA","timestamp":"2023-11-09 12:35:08"},{"nodeID":"1285636","text":"Default Transition","type":"TA","timestamp":"2023-11-09 12:35:08"},{"nodeID":"1285637","text":"Default Transition","type":"TA","timestamp":"2023-11-09 12:35:08"},{"nodeID":"1285638","text":"Default Transition","type":"TA","timestamp":"2023-11-09 12:35:08"},{"nodeID":"1285639","text":"Default Transition","type":"TA","timestamp":"2023-11-09 12:35:08"},{"nodeID":"1285640","text":"Default Transition","type":"TA","timestamp":"2023-11-09 12:35:08"},{"nodeID":"1285641","text":"Default Transition","type":"TA","timestamp":"2023-11-09 12:35:08"},{"nodeID":"1285642","text":"Default Transition","type":"TA","timestamp":"2023-11-09 12:35:08"},{"nodeID":"1285643","text":"Default Transition","type":"TA","timestamp":"2023-11-09 12:35:08"},{"nodeID":"1285644","text":"Default Rephrase","type":"MA","timestamp":"2023-11-09 12:35:08"},{"nodeID":"1285645","text":"Default Transition","type":"TA","timestamp":"2023-11-09 12:35:08"},{"nodeID":"1285646","text":"Restating","type":"YA","timestamp":"2023-11-09 12:35:08"},{"nodeID":"1285647","text":"Default Rephrase","type":"MA","timestamp":"2023-11-09 12:35:08"},{"nodeID":"1285648","text":"Restating","type":"YA","timestamp":"2023-11-09 12:35:08"},{"nodeID":"1285649","text":"Default Rephrase","type":"MA","timestamp":"2023-11-09 12:35:08"},{"nodeID":"1285650","text":"Restating","type":"YA","timestamp":"2023-11-09 12:35:08"},{"nodeID":"1285651","text":"Default Rephrase","type":"MA","timestamp":"2023-11-09 12:35:08"},{"nodeID":"1285652","text":"Restating","type":"YA","timestamp":"2023-11-09 12:35:08"},{"nodeID":"1285653","text":"Default Conflict","type":"CA","timestamp":"2023-11-09 12:35:08"},{"nodeID":"1285654","text":"Disagreeing","type":"YA","timestamp":"2023-11-09 12:35:08"},{"nodeID":"1285655","text":"Default Rephrase","type":"MA","timestamp":"2023-11-09 12:35:08"},{"nodeID":"1285656","text":"Default Inference","type":"RA","timestamp":"2023-11-09 12:35:08"},{"nodeID":"1285657","text":"Default Transition","type":"TA","timestamp":"2023-11-09 12:35:08"},{"nodeID":"1285658","text":"Arguing","type":"YA","timestamp":"2023-11-09 12:35:08"},{"nodeID":"1285659","text":"Default Transition","type":"TA","timestamp":"2023-11-09 12:35:08"},{"nodeID":"1285660","text":"Restating","type":"YA","timestamp":"2023-11-09 12:35:08"}],"edges":[{"edgeID":"1691096","fromID":"1285537","toID":"1285536","formEdgeID":null},{"edgeID":"1691097","fromID":"1285538","toID":"1285537","formEdgeID":null},{"edgeID":"1691098","fromID":"1285536","toID":"1285539","formEdgeID":null},{"edgeID":"1691099","fromID":"1285539","toID":"1285535","formEdgeID":null},{"edgeID":"1691100","fromID":"1285541","toID":"1285540","formEdgeID":null},{"edgeID":"1691101","fromID":"1285542","toID":"1285541","formEdgeID":null},{"edgeID":"1691102","fromID":"1285540","toID":"1285543","formEdgeID":null},{"edgeID":"1691103","fromID":"1285543","toID":"898928","formEdgeID":null},{"edgeID":"1691104","fromID":"1285546","toID":"1285545","formEdgeID":null},{"edgeID":"1691105","fromID":"1285547","toID":"1285546","formEdgeID":null},{"edgeID":"1691106","fromID":"1285545","toID":"1285548","formEdgeID":null},{"edgeID":"1691107","fromID":"1285548","toID":"1285544","formEdgeID":null},{"edgeID":"1691108","fromID":"1285550","toID":"1285549","formEdgeID":null},{"edgeID":"1691109","fromID":"1285551","toID":"1285550","formEdgeID":null},{"edgeID":"1691110","fromID":"1285549","toID":"1285552","formEdgeID":null},{"edgeID":"1691111","fromID":"1285552","toID":"898921","formEdgeID":null},{"edgeID":"1691112","fromID":"1285555","toID":"1285554","formEdgeID":null},{"edgeID":"1691113","fromID":"1285556","toID":"1285555","formEdgeID":null},{"edgeID":"1691114","fromID":"1285554","toID":"1285557","formEdgeID":null},{"edgeID":"1691115","fromID":"1285557","toID":"1285553","formEdgeID":null},{"edgeID":"1691116","fromID":"1285560","toID":"1285559","formEdgeID":null},{"edgeID":"1691117","fromID":"1285561","toID":"1285560","formEdgeID":null},{"edgeID":"1691118","fromID":"1285559","toID":"1285562","formEdgeID":null},{"edgeID":"1691119","fromID":"1285562","toID":"1285558","formEdgeID":null},{"edgeID":"1691120","fromID":"1285565","toID":"1285564","formEdgeID":null},{"edgeID":"1691121","fromID":"1285566","toID":"1285565","formEdgeID":null},{"edgeID":"1691122","fromID":"1285564","toID":"1285567","formEdgeID":null},{"edgeID":"1691123","fromID":"1285567","toID":"1285563","formEdgeID":null},{"edgeID":"1691124","fromID":"1285570","toID":"1285569","formEdgeID":null},{"edgeID":"1691125","fromID":"1285571","toID":"1285570","formEdgeID":null},{"edgeID":"1691126","fromID":"1285569","toID":"1285572","formEdgeID":null},{"edgeID":"1691127","fromID":"1285572","toID":"1285568","formEdgeID":null},{"edgeID":"1691128","fromID":"1285536","toID":"1285573","formEdgeID":null},{"edgeID":"1691129","fromID":"1285573","toID":"1285540","formEdgeID":null},{"edgeID":"1691130","fromID":"1285540","toID":"1285574","formEdgeID":null},{"edgeID":"1691131","fromID":"1285574","toID":"1285545","formEdgeID":null},{"edgeID":"1691132","fromID":"1285549","toID":"1285575","formEdgeID":null},{"edgeID":"1691133","fromID":"1285575","toID":"1285554","formEdgeID":null},{"edgeID":"1691134","fromID":"1285554","toID":"1285576","formEdgeID":null},{"edgeID":"1691135","fromID":"1285576","toID":"1285559","formEdgeID":null},{"edgeID":"1691136","fromID":"1285559","toID":"1285577","formEdgeID":null},{"edgeID":"1691137","fromID":"1285577","toID":"1285564","formEdgeID":null},{"edgeID":"1691138","fromID":"1285564","toID":"1285578","formEdgeID":null},{"edgeID":"1691139","fromID":"1285578","toID":"1285569","formEdgeID":null},{"edgeID":"1691140","fromID":"898921","toID":"1285579","formEdgeID":null},{"edgeID":"1691141","fromID":"1285579","toID":"1285535","formEdgeID":null},{"edgeID":"1691142","fromID":"1285536","toID":"1285580","formEdgeID":null},{"edgeID":"1691143","fromID":"1285580","toID":"1285549","formEdgeID":null},{"edgeID":"1691144","fromID":"1285580","toID":"1285581","formEdgeID":null},{"edgeID":"1691145","fromID":"1285581","toID":"1285579","formEdgeID":null},{"edgeID":"1691146","fromID":"1285558","toID":"1285582","formEdgeID":null},{"edgeID":"1691147","fromID":"1285582","toID":"1285553","formEdgeID":null},{"edgeID":"1691148","fromID":"1285576","toID":"1285583","formEdgeID":null},{"edgeID":"1691149","fromID":"1285583","toID":"1285582","formEdgeID":null},{"edgeID":"1691150","fromID":"1285563","toID":"1285584","formEdgeID":null},{"edgeID":"1691151","fromID":"1285584","toID":"1285558","formEdgeID":null},{"edgeID":"1691152","fromID":"1285577","toID":"1285585","formEdgeID":null},{"edgeID":"1691153","fromID":"1285585","toID":"1285584","formEdgeID":null},{"edgeID":"1691154","fromID":"1285588","toID":"1285587","formEdgeID":null},{"edgeID":"1691155","fromID":"1285589","toID":"1285588","formEdgeID":null},{"edgeID":"1691156","fromID":"1285587","toID":"1285590","formEdgeID":null},{"edgeID":"1691157","fromID":"1285590","toID":"1285586","formEdgeID":null},{"edgeID":"1691158","fromID":"1285593","toID":"1285592","formEdgeID":null},{"edgeID":"1691159","fromID":"1285594","toID":"1285593","formEdgeID":null},{"edgeID":"1691160","fromID":"1285592","toID":"1285595","formEdgeID":null},{"edgeID":"1691161","fromID":"1285595","toID":"1285591","formEdgeID":null},{"edgeID":"1691162","fromID":"1285598","toID":"1285597","formEdgeID":null},{"edgeID":"1691163","fromID":"1285599","toID":"1285598","formEdgeID":null},{"edgeID":"1691164","fromID":"1285597","toID":"1285600","formEdgeID":null},{"edgeID":"1691165","fromID":"1285600","toID":"1285596","formEdgeID":null},{"edgeID":"1691166","fromID":"1285603","toID":"1285602","formEdgeID":null},{"edgeID":"1691167","fromID":"1285604","toID":"1285603","formEdgeID":null},{"edgeID":"1691168","fromID":"1285602","toID":"1285605","formEdgeID":null},{"edgeID":"1691169","fromID":"1285605","toID":"1285601","formEdgeID":null},{"edgeID":"1691170","fromID":"1285608","toID":"1285607","formEdgeID":null},{"edgeID":"1691171","fromID":"1285609","toID":"1285608","formEdgeID":null},{"edgeID":"1691172","fromID":"1285607","toID":"1285610","formEdgeID":null},{"edgeID":"1691173","fromID":"1285610","toID":"1285606","formEdgeID":null},{"edgeID":"1691174","fromID":"1285613","toID":"1285612","formEdgeID":null},{"edgeID":"1691175","fromID":"1285614","toID":"1285613","formEdgeID":null},{"edgeID":"1691176","fromID":"1285612","toID":"1285615","formEdgeID":null},{"edgeID":"1691177","fromID":"1285615","toID":"1285611","formEdgeID":null},{"edgeID":"1691178","fromID":"1285618","toID":"1285617","formEdgeID":null},{"edgeID":"1691179","fromID":"1285619","toID":"1285618","formEdgeID":null},{"edgeID":"1691180","fromID":"1285617","toID":"1285620","formEdgeID":null},{"edgeID":"1691181","fromID":"1285620","toID":"1285616","formEdgeID":null},{"edgeID":"1691182","fromID":"1285623","toID":"1285622","formEdgeID":null},{"edgeID":"1691183","fromID":"1285624","toID":"1285623","formEdgeID":null},{"edgeID":"1691184","fromID":"1285622","toID":"1285625","formEdgeID":null},{"edgeID":"1691185","fromID":"1285625","toID":"1285621","formEdgeID":null},{"edgeID":"1691186","fromID":"1285628","toID":"1285627","formEdgeID":null},{"edgeID":"1691187","fromID":"1285629","toID":"1285628","formEdgeID":null},{"edgeID":"1691188","fromID":"1285627","toID":"1285630","formEdgeID":null},{"edgeID":"1691189","fromID":"1285630","toID":"1285626","formEdgeID":null},{"edgeID":"1691190","fromID":"1285633","toID":"1285632","formEdgeID":null},{"edgeID":"1691191","fromID":"1285634","toID":"1285633","formEdgeID":null},{"edgeID":"1691192","fromID":"1285632","toID":"1285635","formEdgeID":null},{"edgeID":"1691193","fromID":"1285635","toID":"1285631","formEdgeID":null},{"edgeID":"1691194","fromID":"1285569","toID":"1285636","formEdgeID":null},{"edgeID":"1691195","fromID":"1285636","toID":"1285587","formEdgeID":null},{"edgeID":"1691196","fromID":"1285587","toID":"1285637","formEdgeID":null},{"edgeID":"1691197","fromID":"1285637","toID":"1285592","formEdgeID":null},{"edgeID":"1691198","fromID":"1285597","toID":"1285638","formEdgeID":null},{"edgeID":"1691199","fromID":"1285638","toID":"1285602","formEdgeID":null},{"edgeID":"1691200","fromID":"1285602","toID":"1285639","formEdgeID":null},{"edgeID":"1691201","fromID":"1285639","toID":"1285607","formEdgeID":null},{"edgeID":"1691202","fromID":"1285607","toID":"1285640","formEdgeID":null},{"edgeID":"1691203","fromID":"1285640","toID":"1285612","formEdgeID":null},{"edgeID":"1691204","fromID":"1285612","toID":"1285641","formEdgeID":null},{"edgeID":"1691205","fromID":"1285641","toID":"1285617","formEdgeID":null},{"edgeID":"1691206","fromID":"1285617","toID":"1285642","formEdgeID":null},{"edgeID":"1691207","fromID":"1285642","toID":"1285622","formEdgeID":null},{"edgeID":"1691208","fromID":"1285627","toID":"1285643","formEdgeID":null},{"edgeID":"1691209","fromID":"1285643","toID":"1285632","formEdgeID":null},{"edgeID":"1691210","fromID":"1285596","toID":"1285644","formEdgeID":null},{"edgeID":"1691211","fromID":"1285644","toID":"1285586","formEdgeID":null},{"edgeID":"1691212","fromID":"1285587","toID":"1285645","formEdgeID":null},{"edgeID":"1691213","fromID":"1285645","toID":"1285597","formEdgeID":null},{"edgeID":"1691214","fromID":"1285645","toID":"1285646","formEdgeID":null},{"edgeID":"1691215","fromID":"1285646","toID":"1285644","formEdgeID":null},{"edgeID":"1691216","fromID":"1285611","toID":"1285647","formEdgeID":null},{"edgeID":"1691217","fromID":"1285647","toID":"1285606","formEdgeID":null},{"edgeID":"1691218","fromID":"1285640","toID":"1285648","formEdgeID":null},{"edgeID":"1691219","fromID":"1285648","toID":"1285647","formEdgeID":null},{"edgeID":"1691220","fromID":"1285616","toID":"1285649","formEdgeID":null},{"edgeID":"1691221","fromID":"1285649","toID":"1285611","formEdgeID":null},{"edgeID":"1691222","fromID":"1285641","toID":"1285650","formEdgeID":null},{"edgeID":"1691223","fromID":"1285650","toID":"1285649","formEdgeID":null},{"edgeID":"1691224","fromID":"1285621","toID":"1285651","formEdgeID":null},{"edgeID":"1691225","fromID":"1285651","toID":"1285616","formEdgeID":null},{"edgeID":"1691226","fromID":"1285642","toID":"1285652","formEdgeID":null},{"edgeID":"1691227","fromID":"1285652","toID":"1285651","formEdgeID":null},{"edgeID":"1691228","fromID":"1285631","toID":"1285653","formEdgeID":null},{"edgeID":"1691229","fromID":"1285653","toID":"1285626","formEdgeID":null},{"edgeID":"1691230","fromID":"1285643","toID":"1285654","formEdgeID":null},{"edgeID":"1691231","fromID":"1285654","toID":"1285653","formEdgeID":null},{"edgeID":"1691232","fromID":"1285626","toID":"1285655","formEdgeID":null},{"edgeID":"1691233","fromID":"1285655","toID":"1285563","formEdgeID":null},{"edgeID":"1691234","fromID":"1285568","toID":"1285656","formEdgeID":null},{"edgeID":"1691235","fromID":"1285656","toID":"1285631","formEdgeID":null},{"edgeID":"1691236","fromID":"1285569","toID":"1285657","formEdgeID":null},{"edgeID":"1691237","fromID":"1285657","toID":"1285632","formEdgeID":null},{"edgeID":"1691238","fromID":"1285658","toID":"1285656","formEdgeID":null},{"edgeID":"1691239","fromID":"1285657","toID":"1285658","formEdgeID":null},{"edgeID":"1691240","fromID":"1285564","toID":"1285659","formEdgeID":null},{"edgeID":"1691241","fromID":"1285659","toID":"1285627","formEdgeID":null},{"edgeID":"1691242","fromID":"1285659","toID":"1285660","formEdgeID":null},{"edgeID":"1691243","fromID":"1285660","toID":"1285655","formEdgeID":null}],"locutions":[]}