{"nodes":[{"nodeID":"898829","text":"200 pounds off all the bills, and 350 pounds combined to all the other measures that have been taken to address the cost of living is the right balance","type":"I","timestamp":"2022-02-10 21:17:33"},{"nodeID":"1283913","text":"Crispin Blunt is or is not sure the government's measures of 200 pounds off bills, are for everybody","type":"I","timestamp":"2023-11-09 12:32:38"},{"nodeID":"1283914","text":"Fiona Bruce: Are you happen that's 200 pounds off bills for everybody","type":"L","timestamp":"2023-11-09 12:32:38"},{"nodeID":"1283915","text":"Analysing","type":"YA","timestamp":"2023-11-09 12:32:38"},{"nodeID":"1283916","text":"Ella: Fiona Bruce: Are you happen that's 200 pounds off bills for everybody","type":"L","timestamp":"2023-11-09 12:32:38"},{"nodeID":"1283917","text":"Pure Questioning","type":"YA","timestamp":"2023-11-09 12:32:38"},{"nodeID":"1283918","text":"the measures are or are not targeted","type":"I","timestamp":"2023-11-09 12:32:38"},{"nodeID":"1283919","text":"Fiona Bruce: That's not targeted","type":"L","timestamp":"2023-11-09 12:32:38"},{"nodeID":"1283920","text":"Analysing","type":"YA","timestamp":"2023-11-09 12:32:38"},{"nodeID":"1283921","text":"Ella: Fiona Bruce: That's not targeted","type":"L","timestamp":"2023-11-09 12:32:38"},{"nodeID":"1283922","text":"Pure Questioning","type":"YA","timestamp":"2023-11-09 12:32:38"},{"nodeID":"1283923","text":"Default Transition","type":"TA","timestamp":"2023-11-09 12:32:38"},{"nodeID":"1283924","text":"the 200 pounds are or are not off bills for everybody","type":"I","timestamp":"2023-11-09 12:32:39"},{"nodeID":"1283925","text":"Fiona Bruce: That's bills for everybody","type":"L","timestamp":"2023-11-09 12:32:39"},{"nodeID":"1283926","text":"Analysing","type":"YA","timestamp":"2023-11-09 12:32:39"},{"nodeID":"1283927","text":"Ella: Fiona Bruce: That's bills for everybody","type":"L","timestamp":"2023-11-09 12:32:39"},{"nodeID":"1283928","text":"Pure Questioning","type":"YA","timestamp":"2023-11-09 12:32:39"},{"nodeID":"1283929","text":"Default Transition","type":"TA","timestamp":"2023-11-09 12:32:39"},{"nodeID":"1283930","text":"Default Rephrase","type":"MA","timestamp":"2023-11-09 12:32:39"},{"nodeID":"1283931","text":"Default Rephrase","type":"MA","timestamp":"2023-11-09 12:32:39"},{"nodeID":"1283932","text":"Restating","type":"YA","timestamp":"2023-11-09 12:32:39"},{"nodeID":"1283933","text":"Restating","type":"YA","timestamp":"2023-11-09 12:32:39"},{"nodeID":"1283934","text":"yes, the measures are not targeted","type":"I","timestamp":"2023-11-09 12:32:39"},{"nodeID":"1283935","text":"Crispin Blunt: Yes","type":"L","timestamp":"2023-11-09 12:32:39"},{"nodeID":"1283936","text":"Analysing","type":"YA","timestamp":"2023-11-09 12:32:39"},{"nodeID":"1283937","text":"Ella: Crispin Blunt: Yes","type":"L","timestamp":"2023-11-09 12:32:39"},{"nodeID":"1283938","text":"Asserting","type":"YA","timestamp":"2023-11-09 12:32:39"},{"nodeID":"1283939","text":"Default Rephrase","type":"MA","timestamp":"2023-11-09 12:32:39"},{"nodeID":"1283940","text":"Default Transition","type":"TA","timestamp":"2023-11-09 12:32:39"},{"nodeID":"1283941","text":"Default Illocuting","type":"YA","timestamp":"2023-11-09 12:32:39"},{"nodeID":"1283942","text":"that money will be clawed back","type":"I","timestamp":"2023-11-09 12:32:40"},{"nodeID":"1283943","text":"Crispin Blunt: that money will be clawed back","type":"L","timestamp":"2023-11-09 12:32:40"},{"nodeID":"1283944","text":"Analysing","type":"YA","timestamp":"2023-11-09 12:32:40"},{"nodeID":"1283945","text":"Ella: Crispin Blunt: that money will be clawed back","type":"L","timestamp":"2023-11-09 12:32:40"},{"nodeID":"1283946","text":"Asserting","type":"YA","timestamp":"2023-11-09 12:32:40"},{"nodeID":"1283947","text":"the money for measures will be like 'buy now, pay later'","type":"I","timestamp":"2023-11-09 12:32:41"},{"nodeID":"1283948","text":"Crispin Blunt: buy now it pay later","type":"L","timestamp":"2023-11-09 12:32:41"},{"nodeID":"1283949","text":"Analysing","type":"YA","timestamp":"2023-11-09 12:32:41"},{"nodeID":"1283950","text":"Ella: Crispin Blunt: buy now it pay later","type":"L","timestamp":"2023-11-09 12:32:41"},{"nodeID":"1283951","text":"Asserting","type":"YA","timestamp":"2023-11-09 12:32:41"},{"nodeID":"1283952","text":"Default Transition","type":"TA","timestamp":"2023-11-09 12:32:41"},{"nodeID":"1283953","text":"Default Transition","type":"TA","timestamp":"2023-11-09 12:32:41"},{"nodeID":"1283954","text":"Default Conflict","type":"CA","timestamp":"2023-11-09 12:32:41"},{"nodeID":"1283955","text":"Disagreeing","type":"YA","timestamp":"2023-11-09 12:32:41"},{"nodeID":"1283956","text":"Default Rephrase","type":"MA","timestamp":"2023-11-09 12:32:41"},{"nodeID":"1283957","text":"Restating","type":"YA","timestamp":"2023-11-09 12:32:41"},{"nodeID":"1283958","text":"this is a massive global rise in gas prices which has seen the energy prices go to the wall","type":"I","timestamp":"2023-11-09 12:32:41"},{"nodeID":"1283959","text":"Crispin Blunt: This is a massive global rise in gas prices which has seen the energy prices go to the wall","type":"L","timestamp":"2023-11-09 12:32:41"},{"nodeID":"1283960","text":"Analysing","type":"YA","timestamp":"2023-11-09 12:32:41"},{"nodeID":"1283961","text":"Ella: Crispin Blunt: This is a massive global rise in gas prices which has seen the energy prices go to the wall","type":"L","timestamp":"2023-11-09 12:32:41"},{"nodeID":"1283962","text":"Asserting","type":"YA","timestamp":"2023-11-09 12:32:41"},{"nodeID":"1283963","text":"business models were not capable of coping with energy prices going up the wall","type":"I","timestamp":"2023-11-09 12:32:42"},{"nodeID":"1283964","text":"Crispin Blunt: business models were not capable of coping with that","type":"L","timestamp":"2023-11-09 12:32:42"},{"nodeID":"1283965","text":"Analysing","type":"YA","timestamp":"2023-11-09 12:32:42"},{"nodeID":"1283966","text":"Ella: Crispin Blunt: business models were not capable of coping with that","type":"L","timestamp":"2023-11-09 12:32:42"},{"nodeID":"1283967","text":"Asserting","type":"YA","timestamp":"2023-11-09 12:32:42"},{"nodeID":"1283968","text":"we are in a position where we are going to have to learn to absorb this cost of energy","type":"I","timestamp":"2023-11-09 12:32:42"},{"nodeID":"1283969","text":"Crispin Blunt: We are in a position where we are going to have to learn to absorb this cost of energy","type":"L","timestamp":"2023-11-09 12:32:42"},{"nodeID":"1283970","text":"Analysing","type":"YA","timestamp":"2023-11-09 12:32:42"},{"nodeID":"1283971","text":"Ella: Crispin Blunt: We are in a position where we are going to have to learn to absorb this cost of energy","type":"L","timestamp":"2023-11-09 12:32:42"},{"nodeID":"1283972","text":"Asserting","type":"YA","timestamp":"2023-11-09 12:32:42"},{"nodeID":"1283973","text":"hopefully, this is a shock to the system for a relatively short period before the gas prices come down to something that's more normal","type":"I","timestamp":"2023-11-09 12:32:43"},{"nodeID":"1283974","text":"Crispin Blunt: Hopefully, this is a shock to the system for a relatively short period before the gas prices come down to something that's more normal","type":"L","timestamp":"2023-11-09 12:32:43"},{"nodeID":"1283975","text":"Analysing","type":"YA","timestamp":"2023-11-09 12:32:43"},{"nodeID":"1283976","text":"Ella: Crispin Blunt: Hopefully, this is a shock to the system for a relatively short period before the gas prices come down to something that's more normal","type":"L","timestamp":"2023-11-09 12:32:43"},{"nodeID":"1283977","text":"Asserting","type":"YA","timestamp":"2023-11-09 12:32:43"},{"nodeID":"1283978","text":"we don't know that the prices will become more normal yet","type":"I","timestamp":"2023-11-09 12:32:44"},{"nodeID":"1283979","text":"Crispin Blunt: We don't know that yet","type":"L","timestamp":"2023-11-09 12:32:44"},{"nodeID":"1283980","text":"Analysing","type":"YA","timestamp":"2023-11-09 12:32:44"},{"nodeID":"1283981","text":"Ella: Crispin Blunt: We don't know that yet","type":"L","timestamp":"2023-11-09 12:32:44"},{"nodeID":"1283982","text":"Asserting","type":"YA","timestamp":"2023-11-09 12:32:44"},{"nodeID":"1283983","text":"Default Transition","type":"TA","timestamp":"2023-11-09 12:32:44"},{"nodeID":"1283984","text":"Default Transition","type":"TA","timestamp":"2023-11-09 12:32:44"},{"nodeID":"1283985","text":"Default Transition","type":"TA","timestamp":"2023-11-09 12:32:44"},{"nodeID":"1283986","text":"Default Transition","type":"TA","timestamp":"2023-11-09 12:32:44"},{"nodeID":"1283987","text":"Default Transition","type":"TA","timestamp":"2023-11-09 12:32:44"},{"nodeID":"1283988","text":"Default Conflict","type":"CA","timestamp":"2023-11-09 12:32:44"},{"nodeID":"1283989","text":"Disagreeing","type":"YA","timestamp":"2023-11-09 12:32:44"},{"nodeID":"1283990","text":"the Government has come up with the right policy","type":"I","timestamp":"2023-11-09 12:32:44"},{"nodeID":"1283991","text":"Crispin Blunt: the Government has come up with the right policy","type":"L","timestamp":"2023-11-09 12:32:44"},{"nodeID":"1283992","text":"Analysing","type":"YA","timestamp":"2023-11-09 12:32:44"},{"nodeID":"1283993","text":"Ella: Crispin Blunt: the Government has come up with the right policy","type":"L","timestamp":"2023-11-09 12:32:44"},{"nodeID":"1283994","text":"Asserting","type":"YA","timestamp":"2023-11-09 12:32:44"},{"nodeID":"1283995","text":"a balance between 150 pounds targeted at houses that are at the bottom end of the Council tax bands","type":"I","timestamp":"2023-11-09 12:32:45"},{"nodeID":"1283996","text":"Crispin Blunt: a balance between 150 pounds targeted at houses that are at the bottom end of the Council tax bands","type":"L","timestamp":"2023-11-09 12:32:45"},{"nodeID":"1283997","text":"Analysing","type":"YA","timestamp":"2023-11-09 12:32:45"},{"nodeID":"1283998","text":"Ella: Crispin Blunt: a balance between 150 pounds targeted at houses that are at the bottom end of the Council tax bands","type":"L","timestamp":"2023-11-09 12:32:45"},{"nodeID":"1283999","text":"Asserting","type":"YA","timestamp":"2023-11-09 12:32:45"},{"nodeID":"1284000","text":"Crispin Blunt: 200 pounds off all the bills, and 350 pounds combined to all the other measures that have been taken to address the cost of living is the right balance","type":"L","timestamp":"2023-11-09 12:32:46"},{"nodeID":"1284001","text":"Analysing","type":"YA","timestamp":"2023-11-09 12:32:46"},{"nodeID":"1284002","text":"Ella: Crispin Blunt: 200 pounds off all the bills, and 350 pounds combined to all the other measures that have been taken to address the cost of living is the right balance","type":"L","timestamp":"2023-11-09 12:32:46"},{"nodeID":"1284003","text":"Asserting","type":"YA","timestamp":"2023-11-09 12:32:46"},{"nodeID":"1284004","text":"Default Transition","type":"TA","timestamp":"2023-11-09 12:32:46"},{"nodeID":"1284005","text":"Default Rephrase","type":"MA","timestamp":"2023-11-09 12:32:46"},{"nodeID":"1284006","text":"Default Transition","type":"TA","timestamp":"2023-11-09 12:32:46"},{"nodeID":"1284007","text":"Restating","type":"YA","timestamp":"2023-11-09 12:32:46"},{"nodeID":"1284008","text":"Default Rephrase","type":"MA","timestamp":"2023-11-09 12:32:46"},{"nodeID":"1284009","text":"Default Transition","type":"TA","timestamp":"2023-11-09 12:32:46"},{"nodeID":"1284010","text":"Restating","type":"YA","timestamp":"2023-11-09 12:32:46"}],"edges":[{"edgeID":"1689132","fromID":"1283915","toID":"1283914","formEdgeID":null},{"edgeID":"1689133","fromID":"1283916","toID":"1283915","formEdgeID":null},{"edgeID":"1689134","fromID":"1283914","toID":"1283917","formEdgeID":null},{"edgeID":"1689135","fromID":"1283917","toID":"1283913","formEdgeID":null},{"edgeID":"1689136","fromID":"1283920","toID":"1283919","formEdgeID":null},{"edgeID":"1689137","fromID":"1283921","toID":"1283920","formEdgeID":null},{"edgeID":"1689138","fromID":"1283919","toID":"1283922","formEdgeID":null},{"edgeID":"1689139","fromID":"1283922","toID":"1283918","formEdgeID":null},{"edgeID":"1689140","fromID":"1283914","toID":"1283923","formEdgeID":null},{"edgeID":"1689141","fromID":"1283923","toID":"1283919","formEdgeID":null},{"edgeID":"1689142","fromID":"1283926","toID":"1283925","formEdgeID":null},{"edgeID":"1689143","fromID":"1283927","toID":"1283926","formEdgeID":null},{"edgeID":"1689144","fromID":"1283925","toID":"1283928","formEdgeID":null},{"edgeID":"1689145","fromID":"1283928","toID":"1283924","formEdgeID":null},{"edgeID":"1689146","fromID":"1283919","toID":"1283929","formEdgeID":null},{"edgeID":"1689147","fromID":"1283929","toID":"1283925","formEdgeID":null},{"edgeID":"1689148","fromID":"1283918","toID":"1283930","formEdgeID":null},{"edgeID":"1689149","fromID":"1283930","toID":"1283913","formEdgeID":null},{"edgeID":"1689150","fromID":"1283924","toID":"1283931","formEdgeID":null},{"edgeID":"1689151","fromID":"1283931","toID":"1283918","formEdgeID":null},{"edgeID":"1689152","fromID":"1283923","toID":"1283932","formEdgeID":null},{"edgeID":"1689153","fromID":"1283932","toID":"1283930","formEdgeID":null},{"edgeID":"1689154","fromID":"1283929","toID":"1283933","formEdgeID":null},{"edgeID":"1689155","fromID":"1283933","toID":"1283931","formEdgeID":null},{"edgeID":"1689156","fromID":"1283936","toID":"1283935","formEdgeID":null},{"edgeID":"1689157","fromID":"1283937","toID":"1283936","formEdgeID":null},{"edgeID":"1689158","fromID":"1283935","toID":"1283938","formEdgeID":null},{"edgeID":"1689159","fromID":"1283938","toID":"1283934","formEdgeID":null},{"edgeID":"1689160","fromID":"1283934","toID":"1283939","formEdgeID":null},{"edgeID":"1689161","fromID":"1283939","toID":"1283913","formEdgeID":null},{"edgeID":"1689162","fromID":"1283914","toID":"1283940","formEdgeID":null},{"edgeID":"1689163","fromID":"1283940","toID":"1283935","formEdgeID":null},{"edgeID":"1689164","fromID":"1283940","toID":"1283941","formEdgeID":null},{"edgeID":"1689165","fromID":"1283941","toID":"1283939","formEdgeID":null},{"edgeID":"1689166","fromID":"1283944","toID":"1283943","formEdgeID":null},{"edgeID":"1689167","fromID":"1283945","toID":"1283944","formEdgeID":null},{"edgeID":"1689168","fromID":"1283943","toID":"1283946","formEdgeID":null},{"edgeID":"1689169","fromID":"1283946","toID":"1283942","formEdgeID":null},{"edgeID":"1689170","fromID":"1283949","toID":"1283948","formEdgeID":null},{"edgeID":"1689171","fromID":"1283950","toID":"1283949","formEdgeID":null},{"edgeID":"1689172","fromID":"1283948","toID":"1283951","formEdgeID":null},{"edgeID":"1689173","fromID":"1283951","toID":"1283947","formEdgeID":null},{"edgeID":"1689174","fromID":"1283935","toID":"1283952","formEdgeID":null},{"edgeID":"1689175","fromID":"1283952","toID":"1283943","formEdgeID":null},{"edgeID":"1689176","fromID":"1283943","toID":"1283953","formEdgeID":null},{"edgeID":"1689177","fromID":"1283953","toID":"1283948","formEdgeID":null},{"edgeID":"1689178","fromID":"1283942","toID":"1283954","formEdgeID":null},{"edgeID":"1689179","fromID":"1283954","toID":"1283934","formEdgeID":null},{"edgeID":"1689180","fromID":"1283952","toID":"1283955","formEdgeID":null},{"edgeID":"1689181","fromID":"1283955","toID":"1283954","formEdgeID":null},{"edgeID":"1689182","fromID":"1283947","toID":"1283956","formEdgeID":null},{"edgeID":"1689183","fromID":"1283956","toID":"1283942","formEdgeID":null},{"edgeID":"1689184","fromID":"1283953","toID":"1283957","formEdgeID":null},{"edgeID":"1689185","fromID":"1283957","toID":"1283956","formEdgeID":null},{"edgeID":"1689186","fromID":"1283960","toID":"1283959","formEdgeID":null},{"edgeID":"1689187","fromID":"1283961","toID":"1283960","formEdgeID":null},{"edgeID":"1689188","fromID":"1283959","toID":"1283962","formEdgeID":null},{"edgeID":"1689189","fromID":"1283962","toID":"1283958","formEdgeID":null},{"edgeID":"1689190","fromID":"1283965","toID":"1283964","formEdgeID":null},{"edgeID":"1689191","fromID":"1283966","toID":"1283965","formEdgeID":null},{"edgeID":"1689192","fromID":"1283964","toID":"1283967","formEdgeID":null},{"edgeID":"1689193","fromID":"1283967","toID":"1283963","formEdgeID":null},{"edgeID":"1689194","fromID":"1283970","toID":"1283969","formEdgeID":null},{"edgeID":"1689195","fromID":"1283971","toID":"1283970","formEdgeID":null},{"edgeID":"1689196","fromID":"1283969","toID":"1283972","formEdgeID":null},{"edgeID":"1689197","fromID":"1283972","toID":"1283968","formEdgeID":null},{"edgeID":"1689198","fromID":"1283975","toID":"1283974","formEdgeID":null},{"edgeID":"1689199","fromID":"1283976","toID":"1283975","formEdgeID":null},{"edgeID":"1689200","fromID":"1283974","toID":"1283977","formEdgeID":null},{"edgeID":"1689201","fromID":"1283977","toID":"1283973","formEdgeID":null},{"edgeID":"1689202","fromID":"1283980","toID":"1283979","formEdgeID":null},{"edgeID":"1689203","fromID":"1283981","toID":"1283980","formEdgeID":null},{"edgeID":"1689204","fromID":"1283979","toID":"1283982","formEdgeID":null},{"edgeID":"1689205","fromID":"1283982","toID":"1283978","formEdgeID":null},{"edgeID":"1689206","fromID":"1283948","toID":"1283983","formEdgeID":null},{"edgeID":"1689207","fromID":"1283983","toID":"1283959","formEdgeID":null},{"edgeID":"1689208","fromID":"1283959","toID":"1283984","formEdgeID":null},{"edgeID":"1689209","fromID":"1283984","toID":"1283964","formEdgeID":null},{"edgeID":"1689210","fromID":"1283964","toID":"1283985","formEdgeID":null},{"edgeID":"1689211","fromID":"1283985","toID":"1283969","formEdgeID":null},{"edgeID":"1689212","fromID":"1283969","toID":"1283986","formEdgeID":null},{"edgeID":"1689213","fromID":"1283986","toID":"1283974","formEdgeID":null},{"edgeID":"1689214","fromID":"1283974","toID":"1283987","formEdgeID":null},{"edgeID":"1689215","fromID":"1283987","toID":"1283979","formEdgeID":null},{"edgeID":"1689216","fromID":"1283978","toID":"1283988","formEdgeID":null},{"edgeID":"1689217","fromID":"1283988","toID":"1283973","formEdgeID":null},{"edgeID":"1689218","fromID":"1283987","toID":"1283989","formEdgeID":null},{"edgeID":"1689219","fromID":"1283989","toID":"1283988","formEdgeID":null},{"edgeID":"1689220","fromID":"1283992","toID":"1283991","formEdgeID":null},{"edgeID":"1689221","fromID":"1283993","toID":"1283992","formEdgeID":null},{"edgeID":"1689222","fromID":"1283991","toID":"1283994","formEdgeID":null},{"edgeID":"1689223","fromID":"1283994","toID":"1283990","formEdgeID":null},{"edgeID":"1689224","fromID":"1283997","toID":"1283996","formEdgeID":null},{"edgeID":"1689225","fromID":"1283998","toID":"1283997","formEdgeID":null},{"edgeID":"1689226","fromID":"1283996","toID":"1283999","formEdgeID":null},{"edgeID":"1689227","fromID":"1283999","toID":"1283995","formEdgeID":null},{"edgeID":"1689228","fromID":"1284001","toID":"1284000","formEdgeID":null},{"edgeID":"1689229","fromID":"1284002","toID":"1284001","formEdgeID":null},{"edgeID":"1689230","fromID":"1284000","toID":"1284003","formEdgeID":null},{"edgeID":"1689231","fromID":"1284003","toID":"898829","formEdgeID":null},{"edgeID":"1689232","fromID":"1283979","toID":"1284004","formEdgeID":null},{"edgeID":"1689233","fromID":"1284004","toID":"1283991","formEdgeID":null},{"edgeID":"1689234","fromID":"1283995","toID":"1284005","formEdgeID":null},{"edgeID":"1689235","fromID":"1284005","toID":"1283990","formEdgeID":null},{"edgeID":"1689236","fromID":"1283991","toID":"1284006","formEdgeID":null},{"edgeID":"1689237","fromID":"1284006","toID":"1283996","formEdgeID":null},{"edgeID":"1689238","fromID":"1284006","toID":"1284007","formEdgeID":null},{"edgeID":"1689239","fromID":"1284007","toID":"1284005","formEdgeID":null},{"edgeID":"1689240","fromID":"898829","toID":"1284008","formEdgeID":null},{"edgeID":"1689241","fromID":"1284008","toID":"1283990","formEdgeID":null},{"edgeID":"1689242","fromID":"1283991","toID":"1284009","formEdgeID":null},{"edgeID":"1689243","fromID":"1284009","toID":"1284000","formEdgeID":null},{"edgeID":"1689244","fromID":"1284009","toID":"1284010","formEdgeID":null},{"edgeID":"1689245","fromID":"1284010","toID":"1284008","formEdgeID":null}],"locutions":[]}