{"nodes":[{"nodeID":"899064","text":"you are again less likely to be infectious for a prolonged period of time","type":"I","timestamp":"2022-02-10 21:18:58"},{"nodeID":"1286433","text":"xxx is what it is about this idea then that you feel you know what's best for you","type":"I","timestamp":"2023-11-09 12:36:17"},{"nodeID":"1286434","text":"Fiona Bruce: Robin what about this idea then as you were saying, and you feel you know what's best for you","type":"L","timestamp":"2023-11-09 12:36:17"},{"nodeID":"1286435","text":"Analysing","type":"YA","timestamp":"2023-11-09 12:36:17"},{"nodeID":"1286436","text":"Anna : Fiona Bruce: Robin what about this idea then as you were saying, and you feel you know what's best for you","type":"L","timestamp":"2023-11-09 12:36:17"},{"nodeID":"1286437","text":"Pure Questioning","type":"YA","timestamp":"2023-11-09 12:36:17"},{"nodeID":"1286438","text":"we have heard talk about natural immunity as well","type":"I","timestamp":"2023-11-09 12:36:18"},{"nodeID":"1286439","text":"Fiona Bruce: and we have heard talk about natural immunity as well","type":"L","timestamp":"2023-11-09 12:36:18"},{"nodeID":"1286440","text":"Analysing","type":"YA","timestamp":"2023-11-09 12:36:18"},{"nodeID":"1286441","text":"Anna : Fiona Bruce: and we have heard talk about natural immunity as well","type":"L","timestamp":"2023-11-09 12:36:18"},{"nodeID":"1286442","text":"Asserting","type":"YA","timestamp":"2023-11-09 12:36:18"},{"nodeID":"1286443","text":"the issue here is it's not just about personal choice","type":"I","timestamp":"2023-11-09 12:36:18"},{"nodeID":"1286444","text":"Robin Shattock:  So I think the issue here is it's not just about personal choice","type":"L","timestamp":"2023-11-09 12:36:18"},{"nodeID":"1286445","text":"Analysing","type":"YA","timestamp":"2023-11-09 12:36:18"},{"nodeID":"1286446","text":"Anna : Robin Shattock:  So I think the issue here is it's not just about personal choice,","type":"L","timestamp":"2023-11-09 12:36:18"},{"nodeID":"1286447","text":"Asserting","type":"YA","timestamp":"2023-11-09 12:36:18"},{"nodeID":"1286448","text":"Robin Shattock respects personal choice, and of course, you can make your own decisions","type":"I","timestamp":"2023-11-09 12:36:19"},{"nodeID":"1286449","text":"Robin Shattock: I respect personal choice, and of course, you can make your own decisions","type":"L","timestamp":"2023-11-09 12:36:19"},{"nodeID":"1286450","text":"Analysing","type":"YA","timestamp":"2023-11-09 12:36:19"},{"nodeID":"1286451","text":"Anna : Robin Shattock: I respect personal choice, and of course, you can make your own decisions","type":"L","timestamp":"2023-11-09 12:36:19"},{"nodeID":"1286452","text":"Asserting","type":"YA","timestamp":"2023-11-09 12:36:19"},{"nodeID":"1286453","text":"it's a bit like people wearing masks in the audience","type":"I","timestamp":"2023-11-09 12:36:20"},{"nodeID":"1286454","text":"Robin Shattock: But it's a bit like people wearing masks in the audience","type":"L","timestamp":"2023-11-09 12:36:20"},{"nodeID":"1286455","text":"Analysing","type":"YA","timestamp":"2023-11-09 12:36:20"},{"nodeID":"1286456","text":"Anna : Robin Shattock: But it's a bit like people wearing masks in the audience","type":"L","timestamp":"2023-11-09 12:36:20"},{"nodeID":"1286457","text":"Asserting","type":"YA","timestamp":"2023-11-09 12:36:20"},{"nodeID":"1286458","text":"you are not just getting vaccinated to ensure your own health","type":"I","timestamp":"2023-11-09 12:36:20"},{"nodeID":"1286459","text":"Robin Shattock: You are not just getting vaccinated to ensure your own health","type":"L","timestamp":"2023-11-09 12:36:20"},{"nodeID":"1286460","text":"Analysing","type":"YA","timestamp":"2023-11-09 12:36:20"},{"nodeID":"1286461","text":"Anna : Robin Shattock: You are not just getting vaccinated to ensure your own health","type":"L","timestamp":"2023-11-09 12:36:20"},{"nodeID":"1286462","text":"Asserting","type":"YA","timestamp":"2023-11-09 12:36:20"},{"nodeID":"1286463","text":"it's about ensuring everybody else's health","type":"I","timestamp":"2023-11-09 12:36:21"},{"nodeID":"1286464","text":"Robin Shattock: It's about ensuring everybody else's health","type":"L","timestamp":"2023-11-09 12:36:21"},{"nodeID":"1286465","text":"Analysing","type":"YA","timestamp":"2023-11-09 12:36:21"},{"nodeID":"1286466","text":"Anna : Robin Shattock: It's about ensuring everybody else's health","type":"L","timestamp":"2023-11-09 12:36:21"},{"nodeID":"1286467","text":"Asserting","type":"YA","timestamp":"2023-11-09 12:36:21"},{"nodeID":"1286468","text":"if you were vaccinated you would be much less likely to get reinfected and much more less likely to pass it on to others","type":"I","timestamp":"2023-11-09 12:36:21"},{"nodeID":"1286469","text":"Robin Shattock: So if you were vaccinated you would be much less likely to get reinfected and much more less likely to pass it on to others","type":"L","timestamp":"2023-11-09 12:36:21"},{"nodeID":"1286470","text":"Analysing","type":"YA","timestamp":"2023-11-09 12:36:21"},{"nodeID":"1286471","text":"Anna : Robin Shattock: So if you were vaccinated you would be much less likely to get reinfected and much more less likely to pass it on to others","type":"L","timestamp":"2023-11-09 12:36:21"},{"nodeID":"1286472","text":"Asserting","type":"YA","timestamp":"2023-11-09 12:36:21"},{"nodeID":"1286473","text":"it only works where everybody contributes to reducing transmission in the community","type":"I","timestamp":"2023-11-09 12:36:22"},{"nodeID":"1286474","text":"Robin Shattock:  It only works where everybody contributes to reducing transmission in the community","type":"L","timestamp":"2023-11-09 12:36:22"},{"nodeID":"1286475","text":"Analysing","type":"YA","timestamp":"2023-11-09 12:36:22"},{"nodeID":"1286476","text":"Anna : Robin Shattock:  It only works where everybody contributes to reducing transmission in the community","type":"L","timestamp":"2023-11-09 12:36:22"},{"nodeID":"1286477","text":"Asserting","type":"YA","timestamp":"2023-11-09 12:36:22"},{"nodeID":"1286478","text":"the difficulty with natural immunity is if you have had Covid you don't know how good an immune response you have developed","type":"I","timestamp":"2023-11-09 12:36:23"},{"nodeID":"1286479","text":"Robin Shattock:  So the difficulty with natural immunity is if you have had Covid you don't know how good an immune response you have developed","type":"L","timestamp":"2023-11-09 12:36:23"},{"nodeID":"1286480","text":"Analysing","type":"YA","timestamp":"2023-11-09 12:36:23"},{"nodeID":"1286481","text":"Anna : Robin Shattock:  So the difficulty with natural immunity is if you have had Covid you don't though how good an immune response you have developed","type":"L","timestamp":"2023-11-09 12:36:23"},{"nodeID":"1286482","text":"Asserting","type":"YA","timestamp":"2023-11-09 12:36:23"},{"nodeID":"1286483","text":"we are all different individuals","type":"I","timestamp":"2023-11-09 12:36:23"},{"nodeID":"1286484","text":"Robin Shattock:  We are all different individuals","type":"L","timestamp":"2023-11-09 12:36:23"},{"nodeID":"1286485","text":"Analysing","type":"YA","timestamp":"2023-11-09 12:36:23"},{"nodeID":"1286486","text":"Anna : Robin Shattock:  We are all different individuals","type":"L","timestamp":"2023-11-09 12:36:23"},{"nodeID":"1286487","text":"Asserting","type":"YA","timestamp":"2023-11-09 12:36:23"},{"nodeID":"1286488","text":"some of us will have a mild infection and may get a good response","type":"I","timestamp":"2023-11-09 12:36:24"},{"nodeID":"1286489","text":"Robin Shattock:  Some of us will have a mild infection and may get a good response","type":"L","timestamp":"2023-11-09 12:36:24"},{"nodeID":"1286490","text":"Analysing","type":"YA","timestamp":"2023-11-09 12:36:24"},{"nodeID":"1286491","text":"Anna : Robin Shattock:  Some of us will have a mild infection and may get a good response","type":"L","timestamp":"2023-11-09 12:36:24"},{"nodeID":"1286492","text":"Asserting","type":"YA","timestamp":"2023-11-09 12:36:24"},{"nodeID":"1286493","text":"some of us may have a very poor response","type":"I","timestamp":"2023-11-09 12:36:25"},{"nodeID":"1286494","text":"Robin Shattock: Some of us may have a very poor response","type":"L","timestamp":"2023-11-09 12:36:25"},{"nodeID":"1286495","text":"Analysing","type":"YA","timestamp":"2023-11-09 12:36:25"},{"nodeID":"1286496","text":"Anna : Robin Shattock: Some of us may have a very poor response","type":"L","timestamp":"2023-11-09 12:36:25"},{"nodeID":"1286497","text":"Asserting","type":"YA","timestamp":"2023-11-09 12:36:25"},{"nodeID":"1286498","text":"in the context of vaccination, that will boost the response that you got from natural infection","type":"I","timestamp":"2023-11-09 12:36:25"},{"nodeID":"1286499","text":"Robin Shattock: So, in the context of vaccination, that will boost the response that you got from natural infection","type":"L","timestamp":"2023-11-09 12:36:25"},{"nodeID":"1286500","text":"Analysing","type":"YA","timestamp":"2023-11-09 12:36:25"},{"nodeID":"1286501","text":"Anna : Robin Shattock: So, in the context of vaccination, that will boost the response that you got from natural infection","type":"L","timestamp":"2023-11-09 12:36:25"},{"nodeID":"1286502","text":"Asserting","type":"YA","timestamp":"2023-11-09 12:36:25"},{"nodeID":"1286503","text":"the vaccination will give you protection for much longer","type":"I","timestamp":"2023-11-09 12:36:26"},{"nodeID":"1286504","text":"Robin Shattock:  and give you protection for much longer","type":"L","timestamp":"2023-11-09 12:36:26"},{"nodeID":"1286505","text":"Analysing","type":"YA","timestamp":"2023-11-09 12:36:26"},{"nodeID":"1286506","text":"Anna : Robin Shattock:  and give you protection for much longer","type":"L","timestamp":"2023-11-09 12:36:26"},{"nodeID":"1286507","text":"Asserting","type":"YA","timestamp":"2023-11-09 12:36:26"},{"nodeID":"1286508","text":"the vaccine will make you less susceptible to become infected","type":"I","timestamp":"2023-11-09 12:36:26"},{"nodeID":"1286509","text":"Robin Shattock: and make you lose susceptible to become infected","type":"L","timestamp":"2023-11-09 12:36:26"},{"nodeID":"1286510","text":"Analysing","type":"YA","timestamp":"2023-11-09 12:36:26"},{"nodeID":"1286511","text":"Anna : Robin Shattock: and make you lose susceptible to become infected","type":"L","timestamp":"2023-11-09 12:36:26"},{"nodeID":"1286512","text":"Asserting","type":"YA","timestamp":"2023-11-09 12:36:26"},{"nodeID":"1286513","text":"Robin Shattock doesn't think we should pretend they are perfect","type":"I","timestamp":"2023-11-09 12:36:27"},{"nodeID":"1286514","text":"Robin Shattock: and I don't think we should pretend they are perfect","type":"L","timestamp":"2023-11-09 12:36:27"},{"nodeID":"1286515","text":"Analysing","type":"YA","timestamp":"2023-11-09 12:36:27"},{"nodeID":"1286516","text":"Anna : Robin Shattock: and I don't think we should pretend they are perfect","type":"L","timestamp":"2023-11-09 12:36:27"},{"nodeID":"1286517","text":"Asserting","type":"YA","timestamp":"2023-11-09 12:36:27"},{"nodeID":"1286518","text":"the vaccines do work to reduce it on a population basis","type":"I","timestamp":"2023-11-09 12:36:28"},{"nodeID":"1286519","text":"Robin Shattock: but they do work to reduce it on a population basis","type":"L","timestamp":"2023-11-09 12:36:28"},{"nodeID":"1286520","text":"Analysing","type":"YA","timestamp":"2023-11-09 12:36:28"},{"nodeID":"1286521","text":"Anna : Robin Shattock: but they do work to reduce it on a population basis","type":"L","timestamp":"2023-11-09 12:36:28"},{"nodeID":"1286522","text":"Asserting","type":"YA","timestamp":"2023-11-09 12:36:28"},{"nodeID":"1286523","text":"you do become infected","type":"I","timestamp":"2023-11-09 12:36:28"},{"nodeID":"1286524","text":"Robin Shattock: and if you do become infected","type":"L","timestamp":"2023-11-09 12:36:28"},{"nodeID":"1286525","text":"Analysing","type":"YA","timestamp":"2023-11-09 12:36:28"},{"nodeID":"1286526","text":"Anna : Robin Shattock: and if you do become infected","type":"L","timestamp":"2023-11-09 12:36:28"},{"nodeID":"1286527","text":"Asserting","type":"YA","timestamp":"2023-11-09 12:36:28"},{"nodeID":"1286528","text":"the vaccines are not perfect","type":"I","timestamp":"2023-11-09 12:36:29"},{"nodeID":"1286529","text":"Robin Shattock: because the vaccines are not perfect","type":"L","timestamp":"2023-11-09 12:36:29"},{"nodeID":"1286530","text":"Analysing","type":"YA","timestamp":"2023-11-09 12:36:29"},{"nodeID":"1286531","text":"Anna : Robin Shattock: because the vaccines are not perfect","type":"L","timestamp":"2023-11-09 12:36:29"},{"nodeID":"1286532","text":"Asserting","type":"YA","timestamp":"2023-11-09 12:36:29"},{"nodeID":"1286533","text":"Robin Shattock:  you are again less likely to be infectious for a prolonged period of time","type":"L","timestamp":"2023-11-09 12:36:29"},{"nodeID":"1286534","text":"Analysing","type":"YA","timestamp":"2023-11-09 12:36:29"},{"nodeID":"1286535","text":"Anna : Robin Shattock:  you are again less likely to be infectious for a prolonged period of time","type":"L","timestamp":"2023-11-09 12:36:29"},{"nodeID":"1286536","text":"Asserting","type":"YA","timestamp":"2023-11-09 12:36:29"},{"nodeID":"1286537","text":"Default Transition","type":"TA","timestamp":"2023-11-09 12:36:29"},{"nodeID":"1286538","text":"Default Transition","type":"TA","timestamp":"2023-11-09 12:36:29"},{"nodeID":"1286539","text":"Default Transition","type":"TA","timestamp":"2023-11-09 12:36:29"},{"nodeID":"1286540","text":"Default Rephrase","type":"MA","timestamp":"2023-11-09 12:36:29"},{"nodeID":"1286541","text":"Restating","type":"YA","timestamp":"2023-11-09 12:36:29"},{"nodeID":"1286542","text":"Default Inference","type":"RA","timestamp":"2023-11-09 12:36:29"},{"nodeID":"1286543","text":"Default Transition","type":"TA","timestamp":"2023-11-09 12:36:29"},{"nodeID":"1286544","text":"Arguing","type":"YA","timestamp":"2023-11-09 12:36:29"},{"nodeID":"1286545","text":"Default Rephrase","type":"MA","timestamp":"2023-11-09 12:36:29"},{"nodeID":"1286546","text":"Default Transition","type":"TA","timestamp":"2023-11-09 12:36:29"},{"nodeID":"1286547","text":"Restating","type":"YA","timestamp":"2023-11-09 12:36:29"},{"nodeID":"1286548","text":"Default Inference","type":"RA","timestamp":"2023-11-09 12:36:29"},{"nodeID":"1286549","text":"Default Transition","type":"TA","timestamp":"2023-11-09 12:36:29"},{"nodeID":"1286550","text":"Arguing","type":"YA","timestamp":"2023-11-09 12:36:29"},{"nodeID":"1286551","text":"Default Transition","type":"TA","timestamp":"2023-11-09 12:36:29"},{"nodeID":"1286552","text":"Default Inference","type":"RA","timestamp":"2023-11-09 12:36:29"},{"nodeID":"1286553","text":"Default Transition","type":"TA","timestamp":"2023-11-09 12:36:29"},{"nodeID":"1286554","text":"Arguing","type":"YA","timestamp":"2023-11-09 12:36:29"},{"nodeID":"1286555","text":"Default Inference","type":"RA","timestamp":"2023-11-09 12:36:29"},{"nodeID":"1286556","text":"Arguing","type":"YA","timestamp":"2023-11-09 12:36:29"},{"nodeID":"1286557","text":"Default Transition","type":"TA","timestamp":"2023-11-09 12:36:29"},{"nodeID":"1286558","text":"Default Inference","type":"RA","timestamp":"2023-11-09 12:36:29"},{"nodeID":"1286559","text":"Default Inference","type":"RA","timestamp":"2023-11-09 12:36:29"},{"nodeID":"1286560","text":"Default Transition","type":"TA","timestamp":"2023-11-09 12:36:29"},{"nodeID":"1286561","text":"Default Transition","type":"TA","timestamp":"2023-11-09 12:36:29"},{"nodeID":"1286562","text":"Arguing","type":"YA","timestamp":"2023-11-09 12:36:29"},{"nodeID":"1286563","text":"Arguing","type":"YA","timestamp":"2023-11-09 12:36:29"},{"nodeID":"1286564","text":"Default Transition","type":"TA","timestamp":"2023-11-09 12:36:29"},{"nodeID":"1286565","text":"Default Inference","type":"RA","timestamp":"2023-11-09 12:36:29"},{"nodeID":"1286566","text":"Arguing","type":"YA","timestamp":"2023-11-09 12:36:29"},{"nodeID":"1286567","text":"Default Transition","type":"TA","timestamp":"2023-11-09 12:36:29"},{"nodeID":"1286568","text":"Default Transition","type":"TA","timestamp":"2023-11-09 12:36:29"},{"nodeID":"1286569","text":"Default Transition","type":"TA","timestamp":"2023-11-09 12:36:29"},{"nodeID":"1286570","text":"Default Transition","type":"TA","timestamp":"2023-11-09 12:36:29"},{"nodeID":"1286571","text":"Default Inference","type":"RA","timestamp":"2023-11-09 12:36:29"},{"nodeID":"1286572","text":"Default Transition","type":"TA","timestamp":"2023-11-09 12:36:29"},{"nodeID":"1286573","text":"Arguing","type":"YA","timestamp":"2023-11-09 12:36:29"},{"nodeID":"1286574","text":"Default Transition","type":"TA","timestamp":"2023-11-09 12:36:29"},{"nodeID":"1286575","text":"Default Rephrase","type":"MA","timestamp":"2023-11-09 12:36:29"},{"nodeID":"1286576","text":"Default Illocuting","type":"YA","timestamp":"2023-11-09 12:36:29"},{"nodeID":"1286577","text":"Default Transition","type":"TA","timestamp":"2023-11-09 12:36:29"},{"nodeID":"1286578","text":"Default Inference","type":"RA","timestamp":"2023-11-09 12:36:29"},{"nodeID":"1286579","text":"Default Transition","type":"TA","timestamp":"2023-11-09 12:36:29"},{"nodeID":"1286580","text":"Arguing","type":"YA","timestamp":"2023-11-09 12:36:29"},{"nodeID":"1286581","text":"Default Inference","type":"RA","timestamp":"2023-11-09 12:36:29"},{"nodeID":"1286582","text":"Arguing","type":"YA","timestamp":"2023-11-09 12:36:29"},{"nodeID":"1286583","text":"Default Inference","type":"RA","timestamp":"2023-11-09 12:36:29"},{"nodeID":"1286584","text":"Arguing","type":"YA","timestamp":"2023-11-09 12:36:29"}],"edges":[{"edgeID":"1692199","fromID":"1286435","toID":"1286434","formEdgeID":null},{"edgeID":"1692200","fromID":"1286436","toID":"1286435","formEdgeID":null},{"edgeID":"1692201","fromID":"1286434","toID":"1286437","formEdgeID":null},{"edgeID":"1692202","fromID":"1286437","toID":"1286433","formEdgeID":null},{"edgeID":"1692203","fromID":"1286440","toID":"1286439","formEdgeID":null},{"edgeID":"1692204","fromID":"1286441","toID":"1286440","formEdgeID":null},{"edgeID":"1692205","fromID":"1286439","toID":"1286442","formEdgeID":null},{"edgeID":"1692206","fromID":"1286442","toID":"1286438","formEdgeID":null},{"edgeID":"1692207","fromID":"1286445","toID":"1286444","formEdgeID":null},{"edgeID":"1692208","fromID":"1286446","toID":"1286445","formEdgeID":null},{"edgeID":"1692209","fromID":"1286444","toID":"1286447","formEdgeID":null},{"edgeID":"1692210","fromID":"1286447","toID":"1286443","formEdgeID":null},{"edgeID":"1692211","fromID":"1286450","toID":"1286449","formEdgeID":null},{"edgeID":"1692212","fromID":"1286451","toID":"1286450","formEdgeID":null},{"edgeID":"1692213","fromID":"1286449","toID":"1286452","formEdgeID":null},{"edgeID":"1692214","fromID":"1286452","toID":"1286448","formEdgeID":null},{"edgeID":"1692215","fromID":"1286455","toID":"1286454","formEdgeID":null},{"edgeID":"1692216","fromID":"1286456","toID":"1286455","formEdgeID":null},{"edgeID":"1692217","fromID":"1286454","toID":"1286457","formEdgeID":null},{"edgeID":"1692218","fromID":"1286457","toID":"1286453","formEdgeID":null},{"edgeID":"1692219","fromID":"1286460","toID":"1286459","formEdgeID":null},{"edgeID":"1692220","fromID":"1286461","toID":"1286460","formEdgeID":null},{"edgeID":"1692221","fromID":"1286459","toID":"1286462","formEdgeID":null},{"edgeID":"1692222","fromID":"1286462","toID":"1286458","formEdgeID":null},{"edgeID":"1692223","fromID":"1286465","toID":"1286464","formEdgeID":null},{"edgeID":"1692224","fromID":"1286466","toID":"1286465","formEdgeID":null},{"edgeID":"1692225","fromID":"1286464","toID":"1286467","formEdgeID":null},{"edgeID":"1692226","fromID":"1286467","toID":"1286463","formEdgeID":null},{"edgeID":"1692227","fromID":"1286470","toID":"1286469","formEdgeID":null},{"edgeID":"1692228","fromID":"1286471","toID":"1286470","formEdgeID":null},{"edgeID":"1692229","fromID":"1286469","toID":"1286472","formEdgeID":null},{"edgeID":"1692230","fromID":"1286472","toID":"1286468","formEdgeID":null},{"edgeID":"1692231","fromID":"1286475","toID":"1286474","formEdgeID":null},{"edgeID":"1692232","fromID":"1286476","toID":"1286475","formEdgeID":null},{"edgeID":"1692233","fromID":"1286474","toID":"1286477","formEdgeID":null},{"edgeID":"1692234","fromID":"1286477","toID":"1286473","formEdgeID":null},{"edgeID":"1692235","fromID":"1286480","toID":"1286479","formEdgeID":null},{"edgeID":"1692236","fromID":"1286481","toID":"1286480","formEdgeID":null},{"edgeID":"1692237","fromID":"1286479","toID":"1286482","formEdgeID":null},{"edgeID":"1692238","fromID":"1286482","toID":"1286478","formEdgeID":null},{"edgeID":"1692239","fromID":"1286485","toID":"1286484","formEdgeID":null},{"edgeID":"1692240","fromID":"1286486","toID":"1286485","formEdgeID":null},{"edgeID":"1692241","fromID":"1286484","toID":"1286487","formEdgeID":null},{"edgeID":"1692242","fromID":"1286487","toID":"1286483","formEdgeID":null},{"edgeID":"1692243","fromID":"1286490","toID":"1286489","formEdgeID":null},{"edgeID":"1692244","fromID":"1286491","toID":"1286490","formEdgeID":null},{"edgeID":"1692245","fromID":"1286489","toID":"1286492","formEdgeID":null},{"edgeID":"1692246","fromID":"1286492","toID":"1286488","formEdgeID":null},{"edgeID":"1692247","fromID":"1286495","toID":"1286494","formEdgeID":null},{"edgeID":"1692248","fromID":"1286496","toID":"1286495","formEdgeID":null},{"edgeID":"1692249","fromID":"1286494","toID":"1286497","formEdgeID":null},{"edgeID":"1692250","fromID":"1286497","toID":"1286493","formEdgeID":null},{"edgeID":"1692251","fromID":"1286500","toID":"1286499","formEdgeID":null},{"edgeID":"1692252","fromID":"1286501","toID":"1286500","formEdgeID":null},{"edgeID":"1692253","fromID":"1286499","toID":"1286502","formEdgeID":null},{"edgeID":"1692254","fromID":"1286502","toID":"1286498","formEdgeID":null},{"edgeID":"1692255","fromID":"1286505","toID":"1286504","formEdgeID":null},{"edgeID":"1692256","fromID":"1286506","toID":"1286505","formEdgeID":null},{"edgeID":"1692257","fromID":"1286504","toID":"1286507","formEdgeID":null},{"edgeID":"1692258","fromID":"1286507","toID":"1286503","formEdgeID":null},{"edgeID":"1692259","fromID":"1286510","toID":"1286509","formEdgeID":null},{"edgeID":"1692260","fromID":"1286511","toID":"1286510","formEdgeID":null},{"edgeID":"1692261","fromID":"1286509","toID":"1286512","formEdgeID":null},{"edgeID":"1692262","fromID":"1286512","toID":"1286508","formEdgeID":null},{"edgeID":"1692263","fromID":"1286515","toID":"1286514","formEdgeID":null},{"edgeID":"1692264","fromID":"1286516","toID":"1286515","formEdgeID":null},{"edgeID":"1692265","fromID":"1286514","toID":"1286517","formEdgeID":null},{"edgeID":"1692266","fromID":"1286517","toID":"1286513","formEdgeID":null},{"edgeID":"1692267","fromID":"1286520","toID":"1286519","formEdgeID":null},{"edgeID":"1692268","fromID":"1286521","toID":"1286520","formEdgeID":null},{"edgeID":"1692269","fromID":"1286519","toID":"1286522","formEdgeID":null},{"edgeID":"1692270","fromID":"1286522","toID":"1286518","formEdgeID":null},{"edgeID":"1692271","fromID":"1286525","toID":"1286524","formEdgeID":null},{"edgeID":"1692272","fromID":"1286526","toID":"1286525","formEdgeID":null},{"edgeID":"1692273","fromID":"1286524","toID":"1286527","formEdgeID":null},{"edgeID":"1692274","fromID":"1286527","toID":"1286523","formEdgeID":null},{"edgeID":"1692275","fromID":"1286530","toID":"1286529","formEdgeID":null},{"edgeID":"1692276","fromID":"1286531","toID":"1286530","formEdgeID":null},{"edgeID":"1692277","fromID":"1286529","toID":"1286532","formEdgeID":null},{"edgeID":"1692278","fromID":"1286532","toID":"1286528","formEdgeID":null},{"edgeID":"1692279","fromID":"1286534","toID":"1286533","formEdgeID":null},{"edgeID":"1692280","fromID":"1286535","toID":"1286534","formEdgeID":null},{"edgeID":"1692281","fromID":"1286533","toID":"1286536","formEdgeID":null},{"edgeID":"1692282","fromID":"1286536","toID":"899064","formEdgeID":null},{"edgeID":"1692283","fromID":"1286434","toID":"1286537","formEdgeID":null},{"edgeID":"1692284","fromID":"1286537","toID":"1286439","formEdgeID":null},{"edgeID":"1692285","fromID":"1286439","toID":"1286538","formEdgeID":null},{"edgeID":"1692286","fromID":"1286538","toID":"1286444","formEdgeID":null},{"edgeID":"1692287","fromID":"1286444","toID":"1286539","formEdgeID":null},{"edgeID":"1692288","fromID":"1286539","toID":"1286449","formEdgeID":null},{"edgeID":"1692289","fromID":"1286448","toID":"1286540","formEdgeID":null},{"edgeID":"1692290","fromID":"1286540","toID":"1286443","formEdgeID":null},{"edgeID":"1692291","fromID":"1286539","toID":"1286541","formEdgeID":null},{"edgeID":"1692292","fromID":"1286541","toID":"1286540","formEdgeID":null},{"edgeID":"1692293","fromID":"1286458","toID":"1286542","formEdgeID":null},{"edgeID":"1692294","fromID":"1286542","toID":"1286443","formEdgeID":null},{"edgeID":"1692295","fromID":"1286444","toID":"1286543","formEdgeID":null},{"edgeID":"1692296","fromID":"1286543","toID":"1286459","formEdgeID":null},{"edgeID":"1692297","fromID":"1286543","toID":"1286544","formEdgeID":null},{"edgeID":"1692298","fromID":"1286544","toID":"1286542","formEdgeID":null},{"edgeID":"1692299","fromID":"1286463","toID":"1286545","formEdgeID":null},{"edgeID":"1692300","fromID":"1286545","toID":"1286458","formEdgeID":null},{"edgeID":"1692301","fromID":"1286459","toID":"1286546","formEdgeID":null},{"edgeID":"1692302","fromID":"1286546","toID":"1286464","formEdgeID":null},{"edgeID":"1692303","fromID":"1286546","toID":"1286547","formEdgeID":null},{"edgeID":"1692304","fromID":"1286547","toID":"1286545","formEdgeID":null},{"edgeID":"1692305","fromID":"1286458","toID":"1286548","formEdgeID":null},{"edgeID":"1692306","fromID":"1286548","toID":"1286453","formEdgeID":null},{"edgeID":"1692307","fromID":"1286459","toID":"1286549","formEdgeID":null},{"edgeID":"1692308","fromID":"1286549","toID":"1286454","formEdgeID":null},{"edgeID":"1692309","fromID":"1286549","toID":"1286550","formEdgeID":null},{"edgeID":"1692310","fromID":"1286550","toID":"1286548","formEdgeID":null},{"edgeID":"1692311","fromID":"1286464","toID":"1286551","formEdgeID":null},{"edgeID":"1692312","fromID":"1286551","toID":"1286469","formEdgeID":null},{"edgeID":"1692313","fromID":"1286473","toID":"1286552","formEdgeID":null},{"edgeID":"1692314","fromID":"1286552","toID":"1286463","formEdgeID":null},{"edgeID":"1692315","fromID":"1286464","toID":"1286553","formEdgeID":null},{"edgeID":"1692316","fromID":"1286553","toID":"1286474","formEdgeID":null},{"edgeID":"1692317","fromID":"1286553","toID":"1286554","formEdgeID":null},{"edgeID":"1692318","fromID":"1286554","toID":"1286552","formEdgeID":null},{"edgeID":"1692319","fromID":"1286468","toID":"1286555","formEdgeID":null},{"edgeID":"1692320","fromID":"1286555","toID":"1286463","formEdgeID":null},{"edgeID":"1692321","fromID":"1286551","toID":"1286556","formEdgeID":null},{"edgeID":"1692322","fromID":"1286556","toID":"1286555","formEdgeID":null},{"edgeID":"1692323","fromID":"1286474","toID":"1286557","formEdgeID":null},{"edgeID":"1692324","fromID":"1286557","toID":"1286479","formEdgeID":null},{"edgeID":"1692325","fromID":"1286483","toID":"1286558","formEdgeID":null},{"edgeID":"1692326","fromID":"1286558","toID":"1286488","formEdgeID":null},{"edgeID":"1692327","fromID":"1286483","toID":"1286559","formEdgeID":null},{"edgeID":"1692328","fromID":"1286559","toID":"1286493","formEdgeID":null},{"edgeID":"1692329","fromID":"1286484","toID":"1286560","formEdgeID":null},{"edgeID":"1692330","fromID":"1286560","toID":"1286489","formEdgeID":null},{"edgeID":"1692331","fromID":"1286484","toID":"1286561","formEdgeID":null},{"edgeID":"1692332","fromID":"1286561","toID":"1286494","formEdgeID":null},{"edgeID":"1692333","fromID":"1286560","toID":"1286562","formEdgeID":null},{"edgeID":"1692334","fromID":"1286562","toID":"1286558","formEdgeID":null},{"edgeID":"1692335","fromID":"1286561","toID":"1286563","formEdgeID":null},{"edgeID":"1692336","fromID":"1286563","toID":"1286559","formEdgeID":null},{"edgeID":"1692337","fromID":"1286479","toID":"1286564","formEdgeID":null},{"edgeID":"1692338","fromID":"1286564","toID":"1286484","formEdgeID":null},{"edgeID":"1692339","fromID":"1286483","toID":"1286565","formEdgeID":null},{"edgeID":"1692340","fromID":"1286565","toID":"1286478","formEdgeID":null},{"edgeID":"1692341","fromID":"1286564","toID":"1286566","formEdgeID":null},{"edgeID":"1692342","fromID":"1286566","toID":"1286565","formEdgeID":null},{"edgeID":"1692343","fromID":"1286494","toID":"1286567","formEdgeID":null},{"edgeID":"1692344","fromID":"1286567","toID":"1286499","formEdgeID":null},{"edgeID":"1692345","fromID":"1286499","toID":"1286568","formEdgeID":null},{"edgeID":"1692346","fromID":"1286568","toID":"1286504","formEdgeID":null},{"edgeID":"1692347","fromID":"1286504","toID":"1286569","formEdgeID":null},{"edgeID":"1692348","fromID":"1286569","toID":"1286509","formEdgeID":null},{"edgeID":"1692349","fromID":"1286509","toID":"1286570","formEdgeID":null},{"edgeID":"1692350","fromID":"1286570","toID":"1286524","formEdgeID":null},{"edgeID":"1692351","fromID":"1286528","toID":"1286571","formEdgeID":null},{"edgeID":"1692352","fromID":"1286571","toID":"1286523","formEdgeID":null},{"edgeID":"1692353","fromID":"1286524","toID":"1286572","formEdgeID":null},{"edgeID":"1692354","fromID":"1286572","toID":"1286529","formEdgeID":null},{"edgeID":"1692355","fromID":"1286572","toID":"1286573","formEdgeID":null},{"edgeID":"1692356","fromID":"1286573","toID":"1286571","formEdgeID":null},{"edgeID":"1692357","fromID":"1286529","toID":"1286574","formEdgeID":null},{"edgeID":"1692358","fromID":"1286574","toID":"1286514","formEdgeID":null},{"edgeID":"1692359","fromID":"1286513","toID":"1286575","formEdgeID":null},{"edgeID":"1692360","fromID":"1286575","toID":"1286528","formEdgeID":null},{"edgeID":"1692361","fromID":"1286574","toID":"1286576","formEdgeID":null},{"edgeID":"1692362","fromID":"1286576","toID":"1286575","formEdgeID":null},{"edgeID":"1692363","fromID":"1286514","toID":"1286577","formEdgeID":null},{"edgeID":"1692364","fromID":"1286577","toID":"1286519","formEdgeID":null},{"edgeID":"1692365","fromID":"1286523","toID":"1286578","formEdgeID":null},{"edgeID":"1692366","fromID":"1286578","toID":"899064","formEdgeID":null},{"edgeID":"1692367","fromID":"1286524","toID":"1286579","formEdgeID":null},{"edgeID":"1692368","fromID":"1286579","toID":"1286533","formEdgeID":null},{"edgeID":"1692369","fromID":"1286579","toID":"1286580","formEdgeID":null},{"edgeID":"1692370","fromID":"1286580","toID":"1286578","formEdgeID":null},{"edgeID":"1692371","fromID":"1286498","toID":"1286581","formEdgeID":null},{"edgeID":"1692372","fromID":"1286581","toID":"1286503","formEdgeID":null},{"edgeID":"1692373","fromID":"1286568","toID":"1286582","formEdgeID":null},{"edgeID":"1692374","fromID":"1286582","toID":"1286581","formEdgeID":null},{"edgeID":"1692375","fromID":"1286498","toID":"1286583","formEdgeID":null},{"edgeID":"1692376","fromID":"1286583","toID":"1286508","formEdgeID":null},{"edgeID":"1692377","fromID":"1286569","toID":"1286584","formEdgeID":null},{"edgeID":"1692378","fromID":"1286584","toID":"1286583","formEdgeID":null}],"locutions":[]}