{"nodes":[{"nodeID":"899082","text":"these are sound moral questions that imply that taking the vaccine is the altruistic thing to do","type":"I","timestamp":"2022-02-10 21:19:06"},{"nodeID":"899089","text":"whenever you impose something on people, and you take away bodily autonomy","type":"I","timestamp":"2022-02-10 21:19:08"},{"nodeID":"1286893","text":"Tim Stanley takes the point about the risk of passing COVID-19 on to someone else or taking up a hospital bed","type":"I","timestamp":"2023-11-09 12:36:57"},{"nodeID":"1286894","text":"Tim Stanley: I take the point about the risk of passing it on to someone else or taking up a hospital bed","type":"L","timestamp":"2023-11-09 12:36:57"},{"nodeID":"1286895","text":"Analysing","type":"YA","timestamp":"2023-11-09 12:36:57"},{"nodeID":"1286896","text":"Jordan: Tim Stanley: I take the point about the risk of passing it on to someone else or taking up a hospital bed","type":"L","timestamp":"2023-11-09 12:36:57"},{"nodeID":"1286897","text":"Asserting","type":"YA","timestamp":"2023-11-09 12:36:57"},{"nodeID":"1286898","text":"Tim Stanley: These are sound moral questions that imply that taking the vaccine is the altruistic thing to do","type":"L","timestamp":"2023-11-09 12:36:58"},{"nodeID":"1286899","text":"Analysing","type":"YA","timestamp":"2023-11-09 12:36:58"},{"nodeID":"1286900","text":"Jordan: Tim Stanley: These are sound moral questions that imply that taking the vaccine is the altruistic thing to do","type":"L","timestamp":"2023-11-09 12:36:58"},{"nodeID":"1286901","text":"Asserting","type":"YA","timestamp":"2023-11-09 12:36:58"},{"nodeID":"1286902","text":"Default Transition","type":"TA","timestamp":"2023-11-09 12:36:58"},{"nodeID":"1286903","text":"Default Inference","type":"RA","timestamp":"2023-11-09 12:36:58"},{"nodeID":"1286904","text":"Arguing","type":"YA","timestamp":"2023-11-09 12:36:58"},{"nodeID":"1286905","text":"Tim Stanley has to consider the dignity of the individual and their right to refuse something to be done to them","type":"I","timestamp":"2023-11-09 12:36:58"},{"nodeID":"1286906","text":"Tim Stanley: I have to consider the dignity of the individual. And their right to refuse something to be done to them","type":"L","timestamp":"2023-11-09 12:36:58"},{"nodeID":"1286907","text":"Analysing","type":"YA","timestamp":"2023-11-09 12:36:58"},{"nodeID":"1286908","text":"Jordan: Tim Stanley: I have to consider the dignity of the individual. And their right to refuse something to be done to them","type":"L","timestamp":"2023-11-09 12:36:58"},{"nodeID":"1286909","text":"Asserting","type":"YA","timestamp":"2023-11-09 12:36:58"},{"nodeID":"1286910","text":"Default Transition","type":"TA","timestamp":"2023-11-09 12:36:58"},{"nodeID":"1286911","text":"Default Conflict","type":"CA","timestamp":"2023-11-09 12:36:58"},{"nodeID":"1286912","text":"Disagreeing","type":"YA","timestamp":"2023-11-09 12:36:58"},{"nodeID":"1286913","text":"Tim Stanley: Whenever you impose something on people, and you take away bodily autonomy","type":"L","timestamp":"2023-11-09 12:36:59"},{"nodeID":"1286914","text":"Analysing","type":"YA","timestamp":"2023-11-09 12:36:59"},{"nodeID":"1286915","text":"Jordan: Tim Stanley: Whenever you impose something on people, and you take away bodily autonomy","type":"L","timestamp":"2023-11-09 12:36:59"},{"nodeID":"1286916","text":"Asserting","type":"YA","timestamp":"2023-11-09 12:36:59"},{"nodeID":"1286917","text":"Default Inference","type":"RA","timestamp":"2023-11-09 12:36:59"},{"nodeID":"1286918","text":"Default Transition","type":"TA","timestamp":"2023-11-09 12:36:59"},{"nodeID":"1286919","text":"Arguing","type":"YA","timestamp":"2023-11-09 12:36:59"},{"nodeID":"1286920","text":"you are denying the dignity of that individual","type":"I","timestamp":"2023-11-09 12:36:59"},{"nodeID":"1286921","text":"Tim Stanley:  you are denying the dignity of that individual","type":"L","timestamp":"2023-11-09 12:36:59"},{"nodeID":"1286922","text":"Analysing","type":"YA","timestamp":"2023-11-09 12:37:00"},{"nodeID":"1286923","text":"Jordan: Tim Stanley:  you are denying the dignity of that individual","type":"L","timestamp":"2023-11-09 12:37:00"},{"nodeID":"1286924","text":"Asserting","type":"YA","timestamp":"2023-11-09 12:37:00"},{"nodeID":"1286925","text":"Default Transition","type":"TA","timestamp":"2023-11-09 12:37:00"},{"nodeID":"1286926","text":"Default Rephrase","type":"MA","timestamp":"2023-11-09 12:37:00"},{"nodeID":"1286927","text":"Restating","type":"YA","timestamp":"2023-11-09 12:37:00"},{"nodeID":"1286928","text":"when society takes that step, that's a step too far away from freedom","type":"I","timestamp":"2023-11-09 12:37:00"},{"nodeID":"1286929","text":"Tim Stanley: When society takes that step, that's a step away from freedom too far from me","type":"L","timestamp":"2023-11-09 12:37:00"},{"nodeID":"1286930","text":"Analysing","type":"YA","timestamp":"2023-11-09 12:37:00"},{"nodeID":"1286931","text":"Jordan: Tim Stanley: When society takes that step, that's a step away from freedom too far from me","type":"L","timestamp":"2023-11-09 12:37:00"},{"nodeID":"1286932","text":"Asserting","type":"YA","timestamp":"2023-11-09 12:37:00"},{"nodeID":"1286933","text":"Default Transition","type":"TA","timestamp":"2023-11-09 12:37:00"},{"nodeID":"1286934","text":"Default Rephrase","type":"MA","timestamp":"2023-11-09 12:37:00"},{"nodeID":"1286935","text":"Restating","type":"YA","timestamp":"2023-11-09 12:37:00"},{"nodeID":"1286936","text":"the last two years we have seen an extraordinary growth of the state","type":"I","timestamp":"2023-11-09 12:37:01"},{"nodeID":"1286937","text":"Tim Stanley: the last two years we have seen an extraordinary growth of the state","type":"L","timestamp":"2023-11-09 12:37:01"},{"nodeID":"1286938","text":"Analysing","type":"YA","timestamp":"2023-11-09 12:37:01"},{"nodeID":"1286939","text":"Jordan: Tim Stanley: the last two years we have seen an extraordinary growth of the state","type":"L","timestamp":"2023-11-09 12:37:01"},{"nodeID":"1286940","text":"Asserting","type":"YA","timestamp":"2023-11-09 12:37:01"},{"nodeID":"1286941","text":"Default Transition","type":"TA","timestamp":"2023-11-09 12:37:01"},{"nodeID":"1286942","text":"we have seen the the roll-back of civil liberties","type":"I","timestamp":"2023-11-09 12:37:01"},{"nodeID":"1286943","text":"Tim Stanley:  the roll-back of civil liberties","type":"L","timestamp":"2023-11-09 12:37:01"},{"nodeID":"1286944","text":"Analysing","type":"YA","timestamp":"2023-11-09 12:37:01"},{"nodeID":"1286945","text":"Jordan: Tim Stanley:  the roll-back of civil liberties","type":"L","timestamp":"2023-11-09 12:37:01"},{"nodeID":"1286946","text":"Asserting","type":"YA","timestamp":"2023-11-09 12:37:01"},{"nodeID":"1286947","text":"we could emerge out of this w voluntary vaccine programme, and with as much liberty as possible","type":"I","timestamp":"2023-11-09 12:37:02"},{"nodeID":"1286948","text":"Tim Stanley: we could emerge out of this w voluntary vaccine programme, and with as much liberty as possible","type":"L","timestamp":"2023-11-09 12:37:02"},{"nodeID":"1286949","text":"Analysing","type":"YA","timestamp":"2023-11-09 12:37:02"},{"nodeID":"1286950","text":"Jordan: Tim Stanley: we could emerge out of this w voluntary vaccine programme, and with as much liberty as possible","type":"L","timestamp":"2023-11-09 12:37:02"},{"nodeID":"1286951","text":"Asserting","type":"YA","timestamp":"2023-11-09 12:37:02"},{"nodeID":"1286952","text":"Default Inference","type":"RA","timestamp":"2023-11-09 12:37:02"},{"nodeID":"1286953","text":"Default Transition","type":"TA","timestamp":"2023-11-09 12:37:02"},{"nodeID":"1286954","text":"Default Transition","type":"TA","timestamp":"2023-11-09 12:37:02"},{"nodeID":"1286955","text":"Arguing","type":"YA","timestamp":"2023-11-09 12:37:02"},{"nodeID":"1286956","text":"that would be the best possible outcome","type":"I","timestamp":"2023-11-09 12:37:03"},{"nodeID":"1286957","text":"Tim Stanley: that for me, would be the best possible outcome","type":"L","timestamp":"2023-11-09 12:37:03"},{"nodeID":"1286958","text":"Analysing","type":"YA","timestamp":"2023-11-09 12:37:03"},{"nodeID":"1286959","text":"Jordan: Tim Stanley: that for me, would be the best possible outcome","type":"L","timestamp":"2023-11-09 12:37:03"},{"nodeID":"1286960","text":"Asserting","type":"YA","timestamp":"2023-11-09 12:37:03"},{"nodeID":"1286961","text":"Default Transition","type":"TA","timestamp":"2023-11-09 12:37:03"},{"nodeID":"1286962","text":"Default Inference","type":"RA","timestamp":"2023-11-09 12:37:03"},{"nodeID":"1286963","text":"Arguing","type":"YA","timestamp":"2023-11-09 12:37:03"},{"nodeID":"1286964","text":"Tim Stanley is very reluctant to go down to continue down this path of telling people what to do","type":"I","timestamp":"2023-11-09 12:37:03"},{"nodeID":"1286965","text":"Tim Stanley: I am very reluctant to go down to continue down this path of telling people what to do","type":"L","timestamp":"2023-11-09 12:37:03"},{"nodeID":"1286966","text":"Analysing","type":"YA","timestamp":"2023-11-09 12:37:03"},{"nodeID":"1286967","text":"Jordan: Tim Stanley: I am very reluctant to go down to continue down this path of telling people what to do","type":"L","timestamp":"2023-11-09 12:37:03"},{"nodeID":"1286968","text":"Asserting","type":"YA","timestamp":"2023-11-09 12:37:03"},{"nodeID":"1286969","text":"Default Transition","type":"TA","timestamp":"2023-11-09 12:37:03"},{"nodeID":"1286970","text":"there is no point of living, the value of life is nothing if not to be free","type":"I","timestamp":"2023-11-09 12:37:04"},{"nodeID":"1286971","text":"Tim Stanley: what is the point of living, what is the value of life if not to be free","type":"L","timestamp":"2023-11-09 12:37:04"},{"nodeID":"1286972","text":"Analysing","type":"YA","timestamp":"2023-11-09 12:37:04"},{"nodeID":"1286973","text":"Jordan: Tim Stanley: what is the point of living, what is the value of life if not to be free","type":"L","timestamp":"2023-11-09 12:37:04"},{"nodeID":"1286974","text":"Rhetorical Questioning","type":"YA","timestamp":"2023-11-09 12:37:04"},{"nodeID":"1286975","text":"Default Inference","type":"RA","timestamp":"2023-11-09 12:37:04"},{"nodeID":"1286976","text":"Default Transition","type":"TA","timestamp":"2023-11-09 12:37:04"},{"nodeID":"1286977","text":"Arguing","type":"YA","timestamp":"2023-11-09 12:37:04"},{"nodeID":"1286978","text":"Tim Stanley would rather live in a society that is free than live in one which curtails ones liberties to that extent","type":"I","timestamp":"2023-11-09 12:37:04"},{"nodeID":"1286979","text":"Tim Stanley: I would rather live in a society that is free than live in one which curtails one liberties to that extent","type":"L","timestamp":"2023-11-09 12:37:04"},{"nodeID":"1286980","text":"Analysing","type":"YA","timestamp":"2023-11-09 12:37:04"},{"nodeID":"1286981","text":"Jordan: Tim Stanley: I would rather live in a society that is free than live in one which curtails one liberties to that extent","type":"L","timestamp":"2023-11-09 12:37:04"},{"nodeID":"1286982","text":"Asserting","type":"YA","timestamp":"2023-11-09 12:37:04"},{"nodeID":"1286983","text":"Default Transition","type":"TA","timestamp":"2023-11-09 12:37:04"},{"nodeID":"1286984","text":"living in a state which curtails ones liberties makes Tim Stanley very uncomfortable","type":"I","timestamp":"2023-11-09 12:37:05"},{"nodeID":"1286985","text":"Tim Stanley: That makes me very uncomfortable","type":"L","timestamp":"2023-11-09 12:37:05"},{"nodeID":"1286986","text":"Analysing","type":"YA","timestamp":"2023-11-09 12:37:05"},{"nodeID":"1286987","text":"Jordan: Tim Stanley: That makes me very uncomfortable","type":"L","timestamp":"2023-11-09 12:37:05"},{"nodeID":"1286988","text":"Asserting","type":"YA","timestamp":"2023-11-09 12:37:05"},{"nodeID":"1286989","text":"Default Inference","type":"RA","timestamp":"2023-11-09 12:37:05"},{"nodeID":"1286990","text":"Default Transition","type":"TA","timestamp":"2023-11-09 12:37:05"},{"nodeID":"1286991","text":"Arguing","type":"YA","timestamp":"2023-11-09 12:37:05"},{"nodeID":"1286992","text":"there's a state that is almost not worth living in","type":"I","timestamp":"2023-11-09 12:37:06"},{"nodeID":"1286993","text":"Tim Stanley: there's a state that is almost not worth living in","type":"L","timestamp":"2023-11-09 12:37:06"},{"nodeID":"1286994","text":"Analysing","type":"YA","timestamp":"2023-11-09 12:37:06"},{"nodeID":"1286995","text":"Jordan: Tim Stanley: there's a state that is almost not worth living in","type":"L","timestamp":"2023-11-09 12:37:06"},{"nodeID":"1286996","text":"Asserting","type":"YA","timestamp":"2023-11-09 12:37:06"},{"nodeID":"1286997","text":"Default Inference","type":"RA","timestamp":"2023-11-09 12:37:06"},{"nodeID":"1286998","text":"Default Transition","type":"TA","timestamp":"2023-11-09 12:37:06"},{"nodeID":"1286999","text":"Arguing","type":"YA","timestamp":"2023-11-09 12:37:06"}],"edges":[{"edgeID":"1692743","fromID":"1286895","toID":"1286894","formEdgeID":null},{"edgeID":"1692744","fromID":"1286896","toID":"1286895","formEdgeID":null},{"edgeID":"1692745","fromID":"1286894","toID":"1286897","formEdgeID":null},{"edgeID":"1692746","fromID":"1286897","toID":"1286893","formEdgeID":null},{"edgeID":"1692747","fromID":"1286899","toID":"1286898","formEdgeID":null},{"edgeID":"1692748","fromID":"1286900","toID":"1286899","formEdgeID":null},{"edgeID":"1692749","fromID":"1286898","toID":"1286901","formEdgeID":null},{"edgeID":"1692750","fromID":"1286901","toID":"899082","formEdgeID":null},{"edgeID":"1692751","fromID":"1286894","toID":"1286902","formEdgeID":null},{"edgeID":"1692752","fromID":"1286902","toID":"1286898","formEdgeID":null},{"edgeID":"1692753","fromID":"899082","toID":"1286903","formEdgeID":null},{"edgeID":"1692754","fromID":"1286903","toID":"1286893","formEdgeID":null},{"edgeID":"1692755","fromID":"1286902","toID":"1286904","formEdgeID":null},{"edgeID":"1692756","fromID":"1286904","toID":"1286903","formEdgeID":null},{"edgeID":"1692757","fromID":"1286907","toID":"1286906","formEdgeID":null},{"edgeID":"1692758","fromID":"1286908","toID":"1286907","formEdgeID":null},{"edgeID":"1692759","fromID":"1286906","toID":"1286909","formEdgeID":null},{"edgeID":"1692760","fromID":"1286909","toID":"1286905","formEdgeID":null},{"edgeID":"1692761","fromID":"1286898","toID":"1286910","formEdgeID":null},{"edgeID":"1692762","fromID":"1286910","toID":"1286906","formEdgeID":null},{"edgeID":"1692763","fromID":"1286905","toID":"1286911","formEdgeID":null},{"edgeID":"1692764","fromID":"1286911","toID":"899082","formEdgeID":null},{"edgeID":"1692765","fromID":"1286910","toID":"1286912","formEdgeID":null},{"edgeID":"1692766","fromID":"1286912","toID":"1286911","formEdgeID":null},{"edgeID":"1692767","fromID":"1286914","toID":"1286913","formEdgeID":null},{"edgeID":"1692768","fromID":"1286915","toID":"1286914","formEdgeID":null},{"edgeID":"1692769","fromID":"1286913","toID":"1286916","formEdgeID":null},{"edgeID":"1692770","fromID":"1286916","toID":"899089","formEdgeID":null},{"edgeID":"1692771","fromID":"899089","toID":"1286917","formEdgeID":null},{"edgeID":"1692772","fromID":"1286917","toID":"1286905","formEdgeID":null},{"edgeID":"1692773","fromID":"1286906","toID":"1286918","formEdgeID":null},{"edgeID":"1692774","fromID":"1286918","toID":"1286913","formEdgeID":null},{"edgeID":"1692775","fromID":"1286918","toID":"1286919","formEdgeID":null},{"edgeID":"1692776","fromID":"1286919","toID":"1286917","formEdgeID":null},{"edgeID":"1692777","fromID":"1286922","toID":"1286921","formEdgeID":null},{"edgeID":"1692778","fromID":"1286923","toID":"1286922","formEdgeID":null},{"edgeID":"1692779","fromID":"1286921","toID":"1286924","formEdgeID":null},{"edgeID":"1692780","fromID":"1286924","toID":"1286920","formEdgeID":null},{"edgeID":"1692781","fromID":"1286906","toID":"1286925","formEdgeID":null},{"edgeID":"1692782","fromID":"1286925","toID":"1286921","formEdgeID":null},{"edgeID":"1692783","fromID":"1286920","toID":"1286926","formEdgeID":null},{"edgeID":"1692784","fromID":"1286926","toID":"1286905","formEdgeID":null},{"edgeID":"1692785","fromID":"1286925","toID":"1286927","formEdgeID":null},{"edgeID":"1692786","fromID":"1286927","toID":"1286926","formEdgeID":null},{"edgeID":"1692787","fromID":"1286930","toID":"1286929","formEdgeID":null},{"edgeID":"1692788","fromID":"1286931","toID":"1286930","formEdgeID":null},{"edgeID":"1692789","fromID":"1286929","toID":"1286932","formEdgeID":null},{"edgeID":"1692790","fromID":"1286932","toID":"1286928","formEdgeID":null},{"edgeID":"1692791","fromID":"1286913","toID":"1286933","formEdgeID":null},{"edgeID":"1692792","fromID":"1286933","toID":"1286929","formEdgeID":null},{"edgeID":"1692793","fromID":"1286928","toID":"1286934","formEdgeID":null},{"edgeID":"1692794","fromID":"1286934","toID":"899089","formEdgeID":null},{"edgeID":"1692795","fromID":"1286933","toID":"1286935","formEdgeID":null},{"edgeID":"1692796","fromID":"1286935","toID":"1286934","formEdgeID":null},{"edgeID":"1692797","fromID":"1286938","toID":"1286937","formEdgeID":null},{"edgeID":"1692798","fromID":"1286939","toID":"1286938","formEdgeID":null},{"edgeID":"1692799","fromID":"1286937","toID":"1286940","formEdgeID":null},{"edgeID":"1692800","fromID":"1286940","toID":"1286936","formEdgeID":null},{"edgeID":"1692801","fromID":"1286929","toID":"1286941","formEdgeID":null},{"edgeID":"1692802","fromID":"1286941","toID":"1286937","formEdgeID":null},{"edgeID":"1692803","fromID":"1286944","toID":"1286943","formEdgeID":null},{"edgeID":"1692804","fromID":"1286945","toID":"1286944","formEdgeID":null},{"edgeID":"1692805","fromID":"1286943","toID":"1286946","formEdgeID":null},{"edgeID":"1692806","fromID":"1286946","toID":"1286942","formEdgeID":null},{"edgeID":"1692807","fromID":"1286949","toID":"1286948","formEdgeID":null},{"edgeID":"1692808","fromID":"1286950","toID":"1286949","formEdgeID":null},{"edgeID":"1692809","fromID":"1286948","toID":"1286951","formEdgeID":null},{"edgeID":"1692810","fromID":"1286951","toID":"1286947","formEdgeID":null},{"edgeID":"1692811","fromID":"1286936","toID":"1286952","formEdgeID":null},{"edgeID":"1692812","fromID":"1286952","toID":"1286947","formEdgeID":null},{"edgeID":"1692813","fromID":"1286942","toID":"1286952","formEdgeID":null},{"edgeID":"1692814","fromID":"1286937","toID":"1286953","formEdgeID":null},{"edgeID":"1692815","fromID":"1286953","toID":"1286948","formEdgeID":null},{"edgeID":"1692816","fromID":"1286943","toID":"1286954","formEdgeID":null},{"edgeID":"1692817","fromID":"1286954","toID":"1286948","formEdgeID":null},{"edgeID":"1692818","fromID":"1286954","toID":"1286955","formEdgeID":null},{"edgeID":"1692819","fromID":"1286955","toID":"1286952","formEdgeID":null},{"edgeID":"1692820","fromID":"1286958","toID":"1286957","formEdgeID":null},{"edgeID":"1692821","fromID":"1286959","toID":"1286958","formEdgeID":null},{"edgeID":"1692822","fromID":"1286957","toID":"1286960","formEdgeID":null},{"edgeID":"1692823","fromID":"1286960","toID":"1286956","formEdgeID":null},{"edgeID":"1692824","fromID":"1286948","toID":"1286961","formEdgeID":null},{"edgeID":"1692825","fromID":"1286961","toID":"1286957","formEdgeID":null},{"edgeID":"1692826","fromID":"1286947","toID":"1286962","formEdgeID":null},{"edgeID":"1692827","fromID":"1286962","toID":"1286956","formEdgeID":null},{"edgeID":"1692828","fromID":"1286961","toID":"1286963","formEdgeID":null},{"edgeID":"1692829","fromID":"1286963","toID":"1286962","formEdgeID":null},{"edgeID":"1692830","fromID":"1286966","toID":"1286965","formEdgeID":null},{"edgeID":"1692831","fromID":"1286967","toID":"1286966","formEdgeID":null},{"edgeID":"1692832","fromID":"1286965","toID":"1286968","formEdgeID":null},{"edgeID":"1692833","fromID":"1286968","toID":"1286964","formEdgeID":null},{"edgeID":"1692834","fromID":"1286957","toID":"1286969","formEdgeID":null},{"edgeID":"1692835","fromID":"1286969","toID":"1286965","formEdgeID":null},{"edgeID":"1692836","fromID":"1286972","toID":"1286971","formEdgeID":null},{"edgeID":"1692837","fromID":"1286973","toID":"1286972","formEdgeID":null},{"edgeID":"1692838","fromID":"1286971","toID":"1286974","formEdgeID":null},{"edgeID":"1692839","fromID":"1286974","toID":"1286970","formEdgeID":null},{"edgeID":"1692840","fromID":"1286970","toID":"1286975","formEdgeID":null},{"edgeID":"1692841","fromID":"1286975","toID":"1286964","formEdgeID":null},{"edgeID":"1692842","fromID":"1286965","toID":"1286976","formEdgeID":null},{"edgeID":"1692843","fromID":"1286976","toID":"1286971","formEdgeID":null},{"edgeID":"1692844","fromID":"1286976","toID":"1286977","formEdgeID":null},{"edgeID":"1692845","fromID":"1286977","toID":"1286975","formEdgeID":null},{"edgeID":"1692846","fromID":"1286980","toID":"1286979","formEdgeID":null},{"edgeID":"1692847","fromID":"1286981","toID":"1286980","formEdgeID":null},{"edgeID":"1692848","fromID":"1286979","toID":"1286982","formEdgeID":null},{"edgeID":"1692849","fromID":"1286982","toID":"1286978","formEdgeID":null},{"edgeID":"1692850","fromID":"1286971","toID":"1286983","formEdgeID":null},{"edgeID":"1692851","fromID":"1286983","toID":"1286979","formEdgeID":null},{"edgeID":"1692852","fromID":"1286986","toID":"1286985","formEdgeID":null},{"edgeID":"1692853","fromID":"1286987","toID":"1286986","formEdgeID":null},{"edgeID":"1692854","fromID":"1286985","toID":"1286988","formEdgeID":null},{"edgeID":"1692855","fromID":"1286988","toID":"1286984","formEdgeID":null},{"edgeID":"1692856","fromID":"1286984","toID":"1286989","formEdgeID":null},{"edgeID":"1692857","fromID":"1286989","toID":"1286978","formEdgeID":null},{"edgeID":"1692858","fromID":"1286979","toID":"1286990","formEdgeID":null},{"edgeID":"1692859","fromID":"1286990","toID":"1286985","formEdgeID":null},{"edgeID":"1692860","fromID":"1286990","toID":"1286991","formEdgeID":null},{"edgeID":"1692861","fromID":"1286991","toID":"1286989","formEdgeID":null},{"edgeID":"1692862","fromID":"1286994","toID":"1286993","formEdgeID":null},{"edgeID":"1692863","fromID":"1286995","toID":"1286994","formEdgeID":null},{"edgeID":"1692864","fromID":"1286993","toID":"1286996","formEdgeID":null},{"edgeID":"1692865","fromID":"1286996","toID":"1286992","formEdgeID":null},{"edgeID":"1692866","fromID":"1286992","toID":"1286997","formEdgeID":null},{"edgeID":"1692867","fromID":"1286997","toID":"1286984","formEdgeID":null},{"edgeID":"1692868","fromID":"1286985","toID":"1286998","formEdgeID":null},{"edgeID":"1692869","fromID":"1286998","toID":"1286993","formEdgeID":null},{"edgeID":"1692870","fromID":"1286998","toID":"1286999","formEdgeID":null},{"edgeID":"1692871","fromID":"1286999","toID":"1286997","formEdgeID":null}],"locutions":[]}