{"nodes":[{"nodeID":"1286151","text":"we talk about vaccines, and we know there's a massive impact on reducing harm","type":"I","timestamp":"2023-11-09 12:35:52"},{"nodeID":"1286152","text":"AudienceMember 20220210QT27: We talk about vaccines, and we know there's a massive impact on reducing harm","type":"L","timestamp":"2023-11-09 12:35:52"},{"nodeID":"1286153","text":"Analysing","type":"YA","timestamp":"2023-11-09 12:35:52"},{"nodeID":"1286154","text":"Calum: AudienceMember 20220210QT27: We talk about vaccines, and we know there's a massive impact on reducing harm","type":"L","timestamp":"2023-11-09 12:35:52"},{"nodeID":"1286155","text":"Asserting","type":"YA","timestamp":"2023-11-09 12:35:52"},{"nodeID":"1286156","text":"one thing which doesn't get discussed is natural immunity","type":"I","timestamp":"2023-11-09 12:35:53"},{"nodeID":"1286157","text":"AudienceMember 20220210QT27: one thing which doesn't get discussed is natural immunity","type":"L","timestamp":"2023-11-09 12:35:53"},{"nodeID":"1286158","text":"Analysing","type":"YA","timestamp":"2023-11-09 12:35:53"},{"nodeID":"1286159","text":"Calum: AudienceMember 20220210QT27: one thing which doesn't get discussed is natural immunity","type":"L","timestamp":"2023-11-09 12:35:53"},{"nodeID":"1286160","text":"Asserting","type":"YA","timestamp":"2023-11-09 12:35:53"},{"nodeID":"1286161","text":"early on in Israel their green pass if you have had a positive test that counted","type":"I","timestamp":"2023-11-09 12:35:54"},{"nodeID":"1286162","text":"AudienceMember 20220210QT27: early on in Israel their green pass if you have had a positive test that counted","type":"L","timestamp":"2023-11-09 12:35:54"},{"nodeID":"1286163","text":"Analysing","type":"YA","timestamp":"2023-11-09 12:35:54"},{"nodeID":"1286164","text":"Calum: AudienceMember 20220210QT27: early on in Israel their green pass if you have had a positive test that counted","type":"L","timestamp":"2023-11-09 12:35:54"},{"nodeID":"1286165","text":"Asserting","type":"YA","timestamp":"2023-11-09 12:35:54"},{"nodeID":"1286166","text":"AudienceMember 20220210QT29 completely understands why we are trying to reduce transmission and harm","type":"I","timestamp":"2023-11-09 12:35:54"},{"nodeID":"1286167","text":"AudienceMember 20220210QT27: I completely understand why we are trying to reduce transmission and harm","type":"L","timestamp":"2023-11-09 12:35:54"},{"nodeID":"1286168","text":"Analysing","type":"YA","timestamp":"2023-11-09 12:35:54"},{"nodeID":"1286169","text":"Calum: AudienceMember 20220210QT27: I completely understand why we are trying to reduce transmission and harm","type":"L","timestamp":"2023-11-09 12:35:54"},{"nodeID":"1286170","text":"Asserting","type":"YA","timestamp":"2023-11-09 12:35:54"},{"nodeID":"1286171","text":"the conversation about natural immunity should be raised more often","type":"I","timestamp":"2023-11-09 12:35:55"},{"nodeID":"1286172","text":"AudienceMember 20220210QT27: the conversation about natural immunity should be raised more often","type":"L","timestamp":"2023-11-09 12:35:55"},{"nodeID":"1286173","text":"Analysing","type":"YA","timestamp":"2023-11-09 12:35:55"},{"nodeID":"1286174","text":"Calum: AudienceMember 20220210QT27: the conversation about natural immunity should be raised more often","type":"L","timestamp":"2023-11-09 12:35:55"},{"nodeID":"1286175","text":"Asserting","type":"YA","timestamp":"2023-11-09 12:35:55"},{"nodeID":"1286176","text":"xxx is why we have we been so slow to roll-out vaccines to children","type":"I","timestamp":"2023-11-09 12:35:56"},{"nodeID":"1286177","text":"AudienceMember 20220210QT28: Why have we been so slow to roll-out vaccines to children","type":"L","timestamp":"2023-11-09 12:35:56"},{"nodeID":"1286178","text":"Analysing","type":"YA","timestamp":"2023-11-09 12:35:56"},{"nodeID":"1286179","text":"Calum: AudienceMember 20220210QT28: Why have we been so slow to roll-out vaccines to children","type":"L","timestamp":"2023-11-09 12:35:56"},{"nodeID":"1286180","text":"Pure Questioning","type":"YA","timestamp":"2023-11-09 12:35:56"},{"nodeID":"1286181","text":"vaccination is an important component to keeping the kids in the classroom and making up for lost time","type":"I","timestamp":"2023-11-09 12:35:56"},{"nodeID":"1286182","text":"AudienceMember 20220210QT28: Surely that's an important component to keeping the kids in the classroom and making up for lost time","type":"L","timestamp":"2023-11-09 12:35:56"},{"nodeID":"1286183","text":"Analysing","type":"YA","timestamp":"2023-11-09 12:35:56"},{"nodeID":"1286184","text":"Calum: AudienceMember 20220210QT28: Surely that's an important component to keeping the kids in the classroom and making up for lost time","type":"L","timestamp":"2023-11-09 12:35:56"},{"nodeID":"1286185","text":"Asserting","type":"YA","timestamp":"2023-11-09 12:35:56"},{"nodeID":"1286186","text":"vaccines should be a personal choice","type":"I","timestamp":"2023-11-09 12:35:57"},{"nodeID":"1286187","text":"AudienceMember 20220210QT29: vaccines should be a personal choice","type":"L","timestamp":"2023-11-09 12:35:57"},{"nodeID":"1286188","text":"Analysing","type":"YA","timestamp":"2023-11-09 12:35:57"},{"nodeID":"1286189","text":"Calum: AudienceMember 20220210QT29: vaccines should be a personal choice","type":"L","timestamp":"2023-11-09 12:35:57"},{"nodeID":"1286190","text":"Asserting","type":"YA","timestamp":"2023-11-09 12:35:57"},{"nodeID":"1286191","text":"this idea that I know what's best for my body doesn't make a lot of sense for AudienceMember 20220210QT29","type":"I","timestamp":"2023-11-09 12:35:57"},{"nodeID":"1286192","text":"AudienceMember 20220210QT29: this idea that I know what's best for my body doesn't make a lot of sense for me","type":"L","timestamp":"2023-11-09 12:35:57"},{"nodeID":"1286193","text":"Analysing","type":"YA","timestamp":"2023-11-09 12:35:57"},{"nodeID":"1286194","text":"Calum: AudienceMember 20220210QT29: this idea that I know what's best for my body doesn't make a lot of sense for me","type":"L","timestamp":"2023-11-09 12:35:57"},{"nodeID":"1286195","text":"Asserting","type":"YA","timestamp":"2023-11-09 12:35:57"},{"nodeID":"1286196","text":"AudienceMember 20220210QT29 doesn't know what's best for their body","type":"I","timestamp":"2023-11-09 12:35:58"},{"nodeID":"1286197","text":"AudienceMember 20220210QT29: I don't","type":"L","timestamp":"2023-11-09 12:35:58"},{"nodeID":"1286198","text":"Analysing","type":"YA","timestamp":"2023-11-09 12:35:58"},{"nodeID":"1286199","text":"Calum: AudienceMember 20220210QT29: I don't","type":"L","timestamp":"2023-11-09 12:35:58"},{"nodeID":"1286200","text":"Asserting","type":"YA","timestamp":"2023-11-09 12:35:58"},{"nodeID":"1286201","text":"AudienceMember 20220210QT29 is not a doctor","type":"I","timestamp":"2023-11-09 12:35:59"},{"nodeID":"1286202","text":"AudienceMember 20220210QT29: I'm not a doctor","type":"L","timestamp":"2023-11-09 12:35:59"},{"nodeID":"1286203","text":"Analysing","type":"YA","timestamp":"2023-11-09 12:35:59"},{"nodeID":"1286204","text":"Calum: AudienceMember 20220210QT29: I'm not a doctor","type":"L","timestamp":"2023-11-09 12:35:59"},{"nodeID":"1286205","text":"Asserting","type":"YA","timestamp":"2023-11-09 12:35:59"},{"nodeID":"1286206","text":"when there's something wrong with AudienceMember 20220210QT29 they go to the people who are experts in that field","type":"I","timestamp":"2023-11-09 12:35:59"},{"nodeID":"1286207","text":"AudienceMember 20220210QT29: When there's something wrong with me I go to the people who are experts in that field","type":"L","timestamp":"2023-11-09 12:35:59"},{"nodeID":"1286208","text":"Analysing","type":"YA","timestamp":"2023-11-09 12:35:59"},{"nodeID":"1286209","text":"Calum: AudienceMember 20220210QT29: When there's something wrong with me I go to the people who are experts in that field","type":"L","timestamp":"2023-11-09 12:35:59"},{"nodeID":"1286210","text":"Asserting","type":"YA","timestamp":"2023-11-09 12:35:59"},{"nodeID":"1286211","text":"AudienceMember 20220210QT29 has read recently there have been cases where doctors, or religious leaders or community leaders would have one-on-one chats with people against taking the vaccine","type":"I","timestamp":"2023-11-09 12:36:00"},{"nodeID":"1286212","text":"AudienceMember 20220210QT30:  I have read recently there have been cases where doctors, or religious leaders or community leaders would have one-on-one chats with people against taking the vaccine","type":"L","timestamp":"2023-11-09 12:36:00"},{"nodeID":"1286213","text":"Analysing","type":"YA","timestamp":"2023-11-09 12:36:00"},{"nodeID":"1286214","text":"Calum: AudienceMember 20220210QT29:  I have read recently there have been cases where doctors, or religious leaders or community leaders would have one-on-one chats with people against taking the vaccine","type":"L","timestamp":"2023-11-09 12:36:00"},{"nodeID":"1286215","text":"Asserting","type":"YA","timestamp":"2023-11-09 12:36:00"},{"nodeID":"1286216","text":"people against taking the vaccine had a lack of knowledge or scientific evidence","type":"I","timestamp":"2023-11-09 12:36:00"},{"nodeID":"1286217","text":"AudienceMember 20220210QT30: they had a lack of knowledge or scientific evidence","type":"L","timestamp":"2023-11-09 12:36:00"},{"nodeID":"1286218","text":"Analysing","type":"YA","timestamp":"2023-11-09 12:36:00"},{"nodeID":"1286219","text":"Calum: AudienceMember 20220210QT30: they had a lack of knowledge or scientific evidence","type":"L","timestamp":"2023-11-09 12:36:00"},{"nodeID":"1286220","text":"Asserting","type":"YA","timestamp":"2023-11-09 12:36:00"},{"nodeID":"1286221","text":"after having a chat with the one-on-one professional, unvaccinated people then changed their decision and went from being neutral or against it for being for the vaccine","type":"I","timestamp":"2023-11-09 12:36:01"},{"nodeID":"1286222","text":"AudienceMember 20220210QT30: after having this chat with the one-on-one professional, they then changed their decision and went from being neutral or against it for being for the vaccine","type":"L","timestamp":"2023-11-09 12:36:01"},{"nodeID":"1286223","text":"Analysing","type":"YA","timestamp":"2023-11-09 12:36:01"},{"nodeID":"1286224","text":"Calum: AudienceMember 20220210QT30: after having this chat with the one-on-one professional, they then changed their decision and went from being neutral or against it for being for the vaccine","type":"L","timestamp":"2023-11-09 12:36:01"},{"nodeID":"1286225","text":"Asserting","type":"YA","timestamp":"2023-11-09 12:36:01"},{"nodeID":"1286226","text":"a chat with a one-on-one professional is a better way forward rather than a division between ethnicity groups, rather focusing on specific individuals, one by one, and slowly getting more traction","type":"I","timestamp":"2023-11-09 12:36:02"},{"nodeID":"1286227","text":"AudienceMember 20220210QT30: that's a better way forward rather than a division between ethnicity groups, rather focusing on specific individuals, one by one, and slowly getting more traction","type":"L","timestamp":"2023-11-09 12:36:02"},{"nodeID":"1286228","text":"Analysing","type":"YA","timestamp":"2023-11-09 12:36:02"},{"nodeID":"1286229","text":"Calum: AudienceMember 20220210QT30: that's a better way forward rather than a division between ethnicity groups, rather focusing on specific individuals, one by one, and slowly getting more traction","type":"L","timestamp":"2023-11-09 12:36:02"},{"nodeID":"1286230","text":"Asserting","type":"YA","timestamp":"2023-11-09 12:36:02"},{"nodeID":"1286231","text":"Default Transition","type":"TA","timestamp":"2023-11-09 12:36:02"},{"nodeID":"1286232","text":"Default Rephrase","type":"MA","timestamp":"2023-11-09 12:36:02"},{"nodeID":"1286233","text":"Default Transition","type":"TA","timestamp":"2023-11-09 12:36:02"},{"nodeID":"1286234","text":"Restating","type":"YA","timestamp":"2023-11-09 12:36:02"},{"nodeID":"1286235","text":"Default Transition","type":"TA","timestamp":"2023-11-09 12:36:02"},{"nodeID":"1286236","text":"Default Inference","type":"RA","timestamp":"2023-11-09 12:36:02"},{"nodeID":"1286237","text":"Default Transition","type":"TA","timestamp":"2023-11-09 12:36:02"},{"nodeID":"1286238","text":"Default Inference","type":"RA","timestamp":"2023-11-09 12:36:02"},{"nodeID":"1286239","text":"Arguing","type":"YA","timestamp":"2023-11-09 12:36:02"},{"nodeID":"1286240","text":"Arguing","type":"YA","timestamp":"2023-11-09 12:36:02"},{"nodeID":"1286241","text":"Default Transition","type":"TA","timestamp":"2023-11-09 12:36:02"},{"nodeID":"1286242","text":"Default Transition","type":"TA","timestamp":"2023-11-09 12:36:02"},{"nodeID":"1286243","text":"Default Transition","type":"TA","timestamp":"2023-11-09 12:36:02"},{"nodeID":"1286244","text":"Default Transition","type":"TA","timestamp":"2023-11-09 12:36:02"},{"nodeID":"1286245","text":"Default Transition","type":"TA","timestamp":"2023-11-09 12:36:02"},{"nodeID":"1286246","text":"Default Transition","type":"TA","timestamp":"2023-11-09 12:36:02"},{"nodeID":"1286247","text":"Default Transition","type":"TA","timestamp":"2023-11-09 12:36:02"},{"nodeID":"1286248","text":"Default Inference","type":"RA","timestamp":"2023-11-09 12:36:02"},{"nodeID":"1286249","text":"Arguing","type":"YA","timestamp":"2023-11-09 12:36:02"},{"nodeID":"1286250","text":"Default Inference","type":"RA","timestamp":"2023-11-09 12:36:02"},{"nodeID":"1286251","text":"Default Transition","type":"TA","timestamp":"2023-11-09 12:36:02"},{"nodeID":"1286252","text":"Default Transition","type":"TA","timestamp":"2023-11-09 12:36:02"},{"nodeID":"1286253","text":"Default Transition","type":"TA","timestamp":"2023-11-09 12:36:02"},{"nodeID":"1286254","text":"Arguing","type":"YA","timestamp":"2023-11-09 12:36:02"},{"nodeID":"1286255","text":"Default Transition","type":"TA","timestamp":"2023-11-09 12:36:02"}],"edges":[{"edgeID":"1691866","fromID":"1286153","toID":"1286152","formEdgeID":null},{"edgeID":"1691867","fromID":"1286154","toID":"1286153","formEdgeID":null},{"edgeID":"1691868","fromID":"1286152","toID":"1286155","formEdgeID":null},{"edgeID":"1691869","fromID":"1286155","toID":"1286151","formEdgeID":null},{"edgeID":"1691870","fromID":"1286158","toID":"1286157","formEdgeID":null},{"edgeID":"1691871","fromID":"1286159","toID":"1286158","formEdgeID":null},{"edgeID":"1691872","fromID":"1286157","toID":"1286160","formEdgeID":null},{"edgeID":"1691873","fromID":"1286160","toID":"1286156","formEdgeID":null},{"edgeID":"1691874","fromID":"1286163","toID":"1286162","formEdgeID":null},{"edgeID":"1691875","fromID":"1286164","toID":"1286163","formEdgeID":null},{"edgeID":"1691876","fromID":"1286162","toID":"1286165","formEdgeID":null},{"edgeID":"1691877","fromID":"1286165","toID":"1286161","formEdgeID":null},{"edgeID":"1691878","fromID":"1286168","toID":"1286167","formEdgeID":null},{"edgeID":"1691879","fromID":"1286169","toID":"1286168","formEdgeID":null},{"edgeID":"1691880","fromID":"1286167","toID":"1286170","formEdgeID":null},{"edgeID":"1691881","fromID":"1286170","toID":"1286166","formEdgeID":null},{"edgeID":"1691882","fromID":"1286173","toID":"1286172","formEdgeID":null},{"edgeID":"1691883","fromID":"1286174","toID":"1286173","formEdgeID":null},{"edgeID":"1691884","fromID":"1286172","toID":"1286175","formEdgeID":null},{"edgeID":"1691885","fromID":"1286175","toID":"1286171","formEdgeID":null},{"edgeID":"1691886","fromID":"1286178","toID":"1286177","formEdgeID":null},{"edgeID":"1691887","fromID":"1286179","toID":"1286178","formEdgeID":null},{"edgeID":"1691888","fromID":"1286177","toID":"1286180","formEdgeID":null},{"edgeID":"1691889","fromID":"1286180","toID":"1286176","formEdgeID":null},{"edgeID":"1691890","fromID":"1286183","toID":"1286182","formEdgeID":null},{"edgeID":"1691891","fromID":"1286184","toID":"1286183","formEdgeID":null},{"edgeID":"1691892","fromID":"1286182","toID":"1286185","formEdgeID":null},{"edgeID":"1691893","fromID":"1286185","toID":"1286181","formEdgeID":null},{"edgeID":"1691894","fromID":"1286188","toID":"1286187","formEdgeID":null},{"edgeID":"1691895","fromID":"1286189","toID":"1286188","formEdgeID":null},{"edgeID":"1691896","fromID":"1286187","toID":"1286190","formEdgeID":null},{"edgeID":"1691897","fromID":"1286190","toID":"1286186","formEdgeID":null},{"edgeID":"1691898","fromID":"1286193","toID":"1286192","formEdgeID":null},{"edgeID":"1691899","fromID":"1286194","toID":"1286193","formEdgeID":null},{"edgeID":"1691900","fromID":"1286192","toID":"1286195","formEdgeID":null},{"edgeID":"1691901","fromID":"1286195","toID":"1286191","formEdgeID":null},{"edgeID":"1691902","fromID":"1286198","toID":"1286197","formEdgeID":null},{"edgeID":"1691903","fromID":"1286199","toID":"1286198","formEdgeID":null},{"edgeID":"1691904","fromID":"1286197","toID":"1286200","formEdgeID":null},{"edgeID":"1691905","fromID":"1286200","toID":"1286196","formEdgeID":null},{"edgeID":"1691906","fromID":"1286203","toID":"1286202","formEdgeID":null},{"edgeID":"1691907","fromID":"1286204","toID":"1286203","formEdgeID":null},{"edgeID":"1691908","fromID":"1286202","toID":"1286205","formEdgeID":null},{"edgeID":"1691909","fromID":"1286205","toID":"1286201","formEdgeID":null},{"edgeID":"1691910","fromID":"1286208","toID":"1286207","formEdgeID":null},{"edgeID":"1691911","fromID":"1286209","toID":"1286208","formEdgeID":null},{"edgeID":"1691912","fromID":"1286207","toID":"1286210","formEdgeID":null},{"edgeID":"1691913","fromID":"1286210","toID":"1286206","formEdgeID":null},{"edgeID":"1691914","fromID":"1286213","toID":"1286212","formEdgeID":null},{"edgeID":"1691915","fromID":"1286214","toID":"1286213","formEdgeID":null},{"edgeID":"1691916","fromID":"1286212","toID":"1286215","formEdgeID":null},{"edgeID":"1691917","fromID":"1286215","toID":"1286211","formEdgeID":null},{"edgeID":"1691918","fromID":"1286218","toID":"1286217","formEdgeID":null},{"edgeID":"1691919","fromID":"1286219","toID":"1286218","formEdgeID":null},{"edgeID":"1691920","fromID":"1286217","toID":"1286220","formEdgeID":null},{"edgeID":"1691921","fromID":"1286220","toID":"1286216","formEdgeID":null},{"edgeID":"1691922","fromID":"1286223","toID":"1286222","formEdgeID":null},{"edgeID":"1691923","fromID":"1286224","toID":"1286223","formEdgeID":null},{"edgeID":"1691924","fromID":"1286222","toID":"1286225","formEdgeID":null},{"edgeID":"1691925","fromID":"1286225","toID":"1286221","formEdgeID":null},{"edgeID":"1691926","fromID":"1286228","toID":"1286227","formEdgeID":null},{"edgeID":"1691927","fromID":"1286229","toID":"1286228","formEdgeID":null},{"edgeID":"1691928","fromID":"1286227","toID":"1286230","formEdgeID":null},{"edgeID":"1691929","fromID":"1286230","toID":"1286226","formEdgeID":null},{"edgeID":"1691930","fromID":"1286152","toID":"1286231","formEdgeID":null},{"edgeID":"1691931","fromID":"1286231","toID":"1286157","formEdgeID":null},{"edgeID":"1691932","fromID":"1286171","toID":"1286232","formEdgeID":null},{"edgeID":"1691933","fromID":"1286232","toID":"1286156","formEdgeID":null},{"edgeID":"1691934","fromID":"1286157","toID":"1286233","formEdgeID":null},{"edgeID":"1691935","fromID":"1286233","toID":"1286172","formEdgeID":null},{"edgeID":"1691936","fromID":"1286233","toID":"1286234","formEdgeID":null},{"edgeID":"1691937","fromID":"1286234","toID":"1286232","formEdgeID":null},{"edgeID":"1691938","fromID":"1286157","toID":"1286235","formEdgeID":null},{"edgeID":"1691939","fromID":"1286235","toID":"1286162","formEdgeID":null},{"edgeID":"1691940","fromID":"1286161","toID":"1286236","formEdgeID":null},{"edgeID":"1691941","fromID":"1286236","toID":"1286156","formEdgeID":null},{"edgeID":"1691942","fromID":"1286167","toID":"1286237","formEdgeID":null},{"edgeID":"1691943","fromID":"1286237","toID":"1286172","formEdgeID":null},{"edgeID":"1691944","fromID":"1286166","toID":"1286238","formEdgeID":null},{"edgeID":"1691945","fromID":"1286238","toID":"1286171","formEdgeID":null},{"edgeID":"1691946","fromID":"1286235","toID":"1286239","formEdgeID":null},{"edgeID":"1691947","fromID":"1286239","toID":"1286236","formEdgeID":null},{"edgeID":"1691948","fromID":"1286237","toID":"1286240","formEdgeID":null},{"edgeID":"1691949","fromID":"1286240","toID":"1286238","formEdgeID":null},{"edgeID":"1691950","fromID":"1286172","toID":"1286241","formEdgeID":null},{"edgeID":"1691951","fromID":"1286241","toID":"1286177","formEdgeID":null},{"edgeID":"1691952","fromID":"1286177","toID":"1286242","formEdgeID":null},{"edgeID":"1691953","fromID":"1286242","toID":"1286182","formEdgeID":null},{"edgeID":"1691954","fromID":"1286182","toID":"1286243","formEdgeID":null},{"edgeID":"1691955","fromID":"1286243","toID":"1286187","formEdgeID":null},{"edgeID":"1691956","fromID":"1286187","toID":"1286244","formEdgeID":null},{"edgeID":"1691957","fromID":"1286244","toID":"1286192","formEdgeID":null},{"edgeID":"1691958","fromID":"1286192","toID":"1286245","formEdgeID":null},{"edgeID":"1691959","fromID":"1286245","toID":"1286197","formEdgeID":null},{"edgeID":"1691960","fromID":"1286192","toID":"1286246","formEdgeID":null},{"edgeID":"1691961","fromID":"1286246","toID":"1286202","formEdgeID":null},{"edgeID":"1691962","fromID":"1286192","toID":"1286247","formEdgeID":null},{"edgeID":"1691963","fromID":"1286247","toID":"1286207","formEdgeID":null},{"edgeID":"1691964","fromID":"1286196","toID":"1286248","formEdgeID":null},{"edgeID":"1691965","fromID":"1286248","toID":"1286191","formEdgeID":null},{"edgeID":"1691966","fromID":"1286201","toID":"1286248","formEdgeID":null},{"edgeID":"1691967","fromID":"1286206","toID":"1286248","formEdgeID":null},{"edgeID":"1691968","fromID":"1286247","toID":"1286249","formEdgeID":null},{"edgeID":"1691969","fromID":"1286249","toID":"1286248","formEdgeID":null},{"edgeID":"1691970","fromID":"1286221","toID":"1286250","formEdgeID":null},{"edgeID":"1691971","fromID":"1286250","toID":"1286226","formEdgeID":null},{"edgeID":"1691972","fromID":"1286216","toID":"1286250","formEdgeID":null},{"edgeID":"1691973","fromID":"1286211","toID":"1286250","formEdgeID":null},{"edgeID":"1691974","fromID":"1286212","toID":"1286251","formEdgeID":null},{"edgeID":"1691975","fromID":"1286251","toID":"1286227","formEdgeID":null},{"edgeID":"1691976","fromID":"1286217","toID":"1286252","formEdgeID":null},{"edgeID":"1691977","fromID":"1286252","toID":"1286227","formEdgeID":null},{"edgeID":"1691978","fromID":"1286222","toID":"1286253","formEdgeID":null},{"edgeID":"1691979","fromID":"1286253","toID":"1286227","formEdgeID":null},{"edgeID":"1691980","fromID":"1286253","toID":"1286254","formEdgeID":null},{"edgeID":"1691981","fromID":"1286254","toID":"1286250","formEdgeID":null},{"edgeID":"1691982","fromID":"1286207","toID":"1286255","formEdgeID":null},{"edgeID":"1691983","fromID":"1286255","toID":"1286212","formEdgeID":null}],"locutions":[]}