{"nodes":[{"nodeID":"899019","text":"our frontline workers are the people who feel most let down by the Government during the pandemic","type":"I","timestamp":"2022-02-10 21:18:42"},{"nodeID":"899026","text":"our frontline workers will have questions","type":"I","timestamp":"2022-02-10 21:18:44"},{"nodeID":"899091","text":"persuasion is better than forcing people by threatening them with job loss","type":"I","timestamp":"2022-02-10 21:19:09"},{"nodeID":"1285436","text":"there are communities who are vaccine hesitant","type":"I","timestamp":"2023-11-09 12:34:50"},{"nodeID":"1285437","text":"Rosena Allin-Khan: there are communities who are vaccine hesitant","type":"L","timestamp":"2023-11-09 12:34:50"},{"nodeID":"1285438","text":"Analysing","type":"YA","timestamp":"2023-11-09 12:34:50"},{"nodeID":"1285439","text":"Mascha: Rosena Allin-Khan: there are communities who are vaccine hesitant","type":"L","timestamp":"2023-11-09 12:34:50"},{"nodeID":"1285440","text":"Asserting","type":"YA","timestamp":"2023-11-09 12:34:50"},{"nodeID":"1285441","text":"it's our frontline workers from our poorest, and Black and Minority Ethnic (BAME) group backgrounds who are in these beds in intensive care","type":"I","timestamp":"2023-11-09 12:34:50"},{"nodeID":"1285442","text":"Rosena Allin-Khan:  it's our frontline workers from our poorest, and Black and Minority Ethnic (BAME) group backgrounds who are in these beds","type":"L","timestamp":"2023-11-09 12:34:50"},{"nodeID":"1285443","text":"Analysing","type":"YA","timestamp":"2023-11-09 12:34:50"},{"nodeID":"1285444","text":"Mascha: Rosena Allin-Khan:  it's our frontline workers from our poorest, and Black and Minority Ethnic (BAME) group backgrounds who are in these beds","type":"L","timestamp":"2023-11-09 12:34:50"},{"nodeID":"1285445","text":"Asserting","type":"YA","timestamp":"2023-11-09 12:34:50"},{"nodeID":"1285446","text":"Default Transition","type":"TA","timestamp":"2023-11-09 12:34:50"},{"nodeID":"1285447","text":"our posties, bus drivers, shop workers are in the intensive care beds","type":"I","timestamp":"2023-11-09 12:34:51"},{"nodeID":"1285448","text":"Rosena Allin-Khan: our posties, bus drivers, shop workers","type":"L","timestamp":"2023-11-09 12:34:51"},{"nodeID":"1285449","text":"Analysing","type":"YA","timestamp":"2023-11-09 12:34:51"},{"nodeID":"1285450","text":"Mascha: Rosena Allin-Khan: our posties, bus drivers, shop workers","type":"L","timestamp":"2023-11-09 12:34:51"},{"nodeID":"1285451","text":"Asserting","type":"YA","timestamp":"2023-11-09 12:34:51"},{"nodeID":"1285452","text":"Default Transition","type":"TA","timestamp":"2023-11-09 12:34:51"},{"nodeID":"1285453","text":"Default Rephrase","type":"MA","timestamp":"2023-11-09 12:34:51"},{"nodeID":"1285454","text":"Restating","type":"YA","timestamp":"2023-11-09 12:34:51"},{"nodeID":"1285455","text":"Rosena Allin-Khan: these are the people who feel most let down by the Government during the pandemic","type":"L","timestamp":"2023-11-09 12:34:51"},{"nodeID":"1285456","text":"Analysing","type":"YA","timestamp":"2023-11-09 12:34:51"},{"nodeID":"1285457","text":"Mascha: Rosena Allin-Khan: these are the people who feel most let down by the Government during the pandemic","type":"L","timestamp":"2023-11-09 12:34:51"},{"nodeID":"1285458","text":"Asserting","type":"YA","timestamp":"2023-11-09 12:34:51"},{"nodeID":"1285459","text":"Default Inference","type":"RA","timestamp":"2023-11-09 12:34:51"},{"nodeID":"1285460","text":"Default Transition","type":"TA","timestamp":"2023-11-09 12:34:51"},{"nodeID":"1285461","text":"Arguing","type":"YA","timestamp":"2023-11-09 12:34:51"},{"nodeID":"1285462","text":"Default Transition","type":"TA","timestamp":"2023-11-09 12:34:51"},{"nodeID":"1285463","text":"it's very difficult for them to then trust someone who breaks all the rules to say yes, take our vaccine, you will be fine, you will be safe","type":"I","timestamp":"2023-11-09 12:34:52"},{"nodeID":"1285464","text":"Rosena Allin-Khan:  It's very difficult for them to then trust someone who breaks all the rules to say yes, take our vaccine, you will be fine, you will be safe","type":"L","timestamp":"2023-11-09 12:34:52"},{"nodeID":"1285465","text":"Analysing","type":"YA","timestamp":"2023-11-09 12:34:52"},{"nodeID":"1285466","text":"Mascha: Rosena Allin-Khan:  It's very difficult for them to then trust someone who breaks all the rules to say yes, take our vaccine, you will be fine, you will be safe","type":"L","timestamp":"2023-11-09 12:34:52"},{"nodeID":"1285467","text":"Asserting","type":"YA","timestamp":"2023-11-09 12:34:52"},{"nodeID":"1285468","text":"Default Transition","type":"TA","timestamp":"2023-11-09 12:34:52"},{"nodeID":"1285469","text":"Default Rephrase","type":"MA","timestamp":"2023-11-09 12:34:52"},{"nodeID":"1285470","text":"Restating","type":"YA","timestamp":"2023-11-09 12:34:52"},{"nodeID":"1285471","text":"Rosena Allin-Khan:  they will have questions","type":"L","timestamp":"2023-11-09 12:34:53"},{"nodeID":"1285472","text":"Analysing","type":"YA","timestamp":"2023-11-09 12:34:53"},{"nodeID":"1285473","text":"Mascha: Rosena Allin-Khan:  they will have questions","type":"L","timestamp":"2023-11-09 12:34:53"},{"nodeID":"1285474","text":"Asserting","type":"YA","timestamp":"2023-11-09 12:34:53"},{"nodeID":"1285475","text":"Default Transition","type":"TA","timestamp":"2023-11-09 12:34:53"},{"nodeID":"1285476","text":"my dad was dying in his care home last year","type":"I","timestamp":"2023-11-09 12:34:53"},{"nodeID":"1285477","text":"Rosena Allin-Khan:  My dad was dying in his care home last year","type":"L","timestamp":"2023-11-09 12:34:53"},{"nodeID":"1285478","text":"Analysing","type":"YA","timestamp":"2023-11-09 12:34:53"},{"nodeID":"1285479","text":"Mascha: Rosena Allin-Khan:  My dad was dying in his care home last year","type":"L","timestamp":"2023-11-09 12:34:53"},{"nodeID":"1285480","text":"Asserting","type":"YA","timestamp":"2023-11-09 12:34:53"},{"nodeID":"1285481","text":"Default Transition","type":"TA","timestamp":"2023-11-09 12:34:53"},{"nodeID":"1285482","text":"the very best people Rosea Allin-Khan has ever met in her life were the black carers that were looking after her dad","type":"I","timestamp":"2023-11-09 12:34:54"},{"nodeID":"1285483","text":"Rosena Allin-Khan: the very best people I have ever met in my life were the black carers that were looking after him","type":"L","timestamp":"2023-11-09 12:34:54"},{"nodeID":"1285484","text":"Analysing","type":"YA","timestamp":"2023-11-09 12:34:54"},{"nodeID":"1285485","text":"Mascha: Rosena Allin-Khan: the very best people I have ever met in my life were the black carers that were looking after him","type":"L","timestamp":"2023-11-09 12:34:54"},{"nodeID":"1285486","text":"Asserting","type":"YA","timestamp":"2023-11-09 12:34:54"},{"nodeID":"1285487","text":"Default Transition","type":"TA","timestamp":"2023-11-09 12:34:54"},{"nodeID":"1285488","text":"the best people Rosena Allin-Khan has ever met were the black carers of Rosena Allin-Khans dad","type":"I","timestamp":"2023-11-09 12:34:54"},{"nodeID":"1285489","text":"Rosena Allin-Khan: The best people I have ever met","type":"L","timestamp":"2023-11-09 12:34:54"},{"nodeID":"1285490","text":"Analysing","type":"YA","timestamp":"2023-11-09 12:34:54"},{"nodeID":"1285491","text":"Mascha: Rosena Allin-Khan: The best people I have ever met","type":"L","timestamp":"2023-11-09 12:34:54"},{"nodeID":"1285492","text":"Asserting","type":"YA","timestamp":"2023-11-09 12:34:54"},{"nodeID":"1285493","text":"Default Transition","type":"TA","timestamp":"2023-11-09 12:34:54"},{"nodeID":"1285494","text":"Default Rephrase","type":"MA","timestamp":"2023-11-09 12:34:54"},{"nodeID":"1285495","text":"Restating","type":"YA","timestamp":"2023-11-09 12:34:54"},{"nodeID":"1285496","text":"the black carers of Rosena Allin-Khans dad were vaccine hesitant","type":"I","timestamp":"2023-11-09 12:34:55"},{"nodeID":"1285497","text":"Rosena Allin-Khan: They were vaccine hesitant","type":"L","timestamp":"2023-11-09 12:34:55"},{"nodeID":"1285498","text":"Analysing","type":"YA","timestamp":"2023-11-09 12:34:55"},{"nodeID":"1285499","text":"Mascha: Rosena Allin-Khan: They were vaccine hesitant","type":"L","timestamp":"2023-11-09 12:34:55"},{"nodeID":"1285500","text":"Asserting","type":"YA","timestamp":"2023-11-09 12:34:55"},{"nodeID":"1285501","text":"Default Transition","type":"TA","timestamp":"2023-11-09 12:34:55"},{"nodeID":"1285502","text":"Default Rephrase","type":"MA","timestamp":"2023-11-09 12:34:55"},{"nodeID":"1285503","text":"Default Transition","type":"TA","timestamp":"2023-11-09 12:34:55"},{"nodeID":"1285504","text":"Restating","type":"YA","timestamp":"2023-11-09 12:34:55"},{"nodeID":"1285505","text":"the black carers of Rosena Allin-Khans dad said they felt so let down by the Government","type":"I","timestamp":"2023-11-09 12:34:56"},{"nodeID":"1285506","text":"Rosena Allin-Khan: they said they felt so let down by the Government","type":"L","timestamp":"2023-11-09 12:34:56"},{"nodeID":"1285507","text":"Analysing","type":"YA","timestamp":"2023-11-09 12:34:56"},{"nodeID":"1285508","text":"Mascha: Rosena Allin-Khan: they said they felt so let down by the Government","type":"L","timestamp":"2023-11-09 12:34:56"},{"nodeID":"1285509","text":"Asserting","type":"YA","timestamp":"2023-11-09 12:34:56"},{"nodeID":"1285510","text":"Default Transition","type":"TA","timestamp":"2023-11-09 12:34:56"},{"nodeID":"1285511","text":"Default Rephrase","type":"MA","timestamp":"2023-11-09 12:34:56"},{"nodeID":"1285512","text":"Default Transition","type":"TA","timestamp":"2023-11-09 12:34:56"},{"nodeID":"1285513","text":"Restating","type":"YA","timestamp":"2023-11-09 12:34:56"},{"nodeID":"1285514","text":"the black carers of Rosena Allin-Khans dad genuinely felt as though they may become infertile","type":"I","timestamp":"2023-11-09 12:34:56"},{"nodeID":"1285515","text":"Rosena Allin-Khan: they genuinely felt as though they may become infertile","type":"L","timestamp":"2023-11-09 12:34:56"},{"nodeID":"1285516","text":"Analysing","type":"YA","timestamp":"2023-11-09 12:34:56"},{"nodeID":"1285517","text":"Mascha: Rosena Allin-Khan: they genuinely felt as though they may become infertile","type":"L","timestamp":"2023-11-09 12:34:56"},{"nodeID":"1285518","text":"Asserting","type":"YA","timestamp":"2023-11-09 12:34:56"},{"nodeID":"1285519","text":"Default Inference","type":"RA","timestamp":"2023-11-09 12:34:56"},{"nodeID":"1285520","text":"Default Transition","type":"TA","timestamp":"2023-11-09 12:34:56"},{"nodeID":"1285521","text":"Arguing","type":"YA","timestamp":"2023-11-09 12:34:56"},{"nodeID":"1285522","text":"the black carers of Rosena Allin-Khans dad just needed to be persuaded of the vaccine","type":"I","timestamp":"2023-11-09 12:34:57"},{"nodeID":"1285523","text":"Rosena Allin-Khan: They just needed to be persuaded of it","type":"L","timestamp":"2023-11-09 12:34:57"},{"nodeID":"1285524","text":"Analysing","type":"YA","timestamp":"2023-11-09 12:34:57"},{"nodeID":"1285525","text":"Mascha: Rosena Allin-Khan: They just needed to be persuaded of it","type":"L","timestamp":"2023-11-09 12:34:57"},{"nodeID":"1285526","text":"Asserting","type":"YA","timestamp":"2023-11-09 12:34:57"},{"nodeID":"1285527","text":"Default Transition","type":"TA","timestamp":"2023-11-09 12:34:57"},{"nodeID":"1285528","text":"Rosena Allin-Khan: persuasion is better than forcing people by threatening them with job loss","type":"L","timestamp":"2023-11-09 12:34:57"},{"nodeID":"1285529","text":"Analysing","type":"YA","timestamp":"2023-11-09 12:34:57"},{"nodeID":"1285530","text":"Mascha: Rosena Allin-Khan: persuasion is better than forcing people by threatening them with job loss","type":"L","timestamp":"2023-11-09 12:34:57"},{"nodeID":"1285531","text":"Asserting","type":"YA","timestamp":"2023-11-09 12:34:57"},{"nodeID":"1285532","text":"Default Transition","type":"TA","timestamp":"2023-11-09 12:34:57"},{"nodeID":"1285533","text":"Default Rephrase","type":"MA","timestamp":"2023-11-09 12:34:57"},{"nodeID":"1285534","text":"Restating","type":"YA","timestamp":"2023-11-09 12:34:57"}],"edges":[{"edgeID":"1690974","fromID":"1285438","toID":"1285437","formEdgeID":null},{"edgeID":"1690975","fromID":"1285439","toID":"1285438","formEdgeID":null},{"edgeID":"1690976","fromID":"1285437","toID":"1285440","formEdgeID":null},{"edgeID":"1690977","fromID":"1285440","toID":"1285436","formEdgeID":null},{"edgeID":"1690978","fromID":"1285443","toID":"1285442","formEdgeID":null},{"edgeID":"1690979","fromID":"1285444","toID":"1285443","formEdgeID":null},{"edgeID":"1690980","fromID":"1285442","toID":"1285445","formEdgeID":null},{"edgeID":"1690981","fromID":"1285445","toID":"1285441","formEdgeID":null},{"edgeID":"1690982","fromID":"1285437","toID":"1285446","formEdgeID":null},{"edgeID":"1690983","fromID":"1285446","toID":"1285442","formEdgeID":null},{"edgeID":"1690984","fromID":"1285449","toID":"1285448","formEdgeID":null},{"edgeID":"1690985","fromID":"1285450","toID":"1285449","formEdgeID":null},{"edgeID":"1690986","fromID":"1285448","toID":"1285451","formEdgeID":null},{"edgeID":"1690987","fromID":"1285451","toID":"1285447","formEdgeID":null},{"edgeID":"1690988","fromID":"1285442","toID":"1285452","formEdgeID":null},{"edgeID":"1690989","fromID":"1285452","toID":"1285448","formEdgeID":null},{"edgeID":"1690990","fromID":"1285447","toID":"1285453","formEdgeID":null},{"edgeID":"1690991","fromID":"1285453","toID":"1285441","formEdgeID":null},{"edgeID":"1690992","fromID":"1285452","toID":"1285454","formEdgeID":null},{"edgeID":"1690993","fromID":"1285454","toID":"1285453","formEdgeID":null},{"edgeID":"1690994","fromID":"1285456","toID":"1285455","formEdgeID":null},{"edgeID":"1690995","fromID":"1285457","toID":"1285456","formEdgeID":null},{"edgeID":"1690996","fromID":"1285455","toID":"1285458","formEdgeID":null},{"edgeID":"1690997","fromID":"1285458","toID":"899019","formEdgeID":null},{"edgeID":"1690998","fromID":"899019","toID":"1285459","formEdgeID":null},{"edgeID":"1690999","fromID":"1285459","toID":"1285436","formEdgeID":null},{"edgeID":"1691000","fromID":"1285447","toID":"1285459","formEdgeID":null},{"edgeID":"1691001","fromID":"1285437","toID":"1285460","formEdgeID":null},{"edgeID":"1691002","fromID":"1285460","toID":"1285455","formEdgeID":null},{"edgeID":"1691003","fromID":"1285460","toID":"1285461","formEdgeID":null},{"edgeID":"1691004","fromID":"1285461","toID":"1285459","formEdgeID":null},{"edgeID":"1691005","fromID":"1285437","toID":"1285462","formEdgeID":null},{"edgeID":"1691006","fromID":"1285462","toID":"1285448","formEdgeID":null},{"edgeID":"1691007","fromID":"1285465","toID":"1285464","formEdgeID":null},{"edgeID":"1691008","fromID":"1285466","toID":"1285465","formEdgeID":null},{"edgeID":"1691009","fromID":"1285464","toID":"1285467","formEdgeID":null},{"edgeID":"1691010","fromID":"1285467","toID":"1285463","formEdgeID":null},{"edgeID":"1691011","fromID":"1285455","toID":"1285468","formEdgeID":null},{"edgeID":"1691012","fromID":"1285468","toID":"1285464","formEdgeID":null},{"edgeID":"1691013","fromID":"1285463","toID":"1285469","formEdgeID":null},{"edgeID":"1691014","fromID":"1285469","toID":"899019","formEdgeID":null},{"edgeID":"1691015","fromID":"1285468","toID":"1285470","formEdgeID":null},{"edgeID":"1691016","fromID":"1285470","toID":"1285469","formEdgeID":null},{"edgeID":"1691017","fromID":"1285472","toID":"1285471","formEdgeID":null},{"edgeID":"1691018","fromID":"1285473","toID":"1285472","formEdgeID":null},{"edgeID":"1691019","fromID":"1285471","toID":"1285474","formEdgeID":null},{"edgeID":"1691020","fromID":"1285474","toID":"899026","formEdgeID":null},{"edgeID":"1691021","fromID":"1285464","toID":"1285475","formEdgeID":null},{"edgeID":"1691022","fromID":"1285475","toID":"1285471","formEdgeID":null},{"edgeID":"1691023","fromID":"1285478","toID":"1285477","formEdgeID":null},{"edgeID":"1691024","fromID":"1285479","toID":"1285478","formEdgeID":null},{"edgeID":"1691025","fromID":"1285477","toID":"1285480","formEdgeID":null},{"edgeID":"1691026","fromID":"1285480","toID":"1285476","formEdgeID":null},{"edgeID":"1691027","fromID":"1285471","toID":"1285481","formEdgeID":null},{"edgeID":"1691028","fromID":"1285481","toID":"1285477","formEdgeID":null},{"edgeID":"1691029","fromID":"1285484","toID":"1285483","formEdgeID":null},{"edgeID":"1691030","fromID":"1285485","toID":"1285484","formEdgeID":null},{"edgeID":"1691031","fromID":"1285483","toID":"1285486","formEdgeID":null},{"edgeID":"1691032","fromID":"1285486","toID":"1285482","formEdgeID":null},{"edgeID":"1691033","fromID":"1285477","toID":"1285487","formEdgeID":null},{"edgeID":"1691034","fromID":"1285487","toID":"1285483","formEdgeID":null},{"edgeID":"1691035","fromID":"1285490","toID":"1285489","formEdgeID":null},{"edgeID":"1691036","fromID":"1285491","toID":"1285490","formEdgeID":null},{"edgeID":"1691037","fromID":"1285489","toID":"1285492","formEdgeID":null},{"edgeID":"1691038","fromID":"1285492","toID":"1285488","formEdgeID":null},{"edgeID":"1691039","fromID":"1285483","toID":"1285493","formEdgeID":null},{"edgeID":"1691040","fromID":"1285493","toID":"1285489","formEdgeID":null},{"edgeID":"1691041","fromID":"1285488","toID":"1285494","formEdgeID":null},{"edgeID":"1691042","fromID":"1285494","toID":"1285482","formEdgeID":null},{"edgeID":"1691043","fromID":"1285493","toID":"1285495","formEdgeID":null},{"edgeID":"1691044","fromID":"1285495","toID":"1285494","formEdgeID":null},{"edgeID":"1691045","fromID":"1285498","toID":"1285497","formEdgeID":null},{"edgeID":"1691046","fromID":"1285499","toID":"1285498","formEdgeID":null},{"edgeID":"1691047","fromID":"1285497","toID":"1285500","formEdgeID":null},{"edgeID":"1691048","fromID":"1285500","toID":"1285496","formEdgeID":null},{"edgeID":"1691049","fromID":"1285489","toID":"1285501","formEdgeID":null},{"edgeID":"1691050","fromID":"1285501","toID":"1285497","formEdgeID":null},{"edgeID":"1691051","fromID":"1285496","toID":"1285502","formEdgeID":null},{"edgeID":"1691052","fromID":"1285502","toID":"1285441","formEdgeID":null},{"edgeID":"1691053","fromID":"1285442","toID":"1285503","formEdgeID":null},{"edgeID":"1691054","fromID":"1285503","toID":"1285497","formEdgeID":null},{"edgeID":"1691055","fromID":"1285503","toID":"1285504","formEdgeID":null},{"edgeID":"1691056","fromID":"1285504","toID":"1285502","formEdgeID":null},{"edgeID":"1691057","fromID":"1285507","toID":"1285506","formEdgeID":null},{"edgeID":"1691058","fromID":"1285508","toID":"1285507","formEdgeID":null},{"edgeID":"1691059","fromID":"1285506","toID":"1285509","formEdgeID":null},{"edgeID":"1691060","fromID":"1285509","toID":"1285505","formEdgeID":null},{"edgeID":"1691061","fromID":"1285497","toID":"1285510","formEdgeID":null},{"edgeID":"1691062","fromID":"1285510","toID":"1285506","formEdgeID":null},{"edgeID":"1691063","fromID":"1285505","toID":"1285511","formEdgeID":null},{"edgeID":"1691064","fromID":"1285511","toID":"899019","formEdgeID":null},{"edgeID":"1691065","fromID":"1285455","toID":"1285512","formEdgeID":null},{"edgeID":"1691066","fromID":"1285512","toID":"1285506","formEdgeID":null},{"edgeID":"1691067","fromID":"1285512","toID":"1285513","formEdgeID":null},{"edgeID":"1691068","fromID":"1285513","toID":"1285511","formEdgeID":null},{"edgeID":"1691069","fromID":"1285516","toID":"1285515","formEdgeID":null},{"edgeID":"1691070","fromID":"1285517","toID":"1285516","formEdgeID":null},{"edgeID":"1691071","fromID":"1285515","toID":"1285518","formEdgeID":null},{"edgeID":"1691072","fromID":"1285518","toID":"1285514","formEdgeID":null},{"edgeID":"1691073","fromID":"1285514","toID":"1285519","formEdgeID":null},{"edgeID":"1691074","fromID":"1285519","toID":"1285496","formEdgeID":null},{"edgeID":"1691075","fromID":"1285505","toID":"1285519","formEdgeID":null},{"edgeID":"1691076","fromID":"1285497","toID":"1285520","formEdgeID":null},{"edgeID":"1691077","fromID":"1285520","toID":"1285515","formEdgeID":null},{"edgeID":"1691078","fromID":"1285520","toID":"1285521","formEdgeID":null},{"edgeID":"1691079","fromID":"1285521","toID":"1285519","formEdgeID":null},{"edgeID":"1691080","fromID":"1285524","toID":"1285523","formEdgeID":null},{"edgeID":"1691081","fromID":"1285525","toID":"1285524","formEdgeID":null},{"edgeID":"1691082","fromID":"1285523","toID":"1285526","formEdgeID":null},{"edgeID":"1691083","fromID":"1285526","toID":"1285522","formEdgeID":null},{"edgeID":"1691084","fromID":"1285515","toID":"1285527","formEdgeID":null},{"edgeID":"1691085","fromID":"1285527","toID":"1285523","formEdgeID":null},{"edgeID":"1691086","fromID":"1285529","toID":"1285528","formEdgeID":null},{"edgeID":"1691087","fromID":"1285530","toID":"1285529","formEdgeID":null},{"edgeID":"1691088","fromID":"1285528","toID":"1285531","formEdgeID":null},{"edgeID":"1691089","fromID":"1285531","toID":"899091","formEdgeID":null},{"edgeID":"1691090","fromID":"1285523","toID":"1285532","formEdgeID":null},{"edgeID":"1691091","fromID":"1285532","toID":"1285528","formEdgeID":null},{"edgeID":"1691092","fromID":"899091","toID":"1285533","formEdgeID":null},{"edgeID":"1691093","fromID":"1285533","toID":"1285522","formEdgeID":null},{"edgeID":"1691094","fromID":"1285532","toID":"1285534","formEdgeID":null},{"edgeID":"1691095","fromID":"1285534","toID":"1285533","formEdgeID":null}],"locutions":[]}