{"nodes":[{"nodeID":"899125","text":"Fiona Bruce has to understand why it's difficult for the Conservative Party to understand what to do about him","type":"I","timestamp":"2022-02-10 21:19:20"},{"nodeID":"899132","text":"Tim Stanley really likes Boris Johnson as he reminds him of a character in an oceans 11 film, technically he may be a conman and the bad guy but you want to see if he gets away with it","type":"I","timestamp":"2022-02-10 21:19:23"},{"nodeID":"1144268","text":"it is necessary for us to have perspective on what we are charging the Prime Minister with so let us just take a step back","type":"I","timestamp":"2023-04-20 10:06:08"},{"nodeID":"1144273","text":"it is necessary for us to have perspective here. About exactly what we are charging the Prime Minister with","type":"I","timestamp":"2023-04-20 10:06:11"},{"nodeID":"1144280","text":"hang on otherwise no-one will get a word in","type":"I","timestamp":"2023-04-20 10:06:13"},{"nodeID":"1144286","text":"the Conservatives argument for the last couple of weeks has been we need to stop talking about the Prime Minister and the other ways the country is in a mess","type":"I","timestamp":"2023-04-20 10:06:15"},{"nodeID":"1144292","text":"the Conservatives argument has been that we stop talking about the way the prime minister and the other ways the country is a mess  such as inflation and energy bills","type":"I","timestamp":"2023-04-20 10:06:18"},{"nodeID":"1144300","text":"Boris Johnson is a phenomenon","type":"I","timestamp":"2023-04-20 10:06:20"},{"nodeID":"1144306","text":"Tim Stanley is amongst a minority who rather likes him","type":"I","timestamp":"2023-04-20 10:06:22"},{"nodeID":"1144316","text":"Boris Johnson is similar to George Clooney or Boris Johnson is similar to Brad Pitt","type":"I","timestamp":"2023-04-20 10:06:27"},{"nodeID":"1144322","text":"the way Fiona Bruce framed the question is interesting","type":"I","timestamp":"2023-04-20 10:06:29"},{"nodeID":"1287295","text":"Analysing","type":"YA","timestamp":"2023-11-09 12:37:30"},{"nodeID":"1287296","text":"Fyfe: Crispin Blunt: It's necessary for us to have perspective here","type":"L","timestamp":"2023-11-09 12:37:30"},{"nodeID":"1287297","text":"Crispin Blunt: So let's just take a step back","type":"L","timestamp":"2023-11-09 12:37:31"},{"nodeID":"1287298","text":"Analysing","type":"YA","timestamp":"2023-11-09 12:37:31"},{"nodeID":"1287299","text":"Fyfe: Crispin Blunt: So let's just take a step back","type":"L","timestamp":"2023-11-09 12:37:31"},{"nodeID":"1287300","text":"Asserting","type":"YA","timestamp":"2023-11-09 12:37:31"},{"nodeID":"1287301","text":"Crispin Blunt:  It's necessary for us to have perspective here. About exactly what we are charging the Prime Minister with","type":"L","timestamp":"2023-11-09 12:37:31"},{"nodeID":"1287302","text":"Analysing","type":"YA","timestamp":"2023-11-09 12:37:31"},{"nodeID":"1287303","text":"Fyfe: Crispin Blunt:  It's necessary for us to have perspective here. About exactly what we are charging the Prime Minister with","type":"L","timestamp":"2023-11-09 12:37:31"},{"nodeID":"1287304","text":"Asserting","type":"YA","timestamp":"2023-11-09 12:37:31"},{"nodeID":"1287305","text":"Default Transition","type":"TA","timestamp":"2023-11-09 12:37:31"},{"nodeID":"1287306","text":"Default Rephrase","type":"MA","timestamp":"2023-11-09 12:37:31"},{"nodeID":"1287307","text":"Fiona Bruce: Hang on otherwise no-one will get a word in","type":"L","timestamp":"2023-11-09 12:37:32"},{"nodeID":"1287308","text":"Analysing","type":"YA","timestamp":"2023-11-09 12:37:32"},{"nodeID":"1287309","text":"Fyfe: Fiona Bruce: Hang on otherwise no-one will get a word in","type":"L","timestamp":"2023-11-09 12:37:32"},{"nodeID":"1287310","text":"Asserting","type":"YA","timestamp":"2023-11-09 12:37:32"},{"nodeID":"1287311","text":"Default Transition","type":"TA","timestamp":"2023-11-09 12:37:32"},{"nodeID":"1287312","text":"Tim Stanley: The Conservatives argument for the last couple of weeks has been we need to stop talking about the Prime Minister and the other ways the country is in a mess","type":"L","timestamp":"2023-11-09 12:37:32"},{"nodeID":"1287313","text":"Analysing","type":"YA","timestamp":"2023-11-09 12:37:32"},{"nodeID":"1287314","text":"Fyfe: Tim Stanley: The Conservatives argument for the last couple of weeks has been we need to stop talking about the Prime Minister and the other ways the country is in a mess","type":"L","timestamp":"2023-11-09 12:37:32"},{"nodeID":"1287315","text":"Asserting","type":"YA","timestamp":"2023-11-09 12:37:32"},{"nodeID":"1287316","text":"Default Transition","type":"TA","timestamp":"2023-11-09 12:37:32"},{"nodeID":"1287317","text":"Tim Stanley: Like inflation, like energy bills","type":"L","timestamp":"2023-11-09 12:37:33"},{"nodeID":"1287318","text":"Analysing","type":"YA","timestamp":"2023-11-09 12:37:33"},{"nodeID":"1287319","text":"Fyfe: Tim Stanley: Like inflation, like energy bills","type":"L","timestamp":"2023-11-09 12:37:33"},{"nodeID":"1287320","text":"Asserting","type":"YA","timestamp":"2023-11-09 12:37:33"},{"nodeID":"1287321","text":"Default Transition","type":"TA","timestamp":"2023-11-09 12:37:33"},{"nodeID":"1287322","text":"Default Rephrase","type":"MA","timestamp":"2023-11-09 12:37:33"},{"nodeID":"1287323","text":"Default Illocuting","type":"YA","timestamp":"2023-11-09 12:37:33"},{"nodeID":"1287324","text":"Tim Stanley: Boris Johnson is a phenomenon","type":"L","timestamp":"2023-11-09 12:37:34"},{"nodeID":"1287325","text":"Analysing","type":"YA","timestamp":"2023-11-09 12:37:34"},{"nodeID":"1287326","text":"Fyfe: Tim Stanley: Boris Johnson is a phenomenon","type":"L","timestamp":"2023-11-09 12:37:34"},{"nodeID":"1287327","text":"Asserting","type":"YA","timestamp":"2023-11-09 12:37:34"},{"nodeID":"1287328","text":"Default Transition","type":"TA","timestamp":"2023-11-09 12:37:34"},{"nodeID":"1287329","text":"Tim Stanley:  I'm amongst a minority who rather likes him","type":"L","timestamp":"2023-11-09 12:37:34"},{"nodeID":"1287330","text":"Analysing","type":"YA","timestamp":"2023-11-09 12:37:34"},{"nodeID":"1287331","text":"Fyfe: Tim Stanley:  I'm amongst a minority who rather likes him","type":"L","timestamp":"2023-11-09 12:37:34"},{"nodeID":"1287332","text":"Asserting","type":"YA","timestamp":"2023-11-09 12:37:34"},{"nodeID":"1287333","text":"Default Transition","type":"TA","timestamp":"2023-11-09 12:37:34"},{"nodeID":"1287334","text":"Tim Stanley: He reminds me of a character in an oceans 11 film, technically he may be a conman and the bad guy but you want to see if he gets away with it","type":"L","timestamp":"2023-11-09 12:37:35"},{"nodeID":"1287335","text":"Analysing","type":"YA","timestamp":"2023-11-09 12:37:35"},{"nodeID":"1287336","text":"Fyfe: Tim Stanley: He reminds me of a character in an oceans 11 film, technically he may be a conman and the bad guy but you want to see if he gets away with it","type":"L","timestamp":"2023-11-09 12:37:35"},{"nodeID":"1287337","text":"Asserting","type":"YA","timestamp":"2023-11-09 12:37:35"},{"nodeID":"1287338","text":"Default Transition","type":"TA","timestamp":"2023-11-09 12:37:35"},{"nodeID":"1287339","text":"Fiona Bruce: George Clooney or Brad Pitt","type":"L","timestamp":"2023-11-09 12:37:35"},{"nodeID":"1287340","text":"Analysing","type":"YA","timestamp":"2023-11-09 12:37:35"},{"nodeID":"1287341","text":"Fyfe: Fiona Bruce: George Clooney or Brad Pitt","type":"L","timestamp":"2023-11-09 12:37:35"},{"nodeID":"1287342","text":"Pure Questioning","type":"YA","timestamp":"2023-11-09 12:37:35"},{"nodeID":"1287343","text":"Default Transition","type":"TA","timestamp":"2023-11-09 12:37:35"},{"nodeID":"1287344","text":"Tim Stanley: The way you framed the question is interesting","type":"L","timestamp":"2023-11-09 12:37:36"},{"nodeID":"1287345","text":"Analysing","type":"YA","timestamp":"2023-11-09 12:37:36"},{"nodeID":"1287346","text":"Fyfe: Tim Stanley: The way you framed the question is interesting","type":"L","timestamp":"2023-11-09 12:37:36"},{"nodeID":"1287347","text":"Asserting","type":"YA","timestamp":"2023-11-09 12:37:36"},{"nodeID":"1287348","text":"Tim Stanley: You have to understand why it's difficult for the Conservative Party to understand what to do about him","type":"L","timestamp":"2023-11-09 12:37:36"},{"nodeID":"1287349","text":"Analysing","type":"YA","timestamp":"2023-11-09 12:37:36"},{"nodeID":"1287350","text":"Fyfe: Tim Stanley: You have to understand why it's difficult for the Conservative Party to understand what to do about him","type":"L","timestamp":"2023-11-09 12:37:36"},{"nodeID":"1287351","text":"Asserting","type":"YA","timestamp":"2023-11-09 12:37:36"},{"nodeID":"1287352","text":"Default Transition","type":"TA","timestamp":"2023-11-09 12:37:36"},{"nodeID":"1287353","text":"Default Transition","type":"TA","timestamp":"2023-11-09 12:37:36"},{"nodeID":"1287354","text":"Default Rephrase","type":"MA","timestamp":"2023-11-09 12:37:36"},{"nodeID":"1287355","text":"Restating","type":"YA","timestamp":"2023-11-09 12:37:36"},{"nodeID":"1287356","text":"Restating","type":"YA","timestamp":"2023-11-09 12:37:36"}],"edges":[{"edgeID":"1693224","fromID":"1287296","toID":"1287295","formEdgeID":null},{"edgeID":"1693225","fromID":"1287298","toID":"1287297","formEdgeID":null},{"edgeID":"1693226","fromID":"1287299","toID":"1287298","formEdgeID":null},{"edgeID":"1693227","fromID":"1287297","toID":"1287300","formEdgeID":null},{"edgeID":"1693228","fromID":"1287300","toID":"1144268","formEdgeID":null},{"edgeID":"1693229","fromID":"1287302","toID":"1287301","formEdgeID":null},{"edgeID":"1693230","fromID":"1287303","toID":"1287302","formEdgeID":null},{"edgeID":"1693231","fromID":"1287301","toID":"1287304","formEdgeID":null},{"edgeID":"1693232","fromID":"1287304","toID":"1144273","formEdgeID":null},{"edgeID":"1693233","fromID":"1287301","toID":"1287305","formEdgeID":null},{"edgeID":"1693234","fromID":"1287305","toID":"1287297","formEdgeID":null},{"edgeID":"1693235","fromID":"1144268","toID":"1287306","formEdgeID":null},{"edgeID":"1693236","fromID":"1287306","toID":"1144273","formEdgeID":null},{"edgeID":"1693237","fromID":"1287308","toID":"1287307","formEdgeID":null},{"edgeID":"1693238","fromID":"1287309","toID":"1287308","formEdgeID":null},{"edgeID":"1693239","fromID":"1287307","toID":"1287310","formEdgeID":null},{"edgeID":"1693240","fromID":"1287310","toID":"1144280","formEdgeID":null},{"edgeID":"1693241","fromID":"1287297","toID":"1287311","formEdgeID":null},{"edgeID":"1693242","fromID":"1287311","toID":"1287307","formEdgeID":null},{"edgeID":"1693243","fromID":"1287313","toID":"1287312","formEdgeID":null},{"edgeID":"1693244","fromID":"1287314","toID":"1287313","formEdgeID":null},{"edgeID":"1693245","fromID":"1287312","toID":"1287315","formEdgeID":null},{"edgeID":"1693246","fromID":"1287315","toID":"1144286","formEdgeID":null},{"edgeID":"1693247","fromID":"1287307","toID":"1287316","formEdgeID":null},{"edgeID":"1693248","fromID":"1287316","toID":"1287312","formEdgeID":null},{"edgeID":"1693249","fromID":"1287318","toID":"1287317","formEdgeID":null},{"edgeID":"1693250","fromID":"1287319","toID":"1287318","formEdgeID":null},{"edgeID":"1693251","fromID":"1287317","toID":"1287320","formEdgeID":null},{"edgeID":"1693252","fromID":"1287320","toID":"1144292","formEdgeID":null},{"edgeID":"1693253","fromID":"1287312","toID":"1287321","formEdgeID":null},{"edgeID":"1693254","fromID":"1287321","toID":"1287317","formEdgeID":null},{"edgeID":"1693255","fromID":"1144292","toID":"1287322","formEdgeID":null},{"edgeID":"1693256","fromID":"1287322","toID":"1144286","formEdgeID":null},{"edgeID":"1693257","fromID":"1287321","toID":"1287323","formEdgeID":null},{"edgeID":"1693258","fromID":"1287323","toID":"1287322","formEdgeID":null},{"edgeID":"1693259","fromID":"1287325","toID":"1287324","formEdgeID":null},{"edgeID":"1693260","fromID":"1287326","toID":"1287325","formEdgeID":null},{"edgeID":"1693261","fromID":"1287324","toID":"1287327","formEdgeID":null},{"edgeID":"1693262","fromID":"1287327","toID":"1144300","formEdgeID":null},{"edgeID":"1693263","fromID":"1287317","toID":"1287328","formEdgeID":null},{"edgeID":"1693264","fromID":"1287328","toID":"1287324","formEdgeID":null},{"edgeID":"1693265","fromID":"1287330","toID":"1287329","formEdgeID":null},{"edgeID":"1693266","fromID":"1287331","toID":"1287330","formEdgeID":null},{"edgeID":"1693267","fromID":"1287329","toID":"1287332","formEdgeID":null},{"edgeID":"1693268","fromID":"1287332","toID":"1144306","formEdgeID":null},{"edgeID":"1693269","fromID":"1287324","toID":"1287333","formEdgeID":null},{"edgeID":"1693270","fromID":"1287333","toID":"1287329","formEdgeID":null},{"edgeID":"1693271","fromID":"1287335","toID":"1287334","formEdgeID":null},{"edgeID":"1693272","fromID":"1287336","toID":"1287335","formEdgeID":null},{"edgeID":"1693273","fromID":"1287334","toID":"1287337","formEdgeID":null},{"edgeID":"1693274","fromID":"1287337","toID":"899132","formEdgeID":null},{"edgeID":"1693275","fromID":"1287329","toID":"1287338","formEdgeID":null},{"edgeID":"1693276","fromID":"1287338","toID":"1287334","formEdgeID":null},{"edgeID":"1693277","fromID":"1287340","toID":"1287339","formEdgeID":null},{"edgeID":"1693278","fromID":"1287341","toID":"1287340","formEdgeID":null},{"edgeID":"1693279","fromID":"1287339","toID":"1287342","formEdgeID":null},{"edgeID":"1693280","fromID":"1287342","toID":"1144316","formEdgeID":null},{"edgeID":"1693281","fromID":"1287334","toID":"1287343","formEdgeID":null},{"edgeID":"1693282","fromID":"1287343","toID":"1287339","formEdgeID":null},{"edgeID":"1693283","fromID":"1287345","toID":"1287344","formEdgeID":null},{"edgeID":"1693284","fromID":"1287346","toID":"1287345","formEdgeID":null},{"edgeID":"1693285","fromID":"1287344","toID":"1287347","formEdgeID":null},{"edgeID":"1693286","fromID":"1287347","toID":"1144322","formEdgeID":null},{"edgeID":"1693287","fromID":"1287349","toID":"1287348","formEdgeID":null},{"edgeID":"1693288","fromID":"1287350","toID":"1287349","formEdgeID":null},{"edgeID":"1693289","fromID":"1287348","toID":"1287351","formEdgeID":null},{"edgeID":"1693290","fromID":"1287351","toID":"899125","formEdgeID":null},{"edgeID":"1693291","fromID":"1287339","toID":"1287352","formEdgeID":null},{"edgeID":"1693292","fromID":"1287352","toID":"1287344","formEdgeID":null},{"edgeID":"1693293","fromID":"1287344","toID":"1287353","formEdgeID":null},{"edgeID":"1693294","fromID":"1287353","toID":"1287348","formEdgeID":null},{"edgeID":"1693295","fromID":"899132","toID":"1287354","formEdgeID":null},{"edgeID":"1693296","fromID":"1287354","toID":"1144306","formEdgeID":null},{"edgeID":"1693297","fromID":"1287338","toID":"1287355","formEdgeID":null},{"edgeID":"1693298","fromID":"1287355","toID":"1287354","formEdgeID":null},{"edgeID":"1693299","fromID":"1287305","toID":"1287356","formEdgeID":null},{"edgeID":"1693300","fromID":"1287356","toID":"1287306","formEdgeID":null}],"locutions":[]}