{"nodes":[{"nodeID":"899162","text":"we are or are not being played here","type":"I","timestamp":"2022-02-10 21:19:34"},{"nodeID":"1144336","text":"Boris Johnson is or is not causing irreversible damage to the Conservative Party","type":"I","timestamp":"2023-04-20 10:07:08"},{"nodeID":"1147672","text":"we have been talking about Boris Johnson potentially causing irreversible damage to the Conservative Party for a long time","type":"I","timestamp":"2023-04-20 10:27:06"},{"nodeID":"1147678","text":"so many put in questions about Boris Johnson potentially causing irreversible damage to the Conservative Party","type":"I","timestamp":"2023-04-20 10:27:09"},{"nodeID":"1147685","text":"there have been four or five resignations today, this evening","type":"I","timestamp":"2023-04-20 10:27:11"},{"nodeID":"1147693","text":"we are plainly going through a huge crisis in terms of confidence in the Prime Minister, and the Government as it's presented in the media around the pattern of behaviour in Downing Street and the Cabinet Office over the last two years","type":"I","timestamp":"2023-04-20 10:27:13"},{"nodeID":"1147699","text":"no-one should deny that we are plainly going through a huge crisis in terms of confidence in the Prime Minister, and the Government as it's presented in the media around the pattern of behaviour in Downing Street and the Cabinet Office over the last two years","type":"I","timestamp":"2023-04-20 10:27:16"},{"nodeID":"1147705","text":"what is sitting behind us plainly going through a huge crisis in terms of confidence in the Prime Minister, and the Government as it's presented in the media around the pattern of behaviour in Downing Street and the Cabinet Office over the last two years is the Prime Minister's former Chief of Staff who has been sitting there, leeching out bit by bit information into the media","type":"I","timestamp":"2023-04-20 10:27:18"},{"nodeID":"1147714","text":"Crispin Blunt is or is not talking about Dominic Cummings when he mentions the Prime Minister's former Chief of Staff who has been sitting there, leeching out bit by bit information into the media","type":"I","timestamp":"2023-04-20 10:27:21"},{"nodeID":"1147720","text":"Dominic Cummings's current Chief of Staff has just resigned","type":"I","timestamp":"2023-04-20 10:27:23"},{"nodeID":"1147731","text":"Crispin Blunt is talking about Dominic Cummings when he mentions the Prime Minister's former Chief of Staff who has been sitting there, leeching out bit by bit information into the media","type":"I","timestamp":"2023-04-20 10:27:25"},{"nodeID":"1147738","text":"we are seeing the media cheerfully picking up all the information Dominic Cummings is leeching out bit by bit into the media","type":"I","timestamp":"2023-04-20 10:27:28"},{"nodeID":"1147744","text":"the stories are coming out bit by bit","type":"I","timestamp":"2023-04-20 10:27:30"},{"nodeID":"1147757","text":"we are being played here","type":"I","timestamp":"2023-04-20 10:27:35"},{"nodeID":"1147765","text":"we should understand the circumstances","type":"I","timestamp":"2023-04-20 10:27:37"},{"nodeID":"1147773","text":"being played by Dominic Cummings doesn't mean we shouldn't be conscious about the effect it has on people who have very properly followed the rules very precisely","type":"I","timestamp":"2023-04-20 10:27:40"},{"nodeID":"1147781","text":"people who have very properly followed the rules very precisely are understandably extremely cross","type":"I","timestamp":"2023-04-20 10:27:42"},{"nodeID":"1147789","text":"a few people hadn't followed the rules earlier","type":"I","timestamp":"2023-04-20 10:27:45"},{"nodeID":"1147804","text":"a lot of people would have have followed the rules","type":"I","timestamp":"2023-04-20 10:27:50"},{"nodeID":"1147812","text":"Crispin Blunt can understand the real annoyance of people who followed the rules","type":"I","timestamp":"2023-04-20 10:27:52"},{"nodeID":"1288136","text":"AudienceMember 20220210QT36: Is Boris Johnson causing irreversible damage to the Conservative Party","type":"L","timestamp":"2023-11-09 12:38:51"},{"nodeID":"1288137","text":"Analysing","type":"YA","timestamp":"2023-11-09 12:38:51"},{"nodeID":"1288138","text":"Clara: AudienceMember 20220210QT36: Is Boris Johnson causing irreversible damage to the Conservative Party","type":"L","timestamp":"2023-11-09 12:38:51"},{"nodeID":"1288139","text":"Pure Questioning","type":"YA","timestamp":"2023-11-09 12:38:51"},{"nodeID":"1288140","text":"Fiona Bruce: We have been talking about this for a long time","type":"L","timestamp":"2023-11-09 12:38:52"},{"nodeID":"1288141","text":"Analysing","type":"YA","timestamp":"2023-11-09 12:38:52"},{"nodeID":"1288142","text":"Clara: Fiona Bruce: We have been talking about this for a long time","type":"L","timestamp":"2023-11-09 12:38:52"},{"nodeID":"1288143","text":"Asserting","type":"YA","timestamp":"2023-11-09 12:38:52"},{"nodeID":"1288144","text":"Default Transition","type":"TA","timestamp":"2023-11-09 12:38:52"},{"nodeID":"1288145","text":"Fiona Bruce:  so many put in questions about this","type":"L","timestamp":"2023-11-09 12:38:52"},{"nodeID":"1288146","text":"Analysing","type":"YA","timestamp":"2023-11-09 12:38:52"},{"nodeID":"1288147","text":"Clara: Fiona Bruce:  so many put in questions about this","type":"L","timestamp":"2023-11-09 12:38:52"},{"nodeID":"1288148","text":"Asserting","type":"YA","timestamp":"2023-11-09 12:38:52"},{"nodeID":"1288149","text":"Default Transition","type":"TA","timestamp":"2023-11-09 12:38:52"},{"nodeID":"1288150","text":"Default Rephrase","type":"MA","timestamp":"2023-11-09 12:38:52"},{"nodeID":"1288151","text":"Fiona Bruce: There have been four or five resignations today, this evening","type":"L","timestamp":"2023-11-09 12:38:53"},{"nodeID":"1288152","text":"Analysing","type":"YA","timestamp":"2023-11-09 12:38:53"},{"nodeID":"1288153","text":"Clara: Fiona Bruce: There have been four or five resignations today, this evening","type":"L","timestamp":"2023-11-09 12:38:53"},{"nodeID":"1288154","text":"Asserting","type":"YA","timestamp":"2023-11-09 12:38:53"},{"nodeID":"1288155","text":"Default Transition","type":"TA","timestamp":"2023-11-09 12:38:53"},{"nodeID":"1288156","text":"Default Rephrase","type":"MA","timestamp":"2023-11-09 12:38:53"},{"nodeID":"1288157","text":"Restating","type":"YA","timestamp":"2023-11-09 12:38:53"},{"nodeID":"1288158","text":"Crispin Blunt:  We are plainly going through a huge crisis in terms of confidence in the Prime Minister, and the Government as it's presented in the media around the pattern of behaviour in Downing Street and the Cabinet Office over the last two years","type":"L","timestamp":"2023-11-09 12:38:53"},{"nodeID":"1288159","text":"Analysing","type":"YA","timestamp":"2023-11-09 12:38:53"},{"nodeID":"1288160","text":"Clara: Crispin Blunt:  We are plainly going through a huge crisis in terms of confidence in the Prime Minister, and the Government as it's presented in the media around the pattern of behaviour in Downing Street and the Cabinet Office over the last two years","type":"L","timestamp":"2023-11-09 12:38:53"},{"nodeID":"1288161","text":"Asserting","type":"YA","timestamp":"2023-11-09 12:38:53"},{"nodeID":"1288162","text":"Default Transition","type":"TA","timestamp":"2023-11-09 12:38:53"},{"nodeID":"1288163","text":"Crispin Blunt: No-one should deny that","type":"L","timestamp":"2023-11-09 12:38:54"},{"nodeID":"1288164","text":"Analysing","type":"YA","timestamp":"2023-11-09 12:38:54"},{"nodeID":"1288165","text":"Clara: Crispin Blunt: No-one should deny that","type":"L","timestamp":"2023-11-09 12:38:54"},{"nodeID":"1288166","text":"Asserting","type":"YA","timestamp":"2023-11-09 12:38:54"},{"nodeID":"1288167","text":"Default Transition","type":"TA","timestamp":"2023-11-09 12:38:54"},{"nodeID":"1288168","text":"Crispin Blunt: what is sitting behind that is the Prime Minister's former Chief of Staff who has then sitting there, leeching out bit by bit information into the media","type":"L","timestamp":"2023-11-09 12:38:55"},{"nodeID":"1288169","text":"Analysing","type":"YA","timestamp":"2023-11-09 12:38:55"},{"nodeID":"1288170","text":"Clara: Crispin Blunt: what is sitting behind that is the Prime Minister's former Chief of Staff who has then sitting there, leeching out bit by bit information into the media","type":"L","timestamp":"2023-11-09 12:38:55"},{"nodeID":"1288171","text":"Asserting","type":"YA","timestamp":"2023-11-09 12:38:55"},{"nodeID":"1288172","text":"Default Rephrase","type":"MA","timestamp":"2023-11-09 12:38:55"},{"nodeID":"1288173","text":"Default Transition","type":"TA","timestamp":"2023-11-09 12:38:55"},{"nodeID":"1288174","text":"Restating","type":"YA","timestamp":"2023-11-09 12:38:55"},{"nodeID":"1288175","text":"Restating","type":"YA","timestamp":"2023-11-09 12:38:55"},{"nodeID":"1288176","text":"Fiona Bruce: You are talking about Dominic Cummings?","type":"L","timestamp":"2023-11-09 12:38:55"},{"nodeID":"1288177","text":"Analysing","type":"YA","timestamp":"2023-11-09 12:38:55"},{"nodeID":"1288178","text":"Clara: Fiona Bruce: You are talking about Dominic Cummings?","type":"L","timestamp":"2023-11-09 12:38:55"},{"nodeID":"1288179","text":"Pure Questioning","type":"YA","timestamp":"2023-11-09 12:38:55"},{"nodeID":"1288180","text":"Default Transition","type":"TA","timestamp":"2023-11-09 12:38:55"},{"nodeID":"1288181","text":"Fiona Bruce: His current Chief of Staff has just resigned","type":"L","timestamp":"2023-11-09 12:38:56"},{"nodeID":"1288182","text":"Analysing","type":"YA","timestamp":"2023-11-09 12:38:56"},{"nodeID":"1288183","text":"Clara: Fiona Bruce: His current Chief of Staff has just resigned","type":"L","timestamp":"2023-11-09 12:38:56"},{"nodeID":"1288184","text":"Asserting","type":"YA","timestamp":"2023-11-09 12:38:56"},{"nodeID":"1288185","text":"Default Transition","type":"TA","timestamp":"2023-11-09 12:38:56"},{"nodeID":"1288186","text":"Default Rephrase","type":"MA","timestamp":"2023-11-09 12:38:56"},{"nodeID":"1288187","text":"Restating","type":"YA","timestamp":"2023-11-09 12:38:56"},{"nodeID":"1288188","text":"Default Transition","type":"TA","timestamp":"2023-11-09 12:38:56"},{"nodeID":"1288189","text":"Default Inference","type":"RA","timestamp":"2023-11-09 12:38:56"},{"nodeID":"1288190","text":"Arguing","type":"YA","timestamp":"2023-11-09 12:38:56"},{"nodeID":"1288191","text":"Crispin Blunt: I'm talking about Dominic Cummings","type":"L","timestamp":"2023-11-09 12:38:57"},{"nodeID":"1288192","text":"Analysing","type":"YA","timestamp":"2023-11-09 12:38:57"},{"nodeID":"1288193","text":"Clara: Crispin Blunt: I'm talking about Dominic Cummings","type":"L","timestamp":"2023-11-09 12:38:57"},{"nodeID":"1288194","text":"Asserting","type":"YA","timestamp":"2023-11-09 12:38:57"},{"nodeID":"1288195","text":"Default Transition","type":"TA","timestamp":"2023-11-09 12:38:57"},{"nodeID":"1288196","text":"Default Rephrase","type":"MA","timestamp":"2023-11-09 12:38:57"},{"nodeID":"1288197","text":"Crispin Blunt: We are seeing the media then cheerfully picking all this up","type":"L","timestamp":"2023-11-09 12:38:57"},{"nodeID":"1288198","text":"Analysing","type":"YA","timestamp":"2023-11-09 12:38:57"},{"nodeID":"1288199","text":"Clara: Crispin Blunt: We are seeing the media then cheerfully picking all this up","type":"L","timestamp":"2023-11-09 12:38:57"},{"nodeID":"1288200","text":"Asserting","type":"YA","timestamp":"2023-11-09 12:38:57"},{"nodeID":"1288201","text":"Default Transition","type":"TA","timestamp":"2023-11-09 12:38:57"},{"nodeID":"1288202","text":"Crispin Blunt: the stories are then coming out bit by bit","type":"L","timestamp":"2023-11-09 12:38:58"},{"nodeID":"1288203","text":"Analysing","type":"YA","timestamp":"2023-11-09 12:38:58"},{"nodeID":"1288204","text":"Clara: Crispin Blunt: the stories are then coming out bit by bit","type":"L","timestamp":"2023-11-09 12:38:58"},{"nodeID":"1288205","text":"Asserting","type":"YA","timestamp":"2023-11-09 12:38:58"},{"nodeID":"1288206","text":"Default Inference","type":"RA","timestamp":"2023-11-09 12:38:58"},{"nodeID":"1288207","text":"Default Transition","type":"TA","timestamp":"2023-11-09 12:38:58"},{"nodeID":"1288208","text":"Crispin Blunt: You have to ask yourself whether or not we are being played here","type":"L","timestamp":"2023-11-09 12:38:58"},{"nodeID":"1288209","text":"Analysing","type":"YA","timestamp":"2023-11-09 12:38:58"},{"nodeID":"1288210","text":"Clara: Crispin Blunt: You have to ask yourself whether or not we are being played here","type":"L","timestamp":"2023-11-09 12:38:58"},{"nodeID":"1288211","text":"Pure Questioning","type":"YA","timestamp":"2023-11-09 12:38:58"},{"nodeID":"1288212","text":"Default Inference","type":"RA","timestamp":"2023-11-09 12:38:58"},{"nodeID":"1288213","text":"Default Transition","type":"TA","timestamp":"2023-11-09 12:38:58"},{"nodeID":"1288214","text":"Arguing","type":"YA","timestamp":"2023-11-09 12:38:58"},{"nodeID":"1288215","text":"Crispin Blunt: we are","type":"L","timestamp":"2023-11-09 12:38:59"},{"nodeID":"1288216","text":"Analysing","type":"YA","timestamp":"2023-11-09 12:38:59"},{"nodeID":"1288217","text":"Clara: Crispin Blunt: we are","type":"L","timestamp":"2023-11-09 12:38:59"},{"nodeID":"1288218","text":"Asserting","type":"YA","timestamp":"2023-11-09 12:38:59"},{"nodeID":"1288219","text":"Default Transition","type":"TA","timestamp":"2023-11-09 12:38:59"},{"nodeID":"1288220","text":"Default Rephrase","type":"MA","timestamp":"2023-11-09 12:38:59"},{"nodeID":"1288221","text":"Default Illocuting","type":"YA","timestamp":"2023-11-09 12:38:59"},{"nodeID":"1288222","text":"Crispin Blunt: we should understand the circumstances","type":"L","timestamp":"2023-11-09 12:39:00"},{"nodeID":"1288223","text":"Analysing","type":"YA","timestamp":"2023-11-09 12:39:00"},{"nodeID":"1288224","text":"Clara: Crispin Blunt: we should understand the circumstances","type":"L","timestamp":"2023-11-09 12:39:00"},{"nodeID":"1288225","text":"Asserting","type":"YA","timestamp":"2023-11-09 12:39:00"},{"nodeID":"1288226","text":"Default Inference","type":"RA","timestamp":"2023-11-09 12:39:00"},{"nodeID":"1288227","text":"Default Transition","type":"TA","timestamp":"2023-11-09 12:39:00"},{"nodeID":"1288228","text":"Arguing","type":"YA","timestamp":"2023-11-09 12:39:00"},{"nodeID":"1288229","text":"Crispin Blunt: none of that means that we shouldn't be conscious about the affect it has on people who have very properly followed the rules very precisely","type":"L","timestamp":"2023-11-09 12:39:00"},{"nodeID":"1288230","text":"Analysing","type":"YA","timestamp":"2023-11-09 12:39:00"},{"nodeID":"1288231","text":"Clara: Crispin Blunt: none of that means that we shouldn't be conscious about the affect it has on people who have very properly followed the rules very precisely","type":"L","timestamp":"2023-11-09 12:39:00"},{"nodeID":"1288232","text":"Asserting","type":"YA","timestamp":"2023-11-09 12:39:00"},{"nodeID":"1288233","text":"Default Transition","type":"TA","timestamp":"2023-11-09 12:39:00"},{"nodeID":"1288234","text":"Default Conflict","type":"CA","timestamp":"2023-11-09 12:39:00"},{"nodeID":"1288235","text":"Disagreeing","type":"YA","timestamp":"2023-11-09 12:39:00"},{"nodeID":"1288236","text":"Crispin Blunt: understandably extremely cross","type":"L","timestamp":"2023-11-09 12:39:01"},{"nodeID":"1288237","text":"Analysing","type":"YA","timestamp":"2023-11-09 12:39:01"},{"nodeID":"1288238","text":"Clara: Crispin Blunt: understandably extremely cross","type":"L","timestamp":"2023-11-09 12:39:01"},{"nodeID":"1288239","text":"Asserting","type":"YA","timestamp":"2023-11-09 12:39:01"},{"nodeID":"1288240","text":"Default Transition","type":"TA","timestamp":"2023-11-09 12:39:01"},{"nodeID":"1288241","text":"Default Inference","type":"RA","timestamp":"2023-11-09 12:39:01"},{"nodeID":"1288242","text":"Arguing","type":"YA","timestamp":"2023-11-09 12:39:01"},{"nodeID":"1288243","text":"Fiona Bruce: You did say you thought quite a few people hadn't followed the rules earlier","type":"L","timestamp":"2023-11-09 12:39:01"},{"nodeID":"1288244","text":"Analysing","type":"YA","timestamp":"2023-11-09 12:39:01"},{"nodeID":"1288245","text":"Clara: Fiona Bruce: You did say you thought quite a few people hadn't followed the rules earlier","type":"L","timestamp":"2023-11-09 12:39:01"},{"nodeID":"1288246","text":"Crispin Blunt: a few people hadn't followed the rules earlier","type":"L","timestamp":"2023-11-09 12:39:01"},{"nodeID":"1288247","text":"Analysing","type":"YA","timestamp":"2023-11-09 12:39:01"},{"nodeID":"1288248","text":"Clara: Crispin Blunt: You did say you thought quite a few people hadn't followed the rules earlier","type":"L","timestamp":"2023-11-09 12:39:01"},{"nodeID":"1288249","text":"Asserting","type":"YA","timestamp":"2023-11-09 12:39:01"},{"nodeID":"1288250","text":"Assertive Questioning","type":"YA","timestamp":"2023-11-09 12:39:01"},{"nodeID":"1288251","text":"Default Transition","type":"TA","timestamp":"2023-11-09 12:39:01"},{"nodeID":"1288252","text":"Crispin Blunt: Indeed","type":"L","timestamp":"2023-11-09 12:39:01"},{"nodeID":"1288253","text":"Analysing","type":"YA","timestamp":"2023-11-09 12:39:01"},{"nodeID":"1288254","text":"Clara: Crispin Blunt: Indeed","type":"L","timestamp":"2023-11-09 12:39:01"},{"nodeID":"1288255","text":"Default Transition","type":"TA","timestamp":"2023-11-09 12:39:01"},{"nodeID":"1288256","text":"Agreeing","type":"YA","timestamp":"2023-11-09 12:39:01"},{"nodeID":"1288257","text":"Crispin Blunt:  a lot of people would have done","type":"L","timestamp":"2023-11-09 12:39:02"},{"nodeID":"1288258","text":"Analysing","type":"YA","timestamp":"2023-11-09 12:39:02"},{"nodeID":"1288259","text":"Clara: Crispin Blunt:  a lot of people would have done","type":"L","timestamp":"2023-11-09 12:39:02"},{"nodeID":"1288260","text":"Asserting","type":"YA","timestamp":"2023-11-09 12:39:02"},{"nodeID":"1288261","text":"Default Transition","type":"TA","timestamp":"2023-11-09 12:39:02"},{"nodeID":"1288262","text":"Default Conflict","type":"CA","timestamp":"2023-11-09 12:39:02"},{"nodeID":"1288263","text":"Disagreeing","type":"YA","timestamp":"2023-11-09 12:39:02"},{"nodeID":"1288264","text":"Crispin Blunt:  It's those people who I can understand their real annoyance","type":"L","timestamp":"2023-11-09 12:39:03"},{"nodeID":"1288265","text":"Analysing","type":"YA","timestamp":"2023-11-09 12:39:03"},{"nodeID":"1288266","text":"Clara: Crispin Blunt:  It's those people who I can understand their real annoyance","type":"L","timestamp":"2023-11-09 12:39:03"},{"nodeID":"1288267","text":"Asserting","type":"YA","timestamp":"2023-11-09 12:39:03"},{"nodeID":"1288268","text":"Default Transition","type":"TA","timestamp":"2023-11-09 12:39:03"},{"nodeID":"1288269","text":"Default Inference","type":"RA","timestamp":"2023-11-09 12:39:03"},{"nodeID":"1288270","text":"Default Transition","type":"TA","timestamp":"2023-11-09 12:39:03"},{"nodeID":"1288271","text":"Default Rephrase","type":"MA","timestamp":"2023-11-09 12:39:03"},{"nodeID":"1288272","text":"Arguing","type":"YA","timestamp":"2023-11-09 12:39:03"},{"nodeID":"1288273","text":"Restating","type":"YA","timestamp":"2023-11-09 12:39:03"},{"nodeID":"1288274","text":"Default Rephrase","type":"MA","timestamp":"2023-11-09 12:39:03"},{"nodeID":"1288275","text":"Restating","type":"YA","timestamp":"2023-11-09 12:39:03"},{"nodeID":"1288276","text":"Default Illocuting","type":"YA","timestamp":"2023-11-09 12:39:03"},{"nodeID":"1288277","text":"Default Inference","type":"RA","timestamp":"2023-11-09 12:39:03"},{"nodeID":"1288278","text":"Arguing","type":"YA","timestamp":"2023-11-09 12:39:03"}],"edges":[{"edgeID":"1694309","fromID":"1288137","toID":"1288136","formEdgeID":null},{"edgeID":"1694310","fromID":"1288138","toID":"1288137","formEdgeID":null},{"edgeID":"1694311","fromID":"1288136","toID":"1288139","formEdgeID":null},{"edgeID":"1694312","fromID":"1288139","toID":"1144336","formEdgeID":null},{"edgeID":"1694313","fromID":"1288141","toID":"1288140","formEdgeID":null},{"edgeID":"1694314","fromID":"1288142","toID":"1288141","formEdgeID":null},{"edgeID":"1694315","fromID":"1288140","toID":"1288143","formEdgeID":null},{"edgeID":"1694316","fromID":"1288143","toID":"1147672","formEdgeID":null},{"edgeID":"1694317","fromID":"1288136","toID":"1288144","formEdgeID":null},{"edgeID":"1694318","fromID":"1288144","toID":"1288140","formEdgeID":null},{"edgeID":"1694319","fromID":"1288146","toID":"1288145","formEdgeID":null},{"edgeID":"1694320","fromID":"1288147","toID":"1288146","formEdgeID":null},{"edgeID":"1694321","fromID":"1288145","toID":"1288148","formEdgeID":null},{"edgeID":"1694322","fromID":"1288148","toID":"1147678","formEdgeID":null},{"edgeID":"1694323","fromID":"1288140","toID":"1288149","formEdgeID":null},{"edgeID":"1694324","fromID":"1288149","toID":"1288145","formEdgeID":null},{"edgeID":"1694325","fromID":"1147678","toID":"1288150","formEdgeID":null},{"edgeID":"1694326","fromID":"1288150","toID":"1147672","formEdgeID":null},{"edgeID":"1694327","fromID":"1288152","toID":"1288151","formEdgeID":null},{"edgeID":"1694328","fromID":"1288153","toID":"1288152","formEdgeID":null},{"edgeID":"1694329","fromID":"1288151","toID":"1288154","formEdgeID":null},{"edgeID":"1694330","fromID":"1288154","toID":"1147685","formEdgeID":null},{"edgeID":"1694331","fromID":"1288145","toID":"1288155","formEdgeID":null},{"edgeID":"1694332","fromID":"1288155","toID":"1288151","formEdgeID":null},{"edgeID":"1694333","fromID":"1147672","toID":"1288156","formEdgeID":null},{"edgeID":"1694334","fromID":"1288156","toID":"1144336","formEdgeID":null},{"edgeID":"1694335","fromID":"1288144","toID":"1288157","formEdgeID":null},{"edgeID":"1694336","fromID":"1288157","toID":"1288156","formEdgeID":null},{"edgeID":"1694337","fromID":"1288159","toID":"1288158","formEdgeID":null},{"edgeID":"1694338","fromID":"1288160","toID":"1288159","formEdgeID":null},{"edgeID":"1694339","fromID":"1288158","toID":"1288161","formEdgeID":null},{"edgeID":"1694340","fromID":"1288161","toID":"1147693","formEdgeID":null},{"edgeID":"1694341","fromID":"1288151","toID":"1288162","formEdgeID":null},{"edgeID":"1694342","fromID":"1288162","toID":"1288158","formEdgeID":null},{"edgeID":"1694343","fromID":"1288164","toID":"1288163","formEdgeID":null},{"edgeID":"1694344","fromID":"1288165","toID":"1288164","formEdgeID":null},{"edgeID":"1694345","fromID":"1288163","toID":"1288166","formEdgeID":null},{"edgeID":"1694346","fromID":"1288166","toID":"1147699","formEdgeID":null},{"edgeID":"1694347","fromID":"1288158","toID":"1288167","formEdgeID":null},{"edgeID":"1694348","fromID":"1288167","toID":"1288163","formEdgeID":null},{"edgeID":"1694349","fromID":"1288169","toID":"1288168","formEdgeID":null},{"edgeID":"1694350","fromID":"1288170","toID":"1288169","formEdgeID":null},{"edgeID":"1694351","fromID":"1288168","toID":"1288171","formEdgeID":null},{"edgeID":"1694352","fromID":"1288171","toID":"1147705","formEdgeID":null},{"edgeID":"1694353","fromID":"1147705","toID":"1288172","formEdgeID":null},{"edgeID":"1694354","fromID":"1288172","toID":"1147699","formEdgeID":null},{"edgeID":"1694355","fromID":"1288163","toID":"1288173","formEdgeID":null},{"edgeID":"1694356","fromID":"1288173","toID":"1288168","formEdgeID":null},{"edgeID":"1694357","fromID":"1288173","toID":"1288174","formEdgeID":null},{"edgeID":"1694358","fromID":"1288174","toID":"1288172","formEdgeID":null},{"edgeID":"1694359","fromID":"1288149","toID":"1288175","formEdgeID":null},{"edgeID":"1694360","fromID":"1288175","toID":"1288150","formEdgeID":null},{"edgeID":"1694361","fromID":"1288177","toID":"1288176","formEdgeID":null},{"edgeID":"1694362","fromID":"1288178","toID":"1288177","formEdgeID":null},{"edgeID":"1694363","fromID":"1288176","toID":"1288179","formEdgeID":null},{"edgeID":"1694364","fromID":"1288179","toID":"1147714","formEdgeID":null},{"edgeID":"1694365","fromID":"1288168","toID":"1288180","formEdgeID":null},{"edgeID":"1694366","fromID":"1288180","toID":"1288176","formEdgeID":null},{"edgeID":"1694367","fromID":"1288182","toID":"1288181","formEdgeID":null},{"edgeID":"1694368","fromID":"1288183","toID":"1288182","formEdgeID":null},{"edgeID":"1694369","fromID":"1288181","toID":"1288184","formEdgeID":null},{"edgeID":"1694370","fromID":"1288184","toID":"1147720","formEdgeID":null},{"edgeID":"1694371","fromID":"1288176","toID":"1288185","formEdgeID":null},{"edgeID":"1694372","fromID":"1288185","toID":"1288181","formEdgeID":null},{"edgeID":"1694373","fromID":"1147720","toID":"1288186","formEdgeID":null},{"edgeID":"1694374","fromID":"1288186","toID":"1147714","formEdgeID":null},{"edgeID":"1694375","fromID":"1288185","toID":"1288187","formEdgeID":null},{"edgeID":"1694376","fromID":"1288187","toID":"1288186","formEdgeID":null},{"edgeID":"1694377","fromID":"1288151","toID":"1288188","formEdgeID":null},{"edgeID":"1694378","fromID":"1288188","toID":"1288181","formEdgeID":null},{"edgeID":"1694379","fromID":"1147720","toID":"1288189","formEdgeID":null},{"edgeID":"1694380","fromID":"1288189","toID":"1147685","formEdgeID":null},{"edgeID":"1694381","fromID":"1288188","toID":"1288190","formEdgeID":null},{"edgeID":"1694382","fromID":"1288190","toID":"1288189","formEdgeID":null},{"edgeID":"1694383","fromID":"1288192","toID":"1288191","formEdgeID":null},{"edgeID":"1694384","fromID":"1288193","toID":"1288192","formEdgeID":null},{"edgeID":"1694385","fromID":"1288191","toID":"1288194","formEdgeID":null},{"edgeID":"1694386","fromID":"1288194","toID":"1147731","formEdgeID":null},{"edgeID":"1694387","fromID":"1288176","toID":"1288195","formEdgeID":null},{"edgeID":"1694388","fromID":"1288195","toID":"1288191","formEdgeID":null},{"edgeID":"1694389","fromID":"1147731","toID":"1288196","formEdgeID":null},{"edgeID":"1694390","fromID":"1288196","toID":"1147714","formEdgeID":null},{"edgeID":"1694391","fromID":"1288198","toID":"1288197","formEdgeID":null},{"edgeID":"1694392","fromID":"1288199","toID":"1288198","formEdgeID":null},{"edgeID":"1694393","fromID":"1288197","toID":"1288200","formEdgeID":null},{"edgeID":"1694394","fromID":"1288200","toID":"1147738","formEdgeID":null},{"edgeID":"1694395","fromID":"1288168","toID":"1288201","formEdgeID":null},{"edgeID":"1694396","fromID":"1288201","toID":"1288197","formEdgeID":null},{"edgeID":"1694397","fromID":"1288203","toID":"1288202","formEdgeID":null},{"edgeID":"1694398","fromID":"1288204","toID":"1288203","formEdgeID":null},{"edgeID":"1694399","fromID":"1288202","toID":"1288205","formEdgeID":null},{"edgeID":"1694400","fromID":"1288205","toID":"1147744","formEdgeID":null},{"edgeID":"1694401","fromID":"1147738","toID":"1288206","formEdgeID":null},{"edgeID":"1694402","fromID":"1288206","toID":"1147744","formEdgeID":null},{"edgeID":"1694403","fromID":"1288197","toID":"1288207","formEdgeID":null},{"edgeID":"1694404","fromID":"1288207","toID":"1288202","formEdgeID":null},{"edgeID":"1694405","fromID":"1288209","toID":"1288208","formEdgeID":null},{"edgeID":"1694406","fromID":"1288210","toID":"1288209","formEdgeID":null},{"edgeID":"1694407","fromID":"1288208","toID":"1288211","formEdgeID":null},{"edgeID":"1694408","fromID":"1288211","toID":"899162","formEdgeID":null},{"edgeID":"1694409","fromID":"1147744","toID":"1288212","formEdgeID":null},{"edgeID":"1694410","fromID":"1288212","toID":"899162","formEdgeID":null},{"edgeID":"1694411","fromID":"1288202","toID":"1288213","formEdgeID":null},{"edgeID":"1694412","fromID":"1288213","toID":"1288208","formEdgeID":null},{"edgeID":"1694413","fromID":"1288213","toID":"1288214","formEdgeID":null},{"edgeID":"1694414","fromID":"1288214","toID":"1288212","formEdgeID":null},{"edgeID":"1694415","fromID":"1288216","toID":"1288215","formEdgeID":null},{"edgeID":"1694416","fromID":"1288217","toID":"1288216","formEdgeID":null},{"edgeID":"1694417","fromID":"1288215","toID":"1288218","formEdgeID":null},{"edgeID":"1694418","fromID":"1288218","toID":"1147757","formEdgeID":null},{"edgeID":"1694419","fromID":"1288208","toID":"1288219","formEdgeID":null},{"edgeID":"1694420","fromID":"1288219","toID":"1288215","formEdgeID":null},{"edgeID":"1694421","fromID":"1147757","toID":"1288220","formEdgeID":null},{"edgeID":"1694422","fromID":"1288220","toID":"899162","formEdgeID":null},{"edgeID":"1694423","fromID":"1288219","toID":"1288221","formEdgeID":null},{"edgeID":"1694424","fromID":"1288221","toID":"1288220","formEdgeID":null},{"edgeID":"1694425","fromID":"1288223","toID":"1288222","formEdgeID":null},{"edgeID":"1694426","fromID":"1288224","toID":"1288223","formEdgeID":null},{"edgeID":"1694427","fromID":"1288222","toID":"1288225","formEdgeID":null},{"edgeID":"1694428","fromID":"1288225","toID":"1147765","formEdgeID":null},{"edgeID":"1694429","fromID":"1147757","toID":"1288226","formEdgeID":null},{"edgeID":"1694430","fromID":"1288226","toID":"1147765","formEdgeID":null},{"edgeID":"1694431","fromID":"1288215","toID":"1288227","formEdgeID":null},{"edgeID":"1694432","fromID":"1288227","toID":"1288222","formEdgeID":null},{"edgeID":"1694433","fromID":"1288227","toID":"1288228","formEdgeID":null},{"edgeID":"1694434","fromID":"1288228","toID":"1288226","formEdgeID":null},{"edgeID":"1694435","fromID":"1288230","toID":"1288229","formEdgeID":null},{"edgeID":"1694436","fromID":"1288231","toID":"1288230","formEdgeID":null},{"edgeID":"1694437","fromID":"1288229","toID":"1288232","formEdgeID":null},{"edgeID":"1694438","fromID":"1288232","toID":"1147773","formEdgeID":null},{"edgeID":"1694439","fromID":"1288222","toID":"1288233","formEdgeID":null},{"edgeID":"1694440","fromID":"1288233","toID":"1288229","formEdgeID":null},{"edgeID":"1694441","fromID":"1147773","toID":"1288234","formEdgeID":null},{"edgeID":"1694442","fromID":"1288234","toID":"1147765","formEdgeID":null},{"edgeID":"1694443","fromID":"1288233","toID":"1288235","formEdgeID":null},{"edgeID":"1694444","fromID":"1288235","toID":"1288234","formEdgeID":null},{"edgeID":"1694445","fromID":"1288237","toID":"1288236","formEdgeID":null},{"edgeID":"1694446","fromID":"1288238","toID":"1288237","formEdgeID":null},{"edgeID":"1694447","fromID":"1288236","toID":"1288239","formEdgeID":null},{"edgeID":"1694448","fromID":"1288239","toID":"1147781","formEdgeID":null},{"edgeID":"1694449","fromID":"1288229","toID":"1288240","formEdgeID":null},{"edgeID":"1694450","fromID":"1288240","toID":"1288236","formEdgeID":null},{"edgeID":"1694451","fromID":"1147781","toID":"1288241","formEdgeID":null},{"edgeID":"1694452","fromID":"1288241","toID":"1147773","formEdgeID":null},{"edgeID":"1694453","fromID":"1288240","toID":"1288242","formEdgeID":null},{"edgeID":"1694454","fromID":"1288242","toID":"1288241","formEdgeID":null},{"edgeID":"1694455","fromID":"1288244","toID":"1288243","formEdgeID":null},{"edgeID":"1694456","fromID":"1288245","toID":"1288244","formEdgeID":null},{"edgeID":"1694457","fromID":"1288247","toID":"1288246","formEdgeID":null},{"edgeID":"1694458","fromID":"1288248","toID":"1288247","formEdgeID":null},{"edgeID":"1694459","fromID":"1288246","toID":"1288249","formEdgeID":null},{"edgeID":"1694460","fromID":"1288249","toID":"1147789","formEdgeID":null},{"edgeID":"1694461","fromID":"1288243","toID":"1288250","formEdgeID":null},{"edgeID":"1694462","fromID":"1288250","toID":"1288246","formEdgeID":null},{"edgeID":"1694463","fromID":"1288236","toID":"1288251","formEdgeID":null},{"edgeID":"1694464","fromID":"1288251","toID":"1288243","formEdgeID":null},{"edgeID":"1694465","fromID":"1288253","toID":"1288252","formEdgeID":null},{"edgeID":"1694466","fromID":"1288254","toID":"1288253","formEdgeID":null},{"edgeID":"1694467","fromID":"1288243","toID":"1288255","formEdgeID":null},{"edgeID":"1694468","fromID":"1288255","toID":"1288252","formEdgeID":null},{"edgeID":"1694469","fromID":"1288255","toID":"1288256","formEdgeID":null},{"edgeID":"1694470","fromID":"1288256","toID":"1288246","formEdgeID":null},{"edgeID":"1694471","fromID":"1288258","toID":"1288257","formEdgeID":null},{"edgeID":"1694472","fromID":"1288259","toID":"1288258","formEdgeID":null},{"edgeID":"1694473","fromID":"1288257","toID":"1288260","formEdgeID":null},{"edgeID":"1694474","fromID":"1288260","toID":"1147804","formEdgeID":null},{"edgeID":"1694475","fromID":"1288243","toID":"1288261","formEdgeID":null},{"edgeID":"1694476","fromID":"1288261","toID":"1288257","formEdgeID":null},{"edgeID":"1694477","fromID":"1147804","toID":"1288262","formEdgeID":null},{"edgeID":"1694478","fromID":"1288262","toID":"1147789","formEdgeID":null},{"edgeID":"1694479","fromID":"1288261","toID":"1288263","formEdgeID":null},{"edgeID":"1694480","fromID":"1288263","toID":"1288262","formEdgeID":null},{"edgeID":"1694481","fromID":"1288265","toID":"1288264","formEdgeID":null},{"edgeID":"1694482","fromID":"1288266","toID":"1288265","formEdgeID":null},{"edgeID":"1694483","fromID":"1288264","toID":"1288267","formEdgeID":null},{"edgeID":"1694484","fromID":"1288267","toID":"1147812","formEdgeID":null},{"edgeID":"1694485","fromID":"1288257","toID":"1288268","formEdgeID":null},{"edgeID":"1694486","fromID":"1288268","toID":"1288264","formEdgeID":null},{"edgeID":"1694487","fromID":"1147804","toID":"1288269","formEdgeID":null},{"edgeID":"1694488","fromID":"1288269","toID":"1147812","formEdgeID":null},{"edgeID":"1694489","fromID":"1288236","toID":"1288270","formEdgeID":null},{"edgeID":"1694490","fromID":"1288270","toID":"1288264","formEdgeID":null},{"edgeID":"1694491","fromID":"1147812","toID":"1288271","formEdgeID":null},{"edgeID":"1694492","fromID":"1288271","toID":"1147781","formEdgeID":null},{"edgeID":"1694493","fromID":"1288268","toID":"1288272","formEdgeID":null},{"edgeID":"1694494","fromID":"1288272","toID":"1288269","formEdgeID":null},{"edgeID":"1694495","fromID":"1288270","toID":"1288273","formEdgeID":null},{"edgeID":"1694496","fromID":"1288273","toID":"1288271","formEdgeID":null},{"edgeID":"1694497","fromID":"1147699","toID":"1288274","formEdgeID":null},{"edgeID":"1694498","fromID":"1288274","toID":"1147693","formEdgeID":null},{"edgeID":"1694499","fromID":"1288167","toID":"1288275","formEdgeID":null},{"edgeID":"1694500","fromID":"1288275","toID":"1288274","formEdgeID":null},{"edgeID":"1694501","fromID":"1288195","toID":"1288276","formEdgeID":null},{"edgeID":"1694502","fromID":"1288276","toID":"1288196","formEdgeID":null},{"edgeID":"1694503","fromID":"1147705","toID":"1288277","formEdgeID":null},{"edgeID":"1694504","fromID":"1288277","toID":"1147738","formEdgeID":null},{"edgeID":"1694505","fromID":"1288201","toID":"1288278","formEdgeID":null},{"edgeID":"1694506","fromID":"1288278","toID":"1288277","formEdgeID":null}],"locutions":[]}