{"nodes":[{"nodeID":"899148","text":"when your kids look up, and they see a kind of game being played-out, you don't know what to tell them","type":"I","timestamp":"2022-02-10 21:19:29"},{"nodeID":"899155","text":"Boris Johnson's errors are a problem of moral leadership","type":"I","timestamp":"2022-02-10 21:19:32"},{"nodeID":"899179","text":"there is a moral vacuum at the top of the Government","type":"I","timestamp":"2022-02-10 21:19:43"},{"nodeID":"1144335","text":"the country is not just the politics","type":"I","timestamp":"2023-04-20 10:06:52"},{"nodeID":"1146263","text":"there are three things that are problematic","type":"I","timestamp":"2023-04-20 10:19:04"},{"nodeID":"1146266","text":"the first problematic thing is the moral vacuum at the top of the Government","type":"I","timestamp":"2023-04-20 10:19:05"},{"nodeID":"1146273","text":"Victor Adebowale was brought up to tell the truth","type":"I","timestamp":"2023-04-20 10:19:09"},{"nodeID":"1146277","text":"Victor Adebowale was brought up to take responsibility","type":"I","timestamp":"2023-04-20 10:19:11"},{"nodeID":"1146280","text":"Victor Adebowale was brought up to search truth","type":"I","timestamp":"2023-04-20 10:19:12"},{"nodeID":"1146287","text":"Victor Adebowale was brought up to look for that in the examples of leadership","type":"I","timestamp":"2023-04-20 10:19:15"},{"nodeID":"1146302","text":"Tim Stanley's analogy about Boris Johnson being an Ocean's 11 character is very entertaining","type":"I","timestamp":"2023-04-20 10:19:17"},{"nodeID":"1146307","text":"this is the country","type":"I","timestamp":"2023-04-20 10:19:19"},{"nodeID":"1146315","text":"the country is the moral leadership","type":"I","timestamp":"2023-04-20 10:19:23"},{"nodeID":"1146325","text":"the country is about that stuff","type":"I","timestamp":"2023-04-20 10:19:24"},{"nodeID":"1146332","text":"one wants to make the political point that Boris Johnson caused irreversible damage to the Conservative Party","type":"I","timestamp":"2023-04-20 10:19:26"},{"nodeID":"1146335","text":"people might not have known who Keir Starmer was","type":"I","timestamp":"2023-04-20 10:19:27"},{"nodeID":"1146343","text":"people know who Keith Starmer is now","type":"I","timestamp":"2023-04-20 10:19:29"},{"nodeID":"1146349","text":"one replaces Boris Johnson","type":"I","timestamp":"2023-04-20 10:19:30"},{"nodeID":"1146353","text":"whoever replaces Boris Johnson has now got an opposition which people kind of know about","type":"I","timestamp":"2023-04-20 10:19:31"},{"nodeID":"1146361","text":"whoever replaces Boris Johnson has now got an opposition which people kind of know about partly because of the sort of errors that Boris Johnson does","type":"I","timestamp":"2023-04-20 10:19:33"},{"nodeID":"1146368","text":"Boris Johnson's errors are not just errors","type":"I","timestamp":"2023-04-20 10:19:35"},{"nodeID":"1287658","text":"Victor Adebowale: there are three things that are problematic","type":"L","timestamp":"2023-11-09 12:38:05"},{"nodeID":"1287659","text":"Analysing","type":"YA","timestamp":"2023-11-09 12:38:05"},{"nodeID":"1287660","text":"Asserting","type":"YA","timestamp":"2023-11-09 12:38:05"},{"nodeID":"1287661","text":"Victor Adebowale: the first is the moral vacuum at the top of the Government","type":"L","timestamp":"2023-11-09 12:38:05"},{"nodeID":"1287662","text":"Analysing","type":"YA","timestamp":"2023-11-09 12:38:05"},{"nodeID":"1287663","text":"Asserting","type":"YA","timestamp":"2023-11-09 12:38:05"},{"nodeID":"1287664","text":"Default Transition","type":"TA","timestamp":"2023-11-09 12:38:05"},{"nodeID":"1287665","text":"Analysing","type":"YA","timestamp":"2023-11-09 12:38:05"},{"nodeID":"1287666","text":"Victor Adebowale: there's a moral vacuum","type":"L","timestamp":"2023-11-09 12:38:05"},{"nodeID":"1287667","text":"Asserting","type":"YA","timestamp":"2023-11-09 12:38:06"},{"nodeID":"1287668","text":"Victor Adebowale: I was brought up to tell the truth","type":"L","timestamp":"2023-11-09 12:38:06"},{"nodeID":"1287669","text":"Analysing","type":"YA","timestamp":"2023-11-09 12:38:06"},{"nodeID":"1287670","text":"Victor Adebowale:  take responsibility","type":"L","timestamp":"2023-11-09 12:38:06"},{"nodeID":"1287671","text":"Asserting","type":"YA","timestamp":"2023-11-09 12:38:07"},{"nodeID":"1287672","text":"Analysing","type":"YA","timestamp":"2023-11-09 12:38:07"},{"nodeID":"1287673","text":"Asserting","type":"YA","timestamp":"2023-11-09 12:38:07"},{"nodeID":"1287674","text":"Victor Adebowale: search truth","type":"L","timestamp":"2023-11-09 12:38:07"},{"nodeID":"1287675","text":"Analysing","type":"YA","timestamp":"2023-11-09 12:38:07"},{"nodeID":"1287676","text":"Asserting","type":"YA","timestamp":"2023-11-09 12:38:07"},{"nodeID":"1287677","text":"Victor Adebowale: To look for that in the examples of leadership","type":"L","timestamp":"2023-11-09 12:38:07"},{"nodeID":"1287678","text":"Asserting","type":"YA","timestamp":"2023-11-09 12:38:07"},{"nodeID":"1287679","text":"Analysing","type":"YA","timestamp":"2023-11-09 12:38:08"},{"nodeID":"1287680","text":"Default Transition","type":"TA","timestamp":"2023-11-09 12:38:08"},{"nodeID":"1287681","text":"Default Transition","type":"TA","timestamp":"2023-11-09 12:38:08"},{"nodeID":"1287682","text":"Default Transition","type":"TA","timestamp":"2023-11-09 12:38:08"},{"nodeID":"1287683","text":"Default Rephrase","type":"MA","timestamp":"2023-11-09 12:38:08"},{"nodeID":"1287684","text":"Default Rephrase","type":"MA","timestamp":"2023-11-09 12:38:08"},{"nodeID":"1287685","text":"Default Transition","type":"TA","timestamp":"2023-11-09 12:38:08"},{"nodeID":"1287686","text":"Restating","type":"YA","timestamp":"2023-11-09 12:38:08"},{"nodeID":"1287687","text":"Default Rephrase","type":"MA","timestamp":"2023-11-09 12:38:09"},{"nodeID":"1287688","text":"Restating","type":"YA","timestamp":"2023-11-09 12:38:09"},{"nodeID":"1287689","text":"Restating","type":"YA","timestamp":"2023-11-09 12:38:09"},{"nodeID":"1287690","text":"Victor Adebowale: What do you tell your kids when they look up, and they see a kind of game being played-out","type":"L","timestamp":"2023-11-09 12:38:09"},{"nodeID":"1287691","text":"Analysing","type":"YA","timestamp":"2023-11-09 12:38:09"},{"nodeID":"1287692","text":"Rhetorical Questioning","type":"YA","timestamp":"2023-11-09 12:38:09"},{"nodeID":"1287693","text":"Default Transition","type":"TA","timestamp":"2023-11-09 12:38:09"},{"nodeID":"1287694","text":"Victor Adebowale: Your analogy is very entertaining","type":"L","timestamp":"2023-11-09 12:38:09"},{"nodeID":"1287695","text":"Analysing","type":"YA","timestamp":"2023-11-09 12:38:09"},{"nodeID":"1287696","text":"Asserting","type":"YA","timestamp":"2023-11-09 12:38:09"},{"nodeID":"1287697","text":"Default Transition","type":"TA","timestamp":"2023-11-09 12:38:09"},{"nodeID":"1287698","text":"Victor Adebowale: this is the country","type":"L","timestamp":"2023-11-09 12:38:10"},{"nodeID":"1287699","text":"Analysing","type":"YA","timestamp":"2023-11-09 12:38:10"},{"nodeID":"1287700","text":"Asserting","type":"YA","timestamp":"2023-11-09 12:38:10"},{"nodeID":"1287701","text":"Default Transition","type":"TA","timestamp":"2023-11-09 12:38:10"},{"nodeID":"1287702","text":"Victor Adebowale: it's not just the politics","type":"L","timestamp":"2023-11-09 12:38:10"},{"nodeID":"1287703","text":"Analysing","type":"YA","timestamp":"2023-11-09 12:38:10"},{"nodeID":"1287704","text":"Asserting","type":"YA","timestamp":"2023-11-09 12:38:10"},{"nodeID":"1287705","text":"Default Transition","type":"TA","timestamp":"2023-11-09 12:38:10"},{"nodeID":"1287706","text":"Victor Adebowale: it's the moral leadership","type":"L","timestamp":"2023-11-09 12:38:10"},{"nodeID":"1287707","text":"Analysing","type":"YA","timestamp":"2023-11-09 12:38:11"},{"nodeID":"1287708","text":"Asserting","type":"YA","timestamp":"2023-11-09 12:38:11"},{"nodeID":"1287709","text":"Default Rephrase","type":"MA","timestamp":"2023-11-09 12:38:11"},{"nodeID":"1287710","text":"Default Rephrase","type":"MA","timestamp":"2023-11-09 12:38:11"},{"nodeID":"1287711","text":"Default Transition","type":"TA","timestamp":"2023-11-09 12:38:11"},{"nodeID":"1287712","text":"Restating","type":"YA","timestamp":"2023-11-09 12:38:11"},{"nodeID":"1287713","text":"Restating","type":"YA","timestamp":"2023-11-09 12:38:11"},{"nodeID":"1287714","text":"Analysing","type":"YA","timestamp":"2023-11-09 12:38:11"},{"nodeID":"1287715","text":"Victor Adebowale: It's about that stuff","type":"L","timestamp":"2023-11-09 12:38:11"},{"nodeID":"1287716","text":"Asserting","type":"YA","timestamp":"2023-11-09 12:38:11"},{"nodeID":"1287717","text":"Default Transition","type":"TA","timestamp":"2023-11-09 12:38:11"},{"nodeID":"1287718","text":"Default Rephrase","type":"MA","timestamp":"2023-11-09 12:38:11"},{"nodeID":"1287719","text":"Restating","type":"YA","timestamp":"2023-11-09 12:38:11"},{"nodeID":"1287720","text":"Victor Adebowale: you want to make the political point this is what's happened","type":"L","timestamp":"2023-11-09 12:38:11"},{"nodeID":"1287721","text":"Default Transition","type":"TA","timestamp":"2023-11-09 12:38:11"},{"nodeID":"1287722","text":"Default Rephrase","type":"MA","timestamp":"2023-11-09 12:38:12"},{"nodeID":"1287723","text":"Asserting","type":"YA","timestamp":"2023-11-09 12:38:12"},{"nodeID":"1287724","text":"Victor Adebowale: people might not have known who Keir Starmer was","type":"L","timestamp":"2023-11-09 12:38:13"},{"nodeID":"1287725","text":"Default Transition","type":"TA","timestamp":"2023-11-09 12:38:13"},{"nodeID":"1287726","text":"Analysing","type":"YA","timestamp":"2023-11-09 12:38:13"},{"nodeID":"1287727","text":"Analysing","type":"YA","timestamp":"2023-11-09 12:38:13"},{"nodeID":"1287728","text":"Victor Adebowale: they do now","type":"L","timestamp":"2023-11-09 12:38:13"},{"nodeID":"1287729","text":"Asserting","type":"YA","timestamp":"2023-11-09 12:38:13"},{"nodeID":"1287730","text":"Analysing","type":"YA","timestamp":"2023-11-09 12:38:13"},{"nodeID":"1287731","text":"Default Transition","type":"TA","timestamp":"2023-11-09 12:38:13"},{"nodeID":"1287732","text":"Default Rephrase","type":"MA","timestamp":"2023-11-09 12:38:13"},{"nodeID":"1287733","text":"Default Transition","type":"TA","timestamp":"2023-11-09 12:38:13"},{"nodeID":"1287734","text":"Asserting","type":"YA","timestamp":"2023-11-09 12:38:13"},{"nodeID":"1287735","text":"Restating","type":"YA","timestamp":"2023-11-09 12:38:13"},{"nodeID":"1287736","text":"Victor Adebowale: you replace Boris Johnson","type":"L","timestamp":"2023-11-09 12:38:14"},{"nodeID":"1287737","text":"Analysing","type":"YA","timestamp":"2023-11-09 12:38:14"},{"nodeID":"1287738","text":"Asserting","type":"YA","timestamp":"2023-11-09 12:38:14"},{"nodeID":"1287739","text":"Victor Adebowale: whoever replaces him has now got to actually an opposition which people kind of know about","type":"L","timestamp":"2023-11-09 12:38:14"},{"nodeID":"1287740","text":"Analysing","type":"YA","timestamp":"2023-11-09 12:38:14"},{"nodeID":"1287741","text":"Default Transition","type":"TA","timestamp":"2023-11-09 12:38:14"},{"nodeID":"1287742","text":"Asserting","type":"YA","timestamp":"2023-11-09 12:38:14"},{"nodeID":"1287743","text":"Default Transition","type":"TA","timestamp":"2023-11-09 12:38:14"},{"nodeID":"1287744","text":"Default Inference","type":"RA","timestamp":"2023-11-09 12:38:14"},{"nodeID":"1287745","text":"Arguing","type":"YA","timestamp":"2023-11-09 12:38:14"},{"nodeID":"1287746","text":"Analysing","type":"YA","timestamp":"2023-11-09 12:38:15"},{"nodeID":"1287747","text":"Victor Adebowale: partly because of the sort of error","type":"L","timestamp":"2023-11-09 12:38:15"},{"nodeID":"1287748","text":"Asserting","type":"YA","timestamp":"2023-11-09 12:38:15"},{"nodeID":"1287749","text":"Default Transition","type":"TA","timestamp":"2023-11-09 12:38:15"},{"nodeID":"1287750","text":"Analysing","type":"YA","timestamp":"2023-11-09 12:38:15"},{"nodeID":"1287751","text":"Victor Adebowale: it's not just an error","type":"L","timestamp":"2023-11-09 12:38:15"},{"nodeID":"1287752","text":"Default Transition","type":"TA","timestamp":"2023-11-09 12:38:15"},{"nodeID":"1287753","text":"Default Conflict","type":"CA","timestamp":"2023-11-09 12:38:15"},{"nodeID":"1287754","text":"Asserting","type":"YA","timestamp":"2023-11-09 12:38:15"},{"nodeID":"1287755","text":"Victor Adebowale: it's moral leadership","type":"L","timestamp":"2023-11-09 12:38:15"},{"nodeID":"1287756","text":"Disagreeing","type":"YA","timestamp":"2023-11-09 12:38:15"},{"nodeID":"1287757","text":"Analysing","type":"YA","timestamp":"2023-11-09 12:38:16"},{"nodeID":"1287758","text":"Restating","type":"YA","timestamp":"2023-11-09 12:38:16"},{"nodeID":"1287759","text":"Default Transition","type":"TA","timestamp":"2023-11-09 12:38:16"},{"nodeID":"1287760","text":"Default Rephrase","type":"MA","timestamp":"2023-11-09 12:38:16"},{"nodeID":"1287761","text":"Asserting","type":"YA","timestamp":"2023-11-09 12:38:16"},{"nodeID":"1287762","text":"Default Rephrase","type":"MA","timestamp":"2023-11-09 12:38:16"},{"nodeID":"1287763","text":"Restating","type":"YA","timestamp":"2023-11-09 12:38:16"}],"edges":[{"edgeID":"1693686","fromID":"1287659","toID":"1287658","formEdgeID":null},{"edgeID":"1693687","fromID":"1287658","toID":"1287660","formEdgeID":null},{"edgeID":"1693688","fromID":"1287660","toID":"1146263","formEdgeID":null},{"edgeID":"1693689","fromID":"1287662","toID":"1287661","formEdgeID":null},{"edgeID":"1693690","fromID":"1287658","toID":"1287664","formEdgeID":null},{"edgeID":"1693691","fromID":"1287663","toID":"1146266","formEdgeID":null},{"edgeID":"1693692","fromID":"1287664","toID":"1287661","formEdgeID":null},{"edgeID":"1693693","fromID":"1287661","toID":"1287663","formEdgeID":null},{"edgeID":"1693694","fromID":"1287665","toID":"1287666","formEdgeID":null},{"edgeID":"1693695","fromID":"1287669","toID":"1287668","formEdgeID":null},{"edgeID":"1693696","fromID":"1287666","toID":"1287667","formEdgeID":null},{"edgeID":"1693697","fromID":"1287667","toID":"899179","formEdgeID":null},{"edgeID":"1693698","fromID":"1287668","toID":"1287671","formEdgeID":null},{"edgeID":"1693699","fromID":"1287672","toID":"1287670","formEdgeID":null},{"edgeID":"1693700","fromID":"1287670","toID":"1287673","formEdgeID":null},{"edgeID":"1693701","fromID":"1287673","toID":"1146277","formEdgeID":null},{"edgeID":"1693702","fromID":"1287671","toID":"1146273","formEdgeID":null},{"edgeID":"1693703","fromID":"1287675","toID":"1287674","formEdgeID":null},{"edgeID":"1693704","fromID":"1287676","toID":"1146280","formEdgeID":null},{"edgeID":"1693705","fromID":"1287674","toID":"1287676","formEdgeID":null},{"edgeID":"1693706","fromID":"1287679","toID":"1287677","formEdgeID":null},{"edgeID":"1693707","fromID":"1287666","toID":"1287680","formEdgeID":null},{"edgeID":"1693708","fromID":"1287678","toID":"1146287","formEdgeID":null},{"edgeID":"1693709","fromID":"1287677","toID":"1287678","formEdgeID":null},{"edgeID":"1693710","fromID":"1287668","toID":"1287685","formEdgeID":null},{"edgeID":"1693711","fromID":"1287680","toID":"1287668","formEdgeID":null},{"edgeID":"1693712","fromID":"1287685","toID":"1287670","formEdgeID":null},{"edgeID":"1693713","fromID":"1287681","toID":"1287674","formEdgeID":null},{"edgeID":"1693714","fromID":"1287670","toID":"1287681","formEdgeID":null},{"edgeID":"1693715","fromID":"1287684","toID":"1146280","formEdgeID":null},{"edgeID":"1693716","fromID":"1287682","toID":"1287677","formEdgeID":null},{"edgeID":"1693717","fromID":"1146287","toID":"1287684","formEdgeID":null},{"edgeID":"1693718","fromID":"1287674","toID":"1287682","formEdgeID":null},{"edgeID":"1693719","fromID":"1287685","toID":"1287688","formEdgeID":null},{"edgeID":"1693720","fromID":"1287683","toID":"1146277","formEdgeID":null},{"edgeID":"1693721","fromID":"1146280","toID":"1287683","formEdgeID":null},{"edgeID":"1693722","fromID":"1146277","toID":"1287687","formEdgeID":null},{"edgeID":"1693723","fromID":"1287687","toID":"1146273","formEdgeID":null},{"edgeID":"1693724","fromID":"1287688","toID":"1287687","formEdgeID":null},{"edgeID":"1693725","fromID":"1287686","toID":"1287683","formEdgeID":null},{"edgeID":"1693726","fromID":"1287682","toID":"1287689","formEdgeID":null},{"edgeID":"1693727","fromID":"1287691","toID":"1287690","formEdgeID":null},{"edgeID":"1693728","fromID":"1287681","toID":"1287686","formEdgeID":null},{"edgeID":"1693729","fromID":"1287689","toID":"1287684","formEdgeID":null},{"edgeID":"1693730","fromID":"1287690","toID":"1287692","formEdgeID":null},{"edgeID":"1693731","fromID":"1287677","toID":"1287693","formEdgeID":null},{"edgeID":"1693732","fromID":"1287695","toID":"1287694","formEdgeID":null},{"edgeID":"1693733","fromID":"1287692","toID":"899148","formEdgeID":null},{"edgeID":"1693734","fromID":"1287693","toID":"1287690","formEdgeID":null},{"edgeID":"1693735","fromID":"1287694","toID":"1287696","formEdgeID":null},{"edgeID":"1693736","fromID":"1287696","toID":"1146302","formEdgeID":null},{"edgeID":"1693737","fromID":"1287697","toID":"1287694","formEdgeID":null},{"edgeID":"1693738","fromID":"1287690","toID":"1287697","formEdgeID":null},{"edgeID":"1693739","fromID":"1287699","toID":"1287698","formEdgeID":null},{"edgeID":"1693740","fromID":"1287698","toID":"1287700","formEdgeID":null},{"edgeID":"1693741","fromID":"1287700","toID":"1146307","formEdgeID":null},{"edgeID":"1693742","fromID":"1287694","toID":"1287701","formEdgeID":null},{"edgeID":"1693743","fromID":"1287703","toID":"1287702","formEdgeID":null},{"edgeID":"1693744","fromID":"1287701","toID":"1287698","formEdgeID":null},{"edgeID":"1693745","fromID":"1287702","toID":"1287704","formEdgeID":null},{"edgeID":"1693746","fromID":"1287704","toID":"1144335","formEdgeID":null},{"edgeID":"1693747","fromID":"1287698","toID":"1287705","formEdgeID":null},{"edgeID":"1693748","fromID":"1287705","toID":"1287702","formEdgeID":null},{"edgeID":"1693749","fromID":"1287707","toID":"1287706","formEdgeID":null},{"edgeID":"1693750","fromID":"1287706","toID":"1287708","formEdgeID":null},{"edgeID":"1693751","fromID":"1287710","toID":"1146307","formEdgeID":null},{"edgeID":"1693752","fromID":"1144335","toID":"1287710","formEdgeID":null},{"edgeID":"1693753","fromID":"1287708","toID":"1146315","formEdgeID":null},{"edgeID":"1693754","fromID":"1287702","toID":"1287711","formEdgeID":null},{"edgeID":"1693755","fromID":"1287711","toID":"1287706","formEdgeID":null},{"edgeID":"1693756","fromID":"1287709","toID":"1144335","formEdgeID":null},{"edgeID":"1693757","fromID":"1287711","toID":"1287712","formEdgeID":null},{"edgeID":"1693758","fromID":"1146315","toID":"1287709","formEdgeID":null},{"edgeID":"1693759","fromID":"1287712","toID":"1287709","formEdgeID":null},{"edgeID":"1693760","fromID":"1287713","toID":"1287710","formEdgeID":null},{"edgeID":"1693761","fromID":"1287705","toID":"1287713","formEdgeID":null},{"edgeID":"1693762","fromID":"1287714","toID":"1287715","formEdgeID":null},{"edgeID":"1693763","fromID":"1287716","toID":"1146325","formEdgeID":null},{"edgeID":"1693764","fromID":"1287706","toID":"1287717","formEdgeID":null},{"edgeID":"1693765","fromID":"1287717","toID":"1287715","formEdgeID":null},{"edgeID":"1693766","fromID":"1287715","toID":"1287716","formEdgeID":null},{"edgeID":"1693767","fromID":"1287661","toID":"1287721","formEdgeID":null},{"edgeID":"1693768","fromID":"1287721","toID":"1287666","formEdgeID":null},{"edgeID":"1693769","fromID":"1146325","toID":"1287722","formEdgeID":null},{"edgeID":"1693770","fromID":"1287722","toID":"1146315","formEdgeID":null},{"edgeID":"1693771","fromID":"899179","toID":"1287718","formEdgeID":null},{"edgeID":"1693772","fromID":"1287718","toID":"1146266","formEdgeID":null},{"edgeID":"1693773","fromID":"1287721","toID":"1287719","formEdgeID":null},{"edgeID":"1693774","fromID":"1287719","toID":"1287718","formEdgeID":null},{"edgeID":"1693775","fromID":"1287726","toID":"1287720","formEdgeID":null},{"edgeID":"1693776","fromID":"1287723","toID":"1146332","formEdgeID":null},{"edgeID":"1693777","fromID":"1287720","toID":"1287723","formEdgeID":null},{"edgeID":"1693778","fromID":"1287725","toID":"1287720","formEdgeID":null},{"edgeID":"1693779","fromID":"1287715","toID":"1287725","formEdgeID":null},{"edgeID":"1693780","fromID":"1287724","toID":"1287729","formEdgeID":null},{"edgeID":"1693781","fromID":"1287727","toID":"1287724","formEdgeID":null},{"edgeID":"1693782","fromID":"1287729","toID":"1146335","formEdgeID":null},{"edgeID":"1693783","fromID":"1287730","toID":"1287728","formEdgeID":null},{"edgeID":"1693784","fromID":"1287720","toID":"1287731","formEdgeID":null},{"edgeID":"1693785","fromID":"1287731","toID":"1287724","formEdgeID":null},{"edgeID":"1693786","fromID":"1287734","toID":"1146343","formEdgeID":null},{"edgeID":"1693787","fromID":"1287728","toID":"1287734","formEdgeID":null},{"edgeID":"1693788","fromID":"1146343","toID":"1287732","formEdgeID":null},{"edgeID":"1693789","fromID":"1287732","toID":"1146335","formEdgeID":null},{"edgeID":"1693790","fromID":"1287724","toID":"1287733","formEdgeID":null},{"edgeID":"1693791","fromID":"1287733","toID":"1287728","formEdgeID":null},{"edgeID":"1693792","fromID":"1287733","toID":"1287735","formEdgeID":null},{"edgeID":"1693793","fromID":"1287735","toID":"1287732","formEdgeID":null},{"edgeID":"1693794","fromID":"1287737","toID":"1287736","formEdgeID":null},{"edgeID":"1693795","fromID":"1287738","toID":"1146349","formEdgeID":null},{"edgeID":"1693796","fromID":"1287736","toID":"1287738","formEdgeID":null},{"edgeID":"1693797","fromID":"1287740","toID":"1287739","formEdgeID":null},{"edgeID":"1693798","fromID":"1287739","toID":"1287742","formEdgeID":null},{"edgeID":"1693799","fromID":"1287742","toID":"1146353","formEdgeID":null},{"edgeID":"1693800","fromID":"1287736","toID":"1287741","formEdgeID":null},{"edgeID":"1693801","fromID":"1287728","toID":"1287743","formEdgeID":null},{"edgeID":"1693802","fromID":"1287741","toID":"1287739","formEdgeID":null},{"edgeID":"1693803","fromID":"1287743","toID":"1287736","formEdgeID":null},{"edgeID":"1693804","fromID":"1146343","toID":"1287744","formEdgeID":null},{"edgeID":"1693805","fromID":"1146349","toID":"1287744","formEdgeID":null},{"edgeID":"1693806","fromID":"1287744","toID":"1146353","formEdgeID":null},{"edgeID":"1693807","fromID":"1287741","toID":"1287745","formEdgeID":null},{"edgeID":"1693808","fromID":"1287745","toID":"1287744","formEdgeID":null},{"edgeID":"1693809","fromID":"1287746","toID":"1287747","formEdgeID":null},{"edgeID":"1693810","fromID":"1287747","toID":"1287748","formEdgeID":null},{"edgeID":"1693811","fromID":"1287748","toID":"1146361","formEdgeID":null},{"edgeID":"1693812","fromID":"1287739","toID":"1287749","formEdgeID":null},{"edgeID":"1693813","fromID":"1287749","toID":"1287747","formEdgeID":null},{"edgeID":"1693814","fromID":"1287750","toID":"1287751","formEdgeID":null},{"edgeID":"1693815","fromID":"1146368","toID":"1287753","formEdgeID":null},{"edgeID":"1693816","fromID":"1287753","toID":"1146361","formEdgeID":null},{"edgeID":"1693817","fromID":"1287747","toID":"1287752","formEdgeID":null},{"edgeID":"1693818","fromID":"1287754","toID":"1146368","formEdgeID":null},{"edgeID":"1693819","fromID":"1287751","toID":"1287754","formEdgeID":null},{"edgeID":"1693820","fromID":"1287752","toID":"1287756","formEdgeID":null},{"edgeID":"1693821","fromID":"1287752","toID":"1287751","formEdgeID":null},{"edgeID":"1693822","fromID":"1287756","toID":"1287753","formEdgeID":null},{"edgeID":"1693823","fromID":"1287757","toID":"1287755","formEdgeID":null},{"edgeID":"1693824","fromID":"1287755","toID":"1287761","formEdgeID":null},{"edgeID":"1693825","fromID":"1287751","toID":"1287759","formEdgeID":null},{"edgeID":"1693826","fromID":"1287761","toID":"899155","formEdgeID":null},{"edgeID":"1693827","fromID":"1287759","toID":"1287755","formEdgeID":null},{"edgeID":"1693828","fromID":"1287760","toID":"1146368","formEdgeID":null},{"edgeID":"1693829","fromID":"899155","toID":"1287760","formEdgeID":null},{"edgeID":"1693830","fromID":"1287759","toID":"1287758","formEdgeID":null},{"edgeID":"1693831","fromID":"1287758","toID":"1287760","formEdgeID":null},{"edgeID":"1693832","fromID":"1146361","toID":"1287762","formEdgeID":null},{"edgeID":"1693833","fromID":"1287762","toID":"1146353","formEdgeID":null},{"edgeID":"1693834","fromID":"1287749","toID":"1287763","formEdgeID":null},{"edgeID":"1693835","fromID":"1287763","toID":"1287762","formEdgeID":null}],"locutions":[]}