{"nodes":[{"nodeID":"898967","text":"the actual evidence for the safety of the vaccine and its efficacy in the healthcare setting is so overwhelming","type":"I","timestamp":"2022-02-10 21:18:22"},{"nodeID":"898981","text":"we have far more safety databased on the current vaccines","type":"I","timestamp":"2022-02-10 21:18:27"},{"nodeID":"899028","text":"science is all about questioning the evidence","type":"I","timestamp":"2022-02-10 21:18:45"},{"nodeID":"899066","text":"we do know that vaccines reduce infection","type":"I","timestamp":"2022-02-10 21:18:59"},{"nodeID":"1140544","text":"vaccines reduce transmission","type":"I","timestamp":"2023-04-11 18:38:50"},{"nodeID":"1140600","text":"one thing is really important to recognise is there are a range of vaccines out there","type":"I","timestamp":"2023-04-11 18:39:46"},{"nodeID":"1285775","text":"Robin Shattock: We do know that vaccines reduce infection","type":"L","timestamp":"2023-11-09 12:35:19"},{"nodeID":"1285776","text":"Analysing","type":"YA","timestamp":"2023-11-09 12:35:19"},{"nodeID":"1285777","text":"Ella: Robin Shattock: We do know that vaccines reduce infection","type":"L","timestamp":"2023-11-09 12:35:19"},{"nodeID":"1285778","text":"Asserting","type":"YA","timestamp":"2023-11-09 12:35:19"},{"nodeID":"1285779","text":"Robin Shattock: They reduce transmission","type":"L","timestamp":"2023-11-09 12:35:19"},{"nodeID":"1285780","text":"Analysing","type":"YA","timestamp":"2023-11-09 12:35:19"},{"nodeID":"1285781","text":"Ella: Robin Shattock: They reduce transmission","type":"L","timestamp":"2023-11-09 12:35:19"},{"nodeID":"1285782","text":"Asserting","type":"YA","timestamp":"2023-11-09 12:35:19"},{"nodeID":"1285783","text":"Default Transition","type":"TA","timestamp":"2023-11-09 12:35:19"},{"nodeID":"1285784","text":"Robin Shattock can see no logical answer for somebody who wants to make sure that they are not potentially harming individuals","type":"I","timestamp":"2023-11-09 12:35:20"},{"nodeID":"1285785","text":"Robin Shattock: I can see no logical answer for somebody who wants to make sure that they are not potentially harming individuals","type":"L","timestamp":"2023-11-09 12:35:20"},{"nodeID":"1285786","text":"Analysing","type":"YA","timestamp":"2023-11-09 12:35:20"},{"nodeID":"1285787","text":"Ella: Robin Shattock: I can see no logical answer for somebody who wants to make sure that they are not potentially harming individuals","type":"L","timestamp":"2023-11-09 12:35:20"},{"nodeID":"1285788","text":"Asserting","type":"YA","timestamp":"2023-11-09 12:35:20"},{"nodeID":"1285789","text":"Default Transition","type":"TA","timestamp":"2023-11-09 12:35:20"},{"nodeID":"1285790","text":"unvaccinated people could potentially harm individuals by spreading the virus, or putting them through undue stress","type":"I","timestamp":"2023-11-09 12:35:20"},{"nodeID":"1285791","text":"Robin Shattock: by spreading the virus, or putting them by undue stress","type":"L","timestamp":"2023-11-09 12:35:20"},{"nodeID":"1285792","text":"Analysing","type":"YA","timestamp":"2023-11-09 12:35:20"},{"nodeID":"1285793","text":"Ella: Robin Shattock: by spreading the virus, or putting them by undue stress","type":"L","timestamp":"2023-11-09 12:35:20"},{"nodeID":"1285794","text":"Asserting","type":"YA","timestamp":"2023-11-09 12:35:20"},{"nodeID":"1285795","text":"Default Transition","type":"TA","timestamp":"2023-11-09 12:35:20"},{"nodeID":"1285796","text":"Default Inference","type":"RA","timestamp":"2023-11-09 12:35:20"},{"nodeID":"1285797","text":"Arguing","type":"YA","timestamp":"2023-11-09 12:35:20"},{"nodeID":"1285798","text":"undue stress, through unvaccinated people, could be place on healthcare staff who are resistant to getting vaccines in the frontline working roles is a significant issue","type":"I","timestamp":"2023-11-09 12:35:21"},{"nodeID":"1285799","text":"Robin Shattock: they know there are healthcare staff who are resistant to getting vaccines in the frontline working roles is a significant issue","type":"L","timestamp":"2023-11-09 12:35:21"},{"nodeID":"1285800","text":"Analysing","type":"YA","timestamp":"2023-11-09 12:35:21"},{"nodeID":"1285801","text":"Ella: Robin Shattock: they know there are healthcare staff who are resistant to getting vaccines in the frontline working roles is a significant issue","type":"L","timestamp":"2023-11-09 12:35:21"},{"nodeID":"1285802","text":"Asserting","type":"YA","timestamp":"2023-11-09 12:35:21"},{"nodeID":"1285803","text":"Default Transition","type":"TA","timestamp":"2023-11-09 12:35:21"},{"nodeID":"1285804","text":"Default Rephrase","type":"MA","timestamp":"2023-11-09 12:35:21"},{"nodeID":"1285805","text":"Restating","type":"YA","timestamp":"2023-11-09 12:35:21"},{"nodeID":"1285806","text":"the way to persuade unvaccinated people is probably not through making it mandated","type":"I","timestamp":"2023-11-09 12:35:21"},{"nodeID":"1285807","text":"Robin Shattock: The way to persuade them is probably not through making it mandated","type":"L","timestamp":"2023-11-09 12:35:21"},{"nodeID":"1285808","text":"Analysing","type":"YA","timestamp":"2023-11-09 12:35:21"},{"nodeID":"1285809","text":"Ella: Robin Shattock: The way to persuade them is probably not through making it mandated","type":"L","timestamp":"2023-11-09 12:35:21"},{"nodeID":"1285810","text":"Asserting","type":"YA","timestamp":"2023-11-09 12:35:21"},{"nodeID":"1285811","text":"Robin Shattock: the actual evidence for the safety of the vaccine and its efficacy in the healthcare setting is so overwhelming","type":"L","timestamp":"2023-11-09 12:35:22"},{"nodeID":"1285812","text":"Analysing","type":"YA","timestamp":"2023-11-09 12:35:22"},{"nodeID":"1285813","text":"Ella: Robin Shattock: the actual evidence for the safety of the vaccine and its efficacy in the healthcare setting is so overwhelming","type":"L","timestamp":"2023-11-09 12:35:22"},{"nodeID":"1285814","text":"Asserting","type":"YA","timestamp":"2023-11-09 12:35:22"},{"nodeID":"1285815","text":"Default Transition","type":"TA","timestamp":"2023-11-09 12:35:22"},{"nodeID":"1285816","text":"Default Transition","type":"TA","timestamp":"2023-11-09 12:35:22"},{"nodeID":"1285817","text":"Default Inference","type":"RA","timestamp":"2023-11-09 12:35:22"},{"nodeID":"1285818","text":"Arguing","type":"YA","timestamp":"2023-11-09 12:35:22"},{"nodeID":"1285819","text":"Robin Shattock wants to address vaccination, because he has chosen not to have the vaccine","type":"I","timestamp":"2023-11-09 12:35:23"},{"nodeID":"1285820","text":"Fiona Bruce: Do you want to address this, because you have chosen not to have the vaccine","type":"L","timestamp":"2023-11-09 12:35:23"},{"nodeID":"1285821","text":"Analysing","type":"YA","timestamp":"2023-11-09 12:35:23"},{"nodeID":"1285822","text":"Ella: Fiona Bruce: Do you want to address this, because you have chosen not to have the vaccine","type":"L","timestamp":"2023-11-09 12:35:23"},{"nodeID":"1285823","text":"Assertive Questioning","type":"YA","timestamp":"2023-11-09 12:35:23"},{"nodeID":"1285824","text":"Default Transition","type":"TA","timestamp":"2023-11-09 12:35:23"},{"nodeID":"1285825","text":"Robin Shattock has great respect particularly for people who have questioned the vaccine","type":"I","timestamp":"2023-11-09 12:35:23"},{"nodeID":"1285826","text":"Robin Shattock: I have great respect particularly for people who have questioned","type":"L","timestamp":"2023-11-09 12:35:23"},{"nodeID":"1285827","text":"Analysing","type":"YA","timestamp":"2023-11-09 12:35:23"},{"nodeID":"1285828","text":"Ella: Robin Shattock: I have great respect particularly for people who have questioned","type":"L","timestamp":"2023-11-09 12:35:23"},{"nodeID":"1285829","text":"Asserting","type":"YA","timestamp":"2023-11-09 12:35:23"},{"nodeID":"1285830","text":"Robin Shattock: science is all about questioning the evidence","type":"L","timestamp":"2023-11-09 12:35:24"},{"nodeID":"1285831","text":"Analysing","type":"YA","timestamp":"2023-11-09 12:35:24"},{"nodeID":"1285832","text":"Ella: Robin Shattock: science is all about questioning the evidence","type":"L","timestamp":"2023-11-09 12:35:24"},{"nodeID":"1285833","text":"Asserting","type":"YA","timestamp":"2023-11-09 12:35:24"},{"nodeID":"1285834","text":"scientists spend their life looking at evidence and questioning it","type":"I","timestamp":"2023-11-09 12:35:24"},{"nodeID":"1285835","text":"Robin Shattock: Scientists spend their life, I spend my life looking at evidence and questioning it","type":"L","timestamp":"2023-11-09 12:35:24"},{"nodeID":"1285836","text":"Analysing","type":"YA","timestamp":"2023-11-09 12:35:24"},{"nodeID":"1285837","text":"Ella: Robin Shattock: Scientists spend their life, I spend my life looking at evidence and questioning it","type":"L","timestamp":"2023-11-09 12:35:24"},{"nodeID":"1285838","text":"Asserting","type":"YA","timestamp":"2023-11-09 12:35:24"},{"nodeID":"1285839","text":"Robin Shattock: one thing is really important to recognise is there are a range of vaccines out there","type":"L","timestamp":"2023-11-09 12:35:25"},{"nodeID":"1285840","text":"Analysing","type":"YA","timestamp":"2023-11-09 12:35:25"},{"nodeID":"1285841","text":"Ella: Robin Shattock: one thing is really important to recognise is there are a range of vaccines out there","type":"L","timestamp":"2023-11-09 12:35:25"},{"nodeID":"1285842","text":"Asserting","type":"YA","timestamp":"2023-11-09 12:35:25"},{"nodeID":"1285843","text":"the vaccinations don't all have the same side effects","type":"I","timestamp":"2023-11-09 12:35:25"},{"nodeID":"1285844","text":"Robin Shattock: They don't all have the same side effects","type":"L","timestamp":"2023-11-09 12:35:25"},{"nodeID":"1285845","text":"Analysing","type":"YA","timestamp":"2023-11-09 12:35:25"},{"nodeID":"1285846","text":"Ella: Robin Shattock: They don't all have the same side effects","type":"L","timestamp":"2023-11-09 12:35:25"},{"nodeID":"1285847","text":"Asserting","type":"YA","timestamp":"2023-11-09 12:35:25"},{"nodeID":"1285848","text":"Default Transition","type":"TA","timestamp":"2023-11-09 12:35:25"},{"nodeID":"1285849","text":"Default Transition","type":"TA","timestamp":"2023-11-09 12:35:25"},{"nodeID":"1285850","text":"Default Transition","type":"TA","timestamp":"2023-11-09 12:35:25"},{"nodeID":"1285851","text":"Default Transition","type":"TA","timestamp":"2023-11-09 12:35:25"},{"nodeID":"1285852","text":"Default Inference","type":"RA","timestamp":"2023-11-09 12:35:25"},{"nodeID":"1285853","text":"Arguing","type":"YA","timestamp":"2023-11-09 12:35:25"},{"nodeID":"1285854","text":"Robin Shattock spends his life looking at evidence and questioning it","type":"I","timestamp":"2023-11-09 12:35:26"},{"nodeID":"1285855","text":"Robin Shattock: I spend my life","type":"L","timestamp":"2023-11-09 12:35:26"},{"nodeID":"1285856","text":"Analysing","type":"YA","timestamp":"2023-11-09 12:35:26"},{"nodeID":"1285857","text":"Ella: Robin Shattock: I spend my life","type":"L","timestamp":"2023-11-09 12:35:26"},{"nodeID":"1285858","text":"Asserting","type":"YA","timestamp":"2023-11-09 12:35:26"},{"nodeID":"1285859","text":"Default Transition","type":"TA","timestamp":"2023-11-09 12:35:26"},{"nodeID":"1285860","text":"Default Transition","type":"TA","timestamp":"2023-11-09 12:35:26"},{"nodeID":"1285861","text":"Default Rephrase","type":"MA","timestamp":"2023-11-09 12:35:26"},{"nodeID":"1285862","text":"Restating","type":"YA","timestamp":"2023-11-09 12:35:26"},{"nodeID":"1285863","text":"Default Inference","type":"RA","timestamp":"2023-11-09 12:35:26"},{"nodeID":"1285864","text":"Asserting","type":"YA","timestamp":"2023-11-09 12:35:26"},{"nodeID":"1285865","text":"Default Inference","type":"RA","timestamp":"2023-11-09 12:35:26"},{"nodeID":"1285866","text":"Arguing","type":"YA","timestamp":"2023-11-09 12:35:26"},{"nodeID":"1285867","text":"the other thing to remember is, comparing the covid vaccines to the narcolepsy story - which actually worked out in the end - it wasn't so related as people thought","type":"I","timestamp":"2023-11-09 12:35:27"},{"nodeID":"1285868","text":"Robin Shattock: The other thing to remember is you know, obviously, comparing it to the narcolepsy story which actually it worked out in the end it wasn't so related as people thought","type":"L","timestamp":"2023-11-09 12:35:27"},{"nodeID":"1285869","text":"Analysing","type":"YA","timestamp":"2023-11-09 12:35:27"},{"nodeID":"1285870","text":"Ella: Robin Shattock: The other thing to remember is you know, obviously, comparing it to the narcolepsy story which actually it worked out in the end it wasn't so related as people thought","type":"L","timestamp":"2023-11-09 12:35:27"},{"nodeID":"1285871","text":"Asserting","type":"YA","timestamp":"2023-11-09 12:35:27"},{"nodeID":"1285872","text":"Default Transition","type":"TA","timestamp":"2023-11-09 12:35:27"},{"nodeID":"1285873","text":"Robin Shattock: We have far more safety databased on the current vaccines","type":"L","timestamp":"2023-11-09 12:35:27"},{"nodeID":"1285874","text":"Analysing","type":"YA","timestamp":"2023-11-09 12:35:27"},{"nodeID":"1285875","text":"Ella: Robin Shattock: We have far more safety databased on the current vaccines","type":"L","timestamp":"2023-11-09 12:35:27"},{"nodeID":"1285876","text":"Asserting","type":"YA","timestamp":"2023-11-09 12:35:27"},{"nodeID":"1285877","text":"the vaccines have been administered to billions of people","type":"I","timestamp":"2023-11-09 12:35:28"},{"nodeID":"1285878","text":"Robin Shattock: they have been in billions of people","type":"L","timestamp":"2023-11-09 12:35:28"},{"nodeID":"1285879","text":"Analysing","type":"YA","timestamp":"2023-11-09 12:35:28"},{"nodeID":"1285880","text":"Ella: Robin Shattock: they have been in billions of people","type":"L","timestamp":"2023-11-09 12:35:28"},{"nodeID":"1285881","text":"Asserting","type":"YA","timestamp":"2023-11-09 12:35:28"},{"nodeID":"1285882","text":"Default Transition","type":"TA","timestamp":"2023-11-09 12:35:28"},{"nodeID":"1285883","text":"Default Inference","type":"RA","timestamp":"2023-11-09 12:35:28"},{"nodeID":"1285884","text":"Default Transition","type":"TA","timestamp":"2023-11-09 12:35:28"},{"nodeID":"1285885","text":"Arguing","type":"YA","timestamp":"2023-11-09 12:35:28"}],"edges":[{"edgeID":"1691387","fromID":"1285776","toID":"1285775","formEdgeID":null},{"edgeID":"1691388","fromID":"1285777","toID":"1285776","formEdgeID":null},{"edgeID":"1691389","fromID":"1285775","toID":"1285778","formEdgeID":null},{"edgeID":"1691390","fromID":"1285778","toID":"899066","formEdgeID":null},{"edgeID":"1691391","fromID":"1285780","toID":"1285779","formEdgeID":null},{"edgeID":"1691392","fromID":"1285781","toID":"1285780","formEdgeID":null},{"edgeID":"1691393","fromID":"1285779","toID":"1285782","formEdgeID":null},{"edgeID":"1691394","fromID":"1285782","toID":"1140544","formEdgeID":null},{"edgeID":"1691395","fromID":"1285775","toID":"1285783","formEdgeID":null},{"edgeID":"1691396","fromID":"1285783","toID":"1285779","formEdgeID":null},{"edgeID":"1691397","fromID":"1285786","toID":"1285785","formEdgeID":null},{"edgeID":"1691398","fromID":"1285787","toID":"1285786","formEdgeID":null},{"edgeID":"1691399","fromID":"1285785","toID":"1285788","formEdgeID":null},{"edgeID":"1691400","fromID":"1285788","toID":"1285784","formEdgeID":null},{"edgeID":"1691401","fromID":"1285779","toID":"1285789","formEdgeID":null},{"edgeID":"1691402","fromID":"1285789","toID":"1285785","formEdgeID":null},{"edgeID":"1691403","fromID":"1285792","toID":"1285791","formEdgeID":null},{"edgeID":"1691404","fromID":"1285793","toID":"1285792","formEdgeID":null},{"edgeID":"1691405","fromID":"1285791","toID":"1285794","formEdgeID":null},{"edgeID":"1691406","fromID":"1285794","toID":"1285790","formEdgeID":null},{"edgeID":"1691407","fromID":"1285785","toID":"1285795","formEdgeID":null},{"edgeID":"1691408","fromID":"1285795","toID":"1285791","formEdgeID":null},{"edgeID":"1691409","fromID":"1285790","toID":"1285796","formEdgeID":null},{"edgeID":"1691410","fromID":"1285796","toID":"1285784","formEdgeID":null},{"edgeID":"1691411","fromID":"1285795","toID":"1285797","formEdgeID":null},{"edgeID":"1691412","fromID":"1285797","toID":"1285796","formEdgeID":null},{"edgeID":"1691413","fromID":"1285800","toID":"1285799","formEdgeID":null},{"edgeID":"1691414","fromID":"1285801","toID":"1285800","formEdgeID":null},{"edgeID":"1691415","fromID":"1285799","toID":"1285802","formEdgeID":null},{"edgeID":"1691416","fromID":"1285802","toID":"1285798","formEdgeID":null},{"edgeID":"1691417","fromID":"1285791","toID":"1285803","formEdgeID":null},{"edgeID":"1691418","fromID":"1285803","toID":"1285799","formEdgeID":null},{"edgeID":"1691419","fromID":"1285798","toID":"1285804","formEdgeID":null},{"edgeID":"1691420","fromID":"1285804","toID":"1285790","formEdgeID":null},{"edgeID":"1691421","fromID":"1285803","toID":"1285805","formEdgeID":null},{"edgeID":"1691422","fromID":"1285805","toID":"1285804","formEdgeID":null},{"edgeID":"1691423","fromID":"1285808","toID":"1285807","formEdgeID":null},{"edgeID":"1691424","fromID":"1285809","toID":"1285808","formEdgeID":null},{"edgeID":"1691425","fromID":"1285807","toID":"1285810","formEdgeID":null},{"edgeID":"1691426","fromID":"1285810","toID":"1285806","formEdgeID":null},{"edgeID":"1691427","fromID":"1285812","toID":"1285811","formEdgeID":null},{"edgeID":"1691428","fromID":"1285813","toID":"1285812","formEdgeID":null},{"edgeID":"1691429","fromID":"1285811","toID":"1285814","formEdgeID":null},{"edgeID":"1691430","fromID":"1285814","toID":"898967","formEdgeID":null},{"edgeID":"1691431","fromID":"1285799","toID":"1285815","formEdgeID":null},{"edgeID":"1691432","fromID":"1285815","toID":"1285807","formEdgeID":null},{"edgeID":"1691433","fromID":"1285807","toID":"1285816","formEdgeID":null},{"edgeID":"1691434","fromID":"1285816","toID":"1285811","formEdgeID":null},{"edgeID":"1691435","fromID":"898967","toID":"1285817","formEdgeID":null},{"edgeID":"1691436","fromID":"1285817","toID":"1285806","formEdgeID":null},{"edgeID":"1691437","fromID":"1285816","toID":"1285818","formEdgeID":null},{"edgeID":"1691438","fromID":"1285818","toID":"1285817","formEdgeID":null},{"edgeID":"1691439","fromID":"1285821","toID":"1285820","formEdgeID":null},{"edgeID":"1691440","fromID":"1285822","toID":"1285821","formEdgeID":null},{"edgeID":"1691441","fromID":"1285820","toID":"1285823","formEdgeID":null},{"edgeID":"1691442","fromID":"1285823","toID":"1285819","formEdgeID":null},{"edgeID":"1691443","fromID":"1285811","toID":"1285824","formEdgeID":null},{"edgeID":"1691444","fromID":"1285824","toID":"1285820","formEdgeID":null},{"edgeID":"1691445","fromID":"1285827","toID":"1285826","formEdgeID":null},{"edgeID":"1691446","fromID":"1285828","toID":"1285827","formEdgeID":null},{"edgeID":"1691447","fromID":"1285826","toID":"1285829","formEdgeID":null},{"edgeID":"1691448","fromID":"1285829","toID":"1285825","formEdgeID":null},{"edgeID":"1691449","fromID":"1285831","toID":"1285830","formEdgeID":null},{"edgeID":"1691450","fromID":"1285832","toID":"1285831","formEdgeID":null},{"edgeID":"1691451","fromID":"1285830","toID":"1285833","formEdgeID":null},{"edgeID":"1691452","fromID":"1285833","toID":"899028","formEdgeID":null},{"edgeID":"1691453","fromID":"1285836","toID":"1285835","formEdgeID":null},{"edgeID":"1691454","fromID":"1285837","toID":"1285836","formEdgeID":null},{"edgeID":"1691455","fromID":"1285835","toID":"1285838","formEdgeID":null},{"edgeID":"1691456","fromID":"1285838","toID":"1285834","formEdgeID":null},{"edgeID":"1691457","fromID":"1285840","toID":"1285839","formEdgeID":null},{"edgeID":"1691458","fromID":"1285841","toID":"1285840","formEdgeID":null},{"edgeID":"1691459","fromID":"1285839","toID":"1285842","formEdgeID":null},{"edgeID":"1691460","fromID":"1285842","toID":"1140600","formEdgeID":null},{"edgeID":"1691461","fromID":"1285845","toID":"1285844","formEdgeID":null},{"edgeID":"1691462","fromID":"1285846","toID":"1285845","formEdgeID":null},{"edgeID":"1691463","fromID":"1285844","toID":"1285847","formEdgeID":null},{"edgeID":"1691464","fromID":"1285847","toID":"1285843","formEdgeID":null},{"edgeID":"1691465","fromID":"1285820","toID":"1285848","formEdgeID":null},{"edgeID":"1691466","fromID":"1285848","toID":"1285826","formEdgeID":null},{"edgeID":"1691467","fromID":"1285826","toID":"1285849","formEdgeID":null},{"edgeID":"1691468","fromID":"1285849","toID":"1285830","formEdgeID":null},{"edgeID":"1691469","fromID":"1285830","toID":"1285850","formEdgeID":null},{"edgeID":"1691470","fromID":"1285850","toID":"1285835","formEdgeID":null},{"edgeID":"1691471","fromID":"1285839","toID":"1285851","formEdgeID":null},{"edgeID":"1691472","fromID":"1285851","toID":"1285844","formEdgeID":null},{"edgeID":"1691473","fromID":"899028","toID":"1285852","formEdgeID":null},{"edgeID":"1691474","fromID":"1285852","toID":"1285825","formEdgeID":null},{"edgeID":"1691475","fromID":"1285849","toID":"1285853","formEdgeID":null},{"edgeID":"1691476","fromID":"1285853","toID":"1285852","formEdgeID":null},{"edgeID":"1691477","fromID":"1285856","toID":"1285855","formEdgeID":null},{"edgeID":"1691478","fromID":"1285857","toID":"1285856","formEdgeID":null},{"edgeID":"1691479","fromID":"1285855","toID":"1285858","formEdgeID":null},{"edgeID":"1691480","fromID":"1285858","toID":"1285854","formEdgeID":null},{"edgeID":"1691481","fromID":"1285835","toID":"1285859","formEdgeID":null},{"edgeID":"1691482","fromID":"1285859","toID":"1285855","formEdgeID":null},{"edgeID":"1691483","fromID":"1285855","toID":"1285860","formEdgeID":null},{"edgeID":"1691484","fromID":"1285860","toID":"1285839","formEdgeID":null},{"edgeID":"1691485","fromID":"1285854","toID":"1285861","formEdgeID":null},{"edgeID":"1691486","fromID":"1285861","toID":"1285834","formEdgeID":null},{"edgeID":"1691487","fromID":"1285859","toID":"1285862","formEdgeID":null},{"edgeID":"1691488","fromID":"1285862","toID":"1285861","formEdgeID":null},{"edgeID":"1691489","fromID":"1285843","toID":"1285863","formEdgeID":null},{"edgeID":"1691490","fromID":"1285863","toID":"1140600","formEdgeID":null},{"edgeID":"1691491","fromID":"1285851","toID":"1285864","formEdgeID":null},{"edgeID":"1691492","fromID":"1285864","toID":"1285863","formEdgeID":null},{"edgeID":"1691493","fromID":"899028","toID":"1285865","formEdgeID":null},{"edgeID":"1691494","fromID":"1285865","toID":"1285834","formEdgeID":null},{"edgeID":"1691495","fromID":"1285850","toID":"1285866","formEdgeID":null},{"edgeID":"1691496","fromID":"1285866","toID":"1285865","formEdgeID":null},{"edgeID":"1691497","fromID":"1285869","toID":"1285868","formEdgeID":null},{"edgeID":"1691498","fromID":"1285870","toID":"1285869","formEdgeID":null},{"edgeID":"1691499","fromID":"1285868","toID":"1285871","formEdgeID":null},{"edgeID":"1691500","fromID":"1285871","toID":"1285867","formEdgeID":null},{"edgeID":"1691501","fromID":"1285844","toID":"1285872","formEdgeID":null},{"edgeID":"1691502","fromID":"1285872","toID":"1285868","formEdgeID":null},{"edgeID":"1691503","fromID":"1285874","toID":"1285873","formEdgeID":null},{"edgeID":"1691504","fromID":"1285875","toID":"1285874","formEdgeID":null},{"edgeID":"1691505","fromID":"1285873","toID":"1285876","formEdgeID":null},{"edgeID":"1691506","fromID":"1285876","toID":"898981","formEdgeID":null},{"edgeID":"1691507","fromID":"1285879","toID":"1285878","formEdgeID":null},{"edgeID":"1691508","fromID":"1285880","toID":"1285879","formEdgeID":null},{"edgeID":"1691509","fromID":"1285878","toID":"1285881","formEdgeID":null},{"edgeID":"1691510","fromID":"1285881","toID":"1285877","formEdgeID":null},{"edgeID":"1691511","fromID":"1285868","toID":"1285882","formEdgeID":null},{"edgeID":"1691512","fromID":"1285882","toID":"1285873","formEdgeID":null},{"edgeID":"1691513","fromID":"1285877","toID":"1285883","formEdgeID":null},{"edgeID":"1691514","fromID":"1285883","toID":"898981","formEdgeID":null},{"edgeID":"1691515","fromID":"1285873","toID":"1285884","formEdgeID":null},{"edgeID":"1691516","fromID":"1285884","toID":"1285878","formEdgeID":null},{"edgeID":"1691517","fromID":"1285884","toID":"1285885","formEdgeID":null},{"edgeID":"1691518","fromID":"1285885","toID":"1285883","formEdgeID":null}],"locutions":[]}