{"nodes":[{"nodeID":"1350107","text":"we\u2019ve only got one planet","type":"I","timestamp":"2023-11-09 14:08:25"},{"nodeID":"1350108","text":"Theo Paphitis: we\u2019ve only got one planet","type":"L","timestamp":"2023-11-09 14:08:25"},{"nodeID":"1350109","text":"Analysing","type":"YA","timestamp":"2023-11-09 14:08:25"},{"nodeID":"1350110","text":"Anon: Theo Paphitis: we\u2019ve only got one planet","type":"L","timestamp":"2023-11-09 14:08:25"},{"nodeID":"1350111","text":"Asserting","type":"YA","timestamp":"2023-11-09 14:08:25"},{"nodeID":"1350112","text":"we all share the only planet that we've got","type":"I","timestamp":"2023-11-09 14:08:26"},{"nodeID":"1350113","text":"Theo Paphitis: we all share it","type":"L","timestamp":"2023-11-09 14:08:26"},{"nodeID":"1350114","text":"Analysing","type":"YA","timestamp":"2023-11-09 14:08:26"},{"nodeID":"1350115","text":"Anon: Theo Paphitis: we all share it","type":"L","timestamp":"2023-11-09 14:08:26"},{"nodeID":"1350116","text":"Asserting","type":"YA","timestamp":"2023-11-09 14:08:26"},{"nodeID":"1350117","text":"we\u2019ve got to start from somewhere","type":"I","timestamp":"2023-11-09 14:08:26"},{"nodeID":"1350118","text":"Theo Paphitis: we\u2019ve got to start from somewhere","type":"L","timestamp":"2023-11-09 14:08:26"},{"nodeID":"1350119","text":"Analysing","type":"YA","timestamp":"2023-11-09 14:08:26"},{"nodeID":"1350120","text":"Anon: Theo Paphitis: we\u2019ve got to start from somewhere","type":"L","timestamp":"2023-11-09 14:08:26"},{"nodeID":"1350121","text":"Asserting","type":"YA","timestamp":"2023-11-09 14:08:26"},{"nodeID":"1350122","text":"Default Inference","type":"RA","timestamp":"2023-11-09 14:08:26"},{"nodeID":"1350123","text":"Default Transition","type":"TA","timestamp":"2023-11-09 14:08:26"},{"nodeID":"1350124","text":"Default Transition","type":"TA","timestamp":"2023-11-09 14:08:26"},{"nodeID":"1350125","text":"Arguing","type":"YA","timestamp":"2023-11-09 14:08:26"},{"nodeID":"1350126","text":"we\u2019ve talked about Russia","type":"I","timestamp":"2023-11-09 14:08:27"},{"nodeID":"1350127","text":"Theo Paphitis: We\u2019ve talked about Russia","type":"L","timestamp":"2023-11-09 14:08:27"},{"nodeID":"1350128","text":"Analysing","type":"YA","timestamp":"2023-11-09 14:08:27"},{"nodeID":"1350129","text":"Anon: Theo Paphitis: We\u2019ve talked about Russia","type":"L","timestamp":"2023-11-09 14:08:27"},{"nodeID":"1350130","text":"Asserting","type":"YA","timestamp":"2023-11-09 14:08:27"},{"nodeID":"1350131","text":"we look at all the CO2 that\u2019s coming out of Ukraine with all the bombs and everything, what damage that actually is doing to the environment and accelerating","type":"I","timestamp":"2023-11-09 14:08:28"},{"nodeID":"1350132","text":"Theo Paphitis: we look at all the CO2 that\u2019s coming out of Ukraine with all the bombs and everything, I mean, what damage that actually is doing to the environment and accelerating","type":"L","timestamp":"2023-11-09 14:08:28"},{"nodeID":"1350133","text":"Analysing","type":"YA","timestamp":"2023-11-09 14:08:28"},{"nodeID":"1350134","text":"Anon: Theo Paphitis: we look at all the CO2 that\u2019s coming out of Ukraine with all the bombs and everything, I mean, what damage that actually is doing to the environment and accelerating","type":"L","timestamp":"2023-11-09 14:08:28"},{"nodeID":"1350135","text":"Asserting","type":"YA","timestamp":"2023-11-09 14:08:28"},{"nodeID":"1350136","text":"Default Conflict","type":"CA","timestamp":"2023-11-09 14:08:28"},{"nodeID":"1350137","text":"Default Transition","type":"TA","timestamp":"2023-11-09 14:08:28"},{"nodeID":"1350138","text":"Default Transition","type":"TA","timestamp":"2023-11-09 14:08:28"},{"nodeID":"1350139","text":"Disagreeing","type":"YA","timestamp":"2023-11-09 14:08:28"},{"nodeID":"1350140","text":"you can\u2019t have people causing the disruption to the economy of the country by chaining themselves to gantries on the M25","type":"I","timestamp":"2023-11-09 14:08:28"},{"nodeID":"1350141","text":"Theo Paphitis: You can\u2019t have people causing the disruption to the economy of the country by chaining themselves to gantries on the M25","type":"L","timestamp":"2023-11-09 14:08:28"},{"nodeID":"1350142","text":"Analysing","type":"YA","timestamp":"2023-11-09 14:08:28"},{"nodeID":"1350143","text":"Anon: Theo Paphitis: You can\u2019t have people causing the disruption\u2026Fiona Bruce[0:52:00] Hang on, you were going to say muppets I think.Theo Paphitis[0:52:01] Muppets. Yes, muppets. Disruption to the economy of the country by chaining themselves to gantries on the M25","type":"L","timestamp":"2023-11-09 14:08:28"},{"nodeID":"1350144","text":"Asserting","type":"YA","timestamp":"2023-11-09 14:08:28"},{"nodeID":"1350145","text":"climate activists chaining themselves to gantries on the M25 causes even more congestion","type":"I","timestamp":"2023-11-09 14:08:29"},{"nodeID":"1350146","text":"Theo Paphitis: which causes even more congestion","type":"L","timestamp":"2023-11-09 14:08:29"},{"nodeID":"1350147","text":"Analysing","type":"YA","timestamp":"2023-11-09 14:08:29"},{"nodeID":"1350148","text":"Anon: Theo Paphitis: which causes even more congestion","type":"L","timestamp":"2023-11-09 14:08:29"},{"nodeID":"1350149","text":"Asserting","type":"YA","timestamp":"2023-11-09 14:08:29"},{"nodeID":"1350150","text":"Default Rephrase","type":"MA","timestamp":"2023-11-09 14:08:29"},{"nodeID":"1350151","text":"Default Transition","type":"TA","timestamp":"2023-11-09 14:08:29"},{"nodeID":"1350152","text":"Default Transition","type":"TA","timestamp":"2023-11-09 14:08:29"},{"nodeID":"1350153","text":"Restating","type":"YA","timestamp":"2023-11-09 14:08:29"},{"nodeID":"1350154","text":"climate activists chaining themselves to gantries on the M25 makes people turn against what is an incredibly serious point","type":"I","timestamp":"2023-11-09 14:08:30"},{"nodeID":"1350155","text":"Theo Paphitis:  makes people turn against what is an incredibly serious point","type":"L","timestamp":"2023-11-09 14:08:30"},{"nodeID":"1350156","text":"Analysing","type":"YA","timestamp":"2023-11-09 14:08:30"},{"nodeID":"1350157","text":"Anon: Theo Paphitis:  makes people turn against what is an incredibly serious point","type":"L","timestamp":"2023-11-09 14:08:30"},{"nodeID":"1350158","text":"Asserting","type":"YA","timestamp":"2023-11-09 14:08:30"},{"nodeID":"1350159","text":"when climate activists chaining themselves to gantries on the M25, people think they\u2019re loony bins","type":"I","timestamp":"2023-11-09 14:08:30"},{"nodeID":"1350160","text":"Theo Paphitis:  they think they\u2019re loony bins","type":"L","timestamp":"2023-11-09 14:08:30"},{"nodeID":"1350161","text":"Analysing","type":"YA","timestamp":"2023-11-09 14:08:30"},{"nodeID":"1350162","text":"Anon: Theo Paphitis:  they think they\u2019re loony bins","type":"L","timestamp":"2023-11-09 14:08:30"},{"nodeID":"1350163","text":"Asserting","type":"YA","timestamp":"2023-11-09 14:08:30"},{"nodeID":"1350164","text":"Default Inference","type":"RA","timestamp":"2023-11-09 14:08:30"},{"nodeID":"1350165","text":"Default Transition","type":"TA","timestamp":"2023-11-09 14:08:30"},{"nodeID":"1350166","text":"Default Transition","type":"TA","timestamp":"2023-11-09 14:08:30"},{"nodeID":"1350167","text":"Default Inference","type":"RA","timestamp":"2023-11-09 14:08:30"},{"nodeID":"1350168","text":"Arguing","type":"YA","timestamp":"2023-11-09 14:08:30"},{"nodeID":"1350169","text":"climate activists don't do something as dramatic as chaining them selves to gantries on the M25","type":"I","timestamp":"2023-11-09 14:08:31"},{"nodeID":"1350170","text":"Fiona Bruce: they do something as dramatic as that","type":"L","timestamp":"2023-11-09 14:08:31"},{"nodeID":"1350171","text":"Analysing","type":"YA","timestamp":"2023-11-09 14:08:31"},{"nodeID":"1350172","text":"Anon: Fiona Bruce: they do something as dramatic as that","type":"L","timestamp":"2023-11-09 14:08:31"},{"nodeID":"1350173","text":"Asserting","type":"YA","timestamp":"2023-11-09 14:08:31"},{"nodeID":"1350174","text":"people aren\u2019t going to listen","type":"I","timestamp":"2023-11-09 14:08:31"},{"nodeID":"1350175","text":"Fiona Bruce: people aren\u2019t going to listen","type":"L","timestamp":"2023-11-09 14:08:31"},{"nodeID":"1350176","text":"Analysing","type":"YA","timestamp":"2023-11-09 14:08:31"},{"nodeID":"1350177","text":"Anon: Fiona Bruce: people aren\u2019t going to listen","type":"L","timestamp":"2023-11-09 14:08:31"},{"nodeID":"1350178","text":"Asserting","type":"YA","timestamp":"2023-11-09 14:08:31"},{"nodeID":"1350179","text":"Default Inference","type":"RA","timestamp":"2023-11-09 14:08:31"},{"nodeID":"1350180","text":"Default Transition","type":"TA","timestamp":"2023-11-09 14:08:31"},{"nodeID":"1350181","text":"Default Transition","type":"TA","timestamp":"2023-11-09 14:08:31"},{"nodeID":"1350182","text":"Arguing","type":"YA","timestamp":"2023-11-09 14:08:31"},{"nodeID":"1350183","text":"Default Conflict","type":"CA","timestamp":"2023-11-09 14:08:31"},{"nodeID":"1350184","text":"Disagreeing","type":"YA","timestamp":"2023-11-09 14:08:31"},{"nodeID":"1350185","text":"when climate activists chain themselves to gantries on the M25, people aren't taking the message climate activists are trying to push, they are taking the bigger message which is congestion, upheaval, economic downturn","type":"I","timestamp":"2023-11-09 14:08:32"},{"nodeID":"1350186","text":"Theo Paphitis: Do you think people are really taking the message or the biggest message that\u2019s coming out of it is congestion, upheaval, economic downturn","type":"L","timestamp":"2023-11-09 14:08:32"},{"nodeID":"1350187","text":"Analysing","type":"YA","timestamp":"2023-11-09 14:08:32"},{"nodeID":"1350188","text":"Anon: Theo Paphitis: Do you think people are really taking the message or the biggest message that\u2019s coming out of it is congestion, upheaval, economic downturn","type":"L","timestamp":"2023-11-09 14:08:32"},{"nodeID":"1350189","text":"Rhetorical Questioning","type":"YA","timestamp":"2023-11-09 14:08:32"},{"nodeID":"1350190","text":"Default Transition","type":"TA","timestamp":"2023-11-09 14:08:32"},{"nodeID":"1350191","text":"Default Conflict","type":"CA","timestamp":"2023-11-09 14:08:32"},{"nodeID":"1350192","text":"this is a democracy","type":"I","timestamp":"2023-11-09 14:08:33"},{"nodeID":"1350193","text":"Theo Paphitis:  this is a democracy","type":"L","timestamp":"2023-11-09 14:08:33"},{"nodeID":"1350194","text":"Analysing","type":"YA","timestamp":"2023-11-09 14:08:33"},{"nodeID":"1350195","text":"Anon: Theo Paphitis:  this is a democracy","type":"L","timestamp":"2023-11-09 14:08:33"},{"nodeID":"1350196","text":"Asserting","type":"YA","timestamp":"2023-11-09 14:08:33"},{"nodeID":"1350197","text":"Default Transition","type":"TA","timestamp":"2023-11-09 14:08:33"},{"nodeID":"1350198","text":"we have so many opportunities, like Caroline has, to make our point in a democratic world","type":"I","timestamp":"2023-11-09 14:08:33"},{"nodeID":"1350199","text":"Theo Paphitis: We have so many opportunities, like Caroline has, to make our point in a democratic world","type":"L","timestamp":"2023-11-09 14:08:33"},{"nodeID":"1350200","text":"Analysing","type":"YA","timestamp":"2023-11-09 14:08:33"},{"nodeID":"1350201","text":"Anon: Theo Paphitis: We have so many opportunities, like Caroline has, to make our point in a democratic world","type":"L","timestamp":"2023-11-09 14:08:33"},{"nodeID":"1350202","text":"Asserting","type":"YA","timestamp":"2023-11-09 14:08:33"},{"nodeID":"1350203","text":"Default Inference","type":"RA","timestamp":"2023-11-09 14:08:33"},{"nodeID":"1350204","text":"Default Transition","type":"TA","timestamp":"2023-11-09 14:08:33"},{"nodeID":"1350205","text":"Arguing","type":"YA","timestamp":"2023-11-09 14:08:33"},{"nodeID":"1350206","text":"Disagreeing","type":"YA","timestamp":"2023-11-09 14:08:33"}],"edges":[{"edgeID":"1768467","fromID":"1350109","toID":"1350108","formEdgeID":null},{"edgeID":"1768468","fromID":"1350110","toID":"1350109","formEdgeID":null},{"edgeID":"1768469","fromID":"1350108","toID":"1350111","formEdgeID":null},{"edgeID":"1768470","fromID":"1350111","toID":"1350107","formEdgeID":null},{"edgeID":"1768471","fromID":"1350114","toID":"1350113","formEdgeID":null},{"edgeID":"1768472","fromID":"1350115","toID":"1350114","formEdgeID":null},{"edgeID":"1768473","fromID":"1350113","toID":"1350116","formEdgeID":null},{"edgeID":"1768474","fromID":"1350116","toID":"1350112","formEdgeID":null},{"edgeID":"1768475","fromID":"1350119","toID":"1350118","formEdgeID":null},{"edgeID":"1768476","fromID":"1350120","toID":"1350119","formEdgeID":null},{"edgeID":"1768477","fromID":"1350118","toID":"1350121","formEdgeID":null},{"edgeID":"1768478","fromID":"1350121","toID":"1350117","formEdgeID":null},{"edgeID":"1768479","fromID":"1350112","toID":"1350122","formEdgeID":null},{"edgeID":"1768480","fromID":"1350122","toID":"1350117","formEdgeID":null},{"edgeID":"1768481","fromID":"1350107","toID":"1350122","formEdgeID":null},{"edgeID":"1768482","fromID":"1350108","toID":"1350123","formEdgeID":null},{"edgeID":"1768483","fromID":"1350123","toID":"1350118","formEdgeID":null},{"edgeID":"1768484","fromID":"1350113","toID":"1350124","formEdgeID":null},{"edgeID":"1768485","fromID":"1350124","toID":"1350118","formEdgeID":null},{"edgeID":"1768486","fromID":"1350124","toID":"1350125","formEdgeID":null},{"edgeID":"1768487","fromID":"1350125","toID":"1350122","formEdgeID":null},{"edgeID":"1768488","fromID":"1350128","toID":"1350127","formEdgeID":null},{"edgeID":"1768489","fromID":"1350129","toID":"1350128","formEdgeID":null},{"edgeID":"1768490","fromID":"1350127","toID":"1350130","formEdgeID":null},{"edgeID":"1768491","fromID":"1350130","toID":"1350126","formEdgeID":null},{"edgeID":"1768492","fromID":"1350133","toID":"1350132","formEdgeID":null},{"edgeID":"1768493","fromID":"1350134","toID":"1350133","formEdgeID":null},{"edgeID":"1768494","fromID":"1350132","toID":"1350135","formEdgeID":null},{"edgeID":"1768495","fromID":"1350135","toID":"1350131","formEdgeID":null},{"edgeID":"1768496","fromID":"1350131","toID":"1350136","formEdgeID":null},{"edgeID":"1768497","fromID":"1350136","toID":"1350126","formEdgeID":null},{"edgeID":"1768498","fromID":"1350118","toID":"1350137","formEdgeID":null},{"edgeID":"1768499","fromID":"1350137","toID":"1350127","formEdgeID":null},{"edgeID":"1768500","fromID":"1350127","toID":"1350138","formEdgeID":null},{"edgeID":"1768501","fromID":"1350138","toID":"1350132","formEdgeID":null},{"edgeID":"1768502","fromID":"1350138","toID":"1350139","formEdgeID":null},{"edgeID":"1768503","fromID":"1350139","toID":"1350136","formEdgeID":null},{"edgeID":"1768504","fromID":"1350142","toID":"1350141","formEdgeID":null},{"edgeID":"1768505","fromID":"1350143","toID":"1350142","formEdgeID":null},{"edgeID":"1768506","fromID":"1350141","toID":"1350144","formEdgeID":null},{"edgeID":"1768507","fromID":"1350144","toID":"1350140","formEdgeID":null},{"edgeID":"1768508","fromID":"1350147","toID":"1350146","formEdgeID":null},{"edgeID":"1768509","fromID":"1350148","toID":"1350147","formEdgeID":null},{"edgeID":"1768510","fromID":"1350146","toID":"1350149","formEdgeID":null},{"edgeID":"1768511","fromID":"1350149","toID":"1350145","formEdgeID":null},{"edgeID":"1768512","fromID":"1350145","toID":"1350150","formEdgeID":null},{"edgeID":"1768513","fromID":"1350150","toID":"1350140","formEdgeID":null},{"edgeID":"1768514","fromID":"1350141","toID":"1350151","formEdgeID":null},{"edgeID":"1768515","fromID":"1350151","toID":"1350146","formEdgeID":null},{"edgeID":"1768516","fromID":"1350132","toID":"1350152","formEdgeID":null},{"edgeID":"1768517","fromID":"1350152","toID":"1350141","formEdgeID":null},{"edgeID":"1768518","fromID":"1350151","toID":"1350153","formEdgeID":null},{"edgeID":"1768519","fromID":"1350153","toID":"1350150","formEdgeID":null},{"edgeID":"1768520","fromID":"1350156","toID":"1350155","formEdgeID":null},{"edgeID":"1768521","fromID":"1350157","toID":"1350156","formEdgeID":null},{"edgeID":"1768522","fromID":"1350155","toID":"1350158","formEdgeID":null},{"edgeID":"1768523","fromID":"1350158","toID":"1350154","formEdgeID":null},{"edgeID":"1768524","fromID":"1350161","toID":"1350160","formEdgeID":null},{"edgeID":"1768525","fromID":"1350162","toID":"1350161","formEdgeID":null},{"edgeID":"1768526","fromID":"1350160","toID":"1350163","formEdgeID":null},{"edgeID":"1768527","fromID":"1350163","toID":"1350159","formEdgeID":null},{"edgeID":"1768528","fromID":"1350159","toID":"1350164","formEdgeID":null},{"edgeID":"1768529","fromID":"1350164","toID":"1350154","formEdgeID":null},{"edgeID":"1768530","fromID":"1350146","toID":"1350165","formEdgeID":null},{"edgeID":"1768531","fromID":"1350165","toID":"1350155","formEdgeID":null},{"edgeID":"1768532","fromID":"1350155","toID":"1350166","formEdgeID":null},{"edgeID":"1768533","fromID":"1350166","toID":"1350160","formEdgeID":null},{"edgeID":"1768534","fromID":"1350145","toID":"1350167","formEdgeID":null},{"edgeID":"1768535","fromID":"1350167","toID":"1350154","formEdgeID":null},{"edgeID":"1768536","fromID":"1350165","toID":"1350168","formEdgeID":null},{"edgeID":"1768537","fromID":"1350168","toID":"1350167","formEdgeID":null},{"edgeID":"1768538","fromID":"1350171","toID":"1350170","formEdgeID":null},{"edgeID":"1768539","fromID":"1350172","toID":"1350171","formEdgeID":null},{"edgeID":"1768540","fromID":"1350170","toID":"1350173","formEdgeID":null},{"edgeID":"1768541","fromID":"1350173","toID":"1350169","formEdgeID":null},{"edgeID":"1768542","fromID":"1350176","toID":"1350175","formEdgeID":null},{"edgeID":"1768543","fromID":"1350177","toID":"1350176","formEdgeID":null},{"edgeID":"1768544","fromID":"1350175","toID":"1350178","formEdgeID":null},{"edgeID":"1768545","fromID":"1350178","toID":"1350174","formEdgeID":null},{"edgeID":"1768546","fromID":"1350169","toID":"1350179","formEdgeID":null},{"edgeID":"1768547","fromID":"1350179","toID":"1350174","formEdgeID":null},{"edgeID":"1768548","fromID":"1350160","toID":"1350180","formEdgeID":null},{"edgeID":"1768549","fromID":"1350180","toID":"1350170","formEdgeID":null},{"edgeID":"1768550","fromID":"1350170","toID":"1350181","formEdgeID":null},{"edgeID":"1768551","fromID":"1350181","toID":"1350175","formEdgeID":null},{"edgeID":"1768552","fromID":"1350181","toID":"1350182","formEdgeID":null},{"edgeID":"1768553","fromID":"1350182","toID":"1350179","formEdgeID":null},{"edgeID":"1768554","fromID":"1350169","toID":"1350183","formEdgeID":null},{"edgeID":"1768555","fromID":"1350183","toID":"1350159","formEdgeID":null},{"edgeID":"1768556","fromID":"1350180","toID":"1350184","formEdgeID":null},{"edgeID":"1768557","fromID":"1350184","toID":"1350183","formEdgeID":null},{"edgeID":"1768558","fromID":"1350187","toID":"1350186","formEdgeID":null},{"edgeID":"1768559","fromID":"1350188","toID":"1350187","formEdgeID":null},{"edgeID":"1768560","fromID":"1350186","toID":"1350189","formEdgeID":null},{"edgeID":"1768561","fromID":"1350189","toID":"1350185","formEdgeID":null},{"edgeID":"1768562","fromID":"1350175","toID":"1350190","formEdgeID":null},{"edgeID":"1768563","fromID":"1350190","toID":"1350186","formEdgeID":null},{"edgeID":"1768564","fromID":"1350185","toID":"1350191","formEdgeID":null},{"edgeID":"1768565","fromID":"1350191","toID":"1350174","formEdgeID":null},{"edgeID":"1768566","fromID":"1350194","toID":"1350193","formEdgeID":null},{"edgeID":"1768567","fromID":"1350195","toID":"1350194","formEdgeID":null},{"edgeID":"1768568","fromID":"1350193","toID":"1350196","formEdgeID":null},{"edgeID":"1768569","fromID":"1350196","toID":"1350192","formEdgeID":null},{"edgeID":"1768570","fromID":"1350186","toID":"1350197","formEdgeID":null},{"edgeID":"1768571","fromID":"1350197","toID":"1350193","formEdgeID":null},{"edgeID":"1768572","fromID":"1350200","toID":"1350199","formEdgeID":null},{"edgeID":"1768573","fromID":"1350201","toID":"1350200","formEdgeID":null},{"edgeID":"1768574","fromID":"1350199","toID":"1350202","formEdgeID":null},{"edgeID":"1768575","fromID":"1350202","toID":"1350198","formEdgeID":null},{"edgeID":"1768576","fromID":"1350192","toID":"1350203","formEdgeID":null},{"edgeID":"1768577","fromID":"1350203","toID":"1350198","formEdgeID":null},{"edgeID":"1768578","fromID":"1350193","toID":"1350204","formEdgeID":null},{"edgeID":"1768579","fromID":"1350204","toID":"1350199","formEdgeID":null},{"edgeID":"1768580","fromID":"1350204","toID":"1350205","formEdgeID":null},{"edgeID":"1768581","fromID":"1350205","toID":"1350203","formEdgeID":null},{"edgeID":"1768582","fromID":"1350190","toID":"1350206","formEdgeID":null},{"edgeID":"1768583","fromID":"1350206","toID":"1350191","formEdgeID":null}],"locutions":[]}