{"nodes":[{"nodeID":"1343680","text":"this is the first time the RCN has called a strike across the United Kingdom in its history","type":"I","timestamp":"2023-11-09 13:58:21"},{"nodeID":"1343681","text":"Fiona Bruce: This is the first time the RCN has called a strike across the United Kingdom in its history","type":"L","timestamp":"2023-11-09 13:58:21"},{"nodeID":"1343682","text":"Analysing","type":"YA","timestamp":"2023-11-09 13:58:21"},{"nodeID":"1343683","text":"Anon: Fiona Bruce: This is the first time the RCN has called a strike across the United Kingdom in its history","type":"L","timestamp":"2023-11-09 13:58:21"},{"nodeID":"1343684","text":"Asserting","type":"YA","timestamp":"2023-11-09 13:58:21"},{"nodeID":"1343685","text":"the RCN was founded 160 years ago","type":"I","timestamp":"2023-11-09 13:58:22"},{"nodeID":"1343686","text":"Fiona Bruce: it\u2019s 160 years","type":"L","timestamp":"2023-11-09 13:58:22"},{"nodeID":"1343687","text":"Analysing","type":"YA","timestamp":"2023-11-09 13:58:22"},{"nodeID":"1343688","text":"Anon: Fiona Bruce: it\u2019s 160 years","type":"L","timestamp":"2023-11-09 13:58:22"},{"nodeID":"1343689","text":"Asserting","type":"YA","timestamp":"2023-11-09 13:58:22"},{"nodeID":"1343690","text":"Default Transition","type":"TA","timestamp":"2023-11-09 13:58:22"},{"nodeID":"1343691","text":"what the nurses are asking for is a pay rise of 17.6 per cent","type":"I","timestamp":"2023-11-09 13:58:23"},{"nodeID":"1343692","text":"Fiona Bruce: what the nurses are asking for is a pay rise of 17.6 per cent","type":"L","timestamp":"2023-11-09 13:58:23"},{"nodeID":"1343693","text":"Analysing","type":"YA","timestamp":"2023-11-09 13:58:23"},{"nodeID":"1343694","text":"Anon: Fiona Bruce: what the nurses are asking for is a pay rise of 17.6 per cent","type":"L","timestamp":"2023-11-09 13:58:23"},{"nodeID":"1343695","text":"Asserting","type":"YA","timestamp":"2023-11-09 13:58:23"},{"nodeID":"1343696","text":"Default Transition","type":"TA","timestamp":"2023-11-09 13:58:23"},{"nodeID":"1343697","text":"the nurses know the pay rise of 17.6 per cent is not sustainable","type":"I","timestamp":"2023-11-09 13:58:23"},{"nodeID":"1343698","text":"Theo Paphitis: they know that\u2019s not sustainable","type":"L","timestamp":"2023-11-09 13:58:23"},{"nodeID":"1343699","text":"Analysing","type":"YA","timestamp":"2023-11-09 13:58:23"},{"nodeID":"1343700","text":"Anon: Theo Paphitis: they know that\u2019s not sustainable","type":"L","timestamp":"2023-11-09 13:58:23"},{"nodeID":"1343701","text":"Asserting","type":"YA","timestamp":"2023-11-09 13:58:23"},{"nodeID":"1343702","text":"Default Transition","type":"TA","timestamp":"2023-11-09 13:58:23"},{"nodeID":"1343703","text":"Default Conflict","type":"CA","timestamp":"2023-11-09 13:58:23"},{"nodeID":"1343704","text":"Disagreeing","type":"YA","timestamp":"2023-11-09 13:58:23"},{"nodeID":"1343705","text":"the nurses know they\u2019re not going to get that pay rise of 17.6 per cent","type":"I","timestamp":"2023-11-09 13:58:24"},{"nodeID":"1343706","text":"Theo Paphitis: they know they\u2019re not going to get that","type":"L","timestamp":"2023-11-09 13:58:24"},{"nodeID":"1343707","text":"Analysing","type":"YA","timestamp":"2023-11-09 13:58:24"},{"nodeID":"1343708","text":"Anon: Theo Paphitis: they know they\u2019re not going to get that","type":"L","timestamp":"2023-11-09 13:58:24"},{"nodeID":"1343709","text":"Asserting","type":"YA","timestamp":"2023-11-09 13:58:24"},{"nodeID":"1343710","text":"Default Transition","type":"TA","timestamp":"2023-11-09 13:58:24"},{"nodeID":"1343711","text":"Default Rephrase","type":"MA","timestamp":"2023-11-09 13:58:24"},{"nodeID":"1343712","text":"Restating","type":"YA","timestamp":"2023-11-09 13:58:24"},{"nodeID":"1343713","text":"that pay rise of 17.6 per cent is not possible","type":"I","timestamp":"2023-11-09 13:58:25"},{"nodeID":"1343714","text":"Theo Paphitis: that\u2019s not possible","type":"L","timestamp":"2023-11-09 13:58:25"},{"nodeID":"1343715","text":"Analysing","type":"YA","timestamp":"2023-11-09 13:58:25"},{"nodeID":"1343716","text":"Anon: Theo Paphitis: that\u2019s not possible","type":"L","timestamp":"2023-11-09 13:58:25"},{"nodeID":"1343717","text":"Asserting","type":"YA","timestamp":"2023-11-09 13:58:25"},{"nodeID":"1343718","text":"Default Transition","type":"TA","timestamp":"2023-11-09 13:58:25"},{"nodeID":"1343719","text":"Default Rephrase","type":"MA","timestamp":"2023-11-09 13:58:25"},{"nodeID":"1343720","text":"Restating","type":"YA","timestamp":"2023-11-09 13:58:25"},{"nodeID":"1343721","text":"we are into very, very difficult economic recession","type":"I","timestamp":"2023-11-09 13:58:25"},{"nodeID":"1343722","text":"Theo Paphitis: we are into very, very difficult economic recession","type":"L","timestamp":"2023-11-09 13:58:25"},{"nodeID":"1343723","text":"Analysing","type":"YA","timestamp":"2023-11-09 13:58:25"},{"nodeID":"1343724","text":"Anon: Theo Paphitis: we are into very, very difficult economic recession","type":"L","timestamp":"2023-11-09 13:58:25"},{"nodeID":"1343725","text":"Asserting","type":"YA","timestamp":"2023-11-09 13:58:25"},{"nodeID":"1343726","text":"Default Transition","type":"TA","timestamp":"2023-11-09 13:58:25"},{"nodeID":"1343727","text":"Default Inference","type":"RA","timestamp":"2023-11-09 13:58:25"},{"nodeID":"1343728","text":"Arguing","type":"YA","timestamp":"2023-11-09 13:58:25"},{"nodeID":"1343729","text":"we indemnify everybody against inflation","type":"I","timestamp":"2023-11-09 13:58:26"},{"nodeID":"1343730","text":"Theo Paphitis: we indemnify everybody against inflation","type":"L","timestamp":"2023-11-09 13:58:26"},{"nodeID":"1343731","text":"Analysing","type":"YA","timestamp":"2023-11-09 13:58:26"},{"nodeID":"1343732","text":"Anon: Theo Paphitis: we indemnify everybody against inflation","type":"L","timestamp":"2023-11-09 13:58:26"},{"nodeID":"1343733","text":"Asserting","type":"YA","timestamp":"2023-11-09 13:58:26"},{"nodeID":"1343734","text":"Default Transition","type":"TA","timestamp":"2023-11-09 13:58:26"},{"nodeID":"1343735","text":"there\u2019s no recession","type":"I","timestamp":"2023-11-09 13:58:27"},{"nodeID":"1343736","text":"Theo Paphitis: there\u2019s no recession","type":"L","timestamp":"2023-11-09 13:58:27"},{"nodeID":"1343737","text":"Analysing","type":"YA","timestamp":"2023-11-09 13:58:27"},{"nodeID":"1343738","text":"Anon: Theo Paphitis: there\u2019s no recession","type":"L","timestamp":"2023-11-09 13:58:27"},{"nodeID":"1343739","text":"Asserting","type":"YA","timestamp":"2023-11-09 13:58:27"},{"nodeID":"1343740","text":"Default Transition","type":"TA","timestamp":"2023-11-09 13:58:27"},{"nodeID":"1343741","text":"Default Inference","type":"RA","timestamp":"2023-11-09 13:58:27"},{"nodeID":"1343742","text":"Arguing","type":"YA","timestamp":"2023-11-09 13:58:27"},{"nodeID":"1343743","text":"the recession is just going to spiral","type":"I","timestamp":"2023-11-09 13:58:27"},{"nodeID":"1343744","text":"Theo Paphitis: It\u2019s just going to spiral","type":"L","timestamp":"2023-11-09 13:58:27"},{"nodeID":"1343745","text":"Analysing","type":"YA","timestamp":"2023-11-09 13:58:27"},{"nodeID":"1343746","text":"Anon: Theo Paphitis: It\u2019s just going to spiral","type":"L","timestamp":"2023-11-09 13:58:27"},{"nodeID":"1343747","text":"Asserting","type":"YA","timestamp":"2023-11-09 13:58:27"},{"nodeID":"1343748","text":"Default Transition","type":"TA","timestamp":"2023-11-09 13:58:27"},{"nodeID":"1343749","text":"the pay rise of 17.6 per cent is not realistic","type":"I","timestamp":"2023-11-09 13:58:28"},{"nodeID":"1343750","text":"Theo Paphitis: that\u2019s not realistic","type":"L","timestamp":"2023-11-09 13:58:28"},{"nodeID":"1343751","text":"Analysing","type":"YA","timestamp":"2023-11-09 13:58:28"},{"nodeID":"1343752","text":"Anon: Theo Paphitis: that\u2019s not realistic","type":"L","timestamp":"2023-11-09 13:58:28"},{"nodeID":"1343753","text":"Asserting","type":"YA","timestamp":"2023-11-09 13:58:28"},{"nodeID":"1343754","text":"Default Transition","type":"TA","timestamp":"2023-11-09 13:58:28"},{"nodeID":"1343755","text":"Default Inference","type":"RA","timestamp":"2023-11-09 13:58:28"},{"nodeID":"1343756","text":"Arguing","type":"YA","timestamp":"2023-11-09 13:58:28"},{"nodeID":"1343757","text":"Default Rephrase","type":"MA","timestamp":"2023-11-09 13:58:28"},{"nodeID":"1343758","text":"Restating","type":"YA","timestamp":"2023-11-09 13:58:28"},{"nodeID":"1343759","text":"Default Inference","type":"RA","timestamp":"2023-11-09 13:58:28"},{"nodeID":"1343760","text":"Default Transition","type":"TA","timestamp":"2023-11-09 13:58:28"},{"nodeID":"1343761","text":"Arguing","type":"YA","timestamp":"2023-11-09 13:58:28"},{"nodeID":"1343762","text":"Default Rephrase","type":"MA","timestamp":"2023-11-09 13:58:28"},{"nodeID":"1343763","text":"Restating","type":"YA","timestamp":"2023-11-09 13:58:28"}],"edges":[{"edgeID":"1760829","fromID":"1343682","toID":"1343681","formEdgeID":null},{"edgeID":"1760830","fromID":"1343683","toID":"1343682","formEdgeID":null},{"edgeID":"1760831","fromID":"1343681","toID":"1343684","formEdgeID":null},{"edgeID":"1760832","fromID":"1343684","toID":"1343680","formEdgeID":null},{"edgeID":"1760833","fromID":"1343687","toID":"1343686","formEdgeID":null},{"edgeID":"1760834","fromID":"1343688","toID":"1343687","formEdgeID":null},{"edgeID":"1760835","fromID":"1343686","toID":"1343689","formEdgeID":null},{"edgeID":"1760836","fromID":"1343689","toID":"1343685","formEdgeID":null},{"edgeID":"1760837","fromID":"1343681","toID":"1343690","formEdgeID":null},{"edgeID":"1760838","fromID":"1343690","toID":"1343686","formEdgeID":null},{"edgeID":"1760839","fromID":"1343693","toID":"1343692","formEdgeID":null},{"edgeID":"1760840","fromID":"1343694","toID":"1343693","formEdgeID":null},{"edgeID":"1760841","fromID":"1343692","toID":"1343695","formEdgeID":null},{"edgeID":"1760842","fromID":"1343695","toID":"1343691","formEdgeID":null},{"edgeID":"1760843","fromID":"1343686","toID":"1343696","formEdgeID":null},{"edgeID":"1760844","fromID":"1343696","toID":"1343692","formEdgeID":null},{"edgeID":"1760845","fromID":"1343699","toID":"1343698","formEdgeID":null},{"edgeID":"1760846","fromID":"1343700","toID":"1343699","formEdgeID":null},{"edgeID":"1760847","fromID":"1343698","toID":"1343701","formEdgeID":null},{"edgeID":"1760848","fromID":"1343701","toID":"1343697","formEdgeID":null},{"edgeID":"1760849","fromID":"1343692","toID":"1343702","formEdgeID":null},{"edgeID":"1760850","fromID":"1343702","toID":"1343698","formEdgeID":null},{"edgeID":"1760851","fromID":"1343697","toID":"1343703","formEdgeID":null},{"edgeID":"1760852","fromID":"1343703","toID":"1343691","formEdgeID":null},{"edgeID":"1760853","fromID":"1343702","toID":"1343704","formEdgeID":null},{"edgeID":"1760854","fromID":"1343704","toID":"1343703","formEdgeID":null},{"edgeID":"1760855","fromID":"1343707","toID":"1343706","formEdgeID":null},{"edgeID":"1760856","fromID":"1343708","toID":"1343707","formEdgeID":null},{"edgeID":"1760857","fromID":"1343706","toID":"1343709","formEdgeID":null},{"edgeID":"1760858","fromID":"1343709","toID":"1343705","formEdgeID":null},{"edgeID":"1760859","fromID":"1343698","toID":"1343710","formEdgeID":null},{"edgeID":"1760860","fromID":"1343710","toID":"1343706","formEdgeID":null},{"edgeID":"1760861","fromID":"1343705","toID":"1343711","formEdgeID":null},{"edgeID":"1760862","fromID":"1343711","toID":"1343697","formEdgeID":null},{"edgeID":"1760863","fromID":"1343710","toID":"1343712","formEdgeID":null},{"edgeID":"1760864","fromID":"1343712","toID":"1343711","formEdgeID":null},{"edgeID":"1760865","fromID":"1343715","toID":"1343714","formEdgeID":null},{"edgeID":"1760866","fromID":"1343716","toID":"1343715","formEdgeID":null},{"edgeID":"1760867","fromID":"1343714","toID":"1343717","formEdgeID":null},{"edgeID":"1760868","fromID":"1343717","toID":"1343713","formEdgeID":null},{"edgeID":"1760869","fromID":"1343706","toID":"1343718","formEdgeID":null},{"edgeID":"1760870","fromID":"1343718","toID":"1343714","formEdgeID":null},{"edgeID":"1760871","fromID":"1343713","toID":"1343719","formEdgeID":null},{"edgeID":"1760872","fromID":"1343719","toID":"1343705","formEdgeID":null},{"edgeID":"1760873","fromID":"1343718","toID":"1343720","formEdgeID":null},{"edgeID":"1760874","fromID":"1343720","toID":"1343719","formEdgeID":null},{"edgeID":"1760875","fromID":"1343723","toID":"1343722","formEdgeID":null},{"edgeID":"1760876","fromID":"1343724","toID":"1343723","formEdgeID":null},{"edgeID":"1760877","fromID":"1343722","toID":"1343725","formEdgeID":null},{"edgeID":"1760878","fromID":"1343725","toID":"1343721","formEdgeID":null},{"edgeID":"1760879","fromID":"1343714","toID":"1343726","formEdgeID":null},{"edgeID":"1760880","fromID":"1343726","toID":"1343722","formEdgeID":null},{"edgeID":"1760881","fromID":"1343721","toID":"1343727","formEdgeID":null},{"edgeID":"1760882","fromID":"1343727","toID":"1343713","formEdgeID":null},{"edgeID":"1760883","fromID":"1343726","toID":"1343728","formEdgeID":null},{"edgeID":"1760884","fromID":"1343728","toID":"1343727","formEdgeID":null},{"edgeID":"1760885","fromID":"1343731","toID":"1343730","formEdgeID":null},{"edgeID":"1760886","fromID":"1343732","toID":"1343731","formEdgeID":null},{"edgeID":"1760887","fromID":"1343730","toID":"1343733","formEdgeID":null},{"edgeID":"1760888","fromID":"1343733","toID":"1343729","formEdgeID":null},{"edgeID":"1760889","fromID":"1343722","toID":"1343734","formEdgeID":null},{"edgeID":"1760890","fromID":"1343734","toID":"1343730","formEdgeID":null},{"edgeID":"1760891","fromID":"1343737","toID":"1343736","formEdgeID":null},{"edgeID":"1760892","fromID":"1343738","toID":"1343737","formEdgeID":null},{"edgeID":"1760893","fromID":"1343736","toID":"1343739","formEdgeID":null},{"edgeID":"1760894","fromID":"1343739","toID":"1343735","formEdgeID":null},{"edgeID":"1760895","fromID":"1343730","toID":"1343740","formEdgeID":null},{"edgeID":"1760896","fromID":"1343740","toID":"1343736","formEdgeID":null},{"edgeID":"1760897","fromID":"1343729","toID":"1343741","formEdgeID":null},{"edgeID":"1760898","fromID":"1343741","toID":"1343735","formEdgeID":null},{"edgeID":"1760899","fromID":"1343740","toID":"1343742","formEdgeID":null},{"edgeID":"1760900","fromID":"1343742","toID":"1343741","formEdgeID":null},{"edgeID":"1760901","fromID":"1343745","toID":"1343744","formEdgeID":null},{"edgeID":"1760902","fromID":"1343746","toID":"1343745","formEdgeID":null},{"edgeID":"1760903","fromID":"1343744","toID":"1343747","formEdgeID":null},{"edgeID":"1760904","fromID":"1343747","toID":"1343743","formEdgeID":null},{"edgeID":"1760905","fromID":"1343736","toID":"1343748","formEdgeID":null},{"edgeID":"1760906","fromID":"1343748","toID":"1343744","formEdgeID":null},{"edgeID":"1760907","fromID":"1343751","toID":"1343750","formEdgeID":null},{"edgeID":"1760908","fromID":"1343752","toID":"1343751","formEdgeID":null},{"edgeID":"1760909","fromID":"1343750","toID":"1343753","formEdgeID":null},{"edgeID":"1760910","fromID":"1343753","toID":"1343749","formEdgeID":null},{"edgeID":"1760911","fromID":"1343744","toID":"1343754","formEdgeID":null},{"edgeID":"1760912","fromID":"1343754","toID":"1343750","formEdgeID":null},{"edgeID":"1760913","fromID":"1343743","toID":"1343755","formEdgeID":null},{"edgeID":"1760914","fromID":"1343755","toID":"1343749","formEdgeID":null},{"edgeID":"1760915","fromID":"1343754","toID":"1343756","formEdgeID":null},{"edgeID":"1760916","fromID":"1343756","toID":"1343755","formEdgeID":null},{"edgeID":"1760917","fromID":"1343743","toID":"1343757","formEdgeID":null},{"edgeID":"1760918","fromID":"1343757","toID":"1343735","formEdgeID":null},{"edgeID":"1760919","fromID":"1343748","toID":"1343758","formEdgeID":null},{"edgeID":"1760920","fromID":"1343758","toID":"1343757","formEdgeID":null},{"edgeID":"1760921","fromID":"1343749","toID":"1343759","formEdgeID":null},{"edgeID":"1760922","fromID":"1343759","toID":"1343713","formEdgeID":null},{"edgeID":"1760923","fromID":"1343714","toID":"1343760","formEdgeID":null},{"edgeID":"1760924","fromID":"1343760","toID":"1343750","formEdgeID":null},{"edgeID":"1760925","fromID":"1343760","toID":"1343761","formEdgeID":null},{"edgeID":"1760926","fromID":"1343761","toID":"1343759","formEdgeID":null},{"edgeID":"1760927","fromID":"1343685","toID":"1343762","formEdgeID":null},{"edgeID":"1760928","fromID":"1343762","toID":"1343680","formEdgeID":null},{"edgeID":"1760929","fromID":"1343690","toID":"1343763","formEdgeID":null},{"edgeID":"1760930","fromID":"1343763","toID":"1343762","formEdgeID":null}],"locutions":[]}