{"nodes":[{"nodeID":"1353306","text":"Mark Harper: no","type":"L","timestamp":"2023-11-09 14:13:15"},{"nodeID":"1353307","text":"Just Stop Oil protesters have been on gantries on the M25","type":"I","timestamp":"2023-11-09 14:13:15"},{"nodeID":"1353308","text":"Fiona Bruce: Who\u2019ve been on gantries on the M25","type":"L","timestamp":"2023-11-09 14:13:15"},{"nodeID":"1353309","text":"Analysing","type":"YA","timestamp":"2023-11-09 14:13:15"},{"nodeID":"1353310","text":"Lara: Fiona Bruce: Who\u2019ve been on gantries on the M25","type":"L","timestamp":"2023-11-09 14:13:15"},{"nodeID":"1353311","text":"Asserting","type":"YA","timestamp":"2023-11-09 14:13:15"},{"nodeID":"1353312","text":"AudienceMember 20221110QT52: Yeah","type":"L","timestamp":"2023-11-09 14:13:15"},{"nodeID":"1353313","text":"Analysing","type":"YA","timestamp":"2023-11-09 14:13:15"},{"nodeID":"1353314","text":"Lara: AudienceMember 20221110QT52: Yeah","type":"L","timestamp":"2023-11-09 14:13:15"},{"nodeID":"1353315","text":"Default Transition","type":"TA","timestamp":"2023-11-09 14:13:15"},{"nodeID":"1353316","text":"Agreeing","type":"YA","timestamp":"2023-11-09 14:13:15"},{"nodeID":"1353317","text":"the Just Stop Oil protesters who have been on gantries on the M25 are going to turn people against climate action","type":"I","timestamp":"2023-11-09 14:13:16"},{"nodeID":"1353318","text":"AudienceMember 20221110QT52: I feel like they\u2019re going to turn people against climate action","type":"L","timestamp":"2023-11-09 14:13:16"},{"nodeID":"1353319","text":"Analysing","type":"YA","timestamp":"2023-11-09 14:13:16"},{"nodeID":"1353320","text":"Lara: AudienceMember 20221110QT52: I feel like they\u2019re going to turn people against climate action","type":"L","timestamp":"2023-11-09 14:13:16"},{"nodeID":"1353321","text":"Asserting","type":"YA","timestamp":"2023-11-09 14:13:16"},{"nodeID":"1353322","text":"Default Transition","type":"TA","timestamp":"2023-11-09 14:13:16"},{"nodeID":"1353323","text":"we are doing a lot in this country","type":"I","timestamp":"2023-11-09 14:13:17"},{"nodeID":"1353324","text":"AudienceMember 20221110QT52: We are doing a lot in this country","type":"L","timestamp":"2023-11-09 14:13:17"},{"nodeID":"1353325","text":"Analysing","type":"YA","timestamp":"2023-11-09 14:13:17"},{"nodeID":"1353326","text":"Lara: AudienceMember 20221110QT52: We are doing a lot in this country","type":"L","timestamp":"2023-11-09 14:13:17"},{"nodeID":"1353327","text":"Asserting","type":"YA","timestamp":"2023-11-09 14:13:17"},{"nodeID":"1353328","text":"Default Transition","type":"TA","timestamp":"2023-11-09 14:13:17"},{"nodeID":"1353329","text":"the public needs to be for what we are doing in this country","type":"I","timestamp":"2023-11-09 14:13:18"},{"nodeID":"1353330","text":"AudienceMember 20221110QT52: the public needs to be for it","type":"L","timestamp":"2023-11-09 14:13:18"},{"nodeID":"1353331","text":"Analysing","type":"YA","timestamp":"2023-11-09 14:13:18"},{"nodeID":"1353332","text":"Lara: AudienceMember 20221110QT52: the public needs to be for it","type":"L","timestamp":"2023-11-09 14:13:18"},{"nodeID":"1353333","text":"Asserting","type":"YA","timestamp":"2023-11-09 14:13:18"},{"nodeID":"1353334","text":"Default Transition","type":"TA","timestamp":"2023-11-09 14:13:18"},{"nodeID":"1353335","text":"Default Conflict","type":"CA","timestamp":"2023-11-09 14:13:18"},{"nodeID":"1353336","text":"Disagreeing","type":"YA","timestamp":"2023-11-09 14:13:18"},{"nodeID":"1353337","text":"the Just Stop Oil protesters who have been on gantries on the M25 are going to destroy what we are doing","type":"I","timestamp":"2023-11-09 14:13:18"},{"nodeID":"1353338","text":"AudienceMember 20221110QT52: those people, they\u2019re just going to turn\u2026 They\u2019re going to destroy it","type":"L","timestamp":"2023-11-09 14:13:18"},{"nodeID":"1353339","text":"Analysing","type":"YA","timestamp":"2023-11-09 14:13:18"},{"nodeID":"1353340","text":"Lara: AudienceMember 20221110QT52: those people, they\u2019re just going to turn\u2026 They\u2019re going to destroy it","type":"L","timestamp":"2023-11-09 14:13:18"},{"nodeID":"1353341","text":"Asserting","type":"YA","timestamp":"2023-11-09 14:13:18"},{"nodeID":"1353342","text":"the Just Stop Oil protesters are going to vote for some party that really doesn\u2019t want climate action","type":"I","timestamp":"2023-11-09 14:13:19"},{"nodeID":"1353343","text":"AudienceMember 20221110QT52: They\u2019re going to vote for some party that really doesn\u2019t want it","type":"L","timestamp":"2023-11-09 14:13:19"},{"nodeID":"1353344","text":"Analysing","type":"YA","timestamp":"2023-11-09 14:13:19"},{"nodeID":"1353345","text":"Lara: AudienceMember 20221110QT52: They\u2019re going to vote for some party that really doesn\u2019t want it","type":"L","timestamp":"2023-11-09 14:13:19"},{"nodeID":"1353346","text":"Asserting","type":"YA","timestamp":"2023-11-09 14:13:19"},{"nodeID":"1353347","text":"climate action is just going to go up in flames","type":"I","timestamp":"2023-11-09 14:13:19"},{"nodeID":"1353348","text":"AudienceMember 20221110QT52: it\u2019s just going to go up in flames","type":"L","timestamp":"2023-11-09 14:13:19"},{"nodeID":"1353349","text":"Analysing","type":"YA","timestamp":"2023-11-09 14:13:19"},{"nodeID":"1353350","text":"Lara: AudienceMember 20221110QT52: it\u2019s just going to go up in flames","type":"L","timestamp":"2023-11-09 14:13:19"},{"nodeID":"1353351","text":"Asserting","type":"YA","timestamp":"2023-11-09 14:13:19"},{"nodeID":"1353352","text":"the Just Stop Oil protesters need to stop","type":"I","timestamp":"2023-11-09 14:13:20"},{"nodeID":"1353353","text":"AudienceMember 20221110QT52: They need to stop","type":"L","timestamp":"2023-11-09 14:13:20"},{"nodeID":"1353354","text":"Analysing","type":"YA","timestamp":"2023-11-09 14:13:20"},{"nodeID":"1353355","text":"Lara: AudienceMember 20221110QT52: They need to stop","type":"L","timestamp":"2023-11-09 14:13:20"},{"nodeID":"1353356","text":"Asserting","type":"YA","timestamp":"2023-11-09 14:13:20"},{"nodeID":"1353357","text":"we need to do more","type":"I","timestamp":"2023-11-09 14:13:21"},{"nodeID":"1353358","text":"AudienceMember 20221110QT52: we need to do more","type":"L","timestamp":"2023-11-09 14:13:21"},{"nodeID":"1353359","text":"Analysing","type":"YA","timestamp":"2023-11-09 14:13:21"},{"nodeID":"1353360","text":"Lara: AudienceMember 20221110QT52: we need to do more","type":"L","timestamp":"2023-11-09 14:13:21"},{"nodeID":"1353361","text":"Asserting","type":"YA","timestamp":"2023-11-09 14:13:21"},{"nodeID":"1353362","text":"we need a knowledge that we are doing our bit","type":"I","timestamp":"2023-11-09 14:13:22"},{"nodeID":"1353363","text":"AudienceMember 20221110QT52: we need a knowledge that we are doing our bit","type":"L","timestamp":"2023-11-09 14:13:22"},{"nodeID":"1353364","text":"Analysing","type":"YA","timestamp":"2023-11-09 14:13:22"},{"nodeID":"1353365","text":"Lara: AudienceMember 20221110QT52: we need a knowledge that we are doing our bit","type":"L","timestamp":"2023-11-09 14:13:22"},{"nodeID":"1353366","text":"Asserting","type":"YA","timestamp":"2023-11-09 14:13:22"},{"nodeID":"1353367","text":"we need to stop being so self-loathing","type":"I","timestamp":"2023-11-09 14:13:22"},{"nodeID":"1353368","text":"AudienceMember 20221110QT52: stop being so self-loathing","type":"L","timestamp":"2023-11-09 14:13:22"},{"nodeID":"1353369","text":"Analysing","type":"YA","timestamp":"2023-11-09 14:13:22"},{"nodeID":"1353370","text":"Lara: AudienceMember 20221110QT52: stop being so self-loathing","type":"L","timestamp":"2023-11-09 14:13:22"},{"nodeID":"1353371","text":"Asserting","type":"YA","timestamp":"2023-11-09 14:13:22"},{"nodeID":"1353372","text":"Rishi Sunak mentioned that we need to focus on renewable energy to help inflation specifically","type":"I","timestamp":"2023-11-09 14:13:23"},{"nodeID":"1353373","text":"AudienceMember 20221110QT53: Rishi Sunak mentioned that we need to focus on renewable energy to help inflation specifically","type":"L","timestamp":"2023-11-09 14:13:23"},{"nodeID":"1353374","text":"Analysing","type":"YA","timestamp":"2023-11-09 14:13:23"},{"nodeID":"1353375","text":"Lara: AudienceMember 20221110QT53: Rishi Sunak mentioned that we need to focus on renewable energy to help inflation specifically","type":"L","timestamp":"2023-11-09 14:13:23"},{"nodeID":"1353376","text":"Asserting","type":"YA","timestamp":"2023-11-09 14:13:23"},{"nodeID":"1353377","text":"in COP there is or is not a chance that Rishi Sunak will look into offshore windfarms at all","type":"I","timestamp":"2023-11-09 14:13:24"},{"nodeID":"1353378","text":"AudienceMember 20221110QT53: Do you think in COP there\u2019s any chance that he\u2019ll look into offshore windfarms at all","type":"L","timestamp":"2023-11-09 14:13:24"},{"nodeID":"1353379","text":"Analysing","type":"YA","timestamp":"2023-11-09 14:13:24"},{"nodeID":"1353380","text":"Lara: AudienceMember 20221110QT53: Do you think in COP there\u2019s any chance that he\u2019ll look into offshore windfarms at all","type":"L","timestamp":"2023-11-09 14:13:24"},{"nodeID":"1353381","text":"Pure Questioning","type":"YA","timestamp":"2023-11-09 14:13:24"},{"nodeID":"1353382","text":"Default Transition","type":"TA","timestamp":"2023-11-09 14:13:24"},{"nodeID":"1353383","text":"Default Rephrase","type":"MA","timestamp":"2023-11-09 14:13:24"},{"nodeID":"1353384","text":"Restating","type":"YA","timestamp":"2023-11-09 14:13:24"},{"nodeID":"1353385","text":"AudienceMember 20221110QT52 can see it coming that the Just Oil Protesters destroy what we are doing","type":"I","timestamp":"2023-11-09 14:13:25"},{"nodeID":"1353386","text":"AudienceMember 20221110QT52: I can just see it coming","type":"L","timestamp":"2023-11-09 14:13:25"},{"nodeID":"1353387","text":"Analysing","type":"YA","timestamp":"2023-11-09 14:13:25"},{"nodeID":"1353388","text":"Lara: AudienceMember 20221110QT52: I can just see it coming","type":"L","timestamp":"2023-11-09 14:13:25"},{"nodeID":"1353389","text":"Asserting","type":"YA","timestamp":"2023-11-09 14:13:25"},{"nodeID":"1353390","text":"Default Rephrase","type":"MA","timestamp":"2023-11-09 14:13:25"},{"nodeID":"1353391","text":"Default Transition","type":"TA","timestamp":"2023-11-09 14:13:25"},{"nodeID":"1353392","text":"Restating","type":"YA","timestamp":"2023-11-09 14:13:25"},{"nodeID":"1353393","text":"Default Transition","type":"TA","timestamp":"2023-11-09 14:13:25"},{"nodeID":"1353394","text":"Default Inference","type":"RA","timestamp":"2023-11-09 14:13:25"},{"nodeID":"1353395","text":"Default Transition","type":"TA","timestamp":"2023-11-09 14:13:25"},{"nodeID":"1353396","text":"Arguing","type":"YA","timestamp":"2023-11-09 14:13:25"},{"nodeID":"1353397","text":"Default Transition","type":"TA","timestamp":"2023-11-09 14:13:25"},{"nodeID":"1353398","text":"Default Rephrase","type":"MA","timestamp":"2023-11-09 14:13:25"},{"nodeID":"1353399","text":"Restating","type":"YA","timestamp":"2023-11-09 14:13:25"},{"nodeID":"1353400","text":"Default Transition","type":"TA","timestamp":"2023-11-09 14:13:25"},{"nodeID":"1353401","text":"Default Inference","type":"RA","timestamp":"2023-11-09 14:13:25"},{"nodeID":"1353402","text":"Arguing","type":"YA","timestamp":"2023-11-09 14:13:25"},{"nodeID":"1353403","text":"Default Transition","type":"TA","timestamp":"2023-11-09 14:13:25"},{"nodeID":"1353404","text":"Default Transition","type":"TA","timestamp":"2023-11-09 14:13:25"},{"nodeID":"1353405","text":"Default Conflict","type":"CA","timestamp":"2023-11-09 14:13:25"},{"nodeID":"1353406","text":"Disagreeing","type":"YA","timestamp":"2023-11-09 14:13:25"},{"nodeID":"1353407","text":"Default Transition","type":"TA","timestamp":"2023-11-09 14:13:25"},{"nodeID":"1353408","text":"Default Rephrase","type":"MA","timestamp":"2023-11-09 14:13:25"},{"nodeID":"1353409","text":"Restating","type":"YA","timestamp":"2023-11-09 14:13:25"},{"nodeID":"1353410","text":"Default Transition","type":"TA","timestamp":"2023-11-09 14:13:25"},{"nodeID":"1353411","text":"Default Transition","type":"TA","timestamp":"2023-11-09 14:13:25"},{"nodeID":"1353412","text":"Default Inference","type":"RA","timestamp":"2023-11-09 14:13:25"},{"nodeID":"1353413","text":"Arguing","type":"YA","timestamp":"2023-11-09 14:13:25"},{"nodeID":"1353414","text":"there is no chance that Rishi Sunak will look into offshore windfarms in COP","type":"I","timestamp":"2023-11-09 14:13:25"},{"nodeID":"1353415","text":"Analysing","type":"YA","timestamp":"2023-11-09 14:13:25"},{"nodeID":"1353416","text":"Lara: Mark Harper: No","type":"L","timestamp":"2023-11-09 14:13:25"},{"nodeID":"1353417","text":"Asserting","type":"YA","timestamp":"2023-11-09 14:13:25"},{"nodeID":"1353418","text":"Default Transition","type":"TA","timestamp":"2023-11-09 14:13:25"},{"nodeID":"1353419","text":"Default Rephrase","type":"MA","timestamp":"2023-11-09 14:13:25"},{"nodeID":"1353420","text":"Default Illocuting","type":"YA","timestamp":"2023-11-09 14:13:25"},{"nodeID":"1353421","text":"Mark Harper means that Rishi Sunak will not look into on shore windfarms in COP","type":"I","timestamp":"2023-11-09 14:13:26"},{"nodeID":"1353422","text":"Fiona Bruce: you mean on shore windfarms","type":"L","timestamp":"2023-11-09 14:13:26"},{"nodeID":"1353423","text":"Analysing","type":"YA","timestamp":"2023-11-09 14:13:26"},{"nodeID":"1353424","text":"Lara: Fiona Bruce: you mean on shore windfarms","type":"L","timestamp":"2023-11-09 14:13:26"},{"nodeID":"1353425","text":"Asserting","type":"YA","timestamp":"2023-11-09 14:13:26"},{"nodeID":"1353426","text":"Default Transition","type":"TA","timestamp":"2023-11-09 14:13:26"},{"nodeID":"1353427","text":"Default Conflict","type":"CA","timestamp":"2023-11-09 14:13:26"},{"nodeID":"1353428","text":"Disagreeing","type":"YA","timestamp":"2023-11-09 14:13:26"},{"nodeID":"1353429","text":"Rishi Sunak is supporting offshore windfarms","type":"I","timestamp":"2023-11-09 14:13:27"},{"nodeID":"1353430","text":"Fiona Bruce: offshore he is supporting","type":"L","timestamp":"2023-11-09 14:13:27"},{"nodeID":"1353431","text":"Analysing","type":"YA","timestamp":"2023-11-09 14:13:27"},{"nodeID":"1353432","text":"Lara: Fiona Bruce: offshore he is supporting","type":"L","timestamp":"2023-11-09 14:13:27"},{"nodeID":"1353433","text":"Asserting","type":"YA","timestamp":"2023-11-09 14:13:27"},{"nodeID":"1353434","text":"Rishi Sunak is not supporting on shore windfarms","type":"I","timestamp":"2023-11-09 14:13:27"},{"nodeID":"1353435","text":"Fiona Bruce: it\u2019s on shore ones that he\u2019s not","type":"L","timestamp":"2023-11-09 14:13:27"},{"nodeID":"1353436","text":"Analysing","type":"YA","timestamp":"2023-11-09 14:13:27"},{"nodeID":"1353437","text":"Lara: Fiona Bruce: it\u2019s on shore ones that he\u2019s not","type":"L","timestamp":"2023-11-09 14:13:27"},{"nodeID":"1353438","text":"Asserting","type":"YA","timestamp":"2023-11-09 14:13:27"},{"nodeID":"1353439","text":"Default Transition","type":"TA","timestamp":"2023-11-09 14:13:27"},{"nodeID":"1353440","text":"Default Inference","type":"RA","timestamp":"2023-11-09 14:13:27"},{"nodeID":"1353441","text":"Default Transition","type":"TA","timestamp":"2023-11-09 14:13:27"},{"nodeID":"1353442","text":"Default Rephrase","type":"MA","timestamp":"2023-11-09 14:13:27"},{"nodeID":"1353443","text":"Restating","type":"YA","timestamp":"2023-11-09 14:13:27"},{"nodeID":"1353444","text":"Mark Harper: Yeah","type":"L","timestamp":"2023-11-09 14:13:27"},{"nodeID":"1353445","text":"Analysing","type":"YA","timestamp":"2023-11-09 14:13:27"},{"nodeID":"1353446","text":"Lara: Mark Harper: Yeah","type":"L","timestamp":"2023-11-09 14:13:27"},{"nodeID":"1353447","text":"Default Transition","type":"TA","timestamp":"2023-11-09 14:13:27"},{"nodeID":"1353448","text":"we\u2019ve put a huge amount of investment into offshore windfarms","type":"I","timestamp":"2023-11-09 14:13:28"},{"nodeID":"1353449","text":"Mark Harper: offshore we\u2019ve put a huge amount of investment into that","type":"L","timestamp":"2023-11-09 14:13:28"},{"nodeID":"1353450","text":"Analysing","type":"YA","timestamp":"2023-11-09 14:13:28"},{"nodeID":"1353451","text":"Lara: Mark Harper: offshore we\u2019ve put a huge amount of investment into that","type":"L","timestamp":"2023-11-09 14:13:28"},{"nodeID":"1353452","text":"Asserting","type":"YA","timestamp":"2023-11-09 14:13:28"},{"nodeID":"1353453","text":"Agreeing","type":"YA","timestamp":"2023-11-09 14:13:28"},{"nodeID":"1353454","text":"Default Inference","type":"RA","timestamp":"2023-11-09 14:13:28"},{"nodeID":"1353455","text":"Default Transition","type":"TA","timestamp":"2023-11-09 14:13:28"},{"nodeID":"1353456","text":"Arguing","type":"YA","timestamp":"2023-11-09 14:13:28"},{"nodeID":"1353457","text":"AudienceMember 20221110QT54 meant to ask about onshore windfarms","type":"I","timestamp":"2023-11-09 14:13:29"},{"nodeID":"1353458","text":"AudienceMember 20221110QT54: Onshore, sorry, yeah","type":"L","timestamp":"2023-11-09 14:13:29"},{"nodeID":"1353459","text":"Analysing","type":"YA","timestamp":"2023-11-09 14:13:29"},{"nodeID":"1353460","text":"Lara: AudienceMember 20221110QT54: Onshore, sorry, yeah","type":"L","timestamp":"2023-11-09 14:13:29"},{"nodeID":"1353461","text":"Asserting","type":"YA","timestamp":"2023-11-09 14:13:29"},{"nodeID":"1353462","text":"Default Transition","type":"TA","timestamp":"2023-11-09 14:13:29"}],"edges":[{"edgeID":"1772282","fromID":"1353309","toID":"1353308","formEdgeID":null},{"edgeID":"1772283","fromID":"1353310","toID":"1353309","formEdgeID":null},{"edgeID":"1772284","fromID":"1353308","toID":"1353311","formEdgeID":null},{"edgeID":"1772285","fromID":"1353311","toID":"1353307","formEdgeID":null},{"edgeID":"1772286","fromID":"1353313","toID":"1353312","formEdgeID":null},{"edgeID":"1772287","fromID":"1353314","toID":"1353313","formEdgeID":null},{"edgeID":"1772288","fromID":"1353308","toID":"1353315","formEdgeID":null},{"edgeID":"1772289","fromID":"1353315","toID":"1353312","formEdgeID":null},{"edgeID":"1772290","fromID":"1353315","toID":"1353316","formEdgeID":null},{"edgeID":"1772291","fromID":"1353316","toID":"1353307","formEdgeID":null},{"edgeID":"1772292","fromID":"1353319","toID":"1353318","formEdgeID":null},{"edgeID":"1772293","fromID":"1353320","toID":"1353319","formEdgeID":null},{"edgeID":"1772294","fromID":"1353318","toID":"1353321","formEdgeID":null},{"edgeID":"1772295","fromID":"1353321","toID":"1353317","formEdgeID":null},{"edgeID":"1772296","fromID":"1353312","toID":"1353322","formEdgeID":null},{"edgeID":"1772297","fromID":"1353322","toID":"1353318","formEdgeID":null},{"edgeID":"1772298","fromID":"1353325","toID":"1353324","formEdgeID":null},{"edgeID":"1772299","fromID":"1353326","toID":"1353325","formEdgeID":null},{"edgeID":"1772300","fromID":"1353324","toID":"1353327","formEdgeID":null},{"edgeID":"1772301","fromID":"1353327","toID":"1353323","formEdgeID":null},{"edgeID":"1772302","fromID":"1353318","toID":"1353328","formEdgeID":null},{"edgeID":"1772303","fromID":"1353328","toID":"1353324","formEdgeID":null},{"edgeID":"1772304","fromID":"1353331","toID":"1353330","formEdgeID":null},{"edgeID":"1772305","fromID":"1353332","toID":"1353331","formEdgeID":null},{"edgeID":"1772306","fromID":"1353330","toID":"1353333","formEdgeID":null},{"edgeID":"1772307","fromID":"1353333","toID":"1353329","formEdgeID":null},{"edgeID":"1772308","fromID":"1353324","toID":"1353334","formEdgeID":null},{"edgeID":"1772309","fromID":"1353334","toID":"1353330","formEdgeID":null},{"edgeID":"1772310","fromID":"1353329","toID":"1353335","formEdgeID":null},{"edgeID":"1772311","fromID":"1353335","toID":"1353323","formEdgeID":null},{"edgeID":"1772312","fromID":"1353334","toID":"1353336","formEdgeID":null},{"edgeID":"1772313","fromID":"1353336","toID":"1353335","formEdgeID":null},{"edgeID":"1772314","fromID":"1353339","toID":"1353338","formEdgeID":null},{"edgeID":"1772315","fromID":"1353340","toID":"1353339","formEdgeID":null},{"edgeID":"1772316","fromID":"1353338","toID":"1353341","formEdgeID":null},{"edgeID":"1772317","fromID":"1353341","toID":"1353337","formEdgeID":null},{"edgeID":"1772318","fromID":"1353344","toID":"1353343","formEdgeID":null},{"edgeID":"1772319","fromID":"1353345","toID":"1353344","formEdgeID":null},{"edgeID":"1772320","fromID":"1353343","toID":"1353346","formEdgeID":null},{"edgeID":"1772321","fromID":"1353346","toID":"1353342","formEdgeID":null},{"edgeID":"1772322","fromID":"1353349","toID":"1353348","formEdgeID":null},{"edgeID":"1772323","fromID":"1353350","toID":"1353349","formEdgeID":null},{"edgeID":"1772324","fromID":"1353348","toID":"1353351","formEdgeID":null},{"edgeID":"1772325","fromID":"1353351","toID":"1353347","formEdgeID":null},{"edgeID":"1772326","fromID":"1353354","toID":"1353353","formEdgeID":null},{"edgeID":"1772327","fromID":"1353355","toID":"1353354","formEdgeID":null},{"edgeID":"1772328","fromID":"1353353","toID":"1353356","formEdgeID":null},{"edgeID":"1772329","fromID":"1353356","toID":"1353352","formEdgeID":null},{"edgeID":"1772330","fromID":"1353359","toID":"1353358","formEdgeID":null},{"edgeID":"1772331","fromID":"1353360","toID":"1353359","formEdgeID":null},{"edgeID":"1772332","fromID":"1353358","toID":"1353361","formEdgeID":null},{"edgeID":"1772333","fromID":"1353361","toID":"1353357","formEdgeID":null},{"edgeID":"1772334","fromID":"1353364","toID":"1353363","formEdgeID":null},{"edgeID":"1772335","fromID":"1353365","toID":"1353364","formEdgeID":null},{"edgeID":"1772336","fromID":"1353363","toID":"1353366","formEdgeID":null},{"edgeID":"1772337","fromID":"1353366","toID":"1353362","formEdgeID":null},{"edgeID":"1772338","fromID":"1353369","toID":"1353368","formEdgeID":null},{"edgeID":"1772339","fromID":"1353370","toID":"1353369","formEdgeID":null},{"edgeID":"1772340","fromID":"1353368","toID":"1353371","formEdgeID":null},{"edgeID":"1772341","fromID":"1353371","toID":"1353367","formEdgeID":null},{"edgeID":"1772342","fromID":"1353374","toID":"1353373","formEdgeID":null},{"edgeID":"1772343","fromID":"1353375","toID":"1353374","formEdgeID":null},{"edgeID":"1772344","fromID":"1353373","toID":"1353376","formEdgeID":null},{"edgeID":"1772345","fromID":"1353376","toID":"1353372","formEdgeID":null},{"edgeID":"1772346","fromID":"1353379","toID":"1353378","formEdgeID":null},{"edgeID":"1772347","fromID":"1353380","toID":"1353379","formEdgeID":null},{"edgeID":"1772348","fromID":"1353378","toID":"1353381","formEdgeID":null},{"edgeID":"1772349","fromID":"1353381","toID":"1353377","formEdgeID":null},{"edgeID":"1772350","fromID":"1353318","toID":"1353382","formEdgeID":null},{"edgeID":"1772351","fromID":"1353382","toID":"1353338","formEdgeID":null},{"edgeID":"1772352","fromID":"1353337","toID":"1353383","formEdgeID":null},{"edgeID":"1772353","fromID":"1353383","toID":"1353317","formEdgeID":null},{"edgeID":"1772354","fromID":"1353382","toID":"1353384","formEdgeID":null},{"edgeID":"1772355","fromID":"1353384","toID":"1353383","formEdgeID":null},{"edgeID":"1772356","fromID":"1353387","toID":"1353386","formEdgeID":null},{"edgeID":"1772357","fromID":"1353388","toID":"1353387","formEdgeID":null},{"edgeID":"1772358","fromID":"1353386","toID":"1353389","formEdgeID":null},{"edgeID":"1772359","fromID":"1353389","toID":"1353385","formEdgeID":null},{"edgeID":"1772360","fromID":"1353385","toID":"1353390","formEdgeID":null},{"edgeID":"1772361","fromID":"1353390","toID":"1353337","formEdgeID":null},{"edgeID":"1772362","fromID":"1353338","toID":"1353391","formEdgeID":null},{"edgeID":"1772363","fromID":"1353391","toID":"1353386","formEdgeID":null},{"edgeID":"1772364","fromID":"1353391","toID":"1353392","formEdgeID":null},{"edgeID":"1772365","fromID":"1353392","toID":"1353390","formEdgeID":null},{"edgeID":"1772366","fromID":"1353386","toID":"1353393","formEdgeID":null},{"edgeID":"1772367","fromID":"1353393","toID":"1353343","formEdgeID":null},{"edgeID":"1772368","fromID":"1353342","toID":"1353394","formEdgeID":null},{"edgeID":"1772369","fromID":"1353394","toID":"1353347","formEdgeID":null},{"edgeID":"1772370","fromID":"1353343","toID":"1353395","formEdgeID":null},{"edgeID":"1772371","fromID":"1353395","toID":"1353348","formEdgeID":null},{"edgeID":"1772372","fromID":"1353395","toID":"1353396","formEdgeID":null},{"edgeID":"1772373","fromID":"1353396","toID":"1353394","formEdgeID":null},{"edgeID":"1772374","fromID":"1353338","toID":"1353397","formEdgeID":null},{"edgeID":"1772375","fromID":"1353397","toID":"1353348","formEdgeID":null},{"edgeID":"1772376","fromID":"1353347","toID":"1353398","formEdgeID":null},{"edgeID":"1772377","fromID":"1353398","toID":"1353337","formEdgeID":null},{"edgeID":"1772378","fromID":"1353397","toID":"1353399","formEdgeID":null},{"edgeID":"1772379","fromID":"1353399","toID":"1353398","formEdgeID":null},{"edgeID":"1772380","fromID":"1353348","toID":"1353400","formEdgeID":null},{"edgeID":"1772381","fromID":"1353400","toID":"1353353","formEdgeID":null},{"edgeID":"1772382","fromID":"1353347","toID":"1353401","formEdgeID":null},{"edgeID":"1772383","fromID":"1353401","toID":"1353352","formEdgeID":null},{"edgeID":"1772384","fromID":"1353400","toID":"1353402","formEdgeID":null},{"edgeID":"1772385","fromID":"1353402","toID":"1353401","formEdgeID":null},{"edgeID":"1772386","fromID":"1353353","toID":"1353403","formEdgeID":null},{"edgeID":"1772387","fromID":"1353403","toID":"1353358","formEdgeID":null},{"edgeID":"1772388","fromID":"1353358","toID":"1353404","formEdgeID":null},{"edgeID":"1772389","fromID":"1353404","toID":"1353363","formEdgeID":null},{"edgeID":"1772390","fromID":"1353362","toID":"1353405","formEdgeID":null},{"edgeID":"1772391","fromID":"1353405","toID":"1353357","formEdgeID":null},{"edgeID":"1772392","fromID":"1353404","toID":"1353406","formEdgeID":null},{"edgeID":"1772393","fromID":"1353406","toID":"1353405","formEdgeID":null},{"edgeID":"1772394","fromID":"1353363","toID":"1353407","formEdgeID":null},{"edgeID":"1772395","fromID":"1353407","toID":"1353368","formEdgeID":null},{"edgeID":"1772396","fromID":"1353367","toID":"1353408","formEdgeID":null},{"edgeID":"1772397","fromID":"1353408","toID":"1353362","formEdgeID":null},{"edgeID":"1772398","fromID":"1353407","toID":"1353409","formEdgeID":null},{"edgeID":"1772399","fromID":"1353409","toID":"1353408","formEdgeID":null},{"edgeID":"1772400","fromID":"1353368","toID":"1353410","formEdgeID":null},{"edgeID":"1772401","fromID":"1353410","toID":"1353373","formEdgeID":null},{"edgeID":"1772402","fromID":"1353373","toID":"1353411","formEdgeID":null},{"edgeID":"1772403","fromID":"1353411","toID":"1353378","formEdgeID":null},{"edgeID":"1772404","fromID":"1353372","toID":"1353412","formEdgeID":null},{"edgeID":"1772405","fromID":"1353412","toID":"1353377","formEdgeID":null},{"edgeID":"1772406","fromID":"1353411","toID":"1353413","formEdgeID":null},{"edgeID":"1772407","fromID":"1353413","toID":"1353412","formEdgeID":null},{"edgeID":"1772408","fromID":"1353415","toID":"1353306","formEdgeID":null},{"edgeID":"1772409","fromID":"1353416","toID":"1353415","formEdgeID":null},{"edgeID":"1772410","fromID":"1353306","toID":"1353417","formEdgeID":null},{"edgeID":"1772411","fromID":"1353417","toID":"1353414","formEdgeID":null},{"edgeID":"1772412","fromID":"1353378","toID":"1353418","formEdgeID":null},{"edgeID":"1772413","fromID":"1353418","toID":"1353306","formEdgeID":null},{"edgeID":"1772414","fromID":"1353414","toID":"1353419","formEdgeID":null},{"edgeID":"1772415","fromID":"1353419","toID":"1353377","formEdgeID":null},{"edgeID":"1772416","fromID":"1353418","toID":"1353420","formEdgeID":null},{"edgeID":"1772417","fromID":"1353420","toID":"1353419","formEdgeID":null},{"edgeID":"1772418","fromID":"1353423","toID":"1353422","formEdgeID":null},{"edgeID":"1772419","fromID":"1353424","toID":"1353423","formEdgeID":null},{"edgeID":"1772420","fromID":"1353422","toID":"1353425","formEdgeID":null},{"edgeID":"1772421","fromID":"1353425","toID":"1353421","formEdgeID":null},{"edgeID":"1772422","fromID":"1353306","toID":"1353426","formEdgeID":null},{"edgeID":"1772423","fromID":"1353426","toID":"1353422","formEdgeID":null},{"edgeID":"1772424","fromID":"1353421","toID":"1353427","formEdgeID":null},{"edgeID":"1772425","fromID":"1353427","toID":"1353414","formEdgeID":null},{"edgeID":"1772426","fromID":"1353426","toID":"1353428","formEdgeID":null},{"edgeID":"1772427","fromID":"1353428","toID":"1353427","formEdgeID":null},{"edgeID":"1772428","fromID":"1353431","toID":"1353430","formEdgeID":null},{"edgeID":"1772429","fromID":"1353432","toID":"1353431","formEdgeID":null},{"edgeID":"1772430","fromID":"1353430","toID":"1353433","formEdgeID":null},{"edgeID":"1772431","fromID":"1353433","toID":"1353429","formEdgeID":null},{"edgeID":"1772432","fromID":"1353436","toID":"1353435","formEdgeID":null},{"edgeID":"1772433","fromID":"1353437","toID":"1353436","formEdgeID":null},{"edgeID":"1772434","fromID":"1353435","toID":"1353438","formEdgeID":null},{"edgeID":"1772435","fromID":"1353438","toID":"1353434","formEdgeID":null},{"edgeID":"1772436","fromID":"1353422","toID":"1353439","formEdgeID":null},{"edgeID":"1772437","fromID":"1353439","toID":"1353430","formEdgeID":null},{"edgeID":"1772438","fromID":"1353429","toID":"1353440","formEdgeID":null},{"edgeID":"1772439","fromID":"1353440","toID":"1353421","formEdgeID":null},{"edgeID":"1772440","fromID":"1353422","toID":"1353441","formEdgeID":null},{"edgeID":"1772441","fromID":"1353441","toID":"1353435","formEdgeID":null},{"edgeID":"1772442","fromID":"1353434","toID":"1353442","formEdgeID":null},{"edgeID":"1772443","fromID":"1353442","toID":"1353421","formEdgeID":null},{"edgeID":"1772444","fromID":"1353441","toID":"1353443","formEdgeID":null},{"edgeID":"1772445","fromID":"1353443","toID":"1353442","formEdgeID":null},{"edgeID":"1772446","fromID":"1353445","toID":"1353444","formEdgeID":null},{"edgeID":"1772447","fromID":"1353446","toID":"1353445","formEdgeID":null},{"edgeID":"1772448","fromID":"1353435","toID":"1353447","formEdgeID":null},{"edgeID":"1772449","fromID":"1353447","toID":"1353444","formEdgeID":null},{"edgeID":"1772450","fromID":"1353450","toID":"1353449","formEdgeID":null},{"edgeID":"1772451","fromID":"1353451","toID":"1353450","formEdgeID":null},{"edgeID":"1772452","fromID":"1353449","toID":"1353452","formEdgeID":null},{"edgeID":"1772453","fromID":"1353452","toID":"1353448","formEdgeID":null},{"edgeID":"1772454","fromID":"1353447","toID":"1353453","formEdgeID":null},{"edgeID":"1772455","fromID":"1353453","toID":"1353421","formEdgeID":null},{"edgeID":"1772456","fromID":"1353448","toID":"1353454","formEdgeID":null},{"edgeID":"1772457","fromID":"1353454","toID":"1353429","formEdgeID":null},{"edgeID":"1772458","fromID":"1353430","toID":"1353455","formEdgeID":null},{"edgeID":"1772459","fromID":"1353455","toID":"1353449","formEdgeID":null},{"edgeID":"1772460","fromID":"1353455","toID":"1353456","formEdgeID":null},{"edgeID":"1772461","fromID":"1353456","toID":"1353454","formEdgeID":null},{"edgeID":"1772462","fromID":"1353459","toID":"1353458","formEdgeID":null},{"edgeID":"1772463","fromID":"1353460","toID":"1353459","formEdgeID":null},{"edgeID":"1772464","fromID":"1353458","toID":"1353461","formEdgeID":null},{"edgeID":"1772465","fromID":"1353461","toID":"1353457","formEdgeID":null},{"edgeID":"1772466","fromID":"1353449","toID":"1353462","formEdgeID":null},{"edgeID":"1772467","fromID":"1353462","toID":"1353458","formEdgeID":null}],"locutions":[]}