{"nodes":[{"nodeID":"1353633","text":"Analysing","type":"YA","timestamp":"2023-11-09 14:13:44"},{"nodeID":"1353634","text":"Anon: AudienceMember 20221110QT56: I have to say I despair at this debate","type":"L","timestamp":"2023-11-09 14:13:44"},{"nodeID":"1353635","text":"AudienceMember 20221110QT56 despairs at this debate about protesters","type":"I","timestamp":"2023-11-09 14:13:45"},{"nodeID":"1353636","text":"AudienceMember 20221110QT56: I despair at this debate","type":"L","timestamp":"2023-11-09 14:13:45"},{"nodeID":"1353637","text":"Analysing","type":"YA","timestamp":"2023-11-09 14:13:45"},{"nodeID":"1353638","text":"Anon: AudienceMember 20221110QT56: I despair at this debate","type":"L","timestamp":"2023-11-09 14:13:45"},{"nodeID":"1353639","text":"Asserting","type":"YA","timestamp":"2023-11-09 14:13:45"},{"nodeID":"1353640","text":"AudienceMember 20221110QT56 despairs at all of the debate tonight","type":"I","timestamp":"2023-11-09 14:13:46"},{"nodeID":"1353641","text":"AudienceMember 20221110QT56: I despair at all of the debate tonight","type":"L","timestamp":"2023-11-09 14:13:46"},{"nodeID":"1353642","text":"Analysing","type":"YA","timestamp":"2023-11-09 14:13:46"},{"nodeID":"1353643","text":"Anon: AudienceMember 20221110QT56: I despair at all of the debate tonight","type":"L","timestamp":"2023-11-09 14:13:46"},{"nodeID":"1353644","text":"Asserting","type":"YA","timestamp":"2023-11-09 14:13:46"},{"nodeID":"1353645","text":"Default Transition","type":"TA","timestamp":"2023-11-09 14:13:46"},{"nodeID":"1353646","text":"Default Rephrase","type":"MA","timestamp":"2023-11-09 14:13:46"},{"nodeID":"1353647","text":"Restating","type":"YA","timestamp":"2023-11-09 14:13:46"},{"nodeID":"1353648","text":"we\u2019re not talking about real people with real lives","type":"I","timestamp":"2023-11-09 14:13:46"},{"nodeID":"1353649","text":"AudienceMember 20221110QT56: we\u2019re not talking about real people with real lives","type":"L","timestamp":"2023-11-09 14:13:46"},{"nodeID":"1353650","text":"Analysing","type":"YA","timestamp":"2023-11-09 14:13:46"},{"nodeID":"1353651","text":"Anon: AudienceMember 20221110QT56: we\u2019re not talking about real people with real lives","type":"L","timestamp":"2023-11-09 14:13:46"},{"nodeID":"1353652","text":"Asserting","type":"YA","timestamp":"2023-11-09 14:13:46"},{"nodeID":"1353653","text":"Default Transition","type":"TA","timestamp":"2023-11-09 14:13:46"},{"nodeID":"1353654","text":"Default Inference","type":"RA","timestamp":"2023-11-09 14:13:46"},{"nodeID":"1353655","text":"Arguing","type":"YA","timestamp":"2023-11-09 14:13:46"},{"nodeID":"1353656","text":"we\u2019ve spent the debate talking about healthcare while we were talking about pay for nurses","type":"I","timestamp":"2023-11-09 14:13:47"},{"nodeID":"1353657","text":"AudienceMember 20221110QT56: We\u2019ve spent the debate talking about healthcare while we were talking about pay for nurses","type":"L","timestamp":"2023-11-09 14:13:47"},{"nodeID":"1353658","text":"Analysing","type":"YA","timestamp":"2023-11-09 14:13:47"},{"nodeID":"1353659","text":"Anon: AudienceMember 20221110QT56: We\u2019ve spent the debate talking about healthcare while we were talking about pay for nurses","type":"L","timestamp":"2023-11-09 14:13:47"},{"nodeID":"1353660","text":"Asserting","type":"YA","timestamp":"2023-11-09 14:13:47"},{"nodeID":"1353661","text":"Default Transition","type":"TA","timestamp":"2023-11-09 14:13:47"},{"nodeID":"1353662","text":"we've not spent the debate talking about care for patients","type":"I","timestamp":"2023-11-09 14:13:48"},{"nodeID":"1353663","text":"AudienceMember 20221110QT56: rather than care for patients","type":"L","timestamp":"2023-11-09 14:13:48"},{"nodeID":"1353664","text":"Analysing","type":"YA","timestamp":"2023-11-09 14:13:48"},{"nodeID":"1353665","text":"Anon: AudienceMember 20221110QT56: rather than care for patients","type":"L","timestamp":"2023-11-09 14:13:48"},{"nodeID":"1353666","text":"Asserting","type":"YA","timestamp":"2023-11-09 14:13:48"},{"nodeID":"1353667","text":"Default Transition","type":"TA","timestamp":"2023-11-09 14:13:48"},{"nodeID":"1353668","text":"Default Conflict","type":"CA","timestamp":"2023-11-09 14:13:48"},{"nodeID":"1353669","text":"Disagreeing","type":"YA","timestamp":"2023-11-09 14:13:48"},{"nodeID":"1353670","text":"in the middle we were talking about the activities of MPs talking among themselves","type":"I","timestamp":"2023-11-09 14:13:48"},{"nodeID":"1353671","text":"AudienceMember 20221110QT56: In the middle we were talking about the activities of MPs talking among themselves","type":"L","timestamp":"2023-11-09 14:13:48"},{"nodeID":"1353672","text":"Analysing","type":"YA","timestamp":"2023-11-09 14:13:48"},{"nodeID":"1353673","text":"Anon: AudienceMember 20221110QT56: In the middle we were talking about the activities of MPs talking among themselves","type":"L","timestamp":"2023-11-09 14:13:48"},{"nodeID":"1353674","text":"Asserting","type":"YA","timestamp":"2023-11-09 14:13:48"},{"nodeID":"1353675","text":"Default Transition","type":"TA","timestamp":"2023-11-09 14:13:48"},{"nodeID":"1353676","text":"we were not talking about how MPs' policies impact real people","type":"I","timestamp":"2023-11-09 14:13:49"},{"nodeID":"1353677","text":"AudienceMember 20221110QT56: instead of how their policies impact real people","type":"L","timestamp":"2023-11-09 14:13:49"},{"nodeID":"1353678","text":"Analysing","type":"YA","timestamp":"2023-11-09 14:13:49"},{"nodeID":"1353679","text":"Anon: AudienceMember 20221110QT56: instead of how their policies impact real people","type":"L","timestamp":"2023-11-09 14:13:49"},{"nodeID":"1353680","text":"Asserting","type":"YA","timestamp":"2023-11-09 14:13:49"},{"nodeID":"1353681","text":"Default Transition","type":"TA","timestamp":"2023-11-09 14:13:49"},{"nodeID":"1353682","text":"Default Conflict","type":"CA","timestamp":"2023-11-09 14:13:49"},{"nodeID":"1353683","text":"Disagreeing","type":"YA","timestamp":"2023-11-09 14:13:49"},{"nodeID":"1353684","text":"we\u2019re spending this debate talking about crazy protesters and politicians going off to echo chambers in Egypt about responding to the most dystopian visions of the planet","type":"I","timestamp":"2023-11-09 14:13:50"},{"nodeID":"1353685","text":"AudienceMember 20221110QT56: we\u2019re spending this debate talking about crazy protesters and politicians going off to echo chambers in Egypt about responding to the most dystopian visions of the planet","type":"L","timestamp":"2023-11-09 14:13:50"},{"nodeID":"1353686","text":"Analysing","type":"YA","timestamp":"2023-11-09 14:13:50"},{"nodeID":"1353687","text":"Anon: AudienceMember 20221110QT56: we\u2019re spending this debate talking about crazy protesters and politicians going off to echo chambers in Egypt about responding to the most dystopian visions of the planet","type":"L","timestamp":"2023-11-09 14:13:50"},{"nodeID":"1353688","text":"Asserting","type":"YA","timestamp":"2023-11-09 14:13:50"},{"nodeID":"1353689","text":"we're not talking about the issues of the inhabitants","type":"I","timestamp":"2023-11-09 14:13:50"},{"nodeID":"1353690","text":"AudienceMember 20221110QT56: instead of talking about the issues of the inhabitants","type":"L","timestamp":"2023-11-09 14:13:50"},{"nodeID":"1353691","text":"Analysing","type":"YA","timestamp":"2023-11-09 14:13:50"},{"nodeID":"1353692","text":"Anon: AudienceMember 20221110QT56: instead of talking about the issues of the inhabitants","type":"L","timestamp":"2023-11-09 14:13:50"},{"nodeID":"1353693","text":"Asserting","type":"YA","timestamp":"2023-11-09 14:13:50"},{"nodeID":"1353694","text":"Default Transition","type":"TA","timestamp":"2023-11-09 14:13:50"},{"nodeID":"1353695","text":"Default Conflict","type":"CA","timestamp":"2023-11-09 14:13:50"},{"nodeID":"1353696","text":"Disagreeing","type":"YA","timestamp":"2023-11-09 14:13:50"},{"nodeID":"1353697","text":"Default Inference","type":"RA","timestamp":"2023-11-09 14:13:50"},{"nodeID":"1353698","text":"Default Transition","type":"TA","timestamp":"2023-11-09 14:13:50"},{"nodeID":"1353699","text":"Arguing","type":"YA","timestamp":"2023-11-09 14:13:50"},{"nodeID":"1353700","text":"AudienceMember 20221110QT56 is talking about the issue of xxx","type":"I","timestamp":"2023-11-09 14:13:51"},{"nodeID":"1353701","text":"Fiona Bruce: talking about the issue of","type":"L","timestamp":"2023-11-09 14:13:51"},{"nodeID":"1353702","text":"Analysing","type":"YA","timestamp":"2023-11-09 14:13:51"},{"nodeID":"1353703","text":"Anon: Fiona Bruce: talking about the issue of","type":"L","timestamp":"2023-11-09 14:13:51"},{"nodeID":"1353704","text":"Pure Questioning","type":"YA","timestamp":"2023-11-09 14:13:51"},{"nodeID":"1353705","text":"Default Transition","type":"TA","timestamp":"2023-11-09 14:13:51"},{"nodeID":"1353706","text":"AudienceMember 20221110QT56 is talking about the issue of inhabitants","type":"I","timestamp":"2023-11-09 14:13:52"},{"nodeID":"1353707","text":"Caroline Lucas: Inhabitants","type":"L","timestamp":"2023-11-09 14:13:52"},{"nodeID":"1353708","text":"Analysing","type":"YA","timestamp":"2023-11-09 14:13:52"},{"nodeID":"1353709","text":"Anon: Caroline Lucas: Inhabitants","type":"L","timestamp":"2023-11-09 14:13:52"},{"nodeID":"1353710","text":"Asserting","type":"YA","timestamp":"2023-11-09 14:13:52"},{"nodeID":"1353711","text":"Default Transition","type":"TA","timestamp":"2023-11-09 14:13:52"},{"nodeID":"1353712","text":"Default Rephrase","type":"MA","timestamp":"2023-11-09 14:13:52"},{"nodeID":"1353713","text":"Default Illocuting","type":"YA","timestamp":"2023-11-09 14:13:52"},{"nodeID":"1353714","text":"AudienceMember 20221110QT56 is talking about the issue of people","type":"I","timestamp":"2023-11-09 14:13:52"},{"nodeID":"1353715","text":"AudienceMember 20221110QT56: People","type":"L","timestamp":"2023-11-09 14:13:52"},{"nodeID":"1353716","text":"Analysing","type":"YA","timestamp":"2023-11-09 14:13:52"},{"nodeID":"1353717","text":"Anon: AudienceMember 20221110QT56: People","type":"L","timestamp":"2023-11-09 14:13:52"},{"nodeID":"1353718","text":"Asserting","type":"YA","timestamp":"2023-11-09 14:13:52"},{"nodeID":"1353719","text":"Default Rephrase","type":"MA","timestamp":"2023-11-09 14:13:52"},{"nodeID":"1353720","text":"Default Transition","type":"TA","timestamp":"2023-11-09 14:13:52"},{"nodeID":"1353721","text":"Default Illocuting","type":"YA","timestamp":"2023-11-09 14:13:52"},{"nodeID":"1353722","text":"AudienceMember 20221110QT56: Inhabitants","type":"L","timestamp":"2023-11-09 14:13:52"},{"nodeID":"1353723","text":"Analysing","type":"YA","timestamp":"2023-11-09 14:13:52"},{"nodeID":"1353724","text":"Anon: AudienceMember 20221110QT56: Inhabitants","type":"L","timestamp":"2023-11-09 14:13:52"},{"nodeID":"1353725","text":"Default Transition","type":"TA","timestamp":"2023-11-09 14:13:52"},{"nodeID":"1353726","text":"Fiona Bruce: Inhabitants. People","type":"L","timestamp":"2023-11-09 14:13:52"},{"nodeID":"1353727","text":"Analysing","type":"YA","timestamp":"2023-11-09 14:13:52"},{"nodeID":"1353728","text":"Anon: Fiona Bruce: Inhabitants","type":"L","timestamp":"2023-11-09 14:13:52"},{"nodeID":"1353729","text":"Default Transition","type":"TA","timestamp":"2023-11-09 14:13:52"},{"nodeID":"1353730","text":"Asserting","type":"YA","timestamp":"2023-11-09 14:13:52"},{"nodeID":"1353731","text":"Agreeing","type":"YA","timestamp":"2023-11-09 14:13:52"}],"edges":[{"edgeID":"1772662","fromID":"1353634","toID":"1353633","formEdgeID":null},{"edgeID":"1772663","fromID":"1353637","toID":"1353636","formEdgeID":null},{"edgeID":"1772664","fromID":"1353638","toID":"1353637","formEdgeID":null},{"edgeID":"1772665","fromID":"1353636","toID":"1353639","formEdgeID":null},{"edgeID":"1772666","fromID":"1353639","toID":"1353635","formEdgeID":null},{"edgeID":"1772667","fromID":"1353642","toID":"1353641","formEdgeID":null},{"edgeID":"1772668","fromID":"1353643","toID":"1353642","formEdgeID":null},{"edgeID":"1772669","fromID":"1353641","toID":"1353644","formEdgeID":null},{"edgeID":"1772670","fromID":"1353644","toID":"1353640","formEdgeID":null},{"edgeID":"1772671","fromID":"1353636","toID":"1353645","formEdgeID":null},{"edgeID":"1772672","fromID":"1353645","toID":"1353641","formEdgeID":null},{"edgeID":"1772673","fromID":"1353640","toID":"1353646","formEdgeID":null},{"edgeID":"1772674","fromID":"1353646","toID":"1353635","formEdgeID":null},{"edgeID":"1772675","fromID":"1353645","toID":"1353647","formEdgeID":null},{"edgeID":"1772676","fromID":"1353647","toID":"1353646","formEdgeID":null},{"edgeID":"1772677","fromID":"1353650","toID":"1353649","formEdgeID":null},{"edgeID":"1772678","fromID":"1353651","toID":"1353650","formEdgeID":null},{"edgeID":"1772679","fromID":"1353649","toID":"1353652","formEdgeID":null},{"edgeID":"1772680","fromID":"1353652","toID":"1353648","formEdgeID":null},{"edgeID":"1772681","fromID":"1353641","toID":"1353653","formEdgeID":null},{"edgeID":"1772682","fromID":"1353653","toID":"1353649","formEdgeID":null},{"edgeID":"1772683","fromID":"1353648","toID":"1353654","formEdgeID":null},{"edgeID":"1772684","fromID":"1353654","toID":"1353640","formEdgeID":null},{"edgeID":"1772685","fromID":"1353653","toID":"1353655","formEdgeID":null},{"edgeID":"1772686","fromID":"1353655","toID":"1353654","formEdgeID":null},{"edgeID":"1772687","fromID":"1353658","toID":"1353657","formEdgeID":null},{"edgeID":"1772688","fromID":"1353659","toID":"1353658","formEdgeID":null},{"edgeID":"1772689","fromID":"1353657","toID":"1353660","formEdgeID":null},{"edgeID":"1772690","fromID":"1353660","toID":"1353656","formEdgeID":null},{"edgeID":"1772691","fromID":"1353649","toID":"1353661","formEdgeID":null},{"edgeID":"1772692","fromID":"1353661","toID":"1353657","formEdgeID":null},{"edgeID":"1772693","fromID":"1353664","toID":"1353663","formEdgeID":null},{"edgeID":"1772694","fromID":"1353665","toID":"1353664","formEdgeID":null},{"edgeID":"1772695","fromID":"1353663","toID":"1353666","formEdgeID":null},{"edgeID":"1772696","fromID":"1353666","toID":"1353662","formEdgeID":null},{"edgeID":"1772697","fromID":"1353657","toID":"1353667","formEdgeID":null},{"edgeID":"1772698","fromID":"1353667","toID":"1353663","formEdgeID":null},{"edgeID":"1772699","fromID":"1353662","toID":"1353668","formEdgeID":null},{"edgeID":"1772700","fromID":"1353668","toID":"1353656","formEdgeID":null},{"edgeID":"1772701","fromID":"1353667","toID":"1353669","formEdgeID":null},{"edgeID":"1772702","fromID":"1353669","toID":"1353668","formEdgeID":null},{"edgeID":"1772703","fromID":"1353672","toID":"1353671","formEdgeID":null},{"edgeID":"1772704","fromID":"1353673","toID":"1353672","formEdgeID":null},{"edgeID":"1772705","fromID":"1353671","toID":"1353674","formEdgeID":null},{"edgeID":"1772706","fromID":"1353674","toID":"1353670","formEdgeID":null},{"edgeID":"1772707","fromID":"1353663","toID":"1353675","formEdgeID":null},{"edgeID":"1772708","fromID":"1353675","toID":"1353671","formEdgeID":null},{"edgeID":"1772709","fromID":"1353678","toID":"1353677","formEdgeID":null},{"edgeID":"1772710","fromID":"1353679","toID":"1353678","formEdgeID":null},{"edgeID":"1772711","fromID":"1353677","toID":"1353680","formEdgeID":null},{"edgeID":"1772712","fromID":"1353680","toID":"1353676","formEdgeID":null},{"edgeID":"1772713","fromID":"1353671","toID":"1353681","formEdgeID":null},{"edgeID":"1772714","fromID":"1353681","toID":"1353677","formEdgeID":null},{"edgeID":"1772715","fromID":"1353676","toID":"1353682","formEdgeID":null},{"edgeID":"1772716","fromID":"1353682","toID":"1353670","formEdgeID":null},{"edgeID":"1772717","fromID":"1353681","toID":"1353683","formEdgeID":null},{"edgeID":"1772718","fromID":"1353683","toID":"1353682","formEdgeID":null},{"edgeID":"1772719","fromID":"1353686","toID":"1353685","formEdgeID":null},{"edgeID":"1772720","fromID":"1353687","toID":"1353686","formEdgeID":null},{"edgeID":"1772721","fromID":"1353685","toID":"1353688","formEdgeID":null},{"edgeID":"1772722","fromID":"1353688","toID":"1353684","formEdgeID":null},{"edgeID":"1772723","fromID":"1353691","toID":"1353690","formEdgeID":null},{"edgeID":"1772724","fromID":"1353692","toID":"1353691","formEdgeID":null},{"edgeID":"1772725","fromID":"1353690","toID":"1353693","formEdgeID":null},{"edgeID":"1772726","fromID":"1353693","toID":"1353689","formEdgeID":null},{"edgeID":"1772727","fromID":"1353685","toID":"1353694","formEdgeID":null},{"edgeID":"1772728","fromID":"1353694","toID":"1353690","formEdgeID":null},{"edgeID":"1772729","fromID":"1353689","toID":"1353695","formEdgeID":null},{"edgeID":"1772730","fromID":"1353695","toID":"1353684","formEdgeID":null},{"edgeID":"1772731","fromID":"1353694","toID":"1353696","formEdgeID":null},{"edgeID":"1772732","fromID":"1353696","toID":"1353695","formEdgeID":null},{"edgeID":"1772733","fromID":"1353656","toID":"1353697","formEdgeID":null},{"edgeID":"1772734","fromID":"1353697","toID":"1353648","formEdgeID":null},{"edgeID":"1772735","fromID":"1353670","toID":"1353697","formEdgeID":null},{"edgeID":"1772736","fromID":"1353684","toID":"1353697","formEdgeID":null},{"edgeID":"1772737","fromID":"1353649","toID":"1353698","formEdgeID":null},{"edgeID":"1772738","fromID":"1353698","toID":"1353685","formEdgeID":null},{"edgeID":"1772739","fromID":"1353698","toID":"1353699","formEdgeID":null},{"edgeID":"1772740","fromID":"1353699","toID":"1353697","formEdgeID":null},{"edgeID":"1772741","fromID":"1353702","toID":"1353701","formEdgeID":null},{"edgeID":"1772742","fromID":"1353703","toID":"1353702","formEdgeID":null},{"edgeID":"1772743","fromID":"1353701","toID":"1353704","formEdgeID":null},{"edgeID":"1772744","fromID":"1353704","toID":"1353700","formEdgeID":null},{"edgeID":"1772745","fromID":"1353690","toID":"1353705","formEdgeID":null},{"edgeID":"1772746","fromID":"1353705","toID":"1353701","formEdgeID":null},{"edgeID":"1772747","fromID":"1353708","toID":"1353707","formEdgeID":null},{"edgeID":"1772748","fromID":"1353709","toID":"1353708","formEdgeID":null},{"edgeID":"1772749","fromID":"1353707","toID":"1353710","formEdgeID":null},{"edgeID":"1772750","fromID":"1353710","toID":"1353706","formEdgeID":null},{"edgeID":"1772751","fromID":"1353701","toID":"1353711","formEdgeID":null},{"edgeID":"1772752","fromID":"1353711","toID":"1353707","formEdgeID":null},{"edgeID":"1772753","fromID":"1353706","toID":"1353712","formEdgeID":null},{"edgeID":"1772754","fromID":"1353712","toID":"1353700","formEdgeID":null},{"edgeID":"1772755","fromID":"1353711","toID":"1353713","formEdgeID":null},{"edgeID":"1772756","fromID":"1353713","toID":"1353712","formEdgeID":null},{"edgeID":"1772757","fromID":"1353716","toID":"1353715","formEdgeID":null},{"edgeID":"1772758","fromID":"1353717","toID":"1353716","formEdgeID":null},{"edgeID":"1772759","fromID":"1353715","toID":"1353718","formEdgeID":null},{"edgeID":"1772760","fromID":"1353718","toID":"1353714","formEdgeID":null},{"edgeID":"1772761","fromID":"1353714","toID":"1353719","formEdgeID":null},{"edgeID":"1772762","fromID":"1353719","toID":"1353700","formEdgeID":null},{"edgeID":"1772763","fromID":"1353701","toID":"1353720","formEdgeID":null},{"edgeID":"1772764","fromID":"1353720","toID":"1353715","formEdgeID":null},{"edgeID":"1772765","fromID":"1353720","toID":"1353721","formEdgeID":null},{"edgeID":"1772766","fromID":"1353721","toID":"1353719","formEdgeID":null},{"edgeID":"1772767","fromID":"1353723","toID":"1353722","formEdgeID":null},{"edgeID":"1772768","fromID":"1353724","toID":"1353723","formEdgeID":null},{"edgeID":"1772769","fromID":"1353715","toID":"1353725","formEdgeID":null},{"edgeID":"1772770","fromID":"1353725","toID":"1353722","formEdgeID":null},{"edgeID":"1772771","fromID":"1353727","toID":"1353726","formEdgeID":null},{"edgeID":"1772772","fromID":"1353728","toID":"1353727","formEdgeID":null},{"edgeID":"1772773","fromID":"1353722","toID":"1353729","formEdgeID":null},{"edgeID":"1772774","fromID":"1353729","toID":"1353726","formEdgeID":null},{"edgeID":"1772775","fromID":"1353722","toID":"1353730","formEdgeID":null},{"edgeID":"1772776","fromID":"1353730","toID":"1353706","formEdgeID":null},{"edgeID":"1772777","fromID":"1353731","toID":"1353714","formEdgeID":null},{"edgeID":"1772778","fromID":"1353729","toID":"1353731","formEdgeID":null}],"locutions":[]}