{"nodes":[{"nodeID":"1347007","text":"the last three years we\u2019ve sat there","type":"I","timestamp":"2023-11-09 14:03:03"},{"nodeID":"1347008","text":"Theo Paphitis: The last three years we\u2019ve sat there","type":"L","timestamp":"2023-11-09 14:03:03"},{"nodeID":"1347009","text":"Analysing","type":"YA","timestamp":"2023-11-09 14:03:03"},{"nodeID":"1347010","text":"Dominika: Theo Paphitis: The last three years we\u2019ve sat there","type":"L","timestamp":"2023-11-09 14:03:03"},{"nodeID":"1347011","text":"Asserting","type":"YA","timestamp":"2023-11-09 14:03:03"},{"nodeID":"1347012","text":"we watched delusional people living on a different planet","type":"I","timestamp":"2023-11-09 14:03:03"},{"nodeID":"1347013","text":"Theo Paphitis: watched delusional people living on a different planet","type":"L","timestamp":"2023-11-09 14:03:03"},{"nodeID":"1347014","text":"Analysing","type":"YA","timestamp":"2023-11-09 14:03:03"},{"nodeID":"1347015","text":"Dominika: Theo Paphitis: watched delusional people living on a different planet","type":"L","timestamp":"2023-11-09 14:03:03"},{"nodeID":"1347016","text":"Asserting","type":"YA","timestamp":"2023-11-09 14:03:03"},{"nodeID":"1347017","text":"we watched delusional people believing anything they say","type":"I","timestamp":"2023-11-09 14:03:04"},{"nodeID":"1347018","text":"Theo Paphitis: believing anything they say","type":"L","timestamp":"2023-11-09 14:03:04"},{"nodeID":"1347019","text":"Analysing","type":"YA","timestamp":"2023-11-09 14:03:04"},{"nodeID":"1347020","text":"Dominika: Theo Paphitis: believing anything they say","type":"L","timestamp":"2023-11-09 14:03:04"},{"nodeID":"1347021","text":"Asserting","type":"YA","timestamp":"2023-11-09 14:03:04"},{"nodeID":"1347022","text":"we watched delusional people thinking that we\u2019re all stupid enough to believe anything they say ourselves","type":"I","timestamp":"2023-11-09 14:03:05"},{"nodeID":"1347023","text":"Theo Paphitis: thinking that we\u2019re all stupid enough to believe it ourselves","type":"L","timestamp":"2023-11-09 14:03:05"},{"nodeID":"1347024","text":"Analysing","type":"YA","timestamp":"2023-11-09 14:03:05"},{"nodeID":"1347025","text":"Dominika: Theo Paphitis: thinking that we\u2019re all stupid enough to believe it ourselves","type":"L","timestamp":"2023-11-09 14:03:05"},{"nodeID":"1347026","text":"Asserting","type":"YA","timestamp":"2023-11-09 14:03:05"},{"nodeID":"1347027","text":"we\u2019re not stupid enough to believe anything politicians say, public","type":"I","timestamp":"2023-11-09 14:03:05"},{"nodeID":"1347028","text":"Theo Paphitis: we\u2019re not that stupid, public","type":"L","timestamp":"2023-11-09 14:03:05"},{"nodeID":"1347029","text":"Analysing","type":"YA","timestamp":"2023-11-09 14:03:05"},{"nodeID":"1347030","text":"Dominika: Theo Paphitis: we\u2019re not that stupid, public","type":"L","timestamp":"2023-11-09 14:03:05"},{"nodeID":"1347031","text":"Asserting","type":"YA","timestamp":"2023-11-09 14:03:05"},{"nodeID":"1347032","text":"Default Transition","type":"TA","timestamp":"2023-11-09 14:03:05"},{"nodeID":"1347033","text":"Default Transition","type":"TA","timestamp":"2023-11-09 14:03:05"},{"nodeID":"1347034","text":"Default Transition","type":"TA","timestamp":"2023-11-09 14:03:05"},{"nodeID":"1347035","text":"Default Transition","type":"TA","timestamp":"2023-11-09 14:03:05"},{"nodeID":"1347036","text":"Default Rephrase","type":"MA","timestamp":"2023-11-09 14:03:05"},{"nodeID":"1347037","text":"Default Rephrase","type":"MA","timestamp":"2023-11-09 14:03:05"},{"nodeID":"1347038","text":"Default Rephrase","type":"MA","timestamp":"2023-11-09 14:03:05"},{"nodeID":"1347039","text":"Restating","type":"YA","timestamp":"2023-11-09 14:03:05"},{"nodeID":"1347040","text":"Restating","type":"YA","timestamp":"2023-11-09 14:03:05"},{"nodeID":"1347041","text":"Restating","type":"YA","timestamp":"2023-11-09 14:03:05"},{"nodeID":"1347042","text":"Default Conflict","type":"CA","timestamp":"2023-11-09 14:03:05"},{"nodeID":"1347043","text":"Disagreeing","type":"YA","timestamp":"2023-11-09 14:03:05"},{"nodeID":"1347044","text":"politicians have got very little regulation whatsoever","type":"I","timestamp":"2023-11-09 14:03:06"},{"nodeID":"1347045","text":"Theo Paphitis: They\u2019ve got very little regulation whatsoever","type":"L","timestamp":"2023-11-09 14:03:06"},{"nodeID":"1347046","text":"Analysing","type":"YA","timestamp":"2023-11-09 14:03:06"},{"nodeID":"1347047","text":"Dominika: Theo Paphitis: They\u2019ve got very little regulation whatsoever","type":"L","timestamp":"2023-11-09 14:03:06"},{"nodeID":"1347048","text":"Asserting","type":"YA","timestamp":"2023-11-09 14:03:06"},{"nodeID":"1347049","text":"whatever regulation politicians did have they\u2019ve tried to sweep away","type":"I","timestamp":"2023-11-09 14:03:07"},{"nodeID":"1347050","text":"Theo Paphitis: whatever regulation they did have they\u2019ve tried to sweep away","type":"L","timestamp":"2023-11-09 14:03:07"},{"nodeID":"1347051","text":"Analysing","type":"YA","timestamp":"2023-11-09 14:03:07"},{"nodeID":"1347052","text":"Dominika: Theo Paphitis: whatever regulation they did have they\u2019ve tried to sweep away","type":"L","timestamp":"2023-11-09 14:03:07"},{"nodeID":"1347053","text":"Asserting","type":"YA","timestamp":"2023-11-09 14:03:07"},{"nodeID":"1347054","text":"Default Transition","type":"TA","timestamp":"2023-11-09 14:03:07"},{"nodeID":"1347055","text":"Default Transition","type":"TA","timestamp":"2023-11-09 14:03:07"},{"nodeID":"1347056","text":"Default Rephrase","type":"MA","timestamp":"2023-11-09 14:03:07"},{"nodeID":"1347057","text":"Restating","type":"YA","timestamp":"2023-11-09 14:03:07"},{"nodeID":"1347058","text":"we\u2019re acting like a tin pot dictatorship where everybody gets into parliament, fills their boots, enjoys life, goes on to the House of Lords or job for life or a bank or something","type":"I","timestamp":"2023-11-09 14:03:07"},{"nodeID":"1347059","text":"Theo Paphitis: we\u2019re acting like a tin pot dictatorship where everybody gets into parliament, fills their boots, enjoys life, goes on to the House of Lords or job for life or a bank or something","type":"L","timestamp":"2023-11-09 14:03:07"},{"nodeID":"1347060","text":"Analysing","type":"YA","timestamp":"2023-11-09 14:03:07"},{"nodeID":"1347061","text":"Dominika: Theo Paphitis: we\u2019re acting like a tin pot dictatorship where everybody gets into parliament, fills their boots, enjoys life, goes on to the House of Lords or job for life or a bank or something","type":"L","timestamp":"2023-11-09 14:03:07"},{"nodeID":"1347062","text":"Asserting","type":"YA","timestamp":"2023-11-09 14:03:07"},{"nodeID":"1347063","text":"politicians come first","type":"I","timestamp":"2023-11-09 14:03:08"},{"nodeID":"1347064","text":"Theo Paphitis: they come first","type":"L","timestamp":"2023-11-09 14:03:08"},{"nodeID":"1347065","text":"Analysing","type":"YA","timestamp":"2023-11-09 14:03:08"},{"nodeID":"1347066","text":"Dominika: Theo Paphitis: they come first","type":"L","timestamp":"2023-11-09 14:03:08"},{"nodeID":"1347067","text":"Asserting","type":"YA","timestamp":"2023-11-09 14:03:08"},{"nodeID":"1347068","text":"politicians' party comes second","type":"I","timestamp":"2023-11-09 14:03:08"},{"nodeID":"1347069","text":"Theo Paphitis: their party comes second","type":"L","timestamp":"2023-11-09 14:03:08"},{"nodeID":"1347070","text":"Analysing","type":"YA","timestamp":"2023-11-09 14:03:08"},{"nodeID":"1347071","text":"Dominika: Theo Paphitis: their party comes second","type":"L","timestamp":"2023-11-09 14:03:08"},{"nodeID":"1347072","text":"Asserting","type":"YA","timestamp":"2023-11-09 14:03:08"},{"nodeID":"1347073","text":"the nation has come a very poor third for the last few years","type":"I","timestamp":"2023-11-09 14:03:09"},{"nodeID":"1347074","text":"Theo Paphitis: the nation has come a very poor third for the last few years","type":"L","timestamp":"2023-11-09 14:03:09"},{"nodeID":"1347075","text":"Analysing","type":"YA","timestamp":"2023-11-09 14:03:09"},{"nodeID":"1347076","text":"Dominika: Theo Paphitis: the nation has come a very poor third for the last few years","type":"L","timestamp":"2023-11-09 14:03:09"},{"nodeID":"1347077","text":"Asserting","type":"YA","timestamp":"2023-11-09 14:03:09"},{"nodeID":"1347078","text":"Default Transition","type":"TA","timestamp":"2023-11-09 14:03:09"},{"nodeID":"1347079","text":"Default Transition","type":"TA","timestamp":"2023-11-09 14:03:09"},{"nodeID":"1347080","text":"Default Rephrase","type":"MA","timestamp":"2023-11-09 14:03:09"},{"nodeID":"1347081","text":"Default Rephrase","type":"MA","timestamp":"2023-11-09 14:03:09"},{"nodeID":"1347082","text":"Default Transition","type":"TA","timestamp":"2023-11-09 14:03:09"},{"nodeID":"1347083","text":"Default Transition","type":"TA","timestamp":"2023-11-09 14:03:09"},{"nodeID":"1347084","text":"Restating","type":"YA","timestamp":"2023-11-09 14:03:09"},{"nodeID":"1347085","text":"Restating","type":"YA","timestamp":"2023-11-09 14:03:09"},{"nodeID":"1347086","text":"our third Prime Minister in this session of parliament is an opportunity now","type":"I","timestamp":"2023-11-09 14:03:10"},{"nodeID":"1347087","text":"Theo Paphitis: this is an opportunity now","type":"L","timestamp":"2023-11-09 14:03:10"},{"nodeID":"1347088","text":"Analysing","type":"YA","timestamp":"2023-11-09 14:03:10"},{"nodeID":"1347089","text":"Dominika: Theo Paphitis: this is an opportunity now","type":"L","timestamp":"2023-11-09 14:03:10"},{"nodeID":"1347090","text":"Asserting","type":"YA","timestamp":"2023-11-09 14:03:10"},{"nodeID":"1347091","text":"Default Transition","type":"TA","timestamp":"2023-11-09 14:03:10"},{"nodeID":"1347092","text":"our third Prime Minister in this session of parliament is our opportunity to try and put things right and get confidence","type":"I","timestamp":"2023-11-09 14:03:10"},{"nodeID":"1347093","text":"Theo Paphitis: Our third Prime Minister in this session of parliament, this is our opportunity to try and put things right and get confidence","type":"L","timestamp":"2023-11-09 14:03:10"},{"nodeID":"1347094","text":"Analysing","type":"YA","timestamp":"2023-11-09 14:03:10"},{"nodeID":"1347095","text":"Dominika: Theo Paphitis: Our third Prime Minister in this session of parliament, this is our opportunity to try and put things right and get confidence","type":"L","timestamp":"2023-11-09 14:03:10"},{"nodeID":"1347096","text":"Asserting","type":"YA","timestamp":"2023-11-09 14:03:10"},{"nodeID":"1347097","text":"Default Transition","type":"TA","timestamp":"2023-11-09 14:03:10"},{"nodeID":"1347098","text":"Default Rephrase","type":"MA","timestamp":"2023-11-09 14:03:10"},{"nodeID":"1347099","text":"Restating","type":"YA","timestamp":"2023-11-09 14:03:10"},{"nodeID":"1347100","text":"we need to have another election","type":"I","timestamp":"2023-11-09 14:03:11"},{"nodeID":"1347101","text":"Emily Thornberry: Have another election","type":"L","timestamp":"2023-11-09 14:03:11"},{"nodeID":"1347102","text":"Analysing","type":"YA","timestamp":"2023-11-09 14:03:11"},{"nodeID":"1347103","text":"Dominika: Emily Thornberry: Have another election","type":"L","timestamp":"2023-11-09 14:03:11"},{"nodeID":"1347104","text":"Asserting","type":"YA","timestamp":"2023-11-09 14:03:11"},{"nodeID":"1347105","text":"we need to have an election, get another government","type":"I","timestamp":"2023-11-09 14:03:12"},{"nodeID":"1347106","text":"Emily Thornberry: Have an election, get another government. That\u2019s what we need","type":"L","timestamp":"2023-11-09 14:03:12"},{"nodeID":"1347107","text":"Analysing","type":"YA","timestamp":"2023-11-09 14:03:12"},{"nodeID":"1347108","text":"Dominika: Emily Thornberry: Have an election, get another government. That\u2019s what we need","type":"L","timestamp":"2023-11-09 14:03:12"},{"nodeID":"1347109","text":"Asserting","type":"YA","timestamp":"2023-11-09 14:03:12"},{"nodeID":"1347110","text":"Default Transition","type":"TA","timestamp":"2023-11-09 14:03:12"},{"nodeID":"1347111","text":"Default Transition","type":"TA","timestamp":"2023-11-09 14:03:12"},{"nodeID":"1347112","text":"Default Rephrase","type":"MA","timestamp":"2023-11-09 14:03:12"},{"nodeID":"1347113","text":"Restating","type":"YA","timestamp":"2023-11-09 14:03:12"},{"nodeID":"1347114","text":"Theo Paphitis is not picking on any party","type":"I","timestamp":"2023-11-09 14:03:12"},{"nodeID":"1347115","text":"Theo Paphitis: I\u2019m not picking on any party","type":"L","timestamp":"2023-11-09 14:03:12"},{"nodeID":"1347116","text":"Analysing","type":"YA","timestamp":"2023-11-09 14:03:12"},{"nodeID":"1347117","text":"Dominika: Theo Paphitis: I\u2019m not picking on any party","type":"L","timestamp":"2023-11-09 14:03:12"},{"nodeID":"1347118","text":"Asserting","type":"YA","timestamp":"2023-11-09 14:03:12"},{"nodeID":"1347119","text":"Theo Paphitis is being absolutely independent here","type":"I","timestamp":"2023-11-09 14:03:13"},{"nodeID":"1347120","text":"Theo Paphitis: I\u2019m being absolutely independent here","type":"L","timestamp":"2023-11-09 14:03:13"},{"nodeID":"1347121","text":"Analysing","type":"YA","timestamp":"2023-11-09 14:03:13"},{"nodeID":"1347122","text":"Dominika: Theo Paphitis: I\u2019m being absolutely independent here","type":"L","timestamp":"2023-11-09 14:03:13"},{"nodeID":"1347123","text":"Asserting","type":"YA","timestamp":"2023-11-09 14:03:13"},{"nodeID":"1347124","text":"Default Transition","type":"TA","timestamp":"2023-11-09 14:03:13"},{"nodeID":"1347125","text":"Default Transition","type":"TA","timestamp":"2023-11-09 14:03:13"},{"nodeID":"1347126","text":"Default Rephrase","type":"MA","timestamp":"2023-11-09 14:03:13"},{"nodeID":"1347127","text":"Restating","type":"YA","timestamp":"2023-11-09 14:03:13"},{"nodeID":"1347128","text":"you\u2019re a director of a public company in the city","type":"I","timestamp":"2023-11-09 14:03:14"},{"nodeID":"1347129","text":"Theo Paphitis: you\u2019re a director of a public company in the city","type":"L","timestamp":"2023-11-09 14:03:14"},{"nodeID":"1347130","text":"Analysing","type":"YA","timestamp":"2023-11-09 14:03:14"},{"nodeID":"1347131","text":"Dominika: Theo Paphitis: you\u2019re a director of a public company in the city","type":"L","timestamp":"2023-11-09 14:03:14"},{"nodeID":"1347132","text":"Asserting","type":"YA","timestamp":"2023-11-09 14:03:14"},{"nodeID":"1347133","text":"whatever you say you\u2019ve got to have verification for","type":"I","timestamp":"2023-11-09 14:03:14"},{"nodeID":"1347134","text":"Theo Paphitis: whatever you say you\u2019ve got to have verification for","type":"L","timestamp":"2023-11-09 14:03:14"},{"nodeID":"1347135","text":"Analysing","type":"YA","timestamp":"2023-11-09 14:03:14"},{"nodeID":"1347136","text":"Dominika: Theo Paphitis: whatever you say you\u2019ve got to have verification for","type":"L","timestamp":"2023-11-09 14:03:14"},{"nodeID":"1347137","text":"Asserting","type":"YA","timestamp":"2023-11-09 14:03:14"},{"nodeID":"1347138","text":"Default Transition","type":"TA","timestamp":"2023-11-09 14:03:14"},{"nodeID":"1347139","text":"Default Inference","type":"RA","timestamp":"2023-11-09 14:03:14"},{"nodeID":"1347140","text":"Arguing","type":"YA","timestamp":"2023-11-09 14:03:14"},{"nodeID":"1347141","text":"you\u2019ve got to verify","type":"I","timestamp":"2023-11-09 14:03:15"},{"nodeID":"1347142","text":"Theo Paphitis: You\u2019ve got to verify","type":"L","timestamp":"2023-11-09 14:03:15"},{"nodeID":"1347143","text":"Analysing","type":"YA","timestamp":"2023-11-09 14:03:15"},{"nodeID":"1347144","text":"Dominika: Theo Paphitis: You\u2019ve got to verify","type":"L","timestamp":"2023-11-09 14:03:15"},{"nodeID":"1347145","text":"Asserting","type":"YA","timestamp":"2023-11-09 14:03:15"},{"nodeID":"1347146","text":"Default Rephrase","type":"MA","timestamp":"2023-11-09 14:03:15"},{"nodeID":"1347147","text":"Default Transition","type":"TA","timestamp":"2023-11-09 14:03:15"},{"nodeID":"1347148","text":"Restating","type":"YA","timestamp":"2023-11-09 14:03:15"},{"nodeID":"1347149","text":"not having a verification leads to them grabbing you, throwing you out","type":"I","timestamp":"2023-11-09 14:03:16"},{"nodeID":"1347150","text":"Theo Paphitis: Otherwise they grab you, throw you out","type":"L","timestamp":"2023-11-09 14:03:16"},{"nodeID":"1347151","text":"Analysing","type":"YA","timestamp":"2023-11-09 14:03:16"},{"nodeID":"1347152","text":"Dominika: Theo Paphitis: Otherwise they grab you, throw you out","type":"L","timestamp":"2023-11-09 14:03:16"},{"nodeID":"1347153","text":"Asserting","type":"YA","timestamp":"2023-11-09 14:03:16"},{"nodeID":"1347154","text":"Default Transition","type":"TA","timestamp":"2023-11-09 14:03:16"},{"nodeID":"1347155","text":"Default Inference","type":"RA","timestamp":"2023-11-09 14:03:16"},{"nodeID":"1347156","text":"Arguing","type":"YA","timestamp":"2023-11-09 14:03:16"},{"nodeID":"1347157","text":"we should start asking for a political regulator to regulate politicians","type":"I","timestamp":"2023-11-09 14:03:16"},{"nodeID":"1347158","text":"Theo Paphitis: Will we then start asking for a political regulator to regulate politicians","type":"L","timestamp":"2023-11-09 14:03:16"},{"nodeID":"1347159","text":"Analysing","type":"YA","timestamp":"2023-11-09 14:03:16"},{"nodeID":"1347160","text":"Dominika: Theo Paphitis: Will we then start asking for a political regulator to regulate politicians","type":"L","timestamp":"2023-11-09 14:03:16"},{"nodeID":"1347161","text":"Rhetorical Questioning","type":"YA","timestamp":"2023-11-09 14:03:16"},{"nodeID":"1347162","text":"politicians can\u2019t behave themselves","type":"I","timestamp":"2023-11-09 14:03:17"},{"nodeID":"1347163","text":"Theo Paphitis: they can\u2019t behave themselves","type":"L","timestamp":"2023-11-09 14:03:17"},{"nodeID":"1347164","text":"Analysing","type":"YA","timestamp":"2023-11-09 14:03:17"},{"nodeID":"1347165","text":"Dominika: Theo Paphitis: they can\u2019t behave themselves","type":"L","timestamp":"2023-11-09 14:03:17"},{"nodeID":"1347166","text":"Asserting","type":"YA","timestamp":"2023-11-09 14:03:17"},{"nodeID":"1347167","text":"Default Transition","type":"TA","timestamp":"2023-11-09 14:03:17"},{"nodeID":"1347168","text":"Default Transition","type":"TA","timestamp":"2023-11-09 14:03:17"},{"nodeID":"1347169","text":"Default Inference","type":"RA","timestamp":"2023-11-09 14:03:17"},{"nodeID":"1347170","text":"Arguing","type":"YA","timestamp":"2023-11-09 14:03:17"},{"nodeID":"1347171","text":"Default Transition","type":"TA","timestamp":"2023-11-09 14:03:17"},{"nodeID":"1347172","text":"Default Rephrase","type":"MA","timestamp":"2023-11-09 14:03:17"},{"nodeID":"1347173","text":"Restating","type":"YA","timestamp":"2023-11-09 14:03:17"}],"edges":[{"edgeID":"1764811","fromID":"1347009","toID":"1347008","formEdgeID":null},{"edgeID":"1764812","fromID":"1347010","toID":"1347009","formEdgeID":null},{"edgeID":"1764813","fromID":"1347008","toID":"1347011","formEdgeID":null},{"edgeID":"1764814","fromID":"1347011","toID":"1347007","formEdgeID":null},{"edgeID":"1764815","fromID":"1347014","toID":"1347013","formEdgeID":null},{"edgeID":"1764816","fromID":"1347015","toID":"1347014","formEdgeID":null},{"edgeID":"1764817","fromID":"1347013","toID":"1347016","formEdgeID":null},{"edgeID":"1764818","fromID":"1347016","toID":"1347012","formEdgeID":null},{"edgeID":"1764819","fromID":"1347019","toID":"1347018","formEdgeID":null},{"edgeID":"1764820","fromID":"1347020","toID":"1347019","formEdgeID":null},{"edgeID":"1764821","fromID":"1347018","toID":"1347021","formEdgeID":null},{"edgeID":"1764822","fromID":"1347021","toID":"1347017","formEdgeID":null},{"edgeID":"1764823","fromID":"1347024","toID":"1347023","formEdgeID":null},{"edgeID":"1764824","fromID":"1347025","toID":"1347024","formEdgeID":null},{"edgeID":"1764825","fromID":"1347023","toID":"1347026","formEdgeID":null},{"edgeID":"1764826","fromID":"1347026","toID":"1347022","formEdgeID":null},{"edgeID":"1764827","fromID":"1347029","toID":"1347028","formEdgeID":null},{"edgeID":"1764828","fromID":"1347030","toID":"1347029","formEdgeID":null},{"edgeID":"1764829","fromID":"1347028","toID":"1347031","formEdgeID":null},{"edgeID":"1764830","fromID":"1347031","toID":"1347027","formEdgeID":null},{"edgeID":"1764831","fromID":"1347008","toID":"1347032","formEdgeID":null},{"edgeID":"1764832","fromID":"1347032","toID":"1347013","formEdgeID":null},{"edgeID":"1764833","fromID":"1347013","toID":"1347033","formEdgeID":null},{"edgeID":"1764834","fromID":"1347033","toID":"1347018","formEdgeID":null},{"edgeID":"1764835","fromID":"1347018","toID":"1347034","formEdgeID":null},{"edgeID":"1764836","fromID":"1347034","toID":"1347023","formEdgeID":null},{"edgeID":"1764837","fromID":"1347023","toID":"1347035","formEdgeID":null},{"edgeID":"1764838","fromID":"1347035","toID":"1347028","formEdgeID":null},{"edgeID":"1764839","fromID":"1347012","toID":"1347036","formEdgeID":null},{"edgeID":"1764840","fromID":"1347036","toID":"1347007","formEdgeID":null},{"edgeID":"1764841","fromID":"1347017","toID":"1347037","formEdgeID":null},{"edgeID":"1764842","fromID":"1347037","toID":"1347012","formEdgeID":null},{"edgeID":"1764843","fromID":"1347022","toID":"1347038","formEdgeID":null},{"edgeID":"1764844","fromID":"1347038","toID":"1347017","formEdgeID":null},{"edgeID":"1764845","fromID":"1347032","toID":"1347039","formEdgeID":null},{"edgeID":"1764846","fromID":"1347039","toID":"1347036","formEdgeID":null},{"edgeID":"1764847","fromID":"1347033","toID":"1347040","formEdgeID":null},{"edgeID":"1764848","fromID":"1347040","toID":"1347037","formEdgeID":null},{"edgeID":"1764849","fromID":"1347034","toID":"1347041","formEdgeID":null},{"edgeID":"1764850","fromID":"1347041","toID":"1347038","formEdgeID":null},{"edgeID":"1764851","fromID":"1347027","toID":"1347042","formEdgeID":null},{"edgeID":"1764852","fromID":"1347042","toID":"1347022","formEdgeID":null},{"edgeID":"1764853","fromID":"1347035","toID":"1347043","formEdgeID":null},{"edgeID":"1764854","fromID":"1347043","toID":"1347042","formEdgeID":null},{"edgeID":"1764855","fromID":"1347046","toID":"1347045","formEdgeID":null},{"edgeID":"1764856","fromID":"1347047","toID":"1347046","formEdgeID":null},{"edgeID":"1764857","fromID":"1347045","toID":"1347048","formEdgeID":null},{"edgeID":"1764858","fromID":"1347048","toID":"1347044","formEdgeID":null},{"edgeID":"1764859","fromID":"1347051","toID":"1347050","formEdgeID":null},{"edgeID":"1764860","fromID":"1347052","toID":"1347051","formEdgeID":null},{"edgeID":"1764861","fromID":"1347050","toID":"1347053","formEdgeID":null},{"edgeID":"1764862","fromID":"1347053","toID":"1347049","formEdgeID":null},{"edgeID":"1764863","fromID":"1347028","toID":"1347054","formEdgeID":null},{"edgeID":"1764864","fromID":"1347054","toID":"1347045","formEdgeID":null},{"edgeID":"1764865","fromID":"1347045","toID":"1347055","formEdgeID":null},{"edgeID":"1764866","fromID":"1347055","toID":"1347050","formEdgeID":null},{"edgeID":"1764867","fromID":"1347049","toID":"1347056","formEdgeID":null},{"edgeID":"1764868","fromID":"1347056","toID":"1347044","formEdgeID":null},{"edgeID":"1764869","fromID":"1347055","toID":"1347057","formEdgeID":null},{"edgeID":"1764870","fromID":"1347057","toID":"1347056","formEdgeID":null},{"edgeID":"1764871","fromID":"1347060","toID":"1347059","formEdgeID":null},{"edgeID":"1764872","fromID":"1347061","toID":"1347060","formEdgeID":null},{"edgeID":"1764873","fromID":"1347059","toID":"1347062","formEdgeID":null},{"edgeID":"1764874","fromID":"1347062","toID":"1347058","formEdgeID":null},{"edgeID":"1764875","fromID":"1347065","toID":"1347064","formEdgeID":null},{"edgeID":"1764876","fromID":"1347066","toID":"1347065","formEdgeID":null},{"edgeID":"1764877","fromID":"1347064","toID":"1347067","formEdgeID":null},{"edgeID":"1764878","fromID":"1347067","toID":"1347063","formEdgeID":null},{"edgeID":"1764879","fromID":"1347070","toID":"1347069","formEdgeID":null},{"edgeID":"1764880","fromID":"1347071","toID":"1347070","formEdgeID":null},{"edgeID":"1764881","fromID":"1347069","toID":"1347072","formEdgeID":null},{"edgeID":"1764882","fromID":"1347072","toID":"1347068","formEdgeID":null},{"edgeID":"1764883","fromID":"1347075","toID":"1347074","formEdgeID":null},{"edgeID":"1764884","fromID":"1347076","toID":"1347075","formEdgeID":null},{"edgeID":"1764885","fromID":"1347074","toID":"1347077","formEdgeID":null},{"edgeID":"1764886","fromID":"1347077","toID":"1347073","formEdgeID":null},{"edgeID":"1764887","fromID":"1347050","toID":"1347078","formEdgeID":null},{"edgeID":"1764888","fromID":"1347078","toID":"1347059","formEdgeID":null},{"edgeID":"1764889","fromID":"1347059","toID":"1347079","formEdgeID":null},{"edgeID":"1764890","fromID":"1347079","toID":"1347064","formEdgeID":null},{"edgeID":"1764891","fromID":"1347068","toID":"1347080","formEdgeID":null},{"edgeID":"1764892","fromID":"1347080","toID":"1347063","formEdgeID":null},{"edgeID":"1764893","fromID":"1347073","toID":"1347081","formEdgeID":null},{"edgeID":"1764894","fromID":"1347081","toID":"1347068","formEdgeID":null},{"edgeID":"1764895","fromID":"1347064","toID":"1347082","formEdgeID":null},{"edgeID":"1764896","fromID":"1347082","toID":"1347069","formEdgeID":null},{"edgeID":"1764897","fromID":"1347069","toID":"1347083","formEdgeID":null},{"edgeID":"1764898","fromID":"1347083","toID":"1347074","formEdgeID":null},{"edgeID":"1764899","fromID":"1347082","toID":"1347084","formEdgeID":null},{"edgeID":"1764900","fromID":"1347084","toID":"1347080","formEdgeID":null},{"edgeID":"1764901","fromID":"1347083","toID":"1347085","formEdgeID":null},{"edgeID":"1764902","fromID":"1347085","toID":"1347081","formEdgeID":null},{"edgeID":"1764903","fromID":"1347088","toID":"1347087","formEdgeID":null},{"edgeID":"1764904","fromID":"1347089","toID":"1347088","formEdgeID":null},{"edgeID":"1764905","fromID":"1347087","toID":"1347090","formEdgeID":null},{"edgeID":"1764906","fromID":"1347090","toID":"1347086","formEdgeID":null},{"edgeID":"1764907","fromID":"1347074","toID":"1347091","formEdgeID":null},{"edgeID":"1764908","fromID":"1347091","toID":"1347087","formEdgeID":null},{"edgeID":"1764909","fromID":"1347094","toID":"1347093","formEdgeID":null},{"edgeID":"1764910","fromID":"1347095","toID":"1347094","formEdgeID":null},{"edgeID":"1764911","fromID":"1347093","toID":"1347096","formEdgeID":null},{"edgeID":"1764912","fromID":"1347096","toID":"1347092","formEdgeID":null},{"edgeID":"1764913","fromID":"1347087","toID":"1347097","formEdgeID":null},{"edgeID":"1764914","fromID":"1347097","toID":"1347093","formEdgeID":null},{"edgeID":"1764915","fromID":"1347092","toID":"1347098","formEdgeID":null},{"edgeID":"1764916","fromID":"1347098","toID":"1347086","formEdgeID":null},{"edgeID":"1764917","fromID":"1347097","toID":"1347099","formEdgeID":null},{"edgeID":"1764918","fromID":"1347099","toID":"1347098","formEdgeID":null},{"edgeID":"1764919","fromID":"1347102","toID":"1347101","formEdgeID":null},{"edgeID":"1764920","fromID":"1347103","toID":"1347102","formEdgeID":null},{"edgeID":"1764921","fromID":"1347101","toID":"1347104","formEdgeID":null},{"edgeID":"1764922","fromID":"1347104","toID":"1347100","formEdgeID":null},{"edgeID":"1764923","fromID":"1347107","toID":"1347106","formEdgeID":null},{"edgeID":"1764924","fromID":"1347108","toID":"1347107","formEdgeID":null},{"edgeID":"1764925","fromID":"1347106","toID":"1347109","formEdgeID":null},{"edgeID":"1764926","fromID":"1347109","toID":"1347105","formEdgeID":null},{"edgeID":"1764927","fromID":"1347093","toID":"1347110","formEdgeID":null},{"edgeID":"1764928","fromID":"1347110","toID":"1347101","formEdgeID":null},{"edgeID":"1764929","fromID":"1347101","toID":"1347111","formEdgeID":null},{"edgeID":"1764930","fromID":"1347111","toID":"1347106","formEdgeID":null},{"edgeID":"1764931","fromID":"1347105","toID":"1347112","formEdgeID":null},{"edgeID":"1764932","fromID":"1347112","toID":"1347100","formEdgeID":null},{"edgeID":"1764933","fromID":"1347111","toID":"1347113","formEdgeID":null},{"edgeID":"1764934","fromID":"1347113","toID":"1347112","formEdgeID":null},{"edgeID":"1764935","fromID":"1347116","toID":"1347115","formEdgeID":null},{"edgeID":"1764936","fromID":"1347117","toID":"1347116","formEdgeID":null},{"edgeID":"1764937","fromID":"1347115","toID":"1347118","formEdgeID":null},{"edgeID":"1764938","fromID":"1347118","toID":"1347114","formEdgeID":null},{"edgeID":"1764939","fromID":"1347121","toID":"1347120","formEdgeID":null},{"edgeID":"1764940","fromID":"1347122","toID":"1347121","formEdgeID":null},{"edgeID":"1764941","fromID":"1347120","toID":"1347123","formEdgeID":null},{"edgeID":"1764942","fromID":"1347123","toID":"1347119","formEdgeID":null},{"edgeID":"1764943","fromID":"1347106","toID":"1347124","formEdgeID":null},{"edgeID":"1764944","fromID":"1347124","toID":"1347115","formEdgeID":null},{"edgeID":"1764945","fromID":"1347115","toID":"1347125","formEdgeID":null},{"edgeID":"1764946","fromID":"1347125","toID":"1347120","formEdgeID":null},{"edgeID":"1764947","fromID":"1347119","toID":"1347126","formEdgeID":null},{"edgeID":"1764948","fromID":"1347126","toID":"1347114","formEdgeID":null},{"edgeID":"1764949","fromID":"1347125","toID":"1347127","formEdgeID":null},{"edgeID":"1764950","fromID":"1347127","toID":"1347126","formEdgeID":null},{"edgeID":"1764951","fromID":"1347130","toID":"1347129","formEdgeID":null},{"edgeID":"1764952","fromID":"1347131","toID":"1347130","formEdgeID":null},{"edgeID":"1764953","fromID":"1347129","toID":"1347132","formEdgeID":null},{"edgeID":"1764954","fromID":"1347132","toID":"1347128","formEdgeID":null},{"edgeID":"1764955","fromID":"1347135","toID":"1347134","formEdgeID":null},{"edgeID":"1764956","fromID":"1347136","toID":"1347135","formEdgeID":null},{"edgeID":"1764957","fromID":"1347134","toID":"1347137","formEdgeID":null},{"edgeID":"1764958","fromID":"1347137","toID":"1347133","formEdgeID":null},{"edgeID":"1764959","fromID":"1347129","toID":"1347138","formEdgeID":null},{"edgeID":"1764960","fromID":"1347138","toID":"1347134","formEdgeID":null},{"edgeID":"1764961","fromID":"1347128","toID":"1347139","formEdgeID":null},{"edgeID":"1764962","fromID":"1347139","toID":"1347133","formEdgeID":null},{"edgeID":"1764963","fromID":"1347138","toID":"1347140","formEdgeID":null},{"edgeID":"1764964","fromID":"1347140","toID":"1347139","formEdgeID":null},{"edgeID":"1764965","fromID":"1347143","toID":"1347142","formEdgeID":null},{"edgeID":"1764966","fromID":"1347144","toID":"1347143","formEdgeID":null},{"edgeID":"1764967","fromID":"1347142","toID":"1347145","formEdgeID":null},{"edgeID":"1764968","fromID":"1347145","toID":"1347141","formEdgeID":null},{"edgeID":"1764969","fromID":"1347141","toID":"1347146","formEdgeID":null},{"edgeID":"1764970","fromID":"1347146","toID":"1347133","formEdgeID":null},{"edgeID":"1764971","fromID":"1347134","toID":"1347147","formEdgeID":null},{"edgeID":"1764972","fromID":"1347147","toID":"1347142","formEdgeID":null},{"edgeID":"1764973","fromID":"1347147","toID":"1347148","formEdgeID":null},{"edgeID":"1764974","fromID":"1347148","toID":"1347146","formEdgeID":null},{"edgeID":"1764975","fromID":"1347151","toID":"1347150","formEdgeID":null},{"edgeID":"1764976","fromID":"1347152","toID":"1347151","formEdgeID":null},{"edgeID":"1764977","fromID":"1347150","toID":"1347153","formEdgeID":null},{"edgeID":"1764978","fromID":"1347153","toID":"1347149","formEdgeID":null},{"edgeID":"1764979","fromID":"1347142","toID":"1347154","formEdgeID":null},{"edgeID":"1764980","fromID":"1347154","toID":"1347150","formEdgeID":null},{"edgeID":"1764981","fromID":"1347149","toID":"1347155","formEdgeID":null},{"edgeID":"1764982","fromID":"1347155","toID":"1347141","formEdgeID":null},{"edgeID":"1764983","fromID":"1347154","toID":"1347156","formEdgeID":null},{"edgeID":"1764984","fromID":"1347156","toID":"1347155","formEdgeID":null},{"edgeID":"1764985","fromID":"1347159","toID":"1347158","formEdgeID":null},{"edgeID":"1764986","fromID":"1347160","toID":"1347159","formEdgeID":null},{"edgeID":"1764987","fromID":"1347158","toID":"1347161","formEdgeID":null},{"edgeID":"1764988","fromID":"1347161","toID":"1347157","formEdgeID":null},{"edgeID":"1764989","fromID":"1347164","toID":"1347163","formEdgeID":null},{"edgeID":"1764990","fromID":"1347165","toID":"1347164","formEdgeID":null},{"edgeID":"1764991","fromID":"1347163","toID":"1347166","formEdgeID":null},{"edgeID":"1764992","fromID":"1347166","toID":"1347162","formEdgeID":null},{"edgeID":"1764993","fromID":"1347120","toID":"1347167","formEdgeID":null},{"edgeID":"1764994","fromID":"1347167","toID":"1347158","formEdgeID":null},{"edgeID":"1764995","fromID":"1347158","toID":"1347168","formEdgeID":null},{"edgeID":"1764996","fromID":"1347168","toID":"1347163","formEdgeID":null},{"edgeID":"1764997","fromID":"1347162","toID":"1347169","formEdgeID":null},{"edgeID":"1764998","fromID":"1347169","toID":"1347157","formEdgeID":null},{"edgeID":"1764999","fromID":"1347168","toID":"1347170","formEdgeID":null},{"edgeID":"1765000","fromID":"1347170","toID":"1347169","formEdgeID":null},{"edgeID":"1765001","fromID":"1347163","toID":"1347171","formEdgeID":null},{"edgeID":"1765002","fromID":"1347171","toID":"1347129","formEdgeID":null},{"edgeID":"1765003","fromID":"1347063","toID":"1347172","formEdgeID":null},{"edgeID":"1765004","fromID":"1347172","toID":"1347058","formEdgeID":null},{"edgeID":"1765005","fromID":"1347079","toID":"1347173","formEdgeID":null},{"edgeID":"1765006","fromID":"1347173","toID":"1347172","formEdgeID":null}],"locutions":[]}