{"nodes":[{"nodeID":"1343764","text":"strike action is or is not justified","type":"I","timestamp":"2023-11-09 13:58:29"},{"nodeID":"1343765","text":"Mark Harper: Emily's question is strike action justified","type":"L","timestamp":"2023-11-09 13:58:29"},{"nodeID":"1343766","text":"Analysing","type":"YA","timestamp":"2023-11-09 13:58:29"},{"nodeID":"1343767","text":"Katharina: Mark Harper: is strike action justified","type":"L","timestamp":"2023-11-09 13:58:29"},{"nodeID":"1343768","text":"Emily Thornberry: is strike action justified","type":"L","timestamp":"2023-11-09 13:58:29"},{"nodeID":"1343769","text":"Analysing","type":"YA","timestamp":"2023-11-09 13:58:29"},{"nodeID":"1343770","text":"Katharina: Emily Thornberry: is strike action justified","type":"L","timestamp":"2023-11-09 13:58:29"},{"nodeID":"1343771","text":"Pure Questioning","type":"YA","timestamp":"2023-11-09 13:58:29"},{"nodeID":"1343772","text":"Asserting","type":"YA","timestamp":"2023-11-09 13:58:29"},{"nodeID":"1343773","text":"Mark Harper: no","type":"L","timestamp":"2023-11-09 13:58:29"},{"nodeID":"1343774","text":"Analysing","type":"YA","timestamp":"2023-11-09 13:58:29"},{"nodeID":"1343775","text":"Katharina: Mark Harper: no","type":"L","timestamp":"2023-11-09 13:58:29"},{"nodeID":"1343776","text":"we take people who have vocational careers and look after us for granted","type":"I","timestamp":"2023-11-09 13:58:29"},{"nodeID":"1343777","text":"Mark Harper: Theo said there about taking [background noise 0:05:27]","type":"L","timestamp":"2023-11-09 13:58:29"},{"nodeID":"1343778","text":"Analysing","type":"YA","timestamp":"2023-11-09 13:58:29"},{"nodeID":"1343779","text":"Katharina: Mark Harper: Theo said there about taking [background noise 0:05:27]","type":"L","timestamp":"2023-11-09 13:58:29"},{"nodeID":"1343780","text":"Theo Paphitis: about taking [background noise 0:05:27]","type":"L","timestamp":"2023-11-09 13:58:29"},{"nodeID":"1343781","text":"Analysing","type":"YA","timestamp":"2023-11-09 13:58:29"},{"nodeID":"1343782","text":"Katharina: Theo Paphitis: Theo said there about taking [background noise 0:05:27]","type":"L","timestamp":"2023-11-09 13:58:29"},{"nodeID":"1343783","text":"Asserting","type":"YA","timestamp":"2023-11-09 13:58:29"},{"nodeID":"1343784","text":"Asserting","type":"YA","timestamp":"2023-11-09 13:58:29"},{"nodeID":"1343785","text":"Default Transition","type":"TA","timestamp":"2023-11-09 13:58:29"},{"nodeID":"1343786","text":"Default Transition","type":"TA","timestamp":"2023-11-09 13:58:29"},{"nodeID":"1343787","text":"the government absolutely hasn\u2019t taken people who have vocational careers and look after us for granted actually","type":"I","timestamp":"2023-11-09 13:58:30"},{"nodeID":"1343788","text":"Mark Harper: the government absolutely hasn\u2019t done that actually","type":"L","timestamp":"2023-11-09 13:58:30"},{"nodeID":"1343789","text":"Analysing","type":"YA","timestamp":"2023-11-09 13:58:30"},{"nodeID":"1343790","text":"Katharina: Mark Harper: the government absolutely hasn\u2019t done that actually","type":"L","timestamp":"2023-11-09 13:58:30"},{"nodeID":"1343791","text":"Asserting","type":"YA","timestamp":"2023-11-09 13:58:30"},{"nodeID":"1343792","text":"Default Transition","type":"TA","timestamp":"2023-11-09 13:58:30"},{"nodeID":"1343793","text":"Default Conflict","type":"CA","timestamp":"2023-11-09 13:58:30"},{"nodeID":"1343794","text":"Disagreeing","type":"YA","timestamp":"2023-11-09 13:58:30"},{"nodeID":"1343795","text":"last year, for example, when most public sector workers didn\u2019t get a pay rise we specifically made sure that nurses did get a pay rise of three per cent","type":"I","timestamp":"2023-11-09 13:58:31"},{"nodeID":"1343796","text":"Mark Harper:  last year, for example, when most public sector workers didn\u2019t get a pay rise we specifically made sure that nurses did get a pay rise of three per cent","type":"L","timestamp":"2023-11-09 13:58:31"},{"nodeID":"1343797","text":"Analysing","type":"YA","timestamp":"2023-11-09 13:58:31"},{"nodeID":"1343798","text":"Katharina: Mark Harper:  last year, for example, when most public sector workers didn\u2019t get a pay rise we specifically made sure that nurses did get a pay rise of three per cent","type":"L","timestamp":"2023-11-09 13:58:31"},{"nodeID":"1343799","text":"Asserting","type":"YA","timestamp":"2023-11-09 13:58:31"},{"nodeID":"1343800","text":"Default Inference","type":"RA","timestamp":"2023-11-09 13:58:31"},{"nodeID":"1343801","text":"Default Transition","type":"TA","timestamp":"2023-11-09 13:58:31"},{"nodeID":"1343802","text":"Arguing","type":"YA","timestamp":"2023-11-09 13:58:31"},{"nodeID":"1343803","text":"making up for one per cent the year before","type":"I","timestamp":"2023-11-09 13:58:31"},{"nodeID":"1343804","text":"Theo Paphitis: Making up for one per cent the year before","type":"L","timestamp":"2023-11-09 13:58:31"},{"nodeID":"1343805","text":"Analysing","type":"YA","timestamp":"2023-11-09 13:58:31"},{"nodeID":"1343806","text":"Katharina: Theo Paphitis: Making up for one per cent the year before","type":"L","timestamp":"2023-11-09 13:58:31"},{"nodeID":"1343807","text":"Asserting","type":"YA","timestamp":"2023-11-09 13:58:31"},{"nodeID":"1343808","text":"Default Conflict","type":"CA","timestamp":"2023-11-09 13:58:31"},{"nodeID":"1343809","text":"Default Transition","type":"TA","timestamp":"2023-11-09 13:58:31"},{"nodeID":"1343810","text":"Disagreeing","type":"YA","timestamp":"2023-11-09 13:58:31"},{"nodeID":"1343811","text":"there\u2019s a pay review body which takes evidence from the government, from all the unions which makes recommendations","type":"I","timestamp":"2023-11-09 13:58:32"},{"nodeID":"1343812","text":"Mark Harper: There\u2019s a pay review body which takes evidence from the government, from all the unions which makes recommendations","type":"L","timestamp":"2023-11-09 13:58:32"},{"nodeID":"1343813","text":"Analysing","type":"YA","timestamp":"2023-11-09 13:58:32"},{"nodeID":"1343814","text":"Katharina: Mark Harper: There\u2019s a pay review body which takes evidence from the government, from all the unions which makes recommendations","type":"L","timestamp":"2023-11-09 13:58:32"},{"nodeID":"1343815","text":"Asserting","type":"YA","timestamp":"2023-11-09 13:58:32"},{"nodeID":"1343816","text":"Default Transition","type":"TA","timestamp":"2023-11-09 13:58:32"},{"nodeID":"1343817","text":"Disagreeing","type":"YA","timestamp":"2023-11-09 13:58:32"}],"edges":[{"edgeID":"1760931","fromID":"1343766","toID":"1343765","formEdgeID":null},{"edgeID":"1760932","fromID":"1343767","toID":"1343766","formEdgeID":null},{"edgeID":"1760933","fromID":"1343769","toID":"1343768","formEdgeID":null},{"edgeID":"1760934","fromID":"1343770","toID":"1343769","formEdgeID":null},{"edgeID":"1760935","fromID":"1343768","toID":"1343771","formEdgeID":null},{"edgeID":"1760936","fromID":"1343771","toID":"1343764","formEdgeID":null},{"edgeID":"1760937","fromID":"1343765","toID":"1343772","formEdgeID":null},{"edgeID":"1760938","fromID":"1343772","toID":"1343768","formEdgeID":null},{"edgeID":"1760939","fromID":"1343774","toID":"1343773","formEdgeID":null},{"edgeID":"1760940","fromID":"1343775","toID":"1343774","formEdgeID":null},{"edgeID":"1760941","fromID":"1343778","toID":"1343777","formEdgeID":null},{"edgeID":"1760942","fromID":"1343779","toID":"1343778","formEdgeID":null},{"edgeID":"1760943","fromID":"1343781","toID":"1343780","formEdgeID":null},{"edgeID":"1760944","fromID":"1343782","toID":"1343781","formEdgeID":null},{"edgeID":"1760945","fromID":"1343780","toID":"1343783","formEdgeID":null},{"edgeID":"1760946","fromID":"1343783","toID":"1343776","formEdgeID":null},{"edgeID":"1760947","fromID":"1343777","toID":"1343784","formEdgeID":null},{"edgeID":"1760948","fromID":"1343784","toID":"1343780","formEdgeID":null},{"edgeID":"1760949","fromID":"1343765","toID":"1343785","formEdgeID":null},{"edgeID":"1760950","fromID":"1343785","toID":"1343773","formEdgeID":null},{"edgeID":"1760951","fromID":"1343773","toID":"1343786","formEdgeID":null},{"edgeID":"1760952","fromID":"1343786","toID":"1343777","formEdgeID":null},{"edgeID":"1760953","fromID":"1343789","toID":"1343788","formEdgeID":null},{"edgeID":"1760954","fromID":"1343790","toID":"1343789","formEdgeID":null},{"edgeID":"1760955","fromID":"1343788","toID":"1343791","formEdgeID":null},{"edgeID":"1760956","fromID":"1343791","toID":"1343787","formEdgeID":null},{"edgeID":"1760957","fromID":"1343777","toID":"1343792","formEdgeID":null},{"edgeID":"1760958","fromID":"1343792","toID":"1343788","formEdgeID":null},{"edgeID":"1760959","fromID":"1343787","toID":"1343793","formEdgeID":null},{"edgeID":"1760960","fromID":"1343793","toID":"1343776","formEdgeID":null},{"edgeID":"1760961","fromID":"1343792","toID":"1343794","formEdgeID":null},{"edgeID":"1760962","fromID":"1343794","toID":"1343793","formEdgeID":null},{"edgeID":"1760963","fromID":"1343797","toID":"1343796","formEdgeID":null},{"edgeID":"1760964","fromID":"1343798","toID":"1343797","formEdgeID":null},{"edgeID":"1760965","fromID":"1343796","toID":"1343799","formEdgeID":null},{"edgeID":"1760966","fromID":"1343799","toID":"1343795","formEdgeID":null},{"edgeID":"1760967","fromID":"1343795","toID":"1343800","formEdgeID":null},{"edgeID":"1760968","fromID":"1343800","toID":"1343787","formEdgeID":null},{"edgeID":"1760969","fromID":"1343788","toID":"1343801","formEdgeID":null},{"edgeID":"1760970","fromID":"1343801","toID":"1343796","formEdgeID":null},{"edgeID":"1760971","fromID":"1343801","toID":"1343802","formEdgeID":null},{"edgeID":"1760972","fromID":"1343802","toID":"1343800","formEdgeID":null},{"edgeID":"1760973","fromID":"1343805","toID":"1343804","formEdgeID":null},{"edgeID":"1760974","fromID":"1343806","toID":"1343805","formEdgeID":null},{"edgeID":"1760975","fromID":"1343804","toID":"1343807","formEdgeID":null},{"edgeID":"1760976","fromID":"1343807","toID":"1343803","formEdgeID":null},{"edgeID":"1760977","fromID":"1343803","toID":"1343808","formEdgeID":null},{"edgeID":"1760978","fromID":"1343808","toID":"1343795","formEdgeID":null},{"edgeID":"1760979","fromID":"1343796","toID":"1343809","formEdgeID":null},{"edgeID":"1760980","fromID":"1343809","toID":"1343804","formEdgeID":null},{"edgeID":"1760981","fromID":"1343809","toID":"1343810","formEdgeID":null},{"edgeID":"1760982","fromID":"1343810","toID":"1343808","formEdgeID":null},{"edgeID":"1760983","fromID":"1343813","toID":"1343812","formEdgeID":null},{"edgeID":"1760984","fromID":"1343814","toID":"1343813","formEdgeID":null},{"edgeID":"1760985","fromID":"1343812","toID":"1343815","formEdgeID":null},{"edgeID":"1760986","fromID":"1343815","toID":"1343811","formEdgeID":null},{"edgeID":"1760987","fromID":"1343804","toID":"1343816","formEdgeID":null},{"edgeID":"1760988","fromID":"1343816","toID":"1343812","formEdgeID":null},{"edgeID":"1760989","fromID":"1343785","toID":"1343817","formEdgeID":null},{"edgeID":"1760990","fromID":"1343817","toID":"1343764","formEdgeID":null}],"locutions":[]}