{"nodes":[{"nodeID":"1347317","text":"Mark Harper: no","type":"L","timestamp":"2023-11-09 14:03:49"},{"nodeID":"1347318","text":"the political system certainly did not work","type":"I","timestamp":"2023-11-09 14:03:51"},{"nodeID":"1347319","text":"Caroline Lucas: The system certainly did not work","type":"L","timestamp":"2023-11-09 14:03:51"},{"nodeID":"1347320","text":"Analysing","type":"YA","timestamp":"2023-11-09 14:03:51"},{"nodeID":"1347321","text":"Anon: Caroline Lucas: The system certainly did not work","type":"L","timestamp":"2023-11-09 14:03:51"},{"nodeID":"1347322","text":"Asserting","type":"YA","timestamp":"2023-11-09 14:03:51"},{"nodeID":"1347323","text":"the political system was a nightmare","type":"I","timestamp":"2023-11-09 14:03:51"},{"nodeID":"1347324","text":"Caroline Lucas: The system was a nightmare","type":"L","timestamp":"2023-11-09 14:03:51"},{"nodeID":"1347325","text":"Analysing","type":"YA","timestamp":"2023-11-09 14:03:51"},{"nodeID":"1347326","text":"Anon: Caroline Lucas: The system was a nightmare","type":"L","timestamp":"2023-11-09 14:03:51"},{"nodeID":"1347327","text":"Asserting","type":"YA","timestamp":"2023-11-09 14:03:51"},{"nodeID":"1347328","text":"Default Transition","type":"TA","timestamp":"2023-11-09 14:03:51"},{"nodeID":"1347329","text":"Default Rephrase","type":"MA","timestamp":"2023-11-09 14:03:51"},{"nodeID":"1347330","text":"Restating","type":"YA","timestamp":"2023-11-09 14:03:51"},{"nodeID":"1347331","text":"one of the problems here in the political system is to do with the voting system","type":"I","timestamp":"2023-11-09 14:03:52"},{"nodeID":"1347332","text":"Caroline Lucas: one of the problems here I think is to do with the voting system","type":"L","timestamp":"2023-11-09 14:03:52"},{"nodeID":"1347333","text":"Analysing","type":"YA","timestamp":"2023-11-09 14:03:52"},{"nodeID":"1347334","text":"Anon: Caroline Lucas: one of the problems here I think is to do with the voting system","type":"L","timestamp":"2023-11-09 14:03:52"},{"nodeID":"1347335","text":"Asserting","type":"YA","timestamp":"2023-11-09 14:03:52"},{"nodeID":"1347336","text":"Default Transition","type":"TA","timestamp":"2023-11-09 14:03:52"},{"nodeID":"1347337","text":"Default Inference","type":"RA","timestamp":"2023-11-09 14:03:52"},{"nodeID":"1347338","text":"Arguing","type":"YA","timestamp":"2023-11-09 14:03:52"},{"nodeID":"1347339","text":"this first past the post gives some MPs very big majorities","type":"I","timestamp":"2023-11-09 14:03:53"},{"nodeID":"1347340","text":"Caroline Lucas: this first past the post gives some MPs very big majorities","type":"L","timestamp":"2023-11-09 14:03:53"},{"nodeID":"1347341","text":"Analysing","type":"YA","timestamp":"2023-11-09 14:03:53"},{"nodeID":"1347342","text":"Anon: Caroline Lucas: this first past the post gives some MPs very big majorities","type":"L","timestamp":"2023-11-09 14:03:53"},{"nodeID":"1347343","text":"Asserting","type":"YA","timestamp":"2023-11-09 14:03:53"},{"nodeID":"1347344","text":"Default Transition","type":"TA","timestamp":"2023-11-09 14:03:53"},{"nodeID":"1347345","text":"there is a very big crossover between MPs with large majorities and the MPs who are more complacent","type":"I","timestamp":"2023-11-09 14:03:54"},{"nodeID":"1347346","text":"Caroline Lucas: there is a very big crossover between MPs with large majorities and the MPs who are more complacent","type":"L","timestamp":"2023-11-09 14:03:54"},{"nodeID":"1347347","text":"Analysing","type":"YA","timestamp":"2023-11-09 14:03:54"},{"nodeID":"1347348","text":"Anon: Caroline Lucas: there is a very big crossover between MPs with large majorities and the MPs who are more complacent","type":"L","timestamp":"2023-11-09 14:03:54"},{"nodeID":"1347349","text":"Asserting","type":"YA","timestamp":"2023-11-09 14:03:54"},{"nodeID":"1347350","text":"Default Transition","type":"TA","timestamp":"2023-11-09 14:03:54"},{"nodeID":"1347351","text":"there is a very big crossover between MPs with large majorities and the MPs who do less work","type":"I","timestamp":"2023-11-09 14:03:54"},{"nodeID":"1347352","text":"Caroline Lucas: who do less work","type":"L","timestamp":"2023-11-09 14:03:54"},{"nodeID":"1347353","text":"Analysing","type":"YA","timestamp":"2023-11-09 14:03:54"},{"nodeID":"1347354","text":"Anon: Caroline Lucas: who do less work","type":"L","timestamp":"2023-11-09 14:03:54"},{"nodeID":"1347355","text":"Asserting","type":"YA","timestamp":"2023-11-09 14:03:54"},{"nodeID":"1347356","text":"there is a very big crossover between MPs with large majorities and the MPs  who can get away with more","type":"I","timestamp":"2023-11-09 14:03:55"},{"nodeID":"1347357","text":"Caroline Lucas: who can get away with more","type":"L","timestamp":"2023-11-09 14:03:55"},{"nodeID":"1347358","text":"Analysing","type":"YA","timestamp":"2023-11-09 14:03:55"},{"nodeID":"1347359","text":"Anon: Caroline Lucas: who can get away with more","type":"L","timestamp":"2023-11-09 14:03:55"},{"nodeID":"1347360","text":"Asserting","type":"YA","timestamp":"2023-11-09 14:03:55"},{"nodeID":"1347361","text":"Default Inference","type":"RA","timestamp":"2023-11-09 14:03:55"},{"nodeID":"1347362","text":"Default Transition","type":"TA","timestamp":"2023-11-09 14:03:55"},{"nodeID":"1347363","text":"Default Transition","type":"TA","timestamp":"2023-11-09 14:03:55"},{"nodeID":"1347364","text":"Arguing","type":"YA","timestamp":"2023-11-09 14:03:55"},{"nodeID":"1347365","text":"some MPs are not held to account by their constituents","type":"I","timestamp":"2023-11-09 14:03:56"},{"nodeID":"1347366","text":"Caroline Lucas: they\u2019re not held to account by their constituents","type":"L","timestamp":"2023-11-09 14:03:56"},{"nodeID":"1347367","text":"Analysing","type":"YA","timestamp":"2023-11-09 14:03:56"},{"nodeID":"1347368","text":"Anon: Caroline Lucas: they\u2019re not held to account by their constituents","type":"L","timestamp":"2023-11-09 14:03:56"},{"nodeID":"1347369","text":"Asserting","type":"YA","timestamp":"2023-11-09 14:03:56"},{"nodeID":"1347370","text":"Default Transition","type":"TA","timestamp":"2023-11-09 14:03:56"},{"nodeID":"1347371","text":"Default Inference","type":"RA","timestamp":"2023-11-09 14:03:56"},{"nodeID":"1347372","text":"Arguing","type":"YA","timestamp":"2023-11-09 14:03:56"},{"nodeID":"1347373","text":"let\u2019s have a real overhaul of the system now","type":"I","timestamp":"2023-11-09 14:03:57"},{"nodeID":"1347374","text":"Caroline Lucas: let\u2019s have a real overhaul now","type":"L","timestamp":"2023-11-09 14:03:57"},{"nodeID":"1347375","text":"Analysing","type":"YA","timestamp":"2023-11-09 14:03:57"},{"nodeID":"1347376","text":"Anon: Caroline Lucas: let\u2019s have a real overhaul now","type":"L","timestamp":"2023-11-09 14:03:57"},{"nodeID":"1347377","text":"Asserting","type":"YA","timestamp":"2023-11-09 14:03:57"},{"nodeID":"1347378","text":"Default Transition","type":"TA","timestamp":"2023-11-09 14:03:57"},{"nodeID":"1347379","text":"Default Inference","type":"RA","timestamp":"2023-11-09 14:03:57"},{"nodeID":"1347380","text":"Arguing","type":"YA","timestamp":"2023-11-09 14:03:57"},{"nodeID":"1347381","text":"let's do more than just tinker about the edges of the issues with the system","type":"I","timestamp":"2023-11-09 14:03:58"},{"nodeID":"1347382","text":"Caroline Lucas: not just tinkering about the edges of this","type":"L","timestamp":"2023-11-09 14:03:58"},{"nodeID":"1347383","text":"Analysing","type":"YA","timestamp":"2023-11-09 14:03:58"},{"nodeID":"1347384","text":"Anon: Caroline Lucas: not just tinkering about the edges of this","type":"L","timestamp":"2023-11-09 14:03:58"},{"nodeID":"1347385","text":"Asserting","type":"YA","timestamp":"2023-11-09 14:03:58"},{"nodeID":"1347386","text":"Default Transition","type":"TA","timestamp":"2023-11-09 14:03:58"},{"nodeID":"1347387","text":"Default Rephrase","type":"MA","timestamp":"2023-11-09 14:03:58"},{"nodeID":"1347388","text":"Restating","type":"YA","timestamp":"2023-11-09 14:03:58"},{"nodeID":"1347389","text":"we have a bigger constitutional crisis","type":"I","timestamp":"2023-11-09 14:03:58"},{"nodeID":"1347390","text":"Caroline Lucas: We have a bigger constitutional crisis","type":"L","timestamp":"2023-11-09 14:03:58"},{"nodeID":"1347391","text":"Analysing","type":"YA","timestamp":"2023-11-09 14:03:58"},{"nodeID":"1347392","text":"Anon: Caroline Lucas: We have a bigger constitutional crisis","type":"L","timestamp":"2023-11-09 14:03:58"},{"nodeID":"1347393","text":"Asserting","type":"YA","timestamp":"2023-11-09 14:03:58"},{"nodeID":"1347394","text":"we need to have a fairer voting system","type":"I","timestamp":"2023-11-09 14:03:59"},{"nodeID":"1347395","text":"Caroline Lucas: We need to have a fairer voting system","type":"L","timestamp":"2023-11-09 14:03:59"},{"nodeID":"1347396","text":"Analysing","type":"YA","timestamp":"2023-11-09 14:03:59"},{"nodeID":"1347397","text":"Anon: Caroline Lucas: We need to have a fairer voting system","type":"L","timestamp":"2023-11-09 14:03:59"},{"nodeID":"1347398","text":"Asserting","type":"YA","timestamp":"2023-11-09 14:03:59"},{"nodeID":"1347399","text":"we need to get rid of the second chamber being just inherited","type":"I","timestamp":"2023-11-09 14:04:00"},{"nodeID":"1347400","text":"Caroline Lucas: we need to get rid of the second chamber being just inherited","type":"L","timestamp":"2023-11-09 14:04:00"},{"nodeID":"1347401","text":"Analysing","type":"YA","timestamp":"2023-11-09 14:04:00"},{"nodeID":"1347402","text":"Anon: Caroline Lucas: we need to get rid of the second chamber being just inherited","type":"L","timestamp":"2023-11-09 14:04:00"},{"nodeID":"1347403","text":"Asserting","type":"YA","timestamp":"2023-11-09 14:04:00"},{"nodeID":"1347404","text":"we need to have members of the second chamber elected as well","type":"I","timestamp":"2023-11-09 14:04:01"},{"nodeID":"1347405","text":"Caroline Lucas: we need to have that through an election as well","type":"L","timestamp":"2023-11-09 14:04:01"},{"nodeID":"1347406","text":"Analysing","type":"YA","timestamp":"2023-11-09 14:04:01"},{"nodeID":"1347407","text":"Anon: Caroline Lucas: we need to have that through an election as well","type":"L","timestamp":"2023-11-09 14:04:01"},{"nodeID":"1347408","text":"Asserting","type":"YA","timestamp":"2023-11-09 14:04:01"},{"nodeID":"1347409","text":"we need to put democracy and transparency and accountability back into the heart of our political system","type":"I","timestamp":"2023-11-09 14:04:02"},{"nodeID":"1347410","text":"Caroline Lucas: We need to put democracy and transparency and accountability back into the heart of our political system","type":"L","timestamp":"2023-11-09 14:04:02"},{"nodeID":"1347411","text":"Analysing","type":"YA","timestamp":"2023-11-09 14:04:02"},{"nodeID":"1347412","text":"Anon: Caroline Lucas: We need to put democracy and transparency and accountability back into the heart of our political system","type":"L","timestamp":"2023-11-09 14:04:02"},{"nodeID":"1347413","text":"Asserting","type":"YA","timestamp":"2023-11-09 14:04:02"},{"nodeID":"1347414","text":"Default Transition","type":"TA","timestamp":"2023-11-09 14:04:02"},{"nodeID":"1347415","text":"Default Inference","type":"RA","timestamp":"2023-11-09 14:04:02"},{"nodeID":"1347416","text":"Arguing","type":"YA","timestamp":"2023-11-09 14:04:02"},{"nodeID":"1347417","text":"Default Transition","type":"TA","timestamp":"2023-11-09 14:04:02"},{"nodeID":"1347418","text":"Default Inference","type":"RA","timestamp":"2023-11-09 14:04:02"},{"nodeID":"1347419","text":"Arguing","type":"YA","timestamp":"2023-11-09 14:04:02"},{"nodeID":"1347420","text":"Default Transition","type":"TA","timestamp":"2023-11-09 14:04:02"},{"nodeID":"1347421","text":"Default Rephrase","type":"MA","timestamp":"2023-11-09 14:04:02"},{"nodeID":"1347422","text":"Restating","type":"YA","timestamp":"2023-11-09 14:04:02"},{"nodeID":"1347423","text":"Default Transition","type":"TA","timestamp":"2023-11-09 14:04:02"},{"nodeID":"1347424","text":"Default Rephrase","type":"MA","timestamp":"2023-11-09 14:04:02"},{"nodeID":"1347425","text":"Restating","type":"YA","timestamp":"2023-11-09 14:04:02"},{"nodeID":"1347426","text":"Default Transition","type":"TA","timestamp":"2023-11-09 14:04:02"},{"nodeID":"1347427","text":"Default Rephrase","type":"MA","timestamp":"2023-11-09 14:04:02"},{"nodeID":"1347428","text":"Restating","type":"YA","timestamp":"2023-11-09 14:04:02"},{"nodeID":"1347429","text":"Rishi Sunak is going to be in charge of a government of integrity and transparency","type":"I","timestamp":"2023-11-09 14:04:02"},{"nodeID":"1347430","text":"Fiona Bruce: Rishi Sunak stood in front of Downing Street and said he\u2019s going to be in charge of a government of integrity and transparency","type":"L","timestamp":"2023-11-09 14:04:02"},{"nodeID":"1347431","text":"Analysing","type":"YA","timestamp":"2023-11-09 14:04:02"},{"nodeID":"1347432","text":"Anon: Fiona Bruce: Rishi Sunak stood in front of Downing Street and said he\u2019s going to be in charge of a government of integrity and transparency","type":"L","timestamp":"2023-11-09 14:04:02"},{"nodeID":"1347433","text":"Rishi Sunak: I am going to be in charge of a government of integrity and transparency","type":"L","timestamp":"2023-11-09 14:04:02"},{"nodeID":"1347434","text":"Analysing","type":"YA","timestamp":"2023-11-09 14:04:02"},{"nodeID":"1347435","text":"Anon: Rishi Sunak: Rishi Sunak stood in front of Downing Street and said he\u2019s going to be in charge of a government of integrity and transparency","type":"L","timestamp":"2023-11-09 14:04:02"},{"nodeID":"1347436","text":"Asserting","type":"YA","timestamp":"2023-11-09 14:04:02"},{"nodeID":"1347437","text":"Asserting","type":"YA","timestamp":"2023-11-09 14:04:02"},{"nodeID":"1347438","text":"Default Transition","type":"TA","timestamp":"2023-11-09 14:04:02"},{"nodeID":"1347439","text":"Prime Minister is or isn't going to change the fact that the Prime Minister is currently judge and jury when it comes to whether or not he or she has behaved according to Ministerial Code","type":"I","timestamp":"2023-11-09 14:04:03"},{"nodeID":"1347440","text":"Fiona Bruce: is that something that the Prime Minister\u2019s going to change","type":"L","timestamp":"2023-11-09 14:04:03"},{"nodeID":"1347441","text":"Analysing","type":"YA","timestamp":"2023-11-09 14:04:03"},{"nodeID":"1347442","text":"Anon: Fiona Bruce: is that something that the Prime Minister\u2019s going to change","type":"L","timestamp":"2023-11-09 14:04:03"},{"nodeID":"1347443","text":"Pure Questioning","type":"YA","timestamp":"2023-11-09 14:04:03"},{"nodeID":"1347444","text":"the Prime Minister should not be judge and jury when it comes to whether or not he or she has behaved according to the Ministerial Code","type":"I","timestamp":"2023-11-09 14:04:04"},{"nodeID":"1347445","text":"Fiona Bruce: The point that Caroline makes about the Prime Minister not being judge and jury when it comes to whether or not he or she has behaved according to the Ministerial Code","type":"L","timestamp":"2023-11-09 14:04:04"},{"nodeID":"1347446","text":"Analysing","type":"YA","timestamp":"2023-11-09 14:04:04"},{"nodeID":"1347447","text":"Anon: Fiona Bruce: The point that Caroline makes about the Prime Minister not being judge and jury when it comes to whether or not he or she has behaved according to the Ministerial Code","type":"L","timestamp":"2023-11-09 14:04:04"},{"nodeID":"1347448","text":"Default Transition","type":"TA","timestamp":"2023-11-09 14:04:04"},{"nodeID":"1347449","text":"Default Transition","type":"TA","timestamp":"2023-11-09 14:04:04"},{"nodeID":"1347450","text":"Analysing","type":"YA","timestamp":"2023-11-09 14:04:04"},{"nodeID":"1347451","text":"Anon: Mark Harper: No","type":"L","timestamp":"2023-11-09 14:04:04"},{"nodeID":"1347452","text":"Default Transition","type":"TA","timestamp":"2023-11-09 14:04:04"},{"nodeID":"1347453","text":"Disagreeing","type":"YA","timestamp":"2023-11-09 14:04:04"},{"nodeID":"1347454","text":"Caroline Lucas: the Prime Minister not being judge and jury when it comes to whether or not he or she has behaved according to the Ministerial Code","type":"L","timestamp":"2023-11-09 14:04:04"},{"nodeID":"1347455","text":"Analysing","type":"YA","timestamp":"2023-11-09 14:04:04"},{"nodeID":"1347456","text":"Anon: Caroline Lucas: Caroline Lucas is making a point about the fact that the Prime Minister should not be judge and jury when it comes to whether or not he or she has behaved according to the Ministerial Code","type":"L","timestamp":"2023-11-09 14:04:04"},{"nodeID":"1347457","text":"Asserting","type":"YA","timestamp":"2023-11-09 14:04:04"},{"nodeID":"1347458","text":"Asserting","type":"YA","timestamp":"2023-11-09 14:04:04"},{"nodeID":"1347459","text":"Default Rephrase","type":"MA","timestamp":"2023-11-09 14:04:04"},{"nodeID":"1347460","text":"Restating","type":"YA","timestamp":"2023-11-09 14:04:04"}],"edges":[{"edgeID":"1765175","fromID":"1347320","toID":"1347319","formEdgeID":null},{"edgeID":"1765176","fromID":"1347321","toID":"1347320","formEdgeID":null},{"edgeID":"1765177","fromID":"1347319","toID":"1347322","formEdgeID":null},{"edgeID":"1765178","fromID":"1347322","toID":"1347318","formEdgeID":null},{"edgeID":"1765179","fromID":"1347325","toID":"1347324","formEdgeID":null},{"edgeID":"1765180","fromID":"1347326","toID":"1347325","formEdgeID":null},{"edgeID":"1765181","fromID":"1347324","toID":"1347327","formEdgeID":null},{"edgeID":"1765182","fromID":"1347327","toID":"1347323","formEdgeID":null},{"edgeID":"1765183","fromID":"1347319","toID":"1347328","formEdgeID":null},{"edgeID":"1765184","fromID":"1347328","toID":"1347324","formEdgeID":null},{"edgeID":"1765185","fromID":"1347323","toID":"1347329","formEdgeID":null},{"edgeID":"1765186","fromID":"1347329","toID":"1347318","formEdgeID":null},{"edgeID":"1765187","fromID":"1347328","toID":"1347330","formEdgeID":null},{"edgeID":"1765188","fromID":"1347330","toID":"1347329","formEdgeID":null},{"edgeID":"1765189","fromID":"1347333","toID":"1347332","formEdgeID":null},{"edgeID":"1765190","fromID":"1347334","toID":"1347333","formEdgeID":null},{"edgeID":"1765191","fromID":"1347332","toID":"1347335","formEdgeID":null},{"edgeID":"1765192","fromID":"1347335","toID":"1347331","formEdgeID":null},{"edgeID":"1765193","fromID":"1347324","toID":"1347336","formEdgeID":null},{"edgeID":"1765194","fromID":"1347336","toID":"1347332","formEdgeID":null},{"edgeID":"1765195","fromID":"1347331","toID":"1347337","formEdgeID":null},{"edgeID":"1765196","fromID":"1347337","toID":"1347323","formEdgeID":null},{"edgeID":"1765197","fromID":"1347336","toID":"1347338","formEdgeID":null},{"edgeID":"1765198","fromID":"1347338","toID":"1347337","formEdgeID":null},{"edgeID":"1765199","fromID":"1347341","toID":"1347340","formEdgeID":null},{"edgeID":"1765200","fromID":"1347342","toID":"1347341","formEdgeID":null},{"edgeID":"1765201","fromID":"1347340","toID":"1347343","formEdgeID":null},{"edgeID":"1765202","fromID":"1347343","toID":"1347339","formEdgeID":null},{"edgeID":"1765203","fromID":"1347332","toID":"1347344","formEdgeID":null},{"edgeID":"1765204","fromID":"1347344","toID":"1347340","formEdgeID":null},{"edgeID":"1765205","fromID":"1347347","toID":"1347346","formEdgeID":null},{"edgeID":"1765206","fromID":"1347348","toID":"1347347","formEdgeID":null},{"edgeID":"1765207","fromID":"1347346","toID":"1347349","formEdgeID":null},{"edgeID":"1765208","fromID":"1347349","toID":"1347345","formEdgeID":null},{"edgeID":"1765209","fromID":"1347332","toID":"1347350","formEdgeID":null},{"edgeID":"1765210","fromID":"1347350","toID":"1347346","formEdgeID":null},{"edgeID":"1765211","fromID":"1347353","toID":"1347352","formEdgeID":null},{"edgeID":"1765212","fromID":"1347354","toID":"1347353","formEdgeID":null},{"edgeID":"1765213","fromID":"1347352","toID":"1347355","formEdgeID":null},{"edgeID":"1765214","fromID":"1347355","toID":"1347351","formEdgeID":null},{"edgeID":"1765215","fromID":"1347358","toID":"1347357","formEdgeID":null},{"edgeID":"1765216","fromID":"1347359","toID":"1347358","formEdgeID":null},{"edgeID":"1765217","fromID":"1347357","toID":"1347360","formEdgeID":null},{"edgeID":"1765218","fromID":"1347360","toID":"1347356","formEdgeID":null},{"edgeID":"1765219","fromID":"1347356","toID":"1347361","formEdgeID":null},{"edgeID":"1765220","fromID":"1347361","toID":"1347331","formEdgeID":null},{"edgeID":"1765221","fromID":"1347339","toID":"1347361","formEdgeID":null},{"edgeID":"1765222","fromID":"1347345","toID":"1347361","formEdgeID":null},{"edgeID":"1765223","fromID":"1347351","toID":"1347361","formEdgeID":null},{"edgeID":"1765224","fromID":"1347332","toID":"1347362","formEdgeID":null},{"edgeID":"1765225","fromID":"1347362","toID":"1347352","formEdgeID":null},{"edgeID":"1765226","fromID":"1347332","toID":"1347363","formEdgeID":null},{"edgeID":"1765227","fromID":"1347363","toID":"1347357","formEdgeID":null},{"edgeID":"1765228","fromID":"1347363","toID":"1347364","formEdgeID":null},{"edgeID":"1765229","fromID":"1347364","toID":"1347361","formEdgeID":null},{"edgeID":"1765230","fromID":"1347367","toID":"1347366","formEdgeID":null},{"edgeID":"1765231","fromID":"1347368","toID":"1347367","formEdgeID":null},{"edgeID":"1765232","fromID":"1347366","toID":"1347369","formEdgeID":null},{"edgeID":"1765233","fromID":"1347369","toID":"1347365","formEdgeID":null},{"edgeID":"1765234","fromID":"1347357","toID":"1347370","formEdgeID":null},{"edgeID":"1765235","fromID":"1347370","toID":"1347366","formEdgeID":null},{"edgeID":"1765236","fromID":"1347365","toID":"1347371","formEdgeID":null},{"edgeID":"1765237","fromID":"1347371","toID":"1347356","formEdgeID":null},{"edgeID":"1765238","fromID":"1347370","toID":"1347372","formEdgeID":null},{"edgeID":"1765239","fromID":"1347372","toID":"1347371","formEdgeID":null},{"edgeID":"1765240","fromID":"1347375","toID":"1347374","formEdgeID":null},{"edgeID":"1765241","fromID":"1347376","toID":"1347375","formEdgeID":null},{"edgeID":"1765242","fromID":"1347374","toID":"1347377","formEdgeID":null},{"edgeID":"1765243","fromID":"1347377","toID":"1347373","formEdgeID":null},{"edgeID":"1765244","fromID":"1347319","toID":"1347378","formEdgeID":null},{"edgeID":"1765245","fromID":"1347378","toID":"1347374","formEdgeID":null},{"edgeID":"1765246","fromID":"1347318","toID":"1347379","formEdgeID":null},{"edgeID":"1765247","fromID":"1347379","toID":"1347373","formEdgeID":null},{"edgeID":"1765248","fromID":"1347378","toID":"1347380","formEdgeID":null},{"edgeID":"1765249","fromID":"1347380","toID":"1347379","formEdgeID":null},{"edgeID":"1765250","fromID":"1347383","toID":"1347382","formEdgeID":null},{"edgeID":"1765251","fromID":"1347384","toID":"1347383","formEdgeID":null},{"edgeID":"1765252","fromID":"1347382","toID":"1347385","formEdgeID":null},{"edgeID":"1765253","fromID":"1347385","toID":"1347381","formEdgeID":null},{"edgeID":"1765254","fromID":"1347374","toID":"1347386","formEdgeID":null},{"edgeID":"1765255","fromID":"1347386","toID":"1347382","formEdgeID":null},{"edgeID":"1765256","fromID":"1347381","toID":"1347387","formEdgeID":null},{"edgeID":"1765257","fromID":"1347387","toID":"1347373","formEdgeID":null},{"edgeID":"1765258","fromID":"1347386","toID":"1347388","formEdgeID":null},{"edgeID":"1765259","fromID":"1347388","toID":"1347387","formEdgeID":null},{"edgeID":"1765260","fromID":"1347391","toID":"1347390","formEdgeID":null},{"edgeID":"1765261","fromID":"1347392","toID":"1347391","formEdgeID":null},{"edgeID":"1765262","fromID":"1347390","toID":"1347393","formEdgeID":null},{"edgeID":"1765263","fromID":"1347393","toID":"1347389","formEdgeID":null},{"edgeID":"1765264","fromID":"1347396","toID":"1347395","formEdgeID":null},{"edgeID":"1765265","fromID":"1347397","toID":"1347396","formEdgeID":null},{"edgeID":"1765266","fromID":"1347395","toID":"1347398","formEdgeID":null},{"edgeID":"1765267","fromID":"1347398","toID":"1347394","formEdgeID":null},{"edgeID":"1765268","fromID":"1347401","toID":"1347400","formEdgeID":null},{"edgeID":"1765269","fromID":"1347402","toID":"1347401","formEdgeID":null},{"edgeID":"1765270","fromID":"1347400","toID":"1347403","formEdgeID":null},{"edgeID":"1765271","fromID":"1347403","toID":"1347399","formEdgeID":null},{"edgeID":"1765272","fromID":"1347406","toID":"1347405","formEdgeID":null},{"edgeID":"1765273","fromID":"1347407","toID":"1347406","formEdgeID":null},{"edgeID":"1765274","fromID":"1347405","toID":"1347408","formEdgeID":null},{"edgeID":"1765275","fromID":"1347408","toID":"1347404","formEdgeID":null},{"edgeID":"1765276","fromID":"1347411","toID":"1347410","formEdgeID":null},{"edgeID":"1765277","fromID":"1347412","toID":"1347411","formEdgeID":null},{"edgeID":"1765278","fromID":"1347410","toID":"1347413","formEdgeID":null},{"edgeID":"1765279","fromID":"1347413","toID":"1347409","formEdgeID":null},{"edgeID":"1765280","fromID":"1347374","toID":"1347414","formEdgeID":null},{"edgeID":"1765281","fromID":"1347414","toID":"1347390","formEdgeID":null},{"edgeID":"1765282","fromID":"1347389","toID":"1347415","formEdgeID":null},{"edgeID":"1765283","fromID":"1347415","toID":"1347373","formEdgeID":null},{"edgeID":"1765284","fromID":"1347414","toID":"1347416","formEdgeID":null},{"edgeID":"1765285","fromID":"1347416","toID":"1347415","formEdgeID":null},{"edgeID":"1765286","fromID":"1347332","toID":"1347417","formEdgeID":null},{"edgeID":"1765287","fromID":"1347417","toID":"1347395","formEdgeID":null},{"edgeID":"1765288","fromID":"1347331","toID":"1347418","formEdgeID":null},{"edgeID":"1765289","fromID":"1347418","toID":"1347394","formEdgeID":null},{"edgeID":"1765290","fromID":"1347417","toID":"1347419","formEdgeID":null},{"edgeID":"1765291","fromID":"1347419","toID":"1347418","formEdgeID":null},{"edgeID":"1765292","fromID":"1347374","toID":"1347420","formEdgeID":null},{"edgeID":"1765293","fromID":"1347420","toID":"1347400","formEdgeID":null},{"edgeID":"1765294","fromID":"1347399","toID":"1347421","formEdgeID":null},{"edgeID":"1765295","fromID":"1347421","toID":"1347373","formEdgeID":null},{"edgeID":"1765296","fromID":"1347420","toID":"1347422","formEdgeID":null},{"edgeID":"1765297","fromID":"1347422","toID":"1347421","formEdgeID":null},{"edgeID":"1765298","fromID":"1347400","toID":"1347423","formEdgeID":null},{"edgeID":"1765299","fromID":"1347423","toID":"1347405","formEdgeID":null},{"edgeID":"1765300","fromID":"1347404","toID":"1347424","formEdgeID":null},{"edgeID":"1765301","fromID":"1347424","toID":"1347399","formEdgeID":null},{"edgeID":"1765302","fromID":"1347423","toID":"1347425","formEdgeID":null},{"edgeID":"1765303","fromID":"1347425","toID":"1347424","formEdgeID":null},{"edgeID":"1765304","fromID":"1347374","toID":"1347426","formEdgeID":null},{"edgeID":"1765305","fromID":"1347426","toID":"1347410","formEdgeID":null},{"edgeID":"1765306","fromID":"1347409","toID":"1347427","formEdgeID":null},{"edgeID":"1765307","fromID":"1347427","toID":"1347373","formEdgeID":null},{"edgeID":"1765308","fromID":"1347426","toID":"1347428","formEdgeID":null},{"edgeID":"1765309","fromID":"1347428","toID":"1347427","formEdgeID":null},{"edgeID":"1765310","fromID":"1347431","toID":"1347430","formEdgeID":null},{"edgeID":"1765311","fromID":"1347432","toID":"1347431","formEdgeID":null},{"edgeID":"1765312","fromID":"1347434","toID":"1347433","formEdgeID":null},{"edgeID":"1765313","fromID":"1347435","toID":"1347434","formEdgeID":null},{"edgeID":"1765314","fromID":"1347430","toID":"1347436","formEdgeID":null},{"edgeID":"1765315","fromID":"1347436","toID":"1347433","formEdgeID":null},{"edgeID":"1765316","fromID":"1347433","toID":"1347437","formEdgeID":null},{"edgeID":"1765317","fromID":"1347437","toID":"1347429","formEdgeID":null},{"edgeID":"1765318","fromID":"1347410","toID":"1347438","formEdgeID":null},{"edgeID":"1765319","fromID":"1347438","toID":"1347430","formEdgeID":null},{"edgeID":"1765320","fromID":"1347441","toID":"1347440","formEdgeID":null},{"edgeID":"1765321","fromID":"1347442","toID":"1347441","formEdgeID":null},{"edgeID":"1765322","fromID":"1347440","toID":"1347443","formEdgeID":null},{"edgeID":"1765323","fromID":"1347443","toID":"1347439","formEdgeID":null},{"edgeID":"1765324","fromID":"1347446","toID":"1347445","formEdgeID":null},{"edgeID":"1765325","fromID":"1347447","toID":"1347446","formEdgeID":null},{"edgeID":"1765326","fromID":"1347430","toID":"1347448","formEdgeID":null},{"edgeID":"1765327","fromID":"1347448","toID":"1347445","formEdgeID":null},{"edgeID":"1765328","fromID":"1347445","toID":"1347449","formEdgeID":null},{"edgeID":"1765329","fromID":"1347449","toID":"1347440","formEdgeID":null},{"edgeID":"1765330","fromID":"1347450","toID":"1347317","formEdgeID":null},{"edgeID":"1765331","fromID":"1347451","toID":"1347450","formEdgeID":null},{"edgeID":"1765332","fromID":"1347440","toID":"1347452","formEdgeID":null},{"edgeID":"1765333","fromID":"1347452","toID":"1347317","formEdgeID":null},{"edgeID":"1765334","fromID":"1347452","toID":"1347453","formEdgeID":null},{"edgeID":"1765335","fromID":"1347453","toID":"1347439","formEdgeID":null},{"edgeID":"1765336","fromID":"1347455","toID":"1347454","formEdgeID":null},{"edgeID":"1765337","fromID":"1347456","toID":"1347455","formEdgeID":null},{"edgeID":"1765338","fromID":"1347445","toID":"1347457","formEdgeID":null},{"edgeID":"1765339","fromID":"1347457","toID":"1347454","formEdgeID":null},{"edgeID":"1765340","fromID":"1347454","toID":"1347458","formEdgeID":null},{"edgeID":"1765341","fromID":"1347458","toID":"1347444","formEdgeID":null},{"edgeID":"1765342","fromID":"1347439","toID":"1347459","formEdgeID":null},{"edgeID":"1765343","fromID":"1347459","toID":"1347444","formEdgeID":null},{"edgeID":"1765344","fromID":"1347449","toID":"1347460","formEdgeID":null},{"edgeID":"1765345","fromID":"1347460","toID":"1347459","formEdgeID":null}],"locutions":[]}