{"nodes":[{"nodeID":"1345405","text":"the number of insects that need to be consumed before our politicians are held to a code of conduct fit for their positions is xxx","type":"I","timestamp":"2023-11-09 14:00:44"},{"nodeID":"1345406","text":"AudienceMember 20221110QT19: How many insects need to be consumed before our politicians are held to a code of conduct fit for their positions?","type":"L","timestamp":"2023-11-09 14:00:44"},{"nodeID":"1345407","text":"Analysing","type":"YA","timestamp":"2023-11-09 14:00:44"},{"nodeID":"1345408","text":"Katharina: AudienceMember 20221110QT19: How many insects need to be consumed before our politicians are held to a code of conduct fit for their positions?","type":"L","timestamp":"2023-11-09 14:00:44"},{"nodeID":"1345409","text":"Pure Questioning","type":"YA","timestamp":"2023-11-09 14:00:44"},{"nodeID":"1345410","text":"AudienceMember 20221110QT20:  Yes","type":"L","timestamp":"2023-11-09 14:00:44"},{"nodeID":"1345411","text":"Analysing","type":"YA","timestamp":"2023-11-09 14:00:44"},{"nodeID":"1345412","text":"Katharina: AudienceMember 20221110QT20:  Yes","type":"L","timestamp":"2023-11-09 14:00:44"},{"nodeID":"1345413","text":"obviously AudienceMember20221110QT19 is referring to Matt Hancock, the previous Health Secretary","type":"I","timestamp":"2023-11-09 14:00:45"},{"nodeID":"1345414","text":"Fiona Bruce: obviously you\u2019re referring to Matt Hancock, the previous Health Secretary","type":"L","timestamp":"2023-11-09 14:00:45"},{"nodeID":"1345415","text":"Analysing","type":"YA","timestamp":"2023-11-09 14:00:45"},{"nodeID":"1345416","text":"Katharina: Fiona Bruce: obviously you\u2019re referring to Matt Hancock, the previous Health Secretary","type":"L","timestamp":"2023-11-09 14:00:45"},{"nodeID":"1345417","text":"Asserting","type":"YA","timestamp":"2023-11-09 14:00:45"},{"nodeID":"1345418","text":"Default Transition","type":"TA","timestamp":"2023-11-09 14:00:45"},{"nodeID":"1345419","text":"Agreeing","type":"YA","timestamp":"2023-11-09 14:00:45"},{"nodeID":"1345420","text":"Default Transition","type":"TA","timestamp":"2023-11-09 14:00:45"},{"nodeID":"1345421","text":"Matt Hancock is in the jungle at the moment","type":"I","timestamp":"2023-11-09 14:00:45"},{"nodeID":"1345422","text":"Fiona Bruce: who\u2019s in the jungle at the moment","type":"L","timestamp":"2023-11-09 14:00:45"},{"nodeID":"1345423","text":"Analysing","type":"YA","timestamp":"2023-11-09 14:00:45"},{"nodeID":"1345424","text":"Katharina: Fiona Bruce: who\u2019s in the jungle at the moment","type":"L","timestamp":"2023-11-09 14:00:45"},{"nodeID":"1345425","text":"Asserting","type":"YA","timestamp":"2023-11-09 14:00:45"},{"nodeID":"1345426","text":"Default Transition","type":"TA","timestamp":"2023-11-09 14:00:45"},{"nodeID":"1345427","text":"Default Rephrase","type":"MA","timestamp":"2023-11-09 14:00:45"},{"nodeID":"1345428","text":"Restating","type":"YA","timestamp":"2023-11-09 14:00:45"},{"nodeID":"1345429","text":"AudienceMember20221110QT20 is or is not casting their net wider there with that question","type":"I","timestamp":"2023-11-09 14:00:46"},{"nodeID":"1345430","text":"Fiona Bruce: Are you casting your net wider there with that question","type":"L","timestamp":"2023-11-09 14:00:46"},{"nodeID":"1345431","text":"Analysing","type":"YA","timestamp":"2023-11-09 14:00:46"},{"nodeID":"1345432","text":"Katharina: Fiona Bruce: Are you casting your net wider there with that question","type":"L","timestamp":"2023-11-09 14:00:46"},{"nodeID":"1345433","text":"Pure Questioning","type":"YA","timestamp":"2023-11-09 14:00:46"},{"nodeID":"1345434","text":"Default Transition","type":"TA","timestamp":"2023-11-09 14:00:46"},{"nodeID":"1345435","text":"AudienceMember20221110QT21's question is the flippant end of the wedge","type":"I","timestamp":"2023-11-09 14:00:47"},{"nodeID":"1345436","text":"AudienceMember 20221110QT21: That\u2019s the flippant end of the wedge","type":"L","timestamp":"2023-11-09 14:00:47"},{"nodeID":"1345437","text":"Analysing","type":"YA","timestamp":"2023-11-09 14:00:47"},{"nodeID":"1345438","text":"Katharina: AudienceMember 20221110QT21: That\u2019s the flippant end of the wedge","type":"L","timestamp":"2023-11-09 14:00:47"},{"nodeID":"1345439","text":"Asserting","type":"YA","timestamp":"2023-11-09 14:00:47"},{"nodeID":"1345440","text":"Default Transition","type":"TA","timestamp":"2023-11-09 14:00:47"},{"nodeID":"1345441","text":"we could go for repeated allegations of bullying","type":"I","timestamp":"2023-11-09 14:00:47"},{"nodeID":"1345442","text":"AudienceMember 20221110QT21: We could go for repeated allegations of bullying","type":"L","timestamp":"2023-11-09 14:00:47"},{"nodeID":"1345443","text":"Analysing","type":"YA","timestamp":"2023-11-09 14:00:47"},{"nodeID":"1345444","text":"Katharina: AudienceMember 20221110QT21: We could go for repeated allegations of bullying","type":"L","timestamp":"2023-11-09 14:00:47"},{"nodeID":"1345445","text":"Asserting","type":"YA","timestamp":"2023-11-09 14:00:47"},{"nodeID":"1345446","text":"Default Transition","type":"TA","timestamp":"2023-11-09 14:00:47"},{"nodeID":"1345447","text":"we could go for security breaches","type":"I","timestamp":"2023-11-09 14:00:48"},{"nodeID":"1345448","text":"AudienceMember 20221110QT21: we could go for security breaches","type":"L","timestamp":"2023-11-09 14:00:48"},{"nodeID":"1345449","text":"Analysing","type":"YA","timestamp":"2023-11-09 14:00:48"},{"nodeID":"1345450","text":"Katharina: AudienceMember 20221110QT21: we could go for security breaches","type":"L","timestamp":"2023-11-09 14:00:48"},{"nodeID":"1345451","text":"Asserting","type":"YA","timestamp":"2023-11-09 14:00:48"},{"nodeID":"1345452","text":"we could go for resigning and getting your job back a week later","type":"I","timestamp":"2023-11-09 14:00:49"},{"nodeID":"1345453","text":"AudienceMember 20221110QT21: we could go for resigning and getting your job back a week later","type":"L","timestamp":"2023-11-09 14:00:49"},{"nodeID":"1345454","text":"Analysing","type":"YA","timestamp":"2023-11-09 14:00:49"},{"nodeID":"1345455","text":"Katharina: AudienceMember 20221110QT21: we could go for resigning and getting your job back a week later","type":"L","timestamp":"2023-11-09 14:00:49"},{"nodeID":"1345456","text":"Asserting","type":"YA","timestamp":"2023-11-09 14:00:49"},{"nodeID":"1345457","text":"Default Transition","type":"TA","timestamp":"2023-11-09 14:00:49"},{"nodeID":"1345458","text":"Default Transition","type":"TA","timestamp":"2023-11-09 14:00:49"},{"nodeID":"1345459","text":"none of the behaviours Matt Hancock has shown is behaviour that anybody in this audience would be allowed to get away with in an actual place of work","type":"I","timestamp":"2023-11-09 14:00:49"},{"nodeID":"1345460","text":"AudienceMember 20221110QT21: None of it is behaviour that anybody in this audience would be allowed to get away with in an actual place of work","type":"L","timestamp":"2023-11-09 14:00:49"},{"nodeID":"1345461","text":"Analysing","type":"YA","timestamp":"2023-11-09 14:00:49"},{"nodeID":"1345462","text":"Katharina: AudienceMember 20221110QT21: None of it is behaviour that anybody in this audience would be allowed to get away with in an actual place of work","type":"L","timestamp":"2023-11-09 14:00:49"},{"nodeID":"1345463","text":"Asserting","type":"YA","timestamp":"2023-11-09 14:00:49"},{"nodeID":"1345464","text":"that there are employers out there that allow behaviour as that shown by Matt Hancock is bad enough","type":"I","timestamp":"2023-11-09 14:00:50"},{"nodeID":"1345465","text":"AudienceMember 20221110QT21: That there are employers out there that allow it is bad enough","type":"L","timestamp":"2023-11-09 14:00:50"},{"nodeID":"1345466","text":"Analysing","type":"YA","timestamp":"2023-11-09 14:00:50"},{"nodeID":"1345467","text":"Katharina: AudienceMember 20221110QT21: That there are employers out there that allow it is bad enough","type":"L","timestamp":"2023-11-09 14:00:50"},{"nodeID":"1345468","text":"Asserting","type":"YA","timestamp":"2023-11-09 14:00:50"},{"nodeID":"1345469","text":"that it\u2019s the government allow behaviour as that shown by Matt Hancock, AudienceMember20221110QT21 finds unbelievable","type":"I","timestamp":"2023-11-09 14:00:51"},{"nodeID":"1345470","text":"AudienceMember 20221110QT21: that it\u2019s the government, I find unbelievable","type":"L","timestamp":"2023-11-09 14:00:51"},{"nodeID":"1345471","text":"Analysing","type":"YA","timestamp":"2023-11-09 14:00:51"},{"nodeID":"1345472","text":"Katharina: AudienceMember 20221110QT21: that it\u2019s the government, I find unbelievable","type":"L","timestamp":"2023-11-09 14:00:51"},{"nodeID":"1345473","text":"Asserting","type":"YA","timestamp":"2023-11-09 14:00:51"},{"nodeID":"1345474","text":"Default Conflict","type":"CA","timestamp":"2023-11-09 14:00:51"},{"nodeID":"1345475","text":"Default Transition","type":"TA","timestamp":"2023-11-09 14:00:51"},{"nodeID":"1345476","text":"Default Rephrase","type":"MA","timestamp":"2023-11-09 14:00:51"},{"nodeID":"1345477","text":"Default Transition","type":"TA","timestamp":"2023-11-09 14:00:51"},{"nodeID":"1345478","text":"Restating","type":"YA","timestamp":"2023-11-09 14:00:51"},{"nodeID":"1345479","text":"Disagreeing","type":"YA","timestamp":"2023-11-09 14:00:51"},{"nodeID":"1345480","text":"Fiona Bruce is not taking a judgment one way or the other on AudienceMember20221110QT21's question","type":"I","timestamp":"2023-11-09 14:00:51"},{"nodeID":"1345481","text":"Fiona Bruce:  I\u2019m not taking a judgment one way or the other on your question","type":"L","timestamp":"2023-11-09 14:00:51"},{"nodeID":"1345482","text":"Analysing","type":"YA","timestamp":"2023-11-09 14:00:51"},{"nodeID":"1345483","text":"Katharina: Fiona Bruce:  I\u2019m not taking a judgment one way or the other on your question","type":"L","timestamp":"2023-11-09 14:00:51"},{"nodeID":"1345484","text":"Asserting","type":"YA","timestamp":"2023-11-09 14:00:51"},{"nodeID":"1345485","text":"Default Transition","type":"TA","timestamp":"2023-11-09 14:00:51"},{"nodeID":"1345486","text":"Fion Bruces has been doing this programme for four years","type":"I","timestamp":"2023-11-09 14:00:52"},{"nodeID":"1345487","text":"Fiona Bruce:  I\u2019ve been doing this programme for four years","type":"L","timestamp":"2023-11-09 14:00:52"},{"nodeID":"1345488","text":"Analysing","type":"YA","timestamp":"2023-11-09 14:00:52"},{"nodeID":"1345489","text":"Katharina: Fiona Bruce:  I\u2019ve been doing this programme for four years","type":"L","timestamp":"2023-11-09 14:00:52"},{"nodeID":"1345490","text":"Asserting","type":"YA","timestamp":"2023-11-09 14:00:52"},{"nodeID":"1345491","text":"Default Transition","type":"TA","timestamp":"2023-11-09 14:00:52"},{"nodeID":"1345492","text":"doing the programme for four years Fiona Bruce knows is a blink of the eye compared to her illustrious predecessor David Dimbleby","type":"I","timestamp":"2023-11-09 14:00:53"},{"nodeID":"1345493","text":"Fiona Bruce: which I know is a blink of the eye compared to my illustrious predecessor David Dimbleby","type":"L","timestamp":"2023-11-09 14:00:53"},{"nodeID":"1345494","text":"Analysing","type":"YA","timestamp":"2023-11-09 14:00:53"},{"nodeID":"1345495","text":"Katharina: Fiona Bruce: which I know is a blink of the eye compared to my illustrious predecessor David Dimbleby","type":"L","timestamp":"2023-11-09 14:00:53"},{"nodeID":"1345496","text":"Asserting","type":"YA","timestamp":"2023-11-09 14:00:53"},{"nodeID":"1345497","text":"Default Transition","type":"TA","timestamp":"2023-11-09 14:00:53"},{"nodeID":"1345498","text":"the question on Matt Hancocks behaviour keeps coming up and has only come up in the last few months","type":"I","timestamp":"2023-11-09 14:00:53"},{"nodeID":"1345499","text":"Fiona Bruce: this question keeps coming up and has only come up, I\u2019d say, in the last few months,","type":"L","timestamp":"2023-11-09 14:00:53"},{"nodeID":"1345500","text":"Analysing","type":"YA","timestamp":"2023-11-09 14:00:53"},{"nodeID":"1345501","text":"Katharina: Fiona Bruce: this question keeps coming up and has only come up, I\u2019d say, in the last few months,","type":"L","timestamp":"2023-11-09 14:00:53"},{"nodeID":"1345502","text":"Asserting","type":"YA","timestamp":"2023-11-09 14:00:53"},{"nodeID":"1345503","text":"Default Transition","type":"TA","timestamp":"2023-11-09 14:00:53"},{"nodeID":"1345504","text":"a question keeping to come up is not something Fiona Bruce saw before","type":"I","timestamp":"2023-11-09 14:00:54"},{"nodeID":"1345505","text":"Fiona Bruce:  it\u2019s not something I saw before","type":"L","timestamp":"2023-11-09 14:00:54"},{"nodeID":"1345506","text":"Analysing","type":"YA","timestamp":"2023-11-09 14:00:54"},{"nodeID":"1345507","text":"Katharina: Fiona Bruce:  it\u2019s not something I saw before","type":"L","timestamp":"2023-11-09 14:00:54"},{"nodeID":"1345508","text":"Asserting","type":"YA","timestamp":"2023-11-09 14:00:54"},{"nodeID":"1345509","text":"Default Transition","type":"TA","timestamp":"2023-11-09 14:00:54"},{"nodeID":"1345510","text":"make of Fiona Bruces comment on her never having seen a question keeping to come up what you will","type":"I","timestamp":"2023-11-09 14:00:54"},{"nodeID":"1345511","text":"Fiona Bruce: Make of that what you will","type":"L","timestamp":"2023-11-09 14:00:54"},{"nodeID":"1345512","text":"Analysing","type":"YA","timestamp":"2023-11-09 14:00:54"},{"nodeID":"1345513","text":"Katharina: Fiona Bruce: Make of that what you will","type":"L","timestamp":"2023-11-09 14:00:54"},{"nodeID":"1345514","text":"Asserting","type":"YA","timestamp":"2023-11-09 14:00:54"},{"nodeID":"1345515","text":"Default Transition","type":"TA","timestamp":"2023-11-09 14:00:54"},{"nodeID":"1345516","text":"Default Inference","type":"RA","timestamp":"2023-11-09 14:00:54"},{"nodeID":"1345517","text":"Arguing","type":"YA","timestamp":"2023-11-09 14:00:54"},{"nodeID":"1345518","text":"Default Inference","type":"RA","timestamp":"2023-11-09 14:00:54"},{"nodeID":"1345519","text":"Default Transition","type":"TA","timestamp":"2023-11-09 14:00:54"},{"nodeID":"1345520","text":"Arguing","type":"YA","timestamp":"2023-11-09 14:00:54"}],"edges":[{"edgeID":"1762893","fromID":"1345407","toID":"1345406","formEdgeID":null},{"edgeID":"1762894","fromID":"1345408","toID":"1345407","formEdgeID":null},{"edgeID":"1762895","fromID":"1345406","toID":"1345409","formEdgeID":null},{"edgeID":"1762896","fromID":"1345409","toID":"1345405","formEdgeID":null},{"edgeID":"1762897","fromID":"1345411","toID":"1345410","formEdgeID":null},{"edgeID":"1762898","fromID":"1345412","toID":"1345411","formEdgeID":null},{"edgeID":"1762899","fromID":"1345415","toID":"1345414","formEdgeID":null},{"edgeID":"1762900","fromID":"1345416","toID":"1345415","formEdgeID":null},{"edgeID":"1762901","fromID":"1345414","toID":"1345417","formEdgeID":null},{"edgeID":"1762902","fromID":"1345417","toID":"1345413","formEdgeID":null},{"edgeID":"1762903","fromID":"1345414","toID":"1345418","formEdgeID":null},{"edgeID":"1762904","fromID":"1345418","toID":"1345410","formEdgeID":null},{"edgeID":"1762905","fromID":"1345418","toID":"1345419","formEdgeID":null},{"edgeID":"1762906","fromID":"1345419","toID":"1345413","formEdgeID":null},{"edgeID":"1762907","fromID":"1345406","toID":"1345420","formEdgeID":null},{"edgeID":"1762908","fromID":"1345420","toID":"1345414","formEdgeID":null},{"edgeID":"1762909","fromID":"1345423","toID":"1345422","formEdgeID":null},{"edgeID":"1762910","fromID":"1345424","toID":"1345423","formEdgeID":null},{"edgeID":"1762911","fromID":"1345422","toID":"1345425","formEdgeID":null},{"edgeID":"1762912","fromID":"1345425","toID":"1345421","formEdgeID":null},{"edgeID":"1762913","fromID":"1345410","toID":"1345426","formEdgeID":null},{"edgeID":"1762914","fromID":"1345426","toID":"1345422","formEdgeID":null},{"edgeID":"1762915","fromID":"1345421","toID":"1345427","formEdgeID":null},{"edgeID":"1762916","fromID":"1345427","toID":"1345413","formEdgeID":null},{"edgeID":"1762917","fromID":"1345426","toID":"1345428","formEdgeID":null},{"edgeID":"1762918","fromID":"1345428","toID":"1345427","formEdgeID":null},{"edgeID":"1762919","fromID":"1345431","toID":"1345430","formEdgeID":null},{"edgeID":"1762920","fromID":"1345432","toID":"1345431","formEdgeID":null},{"edgeID":"1762921","fromID":"1345430","toID":"1345433","formEdgeID":null},{"edgeID":"1762922","fromID":"1345433","toID":"1345429","formEdgeID":null},{"edgeID":"1762923","fromID":"1345422","toID":"1345434","formEdgeID":null},{"edgeID":"1762924","fromID":"1345434","toID":"1345430","formEdgeID":null},{"edgeID":"1762925","fromID":"1345437","toID":"1345436","formEdgeID":null},{"edgeID":"1762926","fromID":"1345438","toID":"1345437","formEdgeID":null},{"edgeID":"1762927","fromID":"1345436","toID":"1345439","formEdgeID":null},{"edgeID":"1762928","fromID":"1345439","toID":"1345435","formEdgeID":null},{"edgeID":"1762929","fromID":"1345430","toID":"1345440","formEdgeID":null},{"edgeID":"1762930","fromID":"1345440","toID":"1345436","formEdgeID":null},{"edgeID":"1762931","fromID":"1345443","toID":"1345442","formEdgeID":null},{"edgeID":"1762932","fromID":"1345444","toID":"1345443","formEdgeID":null},{"edgeID":"1762933","fromID":"1345442","toID":"1345445","formEdgeID":null},{"edgeID":"1762934","fromID":"1345445","toID":"1345441","formEdgeID":null},{"edgeID":"1762935","fromID":"1345436","toID":"1345446","formEdgeID":null},{"edgeID":"1762936","fromID":"1345446","toID":"1345442","formEdgeID":null},{"edgeID":"1762937","fromID":"1345449","toID":"1345448","formEdgeID":null},{"edgeID":"1762938","fromID":"1345450","toID":"1345449","formEdgeID":null},{"edgeID":"1762939","fromID":"1345448","toID":"1345451","formEdgeID":null},{"edgeID":"1762940","fromID":"1345451","toID":"1345447","formEdgeID":null},{"edgeID":"1762941","fromID":"1345454","toID":"1345453","formEdgeID":null},{"edgeID":"1762942","fromID":"1345455","toID":"1345454","formEdgeID":null},{"edgeID":"1762943","fromID":"1345453","toID":"1345456","formEdgeID":null},{"edgeID":"1762944","fromID":"1345456","toID":"1345452","formEdgeID":null},{"edgeID":"1762945","fromID":"1345436","toID":"1345457","formEdgeID":null},{"edgeID":"1762946","fromID":"1345457","toID":"1345448","formEdgeID":null},{"edgeID":"1762947","fromID":"1345436","toID":"1345458","formEdgeID":null},{"edgeID":"1762948","fromID":"1345458","toID":"1345453","formEdgeID":null},{"edgeID":"1762949","fromID":"1345461","toID":"1345460","formEdgeID":null},{"edgeID":"1762950","fromID":"1345462","toID":"1345461","formEdgeID":null},{"edgeID":"1762951","fromID":"1345460","toID":"1345463","formEdgeID":null},{"edgeID":"1762952","fromID":"1345463","toID":"1345459","formEdgeID":null},{"edgeID":"1762953","fromID":"1345466","toID":"1345465","formEdgeID":null},{"edgeID":"1762954","fromID":"1345467","toID":"1345466","formEdgeID":null},{"edgeID":"1762955","fromID":"1345465","toID":"1345468","formEdgeID":null},{"edgeID":"1762956","fromID":"1345468","toID":"1345464","formEdgeID":null},{"edgeID":"1762957","fromID":"1345471","toID":"1345470","formEdgeID":null},{"edgeID":"1762958","fromID":"1345472","toID":"1345471","formEdgeID":null},{"edgeID":"1762959","fromID":"1345470","toID":"1345473","formEdgeID":null},{"edgeID":"1762960","fromID":"1345473","toID":"1345469","formEdgeID":null},{"edgeID":"1762961","fromID":"1345464","toID":"1345474","formEdgeID":null},{"edgeID":"1762962","fromID":"1345474","toID":"1345459","formEdgeID":null},{"edgeID":"1762963","fromID":"1345460","toID":"1345475","formEdgeID":null},{"edgeID":"1762964","fromID":"1345475","toID":"1345465","formEdgeID":null},{"edgeID":"1762965","fromID":"1345469","toID":"1345476","formEdgeID":null},{"edgeID":"1762966","fromID":"1345476","toID":"1345464","formEdgeID":null},{"edgeID":"1762967","fromID":"1345465","toID":"1345477","formEdgeID":null},{"edgeID":"1762968","fromID":"1345477","toID":"1345470","formEdgeID":null},{"edgeID":"1762969","fromID":"1345477","toID":"1345478","formEdgeID":null},{"edgeID":"1762970","fromID":"1345478","toID":"1345476","formEdgeID":null},{"edgeID":"1762971","fromID":"1345475","toID":"1345479","formEdgeID":null},{"edgeID":"1762972","fromID":"1345479","toID":"1345474","formEdgeID":null},{"edgeID":"1762973","fromID":"1345482","toID":"1345481","formEdgeID":null},{"edgeID":"1762974","fromID":"1345483","toID":"1345482","formEdgeID":null},{"edgeID":"1762975","fromID":"1345481","toID":"1345484","formEdgeID":null},{"edgeID":"1762976","fromID":"1345484","toID":"1345480","formEdgeID":null},{"edgeID":"1762977","fromID":"1345470","toID":"1345485","formEdgeID":null},{"edgeID":"1762978","fromID":"1345485","toID":"1345481","formEdgeID":null},{"edgeID":"1762979","fromID":"1345488","toID":"1345487","formEdgeID":null},{"edgeID":"1762980","fromID":"1345489","toID":"1345488","formEdgeID":null},{"edgeID":"1762981","fromID":"1345487","toID":"1345490","formEdgeID":null},{"edgeID":"1762982","fromID":"1345490","toID":"1345486","formEdgeID":null},{"edgeID":"1762983","fromID":"1345481","toID":"1345491","formEdgeID":null},{"edgeID":"1762984","fromID":"1345491","toID":"1345487","formEdgeID":null},{"edgeID":"1762985","fromID":"1345494","toID":"1345493","formEdgeID":null},{"edgeID":"1762986","fromID":"1345495","toID":"1345494","formEdgeID":null},{"edgeID":"1762987","fromID":"1345493","toID":"1345496","formEdgeID":null},{"edgeID":"1762988","fromID":"1345496","toID":"1345492","formEdgeID":null},{"edgeID":"1762989","fromID":"1345487","toID":"1345497","formEdgeID":null},{"edgeID":"1762990","fromID":"1345497","toID":"1345493","formEdgeID":null},{"edgeID":"1762991","fromID":"1345500","toID":"1345499","formEdgeID":null},{"edgeID":"1762992","fromID":"1345501","toID":"1345500","formEdgeID":null},{"edgeID":"1762993","fromID":"1345499","toID":"1345502","formEdgeID":null},{"edgeID":"1762994","fromID":"1345502","toID":"1345498","formEdgeID":null},{"edgeID":"1762995","fromID":"1345493","toID":"1345503","formEdgeID":null},{"edgeID":"1762996","fromID":"1345503","toID":"1345499","formEdgeID":null},{"edgeID":"1762997","fromID":"1345506","toID":"1345505","formEdgeID":null},{"edgeID":"1762998","fromID":"1345507","toID":"1345506","formEdgeID":null},{"edgeID":"1762999","fromID":"1345505","toID":"1345508","formEdgeID":null},{"edgeID":"1763000","fromID":"1345508","toID":"1345504","formEdgeID":null},{"edgeID":"1763001","fromID":"1345499","toID":"1345509","formEdgeID":null},{"edgeID":"1763002","fromID":"1345509","toID":"1345505","formEdgeID":null},{"edgeID":"1763003","fromID":"1345512","toID":"1345511","formEdgeID":null},{"edgeID":"1763004","fromID":"1345513","toID":"1345512","formEdgeID":null},{"edgeID":"1763005","fromID":"1345511","toID":"1345514","formEdgeID":null},{"edgeID":"1763006","fromID":"1345514","toID":"1345510","formEdgeID":null},{"edgeID":"1763007","fromID":"1345505","toID":"1345515","formEdgeID":null},{"edgeID":"1763008","fromID":"1345515","toID":"1345511","formEdgeID":null},{"edgeID":"1763009","fromID":"1345441","toID":"1345516","formEdgeID":null},{"edgeID":"1763010","fromID":"1345516","toID":"1345435","formEdgeID":null},{"edgeID":"1763011","fromID":"1345447","toID":"1345516","formEdgeID":null},{"edgeID":"1763012","fromID":"1345452","toID":"1345516","formEdgeID":null},{"edgeID":"1763013","fromID":"1345458","toID":"1345517","formEdgeID":null},{"edgeID":"1763014","fromID":"1345517","toID":"1345516","formEdgeID":null},{"edgeID":"1763015","fromID":"1345421","toID":"1345518","formEdgeID":null},{"edgeID":"1763016","fromID":"1345518","toID":"1345459","formEdgeID":null},{"edgeID":"1763017","fromID":"1345422","toID":"1345519","formEdgeID":null},{"edgeID":"1763018","fromID":"1345519","toID":"1345460","formEdgeID":null},{"edgeID":"1763019","fromID":"1345519","toID":"1345520","formEdgeID":null},{"edgeID":"1763020","fromID":"1345520","toID":"1345518","formEdgeID":null}],"locutions":[]}