{"nodes":[{"nodeID":"1344472","text":"Caroline Lucas will stand in solidarity with nurses for this strike","type":"I","timestamp":"2023-11-09 13:59:26"},{"nodeID":"1344473","text":"Caroline Lucas: I will stand in solidarity with them for this strike","type":"L","timestamp":"2023-11-09 13:59:26"},{"nodeID":"1344474","text":"Analysing","type":"YA","timestamp":"2023-11-09 13:59:26"},{"nodeID":"1344475","text":"Chris: Caroline Lucas: I will stand in solidarity with them for this strike","type":"L","timestamp":"2023-11-09 13:59:26"},{"nodeID":"1344476","text":"Asserting","type":"YA","timestamp":"2023-11-09 13:59:26"},{"nodeID":"1344477","text":"the strike going to cause a lot of worry to many people across the country who have treatment that is due","type":"I","timestamp":"2023-11-09 13:59:27"},{"nodeID":"1344478","text":"Caroline Lucas: it\u2019s going to cause a lot of worry to many people across the country who have treatment that is due","type":"L","timestamp":"2023-11-09 13:59:27"},{"nodeID":"1344479","text":"Analysing","type":"YA","timestamp":"2023-11-09 13:59:27"},{"nodeID":"1344480","text":"Chris: Caroline Lucas: it\u2019s going to cause a lot of worry to many people across the country who have treatment that is due","type":"L","timestamp":"2023-11-09 13:59:27"},{"nodeID":"1344481","text":"Asserting","type":"YA","timestamp":"2023-11-09 13:59:27"},{"nodeID":"1344482","text":"Default Transition","type":"TA","timestamp":"2023-11-09 13:59:27"},{"nodeID":"1344483","text":"nurses haven\u2019t struck lightly","type":"I","timestamp":"2023-11-09 13:59:28"},{"nodeID":"1344484","text":"Caroline Lucas: they haven\u2019t done this lightly","type":"L","timestamp":"2023-11-09 13:59:28"},{"nodeID":"1344485","text":"Analysing","type":"YA","timestamp":"2023-11-09 13:59:28"},{"nodeID":"1344486","text":"Chris: Caroline Lucas: they haven\u2019t done this lightly","type":"L","timestamp":"2023-11-09 13:59:28"},{"nodeID":"1344487","text":"Asserting","type":"YA","timestamp":"2023-11-09 13:59:28"},{"nodeID":"1344488","text":"Default Transition","type":"TA","timestamp":"2023-11-09 13:59:28"},{"nodeID":"1344489","text":"Default Inference","type":"RA","timestamp":"2023-11-09 13:59:28"},{"nodeID":"1344490","text":"Arguing","type":"YA","timestamp":"2023-11-09 13:59:28"},{"nodeID":"1344491","text":"the nurses that are taking action are also taking it, not just for themselves, but for the future of the NHS","type":"I","timestamp":"2023-11-09 13:59:28"},{"nodeID":"1344492","text":"Caroline Lucas: the nurses that are taking action are also taking it, not just for themselves, but for the future of the NHS","type":"L","timestamp":"2023-11-09 13:59:28"},{"nodeID":"1344493","text":"Analysing","type":"YA","timestamp":"2023-11-09 13:59:28"},{"nodeID":"1344494","text":"Chris: Caroline Lucas: the nurses that are taking action are also taking it, not just for themselves, but for the future of the NHS","type":"L","timestamp":"2023-11-09 13:59:28"},{"nodeID":"1344495","text":"Asserting","type":"YA","timestamp":"2023-11-09 13:59:28"},{"nodeID":"1344496","text":"Default Transition","type":"TA","timestamp":"2023-11-09 13:59:28"},{"nodeID":"1344497","text":"Default Inference","type":"RA","timestamp":"2023-11-09 13:59:28"},{"nodeID":"1344498","text":"Arguing","type":"YA","timestamp":"2023-11-09 13:59:28"},{"nodeID":"1344499","text":"what we\u2019re looking at here is an NHS so starved of resource that we have 47,000 vacancies","type":"I","timestamp":"2023-11-09 13:59:29"},{"nodeID":"1344500","text":"Caroline Lucas: What we\u2019re looking at here is an NHS so starved of resource that we have 47,000 vacancies","type":"L","timestamp":"2023-11-09 13:59:29"},{"nodeID":"1344501","text":"Analysing","type":"YA","timestamp":"2023-11-09 13:59:29"},{"nodeID":"1344502","text":"Chris: Caroline Lucas: What we\u2019re looking at here is an NHS so starved of resource that we have 47,000 vacancies","type":"L","timestamp":"2023-11-09 13:59:29"},{"nodeID":"1344503","text":"Asserting","type":"YA","timestamp":"2023-11-09 13:59:29"},{"nodeID":"1344504","text":"Default Transition","type":"TA","timestamp":"2023-11-09 13:59:29"},{"nodeID":"1344505","text":"Default Inference","type":"RA","timestamp":"2023-11-09 13:59:29"},{"nodeID":"1344506","text":"Arguing","type":"YA","timestamp":"2023-11-09 13:59:29"},{"nodeID":"1344507","text":"Caroline Lucas has spoken to nurses who say how soul destroying it is to be working on wards and not able to give the level of care that you want to do","type":"I","timestamp":"2023-11-09 13:59:30"},{"nodeID":"1344508","text":"Caroline Lucas: I\u2019ve spoken to nurses who say how soul destroying it is to be working on wards and not able to give the level of care that you want to do","type":"L","timestamp":"2023-11-09 13:59:30"},{"nodeID":"1344509","text":"Analysing","type":"YA","timestamp":"2023-11-09 13:59:30"},{"nodeID":"1344510","text":"Chris: Caroline Lucas: I\u2019ve spoken to nurses who say how soul destroying it is to be working on wards and not able to give the level of care that you want to do","type":"L","timestamp":"2023-11-09 13:59:30"},{"nodeID":"1344511","text":"Asserting","type":"YA","timestamp":"2023-11-09 13:59:30"},{"nodeID":"1344512","text":"Default Rephrase","type":"MA","timestamp":"2023-11-09 13:59:30"},{"nodeID":"1344513","text":"Default Transition","type":"TA","timestamp":"2023-11-09 13:59:30"},{"nodeID":"1344514","text":"Restating","type":"YA","timestamp":"2023-11-09 13:59:30"},{"nodeID":"1344515","text":"nurses are trying to get round to so many people because they don\u2019t have enough other support with them","type":"I","timestamp":"2023-11-09 13:59:31"},{"nodeID":"1344516","text":"Caroline Lucas: you are trying to get round to so many people because you don\u2019t have enough other support with you","type":"L","timestamp":"2023-11-09 13:59:31"},{"nodeID":"1344517","text":"Analysing","type":"YA","timestamp":"2023-11-09 13:59:31"},{"nodeID":"1344518","text":"Chris: Caroline Lucas: you are trying to get round to so many people because you don\u2019t have enough other support with you","type":"L","timestamp":"2023-11-09 13:59:31"},{"nodeID":"1344519","text":"Asserting","type":"YA","timestamp":"2023-11-09 13:59:31"},{"nodeID":"1344520","text":"Default Transition","type":"TA","timestamp":"2023-11-09 13:59:31"},{"nodeID":"1344521","text":"Default Inference","type":"RA","timestamp":"2023-11-09 13:59:31"},{"nodeID":"1344522","text":"Arguing","type":"YA","timestamp":"2023-11-09 13:59:31"},{"nodeID":"1344523","text":"Default Inference","type":"RA","timestamp":"2023-11-09 13:59:31"},{"nodeID":"1344524","text":"Default Transition","type":"TA","timestamp":"2023-11-09 13:59:31"},{"nodeID":"1344525","text":"Arguing","type":"YA","timestamp":"2023-11-09 13:59:31"},{"nodeID":"1344526","text":"nurses giving subpar care due to lack of staffing and support is unsafe","type":"I","timestamp":"2023-11-09 13:59:31"},{"nodeID":"1344527","text":"Caroline Lucas: That is unsafe","type":"L","timestamp":"2023-11-09 13:59:31"},{"nodeID":"1344528","text":"Analysing","type":"YA","timestamp":"2023-11-09 13:59:31"},{"nodeID":"1344529","text":"Chris: Caroline Lucas: That is unsafe","type":"L","timestamp":"2023-11-09 13:59:31"},{"nodeID":"1344530","text":"Asserting","type":"YA","timestamp":"2023-11-09 13:59:31"},{"nodeID":"1344531","text":"Default Transition","type":"TA","timestamp":"2023-11-09 13:59:31"},{"nodeID":"1344532","text":"Default Rephrase","type":"MA","timestamp":"2023-11-09 13:59:31"},{"nodeID":"1344533","text":"Restating","type":"YA","timestamp":"2023-11-09 13:59:31"},{"nodeID":"1344534","text":"when nurses go on strike over this issue they are also striking for a better funded, properly valued NHS which is in all of our interests going forward","type":"I","timestamp":"2023-11-09 13:59:32"},{"nodeID":"1344535","text":"Caroline Lucas: when nurses go on strike over this issue they are also striking for a better funded, properly valued NHS which is in all of our interests going forward","type":"L","timestamp":"2023-11-09 13:59:32"},{"nodeID":"1344536","text":"Analysing","type":"YA","timestamp":"2023-11-09 13:59:32"},{"nodeID":"1344537","text":"Chris: Caroline Lucas: when nurses go on strike over this issue they are also striking for a better funded, properly valued NHS which is in all of our interests going forward","type":"L","timestamp":"2023-11-09 13:59:32"},{"nodeID":"1344538","text":"Asserting","type":"YA","timestamp":"2023-11-09 13:59:32"},{"nodeID":"1344539","text":"Default Transition","type":"TA","timestamp":"2023-11-09 13:59:32"},{"nodeID":"1344540","text":"Default Rephrase","type":"MA","timestamp":"2023-11-09 13:59:32"},{"nodeID":"1344541","text":"Default Transition","type":"TA","timestamp":"2023-11-09 13:59:32"},{"nodeID":"1344542","text":"Restating","type":"YA","timestamp":"2023-11-09 13:59:32"},{"nodeID":"1344543","text":"Default Inference","type":"RA","timestamp":"2023-11-09 13:59:32"},{"nodeID":"1344544","text":"Arguing","type":"YA","timestamp":"2023-11-09 13:59:32"},{"nodeID":"1344545","text":"this all comes against a backdrop of the autumn statement or the budget, whatever you want to call it, which we\u2019ll be expecting next week","type":"I","timestamp":"2023-11-09 13:59:33"},{"nodeID":"1344546","text":"Fiona Bruce: this all comes against a backdrop of the autumn statement or the budget, whatever you want to call it, which we\u2019ll be expecting next week","type":"L","timestamp":"2023-11-09 13:59:33"},{"nodeID":"1344547","text":"Analysing","type":"YA","timestamp":"2023-11-09 13:59:33"},{"nodeID":"1344548","text":"Chris: Fiona Bruce: this all comes against a backdrop of the autumn statement or the budget, whatever you want to call it, which we\u2019ll be expecting next week","type":"L","timestamp":"2023-11-09 13:59:33"},{"nodeID":"1344549","text":"Asserting","type":"YA","timestamp":"2023-11-09 13:59:33"},{"nodeID":"1344550","text":"Default Transition","type":"TA","timestamp":"2023-11-09 13:59:33"},{"nodeID":"1344551","text":"we\u2019re certainly all being softened up to the idea that there isn\u2019t going to be a lot more money in the new budget","type":"I","timestamp":"2023-11-09 13:59:33"},{"nodeID":"1344552","text":"Fiona Bruce: we\u2019re certainly all being softened up to the idea that there isn\u2019t going to be a lot more money","type":"L","timestamp":"2023-11-09 13:59:33"},{"nodeID":"1344553","text":"Analysing","type":"YA","timestamp":"2023-11-09 13:59:33"},{"nodeID":"1344554","text":"Chris: Fiona Bruce: we\u2019re certainly all being softened up to the idea that there isn\u2019t going to be a lot more money","type":"L","timestamp":"2023-11-09 13:59:33"},{"nodeID":"1344555","text":"Asserting","type":"YA","timestamp":"2023-11-09 13:59:33"},{"nodeID":"1344556","text":"Default Transition","type":"TA","timestamp":"2023-11-09 13:59:33"},{"nodeID":"1344557","text":"Default Rephrase","type":"MA","timestamp":"2023-11-09 13:59:33"},{"nodeID":"1344558","text":"Restating","type":"YA","timestamp":"2023-11-09 13:59:33"},{"nodeID":"1344559","text":"Stephanie Flanders: Yeah","type":"L","timestamp":"2023-11-09 13:59:33"},{"nodeID":"1344560","text":"Analysing","type":"YA","timestamp":"2023-11-09 13:59:33"},{"nodeID":"1344561","text":"Chris: Stephanie Flanders: Yeah","type":"L","timestamp":"2023-11-09 13:59:33"},{"nodeID":"1344562","text":"Default Transition","type":"TA","timestamp":"2023-11-09 13:59:33"},{"nodeID":"1344563","text":"it\u2019s interesting how many people in this room seem to see an exception for the NHS","type":"I","timestamp":"2023-11-09 13:59:34"},{"nodeID":"1344564","text":"Stephanie Flanders: it\u2019s interesting how many people in this room seem to see an exception for the NHS","type":"L","timestamp":"2023-11-09 13:59:34"},{"nodeID":"1344565","text":"Analysing","type":"YA","timestamp":"2023-11-09 13:59:34"},{"nodeID":"1344566","text":"Chris: Stephanie Flanders: it\u2019s interesting how many people in this room seem to see an exception for the NHS","type":"L","timestamp":"2023-11-09 13:59:34"},{"nodeID":"1344567","text":"Asserting","type":"YA","timestamp":"2023-11-09 13:59:34"},{"nodeID":"1344568","text":"Default Conflict","type":"CA","timestamp":"2023-11-09 13:59:34"},{"nodeID":"1344569","text":"people in this room certainly see an exception for the nurses","type":"I","timestamp":"2023-11-09 13:59:35"},{"nodeID":"1344570","text":"Stephanie Flanders: certainly for the nurses","type":"L","timestamp":"2023-11-09 13:59:35"},{"nodeID":"1344571","text":"Analysing","type":"YA","timestamp":"2023-11-09 13:59:35"},{"nodeID":"1344572","text":"Chris: Stephanie Flanders: certainly for the nurses","type":"L","timestamp":"2023-11-09 13:59:35"},{"nodeID":"1344573","text":"Asserting","type":"YA","timestamp":"2023-11-09 13:59:35"},{"nodeID":"1344574","text":"Default Transition","type":"TA","timestamp":"2023-11-09 13:59:35"},{"nodeID":"1344575","text":"Default Rephrase","type":"MA","timestamp":"2023-11-09 13:59:35"},{"nodeID":"1344576","text":"Restating","type":"YA","timestamp":"2023-11-09 13:59:35"},{"nodeID":"1344577","text":"people understand how serious things have come for nurses to take this step","type":"I","timestamp":"2023-11-09 13:59:35"},{"nodeID":"1344578","text":"Stephanie Flanders: understand how serious things have come for nurses to take this step","type":"L","timestamp":"2023-11-09 13:59:35"},{"nodeID":"1344579","text":"Analysing","type":"YA","timestamp":"2023-11-09 13:59:35"},{"nodeID":"1344580","text":"Chris: Stephanie Flanders: understand how serious things have come for nurses to take this step","type":"L","timestamp":"2023-11-09 13:59:35"},{"nodeID":"1344581","text":"Asserting","type":"YA","timestamp":"2023-11-09 13:59:35"},{"nodeID":"1344582","text":"Default Transition","type":"TA","timestamp":"2023-11-09 13:59:35"},{"nodeID":"1344583","text":"Default Inference","type":"RA","timestamp":"2023-11-09 13:59:35"},{"nodeID":"1344584","text":"Arguing","type":"YA","timestamp":"2023-11-09 13:59:35"},{"nodeID":"1344585","text":"Agreeing","type":"YA","timestamp":"2023-11-09 13:59:35"},{"nodeID":"1344586","text":"Default Transition","type":"TA","timestamp":"2023-11-09 13:59:35"},{"nodeID":"1344587","text":"Disagreeing","type":"YA","timestamp":"2023-11-09 13:59:35"}],"edges":[{"edgeID":"1761768","fromID":"1344474","toID":"1344473","formEdgeID":null},{"edgeID":"1761769","fromID":"1344475","toID":"1344474","formEdgeID":null},{"edgeID":"1761770","fromID":"1344473","toID":"1344476","formEdgeID":null},{"edgeID":"1761771","fromID":"1344476","toID":"1344472","formEdgeID":null},{"edgeID":"1761772","fromID":"1344479","toID":"1344478","formEdgeID":null},{"edgeID":"1761773","fromID":"1344480","toID":"1344479","formEdgeID":null},{"edgeID":"1761774","fromID":"1344478","toID":"1344481","formEdgeID":null},{"edgeID":"1761775","fromID":"1344481","toID":"1344477","formEdgeID":null},{"edgeID":"1761776","fromID":"1344473","toID":"1344482","formEdgeID":null},{"edgeID":"1761777","fromID":"1344482","toID":"1344478","formEdgeID":null},{"edgeID":"1761778","fromID":"1344485","toID":"1344484","formEdgeID":null},{"edgeID":"1761779","fromID":"1344486","toID":"1344485","formEdgeID":null},{"edgeID":"1761780","fromID":"1344484","toID":"1344487","formEdgeID":null},{"edgeID":"1761781","fromID":"1344487","toID":"1344483","formEdgeID":null},{"edgeID":"1761782","fromID":"1344478","toID":"1344488","formEdgeID":null},{"edgeID":"1761783","fromID":"1344488","toID":"1344484","formEdgeID":null},{"edgeID":"1761784","fromID":"1344477","toID":"1344489","formEdgeID":null},{"edgeID":"1761785","fromID":"1344489","toID":"1344483","formEdgeID":null},{"edgeID":"1761786","fromID":"1344488","toID":"1344490","formEdgeID":null},{"edgeID":"1761787","fromID":"1344490","toID":"1344489","formEdgeID":null},{"edgeID":"1761788","fromID":"1344493","toID":"1344492","formEdgeID":null},{"edgeID":"1761789","fromID":"1344494","toID":"1344493","formEdgeID":null},{"edgeID":"1761790","fromID":"1344492","toID":"1344495","formEdgeID":null},{"edgeID":"1761791","fromID":"1344495","toID":"1344491","formEdgeID":null},{"edgeID":"1761792","fromID":"1344484","toID":"1344496","formEdgeID":null},{"edgeID":"1761793","fromID":"1344496","toID":"1344492","formEdgeID":null},{"edgeID":"1761794","fromID":"1344491","toID":"1344497","formEdgeID":null},{"edgeID":"1761795","fromID":"1344497","toID":"1344472","formEdgeID":null},{"edgeID":"1761796","fromID":"1344483","toID":"1344497","formEdgeID":null},{"edgeID":"1761797","fromID":"1344496","toID":"1344498","formEdgeID":null},{"edgeID":"1761798","fromID":"1344498","toID":"1344497","formEdgeID":null},{"edgeID":"1761799","fromID":"1344501","toID":"1344500","formEdgeID":null},{"edgeID":"1761800","fromID":"1344502","toID":"1344501","formEdgeID":null},{"edgeID":"1761801","fromID":"1344500","toID":"1344503","formEdgeID":null},{"edgeID":"1761802","fromID":"1344503","toID":"1344499","formEdgeID":null},{"edgeID":"1761803","fromID":"1344492","toID":"1344504","formEdgeID":null},{"edgeID":"1761804","fromID":"1344504","toID":"1344500","formEdgeID":null},{"edgeID":"1761805","fromID":"1344499","toID":"1344505","formEdgeID":null},{"edgeID":"1761806","fromID":"1344505","toID":"1344491","formEdgeID":null},{"edgeID":"1761807","fromID":"1344504","toID":"1344506","formEdgeID":null},{"edgeID":"1761808","fromID":"1344506","toID":"1344505","formEdgeID":null},{"edgeID":"1761809","fromID":"1344509","toID":"1344508","formEdgeID":null},{"edgeID":"1761810","fromID":"1344510","toID":"1344509","formEdgeID":null},{"edgeID":"1761811","fromID":"1344508","toID":"1344511","formEdgeID":null},{"edgeID":"1761812","fromID":"1344511","toID":"1344507","formEdgeID":null},{"edgeID":"1761813","fromID":"1344507","toID":"1344512","formEdgeID":null},{"edgeID":"1761814","fromID":"1344512","toID":"1344491","formEdgeID":null},{"edgeID":"1761815","fromID":"1344492","toID":"1344513","formEdgeID":null},{"edgeID":"1761816","fromID":"1344513","toID":"1344508","formEdgeID":null},{"edgeID":"1761817","fromID":"1344513","toID":"1344514","formEdgeID":null},{"edgeID":"1761818","fromID":"1344514","toID":"1344512","formEdgeID":null},{"edgeID":"1761819","fromID":"1344517","toID":"1344516","formEdgeID":null},{"edgeID":"1761820","fromID":"1344518","toID":"1344517","formEdgeID":null},{"edgeID":"1761821","fromID":"1344516","toID":"1344519","formEdgeID":null},{"edgeID":"1761822","fromID":"1344519","toID":"1344515","formEdgeID":null},{"edgeID":"1761823","fromID":"1344508","toID":"1344520","formEdgeID":null},{"edgeID":"1761824","fromID":"1344520","toID":"1344516","formEdgeID":null},{"edgeID":"1761825","fromID":"1344515","toID":"1344521","formEdgeID":null},{"edgeID":"1761826","fromID":"1344521","toID":"1344507","formEdgeID":null},{"edgeID":"1761827","fromID":"1344520","toID":"1344522","formEdgeID":null},{"edgeID":"1761828","fromID":"1344522","toID":"1344521","formEdgeID":null},{"edgeID":"1761829","fromID":"1344515","toID":"1344523","formEdgeID":null},{"edgeID":"1761830","fromID":"1344523","toID":"1344499","formEdgeID":null},{"edgeID":"1761831","fromID":"1344500","toID":"1344524","formEdgeID":null},{"edgeID":"1761832","fromID":"1344524","toID":"1344516","formEdgeID":null},{"edgeID":"1761833","fromID":"1344524","toID":"1344525","formEdgeID":null},{"edgeID":"1761834","fromID":"1344525","toID":"1344523","formEdgeID":null},{"edgeID":"1761835","fromID":"1344528","toID":"1344527","formEdgeID":null},{"edgeID":"1761836","fromID":"1344529","toID":"1344528","formEdgeID":null},{"edgeID":"1761837","fromID":"1344527","toID":"1344530","formEdgeID":null},{"edgeID":"1761838","fromID":"1344530","toID":"1344526","formEdgeID":null},{"edgeID":"1761839","fromID":"1344516","toID":"1344531","formEdgeID":null},{"edgeID":"1761840","fromID":"1344531","toID":"1344527","formEdgeID":null},{"edgeID":"1761841","fromID":"1344526","toID":"1344532","formEdgeID":null},{"edgeID":"1761842","fromID":"1344532","toID":"1344515","formEdgeID":null},{"edgeID":"1761843","fromID":"1344531","toID":"1344533","formEdgeID":null},{"edgeID":"1761844","fromID":"1344533","toID":"1344532","formEdgeID":null},{"edgeID":"1761845","fromID":"1344536","toID":"1344535","formEdgeID":null},{"edgeID":"1761846","fromID":"1344537","toID":"1344536","formEdgeID":null},{"edgeID":"1761847","fromID":"1344535","toID":"1344538","formEdgeID":null},{"edgeID":"1761848","fromID":"1344538","toID":"1344534","formEdgeID":null},{"edgeID":"1761849","fromID":"1344527","toID":"1344539","formEdgeID":null},{"edgeID":"1761850","fromID":"1344539","toID":"1344535","formEdgeID":null},{"edgeID":"1761851","fromID":"1344534","toID":"1344540","formEdgeID":null},{"edgeID":"1761852","fromID":"1344540","toID":"1344491","formEdgeID":null},{"edgeID":"1761853","fromID":"1344492","toID":"1344541","formEdgeID":null},{"edgeID":"1761854","fromID":"1344541","toID":"1344535","formEdgeID":null},{"edgeID":"1761855","fromID":"1344541","toID":"1344542","formEdgeID":null},{"edgeID":"1761856","fromID":"1344542","toID":"1344540","formEdgeID":null},{"edgeID":"1761857","fromID":"1344526","toID":"1344543","formEdgeID":null},{"edgeID":"1761858","fromID":"1344543","toID":"1344534","formEdgeID":null},{"edgeID":"1761859","fromID":"1344515","toID":"1344543","formEdgeID":null},{"edgeID":"1761860","fromID":"1344507","toID":"1344543","formEdgeID":null},{"edgeID":"1761861","fromID":"1344499","toID":"1344543","formEdgeID":null},{"edgeID":"1761862","fromID":"1344539","toID":"1344544","formEdgeID":null},{"edgeID":"1761863","fromID":"1344544","toID":"1344543","formEdgeID":null},{"edgeID":"1761864","fromID":"1344547","toID":"1344546","formEdgeID":null},{"edgeID":"1761865","fromID":"1344548","toID":"1344547","formEdgeID":null},{"edgeID":"1761866","fromID":"1344546","toID":"1344549","formEdgeID":null},{"edgeID":"1761867","fromID":"1344549","toID":"1344545","formEdgeID":null},{"edgeID":"1761868","fromID":"1344535","toID":"1344550","formEdgeID":null},{"edgeID":"1761869","fromID":"1344550","toID":"1344546","formEdgeID":null},{"edgeID":"1761870","fromID":"1344553","toID":"1344552","formEdgeID":null},{"edgeID":"1761871","fromID":"1344554","toID":"1344553","formEdgeID":null},{"edgeID":"1761872","fromID":"1344552","toID":"1344555","formEdgeID":null},{"edgeID":"1761873","fromID":"1344555","toID":"1344551","formEdgeID":null},{"edgeID":"1761874","fromID":"1344546","toID":"1344556","formEdgeID":null},{"edgeID":"1761875","fromID":"1344556","toID":"1344552","formEdgeID":null},{"edgeID":"1761876","fromID":"1344551","toID":"1344557","formEdgeID":null},{"edgeID":"1761877","fromID":"1344557","toID":"1344545","formEdgeID":null},{"edgeID":"1761878","fromID":"1344556","toID":"1344558","formEdgeID":null},{"edgeID":"1761879","fromID":"1344558","toID":"1344557","formEdgeID":null},{"edgeID":"1761880","fromID":"1344560","toID":"1344559","formEdgeID":null},{"edgeID":"1761881","fromID":"1344561","toID":"1344560","formEdgeID":null},{"edgeID":"1761882","fromID":"1344552","toID":"1344562","formEdgeID":null},{"edgeID":"1761883","fromID":"1344562","toID":"1344559","formEdgeID":null},{"edgeID":"1761884","fromID":"1344565","toID":"1344564","formEdgeID":null},{"edgeID":"1761885","fromID":"1344566","toID":"1344565","formEdgeID":null},{"edgeID":"1761886","fromID":"1344564","toID":"1344567","formEdgeID":null},{"edgeID":"1761887","fromID":"1344567","toID":"1344563","formEdgeID":null},{"edgeID":"1761888","fromID":"1344563","toID":"1344568","formEdgeID":null},{"edgeID":"1761889","fromID":"1344568","toID":"1344551","formEdgeID":null},{"edgeID":"1761890","fromID":"1344571","toID":"1344570","formEdgeID":null},{"edgeID":"1761891","fromID":"1344572","toID":"1344571","formEdgeID":null},{"edgeID":"1761892","fromID":"1344570","toID":"1344573","formEdgeID":null},{"edgeID":"1761893","fromID":"1344573","toID":"1344569","formEdgeID":null},{"edgeID":"1761894","fromID":"1344564","toID":"1344574","formEdgeID":null},{"edgeID":"1761895","fromID":"1344574","toID":"1344570","formEdgeID":null},{"edgeID":"1761896","fromID":"1344569","toID":"1344575","formEdgeID":null},{"edgeID":"1761897","fromID":"1344575","toID":"1344563","formEdgeID":null},{"edgeID":"1761898","fromID":"1344574","toID":"1344576","formEdgeID":null},{"edgeID":"1761899","fromID":"1344576","toID":"1344575","formEdgeID":null},{"edgeID":"1761900","fromID":"1344579","toID":"1344578","formEdgeID":null},{"edgeID":"1761901","fromID":"1344580","toID":"1344579","formEdgeID":null},{"edgeID":"1761902","fromID":"1344578","toID":"1344581","formEdgeID":null},{"edgeID":"1761903","fromID":"1344581","toID":"1344577","formEdgeID":null},{"edgeID":"1761904","fromID":"1344570","toID":"1344582","formEdgeID":null},{"edgeID":"1761905","fromID":"1344582","toID":"1344578","formEdgeID":null},{"edgeID":"1761906","fromID":"1344577","toID":"1344583","formEdgeID":null},{"edgeID":"1761907","fromID":"1344583","toID":"1344569","formEdgeID":null},{"edgeID":"1761908","fromID":"1344582","toID":"1344584","formEdgeID":null},{"edgeID":"1761909","fromID":"1344584","toID":"1344583","formEdgeID":null},{"edgeID":"1761910","fromID":"1344562","toID":"1344585","formEdgeID":null},{"edgeID":"1761911","fromID":"1344585","toID":"1344551","formEdgeID":null},{"edgeID":"1761912","fromID":"1344552","toID":"1344586","formEdgeID":null},{"edgeID":"1761913","fromID":"1344586","toID":"1344564","formEdgeID":null},{"edgeID":"1761914","fromID":"1344586","toID":"1344587","formEdgeID":null},{"edgeID":"1761915","fromID":"1344587","toID":"1344568","formEdgeID":null}],"locutions":[]}