{"nodes":[{"nodeID":"1346218","text":"xxx is how many insects need to be consumed before our politicians are held to a code of conduct fit for their position","type":"I","timestamp":"2023-11-09 14:01:54"},{"nodeID":"1346219","text":"Fiona Bruce: what Erica\u2019s saying\u2026you put it, as you say, flippantly, but you\u2019re making a serious point, how many insects need to be consumed before our politicians are held to a code of conduct fit for their position","type":"L","timestamp":"2023-11-09 14:01:54"},{"nodeID":"1346220","text":"Analysing","type":"YA","timestamp":"2023-11-09 14:01:54"},{"nodeID":"1346221","text":"Chris: Fiona Bruce: what Erica\u2019s saying\u2026you put it, as you say, flippantly, but you\u2019re making a serious point, how many insects need to be consumed before our politicians are held to a code of conduct fit for their position","type":"L","timestamp":"2023-11-09 14:01:54"},{"nodeID":"1346222","text":"Stephanie Flanders agrees with AudienceMember 20221110QT26 who\u2019s just spoken","type":"I","timestamp":"2023-11-09 14:01:55"},{"nodeID":"1346223","text":"Stephanie Flanders:  I agree with the woman who\u2019s just spoken","type":"L","timestamp":"2023-11-09 14:01:55"},{"nodeID":"1346224","text":"Analysing","type":"YA","timestamp":"2023-11-09 14:01:55"},{"nodeID":"1346225","text":"Chris: Stephanie Flanders:  I agree with the woman who\u2019s just spoken","type":"L","timestamp":"2023-11-09 14:01:55"},{"nodeID":"1346226","text":"Asserting","type":"YA","timestamp":"2023-11-09 14:01:55"},{"nodeID":"1346227","text":"Default Transition","type":"TA","timestamp":"2023-11-09 14:01:55"},{"nodeID":"1346228","text":"Matt Hancock going on I'm a Celebrity is very different to other misdemeanours ongoing in parliament","type":"I","timestamp":"2023-11-09 14:01:56"},{"nodeID":"1346229","text":"Stephanie Flanders: and what Matt Hancock\u2019s done","type":"L","timestamp":"2023-11-09 14:01:56"},{"nodeID":"1346230","text":"Analysing","type":"YA","timestamp":"2023-11-09 14:01:56"},{"nodeID":"1346231","text":"Chris: Stephanie Flanders: and what Matt Hancock\u2019s done","type":"L","timestamp":"2023-11-09 14:01:56"},{"nodeID":"1346232","text":"Asserting","type":"YA","timestamp":"2023-11-09 14:01:56"},{"nodeID":"1346233","text":"Default Transition","type":"TA","timestamp":"2023-11-09 14:01:56"},{"nodeID":"1346234","text":"Stephanie Flanders is also desperate not to talk about Matt Hancock","type":"I","timestamp":"2023-11-09 14:01:56"},{"nodeID":"1346235","text":"Stephanie Flanders: I\u2019m also desperate not to talk about Matt Hancock","type":"L","timestamp":"2023-11-09 14:01:56"},{"nodeID":"1346236","text":"Analysing","type":"YA","timestamp":"2023-11-09 14:01:56"},{"nodeID":"1346237","text":"Chris: Stephanie Flanders: I\u2019m also desperate not to talk about Matt Hancock","type":"L","timestamp":"2023-11-09 14:01:56"},{"nodeID":"1346238","text":"Asserting","type":"YA","timestamp":"2023-11-09 14:01:56"},{"nodeID":"1346239","text":"Default Transition","type":"TA","timestamp":"2023-11-09 14:01:56"},{"nodeID":"1346240","text":"Default Transition","type":"TA","timestamp":"2023-11-09 14:01:56"},{"nodeID":"1346241","text":"Default Rephrase","type":"MA","timestamp":"2023-11-09 14:01:56"},{"nodeID":"1346242","text":"Restating","type":"YA","timestamp":"2023-11-09 14:01:56"},{"nodeID":"1346243","text":"if we have another election and a fourth Prime Minister in six months\u2026","type":"I","timestamp":"2023-11-09 14:01:57"},{"nodeID":"1346244","text":"Stephanie Flanders: if we have another election and a fourth Prime Minister in six months\u2026","type":"L","timestamp":"2023-11-09 14:01:57"},{"nodeID":"1346245","text":"Analysing","type":"YA","timestamp":"2023-11-09 14:01:57"},{"nodeID":"1346246","text":"Chris: Stephanie Flanders: if we have another election and a fourth Prime Minister in six months\u2026","type":"L","timestamp":"2023-11-09 14:01:57"},{"nodeID":"1346247","text":"Asserting","type":"YA","timestamp":"2023-11-09 14:01:57"},{"nodeID":"1346248","text":"Default Transition","type":"TA","timestamp":"2023-11-09 14:01:57"},{"nodeID":"1346249","text":"Stephanie Flanders would or would not like to see another election","type":"I","timestamp":"2023-11-09 14:01:58"},{"nodeID":"1346250","text":"Fiona Bruce: Would you like to see another election","type":"L","timestamp":"2023-11-09 14:01:58"},{"nodeID":"1346251","text":"Analysing","type":"YA","timestamp":"2023-11-09 14:01:58"},{"nodeID":"1346252","text":"Chris: Fiona Bruce: Would you like to see another election","type":"L","timestamp":"2023-11-09 14:01:58"},{"nodeID":"1346253","text":"Pure Questioning","type":"YA","timestamp":"2023-11-09 14:01:58"},{"nodeID":"1346254","text":"Default Transition","type":"TA","timestamp":"2023-11-09 14:01:58"},{"nodeID":"1346255","text":"globally the financial markets would just completely give up on the UK all together if we had four Prime Ministers","type":"I","timestamp":"2023-11-09 14:01:58"},{"nodeID":"1346256","text":"Stephanie Flanders: globally the financial markets would just completely give up on the UK all together if we had four Prime Ministers","type":"L","timestamp":"2023-11-09 14:01:58"},{"nodeID":"1346257","text":"Analysing","type":"YA","timestamp":"2023-11-09 14:01:58"},{"nodeID":"1346258","text":"Chris: Stephanie Flanders: globally the financial markets would just completely give up on the UK all together if we had four Prime Ministers","type":"L","timestamp":"2023-11-09 14:01:58"},{"nodeID":"1346259","text":"Asserting","type":"YA","timestamp":"2023-11-09 14:01:58"},{"nodeID":"1346260","text":"Default Transition","type":"TA","timestamp":"2023-11-09 14:01:58"},{"nodeID":"1346261","text":"if the UK is not able to actually sustain for even a few months a single Prime Minister","type":"I","timestamp":"2023-11-09 14:01:59"},{"nodeID":"1346262","text":"Stephanie Flanders: not able to actually sustain for even a few months a single Prime Minister","type":"L","timestamp":"2023-11-09 14:01:59"},{"nodeID":"1346263","text":"Analysing","type":"YA","timestamp":"2023-11-09 14:01:59"},{"nodeID":"1346264","text":"Chris: Stephanie Flanders: not able to actually sustain for even a few months a single Prime Minister","type":"L","timestamp":"2023-11-09 14:01:59"},{"nodeID":"1346265","text":"Asserting","type":"YA","timestamp":"2023-11-09 14:01:59"},{"nodeID":"1346266","text":"Default Transition","type":"TA","timestamp":"2023-11-09 14:01:59"},{"nodeID":"1346267","text":"Default Rephrase","type":"MA","timestamp":"2023-11-09 14:01:59"},{"nodeID":"1346268","text":"Restating","type":"YA","timestamp":"2023-11-09 14:01:59"},{"nodeID":"1346269","text":"Stephanie Flanders doesn\u2019t think that a general election is the immediate solution","type":"I","timestamp":"2023-11-09 14:01:59"},{"nodeID":"1346270","text":"Stephanie Flanders:  I don\u2019t think that\u2019s the immediate solution","type":"L","timestamp":"2023-11-09 14:01:59"},{"nodeID":"1346271","text":"Analysing","type":"YA","timestamp":"2023-11-09 14:01:59"},{"nodeID":"1346272","text":"Chris: Stephanie Flanders:  I don\u2019t think that\u2019s the immediate solution","type":"L","timestamp":"2023-11-09 14:01:59"},{"nodeID":"1346273","text":"Asserting","type":"YA","timestamp":"2023-11-09 14:01:59"},{"nodeID":"1346274","text":"Default Transition","type":"TA","timestamp":"2023-11-09 14:01:59"},{"nodeID":"1346275","text":"Default Rephrase","type":"MA","timestamp":"2023-11-09 14:01:59"},{"nodeID":"1346276","text":"Default Transition","type":"TA","timestamp":"2023-11-09 14:01:59"},{"nodeID":"1346277","text":"Default Illocuting","type":"YA","timestamp":"2023-11-09 14:01:59"},{"nodeID":"1346278","text":"Default Inference","type":"RA","timestamp":"2023-11-09 14:01:59"},{"nodeID":"1346279","text":"Arguing","type":"YA","timestamp":"2023-11-09 14:01:59"},{"nodeID":"1346280","text":"AudienceMember 20221110QT19: xxx is how many insects need to be consumed before our politicians are held to a code of conduct fit for their position","type":"L","timestamp":"2023-11-09 14:01:59"},{"nodeID":"1346281","text":"Analysing","type":"YA","timestamp":"2023-11-09 14:01:59"},{"nodeID":"1346282","text":"Chris: AudienceMember 20221110QT19: xxx is how many insects need to be consumed before our politicians are held to a code of conduct fit for their position","type":"L","timestamp":"2023-11-09 14:01:59"},{"nodeID":"1346283","text":"Pure Questioning","type":"YA","timestamp":"2023-11-09 14:02:00"},{"nodeID":"1346284","text":"Asserting","type":"YA","timestamp":"2023-11-09 14:02:00"},{"nodeID":"1346285","text":"there\u2019s a huge difference between Gavin Williamson and what he did and what some others have done in parliament and indeed the flaws of this current cabinet that we\u2019re already seeing","type":"I","timestamp":"2023-11-09 14:02:00"},{"nodeID":"1346286","text":"Stephanie Flanders: There\u2019s a huge difference between Gavin Williamson and what he did and what some others have done in parliament and indeed the flaws of this current cabinet that we\u2019re already seeing","type":"L","timestamp":"2023-11-09 14:02:00"},{"nodeID":"1346287","text":"Analysing","type":"YA","timestamp":"2023-11-09 14:02:00"},{"nodeID":"1346288","text":"Chris: Stephanie Flanders: There\u2019s a huge difference between Gavin Williamson and what he did and what some others have done in parliament and indeed the flaws of this current cabinet that we\u2019re already seeing","type":"L","timestamp":"2023-11-09 14:02:00"},{"nodeID":"1346289","text":"Asserting","type":"YA","timestamp":"2023-11-09 14:02:00"},{"nodeID":"1346290","text":"Default Transition","type":"TA","timestamp":"2023-11-09 14:02:00"},{"nodeID":"1346291","text":"Default Transition","type":"TA","timestamp":"2023-11-09 14:02:00"},{"nodeID":"1346292","text":"Default Conflict","type":"CA","timestamp":"2023-11-09 14:02:00"},{"nodeID":"1346293","text":"Disagreeing","type":"YA","timestamp":"2023-11-09 14:02:00"},{"nodeID":"1346294","text":"if Matt Hancock does I'm a Celebrity, he does it","type":"I","timestamp":"2023-11-09 14:02:01"},{"nodeID":"1346295","text":"Stephanie Flanders: if he does it, he does it","type":"L","timestamp":"2023-11-09 14:02:01"},{"nodeID":"1346296","text":"Analysing","type":"YA","timestamp":"2023-11-09 14:02:01"},{"nodeID":"1346297","text":"Chris: Stephanie Flanders: if he does it, he does it","type":"L","timestamp":"2023-11-09 14:02:01"},{"nodeID":"1346298","text":"Asserting","type":"YA","timestamp":"2023-11-09 14:02:01"},{"nodeID":"1346299","text":"Default Transition","type":"TA","timestamp":"2023-11-09 14:02:01"},{"nodeID":"1346300","text":"to give Matt Hancock more and more attention just seems to be really counterproductive","type":"I","timestamp":"2023-11-09 14:02:01"},{"nodeID":"1346301","text":"Stephanie Flanders: to give him more and more attention just seems to be really counterproductive","type":"L","timestamp":"2023-11-09 14:02:01"},{"nodeID":"1346302","text":"Analysing","type":"YA","timestamp":"2023-11-09 14:02:01"},{"nodeID":"1346303","text":"Chris: Stephanie Flanders: to give him more and more attention just seems to be really counterproductive","type":"L","timestamp":"2023-11-09 14:02:01"},{"nodeID":"1346304","text":"Asserting","type":"YA","timestamp":"2023-11-09 14:02:01"},{"nodeID":"1346305","text":"Default Inference","type":"RA","timestamp":"2023-11-09 14:02:01"},{"nodeID":"1346306","text":"Default Transition","type":"TA","timestamp":"2023-11-09 14:02:01"},{"nodeID":"1346307","text":"Arguing","type":"YA","timestamp":"2023-11-09 14:02:01"},{"nodeID":"1346308","text":"Default Transition","type":"TA","timestamp":"2023-11-09 14:02:01"},{"nodeID":"1346309","text":"Default Conflict","type":"CA","timestamp":"2023-11-09 14:02:01"},{"nodeID":"1346310","text":"Disagreeing","type":"YA","timestamp":"2023-11-09 14:02:01"}],"edges":[{"edgeID":"1763870","fromID":"1346220","toID":"1346219","formEdgeID":null},{"edgeID":"1763871","fromID":"1346221","toID":"1346220","formEdgeID":null},{"edgeID":"1763872","fromID":"1346224","toID":"1346223","formEdgeID":null},{"edgeID":"1763873","fromID":"1346225","toID":"1346224","formEdgeID":null},{"edgeID":"1763874","fromID":"1346223","toID":"1346226","formEdgeID":null},{"edgeID":"1763875","fromID":"1346226","toID":"1346222","formEdgeID":null},{"edgeID":"1763876","fromID":"1346219","toID":"1346227","formEdgeID":null},{"edgeID":"1763877","fromID":"1346227","toID":"1346223","formEdgeID":null},{"edgeID":"1763878","fromID":"1346230","toID":"1346229","formEdgeID":null},{"edgeID":"1763879","fromID":"1346231","toID":"1346230","formEdgeID":null},{"edgeID":"1763880","fromID":"1346229","toID":"1346232","formEdgeID":null},{"edgeID":"1763881","fromID":"1346232","toID":"1346228","formEdgeID":null},{"edgeID":"1763882","fromID":"1346223","toID":"1346233","formEdgeID":null},{"edgeID":"1763883","fromID":"1346233","toID":"1346229","formEdgeID":null},{"edgeID":"1763884","fromID":"1346236","toID":"1346235","formEdgeID":null},{"edgeID":"1763885","fromID":"1346237","toID":"1346236","formEdgeID":null},{"edgeID":"1763886","fromID":"1346235","toID":"1346238","formEdgeID":null},{"edgeID":"1763887","fromID":"1346238","toID":"1346234","formEdgeID":null},{"edgeID":"1763888","fromID":"1346229","toID":"1346239","formEdgeID":null},{"edgeID":"1763889","fromID":"1346239","toID":"1346235","formEdgeID":null},{"edgeID":"1763890","fromID":"1346223","toID":"1346240","formEdgeID":null},{"edgeID":"1763891","fromID":"1346240","toID":"1346235","formEdgeID":null},{"edgeID":"1763892","fromID":"1346234","toID":"1346241","formEdgeID":null},{"edgeID":"1763893","fromID":"1346241","toID":"1346222","formEdgeID":null},{"edgeID":"1763894","fromID":"1346240","toID":"1346242","formEdgeID":null},{"edgeID":"1763895","fromID":"1346242","toID":"1346241","formEdgeID":null},{"edgeID":"1763896","fromID":"1346245","toID":"1346244","formEdgeID":null},{"edgeID":"1763897","fromID":"1346246","toID":"1346245","formEdgeID":null},{"edgeID":"1763898","fromID":"1346244","toID":"1346247","formEdgeID":null},{"edgeID":"1763899","fromID":"1346247","toID":"1346243","formEdgeID":null},{"edgeID":"1763900","fromID":"1346235","toID":"1346248","formEdgeID":null},{"edgeID":"1763901","fromID":"1346248","toID":"1346244","formEdgeID":null},{"edgeID":"1763902","fromID":"1346251","toID":"1346250","formEdgeID":null},{"edgeID":"1763903","fromID":"1346252","toID":"1346251","formEdgeID":null},{"edgeID":"1763904","fromID":"1346250","toID":"1346253","formEdgeID":null},{"edgeID":"1763905","fromID":"1346253","toID":"1346249","formEdgeID":null},{"edgeID":"1763906","fromID":"1346244","toID":"1346254","formEdgeID":null},{"edgeID":"1763907","fromID":"1346254","toID":"1346250","formEdgeID":null},{"edgeID":"1763908","fromID":"1346257","toID":"1346256","formEdgeID":null},{"edgeID":"1763909","fromID":"1346258","toID":"1346257","formEdgeID":null},{"edgeID":"1763910","fromID":"1346256","toID":"1346259","formEdgeID":null},{"edgeID":"1763911","fromID":"1346259","toID":"1346255","formEdgeID":null},{"edgeID":"1763912","fromID":"1346250","toID":"1346260","formEdgeID":null},{"edgeID":"1763913","fromID":"1346260","toID":"1346256","formEdgeID":null},{"edgeID":"1763914","fromID":"1346263","toID":"1346262","formEdgeID":null},{"edgeID":"1763915","fromID":"1346264","toID":"1346263","formEdgeID":null},{"edgeID":"1763916","fromID":"1346262","toID":"1346265","formEdgeID":null},{"edgeID":"1763917","fromID":"1346265","toID":"1346261","formEdgeID":null},{"edgeID":"1763918","fromID":"1346256","toID":"1346266","formEdgeID":null},{"edgeID":"1763919","fromID":"1346266","toID":"1346262","formEdgeID":null},{"edgeID":"1763920","fromID":"1346261","toID":"1346267","formEdgeID":null},{"edgeID":"1763921","fromID":"1346267","toID":"1346255","formEdgeID":null},{"edgeID":"1763922","fromID":"1346266","toID":"1346268","formEdgeID":null},{"edgeID":"1763923","fromID":"1346268","toID":"1346267","formEdgeID":null},{"edgeID":"1763924","fromID":"1346271","toID":"1346270","formEdgeID":null},{"edgeID":"1763925","fromID":"1346272","toID":"1346271","formEdgeID":null},{"edgeID":"1763926","fromID":"1346270","toID":"1346273","formEdgeID":null},{"edgeID":"1763927","fromID":"1346273","toID":"1346269","formEdgeID":null},{"edgeID":"1763928","fromID":"1346262","toID":"1346274","formEdgeID":null},{"edgeID":"1763929","fromID":"1346274","toID":"1346270","formEdgeID":null},{"edgeID":"1763930","fromID":"1346269","toID":"1346275","formEdgeID":null},{"edgeID":"1763931","fromID":"1346275","toID":"1346249","formEdgeID":null},{"edgeID":"1763932","fromID":"1346250","toID":"1346276","formEdgeID":null},{"edgeID":"1763933","fromID":"1346276","toID":"1346270","formEdgeID":null},{"edgeID":"1763934","fromID":"1346276","toID":"1346277","formEdgeID":null},{"edgeID":"1763935","fromID":"1346277","toID":"1346275","formEdgeID":null},{"edgeID":"1763936","fromID":"1346261","toID":"1346278","formEdgeID":null},{"edgeID":"1763937","fromID":"1346278","toID":"1346269","formEdgeID":null},{"edgeID":"1763938","fromID":"1346255","toID":"1346278","formEdgeID":null},{"edgeID":"1763939","fromID":"1346274","toID":"1346279","formEdgeID":null},{"edgeID":"1763940","fromID":"1346279","toID":"1346278","formEdgeID":null},{"edgeID":"1763941","fromID":"1346281","toID":"1346280","formEdgeID":null},{"edgeID":"1763942","fromID":"1346282","toID":"1346281","formEdgeID":null},{"edgeID":"1763943","fromID":"1346280","toID":"1346283","formEdgeID":null},{"edgeID":"1763944","fromID":"1346283","toID":"1346218","formEdgeID":null},{"edgeID":"1763945","fromID":"1346219","toID":"1346284","formEdgeID":null},{"edgeID":"1763946","fromID":"1346284","toID":"1346280","formEdgeID":null},{"edgeID":"1763947","fromID":"1346287","toID":"1346286","formEdgeID":null},{"edgeID":"1763948","fromID":"1346288","toID":"1346287","formEdgeID":null},{"edgeID":"1763949","fromID":"1346286","toID":"1346289","formEdgeID":null},{"edgeID":"1763950","fromID":"1346289","toID":"1346285","formEdgeID":null},{"edgeID":"1763951","fromID":"1346223","toID":"1346290","formEdgeID":null},{"edgeID":"1763952","fromID":"1346290","toID":"1346286","formEdgeID":null},{"edgeID":"1763953","fromID":"1346286","toID":"1346291","formEdgeID":null},{"edgeID":"1763954","fromID":"1346291","toID":"1346229","formEdgeID":null},{"edgeID":"1763955","fromID":"1346228","toID":"1346292","formEdgeID":null},{"edgeID":"1763956","fromID":"1346292","toID":"1346285","formEdgeID":null},{"edgeID":"1763957","fromID":"1346291","toID":"1346293","formEdgeID":null},{"edgeID":"1763958","fromID":"1346293","toID":"1346292","formEdgeID":null},{"edgeID":"1763959","fromID":"1346296","toID":"1346295","formEdgeID":null},{"edgeID":"1763960","fromID":"1346297","toID":"1346296","formEdgeID":null},{"edgeID":"1763961","fromID":"1346295","toID":"1346298","formEdgeID":null},{"edgeID":"1763962","fromID":"1346298","toID":"1346294","formEdgeID":null},{"edgeID":"1763963","fromID":"1346235","toID":"1346299","formEdgeID":null},{"edgeID":"1763964","fromID":"1346299","toID":"1346295","formEdgeID":null},{"edgeID":"1763965","fromID":"1346302","toID":"1346301","formEdgeID":null},{"edgeID":"1763966","fromID":"1346303","toID":"1346302","formEdgeID":null},{"edgeID":"1763967","fromID":"1346301","toID":"1346304","formEdgeID":null},{"edgeID":"1763968","fromID":"1346304","toID":"1346300","formEdgeID":null},{"edgeID":"1763969","fromID":"1346300","toID":"1346305","formEdgeID":null},{"edgeID":"1763970","fromID":"1346305","toID":"1346234","formEdgeID":null},{"edgeID":"1763971","fromID":"1346235","toID":"1346306","formEdgeID":null},{"edgeID":"1763972","fromID":"1346306","toID":"1346301","formEdgeID":null},{"edgeID":"1763973","fromID":"1346306","toID":"1346307","formEdgeID":null},{"edgeID":"1763974","fromID":"1346307","toID":"1346305","formEdgeID":null},{"edgeID":"1763975","fromID":"1346295","toID":"1346308","formEdgeID":null},{"edgeID":"1763976","fromID":"1346308","toID":"1346301","formEdgeID":null},{"edgeID":"1763977","fromID":"1346300","toID":"1346309","formEdgeID":null},{"edgeID":"1763978","fromID":"1346309","toID":"1346294","formEdgeID":null},{"edgeID":"1763979","fromID":"1346308","toID":"1346310","formEdgeID":null},{"edgeID":"1763980","fromID":"1346310","toID":"1346309","formEdgeID":null}],"locutions":[]}