{"nodes":[{"nodeID":"1349501","text":"Rishi Sunak is going to keep the same system","type":"I","timestamp":"2023-11-09 14:07:29"},{"nodeID":"1349502","text":"Fiona Bruce: he\u2019s going to keep the same system","type":"L","timestamp":"2023-11-09 14:07:29"},{"nodeID":"1349503","text":"Analysing","type":"YA","timestamp":"2023-11-09 14:07:29"},{"nodeID":"1349504","text":"Anon: Fiona Bruce: he\u2019s going to keep the same system","type":"L","timestamp":"2023-11-09 14:07:29"},{"nodeID":"1349505","text":"Asserting","type":"YA","timestamp":"2023-11-09 14:07:29"},{"nodeID":"1349506","text":"in the end somebody has to be in charge","type":"I","timestamp":"2023-11-09 14:07:29"},{"nodeID":"1349507","text":"Mark Harper: In the end somebody has to be in charge","type":"L","timestamp":"2023-11-09 14:07:29"},{"nodeID":"1349508","text":"Analysing","type":"YA","timestamp":"2023-11-09 14:07:29"},{"nodeID":"1349509","text":"Anon: Mark Harper: In the end somebody has to be in charge","type":"L","timestamp":"2023-11-09 14:07:29"},{"nodeID":"1349510","text":"Asserting","type":"YA","timestamp":"2023-11-09 14:07:29"},{"nodeID":"1349511","text":"in the end the Prime Minister is the arbiter of the Ministerial Code","type":"I","timestamp":"2023-11-09 14:07:30"},{"nodeID":"1349512","text":"Mark Harper: in the end the Prime Minister is the arbiter of the Ministerial Code","type":"L","timestamp":"2023-11-09 14:07:30"},{"nodeID":"1349513","text":"Analysing","type":"YA","timestamp":"2023-11-09 14:07:30"},{"nodeID":"1349514","text":"Anon: Mark Harper: in the end the Prime Minister is the arbiter of the Ministerial Code","type":"L","timestamp":"2023-11-09 14:07:30"},{"nodeID":"1349515","text":"Asserting","type":"YA","timestamp":"2023-11-09 14:07:30"},{"nodeID":"1349516","text":"Emily Thornberry: No, no, no","type":"L","timestamp":"2023-11-09 14:07:30"},{"nodeID":"1349517","text":"Analysing","type":"YA","timestamp":"2023-11-09 14:07:30"},{"nodeID":"1349518","text":"Anon: Emily Thornberry: No, no, no","type":"L","timestamp":"2023-11-09 14:07:30"},{"nodeID":"1349519","text":"we need an independent ethics advisor","type":"I","timestamp":"2023-11-09 14:07:31"},{"nodeID":"1349520","text":"Emily Thornberry: we need an independent ethics advisor","type":"L","timestamp":"2023-11-09 14:07:31"},{"nodeID":"1349521","text":"Analysing","type":"YA","timestamp":"2023-11-09 14:07:31"},{"nodeID":"1349522","text":"Anon: Emily Thornberry: we need an independent ethics advisor","type":"L","timestamp":"2023-11-09 14:07:31"},{"nodeID":"1349523","text":"Asserting","type":"YA","timestamp":"2023-11-09 14:07:31"},{"nodeID":"1349524","text":"Default Transition","type":"TA","timestamp":"2023-11-09 14:07:31"},{"nodeID":"1349525","text":"Default Transition","type":"TA","timestamp":"2023-11-09 14:07:31"},{"nodeID":"1349526","text":"Default Transition","type":"TA","timestamp":"2023-11-09 14:07:31"},{"nodeID":"1349527","text":"Disagreeing","type":"YA","timestamp":"2023-11-09 14:07:31"},{"nodeID":"1349528","text":"Default Conflict","type":"CA","timestamp":"2023-11-09 14:07:31"},{"nodeID":"1349529","text":"Default Transition","type":"TA","timestamp":"2023-11-09 14:07:31"},{"nodeID":"1349530","text":"Disagreeing","type":"YA","timestamp":"2023-11-09 14:07:31"},{"nodeID":"1349531","text":"Mark Harper: No, no","type":"L","timestamp":"2023-11-09 14:07:31"},{"nodeID":"1349532","text":"Analysing","type":"YA","timestamp":"2023-11-09 14:07:31"},{"nodeID":"1349533","text":"Anon: Mark Harper: No, no","type":"L","timestamp":"2023-11-09 14:07:31"},{"nodeID":"1349534","text":"Default Transition","type":"TA","timestamp":"2023-11-09 14:07:31"},{"nodeID":"1349535","text":"Disagreeing","type":"YA","timestamp":"2023-11-09 14:07:31"},{"nodeID":"1349536","text":"Rishi Sunak is going to appoint an independent ethics advior","type":"I","timestamp":"2023-11-09 14:07:31"},{"nodeID":"1349537","text":"Mark Harper: he\u2019s going to appoint one","type":"L","timestamp":"2023-11-09 14:07:31"},{"nodeID":"1349538","text":"Analysing","type":"YA","timestamp":"2023-11-09 14:07:31"},{"nodeID":"1349539","text":"Anon: Mark Harper: he\u2019s going to appoint one","type":"L","timestamp":"2023-11-09 14:07:31"},{"nodeID":"1349540","text":"Asserting","type":"YA","timestamp":"2023-11-09 14:07:31"},{"nodeID":"1349541","text":"Default Transition","type":"TA","timestamp":"2023-11-09 14:07:31"},{"nodeID":"1349542","text":"in the end it\u2019s about the Prime Minister","type":"I","timestamp":"2023-11-09 14:07:32"},{"nodeID":"1349543","text":"Mark Harper: in the end if it\u2019s about the Prime Minister","type":"L","timestamp":"2023-11-09 14:07:32"},{"nodeID":"1349544","text":"Analysing","type":"YA","timestamp":"2023-11-09 14:07:32"},{"nodeID":"1349545","text":"Anon: Mark Harper: in the end if it\u2019s about the Prime Minister","type":"L","timestamp":"2023-11-09 14:07:32"},{"nodeID":"1349546","text":"Asserting","type":"YA","timestamp":"2023-11-09 14:07:32"},{"nodeID":"1349547","text":"the Prime Minister has been elected","type":"I","timestamp":"2023-11-09 14:07:33"},{"nodeID":"1349548","text":"Mark Harper: the Prime Minister has been elected","type":"L","timestamp":"2023-11-09 14:07:33"},{"nodeID":"1349549","text":"Analysing","type":"YA","timestamp":"2023-11-09 14:07:33"},{"nodeID":"1349550","text":"Anon: Mark Harper: the Prime Minister has been elected","type":"L","timestamp":"2023-11-09 14:07:33"},{"nodeID":"1349551","text":"Asserting","type":"YA","timestamp":"2023-11-09 14:07:33"},{"nodeID":"1349552","text":"Default Transition","type":"TA","timestamp":"2023-11-09 14:07:33"},{"nodeID":"1349553","text":"Default Inference","type":"RA","timestamp":"2023-11-09 14:07:33"},{"nodeID":"1349554","text":"Default Transition","type":"TA","timestamp":"2023-11-09 14:07:33"},{"nodeID":"1349555","text":"Arguing","type":"YA","timestamp":"2023-11-09 14:07:33"},{"nodeID":"1349556","text":"you shouldn't have some civil servant passing judgment on who the Prime Minister should be","type":"I","timestamp":"2023-11-09 14:07:33"},{"nodeID":"1349557","text":"Mark Harper: I don\u2019t think you can have some civil servant passing judgment on who the Prime Minister should be","type":"L","timestamp":"2023-11-09 14:07:33"},{"nodeID":"1349558","text":"Analysing","type":"YA","timestamp":"2023-11-09 14:07:33"},{"nodeID":"1349559","text":"Anon: Mark Harper: I don\u2019t think you can have some civil servant passing judgment on who the Prime Minister should be","type":"L","timestamp":"2023-11-09 14:07:33"},{"nodeID":"1349560","text":"Asserting","type":"YA","timestamp":"2023-11-09 14:07:33"},{"nodeID":"1349561","text":"in the end the decision about who the Prime Minister is going to be is going to be decided by the voters","type":"I","timestamp":"2023-11-09 14:07:34"},{"nodeID":"1349562","text":"Mark Harper: In the end the decision about who the Prime Minister is going to be is going to be decided by the voters","type":"L","timestamp":"2023-11-09 14:07:34"},{"nodeID":"1349563","text":"Analysing","type":"YA","timestamp":"2023-11-09 14:07:34"},{"nodeID":"1349564","text":"Anon: Mark Harper: In the end the decision about who the Prime Minister is going to be is going to be decided by the voters","type":"L","timestamp":"2023-11-09 14:07:34"},{"nodeID":"1349565","text":"Asserting","type":"YA","timestamp":"2023-11-09 14:07:34"},{"nodeID":"1349566","text":"Default Rephrase","type":"MA","timestamp":"2023-11-09 14:07:34"},{"nodeID":"1349567","text":"Default Transition","type":"TA","timestamp":"2023-11-09 14:07:34"},{"nodeID":"1349568","text":"Restating","type":"YA","timestamp":"2023-11-09 14:07:34"},{"nodeID":"1349569","text":"this discussion was not about who the Prime Minister is going to be","type":"I","timestamp":"2023-11-09 14:07:35"},{"nodeID":"1349570","text":"Fiona Bruce: Not who it\u2019s going to be","type":"L","timestamp":"2023-11-09 14:07:35"},{"nodeID":"1349571","text":"Analysing","type":"YA","timestamp":"2023-11-09 14:07:35"},{"nodeID":"1349572","text":"Anon: Fiona Bruce: Not who it\u2019s going to be","type":"L","timestamp":"2023-11-09 14:07:35"},{"nodeID":"1349573","text":"Asserting","type":"YA","timestamp":"2023-11-09 14:07:35"},{"nodeID":"1349574","text":"Default Transition","type":"TA","timestamp":"2023-11-09 14:07:35"},{"nodeID":"1349575","text":"Default Conflict","type":"CA","timestamp":"2023-11-09 14:07:35"},{"nodeID":"1349576","text":"Disagreeing","type":"YA","timestamp":"2023-11-09 14:07:35"},{"nodeID":"1349577","text":"Rishi Sunak will stand by the MPs this time round","type":"I","timestamp":"2023-11-09 14:07:36"},{"nodeID":"1349578","text":"AudienceMember 20221110QT35: He\u2019ll stand by the MPs this time round","type":"L","timestamp":"2023-11-09 14:07:36"},{"nodeID":"1349579","text":"Analysing","type":"YA","timestamp":"2023-11-09 14:07:36"},{"nodeID":"1349580","text":"Anon: AudienceMember 20221110QT35: He\u2019ll stand by the MPs this time round","type":"L","timestamp":"2023-11-09 14:07:36"},{"nodeID":"1349581","text":"Asserting","type":"YA","timestamp":"2023-11-09 14:07:36"},{"nodeID":"1349582","text":"the Prime Minister's election was done by the MPs","type":"I","timestamp":"2023-11-09 14:07:36"},{"nodeID":"1349583","text":"Fiona Bruce: It was done by the MPs, you\u2019re saying","type":"L","timestamp":"2023-11-09 14:07:36"},{"nodeID":"1349584","text":"Analysing","type":"YA","timestamp":"2023-11-09 14:07:36"},{"nodeID":"1349585","text":"Anon: Fiona Bruce: It was done by the MPs, you\u2019re saying","type":"L","timestamp":"2023-11-09 14:07:36"},{"nodeID":"1349586","text":"AudienceMember 20221110QT35: It was done by the MPs","type":"L","timestamp":"2023-11-09 14:07:36"},{"nodeID":"1349587","text":"Analysing","type":"YA","timestamp":"2023-11-09 14:07:36"},{"nodeID":"1349588","text":"Anon: AudienceMember 20221110QT35: It was done by the MPs, you\u2019re saying","type":"L","timestamp":"2023-11-09 14:07:36"},{"nodeID":"1349589","text":"Asserting","type":"YA","timestamp":"2023-11-09 14:07:36"},{"nodeID":"1349590","text":"Asserting","type":"YA","timestamp":"2023-11-09 14:07:36"},{"nodeID":"1349591","text":"Default Transition","type":"TA","timestamp":"2023-11-09 14:07:36"},{"nodeID":"1349592","text":"Default Transition","type":"TA","timestamp":"2023-11-09 14:07:36"},{"nodeID":"1349593","text":"AudienceMember 20221110QT37: So that\u2019s not right","type":"L","timestamp":"2023-11-09 14:07:36"},{"nodeID":"1349594","text":"Analysing","type":"YA","timestamp":"2023-11-09 14:07:36"},{"nodeID":"1349595","text":"Anon: AudienceMember 20221110QT37: So that\u2019s not right","type":"L","timestamp":"2023-11-09 14:07:36"},{"nodeID":"1349596","text":"you should all wear a badge telling us who you\u2019re sponsored by, like the late Robin Williams said","type":"I","timestamp":"2023-11-09 14:07:37"},{"nodeID":"1349597","text":"AudienceMember 20221110QT38: you should all wear a badge telling us who you\u2019re sponsored by, like the late Robin Williams said","type":"L","timestamp":"2023-11-09 14:07:37"},{"nodeID":"1349598","text":"Analysing","type":"YA","timestamp":"2023-11-09 14:07:37"},{"nodeID":"1349599","text":"Anon: AudienceMember 20221110QT38: you should all wear a badge telling us who you\u2019re sponsored by, like the late Robin Williams said","type":"L","timestamp":"2023-11-09 14:07:37"},{"nodeID":"1349600","text":"Asserting","type":"YA","timestamp":"2023-11-09 14:07:37"},{"nodeID":"1349601","text":"Default Transition","type":"TA","timestamp":"2023-11-09 14:07:37"},{"nodeID":"1349602","text":"Default Transition","type":"TA","timestamp":"2023-11-09 14:07:37"},{"nodeID":"1349603","text":"Default Transition","type":"TA","timestamp":"2023-11-09 14:07:37"},{"nodeID":"1349604","text":"Disagreeing","type":"YA","timestamp":"2023-11-09 14:07:37"}],"edges":[{"edgeID":"1767755","fromID":"1349503","toID":"1349502","formEdgeID":null},{"edgeID":"1767756","fromID":"1349504","toID":"1349503","formEdgeID":null},{"edgeID":"1767757","fromID":"1349502","toID":"1349505","formEdgeID":null},{"edgeID":"1767758","fromID":"1349505","toID":"1349501","formEdgeID":null},{"edgeID":"1767759","fromID":"1349508","toID":"1349507","formEdgeID":null},{"edgeID":"1767760","fromID":"1349509","toID":"1349508","formEdgeID":null},{"edgeID":"1767761","fromID":"1349507","toID":"1349510","formEdgeID":null},{"edgeID":"1767762","fromID":"1349510","toID":"1349506","formEdgeID":null},{"edgeID":"1767763","fromID":"1349513","toID":"1349512","formEdgeID":null},{"edgeID":"1767764","fromID":"1349514","toID":"1349513","formEdgeID":null},{"edgeID":"1767765","fromID":"1349512","toID":"1349515","formEdgeID":null},{"edgeID":"1767766","fromID":"1349515","toID":"1349511","formEdgeID":null},{"edgeID":"1767767","fromID":"1349517","toID":"1349516","formEdgeID":null},{"edgeID":"1767768","fromID":"1349518","toID":"1349517","formEdgeID":null},{"edgeID":"1767769","fromID":"1349521","toID":"1349520","formEdgeID":null},{"edgeID":"1767770","fromID":"1349522","toID":"1349521","formEdgeID":null},{"edgeID":"1767771","fromID":"1349520","toID":"1349523","formEdgeID":null},{"edgeID":"1767772","fromID":"1349523","toID":"1349519","formEdgeID":null},{"edgeID":"1767773","fromID":"1349502","toID":"1349524","formEdgeID":null},{"edgeID":"1767774","fromID":"1349524","toID":"1349507","formEdgeID":null},{"edgeID":"1767775","fromID":"1349507","toID":"1349525","formEdgeID":null},{"edgeID":"1767776","fromID":"1349525","toID":"1349512","formEdgeID":null},{"edgeID":"1767777","fromID":"1349512","toID":"1349526","formEdgeID":null},{"edgeID":"1767778","fromID":"1349526","toID":"1349516","formEdgeID":null},{"edgeID":"1767779","fromID":"1349526","toID":"1349527","formEdgeID":null},{"edgeID":"1767780","fromID":"1349527","toID":"1349511","formEdgeID":null},{"edgeID":"1767781","fromID":"1349519","toID":"1349528","formEdgeID":null},{"edgeID":"1767782","fromID":"1349528","toID":"1349511","formEdgeID":null},{"edgeID":"1767783","fromID":"1349512","toID":"1349529","formEdgeID":null},{"edgeID":"1767784","fromID":"1349529","toID":"1349520","formEdgeID":null},{"edgeID":"1767785","fromID":"1349529","toID":"1349530","formEdgeID":null},{"edgeID":"1767786","fromID":"1349530","toID":"1349528","formEdgeID":null},{"edgeID":"1767787","fromID":"1349532","toID":"1349531","formEdgeID":null},{"edgeID":"1767788","fromID":"1349533","toID":"1349532","formEdgeID":null},{"edgeID":"1767789","fromID":"1349520","toID":"1349534","formEdgeID":null},{"edgeID":"1767790","fromID":"1349534","toID":"1349531","formEdgeID":null},{"edgeID":"1767791","fromID":"1349534","toID":"1349535","formEdgeID":null},{"edgeID":"1767792","fromID":"1349535","toID":"1349519","formEdgeID":null},{"edgeID":"1767793","fromID":"1349538","toID":"1349537","formEdgeID":null},{"edgeID":"1767794","fromID":"1349539","toID":"1349538","formEdgeID":null},{"edgeID":"1767795","fromID":"1349537","toID":"1349540","formEdgeID":null},{"edgeID":"1767796","fromID":"1349540","toID":"1349536","formEdgeID":null},{"edgeID":"1767797","fromID":"1349531","toID":"1349541","formEdgeID":null},{"edgeID":"1767798","fromID":"1349541","toID":"1349537","formEdgeID":null},{"edgeID":"1767799","fromID":"1349544","toID":"1349543","formEdgeID":null},{"edgeID":"1767800","fromID":"1349545","toID":"1349544","formEdgeID":null},{"edgeID":"1767801","fromID":"1349543","toID":"1349546","formEdgeID":null},{"edgeID":"1767802","fromID":"1349546","toID":"1349542","formEdgeID":null},{"edgeID":"1767803","fromID":"1349549","toID":"1349548","formEdgeID":null},{"edgeID":"1767804","fromID":"1349550","toID":"1349549","formEdgeID":null},{"edgeID":"1767805","fromID":"1349548","toID":"1349551","formEdgeID":null},{"edgeID":"1767806","fromID":"1349551","toID":"1349547","formEdgeID":null},{"edgeID":"1767807","fromID":"1349537","toID":"1349552","formEdgeID":null},{"edgeID":"1767808","fromID":"1349552","toID":"1349543","formEdgeID":null},{"edgeID":"1767809","fromID":"1349542","toID":"1349553","formEdgeID":null},{"edgeID":"1767810","fromID":"1349553","toID":"1349547","formEdgeID":null},{"edgeID":"1767811","fromID":"1349543","toID":"1349554","formEdgeID":null},{"edgeID":"1767812","fromID":"1349554","toID":"1349548","formEdgeID":null},{"edgeID":"1767813","fromID":"1349554","toID":"1349555","formEdgeID":null},{"edgeID":"1767814","fromID":"1349555","toID":"1349553","formEdgeID":null},{"edgeID":"1767815","fromID":"1349558","toID":"1349557","formEdgeID":null},{"edgeID":"1767816","fromID":"1349559","toID":"1349558","formEdgeID":null},{"edgeID":"1767817","fromID":"1349557","toID":"1349560","formEdgeID":null},{"edgeID":"1767818","fromID":"1349560","toID":"1349556","formEdgeID":null},{"edgeID":"1767819","fromID":"1349563","toID":"1349562","formEdgeID":null},{"edgeID":"1767820","fromID":"1349564","toID":"1349563","formEdgeID":null},{"edgeID":"1767821","fromID":"1349562","toID":"1349565","formEdgeID":null},{"edgeID":"1767822","fromID":"1349565","toID":"1349561","formEdgeID":null},{"edgeID":"1767823","fromID":"1349561","toID":"1349566","formEdgeID":null},{"edgeID":"1767824","fromID":"1349566","toID":"1349547","formEdgeID":null},{"edgeID":"1767825","fromID":"1349548","toID":"1349567","formEdgeID":null},{"edgeID":"1767826","fromID":"1349567","toID":"1349562","formEdgeID":null},{"edgeID":"1767827","fromID":"1349567","toID":"1349568","formEdgeID":null},{"edgeID":"1767828","fromID":"1349568","toID":"1349566","formEdgeID":null},{"edgeID":"1767829","fromID":"1349571","toID":"1349570","formEdgeID":null},{"edgeID":"1767830","fromID":"1349572","toID":"1349571","formEdgeID":null},{"edgeID":"1767831","fromID":"1349570","toID":"1349573","formEdgeID":null},{"edgeID":"1767832","fromID":"1349573","toID":"1349569","formEdgeID":null},{"edgeID":"1767833","fromID":"1349562","toID":"1349574","formEdgeID":null},{"edgeID":"1767834","fromID":"1349574","toID":"1349570","formEdgeID":null},{"edgeID":"1767835","fromID":"1349569","toID":"1349575","formEdgeID":null},{"edgeID":"1767836","fromID":"1349575","toID":"1349561","formEdgeID":null},{"edgeID":"1767837","fromID":"1349574","toID":"1349576","formEdgeID":null},{"edgeID":"1767838","fromID":"1349576","toID":"1349575","formEdgeID":null},{"edgeID":"1767839","fromID":"1349579","toID":"1349578","formEdgeID":null},{"edgeID":"1767840","fromID":"1349580","toID":"1349579","formEdgeID":null},{"edgeID":"1767841","fromID":"1349578","toID":"1349581","formEdgeID":null},{"edgeID":"1767842","fromID":"1349581","toID":"1349577","formEdgeID":null},{"edgeID":"1767843","fromID":"1349584","toID":"1349583","formEdgeID":null},{"edgeID":"1767844","fromID":"1349585","toID":"1349584","formEdgeID":null},{"edgeID":"1767845","fromID":"1349587","toID":"1349586","formEdgeID":null},{"edgeID":"1767846","fromID":"1349588","toID":"1349587","formEdgeID":null},{"edgeID":"1767847","fromID":"1349586","toID":"1349589","formEdgeID":null},{"edgeID":"1767848","fromID":"1349589","toID":"1349582","formEdgeID":null},{"edgeID":"1767849","fromID":"1349583","toID":"1349590","formEdgeID":null},{"edgeID":"1767850","fromID":"1349590","toID":"1349586","formEdgeID":null},{"edgeID":"1767851","fromID":"1349570","toID":"1349591","formEdgeID":null},{"edgeID":"1767852","fromID":"1349591","toID":"1349578","formEdgeID":null},{"edgeID":"1767853","fromID":"1349578","toID":"1349592","formEdgeID":null},{"edgeID":"1767854","fromID":"1349592","toID":"1349583","formEdgeID":null},{"edgeID":"1767855","fromID":"1349594","toID":"1349593","formEdgeID":null},{"edgeID":"1767856","fromID":"1349595","toID":"1349594","formEdgeID":null},{"edgeID":"1767857","fromID":"1349598","toID":"1349597","formEdgeID":null},{"edgeID":"1767858","fromID":"1349599","toID":"1349598","formEdgeID":null},{"edgeID":"1767859","fromID":"1349597","toID":"1349600","formEdgeID":null},{"edgeID":"1767860","fromID":"1349600","toID":"1349596","formEdgeID":null},{"edgeID":"1767861","fromID":"1349583","toID":"1349601","formEdgeID":null},{"edgeID":"1767862","fromID":"1349601","toID":"1349593","formEdgeID":null},{"edgeID":"1767863","fromID":"1349593","toID":"1349602","formEdgeID":null},{"edgeID":"1767864","fromID":"1349602","toID":"1349597","formEdgeID":null},{"edgeID":"1767865","fromID":"1349548","toID":"1349603","formEdgeID":null},{"edgeID":"1767866","fromID":"1349603","toID":"1349557","formEdgeID":null},{"edgeID":"1767867","fromID":"1349601","toID":"1349604","formEdgeID":null},{"edgeID":"1767868","fromID":"1349604","toID":"1349582","formEdgeID":null}],"locutions":[]}