{"nodes":[{"nodeID":"1349605","text":"we also have to look at some of the unexpected things or at least positive things that are coming out of the countries that are attending COP27","type":"I","timestamp":"2023-11-09 14:07:38"},{"nodeID":"1349606","text":"Stephanie Flanders: also some of the unexpected things or at least positive things that are coming out of the countries","type":"L","timestamp":"2023-11-09 14:07:38"},{"nodeID":"1349607","text":"Analysing","type":"YA","timestamp":"2023-11-09 14:07:38"},{"nodeID":"1349608","text":"Anon: Stephanie Flanders: also some of the unexpected things or at least positive things that are coming out of the countries","type":"L","timestamp":"2023-11-09 14:07:38"},{"nodeID":"1349609","text":"Asserting","type":"YA","timestamp":"2023-11-09 14:07:38"},{"nodeID":"1349610","text":"China and India are not attending COP27","type":"I","timestamp":"2023-11-09 14:07:39"},{"nodeID":"1349611","text":"Stephanie Flanders: even if China\u2019s not there, India\u2019s not there","type":"L","timestamp":"2023-11-09 14:07:39"},{"nodeID":"1349612","text":"Analysing","type":"YA","timestamp":"2023-11-09 14:07:39"},{"nodeID":"1349613","text":"Anon: Stephanie Flanders: even if China\u2019s not there, India\u2019s not there","type":"L","timestamp":"2023-11-09 14:07:39"},{"nodeID":"1349614","text":"Asserting","type":"YA","timestamp":"2023-11-09 14:07:39"},{"nodeID":"1349615","text":"Default Transition","type":"TA","timestamp":"2023-11-09 14:07:39"},{"nodeID":"1349616","text":"Default Conflict","type":"CA","timestamp":"2023-11-09 14:07:39"},{"nodeID":"1349617","text":"Disagreeing","type":"YA","timestamp":"2023-11-09 14:07:39"},{"nodeID":"1349618","text":"in the US you\u2019ve had this ludicrously entitled Inflation Reduction Act","type":"I","timestamp":"2023-11-09 14:07:40"},{"nodeID":"1349619","text":"Stephanie Flanders: In the US you\u2019ve had this ludicrously entitled Inflation Reduction Act","type":"L","timestamp":"2023-11-09 14:07:40"},{"nodeID":"1349620","text":"Analysing","type":"YA","timestamp":"2023-11-09 14:07:40"},{"nodeID":"1349621","text":"Anon: Stephanie Flanders: In the US you\u2019ve had this ludicrously entitled Inflation Reduction Act","type":"L","timestamp":"2023-11-09 14:07:40"},{"nodeID":"1349622","text":"Asserting","type":"YA","timestamp":"2023-11-09 14:07:40"},{"nodeID":"1349623","text":"Default Rephrase","type":"MA","timestamp":"2023-11-09 14:07:40"},{"nodeID":"1349624","text":"Default Transition","type":"TA","timestamp":"2023-11-09 14:07:40"},{"nodeID":"1349625","text":"Restating","type":"YA","timestamp":"2023-11-09 14:07:40"},{"nodeID":"1349626","text":"the Inflation Reduction Act is actually largely about green jobs and the most important bit of environmental legislation that the US has seen in decades","type":"I","timestamp":"2023-11-09 14:07:41"},{"nodeID":"1349627","text":"Stephanie Flanders: it is actually largely about green jobs and the most important bit of environmental legislation that the US has seen in decades","type":"L","timestamp":"2023-11-09 14:07:41"},{"nodeID":"1349628","text":"Analysing","type":"YA","timestamp":"2023-11-09 14:07:41"},{"nodeID":"1349629","text":"Anon: Stephanie Flanders: it is actually largely about green jobs and the most important bit of environmental legislation that the US has seen in decades","type":"L","timestamp":"2023-11-09 14:07:41"},{"nodeID":"1349630","text":"Asserting","type":"YA","timestamp":"2023-11-09 14:07:41"},{"nodeID":"1349631","text":"Default Transition","type":"TA","timestamp":"2023-11-09 14:07:41"},{"nodeID":"1349632","text":"Default Rephrase","type":"MA","timestamp":"2023-11-09 14:07:41"},{"nodeID":"1349633","text":"Restating","type":"YA","timestamp":"2023-11-09 14:07:41"},{"nodeID":"1349634","text":"we\u2019ve got the UN saying there is no viable pathway now to keeping temperature rises credible","type":"I","timestamp":"2023-11-09 14:07:41"},{"nodeID":"1349635","text":"Fiona Bruce: we\u2019ve got the UN saying there is no viable pathway now to keeping temperature rises credible","type":"L","timestamp":"2023-11-09 14:07:41"},{"nodeID":"1349636","text":"Analysing","type":"YA","timestamp":"2023-11-09 14:07:41"},{"nodeID":"1349637","text":"Anon: Fiona Bruce: we\u2019ve got the UN saying there is no viable pathway now to keeping temperature rises credible","type":"L","timestamp":"2023-11-09 14:07:41"},{"nodeID":"1349638","text":"Asserting","type":"YA","timestamp":"2023-11-09 14:07:41"},{"nodeID":"1349639","text":"Default Conflict","type":"CA","timestamp":"2023-11-09 14:07:41"},{"nodeID":"1349640","text":"Default Transition","type":"TA","timestamp":"2023-11-09 14:07:41"},{"nodeID":"1349641","text":"Disagreeing","type":"YA","timestamp":"2023-11-09 14:07:41"},{"nodeID":"1349642","text":"there's no viable pathway to keeping temperature rises below 1.5","type":"I","timestamp":"2023-11-09 14:07:42"},{"nodeID":"1349643","text":"Fiona Bruce: To keeping temperatures below 1.5","type":"L","timestamp":"2023-11-09 14:07:42"},{"nodeID":"1349644","text":"Analysing","type":"YA","timestamp":"2023-11-09 14:07:42"},{"nodeID":"1349645","text":"Anon: Fiona Bruce: To keeping temperatures below 1.5","type":"L","timestamp":"2023-11-09 14:07:42"},{"nodeID":"1349646","text":"Asserting","type":"YA","timestamp":"2023-11-09 14:07:42"},{"nodeID":"1349647","text":"Default Transition","type":"TA","timestamp":"2023-11-09 14:07:42"},{"nodeID":"1349648","text":"Default Rephrase","type":"MA","timestamp":"2023-11-09 14:07:42"},{"nodeID":"1349649","text":"Restating","type":"YA","timestamp":"2023-11-09 14:07:42"},{"nodeID":"1349650","text":"there is a realism around 1.5 degrees temperature rises","type":"I","timestamp":"2023-11-09 14:07:43"},{"nodeID":"1349651","text":"Stephanie Flanders: there is a realism around 1.5 degrees","type":"L","timestamp":"2023-11-09 14:07:43"},{"nodeID":"1349652","text":"Analysing","type":"YA","timestamp":"2023-11-09 14:07:43"},{"nodeID":"1349653","text":"Anon: Stephanie Flanders: there is a realism around 1.5 degrees","type":"L","timestamp":"2023-11-09 14:07:43"},{"nodeID":"1349654","text":"Asserting","type":"YA","timestamp":"2023-11-09 14:07:43"},{"nodeID":"1349655","text":"Default Transition","type":"TA","timestamp":"2023-11-09 14:07:43"},{"nodeID":"1349656","text":"what\u2019s most corrosive in this from any perspective, whether it\u2019s financial, economic or social, is to give in to fatalism","type":"I","timestamp":"2023-11-09 14:07:44"},{"nodeID":"1349657","text":"Stephanie Flanders: what\u2019s most corrosive in this from any perspective, whether it\u2019s financial, economic or social, is to give in to fatalism","type":"L","timestamp":"2023-11-09 14:07:44"},{"nodeID":"1349658","text":"Analysing","type":"YA","timestamp":"2023-11-09 14:07:44"},{"nodeID":"1349659","text":"Anon: Stephanie Flanders: what\u2019s most corrosive in this from any perspective, whether it\u2019s financial, economic or social, is to give in to fatalism","type":"L","timestamp":"2023-11-09 14:07:44"},{"nodeID":"1349660","text":"Asserting","type":"YA","timestamp":"2023-11-09 14:07:44"},{"nodeID":"1349661","text":"Default Transition","type":"TA","timestamp":"2023-11-09 14:07:44"},{"nodeID":"1349662","text":"Default Conflict","type":"CA","timestamp":"2023-11-09 14:07:44"},{"nodeID":"1349663","text":"Disagreeing","type":"YA","timestamp":"2023-11-09 14:07:44"},{"nodeID":"1349664","text":"it might be impossible to keep temperature rising to 1.5","type":"I","timestamp":"2023-11-09 14:07:45"},{"nodeID":"1349665","text":"Stephanie Flanders: Even if it is impossible to keep to 1.5","type":"L","timestamp":"2023-11-09 14:07:45"},{"nodeID":"1349666","text":"Analysing","type":"YA","timestamp":"2023-11-09 14:07:45"},{"nodeID":"1349667","text":"Anon: Stephanie Flanders: Even if it is impossible to keep to 1.5","type":"L","timestamp":"2023-11-09 14:07:45"},{"nodeID":"1349668","text":"Asserting","type":"YA","timestamp":"2023-11-09 14:07:45"},{"nodeID":"1349669","text":"Default Transition","type":"TA","timestamp":"2023-11-09 14:07:45"},{"nodeID":"1349670","text":"it is even more important to try and prevent further tipping points","type":"I","timestamp":"2023-11-09 14:07:45"},{"nodeID":"1349671","text":"Stephanie Flanders: that makes it even more important to try and prevent further tipping points","type":"L","timestamp":"2023-11-09 14:07:45"},{"nodeID":"1349672","text":"Analysing","type":"YA","timestamp":"2023-11-09 14:07:45"},{"nodeID":"1349673","text":"Anon: Stephanie Flanders: that makes it even more important to try and prevent further tipping points","type":"L","timestamp":"2023-11-09 14:07:45"},{"nodeID":"1349674","text":"Asserting","type":"YA","timestamp":"2023-11-09 14:07:45"},{"nodeID":"1349675","text":"Default Transition","type":"TA","timestamp":"2023-11-09 14:07:45"},{"nodeID":"1349676","text":"Default Inference","type":"RA","timestamp":"2023-11-09 14:07:45"},{"nodeID":"1349677","text":"Arguing","type":"YA","timestamp":"2023-11-09 14:07:45"},{"nodeID":"1349678","text":"Default Rephrase","type":"MA","timestamp":"2023-11-09 14:07:45"},{"nodeID":"1349679","text":"Default Transition","type":"TA","timestamp":"2023-11-09 14:07:45"},{"nodeID":"1349680","text":"Restating","type":"YA","timestamp":"2023-11-09 14:07:45"},{"nodeID":"1349681","text":"the force of technology that we\u2019ve seen and the amount of private finance that\u2019s gone into, for example, renewables, chasing the technological change that\u2019s happening before our eyes really has produced a lot","type":"I","timestamp":"2023-11-09 14:07:46"},{"nodeID":"1349682","text":"Stephanie Flanders: the force of technology that we\u2019ve seen and the amount of private finance that\u2019s gone into, for example, renewables, chasing the technological change that\u2019s happening before our eyes really has produced a lot","type":"L","timestamp":"2023-11-09 14:07:46"},{"nodeID":"1349683","text":"Analysing","type":"YA","timestamp":"2023-11-09 14:07:46"},{"nodeID":"1349684","text":"Anon: Stephanie Flanders: the force of technology that we\u2019ve seen and the amount of private finance that\u2019s gone into, for example, renewables, chasing the technological change that\u2019s happening before our eyes really has produced a lot","type":"L","timestamp":"2023-11-09 14:07:46"},{"nodeID":"1349685","text":"Asserting","type":"YA","timestamp":"2023-11-09 14:07:46"},{"nodeID":"1349686","text":"Default Transition","type":"TA","timestamp":"2023-11-09 14:07:46"},{"nodeID":"1349687","text":"the International Energy Agency this year showed that the increase in renewables coming on stream just this year is equal to the whole of the increase in electricity power production","type":"I","timestamp":"2023-11-09 14:07:47"},{"nodeID":"1349688","text":"Stephanie Flanders: the International Energy Agency this year showed that the increase in renewables coming on stream just this year is equal to the whole of the increase in electricity power production","type":"L","timestamp":"2023-11-09 14:07:47"},{"nodeID":"1349689","text":"Analysing","type":"YA","timestamp":"2023-11-09 14:07:47"},{"nodeID":"1349690","text":"Anon: Stephanie Flanders: the International Energy Agency this year showed that the increase in renewables coming on stream just this year is equal to the whole of the increase in electricity power production","type":"L","timestamp":"2023-11-09 14:07:47"},{"nodeID":"1349691","text":"Asserting","type":"YA","timestamp":"2023-11-09 14:07:47"},{"nodeID":"1349692","text":"Default Transition","type":"TA","timestamp":"2023-11-09 14:07:47"},{"nodeID":"1349693","text":"Default Rephrase","type":"MA","timestamp":"2023-11-09 14:07:47"},{"nodeID":"1349694","text":"Restating","type":"YA","timestamp":"2023-11-09 14:07:47"},{"nodeID":"1349695","text":"Default Inference","type":"RA","timestamp":"2023-11-09 14:07:47"},{"nodeID":"1349696","text":"Arguing","type":"YA","timestamp":"2023-11-09 14:07:47"}],"edges":[{"edgeID":"1767869","fromID":"1349607","toID":"1349606","formEdgeID":null},{"edgeID":"1767870","fromID":"1349608","toID":"1349607","formEdgeID":null},{"edgeID":"1767871","fromID":"1349606","toID":"1349609","formEdgeID":null},{"edgeID":"1767872","fromID":"1349609","toID":"1349605","formEdgeID":null},{"edgeID":"1767873","fromID":"1349612","toID":"1349611","formEdgeID":null},{"edgeID":"1767874","fromID":"1349613","toID":"1349612","formEdgeID":null},{"edgeID":"1767875","fromID":"1349611","toID":"1349614","formEdgeID":null},{"edgeID":"1767876","fromID":"1349614","toID":"1349610","formEdgeID":null},{"edgeID":"1767877","fromID":"1349606","toID":"1349615","formEdgeID":null},{"edgeID":"1767878","fromID":"1349615","toID":"1349611","formEdgeID":null},{"edgeID":"1767879","fromID":"1349610","toID":"1349616","formEdgeID":null},{"edgeID":"1767880","fromID":"1349616","toID":"1349605","formEdgeID":null},{"edgeID":"1767881","fromID":"1349615","toID":"1349617","formEdgeID":null},{"edgeID":"1767882","fromID":"1349617","toID":"1349616","formEdgeID":null},{"edgeID":"1767883","fromID":"1349620","toID":"1349619","formEdgeID":null},{"edgeID":"1767884","fromID":"1349621","toID":"1349620","formEdgeID":null},{"edgeID":"1767885","fromID":"1349619","toID":"1349622","formEdgeID":null},{"edgeID":"1767886","fromID":"1349622","toID":"1349618","formEdgeID":null},{"edgeID":"1767887","fromID":"1349618","toID":"1349623","formEdgeID":null},{"edgeID":"1767888","fromID":"1349623","toID":"1349605","formEdgeID":null},{"edgeID":"1767889","fromID":"1349606","toID":"1349624","formEdgeID":null},{"edgeID":"1767890","fromID":"1349624","toID":"1349619","formEdgeID":null},{"edgeID":"1767891","fromID":"1349624","toID":"1349625","formEdgeID":null},{"edgeID":"1767892","fromID":"1349625","toID":"1349623","formEdgeID":null},{"edgeID":"1767893","fromID":"1349628","toID":"1349627","formEdgeID":null},{"edgeID":"1767894","fromID":"1349629","toID":"1349628","formEdgeID":null},{"edgeID":"1767895","fromID":"1349627","toID":"1349630","formEdgeID":null},{"edgeID":"1767896","fromID":"1349630","toID":"1349626","formEdgeID":null},{"edgeID":"1767897","fromID":"1349619","toID":"1349631","formEdgeID":null},{"edgeID":"1767898","fromID":"1349631","toID":"1349627","formEdgeID":null},{"edgeID":"1767899","fromID":"1349626","toID":"1349632","formEdgeID":null},{"edgeID":"1767900","fromID":"1349632","toID":"1349618","formEdgeID":null},{"edgeID":"1767901","fromID":"1349631","toID":"1349633","formEdgeID":null},{"edgeID":"1767902","fromID":"1349633","toID":"1349632","formEdgeID":null},{"edgeID":"1767903","fromID":"1349636","toID":"1349635","formEdgeID":null},{"edgeID":"1767904","fromID":"1349637","toID":"1349636","formEdgeID":null},{"edgeID":"1767905","fromID":"1349635","toID":"1349638","formEdgeID":null},{"edgeID":"1767906","fromID":"1349638","toID":"1349634","formEdgeID":null},{"edgeID":"1767907","fromID":"1349634","toID":"1349639","formEdgeID":null},{"edgeID":"1767908","fromID":"1349639","toID":"1349605","formEdgeID":null},{"edgeID":"1767909","fromID":"1349606","toID":"1349640","formEdgeID":null},{"edgeID":"1767910","fromID":"1349640","toID":"1349635","formEdgeID":null},{"edgeID":"1767911","fromID":"1349640","toID":"1349641","formEdgeID":null},{"edgeID":"1767912","fromID":"1349641","toID":"1349639","formEdgeID":null},{"edgeID":"1767913","fromID":"1349644","toID":"1349643","formEdgeID":null},{"edgeID":"1767914","fromID":"1349645","toID":"1349644","formEdgeID":null},{"edgeID":"1767915","fromID":"1349643","toID":"1349646","formEdgeID":null},{"edgeID":"1767916","fromID":"1349646","toID":"1349642","formEdgeID":null},{"edgeID":"1767917","fromID":"1349635","toID":"1349647","formEdgeID":null},{"edgeID":"1767918","fromID":"1349647","toID":"1349643","formEdgeID":null},{"edgeID":"1767919","fromID":"1349642","toID":"1349648","formEdgeID":null},{"edgeID":"1767920","fromID":"1349648","toID":"1349634","formEdgeID":null},{"edgeID":"1767921","fromID":"1349647","toID":"1349649","formEdgeID":null},{"edgeID":"1767922","fromID":"1349649","toID":"1349648","formEdgeID":null},{"edgeID":"1767923","fromID":"1349652","toID":"1349651","formEdgeID":null},{"edgeID":"1767924","fromID":"1349653","toID":"1349652","formEdgeID":null},{"edgeID":"1767925","fromID":"1349651","toID":"1349654","formEdgeID":null},{"edgeID":"1767926","fromID":"1349654","toID":"1349650","formEdgeID":null},{"edgeID":"1767927","fromID":"1349643","toID":"1349655","formEdgeID":null},{"edgeID":"1767928","fromID":"1349655","toID":"1349651","formEdgeID":null},{"edgeID":"1767929","fromID":"1349658","toID":"1349657","formEdgeID":null},{"edgeID":"1767930","fromID":"1349659","toID":"1349658","formEdgeID":null},{"edgeID":"1767931","fromID":"1349657","toID":"1349660","formEdgeID":null},{"edgeID":"1767932","fromID":"1349660","toID":"1349656","formEdgeID":null},{"edgeID":"1767933","fromID":"1349651","toID":"1349661","formEdgeID":null},{"edgeID":"1767934","fromID":"1349661","toID":"1349657","formEdgeID":null},{"edgeID":"1767935","fromID":"1349656","toID":"1349662","formEdgeID":null},{"edgeID":"1767936","fromID":"1349662","toID":"1349650","formEdgeID":null},{"edgeID":"1767937","fromID":"1349661","toID":"1349663","formEdgeID":null},{"edgeID":"1767938","fromID":"1349663","toID":"1349662","formEdgeID":null},{"edgeID":"1767939","fromID":"1349666","toID":"1349665","formEdgeID":null},{"edgeID":"1767940","fromID":"1349667","toID":"1349666","formEdgeID":null},{"edgeID":"1767941","fromID":"1349665","toID":"1349668","formEdgeID":null},{"edgeID":"1767942","fromID":"1349668","toID":"1349664","formEdgeID":null},{"edgeID":"1767943","fromID":"1349657","toID":"1349669","formEdgeID":null},{"edgeID":"1767944","fromID":"1349669","toID":"1349665","formEdgeID":null},{"edgeID":"1767945","fromID":"1349672","toID":"1349671","formEdgeID":null},{"edgeID":"1767946","fromID":"1349673","toID":"1349672","formEdgeID":null},{"edgeID":"1767947","fromID":"1349671","toID":"1349674","formEdgeID":null},{"edgeID":"1767948","fromID":"1349674","toID":"1349670","formEdgeID":null},{"edgeID":"1767949","fromID":"1349665","toID":"1349675","formEdgeID":null},{"edgeID":"1767950","fromID":"1349675","toID":"1349671","formEdgeID":null},{"edgeID":"1767951","fromID":"1349664","toID":"1349676","formEdgeID":null},{"edgeID":"1767952","fromID":"1349676","toID":"1349670","formEdgeID":null},{"edgeID":"1767953","fromID":"1349675","toID":"1349677","formEdgeID":null},{"edgeID":"1767954","fromID":"1349677","toID":"1349676","formEdgeID":null},{"edgeID":"1767955","fromID":"1349670","toID":"1349678","formEdgeID":null},{"edgeID":"1767956","fromID":"1349678","toID":"1349656","formEdgeID":null},{"edgeID":"1767957","fromID":"1349657","toID":"1349679","formEdgeID":null},{"edgeID":"1767958","fromID":"1349679","toID":"1349671","formEdgeID":null},{"edgeID":"1767959","fromID":"1349679","toID":"1349680","formEdgeID":null},{"edgeID":"1767960","fromID":"1349680","toID":"1349678","formEdgeID":null},{"edgeID":"1767961","fromID":"1349683","toID":"1349682","formEdgeID":null},{"edgeID":"1767962","fromID":"1349684","toID":"1349683","formEdgeID":null},{"edgeID":"1767963","fromID":"1349682","toID":"1349685","formEdgeID":null},{"edgeID":"1767964","fromID":"1349685","toID":"1349681","formEdgeID":null},{"edgeID":"1767965","fromID":"1349671","toID":"1349686","formEdgeID":null},{"edgeID":"1767966","fromID":"1349686","toID":"1349682","formEdgeID":null},{"edgeID":"1767967","fromID":"1349689","toID":"1349688","formEdgeID":null},{"edgeID":"1767968","fromID":"1349690","toID":"1349689","formEdgeID":null},{"edgeID":"1767969","fromID":"1349688","toID":"1349691","formEdgeID":null},{"edgeID":"1767970","fromID":"1349691","toID":"1349687","formEdgeID":null},{"edgeID":"1767971","fromID":"1349682","toID":"1349692","formEdgeID":null},{"edgeID":"1767972","fromID":"1349692","toID":"1349688","formEdgeID":null},{"edgeID":"1767973","fromID":"1349687","toID":"1349693","formEdgeID":null},{"edgeID":"1767974","fromID":"1349693","toID":"1349681","formEdgeID":null},{"edgeID":"1767975","fromID":"1349692","toID":"1349694","formEdgeID":null},{"edgeID":"1767976","fromID":"1349694","toID":"1349693","formEdgeID":null},{"edgeID":"1767977","fromID":"1349670","toID":"1349695","formEdgeID":null},{"edgeID":"1767978","fromID":"1349695","toID":"1349681","formEdgeID":null},{"edgeID":"1767979","fromID":"1349686","toID":"1349696","formEdgeID":null},{"edgeID":"1767980","fromID":"1349696","toID":"1349695","formEdgeID":null}],"locutions":[]}