{"nodes":[{"nodeID":"1343603","text":"pay rise of 17.6 per cent is unreasonable","type":"I","timestamp":"2023-11-09 13:58:15"},{"nodeID":"1343604","text":"Fiona Bruce: you\u2019re saying that 17.6 per cent is unreasonable","type":"L","timestamp":"2023-11-09 13:58:15"},{"nodeID":"1343605","text":"Analysing","type":"YA","timestamp":"2023-11-09 13:58:15"},{"nodeID":"1343606","text":"Tuuli: Fiona Bruce: you\u2019re saying that 17.6 per cent is unreasonable","type":"L","timestamp":"2023-11-09 13:58:15"},{"nodeID":"1343607","text":"Theo Paphitis: 17.6 per cent is unreasonable","type":"L","timestamp":"2023-11-09 13:58:15"},{"nodeID":"1343608","text":"Analysing","type":"YA","timestamp":"2023-11-09 13:58:15"},{"nodeID":"1343609","text":"Tuuli: Theo Paphitis: you\u2019re saying that 17.6 per cent is unreasonable","type":"L","timestamp":"2023-11-09 13:58:15"},{"nodeID":"1343610","text":"Asserting","type":"YA","timestamp":"2023-11-09 13:58:15"},{"nodeID":"1343611","text":"Asserting","type":"YA","timestamp":"2023-11-09 13:58:15"},{"nodeID":"1343612","text":"inflation\u2019s running at about ten per cent","type":"I","timestamp":"2023-11-09 13:58:15"},{"nodeID":"1343613","text":"Fiona Bruce: Inflation\u2019s running at about ten per cent","type":"L","timestamp":"2023-11-09 13:58:15"},{"nodeID":"1343614","text":"Analysing","type":"YA","timestamp":"2023-11-09 13:58:15"},{"nodeID":"1343615","text":"Tuuli: Fiona Bruce: Inflation\u2019s running at about ten per cent","type":"L","timestamp":"2023-11-09 13:58:15"},{"nodeID":"1343616","text":"Asserting","type":"YA","timestamp":"2023-11-09 13:58:15"},{"nodeID":"1343617","text":"Default Transition","type":"TA","timestamp":"2023-11-09 13:58:15"},{"nodeID":"1343618","text":"inflation may well go higher","type":"I","timestamp":"2023-11-09 13:58:16"},{"nodeID":"1343619","text":"Fiona Bruce: may well go higher","type":"L","timestamp":"2023-11-09 13:58:16"},{"nodeID":"1343620","text":"Analysing","type":"YA","timestamp":"2023-11-09 13:58:16"},{"nodeID":"1343621","text":"Tuuli: Fiona Bruce: may well go higher","type":"L","timestamp":"2023-11-09 13:58:16"},{"nodeID":"1343622","text":"Asserting","type":"YA","timestamp":"2023-11-09 13:58:16"},{"nodeID":"1343623","text":"Default Transition","type":"TA","timestamp":"2023-11-09 13:58:16"},{"nodeID":"1343624","text":"Default Rephrase","type":"MA","timestamp":"2023-11-09 13:58:16"},{"nodeID":"1343625","text":"Restating","type":"YA","timestamp":"2023-11-09 13:58:16"},{"nodeID":"1343626","text":"pay rise of xxx would be reasonable","type":"I","timestamp":"2023-11-09 13:58:17"},{"nodeID":"1343627","text":"Fiona Bruce: What do you think would be reasonable","type":"L","timestamp":"2023-11-09 13:58:17"},{"nodeID":"1343628","text":"Analysing","type":"YA","timestamp":"2023-11-09 13:58:17"},{"nodeID":"1343629","text":"Tuuli: Fiona Bruce: What do you think would be reasonable","type":"L","timestamp":"2023-11-09 13:58:17"},{"nodeID":"1343630","text":"Pure Questioning","type":"YA","timestamp":"2023-11-09 13:58:17"},{"nodeID":"1343631","text":"Default Transition","type":"TA","timestamp":"2023-11-09 13:58:17"},{"nodeID":"1343632","text":"the private sector\u2019s not getting anything like that pay rise of 17.6 per cent","type":"I","timestamp":"2023-11-09 13:58:17"},{"nodeID":"1343633","text":"Theo Paphitis: the private sector\u2019s not getting anything like that","type":"L","timestamp":"2023-11-09 13:58:17"},{"nodeID":"1343634","text":"Analysing","type":"YA","timestamp":"2023-11-09 13:58:17"},{"nodeID":"1343635","text":"Tuuli: Theo Paphitis: the private sector\u2019s not getting anything like that","type":"L","timestamp":"2023-11-09 13:58:17"},{"nodeID":"1343636","text":"Asserting","type":"YA","timestamp":"2023-11-09 13:58:17"},{"nodeID":"1343637","text":"Default Inference","type":"RA","timestamp":"2023-11-09 13:58:17"},{"nodeID":"1343638","text":"Default Transition","type":"TA","timestamp":"2023-11-09 13:58:17"},{"nodeID":"1343639","text":"Arguing","type":"YA","timestamp":"2023-11-09 13:58:17"},{"nodeID":"1343640","text":"the average pay rise is about five, five and a half per cent","type":"I","timestamp":"2023-11-09 13:58:18"},{"nodeID":"1343641","text":"Theo Paphitis: The average pay rise is about five, five and a half per cent","type":"L","timestamp":"2023-11-09 13:58:18"},{"nodeID":"1343642","text":"Analysing","type":"YA","timestamp":"2023-11-09 13:58:18"},{"nodeID":"1343643","text":"Tuuli: Theo Paphitis: The average pay rise is about five, five and a half per cent","type":"L","timestamp":"2023-11-09 13:58:18"},{"nodeID":"1343644","text":"Asserting","type":"YA","timestamp":"2023-11-09 13:58:18"},{"nodeID":"1343645","text":"it\u2019s not right really that the nurses are going to get 17 per cent pay rise","type":"I","timestamp":"2023-11-09 13:58:19"},{"nodeID":"1343646","text":"Theo Paphitis: it\u2019s not right really that they\u2019re going to get 17 per cent","type":"L","timestamp":"2023-11-09 13:58:19"},{"nodeID":"1343647","text":"Analysing","type":"YA","timestamp":"2023-11-09 13:58:19"},{"nodeID":"1343648","text":"Tuuli: Theo Paphitis: it\u2019s not right really that they\u2019re going to get 17 per cent","type":"L","timestamp":"2023-11-09 13:58:19"},{"nodeID":"1343649","text":"Asserting","type":"YA","timestamp":"2023-11-09 13:58:19"},{"nodeID":"1343650","text":"Default Transition","type":"TA","timestamp":"2023-11-09 13:58:19"},{"nodeID":"1343651","text":"Default Inference","type":"RA","timestamp":"2023-11-09 13:58:19"},{"nodeID":"1343652","text":"Arguing","type":"YA","timestamp":"2023-11-09 13:58:19"},{"nodeID":"1343653","text":"Default Inference","type":"RA","timestamp":"2023-11-09 13:58:19"},{"nodeID":"1343654","text":"Default Transition","type":"TA","timestamp":"2023-11-09 13:58:19"},{"nodeID":"1343655","text":"Arguing","type":"YA","timestamp":"2023-11-09 13:58:19"},{"nodeID":"1343656","text":"trying to make up for lost income over the past three years is also not very realistic","type":"I","timestamp":"2023-11-09 13:58:19"},{"nodeID":"1343657","text":"Theo Paphitis: trying to make up for lost income over the past three years is also not very realistic","type":"L","timestamp":"2023-11-09 13:58:19"},{"nodeID":"1343658","text":"Analysing","type":"YA","timestamp":"2023-11-09 13:58:19"},{"nodeID":"1343659","text":"Tuuli: Theo Paphitis: trying to make up for lost income over the past three years is also not very realistic","type":"L","timestamp":"2023-11-09 13:58:19"},{"nodeID":"1343660","text":"Asserting","type":"YA","timestamp":"2023-11-09 13:58:19"},{"nodeID":"1343661","text":"Default Transition","type":"TA","timestamp":"2023-11-09 13:58:19"},{"nodeID":"1343662","text":"something in the middle has to be found that allows the nurses to get up to a level which allows them to keep body and soul together, pay the bills at the supermarket, put roofs over their heads, and light and heat","type":"I","timestamp":"2023-11-09 13:58:20"},{"nodeID":"1343663","text":"Theo Paphitis: something in the middle has to be found that allows them to get up to a level which allows them to keep body and soul together, pay the bills at the supermarket, put roofs over their heads, and light and heat","type":"L","timestamp":"2023-11-09 13:58:20"},{"nodeID":"1343664","text":"Analysing","type":"YA","timestamp":"2023-11-09 13:58:20"},{"nodeID":"1343665","text":"Tuuli: Theo Paphitis: something in the middle has to be found that allows them to get up to a level which allows them to keep body and soul together, pay the bills at the supermarket, put roofs over their heads, and light and heat","type":"L","timestamp":"2023-11-09 13:58:20"},{"nodeID":"1343666","text":"Asserting","type":"YA","timestamp":"2023-11-09 13:58:20"},{"nodeID":"1343667","text":"Default Rephrase","type":"MA","timestamp":"2023-11-09 13:58:20"},{"nodeID":"1343668","text":"Default Transition","type":"TA","timestamp":"2023-11-09 13:58:20"},{"nodeID":"1343669","text":"Default Illocuting","type":"YA","timestamp":"2023-11-09 13:58:20"},{"nodeID":"1343670","text":"pay rise that allows the nurses to get up to a level which allows them to pay the bills and put roofs over their heads is not unreasonable","type":"I","timestamp":"2023-11-09 13:58:21"},{"nodeID":"1343671","text":"Theo Paphitis: which is not unreasonable","type":"L","timestamp":"2023-11-09 13:58:21"},{"nodeID":"1343672","text":"Analysing","type":"YA","timestamp":"2023-11-09 13:58:21"},{"nodeID":"1343673","text":"Tuuli: Theo Paphitis: which is not unreasonable","type":"L","timestamp":"2023-11-09 13:58:21"},{"nodeID":"1343674","text":"Asserting","type":"YA","timestamp":"2023-11-09 13:58:21"},{"nodeID":"1343675","text":"Default Transition","type":"TA","timestamp":"2023-11-09 13:58:21"},{"nodeID":"1343676","text":"Default Rephrase","type":"MA","timestamp":"2023-11-09 13:58:21"},{"nodeID":"1343677","text":"Restating","type":"YA","timestamp":"2023-11-09 13:58:21"},{"nodeID":"1343678","text":"Default Rephrase","type":"MA","timestamp":"2023-11-09 13:58:21"},{"nodeID":"1343679","text":"Restating","type":"YA","timestamp":"2023-11-09 13:58:21"}],"edges":[{"edgeID":"1760739","fromID":"1343605","toID":"1343604","formEdgeID":null},{"edgeID":"1760740","fromID":"1343606","toID":"1343605","formEdgeID":null},{"edgeID":"1760741","fromID":"1343608","toID":"1343607","formEdgeID":null},{"edgeID":"1760742","fromID":"1343609","toID":"1343608","formEdgeID":null},{"edgeID":"1760743","fromID":"1343607","toID":"1343610","formEdgeID":null},{"edgeID":"1760744","fromID":"1343610","toID":"1343603","formEdgeID":null},{"edgeID":"1760745","fromID":"1343604","toID":"1343611","formEdgeID":null},{"edgeID":"1760746","fromID":"1343611","toID":"1343607","formEdgeID":null},{"edgeID":"1760747","fromID":"1343614","toID":"1343613","formEdgeID":null},{"edgeID":"1760748","fromID":"1343615","toID":"1343614","formEdgeID":null},{"edgeID":"1760749","fromID":"1343613","toID":"1343616","formEdgeID":null},{"edgeID":"1760750","fromID":"1343616","toID":"1343612","formEdgeID":null},{"edgeID":"1760751","fromID":"1343604","toID":"1343617","formEdgeID":null},{"edgeID":"1760752","fromID":"1343617","toID":"1343613","formEdgeID":null},{"edgeID":"1760753","fromID":"1343620","toID":"1343619","formEdgeID":null},{"edgeID":"1760754","fromID":"1343621","toID":"1343620","formEdgeID":null},{"edgeID":"1760755","fromID":"1343619","toID":"1343622","formEdgeID":null},{"edgeID":"1760756","fromID":"1343622","toID":"1343618","formEdgeID":null},{"edgeID":"1760757","fromID":"1343613","toID":"1343623","formEdgeID":null},{"edgeID":"1760758","fromID":"1343623","toID":"1343619","formEdgeID":null},{"edgeID":"1760759","fromID":"1343618","toID":"1343624","formEdgeID":null},{"edgeID":"1760760","fromID":"1343624","toID":"1343612","formEdgeID":null},{"edgeID":"1760761","fromID":"1343623","toID":"1343625","formEdgeID":null},{"edgeID":"1760762","fromID":"1343625","toID":"1343624","formEdgeID":null},{"edgeID":"1760763","fromID":"1343628","toID":"1343627","formEdgeID":null},{"edgeID":"1760764","fromID":"1343629","toID":"1343628","formEdgeID":null},{"edgeID":"1760765","fromID":"1343627","toID":"1343630","formEdgeID":null},{"edgeID":"1760766","fromID":"1343630","toID":"1343626","formEdgeID":null},{"edgeID":"1760767","fromID":"1343619","toID":"1343631","formEdgeID":null},{"edgeID":"1760768","fromID":"1343631","toID":"1343627","formEdgeID":null},{"edgeID":"1760769","fromID":"1343634","toID":"1343633","formEdgeID":null},{"edgeID":"1760770","fromID":"1343635","toID":"1343634","formEdgeID":null},{"edgeID":"1760771","fromID":"1343633","toID":"1343636","formEdgeID":null},{"edgeID":"1760772","fromID":"1343636","toID":"1343632","formEdgeID":null},{"edgeID":"1760773","fromID":"1343632","toID":"1343637","formEdgeID":null},{"edgeID":"1760774","fromID":"1343637","toID":"1343603","formEdgeID":null},{"edgeID":"1760775","fromID":"1343604","toID":"1343638","formEdgeID":null},{"edgeID":"1760776","fromID":"1343638","toID":"1343633","formEdgeID":null},{"edgeID":"1760777","fromID":"1343638","toID":"1343639","formEdgeID":null},{"edgeID":"1760778","fromID":"1343639","toID":"1343637","formEdgeID":null},{"edgeID":"1760779","fromID":"1343642","toID":"1343641","formEdgeID":null},{"edgeID":"1760780","fromID":"1343643","toID":"1343642","formEdgeID":null},{"edgeID":"1760781","fromID":"1343641","toID":"1343644","formEdgeID":null},{"edgeID":"1760782","fromID":"1343644","toID":"1343640","formEdgeID":null},{"edgeID":"1760783","fromID":"1343647","toID":"1343646","formEdgeID":null},{"edgeID":"1760784","fromID":"1343648","toID":"1343647","formEdgeID":null},{"edgeID":"1760785","fromID":"1343646","toID":"1343649","formEdgeID":null},{"edgeID":"1760786","fromID":"1343649","toID":"1343645","formEdgeID":null},{"edgeID":"1760787","fromID":"1343641","toID":"1343650","formEdgeID":null},{"edgeID":"1760788","fromID":"1343650","toID":"1343646","formEdgeID":null},{"edgeID":"1760789","fromID":"1343640","toID":"1343651","formEdgeID":null},{"edgeID":"1760790","fromID":"1343651","toID":"1343645","formEdgeID":null},{"edgeID":"1760791","fromID":"1343650","toID":"1343652","formEdgeID":null},{"edgeID":"1760792","fromID":"1343652","toID":"1343651","formEdgeID":null},{"edgeID":"1760793","fromID":"1343640","toID":"1343653","formEdgeID":null},{"edgeID":"1760794","fromID":"1343653","toID":"1343603","formEdgeID":null},{"edgeID":"1760795","fromID":"1343604","toID":"1343654","formEdgeID":null},{"edgeID":"1760796","fromID":"1343654","toID":"1343641","formEdgeID":null},{"edgeID":"1760797","fromID":"1343654","toID":"1343655","formEdgeID":null},{"edgeID":"1760798","fromID":"1343655","toID":"1343653","formEdgeID":null},{"edgeID":"1760799","fromID":"1343658","toID":"1343657","formEdgeID":null},{"edgeID":"1760800","fromID":"1343659","toID":"1343658","formEdgeID":null},{"edgeID":"1760801","fromID":"1343657","toID":"1343660","formEdgeID":null},{"edgeID":"1760802","fromID":"1343660","toID":"1343656","formEdgeID":null},{"edgeID":"1760803","fromID":"1343646","toID":"1343661","formEdgeID":null},{"edgeID":"1760804","fromID":"1343661","toID":"1343657","formEdgeID":null},{"edgeID":"1760805","fromID":"1343664","toID":"1343663","formEdgeID":null},{"edgeID":"1760806","fromID":"1343665","toID":"1343664","formEdgeID":null},{"edgeID":"1760807","fromID":"1343663","toID":"1343666","formEdgeID":null},{"edgeID":"1760808","fromID":"1343666","toID":"1343662","formEdgeID":null},{"edgeID":"1760809","fromID":"1343662","toID":"1343667","formEdgeID":null},{"edgeID":"1760810","fromID":"1343667","toID":"1343626","formEdgeID":null},{"edgeID":"1760811","fromID":"1343627","toID":"1343668","formEdgeID":null},{"edgeID":"1760812","fromID":"1343668","toID":"1343663","formEdgeID":null},{"edgeID":"1760813","fromID":"1343668","toID":"1343669","formEdgeID":null},{"edgeID":"1760814","fromID":"1343669","toID":"1343667","formEdgeID":null},{"edgeID":"1760815","fromID":"1343672","toID":"1343671","formEdgeID":null},{"edgeID":"1760816","fromID":"1343673","toID":"1343672","formEdgeID":null},{"edgeID":"1760817","fromID":"1343671","toID":"1343674","formEdgeID":null},{"edgeID":"1760818","fromID":"1343674","toID":"1343670","formEdgeID":null},{"edgeID":"1760819","fromID":"1343663","toID":"1343675","formEdgeID":null},{"edgeID":"1760820","fromID":"1343675","toID":"1343671","formEdgeID":null},{"edgeID":"1760821","fromID":"1343670","toID":"1343676","formEdgeID":null},{"edgeID":"1760822","fromID":"1343676","toID":"1343662","formEdgeID":null},{"edgeID":"1760823","fromID":"1343675","toID":"1343677","formEdgeID":null},{"edgeID":"1760824","fromID":"1343677","toID":"1343676","formEdgeID":null},{"edgeID":"1760825","fromID":"1343656","toID":"1343678","formEdgeID":null},{"edgeID":"1760826","fromID":"1343678","toID":"1343645","formEdgeID":null},{"edgeID":"1760827","fromID":"1343661","toID":"1343679","formEdgeID":null},{"edgeID":"1760828","fromID":"1343679","toID":"1343678","formEdgeID":null}],"locutions":[]}