{"nodes":[{"nodeID":"1353793","text":"peaceful protests that don't inconvenience the rest of the nation would be a really good idea","type":"I","timestamp":"2023-11-09 14:13:59"},{"nodeID":"1353794","text":"Theo Paphitis: That would be a really, really good idea","type":"L","timestamp":"2023-11-09 14:13:59"},{"nodeID":"1353795","text":"Analysing","type":"YA","timestamp":"2023-11-09 14:13:59"},{"nodeID":"1353796","text":"Lara: Theo Paphitis: That would be a really, really good idea","type":"L","timestamp":"2023-11-09 14:13:59"},{"nodeID":"1353797","text":"Asserting","type":"YA","timestamp":"2023-11-09 14:13:59"},{"nodeID":"1353798","text":"Caroline Lucas has sympathy with the idea of focusing your protest where the decision makers are","type":"I","timestamp":"2023-11-09 14:13:59"},{"nodeID":"1353799","text":"Caroline Lucas: I have sympathy with the idea of focusing your protest where the decision makers are","type":"L","timestamp":"2023-11-09 14:13:59"},{"nodeID":"1353800","text":"Analysing","type":"YA","timestamp":"2023-11-09 14:13:59"},{"nodeID":"1353801","text":"Lara: Caroline Lucas: I have sympathy with the idea of focusing your protest where the decision makers are","type":"L","timestamp":"2023-11-09 14:13:59"},{"nodeID":"1353802","text":"Asserting","type":"YA","timestamp":"2023-11-09 14:13:59"},{"nodeID":"1353803","text":"Default Transition","type":"TA","timestamp":"2023-11-09 14:13:59"},{"nodeID":"1353804","text":"Default Inference","type":"RA","timestamp":"2023-11-09 14:13:59"},{"nodeID":"1353805","text":"Arguing","type":"YA","timestamp":"2023-11-09 14:13:59"},{"nodeID":"1353806","text":"Labour has a plan","type":"I","timestamp":"2023-11-09 14:14:00"},{"nodeID":"1353807","text":"Emily Thornberry:  Labour has a plan","type":"L","timestamp":"2023-11-09 14:14:00"},{"nodeID":"1353808","text":"Analysing","type":"YA","timestamp":"2023-11-09 14:14:00"},{"nodeID":"1353809","text":"Lara: Emily Thornberry:  Labour has a plan","type":"L","timestamp":"2023-11-09 14:14:00"},{"nodeID":"1353810","text":"Asserting","type":"YA","timestamp":"2023-11-09 14:14:00"},{"nodeID":"1353811","text":"Labour\u2019s plan includes onshore wind","type":"I","timestamp":"2023-11-09 14:14:01"},{"nodeID":"1353812","text":"Emily Thornberry: Labour\u2019s plan includes onshore wind","type":"L","timestamp":"2023-11-09 14:14:01"},{"nodeID":"1353813","text":"Analysing","type":"YA","timestamp":"2023-11-09 14:14:01"},{"nodeID":"1353814","text":"Lara: Emily Thornberry: Labour\u2019s plan includes onshore wind","type":"L","timestamp":"2023-11-09 14:14:01"},{"nodeID":"1353815","text":"Asserting","type":"YA","timestamp":"2023-11-09 14:14:01"},{"nodeID":"1353816","text":"Labour's plan includes nuclear","type":"I","timestamp":"2023-11-09 14:14:01"},{"nodeID":"1353817","text":"Emily Thornberry:  it includes nuclear","type":"L","timestamp":"2023-11-09 14:14:01"},{"nodeID":"1353818","text":"Analysing","type":"YA","timestamp":"2023-11-09 14:14:01"},{"nodeID":"1353819","text":"Lara: Emily Thornberry:  it includes nuclear","type":"L","timestamp":"2023-11-09 14:14:01"},{"nodeID":"1353820","text":"Asserting","type":"YA","timestamp":"2023-11-09 14:14:01"},{"nodeID":"1353821","text":"Default Transition","type":"TA","timestamp":"2023-11-09 14:14:01"},{"nodeID":"1353822","text":"Default Transition","type":"TA","timestamp":"2023-11-09 14:14:01"},{"nodeID":"1353823","text":"Default Rephrase","type":"MA","timestamp":"2023-11-09 14:14:01"},{"nodeID":"1353824","text":"Default Rephrase","type":"MA","timestamp":"2023-11-09 14:14:01"},{"nodeID":"1353825","text":"Restating","type":"YA","timestamp":"2023-11-09 14:14:01"},{"nodeID":"1353826","text":"Restating","type":"YA","timestamp":"2023-11-09 14:14:01"},{"nodeID":"1353827","text":"Labour's plan includes borrowing to invest in a new way of doing things","type":"I","timestamp":"2023-11-09 14:14:02"},{"nodeID":"1353828","text":"Emily Thornberry: it includes is borrowing to invest in a new way of doing things","type":"L","timestamp":"2023-11-09 14:14:02"},{"nodeID":"1353829","text":"Analysing","type":"YA","timestamp":"2023-11-09 14:14:02"},{"nodeID":"1353830","text":"Lara: Emily Thornberry: it includes is borrowing to invest in a new way of doing things","type":"L","timestamp":"2023-11-09 14:14:02"},{"nodeID":"1353831","text":"Asserting","type":"YA","timestamp":"2023-11-09 14:14:02"},{"nodeID":"1353832","text":"Default Transition","type":"TA","timestamp":"2023-11-09 14:14:02"},{"nodeID":"1353833","text":"we cannot be responsible necessarily for the whole world","type":"I","timestamp":"2023-11-09 14:14:03"},{"nodeID":"1353834","text":"Emily Thornberry:  we cannot be responsible necessarily for the whole world","type":"L","timestamp":"2023-11-09 14:14:03"},{"nodeID":"1353835","text":"Analysing","type":"YA","timestamp":"2023-11-09 14:14:03"},{"nodeID":"1353836","text":"Lara: Emily Thornberry:  we cannot be responsible necessarily for the whole world","type":"L","timestamp":"2023-11-09 14:14:03"},{"nodeID":"1353837","text":"Asserting","type":"YA","timestamp":"2023-11-09 14:14:03"},{"nodeID":"1353838","text":"Default Rephrase","type":"MA","timestamp":"2023-11-09 14:14:03"},{"nodeID":"1353839","text":"Restating","type":"YA","timestamp":"2023-11-09 14:14:03"},{"nodeID":"1353840","text":"Default Transition","type":"TA","timestamp":"2023-11-09 14:14:03"},{"nodeID":"1353841","text":"what we can do as a country is show international leadership by doing things the right way","type":"I","timestamp":"2023-11-09 14:14:03"},{"nodeID":"1353842","text":"Emily Thornberry: what we can do as a country is show international leadership by doing things the right way","type":"L","timestamp":"2023-11-09 14:14:03"},{"nodeID":"1353843","text":"Analysing","type":"YA","timestamp":"2023-11-09 14:14:03"},{"nodeID":"1353844","text":"Lara: Emily Thornberry: what we can do as a country is show international leadership by doing things the right way","type":"L","timestamp":"2023-11-09 14:14:03"},{"nodeID":"1353845","text":"Asserting","type":"YA","timestamp":"2023-11-09 14:14:03"},{"nodeID":"1353846","text":"Default Transition","type":"TA","timestamp":"2023-11-09 14:14:03"},{"nodeID":"1353847","text":"one country could win the race for making sure that we produce energy in renewable ways","type":"I","timestamp":"2023-11-09 14:14:04"},{"nodeID":"1353848","text":"Emily Thornberry: One country could win the race for making sure that we produce energy in renewable ways","type":"L","timestamp":"2023-11-09 14:14:04"},{"nodeID":"1353849","text":"Analysing","type":"YA","timestamp":"2023-11-09 14:14:04"},{"nodeID":"1353850","text":"Lara: Emily Thornberry: One country could win the race for making sure that we produce energy in renewable ways","type":"L","timestamp":"2023-11-09 14:14:04"},{"nodeID":"1353851","text":"Asserting","type":"YA","timestamp":"2023-11-09 14:14:04"},{"nodeID":"1353852","text":"we could be the country who wins the race for making sure that we produce energy in renewable ways","type":"I","timestamp":"2023-11-09 14:14:05"},{"nodeID":"1353853","text":"Emily Thornberry: Why couldn\u2019t it be us","type":"L","timestamp":"2023-11-09 14:14:05"},{"nodeID":"1353854","text":"Analysing","type":"YA","timestamp":"2023-11-09 14:14:05"},{"nodeID":"1353855","text":"Lara: Emily Thornberry: Why couldn\u2019t it be us","type":"L","timestamp":"2023-11-09 14:14:05"},{"nodeID":"1353856","text":"Assertive Questioning","type":"YA","timestamp":"2023-11-09 14:14:05"},{"nodeID":"1353857","text":"we can be the country who wins the race for making sure that we produce energy in renewable ways","type":"I","timestamp":"2023-11-09 14:14:05"},{"nodeID":"1353858","text":"Emily Thornberry: Why can\u2019t it be us","type":"L","timestamp":"2023-11-09 14:14:05"},{"nodeID":"1353859","text":"Analysing","type":"YA","timestamp":"2023-11-09 14:14:06"},{"nodeID":"1353860","text":"Lara: Emily Thornberry: Why can\u2019t it be us","type":"L","timestamp":"2023-11-09 14:14:06"},{"nodeID":"1353861","text":"Assertive Questioning","type":"YA","timestamp":"2023-11-09 14:14:06"},{"nodeID":"1353862","text":"we can have the vision to be able to invest properly so we can be carbon neutral by 2030","type":"I","timestamp":"2023-11-09 14:14:06"},{"nodeID":"1353863","text":"Emily Thornberry: Why can\u2019t we have the vision to be able to invest properly so we can be carbon neutral by 2030","type":"L","timestamp":"2023-11-09 14:14:06"},{"nodeID":"1353864","text":"Analysing","type":"YA","timestamp":"2023-11-09 14:14:06"},{"nodeID":"1353865","text":"Lara: Emily Thornberry: Why can\u2019t we have the vision to be able to invest properly so we can be carbon neutral by 2030","type":"L","timestamp":"2023-11-09 14:14:06"},{"nodeID":"1353866","text":"Assertive Questioning","type":"YA","timestamp":"2023-11-09 14:14:06"},{"nodeID":"1353867","text":"Default Transition","type":"TA","timestamp":"2023-11-09 14:14:06"},{"nodeID":"1353868","text":"Default Transition","type":"TA","timestamp":"2023-11-09 14:14:06"},{"nodeID":"1353869","text":"Default Rephrase","type":"MA","timestamp":"2023-11-09 14:14:06"},{"nodeID":"1353870","text":"Restating","type":"YA","timestamp":"2023-11-09 14:14:06"},{"nodeID":"1353871","text":"Default Transition","type":"TA","timestamp":"2023-11-09 14:14:06"},{"nodeID":"1353872","text":"Default Rephrase","type":"MA","timestamp":"2023-11-09 14:14:06"},{"nodeID":"1353873","text":"Restating","type":"YA","timestamp":"2023-11-09 14:14:06"},{"nodeID":"1353874","text":"Default Transition","type":"TA","timestamp":"2023-11-09 14:14:06"},{"nodeID":"1353875","text":"Default Rephrase","type":"MA","timestamp":"2023-11-09 14:14:06"},{"nodeID":"1353876","text":"Restating","type":"YA","timestamp":"2023-11-09 14:14:06"},{"nodeID":"1353877","text":"Default Inference","type":"RA","timestamp":"2023-11-09 14:14:06"},{"nodeID":"1353878","text":"Arguing","type":"YA","timestamp":"2023-11-09 14:14:06"},{"nodeID":"1353879","text":"Default Conflict","type":"CA","timestamp":"2023-11-09 14:14:06"},{"nodeID":"1353880","text":"Disagreeing","type":"YA","timestamp":"2023-11-09 14:14:06"},{"nodeID":"1353881","text":"Default Transition","type":"TA","timestamp":"2023-11-09 14:14:06"}],"edges":[{"edgeID":"1772853","fromID":"1353795","toID":"1353794","formEdgeID":null},{"edgeID":"1772854","fromID":"1353796","toID":"1353795","formEdgeID":null},{"edgeID":"1772855","fromID":"1353794","toID":"1353797","formEdgeID":null},{"edgeID":"1772856","fromID":"1353797","toID":"1353793","formEdgeID":null},{"edgeID":"1772857","fromID":"1353800","toID":"1353799","formEdgeID":null},{"edgeID":"1772858","fromID":"1353801","toID":"1353800","formEdgeID":null},{"edgeID":"1772859","fromID":"1353799","toID":"1353802","formEdgeID":null},{"edgeID":"1772860","fromID":"1353802","toID":"1353798","formEdgeID":null},{"edgeID":"1772861","fromID":"1353794","toID":"1353803","formEdgeID":null},{"edgeID":"1772862","fromID":"1353803","toID":"1353799","formEdgeID":null},{"edgeID":"1772863","fromID":"1353798","toID":"1353804","formEdgeID":null},{"edgeID":"1772864","fromID":"1353804","toID":"1353793","formEdgeID":null},{"edgeID":"1772865","fromID":"1353803","toID":"1353805","formEdgeID":null},{"edgeID":"1772866","fromID":"1353805","toID":"1353804","formEdgeID":null},{"edgeID":"1772867","fromID":"1353808","toID":"1353807","formEdgeID":null},{"edgeID":"1772868","fromID":"1353809","toID":"1353808","formEdgeID":null},{"edgeID":"1772869","fromID":"1353807","toID":"1353810","formEdgeID":null},{"edgeID":"1772870","fromID":"1353810","toID":"1353806","formEdgeID":null},{"edgeID":"1772871","fromID":"1353813","toID":"1353812","formEdgeID":null},{"edgeID":"1772872","fromID":"1353814","toID":"1353813","formEdgeID":null},{"edgeID":"1772873","fromID":"1353812","toID":"1353815","formEdgeID":null},{"edgeID":"1772874","fromID":"1353815","toID":"1353811","formEdgeID":null},{"edgeID":"1772875","fromID":"1353818","toID":"1353817","formEdgeID":null},{"edgeID":"1772876","fromID":"1353819","toID":"1353818","formEdgeID":null},{"edgeID":"1772877","fromID":"1353817","toID":"1353820","formEdgeID":null},{"edgeID":"1772878","fromID":"1353820","toID":"1353816","formEdgeID":null},{"edgeID":"1772879","fromID":"1353807","toID":"1353821","formEdgeID":null},{"edgeID":"1772880","fromID":"1353821","toID":"1353812","formEdgeID":null},{"edgeID":"1772881","fromID":"1353812","toID":"1353822","formEdgeID":null},{"edgeID":"1772882","fromID":"1353822","toID":"1353817","formEdgeID":null},{"edgeID":"1772883","fromID":"1353811","toID":"1353823","formEdgeID":null},{"edgeID":"1772884","fromID":"1353823","toID":"1353806","formEdgeID":null},{"edgeID":"1772885","fromID":"1353816","toID":"1353824","formEdgeID":null},{"edgeID":"1772886","fromID":"1353824","toID":"1353811","formEdgeID":null},{"edgeID":"1772887","fromID":"1353821","toID":"1353825","formEdgeID":null},{"edgeID":"1772888","fromID":"1353825","toID":"1353823","formEdgeID":null},{"edgeID":"1772889","fromID":"1353822","toID":"1353826","formEdgeID":null},{"edgeID":"1772890","fromID":"1353826","toID":"1353824","formEdgeID":null},{"edgeID":"1772891","fromID":"1353829","toID":"1353828","formEdgeID":null},{"edgeID":"1772892","fromID":"1353830","toID":"1353829","formEdgeID":null},{"edgeID":"1772893","fromID":"1353828","toID":"1353831","formEdgeID":null},{"edgeID":"1772894","fromID":"1353831","toID":"1353827","formEdgeID":null},{"edgeID":"1772895","fromID":"1353817","toID":"1353832","formEdgeID":null},{"edgeID":"1772896","fromID":"1353832","toID":"1353828","formEdgeID":null},{"edgeID":"1772897","fromID":"1353835","toID":"1353834","formEdgeID":null},{"edgeID":"1772898","fromID":"1353836","toID":"1353835","formEdgeID":null},{"edgeID":"1772899","fromID":"1353834","toID":"1353837","formEdgeID":null},{"edgeID":"1772900","fromID":"1353837","toID":"1353833","formEdgeID":null},{"edgeID":"1772901","fromID":"1353827","toID":"1353838","formEdgeID":null},{"edgeID":"1772902","fromID":"1353838","toID":"1353816","formEdgeID":null},{"edgeID":"1772903","fromID":"1353832","toID":"1353839","formEdgeID":null},{"edgeID":"1772904","fromID":"1353839","toID":"1353838","formEdgeID":null},{"edgeID":"1772905","fromID":"1353828","toID":"1353840","formEdgeID":null},{"edgeID":"1772906","fromID":"1353840","toID":"1353834","formEdgeID":null},{"edgeID":"1772907","fromID":"1353843","toID":"1353842","formEdgeID":null},{"edgeID":"1772908","fromID":"1353844","toID":"1353843","formEdgeID":null},{"edgeID":"1772909","fromID":"1353842","toID":"1353845","formEdgeID":null},{"edgeID":"1772910","fromID":"1353845","toID":"1353841","formEdgeID":null},{"edgeID":"1772911","fromID":"1353834","toID":"1353846","formEdgeID":null},{"edgeID":"1772912","fromID":"1353846","toID":"1353842","formEdgeID":null},{"edgeID":"1772913","fromID":"1353849","toID":"1353848","formEdgeID":null},{"edgeID":"1772914","fromID":"1353850","toID":"1353849","formEdgeID":null},{"edgeID":"1772915","fromID":"1353848","toID":"1353851","formEdgeID":null},{"edgeID":"1772916","fromID":"1353851","toID":"1353847","formEdgeID":null},{"edgeID":"1772917","fromID":"1353854","toID":"1353853","formEdgeID":null},{"edgeID":"1772918","fromID":"1353855","toID":"1353854","formEdgeID":null},{"edgeID":"1772919","fromID":"1353853","toID":"1353856","formEdgeID":null},{"edgeID":"1772920","fromID":"1353856","toID":"1353852","formEdgeID":null},{"edgeID":"1772921","fromID":"1353859","toID":"1353858","formEdgeID":null},{"edgeID":"1772922","fromID":"1353860","toID":"1353859","formEdgeID":null},{"edgeID":"1772923","fromID":"1353858","toID":"1353861","formEdgeID":null},{"edgeID":"1772924","fromID":"1353861","toID":"1353857","formEdgeID":null},{"edgeID":"1772925","fromID":"1353864","toID":"1353863","formEdgeID":null},{"edgeID":"1772926","fromID":"1353865","toID":"1353864","formEdgeID":null},{"edgeID":"1772927","fromID":"1353863","toID":"1353866","formEdgeID":null},{"edgeID":"1772928","fromID":"1353866","toID":"1353862","formEdgeID":null},{"edgeID":"1772929","fromID":"1353842","toID":"1353867","formEdgeID":null},{"edgeID":"1772930","fromID":"1353867","toID":"1353848","formEdgeID":null},{"edgeID":"1772931","fromID":"1353848","toID":"1353868","formEdgeID":null},{"edgeID":"1772932","fromID":"1353868","toID":"1353853","formEdgeID":null},{"edgeID":"1772933","fromID":"1353852","toID":"1353869","formEdgeID":null},{"edgeID":"1772934","fromID":"1353869","toID":"1353847","formEdgeID":null},{"edgeID":"1772935","fromID":"1353868","toID":"1353870","formEdgeID":null},{"edgeID":"1772936","fromID":"1353870","toID":"1353869","formEdgeID":null},{"edgeID":"1772937","fromID":"1353853","toID":"1353871","formEdgeID":null},{"edgeID":"1772938","fromID":"1353871","toID":"1353858","formEdgeID":null},{"edgeID":"1772939","fromID":"1353857","toID":"1353872","formEdgeID":null},{"edgeID":"1772940","fromID":"1353872","toID":"1353852","formEdgeID":null},{"edgeID":"1772941","fromID":"1353871","toID":"1353873","formEdgeID":null},{"edgeID":"1772942","fromID":"1353873","toID":"1353872","formEdgeID":null},{"edgeID":"1772943","fromID":"1353858","toID":"1353874","formEdgeID":null},{"edgeID":"1772944","fromID":"1353874","toID":"1353863","formEdgeID":null},{"edgeID":"1772945","fromID":"1353862","toID":"1353875","formEdgeID":null},{"edgeID":"1772946","fromID":"1353875","toID":"1353857","formEdgeID":null},{"edgeID":"1772947","fromID":"1353874","toID":"1353876","formEdgeID":null},{"edgeID":"1772948","fromID":"1353876","toID":"1353875","formEdgeID":null},{"edgeID":"1772949","fromID":"1353847","toID":"1353877","formEdgeID":null},{"edgeID":"1772950","fromID":"1353877","toID":"1353841","formEdgeID":null},{"edgeID":"1772951","fromID":"1353867","toID":"1353878","formEdgeID":null},{"edgeID":"1772952","fromID":"1353878","toID":"1353877","formEdgeID":null},{"edgeID":"1772953","fromID":"1353841","toID":"1353879","formEdgeID":null},{"edgeID":"1772954","fromID":"1353879","toID":"1353833","formEdgeID":null},{"edgeID":"1772955","fromID":"1353846","toID":"1353880","formEdgeID":null},{"edgeID":"1772956","fromID":"1353880","toID":"1353879","formEdgeID":null},{"edgeID":"1772957","fromID":"1353799","toID":"1353881","formEdgeID":null},{"edgeID":"1772958","fromID":"1353881","toID":"1353807","formEdgeID":null}],"locutions":[]}