{"nodes":[{"nodeID":"1353882","text":"there needs to be more emphasis on sustainable farming, local produced, and seasonable","type":"I","timestamp":"2023-11-09 14:14:07"},{"nodeID":"1353883","text":"AudienceMember 20221110QT59: There needs to be more emphasis I feel on sustainable farming, local produced, and seasonable","type":"L","timestamp":"2023-11-09 14:14:07"},{"nodeID":"1353884","text":"Analysing","type":"YA","timestamp":"2023-11-09 14:14:07"},{"nodeID":"1353885","text":"Lara: AudienceMember 20221110QT59: There needs to be more emphasis I feel on sustainable farming, local produced, and seasonable","type":"L","timestamp":"2023-11-09 14:14:07"},{"nodeID":"1353886","text":"Asserting","type":"YA","timestamp":"2023-11-09 14:14:07"},{"nodeID":"1353887","text":"more emphasis on sustainable, local produced and seasonable farming is not being taught","type":"I","timestamp":"2023-11-09 14:14:08"},{"nodeID":"1353888","text":"AudienceMember 20221110QT59:  it\u2019s not being taught","type":"L","timestamp":"2023-11-09 14:14:08"},{"nodeID":"1353889","text":"Analysing","type":"YA","timestamp":"2023-11-09 14:14:08"},{"nodeID":"1353890","text":"Lara: AudienceMember 20221110QT59:  it\u2019s not being taught","type":"L","timestamp":"2023-11-09 14:14:08"},{"nodeID":"1353891","text":"Asserting","type":"YA","timestamp":"2023-11-09 14:14:08"},{"nodeID":"1353892","text":"we\u2019re seeing areas like in Wales particularly, and in Scotland, where farmers are losing communities","type":"I","timestamp":"2023-11-09 14:14:09"},{"nodeID":"1353893","text":"AudienceMember 20221110QT59: We\u2019re seeing areas like in Wales particularly, and in Scotland, where they\u2019re losing communities","type":"L","timestamp":"2023-11-09 14:14:09"},{"nodeID":"1353894","text":"Analysing","type":"YA","timestamp":"2023-11-09 14:14:09"},{"nodeID":"1353895","text":"Lara: AudienceMember 20221110QT59: We\u2019re seeing areas like in Wales particularly, and in Scotland, where they\u2019re losing communities","type":"L","timestamp":"2023-11-09 14:14:09"},{"nodeID":"1353896","text":"Asserting","type":"YA","timestamp":"2023-11-09 14:14:09"},{"nodeID":"1353897","text":"farms are selling","type":"I","timestamp":"2023-11-09 14:14:09"},{"nodeID":"1353898","text":"AudienceMember 20221110QT59: farms are selling","type":"L","timestamp":"2023-11-09 14:14:09"},{"nodeID":"1353899","text":"Analysing","type":"YA","timestamp":"2023-11-09 14:14:09"},{"nodeID":"1353900","text":"Lara: AudienceMember 20221110QT59: farms are selling","type":"L","timestamp":"2023-11-09 14:14:09"},{"nodeID":"1353901","text":"Asserting","type":"YA","timestamp":"2023-11-09 14:14:09"},{"nodeID":"1353902","text":"the government is planting pines","type":"I","timestamp":"2023-11-09 14:14:10"},{"nodeID":"1353903","text":"AudienceMember 20221110QT59: you\u2019re planting pines","type":"L","timestamp":"2023-11-09 14:14:10"},{"nodeID":"1353904","text":"Analysing","type":"YA","timestamp":"2023-11-09 14:14:10"},{"nodeID":"1353905","text":"Lara: AudienceMember 20221110QT59: you\u2019re planting pines","type":"L","timestamp":"2023-11-09 14:14:10"},{"nodeID":"1353906","text":"Asserting","type":"YA","timestamp":"2023-11-09 14:14:10"},{"nodeID":"1353907","text":"there\u2019s no actual evidence that selling farms and planting them with trees helps against climate change","type":"I","timestamp":"2023-11-09 14:14:11"},{"nodeID":"1353908","text":"AudienceMember 20221110QT59: There\u2019s no actual evidence","type":"L","timestamp":"2023-11-09 14:14:11"},{"nodeID":"1353909","text":"Analysing","type":"YA","timestamp":"2023-11-09 14:14:11"},{"nodeID":"1353910","text":"Lara: AudienceMember 20221110QT59: There\u2019s no actual evidence","type":"L","timestamp":"2023-11-09 14:14:11"},{"nodeID":"1353911","text":"Asserting","type":"YA","timestamp":"2023-11-09 14:14:11"},{"nodeID":"1353912","text":"there\u2019s no real common sense being thrown at the discussion about sustainable farming","type":"I","timestamp":"2023-11-09 14:14:11"},{"nodeID":"1353913","text":"AudienceMember 20221110QT59: There\u2019s no real common sense being thrown at this discussion","type":"L","timestamp":"2023-11-09 14:14:11"},{"nodeID":"1353914","text":"Analysing","type":"YA","timestamp":"2023-11-09 14:14:11"},{"nodeID":"1353915","text":"Lara: AudienceMember 20221110QT59: There\u2019s no real common sense being thrown at this discussion","type":"L","timestamp":"2023-11-09 14:14:11"},{"nodeID":"1353916","text":"Asserting","type":"YA","timestamp":"2023-11-09 14:14:11"},{"nodeID":"1353917","text":"AudienceMember 20221110QT59 doesn't see any leadership","type":"I","timestamp":"2023-11-09 14:14:12"},{"nodeID":"1353918","text":"AudienceMember 20221110QT59: I don\u2019t see any leadership","type":"L","timestamp":"2023-11-09 14:14:12"},{"nodeID":"1353919","text":"Analysing","type":"YA","timestamp":"2023-11-09 14:14:12"},{"nodeID":"1353920","text":"Lara: AudienceMember 20221110QT59: I don\u2019t see any leadership","type":"L","timestamp":"2023-11-09 14:14:12"},{"nodeID":"1353921","text":"Asserting","type":"YA","timestamp":"2023-11-09 14:14:12"},{"nodeID":"1353922","text":"Fiona Bruce had Minette Batters on the show not that long ago","type":"I","timestamp":"2023-11-09 14:14:13"},{"nodeID":"1353923","text":"AudienceMember 20221110QT59: You had Minette Batters on here not that long ago","type":"L","timestamp":"2023-11-09 14:14:13"},{"nodeID":"1353924","text":"Analysing","type":"YA","timestamp":"2023-11-09 14:14:13"},{"nodeID":"1353925","text":"Lara: AudienceMember 20221110QT59: You had Minette Batters on here not that long ago","type":"L","timestamp":"2023-11-09 14:14:13"},{"nodeID":"1353926","text":"Asserting","type":"YA","timestamp":"2023-11-09 14:14:13"},{"nodeID":"1353927","text":"Minette Batters is head of the National Farmers Union","type":"I","timestamp":"2023-11-09 14:14:14"},{"nodeID":"1353928","text":"Fiona Bruce: Who\u2019s heard of the National Farmers Union","type":"L","timestamp":"2023-11-09 14:14:14"},{"nodeID":"1353929","text":"Analysing","type":"YA","timestamp":"2023-11-09 14:14:14"},{"nodeID":"1353930","text":"Lara: Fiona Bruce: Who\u2019s heard of the National Farmers Union","type":"L","timestamp":"2023-11-09 14:14:14"},{"nodeID":"1353931","text":"Asserting","type":"YA","timestamp":"2023-11-09 14:14:14"},{"nodeID":"1353932","text":"AudienceMember 20221110QT60: food\u2019s really important","type":"L","timestamp":"2023-11-09 14:14:14"},{"nodeID":"1353933","text":"Analysing","type":"YA","timestamp":"2023-11-09 14:14:14"},{"nodeID":"1353934","text":"Lara: AudienceMember 20221110QT60: food\u2019s really important","type":"L","timestamp":"2023-11-09 14:14:14"},{"nodeID":"1353935","text":"food\u2019s really important","type":"I","timestamp":"2023-11-09 14:14:14"},{"nodeID":"1353936","text":"Minette Batters: food\u2019s really important","type":"L","timestamp":"2023-11-09 14:14:14"},{"nodeID":"1353937","text":"Analysing","type":"YA","timestamp":"2023-11-09 14:14:14"},{"nodeID":"1353938","text":"Lara: Minette Batters: food\u2019s really important","type":"L","timestamp":"2023-11-09 14:14:14"},{"nodeID":"1353939","text":"Asserting","type":"YA","timestamp":"2023-11-09 14:14:14"},{"nodeID":"1353940","text":"Asserting","type":"YA","timestamp":"2023-11-09 14:14:14"},{"nodeID":"1353941","text":"the fertiliser productions are doing badly","type":"I","timestamp":"2023-11-09 14:14:15"},{"nodeID":"1353942","text":"AudienceMember 20221110QT60: you look at the fertiliser productions","type":"L","timestamp":"2023-11-09 14:14:15"},{"nodeID":"1353943","text":"Analysing","type":"YA","timestamp":"2023-11-09 14:14:15"},{"nodeID":"1353944","text":"Lara: AudienceMember 20221110QT60: you look at the fertiliser productions","type":"L","timestamp":"2023-11-09 14:14:15"},{"nodeID":"1353945","text":"Asserting","type":"YA","timestamp":"2023-11-09 14:14:15"},{"nodeID":"1353946","text":"you want to have organic farming in the world","type":"I","timestamp":"2023-11-09 14:14:16"},{"nodeID":"1353947","text":"AudienceMember 20221110QT60: you want to have organic farming in the world","type":"L","timestamp":"2023-11-09 14:14:16"},{"nodeID":"1353948","text":"Analysing","type":"YA","timestamp":"2023-11-09 14:14:16"},{"nodeID":"1353949","text":"Lara: AudienceMember 20221110QT60: you want to have organic farming in the world","type":"L","timestamp":"2023-11-09 14:14:16"},{"nodeID":"1353950","text":"Asserting","type":"YA","timestamp":"2023-11-09 14:14:16"},{"nodeID":"1353951","text":"a percentage of the world is going to starve","type":"I","timestamp":"2023-11-09 14:14:16"},{"nodeID":"1353952","text":"AudienceMember 20221110QT60: a percentage is going to starve","type":"L","timestamp":"2023-11-09 14:14:16"},{"nodeID":"1353953","text":"Analysing","type":"YA","timestamp":"2023-11-09 14:14:16"},{"nodeID":"1353954","text":"Lara: AudienceMember 20221110QT60: a percentage is going to starve","type":"L","timestamp":"2023-11-09 14:14:16"},{"nodeID":"1353955","text":"Asserting","type":"YA","timestamp":"2023-11-09 14:14:16"},{"nodeID":"1353956","text":"it is fairly factual that a percentage of the world is going to starve","type":"I","timestamp":"2023-11-09 14:14:17"},{"nodeID":"1353957","text":"AudienceMember 20221110QT60: That\u2019s fairly factual","type":"L","timestamp":"2023-11-09 14:14:17"},{"nodeID":"1353958","text":"Analysing","type":"YA","timestamp":"2023-11-09 14:14:17"},{"nodeID":"1353959","text":"Lara: AudienceMember 20221110QT60: That\u2019s fairly factual","type":"L","timestamp":"2023-11-09 14:14:17"},{"nodeID":"1353960","text":"Asserting","type":"YA","timestamp":"2023-11-09 14:14:17"},{"nodeID":"1353961","text":"the fertiliser isn\u2019t coming out of Russia and Ukraine and the Belarus","type":"I","timestamp":"2023-11-09 14:14:18"},{"nodeID":"1353962","text":"AudienceMember 20221110QT60: the fertiliser which isn\u2019t coming out of Russia and Ukraine and the Belarus","type":"L","timestamp":"2023-11-09 14:14:18"},{"nodeID":"1353963","text":"Analysing","type":"YA","timestamp":"2023-11-09 14:14:18"},{"nodeID":"1353964","text":"Lara: AudienceMember 20221110QT60: the fertiliser which isn\u2019t coming out of Russia and Ukraine and the Belarus","type":"L","timestamp":"2023-11-09 14:14:18"},{"nodeID":"1353965","text":"Asserting","type":"YA","timestamp":"2023-11-09 14:14:18"},{"nodeID":"1353966","text":"we\u2019re heading for a problem in the future","type":"I","timestamp":"2023-11-09 14:14:18"},{"nodeID":"1353967","text":"AudienceMember 20221110QT60: we\u2019re heading for a problem in the future","type":"L","timestamp":"2023-11-09 14:14:18"},{"nodeID":"1353968","text":"Analysing","type":"YA","timestamp":"2023-11-09 14:14:18"},{"nodeID":"1353969","text":"Lara: AudienceMember 20221110QT60: we\u2019re heading for a problem in the future","type":"L","timestamp":"2023-11-09 14:14:18"},{"nodeID":"1353970","text":"Asserting","type":"YA","timestamp":"2023-11-09 14:14:18"},{"nodeID":"1353971","text":"Default Transition","type":"TA","timestamp":"2023-11-09 14:14:18"},{"nodeID":"1353972","text":"Default Rephrase","type":"MA","timestamp":"2023-11-09 14:14:18"},{"nodeID":"1353973","text":"Restating","type":"YA","timestamp":"2023-11-09 14:14:18"},{"nodeID":"1353974","text":"Default Transition","type":"TA","timestamp":"2023-11-09 14:14:18"},{"nodeID":"1353975","text":"Default Inference","type":"RA","timestamp":"2023-11-09 14:14:18"},{"nodeID":"1353976","text":"Arguing","type":"YA","timestamp":"2023-11-09 14:14:18"},{"nodeID":"1353977","text":"Default Transition","type":"TA","timestamp":"2023-11-09 14:14:18"},{"nodeID":"1353978","text":"Default Transition","type":"TA","timestamp":"2023-11-09 14:14:18"},{"nodeID":"1353979","text":"Default Inference","type":"RA","timestamp":"2023-11-09 14:14:18"},{"nodeID":"1353980","text":"Arguing","type":"YA","timestamp":"2023-11-09 14:14:18"},{"nodeID":"1353981","text":"Default Transition","type":"TA","timestamp":"2023-11-09 14:14:18"},{"nodeID":"1353982","text":"Default Transition","type":"TA","timestamp":"2023-11-09 14:14:18"},{"nodeID":"1353983","text":"Default Rephrase","type":"MA","timestamp":"2023-11-09 14:14:18"},{"nodeID":"1353984","text":"Restating","type":"YA","timestamp":"2023-11-09 14:14:18"},{"nodeID":"1353985","text":"Default Transition","type":"TA","timestamp":"2023-11-09 14:14:18"},{"nodeID":"1353986","text":"Default Transition","type":"TA","timestamp":"2023-11-09 14:14:18"},{"nodeID":"1353987","text":"Default Transition","type":"TA","timestamp":"2023-11-09 14:14:18"},{"nodeID":"1353988","text":"Default Rephrase","type":"MA","timestamp":"2023-11-09 14:14:18"},{"nodeID":"1353989","text":"Restating","type":"YA","timestamp":"2023-11-09 14:14:18"},{"nodeID":"1353990","text":"Default Transition","type":"TA","timestamp":"2023-11-09 14:14:18"},{"nodeID":"1353991","text":"Default Transition","type":"TA","timestamp":"2023-11-09 14:14:18"},{"nodeID":"1353992","text":"Default Transition","type":"TA","timestamp":"2023-11-09 14:14:18"},{"nodeID":"1353993","text":"Default Inference","type":"RA","timestamp":"2023-11-09 14:14:18"},{"nodeID":"1353994","text":"Default Inference","type":"RA","timestamp":"2023-11-09 14:14:18"},{"nodeID":"1353995","text":"Arguing","type":"YA","timestamp":"2023-11-09 14:14:18"},{"nodeID":"1353996","text":"Arguing","type":"YA","timestamp":"2023-11-09 14:14:18"},{"nodeID":"1353997","text":"Default Transition","type":"TA","timestamp":"2023-11-09 14:14:18"},{"nodeID":"1353998","text":"Default Rephrase","type":"MA","timestamp":"2023-11-09 14:14:18"},{"nodeID":"1353999","text":"Restating","type":"YA","timestamp":"2023-11-09 14:14:18"},{"nodeID":"1354000","text":"Default Transition","type":"TA","timestamp":"2023-11-09 14:14:18"},{"nodeID":"1354001","text":"Default Transition","type":"TA","timestamp":"2023-11-09 14:14:18"},{"nodeID":"1354002","text":"Default Inference","type":"RA","timestamp":"2023-11-09 14:14:18"},{"nodeID":"1354003","text":"Arguing","type":"YA","timestamp":"2023-11-09 14:14:18"},{"nodeID":"1354004","text":"Default Transition","type":"TA","timestamp":"2023-11-09 14:14:18"},{"nodeID":"1354005","text":"Default Rephrase","type":"MA","timestamp":"2023-11-09 14:14:18"},{"nodeID":"1354006","text":"Default Transition","type":"TA","timestamp":"2023-11-09 14:14:18"},{"nodeID":"1354007","text":"Restating","type":"YA","timestamp":"2023-11-09 14:14:18"}],"edges":[{"edgeID":"1772959","fromID":"1353884","toID":"1353883","formEdgeID":null},{"edgeID":"1772960","fromID":"1353885","toID":"1353884","formEdgeID":null},{"edgeID":"1772961","fromID":"1353883","toID":"1353886","formEdgeID":null},{"edgeID":"1772962","fromID":"1353886","toID":"1353882","formEdgeID":null},{"edgeID":"1772963","fromID":"1353889","toID":"1353888","formEdgeID":null},{"edgeID":"1772964","fromID":"1353890","toID":"1353889","formEdgeID":null},{"edgeID":"1772965","fromID":"1353888","toID":"1353891","formEdgeID":null},{"edgeID":"1772966","fromID":"1353891","toID":"1353887","formEdgeID":null},{"edgeID":"1772967","fromID":"1353894","toID":"1353893","formEdgeID":null},{"edgeID":"1772968","fromID":"1353895","toID":"1353894","formEdgeID":null},{"edgeID":"1772969","fromID":"1353893","toID":"1353896","formEdgeID":null},{"edgeID":"1772970","fromID":"1353896","toID":"1353892","formEdgeID":null},{"edgeID":"1772971","fromID":"1353899","toID":"1353898","formEdgeID":null},{"edgeID":"1772972","fromID":"1353900","toID":"1353899","formEdgeID":null},{"edgeID":"1772973","fromID":"1353898","toID":"1353901","formEdgeID":null},{"edgeID":"1772974","fromID":"1353901","toID":"1353897","formEdgeID":null},{"edgeID":"1772975","fromID":"1353904","toID":"1353903","formEdgeID":null},{"edgeID":"1772976","fromID":"1353905","toID":"1353904","formEdgeID":null},{"edgeID":"1772977","fromID":"1353903","toID":"1353906","formEdgeID":null},{"edgeID":"1772978","fromID":"1353906","toID":"1353902","formEdgeID":null},{"edgeID":"1772979","fromID":"1353909","toID":"1353908","formEdgeID":null},{"edgeID":"1772980","fromID":"1353910","toID":"1353909","formEdgeID":null},{"edgeID":"1772981","fromID":"1353908","toID":"1353911","formEdgeID":null},{"edgeID":"1772982","fromID":"1353911","toID":"1353907","formEdgeID":null},{"edgeID":"1772983","fromID":"1353914","toID":"1353913","formEdgeID":null},{"edgeID":"1772984","fromID":"1353915","toID":"1353914","formEdgeID":null},{"edgeID":"1772985","fromID":"1353913","toID":"1353916","formEdgeID":null},{"edgeID":"1772986","fromID":"1353916","toID":"1353912","formEdgeID":null},{"edgeID":"1772987","fromID":"1353919","toID":"1353918","formEdgeID":null},{"edgeID":"1772988","fromID":"1353920","toID":"1353919","formEdgeID":null},{"edgeID":"1772989","fromID":"1353918","toID":"1353921","formEdgeID":null},{"edgeID":"1772990","fromID":"1353921","toID":"1353917","formEdgeID":null},{"edgeID":"1772991","fromID":"1353924","toID":"1353923","formEdgeID":null},{"edgeID":"1772992","fromID":"1353925","toID":"1353924","formEdgeID":null},{"edgeID":"1772993","fromID":"1353923","toID":"1353926","formEdgeID":null},{"edgeID":"1772994","fromID":"1353926","toID":"1353922","formEdgeID":null},{"edgeID":"1772995","fromID":"1353929","toID":"1353928","formEdgeID":null},{"edgeID":"1772996","fromID":"1353930","toID":"1353929","formEdgeID":null},{"edgeID":"1772997","fromID":"1353928","toID":"1353931","formEdgeID":null},{"edgeID":"1772998","fromID":"1353931","toID":"1353927","formEdgeID":null},{"edgeID":"1772999","fromID":"1353933","toID":"1353932","formEdgeID":null},{"edgeID":"1773000","fromID":"1353934","toID":"1353933","formEdgeID":null},{"edgeID":"1773001","fromID":"1353937","toID":"1353936","formEdgeID":null},{"edgeID":"1773002","fromID":"1353938","toID":"1353937","formEdgeID":null},{"edgeID":"1773003","fromID":"1353936","toID":"1353939","formEdgeID":null},{"edgeID":"1773004","fromID":"1353939","toID":"1353935","formEdgeID":null},{"edgeID":"1773005","fromID":"1353932","toID":"1353940","formEdgeID":null},{"edgeID":"1773006","fromID":"1353940","toID":"1353936","formEdgeID":null},{"edgeID":"1773007","fromID":"1353943","toID":"1353942","formEdgeID":null},{"edgeID":"1773008","fromID":"1353944","toID":"1353943","formEdgeID":null},{"edgeID":"1773009","fromID":"1353942","toID":"1353945","formEdgeID":null},{"edgeID":"1773010","fromID":"1353945","toID":"1353941","formEdgeID":null},{"edgeID":"1773011","fromID":"1353948","toID":"1353947","formEdgeID":null},{"edgeID":"1773012","fromID":"1353949","toID":"1353948","formEdgeID":null},{"edgeID":"1773013","fromID":"1353947","toID":"1353950","formEdgeID":null},{"edgeID":"1773014","fromID":"1353950","toID":"1353946","formEdgeID":null},{"edgeID":"1773015","fromID":"1353953","toID":"1353952","formEdgeID":null},{"edgeID":"1773016","fromID":"1353954","toID":"1353953","formEdgeID":null},{"edgeID":"1773017","fromID":"1353952","toID":"1353955","formEdgeID":null},{"edgeID":"1773018","fromID":"1353955","toID":"1353951","formEdgeID":null},{"edgeID":"1773019","fromID":"1353958","toID":"1353957","formEdgeID":null},{"edgeID":"1773020","fromID":"1353959","toID":"1353958","formEdgeID":null},{"edgeID":"1773021","fromID":"1353957","toID":"1353960","formEdgeID":null},{"edgeID":"1773022","fromID":"1353960","toID":"1353956","formEdgeID":null},{"edgeID":"1773023","fromID":"1353963","toID":"1353962","formEdgeID":null},{"edgeID":"1773024","fromID":"1353964","toID":"1353963","formEdgeID":null},{"edgeID":"1773025","fromID":"1353962","toID":"1353965","formEdgeID":null},{"edgeID":"1773026","fromID":"1353965","toID":"1353961","formEdgeID":null},{"edgeID":"1773027","fromID":"1353968","toID":"1353967","formEdgeID":null},{"edgeID":"1773028","fromID":"1353969","toID":"1353968","formEdgeID":null},{"edgeID":"1773029","fromID":"1353967","toID":"1353970","formEdgeID":null},{"edgeID":"1773030","fromID":"1353970","toID":"1353966","formEdgeID":null},{"edgeID":"1773031","fromID":"1353883","toID":"1353971","formEdgeID":null},{"edgeID":"1773032","fromID":"1353971","toID":"1353888","formEdgeID":null},{"edgeID":"1773033","fromID":"1353887","toID":"1353972","formEdgeID":null},{"edgeID":"1773034","fromID":"1353972","toID":"1353882","formEdgeID":null},{"edgeID":"1773035","fromID":"1353971","toID":"1353973","formEdgeID":null},{"edgeID":"1773036","fromID":"1353973","toID":"1353972","formEdgeID":null},{"edgeID":"1773037","fromID":"1353883","toID":"1353974","formEdgeID":null},{"edgeID":"1773038","fromID":"1353974","toID":"1353893","formEdgeID":null},{"edgeID":"1773039","fromID":"1353892","toID":"1353975","formEdgeID":null},{"edgeID":"1773040","fromID":"1353975","toID":"1353882","formEdgeID":null},{"edgeID":"1773041","fromID":"1353974","toID":"1353976","formEdgeID":null},{"edgeID":"1773042","fromID":"1353976","toID":"1353975","formEdgeID":null},{"edgeID":"1773043","fromID":"1353893","toID":"1353977","formEdgeID":null},{"edgeID":"1773044","fromID":"1353977","toID":"1353898","formEdgeID":null},{"edgeID":"1773045","fromID":"1353893","toID":"1353978","formEdgeID":null},{"edgeID":"1773046","fromID":"1353978","toID":"1353903","formEdgeID":null},{"edgeID":"1773047","fromID":"1353897","toID":"1353979","formEdgeID":null},{"edgeID":"1773048","fromID":"1353979","toID":"1353892","formEdgeID":null},{"edgeID":"1773049","fromID":"1353902","toID":"1353979","formEdgeID":null},{"edgeID":"1773050","fromID":"1353978","toID":"1353980","formEdgeID":null},{"edgeID":"1773051","fromID":"1353980","toID":"1353979","formEdgeID":null},{"edgeID":"1773052","fromID":"1353903","toID":"1353981","formEdgeID":null},{"edgeID":"1773053","fromID":"1353981","toID":"1353908","formEdgeID":null},{"edgeID":"1773054","fromID":"1353908","toID":"1353982","formEdgeID":null},{"edgeID":"1773055","fromID":"1353982","toID":"1353913","formEdgeID":null},{"edgeID":"1773056","fromID":"1353912","toID":"1353983","formEdgeID":null},{"edgeID":"1773057","fromID":"1353983","toID":"1353907","formEdgeID":null},{"edgeID":"1773058","fromID":"1353982","toID":"1353984","formEdgeID":null},{"edgeID":"1773059","fromID":"1353984","toID":"1353983","formEdgeID":null},{"edgeID":"1773060","fromID":"1353913","toID":"1353985","formEdgeID":null},{"edgeID":"1773061","fromID":"1353985","toID":"1353918","formEdgeID":null},{"edgeID":"1773062","fromID":"1353918","toID":"1353986","formEdgeID":null},{"edgeID":"1773063","fromID":"1353986","toID":"1353923","formEdgeID":null},{"edgeID":"1773064","fromID":"1353923","toID":"1353987","formEdgeID":null},{"edgeID":"1773065","fromID":"1353987","toID":"1353928","formEdgeID":null},{"edgeID":"1773066","fromID":"1353927","toID":"1353988","formEdgeID":null},{"edgeID":"1773067","fromID":"1353988","toID":"1353922","formEdgeID":null},{"edgeID":"1773068","fromID":"1353987","toID":"1353989","formEdgeID":null},{"edgeID":"1773069","fromID":"1353989","toID":"1353988","formEdgeID":null},{"edgeID":"1773070","fromID":"1353928","toID":"1353990","formEdgeID":null},{"edgeID":"1773071","fromID":"1353990","toID":"1353932","formEdgeID":null},{"edgeID":"1773072","fromID":"1353942","toID":"1353991","formEdgeID":null},{"edgeID":"1773073","fromID":"1353991","toID":"1353952","formEdgeID":null},{"edgeID":"1773074","fromID":"1353947","toID":"1353992","formEdgeID":null},{"edgeID":"1773075","fromID":"1353992","toID":"1353952","formEdgeID":null},{"edgeID":"1773076","fromID":"1353941","toID":"1353993","formEdgeID":null},{"edgeID":"1773077","fromID":"1353993","toID":"1353951","formEdgeID":null},{"edgeID":"1773078","fromID":"1353946","toID":"1353994","formEdgeID":null},{"edgeID":"1773079","fromID":"1353994","toID":"1353951","formEdgeID":null},{"edgeID":"1773080","fromID":"1353991","toID":"1353995","formEdgeID":null},{"edgeID":"1773081","fromID":"1353995","toID":"1353993","formEdgeID":null},{"edgeID":"1773082","fromID":"1353992","toID":"1353996","formEdgeID":null},{"edgeID":"1773083","fromID":"1353996","toID":"1353994","formEdgeID":null},{"edgeID":"1773084","fromID":"1353952","toID":"1353997","formEdgeID":null},{"edgeID":"1773085","fromID":"1353997","toID":"1353957","formEdgeID":null},{"edgeID":"1773086","fromID":"1353956","toID":"1353998","formEdgeID":null},{"edgeID":"1773087","fromID":"1353998","toID":"1353951","formEdgeID":null},{"edgeID":"1773088","fromID":"1353997","toID":"1353999","formEdgeID":null},{"edgeID":"1773089","fromID":"1353999","toID":"1353998","formEdgeID":null},{"edgeID":"1773090","fromID":"1353957","toID":"1354000","formEdgeID":null},{"edgeID":"1773091","fromID":"1354000","toID":"1353962","formEdgeID":null},{"edgeID":"1773092","fromID":"1353962","toID":"1354001","formEdgeID":null},{"edgeID":"1773093","fromID":"1354001","toID":"1353967","formEdgeID":null},{"edgeID":"1773094","fromID":"1353961","toID":"1354002","formEdgeID":null},{"edgeID":"1773095","fromID":"1354002","toID":"1353966","formEdgeID":null},{"edgeID":"1773096","fromID":"1354001","toID":"1354003","formEdgeID":null},{"edgeID":"1773097","fromID":"1354003","toID":"1354002","formEdgeID":null},{"edgeID":"1773098","fromID":"1353932","toID":"1354004","formEdgeID":null},{"edgeID":"1773099","fromID":"1354004","toID":"1353942","formEdgeID":null},{"edgeID":"1773100","fromID":"1353961","toID":"1354005","formEdgeID":null},{"edgeID":"1773101","fromID":"1354005","toID":"1353941","formEdgeID":null},{"edgeID":"1773102","fromID":"1353942","toID":"1354006","formEdgeID":null},{"edgeID":"1773103","fromID":"1354006","toID":"1353962","formEdgeID":null},{"edgeID":"1773104","fromID":"1354006","toID":"1354007","formEdgeID":null},{"edgeID":"1773105","fromID":"1354007","toID":"1354005","formEdgeID":null}],"locutions":[]}