{"nodes":[{"nodeID":"1070875","text":"there is no guarantee that just because you get oil out of the North Sea which is local that it\u2019ll be used locally","type":"I","timestamp":"2022-12-15 18:31:02"},{"nodeID":"1070880","text":"local oil gets sold on international markets at global prices","type":"I","timestamp":"2022-12-15 18:31:05"},{"nodeID":"1070888","text":"these businesses are not charities","type":"I","timestamp":"2022-12-15 18:31:07"},{"nodeID":"1070898","text":"businesses will sell the oil to the highest bidder","type":"I","timestamp":"2022-12-15 18:31:11"},{"nodeID":"1070903","text":"the highest bidder might not be us","type":"I","timestamp":"2022-12-15 18:31:13"},{"nodeID":"1070916","text":"we need to make that green transition","type":"I","timestamp":"2022-12-15 18:31:16"},{"nodeID":"1070921","text":"we need to make that green transition fast","type":"I","timestamp":"2022-12-15 18:31:18"},{"nodeID":"1070929","text":"we are making a green transition","type":"I","timestamp":"2022-12-15 18:31:20"},{"nodeID":"1070937","text":"either we have a managed transition to a green transition and a greener future or we have chaos","type":"I","timestamp":"2022-12-15 18:31:23"},{"nodeID":"1070942","text":"a greener future or chaos are the two choices before us","type":"I","timestamp":"2022-12-15 18:31:25"},{"nodeID":"1070951","text":"COP27 is or is not realistic when the biggest emitters of CO2 simply aren\u2019t there","type":"I","timestamp":"2022-12-15 18:31:27"},{"nodeID":"1070961","text":"there is no guarantee whatsoever local oil actually gets used here and reduces our emissions","type":"I","timestamp":"2022-12-15 18:31:31"},{"nodeID":"1070966","text":"you go round having massive amounts of yet more oil and gas coming from the North Sea","type":"I","timestamp":"2022-12-15 18:31:34"},{"nodeID":"1378147","text":"Caroline Lucas: There is no guarantee that just because you get oil out of the North Sea which is local that it\u2019ll be used locally","type":"L","timestamp":"2023-11-09 14:50:53"},{"nodeID":"1378148","text":"Analysing","type":"YA","timestamp":"2023-11-09 14:50:53"},{"nodeID":"1378149","text":"Anon: Caroline Lucas: There is no guarantee that just because you get oil out of the North Sea which is local that it\u2019ll be used locally","type":"L","timestamp":"2023-11-09 14:50:53"},{"nodeID":"1378150","text":"Asserting","type":"YA","timestamp":"2023-11-09 14:50:53"},{"nodeID":"1378151","text":"Caroline Lucas: It gets sold on international markets at global prices","type":"L","timestamp":"2023-11-09 14:50:53"},{"nodeID":"1378152","text":"Analysing","type":"YA","timestamp":"2023-11-09 14:50:53"},{"nodeID":"1378153","text":"Anon: Caroline Lucas: It gets sold on international markets at global prices","type":"L","timestamp":"2023-11-09 14:50:53"},{"nodeID":"1378154","text":"Asserting","type":"YA","timestamp":"2023-11-09 14:50:53"},{"nodeID":"1378155","text":"Default Rephrase","type":"MA","timestamp":"2023-11-09 14:50:53"},{"nodeID":"1378156","text":"Default Transition","type":"TA","timestamp":"2023-11-09 14:50:53"},{"nodeID":"1378157","text":"Restating","type":"YA","timestamp":"2023-11-09 14:50:53"},{"nodeID":"1378158","text":"Caroline Lucas: Kwasi Kwarteng himself when he was the Energy Minister said these businesses are not charities","type":"L","timestamp":"2023-11-09 14:50:54"},{"nodeID":"1378159","text":"Analysing","type":"YA","timestamp":"2023-11-09 14:50:54"},{"nodeID":"1378160","text":"Anon: Caroline Lucas: Kwasi Kwarteng himself when he was the Energy Minister said these businesses are not charities","type":"L","timestamp":"2023-11-09 14:50:54"},{"nodeID":"1378161","text":"Kwasi Kwarteng: these businesses are not charities","type":"L","timestamp":"2023-11-09 14:50:54"},{"nodeID":"1378162","text":"Analysing","type":"YA","timestamp":"2023-11-09 14:50:54"},{"nodeID":"1378163","text":"Anon: Kwasi Kwarteng: Kwasi Kwarteng himself when he was the Energy Minister said these businesses are not charities","type":"L","timestamp":"2023-11-09 14:50:54"},{"nodeID":"1378164","text":"Asserting","type":"YA","timestamp":"2023-11-09 14:50:54"},{"nodeID":"1378165","text":"Default Transition","type":"TA","timestamp":"2023-11-09 14:50:54"},{"nodeID":"1378166","text":"Asserting","type":"YA","timestamp":"2023-11-09 14:50:54"},{"nodeID":"1378167","text":"Caroline Lucas: They will sell it to the highest bidder","type":"L","timestamp":"2023-11-09 14:50:55"},{"nodeID":"1378168","text":"Analysing","type":"YA","timestamp":"2023-11-09 14:50:55"},{"nodeID":"1378169","text":"Anon: Caroline Lucas: They will sell it to the highest bidder","type":"L","timestamp":"2023-11-09 14:50:55"},{"nodeID":"1378170","text":"Asserting","type":"YA","timestamp":"2023-11-09 14:50:55"},{"nodeID":"1378171","text":"Caroline Lucas: that might not be us","type":"L","timestamp":"2023-11-09 14:50:55"},{"nodeID":"1378172","text":"Analysing","type":"YA","timestamp":"2023-11-09 14:50:55"},{"nodeID":"1378173","text":"Anon: Caroline Lucas: that might not be us","type":"L","timestamp":"2023-11-09 14:50:55"},{"nodeID":"1378174","text":"Asserting","type":"YA","timestamp":"2023-11-09 14:50:55"},{"nodeID":"1378175","text":"Default Rephrase","type":"MA","timestamp":"2023-11-09 14:50:55"},{"nodeID":"1378176","text":"Default Transition","type":"TA","timestamp":"2023-11-09 14:50:55"},{"nodeID":"1378177","text":"Restating","type":"YA","timestamp":"2023-11-09 14:50:55"},{"nodeID":"1378178","text":"Default Inference","type":"RA","timestamp":"2023-11-09 14:50:55"},{"nodeID":"1378179","text":"Default Transition","type":"TA","timestamp":"2023-11-09 14:50:55"},{"nodeID":"1378180","text":"Arguing","type":"YA","timestamp":"2023-11-09 14:50:55"},{"nodeID":"1378181","text":"Default Inference","type":"RA","timestamp":"2023-11-09 14:50:55"},{"nodeID":"1378182","text":"Arguing","type":"YA","timestamp":"2023-11-09 14:50:55"},{"nodeID":"1378183","text":"Caroline Lucas: we need to do is to make that green transition","type":"L","timestamp":"2023-11-09 14:50:56"},{"nodeID":"1378184","text":"Analysing","type":"YA","timestamp":"2023-11-09 14:50:56"},{"nodeID":"1378185","text":"Anon: Caroline Lucas: we need to do is to make that green transition","type":"L","timestamp":"2023-11-09 14:50:56"},{"nodeID":"1378186","text":"Asserting","type":"YA","timestamp":"2023-11-09 14:50:56"},{"nodeID":"1378187","text":"Caroline Lucas: to do it fast","type":"L","timestamp":"2023-11-09 14:50:57"},{"nodeID":"1378188","text":"Analysing","type":"YA","timestamp":"2023-11-09 14:50:57"},{"nodeID":"1378189","text":"Anon: Caroline Lucas: to do it fast","type":"L","timestamp":"2023-11-09 14:50:57"},{"nodeID":"1378190","text":"Asserting","type":"YA","timestamp":"2023-11-09 14:50:57"},{"nodeID":"1378191","text":"Default Rephrase","type":"MA","timestamp":"2023-11-09 14:50:57"},{"nodeID":"1378192","text":"Default Transition","type":"TA","timestamp":"2023-11-09 14:50:57"},{"nodeID":"1378193","text":"Restating","type":"YA","timestamp":"2023-11-09 14:50:57"},{"nodeID":"1378194","text":"Mark Harper: we are","type":"L","timestamp":"2023-11-09 14:50:57"},{"nodeID":"1378195","text":"Analysing","type":"YA","timestamp":"2023-11-09 14:50:57"},{"nodeID":"1378196","text":"Anon: Mark Harper: we are","type":"L","timestamp":"2023-11-09 14:50:57"},{"nodeID":"1378197","text":"Asserting","type":"YA","timestamp":"2023-11-09 14:50:57"},{"nodeID":"1378198","text":"Default Conflict","type":"CA","timestamp":"2023-11-09 14:50:57"},{"nodeID":"1378199","text":"Default Transition","type":"TA","timestamp":"2023-11-09 14:50:57"},{"nodeID":"1378200","text":"Disagreeing","type":"YA","timestamp":"2023-11-09 14:50:57"},{"nodeID":"1378201","text":"Caroline Lucas: either we have a managed transition to a green transition and a greener future or we have chaos","type":"L","timestamp":"2023-11-09 14:50:58"},{"nodeID":"1378202","text":"Analysing","type":"YA","timestamp":"2023-11-09 14:50:58"},{"nodeID":"1378203","text":"Anon: Caroline Lucas: either we have a managed transition to a green transition and a greener future or we have chaos","type":"L","timestamp":"2023-11-09 14:50:58"},{"nodeID":"1378204","text":"Asserting","type":"YA","timestamp":"2023-11-09 14:50:58"},{"nodeID":"1378205","text":"Caroline Lucas: Those are the two choices before us","type":"L","timestamp":"2023-11-09 14:50:59"},{"nodeID":"1378206","text":"Analysing","type":"YA","timestamp":"2023-11-09 14:50:59"},{"nodeID":"1378207","text":"Anon: Caroline Lucas: Those are the two choices before us","type":"L","timestamp":"2023-11-09 14:50:59"},{"nodeID":"1378208","text":"Asserting","type":"YA","timestamp":"2023-11-09 14:50:59"},{"nodeID":"1378209","text":"Default Transition","type":"TA","timestamp":"2023-11-09 14:50:59"},{"nodeID":"1378210","text":"Default Transition","type":"TA","timestamp":"2023-11-09 14:50:59"},{"nodeID":"1378211","text":"Default Rephrase","type":"MA","timestamp":"2023-11-09 14:50:59"},{"nodeID":"1378212","text":"Restating","type":"YA","timestamp":"2023-11-09 14:50:59"},{"nodeID":"1378213","text":"Fiona Bruce: Richard\u2019s question originally was, is COP27 realistic when the biggest emitters of CO2 simply aren\u2019t there","type":"L","timestamp":"2023-11-09 14:50:59"},{"nodeID":"1378214","text":"Analysing","type":"YA","timestamp":"2023-11-09 14:50:59"},{"nodeID":"1378215","text":"Anon: Fiona Bruce: Richard\u2019s question originally was, is COP27 realistic when the biggest emitters of CO2 simply aren\u2019t there","type":"L","timestamp":"2023-11-09 14:50:59"},{"nodeID":"1378216","text":"Richard Unknown: is COP27 realistic when the biggest emitters of CO2 simply aren\u2019t there","type":"L","timestamp":"2023-11-09 14:50:59"},{"nodeID":"1378217","text":"Analysing","type":"YA","timestamp":"2023-11-09 14:50:59"},{"nodeID":"1378218","text":"Anon: Richard Unknown: Richard\u2019s question originally was, is COP27 realistic when the biggest emitters of CO2 simply aren\u2019t there","type":"L","timestamp":"2023-11-09 14:50:59"},{"nodeID":"1378219","text":"Pure Questioning","type":"YA","timestamp":"2023-11-09 14:50:59"},{"nodeID":"1378220","text":"Default Transition","type":"TA","timestamp":"2023-11-09 14:50:59"},{"nodeID":"1378221","text":"Asserting","type":"YA","timestamp":"2023-11-09 14:50:59"},{"nodeID":"1378222","text":"Caroline Lucas: there is no guarantee whatsoever if you go round having massive amounts of yet more oil and gas coming from the North Sea that actually gets used here and reduces our emissions here","type":"L","timestamp":"2023-11-09 14:51:00"},{"nodeID":"1378223","text":"Analysing","type":"YA","timestamp":"2023-11-09 14:51:00"},{"nodeID":"1378224","text":"Anon: Caroline Lucas: there is no guarantee whatsoever if you go round having massive amounts of yet more oil and gas coming from the North Sea that actually gets used here and reduces our emissions here","type":"L","timestamp":"2023-11-09 14:51:00"},{"nodeID":"1378225","text":"Asserting","type":"YA","timestamp":"2023-11-09 14:51:00"},{"nodeID":"1378226","text":"Caroline Lucas: you go round having massive amounts of yet more oil and gas coming from the North Sea","type":"L","timestamp":"2023-11-09 14:51:00"},{"nodeID":"1378227","text":"Analysing","type":"YA","timestamp":"2023-11-09 14:51:00"},{"nodeID":"1378228","text":"Anon: Caroline Lucas: you go round having massive amounts of yet more oil and gas coming from the North Sea","type":"L","timestamp":"2023-11-09 14:51:00"},{"nodeID":"1378229","text":"Asserting","type":"YA","timestamp":"2023-11-09 14:51:00"},{"nodeID":"1378230","text":"Default Transition","type":"TA","timestamp":"2023-11-09 14:51:00"},{"nodeID":"1378231","text":"Default Inference","type":"RA","timestamp":"2023-11-09 14:51:00"},{"nodeID":"1378232","text":"Arguing","type":"YA","timestamp":"2023-11-09 14:51:00"},{"nodeID":"1378233","text":"Default Inference","type":"RA","timestamp":"2023-11-09 14:51:00"},{"nodeID":"1378234","text":"Default Transition","type":"TA","timestamp":"2023-11-09 14:51:00"},{"nodeID":"1378235","text":"Arguing","type":"YA","timestamp":"2023-11-09 14:51:00"},{"nodeID":"1378236","text":"Default Rephrase","type":"MA","timestamp":"2023-11-09 14:51:00"},{"nodeID":"1378237","text":"Default Transition","type":"TA","timestamp":"2023-11-09 14:51:00"},{"nodeID":"1378238","text":"Restating","type":"YA","timestamp":"2023-11-09 14:51:00"}],"edges":[{"edgeID":"1801771","fromID":"1378148","toID":"1378147","formEdgeID":null},{"edgeID":"1801772","fromID":"1378149","toID":"1378148","formEdgeID":null},{"edgeID":"1801773","fromID":"1378147","toID":"1378150","formEdgeID":null},{"edgeID":"1801774","fromID":"1378150","toID":"1070875","formEdgeID":null},{"edgeID":"1801775","fromID":"1378152","toID":"1378151","formEdgeID":null},{"edgeID":"1801776","fromID":"1378153","toID":"1378152","formEdgeID":null},{"edgeID":"1801777","fromID":"1378151","toID":"1378154","formEdgeID":null},{"edgeID":"1801778","fromID":"1378154","toID":"1070880","formEdgeID":null},{"edgeID":"1801779","fromID":"1070880","toID":"1378155","formEdgeID":null},{"edgeID":"1801780","fromID":"1378155","toID":"1070875","formEdgeID":null},{"edgeID":"1801781","fromID":"1378147","toID":"1378156","formEdgeID":null},{"edgeID":"1801782","fromID":"1378156","toID":"1378151","formEdgeID":null},{"edgeID":"1801783","fromID":"1378156","toID":"1378157","formEdgeID":null},{"edgeID":"1801784","fromID":"1378157","toID":"1378155","formEdgeID":null},{"edgeID":"1801785","fromID":"1378159","toID":"1378158","formEdgeID":null},{"edgeID":"1801786","fromID":"1378160","toID":"1378159","formEdgeID":null},{"edgeID":"1801787","fromID":"1378162","toID":"1378161","formEdgeID":null},{"edgeID":"1801788","fromID":"1378163","toID":"1378162","formEdgeID":null},{"edgeID":"1801789","fromID":"1378161","toID":"1378164","formEdgeID":null},{"edgeID":"1801790","fromID":"1378164","toID":"1070888","formEdgeID":null},{"edgeID":"1801791","fromID":"1378151","toID":"1378165","formEdgeID":null},{"edgeID":"1801792","fromID":"1378165","toID":"1378158","formEdgeID":null},{"edgeID":"1801793","fromID":"1378158","toID":"1378166","formEdgeID":null},{"edgeID":"1801794","fromID":"1378166","toID":"1378161","formEdgeID":null},{"edgeID":"1801795","fromID":"1378168","toID":"1378167","formEdgeID":null},{"edgeID":"1801796","fromID":"1378169","toID":"1378168","formEdgeID":null},{"edgeID":"1801797","fromID":"1378167","toID":"1378170","formEdgeID":null},{"edgeID":"1801798","fromID":"1378170","toID":"1070898","formEdgeID":null},{"edgeID":"1801799","fromID":"1378172","toID":"1378171","formEdgeID":null},{"edgeID":"1801800","fromID":"1378173","toID":"1378172","formEdgeID":null},{"edgeID":"1801801","fromID":"1378171","toID":"1378174","formEdgeID":null},{"edgeID":"1801802","fromID":"1378174","toID":"1070903","formEdgeID":null},{"edgeID":"1801803","fromID":"1070903","toID":"1378175","formEdgeID":null},{"edgeID":"1801804","fromID":"1378175","toID":"1070898","formEdgeID":null},{"edgeID":"1801805","fromID":"1378167","toID":"1378176","formEdgeID":null},{"edgeID":"1801806","fromID":"1378176","toID":"1378171","formEdgeID":null},{"edgeID":"1801807","fromID":"1378176","toID":"1378177","formEdgeID":null},{"edgeID":"1801808","fromID":"1378177","toID":"1378175","formEdgeID":null},{"edgeID":"1801809","fromID":"1070888","toID":"1378178","formEdgeID":null},{"edgeID":"1801810","fromID":"1378178","toID":"1070898","formEdgeID":null},{"edgeID":"1801811","fromID":"1378158","toID":"1378179","formEdgeID":null},{"edgeID":"1801812","fromID":"1378179","toID":"1378167","formEdgeID":null},{"edgeID":"1801813","fromID":"1378179","toID":"1378180","formEdgeID":null},{"edgeID":"1801814","fromID":"1378180","toID":"1378178","formEdgeID":null},{"edgeID":"1801815","fromID":"1070888","toID":"1378181","formEdgeID":null},{"edgeID":"1801816","fromID":"1378181","toID":"1070880","formEdgeID":null},{"edgeID":"1801817","fromID":"1378165","toID":"1378182","formEdgeID":null},{"edgeID":"1801818","fromID":"1378182","toID":"1378181","formEdgeID":null},{"edgeID":"1801819","fromID":"1378184","toID":"1378183","formEdgeID":null},{"edgeID":"1801820","fromID":"1378185","toID":"1378184","formEdgeID":null},{"edgeID":"1801821","fromID":"1378183","toID":"1378186","formEdgeID":null},{"edgeID":"1801822","fromID":"1378186","toID":"1070916","formEdgeID":null},{"edgeID":"1801823","fromID":"1378188","toID":"1378187","formEdgeID":null},{"edgeID":"1801824","fromID":"1378189","toID":"1378188","formEdgeID":null},{"edgeID":"1801825","fromID":"1378187","toID":"1378190","formEdgeID":null},{"edgeID":"1801826","fromID":"1378190","toID":"1070921","formEdgeID":null},{"edgeID":"1801827","fromID":"1070921","toID":"1378191","formEdgeID":null},{"edgeID":"1801828","fromID":"1378191","toID":"1070916","formEdgeID":null},{"edgeID":"1801829","fromID":"1378183","toID":"1378192","formEdgeID":null},{"edgeID":"1801830","fromID":"1378192","toID":"1378187","formEdgeID":null},{"edgeID":"1801831","fromID":"1378192","toID":"1378193","formEdgeID":null},{"edgeID":"1801832","fromID":"1378193","toID":"1378191","formEdgeID":null},{"edgeID":"1801833","fromID":"1378195","toID":"1378194","formEdgeID":null},{"edgeID":"1801834","fromID":"1378196","toID":"1378195","formEdgeID":null},{"edgeID":"1801835","fromID":"1378194","toID":"1378197","formEdgeID":null},{"edgeID":"1801836","fromID":"1378197","toID":"1070929","formEdgeID":null},{"edgeID":"1801837","fromID":"1070929","toID":"1378198","formEdgeID":null},{"edgeID":"1801838","fromID":"1378198","toID":"1070916","formEdgeID":null},{"edgeID":"1801839","fromID":"1378183","toID":"1378199","formEdgeID":null},{"edgeID":"1801840","fromID":"1378199","toID":"1378194","formEdgeID":null},{"edgeID":"1801841","fromID":"1378199","toID":"1378200","formEdgeID":null},{"edgeID":"1801842","fromID":"1378200","toID":"1378198","formEdgeID":null},{"edgeID":"1801843","fromID":"1378202","toID":"1378201","formEdgeID":null},{"edgeID":"1801844","fromID":"1378203","toID":"1378202","formEdgeID":null},{"edgeID":"1801845","fromID":"1378201","toID":"1378204","formEdgeID":null},{"edgeID":"1801846","fromID":"1378204","toID":"1070937","formEdgeID":null},{"edgeID":"1801847","fromID":"1378206","toID":"1378205","formEdgeID":null},{"edgeID":"1801848","fromID":"1378207","toID":"1378206","formEdgeID":null},{"edgeID":"1801849","fromID":"1378205","toID":"1378208","formEdgeID":null},{"edgeID":"1801850","fromID":"1378208","toID":"1070942","formEdgeID":null},{"edgeID":"1801851","fromID":"1378194","toID":"1378209","formEdgeID":null},{"edgeID":"1801852","fromID":"1378209","toID":"1378201","formEdgeID":null},{"edgeID":"1801853","fromID":"1378201","toID":"1378210","formEdgeID":null},{"edgeID":"1801854","fromID":"1378210","toID":"1378205","formEdgeID":null},{"edgeID":"1801855","fromID":"1070942","toID":"1378211","formEdgeID":null},{"edgeID":"1801856","fromID":"1378211","toID":"1070937","formEdgeID":null},{"edgeID":"1801857","fromID":"1378210","toID":"1378212","formEdgeID":null},{"edgeID":"1801858","fromID":"1378212","toID":"1378211","formEdgeID":null},{"edgeID":"1801859","fromID":"1378214","toID":"1378213","formEdgeID":null},{"edgeID":"1801860","fromID":"1378215","toID":"1378214","formEdgeID":null},{"edgeID":"1801861","fromID":"1378217","toID":"1378216","formEdgeID":null},{"edgeID":"1801862","fromID":"1378218","toID":"1378217","formEdgeID":null},{"edgeID":"1801863","fromID":"1378216","toID":"1378219","formEdgeID":null},{"edgeID":"1801864","fromID":"1378219","toID":"1070951","formEdgeID":null},{"edgeID":"1801865","fromID":"1378205","toID":"1378220","formEdgeID":null},{"edgeID":"1801866","fromID":"1378220","toID":"1378213","formEdgeID":null},{"edgeID":"1801867","fromID":"1378213","toID":"1378221","formEdgeID":null},{"edgeID":"1801868","fromID":"1378221","toID":"1378216","formEdgeID":null},{"edgeID":"1801869","fromID":"1378223","toID":"1378222","formEdgeID":null},{"edgeID":"1801870","fromID":"1378224","toID":"1378223","formEdgeID":null},{"edgeID":"1801871","fromID":"1378222","toID":"1378225","formEdgeID":null},{"edgeID":"1801872","fromID":"1378225","toID":"1070961","formEdgeID":null},{"edgeID":"1801873","fromID":"1378227","toID":"1378226","formEdgeID":null},{"edgeID":"1801874","fromID":"1378228","toID":"1378227","formEdgeID":null},{"edgeID":"1801875","fromID":"1378226","toID":"1378229","formEdgeID":null},{"edgeID":"1801876","fromID":"1378229","toID":"1070966","formEdgeID":null},{"edgeID":"1801877","fromID":"1378226","toID":"1378230","formEdgeID":null},{"edgeID":"1801878","fromID":"1378230","toID":"1378183","formEdgeID":null},{"edgeID":"1801879","fromID":"1070966","toID":"1378231","formEdgeID":null},{"edgeID":"1801880","fromID":"1378231","toID":"1070916","formEdgeID":null},{"edgeID":"1801881","fromID":"1378230","toID":"1378232","formEdgeID":null},{"edgeID":"1801882","fromID":"1378232","toID":"1378231","formEdgeID":null},{"edgeID":"1801883","fromID":"1070966","toID":"1378233","formEdgeID":null},{"edgeID":"1801884","fromID":"1378233","toID":"1070961","formEdgeID":null},{"edgeID":"1801885","fromID":"1378222","toID":"1378234","formEdgeID":null},{"edgeID":"1801886","fromID":"1378234","toID":"1378226","formEdgeID":null},{"edgeID":"1801887","fromID":"1378234","toID":"1378235","formEdgeID":null},{"edgeID":"1801888","fromID":"1378235","toID":"1378233","formEdgeID":null},{"edgeID":"1801889","fromID":"1070961","toID":"1378236","formEdgeID":null},{"edgeID":"1801890","fromID":"1378236","toID":"1070875","formEdgeID":null},{"edgeID":"1801891","fromID":"1378147","toID":"1378237","formEdgeID":null},{"edgeID":"1801892","fromID":"1378237","toID":"1378222","formEdgeID":null},{"edgeID":"1801893","fromID":"1378237","toID":"1378238","formEdgeID":null},{"edgeID":"1801894","fromID":"1378238","toID":"1378236","formEdgeID":null}],"locutions":[]}