{"nodes":[{"nodeID":"1344070","text":"AudienceMember20221110QT06 supports, he sees and admires firsthand the whole range of professionals that work in the NHS","type":"I","timestamp":"2023-11-09 13:58:53"},{"nodeID":"1344071","text":"AudienceMember 20221110QT06: I support, I see and admire firsthand the whole range of professionals that work in the NHS","type":"L","timestamp":"2023-11-09 13:58:53"},{"nodeID":"1344072","text":"Analysing","type":"YA","timestamp":"2023-11-09 13:58:53"},{"nodeID":"1344073","text":"Amelie: AudienceMember 20221110QT06: I support, I see and admire firsthand the whole range of professionals that work in the NHS","type":"L","timestamp":"2023-11-09 13:58:53"},{"nodeID":"1344074","text":"Asserting","type":"YA","timestamp":"2023-11-09 13:58:53"},{"nodeID":"1344075","text":"AudienceMember 20221110QT07: I agree with the gentleman","type":"L","timestamp":"2023-11-09 13:58:53"},{"nodeID":"1344076","text":"Analysing","type":"YA","timestamp":"2023-11-09 13:58:53"},{"nodeID":"1344077","text":"Amelie: AudienceMember 20221110QT07: I agree with the gentleman","type":"L","timestamp":"2023-11-09 13:58:53"},{"nodeID":"1344078","text":"Default Transition","type":"TA","timestamp":"2023-11-09 13:58:53"},{"nodeID":"1344079","text":"Agreeing","type":"YA","timestamp":"2023-11-09 13:58:53"},{"nodeID":"1344080","text":"AudienceMember 20221110QT07 is an ex-nurse","type":"I","timestamp":"2023-11-09 13:58:54"},{"nodeID":"1344081","text":"AudienceMember 20221110QT07: I think as a last resort as an ex-nurse, the last resort","type":"L","timestamp":"2023-11-09 13:58:54"},{"nodeID":"1344082","text":"Analysing","type":"YA","timestamp":"2023-11-09 13:58:54"},{"nodeID":"1344083","text":"Amelie: AudienceMember 20221110QT07: I think as a last resort as an ex-nurse, the last resort","type":"L","timestamp":"2023-11-09 13:58:54"},{"nodeID":"1344084","text":"Asserting","type":"YA","timestamp":"2023-11-09 13:58:54"},{"nodeID":"1344085","text":"Fiona Bruce: You\u2019re an ex-nurse are you","type":"L","timestamp":"2023-11-09 13:58:54"},{"nodeID":"1344086","text":"Analysing","type":"YA","timestamp":"2023-11-09 13:58:54"},{"nodeID":"1344087","text":"Amelie: Fiona Bruce: You\u2019re an ex-nurse are you","type":"L","timestamp":"2023-11-09 13:58:54"},{"nodeID":"1344088","text":"Assertive Questioning","type":"YA","timestamp":"2023-11-09 13:58:54"},{"nodeID":"1344089","text":"AudienceMember 20221110QT08: Yes","type":"L","timestamp":"2023-11-09 13:58:54"},{"nodeID":"1344090","text":"Analysing","type":"YA","timestamp":"2023-11-09 13:58:54"},{"nodeID":"1344091","text":"Amelie: AudienceMember 20221110QT08: Yes","type":"L","timestamp":"2023-11-09 13:58:54"},{"nodeID":"1344092","text":"Asserting","type":"YA","timestamp":"2023-11-09 13:58:54"},{"nodeID":"1344093","text":"Default Transition","type":"TA","timestamp":"2023-11-09 13:58:54"},{"nodeID":"1344094","text":"Default Rephrase","type":"MA","timestamp":"2023-11-09 13:58:54"},{"nodeID":"1344095","text":"Default Illocuting","type":"YA","timestamp":"2023-11-09 13:58:54"},{"nodeID":"1344096","text":"the last resort of the nurses should be strike action","type":"I","timestamp":"2023-11-09 13:58:54"},{"nodeID":"1344097","text":"AudienceMember 20221110QT09: Should be strike action","type":"L","timestamp":"2023-11-09 13:58:54"},{"nodeID":"1344098","text":"Analysing","type":"YA","timestamp":"2023-11-09 13:58:54"},{"nodeID":"1344099","text":"Amelie: AudienceMember 20221110QT09: Should be strike action","type":"L","timestamp":"2023-11-09 13:58:54"},{"nodeID":"1344100","text":"Asserting","type":"YA","timestamp":"2023-11-09 13:58:54"},{"nodeID":"1344101","text":"AudienceMember 20221110QT09 doesn\u2019t believe now at this stage all the talking that went on before made any difference","type":"I","timestamp":"2023-11-09 13:58:55"},{"nodeID":"1344102","text":"AudienceMember 20221110QT09: I don\u2019t believe now at this stage all the talking that went on before made any difference","type":"L","timestamp":"2023-11-09 13:58:55"},{"nodeID":"1344103","text":"Analysing","type":"YA","timestamp":"2023-11-09 13:58:55"},{"nodeID":"1344104","text":"Amelie: AudienceMember 20221110QT09: I don\u2019t believe now at this stage all the talking that went on before made any difference","type":"L","timestamp":"2023-11-09 13:58:55"},{"nodeID":"1344105","text":"Asserting","type":"YA","timestamp":"2023-11-09 13:58:55"},{"nodeID":"1344106","text":"unfortunately the strike action is a last resort so that the government realises that nurses are serious now and do something about it","type":"I","timestamp":"2023-11-09 13:58:56"},{"nodeID":"1344107","text":"AudienceMember 20221110QT09: Unfortunately this is a last resort so that the government realises that nurses are serious now and do something about it","type":"L","timestamp":"2023-11-09 13:58:56"},{"nodeID":"1344108","text":"Analysing","type":"YA","timestamp":"2023-11-09 13:58:56"},{"nodeID":"1344109","text":"Amelie: AudienceMember 20221110QT09: Unfortunately this is a last resort so that the government realises that nurses are serious now and do something about it","type":"L","timestamp":"2023-11-09 13:58:56"},{"nodeID":"1344110","text":"Asserting","type":"YA","timestamp":"2023-11-09 13:58:56"},{"nodeID":"1344111","text":"AudienceMember 20221110QT09 does or doesn't think the 17 per cent demand or request, however you want to put it, in terms of a pay rise is fair","type":"I","timestamp":"2023-11-09 13:58:56"},{"nodeID":"1344112","text":"Fiona Bruce: do you think the 17 per cent demand or request, however you want to put it, in terms of a pay rise is fair","type":"L","timestamp":"2023-11-09 13:58:56"},{"nodeID":"1344113","text":"Analysing","type":"YA","timestamp":"2023-11-09 13:58:56"},{"nodeID":"1344114","text":"Amelie: Fiona Bruce: do you think the 17 per cent demand or request, however you want to put it, in terms of a pay rise is fair","type":"L","timestamp":"2023-11-09 13:58:56"},{"nodeID":"1344115","text":"Pure Questioning","type":"YA","timestamp":"2023-11-09 13:58:56"},{"nodeID":"1344116","text":"AudienceMember 20221110QT10 doesn't think it\u2019s unreasonable","type":"I","timestamp":"2023-11-09 13:58:57"},{"nodeID":"1344117","text":"AudienceMember 20221110QT10: I don\u2019t think it\u2019s unreasonable","type":"L","timestamp":"2023-11-09 13:58:57"},{"nodeID":"1344118","text":"Analysing","type":"YA","timestamp":"2023-11-09 13:58:57"},{"nodeID":"1344119","text":"Amelie: AudienceMember 20221110QT10: I don\u2019t think it\u2019s unreasonable","type":"L","timestamp":"2023-11-09 13:58:57"},{"nodeID":"1344120","text":"Asserting","type":"YA","timestamp":"2023-11-09 13:58:57"},{"nodeID":"1344121","text":"Default Rephrase","type":"MA","timestamp":"2023-11-09 13:58:57"},{"nodeID":"1344122","text":"Default Transition","type":"TA","timestamp":"2023-11-09 13:58:57"},{"nodeID":"1344123","text":"Default Illocuting","type":"YA","timestamp":"2023-11-09 13:58:57"},{"nodeID":"1344124","text":"we\u2019ve got inflation which is predicted to go up to 12 per cent","type":"I","timestamp":"2023-11-09 13:58:58"},{"nodeID":"1344125","text":"Fiona Bruce: we\u2019ve got inflation which is predicted to go up to 12 per cent","type":"L","timestamp":"2023-11-09 13:58:58"},{"nodeID":"1344126","text":"Analysing","type":"YA","timestamp":"2023-11-09 13:58:58"},{"nodeID":"1344127","text":"Amelie: Fiona Bruce: we\u2019ve got inflation which is predicted to go up to 12 per cent","type":"L","timestamp":"2023-11-09 13:58:58"},{"nodeID":"1344128","text":"Asserting","type":"YA","timestamp":"2023-11-09 13:58:58"},{"nodeID":"1344129","text":"the nurses arrive at the figure of 17% pay rise","type":"I","timestamp":"2023-11-09 13:58:58"},{"nodeID":"1344130","text":"Fiona Bruce: that\u2019s how they\u2019re arriving at that figure","type":"L","timestamp":"2023-11-09 13:58:58"},{"nodeID":"1344131","text":"Analysing","type":"YA","timestamp":"2023-11-09 13:58:58"},{"nodeID":"1344132","text":"Amelie: Fiona Bruce: that\u2019s how they\u2019re arriving at that figure","type":"L","timestamp":"2023-11-09 13:58:58"},{"nodeID":"1344133","text":"Asserting","type":"YA","timestamp":"2023-11-09 13:58:58"},{"nodeID":"1344134","text":"the nurses basically have lost five per cent in terms of not getting pay rises previously","type":"I","timestamp":"2023-11-09 13:58:59"},{"nodeID":"1344135","text":"Fiona Bruce: what they\u2019re saying, just so we\u2019re clear, they basically have lost five per cent in terms of not getting pay rises previously","type":"L","timestamp":"2023-11-09 13:58:59"},{"nodeID":"1344136","text":"Analysing","type":"YA","timestamp":"2023-11-09 13:58:59"},{"nodeID":"1344137","text":"Amelie: Fiona Bruce: what they\u2019re saying, just so we\u2019re clear, they basically have lost five per cent in terms of not getting pay rises previously","type":"L","timestamp":"2023-11-09 13:58:59"},{"nodeID":"1344138","text":"The Nurses: we basically have lost five per cent in terms of not getting pay rises previously","type":"L","timestamp":"2023-11-09 13:58:59"},{"nodeID":"1344139","text":"Analysing","type":"YA","timestamp":"2023-11-09 13:58:59"},{"nodeID":"1344140","text":"Amelie: The Nurses: what they\u2019re saying, just so we\u2019re clear, they basically have lost five per cent in terms of not getting pay rises previously","type":"L","timestamp":"2023-11-09 13:58:59"},{"nodeID":"1344141","text":"Asserting","type":"YA","timestamp":"2023-11-09 13:58:59"},{"nodeID":"1344142","text":"Asserting","type":"YA","timestamp":"2023-11-09 13:58:59"},{"nodeID":"1344143","text":"Default Inference","type":"RA","timestamp":"2023-11-09 13:58:59"},{"nodeID":"1344144","text":"Default Transition","type":"TA","timestamp":"2023-11-09 13:58:59"},{"nodeID":"1344145","text":"Default Transition","type":"TA","timestamp":"2023-11-09 13:58:59"},{"nodeID":"1344146","text":"Default Transition","type":"TA","timestamp":"2023-11-09 13:58:59"},{"nodeID":"1344147","text":"Default Transition","type":"TA","timestamp":"2023-11-09 13:58:59"},{"nodeID":"1344148","text":"Default Rephrase","type":"MA","timestamp":"2023-11-09 13:58:59"},{"nodeID":"1344149","text":"Default Transition","type":"TA","timestamp":"2023-11-09 13:58:59"},{"nodeID":"1344150","text":"Restating","type":"YA","timestamp":"2023-11-09 13:58:59"},{"nodeID":"1344151","text":"Default Transition","type":"TA","timestamp":"2023-11-09 13:58:59"},{"nodeID":"1344152","text":"Default Inference","type":"RA","timestamp":"2023-11-09 13:58:59"},{"nodeID":"1344153","text":"Default Transition","type":"TA","timestamp":"2023-11-09 13:58:59"},{"nodeID":"1344154","text":"Arguing","type":"YA","timestamp":"2023-11-09 13:58:59"},{"nodeID":"1344155","text":"Default Transition","type":"TA","timestamp":"2023-11-09 13:58:59"},{"nodeID":"1344156","text":"Default Transition","type":"TA","timestamp":"2023-11-09 13:58:59"},{"nodeID":"1344157","text":"Arguing","type":"YA","timestamp":"2023-11-09 13:58:59"},{"nodeID":"1344158","text":"Default Rephrase","type":"MA","timestamp":"2023-11-09 13:58:59"},{"nodeID":"1344159","text":"Restating","type":"YA","timestamp":"2023-11-09 13:58:59"},{"nodeID":"1344160","text":"Default Transition","type":"TA","timestamp":"2023-11-09 13:58:59"}],"edges":[{"edgeID":"1761297","fromID":"1344072","toID":"1344071","formEdgeID":null},{"edgeID":"1761298","fromID":"1344073","toID":"1344072","formEdgeID":null},{"edgeID":"1761299","fromID":"1344071","toID":"1344074","formEdgeID":null},{"edgeID":"1761300","fromID":"1344074","toID":"1344070","formEdgeID":null},{"edgeID":"1761301","fromID":"1344076","toID":"1344075","formEdgeID":null},{"edgeID":"1761302","fromID":"1344077","toID":"1344076","formEdgeID":null},{"edgeID":"1761303","fromID":"1344071","toID":"1344078","formEdgeID":null},{"edgeID":"1761304","fromID":"1344078","toID":"1344075","formEdgeID":null},{"edgeID":"1761305","fromID":"1344078","toID":"1344079","formEdgeID":null},{"edgeID":"1761306","fromID":"1344079","toID":"1344070","formEdgeID":null},{"edgeID":"1761307","fromID":"1344082","toID":"1344081","formEdgeID":null},{"edgeID":"1761308","fromID":"1344083","toID":"1344082","formEdgeID":null},{"edgeID":"1761309","fromID":"1344081","toID":"1344084","formEdgeID":null},{"edgeID":"1761310","fromID":"1344084","toID":"1344080","formEdgeID":null},{"edgeID":"1761311","fromID":"1344086","toID":"1344085","formEdgeID":null},{"edgeID":"1761312","fromID":"1344087","toID":"1344086","formEdgeID":null},{"edgeID":"1761313","fromID":"1344085","toID":"1344088","formEdgeID":null},{"edgeID":"1761314","fromID":"1344088","toID":"1344080","formEdgeID":null},{"edgeID":"1761315","fromID":"1344090","toID":"1344089","formEdgeID":null},{"edgeID":"1761316","fromID":"1344091","toID":"1344090","formEdgeID":null},{"edgeID":"1761317","fromID":"1344089","toID":"1344092","formEdgeID":null},{"edgeID":"1761318","fromID":"1344092","toID":"1344080","formEdgeID":null},{"edgeID":"1761319","fromID":"1344085","toID":"1344093","formEdgeID":null},{"edgeID":"1761320","fromID":"1344093","toID":"1344089","formEdgeID":null},{"edgeID":"1761321","fromID":"1344080","toID":"1344094","formEdgeID":null},{"edgeID":"1761322","fromID":"1344094","toID":"1344080","formEdgeID":null},{"edgeID":"1761323","fromID":"1344093","toID":"1344095","formEdgeID":null},{"edgeID":"1761324","fromID":"1344095","toID":"1344094","formEdgeID":null},{"edgeID":"1761325","fromID":"1344098","toID":"1344097","formEdgeID":null},{"edgeID":"1761326","fromID":"1344099","toID":"1344098","formEdgeID":null},{"edgeID":"1761327","fromID":"1344097","toID":"1344100","formEdgeID":null},{"edgeID":"1761328","fromID":"1344100","toID":"1344096","formEdgeID":null},{"edgeID":"1761329","fromID":"1344103","toID":"1344102","formEdgeID":null},{"edgeID":"1761330","fromID":"1344104","toID":"1344103","formEdgeID":null},{"edgeID":"1761331","fromID":"1344102","toID":"1344105","formEdgeID":null},{"edgeID":"1761332","fromID":"1344105","toID":"1344101","formEdgeID":null},{"edgeID":"1761333","fromID":"1344108","toID":"1344107","formEdgeID":null},{"edgeID":"1761334","fromID":"1344109","toID":"1344108","formEdgeID":null},{"edgeID":"1761335","fromID":"1344107","toID":"1344110","formEdgeID":null},{"edgeID":"1761336","fromID":"1344110","toID":"1344106","formEdgeID":null},{"edgeID":"1761337","fromID":"1344113","toID":"1344112","formEdgeID":null},{"edgeID":"1761338","fromID":"1344114","toID":"1344113","formEdgeID":null},{"edgeID":"1761339","fromID":"1344112","toID":"1344115","formEdgeID":null},{"edgeID":"1761340","fromID":"1344115","toID":"1344111","formEdgeID":null},{"edgeID":"1761341","fromID":"1344118","toID":"1344117","formEdgeID":null},{"edgeID":"1761342","fromID":"1344119","toID":"1344118","formEdgeID":null},{"edgeID":"1761343","fromID":"1344117","toID":"1344120","formEdgeID":null},{"edgeID":"1761344","fromID":"1344120","toID":"1344116","formEdgeID":null},{"edgeID":"1761345","fromID":"1344116","toID":"1344121","formEdgeID":null},{"edgeID":"1761346","fromID":"1344121","toID":"1344111","formEdgeID":null},{"edgeID":"1761347","fromID":"1344112","toID":"1344122","formEdgeID":null},{"edgeID":"1761348","fromID":"1344122","toID":"1344117","formEdgeID":null},{"edgeID":"1761349","fromID":"1344122","toID":"1344123","formEdgeID":null},{"edgeID":"1761350","fromID":"1344123","toID":"1344121","formEdgeID":null},{"edgeID":"1761351","fromID":"1344126","toID":"1344125","formEdgeID":null},{"edgeID":"1761352","fromID":"1344127","toID":"1344126","formEdgeID":null},{"edgeID":"1761353","fromID":"1344125","toID":"1344128","formEdgeID":null},{"edgeID":"1761354","fromID":"1344128","toID":"1344124","formEdgeID":null},{"edgeID":"1761355","fromID":"1344131","toID":"1344130","formEdgeID":null},{"edgeID":"1761356","fromID":"1344132","toID":"1344131","formEdgeID":null},{"edgeID":"1761357","fromID":"1344130","toID":"1344133","formEdgeID":null},{"edgeID":"1761358","fromID":"1344133","toID":"1344129","formEdgeID":null},{"edgeID":"1761359","fromID":"1344136","toID":"1344135","formEdgeID":null},{"edgeID":"1761360","fromID":"1344137","toID":"1344136","formEdgeID":null},{"edgeID":"1761361","fromID":"1344139","toID":"1344138","formEdgeID":null},{"edgeID":"1761362","fromID":"1344140","toID":"1344139","formEdgeID":null},{"edgeID":"1761363","fromID":"1344138","toID":"1344141","formEdgeID":null},{"edgeID":"1761364","fromID":"1344141","toID":"1344134","formEdgeID":null},{"edgeID":"1761365","fromID":"1344135","toID":"1344142","formEdgeID":null},{"edgeID":"1761366","fromID":"1344142","toID":"1344138","formEdgeID":null},{"edgeID":"1761367","fromID":"1344134","toID":"1344143","formEdgeID":null},{"edgeID":"1761368","fromID":"1344143","toID":"1344129","formEdgeID":null},{"edgeID":"1761369","fromID":"1344124","toID":"1344143","formEdgeID":null},{"edgeID":"1761370","fromID":"1344135","toID":"1344144","formEdgeID":null},{"edgeID":"1761371","fromID":"1344144","toID":"1344130","formEdgeID":null},{"edgeID":"1761372","fromID":"1344135","toID":"1344145","formEdgeID":null},{"edgeID":"1761373","fromID":"1344145","toID":"1344125","formEdgeID":null},{"edgeID":"1761374","fromID":"1344117","toID":"1344146","formEdgeID":null},{"edgeID":"1761375","fromID":"1344146","toID":"1344135","formEdgeID":null},{"edgeID":"1761376","fromID":"1344107","toID":"1344147","formEdgeID":null},{"edgeID":"1761377","fromID":"1344147","toID":"1344112","formEdgeID":null},{"edgeID":"1761378","fromID":"1344106","toID":"1344148","formEdgeID":null},{"edgeID":"1761379","fromID":"1344148","toID":"1344096","formEdgeID":null},{"edgeID":"1761380","fromID":"1344097","toID":"1344149","formEdgeID":null},{"edgeID":"1761381","fromID":"1344149","toID":"1344107","formEdgeID":null},{"edgeID":"1761382","fromID":"1344149","toID":"1344150","formEdgeID":null},{"edgeID":"1761383","fromID":"1344150","toID":"1344148","formEdgeID":null},{"edgeID":"1761384","fromID":"1344097","toID":"1344151","formEdgeID":null},{"edgeID":"1761385","fromID":"1344151","toID":"1344102","formEdgeID":null},{"edgeID":"1761386","fromID":"1344106","toID":"1344152","formEdgeID":null},{"edgeID":"1761387","fromID":"1344152","toID":"1344101","formEdgeID":null},{"edgeID":"1761388","fromID":"1344102","toID":"1344153","formEdgeID":null},{"edgeID":"1761389","fromID":"1344153","toID":"1344107","formEdgeID":null},{"edgeID":"1761390","fromID":"1344153","toID":"1344154","formEdgeID":null},{"edgeID":"1761391","fromID":"1344154","toID":"1344152","formEdgeID":null},{"edgeID":"1761392","fromID":"1344089","toID":"1344155","formEdgeID":null},{"edgeID":"1761393","fromID":"1344155","toID":"1344097","formEdgeID":null},{"edgeID":"1761394","fromID":"1344081","toID":"1344156","formEdgeID":null},{"edgeID":"1761395","fromID":"1344156","toID":"1344085","formEdgeID":null},{"edgeID":"1761396","fromID":"1344144","toID":"1344157","formEdgeID":null},{"edgeID":"1761397","fromID":"1344157","toID":"1344143","formEdgeID":null},{"edgeID":"1761398","fromID":"1344080","toID":"1344158","formEdgeID":null},{"edgeID":"1761399","fromID":"1344158","toID":"1344080","formEdgeID":null},{"edgeID":"1761400","fromID":"1344156","toID":"1344159","formEdgeID":null},{"edgeID":"1761401","fromID":"1344159","toID":"1344158","formEdgeID":null},{"edgeID":"1761402","fromID":"1344075","toID":"1344160","formEdgeID":null},{"edgeID":"1761403","fromID":"1344160","toID":"1344081","formEdgeID":null}],"locutions":[]}