{"nodes":[{"nodeID":"1157242","text":"Gavin Williamson's comments were completely unacceptable","type":"I","timestamp":"2023-04-24 18:44:59"},{"nodeID":"1157251","text":"it was right that Gavin Williamson left the government","type":"I","timestamp":"2023-04-24 18:45:16"},{"nodeID":"1157268","text":"Mark Harper was chief whip","type":"I","timestamp":"2023-04-24 18:45:30"},{"nodeID":"1157279","text":"Gavin Williamson was a chief whip","type":"I","timestamp":"2023-04-24 18:45:39"},{"nodeID":"1157285","text":"Mark Harper was chief whip under David Cameron","type":"I","timestamp":"2023-04-24 18:45:45"},{"nodeID":"1157304","text":"when one MP was experiencing financial difficulties Gavin Williamson waved a cheque under Anne Milton's nose","type":"I","timestamp":"2023-04-24 18:45:59"},{"nodeID":"1157346","text":"it is or is not common that MPs get given a cheque from the whip\u2019s office","type":"I","timestamp":"2023-04-24 18:46:47"},{"nodeID":"1157352","text":"it absolutely is not common that MPs get given a cheque from the whip\u2019s office","type":"I","timestamp":"2023-04-24 18:46:54"},{"nodeID":"1157358","text":"it is or is not irregular that MPs get given a cheque from the whip\u2019s office","type":"I","timestamp":"2023-04-24 18:47:00"},{"nodeID":"1347575","text":"Mark Harper: no","type":"L","timestamp":"2023-11-09 14:04:24"},{"nodeID":"1347576","text":"Anon: Mark Harper: No","type":"L","timestamp":"2023-11-09 14:04:24"},{"nodeID":"1347577","text":"Mark Harper: The Prime Minister said those comments were completely unacceptable","type":"L","timestamp":"2023-11-09 14:04:26"},{"nodeID":"1347578","text":"Analysing","type":"YA","timestamp":"2023-11-09 14:04:26"},{"nodeID":"1347579","text":"Anon: Mark Harper: The Prime Minister said those comments were completely unacceptable","type":"L","timestamp":"2023-11-09 14:04:26"},{"nodeID":"1347580","text":"Prime Minister: Gavin Williamson's comments were completely unacceptable","type":"L","timestamp":"2023-11-09 14:04:26"},{"nodeID":"1347581","text":"Analysing","type":"YA","timestamp":"2023-11-09 14:04:26"},{"nodeID":"1347582","text":"Anon: Prime Minister: Prime Minister: Gavin Williamson's comments were completely unacceptable","type":"L","timestamp":"2023-11-09 14:04:26"},{"nodeID":"1347583","text":"Asserting","type":"YA","timestamp":"2023-11-09 14:04:26"},{"nodeID":"1347584","text":"Asserting","type":"YA","timestamp":"2023-11-09 14:04:26"},{"nodeID":"1347585","text":"Mark Harper: it was right that Gavin Williamson left the government","type":"L","timestamp":"2023-11-09 14:04:27"},{"nodeID":"1347586","text":"Analysing","type":"YA","timestamp":"2023-11-09 14:04:27"},{"nodeID":"1347587","text":"Anon: Mark Harper: it was right that Gavin Williamson left the government","type":"L","timestamp":"2023-11-09 14:04:27"},{"nodeID":"1347588","text":"Prime Minister: it was right that Gavin Williamson left the government","type":"L","timestamp":"2023-11-09 14:04:27"},{"nodeID":"1347589","text":"Analysing","type":"YA","timestamp":"2023-11-09 14:04:27"},{"nodeID":"1347590","text":"Anon: Prime Minister: it was right that Gavin Williamson left the government","type":"L","timestamp":"2023-11-09 14:04:27"},{"nodeID":"1347591","text":"Asserting","type":"YA","timestamp":"2023-11-09 14:04:27"},{"nodeID":"1347592","text":"Asserting","type":"YA","timestamp":"2023-11-09 14:04:27"},{"nodeID":"1347593","text":"Default Transition","type":"TA","timestamp":"2023-11-09 14:04:27"},{"nodeID":"1347594","text":"Default Inference","type":"RA","timestamp":"2023-11-09 14:04:27"},{"nodeID":"1347595","text":"Arguing","type":"YA","timestamp":"2023-11-09 14:04:27"},{"nodeID":"1347596","text":"Gavin Williamson's leaving the government is absolutely right","type":"I","timestamp":"2023-11-09 14:04:29"},{"nodeID":"1347597","text":"Mark Harper: that is absolutely right","type":"L","timestamp":"2023-11-09 14:04:29"},{"nodeID":"1347598","text":"Analysing","type":"YA","timestamp":"2023-11-09 14:04:29"},{"nodeID":"1347599","text":"Anon: Mark Harper: that is absolutely right","type":"L","timestamp":"2023-11-09 14:04:29"},{"nodeID":"1347600","text":"Asserting","type":"YA","timestamp":"2023-11-09 14:04:29"},{"nodeID":"1347601","text":"Default Transition","type":"TA","timestamp":"2023-11-09 14:04:29"},{"nodeID":"1347602","text":"Default Rephrase","type":"MA","timestamp":"2023-11-09 14:04:29"},{"nodeID":"1347603","text":"Restating","type":"YA","timestamp":"2023-11-09 14:04:29"},{"nodeID":"1347604","text":"Mark Harper: I was chief whip","type":"L","timestamp":"2023-11-09 14:04:29"},{"nodeID":"1347605","text":"Analysing","type":"YA","timestamp":"2023-11-09 14:04:29"},{"nodeID":"1347606","text":"Anon: Mark Harper: I was chief whip","type":"L","timestamp":"2023-11-09 14:04:29"},{"nodeID":"1347607","text":"Fiona Bruce: Gavin Williamson was a chief whip","type":"L","timestamp":"2023-11-09 14:04:30"},{"nodeID":"1347608","text":"Analysing","type":"YA","timestamp":"2023-11-09 14:04:30"},{"nodeID":"1347609","text":"Anon: Fiona Bruce: Gavin Williamson was a chief whip","type":"L","timestamp":"2023-11-09 14:04:30"},{"nodeID":"1347610","text":"Asserting","type":"YA","timestamp":"2023-11-09 14:04:30"},{"nodeID":"1347611","text":"Default Transition","type":"TA","timestamp":"2023-11-09 14:04:30"},{"nodeID":"1347612","text":"Fiona Bruce: You were chief whip under David Cameron","type":"L","timestamp":"2023-11-09 14:04:31"},{"nodeID":"1347613","text":"Analysing","type":"YA","timestamp":"2023-11-09 14:04:31"},{"nodeID":"1347614","text":"Anon: Fiona Bruce: You were chief whip under David Cameron","type":"L","timestamp":"2023-11-09 14:04:31"},{"nodeID":"1347615","text":"Asserting","type":"YA","timestamp":"2023-11-09 14:04:31"},{"nodeID":"1347616","text":"Default Transition","type":"TA","timestamp":"2023-11-09 14:04:31"},{"nodeID":"1347617","text":"Default Rephrase","type":"MA","timestamp":"2023-11-09 14:04:31"},{"nodeID":"1347618","text":"Restating","type":"YA","timestamp":"2023-11-09 14:04:31"},{"nodeID":"1347619","text":"Mark Harper: Correct","type":"L","timestamp":"2023-11-09 14:04:31"},{"nodeID":"1347620","text":"Analysing","type":"YA","timestamp":"2023-11-09 14:04:31"},{"nodeID":"1347621","text":"Anon: Mark Harper: Correct","type":"L","timestamp":"2023-11-09 14:04:31"},{"nodeID":"1347622","text":"Default Transition","type":"TA","timestamp":"2023-11-09 14:04:31"},{"nodeID":"1347623","text":"Agreeing","type":"YA","timestamp":"2023-11-09 14:04:31"},{"nodeID":"1347624","text":"one thing that appears to have emerged is Gavin Williamson\u2019s former deputy Anne Milton","type":"I","timestamp":"2023-11-09 14:04:33"},{"nodeID":"1347625","text":"Fiona Bruce: one thing that has emerged, or appears to have done, is Gavin Williamson\u2019s former deputy, Anne Milton","type":"L","timestamp":"2023-11-09 14:04:33"},{"nodeID":"1347626","text":"Analysing","type":"YA","timestamp":"2023-11-09 14:04:33"},{"nodeID":"1347627","text":"Anon: Fiona Bruce: one thing that has emerged, or appears to have done, is Gavin Williamson\u2019s former deputy, Anne Milton","type":"L","timestamp":"2023-11-09 14:04:33"},{"nodeID":"1347628","text":"Asserting","type":"YA","timestamp":"2023-11-09 14:04:33"},{"nodeID":"1347629","text":"Default Transition","type":"TA","timestamp":"2023-11-09 14:04:33"},{"nodeID":"1347630","text":"Anne Milton complained about Gavin Williamson","type":"I","timestamp":"2023-11-09 14:04:34"},{"nodeID":"1347631","text":"Fiona Bruce: she complained about him","type":"L","timestamp":"2023-11-09 14:04:34"},{"nodeID":"1347632","text":"Analysing","type":"YA","timestamp":"2023-11-09 14:04:34"},{"nodeID":"1347633","text":"Anon: Fiona Bruce: she complained about him","type":"L","timestamp":"2023-11-09 14:04:34"},{"nodeID":"1347634","text":"Asserting","type":"YA","timestamp":"2023-11-09 14:04:34"},{"nodeID":"1347635","text":"Default Transition","type":"TA","timestamp":"2023-11-09 14:04:34"},{"nodeID":"1347636","text":"Fiona Bruce: she said that when one MP was experiencing financial difficulties Gavin Williamson waved a cheque under my nose","type":"L","timestamp":"2023-11-09 14:04:34"},{"nodeID":"1347637","text":"Analysing","type":"YA","timestamp":"2023-11-09 14:04:34"},{"nodeID":"1347638","text":"Anon: Fiona Bruce: she said that when one MP was experiencing financial difficulties Gavin Williamson waved a cheque under my nose","type":"L","timestamp":"2023-11-09 14:04:34"},{"nodeID":"1347639","text":"Anne Milton: when one MP was experiencing financial difficulties Gavin Williamson waved a cheque under my nose","type":"L","timestamp":"2023-11-09 14:04:35"},{"nodeID":"1347640","text":"Analysing","type":"YA","timestamp":"2023-11-09 14:04:35"},{"nodeID":"1347641","text":"Anon: Anne Milton: she said that when one MP was experiencing financial difficulties Gavin Williamson waved a cheque under my nose","type":"L","timestamp":"2023-11-09 14:04:35"},{"nodeID":"1347642","text":"Asserting","type":"YA","timestamp":"2023-11-09 14:04:35"},{"nodeID":"1347643","text":"Asserting","type":"YA","timestamp":"2023-11-09 14:04:35"},{"nodeID":"1347644","text":"Default Transition","type":"TA","timestamp":"2023-11-09 14:04:35"},{"nodeID":"1347645","text":"Default Rephrase","type":"MA","timestamp":"2023-11-09 14:04:35"},{"nodeID":"1347646","text":"Restating","type":"YA","timestamp":"2023-11-09 14:04:35"},{"nodeID":"1347647","text":"Anne Milton: Gavin Williamson said make sure you give him this cheque","type":"L","timestamp":"2023-11-09 14:04:35"},{"nodeID":"1347648","text":"Analysing","type":"YA","timestamp":"2023-11-09 14:04:35"},{"nodeID":"1347649","text":"Anon: Anne Milton: this is what she said, said make sure you give him this cheque","type":"L","timestamp":"2023-11-09 14:04:35"},{"nodeID":"1347650","text":"the MP now knows Gavin Williamson owns the MP","type":"I","timestamp":"2023-11-09 14:04:36"},{"nodeID":"1347651","text":"Fiona Bruce: he now knows I own him","type":"L","timestamp":"2023-11-09 14:04:36"},{"nodeID":"1347652","text":"Analysing","type":"YA","timestamp":"2023-11-09 14:04:36"},{"nodeID":"1347653","text":"Anon: Fiona Bruce: he now knows I own him","type":"L","timestamp":"2023-11-09 14:04:36"},{"nodeID":"1347654","text":"Anne Milton: Gavin Williamson said he now knows I own him","type":"L","timestamp":"2023-11-09 14:04:36"},{"nodeID":"1347655","text":"Analysing","type":"YA","timestamp":"2023-11-09 14:04:36"},{"nodeID":"1347656","text":"Anon: Anne Milton: he now knows I own him","type":"L","timestamp":"2023-11-09 14:04:36"},{"nodeID":"1347657","text":"Asserting","type":"YA","timestamp":"2023-11-09 14:04:36"},{"nodeID":"1347658","text":"Gavin Williamson: make sure you give him this cheque","type":"L","timestamp":"2023-11-09 14:04:36"},{"nodeID":"1347659","text":"Analysing","type":"YA","timestamp":"2023-11-09 14:04:36"},{"nodeID":"1347660","text":"Anon: Gavin Williamson: Anne Milton: Gavin Williamson said make sure you give him this cheque","type":"L","timestamp":"2023-11-09 14:04:36"},{"nodeID":"1347661","text":"Asserting","type":"YA","timestamp":"2023-11-09 14:04:36"},{"nodeID":"1347662","text":"Anne Milton had to make sure to give Gavin Williamson's cheque to the MP","type":"I","timestamp":"2023-11-09 14:04:37"},{"nodeID":"1347663","text":"Fiona Bruce: this is what she said, said make sure you give him this cheque","type":"L","timestamp":"2023-11-09 14:04:37"},{"nodeID":"1347664","text":"Analysing","type":"YA","timestamp":"2023-11-09 14:04:37"},{"nodeID":"1347665","text":"Anon: Fiona Bruce: this is what she said, said make sure you give him this cheque","type":"L","timestamp":"2023-11-09 14:04:37"},{"nodeID":"1347666","text":"Asserting","type":"YA","timestamp":"2023-11-09 14:04:37"},{"nodeID":"1347667","text":"Asserting","type":"YA","timestamp":"2023-11-09 14:04:37"},{"nodeID":"1347668","text":"Gavin Williamson: he now knows I own him","type":"L","timestamp":"2023-11-09 14:04:37"},{"nodeID":"1347669","text":"Analysing","type":"YA","timestamp":"2023-11-09 14:04:37"},{"nodeID":"1347670","text":"Anon: Gavin Williamson: the MP now knows Gavin Williamson owns the MP","type":"L","timestamp":"2023-11-09 14:04:37"},{"nodeID":"1347671","text":"Asserting","type":"YA","timestamp":"2023-11-09 14:04:37"},{"nodeID":"1347672","text":"Asserting","type":"YA","timestamp":"2023-11-09 14:04:37"},{"nodeID":"1347673","text":"Default Inference","type":"RA","timestamp":"2023-11-09 14:04:37"},{"nodeID":"1347674","text":"Default Transition","type":"TA","timestamp":"2023-11-09 14:04:37"},{"nodeID":"1347675","text":"Default Transition","type":"TA","timestamp":"2023-11-09 14:04:37"},{"nodeID":"1347676","text":"Arguing","type":"YA","timestamp":"2023-11-09 14:04:37"},{"nodeID":"1347677","text":"Fiona Bruce: is it common that MPs get given a cheque from the whip\u2019s office","type":"L","timestamp":"2023-11-09 14:04:38"},{"nodeID":"1347678","text":"Analysing","type":"YA","timestamp":"2023-11-09 14:04:38"},{"nodeID":"1347679","text":"Anon: Fiona Bruce: is it common that MPs get given a cheque from the whip\u2019s office","type":"L","timestamp":"2023-11-09 14:04:38"},{"nodeID":"1347680","text":"Pure Questioning","type":"YA","timestamp":"2023-11-09 14:04:38"},{"nodeID":"1347681","text":"Default Transition","type":"TA","timestamp":"2023-11-09 14:04:38"},{"nodeID":"1347682","text":"Analysing","type":"YA","timestamp":"2023-11-09 14:04:38"},{"nodeID":"1347683","text":"Default Transition","type":"TA","timestamp":"2023-11-09 14:04:38"},{"nodeID":"1347684","text":"Disagreeing","type":"YA","timestamp":"2023-11-09 14:04:38"},{"nodeID":"1347685","text":"Mark Harper: it absolutely is not","type":"L","timestamp":"2023-11-09 14:04:39"},{"nodeID":"1347686","text":"Analysing","type":"YA","timestamp":"2023-11-09 14:04:39"},{"nodeID":"1347687","text":"Anon: Mark Harper: it absolutely is not","type":"L","timestamp":"2023-11-09 14:04:39"},{"nodeID":"1347688","text":"Asserting","type":"YA","timestamp":"2023-11-09 14:04:39"},{"nodeID":"1347689","text":"Default Transition","type":"TA","timestamp":"2023-11-09 14:04:39"},{"nodeID":"1347690","text":"Default Rephrase","type":"MA","timestamp":"2023-11-09 14:04:39"},{"nodeID":"1347691","text":"Default Illocuting","type":"YA","timestamp":"2023-11-09 14:04:39"},{"nodeID":"1347692","text":"Fiona Bruce: So is that irregular","type":"L","timestamp":"2023-11-09 14:04:40"},{"nodeID":"1347693","text":"Analysing","type":"YA","timestamp":"2023-11-09 14:04:40"},{"nodeID":"1347694","text":"Anon: Fiona Bruce: So is that irregular","type":"L","timestamp":"2023-11-09 14:04:40"},{"nodeID":"1347695","text":"Pure Questioning","type":"YA","timestamp":"2023-11-09 14:04:40"},{"nodeID":"1347696","text":"Default Rephrase","type":"MA","timestamp":"2023-11-09 14:04:40"},{"nodeID":"1347697","text":"Default Transition","type":"TA","timestamp":"2023-11-09 14:04:40"},{"nodeID":"1347698","text":"Restating","type":"YA","timestamp":"2023-11-09 14:04:40"},{"nodeID":"1347699","text":"an MP getting a cheque from the whip\u2019s office should or should not have happened","type":"I","timestamp":"2023-11-09 14:04:41"},{"nodeID":"1347700","text":"Fiona Bruce: Should that not have happened","type":"L","timestamp":"2023-11-09 14:04:41"},{"nodeID":"1347701","text":"Analysing","type":"YA","timestamp":"2023-11-09 14:04:41"},{"nodeID":"1347702","text":"Anon: Fiona Bruce: Should that not have happened","type":"L","timestamp":"2023-11-09 14:04:41"},{"nodeID":"1347703","text":"Pure Questioning","type":"YA","timestamp":"2023-11-09 14:04:41"},{"nodeID":"1347704","text":"Default Transition","type":"TA","timestamp":"2023-11-09 14:04:41"},{"nodeID":"1347705","text":"Default Rephrase","type":"MA","timestamp":"2023-11-09 14:04:41"},{"nodeID":"1347706","text":"Restating","type":"YA","timestamp":"2023-11-09 14:04:41"},{"nodeID":"1347707","text":"when Mark Harper was chief whip giving MPs cheques is not how Mark Harper conducted himself","type":"I","timestamp":"2023-11-09 14:04:41"},{"nodeID":"1347708","text":"Mark Harper: when I was chief whip that is not how I conducted myself","type":"L","timestamp":"2023-11-09 14:04:41"},{"nodeID":"1347709","text":"Analysing","type":"YA","timestamp":"2023-11-09 14:04:41"},{"nodeID":"1347710","text":"Anon: Mark Harper: when I was chief whip that is not how I conducted myself","type":"L","timestamp":"2023-11-09 14:04:41"},{"nodeID":"1347711","text":"Asserting","type":"YA","timestamp":"2023-11-09 14:04:41"},{"nodeID":"1347712","text":"Default Transition","type":"TA","timestamp":"2023-11-09 14:04:41"},{"nodeID":"1347713","text":"Mark Harper didn\u2019t give MPs cheques","type":"I","timestamp":"2023-11-09 14:04:42"},{"nodeID":"1347714","text":"Fiona Bruce: if you didn\u2019t do it","type":"L","timestamp":"2023-11-09 14:04:42"},{"nodeID":"1347715","text":"Analysing","type":"YA","timestamp":"2023-11-09 14:04:42"},{"nodeID":"1347716","text":"Anon: Fiona Bruce: if you didn\u2019t do it","type":"L","timestamp":"2023-11-09 14:04:42"},{"nodeID":"1347717","text":"Asserting","type":"YA","timestamp":"2023-11-09 14:04:42"},{"nodeID":"1347718","text":"Default Transition","type":"TA","timestamp":"2023-11-09 14:04:42"},{"nodeID":"1347719","text":"Default Rephrase","type":"MA","timestamp":"2023-11-09 14:04:42"},{"nodeID":"1347720","text":"Restating","type":"YA","timestamp":"2023-11-09 14:04:42"},{"nodeID":"1347721","text":"an MP getting a cheque from the whip\u2019s office is or is not something that happens generally","type":"I","timestamp":"2023-11-09 14:04:43"},{"nodeID":"1347722","text":"Fiona Bruce: is this something that happens generally","type":"L","timestamp":"2023-11-09 14:04:43"},{"nodeID":"1347723","text":"Analysing","type":"YA","timestamp":"2023-11-09 14:04:43"},{"nodeID":"1347724","text":"Anon: Fiona Bruce: is this something that happens generally","type":"L","timestamp":"2023-11-09 14:04:43"},{"nodeID":"1347725","text":"Pure Questioning","type":"YA","timestamp":"2023-11-09 14:04:43"},{"nodeID":"1347726","text":"Default Rephrase","type":"MA","timestamp":"2023-11-09 14:04:43"},{"nodeID":"1347727","text":"Default Transition","type":"TA","timestamp":"2023-11-09 14:04:43"},{"nodeID":"1347728","text":"Restating","type":"YA","timestamp":"2023-11-09 14:04:43"},{"nodeID":"1347729","text":"Mark Harper: Not as far as I know","type":"L","timestamp":"2023-11-09 14:04:43"},{"nodeID":"1347730","text":"Analysing","type":"YA","timestamp":"2023-11-09 14:04:43"},{"nodeID":"1347731","text":"Anon: Mark Harper: Not as far as I know","type":"L","timestamp":"2023-11-09 14:04:43"},{"nodeID":"1347732","text":"Default Transition","type":"TA","timestamp":"2023-11-09 14:04:43"},{"nodeID":"1347733","text":"Disagreeing","type":"YA","timestamp":"2023-11-09 14:04:43"},{"nodeID":"1347734","text":"I believe this is equal to a fairly simple \"no\", but then again this is a reply to Fiona's question...","type":"EN","timestamp":"2023-11-09 14:04:43"},{"nodeID":"1347735","text":"Fiona Bruce: Can I ask you one thing which has emerged, which is also you were chief whip","type":"L","timestamp":"2023-11-09 14:04:43"},{"nodeID":"1347736","text":"Nicole: Fiona Bruce: Can I ask you one thing which has emerged, which is also you were chief whip","type":"L","timestamp":"2023-11-09 14:04:43"},{"nodeID":"1347737","text":"Analysing","type":"YA","timestamp":"2023-11-09 14:04:43"},{"nodeID":"1347738","text":"Asserting","type":"YA","timestamp":"2023-11-09 14:04:43"},{"nodeID":"1347739","text":"Default Transition","type":"TA","timestamp":"2023-11-09 14:04:43"},{"nodeID":"1347740","text":"Default Transition","type":"TA","timestamp":"2023-11-09 14:04:43"},{"nodeID":"1347741","text":"Agreeing","type":"YA","timestamp":"2023-11-09 14:04:43"},{"nodeID":"1347742","text":"Default Rephrase","type":"MA","timestamp":"2023-11-09 14:04:43"},{"nodeID":"1347743","text":"Restating","type":"YA","timestamp":"2023-11-09 14:04:43"},{"nodeID":"1347744","text":"Default Rephrase","type":"MA","timestamp":"2023-11-09 14:04:43"},{"nodeID":"1347745","text":"Default Illocuting","type":"YA","timestamp":"2023-11-09 14:04:43"}],"edges":[{"edgeID":"1765480","fromID":"1347578","toID":"1347577","formEdgeID":null},{"edgeID":"1765481","fromID":"1347579","toID":"1347578","formEdgeID":null},{"edgeID":"1765482","fromID":"1347581","toID":"1347580","formEdgeID":null},{"edgeID":"1765483","fromID":"1347582","toID":"1347581","formEdgeID":null},{"edgeID":"1765484","fromID":"1347577","toID":"1347583","formEdgeID":null},{"edgeID":"1765485","fromID":"1347583","toID":"1347580","formEdgeID":null},{"edgeID":"1765486","fromID":"1347580","toID":"1347584","formEdgeID":null},{"edgeID":"1765487","fromID":"1347584","toID":"1157242","formEdgeID":null},{"edgeID":"1765488","fromID":"1347586","toID":"1347585","formEdgeID":null},{"edgeID":"1765489","fromID":"1347587","toID":"1347586","formEdgeID":null},{"edgeID":"1765490","fromID":"1347589","toID":"1347588","formEdgeID":null},{"edgeID":"1765491","fromID":"1347590","toID":"1347589","formEdgeID":null},{"edgeID":"1765492","fromID":"1347585","toID":"1347591","formEdgeID":null},{"edgeID":"1765493","fromID":"1347591","toID":"1347588","formEdgeID":null},{"edgeID":"1765494","fromID":"1347588","toID":"1347592","formEdgeID":null},{"edgeID":"1765495","fromID":"1347592","toID":"1157251","formEdgeID":null},{"edgeID":"1765496","fromID":"1347577","toID":"1347593","formEdgeID":null},{"edgeID":"1765497","fromID":"1347593","toID":"1347585","formEdgeID":null},{"edgeID":"1765498","fromID":"1157242","toID":"1347594","formEdgeID":null},{"edgeID":"1765499","fromID":"1347594","toID":"1157251","formEdgeID":null},{"edgeID":"1765500","fromID":"1347593","toID":"1347595","formEdgeID":null},{"edgeID":"1765501","fromID":"1347595","toID":"1347594","formEdgeID":null},{"edgeID":"1765502","fromID":"1347598","toID":"1347597","formEdgeID":null},{"edgeID":"1765503","fromID":"1347599","toID":"1347598","formEdgeID":null},{"edgeID":"1765504","fromID":"1347597","toID":"1347600","formEdgeID":null},{"edgeID":"1765505","fromID":"1347600","toID":"1347596","formEdgeID":null},{"edgeID":"1765506","fromID":"1347585","toID":"1347601","formEdgeID":null},{"edgeID":"1765507","fromID":"1347601","toID":"1347597","formEdgeID":null},{"edgeID":"1765508","fromID":"1347596","toID":"1347602","formEdgeID":null},{"edgeID":"1765509","fromID":"1347602","toID":"1157251","formEdgeID":null},{"edgeID":"1765510","fromID":"1347601","toID":"1347603","formEdgeID":null},{"edgeID":"1765511","fromID":"1347603","toID":"1347602","formEdgeID":null},{"edgeID":"1765512","fromID":"1347605","toID":"1347604","formEdgeID":null},{"edgeID":"1765513","fromID":"1347606","toID":"1347605","formEdgeID":null},{"edgeID":"1765514","fromID":"1347608","toID":"1347607","formEdgeID":null},{"edgeID":"1765515","fromID":"1347609","toID":"1347608","formEdgeID":null},{"edgeID":"1765516","fromID":"1347607","toID":"1347610","formEdgeID":null},{"edgeID":"1765517","fromID":"1347610","toID":"1157279","formEdgeID":null},{"edgeID":"1765518","fromID":"1347604","toID":"1347611","formEdgeID":null},{"edgeID":"1765519","fromID":"1347611","toID":"1347607","formEdgeID":null},{"edgeID":"1765520","fromID":"1347613","toID":"1347612","formEdgeID":null},{"edgeID":"1765521","fromID":"1347614","toID":"1347613","formEdgeID":null},{"edgeID":"1765522","fromID":"1347612","toID":"1347615","formEdgeID":null},{"edgeID":"1765523","fromID":"1347615","toID":"1157285","formEdgeID":null},{"edgeID":"1765524","fromID":"1347607","toID":"1347616","formEdgeID":null},{"edgeID":"1765525","fromID":"1347616","toID":"1347612","formEdgeID":null},{"edgeID":"1765526","fromID":"1157285","toID":"1347617","formEdgeID":null},{"edgeID":"1765527","fromID":"1347617","toID":"1157279","formEdgeID":null},{"edgeID":"1765528","fromID":"1347616","toID":"1347618","formEdgeID":null},{"edgeID":"1765529","fromID":"1347618","toID":"1347617","formEdgeID":null},{"edgeID":"1765530","fromID":"1347620","toID":"1347619","formEdgeID":null},{"edgeID":"1765531","fromID":"1347621","toID":"1347620","formEdgeID":null},{"edgeID":"1765532","fromID":"1347612","toID":"1347622","formEdgeID":null},{"edgeID":"1765533","fromID":"1347622","toID":"1347619","formEdgeID":null},{"edgeID":"1765534","fromID":"1347622","toID":"1347623","formEdgeID":null},{"edgeID":"1765535","fromID":"1347623","toID":"1157285","formEdgeID":null},{"edgeID":"1765536","fromID":"1347626","toID":"1347625","formEdgeID":null},{"edgeID":"1765537","fromID":"1347627","toID":"1347626","formEdgeID":null},{"edgeID":"1765538","fromID":"1347625","toID":"1347628","formEdgeID":null},{"edgeID":"1765539","fromID":"1347628","toID":"1347624","formEdgeID":null},{"edgeID":"1765540","fromID":"1347619","toID":"1347629","formEdgeID":null},{"edgeID":"1765541","fromID":"1347629","toID":"1347625","formEdgeID":null},{"edgeID":"1765542","fromID":"1347632","toID":"1347631","formEdgeID":null},{"edgeID":"1765543","fromID":"1347633","toID":"1347632","formEdgeID":null},{"edgeID":"1765544","fromID":"1347631","toID":"1347634","formEdgeID":null},{"edgeID":"1765545","fromID":"1347634","toID":"1347630","formEdgeID":null},{"edgeID":"1765546","fromID":"1347625","toID":"1347635","formEdgeID":null},{"edgeID":"1765547","fromID":"1347635","toID":"1347631","formEdgeID":null},{"edgeID":"1765548","fromID":"1347637","toID":"1347636","formEdgeID":null},{"edgeID":"1765549","fromID":"1347638","toID":"1347637","formEdgeID":null},{"edgeID":"1765550","fromID":"1347640","toID":"1347639","formEdgeID":null},{"edgeID":"1765551","fromID":"1347641","toID":"1347640","formEdgeID":null},{"edgeID":"1765552","fromID":"1347639","toID":"1347642","formEdgeID":null},{"edgeID":"1765553","fromID":"1347642","toID":"1157304","formEdgeID":null},{"edgeID":"1765554","fromID":"1347636","toID":"1347643","formEdgeID":null},{"edgeID":"1765555","fromID":"1347643","toID":"1347639","formEdgeID":null},{"edgeID":"1765556","fromID":"1347631","toID":"1347644","formEdgeID":null},{"edgeID":"1765557","fromID":"1347644","toID":"1347636","formEdgeID":null},{"edgeID":"1765558","fromID":"1157304","toID":"1347645","formEdgeID":null},{"edgeID":"1765559","fromID":"1347645","toID":"1347630","formEdgeID":null},{"edgeID":"1765560","fromID":"1347644","toID":"1347646","formEdgeID":null},{"edgeID":"1765561","fromID":"1347646","toID":"1347645","formEdgeID":null},{"edgeID":"1765562","fromID":"1347648","toID":"1347647","formEdgeID":null},{"edgeID":"1765563","fromID":"1347649","toID":"1347648","formEdgeID":null},{"edgeID":"1765564","fromID":"1347652","toID":"1347651","formEdgeID":null},{"edgeID":"1765565","fromID":"1347653","toID":"1347652","formEdgeID":null},{"edgeID":"1765566","fromID":"1347655","toID":"1347654","formEdgeID":null},{"edgeID":"1765567","fromID":"1347656","toID":"1347655","formEdgeID":null},{"edgeID":"1765568","fromID":"1347651","toID":"1347657","formEdgeID":null},{"edgeID":"1765569","fromID":"1347657","toID":"1347654","formEdgeID":null},{"edgeID":"1765570","fromID":"1347659","toID":"1347658","formEdgeID":null},{"edgeID":"1765571","fromID":"1347660","toID":"1347659","formEdgeID":null},{"edgeID":"1765572","fromID":"1347647","toID":"1347661","formEdgeID":null},{"edgeID":"1765573","fromID":"1347661","toID":"1347658","formEdgeID":null},{"edgeID":"1765574","fromID":"1347664","toID":"1347663","formEdgeID":null},{"edgeID":"1765575","fromID":"1347665","toID":"1347664","formEdgeID":null},{"edgeID":"1765576","fromID":"1347663","toID":"1347666","formEdgeID":null},{"edgeID":"1765577","fromID":"1347666","toID":"1347647","formEdgeID":null},{"edgeID":"1765578","fromID":"1347658","toID":"1347667","formEdgeID":null},{"edgeID":"1765579","fromID":"1347667","toID":"1347662","formEdgeID":null},{"edgeID":"1765580","fromID":"1347669","toID":"1347668","formEdgeID":null},{"edgeID":"1765581","fromID":"1347670","toID":"1347669","formEdgeID":null},{"edgeID":"1765582","fromID":"1347668","toID":"1347671","formEdgeID":null},{"edgeID":"1765583","fromID":"1347671","toID":"1347650","formEdgeID":null},{"edgeID":"1765584","fromID":"1347654","toID":"1347672","formEdgeID":null},{"edgeID":"1765585","fromID":"1347672","toID":"1347668","formEdgeID":null},{"edgeID":"1765586","fromID":"1157304","toID":"1347673","formEdgeID":null},{"edgeID":"1765587","fromID":"1347673","toID":"1347650","formEdgeID":null},{"edgeID":"1765588","fromID":"1347662","toID":"1347673","formEdgeID":null},{"edgeID":"1765589","fromID":"1347636","toID":"1347674","formEdgeID":null},{"edgeID":"1765590","fromID":"1347674","toID":"1347651","formEdgeID":null},{"edgeID":"1765591","fromID":"1347663","toID":"1347675","formEdgeID":null},{"edgeID":"1765592","fromID":"1347675","toID":"1347651","formEdgeID":null},{"edgeID":"1765593","fromID":"1347675","toID":"1347676","formEdgeID":null},{"edgeID":"1765594","fromID":"1347676","toID":"1347673","formEdgeID":null},{"edgeID":"1765595","fromID":"1347678","toID":"1347677","formEdgeID":null},{"edgeID":"1765596","fromID":"1347679","toID":"1347678","formEdgeID":null},{"edgeID":"1765597","fromID":"1347677","toID":"1347680","formEdgeID":null},{"edgeID":"1765598","fromID":"1347680","toID":"1157346","formEdgeID":null},{"edgeID":"1765599","fromID":"1347651","toID":"1347681","formEdgeID":null},{"edgeID":"1765600","fromID":"1347681","toID":"1347677","formEdgeID":null},{"edgeID":"1765601","fromID":"1347682","toID":"1347575","formEdgeID":null},{"edgeID":"1765602","fromID":"1347576","toID":"1347682","formEdgeID":null},{"edgeID":"1765603","fromID":"1347677","toID":"1347683","formEdgeID":null},{"edgeID":"1765604","fromID":"1347683","toID":"1347575","formEdgeID":null},{"edgeID":"1765605","fromID":"1347683","toID":"1347684","formEdgeID":null},{"edgeID":"1765606","fromID":"1347684","toID":"1157346","formEdgeID":null},{"edgeID":"1765607","fromID":"1347686","toID":"1347685","formEdgeID":null},{"edgeID":"1765608","fromID":"1347687","toID":"1347686","formEdgeID":null},{"edgeID":"1765609","fromID":"1347685","toID":"1347688","formEdgeID":null},{"edgeID":"1765610","fromID":"1347688","toID":"1157352","formEdgeID":null},{"edgeID":"1765611","fromID":"1347677","toID":"1347689","formEdgeID":null},{"edgeID":"1765612","fromID":"1347689","toID":"1347685","formEdgeID":null},{"edgeID":"1765613","fromID":"1157352","toID":"1347690","formEdgeID":null},{"edgeID":"1765614","fromID":"1347690","toID":"1157346","formEdgeID":null},{"edgeID":"1765615","fromID":"1347689","toID":"1347691","formEdgeID":null},{"edgeID":"1765616","fromID":"1347691","toID":"1347690","formEdgeID":null},{"edgeID":"1765617","fromID":"1347693","toID":"1347692","formEdgeID":null},{"edgeID":"1765618","fromID":"1347694","toID":"1347693","formEdgeID":null},{"edgeID":"1765619","fromID":"1347692","toID":"1347695","formEdgeID":null},{"edgeID":"1765620","fromID":"1347695","toID":"1157358","formEdgeID":null},{"edgeID":"1765621","fromID":"1157358","toID":"1347696","formEdgeID":null},{"edgeID":"1765622","fromID":"1347696","toID":"1157346","formEdgeID":null},{"edgeID":"1765623","fromID":"1347677","toID":"1347697","formEdgeID":null},{"edgeID":"1765624","fromID":"1347697","toID":"1347692","formEdgeID":null},{"edgeID":"1765625","fromID":"1347697","toID":"1347698","formEdgeID":null},{"edgeID":"1765626","fromID":"1347698","toID":"1347696","formEdgeID":null},{"edgeID":"1765627","fromID":"1347701","toID":"1347700","formEdgeID":null},{"edgeID":"1765628","fromID":"1347702","toID":"1347701","formEdgeID":null},{"edgeID":"1765629","fromID":"1347700","toID":"1347703","formEdgeID":null},{"edgeID":"1765630","fromID":"1347703","toID":"1347699","formEdgeID":null},{"edgeID":"1765631","fromID":"1347692","toID":"1347704","formEdgeID":null},{"edgeID":"1765632","fromID":"1347704","toID":"1347700","formEdgeID":null},{"edgeID":"1765633","fromID":"1347699","toID":"1347705","formEdgeID":null},{"edgeID":"1765634","fromID":"1347705","toID":"1157358","formEdgeID":null},{"edgeID":"1765635","fromID":"1347704","toID":"1347706","formEdgeID":null},{"edgeID":"1765636","fromID":"1347706","toID":"1347705","formEdgeID":null},{"edgeID":"1765637","fromID":"1347709","toID":"1347708","formEdgeID":null},{"edgeID":"1765638","fromID":"1347710","toID":"1347709","formEdgeID":null},{"edgeID":"1765639","fromID":"1347708","toID":"1347711","formEdgeID":null},{"edgeID":"1765640","fromID":"1347711","toID":"1347707","formEdgeID":null},{"edgeID":"1765641","fromID":"1347700","toID":"1347712","formEdgeID":null},{"edgeID":"1765642","fromID":"1347712","toID":"1347708","formEdgeID":null},{"edgeID":"1765643","fromID":"1347715","toID":"1347714","formEdgeID":null},{"edgeID":"1765644","fromID":"1347716","toID":"1347715","formEdgeID":null},{"edgeID":"1765645","fromID":"1347714","toID":"1347717","formEdgeID":null},{"edgeID":"1765646","fromID":"1347717","toID":"1347713","formEdgeID":null},{"edgeID":"1765647","fromID":"1347708","toID":"1347718","formEdgeID":null},{"edgeID":"1765648","fromID":"1347718","toID":"1347714","formEdgeID":null},{"edgeID":"1765649","fromID":"1347713","toID":"1347719","formEdgeID":null},{"edgeID":"1765650","fromID":"1347719","toID":"1347707","formEdgeID":null},{"edgeID":"1765651","fromID":"1347718","toID":"1347720","formEdgeID":null},{"edgeID":"1765652","fromID":"1347720","toID":"1347719","formEdgeID":null},{"edgeID":"1765653","fromID":"1347723","toID":"1347722","formEdgeID":null},{"edgeID":"1765654","fromID":"1347724","toID":"1347723","formEdgeID":null},{"edgeID":"1765655","fromID":"1347722","toID":"1347725","formEdgeID":null},{"edgeID":"1765656","fromID":"1347725","toID":"1347721","formEdgeID":null},{"edgeID":"1765657","fromID":"1347721","toID":"1347726","formEdgeID":null},{"edgeID":"1765658","fromID":"1347726","toID":"1347699","formEdgeID":null},{"edgeID":"1765659","fromID":"1347700","toID":"1347727","formEdgeID":null},{"edgeID":"1765660","fromID":"1347727","toID":"1347722","formEdgeID":null},{"edgeID":"1765661","fromID":"1347727","toID":"1347728","formEdgeID":null},{"edgeID":"1765662","fromID":"1347728","toID":"1347726","formEdgeID":null},{"edgeID":"1765663","fromID":"1347730","toID":"1347729","formEdgeID":null},{"edgeID":"1765664","fromID":"1347731","toID":"1347730","formEdgeID":null},{"edgeID":"1765665","fromID":"1347722","toID":"1347732","formEdgeID":null},{"edgeID":"1765666","fromID":"1347732","toID":"1347729","formEdgeID":null},{"edgeID":"1765667","fromID":"1347732","toID":"1347733","formEdgeID":null},{"edgeID":"1765668","fromID":"1347733","toID":"1347721","formEdgeID":null},{"edgeID":"1765669","fromID":"1347737","toID":"1347735","formEdgeID":null},{"edgeID":"1765670","fromID":"1347736","toID":"1347737","formEdgeID":null},{"edgeID":"1765671","fromID":"1347738","toID":"1157268","formEdgeID":null},{"edgeID":"1765672","fromID":"1347735","toID":"1347738","formEdgeID":null},{"edgeID":"1765673","fromID":"1347739","toID":"1347735","formEdgeID":null},{"edgeID":"1765674","fromID":"1347597","toID":"1347739","formEdgeID":null},{"edgeID":"1765675","fromID":"1347735","toID":"1347740","formEdgeID":null},{"edgeID":"1765676","fromID":"1347740","toID":"1347604","formEdgeID":null},{"edgeID":"1765677","fromID":"1347741","toID":"1157268","formEdgeID":null},{"edgeID":"1765678","fromID":"1347740","toID":"1347741","formEdgeID":null},{"edgeID":"1765679","fromID":"1157279","toID":"1347742","formEdgeID":null},{"edgeID":"1765680","fromID":"1347742","toID":"1157268","formEdgeID":null},{"edgeID":"1765681","fromID":"1347743","toID":"1347742","formEdgeID":null},{"edgeID":"1765682","fromID":"1347611","toID":"1347743","formEdgeID":null},{"edgeID":"1765683","fromID":"1347707","toID":"1347744","formEdgeID":null},{"edgeID":"1765684","fromID":"1347744","toID":"1347699","formEdgeID":null},{"edgeID":"1765685","fromID":"1347712","toID":"1347745","formEdgeID":null},{"edgeID":"1765686","fromID":"1347745","toID":"1347744","formEdgeID":null}],"locutions":[]}