{"nodes":[{"nodeID":"1151263","text":"there are problems on both sides of the house","type":"I","timestamp":"2023-04-20 21:00:39"},{"nodeID":"1151276","text":"there are MPs who make mistakes","type":"I","timestamp":"2023-04-20 21:00:41"},{"nodeID":"1151299","text":"AudienceMember 20221110QT26 is really bored of hearing about the low level stuff that MPs are doing, like Matt Hancock being in the jungle","type":"I","timestamp":"2023-04-20 21:00:47"},{"nodeID":"1345957","text":"before Mark Harper was an MP he worked in a big company where they had standards","type":"I","timestamp":"2023-11-09 14:01:33"},{"nodeID":"1345958","text":"Mark Harper: Before I was an MP I worked in a big company where we had standards","type":"L","timestamp":"2023-11-09 14:01:33"},{"nodeID":"1345959","text":"Analysing","type":"YA","timestamp":"2023-11-09 14:01:33"},{"nodeID":"1345960","text":"Anon: Mark Harper: Before I was an MP, I\u2019m a chartered accountant, I\u2019ve got a professional background, I worked in a big company where we had standards","type":"L","timestamp":"2023-11-09 14:01:33"},{"nodeID":"1345961","text":"Asserting","type":"YA","timestamp":"2023-11-09 14:01:33"},{"nodeID":"1345962","text":"Mark Harper is a chartered accountant","type":"I","timestamp":"2023-11-09 14:01:33"},{"nodeID":"1345963","text":"Mark Harper: I\u2019m a chartered accountant","type":"L","timestamp":"2023-11-09 14:01:33"},{"nodeID":"1345964","text":"Analysing","type":"YA","timestamp":"2023-11-09 14:01:33"},{"nodeID":"1345965","text":"Anon: Mark Harper: I\u2019m a chartered accountant","type":"L","timestamp":"2023-11-09 14:01:33"},{"nodeID":"1345966","text":"Asserting","type":"YA","timestamp":"2023-11-09 14:01:33"},{"nodeID":"1345967","text":"Default Transition","type":"TA","timestamp":"2023-11-09 14:01:33"},{"nodeID":"1345968","text":"Mark Harper has got a professional background","type":"I","timestamp":"2023-11-09 14:01:34"},{"nodeID":"1345969","text":"Mark Harper: I\u2019ve got a professional background","type":"L","timestamp":"2023-11-09 14:01:34"},{"nodeID":"1345970","text":"Analysing","type":"YA","timestamp":"2023-11-09 14:01:34"},{"nodeID":"1345971","text":"Anon: Mark Harper: I\u2019ve got a professional background","type":"L","timestamp":"2023-11-09 14:01:34"},{"nodeID":"1345972","text":"Asserting","type":"YA","timestamp":"2023-11-09 14:01:34"},{"nodeID":"1345973","text":"Default Transition","type":"TA","timestamp":"2023-11-09 14:01:34"},{"nodeID":"1345974","text":"Default Rephrase","type":"MA","timestamp":"2023-11-09 14:01:34"},{"nodeID":"1345975","text":"Restating","type":"YA","timestamp":"2023-11-09 14:01:34"},{"nodeID":"1345976","text":"Mark Harper has tried to bring the things he learned in his professional life and how you conduct yourself into how he conducts himself as a member of parliament and as a government minister","type":"I","timestamp":"2023-11-09 14:01:34"},{"nodeID":"1345977","text":"Mark Harper: I\u2019ve tried to bring the things I learned in my professional life and how you conduct yourself into how I conduct myself as a member of parliament and as a government minister","type":"L","timestamp":"2023-11-09 14:01:34"},{"nodeID":"1345978","text":"Analysing","type":"YA","timestamp":"2023-11-09 14:01:34"},{"nodeID":"1345979","text":"Anon: Mark Harper: I\u2019ve tried to bring the things I learned in my professional life and how you conduct yourself into how I conduct myself as a member of parliament and as a government minister","type":"L","timestamp":"2023-11-09 14:01:34"},{"nodeID":"1345980","text":"Asserting","type":"YA","timestamp":"2023-11-09 14:01:34"},{"nodeID":"1345981","text":"Default Transition","type":"TA","timestamp":"2023-11-09 14:01:34"},{"nodeID":"1345982","text":"Default Transition","type":"TA","timestamp":"2023-11-09 14:01:34"},{"nodeID":"1345983","text":"Default Inference","type":"RA","timestamp":"2023-11-09 14:01:34"},{"nodeID":"1345984","text":"Arguing","type":"YA","timestamp":"2023-11-09 14:01:34"},{"nodeID":"1345985","text":"members of parliament should bring the things they have learned in their professional life and how you conduct yourself into how they conduct themselves as a member of parliament and as a government minister","type":"I","timestamp":"2023-11-09 14:01:35"},{"nodeID":"1345986","text":"Mark Harper: that\u2019s what members of parliament should do","type":"L","timestamp":"2023-11-09 14:01:35"},{"nodeID":"1345987","text":"Analysing","type":"YA","timestamp":"2023-11-09 14:01:35"},{"nodeID":"1345988","text":"Anon: Mark Harper: that\u2019s what members of parliament should do","type":"L","timestamp":"2023-11-09 14:01:35"},{"nodeID":"1345989","text":"Asserting","type":"YA","timestamp":"2023-11-09 14:01:35"},{"nodeID":"1345990","text":"Default Transition","type":"TA","timestamp":"2023-11-09 14:01:35"},{"nodeID":"1345991","text":"members of parliament should try and think about how their conduct looks to the public when they\u2019re thinking about what they do","type":"I","timestamp":"2023-11-09 14:01:36"},{"nodeID":"1345992","text":"Mark Harper: we should try and think about how our conduct looks to the public when we\u2019re thinking about what we do","type":"L","timestamp":"2023-11-09 14:01:36"},{"nodeID":"1345993","text":"Analysing","type":"YA","timestamp":"2023-11-09 14:01:36"},{"nodeID":"1345994","text":"Anon: Mark Harper: we should try and think about how our conduct looks to the public when we\u2019re thinking about what we do","type":"L","timestamp":"2023-11-09 14:01:36"},{"nodeID":"1345995","text":"Asserting","type":"YA","timestamp":"2023-11-09 14:01:36"},{"nodeID":"1345996","text":"Default Inference","type":"RA","timestamp":"2023-11-09 14:01:36"},{"nodeID":"1345997","text":"Default Inference","type":"RA","timestamp":"2023-11-09 14:01:36"},{"nodeID":"1345998","text":"Arguing","type":"YA","timestamp":"2023-11-09 14:01:36"},{"nodeID":"1345999","text":"Default Transition","type":"TA","timestamp":"2023-11-09 14:01:36"},{"nodeID":"1346000","text":"Arguing","type":"YA","timestamp":"2023-11-09 14:01:36"},{"nodeID":"1346001","text":"members of parliament bring the things they have learned in their professional life and how you conduct yourself into how they conduct themselves and could try and think about how our conduct looks to the public when they\u2019re thinking about what they do","type":"I","timestamp":"2023-11-09 14:01:36"},{"nodeID":"1346002","text":"Mark Harper: we did that","type":"L","timestamp":"2023-11-09 14:01:36"},{"nodeID":"1346003","text":"Analysing","type":"YA","timestamp":"2023-11-09 14:01:36"},{"nodeID":"1346004","text":"Anon: Mark Harper: we did that","type":"L","timestamp":"2023-11-09 14:01:36"},{"nodeID":"1346005","text":"Asserting","type":"YA","timestamp":"2023-11-09 14:01:36"},{"nodeID":"1346006","text":"Default Transition","type":"TA","timestamp":"2023-11-09 14:01:36"},{"nodeID":"1346007","text":"we would have higher standards","type":"I","timestamp":"2023-11-09 14:01:37"},{"nodeID":"1346008","text":"Mark Harper: we would have higher standards","type":"L","timestamp":"2023-11-09 14:01:37"},{"nodeID":"1346009","text":"Analysing","type":"YA","timestamp":"2023-11-09 14:01:37"},{"nodeID":"1346010","text":"Anon: Mark Harper: we would have higher standards","type":"L","timestamp":"2023-11-09 14:01:37"},{"nodeID":"1346011","text":"Asserting","type":"YA","timestamp":"2023-11-09 14:01:37"},{"nodeID":"1346012","text":"Default Transition","type":"TA","timestamp":"2023-11-09 14:01:37"},{"nodeID":"1346013","text":"Default Inference","type":"RA","timestamp":"2023-11-09 14:01:37"},{"nodeID":"1346014","text":"Arguing","type":"YA","timestamp":"2023-11-09 14:01:37"},{"nodeID":"1346015","text":"Default Inference","type":"RA","timestamp":"2023-11-09 14:01:37"},{"nodeID":"1346016","text":"Default Transition","type":"TA","timestamp":"2023-11-09 14:01:37"},{"nodeID":"1346017","text":"Arguing","type":"YA","timestamp":"2023-11-09 14:01:37"},{"nodeID":"1346018","text":"Mark Harper: There are MPs who make mistakes","type":"L","timestamp":"2023-11-09 14:01:38"},{"nodeID":"1346019","text":"Analysing","type":"YA","timestamp":"2023-11-09 14:01:38"},{"nodeID":"1346020","text":"Anon: Mark Harper: There are MPs who make mistakes","type":"L","timestamp":"2023-11-09 14:01:38"},{"nodeID":"1346021","text":"Asserting","type":"YA","timestamp":"2023-11-09 14:01:38"},{"nodeID":"1346022","text":"we should be held to a high standard","type":"I","timestamp":"2023-11-09 14:01:38"},{"nodeID":"1346023","text":"Mark Harper: we should be held to a high standard","type":"L","timestamp":"2023-11-09 14:01:38"},{"nodeID":"1346024","text":"Analysing","type":"YA","timestamp":"2023-11-09 14:01:38"},{"nodeID":"1346025","text":"Anon: Mark Harper: we should be held to a high standard","type":"L","timestamp":"2023-11-09 14:01:38"},{"nodeID":"1346026","text":"Asserting","type":"YA","timestamp":"2023-11-09 14:01:38"},{"nodeID":"1346027","text":"AudienceMember 20221110QT26: I\u2019m really bored of hearing about the low level stuff that MPs are doing, like Matt Hancock being in the jungle","type":"L","timestamp":"2023-11-09 14:01:39"},{"nodeID":"1346028","text":"Analysing","type":"YA","timestamp":"2023-11-09 14:01:39"},{"nodeID":"1346029","text":"Anon: AudienceMember 20221110QT26: I\u2019m really bored of hearing about the low level stuff that MPs are doing, like Matt Hancock being in the jungle","type":"L","timestamp":"2023-11-09 14:01:39"},{"nodeID":"1346030","text":"Asserting","type":"YA","timestamp":"2023-11-09 14:01:39"},{"nodeID":"1346031","text":"Mark Harper: as Emily said","type":"L","timestamp":"2023-11-09 14:01:39"},{"nodeID":"1346032","text":"Analysing","type":"YA","timestamp":"2023-11-09 14:01:39"},{"nodeID":"1346033","text":"Anon: Mark Harper: as Emily said","type":"L","timestamp":"2023-11-09 14:01:39"},{"nodeID":"1346034","text":"Emily Thornberry: there are problems on both sides of the house","type":"L","timestamp":"2023-11-09 14:01:39"},{"nodeID":"1346035","text":"Analysing","type":"YA","timestamp":"2023-11-09 14:01:39"},{"nodeID":"1346036","text":"Anon: Emily Thornberry: as Emily said","type":"L","timestamp":"2023-11-09 14:01:39"},{"nodeID":"1346037","text":"Asserting","type":"YA","timestamp":"2023-11-09 14:01:39"},{"nodeID":"1346038","text":"Mark Harper: you said, Fiona, there are problems on both sides of the house","type":"L","timestamp":"2023-11-09 14:01:40"},{"nodeID":"1346039","text":"Analysing","type":"YA","timestamp":"2023-11-09 14:01:40"},{"nodeID":"1346040","text":"Anon: Mark Harper: you said, Fiona, there are problems on both sides of the house","type":"L","timestamp":"2023-11-09 14:01:40"},{"nodeID":"1346041","text":"Fiona Bruce: there are problems on both sides of the house","type":"L","timestamp":"2023-11-09 14:01:40"},{"nodeID":"1346042","text":"Analysing","type":"YA","timestamp":"2023-11-09 14:01:40"},{"nodeID":"1346043","text":"Anon: Fiona Bruce: you said, Fiona, there are problems on both sides of the house","type":"L","timestamp":"2023-11-09 14:01:40"},{"nodeID":"1346044","text":"Asserting","type":"YA","timestamp":"2023-11-09 14:01:40"},{"nodeID":"1346045","text":"Asserting","type":"YA","timestamp":"2023-11-09 14:01:40"},{"nodeID":"1346046","text":"Asserting","type":"YA","timestamp":"2023-11-09 14:01:40"},{"nodeID":"1346047","text":"Default Transition","type":"TA","timestamp":"2023-11-09 14:01:40"},{"nodeID":"1346048","text":"Default Transition","type":"TA","timestamp":"2023-11-09 14:01:40"},{"nodeID":"1346049","text":"Default Transition","type":"TA","timestamp":"2023-11-09 14:01:40"},{"nodeID":"1346050","text":"Default Transition","type":"TA","timestamp":"2023-11-09 14:01:40"},{"nodeID":"1346051","text":"Default Inference","type":"RA","timestamp":"2023-11-09 14:01:40"},{"nodeID":"1346052","text":"Arguing","type":"YA","timestamp":"2023-11-09 14:01:40"},{"nodeID":"1346053","text":"Default Inference","type":"RA","timestamp":"2023-11-09 14:01:40"},{"nodeID":"1346054","text":"Default Transition","type":"TA","timestamp":"2023-11-09 14:01:40"},{"nodeID":"1346055","text":"Default Transition","type":"TA","timestamp":"2023-11-09 14:01:40"},{"nodeID":"1346056","text":"Arguing","type":"YA","timestamp":"2023-11-09 14:01:40"},{"nodeID":"1346057","text":"AudienceMember 20221110QT26 just doesn't care about the low level stuff that MPs are doing, like Matt Hancock being in the jungle","type":"I","timestamp":"2023-11-09 14:01:40"},{"nodeID":"1346058","text":"AudienceMember 20221110QT26: I just don\u2019t care","type":"L","timestamp":"2023-11-09 14:01:40"},{"nodeID":"1346059","text":"Analysing","type":"YA","timestamp":"2023-11-09 14:01:40"},{"nodeID":"1346060","text":"Anon: AudienceMember 20221110QT26: I just don\u2019t care","type":"L","timestamp":"2023-11-09 14:01:40"},{"nodeID":"1346061","text":"Asserting","type":"YA","timestamp":"2023-11-09 14:01:40"},{"nodeID":"1346062","text":"Default Inference","type":"RA","timestamp":"2023-11-09 14:01:40"},{"nodeID":"1346063","text":"Default Transition","type":"TA","timestamp":"2023-11-09 14:01:40"},{"nodeID":"1346064","text":"Arguing","type":"YA","timestamp":"2023-11-09 14:01:40"},{"nodeID":"1346065","text":"what AudienceMember 20221110QT26 is more concerned about than the low level stuff that MPs are doing is the fact that we have a Home Secretary who last week referred to refugees, people fleeing war conflict, as an invasion","type":"I","timestamp":"2023-11-09 14:01:41"},{"nodeID":"1346066","text":"AudienceMember 20221110QT26: What I\u2019m more concerned about is the fact that we have a Home Secretary who last week referred to refugees, people fleeing war conflict, as an invasion","type":"L","timestamp":"2023-11-09 14:01:41"},{"nodeID":"1346067","text":"Analysing","type":"YA","timestamp":"2023-11-09 14:01:41"},{"nodeID":"1346068","text":"Anon: AudienceMember 20221110QT26: What I\u2019m more concerned about is the fact that we have a Home Secretary who last week referred to refugees, people fleeing war conflict, as an invasion","type":"L","timestamp":"2023-11-09 14:01:41"},{"nodeID":"1346069","text":"Asserting","type":"YA","timestamp":"2023-11-09 14:01:41"},{"nodeID":"1346070","text":"Default Transition","type":"TA","timestamp":"2023-11-09 14:01:41"},{"nodeID":"1346071","text":"Default Conflict","type":"CA","timestamp":"2023-11-09 14:01:41"},{"nodeID":"1346072","text":"Disagreeing","type":"YA","timestamp":"2023-11-09 14:01:41"},{"nodeID":"1346073","text":"it\u2019s really important to say that refugees are not illegal","type":"I","timestamp":"2023-11-09 14:01:42"},{"nodeID":"1346074","text":"AudienceMember 20221110QT26:  it\u2019s really important to say that they are not illegal","type":"L","timestamp":"2023-11-09 14:01:42"},{"nodeID":"1346075","text":"Analysing","type":"YA","timestamp":"2023-11-09 14:01:42"},{"nodeID":"1346076","text":"Anon: AudienceMember 20221110QT26:  it\u2019s really important to say that they are not illegal","type":"L","timestamp":"2023-11-09 14:01:42"},{"nodeID":"1346077","text":"Asserting","type":"YA","timestamp":"2023-11-09 14:01:42"},{"nodeID":"1346078","text":"Default Transition","type":"TA","timestamp":"2023-11-09 14:01:42"}],"edges":[{"edgeID":"1763539","fromID":"1345959","toID":"1345958","formEdgeID":null},{"edgeID":"1763540","fromID":"1345960","toID":"1345959","formEdgeID":null},{"edgeID":"1763541","fromID":"1345958","toID":"1345961","formEdgeID":null},{"edgeID":"1763542","fromID":"1345961","toID":"1345957","formEdgeID":null},{"edgeID":"1763543","fromID":"1345964","toID":"1345963","formEdgeID":null},{"edgeID":"1763544","fromID":"1345965","toID":"1345964","formEdgeID":null},{"edgeID":"1763545","fromID":"1345963","toID":"1345966","formEdgeID":null},{"edgeID":"1763546","fromID":"1345966","toID":"1345962","formEdgeID":null},{"edgeID":"1763547","fromID":"1345958","toID":"1345967","formEdgeID":null},{"edgeID":"1763548","fromID":"1345967","toID":"1345963","formEdgeID":null},{"edgeID":"1763549","fromID":"1345970","toID":"1345969","formEdgeID":null},{"edgeID":"1763550","fromID":"1345971","toID":"1345970","formEdgeID":null},{"edgeID":"1763551","fromID":"1345969","toID":"1345972","formEdgeID":null},{"edgeID":"1763552","fromID":"1345972","toID":"1345968","formEdgeID":null},{"edgeID":"1763553","fromID":"1345963","toID":"1345973","formEdgeID":null},{"edgeID":"1763554","fromID":"1345973","toID":"1345969","formEdgeID":null},{"edgeID":"1763555","fromID":"1345968","toID":"1345974","formEdgeID":null},{"edgeID":"1763556","fromID":"1345974","toID":"1345962","formEdgeID":null},{"edgeID":"1763557","fromID":"1345973","toID":"1345975","formEdgeID":null},{"edgeID":"1763558","fromID":"1345975","toID":"1345974","formEdgeID":null},{"edgeID":"1763559","fromID":"1345978","toID":"1345977","formEdgeID":null},{"edgeID":"1763560","fromID":"1345979","toID":"1345978","formEdgeID":null},{"edgeID":"1763561","fromID":"1345977","toID":"1345980","formEdgeID":null},{"edgeID":"1763562","fromID":"1345980","toID":"1345976","formEdgeID":null},{"edgeID":"1763563","fromID":"1345969","toID":"1345981","formEdgeID":null},{"edgeID":"1763564","fromID":"1345981","toID":"1345977","formEdgeID":null},{"edgeID":"1763565","fromID":"1345958","toID":"1345982","formEdgeID":null},{"edgeID":"1763566","fromID":"1345982","toID":"1345977","formEdgeID":null},{"edgeID":"1763567","fromID":"1345957","toID":"1345983","formEdgeID":null},{"edgeID":"1763568","fromID":"1345983","toID":"1345976","formEdgeID":null},{"edgeID":"1763569","fromID":"1345968","toID":"1345983","formEdgeID":null},{"edgeID":"1763570","fromID":"1345981","toID":"1345984","formEdgeID":null},{"edgeID":"1763571","fromID":"1345984","toID":"1345983","formEdgeID":null},{"edgeID":"1763572","fromID":"1345987","toID":"1345986","formEdgeID":null},{"edgeID":"1763573","fromID":"1345988","toID":"1345987","formEdgeID":null},{"edgeID":"1763574","fromID":"1345986","toID":"1345989","formEdgeID":null},{"edgeID":"1763575","fromID":"1345989","toID":"1345985","formEdgeID":null},{"edgeID":"1763576","fromID":"1345977","toID":"1345990","formEdgeID":null},{"edgeID":"1763577","fromID":"1345990","toID":"1345986","formEdgeID":null},{"edgeID":"1763578","fromID":"1345993","toID":"1345992","formEdgeID":null},{"edgeID":"1763579","fromID":"1345994","toID":"1345993","formEdgeID":null},{"edgeID":"1763580","fromID":"1345992","toID":"1345995","formEdgeID":null},{"edgeID":"1763581","fromID":"1345995","toID":"1345991","formEdgeID":null},{"edgeID":"1763582","fromID":"1345991","toID":"1345996","formEdgeID":null},{"edgeID":"1763583","fromID":"1345996","toID":"1345985","formEdgeID":null},{"edgeID":"1763584","fromID":"1345985","toID":"1345997","formEdgeID":null},{"edgeID":"1763585","fromID":"1345997","toID":"1345976","formEdgeID":null},{"edgeID":"1763586","fromID":"1345990","toID":"1345998","formEdgeID":null},{"edgeID":"1763587","fromID":"1345998","toID":"1345997","formEdgeID":null},{"edgeID":"1763588","fromID":"1345986","toID":"1345999","formEdgeID":null},{"edgeID":"1763589","fromID":"1345999","toID":"1345992","formEdgeID":null},{"edgeID":"1763590","fromID":"1345999","toID":"1346000","formEdgeID":null},{"edgeID":"1763591","fromID":"1346000","toID":"1345996","formEdgeID":null},{"edgeID":"1763592","fromID":"1346003","toID":"1346002","formEdgeID":null},{"edgeID":"1763593","fromID":"1346004","toID":"1346003","formEdgeID":null},{"edgeID":"1763594","fromID":"1346002","toID":"1346005","formEdgeID":null},{"edgeID":"1763595","fromID":"1346005","toID":"1346001","formEdgeID":null},{"edgeID":"1763596","fromID":"1345992","toID":"1346006","formEdgeID":null},{"edgeID":"1763597","fromID":"1346006","toID":"1346002","formEdgeID":null},{"edgeID":"1763598","fromID":"1346009","toID":"1346008","formEdgeID":null},{"edgeID":"1763599","fromID":"1346010","toID":"1346009","formEdgeID":null},{"edgeID":"1763600","fromID":"1346008","toID":"1346011","formEdgeID":null},{"edgeID":"1763601","fromID":"1346011","toID":"1346007","formEdgeID":null},{"edgeID":"1763602","fromID":"1346002","toID":"1346012","formEdgeID":null},{"edgeID":"1763603","fromID":"1346012","toID":"1346008","formEdgeID":null},{"edgeID":"1763604","fromID":"1346001","toID":"1346013","formEdgeID":null},{"edgeID":"1763605","fromID":"1346013","toID":"1346007","formEdgeID":null},{"edgeID":"1763606","fromID":"1346012","toID":"1346014","formEdgeID":null},{"edgeID":"1763607","fromID":"1346014","toID":"1346013","formEdgeID":null},{"edgeID":"1763608","fromID":"1345991","toID":"1346015","formEdgeID":null},{"edgeID":"1763609","fromID":"1346015","toID":"1346001","formEdgeID":null},{"edgeID":"1763610","fromID":"1345985","toID":"1346015","formEdgeID":null},{"edgeID":"1763611","fromID":"1345986","toID":"1346016","formEdgeID":null},{"edgeID":"1763612","fromID":"1346016","toID":"1346002","formEdgeID":null},{"edgeID":"1763613","fromID":"1346006","toID":"1346017","formEdgeID":null},{"edgeID":"1763614","fromID":"1346017","toID":"1346015","formEdgeID":null},{"edgeID":"1763615","fromID":"1346019","toID":"1346018","formEdgeID":null},{"edgeID":"1763616","fromID":"1346020","toID":"1346019","formEdgeID":null},{"edgeID":"1763617","fromID":"1346018","toID":"1346021","formEdgeID":null},{"edgeID":"1763618","fromID":"1346021","toID":"1151276","formEdgeID":null},{"edgeID":"1763619","fromID":"1346024","toID":"1346023","formEdgeID":null},{"edgeID":"1763620","fromID":"1346025","toID":"1346024","formEdgeID":null},{"edgeID":"1763621","fromID":"1346023","toID":"1346026","formEdgeID":null},{"edgeID":"1763622","fromID":"1346026","toID":"1346022","formEdgeID":null},{"edgeID":"1763623","fromID":"1346028","toID":"1346027","formEdgeID":null},{"edgeID":"1763624","fromID":"1346029","toID":"1346028","formEdgeID":null},{"edgeID":"1763625","fromID":"1346027","toID":"1346030","formEdgeID":null},{"edgeID":"1763626","fromID":"1346030","toID":"1151299","formEdgeID":null},{"edgeID":"1763627","fromID":"1346032","toID":"1346031","formEdgeID":null},{"edgeID":"1763628","fromID":"1346033","toID":"1346032","formEdgeID":null},{"edgeID":"1763629","fromID":"1346035","toID":"1346034","formEdgeID":null},{"edgeID":"1763630","fromID":"1346036","toID":"1346035","formEdgeID":null},{"edgeID":"1763631","fromID":"1346031","toID":"1346037","formEdgeID":null},{"edgeID":"1763632","fromID":"1346037","toID":"1346034","formEdgeID":null},{"edgeID":"1763633","fromID":"1346039","toID":"1346038","formEdgeID":null},{"edgeID":"1763634","fromID":"1346040","toID":"1346039","formEdgeID":null},{"edgeID":"1763635","fromID":"1346042","toID":"1346041","formEdgeID":null},{"edgeID":"1763636","fromID":"1346043","toID":"1346042","formEdgeID":null},{"edgeID":"1763637","fromID":"1346041","toID":"1346044","formEdgeID":null},{"edgeID":"1763638","fromID":"1346044","toID":"1151263","formEdgeID":null},{"edgeID":"1763639","fromID":"1346034","toID":"1346045","formEdgeID":null},{"edgeID":"1763640","fromID":"1346045","toID":"1151263","formEdgeID":null},{"edgeID":"1763641","fromID":"1346038","toID":"1346046","formEdgeID":null},{"edgeID":"1763642","fromID":"1346046","toID":"1346041","formEdgeID":null},{"edgeID":"1763643","fromID":"1346008","toID":"1346047","formEdgeID":null},{"edgeID":"1763644","fromID":"1346047","toID":"1346031","formEdgeID":null},{"edgeID":"1763645","fromID":"1346031","toID":"1346048","formEdgeID":null},{"edgeID":"1763646","fromID":"1346048","toID":"1346038","formEdgeID":null},{"edgeID":"1763647","fromID":"1346038","toID":"1346049","formEdgeID":null},{"edgeID":"1763648","fromID":"1346049","toID":"1346018","formEdgeID":null},{"edgeID":"1763649","fromID":"1346023","toID":"1346050","formEdgeID":null},{"edgeID":"1763650","fromID":"1346050","toID":"1346027","formEdgeID":null},{"edgeID":"1763651","fromID":"1151276","toID":"1346051","formEdgeID":null},{"edgeID":"1763652","fromID":"1346051","toID":"1151263","formEdgeID":null},{"edgeID":"1763653","fromID":"1346049","toID":"1346052","formEdgeID":null},{"edgeID":"1763654","fromID":"1346052","toID":"1346051","formEdgeID":null},{"edgeID":"1763655","fromID":"1346007","toID":"1346053","formEdgeID":null},{"edgeID":"1763656","fromID":"1346053","toID":"1346022","formEdgeID":null},{"edgeID":"1763657","fromID":"1346001","toID":"1346053","formEdgeID":null},{"edgeID":"1763658","fromID":"1346002","toID":"1346054","formEdgeID":null},{"edgeID":"1763659","fromID":"1346054","toID":"1346023","formEdgeID":null},{"edgeID":"1763660","fromID":"1346008","toID":"1346055","formEdgeID":null},{"edgeID":"1763661","fromID":"1346055","toID":"1346023","formEdgeID":null},{"edgeID":"1763662","fromID":"1346055","toID":"1346056","formEdgeID":null},{"edgeID":"1763663","fromID":"1346056","toID":"1346053","formEdgeID":null},{"edgeID":"1763664","fromID":"1346059","toID":"1346058","formEdgeID":null},{"edgeID":"1763665","fromID":"1346060","toID":"1346059","formEdgeID":null},{"edgeID":"1763666","fromID":"1346058","toID":"1346061","formEdgeID":null},{"edgeID":"1763667","fromID":"1346061","toID":"1346057","formEdgeID":null},{"edgeID":"1763668","fromID":"1346057","toID":"1346062","formEdgeID":null},{"edgeID":"1763669","fromID":"1346062","toID":"1151299","formEdgeID":null},{"edgeID":"1763670","fromID":"1346027","toID":"1346063","formEdgeID":null},{"edgeID":"1763671","fromID":"1346063","toID":"1346058","formEdgeID":null},{"edgeID":"1763672","fromID":"1346063","toID":"1346064","formEdgeID":null},{"edgeID":"1763673","fromID":"1346064","toID":"1346062","formEdgeID":null},{"edgeID":"1763674","fromID":"1346067","toID":"1346066","formEdgeID":null},{"edgeID":"1763675","fromID":"1346068","toID":"1346067","formEdgeID":null},{"edgeID":"1763676","fromID":"1346066","toID":"1346069","formEdgeID":null},{"edgeID":"1763677","fromID":"1346069","toID":"1346065","formEdgeID":null},{"edgeID":"1763678","fromID":"1346058","toID":"1346070","formEdgeID":null},{"edgeID":"1763679","fromID":"1346070","toID":"1346066","formEdgeID":null},{"edgeID":"1763680","fromID":"1346065","toID":"1346071","formEdgeID":null},{"edgeID":"1763681","fromID":"1346071","toID":"1346057","formEdgeID":null},{"edgeID":"1763682","fromID":"1346070","toID":"1346072","formEdgeID":null},{"edgeID":"1763683","fromID":"1346072","toID":"1346071","formEdgeID":null},{"edgeID":"1763684","fromID":"1346075","toID":"1346074","formEdgeID":null},{"edgeID":"1763685","fromID":"1346076","toID":"1346075","formEdgeID":null},{"edgeID":"1763686","fromID":"1346074","toID":"1346077","formEdgeID":null},{"edgeID":"1763687","fromID":"1346077","toID":"1346073","formEdgeID":null},{"edgeID":"1763688","fromID":"1346066","toID":"1346078","formEdgeID":null},{"edgeID":"1763689","fromID":"1346078","toID":"1346074","formEdgeID":null}],"locutions":[]}