{"nodes":[{"nodeID":"1345292","text":"what Matt Hancock is saying is the same as what you hear from all politicians","type":"I","timestamp":"2023-11-09 14:00:35"},{"nodeID":"1345293","text":"AudienceMember 20221110QT23: It\u2019s the same as what you hear from all politicians","type":"L","timestamp":"2023-11-09 14:00:35"},{"nodeID":"1345294","text":"Analysing","type":"YA","timestamp":"2023-11-09 14:00:35"},{"nodeID":"1345295","text":"Anon: AudienceMember 20221110QT23: It\u2019s the same as what you hear from all politicians","type":"L","timestamp":"2023-11-09 14:00:35"},{"nodeID":"1345296","text":"Asserting","type":"YA","timestamp":"2023-11-09 14:00:35"},{"nodeID":"1345297","text":"all politicians say oh, this is the real me, that\u2019s the real me","type":"I","timestamp":"2023-11-09 14:00:36"},{"nodeID":"1345298","text":"AudienceMember 20221110QT23: oh, this is the real me, that\u2019s the real me","type":"L","timestamp":"2023-11-09 14:00:36"},{"nodeID":"1345299","text":"Analysing","type":"YA","timestamp":"2023-11-09 14:00:36"},{"nodeID":"1345300","text":"Anon: AudienceMember 20221110QT23: oh, this is the real me, that\u2019s the real me","type":"L","timestamp":"2023-11-09 14:00:36"},{"nodeID":"1345301","text":"Asserting","type":"YA","timestamp":"2023-11-09 14:00:36"},{"nodeID":"1345302","text":"Default Transition","type":"TA","timestamp":"2023-11-09 14:00:36"},{"nodeID":"1345303","text":"Default Rephrase","type":"MA","timestamp":"2023-11-09 14:00:36"},{"nodeID":"1345304","text":"Restating","type":"YA","timestamp":"2023-11-09 14:00:36"},{"nodeID":"1345305","text":"what we hear from politicians is all\u2026the word cannot be said","type":"I","timestamp":"2023-11-09 14:00:36"},{"nodeID":"1345306","text":"AudienceMember 20221110QT23: It\u2019s all\u2026I can\u2019t say the word","type":"L","timestamp":"2023-11-09 14:00:36"},{"nodeID":"1345307","text":"Analysing","type":"YA","timestamp":"2023-11-09 14:00:36"},{"nodeID":"1345308","text":"Anon: AudienceMember 20221110QT23: It\u2019s all\u2026I can\u2019t say the word","type":"L","timestamp":"2023-11-09 14:00:36"},{"nodeID":"1345309","text":"Asserting","type":"YA","timestamp":"2023-11-09 14:00:36"},{"nodeID":"1345310","text":"Default Transition","type":"TA","timestamp":"2023-11-09 14:00:36"},{"nodeID":"1345311","text":"Default Inference","type":"RA","timestamp":"2023-11-09 14:00:36"},{"nodeID":"1345312","text":"Arguing","type":"YA","timestamp":"2023-11-09 14:00:36"},{"nodeID":"1345313","text":"we all know what we\u2019re thinking about what we hear from politicians","type":"I","timestamp":"2023-11-09 14:00:37"},{"nodeID":"1345314","text":"AudienceMember 20221110QT23: we all know what we\u2019re thinking","type":"L","timestamp":"2023-11-09 14:00:37"},{"nodeID":"1345315","text":"Analysing","type":"YA","timestamp":"2023-11-09 14:00:37"},{"nodeID":"1345316","text":"Anon: AudienceMember 20221110QT23: we all know what we\u2019re thinking","type":"L","timestamp":"2023-11-09 14:00:37"},{"nodeID":"1345317","text":"Asserting","type":"YA","timestamp":"2023-11-09 14:00:37"},{"nodeID":"1345318","text":"Default Transition","type":"TA","timestamp":"2023-11-09 14:00:37"},{"nodeID":"1345319","text":"Default Rephrase","type":"MA","timestamp":"2023-11-09 14:00:37"},{"nodeID":"1345320","text":"Restating","type":"YA","timestamp":"2023-11-09 14:00:37"},{"nodeID":"1345321","text":"it\u2019s extraordinary that Matt Hancock said he had to go to the jungle in order to be able to make change happen","type":"I","timestamp":"2023-11-09 14:00:38"},{"nodeID":"1345322","text":"Caroline Lucas: it\u2019s extraordinary that Matt Hancock said he had to go to the jungle in order to be able to make change happen","type":"L","timestamp":"2023-11-09 14:00:38"},{"nodeID":"1345323","text":"Analysing","type":"YA","timestamp":"2023-11-09 14:00:38"},{"nodeID":"1345324","text":"Anon: Caroline Lucas: it\u2019s extraordinary that Matt Hancock said he had to go to the jungle in order to be able to make change happen","type":"L","timestamp":"2023-11-09 14:00:38"},{"nodeID":"1345325","text":"Asserting","type":"YA","timestamp":"2023-11-09 14:00:38"},{"nodeID":"1345326","text":"Default Transition","type":"TA","timestamp":"2023-11-09 14:00:38"},{"nodeID":"1345327","text":"Matt Hancock\u2019s been the Health Secretary, for goodness sake","type":"I","timestamp":"2023-11-09 14:00:38"},{"nodeID":"1345328","text":"Caroline Lucas: He\u2019s been the Health Secretary, for goodness sake","type":"L","timestamp":"2023-11-09 14:00:38"},{"nodeID":"1345329","text":"Analysing","type":"YA","timestamp":"2023-11-09 14:00:38"},{"nodeID":"1345330","text":"Anon: Caroline Lucas: He\u2019s been the Health Secretary, for goodness sake","type":"L","timestamp":"2023-11-09 14:00:38"},{"nodeID":"1345331","text":"Asserting","type":"YA","timestamp":"2023-11-09 14:00:38"},{"nodeID":"1345332","text":"Default Transition","type":"TA","timestamp":"2023-11-09 14:00:38"},{"nodeID":"1345333","text":"Default Inference","type":"RA","timestamp":"2023-11-09 14:00:38"},{"nodeID":"1345334","text":"Arguing","type":"YA","timestamp":"2023-11-09 14:00:38"},{"nodeID":"1345335","text":"Matt Hancock could have made real change happen","type":"I","timestamp":"2023-11-09 14:00:39"},{"nodeID":"1345336","text":"Caroline Lucas: He could have made real change happen","type":"L","timestamp":"2023-11-09 14:00:39"},{"nodeID":"1345337","text":"Analysing","type":"YA","timestamp":"2023-11-09 14:00:39"},{"nodeID":"1345338","text":"Anon: Caroline Lucas: He could have made real change happen","type":"L","timestamp":"2023-11-09 14:00:39"},{"nodeID":"1345339","text":"Asserting","type":"YA","timestamp":"2023-11-09 14:00:39"},{"nodeID":"1345340","text":"Default Transition","type":"TA","timestamp":"2023-11-09 14:00:39"},{"nodeID":"1345341","text":"Default Inference","type":"RA","timestamp":"2023-11-09 14:00:39"},{"nodeID":"1345342","text":"Arguing","type":"YA","timestamp":"2023-11-09 14:00:39"},{"nodeID":"1345343","text":"instead of making real change happen Matt Hancock\u2019s now being held to account by Ant and Dec instead of being held to account by the COVID enquiry","type":"I","timestamp":"2023-11-09 14:00:40"},{"nodeID":"1345344","text":"Caroline Lucas: Instead of which he\u2019s now being held to account by Ant and Dec instead of being held to account by the COVID enquiry","type":"L","timestamp":"2023-11-09 14:00:40"},{"nodeID":"1345345","text":"Analysing","type":"YA","timestamp":"2023-11-09 14:00:40"},{"nodeID":"1345346","text":"Anon: Caroline Lucas: Instead of which he\u2019s now being held to account by Ant and Dec instead of being held to account by the COVID enquiry","type":"L","timestamp":"2023-11-09 14:00:40"},{"nodeID":"1345347","text":"Asserting","type":"YA","timestamp":"2023-11-09 14:00:40"},{"nodeID":"1345348","text":"Default Transition","type":"TA","timestamp":"2023-11-09 14:00:40"},{"nodeID":"1345349","text":"Default Conflict","type":"CA","timestamp":"2023-11-09 14:00:40"},{"nodeID":"1345350","text":"Disagreeing","type":"YA","timestamp":"2023-11-09 14:00:40"},{"nodeID":"1345351","text":"the COVID enquiry is where Matt Hancock should be answering questions about the total mishandling of the COVID crisis","type":"I","timestamp":"2023-11-09 14:00:40"},{"nodeID":"1345352","text":"Caroline Lucas: which is where he should be answering questions about the total mishandling of the COVID crisis","type":"L","timestamp":"2023-11-09 14:00:40"},{"nodeID":"1345353","text":"Analysing","type":"YA","timestamp":"2023-11-09 14:00:40"},{"nodeID":"1345354","text":"Anon: Caroline Lucas: which is where he should be answering questions about the total mishandling of the COVID crisis","type":"L","timestamp":"2023-11-09 14:00:40"},{"nodeID":"1345355","text":"Asserting","type":"YA","timestamp":"2023-11-09 14:00:40"},{"nodeID":"1345356","text":"Default Transition","type":"TA","timestamp":"2023-11-09 14:00:40"},{"nodeID":"1345357","text":"Default Rephrase","type":"MA","timestamp":"2023-11-09 14:00:40"},{"nodeID":"1345358","text":"Restating","type":"YA","timestamp":"2023-11-09 14:00:40"},{"nodeID":"1345359","text":"AudienceMember 20221110QT24: I totally agree with what you\u2019re saying","type":"L","timestamp":"2023-11-09 14:00:40"},{"nodeID":"1345360","text":"Analysing","type":"YA","timestamp":"2023-11-09 14:00:40"},{"nodeID":"1345361","text":"Anon: AudienceMember 20221110QT24: I totally agree with what you\u2019re saying","type":"L","timestamp":"2023-11-09 14:00:40"},{"nodeID":"1345362","text":"Default Transition","type":"TA","timestamp":"2023-11-09 14:00:40"},{"nodeID":"1345363","text":"Agreeing","type":"YA","timestamp":"2023-11-09 14:00:40"},{"nodeID":"1345364","text":"AudienceMember 20221110QT24 would like to see a general election, and let\u2019s see if whatever party comes in can do better","type":"I","timestamp":"2023-11-09 14:00:41"},{"nodeID":"1345365","text":"AudienceMember 20221110QT24: I would like to see a general election, and let\u2019s see if whatever party comes in can do better","type":"L","timestamp":"2023-11-09 14:00:41"},{"nodeID":"1345366","text":"Analysing","type":"YA","timestamp":"2023-11-09 14:00:41"},{"nodeID":"1345367","text":"Anon: AudienceMember 20221110QT24: I would like to see a general election, and let\u2019s see if whatever party comes in can do better","type":"L","timestamp":"2023-11-09 14:00:41"},{"nodeID":"1345368","text":"Asserting","type":"YA","timestamp":"2023-11-09 14:00:41"},{"nodeID":"1345369","text":"Default Transition","type":"TA","timestamp":"2023-11-09 14:00:41"},{"nodeID":"1345370","text":"the next party can\u2019t do better","type":"I","timestamp":"2023-11-09 14:00:41"},{"nodeID":"1345371","text":"AudienceMember 20221110QT24: they can\u2019t do better","type":"L","timestamp":"2023-11-09 14:00:41"},{"nodeID":"1345372","text":"Analysing","type":"YA","timestamp":"2023-11-09 14:00:41"},{"nodeID":"1345373","text":"Anon: AudienceMember 20221110QT24: they can\u2019t do better","type":"L","timestamp":"2023-11-09 14:00:41"},{"nodeID":"1345374","text":"Asserting","type":"YA","timestamp":"2023-11-09 14:00:41"},{"nodeID":"1345375","text":"Default Transition","type":"TA","timestamp":"2023-11-09 14:00:41"},{"nodeID":"1345376","text":"we\u2019re in trouble","type":"I","timestamp":"2023-11-09 14:00:42"},{"nodeID":"1345377","text":"AudienceMember 20221110QT24: we\u2019re in trouble","type":"L","timestamp":"2023-11-09 14:00:42"},{"nodeID":"1345378","text":"Analysing","type":"YA","timestamp":"2023-11-09 14:00:42"},{"nodeID":"1345379","text":"Anon: AudienceMember 20221110QT24: we\u2019re in trouble","type":"L","timestamp":"2023-11-09 14:00:42"},{"nodeID":"1345380","text":"Asserting","type":"YA","timestamp":"2023-11-09 14:00:42"},{"nodeID":"1345381","text":"Default Transition","type":"TA","timestamp":"2023-11-09 14:00:42"},{"nodeID":"1345382","text":"Default Inference","type":"RA","timestamp":"2023-11-09 14:00:42"},{"nodeID":"1345383","text":"Arguing","type":"YA","timestamp":"2023-11-09 14:00:42"},{"nodeID":"1345384","text":"Default Rephrase","type":"MA","timestamp":"2023-11-09 14:00:42"},{"nodeID":"1345385","text":"Restating","type":"YA","timestamp":"2023-11-09 14:00:42"},{"nodeID":"1345386","text":"it\u2019s very true that we're in trouble if the next party can't do better","type":"I","timestamp":"2023-11-09 14:00:43"},{"nodeID":"1345387","text":"Caroline Lucas: That\u2019s very true","type":"L","timestamp":"2023-11-09 14:00:43"},{"nodeID":"1345388","text":"Analysing","type":"YA","timestamp":"2023-11-09 14:00:43"},{"nodeID":"1345389","text":"Anon: Caroline Lucas: That\u2019s very true","type":"L","timestamp":"2023-11-09 14:00:43"},{"nodeID":"1345390","text":"Asserting","type":"YA","timestamp":"2023-11-09 14:00:43"},{"nodeID":"1345391","text":"Default Transition","type":"TA","timestamp":"2023-11-09 14:00:43"},{"nodeID":"1345392","text":"Default Rephrase","type":"MA","timestamp":"2023-11-09 14:00:43"},{"nodeID":"1345393","text":"Restating","type":"YA","timestamp":"2023-11-09 14:00:43"},{"nodeID":"1345394","text":"the lack of ethics is because there\u2019s no ethics minister or department","type":"I","timestamp":"2023-11-09 14:00:43"},{"nodeID":"1345395","text":"AudienceMember 20221110QT25: Is the lack of ethics because there\u2019s no ethics minister or department perhaps","type":"L","timestamp":"2023-11-09 14:00:43"},{"nodeID":"1345396","text":"Analysing","type":"YA","timestamp":"2023-11-09 14:00:43"},{"nodeID":"1345397","text":"Anon: AudienceMember 20221110QT25: Is the lack of ethics because there\u2019s no ethics minister or department perhaps","type":"L","timestamp":"2023-11-09 14:00:43"},{"nodeID":"1345398","text":"Assertive Questioning","type":"YA","timestamp":"2023-11-09 14:00:43"},{"nodeID":"1345399","text":"Default Transition","type":"TA","timestamp":"2023-11-09 14:00:43"},{"nodeID":"1345400","text":"Emily Thornberry: Yeah","type":"L","timestamp":"2023-11-09 14:00:43"},{"nodeID":"1345401","text":"Analysing","type":"YA","timestamp":"2023-11-09 14:00:43"},{"nodeID":"1345402","text":"Anon: Emily Thornberry: Yeah","type":"L","timestamp":"2023-11-09 14:00:43"},{"nodeID":"1345403","text":"Default Transition","type":"TA","timestamp":"2023-11-09 14:00:43"},{"nodeID":"1345404","text":"Agreeing","type":"YA","timestamp":"2023-11-09 14:00:43"}],"edges":[{"edgeID":"1762759","fromID":"1345294","toID":"1345293","formEdgeID":null},{"edgeID":"1762760","fromID":"1345295","toID":"1345294","formEdgeID":null},{"edgeID":"1762761","fromID":"1345293","toID":"1345296","formEdgeID":null},{"edgeID":"1762762","fromID":"1345296","toID":"1345292","formEdgeID":null},{"edgeID":"1762763","fromID":"1345299","toID":"1345298","formEdgeID":null},{"edgeID":"1762764","fromID":"1345300","toID":"1345299","formEdgeID":null},{"edgeID":"1762765","fromID":"1345298","toID":"1345301","formEdgeID":null},{"edgeID":"1762766","fromID":"1345301","toID":"1345297","formEdgeID":null},{"edgeID":"1762767","fromID":"1345293","toID":"1345302","formEdgeID":null},{"edgeID":"1762768","fromID":"1345302","toID":"1345298","formEdgeID":null},{"edgeID":"1762769","fromID":"1345297","toID":"1345303","formEdgeID":null},{"edgeID":"1762770","fromID":"1345303","toID":"1345292","formEdgeID":null},{"edgeID":"1762771","fromID":"1345302","toID":"1345304","formEdgeID":null},{"edgeID":"1762772","fromID":"1345304","toID":"1345303","formEdgeID":null},{"edgeID":"1762773","fromID":"1345307","toID":"1345306","formEdgeID":null},{"edgeID":"1762774","fromID":"1345308","toID":"1345307","formEdgeID":null},{"edgeID":"1762775","fromID":"1345306","toID":"1345309","formEdgeID":null},{"edgeID":"1762776","fromID":"1345309","toID":"1345305","formEdgeID":null},{"edgeID":"1762777","fromID":"1345298","toID":"1345310","formEdgeID":null},{"edgeID":"1762778","fromID":"1345310","toID":"1345306","formEdgeID":null},{"edgeID":"1762779","fromID":"1345297","toID":"1345311","formEdgeID":null},{"edgeID":"1762780","fromID":"1345311","toID":"1345305","formEdgeID":null},{"edgeID":"1762781","fromID":"1345310","toID":"1345312","formEdgeID":null},{"edgeID":"1762782","fromID":"1345312","toID":"1345311","formEdgeID":null},{"edgeID":"1762783","fromID":"1345315","toID":"1345314","formEdgeID":null},{"edgeID":"1762784","fromID":"1345316","toID":"1345315","formEdgeID":null},{"edgeID":"1762785","fromID":"1345314","toID":"1345317","formEdgeID":null},{"edgeID":"1762786","fromID":"1345317","toID":"1345313","formEdgeID":null},{"edgeID":"1762787","fromID":"1345306","toID":"1345318","formEdgeID":null},{"edgeID":"1762788","fromID":"1345318","toID":"1345314","formEdgeID":null},{"edgeID":"1762789","fromID":"1345313","toID":"1345319","formEdgeID":null},{"edgeID":"1762790","fromID":"1345319","toID":"1345305","formEdgeID":null},{"edgeID":"1762791","fromID":"1345318","toID":"1345320","formEdgeID":null},{"edgeID":"1762792","fromID":"1345320","toID":"1345319","formEdgeID":null},{"edgeID":"1762793","fromID":"1345323","toID":"1345322","formEdgeID":null},{"edgeID":"1762794","fromID":"1345324","toID":"1345323","formEdgeID":null},{"edgeID":"1762795","fromID":"1345322","toID":"1345325","formEdgeID":null},{"edgeID":"1762796","fromID":"1345325","toID":"1345321","formEdgeID":null},{"edgeID":"1762797","fromID":"1345314","toID":"1345326","formEdgeID":null},{"edgeID":"1762798","fromID":"1345326","toID":"1345322","formEdgeID":null},{"edgeID":"1762799","fromID":"1345329","toID":"1345328","formEdgeID":null},{"edgeID":"1762800","fromID":"1345330","toID":"1345329","formEdgeID":null},{"edgeID":"1762801","fromID":"1345328","toID":"1345331","formEdgeID":null},{"edgeID":"1762802","fromID":"1345331","toID":"1345327","formEdgeID":null},{"edgeID":"1762803","fromID":"1345322","toID":"1345332","formEdgeID":null},{"edgeID":"1762804","fromID":"1345332","toID":"1345328","formEdgeID":null},{"edgeID":"1762805","fromID":"1345327","toID":"1345333","formEdgeID":null},{"edgeID":"1762806","fromID":"1345333","toID":"1345321","formEdgeID":null},{"edgeID":"1762807","fromID":"1345332","toID":"1345334","formEdgeID":null},{"edgeID":"1762808","fromID":"1345334","toID":"1345333","formEdgeID":null},{"edgeID":"1762809","fromID":"1345337","toID":"1345336","formEdgeID":null},{"edgeID":"1762810","fromID":"1345338","toID":"1345337","formEdgeID":null},{"edgeID":"1762811","fromID":"1345336","toID":"1345339","formEdgeID":null},{"edgeID":"1762812","fromID":"1345339","toID":"1345335","formEdgeID":null},{"edgeID":"1762813","fromID":"1345328","toID":"1345340","formEdgeID":null},{"edgeID":"1762814","fromID":"1345340","toID":"1345336","formEdgeID":null},{"edgeID":"1762815","fromID":"1345327","toID":"1345341","formEdgeID":null},{"edgeID":"1762816","fromID":"1345341","toID":"1345335","formEdgeID":null},{"edgeID":"1762817","fromID":"1345340","toID":"1345342","formEdgeID":null},{"edgeID":"1762818","fromID":"1345342","toID":"1345341","formEdgeID":null},{"edgeID":"1762819","fromID":"1345345","toID":"1345344","formEdgeID":null},{"edgeID":"1762820","fromID":"1345346","toID":"1345345","formEdgeID":null},{"edgeID":"1762821","fromID":"1345344","toID":"1345347","formEdgeID":null},{"edgeID":"1762822","fromID":"1345347","toID":"1345343","formEdgeID":null},{"edgeID":"1762823","fromID":"1345336","toID":"1345348","formEdgeID":null},{"edgeID":"1762824","fromID":"1345348","toID":"1345344","formEdgeID":null},{"edgeID":"1762825","fromID":"1345343","toID":"1345349","formEdgeID":null},{"edgeID":"1762826","fromID":"1345349","toID":"1345335","formEdgeID":null},{"edgeID":"1762827","fromID":"1345348","toID":"1345350","formEdgeID":null},{"edgeID":"1762828","fromID":"1345350","toID":"1345349","formEdgeID":null},{"edgeID":"1762829","fromID":"1345353","toID":"1345352","formEdgeID":null},{"edgeID":"1762830","fromID":"1345354","toID":"1345353","formEdgeID":null},{"edgeID":"1762831","fromID":"1345352","toID":"1345355","formEdgeID":null},{"edgeID":"1762832","fromID":"1345355","toID":"1345351","formEdgeID":null},{"edgeID":"1762833","fromID":"1345344","toID":"1345356","formEdgeID":null},{"edgeID":"1762834","fromID":"1345356","toID":"1345352","formEdgeID":null},{"edgeID":"1762835","fromID":"1345351","toID":"1345357","formEdgeID":null},{"edgeID":"1762836","fromID":"1345357","toID":"1345343","formEdgeID":null},{"edgeID":"1762837","fromID":"1345356","toID":"1345358","formEdgeID":null},{"edgeID":"1762838","fromID":"1345358","toID":"1345357","formEdgeID":null},{"edgeID":"1762839","fromID":"1345360","toID":"1345359","formEdgeID":null},{"edgeID":"1762840","fromID":"1345361","toID":"1345360","formEdgeID":null},{"edgeID":"1762841","fromID":"1345352","toID":"1345362","formEdgeID":null},{"edgeID":"1762842","fromID":"1345362","toID":"1345359","formEdgeID":null},{"edgeID":"1762843","fromID":"1345362","toID":"1345363","formEdgeID":null},{"edgeID":"1762844","fromID":"1345363","toID":"1345351","formEdgeID":null},{"edgeID":"1762845","fromID":"1345366","toID":"1345365","formEdgeID":null},{"edgeID":"1762846","fromID":"1345367","toID":"1345366","formEdgeID":null},{"edgeID":"1762847","fromID":"1345365","toID":"1345368","formEdgeID":null},{"edgeID":"1762848","fromID":"1345368","toID":"1345364","formEdgeID":null},{"edgeID":"1762849","fromID":"1345359","toID":"1345369","formEdgeID":null},{"edgeID":"1762850","fromID":"1345369","toID":"1345365","formEdgeID":null},{"edgeID":"1762851","fromID":"1345372","toID":"1345371","formEdgeID":null},{"edgeID":"1762852","fromID":"1345373","toID":"1345372","formEdgeID":null},{"edgeID":"1762853","fromID":"1345371","toID":"1345374","formEdgeID":null},{"edgeID":"1762854","fromID":"1345374","toID":"1345370","formEdgeID":null},{"edgeID":"1762855","fromID":"1345365","toID":"1345375","formEdgeID":null},{"edgeID":"1762856","fromID":"1345375","toID":"1345371","formEdgeID":null},{"edgeID":"1762857","fromID":"1345378","toID":"1345377","formEdgeID":null},{"edgeID":"1762858","fromID":"1345379","toID":"1345378","formEdgeID":null},{"edgeID":"1762859","fromID":"1345377","toID":"1345380","formEdgeID":null},{"edgeID":"1762860","fromID":"1345380","toID":"1345376","formEdgeID":null},{"edgeID":"1762861","fromID":"1345371","toID":"1345381","formEdgeID":null},{"edgeID":"1762862","fromID":"1345381","toID":"1345377","formEdgeID":null},{"edgeID":"1762863","fromID":"1345370","toID":"1345382","formEdgeID":null},{"edgeID":"1762864","fromID":"1345382","toID":"1345376","formEdgeID":null},{"edgeID":"1762865","fromID":"1345381","toID":"1345383","formEdgeID":null},{"edgeID":"1762866","fromID":"1345383","toID":"1345382","formEdgeID":null},{"edgeID":"1762867","fromID":"1345370","toID":"1345384","formEdgeID":null},{"edgeID":"1762868","fromID":"1345384","toID":"1345364","formEdgeID":null},{"edgeID":"1762869","fromID":"1345375","toID":"1345385","formEdgeID":null},{"edgeID":"1762870","fromID":"1345385","toID":"1345384","formEdgeID":null},{"edgeID":"1762871","fromID":"1345388","toID":"1345387","formEdgeID":null},{"edgeID":"1762872","fromID":"1345389","toID":"1345388","formEdgeID":null},{"edgeID":"1762873","fromID":"1345387","toID":"1345390","formEdgeID":null},{"edgeID":"1762874","fromID":"1345390","toID":"1345386","formEdgeID":null},{"edgeID":"1762875","fromID":"1345377","toID":"1345391","formEdgeID":null},{"edgeID":"1762876","fromID":"1345391","toID":"1345387","formEdgeID":null},{"edgeID":"1762877","fromID":"1345386","toID":"1345392","formEdgeID":null},{"edgeID":"1762878","fromID":"1345392","toID":"1345376","formEdgeID":null},{"edgeID":"1762879","fromID":"1345391","toID":"1345393","formEdgeID":null},{"edgeID":"1762880","fromID":"1345393","toID":"1345392","formEdgeID":null},{"edgeID":"1762881","fromID":"1345396","toID":"1345395","formEdgeID":null},{"edgeID":"1762882","fromID":"1345397","toID":"1345396","formEdgeID":null},{"edgeID":"1762883","fromID":"1345395","toID":"1345398","formEdgeID":null},{"edgeID":"1762884","fromID":"1345398","toID":"1345394","formEdgeID":null},{"edgeID":"1762885","fromID":"1345387","toID":"1345399","formEdgeID":null},{"edgeID":"1762886","fromID":"1345399","toID":"1345395","formEdgeID":null},{"edgeID":"1762887","fromID":"1345401","toID":"1345400","formEdgeID":null},{"edgeID":"1762888","fromID":"1345402","toID":"1345401","formEdgeID":null},{"edgeID":"1762889","fromID":"1345395","toID":"1345403","formEdgeID":null},{"edgeID":"1762890","fromID":"1345403","toID":"1345400","formEdgeID":null},{"edgeID":"1762891","fromID":"1345403","toID":"1345404","formEdgeID":null},{"edgeID":"1762892","fromID":"1345404","toID":"1345394","formEdgeID":null}],"locutions":[]}