{"nodes":[{"nodeID":"1346490","text":"AudienceMember 20221110QT28 was watching QT when they talked about refugees","type":"I","timestamp":"2023-11-09 14:02:16"},{"nodeID":"1346491","text":"AudienceMember 20221110QT28: I was, yeah. I was","type":"L","timestamp":"2023-11-09 14:02:16"},{"nodeID":"1346492","text":"Analysing","type":"YA","timestamp":"2023-11-09 14:02:16"},{"nodeID":"1346493","text":"Anon: AudienceMember 20221110QT28: I was, yeah. I was","type":"L","timestamp":"2023-11-09 14:02:16"},{"nodeID":"1346494","text":"Asserting","type":"YA","timestamp":"2023-11-09 14:02:16"},{"nodeID":"1346495","text":"AudienceMember 20221110QT28 raises a very important subject","type":"I","timestamp":"2023-11-09 14:02:17"},{"nodeID":"1346496","text":"Fiona Bruce: You raise a very important subject","type":"L","timestamp":"2023-11-09 14:02:17"},{"nodeID":"1346497","text":"Analysing","type":"YA","timestamp":"2023-11-09 14:02:17"},{"nodeID":"1346498","text":"Anon: Fiona Bruce: You raise a very important subject","type":"L","timestamp":"2023-11-09 14:02:17"},{"nodeID":"1346499","text":"Asserting","type":"YA","timestamp":"2023-11-09 14:02:17"},{"nodeID":"1346500","text":"Default Transition","type":"TA","timestamp":"2023-11-09 14:02:17"},{"nodeID":"1346501","text":"at QT they have certainly have talked about refugees","type":"I","timestamp":"2023-11-09 14:02:17"},{"nodeID":"1346502","text":"Fiona Bruce: we certainly have talked about it","type":"L","timestamp":"2023-11-09 14:02:17"},{"nodeID":"1346503","text":"Analysing","type":"YA","timestamp":"2023-11-09 14:02:17"},{"nodeID":"1346504","text":"Anon: Fiona Bruce: we certainly have talked about it","type":"L","timestamp":"2023-11-09 14:02:17"},{"nodeID":"1346505","text":"Asserting","type":"YA","timestamp":"2023-11-09 14:02:17"},{"nodeID":"1346506","text":"Default Transition","type":"TA","timestamp":"2023-11-09 14:02:17"},{"nodeID":"1346507","text":"we've got a lot of the interest from the audience tonight","type":"I","timestamp":"2023-11-09 14:02:18"},{"nodeID":"1346508","text":"Fiona Bruce: a lot of the interest we got from the audience tonight","type":"L","timestamp":"2023-11-09 14:02:18"},{"nodeID":"1346509","text":"Analysing","type":"YA","timestamp":"2023-11-09 14:02:18"},{"nodeID":"1346510","text":"Anon: Fiona Bruce: a lot of the interest we got from the audience tonight","type":"L","timestamp":"2023-11-09 14:02:18"},{"nodeID":"1346511","text":"Asserting","type":"YA","timestamp":"2023-11-09 14:02:18"},{"nodeID":"1346512","text":"Fiona Bruce totally hears what AudienceMember 20221110QT29 is saying","type":"I","timestamp":"2023-11-09 14:02:19"},{"nodeID":"1346513","text":"Fiona Bruce: I totally hear what you\u2019re saying","type":"L","timestamp":"2023-11-09 14:02:19"},{"nodeID":"1346514","text":"Analysing","type":"YA","timestamp":"2023-11-09 14:02:19"},{"nodeID":"1346515","text":"Anon: Fiona Bruce: I totally hear what you\u2019re saying","type":"L","timestamp":"2023-11-09 14:02:19"},{"nodeID":"1346516","text":"Asserting","type":"YA","timestamp":"2023-11-09 14:02:19"},{"nodeID":"1346517","text":"Default Transition","type":"TA","timestamp":"2023-11-09 14:02:19"},{"nodeID":"1346518","text":"AudienceMember 20221110QT29 wanted to reiterate the matter around refugees","type":"I","timestamp":"2023-11-09 14:02:19"},{"nodeID":"1346519","text":"AudienceMember 20221110QT29:  I wanted to reiterate it","type":"L","timestamp":"2023-11-09 14:02:19"},{"nodeID":"1346520","text":"Analysing","type":"YA","timestamp":"2023-11-09 14:02:19"},{"nodeID":"1346521","text":"Anon: AudienceMember 20221110QT29:  I wanted to reiterate it","type":"L","timestamp":"2023-11-09 14:02:19"},{"nodeID":"1346522","text":"Asserting","type":"YA","timestamp":"2023-11-09 14:02:19"},{"nodeID":"1346523","text":"Default Transition","type":"TA","timestamp":"2023-11-09 14:02:19"},{"nodeID":"1346524","text":"Default Rephrase","type":"MA","timestamp":"2023-11-09 14:02:19"},{"nodeID":"1346525","text":"Default Transition","type":"TA","timestamp":"2023-11-09 14:02:19"},{"nodeID":"1346526","text":"Default Illocuting","type":"YA","timestamp":"2023-11-09 14:02:19"},{"nodeID":"1346527","text":"AudienceMember 20221110QT30 is glad they are talking about Gavin Williamson","type":"I","timestamp":"2023-11-09 14:02:20"},{"nodeID":"1346528","text":"AudienceMember 20221110QT30: I\u2019m glad you call him Gavin Williamson","type":"L","timestamp":"2023-11-09 14:02:20"},{"nodeID":"1346529","text":"Analysing","type":"YA","timestamp":"2023-11-09 14:02:20"},{"nodeID":"1346530","text":"Anon: AudienceMember 20221110QT30: I\u2019m glad you call him Gavin Williamson","type":"L","timestamp":"2023-11-09 14:02:20"},{"nodeID":"1346531","text":"Asserting","type":"YA","timestamp":"2023-11-09 14:02:20"},{"nodeID":"1346532","text":"Default Transition","type":"TA","timestamp":"2023-11-09 14:02:20"},{"nodeID":"1346533","text":"it is unbelievable that somebody who\u2019s been sacked twice by previous Prime Ministers is a Sir","type":"I","timestamp":"2023-11-09 14:02:21"},{"nodeID":"1346534","text":"AudienceMember 20221110QT30: What beggars belief as far as I\u2019m concerned is somebody who\u2019s been sacked twice by previous Prime Ministers","type":"L","timestamp":"2023-11-09 14:02:21"},{"nodeID":"1346535","text":"Analysing","type":"YA","timestamp":"2023-11-09 14:02:21"},{"nodeID":"1346536","text":"Anon: AudienceMember 20221110QT30: What beggars belief as far as I\u2019m concerned is somebody who\u2019s been sacked twice by previous Prime Ministers","type":"L","timestamp":"2023-11-09 14:02:21"},{"nodeID":"1346537","text":"Asserting","type":"YA","timestamp":"2023-11-09 14:02:21"},{"nodeID":"1346538","text":"Default Transition","type":"TA","timestamp":"2023-11-09 14:02:21"},{"nodeID":"1346539","text":"it is unbelievable that somebody who\u2019s accused of bullying is a Sir","type":"I","timestamp":"2023-11-09 14:02:21"},{"nodeID":"1346540","text":"AudienceMember 20221110QT30: somebody who\u2019s accused of bullying","type":"L","timestamp":"2023-11-09 14:02:21"},{"nodeID":"1346541","text":"Analysing","type":"YA","timestamp":"2023-11-09 14:02:21"},{"nodeID":"1346542","text":"Anon: AudienceMember 20221110QT30: somebody who\u2019s accused of bullying","type":"L","timestamp":"2023-11-09 14:02:21"},{"nodeID":"1346543","text":"Asserting","type":"YA","timestamp":"2023-11-09 14:02:21"},{"nodeID":"1346544","text":"Default Transition","type":"TA","timestamp":"2023-11-09 14:02:21"},{"nodeID":"1346545","text":"Fiona Bruce thinks Gavin Williamson has been sacked by Prime Ministers three times now","type":"I","timestamp":"2023-11-09 14:02:22"},{"nodeID":"1346546","text":"Fiona Bruce: I think it\u2019s three times now","type":"L","timestamp":"2023-11-09 14:02:22"},{"nodeID":"1346547","text":"Analysing","type":"YA","timestamp":"2023-11-09 14:02:22"},{"nodeID":"1346548","text":"Anon: Fiona Bruce: I think it\u2019s three times now","type":"L","timestamp":"2023-11-09 14:02:22"},{"nodeID":"1346549","text":"Asserting","type":"YA","timestamp":"2023-11-09 14:02:22"},{"nodeID":"1346550","text":"Default Transition","type":"TA","timestamp":"2023-11-09 14:02:22"},{"nodeID":"1346551","text":"Default Rephrase","type":"MA","timestamp":"2023-11-09 14:02:22"},{"nodeID":"1346552","text":"Default Illocuting","type":"YA","timestamp":"2023-11-09 14:02:22"},{"nodeID":"1346553","text":"Emily Thornberry: Three times","type":"L","timestamp":"2023-11-09 14:02:22"},{"nodeID":"1346554","text":"Analysing","type":"YA","timestamp":"2023-11-09 14:02:22"},{"nodeID":"1346555","text":"Anon: Emily Thornberry: Three times","type":"L","timestamp":"2023-11-09 14:02:22"},{"nodeID":"1346556","text":"Default Transition","type":"TA","timestamp":"2023-11-09 14:02:22"},{"nodeID":"1346557","text":"Agreeing","type":"YA","timestamp":"2023-11-09 14:02:22"},{"nodeID":"1346558","text":"Gavin Williamson has been sacked by Prime Ministers three times","type":"I","timestamp":"2023-11-09 14:02:22"},{"nodeID":"1346559","text":"Fiona Bruce: Three times, yes","type":"L","timestamp":"2023-11-09 14:02:22"},{"nodeID":"1346560","text":"Analysing","type":"YA","timestamp":"2023-11-09 14:02:22"},{"nodeID":"1346561","text":"Anon: Fiona Bruce: Three times, yes","type":"L","timestamp":"2023-11-09 14:02:22"},{"nodeID":"1346562","text":"Asserting","type":"YA","timestamp":"2023-11-09 14:02:22"},{"nodeID":"1346563","text":"Default Transition","type":"TA","timestamp":"2023-11-09 14:02:22"},{"nodeID":"1346564","text":"Default Rephrase","type":"MA","timestamp":"2023-11-09 14:02:22"},{"nodeID":"1346565","text":"Restating","type":"YA","timestamp":"2023-11-09 14:02:22"},{"nodeID":"1346566","text":"AudienceMember 20221110QT31 feels very sorry for the member of the royal family who has to put the sword either side of Gavin Williamson","type":"I","timestamp":"2023-11-09 14:02:23"},{"nodeID":"1346567","text":"AudienceMember 20221110QT31: I feel very sorry for the member of the royal family who has to put the sword either side of him","type":"L","timestamp":"2023-11-09 14:02:23"},{"nodeID":"1346568","text":"Analysing","type":"YA","timestamp":"2023-11-09 14:02:23"},{"nodeID":"1346569","text":"Anon: AudienceMember 20221110QT31: I feel very sorry for the member of the royal family who has to put the sword either side of him","type":"L","timestamp":"2023-11-09 14:02:23"},{"nodeID":"1346570","text":"Asserting","type":"YA","timestamp":"2023-11-09 14:02:23"},{"nodeID":"1346571","text":"Default Transition","type":"TA","timestamp":"2023-11-09 14:02:23"},{"nodeID":"1346572","text":"Gavin Williamson did not deserve the title of Sir","type":"I","timestamp":"2023-11-09 14:02:24"},{"nodeID":"1346573","text":"AudienceMember 20221110QT31: when somebody like that","type":"L","timestamp":"2023-11-09 14:02:24"},{"nodeID":"1346574","text":"Analysing","type":"YA","timestamp":"2023-11-09 14:02:24"},{"nodeID":"1346575","text":"Anon: AudienceMember 20221110QT31: when somebody like that","type":"L","timestamp":"2023-11-09 14:02:24"},{"nodeID":"1346576","text":"Asserting","type":"YA","timestamp":"2023-11-09 14:02:24"},{"nodeID":"1346577","text":"Default Rephrase","type":"MA","timestamp":"2023-11-09 14:02:24"},{"nodeID":"1346578","text":"Default Transition","type":"TA","timestamp":"2023-11-09 14:02:24"},{"nodeID":"1346579","text":"Restating","type":"YA","timestamp":"2023-11-09 14:02:24"},{"nodeID":"1346580","text":"Default Rephrase","type":"MA","timestamp":"2023-11-09 14:02:24"},{"nodeID":"1346581","text":"Restating","type":"YA","timestamp":"2023-11-09 14:02:24"},{"nodeID":"1346582","text":"there\u2019s Jake","type":"I","timestamp":"2023-11-09 14:02:24"},{"nodeID":"1346583","text":"AudienceMember 20221110QT31: there\u2019s Jake","type":"L","timestamp":"2023-11-09 14:02:24"},{"nodeID":"1346584","text":"Analysing","type":"YA","timestamp":"2023-11-09 14:02:24"},{"nodeID":"1346585","text":"Anon: AudienceMember 20221110QT31: there\u2019s Jake","type":"L","timestamp":"2023-11-09 14:02:24"},{"nodeID":"1346586","text":"Asserting","type":"YA","timestamp":"2023-11-09 14:02:24"},{"nodeID":"1346587","text":"Jake's surname is xxx","type":"I","timestamp":"2023-11-09 14:02:25"},{"nodeID":"1346588","text":"AudienceMember 20221110QT31: what\u2019s","type":"L","timestamp":"2023-11-09 14:02:25"},{"nodeID":"1346589","text":"Analysing","type":"YA","timestamp":"2023-11-09 14:02:25"},{"nodeID":"1346590","text":"Anon: AudienceMember 20221110QT31: what\u2019s","type":"L","timestamp":"2023-11-09 14:02:25"},{"nodeID":"1346591","text":"Pure Questioning","type":"YA","timestamp":"2023-11-09 14:02:25"},{"nodeID":"1346592","text":"Default Transition","type":"TA","timestamp":"2023-11-09 14:02:25"},{"nodeID":"1346593","text":"Jake's surname is Berry","type":"I","timestamp":"2023-11-09 14:02:26"},{"nodeID":"1346594","text":"Fiona Bruce: Berry","type":"L","timestamp":"2023-11-09 14:02:26"},{"nodeID":"1346595","text":"Analysing","type":"YA","timestamp":"2023-11-09 14:02:26"},{"nodeID":"1346596","text":"Anon: Fiona Bruce: Berry","type":"L","timestamp":"2023-11-09 14:02:26"},{"nodeID":"1346597","text":"Asserting","type":"YA","timestamp":"2023-11-09 14:02:26"},{"nodeID":"1346598","text":"Default Transition","type":"TA","timestamp":"2023-11-09 14:02:26"},{"nodeID":"1346599","text":"Default Rephrase","type":"MA","timestamp":"2023-11-09 14:02:26"},{"nodeID":"1346600","text":"Default Illocuting","type":"YA","timestamp":"2023-11-09 14:02:26"},{"nodeID":"1346601","text":"AudienceMember 20221110QT32: Yeah","type":"L","timestamp":"2023-11-09 14:02:26"},{"nodeID":"1346602","text":"Analysing","type":"YA","timestamp":"2023-11-09 14:02:26"},{"nodeID":"1346603","text":"Anon: AudienceMember 20221110QT32: Yeah","type":"L","timestamp":"2023-11-09 14:02:26"},{"nodeID":"1346604","text":"Default Transition","type":"TA","timestamp":"2023-11-09 14:02:26"},{"nodeID":"1346605","text":"Agreeing","type":"YA","timestamp":"2023-11-09 14:02:26"},{"nodeID":"1346606","text":"Jake Berry is a Sir now","type":"I","timestamp":"2023-11-09 14:02:26"},{"nodeID":"1346607","text":"AudienceMember 20221110QT32: He\u2019s a Sir now","type":"L","timestamp":"2023-11-09 14:02:26"},{"nodeID":"1346608","text":"Analysing","type":"YA","timestamp":"2023-11-09 14:02:26"},{"nodeID":"1346609","text":"Anon: AudienceMember 20221110QT32: He\u2019s a Sir now","type":"L","timestamp":"2023-11-09 14:02:26"},{"nodeID":"1346610","text":"Asserting","type":"YA","timestamp":"2023-11-09 14:02:26"},{"nodeID":"1346611","text":"Default Transition","type":"TA","timestamp":"2023-11-09 14:02:26"},{"nodeID":"1346612","text":"Jake Berry has done xxx","type":"I","timestamp":"2023-11-09 14:02:27"},{"nodeID":"1346613","text":"AudienceMember 20221110QT32: What\u2019s he done","type":"L","timestamp":"2023-11-09 14:02:27"},{"nodeID":"1346614","text":"Analysing","type":"YA","timestamp":"2023-11-09 14:02:27"},{"nodeID":"1346615","text":"Anon: AudienceMember 20221110QT32: What\u2019s he done","type":"L","timestamp":"2023-11-09 14:02:27"},{"nodeID":"1346616","text":"Pure Questioning","type":"YA","timestamp":"2023-11-09 14:02:27"},{"nodeID":"1346617","text":"Default Transition","type":"TA","timestamp":"2023-11-09 14:02:27"},{"nodeID":"1346618","text":"Jack Berry was a former party chairman","type":"I","timestamp":"2023-11-09 14:02:28"},{"nodeID":"1346619","text":"Fiona Bruce: Former party chairman","type":"L","timestamp":"2023-11-09 14:02:28"},{"nodeID":"1346620","text":"Analysing","type":"YA","timestamp":"2023-11-09 14:02:28"},{"nodeID":"1346621","text":"Anon: Fiona Bruce: Former party chairman","type":"L","timestamp":"2023-11-09 14:02:28"},{"nodeID":"1346622","text":"Asserting","type":"YA","timestamp":"2023-11-09 14:02:28"},{"nodeID":"1346623","text":"Default Transition","type":"TA","timestamp":"2023-11-09 14:02:28"},{"nodeID":"1346624","text":"Default Rephrase","type":"MA","timestamp":"2023-11-09 14:02:28"},{"nodeID":"1346625","text":"Default Illocuting","type":"YA","timestamp":"2023-11-09 14:02:28"},{"nodeID":"1346626","text":"the whole honours system is totally devalued by what\u2019s going on","type":"I","timestamp":"2023-11-09 14:02:28"},{"nodeID":"1346627","text":"AudienceMember 20221110QT33: The whole honours system is totally devalued by what\u2019s going on","type":"L","timestamp":"2023-11-09 14:02:28"},{"nodeID":"1346628","text":"Analysing","type":"YA","timestamp":"2023-11-09 14:02:28"},{"nodeID":"1346629","text":"Anon: AudienceMember 20221110QT33: The whole honours system is totally devalued by what\u2019s going on","type":"L","timestamp":"2023-11-09 14:02:28"},{"nodeID":"1346630","text":"Asserting","type":"YA","timestamp":"2023-11-09 14:02:28"},{"nodeID":"1346631","text":"Default Transition","type":"TA","timestamp":"2023-11-09 14:02:28"},{"nodeID":"1346632","text":"you\u2019ll find that most of them are going into the Lords very shortly as well","type":"I","timestamp":"2023-11-09 14:02:29"},{"nodeID":"1346633","text":"Theo Paphitis: you\u2019ll find that most of them are going into the Lords very shortly as well","type":"L","timestamp":"2023-11-09 14:02:29"},{"nodeID":"1346634","text":"Analysing","type":"YA","timestamp":"2023-11-09 14:02:29"},{"nodeID":"1346635","text":"Anon: Theo Paphitis: you\u2019ll find that most of them are going into the Lords very shortly as well","type":"L","timestamp":"2023-11-09 14:02:29"},{"nodeID":"1346636","text":"Asserting","type":"YA","timestamp":"2023-11-09 14:02:29"},{"nodeID":"1346637","text":"Default Transition","type":"TA","timestamp":"2023-11-09 14:02:29"},{"nodeID":"1346638","text":"Default Transition","type":"TA","timestamp":"2023-11-09 14:02:29"}],"edges":[{"edgeID":"1764191","fromID":"1346492","toID":"1346491","formEdgeID":null},{"edgeID":"1764192","fromID":"1346493","toID":"1346492","formEdgeID":null},{"edgeID":"1764193","fromID":"1346491","toID":"1346494","formEdgeID":null},{"edgeID":"1764194","fromID":"1346494","toID":"1346490","formEdgeID":null},{"edgeID":"1764195","fromID":"1346497","toID":"1346496","formEdgeID":null},{"edgeID":"1764196","fromID":"1346498","toID":"1346497","formEdgeID":null},{"edgeID":"1764197","fromID":"1346496","toID":"1346499","formEdgeID":null},{"edgeID":"1764198","fromID":"1346499","toID":"1346495","formEdgeID":null},{"edgeID":"1764199","fromID":"1346491","toID":"1346500","formEdgeID":null},{"edgeID":"1764200","fromID":"1346500","toID":"1346496","formEdgeID":null},{"edgeID":"1764201","fromID":"1346503","toID":"1346502","formEdgeID":null},{"edgeID":"1764202","fromID":"1346504","toID":"1346503","formEdgeID":null},{"edgeID":"1764203","fromID":"1346502","toID":"1346505","formEdgeID":null},{"edgeID":"1764204","fromID":"1346505","toID":"1346501","formEdgeID":null},{"edgeID":"1764205","fromID":"1346496","toID":"1346506","formEdgeID":null},{"edgeID":"1764206","fromID":"1346506","toID":"1346502","formEdgeID":null},{"edgeID":"1764207","fromID":"1346509","toID":"1346508","formEdgeID":null},{"edgeID":"1764208","fromID":"1346510","toID":"1346509","formEdgeID":null},{"edgeID":"1764209","fromID":"1346508","toID":"1346511","formEdgeID":null},{"edgeID":"1764210","fromID":"1346511","toID":"1346507","formEdgeID":null},{"edgeID":"1764211","fromID":"1346514","toID":"1346513","formEdgeID":null},{"edgeID":"1764212","fromID":"1346515","toID":"1346514","formEdgeID":null},{"edgeID":"1764213","fromID":"1346513","toID":"1346516","formEdgeID":null},{"edgeID":"1764214","fromID":"1346516","toID":"1346512","formEdgeID":null},{"edgeID":"1764215","fromID":"1346508","toID":"1346517","formEdgeID":null},{"edgeID":"1764216","fromID":"1346517","toID":"1346513","formEdgeID":null},{"edgeID":"1764217","fromID":"1346520","toID":"1346519","formEdgeID":null},{"edgeID":"1764218","fromID":"1346521","toID":"1346520","formEdgeID":null},{"edgeID":"1764219","fromID":"1346519","toID":"1346522","formEdgeID":null},{"edgeID":"1764220","fromID":"1346522","toID":"1346518","formEdgeID":null},{"edgeID":"1764221","fromID":"1346519","toID":"1346523","formEdgeID":null},{"edgeID":"1764222","fromID":"1346523","toID":"1346508","formEdgeID":null},{"edgeID":"1764223","fromID":"1346518","toID":"1346524","formEdgeID":null},{"edgeID":"1764224","fromID":"1346524","toID":"1346495","formEdgeID":null},{"edgeID":"1764225","fromID":"1346496","toID":"1346525","formEdgeID":null},{"edgeID":"1764226","fromID":"1346525","toID":"1346519","formEdgeID":null},{"edgeID":"1764227","fromID":"1346525","toID":"1346526","formEdgeID":null},{"edgeID":"1764228","fromID":"1346526","toID":"1346524","formEdgeID":null},{"edgeID":"1764229","fromID":"1346529","toID":"1346528","formEdgeID":null},{"edgeID":"1764230","fromID":"1346530","toID":"1346529","formEdgeID":null},{"edgeID":"1764231","fromID":"1346528","toID":"1346531","formEdgeID":null},{"edgeID":"1764232","fromID":"1346531","toID":"1346527","formEdgeID":null},{"edgeID":"1764233","fromID":"1346513","toID":"1346532","formEdgeID":null},{"edgeID":"1764234","fromID":"1346532","toID":"1346528","formEdgeID":null},{"edgeID":"1764235","fromID":"1346535","toID":"1346534","formEdgeID":null},{"edgeID":"1764236","fromID":"1346536","toID":"1346535","formEdgeID":null},{"edgeID":"1764237","fromID":"1346534","toID":"1346537","formEdgeID":null},{"edgeID":"1764238","fromID":"1346537","toID":"1346533","formEdgeID":null},{"edgeID":"1764239","fromID":"1346528","toID":"1346538","formEdgeID":null},{"edgeID":"1764240","fromID":"1346538","toID":"1346534","formEdgeID":null},{"edgeID":"1764241","fromID":"1346541","toID":"1346540","formEdgeID":null},{"edgeID":"1764242","fromID":"1346542","toID":"1346541","formEdgeID":null},{"edgeID":"1764243","fromID":"1346540","toID":"1346543","formEdgeID":null},{"edgeID":"1764244","fromID":"1346543","toID":"1346539","formEdgeID":null},{"edgeID":"1764245","fromID":"1346534","toID":"1346544","formEdgeID":null},{"edgeID":"1764246","fromID":"1346544","toID":"1346540","formEdgeID":null},{"edgeID":"1764247","fromID":"1346547","toID":"1346546","formEdgeID":null},{"edgeID":"1764248","fromID":"1346548","toID":"1346547","formEdgeID":null},{"edgeID":"1764249","fromID":"1346546","toID":"1346549","formEdgeID":null},{"edgeID":"1764250","fromID":"1346549","toID":"1346545","formEdgeID":null},{"edgeID":"1764251","fromID":"1346534","toID":"1346550","formEdgeID":null},{"edgeID":"1764252","fromID":"1346550","toID":"1346546","formEdgeID":null},{"edgeID":"1764253","fromID":"1346545","toID":"1346551","formEdgeID":null},{"edgeID":"1764254","fromID":"1346551","toID":"1346533","formEdgeID":null},{"edgeID":"1764255","fromID":"1346550","toID":"1346552","formEdgeID":null},{"edgeID":"1764256","fromID":"1346552","toID":"1346551","formEdgeID":null},{"edgeID":"1764257","fromID":"1346554","toID":"1346553","formEdgeID":null},{"edgeID":"1764258","fromID":"1346555","toID":"1346554","formEdgeID":null},{"edgeID":"1764259","fromID":"1346546","toID":"1346556","formEdgeID":null},{"edgeID":"1764260","fromID":"1346556","toID":"1346553","formEdgeID":null},{"edgeID":"1764261","fromID":"1346556","toID":"1346557","formEdgeID":null},{"edgeID":"1764262","fromID":"1346557","toID":"1346545","formEdgeID":null},{"edgeID":"1764263","fromID":"1346560","toID":"1346559","formEdgeID":null},{"edgeID":"1764264","fromID":"1346561","toID":"1346560","formEdgeID":null},{"edgeID":"1764265","fromID":"1346559","toID":"1346562","formEdgeID":null},{"edgeID":"1764266","fromID":"1346562","toID":"1346558","formEdgeID":null},{"edgeID":"1764267","fromID":"1346553","toID":"1346563","formEdgeID":null},{"edgeID":"1764268","fromID":"1346563","toID":"1346559","formEdgeID":null},{"edgeID":"1764269","fromID":"1346558","toID":"1346564","formEdgeID":null},{"edgeID":"1764270","fromID":"1346564","toID":"1346545","formEdgeID":null},{"edgeID":"1764271","fromID":"1346563","toID":"1346565","formEdgeID":null},{"edgeID":"1764272","fromID":"1346565","toID":"1346564","formEdgeID":null},{"edgeID":"1764273","fromID":"1346568","toID":"1346567","formEdgeID":null},{"edgeID":"1764274","fromID":"1346569","toID":"1346568","formEdgeID":null},{"edgeID":"1764275","fromID":"1346567","toID":"1346570","formEdgeID":null},{"edgeID":"1764276","fromID":"1346570","toID":"1346566","formEdgeID":null},{"edgeID":"1764277","fromID":"1346559","toID":"1346571","formEdgeID":null},{"edgeID":"1764278","fromID":"1346571","toID":"1346567","formEdgeID":null},{"edgeID":"1764279","fromID":"1346574","toID":"1346573","formEdgeID":null},{"edgeID":"1764280","fromID":"1346575","toID":"1346574","formEdgeID":null},{"edgeID":"1764281","fromID":"1346573","toID":"1346576","formEdgeID":null},{"edgeID":"1764282","fromID":"1346576","toID":"1346572","formEdgeID":null},{"edgeID":"1764283","fromID":"1346572","toID":"1346577","formEdgeID":null},{"edgeID":"1764284","fromID":"1346577","toID":"1346539","formEdgeID":null},{"edgeID":"1764285","fromID":"1346540","toID":"1346578","formEdgeID":null},{"edgeID":"1764286","fromID":"1346578","toID":"1346573","formEdgeID":null},{"edgeID":"1764287","fromID":"1346578","toID":"1346579","formEdgeID":null},{"edgeID":"1764288","fromID":"1346579","toID":"1346577","formEdgeID":null},{"edgeID":"1764289","fromID":"1346539","toID":"1346580","formEdgeID":null},{"edgeID":"1764290","fromID":"1346580","toID":"1346533","formEdgeID":null},{"edgeID":"1764291","fromID":"1346544","toID":"1346581","formEdgeID":null},{"edgeID":"1764292","fromID":"1346581","toID":"1346580","formEdgeID":null},{"edgeID":"1764293","fromID":"1346584","toID":"1346583","formEdgeID":null},{"edgeID":"1764294","fromID":"1346585","toID":"1346584","formEdgeID":null},{"edgeID":"1764295","fromID":"1346583","toID":"1346586","formEdgeID":null},{"edgeID":"1764296","fromID":"1346586","toID":"1346582","formEdgeID":null},{"edgeID":"1764297","fromID":"1346589","toID":"1346588","formEdgeID":null},{"edgeID":"1764298","fromID":"1346590","toID":"1346589","formEdgeID":null},{"edgeID":"1764299","fromID":"1346588","toID":"1346591","formEdgeID":null},{"edgeID":"1764300","fromID":"1346591","toID":"1346587","formEdgeID":null},{"edgeID":"1764301","fromID":"1346583","toID":"1346592","formEdgeID":null},{"edgeID":"1764302","fromID":"1346592","toID":"1346588","formEdgeID":null},{"edgeID":"1764303","fromID":"1346595","toID":"1346594","formEdgeID":null},{"edgeID":"1764304","fromID":"1346596","toID":"1346595","formEdgeID":null},{"edgeID":"1764305","fromID":"1346594","toID":"1346597","formEdgeID":null},{"edgeID":"1764306","fromID":"1346597","toID":"1346593","formEdgeID":null},{"edgeID":"1764307","fromID":"1346588","toID":"1346598","formEdgeID":null},{"edgeID":"1764308","fromID":"1346598","toID":"1346594","formEdgeID":null},{"edgeID":"1764309","fromID":"1346593","toID":"1346599","formEdgeID":null},{"edgeID":"1764310","fromID":"1346599","toID":"1346587","formEdgeID":null},{"edgeID":"1764311","fromID":"1346598","toID":"1346600","formEdgeID":null},{"edgeID":"1764312","fromID":"1346600","toID":"1346599","formEdgeID":null},{"edgeID":"1764313","fromID":"1346602","toID":"1346601","formEdgeID":null},{"edgeID":"1764314","fromID":"1346603","toID":"1346602","formEdgeID":null},{"edgeID":"1764315","fromID":"1346594","toID":"1346604","formEdgeID":null},{"edgeID":"1764316","fromID":"1346604","toID":"1346601","formEdgeID":null},{"edgeID":"1764317","fromID":"1346604","toID":"1346605","formEdgeID":null},{"edgeID":"1764318","fromID":"1346605","toID":"1346593","formEdgeID":null},{"edgeID":"1764319","fromID":"1346608","toID":"1346607","formEdgeID":null},{"edgeID":"1764320","fromID":"1346609","toID":"1346608","formEdgeID":null},{"edgeID":"1764321","fromID":"1346607","toID":"1346610","formEdgeID":null},{"edgeID":"1764322","fromID":"1346610","toID":"1346606","formEdgeID":null},{"edgeID":"1764323","fromID":"1346601","toID":"1346611","formEdgeID":null},{"edgeID":"1764324","fromID":"1346611","toID":"1346607","formEdgeID":null},{"edgeID":"1764325","fromID":"1346614","toID":"1346613","formEdgeID":null},{"edgeID":"1764326","fromID":"1346615","toID":"1346614","formEdgeID":null},{"edgeID":"1764327","fromID":"1346613","toID":"1346616","formEdgeID":null},{"edgeID":"1764328","fromID":"1346616","toID":"1346612","formEdgeID":null},{"edgeID":"1764329","fromID":"1346607","toID":"1346617","formEdgeID":null},{"edgeID":"1764330","fromID":"1346617","toID":"1346613","formEdgeID":null},{"edgeID":"1764331","fromID":"1346620","toID":"1346619","formEdgeID":null},{"edgeID":"1764332","fromID":"1346621","toID":"1346620","formEdgeID":null},{"edgeID":"1764333","fromID":"1346619","toID":"1346622","formEdgeID":null},{"edgeID":"1764334","fromID":"1346622","toID":"1346618","formEdgeID":null},{"edgeID":"1764335","fromID":"1346613","toID":"1346623","formEdgeID":null},{"edgeID":"1764336","fromID":"1346623","toID":"1346619","formEdgeID":null},{"edgeID":"1764337","fromID":"1346618","toID":"1346624","formEdgeID":null},{"edgeID":"1764338","fromID":"1346624","toID":"1346612","formEdgeID":null},{"edgeID":"1764339","fromID":"1346623","toID":"1346625","formEdgeID":null},{"edgeID":"1764340","fromID":"1346625","toID":"1346624","formEdgeID":null},{"edgeID":"1764341","fromID":"1346628","toID":"1346627","formEdgeID":null},{"edgeID":"1764342","fromID":"1346629","toID":"1346628","formEdgeID":null},{"edgeID":"1764343","fromID":"1346627","toID":"1346630","formEdgeID":null},{"edgeID":"1764344","fromID":"1346630","toID":"1346626","formEdgeID":null},{"edgeID":"1764345","fromID":"1346619","toID":"1346631","formEdgeID":null},{"edgeID":"1764346","fromID":"1346631","toID":"1346627","formEdgeID":null},{"edgeID":"1764347","fromID":"1346634","toID":"1346633","formEdgeID":null},{"edgeID":"1764348","fromID":"1346635","toID":"1346634","formEdgeID":null},{"edgeID":"1764349","fromID":"1346633","toID":"1346636","formEdgeID":null},{"edgeID":"1764350","fromID":"1346636","toID":"1346632","formEdgeID":null},{"edgeID":"1764351","fromID":"1346627","toID":"1346637","formEdgeID":null},{"edgeID":"1764352","fromID":"1346637","toID":"1346633","formEdgeID":null},{"edgeID":"1764353","fromID":"1346573","toID":"1346638","formEdgeID":null},{"edgeID":"1764354","fromID":"1346638","toID":"1346583","formEdgeID":null}],"locutions":[]}