{"nodes":[{"nodeID":"1343497","text":"nurses are or are not justified in taking industrial action","type":"I","timestamp":"2023-11-09 13:58:05"},{"nodeID":"1343498","text":"AudienceMember 20221110QT01: Are nurses justified in taking industrial action","type":"L","timestamp":"2023-11-09 13:58:05"},{"nodeID":"1343499","text":"Analysing","type":"YA","timestamp":"2023-11-09 13:58:05"},{"nodeID":"1343500","text":"Chris: AudienceMember 20221110QT01: Are nurses justified in taking industrial action","type":"L","timestamp":"2023-11-09 13:58:05"},{"nodeID":"1343501","text":"Pure Questioning","type":"YA","timestamp":"2023-11-09 13:58:05"},{"nodeID":"1343502","text":"xxx is what AudienceMember20221110QT01 thinks about nurses taking industrial action","type":"I","timestamp":"2023-11-09 13:58:06"},{"nodeID":"1343503","text":"Fiona Bruce: What do you think, Emily","type":"L","timestamp":"2023-11-09 13:58:06"},{"nodeID":"1343504","text":"Analysing","type":"YA","timestamp":"2023-11-09 13:58:06"},{"nodeID":"1343505","text":"Chris: Fiona Bruce: What do you think, Emily","type":"L","timestamp":"2023-11-09 13:58:06"},{"nodeID":"1343506","text":"Pure Questioning","type":"YA","timestamp":"2023-11-09 13:58:06"},{"nodeID":"1343507","text":"Default Transition","type":"TA","timestamp":"2023-11-09 13:58:06"},{"nodeID":"1343508","text":"Default Rephrase","type":"MA","timestamp":"2023-11-09 13:58:06"},{"nodeID":"1343509","text":"Default Illocuting","type":"YA","timestamp":"2023-11-09 13:58:06"},{"nodeID":"1343510","text":"nurses definitely deserve a pay rise","type":"I","timestamp":"2023-11-09 13:58:06"},{"nodeID":"1343511","text":"AudienceMember 20221110QT02: they definitely deserve a pay rise","type":"L","timestamp":"2023-11-09 13:58:06"},{"nodeID":"1343512","text":"Analysing","type":"YA","timestamp":"2023-11-09 13:58:06"},{"nodeID":"1343513","text":"Chris: AudienceMember 20221110QT02: they definitely deserve a pay rise","type":"L","timestamp":"2023-11-09 13:58:06"},{"nodeID":"1343514","text":"Asserting","type":"YA","timestamp":"2023-11-09 13:58:06"},{"nodeID":"1343515","text":"Default Transition","type":"TA","timestamp":"2023-11-09 13:58:06"},{"nodeID":"1343516","text":"Default Rephrase","type":"MA","timestamp":"2023-11-09 13:58:06"},{"nodeID":"1343517","text":"Default Illocuting","type":"YA","timestamp":"2023-11-09 13:58:06"},{"nodeID":"1343518","text":"it\u2019s a shame it\u2019s come to them deciding to strike","type":"I","timestamp":"2023-11-09 13:58:07"},{"nodeID":"1343519","text":"AudienceMember 20221110QT02: it\u2019s a shame it\u2019s come to them taking that decision","type":"L","timestamp":"2023-11-09 13:58:07"},{"nodeID":"1343520","text":"Analysing","type":"YA","timestamp":"2023-11-09 13:58:07"},{"nodeID":"1343521","text":"Chris: AudienceMember 20221110QT02: it\u2019s a shame it\u2019s come to them taking that decision","type":"L","timestamp":"2023-11-09 13:58:07"},{"nodeID":"1343522","text":"Asserting","type":"YA","timestamp":"2023-11-09 13:58:07"},{"nodeID":"1343523","text":"Default Transition","type":"TA","timestamp":"2023-11-09 13:58:07"},{"nodeID":"1343524","text":"Default Inference","type":"RA","timestamp":"2023-11-09 13:58:07"},{"nodeID":"1343525","text":"Arguing","type":"YA","timestamp":"2023-11-09 13:58:07"},{"nodeID":"1343526","text":"more of you asked about nurses striking than any other single question this evening","type":"I","timestamp":"2023-11-09 13:58:08"},{"nodeID":"1343527","text":"Fiona Bruce: more of you asked this question than any other single question this evening","type":"L","timestamp":"2023-11-09 13:58:08"},{"nodeID":"1343528","text":"Analysing","type":"YA","timestamp":"2023-11-09 13:58:08"},{"nodeID":"1343529","text":"Chris: Fiona Bruce: more of you asked this question than any other single question this evening","type":"L","timestamp":"2023-11-09 13:58:08"},{"nodeID":"1343530","text":"Asserting","type":"YA","timestamp":"2023-11-09 13:58:08"},{"nodeID":"1343531","text":"Default Transition","type":"TA","timestamp":"2023-11-09 13:58:08"},{"nodeID":"1343532","text":"we\u2019re starting on whether or not nurses industrial action is justified","type":"I","timestamp":"2023-11-09 13:58:08"},{"nodeID":"1343533","text":"Fiona Bruce: we\u2019re starting on it","type":"L","timestamp":"2023-11-09 13:58:08"},{"nodeID":"1343534","text":"Analysing","type":"YA","timestamp":"2023-11-09 13:58:08"},{"nodeID":"1343535","text":"Chris: Fiona Bruce: we\u2019re starting on it","type":"L","timestamp":"2023-11-09 13:58:08"},{"nodeID":"1343536","text":"Asserting","type":"YA","timestamp":"2023-11-09 13:58:08"},{"nodeID":"1343537","text":"Default Transition","type":"TA","timestamp":"2023-11-09 13:58:08"},{"nodeID":"1343538","text":"Default Inference","type":"RA","timestamp":"2023-11-09 13:58:08"},{"nodeID":"1343539","text":"Arguing","type":"YA","timestamp":"2023-11-09 13:58:08"},{"nodeID":"1343540","text":"Theo Paphitis hopes it doesn\u2019t come to nurses striking","type":"I","timestamp":"2023-11-09 13:58:09"},{"nodeID":"1343541","text":"Theo Paphitis: I hope it doesn\u2019t come to it","type":"L","timestamp":"2023-11-09 13:58:09"},{"nodeID":"1343542","text":"Analysing","type":"YA","timestamp":"2023-11-09 13:58:09"},{"nodeID":"1343543","text":"Chris: Theo Paphitis: I hope it doesn\u2019t come to it","type":"L","timestamp":"2023-11-09 13:58:09"},{"nodeID":"1343544","text":"Asserting","type":"YA","timestamp":"2023-11-09 13:58:09"},{"nodeID":"1343545","text":"Default Transition","type":"TA","timestamp":"2023-11-09 13:58:09"},{"nodeID":"1343546","text":"we rely on our nurses, rely on our doctors","type":"I","timestamp":"2023-11-09 13:58:09"},{"nodeID":"1343547","text":"Theo Paphitis: We rely on our nurses, rely on our doctors","type":"L","timestamp":"2023-11-09 13:58:09"},{"nodeID":"1343548","text":"Analysing","type":"YA","timestamp":"2023-11-09 13:58:09"},{"nodeID":"1343549","text":"Chris: Theo Paphitis: We rely on our nurses, rely on our doctors","type":"L","timestamp":"2023-11-09 13:58:09"},{"nodeID":"1343550","text":"Asserting","type":"YA","timestamp":"2023-11-09 13:58:09"},{"nodeID":"1343551","text":"Default Transition","type":"TA","timestamp":"2023-11-09 13:58:09"},{"nodeID":"1343552","text":"it\u2019s sad that between the government and the nurses\u2019 union they can\u2019t find a way in which we don\u2019t get to the situation where essential services are withdrawn and people\u2019s lives are at stake","type":"I","timestamp":"2023-11-09 13:58:10"},{"nodeID":"1343553","text":"Theo Paphitis:  it\u2019s sad that between the government and the nurses\u2019 union they can\u2019t find a way in which we don\u2019t get to the situation where essential services are withdrawn and people\u2019s lives are at stake","type":"L","timestamp":"2023-11-09 13:58:10"},{"nodeID":"1343554","text":"Analysing","type":"YA","timestamp":"2023-11-09 13:58:10"},{"nodeID":"1343555","text":"Chris: Theo Paphitis:  it\u2019s sad that between the government and the nurses\u2019 union they can\u2019t find a way in which we don\u2019t get to the situation where essential services are withdrawn and people\u2019s lives are at stake","type":"L","timestamp":"2023-11-09 13:58:10"},{"nodeID":"1343556","text":"Asserting","type":"YA","timestamp":"2023-11-09 13:58:10"},{"nodeID":"1343557","text":"Default Transition","type":"TA","timestamp":"2023-11-09 13:58:10"},{"nodeID":"1343558","text":"Default Inference","type":"RA","timestamp":"2023-11-09 13:58:10"},{"nodeID":"1343559","text":"Arguing","type":"YA","timestamp":"2023-11-09 13:58:10"}],"edges":[{"edgeID":"1760616","fromID":"1343499","toID":"1343498","formEdgeID":null},{"edgeID":"1760617","fromID":"1343500","toID":"1343499","formEdgeID":null},{"edgeID":"1760618","fromID":"1343498","toID":"1343501","formEdgeID":null},{"edgeID":"1760619","fromID":"1343501","toID":"1343497","formEdgeID":null},{"edgeID":"1760620","fromID":"1343504","toID":"1343503","formEdgeID":null},{"edgeID":"1760621","fromID":"1343505","toID":"1343504","formEdgeID":null},{"edgeID":"1760622","fromID":"1343503","toID":"1343506","formEdgeID":null},{"edgeID":"1760623","fromID":"1343506","toID":"1343502","formEdgeID":null},{"edgeID":"1760624","fromID":"1343498","toID":"1343507","formEdgeID":null},{"edgeID":"1760625","fromID":"1343507","toID":"1343503","formEdgeID":null},{"edgeID":"1760626","fromID":"1343502","toID":"1343508","formEdgeID":null},{"edgeID":"1760627","fromID":"1343508","toID":"1343497","formEdgeID":null},{"edgeID":"1760628","fromID":"1343507","toID":"1343509","formEdgeID":null},{"edgeID":"1760629","fromID":"1343509","toID":"1343508","formEdgeID":null},{"edgeID":"1760630","fromID":"1343512","toID":"1343511","formEdgeID":null},{"edgeID":"1760631","fromID":"1343513","toID":"1343512","formEdgeID":null},{"edgeID":"1760632","fromID":"1343511","toID":"1343514","formEdgeID":null},{"edgeID":"1760633","fromID":"1343514","toID":"1343510","formEdgeID":null},{"edgeID":"1760634","fromID":"1343503","toID":"1343515","formEdgeID":null},{"edgeID":"1760635","fromID":"1343515","toID":"1343511","formEdgeID":null},{"edgeID":"1760636","fromID":"1343510","toID":"1343516","formEdgeID":null},{"edgeID":"1760637","fromID":"1343516","toID":"1343502","formEdgeID":null},{"edgeID":"1760638","fromID":"1343515","toID":"1343517","formEdgeID":null},{"edgeID":"1760639","fromID":"1343517","toID":"1343516","formEdgeID":null},{"edgeID":"1760640","fromID":"1343520","toID":"1343519","formEdgeID":null},{"edgeID":"1760641","fromID":"1343521","toID":"1343520","formEdgeID":null},{"edgeID":"1760642","fromID":"1343519","toID":"1343522","formEdgeID":null},{"edgeID":"1760643","fromID":"1343522","toID":"1343518","formEdgeID":null},{"edgeID":"1760644","fromID":"1343511","toID":"1343523","formEdgeID":null},{"edgeID":"1760645","fromID":"1343523","toID":"1343519","formEdgeID":null},{"edgeID":"1760646","fromID":"1343510","toID":"1343524","formEdgeID":null},{"edgeID":"1760647","fromID":"1343524","toID":"1343518","formEdgeID":null},{"edgeID":"1760648","fromID":"1343523","toID":"1343525","formEdgeID":null},{"edgeID":"1760649","fromID":"1343525","toID":"1343524","formEdgeID":null},{"edgeID":"1760650","fromID":"1343528","toID":"1343527","formEdgeID":null},{"edgeID":"1760651","fromID":"1343529","toID":"1343528","formEdgeID":null},{"edgeID":"1760652","fromID":"1343527","toID":"1343530","formEdgeID":null},{"edgeID":"1760653","fromID":"1343530","toID":"1343526","formEdgeID":null},{"edgeID":"1760654","fromID":"1343519","toID":"1343531","formEdgeID":null},{"edgeID":"1760655","fromID":"1343531","toID":"1343527","formEdgeID":null},{"edgeID":"1760656","fromID":"1343534","toID":"1343533","formEdgeID":null},{"edgeID":"1760657","fromID":"1343535","toID":"1343534","formEdgeID":null},{"edgeID":"1760658","fromID":"1343533","toID":"1343536","formEdgeID":null},{"edgeID":"1760659","fromID":"1343536","toID":"1343532","formEdgeID":null},{"edgeID":"1760660","fromID":"1343527","toID":"1343537","formEdgeID":null},{"edgeID":"1760661","fromID":"1343537","toID":"1343533","formEdgeID":null},{"edgeID":"1760662","fromID":"1343526","toID":"1343538","formEdgeID":null},{"edgeID":"1760663","fromID":"1343538","toID":"1343532","formEdgeID":null},{"edgeID":"1760664","fromID":"1343537","toID":"1343539","formEdgeID":null},{"edgeID":"1760665","fromID":"1343539","toID":"1343538","formEdgeID":null},{"edgeID":"1760666","fromID":"1343542","toID":"1343541","formEdgeID":null},{"edgeID":"1760667","fromID":"1343543","toID":"1343542","formEdgeID":null},{"edgeID":"1760668","fromID":"1343541","toID":"1343544","formEdgeID":null},{"edgeID":"1760669","fromID":"1343544","toID":"1343540","formEdgeID":null},{"edgeID":"1760670","fromID":"1343533","toID":"1343545","formEdgeID":null},{"edgeID":"1760671","fromID":"1343545","toID":"1343541","formEdgeID":null},{"edgeID":"1760672","fromID":"1343548","toID":"1343547","formEdgeID":null},{"edgeID":"1760673","fromID":"1343549","toID":"1343548","formEdgeID":null},{"edgeID":"1760674","fromID":"1343547","toID":"1343550","formEdgeID":null},{"edgeID":"1760675","fromID":"1343550","toID":"1343546","formEdgeID":null},{"edgeID":"1760676","fromID":"1343541","toID":"1343551","formEdgeID":null},{"edgeID":"1760677","fromID":"1343551","toID":"1343547","formEdgeID":null},{"edgeID":"1760678","fromID":"1343554","toID":"1343553","formEdgeID":null},{"edgeID":"1760679","fromID":"1343555","toID":"1343554","formEdgeID":null},{"edgeID":"1760680","fromID":"1343553","toID":"1343556","formEdgeID":null},{"edgeID":"1760681","fromID":"1343556","toID":"1343552","formEdgeID":null},{"edgeID":"1760682","fromID":"1343547","toID":"1343557","formEdgeID":null},{"edgeID":"1760683","fromID":"1343557","toID":"1343553","formEdgeID":null},{"edgeID":"1760684","fromID":"1343546","toID":"1343558","formEdgeID":null},{"edgeID":"1760685","fromID":"1343558","toID":"1343540","formEdgeID":null},{"edgeID":"1760686","fromID":"1343552","toID":"1343558","formEdgeID":null},{"edgeID":"1760687","fromID":"1343557","toID":"1343559","formEdgeID":null},{"edgeID":"1760688","fromID":"1343559","toID":"1343558","formEdgeID":null}],"locutions":[]}