{"nodes":[{"nodeID":"1346311","text":"Stephanie Flanders: Yeah","type":"L","timestamp":"2023-11-09 14:02:02"},{"nodeID":"1346312","text":"it is pretty clear, and it\u2019s something we\u2019ve seen both parties when they\u2019ve been in power for a long time, that there\u2019s a malaise that sets in","type":"I","timestamp":"2023-11-09 14:02:02"},{"nodeID":"1346313","text":"Stephanie Flanders: it is pretty clear, and it\u2019s something we\u2019ve seen both parties when they\u2019ve been in power for a long time, that there\u2019s a malaise that sets in","type":"L","timestamp":"2023-11-09 14:02:02"},{"nodeID":"1346314","text":"Analysing","type":"YA","timestamp":"2023-11-09 14:02:02"},{"nodeID":"1346315","text":"Anon: Stephanie Flanders: it is pretty clear, and it\u2019s something we\u2019ve seen both parties when they\u2019ve been in power for a long time, that there\u2019s a malaise that sets in","type":"L","timestamp":"2023-11-09 14:02:02"},{"nodeID":"1346316","text":"Asserting","type":"YA","timestamp":"2023-11-09 14:02:02"},{"nodeID":"1346317","text":"it is pretty clear, and it\u2019s something we\u2019ve seen both parties when they\u2019ve been in power for a long time, that there\u2019s a reduction in overall quality that has been exacerbated with the current situation","type":"I","timestamp":"2023-11-09 14:02:03"},{"nodeID":"1346318","text":"Stephanie Flanders: there\u2019s a reduction in overall quality that has been exacerbated with the current situation","type":"L","timestamp":"2023-11-09 14:02:03"},{"nodeID":"1346319","text":"Analysing","type":"YA","timestamp":"2023-11-09 14:02:03"},{"nodeID":"1346320","text":"Anon: Stephanie Flanders: there\u2019s a reduction in overall quality that has been exacerbated with the current situation","type":"L","timestamp":"2023-11-09 14:02:03"},{"nodeID":"1346321","text":"Asserting","type":"YA","timestamp":"2023-11-09 14:02:03"},{"nodeID":"1346322","text":"Default Transition","type":"TA","timestamp":"2023-11-09 14:02:03"},{"nodeID":"1346323","text":"the reduction in overall quality has been exacerbated the Truss fiasco that this government, Rishi Sunak trying to draw a line under it, bringing in a very able Chancellor and many other able members of the cabinet","type":"I","timestamp":"2023-11-09 14:02:04"},{"nodeID":"1346324","text":"Stephanie Flanders: what happened with the Truss fiasco that this government, Rishi Sunak trying to draw a line under it, bringing in a very able Chancellor and many other able members of the cabinet","type":"L","timestamp":"2023-11-09 14:02:04"},{"nodeID":"1346325","text":"Analysing","type":"YA","timestamp":"2023-11-09 14:02:04"},{"nodeID":"1346326","text":"Anon: Stephanie Flanders: what happened with the trust fiasco that this government, Rishi Sunak trying to draw a line under it, bringing in a very able Chancellor and many other able members of the cabinet","type":"L","timestamp":"2023-11-09 14:02:04"},{"nodeID":"1346327","text":"Asserting","type":"YA","timestamp":"2023-11-09 14:02:04"},{"nodeID":"1346328","text":"Default Transition","type":"TA","timestamp":"2023-11-09 14:02:04"},{"nodeID":"1346329","text":"Default Rephrase","type":"MA","timestamp":"2023-11-09 14:02:04"},{"nodeID":"1346330","text":"Restating","type":"YA","timestamp":"2023-11-09 14:02:04"},{"nodeID":"1346331","text":"Default Rephrase","type":"MA","timestamp":"2023-11-09 14:02:04"},{"nodeID":"1346332","text":"Restating","type":"YA","timestamp":"2023-11-09 14:02:04"},{"nodeID":"1346333","text":"Rishi Sunak didn\u2019t have that many people to choose from who didn\u2019t have baggage, who haven\u2019t already failed in a number of other jobs","type":"I","timestamp":"2023-11-09 14:02:04"},{"nodeID":"1346334","text":"Stephanie Flanders: He didn\u2019t have that many people to choose from who didn\u2019t have baggage, who haven\u2019t already failed in a number of other jobs","type":"L","timestamp":"2023-11-09 14:02:04"},{"nodeID":"1346335","text":"Analysing","type":"YA","timestamp":"2023-11-09 14:02:04"},{"nodeID":"1346336","text":"Anon: Stephanie Flanders: He didn\u2019t have that many people to choose from who didn\u2019t have baggage, who haven\u2019t already failed in a number of other jobs","type":"L","timestamp":"2023-11-09 14:02:04"},{"nodeID":"1346337","text":"Asserting","type":"YA","timestamp":"2023-11-09 14:02:04"},{"nodeID":"1346338","text":"Default Transition","type":"TA","timestamp":"2023-11-09 14:02:04"},{"nodeID":"1346339","text":"Default Rephrase","type":"MA","timestamp":"2023-11-09 14:02:04"},{"nodeID":"1346340","text":"Restating","type":"YA","timestamp":"2023-11-09 14:02:04"},{"nodeID":"1346341","text":"Rishi Sunak was also in a two day period pulling together a government at the same time as also having to do a lot of horse trading to prevent possibly Boris Johnson from entering the race","type":"I","timestamp":"2023-11-09 14:02:05"},{"nodeID":"1346342","text":"Stephanie Flanders: he was also in a two day period pulling together a government at the same time as also having to do a lot of horse trading to prevent possibly Boris Johnson from entering the race","type":"L","timestamp":"2023-11-09 14:02:05"},{"nodeID":"1346343","text":"Analysing","type":"YA","timestamp":"2023-11-09 14:02:05"},{"nodeID":"1346344","text":"Anon: Stephanie Flanders: he was also in a two day period pulling together a government at the same time as also having to do a lot of horse trading to prevent possibly Boris Johnson from entering the race","type":"L","timestamp":"2023-11-09 14:02:05"},{"nodeID":"1346345","text":"Asserting","type":"YA","timestamp":"2023-11-09 14:02:05"},{"nodeID":"1346346","text":"Default Transition","type":"TA","timestamp":"2023-11-09 14:02:05"},{"nodeID":"1346347","text":"Default Rephrase","type":"MA","timestamp":"2023-11-09 14:02:05"},{"nodeID":"1346348","text":"Restating","type":"YA","timestamp":"2023-11-09 14:02:05"},{"nodeID":"1346349","text":"it is\u2026what we see in Gavin Williamson","type":"I","timestamp":"2023-11-09 14:02:05"},{"nodeID":"1346350","text":"Stephanie Flanders: it is\u2026what we see in Gavin Williamson","type":"L","timestamp":"2023-11-09 14:02:06"},{"nodeID":"1346351","text":"Analysing","type":"YA","timestamp":"2023-11-09 14:02:06"},{"nodeID":"1346352","text":"Anon: Stephanie Flanders: it is\u2026what we see in Gavin Williamson","type":"L","timestamp":"2023-11-09 14:02:06"},{"nodeID":"1346353","text":"Asserting","type":"YA","timestamp":"2023-11-09 14:02:06"},{"nodeID":"1346354","text":"Default Transition","type":"TA","timestamp":"2023-11-09 14:02:06"},{"nodeID":"1346355","text":"Stephanie was or was not told about the complaints about Gavin Williamson","type":"I","timestamp":"2023-11-09 14:02:06"},{"nodeID":"1346356","text":"Fiona Bruce: you were told about the complaints about Gavin Williamson","type":"L","timestamp":"2023-11-09 14:02:06"},{"nodeID":"1346357","text":"Analysing","type":"YA","timestamp":"2023-11-09 14:02:06"},{"nodeID":"1346358","text":"Anon: Fiona Bruce: you were told about the complaints about Gavin Williamson","type":"L","timestamp":"2023-11-09 14:02:06"},{"nodeID":"1346359","text":"Pure Questioning","type":"YA","timestamp":"2023-11-09 14:02:06"},{"nodeID":"1346360","text":"Default Transition","type":"TA","timestamp":"2023-11-09 14:02:06"},{"nodeID":"1346361","text":"Default Rephrase","type":"MA","timestamp":"2023-11-09 14:02:06"},{"nodeID":"1346362","text":"Restating","type":"YA","timestamp":"2023-11-09 14:02:06"},{"nodeID":"1346363","text":"Analysing","type":"YA","timestamp":"2023-11-09 14:02:06"},{"nodeID":"1346364","text":"Anon: Stephanie Flanders: Yeah","type":"L","timestamp":"2023-11-09 14:02:06"},{"nodeID":"1346365","text":"Default Transition","type":"TA","timestamp":"2023-11-09 14:02:06"},{"nodeID":"1346366","text":"Agreeing","type":"YA","timestamp":"2023-11-09 14:02:06"},{"nodeID":"1346367","text":"the complaints are a question of judgment","type":"I","timestamp":"2023-11-09 14:02:07"},{"nodeID":"1346368","text":"Stephanie Flanders: What we see in that is a result of\u2026it is a question of judgment","type":"L","timestamp":"2023-11-09 14:02:07"},{"nodeID":"1346369","text":"Analysing","type":"YA","timestamp":"2023-11-09 14:02:07"},{"nodeID":"1346370","text":"Anon: Stephanie Flanders: What we see in that is a result of\u2026it is a question of judgment","type":"L","timestamp":"2023-11-09 14:02:07"},{"nodeID":"1346371","text":"Asserting","type":"YA","timestamp":"2023-11-09 14:02:07"},{"nodeID":"1346372","text":"Default Rephrase","type":"MA","timestamp":"2023-11-09 14:02:07"},{"nodeID":"1346373","text":"Default Transition","type":"TA","timestamp":"2023-11-09 14:02:07"},{"nodeID":"1346374","text":"Default Illocuting","type":"YA","timestamp":"2023-11-09 14:02:07"},{"nodeID":"1346375","text":"the judgment of Gavin Williamson was in a very short time, in a very dysfunctional situation with potentially an ungovernable party in parliament","type":"I","timestamp":"2023-11-09 14:02:07"},{"nodeID":"1346376","text":"Stephanie Flanders: it was judgment in a very short time, in a very dysfunctional situation with potentially an ungovernable party in parliament","type":"L","timestamp":"2023-11-09 14:02:07"},{"nodeID":"1346377","text":"Analysing","type":"YA","timestamp":"2023-11-09 14:02:07"},{"nodeID":"1346378","text":"Anon: Stephanie Flanders: it was judgment in a very short time, in a very dysfunctional situation with potentially an ungovernable party in parliament","type":"L","timestamp":"2023-11-09 14:02:07"},{"nodeID":"1346379","text":"Asserting","type":"YA","timestamp":"2023-11-09 14:02:07"},{"nodeID":"1346380","text":"Default Transition","type":"TA","timestamp":"2023-11-09 14:02:07"},{"nodeID":"1346381","text":"Default Rephrase","type":"MA","timestamp":"2023-11-09 14:02:07"},{"nodeID":"1346382","text":"Restating","type":"YA","timestamp":"2023-11-09 14:02:07"},{"nodeID":"1346383","text":"Default Inference","type":"RA","timestamp":"2023-11-09 14:02:07"},{"nodeID":"1346384","text":"Default Transition","type":"TA","timestamp":"2023-11-09 14:02:07"},{"nodeID":"1346385","text":"Arguing","type":"YA","timestamp":"2023-11-09 14:02:07"}],"edges":[{"edgeID":"1763981","fromID":"1346314","toID":"1346313","formEdgeID":null},{"edgeID":"1763982","fromID":"1346315","toID":"1346314","formEdgeID":null},{"edgeID":"1763983","fromID":"1346313","toID":"1346316","formEdgeID":null},{"edgeID":"1763984","fromID":"1346316","toID":"1346312","formEdgeID":null},{"edgeID":"1763985","fromID":"1346319","toID":"1346318","formEdgeID":null},{"edgeID":"1763986","fromID":"1346320","toID":"1346319","formEdgeID":null},{"edgeID":"1763987","fromID":"1346318","toID":"1346321","formEdgeID":null},{"edgeID":"1763988","fromID":"1346321","toID":"1346317","formEdgeID":null},{"edgeID":"1763989","fromID":"1346313","toID":"1346322","formEdgeID":null},{"edgeID":"1763990","fromID":"1346322","toID":"1346318","formEdgeID":null},{"edgeID":"1763991","fromID":"1346325","toID":"1346324","formEdgeID":null},{"edgeID":"1763992","fromID":"1346326","toID":"1346325","formEdgeID":null},{"edgeID":"1763993","fromID":"1346324","toID":"1346327","formEdgeID":null},{"edgeID":"1763994","fromID":"1346327","toID":"1346323","formEdgeID":null},{"edgeID":"1763995","fromID":"1346318","toID":"1346328","formEdgeID":null},{"edgeID":"1763996","fromID":"1346328","toID":"1346324","formEdgeID":null},{"edgeID":"1763997","fromID":"1346317","toID":"1346329","formEdgeID":null},{"edgeID":"1763998","fromID":"1346329","toID":"1346312","formEdgeID":null},{"edgeID":"1763999","fromID":"1346322","toID":"1346330","formEdgeID":null},{"edgeID":"1764000","fromID":"1346330","toID":"1346329","formEdgeID":null},{"edgeID":"1764001","fromID":"1346323","toID":"1346331","formEdgeID":null},{"edgeID":"1764002","fromID":"1346331","toID":"1346317","formEdgeID":null},{"edgeID":"1764003","fromID":"1346328","toID":"1346332","formEdgeID":null},{"edgeID":"1764004","fromID":"1346332","toID":"1346331","formEdgeID":null},{"edgeID":"1764005","fromID":"1346335","toID":"1346334","formEdgeID":null},{"edgeID":"1764006","fromID":"1346336","toID":"1346335","formEdgeID":null},{"edgeID":"1764007","fromID":"1346334","toID":"1346337","formEdgeID":null},{"edgeID":"1764008","fromID":"1346337","toID":"1346333","formEdgeID":null},{"edgeID":"1764009","fromID":"1346324","toID":"1346338","formEdgeID":null},{"edgeID":"1764010","fromID":"1346338","toID":"1346334","formEdgeID":null},{"edgeID":"1764011","fromID":"1346333","toID":"1346339","formEdgeID":null},{"edgeID":"1764012","fromID":"1346339","toID":"1346323","formEdgeID":null},{"edgeID":"1764013","fromID":"1346338","toID":"1346340","formEdgeID":null},{"edgeID":"1764014","fromID":"1346340","toID":"1346339","formEdgeID":null},{"edgeID":"1764015","fromID":"1346343","toID":"1346342","formEdgeID":null},{"edgeID":"1764016","fromID":"1346344","toID":"1346343","formEdgeID":null},{"edgeID":"1764017","fromID":"1346342","toID":"1346345","formEdgeID":null},{"edgeID":"1764018","fromID":"1346345","toID":"1346341","formEdgeID":null},{"edgeID":"1764019","fromID":"1346334","toID":"1346346","formEdgeID":null},{"edgeID":"1764020","fromID":"1346346","toID":"1346342","formEdgeID":null},{"edgeID":"1764021","fromID":"1346341","toID":"1346347","formEdgeID":null},{"edgeID":"1764022","fromID":"1346347","toID":"1346333","formEdgeID":null},{"edgeID":"1764023","fromID":"1346346","toID":"1346348","formEdgeID":null},{"edgeID":"1764024","fromID":"1346348","toID":"1346347","formEdgeID":null},{"edgeID":"1764025","fromID":"1346351","toID":"1346350","formEdgeID":null},{"edgeID":"1764026","fromID":"1346352","toID":"1346351","formEdgeID":null},{"edgeID":"1764027","fromID":"1346350","toID":"1346353","formEdgeID":null},{"edgeID":"1764028","fromID":"1346353","toID":"1346349","formEdgeID":null},{"edgeID":"1764029","fromID":"1346342","toID":"1346354","formEdgeID":null},{"edgeID":"1764030","fromID":"1346354","toID":"1346350","formEdgeID":null},{"edgeID":"1764031","fromID":"1346357","toID":"1346356","formEdgeID":null},{"edgeID":"1764032","fromID":"1346358","toID":"1346357","formEdgeID":null},{"edgeID":"1764033","fromID":"1346356","toID":"1346359","formEdgeID":null},{"edgeID":"1764034","fromID":"1346359","toID":"1346355","formEdgeID":null},{"edgeID":"1764035","fromID":"1346350","toID":"1346360","formEdgeID":null},{"edgeID":"1764036","fromID":"1346360","toID":"1346356","formEdgeID":null},{"edgeID":"1764037","fromID":"1346355","toID":"1346361","formEdgeID":null},{"edgeID":"1764038","fromID":"1346361","toID":"1346349","formEdgeID":null},{"edgeID":"1764039","fromID":"1346360","toID":"1346362","formEdgeID":null},{"edgeID":"1764040","fromID":"1346362","toID":"1346361","formEdgeID":null},{"edgeID":"1764041","fromID":"1346363","toID":"1346311","formEdgeID":null},{"edgeID":"1764042","fromID":"1346364","toID":"1346363","formEdgeID":null},{"edgeID":"1764043","fromID":"1346356","toID":"1346365","formEdgeID":null},{"edgeID":"1764044","fromID":"1346365","toID":"1346311","formEdgeID":null},{"edgeID":"1764045","fromID":"1346365","toID":"1346366","formEdgeID":null},{"edgeID":"1764046","fromID":"1346366","toID":"1346355","formEdgeID":null},{"edgeID":"1764047","fromID":"1346369","toID":"1346368","formEdgeID":null},{"edgeID":"1764048","fromID":"1346370","toID":"1346369","formEdgeID":null},{"edgeID":"1764049","fromID":"1346368","toID":"1346371","formEdgeID":null},{"edgeID":"1764050","fromID":"1346371","toID":"1346367","formEdgeID":null},{"edgeID":"1764051","fromID":"1346367","toID":"1346372","formEdgeID":null},{"edgeID":"1764052","fromID":"1346372","toID":"1346355","formEdgeID":null},{"edgeID":"1764053","fromID":"1346356","toID":"1346373","formEdgeID":null},{"edgeID":"1764054","fromID":"1346373","toID":"1346368","formEdgeID":null},{"edgeID":"1764055","fromID":"1346373","toID":"1346374","formEdgeID":null},{"edgeID":"1764056","fromID":"1346374","toID":"1346372","formEdgeID":null},{"edgeID":"1764057","fromID":"1346377","toID":"1346376","formEdgeID":null},{"edgeID":"1764058","fromID":"1346378","toID":"1346377","formEdgeID":null},{"edgeID":"1764059","fromID":"1346376","toID":"1346379","formEdgeID":null},{"edgeID":"1764060","fromID":"1346379","toID":"1346375","formEdgeID":null},{"edgeID":"1764061","fromID":"1346368","toID":"1346380","formEdgeID":null},{"edgeID":"1764062","fromID":"1346380","toID":"1346376","formEdgeID":null},{"edgeID":"1764063","fromID":"1346375","toID":"1346381","formEdgeID":null},{"edgeID":"1764064","fromID":"1346381","toID":"1346367","formEdgeID":null},{"edgeID":"1764065","fromID":"1346380","toID":"1346382","formEdgeID":null},{"edgeID":"1764066","fromID":"1346382","toID":"1346381","formEdgeID":null},{"edgeID":"1764067","fromID":"1346383","toID":"1346317","formEdgeID":null},{"edgeID":"1764068","fromID":"1346333","toID":"1346383","formEdgeID":null},{"edgeID":"1764069","fromID":"1346384","toID":"1346334","formEdgeID":null},{"edgeID":"1764070","fromID":"1346318","toID":"1346384","formEdgeID":null},{"edgeID":"1764071","fromID":"1346384","toID":"1346385","formEdgeID":null},{"edgeID":"1764072","fromID":"1346385","toID":"1346383","formEdgeID":null}],"locutions":[]}