{"nodes":[{"nodeID":"1344861","text":"AudienceMember 20221110QT11: Yes","type":"L","timestamp":"2023-11-09 13:59:58"},{"nodeID":"1344862","text":"Analysing","type":"YA","timestamp":"2023-11-09 13:59:58"},{"nodeID":"1344863","text":"Anon: AudienceMember 20221110QT11: Yes","type":"L","timestamp":"2023-11-09 13:59:58"},{"nodeID":"1344864","text":"AudienceMember 20221110QT11 doesn't think a 17 per cent pay rise is unreasonable","type":"I","timestamp":"2023-11-09 13:59:59"},{"nodeID":"1344865","text":"AudienceMember 20221110QT11: I don\u2019t think it\u2019s unreasonable","type":"L","timestamp":"2023-11-09 13:59:59"},{"nodeID":"1344866","text":"Analysing","type":"YA","timestamp":"2023-11-09 13:59:59"},{"nodeID":"1344867","text":"Anon: AudienceMember 20221110QT11: I don\u2019t think it\u2019s unreasonable","type":"L","timestamp":"2023-11-09 13:59:59"},{"nodeID":"1344868","text":"Asserting","type":"YA","timestamp":"2023-11-09 13:59:59"},{"nodeID":"1344869","text":"Default Transition","type":"TA","timestamp":"2023-11-09 13:59:59"},{"nodeID":"1344870","text":"the government addressed the nurses\u2019 pay before","type":"I","timestamp":"2023-11-09 14:00:00"},{"nodeID":"1344871","text":"AudienceMember 20221110QT11: Had they addressed this before, the nurses\u2019 pay before","type":"L","timestamp":"2023-11-09 14:00:00"},{"nodeID":"1344872","text":"Analysing","type":"YA","timestamp":"2023-11-09 14:00:00"},{"nodeID":"1344873","text":"Anon: AudienceMember 20221110QT11: Had they addressed this before, the nurses\u2019 pay before","type":"L","timestamp":"2023-11-09 14:00:00"},{"nodeID":"1344874","text":"Asserting","type":"YA","timestamp":"2023-11-09 14:00:00"},{"nodeID":"1344875","text":"Default Transition","type":"TA","timestamp":"2023-11-09 14:00:00"},{"nodeID":"1344876","text":"there probably wouldn't be industrial action now","type":"I","timestamp":"2023-11-09 14:00:00"},{"nodeID":"1344877","text":"AudienceMember 20221110QT11: then it probably wouldn\u2019t be like this now","type":"L","timestamp":"2023-11-09 14:00:00"},{"nodeID":"1344878","text":"Analysing","type":"YA","timestamp":"2023-11-09 14:00:00"},{"nodeID":"1344879","text":"Anon: AudienceMember 20221110QT11: then it probably wouldn\u2019t be like this now","type":"L","timestamp":"2023-11-09 14:00:00"},{"nodeID":"1344880","text":"Asserting","type":"YA","timestamp":"2023-11-09 14:00:00"},{"nodeID":"1344881","text":"Default Transition","type":"TA","timestamp":"2023-11-09 14:00:00"},{"nodeID":"1344882","text":"Default Inference","type":"RA","timestamp":"2023-11-09 14:00:00"},{"nodeID":"1344883","text":"Arguing","type":"YA","timestamp":"2023-11-09 14:00:00"},{"nodeID":"1344884","text":"Fiona Bruce: Okay","type":"L","timestamp":"2023-11-09 14:00:00"},{"nodeID":"1344885","text":"Analysing","type":"YA","timestamp":"2023-11-09 14:00:00"},{"nodeID":"1344886","text":"Anon: Fiona Bruce: Okay","type":"L","timestamp":"2023-11-09 14:00:00"},{"nodeID":"1344887","text":"Default Transition","type":"TA","timestamp":"2023-11-09 14:00:00"},{"nodeID":"1344888","text":"nurses don\u2019t have a work\/life balance","type":"I","timestamp":"2023-11-09 14:00:01"},{"nodeID":"1344889","text":"AudienceMember 20221110QT12: Nurse don\u2019t have a work\/life balance","type":"L","timestamp":"2023-11-09 14:00:01"},{"nodeID":"1344890","text":"Analysing","type":"YA","timestamp":"2023-11-09 14:00:01"},{"nodeID":"1344891","text":"Anon: AudienceMember 20221110QT12: Nurse don\u2019t have a work\/life balance","type":"L","timestamp":"2023-11-09 14:00:01"},{"nodeID":"1344892","text":"Asserting","type":"YA","timestamp":"2023-11-09 14:00:01"},{"nodeID":"1344893","text":"the lack of a work\/life balance can lead to mental health problems as well","type":"I","timestamp":"2023-11-09 14:00:02"},{"nodeID":"1344894","text":"AudienceMember 20221110QT12: It can lead to mental health problems as well","type":"L","timestamp":"2023-11-09 14:00:02"},{"nodeID":"1344895","text":"Analysing","type":"YA","timestamp":"2023-11-09 14:00:02"},{"nodeID":"1344896","text":"Anon: AudienceMember 20221110QT12: It can lead to mental health problems as well","type":"L","timestamp":"2023-11-09 14:00:02"},{"nodeID":"1344897","text":"Asserting","type":"YA","timestamp":"2023-11-09 14:00:02"},{"nodeID":"1344898","text":"Default Inference","type":"RA","timestamp":"2023-11-09 14:00:02"},{"nodeID":"1344899","text":"Default Transition","type":"TA","timestamp":"2023-11-09 14:00:02"},{"nodeID":"1344900","text":"Arguing","type":"YA","timestamp":"2023-11-09 14:00:02"},{"nodeID":"1344901","text":"Default Transition","type":"TA","timestamp":"2023-11-09 14:00:02"},{"nodeID":"1344902","text":"what's important is the whole picture","type":"I","timestamp":"2023-11-09 14:00:02"},{"nodeID":"1344903","text":"AudienceMember 20221110QT12: it\u2019s a whole picture","type":"L","timestamp":"2023-11-09 14:00:02"},{"nodeID":"1344904","text":"Analysing","type":"YA","timestamp":"2023-11-09 14:00:02"},{"nodeID":"1344905","text":"Anon: AudienceMember 20221110QT12: it\u2019s a whole picture","type":"L","timestamp":"2023-11-09 14:00:02"},{"nodeID":"1344906","text":"Asserting","type":"YA","timestamp":"2023-11-09 14:00:02"},{"nodeID":"1344907","text":"Default Transition","type":"TA","timestamp":"2023-11-09 14:00:02"},{"nodeID":"1344908","text":"what's important is not just the pay","type":"I","timestamp":"2023-11-09 14:00:03"},{"nodeID":"1344909","text":"AudienceMember 20221110QT12: it\u2019s not just the pay","type":"L","timestamp":"2023-11-09 14:00:03"},{"nodeID":"1344910","text":"Analysing","type":"YA","timestamp":"2023-11-09 14:00:03"},{"nodeID":"1344911","text":"Anon: AudienceMember 20221110QT12: it\u2019s not just the pay","type":"L","timestamp":"2023-11-09 14:00:03"},{"nodeID":"1344912","text":"Asserting","type":"YA","timestamp":"2023-11-09 14:00:03"},{"nodeID":"1344913","text":"Default Transition","type":"TA","timestamp":"2023-11-09 14:00:03"},{"nodeID":"1344914","text":"Default Rephrase","type":"MA","timestamp":"2023-11-09 14:00:03"},{"nodeID":"1344915","text":"Restating","type":"YA","timestamp":"2023-11-09 14:00:03"},{"nodeID":"1344916","text":"AudienceMember 20221110QT12: the whole picture","type":"L","timestamp":"2023-11-09 14:00:03"},{"nodeID":"1344917","text":"Analysing","type":"YA","timestamp":"2023-11-09 14:00:03"},{"nodeID":"1344918","text":"Anon: AudienceMember 20221110QT12: the whole picture","type":"L","timestamp":"2023-11-09 14:00:03"},{"nodeID":"1344919","text":"Asserting","type":"YA","timestamp":"2023-11-09 14:00:03"},{"nodeID":"1344920","text":"Default Transition","type":"TA","timestamp":"2023-11-09 14:00:03"},{"nodeID":"1344921","text":"Default Rephrase","type":"MA","timestamp":"2023-11-09 14:00:03"},{"nodeID":"1344922","text":"Restating","type":"YA","timestamp":"2023-11-09 14:00:03"},{"nodeID":"1344923","text":"Analysing","type":"YA","timestamp":"2023-11-09 14:00:03"},{"nodeID":"1344924","text":"Default Transition","type":"TA","timestamp":"2023-11-09 14:00:03"},{"nodeID":"1344925","text":"the conversations that are going on between nurses and NHS providers are kind of similar to the conversations that are happening in the public sector and in the private sector up and down the country with this inflation rate","type":"I","timestamp":"2023-11-09 14:00:04"},{"nodeID":"1344926","text":"Emily Thornberry: the conversations that are going on between nurses and NHS providers are kind of similar to the conversations that are happening in the public sector and in the private sector up and down the country with this inflation rate","type":"L","timestamp":"2023-11-09 14:00:04"},{"nodeID":"1344927","text":"Analysing","type":"YA","timestamp":"2023-11-09 14:00:04"},{"nodeID":"1344928","text":"Anon: Emily Thornberry: the conversations that are going on between nurses and NHS providers are kind of similar to the conversations that are happening in the public sector and in the private sector up and down the country with this inflation rate","type":"L","timestamp":"2023-11-09 14:00:04"},{"nodeID":"1344929","text":"Asserting","type":"YA","timestamp":"2023-11-09 14:00:04"},{"nodeID":"1344930","text":"Default Transition","type":"TA","timestamp":"2023-11-09 14:00:04"},{"nodeID":"1344931","text":"it really is a question of what can be afforded","type":"I","timestamp":"2023-11-09 14:00:04"},{"nodeID":"1344932","text":"Emily Thornberry: it really is a question of what can be afforded","type":"L","timestamp":"2023-11-09 14:00:04"},{"nodeID":"1344933","text":"Analysing","type":"YA","timestamp":"2023-11-09 14:00:04"},{"nodeID":"1344934","text":"Anon: Emily Thornberry: it really is a question of what can be afforded","type":"L","timestamp":"2023-11-09 14:00:04"},{"nodeID":"1344935","text":"Asserting","type":"YA","timestamp":"2023-11-09 14:00:04"},{"nodeID":"1344936","text":"it is a question of comparing what can be afforded with what is absolutely necessary","type":"I","timestamp":"2023-11-09 14:00:05"},{"nodeID":"1344937","text":"Emily Thornberry: comparing that with what is absolutely necessary","type":"L","timestamp":"2023-11-09 14:00:05"},{"nodeID":"1344938","text":"Analysing","type":"YA","timestamp":"2023-11-09 14:00:05"},{"nodeID":"1344939","text":"Anon: Emily Thornberry: comparing that with what is absolutely necessary","type":"L","timestamp":"2023-11-09 14:00:05"},{"nodeID":"1344940","text":"Asserting","type":"YA","timestamp":"2023-11-09 14:00:05"},{"nodeID":"1344941","text":"Default Rephrase","type":"MA","timestamp":"2023-11-09 14:00:05"},{"nodeID":"1344942","text":"Default Transition","type":"TA","timestamp":"2023-11-09 14:00:05"},{"nodeID":"1344943","text":"Default Transition","type":"TA","timestamp":"2023-11-09 14:00:05"},{"nodeID":"1344944","text":"Restating","type":"YA","timestamp":"2023-11-09 14:00:05"},{"nodeID":"1344945","text":"nurses have been underpaid for far too long","type":"I","timestamp":"2023-11-09 14:00:06"},{"nodeID":"1344946","text":"Emily Thornberry: nurses have been underpaid for far too long","type":"L","timestamp":"2023-11-09 14:00:06"},{"nodeID":"1344947","text":"Analysing","type":"YA","timestamp":"2023-11-09 14:00:06"},{"nodeID":"1344948","text":"Anon: Emily Thornberry: nurses have been underpaid for far too long","type":"L","timestamp":"2023-11-09 14:00:06"},{"nodeID":"1344949","text":"Asserting","type":"YA","timestamp":"2023-11-09 14:00:06"},{"nodeID":"1344950","text":"Default Transition","type":"TA","timestamp":"2023-11-09 14:00:06"},{"nodeID":"1344951","text":"nurses are desperate","type":"I","timestamp":"2023-11-09 14:00:06"},{"nodeID":"1344952","text":"Emily Thornberry: they are desperate","type":"L","timestamp":"2023-11-09 14:00:06"},{"nodeID":"1344953","text":"Analysing","type":"YA","timestamp":"2023-11-09 14:00:06"},{"nodeID":"1344954","text":"Anon: Emily Thornberry: they are desperate","type":"L","timestamp":"2023-11-09 14:00:06"},{"nodeID":"1344955","text":"Asserting","type":"YA","timestamp":"2023-11-09 14:00:06"},{"nodeID":"1344956","text":"Default Transition","type":"TA","timestamp":"2023-11-09 14:00:06"},{"nodeID":"1344957","text":"nurses have been pushed to an extreme","type":"I","timestamp":"2023-11-09 14:00:07"},{"nodeID":"1344958","text":"Emily Thornberry: they have been pushed to an extreme","type":"L","timestamp":"2023-11-09 14:00:07"},{"nodeID":"1344959","text":"Analysing","type":"YA","timestamp":"2023-11-09 14:00:07"},{"nodeID":"1344960","text":"Anon: Emily Thornberry: they have been pushed to an extreme","type":"L","timestamp":"2023-11-09 14:00:07"},{"nodeID":"1344961","text":"Asserting","type":"YA","timestamp":"2023-11-09 14:00:07"},{"nodeID":"1344962","text":"Default Transition","type":"TA","timestamp":"2023-11-09 14:00:07"},{"nodeID":"1344963","text":"it\u2019s a good thing that the government is talking to the nurses","type":"I","timestamp":"2023-11-09 14:00:07"},{"nodeID":"1344964","text":"Emily Thornberry: it\u2019s a good thing","type":"L","timestamp":"2023-11-09 14:00:07"},{"nodeID":"1344965","text":"Analysing","type":"YA","timestamp":"2023-11-09 14:00:07"},{"nodeID":"1344966","text":"Anon: Emily Thornberry: it\u2019s a good thing","type":"L","timestamp":"2023-11-09 14:00:07"},{"nodeID":"1344967","text":"Asserting","type":"YA","timestamp":"2023-11-09 14:00:07"},{"nodeID":"1344968","text":"Default Transition","type":"TA","timestamp":"2023-11-09 14:00:07"},{"nodeID":"1344969","text":"the Conservative government is talking to the nurses","type":"I","timestamp":"2023-11-09 14:00:08"},{"nodeID":"1344970","text":"Emily Thornberry: they\u2019re talking to the nurses","type":"L","timestamp":"2023-11-09 14:00:08"},{"nodeID":"1344971","text":"Analysing","type":"YA","timestamp":"2023-11-09 14:00:08"},{"nodeID":"1344972","text":"Anon: Emily Thornberry: they\u2019re talking to the nurses","type":"L","timestamp":"2023-11-09 14:00:08"},{"nodeID":"1344973","text":"Asserting","type":"YA","timestamp":"2023-11-09 14:00:08"},{"nodeID":"1344974","text":"Default Transition","type":"TA","timestamp":"2023-11-09 14:00:08"},{"nodeID":"1344975","text":"the government talking to the nurses is new","type":"I","timestamp":"2023-11-09 14:00:09"},{"nodeID":"1344976","text":"Emily Thornberry: which is new","type":"L","timestamp":"2023-11-09 14:00:09"},{"nodeID":"1344977","text":"Analysing","type":"YA","timestamp":"2023-11-09 14:00:09"},{"nodeID":"1344978","text":"Anon: Emily Thornberry: which is new","type":"L","timestamp":"2023-11-09 14:00:09"},{"nodeID":"1344979","text":"Asserting","type":"YA","timestamp":"2023-11-09 14:00:09"},{"nodeID":"1344980","text":"Default Transition","type":"TA","timestamp":"2023-11-09 14:00:09"},{"nodeID":"1344981","text":"the government hasn't been talking to the nurses","type":"I","timestamp":"2023-11-09 14:00:09"},{"nodeID":"1344982","text":"Emily Thornberry: they haven\u2019t been","type":"L","timestamp":"2023-11-09 14:00:09"},{"nodeID":"1344983","text":"Analysing","type":"YA","timestamp":"2023-11-09 14:00:09"},{"nodeID":"1344984","text":"Anon: Emily Thornberry: they haven\u2019t been","type":"L","timestamp":"2023-11-09 14:00:09"},{"nodeID":"1344985","text":"Asserting","type":"YA","timestamp":"2023-11-09 14:00:09"},{"nodeID":"1344986","text":"Default Transition","type":"TA","timestamp":"2023-11-09 14:00:09"},{"nodeID":"1344987","text":"Default Rephrase","type":"MA","timestamp":"2023-11-09 14:00:09"},{"nodeID":"1344988","text":"Restating","type":"YA","timestamp":"2023-11-09 14:00:09"},{"nodeID":"1344989","text":"the nurses have not been speaking to any secretaries of state since Sajid Javid","type":"I","timestamp":"2023-11-09 14:00:10"},{"nodeID":"1344990","text":"Emily Thornberry: the nurses have not been speaking to any secretaries of state since Sajid Javid","type":"L","timestamp":"2023-11-09 14:00:10"},{"nodeID":"1344991","text":"Analysing","type":"YA","timestamp":"2023-11-09 14:00:10"},{"nodeID":"1344992","text":"Anon: Emily Thornberry: the nurses have not been speaking to any secretaries of state since Sajid Javid","type":"L","timestamp":"2023-11-09 14:00:10"},{"nodeID":"1344993","text":"Asserting","type":"YA","timestamp":"2023-11-09 14:00:10"},{"nodeID":"1344994","text":"Default Transition","type":"TA","timestamp":"2023-11-09 14:00:10"},{"nodeID":"1344995","text":"Default Inference","type":"RA","timestamp":"2023-11-09 14:00:10"},{"nodeID":"1344996","text":"Arguing","type":"YA","timestamp":"2023-11-09 14:00:10"},{"nodeID":"1344997","text":"Sajid Javid was about three or four secretaries of state before","type":"I","timestamp":"2023-11-09 14:00:11"},{"nodeID":"1344998","text":"Emily Thornberry: who I think was about three or four secretaries of state before","type":"L","timestamp":"2023-11-09 14:00:11"},{"nodeID":"1344999","text":"Analysing","type":"YA","timestamp":"2023-11-09 14:00:11"},{"nodeID":"1345000","text":"Anon: Emily Thornberry: who I think was about three or four secretaries of state before","type":"L","timestamp":"2023-11-09 14:00:11"},{"nodeID":"1345001","text":"Asserting","type":"YA","timestamp":"2023-11-09 14:00:11"},{"nodeID":"1345002","text":"Default Transition","type":"TA","timestamp":"2023-11-09 14:00:11"},{"nodeID":"1345003","text":"Default Rephrase","type":"MA","timestamp":"2023-11-09 14:00:11"},{"nodeID":"1345004","text":"Restating","type":"YA","timestamp":"2023-11-09 14:00:11"},{"nodeID":"1345005","text":"Default Rephrase","type":"MA","timestamp":"2023-11-09 14:00:11"},{"nodeID":"1345006","text":"Restating","type":"YA","timestamp":"2023-11-09 14:00:11"},{"nodeID":"1345007","text":"Default Inference","type":"RA","timestamp":"2023-11-09 14:00:11"},{"nodeID":"1345008","text":"Arguing","type":"YA","timestamp":"2023-11-09 14:00:11"},{"nodeID":"1345009","text":"Default Rephrase","type":"MA","timestamp":"2023-11-09 14:00:11"},{"nodeID":"1345010","text":"Restating","type":"YA","timestamp":"2023-11-09 14:00:11"}],"edges":[{"edgeID":"1762256","fromID":"1344862","toID":"1344861","formEdgeID":null},{"edgeID":"1762257","fromID":"1344863","toID":"1344862","formEdgeID":null},{"edgeID":"1762258","fromID":"1344866","toID":"1344865","formEdgeID":null},{"edgeID":"1762259","fromID":"1344867","toID":"1344866","formEdgeID":null},{"edgeID":"1762260","fromID":"1344865","toID":"1344868","formEdgeID":null},{"edgeID":"1762261","fromID":"1344868","toID":"1344864","formEdgeID":null},{"edgeID":"1762262","fromID":"1344861","toID":"1344869","formEdgeID":null},{"edgeID":"1762263","fromID":"1344869","toID":"1344865","formEdgeID":null},{"edgeID":"1762264","fromID":"1344872","toID":"1344871","formEdgeID":null},{"edgeID":"1762265","fromID":"1344873","toID":"1344872","formEdgeID":null},{"edgeID":"1762266","fromID":"1344871","toID":"1344874","formEdgeID":null},{"edgeID":"1762267","fromID":"1344874","toID":"1344870","formEdgeID":null},{"edgeID":"1762268","fromID":"1344865","toID":"1344875","formEdgeID":null},{"edgeID":"1762269","fromID":"1344875","toID":"1344871","formEdgeID":null},{"edgeID":"1762270","fromID":"1344878","toID":"1344877","formEdgeID":null},{"edgeID":"1762271","fromID":"1344879","toID":"1344878","formEdgeID":null},{"edgeID":"1762272","fromID":"1344877","toID":"1344880","formEdgeID":null},{"edgeID":"1762273","fromID":"1344880","toID":"1344876","formEdgeID":null},{"edgeID":"1762274","fromID":"1344871","toID":"1344881","formEdgeID":null},{"edgeID":"1762275","fromID":"1344881","toID":"1344877","formEdgeID":null},{"edgeID":"1762276","fromID":"1344870","toID":"1344882","formEdgeID":null},{"edgeID":"1762277","fromID":"1344882","toID":"1344876","formEdgeID":null},{"edgeID":"1762278","fromID":"1344881","toID":"1344883","formEdgeID":null},{"edgeID":"1762279","fromID":"1344883","toID":"1344882","formEdgeID":null},{"edgeID":"1762280","fromID":"1344885","toID":"1344884","formEdgeID":null},{"edgeID":"1762281","fromID":"1344886","toID":"1344885","formEdgeID":null},{"edgeID":"1762282","fromID":"1344877","toID":"1344887","formEdgeID":null},{"edgeID":"1762283","fromID":"1344887","toID":"1344884","formEdgeID":null},{"edgeID":"1762284","fromID":"1344890","toID":"1344889","formEdgeID":null},{"edgeID":"1762285","fromID":"1344891","toID":"1344890","formEdgeID":null},{"edgeID":"1762286","fromID":"1344889","toID":"1344892","formEdgeID":null},{"edgeID":"1762287","fromID":"1344892","toID":"1344888","formEdgeID":null},{"edgeID":"1762288","fromID":"1344895","toID":"1344894","formEdgeID":null},{"edgeID":"1762289","fromID":"1344896","toID":"1344895","formEdgeID":null},{"edgeID":"1762290","fromID":"1344894","toID":"1344897","formEdgeID":null},{"edgeID":"1762291","fromID":"1344897","toID":"1344893","formEdgeID":null},{"edgeID":"1762292","fromID":"1344888","toID":"1344898","formEdgeID":null},{"edgeID":"1762293","fromID":"1344898","toID":"1344864","formEdgeID":null},{"edgeID":"1762294","fromID":"1344889","toID":"1344899","formEdgeID":null},{"edgeID":"1762295","fromID":"1344899","toID":"1344865","formEdgeID":null},{"edgeID":"1762296","fromID":"1344899","toID":"1344900","formEdgeID":null},{"edgeID":"1762297","fromID":"1344900","toID":"1344898","formEdgeID":null},{"edgeID":"1762298","fromID":"1344889","toID":"1344901","formEdgeID":null},{"edgeID":"1762299","fromID":"1344901","toID":"1344894","formEdgeID":null},{"edgeID":"1762300","fromID":"1344893","toID":"1344898","formEdgeID":null},{"edgeID":"1762301","fromID":"1344904","toID":"1344903","formEdgeID":null},{"edgeID":"1762302","fromID":"1344905","toID":"1344904","formEdgeID":null},{"edgeID":"1762303","fromID":"1344903","toID":"1344906","formEdgeID":null},{"edgeID":"1762304","fromID":"1344906","toID":"1344902","formEdgeID":null},{"edgeID":"1762305","fromID":"1344894","toID":"1344907","formEdgeID":null},{"edgeID":"1762306","fromID":"1344907","toID":"1344903","formEdgeID":null},{"edgeID":"1762307","fromID":"1344910","toID":"1344909","formEdgeID":null},{"edgeID":"1762308","fromID":"1344911","toID":"1344910","formEdgeID":null},{"edgeID":"1762309","fromID":"1344909","toID":"1344912","formEdgeID":null},{"edgeID":"1762310","fromID":"1344912","toID":"1344908","formEdgeID":null},{"edgeID":"1762311","fromID":"1344903","toID":"1344913","formEdgeID":null},{"edgeID":"1762312","fromID":"1344913","toID":"1344909","formEdgeID":null},{"edgeID":"1762313","fromID":"1344908","toID":"1344914","formEdgeID":null},{"edgeID":"1762314","fromID":"1344914","toID":"1344902","formEdgeID":null},{"edgeID":"1762315","fromID":"1344913","toID":"1344915","formEdgeID":null},{"edgeID":"1762316","fromID":"1344915","toID":"1344914","formEdgeID":null},{"edgeID":"1762317","fromID":"1344917","toID":"1344916","formEdgeID":null},{"edgeID":"1762318","fromID":"1344918","toID":"1344917","formEdgeID":null},{"edgeID":"1762319","fromID":"1344916","toID":"1344919","formEdgeID":null},{"edgeID":"1762320","fromID":"1344919","toID":"1344902","formEdgeID":null},{"edgeID":"1762321","fromID":"1344909","toID":"1344920","formEdgeID":null},{"edgeID":"1762322","fromID":"1344920","toID":"1344916","formEdgeID":null},{"edgeID":"1762323","fromID":"1344902","toID":"1344921","formEdgeID":null},{"edgeID":"1762324","fromID":"1344921","toID":"1344908","formEdgeID":null},{"edgeID":"1762325","fromID":"1344920","toID":"1344922","formEdgeID":null},{"edgeID":"1762326","fromID":"1344922","toID":"1344921","formEdgeID":null},{"edgeID":"1762327","fromID":"1344923","toID":"1344884","formEdgeID":null},{"edgeID":"1762328","fromID":"1344886","toID":"1344923","formEdgeID":null},{"edgeID":"1762329","fromID":"1344916","toID":"1344924","formEdgeID":null},{"edgeID":"1762330","fromID":"1344924","toID":"1344884","formEdgeID":null},{"edgeID":"1762331","fromID":"1344927","toID":"1344926","formEdgeID":null},{"edgeID":"1762332","fromID":"1344928","toID":"1344927","formEdgeID":null},{"edgeID":"1762333","fromID":"1344926","toID":"1344929","formEdgeID":null},{"edgeID":"1762334","fromID":"1344929","toID":"1344925","formEdgeID":null},{"edgeID":"1762335","fromID":"1344884","toID":"1344930","formEdgeID":null},{"edgeID":"1762336","fromID":"1344930","toID":"1344926","formEdgeID":null},{"edgeID":"1762337","fromID":"1344933","toID":"1344932","formEdgeID":null},{"edgeID":"1762338","fromID":"1344934","toID":"1344933","formEdgeID":null},{"edgeID":"1762339","fromID":"1344932","toID":"1344935","formEdgeID":null},{"edgeID":"1762340","fromID":"1344935","toID":"1344931","formEdgeID":null},{"edgeID":"1762341","fromID":"1344938","toID":"1344937","formEdgeID":null},{"edgeID":"1762342","fromID":"1344939","toID":"1344938","formEdgeID":null},{"edgeID":"1762343","fromID":"1344937","toID":"1344940","formEdgeID":null},{"edgeID":"1762344","fromID":"1344940","toID":"1344936","formEdgeID":null},{"edgeID":"1762345","fromID":"1344936","toID":"1344941","formEdgeID":null},{"edgeID":"1762346","fromID":"1344941","toID":"1344931","formEdgeID":null},{"edgeID":"1762347","fromID":"1344932","toID":"1344942","formEdgeID":null},{"edgeID":"1762348","fromID":"1344942","toID":"1344937","formEdgeID":null},{"edgeID":"1762349","fromID":"1344926","toID":"1344943","formEdgeID":null},{"edgeID":"1762350","fromID":"1344943","toID":"1344932","formEdgeID":null},{"edgeID":"1762351","fromID":"1344942","toID":"1344944","formEdgeID":null},{"edgeID":"1762352","fromID":"1344944","toID":"1344941","formEdgeID":null},{"edgeID":"1762353","fromID":"1344947","toID":"1344946","formEdgeID":null},{"edgeID":"1762354","fromID":"1344948","toID":"1344947","formEdgeID":null},{"edgeID":"1762355","fromID":"1344946","toID":"1344949","formEdgeID":null},{"edgeID":"1762356","fromID":"1344949","toID":"1344945","formEdgeID":null},{"edgeID":"1762357","fromID":"1344937","toID":"1344950","formEdgeID":null},{"edgeID":"1762358","fromID":"1344950","toID":"1344946","formEdgeID":null},{"edgeID":"1762359","fromID":"1344953","toID":"1344952","formEdgeID":null},{"edgeID":"1762360","fromID":"1344954","toID":"1344953","formEdgeID":null},{"edgeID":"1762361","fromID":"1344952","toID":"1344955","formEdgeID":null},{"edgeID":"1762362","fromID":"1344955","toID":"1344951","formEdgeID":null},{"edgeID":"1762363","fromID":"1344946","toID":"1344956","formEdgeID":null},{"edgeID":"1762364","fromID":"1344956","toID":"1344952","formEdgeID":null},{"edgeID":"1762365","fromID":"1344959","toID":"1344958","formEdgeID":null},{"edgeID":"1762366","fromID":"1344960","toID":"1344959","formEdgeID":null},{"edgeID":"1762367","fromID":"1344958","toID":"1344961","formEdgeID":null},{"edgeID":"1762368","fromID":"1344961","toID":"1344957","formEdgeID":null},{"edgeID":"1762369","fromID":"1344952","toID":"1344962","formEdgeID":null},{"edgeID":"1762370","fromID":"1344962","toID":"1344958","formEdgeID":null},{"edgeID":"1762371","fromID":"1344965","toID":"1344964","formEdgeID":null},{"edgeID":"1762372","fromID":"1344966","toID":"1344965","formEdgeID":null},{"edgeID":"1762373","fromID":"1344964","toID":"1344967","formEdgeID":null},{"edgeID":"1762374","fromID":"1344967","toID":"1344963","formEdgeID":null},{"edgeID":"1762375","fromID":"1344958","toID":"1344968","formEdgeID":null},{"edgeID":"1762376","fromID":"1344968","toID":"1344964","formEdgeID":null},{"edgeID":"1762377","fromID":"1344971","toID":"1344970","formEdgeID":null},{"edgeID":"1762378","fromID":"1344972","toID":"1344971","formEdgeID":null},{"edgeID":"1762379","fromID":"1344970","toID":"1344973","formEdgeID":null},{"edgeID":"1762380","fromID":"1344973","toID":"1344969","formEdgeID":null},{"edgeID":"1762381","fromID":"1344964","toID":"1344974","formEdgeID":null},{"edgeID":"1762382","fromID":"1344974","toID":"1344970","formEdgeID":null},{"edgeID":"1762383","fromID":"1344977","toID":"1344976","formEdgeID":null},{"edgeID":"1762384","fromID":"1344978","toID":"1344977","formEdgeID":null},{"edgeID":"1762385","fromID":"1344976","toID":"1344979","formEdgeID":null},{"edgeID":"1762386","fromID":"1344979","toID":"1344975","formEdgeID":null},{"edgeID":"1762387","fromID":"1344970","toID":"1344980","formEdgeID":null},{"edgeID":"1762388","fromID":"1344980","toID":"1344976","formEdgeID":null},{"edgeID":"1762389","fromID":"1344983","toID":"1344982","formEdgeID":null},{"edgeID":"1762390","fromID":"1344984","toID":"1344983","formEdgeID":null},{"edgeID":"1762391","fromID":"1344982","toID":"1344985","formEdgeID":null},{"edgeID":"1762392","fromID":"1344985","toID":"1344981","formEdgeID":null},{"edgeID":"1762393","fromID":"1344976","toID":"1344986","formEdgeID":null},{"edgeID":"1762394","fromID":"1344986","toID":"1344982","formEdgeID":null},{"edgeID":"1762395","fromID":"1344981","toID":"1344987","formEdgeID":null},{"edgeID":"1762396","fromID":"1344987","toID":"1344975","formEdgeID":null},{"edgeID":"1762397","fromID":"1344986","toID":"1344988","formEdgeID":null},{"edgeID":"1762398","fromID":"1344988","toID":"1344987","formEdgeID":null},{"edgeID":"1762399","fromID":"1344991","toID":"1344990","formEdgeID":null},{"edgeID":"1762400","fromID":"1344992","toID":"1344991","formEdgeID":null},{"edgeID":"1762401","fromID":"1344990","toID":"1344993","formEdgeID":null},{"edgeID":"1762402","fromID":"1344993","toID":"1344989","formEdgeID":null},{"edgeID":"1762403","fromID":"1344982","toID":"1344994","formEdgeID":null},{"edgeID":"1762404","fromID":"1344994","toID":"1344990","formEdgeID":null},{"edgeID":"1762405","fromID":"1344989","toID":"1344995","formEdgeID":null},{"edgeID":"1762406","fromID":"1344995","toID":"1344981","formEdgeID":null},{"edgeID":"1762407","fromID":"1344994","toID":"1344996","formEdgeID":null},{"edgeID":"1762408","fromID":"1344996","toID":"1344995","formEdgeID":null},{"edgeID":"1762409","fromID":"1344999","toID":"1344998","formEdgeID":null},{"edgeID":"1762410","fromID":"1345000","toID":"1344999","formEdgeID":null},{"edgeID":"1762411","fromID":"1344998","toID":"1345001","formEdgeID":null},{"edgeID":"1762412","fromID":"1345001","toID":"1344997","formEdgeID":null},{"edgeID":"1762413","fromID":"1344990","toID":"1345002","formEdgeID":null},{"edgeID":"1762414","fromID":"1345002","toID":"1344998","formEdgeID":null},{"edgeID":"1762415","fromID":"1344969","toID":"1345003","formEdgeID":null},{"edgeID":"1762416","fromID":"1345003","toID":"1344963","formEdgeID":null},{"edgeID":"1762417","fromID":"1344974","toID":"1345004","formEdgeID":null},{"edgeID":"1762418","fromID":"1345004","toID":"1345003","formEdgeID":null},{"edgeID":"1762419","fromID":"1344957","toID":"1345005","formEdgeID":null},{"edgeID":"1762420","fromID":"1345005","toID":"1344951","formEdgeID":null},{"edgeID":"1762421","fromID":"1344962","toID":"1345006","formEdgeID":null},{"edgeID":"1762422","fromID":"1345006","toID":"1345005","formEdgeID":null},{"edgeID":"1762423","fromID":"1344945","toID":"1345007","formEdgeID":null},{"edgeID":"1762424","fromID":"1345007","toID":"1344951","formEdgeID":null},{"edgeID":"1762425","fromID":"1344956","toID":"1345008","formEdgeID":null},{"edgeID":"1762426","fromID":"1345008","toID":"1345007","formEdgeID":null},{"edgeID":"1762427","fromID":"1344975","toID":"1345009","formEdgeID":null},{"edgeID":"1762428","fromID":"1345009","toID":"1344969","formEdgeID":null},{"edgeID":"1762429","fromID":"1344980","toID":"1345010","formEdgeID":null},{"edgeID":"1762430","fromID":"1345010","toID":"1345009","formEdgeID":null}],"locutions":[]}