{"nodes":[{"nodeID":"1349191","text":"COP27 is not realistic when the biggest emissions of CO2 simply aren\u2019t there","type":"I","timestamp":"2023-11-09 14:07:00"},{"nodeID":"1349192","text":"Richard Ibrahim: is COP27 realistic when the biggest emissions of CO2 simply aren\u2019t there","type":"L","timestamp":"2023-11-09 14:07:00"},{"nodeID":"1349193","text":"Analysing","type":"YA","timestamp":"2023-11-09 14:07:00"},{"nodeID":"1349194","text":"Anon: Richard Ibrahim: is COP27 realistic when the biggest emissions of CO2 simply aren\u2019t there","type":"L","timestamp":"2023-11-09 14:07:00"},{"nodeID":"1349195","text":"Rhetorical Questioning","type":"YA","timestamp":"2023-11-09 14:07:00"},{"nodeID":"1349196","text":"COP27 is going on in Egypt at the moment","type":"I","timestamp":"2023-11-09 14:07:01"},{"nodeID":"1349197","text":"Fiona Bruce: COP obviously going on in Egypt at the moment","type":"L","timestamp":"2023-11-09 14:07:01"},{"nodeID":"1349198","text":"Analysing","type":"YA","timestamp":"2023-11-09 14:07:01"},{"nodeID":"1349199","text":"Anon: Fiona Bruce: COP obviously going on in Egypt at the moment","type":"L","timestamp":"2023-11-09 14:07:01"},{"nodeID":"1349200","text":"Asserting","type":"YA","timestamp":"2023-11-09 14:07:01"},{"nodeID":"1349201","text":"Default Transition","type":"TA","timestamp":"2023-11-09 14:07:01"},{"nodeID":"1349202","text":"Xi Jinping of China is not attending COP27","type":"I","timestamp":"2023-11-09 14:07:02"},{"nodeID":"1349203","text":"Fiona Bruce: Xi Jinping of China, that\u2019s the world\u2019s largest emitter of greenhouse gases, Xi Jinping is not attending","type":"L","timestamp":"2023-11-09 14:07:02"},{"nodeID":"1349204","text":"Analysing","type":"YA","timestamp":"2023-11-09 14:07:02"},{"nodeID":"1349205","text":"Anon: Fiona Bruce: Xi Jinping of China, that\u2019s the world\u2019s largest emitter of greenhouse gases, Xi Jinping is not attending","type":"L","timestamp":"2023-11-09 14:07:02"},{"nodeID":"1349206","text":"Asserting","type":"YA","timestamp":"2023-11-09 14:07:02"},{"nodeID":"1349207","text":"China is the world\u2019s largest emitter of greenhouse gases","type":"I","timestamp":"2023-11-09 14:07:02"},{"nodeID":"1349208","text":"Fiona Bruce: China, that\u2019s the world\u2019s largest emitter of greenhouse gases","type":"L","timestamp":"2023-11-09 14:07:02"},{"nodeID":"1349209","text":"Analysing","type":"YA","timestamp":"2023-11-09 14:07:02"},{"nodeID":"1349210","text":"Anon: Fiona Bruce: China, that\u2019s the world\u2019s largest emitter of greenhouse gases","type":"L","timestamp":"2023-11-09 14:07:02"},{"nodeID":"1349211","text":"Asserting","type":"YA","timestamp":"2023-11-09 14:07:02"},{"nodeID":"1349212","text":"Default Transition","type":"TA","timestamp":"2023-11-09 14:07:02"},{"nodeID":"1349213","text":"Default Conflict","type":"CA","timestamp":"2023-11-09 14:07:02"},{"nodeID":"1349214","text":"Disagreeing","type":"YA","timestamp":"2023-11-09 14:07:02"},{"nodeID":"1349215","text":"Narendra Modi of India is not attending COP27","type":"I","timestamp":"2023-11-09 14:07:03"},{"nodeID":"1349216","text":"Fiona Bruce: Narendra Modi of India, the third largest emitter, he is not attending","type":"L","timestamp":"2023-11-09 14:07:03"},{"nodeID":"1349217","text":"Analysing","type":"YA","timestamp":"2023-11-09 14:07:03"},{"nodeID":"1349218","text":"Anon: Fiona Bruce: Narendra Modi of India, the third largest emitter, he is not attending","type":"L","timestamp":"2023-11-09 14:07:03"},{"nodeID":"1349219","text":"Asserting","type":"YA","timestamp":"2023-11-09 14:07:03"},{"nodeID":"1349220","text":"Default Transition","type":"TA","timestamp":"2023-11-09 14:07:03"},{"nodeID":"1349221","text":"India is the third largest emitter of greenhouse gases","type":"I","timestamp":"2023-11-09 14:07:04"},{"nodeID":"1349222","text":"Fiona Bruce:  India, the third largest emitter","type":"L","timestamp":"2023-11-09 14:07:04"},{"nodeID":"1349223","text":"Analysing","type":"YA","timestamp":"2023-11-09 14:07:04"},{"nodeID":"1349224","text":"Anon: Fiona Bruce:  India, the third largest emitter","type":"L","timestamp":"2023-11-09 14:07:04"},{"nodeID":"1349225","text":"Asserting","type":"YA","timestamp":"2023-11-09 14:07:04"},{"nodeID":"1349226","text":"Default Transition","type":"TA","timestamp":"2023-11-09 14:07:04"},{"nodeID":"1349227","text":"Default Conflict","type":"CA","timestamp":"2023-11-09 14:07:04"},{"nodeID":"1349228","text":"Disagreeing","type":"YA","timestamp":"2023-11-09 14:07:04"},{"nodeID":"1349229","text":"Putin from Russia is not attending COP27 either","type":"I","timestamp":"2023-11-09 14:07:04"},{"nodeID":"1349230","text":"Fiona Bruce: Putin from Russia, the fourth largest emitter, he is not attending either","type":"L","timestamp":"2023-11-09 14:07:04"},{"nodeID":"1349231","text":"Analysing","type":"YA","timestamp":"2023-11-09 14:07:04"},{"nodeID":"1349232","text":"Anon: Fiona Bruce: Putin from Russia, the fourth largest emitter, he is not attending either","type":"L","timestamp":"2023-11-09 14:07:04"},{"nodeID":"1349233","text":"Asserting","type":"YA","timestamp":"2023-11-09 14:07:04"},{"nodeID":"1349234","text":"Default Transition","type":"TA","timestamp":"2023-11-09 14:07:04"},{"nodeID":"1349235","text":"Russia is the fourth largest emitter of greenhouse gases","type":"I","timestamp":"2023-11-09 14:07:05"},{"nodeID":"1349236","text":"Fiona Bruce: Russia, the fourth largest emitter","type":"L","timestamp":"2023-11-09 14:07:05"},{"nodeID":"1349237","text":"Analysing","type":"YA","timestamp":"2023-11-09 14:07:05"},{"nodeID":"1349238","text":"Anon: Fiona Bruce: Russia, the fourth largest emitter","type":"L","timestamp":"2023-11-09 14:07:05"},{"nodeID":"1349239","text":"Asserting","type":"YA","timestamp":"2023-11-09 14:07:05"},{"nodeID":"1349240","text":"Default Transition","type":"TA","timestamp":"2023-11-09 14:07:05"},{"nodeID":"1349241","text":"Default Conflict","type":"CA","timestamp":"2023-11-09 14:07:05"},{"nodeID":"1349242","text":"Disagreeing","type":"YA","timestamp":"2023-11-09 14:07:05"},{"nodeID":"1349243","text":"Default Inference","type":"RA","timestamp":"2023-11-09 14:07:05"},{"nodeID":"1349244","text":"Default Transition","type":"TA","timestamp":"2023-11-09 14:07:05"},{"nodeID":"1349245","text":"Arguing","type":"YA","timestamp":"2023-11-09 14:07:05"},{"nodeID":"1349246","text":"Caroline Lucas wishes Xi Jinping, Narendra Modi and Vladimir Putin were attending COP27","type":"I","timestamp":"2023-11-09 14:07:06"},{"nodeID":"1349247","text":"Caroline Lucas:  I wish they were attending","type":"L","timestamp":"2023-11-09 14:07:06"},{"nodeID":"1349248","text":"Analysing","type":"YA","timestamp":"2023-11-09 14:07:06"},{"nodeID":"1349249","text":"Anon: Caroline Lucas:  I wish they were attending","type":"L","timestamp":"2023-11-09 14:07:06"},{"nodeID":"1349250","text":"Asserting","type":"YA","timestamp":"2023-11-09 14:07:06"},{"nodeID":"1349251","text":"Default Transition","type":"TA","timestamp":"2023-11-09 14:07:06"},{"nodeID":"1349252","text":"Caroline Lucas is glad that UK Prime Minister finally did his U turn and did turn up at COP27","type":"I","timestamp":"2023-11-09 14:07:06"},{"nodeID":"1349253","text":"Caroline Lucas: I\u2019m glad that our Prime Minister finally did his U turn and did turn up","type":"L","timestamp":"2023-11-09 14:07:06"},{"nodeID":"1349254","text":"Analysing","type":"YA","timestamp":"2023-11-09 14:07:06"},{"nodeID":"1349255","text":"Anon: Caroline Lucas: I\u2019m glad that our Prime Minister finally did his U turn and did turn up","type":"L","timestamp":"2023-11-09 14:07:06"},{"nodeID":"1349256","text":"Asserting","type":"YA","timestamp":"2023-11-09 14:07:06"},{"nodeID":"1349257","text":"Default Transition","type":"TA","timestamp":"2023-11-09 14:07:06"},{"nodeID":"1349258","text":"the COP process is the only game in town when it comes to having a place where countries of the global south and countries of the global north can come together on some level of equality","type":"I","timestamp":"2023-11-09 14:07:07"},{"nodeID":"1349259","text":"Caroline Lucas:  that this COP process, hugely flawed though it is, is the only game in town when it comes to having a place where countries of the global south and countries of the global north can come together on some level of equality","type":"L","timestamp":"2023-11-09 14:07:07"},{"nodeID":"1349260","text":"Analysing","type":"YA","timestamp":"2023-11-09 14:07:07"},{"nodeID":"1349261","text":"Anon: Caroline Lucas:  that this COP process, hugely flawed though it is, is the only game in town when it comes to having a place where countries of the global south and countries of the global north can come together on some level of equality","type":"L","timestamp":"2023-11-09 14:07:07"},{"nodeID":"1349262","text":"Asserting","type":"YA","timestamp":"2023-11-09 14:07:07"},{"nodeID":"1349263","text":"COP is hugely flawed","type":"I","timestamp":"2023-11-09 14:07:08"},{"nodeID":"1349264","text":"Caroline Lucas: hugely flawed though it is","type":"L","timestamp":"2023-11-09 14:07:08"},{"nodeID":"1349265","text":"Analysing","type":"YA","timestamp":"2023-11-09 14:07:08"},{"nodeID":"1349266","text":"Anon: Caroline Lucas: hugely flawed though it is","type":"L","timestamp":"2023-11-09 14:07:08"},{"nodeID":"1349267","text":"Asserting","type":"YA","timestamp":"2023-11-09 14:07:08"},{"nodeID":"1349268","text":"Default Transition","type":"TA","timestamp":"2023-11-09 14:07:08"},{"nodeID":"1349269","text":"Default Conflict","type":"CA","timestamp":"2023-11-09 14:07:08"},{"nodeID":"1349270","text":"Disagreeing","type":"YA","timestamp":"2023-11-09 14:07:08"},{"nodeID":"1349271","text":"the leaders of some of the countries from the south would certainly tell you that COP is one of those places where they do have some leverage","type":"I","timestamp":"2023-11-09 14:07:08"},{"nodeID":"1349272","text":"Caroline Lucas: That\u2019s certainly what the leaders of some of the countries from the south will tell you, that this is one of those places where they do have some leverage","type":"L","timestamp":"2023-11-09 14:07:08"},{"nodeID":"1349273","text":"Analysing","type":"YA","timestamp":"2023-11-09 14:07:08"},{"nodeID":"1349274","text":"Anon: Caroline Lucas: That\u2019s certainly what the leaders of some of the countries from the south will tell you, that this is one of those places where they do have some leverage","type":"L","timestamp":"2023-11-09 14:07:08"},{"nodeID":"1349275","text":"Asserting","type":"YA","timestamp":"2023-11-09 14:07:08"},{"nodeID":"1349276","text":"Default Rephrase","type":"MA","timestamp":"2023-11-09 14:07:08"},{"nodeID":"1349277","text":"Default Transition","type":"TA","timestamp":"2023-11-09 14:07:08"},{"nodeID":"1349278","text":"Restating","type":"YA","timestamp":"2023-11-09 14:07:08"},{"nodeID":"1349279","text":"Default Rephrase","type":"MA","timestamp":"2023-11-09 14:07:08"},{"nodeID":"1349280","text":"Default Transition","type":"TA","timestamp":"2023-11-09 14:07:08"},{"nodeID":"1349281","text":"Default Illocuting","type":"YA","timestamp":"2023-11-09 14:07:08"}],"edges":[{"edgeID":"1767385","fromID":"1349193","toID":"1349192","formEdgeID":null},{"edgeID":"1767386","fromID":"1349194","toID":"1349193","formEdgeID":null},{"edgeID":"1767387","fromID":"1349192","toID":"1349195","formEdgeID":null},{"edgeID":"1767388","fromID":"1349195","toID":"1349191","formEdgeID":null},{"edgeID":"1767389","fromID":"1349198","toID":"1349197","formEdgeID":null},{"edgeID":"1767390","fromID":"1349199","toID":"1349198","formEdgeID":null},{"edgeID":"1767391","fromID":"1349197","toID":"1349200","formEdgeID":null},{"edgeID":"1767392","fromID":"1349200","toID":"1349196","formEdgeID":null},{"edgeID":"1767393","fromID":"1349192","toID":"1349201","formEdgeID":null},{"edgeID":"1767394","fromID":"1349201","toID":"1349197","formEdgeID":null},{"edgeID":"1767395","fromID":"1349204","toID":"1349203","formEdgeID":null},{"edgeID":"1767396","fromID":"1349205","toID":"1349204","formEdgeID":null},{"edgeID":"1767397","fromID":"1349203","toID":"1349206","formEdgeID":null},{"edgeID":"1767398","fromID":"1349206","toID":"1349202","formEdgeID":null},{"edgeID":"1767399","fromID":"1349209","toID":"1349208","formEdgeID":null},{"edgeID":"1767400","fromID":"1349210","toID":"1349209","formEdgeID":null},{"edgeID":"1767401","fromID":"1349208","toID":"1349211","formEdgeID":null},{"edgeID":"1767402","fromID":"1349211","toID":"1349207","formEdgeID":null},{"edgeID":"1767403","fromID":"1349203","toID":"1349212","formEdgeID":null},{"edgeID":"1767404","fromID":"1349212","toID":"1349208","formEdgeID":null},{"edgeID":"1767405","fromID":"1349207","toID":"1349213","formEdgeID":null},{"edgeID":"1767406","fromID":"1349213","toID":"1349202","formEdgeID":null},{"edgeID":"1767407","fromID":"1349212","toID":"1349214","formEdgeID":null},{"edgeID":"1767408","fromID":"1349214","toID":"1349213","formEdgeID":null},{"edgeID":"1767409","fromID":"1349217","toID":"1349216","formEdgeID":null},{"edgeID":"1767410","fromID":"1349218","toID":"1349217","formEdgeID":null},{"edgeID":"1767411","fromID":"1349216","toID":"1349219","formEdgeID":null},{"edgeID":"1767412","fromID":"1349219","toID":"1349215","formEdgeID":null},{"edgeID":"1767413","fromID":"1349208","toID":"1349220","formEdgeID":null},{"edgeID":"1767414","fromID":"1349220","toID":"1349216","formEdgeID":null},{"edgeID":"1767415","fromID":"1349223","toID":"1349222","formEdgeID":null},{"edgeID":"1767416","fromID":"1349224","toID":"1349223","formEdgeID":null},{"edgeID":"1767417","fromID":"1349222","toID":"1349225","formEdgeID":null},{"edgeID":"1767418","fromID":"1349225","toID":"1349221","formEdgeID":null},{"edgeID":"1767419","fromID":"1349216","toID":"1349226","formEdgeID":null},{"edgeID":"1767420","fromID":"1349226","toID":"1349222","formEdgeID":null},{"edgeID":"1767421","fromID":"1349221","toID":"1349227","formEdgeID":null},{"edgeID":"1767422","fromID":"1349227","toID":"1349215","formEdgeID":null},{"edgeID":"1767423","fromID":"1349226","toID":"1349228","formEdgeID":null},{"edgeID":"1767424","fromID":"1349228","toID":"1349227","formEdgeID":null},{"edgeID":"1767425","fromID":"1349231","toID":"1349230","formEdgeID":null},{"edgeID":"1767426","fromID":"1349232","toID":"1349231","formEdgeID":null},{"edgeID":"1767427","fromID":"1349230","toID":"1349233","formEdgeID":null},{"edgeID":"1767428","fromID":"1349233","toID":"1349229","formEdgeID":null},{"edgeID":"1767429","fromID":"1349222","toID":"1349234","formEdgeID":null},{"edgeID":"1767430","fromID":"1349234","toID":"1349230","formEdgeID":null},{"edgeID":"1767431","fromID":"1349237","toID":"1349236","formEdgeID":null},{"edgeID":"1767432","fromID":"1349238","toID":"1349237","formEdgeID":null},{"edgeID":"1767433","fromID":"1349236","toID":"1349239","formEdgeID":null},{"edgeID":"1767434","fromID":"1349239","toID":"1349235","formEdgeID":null},{"edgeID":"1767435","fromID":"1349230","toID":"1349240","formEdgeID":null},{"edgeID":"1767436","fromID":"1349240","toID":"1349236","formEdgeID":null},{"edgeID":"1767437","fromID":"1349235","toID":"1349241","formEdgeID":null},{"edgeID":"1767438","fromID":"1349241","toID":"1349229","formEdgeID":null},{"edgeID":"1767439","fromID":"1349240","toID":"1349242","formEdgeID":null},{"edgeID":"1767440","fromID":"1349242","toID":"1349241","formEdgeID":null},{"edgeID":"1767441","fromID":"1349229","toID":"1349243","formEdgeID":null},{"edgeID":"1767442","fromID":"1349243","toID":"1349191","formEdgeID":null},{"edgeID":"1767443","fromID":"1349215","toID":"1349243","formEdgeID":null},{"edgeID":"1767444","fromID":"1349202","toID":"1349243","formEdgeID":null},{"edgeID":"1767445","fromID":"1349192","toID":"1349244","formEdgeID":null},{"edgeID":"1767446","fromID":"1349244","toID":"1349230","formEdgeID":null},{"edgeID":"1767447","fromID":"1349203","toID":"1349244","formEdgeID":null},{"edgeID":"1767448","fromID":"1349216","toID":"1349244","formEdgeID":null},{"edgeID":"1767449","fromID":"1349244","toID":"1349245","formEdgeID":null},{"edgeID":"1767450","fromID":"1349245","toID":"1349243","formEdgeID":null},{"edgeID":"1767451","fromID":"1349248","toID":"1349247","formEdgeID":null},{"edgeID":"1767452","fromID":"1349249","toID":"1349248","formEdgeID":null},{"edgeID":"1767453","fromID":"1349247","toID":"1349250","formEdgeID":null},{"edgeID":"1767454","fromID":"1349250","toID":"1349246","formEdgeID":null},{"edgeID":"1767455","fromID":"1349236","toID":"1349251","formEdgeID":null},{"edgeID":"1767456","fromID":"1349251","toID":"1349247","formEdgeID":null},{"edgeID":"1767457","fromID":"1349254","toID":"1349253","formEdgeID":null},{"edgeID":"1767458","fromID":"1349255","toID":"1349254","formEdgeID":null},{"edgeID":"1767459","fromID":"1349253","toID":"1349256","formEdgeID":null},{"edgeID":"1767460","fromID":"1349256","toID":"1349252","formEdgeID":null},{"edgeID":"1767461","fromID":"1349247","toID":"1349257","formEdgeID":null},{"edgeID":"1767462","fromID":"1349257","toID":"1349253","formEdgeID":null},{"edgeID":"1767463","fromID":"1349260","toID":"1349259","formEdgeID":null},{"edgeID":"1767464","fromID":"1349261","toID":"1349260","formEdgeID":null},{"edgeID":"1767465","fromID":"1349259","toID":"1349262","formEdgeID":null},{"edgeID":"1767466","fromID":"1349262","toID":"1349258","formEdgeID":null},{"edgeID":"1767467","fromID":"1349265","toID":"1349264","formEdgeID":null},{"edgeID":"1767468","fromID":"1349266","toID":"1349265","formEdgeID":null},{"edgeID":"1767469","fromID":"1349264","toID":"1349267","formEdgeID":null},{"edgeID":"1767470","fromID":"1349267","toID":"1349263","formEdgeID":null},{"edgeID":"1767471","fromID":"1349259","toID":"1349268","formEdgeID":null},{"edgeID":"1767472","fromID":"1349268","toID":"1349264","formEdgeID":null},{"edgeID":"1767473","fromID":"1349263","toID":"1349269","formEdgeID":null},{"edgeID":"1767474","fromID":"1349269","toID":"1349258","formEdgeID":null},{"edgeID":"1767475","fromID":"1349268","toID":"1349270","formEdgeID":null},{"edgeID":"1767476","fromID":"1349270","toID":"1349269","formEdgeID":null},{"edgeID":"1767477","fromID":"1349273","toID":"1349272","formEdgeID":null},{"edgeID":"1767478","fromID":"1349274","toID":"1349273","formEdgeID":null},{"edgeID":"1767479","fromID":"1349272","toID":"1349275","formEdgeID":null},{"edgeID":"1767480","fromID":"1349275","toID":"1349271","formEdgeID":null},{"edgeID":"1767481","fromID":"1349271","toID":"1349276","formEdgeID":null},{"edgeID":"1767482","fromID":"1349276","toID":"1349258","formEdgeID":null},{"edgeID":"1767483","fromID":"1349259","toID":"1349277","formEdgeID":null},{"edgeID":"1767484","fromID":"1349277","toID":"1349272","formEdgeID":null},{"edgeID":"1767485","fromID":"1349277","toID":"1349278","formEdgeID":null},{"edgeID":"1767486","fromID":"1349278","toID":"1349276","formEdgeID":null},{"edgeID":"1767487","fromID":"1349258","toID":"1349279","formEdgeID":null},{"edgeID":"1767488","fromID":"1349279","toID":"1349191","formEdgeID":null},{"edgeID":"1767489","fromID":"1349192","toID":"1349280","formEdgeID":null},{"edgeID":"1767490","fromID":"1349280","toID":"1349259","formEdgeID":null},{"edgeID":"1767491","fromID":"1349280","toID":"1349281","formEdgeID":null},{"edgeID":"1767492","fromID":"1349281","toID":"1349279","formEdgeID":null}],"locutions":[]}