{"nodes":[{"nodeID":"1350207","text":"we are a leading country in the world at dealing with climate change","type":"I","timestamp":"2023-11-09 14:08:34"},{"nodeID":"1350208","text":"Mark Harper: We are a leading country in the world at dealing with climate change","type":"L","timestamp":"2023-11-09 14:08:34"},{"nodeID":"1350209","text":"Analysing","type":"YA","timestamp":"2023-11-09 14:08:34"},{"nodeID":"1350210","text":"Anon: Mark Harper: We are a leading country in the world at dealing with climate change","type":"L","timestamp":"2023-11-09 14:08:34"},{"nodeID":"1350211","text":"Asserting","type":"YA","timestamp":"2023-11-09 14:08:34"},{"nodeID":"1350212","text":"Mark Harper's has got ambitious plans to rollout electric vehicles, a charging network across the country, decarbonising our transport system","type":"I","timestamp":"2023-11-09 14:08:35"},{"nodeID":"1350213","text":"Mark Harper: In my department we\u2019ve got ambitious plans to rollout electric vehicles, a charging network across the country, decarbonising our transport system","type":"L","timestamp":"2023-11-09 14:08:35"},{"nodeID":"1350214","text":"Analysing","type":"YA","timestamp":"2023-11-09 14:08:35"},{"nodeID":"1350215","text":"Anon: Mark Harper: In my department we\u2019ve got ambitious plans to rollout electric vehicles, a charging network across the country, decarbonising our transport system","type":"L","timestamp":"2023-11-09 14:08:35"},{"nodeID":"1350216","text":"Asserting","type":"YA","timestamp":"2023-11-09 14:08:35"},{"nodeID":"1350217","text":"Default Transition","type":"TA","timestamp":"2023-11-09 14:08:35"},{"nodeID":"1350218","text":"Mark Harper's department has actually made some commitments at COP this week with the US, for example, on trying to drive green technology into shipping","type":"I","timestamp":"2023-11-09 14:08:36"},{"nodeID":"1350219","text":"Mark Harper: we\u2019ve actually made some commitments at COP this week with the US, for example, on trying to drive green technology into shipping","type":"L","timestamp":"2023-11-09 14:08:36"},{"nodeID":"1350220","text":"Analysing","type":"YA","timestamp":"2023-11-09 14:08:36"},{"nodeID":"1350221","text":"Anon: Mark Harper: we\u2019ve actually made some commitments at COP this week with the US, for example, on trying to drive green technology into shipping","type":"L","timestamp":"2023-11-09 14:08:36"},{"nodeID":"1350222","text":"Asserting","type":"YA","timestamp":"2023-11-09 14:08:36"},{"nodeID":"1350223","text":"Default Transition","type":"TA","timestamp":"2023-11-09 14:08:36"},{"nodeID":"1350224","text":"Default Rephrase","type":"MA","timestamp":"2023-11-09 14:08:36"},{"nodeID":"1350225","text":"Restating","type":"YA","timestamp":"2023-11-09 14:08:36"},{"nodeID":"1350226","text":"Default Inference","type":"RA","timestamp":"2023-11-09 14:08:36"},{"nodeID":"1350227","text":"Arguing","type":"YA","timestamp":"2023-11-09 14:08:36"},{"nodeID":"1350228","text":"if you keep going on with more oil and gas all of the plans made to deal with climate change don't matter","type":"I","timestamp":"2023-11-09 14:08:36"},{"nodeID":"1350229","text":"Caroline Lucas: if you keep going on with more oil and gas all of that doesn\u2019t matter","type":"L","timestamp":"2023-11-09 14:08:36"},{"nodeID":"1350230","text":"Analysing","type":"YA","timestamp":"2023-11-09 14:08:36"},{"nodeID":"1350231","text":"Anon: Caroline Lucas: if you keep going on with more oil and gas all of that doesn\u2019t matter","type":"L","timestamp":"2023-11-09 14:08:36"},{"nodeID":"1350232","text":"Asserting","type":"YA","timestamp":"2023-11-09 14:08:36"},{"nodeID":"1350233","text":"Default Conflict","type":"CA","timestamp":"2023-11-09 14:08:36"},{"nodeID":"1350234","text":"Default Transition","type":"TA","timestamp":"2023-11-09 14:08:36"},{"nodeID":"1350235","text":"Disagreeing","type":"YA","timestamp":"2023-11-09 14:08:36"},{"nodeID":"1350236","text":"the bottom line is you\u2019ve got to keep fossil fuels in the ground","type":"I","timestamp":"2023-11-09 14:08:37"},{"nodeID":"1350237","text":"Caroline Lucas: The bottom line is you\u2019ve got to keep fossil fuels in the ground","type":"L","timestamp":"2023-11-09 14:08:37"},{"nodeID":"1350238","text":"Analysing","type":"YA","timestamp":"2023-11-09 14:08:37"},{"nodeID":"1350239","text":"Anon: Caroline Lucas: The bottom line is you\u2019ve got to keep fossil fuels in the ground","type":"L","timestamp":"2023-11-09 14:08:37"},{"nodeID":"1350240","text":"Asserting","type":"YA","timestamp":"2023-11-09 14:08:37"},{"nodeID":"1350241","text":"Default Transition","type":"TA","timestamp":"2023-11-09 14:08:37"},{"nodeID":"1350242","text":"Default Inference","type":"RA","timestamp":"2023-11-09 14:08:37"},{"nodeID":"1350243","text":"Arguing","type":"YA","timestamp":"2023-11-09 14:08:37"},{"nodeID":"1350244","text":"fossil fuels are leading to more and more emissions","type":"I","timestamp":"2023-11-09 14:08:37"},{"nodeID":"1350245","text":"Caroline Lucas: That is what is leading to more and more emissions","type":"L","timestamp":"2023-11-09 14:08:37"},{"nodeID":"1350246","text":"Analysing","type":"YA","timestamp":"2023-11-09 14:08:37"},{"nodeID":"1350247","text":"Anon: Caroline Lucas: That is what is leading to more and more emissions","type":"L","timestamp":"2023-11-09 14:08:37"},{"nodeID":"1350248","text":"Asserting","type":"YA","timestamp":"2023-11-09 14:08:37"},{"nodeID":"1350249","text":"Default Transition","type":"TA","timestamp":"2023-11-09 14:08:37"},{"nodeID":"1350250","text":"Default Inference","type":"RA","timestamp":"2023-11-09 14:08:37"},{"nodeID":"1350251","text":"Arguing","type":"YA","timestamp":"2023-11-09 14:08:37"},{"nodeID":"1350252","text":"gas is going to be a transition fuel through the 2030s","type":"I","timestamp":"2023-11-09 14:08:38"},{"nodeID":"1350253","text":"Mark Harper: gas is going to be a transition fuel through the 2030s","type":"L","timestamp":"2023-11-09 14:08:38"},{"nodeID":"1350254","text":"Analysing","type":"YA","timestamp":"2023-11-09 14:08:38"},{"nodeID":"1350255","text":"Anon: Mark Harper: gas is going to be a transition fuel through the 2030s","type":"L","timestamp":"2023-11-09 14:08:38"},{"nodeID":"1350256","text":"Asserting","type":"YA","timestamp":"2023-11-09 14:08:38"},{"nodeID":"1350257","text":"Default Conflict","type":"CA","timestamp":"2023-11-09 14:08:38"},{"nodeID":"1350258","text":"Default Transition","type":"TA","timestamp":"2023-11-09 14:08:38"},{"nodeID":"1350259","text":"Disagreeing","type":"YA","timestamp":"2023-11-09 14:08:38"},{"nodeID":"1350260","text":"you don\u2019t need more gas","type":"I","timestamp":"2023-11-09 14:08:39"},{"nodeID":"1350261","text":"Caroline Lucas: you don\u2019t need more of it","type":"L","timestamp":"2023-11-09 14:08:39"},{"nodeID":"1350262","text":"Analysing","type":"YA","timestamp":"2023-11-09 14:08:39"},{"nodeID":"1350263","text":"Anon: Caroline Lucas: you don\u2019t need more of it","type":"L","timestamp":"2023-11-09 14:08:39"},{"nodeID":"1350264","text":"Asserting","type":"YA","timestamp":"2023-11-09 14:08:39"},{"nodeID":"1350265","text":"Default Transition","type":"TA","timestamp":"2023-11-09 14:08:39"},{"nodeID":"1350266","text":"Default Conflict","type":"CA","timestamp":"2023-11-09 14:08:39"},{"nodeID":"1350267","text":"Disagreeing","type":"YA","timestamp":"2023-11-09 14:08:39"},{"nodeID":"1350268","text":"getting oil and gas out of the North Sea and using that is actually much better for the environment than shipping it half way around the world in shipping tankers","type":"I","timestamp":"2023-11-09 14:08:39"},{"nodeID":"1350269","text":"Mark Harper: getting oil and gas out of the North Sea and using that is actually much better for the environment than shipping it half way around the world in shipping tankers","type":"L","timestamp":"2023-11-09 14:08:39"},{"nodeID":"1350270","text":"Analysing","type":"YA","timestamp":"2023-11-09 14:08:39"},{"nodeID":"1350271","text":"Anon: Mark Harper: getting oil and gas out of the North Sea and using that is actually much better for the environment than shipping it half way around the world in shipping tankers","type":"L","timestamp":"2023-11-09 14:08:39"},{"nodeID":"1350272","text":"Asserting","type":"YA","timestamp":"2023-11-09 14:08:39"},{"nodeID":"1350273","text":"Default Conflict","type":"CA","timestamp":"2023-11-09 14:08:39"},{"nodeID":"1350274","text":"Default Transition","type":"TA","timestamp":"2023-11-09 14:08:39"},{"nodeID":"1350275","text":"Disagreeing","type":"YA","timestamp":"2023-11-09 14:08:39"},{"nodeID":"1350276","text":"shipping oil and gas halfway across the world is very environmentally damaging","type":"I","timestamp":"2023-11-09 14:08:40"},{"nodeID":"1350277","text":"Mark Harper: That is very environmentally damaging","type":"L","timestamp":"2023-11-09 14:08:40"},{"nodeID":"1350278","text":"Analysing","type":"YA","timestamp":"2023-11-09 14:08:40"},{"nodeID":"1350279","text":"Anon: Mark Harper: That is very environmentally damaging","type":"L","timestamp":"2023-11-09 14:08:40"},{"nodeID":"1350280","text":"Asserting","type":"YA","timestamp":"2023-11-09 14:08:40"},{"nodeID":"1350281","text":"Default Transition","type":"TA","timestamp":"2023-11-09 14:08:40"},{"nodeID":"1350282","text":"Default Inference","type":"RA","timestamp":"2023-11-09 14:08:40"},{"nodeID":"1350283","text":"Arguing","type":"YA","timestamp":"2023-11-09 14:08:40"},{"nodeID":"1350284","text":"it is much better to use our own oil and gas and not be beholden to dictators like Vladimir Putin","type":"I","timestamp":"2023-11-09 14:08:41"},{"nodeID":"1350285","text":"Mark Harper: Much better to use our own and not be beholden to dictators like Vladimir Putin","type":"L","timestamp":"2023-11-09 14:08:41"},{"nodeID":"1350286","text":"Analysing","type":"YA","timestamp":"2023-11-09 14:08:41"},{"nodeID":"1350287","text":"Anon: Mark Harper: Much better to use our own and not be beholden to dictators like Vladimir Putin","type":"L","timestamp":"2023-11-09 14:08:41"},{"nodeID":"1350288","text":"Asserting","type":"YA","timestamp":"2023-11-09 14:08:41"},{"nodeID":"1350289","text":"Default Conflict","type":"CA","timestamp":"2023-11-09 14:08:41"},{"nodeID":"1350290","text":"Default Transition","type":"TA","timestamp":"2023-11-09 14:08:41"},{"nodeID":"1350291","text":"Disagreeing","type":"YA","timestamp":"2023-11-09 14:08:41"},{"nodeID":"1350292","text":"there\u2019s no guarantee that our own oil and gas will even be used","type":"I","timestamp":"2023-11-09 14:08:41"},{"nodeID":"1350293","text":"Caroline Lucas: There\u2019s no guarantee that it\u2019ll even be used","type":"L","timestamp":"2023-11-09 14:08:41"},{"nodeID":"1350294","text":"Analysing","type":"YA","timestamp":"2023-11-09 14:08:41"},{"nodeID":"1350295","text":"Anon: Caroline Lucas: There\u2019s no guarantee that it\u2019ll even be used","type":"L","timestamp":"2023-11-09 14:08:41"},{"nodeID":"1350296","text":"Asserting","type":"YA","timestamp":"2023-11-09 14:08:41"},{"nodeID":"1350297","text":"Default Transition","type":"TA","timestamp":"2023-11-09 14:08:41"},{"nodeID":"1350298","text":"Default Conflict","type":"CA","timestamp":"2023-11-09 14:08:41"},{"nodeID":"1350299","text":"Disagreeing","type":"YA","timestamp":"2023-11-09 14:08:41"}],"edges":[{"edgeID":"1768584","fromID":"1350209","toID":"1350208","formEdgeID":null},{"edgeID":"1768585","fromID":"1350210","toID":"1350209","formEdgeID":null},{"edgeID":"1768586","fromID":"1350208","toID":"1350211","formEdgeID":null},{"edgeID":"1768587","fromID":"1350211","toID":"1350207","formEdgeID":null},{"edgeID":"1768588","fromID":"1350214","toID":"1350213","formEdgeID":null},{"edgeID":"1768589","fromID":"1350215","toID":"1350214","formEdgeID":null},{"edgeID":"1768590","fromID":"1350213","toID":"1350216","formEdgeID":null},{"edgeID":"1768591","fromID":"1350216","toID":"1350212","formEdgeID":null},{"edgeID":"1768592","fromID":"1350208","toID":"1350217","formEdgeID":null},{"edgeID":"1768593","fromID":"1350217","toID":"1350213","formEdgeID":null},{"edgeID":"1768594","fromID":"1350220","toID":"1350219","formEdgeID":null},{"edgeID":"1768595","fromID":"1350221","toID":"1350220","formEdgeID":null},{"edgeID":"1768596","fromID":"1350219","toID":"1350222","formEdgeID":null},{"edgeID":"1768597","fromID":"1350222","toID":"1350218","formEdgeID":null},{"edgeID":"1768598","fromID":"1350213","toID":"1350223","formEdgeID":null},{"edgeID":"1768599","fromID":"1350223","toID":"1350219","formEdgeID":null},{"edgeID":"1768600","fromID":"1350218","toID":"1350224","formEdgeID":null},{"edgeID":"1768601","fromID":"1350224","toID":"1350212","formEdgeID":null},{"edgeID":"1768602","fromID":"1350223","toID":"1350225","formEdgeID":null},{"edgeID":"1768603","fromID":"1350225","toID":"1350224","formEdgeID":null},{"edgeID":"1768604","fromID":"1350212","toID":"1350226","formEdgeID":null},{"edgeID":"1768605","fromID":"1350226","toID":"1350207","formEdgeID":null},{"edgeID":"1768606","fromID":"1350217","toID":"1350227","formEdgeID":null},{"edgeID":"1768607","fromID":"1350227","toID":"1350226","formEdgeID":null},{"edgeID":"1768608","fromID":"1350230","toID":"1350229","formEdgeID":null},{"edgeID":"1768609","fromID":"1350231","toID":"1350230","formEdgeID":null},{"edgeID":"1768610","fromID":"1350229","toID":"1350232","formEdgeID":null},{"edgeID":"1768611","fromID":"1350232","toID":"1350228","formEdgeID":null},{"edgeID":"1768612","fromID":"1350228","toID":"1350233","formEdgeID":null},{"edgeID":"1768613","fromID":"1350233","toID":"1350207","formEdgeID":null},{"edgeID":"1768614","fromID":"1350208","toID":"1350234","formEdgeID":null},{"edgeID":"1768615","fromID":"1350234","toID":"1350229","formEdgeID":null},{"edgeID":"1768616","fromID":"1350234","toID":"1350235","formEdgeID":null},{"edgeID":"1768617","fromID":"1350235","toID":"1350233","formEdgeID":null},{"edgeID":"1768618","fromID":"1350238","toID":"1350237","formEdgeID":null},{"edgeID":"1768619","fromID":"1350239","toID":"1350238","formEdgeID":null},{"edgeID":"1768620","fromID":"1350237","toID":"1350240","formEdgeID":null},{"edgeID":"1768621","fromID":"1350240","toID":"1350236","formEdgeID":null},{"edgeID":"1768622","fromID":"1350229","toID":"1350241","formEdgeID":null},{"edgeID":"1768623","fromID":"1350241","toID":"1350237","formEdgeID":null},{"edgeID":"1768624","fromID":"1350228","toID":"1350242","formEdgeID":null},{"edgeID":"1768625","fromID":"1350242","toID":"1350236","formEdgeID":null},{"edgeID":"1768626","fromID":"1350241","toID":"1350243","formEdgeID":null},{"edgeID":"1768627","fromID":"1350243","toID":"1350242","formEdgeID":null},{"edgeID":"1768628","fromID":"1350246","toID":"1350245","formEdgeID":null},{"edgeID":"1768629","fromID":"1350247","toID":"1350246","formEdgeID":null},{"edgeID":"1768630","fromID":"1350245","toID":"1350248","formEdgeID":null},{"edgeID":"1768631","fromID":"1350248","toID":"1350244","formEdgeID":null},{"edgeID":"1768632","fromID":"1350237","toID":"1350249","formEdgeID":null},{"edgeID":"1768633","fromID":"1350249","toID":"1350245","formEdgeID":null},{"edgeID":"1768634","fromID":"1350244","toID":"1350250","formEdgeID":null},{"edgeID":"1768635","fromID":"1350250","toID":"1350236","formEdgeID":null},{"edgeID":"1768636","fromID":"1350249","toID":"1350251","formEdgeID":null},{"edgeID":"1768637","fromID":"1350251","toID":"1350250","formEdgeID":null},{"edgeID":"1768638","fromID":"1350254","toID":"1350253","formEdgeID":null},{"edgeID":"1768639","fromID":"1350255","toID":"1350254","formEdgeID":null},{"edgeID":"1768640","fromID":"1350253","toID":"1350256","formEdgeID":null},{"edgeID":"1768641","fromID":"1350256","toID":"1350252","formEdgeID":null},{"edgeID":"1768642","fromID":"1350252","toID":"1350257","formEdgeID":null},{"edgeID":"1768643","fromID":"1350257","toID":"1350236","formEdgeID":null},{"edgeID":"1768644","fromID":"1350237","toID":"1350258","formEdgeID":null},{"edgeID":"1768645","fromID":"1350258","toID":"1350253","formEdgeID":null},{"edgeID":"1768646","fromID":"1350258","toID":"1350259","formEdgeID":null},{"edgeID":"1768647","fromID":"1350259","toID":"1350257","formEdgeID":null},{"edgeID":"1768648","fromID":"1350262","toID":"1350261","formEdgeID":null},{"edgeID":"1768649","fromID":"1350263","toID":"1350262","formEdgeID":null},{"edgeID":"1768650","fromID":"1350261","toID":"1350264","formEdgeID":null},{"edgeID":"1768651","fromID":"1350264","toID":"1350260","formEdgeID":null},{"edgeID":"1768652","fromID":"1350253","toID":"1350265","formEdgeID":null},{"edgeID":"1768653","fromID":"1350265","toID":"1350261","formEdgeID":null},{"edgeID":"1768654","fromID":"1350260","toID":"1350266","formEdgeID":null},{"edgeID":"1768655","fromID":"1350266","toID":"1350252","formEdgeID":null},{"edgeID":"1768656","fromID":"1350265","toID":"1350267","formEdgeID":null},{"edgeID":"1768657","fromID":"1350267","toID":"1350266","formEdgeID":null},{"edgeID":"1768658","fromID":"1350270","toID":"1350269","formEdgeID":null},{"edgeID":"1768659","fromID":"1350271","toID":"1350270","formEdgeID":null},{"edgeID":"1768660","fromID":"1350269","toID":"1350272","formEdgeID":null},{"edgeID":"1768661","fromID":"1350272","toID":"1350268","formEdgeID":null},{"edgeID":"1768662","fromID":"1350268","toID":"1350273","formEdgeID":null},{"edgeID":"1768663","fromID":"1350273","toID":"1350236","formEdgeID":null},{"edgeID":"1768664","fromID":"1350237","toID":"1350274","formEdgeID":null},{"edgeID":"1768665","fromID":"1350274","toID":"1350269","formEdgeID":null},{"edgeID":"1768666","fromID":"1350274","toID":"1350275","formEdgeID":null},{"edgeID":"1768667","fromID":"1350275","toID":"1350273","formEdgeID":null},{"edgeID":"1768668","fromID":"1350278","toID":"1350277","formEdgeID":null},{"edgeID":"1768669","fromID":"1350279","toID":"1350278","formEdgeID":null},{"edgeID":"1768670","fromID":"1350277","toID":"1350280","formEdgeID":null},{"edgeID":"1768671","fromID":"1350280","toID":"1350276","formEdgeID":null},{"edgeID":"1768672","fromID":"1350269","toID":"1350281","formEdgeID":null},{"edgeID":"1768673","fromID":"1350281","toID":"1350277","formEdgeID":null},{"edgeID":"1768674","fromID":"1350276","toID":"1350282","formEdgeID":null},{"edgeID":"1768675","fromID":"1350282","toID":"1350268","formEdgeID":null},{"edgeID":"1768676","fromID":"1350281","toID":"1350283","formEdgeID":null},{"edgeID":"1768677","fromID":"1350283","toID":"1350282","formEdgeID":null},{"edgeID":"1768678","fromID":"1350286","toID":"1350285","formEdgeID":null},{"edgeID":"1768679","fromID":"1350287","toID":"1350286","formEdgeID":null},{"edgeID":"1768680","fromID":"1350285","toID":"1350288","formEdgeID":null},{"edgeID":"1768681","fromID":"1350288","toID":"1350284","formEdgeID":null},{"edgeID":"1768682","fromID":"1350284","toID":"1350289","formEdgeID":null},{"edgeID":"1768683","fromID":"1350289","toID":"1350236","formEdgeID":null},{"edgeID":"1768684","fromID":"1350237","toID":"1350290","formEdgeID":null},{"edgeID":"1768685","fromID":"1350290","toID":"1350285","formEdgeID":null},{"edgeID":"1768686","fromID":"1350290","toID":"1350291","formEdgeID":null},{"edgeID":"1768687","fromID":"1350291","toID":"1350289","formEdgeID":null},{"edgeID":"1768688","fromID":"1350294","toID":"1350293","formEdgeID":null},{"edgeID":"1768689","fromID":"1350295","toID":"1350294","formEdgeID":null},{"edgeID":"1768690","fromID":"1350293","toID":"1350296","formEdgeID":null},{"edgeID":"1768691","fromID":"1350296","toID":"1350292","formEdgeID":null},{"edgeID":"1768692","fromID":"1350285","toID":"1350297","formEdgeID":null},{"edgeID":"1768693","fromID":"1350297","toID":"1350293","formEdgeID":null},{"edgeID":"1768694","fromID":"1350292","toID":"1350298","formEdgeID":null},{"edgeID":"1768695","fromID":"1350298","toID":"1350284","formEdgeID":null},{"edgeID":"1768696","fromID":"1350297","toID":"1350299","formEdgeID":null},{"edgeID":"1768697","fromID":"1350299","toID":"1350298","formEdgeID":null}],"locutions":[]}