{"nodes":[{"nodeID":"1353463","text":"Mark Harper: No, no, no","type":"L","timestamp":"2023-11-09 14:13:29"},{"nodeID":"1353464","text":"Caroline Lucas wants climate change protesters out there","type":"I","timestamp":"2023-11-09 14:13:30"},{"nodeID":"1353465","text":"Caroline Lucas: I want those protesters out there","type":"L","timestamp":"2023-11-09 14:13:30"},{"nodeID":"1353466","text":"Analysing","type":"YA","timestamp":"2023-11-09 14:13:30"},{"nodeID":"1353467","text":"Anon: Caroline Lucas: I want those protesters out there","type":"L","timestamp":"2023-11-09 14:13:30"},{"nodeID":"1353468","text":"Asserting","type":"YA","timestamp":"2023-11-09 14:13:30"},{"nodeID":"1353469","text":"peaceful protest is massively important","type":"I","timestamp":"2023-11-09 14:13:30"},{"nodeID":"1353470","text":"Caroline Lucas: peaceful protest is massively important","type":"L","timestamp":"2023-11-09 14:13:30"},{"nodeID":"1353471","text":"Analysing","type":"YA","timestamp":"2023-11-09 14:13:30"},{"nodeID":"1353472","text":"Anon: Caroline Lucas: peaceful protest is massively important","type":"L","timestamp":"2023-11-09 14:13:30"},{"nodeID":"1353473","text":"Asserting","type":"YA","timestamp":"2023-11-09 14:13:30"},{"nodeID":"1353474","text":"Default Transition","type":"TA","timestamp":"2023-11-09 14:13:30"},{"nodeID":"1353475","text":"peaceful protest is hugely under attack by this government","type":"I","timestamp":"2023-11-09 14:13:31"},{"nodeID":"1353476","text":"Caroline Lucas: it\u2019s hugely under attack by this government","type":"L","timestamp":"2023-11-09 14:13:31"},{"nodeID":"1353477","text":"Analysing","type":"YA","timestamp":"2023-11-09 14:13:31"},{"nodeID":"1353478","text":"Anon: Caroline Lucas: it\u2019s hugely under attack by this government","type":"L","timestamp":"2023-11-09 14:13:31"},{"nodeID":"1353479","text":"Asserting","type":"YA","timestamp":"2023-11-09 14:13:31"},{"nodeID":"1353480","text":"Default Transition","type":"TA","timestamp":"2023-11-09 14:13:31"},{"nodeID":"1353481","text":"Default Conflict","type":"CA","timestamp":"2023-11-09 14:13:31"},{"nodeID":"1353482","text":"Disagreeing","type":"YA","timestamp":"2023-11-09 14:13:31"},{"nodeID":"1353483","text":"Analysing","type":"YA","timestamp":"2023-11-09 14:13:31"},{"nodeID":"1353484","text":"Anon: Mark Harper: No, no, no","type":"L","timestamp":"2023-11-09 14:13:31"},{"nodeID":"1353485","text":"Default Transition","type":"TA","timestamp":"2023-11-09 14:13:31"},{"nodeID":"1353486","text":"Disagreeing","type":"YA","timestamp":"2023-11-09 14:13:31"},{"nodeID":"1353487","text":"Caroline Lucas: It is","type":"L","timestamp":"2023-11-09 14:13:31"},{"nodeID":"1353488","text":"Analysing","type":"YA","timestamp":"2023-11-09 14:13:31"},{"nodeID":"1353489","text":"Anon: Caroline Lucas: It is","type":"L","timestamp":"2023-11-09 14:13:31"},{"nodeID":"1353490","text":"Asserting","type":"YA","timestamp":"2023-11-09 14:13:31"},{"nodeID":"1353491","text":"Default Rephrase","type":"MA","timestamp":"2023-11-09 14:13:31"},{"nodeID":"1353492","text":"Default Transition","type":"TA","timestamp":"2023-11-09 14:13:31"},{"nodeID":"1353493","text":"Restating","type":"YA","timestamp":"2023-11-09 14:13:31"},{"nodeID":"1353494","text":"Theo Paphitis does not mind protest","type":"I","timestamp":"2023-11-09 14:13:31"},{"nodeID":"1353495","text":"Theo Paphitis: I don\u2019t mind that","type":"L","timestamp":"2023-11-09 14:13:31"},{"nodeID":"1353496","text":"Analysing","type":"YA","timestamp":"2023-11-09 14:13:31"},{"nodeID":"1353497","text":"Anon: Theo Paphitis: I don\u2019t mind that","type":"L","timestamp":"2023-11-09 14:13:31"},{"nodeID":"1353498","text":"Asserting","type":"YA","timestamp":"2023-11-09 14:13:31"},{"nodeID":"1353499","text":"Default Transition","type":"TA","timestamp":"2023-11-09 14:13:31"},{"nodeID":"1353500","text":"Theo Paphitis doesn't mind protest as long as it is peaceful","type":"I","timestamp":"2023-11-09 14:13:32"},{"nodeID":"1353501","text":"Theo Paphitis: I don\u2019t mind as long as it is peaceful","type":"L","timestamp":"2023-11-09 14:13:32"},{"nodeID":"1353502","text":"Analysing","type":"YA","timestamp":"2023-11-09 14:13:32"},{"nodeID":"1353503","text":"Anon: Theo Paphitis: I don\u2019t mind as long as it is peaceful","type":"L","timestamp":"2023-11-09 14:13:32"},{"nodeID":"1353504","text":"Asserting","type":"YA","timestamp":"2023-11-09 14:13:32"},{"nodeID":"1353505","text":"Default Transition","type":"TA","timestamp":"2023-11-09 14:13:32"},{"nodeID":"1353506","text":"Default Rephrase","type":"MA","timestamp":"2023-11-09 14:13:32"},{"nodeID":"1353507","text":"Restating","type":"YA","timestamp":"2023-11-09 14:13:32"},{"nodeID":"1353508","text":"Caroline Lucas considers recent protests to be peaceful","type":"I","timestamp":"2023-11-09 14:13:33"},{"nodeID":"1353509","text":"Theo Paphitis: You consider it to be peaceful","type":"L","timestamp":"2023-11-09 14:13:33"},{"nodeID":"1353510","text":"Analysing","type":"YA","timestamp":"2023-11-09 14:13:33"},{"nodeID":"1353511","text":"Anon: Theo Paphitis: You consider it to be peaceful","type":"L","timestamp":"2023-11-09 14:13:33"},{"nodeID":"1353512","text":"Asserting","type":"YA","timestamp":"2023-11-09 14:13:33"},{"nodeID":"1353513","text":"Default Transition","type":"TA","timestamp":"2023-11-09 14:13:33"},{"nodeID":"1353514","text":"policemen get injured, people get injured, drivers get injured","type":"I","timestamp":"2023-11-09 14:13:33"},{"nodeID":"1353515","text":"Theo Paphitis: policemen get injured, people get injured, drivers get injured","type":"L","timestamp":"2023-11-09 14:13:33"},{"nodeID":"1353516","text":"Analysing","type":"YA","timestamp":"2023-11-09 14:13:33"},{"nodeID":"1353517","text":"Anon: Theo Paphitis: policemen get injured, people get injured, drivers get injured","type":"L","timestamp":"2023-11-09 14:13:33"},{"nodeID":"1353518","text":"Asserting","type":"YA","timestamp":"2023-11-09 14:13:33"},{"nodeID":"1353519","text":"Default Transition","type":"TA","timestamp":"2023-11-09 14:13:33"},{"nodeID":"1353520","text":"we have massive congestion on the road, inconvenience, people not being able to get to hospital appointments running our lives","type":"I","timestamp":"2023-11-09 14:13:34"},{"nodeID":"1353521","text":"Theo Paphitis: we have massive congestion on the road, inconvenience, people not being able to get to hospital appointments running our lives","type":"L","timestamp":"2023-11-09 14:13:34"},{"nodeID":"1353522","text":"Analysing","type":"YA","timestamp":"2023-11-09 14:13:34"},{"nodeID":"1353523","text":"Anon: Theo Paphitis: we have massive congestion on the road, inconvenience, people not being able to get to hospital appointments running our lives","type":"L","timestamp":"2023-11-09 14:13:34"},{"nodeID":"1353524","text":"Asserting","type":"YA","timestamp":"2023-11-09 14:13:34"},{"nodeID":"1353525","text":"Default Transition","type":"TA","timestamp":"2023-11-09 14:13:34"},{"nodeID":"1353526","text":"Default Inference","type":"RA","timestamp":"2023-11-09 14:13:34"},{"nodeID":"1353527","text":"Arguing","type":"YA","timestamp":"2023-11-09 14:13:34"},{"nodeID":"1353528","text":"Default Conflict","type":"CA","timestamp":"2023-11-09 14:13:34"},{"nodeID":"1353529","text":"Disagreeing","type":"YA","timestamp":"2023-11-09 14:13:34"},{"nodeID":"1353530","text":"Caroline Lucas considers the fallout damage peaceful","type":"I","timestamp":"2023-11-09 14:13:35"},{"nodeID":"1353531","text":"Theo Paphitis: you consider the fallout damage peaceful","type":"L","timestamp":"2023-11-09 14:13:35"},{"nodeID":"1353532","text":"Analysing","type":"YA","timestamp":"2023-11-09 14:13:35"},{"nodeID":"1353533","text":"Anon: Theo Paphitis: you consider the fallout damage peaceful","type":"L","timestamp":"2023-11-09 14:13:35"},{"nodeID":"1353534","text":"Asserting","type":"YA","timestamp":"2023-11-09 14:13:35"},{"nodeID":"1353535","text":"Default Rephrase","type":"MA","timestamp":"2023-11-09 14:13:35"},{"nodeID":"1353536","text":"Default Transition","type":"TA","timestamp":"2023-11-09 14:13:35"},{"nodeID":"1353537","text":"Restating","type":"YA","timestamp":"2023-11-09 14:13:35"},{"nodeID":"1353538","text":"protesters should just chain themselves to Westminster where all the politicians sit and get politicians that the tax payer is paying to concentrate on doing their job properly rather than protesters inconveniencing the rest of the nation","type":"I","timestamp":"2023-11-09 14:13:35"},{"nodeID":"1353539","text":"Theo Paphitis: why don\u2019t they just chain themselves to Westminster where all you politicians sit and get you guys that we\u2019re paying you to concentrate on doing your job properly rather than inconveniencing the rest of the nation","type":"L","timestamp":"2023-11-09 14:13:35"},{"nodeID":"1353540","text":"Analysing","type":"YA","timestamp":"2023-11-09 14:13:35"},{"nodeID":"1353541","text":"Anon: Theo Paphitis: why don\u2019t they just chain themselves to Westminster where all you politicians sit and get you guys that we\u2019re paying you to concentrate on doing your job properly rather than inconveniencing the rest of the nation","type":"L","timestamp":"2023-11-09 14:13:35"},{"nodeID":"1353542","text":"Rhetorical Questioning","type":"YA","timestamp":"2023-11-09 14:13:35"},{"nodeID":"1353543","text":"Default Transition","type":"TA","timestamp":"2023-11-09 14:13:35"},{"nodeID":"1353544","text":"Default Inference","type":"RA","timestamp":"2023-11-09 14:13:35"},{"nodeID":"1353545","text":"Arguing","type":"YA","timestamp":"2023-11-09 14:13:35"}],"edges":[{"edgeID":"1772468","fromID":"1353466","toID":"1353465","formEdgeID":null},{"edgeID":"1772469","fromID":"1353467","toID":"1353466","formEdgeID":null},{"edgeID":"1772470","fromID":"1353465","toID":"1353468","formEdgeID":null},{"edgeID":"1772471","fromID":"1353468","toID":"1353464","formEdgeID":null},{"edgeID":"1772472","fromID":"1353471","toID":"1353470","formEdgeID":null},{"edgeID":"1772473","fromID":"1353472","toID":"1353471","formEdgeID":null},{"edgeID":"1772474","fromID":"1353470","toID":"1353473","formEdgeID":null},{"edgeID":"1772475","fromID":"1353473","toID":"1353469","formEdgeID":null},{"edgeID":"1772476","fromID":"1353465","toID":"1353474","formEdgeID":null},{"edgeID":"1772477","fromID":"1353474","toID":"1353470","formEdgeID":null},{"edgeID":"1772478","fromID":"1353477","toID":"1353476","formEdgeID":null},{"edgeID":"1772479","fromID":"1353478","toID":"1353477","formEdgeID":null},{"edgeID":"1772480","fromID":"1353476","toID":"1353479","formEdgeID":null},{"edgeID":"1772481","fromID":"1353479","toID":"1353475","formEdgeID":null},{"edgeID":"1772482","fromID":"1353470","toID":"1353480","formEdgeID":null},{"edgeID":"1772483","fromID":"1353480","toID":"1353476","formEdgeID":null},{"edgeID":"1772484","fromID":"1353475","toID":"1353481","formEdgeID":null},{"edgeID":"1772485","fromID":"1353481","toID":"1353469","formEdgeID":null},{"edgeID":"1772486","fromID":"1353480","toID":"1353482","formEdgeID":null},{"edgeID":"1772487","fromID":"1353482","toID":"1353481","formEdgeID":null},{"edgeID":"1772488","fromID":"1353483","toID":"1353463","formEdgeID":null},{"edgeID":"1772489","fromID":"1353484","toID":"1353483","formEdgeID":null},{"edgeID":"1772490","fromID":"1353476","toID":"1353485","formEdgeID":null},{"edgeID":"1772491","fromID":"1353485","toID":"1353463","formEdgeID":null},{"edgeID":"1772492","fromID":"1353485","toID":"1353486","formEdgeID":null},{"edgeID":"1772493","fromID":"1353486","toID":"1353475","formEdgeID":null},{"edgeID":"1772494","fromID":"1353488","toID":"1353487","formEdgeID":null},{"edgeID":"1772495","fromID":"1353489","toID":"1353488","formEdgeID":null},{"edgeID":"1772496","fromID":"1353487","toID":"1353490","formEdgeID":null},{"edgeID":"1772497","fromID":"1353490","toID":"1353475","formEdgeID":null},{"edgeID":"1772498","fromID":"1353475","toID":"1353491","formEdgeID":null},{"edgeID":"1772499","fromID":"1353491","toID":"1353475","formEdgeID":null},{"edgeID":"1772500","fromID":"1353476","toID":"1353492","formEdgeID":null},{"edgeID":"1772501","fromID":"1353492","toID":"1353487","formEdgeID":null},{"edgeID":"1772502","fromID":"1353492","toID":"1353493","formEdgeID":null},{"edgeID":"1772503","fromID":"1353493","toID":"1353491","formEdgeID":null},{"edgeID":"1772504","fromID":"1353496","toID":"1353495","formEdgeID":null},{"edgeID":"1772505","fromID":"1353497","toID":"1353496","formEdgeID":null},{"edgeID":"1772506","fromID":"1353495","toID":"1353498","formEdgeID":null},{"edgeID":"1772507","fromID":"1353498","toID":"1353494","formEdgeID":null},{"edgeID":"1772508","fromID":"1353487","toID":"1353499","formEdgeID":null},{"edgeID":"1772509","fromID":"1353499","toID":"1353495","formEdgeID":null},{"edgeID":"1772510","fromID":"1353502","toID":"1353501","formEdgeID":null},{"edgeID":"1772511","fromID":"1353503","toID":"1353502","formEdgeID":null},{"edgeID":"1772512","fromID":"1353501","toID":"1353504","formEdgeID":null},{"edgeID":"1772513","fromID":"1353504","toID":"1353500","formEdgeID":null},{"edgeID":"1772514","fromID":"1353495","toID":"1353505","formEdgeID":null},{"edgeID":"1772515","fromID":"1353505","toID":"1353501","formEdgeID":null},{"edgeID":"1772516","fromID":"1353500","toID":"1353506","formEdgeID":null},{"edgeID":"1772517","fromID":"1353506","toID":"1353494","formEdgeID":null},{"edgeID":"1772518","fromID":"1353505","toID":"1353507","formEdgeID":null},{"edgeID":"1772519","fromID":"1353507","toID":"1353506","formEdgeID":null},{"edgeID":"1772520","fromID":"1353510","toID":"1353509","formEdgeID":null},{"edgeID":"1772521","fromID":"1353511","toID":"1353510","formEdgeID":null},{"edgeID":"1772522","fromID":"1353509","toID":"1353512","formEdgeID":null},{"edgeID":"1772523","fromID":"1353512","toID":"1353508","formEdgeID":null},{"edgeID":"1772524","fromID":"1353501","toID":"1353513","formEdgeID":null},{"edgeID":"1772525","fromID":"1353513","toID":"1353509","formEdgeID":null},{"edgeID":"1772526","fromID":"1353516","toID":"1353515","formEdgeID":null},{"edgeID":"1772527","fromID":"1353517","toID":"1353516","formEdgeID":null},{"edgeID":"1772528","fromID":"1353515","toID":"1353518","formEdgeID":null},{"edgeID":"1772529","fromID":"1353518","toID":"1353514","formEdgeID":null},{"edgeID":"1772530","fromID":"1353509","toID":"1353519","formEdgeID":null},{"edgeID":"1772531","fromID":"1353519","toID":"1353515","formEdgeID":null},{"edgeID":"1772532","fromID":"1353522","toID":"1353521","formEdgeID":null},{"edgeID":"1772533","fromID":"1353523","toID":"1353522","formEdgeID":null},{"edgeID":"1772534","fromID":"1353521","toID":"1353524","formEdgeID":null},{"edgeID":"1772535","fromID":"1353524","toID":"1353520","formEdgeID":null},{"edgeID":"1772536","fromID":"1353515","toID":"1353525","formEdgeID":null},{"edgeID":"1772537","fromID":"1353525","toID":"1353521","formEdgeID":null},{"edgeID":"1772538","fromID":"1353514","toID":"1353526","formEdgeID":null},{"edgeID":"1772539","fromID":"1353526","toID":"1353520","formEdgeID":null},{"edgeID":"1772540","fromID":"1353525","toID":"1353527","formEdgeID":null},{"edgeID":"1772541","fromID":"1353527","toID":"1353526","formEdgeID":null},{"edgeID":"1772542","fromID":"1353514","toID":"1353528","formEdgeID":null},{"edgeID":"1772543","fromID":"1353528","toID":"1353508","formEdgeID":null},{"edgeID":"1772544","fromID":"1353519","toID":"1353529","formEdgeID":null},{"edgeID":"1772545","fromID":"1353529","toID":"1353528","formEdgeID":null},{"edgeID":"1772546","fromID":"1353532","toID":"1353531","formEdgeID":null},{"edgeID":"1772547","fromID":"1353533","toID":"1353532","formEdgeID":null},{"edgeID":"1772548","fromID":"1353531","toID":"1353534","formEdgeID":null},{"edgeID":"1772549","fromID":"1353534","toID":"1353530","formEdgeID":null},{"edgeID":"1772550","fromID":"1353530","toID":"1353535","formEdgeID":null},{"edgeID":"1772551","fromID":"1353535","toID":"1353508","formEdgeID":null},{"edgeID":"1772552","fromID":"1353509","toID":"1353536","formEdgeID":null},{"edgeID":"1772553","fromID":"1353536","toID":"1353531","formEdgeID":null},{"edgeID":"1772554","fromID":"1353536","toID":"1353537","formEdgeID":null},{"edgeID":"1772555","fromID":"1353537","toID":"1353535","formEdgeID":null},{"edgeID":"1772556","fromID":"1353540","toID":"1353539","formEdgeID":null},{"edgeID":"1772557","fromID":"1353541","toID":"1353540","formEdgeID":null},{"edgeID":"1772558","fromID":"1353539","toID":"1353542","formEdgeID":null},{"edgeID":"1772559","fromID":"1353542","toID":"1353538","formEdgeID":null},{"edgeID":"1772560","fromID":"1353531","toID":"1353543","formEdgeID":null},{"edgeID":"1772561","fromID":"1353543","toID":"1353539","formEdgeID":null},{"edgeID":"1772562","fromID":"1353469","toID":"1353544","formEdgeID":null},{"edgeID":"1772563","fromID":"1353544","toID":"1353464","formEdgeID":null},{"edgeID":"1772564","fromID":"1353474","toID":"1353545","formEdgeID":null},{"edgeID":"1772565","fromID":"1353545","toID":"1353544","formEdgeID":null}],"locutions":[]}