{"nodes":[{"nodeID":"1347461","text":"Mark Harper: no","type":"L","timestamp":"2023-11-09 14:04:04"},{"nodeID":"1347462","text":"most of the people Mark Harper works with in parliament are in politics for the right reasons","type":"I","timestamp":"2023-11-09 14:04:05"},{"nodeID":"1347463","text":"Mark Harper: Most of the people I work with in parliament are in politics for the right reasons","type":"L","timestamp":"2023-11-09 14:04:05"},{"nodeID":"1347464","text":"Analysing","type":"YA","timestamp":"2023-11-09 14:04:05"},{"nodeID":"1347465","text":"Nicole: Mark Harper: Most of the people I work with in parliament are in politics for the right reasons","type":"L","timestamp":"2023-11-09 14:04:05"},{"nodeID":"1347466","text":"Asserting","type":"YA","timestamp":"2023-11-09 14:04:05"},{"nodeID":"1347467","text":"people are in politics to try and improve the country","type":"I","timestamp":"2023-11-09 14:04:05"},{"nodeID":"1347468","text":"Mark Harper: they\u2019re there to try and improve the country","type":"L","timestamp":"2023-11-09 14:04:05"},{"nodeID":"1347469","text":"Analysing","type":"YA","timestamp":"2023-11-09 14:04:05"},{"nodeID":"1347470","text":"Nicole: Mark Harper: they\u2019re there to try and improve the country","type":"L","timestamp":"2023-11-09 14:04:05"},{"nodeID":"1347471","text":"Asserting","type":"YA","timestamp":"2023-11-09 14:04:05"},{"nodeID":"1347472","text":"Default Transition","type":"TA","timestamp":"2023-11-09 14:04:05"},{"nodeID":"1347473","text":"the panelists won\u2019t all agree with people in politics","type":"I","timestamp":"2023-11-09 14:04:06"},{"nodeID":"1347474","text":"Mark Harper: You won\u2019t all agree with them","type":"L","timestamp":"2023-11-09 14:04:06"},{"nodeID":"1347475","text":"Analysing","type":"YA","timestamp":"2023-11-09 14:04:06"},{"nodeID":"1347476","text":"Nicole: Mark Harper: You won\u2019t all agree with them","type":"L","timestamp":"2023-11-09 14:04:06"},{"nodeID":"1347477","text":"Asserting","type":"YA","timestamp":"2023-11-09 14:04:06"},{"nodeID":"1347478","text":"Default Transition","type":"TA","timestamp":"2023-11-09 14:04:06"},{"nodeID":"1347479","text":"we all have different views on the panel","type":"I","timestamp":"2023-11-09 14:04:07"},{"nodeID":"1347480","text":"Mark Harper: we all have different views on this panel","type":"L","timestamp":"2023-11-09 14:04:07"},{"nodeID":"1347481","text":"Analysing","type":"YA","timestamp":"2023-11-09 14:04:07"},{"nodeID":"1347482","text":"Nicole: Mark Harper: we all have different views on this panel","type":"L","timestamp":"2023-11-09 14:04:07"},{"nodeID":"1347483","text":"Asserting","type":"YA","timestamp":"2023-11-09 14:04:07"},{"nodeID":"1347484","text":"Default Transition","type":"TA","timestamp":"2023-11-09 14:04:07"},{"nodeID":"1347485","text":"Default Rephrase","type":"MA","timestamp":"2023-11-09 14:04:07"},{"nodeID":"1347486","text":"Restating","type":"YA","timestamp":"2023-11-09 14:04:07"},{"nodeID":"1347487","text":"we don\u2019t all go about trying to improve the country in the same way","type":"I","timestamp":"2023-11-09 14:04:07"},{"nodeID":"1347488","text":"Mark Harper: We don\u2019t all go about that in the same way","type":"L","timestamp":"2023-11-09 14:04:07"},{"nodeID":"1347489","text":"Analysing","type":"YA","timestamp":"2023-11-09 14:04:07"},{"nodeID":"1347490","text":"Nicole: Mark Harper: We don\u2019t all go about that in the same way","type":"L","timestamp":"2023-11-09 14:04:07"},{"nodeID":"1347491","text":"Asserting","type":"YA","timestamp":"2023-11-09 14:04:07"},{"nodeID":"1347492","text":"Default Transition","type":"TA","timestamp":"2023-11-09 14:04:07"},{"nodeID":"1347493","text":"Default Rephrase","type":"MA","timestamp":"2023-11-09 14:04:07"},{"nodeID":"1347494","text":"Restating","type":"YA","timestamp":"2023-11-09 14:04:07"},{"nodeID":"1347495","text":"we\u2019re all trying to do our best","type":"I","timestamp":"2023-11-09 14:04:08"},{"nodeID":"1347496","text":"Mark Harper:  we\u2019re all trying to do our best","type":"L","timestamp":"2023-11-09 14:04:08"},{"nodeID":"1347497","text":"Analysing","type":"YA","timestamp":"2023-11-09 14:04:08"},{"nodeID":"1347498","text":"Nicole: Mark Harper:  we\u2019re all trying to do our best","type":"L","timestamp":"2023-11-09 14:04:08"},{"nodeID":"1347499","text":"Asserting","type":"YA","timestamp":"2023-11-09 14:04:08"},{"nodeID":"1347500","text":"Default Transition","type":"TA","timestamp":"2023-11-09 14:04:08"},{"nodeID":"1347501","text":"we\u2019re all trying to do our best for the good of the country and put the country first","type":"I","timestamp":"2023-11-09 14:04:09"},{"nodeID":"1347502","text":"Mark Harper: we\u2019re all trying to do it for the good of the country and put the country first","type":"L","timestamp":"2023-11-09 14:04:09"},{"nodeID":"1347503","text":"Analysing","type":"YA","timestamp":"2023-11-09 14:04:09"},{"nodeID":"1347504","text":"Nicole: Mark Harper: we\u2019re all trying to do it for the good of the country and put the country first","type":"L","timestamp":"2023-11-09 14:04:09"},{"nodeID":"1347505","text":"Asserting","type":"YA","timestamp":"2023-11-09 14:04:09"},{"nodeID":"1347506","text":"we put our constituents first and our parties afterwards and then us at the end","type":"I","timestamp":"2023-11-09 14:04:11"},{"nodeID":"1347507","text":"Mark Harper: our constituents first and our parties afterwards and then us at the end","type":"L","timestamp":"2023-11-09 14:04:11"},{"nodeID":"1347508","text":"Analysing","type":"YA","timestamp":"2023-11-09 14:04:11"},{"nodeID":"1347509","text":"Nicole: Mark Harper: our constituents first and our parties afterwards and then us at the end","type":"L","timestamp":"2023-11-09 14:04:11"},{"nodeID":"1347510","text":"Asserting","type":"YA","timestamp":"2023-11-09 14:04:11"},{"nodeID":"1347511","text":"Default Transition","type":"TA","timestamp":"2023-11-09 14:04:11"},{"nodeID":"1347512","text":"Default Rephrase","type":"MA","timestamp":"2023-11-09 14:04:11"},{"nodeID":"1347513","text":"Restating","type":"YA","timestamp":"2023-11-09 14:04:11"},{"nodeID":"1347514","text":"Default Transition","type":"TA","timestamp":"2023-11-09 14:04:11"},{"nodeID":"1347515","text":"Default Rephrase","type":"MA","timestamp":"2023-11-09 14:04:11"},{"nodeID":"1347516","text":"Restating","type":"YA","timestamp":"2023-11-09 14:04:11"},{"nodeID":"1347517","text":"xxx is how Mark Harper is going to persuade the people in the room that don\u2019t believe that most people are in politics for the right reasons","type":"I","timestamp":"2023-11-09 14:04:13"},{"nodeID":"1347518","text":"Fiona Bruce: how are you going to persuade the people here that don\u2019t believe that","type":"L","timestamp":"2023-11-09 14:04:13"},{"nodeID":"1347519","text":"Analysing","type":"YA","timestamp":"2023-11-09 14:04:13"},{"nodeID":"1347520","text":"Nicole: Fiona Bruce: how are you going to persuade the people here that don\u2019t believe that","type":"L","timestamp":"2023-11-09 14:04:13"},{"nodeID":"1347521","text":"Pure Questioning","type":"YA","timestamp":"2023-11-09 14:04:13"},{"nodeID":"1347522","text":"Default Transition","type":"TA","timestamp":"2023-11-09 14:04:13"},{"nodeID":"1347523","text":"Mark Harper absolutely accepts that most people are in politics for the right reasons is not what people think","type":"I","timestamp":"2023-11-09 14:04:15"},{"nodeID":"1347524","text":"Mark Harper: I absolutely accept that\u2019s not what people think","type":"L","timestamp":"2023-11-09 14:04:15"},{"nodeID":"1347525","text":"Analysing","type":"YA","timestamp":"2023-11-09 14:04:15"},{"nodeID":"1347526","text":"Nicole: Mark Harper: I absolutely accept that\u2019s not what people think","type":"L","timestamp":"2023-11-09 14:04:15"},{"nodeID":"1347527","text":"Asserting","type":"YA","timestamp":"2023-11-09 14:04:15"},{"nodeID":"1347528","text":"Default Transition","type":"TA","timestamp":"2023-11-09 14:04:15"},{"nodeID":"1347529","text":"Default Rephrase","type":"MA","timestamp":"2023-11-09 14:04:15"},{"nodeID":"1347530","text":"Default Illocuting","type":"YA","timestamp":"2023-11-09 14:04:15"},{"nodeID":"1347531","text":"it\u2019s healthy people are sceptical","type":"I","timestamp":"2023-11-09 14:04:16"},{"nodeID":"1347532","text":"Mark Harper: it\u2019s healthy people are sceptical","type":"L","timestamp":"2023-11-09 14:04:16"},{"nodeID":"1347533","text":"Analysing","type":"YA","timestamp":"2023-11-09 14:04:16"},{"nodeID":"1347534","text":"Nicole: Mark Harper: it\u2019s healthy people are sceptical","type":"L","timestamp":"2023-11-09 14:04:16"},{"nodeID":"1347535","text":"Asserting","type":"YA","timestamp":"2023-11-09 14:04:16"},{"nodeID":"1347536","text":"Default Transition","type":"TA","timestamp":"2023-11-09 14:04:16"},{"nodeID":"1347537","text":"it\u2019s bad when people are cynical","type":"I","timestamp":"2023-11-09 14:04:18"},{"nodeID":"1347538","text":"Mark Harper: it\u2019s bad when they\u2019re cynical","type":"L","timestamp":"2023-11-09 14:04:18"},{"nodeID":"1347539","text":"Analysing","type":"YA","timestamp":"2023-11-09 14:04:18"},{"nodeID":"1347540","text":"Nicole: Mark Harper: it\u2019s bad when they\u2019re cynical","type":"L","timestamp":"2023-11-09 14:04:18"},{"nodeID":"1347541","text":"Asserting","type":"YA","timestamp":"2023-11-09 14:04:18"},{"nodeID":"1347542","text":"Default Transition","type":"TA","timestamp":"2023-11-09 14:04:18"},{"nodeID":"1347543","text":"Default Rephrase","type":"MA","timestamp":"2023-11-09 14:04:18"},{"nodeID":"1347544","text":"Default Inference","type":"RA","timestamp":"2023-11-09 14:04:18"},{"nodeID":"1347545","text":"Arguing","type":"YA","timestamp":"2023-11-09 14:04:18"},{"nodeID":"1347546","text":"Restating","type":"YA","timestamp":"2023-11-09 14:04:18"},{"nodeID":"1347547","text":"we have to work harder every single day","type":"I","timestamp":"2023-11-09 14:04:20"},{"nodeID":"1347548","text":"Mark Harper: we have to work harder every single day","type":"L","timestamp":"2023-11-09 14:04:20"},{"nodeID":"1347549","text":"Analysing","type":"YA","timestamp":"2023-11-09 14:04:20"},{"nodeID":"1347550","text":"Nicole: Mark Harper: we have to work harder every single day","type":"L","timestamp":"2023-11-09 14:04:20"},{"nodeID":"1347551","text":"Asserting","type":"YA","timestamp":"2023-11-09 14:04:20"},{"nodeID":"1347552","text":"Default Transition","type":"TA","timestamp":"2023-11-09 14:04:20"},{"nodeID":"1347553","text":"there\u2019s lots of evidence to think like that","type":"I","timestamp":"2023-11-09 14:04:22"},{"nodeID":"1347554","text":"Theo Paphitis: There\u2019s lots of evidence to think like that","type":"L","timestamp":"2023-11-09 14:04:22"},{"nodeID":"1347555","text":"Analysing","type":"YA","timestamp":"2023-11-09 14:04:22"},{"nodeID":"1347556","text":"Nicole: Theo Paphitis: There\u2019s lots of evidence to think like that","type":"L","timestamp":"2023-11-09 14:04:22"},{"nodeID":"1347557","text":"Asserting","type":"YA","timestamp":"2023-11-09 14:04:22"},{"nodeID":"1347558","text":"Default Transition","type":"TA","timestamp":"2023-11-09 14:04:22"},{"nodeID":"1347559","text":"Analysing","type":"YA","timestamp":"2023-11-09 14:04:22"},{"nodeID":"1347560","text":"Nicole: Mark Harper: No","type":"L","timestamp":"2023-11-09 14:04:22"},{"nodeID":"1347561","text":"Default Transition","type":"TA","timestamp":"2023-11-09 14:04:22"},{"nodeID":"1347562","text":"Disagreeing","type":"YA","timestamp":"2023-11-09 14:04:22"},{"nodeID":"1347563","text":"one of the things the Prime Minister\u2019s going to try and do is to get back to governing in a calm, sensible way where people can see that even if they don\u2019t agree with the decisions there\u2019s been thought and care, proper analysis in there and that we\u2019re really trying to do the right thing","type":"I","timestamp":"2023-11-09 14:04:24"},{"nodeID":"1347564","text":"Mark Harper: One of the things the Prime Minister\u2019s going to try and do is to get back to governing in a calm, sensible way where people can see that even if they don\u2019t agree with the decisions there\u2019s been thought and care, proper analysis in there and that we\u2019re really trying to do the right thing","type":"L","timestamp":"2023-11-09 14:04:24"},{"nodeID":"1347565","text":"Analysing","type":"YA","timestamp":"2023-11-09 14:04:24"},{"nodeID":"1347566","text":"Nicole: Mark Harper: One of the things the Prime Minister\u2019s going to try and do is to get back to governing in a calm, sensible way where people can see that even if they don\u2019t agree with the decisions there\u2019s been thought and care, proper analysis in there and that we\u2019re really trying to do the right thing","type":"L","timestamp":"2023-11-09 14:04:24"},{"nodeID":"1347567","text":"Asserting","type":"YA","timestamp":"2023-11-09 14:04:24"},{"nodeID":"1347568","text":"Default Transition","type":"TA","timestamp":"2023-11-09 14:04:24"},{"nodeID":"1347569","text":"Default Conflict","type":"CA","timestamp":"2023-11-09 14:04:24"},{"nodeID":"1347570","text":"Disagreeing","type":"YA","timestamp":"2023-11-09 14:04:24"},{"nodeID":"1347571","text":"Default Rephrase","type":"MA","timestamp":"2023-11-09 14:04:24"},{"nodeID":"1347572","text":"Restating","type":"YA","timestamp":"2023-11-09 14:04:24"},{"nodeID":"1347573","text":"Default Rephrase","type":"MA","timestamp":"2023-11-09 14:04:24"},{"nodeID":"1347574","text":"Restating","type":"YA","timestamp":"2023-11-09 14:04:24"}],"edges":[{"edgeID":"1765346","fromID":"1347464","toID":"1347463","formEdgeID":null},{"edgeID":"1765347","fromID":"1347465","toID":"1347464","formEdgeID":null},{"edgeID":"1765348","fromID":"1347463","toID":"1347466","formEdgeID":null},{"edgeID":"1765349","fromID":"1347466","toID":"1347462","formEdgeID":null},{"edgeID":"1765350","fromID":"1347469","toID":"1347468","formEdgeID":null},{"edgeID":"1765351","fromID":"1347470","toID":"1347469","formEdgeID":null},{"edgeID":"1765352","fromID":"1347468","toID":"1347471","formEdgeID":null},{"edgeID":"1765353","fromID":"1347471","toID":"1347467","formEdgeID":null},{"edgeID":"1765354","fromID":"1347463","toID":"1347472","formEdgeID":null},{"edgeID":"1765355","fromID":"1347472","toID":"1347468","formEdgeID":null},{"edgeID":"1765356","fromID":"1347475","toID":"1347474","formEdgeID":null},{"edgeID":"1765357","fromID":"1347476","toID":"1347475","formEdgeID":null},{"edgeID":"1765358","fromID":"1347474","toID":"1347477","formEdgeID":null},{"edgeID":"1765359","fromID":"1347477","toID":"1347473","formEdgeID":null},{"edgeID":"1765360","fromID":"1347468","toID":"1347478","formEdgeID":null},{"edgeID":"1765361","fromID":"1347478","toID":"1347474","formEdgeID":null},{"edgeID":"1765362","fromID":"1347481","toID":"1347480","formEdgeID":null},{"edgeID":"1765363","fromID":"1347482","toID":"1347481","formEdgeID":null},{"edgeID":"1765364","fromID":"1347480","toID":"1347483","formEdgeID":null},{"edgeID":"1765365","fromID":"1347483","toID":"1347479","formEdgeID":null},{"edgeID":"1765366","fromID":"1347474","toID":"1347484","formEdgeID":null},{"edgeID":"1765367","fromID":"1347484","toID":"1347480","formEdgeID":null},{"edgeID":"1765368","fromID":"1347479","toID":"1347485","formEdgeID":null},{"edgeID":"1765369","fromID":"1347485","toID":"1347473","formEdgeID":null},{"edgeID":"1765370","fromID":"1347484","toID":"1347486","formEdgeID":null},{"edgeID":"1765371","fromID":"1347486","toID":"1347485","formEdgeID":null},{"edgeID":"1765372","fromID":"1347489","toID":"1347488","formEdgeID":null},{"edgeID":"1765373","fromID":"1347490","toID":"1347489","formEdgeID":null},{"edgeID":"1765374","fromID":"1347488","toID":"1347491","formEdgeID":null},{"edgeID":"1765375","fromID":"1347491","toID":"1347487","formEdgeID":null},{"edgeID":"1765376","fromID":"1347468","toID":"1347492","formEdgeID":null},{"edgeID":"1765377","fromID":"1347492","toID":"1347488","formEdgeID":null},{"edgeID":"1765378","fromID":"1347487","toID":"1347493","formEdgeID":null},{"edgeID":"1765379","fromID":"1347493","toID":"1347467","formEdgeID":null},{"edgeID":"1765380","fromID":"1347492","toID":"1347494","formEdgeID":null},{"edgeID":"1765381","fromID":"1347494","toID":"1347493","formEdgeID":null},{"edgeID":"1765382","fromID":"1347497","toID":"1347496","formEdgeID":null},{"edgeID":"1765383","fromID":"1347498","toID":"1347497","formEdgeID":null},{"edgeID":"1765384","fromID":"1347496","toID":"1347499","formEdgeID":null},{"edgeID":"1765385","fromID":"1347499","toID":"1347495","formEdgeID":null},{"edgeID":"1765386","fromID":"1347488","toID":"1347500","formEdgeID":null},{"edgeID":"1765387","fromID":"1347500","toID":"1347496","formEdgeID":null},{"edgeID":"1765388","fromID":"1347503","toID":"1347502","formEdgeID":null},{"edgeID":"1765389","fromID":"1347504","toID":"1347503","formEdgeID":null},{"edgeID":"1765390","fromID":"1347502","toID":"1347505","formEdgeID":null},{"edgeID":"1765391","fromID":"1347505","toID":"1347501","formEdgeID":null},{"edgeID":"1765392","fromID":"1347508","toID":"1347507","formEdgeID":null},{"edgeID":"1765393","fromID":"1347509","toID":"1347508","formEdgeID":null},{"edgeID":"1765394","fromID":"1347507","toID":"1347510","formEdgeID":null},{"edgeID":"1765395","fromID":"1347510","toID":"1347506","formEdgeID":null},{"edgeID":"1765396","fromID":"1347502","toID":"1347511","formEdgeID":null},{"edgeID":"1765397","fromID":"1347511","toID":"1347507","formEdgeID":null},{"edgeID":"1765398","fromID":"1347506","toID":"1347512","formEdgeID":null},{"edgeID":"1765399","fromID":"1347512","toID":"1347501","formEdgeID":null},{"edgeID":"1765400","fromID":"1347511","toID":"1347513","formEdgeID":null},{"edgeID":"1765401","fromID":"1347513","toID":"1347512","formEdgeID":null},{"edgeID":"1765402","fromID":"1347496","toID":"1347514","formEdgeID":null},{"edgeID":"1765403","fromID":"1347514","toID":"1347502","formEdgeID":null},{"edgeID":"1765404","fromID":"1347501","toID":"1347515","formEdgeID":null},{"edgeID":"1765405","fromID":"1347515","toID":"1347495","formEdgeID":null},{"edgeID":"1765406","fromID":"1347514","toID":"1347516","formEdgeID":null},{"edgeID":"1765407","fromID":"1347516","toID":"1347515","formEdgeID":null},{"edgeID":"1765408","fromID":"1347519","toID":"1347518","formEdgeID":null},{"edgeID":"1765409","fromID":"1347520","toID":"1347519","formEdgeID":null},{"edgeID":"1765410","fromID":"1347518","toID":"1347521","formEdgeID":null},{"edgeID":"1765411","fromID":"1347521","toID":"1347517","formEdgeID":null},{"edgeID":"1765412","fromID":"1347507","toID":"1347522","formEdgeID":null},{"edgeID":"1765413","fromID":"1347522","toID":"1347518","formEdgeID":null},{"edgeID":"1765414","fromID":"1347525","toID":"1347524","formEdgeID":null},{"edgeID":"1765415","fromID":"1347526","toID":"1347525","formEdgeID":null},{"edgeID":"1765416","fromID":"1347524","toID":"1347527","formEdgeID":null},{"edgeID":"1765417","fromID":"1347527","toID":"1347523","formEdgeID":null},{"edgeID":"1765418","fromID":"1347518","toID":"1347528","formEdgeID":null},{"edgeID":"1765419","fromID":"1347528","toID":"1347524","formEdgeID":null},{"edgeID":"1765420","fromID":"1347523","toID":"1347529","formEdgeID":null},{"edgeID":"1765421","fromID":"1347529","toID":"1347517","formEdgeID":null},{"edgeID":"1765422","fromID":"1347528","toID":"1347530","formEdgeID":null},{"edgeID":"1765423","fromID":"1347530","toID":"1347529","formEdgeID":null},{"edgeID":"1765424","fromID":"1347533","toID":"1347532","formEdgeID":null},{"edgeID":"1765425","fromID":"1347534","toID":"1347533","formEdgeID":null},{"edgeID":"1765426","fromID":"1347532","toID":"1347535","formEdgeID":null},{"edgeID":"1765427","fromID":"1347535","toID":"1347531","formEdgeID":null},{"edgeID":"1765428","fromID":"1347524","toID":"1347536","formEdgeID":null},{"edgeID":"1765429","fromID":"1347536","toID":"1347532","formEdgeID":null},{"edgeID":"1765430","fromID":"1347539","toID":"1347538","formEdgeID":null},{"edgeID":"1765431","fromID":"1347540","toID":"1347539","formEdgeID":null},{"edgeID":"1765432","fromID":"1347538","toID":"1347541","formEdgeID":null},{"edgeID":"1765433","fromID":"1347541","toID":"1347537","formEdgeID":null},{"edgeID":"1765434","fromID":"1347532","toID":"1347542","formEdgeID":null},{"edgeID":"1765435","fromID":"1347542","toID":"1347538","formEdgeID":null},{"edgeID":"1765436","fromID":"1347537","toID":"1347543","formEdgeID":null},{"edgeID":"1765437","fromID":"1347543","toID":"1347531","formEdgeID":null},{"edgeID":"1765438","fromID":"1347531","toID":"1347544","formEdgeID":null},{"edgeID":"1765439","fromID":"1347544","toID":"1347523","formEdgeID":null},{"edgeID":"1765440","fromID":"1347536","toID":"1347545","formEdgeID":null},{"edgeID":"1765441","fromID":"1347545","toID":"1347544","formEdgeID":null},{"edgeID":"1765442","fromID":"1347542","toID":"1347546","formEdgeID":null},{"edgeID":"1765443","fromID":"1347546","toID":"1347543","formEdgeID":null},{"edgeID":"1765444","fromID":"1347549","toID":"1347548","formEdgeID":null},{"edgeID":"1765445","fromID":"1347550","toID":"1347549","formEdgeID":null},{"edgeID":"1765446","fromID":"1347548","toID":"1347551","formEdgeID":null},{"edgeID":"1765447","fromID":"1347551","toID":"1347547","formEdgeID":null},{"edgeID":"1765448","fromID":"1347538","toID":"1347552","formEdgeID":null},{"edgeID":"1765449","fromID":"1347552","toID":"1347548","formEdgeID":null},{"edgeID":"1765450","fromID":"1347555","toID":"1347554","formEdgeID":null},{"edgeID":"1765451","fromID":"1347556","toID":"1347555","formEdgeID":null},{"edgeID":"1765452","fromID":"1347554","toID":"1347557","formEdgeID":null},{"edgeID":"1765453","fromID":"1347557","toID":"1347553","formEdgeID":null},{"edgeID":"1765454","fromID":"1347548","toID":"1347558","formEdgeID":null},{"edgeID":"1765455","fromID":"1347558","toID":"1347554","formEdgeID":null},{"edgeID":"1765456","fromID":"1347559","toID":"1347461","formEdgeID":null},{"edgeID":"1765457","fromID":"1347560","toID":"1347559","formEdgeID":null},{"edgeID":"1765458","fromID":"1347554","toID":"1347561","formEdgeID":null},{"edgeID":"1765459","fromID":"1347561","toID":"1347461","formEdgeID":null},{"edgeID":"1765460","fromID":"1347561","toID":"1347562","formEdgeID":null},{"edgeID":"1765461","fromID":"1347562","toID":"1347553","formEdgeID":null},{"edgeID":"1765462","fromID":"1347565","toID":"1347564","formEdgeID":null},{"edgeID":"1765463","fromID":"1347566","toID":"1347565","formEdgeID":null},{"edgeID":"1765464","fromID":"1347564","toID":"1347567","formEdgeID":null},{"edgeID":"1765465","fromID":"1347567","toID":"1347563","formEdgeID":null},{"edgeID":"1765466","fromID":"1347554","toID":"1347568","formEdgeID":null},{"edgeID":"1765467","fromID":"1347568","toID":"1347564","formEdgeID":null},{"edgeID":"1765468","fromID":"1347563","toID":"1347569","formEdgeID":null},{"edgeID":"1765469","fromID":"1347569","toID":"1347553","formEdgeID":null},{"edgeID":"1765470","fromID":"1347568","toID":"1347570","formEdgeID":null},{"edgeID":"1765471","fromID":"1347570","toID":"1347569","formEdgeID":null},{"edgeID":"1765472","fromID":"1347467","toID":"1347571","formEdgeID":null},{"edgeID":"1765473","fromID":"1347571","toID":"1347462","formEdgeID":null},{"edgeID":"1765474","fromID":"1347472","toID":"1347572","formEdgeID":null},{"edgeID":"1765475","fromID":"1347572","toID":"1347571","formEdgeID":null},{"edgeID":"1765476","fromID":"1347573","toID":"1347487","formEdgeID":null},{"edgeID":"1765477","fromID":"1347495","toID":"1347573","formEdgeID":null},{"edgeID":"1765478","fromID":"1347500","toID":"1347574","formEdgeID":null},{"edgeID":"1765479","fromID":"1347574","toID":"1347573","formEdgeID":null}],"locutions":[]}