{"nodes":[{"nodeID":"1343560","text":"Theo Paphitis thinks what would be realistic is xxx","type":"I","timestamp":"2023-11-09 13:58:11"},{"nodeID":"1343561","text":"Fiona Bruce: What do you think would be realistic then","type":"L","timestamp":"2023-11-09 13:58:11"},{"nodeID":"1343562","text":"Analysing","type":"YA","timestamp":"2023-11-09 13:58:11"},{"nodeID":"1343563","text":"Dominika: Fiona Bruce: What do you think would be realistic then","type":"L","timestamp":"2023-11-09 13:58:11"},{"nodeID":"1343564","text":"Pure Questioning","type":"YA","timestamp":"2023-11-09 13:58:11"},{"nodeID":"1343565","text":"what also is not realistic is that we take people who have vocational careers and look after us for granted","type":"I","timestamp":"2023-11-09 13:58:11"},{"nodeID":"1343566","text":"Theo Paphitis: what also is not realistic is that we take people who have vocational careers and look after us for granted","type":"L","timestamp":"2023-11-09 13:58:11"},{"nodeID":"1343567","text":"Analysing","type":"YA","timestamp":"2023-11-09 13:58:11"},{"nodeID":"1343568","text":"Dominika: Theo Paphitis: what also is not realistic is that we take people who have vocational careers and look after us for granted","type":"L","timestamp":"2023-11-09 13:58:11"},{"nodeID":"1343569","text":"Asserting","type":"YA","timestamp":"2023-11-09 13:58:11"},{"nodeID":"1343570","text":"Default Transition","type":"TA","timestamp":"2023-11-09 13:58:11"},{"nodeID":"1343571","text":"we have taken people who have vocational careers and look after us for granted for too long","type":"I","timestamp":"2023-11-09 13:58:12"},{"nodeID":"1343572","text":"Theo Paphitis: we have done that for too long","type":"L","timestamp":"2023-11-09 13:58:12"},{"nodeID":"1343573","text":"Analysing","type":"YA","timestamp":"2023-11-09 13:58:12"},{"nodeID":"1343574","text":"Dominika: Theo Paphitis: we have done that for too long","type":"L","timestamp":"2023-11-09 13:58:12"},{"nodeID":"1343575","text":"Asserting","type":"YA","timestamp":"2023-11-09 13:58:12"},{"nodeID":"1343576","text":"Default Transition","type":"TA","timestamp":"2023-11-09 13:58:12"},{"nodeID":"1343577","text":"Theo Paphitis doesn't like to pick on special cases","type":"I","timestamp":"2023-11-09 13:58:13"},{"nodeID":"1343578","text":"Theo Paphitis: I don\u2019t like to pick on special cases","type":"L","timestamp":"2023-11-09 13:58:13"},{"nodeID":"1343579","text":"Analysing","type":"YA","timestamp":"2023-11-09 13:58:13"},{"nodeID":"1343580","text":"Dominika: Theo Paphitis: I don\u2019t like to pick on special cases","type":"L","timestamp":"2023-11-09 13:58:13"},{"nodeID":"1343581","text":"Asserting","type":"YA","timestamp":"2023-11-09 13:58:13"},{"nodeID":"1343582","text":"Default Rephrase","type":"MA","timestamp":"2023-11-09 13:58:13"},{"nodeID":"1343583","text":"Restating","type":"YA","timestamp":"2023-11-09 13:58:13"},{"nodeID":"1343584","text":"Default Transition","type":"TA","timestamp":"2023-11-09 13:58:13"},{"nodeID":"1343585","text":"certainly when you look at the facts nurses do require some special treatment","type":"I","timestamp":"2023-11-09 13:58:13"},{"nodeID":"1343586","text":"Theo Paphitis: certainly when you look at the facts nurses do require some special treatment","type":"L","timestamp":"2023-11-09 13:58:13"},{"nodeID":"1343587","text":"Analysing","type":"YA","timestamp":"2023-11-09 13:58:13"},{"nodeID":"1343588","text":"Dominika: Theo Paphitis: certainly when you look at the facts nurses do require some special treatment","type":"L","timestamp":"2023-11-09 13:58:13"},{"nodeID":"1343589","text":"Asserting","type":"YA","timestamp":"2023-11-09 13:58:13"},{"nodeID":"1343590","text":"Default Transition","type":"TA","timestamp":"2023-11-09 13:58:13"},{"nodeID":"1343591","text":"it\u2019s not right that the government just takes for granted people who give their lives and their careers to help us and taking them for granted","type":"I","timestamp":"2023-11-09 13:58:14"},{"nodeID":"1343592","text":"Theo Paphitis: it\u2019s not right that the government just takes for granted people who give their lives and their careers to help us and taking them for granted","type":"L","timestamp":"2023-11-09 13:58:14"},{"nodeID":"1343593","text":"Analysing","type":"YA","timestamp":"2023-11-09 13:58:14"},{"nodeID":"1343594","text":"Dominika: Theo Paphitis: it\u2019s not right that the government just takes for granted people who give their lives and their careers to help us and taking them for granted","type":"L","timestamp":"2023-11-09 13:58:14"},{"nodeID":"1343595","text":"Asserting","type":"YA","timestamp":"2023-11-09 13:58:14"},{"nodeID":"1343596","text":"Default Rephrase","type":"MA","timestamp":"2023-11-09 13:58:14"},{"nodeID":"1343597","text":"Default Transition","type":"TA","timestamp":"2023-11-09 13:58:14"},{"nodeID":"1343598","text":"Restating","type":"YA","timestamp":"2023-11-09 13:58:14"},{"nodeID":"1343599","text":"Default Conflict","type":"CA","timestamp":"2023-11-09 13:58:14"},{"nodeID":"1343600","text":"Disagreeing","type":"YA","timestamp":"2023-11-09 13:58:14"},{"nodeID":"1343601","text":"Default Rephrase","type":"MA","timestamp":"2023-11-09 13:58:14"},{"nodeID":"1343602","text":"Default Illocuting","type":"YA","timestamp":"2023-11-09 13:58:14"}],"edges":[{"edgeID":"1760689","fromID":"1343562","toID":"1343561","formEdgeID":null},{"edgeID":"1760690","fromID":"1343563","toID":"1343562","formEdgeID":null},{"edgeID":"1760691","fromID":"1343561","toID":"1343564","formEdgeID":null},{"edgeID":"1760692","fromID":"1343564","toID":"1343560","formEdgeID":null},{"edgeID":"1760693","fromID":"1343567","toID":"1343566","formEdgeID":null},{"edgeID":"1760694","fromID":"1343568","toID":"1343567","formEdgeID":null},{"edgeID":"1760695","fromID":"1343566","toID":"1343569","formEdgeID":null},{"edgeID":"1760696","fromID":"1343569","toID":"1343565","formEdgeID":null},{"edgeID":"1760697","fromID":"1343561","toID":"1343570","formEdgeID":null},{"edgeID":"1760698","fromID":"1343570","toID":"1343566","formEdgeID":null},{"edgeID":"1760699","fromID":"1343573","toID":"1343572","formEdgeID":null},{"edgeID":"1760700","fromID":"1343574","toID":"1343573","formEdgeID":null},{"edgeID":"1760701","fromID":"1343572","toID":"1343575","formEdgeID":null},{"edgeID":"1760702","fromID":"1343575","toID":"1343571","formEdgeID":null},{"edgeID":"1760703","fromID":"1343566","toID":"1343576","formEdgeID":null},{"edgeID":"1760704","fromID":"1343576","toID":"1343572","formEdgeID":null},{"edgeID":"1760705","fromID":"1343579","toID":"1343578","formEdgeID":null},{"edgeID":"1760706","fromID":"1343580","toID":"1343579","formEdgeID":null},{"edgeID":"1760707","fromID":"1343578","toID":"1343581","formEdgeID":null},{"edgeID":"1760708","fromID":"1343581","toID":"1343577","formEdgeID":null},{"edgeID":"1760709","fromID":"1343571","toID":"1343582","formEdgeID":null},{"edgeID":"1760710","fromID":"1343582","toID":"1343565","formEdgeID":null},{"edgeID":"1760711","fromID":"1343576","toID":"1343583","formEdgeID":null},{"edgeID":"1760712","fromID":"1343583","toID":"1343582","formEdgeID":null},{"edgeID":"1760713","fromID":"1343572","toID":"1343584","formEdgeID":null},{"edgeID":"1760714","fromID":"1343584","toID":"1343578","formEdgeID":null},{"edgeID":"1760715","fromID":"1343587","toID":"1343586","formEdgeID":null},{"edgeID":"1760716","fromID":"1343588","toID":"1343587","formEdgeID":null},{"edgeID":"1760717","fromID":"1343586","toID":"1343589","formEdgeID":null},{"edgeID":"1760718","fromID":"1343589","toID":"1343585","formEdgeID":null},{"edgeID":"1760719","fromID":"1343578","toID":"1343590","formEdgeID":null},{"edgeID":"1760720","fromID":"1343590","toID":"1343586","formEdgeID":null},{"edgeID":"1760721","fromID":"1343593","toID":"1343592","formEdgeID":null},{"edgeID":"1760722","fromID":"1343594","toID":"1343593","formEdgeID":null},{"edgeID":"1760723","fromID":"1343592","toID":"1343595","formEdgeID":null},{"edgeID":"1760724","fromID":"1343595","toID":"1343591","formEdgeID":null},{"edgeID":"1760725","fromID":"1343591","toID":"1343596","formEdgeID":null},{"edgeID":"1760726","fromID":"1343596","toID":"1343571","formEdgeID":null},{"edgeID":"1760727","fromID":"1343572","toID":"1343597","formEdgeID":null},{"edgeID":"1760728","fromID":"1343597","toID":"1343592","formEdgeID":null},{"edgeID":"1760729","fromID":"1343597","toID":"1343598","formEdgeID":null},{"edgeID":"1760730","fromID":"1343598","toID":"1343596","formEdgeID":null},{"edgeID":"1760731","fromID":"1343585","toID":"1343599","formEdgeID":null},{"edgeID":"1760732","fromID":"1343599","toID":"1343577","formEdgeID":null},{"edgeID":"1760733","fromID":"1343590","toID":"1343600","formEdgeID":null},{"edgeID":"1760734","fromID":"1343600","toID":"1343599","formEdgeID":null},{"edgeID":"1760735","fromID":"1343565","toID":"1343601","formEdgeID":null},{"edgeID":"1760736","fromID":"1343601","toID":"1343560","formEdgeID":null},{"edgeID":"1760737","fromID":"1343570","toID":"1343602","formEdgeID":null},{"edgeID":"1760738","fromID":"1343602","toID":"1343601","formEdgeID":null}],"locutions":[]}