{"nodes":[{"nodeID":"1343818","text":"at least there are conversations going on about NHS workers' pay rise","type":"I","timestamp":"2023-11-09 13:58:33"},{"nodeID":"1343819","text":"Emily Thornberry: at least there are conversations going on","type":"L","timestamp":"2023-11-09 13:58:33"},{"nodeID":"1343820","text":"Analysing","type":"YA","timestamp":"2023-11-09 13:58:33"},{"nodeID":"1343821","text":"Anon: Emily Thornberry: at least there are conversations going on","type":"L","timestamp":"2023-11-09 13:58:33"},{"nodeID":"1343822","text":"Asserting","type":"YA","timestamp":"2023-11-09 13:58:33"},{"nodeID":"1343823","text":"Emily Thornberry doesn\u2019t know where the conversations about NHS workers' pay rise is going to land in the end","type":"I","timestamp":"2023-11-09 13:58:33"},{"nodeID":"1343824","text":"Emily Thornberry: I don\u2019t know where it\u2019s going to land in the end","type":"L","timestamp":"2023-11-09 13:58:33"},{"nodeID":"1343825","text":"Analysing","type":"YA","timestamp":"2023-11-09 13:58:33"},{"nodeID":"1343826","text":"Anon: Emily Thornberry: I don\u2019t know where it\u2019s going to land in the end","type":"L","timestamp":"2023-11-09 13:58:33"},{"nodeID":"1343827","text":"Asserting","type":"YA","timestamp":"2023-11-09 13:58:33"},{"nodeID":"1343828","text":"Default Transition","type":"TA","timestamp":"2023-11-09 13:58:33"},{"nodeID":"1343829","text":"Emily Thornberry doesn\u2019t know whether the 17 and a half per cent is or is not really exactly what the nurses want","type":"I","timestamp":"2023-11-09 13:58:34"},{"nodeID":"1343830","text":"Emily Thornberry: I don\u2019t know whether the 17 and a half per cent is really exactly what the nurses want","type":"L","timestamp":"2023-11-09 13:58:34"},{"nodeID":"1343831","text":"Analysing","type":"YA","timestamp":"2023-11-09 13:58:34"},{"nodeID":"1343832","text":"Anon: Emily Thornberry: I don\u2019t know whether the 17 and a half per cent is really exactly what the nurses want","type":"L","timestamp":"2023-11-09 13:58:34"},{"nodeID":"1343833","text":"Asserting","type":"YA","timestamp":"2023-11-09 13:58:34"},{"nodeID":"1343834","text":"Default Transition","type":"TA","timestamp":"2023-11-09 13:58:34"},{"nodeID":"1343835","text":"Emily Thornberry doesn\u2019t know whether the 17 and a half per cent pay rise is or is not an opening offer","type":"I","timestamp":"2023-11-09 13:58:34"},{"nodeID":"1343836","text":"Emily Thornberry: or if it\u2019s an opening offer","type":"L","timestamp":"2023-11-09 13:58:34"},{"nodeID":"1343837","text":"Analysing","type":"YA","timestamp":"2023-11-09 13:58:34"},{"nodeID":"1343838","text":"Anon: Emily Thornberry: or if it\u2019s an opening offer","type":"L","timestamp":"2023-11-09 13:58:34"},{"nodeID":"1343839","text":"Asserting","type":"YA","timestamp":"2023-11-09 13:58:34"},{"nodeID":"1343840","text":"Default Transition","type":"TA","timestamp":"2023-11-09 13:58:34"},{"nodeID":"1343841","text":"Default Conflict","type":"CA","timestamp":"2023-11-09 13:58:34"},{"nodeID":"1343842","text":"Disagreeing","type":"YA","timestamp":"2023-11-09 13:58:34"},{"nodeID":"1343843","text":"Default Inference","type":"RA","timestamp":"2023-11-09 13:58:34"},{"nodeID":"1343844","text":"Arguing","type":"YA","timestamp":"2023-11-09 13:58:34"},{"nodeID":"1343845","text":"Labour would or would not support 17 and a half per cent pay increase","type":"I","timestamp":"2023-11-09 13:58:35"},{"nodeID":"1343846","text":"Fiona Bruce: And would Labour support it","type":"L","timestamp":"2023-11-09 13:58:35"},{"nodeID":"1343847","text":"Analysing","type":"YA","timestamp":"2023-11-09 13:58:35"},{"nodeID":"1343848","text":"Anon: Fiona Bruce: And would Labour support it","type":"L","timestamp":"2023-11-09 13:58:35"},{"nodeID":"1343849","text":"Pure Questioning","type":"YA","timestamp":"2023-11-09 13:58:35"},{"nodeID":"1343850","text":"Default Transition","type":"TA","timestamp":"2023-11-09 13:58:35"},{"nodeID":"1343851","text":"Labour don\u2019t know what the flexibilities are within that negotiation","type":"I","timestamp":"2023-11-09 13:58:36"},{"nodeID":"1343852","text":"Emily Thornberry: we don\u2019t know what the flexibilities are within that negotiation","type":"L","timestamp":"2023-11-09 13:58:36"},{"nodeID":"1343853","text":"Analysing","type":"YA","timestamp":"2023-11-09 13:58:36"},{"nodeID":"1343854","text":"Anon: Emily Thornberry: we don\u2019t know what the flexibilities are within that negotiation","type":"L","timestamp":"2023-11-09 13:58:36"},{"nodeID":"1343855","text":"Asserting","type":"YA","timestamp":"2023-11-09 13:58:36"},{"nodeID":"1343856","text":"Default Transition","type":"TA","timestamp":"2023-11-09 13:58:36"},{"nodeID":"1343857","text":"Default Rephrase","type":"MA","timestamp":"2023-11-09 13:58:36"},{"nodeID":"1343858","text":"Default Illocuting","type":"YA","timestamp":"2023-11-09 13:58:36"},{"nodeID":"1343859","text":"nobody sitting around this table knows what room there is for negotiation","type":"I","timestamp":"2023-11-09 13:58:36"},{"nodeID":"1343860","text":"Emily Thornberry:  I don\u2019t think anybody sitting around this table knows what room there is for negotiation","type":"L","timestamp":"2023-11-09 13:58:36"},{"nodeID":"1343861","text":"Analysing","type":"YA","timestamp":"2023-11-09 13:58:36"},{"nodeID":"1343862","text":"Anon: Emily Thornberry:  I don\u2019t think anybody sitting around this table knows what room there is for negotiation","type":"L","timestamp":"2023-11-09 13:58:36"},{"nodeID":"1343863","text":"Asserting","type":"YA","timestamp":"2023-11-09 13:58:36"},{"nodeID":"1343864","text":"Default Transition","type":"TA","timestamp":"2023-11-09 13:58:36"},{"nodeID":"1343865","text":"Default Rephrase","type":"MA","timestamp":"2023-11-09 13:58:36"},{"nodeID":"1343866","text":"Restating","type":"YA","timestamp":"2023-11-09 13:58:36"},{"nodeID":"1343867","text":"Emily Thornberry is just pleased to hear that there is negotiation going on about the pay rise","type":"I","timestamp":"2023-11-09 13:58:37"},{"nodeID":"1343868","text":"Emily Thornberry: I\u2019m just pleased to hear that there is negotiation going on","type":"L","timestamp":"2023-11-09 13:58:37"},{"nodeID":"1343869","text":"Analysing","type":"YA","timestamp":"2023-11-09 13:58:37"},{"nodeID":"1343870","text":"Anon: Emily Thornberry: I\u2019m just pleased to hear that there is negotiation going on","type":"L","timestamp":"2023-11-09 13:58:37"},{"nodeID":"1343871","text":"Asserting","type":"YA","timestamp":"2023-11-09 13:58:37"},{"nodeID":"1343872","text":"Default Rephrase","type":"MA","timestamp":"2023-11-09 13:58:37"},{"nodeID":"1343873","text":"Default Transition","type":"TA","timestamp":"2023-11-09 13:58:37"},{"nodeID":"1343874","text":"Restating","type":"YA","timestamp":"2023-11-09 13:58:37"},{"nodeID":"1343875","text":"we need to make sure that a settlement about the pay rise is agreed which is fair","type":"I","timestamp":"2023-11-09 13:58:37"},{"nodeID":"1343876","text":"Emily Thornberry: we need to make sure that a settlement is agreed which is fair","type":"L","timestamp":"2023-11-09 13:58:37"},{"nodeID":"1343877","text":"Analysing","type":"YA","timestamp":"2023-11-09 13:58:37"},{"nodeID":"1343878","text":"Anon: Emily Thornberry: we need to make sure that a settlement is agreed which is fair","type":"L","timestamp":"2023-11-09 13:58:37"},{"nodeID":"1343879","text":"Asserting","type":"YA","timestamp":"2023-11-09 13:58:37"},{"nodeID":"1343880","text":"Default Transition","type":"TA","timestamp":"2023-11-09 13:58:37"},{"nodeID":"1343881","text":"Emily Thornberry is struck by the fact that the nurses are going on strike","type":"I","timestamp":"2023-11-09 13:58:38"},{"nodeID":"1343882","text":"Emily Thornberry: I\u2019m struck by the fact that the nurses are going on strike","type":"L","timestamp":"2023-11-09 13:58:38"},{"nodeID":"1343883","text":"Analysing","type":"YA","timestamp":"2023-11-09 13:58:38"},{"nodeID":"1343884","text":"Anon: Emily Thornberry: I\u2019m struck by the fact that the nurses are going on strike","type":"L","timestamp":"2023-11-09 13:58:38"},{"nodeID":"1343885","text":"Asserting","type":"YA","timestamp":"2023-11-09 13:58:38"},{"nodeID":"1343886","text":"Default Transition","type":"TA","timestamp":"2023-11-09 13:58:38"},{"nodeID":"1343887","text":"nurses have never been on strike before","type":"I","timestamp":"2023-11-09 13:58:39"},{"nodeID":"1343888","text":"Emily Thornberry: they have never been on strike before","type":"L","timestamp":"2023-11-09 13:58:39"},{"nodeID":"1343889","text":"Analysing","type":"YA","timestamp":"2023-11-09 13:58:39"},{"nodeID":"1343890","text":"Anon: Emily Thornberry: they have never been on strike before","type":"L","timestamp":"2023-11-09 13:58:39"},{"nodeID":"1343891","text":"Asserting","type":"YA","timestamp":"2023-11-09 13:58:39"},{"nodeID":"1343892","text":"Default Transition","type":"TA","timestamp":"2023-11-09 13:58:39"},{"nodeID":"1343893","text":"Default Inference","type":"RA","timestamp":"2023-11-09 13:58:39"},{"nodeID":"1343894","text":"Arguing","type":"YA","timestamp":"2023-11-09 13:58:39"},{"nodeID":"1343895","text":"during the time when Labour were in charge of the NHS we didn\u2019t have a single strike in the NHS","type":"I","timestamp":"2023-11-09 13:58:39"},{"nodeID":"1343896","text":"Emily Thornberry: during the time when we were in charge of the NHS we didn\u2019t have a single strike in the NHS","type":"L","timestamp":"2023-11-09 13:58:39"},{"nodeID":"1343897","text":"Analysing","type":"YA","timestamp":"2023-11-09 13:58:39"},{"nodeID":"1343898","text":"Anon: Emily Thornberry: during the time when we were in charge of the NHS we didn\u2019t have a single strike in the NHS","type":"L","timestamp":"2023-11-09 13:58:39"},{"nodeID":"1343899","text":"Asserting","type":"YA","timestamp":"2023-11-09 13:58:39"},{"nodeID":"1343900","text":"Labour didn\u2019t have strikes","type":"I","timestamp":"2023-11-09 13:58:40"},{"nodeID":"1343901","text":"Emily Thornberry: we didn\u2019t have strikes","type":"L","timestamp":"2023-11-09 13:58:40"},{"nodeID":"1343902","text":"Analysing","type":"YA","timestamp":"2023-11-09 13:58:40"},{"nodeID":"1343903","text":"Anon: Emily Thornberry: we didn\u2019t have strikes","type":"L","timestamp":"2023-11-09 13:58:40"},{"nodeID":"1343904","text":"Asserting","type":"YA","timestamp":"2023-11-09 13:58:40"},{"nodeID":"1343905","text":"Default Transition","type":"TA","timestamp":"2023-11-09 13:58:40"},{"nodeID":"1343906","text":"Default Rephrase","type":"MA","timestamp":"2023-11-09 13:58:40"},{"nodeID":"1343907","text":"Default Illocuting","type":"YA","timestamp":"2023-11-09 13:58:40"},{"nodeID":"1343908","text":"Emily Thornberry does or does not support nurses going on strike","type":"I","timestamp":"2023-11-09 13:58:40"},{"nodeID":"1343909","text":"Fiona Bruce: Do you support them going on strike","type":"L","timestamp":"2023-11-09 13:58:40"},{"nodeID":"1343910","text":"Analysing","type":"YA","timestamp":"2023-11-09 13:58:40"},{"nodeID":"1343911","text":"Anon: Fiona Bruce: Do you support them going on strike","type":"L","timestamp":"2023-11-09 13:58:40"},{"nodeID":"1343912","text":"Pure Questioning","type":"YA","timestamp":"2023-11-09 13:58:40"},{"nodeID":"1343913","text":"Default Transition","type":"TA","timestamp":"2023-11-09 13:58:40"},{"nodeID":"1343914","text":"Default Transition","type":"TA","timestamp":"2023-11-09 13:58:40"},{"nodeID":"1343915","text":"Default Rephrase","type":"MA","timestamp":"2023-11-09 13:58:40"},{"nodeID":"1343916","text":"Default Illocuting","type":"YA","timestamp":"2023-11-09 13:58:40"},{"nodeID":"1343917","text":"Emily Thornberry does or does not support nurses going on strike now","type":"I","timestamp":"2023-11-09 13:58:41"},{"nodeID":"1343918","text":"Fiona Bruce: do you support them going on strike now","type":"L","timestamp":"2023-11-09 13:58:41"},{"nodeID":"1343919","text":"Analysing","type":"YA","timestamp":"2023-11-09 13:58:41"},{"nodeID":"1343920","text":"Anon: Fiona Bruce: do you support them going on strike now","type":"L","timestamp":"2023-11-09 13:58:41"},{"nodeID":"1343921","text":"Pure Questioning","type":"YA","timestamp":"2023-11-09 13:58:41"},{"nodeID":"1343922","text":"Default Rephrase","type":"MA","timestamp":"2023-11-09 13:58:41"},{"nodeID":"1343923","text":"Default Transition","type":"TA","timestamp":"2023-11-09 13:58:41"},{"nodeID":"1343924","text":"Restating","type":"YA","timestamp":"2023-11-09 13:58:41"},{"nodeID":"1343925","text":"nurses shouldn't be going on strike","type":"I","timestamp":"2023-11-09 13:58:41"},{"nodeID":"1343926","text":"Emily Thornberry: I don\u2019t think that they should be going on strike","type":"L","timestamp":"2023-11-09 13:58:41"},{"nodeID":"1343927","text":"Analysing","type":"YA","timestamp":"2023-11-09 13:58:41"},{"nodeID":"1343928","text":"Anon: Emily Thornberry: I don\u2019t think that they should be going on strike","type":"L","timestamp":"2023-11-09 13:58:41"},{"nodeID":"1343929","text":"Asserting","type":"YA","timestamp":"2023-11-09 13:58:41"},{"nodeID":"1343930","text":"Default Transition","type":"TA","timestamp":"2023-11-09 13:58:41"},{"nodeID":"1343931","text":"nurses don't want to go on strike","type":"I","timestamp":"2023-11-09 13:58:42"},{"nodeID":"1343932","text":"Emily Thornberry: I don\u2019t think they want to go on strike","type":"L","timestamp":"2023-11-09 13:58:42"},{"nodeID":"1343933","text":"Analysing","type":"YA","timestamp":"2023-11-09 13:58:42"},{"nodeID":"1343934","text":"Anon: Emily Thornberry: I don\u2019t think they want to go on strike","type":"L","timestamp":"2023-11-09 13:58:42"},{"nodeID":"1343935","text":"Asserting","type":"YA","timestamp":"2023-11-09 13:58:42"},{"nodeID":"1343936","text":"Default Rephrase","type":"MA","timestamp":"2023-11-09 13:58:42"},{"nodeID":"1343937","text":"Default Illocuting","type":"YA","timestamp":"2023-11-09 13:58:42"},{"nodeID":"1343938","text":"patients don't want nurses to go on strike","type":"I","timestamp":"2023-11-09 13:58:43"},{"nodeID":"1343939","text":"Emily Thornberry: I don\u2019t think patients want them to go on strike","type":"L","timestamp":"2023-11-09 13:58:43"},{"nodeID":"1343940","text":"Analysing","type":"YA","timestamp":"2023-11-09 13:58:43"},{"nodeID":"1343941","text":"Anon: Emily Thornberry: I don\u2019t think patients want them to go on strike","type":"L","timestamp":"2023-11-09 13:58:43"},{"nodeID":"1343942","text":"Asserting","type":"YA","timestamp":"2023-11-09 13:58:43"},{"nodeID":"1343943","text":"Default Inference","type":"RA","timestamp":"2023-11-09 13:58:43"},{"nodeID":"1343944","text":"Default Transition","type":"TA","timestamp":"2023-11-09 13:58:43"},{"nodeID":"1343945","text":"Arguing","type":"YA","timestamp":"2023-11-09 13:58:43"}],"edges":[{"edgeID":"1760991","fromID":"1343820","toID":"1343819","formEdgeID":null},{"edgeID":"1760992","fromID":"1343821","toID":"1343820","formEdgeID":null},{"edgeID":"1760993","fromID":"1343819","toID":"1343822","formEdgeID":null},{"edgeID":"1760994","fromID":"1343822","toID":"1343818","formEdgeID":null},{"edgeID":"1760995","fromID":"1343825","toID":"1343824","formEdgeID":null},{"edgeID":"1760996","fromID":"1343826","toID":"1343825","formEdgeID":null},{"edgeID":"1760997","fromID":"1343824","toID":"1343827","formEdgeID":null},{"edgeID":"1760998","fromID":"1343827","toID":"1343823","formEdgeID":null},{"edgeID":"1760999","fromID":"1343819","toID":"1343828","formEdgeID":null},{"edgeID":"1761000","fromID":"1343828","toID":"1343824","formEdgeID":null},{"edgeID":"1761001","fromID":"1343831","toID":"1343830","formEdgeID":null},{"edgeID":"1761002","fromID":"1343832","toID":"1343831","formEdgeID":null},{"edgeID":"1761003","fromID":"1343830","toID":"1343833","formEdgeID":null},{"edgeID":"1761004","fromID":"1343833","toID":"1343829","formEdgeID":null},{"edgeID":"1761005","fromID":"1343824","toID":"1343834","formEdgeID":null},{"edgeID":"1761006","fromID":"1343834","toID":"1343830","formEdgeID":null},{"edgeID":"1761007","fromID":"1343837","toID":"1343836","formEdgeID":null},{"edgeID":"1761008","fromID":"1343838","toID":"1343837","formEdgeID":null},{"edgeID":"1761009","fromID":"1343836","toID":"1343839","formEdgeID":null},{"edgeID":"1761010","fromID":"1343839","toID":"1343835","formEdgeID":null},{"edgeID":"1761011","fromID":"1343830","toID":"1343840","formEdgeID":null},{"edgeID":"1761012","fromID":"1343840","toID":"1343836","formEdgeID":null},{"edgeID":"1761013","fromID":"1343835","toID":"1343841","formEdgeID":null},{"edgeID":"1761014","fromID":"1343841","toID":"1343829","formEdgeID":null},{"edgeID":"1761015","fromID":"1343840","toID":"1343842","formEdgeID":null},{"edgeID":"1761016","fromID":"1343842","toID":"1343841","formEdgeID":null},{"edgeID":"1761017","fromID":"1343829","toID":"1343843","formEdgeID":null},{"edgeID":"1761018","fromID":"1343843","toID":"1343823","formEdgeID":null},{"edgeID":"1761019","fromID":"1343834","toID":"1343844","formEdgeID":null},{"edgeID":"1761020","fromID":"1343844","toID":"1343843","formEdgeID":null},{"edgeID":"1761021","fromID":"1343847","toID":"1343846","formEdgeID":null},{"edgeID":"1761022","fromID":"1343848","toID":"1343847","formEdgeID":null},{"edgeID":"1761023","fromID":"1343846","toID":"1343849","formEdgeID":null},{"edgeID":"1761024","fromID":"1343849","toID":"1343845","formEdgeID":null},{"edgeID":"1761025","fromID":"1343836","toID":"1343850","formEdgeID":null},{"edgeID":"1761026","fromID":"1343850","toID":"1343846","formEdgeID":null},{"edgeID":"1761027","fromID":"1343853","toID":"1343852","formEdgeID":null},{"edgeID":"1761028","fromID":"1343854","toID":"1343853","formEdgeID":null},{"edgeID":"1761029","fromID":"1343852","toID":"1343855","formEdgeID":null},{"edgeID":"1761030","fromID":"1343855","toID":"1343851","formEdgeID":null},{"edgeID":"1761031","fromID":"1343846","toID":"1343856","formEdgeID":null},{"edgeID":"1761032","fromID":"1343856","toID":"1343852","formEdgeID":null},{"edgeID":"1761033","fromID":"1343851","toID":"1343857","formEdgeID":null},{"edgeID":"1761034","fromID":"1343857","toID":"1343845","formEdgeID":null},{"edgeID":"1761035","fromID":"1343856","toID":"1343858","formEdgeID":null},{"edgeID":"1761036","fromID":"1343858","toID":"1343857","formEdgeID":null},{"edgeID":"1761037","fromID":"1343861","toID":"1343860","formEdgeID":null},{"edgeID":"1761038","fromID":"1343862","toID":"1343861","formEdgeID":null},{"edgeID":"1761039","fromID":"1343860","toID":"1343863","formEdgeID":null},{"edgeID":"1761040","fromID":"1343863","toID":"1343859","formEdgeID":null},{"edgeID":"1761041","fromID":"1343852","toID":"1343864","formEdgeID":null},{"edgeID":"1761042","fromID":"1343864","toID":"1343860","formEdgeID":null},{"edgeID":"1761043","fromID":"1343859","toID":"1343865","formEdgeID":null},{"edgeID":"1761044","fromID":"1343865","toID":"1343851","formEdgeID":null},{"edgeID":"1761045","fromID":"1343864","toID":"1343866","formEdgeID":null},{"edgeID":"1761046","fromID":"1343866","toID":"1343865","formEdgeID":null},{"edgeID":"1761047","fromID":"1343869","toID":"1343868","formEdgeID":null},{"edgeID":"1761048","fromID":"1343870","toID":"1343869","formEdgeID":null},{"edgeID":"1761049","fromID":"1343868","toID":"1343871","formEdgeID":null},{"edgeID":"1761050","fromID":"1343871","toID":"1343867","formEdgeID":null},{"edgeID":"1761051","fromID":"1343867","toID":"1343872","formEdgeID":null},{"edgeID":"1761052","fromID":"1343872","toID":"1343818","formEdgeID":null},{"edgeID":"1761053","fromID":"1343819","toID":"1343873","formEdgeID":null},{"edgeID":"1761054","fromID":"1343873","toID":"1343868","formEdgeID":null},{"edgeID":"1761055","fromID":"1343873","toID":"1343874","formEdgeID":null},{"edgeID":"1761056","fromID":"1343874","toID":"1343872","formEdgeID":null},{"edgeID":"1761057","fromID":"1343877","toID":"1343876","formEdgeID":null},{"edgeID":"1761058","fromID":"1343878","toID":"1343877","formEdgeID":null},{"edgeID":"1761059","fromID":"1343876","toID":"1343879","formEdgeID":null},{"edgeID":"1761060","fromID":"1343879","toID":"1343875","formEdgeID":null},{"edgeID":"1761061","fromID":"1343868","toID":"1343880","formEdgeID":null},{"edgeID":"1761062","fromID":"1343880","toID":"1343876","formEdgeID":null},{"edgeID":"1761063","fromID":"1343883","toID":"1343882","formEdgeID":null},{"edgeID":"1761064","fromID":"1343884","toID":"1343883","formEdgeID":null},{"edgeID":"1761065","fromID":"1343882","toID":"1343885","formEdgeID":null},{"edgeID":"1761066","fromID":"1343885","toID":"1343881","formEdgeID":null},{"edgeID":"1761067","fromID":"1343876","toID":"1343886","formEdgeID":null},{"edgeID":"1761068","fromID":"1343886","toID":"1343882","formEdgeID":null},{"edgeID":"1761069","fromID":"1343889","toID":"1343888","formEdgeID":null},{"edgeID":"1761070","fromID":"1343890","toID":"1343889","formEdgeID":null},{"edgeID":"1761071","fromID":"1343888","toID":"1343891","formEdgeID":null},{"edgeID":"1761072","fromID":"1343891","toID":"1343887","formEdgeID":null},{"edgeID":"1761073","fromID":"1343882","toID":"1343892","formEdgeID":null},{"edgeID":"1761074","fromID":"1343892","toID":"1343888","formEdgeID":null},{"edgeID":"1761075","fromID":"1343887","toID":"1343893","formEdgeID":null},{"edgeID":"1761076","fromID":"1343893","toID":"1343881","formEdgeID":null},{"edgeID":"1761077","fromID":"1343892","toID":"1343894","formEdgeID":null},{"edgeID":"1761078","fromID":"1343894","toID":"1343893","formEdgeID":null},{"edgeID":"1761079","fromID":"1343897","toID":"1343896","formEdgeID":null},{"edgeID":"1761080","fromID":"1343898","toID":"1343897","formEdgeID":null},{"edgeID":"1761081","fromID":"1343896","toID":"1343899","formEdgeID":null},{"edgeID":"1761082","fromID":"1343899","toID":"1343895","formEdgeID":null},{"edgeID":"1761083","fromID":"1343902","toID":"1343901","formEdgeID":null},{"edgeID":"1761084","fromID":"1343903","toID":"1343902","formEdgeID":null},{"edgeID":"1761085","fromID":"1343901","toID":"1343904","formEdgeID":null},{"edgeID":"1761086","fromID":"1343904","toID":"1343900","formEdgeID":null},{"edgeID":"1761087","fromID":"1343896","toID":"1343905","formEdgeID":null},{"edgeID":"1761088","fromID":"1343905","toID":"1343901","formEdgeID":null},{"edgeID":"1761089","fromID":"1343900","toID":"1343906","formEdgeID":null},{"edgeID":"1761090","fromID":"1343906","toID":"1343895","formEdgeID":null},{"edgeID":"1761091","fromID":"1343905","toID":"1343907","formEdgeID":null},{"edgeID":"1761092","fromID":"1343907","toID":"1343906","formEdgeID":null},{"edgeID":"1761093","fromID":"1343910","toID":"1343909","formEdgeID":null},{"edgeID":"1761094","fromID":"1343911","toID":"1343910","formEdgeID":null},{"edgeID":"1761095","fromID":"1343909","toID":"1343912","formEdgeID":null},{"edgeID":"1761096","fromID":"1343912","toID":"1343908","formEdgeID":null},{"edgeID":"1761097","fromID":"1343888","toID":"1343913","formEdgeID":null},{"edgeID":"1761098","fromID":"1343913","toID":"1343909","formEdgeID":null},{"edgeID":"1761099","fromID":"1343909","toID":"1343914","formEdgeID":null},{"edgeID":"1761100","fromID":"1343914","toID":"1343896","formEdgeID":null},{"edgeID":"1761101","fromID":"1343895","toID":"1343915","formEdgeID":null},{"edgeID":"1761102","fromID":"1343915","toID":"1343908","formEdgeID":null},{"edgeID":"1761103","fromID":"1343914","toID":"1343916","formEdgeID":null},{"edgeID":"1761104","fromID":"1343916","toID":"1343915","formEdgeID":null},{"edgeID":"1761105","fromID":"1343919","toID":"1343918","formEdgeID":null},{"edgeID":"1761106","fromID":"1343920","toID":"1343919","formEdgeID":null},{"edgeID":"1761107","fromID":"1343918","toID":"1343921","formEdgeID":null},{"edgeID":"1761108","fromID":"1343921","toID":"1343917","formEdgeID":null},{"edgeID":"1761109","fromID":"1343917","toID":"1343922","formEdgeID":null},{"edgeID":"1761110","fromID":"1343922","toID":"1343908","formEdgeID":null},{"edgeID":"1761111","fromID":"1343909","toID":"1343923","formEdgeID":null},{"edgeID":"1761112","fromID":"1343923","toID":"1343918","formEdgeID":null},{"edgeID":"1761113","fromID":"1343923","toID":"1343924","formEdgeID":null},{"edgeID":"1761114","fromID":"1343924","toID":"1343922","formEdgeID":null},{"edgeID":"1761115","fromID":"1343927","toID":"1343926","formEdgeID":null},{"edgeID":"1761116","fromID":"1343928","toID":"1343927","formEdgeID":null},{"edgeID":"1761117","fromID":"1343926","toID":"1343929","formEdgeID":null},{"edgeID":"1761118","fromID":"1343929","toID":"1343925","formEdgeID":null},{"edgeID":"1761119","fromID":"1343918","toID":"1343930","formEdgeID":null},{"edgeID":"1761120","fromID":"1343930","toID":"1343926","formEdgeID":null},{"edgeID":"1761121","fromID":"1343933","toID":"1343932","formEdgeID":null},{"edgeID":"1761122","fromID":"1343934","toID":"1343933","formEdgeID":null},{"edgeID":"1761123","fromID":"1343932","toID":"1343935","formEdgeID":null},{"edgeID":"1761124","fromID":"1343935","toID":"1343931","formEdgeID":null},{"edgeID":"1761125","fromID":"1343925","toID":"1343936","formEdgeID":null},{"edgeID":"1761126","fromID":"1343936","toID":"1343917","formEdgeID":null},{"edgeID":"1761127","fromID":"1343930","toID":"1343937","formEdgeID":null},{"edgeID":"1761128","fromID":"1343937","toID":"1343936","formEdgeID":null},{"edgeID":"1761129","fromID":"1343940","toID":"1343939","formEdgeID":null},{"edgeID":"1761130","fromID":"1343941","toID":"1343940","formEdgeID":null},{"edgeID":"1761131","fromID":"1343939","toID":"1343942","formEdgeID":null},{"edgeID":"1761132","fromID":"1343942","toID":"1343938","formEdgeID":null},{"edgeID":"1761133","fromID":"1343938","toID":"1343943","formEdgeID":null},{"edgeID":"1761134","fromID":"1343943","toID":"1343925","formEdgeID":null},{"edgeID":"1761135","fromID":"1343931","toID":"1343943","formEdgeID":null},{"edgeID":"1761136","fromID":"1343926","toID":"1343944","formEdgeID":null},{"edgeID":"1761137","fromID":"1343944","toID":"1343939","formEdgeID":null},{"edgeID":"1761138","fromID":"1343932","toID":"1343944","formEdgeID":null},{"edgeID":"1761139","fromID":"1343944","toID":"1343945","formEdgeID":null},{"edgeID":"1761140","fromID":"1343945","toID":"1343943","formEdgeID":null}],"locutions":[]}