{"nodes":[{"nodeID":"1347174","text":"what the conservative party is doing is also a sign of weakness","type":"I","timestamp":"2023-11-09 14:03:18"},{"nodeID":"1347175","text":"Emily Thornberry: it\u2019s also a sign of weakness","type":"L","timestamp":"2023-11-09 14:03:18"},{"nodeID":"1347176","text":"Analysing","type":"YA","timestamp":"2023-11-09 14:03:18"},{"nodeID":"1347177","text":"Amelie: Emily Thornberry: it\u2019s also a sign of weakness","type":"L","timestamp":"2023-11-09 14:03:18"},{"nodeID":"1347178","text":"Asserting","type":"YA","timestamp":"2023-11-09 14:03:18"},{"nodeID":"1347179","text":"it\u2019s a sign of such weakness that the conservative party has to trade these people off","type":"I","timestamp":"2023-11-09 14:03:20"},{"nodeID":"1347180","text":"Emily Thornberry: It\u2019s a sign of such weakness that you have to trade these people off","type":"L","timestamp":"2023-11-09 14:03:20"},{"nodeID":"1347181","text":"Analysing","type":"YA","timestamp":"2023-11-09 14:03:20"},{"nodeID":"1347182","text":"Amelie: Emily Thornberry: It\u2019s a sign of such weakness that you have to trade these people off","type":"L","timestamp":"2023-11-09 14:03:20"},{"nodeID":"1347183","text":"Asserting","type":"YA","timestamp":"2023-11-09 14:03:20"},{"nodeID":"1347184","text":"it's a sign of weakness that the conservative party is prepared to have Suella Braverman, who has been a security risk","type":"I","timestamp":"2023-11-09 14:03:22"},{"nodeID":"1347185","text":"Emily Thornberry: that you\u2019re prepared to have Suella Braverman, who has been a security risk","type":"L","timestamp":"2023-11-09 14:03:22"},{"nodeID":"1347186","text":"Analysing","type":"YA","timestamp":"2023-11-09 14:03:22"},{"nodeID":"1347187","text":"Amelie: Emily Thornberry: that you\u2019re prepared to have Suella Braverman, who has been a security risk","type":"L","timestamp":"2023-11-09 14:03:22"},{"nodeID":"1347188","text":"Asserting","type":"YA","timestamp":"2023-11-09 14:03:22"},{"nodeID":"1347189","text":"Gavin Williamson has been sacked","type":"I","timestamp":"2023-11-09 14:03:24"},{"nodeID":"1347190","text":"Emily Thornberry: Gavin Williamson, not only has he been sacked","type":"L","timestamp":"2023-11-09 14:03:24"},{"nodeID":"1347191","text":"Analysing","type":"YA","timestamp":"2023-11-09 14:03:24"},{"nodeID":"1347192","text":"Amelie: Emily Thornberry: Gavin Williamson, not only has he been sacked","type":"L","timestamp":"2023-11-09 14:03:24"},{"nodeID":"1347193","text":"Asserting","type":"YA","timestamp":"2023-11-09 14:03:24"},{"nodeID":"1347194","text":"Gavin Williamson was briefing","type":"I","timestamp":"2023-11-09 14:03:25"},{"nodeID":"1347195","text":"Emily Thornberry: one of the reasons he was sacked was because he was briefing","type":"L","timestamp":"2023-11-09 14:03:25"},{"nodeID":"1347196","text":"Analysing","type":"YA","timestamp":"2023-11-09 14:03:25"},{"nodeID":"1347197","text":"Amelie: Emily Thornberry: one of the reasons he was sacked was because he was briefing","type":"L","timestamp":"2023-11-09 14:03:25"},{"nodeID":"1347198","text":"Asserting","type":"YA","timestamp":"2023-11-09 14:03:25"},{"nodeID":"1347199","text":"Default Inference","type":"RA","timestamp":"2023-11-09 14:03:25"},{"nodeID":"1347200","text":"Default Transition","type":"TA","timestamp":"2023-11-09 14:03:25"},{"nodeID":"1347201","text":"Arguing","type":"YA","timestamp":"2023-11-09 14:03:25"},{"nodeID":"1347202","text":"Gavin Williamson was a security risk","type":"I","timestamp":"2023-11-09 14:03:27"},{"nodeID":"1347203","text":"Emily Thornberry: he was a security risk","type":"L","timestamp":"2023-11-09 14:03:27"},{"nodeID":"1347204","text":"Analysing","type":"YA","timestamp":"2023-11-09 14:03:27"},{"nodeID":"1347205","text":"Amelie: Emily Thornberry: he was a security risk","type":"L","timestamp":"2023-11-09 14:03:27"},{"nodeID":"1347206","text":"Asserting","type":"YA","timestamp":"2023-11-09 14:03:27"},{"nodeID":"1347207","text":"the politicians are prepared to put people like Suella Braverman and Gavin Williamson into their cabinet","type":"I","timestamp":"2023-11-09 14:03:29"},{"nodeID":"1347208","text":"Emily Thornberry: You\u2019re prepared to put these people into your cabinet","type":"L","timestamp":"2023-11-09 14:03:29"},{"nodeID":"1347209","text":"Analysing","type":"YA","timestamp":"2023-11-09 14:03:29"},{"nodeID":"1347210","text":"Amelie: Emily Thornberry: You\u2019re prepared to put these people into your cabinet","type":"L","timestamp":"2023-11-09 14:03:29"},{"nodeID":"1347211","text":"Asserting","type":"YA","timestamp":"2023-11-09 14:03:29"},{"nodeID":"1347212","text":"the politicians know that one of the people they put into their cabinet is a bully","type":"I","timestamp":"2023-11-09 14:03:30"},{"nodeID":"1347213","text":"Emily Thornberry: you know that one of them is a bully","type":"L","timestamp":"2023-11-09 14:03:30"},{"nodeID":"1347214","text":"Analysing","type":"YA","timestamp":"2023-11-09 14:03:30"},{"nodeID":"1347215","text":"Amelie: Emily Thornberry: you know that one of them is a bully","type":"L","timestamp":"2023-11-09 14:03:30"},{"nodeID":"1347216","text":"Asserting","type":"YA","timestamp":"2023-11-09 14:03:30"},{"nodeID":"1347217","text":"somehow or other the politicians think it might be a good idea to have a bully boy on their side","type":"I","timestamp":"2023-11-09 14:03:32"},{"nodeID":"1347218","text":"Emily Thornberry: somehow or other you think it might be a good idea to have a bully boy on your side","type":"L","timestamp":"2023-11-09 14:03:32"},{"nodeID":"1347219","text":"Analysing","type":"YA","timestamp":"2023-11-09 14:03:32"},{"nodeID":"1347220","text":"Amelie: Emily Thornberry: somehow or other you think it might be a good idea to have a bully boy on your side","type":"L","timestamp":"2023-11-09 14:03:32"},{"nodeID":"1347221","text":"Asserting","type":"YA","timestamp":"2023-11-09 14:03:32"},{"nodeID":"1347222","text":"xxx is why the politicians think it's a good idea to have a bully boy on their side","type":"I","timestamp":"2023-11-09 14:03:34"},{"nodeID":"1347223","text":"Emily Thornberry: Why is that","type":"L","timestamp":"2023-11-09 14:03:34"},{"nodeID":"1347224","text":"Analysing","type":"YA","timestamp":"2023-11-09 14:03:34"},{"nodeID":"1347225","text":"Amelie: Emily Thornberry: Why is that","type":"L","timestamp":"2023-11-09 14:03:34"},{"nodeID":"1347226","text":"Pure Questioning","type":"YA","timestamp":"2023-11-09 14:03:34"},{"nodeID":"1347227","text":"weakness is again why the politicians think it's a good idea to have a bully boy on their side","type":"I","timestamp":"2023-11-09 14:03:36"},{"nodeID":"1347228","text":"Emily Thornberry: It\u2019s weakness again","type":"L","timestamp":"2023-11-09 14:03:36"},{"nodeID":"1347229","text":"Analysing","type":"YA","timestamp":"2023-11-09 14:03:36"},{"nodeID":"1347230","text":"Amelie: Emily Thornberry: It\u2019s weakness again","type":"L","timestamp":"2023-11-09 14:03:36"},{"nodeID":"1347231","text":"Asserting","type":"YA","timestamp":"2023-11-09 14:03:36"},{"nodeID":"1347232","text":"Default Rephrase","type":"MA","timestamp":"2023-11-09 14:03:36"},{"nodeID":"1347233","text":"Default Transition","type":"TA","timestamp":"2023-11-09 14:03:36"},{"nodeID":"1347234","text":"Default Illocuting","type":"YA","timestamp":"2023-11-09 14:03:36"},{"nodeID":"1347235","text":"Default Rephrase","type":"MA","timestamp":"2023-11-09 14:03:36"},{"nodeID":"1347236","text":"Default Transition","type":"TA","timestamp":"2023-11-09 14:03:36"},{"nodeID":"1347237","text":"Restating","type":"YA","timestamp":"2023-11-09 14:03:36"},{"nodeID":"1347238","text":"Default Inference","type":"RA","timestamp":"2023-11-09 14:03:36"},{"nodeID":"1347239","text":"Default Transition","type":"TA","timestamp":"2023-11-09 14:03:36"},{"nodeID":"1347240","text":"Arguing","type":"YA","timestamp":"2023-11-09 14:03:36"},{"nodeID":"1347241","text":"Default Conflict","type":"CA","timestamp":"2023-11-09 14:03:36"},{"nodeID":"1347242","text":"Default Transition","type":"TA","timestamp":"2023-11-09 14:03:36"},{"nodeID":"1347243","text":"Disagreeing","type":"YA","timestamp":"2023-11-09 14:03:36"},{"nodeID":"1347244","text":"the conservative party is so divided the politicians can\u2019t hold it together","type":"I","timestamp":"2023-11-09 14:03:37"},{"nodeID":"1347245","text":"Emily Thornberry: your party is so divided you can\u2019t hold it together","type":"L","timestamp":"2023-11-09 14:03:37"},{"nodeID":"1347246","text":"Analysing","type":"YA","timestamp":"2023-11-09 14:03:37"},{"nodeID":"1347247","text":"Amelie: Emily Thornberry: your party is so divided you can\u2019t hold it together","type":"L","timestamp":"2023-11-09 14:03:37"},{"nodeID":"1347248","text":"Asserting","type":"YA","timestamp":"2023-11-09 14:03:37"},{"nodeID":"1347249","text":"the politicians put up with all kinds of bad behaviour","type":"I","timestamp":"2023-11-09 14:03:39"},{"nodeID":"1347250","text":"Emily Thornberry: you put up with all kinds of bad behaviour","type":"L","timestamp":"2023-11-09 14:03:39"},{"nodeID":"1347251","text":"Analysing","type":"YA","timestamp":"2023-11-09 14:03:39"},{"nodeID":"1347252","text":"Amelie: Emily Thornberry: you put up with all kinds of bad behaviour","type":"L","timestamp":"2023-11-09 14:03:39"},{"nodeID":"1347253","text":"Asserting","type":"YA","timestamp":"2023-11-09 14:03:39"},{"nodeID":"1347254","text":"the politicians in government are letting us all down","type":"I","timestamp":"2023-11-09 14:03:41"},{"nodeID":"1347255","text":"Emily Thornberry: they\u2019re letting us all down","type":"L","timestamp":"2023-11-09 14:03:41"},{"nodeID":"1347256","text":"Analysing","type":"YA","timestamp":"2023-11-09 14:03:41"},{"nodeID":"1347257","text":"Amelie: Emily Thornberry: they\u2019re letting us all down","type":"L","timestamp":"2023-11-09 14:03:41"},{"nodeID":"1347258","text":"Asserting","type":"YA","timestamp":"2023-11-09 14:03:41"},{"nodeID":"1347259","text":"Default Inference","type":"RA","timestamp":"2023-11-09 14:03:41"},{"nodeID":"1347260","text":"Default Transition","type":"TA","timestamp":"2023-11-09 14:03:41"},{"nodeID":"1347261","text":"Arguing","type":"YA","timestamp":"2023-11-09 14:03:41"},{"nodeID":"1347262","text":"Default Transition","type":"TA","timestamp":"2023-11-09 14:03:41"},{"nodeID":"1347263","text":"Default Transition","type":"TA","timestamp":"2023-11-09 14:03:41"},{"nodeID":"1347264","text":"Default Rephrase","type":"MA","timestamp":"2023-11-09 14:03:41"},{"nodeID":"1347265","text":"Default Transition","type":"TA","timestamp":"2023-11-09 14:03:41"},{"nodeID":"1347266","text":"Restating","type":"YA","timestamp":"2023-11-09 14:03:41"},{"nodeID":"1347267","text":"Default Transition","type":"TA","timestamp":"2023-11-09 14:03:41"},{"nodeID":"1347268","text":"Default Transition","type":"TA","timestamp":"2023-11-09 14:03:41"},{"nodeID":"1347269","text":"Default Inference","type":"RA","timestamp":"2023-11-09 14:03:41"},{"nodeID":"1347270","text":"Default Transition","type":"TA","timestamp":"2023-11-09 14:03:41"},{"nodeID":"1347271","text":"Arguing","type":"YA","timestamp":"2023-11-09 14:03:41"},{"nodeID":"1347272","text":"Default Transition","type":"TA","timestamp":"2023-11-09 14:03:41"},{"nodeID":"1347273","text":"Default Rephrase","type":"MA","timestamp":"2023-11-09 14:03:41"},{"nodeID":"1347274","text":"Default Transition","type":"TA","timestamp":"2023-11-09 14:03:41"},{"nodeID":"1347275","text":"Restating","type":"YA","timestamp":"2023-11-09 14:03:41"},{"nodeID":"1347276","text":"Default Rephrase","type":"MA","timestamp":"2023-11-09 14:03:41"},{"nodeID":"1347277","text":"Restating","type":"YA","timestamp":"2023-11-09 14:03:41"},{"nodeID":"1347278","text":"Theo Paphitis: They are","type":"L","timestamp":"2023-11-09 14:03:41"},{"nodeID":"1347279","text":"Analysing","type":"YA","timestamp":"2023-11-09 14:03:41"},{"nodeID":"1347280","text":"Amelie: Theo Paphitis: They are","type":"L","timestamp":"2023-11-09 14:03:41"},{"nodeID":"1347281","text":"Default Transition","type":"TA","timestamp":"2023-11-09 14:03:41"},{"nodeID":"1347282","text":"Theo Paphitis is a businessman","type":"I","timestamp":"2023-11-09 14:03:43"},{"nodeID":"1347283","text":"Theo Paphitis: as a businessman","type":"L","timestamp":"2023-11-09 14:03:43"},{"nodeID":"1347284","text":"Analysing","type":"YA","timestamp":"2023-11-09 14:03:43"},{"nodeID":"1347285","text":"Amelie: Theo Paphitis: as a businessman","type":"L","timestamp":"2023-11-09 14:03:43"},{"nodeID":"1347286","text":"Asserting","type":"YA","timestamp":"2023-11-09 14:03:43"},{"nodeID":"1347287","text":"Theo Paphitis is sort of finished with politicians","type":"I","timestamp":"2023-11-09 14:03:45"},{"nodeID":"1347288","text":"Theo Paphitis: I\u2019m sort of finished with politicians","type":"L","timestamp":"2023-11-09 14:03:45"},{"nodeID":"1347289","text":"Analysing","type":"YA","timestamp":"2023-11-09 14:03:45"},{"nodeID":"1347290","text":"Amelie: Theo Paphitis: I\u2019m sort of finished with politicians","type":"L","timestamp":"2023-11-09 14:03:45"},{"nodeID":"1347291","text":"Asserting","type":"YA","timestamp":"2023-11-09 14:03:45"},{"nodeID":"1347292","text":"Default Transition","type":"TA","timestamp":"2023-11-09 14:03:45"},{"nodeID":"1347293","text":"Default Transition","type":"TA","timestamp":"2023-11-09 14:03:45"},{"nodeID":"1347294","text":"Theo Paphitis is or isn't including the present crop in the politicians he is finished with","type":"I","timestamp":"2023-11-09 14:03:46"},{"nodeID":"1347295","text":"Fiona Bruce: Are you including the present crop","type":"L","timestamp":"2023-11-09 14:03:46"},{"nodeID":"1347296","text":"Analysing","type":"YA","timestamp":"2023-11-09 14:03:46"},{"nodeID":"1347297","text":"Amelie: Fiona Bruce: Are you including the present crop","type":"L","timestamp":"2023-11-09 14:03:46"},{"nodeID":"1347298","text":"Pure Questioning","type":"YA","timestamp":"2023-11-09 14:03:46"},{"nodeID":"1347299","text":"Default Transition","type":"TA","timestamp":"2023-11-09 14:03:46"},{"nodeID":"1347300","text":"Theo Paphitis and the others all seemed to be getting on quite well in the greenroom beforehand","type":"I","timestamp":"2023-11-09 14:03:47"},{"nodeID":"1347301","text":"Fiona Bruce: You all seemed to be getting on quite well in the greenroom beforehand","type":"L","timestamp":"2023-11-09 14:03:47"},{"nodeID":"1347302","text":"Analysing","type":"YA","timestamp":"2023-11-09 14:03:47"},{"nodeID":"1347303","text":"Amelie: Fiona Bruce: You all seemed to be getting on quite well in the greenroom beforehand","type":"L","timestamp":"2023-11-09 14:03:47"},{"nodeID":"1347304","text":"Asserting","type":"YA","timestamp":"2023-11-09 14:03:47"},{"nodeID":"1347305","text":"Default Conflict","type":"CA","timestamp":"2023-11-09 14:03:47"},{"nodeID":"1347306","text":"Default Transition","type":"TA","timestamp":"2023-11-09 14:03:47"},{"nodeID":"1347307","text":"Disagreeing","type":"YA","timestamp":"2023-11-09 14:03:47"},{"nodeID":"1347308","text":"Theo Paphitis is or isn't including the current lot of politicians as well","type":"I","timestamp":"2023-11-09 14:03:49"},{"nodeID":"1347309","text":"Fiona Bruce: are you including this lot as well","type":"L","timestamp":"2023-11-09 14:03:49"},{"nodeID":"1347310","text":"Analysing","type":"YA","timestamp":"2023-11-09 14:03:49"},{"nodeID":"1347311","text":"Amelie: Fiona Bruce: are you including this lot as well","type":"L","timestamp":"2023-11-09 14:03:49"},{"nodeID":"1347312","text":"Pure Questioning","type":"YA","timestamp":"2023-11-09 14:03:49"},{"nodeID":"1347313","text":"Default Rephrase","type":"MA","timestamp":"2023-11-09 14:03:49"},{"nodeID":"1347314","text":"Default Transition","type":"TA","timestamp":"2023-11-09 14:03:49"},{"nodeID":"1347315","text":"Restating","type":"YA","timestamp":"2023-11-09 14:03:49"},{"nodeID":"1347316","text":"Agreeing","type":"YA","timestamp":"2023-11-09 14:03:49"}],"edges":[{"edgeID":"1765007","fromID":"1347176","toID":"1347175","formEdgeID":null},{"edgeID":"1765008","fromID":"1347177","toID":"1347176","formEdgeID":null},{"edgeID":"1765009","fromID":"1347175","toID":"1347178","formEdgeID":null},{"edgeID":"1765010","fromID":"1347178","toID":"1347174","formEdgeID":null},{"edgeID":"1765011","fromID":"1347181","toID":"1347180","formEdgeID":null},{"edgeID":"1765012","fromID":"1347182","toID":"1347181","formEdgeID":null},{"edgeID":"1765013","fromID":"1347180","toID":"1347183","formEdgeID":null},{"edgeID":"1765014","fromID":"1347183","toID":"1347179","formEdgeID":null},{"edgeID":"1765015","fromID":"1347186","toID":"1347185","formEdgeID":null},{"edgeID":"1765016","fromID":"1347187","toID":"1347186","formEdgeID":null},{"edgeID":"1765017","fromID":"1347185","toID":"1347188","formEdgeID":null},{"edgeID":"1765018","fromID":"1347188","toID":"1347184","formEdgeID":null},{"edgeID":"1765019","fromID":"1347191","toID":"1347190","formEdgeID":null},{"edgeID":"1765020","fromID":"1347192","toID":"1347191","formEdgeID":null},{"edgeID":"1765021","fromID":"1347190","toID":"1347193","formEdgeID":null},{"edgeID":"1765022","fromID":"1347193","toID":"1347189","formEdgeID":null},{"edgeID":"1765023","fromID":"1347196","toID":"1347195","formEdgeID":null},{"edgeID":"1765024","fromID":"1347197","toID":"1347196","formEdgeID":null},{"edgeID":"1765025","fromID":"1347195","toID":"1347198","formEdgeID":null},{"edgeID":"1765026","fromID":"1347198","toID":"1347194","formEdgeID":null},{"edgeID":"1765027","fromID":"1347194","toID":"1347199","formEdgeID":null},{"edgeID":"1765028","fromID":"1347199","toID":"1347189","formEdgeID":null},{"edgeID":"1765029","fromID":"1347190","toID":"1347200","formEdgeID":null},{"edgeID":"1765030","fromID":"1347200","toID":"1347195","formEdgeID":null},{"edgeID":"1765031","fromID":"1347200","toID":"1347201","formEdgeID":null},{"edgeID":"1765032","fromID":"1347201","toID":"1347199","formEdgeID":null},{"edgeID":"1765033","fromID":"1347204","toID":"1347203","formEdgeID":null},{"edgeID":"1765034","fromID":"1347205","toID":"1347204","formEdgeID":null},{"edgeID":"1765035","fromID":"1347203","toID":"1347206","formEdgeID":null},{"edgeID":"1765036","fromID":"1347206","toID":"1347202","formEdgeID":null},{"edgeID":"1765037","fromID":"1347209","toID":"1347208","formEdgeID":null},{"edgeID":"1765038","fromID":"1347210","toID":"1347209","formEdgeID":null},{"edgeID":"1765039","fromID":"1347208","toID":"1347211","formEdgeID":null},{"edgeID":"1765040","fromID":"1347211","toID":"1347207","formEdgeID":null},{"edgeID":"1765041","fromID":"1347214","toID":"1347213","formEdgeID":null},{"edgeID":"1765042","fromID":"1347215","toID":"1347214","formEdgeID":null},{"edgeID":"1765043","fromID":"1347213","toID":"1347216","formEdgeID":null},{"edgeID":"1765044","fromID":"1347216","toID":"1347212","formEdgeID":null},{"edgeID":"1765045","fromID":"1347219","toID":"1347218","formEdgeID":null},{"edgeID":"1765046","fromID":"1347220","toID":"1347219","formEdgeID":null},{"edgeID":"1765047","fromID":"1347218","toID":"1347221","formEdgeID":null},{"edgeID":"1765048","fromID":"1347221","toID":"1347217","formEdgeID":null},{"edgeID":"1765049","fromID":"1347224","toID":"1347223","formEdgeID":null},{"edgeID":"1765050","fromID":"1347225","toID":"1347224","formEdgeID":null},{"edgeID":"1765051","fromID":"1347223","toID":"1347226","formEdgeID":null},{"edgeID":"1765052","fromID":"1347226","toID":"1347222","formEdgeID":null},{"edgeID":"1765053","fromID":"1347229","toID":"1347228","formEdgeID":null},{"edgeID":"1765054","fromID":"1347230","toID":"1347229","formEdgeID":null},{"edgeID":"1765055","fromID":"1347228","toID":"1347231","formEdgeID":null},{"edgeID":"1765056","fromID":"1347231","toID":"1347227","formEdgeID":null},{"edgeID":"1765057","fromID":"1347227","toID":"1347232","formEdgeID":null},{"edgeID":"1765058","fromID":"1347232","toID":"1347222","formEdgeID":null},{"edgeID":"1765059","fromID":"1347223","toID":"1347233","formEdgeID":null},{"edgeID":"1765060","fromID":"1347233","toID":"1347228","formEdgeID":null},{"edgeID":"1765061","fromID":"1347233","toID":"1347234","formEdgeID":null},{"edgeID":"1765062","fromID":"1347234","toID":"1347232","formEdgeID":null},{"edgeID":"1765063","fromID":"1347179","toID":"1347235","formEdgeID":null},{"edgeID":"1765064","fromID":"1347235","toID":"1347174","formEdgeID":null},{"edgeID":"1765065","fromID":"1347175","toID":"1347236","formEdgeID":null},{"edgeID":"1765066","fromID":"1347236","toID":"1347180","formEdgeID":null},{"edgeID":"1765067","fromID":"1347236","toID":"1347237","formEdgeID":null},{"edgeID":"1765068","fromID":"1347237","toID":"1347235","formEdgeID":null},{"edgeID":"1765069","fromID":"1347202","toID":"1347238","formEdgeID":null},{"edgeID":"1765070","fromID":"1347238","toID":"1347189","formEdgeID":null},{"edgeID":"1765071","fromID":"1347190","toID":"1347239","formEdgeID":null},{"edgeID":"1765072","fromID":"1347239","toID":"1347203","formEdgeID":null},{"edgeID":"1765073","fromID":"1347239","toID":"1347240","formEdgeID":null},{"edgeID":"1765074","fromID":"1347240","toID":"1347238","formEdgeID":null},{"edgeID":"1765075","fromID":"1347217","toID":"1347241","formEdgeID":null},{"edgeID":"1765076","fromID":"1347241","toID":"1347212","formEdgeID":null},{"edgeID":"1765077","fromID":"1347213","toID":"1347242","formEdgeID":null},{"edgeID":"1765078","fromID":"1347242","toID":"1347218","formEdgeID":null},{"edgeID":"1765079","fromID":"1347242","toID":"1347243","formEdgeID":null},{"edgeID":"1765080","fromID":"1347243","toID":"1347241","formEdgeID":null},{"edgeID":"1765081","fromID":"1347246","toID":"1347245","formEdgeID":null},{"edgeID":"1765082","fromID":"1347247","toID":"1347246","formEdgeID":null},{"edgeID":"1765083","fromID":"1347245","toID":"1347248","formEdgeID":null},{"edgeID":"1765084","fromID":"1347248","toID":"1347244","formEdgeID":null},{"edgeID":"1765085","fromID":"1347251","toID":"1347250","formEdgeID":null},{"edgeID":"1765086","fromID":"1347252","toID":"1347251","formEdgeID":null},{"edgeID":"1765087","fromID":"1347250","toID":"1347253","formEdgeID":null},{"edgeID":"1765088","fromID":"1347253","toID":"1347249","formEdgeID":null},{"edgeID":"1765089","fromID":"1347256","toID":"1347255","formEdgeID":null},{"edgeID":"1765090","fromID":"1347257","toID":"1347256","formEdgeID":null},{"edgeID":"1765091","fromID":"1347255","toID":"1347258","formEdgeID":null},{"edgeID":"1765092","fromID":"1347258","toID":"1347254","formEdgeID":null},{"edgeID":"1765093","fromID":"1347244","toID":"1347259","formEdgeID":null},{"edgeID":"1765094","fromID":"1347259","toID":"1347227","formEdgeID":null},{"edgeID":"1765095","fromID":"1347228","toID":"1347260","formEdgeID":null},{"edgeID":"1765096","fromID":"1347260","toID":"1347245","formEdgeID":null},{"edgeID":"1765097","fromID":"1347260","toID":"1347261","formEdgeID":null},{"edgeID":"1765098","fromID":"1347261","toID":"1347259","formEdgeID":null},{"edgeID":"1765099","fromID":"1347180","toID":"1347262","formEdgeID":null},{"edgeID":"1765100","fromID":"1347262","toID":"1347185","formEdgeID":null},{"edgeID":"1765101","fromID":"1347185","toID":"1347263","formEdgeID":null},{"edgeID":"1765102","fromID":"1347263","toID":"1347190","formEdgeID":null},{"edgeID":"1765103","fromID":"1347207","toID":"1347264","formEdgeID":null},{"edgeID":"1765104","fromID":"1347264","toID":"1347184","formEdgeID":null},{"edgeID":"1765105","fromID":"1347185","toID":"1347265","formEdgeID":null},{"edgeID":"1765106","fromID":"1347265","toID":"1347208","formEdgeID":null},{"edgeID":"1765107","fromID":"1347265","toID":"1347266","formEdgeID":null},{"edgeID":"1765108","fromID":"1347266","toID":"1347264","formEdgeID":null},{"edgeID":"1765109","fromID":"1347208","toID":"1347267","formEdgeID":null},{"edgeID":"1765110","fromID":"1347267","toID":"1347213","formEdgeID":null},{"edgeID":"1765111","fromID":"1347218","toID":"1347268","formEdgeID":null},{"edgeID":"1765112","fromID":"1347268","toID":"1347223","formEdgeID":null},{"edgeID":"1765113","fromID":"1347244","toID":"1347269","formEdgeID":null},{"edgeID":"1765114","fromID":"1347269","toID":"1347249","formEdgeID":null},{"edgeID":"1765115","fromID":"1347245","toID":"1347270","formEdgeID":null},{"edgeID":"1765116","fromID":"1347270","toID":"1347250","formEdgeID":null},{"edgeID":"1765117","fromID":"1347270","toID":"1347271","formEdgeID":null},{"edgeID":"1765118","fromID":"1347271","toID":"1347269","formEdgeID":null},{"edgeID":"1765119","fromID":"1347250","toID":"1347272","formEdgeID":null},{"edgeID":"1765120","fromID":"1347272","toID":"1347255","formEdgeID":null},{"edgeID":"1765121","fromID":"1347227","toID":"1347273","formEdgeID":null},{"edgeID":"1765122","fromID":"1347273","toID":"1347174","formEdgeID":null},{"edgeID":"1765123","fromID":"1347175","toID":"1347274","formEdgeID":null},{"edgeID":"1765124","fromID":"1347274","toID":"1347228","formEdgeID":null},{"edgeID":"1765125","fromID":"1347274","toID":"1347275","formEdgeID":null},{"edgeID":"1765126","fromID":"1347275","toID":"1347273","formEdgeID":null},{"edgeID":"1765127","fromID":"1347222","toID":"1347276","formEdgeID":null},{"edgeID":"1765128","fromID":"1347276","toID":"1347217","formEdgeID":null},{"edgeID":"1765129","fromID":"1347268","toID":"1347277","formEdgeID":null},{"edgeID":"1765130","fromID":"1347277","toID":"1347276","formEdgeID":null},{"edgeID":"1765131","fromID":"1347279","toID":"1347278","formEdgeID":null},{"edgeID":"1765132","fromID":"1347280","toID":"1347279","formEdgeID":null},{"edgeID":"1765133","fromID":"1347255","toID":"1347281","formEdgeID":null},{"edgeID":"1765134","fromID":"1347281","toID":"1347278","formEdgeID":null},{"edgeID":"1765135","fromID":"1347284","toID":"1347283","formEdgeID":null},{"edgeID":"1765136","fromID":"1347285","toID":"1347284","formEdgeID":null},{"edgeID":"1765137","fromID":"1347283","toID":"1347286","formEdgeID":null},{"edgeID":"1765138","fromID":"1347286","toID":"1347282","formEdgeID":null},{"edgeID":"1765139","fromID":"1347289","toID":"1347288","formEdgeID":null},{"edgeID":"1765140","fromID":"1347290","toID":"1347289","formEdgeID":null},{"edgeID":"1765141","fromID":"1347288","toID":"1347291","formEdgeID":null},{"edgeID":"1765142","fromID":"1347291","toID":"1347287","formEdgeID":null},{"edgeID":"1765143","fromID":"1347283","toID":"1347292","formEdgeID":null},{"edgeID":"1765144","fromID":"1347292","toID":"1347288","formEdgeID":null},{"edgeID":"1765145","fromID":"1347278","toID":"1347293","formEdgeID":null},{"edgeID":"1765146","fromID":"1347293","toID":"1347283","formEdgeID":null},{"edgeID":"1765147","fromID":"1347296","toID":"1347295","formEdgeID":null},{"edgeID":"1765148","fromID":"1347297","toID":"1347296","formEdgeID":null},{"edgeID":"1765149","fromID":"1347295","toID":"1347298","formEdgeID":null},{"edgeID":"1765150","fromID":"1347298","toID":"1347294","formEdgeID":null},{"edgeID":"1765151","fromID":"1347288","toID":"1347299","formEdgeID":null},{"edgeID":"1765152","fromID":"1347299","toID":"1347295","formEdgeID":null},{"edgeID":"1765153","fromID":"1347302","toID":"1347301","formEdgeID":null},{"edgeID":"1765154","fromID":"1347303","toID":"1347302","formEdgeID":null},{"edgeID":"1765155","fromID":"1347301","toID":"1347304","formEdgeID":null},{"edgeID":"1765156","fromID":"1347304","toID":"1347300","formEdgeID":null},{"edgeID":"1765157","fromID":"1347300","toID":"1347305","formEdgeID":null},{"edgeID":"1765158","fromID":"1347305","toID":"1347287","formEdgeID":null},{"edgeID":"1765159","fromID":"1347288","toID":"1347306","formEdgeID":null},{"edgeID":"1765160","fromID":"1347306","toID":"1347301","formEdgeID":null},{"edgeID":"1765161","fromID":"1347306","toID":"1347307","formEdgeID":null},{"edgeID":"1765162","fromID":"1347307","toID":"1347305","formEdgeID":null},{"edgeID":"1765163","fromID":"1347310","toID":"1347309","formEdgeID":null},{"edgeID":"1765164","fromID":"1347311","toID":"1347310","formEdgeID":null},{"edgeID":"1765165","fromID":"1347309","toID":"1347312","formEdgeID":null},{"edgeID":"1765166","fromID":"1347312","toID":"1347308","formEdgeID":null},{"edgeID":"1765167","fromID":"1347308","toID":"1347313","formEdgeID":null},{"edgeID":"1765168","fromID":"1347313","toID":"1347294","formEdgeID":null},{"edgeID":"1765169","fromID":"1347295","toID":"1347314","formEdgeID":null},{"edgeID":"1765170","fromID":"1347314","toID":"1347309","formEdgeID":null},{"edgeID":"1765171","fromID":"1347314","toID":"1347315","formEdgeID":null},{"edgeID":"1765172","fromID":"1347315","toID":"1347313","formEdgeID":null},{"edgeID":"1765173","fromID":"1347281","toID":"1347316","formEdgeID":null},{"edgeID":"1765174","fromID":"1347316","toID":"1347254","formEdgeID":null}],"locutions":[]}