{"nodes":[{"nodeID":"1349376","text":"the COP process couldn\u2019t be more important","type":"I","timestamp":"2023-11-09 14:07:17"},{"nodeID":"1349377","text":"Caroline Lucas:  it couldn\u2019t be more important","type":"L","timestamp":"2023-11-09 14:07:17"},{"nodeID":"1349378","text":"Analysing","type":"YA","timestamp":"2023-11-09 14:07:17"},{"nodeID":"1349379","text":"Anon: Caroline Lucas:  it couldn\u2019t be more important","type":"L","timestamp":"2023-11-09 14:07:17"},{"nodeID":"1349380","text":"Asserting","type":"YA","timestamp":"2023-11-09 14:07:17"},{"nodeID":"1349381","text":"we\u2019ve just had the UN Secretary General saying in no uncertain terms that we are on a highway to climate hell and the foot is still on the accelerator","type":"I","timestamp":"2023-11-09 14:07:18"},{"nodeID":"1349382","text":"Caroline Lucas: We\u2019ve just had the UN Secretary General saying in no uncertain terms that we are on a highway to climate hell and the foot is still on the accelerator","type":"L","timestamp":"2023-11-09 14:07:18"},{"nodeID":"1349383","text":"Analysing","type":"YA","timestamp":"2023-11-09 14:07:18"},{"nodeID":"1349384","text":"Anon: Caroline Lucas: We\u2019ve just had the UN Secretary General saying in no uncertain terms that we are on a highway to climate hell and the foot is still on the accelerator","type":"L","timestamp":"2023-11-09 14:07:18"},{"nodeID":"1349385","text":"Asserting","type":"YA","timestamp":"2023-11-09 14:07:18"},{"nodeID":"1349386","text":"Default Inference","type":"RA","timestamp":"2023-11-09 14:07:18"},{"nodeID":"1349387","text":"Default Transition","type":"TA","timestamp":"2023-11-09 14:07:18"},{"nodeID":"1349388","text":"Arguing","type":"YA","timestamp":"2023-11-09 14:07:18"},{"nodeID":"1349389","text":"you look at what governments are planning to do across the world","type":"I","timestamp":"2023-11-09 14:07:19"},{"nodeID":"1349390","text":"Caroline Lucas: you look at what governments are planning to do across the world","type":"L","timestamp":"2023-11-09 14:07:19"},{"nodeID":"1349391","text":"Analysing","type":"YA","timestamp":"2023-11-09 14:07:19"},{"nodeID":"1349392","text":"Anon: Caroline Lucas: you look at what governments are planning to do across the world","type":"L","timestamp":"2023-11-09 14:07:19"},{"nodeID":"1349393","text":"Asserting","type":"YA","timestamp":"2023-11-09 14:07:19"},{"nodeID":"1349394","text":"governments across the world are planning to produce more than twice the amount of fossil fuels than would be compatible with staying below 1.5 degrees","type":"I","timestamp":"2023-11-09 14:07:19"},{"nodeID":"1349395","text":"Caroline Lucas:  they\u2019re planning to produce more than twice the amount of fossil fuels than would be compatible with staying below 1.5 degrees","type":"L","timestamp":"2023-11-09 14:07:19"},{"nodeID":"1349396","text":"Analysing","type":"YA","timestamp":"2023-11-09 14:07:19"},{"nodeID":"1349397","text":"Anon: Caroline Lucas:  they\u2019re planning to produce more than twice the amount of fossil fuels than would be compatible with staying below 1.5 degrees","type":"L","timestamp":"2023-11-09 14:07:19"},{"nodeID":"1349398","text":"Asserting","type":"YA","timestamp":"2023-11-09 14:07:19"},{"nodeID":"1349399","text":"Default Rephrase","type":"MA","timestamp":"2023-11-09 14:07:19"},{"nodeID":"1349400","text":"Default Transition","type":"TA","timestamp":"2023-11-09 14:07:19"},{"nodeID":"1349401","text":"Default Transition","type":"TA","timestamp":"2023-11-09 14:07:19"},{"nodeID":"1349402","text":"Restating","type":"YA","timestamp":"2023-11-09 14:07:19"},{"nodeID":"1349403","text":"it is massively important that there is an agreement at this COP27 meeting","type":"I","timestamp":"2023-11-09 14:07:20"},{"nodeID":"1349404","text":"Caroline Lucas:  it is massively important that there is an agreement at this COP27 meeting","type":"L","timestamp":"2023-11-09 14:07:20"},{"nodeID":"1349405","text":"Analysing","type":"YA","timestamp":"2023-11-09 14:07:20"},{"nodeID":"1349406","text":"Anon: Caroline Lucas:  it is massively important that there is an agreement at this COP27 meeting","type":"L","timestamp":"2023-11-09 14:07:20"},{"nodeID":"1349407","text":"Asserting","type":"YA","timestamp":"2023-11-09 14:07:20"},{"nodeID":"1349408","text":"Default Inference","type":"RA","timestamp":"2023-11-09 14:07:20"},{"nodeID":"1349409","text":"Default Transition","type":"TA","timestamp":"2023-11-09 14:07:20"},{"nodeID":"1349410","text":"Arguing","type":"YA","timestamp":"2023-11-09 14:07:20"},{"nodeID":"1349411","text":"xxx is how optimistic Caroline Lucas is","type":"I","timestamp":"2023-11-09 14:07:21"},{"nodeID":"1349412","text":"Fiona Bruce: And how optimistic are you, Caroline","type":"L","timestamp":"2023-11-09 14:07:21"},{"nodeID":"1349413","text":"Analysing","type":"YA","timestamp":"2023-11-09 14:07:21"},{"nodeID":"1349414","text":"Anon: Fiona Bruce: And how optimistic are you, Caroline","type":"L","timestamp":"2023-11-09 14:07:21"},{"nodeID":"1349415","text":"Pure Questioning","type":"YA","timestamp":"2023-11-09 14:07:21"},{"nodeID":"1349416","text":"we had COP26 last year and lots of pledges were made","type":"I","timestamp":"2023-11-09 14:07:21"},{"nodeID":"1349417","text":"Caroline Lucas:  we had COP26 last year and lots of pledges were made","type":"L","timestamp":"2023-11-09 14:07:21"},{"nodeID":"1349418","text":"Analysing","type":"YA","timestamp":"2023-11-09 14:07:21"},{"nodeID":"1349419","text":"Anon: Caroline Lucas:  we had COP26 last year and lots of pledges were made","type":"L","timestamp":"2023-11-09 14:07:21"},{"nodeID":"1349420","text":"Asserting","type":"YA","timestamp":"2023-11-09 14:07:21"},{"nodeID":"1349421","text":"few of the pledges made at COP26 have actually come to pass","type":"I","timestamp":"2023-11-09 14:07:22"},{"nodeID":"1349422","text":"Fiona Bruce: Few of those pledges have actually come to pass","type":"L","timestamp":"2023-11-09 14:07:22"},{"nodeID":"1349423","text":"Analysing","type":"YA","timestamp":"2023-11-09 14:07:22"},{"nodeID":"1349424","text":"Anon: Fiona Bruce: Few of those pledges have actually come to pass","type":"L","timestamp":"2023-11-09 14:07:22"},{"nodeID":"1349425","text":"Asserting","type":"YA","timestamp":"2023-11-09 14:07:22"},{"nodeID":"1349426","text":"Default Transition","type":"TA","timestamp":"2023-11-09 14:07:22"},{"nodeID":"1349427","text":"Default Transition","type":"TA","timestamp":"2023-11-09 14:07:22"},{"nodeID":"1349428","text":"Default Transition","type":"TA","timestamp":"2023-11-09 14:07:22"},{"nodeID":"1349429","text":"Default Conflict","type":"CA","timestamp":"2023-11-09 14:07:22"},{"nodeID":"1349430","text":"Disagreeing","type":"YA","timestamp":"2023-11-09 14:07:22"},{"nodeID":"1349431","text":"the COP process is the only game in town","type":"I","timestamp":"2023-11-09 14:07:23"},{"nodeID":"1349432","text":"Caroline Lucas:  it is the only game in town","type":"L","timestamp":"2023-11-09 14:07:23"},{"nodeID":"1349433","text":"Analysing","type":"YA","timestamp":"2023-11-09 14:07:23"},{"nodeID":"1349434","text":"Anon: Caroline Lucas:  it is the only game in town","type":"L","timestamp":"2023-11-09 14:07:23"},{"nodeID":"1349435","text":"Asserting","type":"YA","timestamp":"2023-11-09 14:07:23"},{"nodeID":"1349436","text":"there\u2019s plenty of reasons to be looking at why one would feel depressed","type":"I","timestamp":"2023-11-09 14:07:23"},{"nodeID":"1349437","text":"Caroline Lucas:  there\u2019s plenty of reasons to be looking at why one would feel depressed","type":"L","timestamp":"2023-11-09 14:07:23"},{"nodeID":"1349438","text":"Analysing","type":"YA","timestamp":"2023-11-09 14:07:23"},{"nodeID":"1349439","text":"Anon: Caroline Lucas:  there\u2019s plenty of reasons to be looking at why one would feel depressed","type":"L","timestamp":"2023-11-09 14:07:23"},{"nodeID":"1349440","text":"Asserting","type":"YA","timestamp":"2023-11-09 14:07:23"},{"nodeID":"1349441","text":"Default Transition","type":"TA","timestamp":"2023-11-09 14:07:23"},{"nodeID":"1349442","text":"in the UK, there\u2019s such a gap between what politicians are saying and what they\u2019re doing","type":"I","timestamp":"2023-11-09 14:07:24"},{"nodeID":"1349443","text":"Caroline Lucas: There\u2019s such a gap between what politicians are saying and what they\u2019re doing","type":"L","timestamp":"2023-11-09 14:07:24"},{"nodeID":"1349444","text":"Analysing","type":"YA","timestamp":"2023-11-09 14:07:24"},{"nodeID":"1349445","text":"Anon: Caroline Lucas: There\u2019s such a gap between what politicians are saying and what they\u2019re doing","type":"L","timestamp":"2023-11-09 14:07:24"},{"nodeID":"1349446","text":"Asserting","type":"YA","timestamp":"2023-11-09 14:07:24"},{"nodeID":"1349447","text":"we had Rishi Sunak claiming that he\u2019s going to go faster","type":"I","timestamp":"2023-11-09 14:07:25"},{"nodeID":"1349448","text":"Caroline Lucas: we had Rishi Sunak claiming that he\u2019s going to go faster","type":"L","timestamp":"2023-11-09 14:07:25"},{"nodeID":"1349449","text":"Analysing","type":"YA","timestamp":"2023-11-09 14:07:25"},{"nodeID":"1349450","text":"Anon: Caroline Lucas: we had Rishi Sunak claiming that he\u2019s going to go faster","type":"L","timestamp":"2023-11-09 14:07:25"},{"nodeID":"1349451","text":"Asserting","type":"YA","timestamp":"2023-11-09 14:07:25"},{"nodeID":"1349452","text":"what Rishi Sunak is doing is greenlighting yet more oil and gas","type":"I","timestamp":"2023-11-09 14:07:25"},{"nodeID":"1349453","text":"Caroline Lucas: what he\u2019s doing is greenlighting yet more oil and gas","type":"L","timestamp":"2023-11-09 14:07:25"},{"nodeID":"1349454","text":"Analysing","type":"YA","timestamp":"2023-11-09 14:07:25"},{"nodeID":"1349455","text":"Anon: Caroline Lucas: what he\u2019s doing is greenlighting yet more oil and gas","type":"L","timestamp":"2023-11-09 14:07:25"},{"nodeID":"1349456","text":"Asserting","type":"YA","timestamp":"2023-11-09 14:07:25"},{"nodeID":"1349457","text":"Rishi Sunak is refusing to rule out a new coal mine of all things","type":"I","timestamp":"2023-11-09 14:07:26"},{"nodeID":"1349458","text":"Caroline Lucas: he\u2019s refusing to rule out a new coal mine of all things","type":"L","timestamp":"2023-11-09 14:07:26"},{"nodeID":"1349459","text":"Analysing","type":"YA","timestamp":"2023-11-09 14:07:26"},{"nodeID":"1349460","text":"Anon: Caroline Lucas: he\u2019s refusing to rule out a new coal mine of all things","type":"L","timestamp":"2023-11-09 14:07:26"},{"nodeID":"1349461","text":"Asserting","type":"YA","timestamp":"2023-11-09 14:07:26"},{"nodeID":"1349462","text":"Default Rephrase","type":"MA","timestamp":"2023-11-09 14:07:26"},{"nodeID":"1349463","text":"Default Conflict","type":"CA","timestamp":"2023-11-09 14:07:26"},{"nodeID":"1349464","text":"Default Conflict","type":"CA","timestamp":"2023-11-09 14:07:26"},{"nodeID":"1349465","text":"Default Transition","type":"TA","timestamp":"2023-11-09 14:07:26"},{"nodeID":"1349466","text":"Default Transition","type":"TA","timestamp":"2023-11-09 14:07:26"},{"nodeID":"1349467","text":"Default Transition","type":"TA","timestamp":"2023-11-09 14:07:26"},{"nodeID":"1349468","text":"Disagreeing","type":"YA","timestamp":"2023-11-09 14:07:26"},{"nodeID":"1349469","text":"Disagreeing","type":"YA","timestamp":"2023-11-09 14:07:26"},{"nodeID":"1349470","text":"Restating","type":"YA","timestamp":"2023-11-09 14:07:26"},{"nodeID":"1349471","text":"Default Transition","type":"TA","timestamp":"2023-11-09 14:07:26"},{"nodeID":"1349472","text":"Rishi Sunak is still going ahead with fossil fuel subsidies","type":"I","timestamp":"2023-11-09 14:07:27"},{"nodeID":"1349473","text":"Caroline Lucas: He\u2019s still going ahead with fossil fuel subsidies","type":"L","timestamp":"2023-11-09 14:07:27"},{"nodeID":"1349474","text":"Analysing","type":"YA","timestamp":"2023-11-09 14:07:27"},{"nodeID":"1349475","text":"Anon: Caroline Lucas: He\u2019s still going ahead with fossil fuel subsidies","type":"L","timestamp":"2023-11-09 14:07:27"},{"nodeID":"1349476","text":"Asserting","type":"YA","timestamp":"2023-11-09 14:07:27"},{"nodeID":"1349477","text":"Default Conflict","type":"CA","timestamp":"2023-11-09 14:07:27"},{"nodeID":"1349478","text":"Default Transition","type":"TA","timestamp":"2023-11-09 14:07:27"},{"nodeID":"1349479","text":"Disagreeing","type":"YA","timestamp":"2023-11-09 14:07:27"},{"nodeID":"1349480","text":"fossil fuel subsidies were meant to be ruled out at the last COP","type":"I","timestamp":"2023-11-09 14:07:27"},{"nodeID":"1349481","text":"Caroline Lucas: that was meant to be ruled out at the last COP","type":"L","timestamp":"2023-11-09 14:07:27"},{"nodeID":"1349482","text":"Analysing","type":"YA","timestamp":"2023-11-09 14:07:27"},{"nodeID":"1349483","text":"Anon: Caroline Lucas: that was meant to be ruled out at the last COP","type":"L","timestamp":"2023-11-09 14:07:27"},{"nodeID":"1349484","text":"Asserting","type":"YA","timestamp":"2023-11-09 14:07:27"},{"nodeID":"1349485","text":"Default Conflict","type":"CA","timestamp":"2023-11-09 14:07:27"},{"nodeID":"1349486","text":"Default Transition","type":"TA","timestamp":"2023-11-09 14:07:27"},{"nodeID":"1349487","text":"Disagreeing","type":"YA","timestamp":"2023-11-09 14:07:27"},{"nodeID":"1349488","text":"xxx is how optimistic Caroline Lucas is feeling about COP27","type":"I","timestamp":"2023-11-09 14:07:28"},{"nodeID":"1349489","text":"Fiona Bruce:  how optimistic are you feeling about this one","type":"L","timestamp":"2023-11-09 14:07:28"},{"nodeID":"1349490","text":"Analysing","type":"YA","timestamp":"2023-11-09 14:07:28"},{"nodeID":"1349491","text":"Anon: Fiona Bruce:  how optimistic are you feeling about this one","type":"L","timestamp":"2023-11-09 14:07:28"},{"nodeID":"1349492","text":"Pure Questioning","type":"YA","timestamp":"2023-11-09 14:07:28"},{"nodeID":"1349493","text":"Default Rephrase","type":"MA","timestamp":"2023-11-09 14:07:28"},{"nodeID":"1349494","text":"Default Transition","type":"TA","timestamp":"2023-11-09 14:07:28"},{"nodeID":"1349495","text":"Restating","type":"YA","timestamp":"2023-11-09 14:07:28"},{"nodeID":"1349496","text":"Default Transition","type":"TA","timestamp":"2023-11-09 14:07:28"},{"nodeID":"1349497","text":"Default Inference","type":"RA","timestamp":"2023-11-09 14:07:28"},{"nodeID":"1349498","text":"Default Inference","type":"RA","timestamp":"2023-11-09 14:07:28"},{"nodeID":"1349499","text":"Arguing","type":"YA","timestamp":"2023-11-09 14:07:28"},{"nodeID":"1349500","text":"Arguing","type":"YA","timestamp":"2023-11-09 14:07:28"}],"edges":[{"edgeID":"1767607","fromID":"1349378","toID":"1349377","formEdgeID":null},{"edgeID":"1767608","fromID":"1349379","toID":"1349378","formEdgeID":null},{"edgeID":"1767609","fromID":"1349377","toID":"1349380","formEdgeID":null},{"edgeID":"1767610","fromID":"1349380","toID":"1349376","formEdgeID":null},{"edgeID":"1767611","fromID":"1349383","toID":"1349382","formEdgeID":null},{"edgeID":"1767612","fromID":"1349384","toID":"1349383","formEdgeID":null},{"edgeID":"1767613","fromID":"1349382","toID":"1349385","formEdgeID":null},{"edgeID":"1767614","fromID":"1349385","toID":"1349381","formEdgeID":null},{"edgeID":"1767615","fromID":"1349381","toID":"1349386","formEdgeID":null},{"edgeID":"1767616","fromID":"1349386","toID":"1349376","formEdgeID":null},{"edgeID":"1767617","fromID":"1349377","toID":"1349387","formEdgeID":null},{"edgeID":"1767618","fromID":"1349387","toID":"1349382","formEdgeID":null},{"edgeID":"1767619","fromID":"1349387","toID":"1349388","formEdgeID":null},{"edgeID":"1767620","fromID":"1349388","toID":"1349386","formEdgeID":null},{"edgeID":"1767621","fromID":"1349391","toID":"1349390","formEdgeID":null},{"edgeID":"1767622","fromID":"1349392","toID":"1349391","formEdgeID":null},{"edgeID":"1767623","fromID":"1349390","toID":"1349393","formEdgeID":null},{"edgeID":"1767624","fromID":"1349393","toID":"1349389","formEdgeID":null},{"edgeID":"1767625","fromID":"1349396","toID":"1349395","formEdgeID":null},{"edgeID":"1767626","fromID":"1349397","toID":"1349396","formEdgeID":null},{"edgeID":"1767627","fromID":"1349395","toID":"1349398","formEdgeID":null},{"edgeID":"1767628","fromID":"1349398","toID":"1349394","formEdgeID":null},{"edgeID":"1767629","fromID":"1349394","toID":"1349399","formEdgeID":null},{"edgeID":"1767630","fromID":"1349399","toID":"1349389","formEdgeID":null},{"edgeID":"1767631","fromID":"1349382","toID":"1349400","formEdgeID":null},{"edgeID":"1767632","fromID":"1349400","toID":"1349390","formEdgeID":null},{"edgeID":"1767633","fromID":"1349390","toID":"1349401","formEdgeID":null},{"edgeID":"1767634","fromID":"1349401","toID":"1349395","formEdgeID":null},{"edgeID":"1767635","fromID":"1349401","toID":"1349402","formEdgeID":null},{"edgeID":"1767636","fromID":"1349402","toID":"1349399","formEdgeID":null},{"edgeID":"1767637","fromID":"1349405","toID":"1349404","formEdgeID":null},{"edgeID":"1767638","fromID":"1349406","toID":"1349405","formEdgeID":null},{"edgeID":"1767639","fromID":"1349404","toID":"1349407","formEdgeID":null},{"edgeID":"1767640","fromID":"1349407","toID":"1349403","formEdgeID":null},{"edgeID":"1767641","fromID":"1349394","toID":"1349408","formEdgeID":null},{"edgeID":"1767642","fromID":"1349408","toID":"1349403","formEdgeID":null},{"edgeID":"1767643","fromID":"1349395","toID":"1349409","formEdgeID":null},{"edgeID":"1767644","fromID":"1349409","toID":"1349404","formEdgeID":null},{"edgeID":"1767645","fromID":"1349409","toID":"1349410","formEdgeID":null},{"edgeID":"1767646","fromID":"1349410","toID":"1349408","formEdgeID":null},{"edgeID":"1767647","fromID":"1349413","toID":"1349412","formEdgeID":null},{"edgeID":"1767648","fromID":"1349414","toID":"1349413","formEdgeID":null},{"edgeID":"1767649","fromID":"1349412","toID":"1349415","formEdgeID":null},{"edgeID":"1767650","fromID":"1349415","toID":"1349411","formEdgeID":null},{"edgeID":"1767651","fromID":"1349418","toID":"1349417","formEdgeID":null},{"edgeID":"1767652","fromID":"1349419","toID":"1349418","formEdgeID":null},{"edgeID":"1767653","fromID":"1349417","toID":"1349420","formEdgeID":null},{"edgeID":"1767654","fromID":"1349420","toID":"1349416","formEdgeID":null},{"edgeID":"1767655","fromID":"1349423","toID":"1349422","formEdgeID":null},{"edgeID":"1767656","fromID":"1349424","toID":"1349423","formEdgeID":null},{"edgeID":"1767657","fromID":"1349422","toID":"1349425","formEdgeID":null},{"edgeID":"1767658","fromID":"1349425","toID":"1349421","formEdgeID":null},{"edgeID":"1767659","fromID":"1349417","toID":"1349426","formEdgeID":null},{"edgeID":"1767660","fromID":"1349426","toID":"1349422","formEdgeID":null},{"edgeID":"1767661","fromID":"1349412","toID":"1349427","formEdgeID":null},{"edgeID":"1767662","fromID":"1349427","toID":"1349417","formEdgeID":null},{"edgeID":"1767663","fromID":"1349404","toID":"1349428","formEdgeID":null},{"edgeID":"1767664","fromID":"1349428","toID":"1349412","formEdgeID":null},{"edgeID":"1767665","fromID":"1349421","toID":"1349429","formEdgeID":null},{"edgeID":"1767666","fromID":"1349429","toID":"1349416","formEdgeID":null},{"edgeID":"1767667","fromID":"1349426","toID":"1349430","formEdgeID":null},{"edgeID":"1767668","fromID":"1349430","toID":"1349429","formEdgeID":null},{"edgeID":"1767669","fromID":"1349433","toID":"1349432","formEdgeID":null},{"edgeID":"1767670","fromID":"1349434","toID":"1349433","formEdgeID":null},{"edgeID":"1767671","fromID":"1349432","toID":"1349435","formEdgeID":null},{"edgeID":"1767672","fromID":"1349435","toID":"1349431","formEdgeID":null},{"edgeID":"1767673","fromID":"1349438","toID":"1349437","formEdgeID":null},{"edgeID":"1767674","fromID":"1349439","toID":"1349438","formEdgeID":null},{"edgeID":"1767675","fromID":"1349437","toID":"1349440","formEdgeID":null},{"edgeID":"1767676","fromID":"1349440","toID":"1349436","formEdgeID":null},{"edgeID":"1767677","fromID":"1349432","toID":"1349441","formEdgeID":null},{"edgeID":"1767678","fromID":"1349441","toID":"1349437","formEdgeID":null},{"edgeID":"1767679","fromID":"1349444","toID":"1349443","formEdgeID":null},{"edgeID":"1767680","fromID":"1349445","toID":"1349444","formEdgeID":null},{"edgeID":"1767681","fromID":"1349443","toID":"1349446","formEdgeID":null},{"edgeID":"1767682","fromID":"1349446","toID":"1349442","formEdgeID":null},{"edgeID":"1767683","fromID":"1349449","toID":"1349448","formEdgeID":null},{"edgeID":"1767684","fromID":"1349450","toID":"1349449","formEdgeID":null},{"edgeID":"1767685","fromID":"1349448","toID":"1349451","formEdgeID":null},{"edgeID":"1767686","fromID":"1349451","toID":"1349447","formEdgeID":null},{"edgeID":"1767687","fromID":"1349454","toID":"1349453","formEdgeID":null},{"edgeID":"1767688","fromID":"1349455","toID":"1349454","formEdgeID":null},{"edgeID":"1767689","fromID":"1349453","toID":"1349456","formEdgeID":null},{"edgeID":"1767690","fromID":"1349456","toID":"1349452","formEdgeID":null},{"edgeID":"1767691","fromID":"1349459","toID":"1349458","formEdgeID":null},{"edgeID":"1767692","fromID":"1349460","toID":"1349459","formEdgeID":null},{"edgeID":"1767693","fromID":"1349458","toID":"1349461","formEdgeID":null},{"edgeID":"1767694","fromID":"1349461","toID":"1349457","formEdgeID":null},{"edgeID":"1767695","fromID":"1349447","toID":"1349462","formEdgeID":null},{"edgeID":"1767696","fromID":"1349462","toID":"1349442","formEdgeID":null},{"edgeID":"1767697","fromID":"1349452","toID":"1349463","formEdgeID":null},{"edgeID":"1767698","fromID":"1349463","toID":"1349447","formEdgeID":null},{"edgeID":"1767699","fromID":"1349457","toID":"1349464","formEdgeID":null},{"edgeID":"1767700","fromID":"1349464","toID":"1349447","formEdgeID":null},{"edgeID":"1767701","fromID":"1349443","toID":"1349465","formEdgeID":null},{"edgeID":"1767702","fromID":"1349465","toID":"1349448","formEdgeID":null},{"edgeID":"1767703","fromID":"1349448","toID":"1349466","formEdgeID":null},{"edgeID":"1767704","fromID":"1349466","toID":"1349453","formEdgeID":null},{"edgeID":"1767705","fromID":"1349448","toID":"1349467","formEdgeID":null},{"edgeID":"1767706","fromID":"1349467","toID":"1349458","formEdgeID":null},{"edgeID":"1767707","fromID":"1349467","toID":"1349468","formEdgeID":null},{"edgeID":"1767708","fromID":"1349468","toID":"1349464","formEdgeID":null},{"edgeID":"1767709","fromID":"1349466","toID":"1349469","formEdgeID":null},{"edgeID":"1767710","fromID":"1349469","toID":"1349463","formEdgeID":null},{"edgeID":"1767711","fromID":"1349465","toID":"1349470","formEdgeID":null},{"edgeID":"1767712","fromID":"1349470","toID":"1349462","formEdgeID":null},{"edgeID":"1767713","fromID":"1349437","toID":"1349471","formEdgeID":null},{"edgeID":"1767714","fromID":"1349471","toID":"1349443","formEdgeID":null},{"edgeID":"1767715","fromID":"1349474","toID":"1349473","formEdgeID":null},{"edgeID":"1767716","fromID":"1349475","toID":"1349474","formEdgeID":null},{"edgeID":"1767717","fromID":"1349473","toID":"1349476","formEdgeID":null},{"edgeID":"1767718","fromID":"1349476","toID":"1349472","formEdgeID":null},{"edgeID":"1767719","fromID":"1349472","toID":"1349477","formEdgeID":null},{"edgeID":"1767720","fromID":"1349477","toID":"1349447","formEdgeID":null},{"edgeID":"1767721","fromID":"1349448","toID":"1349478","formEdgeID":null},{"edgeID":"1767722","fromID":"1349478","toID":"1349473","formEdgeID":null},{"edgeID":"1767723","fromID":"1349478","toID":"1349479","formEdgeID":null},{"edgeID":"1767724","fromID":"1349479","toID":"1349477","formEdgeID":null},{"edgeID":"1767725","fromID":"1349482","toID":"1349481","formEdgeID":null},{"edgeID":"1767726","fromID":"1349483","toID":"1349482","formEdgeID":null},{"edgeID":"1767727","fromID":"1349481","toID":"1349484","formEdgeID":null},{"edgeID":"1767728","fromID":"1349484","toID":"1349480","formEdgeID":null},{"edgeID":"1767729","fromID":"1349480","toID":"1349485","formEdgeID":null},{"edgeID":"1767730","fromID":"1349485","toID":"1349472","formEdgeID":null},{"edgeID":"1767731","fromID":"1349473","toID":"1349486","formEdgeID":null},{"edgeID":"1767732","fromID":"1349486","toID":"1349481","formEdgeID":null},{"edgeID":"1767733","fromID":"1349486","toID":"1349487","formEdgeID":null},{"edgeID":"1767734","fromID":"1349487","toID":"1349485","formEdgeID":null},{"edgeID":"1767735","fromID":"1349490","toID":"1349489","formEdgeID":null},{"edgeID":"1767736","fromID":"1349491","toID":"1349490","formEdgeID":null},{"edgeID":"1767737","fromID":"1349489","toID":"1349492","formEdgeID":null},{"edgeID":"1767738","fromID":"1349492","toID":"1349488","formEdgeID":null},{"edgeID":"1767739","fromID":"1349488","toID":"1349493","formEdgeID":null},{"edgeID":"1767740","fromID":"1349493","toID":"1349411","formEdgeID":null},{"edgeID":"1767741","fromID":"1349412","toID":"1349494","formEdgeID":null},{"edgeID":"1767742","fromID":"1349494","toID":"1349489","formEdgeID":null},{"edgeID":"1767743","fromID":"1349494","toID":"1349495","formEdgeID":null},{"edgeID":"1767744","fromID":"1349495","toID":"1349493","formEdgeID":null},{"edgeID":"1767745","fromID":"1349489","toID":"1349496","formEdgeID":null},{"edgeID":"1767746","fromID":"1349496","toID":"1349432","formEdgeID":null},{"edgeID":"1767747","fromID":"1349431","toID":"1349497","formEdgeID":null},{"edgeID":"1767748","fromID":"1349497","toID":"1349436","formEdgeID":null},{"edgeID":"1767749","fromID":"1349442","toID":"1349498","formEdgeID":null},{"edgeID":"1767750","fromID":"1349498","toID":"1349436","formEdgeID":null},{"edgeID":"1767751","fromID":"1349441","toID":"1349499","formEdgeID":null},{"edgeID":"1767752","fromID":"1349499","toID":"1349497","formEdgeID":null},{"edgeID":"1767753","fromID":"1349471","toID":"1349500","formEdgeID":null},{"edgeID":"1767754","fromID":"1349500","toID":"1349498","formEdgeID":null}],"locutions":[]}