{"nodes":[{"nodeID":"1346386","text":"politicians seem to be quite happy to go on news channels just spouting what they actually know is a damn right lie","type":"I","timestamp":"2023-11-09 14:02:08"},{"nodeID":"1346387","text":"Theo Paphitis: Politicians seem to be quite happy to go on news channels just spouting what they actually know is a damn right lie","type":"L","timestamp":"2023-11-09 14:02:08"},{"nodeID":"1346388","text":"Analysing","type":"YA","timestamp":"2023-11-09 14:02:08"},{"nodeID":"1346389","text":"Katharina: Theo Paphitis: Politicians seem to be quite happy to go on news channels just spouting what they actually know is a damn right lie","type":"L","timestamp":"2023-11-09 14:02:08"},{"nodeID":"1346390","text":"Asserting","type":"YA","timestamp":"2023-11-09 14:02:08"},{"nodeID":"1346391","text":"politicians going on the news channels just spouting what they actually know is a damn right lie has got to stop","type":"I","timestamp":"2023-11-09 14:02:09"},{"nodeID":"1346392","text":"Theo Paphitis: that has got to stop","type":"L","timestamp":"2023-11-09 14:02:09"},{"nodeID":"1346393","text":"Analysing","type":"YA","timestamp":"2023-11-09 14:02:09"},{"nodeID":"1346394","text":"Katharina: Theo Paphitis: that has got to stop","type":"L","timestamp":"2023-11-09 14:02:09"},{"nodeID":"1346395","text":"Asserting","type":"YA","timestamp":"2023-11-09 14:02:09"},{"nodeID":"1346396","text":"politicians going on the news channels just spouting what they actually know is a damn right lie has got to stop now","type":"I","timestamp":"2023-11-09 14:02:09"},{"nodeID":"1346397","text":"Theo Paphitis: it\u2019s got to stop now","type":"L","timestamp":"2023-11-09 14:02:09"},{"nodeID":"1346398","text":"Analysing","type":"YA","timestamp":"2023-11-09 14:02:09"},{"nodeID":"1346399","text":"Katharina: Theo Paphitis: it\u2019s got to stop now","type":"L","timestamp":"2023-11-09 14:02:09"},{"nodeID":"1346400","text":"Asserting","type":"YA","timestamp":"2023-11-09 14:02:09"},{"nodeID":"1346401","text":"Default Transition","type":"TA","timestamp":"2023-11-09 14:02:09"},{"nodeID":"1346402","text":"Default Transition","type":"TA","timestamp":"2023-11-09 14:02:09"},{"nodeID":"1346403","text":"Default Conflict","type":"CA","timestamp":"2023-11-09 14:02:09"},{"nodeID":"1346404","text":"Disagreeing","type":"YA","timestamp":"2023-11-09 14:02:09"},{"nodeID":"1346405","text":"Default Rephrase","type":"MA","timestamp":"2023-11-09 14:02:09"},{"nodeID":"1346406","text":"Arguing","type":"YA","timestamp":"2023-11-09 14:02:09"},{"nodeID":"1346407","text":"this is our opportunity to get some stability back in the country","type":"I","timestamp":"2023-11-09 14:02:10"},{"nodeID":"1346408","text":"Theo Paphitis: This is our opportunity to get some stability back in the country","type":"L","timestamp":"2023-11-09 14:02:10"},{"nodeID":"1346409","text":"Analysing","type":"YA","timestamp":"2023-11-09 14:02:10"},{"nodeID":"1346410","text":"Katharina: Theo Paphitis: This is our opportunity to get some stability back in the country","type":"L","timestamp":"2023-11-09 14:02:10"},{"nodeID":"1346411","text":"Asserting","type":"YA","timestamp":"2023-11-09 14:02:10"},{"nodeID":"1346412","text":"this is the opportunity for us to try and rebuild","type":"I","timestamp":"2023-11-09 14:02:11"},{"nodeID":"1346413","text":"Theo Paphitis: for us to try and rebuild","type":"L","timestamp":"2023-11-09 14:02:11"},{"nodeID":"1346414","text":"Analysing","type":"YA","timestamp":"2023-11-09 14:02:11"},{"nodeID":"1346415","text":"Katharina: Theo Paphitis: for us to try and rebuild","type":"L","timestamp":"2023-11-09 14:02:11"},{"nodeID":"1346416","text":"Asserting","type":"YA","timestamp":"2023-11-09 14:02:11"},{"nodeID":"1346417","text":"this is our opportunity to then have an election on the right terms where people understand this is a serious job","type":"I","timestamp":"2023-11-09 14:02:11"},{"nodeID":"1346418","text":"Theo Paphitis: then have an election on the right terms where people understand this is a serious job","type":"L","timestamp":"2023-11-09 14:02:11"},{"nodeID":"1346419","text":"Analysing","type":"YA","timestamp":"2023-11-09 14:02:11"},{"nodeID":"1346420","text":"Katharina: Theo Paphitis: then have an election on the right terms where people understand this is a serious job","type":"L","timestamp":"2023-11-09 14:02:11"},{"nodeID":"1346421","text":"Asserting","type":"YA","timestamp":"2023-11-09 14:02:11"},{"nodeID":"1346422","text":"we need serious people with ability to do the job for the nation","type":"I","timestamp":"2023-11-09 14:02:12"},{"nodeID":"1346423","text":"Theo Paphitis: we need serious people with ability to do the job for the nation","type":"L","timestamp":"2023-11-09 14:02:12"},{"nodeID":"1346424","text":"Analysing","type":"YA","timestamp":"2023-11-09 14:02:12"},{"nodeID":"1346425","text":"Katharina: Theo Paphitis: we need serious people with ability to do the job for the nation","type":"L","timestamp":"2023-11-09 14:02:12"},{"nodeID":"1346426","text":"Asserting","type":"YA","timestamp":"2023-11-09 14:02:12"},{"nodeID":"1346427","text":"Default Transition","type":"TA","timestamp":"2023-11-09 14:02:12"},{"nodeID":"1346428","text":"Default Transition","type":"TA","timestamp":"2023-11-09 14:02:12"},{"nodeID":"1346429","text":"Default Transition","type":"TA","timestamp":"2023-11-09 14:02:12"},{"nodeID":"1346430","text":"Default Transition","type":"TA","timestamp":"2023-11-09 14:02:12"},{"nodeID":"1346431","text":"Default Rephrase","type":"MA","timestamp":"2023-11-09 14:02:12"},{"nodeID":"1346432","text":"Default Rephrase","type":"MA","timestamp":"2023-11-09 14:02:12"},{"nodeID":"1346433","text":"Default Rephrase","type":"MA","timestamp":"2023-11-09 14:02:12"},{"nodeID":"1346434","text":"Restating","type":"YA","timestamp":"2023-11-09 14:02:12"},{"nodeID":"1346435","text":"Restating","type":"YA","timestamp":"2023-11-09 14:02:12"},{"nodeID":"1346436","text":"Restating","type":"YA","timestamp":"2023-11-09 14:02:12"},{"nodeID":"1346437","text":"Mark Harper is making the point about parties overall","type":"I","timestamp":"2023-11-09 14:02:12"},{"nodeID":"1346438","text":"Fiona Bruce: Theo says you\u2019re making the point about parties overall","type":"L","timestamp":"2023-11-09 14:02:12"},{"nodeID":"1346439","text":"Analysing","type":"YA","timestamp":"2023-11-09 14:02:12"},{"nodeID":"1346440","text":"Katharina: Fiona Bruce: Theo says you\u2019re making the point about parties overall","type":"L","timestamp":"2023-11-09 14:02:12"},{"nodeID":"1346441","text":"Theo Paphitis: you\u2019re making the point about parties overall","type":"L","timestamp":"2023-11-09 14:02:12"},{"nodeID":"1346442","text":"Analysing","type":"YA","timestamp":"2023-11-09 14:02:12"},{"nodeID":"1346443","text":"Katharina: Theo Paphitis: Theo says you\u2019re making the point about parties overall","type":"L","timestamp":"2023-11-09 14:02:12"},{"nodeID":"1346444","text":"Asserting","type":"YA","timestamp":"2023-11-09 14:02:12"},{"nodeID":"1346445","text":"Asserting","type":"YA","timestamp":"2023-11-09 14:02:12"},{"nodeID":"1346446","text":"Default Transition","type":"TA","timestamp":"2023-11-09 14:02:12"},{"nodeID":"1346447","text":"Mark Harper: Yes","type":"L","timestamp":"2023-11-09 14:02:12"},{"nodeID":"1346448","text":"Analysing","type":"YA","timestamp":"2023-11-09 14:02:12"},{"nodeID":"1346449","text":"Katharina: Mark Harper: Yes","type":"L","timestamp":"2023-11-09 14:02:12"},{"nodeID":"1346450","text":"Default Transition","type":"TA","timestamp":"2023-11-09 14:02:12"},{"nodeID":"1346451","text":"Agreeing","type":"YA","timestamp":"2023-11-09 14:02:12"},{"nodeID":"1346452","text":"we\u2019ve heard a lot of disillusionment from the audience here tonight","type":"I","timestamp":"2023-11-09 14:02:13"},{"nodeID":"1346453","text":"Fiona Bruce:  we\u2019ve heard a lot of disillusionment from the audience here tonight","type":"L","timestamp":"2023-11-09 14:02:13"},{"nodeID":"1346454","text":"Analysing","type":"YA","timestamp":"2023-11-09 14:02:13"},{"nodeID":"1346455","text":"Katharina: Fiona Bruce:  we\u2019ve heard a lot of disillusionment from the audience here tonight","type":"L","timestamp":"2023-11-09 14:02:13"},{"nodeID":"1346456","text":"Asserting","type":"YA","timestamp":"2023-11-09 14:02:13"},{"nodeID":"1346457","text":"Default Transition","type":"TA","timestamp":"2023-11-09 14:02:13"},{"nodeID":"1346458","text":"Mark Harper is going to convince people, the people here that Mark Harper has heard, that actually he's not talking about third rate politicians, whatever phrases he was using, corruption, call it what you like by, xxx","type":"I","timestamp":"2023-11-09 14:02:14"},{"nodeID":"1346459","text":"Fiona Bruce: How are you going to convince people, the people here that you\u2019ve heard, that actually you\u2019re not talking about third rate politicians, whatever phrases you were using, corruption, call it what you like","type":"L","timestamp":"2023-11-09 14:02:14"},{"nodeID":"1346460","text":"Analysing","type":"YA","timestamp":"2023-11-09 14:02:14"},{"nodeID":"1346461","text":"Katharina: Fiona Bruce: How are you going to convince people, the people here that you\u2019ve heard, that actually you\u2019re not talking about third rate politicians, whatever phrases you were using, corruption, call it what you like","type":"L","timestamp":"2023-11-09 14:02:14"},{"nodeID":"1346462","text":"Pure Questioning","type":"YA","timestamp":"2023-11-09 14:02:14"},{"nodeID":"1346463","text":"Default Transition","type":"TA","timestamp":"2023-11-09 14:02:14"},{"nodeID":"1346464","text":"Mark Harper is going to convince people this is going to be different by xxx","type":"I","timestamp":"2023-11-09 14:02:14"},{"nodeID":"1346465","text":"Fiona Bruce: how are you going to convince people this is going to be different","type":"L","timestamp":"2023-11-09 14:02:14"},{"nodeID":"1346466","text":"Analysing","type":"YA","timestamp":"2023-11-09 14:02:14"},{"nodeID":"1346467","text":"Katharina: Fiona Bruce: how are you going to convince people this is going to be different","type":"L","timestamp":"2023-11-09 14:02:14"},{"nodeID":"1346468","text":"Pure Questioning","type":"YA","timestamp":"2023-11-09 14:02:14"},{"nodeID":"1346469","text":"Default Transition","type":"TA","timestamp":"2023-11-09 14:02:14"},{"nodeID":"1346470","text":"Default Rephrase","type":"MA","timestamp":"2023-11-09 14:02:14"},{"nodeID":"1346471","text":"Restating","type":"YA","timestamp":"2023-11-09 14:02:14"},{"nodeID":"1346472","text":"let me just try and do a bit of cross party agreement here with what Emily said","type":"I","timestamp":"2023-11-09 14:02:15"},{"nodeID":"1346473","text":"Mark Harper:  let me just try and do a bit of cross party agreement here with what Emily said","type":"L","timestamp":"2023-11-09 14:02:15"},{"nodeID":"1346474","text":"Analysing","type":"YA","timestamp":"2023-11-09 14:02:15"},{"nodeID":"1346475","text":"Katharina: Mark Harper:  let me just try and do a bit of cross party agreement here with what Emily said","type":"L","timestamp":"2023-11-09 14:02:15"},{"nodeID":"1346476","text":"Asserting","type":"YA","timestamp":"2023-11-09 14:02:15"},{"nodeID":"1346477","text":"Default Transition","type":"TA","timestamp":"2023-11-09 14:02:15"},{"nodeID":"1346478","text":"Emily Thornberry gets very cross when all politicians get tarred with the same brush","type":"I","timestamp":"2023-11-09 14:02:15"},{"nodeID":"1346479","text":"Mark Harper: she said she gets very cross when all politicians get tarred with the same brush","type":"L","timestamp":"2023-11-09 14:02:15"},{"nodeID":"1346480","text":"Analysing","type":"YA","timestamp":"2023-11-09 14:02:15"},{"nodeID":"1346481","text":"Katharina: Mark Harper: she said she gets very cross when all politicians get tarred with the same brush","type":"L","timestamp":"2023-11-09 14:02:15"},{"nodeID":"1346482","text":"Emily Thornberry: I get very cross when all politicians get tarred with the same brush","type":"L","timestamp":"2023-11-09 14:02:15"},{"nodeID":"1346483","text":"Analysing","type":"YA","timestamp":"2023-11-09 14:02:15"},{"nodeID":"1346484","text":"Katharina: Emily Thornberry: she said she gets very cross when all politicians get tarred with the same brush","type":"L","timestamp":"2023-11-09 14:02:15"},{"nodeID":"1346485","text":"Asserting","type":"YA","timestamp":"2023-11-09 14:02:15"},{"nodeID":"1346486","text":"Asserting","type":"YA","timestamp":"2023-11-09 14:02:15"},{"nodeID":"1346487","text":"Default Transition","type":"TA","timestamp":"2023-11-09 14:02:15"},{"nodeID":"1346488","text":"Default Rephrase","type":"MA","timestamp":"2023-11-09 14:02:15"},{"nodeID":"1346489","text":"Restating","type":"YA","timestamp":"2023-11-09 14:02:15"}],"edges":[{"edgeID":"1764073","fromID":"1346388","toID":"1346387","formEdgeID":null},{"edgeID":"1764074","fromID":"1346389","toID":"1346388","formEdgeID":null},{"edgeID":"1764075","fromID":"1346387","toID":"1346390","formEdgeID":null},{"edgeID":"1764076","fromID":"1346390","toID":"1346386","formEdgeID":null},{"edgeID":"1764077","fromID":"1346393","toID":"1346392","formEdgeID":null},{"edgeID":"1764078","fromID":"1346394","toID":"1346393","formEdgeID":null},{"edgeID":"1764079","fromID":"1346392","toID":"1346395","formEdgeID":null},{"edgeID":"1764080","fromID":"1346395","toID":"1346391","formEdgeID":null},{"edgeID":"1764081","fromID":"1346398","toID":"1346397","formEdgeID":null},{"edgeID":"1764082","fromID":"1346399","toID":"1346398","formEdgeID":null},{"edgeID":"1764083","fromID":"1346397","toID":"1346400","formEdgeID":null},{"edgeID":"1764084","fromID":"1346400","toID":"1346396","formEdgeID":null},{"edgeID":"1764085","fromID":"1346387","toID":"1346401","formEdgeID":null},{"edgeID":"1764086","fromID":"1346401","toID":"1346392","formEdgeID":null},{"edgeID":"1764087","fromID":"1346392","toID":"1346402","formEdgeID":null},{"edgeID":"1764088","fromID":"1346402","toID":"1346397","formEdgeID":null},{"edgeID":"1764089","fromID":"1346391","toID":"1346403","formEdgeID":null},{"edgeID":"1764090","fromID":"1346403","toID":"1346386","formEdgeID":null},{"edgeID":"1764091","fromID":"1346401","toID":"1346404","formEdgeID":null},{"edgeID":"1764092","fromID":"1346404","toID":"1346403","formEdgeID":null},{"edgeID":"1764093","fromID":"1346396","toID":"1346405","formEdgeID":null},{"edgeID":"1764094","fromID":"1346405","toID":"1346391","formEdgeID":null},{"edgeID":"1764095","fromID":"1346402","toID":"1346406","formEdgeID":null},{"edgeID":"1764096","fromID":"1346406","toID":"1346405","formEdgeID":null},{"edgeID":"1764097","fromID":"1346409","toID":"1346408","formEdgeID":null},{"edgeID":"1764098","fromID":"1346410","toID":"1346409","formEdgeID":null},{"edgeID":"1764099","fromID":"1346408","toID":"1346411","formEdgeID":null},{"edgeID":"1764100","fromID":"1346411","toID":"1346407","formEdgeID":null},{"edgeID":"1764101","fromID":"1346414","toID":"1346413","formEdgeID":null},{"edgeID":"1764102","fromID":"1346415","toID":"1346414","formEdgeID":null},{"edgeID":"1764103","fromID":"1346413","toID":"1346416","formEdgeID":null},{"edgeID":"1764104","fromID":"1346416","toID":"1346412","formEdgeID":null},{"edgeID":"1764105","fromID":"1346419","toID":"1346418","formEdgeID":null},{"edgeID":"1764106","fromID":"1346420","toID":"1346419","formEdgeID":null},{"edgeID":"1764107","fromID":"1346418","toID":"1346421","formEdgeID":null},{"edgeID":"1764108","fromID":"1346421","toID":"1346417","formEdgeID":null},{"edgeID":"1764109","fromID":"1346424","toID":"1346423","formEdgeID":null},{"edgeID":"1764110","fromID":"1346425","toID":"1346424","formEdgeID":null},{"edgeID":"1764111","fromID":"1346423","toID":"1346426","formEdgeID":null},{"edgeID":"1764112","fromID":"1346426","toID":"1346422","formEdgeID":null},{"edgeID":"1764113","fromID":"1346397","toID":"1346427","formEdgeID":null},{"edgeID":"1764114","fromID":"1346427","toID":"1346408","formEdgeID":null},{"edgeID":"1764115","fromID":"1346408","toID":"1346428","formEdgeID":null},{"edgeID":"1764116","fromID":"1346428","toID":"1346413","formEdgeID":null},{"edgeID":"1764117","fromID":"1346413","toID":"1346429","formEdgeID":null},{"edgeID":"1764118","fromID":"1346429","toID":"1346418","formEdgeID":null},{"edgeID":"1764119","fromID":"1346418","toID":"1346430","formEdgeID":null},{"edgeID":"1764120","fromID":"1346430","toID":"1346423","formEdgeID":null},{"edgeID":"1764121","fromID":"1346412","toID":"1346431","formEdgeID":null},{"edgeID":"1764122","fromID":"1346431","toID":"1346407","formEdgeID":null},{"edgeID":"1764123","fromID":"1346417","toID":"1346432","formEdgeID":null},{"edgeID":"1764124","fromID":"1346432","toID":"1346412","formEdgeID":null},{"edgeID":"1764125","fromID":"1346422","toID":"1346433","formEdgeID":null},{"edgeID":"1764126","fromID":"1346433","toID":"1346417","formEdgeID":null},{"edgeID":"1764127","fromID":"1346428","toID":"1346434","formEdgeID":null},{"edgeID":"1764128","fromID":"1346434","toID":"1346431","formEdgeID":null},{"edgeID":"1764129","fromID":"1346429","toID":"1346435","formEdgeID":null},{"edgeID":"1764130","fromID":"1346435","toID":"1346432","formEdgeID":null},{"edgeID":"1764131","fromID":"1346430","toID":"1346436","formEdgeID":null},{"edgeID":"1764132","fromID":"1346436","toID":"1346433","formEdgeID":null},{"edgeID":"1764133","fromID":"1346439","toID":"1346438","formEdgeID":null},{"edgeID":"1764134","fromID":"1346440","toID":"1346439","formEdgeID":null},{"edgeID":"1764135","fromID":"1346442","toID":"1346441","formEdgeID":null},{"edgeID":"1764136","fromID":"1346443","toID":"1346442","formEdgeID":null},{"edgeID":"1764137","fromID":"1346441","toID":"1346444","formEdgeID":null},{"edgeID":"1764138","fromID":"1346444","toID":"1346437","formEdgeID":null},{"edgeID":"1764139","fromID":"1346438","toID":"1346445","formEdgeID":null},{"edgeID":"1764140","fromID":"1346445","toID":"1346441","formEdgeID":null},{"edgeID":"1764141","fromID":"1346423","toID":"1346446","formEdgeID":null},{"edgeID":"1764142","fromID":"1346446","toID":"1346438","formEdgeID":null},{"edgeID":"1764143","fromID":"1346448","toID":"1346447","formEdgeID":null},{"edgeID":"1764144","fromID":"1346449","toID":"1346448","formEdgeID":null},{"edgeID":"1764145","fromID":"1346438","toID":"1346450","formEdgeID":null},{"edgeID":"1764146","fromID":"1346450","toID":"1346447","formEdgeID":null},{"edgeID":"1764147","fromID":"1346450","toID":"1346451","formEdgeID":null},{"edgeID":"1764148","fromID":"1346451","toID":"1346437","formEdgeID":null},{"edgeID":"1764149","fromID":"1346454","toID":"1346453","formEdgeID":null},{"edgeID":"1764150","fromID":"1346455","toID":"1346454","formEdgeID":null},{"edgeID":"1764151","fromID":"1346453","toID":"1346456","formEdgeID":null},{"edgeID":"1764152","fromID":"1346456","toID":"1346452","formEdgeID":null},{"edgeID":"1764153","fromID":"1346447","toID":"1346457","formEdgeID":null},{"edgeID":"1764154","fromID":"1346457","toID":"1346453","formEdgeID":null},{"edgeID":"1764155","fromID":"1346460","toID":"1346459","formEdgeID":null},{"edgeID":"1764156","fromID":"1346461","toID":"1346460","formEdgeID":null},{"edgeID":"1764157","fromID":"1346459","toID":"1346462","formEdgeID":null},{"edgeID":"1764158","fromID":"1346462","toID":"1346458","formEdgeID":null},{"edgeID":"1764159","fromID":"1346453","toID":"1346463","formEdgeID":null},{"edgeID":"1764160","fromID":"1346463","toID":"1346459","formEdgeID":null},{"edgeID":"1764161","fromID":"1346466","toID":"1346465","formEdgeID":null},{"edgeID":"1764162","fromID":"1346467","toID":"1346466","formEdgeID":null},{"edgeID":"1764163","fromID":"1346465","toID":"1346468","formEdgeID":null},{"edgeID":"1764164","fromID":"1346468","toID":"1346464","formEdgeID":null},{"edgeID":"1764165","fromID":"1346459","toID":"1346469","formEdgeID":null},{"edgeID":"1764166","fromID":"1346469","toID":"1346465","formEdgeID":null},{"edgeID":"1764167","fromID":"1346464","toID":"1346470","formEdgeID":null},{"edgeID":"1764168","fromID":"1346470","toID":"1346458","formEdgeID":null},{"edgeID":"1764169","fromID":"1346469","toID":"1346471","formEdgeID":null},{"edgeID":"1764170","fromID":"1346471","toID":"1346470","formEdgeID":null},{"edgeID":"1764171","fromID":"1346474","toID":"1346473","formEdgeID":null},{"edgeID":"1764172","fromID":"1346475","toID":"1346474","formEdgeID":null},{"edgeID":"1764173","fromID":"1346473","toID":"1346476","formEdgeID":null},{"edgeID":"1764174","fromID":"1346476","toID":"1346472","formEdgeID":null},{"edgeID":"1764175","fromID":"1346465","toID":"1346477","formEdgeID":null},{"edgeID":"1764176","fromID":"1346477","toID":"1346473","formEdgeID":null},{"edgeID":"1764177","fromID":"1346480","toID":"1346479","formEdgeID":null},{"edgeID":"1764178","fromID":"1346481","toID":"1346480","formEdgeID":null},{"edgeID":"1764179","fromID":"1346483","toID":"1346482","formEdgeID":null},{"edgeID":"1764180","fromID":"1346484","toID":"1346483","formEdgeID":null},{"edgeID":"1764181","fromID":"1346482","toID":"1346485","formEdgeID":null},{"edgeID":"1764182","fromID":"1346485","toID":"1346478","formEdgeID":null},{"edgeID":"1764183","fromID":"1346479","toID":"1346486","formEdgeID":null},{"edgeID":"1764184","fromID":"1346486","toID":"1346482","formEdgeID":null},{"edgeID":"1764185","fromID":"1346473","toID":"1346487","formEdgeID":null},{"edgeID":"1764186","fromID":"1346487","toID":"1346479","formEdgeID":null},{"edgeID":"1764187","fromID":"1346478","toID":"1346488","formEdgeID":null},{"edgeID":"1764188","fromID":"1346488","toID":"1346472","formEdgeID":null},{"edgeID":"1764189","fromID":"1346487","toID":"1346489","formEdgeID":null},{"edgeID":"1764190","fromID":"1346489","toID":"1346488","formEdgeID":null}],"locutions":[]}