{"nodes":[{"nodeID":"1345787","text":"Emily Thornberry: Yeah","type":"L","timestamp":"2023-11-09 14:01:18"},{"nodeID":"1345788","text":"the problem is that we\u2019ve had one party who has been in power for 12 years","type":"I","timestamp":"2023-11-09 14:01:18"},{"nodeID":"1345789","text":"Emily Thornberry: the problem is that we\u2019ve had one party who has been in power for 12 years","type":"L","timestamp":"2023-11-09 14:01:18"},{"nodeID":"1345790","text":"Analysing","type":"YA","timestamp":"2023-11-09 14:01:18"},{"nodeID":"1345791","text":"Nicole: Emily Thornberry: the problem is that we\u2019ve had one party who has been in power for 12 years","type":"L","timestamp":"2023-11-09 14:01:18"},{"nodeID":"1345792","text":"Asserting","type":"YA","timestamp":"2023-11-09 14:01:18"},{"nodeID":"1345793","text":"the Conservatives are just so complacent","type":"I","timestamp":"2023-11-09 14:01:19"},{"nodeID":"1345794","text":"Emily Thornberry: they are just so complacent","type":"L","timestamp":"2023-11-09 14:01:19"},{"nodeID":"1345795","text":"Analysing","type":"YA","timestamp":"2023-11-09 14:01:19"},{"nodeID":"1345796","text":"Nicole: Emily Thornberry: they are just so complacent","type":"L","timestamp":"2023-11-09 14:01:19"},{"nodeID":"1345797","text":"Asserting","type":"YA","timestamp":"2023-11-09 14:01:19"},{"nodeID":"1345798","text":"Default Transition","type":"TA","timestamp":"2023-11-09 14:01:19"},{"nodeID":"1345799","text":"the Conservatives think that power is theirs","type":"I","timestamp":"2023-11-09 14:01:19"},{"nodeID":"1345800","text":"Emily Thornberry: think that power is theirs","type":"L","timestamp":"2023-11-09 14:01:19"},{"nodeID":"1345801","text":"Analysing","type":"YA","timestamp":"2023-11-09 14:01:19"},{"nodeID":"1345802","text":"Nicole: Emily Thornberry: think that power is theirs","type":"L","timestamp":"2023-11-09 14:01:19"},{"nodeID":"1345803","text":"Asserting","type":"YA","timestamp":"2023-11-09 14:01:19"},{"nodeID":"1345804","text":"the Conservatives think they deserve power","type":"I","timestamp":"2023-11-09 14:01:20"},{"nodeID":"1345805","text":"Emily Thornberry: they deserve it","type":"L","timestamp":"2023-11-09 14:01:20"},{"nodeID":"1345806","text":"Analysing","type":"YA","timestamp":"2023-11-09 14:01:20"},{"nodeID":"1345807","text":"Nicole: Emily Thornberry: they deserve it","type":"L","timestamp":"2023-11-09 14:01:20"},{"nodeID":"1345808","text":"Asserting","type":"YA","timestamp":"2023-11-09 14:01:20"},{"nodeID":"1345809","text":"it doesn\u2019t matter what the Conservatives do or how they behave everything is okay","type":"I","timestamp":"2023-11-09 14:01:21"},{"nodeID":"1345810","text":"Emily Thornberry: it doesn\u2019t matter what they do or how they behave everything is okay","type":"L","timestamp":"2023-11-09 14:01:21"},{"nodeID":"1345811","text":"Analysing","type":"YA","timestamp":"2023-11-09 14:01:21"},{"nodeID":"1345812","text":"Nicole: Emily Thornberry: it doesn\u2019t matter what they do or how they behave everything is okay","type":"L","timestamp":"2023-11-09 14:01:21"},{"nodeID":"1345813","text":"Asserting","type":"YA","timestamp":"2023-11-09 14:01:21"},{"nodeID":"1345814","text":"the Conservatives will just continue to rule","type":"I","timestamp":"2023-11-09 14:01:21"},{"nodeID":"1345815","text":"Emily Thornberry: they will just continue to rule","type":"L","timestamp":"2023-11-09 14:01:21"},{"nodeID":"1345816","text":"Analysing","type":"YA","timestamp":"2023-11-09 14:01:21"},{"nodeID":"1345817","text":"Nicole: Emily Thornberry: they will just continue to rule","type":"L","timestamp":"2023-11-09 14:01:21"},{"nodeID":"1345818","text":"Asserting","type":"YA","timestamp":"2023-11-09 14:01:21"},{"nodeID":"1345819","text":"Default Transition","type":"TA","timestamp":"2023-11-09 14:01:21"},{"nodeID":"1345820","text":"Default Rephrase","type":"MA","timestamp":"2023-11-09 14:01:21"},{"nodeID":"1345821","text":"Restating","type":"YA","timestamp":"2023-11-09 14:01:21"},{"nodeID":"1345822","text":"Default Transition","type":"TA","timestamp":"2023-11-09 14:01:21"},{"nodeID":"1345823","text":"Default Rephrase","type":"MA","timestamp":"2023-11-09 14:01:21"},{"nodeID":"1345824","text":"Default Transition","type":"TA","timestamp":"2023-11-09 14:01:21"},{"nodeID":"1345825","text":"Default Rephrase","type":"MA","timestamp":"2023-11-09 14:01:21"},{"nodeID":"1345826","text":"Restating","type":"YA","timestamp":"2023-11-09 14:01:21"},{"nodeID":"1345827","text":"Restating","type":"YA","timestamp":"2023-11-09 14:01:21"},{"nodeID":"1345828","text":"Default Transition","type":"TA","timestamp":"2023-11-09 14:01:21"},{"nodeID":"1345829","text":"Default Rephrase","type":"MA","timestamp":"2023-11-09 14:01:21"},{"nodeID":"1345830","text":"Restating","type":"YA","timestamp":"2023-11-09 14:01:21"},{"nodeID":"1345831","text":"you\u2019ve got 14 MPs currently who are sitting as independents in the House of Commons","type":"I","timestamp":"2023-11-09 14:01:22"},{"nodeID":"1345832","text":"Fiona Bruce: You\u2019ve got 14 MPs currently who are sitting as independents in the House of Commons","type":"L","timestamp":"2023-11-09 14:01:22"},{"nodeID":"1345833","text":"Analysing","type":"YA","timestamp":"2023-11-09 14:01:22"},{"nodeID":"1345834","text":"Nicole: Fiona Bruce: You\u2019ve got 14 MPs currently who are sitting as independents in the House of Commons","type":"L","timestamp":"2023-11-09 14:01:22"},{"nodeID":"1345835","text":"Asserting","type":"YA","timestamp":"2023-11-09 14:01:22"},{"nodeID":"1345836","text":"Default Transition","type":"TA","timestamp":"2023-11-09 14:01:22"},{"nodeID":"1345837","text":"the 14 MPs had the whip withdrawn","type":"I","timestamp":"2023-11-09 14:01:23"},{"nodeID":"1345838","text":"Fiona Bruce: they had the whip withdrawn","type":"L","timestamp":"2023-11-09 14:01:23"},{"nodeID":"1345839","text":"Analysing","type":"YA","timestamp":"2023-11-09 14:01:23"},{"nodeID":"1345840","text":"Nicole: Fiona Bruce: they had the whip withdrawn","type":"L","timestamp":"2023-11-09 14:01:23"},{"nodeID":"1345841","text":"Asserting","type":"YA","timestamp":"2023-11-09 14:01:23"},{"nodeID":"1345842","text":"Default Transition","type":"TA","timestamp":"2023-11-09 14:01:23"},{"nodeID":"1345843","text":"Default Inference","type":"RA","timestamp":"2023-11-09 14:01:23"},{"nodeID":"1345844","text":"Arguing","type":"YA","timestamp":"2023-11-09 14:01:23"},{"nodeID":"1345845","text":"six of the MPs that had the whip withdrawn are from Labour, five are from the Conservatives","type":"I","timestamp":"2023-11-09 14:01:23"},{"nodeID":"1345846","text":"Fiona Bruce: Six are from Labour, five are from the Conservatives","type":"L","timestamp":"2023-11-09 14:01:23"},{"nodeID":"1345847","text":"Analysing","type":"YA","timestamp":"2023-11-09 14:01:23"},{"nodeID":"1345848","text":"Nicole: Fiona Bruce: Six are from Labour, five are from the Conservatives","type":"L","timestamp":"2023-11-09 14:01:23"},{"nodeID":"1345849","text":"Asserting","type":"YA","timestamp":"2023-11-09 14:01:23"},{"nodeID":"1345850","text":"Default Transition","type":"TA","timestamp":"2023-11-09 14:01:23"},{"nodeID":"1345851","text":"Emily Thornberry is saying it\u2019s just a Conservative problem","type":"I","timestamp":"2023-11-09 14:01:24"},{"nodeID":"1345852","text":"Fiona Bruce: are you saying it\u2019s just a Conservative problem","type":"L","timestamp":"2023-11-09 14:01:24"},{"nodeID":"1345853","text":"Analysing","type":"YA","timestamp":"2023-11-09 14:01:24"},{"nodeID":"1345854","text":"Nicole: Fiona Bruce: are you saying it\u2019s just a Conservative problem","type":"L","timestamp":"2023-11-09 14:01:24"},{"nodeID":"1345855","text":"Assertive Questioning","type":"YA","timestamp":"2023-11-09 14:01:24"},{"nodeID":"1345856","text":"Default Transition","type":"TA","timestamp":"2023-11-09 14:01:24"},{"nodeID":"1345857","text":"Analysing","type":"YA","timestamp":"2023-11-09 14:01:24"},{"nodeID":"1345858","text":"Nicole: Emily Thornberry: Yeah","type":"L","timestamp":"2023-11-09 14:01:24"},{"nodeID":"1345859","text":"Default Transition","type":"TA","timestamp":"2023-11-09 14:01:24"},{"nodeID":"1345860","text":"Agreeing","type":"YA","timestamp":"2023-11-09 14:01:24"},{"nodeID":"1345861","text":"Default Inference","type":"RA","timestamp":"2023-11-09 14:01:24"},{"nodeID":"1345862","text":"Arguing","type":"YA","timestamp":"2023-11-09 14:01:24"},{"nodeID":"1345863","text":"Default Rephrase","type":"MA","timestamp":"2023-11-09 14:01:24"},{"nodeID":"1345864","text":"Restating","type":"YA","timestamp":"2023-11-09 14:01:24"},{"nodeID":"1345865","text":"what we do is when people are on our side we discipline them straight away","type":"I","timestamp":"2023-11-09 14:01:25"},{"nodeID":"1345866","text":"Emily Thornberry: what we do is when people are on our side we discipline them straight away","type":"L","timestamp":"2023-11-09 14:01:25"},{"nodeID":"1345867","text":"Analysing","type":"YA","timestamp":"2023-11-09 14:01:25"},{"nodeID":"1345868","text":"Nicole: Emily Thornberry: what we do is when people are on our side we discipline them straight away","type":"L","timestamp":"2023-11-09 14:01:25"},{"nodeID":"1345869","text":"Asserting","type":"YA","timestamp":"2023-11-09 14:01:25"},{"nodeID":"1345870","text":"Default Transition","type":"TA","timestamp":"2023-11-09 14:01:25"},{"nodeID":"1345871","text":"Default Inference","type":"RA","timestamp":"2023-11-09 14:01:25"},{"nodeID":"1345872","text":"Arguing","type":"YA","timestamp":"2023-11-09 14:01:25"},{"nodeID":"1345873","text":"we chuck them out of the Labour party","type":"I","timestamp":"2023-11-09 14:01:25"},{"nodeID":"1345874","text":"Emily Thornberry: we chuck them out of the Labour party","type":"L","timestamp":"2023-11-09 14:01:25"},{"nodeID":"1345875","text":"Analysing","type":"YA","timestamp":"2023-11-09 14:01:25"},{"nodeID":"1345876","text":"Nicole: Emily Thornberry: we chuck them out of the Labour party","type":"L","timestamp":"2023-11-09 14:01:25"},{"nodeID":"1345877","text":"Asserting","type":"YA","timestamp":"2023-11-09 14:01:25"},{"nodeID":"1345878","text":"Default Transition","type":"TA","timestamp":"2023-11-09 14:01:25"},{"nodeID":"1345879","text":"Default Rephrase","type":"MA","timestamp":"2023-11-09 14:01:25"},{"nodeID":"1345880","text":"Restating","type":"YA","timestamp":"2023-11-09 14:01:25"},{"nodeID":"1345881","text":"they\u2019re not allowed to sit as Labour MPs","type":"I","timestamp":"2023-11-09 14:01:26"},{"nodeID":"1345882","text":"Emily Thornberry: they\u2019re not allowed to sit as Labour MPs","type":"L","timestamp":"2023-11-09 14:01:26"},{"nodeID":"1345883","text":"Analysing","type":"YA","timestamp":"2023-11-09 14:01:26"},{"nodeID":"1345884","text":"Nicole: Emily Thornberry: they\u2019re not allowed to sit as Labour MPs","type":"L","timestamp":"2023-11-09 14:01:26"},{"nodeID":"1345885","text":"Asserting","type":"YA","timestamp":"2023-11-09 14:01:26"},{"nodeID":"1345886","text":"Default Transition","type":"TA","timestamp":"2023-11-09 14:01:26"},{"nodeID":"1345887","text":"Default Rephrase","type":"MA","timestamp":"2023-11-09 14:01:26"},{"nodeID":"1345888","text":"Restating","type":"YA","timestamp":"2023-11-09 14:01:26"},{"nodeID":"1345889","text":"we can\u2019t force by-elections","type":"I","timestamp":"2023-11-09 14:01:27"},{"nodeID":"1345890","text":"Emily Thornberry: We can\u2019t force by-elections","type":"L","timestamp":"2023-11-09 14:01:27"},{"nodeID":"1345891","text":"Analysing","type":"YA","timestamp":"2023-11-09 14:01:27"},{"nodeID":"1345892","text":"Nicole: Emily Thornberry: We can\u2019t force by-elections","type":"L","timestamp":"2023-11-09 14:01:27"},{"nodeID":"1345893","text":"Asserting","type":"YA","timestamp":"2023-11-09 14:01:27"},{"nodeID":"1345894","text":"Default Transition","type":"TA","timestamp":"2023-11-09 14:01:27"},{"nodeID":"1345895","text":"we have disciplinary processes straight off","type":"I","timestamp":"2023-11-09 14:01:27"},{"nodeID":"1345896","text":"Emily Thornberry: we have disciplinary processes straight off","type":"L","timestamp":"2023-11-09 14:01:27"},{"nodeID":"1345897","text":"Analysing","type":"YA","timestamp":"2023-11-09 14:01:27"},{"nodeID":"1345898","text":"Nicole: Emily Thornberry: we have disciplinary processes straight off","type":"L","timestamp":"2023-11-09 14:01:27"},{"nodeID":"1345899","text":"Asserting","type":"YA","timestamp":"2023-11-09 14:01:27"},{"nodeID":"1345900","text":"Default Transition","type":"TA","timestamp":"2023-11-09 14:01:27"},{"nodeID":"1345901","text":"Default Inference","type":"RA","timestamp":"2023-11-09 14:01:27"},{"nodeID":"1345902","text":"Arguing","type":"YA","timestamp":"2023-11-09 14:01:27"},{"nodeID":"1345903","text":"there is no excuses","type":"I","timestamp":"2023-11-09 14:01:28"},{"nodeID":"1345904","text":"Emily Thornberry: There is no excuses","type":"L","timestamp":"2023-11-09 14:01:28"},{"nodeID":"1345905","text":"Analysing","type":"YA","timestamp":"2023-11-09 14:01:28"},{"nodeID":"1345906","text":"Nicole: Emily Thornberry: There is no excuses","type":"L","timestamp":"2023-11-09 14:01:28"},{"nodeID":"1345907","text":"Asserting","type":"YA","timestamp":"2023-11-09 14:01:28"},{"nodeID":"1345908","text":"Default Transition","type":"TA","timestamp":"2023-11-09 14:01:28"},{"nodeID":"1345909","text":"Default Inference","type":"RA","timestamp":"2023-11-09 14:01:28"},{"nodeID":"1345910","text":"Arguing","type":"YA","timestamp":"2023-11-09 14:01:28"},{"nodeID":"1345911","text":"Kier Starmer is very clear about this, he will not have any of it","type":"I","timestamp":"2023-11-09 14:01:28"},{"nodeID":"1345912","text":"Emily Thornberry: Kier is very clear about this, he will not have any of it","type":"L","timestamp":"2023-11-09 14:01:28"},{"nodeID":"1345913","text":"Analysing","type":"YA","timestamp":"2023-11-09 14:01:28"},{"nodeID":"1345914","text":"Nicole: Emily Thornberry: Kier is very clear about this, he will not have any of it","type":"L","timestamp":"2023-11-09 14:01:28"},{"nodeID":"1345915","text":"Asserting","type":"YA","timestamp":"2023-11-09 14:01:28"},{"nodeID":"1345916","text":"Default Transition","type":"TA","timestamp":"2023-11-09 14:01:28"},{"nodeID":"1345917","text":"Default Rephrase","type":"MA","timestamp":"2023-11-09 14:01:28"},{"nodeID":"1345918","text":"Restating","type":"YA","timestamp":"2023-11-09 14:01:28"},{"nodeID":"1345919","text":"we want to be able to show that there is a fresh start, that we can be a fresh start and that we have different standards","type":"I","timestamp":"2023-11-09 14:01:29"},{"nodeID":"1345920","text":"Emily Thornberry: We want to be able to show that there is a fresh start, that we can be a fresh start and that we have different standards","type":"L","timestamp":"2023-11-09 14:01:29"},{"nodeID":"1345921","text":"Analysing","type":"YA","timestamp":"2023-11-09 14:01:29"},{"nodeID":"1345922","text":"Nicole: Emily Thornberry: We want to be able to show that there is a fresh start, that we can be a fresh start and that we have different standards","type":"L","timestamp":"2023-11-09 14:01:29"},{"nodeID":"1345923","text":"Asserting","type":"YA","timestamp":"2023-11-09 14:01:29"},{"nodeID":"1345924","text":"Default Transition","type":"TA","timestamp":"2023-11-09 14:01:29"},{"nodeID":"1345925","text":"it\u2019s really important that we stick to it","type":"I","timestamp":"2023-11-09 14:01:30"},{"nodeID":"1345926","text":"Emily Thornberry: it\u2019s really important that we stick to it","type":"L","timestamp":"2023-11-09 14:01:30"},{"nodeID":"1345927","text":"Analysing","type":"YA","timestamp":"2023-11-09 14:01:30"},{"nodeID":"1345928","text":"Nicole: Emily Thornberry: it\u2019s really important that we stick to it","type":"L","timestamp":"2023-11-09 14:01:30"},{"nodeID":"1345929","text":"Asserting","type":"YA","timestamp":"2023-11-09 14:01:30"},{"nodeID":"1345930","text":"Default Transition","type":"TA","timestamp":"2023-11-09 14:01:30"},{"nodeID":"1345931","text":"Default Inference","type":"RA","timestamp":"2023-11-09 14:01:30"},{"nodeID":"1345932","text":"Arguing","type":"YA","timestamp":"2023-11-09 14:01:30"},{"nodeID":"1345933","text":"it\u2019s really important","type":"I","timestamp":"2023-11-09 14:01:30"},{"nodeID":"1345934","text":"Emily Thornberry: It\u2019s really important","type":"L","timestamp":"2023-11-09 14:01:30"},{"nodeID":"1345935","text":"Analysing","type":"YA","timestamp":"2023-11-09 14:01:30"},{"nodeID":"1345936","text":"Nicole: Emily Thornberry: It\u2019s really important","type":"L","timestamp":"2023-11-09 14:01:30"},{"nodeID":"1345937","text":"Asserting","type":"YA","timestamp":"2023-11-09 14:01:30"},{"nodeID":"1345938","text":"Default Transition","type":"TA","timestamp":"2023-11-09 14:01:30"},{"nodeID":"1345939","text":"Default Rephrase","type":"MA","timestamp":"2023-11-09 14:01:30"},{"nodeID":"1345940","text":"Restating","type":"YA","timestamp":"2023-11-09 14:01:30"},{"nodeID":"1345941","text":"for the sake of democracy people need to be able to believe in us","type":"I","timestamp":"2023-11-09 14:01:31"},{"nodeID":"1345942","text":"Emily Thornberry: For the sake of democracy people need to be able to believe in us","type":"L","timestamp":"2023-11-09 14:01:31"},{"nodeID":"1345943","text":"Analysing","type":"YA","timestamp":"2023-11-09 14:01:31"},{"nodeID":"1345944","text":"Nicole: Emily Thornberry: For the sake of democracy people need to be able to believe in us","type":"L","timestamp":"2023-11-09 14:01:31"},{"nodeID":"1345945","text":"Asserting","type":"YA","timestamp":"2023-11-09 14:01:31"},{"nodeID":"1345946","text":"Default Transition","type":"TA","timestamp":"2023-11-09 14:01:31"},{"nodeID":"1345947","text":"Default Inference","type":"RA","timestamp":"2023-11-09 14:01:31"},{"nodeID":"1345948","text":"Arguing","type":"YA","timestamp":"2023-11-09 14:01:31"},{"nodeID":"1345949","text":"people need to be able to believe that we are there in order to be involved in public service","type":"I","timestamp":"2023-11-09 14:01:32"},{"nodeID":"1345950","text":"Emily Thornberry: believe that we are there in order to be involved in public service","type":"L","timestamp":"2023-11-09 14:01:32"},{"nodeID":"1345951","text":"Analysing","type":"YA","timestamp":"2023-11-09 14:01:32"},{"nodeID":"1345952","text":"Nicole: Emily Thornberry: believe that we are there in order to be involved in public service","type":"L","timestamp":"2023-11-09 14:01:32"},{"nodeID":"1345953","text":"Asserting","type":"YA","timestamp":"2023-11-09 14:01:32"},{"nodeID":"1345954","text":"Default Transition","type":"TA","timestamp":"2023-11-09 14:01:32"},{"nodeID":"1345955","text":"Default Rephrase","type":"MA","timestamp":"2023-11-09 14:01:32"},{"nodeID":"1345956","text":"Restating","type":"YA","timestamp":"2023-11-09 14:01:32"}],"edges":[{"edgeID":"1763335","fromID":"1345790","toID":"1345789","formEdgeID":null},{"edgeID":"1763336","fromID":"1345791","toID":"1345790","formEdgeID":null},{"edgeID":"1763337","fromID":"1345789","toID":"1345792","formEdgeID":null},{"edgeID":"1763338","fromID":"1345792","toID":"1345788","formEdgeID":null},{"edgeID":"1763339","fromID":"1345795","toID":"1345794","formEdgeID":null},{"edgeID":"1763340","fromID":"1345796","toID":"1345795","formEdgeID":null},{"edgeID":"1763341","fromID":"1345794","toID":"1345797","formEdgeID":null},{"edgeID":"1763342","fromID":"1345797","toID":"1345793","formEdgeID":null},{"edgeID":"1763343","fromID":"1345789","toID":"1345798","formEdgeID":null},{"edgeID":"1763344","fromID":"1345798","toID":"1345794","formEdgeID":null},{"edgeID":"1763345","fromID":"1345801","toID":"1345800","formEdgeID":null},{"edgeID":"1763346","fromID":"1345802","toID":"1345801","formEdgeID":null},{"edgeID":"1763347","fromID":"1345800","toID":"1345803","formEdgeID":null},{"edgeID":"1763348","fromID":"1345803","toID":"1345799","formEdgeID":null},{"edgeID":"1763349","fromID":"1345806","toID":"1345805","formEdgeID":null},{"edgeID":"1763350","fromID":"1345807","toID":"1345806","formEdgeID":null},{"edgeID":"1763351","fromID":"1345805","toID":"1345808","formEdgeID":null},{"edgeID":"1763352","fromID":"1345808","toID":"1345804","formEdgeID":null},{"edgeID":"1763353","fromID":"1345811","toID":"1345810","formEdgeID":null},{"edgeID":"1763354","fromID":"1345812","toID":"1345811","formEdgeID":null},{"edgeID":"1763355","fromID":"1345810","toID":"1345813","formEdgeID":null},{"edgeID":"1763356","fromID":"1345813","toID":"1345809","formEdgeID":null},{"edgeID":"1763357","fromID":"1345816","toID":"1345815","formEdgeID":null},{"edgeID":"1763358","fromID":"1345817","toID":"1345816","formEdgeID":null},{"edgeID":"1763359","fromID":"1345815","toID":"1345818","formEdgeID":null},{"edgeID":"1763360","fromID":"1345818","toID":"1345814","formEdgeID":null},{"edgeID":"1763361","fromID":"1345794","toID":"1345819","formEdgeID":null},{"edgeID":"1763362","fromID":"1345819","toID":"1345800","formEdgeID":null},{"edgeID":"1763363","fromID":"1345799","toID":"1345820","formEdgeID":null},{"edgeID":"1763364","fromID":"1345820","toID":"1345793","formEdgeID":null},{"edgeID":"1763365","fromID":"1345819","toID":"1345821","formEdgeID":null},{"edgeID":"1763366","fromID":"1345821","toID":"1345820","formEdgeID":null},{"edgeID":"1763367","fromID":"1345800","toID":"1345822","formEdgeID":null},{"edgeID":"1763368","fromID":"1345822","toID":"1345805","formEdgeID":null},{"edgeID":"1763369","fromID":"1345804","toID":"1345823","formEdgeID":null},{"edgeID":"1763370","fromID":"1345823","toID":"1345799","formEdgeID":null},{"edgeID":"1763371","fromID":"1345805","toID":"1345824","formEdgeID":null},{"edgeID":"1763372","fromID":"1345824","toID":"1345810","formEdgeID":null},{"edgeID":"1763373","fromID":"1345809","toID":"1345825","formEdgeID":null},{"edgeID":"1763374","fromID":"1345825","toID":"1345804","formEdgeID":null},{"edgeID":"1763375","fromID":"1345824","toID":"1345826","formEdgeID":null},{"edgeID":"1763376","fromID":"1345826","toID":"1345825","formEdgeID":null},{"edgeID":"1763377","fromID":"1345822","toID":"1345827","formEdgeID":null},{"edgeID":"1763378","fromID":"1345827","toID":"1345823","formEdgeID":null},{"edgeID":"1763379","fromID":"1345810","toID":"1345828","formEdgeID":null},{"edgeID":"1763380","fromID":"1345828","toID":"1345815","formEdgeID":null},{"edgeID":"1763381","fromID":"1345814","toID":"1345829","formEdgeID":null},{"edgeID":"1763382","fromID":"1345829","toID":"1345809","formEdgeID":null},{"edgeID":"1763383","fromID":"1345828","toID":"1345830","formEdgeID":null},{"edgeID":"1763384","fromID":"1345830","toID":"1345829","formEdgeID":null},{"edgeID":"1763385","fromID":"1345833","toID":"1345832","formEdgeID":null},{"edgeID":"1763386","fromID":"1345834","toID":"1345833","formEdgeID":null},{"edgeID":"1763387","fromID":"1345832","toID":"1345835","formEdgeID":null},{"edgeID":"1763388","fromID":"1345835","toID":"1345831","formEdgeID":null},{"edgeID":"1763389","fromID":"1345815","toID":"1345836","formEdgeID":null},{"edgeID":"1763390","fromID":"1345836","toID":"1345832","formEdgeID":null},{"edgeID":"1763391","fromID":"1345839","toID":"1345838","formEdgeID":null},{"edgeID":"1763392","fromID":"1345840","toID":"1345839","formEdgeID":null},{"edgeID":"1763393","fromID":"1345838","toID":"1345841","formEdgeID":null},{"edgeID":"1763394","fromID":"1345841","toID":"1345837","formEdgeID":null},{"edgeID":"1763395","fromID":"1345832","toID":"1345842","formEdgeID":null},{"edgeID":"1763396","fromID":"1345842","toID":"1345838","formEdgeID":null},{"edgeID":"1763397","fromID":"1345837","toID":"1345843","formEdgeID":null},{"edgeID":"1763398","fromID":"1345843","toID":"1345831","formEdgeID":null},{"edgeID":"1763399","fromID":"1345842","toID":"1345844","formEdgeID":null},{"edgeID":"1763400","fromID":"1345844","toID":"1345843","formEdgeID":null},{"edgeID":"1763401","fromID":"1345847","toID":"1345846","formEdgeID":null},{"edgeID":"1763402","fromID":"1345848","toID":"1345847","formEdgeID":null},{"edgeID":"1763403","fromID":"1345846","toID":"1345849","formEdgeID":null},{"edgeID":"1763404","fromID":"1345849","toID":"1345845","formEdgeID":null},{"edgeID":"1763405","fromID":"1345838","toID":"1345850","formEdgeID":null},{"edgeID":"1763406","fromID":"1345850","toID":"1345846","formEdgeID":null},{"edgeID":"1763407","fromID":"1345853","toID":"1345852","formEdgeID":null},{"edgeID":"1763408","fromID":"1345854","toID":"1345853","formEdgeID":null},{"edgeID":"1763409","fromID":"1345852","toID":"1345855","formEdgeID":null},{"edgeID":"1763410","fromID":"1345855","toID":"1345851","formEdgeID":null},{"edgeID":"1763411","fromID":"1345846","toID":"1345856","formEdgeID":null},{"edgeID":"1763412","fromID":"1345856","toID":"1345852","formEdgeID":null},{"edgeID":"1763413","fromID":"1345857","toID":"1345787","formEdgeID":null},{"edgeID":"1763414","fromID":"1345858","toID":"1345857","formEdgeID":null},{"edgeID":"1763415","fromID":"1345852","toID":"1345859","formEdgeID":null},{"edgeID":"1763416","fromID":"1345859","toID":"1345787","formEdgeID":null},{"edgeID":"1763417","fromID":"1345859","toID":"1345860","formEdgeID":null},{"edgeID":"1763418","fromID":"1345860","toID":"1345851","formEdgeID":null},{"edgeID":"1763419","fromID":"1345793","toID":"1345861","formEdgeID":null},{"edgeID":"1763420","fromID":"1345861","toID":"1345788","formEdgeID":null},{"edgeID":"1763421","fromID":"1345798","toID":"1345862","formEdgeID":null},{"edgeID":"1763422","fromID":"1345862","toID":"1345861","formEdgeID":null},{"edgeID":"1763423","fromID":"1345845","toID":"1345863","formEdgeID":null},{"edgeID":"1763424","fromID":"1345863","toID":"1345837","formEdgeID":null},{"edgeID":"1763425","fromID":"1345850","toID":"1345864","formEdgeID":null},{"edgeID":"1763426","fromID":"1345864","toID":"1345863","formEdgeID":null},{"edgeID":"1763427","fromID":"1345867","toID":"1345866","formEdgeID":null},{"edgeID":"1763428","fromID":"1345868","toID":"1345867","formEdgeID":null},{"edgeID":"1763429","fromID":"1345866","toID":"1345869","formEdgeID":null},{"edgeID":"1763430","fromID":"1345869","toID":"1345865","formEdgeID":null},{"edgeID":"1763431","fromID":"1345787","toID":"1345870","formEdgeID":null},{"edgeID":"1763432","fromID":"1345870","toID":"1345866","formEdgeID":null},{"edgeID":"1763433","fromID":"1345865","toID":"1345871","formEdgeID":null},{"edgeID":"1763434","fromID":"1345871","toID":"1345851","formEdgeID":null},{"edgeID":"1763435","fromID":"1345870","toID":"1345872","formEdgeID":null},{"edgeID":"1763436","fromID":"1345872","toID":"1345871","formEdgeID":null},{"edgeID":"1763437","fromID":"1345875","toID":"1345874","formEdgeID":null},{"edgeID":"1763438","fromID":"1345876","toID":"1345875","formEdgeID":null},{"edgeID":"1763439","fromID":"1345874","toID":"1345877","formEdgeID":null},{"edgeID":"1763440","fromID":"1345877","toID":"1345873","formEdgeID":null},{"edgeID":"1763441","fromID":"1345866","toID":"1345878","formEdgeID":null},{"edgeID":"1763442","fromID":"1345878","toID":"1345874","formEdgeID":null},{"edgeID":"1763443","fromID":"1345873","toID":"1345879","formEdgeID":null},{"edgeID":"1763444","fromID":"1345879","toID":"1345865","formEdgeID":null},{"edgeID":"1763445","fromID":"1345878","toID":"1345880","formEdgeID":null},{"edgeID":"1763446","fromID":"1345880","toID":"1345879","formEdgeID":null},{"edgeID":"1763447","fromID":"1345883","toID":"1345882","formEdgeID":null},{"edgeID":"1763448","fromID":"1345884","toID":"1345883","formEdgeID":null},{"edgeID":"1763449","fromID":"1345882","toID":"1345885","formEdgeID":null},{"edgeID":"1763450","fromID":"1345885","toID":"1345881","formEdgeID":null},{"edgeID":"1763451","fromID":"1345874","toID":"1345886","formEdgeID":null},{"edgeID":"1763452","fromID":"1345886","toID":"1345882","formEdgeID":null},{"edgeID":"1763453","fromID":"1345881","toID":"1345887","formEdgeID":null},{"edgeID":"1763454","fromID":"1345887","toID":"1345873","formEdgeID":null},{"edgeID":"1763455","fromID":"1345886","toID":"1345888","formEdgeID":null},{"edgeID":"1763456","fromID":"1345888","toID":"1345887","formEdgeID":null},{"edgeID":"1763457","fromID":"1345891","toID":"1345890","formEdgeID":null},{"edgeID":"1763458","fromID":"1345892","toID":"1345891","formEdgeID":null},{"edgeID":"1763459","fromID":"1345890","toID":"1345893","formEdgeID":null},{"edgeID":"1763460","fromID":"1345893","toID":"1345889","formEdgeID":null},{"edgeID":"1763461","fromID":"1345882","toID":"1345894","formEdgeID":null},{"edgeID":"1763462","fromID":"1345894","toID":"1345890","formEdgeID":null},{"edgeID":"1763463","fromID":"1345897","toID":"1345896","formEdgeID":null},{"edgeID":"1763464","fromID":"1345898","toID":"1345897","formEdgeID":null},{"edgeID":"1763465","fromID":"1345896","toID":"1345899","formEdgeID":null},{"edgeID":"1763466","fromID":"1345899","toID":"1345895","formEdgeID":null},{"edgeID":"1763467","fromID":"1345890","toID":"1345900","formEdgeID":null},{"edgeID":"1763468","fromID":"1345900","toID":"1345896","formEdgeID":null},{"edgeID":"1763469","fromID":"1345889","toID":"1345901","formEdgeID":null},{"edgeID":"1763470","fromID":"1345901","toID":"1345895","formEdgeID":null},{"edgeID":"1763471","fromID":"1345900","toID":"1345902","formEdgeID":null},{"edgeID":"1763472","fromID":"1345902","toID":"1345901","formEdgeID":null},{"edgeID":"1763473","fromID":"1345905","toID":"1345904","formEdgeID":null},{"edgeID":"1763474","fromID":"1345906","toID":"1345905","formEdgeID":null},{"edgeID":"1763475","fromID":"1345904","toID":"1345907","formEdgeID":null},{"edgeID":"1763476","fromID":"1345907","toID":"1345903","formEdgeID":null},{"edgeID":"1763477","fromID":"1345896","toID":"1345908","formEdgeID":null},{"edgeID":"1763478","fromID":"1345908","toID":"1345904","formEdgeID":null},{"edgeID":"1763479","fromID":"1345903","toID":"1345909","formEdgeID":null},{"edgeID":"1763480","fromID":"1345909","toID":"1345895","formEdgeID":null},{"edgeID":"1763481","fromID":"1345908","toID":"1345910","formEdgeID":null},{"edgeID":"1763482","fromID":"1345910","toID":"1345909","formEdgeID":null},{"edgeID":"1763483","fromID":"1345913","toID":"1345912","formEdgeID":null},{"edgeID":"1763484","fromID":"1345914","toID":"1345913","formEdgeID":null},{"edgeID":"1763485","fromID":"1345912","toID":"1345915","formEdgeID":null},{"edgeID":"1763486","fromID":"1345915","toID":"1345911","formEdgeID":null},{"edgeID":"1763487","fromID":"1345904","toID":"1345916","formEdgeID":null},{"edgeID":"1763488","fromID":"1345916","toID":"1345912","formEdgeID":null},{"edgeID":"1763489","fromID":"1345911","toID":"1345917","formEdgeID":null},{"edgeID":"1763490","fromID":"1345917","toID":"1345903","formEdgeID":null},{"edgeID":"1763491","fromID":"1345916","toID":"1345918","formEdgeID":null},{"edgeID":"1763492","fromID":"1345918","toID":"1345917","formEdgeID":null},{"edgeID":"1763493","fromID":"1345921","toID":"1345920","formEdgeID":null},{"edgeID":"1763494","fromID":"1345922","toID":"1345921","formEdgeID":null},{"edgeID":"1763495","fromID":"1345920","toID":"1345923","formEdgeID":null},{"edgeID":"1763496","fromID":"1345923","toID":"1345919","formEdgeID":null},{"edgeID":"1763497","fromID":"1345912","toID":"1345924","formEdgeID":null},{"edgeID":"1763498","fromID":"1345924","toID":"1345920","formEdgeID":null},{"edgeID":"1763499","fromID":"1345927","toID":"1345926","formEdgeID":null},{"edgeID":"1763500","fromID":"1345928","toID":"1345927","formEdgeID":null},{"edgeID":"1763501","fromID":"1345926","toID":"1345929","formEdgeID":null},{"edgeID":"1763502","fromID":"1345929","toID":"1345925","formEdgeID":null},{"edgeID":"1763503","fromID":"1345920","toID":"1345930","formEdgeID":null},{"edgeID":"1763504","fromID":"1345930","toID":"1345926","formEdgeID":null},{"edgeID":"1763505","fromID":"1345919","toID":"1345931","formEdgeID":null},{"edgeID":"1763506","fromID":"1345931","toID":"1345925","formEdgeID":null},{"edgeID":"1763507","fromID":"1345930","toID":"1345932","formEdgeID":null},{"edgeID":"1763508","fromID":"1345932","toID":"1345931","formEdgeID":null},{"edgeID":"1763509","fromID":"1345935","toID":"1345934","formEdgeID":null},{"edgeID":"1763510","fromID":"1345936","toID":"1345935","formEdgeID":null},{"edgeID":"1763511","fromID":"1345934","toID":"1345937","formEdgeID":null},{"edgeID":"1763512","fromID":"1345937","toID":"1345933","formEdgeID":null},{"edgeID":"1763513","fromID":"1345926","toID":"1345938","formEdgeID":null},{"edgeID":"1763514","fromID":"1345938","toID":"1345934","formEdgeID":null},{"edgeID":"1763515","fromID":"1345933","toID":"1345939","formEdgeID":null},{"edgeID":"1763516","fromID":"1345939","toID":"1345925","formEdgeID":null},{"edgeID":"1763517","fromID":"1345938","toID":"1345940","formEdgeID":null},{"edgeID":"1763518","fromID":"1345940","toID":"1345939","formEdgeID":null},{"edgeID":"1763519","fromID":"1345943","toID":"1345942","formEdgeID":null},{"edgeID":"1763520","fromID":"1345944","toID":"1345943","formEdgeID":null},{"edgeID":"1763521","fromID":"1345942","toID":"1345945","formEdgeID":null},{"edgeID":"1763522","fromID":"1345945","toID":"1345941","formEdgeID":null},{"edgeID":"1763523","fromID":"1345934","toID":"1345946","formEdgeID":null},{"edgeID":"1763524","fromID":"1345946","toID":"1345942","formEdgeID":null},{"edgeID":"1763525","fromID":"1345941","toID":"1345947","formEdgeID":null},{"edgeID":"1763526","fromID":"1345947","toID":"1345933","formEdgeID":null},{"edgeID":"1763527","fromID":"1345946","toID":"1345948","formEdgeID":null},{"edgeID":"1763528","fromID":"1345948","toID":"1345947","formEdgeID":null},{"edgeID":"1763529","fromID":"1345951","toID":"1345950","formEdgeID":null},{"edgeID":"1763530","fromID":"1345952","toID":"1345951","formEdgeID":null},{"edgeID":"1763531","fromID":"1345950","toID":"1345953","formEdgeID":null},{"edgeID":"1763532","fromID":"1345953","toID":"1345949","formEdgeID":null},{"edgeID":"1763533","fromID":"1345942","toID":"1345954","formEdgeID":null},{"edgeID":"1763534","fromID":"1345954","toID":"1345950","formEdgeID":null},{"edgeID":"1763535","fromID":"1345949","toID":"1345955","formEdgeID":null},{"edgeID":"1763536","fromID":"1345955","toID":"1345941","formEdgeID":null},{"edgeID":"1763537","fromID":"1345954","toID":"1345956","formEdgeID":null},{"edgeID":"1763538","fromID":"1345956","toID":"1345955","formEdgeID":null}],"locutions":[]}