{"nodes":[{"nodeID":"1353546","text":"yeah, inhabitants of the planet","type":"I","timestamp":"2023-11-09 14:13:36"},{"nodeID":"1353547","text":"AudienceMember 20221110QT57: Yeah, inhabitants of the planet","type":"L","timestamp":"2023-11-09 14:13:36"},{"nodeID":"1353548","text":"Analysing","type":"YA","timestamp":"2023-11-09 14:13:36"},{"nodeID":"1353549","text":"Anon: AudienceMember 20221110QT57: Yeah, inhabitants of the planet","type":"L","timestamp":"2023-11-09 14:13:36"},{"nodeID":"1353550","text":"Asserting","type":"YA","timestamp":"2023-11-09 14:13:36"},{"nodeID":"1353551","text":"the debates of tonight not covering the issues at hand is all crazy","type":"I","timestamp":"2023-11-09 14:13:37"},{"nodeID":"1353552","text":"AudienceMember 20221110QT57: It\u2019s all crazy","type":"L","timestamp":"2023-11-09 14:13:37"},{"nodeID":"1353553","text":"Analysing","type":"YA","timestamp":"2023-11-09 14:13:37"},{"nodeID":"1353554","text":"Anon: AudienceMember 20221110QT57: It\u2019s all crazy","type":"L","timestamp":"2023-11-09 14:13:37"},{"nodeID":"1353555","text":"Asserting","type":"YA","timestamp":"2023-11-09 14:13:37"},{"nodeID":"1353556","text":"the debates of tonight is all so distant from ordinary people","type":"I","timestamp":"2023-11-09 14:13:37"},{"nodeID":"1353557","text":"AudienceMember 20221110QT57: It\u2019s all so distant from ordinary people","type":"L","timestamp":"2023-11-09 14:13:37"},{"nodeID":"1353558","text":"Analysing","type":"YA","timestamp":"2023-11-09 14:13:37"},{"nodeID":"1353559","text":"Anon: AudienceMember 20221110QT57: It\u2019s all so distant from ordinary people","type":"L","timestamp":"2023-11-09 14:13:37"},{"nodeID":"1353560","text":"Asserting","type":"YA","timestamp":"2023-11-09 14:13:37"},{"nodeID":"1353561","text":"we talk about a general election","type":"I","timestamp":"2023-11-09 14:13:38"},{"nodeID":"1353562","text":"AudienceMember 20221110QT57: We talk about a general election","type":"L","timestamp":"2023-11-09 14:13:38"},{"nodeID":"1353563","text":"Analysing","type":"YA","timestamp":"2023-11-09 14:13:38"},{"nodeID":"1353564","text":"Anon: AudienceMember 20221110QT57: We talk about a general election","type":"L","timestamp":"2023-11-09 14:13:38"},{"nodeID":"1353565","text":"Asserting","type":"YA","timestamp":"2023-11-09 14:13:38"},{"nodeID":"1353566","text":"whether it\u2019s tomorrow or in two years\u2019 time, people are going to turn away unless you actually talk about people","type":"I","timestamp":"2023-11-09 14:13:38"},{"nodeID":"1353567","text":"AudienceMember 20221110QT57: whether it\u2019s tomorrow or in two years\u2019 time, people are going to turn away unless you actually talk about people","type":"L","timestamp":"2023-11-09 14:13:38"},{"nodeID":"1353568","text":"Analysing","type":"YA","timestamp":"2023-11-09 14:13:38"},{"nodeID":"1353569","text":"Anon: AudienceMember 20221110QT57: whether it\u2019s tomorrow or in two years\u2019 time, people are going to turn away unless you actually talk about people","type":"L","timestamp":"2023-11-09 14:13:38"},{"nodeID":"1353570","text":"Asserting","type":"YA","timestamp":"2023-11-09 14:13:39"},{"nodeID":"1353571","text":"Default Transition","type":"TA","timestamp":"2023-11-09 14:13:39"},{"nodeID":"1353572","text":"Default Transition","type":"TA","timestamp":"2023-11-09 14:13:39"},{"nodeID":"1353573","text":"Default Transition","type":"TA","timestamp":"2023-11-09 14:13:39"},{"nodeID":"1353574","text":"Default Transition","type":"TA","timestamp":"2023-11-09 14:13:39"},{"nodeID":"1353575","text":"nurses might take issue with the fact that they\u2019re not people and that what they\u2019re doing affects them and patients","type":"I","timestamp":"2023-11-09 14:13:39"},{"nodeID":"1353576","text":"Fiona Bruce: nurses might take issue with the fact that they\u2019re not people and that what they\u2019re doing affects them and patients","type":"L","timestamp":"2023-11-09 14:13:39"},{"nodeID":"1353577","text":"Analysing","type":"YA","timestamp":"2023-11-09 14:13:39"},{"nodeID":"1353578","text":"Anon: Fiona Bruce: nurses might take issue with the fact that they\u2019re not people and that what they\u2019re doing affects them and patients","type":"L","timestamp":"2023-11-09 14:13:39"},{"nodeID":"1353579","text":"Asserting","type":"YA","timestamp":"2023-11-09 14:13:39"},{"nodeID":"1353580","text":"nurses and their issues are issues that affects real people","type":"I","timestamp":"2023-11-09 14:13:40"},{"nodeID":"1353581","text":"Fiona Bruce: that is an issue that affects real people","type":"L","timestamp":"2023-11-09 14:13:40"},{"nodeID":"1353582","text":"Analysing","type":"YA","timestamp":"2023-11-09 14:13:40"},{"nodeID":"1353583","text":"Anon: Fiona Bruce: that is an issue that affects real people","type":"L","timestamp":"2023-11-09 14:13:40"},{"nodeID":"1353584","text":"Asserting","type":"YA","timestamp":"2023-11-09 14:13:40"},{"nodeID":"1353585","text":"we\u2019ve heard from nurses and people in the NHS here earlier","type":"I","timestamp":"2023-11-09 14:13:41"},{"nodeID":"1353586","text":"Fiona Bruce: we\u2019ve heard from nurses and people in the NHS here earlier","type":"L","timestamp":"2023-11-09 14:13:41"},{"nodeID":"1353587","text":"Analysing","type":"YA","timestamp":"2023-11-09 14:13:41"},{"nodeID":"1353588","text":"Anon: Fiona Bruce: we\u2019ve heard from nurses and people in the NHS here earlier","type":"L","timestamp":"2023-11-09 14:13:41"},{"nodeID":"1353589","text":"Asserting","type":"YA","timestamp":"2023-11-09 14:13:41"},{"nodeID":"1353590","text":"Default Conflict","type":"CA","timestamp":"2023-11-09 14:13:41"},{"nodeID":"1353591","text":"Default Transition","type":"TA","timestamp":"2023-11-09 14:13:41"},{"nodeID":"1353592","text":"Disagreeing","type":"YA","timestamp":"2023-11-09 14:13:41"},{"nodeID":"1353593","text":"Default Transition","type":"TA","timestamp":"2023-11-09 14:13:41"},{"nodeID":"1353594","text":"Default Transition","type":"TA","timestamp":"2023-11-09 14:13:41"},{"nodeID":"1353595","text":"Default Inference","type":"RA","timestamp":"2023-11-09 14:13:41"},{"nodeID":"1353596","text":"Arguing","type":"YA","timestamp":"2023-11-09 14:13:41"},{"nodeID":"1353597","text":"ultimately it\u2019s to serve people","type":"I","timestamp":"2023-11-09 14:13:41"},{"nodeID":"1353598","text":"AudienceMember 20221110QT58: ultimately it\u2019s to serve people","type":"L","timestamp":"2023-11-09 14:13:41"},{"nodeID":"1353599","text":"Analysing","type":"YA","timestamp":"2023-11-09 14:13:41"},{"nodeID":"1353600","text":"Anon: AudienceMember 20221110QT58: ultimately it\u2019s to serve people","type":"L","timestamp":"2023-11-09 14:13:41"},{"nodeID":"1353601","text":"Asserting","type":"YA","timestamp":"2023-11-09 14:13:41"},{"nodeID":"1353602","text":"the plan we have is all about getting jobs","type":"I","timestamp":"2023-11-09 14:13:42"},{"nodeID":"1353603","text":"Emily Thornberry: the plan we have is all about getting jobs","type":"L","timestamp":"2023-11-09 14:13:42"},{"nodeID":"1353604","text":"Analysing","type":"YA","timestamp":"2023-11-09 14:13:42"},{"nodeID":"1353605","text":"Anon: Emily Thornberry: That\u2019s why the plan we have is all about getting jobs","type":"L","timestamp":"2023-11-09 14:13:42"},{"nodeID":"1353606","text":"Asserting","type":"YA","timestamp":"2023-11-09 14:13:42"},{"nodeID":"1353607","text":"the plan is about introducing industries into areas where the industries have gone","type":"I","timestamp":"2023-11-09 14:13:43"},{"nodeID":"1353608","text":"Emily Thornberry: it\u2019s about introducing industries into areas where the industries have gone","type":"L","timestamp":"2023-11-09 14:13:43"},{"nodeID":"1353609","text":"Analysing","type":"YA","timestamp":"2023-11-09 14:13:43"},{"nodeID":"1353610","text":"Anon: Emily Thornberry: it\u2019s about introducing industries into areas where the industries have gone","type":"L","timestamp":"2023-11-09 14:13:43"},{"nodeID":"1353611","text":"Asserting","type":"YA","timestamp":"2023-11-09 14:13:43"},{"nodeID":"1353612","text":"the plan is about making sure that we can put our bills down","type":"I","timestamp":"2023-11-09 14:13:44"},{"nodeID":"1353613","text":"Emily Thornberry: It\u2019s about making sure that we can put our bills down","type":"L","timestamp":"2023-11-09 14:13:44"},{"nodeID":"1353614","text":"Analysing","type":"YA","timestamp":"2023-11-09 14:13:44"},{"nodeID":"1353615","text":"Anon: Emily Thornberry: It\u2019s about making sure that we can put our bills down","type":"L","timestamp":"2023-11-09 14:13:44"},{"nodeID":"1353616","text":"Asserting","type":"YA","timestamp":"2023-11-09 14:13:44"},{"nodeID":"1353617","text":"the plan is the way in which we can rise to the challenge of climate change and change people\u2019s lives for the better","type":"I","timestamp":"2023-11-09 14:13:44"},{"nodeID":"1353618","text":"Emily Thornberry: this is the way in which we can rise to the challenge of climate change and change people\u2019s lives for the better","type":"L","timestamp":"2023-11-09 14:13:44"},{"nodeID":"1353619","text":"Analysing","type":"YA","timestamp":"2023-11-09 14:13:44"},{"nodeID":"1353620","text":"Anon: Emily Thornberry: this is the way in which we can rise to the challenge of climate change and change people\u2019s lives for the better","type":"L","timestamp":"2023-11-09 14:13:44"},{"nodeID":"1353621","text":"Asserting","type":"YA","timestamp":"2023-11-09 14:13:44"},{"nodeID":"1353622","text":"Default Transition","type":"TA","timestamp":"2023-11-09 14:13:44"},{"nodeID":"1353623","text":"Default Transition","type":"TA","timestamp":"2023-11-09 14:13:44"},{"nodeID":"1353624","text":"Default Rephrase","type":"MA","timestamp":"2023-11-09 14:13:44"},{"nodeID":"1353625","text":"Restating","type":"YA","timestamp":"2023-11-09 14:13:44"},{"nodeID":"1353626","text":"Default Rephrase","type":"MA","timestamp":"2023-11-09 14:13:44"},{"nodeID":"1353627","text":"Default Transition","type":"TA","timestamp":"2023-11-09 14:13:44"},{"nodeID":"1353628","text":"Restating","type":"YA","timestamp":"2023-11-09 14:13:44"},{"nodeID":"1353629","text":"Default Transition","type":"TA","timestamp":"2023-11-09 14:13:44"},{"nodeID":"1353630","text":"Default Transition","type":"TA","timestamp":"2023-11-09 14:13:44"},{"nodeID":"1353631","text":"Default Inference","type":"RA","timestamp":"2023-11-09 14:13:44"},{"nodeID":"1353632","text":"Arguing","type":"YA","timestamp":"2023-11-09 14:13:44"}],"edges":[{"edgeID":"1772566","fromID":"1353548","toID":"1353547","formEdgeID":null},{"edgeID":"1772567","fromID":"1353549","toID":"1353548","formEdgeID":null},{"edgeID":"1772568","fromID":"1353547","toID":"1353550","formEdgeID":null},{"edgeID":"1772569","fromID":"1353550","toID":"1353546","formEdgeID":null},{"edgeID":"1772570","fromID":"1353553","toID":"1353552","formEdgeID":null},{"edgeID":"1772571","fromID":"1353554","toID":"1353553","formEdgeID":null},{"edgeID":"1772572","fromID":"1353552","toID":"1353555","formEdgeID":null},{"edgeID":"1772573","fromID":"1353555","toID":"1353551","formEdgeID":null},{"edgeID":"1772574","fromID":"1353558","toID":"1353557","formEdgeID":null},{"edgeID":"1772575","fromID":"1353559","toID":"1353558","formEdgeID":null},{"edgeID":"1772576","fromID":"1353557","toID":"1353560","formEdgeID":null},{"edgeID":"1772577","fromID":"1353560","toID":"1353556","formEdgeID":null},{"edgeID":"1772578","fromID":"1353563","toID":"1353562","formEdgeID":null},{"edgeID":"1772579","fromID":"1353564","toID":"1353563","formEdgeID":null},{"edgeID":"1772580","fromID":"1353562","toID":"1353565","formEdgeID":null},{"edgeID":"1772581","fromID":"1353565","toID":"1353561","formEdgeID":null},{"edgeID":"1772582","fromID":"1353568","toID":"1353567","formEdgeID":null},{"edgeID":"1772583","fromID":"1353569","toID":"1353568","formEdgeID":null},{"edgeID":"1772584","fromID":"1353567","toID":"1353570","formEdgeID":null},{"edgeID":"1772585","fromID":"1353570","toID":"1353566","formEdgeID":null},{"edgeID":"1772586","fromID":"1353547","toID":"1353571","formEdgeID":null},{"edgeID":"1772587","fromID":"1353571","toID":"1353552","formEdgeID":null},{"edgeID":"1772588","fromID":"1353552","toID":"1353572","formEdgeID":null},{"edgeID":"1772589","fromID":"1353572","toID":"1353557","formEdgeID":null},{"edgeID":"1772590","fromID":"1353557","toID":"1353573","formEdgeID":null},{"edgeID":"1772591","fromID":"1353573","toID":"1353562","formEdgeID":null},{"edgeID":"1772592","fromID":"1353562","toID":"1353574","formEdgeID":null},{"edgeID":"1772593","fromID":"1353574","toID":"1353567","formEdgeID":null},{"edgeID":"1772594","fromID":"1353577","toID":"1353576","formEdgeID":null},{"edgeID":"1772595","fromID":"1353578","toID":"1353577","formEdgeID":null},{"edgeID":"1772596","fromID":"1353576","toID":"1353579","formEdgeID":null},{"edgeID":"1772597","fromID":"1353579","toID":"1353575","formEdgeID":null},{"edgeID":"1772598","fromID":"1353582","toID":"1353581","formEdgeID":null},{"edgeID":"1772599","fromID":"1353583","toID":"1353582","formEdgeID":null},{"edgeID":"1772600","fromID":"1353581","toID":"1353584","formEdgeID":null},{"edgeID":"1772601","fromID":"1353584","toID":"1353580","formEdgeID":null},{"edgeID":"1772602","fromID":"1353587","toID":"1353586","formEdgeID":null},{"edgeID":"1772603","fromID":"1353588","toID":"1353587","formEdgeID":null},{"edgeID":"1772604","fromID":"1353586","toID":"1353589","formEdgeID":null},{"edgeID":"1772605","fromID":"1353589","toID":"1353585","formEdgeID":null},{"edgeID":"1772606","fromID":"1353575","toID":"1353590","formEdgeID":null},{"edgeID":"1772607","fromID":"1353590","toID":"1353556","formEdgeID":null},{"edgeID":"1772608","fromID":"1353557","toID":"1353591","formEdgeID":null},{"edgeID":"1772609","fromID":"1353591","toID":"1353576","formEdgeID":null},{"edgeID":"1772610","fromID":"1353591","toID":"1353592","formEdgeID":null},{"edgeID":"1772611","fromID":"1353592","toID":"1353590","formEdgeID":null},{"edgeID":"1772612","fromID":"1353576","toID":"1353593","formEdgeID":null},{"edgeID":"1772613","fromID":"1353593","toID":"1353581","formEdgeID":null},{"edgeID":"1772614","fromID":"1353581","toID":"1353594","formEdgeID":null},{"edgeID":"1772615","fromID":"1353594","toID":"1353586","formEdgeID":null},{"edgeID":"1772616","fromID":"1353580","toID":"1353595","formEdgeID":null},{"edgeID":"1772617","fromID":"1353595","toID":"1353575","formEdgeID":null},{"edgeID":"1772618","fromID":"1353593","toID":"1353596","formEdgeID":null},{"edgeID":"1772619","fromID":"1353596","toID":"1353595","formEdgeID":null},{"edgeID":"1772620","fromID":"1353599","toID":"1353598","formEdgeID":null},{"edgeID":"1772621","fromID":"1353600","toID":"1353599","formEdgeID":null},{"edgeID":"1772622","fromID":"1353598","toID":"1353601","formEdgeID":null},{"edgeID":"1772623","fromID":"1353601","toID":"1353597","formEdgeID":null},{"edgeID":"1772624","fromID":"1353604","toID":"1353603","formEdgeID":null},{"edgeID":"1772625","fromID":"1353605","toID":"1353604","formEdgeID":null},{"edgeID":"1772626","fromID":"1353603","toID":"1353606","formEdgeID":null},{"edgeID":"1772627","fromID":"1353606","toID":"1353602","formEdgeID":null},{"edgeID":"1772628","fromID":"1353609","toID":"1353608","formEdgeID":null},{"edgeID":"1772629","fromID":"1353610","toID":"1353609","formEdgeID":null},{"edgeID":"1772630","fromID":"1353608","toID":"1353611","formEdgeID":null},{"edgeID":"1772631","fromID":"1353611","toID":"1353607","formEdgeID":null},{"edgeID":"1772632","fromID":"1353614","toID":"1353613","formEdgeID":null},{"edgeID":"1772633","fromID":"1353615","toID":"1353614","formEdgeID":null},{"edgeID":"1772634","fromID":"1353613","toID":"1353616","formEdgeID":null},{"edgeID":"1772635","fromID":"1353616","toID":"1353612","formEdgeID":null},{"edgeID":"1772636","fromID":"1353619","toID":"1353618","formEdgeID":null},{"edgeID":"1772637","fromID":"1353620","toID":"1353619","formEdgeID":null},{"edgeID":"1772638","fromID":"1353618","toID":"1353621","formEdgeID":null},{"edgeID":"1772639","fromID":"1353621","toID":"1353617","formEdgeID":null},{"edgeID":"1772640","fromID":"1353598","toID":"1353622","formEdgeID":null},{"edgeID":"1772641","fromID":"1353622","toID":"1353603","formEdgeID":null},{"edgeID":"1772642","fromID":"1353603","toID":"1353623","formEdgeID":null},{"edgeID":"1772643","fromID":"1353623","toID":"1353608","formEdgeID":null},{"edgeID":"1772644","fromID":"1353607","toID":"1353624","formEdgeID":null},{"edgeID":"1772645","fromID":"1353624","toID":"1353602","formEdgeID":null},{"edgeID":"1772646","fromID":"1353623","toID":"1353625","formEdgeID":null},{"edgeID":"1772647","fromID":"1353625","toID":"1353624","formEdgeID":null},{"edgeID":"1772648","fromID":"1353612","toID":"1353626","formEdgeID":null},{"edgeID":"1772649","fromID":"1353626","toID":"1353602","formEdgeID":null},{"edgeID":"1772650","fromID":"1353603","toID":"1353627","formEdgeID":null},{"edgeID":"1772651","fromID":"1353627","toID":"1353613","formEdgeID":null},{"edgeID":"1772652","fromID":"1353627","toID":"1353628","formEdgeID":null},{"edgeID":"1772653","fromID":"1353628","toID":"1353626","formEdgeID":null},{"edgeID":"1772654","fromID":"1353613","toID":"1353629","formEdgeID":null},{"edgeID":"1772655","fromID":"1353629","toID":"1353618","formEdgeID":null},{"edgeID":"1772656","fromID":"1353586","toID":"1353630","formEdgeID":null},{"edgeID":"1772657","fromID":"1353630","toID":"1353598","formEdgeID":null},{"edgeID":"1772658","fromID":"1353597","toID":"1353631","formEdgeID":null},{"edgeID":"1772659","fromID":"1353631","toID":"1353602","formEdgeID":null},{"edgeID":"1772660","fromID":"1353622","toID":"1353632","formEdgeID":null},{"edgeID":"1772661","fromID":"1353632","toID":"1353631","formEdgeID":null}],"locutions":[]}