{"nodes":[{"nodeID":"1346926","text":"we can be carbon neutral by 2030, so long as we believe that we can","type":"I","timestamp":"2023-11-09 14:02:56"},{"nodeID":"1346927","text":"Emily Thornberry: We can do it, so long as we believe that we can","type":"L","timestamp":"2023-11-09 14:02:56"},{"nodeID":"1346928","text":"Analysing","type":"YA","timestamp":"2023-11-09 14:02:56"},{"nodeID":"1346929","text":"Anon: Emily Thornberry: We can do it, so long as we believe that we can","type":"L","timestamp":"2023-11-09 14:02:56"},{"nodeID":"1346930","text":"Asserting","type":"YA","timestamp":"2023-11-09 14:02:56"},{"nodeID":"1346931","text":"we can be carbon neutral by 2030, so long as we stop the self-hatred","type":"I","timestamp":"2023-11-09 14:02:57"},{"nodeID":"1346932","text":"Emily Thornberry: so long as we stop the self-hatred","type":"L","timestamp":"2023-11-09 14:02:57"},{"nodeID":"1346933","text":"Analysing","type":"YA","timestamp":"2023-11-09 14:02:57"},{"nodeID":"1346934","text":"Anon: Emily Thornberry: so long as we stop the self-hatred","type":"L","timestamp":"2023-11-09 14:02:57"},{"nodeID":"1346935","text":"Asserting","type":"YA","timestamp":"2023-11-09 14:02:57"},{"nodeID":"1346936","text":"Default Transition","type":"TA","timestamp":"2023-11-09 14:02:57"},{"nodeID":"1346937","text":"Default Rephrase","type":"MA","timestamp":"2023-11-09 14:02:57"},{"nodeID":"1346938","text":"Restating","type":"YA","timestamp":"2023-11-09 14:02:57"},{"nodeID":"1346939","text":"we can be carbon neutral by 2030, so long as we don\u2019t spend our time bickering and actually going yeah, we\u2019ve got to do it, let\u2019s go for it","type":"I","timestamp":"2023-11-09 14:02:57"},{"nodeID":"1346940","text":"Emily Thornberry: so long as we don\u2019t spend our time bickering and actually going yeah, we\u2019ve got to do it, let\u2019s go for it","type":"L","timestamp":"2023-11-09 14:02:57"},{"nodeID":"1346941","text":"Analysing","type":"YA","timestamp":"2023-11-09 14:02:57"},{"nodeID":"1346942","text":"Anon: Emily Thornberry: so long as we don\u2019t spend our time bickering and actually going yeah, we\u2019ve got to do it, let\u2019s go for it","type":"L","timestamp":"2023-11-09 14:02:57"},{"nodeID":"1346943","text":"Asserting","type":"YA","timestamp":"2023-11-09 14:02:57"},{"nodeID":"1346944","text":"Default Transition","type":"TA","timestamp":"2023-11-09 14:02:57"},{"nodeID":"1346945","text":"Default Rephrase","type":"MA","timestamp":"2023-11-09 14:02:57"},{"nodeID":"1346946","text":"Restating","type":"YA","timestamp":"2023-11-09 14:02:57"},{"nodeID":"1346947","text":"let\u2019s put some investment into the hundreds of thousands of jobs that can be created, the new industries that we can support, insulating people\u2019s homes","type":"I","timestamp":"2023-11-09 14:02:58"},{"nodeID":"1346948","text":"Emily Thornberry: let\u2019s put some investment into the hundreds of thousands of jobs that can be created, the new industries that we can support, insulating people\u2019s homes","type":"L","timestamp":"2023-11-09 14:02:58"},{"nodeID":"1346949","text":"Analysing","type":"YA","timestamp":"2023-11-09 14:02:58"},{"nodeID":"1346950","text":"Anon: Emily Thornberry: let\u2019s put some investment into the hundreds of thousands of jobs that can be created, the new industries that we can support, insulating people\u2019s homes","type":"L","timestamp":"2023-11-09 14:02:58"},{"nodeID":"1346951","text":"Asserting","type":"YA","timestamp":"2023-11-09 14:02:58"},{"nodeID":"1346952","text":"Default Transition","type":"TA","timestamp":"2023-11-09 14:02:58"},{"nodeID":"1346953","text":"Default Inference","type":"RA","timestamp":"2023-11-09 14:02:58"},{"nodeID":"1346954","text":"Arguing","type":"YA","timestamp":"2023-11-09 14:02:58"},{"nodeID":"1346955","text":"we won\u2019t be held to ransom by Putin anymore","type":"I","timestamp":"2023-11-09 14:02:58"},{"nodeID":"1346956","text":"Emily Thornberry: We won\u2019t be held to ransom by Putin anymore","type":"L","timestamp":"2023-11-09 14:02:58"},{"nodeID":"1346957","text":"Analysing","type":"YA","timestamp":"2023-11-09 14:02:58"},{"nodeID":"1346958","text":"Anon: Emily Thornberry: We won\u2019t be held to ransom by Putin anymore","type":"L","timestamp":"2023-11-09 14:02:58"},{"nodeID":"1346959","text":"Asserting","type":"YA","timestamp":"2023-11-09 14:02:58"},{"nodeID":"1346960","text":"Default Transition","type":"TA","timestamp":"2023-11-09 14:02:58"},{"nodeID":"1346961","text":"we will be able to have cheap energy, we will be able to have good jobs","type":"I","timestamp":"2023-11-09 14:02:59"},{"nodeID":"1346962","text":"Emily Thornberry: We will be able to have cheap energy, we will be able to have good jobs","type":"L","timestamp":"2023-11-09 14:02:59"},{"nodeID":"1346963","text":"Analysing","type":"YA","timestamp":"2023-11-09 14:02:59"},{"nodeID":"1346964","text":"Anon: Emily Thornberry: We will be able to have cheap energy, we will be able to have good jobs","type":"L","timestamp":"2023-11-09 14:02:59"},{"nodeID":"1346965","text":"Asserting","type":"YA","timestamp":"2023-11-09 14:02:59"},{"nodeID":"1346966","text":"Default Transition","type":"TA","timestamp":"2023-11-09 14:02:59"},{"nodeID":"1346967","text":"we\u2019ll also be doing our bit for saving the planet","type":"I","timestamp":"2023-11-09 14:03:00"},{"nodeID":"1346968","text":"Emily Thornberry: we\u2019ll also be doing our bit for saving the planet","type":"L","timestamp":"2023-11-09 14:03:00"},{"nodeID":"1346969","text":"Analysing","type":"YA","timestamp":"2023-11-09 14:03:00"},{"nodeID":"1346970","text":"Anon: Emily Thornberry: we\u2019ll also be doing our bit for saving the planet","type":"L","timestamp":"2023-11-09 14:03:00"},{"nodeID":"1346971","text":"Asserting","type":"YA","timestamp":"2023-11-09 14:03:00"},{"nodeID":"1346972","text":"Default Transition","type":"TA","timestamp":"2023-11-09 14:03:00"},{"nodeID":"1346973","text":"Default Inference","type":"RA","timestamp":"2023-11-09 14:03:00"},{"nodeID":"1346974","text":"Arguing","type":"YA","timestamp":"2023-11-09 14:03:00"},{"nodeID":"1346975","text":"having cheap energy and good jobs is the plan we need","type":"I","timestamp":"2023-11-09 14:03:00"},{"nodeID":"1346976","text":"Emily Thornberry: That\u2019s the plan we need","type":"L","timestamp":"2023-11-09 14:03:00"},{"nodeID":"1346977","text":"Analysing","type":"YA","timestamp":"2023-11-09 14:03:00"},{"nodeID":"1346978","text":"Anon: Emily Thornberry: That\u2019s the plan we need","type":"L","timestamp":"2023-11-09 14:03:00"},{"nodeID":"1346979","text":"Asserting","type":"YA","timestamp":"2023-11-09 14:03:00"},{"nodeID":"1346980","text":"Default Transition","type":"TA","timestamp":"2023-11-09 14:03:00"},{"nodeID":"1346981","text":"Default Inference","type":"RA","timestamp":"2023-11-09 14:03:00"},{"nodeID":"1346982","text":"Arguing","type":"YA","timestamp":"2023-11-09 14:03:00"},{"nodeID":"1346983","text":"we need to have the vision and we need to be brave and bold about this plan","type":"I","timestamp":"2023-11-09 14:03:01"},{"nodeID":"1346984","text":"Emily Thornberry: We need to have the vision and we need to be brave and bold about this","type":"L","timestamp":"2023-11-09 14:03:01"},{"nodeID":"1346985","text":"Analysing","type":"YA","timestamp":"2023-11-09 14:03:01"},{"nodeID":"1346986","text":"Anon: Emily Thornberry: We need to have the vision and we need to be brave and bold about this","type":"L","timestamp":"2023-11-09 14:03:01"},{"nodeID":"1346987","text":"Asserting","type":"YA","timestamp":"2023-11-09 14:03:01"},{"nodeID":"1346988","text":"Default Transition","type":"TA","timestamp":"2023-11-09 14:03:01"},{"nodeID":"1346989","text":"Default Inference","type":"RA","timestamp":"2023-11-09 14:03:01"},{"nodeID":"1346990","text":"Arguing","type":"YA","timestamp":"2023-11-09 14:03:01"},{"nodeID":"1346991","text":"we can do be carbon neutral by 2030","type":"I","timestamp":"2023-11-09 14:03:02"},{"nodeID":"1346992","text":"Stephanie Flanders: we can do it","type":"L","timestamp":"2023-11-09 14:03:02"},{"nodeID":"1346993","text":"Analysing","type":"YA","timestamp":"2023-11-09 14:03:02"},{"nodeID":"1346994","text":"Anon: Stephanie Flanders: we can do it","type":"L","timestamp":"2023-11-09 14:03:02"},{"nodeID":"1346995","text":"Asserting","type":"YA","timestamp":"2023-11-09 14:03:02"},{"nodeID":"1346996","text":"Default Transition","type":"TA","timestamp":"2023-11-09 14:03:02"},{"nodeID":"1346997","text":"Default Inference","type":"RA","timestamp":"2023-11-09 14:03:02"},{"nodeID":"1346998","text":"Arguing","type":"YA","timestamp":"2023-11-09 14:03:02"},{"nodeID":"1346999","text":"Default Rephrase","type":"MA","timestamp":"2023-11-09 14:03:02"},{"nodeID":"1347000","text":"Default Transition","type":"TA","timestamp":"2023-11-09 14:03:02"},{"nodeID":"1347001","text":"Restating","type":"YA","timestamp":"2023-11-09 14:03:02"},{"nodeID":"1347002","text":"Default Inference","type":"RA","timestamp":"2023-11-09 14:03:02"},{"nodeID":"1347003","text":"Arguing","type":"YA","timestamp":"2023-11-09 14:03:02"},{"nodeID":"1347004","text":"Default Inference","type":"RA","timestamp":"2023-11-09 14:03:02"},{"nodeID":"1347005","text":"Default Transition","type":"TA","timestamp":"2023-11-09 14:03:02"},{"nodeID":"1347006","text":"Arguing","type":"YA","timestamp":"2023-11-09 14:03:02"}],"edges":[{"edgeID":"1764709","fromID":"1346928","toID":"1346927","formEdgeID":null},{"edgeID":"1764710","fromID":"1346929","toID":"1346928","formEdgeID":null},{"edgeID":"1764711","fromID":"1346927","toID":"1346930","formEdgeID":null},{"edgeID":"1764712","fromID":"1346930","toID":"1346926","formEdgeID":null},{"edgeID":"1764713","fromID":"1346933","toID":"1346932","formEdgeID":null},{"edgeID":"1764714","fromID":"1346934","toID":"1346933","formEdgeID":null},{"edgeID":"1764715","fromID":"1346932","toID":"1346935","formEdgeID":null},{"edgeID":"1764716","fromID":"1346935","toID":"1346931","formEdgeID":null},{"edgeID":"1764717","fromID":"1346927","toID":"1346936","formEdgeID":null},{"edgeID":"1764718","fromID":"1346936","toID":"1346932","formEdgeID":null},{"edgeID":"1764719","fromID":"1346931","toID":"1346937","formEdgeID":null},{"edgeID":"1764720","fromID":"1346937","toID":"1346926","formEdgeID":null},{"edgeID":"1764721","fromID":"1346936","toID":"1346938","formEdgeID":null},{"edgeID":"1764722","fromID":"1346938","toID":"1346937","formEdgeID":null},{"edgeID":"1764723","fromID":"1346941","toID":"1346940","formEdgeID":null},{"edgeID":"1764724","fromID":"1346942","toID":"1346941","formEdgeID":null},{"edgeID":"1764725","fromID":"1346940","toID":"1346943","formEdgeID":null},{"edgeID":"1764726","fromID":"1346943","toID":"1346939","formEdgeID":null},{"edgeID":"1764727","fromID":"1346932","toID":"1346944","formEdgeID":null},{"edgeID":"1764728","fromID":"1346944","toID":"1346940","formEdgeID":null},{"edgeID":"1764729","fromID":"1346939","toID":"1346945","formEdgeID":null},{"edgeID":"1764730","fromID":"1346945","toID":"1346931","formEdgeID":null},{"edgeID":"1764731","fromID":"1346944","toID":"1346946","formEdgeID":null},{"edgeID":"1764732","fromID":"1346946","toID":"1346945","formEdgeID":null},{"edgeID":"1764733","fromID":"1346949","toID":"1346948","formEdgeID":null},{"edgeID":"1764734","fromID":"1346950","toID":"1346949","formEdgeID":null},{"edgeID":"1764735","fromID":"1346948","toID":"1346951","formEdgeID":null},{"edgeID":"1764736","fromID":"1346951","toID":"1346947","formEdgeID":null},{"edgeID":"1764737","fromID":"1346940","toID":"1346952","formEdgeID":null},{"edgeID":"1764738","fromID":"1346952","toID":"1346948","formEdgeID":null},{"edgeID":"1764739","fromID":"1346939","toID":"1346953","formEdgeID":null},{"edgeID":"1764740","fromID":"1346953","toID":"1346947","formEdgeID":null},{"edgeID":"1764741","fromID":"1346952","toID":"1346954","formEdgeID":null},{"edgeID":"1764742","fromID":"1346954","toID":"1346953","formEdgeID":null},{"edgeID":"1764743","fromID":"1346957","toID":"1346956","formEdgeID":null},{"edgeID":"1764744","fromID":"1346958","toID":"1346957","formEdgeID":null},{"edgeID":"1764745","fromID":"1346956","toID":"1346959","formEdgeID":null},{"edgeID":"1764746","fromID":"1346959","toID":"1346955","formEdgeID":null},{"edgeID":"1764747","fromID":"1346948","toID":"1346960","formEdgeID":null},{"edgeID":"1764748","fromID":"1346960","toID":"1346956","formEdgeID":null},{"edgeID":"1764749","fromID":"1346963","toID":"1346962","formEdgeID":null},{"edgeID":"1764750","fromID":"1346964","toID":"1346963","formEdgeID":null},{"edgeID":"1764751","fromID":"1346962","toID":"1346965","formEdgeID":null},{"edgeID":"1764752","fromID":"1346965","toID":"1346961","formEdgeID":null},{"edgeID":"1764753","fromID":"1346956","toID":"1346966","formEdgeID":null},{"edgeID":"1764754","fromID":"1346966","toID":"1346962","formEdgeID":null},{"edgeID":"1764755","fromID":"1346969","toID":"1346968","formEdgeID":null},{"edgeID":"1764756","fromID":"1346970","toID":"1346969","formEdgeID":null},{"edgeID":"1764757","fromID":"1346968","toID":"1346971","formEdgeID":null},{"edgeID":"1764758","fromID":"1346971","toID":"1346967","formEdgeID":null},{"edgeID":"1764759","fromID":"1346962","toID":"1346972","formEdgeID":null},{"edgeID":"1764760","fromID":"1346972","toID":"1346968","formEdgeID":null},{"edgeID":"1764761","fromID":"1346961","toID":"1346973","formEdgeID":null},{"edgeID":"1764762","fromID":"1346973","toID":"1346967","formEdgeID":null},{"edgeID":"1764763","fromID":"1346972","toID":"1346974","formEdgeID":null},{"edgeID":"1764764","fromID":"1346974","toID":"1346973","formEdgeID":null},{"edgeID":"1764765","fromID":"1346977","toID":"1346976","formEdgeID":null},{"edgeID":"1764766","fromID":"1346978","toID":"1346977","formEdgeID":null},{"edgeID":"1764767","fromID":"1346976","toID":"1346979","formEdgeID":null},{"edgeID":"1764768","fromID":"1346979","toID":"1346975","formEdgeID":null},{"edgeID":"1764769","fromID":"1346968","toID":"1346980","formEdgeID":null},{"edgeID":"1764770","fromID":"1346980","toID":"1346976","formEdgeID":null},{"edgeID":"1764771","fromID":"1346967","toID":"1346981","formEdgeID":null},{"edgeID":"1764772","fromID":"1346981","toID":"1346975","formEdgeID":null},{"edgeID":"1764773","fromID":"1346980","toID":"1346982","formEdgeID":null},{"edgeID":"1764774","fromID":"1346982","toID":"1346981","formEdgeID":null},{"edgeID":"1764775","fromID":"1346985","toID":"1346984","formEdgeID":null},{"edgeID":"1764776","fromID":"1346986","toID":"1346985","formEdgeID":null},{"edgeID":"1764777","fromID":"1346984","toID":"1346987","formEdgeID":null},{"edgeID":"1764778","fromID":"1346987","toID":"1346983","formEdgeID":null},{"edgeID":"1764779","fromID":"1346976","toID":"1346988","formEdgeID":null},{"edgeID":"1764780","fromID":"1346988","toID":"1346984","formEdgeID":null},{"edgeID":"1764781","fromID":"1346975","toID":"1346989","formEdgeID":null},{"edgeID":"1764782","fromID":"1346989","toID":"1346983","formEdgeID":null},{"edgeID":"1764783","fromID":"1346988","toID":"1346990","formEdgeID":null},{"edgeID":"1764784","fromID":"1346990","toID":"1346989","formEdgeID":null},{"edgeID":"1764785","fromID":"1346993","toID":"1346992","formEdgeID":null},{"edgeID":"1764786","fromID":"1346994","toID":"1346993","formEdgeID":null},{"edgeID":"1764787","fromID":"1346992","toID":"1346995","formEdgeID":null},{"edgeID":"1764788","fromID":"1346995","toID":"1346991","formEdgeID":null},{"edgeID":"1764789","fromID":"1346984","toID":"1346996","formEdgeID":null},{"edgeID":"1764790","fromID":"1346996","toID":"1346992","formEdgeID":null},{"edgeID":"1764791","fromID":"1346991","toID":"1346997","formEdgeID":null},{"edgeID":"1764792","fromID":"1346997","toID":"1346983","formEdgeID":null},{"edgeID":"1764793","fromID":"1346996","toID":"1346998","formEdgeID":null},{"edgeID":"1764794","fromID":"1346998","toID":"1346997","formEdgeID":null},{"edgeID":"1764795","fromID":"1346991","toID":"1346999","formEdgeID":null},{"edgeID":"1764796","fromID":"1346999","toID":"1346926","formEdgeID":null},{"edgeID":"1764797","fromID":"1346927","toID":"1347000","formEdgeID":null},{"edgeID":"1764798","fromID":"1347000","toID":"1346992","formEdgeID":null},{"edgeID":"1764799","fromID":"1347000","toID":"1347001","formEdgeID":null},{"edgeID":"1764800","fromID":"1347001","toID":"1346999","formEdgeID":null},{"edgeID":"1764801","fromID":"1347002","toID":"1346947","formEdgeID":null},{"edgeID":"1764802","fromID":"1346955","toID":"1347002","formEdgeID":null},{"edgeID":"1764803","fromID":"1346960","toID":"1347003","formEdgeID":null},{"edgeID":"1764804","fromID":"1347003","toID":"1347002","formEdgeID":null},{"edgeID":"1764805","fromID":"1347004","toID":"1346961","formEdgeID":null},{"edgeID":"1764806","fromID":"1346947","toID":"1347004","formEdgeID":null},{"edgeID":"1764807","fromID":"1347005","toID":"1346962","formEdgeID":null},{"edgeID":"1764808","fromID":"1346948","toID":"1347005","formEdgeID":null},{"edgeID":"1764809","fromID":"1347005","toID":"1347006","formEdgeID":null},{"edgeID":"1764810","fromID":"1347006","toID":"1347004","formEdgeID":null}],"locutions":[]}