{"nodes":[{"nodeID":"1344161","text":"we\u2019ve accepted all of those recommendations in full for the NHS","type":"I","timestamp":"2023-11-09 13:59:00"},{"nodeID":"1344162","text":"Mark Harper: We\u2019ve accepted all of those recommendations in full for the NHS","type":"L","timestamp":"2023-11-09 13:59:00"},{"nodeID":"1344163","text":"Analysing","type":"YA","timestamp":"2023-11-09 13:59:00"},{"nodeID":"1344164","text":"Nicole: Mark Harper: We\u2019ve accepted all of those recommendations in full for the NHS","type":"L","timestamp":"2023-11-09 13:59:00"},{"nodeID":"1344165","text":"Asserting","type":"YA","timestamp":"2023-11-09 13:59:00"},{"nodeID":"1344166","text":"the 17.6 per cent demand is simply not realistic","type":"I","timestamp":"2023-11-09 13:59:00"},{"nodeID":"1344167","text":"Mark Harper: you said, the 17.6 per cent demand is simply not realistic","type":"L","timestamp":"2023-11-09 13:59:00"},{"nodeID":"1344168","text":"Analysing","type":"YA","timestamp":"2023-11-09 13:59:00"},{"nodeID":"1344169","text":"Nicole: Mark Harper: you said, the 17.6 per cent demand is simply not realistic","type":"L","timestamp":"2023-11-09 13:59:00"},{"nodeID":"1344170","text":"Default Transition","type":"TA","timestamp":"2023-11-09 13:59:00"},{"nodeID":"1344171","text":"Theo Paphitis: the 17.6 per cent demand is simply not realistic","type":"L","timestamp":"2023-11-09 13:59:00"},{"nodeID":"1344172","text":"Analysing","type":"YA","timestamp":"2023-11-09 13:59:00"},{"nodeID":"1344173","text":"Nicole: Theo Paphitis: the 17.6 per cent demand is simply not realistic","type":"L","timestamp":"2023-11-09 13:59:00"},{"nodeID":"1344174","text":"Asserting","type":"YA","timestamp":"2023-11-09 13:59:00"},{"nodeID":"1344175","text":"Asserting","type":"YA","timestamp":"2023-11-09 13:59:00"},{"nodeID":"1344176","text":"the 17.6 per cent would cost \u00a39,000 million if it was delivered in the NHS","type":"I","timestamp":"2023-11-09 13:59:01"},{"nodeID":"1344177","text":"Mark Harper: That would cost \u00a39,000 million if it was delivered in the NHS","type":"L","timestamp":"2023-11-09 13:59:01"},{"nodeID":"1344178","text":"Analysing","type":"YA","timestamp":"2023-11-09 13:59:01"},{"nodeID":"1344179","text":"Nicole: Mark Harper: That would cost \u00a39,000 million if it was delivered in the NHS","type":"L","timestamp":"2023-11-09 13:59:01"},{"nodeID":"1344180","text":"Asserting","type":"YA","timestamp":"2023-11-09 13:59:01"},{"nodeID":"1344181","text":"Default Transition","type":"TA","timestamp":"2023-11-09 13:59:01"},{"nodeID":"1344182","text":"Default Inference","type":"RA","timestamp":"2023-11-09 13:59:01"},{"nodeID":"1344183","text":"we\u2019re in a very difficult position","type":"I","timestamp":"2023-11-09 13:59:02"},{"nodeID":"1344184","text":"Mark Harper: we\u2019re in a very difficult position","type":"L","timestamp":"2023-11-09 13:59:02"},{"nodeID":"1344185","text":"Analysing","type":"YA","timestamp":"2023-11-09 13:59:02"},{"nodeID":"1344186","text":"Nicole: Mark Harper: we\u2019re in a very difficult position","type":"L","timestamp":"2023-11-09 13:59:02"},{"nodeID":"1344187","text":"Asserting","type":"YA","timestamp":"2023-11-09 13:59:02"},{"nodeID":"1344188","text":"Default Transition","type":"TA","timestamp":"2023-11-09 13:59:02"},{"nodeID":"1344189","text":"Arguing","type":"YA","timestamp":"2023-11-09 13:59:02"},{"nodeID":"1344190","text":"the rise in energy prices triggered by Putin\u2019s war","type":"I","timestamp":"2023-11-09 13:59:02"},{"nodeID":"1344191","text":"Mark Harper: the rise in energy prices triggered by Putin\u2019s war","type":"L","timestamp":"2023-11-09 13:59:02"},{"nodeID":"1344192","text":"Analysing","type":"YA","timestamp":"2023-11-09 13:59:02"},{"nodeID":"1344193","text":"Nicole: Mark Harper: the rise in energy prices triggered by Putin\u2019s war","type":"L","timestamp":"2023-11-09 13:59:02"},{"nodeID":"1344194","text":"Asserting","type":"YA","timestamp":"2023-11-09 13:59:02"},{"nodeID":"1344195","text":"the recovery from the pandemic","type":"I","timestamp":"2023-11-09 13:59:03"},{"nodeID":"1344196","text":"Mark Harper: the recovery from the pandemic","type":"L","timestamp":"2023-11-09 13:59:03"},{"nodeID":"1344197","text":"Analysing","type":"YA","timestamp":"2023-11-09 13:59:03"},{"nodeID":"1344198","text":"Nicole: Mark Harper: the recovery from the pandemic","type":"L","timestamp":"2023-11-09 13:59:03"},{"nodeID":"1344199","text":"Asserting","type":"YA","timestamp":"2023-11-09 13:59:03"},{"nodeID":"1344200","text":"you\u2019ve got to balance these things","type":"I","timestamp":"2023-11-09 13:59:04"},{"nodeID":"1344201","text":"Mark Harper: you\u2019ve got to balance these things","type":"L","timestamp":"2023-11-09 13:59:04"},{"nodeID":"1344202","text":"Analysing","type":"YA","timestamp":"2023-11-09 13:59:04"},{"nodeID":"1344203","text":"Nicole: Mark Harper: you\u2019ve got to balance these things","type":"L","timestamp":"2023-11-09 13:59:04"},{"nodeID":"1344204","text":"Asserting","type":"YA","timestamp":"2023-11-09 13:59:04"},{"nodeID":"1344205","text":"Default Inference","type":"RA","timestamp":"2023-11-09 13:59:04"},{"nodeID":"1344206","text":"Default Transition","type":"TA","timestamp":"2023-11-09 13:59:04"},{"nodeID":"1344207","text":"Default Transition","type":"TA","timestamp":"2023-11-09 13:59:04"},{"nodeID":"1344208","text":"Arguing","type":"YA","timestamp":"2023-11-09 13:59:04"},{"nodeID":"1344209","text":"Default Transition","type":"TA","timestamp":"2023-11-09 13:59:04"},{"nodeID":"1344210","text":"Default Rephrase","type":"MA","timestamp":"2023-11-09 13:59:04"},{"nodeID":"1344211","text":"Restating","type":"YA","timestamp":"2023-11-09 13:59:04"},{"nodeID":"1344212","text":"what the government\u2019s trying to do is deliver a fair rise by accepting the pay review bodies","type":"I","timestamp":"2023-11-09 13:59:04"},{"nodeID":"1344213","text":"Mark Harper: what the government\u2019s trying to do is deliver a fair rise by accepting the pay review bodies","type":"L","timestamp":"2023-11-09 13:59:04"},{"nodeID":"1344214","text":"Analysing","type":"YA","timestamp":"2023-11-09 13:59:04"},{"nodeID":"1344215","text":"Nicole: Mark Harper: what the government\u2019s trying to do is deliver a fair rise by accepting the pay review bodies","type":"L","timestamp":"2023-11-09 13:59:04"},{"nodeID":"1344216","text":"Asserting","type":"YA","timestamp":"2023-11-09 13:59:04"},{"nodeID":"1344217","text":"Default Transition","type":"TA","timestamp":"2023-11-09 13:59:04"},{"nodeID":"1344218","text":"Default Inference","type":"RA","timestamp":"2023-11-09 13:59:04"},{"nodeID":"1344219","text":"Arguing","type":"YA","timestamp":"2023-11-09 13:59:04"},{"nodeID":"1344220","text":"you cannot deliver a 17.6 per cent pay rise","type":"I","timestamp":"2023-11-09 13:59:05"},{"nodeID":"1344221","text":"Mark Harper: you cannot deliver a 17.6 per cent pay rise","type":"L","timestamp":"2023-11-09 13:59:05"},{"nodeID":"1344222","text":"Analysing","type":"YA","timestamp":"2023-11-09 13:59:05"},{"nodeID":"1344223","text":"Nicole: Mark Harper: you cannot deliver a 17.6 per cent pay rise","type":"L","timestamp":"2023-11-09 13:59:05"},{"nodeID":"1344224","text":"Asserting","type":"YA","timestamp":"2023-11-09 13:59:05"},{"nodeID":"1344225","text":"Default Rephrase","type":"MA","timestamp":"2023-11-09 13:59:05"},{"nodeID":"1344226","text":"Default Transition","type":"TA","timestamp":"2023-11-09 13:59:05"},{"nodeID":"1344227","text":"Restating","type":"YA","timestamp":"2023-11-09 13:59:05"},{"nodeID":"1344228","text":"Mark Harper hopes that the unions and the employers can talk together and come up with something that both sides can live with","type":"I","timestamp":"2023-11-09 13:59:06"},{"nodeID":"1344229","text":"Mark Harper: I do hope, picking up your point, Theo, that the unions and the employers can talk together and come up with something that both sides can live with","type":"L","timestamp":"2023-11-09 13:59:06"},{"nodeID":"1344230","text":"Analysing","type":"YA","timestamp":"2023-11-09 13:59:06"},{"nodeID":"1344231","text":"Nicole: Mark Harper: I do hope, picking up your point, Theo, that the unions and the employers can talk together and come up with something that both sides can live with","type":"L","timestamp":"2023-11-09 13:59:06"},{"nodeID":"1344232","text":"Asserting","type":"YA","timestamp":"2023-11-09 13:59:06"},{"nodeID":"1344233","text":"Default Transition","type":"TA","timestamp":"2023-11-09 13:59:06"},{"nodeID":"1344234","text":"it\u2019s always a failure when you end up with industrial action","type":"I","timestamp":"2023-11-09 13:59:06"},{"nodeID":"1344235","text":"Mark Harper: it\u2019s always a failure when you end up with industrial action","type":"L","timestamp":"2023-11-09 13:59:06"},{"nodeID":"1344236","text":"Analysing","type":"YA","timestamp":"2023-11-09 13:59:06"},{"nodeID":"1344237","text":"Nicole: Mark Harper: it\u2019s always a failure when you end up with industrial action","type":"L","timestamp":"2023-11-09 13:59:06"},{"nodeID":"1344238","text":"Asserting","type":"YA","timestamp":"2023-11-09 13:59:06"},{"nodeID":"1344239","text":"Default Transition","type":"TA","timestamp":"2023-11-09 13:59:06"},{"nodeID":"1344240","text":"Default Inference","type":"RA","timestamp":"2023-11-09 13:59:06"},{"nodeID":"1344241","text":"Arguing","type":"YA","timestamp":"2023-11-09 13:59:06"},{"nodeID":"1344242","text":"Mark Harper hopes that industrial action can be headed off at this stage","type":"I","timestamp":"2023-11-09 13:59:07"},{"nodeID":"1344243","text":"Mark Harper: I hope that can be headed off at this stage","type":"L","timestamp":"2023-11-09 13:59:07"},{"nodeID":"1344244","text":"Analysing","type":"YA","timestamp":"2023-11-09 13:59:07"},{"nodeID":"1344245","text":"Nicole: Mark Harper: I hope that can be headed off at this stage","type":"L","timestamp":"2023-11-09 13:59:07"},{"nodeID":"1344246","text":"Asserting","type":"YA","timestamp":"2023-11-09 13:59:07"},{"nodeID":"1344247","text":"Default Transition","type":"TA","timestamp":"2023-11-09 13:59:07"},{"nodeID":"1344248","text":"Default Rephrase","type":"MA","timestamp":"2023-11-09 13:59:07"},{"nodeID":"1344249","text":"Restating","type":"YA","timestamp":"2023-11-09 13:59:07"},{"nodeID":"1344250","text":"AudienceMember 20221110QT03 appreciates that pay is a major concern and that appears to be driving the strike ballots and the action","type":"I","timestamp":"2023-11-09 13:59:07"},{"nodeID":"1344251","text":"AudienceMember 20221110QT03: I appreciate that pay is a major concern and that appears to be driving the strike ballots and the action","type":"L","timestamp":"2023-11-09 13:59:07"},{"nodeID":"1344252","text":"Analysing","type":"YA","timestamp":"2023-11-09 13:59:07"},{"nodeID":"1344253","text":"Nicole: AudienceMember 20221110QT03: I appreciate that pay is a major concern and that appears to be driving the strike ballots and the action","type":"L","timestamp":"2023-11-09 13:59:07"},{"nodeID":"1344254","text":"Asserting","type":"YA","timestamp":"2023-11-09 13:59:07"},{"nodeID":"1344255","text":"the concern is far wider than the pay","type":"I","timestamp":"2023-11-09 13:59:08"},{"nodeID":"1344256","text":"AudienceMember 20221110QT03: the concern is far wider than that","type":"L","timestamp":"2023-11-09 13:59:08"},{"nodeID":"1344257","text":"Analysing","type":"YA","timestamp":"2023-11-09 13:59:08"},{"nodeID":"1344258","text":"Nicole: AudienceMember 20221110QT03: the concern is far wider than that","type":"L","timestamp":"2023-11-09 13:59:08"},{"nodeID":"1344259","text":"Asserting","type":"YA","timestamp":"2023-11-09 13:59:08"},{"nodeID":"1344260","text":"Default Transition","type":"TA","timestamp":"2023-11-09 13:59:08"},{"nodeID":"1344261","text":"Default Conflict","type":"CA","timestamp":"2023-11-09 13:59:08"},{"nodeID":"1344262","text":"Default Transition","type":"TA","timestamp":"2023-11-09 13:59:08"},{"nodeID":"1344263","text":"Disagreeing","type":"YA","timestamp":"2023-11-09 13:59:08"}],"edges":[{"edgeID":"1761404","fromID":"1344163","toID":"1344162","formEdgeID":null},{"edgeID":"1761405","fromID":"1344164","toID":"1344163","formEdgeID":null},{"edgeID":"1761406","fromID":"1344162","toID":"1344165","formEdgeID":null},{"edgeID":"1761407","fromID":"1344165","toID":"1344161","formEdgeID":null},{"edgeID":"1761408","fromID":"1344168","toID":"1344167","formEdgeID":null},{"edgeID":"1761409","fromID":"1344169","toID":"1344168","formEdgeID":null},{"edgeID":"1761410","fromID":"1344162","toID":"1344170","formEdgeID":null},{"edgeID":"1761411","fromID":"1344170","toID":"1344167","formEdgeID":null},{"edgeID":"1761412","fromID":"1344172","toID":"1344171","formEdgeID":null},{"edgeID":"1761413","fromID":"1344173","toID":"1344172","formEdgeID":null},{"edgeID":"1761414","fromID":"1344171","toID":"1344174","formEdgeID":null},{"edgeID":"1761415","fromID":"1344174","toID":"1344166","formEdgeID":null},{"edgeID":"1761416","fromID":"1344167","toID":"1344175","formEdgeID":null},{"edgeID":"1761417","fromID":"1344175","toID":"1344171","formEdgeID":null},{"edgeID":"1761418","fromID":"1344178","toID":"1344177","formEdgeID":null},{"edgeID":"1761419","fromID":"1344179","toID":"1344178","formEdgeID":null},{"edgeID":"1761420","fromID":"1344177","toID":"1344180","formEdgeID":null},{"edgeID":"1761421","fromID":"1344180","toID":"1344176","formEdgeID":null},{"edgeID":"1761422","fromID":"1344167","toID":"1344181","formEdgeID":null},{"edgeID":"1761423","fromID":"1344181","toID":"1344177","formEdgeID":null},{"edgeID":"1761424","fromID":"1344176","toID":"1344182","formEdgeID":null},{"edgeID":"1761425","fromID":"1344182","toID":"1344166","formEdgeID":null},{"edgeID":"1761426","fromID":"1344185","toID":"1344184","formEdgeID":null},{"edgeID":"1761427","fromID":"1344186","toID":"1344185","formEdgeID":null},{"edgeID":"1761428","fromID":"1344184","toID":"1344187","formEdgeID":null},{"edgeID":"1761429","fromID":"1344187","toID":"1344183","formEdgeID":null},{"edgeID":"1761430","fromID":"1344183","toID":"1344182","formEdgeID":null},{"edgeID":"1761431","fromID":"1344167","toID":"1344188","formEdgeID":null},{"edgeID":"1761432","fromID":"1344188","toID":"1344184","formEdgeID":null},{"edgeID":"1761433","fromID":"1344188","toID":"1344189","formEdgeID":null},{"edgeID":"1761434","fromID":"1344189","toID":"1344182","formEdgeID":null},{"edgeID":"1761435","fromID":"1344192","toID":"1344191","formEdgeID":null},{"edgeID":"1761436","fromID":"1344193","toID":"1344192","formEdgeID":null},{"edgeID":"1761437","fromID":"1344191","toID":"1344194","formEdgeID":null},{"edgeID":"1761438","fromID":"1344194","toID":"1344190","formEdgeID":null},{"edgeID":"1761439","fromID":"1344197","toID":"1344196","formEdgeID":null},{"edgeID":"1761440","fromID":"1344198","toID":"1344197","formEdgeID":null},{"edgeID":"1761441","fromID":"1344196","toID":"1344199","formEdgeID":null},{"edgeID":"1761442","fromID":"1344199","toID":"1344195","formEdgeID":null},{"edgeID":"1761443","fromID":"1344202","toID":"1344201","formEdgeID":null},{"edgeID":"1761444","fromID":"1344203","toID":"1344202","formEdgeID":null},{"edgeID":"1761445","fromID":"1344201","toID":"1344204","formEdgeID":null},{"edgeID":"1761446","fromID":"1344204","toID":"1344200","formEdgeID":null},{"edgeID":"1761447","fromID":"1344190","toID":"1344205","formEdgeID":null},{"edgeID":"1761448","fromID":"1344205","toID":"1344183","formEdgeID":null},{"edgeID":"1761449","fromID":"1344184","toID":"1344206","formEdgeID":null},{"edgeID":"1761450","fromID":"1344206","toID":"1344191","formEdgeID":null},{"edgeID":"1761451","fromID":"1344195","toID":"1344205","formEdgeID":null},{"edgeID":"1761452","fromID":"1344184","toID":"1344207","formEdgeID":null},{"edgeID":"1761453","fromID":"1344207","toID":"1344196","formEdgeID":null},{"edgeID":"1761454","fromID":"1344207","toID":"1344208","formEdgeID":null},{"edgeID":"1761455","fromID":"1344208","toID":"1344205","formEdgeID":null},{"edgeID":"1761456","fromID":"1344184","toID":"1344209","formEdgeID":null},{"edgeID":"1761457","fromID":"1344209","toID":"1344201","formEdgeID":null},{"edgeID":"1761458","fromID":"1344200","toID":"1344210","formEdgeID":null},{"edgeID":"1761459","fromID":"1344210","toID":"1344183","formEdgeID":null},{"edgeID":"1761460","fromID":"1344209","toID":"1344211","formEdgeID":null},{"edgeID":"1761461","fromID":"1344211","toID":"1344210","formEdgeID":null},{"edgeID":"1761462","fromID":"1344214","toID":"1344213","formEdgeID":null},{"edgeID":"1761463","fromID":"1344215","toID":"1344214","formEdgeID":null},{"edgeID":"1761464","fromID":"1344213","toID":"1344216","formEdgeID":null},{"edgeID":"1761465","fromID":"1344216","toID":"1344212","formEdgeID":null},{"edgeID":"1761466","fromID":"1344201","toID":"1344217","formEdgeID":null},{"edgeID":"1761467","fromID":"1344217","toID":"1344213","formEdgeID":null},{"edgeID":"1761468","fromID":"1344200","toID":"1344218","formEdgeID":null},{"edgeID":"1761469","fromID":"1344218","toID":"1344212","formEdgeID":null},{"edgeID":"1761470","fromID":"1344217","toID":"1344219","formEdgeID":null},{"edgeID":"1761471","fromID":"1344219","toID":"1344218","formEdgeID":null},{"edgeID":"1761472","fromID":"1344222","toID":"1344221","formEdgeID":null},{"edgeID":"1761473","fromID":"1344223","toID":"1344222","formEdgeID":null},{"edgeID":"1761474","fromID":"1344221","toID":"1344224","formEdgeID":null},{"edgeID":"1761475","fromID":"1344224","toID":"1344220","formEdgeID":null},{"edgeID":"1761476","fromID":"1344220","toID":"1344225","formEdgeID":null},{"edgeID":"1761477","fromID":"1344225","toID":"1344166","formEdgeID":null},{"edgeID":"1761478","fromID":"1344167","toID":"1344226","formEdgeID":null},{"edgeID":"1761479","fromID":"1344226","toID":"1344221","formEdgeID":null},{"edgeID":"1761480","fromID":"1344226","toID":"1344227","formEdgeID":null},{"edgeID":"1761481","fromID":"1344227","toID":"1344225","formEdgeID":null},{"edgeID":"1761482","fromID":"1344230","toID":"1344229","formEdgeID":null},{"edgeID":"1761483","fromID":"1344231","toID":"1344230","formEdgeID":null},{"edgeID":"1761484","fromID":"1344229","toID":"1344232","formEdgeID":null},{"edgeID":"1761485","fromID":"1344232","toID":"1344228","formEdgeID":null},{"edgeID":"1761486","fromID":"1344221","toID":"1344233","formEdgeID":null},{"edgeID":"1761487","fromID":"1344233","toID":"1344229","formEdgeID":null},{"edgeID":"1761488","fromID":"1344236","toID":"1344235","formEdgeID":null},{"edgeID":"1761489","fromID":"1344237","toID":"1344236","formEdgeID":null},{"edgeID":"1761490","fromID":"1344235","toID":"1344238","formEdgeID":null},{"edgeID":"1761491","fromID":"1344238","toID":"1344234","formEdgeID":null},{"edgeID":"1761492","fromID":"1344229","toID":"1344239","formEdgeID":null},{"edgeID":"1761493","fromID":"1344239","toID":"1344235","formEdgeID":null},{"edgeID":"1761494","fromID":"1344234","toID":"1344240","formEdgeID":null},{"edgeID":"1761495","fromID":"1344240","toID":"1344228","formEdgeID":null},{"edgeID":"1761496","fromID":"1344239","toID":"1344241","formEdgeID":null},{"edgeID":"1761497","fromID":"1344241","toID":"1344240","formEdgeID":null},{"edgeID":"1761498","fromID":"1344244","toID":"1344243","formEdgeID":null},{"edgeID":"1761499","fromID":"1344245","toID":"1344244","formEdgeID":null},{"edgeID":"1761500","fromID":"1344243","toID":"1344246","formEdgeID":null},{"edgeID":"1761501","fromID":"1344246","toID":"1344242","formEdgeID":null},{"edgeID":"1761502","fromID":"1344229","toID":"1344247","formEdgeID":null},{"edgeID":"1761503","fromID":"1344247","toID":"1344243","formEdgeID":null},{"edgeID":"1761504","fromID":"1344242","toID":"1344248","formEdgeID":null},{"edgeID":"1761505","fromID":"1344248","toID":"1344228","formEdgeID":null},{"edgeID":"1761506","fromID":"1344247","toID":"1344249","formEdgeID":null},{"edgeID":"1761507","fromID":"1344249","toID":"1344248","formEdgeID":null},{"edgeID":"1761508","fromID":"1344252","toID":"1344251","formEdgeID":null},{"edgeID":"1761509","fromID":"1344253","toID":"1344252","formEdgeID":null},{"edgeID":"1761510","fromID":"1344251","toID":"1344254","formEdgeID":null},{"edgeID":"1761511","fromID":"1344254","toID":"1344250","formEdgeID":null},{"edgeID":"1761512","fromID":"1344257","toID":"1344256","formEdgeID":null},{"edgeID":"1761513","fromID":"1344258","toID":"1344257","formEdgeID":null},{"edgeID":"1761514","fromID":"1344256","toID":"1344259","formEdgeID":null},{"edgeID":"1761515","fromID":"1344259","toID":"1344255","formEdgeID":null},{"edgeID":"1761516","fromID":"1344243","toID":"1344260","formEdgeID":null},{"edgeID":"1761517","fromID":"1344260","toID":"1344251","formEdgeID":null},{"edgeID":"1761518","fromID":"1344255","toID":"1344261","formEdgeID":null},{"edgeID":"1761519","fromID":"1344261","toID":"1344228","formEdgeID":null},{"edgeID":"1761520","fromID":"1344229","toID":"1344262","formEdgeID":null},{"edgeID":"1761521","fromID":"1344262","toID":"1344256","formEdgeID":null},{"edgeID":"1761522","fromID":"1344262","toID":"1344263","formEdgeID":null},{"edgeID":"1761523","fromID":"1344263","toID":"1344261","formEdgeID":null}],"locutions":[]}