{"nodes":[{"nodeID":"1345011","text":"it\u2019s also interesting that so many people in the audience have talked about morale and have talked about long term causes","type":"I","timestamp":"2023-11-09 14:00:11"},{"nodeID":"1345012","text":"Stephanie Flanders:  it\u2019s also interesting that so many people in the audience have talked about morale and have talked about long term causes","type":"L","timestamp":"2023-11-09 14:00:11"},{"nodeID":"1345013","text":"Analysing","type":"YA","timestamp":"2023-11-09 14:00:11"},{"nodeID":"1345014","text":"Anon: Stephanie Flanders:  it\u2019s also interesting that so many people in the audience have talked about morale and have talked about long term causes","type":"L","timestamp":"2023-11-09 14:00:11"},{"nodeID":"1345015","text":"Asserting","type":"YA","timestamp":"2023-11-09 14:00:11"},{"nodeID":"1345016","text":"you can see an enormous gap has opened up between what we all expect and demand of the NHS and what they can possibly deliver","type":"I","timestamp":"2023-11-09 14:00:12"},{"nodeID":"1345017","text":"Stephanie Flanders:  you can see an enormous gap has opened up between what we all expect and demand of the NHS and what they can possibly deliver","type":"L","timestamp":"2023-11-09 14:00:12"},{"nodeID":"1345018","text":"Analysing","type":"YA","timestamp":"2023-11-09 14:00:12"},{"nodeID":"1345019","text":"Anon: Stephanie Flanders:  you can see an enormous gap has opened up between what we all expect and demand of the NHS and what they can possibly deliver","type":"L","timestamp":"2023-11-09 14:00:12"},{"nodeID":"1345020","text":"Asserting","type":"YA","timestamp":"2023-11-09 14:00:12"},{"nodeID":"1345021","text":"Default Transition","type":"TA","timestamp":"2023-11-09 14:00:12"},{"nodeID":"1345022","text":"at a human level the gap between expectations and ability to deliver means every day feeling they can\u2019t do their jobs","type":"I","timestamp":"2023-11-09 14:00:13"},{"nodeID":"1345023","text":"Stephanie Flanders: at a human level that means every day, including people probably in this room, feeling they can\u2019t do their jobs","type":"L","timestamp":"2023-11-09 14:00:13"},{"nodeID":"1345024","text":"Analysing","type":"YA","timestamp":"2023-11-09 14:00:13"},{"nodeID":"1345025","text":"Anon: Stephanie Flanders: at a human level that means every day, including people probably in this room, feeling they can\u2019t do their jobs","type":"L","timestamp":"2023-11-09 14:00:13"},{"nodeID":"1345026","text":"Asserting","type":"YA","timestamp":"2023-11-09 14:00:13"},{"nodeID":"1345027","text":"Default Transition","type":"TA","timestamp":"2023-11-09 14:00:13"},{"nodeID":"1345028","text":"Default Rephrase","type":"MA","timestamp":"2023-11-09 14:00:13"},{"nodeID":"1345029","text":"Restating","type":"YA","timestamp":"2023-11-09 14:00:13"},{"nodeID":"1345030","text":"nurses have come into nursing","type":"I","timestamp":"2023-11-09 14:00:13"},{"nodeID":"1345031","text":"Stephanie Flanders: As Caroline says, they\u2019ve come into nursing","type":"L","timestamp":"2023-11-09 14:00:13"},{"nodeID":"1345032","text":"Analysing","type":"YA","timestamp":"2023-11-09 14:00:13"},{"nodeID":"1345033","text":"Anon: Stephanie Flanders: As Caroline says, they\u2019ve come into nursing","type":"L","timestamp":"2023-11-09 14:00:13"},{"nodeID":"1345034","text":"Default Transition","type":"TA","timestamp":"2023-11-09 14:00:13"},{"nodeID":"1345035","text":"Caroline Lucas: nurses have come into nursing","type":"L","timestamp":"2023-11-09 14:00:13"},{"nodeID":"1345036","text":"Analysing","type":"YA","timestamp":"2023-11-09 14:00:13"},{"nodeID":"1345037","text":"Anon: Caroline Lucas: As Caroline says, they\u2019ve come into nursing","type":"L","timestamp":"2023-11-09 14:00:13"},{"nodeID":"1345038","text":"Asserting","type":"YA","timestamp":"2023-11-09 14:00:13"},{"nodeID":"1345039","text":"Asserting","type":"YA","timestamp":"2023-11-09 14:00:13"},{"nodeID":"1345040","text":"nurses love their jobs","type":"I","timestamp":"2023-11-09 14:00:14"},{"nodeID":"1345041","text":"Stephanie Flanders: they love their jobs","type":"L","timestamp":"2023-11-09 14:00:14"},{"nodeID":"1345042","text":"Analysing","type":"YA","timestamp":"2023-11-09 14:00:14"},{"nodeID":"1345043","text":"Anon: Stephanie Flanders: they love their jobs","type":"L","timestamp":"2023-11-09 14:00:14"},{"nodeID":"1345044","text":"Caroline Lucas: nurses love their jobs","type":"L","timestamp":"2023-11-09 14:00:14"},{"nodeID":"1345045","text":"Analysing","type":"YA","timestamp":"2023-11-09 14:00:14"},{"nodeID":"1345046","text":"Anon: Caroline Lucas: they love their jobs","type":"L","timestamp":"2023-11-09 14:00:14"},{"nodeID":"1345047","text":"Asserting","type":"YA","timestamp":"2023-11-09 14:00:14"},{"nodeID":"1345048","text":"Asserting","type":"YA","timestamp":"2023-11-09 14:00:14"},{"nodeID":"1345049","text":"Default Inference","type":"RA","timestamp":"2023-11-09 14:00:14"},{"nodeID":"1345050","text":"Default Transition","type":"TA","timestamp":"2023-11-09 14:00:14"},{"nodeID":"1345051","text":"Default Transition","type":"TA","timestamp":"2023-11-09 14:00:14"},{"nodeID":"1345052","text":"Arguing","type":"YA","timestamp":"2023-11-09 14:00:14"},{"nodeID":"1345053","text":"there is a need for a more structural solution","type":"I","timestamp":"2023-11-09 14:00:15"},{"nodeID":"1345054","text":"Stephanie Flanders:  there is a need for a more structural solution","type":"L","timestamp":"2023-11-09 14:00:15"},{"nodeID":"1345055","text":"Analysing","type":"YA","timestamp":"2023-11-09 14:00:15"},{"nodeID":"1345056","text":"Anon: Stephanie Flanders:  there is a need for a more structural solution","type":"L","timestamp":"2023-11-09 14:00:15"},{"nodeID":"1345057","text":"Asserting","type":"YA","timestamp":"2023-11-09 14:00:15"},{"nodeID":"1345058","text":"Default Transition","type":"TA","timestamp":"2023-11-09 14:00:15"},{"nodeID":"1345059","text":"Default Inference","type":"RA","timestamp":"2023-11-09 14:00:15"},{"nodeID":"1345060","text":"Arguing","type":"YA","timestamp":"2023-11-09 14:00:15"},{"nodeID":"1345061","text":"there is need for a route to build good will","type":"I","timestamp":"2023-11-09 14:00:15"},{"nodeID":"1345062","text":"Stephanie Flanders: a route to build good will","type":"L","timestamp":"2023-11-09 14:00:15"},{"nodeID":"1345063","text":"Analysing","type":"YA","timestamp":"2023-11-09 14:00:15"},{"nodeID":"1345064","text":"Anon: Stephanie Flanders: a route to build good will","type":"L","timestamp":"2023-11-09 14:00:15"},{"nodeID":"1345065","text":"Asserting","type":"YA","timestamp":"2023-11-09 14:00:15"},{"nodeID":"1345066","text":"Default Inference","type":"RA","timestamp":"2023-11-09 14:00:15"},{"nodeID":"1345067","text":"Default Transition","type":"TA","timestamp":"2023-11-09 14:00:15"},{"nodeID":"1345068","text":"Arguing","type":"YA","timestamp":"2023-11-09 14:00:15"},{"nodeID":"1345069","text":"we talked about good will","type":"I","timestamp":"2023-11-09 14:00:16"},{"nodeID":"1345070","text":"Stephanie Flanders:  we talked about good will","type":"L","timestamp":"2023-11-09 14:00:16"},{"nodeID":"1345071","text":"Analysing","type":"YA","timestamp":"2023-11-09 14:00:16"},{"nodeID":"1345072","text":"Anon: Stephanie Flanders:  we talked about good will","type":"L","timestamp":"2023-11-09 14:00:16"},{"nodeID":"1345073","text":"Asserting","type":"YA","timestamp":"2023-11-09 14:00:16"},{"nodeID":"1345074","text":"Default Transition","type":"TA","timestamp":"2023-11-09 14:00:16"},{"nodeID":"1345075","text":"good will isn\u2019t only about possibly a slightly higher pay rise","type":"I","timestamp":"2023-11-09 14:00:17"},{"nodeID":"1345076","text":"Stephanie Flanders: that isn\u2019t only about possibly a slightly higher pay rise","type":"L","timestamp":"2023-11-09 14:00:17"},{"nodeID":"1345077","text":"Analysing","type":"YA","timestamp":"2023-11-09 14:00:17"},{"nodeID":"1345078","text":"Anon: Stephanie Flanders: that isn\u2019t only about possibly a slightly higher pay rise","type":"L","timestamp":"2023-11-09 14:00:17"},{"nodeID":"1345079","text":"Asserting","type":"YA","timestamp":"2023-11-09 14:00:17"},{"nodeID":"1345080","text":"Default Transition","type":"TA","timestamp":"2023-11-09 14:00:17"},{"nodeID":"1345081","text":"we certainly can\u2019t afford a great deal more in terms of pay rise","type":"I","timestamp":"2023-11-09 14:00:17"},{"nodeID":"1345082","text":"Stephanie Flanders: we certainly can\u2019t afford a great deal more","type":"L","timestamp":"2023-11-09 14:00:17"},{"nodeID":"1345083","text":"Analysing","type":"YA","timestamp":"2023-11-09 14:00:17"},{"nodeID":"1345084","text":"Anon: Stephanie Flanders: we certainly can\u2019t afford a great deal more","type":"L","timestamp":"2023-11-09 14:00:17"},{"nodeID":"1345085","text":"Asserting","type":"YA","timestamp":"2023-11-09 14:00:17"},{"nodeID":"1345086","text":"Default Transition","type":"TA","timestamp":"2023-11-09 14:00:17"},{"nodeID":"1345087","text":"we\u2019re not going to have inflation be embedded in the system","type":"I","timestamp":"2023-11-09 14:00:18"},{"nodeID":"1345088","text":"Stephanie Flanders: we\u2019re not going to have inflation be embedded in the system","type":"L","timestamp":"2023-11-09 14:00:18"},{"nodeID":"1345089","text":"Analysing","type":"YA","timestamp":"2023-11-09 14:00:18"},{"nodeID":"1345090","text":"Anon: Stephanie Flanders: we\u2019re not going to have inflation be embedded in the system","type":"L","timestamp":"2023-11-09 14:00:18"},{"nodeID":"1345091","text":"Asserting","type":"YA","timestamp":"2023-11-09 14:00:18"},{"nodeID":"1345092","text":"Default Transition","type":"TA","timestamp":"2023-11-09 14:00:18"},{"nodeID":"1345093","text":"Default Inference","type":"RA","timestamp":"2023-11-09 14:00:18"},{"nodeID":"1345094","text":"Arguing","type":"YA","timestamp":"2023-11-09 14:00:18"},{"nodeID":"1345095","text":"Default Conflict","type":"CA","timestamp":"2023-11-09 14:00:18"},{"nodeID":"1345096","text":"Disagreeing","type":"YA","timestamp":"2023-11-09 14:00:18"},{"nodeID":"1345097","text":"good will is also something that reassures people that we\u2019re going to give long term workforce planning to fill nursing roles","type":"I","timestamp":"2023-11-09 14:00:19"},{"nodeID":"1345098","text":"Stephanie Flanders: also something that reassures people that we\u2019re going to give long term workforce planning to fill these roles","type":"L","timestamp":"2023-11-09 14:00:19"},{"nodeID":"1345099","text":"Analysing","type":"YA","timestamp":"2023-11-09 14:00:19"},{"nodeID":"1345100","text":"Anon: Stephanie Flanders: also something that reassures people that we\u2019re going to give long term workforce planning to fill these roles","type":"L","timestamp":"2023-11-09 14:00:19"},{"nodeID":"1345101","text":"Asserting","type":"YA","timestamp":"2023-11-09 14:00:19"},{"nodeID":"1345102","text":"Default Rephrase","type":"MA","timestamp":"2023-11-09 14:00:19"},{"nodeID":"1345103","text":"Default Transition","type":"TA","timestamp":"2023-11-09 14:00:19"},{"nodeID":"1345104","text":"Restating","type":"YA","timestamp":"2023-11-09 14:00:19"},{"nodeID":"1345105","text":"nurses are still experiencing the COVID emergency","type":"I","timestamp":"2023-11-09 14:00:19"},{"nodeID":"1345106","text":"Stephanie Flanders: they\u2019re still experiencing the COVID emergency","type":"L","timestamp":"2023-11-09 14:00:19"},{"nodeID":"1345107","text":"Analysing","type":"YA","timestamp":"2023-11-09 14:00:19"},{"nodeID":"1345108","text":"Anon: Stephanie Flanders: they\u2019re still experiencing the COVID emergency","type":"L","timestamp":"2023-11-09 14:00:19"},{"nodeID":"1345109","text":"Asserting","type":"YA","timestamp":"2023-11-09 14:00:19"},{"nodeID":"1345110","text":"Default Transition","type":"TA","timestamp":"2023-11-09 14:00:19"},{"nodeID":"1345111","text":"all the people coming through the door due to COVID","type":"I","timestamp":"2023-11-09 14:00:20"},{"nodeID":"1345112","text":"Stephanie Flanders: all the people coming through the door","type":"L","timestamp":"2023-11-09 14:00:20"},{"nodeID":"1345113","text":"Analysing","type":"YA","timestamp":"2023-11-09 14:00:20"},{"nodeID":"1345114","text":"Anon: Stephanie Flanders: all the people coming through the door","type":"L","timestamp":"2023-11-09 14:00:20"},{"nodeID":"1345115","text":"Asserting","type":"YA","timestamp":"2023-11-09 14:00:20"},{"nodeID":"1345116","text":"Default Transition","type":"TA","timestamp":"2023-11-09 14:00:20"},{"nodeID":"1345117","text":"Default Rephrase","type":"MA","timestamp":"2023-11-09 14:00:20"},{"nodeID":"1345118","text":"Restating","type":"YA","timestamp":"2023-11-09 14:00:20"},{"nodeID":"1345119","text":"you talk to nurses and doctors","type":"I","timestamp":"2023-11-09 14:00:20"},{"nodeID":"1345120","text":"Stephanie Flanders: you talk to nurses and doctors","type":"L","timestamp":"2023-11-09 14:00:20"},{"nodeID":"1345121","text":"Analysing","type":"YA","timestamp":"2023-11-09 14:00:20"},{"nodeID":"1345122","text":"Anon: Stephanie Flanders: you talk to nurses and doctors","type":"L","timestamp":"2023-11-09 14:00:20"},{"nodeID":"1345123","text":"Asserting","type":"YA","timestamp":"2023-11-09 14:00:20"},{"nodeID":"1345124","text":"Default Transition","type":"TA","timestamp":"2023-11-09 14:00:20"},{"nodeID":"1345125","text":"on average people are sicker","type":"I","timestamp":"2023-11-09 14:00:21"},{"nodeID":"1345126","text":"Stephanie Flanders: on average they\u2019re sicker","type":"L","timestamp":"2023-11-09 14:00:21"},{"nodeID":"1345127","text":"Analysing","type":"YA","timestamp":"2023-11-09 14:00:21"},{"nodeID":"1345128","text":"Anon: Stephanie Flanders: on average they\u2019re sicker","type":"L","timestamp":"2023-11-09 14:00:21"},{"nodeID":"1345129","text":"Asserting","type":"YA","timestamp":"2023-11-09 14:00:21"},{"nodeID":"1345130","text":"people have waited longer for care","type":"I","timestamp":"2023-11-09 14:00:22"},{"nodeID":"1345131","text":"Stephanie Flanders: they\u2019ve waited longer for care","type":"L","timestamp":"2023-11-09 14:00:22"},{"nodeID":"1345132","text":"Analysing","type":"YA","timestamp":"2023-11-09 14:00:22"},{"nodeID":"1345133","text":"Anon: Stephanie Flanders: they\u2019ve waited longer for care","type":"L","timestamp":"2023-11-09 14:00:22"},{"nodeID":"1345134","text":"Asserting","type":"YA","timestamp":"2023-11-09 14:00:22"},{"nodeID":"1345135","text":"Default Inference","type":"RA","timestamp":"2023-11-09 14:00:22"},{"nodeID":"1345136","text":"Default Inference","type":"RA","timestamp":"2023-11-09 14:00:22"},{"nodeID":"1345137","text":"Default Transition","type":"TA","timestamp":"2023-11-09 14:00:22"},{"nodeID":"1345138","text":"Default Transition","type":"TA","timestamp":"2023-11-09 14:00:22"},{"nodeID":"1345139","text":"Arguing","type":"YA","timestamp":"2023-11-09 14:00:22"},{"nodeID":"1345140","text":"Arguing","type":"YA","timestamp":"2023-11-09 14:00:22"},{"nodeID":"1345141","text":"Default Transition","type":"TA","timestamp":"2023-11-09 14:00:22"},{"nodeID":"1345142","text":"sicker people actually need more people to look after them","type":"I","timestamp":"2023-11-09 14:00:22"},{"nodeID":"1345143","text":"Stephanie Flanders: they actually need more people to look after them","type":"L","timestamp":"2023-11-09 14:00:22"},{"nodeID":"1345144","text":"Analysing","type":"YA","timestamp":"2023-11-09 14:00:22"},{"nodeID":"1345145","text":"Anon: Stephanie Flanders: they actually need more people to look after them","type":"L","timestamp":"2023-11-09 14:00:22"},{"nodeID":"1345146","text":"Asserting","type":"YA","timestamp":"2023-11-09 14:00:22"},{"nodeID":"1345147","text":"Default Inference","type":"RA","timestamp":"2023-11-09 14:00:22"},{"nodeID":"1345148","text":"Default Transition","type":"TA","timestamp":"2023-11-09 14:00:22"},{"nodeID":"1345149","text":"Arguing","type":"YA","timestamp":"2023-11-09 14:00:22"},{"nodeID":"1345150","text":"there's fewer people in healthcare than needed","type":"I","timestamp":"2023-11-09 14:00:23"},{"nodeID":"1345151","text":"Stephanie Flanders:  instead it\u2019s fewer","type":"L","timestamp":"2023-11-09 14:00:23"},{"nodeID":"1345152","text":"Analysing","type":"YA","timestamp":"2023-11-09 14:00:23"},{"nodeID":"1345153","text":"Anon: Stephanie Flanders:  instead it\u2019s fewer","type":"L","timestamp":"2023-11-09 14:00:23"},{"nodeID":"1345154","text":"Asserting","type":"YA","timestamp":"2023-11-09 14:00:23"},{"nodeID":"1345155","text":"Default Transition","type":"TA","timestamp":"2023-11-09 14:00:23"},{"nodeID":"1345156","text":"Default Conflict","type":"CA","timestamp":"2023-11-09 14:00:23"},{"nodeID":"1345157","text":"Disagreeing","type":"YA","timestamp":"2023-11-09 14:00:23"},{"nodeID":"1345158","text":"Stephanie Flanders really hopes AudienceMember 20221110QT13's daughter gets through the nursing training","type":"I","timestamp":"2023-11-09 14:00:24"},{"nodeID":"1345159","text":"Stephanie Flanders: I really hope your daughter gets through the nursing training","type":"L","timestamp":"2023-11-09 14:00:24"},{"nodeID":"1345160","text":"Analysing","type":"YA","timestamp":"2023-11-09 14:00:24"},{"nodeID":"1345161","text":"Anon: Stephanie Flanders: I really hope your daughter gets through the nursing training","type":"L","timestamp":"2023-11-09 14:00:24"},{"nodeID":"1345162","text":"Asserting","type":"YA","timestamp":"2023-11-09 14:00:24"},{"nodeID":"1345163","text":"Default Transition","type":"TA","timestamp":"2023-11-09 14:00:24"},{"nodeID":"1345164","text":"one in four nursing students actually dropping out still","type":"I","timestamp":"2023-11-09 14:00:24"},{"nodeID":"1345165","text":"Stephanie Flanders: one in four are actually dropping out still","type":"L","timestamp":"2023-11-09 14:00:24"},{"nodeID":"1345166","text":"Analysing","type":"YA","timestamp":"2023-11-09 14:00:24"},{"nodeID":"1345167","text":"Anon: Stephanie Flanders: one in four are actually dropping out still","type":"L","timestamp":"2023-11-09 14:00:24"},{"nodeID":"1345168","text":"Asserting","type":"YA","timestamp":"2023-11-09 14:00:24"},{"nodeID":"1345169","text":"Default Transition","type":"TA","timestamp":"2023-11-09 14:00:24"},{"nodeID":"1345170","text":"Default Inference","type":"RA","timestamp":"2023-11-09 14:00:24"},{"nodeID":"1345171","text":"Arguing","type":"YA","timestamp":"2023-11-09 14:00:24"},{"nodeID":"1345172","text":"we haven\u2019t even addressed the high drop rate of nursing students","type":"I","timestamp":"2023-11-09 14:00:25"},{"nodeID":"1345173","text":"Stephanie Flanders: We haven\u2019t even addressed that","type":"L","timestamp":"2023-11-09 14:00:25"},{"nodeID":"1345174","text":"Analysing","type":"YA","timestamp":"2023-11-09 14:00:25"},{"nodeID":"1345175","text":"Anon: Stephanie Flanders: We haven\u2019t even addressed that","type":"L","timestamp":"2023-11-09 14:00:25"},{"nodeID":"1345176","text":"Asserting","type":"YA","timestamp":"2023-11-09 14:00:25"},{"nodeID":"1345177","text":"Default Transition","type":"TA","timestamp":"2023-11-09 14:00:25"},{"nodeID":"1345178","text":"Stephanie Flanders hopes the government could build good will around the table by showing they understood those long term needs","type":"I","timestamp":"2023-11-09 14:00:26"},{"nodeID":"1345179","text":"Stephanie Flanders: I hope you could build good will around the table by showing you understood those long term needs","type":"L","timestamp":"2023-11-09 14:00:26"},{"nodeID":"1345180","text":"Analysing","type":"YA","timestamp":"2023-11-09 14:00:26"},{"nodeID":"1345181","text":"Anon: Stephanie Flanders: I hope you could build good will around the table by showing you understood those long term needs","type":"L","timestamp":"2023-11-09 14:00:26"},{"nodeID":"1345182","text":"Asserting","type":"YA","timestamp":"2023-11-09 14:00:26"},{"nodeID":"1345183","text":"Default Transition","type":"TA","timestamp":"2023-11-09 14:00:26"},{"nodeID":"1345184","text":"Stephanie Flanders hopes the government doesn't just talk about the pay rise","type":"I","timestamp":"2023-11-09 14:00:26"},{"nodeID":"1345185","text":"Stephanie Flanders: not just talk about the pay rise","type":"L","timestamp":"2023-11-09 14:00:26"},{"nodeID":"1345186","text":"Analysing","type":"YA","timestamp":"2023-11-09 14:00:26"},{"nodeID":"1345187","text":"Anon: Stephanie Flanders: not just talk about the pay rise","type":"L","timestamp":"2023-11-09 14:00:26"},{"nodeID":"1345188","text":"Asserting","type":"YA","timestamp":"2023-11-09 14:00:26"},{"nodeID":"1345189","text":"Default Transition","type":"TA","timestamp":"2023-11-09 14:00:26"},{"nodeID":"1345190","text":"Default Rephrase","type":"MA","timestamp":"2023-11-09 14:00:26"},{"nodeID":"1345191","text":"Restating","type":"YA","timestamp":"2023-11-09 14:00:26"},{"nodeID":"1345192","text":"the pay rise issue is obviously going to be a big challenge","type":"I","timestamp":"2023-11-09 14:00:27"},{"nodeID":"1345193","text":"Stephanie Flanders: which is obviously going to be a big challenge","type":"L","timestamp":"2023-11-09 14:00:27"},{"nodeID":"1345194","text":"Analysing","type":"YA","timestamp":"2023-11-09 14:00:27"},{"nodeID":"1345195","text":"Anon: Stephanie Flanders: which is obviously going to be a big challenge","type":"L","timestamp":"2023-11-09 14:00:27"},{"nodeID":"1345196","text":"Asserting","type":"YA","timestamp":"2023-11-09 14:00:27"},{"nodeID":"1345197","text":"Default Transition","type":"TA","timestamp":"2023-11-09 14:00:27"},{"nodeID":"1345198","text":"Default Conflict","type":"CA","timestamp":"2023-11-09 14:00:27"},{"nodeID":"1345199","text":"Disagreeing","type":"YA","timestamp":"2023-11-09 14:00:27"},{"nodeID":"1345200","text":"Default Inference","type":"RA","timestamp":"2023-11-09 14:00:27"},{"nodeID":"1345201","text":"Arguing","type":"YA","timestamp":"2023-11-09 14:00:27"},{"nodeID":"1345202","text":"Default Inference","type":"RA","timestamp":"2023-11-09 14:00:27"},{"nodeID":"1345203","text":"Arguing","type":"YA","timestamp":"2023-11-09 14:00:27"}],"edges":[{"edgeID":"1762431","fromID":"1345013","toID":"1345012","formEdgeID":null},{"edgeID":"1762432","fromID":"1345014","toID":"1345013","formEdgeID":null},{"edgeID":"1762433","fromID":"1345012","toID":"1345015","formEdgeID":null},{"edgeID":"1762434","fromID":"1345015","toID":"1345011","formEdgeID":null},{"edgeID":"1762435","fromID":"1345018","toID":"1345017","formEdgeID":null},{"edgeID":"1762436","fromID":"1345019","toID":"1345018","formEdgeID":null},{"edgeID":"1762437","fromID":"1345017","toID":"1345020","formEdgeID":null},{"edgeID":"1762438","fromID":"1345020","toID":"1345016","formEdgeID":null},{"edgeID":"1762439","fromID":"1345012","toID":"1345021","formEdgeID":null},{"edgeID":"1762440","fromID":"1345021","toID":"1345017","formEdgeID":null},{"edgeID":"1762441","fromID":"1345024","toID":"1345023","formEdgeID":null},{"edgeID":"1762442","fromID":"1345025","toID":"1345024","formEdgeID":null},{"edgeID":"1762443","fromID":"1345023","toID":"1345026","formEdgeID":null},{"edgeID":"1762444","fromID":"1345026","toID":"1345022","formEdgeID":null},{"edgeID":"1762445","fromID":"1345017","toID":"1345027","formEdgeID":null},{"edgeID":"1762446","fromID":"1345027","toID":"1345023","formEdgeID":null},{"edgeID":"1762447","fromID":"1345022","toID":"1345028","formEdgeID":null},{"edgeID":"1762448","fromID":"1345028","toID":"1345016","formEdgeID":null},{"edgeID":"1762449","fromID":"1345027","toID":"1345029","formEdgeID":null},{"edgeID":"1762450","fromID":"1345029","toID":"1345028","formEdgeID":null},{"edgeID":"1762451","fromID":"1345032","toID":"1345031","formEdgeID":null},{"edgeID":"1762452","fromID":"1345033","toID":"1345032","formEdgeID":null},{"edgeID":"1762453","fromID":"1345023","toID":"1345034","formEdgeID":null},{"edgeID":"1762454","fromID":"1345034","toID":"1345031","formEdgeID":null},{"edgeID":"1762455","fromID":"1345036","toID":"1345035","formEdgeID":null},{"edgeID":"1762456","fromID":"1345037","toID":"1345036","formEdgeID":null},{"edgeID":"1762457","fromID":"1345035","toID":"1345038","formEdgeID":null},{"edgeID":"1762458","fromID":"1345038","toID":"1345030","formEdgeID":null},{"edgeID":"1762459","fromID":"1345031","toID":"1345039","formEdgeID":null},{"edgeID":"1762460","fromID":"1345039","toID":"1345035","formEdgeID":null},{"edgeID":"1762461","fromID":"1345042","toID":"1345041","formEdgeID":null},{"edgeID":"1762462","fromID":"1345043","toID":"1345042","formEdgeID":null},{"edgeID":"1762463","fromID":"1345045","toID":"1345044","formEdgeID":null},{"edgeID":"1762464","fromID":"1345046","toID":"1345045","formEdgeID":null},{"edgeID":"1762465","fromID":"1345044","toID":"1345047","formEdgeID":null},{"edgeID":"1762466","fromID":"1345047","toID":"1345040","formEdgeID":null},{"edgeID":"1762467","fromID":"1345041","toID":"1345048","formEdgeID":null},{"edgeID":"1762468","fromID":"1345048","toID":"1345044","formEdgeID":null},{"edgeID":"1762469","fromID":"1345040","toID":"1345049","formEdgeID":null},{"edgeID":"1762470","fromID":"1345049","toID":"1345030","formEdgeID":null},{"edgeID":"1762471","fromID":"1345031","toID":"1345050","formEdgeID":null},{"edgeID":"1762472","fromID":"1345050","toID":"1345041","formEdgeID":null},{"edgeID":"1762473","fromID":"1345035","toID":"1345051","formEdgeID":null},{"edgeID":"1762474","fromID":"1345051","toID":"1345044","formEdgeID":null},{"edgeID":"1762475","fromID":"1345051","toID":"1345052","formEdgeID":null},{"edgeID":"1762476","fromID":"1345052","toID":"1345049","formEdgeID":null},{"edgeID":"1762477","fromID":"1345055","toID":"1345054","formEdgeID":null},{"edgeID":"1762478","fromID":"1345056","toID":"1345055","formEdgeID":null},{"edgeID":"1762479","fromID":"1345054","toID":"1345057","formEdgeID":null},{"edgeID":"1762480","fromID":"1345057","toID":"1345053","formEdgeID":null},{"edgeID":"1762481","fromID":"1345041","toID":"1345058","formEdgeID":null},{"edgeID":"1762482","fromID":"1345058","toID":"1345054","formEdgeID":null},{"edgeID":"1762483","fromID":"1345040","toID":"1345059","formEdgeID":null},{"edgeID":"1762484","fromID":"1345059","toID":"1345053","formEdgeID":null},{"edgeID":"1762485","fromID":"1345058","toID":"1345060","formEdgeID":null},{"edgeID":"1762486","fromID":"1345060","toID":"1345059","formEdgeID":null},{"edgeID":"1762487","fromID":"1345063","toID":"1345062","formEdgeID":null},{"edgeID":"1762488","fromID":"1345064","toID":"1345063","formEdgeID":null},{"edgeID":"1762489","fromID":"1345062","toID":"1345065","formEdgeID":null},{"edgeID":"1762490","fromID":"1345065","toID":"1345061","formEdgeID":null},{"edgeID":"1762491","fromID":"1345040","toID":"1345066","formEdgeID":null},{"edgeID":"1762492","fromID":"1345066","toID":"1345061","formEdgeID":null},{"edgeID":"1762493","fromID":"1345041","toID":"1345067","formEdgeID":null},{"edgeID":"1762494","fromID":"1345067","toID":"1345062","formEdgeID":null},{"edgeID":"1762495","fromID":"1345067","toID":"1345068","formEdgeID":null},{"edgeID":"1762496","fromID":"1345068","toID":"1345066","formEdgeID":null},{"edgeID":"1762497","fromID":"1345071","toID":"1345070","formEdgeID":null},{"edgeID":"1762498","fromID":"1345072","toID":"1345071","formEdgeID":null},{"edgeID":"1762499","fromID":"1345070","toID":"1345073","formEdgeID":null},{"edgeID":"1762500","fromID":"1345073","toID":"1345069","formEdgeID":null},{"edgeID":"1762501","fromID":"1345062","toID":"1345074","formEdgeID":null},{"edgeID":"1762502","fromID":"1345074","toID":"1345070","formEdgeID":null},{"edgeID":"1762503","fromID":"1345077","toID":"1345076","formEdgeID":null},{"edgeID":"1762504","fromID":"1345078","toID":"1345077","formEdgeID":null},{"edgeID":"1762505","fromID":"1345076","toID":"1345079","formEdgeID":null},{"edgeID":"1762506","fromID":"1345079","toID":"1345075","formEdgeID":null},{"edgeID":"1762507","fromID":"1345070","toID":"1345080","formEdgeID":null},{"edgeID":"1762508","fromID":"1345080","toID":"1345076","formEdgeID":null},{"edgeID":"1762509","fromID":"1345083","toID":"1345082","formEdgeID":null},{"edgeID":"1762510","fromID":"1345084","toID":"1345083","formEdgeID":null},{"edgeID":"1762511","fromID":"1345082","toID":"1345085","formEdgeID":null},{"edgeID":"1762512","fromID":"1345085","toID":"1345081","formEdgeID":null},{"edgeID":"1762513","fromID":"1345076","toID":"1345086","formEdgeID":null},{"edgeID":"1762514","fromID":"1345086","toID":"1345082","formEdgeID":null},{"edgeID":"1762515","fromID":"1345089","toID":"1345088","formEdgeID":null},{"edgeID":"1762516","fromID":"1345090","toID":"1345089","formEdgeID":null},{"edgeID":"1762517","fromID":"1345088","toID":"1345091","formEdgeID":null},{"edgeID":"1762518","fromID":"1345091","toID":"1345087","formEdgeID":null},{"edgeID":"1762519","fromID":"1345082","toID":"1345092","formEdgeID":null},{"edgeID":"1762520","fromID":"1345092","toID":"1345088","formEdgeID":null},{"edgeID":"1762521","fromID":"1345087","toID":"1345093","formEdgeID":null},{"edgeID":"1762522","fromID":"1345093","toID":"1345081","formEdgeID":null},{"edgeID":"1762523","fromID":"1345092","toID":"1345094","formEdgeID":null},{"edgeID":"1762524","fromID":"1345094","toID":"1345093","formEdgeID":null},{"edgeID":"1762525","fromID":"1345081","toID":"1345095","formEdgeID":null},{"edgeID":"1762526","fromID":"1345095","toID":"1345075","formEdgeID":null},{"edgeID":"1762527","fromID":"1345086","toID":"1345096","formEdgeID":null},{"edgeID":"1762528","fromID":"1345096","toID":"1345095","formEdgeID":null},{"edgeID":"1762529","fromID":"1345099","toID":"1345098","formEdgeID":null},{"edgeID":"1762530","fromID":"1345100","toID":"1345099","formEdgeID":null},{"edgeID":"1762531","fromID":"1345098","toID":"1345101","formEdgeID":null},{"edgeID":"1762532","fromID":"1345101","toID":"1345097","formEdgeID":null},{"edgeID":"1762533","fromID":"1345097","toID":"1345102","formEdgeID":null},{"edgeID":"1762534","fromID":"1345102","toID":"1345075","formEdgeID":null},{"edgeID":"1762535","fromID":"1345076","toID":"1345103","formEdgeID":null},{"edgeID":"1762536","fromID":"1345103","toID":"1345098","formEdgeID":null},{"edgeID":"1762537","fromID":"1345103","toID":"1345104","formEdgeID":null},{"edgeID":"1762538","fromID":"1345104","toID":"1345102","formEdgeID":null},{"edgeID":"1762539","fromID":"1345107","toID":"1345106","formEdgeID":null},{"edgeID":"1762540","fromID":"1345108","toID":"1345107","formEdgeID":null},{"edgeID":"1762541","fromID":"1345106","toID":"1345109","formEdgeID":null},{"edgeID":"1762542","fromID":"1345109","toID":"1345105","formEdgeID":null},{"edgeID":"1762543","fromID":"1345098","toID":"1345110","formEdgeID":null},{"edgeID":"1762544","fromID":"1345110","toID":"1345106","formEdgeID":null},{"edgeID":"1762545","fromID":"1345113","toID":"1345112","formEdgeID":null},{"edgeID":"1762546","fromID":"1345114","toID":"1345113","formEdgeID":null},{"edgeID":"1762547","fromID":"1345112","toID":"1345115","formEdgeID":null},{"edgeID":"1762548","fromID":"1345115","toID":"1345111","formEdgeID":null},{"edgeID":"1762549","fromID":"1345106","toID":"1345116","formEdgeID":null},{"edgeID":"1762550","fromID":"1345116","toID":"1345112","formEdgeID":null},{"edgeID":"1762551","fromID":"1345111","toID":"1345117","formEdgeID":null},{"edgeID":"1762552","fromID":"1345117","toID":"1345105","formEdgeID":null},{"edgeID":"1762553","fromID":"1345116","toID":"1345118","formEdgeID":null},{"edgeID":"1762554","fromID":"1345118","toID":"1345117","formEdgeID":null},{"edgeID":"1762555","fromID":"1345121","toID":"1345120","formEdgeID":null},{"edgeID":"1762556","fromID":"1345122","toID":"1345121","formEdgeID":null},{"edgeID":"1762557","fromID":"1345120","toID":"1345123","formEdgeID":null},{"edgeID":"1762558","fromID":"1345123","toID":"1345119","formEdgeID":null},{"edgeID":"1762559","fromID":"1345112","toID":"1345124","formEdgeID":null},{"edgeID":"1762560","fromID":"1345124","toID":"1345120","formEdgeID":null},{"edgeID":"1762561","fromID":"1345127","toID":"1345126","formEdgeID":null},{"edgeID":"1762562","fromID":"1345128","toID":"1345127","formEdgeID":null},{"edgeID":"1762563","fromID":"1345126","toID":"1345129","formEdgeID":null},{"edgeID":"1762564","fromID":"1345129","toID":"1345125","formEdgeID":null},{"edgeID":"1762565","fromID":"1345132","toID":"1345131","formEdgeID":null},{"edgeID":"1762566","fromID":"1345133","toID":"1345132","formEdgeID":null},{"edgeID":"1762567","fromID":"1345131","toID":"1345134","formEdgeID":null},{"edgeID":"1762568","fromID":"1345134","toID":"1345130","formEdgeID":null},{"edgeID":"1762569","fromID":"1345111","toID":"1345135","formEdgeID":null},{"edgeID":"1762570","fromID":"1345135","toID":"1345130","formEdgeID":null},{"edgeID":"1762571","fromID":"1345130","toID":"1345136","formEdgeID":null},{"edgeID":"1762572","fromID":"1345136","toID":"1345125","formEdgeID":null},{"edgeID":"1762573","fromID":"1345112","toID":"1345137","formEdgeID":null},{"edgeID":"1762574","fromID":"1345137","toID":"1345131","formEdgeID":null},{"edgeID":"1762575","fromID":"1345131","toID":"1345138","formEdgeID":null},{"edgeID":"1762576","fromID":"1345138","toID":"1345126","formEdgeID":null},{"edgeID":"1762577","fromID":"1345138","toID":"1345139","formEdgeID":null},{"edgeID":"1762578","fromID":"1345139","toID":"1345136","formEdgeID":null},{"edgeID":"1762579","fromID":"1345137","toID":"1345140","formEdgeID":null},{"edgeID":"1762580","fromID":"1345140","toID":"1345135","formEdgeID":null},{"edgeID":"1762581","fromID":"1345120","toID":"1345141","formEdgeID":null},{"edgeID":"1762582","fromID":"1345141","toID":"1345126","formEdgeID":null},{"edgeID":"1762583","fromID":"1345144","toID":"1345143","formEdgeID":null},{"edgeID":"1762584","fromID":"1345145","toID":"1345144","formEdgeID":null},{"edgeID":"1762585","fromID":"1345143","toID":"1345146","formEdgeID":null},{"edgeID":"1762586","fromID":"1345146","toID":"1345142","formEdgeID":null},{"edgeID":"1762587","fromID":"1345125","toID":"1345147","formEdgeID":null},{"edgeID":"1762588","fromID":"1345147","toID":"1345142","formEdgeID":null},{"edgeID":"1762589","fromID":"1345126","toID":"1345148","formEdgeID":null},{"edgeID":"1762590","fromID":"1345148","toID":"1345143","formEdgeID":null},{"edgeID":"1762591","fromID":"1345148","toID":"1345149","formEdgeID":null},{"edgeID":"1762592","fromID":"1345149","toID":"1345147","formEdgeID":null},{"edgeID":"1762593","fromID":"1345152","toID":"1345151","formEdgeID":null},{"edgeID":"1762594","fromID":"1345153","toID":"1345152","formEdgeID":null},{"edgeID":"1762595","fromID":"1345151","toID":"1345154","formEdgeID":null},{"edgeID":"1762596","fromID":"1345154","toID":"1345150","formEdgeID":null},{"edgeID":"1762597","fromID":"1345143","toID":"1345155","formEdgeID":null},{"edgeID":"1762598","fromID":"1345155","toID":"1345151","formEdgeID":null},{"edgeID":"1762599","fromID":"1345150","toID":"1345156","formEdgeID":null},{"edgeID":"1762600","fromID":"1345156","toID":"1345142","formEdgeID":null},{"edgeID":"1762601","fromID":"1345155","toID":"1345157","formEdgeID":null},{"edgeID":"1762602","fromID":"1345157","toID":"1345156","formEdgeID":null},{"edgeID":"1762603","fromID":"1345160","toID":"1345159","formEdgeID":null},{"edgeID":"1762604","fromID":"1345161","toID":"1345160","formEdgeID":null},{"edgeID":"1762605","fromID":"1345159","toID":"1345162","formEdgeID":null},{"edgeID":"1762606","fromID":"1345162","toID":"1345158","formEdgeID":null},{"edgeID":"1762607","fromID":"1345151","toID":"1345163","formEdgeID":null},{"edgeID":"1762608","fromID":"1345163","toID":"1345159","formEdgeID":null},{"edgeID":"1762609","fromID":"1345166","toID":"1345165","formEdgeID":null},{"edgeID":"1762610","fromID":"1345167","toID":"1345166","formEdgeID":null},{"edgeID":"1762611","fromID":"1345165","toID":"1345168","formEdgeID":null},{"edgeID":"1762612","fromID":"1345168","toID":"1345164","formEdgeID":null},{"edgeID":"1762613","fromID":"1345159","toID":"1345169","formEdgeID":null},{"edgeID":"1762614","fromID":"1345169","toID":"1345165","formEdgeID":null},{"edgeID":"1762615","fromID":"1345164","toID":"1345170","formEdgeID":null},{"edgeID":"1762616","fromID":"1345170","toID":"1345158","formEdgeID":null},{"edgeID":"1762617","fromID":"1345169","toID":"1345171","formEdgeID":null},{"edgeID":"1762618","fromID":"1345171","toID":"1345170","formEdgeID":null},{"edgeID":"1762619","fromID":"1345174","toID":"1345173","formEdgeID":null},{"edgeID":"1762620","fromID":"1345175","toID":"1345174","formEdgeID":null},{"edgeID":"1762621","fromID":"1345173","toID":"1345176","formEdgeID":null},{"edgeID":"1762622","fromID":"1345176","toID":"1345172","formEdgeID":null},{"edgeID":"1762623","fromID":"1345165","toID":"1345177","formEdgeID":null},{"edgeID":"1762624","fromID":"1345177","toID":"1345173","formEdgeID":null},{"edgeID":"1762625","fromID":"1345180","toID":"1345179","formEdgeID":null},{"edgeID":"1762626","fromID":"1345181","toID":"1345180","formEdgeID":null},{"edgeID":"1762627","fromID":"1345179","toID":"1345182","formEdgeID":null},{"edgeID":"1762628","fromID":"1345182","toID":"1345178","formEdgeID":null},{"edgeID":"1762629","fromID":"1345173","toID":"1345183","formEdgeID":null},{"edgeID":"1762630","fromID":"1345183","toID":"1345179","formEdgeID":null},{"edgeID":"1762631","fromID":"1345186","toID":"1345185","formEdgeID":null},{"edgeID":"1762632","fromID":"1345187","toID":"1345186","formEdgeID":null},{"edgeID":"1762633","fromID":"1345185","toID":"1345188","formEdgeID":null},{"edgeID":"1762634","fromID":"1345188","toID":"1345184","formEdgeID":null},{"edgeID":"1762635","fromID":"1345179","toID":"1345189","formEdgeID":null},{"edgeID":"1762636","fromID":"1345189","toID":"1345185","formEdgeID":null},{"edgeID":"1762637","fromID":"1345184","toID":"1345190","formEdgeID":null},{"edgeID":"1762638","fromID":"1345190","toID":"1345178","formEdgeID":null},{"edgeID":"1762639","fromID":"1345189","toID":"1345191","formEdgeID":null},{"edgeID":"1762640","fromID":"1345191","toID":"1345190","formEdgeID":null},{"edgeID":"1762641","fromID":"1345194","toID":"1345193","formEdgeID":null},{"edgeID":"1762642","fromID":"1345195","toID":"1345194","formEdgeID":null},{"edgeID":"1762643","fromID":"1345193","toID":"1345196","formEdgeID":null},{"edgeID":"1762644","fromID":"1345196","toID":"1345192","formEdgeID":null},{"edgeID":"1762645","fromID":"1345185","toID":"1345197","formEdgeID":null},{"edgeID":"1762646","fromID":"1345197","toID":"1345193","formEdgeID":null},{"edgeID":"1762647","fromID":"1345192","toID":"1345198","formEdgeID":null},{"edgeID":"1762648","fromID":"1345198","toID":"1345184","formEdgeID":null},{"edgeID":"1762649","fromID":"1345197","toID":"1345199","formEdgeID":null},{"edgeID":"1762650","fromID":"1345199","toID":"1345198","formEdgeID":null},{"edgeID":"1762651","fromID":"1345158","toID":"1345200","formEdgeID":null},{"edgeID":"1762652","fromID":"1345200","toID":"1345150","formEdgeID":null},{"edgeID":"1762653","fromID":"1345163","toID":"1345201","formEdgeID":null},{"edgeID":"1762654","fromID":"1345201","toID":"1345200","formEdgeID":null},{"edgeID":"1762655","fromID":"1345061","toID":"1345202","formEdgeID":null},{"edgeID":"1762656","fromID":"1345202","toID":"1345069","formEdgeID":null},{"edgeID":"1762657","fromID":"1345074","toID":"1345203","formEdgeID":null},{"edgeID":"1762658","fromID":"1345203","toID":"1345202","formEdgeID":null}],"locutions":[]}