{"nodes":[{"nodeID":"1349980","text":"you can understand why there is so much disillusion with the COP process","type":"I","timestamp":"2023-11-09 14:08:14"},{"nodeID":"1349981","text":"Caroline Lucas: you can understand why there is so much disillusion with the process","type":"L","timestamp":"2023-11-09 14:08:14"},{"nodeID":"1349982","text":"Analysing","type":"YA","timestamp":"2023-11-09 14:08:14"},{"nodeID":"1349983","text":"Lara: Caroline Lucas: you can understand why there is so much disillusion with the process","type":"L","timestamp":"2023-11-09 14:08:14"},{"nodeID":"1349984","text":"Asserting","type":"YA","timestamp":"2023-11-09 14:08:14"},{"nodeID":"1349985","text":"the COP process is the only one we\u2019ve got","type":"I","timestamp":"2023-11-09 14:08:14"},{"nodeID":"1349986","text":"Caroline Lucas: it is the only one we\u2019ve got","type":"L","timestamp":"2023-11-09 14:08:14"},{"nodeID":"1349987","text":"Analysing","type":"YA","timestamp":"2023-11-09 14:08:14"},{"nodeID":"1349988","text":"Lara: Caroline Lucas: it is the only one we\u2019ve got","type":"L","timestamp":"2023-11-09 14:08:14"},{"nodeID":"1349989","text":"Asserting","type":"YA","timestamp":"2023-11-09 14:08:14"},{"nodeID":"1349990","text":"the bottom line is that we have to keep fossil fuels in the ground","type":"I","timestamp":"2023-11-09 14:08:15"},{"nodeID":"1349991","text":"Caroline Lucas: the bottom line is that we have to keep fossil fuels in the ground","type":"L","timestamp":"2023-11-09 14:08:15"},{"nodeID":"1349992","text":"Analysing","type":"YA","timestamp":"2023-11-09 14:08:15"},{"nodeID":"1349993","text":"Lara: Caroline Lucas: the bottom line is that we have to keep fossil fuels in the ground","type":"L","timestamp":"2023-11-09 14:08:15"},{"nodeID":"1349994","text":"Asserting","type":"YA","timestamp":"2023-11-09 14:08:15"},{"nodeID":"1349995","text":"Default Transition","type":"TA","timestamp":"2023-11-09 14:08:15"},{"nodeID":"1349996","text":"Default Transition","type":"TA","timestamp":"2023-11-09 14:08:15"},{"nodeID":"1349997","text":"Default Conflict","type":"CA","timestamp":"2023-11-09 14:08:15"},{"nodeID":"1349998","text":"Disagreeing","type":"YA","timestamp":"2023-11-09 14:08:15"},{"nodeID":"1349999","text":"Caroline Lucas: The International Energy Agency is saying to us loudly and clearly that if we\u2019re serious about staying below 1.5 there can be no new exploration of more oil and gas","type":"L","timestamp":"2023-11-09 14:08:15"},{"nodeID":"1350000","text":"Analysing","type":"YA","timestamp":"2023-11-09 14:08:15"},{"nodeID":"1350001","text":"Lara: Caroline Lucas: The International Energy Agency is saying to us loudly and clearly that if we\u2019re serious about staying below 1.5 there can be no new exploration of more oil and gas","type":"L","timestamp":"2023-11-09 14:08:15"},{"nodeID":"1350002","text":"if we\u2019re serious about staying below 1.5 there can be no new exploration of more oil and gas","type":"I","timestamp":"2023-11-09 14:08:16"},{"nodeID":"1350003","text":"The International Energy Agency: if we\u2019re serious about staying below 1.5 there can be no new exploration of more oil and gas","type":"L","timestamp":"2023-11-09 14:08:16"},{"nodeID":"1350004","text":"Analysing","type":"YA","timestamp":"2023-11-09 14:08:16"},{"nodeID":"1350005","text":"Lara: The International Energy Agency: if we\u2019re serious about staying below 1.5 there can be no new exploration of more oil and gas","type":"L","timestamp":"2023-11-09 14:08:16"},{"nodeID":"1350006","text":"Asserting","type":"YA","timestamp":"2023-11-09 14:08:16"},{"nodeID":"1350007","text":"Asserting","type":"YA","timestamp":"2023-11-09 14:08:16"},{"nodeID":"1350008","text":"Default Transition","type":"TA","timestamp":"2023-11-09 14:08:16"},{"nodeID":"1350009","text":"that there can be no new exploration of more oil and gas has got to be what the prize is at COP27","type":"I","timestamp":"2023-11-09 14:08:16"},{"nodeID":"1350010","text":"Caroline Lucas: that has got to be what the prize is at COP27","type":"L","timestamp":"2023-11-09 14:08:16"},{"nodeID":"1350011","text":"Analysing","type":"YA","timestamp":"2023-11-09 14:08:16"},{"nodeID":"1350012","text":"Lara: Caroline Lucas: that has got to be what the prize is at COP27","type":"L","timestamp":"2023-11-09 14:08:16"},{"nodeID":"1350013","text":"Asserting","type":"YA","timestamp":"2023-11-09 14:08:16"},{"nodeID":"1350014","text":"keeping fossil fuels in the ground will require the richer countries to put some money on the table","type":"I","timestamp":"2023-11-09 14:08:17"},{"nodeID":"1350015","text":"Caroline Lucas: it will require the richer countries to put some money on the table","type":"L","timestamp":"2023-11-09 14:08:17"},{"nodeID":"1350016","text":"Analysing","type":"YA","timestamp":"2023-11-09 14:08:17"},{"nodeID":"1350017","text":"Lara: Caroline Lucas: it will require the richer countries to put some money on the table","type":"L","timestamp":"2023-11-09 14:08:17"},{"nodeID":"1350018","text":"Asserting","type":"YA","timestamp":"2023-11-09 14:08:17"},{"nodeID":"1350019","text":"trust is at a premium","type":"I","timestamp":"2023-11-09 14:08:18"},{"nodeID":"1350020","text":"Caroline Lucas: trust is at a premium","type":"L","timestamp":"2023-11-09 14:08:18"},{"nodeID":"1350021","text":"Analysing","type":"YA","timestamp":"2023-11-09 14:08:18"},{"nodeID":"1350022","text":"Lara: Caroline Lucas: trust is at a premium","type":"L","timestamp":"2023-11-09 14:08:18"},{"nodeID":"1350023","text":"Asserting","type":"YA","timestamp":"2023-11-09 14:08:18"},{"nodeID":"1350024","text":"many countries in the south don\u2019t have trust","type":"I","timestamp":"2023-11-09 14:08:18"},{"nodeID":"1350025","text":"Caroline Lucas: many countries in the south don\u2019t have trust","type":"L","timestamp":"2023-11-09 14:08:18"},{"nodeID":"1350026","text":"Analysing","type":"YA","timestamp":"2023-11-09 14:08:18"},{"nodeID":"1350027","text":"Lara: Caroline Lucas: many countries in the south don\u2019t have trust","type":"L","timestamp":"2023-11-09 14:08:18"},{"nodeID":"1350028","text":"Asserting","type":"YA","timestamp":"2023-11-09 14:08:18"},{"nodeID":"1350029","text":"so many of the richer countries, including ourselves, haven\u2019t been delivering on the financial pledges that we\u2019ve been making","type":"I","timestamp":"2023-11-09 14:08:19"},{"nodeID":"1350030","text":"Caroline Lucas: so many of the richer countries, including ourselves, haven\u2019t been delivering on the financial pledges that we\u2019ve been making","type":"L","timestamp":"2023-11-09 14:08:19"},{"nodeID":"1350031","text":"Analysing","type":"YA","timestamp":"2023-11-09 14:08:19"},{"nodeID":"1350032","text":"Lara: Caroline Lucas: so many of the richer countries, including ourselves, haven\u2019t been delivering on the financial pledges that we\u2019ve been making","type":"L","timestamp":"2023-11-09 14:08:19"},{"nodeID":"1350033","text":"Asserting","type":"YA","timestamp":"2023-11-09 14:08:19"},{"nodeID":"1350034","text":"Caroline Lucas doesn't underestimate the huge task that is ahead of us","type":"I","timestamp":"2023-11-09 14:08:19"},{"nodeID":"1350035","text":"Caroline Lucas:  I don\u2019t underestimate the huge task that is ahead of us","type":"L","timestamp":"2023-11-09 14:08:19"},{"nodeID":"1350036","text":"Analysing","type":"YA","timestamp":"2023-11-09 14:08:19"},{"nodeID":"1350037","text":"Lara: Caroline Lucas:  I don\u2019t underestimate the huge task that is ahead of us","type":"L","timestamp":"2023-11-09 14:08:19"},{"nodeID":"1350038","text":"Asserting","type":"YA","timestamp":"2023-11-09 14:08:19"},{"nodeID":"1350039","text":"there are also so many opportunities if we get this right","type":"I","timestamp":"2023-11-09 14:08:20"},{"nodeID":"1350040","text":"Caroline Lucas: there are also so many opportunities if we get this right","type":"L","timestamp":"2023-11-09 14:08:20"},{"nodeID":"1350041","text":"Analysing","type":"YA","timestamp":"2023-11-09 14:08:20"},{"nodeID":"1350042","text":"Lara: Caroline Lucas: there are also so many opportunities if we get this right","type":"L","timestamp":"2023-11-09 14:08:20"},{"nodeID":"1350043","text":"Asserting","type":"YA","timestamp":"2023-11-09 14:08:20"},{"nodeID":"1350044","text":"a real green transformation is the home insulation that we are crying out for, rather than chasing after more gas","type":"I","timestamp":"2023-11-09 14:08:21"},{"nodeID":"1350045","text":"Caroline Lucas: The home insulation that we are crying out for, which will be the far quickest, cheapest, most effective way of getting energy bills down, rather than chasing after more gas","type":"L","timestamp":"2023-11-09 14:08:21"},{"nodeID":"1350046","text":"Analysing","type":"YA","timestamp":"2023-11-09 14:08:21"},{"nodeID":"1350047","text":"Lara: Caroline Lucas: The home insulation that we are crying out for, which will be the far quickest, cheapest, most effective way of getting energy bills down, rather than chasing after more gas","type":"L","timestamp":"2023-11-09 14:08:21"},{"nodeID":"1350048","text":"Asserting","type":"YA","timestamp":"2023-11-09 14:08:21"},{"nodeID":"1350049","text":"home insulation will be the far quickest, cheapest, most effective way of getting energy bills down","type":"I","timestamp":"2023-11-09 14:08:21"},{"nodeID":"1350050","text":"Caroline Lucas: which will be the far quickest, cheapest, most effective way of getting energy bills down","type":"L","timestamp":"2023-11-09 14:08:21"},{"nodeID":"1350051","text":"Analysing","type":"YA","timestamp":"2023-11-09 14:08:21"},{"nodeID":"1350052","text":"Lara: Caroline Lucas: which will be the far quickest, cheapest, most effective way of getting energy bills down","type":"L","timestamp":"2023-11-09 14:08:21"},{"nodeID":"1350053","text":"Asserting","type":"YA","timestamp":"2023-11-09 14:08:21"},{"nodeID":"1350054","text":"gas is nine times more expensive than renewables","type":"I","timestamp":"2023-11-09 14:08:22"},{"nodeID":"1350055","text":"Caroline Lucas: which is nine times more expensive than renewables","type":"L","timestamp":"2023-11-09 14:08:22"},{"nodeID":"1350056","text":"Analysing","type":"YA","timestamp":"2023-11-09 14:08:22"},{"nodeID":"1350057","text":"Lara: Caroline Lucas: which is nine times more expensive than renewables","type":"L","timestamp":"2023-11-09 14:08:22"},{"nodeID":"1350058","text":"Asserting","type":"YA","timestamp":"2023-11-09 14:08:22"},{"nodeID":"1350059","text":"Default Inference","type":"RA","timestamp":"2023-11-09 14:08:22"},{"nodeID":"1350060","text":"Arguing","type":"YA","timestamp":"2023-11-09 14:08:22"},{"nodeID":"1350061","text":"Default Transition","type":"TA","timestamp":"2023-11-09 14:08:22"},{"nodeID":"1350062","text":"Default Inference","type":"RA","timestamp":"2023-11-09 14:08:22"},{"nodeID":"1350063","text":"Default Transition","type":"TA","timestamp":"2023-11-09 14:08:22"},{"nodeID":"1350064","text":"Default Transition","type":"TA","timestamp":"2023-11-09 14:08:22"},{"nodeID":"1350065","text":"Arguing","type":"YA","timestamp":"2023-11-09 14:08:22"},{"nodeID":"1350066","text":"Default Inference","type":"RA","timestamp":"2023-11-09 14:08:22"},{"nodeID":"1350067","text":"Default Transition","type":"TA","timestamp":"2023-11-09 14:08:22"},{"nodeID":"1350068","text":"Arguing","type":"YA","timestamp":"2023-11-09 14:08:22"},{"nodeID":"1350069","text":"Default Transition","type":"TA","timestamp":"2023-11-09 14:08:22"},{"nodeID":"1350070","text":"Default Transition","type":"TA","timestamp":"2023-11-09 14:08:22"},{"nodeID":"1350071","text":"Default Conflict","type":"CA","timestamp":"2023-11-09 14:08:22"},{"nodeID":"1350072","text":"Disagreeing","type":"YA","timestamp":"2023-11-09 14:08:22"},{"nodeID":"1350073","text":"an example of an opportunity is the number of green jobs that can be created","type":"I","timestamp":"2023-11-09 14:08:23"},{"nodeID":"1350074","text":"Caroline Lucas: The number of green jobs, for example, that can be created","type":"L","timestamp":"2023-11-09 14:08:23"},{"nodeID":"1350075","text":"Analysing","type":"YA","timestamp":"2023-11-09 14:08:23"},{"nodeID":"1350076","text":"Lara: Caroline Lucas: The number of green jobs, for example, that can be created","type":"L","timestamp":"2023-11-09 14:08:23"},{"nodeID":"1350077","text":"Asserting","type":"YA","timestamp":"2023-11-09 14:08:23"},{"nodeID":"1350078","text":"we stop chasing dreams of more nuclear power or yet more extraction of oil and gas from the North Sea","type":"I","timestamp":"2023-11-09 14:08:23"},{"nodeID":"1350079","text":"Caroline Lucas: instead of chasing dreams of more nuclear power or yet more extraction of oil and gas from the North Sea","type":"L","timestamp":"2023-11-09 14:08:23"},{"nodeID":"1350080","text":"Analysing","type":"YA","timestamp":"2023-11-09 14:08:23"},{"nodeID":"1350081","text":"Lara: Caroline Lucas: instead of chasing dreams of more nuclear power or yet more extraction of oil and gas from the North Sea","type":"L","timestamp":"2023-11-09 14:08:23"},{"nodeID":"1350082","text":"Asserting","type":"YA","timestamp":"2023-11-09 14:08:23"},{"nodeID":"1350083","text":"we put that money into a real green transformation","type":"I","timestamp":"2023-11-09 14:08:24"},{"nodeID":"1350084","text":"Caroline Lucas: why don\u2019t we put that money into a real green transformation","type":"L","timestamp":"2023-11-09 14:08:24"},{"nodeID":"1350085","text":"Analysing","type":"YA","timestamp":"2023-11-09 14:08:24"},{"nodeID":"1350086","text":"Lara: Caroline Lucas: why don\u2019t we put that money into a real green transformation","type":"L","timestamp":"2023-11-09 14:08:24"},{"nodeID":"1350087","text":"Asserting","type":"YA","timestamp":"2023-11-09 14:08:24"},{"nodeID":"1350088","text":"Default Inference","type":"RA","timestamp":"2023-11-09 14:08:24"},{"nodeID":"1350089","text":"Default Transition","type":"TA","timestamp":"2023-11-09 14:08:24"},{"nodeID":"1350090","text":"Default Transition","type":"TA","timestamp":"2023-11-09 14:08:24"},{"nodeID":"1350091","text":"Arguing","type":"YA","timestamp":"2023-11-09 14:08:24"},{"nodeID":"1350092","text":"Default Transition","type":"TA","timestamp":"2023-11-09 14:08:24"},{"nodeID":"1350093","text":"Default Inference","type":"RA","timestamp":"2023-11-09 14:08:24"},{"nodeID":"1350094","text":"Arguing","type":"YA","timestamp":"2023-11-09 14:08:24"},{"nodeID":"1350095","text":"Default Transition","type":"TA","timestamp":"2023-11-09 14:08:24"},{"nodeID":"1350096","text":"Default Transition","type":"TA","timestamp":"2023-11-09 14:08:24"},{"nodeID":"1350097","text":"Default Transition","type":"TA","timestamp":"2023-11-09 14:08:24"},{"nodeID":"1350098","text":"Default Inference","type":"RA","timestamp":"2023-11-09 14:08:24"},{"nodeID":"1350099","text":"Default Inference","type":"RA","timestamp":"2023-11-09 14:08:24"},{"nodeID":"1350100","text":"Arguing","type":"YA","timestamp":"2023-11-09 14:08:24"},{"nodeID":"1350101","text":"Arguing","type":"YA","timestamp":"2023-11-09 14:08:24"},{"nodeID":"1350102","text":"Default Inference","type":"RA","timestamp":"2023-11-09 14:08:24"},{"nodeID":"1350103","text":"Arguing","type":"YA","timestamp":"2023-11-09 14:08:24"},{"nodeID":"1350104","text":"Default Rephrase","type":"MA","timestamp":"2023-11-09 14:08:24"},{"nodeID":"1350105","text":"Default Transition","type":"TA","timestamp":"2023-11-09 14:08:24"},{"nodeID":"1350106","text":"Restating","type":"YA","timestamp":"2023-11-09 14:08:24"}],"edges":[{"edgeID":"1768317","fromID":"1349982","toID":"1349981","formEdgeID":null},{"edgeID":"1768318","fromID":"1349983","toID":"1349982","formEdgeID":null},{"edgeID":"1768319","fromID":"1349981","toID":"1349984","formEdgeID":null},{"edgeID":"1768320","fromID":"1349984","toID":"1349980","formEdgeID":null},{"edgeID":"1768321","fromID":"1349987","toID":"1349986","formEdgeID":null},{"edgeID":"1768322","fromID":"1349988","toID":"1349987","formEdgeID":null},{"edgeID":"1768323","fromID":"1349986","toID":"1349989","formEdgeID":null},{"edgeID":"1768324","fromID":"1349989","toID":"1349985","formEdgeID":null},{"edgeID":"1768325","fromID":"1349992","toID":"1349991","formEdgeID":null},{"edgeID":"1768326","fromID":"1349993","toID":"1349992","formEdgeID":null},{"edgeID":"1768327","fromID":"1349991","toID":"1349994","formEdgeID":null},{"edgeID":"1768328","fromID":"1349994","toID":"1349990","formEdgeID":null},{"edgeID":"1768329","fromID":"1349981","toID":"1349995","formEdgeID":null},{"edgeID":"1768330","fromID":"1349995","toID":"1349986","formEdgeID":null},{"edgeID":"1768331","fromID":"1349986","toID":"1349996","formEdgeID":null},{"edgeID":"1768332","fromID":"1349996","toID":"1349991","formEdgeID":null},{"edgeID":"1768333","fromID":"1349985","toID":"1349997","formEdgeID":null},{"edgeID":"1768334","fromID":"1349997","toID":"1349980","formEdgeID":null},{"edgeID":"1768335","fromID":"1349995","toID":"1349998","formEdgeID":null},{"edgeID":"1768336","fromID":"1349998","toID":"1349997","formEdgeID":null},{"edgeID":"1768337","fromID":"1350000","toID":"1349999","formEdgeID":null},{"edgeID":"1768338","fromID":"1350001","toID":"1350000","formEdgeID":null},{"edgeID":"1768339","fromID":"1350004","toID":"1350003","formEdgeID":null},{"edgeID":"1768340","fromID":"1350005","toID":"1350004","formEdgeID":null},{"edgeID":"1768341","fromID":"1350003","toID":"1350006","formEdgeID":null},{"edgeID":"1768342","fromID":"1350006","toID":"1350002","formEdgeID":null},{"edgeID":"1768343","fromID":"1349999","toID":"1350007","formEdgeID":null},{"edgeID":"1768344","fromID":"1350007","toID":"1350003","formEdgeID":null},{"edgeID":"1768345","fromID":"1349991","toID":"1350008","formEdgeID":null},{"edgeID":"1768346","fromID":"1350008","toID":"1349999","formEdgeID":null},{"edgeID":"1768347","fromID":"1350011","toID":"1350010","formEdgeID":null},{"edgeID":"1768348","fromID":"1350012","toID":"1350011","formEdgeID":null},{"edgeID":"1768349","fromID":"1350010","toID":"1350013","formEdgeID":null},{"edgeID":"1768350","fromID":"1350013","toID":"1350009","formEdgeID":null},{"edgeID":"1768351","fromID":"1350016","toID":"1350015","formEdgeID":null},{"edgeID":"1768352","fromID":"1350017","toID":"1350016","formEdgeID":null},{"edgeID":"1768353","fromID":"1350015","toID":"1350018","formEdgeID":null},{"edgeID":"1768354","fromID":"1350018","toID":"1350014","formEdgeID":null},{"edgeID":"1768355","fromID":"1350021","toID":"1350020","formEdgeID":null},{"edgeID":"1768356","fromID":"1350022","toID":"1350021","formEdgeID":null},{"edgeID":"1768357","fromID":"1350020","toID":"1350023","formEdgeID":null},{"edgeID":"1768358","fromID":"1350023","toID":"1350019","formEdgeID":null},{"edgeID":"1768359","fromID":"1350026","toID":"1350025","formEdgeID":null},{"edgeID":"1768360","fromID":"1350027","toID":"1350026","formEdgeID":null},{"edgeID":"1768361","fromID":"1350025","toID":"1350028","formEdgeID":null},{"edgeID":"1768362","fromID":"1350028","toID":"1350024","formEdgeID":null},{"edgeID":"1768363","fromID":"1350031","toID":"1350030","formEdgeID":null},{"edgeID":"1768364","fromID":"1350032","toID":"1350031","formEdgeID":null},{"edgeID":"1768365","fromID":"1350030","toID":"1350033","formEdgeID":null},{"edgeID":"1768366","fromID":"1350033","toID":"1350029","formEdgeID":null},{"edgeID":"1768367","fromID":"1350036","toID":"1350035","formEdgeID":null},{"edgeID":"1768368","fromID":"1350037","toID":"1350036","formEdgeID":null},{"edgeID":"1768369","fromID":"1350035","toID":"1350038","formEdgeID":null},{"edgeID":"1768370","fromID":"1350038","toID":"1350034","formEdgeID":null},{"edgeID":"1768371","fromID":"1350041","toID":"1350040","formEdgeID":null},{"edgeID":"1768372","fromID":"1350042","toID":"1350041","formEdgeID":null},{"edgeID":"1768373","fromID":"1350040","toID":"1350043","formEdgeID":null},{"edgeID":"1768374","fromID":"1350043","toID":"1350039","formEdgeID":null},{"edgeID":"1768375","fromID":"1350046","toID":"1350045","formEdgeID":null},{"edgeID":"1768376","fromID":"1350047","toID":"1350046","formEdgeID":null},{"edgeID":"1768377","fromID":"1350045","toID":"1350048","formEdgeID":null},{"edgeID":"1768378","fromID":"1350048","toID":"1350044","formEdgeID":null},{"edgeID":"1768379","fromID":"1350051","toID":"1350050","formEdgeID":null},{"edgeID":"1768380","fromID":"1350052","toID":"1350051","formEdgeID":null},{"edgeID":"1768381","fromID":"1350050","toID":"1350053","formEdgeID":null},{"edgeID":"1768382","fromID":"1350053","toID":"1350049","formEdgeID":null},{"edgeID":"1768383","fromID":"1350056","toID":"1350055","formEdgeID":null},{"edgeID":"1768384","fromID":"1350057","toID":"1350056","formEdgeID":null},{"edgeID":"1768385","fromID":"1350055","toID":"1350058","formEdgeID":null},{"edgeID":"1768386","fromID":"1350058","toID":"1350054","formEdgeID":null},{"edgeID":"1768387","fromID":"1350002","toID":"1350059","formEdgeID":null},{"edgeID":"1768388","fromID":"1350059","toID":"1349990","formEdgeID":null},{"edgeID":"1768389","fromID":"1350008","toID":"1350060","formEdgeID":null},{"edgeID":"1768390","fromID":"1350060","toID":"1350059","formEdgeID":null},{"edgeID":"1768391","fromID":"1349999","toID":"1350061","formEdgeID":null},{"edgeID":"1768392","fromID":"1350061","toID":"1350010","formEdgeID":null},{"edgeID":"1768393","fromID":"1350019","toID":"1350062","formEdgeID":null},{"edgeID":"1768394","fromID":"1350062","toID":"1350014","formEdgeID":null},{"edgeID":"1768395","fromID":"1350015","toID":"1350063","formEdgeID":null},{"edgeID":"1768396","fromID":"1350063","toID":"1350020","formEdgeID":null},{"edgeID":"1768397","fromID":"1350024","toID":"1350062","formEdgeID":null},{"edgeID":"1768398","fromID":"1350015","toID":"1350064","formEdgeID":null},{"edgeID":"1768399","fromID":"1350064","toID":"1350025","formEdgeID":null},{"edgeID":"1768400","fromID":"1350064","toID":"1350065","formEdgeID":null},{"edgeID":"1768401","fromID":"1350065","toID":"1350062","formEdgeID":null},{"edgeID":"1768402","fromID":"1350029","toID":"1350066","formEdgeID":null},{"edgeID":"1768403","fromID":"1350066","toID":"1350024","formEdgeID":null},{"edgeID":"1768404","fromID":"1350025","toID":"1350067","formEdgeID":null},{"edgeID":"1768405","fromID":"1350067","toID":"1350030","formEdgeID":null},{"edgeID":"1768406","fromID":"1350067","toID":"1350068","formEdgeID":null},{"edgeID":"1768407","fromID":"1350068","toID":"1350066","formEdgeID":null},{"edgeID":"1768408","fromID":"1350030","toID":"1350069","formEdgeID":null},{"edgeID":"1768409","fromID":"1350069","toID":"1350035","formEdgeID":null},{"edgeID":"1768410","fromID":"1350035","toID":"1350070","formEdgeID":null},{"edgeID":"1768411","fromID":"1350070","toID":"1350040","formEdgeID":null},{"edgeID":"1768412","fromID":"1350039","toID":"1350071","formEdgeID":null},{"edgeID":"1768413","fromID":"1350071","toID":"1350034","formEdgeID":null},{"edgeID":"1768414","fromID":"1350070","toID":"1350072","formEdgeID":null},{"edgeID":"1768415","fromID":"1350072","toID":"1350071","formEdgeID":null},{"edgeID":"1768416","fromID":"1350075","toID":"1350074","formEdgeID":null},{"edgeID":"1768417","fromID":"1350076","toID":"1350075","formEdgeID":null},{"edgeID":"1768418","fromID":"1350074","toID":"1350077","formEdgeID":null},{"edgeID":"1768419","fromID":"1350077","toID":"1350073","formEdgeID":null},{"edgeID":"1768420","fromID":"1350080","toID":"1350079","formEdgeID":null},{"edgeID":"1768421","fromID":"1350081","toID":"1350080","formEdgeID":null},{"edgeID":"1768422","fromID":"1350079","toID":"1350082","formEdgeID":null},{"edgeID":"1768423","fromID":"1350082","toID":"1350078","formEdgeID":null},{"edgeID":"1768424","fromID":"1350085","toID":"1350084","formEdgeID":null},{"edgeID":"1768425","fromID":"1350086","toID":"1350085","formEdgeID":null},{"edgeID":"1768426","fromID":"1350084","toID":"1350087","formEdgeID":null},{"edgeID":"1768427","fromID":"1350087","toID":"1350083","formEdgeID":null},{"edgeID":"1768428","fromID":"1350078","toID":"1350088","formEdgeID":null},{"edgeID":"1768429","fromID":"1350088","toID":"1350073","formEdgeID":null},{"edgeID":"1768430","fromID":"1350083","toID":"1350088","formEdgeID":null},{"edgeID":"1768431","fromID":"1350074","toID":"1350089","formEdgeID":null},{"edgeID":"1768432","fromID":"1350089","toID":"1350079","formEdgeID":null},{"edgeID":"1768433","fromID":"1350074","toID":"1350090","formEdgeID":null},{"edgeID":"1768434","fromID":"1350090","toID":"1350084","formEdgeID":null},{"edgeID":"1768435","fromID":"1350090","toID":"1350091","formEdgeID":null},{"edgeID":"1768436","fromID":"1350091","toID":"1350088","formEdgeID":null},{"edgeID":"1768437","fromID":"1350040","toID":"1350092","formEdgeID":null},{"edgeID":"1768438","fromID":"1350092","toID":"1350074","formEdgeID":null},{"edgeID":"1768439","fromID":"1350073","toID":"1350093","formEdgeID":null},{"edgeID":"1768440","fromID":"1350093","toID":"1350039","formEdgeID":null},{"edgeID":"1768441","fromID":"1350092","toID":"1350094","formEdgeID":null},{"edgeID":"1768442","fromID":"1350094","toID":"1350093","formEdgeID":null},{"edgeID":"1768443","fromID":"1350084","toID":"1350095","formEdgeID":null},{"edgeID":"1768444","fromID":"1350095","toID":"1350045","formEdgeID":null},{"edgeID":"1768445","fromID":"1350045","toID":"1350096","formEdgeID":null},{"edgeID":"1768446","fromID":"1350096","toID":"1350050","formEdgeID":null},{"edgeID":"1768447","fromID":"1350045","toID":"1350097","formEdgeID":null},{"edgeID":"1768448","fromID":"1350097","toID":"1350055","formEdgeID":null},{"edgeID":"1768449","fromID":"1350049","toID":"1350098","formEdgeID":null},{"edgeID":"1768450","fromID":"1350098","toID":"1350044","formEdgeID":null},{"edgeID":"1768451","fromID":"1350054","toID":"1350099","formEdgeID":null},{"edgeID":"1768452","fromID":"1350099","toID":"1350044","formEdgeID":null},{"edgeID":"1768453","fromID":"1350096","toID":"1350100","formEdgeID":null},{"edgeID":"1768454","fromID":"1350100","toID":"1350098","formEdgeID":null},{"edgeID":"1768455","fromID":"1350097","toID":"1350101","formEdgeID":null},{"edgeID":"1768456","fromID":"1350101","toID":"1350099","formEdgeID":null},{"edgeID":"1768457","fromID":"1350002","toID":"1350102","formEdgeID":null},{"edgeID":"1768458","fromID":"1350102","toID":"1350009","formEdgeID":null},{"edgeID":"1768459","fromID":"1350061","toID":"1350103","formEdgeID":null},{"edgeID":"1768460","fromID":"1350103","toID":"1350102","formEdgeID":null},{"edgeID":"1768461","fromID":"1350014","toID":"1350104","formEdgeID":null},{"edgeID":"1768462","fromID":"1350104","toID":"1349990","formEdgeID":null},{"edgeID":"1768463","fromID":"1349991","toID":"1350105","formEdgeID":null},{"edgeID":"1768464","fromID":"1350105","toID":"1350015","formEdgeID":null},{"edgeID":"1768465","fromID":"1350105","toID":"1350106","formEdgeID":null},{"edgeID":"1768466","fromID":"1350106","toID":"1350104","formEdgeID":null}],"locutions":[]}