{"nodes":[{"nodeID":"1346796","text":"Emily Thornberry: Yeah","type":"L","timestamp":"2023-11-09 14:02:43"},{"nodeID":"1346797","text":"it\u2019s going to be a considerable period of time between now and the next election","type":"I","timestamp":"2023-11-09 14:02:44"},{"nodeID":"1346798","text":"Mark Harper: it\u2019s going to be a considerable period of time between now and the next election","type":"L","timestamp":"2023-11-09 14:02:44"},{"nodeID":"1346799","text":"Analysing","type":"YA","timestamp":"2023-11-09 14:02:44"},{"nodeID":"1346800","text":"Rebecca: Mark Harper: it\u2019s going to be a considerable period of time between now and the next election","type":"L","timestamp":"2023-11-09 14:02:44"},{"nodeID":"1346801","text":"Asserting","type":"YA","timestamp":"2023-11-09 14:02:44"},{"nodeID":"1346802","text":"at the election we do that day in, day out to persuade those people that feel let down that they can trust us again","type":"I","timestamp":"2023-11-09 14:02:45"},{"nodeID":"1346803","text":"Mark Harper: we do that day in, day out to persuade those people that feel let down that they can trust us again","type":"L","timestamp":"2023-11-09 14:02:45"},{"nodeID":"1346804","text":"Analysing","type":"YA","timestamp":"2023-11-09 14:02:45"},{"nodeID":"1346805","text":"Rebecca: Mark Harper: we do that day in, day out to persuade those people that feel let down that they can trust us again","type":"L","timestamp":"2023-11-09 14:02:45"},{"nodeID":"1346806","text":"Asserting","type":"YA","timestamp":"2023-11-09 14:02:45"},{"nodeID":"1346807","text":"Default Transition","type":"TA","timestamp":"2023-11-09 14:02:45"},{"nodeID":"1346808","text":"Default Rephrase","type":"MA","timestamp":"2023-11-09 14:02:45"},{"nodeID":"1346809","text":"Restating","type":"YA","timestamp":"2023-11-09 14:02:45"},{"nodeID":"1346810","text":"the challenge is one that we all have to put up with","type":"I","timestamp":"2023-11-09 14:02:45"},{"nodeID":"1346811","text":"Mark Harper: that is one that we all have to put up with","type":"L","timestamp":"2023-11-09 14:02:45"},{"nodeID":"1346812","text":"Analysing","type":"YA","timestamp":"2023-11-09 14:02:45"},{"nodeID":"1346813","text":"Rebecca: Mark Harper: that is one that we all have to put up with","type":"L","timestamp":"2023-11-09 14:02:45"},{"nodeID":"1346814","text":"Asserting","type":"YA","timestamp":"2023-11-09 14:02:45"},{"nodeID":"1346815","text":"convincing the people to trust the government is a tough challenge","type":"I","timestamp":"2023-11-09 14:02:46"},{"nodeID":"1346816","text":"Mark Harper: that\u2019s a tough challenge","type":"L","timestamp":"2023-11-09 14:02:46"},{"nodeID":"1346817","text":"Analysing","type":"YA","timestamp":"2023-11-09 14:02:46"},{"nodeID":"1346818","text":"Rebecca: Mark Harper: that\u2019s a tough challenge","type":"L","timestamp":"2023-11-09 14:02:46"},{"nodeID":"1346819","text":"Asserting","type":"YA","timestamp":"2023-11-09 14:02:46"},{"nodeID":"1346820","text":"Default Transition","type":"TA","timestamp":"2023-11-09 14:02:46"},{"nodeID":"1346821","text":"Default Rephrase","type":"MA","timestamp":"2023-11-09 14:02:46"},{"nodeID":"1346822","text":"Default Transition","type":"TA","timestamp":"2023-11-09 14:02:46"},{"nodeID":"1346823","text":"Default Rephrase","type":"MA","timestamp":"2023-11-09 14:02:46"},{"nodeID":"1346824","text":"Restating","type":"YA","timestamp":"2023-11-09 14:02:46"},{"nodeID":"1346825","text":"Restating","type":"YA","timestamp":"2023-11-09 14:02:46"},{"nodeID":"1346826","text":"the reason why we don\u2019t have an election is xxx","type":"I","timestamp":"2023-11-09 14:02:47"},{"nodeID":"1346827","text":"Emily Thornberry: Why don\u2019t we just have an election","type":"L","timestamp":"2023-11-09 14:02:47"},{"nodeID":"1346828","text":"Analysing","type":"YA","timestamp":"2023-11-09 14:02:47"},{"nodeID":"1346829","text":"Rebecca: Emily Thornberry: Why don\u2019t we just have an election","type":"L","timestamp":"2023-11-09 14:02:47"},{"nodeID":"1346830","text":"Pure Questioning","type":"YA","timestamp":"2023-11-09 14:02:47"},{"nodeID":"1346831","text":"Default Transition","type":"TA","timestamp":"2023-11-09 14:02:47"},{"nodeID":"1346832","text":"Mark Harper is not going to convince the people simply by him saying that he is going to try and persuade the public","type":"I","timestamp":"2023-11-09 14:02:47"},{"nodeID":"1346833","text":"Caroline Lucas: it\u2019s not going to happen simply by you saying you\u2019re going to try and persuade the public","type":"L","timestamp":"2023-11-09 14:02:47"},{"nodeID":"1346834","text":"Analysing","type":"YA","timestamp":"2023-11-09 14:02:47"},{"nodeID":"1346835","text":"Rebecca: Caroline Lucas: it\u2019s not going to happen simply by you saying you\u2019re going to try and persuade the public","type":"L","timestamp":"2023-11-09 14:02:47"},{"nodeID":"1346836","text":"Asserting","type":"YA","timestamp":"2023-11-09 14:02:47"},{"nodeID":"1346837","text":"Default Transition","type":"TA","timestamp":"2023-11-09 14:02:47"},{"nodeID":"1346838","text":"Default Conflict","type":"CA","timestamp":"2023-11-09 14:02:47"},{"nodeID":"1346839","text":"Disagreeing","type":"YA","timestamp":"2023-11-09 14:02:47"},{"nodeID":"1346840","text":"Analysing","type":"YA","timestamp":"2023-11-09 14:02:47"},{"nodeID":"1346841","text":"Rebecca: Emily Thornberry: Yeah","type":"L","timestamp":"2023-11-09 14:02:47"},{"nodeID":"1346842","text":"no, we\u2019ve got to show them","type":"I","timestamp":"2023-11-09 14:02:48"},{"nodeID":"1346843","text":"Mark Harper: No, we\u2019ve got to show them","type":"L","timestamp":"2023-11-09 14:02:48"},{"nodeID":"1346844","text":"Analysing","type":"YA","timestamp":"2023-11-09 14:02:48"},{"nodeID":"1346845","text":"Rebecca: Mark Harper: No, we\u2019ve got to show them","type":"L","timestamp":"2023-11-09 14:02:48"},{"nodeID":"1346846","text":"Asserting","type":"YA","timestamp":"2023-11-09 14:02:48"},{"nodeID":"1346847","text":"Mark Harper's party has got to change","type":"I","timestamp":"2023-11-09 14:02:49"},{"nodeID":"1346848","text":"Caroline Lucas: You\u2019ve got to change","type":"L","timestamp":"2023-11-09 14:02:49"},{"nodeID":"1346849","text":"Analysing","type":"YA","timestamp":"2023-11-09 14:02:49"},{"nodeID":"1346850","text":"Rebecca: Caroline Lucas: You\u2019ve got to change","type":"L","timestamp":"2023-11-09 14:02:49"},{"nodeID":"1346851","text":"Asserting","type":"YA","timestamp":"2023-11-09 14:02:49"},{"nodeID":"1346852","text":"Default Transition","type":"TA","timestamp":"2023-11-09 14:02:49"},{"nodeID":"1346853","text":"Default Inference","type":"RA","timestamp":"2023-11-09 14:02:49"},{"nodeID":"1346854","text":"Arguing","type":"YA","timestamp":"2023-11-09 14:02:49"},{"nodeID":"1346855","text":"Default Transition","type":"TA","timestamp":"2023-11-09 14:02:49"},{"nodeID":"1346856","text":"Agreeing","type":"YA","timestamp":"2023-11-09 14:02:49"},{"nodeID":"1346857","text":"Default Transition","type":"TA","timestamp":"2023-11-09 14:02:49"},{"nodeID":"1346858","text":"Default Conflict","type":"CA","timestamp":"2023-11-09 14:02:49"},{"nodeID":"1346859","text":"Disagreeing","type":"YA","timestamp":"2023-11-09 14:02:49"},{"nodeID":"1346860","text":"not even just showing the public is enough","type":"I","timestamp":"2023-11-09 14:02:49"},{"nodeID":"1346861","text":"Caroline Lucas: Not even just showing them","type":"L","timestamp":"2023-11-09 14:02:49"},{"nodeID":"1346862","text":"Analysing","type":"YA","timestamp":"2023-11-09 14:02:49"},{"nodeID":"1346863","text":"Rebecca: Caroline Lucas: Not even just showing them","type":"L","timestamp":"2023-11-09 14:02:49"},{"nodeID":"1346864","text":"Asserting","type":"YA","timestamp":"2023-11-09 14:02:49"},{"nodeID":"1346865","text":"Default Transition","type":"TA","timestamp":"2023-11-09 14:02:49"},{"nodeID":"1346866","text":"Default Conflict","type":"CA","timestamp":"2023-11-09 14:02:49"},{"nodeID":"1346867","text":"Disagreeing","type":"YA","timestamp":"2023-11-09 14:02:49"},{"nodeID":"1346868","text":"Mark Harper's party needs to make sure that there is a proper mechanism to hold ministers and indeed the Prime Minister to account","type":"I","timestamp":"2023-11-09 14:02:50"},{"nodeID":"1346869","text":"Caroline Lucas: you need to do is to make sure, for example, that there is a proper mechanism to hold ministers and indeed the Prime Minister to account","type":"L","timestamp":"2023-11-09 14:02:50"},{"nodeID":"1346870","text":"Analysing","type":"YA","timestamp":"2023-11-09 14:02:50"},{"nodeID":"1346871","text":"Rebecca: Caroline Lucas: you need to do is to make sure, for example, that there is a proper mechanism to hold ministers and indeed the Prime Minister to account","type":"L","timestamp":"2023-11-09 14:02:50"},{"nodeID":"1346872","text":"Asserting","type":"YA","timestamp":"2023-11-09 14:02:50"},{"nodeID":"1346873","text":"Default Transition","type":"TA","timestamp":"2023-11-09 14:02:50"},{"nodeID":"1346874","text":"Default Inference","type":"RA","timestamp":"2023-11-09 14:02:50"},{"nodeID":"1346875","text":"Arguing","type":"YA","timestamp":"2023-11-09 14:02:50"},{"nodeID":"1346876","text":"we saw with the farce of Boris Johnson that he was the judge and jury over whether or not he himself had broken the Ministerial Code","type":"I","timestamp":"2023-11-09 14:02:51"},{"nodeID":"1346877","text":"Caroline Lucas: we saw with the farce of Boris Johnson was that he was the judge and jury over whether or not he himself had broken the Ministerial Code","type":"L","timestamp":"2023-11-09 14:02:51"},{"nodeID":"1346878","text":"Analysing","type":"YA","timestamp":"2023-11-09 14:02:51"},{"nodeID":"1346879","text":"Rebecca: Caroline Lucas: we saw with the farce of Boris Johnson was that he was the judge and jury over whether or not he himself had broken the Ministerial Code","type":"L","timestamp":"2023-11-09 14:02:51"},{"nodeID":"1346880","text":"Asserting","type":"YA","timestamp":"2023-11-09 14:02:51"},{"nodeID":"1346881","text":"Default Transition","type":"TA","timestamp":"2023-11-09 14:02:51"},{"nodeID":"1346882","text":"Default Inference","type":"RA","timestamp":"2023-11-09 14:02:51"},{"nodeID":"1346883","text":"Arguing","type":"YA","timestamp":"2023-11-09 14:02:51"},{"nodeID":"1346884","text":"that a Prime Minister is his own judge is just madness","type":"I","timestamp":"2023-11-09 14:02:51"},{"nodeID":"1346885","text":"Caroline Lucas: that is just madness","type":"L","timestamp":"2023-11-09 14:02:51"},{"nodeID":"1346886","text":"Analysing","type":"YA","timestamp":"2023-11-09 14:02:51"},{"nodeID":"1346887","text":"Rebecca: Caroline Lucas: that is just madness","type":"L","timestamp":"2023-11-09 14:02:51"},{"nodeID":"1346888","text":"Asserting","type":"YA","timestamp":"2023-11-09 14:02:51"},{"nodeID":"1346889","text":"Default Transition","type":"TA","timestamp":"2023-11-09 14:02:51"},{"nodeID":"1346890","text":"Default Rephrase","type":"MA","timestamp":"2023-11-09 14:02:51"},{"nodeID":"1346891","text":"Restating","type":"YA","timestamp":"2023-11-09 14:02:51"},{"nodeID":"1346892","text":"the issue of the people's trust goes much deeper than just individual politicians","type":"I","timestamp":"2023-11-09 14:02:52"},{"nodeID":"1346893","text":"Caroline Lucas: This goes much deeper than just individual politicians","type":"L","timestamp":"2023-11-09 14:02:52"},{"nodeID":"1346894","text":"Analysing","type":"YA","timestamp":"2023-11-09 14:02:52"},{"nodeID":"1346895","text":"Rebecca: Caroline Lucas: This goes much deeper than just individual politicians","type":"L","timestamp":"2023-11-09 14:02:52"},{"nodeID":"1346896","text":"Asserting","type":"YA","timestamp":"2023-11-09 14:02:52"},{"nodeID":"1346897","text":"Default Transition","type":"TA","timestamp":"2023-11-09 14:02:52"},{"nodeID":"1346898","text":"Default Inference","type":"RA","timestamp":"2023-11-09 14:02:52"},{"nodeID":"1346899","text":"Arguing","type":"YA","timestamp":"2023-11-09 14:02:52"},{"nodeID":"1346900","text":"Default Transition","type":"TA","timestamp":"2023-11-09 14:02:52"},{"nodeID":"1346901","text":"Default Transition","type":"TA","timestamp":"2023-11-09 14:02:52"},{"nodeID":"1346902","text":"in the end the current system worked","type":"I","timestamp":"2023-11-09 14:02:53"},{"nodeID":"1346903","text":"Mark Harper: in the end the system worked","type":"L","timestamp":"2023-11-09 14:02:53"},{"nodeID":"1346904","text":"Analysing","type":"YA","timestamp":"2023-11-09 14:02:53"},{"nodeID":"1346905","text":"Rebecca: Mark Harper: in the end the system worked","type":"L","timestamp":"2023-11-09 14:02:53"},{"nodeID":"1346906","text":"Asserting","type":"YA","timestamp":"2023-11-09 14:02:53"},{"nodeID":"1346907","text":"Default Transition","type":"TA","timestamp":"2023-11-09 14:02:53"},{"nodeID":"1346908","text":"Default Conflict","type":"CA","timestamp":"2023-11-09 14:02:53"},{"nodeID":"1346909","text":"Disagreeing","type":"YA","timestamp":"2023-11-09 14:02:53"},{"nodeID":"1346910","text":"Boris Johnson is not the Prime Minister anymore","type":"I","timestamp":"2023-11-09 14:02:54"},{"nodeID":"1346911","text":"Mark Harper: He\u2019s not the Prime Minister anymore","type":"L","timestamp":"2023-11-09 14:02:54"},{"nodeID":"1346912","text":"Analysing","type":"YA","timestamp":"2023-11-09 14:02:54"},{"nodeID":"1346913","text":"Rebecca: Mark Harper: He\u2019s not the Prime Minister anymore","type":"L","timestamp":"2023-11-09 14:02:54"},{"nodeID":"1346914","text":"Asserting","type":"YA","timestamp":"2023-11-09 14:02:54"},{"nodeID":"1346915","text":"Default Transition","type":"TA","timestamp":"2023-11-09 14:02:54"},{"nodeID":"1346916","text":"we\u2019ve got a new Prime Minister","type":"I","timestamp":"2023-11-09 14:02:54"},{"nodeID":"1346917","text":"Mark Harper: We\u2019ve got a new Prime Minister","type":"L","timestamp":"2023-11-09 14:02:54"},{"nodeID":"1346918","text":"Analysing","type":"YA","timestamp":"2023-11-09 14:02:54"},{"nodeID":"1346919","text":"Rebecca: Mark Harper: We\u2019ve got a new Prime Minister","type":"L","timestamp":"2023-11-09 14:02:54"},{"nodeID":"1346920","text":"Asserting","type":"YA","timestamp":"2023-11-09 14:02:54"},{"nodeID":"1346921","text":"Default Transition","type":"TA","timestamp":"2023-11-09 14:02:54"},{"nodeID":"1346922","text":"Default Inference","type":"RA","timestamp":"2023-11-09 14:02:54"},{"nodeID":"1346923","text":"Arguing","type":"YA","timestamp":"2023-11-09 14:02:54"},{"nodeID":"1346924","text":"Default Inference","type":"RA","timestamp":"2023-11-09 14:02:54"},{"nodeID":"1346925","text":"Arguing","type":"YA","timestamp":"2023-11-09 14:02:54"}],"edges":[{"edgeID":"1764547","fromID":"1346799","toID":"1346798","formEdgeID":null},{"edgeID":"1764548","fromID":"1346800","toID":"1346799","formEdgeID":null},{"edgeID":"1764549","fromID":"1346798","toID":"1346801","formEdgeID":null},{"edgeID":"1764550","fromID":"1346801","toID":"1346797","formEdgeID":null},{"edgeID":"1764551","fromID":"1346804","toID":"1346803","formEdgeID":null},{"edgeID":"1764552","fromID":"1346805","toID":"1346804","formEdgeID":null},{"edgeID":"1764553","fromID":"1346803","toID":"1346806","formEdgeID":null},{"edgeID":"1764554","fromID":"1346806","toID":"1346802","formEdgeID":null},{"edgeID":"1764555","fromID":"1346798","toID":"1346807","formEdgeID":null},{"edgeID":"1764556","fromID":"1346807","toID":"1346803","formEdgeID":null},{"edgeID":"1764557","fromID":"1346802","toID":"1346808","formEdgeID":null},{"edgeID":"1764558","fromID":"1346808","toID":"1346797","formEdgeID":null},{"edgeID":"1764559","fromID":"1346807","toID":"1346809","formEdgeID":null},{"edgeID":"1764560","fromID":"1346809","toID":"1346808","formEdgeID":null},{"edgeID":"1764561","fromID":"1346812","toID":"1346811","formEdgeID":null},{"edgeID":"1764562","fromID":"1346813","toID":"1346812","formEdgeID":null},{"edgeID":"1764563","fromID":"1346811","toID":"1346814","formEdgeID":null},{"edgeID":"1764564","fromID":"1346814","toID":"1346810","formEdgeID":null},{"edgeID":"1764565","fromID":"1346817","toID":"1346816","formEdgeID":null},{"edgeID":"1764566","fromID":"1346818","toID":"1346817","formEdgeID":null},{"edgeID":"1764567","fromID":"1346816","toID":"1346819","formEdgeID":null},{"edgeID":"1764568","fromID":"1346819","toID":"1346815","formEdgeID":null},{"edgeID":"1764569","fromID":"1346803","toID":"1346820","formEdgeID":null},{"edgeID":"1764570","fromID":"1346820","toID":"1346816","formEdgeID":null},{"edgeID":"1764571","fromID":"1346815","toID":"1346821","formEdgeID":null},{"edgeID":"1764572","fromID":"1346821","toID":"1346802","formEdgeID":null},{"edgeID":"1764573","fromID":"1346816","toID":"1346822","formEdgeID":null},{"edgeID":"1764574","fromID":"1346822","toID":"1346811","formEdgeID":null},{"edgeID":"1764575","fromID":"1346810","toID":"1346823","formEdgeID":null},{"edgeID":"1764576","fromID":"1346823","toID":"1346815","formEdgeID":null},{"edgeID":"1764577","fromID":"1346822","toID":"1346824","formEdgeID":null},{"edgeID":"1764578","fromID":"1346824","toID":"1346823","formEdgeID":null},{"edgeID":"1764579","fromID":"1346820","toID":"1346825","formEdgeID":null},{"edgeID":"1764580","fromID":"1346825","toID":"1346821","formEdgeID":null},{"edgeID":"1764581","fromID":"1346828","toID":"1346827","formEdgeID":null},{"edgeID":"1764582","fromID":"1346829","toID":"1346828","formEdgeID":null},{"edgeID":"1764583","fromID":"1346827","toID":"1346830","formEdgeID":null},{"edgeID":"1764584","fromID":"1346830","toID":"1346826","formEdgeID":null},{"edgeID":"1764585","fromID":"1346811","toID":"1346831","formEdgeID":null},{"edgeID":"1764586","fromID":"1346831","toID":"1346827","formEdgeID":null},{"edgeID":"1764587","fromID":"1346834","toID":"1346833","formEdgeID":null},{"edgeID":"1764588","fromID":"1346835","toID":"1346834","formEdgeID":null},{"edgeID":"1764589","fromID":"1346833","toID":"1346836","formEdgeID":null},{"edgeID":"1764590","fromID":"1346836","toID":"1346832","formEdgeID":null},{"edgeID":"1764591","fromID":"1346803","toID":"1346837","formEdgeID":null},{"edgeID":"1764592","fromID":"1346837","toID":"1346833","formEdgeID":null},{"edgeID":"1764593","fromID":"1346832","toID":"1346838","formEdgeID":null},{"edgeID":"1764594","fromID":"1346838","toID":"1346802","formEdgeID":null},{"edgeID":"1764595","fromID":"1346837","toID":"1346839","formEdgeID":null},{"edgeID":"1764596","fromID":"1346839","toID":"1346838","formEdgeID":null},{"edgeID":"1764597","fromID":"1346840","toID":"1346796","formEdgeID":null},{"edgeID":"1764598","fromID":"1346841","toID":"1346840","formEdgeID":null},{"edgeID":"1764599","fromID":"1346844","toID":"1346843","formEdgeID":null},{"edgeID":"1764600","fromID":"1346845","toID":"1346844","formEdgeID":null},{"edgeID":"1764601","fromID":"1346843","toID":"1346846","formEdgeID":null},{"edgeID":"1764602","fromID":"1346846","toID":"1346842","formEdgeID":null},{"edgeID":"1764603","fromID":"1346849","toID":"1346848","formEdgeID":null},{"edgeID":"1764604","fromID":"1346850","toID":"1346849","formEdgeID":null},{"edgeID":"1764605","fromID":"1346848","toID":"1346851","formEdgeID":null},{"edgeID":"1764606","fromID":"1346851","toID":"1346847","formEdgeID":null},{"edgeID":"1764607","fromID":"1346833","toID":"1346852","formEdgeID":null},{"edgeID":"1764608","fromID":"1346852","toID":"1346848","formEdgeID":null},{"edgeID":"1764609","fromID":"1346832","toID":"1346853","formEdgeID":null},{"edgeID":"1764610","fromID":"1346853","toID":"1346847","formEdgeID":null},{"edgeID":"1764611","fromID":"1346852","toID":"1346854","formEdgeID":null},{"edgeID":"1764612","fromID":"1346854","toID":"1346853","formEdgeID":null},{"edgeID":"1764613","fromID":"1346848","toID":"1346855","formEdgeID":null},{"edgeID":"1764614","fromID":"1346855","toID":"1346796","formEdgeID":null},{"edgeID":"1764615","fromID":"1346796","toID":"1346856","formEdgeID":null},{"edgeID":"1764616","fromID":"1346856","toID":"1346847","formEdgeID":null},{"edgeID":"1764617","fromID":"1346848","toID":"1346857","formEdgeID":null},{"edgeID":"1764618","fromID":"1346857","toID":"1346843","formEdgeID":null},{"edgeID":"1764619","fromID":"1346842","toID":"1346858","formEdgeID":null},{"edgeID":"1764620","fromID":"1346858","toID":"1346847","formEdgeID":null},{"edgeID":"1764621","fromID":"1346857","toID":"1346859","formEdgeID":null},{"edgeID":"1764622","fromID":"1346859","toID":"1346858","formEdgeID":null},{"edgeID":"1764623","fromID":"1346862","toID":"1346861","formEdgeID":null},{"edgeID":"1764624","fromID":"1346863","toID":"1346862","formEdgeID":null},{"edgeID":"1764625","fromID":"1346861","toID":"1346864","formEdgeID":null},{"edgeID":"1764626","fromID":"1346864","toID":"1346860","formEdgeID":null},{"edgeID":"1764627","fromID":"1346843","toID":"1346865","formEdgeID":null},{"edgeID":"1764628","fromID":"1346865","toID":"1346861","formEdgeID":null},{"edgeID":"1764629","fromID":"1346860","toID":"1346866","formEdgeID":null},{"edgeID":"1764630","fromID":"1346866","toID":"1346842","formEdgeID":null},{"edgeID":"1764631","fromID":"1346865","toID":"1346867","formEdgeID":null},{"edgeID":"1764632","fromID":"1346867","toID":"1346866","formEdgeID":null},{"edgeID":"1764633","fromID":"1346870","toID":"1346869","formEdgeID":null},{"edgeID":"1764634","fromID":"1346871","toID":"1346870","formEdgeID":null},{"edgeID":"1764635","fromID":"1346869","toID":"1346872","formEdgeID":null},{"edgeID":"1764636","fromID":"1346872","toID":"1346868","formEdgeID":null},{"edgeID":"1764637","fromID":"1346861","toID":"1346873","formEdgeID":null},{"edgeID":"1764638","fromID":"1346873","toID":"1346869","formEdgeID":null},{"edgeID":"1764639","fromID":"1346860","toID":"1346874","formEdgeID":null},{"edgeID":"1764640","fromID":"1346874","toID":"1346868","formEdgeID":null},{"edgeID":"1764641","fromID":"1346873","toID":"1346875","formEdgeID":null},{"edgeID":"1764642","fromID":"1346875","toID":"1346874","formEdgeID":null},{"edgeID":"1764643","fromID":"1346878","toID":"1346877","formEdgeID":null},{"edgeID":"1764644","fromID":"1346879","toID":"1346878","formEdgeID":null},{"edgeID":"1764645","fromID":"1346877","toID":"1346880","formEdgeID":null},{"edgeID":"1764646","fromID":"1346880","toID":"1346876","formEdgeID":null},{"edgeID":"1764647","fromID":"1346869","toID":"1346881","formEdgeID":null},{"edgeID":"1764648","fromID":"1346881","toID":"1346877","formEdgeID":null},{"edgeID":"1764649","fromID":"1346876","toID":"1346882","formEdgeID":null},{"edgeID":"1764650","fromID":"1346882","toID":"1346868","formEdgeID":null},{"edgeID":"1764651","fromID":"1346881","toID":"1346883","formEdgeID":null},{"edgeID":"1764652","fromID":"1346883","toID":"1346882","formEdgeID":null},{"edgeID":"1764653","fromID":"1346886","toID":"1346885","formEdgeID":null},{"edgeID":"1764654","fromID":"1346887","toID":"1346886","formEdgeID":null},{"edgeID":"1764655","fromID":"1346885","toID":"1346888","formEdgeID":null},{"edgeID":"1764656","fromID":"1346888","toID":"1346884","formEdgeID":null},{"edgeID":"1764657","fromID":"1346877","toID":"1346889","formEdgeID":null},{"edgeID":"1764658","fromID":"1346889","toID":"1346885","formEdgeID":null},{"edgeID":"1764659","fromID":"1346884","toID":"1346890","formEdgeID":null},{"edgeID":"1764660","fromID":"1346890","toID":"1346876","formEdgeID":null},{"edgeID":"1764661","fromID":"1346889","toID":"1346891","formEdgeID":null},{"edgeID":"1764662","fromID":"1346891","toID":"1346890","formEdgeID":null},{"edgeID":"1764663","fromID":"1346894","toID":"1346893","formEdgeID":null},{"edgeID":"1764664","fromID":"1346895","toID":"1346894","formEdgeID":null},{"edgeID":"1764665","fromID":"1346893","toID":"1346896","formEdgeID":null},{"edgeID":"1764666","fromID":"1346896","toID":"1346892","formEdgeID":null},{"edgeID":"1764667","fromID":"1346885","toID":"1346897","formEdgeID":null},{"edgeID":"1764668","fromID":"1346897","toID":"1346893","formEdgeID":null},{"edgeID":"1764669","fromID":"1346884","toID":"1346898","formEdgeID":null},{"edgeID":"1764670","fromID":"1346898","toID":"1346892","formEdgeID":null},{"edgeID":"1764671","fromID":"1346897","toID":"1346899","formEdgeID":null},{"edgeID":"1764672","fromID":"1346899","toID":"1346898","formEdgeID":null},{"edgeID":"1764673","fromID":"1346815","toID":"1346898","formEdgeID":null},{"edgeID":"1764674","fromID":"1346816","toID":"1346900","formEdgeID":null},{"edgeID":"1764675","fromID":"1346900","toID":"1346893","formEdgeID":null},{"edgeID":"1764676","fromID":"1346868","toID":"1346898","formEdgeID":null},{"edgeID":"1764677","fromID":"1346869","toID":"1346901","formEdgeID":null},{"edgeID":"1764678","fromID":"1346901","toID":"1346893","formEdgeID":null},{"edgeID":"1764679","fromID":"1346904","toID":"1346903","formEdgeID":null},{"edgeID":"1764680","fromID":"1346905","toID":"1346904","formEdgeID":null},{"edgeID":"1764681","fromID":"1346903","toID":"1346906","formEdgeID":null},{"edgeID":"1764682","fromID":"1346906","toID":"1346902","formEdgeID":null},{"edgeID":"1764683","fromID":"1346885","toID":"1346907","formEdgeID":null},{"edgeID":"1764684","fromID":"1346907","toID":"1346903","formEdgeID":null},{"edgeID":"1764685","fromID":"1346902","toID":"1346908","formEdgeID":null},{"edgeID":"1764686","fromID":"1346908","toID":"1346884","formEdgeID":null},{"edgeID":"1764687","fromID":"1346907","toID":"1346909","formEdgeID":null},{"edgeID":"1764688","fromID":"1346909","toID":"1346908","formEdgeID":null},{"edgeID":"1764689","fromID":"1346912","toID":"1346911","formEdgeID":null},{"edgeID":"1764690","fromID":"1346913","toID":"1346912","formEdgeID":null},{"edgeID":"1764691","fromID":"1346911","toID":"1346914","formEdgeID":null},{"edgeID":"1764692","fromID":"1346914","toID":"1346910","formEdgeID":null},{"edgeID":"1764693","fromID":"1346903","toID":"1346915","formEdgeID":null},{"edgeID":"1764694","fromID":"1346915","toID":"1346911","formEdgeID":null},{"edgeID":"1764695","fromID":"1346918","toID":"1346917","formEdgeID":null},{"edgeID":"1764696","fromID":"1346919","toID":"1346918","formEdgeID":null},{"edgeID":"1764697","fromID":"1346917","toID":"1346920","formEdgeID":null},{"edgeID":"1764698","fromID":"1346920","toID":"1346916","formEdgeID":null},{"edgeID":"1764699","fromID":"1346911","toID":"1346921","formEdgeID":null},{"edgeID":"1764700","fromID":"1346921","toID":"1346917","formEdgeID":null},{"edgeID":"1764701","fromID":"1346910","toID":"1346922","formEdgeID":null},{"edgeID":"1764702","fromID":"1346922","toID":"1346916","formEdgeID":null},{"edgeID":"1764703","fromID":"1346921","toID":"1346923","formEdgeID":null},{"edgeID":"1764704","fromID":"1346923","toID":"1346922","formEdgeID":null},{"edgeID":"1764705","fromID":"1346910","toID":"1346924","formEdgeID":null},{"edgeID":"1764706","fromID":"1346924","toID":"1346902","formEdgeID":null},{"edgeID":"1764707","fromID":"1346915","toID":"1346925","formEdgeID":null},{"edgeID":"1764708","fromID":"1346925","toID":"1346924","formEdgeID":null}],"locutions":[]}