{"nodes":[{"nodeID":"1307789","text":"Emily Thornberry is sorry","type":"I","timestamp":"2023-11-09 13:06:20"},{"nodeID":"1345521","text":"the Labour Party wants to have the opportunity to serve you","type":"I","timestamp":"2023-11-09 14:00:56"},{"nodeID":"1345522","text":"Emily Thornberry: the Labour Party wants to have the opportunity to serve you","type":"L","timestamp":"2023-11-09 14:00:56"},{"nodeID":"1345523","text":"Analysing","type":"YA","timestamp":"2023-11-09 14:00:56"},{"nodeID":"1345524","text":"Dominika: Emily Thornberry: the Labour Party wants to have the opportunity to serve you","type":"L","timestamp":"2023-11-09 14:00:56"},{"nodeID":"1345525","text":"Asserting","type":"YA","timestamp":"2023-11-09 14:00:56"},{"nodeID":"1345526","text":"we need to be able to gain your trust","type":"I","timestamp":"2023-11-09 14:00:57"},{"nodeID":"1345527","text":"Emily Thornberry: we need to be able to gain your trust","type":"L","timestamp":"2023-11-09 14:00:57"},{"nodeID":"1345528","text":"Analysing","type":"YA","timestamp":"2023-11-09 14:00:57"},{"nodeID":"1345529","text":"Dominika: Emily Thornberry: we need to be able to gain your trust","type":"L","timestamp":"2023-11-09 14:00:57"},{"nodeID":"1345530","text":"Asserting","type":"YA","timestamp":"2023-11-09 14:00:57"},{"nodeID":"1345531","text":"Default Transition","type":"TA","timestamp":"2023-11-09 14:00:57"},{"nodeID":"1345532","text":"Default Inference","type":"RA","timestamp":"2023-11-09 14:00:57"},{"nodeID":"1345533","text":"Arguing","type":"YA","timestamp":"2023-11-09 14:00:57"},{"nodeID":"1345534","text":"the behaviour of this current government is such whereby people like Erica Peas see politicians","type":"I","timestamp":"2023-11-09 14:00:57"},{"nodeID":"1345535","text":"Emily Thornberry: the behaviour of this current government is such whereby people like you, Erica, you say politicians","type":"L","timestamp":"2023-11-09 14:00:57"},{"nodeID":"1345536","text":"Analysing","type":"YA","timestamp":"2023-11-09 14:00:57"},{"nodeID":"1345537","text":"Dominika: Emily Thornberry: the behaviour of this current government is such whereby people like you, Erica, you say politicians","type":"L","timestamp":"2023-11-09 14:00:57"},{"nodeID":"1345538","text":"Asserting","type":"YA","timestamp":"2023-11-09 14:00:57"},{"nodeID":"1345539","text":"Default Transition","type":"TA","timestamp":"2023-11-09 14:00:57"},{"nodeID":"1345540","text":"Erica Peas sees Emily Thornberry through the lens of this current government","type":"I","timestamp":"2023-11-09 14:00:58"},{"nodeID":"1345541","text":"Emily Thornberry: that means me too","type":"L","timestamp":"2023-11-09 14:00:58"},{"nodeID":"1345542","text":"Analysing","type":"YA","timestamp":"2023-11-09 14:00:58"},{"nodeID":"1345543","text":"Dominika: Emily Thornberry: that means me too","type":"L","timestamp":"2023-11-09 14:00:58"},{"nodeID":"1345544","text":"Asserting","type":"YA","timestamp":"2023-11-09 14:00:58"},{"nodeID":"1345545","text":"Default Transition","type":"TA","timestamp":"2023-11-09 14:00:58"},{"nodeID":"1345546","text":"Default Rephrase","type":"MA","timestamp":"2023-11-09 14:00:58"},{"nodeID":"1345547","text":"Restating","type":"YA","timestamp":"2023-11-09 14:00:58"},{"nodeID":"1345548","text":"Emily Thornberry doesn't behave like people in the current government","type":"I","timestamp":"2023-11-09 14:00:58"},{"nodeID":"1345549","text":"Emily Thornberry: I don\u2019t behave like that","type":"L","timestamp":"2023-11-09 14:00:58"},{"nodeID":"1345550","text":"Analysing","type":"YA","timestamp":"2023-11-09 14:00:58"},{"nodeID":"1345551","text":"Dominika: Emily Thornberry: I don\u2019t behave like that","type":"L","timestamp":"2023-11-09 14:00:58"},{"nodeID":"1345552","text":"Asserting","type":"YA","timestamp":"2023-11-09 14:00:58"},{"nodeID":"1345553","text":"Default Transition","type":"TA","timestamp":"2023-11-09 14:00:58"},{"nodeID":"1345554","text":"Default Conflict","type":"CA","timestamp":"2023-11-09 14:00:58"},{"nodeID":"1345555","text":"Disagreeing","type":"YA","timestamp":"2023-11-09 14:00:58"},{"nodeID":"1345556","text":"the problem is that we all get tarred with that brush","type":"I","timestamp":"2023-11-09 14:00:59"},{"nodeID":"1345557","text":"Emily Thornberry:  the problem is that we all get tarred with that brush","type":"L","timestamp":"2023-11-09 14:00:59"},{"nodeID":"1345558","text":"Analysing","type":"YA","timestamp":"2023-11-09 14:00:59"},{"nodeID":"1345559","text":"Dominika: Emily Thornberry:  the problem is that we all get tarred with that brush","type":"L","timestamp":"2023-11-09 14:00:59"},{"nodeID":"1345560","text":"Asserting","type":"YA","timestamp":"2023-11-09 14:00:59"},{"nodeID":"1345561","text":"Default Rephrase","type":"MA","timestamp":"2023-11-09 14:00:59"},{"nodeID":"1345562","text":"Default Transition","type":"TA","timestamp":"2023-11-09 14:00:59"},{"nodeID":"1345563","text":"Restating","type":"YA","timestamp":"2023-11-09 14:00:59"},{"nodeID":"1345564","text":"that\u2019s not right that all the politicians get tarred with that brush","type":"I","timestamp":"2023-11-09 14:01:00"},{"nodeID":"1345565","text":"Emily Thornberry:  that\u2019s not right","type":"L","timestamp":"2023-11-09 14:01:00"},{"nodeID":"1345566","text":"Analysing","type":"YA","timestamp":"2023-11-09 14:01:00"},{"nodeID":"1345567","text":"Dominika: Emily Thornberry:  that\u2019s not right","type":"L","timestamp":"2023-11-09 14:01:00"},{"nodeID":"1345568","text":"Asserting","type":"YA","timestamp":"2023-11-09 14:01:00"},{"nodeID":"1345569","text":"Default Transition","type":"TA","timestamp":"2023-11-09 14:01:00"},{"nodeID":"1345570","text":"there are people who are called to public service","type":"I","timestamp":"2023-11-09 14:01:00"},{"nodeID":"1345571","text":"Emily Thornberry: there are people who are called to public service","type":"L","timestamp":"2023-11-09 14:01:00"},{"nodeID":"1345572","text":"Analysing","type":"YA","timestamp":"2023-11-09 14:01:00"},{"nodeID":"1345573","text":"Dominika: Emily Thornberry: there are people who are called to public service","type":"L","timestamp":"2023-11-09 14:01:00"},{"nodeID":"1345574","text":"Asserting","type":"YA","timestamp":"2023-11-09 14:01:00"},{"nodeID":"1345575","text":"people who are called to public service can either be nurses, some of them become politicians","type":"I","timestamp":"2023-11-09 14:01:01"},{"nodeID":"1345576","text":"Emily Thornberry: they can either be nurses, some of them become politicians","type":"L","timestamp":"2023-11-09 14:01:01"},{"nodeID":"1345577","text":"Analysing","type":"YA","timestamp":"2023-11-09 14:01:01"},{"nodeID":"1345578","text":"Dominika: Emily Thornberry: they can either be nurses, some of them become politicians","type":"L","timestamp":"2023-11-09 14:01:01"},{"nodeID":"1345579","text":"Asserting","type":"YA","timestamp":"2023-11-09 14:01:01"},{"nodeID":"1345580","text":"Default Transition","type":"TA","timestamp":"2023-11-09 14:01:01"},{"nodeID":"1345581","text":"Default Transition","type":"TA","timestamp":"2023-11-09 14:01:01"},{"nodeID":"1345582","text":"Default Inference","type":"RA","timestamp":"2023-11-09 14:01:01"},{"nodeID":"1345583","text":"Arguing","type":"YA","timestamp":"2023-11-09 14:01:01"},{"nodeID":"1345584","text":"Default Rephrase","type":"MA","timestamp":"2023-11-09 14:01:01"},{"nodeID":"1345585","text":"Restating","type":"YA","timestamp":"2023-11-09 14:01:01"},{"nodeID":"1345586","text":"looking at politicians as being called to public service is a very old fashioned way of looking at it","type":"I","timestamp":"2023-11-09 14:01:02"},{"nodeID":"1345587","text":"Emily Thornberry: that\u2019s a very old fashioned way of looking at it","type":"L","timestamp":"2023-11-09 14:01:02"},{"nodeID":"1345588","text":"Analysing","type":"YA","timestamp":"2023-11-09 14:01:02"},{"nodeID":"1345589","text":"Dominika: Emily Thornberry: that\u2019s a very old fashioned way of looking at it","type":"L","timestamp":"2023-11-09 14:01:02"},{"nodeID":"1345590","text":"Asserting","type":"YA","timestamp":"2023-11-09 14:01:02"},{"nodeID":"1345591","text":"Default Transition","type":"TA","timestamp":"2023-11-09 14:01:02"},{"nodeID":"1345592","text":"the modern way of looking at politicians is to laugh at us or to sneer at us","type":"I","timestamp":"2023-11-09 14:01:02"},{"nodeID":"1345593","text":"Emily Thornberry: the modern way of looking at politicians is to laugh at us or to sneer at us","type":"L","timestamp":"2023-11-09 14:01:02"},{"nodeID":"1345594","text":"Analysing","type":"YA","timestamp":"2023-11-09 14:01:02"},{"nodeID":"1345595","text":"Dominika: Emily Thornberry: the modern way of looking at politicians is to laugh at us or to sneer at us","type":"L","timestamp":"2023-11-09 14:01:02"},{"nodeID":"1345596","text":"Asserting","type":"YA","timestamp":"2023-11-09 14:01:02"},{"nodeID":"1345597","text":"Default Transition","type":"TA","timestamp":"2023-11-09 14:01:02"},{"nodeID":"1345598","text":"Default Rephrase","type":"MA","timestamp":"2023-11-09 14:01:02"},{"nodeID":"1345599","text":"Restating","type":"YA","timestamp":"2023-11-09 14:01:02"},{"nodeID":"1345600","text":"some of us are involved in politics in order to try and make the world better","type":"I","timestamp":"2023-11-09 14:01:03"},{"nodeID":"1345601","text":"Emily Thornberry: some of us are involved in politics in order to try and make the world better","type":"L","timestamp":"2023-11-09 14:01:03"},{"nodeID":"1345602","text":"Analysing","type":"YA","timestamp":"2023-11-09 14:01:03"},{"nodeID":"1345603","text":"Dominika: Emily Thornberry: some of us are involved in politics in order to try and make the world better","type":"L","timestamp":"2023-11-09 14:01:03"},{"nodeID":"1345604","text":"Asserting","type":"YA","timestamp":"2023-11-09 14:01:03"},{"nodeID":"1345605","text":"Default Transition","type":"TA","timestamp":"2023-11-09 14:01:03"},{"nodeID":"1345606","text":"we\u2019re not there to feather our nests or to line our pockets or eat bugs or anything else","type":"I","timestamp":"2023-11-09 14:01:04"},{"nodeID":"1345607","text":"Emily Thornberry: we\u2019re not there to feather our nests or to line our pockets or eat bugs or anything else","type":"L","timestamp":"2023-11-09 14:01:04"},{"nodeID":"1345608","text":"Analysing","type":"YA","timestamp":"2023-11-09 14:01:04"},{"nodeID":"1345609","text":"Dominika: Emily Thornberry: we\u2019re not there to feather our nests or to line our pockets or eat bugs or anything else","type":"L","timestamp":"2023-11-09 14:01:04"},{"nodeID":"1345610","text":"Asserting","type":"YA","timestamp":"2023-11-09 14:01:04"},{"nodeID":"1345611","text":"Default Transition","type":"TA","timestamp":"2023-11-09 14:01:04"},{"nodeID":"1345612","text":"Default Conflict","type":"CA","timestamp":"2023-11-09 14:01:04"},{"nodeID":"1345613","text":"Disagreeing","type":"YA","timestamp":"2023-11-09 14:01:04"},{"nodeID":"1345614","text":"Default Rephrase","type":"MA","timestamp":"2023-11-09 14:01:04"},{"nodeID":"1345615","text":"Restating","type":"YA","timestamp":"2023-11-09 14:01:04"},{"nodeID":"1345616","text":"some politicians are trying to make the world a better place","type":"I","timestamp":"2023-11-09 14:01:04"},{"nodeID":"1345617","text":"Emily Thornberry: Just trying to make the world a better place","type":"L","timestamp":"2023-11-09 14:01:04"},{"nodeID":"1345618","text":"Analysing","type":"YA","timestamp":"2023-11-09 14:01:04"},{"nodeID":"1345619","text":"Dominika: Emily Thornberry: Just trying to make the world a better place","type":"L","timestamp":"2023-11-09 14:01:04"},{"nodeID":"1345620","text":"Asserting","type":"YA","timestamp":"2023-11-09 14:01:04"},{"nodeID":"1345621","text":"some politicians are trying to make the world a better place through public service","type":"I","timestamp":"2023-11-09 14:01:05"},{"nodeID":"1345622","text":"Emily Thornberry: trying to do it through public service","type":"L","timestamp":"2023-11-09 14:01:05"},{"nodeID":"1345623","text":"Analysing","type":"YA","timestamp":"2023-11-09 14:01:05"},{"nodeID":"1345624","text":"Dominika: Emily Thornberry: trying to do it through public service","type":"L","timestamp":"2023-11-09 14:01:05"},{"nodeID":"1345625","text":"Asserting","type":"YA","timestamp":"2023-11-09 14:01:05"},{"nodeID":"1345626","text":"Default Transition","type":"TA","timestamp":"2023-11-09 14:01:05"},{"nodeID":"1345627","text":"Default Transition","type":"TA","timestamp":"2023-11-09 14:01:05"},{"nodeID":"1345628","text":"Default Rephrase","type":"MA","timestamp":"2023-11-09 14:01:05"},{"nodeID":"1345629","text":"Default Rephrase","type":"MA","timestamp":"2023-11-09 14:01:05"},{"nodeID":"1345630","text":"Restating","type":"YA","timestamp":"2023-11-09 14:01:05"},{"nodeID":"1345631","text":"Restating","type":"YA","timestamp":"2023-11-09 14:01:05"},{"nodeID":"1345632","text":"we need to gain the public","type":"I","timestamp":"2023-11-09 14:01:06"},{"nodeID":"1345633","text":"Emily Thornberry: we need to gain the public","type":"L","timestamp":"2023-11-09 14:01:06"},{"nodeID":"1345634","text":"Analysing","type":"YA","timestamp":"2023-11-09 14:01:06"},{"nodeID":"1345635","text":"Dominika: Emily Thornberry: we need to gain the public","type":"L","timestamp":"2023-11-09 14:01:06"},{"nodeID":"1345636","text":"Asserting","type":"YA","timestamp":"2023-11-09 14:01:06"},{"nodeID":"1345637","text":"Default Transition","type":"TA","timestamp":"2023-11-09 14:01:06"},{"nodeID":"1345638","text":"Emily Thornberry: I\u2019m sorry","type":"L","timestamp":"2023-11-09 14:01:06"},{"nodeID":"1345639","text":"Analysing","type":"YA","timestamp":"2023-11-09 14:01:06"},{"nodeID":"1345640","text":"Dominika: Emily Thornberry: I\u2019m sorry","type":"L","timestamp":"2023-11-09 14:01:06"},{"nodeID":"1345641","text":"Asserting","type":"YA","timestamp":"2023-11-09 14:01:06"},{"nodeID":"1345642","text":"Default Transition","type":"TA","timestamp":"2023-11-09 14:01:06"},{"nodeID":"1345643","text":"Emily Thornberry knows she's ranting","type":"I","timestamp":"2023-11-09 14:01:06"},{"nodeID":"1345644","text":"Emily Thornberry:  I know, I appreciate I\u2019m ranting","type":"L","timestamp":"2023-11-09 14:01:06"},{"nodeID":"1345645","text":"Analysing","type":"YA","timestamp":"2023-11-09 14:01:06"},{"nodeID":"1345646","text":"Dominika: Emily Thornberry:  I know, I appreciate I\u2019m ranting","type":"L","timestamp":"2023-11-09 14:01:06"},{"nodeID":"1345647","text":"Asserting","type":"YA","timestamp":"2023-11-09 14:01:06"},{"nodeID":"1345648","text":"Emily Thornberry does feel very strongly about being involved in politics to make the world a better place","type":"I","timestamp":"2023-11-09 14:01:07"},{"nodeID":"1345649","text":"Emily Thornberry: I do feel very strongly about this","type":"L","timestamp":"2023-11-09 14:01:07"},{"nodeID":"1345650","text":"Analysing","type":"YA","timestamp":"2023-11-09 14:01:07"},{"nodeID":"1345651","text":"Dominika: Emily Thornberry: I do feel very strongly about this","type":"L","timestamp":"2023-11-09 14:01:07"},{"nodeID":"1345652","text":"Asserting","type":"YA","timestamp":"2023-11-09 14:01:07"},{"nodeID":"1345653","text":"Default Transition","type":"TA","timestamp":"2023-11-09 14:01:07"},{"nodeID":"1345654","text":"Default Transition","type":"TA","timestamp":"2023-11-09 14:01:07"},{"nodeID":"1345655","text":"Default Inference","type":"RA","timestamp":"2023-11-09 14:01:07"},{"nodeID":"1345656","text":"Arguing","type":"YA","timestamp":"2023-11-09 14:01:07"},{"nodeID":"1345657","text":"Default Conflict","type":"CA","timestamp":"2023-11-09 14:01:07"},{"nodeID":"1345658","text":"Disagreeing","type":"YA","timestamp":"2023-11-09 14:01:07"},{"nodeID":"1345659","text":"Emily Thornberry feels very strongly that whenever we see this it\u2019s yet another example","type":"I","timestamp":"2023-11-09 14:01:07"},{"nodeID":"1345660","text":"Emily Thornberry: I feel very strongly that whenever we see this it\u2019s yet another example","type":"L","timestamp":"2023-11-09 14:01:07"},{"nodeID":"1345661","text":"Analysing","type":"YA","timestamp":"2023-11-09 14:01:07"},{"nodeID":"1345662","text":"Dominika: Emily Thornberry: I feel very strongly that whenever we see this it\u2019s yet another example","type":"L","timestamp":"2023-11-09 14:01:07"},{"nodeID":"1345663","text":"Asserting","type":"YA","timestamp":"2023-11-09 14:01:07"},{"nodeID":"1345664","text":"Default Transition","type":"TA","timestamp":"2023-11-09 14:01:07"},{"nodeID":"1345665","text":"Default Rephrase","type":"MA","timestamp":"2023-11-09 14:01:07"},{"nodeID":"1345666","text":"Restating","type":"YA","timestamp":"2023-11-09 14:01:07"},{"nodeID":"1345667","text":"people will think that politicians are all the same","type":"I","timestamp":"2023-11-09 14:01:08"},{"nodeID":"1345668","text":"Emily Thornberry: people will be thinking uh, politicians, you\u2019re all the same","type":"L","timestamp":"2023-11-09 14:01:08"},{"nodeID":"1345669","text":"Analysing","type":"YA","timestamp":"2023-11-09 14:01:08"},{"nodeID":"1345670","text":"Dominika: Emily Thornberry: people will be thinking uh, politicians, you\u2019re all the same","type":"L","timestamp":"2023-11-09 14:01:08"},{"nodeID":"1345671","text":"Asserting","type":"YA","timestamp":"2023-11-09 14:01:08"},{"nodeID":"1345672","text":"Default Transition","type":"TA","timestamp":"2023-11-09 14:01:08"},{"nodeID":"1345673","text":"not all politicians are the same","type":"I","timestamp":"2023-11-09 14:01:09"},{"nodeID":"1345674","text":"Emily Thornberry: We\u2019re not","type":"L","timestamp":"2023-11-09 14:01:09"},{"nodeID":"1345675","text":"Analysing","type":"YA","timestamp":"2023-11-09 14:01:09"},{"nodeID":"1345676","text":"Dominika: Emily Thornberry: We\u2019re not","type":"L","timestamp":"2023-11-09 14:01:09"},{"nodeID":"1345677","text":"Asserting","type":"YA","timestamp":"2023-11-09 14:01:09"},{"nodeID":"1345678","text":"Default Transition","type":"TA","timestamp":"2023-11-09 14:01:09"},{"nodeID":"1345679","text":"Default Conflict","type":"CA","timestamp":"2023-11-09 14:01:09"},{"nodeID":"1345680","text":"Disagreeing","type":"YA","timestamp":"2023-11-09 14:01:09"},{"nodeID":"1345681","text":"Default Rephrase","type":"MA","timestamp":"2023-11-09 14:01:09"},{"nodeID":"1345682","text":"Restating","type":"YA","timestamp":"2023-11-09 14:01:09"}],"edges":[{"edgeID":"1763021","fromID":"1345523","toID":"1345522","formEdgeID":null},{"edgeID":"1763022","fromID":"1345524","toID":"1345523","formEdgeID":null},{"edgeID":"1763023","fromID":"1345522","toID":"1345525","formEdgeID":null},{"edgeID":"1763024","fromID":"1345525","toID":"1345521","formEdgeID":null},{"edgeID":"1763025","fromID":"1345528","toID":"1345527","formEdgeID":null},{"edgeID":"1763026","fromID":"1345529","toID":"1345528","formEdgeID":null},{"edgeID":"1763027","fromID":"1345527","toID":"1345530","formEdgeID":null},{"edgeID":"1763028","fromID":"1345530","toID":"1345526","formEdgeID":null},{"edgeID":"1763029","fromID":"1345522","toID":"1345531","formEdgeID":null},{"edgeID":"1763030","fromID":"1345531","toID":"1345527","formEdgeID":null},{"edgeID":"1763031","fromID":"1345526","toID":"1345532","formEdgeID":null},{"edgeID":"1763032","fromID":"1345532","toID":"1345521","formEdgeID":null},{"edgeID":"1763033","fromID":"1345531","toID":"1345533","formEdgeID":null},{"edgeID":"1763034","fromID":"1345533","toID":"1345532","formEdgeID":null},{"edgeID":"1763035","fromID":"1345536","toID":"1345535","formEdgeID":null},{"edgeID":"1763036","fromID":"1345537","toID":"1345536","formEdgeID":null},{"edgeID":"1763037","fromID":"1345535","toID":"1345538","formEdgeID":null},{"edgeID":"1763038","fromID":"1345538","toID":"1345534","formEdgeID":null},{"edgeID":"1763039","fromID":"1345527","toID":"1345539","formEdgeID":null},{"edgeID":"1763040","fromID":"1345539","toID":"1345535","formEdgeID":null},{"edgeID":"1763041","fromID":"1345542","toID":"1345541","formEdgeID":null},{"edgeID":"1763042","fromID":"1345543","toID":"1345542","formEdgeID":null},{"edgeID":"1763043","fromID":"1345541","toID":"1345544","formEdgeID":null},{"edgeID":"1763044","fromID":"1345544","toID":"1345540","formEdgeID":null},{"edgeID":"1763045","fromID":"1345535","toID":"1345545","formEdgeID":null},{"edgeID":"1763046","fromID":"1345545","toID":"1345541","formEdgeID":null},{"edgeID":"1763047","fromID":"1345540","toID":"1345546","formEdgeID":null},{"edgeID":"1763048","fromID":"1345546","toID":"1345534","formEdgeID":null},{"edgeID":"1763049","fromID":"1345545","toID":"1345547","formEdgeID":null},{"edgeID":"1763050","fromID":"1345547","toID":"1345546","formEdgeID":null},{"edgeID":"1763051","fromID":"1345550","toID":"1345549","formEdgeID":null},{"edgeID":"1763052","fromID":"1345551","toID":"1345550","formEdgeID":null},{"edgeID":"1763053","fromID":"1345549","toID":"1345552","formEdgeID":null},{"edgeID":"1763054","fromID":"1345552","toID":"1345548","formEdgeID":null},{"edgeID":"1763055","fromID":"1345541","toID":"1345553","formEdgeID":null},{"edgeID":"1763056","fromID":"1345553","toID":"1345549","formEdgeID":null},{"edgeID":"1763057","fromID":"1345548","toID":"1345554","formEdgeID":null},{"edgeID":"1763058","fromID":"1345554","toID":"1345540","formEdgeID":null},{"edgeID":"1763059","fromID":"1345553","toID":"1345555","formEdgeID":null},{"edgeID":"1763060","fromID":"1345555","toID":"1345554","formEdgeID":null},{"edgeID":"1763061","fromID":"1345558","toID":"1345557","formEdgeID":null},{"edgeID":"1763062","fromID":"1345559","toID":"1345558","formEdgeID":null},{"edgeID":"1763063","fromID":"1345557","toID":"1345560","formEdgeID":null},{"edgeID":"1763064","fromID":"1345560","toID":"1345556","formEdgeID":null},{"edgeID":"1763065","fromID":"1345556","toID":"1345561","formEdgeID":null},{"edgeID":"1763066","fromID":"1345561","toID":"1345540","formEdgeID":null},{"edgeID":"1763067","fromID":"1345541","toID":"1345562","formEdgeID":null},{"edgeID":"1763068","fromID":"1345562","toID":"1345557","formEdgeID":null},{"edgeID":"1763069","fromID":"1345562","toID":"1345563","formEdgeID":null},{"edgeID":"1763070","fromID":"1345563","toID":"1345561","formEdgeID":null},{"edgeID":"1763071","fromID":"1345566","toID":"1345565","formEdgeID":null},{"edgeID":"1763072","fromID":"1345567","toID":"1345566","formEdgeID":null},{"edgeID":"1763073","fromID":"1345565","toID":"1345568","formEdgeID":null},{"edgeID":"1763074","fromID":"1345568","toID":"1345564","formEdgeID":null},{"edgeID":"1763075","fromID":"1345557","toID":"1345569","formEdgeID":null},{"edgeID":"1763076","fromID":"1345569","toID":"1345565","formEdgeID":null},{"edgeID":"1763077","fromID":"1345572","toID":"1345571","formEdgeID":null},{"edgeID":"1763078","fromID":"1345573","toID":"1345572","formEdgeID":null},{"edgeID":"1763079","fromID":"1345571","toID":"1345574","formEdgeID":null},{"edgeID":"1763080","fromID":"1345574","toID":"1345570","formEdgeID":null},{"edgeID":"1763081","fromID":"1345577","toID":"1345576","formEdgeID":null},{"edgeID":"1763082","fromID":"1345578","toID":"1345577","formEdgeID":null},{"edgeID":"1763083","fromID":"1345576","toID":"1345579","formEdgeID":null},{"edgeID":"1763084","fromID":"1345579","toID":"1345575","formEdgeID":null},{"edgeID":"1763085","fromID":"1345565","toID":"1345580","formEdgeID":null},{"edgeID":"1763086","fromID":"1345580","toID":"1345571","formEdgeID":null},{"edgeID":"1763087","fromID":"1345571","toID":"1345581","formEdgeID":null},{"edgeID":"1763088","fromID":"1345581","toID":"1345576","formEdgeID":null},{"edgeID":"1763089","fromID":"1345570","toID":"1345582","formEdgeID":null},{"edgeID":"1763090","fromID":"1345582","toID":"1345564","formEdgeID":null},{"edgeID":"1763091","fromID":"1345580","toID":"1345583","formEdgeID":null},{"edgeID":"1763092","fromID":"1345583","toID":"1345582","formEdgeID":null},{"edgeID":"1763093","fromID":"1345575","toID":"1345584","formEdgeID":null},{"edgeID":"1763094","fromID":"1345584","toID":"1345570","formEdgeID":null},{"edgeID":"1763095","fromID":"1345581","toID":"1345585","formEdgeID":null},{"edgeID":"1763096","fromID":"1345585","toID":"1345584","formEdgeID":null},{"edgeID":"1763097","fromID":"1345588","toID":"1345587","formEdgeID":null},{"edgeID":"1763098","fromID":"1345589","toID":"1345588","formEdgeID":null},{"edgeID":"1763099","fromID":"1345587","toID":"1345590","formEdgeID":null},{"edgeID":"1763100","fromID":"1345590","toID":"1345586","formEdgeID":null},{"edgeID":"1763101","fromID":"1345576","toID":"1345591","formEdgeID":null},{"edgeID":"1763102","fromID":"1345591","toID":"1345587","formEdgeID":null},{"edgeID":"1763103","fromID":"1345594","toID":"1345593","formEdgeID":null},{"edgeID":"1763104","fromID":"1345595","toID":"1345594","formEdgeID":null},{"edgeID":"1763105","fromID":"1345593","toID":"1345596","formEdgeID":null},{"edgeID":"1763106","fromID":"1345596","toID":"1345592","formEdgeID":null},{"edgeID":"1763107","fromID":"1345587","toID":"1345597","formEdgeID":null},{"edgeID":"1763108","fromID":"1345597","toID":"1345593","formEdgeID":null},{"edgeID":"1763109","fromID":"1345592","toID":"1345598","formEdgeID":null},{"edgeID":"1763110","fromID":"1345598","toID":"1345586","formEdgeID":null},{"edgeID":"1763111","fromID":"1345597","toID":"1345599","formEdgeID":null},{"edgeID":"1763112","fromID":"1345599","toID":"1345598","formEdgeID":null},{"edgeID":"1763113","fromID":"1345602","toID":"1345601","formEdgeID":null},{"edgeID":"1763114","fromID":"1345603","toID":"1345602","formEdgeID":null},{"edgeID":"1763115","fromID":"1345601","toID":"1345604","formEdgeID":null},{"edgeID":"1763116","fromID":"1345604","toID":"1345600","formEdgeID":null},{"edgeID":"1763117","fromID":"1345593","toID":"1345605","formEdgeID":null},{"edgeID":"1763118","fromID":"1345605","toID":"1345601","formEdgeID":null},{"edgeID":"1763119","fromID":"1345608","toID":"1345607","formEdgeID":null},{"edgeID":"1763120","fromID":"1345609","toID":"1345608","formEdgeID":null},{"edgeID":"1763121","fromID":"1345607","toID":"1345610","formEdgeID":null},{"edgeID":"1763122","fromID":"1345610","toID":"1345606","formEdgeID":null},{"edgeID":"1763123","fromID":"1345601","toID":"1345611","formEdgeID":null},{"edgeID":"1763124","fromID":"1345611","toID":"1345607","formEdgeID":null},{"edgeID":"1763125","fromID":"1345600","toID":"1345612","formEdgeID":null},{"edgeID":"1763126","fromID":"1345612","toID":"1345592","formEdgeID":null},{"edgeID":"1763127","fromID":"1345605","toID":"1345613","formEdgeID":null},{"edgeID":"1763128","fromID":"1345613","toID":"1345612","formEdgeID":null},{"edgeID":"1763129","fromID":"1345606","toID":"1345614","formEdgeID":null},{"edgeID":"1763130","fromID":"1345614","toID":"1345600","formEdgeID":null},{"edgeID":"1763131","fromID":"1345611","toID":"1345615","formEdgeID":null},{"edgeID":"1763132","fromID":"1345615","toID":"1345614","formEdgeID":null},{"edgeID":"1763133","fromID":"1345618","toID":"1345617","formEdgeID":null},{"edgeID":"1763134","fromID":"1345619","toID":"1345618","formEdgeID":null},{"edgeID":"1763135","fromID":"1345617","toID":"1345620","formEdgeID":null},{"edgeID":"1763136","fromID":"1345620","toID":"1345616","formEdgeID":null},{"edgeID":"1763137","fromID":"1345623","toID":"1345622","formEdgeID":null},{"edgeID":"1763138","fromID":"1345624","toID":"1345623","formEdgeID":null},{"edgeID":"1763139","fromID":"1345622","toID":"1345625","formEdgeID":null},{"edgeID":"1763140","fromID":"1345625","toID":"1345621","formEdgeID":null},{"edgeID":"1763141","fromID":"1345607","toID":"1345626","formEdgeID":null},{"edgeID":"1763142","fromID":"1345626","toID":"1345617","formEdgeID":null},{"edgeID":"1763143","fromID":"1345617","toID":"1345627","formEdgeID":null},{"edgeID":"1763144","fromID":"1345627","toID":"1345622","formEdgeID":null},{"edgeID":"1763145","fromID":"1345616","toID":"1345628","formEdgeID":null},{"edgeID":"1763146","fromID":"1345628","toID":"1345606","formEdgeID":null},{"edgeID":"1763147","fromID":"1345621","toID":"1345629","formEdgeID":null},{"edgeID":"1763148","fromID":"1345629","toID":"1345616","formEdgeID":null},{"edgeID":"1763149","fromID":"1345626","toID":"1345630","formEdgeID":null},{"edgeID":"1763150","fromID":"1345630","toID":"1345628","formEdgeID":null},{"edgeID":"1763151","fromID":"1345627","toID":"1345631","formEdgeID":null},{"edgeID":"1763152","fromID":"1345631","toID":"1345629","formEdgeID":null},{"edgeID":"1763153","fromID":"1345634","toID":"1345633","formEdgeID":null},{"edgeID":"1763154","fromID":"1345635","toID":"1345634","formEdgeID":null},{"edgeID":"1763155","fromID":"1345633","toID":"1345636","formEdgeID":null},{"edgeID":"1763156","fromID":"1345636","toID":"1345632","formEdgeID":null},{"edgeID":"1763157","fromID":"1345622","toID":"1345637","formEdgeID":null},{"edgeID":"1763158","fromID":"1345637","toID":"1345633","formEdgeID":null},{"edgeID":"1763159","fromID":"1345639","toID":"1345638","formEdgeID":null},{"edgeID":"1763160","fromID":"1345640","toID":"1345639","formEdgeID":null},{"edgeID":"1763161","fromID":"1345638","toID":"1345641","formEdgeID":null},{"edgeID":"1763162","fromID":"1345641","toID":"1307789","formEdgeID":null},{"edgeID":"1763163","fromID":"1345633","toID":"1345642","formEdgeID":null},{"edgeID":"1763164","fromID":"1345642","toID":"1345638","formEdgeID":null},{"edgeID":"1763165","fromID":"1345645","toID":"1345644","formEdgeID":null},{"edgeID":"1763166","fromID":"1345646","toID":"1345645","formEdgeID":null},{"edgeID":"1763167","fromID":"1345644","toID":"1345647","formEdgeID":null},{"edgeID":"1763168","fromID":"1345647","toID":"1345643","formEdgeID":null},{"edgeID":"1763169","fromID":"1345650","toID":"1345649","formEdgeID":null},{"edgeID":"1763170","fromID":"1345651","toID":"1345650","formEdgeID":null},{"edgeID":"1763171","fromID":"1345649","toID":"1345652","formEdgeID":null},{"edgeID":"1763172","fromID":"1345652","toID":"1345648","formEdgeID":null},{"edgeID":"1763173","fromID":"1345638","toID":"1345653","formEdgeID":null},{"edgeID":"1763174","fromID":"1345653","toID":"1345644","formEdgeID":null},{"edgeID":"1763175","fromID":"1345644","toID":"1345654","formEdgeID":null},{"edgeID":"1763176","fromID":"1345654","toID":"1345649","formEdgeID":null},{"edgeID":"1763177","fromID":"1345643","toID":"1345655","formEdgeID":null},{"edgeID":"1763178","fromID":"1345655","toID":"1307789","formEdgeID":null},{"edgeID":"1763179","fromID":"1345653","toID":"1345656","formEdgeID":null},{"edgeID":"1763180","fromID":"1345656","toID":"1345655","formEdgeID":null},{"edgeID":"1763181","fromID":"1345648","toID":"1345657","formEdgeID":null},{"edgeID":"1763182","fromID":"1345657","toID":"1345643","formEdgeID":null},{"edgeID":"1763183","fromID":"1345654","toID":"1345658","formEdgeID":null},{"edgeID":"1763184","fromID":"1345658","toID":"1345657","formEdgeID":null},{"edgeID":"1763185","fromID":"1345661","toID":"1345660","formEdgeID":null},{"edgeID":"1763186","fromID":"1345662","toID":"1345661","formEdgeID":null},{"edgeID":"1763187","fromID":"1345660","toID":"1345663","formEdgeID":null},{"edgeID":"1763188","fromID":"1345663","toID":"1345659","formEdgeID":null},{"edgeID":"1763189","fromID":"1345649","toID":"1345664","formEdgeID":null},{"edgeID":"1763190","fromID":"1345664","toID":"1345660","formEdgeID":null},{"edgeID":"1763191","fromID":"1345659","toID":"1345665","formEdgeID":null},{"edgeID":"1763192","fromID":"1345665","toID":"1345648","formEdgeID":null},{"edgeID":"1763193","fromID":"1345664","toID":"1345666","formEdgeID":null},{"edgeID":"1763194","fromID":"1345666","toID":"1345665","formEdgeID":null},{"edgeID":"1763195","fromID":"1345669","toID":"1345668","formEdgeID":null},{"edgeID":"1763196","fromID":"1345670","toID":"1345669","formEdgeID":null},{"edgeID":"1763197","fromID":"1345668","toID":"1345671","formEdgeID":null},{"edgeID":"1763198","fromID":"1345671","toID":"1345667","formEdgeID":null},{"edgeID":"1763199","fromID":"1345660","toID":"1345672","formEdgeID":null},{"edgeID":"1763200","fromID":"1345672","toID":"1345668","formEdgeID":null},{"edgeID":"1763201","fromID":"1345675","toID":"1345674","formEdgeID":null},{"edgeID":"1763202","fromID":"1345676","toID":"1345675","formEdgeID":null},{"edgeID":"1763203","fromID":"1345674","toID":"1345677","formEdgeID":null},{"edgeID":"1763204","fromID":"1345677","toID":"1345673","formEdgeID":null},{"edgeID":"1763205","fromID":"1345668","toID":"1345678","formEdgeID":null},{"edgeID":"1763206","fromID":"1345678","toID":"1345674","formEdgeID":null},{"edgeID":"1763207","fromID":"1345673","toID":"1345679","formEdgeID":null},{"edgeID":"1763208","fromID":"1345679","toID":"1345667","formEdgeID":null},{"edgeID":"1763209","fromID":"1345678","toID":"1345680","formEdgeID":null},{"edgeID":"1763210","fromID":"1345680","toID":"1345679","formEdgeID":null},{"edgeID":"1763211","fromID":"1345564","toID":"1345681","formEdgeID":null},{"edgeID":"1763212","fromID":"1345681","toID":"1345556","formEdgeID":null},{"edgeID":"1763213","fromID":"1345569","toID":"1345682","formEdgeID":null},{"edgeID":"1763214","fromID":"1345682","toID":"1345681","formEdgeID":null}],"locutions":[]}