{"nodes":[{"nodeID":"1345204","text":"let\u2019s ask the government, we are or are not going to see an ethics advisor at any time soon","type":"I","timestamp":"2023-11-09 14:00:28"},{"nodeID":"1345205","text":"Fiona Bruce: Let\u2019s ask the government are we going to see one at any time soon","type":"L","timestamp":"2023-11-09 14:00:28"},{"nodeID":"1345206","text":"Analysing","type":"YA","timestamp":"2023-11-09 14:00:28"},{"nodeID":"1345207","text":"Chris: Fiona Bruce: Let\u2019s ask the governmentAre we going to see one at any time soon","type":"L","timestamp":"2023-11-09 14:00:28"},{"nodeID":"1345208","text":"Pure Questioning","type":"YA","timestamp":"2023-11-09 14:00:28"},{"nodeID":"1345209","text":"we of course had Lord Geidt, as ethics advisor","type":"I","timestamp":"2023-11-09 14:00:28"},{"nodeID":"1345210","text":"Fiona Bruce: We of course had Lord Geidt","type":"L","timestamp":"2023-11-09 14:00:28"},{"nodeID":"1345211","text":"Analysing","type":"YA","timestamp":"2023-11-09 14:00:28"},{"nodeID":"1345212","text":"Chris: Fiona Bruce: We of course had Lord Geidt","type":"L","timestamp":"2023-11-09 14:00:28"},{"nodeID":"1345213","text":"Asserting","type":"YA","timestamp":"2023-11-09 14:00:28"},{"nodeID":"1345214","text":"Default Rephrase","type":"MA","timestamp":"2023-11-09 14:00:28"},{"nodeID":"1345215","text":"Default Transition","type":"TA","timestamp":"2023-11-09 14:00:28"},{"nodeID":"1345216","text":"Restating","type":"YA","timestamp":"2023-11-09 14:00:28"},{"nodeID":"1345217","text":"Lord Geidt is no longer ethics advisor","type":"I","timestamp":"2023-11-09 14:00:29"},{"nodeID":"1345218","text":"Fiona Bruce: No longer","type":"L","timestamp":"2023-11-09 14:00:29"},{"nodeID":"1345219","text":"Analysing","type":"YA","timestamp":"2023-11-09 14:00:29"},{"nodeID":"1345220","text":"Chris: Fiona Bruce: No longer","type":"L","timestamp":"2023-11-09 14:00:29"},{"nodeID":"1345221","text":"Asserting","type":"YA","timestamp":"2023-11-09 14:00:29"},{"nodeID":"1345222","text":"Default Transition","type":"TA","timestamp":"2023-11-09 14:00:29"},{"nodeID":"1345223","text":"Default Rephrase","type":"MA","timestamp":"2023-11-09 14:00:29"},{"nodeID":"1345224","text":"the Prime Minister is going to appoint an ethics advisor","type":"I","timestamp":"2023-11-09 14:00:29"},{"nodeID":"1345225","text":"Mark Harper: the Prime Minister is going to appoint an ethics advisor","type":"L","timestamp":"2023-11-09 14:00:29"},{"nodeID":"1345226","text":"Analysing","type":"YA","timestamp":"2023-11-09 14:00:29"},{"nodeID":"1345227","text":"Chris: Mark Harper: the Prime Minister is going to appoint an ethics advisor","type":"L","timestamp":"2023-11-09 14:00:29"},{"nodeID":"1345228","text":"Asserting","type":"YA","timestamp":"2023-11-09 14:00:29"},{"nodeID":"1345229","text":"Default Transition","type":"TA","timestamp":"2023-11-09 14:00:29"},{"nodeID":"1345230","text":"Default Rephrase","type":"MA","timestamp":"2023-11-09 14:00:29"},{"nodeID":"1345231","text":"Default Illocuting","type":"YA","timestamp":"2023-11-09 14:00:29"},{"nodeID":"1345232","text":"Rishi Sunak did only become Prime Minister a couple of weeks ago","type":"I","timestamp":"2023-11-09 14:00:30"},{"nodeID":"1345233","text":"Mark Harper: he did only become Prime Minister a couple of weeks ago","type":"L","timestamp":"2023-11-09 14:00:30"},{"nodeID":"1345234","text":"Analysing","type":"YA","timestamp":"2023-11-09 14:00:30"},{"nodeID":"1345235","text":"Chris: Mark Harper: he did only become Prime Minister a couple of weeks ago","type":"L","timestamp":"2023-11-09 14:00:30"},{"nodeID":"1345236","text":"Asserting","type":"YA","timestamp":"2023-11-09 14:00:30"},{"nodeID":"1345237","text":"Default Transition","type":"TA","timestamp":"2023-11-09 14:00:30"},{"nodeID":"1345238","text":"Default Rephrase","type":"MA","timestamp":"2023-11-09 14:00:30"},{"nodeID":"1345239","text":"Restating","type":"YA","timestamp":"2023-11-09 14:00:30"},{"nodeID":"1345240","text":"things go very fast in your part","type":"I","timestamp":"2023-11-09 14:00:31"},{"nodeID":"1345241","text":"Fiona Bruce: Things go very fast in your part","type":"L","timestamp":"2023-11-09 14:00:31"},{"nodeID":"1345242","text":"Analysing","type":"YA","timestamp":"2023-11-09 14:00:31"},{"nodeID":"1345243","text":"Chris: Fiona Bruce: Things go very fast in your part","type":"L","timestamp":"2023-11-09 14:00:31"},{"nodeID":"1345244","text":"Asserting","type":"YA","timestamp":"2023-11-09 14:00:31"},{"nodeID":"1345245","text":"Default Transition","type":"TA","timestamp":"2023-11-09 14:00:31"},{"nodeID":"1345246","text":"Challenging","type":"YA","timestamp":"2023-11-09 14:00:31"},{"nodeID":"1345247","text":"Mark Harper: I know","type":"L","timestamp":"2023-11-09 14:00:31"},{"nodeID":"1345248","text":"Analysing","type":"YA","timestamp":"2023-11-09 14:00:31"},{"nodeID":"1345249","text":"Chris: Mark Harper: I know","type":"L","timestamp":"2023-11-09 14:00:31"},{"nodeID":"1345250","text":"Default Transition","type":"TA","timestamp":"2023-11-09 14:00:31"},{"nodeID":"1345251","text":"Agreeing","type":"YA","timestamp":"2023-11-09 14:00:31"},{"nodeID":"1345252","text":"let\u2019s get to the question then","type":"I","timestamp":"2023-11-09 14:00:31"},{"nodeID":"1345253","text":"Fiona Bruce: let\u2019s get to the question then","type":"L","timestamp":"2023-11-09 14:00:31"},{"nodeID":"1345254","text":"Analysing","type":"YA","timestamp":"2023-11-09 14:00:31"},{"nodeID":"1345255","text":"Chris: Fiona Bruce: let\u2019s get to the question then","type":"L","timestamp":"2023-11-09 14:00:31"},{"nodeID":"1345256","text":"Asserting","type":"YA","timestamp":"2023-11-09 14:00:31"},{"nodeID":"1345257","text":"Default Transition","type":"TA","timestamp":"2023-11-09 14:00:31"},{"nodeID":"1345258","text":"being a member of parliament actually is a tremendous honour and privilege, picking up on AudienceMember 20221110QT21's point and AudienceMember 20221110QT22's here","type":"I","timestamp":"2023-11-09 14:00:32"},{"nodeID":"1345259","text":"Mark Harper: Being a member of parliament actually is a tremendous honour and privilege, picking up on your point and the gentleman\u2019s here","type":"L","timestamp":"2023-11-09 14:00:32"},{"nodeID":"1345260","text":"Analysing","type":"YA","timestamp":"2023-11-09 14:00:32"},{"nodeID":"1345261","text":"Chris: Mark Harper: Being a member of parliament actually is a tremendous honour and privilege, picking up on your point and the gentleman\u2019s here","type":"L","timestamp":"2023-11-09 14:00:32"},{"nodeID":"1345262","text":"Asserting","type":"YA","timestamp":"2023-11-09 14:00:32"},{"nodeID":"1345263","text":"Default Transition","type":"TA","timestamp":"2023-11-09 14:00:32"},{"nodeID":"1345264","text":"MPs should spend our time, particularly those of us that are lucky enough to be in government, spend our time not focused on ourselves","type":"I","timestamp":"2023-11-09 14:00:32"},{"nodeID":"1345265","text":"Mark Harper: we should spend our time, particularly those of us that are lucky enough to be in government, spend our time not focused on ourselves","type":"L","timestamp":"2023-11-09 14:00:32"},{"nodeID":"1345266","text":"Analysing","type":"YA","timestamp":"2023-11-09 14:00:32"},{"nodeID":"1345267","text":"Chris: Mark Harper: we should spend our time, particularly those of us that are lucky enough to be in government, spend our time not focused on ourselves","type":"L","timestamp":"2023-11-09 14:00:32"},{"nodeID":"1345268","text":"Asserting","type":"YA","timestamp":"2023-11-09 14:00:32"},{"nodeID":"1345269","text":"MPs, particularly those of us lucky enough to be in government, should spend our time focused on what we\u2019re trying to do for you","type":"I","timestamp":"2023-11-09 14:00:33"},{"nodeID":"1345270","text":"Mark Harper: focused on what we\u2019re trying to do for you","type":"L","timestamp":"2023-11-09 14:00:33"},{"nodeID":"1345271","text":"Analysing","type":"YA","timestamp":"2023-11-09 14:00:33"},{"nodeID":"1345272","text":"Chris: Mark Harper: focused on what we\u2019re trying to do for you","type":"L","timestamp":"2023-11-09 14:00:33"},{"nodeID":"1345273","text":"Asserting","type":"YA","timestamp":"2023-11-09 14:00:33"},{"nodeID":"1345274","text":"Default Inference","type":"RA","timestamp":"2023-11-09 14:00:33"},{"nodeID":"1345275","text":"Default Transition","type":"TA","timestamp":"2023-11-09 14:00:33"},{"nodeID":"1345276","text":"Arguing","type":"YA","timestamp":"2023-11-09 14:00:33"},{"nodeID":"1345277","text":"Default Transition","type":"TA","timestamp":"2023-11-09 14:00:33"},{"nodeID":"1345278","text":"you all have different views in this audience about how well we\u2019re doing","type":"I","timestamp":"2023-11-09 14:00:34"},{"nodeID":"1345279","text":"Mark Harper: you all have different views in this audience about how well we\u2019re doing","type":"L","timestamp":"2023-11-09 14:00:34"},{"nodeID":"1345280","text":"Analysing","type":"YA","timestamp":"2023-11-09 14:00:34"},{"nodeID":"1345281","text":"Chris: Mark Harper: you all have different views in this audience about how well we\u2019re doing","type":"L","timestamp":"2023-11-09 14:00:34"},{"nodeID":"1345282","text":"Asserting","type":"YA","timestamp":"2023-11-09 14:00:34"},{"nodeID":"1345283","text":"Default Transition","type":"TA","timestamp":"2023-11-09 14:00:34"},{"nodeID":"1345284","text":"this is not all just about Matt Hancock","type":"I","timestamp":"2023-11-09 14:00:34"},{"nodeID":"1345285","text":"Fiona Bruce:  this is not all just about Matt Hancock","type":"L","timestamp":"2023-11-09 14:00:34"},{"nodeID":"1345286","text":"Analysing","type":"YA","timestamp":"2023-11-09 14:00:34"},{"nodeID":"1345287","text":"Chris: Fiona Bruce:  this is not all just about Matt Hancock","type":"L","timestamp":"2023-11-09 14:00:34"},{"nodeID":"1345288","text":"Asserting","type":"YA","timestamp":"2023-11-09 14:00:34"},{"nodeID":"1345289","text":"Default Transition","type":"TA","timestamp":"2023-11-09 14:00:34"},{"nodeID":"1345290","text":"Default Rephrase","type":"MA","timestamp":"2023-11-09 14:00:34"},{"nodeID":"1345291","text":"Restating","type":"YA","timestamp":"2023-11-09 14:00:34"}],"edges":[{"edgeID":"1762659","fromID":"1345206","toID":"1345205","formEdgeID":null},{"edgeID":"1762660","fromID":"1345207","toID":"1345206","formEdgeID":null},{"edgeID":"1762661","fromID":"1345205","toID":"1345208","formEdgeID":null},{"edgeID":"1762662","fromID":"1345208","toID":"1345204","formEdgeID":null},{"edgeID":"1762663","fromID":"1345211","toID":"1345210","formEdgeID":null},{"edgeID":"1762664","fromID":"1345212","toID":"1345211","formEdgeID":null},{"edgeID":"1762665","fromID":"1345210","toID":"1345213","formEdgeID":null},{"edgeID":"1762666","fromID":"1345213","toID":"1345209","formEdgeID":null},{"edgeID":"1762667","fromID":"1345209","toID":"1345214","formEdgeID":null},{"edgeID":"1762668","fromID":"1345214","toID":"1345204","formEdgeID":null},{"edgeID":"1762669","fromID":"1345205","toID":"1345215","formEdgeID":null},{"edgeID":"1762670","fromID":"1345215","toID":"1345210","formEdgeID":null},{"edgeID":"1762671","fromID":"1345215","toID":"1345216","formEdgeID":null},{"edgeID":"1762672","fromID":"1345216","toID":"1345214","formEdgeID":null},{"edgeID":"1762673","fromID":"1345219","toID":"1345218","formEdgeID":null},{"edgeID":"1762674","fromID":"1345220","toID":"1345219","formEdgeID":null},{"edgeID":"1762675","fromID":"1345218","toID":"1345221","formEdgeID":null},{"edgeID":"1762676","fromID":"1345221","toID":"1345217","formEdgeID":null},{"edgeID":"1762677","fromID":"1345210","toID":"1345222","formEdgeID":null},{"edgeID":"1762678","fromID":"1345222","toID":"1345218","formEdgeID":null},{"edgeID":"1762679","fromID":"1345217","toID":"1345223","formEdgeID":null},{"edgeID":"1762680","fromID":"1345223","toID":"1345209","formEdgeID":null},{"edgeID":"1762681","fromID":"1345226","toID":"1345225","formEdgeID":null},{"edgeID":"1762682","fromID":"1345227","toID":"1345226","formEdgeID":null},{"edgeID":"1762683","fromID":"1345225","toID":"1345228","formEdgeID":null},{"edgeID":"1762684","fromID":"1345228","toID":"1345224","formEdgeID":null},{"edgeID":"1762685","fromID":"1345218","toID":"1345229","formEdgeID":null},{"edgeID":"1762686","fromID":"1345229","toID":"1345225","formEdgeID":null},{"edgeID":"1762687","fromID":"1345224","toID":"1345230","formEdgeID":null},{"edgeID":"1762688","fromID":"1345230","toID":"1345204","formEdgeID":null},{"edgeID":"1762689","fromID":"1345229","toID":"1345231","formEdgeID":null},{"edgeID":"1762690","fromID":"1345231","toID":"1345230","formEdgeID":null},{"edgeID":"1762691","fromID":"1345234","toID":"1345233","formEdgeID":null},{"edgeID":"1762692","fromID":"1345235","toID":"1345234","formEdgeID":null},{"edgeID":"1762693","fromID":"1345233","toID":"1345236","formEdgeID":null},{"edgeID":"1762694","fromID":"1345236","toID":"1345232","formEdgeID":null},{"edgeID":"1762695","fromID":"1345225","toID":"1345237","formEdgeID":null},{"edgeID":"1762696","fromID":"1345237","toID":"1345233","formEdgeID":null},{"edgeID":"1762697","fromID":"1345232","toID":"1345238","formEdgeID":null},{"edgeID":"1762698","fromID":"1345238","toID":"1345224","formEdgeID":null},{"edgeID":"1762699","fromID":"1345237","toID":"1345239","formEdgeID":null},{"edgeID":"1762700","fromID":"1345239","toID":"1345238","formEdgeID":null},{"edgeID":"1762701","fromID":"1345242","toID":"1345241","formEdgeID":null},{"edgeID":"1762702","fromID":"1345243","toID":"1345242","formEdgeID":null},{"edgeID":"1762703","fromID":"1345241","toID":"1345244","formEdgeID":null},{"edgeID":"1762704","fromID":"1345244","toID":"1345240","formEdgeID":null},{"edgeID":"1762705","fromID":"1345233","toID":"1345245","formEdgeID":null},{"edgeID":"1762706","fromID":"1345245","toID":"1345241","formEdgeID":null},{"edgeID":"1762707","fromID":"1345245","toID":"1345246","formEdgeID":null},{"edgeID":"1762708","fromID":"1345246","toID":"1345232","formEdgeID":null},{"edgeID":"1762709","fromID":"1345248","toID":"1345247","formEdgeID":null},{"edgeID":"1762710","fromID":"1345249","toID":"1345248","formEdgeID":null},{"edgeID":"1762711","fromID":"1345241","toID":"1345250","formEdgeID":null},{"edgeID":"1762712","fromID":"1345250","toID":"1345247","formEdgeID":null},{"edgeID":"1762713","fromID":"1345250","toID":"1345251","formEdgeID":null},{"edgeID":"1762714","fromID":"1345251","toID":"1345240","formEdgeID":null},{"edgeID":"1762715","fromID":"1345254","toID":"1345253","formEdgeID":null},{"edgeID":"1762716","fromID":"1345255","toID":"1345254","formEdgeID":null},{"edgeID":"1762717","fromID":"1345253","toID":"1345256","formEdgeID":null},{"edgeID":"1762718","fromID":"1345256","toID":"1345252","formEdgeID":null},{"edgeID":"1762719","fromID":"1345247","toID":"1345257","formEdgeID":null},{"edgeID":"1762720","fromID":"1345257","toID":"1345253","formEdgeID":null},{"edgeID":"1762721","fromID":"1345260","toID":"1345259","formEdgeID":null},{"edgeID":"1762722","fromID":"1345261","toID":"1345260","formEdgeID":null},{"edgeID":"1762723","fromID":"1345259","toID":"1345262","formEdgeID":null},{"edgeID":"1762724","fromID":"1345262","toID":"1345258","formEdgeID":null},{"edgeID":"1762725","fromID":"1345253","toID":"1345263","formEdgeID":null},{"edgeID":"1762726","fromID":"1345263","toID":"1345259","formEdgeID":null},{"edgeID":"1762727","fromID":"1345266","toID":"1345265","formEdgeID":null},{"edgeID":"1762728","fromID":"1345267","toID":"1345266","formEdgeID":null},{"edgeID":"1762729","fromID":"1345265","toID":"1345268","formEdgeID":null},{"edgeID":"1762730","fromID":"1345268","toID":"1345264","formEdgeID":null},{"edgeID":"1762731","fromID":"1345271","toID":"1345270","formEdgeID":null},{"edgeID":"1762732","fromID":"1345272","toID":"1345271","formEdgeID":null},{"edgeID":"1762733","fromID":"1345270","toID":"1345273","formEdgeID":null},{"edgeID":"1762734","fromID":"1345273","toID":"1345269","formEdgeID":null},{"edgeID":"1762735","fromID":"1345258","toID":"1345274","formEdgeID":null},{"edgeID":"1762736","fromID":"1345274","toID":"1345264","formEdgeID":null},{"edgeID":"1762737","fromID":"1345259","toID":"1345275","formEdgeID":null},{"edgeID":"1762738","fromID":"1345275","toID":"1345265","formEdgeID":null},{"edgeID":"1762739","fromID":"1345275","toID":"1345276","formEdgeID":null},{"edgeID":"1762740","fromID":"1345276","toID":"1345274","formEdgeID":null},{"edgeID":"1762741","fromID":"1345265","toID":"1345277","formEdgeID":null},{"edgeID":"1762742","fromID":"1345277","toID":"1345270","formEdgeID":null},{"edgeID":"1762743","fromID":"1345280","toID":"1345279","formEdgeID":null},{"edgeID":"1762744","fromID":"1345281","toID":"1345280","formEdgeID":null},{"edgeID":"1762745","fromID":"1345279","toID":"1345282","formEdgeID":null},{"edgeID":"1762746","fromID":"1345282","toID":"1345278","formEdgeID":null},{"edgeID":"1762747","fromID":"1345270","toID":"1345283","formEdgeID":null},{"edgeID":"1762748","fromID":"1345283","toID":"1345279","formEdgeID":null},{"edgeID":"1762749","fromID":"1345286","toID":"1345285","formEdgeID":null},{"edgeID":"1762750","fromID":"1345287","toID":"1345286","formEdgeID":null},{"edgeID":"1762751","fromID":"1345285","toID":"1345288","formEdgeID":null},{"edgeID":"1762752","fromID":"1345288","toID":"1345284","formEdgeID":null},{"edgeID":"1762753","fromID":"1345279","toID":"1345289","formEdgeID":null},{"edgeID":"1762754","fromID":"1345289","toID":"1345285","formEdgeID":null},{"edgeID":"1762755","fromID":"1345269","toID":"1345290","formEdgeID":null},{"edgeID":"1762756","fromID":"1345290","toID":"1345264","formEdgeID":null},{"edgeID":"1762757","fromID":"1345277","toID":"1345291","formEdgeID":null},{"edgeID":"1762758","fromID":"1345291","toID":"1345290","formEdgeID":null}],"locutions":[]}