{"nodes":[{"nodeID":"1349697","text":"Mark Harper: no","type":"L","timestamp":"2023-11-09 14:07:47"},{"nodeID":"1349698","text":"Anon: Mark Harper: No","type":"L","timestamp":"2023-11-09 14:07:47"},{"nodeID":"1349699","text":"Mark Harper is not sponsored by anyone","type":"I","timestamp":"2023-11-09 14:07:48"},{"nodeID":"1349700","text":"Mark Harper: I\u2019m not sponsored by anyone","type":"L","timestamp":"2023-11-09 14:07:48"},{"nodeID":"1349701","text":"Analysing","type":"YA","timestamp":"2023-11-09 14:07:48"},{"nodeID":"1349702","text":"Anon: Mark Harper: I\u2019m not sponsored by anyone","type":"L","timestamp":"2023-11-09 14:07:48"},{"nodeID":"1349703","text":"Asserting","type":"YA","timestamp":"2023-11-09 14:07:48"},{"nodeID":"1349704","text":"Mark Harper is or is not sponsored by either of his lobby groups","type":"I","timestamp":"2023-11-09 14:07:48"},{"nodeID":"1349705","text":"AudienceMember 20221110QT39: Either your lobby groups","type":"L","timestamp":"2023-11-09 14:07:48"},{"nodeID":"1349706","text":"Analysing","type":"YA","timestamp":"2023-11-09 14:07:48"},{"nodeID":"1349707","text":"Anon: AudienceMember 20221110QT39: Either your lobby groups","type":"L","timestamp":"2023-11-09 14:07:48"},{"nodeID":"1349708","text":"Pure Questioning","type":"YA","timestamp":"2023-11-09 14:07:48"},{"nodeID":"1349709","text":"Default Transition","type":"TA","timestamp":"2023-11-09 14:07:48"},{"nodeID":"1349710","text":"Default Rephrase","type":"MA","timestamp":"2023-11-09 14:07:48"},{"nodeID":"1349711","text":"Restating","type":"YA","timestamp":"2023-11-09 14:07:48"},{"nodeID":"1349712","text":"Analysing","type":"YA","timestamp":"2023-11-09 14:07:48"},{"nodeID":"1349713","text":"Default Transition","type":"TA","timestamp":"2023-11-09 14:07:48"},{"nodeID":"1349714","text":"Disagreeing","type":"YA","timestamp":"2023-11-09 14:07:48"},{"nodeID":"1349715","text":"Mark Harper is or is not sponsored by his think tanks","type":"I","timestamp":"2023-11-09 14:07:49"},{"nodeID":"1349716","text":"AudienceMember 20221110QT40: or your think tanks","type":"L","timestamp":"2023-11-09 14:07:49"},{"nodeID":"1349717","text":"Analysing","type":"YA","timestamp":"2023-11-09 14:07:49"},{"nodeID":"1349718","text":"Anon: AudienceMember 20221110QT40: or your think tanks","type":"L","timestamp":"2023-11-09 14:07:49"},{"nodeID":"1349719","text":"Pure Questioning","type":"YA","timestamp":"2023-11-09 14:07:49"},{"nodeID":"1349720","text":"Default Rephrase","type":"MA","timestamp":"2023-11-09 14:07:49"},{"nodeID":"1349721","text":"Default Transition","type":"TA","timestamp":"2023-11-09 14:07:49"},{"nodeID":"1349722","text":"Restating","type":"YA","timestamp":"2023-11-09 14:07:49"},{"nodeID":"1349723","text":"Mark Harper: I\u2019m not","type":"L","timestamp":"2023-11-09 14:07:49"},{"nodeID":"1349724","text":"Analysing","type":"YA","timestamp":"2023-11-09 14:07:49"},{"nodeID":"1349725","text":"Anon: Mark Harper: I\u2019m not","type":"L","timestamp":"2023-11-09 14:07:49"},{"nodeID":"1349726","text":"Default Transition","type":"TA","timestamp":"2023-11-09 14:07:49"},{"nodeID":"1349727","text":"Disagreeing","type":"YA","timestamp":"2023-11-09 14:07:49"},{"nodeID":"1349728","text":"Mark Harper is paid by xxx","type":"I","timestamp":"2023-11-09 14:07:50"},{"nodeID":"1349729","text":"AudienceMember 20221110QT41:  Who are paid","type":"L","timestamp":"2023-11-09 14:07:50"},{"nodeID":"1349730","text":"Analysing","type":"YA","timestamp":"2023-11-09 14:07:50"},{"nodeID":"1349731","text":"Anon: AudienceMember 20221110QT41:  Who are paid","type":"L","timestamp":"2023-11-09 14:07:50"},{"nodeID":"1349732","text":"Pure Questioning","type":"YA","timestamp":"2023-11-09 14:07:50"},{"nodeID":"1349733","text":"Default Rephrase","type":"MA","timestamp":"2023-11-09 14:07:50"},{"nodeID":"1349734","text":"Default Transition","type":"TA","timestamp":"2023-11-09 14:07:50"},{"nodeID":"1349735","text":"Restating","type":"YA","timestamp":"2023-11-09 14:07:50"},{"nodeID":"1349736","text":"Mark Harper is not paid by anybody","type":"I","timestamp":"2023-11-09 14:07:50"},{"nodeID":"1349737","text":"Mark Harper: I\u2019m not paid by anybody","type":"L","timestamp":"2023-11-09 14:07:50"},{"nodeID":"1349738","text":"Analysing","type":"YA","timestamp":"2023-11-09 14:07:50"},{"nodeID":"1349739","text":"Anon: Mark Harper: I\u2019m not paid by anybody","type":"L","timestamp":"2023-11-09 14:07:50"},{"nodeID":"1349740","text":"Asserting","type":"YA","timestamp":"2023-11-09 14:07:50"},{"nodeID":"1349741","text":"Default Transition","type":"TA","timestamp":"2023-11-09 14:07:50"},{"nodeID":"1349742","text":"Default Rephrase","type":"MA","timestamp":"2023-11-09 14:07:50"},{"nodeID":"1349743","text":"Default Illocuting","type":"YA","timestamp":"2023-11-09 14:07:50"},{"nodeID":"1349744","text":"Mark Harper is paid by the tax payer","type":"I","timestamp":"2023-11-09 14:07:51"},{"nodeID":"1349745","text":"Mark Harper: I\u2019m paid by the tax payer","type":"L","timestamp":"2023-11-09 14:07:51"},{"nodeID":"1349746","text":"Analysing","type":"YA","timestamp":"2023-11-09 14:07:51"},{"nodeID":"1349747","text":"Anon: Mark Harper: I\u2019m paid by the tax payer","type":"L","timestamp":"2023-11-09 14:07:51"},{"nodeID":"1349748","text":"Asserting","type":"YA","timestamp":"2023-11-09 14:07:51"},{"nodeID":"1349749","text":"Default Transition","type":"TA","timestamp":"2023-11-09 14:07:51"},{"nodeID":"1349750","text":"Default Rephrase","type":"MA","timestamp":"2023-11-09 14:07:51"},{"nodeID":"1349751","text":"Restating","type":"YA","timestamp":"2023-11-09 14:07:51"},{"nodeID":"1349752","text":"AudienceMember 20221110QT42: Really","type":"L","timestamp":"2023-11-09 14:07:51"},{"nodeID":"1349753","text":"Analysing","type":"YA","timestamp":"2023-11-09 14:07:51"},{"nodeID":"1349754","text":"Anon: AudienceMember 20221110QT42: Really","type":"L","timestamp":"2023-11-09 14:07:51"},{"nodeID":"1349755","text":"Default Transition","type":"TA","timestamp":"2023-11-09 14:07:51"},{"nodeID":"1349756","text":"Challenging","type":"YA","timestamp":"2023-11-09 14:07:51"},{"nodeID":"1349757","text":"xxx funds Mark Harper's election campaign","type":"I","timestamp":"2023-11-09 14:07:52"},{"nodeID":"1349758","text":"AudienceMember 20221110QT42: who funds your election campaign","type":"L","timestamp":"2023-11-09 14:07:52"},{"nodeID":"1349759","text":"Analysing","type":"YA","timestamp":"2023-11-09 14:07:52"},{"nodeID":"1349760","text":"Anon: AudienceMember 20221110QT42: who funds your election campaign","type":"L","timestamp":"2023-11-09 14:07:52"},{"nodeID":"1349761","text":"Pure Questioning","type":"YA","timestamp":"2023-11-09 14:07:52"},{"nodeID":"1349762","text":"Default Inference","type":"RA","timestamp":"2023-11-09 14:07:52"},{"nodeID":"1349763","text":"Default Transition","type":"TA","timestamp":"2023-11-09 14:07:52"},{"nodeID":"1349764","text":"Arguing","type":"YA","timestamp":"2023-11-09 14:07:52"},{"nodeID":"1349765","text":"xxx funds Mark Harper's research","type":"I","timestamp":"2023-11-09 14:07:52"},{"nodeID":"1349766","text":"AudienceMember 20221110QT43: your research","type":"L","timestamp":"2023-11-09 14:07:52"},{"nodeID":"1349767","text":"Analysing","type":"YA","timestamp":"2023-11-09 14:07:52"},{"nodeID":"1349768","text":"Anon: AudienceMember 20221110QT43: your research","type":"L","timestamp":"2023-11-09 14:07:52"},{"nodeID":"1349769","text":"Pure Questioning","type":"YA","timestamp":"2023-11-09 14:07:52"},{"nodeID":"1349770","text":"Default Transition","type":"TA","timestamp":"2023-11-09 14:07:52"},{"nodeID":"1349771","text":"Default Rephrase","type":"MA","timestamp":"2023-11-09 14:07:52"},{"nodeID":"1349772","text":"Restating","type":"YA","timestamp":"2023-11-09 14:07:52"},{"nodeID":"1349773","text":"Mark Harper's researchers are paid for by the tax payer","type":"I","timestamp":"2023-11-09 14:07:53"},{"nodeID":"1349774","text":"Mark Harper: my researchers are paid for by the tax payer","type":"L","timestamp":"2023-11-09 14:07:53"},{"nodeID":"1349775","text":"Analysing","type":"YA","timestamp":"2023-11-09 14:07:53"},{"nodeID":"1349776","text":"Anon: Mark Harper: my researchers are paid for by the tax payer","type":"L","timestamp":"2023-11-09 14:07:53"},{"nodeID":"1349777","text":"Asserting","type":"YA","timestamp":"2023-11-09 14:07:53"},{"nodeID":"1349778","text":"Default Transition","type":"TA","timestamp":"2023-11-09 14:07:53"},{"nodeID":"1349779","text":"Default Rephrase","type":"MA","timestamp":"2023-11-09 14:07:53"},{"nodeID":"1349780","text":"Default Illocuting","type":"YA","timestamp":"2023-11-09 14:07:53"},{"nodeID":"1349781","text":"Markk Harper's researchers work for him in parliament","type":"I","timestamp":"2023-11-09 14:07:54"},{"nodeID":"1349782","text":"Mark Harper: They work for me in parliament","type":"L","timestamp":"2023-11-09 14:07:54"},{"nodeID":"1349783","text":"Analysing","type":"YA","timestamp":"2023-11-09 14:07:54"},{"nodeID":"1349784","text":"Anon: Mark Harper: They work for me in parliament","type":"L","timestamp":"2023-11-09 14:07:54"},{"nodeID":"1349785","text":"Asserting","type":"YA","timestamp":"2023-11-09 14:07:54"},{"nodeID":"1349786","text":"Default Transition","type":"TA","timestamp":"2023-11-09 14:07:54"},{"nodeID":"1349787","text":"Default Rephrase","type":"MA","timestamp":"2023-11-09 14:07:54"},{"nodeID":"1349788","text":"Restating","type":"YA","timestamp":"2023-11-09 14:07:54"},{"nodeID":"1349789","text":"Mark Harper is not paid for by anybody else","type":"I","timestamp":"2023-11-09 14:07:54"},{"nodeID":"1349790","text":"Mark Harper: I\u2019m not paid for by anybody else","type":"L","timestamp":"2023-11-09 14:07:54"},{"nodeID":"1349791","text":"Analysing","type":"YA","timestamp":"2023-11-09 14:07:54"},{"nodeID":"1349792","text":"Anon: Mark Harper: I\u2019m not paid for by anybody else","type":"L","timestamp":"2023-11-09 14:07:54"},{"nodeID":"1349793","text":"Asserting","type":"YA","timestamp":"2023-11-09 14:07:54"},{"nodeID":"1349794","text":"Default Rephrase","type":"MA","timestamp":"2023-11-09 14:07:54"},{"nodeID":"1349795","text":"Default Transition","type":"TA","timestamp":"2023-11-09 14:07:54"},{"nodeID":"1349796","text":"Restating","type":"YA","timestamp":"2023-11-09 14:07:54"},{"nodeID":"1349797","text":"as a minister Mark Harper is allowed to have outside interests","type":"I","timestamp":"2023-11-09 14:07:55"},{"nodeID":"1349798","text":"Mark Harper: as a minister I\u2019m allowed to have outside interests","type":"L","timestamp":"2023-11-09 14:07:55"},{"nodeID":"1349799","text":"Analysing","type":"YA","timestamp":"2023-11-09 14:07:55"},{"nodeID":"1349800","text":"Anon: Mark Harper: as a minister I\u2019m allowed to have outside interests","type":"L","timestamp":"2023-11-09 14:07:55"},{"nodeID":"1349801","text":"Asserting","type":"YA","timestamp":"2023-11-09 14:07:55"},{"nodeID":"1349802","text":"Default Transition","type":"TA","timestamp":"2023-11-09 14:07:55"},{"nodeID":"1349803","text":"Mark Harper does or does not have a second job","type":"I","timestamp":"2023-11-09 14:07:56"},{"nodeID":"1349804","text":"AudienceMember 20221110QT44: you don\u2019t have a second job","type":"L","timestamp":"2023-11-09 14:07:56"},{"nodeID":"1349805","text":"Analysing","type":"YA","timestamp":"2023-11-09 14:07:56"},{"nodeID":"1349806","text":"Anon: AudienceMember 20221110QT44: you don\u2019t have a second job","type":"L","timestamp":"2023-11-09 14:07:56"},{"nodeID":"1349807","text":"Pure Questioning","type":"YA","timestamp":"2023-11-09 14:07:56"},{"nodeID":"1349808","text":"Default Transition","type":"TA","timestamp":"2023-11-09 14:07:56"},{"nodeID":"1349809","text":"Mark Harper does or does not have a second job or a third job or a fourth job","type":"I","timestamp":"2023-11-09 14:07:56"},{"nodeID":"1349810","text":"AudienceMember 20221110QT45: or a third job or a fourth job","type":"L","timestamp":"2023-11-09 14:07:56"},{"nodeID":"1349811","text":"Analysing","type":"YA","timestamp":"2023-11-09 14:07:56"},{"nodeID":"1349812","text":"Anon: AudienceMember 20221110QT45: or a third job or a fourth job","type":"L","timestamp":"2023-11-09 14:07:56"},{"nodeID":"1349813","text":"Pure Questioning","type":"YA","timestamp":"2023-11-09 14:07:56"},{"nodeID":"1349814","text":"Default Transition","type":"TA","timestamp":"2023-11-09 14:07:56"},{"nodeID":"1349815","text":"Default Rephrase","type":"MA","timestamp":"2023-11-09 14:07:56"},{"nodeID":"1349816","text":"Restating","type":"YA","timestamp":"2023-11-09 14:07:56"},{"nodeID":"1349817","text":"Mark Harper is Secretary of State for Transport as well as being the member of parliament for the Forest of Dean","type":"I","timestamp":"2023-11-09 14:07:57"},{"nodeID":"1349818","text":"Mark Harper: as well as being the member of parliament for the Forest of Dean","type":"L","timestamp":"2023-11-09 14:07:57"},{"nodeID":"1349819","text":"Analysing","type":"YA","timestamp":"2023-11-09 14:07:57"},{"nodeID":"1349820","text":"Anon: Mark Harper: as well as being the member of parliament for the Forest of Dean","type":"L","timestamp":"2023-11-09 14:07:57"},{"nodeID":"1349821","text":"Asserting","type":"YA","timestamp":"2023-11-09 14:07:57"},{"nodeID":"1349822","text":"Mark Harper works incredibly hard trying to do his best in the two weeks since he's been in this job to improve the transport system in the country","type":"I","timestamp":"2023-11-09 14:07:58"},{"nodeID":"1349823","text":"Mark Harper: I work incredibly hard trying to do my best in the two weeks since I\u2019ve been in this job to improve the transport system in the country","type":"L","timestamp":"2023-11-09 14:07:58"},{"nodeID":"1349824","text":"Analysing","type":"YA","timestamp":"2023-11-09 14:07:58"},{"nodeID":"1349825","text":"Anon: Mark Harper: I work incredibly hard trying to do my best in the two weeks since I\u2019ve been in this job to improve the transport system in the country","type":"L","timestamp":"2023-11-09 14:07:58"},{"nodeID":"1349826","text":"Asserting","type":"YA","timestamp":"2023-11-09 14:07:58"},{"nodeID":"1349827","text":"Default Transition","type":"TA","timestamp":"2023-11-09 14:07:58"},{"nodeID":"1349828","text":"Mark Harper works for AudienceMember 20221110QT48, everyone in this room and everyone watching the programme","type":"I","timestamp":"2023-11-09 14:07:58"},{"nodeID":"1349829","text":"Mark Harper: I work for you, everyone in this room and everyone watching the programme","type":"L","timestamp":"2023-11-09 14:07:58"},{"nodeID":"1349830","text":"Analysing","type":"YA","timestamp":"2023-11-09 14:07:58"},{"nodeID":"1349831","text":"Anon: Mark Harper: I work for you, everyone in this room and everyone watching the programme","type":"L","timestamp":"2023-11-09 14:07:58"},{"nodeID":"1349832","text":"Asserting","type":"YA","timestamp":"2023-11-09 14:07:58"},{"nodeID":"1349833","text":"Default Transition","type":"TA","timestamp":"2023-11-09 14:07:58"},{"nodeID":"1349834","text":"Default Rephrase","type":"MA","timestamp":"2023-11-09 14:07:58"},{"nodeID":"1349835","text":"Restating","type":"YA","timestamp":"2023-11-09 14:07:58"},{"nodeID":"1349836","text":"Mark Harper has or has not a second job like Mr Geoffrey Cox in the Bahamas","type":"I","timestamp":"2023-11-09 14:07:59"},{"nodeID":"1349837","text":"Anon: AudienceMember 20221110QT46: Well, my only second job is I\u2019m\u2026AudienceMember 20221110QT46[0:40:09] Like Mr Geoffrey Cox.Mark Harper[0:40:10] Secretary of State for Transport as well as being\u2026Fiona Bruce[0:40:11] Okay. Hang on, hang on. AudienceMember20221110QT47[0:40:12] In the Bahamas","type":"L","timestamp":"2023-11-09 14:07:59"},{"nodeID":"1349838","text":"Analysing","type":"YA","timestamp":"2023-11-09 14:07:59"},{"nodeID":"1349839","text":"AudienceMember 20221110QT46: Well, my only second job is I\u2019m\u2026AudienceMember 20221110QT46[0:40:09] Like Mr Geoffrey Cox.Mark Harper[0:40:10] Secretary of State for Transport as well as being\u2026Fiona Bruce[0:40:11] Okay. Hang on, hang on. AudienceMember20221110QT47[0:40:12] In the Bahamas","type":"L","timestamp":"2023-11-09 14:07:59"},{"nodeID":"1349840","text":"Pure Questioning","type":"YA","timestamp":"2023-11-09 14:07:59"},{"nodeID":"1349841","text":"Default Transition","type":"TA","timestamp":"2023-11-09 14:07:59"},{"nodeID":"1349842","text":"Mark Harper's only second job is Secretary of State for Transport","type":"I","timestamp":"2023-11-09 14:08:00"},{"nodeID":"1349843","text":"Mark Harper: Well, my only second job is I\u2019m\u2026AudienceMember 20221110QT46[0:40:09] Like Mr Geoffrey Cox.Mark Harper[0:40:10] Secretary of State for Transport","type":"L","timestamp":"2023-11-09 14:08:00"},{"nodeID":"1349844","text":"Analysing","type":"YA","timestamp":"2023-11-09 14:08:00"},{"nodeID":"1349845","text":"Anon: Mark Harper: Well, my only second job is I\u2019m\u2026AudienceMember 20221110QT46[0:40:09] Like Mr Geoffrey Cox.Mark Harper[0:40:10] Secretary of State for Transport","type":"L","timestamp":"2023-11-09 14:08:00"},{"nodeID":"1349846","text":"Asserting","type":"YA","timestamp":"2023-11-09 14:08:00"},{"nodeID":"1349847","text":"Default Transition","type":"TA","timestamp":"2023-11-09 14:08:00"},{"nodeID":"1349848","text":"Default Rephrase","type":"MA","timestamp":"2023-11-09 14:08:00"},{"nodeID":"1349849","text":"Restating","type":"YA","timestamp":"2023-11-09 14:08:00"},{"nodeID":"1349850","text":"Default Rephrase","type":"MA","timestamp":"2023-11-09 14:08:00"},{"nodeID":"1349851","text":"Default Illocuting","type":"YA","timestamp":"2023-11-09 14:08:00"},{"nodeID":"1349852","text":"Default Transition","type":"TA","timestamp":"2023-11-09 14:08:00"},{"nodeID":"1349853","text":"Default Rephrase","type":"MA","timestamp":"2023-11-09 14:08:00"},{"nodeID":"1349854","text":"Restating","type":"YA","timestamp":"2023-11-09 14:08:00"}],"edges":[{"edgeID":"1767981","fromID":"1349701","toID":"1349700","formEdgeID":null},{"edgeID":"1767982","fromID":"1349702","toID":"1349701","formEdgeID":null},{"edgeID":"1767983","fromID":"1349700","toID":"1349703","formEdgeID":null},{"edgeID":"1767984","fromID":"1349703","toID":"1349699","formEdgeID":null},{"edgeID":"1767985","fromID":"1349706","toID":"1349705","formEdgeID":null},{"edgeID":"1767986","fromID":"1349707","toID":"1349706","formEdgeID":null},{"edgeID":"1767987","fromID":"1349705","toID":"1349708","formEdgeID":null},{"edgeID":"1767988","fromID":"1349708","toID":"1349704","formEdgeID":null},{"edgeID":"1767989","fromID":"1349700","toID":"1349709","formEdgeID":null},{"edgeID":"1767990","fromID":"1349709","toID":"1349705","formEdgeID":null},{"edgeID":"1767991","fromID":"1349704","toID":"1349710","formEdgeID":null},{"edgeID":"1767992","fromID":"1349710","toID":"1349699","formEdgeID":null},{"edgeID":"1767993","fromID":"1349709","toID":"1349711","formEdgeID":null},{"edgeID":"1767994","fromID":"1349711","toID":"1349710","formEdgeID":null},{"edgeID":"1767995","fromID":"1349712","toID":"1349697","formEdgeID":null},{"edgeID":"1767996","fromID":"1349698","toID":"1349712","formEdgeID":null},{"edgeID":"1767997","fromID":"1349705","toID":"1349713","formEdgeID":null},{"edgeID":"1767998","fromID":"1349713","toID":"1349697","formEdgeID":null},{"edgeID":"1767999","fromID":"1349713","toID":"1349714","formEdgeID":null},{"edgeID":"1768000","fromID":"1349714","toID":"1349704","formEdgeID":null},{"edgeID":"1768001","fromID":"1349717","toID":"1349716","formEdgeID":null},{"edgeID":"1768002","fromID":"1349718","toID":"1349717","formEdgeID":null},{"edgeID":"1768003","fromID":"1349716","toID":"1349719","formEdgeID":null},{"edgeID":"1768004","fromID":"1349719","toID":"1349715","formEdgeID":null},{"edgeID":"1768005","fromID":"1349715","toID":"1349720","formEdgeID":null},{"edgeID":"1768006","fromID":"1349720","toID":"1349704","formEdgeID":null},{"edgeID":"1768007","fromID":"1349705","toID":"1349721","formEdgeID":null},{"edgeID":"1768008","fromID":"1349721","toID":"1349716","formEdgeID":null},{"edgeID":"1768009","fromID":"1349721","toID":"1349722","formEdgeID":null},{"edgeID":"1768010","fromID":"1349722","toID":"1349720","formEdgeID":null},{"edgeID":"1768011","fromID":"1349724","toID":"1349723","formEdgeID":null},{"edgeID":"1768012","fromID":"1349725","toID":"1349724","formEdgeID":null},{"edgeID":"1768013","fromID":"1349716","toID":"1349726","formEdgeID":null},{"edgeID":"1768014","fromID":"1349726","toID":"1349723","formEdgeID":null},{"edgeID":"1768015","fromID":"1349726","toID":"1349727","formEdgeID":null},{"edgeID":"1768016","fromID":"1349727","toID":"1349715","formEdgeID":null},{"edgeID":"1768017","fromID":"1349730","toID":"1349729","formEdgeID":null},{"edgeID":"1768018","fromID":"1349731","toID":"1349730","formEdgeID":null},{"edgeID":"1768019","fromID":"1349729","toID":"1349732","formEdgeID":null},{"edgeID":"1768020","fromID":"1349732","toID":"1349728","formEdgeID":null},{"edgeID":"1768021","fromID":"1349728","toID":"1349733","formEdgeID":null},{"edgeID":"1768022","fromID":"1349733","toID":"1349715","formEdgeID":null},{"edgeID":"1768023","fromID":"1349716","toID":"1349734","formEdgeID":null},{"edgeID":"1768024","fromID":"1349734","toID":"1349729","formEdgeID":null},{"edgeID":"1768025","fromID":"1349734","toID":"1349735","formEdgeID":null},{"edgeID":"1768026","fromID":"1349735","toID":"1349733","formEdgeID":null},{"edgeID":"1768027","fromID":"1349738","toID":"1349737","formEdgeID":null},{"edgeID":"1768028","fromID":"1349739","toID":"1349738","formEdgeID":null},{"edgeID":"1768029","fromID":"1349737","toID":"1349740","formEdgeID":null},{"edgeID":"1768030","fromID":"1349740","toID":"1349736","formEdgeID":null},{"edgeID":"1768031","fromID":"1349729","toID":"1349741","formEdgeID":null},{"edgeID":"1768032","fromID":"1349741","toID":"1349737","formEdgeID":null},{"edgeID":"1768033","fromID":"1349736","toID":"1349742","formEdgeID":null},{"edgeID":"1768034","fromID":"1349742","toID":"1349728","formEdgeID":null},{"edgeID":"1768035","fromID":"1349741","toID":"1349743","formEdgeID":null},{"edgeID":"1768036","fromID":"1349743","toID":"1349742","formEdgeID":null},{"edgeID":"1768037","fromID":"1349746","toID":"1349745","formEdgeID":null},{"edgeID":"1768038","fromID":"1349747","toID":"1349746","formEdgeID":null},{"edgeID":"1768039","fromID":"1349745","toID":"1349748","formEdgeID":null},{"edgeID":"1768040","fromID":"1349748","toID":"1349744","formEdgeID":null},{"edgeID":"1768041","fromID":"1349737","toID":"1349749","formEdgeID":null},{"edgeID":"1768042","fromID":"1349749","toID":"1349745","formEdgeID":null},{"edgeID":"1768043","fromID":"1349744","toID":"1349750","formEdgeID":null},{"edgeID":"1768044","fromID":"1349750","toID":"1349736","formEdgeID":null},{"edgeID":"1768045","fromID":"1349749","toID":"1349751","formEdgeID":null},{"edgeID":"1768046","fromID":"1349751","toID":"1349750","formEdgeID":null},{"edgeID":"1768047","fromID":"1349753","toID":"1349752","formEdgeID":null},{"edgeID":"1768048","fromID":"1349754","toID":"1349753","formEdgeID":null},{"edgeID":"1768049","fromID":"1349745","toID":"1349755","formEdgeID":null},{"edgeID":"1768050","fromID":"1349755","toID":"1349752","formEdgeID":null},{"edgeID":"1768051","fromID":"1349755","toID":"1349756","formEdgeID":null},{"edgeID":"1768052","fromID":"1349756","toID":"1349744","formEdgeID":null},{"edgeID":"1768053","fromID":"1349759","toID":"1349758","formEdgeID":null},{"edgeID":"1768054","fromID":"1349760","toID":"1349759","formEdgeID":null},{"edgeID":"1768055","fromID":"1349758","toID":"1349761","formEdgeID":null},{"edgeID":"1768056","fromID":"1349761","toID":"1349757","formEdgeID":null},{"edgeID":"1768057","fromID":"1349744","toID":"1349762","formEdgeID":null},{"edgeID":"1768058","fromID":"1349762","toID":"1349757","formEdgeID":null},{"edgeID":"1768059","fromID":"1349745","toID":"1349763","formEdgeID":null},{"edgeID":"1768060","fromID":"1349763","toID":"1349758","formEdgeID":null},{"edgeID":"1768061","fromID":"1349763","toID":"1349764","formEdgeID":null},{"edgeID":"1768062","fromID":"1349764","toID":"1349762","formEdgeID":null},{"edgeID":"1768063","fromID":"1349767","toID":"1349766","formEdgeID":null},{"edgeID":"1768064","fromID":"1349768","toID":"1349767","formEdgeID":null},{"edgeID":"1768065","fromID":"1349766","toID":"1349769","formEdgeID":null},{"edgeID":"1768066","fromID":"1349769","toID":"1349765","formEdgeID":null},{"edgeID":"1768067","fromID":"1349758","toID":"1349770","formEdgeID":null},{"edgeID":"1768068","fromID":"1349770","toID":"1349766","formEdgeID":null},{"edgeID":"1768069","fromID":"1349765","toID":"1349771","formEdgeID":null},{"edgeID":"1768070","fromID":"1349771","toID":"1349757","formEdgeID":null},{"edgeID":"1768071","fromID":"1349770","toID":"1349772","formEdgeID":null},{"edgeID":"1768072","fromID":"1349772","toID":"1349771","formEdgeID":null},{"edgeID":"1768073","fromID":"1349775","toID":"1349774","formEdgeID":null},{"edgeID":"1768074","fromID":"1349776","toID":"1349775","formEdgeID":null},{"edgeID":"1768075","fromID":"1349774","toID":"1349777","formEdgeID":null},{"edgeID":"1768076","fromID":"1349777","toID":"1349773","formEdgeID":null},{"edgeID":"1768077","fromID":"1349766","toID":"1349778","formEdgeID":null},{"edgeID":"1768078","fromID":"1349778","toID":"1349774","formEdgeID":null},{"edgeID":"1768079","fromID":"1349773","toID":"1349779","formEdgeID":null},{"edgeID":"1768080","fromID":"1349779","toID":"1349765","formEdgeID":null},{"edgeID":"1768081","fromID":"1349778","toID":"1349780","formEdgeID":null},{"edgeID":"1768082","fromID":"1349780","toID":"1349779","formEdgeID":null},{"edgeID":"1768083","fromID":"1349783","toID":"1349782","formEdgeID":null},{"edgeID":"1768084","fromID":"1349784","toID":"1349783","formEdgeID":null},{"edgeID":"1768085","fromID":"1349782","toID":"1349785","formEdgeID":null},{"edgeID":"1768086","fromID":"1349785","toID":"1349781","formEdgeID":null},{"edgeID":"1768087","fromID":"1349774","toID":"1349786","formEdgeID":null},{"edgeID":"1768088","fromID":"1349786","toID":"1349782","formEdgeID":null},{"edgeID":"1768089","fromID":"1349781","toID":"1349787","formEdgeID":null},{"edgeID":"1768090","fromID":"1349787","toID":"1349773","formEdgeID":null},{"edgeID":"1768091","fromID":"1349786","toID":"1349788","formEdgeID":null},{"edgeID":"1768092","fromID":"1349788","toID":"1349787","formEdgeID":null},{"edgeID":"1768093","fromID":"1349791","toID":"1349790","formEdgeID":null},{"edgeID":"1768094","fromID":"1349792","toID":"1349791","formEdgeID":null},{"edgeID":"1768095","fromID":"1349790","toID":"1349793","formEdgeID":null},{"edgeID":"1768096","fromID":"1349793","toID":"1349789","formEdgeID":null},{"edgeID":"1768097","fromID":"1349789","toID":"1349794","formEdgeID":null},{"edgeID":"1768098","fromID":"1349794","toID":"1349744","formEdgeID":null},{"edgeID":"1768099","fromID":"1349745","toID":"1349795","formEdgeID":null},{"edgeID":"1768100","fromID":"1349795","toID":"1349790","formEdgeID":null},{"edgeID":"1768101","fromID":"1349795","toID":"1349796","formEdgeID":null},{"edgeID":"1768102","fromID":"1349796","toID":"1349794","formEdgeID":null},{"edgeID":"1768103","fromID":"1349799","toID":"1349798","formEdgeID":null},{"edgeID":"1768104","fromID":"1349800","toID":"1349799","formEdgeID":null},{"edgeID":"1768105","fromID":"1349798","toID":"1349801","formEdgeID":null},{"edgeID":"1768106","fromID":"1349801","toID":"1349797","formEdgeID":null},{"edgeID":"1768107","fromID":"1349790","toID":"1349802","formEdgeID":null},{"edgeID":"1768108","fromID":"1349802","toID":"1349798","formEdgeID":null},{"edgeID":"1768109","fromID":"1349805","toID":"1349804","formEdgeID":null},{"edgeID":"1768110","fromID":"1349806","toID":"1349805","formEdgeID":null},{"edgeID":"1768111","fromID":"1349804","toID":"1349807","formEdgeID":null},{"edgeID":"1768112","fromID":"1349807","toID":"1349803","formEdgeID":null},{"edgeID":"1768113","fromID":"1349798","toID":"1349808","formEdgeID":null},{"edgeID":"1768114","fromID":"1349808","toID":"1349804","formEdgeID":null},{"edgeID":"1768115","fromID":"1349811","toID":"1349810","formEdgeID":null},{"edgeID":"1768116","fromID":"1349812","toID":"1349811","formEdgeID":null},{"edgeID":"1768117","fromID":"1349810","toID":"1349813","formEdgeID":null},{"edgeID":"1768118","fromID":"1349813","toID":"1349809","formEdgeID":null},{"edgeID":"1768119","fromID":"1349804","toID":"1349814","formEdgeID":null},{"edgeID":"1768120","fromID":"1349814","toID":"1349810","formEdgeID":null},{"edgeID":"1768121","fromID":"1349809","toID":"1349815","formEdgeID":null},{"edgeID":"1768122","fromID":"1349815","toID":"1349803","formEdgeID":null},{"edgeID":"1768123","fromID":"1349814","toID":"1349816","formEdgeID":null},{"edgeID":"1768124","fromID":"1349816","toID":"1349815","formEdgeID":null},{"edgeID":"1768125","fromID":"1349819","toID":"1349818","formEdgeID":null},{"edgeID":"1768126","fromID":"1349820","toID":"1349819","formEdgeID":null},{"edgeID":"1768127","fromID":"1349818","toID":"1349821","formEdgeID":null},{"edgeID":"1768128","fromID":"1349821","toID":"1349817","formEdgeID":null},{"edgeID":"1768129","fromID":"1349824","toID":"1349823","formEdgeID":null},{"edgeID":"1768130","fromID":"1349825","toID":"1349824","formEdgeID":null},{"edgeID":"1768131","fromID":"1349823","toID":"1349826","formEdgeID":null},{"edgeID":"1768132","fromID":"1349826","toID":"1349822","formEdgeID":null},{"edgeID":"1768133","fromID":"1349818","toID":"1349827","formEdgeID":null},{"edgeID":"1768134","fromID":"1349827","toID":"1349823","formEdgeID":null},{"edgeID":"1768135","fromID":"1349830","toID":"1349829","formEdgeID":null},{"edgeID":"1768136","fromID":"1349831","toID":"1349830","formEdgeID":null},{"edgeID":"1768137","fromID":"1349829","toID":"1349832","formEdgeID":null},{"edgeID":"1768138","fromID":"1349832","toID":"1349828","formEdgeID":null},{"edgeID":"1768139","fromID":"1349823","toID":"1349833","formEdgeID":null},{"edgeID":"1768140","fromID":"1349833","toID":"1349829","formEdgeID":null},{"edgeID":"1768141","fromID":"1349828","toID":"1349834","formEdgeID":null},{"edgeID":"1768142","fromID":"1349834","toID":"1349822","formEdgeID":null},{"edgeID":"1768143","fromID":"1349833","toID":"1349835","formEdgeID":null},{"edgeID":"1768144","fromID":"1349835","toID":"1349834","formEdgeID":null},{"edgeID":"1768145","fromID":"1349837","toID":"1349838","formEdgeID":null},{"edgeID":"1768146","fromID":"1349838","toID":"1349839","formEdgeID":null},{"edgeID":"1768147","fromID":"1349839","toID":"1349840","formEdgeID":null},{"edgeID":"1768148","fromID":"1349840","toID":"1349836","formEdgeID":null},{"edgeID":"1768149","fromID":"1349810","toID":"1349841","formEdgeID":null},{"edgeID":"1768150","fromID":"1349841","toID":"1349839","formEdgeID":null},{"edgeID":"1768151","fromID":"1349844","toID":"1349843","formEdgeID":null},{"edgeID":"1768152","fromID":"1349845","toID":"1349844","formEdgeID":null},{"edgeID":"1768153","fromID":"1349846","toID":"1349842","formEdgeID":null},{"edgeID":"1768154","fromID":"1349843","toID":"1349846","formEdgeID":null},{"edgeID":"1768155","fromID":"1349839","toID":"1349847","formEdgeID":null},{"edgeID":"1768156","fromID":"1349847","toID":"1349843","formEdgeID":null},{"edgeID":"1768157","fromID":"1349836","toID":"1349848","formEdgeID":null},{"edgeID":"1768158","fromID":"1349848","toID":"1349809","formEdgeID":null},{"edgeID":"1768159","fromID":"1349841","toID":"1349849","formEdgeID":null},{"edgeID":"1768160","fromID":"1349849","toID":"1349848","formEdgeID":null},{"edgeID":"1768161","fromID":"1349842","toID":"1349850","formEdgeID":null},{"edgeID":"1768162","fromID":"1349850","toID":"1349836","formEdgeID":null},{"edgeID":"1768163","fromID":"1349847","toID":"1349851","formEdgeID":null},{"edgeID":"1768164","fromID":"1349851","toID":"1349850","formEdgeID":null},{"edgeID":"1768165","fromID":"1349843","toID":"1349852","formEdgeID":null},{"edgeID":"1768166","fromID":"1349852","toID":"1349818","formEdgeID":null},{"edgeID":"1768167","fromID":"1349817","toID":"1349853","formEdgeID":null},{"edgeID":"1768168","fromID":"1349853","toID":"1349842","formEdgeID":null},{"edgeID":"1768169","fromID":"1349852","toID":"1349854","formEdgeID":null},{"edgeID":"1768170","fromID":"1349854","toID":"1349853","formEdgeID":null}],"locutions":[]}