{"nodes":[{"nodeID":"1353732","text":"there needs to be some common sense added with the environmental things on farming","type":"I","timestamp":"2023-11-09 14:13:53"},{"nodeID":"1353733","text":"AudienceMember 20221110QT59: there needs to be some common sense added with the environmental things on farming","type":"L","timestamp":"2023-11-09 14:13:53"},{"nodeID":"1353734","text":"Analysing","type":"YA","timestamp":"2023-11-09 14:13:53"},{"nodeID":"1353735","text":"Anon: AudienceMember 20221110QT59: there needs to be some common sense added with the environmental things on farming","type":"L","timestamp":"2023-11-09 14:13:53"},{"nodeID":"1353736","text":"Asserting","type":"YA","timestamp":"2023-11-09 14:13:53"},{"nodeID":"1353737","text":"everyone here needs a farmer three times a day","type":"I","timestamp":"2023-11-09 14:13:54"},{"nodeID":"1353738","text":"AudienceMember 20221110QT59: Everyone here needs a farmer three times a day","type":"L","timestamp":"2023-11-09 14:13:54"},{"nodeID":"1353739","text":"Analysing","type":"YA","timestamp":"2023-11-09 14:13:54"},{"nodeID":"1353740","text":"Anon: AudienceMember 20221110QT59: Everyone here needs a farmer three times a day","type":"L","timestamp":"2023-11-09 14:13:54"},{"nodeID":"1353741","text":"Asserting","type":"YA","timestamp":"2023-11-09 14:13:54"},{"nodeID":"1353742","text":"you need to produce food locally, we need to produce it sustainably","type":"I","timestamp":"2023-11-09 14:13:54"},{"nodeID":"1353743","text":"AudienceMember 20221110QT59: You need to produce food locally, we need to produce it sustainably","type":"L","timestamp":"2023-11-09 14:13:54"},{"nodeID":"1353744","text":"Analysing","type":"YA","timestamp":"2023-11-09 14:13:54"},{"nodeID":"1353745","text":"Anon: AudienceMember 20221110QT59: You need to produce food locally, we need to produce it sustainably","type":"L","timestamp":"2023-11-09 14:13:54"},{"nodeID":"1353746","text":"Asserting","type":"YA","timestamp":"2023-11-09 14:13:54"},{"nodeID":"1353747","text":"Default Transition","type":"TA","timestamp":"2023-11-09 14:13:54"},{"nodeID":"1353748","text":"Default Inference","type":"RA","timestamp":"2023-11-09 14:13:54"},{"nodeID":"1353749","text":"Arguing","type":"YA","timestamp":"2023-11-09 14:13:54"},{"nodeID":"1353750","text":"we\u2019re under this ludicrous idea that farms are being sold in Wales and Scotland and Ireland and England, and they\u2019re being planted with trees","type":"I","timestamp":"2023-11-09 14:13:55"},{"nodeID":"1353751","text":"AudienceMember 20221110QT59: we\u2019re under this ludicrous idea that farms are being sold in Wales and Scotland and Ireland and England, and they\u2019re being planted with trees","type":"L","timestamp":"2023-11-09 14:13:55"},{"nodeID":"1353752","text":"Analysing","type":"YA","timestamp":"2023-11-09 14:13:55"},{"nodeID":"1353753","text":"Anon: AudienceMember 20221110QT59: we\u2019re under this ludicrous idea that farms are being sold in Wales and Scotland and Ireland and England, and they\u2019re being planted with trees","type":"L","timestamp":"2023-11-09 14:13:55"},{"nodeID":"1353754","text":"Asserting","type":"YA","timestamp":"2023-11-09 14:13:55"},{"nodeID":"1353755","text":"Default Conflict","type":"CA","timestamp":"2023-11-09 14:13:55"},{"nodeID":"1353756","text":"Default Transition","type":"TA","timestamp":"2023-11-09 14:13:55"},{"nodeID":"1353757","text":"Disagreeing","type":"YA","timestamp":"2023-11-09 14:13:55"},{"nodeID":"1353758","text":"farms are being taken out of production","type":"I","timestamp":"2023-11-09 14:13:56"},{"nodeID":"1353759","text":"AudienceMember 20221110QT59: They\u2019re being taken out of production","type":"L","timestamp":"2023-11-09 14:13:56"},{"nodeID":"1353760","text":"Analysing","type":"YA","timestamp":"2023-11-09 14:13:56"},{"nodeID":"1353761","text":"Anon: AudienceMember 20221110QT59: They\u2019re being taken out of production","type":"L","timestamp":"2023-11-09 14:13:56"},{"nodeID":"1353762","text":"Asserting","type":"YA","timestamp":"2023-11-09 14:13:56"},{"nodeID":"1353763","text":"Default Transition","type":"TA","timestamp":"2023-11-09 14:13:56"},{"nodeID":"1353764","text":"Default Rephrase","type":"MA","timestamp":"2023-11-09 14:13:56"},{"nodeID":"1353765","text":"Restating","type":"YA","timestamp":"2023-11-09 14:13:56"},{"nodeID":"1353766","text":"the assets are then sold as a carbon credit system","type":"I","timestamp":"2023-11-09 14:13:57"},{"nodeID":"1353767","text":"AudienceMember 20221110QT59:  these assets are then sold as a carbon credit system","type":"L","timestamp":"2023-11-09 14:13:57"},{"nodeID":"1353768","text":"Analysing","type":"YA","timestamp":"2023-11-09 14:13:57"},{"nodeID":"1353769","text":"Anon: AudienceMember 20221110QT59:  these assets are then sold as a carbon credit system","type":"L","timestamp":"2023-11-09 14:13:57"},{"nodeID":"1353770","text":"Asserting","type":"YA","timestamp":"2023-11-09 14:13:57"},{"nodeID":"1353771","text":"Default Transition","type":"TA","timestamp":"2023-11-09 14:13:57"},{"nodeID":"1353772","text":"Default Rephrase","type":"MA","timestamp":"2023-11-09 14:13:57"},{"nodeID":"1353773","text":"Restating","type":"YA","timestamp":"2023-11-09 14:13:57"},{"nodeID":"1353774","text":"polluters within London or internationally can then carry on polluting","type":"I","timestamp":"2023-11-09 14:13:57"},{"nodeID":"1353775","text":"AudienceMember 20221110QT59: polluters within London or internationally can then carry on polluting","type":"L","timestamp":"2023-11-09 14:13:57"},{"nodeID":"1353776","text":"Analysing","type":"YA","timestamp":"2023-11-09 14:13:57"},{"nodeID":"1353777","text":"Anon: AudienceMember 20221110QT59: polluters within London or internationally can then carry on polluting","type":"L","timestamp":"2023-11-09 14:13:57"},{"nodeID":"1353778","text":"Asserting","type":"YA","timestamp":"2023-11-09 14:13:57"},{"nodeID":"1353779","text":"Default Transition","type":"TA","timestamp":"2023-11-09 14:13:57"},{"nodeID":"1353780","text":"Default Inference","type":"RA","timestamp":"2023-11-09 14:13:57"},{"nodeID":"1353781","text":"Arguing","type":"YA","timestamp":"2023-11-09 14:13:57"},{"nodeID":"1353782","text":"farming is ten per cent of our carbon output yet we feed 65 per cent of the population","type":"I","timestamp":"2023-11-09 14:13:58"},{"nodeID":"1353783","text":"AudienceMember 20221110QT59: Farming is ten per cent of our carbon output yet we feed 65 per cent of the population","type":"L","timestamp":"2023-11-09 14:13:58"},{"nodeID":"1353784","text":"Analysing","type":"YA","timestamp":"2023-11-09 14:13:58"},{"nodeID":"1353785","text":"Anon: AudienceMember 20221110QT59: Farming is ten per cent of our carbon output yet we feed 65 per cent of the population","type":"L","timestamp":"2023-11-09 14:13:58"},{"nodeID":"1353786","text":"Asserting","type":"YA","timestamp":"2023-11-09 14:13:58"},{"nodeID":"1353787","text":"Default Inference","type":"RA","timestamp":"2023-11-09 14:13:58"},{"nodeID":"1353788","text":"Default Transition","type":"TA","timestamp":"2023-11-09 14:13:58"},{"nodeID":"1353789","text":"Arguing","type":"YA","timestamp":"2023-11-09 14:13:58"},{"nodeID":"1353790","text":"Default Conflict","type":"CA","timestamp":"2023-11-09 14:13:58"},{"nodeID":"1353791","text":"Default Transition","type":"TA","timestamp":"2023-11-09 14:13:58"},{"nodeID":"1353792","text":"Disagreeing","type":"YA","timestamp":"2023-11-09 14:13:58"}],"edges":[{"edgeID":"1772779","fromID":"1353734","toID":"1353733","formEdgeID":null},{"edgeID":"1772780","fromID":"1353735","toID":"1353734","formEdgeID":null},{"edgeID":"1772781","fromID":"1353733","toID":"1353736","formEdgeID":null},{"edgeID":"1772782","fromID":"1353736","toID":"1353732","formEdgeID":null},{"edgeID":"1772783","fromID":"1353739","toID":"1353738","formEdgeID":null},{"edgeID":"1772784","fromID":"1353740","toID":"1353739","formEdgeID":null},{"edgeID":"1772785","fromID":"1353738","toID":"1353741","formEdgeID":null},{"edgeID":"1772786","fromID":"1353741","toID":"1353737","formEdgeID":null},{"edgeID":"1772787","fromID":"1353744","toID":"1353743","formEdgeID":null},{"edgeID":"1772788","fromID":"1353745","toID":"1353744","formEdgeID":null},{"edgeID":"1772789","fromID":"1353743","toID":"1353746","formEdgeID":null},{"edgeID":"1772790","fromID":"1353746","toID":"1353742","formEdgeID":null},{"edgeID":"1772791","fromID":"1353738","toID":"1353747","formEdgeID":null},{"edgeID":"1772792","fromID":"1353747","toID":"1353743","formEdgeID":null},{"edgeID":"1772793","fromID":"1353742","toID":"1353748","formEdgeID":null},{"edgeID":"1772794","fromID":"1353748","toID":"1353737","formEdgeID":null},{"edgeID":"1772795","fromID":"1353747","toID":"1353749","formEdgeID":null},{"edgeID":"1772796","fromID":"1353749","toID":"1353748","formEdgeID":null},{"edgeID":"1772797","fromID":"1353752","toID":"1353751","formEdgeID":null},{"edgeID":"1772798","fromID":"1353753","toID":"1353752","formEdgeID":null},{"edgeID":"1772799","fromID":"1353751","toID":"1353754","formEdgeID":null},{"edgeID":"1772800","fromID":"1353754","toID":"1353750","formEdgeID":null},{"edgeID":"1772801","fromID":"1353750","toID":"1353755","formEdgeID":null},{"edgeID":"1772802","fromID":"1353755","toID":"1353737","formEdgeID":null},{"edgeID":"1772803","fromID":"1353738","toID":"1353756","formEdgeID":null},{"edgeID":"1772804","fromID":"1353756","toID":"1353751","formEdgeID":null},{"edgeID":"1772805","fromID":"1353756","toID":"1353757","formEdgeID":null},{"edgeID":"1772806","fromID":"1353757","toID":"1353755","formEdgeID":null},{"edgeID":"1772807","fromID":"1353760","toID":"1353759","formEdgeID":null},{"edgeID":"1772808","fromID":"1353761","toID":"1353760","formEdgeID":null},{"edgeID":"1772809","fromID":"1353759","toID":"1353762","formEdgeID":null},{"edgeID":"1772810","fromID":"1353762","toID":"1353758","formEdgeID":null},{"edgeID":"1772811","fromID":"1353751","toID":"1353763","formEdgeID":null},{"edgeID":"1772812","fromID":"1353763","toID":"1353759","formEdgeID":null},{"edgeID":"1772813","fromID":"1353758","toID":"1353764","formEdgeID":null},{"edgeID":"1772814","fromID":"1353764","toID":"1353750","formEdgeID":null},{"edgeID":"1772815","fromID":"1353763","toID":"1353765","formEdgeID":null},{"edgeID":"1772816","fromID":"1353765","toID":"1353764","formEdgeID":null},{"edgeID":"1772817","fromID":"1353768","toID":"1353767","formEdgeID":null},{"edgeID":"1772818","fromID":"1353769","toID":"1353768","formEdgeID":null},{"edgeID":"1772819","fromID":"1353767","toID":"1353770","formEdgeID":null},{"edgeID":"1772820","fromID":"1353770","toID":"1353766","formEdgeID":null},{"edgeID":"1772821","fromID":"1353759","toID":"1353771","formEdgeID":null},{"edgeID":"1772822","fromID":"1353771","toID":"1353767","formEdgeID":null},{"edgeID":"1772823","fromID":"1353766","toID":"1353772","formEdgeID":null},{"edgeID":"1772824","fromID":"1353772","toID":"1353758","formEdgeID":null},{"edgeID":"1772825","fromID":"1353771","toID":"1353773","formEdgeID":null},{"edgeID":"1772826","fromID":"1353773","toID":"1353772","formEdgeID":null},{"edgeID":"1772827","fromID":"1353776","toID":"1353775","formEdgeID":null},{"edgeID":"1772828","fromID":"1353777","toID":"1353776","formEdgeID":null},{"edgeID":"1772829","fromID":"1353775","toID":"1353778","formEdgeID":null},{"edgeID":"1772830","fromID":"1353778","toID":"1353774","formEdgeID":null},{"edgeID":"1772831","fromID":"1353767","toID":"1353779","formEdgeID":null},{"edgeID":"1772832","fromID":"1353779","toID":"1353775","formEdgeID":null},{"edgeID":"1772833","fromID":"1353766","toID":"1353780","formEdgeID":null},{"edgeID":"1772834","fromID":"1353780","toID":"1353774","formEdgeID":null},{"edgeID":"1772835","fromID":"1353779","toID":"1353781","formEdgeID":null},{"edgeID":"1772836","fromID":"1353781","toID":"1353780","formEdgeID":null},{"edgeID":"1772837","fromID":"1353784","toID":"1353783","formEdgeID":null},{"edgeID":"1772838","fromID":"1353785","toID":"1353784","formEdgeID":null},{"edgeID":"1772839","fromID":"1353783","toID":"1353786","formEdgeID":null},{"edgeID":"1772840","fromID":"1353786","toID":"1353782","formEdgeID":null},{"edgeID":"1772841","fromID":"1353782","toID":"1353787","formEdgeID":null},{"edgeID":"1772842","fromID":"1353787","toID":"1353732","formEdgeID":null},{"edgeID":"1772843","fromID":"1353733","toID":"1353788","formEdgeID":null},{"edgeID":"1772844","fromID":"1353788","toID":"1353783","formEdgeID":null},{"edgeID":"1772845","fromID":"1353788","toID":"1353789","formEdgeID":null},{"edgeID":"1772846","fromID":"1353789","toID":"1353787","formEdgeID":null},{"edgeID":"1772847","fromID":"1353782","toID":"1353790","formEdgeID":null},{"edgeID":"1772848","fromID":"1353790","toID":"1353750","formEdgeID":null},{"edgeID":"1772849","fromID":"1353751","toID":"1353791","formEdgeID":null},{"edgeID":"1772850","fromID":"1353791","toID":"1353783","formEdgeID":null},{"edgeID":"1772851","fromID":"1353791","toID":"1353792","formEdgeID":null},{"edgeID":"1772852","fromID":"1353792","toID":"1353790","formEdgeID":null}],"locutions":[]}