{"nodes":[{"nodeID":"1345683","text":"Caroline Lucas thinks that the Hancock farce and the Williamson disgrace, which are just the two latest examples are absolute symptoms of a rot at the heart of this Tory government","type":"I","timestamp":"2023-11-09 14:01:10"},{"nodeID":"1345684","text":"Caroline Lucas: I think that the Hancock farce and the Williamson disgrace, which are just the two latest examples are absolute symptoms of a rot at the heart of this Tory government","type":"L","timestamp":"2023-11-09 14:01:10"},{"nodeID":"1345685","text":"Analysing","type":"YA","timestamp":"2023-11-09 14:01:10"},{"nodeID":"1345686","text":"Amelie: Caroline Lucas: I think that the Hancock farce and the Williamson disgrace, which are just the two latest examples are absolute symptoms of a rot at the heart of this Tory government","type":"L","timestamp":"2023-11-09 14:01:10"},{"nodeID":"1345687","text":"Asserting","type":"YA","timestamp":"2023-11-09 14:01:10"},{"nodeID":"1345688","text":"we\u2019ve had to live through a lot over the past years when we\u2019ve seen a decade now of Tory in fighting, five prime ministers, six home secretaries, ten education secretaries","type":"I","timestamp":"2023-11-09 14:01:10"},{"nodeID":"1345689","text":"Caroline Lucas: I think that when you look at what we\u2019ve had to live through over the past years when we\u2019ve seen a decade now of Tory in fighting, five prime ministers, six home secretaries, ten education secretaries","type":"L","timestamp":"2023-11-09 14:01:10"},{"nodeID":"1345690","text":"Analysing","type":"YA","timestamp":"2023-11-09 14:01:10"},{"nodeID":"1345691","text":"Amelie: Caroline Lucas: I think that when you look at what we\u2019ve had to live through over the past years when we\u2019ve seen a decade now of Tory in fighting, five prime ministers, six home secretaries, ten education secretaries","type":"L","timestamp":"2023-11-09 14:01:10"},{"nodeID":"1345692","text":"Asserting","type":"YA","timestamp":"2023-11-09 14:01:10"},{"nodeID":"1345693","text":"Gavin Williamson is apparently the eighth minister or whip to have resigned in this year alone","type":"I","timestamp":"2023-11-09 14:01:11"},{"nodeID":"1345694","text":"Caroline Lucas: Gavin Williamson is apparently the eighth minister or whip to have resigned in this year alone","type":"L","timestamp":"2023-11-09 14:01:11"},{"nodeID":"1345695","text":"Analysing","type":"YA","timestamp":"2023-11-09 14:01:11"},{"nodeID":"1345696","text":"Amelie: Caroline Lucas: Gavin Williamson is apparently the eighth minister or whip to have resigned in this year alone","type":"L","timestamp":"2023-11-09 14:01:11"},{"nodeID":"1345697","text":"Asserting","type":"YA","timestamp":"2023-11-09 14:01:11"},{"nodeID":"1345698","text":"the scandals could happen in a school","type":"I","timestamp":"2023-11-09 14:01:11"},{"nodeID":"1345699","text":"Caroline Lucas: If this was happening in a school","type":"L","timestamp":"2023-11-09 14:01:11"},{"nodeID":"1345700","text":"Analysing","type":"YA","timestamp":"2023-11-09 14:01:11"},{"nodeID":"1345701","text":"Amelie: Caroline Lucas: If this was happening in a school","type":"L","timestamp":"2023-11-09 14:01:11"},{"nodeID":"1345702","text":"Asserting","type":"YA","timestamp":"2023-11-09 14:01:11"},{"nodeID":"1345703","text":"they\u2019d be in special measures","type":"I","timestamp":"2023-11-09 14:01:12"},{"nodeID":"1345704","text":"Caroline Lucas: they\u2019d be in special measures","type":"L","timestamp":"2023-11-09 14:01:12"},{"nodeID":"1345705","text":"Analysing","type":"YA","timestamp":"2023-11-09 14:01:12"},{"nodeID":"1345706","text":"Amelie: Caroline Lucas: they\u2019d be in special measures","type":"L","timestamp":"2023-11-09 14:01:12"},{"nodeID":"1345707","text":"Asserting","type":"YA","timestamp":"2023-11-09 14:01:12"},{"nodeID":"1345708","text":"it could be in a business","type":"I","timestamp":"2023-11-09 14:01:13"},{"nodeID":"1345709","text":"Caroline Lucas: If it was in a business","type":"L","timestamp":"2023-11-09 14:01:13"},{"nodeID":"1345710","text":"Analysing","type":"YA","timestamp":"2023-11-09 14:01:13"},{"nodeID":"1345711","text":"Amelie: Caroline Lucas: If it was in a business","type":"L","timestamp":"2023-11-09 14:01:13"},{"nodeID":"1345712","text":"Asserting","type":"YA","timestamp":"2023-11-09 14:01:13"},{"nodeID":"1345713","text":"they\u2019d be in administration","type":"I","timestamp":"2023-11-09 14:01:13"},{"nodeID":"1345714","text":"Caroline Lucas: they\u2019d be in administration","type":"L","timestamp":"2023-11-09 14:01:13"},{"nodeID":"1345715","text":"Analysing","type":"YA","timestamp":"2023-11-09 14:01:13"},{"nodeID":"1345716","text":"Amelie: Caroline Lucas: they\u2019d be in administration","type":"L","timestamp":"2023-11-09 14:01:13"},{"nodeID":"1345717","text":"Asserting","type":"YA","timestamp":"2023-11-09 14:01:13"},{"nodeID":"1345718","text":"instead they\u2019re this rotten, rotten government that we have to put up with","type":"I","timestamp":"2023-11-09 14:01:14"},{"nodeID":"1345719","text":"Caroline Lucas:  instead they\u2019re this rotten, rotten government that we have to put up with","type":"L","timestamp":"2023-11-09 14:01:14"},{"nodeID":"1345720","text":"Analysing","type":"YA","timestamp":"2023-11-09 14:01:14"},{"nodeID":"1345721","text":"Amelie: Caroline Lucas:  instead they\u2019re this rotten, rotten government that we have to put up with","type":"L","timestamp":"2023-11-09 14:01:14"},{"nodeID":"1345722","text":"Asserting","type":"YA","timestamp":"2023-11-09 14:01:14"},{"nodeID":"1345723","text":"Default Inference","type":"RA","timestamp":"2023-11-09 14:01:14"},{"nodeID":"1345724","text":"Default Transition","type":"TA","timestamp":"2023-11-09 14:01:14"},{"nodeID":"1345725","text":"Arguing","type":"YA","timestamp":"2023-11-09 14:01:14"},{"nodeID":"1345726","text":"Default Transition","type":"TA","timestamp":"2023-11-09 14:01:14"},{"nodeID":"1345727","text":"Default Inference","type":"RA","timestamp":"2023-11-09 14:01:14"},{"nodeID":"1345728","text":"Arguing","type":"YA","timestamp":"2023-11-09 14:01:14"},{"nodeID":"1345729","text":"Default Conflict","type":"CA","timestamp":"2023-11-09 14:01:14"},{"nodeID":"1345730","text":"Default Conflict","type":"CA","timestamp":"2023-11-09 14:01:14"},{"nodeID":"1345731","text":"Default Transition","type":"TA","timestamp":"2023-11-09 14:01:14"},{"nodeID":"1345732","text":"Default Transition","type":"TA","timestamp":"2023-11-09 14:01:14"},{"nodeID":"1345733","text":"Disagreeing","type":"YA","timestamp":"2023-11-09 14:01:14"},{"nodeID":"1345734","text":"Disagreeing","type":"YA","timestamp":"2023-11-09 14:01:14"},{"nodeID":"1345735","text":"Carolina Lucas thinks we should be putting the MPs out of their misery","type":"I","timestamp":"2023-11-09 14:01:14"},{"nodeID":"1345736","text":"Caroline Lucas: I think we should be putting them out of their misery","type":"L","timestamp":"2023-11-09 14:01:14"},{"nodeID":"1345737","text":"Analysing","type":"YA","timestamp":"2023-11-09 14:01:14"},{"nodeID":"1345738","text":"Amelie: Caroline Lucas: I think we should be putting them out of their misery","type":"L","timestamp":"2023-11-09 14:01:14"},{"nodeID":"1345739","text":"Asserting","type":"YA","timestamp":"2023-11-09 14:01:14"},{"nodeID":"1345740","text":"Carolina Lucas thinks we should be putting ourselves out of the misery of the current political situation too","type":"I","timestamp":"2023-11-09 14:01:15"},{"nodeID":"1345741","text":"Caroline Lucas: putting ourselves out of that misery too","type":"L","timestamp":"2023-11-09 14:01:15"},{"nodeID":"1345742","text":"Analysing","type":"YA","timestamp":"2023-11-09 14:01:15"},{"nodeID":"1345743","text":"Amelie: Caroline Lucas: putting ourselves out of that misery too","type":"L","timestamp":"2023-11-09 14:01:15"},{"nodeID":"1345744","text":"Asserting","type":"YA","timestamp":"2023-11-09 14:01:15"},{"nodeID":"1345745","text":"Carolina Lucas thinks we should be calling a general election right now","type":"I","timestamp":"2023-11-09 14:01:16"},{"nodeID":"1345746","text":"Caroline Lucas: calling a general election right now","type":"L","timestamp":"2023-11-09 14:01:16"},{"nodeID":"1345747","text":"Analysing","type":"YA","timestamp":"2023-11-09 14:01:16"},{"nodeID":"1345748","text":"Amelie: Caroline Lucas: calling a general election right now","type":"L","timestamp":"2023-11-09 14:01:16"},{"nodeID":"1345749","text":"Asserting","type":"YA","timestamp":"2023-11-09 14:01:16"},{"nodeID":"1345750","text":"Default Inference","type":"RA","timestamp":"2023-11-09 14:01:16"},{"nodeID":"1345751","text":"Default Inference","type":"RA","timestamp":"2023-11-09 14:01:16"},{"nodeID":"1345752","text":"Default Transition","type":"TA","timestamp":"2023-11-09 14:01:16"},{"nodeID":"1345753","text":"Arguing","type":"YA","timestamp":"2023-11-09 14:01:16"},{"nodeID":"1345754","text":"Default Transition","type":"TA","timestamp":"2023-11-09 14:01:16"},{"nodeID":"1345755","text":"Arguing","type":"YA","timestamp":"2023-11-09 14:01:16"},{"nodeID":"1345756","text":"Default Transition","type":"TA","timestamp":"2023-11-09 14:01:16"},{"nodeID":"1345757","text":"whichever side of the political divide you fall, AudienceMember 20221110QT22 notices that each scandal or whatever you want to call it, every time something comes out the level of narcissism and self-interest of MPs at the moment is off the scale","type":"I","timestamp":"2023-11-09 14:01:16"},{"nodeID":"1345758","text":"AudienceMember 20221110QT22: For myself, whichever side of the political divide you fall, I notice that each scandal or whatever you want to call it, every time something comes out the level of narcissism and self-interest of MPs at the moment is off the scale","type":"L","timestamp":"2023-11-09 14:01:16"},{"nodeID":"1345759","text":"Analysing","type":"YA","timestamp":"2023-11-09 14:01:16"},{"nodeID":"1345760","text":"Amelie: AudienceMember 20221110QT22: For myself, whichever side of the political divide you fall, I notice that each scandal or whatever you want to call it, every time something comes out the level of narcissism and self-interest of MPs at the moment is off the scale","type":"L","timestamp":"2023-11-09 14:01:16"},{"nodeID":"1345761","text":"Asserting","type":"YA","timestamp":"2023-11-09 14:01:16"},{"nodeID":"1345762","text":"the MPs need to be looking after ourselves as constituents and people of the country rather than looking after their own self-interest","type":"I","timestamp":"2023-11-09 14:01:17"},{"nodeID":"1345763","text":"AudienceMember 20221110QT22: They need to be looking after ourselves as constituents and people of the country rather than looking after their own self-interest","type":"L","timestamp":"2023-11-09 14:01:17"},{"nodeID":"1345764","text":"Analysing","type":"YA","timestamp":"2023-11-09 14:01:17"},{"nodeID":"1345765","text":"Amelie: AudienceMember 20221110QT22: They need to be looking after ourselves as constituents and people of the country rather than looking after their own self-interest","type":"L","timestamp":"2023-11-09 14:01:17"},{"nodeID":"1345766","text":"Asserting","type":"YA","timestamp":"2023-11-09 14:01:17"},{"nodeID":"1345767","text":"Matt Hancock is going into the jungle because he wants to show people the real him","type":"I","timestamp":"2023-11-09 14:01:17"},{"nodeID":"1345768","text":"Fiona Bruce: when you hear Matt Hancock saying he\u2019s going into the jungle because he wants to show people the real him","type":"L","timestamp":"2023-11-09 14:01:17"},{"nodeID":"1345769","text":"Analysing","type":"YA","timestamp":"2023-11-09 14:01:17"},{"nodeID":"1345770","text":"Amelie: Fiona Bruce: when you hear Matt Hancock saying he\u2019s going into the jungle because he wants to show people the real him","type":"L","timestamp":"2023-11-09 14:01:17"},{"nodeID":"1345771","text":"Matt Hancock: I'm going into the jungle because I want to show people the real me","type":"L","timestamp":"2023-11-09 14:01:17"},{"nodeID":"1345772","text":"Analysing","type":"YA","timestamp":"2023-11-09 14:01:17"},{"nodeID":"1345773","text":"Amelie: Matt Hancock: when you hear Matt Hancock saying he\u2019s going into the jungle because he wants to show people the real him","type":"L","timestamp":"2023-11-09 14:01:17"},{"nodeID":"1345774","text":"Asserting","type":"YA","timestamp":"2023-11-09 14:01:17"},{"nodeID":"1345775","text":"Asserting","type":"YA","timestamp":"2023-11-09 14:01:17"},{"nodeID":"1345776","text":"Default Transition","type":"TA","timestamp":"2023-11-09 14:01:17"},{"nodeID":"1345777","text":"Default Transition","type":"TA","timestamp":"2023-11-09 14:01:17"},{"nodeID":"1345778","text":"Default Transition","type":"TA","timestamp":"2023-11-09 14:01:17"},{"nodeID":"1345779","text":"Default Transition","type":"TA","timestamp":"2023-11-09 14:01:17"},{"nodeID":"1345780","text":"Default Transition","type":"TA","timestamp":"2023-11-09 14:01:17"},{"nodeID":"1345781","text":"Default Inference","type":"RA","timestamp":"2023-11-09 14:01:17"},{"nodeID":"1345782","text":"Arguing","type":"YA","timestamp":"2023-11-09 14:01:17"},{"nodeID":"1345783","text":"Default Rephrase","type":"MA","timestamp":"2023-11-09 14:01:17"},{"nodeID":"1345784","text":"Restating","type":"YA","timestamp":"2023-11-09 14:01:17"},{"nodeID":"1345785","text":"Default Rephrase","type":"MA","timestamp":"2023-11-09 14:01:17"},{"nodeID":"1345786","text":"Restating","type":"YA","timestamp":"2023-11-09 14:01:17"}],"edges":[{"edgeID":"1763215","fromID":"1345685","toID":"1345684","formEdgeID":null},{"edgeID":"1763216","fromID":"1345686","toID":"1345685","formEdgeID":null},{"edgeID":"1763217","fromID":"1345684","toID":"1345687","formEdgeID":null},{"edgeID":"1763218","fromID":"1345687","toID":"1345683","formEdgeID":null},{"edgeID":"1763219","fromID":"1345690","toID":"1345689","formEdgeID":null},{"edgeID":"1763220","fromID":"1345691","toID":"1345690","formEdgeID":null},{"edgeID":"1763221","fromID":"1345689","toID":"1345692","formEdgeID":null},{"edgeID":"1763222","fromID":"1345692","toID":"1345688","formEdgeID":null},{"edgeID":"1763223","fromID":"1345695","toID":"1345694","formEdgeID":null},{"edgeID":"1763224","fromID":"1345696","toID":"1345695","formEdgeID":null},{"edgeID":"1763225","fromID":"1345694","toID":"1345697","formEdgeID":null},{"edgeID":"1763226","fromID":"1345697","toID":"1345693","formEdgeID":null},{"edgeID":"1763227","fromID":"1345700","toID":"1345699","formEdgeID":null},{"edgeID":"1763228","fromID":"1345701","toID":"1345700","formEdgeID":null},{"edgeID":"1763229","fromID":"1345699","toID":"1345702","formEdgeID":null},{"edgeID":"1763230","fromID":"1345702","toID":"1345698","formEdgeID":null},{"edgeID":"1763231","fromID":"1345705","toID":"1345704","formEdgeID":null},{"edgeID":"1763232","fromID":"1345706","toID":"1345705","formEdgeID":null},{"edgeID":"1763233","fromID":"1345704","toID":"1345707","formEdgeID":null},{"edgeID":"1763234","fromID":"1345707","toID":"1345703","formEdgeID":null},{"edgeID":"1763235","fromID":"1345710","toID":"1345709","formEdgeID":null},{"edgeID":"1763236","fromID":"1345711","toID":"1345710","formEdgeID":null},{"edgeID":"1763237","fromID":"1345709","toID":"1345712","formEdgeID":null},{"edgeID":"1763238","fromID":"1345712","toID":"1345708","formEdgeID":null},{"edgeID":"1763239","fromID":"1345715","toID":"1345714","formEdgeID":null},{"edgeID":"1763240","fromID":"1345716","toID":"1345715","formEdgeID":null},{"edgeID":"1763241","fromID":"1345714","toID":"1345717","formEdgeID":null},{"edgeID":"1763242","fromID":"1345717","toID":"1345713","formEdgeID":null},{"edgeID":"1763243","fromID":"1345720","toID":"1345719","formEdgeID":null},{"edgeID":"1763244","fromID":"1345721","toID":"1345720","formEdgeID":null},{"edgeID":"1763245","fromID":"1345719","toID":"1345722","formEdgeID":null},{"edgeID":"1763246","fromID":"1345722","toID":"1345718","formEdgeID":null},{"edgeID":"1763247","fromID":"1345698","toID":"1345723","formEdgeID":null},{"edgeID":"1763248","fromID":"1345723","toID":"1345703","formEdgeID":null},{"edgeID":"1763249","fromID":"1345699","toID":"1345724","formEdgeID":null},{"edgeID":"1763250","fromID":"1345724","toID":"1345704","formEdgeID":null},{"edgeID":"1763251","fromID":"1345724","toID":"1345725","formEdgeID":null},{"edgeID":"1763252","fromID":"1345725","toID":"1345723","formEdgeID":null},{"edgeID":"1763253","fromID":"1345709","toID":"1345726","formEdgeID":null},{"edgeID":"1763254","fromID":"1345726","toID":"1345714","formEdgeID":null},{"edgeID":"1763255","fromID":"1345708","toID":"1345727","formEdgeID":null},{"edgeID":"1763256","fromID":"1345727","toID":"1345713","formEdgeID":null},{"edgeID":"1763257","fromID":"1345726","toID":"1345728","formEdgeID":null},{"edgeID":"1763258","fromID":"1345728","toID":"1345727","formEdgeID":null},{"edgeID":"1763259","fromID":"1345718","toID":"1345729","formEdgeID":null},{"edgeID":"1763260","fromID":"1345729","toID":"1345708","formEdgeID":null},{"edgeID":"1763261","fromID":"1345718","toID":"1345730","formEdgeID":null},{"edgeID":"1763262","fromID":"1345730","toID":"1345698","formEdgeID":null},{"edgeID":"1763263","fromID":"1345709","toID":"1345731","formEdgeID":null},{"edgeID":"1763264","fromID":"1345731","toID":"1345719","formEdgeID":null},{"edgeID":"1763265","fromID":"1345699","toID":"1345732","formEdgeID":null},{"edgeID":"1763266","fromID":"1345732","toID":"1345719","formEdgeID":null},{"edgeID":"1763267","fromID":"1345731","toID":"1345733","formEdgeID":null},{"edgeID":"1763268","fromID":"1345733","toID":"1345729","formEdgeID":null},{"edgeID":"1763269","fromID":"1345732","toID":"1345734","formEdgeID":null},{"edgeID":"1763270","fromID":"1345734","toID":"1345730","formEdgeID":null},{"edgeID":"1763271","fromID":"1345737","toID":"1345736","formEdgeID":null},{"edgeID":"1763272","fromID":"1345738","toID":"1345737","formEdgeID":null},{"edgeID":"1763273","fromID":"1345736","toID":"1345739","formEdgeID":null},{"edgeID":"1763274","fromID":"1345739","toID":"1345735","formEdgeID":null},{"edgeID":"1763275","fromID":"1345742","toID":"1345741","formEdgeID":null},{"edgeID":"1763276","fromID":"1345743","toID":"1345742","formEdgeID":null},{"edgeID":"1763277","fromID":"1345741","toID":"1345744","formEdgeID":null},{"edgeID":"1763278","fromID":"1345744","toID":"1345740","formEdgeID":null},{"edgeID":"1763279","fromID":"1345747","toID":"1345746","formEdgeID":null},{"edgeID":"1763280","fromID":"1345748","toID":"1345747","formEdgeID":null},{"edgeID":"1763281","fromID":"1345746","toID":"1345749","formEdgeID":null},{"edgeID":"1763282","fromID":"1345749","toID":"1345745","formEdgeID":null},{"edgeID":"1763283","fromID":"1345735","toID":"1345750","formEdgeID":null},{"edgeID":"1763284","fromID":"1345750","toID":"1345745","formEdgeID":null},{"edgeID":"1763285","fromID":"1345740","toID":"1345751","formEdgeID":null},{"edgeID":"1763286","fromID":"1345751","toID":"1345745","formEdgeID":null},{"edgeID":"1763287","fromID":"1345736","toID":"1345752","formEdgeID":null},{"edgeID":"1763288","fromID":"1345752","toID":"1345746","formEdgeID":null},{"edgeID":"1763289","fromID":"1345752","toID":"1345753","formEdgeID":null},{"edgeID":"1763290","fromID":"1345753","toID":"1345750","formEdgeID":null},{"edgeID":"1763291","fromID":"1345741","toID":"1345754","formEdgeID":null},{"edgeID":"1763292","fromID":"1345754","toID":"1345746","formEdgeID":null},{"edgeID":"1763293","fromID":"1345754","toID":"1345755","formEdgeID":null},{"edgeID":"1763294","fromID":"1345755","toID":"1345751","formEdgeID":null},{"edgeID":"1763295","fromID":"1345719","toID":"1345756","formEdgeID":null},{"edgeID":"1763296","fromID":"1345756","toID":"1345736","formEdgeID":null},{"edgeID":"1763297","fromID":"1345759","toID":"1345758","formEdgeID":null},{"edgeID":"1763298","fromID":"1345760","toID":"1345759","formEdgeID":null},{"edgeID":"1763299","fromID":"1345758","toID":"1345761","formEdgeID":null},{"edgeID":"1763300","fromID":"1345761","toID":"1345757","formEdgeID":null},{"edgeID":"1763301","fromID":"1345764","toID":"1345763","formEdgeID":null},{"edgeID":"1763302","fromID":"1345765","toID":"1345764","formEdgeID":null},{"edgeID":"1763303","fromID":"1345763","toID":"1345766","formEdgeID":null},{"edgeID":"1763304","fromID":"1345766","toID":"1345762","formEdgeID":null},{"edgeID":"1763305","fromID":"1345769","toID":"1345768","formEdgeID":null},{"edgeID":"1763306","fromID":"1345770","toID":"1345769","formEdgeID":null},{"edgeID":"1763307","fromID":"1345772","toID":"1345771","formEdgeID":null},{"edgeID":"1763308","fromID":"1345773","toID":"1345772","formEdgeID":null},{"edgeID":"1763309","fromID":"1345771","toID":"1345774","formEdgeID":null},{"edgeID":"1763310","fromID":"1345774","toID":"1345767","formEdgeID":null},{"edgeID":"1763311","fromID":"1345768","toID":"1345775","formEdgeID":null},{"edgeID":"1763312","fromID":"1345775","toID":"1345771","formEdgeID":null},{"edgeID":"1763313","fromID":"1345684","toID":"1345776","formEdgeID":null},{"edgeID":"1763314","fromID":"1345776","toID":"1345689","formEdgeID":null},{"edgeID":"1763315","fromID":"1345689","toID":"1345777","formEdgeID":null},{"edgeID":"1763316","fromID":"1345777","toID":"1345694","formEdgeID":null},{"edgeID":"1763317","fromID":"1345746","toID":"1345778","formEdgeID":null},{"edgeID":"1763318","fromID":"1345778","toID":"1345758","formEdgeID":null},{"edgeID":"1763319","fromID":"1345758","toID":"1345779","formEdgeID":null},{"edgeID":"1763320","fromID":"1345779","toID":"1345763","formEdgeID":null},{"edgeID":"1763321","fromID":"1345763","toID":"1345780","formEdgeID":null},{"edgeID":"1763322","fromID":"1345780","toID":"1345768","formEdgeID":null},{"edgeID":"1763323","fromID":"1345688","toID":"1345781","formEdgeID":null},{"edgeID":"1763324","fromID":"1345781","toID":"1345683","formEdgeID":null},{"edgeID":"1763325","fromID":"1345776","toID":"1345782","formEdgeID":null},{"edgeID":"1763326","fromID":"1345782","toID":"1345781","formEdgeID":null},{"edgeID":"1763327","fromID":"1345693","toID":"1345783","formEdgeID":null},{"edgeID":"1763328","fromID":"1345783","toID":"1345688","formEdgeID":null},{"edgeID":"1763329","fromID":"1345777","toID":"1345784","formEdgeID":null},{"edgeID":"1763330","fromID":"1345784","toID":"1345783","formEdgeID":null},{"edgeID":"1763331","fromID":"1345762","toID":"1345785","formEdgeID":null},{"edgeID":"1763332","fromID":"1345785","toID":"1345757","formEdgeID":null},{"edgeID":"1763333","fromID":"1345779","toID":"1345786","formEdgeID":null},{"edgeID":"1763334","fromID":"1345786","toID":"1345785","formEdgeID":null}],"locutions":[]}