{"nodes":[{"nodeID":"1343946","text":"what we need to do is find a settlement","type":"I","timestamp":"2023-11-09 13:58:43"},{"nodeID":"1343947","text":"Emily Thornberry: What we need to do is find a settlement","type":"L","timestamp":"2023-11-09 13:58:43"},{"nodeID":"1343948","text":"Analysing","type":"YA","timestamp":"2023-11-09 13:58:43"},{"nodeID":"1343949","text":"Chris: Emily Thornberry: What we need to do is find a settlement","type":"L","timestamp":"2023-11-09 13:58:43"},{"nodeID":"1343950","text":"Asserting","type":"YA","timestamp":"2023-11-09 13:58:43"},{"nodeID":"1343951","text":"as is being hinted here, it isn\u2019t just a question of pay","type":"I","timestamp":"2023-11-09 13:58:44"},{"nodeID":"1343952","text":"Emily Thornberry: as is being hinted here, it isn\u2019t just a question of pay","type":"L","timestamp":"2023-11-09 13:58:44"},{"nodeID":"1343953","text":"Analysing","type":"YA","timestamp":"2023-11-09 13:58:44"},{"nodeID":"1343954","text":"Chris: Emily Thornberry: as is being hinted here, it isn\u2019t just a question of pay","type":"L","timestamp":"2023-11-09 13:58:44"},{"nodeID":"1343955","text":"Asserting","type":"YA","timestamp":"2023-11-09 13:58:44"},{"nodeID":"1343956","text":"Default Transition","type":"TA","timestamp":"2023-11-09 13:58:44"},{"nodeID":"1343957","text":"Default Rephrase","type":"MA","timestamp":"2023-11-09 13:58:44"},{"nodeID":"1343958","text":"Restating","type":"YA","timestamp":"2023-11-09 13:58:44"},{"nodeID":"1343959","text":"it\u2019s also a chronic lack of staff","type":"I","timestamp":"2023-11-09 13:58:45"},{"nodeID":"1343960","text":"Emily Thornberry: it\u2019s also a chronic lack of staff","type":"L","timestamp":"2023-11-09 13:58:45"},{"nodeID":"1343961","text":"Analysing","type":"YA","timestamp":"2023-11-09 13:58:45"},{"nodeID":"1343962","text":"Chris: Emily Thornberry: it\u2019s also a chronic lack of staff","type":"L","timestamp":"2023-11-09 13:58:45"},{"nodeID":"1343963","text":"Asserting","type":"YA","timestamp":"2023-11-09 13:58:45"},{"nodeID":"1343964","text":"Default Transition","type":"TA","timestamp":"2023-11-09 13:58:45"},{"nodeID":"1343965","text":"Default Inference","type":"RA","timestamp":"2023-11-09 13:58:45"},{"nodeID":"1343966","text":"it\u2019s seven million people on a waiting list","type":"I","timestamp":"2023-11-09 13:58:45"},{"nodeID":"1343967","text":"Emily Thornberry: It\u2019s seven million people on a waiting list","type":"L","timestamp":"2023-11-09 13:58:45"},{"nodeID":"1343968","text":"Analysing","type":"YA","timestamp":"2023-11-09 13:58:45"},{"nodeID":"1343969","text":"Chris: Emily Thornberry: It\u2019s seven million people on a waiting list","type":"L","timestamp":"2023-11-09 13:58:45"},{"nodeID":"1343970","text":"Asserting","type":"YA","timestamp":"2023-11-09 13:58:45"},{"nodeID":"1343971","text":"Arguing","type":"YA","timestamp":"2023-11-09 13:58:45"},{"nodeID":"1343972","text":"Default Inference","type":"RA","timestamp":"2023-11-09 13:58:45"},{"nodeID":"1343973","text":"Default Transition","type":"TA","timestamp":"2023-11-09 13:58:45"},{"nodeID":"1343974","text":"Arguing","type":"YA","timestamp":"2023-11-09 13:58:45"},{"nodeID":"1343975","text":"we need to have more people coming into the NHS","type":"I","timestamp":"2023-11-09 13:58:46"},{"nodeID":"1343976","text":"Emily Thornberry: We need to have more people coming into the NHS","type":"L","timestamp":"2023-11-09 13:58:46"},{"nodeID":"1343977","text":"Analysing","type":"YA","timestamp":"2023-11-09 13:58:46"},{"nodeID":"1343978","text":"Chris: Emily Thornberry: We need to have more people coming into the NHS","type":"L","timestamp":"2023-11-09 13:58:46"},{"nodeID":"1343979","text":"Asserting","type":"YA","timestamp":"2023-11-09 13:58:46"},{"nodeID":"1343980","text":"Default Transition","type":"TA","timestamp":"2023-11-09 13:58:46"},{"nodeID":"1343981","text":"Default Inference","type":"RA","timestamp":"2023-11-09 13:58:46"},{"nodeID":"1343982","text":"Arguing","type":"YA","timestamp":"2023-11-09 13:58:46"},{"nodeID":"1343983","text":"we need to have a plan","type":"I","timestamp":"2023-11-09 13:58:47"},{"nodeID":"1343984","text":"Emily Thornberry: we need to have a plan","type":"L","timestamp":"2023-11-09 13:58:47"},{"nodeID":"1343985","text":"Analysing","type":"YA","timestamp":"2023-11-09 13:58:47"},{"nodeID":"1343986","text":"Chris: Emily Thornberry: we need to have a plan","type":"L","timestamp":"2023-11-09 13:58:47"},{"nodeID":"1343987","text":"Asserting","type":"YA","timestamp":"2023-11-09 13:58:47"},{"nodeID":"1343988","text":"Default Transition","type":"TA","timestamp":"2023-11-09 13:58:47"},{"nodeID":"1343989","text":"Default Rephrase","type":"MA","timestamp":"2023-11-09 13:58:47"},{"nodeID":"1343990","text":"Restating","type":"YA","timestamp":"2023-11-09 13:58:47"},{"nodeID":"1343991","text":"we in Labour have a plan for vastly increasing, the biggest increase in staff in the National Health Service","type":"I","timestamp":"2023-11-09 13:58:47"},{"nodeID":"1343992","text":"Emily Thornberry: We in Labour have a plan for vastly increasing, the biggest increase in staff in the National Health Service","type":"L","timestamp":"2023-11-09 13:58:47"},{"nodeID":"1343993","text":"Analysing","type":"YA","timestamp":"2023-11-09 13:58:47"},{"nodeID":"1343994","text":"Chris: Emily Thornberry: We in Labour have a plan for vastly increasing, the biggest increase in staff in the National Health Service","type":"L","timestamp":"2023-11-09 13:58:47"},{"nodeID":"1343995","text":"Asserting","type":"YA","timestamp":"2023-11-09 13:58:47"},{"nodeID":"1343996","text":"Default Transition","type":"TA","timestamp":"2023-11-09 13:58:47"},{"nodeID":"1343997","text":"a major interventionist plan for the NHS is the sort of thing that we need in order to refresh the staff the cavalry needs to","type":"I","timestamp":"2023-11-09 13:58:48"},{"nodeID":"1343998","text":"Emily Thornberry: That\u2019s the sort of thing that we need in order to refresh the staff the cavalry needs to","type":"L","timestamp":"2023-11-09 13:58:48"},{"nodeID":"1343999","text":"Analysing","type":"YA","timestamp":"2023-11-09 13:58:48"},{"nodeID":"1344000","text":"Chris: Emily Thornberry: That\u2019s the sort of thing that we need in order to refresh the staff the cavalry needs to","type":"L","timestamp":"2023-11-09 13:58:48"},{"nodeID":"1344001","text":"Asserting","type":"YA","timestamp":"2023-11-09 13:58:48"},{"nodeID":"1344002","text":"Default Transition","type":"TA","timestamp":"2023-11-09 13:58:48"},{"nodeID":"1344003","text":"Default Rephrase","type":"MA","timestamp":"2023-11-09 13:58:48"},{"nodeID":"1344004","text":"Restating","type":"YA","timestamp":"2023-11-09 13:58:48"},{"nodeID":"1344005","text":"Shadow Health Secretary said he wouldn't pay it either","type":"I","timestamp":"2023-11-09 13:58:49"},{"nodeID":"1344006","text":"Mark Harper: Shadow Health Secretary said he wouldn't pay it either","type":"L","timestamp":"2023-11-09 13:58:49"},{"nodeID":"1344007","text":"Analysing","type":"YA","timestamp":"2023-11-09 13:58:49"},{"nodeID":"1344008","text":"Chris: Mark Harper: Shadow Health Secretary said he wouldn't pay it either","type":"L","timestamp":"2023-11-09 13:58:49"},{"nodeID":"1344009","text":"Asserting","type":"YA","timestamp":"2023-11-09 13:58:49"},{"nodeID":"1344010","text":"Default Transition","type":"TA","timestamp":"2023-11-09 13:58:49"},{"nodeID":"1344011","text":"Default Conflict","type":"CA","timestamp":"2023-11-09 13:58:49"},{"nodeID":"1344012","text":"Disagreeing","type":"YA","timestamp":"2023-11-09 13:58:49"},{"nodeID":"1344013","text":"Shadow Health Secretary said he wouldn\u2019t pay a 17.6 per cent pay rise either","type":"I","timestamp":"2023-11-09 13:58:49"},{"nodeID":"1344014","text":"Mark Harper:  Shadow Health Secretary said he wouldn\u2019t pay a 17.6 per cent pay rise either","type":"L","timestamp":"2023-11-09 13:58:49"},{"nodeID":"1344015","text":"Analysing","type":"YA","timestamp":"2023-11-09 13:58:49"},{"nodeID":"1344016","text":"Chris: Mark Harper:  Shadow Health Secretary said he wouldn\u2019t pay a 17.6 per cent pay rise either","type":"L","timestamp":"2023-11-09 13:58:49"},{"nodeID":"1344017","text":"Asserting","type":"YA","timestamp":"2023-11-09 13:58:49"},{"nodeID":"1344018","text":"Emily Thornberry: sorry?","type":"L","timestamp":"2023-11-09 13:58:49"},{"nodeID":"1344019","text":"Analysing","type":"YA","timestamp":"2023-11-09 13:58:49"},{"nodeID":"1344020","text":"Chris: Emily Thornberry: sorry?","type":"L","timestamp":"2023-11-09 13:58:49"},{"nodeID":"1344021","text":"Default Transition","type":"TA","timestamp":"2023-11-09 13:58:49"},{"nodeID":"1344022","text":"Challenging","type":"YA","timestamp":"2023-11-09 13:58:49"},{"nodeID":"1344023","text":"Default Transition","type":"TA","timestamp":"2023-11-09 13:58:49"},{"nodeID":"1344024","text":"Default Rephrase","type":"MA","timestamp":"2023-11-09 13:58:49"},{"nodeID":"1344025","text":"Restating","type":"YA","timestamp":"2023-11-09 13:58:49"},{"nodeID":"1344026","text":"the Shadow Health Secretary said a 17.6% pay rise for nurses was unaffordable","type":"I","timestamp":"2023-11-09 13:58:50"},{"nodeID":"1344027","text":"Mark Harper: He said it was unaffordable","type":"L","timestamp":"2023-11-09 13:58:50"},{"nodeID":"1344028","text":"Analysing","type":"YA","timestamp":"2023-11-09 13:58:50"},{"nodeID":"1344029","text":"Chris: Mark Harper: He said it was unaffordable","type":"L","timestamp":"2023-11-09 13:58:50"},{"nodeID":"1344030","text":"Asserting","type":"YA","timestamp":"2023-11-09 13:58:50"},{"nodeID":"1344031","text":"Default Transition","type":"TA","timestamp":"2023-11-09 13:58:50"},{"nodeID":"1344032","text":"Default Inference","type":"RA","timestamp":"2023-11-09 13:58:50"},{"nodeID":"1344033","text":"Arguing","type":"YA","timestamp":"2023-11-09 13:58:50"},{"nodeID":"1344034","text":"the payment for the increase in staff, Labour have made clear how we will pay for that","type":"I","timestamp":"2023-11-09 13:58:50"},{"nodeID":"1344035","text":"Emily Thornberry: the payment for the increase in staff, we\u2019ve made clear how we will pay for that","type":"L","timestamp":"2023-11-09 13:58:50"},{"nodeID":"1344036","text":"Analysing","type":"YA","timestamp":"2023-11-09 13:58:50"},{"nodeID":"1344037","text":"Chris: Emily Thornberry: the payment for the increase in staff, we\u2019ve made clear how we will pay for that","type":"L","timestamp":"2023-11-09 13:58:50"},{"nodeID":"1344038","text":"Asserting","type":"YA","timestamp":"2023-11-09 13:58:50"},{"nodeID":"1344039","text":"Default Transition","type":"TA","timestamp":"2023-11-09 13:58:50"},{"nodeID":"1344040","text":"Default Rephrase","type":"MA","timestamp":"2023-11-09 13:58:50"},{"nodeID":"1344041","text":"Default Transition","type":"TA","timestamp":"2023-11-09 13:58:50"},{"nodeID":"1344042","text":"Default Conflict","type":"CA","timestamp":"2023-11-09 13:58:50"},{"nodeID":"1344043","text":"Disagreeing","type":"YA","timestamp":"2023-11-09 13:58:50"},{"nodeID":"1344044","text":"Restating","type":"YA","timestamp":"2023-11-09 13:58:50"},{"nodeID":"1344045","text":"Labour have a detailed plan as to how we will vastly increase the number of nurses, midwives, health visitors, doubling the number of places of doctors","type":"I","timestamp":"2023-11-09 13:58:51"},{"nodeID":"1344046","text":"Emily Thornberry: we have a detailed plan as to how we will vastly increase the number of nurses, midwives, health visitors, doubling the number of places of doctors","type":"L","timestamp":"2023-11-09 13:58:51"},{"nodeID":"1344047","text":"Analysing","type":"YA","timestamp":"2023-11-09 13:58:51"},{"nodeID":"1344048","text":"Chris: Emily Thornberry: we have a detailed plan as to how we will vastly increase the number of nurses, midwives, health visitors, doubling the number of places of doctors","type":"L","timestamp":"2023-11-09 13:58:51"},{"nodeID":"1344049","text":"Asserting","type":"YA","timestamp":"2023-11-09 13:58:51"},{"nodeID":"1344050","text":"Default Transition","type":"TA","timestamp":"2023-11-09 13:58:51"},{"nodeID":"1344051","text":"Default Rephrase","type":"MA","timestamp":"2023-11-09 13:58:51"},{"nodeID":"1344052","text":"Restating","type":"YA","timestamp":"2023-11-09 13:58:51"},{"nodeID":"1344053","text":"we cannot carry on as we are","type":"I","timestamp":"2023-11-09 13:58:52"},{"nodeID":"1344054","text":"Emily Thornberry: we cannot carry on as we are","type":"L","timestamp":"2023-11-09 13:58:52"},{"nodeID":"1344055","text":"Analysing","type":"YA","timestamp":"2023-11-09 13:58:52"},{"nodeID":"1344056","text":"Chris: Emily Thornberry: we cannot carry on as we are","type":"L","timestamp":"2023-11-09 13:58:52"},{"nodeID":"1344057","text":"Asserting","type":"YA","timestamp":"2023-11-09 13:58:52"},{"nodeID":"1344058","text":"Default Transition","type":"TA","timestamp":"2023-11-09 13:58:52"},{"nodeID":"1344059","text":"Default Inference","type":"RA","timestamp":"2023-11-09 13:58:52"},{"nodeID":"1344060","text":"Arguing","type":"YA","timestamp":"2023-11-09 13:58:52"},{"nodeID":"1344061","text":"just to be clear, the government doesn\u2019t support the request for 17.6 per cent, and neither does Labour","type":"I","timestamp":"2023-11-09 13:58:52"},{"nodeID":"1344062","text":"Fiona Bruce: just to be clear, the government doesn\u2019t support the request for 17.6 per cent, and neither does Labour","type":"L","timestamp":"2023-11-09 13:58:52"},{"nodeID":"1344063","text":"Analysing","type":"YA","timestamp":"2023-11-09 13:58:52"},{"nodeID":"1344064","text":"Chris: Fiona Bruce: just to be clear, the government doesn\u2019t support the request for 17.6 per cent, and neither does Labour","type":"L","timestamp":"2023-11-09 13:58:52"},{"nodeID":"1344065","text":"Assertive Questioning","type":"YA","timestamp":"2023-11-09 13:58:52"},{"nodeID":"1344066","text":"Default Transition","type":"TA","timestamp":"2023-11-09 13:58:52"},{"nodeID":"1344067","text":"Challenging","type":"YA","timestamp":"2023-11-09 13:58:52"},{"nodeID":"1344068","text":"Default Inference","type":"RA","timestamp":"2023-11-09 13:58:52"},{"nodeID":"1344069","text":"Arguing","type":"YA","timestamp":"2023-11-09 13:58:52"}],"edges":[{"edgeID":"1761141","fromID":"1343948","toID":"1343947","formEdgeID":null},{"edgeID":"1761142","fromID":"1343949","toID":"1343948","formEdgeID":null},{"edgeID":"1761143","fromID":"1343947","toID":"1343950","formEdgeID":null},{"edgeID":"1761144","fromID":"1343950","toID":"1343946","formEdgeID":null},{"edgeID":"1761145","fromID":"1343953","toID":"1343952","formEdgeID":null},{"edgeID":"1761146","fromID":"1343954","toID":"1343953","formEdgeID":null},{"edgeID":"1761147","fromID":"1343952","toID":"1343955","formEdgeID":null},{"edgeID":"1761148","fromID":"1343955","toID":"1343951","formEdgeID":null},{"edgeID":"1761149","fromID":"1343947","toID":"1343956","formEdgeID":null},{"edgeID":"1761150","fromID":"1343956","toID":"1343952","formEdgeID":null},{"edgeID":"1761151","fromID":"1343951","toID":"1343957","formEdgeID":null},{"edgeID":"1761152","fromID":"1343957","toID":"1343946","formEdgeID":null},{"edgeID":"1761153","fromID":"1343956","toID":"1343958","formEdgeID":null},{"edgeID":"1761154","fromID":"1343958","toID":"1343957","formEdgeID":null},{"edgeID":"1761155","fromID":"1343961","toID":"1343960","formEdgeID":null},{"edgeID":"1761156","fromID":"1343962","toID":"1343961","formEdgeID":null},{"edgeID":"1761157","fromID":"1343960","toID":"1343963","formEdgeID":null},{"edgeID":"1761158","fromID":"1343963","toID":"1343959","formEdgeID":null},{"edgeID":"1761159","fromID":"1343952","toID":"1343964","formEdgeID":null},{"edgeID":"1761160","fromID":"1343964","toID":"1343960","formEdgeID":null},{"edgeID":"1761161","fromID":"1343959","toID":"1343965","formEdgeID":null},{"edgeID":"1761162","fromID":"1343965","toID":"1343951","formEdgeID":null},{"edgeID":"1761163","fromID":"1343968","toID":"1343967","formEdgeID":null},{"edgeID":"1761164","fromID":"1343969","toID":"1343968","formEdgeID":null},{"edgeID":"1761165","fromID":"1343967","toID":"1343970","formEdgeID":null},{"edgeID":"1761166","fromID":"1343970","toID":"1343966","formEdgeID":null},{"edgeID":"1761167","fromID":"1343964","toID":"1343971","formEdgeID":null},{"edgeID":"1761168","fromID":"1343971","toID":"1343965","formEdgeID":null},{"edgeID":"1761169","fromID":"1343966","toID":"1343972","formEdgeID":null},{"edgeID":"1761170","fromID":"1343972","toID":"1343951","formEdgeID":null},{"edgeID":"1761171","fromID":"1343960","toID":"1343973","formEdgeID":null},{"edgeID":"1761172","fromID":"1343973","toID":"1343967","formEdgeID":null},{"edgeID":"1761173","fromID":"1343973","toID":"1343974","formEdgeID":null},{"edgeID":"1761174","fromID":"1343974","toID":"1343972","formEdgeID":null},{"edgeID":"1761175","fromID":"1343977","toID":"1343976","formEdgeID":null},{"edgeID":"1761176","fromID":"1343978","toID":"1343977","formEdgeID":null},{"edgeID":"1761177","fromID":"1343976","toID":"1343979","formEdgeID":null},{"edgeID":"1761178","fromID":"1343979","toID":"1343975","formEdgeID":null},{"edgeID":"1761179","fromID":"1343967","toID":"1343980","formEdgeID":null},{"edgeID":"1761180","fromID":"1343980","toID":"1343976","formEdgeID":null},{"edgeID":"1761181","fromID":"1343966","toID":"1343981","formEdgeID":null},{"edgeID":"1761182","fromID":"1343981","toID":"1343975","formEdgeID":null},{"edgeID":"1761183","fromID":"1343959","toID":"1343981","formEdgeID":null},{"edgeID":"1761184","fromID":"1343951","toID":"1343981","formEdgeID":null},{"edgeID":"1761185","fromID":"1343980","toID":"1343982","formEdgeID":null},{"edgeID":"1761186","fromID":"1343982","toID":"1343981","formEdgeID":null},{"edgeID":"1761187","fromID":"1343985","toID":"1343984","formEdgeID":null},{"edgeID":"1761188","fromID":"1343986","toID":"1343985","formEdgeID":null},{"edgeID":"1761189","fromID":"1343984","toID":"1343987","formEdgeID":null},{"edgeID":"1761190","fromID":"1343987","toID":"1343983","formEdgeID":null},{"edgeID":"1761191","fromID":"1343976","toID":"1343988","formEdgeID":null},{"edgeID":"1761192","fromID":"1343988","toID":"1343984","formEdgeID":null},{"edgeID":"1761193","fromID":"1343983","toID":"1343989","formEdgeID":null},{"edgeID":"1761194","fromID":"1343989","toID":"1343975","formEdgeID":null},{"edgeID":"1761195","fromID":"1343988","toID":"1343990","formEdgeID":null},{"edgeID":"1761196","fromID":"1343990","toID":"1343989","formEdgeID":null},{"edgeID":"1761197","fromID":"1343993","toID":"1343992","formEdgeID":null},{"edgeID":"1761198","fromID":"1343994","toID":"1343993","formEdgeID":null},{"edgeID":"1761199","fromID":"1343992","toID":"1343995","formEdgeID":null},{"edgeID":"1761200","fromID":"1343995","toID":"1343991","formEdgeID":null},{"edgeID":"1761201","fromID":"1343984","toID":"1343996","formEdgeID":null},{"edgeID":"1761202","fromID":"1343996","toID":"1343992","formEdgeID":null},{"edgeID":"1761203","fromID":"1343999","toID":"1343998","formEdgeID":null},{"edgeID":"1761204","fromID":"1344000","toID":"1343999","formEdgeID":null},{"edgeID":"1761205","fromID":"1343998","toID":"1344001","formEdgeID":null},{"edgeID":"1761206","fromID":"1344001","toID":"1343997","formEdgeID":null},{"edgeID":"1761207","fromID":"1343992","toID":"1344002","formEdgeID":null},{"edgeID":"1761208","fromID":"1344002","toID":"1343998","formEdgeID":null},{"edgeID":"1761209","fromID":"1343997","toID":"1344003","formEdgeID":null},{"edgeID":"1761210","fromID":"1344003","toID":"1343991","formEdgeID":null},{"edgeID":"1761211","fromID":"1344002","toID":"1344004","formEdgeID":null},{"edgeID":"1761212","fromID":"1344004","toID":"1344003","formEdgeID":null},{"edgeID":"1761213","fromID":"1344007","toID":"1344006","formEdgeID":null},{"edgeID":"1761214","fromID":"1344008","toID":"1344007","formEdgeID":null},{"edgeID":"1761215","fromID":"1344006","toID":"1344009","formEdgeID":null},{"edgeID":"1761216","fromID":"1344009","toID":"1344005","formEdgeID":null},{"edgeID":"1761217","fromID":"1343998","toID":"1344010","formEdgeID":null},{"edgeID":"1761218","fromID":"1344010","toID":"1344006","formEdgeID":null},{"edgeID":"1761219","fromID":"1344005","toID":"1344011","formEdgeID":null},{"edgeID":"1761220","fromID":"1344011","toID":"1343991","formEdgeID":null},{"edgeID":"1761221","fromID":"1344010","toID":"1344012","formEdgeID":null},{"edgeID":"1761222","fromID":"1344012","toID":"1344011","formEdgeID":null},{"edgeID":"1761223","fromID":"1344015","toID":"1344014","formEdgeID":null},{"edgeID":"1761224","fromID":"1344016","toID":"1344015","formEdgeID":null},{"edgeID":"1761225","fromID":"1344014","toID":"1344017","formEdgeID":null},{"edgeID":"1761226","fromID":"1344017","toID":"1344013","formEdgeID":null},{"edgeID":"1761227","fromID":"1344019","toID":"1344018","formEdgeID":null},{"edgeID":"1761228","fromID":"1344020","toID":"1344019","formEdgeID":null},{"edgeID":"1761229","fromID":"1344006","toID":"1344021","formEdgeID":null},{"edgeID":"1761230","fromID":"1344021","toID":"1344018","formEdgeID":null},{"edgeID":"1761231","fromID":"1344021","toID":"1344022","formEdgeID":null},{"edgeID":"1761232","fromID":"1344022","toID":"1344005","formEdgeID":null},{"edgeID":"1761233","fromID":"1344018","toID":"1344023","formEdgeID":null},{"edgeID":"1761234","fromID":"1344023","toID":"1344014","formEdgeID":null},{"edgeID":"1761235","fromID":"1344013","toID":"1344024","formEdgeID":null},{"edgeID":"1761236","fromID":"1344024","toID":"1344005","formEdgeID":null},{"edgeID":"1761237","fromID":"1344023","toID":"1344025","formEdgeID":null},{"edgeID":"1761238","fromID":"1344025","toID":"1344024","formEdgeID":null},{"edgeID":"1761239","fromID":"1344028","toID":"1344027","formEdgeID":null},{"edgeID":"1761240","fromID":"1344029","toID":"1344028","formEdgeID":null},{"edgeID":"1761241","fromID":"1344027","toID":"1344030","formEdgeID":null},{"edgeID":"1761242","fromID":"1344030","toID":"1344026","formEdgeID":null},{"edgeID":"1761243","fromID":"1344014","toID":"1344031","formEdgeID":null},{"edgeID":"1761244","fromID":"1344031","toID":"1344027","formEdgeID":null},{"edgeID":"1761245","fromID":"1344026","toID":"1344032","formEdgeID":null},{"edgeID":"1761246","fromID":"1344032","toID":"1344013","formEdgeID":null},{"edgeID":"1761247","fromID":"1344031","toID":"1344033","formEdgeID":null},{"edgeID":"1761248","fromID":"1344033","toID":"1344032","formEdgeID":null},{"edgeID":"1761249","fromID":"1344036","toID":"1344035","formEdgeID":null},{"edgeID":"1761250","fromID":"1344037","toID":"1344036","formEdgeID":null},{"edgeID":"1761251","fromID":"1344035","toID":"1344038","formEdgeID":null},{"edgeID":"1761252","fromID":"1344038","toID":"1344034","formEdgeID":null},{"edgeID":"1761253","fromID":"1344027","toID":"1344039","formEdgeID":null},{"edgeID":"1761254","fromID":"1344039","toID":"1344035","formEdgeID":null},{"edgeID":"1761255","fromID":"1344034","toID":"1344040","formEdgeID":null},{"edgeID":"1761256","fromID":"1344040","toID":"1343991","formEdgeID":null},{"edgeID":"1761257","fromID":"1343992","toID":"1344041","formEdgeID":null},{"edgeID":"1761258","fromID":"1344041","toID":"1344035","formEdgeID":null},{"edgeID":"1761259","fromID":"1344034","toID":"1344042","formEdgeID":null},{"edgeID":"1761260","fromID":"1344042","toID":"1344026","formEdgeID":null},{"edgeID":"1761261","fromID":"1344039","toID":"1344043","formEdgeID":null},{"edgeID":"1761262","fromID":"1344043","toID":"1344042","formEdgeID":null},{"edgeID":"1761263","fromID":"1344041","toID":"1344044","formEdgeID":null},{"edgeID":"1761264","fromID":"1344044","toID":"1344040","formEdgeID":null},{"edgeID":"1761265","fromID":"1344047","toID":"1344046","formEdgeID":null},{"edgeID":"1761266","fromID":"1344048","toID":"1344047","formEdgeID":null},{"edgeID":"1761267","fromID":"1344046","toID":"1344049","formEdgeID":null},{"edgeID":"1761268","fromID":"1344049","toID":"1344045","formEdgeID":null},{"edgeID":"1761269","fromID":"1344035","toID":"1344050","formEdgeID":null},{"edgeID":"1761270","fromID":"1344050","toID":"1344046","formEdgeID":null},{"edgeID":"1761271","fromID":"1344045","toID":"1344051","formEdgeID":null},{"edgeID":"1761272","fromID":"1344051","toID":"1344034","formEdgeID":null},{"edgeID":"1761273","fromID":"1344050","toID":"1344052","formEdgeID":null},{"edgeID":"1761274","fromID":"1344052","toID":"1344051","formEdgeID":null},{"edgeID":"1761275","fromID":"1344055","toID":"1344054","formEdgeID":null},{"edgeID":"1761276","fromID":"1344056","toID":"1344055","formEdgeID":null},{"edgeID":"1761277","fromID":"1344054","toID":"1344057","formEdgeID":null},{"edgeID":"1761278","fromID":"1344057","toID":"1344053","formEdgeID":null},{"edgeID":"1761279","fromID":"1344046","toID":"1344058","formEdgeID":null},{"edgeID":"1761280","fromID":"1344058","toID":"1344054","formEdgeID":null},{"edgeID":"1761281","fromID":"1344053","toID":"1344059","formEdgeID":null},{"edgeID":"1761282","fromID":"1344059","toID":"1344045","formEdgeID":null},{"edgeID":"1761283","fromID":"1344058","toID":"1344060","formEdgeID":null},{"edgeID":"1761284","fromID":"1344060","toID":"1344059","formEdgeID":null},{"edgeID":"1761285","fromID":"1344063","toID":"1344062","formEdgeID":null},{"edgeID":"1761286","fromID":"1344064","toID":"1344063","formEdgeID":null},{"edgeID":"1761287","fromID":"1344062","toID":"1344065","formEdgeID":null},{"edgeID":"1761288","fromID":"1344065","toID":"1344061","formEdgeID":null},{"edgeID":"1761289","fromID":"1344054","toID":"1344066","formEdgeID":null},{"edgeID":"1761290","fromID":"1344066","toID":"1344062","formEdgeID":null},{"edgeID":"1761291","fromID":"1344066","toID":"1344067","formEdgeID":null},{"edgeID":"1761292","fromID":"1344067","toID":"1344053","formEdgeID":null},{"edgeID":"1761293","fromID":"1343983","toID":"1344068","formEdgeID":null},{"edgeID":"1761294","fromID":"1344068","toID":"1343991","formEdgeID":null},{"edgeID":"1761295","fromID":"1343996","toID":"1344069","formEdgeID":null},{"edgeID":"1761296","fromID":"1344069","toID":"1344068","formEdgeID":null}],"locutions":[]}