{"nodes":[{"nodeID":"1344386","text":"AudienceMember 20221110QT13 does not believe anyone should have an above inflation pay rise","type":"I","timestamp":"2023-11-09 13:59:19"},{"nodeID":"1344387","text":"AudienceMember 20221110QT13: I don\u2019t believe anyone should have an above inflation pay rise","type":"L","timestamp":"2023-11-09 13:59:19"},{"nodeID":"1344388","text":"Analysing","type":"YA","timestamp":"2023-11-09 13:59:19"},{"nodeID":"1344389","text":"Anon: AudienceMember 20221110QT13: I don\u2019t believe anyone should have an above inflation pay rise","type":"L","timestamp":"2023-11-09 13:59:19"},{"nodeID":"1344390","text":"Asserting","type":"YA","timestamp":"2023-11-09 13:59:19"},{"nodeID":"1344391","text":"there is a genuine need for a fair and reasonable offer in matter of pay rise","type":"I","timestamp":"2023-11-09 13:59:20"},{"nodeID":"1344392","text":"AudienceMember 20221110QT13: there is a genuine need for a fair and reasonable offer in this matter","type":"L","timestamp":"2023-11-09 13:59:20"},{"nodeID":"1344393","text":"Analysing","type":"YA","timestamp":"2023-11-09 13:59:20"},{"nodeID":"1344394","text":"Anon: AudienceMember 20221110QT13: there is a genuine need for a fair and reasonable offer in this matter","type":"L","timestamp":"2023-11-09 13:59:20"},{"nodeID":"1344395","text":"Asserting","type":"YA","timestamp":"2023-11-09 13:59:20"},{"nodeID":"1344396","text":"Default Transition","type":"TA","timestamp":"2023-11-09 13:59:20"},{"nodeID":"1344397","text":"Default Rephrase","type":"MA","timestamp":"2023-11-09 13:59:20"},{"nodeID":"1344398","text":"Restating","type":"YA","timestamp":"2023-11-09 13:59:20"},{"nodeID":"1344399","text":"AudienceMember 20221110QT13 has two daughters that are at university","type":"I","timestamp":"2023-11-09 13:59:20"},{"nodeID":"1344400","text":"AudienceMember 20221110QT13: I have two daughters that are at university","type":"L","timestamp":"2023-11-09 13:59:20"},{"nodeID":"1344401","text":"Analysing","type":"YA","timestamp":"2023-11-09 13:59:20"},{"nodeID":"1344402","text":"Anon: AudienceMember 20221110QT13: I have two daughters that are at university","type":"L","timestamp":"2023-11-09 13:59:20"},{"nodeID":"1344403","text":"Asserting","type":"YA","timestamp":"2023-11-09 13:59:20"},{"nodeID":"1344404","text":"Default Transition","type":"TA","timestamp":"2023-11-09 13:59:20"},{"nodeID":"1344405","text":"one of AudienceMember 20221110QT13's daughters is studying to be a doctor, the other\u2019s studying to be a nurse","type":"I","timestamp":"2023-11-09 13:59:21"},{"nodeID":"1344406","text":"AudienceMember 20221110QT13: One\u2019s studying to be a doctor, the other\u2019s studying to be a nurse","type":"L","timestamp":"2023-11-09 13:59:21"},{"nodeID":"1344407","text":"Analysing","type":"YA","timestamp":"2023-11-09 13:59:21"},{"nodeID":"1344408","text":"Anon: AudienceMember 20221110QT13: One\u2019s studying to be a doctor, the other\u2019s studying to be a nurse","type":"L","timestamp":"2023-11-09 13:59:21"},{"nodeID":"1344409","text":"Asserting","type":"YA","timestamp":"2023-11-09 13:59:21"},{"nodeID":"1344410","text":"Default Transition","type":"TA","timestamp":"2023-11-09 13:59:21"},{"nodeID":"1344411","text":"Default Rephrase","type":"MA","timestamp":"2023-11-09 13:59:21"},{"nodeID":"1344412","text":"Restating","type":"YA","timestamp":"2023-11-09 13:59:21"},{"nodeID":"1344413","text":"amongst AudienceMember 20221110QT13's daughters and their peers there\u2019s genuine concern about recruitment and retention, that people are not coming through for these careers, and certainly not of the calibre that we would want","type":"I","timestamp":"2023-11-09 13:59:22"},{"nodeID":"1344414","text":"AudienceMember 20221110QT13: amongst them and their peers there\u2019s genuine concern about recruitment and retention, that people are not coming through for these careers, and certainly not of the calibre that we would want","type":"L","timestamp":"2023-11-09 13:59:22"},{"nodeID":"1344415","text":"Analysing","type":"YA","timestamp":"2023-11-09 13:59:22"},{"nodeID":"1344416","text":"Anon: AudienceMember 20221110QT13: amongst them and their peers there\u2019s genuine concern about recruitment and retention, that people are not coming through for these careers, and certainly not of the calibre that we would want","type":"L","timestamp":"2023-11-09 13:59:22"},{"nodeID":"1344417","text":"Asserting","type":"YA","timestamp":"2023-11-09 13:59:22"},{"nodeID":"1344418","text":"Default Transition","type":"TA","timestamp":"2023-11-09 13:59:22"},{"nodeID":"1344419","text":"Default Rephrase","type":"MA","timestamp":"2023-11-09 13:59:22"},{"nodeID":"1344420","text":"Restating","type":"YA","timestamp":"2023-11-09 13:59:22"},{"nodeID":"1344421","text":"AudienceMember 20221110QT14 would agree that morale is at its worst ever in the NHS, whether it\u2019s on the frontline or people who are working strategically and supporting those people working on the frontline","type":"I","timestamp":"2023-11-09 13:59:22"},{"nodeID":"1344422","text":"AudienceMember 20221110QT14: I would agree that morale is at its worst ever in the NHS, whether it\u2019s on the frontline or people who are working strategically and supporting those people working on the frontline","type":"L","timestamp":"2023-11-09 13:59:22"},{"nodeID":"1344423","text":"Analysing","type":"YA","timestamp":"2023-11-09 13:59:22"},{"nodeID":"1344424","text":"Anon: AudienceMember 20221110QT14: I would agree that morale is at its worst ever in the NHS, whether it\u2019s on the frontline or people who are working strategically and supporting those people working on the frontline","type":"L","timestamp":"2023-11-09 13:59:22"},{"nodeID":"1344425","text":"Asserting","type":"YA","timestamp":"2023-11-09 13:59:22"},{"nodeID":"1344426","text":"Default Transition","type":"TA","timestamp":"2023-11-09 13:59:22"},{"nodeID":"1344427","text":"AudienceMember 20221110QT14 is or is not saying that the NHS is at its worst morale ever as someone from inside the NHS","type":"I","timestamp":"2023-11-09 13:59:23"},{"nodeID":"1344428","text":"Fiona Bruce: Are you saying that as someone from inside the NHS","type":"L","timestamp":"2023-11-09 13:59:23"},{"nodeID":"1344429","text":"Analysing","type":"YA","timestamp":"2023-11-09 13:59:23"},{"nodeID":"1344430","text":"Anon: Fiona Bruce: Are you saying that as someone from inside the NHS","type":"L","timestamp":"2023-11-09 13:59:23"},{"nodeID":"1344431","text":"Pure Questioning","type":"YA","timestamp":"2023-11-09 13:59:23"},{"nodeID":"1344432","text":"Default Transition","type":"TA","timestamp":"2023-11-09 13:59:23"},{"nodeID":"1344433","text":"AudienceMember 20221110QT15: Yes","type":"L","timestamp":"2023-11-09 13:59:23"},{"nodeID":"1344434","text":"Analysing","type":"YA","timestamp":"2023-11-09 13:59:23"},{"nodeID":"1344435","text":"Anon: AudienceMember 20221110QT15: Yes","type":"L","timestamp":"2023-11-09 13:59:23"},{"nodeID":"1344436","text":"Default Transition","type":"TA","timestamp":"2023-11-09 13:59:23"},{"nodeID":"1344437","text":"Agreeing","type":"YA","timestamp":"2023-11-09 13:59:23"},{"nodeID":"1344438","text":"AudienceMember 20221110QT15 does xxx","type":"I","timestamp":"2023-11-09 13:59:24"},{"nodeID":"1344439","text":"Fiona Bruce: What do you do","type":"L","timestamp":"2023-11-09 13:59:24"},{"nodeID":"1344440","text":"Analysing","type":"YA","timestamp":"2023-11-09 13:59:24"},{"nodeID":"1344441","text":"Anon: Fiona Bruce: What do you do","type":"L","timestamp":"2023-11-09 13:59:24"},{"nodeID":"1344442","text":"Pure Questioning","type":"YA","timestamp":"2023-11-09 13:59:24"},{"nodeID":"1344443","text":"AudienceMember 20221110QT16 is the diagnostic workforce lead for the south west","type":"I","timestamp":"2023-11-09 13:59:24"},{"nodeID":"1344444","text":"AudienceMember 20221110QT16: I\u2019m the diagnostic workforce lead for the south west","type":"L","timestamp":"2023-11-09 13:59:24"},{"nodeID":"1344445","text":"Analysing","type":"YA","timestamp":"2023-11-09 13:59:24"},{"nodeID":"1344446","text":"Anon: AudienceMember 20221110QT16: I\u2019m the diagnostic workforce lead for the south west","type":"L","timestamp":"2023-11-09 13:59:24"},{"nodeID":"1344447","text":"Asserting","type":"YA","timestamp":"2023-11-09 13:59:24"},{"nodeID":"1344448","text":"Default Transition","type":"TA","timestamp":"2023-11-09 13:59:24"},{"nodeID":"1344449","text":"Default Rephrase","type":"MA","timestamp":"2023-11-09 13:59:24"},{"nodeID":"1344450","text":"Default Illocuting","type":"YA","timestamp":"2023-11-09 13:59:24"},{"nodeID":"1344451","text":"people are exhausted","type":"I","timestamp":"2023-11-09 13:59:25"},{"nodeID":"1344452","text":"Emily Thornberry: people are exhausted","type":"L","timestamp":"2023-11-09 13:59:25"},{"nodeID":"1344453","text":"Analysing","type":"YA","timestamp":"2023-11-09 13:59:25"},{"nodeID":"1344454","text":"Anon: Emily Thornberry: people are exhausted","type":"L","timestamp":"2023-11-09 13:59:25"},{"nodeID":"1344455","text":"Asserting","type":"YA","timestamp":"2023-11-09 13:59:25"},{"nodeID":"1344456","text":"Default Transition","type":"TA","timestamp":"2023-11-09 13:59:25"},{"nodeID":"1344457","text":"AudienceMember 20221110QT17: They are","type":"L","timestamp":"2023-11-09 13:59:25"},{"nodeID":"1344458","text":"Analysing","type":"YA","timestamp":"2023-11-09 13:59:25"},{"nodeID":"1344459","text":"Anon: AudienceMember 20221110QT17: They are","type":"L","timestamp":"2023-11-09 13:59:25"},{"nodeID":"1344460","text":"Default Transition","type":"TA","timestamp":"2023-11-09 13:59:25"},{"nodeID":"1344461","text":"Agreeing","type":"YA","timestamp":"2023-11-09 13:59:25"},{"nodeID":"1344462","text":"Emily Thornberry: They\u2019re exhausted","type":"L","timestamp":"2023-11-09 13:59:25"},{"nodeID":"1344463","text":"Analysing","type":"YA","timestamp":"2023-11-09 13:59:25"},{"nodeID":"1344464","text":"Anon: Emily Thornberry: They\u2019re exhausted","type":"L","timestamp":"2023-11-09 13:59:25"},{"nodeID":"1344465","text":"Default Transition","type":"TA","timestamp":"2023-11-09 13:59:25"},{"nodeID":"1344466","text":"Restating","type":"YA","timestamp":"2023-11-09 13:59:25"},{"nodeID":"1344467","text":"Default Rephrase","type":"MA","timestamp":"2023-11-09 13:59:25"},{"nodeID":"1344468","text":"Restating","type":"YA","timestamp":"2023-11-09 13:59:25"},{"nodeID":"1344469","text":"Default Rephrase","type":"MA","timestamp":"2023-11-09 13:59:25"},{"nodeID":"1344470","text":"Default Transition","type":"TA","timestamp":"2023-11-09 13:59:25"},{"nodeID":"1344471","text":"Restating","type":"YA","timestamp":"2023-11-09 13:59:25"}],"edges":[{"edgeID":"1761668","fromID":"1344388","toID":"1344387","formEdgeID":null},{"edgeID":"1761669","fromID":"1344389","toID":"1344388","formEdgeID":null},{"edgeID":"1761670","fromID":"1344387","toID":"1344390","formEdgeID":null},{"edgeID":"1761671","fromID":"1344390","toID":"1344386","formEdgeID":null},{"edgeID":"1761672","fromID":"1344393","toID":"1344392","formEdgeID":null},{"edgeID":"1761673","fromID":"1344394","toID":"1344393","formEdgeID":null},{"edgeID":"1761674","fromID":"1344392","toID":"1344395","formEdgeID":null},{"edgeID":"1761675","fromID":"1344395","toID":"1344391","formEdgeID":null},{"edgeID":"1761676","fromID":"1344387","toID":"1344396","formEdgeID":null},{"edgeID":"1761677","fromID":"1344396","toID":"1344392","formEdgeID":null},{"edgeID":"1761678","fromID":"1344391","toID":"1344397","formEdgeID":null},{"edgeID":"1761679","fromID":"1344397","toID":"1344386","formEdgeID":null},{"edgeID":"1761680","fromID":"1344396","toID":"1344398","formEdgeID":null},{"edgeID":"1761681","fromID":"1344398","toID":"1344397","formEdgeID":null},{"edgeID":"1761682","fromID":"1344401","toID":"1344400","formEdgeID":null},{"edgeID":"1761683","fromID":"1344402","toID":"1344401","formEdgeID":null},{"edgeID":"1761684","fromID":"1344400","toID":"1344403","formEdgeID":null},{"edgeID":"1761685","fromID":"1344403","toID":"1344399","formEdgeID":null},{"edgeID":"1761686","fromID":"1344392","toID":"1344404","formEdgeID":null},{"edgeID":"1761687","fromID":"1344404","toID":"1344400","formEdgeID":null},{"edgeID":"1761688","fromID":"1344407","toID":"1344406","formEdgeID":null},{"edgeID":"1761689","fromID":"1344408","toID":"1344407","formEdgeID":null},{"edgeID":"1761690","fromID":"1344406","toID":"1344409","formEdgeID":null},{"edgeID":"1761691","fromID":"1344409","toID":"1344405","formEdgeID":null},{"edgeID":"1761692","fromID":"1344400","toID":"1344410","formEdgeID":null},{"edgeID":"1761693","fromID":"1344410","toID":"1344406","formEdgeID":null},{"edgeID":"1761694","fromID":"1344405","toID":"1344411","formEdgeID":null},{"edgeID":"1761695","fromID":"1344411","toID":"1344399","formEdgeID":null},{"edgeID":"1761696","fromID":"1344410","toID":"1344412","formEdgeID":null},{"edgeID":"1761697","fromID":"1344412","toID":"1344411","formEdgeID":null},{"edgeID":"1761698","fromID":"1344415","toID":"1344414","formEdgeID":null},{"edgeID":"1761699","fromID":"1344416","toID":"1344415","formEdgeID":null},{"edgeID":"1761700","fromID":"1344414","toID":"1344417","formEdgeID":null},{"edgeID":"1761701","fromID":"1344417","toID":"1344413","formEdgeID":null},{"edgeID":"1761702","fromID":"1344406","toID":"1344418","formEdgeID":null},{"edgeID":"1761703","fromID":"1344418","toID":"1344414","formEdgeID":null},{"edgeID":"1761704","fromID":"1344413","toID":"1344419","formEdgeID":null},{"edgeID":"1761705","fromID":"1344419","toID":"1344405","formEdgeID":null},{"edgeID":"1761706","fromID":"1344418","toID":"1344420","formEdgeID":null},{"edgeID":"1761707","fromID":"1344420","toID":"1344419","formEdgeID":null},{"edgeID":"1761708","fromID":"1344423","toID":"1344422","formEdgeID":null},{"edgeID":"1761709","fromID":"1344424","toID":"1344423","formEdgeID":null},{"edgeID":"1761710","fromID":"1344422","toID":"1344425","formEdgeID":null},{"edgeID":"1761711","fromID":"1344425","toID":"1344421","formEdgeID":null},{"edgeID":"1761712","fromID":"1344414","toID":"1344426","formEdgeID":null},{"edgeID":"1761713","fromID":"1344426","toID":"1344422","formEdgeID":null},{"edgeID":"1761714","fromID":"1344429","toID":"1344428","formEdgeID":null},{"edgeID":"1761715","fromID":"1344430","toID":"1344429","formEdgeID":null},{"edgeID":"1761716","fromID":"1344428","toID":"1344431","formEdgeID":null},{"edgeID":"1761717","fromID":"1344431","toID":"1344427","formEdgeID":null},{"edgeID":"1761718","fromID":"1344422","toID":"1344432","formEdgeID":null},{"edgeID":"1761719","fromID":"1344432","toID":"1344428","formEdgeID":null},{"edgeID":"1761720","fromID":"1344434","toID":"1344433","formEdgeID":null},{"edgeID":"1761721","fromID":"1344435","toID":"1344434","formEdgeID":null},{"edgeID":"1761722","fromID":"1344428","toID":"1344436","formEdgeID":null},{"edgeID":"1761723","fromID":"1344436","toID":"1344433","formEdgeID":null},{"edgeID":"1761724","fromID":"1344436","toID":"1344437","formEdgeID":null},{"edgeID":"1761725","fromID":"1344437","toID":"1344427","formEdgeID":null},{"edgeID":"1761726","fromID":"1344440","toID":"1344439","formEdgeID":null},{"edgeID":"1761727","fromID":"1344441","toID":"1344440","formEdgeID":null},{"edgeID":"1761728","fromID":"1344439","toID":"1344442","formEdgeID":null},{"edgeID":"1761729","fromID":"1344442","toID":"1344438","formEdgeID":null},{"edgeID":"1761730","fromID":"1344445","toID":"1344444","formEdgeID":null},{"edgeID":"1761731","fromID":"1344446","toID":"1344445","formEdgeID":null},{"edgeID":"1761732","fromID":"1344444","toID":"1344447","formEdgeID":null},{"edgeID":"1761733","fromID":"1344447","toID":"1344443","formEdgeID":null},{"edgeID":"1761734","fromID":"1344439","toID":"1344448","formEdgeID":null},{"edgeID":"1761735","fromID":"1344448","toID":"1344444","formEdgeID":null},{"edgeID":"1761736","fromID":"1344443","toID":"1344449","formEdgeID":null},{"edgeID":"1761737","fromID":"1344449","toID":"1344438","formEdgeID":null},{"edgeID":"1761738","fromID":"1344448","toID":"1344450","formEdgeID":null},{"edgeID":"1761739","fromID":"1344450","toID":"1344449","formEdgeID":null},{"edgeID":"1761740","fromID":"1344453","toID":"1344452","formEdgeID":null},{"edgeID":"1761741","fromID":"1344454","toID":"1344453","formEdgeID":null},{"edgeID":"1761742","fromID":"1344452","toID":"1344455","formEdgeID":null},{"edgeID":"1761743","fromID":"1344455","toID":"1344451","formEdgeID":null},{"edgeID":"1761744","fromID":"1344444","toID":"1344456","formEdgeID":null},{"edgeID":"1761745","fromID":"1344456","toID":"1344452","formEdgeID":null},{"edgeID":"1761746","fromID":"1344458","toID":"1344457","formEdgeID":null},{"edgeID":"1761747","fromID":"1344459","toID":"1344458","formEdgeID":null},{"edgeID":"1761748","fromID":"1344452","toID":"1344460","formEdgeID":null},{"edgeID":"1761749","fromID":"1344460","toID":"1344457","formEdgeID":null},{"edgeID":"1761750","fromID":"1344460","toID":"1344461","formEdgeID":null},{"edgeID":"1761751","fromID":"1344461","toID":"1344451","formEdgeID":null},{"edgeID":"1761752","fromID":"1344463","toID":"1344462","formEdgeID":null},{"edgeID":"1761753","fromID":"1344464","toID":"1344463","formEdgeID":null},{"edgeID":"1761754","fromID":"1344457","toID":"1344465","formEdgeID":null},{"edgeID":"1761755","fromID":"1344465","toID":"1344462","formEdgeID":null},{"edgeID":"1761756","fromID":"1344462","toID":"1344466","formEdgeID":null},{"edgeID":"1761757","fromID":"1344466","toID":"1344451","formEdgeID":null},{"edgeID":"1761758","fromID":"1344427","toID":"1344467","formEdgeID":null},{"edgeID":"1761759","fromID":"1344467","toID":"1344421","formEdgeID":null},{"edgeID":"1761760","fromID":"1344432","toID":"1344468","formEdgeID":null},{"edgeID":"1761761","fromID":"1344468","toID":"1344467","formEdgeID":null},{"edgeID":"1761762","fromID":"1344438","toID":"1344469","formEdgeID":null},{"edgeID":"1761763","fromID":"1344469","toID":"1344427","formEdgeID":null},{"edgeID":"1761764","fromID":"1344428","toID":"1344470","formEdgeID":null},{"edgeID":"1761765","fromID":"1344470","toID":"1344439","formEdgeID":null},{"edgeID":"1761766","fromID":"1344470","toID":"1344471","formEdgeID":null},{"edgeID":"1761767","fromID":"1344471","toID":"1344469","formEdgeID":null}],"locutions":[]}