{"nodes":[{"nodeID":"1344588","text":"we had a three per cent pay rise this year","type":"I","timestamp":"2023-11-09 13:59:36"},{"nodeID":"1344589","text":"AudienceMember 20221110QT18: we had a three per cent pay rise this year","type":"L","timestamp":"2023-11-09 13:59:36"},{"nodeID":"1344590","text":"Analysing","type":"YA","timestamp":"2023-11-09 13:59:36"},{"nodeID":"1344591","text":"Tuuli: AudienceMember 20221110QT18: we had a three per cent pay rise this year","type":"L","timestamp":"2023-11-09 13:59:36"},{"nodeID":"1344592","text":"Asserting","type":"YA","timestamp":"2023-11-09 13:59:36"},{"nodeID":"1344593","text":"the three per cent pay rise was unfunded","type":"I","timestamp":"2023-11-09 13:59:37"},{"nodeID":"1344594","text":"AudienceMember 20221110QT18: it was unfunded","type":"L","timestamp":"2023-11-09 13:59:37"},{"nodeID":"1344595","text":"Analysing","type":"YA","timestamp":"2023-11-09 13:59:37"},{"nodeID":"1344596","text":"Tuuli: AudienceMember 20221110QT18: it was unfunded","type":"L","timestamp":"2023-11-09 13:59:37"},{"nodeID":"1344597","text":"Asserting","type":"YA","timestamp":"2023-11-09 13:59:37"},{"nodeID":"1344598","text":"Default Transition","type":"TA","timestamp":"2023-11-09 13:59:37"},{"nodeID":"1344599","text":"Default Rephrase","type":"MA","timestamp":"2023-11-09 13:59:37"},{"nodeID":"1344600","text":"Restating","type":"YA","timestamp":"2023-11-09 13:59:37"},{"nodeID":"1344601","text":"cuts have been made in other places","type":"I","timestamp":"2023-11-09 13:59:37"},{"nodeID":"1344602","text":"AudienceMember 20221110QT18: cuts have been made in other places","type":"L","timestamp":"2023-11-09 13:59:37"},{"nodeID":"1344603","text":"Analysing","type":"YA","timestamp":"2023-11-09 13:59:37"},{"nodeID":"1344604","text":"Tuuli: AudienceMember 20221110QT18: cuts have been made in other places","type":"L","timestamp":"2023-11-09 13:59:37"},{"nodeID":"1344605","text":"Asserting","type":"YA","timestamp":"2023-11-09 13:59:37"},{"nodeID":"1344606","text":"Default Transition","type":"TA","timestamp":"2023-11-09 13:59:37"},{"nodeID":"1344607","text":"Default Inference","type":"RA","timestamp":"2023-11-09 13:59:37"},{"nodeID":"1344608","text":"Arguing","type":"YA","timestamp":"2023-11-09 13:59:37"},{"nodeID":"1344609","text":"whatever pay rise is offered needs to be new money","type":"I","timestamp":"2023-11-09 13:59:38"},{"nodeID":"1344610","text":"AudienceMember 20221110QT18: Whatever pay rise is offered needs to be new money","type":"L","timestamp":"2023-11-09 13:59:38"},{"nodeID":"1344611","text":"Analysing","type":"YA","timestamp":"2023-11-09 13:59:38"},{"nodeID":"1344612","text":"Tuuli: AudienceMember 20221110QT18: Whatever pay rise is offered needs to be new money","type":"L","timestamp":"2023-11-09 13:59:38"},{"nodeID":"1344613","text":"Asserting","type":"YA","timestamp":"2023-11-09 13:59:38"},{"nodeID":"1344614","text":"Default Transition","type":"TA","timestamp":"2023-11-09 13:59:38"},{"nodeID":"1344615","text":"Default Inference","type":"RA","timestamp":"2023-11-09 13:59:38"},{"nodeID":"1344616","text":"Arguing","type":"YA","timestamp":"2023-11-09 13:59:38"},{"nodeID":"1344617","text":"the pay rise can\u2019t just be taking from another purse just to pay someone else","type":"I","timestamp":"2023-11-09 13:59:39"},{"nodeID":"1344618","text":"AudienceMember 20221110QT18: It can\u2019t just be taking from another purse just to pay someone else","type":"L","timestamp":"2023-11-09 13:59:39"},{"nodeID":"1344619","text":"Analysing","type":"YA","timestamp":"2023-11-09 13:59:39"},{"nodeID":"1344620","text":"Tuuli: AudienceMember 20221110QT18: It can\u2019t just be taking from another purse just to pay someone else","type":"L","timestamp":"2023-11-09 13:59:39"},{"nodeID":"1344621","text":"Asserting","type":"YA","timestamp":"2023-11-09 13:59:39"},{"nodeID":"1344622","text":"Default Transition","type":"TA","timestamp":"2023-11-09 13:59:39"},{"nodeID":"1344623","text":"Default Inference","type":"RA","timestamp":"2023-11-09 13:59:39"},{"nodeID":"1344624","text":"Arguing","type":"YA","timestamp":"2023-11-09 13:59:39"},{"nodeID":"1344625","text":"Caroline Lucas has spoken to nurses in her constituency","type":"I","timestamp":"2023-11-09 13:59:39"},{"nodeID":"1344626","text":"Caroline Lucas: I\u2019ve spoken to nurses in my constituency","type":"L","timestamp":"2023-11-09 13:59:39"},{"nodeID":"1344627","text":"Analysing","type":"YA","timestamp":"2023-11-09 13:59:39"},{"nodeID":"1344628","text":"Tuuli: Caroline Lucas: I\u2019ve spoken to nurses in my constituency","type":"L","timestamp":"2023-11-09 13:59:39"},{"nodeID":"1344629","text":"Asserting","type":"YA","timestamp":"2023-11-09 13:59:39"},{"nodeID":"1344630","text":"Default Transition","type":"TA","timestamp":"2023-11-09 13:59:39"},{"nodeID":"1344631","text":"the nurses have not come to the decision to ask for a pay rise lightly","type":"I","timestamp":"2023-11-09 13:59:40"},{"nodeID":"1344632","text":"Caroline Lucas:  they\u2019ve not come to this decision lightly","type":"L","timestamp":"2023-11-09 13:59:40"},{"nodeID":"1344633","text":"Analysing","type":"YA","timestamp":"2023-11-09 13:59:40"},{"nodeID":"1344634","text":"Tuuli: Caroline Lucas:  they\u2019ve not come to this decision lightly","type":"L","timestamp":"2023-11-09 13:59:40"},{"nodeID":"1344635","text":"Asserting","type":"YA","timestamp":"2023-11-09 13:59:40"},{"nodeID":"1344636","text":"Default Transition","type":"TA","timestamp":"2023-11-09 13:59:40"},{"nodeID":"1344637","text":"Default Rephrase","type":"MA","timestamp":"2023-11-09 13:59:40"},{"nodeID":"1344638","text":"Restating","type":"YA","timestamp":"2023-11-09 13:59:40"},{"nodeID":"1344639","text":"these are people remember for whom nursing, for whom looking after other people is their vocation","type":"I","timestamp":"2023-11-09 13:59:41"},{"nodeID":"1344640","text":"Caroline Lucas: these are people remember for whom nursing, for whom looking after other people is their vocation","type":"L","timestamp":"2023-11-09 13:59:41"},{"nodeID":"1344641","text":"Analysing","type":"YA","timestamp":"2023-11-09 13:59:41"},{"nodeID":"1344642","text":"Tuuli: Caroline Lucas: these are people remember for whom nursing, for whom looking after other people is their vocation","type":"L","timestamp":"2023-11-09 13:59:41"},{"nodeID":"1344643","text":"Asserting","type":"YA","timestamp":"2023-11-09 13:59:41"},{"nodeID":"1344644","text":"Default Transition","type":"TA","timestamp":"2023-11-09 13:59:41"},{"nodeID":"1344645","text":"nurses care about other people","type":"I","timestamp":"2023-11-09 13:59:41"},{"nodeID":"1344646","text":"Caroline Lucas: They care about other people","type":"L","timestamp":"2023-11-09 13:59:41"},{"nodeID":"1344647","text":"Analysing","type":"YA","timestamp":"2023-11-09 13:59:41"},{"nodeID":"1344648","text":"Tuuli: Caroline Lucas: They care about other people","type":"L","timestamp":"2023-11-09 13:59:41"},{"nodeID":"1344649","text":"Asserting","type":"YA","timestamp":"2023-11-09 13:59:41"},{"nodeID":"1344650","text":"taking care of other people is what nurses do","type":"I","timestamp":"2023-11-09 13:59:42"},{"nodeID":"1344651","text":"Caroline Lucas: This is what they do","type":"L","timestamp":"2023-11-09 13:59:42"},{"nodeID":"1344652","text":"Analysing","type":"YA","timestamp":"2023-11-09 13:59:42"},{"nodeID":"1344653","text":"Tuuli: Caroline Lucas: This is what they do","type":"L","timestamp":"2023-11-09 13:59:42"},{"nodeID":"1344654","text":"Asserting","type":"YA","timestamp":"2023-11-09 13:59:42"},{"nodeID":"1344655","text":"nurses spend hours and hours doing taking care of other people","type":"I","timestamp":"2023-11-09 13:59:43"},{"nodeID":"1344656","text":"Caroline Lucas: they spend hours and hours doing it","type":"L","timestamp":"2023-11-09 13:59:43"},{"nodeID":"1344657","text":"Analysing","type":"YA","timestamp":"2023-11-09 13:59:43"},{"nodeID":"1344658","text":"Tuuli: Caroline Lucas: they spend hours and hours doing it","type":"L","timestamp":"2023-11-09 13:59:43"},{"nodeID":"1344659","text":"Asserting","type":"YA","timestamp":"2023-11-09 13:59:43"},{"nodeID":"1344660","text":"nurses work many hours of overtime","type":"I","timestamp":"2023-11-09 13:59:43"},{"nodeID":"1344661","text":"Caroline Lucas: working many hours of overtime","type":"L","timestamp":"2023-11-09 13:59:43"},{"nodeID":"1344662","text":"Analysing","type":"YA","timestamp":"2023-11-09 13:59:43"},{"nodeID":"1344663","text":"Tuuli: Caroline Lucas: working many hours of overtime","type":"L","timestamp":"2023-11-09 13:59:43"},{"nodeID":"1344664","text":"Asserting","type":"YA","timestamp":"2023-11-09 13:59:43"},{"nodeID":"1344665","text":"Default Inference","type":"RA","timestamp":"2023-11-09 13:59:43"},{"nodeID":"1344666","text":"Arguing","type":"YA","timestamp":"2023-11-09 13:59:43"},{"nodeID":"1344667","text":"Default Rephrase","type":"MA","timestamp":"2023-11-09 13:59:43"},{"nodeID":"1344668","text":"Default Transition","type":"TA","timestamp":"2023-11-09 13:59:43"},{"nodeID":"1344669","text":"Restating","type":"YA","timestamp":"2023-11-09 13:59:43"},{"nodeID":"1344670","text":"Default Rephrase","type":"MA","timestamp":"2023-11-09 13:59:43"},{"nodeID":"1344671","text":"Default Transition","type":"TA","timestamp":"2023-11-09 13:59:43"},{"nodeID":"1344672","text":"Restating","type":"YA","timestamp":"2023-11-09 13:59:43"},{"nodeID":"1344673","text":"Default Rephrase","type":"MA","timestamp":"2023-11-09 13:59:43"},{"nodeID":"1344674","text":"Default Transition","type":"TA","timestamp":"2023-11-09 13:59:43"},{"nodeID":"1344675","text":"Restating","type":"YA","timestamp":"2023-11-09 13:59:43"},{"nodeID":"1344676","text":"Default Transition","type":"TA","timestamp":"2023-11-09 13:59:43"},{"nodeID":"1344677","text":"Default Rephrase","type":"MA","timestamp":"2023-11-09 13:59:43"},{"nodeID":"1344678","text":"Restating","type":"YA","timestamp":"2023-11-09 13:59:43"},{"nodeID":"1344679","text":"through the pandemic we stood on the doorsteps and clapped","type":"I","timestamp":"2023-11-09 13:59:44"},{"nodeID":"1344680","text":"Caroline Lucas: Through the pandemic we stood on the doorsteps and clapped","type":"L","timestamp":"2023-11-09 13:59:44"},{"nodeID":"1344681","text":"Analysing","type":"YA","timestamp":"2023-11-09 13:59:44"},{"nodeID":"1344682","text":"Tuuli: Caroline Lucas: Through the pandemic we stood on the doorsteps and clapped","type":"L","timestamp":"2023-11-09 13:59:44"},{"nodeID":"1344683","text":"Asserting","type":"YA","timestamp":"2023-11-09 13:59:44"},{"nodeID":"1344684","text":"Default Transition","type":"TA","timestamp":"2023-11-09 13:59:44"},{"nodeID":"1344685","text":"claps don\u2019t pay bills","type":"I","timestamp":"2023-11-09 13:59:44"},{"nodeID":"1344686","text":"Caroline Lucas: claps don\u2019t pay bills","type":"L","timestamp":"2023-11-09 13:59:44"},{"nodeID":"1344687","text":"Analysing","type":"YA","timestamp":"2023-11-09 13:59:44"},{"nodeID":"1344688","text":"Tuuli: Caroline Lucas: claps don\u2019t pay bills","type":"L","timestamp":"2023-11-09 13:59:44"},{"nodeID":"1344689","text":"Asserting","type":"YA","timestamp":"2023-11-09 13:59:44"},{"nodeID":"1344690","text":"Default Transition","type":"TA","timestamp":"2023-11-09 13:59:44"},{"nodeID":"1344691","text":"Default Conflict","type":"CA","timestamp":"2023-11-09 13:59:44"},{"nodeID":"1344692","text":"Disagreeing","type":"YA","timestamp":"2023-11-09 13:59:44"},{"nodeID":"1344693","text":"we have a situation now where nurses are using food banks","type":"I","timestamp":"2023-11-09 13:59:45"},{"nodeID":"1344694","text":"Caroline Lucas: we have a situation now where nurses are using food banks","type":"L","timestamp":"2023-11-09 13:59:45"},{"nodeID":"1344695","text":"Analysing","type":"YA","timestamp":"2023-11-09 13:59:45"},{"nodeID":"1344696","text":"Tuuli: Caroline Lucas: we have a situation now where nurses are using food banks","type":"L","timestamp":"2023-11-09 13:59:45"},{"nodeID":"1344697","text":"Asserting","type":"YA","timestamp":"2023-11-09 13:59:45"},{"nodeID":"1344698","text":"Default Transition","type":"TA","timestamp":"2023-11-09 13:59:45"},{"nodeID":"1344699","text":"nurses can\u2019t make ends meet","type":"I","timestamp":"2023-11-09 13:59:46"},{"nodeID":"1344700","text":"Caroline Lucas: they can\u2019t make ends meet","type":"L","timestamp":"2023-11-09 13:59:46"},{"nodeID":"1344701","text":"Analysing","type":"YA","timestamp":"2023-11-09 13:59:46"},{"nodeID":"1344702","text":"Tuuli: Caroline Lucas: they can\u2019t make ends meet","type":"L","timestamp":"2023-11-09 13:59:46"},{"nodeID":"1344703","text":"Asserting","type":"YA","timestamp":"2023-11-09 13:59:46"},{"nodeID":"1344704","text":"Default Transition","type":"TA","timestamp":"2023-11-09 13:59:46"},{"nodeID":"1344705","text":"Default Inference","type":"RA","timestamp":"2023-11-09 13:59:46"},{"nodeID":"1344706","text":"Arguing","type":"YA","timestamp":"2023-11-09 13:59:46"},{"nodeID":"1344707","text":"we should absolutely put the responsibility for this situation at the doors of 12 years of Tory underfunding, 12 years of understaffing, 12 years of undervaluing of our NHS and of our nurses","type":"I","timestamp":"2023-11-09 13:59:46"},{"nodeID":"1344708","text":"Caroline Lucas: we should absolutely put the responsibility for this situation at the doors of 12 years of Tory underfunding, 12 years of understaffing, 12 years of undervaluing of our NHS and of our nurses","type":"L","timestamp":"2023-11-09 13:59:46"},{"nodeID":"1344709","text":"Analysing","type":"YA","timestamp":"2023-11-09 13:59:46"},{"nodeID":"1344710","text":"Tuuli: Caroline Lucas: we should absolutely put the responsibility for this situation at the doors of 12 years of Tory underfunding, 12 years of understaffing, 12 years of undervaluing of our NHS and of our nurses","type":"L","timestamp":"2023-11-09 13:59:46"},{"nodeID":"1344711","text":"Asserting","type":"YA","timestamp":"2023-11-09 13:59:46"},{"nodeID":"1344712","text":"Default Rephrase","type":"MA","timestamp":"2023-11-09 13:59:46"},{"nodeID":"1344713","text":"Default Transition","type":"TA","timestamp":"2023-11-09 13:59:46"},{"nodeID":"1344714","text":"Restating","type":"YA","timestamp":"2023-11-09 13:59:46"},{"nodeID":"1344715","text":"nurses are or are not justified going on strike","type":"I","timestamp":"2023-11-09 13:59:47"},{"nodeID":"1344716","text":"Fiona Bruce: are they justified going on strike","type":"L","timestamp":"2023-11-09 13:59:47"},{"nodeID":"1344717","text":"Analysing","type":"YA","timestamp":"2023-11-09 13:59:47"},{"nodeID":"1344718","text":"Tuuli: Fiona Bruce: are they justified going on strike","type":"L","timestamp":"2023-11-09 13:59:47"},{"nodeID":"1344719","text":"Pure Questioning","type":"YA","timestamp":"2023-11-09 13:59:47"},{"nodeID":"1344720","text":"Default Transition","type":"TA","timestamp":"2023-11-09 13:59:47"},{"nodeID":"1344721","text":"Default Inference","type":"RA","timestamp":"2023-11-09 13:59:47"},{"nodeID":"1344722","text":"Default Transition","type":"TA","timestamp":"2023-11-09 13:59:47"},{"nodeID":"1344723","text":"Arguing","type":"YA","timestamp":"2023-11-09 13:59:47"}],"edges":[{"edgeID":"1761916","fromID":"1344590","toID":"1344589","formEdgeID":null},{"edgeID":"1761917","fromID":"1344591","toID":"1344590","formEdgeID":null},{"edgeID":"1761918","fromID":"1344589","toID":"1344592","formEdgeID":null},{"edgeID":"1761919","fromID":"1344592","toID":"1344588","formEdgeID":null},{"edgeID":"1761920","fromID":"1344595","toID":"1344594","formEdgeID":null},{"edgeID":"1761921","fromID":"1344596","toID":"1344595","formEdgeID":null},{"edgeID":"1761922","fromID":"1344594","toID":"1344597","formEdgeID":null},{"edgeID":"1761923","fromID":"1344597","toID":"1344593","formEdgeID":null},{"edgeID":"1761924","fromID":"1344589","toID":"1344598","formEdgeID":null},{"edgeID":"1761925","fromID":"1344598","toID":"1344594","formEdgeID":null},{"edgeID":"1761926","fromID":"1344593","toID":"1344599","formEdgeID":null},{"edgeID":"1761927","fromID":"1344599","toID":"1344588","formEdgeID":null},{"edgeID":"1761928","fromID":"1344598","toID":"1344600","formEdgeID":null},{"edgeID":"1761929","fromID":"1344600","toID":"1344599","formEdgeID":null},{"edgeID":"1761930","fromID":"1344603","toID":"1344602","formEdgeID":null},{"edgeID":"1761931","fromID":"1344604","toID":"1344603","formEdgeID":null},{"edgeID":"1761932","fromID":"1344602","toID":"1344605","formEdgeID":null},{"edgeID":"1761933","fromID":"1344605","toID":"1344601","formEdgeID":null},{"edgeID":"1761934","fromID":"1344594","toID":"1344606","formEdgeID":null},{"edgeID":"1761935","fromID":"1344606","toID":"1344602","formEdgeID":null},{"edgeID":"1761936","fromID":"1344593","toID":"1344607","formEdgeID":null},{"edgeID":"1761937","fromID":"1344607","toID":"1344601","formEdgeID":null},{"edgeID":"1761938","fromID":"1344606","toID":"1344608","formEdgeID":null},{"edgeID":"1761939","fromID":"1344608","toID":"1344607","formEdgeID":null},{"edgeID":"1761940","fromID":"1344611","toID":"1344610","formEdgeID":null},{"edgeID":"1761941","fromID":"1344612","toID":"1344611","formEdgeID":null},{"edgeID":"1761942","fromID":"1344610","toID":"1344613","formEdgeID":null},{"edgeID":"1761943","fromID":"1344613","toID":"1344609","formEdgeID":null},{"edgeID":"1761944","fromID":"1344602","toID":"1344614","formEdgeID":null},{"edgeID":"1761945","fromID":"1344614","toID":"1344610","formEdgeID":null},{"edgeID":"1761946","fromID":"1344601","toID":"1344615","formEdgeID":null},{"edgeID":"1761947","fromID":"1344615","toID":"1344609","formEdgeID":null},{"edgeID":"1761948","fromID":"1344614","toID":"1344616","formEdgeID":null},{"edgeID":"1761949","fromID":"1344616","toID":"1344615","formEdgeID":null},{"edgeID":"1761950","fromID":"1344619","toID":"1344618","formEdgeID":null},{"edgeID":"1761951","fromID":"1344620","toID":"1344619","formEdgeID":null},{"edgeID":"1761952","fromID":"1344618","toID":"1344621","formEdgeID":null},{"edgeID":"1761953","fromID":"1344621","toID":"1344617","formEdgeID":null},{"edgeID":"1761954","fromID":"1344610","toID":"1344622","formEdgeID":null},{"edgeID":"1761955","fromID":"1344622","toID":"1344618","formEdgeID":null},{"edgeID":"1761956","fromID":"1344617","toID":"1344623","formEdgeID":null},{"edgeID":"1761957","fromID":"1344623","toID":"1344609","formEdgeID":null},{"edgeID":"1761958","fromID":"1344622","toID":"1344624","formEdgeID":null},{"edgeID":"1761959","fromID":"1344624","toID":"1344623","formEdgeID":null},{"edgeID":"1761960","fromID":"1344627","toID":"1344626","formEdgeID":null},{"edgeID":"1761961","fromID":"1344628","toID":"1344627","formEdgeID":null},{"edgeID":"1761962","fromID":"1344626","toID":"1344629","formEdgeID":null},{"edgeID":"1761963","fromID":"1344629","toID":"1344625","formEdgeID":null},{"edgeID":"1761964","fromID":"1344618","toID":"1344630","formEdgeID":null},{"edgeID":"1761965","fromID":"1344630","toID":"1344626","formEdgeID":null},{"edgeID":"1761966","fromID":"1344633","toID":"1344632","formEdgeID":null},{"edgeID":"1761967","fromID":"1344634","toID":"1344633","formEdgeID":null},{"edgeID":"1761968","fromID":"1344632","toID":"1344635","formEdgeID":null},{"edgeID":"1761969","fromID":"1344635","toID":"1344631","formEdgeID":null},{"edgeID":"1761970","fromID":"1344626","toID":"1344636","formEdgeID":null},{"edgeID":"1761971","fromID":"1344636","toID":"1344632","formEdgeID":null},{"edgeID":"1761972","fromID":"1344631","toID":"1344637","formEdgeID":null},{"edgeID":"1761973","fromID":"1344637","toID":"1344625","formEdgeID":null},{"edgeID":"1761974","fromID":"1344636","toID":"1344638","formEdgeID":null},{"edgeID":"1761975","fromID":"1344638","toID":"1344637","formEdgeID":null},{"edgeID":"1761976","fromID":"1344641","toID":"1344640","formEdgeID":null},{"edgeID":"1761977","fromID":"1344642","toID":"1344641","formEdgeID":null},{"edgeID":"1761978","fromID":"1344640","toID":"1344643","formEdgeID":null},{"edgeID":"1761979","fromID":"1344643","toID":"1344639","formEdgeID":null},{"edgeID":"1761980","fromID":"1344632","toID":"1344644","formEdgeID":null},{"edgeID":"1761981","fromID":"1344644","toID":"1344640","formEdgeID":null},{"edgeID":"1761982","fromID":"1344647","toID":"1344646","formEdgeID":null},{"edgeID":"1761983","fromID":"1344648","toID":"1344647","formEdgeID":null},{"edgeID":"1761984","fromID":"1344646","toID":"1344649","formEdgeID":null},{"edgeID":"1761985","fromID":"1344649","toID":"1344645","formEdgeID":null},{"edgeID":"1761986","fromID":"1344652","toID":"1344651","formEdgeID":null},{"edgeID":"1761987","fromID":"1344653","toID":"1344652","formEdgeID":null},{"edgeID":"1761988","fromID":"1344651","toID":"1344654","formEdgeID":null},{"edgeID":"1761989","fromID":"1344654","toID":"1344650","formEdgeID":null},{"edgeID":"1761990","fromID":"1344657","toID":"1344656","formEdgeID":null},{"edgeID":"1761991","fromID":"1344658","toID":"1344657","formEdgeID":null},{"edgeID":"1761992","fromID":"1344656","toID":"1344659","formEdgeID":null},{"edgeID":"1761993","fromID":"1344659","toID":"1344655","formEdgeID":null},{"edgeID":"1761994","fromID":"1344662","toID":"1344661","formEdgeID":null},{"edgeID":"1761995","fromID":"1344663","toID":"1344662","formEdgeID":null},{"edgeID":"1761996","fromID":"1344661","toID":"1344664","formEdgeID":null},{"edgeID":"1761997","fromID":"1344664","toID":"1344660","formEdgeID":null},{"edgeID":"1761998","fromID":"1344639","toID":"1344665","formEdgeID":null},{"edgeID":"1761999","fromID":"1344665","toID":"1344631","formEdgeID":null},{"edgeID":"1762000","fromID":"1344644","toID":"1344666","formEdgeID":null},{"edgeID":"1762001","fromID":"1344666","toID":"1344665","formEdgeID":null},{"edgeID":"1762002","fromID":"1344645","toID":"1344667","formEdgeID":null},{"edgeID":"1762003","fromID":"1344667","toID":"1344639","formEdgeID":null},{"edgeID":"1762004","fromID":"1344640","toID":"1344668","formEdgeID":null},{"edgeID":"1762005","fromID":"1344668","toID":"1344646","formEdgeID":null},{"edgeID":"1762006","fromID":"1344668","toID":"1344669","formEdgeID":null},{"edgeID":"1762007","fromID":"1344669","toID":"1344667","formEdgeID":null},{"edgeID":"1762008","fromID":"1344650","toID":"1344670","formEdgeID":null},{"edgeID":"1762009","fromID":"1344670","toID":"1344645","formEdgeID":null},{"edgeID":"1762010","fromID":"1344646","toID":"1344671","formEdgeID":null},{"edgeID":"1762011","fromID":"1344671","toID":"1344651","formEdgeID":null},{"edgeID":"1762012","fromID":"1344671","toID":"1344672","formEdgeID":null},{"edgeID":"1762013","fromID":"1344672","toID":"1344670","formEdgeID":null},{"edgeID":"1762014","fromID":"1344655","toID":"1344673","formEdgeID":null},{"edgeID":"1762015","fromID":"1344673","toID":"1344650","formEdgeID":null},{"edgeID":"1762016","fromID":"1344651","toID":"1344674","formEdgeID":null},{"edgeID":"1762017","fromID":"1344674","toID":"1344656","formEdgeID":null},{"edgeID":"1762018","fromID":"1344674","toID":"1344675","formEdgeID":null},{"edgeID":"1762019","fromID":"1344675","toID":"1344673","formEdgeID":null},{"edgeID":"1762020","fromID":"1344656","toID":"1344676","formEdgeID":null},{"edgeID":"1762021","fromID":"1344676","toID":"1344661","formEdgeID":null},{"edgeID":"1762022","fromID":"1344660","toID":"1344677","formEdgeID":null},{"edgeID":"1762023","fromID":"1344677","toID":"1344655","formEdgeID":null},{"edgeID":"1762024","fromID":"1344676","toID":"1344678","formEdgeID":null},{"edgeID":"1762025","fromID":"1344678","toID":"1344677","formEdgeID":null},{"edgeID":"1762026","fromID":"1344681","toID":"1344680","formEdgeID":null},{"edgeID":"1762027","fromID":"1344682","toID":"1344681","formEdgeID":null},{"edgeID":"1762028","fromID":"1344680","toID":"1344683","formEdgeID":null},{"edgeID":"1762029","fromID":"1344683","toID":"1344679","formEdgeID":null},{"edgeID":"1762030","fromID":"1344661","toID":"1344684","formEdgeID":null},{"edgeID":"1762031","fromID":"1344684","toID":"1344680","formEdgeID":null},{"edgeID":"1762032","fromID":"1344687","toID":"1344686","formEdgeID":null},{"edgeID":"1762033","fromID":"1344688","toID":"1344687","formEdgeID":null},{"edgeID":"1762034","fromID":"1344686","toID":"1344689","formEdgeID":null},{"edgeID":"1762035","fromID":"1344689","toID":"1344685","formEdgeID":null},{"edgeID":"1762036","fromID":"1344680","toID":"1344690","formEdgeID":null},{"edgeID":"1762037","fromID":"1344690","toID":"1344686","formEdgeID":null},{"edgeID":"1762038","fromID":"1344685","toID":"1344691","formEdgeID":null},{"edgeID":"1762039","fromID":"1344691","toID":"1344679","formEdgeID":null},{"edgeID":"1762040","fromID":"1344690","toID":"1344692","formEdgeID":null},{"edgeID":"1762041","fromID":"1344692","toID":"1344691","formEdgeID":null},{"edgeID":"1762042","fromID":"1344695","toID":"1344694","formEdgeID":null},{"edgeID":"1762043","fromID":"1344696","toID":"1344695","formEdgeID":null},{"edgeID":"1762044","fromID":"1344694","toID":"1344697","formEdgeID":null},{"edgeID":"1762045","fromID":"1344697","toID":"1344693","formEdgeID":null},{"edgeID":"1762046","fromID":"1344686","toID":"1344698","formEdgeID":null},{"edgeID":"1762047","fromID":"1344698","toID":"1344694","formEdgeID":null},{"edgeID":"1762048","fromID":"1344701","toID":"1344700","formEdgeID":null},{"edgeID":"1762049","fromID":"1344702","toID":"1344701","formEdgeID":null},{"edgeID":"1762050","fromID":"1344700","toID":"1344703","formEdgeID":null},{"edgeID":"1762051","fromID":"1344703","toID":"1344699","formEdgeID":null},{"edgeID":"1762052","fromID":"1344694","toID":"1344704","formEdgeID":null},{"edgeID":"1762053","fromID":"1344704","toID":"1344700","formEdgeID":null},{"edgeID":"1762054","fromID":"1344699","toID":"1344705","formEdgeID":null},{"edgeID":"1762055","fromID":"1344705","toID":"1344693","formEdgeID":null},{"edgeID":"1762056","fromID":"1344704","toID":"1344706","formEdgeID":null},{"edgeID":"1762057","fromID":"1344706","toID":"1344705","formEdgeID":null},{"edgeID":"1762058","fromID":"1344709","toID":"1344708","formEdgeID":null},{"edgeID":"1762059","fromID":"1344710","toID":"1344709","formEdgeID":null},{"edgeID":"1762060","fromID":"1344708","toID":"1344711","formEdgeID":null},{"edgeID":"1762061","fromID":"1344711","toID":"1344707","formEdgeID":null},{"edgeID":"1762062","fromID":"1344707","toID":"1344712","formEdgeID":null},{"edgeID":"1762063","fromID":"1344712","toID":"1344693","formEdgeID":null},{"edgeID":"1762064","fromID":"1344694","toID":"1344713","formEdgeID":null},{"edgeID":"1762065","fromID":"1344713","toID":"1344708","formEdgeID":null},{"edgeID":"1762066","fromID":"1344713","toID":"1344714","formEdgeID":null},{"edgeID":"1762067","fromID":"1344714","toID":"1344712","formEdgeID":null},{"edgeID":"1762068","fromID":"1344717","toID":"1344716","formEdgeID":null},{"edgeID":"1762069","fromID":"1344718","toID":"1344717","formEdgeID":null},{"edgeID":"1762070","fromID":"1344716","toID":"1344719","formEdgeID":null},{"edgeID":"1762071","fromID":"1344719","toID":"1344715","formEdgeID":null},{"edgeID":"1762072","fromID":"1344708","toID":"1344720","formEdgeID":null},{"edgeID":"1762073","fromID":"1344720","toID":"1344716","formEdgeID":null},{"edgeID":"1762074","fromID":"1344679","toID":"1344721","formEdgeID":null},{"edgeID":"1762075","fromID":"1344721","toID":"1344707","formEdgeID":null},{"edgeID":"1762076","fromID":"1344685","toID":"1344721","formEdgeID":null},{"edgeID":"1762077","fromID":"1344639","toID":"1344721","formEdgeID":null},{"edgeID":"1762078","fromID":"1344631","toID":"1344721","formEdgeID":null},{"edgeID":"1762079","fromID":"1344609","toID":"1344721","formEdgeID":null},{"edgeID":"1762080","fromID":"1344617","toID":"1344721","formEdgeID":null},{"edgeID":"1762081","fromID":"1344601","toID":"1344721","formEdgeID":null},{"edgeID":"1762082","fromID":"1344699","toID":"1344721","formEdgeID":null},{"edgeID":"1762083","fromID":"1344722","toID":"1344708","formEdgeID":null},{"edgeID":"1762084","fromID":"1344700","toID":"1344722","formEdgeID":null},{"edgeID":"1762085","fromID":"1344723","toID":"1344721","formEdgeID":null},{"edgeID":"1762086","fromID":"1344722","toID":"1344723","formEdgeID":null}],"locutions":[]}