{"nodes":[{"nodeID":"1350448","text":"Mark Harper: no","type":"L","timestamp":"2023-11-09 14:08:54"},{"nodeID":"1350449","text":"Anon: Mark Harper: No","type":"L","timestamp":"2023-11-09 14:08:54"},{"nodeID":"1350450","text":"Mark Harper is against onshore wind","type":"I","timestamp":"2023-11-09 14:08:54"},{"nodeID":"1350451","text":"Caroline Lucas: you\u2019re against onshore wind","type":"L","timestamp":"2023-11-09 14:08:54"},{"nodeID":"1350452","text":"Analysing","type":"YA","timestamp":"2023-11-09 14:08:54"},{"nodeID":"1350453","text":"Anon: Caroline Lucas: you\u2019re against onshore wind","type":"L","timestamp":"2023-11-09 14:08:54"},{"nodeID":"1350454","text":"Asserting","type":"YA","timestamp":"2023-11-09 14:08:54"},{"nodeID":"1350455","text":"Caroline Lucas is against nuclear power","type":"I","timestamp":"2023-11-09 14:08:55"},{"nodeID":"1350456","text":"Mark Harper: Caroline, you\u2019re against nuclear power","type":"L","timestamp":"2023-11-09 14:08:55"},{"nodeID":"1350457","text":"Analysing","type":"YA","timestamp":"2023-11-09 14:08:55"},{"nodeID":"1350458","text":"Anon: Mark Harper: Caroline, you\u2019re against nuclear power","type":"L","timestamp":"2023-11-09 14:08:55"},{"nodeID":"1350459","text":"Asserting","type":"YA","timestamp":"2023-11-09 14:08:55"},{"nodeID":"1350460","text":"Default Transition","type":"TA","timestamp":"2023-11-09 14:08:55"},{"nodeID":"1350461","text":"nuclear power is a low carbon form of energy","type":"I","timestamp":"2023-11-09 14:08:56"},{"nodeID":"1350462","text":"Mark Harper: which is a low carbon form of energy","type":"L","timestamp":"2023-11-09 14:08:56"},{"nodeID":"1350463","text":"Analysing","type":"YA","timestamp":"2023-11-09 14:08:56"},{"nodeID":"1350464","text":"Anon: Mark Harper: which is a low carbon form of energy","type":"L","timestamp":"2023-11-09 14:08:56"},{"nodeID":"1350465","text":"Asserting","type":"YA","timestamp":"2023-11-09 14:08:56"},{"nodeID":"1350466","text":"Default Transition","type":"TA","timestamp":"2023-11-09 14:08:56"},{"nodeID":"1350467","text":"Default Conflict","type":"CA","timestamp":"2023-11-09 14:08:56"},{"nodeID":"1350468","text":"Disagreeing","type":"YA","timestamp":"2023-11-09 14:08:56"},{"nodeID":"1350469","text":"nuclear power doesn\u2019t come fast enough if you want to decarbonise quickly","type":"I","timestamp":"2023-11-09 14:08:56"},{"nodeID":"1350470","text":"Caroline Lucas: Which doesn\u2019t come fast enough. If you want to decarbonise","type":"L","timestamp":"2023-11-09 14:08:56"},{"nodeID":"1350471","text":"Analysing","type":"YA","timestamp":"2023-11-09 14:08:56"},{"nodeID":"1350472","text":"Anon: Caroline Lucas: Which doesn\u2019t come fast enough. If you want to decarbonise","type":"L","timestamp":"2023-11-09 14:08:56"},{"nodeID":"1350473","text":"Asserting","type":"YA","timestamp":"2023-11-09 14:08:56"},{"nodeID":"1350474","text":"Default Transition","type":"TA","timestamp":"2023-11-09 14:08:56"},{"nodeID":"1350475","text":"Default Conflict","type":"CA","timestamp":"2023-11-09 14:08:56"},{"nodeID":"1350476","text":"Disagreeing","type":"YA","timestamp":"2023-11-09 14:08:56"},{"nodeID":"1350477","text":"what AudienceMember 20221110QT54 meant was onshore wind turbines","type":"I","timestamp":"2023-11-09 14:08:57"},{"nodeID":"1350478","text":"Fiona Bruce: The question from the young man\u2026because actually what you meant was onshore I think","type":"L","timestamp":"2023-11-09 14:08:57"},{"nodeID":"1350479","text":"Analysing","type":"YA","timestamp":"2023-11-09 14:08:57"},{"nodeID":"1350480","text":"Anon: Fiona Bruce: The question from the young man\u2026because actually what you meant was onshore I think","type":"L","timestamp":"2023-11-09 14:08:57"},{"nodeID":"1350481","text":"Asserting","type":"YA","timestamp":"2023-11-09 14:08:57"},{"nodeID":"1350482","text":"Default Transition","type":"TA","timestamp":"2023-11-09 14:08:57"},{"nodeID":"1350483","text":"AudienceMember 20221110QT55: Yeah, sorry","type":"L","timestamp":"2023-11-09 14:08:57"},{"nodeID":"1350484","text":"Analysing","type":"YA","timestamp":"2023-11-09 14:08:57"},{"nodeID":"1350485","text":"Anon: AudienceMember 20221110QT55: Yeah, sorry","type":"L","timestamp":"2023-11-09 14:08:57"},{"nodeID":"1350486","text":"Default Transition","type":"TA","timestamp":"2023-11-09 14:08:57"},{"nodeID":"1350487","text":"Agreeing","type":"YA","timestamp":"2023-11-09 14:08:57"},{"nodeID":"1350488","text":"Mark Harper will or will not approve onshore wind turbines","type":"I","timestamp":"2023-11-09 14:08:58"},{"nodeID":"1350489","text":"Fiona Bruce: So will you approve onshore","type":"L","timestamp":"2023-11-09 14:08:58"},{"nodeID":"1350490","text":"Analysing","type":"YA","timestamp":"2023-11-09 14:08:58"},{"nodeID":"1350491","text":"Anon: Fiona Bruce: So will you approve onshore","type":"L","timestamp":"2023-11-09 14:08:58"},{"nodeID":"1350492","text":"Pure Questioning","type":"YA","timestamp":"2023-11-09 14:08:58"},{"nodeID":"1350493","text":"Default Inference","type":"RA","timestamp":"2023-11-09 14:08:58"},{"nodeID":"1350494","text":"Default Transition","type":"TA","timestamp":"2023-11-09 14:08:58"},{"nodeID":"1350495","text":"Arguing","type":"YA","timestamp":"2023-11-09 14:08:58"},{"nodeID":"1350496","text":"Analysing","type":"YA","timestamp":"2023-11-09 14:08:58"},{"nodeID":"1350497","text":"Default Transition","type":"TA","timestamp":"2023-11-09 14:08:58"},{"nodeID":"1350498","text":"Disagreeing","type":"YA","timestamp":"2023-11-09 14:08:58"},{"nodeID":"1350499","text":"we\u2019re prioritising offshore wind turbines","type":"I","timestamp":"2023-11-09 14:08:58"},{"nodeID":"1350500","text":"Mark Harper: we\u2019re prioritising offshore","type":"L","timestamp":"2023-11-09 14:08:58"},{"nodeID":"1350501","text":"Analysing","type":"YA","timestamp":"2023-11-09 14:08:58"},{"nodeID":"1350502","text":"Anon: Mark Harper: we\u2019re prioritising offshore","type":"L","timestamp":"2023-11-09 14:08:58"},{"nodeID":"1350503","text":"Asserting","type":"YA","timestamp":"2023-11-09 14:08:58"},{"nodeID":"1350504","text":"we\u2019ve driven down the costs on offshore wind turbines to deal with the reduction in energy","type":"I","timestamp":"2023-11-09 14:08:59"},{"nodeID":"1350505","text":"Mark Harper: we\u2019ve driven down the costs there, exactly as you said, to deal with the reduction in energy","type":"L","timestamp":"2023-11-09 14:08:59"},{"nodeID":"1350506","text":"Analysing","type":"YA","timestamp":"2023-11-09 14:08:59"},{"nodeID":"1350507","text":"Anon: Mark Harper: we\u2019ve driven down the costs there, exactly as you said, to deal with the reduction in energy","type":"L","timestamp":"2023-11-09 14:08:59"},{"nodeID":"1350508","text":"Asserting","type":"YA","timestamp":"2023-11-09 14:08:59"},{"nodeID":"1350509","text":"Default Transition","type":"TA","timestamp":"2023-11-09 14:08:59"},{"nodeID":"1350510","text":"Default Rephrase","type":"MA","timestamp":"2023-11-09 14:08:59"},{"nodeID":"1350511","text":"Default Transition","type":"TA","timestamp":"2023-11-09 14:08:59"},{"nodeID":"1350512","text":"Default Illocuting","type":"YA","timestamp":"2023-11-09 14:08:59"},{"nodeID":"1350513","text":"no is the answer to whether Mark Harper will approve onshore wind turbines","type":"I","timestamp":"2023-11-09 14:09:00"},{"nodeID":"1350514","text":"Fiona Bruce: no is the answer to that","type":"L","timestamp":"2023-11-09 14:09:00"},{"nodeID":"1350515","text":"Analysing","type":"YA","timestamp":"2023-11-09 14:09:00"},{"nodeID":"1350516","text":"Anon: Fiona Bruce: no is the answer to that","type":"L","timestamp":"2023-11-09 14:09:00"},{"nodeID":"1350517","text":"Asserting","type":"YA","timestamp":"2023-11-09 14:09:00"},{"nodeID":"1350518","text":"Default Rephrase","type":"MA","timestamp":"2023-11-09 14:09:00"},{"nodeID":"1350519","text":"Default Transition","type":"TA","timestamp":"2023-11-09 14:09:00"},{"nodeID":"1350520","text":"Restating","type":"YA","timestamp":"2023-11-09 14:09:00"},{"nodeID":"1350521","text":"Mark Harper completely agrees with AudienceMember 20221110QT49 on the Just Stop Oil protesters' point","type":"I","timestamp":"2023-11-09 14:09:00"},{"nodeID":"1350522","text":"Mark Harper: I completely agree with you","type":"L","timestamp":"2023-11-09 14:09:00"},{"nodeID":"1350523","text":"Analysing","type":"YA","timestamp":"2023-11-09 14:09:00"},{"nodeID":"1350524","text":"Anon: Mark Harper: I completely agree with you","type":"L","timestamp":"2023-11-09 14:09:00"},{"nodeID":"1350525","text":"Asserting","type":"YA","timestamp":"2023-11-09 14:09:00"},{"nodeID":"1350526","text":"Default Transition","type":"TA","timestamp":"2023-11-09 14:09:00"},{"nodeID":"1350527","text":"Just Stop Oil protesters are causing an enormous amount of disruption to people trying to go about their lives","type":"I","timestamp":"2023-11-09 14:09:01"},{"nodeID":"1350528","text":"Mark Harper: they\u2019re causing an enormous amount of disruption to people trying to go about their lives","type":"L","timestamp":"2023-11-09 14:09:01"},{"nodeID":"1350529","text":"Analysing","type":"YA","timestamp":"2023-11-09 14:09:01"},{"nodeID":"1350530","text":"Anon: Mark Harper: they\u2019re causing an enormous amount of disruption to people trying to go about their lives","type":"L","timestamp":"2023-11-09 14:09:01"},{"nodeID":"1350531","text":"Asserting","type":"YA","timestamp":"2023-11-09 14:09:01"},{"nodeID":"1350532","text":"Default Transition","type":"TA","timestamp":"2023-11-09 14:09:01"},{"nodeID":"1350533","text":"Default Rephrase","type":"MA","timestamp":"2023-11-09 14:09:01"},{"nodeID":"1350534","text":"Restating","type":"YA","timestamp":"2023-11-09 14:09:01"},{"nodeID":"1350535","text":"last weekend Mark Harper instructed National Highways to secure a High Court injunction, and this week we\u2019ve had a lot of success","type":"I","timestamp":"2023-11-09 14:09:02"},{"nodeID":"1350536","text":"Mark Harper: last weekend I instructed National Highways to secure a High Court injunction, and this week we\u2019ve had a lot of success","type":"L","timestamp":"2023-11-09 14:09:02"},{"nodeID":"1350537","text":"Analysing","type":"YA","timestamp":"2023-11-09 14:09:02"},{"nodeID":"1350538","text":"Anon: Mark Harper: last weekend I instructed National Highways to secure a High Court injunction, and this week we\u2019ve had a lot of success","type":"L","timestamp":"2023-11-09 14:09:02"},{"nodeID":"1350539","text":"Asserting","type":"YA","timestamp":"2023-11-09 14:09:02"},{"nodeID":"1350540","text":"Default Transition","type":"TA","timestamp":"2023-11-09 14:09:02"},{"nodeID":"1350541","text":"Default Inference","type":"RA","timestamp":"2023-11-09 14:09:02"},{"nodeID":"1350542","text":"Arguing","type":"YA","timestamp":"2023-11-09 14:09:02"},{"nodeID":"1350543","text":"the police have got faster at it during the week in terms of getting them off the gantries, getting the roads open again","type":"I","timestamp":"2023-11-09 14:09:02"},{"nodeID":"1350544","text":"Mark Harper: The police have got faster at it during the week in terms of getting them off the gantries, getting the roads open again","type":"L","timestamp":"2023-11-09 14:09:02"},{"nodeID":"1350545","text":"Analysing","type":"YA","timestamp":"2023-11-09 14:09:02"},{"nodeID":"1350546","text":"Anon: Mark Harper: The police have got faster at it during the week in terms of getting them off the gantries, getting the roads open again","type":"L","timestamp":"2023-11-09 14:09:02"},{"nodeID":"1350547","text":"Asserting","type":"YA","timestamp":"2023-11-09 14:09:02"},{"nodeID":"1350548","text":"Default Transition","type":"TA","timestamp":"2023-11-09 14:09:02"},{"nodeID":"1350549","text":"Default Rephrase","type":"MA","timestamp":"2023-11-09 14:09:02"},{"nodeID":"1350550","text":"Restating","type":"YA","timestamp":"2023-11-09 14:09:02"},{"nodeID":"1350551","text":"what Just Stop Oil protesters are arguing for is that the government should take the climate change subject seriously","type":"I","timestamp":"2023-11-09 14:09:03"},{"nodeID":"1350552","text":"Mark Harper:  what they\u2019re arguing for is that the government should take this subject seriously","type":"L","timestamp":"2023-11-09 14:09:03"},{"nodeID":"1350553","text":"Analysing","type":"YA","timestamp":"2023-11-09 14:09:03"},{"nodeID":"1350554","text":"Anon: Mark Harper:  what they\u2019re arguing for is that the government should take this subject seriously","type":"L","timestamp":"2023-11-09 14:09:03"},{"nodeID":"1350555","text":"Asserting","type":"YA","timestamp":"2023-11-09 14:09:03"},{"nodeID":"1350556","text":"Default Transition","type":"TA","timestamp":"2023-11-09 14:09:03"},{"nodeID":"1350557","text":"we absolutely do take the climate change subject seriously","type":"I","timestamp":"2023-11-09 14:09:04"},{"nodeID":"1350558","text":"Mark Harper:  we absolutely do","type":"L","timestamp":"2023-11-09 14:09:04"},{"nodeID":"1350559","text":"Analysing","type":"YA","timestamp":"2023-11-09 14:09:04"},{"nodeID":"1350560","text":"Anon: Mark Harper:  we absolutely do","type":"L","timestamp":"2023-11-09 14:09:04"},{"nodeID":"1350561","text":"Asserting","type":"YA","timestamp":"2023-11-09 14:09:04"},{"nodeID":"1350562","text":"Default Transition","type":"TA","timestamp":"2023-11-09 14:09:04"},{"nodeID":"1350563","text":"Default Conflict","type":"CA","timestamp":"2023-11-09 14:09:04"},{"nodeID":"1350564","text":"Disagreeing","type":"YA","timestamp":"2023-11-09 14:09:04"},{"nodeID":"1350565","text":"Default Inference","type":"RA","timestamp":"2023-11-09 14:09:04"},{"nodeID":"1350566","text":"Arguing","type":"YA","timestamp":"2023-11-09 14:09:04"}],"edges":[{"edgeID":"1768876","fromID":"1350452","toID":"1350451","formEdgeID":null},{"edgeID":"1768877","fromID":"1350453","toID":"1350452","formEdgeID":null},{"edgeID":"1768878","fromID":"1350451","toID":"1350454","formEdgeID":null},{"edgeID":"1768879","fromID":"1350454","toID":"1350450","formEdgeID":null},{"edgeID":"1768880","fromID":"1350457","toID":"1350456","formEdgeID":null},{"edgeID":"1768881","fromID":"1350458","toID":"1350457","formEdgeID":null},{"edgeID":"1768882","fromID":"1350456","toID":"1350459","formEdgeID":null},{"edgeID":"1768883","fromID":"1350459","toID":"1350455","formEdgeID":null},{"edgeID":"1768884","fromID":"1350451","toID":"1350460","formEdgeID":null},{"edgeID":"1768885","fromID":"1350460","toID":"1350456","formEdgeID":null},{"edgeID":"1768886","fromID":"1350463","toID":"1350462","formEdgeID":null},{"edgeID":"1768887","fromID":"1350464","toID":"1350463","formEdgeID":null},{"edgeID":"1768888","fromID":"1350462","toID":"1350465","formEdgeID":null},{"edgeID":"1768889","fromID":"1350465","toID":"1350461","formEdgeID":null},{"edgeID":"1768890","fromID":"1350456","toID":"1350466","formEdgeID":null},{"edgeID":"1768891","fromID":"1350466","toID":"1350462","formEdgeID":null},{"edgeID":"1768892","fromID":"1350461","toID":"1350467","formEdgeID":null},{"edgeID":"1768893","fromID":"1350467","toID":"1350455","formEdgeID":null},{"edgeID":"1768894","fromID":"1350466","toID":"1350468","formEdgeID":null},{"edgeID":"1768895","fromID":"1350468","toID":"1350467","formEdgeID":null},{"edgeID":"1768896","fromID":"1350471","toID":"1350470","formEdgeID":null},{"edgeID":"1768897","fromID":"1350472","toID":"1350471","formEdgeID":null},{"edgeID":"1768898","fromID":"1350470","toID":"1350473","formEdgeID":null},{"edgeID":"1768899","fromID":"1350473","toID":"1350469","formEdgeID":null},{"edgeID":"1768900","fromID":"1350462","toID":"1350474","formEdgeID":null},{"edgeID":"1768901","fromID":"1350474","toID":"1350470","formEdgeID":null},{"edgeID":"1768902","fromID":"1350469","toID":"1350475","formEdgeID":null},{"edgeID":"1768903","fromID":"1350475","toID":"1350461","formEdgeID":null},{"edgeID":"1768904","fromID":"1350474","toID":"1350476","formEdgeID":null},{"edgeID":"1768905","fromID":"1350476","toID":"1350475","formEdgeID":null},{"edgeID":"1768906","fromID":"1350479","toID":"1350478","formEdgeID":null},{"edgeID":"1768907","fromID":"1350480","toID":"1350479","formEdgeID":null},{"edgeID":"1768908","fromID":"1350478","toID":"1350481","formEdgeID":null},{"edgeID":"1768909","fromID":"1350481","toID":"1350477","formEdgeID":null},{"edgeID":"1768910","fromID":"1350470","toID":"1350482","formEdgeID":null},{"edgeID":"1768911","fromID":"1350482","toID":"1350478","formEdgeID":null},{"edgeID":"1768912","fromID":"1350484","toID":"1350483","formEdgeID":null},{"edgeID":"1768913","fromID":"1350485","toID":"1350484","formEdgeID":null},{"edgeID":"1768914","fromID":"1350478","toID":"1350486","formEdgeID":null},{"edgeID":"1768915","fromID":"1350486","toID":"1350483","formEdgeID":null},{"edgeID":"1768916","fromID":"1350486","toID":"1350487","formEdgeID":null},{"edgeID":"1768917","fromID":"1350487","toID":"1350477","formEdgeID":null},{"edgeID":"1768918","fromID":"1350490","toID":"1350489","formEdgeID":null},{"edgeID":"1768919","fromID":"1350491","toID":"1350490","formEdgeID":null},{"edgeID":"1768920","fromID":"1350489","toID":"1350492","formEdgeID":null},{"edgeID":"1768921","fromID":"1350492","toID":"1350488","formEdgeID":null},{"edgeID":"1768922","fromID":"1350477","toID":"1350493","formEdgeID":null},{"edgeID":"1768923","fromID":"1350493","toID":"1350488","formEdgeID":null},{"edgeID":"1768924","fromID":"1350478","toID":"1350494","formEdgeID":null},{"edgeID":"1768925","fromID":"1350494","toID":"1350489","formEdgeID":null},{"edgeID":"1768926","fromID":"1350494","toID":"1350495","formEdgeID":null},{"edgeID":"1768927","fromID":"1350495","toID":"1350493","formEdgeID":null},{"edgeID":"1768928","fromID":"1350496","toID":"1350448","formEdgeID":null},{"edgeID":"1768929","fromID":"1350449","toID":"1350496","formEdgeID":null},{"edgeID":"1768930","fromID":"1350489","toID":"1350497","formEdgeID":null},{"edgeID":"1768931","fromID":"1350497","toID":"1350448","formEdgeID":null},{"edgeID":"1768932","fromID":"1350497","toID":"1350498","formEdgeID":null},{"edgeID":"1768933","fromID":"1350498","toID":"1350488","formEdgeID":null},{"edgeID":"1768934","fromID":"1350501","toID":"1350500","formEdgeID":null},{"edgeID":"1768935","fromID":"1350502","toID":"1350501","formEdgeID":null},{"edgeID":"1768936","fromID":"1350500","toID":"1350503","formEdgeID":null},{"edgeID":"1768937","fromID":"1350503","toID":"1350499","formEdgeID":null},{"edgeID":"1768938","fromID":"1350506","toID":"1350505","formEdgeID":null},{"edgeID":"1768939","fromID":"1350507","toID":"1350506","formEdgeID":null},{"edgeID":"1768940","fromID":"1350505","toID":"1350508","formEdgeID":null},{"edgeID":"1768941","fromID":"1350508","toID":"1350504","formEdgeID":null},{"edgeID":"1768942","fromID":"1350500","toID":"1350509","formEdgeID":null},{"edgeID":"1768943","fromID":"1350509","toID":"1350505","formEdgeID":null},{"edgeID":"1768944","fromID":"1350499","toID":"1350510","formEdgeID":null},{"edgeID":"1768945","fromID":"1350510","toID":"1350488","formEdgeID":null},{"edgeID":"1768946","fromID":"1350489","toID":"1350511","formEdgeID":null},{"edgeID":"1768947","fromID":"1350511","toID":"1350500","formEdgeID":null},{"edgeID":"1768948","fromID":"1350511","toID":"1350512","formEdgeID":null},{"edgeID":"1768949","fromID":"1350512","toID":"1350510","formEdgeID":null},{"edgeID":"1768950","fromID":"1350515","toID":"1350514","formEdgeID":null},{"edgeID":"1768951","fromID":"1350516","toID":"1350515","formEdgeID":null},{"edgeID":"1768952","fromID":"1350514","toID":"1350517","formEdgeID":null},{"edgeID":"1768953","fromID":"1350517","toID":"1350513","formEdgeID":null},{"edgeID":"1768954","fromID":"1350513","toID":"1350518","formEdgeID":null},{"edgeID":"1768955","fromID":"1350518","toID":"1350499","formEdgeID":null},{"edgeID":"1768956","fromID":"1350500","toID":"1350519","formEdgeID":null},{"edgeID":"1768957","fromID":"1350519","toID":"1350514","formEdgeID":null},{"edgeID":"1768958","fromID":"1350519","toID":"1350520","formEdgeID":null},{"edgeID":"1768959","fromID":"1350520","toID":"1350518","formEdgeID":null},{"edgeID":"1768960","fromID":"1350523","toID":"1350522","formEdgeID":null},{"edgeID":"1768961","fromID":"1350524","toID":"1350523","formEdgeID":null},{"edgeID":"1768962","fromID":"1350522","toID":"1350525","formEdgeID":null},{"edgeID":"1768963","fromID":"1350525","toID":"1350521","formEdgeID":null},{"edgeID":"1768964","fromID":"1350514","toID":"1350526","formEdgeID":null},{"edgeID":"1768965","fromID":"1350526","toID":"1350522","formEdgeID":null},{"edgeID":"1768966","fromID":"1350529","toID":"1350528","formEdgeID":null},{"edgeID":"1768967","fromID":"1350530","toID":"1350529","formEdgeID":null},{"edgeID":"1768968","fromID":"1350528","toID":"1350531","formEdgeID":null},{"edgeID":"1768969","fromID":"1350531","toID":"1350527","formEdgeID":null},{"edgeID":"1768970","fromID":"1350522","toID":"1350532","formEdgeID":null},{"edgeID":"1768971","fromID":"1350532","toID":"1350528","formEdgeID":null},{"edgeID":"1768972","fromID":"1350527","toID":"1350533","formEdgeID":null},{"edgeID":"1768973","fromID":"1350533","toID":"1350521","formEdgeID":null},{"edgeID":"1768974","fromID":"1350532","toID":"1350534","formEdgeID":null},{"edgeID":"1768975","fromID":"1350534","toID":"1350533","formEdgeID":null},{"edgeID":"1768976","fromID":"1350537","toID":"1350536","formEdgeID":null},{"edgeID":"1768977","fromID":"1350538","toID":"1350537","formEdgeID":null},{"edgeID":"1768978","fromID":"1350536","toID":"1350539","formEdgeID":null},{"edgeID":"1768979","fromID":"1350539","toID":"1350535","formEdgeID":null},{"edgeID":"1768980","fromID":"1350528","toID":"1350540","formEdgeID":null},{"edgeID":"1768981","fromID":"1350540","toID":"1350536","formEdgeID":null},{"edgeID":"1768982","fromID":"1350527","toID":"1350541","formEdgeID":null},{"edgeID":"1768983","fromID":"1350541","toID":"1350535","formEdgeID":null},{"edgeID":"1768984","fromID":"1350540","toID":"1350542","formEdgeID":null},{"edgeID":"1768985","fromID":"1350542","toID":"1350541","formEdgeID":null},{"edgeID":"1768986","fromID":"1350545","toID":"1350544","formEdgeID":null},{"edgeID":"1768987","fromID":"1350546","toID":"1350545","formEdgeID":null},{"edgeID":"1768988","fromID":"1350544","toID":"1350547","formEdgeID":null},{"edgeID":"1768989","fromID":"1350547","toID":"1350543","formEdgeID":null},{"edgeID":"1768990","fromID":"1350536","toID":"1350548","formEdgeID":null},{"edgeID":"1768991","fromID":"1350548","toID":"1350544","formEdgeID":null},{"edgeID":"1768992","fromID":"1350543","toID":"1350549","formEdgeID":null},{"edgeID":"1768993","fromID":"1350549","toID":"1350535","formEdgeID":null},{"edgeID":"1768994","fromID":"1350548","toID":"1350550","formEdgeID":null},{"edgeID":"1768995","fromID":"1350550","toID":"1350549","formEdgeID":null},{"edgeID":"1768996","fromID":"1350553","toID":"1350552","formEdgeID":null},{"edgeID":"1768997","fromID":"1350554","toID":"1350553","formEdgeID":null},{"edgeID":"1768998","fromID":"1350552","toID":"1350555","formEdgeID":null},{"edgeID":"1768999","fromID":"1350555","toID":"1350551","formEdgeID":null},{"edgeID":"1769000","fromID":"1350544","toID":"1350556","formEdgeID":null},{"edgeID":"1769001","fromID":"1350556","toID":"1350552","formEdgeID":null},{"edgeID":"1769002","fromID":"1350559","toID":"1350558","formEdgeID":null},{"edgeID":"1769003","fromID":"1350560","toID":"1350559","formEdgeID":null},{"edgeID":"1769004","fromID":"1350558","toID":"1350561","formEdgeID":null},{"edgeID":"1769005","fromID":"1350561","toID":"1350557","formEdgeID":null},{"edgeID":"1769006","fromID":"1350552","toID":"1350562","formEdgeID":null},{"edgeID":"1769007","fromID":"1350562","toID":"1350558","formEdgeID":null},{"edgeID":"1769008","fromID":"1350557","toID":"1350563","formEdgeID":null},{"edgeID":"1769009","fromID":"1350563","toID":"1350551","formEdgeID":null},{"edgeID":"1769010","fromID":"1350562","toID":"1350564","formEdgeID":null},{"edgeID":"1769011","fromID":"1350564","toID":"1350563","formEdgeID":null},{"edgeID":"1769012","fromID":"1350499","toID":"1350565","formEdgeID":null},{"edgeID":"1769013","fromID":"1350565","toID":"1350504","formEdgeID":null},{"edgeID":"1769014","fromID":"1350509","toID":"1350566","formEdgeID":null},{"edgeID":"1769015","fromID":"1350566","toID":"1350565","formEdgeID":null}],"locutions":[]}