{"nodes":[{"nodeID":"22328","text":"no","type":"I","timestamp":"2013-03-20 12:21:59"},{"nodeID":"1344264","text":"Emily Thornberry: No","type":"L","timestamp":"2023-11-09 13:59:09"},{"nodeID":"1344265","text":"Analysing","type":"YA","timestamp":"2023-11-09 13:59:09"},{"nodeID":"1344266","text":"Dominika: Emily Thornberry: No","type":"L","timestamp":"2023-11-09 13:59:09"},{"nodeID":"1344267","text":"Asserting","type":"YA","timestamp":"2023-11-09 13:59:09"},{"nodeID":"1344268","text":"there needs to be a negotiation","type":"I","timestamp":"2023-11-09 13:59:09"},{"nodeID":"1344269","text":"Emily Thornberry: there needs to be a negotiation","type":"L","timestamp":"2023-11-09 13:59:09"},{"nodeID":"1344270","text":"Analysing","type":"YA","timestamp":"2023-11-09 13:59:09"},{"nodeID":"1344271","text":"Dominika: Emily Thornberry: there needs to be a negotiation","type":"L","timestamp":"2023-11-09 13:59:09"},{"nodeID":"1344272","text":"Asserting","type":"YA","timestamp":"2023-11-09 13:59:09"},{"nodeID":"1344273","text":"a settlement can be found so long as there is good will on both sides","type":"I","timestamp":"2023-11-09 13:59:10"},{"nodeID":"1344274","text":"Emily Thornberry: a settlement can be found so long as there is good will on both sides","type":"L","timestamp":"2023-11-09 13:59:10"},{"nodeID":"1344275","text":"Analysing","type":"YA","timestamp":"2023-11-09 13:59:10"},{"nodeID":"1344276","text":"Dominika: Emily Thornberry: a settlement can be found so long as there is good will on both sides","type":"L","timestamp":"2023-11-09 13:59:10"},{"nodeID":"1344277","text":"Asserting","type":"YA","timestamp":"2023-11-09 13:59:10"},{"nodeID":"1344278","text":"a settlement can be found so long as it is appreciated just how important the nurses are","type":"I","timestamp":"2023-11-09 13:59:11"},{"nodeID":"1344279","text":"Emily Thornberry: so long as it is appreciated just how important the nurses are","type":"L","timestamp":"2023-11-09 13:59:11"},{"nodeID":"1344280","text":"Analysing","type":"YA","timestamp":"2023-11-09 13:59:11"},{"nodeID":"1344281","text":"Dominika: Emily Thornberry: so long as it is appreciated just how important the nurses are","type":"L","timestamp":"2023-11-09 13:59:11"},{"nodeID":"1344282","text":"Asserting","type":"YA","timestamp":"2023-11-09 13:59:11"},{"nodeID":"1344283","text":"Mark Harper listened to Shadow Health Secretary being interviewed","type":"I","timestamp":"2023-11-09 13:59:11"},{"nodeID":"1344284","text":"Mark Harper:  I listened to him being interviewed","type":"L","timestamp":"2023-11-09 13:59:11"},{"nodeID":"1344285","text":"Analysing","type":"YA","timestamp":"2023-11-09 13:59:11"},{"nodeID":"1344286","text":"Dominika: Mark Harper:  I listened to him being interviewed","type":"L","timestamp":"2023-11-09 13:59:11"},{"nodeID":"1344287","text":"Asserting","type":"YA","timestamp":"2023-11-09 13:59:11"},{"nodeID":"1344288","text":"Shadow Health Secretary said something different to Emily Thornberry","type":"I","timestamp":"2023-11-09 13:59:12"},{"nodeID":"1344289","text":"Mark Harper: he said something different to you","type":"L","timestamp":"2023-11-09 13:59:12"},{"nodeID":"1344290","text":"Analysing","type":"YA","timestamp":"2023-11-09 13:59:12"},{"nodeID":"1344291","text":"Dominika: Mark Harper: he said something different to you","type":"L","timestamp":"2023-11-09 13:59:12"},{"nodeID":"1344292","text":"Asserting","type":"YA","timestamp":"2023-11-09 13:59:12"},{"nodeID":"1344293","text":"Default Transition","type":"TA","timestamp":"2023-11-09 13:59:12"},{"nodeID":"1344294","text":"Default Inference","type":"RA","timestamp":"2023-11-09 13:59:12"},{"nodeID":"1344295","text":"Default Inference","type":"RA","timestamp":"2023-11-09 13:59:12"},{"nodeID":"1344296","text":"Default Transition","type":"TA","timestamp":"2023-11-09 13:59:12"},{"nodeID":"1344297","text":"Arguing","type":"YA","timestamp":"2023-11-09 13:59:12"},{"nodeID":"1344298","text":"Arguing","type":"YA","timestamp":"2023-11-09 13:59:12"},{"nodeID":"1344299","text":"Default Transition","type":"TA","timestamp":"2023-11-09 13:59:12"},{"nodeID":"1344300","text":"Default Transition","type":"TA","timestamp":"2023-11-09 13:59:12"},{"nodeID":"1344301","text":"Default Rephrase","type":"MA","timestamp":"2023-11-09 13:59:12"},{"nodeID":"1344302","text":"Restating","type":"YA","timestamp":"2023-11-09 13:59:12"},{"nodeID":"1344303","text":"it is a good thing that at last the Conservative government are not playing games with this","type":"I","timestamp":"2023-11-09 13:59:12"},{"nodeID":"1344304","text":"Emily Thornberry: it is a good thing that at last the Conservative government are not playing games with this","type":"L","timestamp":"2023-11-09 13:59:12"},{"nodeID":"1344305","text":"Analysing","type":"YA","timestamp":"2023-11-09 13:59:12"},{"nodeID":"1344306","text":"Dominika: Emily Thornberry: it is a good thing that at last the Conservative government are not playing games with this","type":"L","timestamp":"2023-11-09 13:59:12"},{"nodeID":"1344307","text":"Asserting","type":"YA","timestamp":"2023-11-09 13:59:12"},{"nodeID":"1344308","text":"you look at the way the Conservatives were playing games with the transport industries over the summer, at least they\u2019re not doing that now","type":"I","timestamp":"2023-11-09 13:59:13"},{"nodeID":"1344309","text":"Emily Thornberry: you look at the way the Conservatives were playing games with the transport industries over the summer, at least they\u2019re not doing that now","type":"L","timestamp":"2023-11-09 13:59:13"},{"nodeID":"1344310","text":"Analysing","type":"YA","timestamp":"2023-11-09 13:59:13"},{"nodeID":"1344311","text":"Dominika: Emily Thornberry: you look at the way the Conservatives were playing games with the transport industries over the summer, at least they\u2019re not doing that now","type":"L","timestamp":"2023-11-09 13:59:13"},{"nodeID":"1344312","text":"Asserting","type":"YA","timestamp":"2023-11-09 13:59:13"},{"nodeID":"1344313","text":"Default Transition","type":"TA","timestamp":"2023-11-09 13:59:13"},{"nodeID":"1344314","text":"Default Rephrase","type":"MA","timestamp":"2023-11-09 13:59:13"},{"nodeID":"1344315","text":"Restating","type":"YA","timestamp":"2023-11-09 13:59:13"},{"nodeID":"1344316","text":"at least the Conservatives are talking to the NHS staff","type":"I","timestamp":"2023-11-09 13:59:14"},{"nodeID":"1344317","text":"Emily Thornberry: At least they\u2019re talking to them","type":"L","timestamp":"2023-11-09 13:59:14"},{"nodeID":"1344318","text":"Analysing","type":"YA","timestamp":"2023-11-09 13:59:14"},{"nodeID":"1344319","text":"Dominika: Emily Thornberry: At least they\u2019re talking to them","type":"L","timestamp":"2023-11-09 13:59:14"},{"nodeID":"1344320","text":"Asserting","type":"YA","timestamp":"2023-11-09 13:59:14"},{"nodeID":"1344321","text":"Default Transition","type":"TA","timestamp":"2023-11-09 13:59:14"},{"nodeID":"1344322","text":"Default Rephrase","type":"MA","timestamp":"2023-11-09 13:59:14"},{"nodeID":"1344323","text":"Restating","type":"YA","timestamp":"2023-11-09 13:59:14"},{"nodeID":"1344324","text":"Mark Harper is the Transport Secretary","type":"I","timestamp":"2023-11-09 13:59:14"},{"nodeID":"1344325","text":"Mark Harper: I\u2019m the Transport Secretary","type":"L","timestamp":"2023-11-09 13:59:14"},{"nodeID":"1344326","text":"Analysing","type":"YA","timestamp":"2023-11-09 13:59:14"},{"nodeID":"1344327","text":"Dominika: Mark Harper: I\u2019m the Transport Secretary","type":"L","timestamp":"2023-11-09 13:59:14"},{"nodeID":"1344328","text":"Asserting","type":"YA","timestamp":"2023-11-09 13:59:14"},{"nodeID":"1344329","text":"Default Transition","type":"TA","timestamp":"2023-11-09 13:59:14"},{"nodeID":"1344330","text":"we\u2019re talking to the NHS staff","type":"I","timestamp":"2023-11-09 13:59:15"},{"nodeID":"1344331","text":"Mark Harper: we\u2019re talking to them","type":"L","timestamp":"2023-11-09 13:59:15"},{"nodeID":"1344332","text":"Analysing","type":"YA","timestamp":"2023-11-09 13:59:15"},{"nodeID":"1344333","text":"Dominika: Mark Harper: we\u2019re talking to them","type":"L","timestamp":"2023-11-09 13:59:15"},{"nodeID":"1344334","text":"Asserting","type":"YA","timestamp":"2023-11-09 13:59:15"},{"nodeID":"1344335","text":"Default Transition","type":"TA","timestamp":"2023-11-09 13:59:15"},{"nodeID":"1344336","text":"Emily Thornberry knows that Mark Harper is talking to the NHS staff","type":"I","timestamp":"2023-11-09 13:59:15"},{"nodeID":"1344337","text":"Emily Thornberry: I know","type":"L","timestamp":"2023-11-09 13:59:15"},{"nodeID":"1344338","text":"Analysing","type":"YA","timestamp":"2023-11-09 13:59:15"},{"nodeID":"1344339","text":"Dominika: Emily Thornberry: I know","type":"L","timestamp":"2023-11-09 13:59:15"},{"nodeID":"1344340","text":"Asserting","type":"YA","timestamp":"2023-11-09 13:59:15"},{"nodeID":"1344341","text":"Default Transition","type":"TA","timestamp":"2023-11-09 13:59:15"},{"nodeID":"1344342","text":"Default Rephrase","type":"MA","timestamp":"2023-11-09 13:59:15"},{"nodeID":"1344343","text":"Restating","type":"YA","timestamp":"2023-11-09 13:59:15"},{"nodeID":"1344344","text":"good for Mark Harper for talking to the NHS staff","type":"I","timestamp":"2023-11-09 13:59:16"},{"nodeID":"1344345","text":"Emily Thornberry: good for you","type":"L","timestamp":"2023-11-09 13:59:16"},{"nodeID":"1344346","text":"Analysing","type":"YA","timestamp":"2023-11-09 13:59:16"},{"nodeID":"1344347","text":"Dominika: Emily Thornberry: good for you","type":"L","timestamp":"2023-11-09 13:59:16"},{"nodeID":"1344348","text":"Asserting","type":"YA","timestamp":"2023-11-09 13:59:16"},{"nodeID":"1344349","text":"Default Transition","type":"TA","timestamp":"2023-11-09 13:59:16"},{"nodeID":"1344350","text":"Default Rephrase","type":"MA","timestamp":"2023-11-09 13:59:16"},{"nodeID":"1344351","text":"Restating","type":"YA","timestamp":"2023-11-09 13:59:16"},{"nodeID":"1344352","text":"Emily Thornberry is glad to hear that Mark Harper is talking to the NHS staff","type":"I","timestamp":"2023-11-09 13:59:17"},{"nodeID":"1344353","text":"Emily Thornberry: I\u2019m glad to hear it","type":"L","timestamp":"2023-11-09 13:59:17"},{"nodeID":"1344354","text":"Analysing","type":"YA","timestamp":"2023-11-09 13:59:17"},{"nodeID":"1344355","text":"Dominika: Emily Thornberry: I\u2019m glad to hear it","type":"L","timestamp":"2023-11-09 13:59:17"},{"nodeID":"1344356","text":"Asserting","type":"YA","timestamp":"2023-11-09 13:59:17"},{"nodeID":"1344357","text":"Default Transition","type":"TA","timestamp":"2023-11-09 13:59:17"},{"nodeID":"1344358","text":"Default Rephrase","type":"MA","timestamp":"2023-11-09 13:59:17"},{"nodeID":"1344359","text":"Restating","type":"YA","timestamp":"2023-11-09 13:59:17"},{"nodeID":"1344360","text":"there\u2019s a difference in tone and a difference in attitude in this government that you don\u2019t need to play silly part points","type":"I","timestamp":"2023-11-09 13:59:17"},{"nodeID":"1344361","text":"Emily Thornberry: there\u2019s a difference in tone and a difference in attitude in this government that you don\u2019t need to play silly part points","type":"L","timestamp":"2023-11-09 13:59:17"},{"nodeID":"1344362","text":"Analysing","type":"YA","timestamp":"2023-11-09 13:59:17"},{"nodeID":"1344363","text":"Dominika: Emily Thornberry: there\u2019s a difference in tone and a difference in attitude in this government that you don\u2019t need to play silly part points","type":"L","timestamp":"2023-11-09 13:59:17"},{"nodeID":"1344364","text":"Asserting","type":"YA","timestamp":"2023-11-09 13:59:17"},{"nodeID":"1344365","text":"Default Transition","type":"TA","timestamp":"2023-11-09 13:59:17"},{"nodeID":"1344366","text":"Default Inference","type":"RA","timestamp":"2023-11-09 13:59:17"},{"nodeID":"1344367","text":"Arguing","type":"YA","timestamp":"2023-11-09 13:59:17"},{"nodeID":"1344368","text":"it is very important that we all find a solution to this in these really difficult times","type":"I","timestamp":"2023-11-09 13:59:18"},{"nodeID":"1344369","text":"Emily Thornberry: it is very important that we all find a solution to this in these really difficult times","type":"L","timestamp":"2023-11-09 13:59:18"},{"nodeID":"1344370","text":"Analysing","type":"YA","timestamp":"2023-11-09 13:59:18"},{"nodeID":"1344371","text":"Dominika: Emily Thornberry: it is very important that we all find a solution to this in these really difficult times","type":"L","timestamp":"2023-11-09 13:59:18"},{"nodeID":"1344372","text":"Asserting","type":"YA","timestamp":"2023-11-09 13:59:18"},{"nodeID":"1344373","text":"Default Transition","type":"TA","timestamp":"2023-11-09 13:59:18"},{"nodeID":"1344374","text":"Default Inference","type":"RA","timestamp":"2023-11-09 13:59:18"},{"nodeID":"1344375","text":"Arguing","type":"YA","timestamp":"2023-11-09 13:59:18"},{"nodeID":"1344376","text":"Default Transition","type":"TA","timestamp":"2023-11-09 13:59:18"},{"nodeID":"1344377","text":"Shadow Health Secretary has not said something different to Emily Thornberry","type":"I","timestamp":"2023-11-09 13:59:18"},{"nodeID":"1344378","text":"Emily Thornberry: No, he\u2019s not","type":"L","timestamp":"2023-11-09 13:59:18"},{"nodeID":"1344379","text":"Analysing","type":"YA","timestamp":"2023-11-09 13:59:18"},{"nodeID":"1344380","text":"Dominika: Emily Thornberry: No, he\u2019s not","type":"L","timestamp":"2023-11-09 13:59:18"},{"nodeID":"1344381","text":"Asserting","type":"YA","timestamp":"2023-11-09 13:59:18"},{"nodeID":"1344382","text":"Default Transition","type":"TA","timestamp":"2023-11-09 13:59:18"},{"nodeID":"1344383","text":"Default Conflict","type":"CA","timestamp":"2023-11-09 13:59:18"},{"nodeID":"1344384","text":"Disagreeing","type":"YA","timestamp":"2023-11-09 13:59:18"},{"nodeID":"1344385","text":"Default Transition","type":"TA","timestamp":"2023-11-09 13:59:18"}],"edges":[{"edgeID":"1761524","fromID":"1344265","toID":"1344264","formEdgeID":null},{"edgeID":"1761525","fromID":"1344266","toID":"1344265","formEdgeID":null},{"edgeID":"1761526","fromID":"1344264","toID":"1344267","formEdgeID":null},{"edgeID":"1761527","fromID":"1344267","toID":"22328","formEdgeID":null},{"edgeID":"1761528","fromID":"1344270","toID":"1344269","formEdgeID":null},{"edgeID":"1761529","fromID":"1344271","toID":"1344270","formEdgeID":null},{"edgeID":"1761530","fromID":"1344269","toID":"1344272","formEdgeID":null},{"edgeID":"1761531","fromID":"1344272","toID":"1344268","formEdgeID":null},{"edgeID":"1761532","fromID":"1344275","toID":"1344274","formEdgeID":null},{"edgeID":"1761533","fromID":"1344276","toID":"1344275","formEdgeID":null},{"edgeID":"1761534","fromID":"1344274","toID":"1344277","formEdgeID":null},{"edgeID":"1761535","fromID":"1344277","toID":"1344273","formEdgeID":null},{"edgeID":"1761536","fromID":"1344280","toID":"1344279","formEdgeID":null},{"edgeID":"1761537","fromID":"1344281","toID":"1344280","formEdgeID":null},{"edgeID":"1761538","fromID":"1344279","toID":"1344282","formEdgeID":null},{"edgeID":"1761539","fromID":"1344282","toID":"1344278","formEdgeID":null},{"edgeID":"1761540","fromID":"1344285","toID":"1344284","formEdgeID":null},{"edgeID":"1761541","fromID":"1344286","toID":"1344285","formEdgeID":null},{"edgeID":"1761542","fromID":"1344284","toID":"1344287","formEdgeID":null},{"edgeID":"1761543","fromID":"1344287","toID":"1344283","formEdgeID":null},{"edgeID":"1761544","fromID":"1344290","toID":"1344289","formEdgeID":null},{"edgeID":"1761545","fromID":"1344291","toID":"1344290","formEdgeID":null},{"edgeID":"1761546","fromID":"1344289","toID":"1344292","formEdgeID":null},{"edgeID":"1761547","fromID":"1344292","toID":"1344288","formEdgeID":null},{"edgeID":"1761548","fromID":"1344269","toID":"1344293","formEdgeID":null},{"edgeID":"1761549","fromID":"1344293","toID":"1344274","formEdgeID":null},{"edgeID":"1761550","fromID":"1344273","toID":"1344294","formEdgeID":null},{"edgeID":"1761551","fromID":"1344294","toID":"1344268","formEdgeID":null},{"edgeID":"1761552","fromID":"1344278","toID":"1344295","formEdgeID":null},{"edgeID":"1761553","fromID":"1344295","toID":"1344268","formEdgeID":null},{"edgeID":"1761554","fromID":"1344269","toID":"1344296","formEdgeID":null},{"edgeID":"1761555","fromID":"1344296","toID":"1344279","formEdgeID":null},{"edgeID":"1761556","fromID":"1344293","toID":"1344297","formEdgeID":null},{"edgeID":"1761557","fromID":"1344297","toID":"1344294","formEdgeID":null},{"edgeID":"1761558","fromID":"1344296","toID":"1344298","formEdgeID":null},{"edgeID":"1761559","fromID":"1344298","toID":"1344295","formEdgeID":null},{"edgeID":"1761560","fromID":"1344279","toID":"1344299","formEdgeID":null},{"edgeID":"1761561","fromID":"1344299","toID":"1344284","formEdgeID":null},{"edgeID":"1761562","fromID":"1344284","toID":"1344300","formEdgeID":null},{"edgeID":"1761563","fromID":"1344300","toID":"1344289","formEdgeID":null},{"edgeID":"1761564","fromID":"1344288","toID":"1344301","formEdgeID":null},{"edgeID":"1761565","fromID":"1344301","toID":"1344283","formEdgeID":null},{"edgeID":"1761566","fromID":"1344300","toID":"1344302","formEdgeID":null},{"edgeID":"1761567","fromID":"1344302","toID":"1344301","formEdgeID":null},{"edgeID":"1761568","fromID":"1344305","toID":"1344304","formEdgeID":null},{"edgeID":"1761569","fromID":"1344306","toID":"1344305","formEdgeID":null},{"edgeID":"1761570","fromID":"1344304","toID":"1344307","formEdgeID":null},{"edgeID":"1761571","fromID":"1344307","toID":"1344303","formEdgeID":null},{"edgeID":"1761572","fromID":"1344310","toID":"1344309","formEdgeID":null},{"edgeID":"1761573","fromID":"1344311","toID":"1344310","formEdgeID":null},{"edgeID":"1761574","fromID":"1344309","toID":"1344312","formEdgeID":null},{"edgeID":"1761575","fromID":"1344312","toID":"1344308","formEdgeID":null},{"edgeID":"1761576","fromID":"1344304","toID":"1344313","formEdgeID":null},{"edgeID":"1761577","fromID":"1344313","toID":"1344309","formEdgeID":null},{"edgeID":"1761578","fromID":"1344308","toID":"1344314","formEdgeID":null},{"edgeID":"1761579","fromID":"1344314","toID":"1344303","formEdgeID":null},{"edgeID":"1761580","fromID":"1344313","toID":"1344315","formEdgeID":null},{"edgeID":"1761581","fromID":"1344315","toID":"1344314","formEdgeID":null},{"edgeID":"1761582","fromID":"1344318","toID":"1344317","formEdgeID":null},{"edgeID":"1761583","fromID":"1344319","toID":"1344318","formEdgeID":null},{"edgeID":"1761584","fromID":"1344317","toID":"1344320","formEdgeID":null},{"edgeID":"1761585","fromID":"1344320","toID":"1344316","formEdgeID":null},{"edgeID":"1761586","fromID":"1344309","toID":"1344321","formEdgeID":null},{"edgeID":"1761587","fromID":"1344321","toID":"1344317","formEdgeID":null},{"edgeID":"1761588","fromID":"1344316","toID":"1344322","formEdgeID":null},{"edgeID":"1761589","fromID":"1344322","toID":"1344308","formEdgeID":null},{"edgeID":"1761590","fromID":"1344321","toID":"1344323","formEdgeID":null},{"edgeID":"1761591","fromID":"1344323","toID":"1344322","formEdgeID":null},{"edgeID":"1761592","fromID":"1344326","toID":"1344325","formEdgeID":null},{"edgeID":"1761593","fromID":"1344327","toID":"1344326","formEdgeID":null},{"edgeID":"1761594","fromID":"1344325","toID":"1344328","formEdgeID":null},{"edgeID":"1761595","fromID":"1344328","toID":"1344324","formEdgeID":null},{"edgeID":"1761596","fromID":"1344317","toID":"1344329","formEdgeID":null},{"edgeID":"1761597","fromID":"1344329","toID":"1344325","formEdgeID":null},{"edgeID":"1761598","fromID":"1344332","toID":"1344331","formEdgeID":null},{"edgeID":"1761599","fromID":"1344333","toID":"1344332","formEdgeID":null},{"edgeID":"1761600","fromID":"1344331","toID":"1344334","formEdgeID":null},{"edgeID":"1761601","fromID":"1344334","toID":"1344330","formEdgeID":null},{"edgeID":"1761602","fromID":"1344325","toID":"1344335","formEdgeID":null},{"edgeID":"1761603","fromID":"1344335","toID":"1344331","formEdgeID":null},{"edgeID":"1761604","fromID":"1344338","toID":"1344337","formEdgeID":null},{"edgeID":"1761605","fromID":"1344339","toID":"1344338","formEdgeID":null},{"edgeID":"1761606","fromID":"1344337","toID":"1344340","formEdgeID":null},{"edgeID":"1761607","fromID":"1344340","toID":"1344336","formEdgeID":null},{"edgeID":"1761608","fromID":"1344331","toID":"1344341","formEdgeID":null},{"edgeID":"1761609","fromID":"1344341","toID":"1344337","formEdgeID":null},{"edgeID":"1761610","fromID":"1344336","toID":"1344342","formEdgeID":null},{"edgeID":"1761611","fromID":"1344342","toID":"1344330","formEdgeID":null},{"edgeID":"1761612","fromID":"1344341","toID":"1344343","formEdgeID":null},{"edgeID":"1761613","fromID":"1344343","toID":"1344342","formEdgeID":null},{"edgeID":"1761614","fromID":"1344346","toID":"1344345","formEdgeID":null},{"edgeID":"1761615","fromID":"1344347","toID":"1344346","formEdgeID":null},{"edgeID":"1761616","fromID":"1344345","toID":"1344348","formEdgeID":null},{"edgeID":"1761617","fromID":"1344348","toID":"1344344","formEdgeID":null},{"edgeID":"1761618","fromID":"1344337","toID":"1344349","formEdgeID":null},{"edgeID":"1761619","fromID":"1344349","toID":"1344345","formEdgeID":null},{"edgeID":"1761620","fromID":"1344344","toID":"1344350","formEdgeID":null},{"edgeID":"1761621","fromID":"1344350","toID":"1344336","formEdgeID":null},{"edgeID":"1761622","fromID":"1344349","toID":"1344351","formEdgeID":null},{"edgeID":"1761623","fromID":"1344351","toID":"1344350","formEdgeID":null},{"edgeID":"1761624","fromID":"1344354","toID":"1344353","formEdgeID":null},{"edgeID":"1761625","fromID":"1344355","toID":"1344354","formEdgeID":null},{"edgeID":"1761626","fromID":"1344353","toID":"1344356","formEdgeID":null},{"edgeID":"1761627","fromID":"1344356","toID":"1344352","formEdgeID":null},{"edgeID":"1761628","fromID":"1344345","toID":"1344357","formEdgeID":null},{"edgeID":"1761629","fromID":"1344357","toID":"1344353","formEdgeID":null},{"edgeID":"1761630","fromID":"1344352","toID":"1344358","formEdgeID":null},{"edgeID":"1761631","fromID":"1344358","toID":"1344344","formEdgeID":null},{"edgeID":"1761632","fromID":"1344357","toID":"1344359","formEdgeID":null},{"edgeID":"1761633","fromID":"1344359","toID":"1344358","formEdgeID":null},{"edgeID":"1761634","fromID":"1344362","toID":"1344361","formEdgeID":null},{"edgeID":"1761635","fromID":"1344363","toID":"1344362","formEdgeID":null},{"edgeID":"1761636","fromID":"1344361","toID":"1344364","formEdgeID":null},{"edgeID":"1761637","fromID":"1344364","toID":"1344360","formEdgeID":null},{"edgeID":"1761638","fromID":"1344353","toID":"1344365","formEdgeID":null},{"edgeID":"1761639","fromID":"1344365","toID":"1344361","formEdgeID":null},{"edgeID":"1761640","fromID":"1344360","toID":"1344366","formEdgeID":null},{"edgeID":"1761641","fromID":"1344366","toID":"1344352","formEdgeID":null},{"edgeID":"1761642","fromID":"1344365","toID":"1344367","formEdgeID":null},{"edgeID":"1761643","fromID":"1344367","toID":"1344366","formEdgeID":null},{"edgeID":"1761644","fromID":"1344370","toID":"1344369","formEdgeID":null},{"edgeID":"1761645","fromID":"1344371","toID":"1344370","formEdgeID":null},{"edgeID":"1761646","fromID":"1344369","toID":"1344372","formEdgeID":null},{"edgeID":"1761647","fromID":"1344372","toID":"1344368","formEdgeID":null},{"edgeID":"1761648","fromID":"1344353","toID":"1344373","formEdgeID":null},{"edgeID":"1761649","fromID":"1344373","toID":"1344369","formEdgeID":null},{"edgeID":"1761650","fromID":"1344368","toID":"1344374","formEdgeID":null},{"edgeID":"1761651","fromID":"1344374","toID":"1344352","formEdgeID":null},{"edgeID":"1761652","fromID":"1344373","toID":"1344375","formEdgeID":null},{"edgeID":"1761653","fromID":"1344375","toID":"1344374","formEdgeID":null},{"edgeID":"1761654","fromID":"1344264","toID":"1344376","formEdgeID":null},{"edgeID":"1761655","fromID":"1344376","toID":"1344269","formEdgeID":null},{"edgeID":"1761656","fromID":"1344379","toID":"1344378","formEdgeID":null},{"edgeID":"1761657","fromID":"1344380","toID":"1344379","formEdgeID":null},{"edgeID":"1761658","fromID":"1344378","toID":"1344381","formEdgeID":null},{"edgeID":"1761659","fromID":"1344381","toID":"1344377","formEdgeID":null},{"edgeID":"1761660","fromID":"1344289","toID":"1344382","formEdgeID":null},{"edgeID":"1761661","fromID":"1344382","toID":"1344378","formEdgeID":null},{"edgeID":"1761662","fromID":"1344377","toID":"1344383","formEdgeID":null},{"edgeID":"1761663","fromID":"1344383","toID":"1344288","formEdgeID":null},{"edgeID":"1761664","fromID":"1344382","toID":"1344384","formEdgeID":null},{"edgeID":"1761665","fromID":"1344384","toID":"1344383","formEdgeID":null},{"edgeID":"1761666","fromID":"1344378","toID":"1344385","formEdgeID":null},{"edgeID":"1761667","fromID":"1344385","toID":"1344304","formEdgeID":null}],"locutions":[]}