{"nodes":[{"nodeID":"1350300","text":"we get into that far faster than they expected, we\u2019re way ahead of schedule on that","type":"I","timestamp":"2023-11-09 14:08:42"},{"nodeID":"1350301","text":"Stephanie Flanders: we get into that far faster than they expected, we\u2019re way ahead of schedule on that","type":"L","timestamp":"2023-11-09 14:08:42"},{"nodeID":"1350302","text":"Analysing","type":"YA","timestamp":"2023-11-09 14:08:42"},{"nodeID":"1350303","text":"Anon: Stephanie Flanders: we get into that far faster than they expected, we\u2019re way ahead of schedule on that","type":"L","timestamp":"2023-11-09 14:08:42"},{"nodeID":"1350304","text":"Asserting","type":"YA","timestamp":"2023-11-09 14:08:42"},{"nodeID":"1350305","text":"some of those we may not get 1.5 degrees","type":"I","timestamp":"2023-11-09 14:08:43"},{"nodeID":"1350306","text":"Stephanie Flanders: some of those we may not get 1.5","type":"L","timestamp":"2023-11-09 14:08:43"},{"nodeID":"1350307","text":"Analysing","type":"YA","timestamp":"2023-11-09 14:08:43"},{"nodeID":"1350308","text":"Anon: Stephanie Flanders: some of those we may not get 1.5","type":"L","timestamp":"2023-11-09 14:08:43"},{"nodeID":"1350309","text":"Asserting","type":"YA","timestamp":"2023-11-09 14:08:43"},{"nodeID":"1350310","text":"at least Bloomberg, those who know much more about global warming than Stephanie Flanders, assure her we are also ruling out some of the worst case scenarios that used to be in that list","type":"I","timestamp":"2023-11-09 14:08:44"},{"nodeID":"1350311","text":"Stephanie Flanders: at least Bloomberg, those who know much more about this than me, assure me we are also ruling out some of the worst case scenarios that used to be in that list","type":"L","timestamp":"2023-11-09 14:08:44"},{"nodeID":"1350312","text":"Analysing","type":"YA","timestamp":"2023-11-09 14:08:44"},{"nodeID":"1350313","text":"Anon: Stephanie Flanders: at least Bloomberg, those who know much more about this than me, assure me we are also ruling out some of the worst case scenarios that used to be in that list","type":"L","timestamp":"2023-11-09 14:08:44"},{"nodeID":"1350314","text":"Asserting","type":"YA","timestamp":"2023-11-09 14:08:44"},{"nodeID":"1350315","text":"Default Inference","type":"RA","timestamp":"2023-11-09 14:08:44"},{"nodeID":"1350316","text":"Default Transition","type":"TA","timestamp":"2023-11-09 14:08:44"},{"nodeID":"1350317","text":"Arguing","type":"YA","timestamp":"2023-11-09 14:08:44"},{"nodeID":"1350318","text":"in this country we have done our bit for climate change","type":"I","timestamp":"2023-11-09 14:08:44"},{"nodeID":"1350319","text":"AudienceMember 20221110QT49: this country, we did do our bit for climate change","type":"L","timestamp":"2023-11-09 14:08:44"},{"nodeID":"1350320","text":"Analysing","type":"YA","timestamp":"2023-11-09 14:08:44"},{"nodeID":"1350321","text":"Anon: AudienceMember 20221110QT49: this country, we did do our bit for climate change","type":"L","timestamp":"2023-11-09 14:08:44"},{"nodeID":"1350322","text":"Asserting","type":"YA","timestamp":"2023-11-09 14:08:44"},{"nodeID":"1350323","text":"in the G20 we\u2019ve cut emissions more than any other country","type":"I","timestamp":"2023-11-09 14:08:45"},{"nodeID":"1350324","text":"AudienceMember 20221110QT49: In the G20 we\u2019ve cut emissions more than any other country","type":"L","timestamp":"2023-11-09 14:08:45"},{"nodeID":"1350325","text":"Analysing","type":"YA","timestamp":"2023-11-09 14:08:45"},{"nodeID":"1350326","text":"Anon: AudienceMember 20221110QT49: In the G20 we\u2019ve cut emissions more than any other country","type":"L","timestamp":"2023-11-09 14:08:45"},{"nodeID":"1350327","text":"Asserting","type":"YA","timestamp":"2023-11-09 14:08:45"},{"nodeID":"1350328","text":"the G20 includes the big countries in the world","type":"I","timestamp":"2023-11-09 14:08:46"},{"nodeID":"1350329","text":"AudienceMember 20221110QT49: That\u2019s the big countries in the world","type":"L","timestamp":"2023-11-09 14:08:46"},{"nodeID":"1350330","text":"Analysing","type":"YA","timestamp":"2023-11-09 14:08:46"},{"nodeID":"1350331","text":"Anon: AudienceMember 20221110QT49: That\u2019s the big countries in the world","type":"L","timestamp":"2023-11-09 14:08:46"},{"nodeID":"1350332","text":"Asserting","type":"YA","timestamp":"2023-11-09 14:08:46"},{"nodeID":"1350333","text":"we\u2019re doing our bit","type":"I","timestamp":"2023-11-09 14:08:46"},{"nodeID":"1350334","text":"AudienceMember 20221110QT49: We\u2019re doing our bit","type":"L","timestamp":"2023-11-09 14:08:46"},{"nodeID":"1350335","text":"Analysing","type":"YA","timestamp":"2023-11-09 14:08:46"},{"nodeID":"1350336","text":"Anon: AudienceMember 20221110QT49: We\u2019re doing our bit","type":"L","timestamp":"2023-11-09 14:08:46"},{"nodeID":"1350337","text":"Asserting","type":"YA","timestamp":"2023-11-09 14:08:46"},{"nodeID":"1350338","text":"we can do more","type":"I","timestamp":"2023-11-09 14:08:47"},{"nodeID":"1350339","text":"AudienceMember 20221110QT49: we can do more","type":"L","timestamp":"2023-11-09 14:08:47"},{"nodeID":"1350340","text":"Analysing","type":"YA","timestamp":"2023-11-09 14:08:47"},{"nodeID":"1350341","text":"Anon: AudienceMember 20221110QT49: we can do more.","type":"L","timestamp":"2023-11-09 14:08:47"},{"nodeID":"1350342","text":"Asserting","type":"YA","timestamp":"2023-11-09 14:08:47"},{"nodeID":"1350343","text":"Default Transition","type":"TA","timestamp":"2023-11-09 14:08:47"},{"nodeID":"1350344","text":"Default Transition","type":"TA","timestamp":"2023-11-09 14:08:47"},{"nodeID":"1350345","text":"Default Rephrase","type":"MA","timestamp":"2023-11-09 14:08:47"},{"nodeID":"1350346","text":"Default Transition","type":"TA","timestamp":"2023-11-09 14:08:47"},{"nodeID":"1350347","text":"Restating","type":"YA","timestamp":"2023-11-09 14:08:47"},{"nodeID":"1350348","text":"Default Inference","type":"RA","timestamp":"2023-11-09 14:08:47"},{"nodeID":"1350349","text":"Default Transition","type":"TA","timestamp":"2023-11-09 14:08:47"},{"nodeID":"1350350","text":"Arguing","type":"YA","timestamp":"2023-11-09 14:08:47"},{"nodeID":"1350351","text":"Default Conflict","type":"CA","timestamp":"2023-11-09 14:08:47"},{"nodeID":"1350352","text":"Default Transition","type":"TA","timestamp":"2023-11-09 14:08:47"},{"nodeID":"1350353","text":"Disagreeing","type":"YA","timestamp":"2023-11-09 14:08:47"},{"nodeID":"1350354","text":"we need to give more money to farmers to do more environmental schemes, et cetera, put more solar panels on roofs","type":"I","timestamp":"2023-11-09 14:08:48"},{"nodeID":"1350355","text":"AudienceMember 20221110QT49: We need to give more money to farmers to do more environmental schemes, et cetera, put more solar panels on roofs","type":"L","timestamp":"2023-11-09 14:08:48"},{"nodeID":"1350356","text":"Analysing","type":"YA","timestamp":"2023-11-09 14:08:48"},{"nodeID":"1350357","text":"Anon: AudienceMember 20221110QT49: We need to give more money to farmers to do more environmental schemes, et cetera, put more solar panels on roofs","type":"L","timestamp":"2023-11-09 14:08:48"},{"nodeID":"1350358","text":"Asserting","type":"YA","timestamp":"2023-11-09 14:08:48"},{"nodeID":"1350359","text":"Analysing","type":"YA","timestamp":"2023-11-09 14:08:48"},{"nodeID":"1350360","text":"Analysing","type":"YA","timestamp":"2023-11-09 14:08:48"},{"nodeID":"1350361","text":"Anon: AudienceMember 20221110QT49: We can do more","type":"L","timestamp":"2023-11-09 14:08:48"},{"nodeID":"1350362","text":"Asserting","type":"YA","timestamp":"2023-11-09 14:08:48"},{"nodeID":"1350363","text":"Asserting","type":"YA","timestamp":"2023-11-09 14:08:48"},{"nodeID":"1350364","text":"Default Inference","type":"RA","timestamp":"2023-11-09 14:08:48"},{"nodeID":"1350365","text":"Default Transition","type":"TA","timestamp":"2023-11-09 14:08:48"},{"nodeID":"1350366","text":"Arguing","type":"YA","timestamp":"2023-11-09 14:08:48"},{"nodeID":"1350367","text":"Default Transition","type":"TA","timestamp":"2023-11-09 14:08:48"},{"nodeID":"1350368","text":"Default Transition","type":"TA","timestamp":"2023-11-09 14:08:48"},{"nodeID":"1350369","text":"we also need to bring the public with us to do more about the environment","type":"I","timestamp":"2023-11-09 14:08:48"},{"nodeID":"1350370","text":"AudienceMember 20221110QT49: we also need to bring the public with us to do more","type":"L","timestamp":"2023-11-09 14:08:48"},{"nodeID":"1350371","text":"Analysing","type":"YA","timestamp":"2023-11-09 14:08:48"},{"nodeID":"1350372","text":"Anon: AudienceMember 20221110QT49: we also need to bring the public with us to do more","type":"L","timestamp":"2023-11-09 14:08:48"},{"nodeID":"1350373","text":"Asserting","type":"YA","timestamp":"2023-11-09 14:08:48"},{"nodeID":"1350374","text":"Default Transition","type":"TA","timestamp":"2023-11-09 14:08:48"},{"nodeID":"1350375","text":"what\u2019s really damaging at the minute is nutters gluing themselves to the roads","type":"I","timestamp":"2023-11-09 14:08:49"},{"nodeID":"1350376","text":"AudienceMember 20221110QT49: what\u2019s really damaging at the minute is nutters gluing themselves","type":"L","timestamp":"2023-11-09 14:08:49"},{"nodeID":"1350377","text":"Analysing","type":"YA","timestamp":"2023-11-09 14:08:49"},{"nodeID":"1350378","text":"Anon: AudienceMember 20221110QT49: what\u2019s really damaging at the minute is nutters gluing themselves","type":"L","timestamp":"2023-11-09 14:08:49"},{"nodeID":"1350379","text":"Asserting","type":"YA","timestamp":"2023-11-09 14:08:49"},{"nodeID":"1350380","text":"Default Transition","type":"TA","timestamp":"2023-11-09 14:08:49"},{"nodeID":"1350381","text":"those who glue themselves to roads call themselves activists","type":"I","timestamp":"2023-11-09 14:08:50"},{"nodeID":"1350382","text":"AudienceMember 20221110QT49: they call themselves activists","type":"L","timestamp":"2023-11-09 14:08:50"},{"nodeID":"1350383","text":"Analysing","type":"YA","timestamp":"2023-11-09 14:08:50"},{"nodeID":"1350384","text":"Anon: AudienceMember 20221110QT49: they call themselves activists","type":"L","timestamp":"2023-11-09 14:08:50"},{"nodeID":"1350385","text":"Asserting","type":"YA","timestamp":"2023-11-09 14:08:50"},{"nodeID":"1350386","text":"Default Rephrase","type":"MA","timestamp":"2023-11-09 14:08:50"},{"nodeID":"1350387","text":"Default Transition","type":"TA","timestamp":"2023-11-09 14:08:50"},{"nodeID":"1350388","text":"Restating","type":"YA","timestamp":"2023-11-09 14:08:50"},{"nodeID":"1350389","text":"something\u2019s going on in there","type":"I","timestamp":"2023-11-09 14:08:50"},{"nodeID":"1350390","text":"AudienceMember 20221110QT49: something\u2019s going on in there","type":"L","timestamp":"2023-11-09 14:08:50"},{"nodeID":"1350391","text":"Analysing","type":"YA","timestamp":"2023-11-09 14:08:50"},{"nodeID":"1350392","text":"Anon: AudienceMember 20221110QT49: something\u2019s going on in there","type":"L","timestamp":"2023-11-09 14:08:50"},{"nodeID":"1350393","text":"Asserting","type":"YA","timestamp":"2023-11-09 14:08:50"},{"nodeID":"1350394","text":"they\u2019re gluing themselves onto various motorways and climbing up gantries","type":"I","timestamp":"2023-11-09 14:08:51"},{"nodeID":"1350395","text":"AudienceMember 20221110QT49: They\u2019re gluing themselves onto various motorways and climbing up gantries","type":"L","timestamp":"2023-11-09 14:08:51"},{"nodeID":"1350396","text":"Analysing","type":"YA","timestamp":"2023-11-09 14:08:51"},{"nodeID":"1350397","text":"Anon: AudienceMember 20221110QT49: They\u2019re gluing themselves onto various motorways and climbing up gantries","type":"L","timestamp":"2023-11-09 14:08:51"},{"nodeID":"1350398","text":"Asserting","type":"YA","timestamp":"2023-11-09 14:08:51"},{"nodeID":"1350399","text":"activists glueing themselves to motorways are turning the public against climate action","type":"I","timestamp":"2023-11-09 14:08:52"},{"nodeID":"1350400","text":"AudienceMember 20221110QT49: it\u2019s turning the public against it","type":"L","timestamp":"2023-11-09 14:08:52"},{"nodeID":"1350401","text":"Analysing","type":"YA","timestamp":"2023-11-09 14:08:52"},{"nodeID":"1350402","text":"Anon: AudienceMember 20221110QT49: it\u2019s turning the public against it","type":"L","timestamp":"2023-11-09 14:08:52"},{"nodeID":"1350403","text":"Asserting","type":"YA","timestamp":"2023-11-09 14:08:52"},{"nodeID":"1350404","text":"Default Conflict","type":"CA","timestamp":"2023-11-09 14:08:52"},{"nodeID":"1350405","text":"Default Transition","type":"TA","timestamp":"2023-11-09 14:08:52"},{"nodeID":"1350406","text":"Disagreeing","type":"YA","timestamp":"2023-11-09 14:08:52"},{"nodeID":"1350407","text":"Default Transition","type":"TA","timestamp":"2023-11-09 14:08:52"},{"nodeID":"1350408","text":"Default Rephrase","type":"MA","timestamp":"2023-11-09 14:08:52"},{"nodeID":"1350409","text":"Default Transition","type":"TA","timestamp":"2023-11-09 14:08:52"},{"nodeID":"1350410","text":"Restating","type":"YA","timestamp":"2023-11-09 14:08:52"},{"nodeID":"1350411","text":"AudienceMember 20221110QT49 is talking about the Just Stop Oil protesters","type":"I","timestamp":"2023-11-09 14:08:52"},{"nodeID":"1350412","text":"Fiona Bruce: you\u2019re talking about the Just Stop Oil protesters","type":"L","timestamp":"2023-11-09 14:08:52"},{"nodeID":"1350413","text":"Analysing","type":"YA","timestamp":"2023-11-09 14:08:52"},{"nodeID":"1350414","text":"Anon: Fiona Bruce: you\u2019re talking about the Just Stop Oil protesters","type":"L","timestamp":"2023-11-09 14:08:52"},{"nodeID":"1350415","text":"Assertive Questioning","type":"YA","timestamp":"2023-11-09 14:08:52"},{"nodeID":"1350416","text":"Fiona Bruce: I know","type":"L","timestamp":"2023-11-09 14:08:52"},{"nodeID":"1350417","text":"Analysing","type":"YA","timestamp":"2023-11-09 14:08:52"},{"nodeID":"1350418","text":"Anon: Fiona Bruce: I know","type":"L","timestamp":"2023-11-09 14:08:52"},{"nodeID":"1350419","text":"AudienceMember 20221110QT50 doesn\u2019t want to mention Just Stop Oil protestors too much","type":"I","timestamp":"2023-11-09 14:08:53"},{"nodeID":"1350420","text":"AudienceMember 20221110QT50: I don\u2019t want to mention them too much","type":"L","timestamp":"2023-11-09 14:08:53"},{"nodeID":"1350421","text":"Analysing","type":"YA","timestamp":"2023-11-09 14:08:53"},{"nodeID":"1350422","text":"Anon: AudienceMember 20221110QT50: I don\u2019t want to mention them too much","type":"L","timestamp":"2023-11-09 14:08:53"},{"nodeID":"1350423","text":"Asserting","type":"YA","timestamp":"2023-11-09 14:08:53"},{"nodeID":"1350424","text":"Fiona Bruce is presuming Just Stop Oil protestors is who AudienceMember 20221110QT50 means","type":"I","timestamp":"2023-11-09 14:08:54"},{"nodeID":"1350425","text":"Fiona Bruce: I presume that\u2019s who you mean","type":"L","timestamp":"2023-11-09 14:08:54"},{"nodeID":"1350426","text":"Analysing","type":"YA","timestamp":"2023-11-09 14:08:54"},{"nodeID":"1350427","text":"Anon: Fiona Bruce: I presume that\u2019s who you mean","type":"L","timestamp":"2023-11-09 14:08:54"},{"nodeID":"1350428","text":"Asserting","type":"YA","timestamp":"2023-11-09 14:08:54"},{"nodeID":"1350429","text":"AudienceMember 20221110QT51: Yeah, yeah, yeah","type":"L","timestamp":"2023-11-09 14:08:54"},{"nodeID":"1350430","text":"Analysing","type":"YA","timestamp":"2023-11-09 14:08:54"},{"nodeID":"1350431","text":"Anon: AudienceMember 20221110QT51: Yeah, yeah, yeah","type":"L","timestamp":"2023-11-09 14:08:54"},{"nodeID":"1350432","text":"Default Rephrase","type":"MA","timestamp":"2023-11-09 14:08:54"},{"nodeID":"1350433","text":"Default Transition","type":"TA","timestamp":"2023-11-09 14:08:54"},{"nodeID":"1350434","text":"Restating","type":"YA","timestamp":"2023-11-09 14:08:54"},{"nodeID":"1350435","text":"Default Transition","type":"TA","timestamp":"2023-11-09 14:08:54"},{"nodeID":"1350436","text":"Default Transition","type":"TA","timestamp":"2023-11-09 14:08:54"},{"nodeID":"1350437","text":"Agreeing","type":"YA","timestamp":"2023-11-09 14:08:54"},{"nodeID":"1350438","text":"Default Rephrase","type":"MA","timestamp":"2023-11-09 14:08:54"},{"nodeID":"1350439","text":"Default Transition","type":"TA","timestamp":"2023-11-09 14:08:54"},{"nodeID":"1350440","text":"Restating","type":"YA","timestamp":"2023-11-09 14:08:54"},{"nodeID":"1350441","text":"Default Transition","type":"TA","timestamp":"2023-11-09 14:08:54"},{"nodeID":"1350442","text":"Agreeing","type":"YA","timestamp":"2023-11-09 14:08:54"},{"nodeID":"1350443","text":"Default Conflict","type":"CA","timestamp":"2023-11-09 14:08:54"},{"nodeID":"1350444","text":"Default Transition","type":"TA","timestamp":"2023-11-09 14:08:54"},{"nodeID":"1350445","text":"Disagreeing","type":"YA","timestamp":"2023-11-09 14:08:54"},{"nodeID":"1350446","text":"Default Rephrase","type":"MA","timestamp":"2023-11-09 14:08:54"},{"nodeID":"1350447","text":"Restating","type":"YA","timestamp":"2023-11-09 14:08:54"}],"edges":[{"edgeID":"1768698","fromID":"1350302","toID":"1350301","formEdgeID":null},{"edgeID":"1768699","fromID":"1350303","toID":"1350302","formEdgeID":null},{"edgeID":"1768700","fromID":"1350301","toID":"1350304","formEdgeID":null},{"edgeID":"1768701","fromID":"1350304","toID":"1350300","formEdgeID":null},{"edgeID":"1768702","fromID":"1350307","toID":"1350306","formEdgeID":null},{"edgeID":"1768703","fromID":"1350308","toID":"1350307","formEdgeID":null},{"edgeID":"1768704","fromID":"1350306","toID":"1350309","formEdgeID":null},{"edgeID":"1768705","fromID":"1350309","toID":"1350305","formEdgeID":null},{"edgeID":"1768706","fromID":"1350312","toID":"1350311","formEdgeID":null},{"edgeID":"1768707","fromID":"1350313","toID":"1350312","formEdgeID":null},{"edgeID":"1768708","fromID":"1350311","toID":"1350314","formEdgeID":null},{"edgeID":"1768709","fromID":"1350314","toID":"1350310","formEdgeID":null},{"edgeID":"1768710","fromID":"1350300","toID":"1350315","formEdgeID":null},{"edgeID":"1768711","fromID":"1350315","toID":"1350305","formEdgeID":null},{"edgeID":"1768712","fromID":"1350301","toID":"1350316","formEdgeID":null},{"edgeID":"1768713","fromID":"1350316","toID":"1350306","formEdgeID":null},{"edgeID":"1768714","fromID":"1350316","toID":"1350317","formEdgeID":null},{"edgeID":"1768715","fromID":"1350317","toID":"1350315","formEdgeID":null},{"edgeID":"1768716","fromID":"1350320","toID":"1350319","formEdgeID":null},{"edgeID":"1768717","fromID":"1350321","toID":"1350320","formEdgeID":null},{"edgeID":"1768718","fromID":"1350319","toID":"1350322","formEdgeID":null},{"edgeID":"1768719","fromID":"1350322","toID":"1350318","formEdgeID":null},{"edgeID":"1768720","fromID":"1350325","toID":"1350324","formEdgeID":null},{"edgeID":"1768721","fromID":"1350326","toID":"1350325","formEdgeID":null},{"edgeID":"1768722","fromID":"1350324","toID":"1350327","formEdgeID":null},{"edgeID":"1768723","fromID":"1350327","toID":"1350323","formEdgeID":null},{"edgeID":"1768724","fromID":"1350330","toID":"1350329","formEdgeID":null},{"edgeID":"1768725","fromID":"1350331","toID":"1350330","formEdgeID":null},{"edgeID":"1768726","fromID":"1350329","toID":"1350332","formEdgeID":null},{"edgeID":"1768727","fromID":"1350332","toID":"1350328","formEdgeID":null},{"edgeID":"1768728","fromID":"1350335","toID":"1350334","formEdgeID":null},{"edgeID":"1768729","fromID":"1350336","toID":"1350335","formEdgeID":null},{"edgeID":"1768730","fromID":"1350334","toID":"1350337","formEdgeID":null},{"edgeID":"1768731","fromID":"1350337","toID":"1350333","formEdgeID":null},{"edgeID":"1768732","fromID":"1350340","toID":"1350339","formEdgeID":null},{"edgeID":"1768733","fromID":"1350341","toID":"1350340","formEdgeID":null},{"edgeID":"1768734","fromID":"1350339","toID":"1350342","formEdgeID":null},{"edgeID":"1768735","fromID":"1350342","toID":"1350338","formEdgeID":null},{"edgeID":"1768736","fromID":"1350311","toID":"1350343","formEdgeID":null},{"edgeID":"1768737","fromID":"1350343","toID":"1350319","formEdgeID":null},{"edgeID":"1768738","fromID":"1350319","toID":"1350344","formEdgeID":null},{"edgeID":"1768739","fromID":"1350344","toID":"1350324","formEdgeID":null},{"edgeID":"1768740","fromID":"1350328","toID":"1350345","formEdgeID":null},{"edgeID":"1768741","fromID":"1350345","toID":"1350323","formEdgeID":null},{"edgeID":"1768742","fromID":"1350324","toID":"1350346","formEdgeID":null},{"edgeID":"1768743","fromID":"1350346","toID":"1350329","formEdgeID":null},{"edgeID":"1768744","fromID":"1350346","toID":"1350347","formEdgeID":null},{"edgeID":"1768745","fromID":"1350347","toID":"1350345","formEdgeID":null},{"edgeID":"1768746","fromID":"1350323","toID":"1350348","formEdgeID":null},{"edgeID":"1768747","fromID":"1350348","toID":"1350333","formEdgeID":null},{"edgeID":"1768748","fromID":"1350324","toID":"1350349","formEdgeID":null},{"edgeID":"1768749","fromID":"1350349","toID":"1350334","formEdgeID":null},{"edgeID":"1768750","fromID":"1350349","toID":"1350350","formEdgeID":null},{"edgeID":"1768751","fromID":"1350350","toID":"1350348","formEdgeID":null},{"edgeID":"1768752","fromID":"1350338","toID":"1350351","formEdgeID":null},{"edgeID":"1768753","fromID":"1350351","toID":"1350318","formEdgeID":null},{"edgeID":"1768754","fromID":"1350319","toID":"1350352","formEdgeID":null},{"edgeID":"1768755","fromID":"1350352","toID":"1350339","formEdgeID":null},{"edgeID":"1768756","fromID":"1350352","toID":"1350353","formEdgeID":null},{"edgeID":"1768757","fromID":"1350353","toID":"1350351","formEdgeID":null},{"edgeID":"1768758","fromID":"1350356","toID":"1350355","formEdgeID":null},{"edgeID":"1768759","fromID":"1350357","toID":"1350356","formEdgeID":null},{"edgeID":"1768760","fromID":"1350355","toID":"1350358","formEdgeID":null},{"edgeID":"1768761","fromID":"1350358","toID":"1350354","formEdgeID":null},{"edgeID":"1768762","fromID":"1350359","toID":"1350334","formEdgeID":null},{"edgeID":"1768763","fromID":"1350336","toID":"1350359","formEdgeID":null},{"edgeID":"1768764","fromID":"1350360","toID":"1350339","formEdgeID":null},{"edgeID":"1768765","fromID":"1350361","toID":"1350360","formEdgeID":null},{"edgeID":"1768766","fromID":"1350334","toID":"1350362","formEdgeID":null},{"edgeID":"1768767","fromID":"1350362","toID":"1350333","formEdgeID":null},{"edgeID":"1768768","fromID":"1350339","toID":"1350363","formEdgeID":null},{"edgeID":"1768769","fromID":"1350363","toID":"1350338","formEdgeID":null},{"edgeID":"1768770","fromID":"1350338","toID":"1350364","formEdgeID":null},{"edgeID":"1768771","fromID":"1350364","toID":"1350354","formEdgeID":null},{"edgeID":"1768772","fromID":"1350339","toID":"1350365","formEdgeID":null},{"edgeID":"1768773","fromID":"1350365","toID":"1350355","formEdgeID":null},{"edgeID":"1768774","fromID":"1350365","toID":"1350366","formEdgeID":null},{"edgeID":"1768775","fromID":"1350366","toID":"1350364","formEdgeID":null},{"edgeID":"1768776","fromID":"1350355","toID":"1350367","formEdgeID":null},{"edgeID":"1768777","fromID":"1350367","toID":"1350334","formEdgeID":null},{"edgeID":"1768778","fromID":"1350334","toID":"1350368","formEdgeID":null},{"edgeID":"1768779","fromID":"1350368","toID":"1350339","formEdgeID":null},{"edgeID":"1768780","fromID":"1350371","toID":"1350370","formEdgeID":null},{"edgeID":"1768781","fromID":"1350372","toID":"1350371","formEdgeID":null},{"edgeID":"1768782","fromID":"1350370","toID":"1350373","formEdgeID":null},{"edgeID":"1768783","fromID":"1350373","toID":"1350369","formEdgeID":null},{"edgeID":"1768784","fromID":"1350339","toID":"1350374","formEdgeID":null},{"edgeID":"1768785","fromID":"1350374","toID":"1350370","formEdgeID":null},{"edgeID":"1768786","fromID":"1350377","toID":"1350376","formEdgeID":null},{"edgeID":"1768787","fromID":"1350378","toID":"1350377","formEdgeID":null},{"edgeID":"1768788","fromID":"1350376","toID":"1350379","formEdgeID":null},{"edgeID":"1768789","fromID":"1350379","toID":"1350375","formEdgeID":null},{"edgeID":"1768790","fromID":"1350370","toID":"1350380","formEdgeID":null},{"edgeID":"1768791","fromID":"1350380","toID":"1350376","formEdgeID":null},{"edgeID":"1768792","fromID":"1350383","toID":"1350382","formEdgeID":null},{"edgeID":"1768793","fromID":"1350384","toID":"1350383","formEdgeID":null},{"edgeID":"1768794","fromID":"1350382","toID":"1350385","formEdgeID":null},{"edgeID":"1768795","fromID":"1350385","toID":"1350381","formEdgeID":null},{"edgeID":"1768796","fromID":"1350381","toID":"1350386","formEdgeID":null},{"edgeID":"1768797","fromID":"1350386","toID":"1350375","formEdgeID":null},{"edgeID":"1768798","fromID":"1350376","toID":"1350387","formEdgeID":null},{"edgeID":"1768799","fromID":"1350387","toID":"1350382","formEdgeID":null},{"edgeID":"1768800","fromID":"1350387","toID":"1350388","formEdgeID":null},{"edgeID":"1768801","fromID":"1350388","toID":"1350386","formEdgeID":null},{"edgeID":"1768802","fromID":"1350391","toID":"1350390","formEdgeID":null},{"edgeID":"1768803","fromID":"1350392","toID":"1350391","formEdgeID":null},{"edgeID":"1768804","fromID":"1350390","toID":"1350393","formEdgeID":null},{"edgeID":"1768805","fromID":"1350393","toID":"1350389","formEdgeID":null},{"edgeID":"1768806","fromID":"1350396","toID":"1350395","formEdgeID":null},{"edgeID":"1768807","fromID":"1350397","toID":"1350396","formEdgeID":null},{"edgeID":"1768808","fromID":"1350395","toID":"1350398","formEdgeID":null},{"edgeID":"1768809","fromID":"1350398","toID":"1350394","formEdgeID":null},{"edgeID":"1768810","fromID":"1350401","toID":"1350400","formEdgeID":null},{"edgeID":"1768811","fromID":"1350402","toID":"1350401","formEdgeID":null},{"edgeID":"1768812","fromID":"1350400","toID":"1350403","formEdgeID":null},{"edgeID":"1768813","fromID":"1350403","toID":"1350399","formEdgeID":null},{"edgeID":"1768814","fromID":"1350389","toID":"1350404","formEdgeID":null},{"edgeID":"1768815","fromID":"1350404","toID":"1350381","formEdgeID":null},{"edgeID":"1768816","fromID":"1350382","toID":"1350405","formEdgeID":null},{"edgeID":"1768817","fromID":"1350405","toID":"1350390","formEdgeID":null},{"edgeID":"1768818","fromID":"1350405","toID":"1350406","formEdgeID":null},{"edgeID":"1768819","fromID":"1350406","toID":"1350404","formEdgeID":null},{"edgeID":"1768820","fromID":"1350390","toID":"1350407","formEdgeID":null},{"edgeID":"1768821","fromID":"1350407","toID":"1350395","formEdgeID":null},{"edgeID":"1768822","fromID":"1350399","toID":"1350408","formEdgeID":null},{"edgeID":"1768823","fromID":"1350408","toID":"1350394","formEdgeID":null},{"edgeID":"1768824","fromID":"1350395","toID":"1350409","formEdgeID":null},{"edgeID":"1768825","fromID":"1350409","toID":"1350400","formEdgeID":null},{"edgeID":"1768826","fromID":"1350409","toID":"1350410","formEdgeID":null},{"edgeID":"1768827","fromID":"1350410","toID":"1350408","formEdgeID":null},{"edgeID":"1768828","fromID":"1350413","toID":"1350412","formEdgeID":null},{"edgeID":"1768829","fromID":"1350414","toID":"1350413","formEdgeID":null},{"edgeID":"1768830","fromID":"1350412","toID":"1350415","formEdgeID":null},{"edgeID":"1768831","fromID":"1350415","toID":"1350411","formEdgeID":null},{"edgeID":"1768832","fromID":"1350417","toID":"1350416","formEdgeID":null},{"edgeID":"1768833","fromID":"1350418","toID":"1350417","formEdgeID":null},{"edgeID":"1768834","fromID":"1350421","toID":"1350420","formEdgeID":null},{"edgeID":"1768835","fromID":"1350422","toID":"1350421","formEdgeID":null},{"edgeID":"1768836","fromID":"1350420","toID":"1350423","formEdgeID":null},{"edgeID":"1768837","fromID":"1350423","toID":"1350419","formEdgeID":null},{"edgeID":"1768838","fromID":"1350426","toID":"1350425","formEdgeID":null},{"edgeID":"1768839","fromID":"1350427","toID":"1350426","formEdgeID":null},{"edgeID":"1768840","fromID":"1350425","toID":"1350428","formEdgeID":null},{"edgeID":"1768841","fromID":"1350428","toID":"1350424","formEdgeID":null},{"edgeID":"1768842","fromID":"1350430","toID":"1350429","formEdgeID":null},{"edgeID":"1768843","fromID":"1350431","toID":"1350430","formEdgeID":null},{"edgeID":"1768844","fromID":"1350411","toID":"1350432","formEdgeID":null},{"edgeID":"1768845","fromID":"1350432","toID":"1350375","formEdgeID":null},{"edgeID":"1768846","fromID":"1350376","toID":"1350433","formEdgeID":null},{"edgeID":"1768847","fromID":"1350433","toID":"1350412","formEdgeID":null},{"edgeID":"1768848","fromID":"1350433","toID":"1350434","formEdgeID":null},{"edgeID":"1768849","fromID":"1350434","toID":"1350432","formEdgeID":null},{"edgeID":"1768850","fromID":"1350412","toID":"1350435","formEdgeID":null},{"edgeID":"1768851","fromID":"1350435","toID":"1350420","formEdgeID":null},{"edgeID":"1768852","fromID":"1350420","toID":"1350436","formEdgeID":null},{"edgeID":"1768853","fromID":"1350436","toID":"1350416","formEdgeID":null},{"edgeID":"1768854","fromID":"1350436","toID":"1350437","formEdgeID":null},{"edgeID":"1768855","fromID":"1350437","toID":"1350419","formEdgeID":null},{"edgeID":"1768856","fromID":"1350424","toID":"1350438","formEdgeID":null},{"edgeID":"1768857","fromID":"1350438","toID":"1350411","formEdgeID":null},{"edgeID":"1768858","fromID":"1350412","toID":"1350439","formEdgeID":null},{"edgeID":"1768859","fromID":"1350439","toID":"1350425","formEdgeID":null},{"edgeID":"1768860","fromID":"1350439","toID":"1350440","formEdgeID":null},{"edgeID":"1768861","fromID":"1350440","toID":"1350438","formEdgeID":null},{"edgeID":"1768862","fromID":"1350425","toID":"1350441","formEdgeID":null},{"edgeID":"1768863","fromID":"1350441","toID":"1350429","formEdgeID":null},{"edgeID":"1768864","fromID":"1350441","toID":"1350442","formEdgeID":null},{"edgeID":"1768865","fromID":"1350442","toID":"1350424","formEdgeID":null},{"edgeID":"1768866","fromID":"1350310","toID":"1350443","formEdgeID":null},{"edgeID":"1768867","fromID":"1350443","toID":"1350300","formEdgeID":null},{"edgeID":"1768868","fromID":"1350301","toID":"1350444","formEdgeID":null},{"edgeID":"1768869","fromID":"1350444","toID":"1350311","formEdgeID":null},{"edgeID":"1768870","fromID":"1350444","toID":"1350445","formEdgeID":null},{"edgeID":"1768871","fromID":"1350445","toID":"1350443","formEdgeID":null},{"edgeID":"1768872","fromID":"1350323","toID":"1350446","formEdgeID":null},{"edgeID":"1768873","fromID":"1350446","toID":"1350318","formEdgeID":null},{"edgeID":"1768874","fromID":"1350344","toID":"1350447","formEdgeID":null},{"edgeID":"1768875","fromID":"1350447","toID":"1350446","formEdgeID":null}],"locutions":[]}