{"nodes":[{"nodeID":"1339814","text":"xxx is what we think is more important right now","type":"I","timestamp":"2023-11-09 13:52:53"},{"nodeID":"1339815","text":"AudienceMember 20221027QT12: what do we think is more important right now","type":"L","timestamp":"2023-11-09 13:52:53"},{"nodeID":"1339816","text":"Analysing","type":"YA","timestamp":"2023-11-09 13:52:53"},{"nodeID":"1339817","text":"Anon: AudienceMember 20221027QT12: what do we think is more important right now","type":"L","timestamp":"2023-11-09 13:52:53"},{"nodeID":"1339818","text":"Pure Questioning","type":"YA","timestamp":"2023-11-09 13:52:53"},{"nodeID":"1339819","text":"answering the question of what is more important is to anyone on the panel","type":"I","timestamp":"2023-11-09 13:52:54"},{"nodeID":"1339820","text":"AudienceMember 20221027QT12: this is to anyone on the pane","type":"L","timestamp":"2023-11-09 13:52:54"},{"nodeID":"1339821","text":"Analysing","type":"YA","timestamp":"2023-11-09 13:52:54"},{"nodeID":"1339822","text":"Anon: AudienceMember 20221027QT12: this is to anyone on the pane","type":"L","timestamp":"2023-11-09 13:52:54"},{"nodeID":"1339823","text":"Asserting","type":"YA","timestamp":"2023-11-09 13:52:54"},{"nodeID":"1339824","text":"is stability or democracy more important right now","type":"I","timestamp":"2023-11-09 13:52:55"},{"nodeID":"1339825","text":"AudienceMember 20221027QT12: Is it stability or democracy","type":"L","timestamp":"2023-11-09 13:52:55"},{"nodeID":"1339826","text":"Analysing","type":"YA","timestamp":"2023-11-09 13:52:55"},{"nodeID":"1339827","text":"Anon: AudienceMember 20221027QT12: Is it stability or democracy","type":"L","timestamp":"2023-11-09 13:52:55"},{"nodeID":"1339828","text":"Pure Questioning","type":"YA","timestamp":"2023-11-09 13:52:55"},{"nodeID":"1339829","text":"Default Transition","type":"TA","timestamp":"2023-11-09 13:52:55"},{"nodeID":"1339830","text":"it\u2019s really important that we maybe think about having cross-party decisions when it comes to big things","type":"I","timestamp":"2023-11-09 13:52:55"},{"nodeID":"1339831","text":"AudienceMember 20221027QT12: it\u2019s really important that we maybe think about having cross-party decisions when it comes to big things","type":"L","timestamp":"2023-11-09 13:52:55"},{"nodeID":"1339832","text":"Analysing","type":"YA","timestamp":"2023-11-09 13:52:55"},{"nodeID":"1339833","text":"Anon: AudienceMember 20221027QT12: it\u2019s really important that we maybe think about having cross-party decisions when it comes to big things","type":"L","timestamp":"2023-11-09 13:52:55"},{"nodeID":"1339834","text":"Asserting","type":"YA","timestamp":"2023-11-09 13:52:55"},{"nodeID":"1339835","text":"some big things include COVID, the war in Ukraine, and now this cost of living crisis","type":"I","timestamp":"2023-11-09 13:52:56"},{"nodeID":"1339836","text":"AudienceMember 20221027QT12: such as COVID, the war in Ukraine, and now this cost of living crisis","type":"L","timestamp":"2023-11-09 13:52:56"},{"nodeID":"1339837","text":"Analysing","type":"YA","timestamp":"2023-11-09 13:52:56"},{"nodeID":"1339838","text":"Anon: AudienceMember 20221027QT12: such as COVID, the war in Ukraine, and now this cost of living crisis","type":"L","timestamp":"2023-11-09 13:52:56"},{"nodeID":"1339839","text":"Asserting","type":"YA","timestamp":"2023-11-09 13:52:56"},{"nodeID":"1339840","text":"Default Transition","type":"TA","timestamp":"2023-11-09 13:52:56"},{"nodeID":"1339841","text":"Default Transition","type":"TA","timestamp":"2023-11-09 13:52:56"},{"nodeID":"1339842","text":"Default Rephrase","type":"MA","timestamp":"2023-11-09 13:52:56"},{"nodeID":"1339843","text":"Default Transition","type":"TA","timestamp":"2023-11-09 13:52:56"},{"nodeID":"1339844","text":"Restating","type":"YA","timestamp":"2023-11-09 13:52:56"},{"nodeID":"1339845","text":"Default Rephrase","type":"MA","timestamp":"2023-11-09 13:52:56"},{"nodeID":"1339846","text":"Restating","type":"YA","timestamp":"2023-11-09 13:52:56"},{"nodeID":"1339847","text":"it should now be a time for us to all come together from both sides of the house to sort out what\u2019s going on","type":"I","timestamp":"2023-11-09 13:52:56"},{"nodeID":"1339848","text":"AudienceMember 20221027QT12: Should it now not be a time for us to all come together from both sides of the house to sort out what\u2019s going on","type":"L","timestamp":"2023-11-09 13:52:56"},{"nodeID":"1339849","text":"Analysing","type":"YA","timestamp":"2023-11-09 13:52:56"},{"nodeID":"1339850","text":"Anon: AudienceMember 20221027QT12: Should it now not be a time for us to all come together from both sides of the house to sort out what\u2019s going on","type":"L","timestamp":"2023-11-09 13:52:56"},{"nodeID":"1339851","text":"Assertive Questioning","type":"YA","timestamp":"2023-11-09 13:52:56"},{"nodeID":"1339852","text":"Default Inference","type":"RA","timestamp":"2023-11-09 13:52:56"},{"nodeID":"1339853","text":"Default Transition","type":"TA","timestamp":"2023-11-09 13:52:56"},{"nodeID":"1339854","text":"Arguing","type":"YA","timestamp":"2023-11-09 13:52:56"},{"nodeID":"1339855","text":"parties used to be broad churches","type":"I","timestamp":"2023-11-09 13:52:57"},{"nodeID":"1339856","text":"Armando Iannucci: Parties used to be broad churches","type":"L","timestamp":"2023-11-09 13:52:57"},{"nodeID":"1339857","text":"Analysing","type":"YA","timestamp":"2023-11-09 13:52:57"},{"nodeID":"1339858","text":"Anon: Armando Iannucci: Parties used to be broad churches","type":"L","timestamp":"2023-11-09 13:52:57"},{"nodeID":"1339859","text":"Asserting","type":"YA","timestamp":"2023-11-09 13:52:57"},{"nodeID":"1339860","text":"Default Transition","type":"TA","timestamp":"2023-11-09 13:52:57"},{"nodeID":"1339861","text":"now the factions within those parties are no longer talking to each other and no longer willing to compromise","type":"I","timestamp":"2023-11-09 13:52:58"},{"nodeID":"1339862","text":"Armando Iannucci: now the factions within those parties are no longer talking to each other and no longer willing to compromise","type":"L","timestamp":"2023-11-09 13:52:58"},{"nodeID":"1339863","text":"Analysing","type":"YA","timestamp":"2023-11-09 13:52:58"},{"nodeID":"1339864","text":"Anon: Armando Iannucci: now the factions within those parties are no longer talking to each other and no longer willing to compromise","type":"L","timestamp":"2023-11-09 13:52:58"},{"nodeID":"1339865","text":"Asserting","type":"YA","timestamp":"2023-11-09 13:52:58"},{"nodeID":"1339866","text":"Default Conflict","type":"CA","timestamp":"2023-11-09 13:52:58"},{"nodeID":"1339867","text":"Default Transition","type":"TA","timestamp":"2023-11-09 13:52:58"},{"nodeID":"1339868","text":"Disagreeing","type":"YA","timestamp":"2023-11-09 13:52:58"},{"nodeID":"1339869","text":"you have something like the ERG or the right and the left within parties not wanting to compromise","type":"I","timestamp":"2023-11-09 13:52:58"},{"nodeID":"1339870","text":"Armando Iannucci: you have something like the ERG or the right and the left within parties not wanting to","type":"L","timestamp":"2023-11-09 13:52:58"},{"nodeID":"1339871","text":"Analysing","type":"YA","timestamp":"2023-11-09 13:52:58"},{"nodeID":"1339872","text":"Anon: Armando Iannucci: you have something like the ERG or the right and the left within parties not wanting to","type":"L","timestamp":"2023-11-09 13:52:58"},{"nodeID":"1339873","text":"Asserting","type":"YA","timestamp":"2023-11-09 13:52:58"},{"nodeID":"1339874","text":"Default Transition","type":"TA","timestamp":"2023-11-09 13:52:58"},{"nodeID":"1339875","text":"Default Inference","type":"RA","timestamp":"2023-11-09 13:52:58"},{"nodeID":"1339876","text":"Arguing","type":"YA","timestamp":"2023-11-09 13:52:58"},{"nodeID":"1339877","text":"it\u2019s all about trading positions off against each other","type":"I","timestamp":"2023-11-09 13:52:59"},{"nodeID":"1339878","text":"Armando Iannucci: It\u2019s all about trading positions off against each other","type":"L","timestamp":"2023-11-09 13:52:59"},{"nodeID":"1339879","text":"Analysing","type":"YA","timestamp":"2023-11-09 13:52:59"},{"nodeID":"1339880","text":"Anon: Armando Iannucci: It\u2019s all about trading positions off against each other","type":"L","timestamp":"2023-11-09 13:52:59"},{"nodeID":"1339881","text":"Asserting","type":"YA","timestamp":"2023-11-09 13:52:59"},{"nodeID":"1339882","text":"Default Transition","type":"TA","timestamp":"2023-11-09 13:52:59"},{"nodeID":"1339883","text":"Default Inference","type":"RA","timestamp":"2023-11-09 13:52:59"},{"nodeID":"1339884","text":"Arguing","type":"YA","timestamp":"2023-11-09 13:52:59"},{"nodeID":"1339885","text":"parts of political parties were always like that, not compromising","type":"I","timestamp":"2023-11-09 13:53:00"},{"nodeID":"1339886","text":"Julia Hartley-Brewer: it was always like that","type":"L","timestamp":"2023-11-09 13:53:00"},{"nodeID":"1339887","text":"Analysing","type":"YA","timestamp":"2023-11-09 13:53:00"},{"nodeID":"1339888","text":"Anon: Julia Hartley-Brewer: it was always like that","type":"L","timestamp":"2023-11-09 13:53:00"},{"nodeID":"1339889","text":"Asserting","type":"YA","timestamp":"2023-11-09 13:53:00"},{"nodeID":"1339890","text":"Default Conflict","type":"CA","timestamp":"2023-11-09 13:53:00"},{"nodeID":"1339891","text":"Default Transition","type":"TA","timestamp":"2023-11-09 13:53:00"},{"nodeID":"1339892","text":"Disagreeing","type":"YA","timestamp":"2023-11-09 13:53:00"},{"nodeID":"1339893","text":"Julia Hartley-Brewer: When wasn\u2019t it like that","type":"L","timestamp":"2023-11-09 13:53:00"},{"nodeID":"1339894","text":"Analysing","type":"YA","timestamp":"2023-11-09 13:53:00"},{"nodeID":"1339895","text":"Anon: Julia Hartley-Brewer: When wasn\u2019t it like that","type":"L","timestamp":"2023-11-09 13:53:00"},{"nodeID":"1339896","text":"Default Transition","type":"TA","timestamp":"2023-11-09 13:53:00"},{"nodeID":"1339897","text":"Challenging","type":"YA","timestamp":"2023-11-09 13:53:00"}],"edges":[{"edgeID":"1756198","fromID":"1339816","toID":"1339815","formEdgeID":null},{"edgeID":"1756199","fromID":"1339817","toID":"1339816","formEdgeID":null},{"edgeID":"1756200","fromID":"1339815","toID":"1339818","formEdgeID":null},{"edgeID":"1756201","fromID":"1339818","toID":"1339814","formEdgeID":null},{"edgeID":"1756202","fromID":"1339821","toID":"1339820","formEdgeID":null},{"edgeID":"1756203","fromID":"1339822","toID":"1339821","formEdgeID":null},{"edgeID":"1756204","fromID":"1339820","toID":"1339823","formEdgeID":null},{"edgeID":"1756205","fromID":"1339823","toID":"1339819","formEdgeID":null},{"edgeID":"1756206","fromID":"1339826","toID":"1339825","formEdgeID":null},{"edgeID":"1756207","fromID":"1339827","toID":"1339826","formEdgeID":null},{"edgeID":"1756208","fromID":"1339825","toID":"1339828","formEdgeID":null},{"edgeID":"1756209","fromID":"1339828","toID":"1339824","formEdgeID":null},{"edgeID":"1756210","fromID":"1339815","toID":"1339829","formEdgeID":null},{"edgeID":"1756211","fromID":"1339829","toID":"1339820","formEdgeID":null},{"edgeID":"1756212","fromID":"1339832","toID":"1339831","formEdgeID":null},{"edgeID":"1756213","fromID":"1339833","toID":"1339832","formEdgeID":null},{"edgeID":"1756214","fromID":"1339831","toID":"1339834","formEdgeID":null},{"edgeID":"1756215","fromID":"1339834","toID":"1339830","formEdgeID":null},{"edgeID":"1756216","fromID":"1339837","toID":"1339836","formEdgeID":null},{"edgeID":"1756217","fromID":"1339838","toID":"1339837","formEdgeID":null},{"edgeID":"1756218","fromID":"1339836","toID":"1339839","formEdgeID":null},{"edgeID":"1756219","fromID":"1339839","toID":"1339835","formEdgeID":null},{"edgeID":"1756220","fromID":"1339825","toID":"1339840","formEdgeID":null},{"edgeID":"1756221","fromID":"1339840","toID":"1339831","formEdgeID":null},{"edgeID":"1756222","fromID":"1339831","toID":"1339841","formEdgeID":null},{"edgeID":"1756223","fromID":"1339841","toID":"1339836","formEdgeID":null},{"edgeID":"1756224","fromID":"1339824","toID":"1339842","formEdgeID":null},{"edgeID":"1756225","fromID":"1339842","toID":"1339814","formEdgeID":null},{"edgeID":"1756226","fromID":"1339815","toID":"1339843","formEdgeID":null},{"edgeID":"1756227","fromID":"1339843","toID":"1339825","formEdgeID":null},{"edgeID":"1756228","fromID":"1339843","toID":"1339844","formEdgeID":null},{"edgeID":"1756229","fromID":"1339844","toID":"1339842","formEdgeID":null},{"edgeID":"1756230","fromID":"1339835","toID":"1339845","formEdgeID":null},{"edgeID":"1756231","fromID":"1339845","toID":"1339830","formEdgeID":null},{"edgeID":"1756232","fromID":"1339841","toID":"1339846","formEdgeID":null},{"edgeID":"1756233","fromID":"1339846","toID":"1339845","formEdgeID":null},{"edgeID":"1756234","fromID":"1339849","toID":"1339848","formEdgeID":null},{"edgeID":"1756235","fromID":"1339850","toID":"1339849","formEdgeID":null},{"edgeID":"1756236","fromID":"1339848","toID":"1339851","formEdgeID":null},{"edgeID":"1756237","fromID":"1339851","toID":"1339847","formEdgeID":null},{"edgeID":"1756238","fromID":"1339830","toID":"1339852","formEdgeID":null},{"edgeID":"1756239","fromID":"1339852","toID":"1339847","formEdgeID":null},{"edgeID":"1756240","fromID":"1339831","toID":"1339853","formEdgeID":null},{"edgeID":"1756241","fromID":"1339853","toID":"1339848","formEdgeID":null},{"edgeID":"1756242","fromID":"1339853","toID":"1339854","formEdgeID":null},{"edgeID":"1756243","fromID":"1339854","toID":"1339852","formEdgeID":null},{"edgeID":"1756244","fromID":"1339857","toID":"1339856","formEdgeID":null},{"edgeID":"1756245","fromID":"1339858","toID":"1339857","formEdgeID":null},{"edgeID":"1756246","fromID":"1339856","toID":"1339859","formEdgeID":null},{"edgeID":"1756247","fromID":"1339859","toID":"1339855","formEdgeID":null},{"edgeID":"1756248","fromID":"1339848","toID":"1339860","formEdgeID":null},{"edgeID":"1756249","fromID":"1339860","toID":"1339856","formEdgeID":null},{"edgeID":"1756250","fromID":"1339863","toID":"1339862","formEdgeID":null},{"edgeID":"1756251","fromID":"1339864","toID":"1339863","formEdgeID":null},{"edgeID":"1756252","fromID":"1339862","toID":"1339865","formEdgeID":null},{"edgeID":"1756253","fromID":"1339865","toID":"1339861","formEdgeID":null},{"edgeID":"1756254","fromID":"1339861","toID":"1339866","formEdgeID":null},{"edgeID":"1756255","fromID":"1339866","toID":"1339855","formEdgeID":null},{"edgeID":"1756256","fromID":"1339856","toID":"1339867","formEdgeID":null},{"edgeID":"1756257","fromID":"1339867","toID":"1339862","formEdgeID":null},{"edgeID":"1756258","fromID":"1339867","toID":"1339868","formEdgeID":null},{"edgeID":"1756259","fromID":"1339868","toID":"1339866","formEdgeID":null},{"edgeID":"1756260","fromID":"1339871","toID":"1339870","formEdgeID":null},{"edgeID":"1756261","fromID":"1339872","toID":"1339871","formEdgeID":null},{"edgeID":"1756262","fromID":"1339870","toID":"1339873","formEdgeID":null},{"edgeID":"1756263","fromID":"1339873","toID":"1339869","formEdgeID":null},{"edgeID":"1756264","fromID":"1339862","toID":"1339874","formEdgeID":null},{"edgeID":"1756265","fromID":"1339874","toID":"1339870","formEdgeID":null},{"edgeID":"1756266","fromID":"1339861","toID":"1339875","formEdgeID":null},{"edgeID":"1756267","fromID":"1339875","toID":"1339869","formEdgeID":null},{"edgeID":"1756268","fromID":"1339874","toID":"1339876","formEdgeID":null},{"edgeID":"1756269","fromID":"1339876","toID":"1339875","formEdgeID":null},{"edgeID":"1756270","fromID":"1339879","toID":"1339878","formEdgeID":null},{"edgeID":"1756271","fromID":"1339880","toID":"1339879","formEdgeID":null},{"edgeID":"1756272","fromID":"1339878","toID":"1339881","formEdgeID":null},{"edgeID":"1756273","fromID":"1339881","toID":"1339877","formEdgeID":null},{"edgeID":"1756274","fromID":"1339870","toID":"1339882","formEdgeID":null},{"edgeID":"1756275","fromID":"1339882","toID":"1339878","formEdgeID":null},{"edgeID":"1756276","fromID":"1339877","toID":"1339883","formEdgeID":null},{"edgeID":"1756277","fromID":"1339883","toID":"1339869","formEdgeID":null},{"edgeID":"1756278","fromID":"1339882","toID":"1339884","formEdgeID":null},{"edgeID":"1756279","fromID":"1339884","toID":"1339883","formEdgeID":null},{"edgeID":"1756280","fromID":"1339887","toID":"1339886","formEdgeID":null},{"edgeID":"1756281","fromID":"1339888","toID":"1339887","formEdgeID":null},{"edgeID":"1756282","fromID":"1339886","toID":"1339889","formEdgeID":null},{"edgeID":"1756283","fromID":"1339889","toID":"1339885","formEdgeID":null},{"edgeID":"1756284","fromID":"1339885","toID":"1339890","formEdgeID":null},{"edgeID":"1756285","fromID":"1339890","toID":"1339861","formEdgeID":null},{"edgeID":"1756286","fromID":"1339862","toID":"1339891","formEdgeID":null},{"edgeID":"1756287","fromID":"1339891","toID":"1339886","formEdgeID":null},{"edgeID":"1756288","fromID":"1339891","toID":"1339892","formEdgeID":null},{"edgeID":"1756289","fromID":"1339892","toID":"1339890","formEdgeID":null},{"edgeID":"1756290","fromID":"1339894","toID":"1339893","formEdgeID":null},{"edgeID":"1756291","fromID":"1339895","toID":"1339894","formEdgeID":null},{"edgeID":"1756292","fromID":"1339886","toID":"1339896","formEdgeID":null},{"edgeID":"1756293","fromID":"1339896","toID":"1339893","formEdgeID":null},{"edgeID":"1756294","fromID":"1339896","toID":"1339897","formEdgeID":null},{"edgeID":"1756295","fromID":"1339897","toID":"1339861","formEdgeID":null}],"locutions":[]}