{"nodes":[{"nodeID":"1151114","text":"AudienceMember 20221027QT28 is a consultant psychiatrist","type":"I","timestamp":"2023-04-20 20:59:54"},{"nodeID":"1151119","text":"in mental health care, we\u2019ve been chronically underfunded by 55 per cent for years","type":"I","timestamp":"2023-04-20 20:59:56"},{"nodeID":"1151129","text":"junior doctors are leaving","type":"I","timestamp":"2023-04-20 21:00:01"},{"nodeID":"1151134","text":"junior doctors are demoralised","type":"I","timestamp":"2023-04-20 21:00:05"},{"nodeID":"1151177","text":"we have been chronically underfunded","type":"I","timestamp":"2023-04-20 21:00:20"},{"nodeID":"1151298","text":"we can\u2019t provide the care that we are trained to do","type":"I","timestamp":"2023-04-20 21:00:47"},{"nodeID":"1151312","text":"we don\u2019t need lots of new hospitals","type":"I","timestamp":"2023-04-20 21:00:50"},{"nodeID":"1151325","text":"we need new facilities","type":"I","timestamp":"2023-04-20 21:00:52"},{"nodeID":"1151338","text":"we need facilities to be enhanced and improved","type":"I","timestamp":"2023-04-20 21:00:55"},{"nodeID":"1342491","text":"there are a lot of hands up","type":"I","timestamp":"2023-11-09 13:56:42"},{"nodeID":"1342492","text":"Fiona Bruce: There are a lot of hands up","type":"L","timestamp":"2023-11-09 13:56:42"},{"nodeID":"1342493","text":"Analysing","type":"YA","timestamp":"2023-11-09 13:56:42"},{"nodeID":"1342494","text":"Tuuli: Fiona Bruce: There are a lot of hands up","type":"L","timestamp":"2023-11-09 13:56:42"},{"nodeID":"1342495","text":"Asserting","type":"YA","timestamp":"2023-11-09 13:56:42"},{"nodeID":"1342496","text":"Fiona Bruce just wants to get round quite a few questions if she can","type":"I","timestamp":"2023-11-09 13:56:42"},{"nodeID":"1342497","text":"Fiona Bruce: I just want to get round quite a few if I can","type":"L","timestamp":"2023-11-09 13:56:42"},{"nodeID":"1342498","text":"Analysing","type":"YA","timestamp":"2023-11-09 13:56:42"},{"nodeID":"1342499","text":"Tuuli: Fiona Bruce: I just want to get round quite a few if I can","type":"L","timestamp":"2023-11-09 13:56:42"},{"nodeID":"1342500","text":"Asserting","type":"YA","timestamp":"2023-11-09 13:56:42"},{"nodeID":"1342501","text":"Default Transition","type":"TA","timestamp":"2023-11-09 13:56:42"},{"nodeID":"1342502","text":"Default Inference","type":"RA","timestamp":"2023-11-09 13:56:42"},{"nodeID":"1342503","text":"Arguing","type":"YA","timestamp":"2023-11-09 13:56:42"},{"nodeID":"1342504","text":"AudienceMember 20221027QT28: I\u2019m a consultant psychiatrist","type":"L","timestamp":"2023-11-09 13:56:43"},{"nodeID":"1342505","text":"Analysing","type":"YA","timestamp":"2023-11-09 13:56:43"},{"nodeID":"1342506","text":"Tuuli: AudienceMember 20221027QT28: I\u2019m a consultant psychiatrist","type":"L","timestamp":"2023-11-09 13:56:43"},{"nodeID":"1342507","text":"Asserting","type":"YA","timestamp":"2023-11-09 13:56:43"},{"nodeID":"1342508","text":"Default Transition","type":"TA","timestamp":"2023-11-09 13:56:43"},{"nodeID":"1342509","text":"there\u2019s something AudienceMember 20221027QT28 needs to let Lucy Frazer know","type":"I","timestamp":"2023-11-09 13:56:44"},{"nodeID":"1342510","text":"AudienceMember 20221027QT28: there\u2019s something I need to let you know","type":"L","timestamp":"2023-11-09 13:56:44"},{"nodeID":"1342511","text":"Analysing","type":"YA","timestamp":"2023-11-09 13:56:44"},{"nodeID":"1342512","text":"Tuuli: AudienceMember 20221027QT28: there\u2019s something I need to let you know","type":"L","timestamp":"2023-11-09 13:56:44"},{"nodeID":"1342513","text":"Asserting","type":"YA","timestamp":"2023-11-09 13:56:44"},{"nodeID":"1342514","text":"Default Transition","type":"TA","timestamp":"2023-11-09 13:56:44"},{"nodeID":"1342515","text":"AudienceMember 20221027QT28: In mental health care, we\u2019ve been chronically underfunded by 55 per cent for years","type":"L","timestamp":"2023-11-09 13:56:44"},{"nodeID":"1342516","text":"Analysing","type":"YA","timestamp":"2023-11-09 13:56:44"},{"nodeID":"1342517","text":"Tuuli: AudienceMember 20221027QT28: In mental health care, we\u2019ve been chronically underfunded by 55 per cent for years","type":"L","timestamp":"2023-11-09 13:56:44"},{"nodeID":"1342518","text":"Asserting","type":"YA","timestamp":"2023-11-09 13:56:44"},{"nodeID":"1342519","text":"we have a massive workforce crisis in mental health care","type":"I","timestamp":"2023-11-09 13:56:45"},{"nodeID":"1342520","text":"AudienceMember 20221027QT28: We have a massive workforce crisis","type":"L","timestamp":"2023-11-09 13:56:45"},{"nodeID":"1342521","text":"Analysing","type":"YA","timestamp":"2023-11-09 13:56:45"},{"nodeID":"1342522","text":"Tuuli: AudienceMember 20221027QT28: We have a massive workforce crisis","type":"L","timestamp":"2023-11-09 13:56:45"},{"nodeID":"1342523","text":"Asserting","type":"YA","timestamp":"2023-11-09 13:56:45"},{"nodeID":"1342524","text":"AudienceMember 20221027QT28: Junior doctors are leaving","type":"L","timestamp":"2023-11-09 13:56:45"},{"nodeID":"1342525","text":"Analysing","type":"YA","timestamp":"2023-11-09 13:56:45"},{"nodeID":"1342526","text":"Tuuli: AudienceMember 20221027QT28: Junior doctors are leaving","type":"L","timestamp":"2023-11-09 13:56:45"},{"nodeID":"1342527","text":"Asserting","type":"YA","timestamp":"2023-11-09 13:56:45"},{"nodeID":"1342528","text":"AudienceMember 20221027QT28: they\u2019re demoralised","type":"L","timestamp":"2023-11-09 13:56:46"},{"nodeID":"1342529","text":"Analysing","type":"YA","timestamp":"2023-11-09 13:56:46"},{"nodeID":"1342530","text":"Tuuli: AudienceMember 20221027QT28: they\u2019re demoralised","type":"L","timestamp":"2023-11-09 13:56:46"},{"nodeID":"1342531","text":"Asserting","type":"YA","timestamp":"2023-11-09 13:56:46"},{"nodeID":"1342532","text":"Default Inference","type":"RA","timestamp":"2023-11-09 13:56:46"},{"nodeID":"1342533","text":"Default Transition","type":"TA","timestamp":"2023-11-09 13:56:46"},{"nodeID":"1342534","text":"Arguing","type":"YA","timestamp":"2023-11-09 13:56:46"},{"nodeID":"1342535","text":"Default Transition","type":"TA","timestamp":"2023-11-09 13:56:46"},{"nodeID":"1342536","text":"Default Rephrase","type":"MA","timestamp":"2023-11-09 13:56:46"},{"nodeID":"1342537","text":"Default Transition","type":"TA","timestamp":"2023-11-09 13:56:46"},{"nodeID":"1342538","text":"Restating","type":"YA","timestamp":"2023-11-09 13:56:46"},{"nodeID":"1342539","text":"Default Inference","type":"RA","timestamp":"2023-11-09 13:56:46"},{"nodeID":"1342540","text":"Arguing","type":"YA","timestamp":"2023-11-09 13:56:46"},{"nodeID":"1342541","text":"forty per cent of junior doctors in mental health care want to leave","type":"I","timestamp":"2023-11-09 13:56:47"},{"nodeID":"1342542","text":"AudienceMember 20221027QT28: Forty per cent of them want to leave","type":"L","timestamp":"2023-11-09 13:56:47"},{"nodeID":"1342543","text":"Analysing","type":"YA","timestamp":"2023-11-09 13:56:47"},{"nodeID":"1342544","text":"Tuuli: AudienceMember 20221027QT28: Forty per cent of them want to leave","type":"L","timestamp":"2023-11-09 13:56:47"},{"nodeID":"1342545","text":"Asserting","type":"YA","timestamp":"2023-11-09 13:56:47"},{"nodeID":"1342546","text":"Default Rephrase","type":"MA","timestamp":"2023-11-09 13:56:47"},{"nodeID":"1342547","text":"Default Transition","type":"TA","timestamp":"2023-11-09 13:56:47"},{"nodeID":"1342548","text":"Restating","type":"YA","timestamp":"2023-11-09 13:56:47"},{"nodeID":"1342549","text":"Default Inference","type":"RA","timestamp":"2023-11-09 13:56:47"},{"nodeID":"1342550","text":"Default Transition","type":"TA","timestamp":"2023-11-09 13:56:47"},{"nodeID":"1342551","text":"Arguing","type":"YA","timestamp":"2023-11-09 13:56:47"},{"nodeID":"1342552","text":"Default Inference","type":"RA","timestamp":"2023-11-09 13:56:47"},{"nodeID":"1342553","text":"Default Transition","type":"TA","timestamp":"2023-11-09 13:56:47"},{"nodeID":"1342554","text":"Arguing","type":"YA","timestamp":"2023-11-09 13:56:47"},{"nodeID":"1342555","text":"forty per cent of junior doctors in mental health care want to leave not just the NHS","type":"I","timestamp":"2023-11-09 13:56:47"},{"nodeID":"1342556","text":"AudienceMember 20221027QT28: not just the NHS","type":"L","timestamp":"2023-11-09 13:56:47"},{"nodeID":"1342557","text":"Analysing","type":"YA","timestamp":"2023-11-09 13:56:47"},{"nodeID":"1342558","text":"Tuuli: AudienceMember 20221027QT28: not just the NHS","type":"L","timestamp":"2023-11-09 13:56:47"},{"nodeID":"1342559","text":"Asserting","type":"YA","timestamp":"2023-11-09 13:56:47"},{"nodeID":"1342560","text":"Default Transition","type":"TA","timestamp":"2023-11-09 13:56:47"},{"nodeID":"1342561","text":"Default Rephrase","type":"MA","timestamp":"2023-11-09 13:56:47"},{"nodeID":"1342562","text":"Restating","type":"YA","timestamp":"2023-11-09 13:56:47"},{"nodeID":"1342563","text":"NHS actually, Julia, is one of the best health services in the world","type":"I","timestamp":"2023-11-09 13:56:48"},{"nodeID":"1342564","text":"AudienceMember 20221027QT28: which actually, Julia, is one of the best health services in the world","type":"L","timestamp":"2023-11-09 13:56:48"},{"nodeID":"1342565","text":"Analysing","type":"YA","timestamp":"2023-11-09 13:56:48"},{"nodeID":"1342566","text":"Tuuli: AudienceMember 20221027QT28: which actually, Julia, is one of the best health services in the world","type":"L","timestamp":"2023-11-09 13:56:48"},{"nodeID":"1342567","text":"Asserting","type":"YA","timestamp":"2023-11-09 13:56:48"},{"nodeID":"1342568","text":"Default Transition","type":"TA","timestamp":"2023-11-09 13:56:48"},{"nodeID":"1342569","text":"NHS is one of the best health services in the world apart from for saving lives","type":"I","timestamp":"2023-11-09 13:56:48"},{"nodeID":"1342570","text":"Julia Hartley-Brewer: Apart from for saving lives","type":"L","timestamp":"2023-11-09 13:56:48"},{"nodeID":"1342571","text":"Analysing","type":"YA","timestamp":"2023-11-09 13:56:48"},{"nodeID":"1342572","text":"Tuuli: Julia Hartley-Brewer: Apart from for saving lives","type":"L","timestamp":"2023-11-09 13:56:48"},{"nodeID":"1342573","text":"Asserting","type":"YA","timestamp":"2023-11-09 13:56:48"},{"nodeID":"1342574","text":"Default Transition","type":"TA","timestamp":"2023-11-09 13:56:48"},{"nodeID":"1342575","text":"Default Conflict","type":"CA","timestamp":"2023-11-09 13:56:48"},{"nodeID":"1342576","text":"Disagreeing","type":"YA","timestamp":"2023-11-09 13:56:48"},{"nodeID":"1342577","text":"NHS is a very, very, very good health service","type":"I","timestamp":"2023-11-09 13:56:49"},{"nodeID":"1342578","text":"AudienceMember 20221027QT29: it\u2019s a very, very, very good health service","type":"L","timestamp":"2023-11-09 13:56:49"},{"nodeID":"1342579","text":"Analysing","type":"YA","timestamp":"2023-11-09 13:56:49"},{"nodeID":"1342580","text":"Tuuli: AudienceMember 20221027QT29: it\u2019s a very, very, very good health service","type":"L","timestamp":"2023-11-09 13:56:49"},{"nodeID":"1342581","text":"Asserting","type":"YA","timestamp":"2023-11-09 13:56:49"},{"nodeID":"1342582","text":"Default Transition","type":"TA","timestamp":"2023-11-09 13:56:49"},{"nodeID":"1342583","text":"Default Conflict","type":"CA","timestamp":"2023-11-09 13:56:49"},{"nodeID":"1342584","text":"Disagreeing","type":"YA","timestamp":"2023-11-09 13:56:49"},{"nodeID":"1342585","text":"Default Rephrase","type":"MA","timestamp":"2023-11-09 13:56:49"},{"nodeID":"1342586","text":"Default Transition","type":"TA","timestamp":"2023-11-09 13:56:49"},{"nodeID":"1342587","text":"Restating","type":"YA","timestamp":"2023-11-09 13:56:49"},{"nodeID":"1342588","text":"AudienceMember 20221027QT29: we have been chronically underfunded","type":"L","timestamp":"2023-11-09 13:56:50"},{"nodeID":"1342589","text":"Analysing","type":"YA","timestamp":"2023-11-09 13:56:50"},{"nodeID":"1342590","text":"Tuuli: AudienceMember 20221027QT29: we have been chronically underfunded","type":"L","timestamp":"2023-11-09 13:56:50"},{"nodeID":"1342591","text":"Asserting","type":"YA","timestamp":"2023-11-09 13:56:50"},{"nodeID":"1342592","text":"Default Transition","type":"TA","timestamp":"2023-11-09 13:56:50"},{"nodeID":"1342593","text":"Default Conflict","type":"CA","timestamp":"2023-11-09 13:56:50"},{"nodeID":"1342594","text":"Disagreeing","type":"YA","timestamp":"2023-11-09 13:56:50"},{"nodeID":"1342595","text":"NHS junior doctors want to leave","type":"I","timestamp":"2023-11-09 13:56:50"},{"nodeID":"1342596","text":"AudienceMember 20221027QT29: They want to leave","type":"L","timestamp":"2023-11-09 13:56:50"},{"nodeID":"1342597","text":"Analysing","type":"YA","timestamp":"2023-11-09 13:56:50"},{"nodeID":"1342598","text":"Tuuli: AudienceMember 20221027QT29: They want to leave","type":"L","timestamp":"2023-11-09 13:56:50"},{"nodeID":"1342599","text":"Asserting","type":"YA","timestamp":"2023-11-09 13:56:50"},{"nodeID":"1342600","text":"Default Rephrase","type":"MA","timestamp":"2023-11-09 13:56:50"},{"nodeID":"1342601","text":"Default Transition","type":"TA","timestamp":"2023-11-09 13:56:50"},{"nodeID":"1342602","text":"Restating","type":"YA","timestamp":"2023-11-09 13:56:50"},{"nodeID":"1342603","text":"Default Inference","type":"RA","timestamp":"2023-11-09 13:56:50"},{"nodeID":"1342604","text":"Default Transition","type":"TA","timestamp":"2023-11-09 13:56:50"},{"nodeID":"1342605","text":"Arguing","type":"YA","timestamp":"2023-11-09 13:56:50"},{"nodeID":"1342606","text":"NHS junior doctors don\u2019t just want to leave the NHS, they want to leave the country","type":"I","timestamp":"2023-11-09 13:56:51"},{"nodeID":"1342607","text":"AudienceMember 20221027QT29: They don\u2019t just want to leave the NHS, they want to leave the country","type":"L","timestamp":"2023-11-09 13:56:51"},{"nodeID":"1342608","text":"Analysing","type":"YA","timestamp":"2023-11-09 13:56:51"},{"nodeID":"1342609","text":"Tuuli: AudienceMember 20221027QT29: They don\u2019t just want to leave the NHS, they want to leave the country","type":"L","timestamp":"2023-11-09 13:56:51"},{"nodeID":"1342610","text":"Asserting","type":"YA","timestamp":"2023-11-09 13:56:51"},{"nodeID":"1342611","text":"Default Transition","type":"TA","timestamp":"2023-11-09 13:56:51"},{"nodeID":"1342612","text":"Default Rephrase","type":"MA","timestamp":"2023-11-09 13:56:51"},{"nodeID":"1342613","text":"Restating","type":"YA","timestamp":"2023-11-09 13:56:51"},{"nodeID":"1342614","text":"NHS junior doctors are some of the most highly trained doctors in the world","type":"I","timestamp":"2023-11-09 13:56:51"},{"nodeID":"1342615","text":"AudienceMember 20221027QT29: they are some of the most highly trained doctors in the world","type":"L","timestamp":"2023-11-09 13:56:51"},{"nodeID":"1342616","text":"Analysing","type":"YA","timestamp":"2023-11-09 13:56:51"},{"nodeID":"1342617","text":"Tuuli: AudienceMember 20221027QT29: they are some of the most highly trained doctors in the world","type":"L","timestamp":"2023-11-09 13:56:51"},{"nodeID":"1342618","text":"Asserting","type":"YA","timestamp":"2023-11-09 13:56:51"},{"nodeID":"1342619","text":"Default Transition","type":"TA","timestamp":"2023-11-09 13:56:51"},{"nodeID":"1342620","text":"people are begging for the NHS junior doctors","type":"I","timestamp":"2023-11-09 13:56:52"},{"nodeID":"1342621","text":"AudienceMember 20221027QT29: people are begging for them","type":"L","timestamp":"2023-11-09 13:56:52"},{"nodeID":"1342622","text":"Analysing","type":"YA","timestamp":"2023-11-09 13:56:52"},{"nodeID":"1342623","text":"Tuuli: AudienceMember 20221027QT29: people are begging for them","type":"L","timestamp":"2023-11-09 13:56:52"},{"nodeID":"1342624","text":"Asserting","type":"YA","timestamp":"2023-11-09 13:56:52"},{"nodeID":"1342625","text":"Default Transition","type":"TA","timestamp":"2023-11-09 13:56:52"},{"nodeID":"1342626","text":"Default Inference","type":"RA","timestamp":"2023-11-09 13:56:52"},{"nodeID":"1342627","text":"Arguing","type":"YA","timestamp":"2023-11-09 13:56:52"},{"nodeID":"1342628","text":"senior psychiatrists and senior doctors, like myself, we have to retire","type":"I","timestamp":"2023-11-09 13:56:53"},{"nodeID":"1342629","text":"AudienceMember 20221027QT29: Senior psychiatrists and senior doctors, like myself, we have to retire","type":"L","timestamp":"2023-11-09 13:56:53"},{"nodeID":"1342630","text":"Analysing","type":"YA","timestamp":"2023-11-09 13:56:53"},{"nodeID":"1342631","text":"Tuuli: AudienceMember 20221027QT29: Senior psychiatrists and senior doctors, like myself, we have to retire","type":"L","timestamp":"2023-11-09 13:56:53"},{"nodeID":"1342632","text":"Asserting","type":"YA","timestamp":"2023-11-09 13:56:53"},{"nodeID":"1342633","text":"Default Transition","type":"TA","timestamp":"2023-11-09 13:56:53"},{"nodeID":"1342634","text":"senior psychiatrists and senior doctors like myself are getting pension tax penalties","type":"I","timestamp":"2023-11-09 13:56:53"},{"nodeID":"1342635","text":"AudienceMember 20221027QT29: we\u2019re getting pension tax penalties","type":"L","timestamp":"2023-11-09 13:56:53"},{"nodeID":"1342636","text":"Analysing","type":"YA","timestamp":"2023-11-09 13:56:53"},{"nodeID":"1342637","text":"Tuuli: AudienceMember 20221027QT29: we\u2019re getting pension tax penalties","type":"L","timestamp":"2023-11-09 13:56:53"},{"nodeID":"1342638","text":"Asserting","type":"YA","timestamp":"2023-11-09 13:56:53"},{"nodeID":"1342639","text":"Default Transition","type":"TA","timestamp":"2023-11-09 13:56:53"},{"nodeID":"1342640","text":"Default Inference","type":"RA","timestamp":"2023-11-09 13:56:53"},{"nodeID":"1342641","text":"Arguing","type":"YA","timestamp":"2023-11-09 13:56:53"},{"nodeID":"1342642","text":"our facilities are just not up to scratch, they\u2019re just not","type":"I","timestamp":"2023-11-09 13:56:54"},{"nodeID":"1342643","text":"AudienceMember 20221027QT29: our facilities are just not up to scratch, they\u2019re just not","type":"L","timestamp":"2023-11-09 13:56:54"},{"nodeID":"1342644","text":"Analysing","type":"YA","timestamp":"2023-11-09 13:56:54"},{"nodeID":"1342645","text":"Tuuli: AudienceMember 20221027QT29: our facilities are just not up to scratch, they\u2019re just not","type":"L","timestamp":"2023-11-09 13:56:54"},{"nodeID":"1342646","text":"Asserting","type":"YA","timestamp":"2023-11-09 13:56:54"},{"nodeID":"1342647","text":"Default Transition","type":"TA","timestamp":"2023-11-09 13:56:54"},{"nodeID":"1342648","text":"AudienceMember 20221027QT29: we can\u2019t provide the care that we are trained to do","type":"L","timestamp":"2023-11-09 13:56:54"},{"nodeID":"1342649","text":"Analysing","type":"YA","timestamp":"2023-11-09 13:56:54"},{"nodeID":"1342650","text":"Tuuli: AudienceMember 20221027QT29: we can\u2019t provide the care that we are trained to do","type":"L","timestamp":"2023-11-09 13:56:54"},{"nodeID":"1342651","text":"Asserting","type":"YA","timestamp":"2023-11-09 13:56:54"},{"nodeID":"1342652","text":"Default Transition","type":"TA","timestamp":"2023-11-09 13:56:54"},{"nodeID":"1342653","text":"Default Inference","type":"RA","timestamp":"2023-11-09 13:56:54"},{"nodeID":"1342654","text":"Arguing","type":"YA","timestamp":"2023-11-09 13:56:54"},{"nodeID":"1342655","text":"AudienceMember 20221027QT29: We don\u2019t need lots of new hospitals","type":"L","timestamp":"2023-11-09 13:56:55"},{"nodeID":"1342656","text":"Analysing","type":"YA","timestamp":"2023-11-09 13:56:55"},{"nodeID":"1342657","text":"Tuuli: AudienceMember 20221027QT29: We don\u2019t need lots of new hospitals","type":"L","timestamp":"2023-11-09 13:56:55"},{"nodeID":"1342658","text":"Asserting","type":"YA","timestamp":"2023-11-09 13:56:55"},{"nodeID":"1342659","text":"AudienceMember 20221027QT29: we need new facilities","type":"L","timestamp":"2023-11-09 13:56:56"},{"nodeID":"1342660","text":"Analysing","type":"YA","timestamp":"2023-11-09 13:56:56"},{"nodeID":"1342661","text":"Tuuli: AudienceMember 20221027QT29: we need new facilities","type":"L","timestamp":"2023-11-09 13:56:56"},{"nodeID":"1342662","text":"Asserting","type":"YA","timestamp":"2023-11-09 13:56:56"},{"nodeID":"1342663","text":"AudienceMember 20221027QT29: we need facilities to be enhanced and improved","type":"L","timestamp":"2023-11-09 13:56:56"},{"nodeID":"1342664","text":"Analysing","type":"YA","timestamp":"2023-11-09 13:56:56"},{"nodeID":"1342665","text":"Tuuli: AudienceMember 20221027QT29: we need facilities to be enhanced and improved","type":"L","timestamp":"2023-11-09 13:56:56"},{"nodeID":"1342666","text":"Asserting","type":"YA","timestamp":"2023-11-09 13:56:56"},{"nodeID":"1342667","text":"Default Inference","type":"RA","timestamp":"2023-11-09 13:56:56"},{"nodeID":"1342668","text":"Default Transition","type":"TA","timestamp":"2023-11-09 13:56:56"},{"nodeID":"1342669","text":"Arguing","type":"YA","timestamp":"2023-11-09 13:56:56"},{"nodeID":"1342670","text":"Default Inference","type":"RA","timestamp":"2023-11-09 13:56:56"},{"nodeID":"1342671","text":"Default Transition","type":"TA","timestamp":"2023-11-09 13:56:56"},{"nodeID":"1342672","text":"Arguing","type":"YA","timestamp":"2023-11-09 13:56:56"},{"nodeID":"1342673","text":"Default Rephrase","type":"MA","timestamp":"2023-11-09 13:56:56"},{"nodeID":"1342674","text":"Default Transition","type":"TA","timestamp":"2023-11-09 13:56:56"},{"nodeID":"1342675","text":"Restating","type":"YA","timestamp":"2023-11-09 13:56:56"},{"nodeID":"1342676","text":"Default Inference","type":"RA","timestamp":"2023-11-09 13:56:56"},{"nodeID":"1342677","text":"Default Transition","type":"TA","timestamp":"2023-11-09 13:56:56"},{"nodeID":"1342678","text":"Arguing","type":"YA","timestamp":"2023-11-09 13:56:56"}],"edges":[{"edgeID":"1759380","fromID":"1342493","toID":"1342492","formEdgeID":null},{"edgeID":"1759381","fromID":"1342494","toID":"1342493","formEdgeID":null},{"edgeID":"1759382","fromID":"1342492","toID":"1342495","formEdgeID":null},{"edgeID":"1759383","fromID":"1342495","toID":"1342491","formEdgeID":null},{"edgeID":"1759384","fromID":"1342498","toID":"1342497","formEdgeID":null},{"edgeID":"1759385","fromID":"1342499","toID":"1342498","formEdgeID":null},{"edgeID":"1759386","fromID":"1342497","toID":"1342500","formEdgeID":null},{"edgeID":"1759387","fromID":"1342500","toID":"1342496","formEdgeID":null},{"edgeID":"1759388","fromID":"1342492","toID":"1342501","formEdgeID":null},{"edgeID":"1759389","fromID":"1342501","toID":"1342497","formEdgeID":null},{"edgeID":"1759390","fromID":"1342491","toID":"1342502","formEdgeID":null},{"edgeID":"1759391","fromID":"1342502","toID":"1342496","formEdgeID":null},{"edgeID":"1759392","fromID":"1342501","toID":"1342503","formEdgeID":null},{"edgeID":"1759393","fromID":"1342503","toID":"1342502","formEdgeID":null},{"edgeID":"1759394","fromID":"1342505","toID":"1342504","formEdgeID":null},{"edgeID":"1759395","fromID":"1342506","toID":"1342505","formEdgeID":null},{"edgeID":"1759396","fromID":"1342504","toID":"1342507","formEdgeID":null},{"edgeID":"1759397","fromID":"1342507","toID":"1151114","formEdgeID":null},{"edgeID":"1759398","fromID":"1342497","toID":"1342508","formEdgeID":null},{"edgeID":"1759399","fromID":"1342508","toID":"1342504","formEdgeID":null},{"edgeID":"1759400","fromID":"1342511","toID":"1342510","formEdgeID":null},{"edgeID":"1759401","fromID":"1342512","toID":"1342511","formEdgeID":null},{"edgeID":"1759402","fromID":"1342510","toID":"1342513","formEdgeID":null},{"edgeID":"1759403","fromID":"1342513","toID":"1342509","formEdgeID":null},{"edgeID":"1759404","fromID":"1342504","toID":"1342514","formEdgeID":null},{"edgeID":"1759405","fromID":"1342514","toID":"1342510","formEdgeID":null},{"edgeID":"1759406","fromID":"1342516","toID":"1342515","formEdgeID":null},{"edgeID":"1759407","fromID":"1342517","toID":"1342516","formEdgeID":null},{"edgeID":"1759408","fromID":"1342515","toID":"1342518","formEdgeID":null},{"edgeID":"1759409","fromID":"1342518","toID":"1151119","formEdgeID":null},{"edgeID":"1759410","fromID":"1342521","toID":"1342520","formEdgeID":null},{"edgeID":"1759411","fromID":"1342522","toID":"1342521","formEdgeID":null},{"edgeID":"1759412","fromID":"1342520","toID":"1342523","formEdgeID":null},{"edgeID":"1759413","fromID":"1342523","toID":"1342519","formEdgeID":null},{"edgeID":"1759414","fromID":"1342525","toID":"1342524","formEdgeID":null},{"edgeID":"1759415","fromID":"1342526","toID":"1342525","formEdgeID":null},{"edgeID":"1759416","fromID":"1342524","toID":"1342527","formEdgeID":null},{"edgeID":"1759417","fromID":"1342527","toID":"1151129","formEdgeID":null},{"edgeID":"1759418","fromID":"1342529","toID":"1342528","formEdgeID":null},{"edgeID":"1759419","fromID":"1342530","toID":"1342529","formEdgeID":null},{"edgeID":"1759420","fromID":"1342528","toID":"1342531","formEdgeID":null},{"edgeID":"1759421","fromID":"1342531","toID":"1151134","formEdgeID":null},{"edgeID":"1759422","fromID":"1151134","toID":"1342532","formEdgeID":null},{"edgeID":"1759423","fromID":"1342532","toID":"1151129","formEdgeID":null},{"edgeID":"1759424","fromID":"1342524","toID":"1342533","formEdgeID":null},{"edgeID":"1759425","fromID":"1342533","toID":"1342528","formEdgeID":null},{"edgeID":"1759426","fromID":"1342533","toID":"1342534","formEdgeID":null},{"edgeID":"1759427","fromID":"1342534","toID":"1342532","formEdgeID":null},{"edgeID":"1759428","fromID":"1342520","toID":"1342535","formEdgeID":null},{"edgeID":"1759429","fromID":"1342535","toID":"1342524","formEdgeID":null},{"edgeID":"1759430","fromID":"1151119","toID":"1342536","formEdgeID":null},{"edgeID":"1759431","fromID":"1342536","toID":"1342509","formEdgeID":null},{"edgeID":"1759432","fromID":"1342510","toID":"1342537","formEdgeID":null},{"edgeID":"1759433","fromID":"1342537","toID":"1342515","formEdgeID":null},{"edgeID":"1759434","fromID":"1342537","toID":"1342538","formEdgeID":null},{"edgeID":"1759435","fromID":"1342538","toID":"1342536","formEdgeID":null},{"edgeID":"1759436","fromID":"1151129","toID":"1342539","formEdgeID":null},{"edgeID":"1759437","fromID":"1342539","toID":"1342519","formEdgeID":null},{"edgeID":"1759438","fromID":"1342535","toID":"1342540","formEdgeID":null},{"edgeID":"1759439","fromID":"1342540","toID":"1342539","formEdgeID":null},{"edgeID":"1759440","fromID":"1342543","toID":"1342542","formEdgeID":null},{"edgeID":"1759441","fromID":"1342544","toID":"1342543","formEdgeID":null},{"edgeID":"1759442","fromID":"1342542","toID":"1342545","formEdgeID":null},{"edgeID":"1759443","fromID":"1342545","toID":"1342541","formEdgeID":null},{"edgeID":"1759444","fromID":"1342541","toID":"1342546","formEdgeID":null},{"edgeID":"1759445","fromID":"1342546","toID":"1151129","formEdgeID":null},{"edgeID":"1759446","fromID":"1342524","toID":"1342547","formEdgeID":null},{"edgeID":"1759447","fromID":"1342547","toID":"1342542","formEdgeID":null},{"edgeID":"1759448","fromID":"1342547","toID":"1342548","formEdgeID":null},{"edgeID":"1759449","fromID":"1342548","toID":"1342546","formEdgeID":null},{"edgeID":"1759450","fromID":"1151119","toID":"1342549","formEdgeID":null},{"edgeID":"1759451","fromID":"1342549","toID":"1342519","formEdgeID":null},{"edgeID":"1759452","fromID":"1342515","toID":"1342550","formEdgeID":null},{"edgeID":"1759453","fromID":"1342550","toID":"1342520","formEdgeID":null},{"edgeID":"1759454","fromID":"1342550","toID":"1342551","formEdgeID":null},{"edgeID":"1759455","fromID":"1342551","toID":"1342549","formEdgeID":null},{"edgeID":"1759456","fromID":"1151119","toID":"1342552","formEdgeID":null},{"edgeID":"1759457","fromID":"1342552","toID":"1151134","formEdgeID":null},{"edgeID":"1759458","fromID":"1342515","toID":"1342553","formEdgeID":null},{"edgeID":"1759459","fromID":"1342553","toID":"1342528","formEdgeID":null},{"edgeID":"1759460","fromID":"1342553","toID":"1342554","formEdgeID":null},{"edgeID":"1759461","fromID":"1342554","toID":"1342552","formEdgeID":null},{"edgeID":"1759462","fromID":"1342557","toID":"1342556","formEdgeID":null},{"edgeID":"1759463","fromID":"1342558","toID":"1342557","formEdgeID":null},{"edgeID":"1759464","fromID":"1342556","toID":"1342559","formEdgeID":null},{"edgeID":"1759465","fromID":"1342559","toID":"1342555","formEdgeID":null},{"edgeID":"1759466","fromID":"1342542","toID":"1342560","formEdgeID":null},{"edgeID":"1759467","fromID":"1342560","toID":"1342556","formEdgeID":null},{"edgeID":"1759468","fromID":"1342555","toID":"1342561","formEdgeID":null},{"edgeID":"1759469","fromID":"1342561","toID":"1342541","formEdgeID":null},{"edgeID":"1759470","fromID":"1342560","toID":"1342562","formEdgeID":null},{"edgeID":"1759471","fromID":"1342562","toID":"1342561","formEdgeID":null},{"edgeID":"1759472","fromID":"1342565","toID":"1342564","formEdgeID":null},{"edgeID":"1759473","fromID":"1342566","toID":"1342565","formEdgeID":null},{"edgeID":"1759474","fromID":"1342564","toID":"1342567","formEdgeID":null},{"edgeID":"1759475","fromID":"1342567","toID":"1342563","formEdgeID":null},{"edgeID":"1759476","fromID":"1342556","toID":"1342568","formEdgeID":null},{"edgeID":"1759477","fromID":"1342568","toID":"1342564","formEdgeID":null},{"edgeID":"1759478","fromID":"1342571","toID":"1342570","formEdgeID":null},{"edgeID":"1759479","fromID":"1342572","toID":"1342571","formEdgeID":null},{"edgeID":"1759480","fromID":"1342570","toID":"1342573","formEdgeID":null},{"edgeID":"1759481","fromID":"1342573","toID":"1342569","formEdgeID":null},{"edgeID":"1759482","fromID":"1342564","toID":"1342574","formEdgeID":null},{"edgeID":"1759483","fromID":"1342574","toID":"1342570","formEdgeID":null},{"edgeID":"1759484","fromID":"1342569","toID":"1342575","formEdgeID":null},{"edgeID":"1759485","fromID":"1342575","toID":"1342563","formEdgeID":null},{"edgeID":"1759486","fromID":"1342574","toID":"1342576","formEdgeID":null},{"edgeID":"1759487","fromID":"1342576","toID":"1342575","formEdgeID":null},{"edgeID":"1759488","fromID":"1342579","toID":"1342578","formEdgeID":null},{"edgeID":"1759489","fromID":"1342580","toID":"1342579","formEdgeID":null},{"edgeID":"1759490","fromID":"1342578","toID":"1342581","formEdgeID":null},{"edgeID":"1759491","fromID":"1342581","toID":"1342577","formEdgeID":null},{"edgeID":"1759492","fromID":"1342570","toID":"1342582","formEdgeID":null},{"edgeID":"1759493","fromID":"1342582","toID":"1342578","formEdgeID":null},{"edgeID":"1759494","fromID":"1342577","toID":"1342583","formEdgeID":null},{"edgeID":"1759495","fromID":"1342583","toID":"1342569","formEdgeID":null},{"edgeID":"1759496","fromID":"1342582","toID":"1342584","formEdgeID":null},{"edgeID":"1759497","fromID":"1342584","toID":"1342583","formEdgeID":null},{"edgeID":"1759498","fromID":"1342577","toID":"1342585","formEdgeID":null},{"edgeID":"1759499","fromID":"1342585","toID":"1342563","formEdgeID":null},{"edgeID":"1759500","fromID":"1342564","toID":"1342586","formEdgeID":null},{"edgeID":"1759501","fromID":"1342586","toID":"1342578","formEdgeID":null},{"edgeID":"1759502","fromID":"1342586","toID":"1342587","formEdgeID":null},{"edgeID":"1759503","fromID":"1342587","toID":"1342585","formEdgeID":null},{"edgeID":"1759504","fromID":"1342589","toID":"1342588","formEdgeID":null},{"edgeID":"1759505","fromID":"1342590","toID":"1342589","formEdgeID":null},{"edgeID":"1759506","fromID":"1342588","toID":"1342591","formEdgeID":null},{"edgeID":"1759507","fromID":"1342591","toID":"1151177","formEdgeID":null},{"edgeID":"1759508","fromID":"1342578","toID":"1342592","formEdgeID":null},{"edgeID":"1759509","fromID":"1342592","toID":"1342588","formEdgeID":null},{"edgeID":"1759510","fromID":"1151177","toID":"1342593","formEdgeID":null},{"edgeID":"1759511","fromID":"1342593","toID":"1342577","formEdgeID":null},{"edgeID":"1759512","fromID":"1342592","toID":"1342594","formEdgeID":null},{"edgeID":"1759513","fromID":"1342594","toID":"1342593","formEdgeID":null},{"edgeID":"1759514","fromID":"1342597","toID":"1342596","formEdgeID":null},{"edgeID":"1759515","fromID":"1342598","toID":"1342597","formEdgeID":null},{"edgeID":"1759516","fromID":"1342596","toID":"1342599","formEdgeID":null},{"edgeID":"1759517","fromID":"1342599","toID":"1342595","formEdgeID":null},{"edgeID":"1759518","fromID":"1342595","toID":"1342600","formEdgeID":null},{"edgeID":"1759519","fromID":"1342600","toID":"1342541","formEdgeID":null},{"edgeID":"1759520","fromID":"1342542","toID":"1342601","formEdgeID":null},{"edgeID":"1759521","fromID":"1342601","toID":"1342596","formEdgeID":null},{"edgeID":"1759522","fromID":"1342601","toID":"1342602","formEdgeID":null},{"edgeID":"1759523","fromID":"1342602","toID":"1342600","formEdgeID":null},{"edgeID":"1759524","fromID":"1151177","toID":"1342603","formEdgeID":null},{"edgeID":"1759525","fromID":"1342603","toID":"1342595","formEdgeID":null},{"edgeID":"1759526","fromID":"1342588","toID":"1342604","formEdgeID":null},{"edgeID":"1759527","fromID":"1342604","toID":"1342596","formEdgeID":null},{"edgeID":"1759528","fromID":"1342604","toID":"1342605","formEdgeID":null},{"edgeID":"1759529","fromID":"1342605","toID":"1342603","formEdgeID":null},{"edgeID":"1759530","fromID":"1342608","toID":"1342607","formEdgeID":null},{"edgeID":"1759531","fromID":"1342609","toID":"1342608","formEdgeID":null},{"edgeID":"1759532","fromID":"1342607","toID":"1342610","formEdgeID":null},{"edgeID":"1759533","fromID":"1342610","toID":"1342606","formEdgeID":null},{"edgeID":"1759534","fromID":"1342596","toID":"1342611","formEdgeID":null},{"edgeID":"1759535","fromID":"1342611","toID":"1342607","formEdgeID":null},{"edgeID":"1759536","fromID":"1342606","toID":"1342612","formEdgeID":null},{"edgeID":"1759537","fromID":"1342612","toID":"1342595","formEdgeID":null},{"edgeID":"1759538","fromID":"1342611","toID":"1342613","formEdgeID":null},{"edgeID":"1759539","fromID":"1342613","toID":"1342612","formEdgeID":null},{"edgeID":"1759540","fromID":"1342616","toID":"1342615","formEdgeID":null},{"edgeID":"1759541","fromID":"1342617","toID":"1342616","formEdgeID":null},{"edgeID":"1759542","fromID":"1342615","toID":"1342618","formEdgeID":null},{"edgeID":"1759543","fromID":"1342618","toID":"1342614","formEdgeID":null},{"edgeID":"1759544","fromID":"1342607","toID":"1342619","formEdgeID":null},{"edgeID":"1759545","fromID":"1342619","toID":"1342615","formEdgeID":null},{"edgeID":"1759546","fromID":"1342622","toID":"1342621","formEdgeID":null},{"edgeID":"1759547","fromID":"1342623","toID":"1342622","formEdgeID":null},{"edgeID":"1759548","fromID":"1342621","toID":"1342624","formEdgeID":null},{"edgeID":"1759549","fromID":"1342624","toID":"1342620","formEdgeID":null},{"edgeID":"1759550","fromID":"1342615","toID":"1342625","formEdgeID":null},{"edgeID":"1759551","fromID":"1342625","toID":"1342621","formEdgeID":null},{"edgeID":"1759552","fromID":"1342614","toID":"1342626","formEdgeID":null},{"edgeID":"1759553","fromID":"1342626","toID":"1342620","formEdgeID":null},{"edgeID":"1759554","fromID":"1342625","toID":"1342627","formEdgeID":null},{"edgeID":"1759555","fromID":"1342627","toID":"1342626","formEdgeID":null},{"edgeID":"1759556","fromID":"1342630","toID":"1342629","formEdgeID":null},{"edgeID":"1759557","fromID":"1342631","toID":"1342630","formEdgeID":null},{"edgeID":"1759558","fromID":"1342629","toID":"1342632","formEdgeID":null},{"edgeID":"1759559","fromID":"1342632","toID":"1342628","formEdgeID":null},{"edgeID":"1759560","fromID":"1342621","toID":"1342633","formEdgeID":null},{"edgeID":"1759561","fromID":"1342633","toID":"1342629","formEdgeID":null},{"edgeID":"1759562","fromID":"1342636","toID":"1342635","formEdgeID":null},{"edgeID":"1759563","fromID":"1342637","toID":"1342636","formEdgeID":null},{"edgeID":"1759564","fromID":"1342635","toID":"1342638","formEdgeID":null},{"edgeID":"1759565","fromID":"1342638","toID":"1342634","formEdgeID":null},{"edgeID":"1759566","fromID":"1342629","toID":"1342639","formEdgeID":null},{"edgeID":"1759567","fromID":"1342639","toID":"1342635","formEdgeID":null},{"edgeID":"1759568","fromID":"1342634","toID":"1342640","formEdgeID":null},{"edgeID":"1759569","fromID":"1342640","toID":"1342628","formEdgeID":null},{"edgeID":"1759570","fromID":"1342639","toID":"1342641","formEdgeID":null},{"edgeID":"1759571","fromID":"1342641","toID":"1342640","formEdgeID":null},{"edgeID":"1759572","fromID":"1342644","toID":"1342643","formEdgeID":null},{"edgeID":"1759573","fromID":"1342645","toID":"1342644","formEdgeID":null},{"edgeID":"1759574","fromID":"1342643","toID":"1342646","formEdgeID":null},{"edgeID":"1759575","fromID":"1342646","toID":"1342642","formEdgeID":null},{"edgeID":"1759576","fromID":"1342635","toID":"1342647","formEdgeID":null},{"edgeID":"1759577","fromID":"1342647","toID":"1342643","formEdgeID":null},{"edgeID":"1759578","fromID":"1342649","toID":"1342648","formEdgeID":null},{"edgeID":"1759579","fromID":"1342650","toID":"1342649","formEdgeID":null},{"edgeID":"1759580","fromID":"1342648","toID":"1342651","formEdgeID":null},{"edgeID":"1759581","fromID":"1342651","toID":"1151298","formEdgeID":null},{"edgeID":"1759582","fromID":"1342643","toID":"1342652","formEdgeID":null},{"edgeID":"1759583","fromID":"1342652","toID":"1342648","formEdgeID":null},{"edgeID":"1759584","fromID":"1342642","toID":"1342653","formEdgeID":null},{"edgeID":"1759585","fromID":"1342653","toID":"1151298","formEdgeID":null},{"edgeID":"1759586","fromID":"1342652","toID":"1342654","formEdgeID":null},{"edgeID":"1759587","fromID":"1342654","toID":"1342653","formEdgeID":null},{"edgeID":"1759588","fromID":"1342656","toID":"1342655","formEdgeID":null},{"edgeID":"1759589","fromID":"1342657","toID":"1342656","formEdgeID":null},{"edgeID":"1759590","fromID":"1342655","toID":"1342658","formEdgeID":null},{"edgeID":"1759591","fromID":"1342658","toID":"1151312","formEdgeID":null},{"edgeID":"1759592","fromID":"1342660","toID":"1342659","formEdgeID":null},{"edgeID":"1759593","fromID":"1342661","toID":"1342660","formEdgeID":null},{"edgeID":"1759594","fromID":"1342659","toID":"1342662","formEdgeID":null},{"edgeID":"1759595","fromID":"1342662","toID":"1151325","formEdgeID":null},{"edgeID":"1759596","fromID":"1342664","toID":"1342663","formEdgeID":null},{"edgeID":"1759597","fromID":"1342665","toID":"1342664","formEdgeID":null},{"edgeID":"1759598","fromID":"1342663","toID":"1342666","formEdgeID":null},{"edgeID":"1759599","fromID":"1342666","toID":"1151338","formEdgeID":null},{"edgeID":"1759600","fromID":"1151325","toID":"1342667","formEdgeID":null},{"edgeID":"1759601","fromID":"1342667","toID":"1151312","formEdgeID":null},{"edgeID":"1759602","fromID":"1342655","toID":"1342668","formEdgeID":null},{"edgeID":"1759603","fromID":"1342668","toID":"1342659","formEdgeID":null},{"edgeID":"1759604","fromID":"1342668","toID":"1342669","formEdgeID":null},{"edgeID":"1759605","fromID":"1342669","toID":"1342667","formEdgeID":null},{"edgeID":"1759606","fromID":"1151298","toID":"1342670","formEdgeID":null},{"edgeID":"1759607","fromID":"1342670","toID":"1151325","formEdgeID":null},{"edgeID":"1759608","fromID":"1342648","toID":"1342671","formEdgeID":null},{"edgeID":"1759609","fromID":"1342671","toID":"1342659","formEdgeID":null},{"edgeID":"1759610","fromID":"1342671","toID":"1342672","formEdgeID":null},{"edgeID":"1759611","fromID":"1342672","toID":"1342670","formEdgeID":null},{"edgeID":"1759612","fromID":"1151338","toID":"1342673","formEdgeID":null},{"edgeID":"1759613","fromID":"1342673","toID":"1151325","formEdgeID":null},{"edgeID":"1759614","fromID":"1342659","toID":"1342674","formEdgeID":null},{"edgeID":"1759615","fromID":"1342674","toID":"1342663","formEdgeID":null},{"edgeID":"1759616","fromID":"1342674","toID":"1342675","formEdgeID":null},{"edgeID":"1759617","fromID":"1342675","toID":"1342673","formEdgeID":null},{"edgeID":"1759618","fromID":"1342628","toID":"1342676","formEdgeID":null},{"edgeID":"1759619","fromID":"1342676","toID":"1342519","formEdgeID":null},{"edgeID":"1759620","fromID":"1342520","toID":"1342677","formEdgeID":null},{"edgeID":"1759621","fromID":"1342677","toID":"1342629","formEdgeID":null},{"edgeID":"1759622","fromID":"1342677","toID":"1342678","formEdgeID":null},{"edgeID":"1759623","fromID":"1342678","toID":"1342676","formEdgeID":null}],"locutions":[]}