{"nodes":[{"nodeID":"1353073","text":"in the election campaigns the Conservatives had over the summer, Liz Truss was talking about banning solar panels in fields and Rishi Sunak was talking about banning wind power out in the sea","type":"I","timestamp":"2023-11-09 14:12:54"},{"nodeID":"1353074","text":"Armando Iannucci: In the election campaigns they had over the summer, Liz Truss was talking about banning solar panels in fields and he was talking about banning wind power out in the sea","type":"L","timestamp":"2023-11-09 14:12:54"},{"nodeID":"1353075","text":"Tuuli: Armando Iannucci: In the election campaigns they had over the summer, Liz Truss was talking about banning solar panels in fields and he was talking about banning wind power out in the sea","type":"L","timestamp":"2023-11-09 14:12:54"},{"nodeID":"1353076","text":"the positions on banning solar panels in fields and banning wind power out in the sea are now being reversed","type":"I","timestamp":"2023-11-09 14:12:55"},{"nodeID":"1353077","text":"Armando Iannucci: those positions are now being reversed","type":"L","timestamp":"2023-11-09 14:12:55"},{"nodeID":"1353078","text":"Tuuli: Armando Iannucci: those positions are now being reversed","type":"L","timestamp":"2023-11-09 14:12:55"},{"nodeID":"1353079","text":"it is about the message, the signal that reversing a position sends out","type":"I","timestamp":"2023-11-09 14:12:55"},{"nodeID":"1353080","text":"Armando Iannucci: it\u2019s the message, the signals these send out","type":"L","timestamp":"2023-11-09 14:12:55"},{"nodeID":"1353081","text":"Tuuli: Armando Iannucci: it\u2019s the message, the signals these send out","type":"L","timestamp":"2023-11-09 14:12:55"},{"nodeID":"1353082","text":"Liz Truss and Rishi Sunak are sending out confused signals about how high a priority they give to the issue of climate change","type":"I","timestamp":"2023-11-09 14:12:56"},{"nodeID":"1353083","text":"Armando Iannucci: they\u2019re sending out confused signals about how high a priority they give to this","type":"L","timestamp":"2023-11-09 14:12:56"},{"nodeID":"1353084","text":"Tuuli: Armando Iannucci: they\u2019re sending out confused signals about how high a priority they give to this","type":"L","timestamp":"2023-11-09 14:12:56"},{"nodeID":"1353085","text":"Analysing","type":"YA","timestamp":"2023-11-09 14:12:56"},{"nodeID":"1353086","text":"if The Thick of It were written today, it would be even funnier or it would just be not funny at all","type":"I","timestamp":"2023-11-09 14:12:57"},{"nodeID":"1353087","text":"Asserting","type":"YA","timestamp":"2023-11-09 14:12:57"},{"nodeID":"1353088","text":"AudienceMember 20221110QT55: if The Thick of It were written today, would it be even funnier or would it just be not funny at all","type":"L","timestamp":"2023-11-09 14:12:57"},{"nodeID":"1353089","text":"Tuuli: AudienceMember 20221110QT55: if The Thick of It were written today, would it be even funnier or would it just be not funny at all","type":"L","timestamp":"2023-11-09 14:12:57"},{"nodeID":"1353090","text":"Analysing","type":"YA","timestamp":"2023-11-09 14:12:57"},{"nodeID":"1353091","text":"Asserting","type":"YA","timestamp":"2023-11-09 14:12:57"},{"nodeID":"1353092","text":"Default Transition","type":"TA","timestamp":"2023-11-09 14:12:57"},{"nodeID":"1353093","text":"Default Rephrase","type":"MA","timestamp":"2023-11-09 14:12:57"},{"nodeID":"1353094","text":"Restating","type":"YA","timestamp":"2023-11-09 14:12:57"},{"nodeID":"1353095","text":"fortunately Armando Iannucci is not writing The Thick of It today","type":"I","timestamp":"2023-11-09 14:12:57"},{"nodeID":"1353096","text":"Armando Iannucci: Fortunately I\u2019m not writing The Thick of It today","type":"L","timestamp":"2023-11-09 14:12:57"},{"nodeID":"1353097","text":"Tuuli: Armando Iannucci: Fortunately I\u2019m not writing The Thick of It today","type":"L","timestamp":"2023-11-09 14:12:57"},{"nodeID":"1353098","text":"Analysing","type":"YA","timestamp":"2023-11-09 14:12:57"},{"nodeID":"1353099","text":"Asserting","type":"YA","timestamp":"2023-11-09 14:12:57"},{"nodeID":"1353100","text":"we wrote an episode where we got through three prime ministers in three months and, what, five education secretaries","type":"I","timestamp":"2023-11-09 14:12:58"},{"nodeID":"1353101","text":"Default Transition","type":"TA","timestamp":"2023-11-09 14:12:58"},{"nodeID":"1353102","text":"Armando Iannucci: we wrote an episode where we got through three prime ministers in three months and, what, five education secretaries","type":"L","timestamp":"2023-11-09 14:12:58"},{"nodeID":"1353103","text":"Tuuli: Armando Iannucci: we wrote an episode where we got through three prime ministers in three months and, what, five education secretaries","type":"L","timestamp":"2023-11-09 14:12:58"},{"nodeID":"1353104","text":"Analysing","type":"YA","timestamp":"2023-11-09 14:12:58"},{"nodeID":"1353105","text":"there\u2019s someone who wakes up today not knowing and not remembering whether or not they\u2019re the Health Secretary","type":"I","timestamp":"2023-11-09 14:12:59"},{"nodeID":"1353106","text":"Asserting","type":"YA","timestamp":"2023-11-09 14:12:59"},{"nodeID":"1353107","text":"Default Transition","type":"TA","timestamp":"2023-11-09 14:12:59"},{"nodeID":"1353108","text":"Armando Iannucci: there\u2019s someone who wakes up today not knowing and not remembering whether or not they\u2019re the Health Secretary","type":"L","timestamp":"2023-11-09 14:12:59"},{"nodeID":"1353109","text":"Tuuli: Armando Iannucci: there\u2019s someone who wakes up today not knowing and not remembering whether or not they\u2019re the Health Secretary","type":"L","timestamp":"2023-11-09 14:12:59"},{"nodeID":"1353110","text":"Analysing","type":"YA","timestamp":"2023-11-09 14:12:59"},{"nodeID":"1353111","text":"everyone who has been in the government recently has been through it so fast","type":"I","timestamp":"2023-11-09 14:12:59"},{"nodeID":"1353112","text":"Pure Questioning","type":"YA","timestamp":"2023-11-09 14:12:59"},{"nodeID":"1353113","text":"Armando Iannucci: everyone\u2019s been so fast","type":"L","timestamp":"2023-11-09 14:12:59"},{"nodeID":"1353114","text":"Tuuli: Armando Iannucci: everyone\u2019s been so fast","type":"L","timestamp":"2023-11-09 14:12:59"},{"nodeID":"1353115","text":"Analysing","type":"YA","timestamp":"2023-11-09 14:12:59"},{"nodeID":"1353116","text":"Asserting","type":"YA","timestamp":"2023-11-09 14:12:59"},{"nodeID":"1353117","text":"Default Transition","type":"TA","timestamp":"2023-11-09 14:12:59"},{"nodeID":"1353118","text":"Default Rephrase","type":"MA","timestamp":"2023-11-09 14:12:59"},{"nodeID":"1353119","text":"Default Illocuting","type":"YA","timestamp":"2023-11-09 14:12:59"},{"nodeID":"1353120","text":"Analysing","type":"YA","timestamp":"2023-11-09 14:12:59"},{"nodeID":"1353121","text":"Asserting","type":"YA","timestamp":"2023-11-09 14:12:59"},{"nodeID":"1353122","text":"Analysing","type":"YA","timestamp":"2023-11-09 14:12:59"},{"nodeID":"1353123","text":"Asserting","type":"YA","timestamp":"2023-11-09 14:12:59"},{"nodeID":"1353124","text":"Analysing","type":"YA","timestamp":"2023-11-09 14:12:59"},{"nodeID":"1353125","text":"Asserting","type":"YA","timestamp":"2023-11-09 14:12:59"},{"nodeID":"1353126","text":"Default Transition","type":"TA","timestamp":"2023-11-09 14:12:59"},{"nodeID":"1353127","text":"Default Inference","type":"RA","timestamp":"2023-11-09 14:12:59"},{"nodeID":"1353128","text":"Default Transition","type":"TA","timestamp":"2023-11-09 14:12:59"},{"nodeID":"1353129","text":"Arguing","type":"YA","timestamp":"2023-11-09 14:12:59"},{"nodeID":"1353130","text":"Default Inference","type":"RA","timestamp":"2023-11-09 14:12:59"},{"nodeID":"1353131","text":"Default Transition","type":"TA","timestamp":"2023-11-09 14:12:59"},{"nodeID":"1353132","text":"Arguing","type":"YA","timestamp":"2023-11-09 14:12:59"},{"nodeID":"1353133","text":"Default Inference","type":"RA","timestamp":"2023-11-09 14:12:59"},{"nodeID":"1353134","text":"Arguing","type":"YA","timestamp":"2023-11-09 14:12:59"},{"nodeID":"1353135","text":"Default Rephrase","type":"MA","timestamp":"2023-11-09 14:12:59"},{"nodeID":"1353136","text":"Restating","type":"YA","timestamp":"2023-11-09 14:12:59"},{"nodeID":"1353137","text":"Default Inference","type":"RA","timestamp":"2023-11-09 14:12:59"},{"nodeID":"1353138","text":"Arguing","type":"YA","timestamp":"2023-11-09 14:12:59"},{"nodeID":"1353139","text":"Default Inference","type":"RA","timestamp":"2023-11-09 14:12:59"},{"nodeID":"1353140","text":"Default Transition","type":"TA","timestamp":"2023-11-09 14:12:59"},{"nodeID":"1353141","text":"Arguing","type":"YA","timestamp":"2023-11-09 14:12:59"},{"nodeID":"1353142","text":"Default Transition","type":"TA","timestamp":"2023-11-09 14:12:59"}],"edges":[{"edgeID":"1772003","fromID":"1353085","toID":"1353074","formEdgeID":null},{"edgeID":"1772004","fromID":"1353075","toID":"1353085","formEdgeID":null},{"edgeID":"1772005","fromID":"1353074","toID":"1353087","formEdgeID":null},{"edgeID":"1772006","fromID":"1353087","toID":"1353073","formEdgeID":null},{"edgeID":"1772007","fromID":"1353090","toID":"1353077","formEdgeID":null},{"edgeID":"1772008","fromID":"1353078","toID":"1353090","formEdgeID":null},{"edgeID":"1772009","fromID":"1353077","toID":"1353091","formEdgeID":null},{"edgeID":"1772010","fromID":"1353091","toID":"1353076","formEdgeID":null},{"edgeID":"1772011","fromID":"1353074","toID":"1353092","formEdgeID":null},{"edgeID":"1772012","fromID":"1353092","toID":"1353077","formEdgeID":null},{"edgeID":"1772013","fromID":"1353076","toID":"1353093","formEdgeID":null},{"edgeID":"1772014","fromID":"1353093","toID":"1353073","formEdgeID":null},{"edgeID":"1772015","fromID":"1353092","toID":"1353094","formEdgeID":null},{"edgeID":"1772016","fromID":"1353094","toID":"1353093","formEdgeID":null},{"edgeID":"1772017","fromID":"1353098","toID":"1353080","formEdgeID":null},{"edgeID":"1772018","fromID":"1353081","toID":"1353098","formEdgeID":null},{"edgeID":"1772019","fromID":"1353080","toID":"1353099","formEdgeID":null},{"edgeID":"1772020","fromID":"1353099","toID":"1353079","formEdgeID":null},{"edgeID":"1772021","fromID":"1353077","toID":"1353101","formEdgeID":null},{"edgeID":"1772022","fromID":"1353101","toID":"1353080","formEdgeID":null},{"edgeID":"1772023","fromID":"1353104","toID":"1353083","formEdgeID":null},{"edgeID":"1772024","fromID":"1353084","toID":"1353104","formEdgeID":null},{"edgeID":"1772025","fromID":"1353083","toID":"1353106","formEdgeID":null},{"edgeID":"1772026","fromID":"1353106","toID":"1353082","formEdgeID":null},{"edgeID":"1772027","fromID":"1353080","toID":"1353107","formEdgeID":null},{"edgeID":"1772028","fromID":"1353107","toID":"1353083","formEdgeID":null},{"edgeID":"1772029","fromID":"1353110","toID":"1353088","formEdgeID":null},{"edgeID":"1772030","fromID":"1353089","toID":"1353110","formEdgeID":null},{"edgeID":"1772031","fromID":"1353088","toID":"1353112","formEdgeID":null},{"edgeID":"1772032","fromID":"1353112","toID":"1353086","formEdgeID":null},{"edgeID":"1772033","fromID":"1353115","toID":"1353096","formEdgeID":null},{"edgeID":"1772034","fromID":"1353097","toID":"1353115","formEdgeID":null},{"edgeID":"1772035","fromID":"1353096","toID":"1353116","formEdgeID":null},{"edgeID":"1772036","fromID":"1353116","toID":"1353095","formEdgeID":null},{"edgeID":"1772037","fromID":"1353088","toID":"1353117","formEdgeID":null},{"edgeID":"1772038","fromID":"1353117","toID":"1353096","formEdgeID":null},{"edgeID":"1772039","fromID":"1353095","toID":"1353118","formEdgeID":null},{"edgeID":"1772040","fromID":"1353118","toID":"1353086","formEdgeID":null},{"edgeID":"1772041","fromID":"1353117","toID":"1353119","formEdgeID":null},{"edgeID":"1772042","fromID":"1353119","toID":"1353118","formEdgeID":null},{"edgeID":"1772043","fromID":"1353120","toID":"1353102","formEdgeID":null},{"edgeID":"1772044","fromID":"1353103","toID":"1353120","formEdgeID":null},{"edgeID":"1772045","fromID":"1353102","toID":"1353121","formEdgeID":null},{"edgeID":"1772046","fromID":"1353121","toID":"1353100","formEdgeID":null},{"edgeID":"1772047","fromID":"1353122","toID":"1353108","formEdgeID":null},{"edgeID":"1772048","fromID":"1353109","toID":"1353122","formEdgeID":null},{"edgeID":"1772049","fromID":"1353108","toID":"1353123","formEdgeID":null},{"edgeID":"1772050","fromID":"1353123","toID":"1353105","formEdgeID":null},{"edgeID":"1772051","fromID":"1353124","toID":"1353113","formEdgeID":null},{"edgeID":"1772052","fromID":"1353114","toID":"1353124","formEdgeID":null},{"edgeID":"1772053","fromID":"1353113","toID":"1353125","formEdgeID":null},{"edgeID":"1772054","fromID":"1353125","toID":"1353111","formEdgeID":null},{"edgeID":"1772055","fromID":"1353096","toID":"1353126","formEdgeID":null},{"edgeID":"1772056","fromID":"1353126","toID":"1353102","formEdgeID":null},{"edgeID":"1772057","fromID":"1353100","toID":"1353127","formEdgeID":null},{"edgeID":"1772058","fromID":"1353127","toID":"1353105","formEdgeID":null},{"edgeID":"1772059","fromID":"1353102","toID":"1353128","formEdgeID":null},{"edgeID":"1772060","fromID":"1353128","toID":"1353108","formEdgeID":null},{"edgeID":"1772061","fromID":"1353128","toID":"1353129","formEdgeID":null},{"edgeID":"1772062","fromID":"1353129","toID":"1353127","formEdgeID":null},{"edgeID":"1772063","fromID":"1353111","toID":"1353130","formEdgeID":null},{"edgeID":"1772064","fromID":"1353130","toID":"1353105","formEdgeID":null},{"edgeID":"1772065","fromID":"1353108","toID":"1353131","formEdgeID":null},{"edgeID":"1772066","fromID":"1353131","toID":"1353113","formEdgeID":null},{"edgeID":"1772067","fromID":"1353131","toID":"1353132","formEdgeID":null},{"edgeID":"1772068","fromID":"1353132","toID":"1353130","formEdgeID":null},{"edgeID":"1772069","fromID":"1353100","toID":"1353133","formEdgeID":null},{"edgeID":"1772070","fromID":"1353133","toID":"1353095","formEdgeID":null},{"edgeID":"1772071","fromID":"1353126","toID":"1353134","formEdgeID":null},{"edgeID":"1772072","fromID":"1353134","toID":"1353133","formEdgeID":null},{"edgeID":"1772073","fromID":"1353082","toID":"1353135","formEdgeID":null},{"edgeID":"1772074","fromID":"1353135","toID":"1353079","formEdgeID":null},{"edgeID":"1772075","fromID":"1353107","toID":"1353136","formEdgeID":null},{"edgeID":"1772076","fromID":"1353136","toID":"1353135","formEdgeID":null},{"edgeID":"1772077","fromID":"1353137","toID":"1353079","formEdgeID":null},{"edgeID":"1772078","fromID":"1353076","toID":"1353137","formEdgeID":null},{"edgeID":"1772079","fromID":"1353138","toID":"1353137","formEdgeID":null},{"edgeID":"1772080","fromID":"1353101","toID":"1353138","formEdgeID":null},{"edgeID":"1772081","fromID":"1353139","toID":"1353082","formEdgeID":null},{"edgeID":"1772082","fromID":"1353076","toID":"1353139","formEdgeID":null},{"edgeID":"1772083","fromID":"1353140","toID":"1353083","formEdgeID":null},{"edgeID":"1772084","fromID":"1353077","toID":"1353140","formEdgeID":null},{"edgeID":"1772085","fromID":"1353140","toID":"1353141","formEdgeID":null},{"edgeID":"1772086","fromID":"1353141","toID":"1353139","formEdgeID":null},{"edgeID":"1772087","fromID":"1353083","toID":"1353142","formEdgeID":null},{"edgeID":"1772088","fromID":"1353142","toID":"1353088","formEdgeID":null}],"locutions":[]}