{"nodes":[{"nodeID":"1350660","text":"xxx is how we know","type":"I","timestamp":"2023-11-09 14:09:13"},{"nodeID":"1350661","text":"Lucy Frazer: how do we know","type":"L","timestamp":"2023-11-09 14:09:13"},{"nodeID":"1350662","text":"Analysing","type":"YA","timestamp":"2023-11-09 14:09:13"},{"nodeID":"1350663","text":"Chris: Lucy Frazer: how do we know","type":"L","timestamp":"2023-11-09 14:09:13"},{"nodeID":"1350664","text":"Pure Questioning","type":"YA","timestamp":"2023-11-09 14:09:13"},{"nodeID":"1350665","text":"judge the Conservative Party on what we say","type":"I","timestamp":"2023-11-09 14:09:14"},{"nodeID":"1350666","text":"Lucy Frazer: judge us on what we say","type":"L","timestamp":"2023-11-09 14:09:14"},{"nodeID":"1350667","text":"Analysing","type":"YA","timestamp":"2023-11-09 14:09:14"},{"nodeID":"1350668","text":"Chris: Lucy Frazer: judge us on what we say","type":"L","timestamp":"2023-11-09 14:09:14"},{"nodeID":"1350669","text":"Asserting","type":"YA","timestamp":"2023-11-09 14:09:14"},{"nodeID":"1350670","text":"judge the Conservative Party on what we do","type":"I","timestamp":"2023-11-09 14:09:14"},{"nodeID":"1350671","text":"Lucy Frazer: on what we do","type":"L","timestamp":"2023-11-09 14:09:14"},{"nodeID":"1350672","text":"Analysing","type":"YA","timestamp":"2023-11-09 14:09:14"},{"nodeID":"1350673","text":"Chris: Lucy Frazer: on what we do","type":"L","timestamp":"2023-11-09 14:09:14"},{"nodeID":"1350674","text":"Asserting","type":"YA","timestamp":"2023-11-09 14:09:14"},{"nodeID":"1350675","text":"Default Transition","type":"TA","timestamp":"2023-11-09 14:09:14"},{"nodeID":"1350676","text":"Default Transition","type":"TA","timestamp":"2023-11-09 14:09:14"},{"nodeID":"1350677","text":"Default Rephrase","type":"MA","timestamp":"2023-11-09 14:09:14"},{"nodeID":"1350678","text":"Restating","type":"YA","timestamp":"2023-11-09 14:09:14"},{"nodeID":"1350679","text":"the Conservative Party have consistently talked about the importance of the NHS","type":"I","timestamp":"2023-11-09 14:09:15"},{"nodeID":"1350680","text":"Lucy Frazer: we have consistently talked about the importance of the NHS","type":"L","timestamp":"2023-11-09 14:09:15"},{"nodeID":"1350681","text":"Analysing","type":"YA","timestamp":"2023-11-09 14:09:15"},{"nodeID":"1350682","text":"Chris: Lucy Frazer: we have consistently talked about the importance of the NHS","type":"L","timestamp":"2023-11-09 14:09:15"},{"nodeID":"1350683","text":"Asserting","type":"YA","timestamp":"2023-11-09 14:09:15"},{"nodeID":"1350684","text":"Default Transition","type":"TA","timestamp":"2023-11-09 14:09:15"},{"nodeID":"1350685","text":"the Conservative Party have consistently said we will preserve and safeguard the NHS","type":"I","timestamp":"2023-11-09 14:09:16"},{"nodeID":"1350686","text":"Lucy Frazer: We\u2019ve consistently said we will preserve and safeguard the NHS","type":"L","timestamp":"2023-11-09 14:09:16"},{"nodeID":"1350687","text":"Analysing","type":"YA","timestamp":"2023-11-09 14:09:16"},{"nodeID":"1350688","text":"Chris: Lucy Frazer: We\u2019ve consistently said we will preserve and safeguard the NHS","type":"L","timestamp":"2023-11-09 14:09:16"},{"nodeID":"1350689","text":"Asserting","type":"YA","timestamp":"2023-11-09 14:09:16"},{"nodeID":"1350690","text":"Default Transition","type":"TA","timestamp":"2023-11-09 14:09:16"},{"nodeID":"1350691","text":"Default Rephrase","type":"MA","timestamp":"2023-11-09 14:09:16"},{"nodeID":"1350692","text":"Default Rephrase","type":"MA","timestamp":"2023-11-09 14:09:16"},{"nodeID":"1350693","text":"Restating","type":"YA","timestamp":"2023-11-09 14:09:16"},{"nodeID":"1350694","text":"Default Transition","type":"TA","timestamp":"2023-11-09 14:09:16"},{"nodeID":"1350695","text":"Restating","type":"YA","timestamp":"2023-11-09 14:09:16"},{"nodeID":"1350696","text":"xxx is what the Conservative Party have done","type":"I","timestamp":"2023-11-09 14:09:17"},{"nodeID":"1350697","text":"Lucy Frazer: what have we done","type":"L","timestamp":"2023-11-09 14:09:17"},{"nodeID":"1350698","text":"Analysing","type":"YA","timestamp":"2023-11-09 14:09:17"},{"nodeID":"1350699","text":"Chris: Lucy Frazer: what have we done","type":"L","timestamp":"2023-11-09 14:09:17"},{"nodeID":"1350700","text":"Pure Questioning","type":"YA","timestamp":"2023-11-09 14:09:17"},{"nodeID":"1350701","text":"Default Transition","type":"TA","timestamp":"2023-11-09 14:09:17"},{"nodeID":"1350702","text":"the Conservative Party have also put record funding into the NHS","type":"I","timestamp":"2023-11-09 14:09:17"},{"nodeID":"1350703","text":"Lucy Frazer: We have also put record funding into the NHS","type":"L","timestamp":"2023-11-09 14:09:17"},{"nodeID":"1350704","text":"Analysing","type":"YA","timestamp":"2023-11-09 14:09:17"},{"nodeID":"1350705","text":"Chris: Lucy Frazer: We have also put record funding into the NHS","type":"L","timestamp":"2023-11-09 14:09:17"},{"nodeID":"1350706","text":"Asserting","type":"YA","timestamp":"2023-11-09 14:09:17"},{"nodeID":"1350707","text":"Default Transition","type":"TA","timestamp":"2023-11-09 14:09:17"},{"nodeID":"1350708","text":"Default Rephrase","type":"MA","timestamp":"2023-11-09 14:09:17"},{"nodeID":"1350709","text":"Default Illocuting","type":"YA","timestamp":"2023-11-09 14:09:17"},{"nodeID":"1350710","text":"the Conservative Party can\u2019t run hospitals","type":"I","timestamp":"2023-11-09 14:09:18"},{"nodeID":"1350711","text":"Lucy Frazer: we can\u2019t run hospitals","type":"L","timestamp":"2023-11-09 14:09:18"},{"nodeID":"1350712","text":"Analysing","type":"YA","timestamp":"2023-11-09 14:09:18"},{"nodeID":"1350713","text":"Chris: Lucy Frazer: we can\u2019t run hospitals","type":"L","timestamp":"2023-11-09 14:09:18"},{"nodeID":"1350714","text":"Asserting","type":"YA","timestamp":"2023-11-09 14:09:18"},{"nodeID":"1350715","text":"Default Transition","type":"TA","timestamp":"2023-11-09 14:09:18"},{"nodeID":"1350716","text":"hospitals are run by the NHS","type":"I","timestamp":"2023-11-09 14:09:19"},{"nodeID":"1350717","text":"Lucy Frazer: hospitals are run by the NHS","type":"L","timestamp":"2023-11-09 14:09:19"},{"nodeID":"1350718","text":"Analysing","type":"YA","timestamp":"2023-11-09 14:09:19"},{"nodeID":"1350719","text":"Chris: Lucy Frazer: hospitals are run by the NHS","type":"L","timestamp":"2023-11-09 14:09:19"},{"nodeID":"1350720","text":"Asserting","type":"YA","timestamp":"2023-11-09 14:09:19"},{"nodeID":"1350721","text":"Default Transition","type":"TA","timestamp":"2023-11-09 14:09:19"},{"nodeID":"1350722","text":"hospitals are not run by the Government or by ministers","type":"I","timestamp":"2023-11-09 14:09:19"},{"nodeID":"1350723","text":"Lucy Frazer: they\u2019re not run by the Government or by ministers","type":"L","timestamp":"2023-11-09 14:09:19"},{"nodeID":"1350724","text":"Analysing","type":"YA","timestamp":"2023-11-09 14:09:19"},{"nodeID":"1350725","text":"Chris: Lucy Frazer: they\u2019re not run by the Government or by ministers","type":"L","timestamp":"2023-11-09 14:09:19"},{"nodeID":"1350726","text":"Asserting","type":"YA","timestamp":"2023-11-09 14:09:19"},{"nodeID":"1350727","text":"Default Transition","type":"TA","timestamp":"2023-11-09 14:09:19"},{"nodeID":"1350728","text":"Default Inference","type":"RA","timestamp":"2023-11-09 14:09:19"},{"nodeID":"1350729","text":"Arguing","type":"YA","timestamp":"2023-11-09 14:09:19"},{"nodeID":"1350730","text":"Default Rephrase","type":"MA","timestamp":"2023-11-09 14:09:19"},{"nodeID":"1350731","text":"Default Transition","type":"TA","timestamp":"2023-11-09 14:09:19"},{"nodeID":"1350732","text":"Default Inference","type":"RA","timestamp":"2023-11-09 14:09:19"},{"nodeID":"1350733","text":"Arguing","type":"YA","timestamp":"2023-11-09 14:09:19"},{"nodeID":"1350734","text":"Restating","type":"YA","timestamp":"2023-11-09 14:09:19"},{"nodeID":"1350735","text":"the Conservative Government need to ensure that hospitals are run well and continue to improve them","type":"I","timestamp":"2023-11-09 14:09:20"},{"nodeID":"1350736","text":"Lucy Frazer: we need to ensure that those are run well and continue to improve them","type":"L","timestamp":"2023-11-09 14:09:20"},{"nodeID":"1350737","text":"Analysing","type":"YA","timestamp":"2023-11-09 14:09:20"},{"nodeID":"1350738","text":"Chris: Lucy Frazer: we need to ensure that those are run well and continue to improve them","type":"L","timestamp":"2023-11-09 14:09:20"},{"nodeID":"1350739","text":"Asserting","type":"YA","timestamp":"2023-11-09 14:09:20"},{"nodeID":"1350740","text":"Default Transition","type":"TA","timestamp":"2023-11-09 14:09:20"},{"nodeID":"1350741","text":"the Conservative Government are going to have to make some difficult decisions in the budget","type":"I","timestamp":"2023-11-09 14:09:21"},{"nodeID":"1350742","text":"Lucy Frazer: We are going to have to make some difficult decisions in the budget","type":"L","timestamp":"2023-11-09 14:09:21"},{"nodeID":"1350743","text":"Analysing","type":"YA","timestamp":"2023-11-09 14:09:21"},{"nodeID":"1350744","text":"Chris: Lucy Frazer: We are going to have to make some difficult decisions in the budget","type":"L","timestamp":"2023-11-09 14:09:21"},{"nodeID":"1350745","text":"Asserting","type":"YA","timestamp":"2023-11-09 14:09:21"},{"nodeID":"1350746","text":"Default Transition","type":"TA","timestamp":"2023-11-09 14:09:21"},{"nodeID":"1350747","text":"the Government doesn\u2019t have any money other than your money","type":"I","timestamp":"2023-11-09 14:09:21"},{"nodeID":"1350748","text":"Lucy Frazer: the Government doesn\u2019t have any money other than your money","type":"L","timestamp":"2023-11-09 14:09:21"},{"nodeID":"1350749","text":"Analysing","type":"YA","timestamp":"2023-11-09 14:09:21"},{"nodeID":"1350750","text":"Chris: Lucy Frazer: the Government doesn\u2019t have any money other than your money","type":"L","timestamp":"2023-11-09 14:09:21"},{"nodeID":"1350751","text":"Asserting","type":"YA","timestamp":"2023-11-09 14:09:21"},{"nodeID":"1350752","text":"Default Transition","type":"TA","timestamp":"2023-11-09 14:09:21"},{"nodeID":"1350753","text":"the Conservative Government do need to balance the books","type":"I","timestamp":"2023-11-09 14:09:22"},{"nodeID":"1350754","text":"Lucy Frazer: we do need to balance the books","type":"L","timestamp":"2023-11-09 14:09:22"},{"nodeID":"1350755","text":"Analysing","type":"YA","timestamp":"2023-11-09 14:09:22"},{"nodeID":"1350756","text":"Chris: Lucy Frazer: we do need to balance the books","type":"L","timestamp":"2023-11-09 14:09:22"},{"nodeID":"1350757","text":"Asserting","type":"YA","timestamp":"2023-11-09 14:09:22"},{"nodeID":"1350758","text":"the Conservative Government do need to get to a position of fiscal responsibility","type":"I","timestamp":"2023-11-09 14:09:23"},{"nodeID":"1350759","text":"Lucy Frazer: we do need to get to a position of fiscal responsibility","type":"L","timestamp":"2023-11-09 14:09:23"},{"nodeID":"1350760","text":"Analysing","type":"YA","timestamp":"2023-11-09 14:09:23"},{"nodeID":"1350761","text":"Chris: Lucy Frazer: we do need to get to a position of fiscal responsibility","type":"L","timestamp":"2023-11-09 14:09:23"},{"nodeID":"1350762","text":"Asserting","type":"YA","timestamp":"2023-11-09 14:09:23"},{"nodeID":"1350763","text":"Default Transition","type":"TA","timestamp":"2023-11-09 14:09:23"},{"nodeID":"1350764","text":"Default Transition","type":"TA","timestamp":"2023-11-09 14:09:23"},{"nodeID":"1350765","text":"every child should have every opportunity across the country","type":"I","timestamp":"2023-11-09 14:09:23"},{"nodeID":"1350766","text":"Lucy Frazer: every child should have every opportunity across the country","type":"L","timestamp":"2023-11-09 14:09:23"},{"nodeID":"1350767","text":"Analysing","type":"YA","timestamp":"2023-11-09 14:09:23"},{"nodeID":"1350768","text":"Chris: Lucy Frazer: every child should have every opportunity across the country","type":"L","timestamp":"2023-11-09 14:09:23"},{"nodeID":"1350769","text":"Asserting","type":"YA","timestamp":"2023-11-09 14:09:23"},{"nodeID":"1350770","text":"the Conservative Party should ensure that children have fulfilling lives","type":"I","timestamp":"2023-11-09 14:09:24"},{"nodeID":"1350771","text":"Lucy Frazer: we should ensure that they have fulfilling lives","type":"L","timestamp":"2023-11-09 14:09:24"},{"nodeID":"1350772","text":"Analysing","type":"YA","timestamp":"2023-11-09 14:09:24"},{"nodeID":"1350773","text":"Chris: Lucy Frazer: we should ensure that they have fulfilling lives","type":"L","timestamp":"2023-11-09 14:09:24"},{"nodeID":"1350774","text":"Asserting","type":"YA","timestamp":"2023-11-09 14:09:24"},{"nodeID":"1350775","text":"Default Transition","type":"TA","timestamp":"2023-11-09 14:09:24"},{"nodeID":"1350776","text":"education and healthcare are absolutely at the top of the Conservative Party agenda","type":"I","timestamp":"2023-11-09 14:09:25"},{"nodeID":"1350777","text":"Lucy Frazer: Education and healthcare are absolutely at the top of our agenda","type":"L","timestamp":"2023-11-09 14:09:25"},{"nodeID":"1350778","text":"Analysing","type":"YA","timestamp":"2023-11-09 14:09:25"},{"nodeID":"1350779","text":"Chris: Lucy Frazer: Education and healthcare are absolutely at the top of our agenda","type":"L","timestamp":"2023-11-09 14:09:25"},{"nodeID":"1350780","text":"Asserting","type":"YA","timestamp":"2023-11-09 14:09:25"},{"nodeID":"1350781","text":"Default Transition","type":"TA","timestamp":"2023-11-09 14:09:25"},{"nodeID":"1350782","text":"Default Inference","type":"RA","timestamp":"2023-11-09 14:09:25"},{"nodeID":"1350783","text":"Default Inference","type":"RA","timestamp":"2023-11-09 14:09:25"},{"nodeID":"1350784","text":"Default Rephrase","type":"MA","timestamp":"2023-11-09 14:09:25"},{"nodeID":"1350785","text":"Default Rephrase","type":"MA","timestamp":"2023-11-09 14:09:25"},{"nodeID":"1350786","text":"Arguing","type":"YA","timestamp":"2023-11-09 14:09:25"},{"nodeID":"1350787","text":"Arguing","type":"YA","timestamp":"2023-11-09 14:09:25"},{"nodeID":"1350788","text":"Default Transition","type":"TA","timestamp":"2023-11-09 14:09:25"},{"nodeID":"1350789","text":"Restating","type":"YA","timestamp":"2023-11-09 14:09:25"},{"nodeID":"1350790","text":"Restating","type":"YA","timestamp":"2023-11-09 14:09:25"},{"nodeID":"1350791","text":"Default Transition","type":"TA","timestamp":"2023-11-09 14:09:25"},{"nodeID":"1350792","text":"Default Rephrase","type":"MA","timestamp":"2023-11-09 14:09:25"},{"nodeID":"1350793","text":"Restating","type":"YA","timestamp":"2023-11-09 14:09:25"},{"nodeID":"1350794","text":"Default Inference","type":"RA","timestamp":"2023-11-09 14:09:25"},{"nodeID":"1350795","text":"Default Transition","type":"TA","timestamp":"2023-11-09 14:09:25"},{"nodeID":"1350796","text":"Arguing","type":"YA","timestamp":"2023-11-09 14:09:25"},{"nodeID":"1350797","text":"Default Inference","type":"RA","timestamp":"2023-11-09 14:09:25"},{"nodeID":"1350798","text":"Arguing","type":"YA","timestamp":"2023-11-09 14:09:25"}],"edges":[{"edgeID":"1769124","fromID":"1350662","toID":"1350661","formEdgeID":null},{"edgeID":"1769125","fromID":"1350663","toID":"1350662","formEdgeID":null},{"edgeID":"1769126","fromID":"1350661","toID":"1350664","formEdgeID":null},{"edgeID":"1769127","fromID":"1350664","toID":"1350660","formEdgeID":null},{"edgeID":"1769128","fromID":"1350667","toID":"1350666","formEdgeID":null},{"edgeID":"1769129","fromID":"1350668","toID":"1350667","formEdgeID":null},{"edgeID":"1769130","fromID":"1350666","toID":"1350669","formEdgeID":null},{"edgeID":"1769131","fromID":"1350669","toID":"1350665","formEdgeID":null},{"edgeID":"1769132","fromID":"1350672","toID":"1350671","formEdgeID":null},{"edgeID":"1769133","fromID":"1350673","toID":"1350672","formEdgeID":null},{"edgeID":"1769134","fromID":"1350671","toID":"1350674","formEdgeID":null},{"edgeID":"1769135","fromID":"1350674","toID":"1350670","formEdgeID":null},{"edgeID":"1769136","fromID":"1350661","toID":"1350675","formEdgeID":null},{"edgeID":"1769137","fromID":"1350675","toID":"1350666","formEdgeID":null},{"edgeID":"1769138","fromID":"1350666","toID":"1350676","formEdgeID":null},{"edgeID":"1769139","fromID":"1350676","toID":"1350671","formEdgeID":null},{"edgeID":"1769140","fromID":"1350670","toID":"1350677","formEdgeID":null},{"edgeID":"1769141","fromID":"1350677","toID":"1350665","formEdgeID":null},{"edgeID":"1769142","fromID":"1350676","toID":"1350678","formEdgeID":null},{"edgeID":"1769143","fromID":"1350678","toID":"1350677","formEdgeID":null},{"edgeID":"1769144","fromID":"1350681","toID":"1350680","formEdgeID":null},{"edgeID":"1769145","fromID":"1350682","toID":"1350681","formEdgeID":null},{"edgeID":"1769146","fromID":"1350680","toID":"1350683","formEdgeID":null},{"edgeID":"1769147","fromID":"1350683","toID":"1350679","formEdgeID":null},{"edgeID":"1769148","fromID":"1350671","toID":"1350684","formEdgeID":null},{"edgeID":"1769149","fromID":"1350684","toID":"1350680","formEdgeID":null},{"edgeID":"1769150","fromID":"1350687","toID":"1350686","formEdgeID":null},{"edgeID":"1769151","fromID":"1350688","toID":"1350687","formEdgeID":null},{"edgeID":"1769152","fromID":"1350686","toID":"1350689","formEdgeID":null},{"edgeID":"1769153","fromID":"1350689","toID":"1350685","formEdgeID":null},{"edgeID":"1769154","fromID":"1350680","toID":"1350690","formEdgeID":null},{"edgeID":"1769155","fromID":"1350690","toID":"1350686","formEdgeID":null},{"edgeID":"1769156","fromID":"1350679","toID":"1350691","formEdgeID":null},{"edgeID":"1769157","fromID":"1350691","toID":"1350665","formEdgeID":null},{"edgeID":"1769158","fromID":"1350685","toID":"1350692","formEdgeID":null},{"edgeID":"1769159","fromID":"1350692","toID":"1350679","formEdgeID":null},{"edgeID":"1769160","fromID":"1350690","toID":"1350693","formEdgeID":null},{"edgeID":"1769161","fromID":"1350693","toID":"1350692","formEdgeID":null},{"edgeID":"1769162","fromID":"1350666","toID":"1350694","formEdgeID":null},{"edgeID":"1769163","fromID":"1350694","toID":"1350680","formEdgeID":null},{"edgeID":"1769164","fromID":"1350694","toID":"1350695","formEdgeID":null},{"edgeID":"1769165","fromID":"1350695","toID":"1350691","formEdgeID":null},{"edgeID":"1769166","fromID":"1350698","toID":"1350697","formEdgeID":null},{"edgeID":"1769167","fromID":"1350699","toID":"1350698","formEdgeID":null},{"edgeID":"1769168","fromID":"1350697","toID":"1350700","formEdgeID":null},{"edgeID":"1769169","fromID":"1350700","toID":"1350696","formEdgeID":null},{"edgeID":"1769170","fromID":"1350686","toID":"1350701","formEdgeID":null},{"edgeID":"1769171","fromID":"1350701","toID":"1350697","formEdgeID":null},{"edgeID":"1769172","fromID":"1350704","toID":"1350703","formEdgeID":null},{"edgeID":"1769173","fromID":"1350705","toID":"1350704","formEdgeID":null},{"edgeID":"1769174","fromID":"1350703","toID":"1350706","formEdgeID":null},{"edgeID":"1769175","fromID":"1350706","toID":"1350702","formEdgeID":null},{"edgeID":"1769176","fromID":"1350697","toID":"1350707","formEdgeID":null},{"edgeID":"1769177","fromID":"1350707","toID":"1350703","formEdgeID":null},{"edgeID":"1769178","fromID":"1350702","toID":"1350708","formEdgeID":null},{"edgeID":"1769179","fromID":"1350708","toID":"1350696","formEdgeID":null},{"edgeID":"1769180","fromID":"1350707","toID":"1350709","formEdgeID":null},{"edgeID":"1769181","fromID":"1350709","toID":"1350708","formEdgeID":null},{"edgeID":"1769182","fromID":"1350712","toID":"1350711","formEdgeID":null},{"edgeID":"1769183","fromID":"1350713","toID":"1350712","formEdgeID":null},{"edgeID":"1769184","fromID":"1350711","toID":"1350714","formEdgeID":null},{"edgeID":"1769185","fromID":"1350714","toID":"1350710","formEdgeID":null},{"edgeID":"1769186","fromID":"1350703","toID":"1350715","formEdgeID":null},{"edgeID":"1769187","fromID":"1350715","toID":"1350711","formEdgeID":null},{"edgeID":"1769188","fromID":"1350718","toID":"1350717","formEdgeID":null},{"edgeID":"1769189","fromID":"1350719","toID":"1350718","formEdgeID":null},{"edgeID":"1769190","fromID":"1350717","toID":"1350720","formEdgeID":null},{"edgeID":"1769191","fromID":"1350720","toID":"1350716","formEdgeID":null},{"edgeID":"1769192","fromID":"1350711","toID":"1350721","formEdgeID":null},{"edgeID":"1769193","fromID":"1350721","toID":"1350717","formEdgeID":null},{"edgeID":"1769194","fromID":"1350724","toID":"1350723","formEdgeID":null},{"edgeID":"1769195","fromID":"1350725","toID":"1350724","formEdgeID":null},{"edgeID":"1769196","fromID":"1350723","toID":"1350726","formEdgeID":null},{"edgeID":"1769197","fromID":"1350726","toID":"1350722","formEdgeID":null},{"edgeID":"1769198","fromID":"1350717","toID":"1350727","formEdgeID":null},{"edgeID":"1769199","fromID":"1350727","toID":"1350723","formEdgeID":null},{"edgeID":"1769200","fromID":"1350710","toID":"1350728","formEdgeID":null},{"edgeID":"1769201","fromID":"1350728","toID":"1350716","formEdgeID":null},{"edgeID":"1769202","fromID":"1350721","toID":"1350729","formEdgeID":null},{"edgeID":"1769203","fromID":"1350729","toID":"1350728","formEdgeID":null},{"edgeID":"1769204","fromID":"1350722","toID":"1350730","formEdgeID":null},{"edgeID":"1769205","fromID":"1350730","toID":"1350710","formEdgeID":null},{"edgeID":"1769206","fromID":"1350711","toID":"1350731","formEdgeID":null},{"edgeID":"1769207","fromID":"1350731","toID":"1350723","formEdgeID":null},{"edgeID":"1769208","fromID":"1350716","toID":"1350732","formEdgeID":null},{"edgeID":"1769209","fromID":"1350732","toID":"1350722","formEdgeID":null},{"edgeID":"1769210","fromID":"1350727","toID":"1350733","formEdgeID":null},{"edgeID":"1769211","fromID":"1350733","toID":"1350732","formEdgeID":null},{"edgeID":"1769212","fromID":"1350731","toID":"1350734","formEdgeID":null},{"edgeID":"1769213","fromID":"1350734","toID":"1350730","formEdgeID":null},{"edgeID":"1769214","fromID":"1350737","toID":"1350736","formEdgeID":null},{"edgeID":"1769215","fromID":"1350738","toID":"1350737","formEdgeID":null},{"edgeID":"1769216","fromID":"1350736","toID":"1350739","formEdgeID":null},{"edgeID":"1769217","fromID":"1350739","toID":"1350735","formEdgeID":null},{"edgeID":"1769218","fromID":"1350723","toID":"1350740","formEdgeID":null},{"edgeID":"1769219","fromID":"1350740","toID":"1350736","formEdgeID":null},{"edgeID":"1769220","fromID":"1350743","toID":"1350742","formEdgeID":null},{"edgeID":"1769221","fromID":"1350744","toID":"1350743","formEdgeID":null},{"edgeID":"1769222","fromID":"1350742","toID":"1350745","formEdgeID":null},{"edgeID":"1769223","fromID":"1350745","toID":"1350741","formEdgeID":null},{"edgeID":"1769224","fromID":"1350736","toID":"1350746","formEdgeID":null},{"edgeID":"1769225","fromID":"1350746","toID":"1350742","formEdgeID":null},{"edgeID":"1769226","fromID":"1350749","toID":"1350748","formEdgeID":null},{"edgeID":"1769227","fromID":"1350750","toID":"1350749","formEdgeID":null},{"edgeID":"1769228","fromID":"1350748","toID":"1350751","formEdgeID":null},{"edgeID":"1769229","fromID":"1350751","toID":"1350747","formEdgeID":null},{"edgeID":"1769230","fromID":"1350742","toID":"1350752","formEdgeID":null},{"edgeID":"1769231","fromID":"1350752","toID":"1350748","formEdgeID":null},{"edgeID":"1769232","fromID":"1350755","toID":"1350754","formEdgeID":null},{"edgeID":"1769233","fromID":"1350756","toID":"1350755","formEdgeID":null},{"edgeID":"1769234","fromID":"1350754","toID":"1350757","formEdgeID":null},{"edgeID":"1769235","fromID":"1350757","toID":"1350753","formEdgeID":null},{"edgeID":"1769236","fromID":"1350760","toID":"1350759","formEdgeID":null},{"edgeID":"1769237","fromID":"1350761","toID":"1350760","formEdgeID":null},{"edgeID":"1769238","fromID":"1350759","toID":"1350762","formEdgeID":null},{"edgeID":"1769239","fromID":"1350762","toID":"1350758","formEdgeID":null},{"edgeID":"1769240","fromID":"1350748","toID":"1350763","formEdgeID":null},{"edgeID":"1769241","fromID":"1350763","toID":"1350754","formEdgeID":null},{"edgeID":"1769242","fromID":"1350754","toID":"1350764","formEdgeID":null},{"edgeID":"1769243","fromID":"1350764","toID":"1350759","formEdgeID":null},{"edgeID":"1769244","fromID":"1350767","toID":"1350766","formEdgeID":null},{"edgeID":"1769245","fromID":"1350768","toID":"1350767","formEdgeID":null},{"edgeID":"1769246","fromID":"1350766","toID":"1350769","formEdgeID":null},{"edgeID":"1769247","fromID":"1350769","toID":"1350765","formEdgeID":null},{"edgeID":"1769248","fromID":"1350772","toID":"1350771","formEdgeID":null},{"edgeID":"1769249","fromID":"1350773","toID":"1350772","formEdgeID":null},{"edgeID":"1769250","fromID":"1350771","toID":"1350774","formEdgeID":null},{"edgeID":"1769251","fromID":"1350774","toID":"1350770","formEdgeID":null},{"edgeID":"1769252","fromID":"1350766","toID":"1350775","formEdgeID":null},{"edgeID":"1769253","fromID":"1350775","toID":"1350771","formEdgeID":null},{"edgeID":"1769254","fromID":"1350778","toID":"1350777","formEdgeID":null},{"edgeID":"1769255","fromID":"1350779","toID":"1350778","formEdgeID":null},{"edgeID":"1769256","fromID":"1350777","toID":"1350780","formEdgeID":null},{"edgeID":"1769257","fromID":"1350780","toID":"1350776","formEdgeID":null},{"edgeID":"1769258","fromID":"1350771","toID":"1350781","formEdgeID":null},{"edgeID":"1769259","fromID":"1350781","toID":"1350777","formEdgeID":null},{"edgeID":"1769260","fromID":"1350747","toID":"1350782","formEdgeID":null},{"edgeID":"1769261","fromID":"1350782","toID":"1350741","formEdgeID":null},{"edgeID":"1769262","fromID":"1350747","toID":"1350783","formEdgeID":null},{"edgeID":"1769263","fromID":"1350783","toID":"1350753","formEdgeID":null},{"edgeID":"1769264","fromID":"1350753","toID":"1350784","formEdgeID":null},{"edgeID":"1769265","fromID":"1350784","toID":"1350741","formEdgeID":null},{"edgeID":"1769266","fromID":"1350758","toID":"1350785","formEdgeID":null},{"edgeID":"1769267","fromID":"1350785","toID":"1350753","formEdgeID":null},{"edgeID":"1769268","fromID":"1350752","toID":"1350786","formEdgeID":null},{"edgeID":"1769269","fromID":"1350786","toID":"1350782","formEdgeID":null},{"edgeID":"1769270","fromID":"1350763","toID":"1350787","formEdgeID":null},{"edgeID":"1769271","fromID":"1350787","toID":"1350783","formEdgeID":null},{"edgeID":"1769272","fromID":"1350742","toID":"1350788","formEdgeID":null},{"edgeID":"1769273","fromID":"1350788","toID":"1350754","formEdgeID":null},{"edgeID":"1769274","fromID":"1350788","toID":"1350789","formEdgeID":null},{"edgeID":"1769275","fromID":"1350789","toID":"1350784","formEdgeID":null},{"edgeID":"1769276","fromID":"1350764","toID":"1350790","formEdgeID":null},{"edgeID":"1769277","fromID":"1350790","toID":"1350785","formEdgeID":null},{"edgeID":"1769278","fromID":"1350759","toID":"1350791","formEdgeID":null},{"edgeID":"1769279","fromID":"1350791","toID":"1350766","formEdgeID":null},{"edgeID":"1769280","fromID":"1350770","toID":"1350792","formEdgeID":null},{"edgeID":"1769281","fromID":"1350792","toID":"1350765","formEdgeID":null},{"edgeID":"1769282","fromID":"1350775","toID":"1350793","formEdgeID":null},{"edgeID":"1769283","fromID":"1350793","toID":"1350792","formEdgeID":null},{"edgeID":"1769284","fromID":"1350776","toID":"1350794","formEdgeID":null},{"edgeID":"1769285","fromID":"1350794","toID":"1350735","formEdgeID":null},{"edgeID":"1769286","fromID":"1350736","toID":"1350795","formEdgeID":null},{"edgeID":"1769287","fromID":"1350795","toID":"1350777","formEdgeID":null},{"edgeID":"1769288","fromID":"1350795","toID":"1350796","formEdgeID":null},{"edgeID":"1769289","fromID":"1350796","toID":"1350794","formEdgeID":null},{"edgeID":"1769290","fromID":"1350776","toID":"1350797","formEdgeID":null},{"edgeID":"1769291","fromID":"1350797","toID":"1350770","formEdgeID":null},{"edgeID":"1769292","fromID":"1350781","toID":"1350798","formEdgeID":null},{"edgeID":"1769293","fromID":"1350798","toID":"1350797","formEdgeID":null}],"locutions":[]}