{"nodes":[{"nodeID":"1343181","text":"Julia Hartley-Brewer: Yeah","type":"L","timestamp":"2023-11-09 13:57:38"},{"nodeID":"1343182","text":"Julia Hartley-Brewer is or is not talking about things like cancer outcomes","type":"I","timestamp":"2023-11-09 13:57:39"},{"nodeID":"1343183","text":"Fiona Bruce: Are you talking about things like cancer outcomes","type":"L","timestamp":"2023-11-09 13:57:39"},{"nodeID":"1343184","text":"Analysing","type":"YA","timestamp":"2023-11-09 13:57:39"},{"nodeID":"1343185","text":"Louise: Fiona Bruce: Are you talking about things like cancer outcomes","type":"L","timestamp":"2023-11-09 13:57:39"},{"nodeID":"1343186","text":"Pure Questioning","type":"YA","timestamp":"2023-11-09 13:57:39"},{"nodeID":"1343187","text":"Analysing","type":"YA","timestamp":"2023-11-09 13:57:39"},{"nodeID":"1343188","text":"Louise: Julia Hartley-Brewer: Yeah","type":"L","timestamp":"2023-11-09 13:57:39"},{"nodeID":"1343189","text":"Default Transition","type":"TA","timestamp":"2023-11-09 13:57:39"},{"nodeID":"1343190","text":"Agreeing","type":"YA","timestamp":"2023-11-09 13:57:39"},{"nodeID":"1343191","text":"Julia Hartley-Brewer is talking about everything across the board","type":"I","timestamp":"2023-11-09 13:57:40"},{"nodeID":"1343192","text":"Julia Hartley-Brewer: everything across the board","type":"L","timestamp":"2023-11-09 13:57:40"},{"nodeID":"1343193","text":"Analysing","type":"YA","timestamp":"2023-11-09 13:57:40"},{"nodeID":"1343194","text":"Louise: Julia Hartley-Brewer: everything across the board","type":"L","timestamp":"2023-11-09 13:57:40"},{"nodeID":"1343195","text":"Asserting","type":"YA","timestamp":"2023-11-09 13:57:40"},{"nodeID":"1343196","text":"Default Rephrase","type":"MA","timestamp":"2023-11-09 13:57:40"},{"nodeID":"1343197","text":"Default Transition","type":"TA","timestamp":"2023-11-09 13:57:40"},{"nodeID":"1343198","text":"Default Illocuting","type":"YA","timestamp":"2023-11-09 13:57:40"},{"nodeID":"1343199","text":"heart disease","type":"I","timestamp":"2023-11-09 13:57:40"},{"nodeID":"1343200","text":"Julia Hartley-Brewer: heart disease","type":"L","timestamp":"2023-11-09 13:57:40"},{"nodeID":"1343201","text":"Analysing","type":"YA","timestamp":"2023-11-09 13:57:40"},{"nodeID":"1343202","text":"Louise: Julia Hartley-Brewer: heart disease","type":"L","timestamp":"2023-11-09 13:57:40"},{"nodeID":"1343203","text":"Asserting","type":"YA","timestamp":"2023-11-09 13:57:40"},{"nodeID":"1343204","text":"Default Transition","type":"TA","timestamp":"2023-11-09 13:57:40"},{"nodeID":"1343205","text":"diabetes","type":"I","timestamp":"2023-11-09 13:57:41"},{"nodeID":"1343206","text":"Julia Hartley-Brewer: diabetes","type":"L","timestamp":"2023-11-09 13:57:41"},{"nodeID":"1343207","text":"Analysing","type":"YA","timestamp":"2023-11-09 13:57:41"},{"nodeID":"1343208","text":"Louise: Julia Hartley-Brewer: diabetes","type":"L","timestamp":"2023-11-09 13:57:41"},{"nodeID":"1343209","text":"Asserting","type":"YA","timestamp":"2023-11-09 13:57:41"},{"nodeID":"1343210","text":"cancer","type":"I","timestamp":"2023-11-09 13:57:42"},{"nodeID":"1343211","text":"Julia Hartley-Brewer: cancer","type":"L","timestamp":"2023-11-09 13:57:42"},{"nodeID":"1343212","text":"Analysing","type":"YA","timestamp":"2023-11-09 13:57:42"},{"nodeID":"1343213","text":"Louise: Julia Hartley-Brewer: cancer","type":"L","timestamp":"2023-11-09 13:57:42"},{"nodeID":"1343214","text":"Asserting","type":"YA","timestamp":"2023-11-09 13:57:42"},{"nodeID":"1343215","text":"pretty much everything","type":"I","timestamp":"2023-11-09 13:57:42"},{"nodeID":"1343216","text":"Julia Hartley-Brewer: pretty much everything","type":"L","timestamp":"2023-11-09 13:57:42"},{"nodeID":"1343217","text":"Analysing","type":"YA","timestamp":"2023-11-09 13:57:42"},{"nodeID":"1343218","text":"Louise: Julia Hartley-Brewer: pretty much everything","type":"L","timestamp":"2023-11-09 13:57:42"},{"nodeID":"1343219","text":"Asserting","type":"YA","timestamp":"2023-11-09 13:57:42"},{"nodeID":"1343220","text":"we actually have much higher death rates","type":"I","timestamp":"2023-11-09 13:57:43"},{"nodeID":"1343221","text":"Julia Hartley-Brewer: we actually have much higher death rates","type":"L","timestamp":"2023-11-09 13:57:43"},{"nodeID":"1343222","text":"Analysing","type":"YA","timestamp":"2023-11-09 13:57:43"},{"nodeID":"1343223","text":"Louise: Julia Hartley-Brewer: we actually have much higher death rates","type":"L","timestamp":"2023-11-09 13:57:43"},{"nodeID":"1343224","text":"Asserting","type":"YA","timestamp":"2023-11-09 13:57:43"},{"nodeID":"1343225","text":"Default Inference","type":"RA","timestamp":"2023-11-09 13:57:43"},{"nodeID":"1343226","text":"Default Transition","type":"TA","timestamp":"2023-11-09 13:57:43"},{"nodeID":"1343227","text":"Default Transition","type":"TA","timestamp":"2023-11-09 13:57:43"},{"nodeID":"1343228","text":"Default Transition","type":"TA","timestamp":"2023-11-09 13:57:43"},{"nodeID":"1343229","text":"Default Transition","type":"TA","timestamp":"2023-11-09 13:57:43"},{"nodeID":"1343230","text":"Arguing","type":"YA","timestamp":"2023-11-09 13:57:43"},{"nodeID":"1343231","text":"Default Rephrase","type":"MA","timestamp":"2023-11-09 13:57:43"},{"nodeID":"1343232","text":"Default Transition","type":"TA","timestamp":"2023-11-09 13:57:43"},{"nodeID":"1343233","text":"Restating","type":"YA","timestamp":"2023-11-09 13:57:43"},{"nodeID":"1343234","text":"your chance of survival of the biggest diseases in the world are lower in this country than most comparable European countries","type":"I","timestamp":"2023-11-09 13:57:44"},{"nodeID":"1343235","text":"Julia Hartley-Brewer: Your chance of survival of the biggest diseases in the world are lower in this country than most comparable European countries","type":"L","timestamp":"2023-11-09 13:57:44"},{"nodeID":"1343236","text":"Analysing","type":"YA","timestamp":"2023-11-09 13:57:44"},{"nodeID":"1343237","text":"Louise: Julia Hartley-Brewer: Your chance of survival of the biggest diseases in the world are lower in this country than most comparable European countries","type":"L","timestamp":"2023-11-09 13:57:44"},{"nodeID":"1343238","text":"Asserting","type":"YA","timestamp":"2023-11-09 13:57:44"},{"nodeID":"1343239","text":"Default Transition","type":"TA","timestamp":"2023-11-09 13:57:44"},{"nodeID":"1343240","text":"Default Rephrase","type":"MA","timestamp":"2023-11-09 13:57:44"},{"nodeID":"1343241","text":"Restating","type":"YA","timestamp":"2023-11-09 13:57:44"},{"nodeID":"1343242","text":"higher death rates in the UK is a reality","type":"I","timestamp":"2023-11-09 13:57:44"},{"nodeID":"1343243","text":"Julia Hartley-Brewer: That is a reality","type":"L","timestamp":"2023-11-09 13:57:44"},{"nodeID":"1343244","text":"Analysing","type":"YA","timestamp":"2023-11-09 13:57:44"},{"nodeID":"1343245","text":"Louise: Julia Hartley-Brewer: That is a reality","type":"L","timestamp":"2023-11-09 13:57:44"},{"nodeID":"1343246","text":"Asserting","type":"YA","timestamp":"2023-11-09 13:57:44"},{"nodeID":"1343247","text":"Default Rephrase","type":"MA","timestamp":"2023-11-09 13:57:44"},{"nodeID":"1343248","text":"Default Transition","type":"TA","timestamp":"2023-11-09 13:57:44"},{"nodeID":"1343249","text":"Restating","type":"YA","timestamp":"2023-11-09 13:57:44"},{"nodeID":"1343250","text":"there are different systems","type":"I","timestamp":"2023-11-09 13:57:45"},{"nodeID":"1343251","text":"Julia Hartley-Brewer: there are different systems","type":"L","timestamp":"2023-11-09 13:57:45"},{"nodeID":"1343252","text":"Analysing","type":"YA","timestamp":"2023-11-09 13:57:45"},{"nodeID":"1343253","text":"Louise: Julia Hartley-Brewer: there are different systems","type":"L","timestamp":"2023-11-09 13:57:45"},{"nodeID":"1343254","text":"Asserting","type":"YA","timestamp":"2023-11-09 13:57:45"},{"nodeID":"1343255","text":"Default Transition","type":"TA","timestamp":"2023-11-09 13:57:45"},{"nodeID":"1343256","text":"there are different amounts of money we spend","type":"I","timestamp":"2023-11-09 13:57:46"},{"nodeID":"1343257","text":"Julia Hartley-Brewer: there are different amounts of money we spend","type":"L","timestamp":"2023-11-09 13:57:46"},{"nodeID":"1343258","text":"Analysing","type":"YA","timestamp":"2023-11-09 13:57:46"},{"nodeID":"1343259","text":"Louise: Julia Hartley-Brewer: there are different amounts of money we spend","type":"L","timestamp":"2023-11-09 13:57:46"},{"nodeID":"1343260","text":"Asserting","type":"YA","timestamp":"2023-11-09 13:57:46"},{"nodeID":"1343261","text":"Default Inference","type":"RA","timestamp":"2023-11-09 13:57:46"},{"nodeID":"1343262","text":"Default Transition","type":"TA","timestamp":"2023-11-09 13:57:46"},{"nodeID":"1343263","text":"Arguing","type":"YA","timestamp":"2023-11-09 13:57:46"},{"nodeID":"1343264","text":"the NHS is actually, weirdly, quite an efficient health service per pound spent","type":"I","timestamp":"2023-11-09 13:57:46"},{"nodeID":"1343265","text":"Julia Hartley-Brewer: It\u2019s actually, weirdly, quite an efficient health service per pound spent","type":"L","timestamp":"2023-11-09 13:57:46"},{"nodeID":"1343266","text":"Analysing","type":"YA","timestamp":"2023-11-09 13:57:46"},{"nodeID":"1343267","text":"Louise: Julia Hartley-Brewer: It\u2019s actually, weirdly, quite an efficient health service per pound spent","type":"L","timestamp":"2023-11-09 13:57:46"},{"nodeID":"1343268","text":"Asserting","type":"YA","timestamp":"2023-11-09 13:57:46"},{"nodeID":"1343269","text":"the NHS is not getting the outcomes we need","type":"I","timestamp":"2023-11-09 13:57:47"},{"nodeID":"1343270","text":"Julia Hartley-Brewer: we\u2019re not getting the outcomes we need","type":"L","timestamp":"2023-11-09 13:57:47"},{"nodeID":"1343271","text":"Analysing","type":"YA","timestamp":"2023-11-09 13:57:47"},{"nodeID":"1343272","text":"Louise: Julia Hartley-Brewer: we\u2019re not getting the outcomes we need","type":"L","timestamp":"2023-11-09 13:57:47"},{"nodeID":"1343273","text":"Asserting","type":"YA","timestamp":"2023-11-09 13:57:47"},{"nodeID":"1343274","text":"Default Inference","type":"RA","timestamp":"2023-11-09 13:57:47"},{"nodeID":"1343275","text":"Default Transition","type":"TA","timestamp":"2023-11-09 13:57:47"},{"nodeID":"1343276","text":"Arguing","type":"YA","timestamp":"2023-11-09 13:57:47"},{"nodeID":"1343277","text":"the sort of waiting lists that we have in this country for getting to see a consultant if you\u2019ve got suspected cancer or heart disease or diabetes are unheard of in large parts of the western world","type":"I","timestamp":"2023-11-09 13:57:47"},{"nodeID":"1343278","text":"Julia Hartley-Brewer: The sort of waiting lists that we have in this country for getting to see a consultant if you\u2019ve got suspected cancer or heart disease or diabetes, they are unheard of in large parts of the western world","type":"L","timestamp":"2023-11-09 13:57:47"},{"nodeID":"1343279","text":"Analysing","type":"YA","timestamp":"2023-11-09 13:57:47"},{"nodeID":"1343280","text":"Louise: Julia Hartley-Brewer: The sort of waiting lists that we have in this country for getting to see a consultant if you\u2019ve got suspected cancer or heart disease or diabetes, they are unheard of in large parts of the western world","type":"L","timestamp":"2023-11-09 13:57:47"},{"nodeID":"1343281","text":"Asserting","type":"YA","timestamp":"2023-11-09 13:57:47"},{"nodeID":"1343282","text":"Default Transition","type":"TA","timestamp":"2023-11-09 13:57:47"},{"nodeID":"1343283","text":"waiting lists for doctors appointments means it\u2019s a resources issue","type":"I","timestamp":"2023-11-09 13:57:48"},{"nodeID":"1343284","text":"Armando Iannucci:  that means it\u2019s a resources issue","type":"L","timestamp":"2023-11-09 13:57:48"},{"nodeID":"1343285","text":"Analysing","type":"YA","timestamp":"2023-11-09 13:57:48"},{"nodeID":"1343286","text":"Louise: Armando Iannucci:  that means it\u2019s a resources issue","type":"L","timestamp":"2023-11-09 13:57:48"},{"nodeID":"1343287","text":"Asserting","type":"YA","timestamp":"2023-11-09 13:57:48"},{"nodeID":"1343288","text":"Default Transition","type":"TA","timestamp":"2023-11-09 13:57:48"},{"nodeID":"1343289","text":"NHS issues are to do with resources and funding","type":"I","timestamp":"2023-11-09 13:57:49"},{"nodeID":"1343290","text":"Armando Iannucci: It\u2019s to do with resources and funding","type":"L","timestamp":"2023-11-09 13:57:49"},{"nodeID":"1343291","text":"Analysing","type":"YA","timestamp":"2023-11-09 13:57:49"},{"nodeID":"1343292","text":"Louise: Armando Iannucci: It\u2019s to do with resources and funding","type":"L","timestamp":"2023-11-09 13:57:49"},{"nodeID":"1343293","text":"Asserting","type":"YA","timestamp":"2023-11-09 13:57:49"},{"nodeID":"1343294","text":"Default Rephrase","type":"MA","timestamp":"2023-11-09 13:57:49"},{"nodeID":"1343295","text":"Restating","type":"YA","timestamp":"2023-11-09 13:57:49"},{"nodeID":"1343296","text":"Default Inference","type":"RA","timestamp":"2023-11-09 13:57:49"},{"nodeID":"1343297","text":"Default Transition","type":"TA","timestamp":"2023-11-09 13:57:49"},{"nodeID":"1343298","text":"Arguing","type":"YA","timestamp":"2023-11-09 13:57:49"},{"nodeID":"1343299","text":"there are countries that have similar outcomes","type":"I","timestamp":"2023-11-09 13:57:49"},{"nodeID":"1343300","text":"Julia Hartley-Brewer: there are countries that have similar outcomes","type":"L","timestamp":"2023-11-09 13:57:49"},{"nodeID":"1343301","text":"Analysing","type":"YA","timestamp":"2023-11-09 13:57:49"},{"nodeID":"1343302","text":"Louise: Julia Hartley-Brewer: there are countries that have similar outcomes","type":"L","timestamp":"2023-11-09 13:57:49"},{"nodeID":"1343303","text":"Asserting","type":"YA","timestamp":"2023-11-09 13:57:49"},{"nodeID":"1343304","text":"Default Conflict","type":"CA","timestamp":"2023-11-09 13:57:49"},{"nodeID":"1343305","text":"resource issues creates the backlog that creates the queues","type":"I","timestamp":"2023-11-09 13:57:50"},{"nodeID":"1343306","text":"Armando Iannucci:  It creates the backlog that creates the queues","type":"L","timestamp":"2023-11-09 13:57:50"},{"nodeID":"1343307","text":"Analysing","type":"YA","timestamp":"2023-11-09 13:57:50"},{"nodeID":"1343308","text":"Louise: Armando Iannucci:  It creates the backlog that creates the queues","type":"L","timestamp":"2023-11-09 13:57:50"},{"nodeID":"1343309","text":"Asserting","type":"YA","timestamp":"2023-11-09 13:57:50"},{"nodeID":"1343310","text":"Default Transition","type":"TA","timestamp":"2023-11-09 13:57:50"},{"nodeID":"1343311","text":"Disagreeing","type":"YA","timestamp":"2023-11-09 13:57:50"},{"nodeID":"1343312","text":"Default Inference","type":"RA","timestamp":"2023-11-09 13:57:50"},{"nodeID":"1343313","text":"Default Transition","type":"TA","timestamp":"2023-11-09 13:57:50"},{"nodeID":"1343314","text":"Arguing","type":"YA","timestamp":"2023-11-09 13:57:50"},{"nodeID":"1343315","text":"some countries have had similar spending as a percentage of GDP, but actually have better outcomes","type":"I","timestamp":"2023-11-09 13:57:51"},{"nodeID":"1343316","text":"Julia Hartley-Brewer: have had similar spending as a percentage of GDP, but actually have better outcomes","type":"L","timestamp":"2023-11-09 13:57:51"},{"nodeID":"1343317","text":"Analysing","type":"YA","timestamp":"2023-11-09 13:57:51"},{"nodeID":"1343318","text":"Louise: Julia Hartley-Brewer: have had similar spending as a percentage of GDP, but actually have better outcomes","type":"L","timestamp":"2023-11-09 13:57:51"},{"nodeID":"1343319","text":"Asserting","type":"YA","timestamp":"2023-11-09 13:57:51"},{"nodeID":"1343320","text":"Default Conflict","type":"CA","timestamp":"2023-11-09 13:57:51"},{"nodeID":"1343321","text":"Default Transition","type":"TA","timestamp":"2023-11-09 13:57:51"},{"nodeID":"1343322","text":"Disagreeing","type":"YA","timestamp":"2023-11-09 13:57:51"},{"nodeID":"1343323","text":"Armando Iannucci:  Yes","type":"L","timestamp":"2023-11-09 13:57:51"},{"nodeID":"1343324","text":"Analysing","type":"YA","timestamp":"2023-11-09 13:57:51"},{"nodeID":"1343325","text":"Louise: Armando Iannucci:  Yes","type":"L","timestamp":"2023-11-09 13:57:51"},{"nodeID":"1343326","text":"Default Transition","type":"TA","timestamp":"2023-11-09 13:57:51"},{"nodeID":"1343327","text":"Asserting","type":"YA","timestamp":"2023-11-09 13:57:51"},{"nodeID":"1343328","text":"we should be openminded about what would be the best way of running our country","type":"I","timestamp":"2023-11-09 13:57:51"},{"nodeID":"1343329","text":"Julia Hartley-Brewer: we should be openminded about what would be the best way of running our country","type":"L","timestamp":"2023-11-09 13:57:51"},{"nodeID":"1343330","text":"Analysing","type":"YA","timestamp":"2023-11-09 13:57:51"},{"nodeID":"1343331","text":"Louise: Julia Hartley-Brewer: we should be openminded about what would be the best way of running our country","type":"L","timestamp":"2023-11-09 13:57:51"},{"nodeID":"1343332","text":"Asserting","type":"YA","timestamp":"2023-11-09 13:57:51"},{"nodeID":"1343333","text":"Julia Hartley-Brewer is not maligning the quality of care that you get in the NHS","type":"I","timestamp":"2023-11-09 13:57:52"},{"nodeID":"1343334","text":"Armando Iannucci: you\u2019re not maligning the quality of care that you get in the NHS","type":"L","timestamp":"2023-11-09 13:57:52"},{"nodeID":"1343335","text":"Analysing","type":"YA","timestamp":"2023-11-09 13:57:52"},{"nodeID":"1343336","text":"Louise: Armando Iannucci: you\u2019re not maligning the quality of care that you get in the NHS","type":"L","timestamp":"2023-11-09 13:57:52"},{"nodeID":"1343337","text":"Asserting","type":"YA","timestamp":"2023-11-09 13:57:52"},{"nodeID":"1343338","text":"it\u2019s the lack of resources which harms the NHS","type":"I","timestamp":"2023-11-09 13:57:53"},{"nodeID":"1343339","text":"Armando Iannucci: it\u2019s the lack of resources","type":"L","timestamp":"2023-11-09 13:57:53"},{"nodeID":"1343340","text":"Analysing","type":"YA","timestamp":"2023-11-09 13:57:53"},{"nodeID":"1343341","text":"Louise: Armando Iannucci: it\u2019s the lack of resources","type":"L","timestamp":"2023-11-09 13:57:53"},{"nodeID":"1343342","text":"Asserting","type":"YA","timestamp":"2023-11-09 13:57:53"},{"nodeID":"1343343","text":"Default Inference","type":"RA","timestamp":"2023-11-09 13:57:53"},{"nodeID":"1343344","text":"Default Transition","type":"TA","timestamp":"2023-11-09 13:57:53"},{"nodeID":"1343345","text":"Arguing","type":"YA","timestamp":"2023-11-09 13:57:53"},{"nodeID":"1343346","text":"Default Transition","type":"TA","timestamp":"2023-11-09 13:57:53"},{"nodeID":"1343347","text":"Default Inference","type":"RA","timestamp":"2023-11-09 13:57:53"},{"nodeID":"1343348","text":"Default Transition","type":"TA","timestamp":"2023-11-09 13:57:53"},{"nodeID":"1343349","text":"Arguing","type":"YA","timestamp":"2023-11-09 13:57:53"},{"nodeID":"1343350","text":"Default Transition","type":"TA","timestamp":"2023-11-09 13:57:53"},{"nodeID":"1343351","text":"Default Conflict","type":"CA","timestamp":"2023-11-09 13:57:53"},{"nodeID":"1343352","text":"Default Transition","type":"TA","timestamp":"2023-11-09 13:57:53"},{"nodeID":"1343353","text":"Disagreeing","type":"YA","timestamp":"2023-11-09 13:57:53"},{"nodeID":"1343354","text":"the issues in the NHS are not care quality issues","type":"I","timestamp":"2023-11-09 13:57:53"},{"nodeID":"1343355","text":"Armando Iannucci: it\u2019s not a care quality issue","type":"L","timestamp":"2023-11-09 13:57:53"},{"nodeID":"1343356","text":"Analysing","type":"YA","timestamp":"2023-11-09 13:57:53"},{"nodeID":"1343357","text":"Louise: Armando Iannucci: it\u2019s not a care quality issue","type":"L","timestamp":"2023-11-09 13:57:53"},{"nodeID":"1343358","text":"Asserting","type":"YA","timestamp":"2023-11-09 13:57:53"},{"nodeID":"1343359","text":"Default Transition","type":"TA","timestamp":"2023-11-09 13:57:53"},{"nodeID":"1343360","text":"Default Conflict","type":"CA","timestamp":"2023-11-09 13:57:53"},{"nodeID":"1343361","text":"Disagreeing","type":"YA","timestamp":"2023-11-09 13:57:53"}],"edges":[{"edgeID":"1760233","fromID":"1343184","toID":"1343183","formEdgeID":null},{"edgeID":"1760234","fromID":"1343185","toID":"1343184","formEdgeID":null},{"edgeID":"1760235","fromID":"1343183","toID":"1343186","formEdgeID":null},{"edgeID":"1760236","fromID":"1343186","toID":"1343182","formEdgeID":null},{"edgeID":"1760237","fromID":"1343187","toID":"1343181","formEdgeID":null},{"edgeID":"1760238","fromID":"1343188","toID":"1343187","formEdgeID":null},{"edgeID":"1760239","fromID":"1343183","toID":"1343189","formEdgeID":null},{"edgeID":"1760240","fromID":"1343189","toID":"1343181","formEdgeID":null},{"edgeID":"1760241","fromID":"1343181","toID":"1343190","formEdgeID":null},{"edgeID":"1760242","fromID":"1343190","toID":"1343182","formEdgeID":null},{"edgeID":"1760243","fromID":"1343193","toID":"1343192","formEdgeID":null},{"edgeID":"1760244","fromID":"1343194","toID":"1343193","formEdgeID":null},{"edgeID":"1760245","fromID":"1343192","toID":"1343195","formEdgeID":null},{"edgeID":"1760246","fromID":"1343195","toID":"1343191","formEdgeID":null},{"edgeID":"1760247","fromID":"1343191","toID":"1343196","formEdgeID":null},{"edgeID":"1760248","fromID":"1343196","toID":"1343182","formEdgeID":null},{"edgeID":"1760249","fromID":"1343181","toID":"1343197","formEdgeID":null},{"edgeID":"1760250","fromID":"1343197","toID":"1343192","formEdgeID":null},{"edgeID":"1760251","fromID":"1343197","toID":"1343198","formEdgeID":null},{"edgeID":"1760252","fromID":"1343198","toID":"1343196","formEdgeID":null},{"edgeID":"1760253","fromID":"1343201","toID":"1343200","formEdgeID":null},{"edgeID":"1760254","fromID":"1343202","toID":"1343201","formEdgeID":null},{"edgeID":"1760255","fromID":"1343200","toID":"1343203","formEdgeID":null},{"edgeID":"1760256","fromID":"1343203","toID":"1343199","formEdgeID":null},{"edgeID":"1760257","fromID":"1343192","toID":"1343204","formEdgeID":null},{"edgeID":"1760258","fromID":"1343204","toID":"1343200","formEdgeID":null},{"edgeID":"1760259","fromID":"1343207","toID":"1343206","formEdgeID":null},{"edgeID":"1760260","fromID":"1343208","toID":"1343207","formEdgeID":null},{"edgeID":"1760261","fromID":"1343206","toID":"1343209","formEdgeID":null},{"edgeID":"1760262","fromID":"1343209","toID":"1343205","formEdgeID":null},{"edgeID":"1760263","fromID":"1343212","toID":"1343211","formEdgeID":null},{"edgeID":"1760264","fromID":"1343213","toID":"1343212","formEdgeID":null},{"edgeID":"1760265","fromID":"1343211","toID":"1343214","formEdgeID":null},{"edgeID":"1760266","fromID":"1343214","toID":"1343210","formEdgeID":null},{"edgeID":"1760267","fromID":"1343217","toID":"1343216","formEdgeID":null},{"edgeID":"1760268","fromID":"1343218","toID":"1343217","formEdgeID":null},{"edgeID":"1760269","fromID":"1343216","toID":"1343219","formEdgeID":null},{"edgeID":"1760270","fromID":"1343219","toID":"1343215","formEdgeID":null},{"edgeID":"1760271","fromID":"1343222","toID":"1343221","formEdgeID":null},{"edgeID":"1760272","fromID":"1343223","toID":"1343222","formEdgeID":null},{"edgeID":"1760273","fromID":"1343221","toID":"1343224","formEdgeID":null},{"edgeID":"1760274","fromID":"1343224","toID":"1343220","formEdgeID":null},{"edgeID":"1760275","fromID":"1343199","toID":"1343225","formEdgeID":null},{"edgeID":"1760276","fromID":"1343225","toID":"1343220","formEdgeID":null},{"edgeID":"1760277","fromID":"1343205","toID":"1343225","formEdgeID":null},{"edgeID":"1760278","fromID":"1343210","toID":"1343225","formEdgeID":null},{"edgeID":"1760279","fromID":"1343215","toID":"1343225","formEdgeID":null},{"edgeID":"1760280","fromID":"1343200","toID":"1343226","formEdgeID":null},{"edgeID":"1760281","fromID":"1343226","toID":"1343221","formEdgeID":null},{"edgeID":"1760282","fromID":"1343206","toID":"1343227","formEdgeID":null},{"edgeID":"1760283","fromID":"1343227","toID":"1343221","formEdgeID":null},{"edgeID":"1760284","fromID":"1343211","toID":"1343228","formEdgeID":null},{"edgeID":"1760285","fromID":"1343228","toID":"1343221","formEdgeID":null},{"edgeID":"1760286","fromID":"1343216","toID":"1343229","formEdgeID":null},{"edgeID":"1760287","fromID":"1343229","toID":"1343221","formEdgeID":null},{"edgeID":"1760288","fromID":"1343226","toID":"1343230","formEdgeID":null},{"edgeID":"1760289","fromID":"1343230","toID":"1343225","formEdgeID":null},{"edgeID":"1760290","fromID":"1343220","toID":"1343231","formEdgeID":null},{"edgeID":"1760291","fromID":"1343231","toID":"1343191","formEdgeID":null},{"edgeID":"1760292","fromID":"1343192","toID":"1343232","formEdgeID":null},{"edgeID":"1760293","fromID":"1343232","toID":"1343221","formEdgeID":null},{"edgeID":"1760294","fromID":"1343232","toID":"1343233","formEdgeID":null},{"edgeID":"1760295","fromID":"1343233","toID":"1343231","formEdgeID":null},{"edgeID":"1760296","fromID":"1343236","toID":"1343235","formEdgeID":null},{"edgeID":"1760297","fromID":"1343237","toID":"1343236","formEdgeID":null},{"edgeID":"1760298","fromID":"1343235","toID":"1343238","formEdgeID":null},{"edgeID":"1760299","fromID":"1343238","toID":"1343234","formEdgeID":null},{"edgeID":"1760300","fromID":"1343221","toID":"1343239","formEdgeID":null},{"edgeID":"1760301","fromID":"1343239","toID":"1343235","formEdgeID":null},{"edgeID":"1760302","fromID":"1343234","toID":"1343240","formEdgeID":null},{"edgeID":"1760303","fromID":"1343240","toID":"1343220","formEdgeID":null},{"edgeID":"1760304","fromID":"1343239","toID":"1343241","formEdgeID":null},{"edgeID":"1760305","fromID":"1343241","toID":"1343240","formEdgeID":null},{"edgeID":"1760306","fromID":"1343244","toID":"1343243","formEdgeID":null},{"edgeID":"1760307","fromID":"1343245","toID":"1343244","formEdgeID":null},{"edgeID":"1760308","fromID":"1343243","toID":"1343246","formEdgeID":null},{"edgeID":"1760309","fromID":"1343246","toID":"1343242","formEdgeID":null},{"edgeID":"1760310","fromID":"1343242","toID":"1343247","formEdgeID":null},{"edgeID":"1760311","fromID":"1343247","toID":"1343234","formEdgeID":null},{"edgeID":"1760312","fromID":"1343235","toID":"1343248","formEdgeID":null},{"edgeID":"1760313","fromID":"1343248","toID":"1343243","formEdgeID":null},{"edgeID":"1760314","fromID":"1343248","toID":"1343249","formEdgeID":null},{"edgeID":"1760315","fromID":"1343249","toID":"1343247","formEdgeID":null},{"edgeID":"1760316","fromID":"1343252","toID":"1343251","formEdgeID":null},{"edgeID":"1760317","fromID":"1343253","toID":"1343252","formEdgeID":null},{"edgeID":"1760318","fromID":"1343251","toID":"1343254","formEdgeID":null},{"edgeID":"1760319","fromID":"1343254","toID":"1343250","formEdgeID":null},{"edgeID":"1760320","fromID":"1343243","toID":"1343255","formEdgeID":null},{"edgeID":"1760321","fromID":"1343255","toID":"1343251","formEdgeID":null},{"edgeID":"1760322","fromID":"1343258","toID":"1343257","formEdgeID":null},{"edgeID":"1760323","fromID":"1343259","toID":"1343258","formEdgeID":null},{"edgeID":"1760324","fromID":"1343257","toID":"1343260","formEdgeID":null},{"edgeID":"1760325","fromID":"1343260","toID":"1343256","formEdgeID":null},{"edgeID":"1760326","fromID":"1343250","toID":"1343261","formEdgeID":null},{"edgeID":"1760327","fromID":"1343261","toID":"1343256","formEdgeID":null},{"edgeID":"1760328","fromID":"1343251","toID":"1343262","formEdgeID":null},{"edgeID":"1760329","fromID":"1343262","toID":"1343257","formEdgeID":null},{"edgeID":"1760330","fromID":"1343262","toID":"1343263","formEdgeID":null},{"edgeID":"1760331","fromID":"1343263","toID":"1343261","formEdgeID":null},{"edgeID":"1760332","fromID":"1343266","toID":"1343265","formEdgeID":null},{"edgeID":"1760333","fromID":"1343267","toID":"1343266","formEdgeID":null},{"edgeID":"1760334","fromID":"1343265","toID":"1343268","formEdgeID":null},{"edgeID":"1760335","fromID":"1343268","toID":"1343264","formEdgeID":null},{"edgeID":"1760336","fromID":"1343271","toID":"1343270","formEdgeID":null},{"edgeID":"1760337","fromID":"1343272","toID":"1343271","formEdgeID":null},{"edgeID":"1760338","fromID":"1343270","toID":"1343273","formEdgeID":null},{"edgeID":"1760339","fromID":"1343273","toID":"1343269","formEdgeID":null},{"edgeID":"1760340","fromID":"1343242","toID":"1343274","formEdgeID":null},{"edgeID":"1760341","fromID":"1343274","toID":"1343269","formEdgeID":null},{"edgeID":"1760342","fromID":"1343243","toID":"1343275","formEdgeID":null},{"edgeID":"1760343","fromID":"1343275","toID":"1343270","formEdgeID":null},{"edgeID":"1760344","fromID":"1343275","toID":"1343276","formEdgeID":null},{"edgeID":"1760345","fromID":"1343276","toID":"1343274","formEdgeID":null},{"edgeID":"1760346","fromID":"1343279","toID":"1343278","formEdgeID":null},{"edgeID":"1760347","fromID":"1343280","toID":"1343279","formEdgeID":null},{"edgeID":"1760348","fromID":"1343278","toID":"1343281","formEdgeID":null},{"edgeID":"1760349","fromID":"1343281","toID":"1343277","formEdgeID":null},{"edgeID":"1760350","fromID":"1343270","toID":"1343282","formEdgeID":null},{"edgeID":"1760351","fromID":"1343282","toID":"1343278","formEdgeID":null},{"edgeID":"1760352","fromID":"1343285","toID":"1343284","formEdgeID":null},{"edgeID":"1760353","fromID":"1343286","toID":"1343285","formEdgeID":null},{"edgeID":"1760354","fromID":"1343284","toID":"1343287","formEdgeID":null},{"edgeID":"1760355","fromID":"1343287","toID":"1343283","formEdgeID":null},{"edgeID":"1760356","fromID":"1343278","toID":"1343288","formEdgeID":null},{"edgeID":"1760357","fromID":"1343288","toID":"1343284","formEdgeID":null},{"edgeID":"1760358","fromID":"1343291","toID":"1343290","formEdgeID":null},{"edgeID":"1760359","fromID":"1343292","toID":"1343291","formEdgeID":null},{"edgeID":"1760360","fromID":"1343290","toID":"1343293","formEdgeID":null},{"edgeID":"1760361","fromID":"1343293","toID":"1343289","formEdgeID":null},{"edgeID":"1760362","fromID":"1343283","toID":"1343294","formEdgeID":null},{"edgeID":"1760363","fromID":"1343294","toID":"1343277","formEdgeID":null},{"edgeID":"1760364","fromID":"1343288","toID":"1343295","formEdgeID":null},{"edgeID":"1760365","fromID":"1343295","toID":"1343294","formEdgeID":null},{"edgeID":"1760366","fromID":"1343289","toID":"1343296","formEdgeID":null},{"edgeID":"1760367","fromID":"1343296","toID":"1343283","formEdgeID":null},{"edgeID":"1760368","fromID":"1343284","toID":"1343297","formEdgeID":null},{"edgeID":"1760369","fromID":"1343297","toID":"1343290","formEdgeID":null},{"edgeID":"1760370","fromID":"1343297","toID":"1343298","formEdgeID":null},{"edgeID":"1760371","fromID":"1343298","toID":"1343296","formEdgeID":null},{"edgeID":"1760372","fromID":"1343301","toID":"1343300","formEdgeID":null},{"edgeID":"1760373","fromID":"1343302","toID":"1343301","formEdgeID":null},{"edgeID":"1760374","fromID":"1343300","toID":"1343303","formEdgeID":null},{"edgeID":"1760375","fromID":"1343303","toID":"1343299","formEdgeID":null},{"edgeID":"1760376","fromID":"1343299","toID":"1343304","formEdgeID":null},{"edgeID":"1760377","fromID":"1343304","toID":"1343277","formEdgeID":null},{"edgeID":"1760378","fromID":"1343307","toID":"1343306","formEdgeID":null},{"edgeID":"1760379","fromID":"1343308","toID":"1343307","formEdgeID":null},{"edgeID":"1760380","fromID":"1343306","toID":"1343309","formEdgeID":null},{"edgeID":"1760381","fromID":"1343309","toID":"1343305","formEdgeID":null},{"edgeID":"1760382","fromID":"1343278","toID":"1343310","formEdgeID":null},{"edgeID":"1760383","fromID":"1343310","toID":"1343300","formEdgeID":null},{"edgeID":"1760384","fromID":"1343310","toID":"1343311","formEdgeID":null},{"edgeID":"1760385","fromID":"1343311","toID":"1343304","formEdgeID":null},{"edgeID":"1760386","fromID":"1343305","toID":"1343312","formEdgeID":null},{"edgeID":"1760387","fromID":"1343312","toID":"1343289","formEdgeID":null},{"edgeID":"1760388","fromID":"1343290","toID":"1343313","formEdgeID":null},{"edgeID":"1760389","fromID":"1343313","toID":"1343306","formEdgeID":null},{"edgeID":"1760390","fromID":"1343313","toID":"1343314","formEdgeID":null},{"edgeID":"1760391","fromID":"1343314","toID":"1343312","formEdgeID":null},{"edgeID":"1760392","fromID":"1343317","toID":"1343316","formEdgeID":null},{"edgeID":"1760393","fromID":"1343318","toID":"1343317","formEdgeID":null},{"edgeID":"1760394","fromID":"1343316","toID":"1343319","formEdgeID":null},{"edgeID":"1760395","fromID":"1343319","toID":"1343315","formEdgeID":null},{"edgeID":"1760396","fromID":"1343315","toID":"1343320","formEdgeID":null},{"edgeID":"1760397","fromID":"1343320","toID":"1343299","formEdgeID":null},{"edgeID":"1760398","fromID":"1343300","toID":"1343321","formEdgeID":null},{"edgeID":"1760399","fromID":"1343321","toID":"1343316","formEdgeID":null},{"edgeID":"1760400","fromID":"1343321","toID":"1343322","formEdgeID":null},{"edgeID":"1760401","fromID":"1343322","toID":"1343320","formEdgeID":null},{"edgeID":"1760402","fromID":"1343324","toID":"1343323","formEdgeID":null},{"edgeID":"1760403","fromID":"1343325","toID":"1343324","formEdgeID":null},{"edgeID":"1760404","fromID":"1343316","toID":"1343326","formEdgeID":null},{"edgeID":"1760405","fromID":"1343326","toID":"1343323","formEdgeID":null},{"edgeID":"1760406","fromID":"1343323","toID":"1343327","formEdgeID":null},{"edgeID":"1760407","fromID":"1343327","toID":"1343315","formEdgeID":null},{"edgeID":"1760408","fromID":"1343330","toID":"1343329","formEdgeID":null},{"edgeID":"1760409","fromID":"1343331","toID":"1343330","formEdgeID":null},{"edgeID":"1760410","fromID":"1343329","toID":"1343332","formEdgeID":null},{"edgeID":"1760411","fromID":"1343332","toID":"1343328","formEdgeID":null},{"edgeID":"1760412","fromID":"1343335","toID":"1343334","formEdgeID":null},{"edgeID":"1760413","fromID":"1343336","toID":"1343335","formEdgeID":null},{"edgeID":"1760414","fromID":"1343334","toID":"1343337","formEdgeID":null},{"edgeID":"1760415","fromID":"1343337","toID":"1343333","formEdgeID":null},{"edgeID":"1760416","fromID":"1343340","toID":"1343339","formEdgeID":null},{"edgeID":"1760417","fromID":"1343341","toID":"1343340","formEdgeID":null},{"edgeID":"1760418","fromID":"1343339","toID":"1343342","formEdgeID":null},{"edgeID":"1760419","fromID":"1343342","toID":"1343338","formEdgeID":null},{"edgeID":"1760420","fromID":"1343315","toID":"1343343","formEdgeID":null},{"edgeID":"1760421","fromID":"1343343","toID":"1343328","formEdgeID":null},{"edgeID":"1760422","fromID":"1343316","toID":"1343344","formEdgeID":null},{"edgeID":"1760423","fromID":"1343344","toID":"1343329","formEdgeID":null},{"edgeID":"1760424","fromID":"1343344","toID":"1343345","formEdgeID":null},{"edgeID":"1760425","fromID":"1343345","toID":"1343343","formEdgeID":null},{"edgeID":"1760426","fromID":"1343329","toID":"1343346","formEdgeID":null},{"edgeID":"1760427","fromID":"1343346","toID":"1343334","formEdgeID":null},{"edgeID":"1760428","fromID":"1343305","toID":"1343347","formEdgeID":null},{"edgeID":"1760429","fromID":"1343347","toID":"1343338","formEdgeID":null},{"edgeID":"1760430","fromID":"1343306","toID":"1343348","formEdgeID":null},{"edgeID":"1760431","fromID":"1343348","toID":"1343339","formEdgeID":null},{"edgeID":"1760432","fromID":"1343348","toID":"1343349","formEdgeID":null},{"edgeID":"1760433","fromID":"1343349","toID":"1343347","formEdgeID":null},{"edgeID":"1760434","fromID":"1343257","toID":"1343350","formEdgeID":null},{"edgeID":"1760435","fromID":"1343350","toID":"1343265","formEdgeID":null},{"edgeID":"1760436","fromID":"1343269","toID":"1343351","formEdgeID":null},{"edgeID":"1760437","fromID":"1343351","toID":"1343264","formEdgeID":null},{"edgeID":"1760438","fromID":"1343265","toID":"1343352","formEdgeID":null},{"edgeID":"1760439","fromID":"1343352","toID":"1343270","formEdgeID":null},{"edgeID":"1760440","fromID":"1343352","toID":"1343353","formEdgeID":null},{"edgeID":"1760441","fromID":"1343353","toID":"1343351","formEdgeID":null},{"edgeID":"1760442","fromID":"1343356","toID":"1343355","formEdgeID":null},{"edgeID":"1760443","fromID":"1343357","toID":"1343356","formEdgeID":null},{"edgeID":"1760444","fromID":"1343355","toID":"1343358","formEdgeID":null},{"edgeID":"1760445","fromID":"1343358","toID":"1343354","formEdgeID":null},{"edgeID":"1760446","fromID":"1343284","toID":"1343359","formEdgeID":null},{"edgeID":"1760447","fromID":"1343359","toID":"1343355","formEdgeID":null},{"edgeID":"1760448","fromID":"1343354","toID":"1343360","formEdgeID":null},{"edgeID":"1760449","fromID":"1343360","toID":"1343283","formEdgeID":null},{"edgeID":"1760450","fromID":"1343359","toID":"1343361","formEdgeID":null},{"edgeID":"1760451","fromID":"1343361","toID":"1343360","formEdgeID":null}],"locutions":[]}