{"nodes":[{"nodeID":"1342178","text":"the Tory Government are or are not truly committed to a National Health Service","type":"I","timestamp":"2023-11-09 13:56:15"},{"nodeID":"1342179","text":"AudienceMember 20221027QT39: Are the Tory Government truly committed to a National Health Service","type":"L","timestamp":"2023-11-09 13:56:15"},{"nodeID":"1342180","text":"Analysing","type":"YA","timestamp":"2023-11-09 13:56:15"},{"nodeID":"1342181","text":"Dominika: AudienceMember 20221027QT39: Are the Tory Government truly committed to a National Health Service","type":"L","timestamp":"2023-11-09 13:56:15"},{"nodeID":"1342182","text":"Pure Questioning","type":"YA","timestamp":"2023-11-09 13:56:15"},{"nodeID":"1342183","text":"the way we believe the Tory Government if they are truly committed to a National Health Service is xxx","type":"I","timestamp":"2023-11-09 13:56:16"},{"nodeID":"1342184","text":"AudienceMember 20221027QT39: how do we believe you if you are","type":"L","timestamp":"2023-11-09 13:56:16"},{"nodeID":"1342185","text":"Analysing","type":"YA","timestamp":"2023-11-09 13:56:16"},{"nodeID":"1342186","text":"Dominika: AudienceMember 20221027QT39: how do we believe you if you are","type":"L","timestamp":"2023-11-09 13:56:16"},{"nodeID":"1342187","text":"Pure Questioning","type":"YA","timestamp":"2023-11-09 13:56:16"},{"nodeID":"1342188","text":"Default Transition","type":"TA","timestamp":"2023-11-09 13:56:16"},{"nodeID":"1342189","text":"AudienceMember 20221027QT40 also works for the NHS","type":"I","timestamp":"2023-11-09 13:56:17"},{"nodeID":"1342190","text":"AudienceMember 20221027QT40: I also work for the NHS","type":"L","timestamp":"2023-11-09 13:56:17"},{"nodeID":"1342191","text":"Analysing","type":"YA","timestamp":"2023-11-09 13:56:17"},{"nodeID":"1342192","text":"Dominika: AudienceMember 20221027QT40: I also work for the NHS","type":"L","timestamp":"2023-11-09 13:56:17"},{"nodeID":"1342193","text":"Asserting","type":"YA","timestamp":"2023-11-09 13:56:17"},{"nodeID":"1342194","text":"Default Transition","type":"TA","timestamp":"2023-11-09 13:56:17"},{"nodeID":"1342195","text":"National Health Service is incredibly underfunded and massively understaffed","type":"I","timestamp":"2023-11-09 13:56:17"},{"nodeID":"1342196","text":"AudienceMember 20221027QT41: it\u2019s incredibly underfunded and massively understaffed","type":"L","timestamp":"2023-11-09 13:56:17"},{"nodeID":"1342197","text":"Analysing","type":"YA","timestamp":"2023-11-09 13:56:17"},{"nodeID":"1342198","text":"Dominika: AudienceMember 20221027QT41: it\u2019s incredibly underfunded and massively understaffed","type":"L","timestamp":"2023-11-09 13:56:17"},{"nodeID":"1342199","text":"Asserting","type":"YA","timestamp":"2023-11-09 13:56:17"},{"nodeID":"1342200","text":"the National Health Service staff morale throughout the service is at an all-time low","type":"I","timestamp":"2023-11-09 13:56:18"},{"nodeID":"1342201","text":"AudienceMember 20221027QT41: the staff morale throughout the service is at an all-time low","type":"L","timestamp":"2023-11-09 13:56:18"},{"nodeID":"1342202","text":"Analysing","type":"YA","timestamp":"2023-11-09 13:56:18"},{"nodeID":"1342203","text":"Dominika: AudienceMember 20221027QT41: the staff morale throughout the service is at an all-time low","type":"L","timestamp":"2023-11-09 13:56:18"},{"nodeID":"1342204","text":"Asserting","type":"YA","timestamp":"2023-11-09 13:56:18"},{"nodeID":"1342205","text":"Default Transition","type":"TA","timestamp":"2023-11-09 13:56:18"},{"nodeID":"1342206","text":"Default Transition","type":"TA","timestamp":"2023-11-09 13:56:18"},{"nodeID":"1342207","text":"Fiona Bruce: why is that","type":"L","timestamp":"2023-11-09 13:56:18"},{"nodeID":"1342208","text":"Analysing","type":"YA","timestamp":"2023-11-09 13:56:18"},{"nodeID":"1342209","text":"Dominika: Fiona Bruce: why is that","type":"L","timestamp":"2023-11-09 13:56:18"},{"nodeID":"1342210","text":"Default Transition","type":"TA","timestamp":"2023-11-09 13:56:18"},{"nodeID":"1342211","text":"the National Health Service staff morale throughout the service is at an all-time low because of underfunding, overworking, long hours, and a lack of appreciation in many areas","type":"I","timestamp":"2023-11-09 13:56:19"},{"nodeID":"1342212","text":"AudienceMember 20221027QT42: Underfunding, overworked, long hours, and actually I think a lack of appreciation in many areas","type":"L","timestamp":"2023-11-09 13:56:19"},{"nodeID":"1342213","text":"Analysing","type":"YA","timestamp":"2023-11-09 13:56:19"},{"nodeID":"1342214","text":"Dominika: AudienceMember 20221027QT42: Underfunding, overworked, long hours, and actually I think a lack of appreciation in many areas","type":"L","timestamp":"2023-11-09 13:56:19"},{"nodeID":"1342215","text":"Asserting","type":"YA","timestamp":"2023-11-09 13:56:19"},{"nodeID":"1342216","text":"Default Transition","type":"TA","timestamp":"2023-11-09 13:56:19"},{"nodeID":"1342217","text":"on an awful of the metrics the NHS is really, really successful","type":"I","timestamp":"2023-11-09 13:56:19"},{"nodeID":"1342218","text":"Julia Hartley-Brewer: On an awful of the metrics the NHS is really, really successful","type":"L","timestamp":"2023-11-09 13:56:19"},{"nodeID":"1342219","text":"Analysing","type":"YA","timestamp":"2023-11-09 13:56:19"},{"nodeID":"1342220","text":"Dominika: Julia Hartley-Brewer: On an awful of the metrics the NHS is really, really successful","type":"L","timestamp":"2023-11-09 13:56:19"},{"nodeID":"1342221","text":"Asserting","type":"YA","timestamp":"2023-11-09 13:56:19"},{"nodeID":"1342222","text":"per pound spent, we have really, really good outcomes in this country","type":"I","timestamp":"2023-11-09 13:56:20"},{"nodeID":"1342223","text":"Julia Hartley-Brewer: Per pound spent, we have really, really good outcomes in this country","type":"L","timestamp":"2023-11-09 13:56:20"},{"nodeID":"1342224","text":"Analysing","type":"YA","timestamp":"2023-11-09 13:56:20"},{"nodeID":"1342225","text":"Dominika: Julia Hartley-Brewer: Per pound spent, we have really, really good outcomes in this country","type":"L","timestamp":"2023-11-09 13:56:20"},{"nodeID":"1342226","text":"Asserting","type":"YA","timestamp":"2023-11-09 13:56:20"},{"nodeID":"1342227","text":"Default Transition","type":"TA","timestamp":"2023-11-09 13:56:20"},{"nodeID":"1342228","text":"Default Inference","type":"RA","timestamp":"2023-11-09 13:56:20"},{"nodeID":"1342229","text":"Arguing","type":"YA","timestamp":"2023-11-09 13:56:20"},{"nodeID":"1342230","text":"the NHS got the delays","type":"I","timestamp":"2023-11-09 13:56:21"},{"nodeID":"1342231","text":"Julia Hartley-Brewer: the delays we\u2019ve got","type":"L","timestamp":"2023-11-09 13:56:21"},{"nodeID":"1342232","text":"Analysing","type":"YA","timestamp":"2023-11-09 13:56:21"},{"nodeID":"1342233","text":"Dominika: Julia Hartley-Brewer: the delays we\u2019ve got","type":"L","timestamp":"2023-11-09 13:56:21"},{"nodeID":"1342234","text":"Asserting","type":"YA","timestamp":"2023-11-09 13:56:21"},{"nodeID":"1342235","text":"Default Transition","type":"TA","timestamp":"2023-11-09 13:56:21"},{"nodeID":"1342236","text":"Julia Hartley-Brewer completely accepts the issues over cuts and staffing and morale and all of that, and the long-term issues","type":"I","timestamp":"2023-11-09 13:56:21"},{"nodeID":"1342237","text":"Julia Hartley-Brewer: I completely accept the issues over cuts and staffing and morale and all of that, and the long-term issues","type":"L","timestamp":"2023-11-09 13:56:21"},{"nodeID":"1342238","text":"Analysing","type":"YA","timestamp":"2023-11-09 13:56:21"},{"nodeID":"1342239","text":"Dominika: Julia Hartley-Brewer: I completely accept the issues over cuts and staffing and morale and all of that, and the long-term issues","type":"L","timestamp":"2023-11-09 13:56:21"},{"nodeID":"1342240","text":"Asserting","type":"YA","timestamp":"2023-11-09 13:56:21"},{"nodeID":"1342241","text":"Default Transition","type":"TA","timestamp":"2023-11-09 13:56:21"},{"nodeID":"1342242","text":"Default Rephrase","type":"MA","timestamp":"2023-11-09 13:56:21"},{"nodeID":"1342243","text":"Restating","type":"YA","timestamp":"2023-11-09 13:56:21"},{"nodeID":"1342244","text":"Challenging","type":"YA","timestamp":"2023-11-09 13:56:21"},{"nodeID":"1342245","text":"Default Inference","type":"RA","timestamp":"2023-11-09 13:56:21"},{"nodeID":"1342246","text":"Arguing","type":"YA","timestamp":"2023-11-09 13:56:21"},{"nodeID":"1342247","text":"the NHS is very good at everything except saving lives","type":"I","timestamp":"2023-11-09 13:56:22"},{"nodeID":"1342248","text":"AudienceMember 20221027QT42: I\u2019d just like to ask Julia what you meant by the NHS is very good at everything except saving lives","type":"L","timestamp":"2023-11-09 13:56:22"},{"nodeID":"1342249","text":"Analysing","type":"YA","timestamp":"2023-11-09 13:56:22"},{"nodeID":"1342250","text":"Anon: AudienceMember 20221027QT42: I\u2019d just like to ask Julia what you meant by the NHS is very good at everything except saving lives","type":"L","timestamp":"2023-11-09 13:56:22"},{"nodeID":"1342251","text":"Julia Hartley-Brewer: the NHS is very good at everything except saving lives","type":"L","timestamp":"2023-11-09 13:56:22"},{"nodeID":"1342252","text":"Analysing","type":"YA","timestamp":"2023-11-09 13:56:22"},{"nodeID":"1342253","text":"Anon: Julia Hartley-Brewer: I\u2019d just like to ask Julia what you meant by the NHS is very good at everything except saving lives","type":"L","timestamp":"2023-11-09 13:56:22"},{"nodeID":"1342254","text":"Challenging","type":"YA","timestamp":"2023-11-09 13:56:22"},{"nodeID":"1342255","text":"Asserting","type":"YA","timestamp":"2023-11-09 13:56:22"},{"nodeID":"1342256","text":"Default Transition","type":"TA","timestamp":"2023-11-09 13:56:22"},{"nodeID":"1342257","text":"Default Transition","type":"TA","timestamp":"2023-11-09 13:56:22"},{"nodeID":"1342258","text":"Default Conflict","type":"CA","timestamp":"2023-11-09 13:56:22"},{"nodeID":"1342259","text":"Disagreeing","type":"YA","timestamp":"2023-11-09 13:56:22"}],"edges":[{"edgeID":"1759012","fromID":"1342180","toID":"1342179","formEdgeID":null},{"edgeID":"1759013","fromID":"1342181","toID":"1342180","formEdgeID":null},{"edgeID":"1759014","fromID":"1342179","toID":"1342182","formEdgeID":null},{"edgeID":"1759015","fromID":"1342182","toID":"1342178","formEdgeID":null},{"edgeID":"1759016","fromID":"1342185","toID":"1342184","formEdgeID":null},{"edgeID":"1759017","fromID":"1342186","toID":"1342185","formEdgeID":null},{"edgeID":"1759018","fromID":"1342184","toID":"1342187","formEdgeID":null},{"edgeID":"1759019","fromID":"1342187","toID":"1342183","formEdgeID":null},{"edgeID":"1759020","fromID":"1342179","toID":"1342188","formEdgeID":null},{"edgeID":"1759021","fromID":"1342188","toID":"1342184","formEdgeID":null},{"edgeID":"1759022","fromID":"1342191","toID":"1342190","formEdgeID":null},{"edgeID":"1759023","fromID":"1342192","toID":"1342191","formEdgeID":null},{"edgeID":"1759024","fromID":"1342190","toID":"1342193","formEdgeID":null},{"edgeID":"1759025","fromID":"1342193","toID":"1342189","formEdgeID":null},{"edgeID":"1759026","fromID":"1342184","toID":"1342194","formEdgeID":null},{"edgeID":"1759027","fromID":"1342194","toID":"1342190","formEdgeID":null},{"edgeID":"1759028","fromID":"1342197","toID":"1342196","formEdgeID":null},{"edgeID":"1759029","fromID":"1342198","toID":"1342197","formEdgeID":null},{"edgeID":"1759030","fromID":"1342196","toID":"1342199","formEdgeID":null},{"edgeID":"1759031","fromID":"1342199","toID":"1342195","formEdgeID":null},{"edgeID":"1759032","fromID":"1342202","toID":"1342201","formEdgeID":null},{"edgeID":"1759033","fromID":"1342203","toID":"1342202","formEdgeID":null},{"edgeID":"1759034","fromID":"1342201","toID":"1342204","formEdgeID":null},{"edgeID":"1759035","fromID":"1342204","toID":"1342200","formEdgeID":null},{"edgeID":"1759036","fromID":"1342190","toID":"1342205","formEdgeID":null},{"edgeID":"1759037","fromID":"1342205","toID":"1342196","formEdgeID":null},{"edgeID":"1759038","fromID":"1342196","toID":"1342206","formEdgeID":null},{"edgeID":"1759039","fromID":"1342206","toID":"1342201","formEdgeID":null},{"edgeID":"1759040","fromID":"1342208","toID":"1342207","formEdgeID":null},{"edgeID":"1759041","fromID":"1342209","toID":"1342208","formEdgeID":null},{"edgeID":"1759042","fromID":"1342201","toID":"1342210","formEdgeID":null},{"edgeID":"1759043","fromID":"1342210","toID":"1342207","formEdgeID":null},{"edgeID":"1759044","fromID":"1342213","toID":"1342212","formEdgeID":null},{"edgeID":"1759045","fromID":"1342214","toID":"1342213","formEdgeID":null},{"edgeID":"1759046","fromID":"1342212","toID":"1342215","formEdgeID":null},{"edgeID":"1759047","fromID":"1342215","toID":"1342211","formEdgeID":null},{"edgeID":"1759048","fromID":"1342207","toID":"1342216","formEdgeID":null},{"edgeID":"1759049","fromID":"1342216","toID":"1342212","formEdgeID":null},{"edgeID":"1759050","fromID":"1342219","toID":"1342218","formEdgeID":null},{"edgeID":"1759051","fromID":"1342220","toID":"1342219","formEdgeID":null},{"edgeID":"1759052","fromID":"1342218","toID":"1342221","formEdgeID":null},{"edgeID":"1759053","fromID":"1342221","toID":"1342217","formEdgeID":null},{"edgeID":"1759054","fromID":"1342224","toID":"1342223","formEdgeID":null},{"edgeID":"1759055","fromID":"1342225","toID":"1342224","formEdgeID":null},{"edgeID":"1759056","fromID":"1342223","toID":"1342226","formEdgeID":null},{"edgeID":"1759057","fromID":"1342226","toID":"1342222","formEdgeID":null},{"edgeID":"1759058","fromID":"1342218","toID":"1342227","formEdgeID":null},{"edgeID":"1759059","fromID":"1342227","toID":"1342223","formEdgeID":null},{"edgeID":"1759060","fromID":"1342222","toID":"1342228","formEdgeID":null},{"edgeID":"1759061","fromID":"1342228","toID":"1342217","formEdgeID":null},{"edgeID":"1759062","fromID":"1342227","toID":"1342229","formEdgeID":null},{"edgeID":"1759063","fromID":"1342229","toID":"1342228","formEdgeID":null},{"edgeID":"1759064","fromID":"1342232","toID":"1342231","formEdgeID":null},{"edgeID":"1759065","fromID":"1342233","toID":"1342232","formEdgeID":null},{"edgeID":"1759066","fromID":"1342231","toID":"1342234","formEdgeID":null},{"edgeID":"1759067","fromID":"1342234","toID":"1342230","formEdgeID":null},{"edgeID":"1759068","fromID":"1342223","toID":"1342235","formEdgeID":null},{"edgeID":"1759069","fromID":"1342235","toID":"1342231","formEdgeID":null},{"edgeID":"1759070","fromID":"1342238","toID":"1342237","formEdgeID":null},{"edgeID":"1759071","fromID":"1342239","toID":"1342238","formEdgeID":null},{"edgeID":"1759072","fromID":"1342237","toID":"1342240","formEdgeID":null},{"edgeID":"1759073","fromID":"1342240","toID":"1342236","formEdgeID":null},{"edgeID":"1759074","fromID":"1342231","toID":"1342241","formEdgeID":null},{"edgeID":"1759075","fromID":"1342241","toID":"1342237","formEdgeID":null},{"edgeID":"1759076","fromID":"1342200","toID":"1342242","formEdgeID":null},{"edgeID":"1759077","fromID":"1342242","toID":"1342195","formEdgeID":null},{"edgeID":"1759078","fromID":"1342206","toID":"1342243","formEdgeID":null},{"edgeID":"1759079","fromID":"1342243","toID":"1342242","formEdgeID":null},{"edgeID":"1759080","fromID":"1342210","toID":"1342244","formEdgeID":null},{"edgeID":"1759081","fromID":"1342244","toID":"1342200","formEdgeID":null},{"edgeID":"1759082","fromID":"1342211","toID":"1342245","formEdgeID":null},{"edgeID":"1759083","fromID":"1342245","toID":"1342200","formEdgeID":null},{"edgeID":"1759084","fromID":"1342216","toID":"1342246","formEdgeID":null},{"edgeID":"1759085","fromID":"1342246","toID":"1342245","formEdgeID":null},{"edgeID":"1759086","fromID":"1342249","toID":"1342248","formEdgeID":null},{"edgeID":"1759087","fromID":"1342250","toID":"1342249","formEdgeID":null},{"edgeID":"1759088","fromID":"1342252","toID":"1342251","formEdgeID":null},{"edgeID":"1759089","fromID":"1342253","toID":"1342252","formEdgeID":null},{"edgeID":"1759090","fromID":"1342251","toID":"1342254","formEdgeID":null},{"edgeID":"1759091","fromID":"1342254","toID":"1342247","formEdgeID":null},{"edgeID":"1759092","fromID":"1342248","toID":"1342255","formEdgeID":null},{"edgeID":"1759093","fromID":"1342255","toID":"1342251","formEdgeID":null},{"edgeID":"1759094","fromID":"1342212","toID":"1342256","formEdgeID":null},{"edgeID":"1759095","fromID":"1342256","toID":"1342248","formEdgeID":null},{"edgeID":"1759096","fromID":"1342248","toID":"1342257","formEdgeID":null},{"edgeID":"1759097","fromID":"1342257","toID":"1342218","formEdgeID":null},{"edgeID":"1759098","fromID":"1342217","toID":"1342258","formEdgeID":null},{"edgeID":"1759099","fromID":"1342258","toID":"1342247","formEdgeID":null},{"edgeID":"1759100","fromID":"1342257","toID":"1342259","formEdgeID":null},{"edgeID":"1759101","fromID":"1342259","toID":"1342258","formEdgeID":null}],"locutions":[]}