{"nodes":[{"nodeID":"1340133","text":"Fiona Bruce: What do you think","type":"L","timestamp":"2023-11-09 13:53:21"},{"nodeID":"1340134","text":"there is no Gordon Brown\u2019s mandate","type":"I","timestamp":"2023-11-09 13:53:21"},{"nodeID":"1340135","text":"Julia Hartley-Brewer: Where was Gordon Brown\u2019s mandate","type":"L","timestamp":"2023-11-09 13:53:21"},{"nodeID":"1340136","text":"Analysing","type":"YA","timestamp":"2023-11-09 13:53:21"},{"nodeID":"1340137","text":"Dominika: Julia Hartley-Brewer: Where was Gordon Brown\u2019s mandate","type":"L","timestamp":"2023-11-09 13:53:21"},{"nodeID":"1340138","text":"Rhetorical Questioning","type":"YA","timestamp":"2023-11-09 13:53:21"},{"nodeID":"1340139","text":"Gordon Brown was in office for three years, no election","type":"I","timestamp":"2023-11-09 13:53:22"},{"nodeID":"1340140","text":"Julia Hartley-Brewer: Gordon Brown was in office for three years, no election","type":"L","timestamp":"2023-11-09 13:53:22"},{"nodeID":"1340141","text":"Analysing","type":"YA","timestamp":"2023-11-09 13:53:22"},{"nodeID":"1340142","text":"Dominika: Julia Hartley-Brewer: Gordon Brown was in office for three years, no election","type":"L","timestamp":"2023-11-09 13:53:22"},{"nodeID":"1340143","text":"Asserting","type":"YA","timestamp":"2023-11-09 13:53:22"},{"nodeID":"1340144","text":"Analysing","type":"YA","timestamp":"2023-11-09 13:53:22"},{"nodeID":"1340145","text":"Julia Hartley-Brewer doesn't remember David Lammy shouting about Gordon's Brown mandate","type":"I","timestamp":"2023-11-09 13:53:23"},{"nodeID":"1340146","text":"Julia Hartley-Brewer: I don\u2019t remember you shouting about that","type":"L","timestamp":"2023-11-09 13:53:23"},{"nodeID":"1340147","text":"Analysing","type":"YA","timestamp":"2023-11-09 13:53:23"},{"nodeID":"1340148","text":"Dominika: Julia Hartley-Brewer: I don\u2019t remember you shouting about that","type":"L","timestamp":"2023-11-09 13:53:23"},{"nodeID":"1340149","text":"Asserting","type":"YA","timestamp":"2023-11-09 13:53:23"},{"nodeID":"1340150","text":"Default Transition","type":"TA","timestamp":"2023-11-09 13:53:23"},{"nodeID":"1340151","text":"Default Transition","type":"TA","timestamp":"2023-11-09 13:53:23"},{"nodeID":"1340152","text":"Rhetorical Questioning","type":"YA","timestamp":"2023-11-09 13:53:23"},{"nodeID":"1340153","text":"Default Transition","type":"TA","timestamp":"2023-11-09 13:53:23"},{"nodeID":"1340154","text":"Default Rephrase","type":"MA","timestamp":"2023-11-09 13:53:23"},{"nodeID":"1340155","text":"Restating","type":"YA","timestamp":"2023-11-09 13:53:23"},{"nodeID":"1340156","text":"David Lammy remembers the Tories running a campaign saying, vote Blair, get Brown","type":"I","timestamp":"2023-11-09 13:53:23"},{"nodeID":"1340157","text":"David Lammy: I remember the Tories running a campaign saying, vote Blair, get Brown","type":"L","timestamp":"2023-11-09 13:53:23"},{"nodeID":"1340158","text":"Analysing","type":"YA","timestamp":"2023-11-09 13:53:23"},{"nodeID":"1340159","text":"Dominika: David Lammy: I remember the Tories running a campaign saying, vote Blair, get Brown","type":"L","timestamp":"2023-11-09 13:53:23"},{"nodeID":"1340160","text":"Asserting","type":"YA","timestamp":"2023-11-09 13:53:23"},{"nodeID":"1340161","text":"Default Transition","type":"TA","timestamp":"2023-11-09 13:53:23"},{"nodeID":"1340162","text":"Julia Hartley-Brewer and David Lammy know that Rishi Sunak got a mandate","type":"I","timestamp":"2023-11-09 13:53:24"},{"nodeID":"1340163","text":"David Lammy: You and I know that","type":"L","timestamp":"2023-11-09 13:53:24"},{"nodeID":"1340164","text":"Analysing","type":"YA","timestamp":"2023-11-09 13:53:24"},{"nodeID":"1340165","text":"Dominika: David Lammy: You and I know that","type":"L","timestamp":"2023-11-09 13:53:24"},{"nodeID":"1340166","text":"Asserting","type":"YA","timestamp":"2023-11-09 13:53:24"},{"nodeID":"1340167","text":"Julia Hartley-Brewer: Yeah","type":"L","timestamp":"2023-11-09 13:53:24"},{"nodeID":"1340168","text":"Analysing","type":"YA","timestamp":"2023-11-09 13:53:24"},{"nodeID":"1340169","text":"Dominika: Julia Hartley-Brewer: Yeah","type":"L","timestamp":"2023-11-09 13:53:24"},{"nodeID":"1340170","text":"Default Transition","type":"TA","timestamp":"2023-11-09 13:53:24"},{"nodeID":"1340171","text":"Default Transition","type":"TA","timestamp":"2023-11-09 13:53:24"},{"nodeID":"1340172","text":"Agreeing","type":"YA","timestamp":"2023-11-09 13:53:24"},{"nodeID":"1340173","text":"and the Tories did vote for Blair and get Brown","type":"I","timestamp":"2023-11-09 13:53:25"},{"nodeID":"1340174","text":"Julia Hartley-Brewer: and we did","type":"L","timestamp":"2023-11-09 13:53:25"},{"nodeID":"1340175","text":"Analysing","type":"YA","timestamp":"2023-11-09 13:53:25"},{"nodeID":"1340176","text":"Dominika: Julia Hartley-Brewer: and we did","type":"L","timestamp":"2023-11-09 13:53:25"},{"nodeID":"1340177","text":"Asserting","type":"YA","timestamp":"2023-11-09 13:53:25"},{"nodeID":"1340178","text":"Default Rephrase","type":"MA","timestamp":"2023-11-09 13:53:25"},{"nodeID":"1340179","text":"Rishi Sunak put himself to the country","type":"I","timestamp":"2023-11-09 13:53:25"},{"nodeID":"1340180","text":"David Lammy: he put himself to the country","type":"L","timestamp":"2023-11-09 13:53:25"},{"nodeID":"1340181","text":"Analysing","type":"YA","timestamp":"2023-11-09 13:53:25"},{"nodeID":"1340182","text":"Dominika: David Lammy: he put himself to the country","type":"L","timestamp":"2023-11-09 13:53:25"},{"nodeID":"1340183","text":"Asserting","type":"YA","timestamp":"2023-11-09 13:53:25"},{"nodeID":"1340184","text":"Rishi Sunak was rejected","type":"I","timestamp":"2023-11-09 13:53:26"},{"nodeID":"1340185","text":"David Lammy: He was rejected","type":"L","timestamp":"2023-11-09 13:53:26"},{"nodeID":"1340186","text":"Analysing","type":"YA","timestamp":"2023-11-09 13:53:26"},{"nodeID":"1340187","text":"Dominika: David Lammy: He was rejected","type":"L","timestamp":"2023-11-09 13:53:26"},{"nodeID":"1340188","text":"Asserting","type":"YA","timestamp":"2023-11-09 13:53:26"},{"nodeID":"1340189","text":"we moved on","type":"I","timestamp":"2023-11-09 13:53:27"},{"nodeID":"1340190","text":"David Lammy: we moved on","type":"L","timestamp":"2023-11-09 13:53:27"},{"nodeID":"1340191","text":"Analysing","type":"YA","timestamp":"2023-11-09 13:53:27"},{"nodeID":"1340192","text":"Dominika: David Lammy: we moved on","type":"L","timestamp":"2023-11-09 13:53:27"},{"nodeID":"1340193","text":"Asserting","type":"YA","timestamp":"2023-11-09 13:53:27"},{"nodeID":"1340194","text":"everyone knows that Blair and Brown governed broadly together for many, many years","type":"I","timestamp":"2023-11-09 13:53:27"},{"nodeID":"1340195","text":"David Lammy: everyone knows that Blair and Brown governed broadly together for many, many years","type":"L","timestamp":"2023-11-09 13:53:27"},{"nodeID":"1340196","text":"Analysing","type":"YA","timestamp":"2023-11-09 13:53:27"},{"nodeID":"1340197","text":"Dominika: David Lammy: everyone knows that Blair and Brown governed broadly together for many, many years","type":"L","timestamp":"2023-11-09 13:53:27"},{"nodeID":"1340198","text":"Asserting","type":"YA","timestamp":"2023-11-09 13:53:27"},{"nodeID":"1340199","text":"Default Rephrase","type":"MA","timestamp":"2023-11-09 13:53:27"},{"nodeID":"1340200","text":"Default Transition","type":"TA","timestamp":"2023-11-09 13:53:27"},{"nodeID":"1340201","text":"Default Transition","type":"TA","timestamp":"2023-11-09 13:53:27"},{"nodeID":"1340202","text":"Restating","type":"YA","timestamp":"2023-11-09 13:53:27"},{"nodeID":"1340203","text":"Restating","type":"YA","timestamp":"2023-11-09 13:53:27"},{"nodeID":"1340204","text":"Default Transition","type":"TA","timestamp":"2023-11-09 13:53:27"},{"nodeID":"1340205","text":"Default Transition","type":"TA","timestamp":"2023-11-09 13:53:27"},{"nodeID":"1340206","text":"Default Transition","type":"TA","timestamp":"2023-11-09 13:53:27"},{"nodeID":"1340207","text":"we\u2019ve had three prime ministers in as many months","type":"I","timestamp":"2023-11-09 13:53:28"},{"nodeID":"1340208","text":"David Lammy: We\u2019ve had three prime ministers in as many months","type":"L","timestamp":"2023-11-09 13:53:28"},{"nodeID":"1340209","text":"Analysing","type":"YA","timestamp":"2023-11-09 13:53:28"},{"nodeID":"1340210","text":"Dominika: David Lammy: We\u2019ve had three prime ministers in as many months","type":"L","timestamp":"2023-11-09 13:53:28"},{"nodeID":"1340211","text":"Asserting","type":"YA","timestamp":"2023-11-09 13:53:28"},{"nodeID":"1340212","text":"Default Transition","type":"TA","timestamp":"2023-11-09 13:53:28"},{"nodeID":"1340213","text":"we are or we are not sacrificing ministerial competence in the name of party unity","type":"I","timestamp":"2023-11-09 13:53:28"},{"nodeID":"1340214","text":"AudienceMember 20221027QT05: are we sacrificing ministerial competence in the name of party unity","type":"L","timestamp":"2023-11-09 13:53:28"},{"nodeID":"1340215","text":"Analysing","type":"YA","timestamp":"2023-11-09 13:53:28"},{"nodeID":"1340216","text":"Dominika: AudienceMember 20221027QT05: are we sacrificing ministerial competence in the name of party unity","type":"L","timestamp":"2023-11-09 13:53:28"},{"nodeID":"1340217","text":"Pure Questioning","type":"YA","timestamp":"2023-11-09 13:53:28"},{"nodeID":"1340218","text":"Default Transition","type":"TA","timestamp":"2023-11-09 13:53:28"},{"nodeID":"1340219","text":"AudienceMember 20221027QT05 does or does not think that we are sacrificing ministerial competence in the name of party unity","type":"I","timestamp":"2023-11-09 13:53:29"},{"nodeID":"1340220","text":"Analysing","type":"YA","timestamp":"2023-11-09 13:53:29"},{"nodeID":"1340221","text":"Dominika: Fiona Bruce: what do you think","type":"L","timestamp":"2023-11-09 13:53:29"},{"nodeID":"1340222","text":"Pure Questioning","type":"YA","timestamp":"2023-11-09 13:53:29"},{"nodeID":"1340223","text":"Default Transition","type":"TA","timestamp":"2023-11-09 13:53:29"},{"nodeID":"1340224","text":"Default Rephrase","type":"MA","timestamp":"2023-11-09 13:53:29"},{"nodeID":"1340225","text":"Restating","type":"YA","timestamp":"2023-11-09 13:53:29"},{"nodeID":"1340226","text":"AudienceMember 20221027QT06 thinks we are sacrificing ministerial competence in the name of party unity","type":"I","timestamp":"2023-11-09 13:53:30"},{"nodeID":"1340227","text":"AudienceMember 20221027QT06: I think we are","type":"L","timestamp":"2023-11-09 13:53:30"},{"nodeID":"1340228","text":"Analysing","type":"YA","timestamp":"2023-11-09 13:53:30"},{"nodeID":"1340229","text":"Dominika: AudienceMember 20221027QT06: I think we are","type":"L","timestamp":"2023-11-09 13:53:30"},{"nodeID":"1340230","text":"Asserting","type":"YA","timestamp":"2023-11-09 13:53:30"},{"nodeID":"1340231","text":"Default Transition","type":"TA","timestamp":"2023-11-09 13:53:30"},{"nodeID":"1340232","text":"Default Rephrase","type":"MA","timestamp":"2023-11-09 13:53:30"},{"nodeID":"1340233","text":"Default Illocuting","type":"YA","timestamp":"2023-11-09 13:53:30"},{"nodeID":"1340234","text":"AudienceMember 20221027QT06 is a paid Conservative Party member","type":"I","timestamp":"2023-11-09 13:53:30"},{"nodeID":"1340235","text":"AudienceMember 20221027QT06: I\u2019m a paid Conservative Party member","type":"L","timestamp":"2023-11-09 13:53:30"},{"nodeID":"1340236","text":"Analysing","type":"YA","timestamp":"2023-11-09 13:53:30"},{"nodeID":"1340237","text":"Dominika: AudienceMember 20221027QT06: I\u2019m a paid Conservative Party member","type":"L","timestamp":"2023-11-09 13:53:30"},{"nodeID":"1340238","text":"Asserting","type":"YA","timestamp":"2023-11-09 13:53:30"},{"nodeID":"1340239","text":"AudienceMember 20221027QT06 wouldn\u2019t vote for members of the Conservative Party at the moment at all","type":"I","timestamp":"2023-11-09 13:53:31"},{"nodeID":"1340240","text":"AudienceMember 20221027QT06: I wouldn\u2019t vote for them at the moment at all","type":"L","timestamp":"2023-11-09 13:53:31"},{"nodeID":"1340241","text":"Analysing","type":"YA","timestamp":"2023-11-09 13:53:31"},{"nodeID":"1340242","text":"Dominika: AudienceMember 20221027QT06: I wouldn\u2019t vote for them at the moment at all","type":"L","timestamp":"2023-11-09 13:53:31"},{"nodeID":"1340243","text":"Asserting","type":"YA","timestamp":"2023-11-09 13:53:31"},{"nodeID":"1340244","text":"Default Transition","type":"TA","timestamp":"2023-11-09 13:53:31"},{"nodeID":"1340245","text":"Default Transition","type":"TA","timestamp":"2023-11-09 13:53:31"},{"nodeID":"1340246","text":"AudienceMember 20221027QT06 kind of echos what the MP Chris said the other week","type":"I","timestamp":"2023-11-09 13:53:32"},{"nodeID":"1340247","text":"AudienceMember 20221027QT06:  I kind of echo what the MP Chris said the other week","type":"L","timestamp":"2023-11-09 13:53:32"},{"nodeID":"1340248","text":"Analysing","type":"YA","timestamp":"2023-11-09 13:53:32"},{"nodeID":"1340249","text":"Dominika: AudienceMember 20221027QT06:  I kind of echo what the MP Chris said the other week","type":"L","timestamp":"2023-11-09 13:53:32"},{"nodeID":"1340250","text":"Asserting","type":"YA","timestamp":"2023-11-09 13:53:32"},{"nodeID":"1340251","text":"Default Transition","type":"TA","timestamp":"2023-11-09 13:53:32"},{"nodeID":"1340252","text":"AudienceMember 20221027QT06 is actually almost horrified with the level of incompetence that the Government are showing","type":"I","timestamp":"2023-11-09 13:53:32"},{"nodeID":"1340253","text":"AudienceMember 20221027QT06: I'm actually almost horrified with the level of incompetence that the Government are showing","type":"L","timestamp":"2023-11-09 13:53:32"},{"nodeID":"1340254","text":"Analysing","type":"YA","timestamp":"2023-11-09 13:53:32"},{"nodeID":"1340255","text":"Dominika: AudienceMember 20221027QT06: I'm actually almost horrified with the level of incompetence that the Government are showing","type":"L","timestamp":"2023-11-09 13:53:32"},{"nodeID":"1340256","text":"Asserting","type":"YA","timestamp":"2023-11-09 13:53:32"},{"nodeID":"1340257","text":"Default Transition","type":"TA","timestamp":"2023-11-09 13:53:32"},{"nodeID":"1340258","text":"Default Rephrase","type":"MA","timestamp":"2023-11-09 13:53:32"},{"nodeID":"1340259","text":"Restating","type":"YA","timestamp":"2023-11-09 13:53:32"},{"nodeID":"1340260","text":"Default Inference","type":"RA","timestamp":"2023-11-09 13:53:32"},{"nodeID":"1340261","text":"Arguing","type":"YA","timestamp":"2023-11-09 13:53:32"}],"edges":[{"edgeID":"1756565","fromID":"1340136","toID":"1340135","formEdgeID":null},{"edgeID":"1756566","fromID":"1340137","toID":"1340136","formEdgeID":null},{"edgeID":"1756567","fromID":"1340135","toID":"1340138","formEdgeID":null},{"edgeID":"1756568","fromID":"1340138","toID":"1340134","formEdgeID":null},{"edgeID":"1756569","fromID":"1340141","toID":"1340140","formEdgeID":null},{"edgeID":"1756570","fromID":"1340142","toID":"1340141","formEdgeID":null},{"edgeID":"1756571","fromID":"1340140","toID":"1340143","formEdgeID":null},{"edgeID":"1756572","fromID":"1340143","toID":"1340139","formEdgeID":null},{"edgeID":"1756573","fromID":"1340144","toID":"1340135","formEdgeID":null},{"edgeID":"1756574","fromID":"1340137","toID":"1340144","formEdgeID":null},{"edgeID":"1756575","fromID":"1340147","toID":"1340146","formEdgeID":null},{"edgeID":"1756576","fromID":"1340148","toID":"1340147","formEdgeID":null},{"edgeID":"1756577","fromID":"1340146","toID":"1340149","formEdgeID":null},{"edgeID":"1756578","fromID":"1340149","toID":"1340145","formEdgeID":null},{"edgeID":"1756579","fromID":"1340135","toID":"1340150","formEdgeID":null},{"edgeID":"1756580","fromID":"1340150","toID":"1340140","formEdgeID":null},{"edgeID":"1756581","fromID":"1340140","toID":"1340151","formEdgeID":null},{"edgeID":"1756582","fromID":"1340151","toID":"1340135","formEdgeID":null},{"edgeID":"1756583","fromID":"1340135","toID":"1340152","formEdgeID":null},{"edgeID":"1756584","fromID":"1340152","toID":"1340134","formEdgeID":null},{"edgeID":"1756585","fromID":"1340135","toID":"1340153","formEdgeID":null},{"edgeID":"1756586","fromID":"1340153","toID":"1340146","formEdgeID":null},{"edgeID":"1756587","fromID":"1340139","toID":"1340154","formEdgeID":null},{"edgeID":"1756588","fromID":"1340154","toID":"1340134","formEdgeID":null},{"edgeID":"1756589","fromID":"1340150","toID":"1340155","formEdgeID":null},{"edgeID":"1756590","fromID":"1340155","toID":"1340154","formEdgeID":null},{"edgeID":"1756591","fromID":"1340158","toID":"1340157","formEdgeID":null},{"edgeID":"1756592","fromID":"1340159","toID":"1340158","formEdgeID":null},{"edgeID":"1756593","fromID":"1340157","toID":"1340160","formEdgeID":null},{"edgeID":"1756594","fromID":"1340160","toID":"1340156","formEdgeID":null},{"edgeID":"1756595","fromID":"1340146","toID":"1340161","formEdgeID":null},{"edgeID":"1756596","fromID":"1340161","toID":"1340157","formEdgeID":null},{"edgeID":"1756597","fromID":"1340164","toID":"1340163","formEdgeID":null},{"edgeID":"1756598","fromID":"1340165","toID":"1340164","formEdgeID":null},{"edgeID":"1756599","fromID":"1340163","toID":"1340166","formEdgeID":null},{"edgeID":"1756600","fromID":"1340166","toID":"1340162","formEdgeID":null},{"edgeID":"1756601","fromID":"1340168","toID":"1340167","formEdgeID":null},{"edgeID":"1756602","fromID":"1340169","toID":"1340168","formEdgeID":null},{"edgeID":"1756603","fromID":"1340157","toID":"1340170","formEdgeID":null},{"edgeID":"1756604","fromID":"1340170","toID":"1340163","formEdgeID":null},{"edgeID":"1756605","fromID":"1340163","toID":"1340171","formEdgeID":null},{"edgeID":"1756606","fromID":"1340171","toID":"1340167","formEdgeID":null},{"edgeID":"1756607","fromID":"1340171","toID":"1340172","formEdgeID":null},{"edgeID":"1756608","fromID":"1340172","toID":"1340156","formEdgeID":null},{"edgeID":"1756609","fromID":"1340175","toID":"1340174","formEdgeID":null},{"edgeID":"1756610","fromID":"1340176","toID":"1340175","formEdgeID":null},{"edgeID":"1756611","fromID":"1340174","toID":"1340177","formEdgeID":null},{"edgeID":"1756612","fromID":"1340177","toID":"1340173","formEdgeID":null},{"edgeID":"1756613","fromID":"1340173","toID":"1340178","formEdgeID":null},{"edgeID":"1756614","fromID":"1340178","toID":"1340156","formEdgeID":null},{"edgeID":"1756615","fromID":"1340181","toID":"1340180","formEdgeID":null},{"edgeID":"1756616","fromID":"1340182","toID":"1340181","formEdgeID":null},{"edgeID":"1756617","fromID":"1340180","toID":"1340183","formEdgeID":null},{"edgeID":"1756618","fromID":"1340183","toID":"1340179","formEdgeID":null},{"edgeID":"1756619","fromID":"1340186","toID":"1340185","formEdgeID":null},{"edgeID":"1756620","fromID":"1340187","toID":"1340186","formEdgeID":null},{"edgeID":"1756621","fromID":"1340185","toID":"1340188","formEdgeID":null},{"edgeID":"1756622","fromID":"1340188","toID":"1340184","formEdgeID":null},{"edgeID":"1756623","fromID":"1340191","toID":"1340190","formEdgeID":null},{"edgeID":"1756624","fromID":"1340192","toID":"1340191","formEdgeID":null},{"edgeID":"1756625","fromID":"1340190","toID":"1340193","formEdgeID":null},{"edgeID":"1756626","fromID":"1340193","toID":"1340189","formEdgeID":null},{"edgeID":"1756627","fromID":"1340196","toID":"1340195","formEdgeID":null},{"edgeID":"1756628","fromID":"1340197","toID":"1340196","formEdgeID":null},{"edgeID":"1756629","fromID":"1340195","toID":"1340198","formEdgeID":null},{"edgeID":"1756630","fromID":"1340198","toID":"1340194","formEdgeID":null},{"edgeID":"1756631","fromID":"1340179","toID":"1340199","formEdgeID":null},{"edgeID":"1756632","fromID":"1340199","toID":"1340162","formEdgeID":null},{"edgeID":"1756633","fromID":"1340163","toID":"1340200","formEdgeID":null},{"edgeID":"1756634","fromID":"1340200","toID":"1340180","formEdgeID":null},{"edgeID":"1756635","fromID":"1340157","toID":"1340201","formEdgeID":null},{"edgeID":"1756636","fromID":"1340201","toID":"1340174","formEdgeID":null},{"edgeID":"1756637","fromID":"1340201","toID":"1340202","formEdgeID":null},{"edgeID":"1756638","fromID":"1340202","toID":"1340178","formEdgeID":null},{"edgeID":"1756639","fromID":"1340200","toID":"1340203","formEdgeID":null},{"edgeID":"1756640","fromID":"1340203","toID":"1340199","formEdgeID":null},{"edgeID":"1756641","fromID":"1340180","toID":"1340204","formEdgeID":null},{"edgeID":"1756642","fromID":"1340204","toID":"1340185","formEdgeID":null},{"edgeID":"1756643","fromID":"1340185","toID":"1340205","formEdgeID":null},{"edgeID":"1756644","fromID":"1340205","toID":"1340190","formEdgeID":null},{"edgeID":"1756645","fromID":"1340190","toID":"1340206","formEdgeID":null},{"edgeID":"1756646","fromID":"1340206","toID":"1340195","formEdgeID":null},{"edgeID":"1756647","fromID":"1340209","toID":"1340208","formEdgeID":null},{"edgeID":"1756648","fromID":"1340210","toID":"1340209","formEdgeID":null},{"edgeID":"1756649","fromID":"1340208","toID":"1340211","formEdgeID":null},{"edgeID":"1756650","fromID":"1340211","toID":"1340207","formEdgeID":null},{"edgeID":"1756651","fromID":"1340195","toID":"1340212","formEdgeID":null},{"edgeID":"1756652","fromID":"1340212","toID":"1340208","formEdgeID":null},{"edgeID":"1756653","fromID":"1340215","toID":"1340214","formEdgeID":null},{"edgeID":"1756654","fromID":"1340216","toID":"1340215","formEdgeID":null},{"edgeID":"1756655","fromID":"1340214","toID":"1340217","formEdgeID":null},{"edgeID":"1756656","fromID":"1340217","toID":"1340213","formEdgeID":null},{"edgeID":"1756657","fromID":"1340208","toID":"1340218","formEdgeID":null},{"edgeID":"1756658","fromID":"1340218","toID":"1340214","formEdgeID":null},{"edgeID":"1756659","fromID":"1340220","toID":"1340133","formEdgeID":null},{"edgeID":"1756660","fromID":"1340221","toID":"1340220","formEdgeID":null},{"edgeID":"1756661","fromID":"1340133","toID":"1340222","formEdgeID":null},{"edgeID":"1756662","fromID":"1340222","toID":"1340219","formEdgeID":null},{"edgeID":"1756663","fromID":"1340214","toID":"1340223","formEdgeID":null},{"edgeID":"1756664","fromID":"1340223","toID":"1340133","formEdgeID":null},{"edgeID":"1756665","fromID":"1340219","toID":"1340224","formEdgeID":null},{"edgeID":"1756666","fromID":"1340224","toID":"1340213","formEdgeID":null},{"edgeID":"1756667","fromID":"1340223","toID":"1340225","formEdgeID":null},{"edgeID":"1756668","fromID":"1340225","toID":"1340224","formEdgeID":null},{"edgeID":"1756669","fromID":"1340228","toID":"1340227","formEdgeID":null},{"edgeID":"1756670","fromID":"1340229","toID":"1340228","formEdgeID":null},{"edgeID":"1756671","fromID":"1340227","toID":"1340230","formEdgeID":null},{"edgeID":"1756672","fromID":"1340230","toID":"1340226","formEdgeID":null},{"edgeID":"1756673","fromID":"1340133","toID":"1340231","formEdgeID":null},{"edgeID":"1756674","fromID":"1340231","toID":"1340227","formEdgeID":null},{"edgeID":"1756675","fromID":"1340226","toID":"1340232","formEdgeID":null},{"edgeID":"1756676","fromID":"1340232","toID":"1340219","formEdgeID":null},{"edgeID":"1756677","fromID":"1340231","toID":"1340233","formEdgeID":null},{"edgeID":"1756678","fromID":"1340233","toID":"1340232","formEdgeID":null},{"edgeID":"1756679","fromID":"1340236","toID":"1340235","formEdgeID":null},{"edgeID":"1756680","fromID":"1340237","toID":"1340236","formEdgeID":null},{"edgeID":"1756681","fromID":"1340235","toID":"1340238","formEdgeID":null},{"edgeID":"1756682","fromID":"1340238","toID":"1340234","formEdgeID":null},{"edgeID":"1756683","fromID":"1340241","toID":"1340240","formEdgeID":null},{"edgeID":"1756684","fromID":"1340242","toID":"1340241","formEdgeID":null},{"edgeID":"1756685","fromID":"1340240","toID":"1340243","formEdgeID":null},{"edgeID":"1756686","fromID":"1340243","toID":"1340239","formEdgeID":null},{"edgeID":"1756687","fromID":"1340227","toID":"1340244","formEdgeID":null},{"edgeID":"1756688","fromID":"1340244","toID":"1340235","formEdgeID":null},{"edgeID":"1756689","fromID":"1340235","toID":"1340245","formEdgeID":null},{"edgeID":"1756690","fromID":"1340245","toID":"1340240","formEdgeID":null},{"edgeID":"1756691","fromID":"1340248","toID":"1340247","formEdgeID":null},{"edgeID":"1756692","fromID":"1340249","toID":"1340248","formEdgeID":null},{"edgeID":"1756693","fromID":"1340247","toID":"1340250","formEdgeID":null},{"edgeID":"1756694","fromID":"1340250","toID":"1340246","formEdgeID":null},{"edgeID":"1756695","fromID":"1340240","toID":"1340251","formEdgeID":null},{"edgeID":"1756696","fromID":"1340251","toID":"1340247","formEdgeID":null},{"edgeID":"1756697","fromID":"1340254","toID":"1340253","formEdgeID":null},{"edgeID":"1756698","fromID":"1340255","toID":"1340254","formEdgeID":null},{"edgeID":"1756699","fromID":"1340253","toID":"1340256","formEdgeID":null},{"edgeID":"1756700","fromID":"1340256","toID":"1340252","formEdgeID":null},{"edgeID":"1756701","fromID":"1340247","toID":"1340257","formEdgeID":null},{"edgeID":"1756702","fromID":"1340257","toID":"1340253","formEdgeID":null},{"edgeID":"1756703","fromID":"1340252","toID":"1340258","formEdgeID":null},{"edgeID":"1756704","fromID":"1340258","toID":"1340246","formEdgeID":null},{"edgeID":"1756705","fromID":"1340257","toID":"1340259","formEdgeID":null},{"edgeID":"1756706","fromID":"1340259","toID":"1340258","formEdgeID":null},{"edgeID":"1756707","fromID":"1340246","toID":"1340260","formEdgeID":null},{"edgeID":"1756708","fromID":"1340260","toID":"1340239","formEdgeID":null},{"edgeID":"1756709","fromID":"1340251","toID":"1340261","formEdgeID":null},{"edgeID":"1756710","fromID":"1340261","toID":"1340260","formEdgeID":null}],"locutions":[]}