{"nodes":[{"nodeID":"1150567","text":"there are no 40 new hospitals","type":"I","timestamp":"2023-04-20 20:32:00"},{"nodeID":"1150573","text":"you cannot cut local authority budgets by up to 40 per cent and expect people not to get out of hospital","type":"I","timestamp":"2023-04-20 20:32:03"},{"nodeID":"1150583","text":"we\u2019ve got a social care crisis","type":"I","timestamp":"2023-04-20 20:32:09"},{"nodeID":"1150596","text":"David Lammy can get really angry about the social care crisis","type":"I","timestamp":"2023-04-20 20:32:15"},{"nodeID":"1150608","text":"we should be really angry about the social care crisis","type":"I","timestamp":"2023-04-20 20:32:21"},{"nodeID":"1150624","text":"we\u2019re investing significant funds into social care","type":"I","timestamp":"2023-04-20 20:32:28"},{"nodeID":"1150642","text":"people are getting more support","type":"I","timestamp":"2023-04-20 20:32:35"},{"nodeID":"1342049","text":"it is just nonsense that we have 40 new hospitals","type":"I","timestamp":"2023-11-09 13:56:04"},{"nodeID":"1342050","text":"David Lammy: This is just nonsense","type":"L","timestamp":"2023-11-09 13:56:04"},{"nodeID":"1342051","text":"Analysing","type":"YA","timestamp":"2023-11-09 13:56:04"},{"nodeID":"1342052","text":"Nette: David Lammy: This is just nonsense","type":"L","timestamp":"2023-11-09 13:56:04"},{"nodeID":"1342053","text":"Asserting","type":"YA","timestamp":"2023-11-09 13:56:04"},{"nodeID":"1342054","text":"David Lammy: There are no 40 new hospitals","type":"L","timestamp":"2023-11-09 13:56:04"},{"nodeID":"1342055","text":"Analysing","type":"YA","timestamp":"2023-11-09 13:56:04"},{"nodeID":"1342056","text":"Nette: David Lammy: There are no 40 new hospitals","type":"L","timestamp":"2023-11-09 13:56:04"},{"nodeID":"1342057","text":"Asserting","type":"YA","timestamp":"2023-11-09 13:56:04"},{"nodeID":"1342058","text":"Default Transition","type":"TA","timestamp":"2023-11-09 13:56:04"},{"nodeID":"1342059","text":"Default Inference","type":"RA","timestamp":"2023-11-09 13:56:04"},{"nodeID":"1342060","text":"Arguing","type":"YA","timestamp":"2023-11-09 13:56:04"},{"nodeID":"1342061","text":"David Lammy: you cannot cut local authority budgets by up to 40 per cent and expect people not to get out of hospital","type":"L","timestamp":"2023-11-09 13:56:05"},{"nodeID":"1342062","text":"Analysing","type":"YA","timestamp":"2023-11-09 13:56:05"},{"nodeID":"1342063","text":"Nette: David Lammy: you cannot cut local authority budgets by up to 40 per cent and expect people not to get out of hospital","type":"L","timestamp":"2023-11-09 13:56:05"},{"nodeID":"1342064","text":"Asserting","type":"YA","timestamp":"2023-11-09 13:56:05"},{"nodeID":"1342065","text":"Default Transition","type":"TA","timestamp":"2023-11-09 13:56:05"},{"nodeID":"1342066","text":"the patients have got nowhere to go","type":"I","timestamp":"2023-11-09 13:56:06"},{"nodeID":"1342067","text":"David Lammy: They\u2019ve got nowhere to go","type":"L","timestamp":"2023-11-09 13:56:06"},{"nodeID":"1342068","text":"Analysing","type":"YA","timestamp":"2023-11-09 13:56:06"},{"nodeID":"1342069","text":"Nette: David Lammy: They\u2019ve got nowhere to go","type":"L","timestamp":"2023-11-09 13:56:06"},{"nodeID":"1342070","text":"Asserting","type":"YA","timestamp":"2023-11-09 13:56:06"},{"nodeID":"1342071","text":"Default Transition","type":"TA","timestamp":"2023-11-09 13:56:06"},{"nodeID":"1342072","text":"Default Inference","type":"RA","timestamp":"2023-11-09 13:56:06"},{"nodeID":"1342073","text":"Arguing","type":"YA","timestamp":"2023-11-09 13:56:06"},{"nodeID":"1342074","text":"David Lammy: we\u2019ve got a social care crisis","type":"L","timestamp":"2023-11-09 13:56:06"},{"nodeID":"1342075","text":"Analysing","type":"YA","timestamp":"2023-11-09 13:56:06"},{"nodeID":"1342076","text":"Nette: David Lammy: we\u2019ve got a social care crisis","type":"L","timestamp":"2023-11-09 13:56:06"},{"nodeID":"1342077","text":"Asserting","type":"YA","timestamp":"2023-11-09 13:56:06"},{"nodeID":"1342078","text":"Default Inference","type":"RA","timestamp":"2023-11-09 13:56:06"},{"nodeID":"1342079","text":"Default Transition","type":"TA","timestamp":"2023-11-09 13:56:06"},{"nodeID":"1342080","text":"Arguing","type":"YA","timestamp":"2023-11-09 13:56:06"},{"nodeID":"1342081","text":"Julia Hartley-Brewer: We should be really angry about it","type":"L","timestamp":"2023-11-09 13:56:07"},{"nodeID":"1342082","text":"Analysing","type":"YA","timestamp":"2023-11-09 13:56:07"},{"nodeID":"1342083","text":"Nette: Julia Hartley-Brewer: We should be really angry about it","type":"L","timestamp":"2023-11-09 13:56:07"},{"nodeID":"1342084","text":"Asserting","type":"YA","timestamp":"2023-11-09 13:56:07"},{"nodeID":"1342085","text":"we're investing","type":"I","timestamp":"2023-11-09 13:56:08"},{"nodeID":"1342086","text":"Fiona Bruce: We\u2019re investing","type":"L","timestamp":"2023-11-09 13:56:08"},{"nodeID":"1342087","text":"Analysing","type":"YA","timestamp":"2023-11-09 13:56:08"},{"nodeID":"1342088","text":"Nette: Fiona Bruce: We\u2019re investing","type":"L","timestamp":"2023-11-09 13:56:08"},{"nodeID":"1342089","text":"Asserting","type":"YA","timestamp":"2023-11-09 13:56:08"},{"nodeID":"1342090","text":"we're investing significant funds into the NHS","type":"I","timestamp":"2023-11-09 13:56:08"},{"nodeID":"1342091","text":"Fiona Bruce: We\u2019re investing significant funds into the NHS","type":"L","timestamp":"2023-11-09 13:56:08"},{"nodeID":"1342092","text":"Analysing","type":"YA","timestamp":"2023-11-09 13:56:08"},{"nodeID":"1342093","text":"Nette: Fiona Bruce: We\u2019re investing significant funds into the NHS","type":"L","timestamp":"2023-11-09 13:56:08"},{"nodeID":"1342094","text":"Asserting","type":"YA","timestamp":"2023-11-09 13:56:08"},{"nodeID":"1342095","text":"Default Transition","type":"TA","timestamp":"2023-11-09 13:56:08"},{"nodeID":"1342096","text":"Default Rephrase","type":"MA","timestamp":"2023-11-09 13:56:08"},{"nodeID":"1342097","text":"Restating","type":"YA","timestamp":"2023-11-09 13:56:08"},{"nodeID":"1342098","text":"Fiona Bruce: we\u2019re investing significant funds into social care","type":"L","timestamp":"2023-11-09 13:56:09"},{"nodeID":"1342099","text":"Analysing","type":"YA","timestamp":"2023-11-09 13:56:09"},{"nodeID":"1342100","text":"Nette: Fiona Bruce: we\u2019re investing significant funds into social care","type":"L","timestamp":"2023-11-09 13:56:09"},{"nodeID":"1342101","text":"Asserting","type":"YA","timestamp":"2023-11-09 13:56:09"},{"nodeID":"1342102","text":"Default Transition","type":"TA","timestamp":"2023-11-09 13:56:09"},{"nodeID":"1342103","text":"Default Rephrase","type":"MA","timestamp":"2023-11-09 13:56:09"},{"nodeID":"1342104","text":"Restating","type":"YA","timestamp":"2023-11-09 13:56:09"},{"nodeID":"1342105","text":"the population is getting older, people need and can receive more support","type":"I","timestamp":"2023-11-09 13:56:10"},{"nodeID":"1342106","text":"Fiona Bruce: the population is getting older, people need and can receive more support","type":"L","timestamp":"2023-11-09 13:56:10"},{"nodeID":"1342107","text":"Analysing","type":"YA","timestamp":"2023-11-09 13:56:10"},{"nodeID":"1342108","text":"Nette: Fiona Bruce: the population is getting older, people need and can receive more support","type":"L","timestamp":"2023-11-09 13:56:10"},{"nodeID":"1342109","text":"Asserting","type":"YA","timestamp":"2023-11-09 13:56:10"},{"nodeID":"1342110","text":"Default Transition","type":"TA","timestamp":"2023-11-09 13:56:10"},{"nodeID":"1342111","text":"Default Conflict","type":"CA","timestamp":"2023-11-09 13:56:10"},{"nodeID":"1342112","text":"Disagreeing","type":"YA","timestamp":"2023-11-09 13:56:10"},{"nodeID":"1342113","text":"Fiona Bruce: they are getting that","type":"L","timestamp":"2023-11-09 13:56:10"},{"nodeID":"1342114","text":"Analysing","type":"YA","timestamp":"2023-11-09 13:56:10"},{"nodeID":"1342115","text":"Nette: Fiona Bruce: they are getting that","type":"L","timestamp":"2023-11-09 13:56:10"},{"nodeID":"1342116","text":"Asserting","type":"YA","timestamp":"2023-11-09 13:56:10"},{"nodeID":"1342117","text":"Default Transition","type":"TA","timestamp":"2023-11-09 13:56:10"},{"nodeID":"1342118","text":"Default Inference","type":"RA","timestamp":"2023-11-09 13:56:10"},{"nodeID":"1342119","text":"Arguing","type":"YA","timestamp":"2023-11-09 13:56:10"},{"nodeID":"1342120","text":"we absolutely recognise that there are issues with funding social care","type":"I","timestamp":"2023-11-09 13:56:11"},{"nodeID":"1342121","text":"Fiona Bruce: we absolutely recognise that there are issues","type":"L","timestamp":"2023-11-09 13:56:11"},{"nodeID":"1342122","text":"Analysing","type":"YA","timestamp":"2023-11-09 13:56:11"},{"nodeID":"1342123","text":"Nette: Fiona Bruce: we absolutely recognise that there are issues","type":"L","timestamp":"2023-11-09 13:56:11"},{"nodeID":"1342124","text":"Asserting","type":"YA","timestamp":"2023-11-09 13:56:11"},{"nodeID":"1342125","text":"Default Transition","type":"TA","timestamp":"2023-11-09 13:56:11"},{"nodeID":"1342126","text":"we absolutely recognise that there are backlogs in funding social care","type":"I","timestamp":"2023-11-09 13:56:11"},{"nodeID":"1342127","text":"Fiona Bruce: We absolutely recognise that there are backlogs","type":"L","timestamp":"2023-11-09 13:56:11"},{"nodeID":"1342128","text":"Analysing","type":"YA","timestamp":"2023-11-09 13:56:11"},{"nodeID":"1342129","text":"Nette: Fiona Bruce: We absolutely recognise that there are backlogs","type":"L","timestamp":"2023-11-09 13:56:11"},{"nodeID":"1342130","text":"Asserting","type":"YA","timestamp":"2023-11-09 13:56:11"},{"nodeID":"1342131","text":"Default Transition","type":"TA","timestamp":"2023-11-09 13:56:11"},{"nodeID":"1342132","text":"Default Rephrase","type":"MA","timestamp":"2023-11-09 13:56:11"},{"nodeID":"1342133","text":"Restating","type":"YA","timestamp":"2023-11-09 13:56:11"},{"nodeID":"1342134","text":"we\u2019re committed to dealing with those issues of funding social care","type":"I","timestamp":"2023-11-09 13:56:12"},{"nodeID":"1342135","text":"Fiona Bruce: we\u2019re committed to dealing with those","type":"L","timestamp":"2023-11-09 13:56:12"},{"nodeID":"1342136","text":"Analysing","type":"YA","timestamp":"2023-11-09 13:56:12"},{"nodeID":"1342137","text":"Nette: Fiona Bruce: we\u2019re committed to dealing with those","type":"L","timestamp":"2023-11-09 13:56:12"},{"nodeID":"1342138","text":"Asserting","type":"YA","timestamp":"2023-11-09 13:56:12"},{"nodeID":"1342139","text":"Default Transition","type":"TA","timestamp":"2023-11-09 13:56:12"},{"nodeID":"1342140","text":"Default Conflict","type":"CA","timestamp":"2023-11-09 13:56:12"},{"nodeID":"1342141","text":"Disagreeing","type":"YA","timestamp":"2023-11-09 13:56:12"},{"nodeID":"1342142","text":"Fiona Bruce is not going to pretend that there are easy answers to these very difficult questions of how to fund social care","type":"I","timestamp":"2023-11-09 13:56:13"},{"nodeID":"1342143","text":"Fiona Bruce: I\u2019m not going to pretend that there are easy answers to these very difficult questions","type":"L","timestamp":"2023-11-09 13:56:13"},{"nodeID":"1342144","text":"Analysing","type":"YA","timestamp":"2023-11-09 13:56:13"},{"nodeID":"1342145","text":"Nette: Fiona Bruce: I\u2019m not going to pretend that there are easy answers to these very difficult questions","type":"L","timestamp":"2023-11-09 13:56:13"},{"nodeID":"1342146","text":"Asserting","type":"YA","timestamp":"2023-11-09 13:56:13"},{"nodeID":"1342147","text":"Default Transition","type":"TA","timestamp":"2023-11-09 13:56:13"},{"nodeID":"1342148","text":"it\u2019s not just the crises of funding the NHS","type":"I","timestamp":"2023-11-09 13:56:13"},{"nodeID":"1342149","text":"David Lammy: it\u2019s not just the NHS","type":"L","timestamp":"2023-11-09 13:56:13"},{"nodeID":"1342150","text":"Analysing","type":"YA","timestamp":"2023-11-09 13:56:13"},{"nodeID":"1342151","text":"Nette: David Lammy: it\u2019s not just the NHS","type":"L","timestamp":"2023-11-09 13:56:13"},{"nodeID":"1342152","text":"Asserting","type":"YA","timestamp":"2023-11-09 13:56:13"},{"nodeID":"1342153","text":"Default Transition","type":"TA","timestamp":"2023-11-09 13:56:13"},{"nodeID":"1342154","text":"Default Inference","type":"RA","timestamp":"2023-11-09 13:56:13"},{"nodeID":"1342155","text":"Arguing","type":"YA","timestamp":"2023-11-09 13:56:13"},{"nodeID":"1342156","text":"the government is investing in social care","type":"I","timestamp":"2023-11-09 13:56:14"},{"nodeID":"1342157","text":"Analysing","type":"YA","timestamp":"2023-11-09 13:56:14"},{"nodeID":"1342158","text":"Asserting","type":"YA","timestamp":"2023-11-09 13:56:14"},{"nodeID":"1342159","text":"Fiona Bruce: You can get really angry about it","type":"L","timestamp":"2023-11-09 13:56:15"},{"nodeID":"1342160","text":"Analysing","type":"YA","timestamp":"2023-11-09 13:56:15"},{"nodeID":"1342161","text":"Nette: Fiona Bruce: You can get really angry about it","type":"L","timestamp":"2023-11-09 13:56:15"},{"nodeID":"1342162","text":"Asserting","type":"YA","timestamp":"2023-11-09 13:56:15"},{"nodeID":"1342163","text":"Analysing","type":"YA","timestamp":"2023-11-09 13:56:15"},{"nodeID":"1342164","text":"Asserting","type":"YA","timestamp":"2023-11-09 13:56:15"},{"nodeID":"1342165","text":"Default Rephrase","type":"MA","timestamp":"2023-11-09 13:56:15"},{"nodeID":"1342166","text":"Default Transition","type":"TA","timestamp":"2023-11-09 13:56:15"},{"nodeID":"1342167","text":"Restating","type":"YA","timestamp":"2023-11-09 13:56:15"},{"nodeID":"1342168","text":"Default Rephrase","type":"MA","timestamp":"2023-11-09 13:56:15"},{"nodeID":"1342169","text":"Default Transition","type":"TA","timestamp":"2023-11-09 13:56:15"},{"nodeID":"1342170","text":"Restating","type":"YA","timestamp":"2023-11-09 13:56:15"},{"nodeID":"1342171","text":"Default Conflict","type":"CA","timestamp":"2023-11-09 13:56:15"},{"nodeID":"1342172","text":"Default Transition","type":"TA","timestamp":"2023-11-09 13:56:15"},{"nodeID":"1342173","text":"Disagreeing","type":"YA","timestamp":"2023-11-09 13:56:15"},{"nodeID":"1342174","text":"Default Rephrase","type":"MA","timestamp":"2023-11-09 13:56:15"},{"nodeID":"1342175","text":"Default Transition","type":"TA","timestamp":"2023-11-09 13:56:15"},{"nodeID":"1342176","text":"Restating","type":"YA","timestamp":"2023-11-09 13:56:15"},{"nodeID":"1342177","text":"Default Transition","type":"TA","timestamp":"2023-11-09 13:56:15"}],"edges":[{"edgeID":"1758844","fromID":"1342051","toID":"1342050","formEdgeID":null},{"edgeID":"1758845","fromID":"1342052","toID":"1342051","formEdgeID":null},{"edgeID":"1758846","fromID":"1342050","toID":"1342053","formEdgeID":null},{"edgeID":"1758847","fromID":"1342053","toID":"1342049","formEdgeID":null},{"edgeID":"1758848","fromID":"1342055","toID":"1342054","formEdgeID":null},{"edgeID":"1758849","fromID":"1342056","toID":"1342055","formEdgeID":null},{"edgeID":"1758850","fromID":"1342054","toID":"1342057","formEdgeID":null},{"edgeID":"1758851","fromID":"1342057","toID":"1150567","formEdgeID":null},{"edgeID":"1758852","fromID":"1342050","toID":"1342058","formEdgeID":null},{"edgeID":"1758853","fromID":"1342058","toID":"1342054","formEdgeID":null},{"edgeID":"1758854","fromID":"1150567","toID":"1342059","formEdgeID":null},{"edgeID":"1758855","fromID":"1342059","toID":"1342049","formEdgeID":null},{"edgeID":"1758856","fromID":"1342058","toID":"1342060","formEdgeID":null},{"edgeID":"1758857","fromID":"1342060","toID":"1342059","formEdgeID":null},{"edgeID":"1758858","fromID":"1342062","toID":"1342061","formEdgeID":null},{"edgeID":"1758859","fromID":"1342063","toID":"1342062","formEdgeID":null},{"edgeID":"1758860","fromID":"1342061","toID":"1342064","formEdgeID":null},{"edgeID":"1758861","fromID":"1342064","toID":"1150573","formEdgeID":null},{"edgeID":"1758862","fromID":"1342054","toID":"1342065","formEdgeID":null},{"edgeID":"1758863","fromID":"1342065","toID":"1342061","formEdgeID":null},{"edgeID":"1758864","fromID":"1342068","toID":"1342067","formEdgeID":null},{"edgeID":"1758865","fromID":"1342069","toID":"1342068","formEdgeID":null},{"edgeID":"1758866","fromID":"1342067","toID":"1342070","formEdgeID":null},{"edgeID":"1758867","fromID":"1342070","toID":"1342066","formEdgeID":null},{"edgeID":"1758868","fromID":"1342061","toID":"1342071","formEdgeID":null},{"edgeID":"1758869","fromID":"1342071","toID":"1342067","formEdgeID":null},{"edgeID":"1758870","fromID":"1342066","toID":"1342072","formEdgeID":null},{"edgeID":"1758871","fromID":"1342072","toID":"1150573","formEdgeID":null},{"edgeID":"1758872","fromID":"1342071","toID":"1342073","formEdgeID":null},{"edgeID":"1758873","fromID":"1342073","toID":"1342072","formEdgeID":null},{"edgeID":"1758874","fromID":"1342075","toID":"1342074","formEdgeID":null},{"edgeID":"1758875","fromID":"1342076","toID":"1342075","formEdgeID":null},{"edgeID":"1758876","fromID":"1342074","toID":"1342077","formEdgeID":null},{"edgeID":"1758877","fromID":"1342077","toID":"1150583","formEdgeID":null},{"edgeID":"1758878","fromID":"1150583","toID":"1342078","formEdgeID":null},{"edgeID":"1758879","fromID":"1342078","toID":"1342066","formEdgeID":null},{"edgeID":"1758880","fromID":"1342067","toID":"1342079","formEdgeID":null},{"edgeID":"1758881","fromID":"1342079","toID":"1342074","formEdgeID":null},{"edgeID":"1758882","fromID":"1342079","toID":"1342080","formEdgeID":null},{"edgeID":"1758883","fromID":"1342080","toID":"1342078","formEdgeID":null},{"edgeID":"1758884","fromID":"1342082","toID":"1342081","formEdgeID":null},{"edgeID":"1758885","fromID":"1342083","toID":"1342082","formEdgeID":null},{"edgeID":"1758886","fromID":"1342081","toID":"1342084","formEdgeID":null},{"edgeID":"1758887","fromID":"1342084","toID":"1150608","formEdgeID":null},{"edgeID":"1758888","fromID":"1342087","toID":"1342086","formEdgeID":null},{"edgeID":"1758889","fromID":"1342088","toID":"1342087","formEdgeID":null},{"edgeID":"1758890","fromID":"1342086","toID":"1342089","formEdgeID":null},{"edgeID":"1758891","fromID":"1342089","toID":"1342085","formEdgeID":null},{"edgeID":"1758892","fromID":"1342092","toID":"1342091","formEdgeID":null},{"edgeID":"1758893","fromID":"1342093","toID":"1342092","formEdgeID":null},{"edgeID":"1758894","fromID":"1342091","toID":"1342094","formEdgeID":null},{"edgeID":"1758895","fromID":"1342094","toID":"1342090","formEdgeID":null},{"edgeID":"1758896","fromID":"1342086","toID":"1342095","formEdgeID":null},{"edgeID":"1758897","fromID":"1342095","toID":"1342091","formEdgeID":null},{"edgeID":"1758898","fromID":"1342090","toID":"1342096","formEdgeID":null},{"edgeID":"1758899","fromID":"1342096","toID":"1342085","formEdgeID":null},{"edgeID":"1758900","fromID":"1342095","toID":"1342097","formEdgeID":null},{"edgeID":"1758901","fromID":"1342097","toID":"1342096","formEdgeID":null},{"edgeID":"1758902","fromID":"1342099","toID":"1342098","formEdgeID":null},{"edgeID":"1758903","fromID":"1342100","toID":"1342099","formEdgeID":null},{"edgeID":"1758904","fromID":"1342098","toID":"1342101","formEdgeID":null},{"edgeID":"1758905","fromID":"1342101","toID":"1150624","formEdgeID":null},{"edgeID":"1758906","fromID":"1342091","toID":"1342102","formEdgeID":null},{"edgeID":"1758907","fromID":"1342102","toID":"1342098","formEdgeID":null},{"edgeID":"1758908","fromID":"1150624","toID":"1342103","formEdgeID":null},{"edgeID":"1758909","fromID":"1342103","toID":"1342090","formEdgeID":null},{"edgeID":"1758910","fromID":"1342102","toID":"1342104","formEdgeID":null},{"edgeID":"1758911","fromID":"1342104","toID":"1342103","formEdgeID":null},{"edgeID":"1758912","fromID":"1342107","toID":"1342106","formEdgeID":null},{"edgeID":"1758913","fromID":"1342108","toID":"1342107","formEdgeID":null},{"edgeID":"1758914","fromID":"1342106","toID":"1342109","formEdgeID":null},{"edgeID":"1758915","fromID":"1342109","toID":"1342105","formEdgeID":null},{"edgeID":"1758916","fromID":"1342098","toID":"1342110","formEdgeID":null},{"edgeID":"1758917","fromID":"1342110","toID":"1342106","formEdgeID":null},{"edgeID":"1758918","fromID":"1342105","toID":"1342111","formEdgeID":null},{"edgeID":"1758919","fromID":"1342111","toID":"1150624","formEdgeID":null},{"edgeID":"1758920","fromID":"1342110","toID":"1342112","formEdgeID":null},{"edgeID":"1758921","fromID":"1342112","toID":"1342111","formEdgeID":null},{"edgeID":"1758922","fromID":"1342114","toID":"1342113","formEdgeID":null},{"edgeID":"1758923","fromID":"1342115","toID":"1342114","formEdgeID":null},{"edgeID":"1758924","fromID":"1342113","toID":"1342116","formEdgeID":null},{"edgeID":"1758925","fromID":"1342116","toID":"1150642","formEdgeID":null},{"edgeID":"1758926","fromID":"1342106","toID":"1342117","formEdgeID":null},{"edgeID":"1758927","fromID":"1342117","toID":"1342113","formEdgeID":null},{"edgeID":"1758928","fromID":"1342105","toID":"1342118","formEdgeID":null},{"edgeID":"1758929","fromID":"1342118","toID":"1150642","formEdgeID":null},{"edgeID":"1758930","fromID":"1342117","toID":"1342119","formEdgeID":null},{"edgeID":"1758931","fromID":"1342119","toID":"1342118","formEdgeID":null},{"edgeID":"1758932","fromID":"1342122","toID":"1342121","formEdgeID":null},{"edgeID":"1758933","fromID":"1342123","toID":"1342122","formEdgeID":null},{"edgeID":"1758934","fromID":"1342121","toID":"1342124","formEdgeID":null},{"edgeID":"1758935","fromID":"1342124","toID":"1342120","formEdgeID":null},{"edgeID":"1758936","fromID":"1342113","toID":"1342125","formEdgeID":null},{"edgeID":"1758937","fromID":"1342125","toID":"1342121","formEdgeID":null},{"edgeID":"1758938","fromID":"1342128","toID":"1342127","formEdgeID":null},{"edgeID":"1758939","fromID":"1342129","toID":"1342128","formEdgeID":null},{"edgeID":"1758940","fromID":"1342127","toID":"1342130","formEdgeID":null},{"edgeID":"1758941","fromID":"1342130","toID":"1342126","formEdgeID":null},{"edgeID":"1758942","fromID":"1342121","toID":"1342131","formEdgeID":null},{"edgeID":"1758943","fromID":"1342131","toID":"1342127","formEdgeID":null},{"edgeID":"1758944","fromID":"1342126","toID":"1342132","formEdgeID":null},{"edgeID":"1758945","fromID":"1342132","toID":"1342120","formEdgeID":null},{"edgeID":"1758946","fromID":"1342131","toID":"1342133","formEdgeID":null},{"edgeID":"1758947","fromID":"1342133","toID":"1342132","formEdgeID":null},{"edgeID":"1758948","fromID":"1342136","toID":"1342135","formEdgeID":null},{"edgeID":"1758949","fromID":"1342137","toID":"1342136","formEdgeID":null},{"edgeID":"1758950","fromID":"1342135","toID":"1342138","formEdgeID":null},{"edgeID":"1758951","fromID":"1342138","toID":"1342134","formEdgeID":null},{"edgeID":"1758952","fromID":"1342127","toID":"1342139","formEdgeID":null},{"edgeID":"1758953","fromID":"1342139","toID":"1342135","formEdgeID":null},{"edgeID":"1758954","fromID":"1342134","toID":"1342140","formEdgeID":null},{"edgeID":"1758955","fromID":"1342140","toID":"1342126","formEdgeID":null},{"edgeID":"1758956","fromID":"1342139","toID":"1342141","formEdgeID":null},{"edgeID":"1758957","fromID":"1342141","toID":"1342140","formEdgeID":null},{"edgeID":"1758958","fromID":"1342144","toID":"1342143","formEdgeID":null},{"edgeID":"1758959","fromID":"1342145","toID":"1342144","formEdgeID":null},{"edgeID":"1758960","fromID":"1342143","toID":"1342146","formEdgeID":null},{"edgeID":"1758961","fromID":"1342146","toID":"1342142","formEdgeID":null},{"edgeID":"1758962","fromID":"1342135","toID":"1342147","formEdgeID":null},{"edgeID":"1758963","fromID":"1342147","toID":"1342143","formEdgeID":null},{"edgeID":"1758964","fromID":"1342150","toID":"1342149","formEdgeID":null},{"edgeID":"1758965","fromID":"1342151","toID":"1342150","formEdgeID":null},{"edgeID":"1758966","fromID":"1342149","toID":"1342152","formEdgeID":null},{"edgeID":"1758967","fromID":"1342152","toID":"1342148","formEdgeID":null},{"edgeID":"1758968","fromID":"1342074","toID":"1342153","formEdgeID":null},{"edgeID":"1758969","fromID":"1342153","toID":"1342149","formEdgeID":null},{"edgeID":"1758970","fromID":"1150583","toID":"1342154","formEdgeID":null},{"edgeID":"1758971","fromID":"1342154","toID":"1342148","formEdgeID":null},{"edgeID":"1758972","fromID":"1342153","toID":"1342155","formEdgeID":null},{"edgeID":"1758973","fromID":"1342155","toID":"1342154","formEdgeID":null},{"edgeID":"1758974","fromID":"1342157","toID":"1342086","formEdgeID":null},{"edgeID":"1758975","fromID":"1342088","toID":"1342157","formEdgeID":null},{"edgeID":"1758976","fromID":"1342086","toID":"1342158","formEdgeID":null},{"edgeID":"1758977","fromID":"1342158","toID":"1342156","formEdgeID":null},{"edgeID":"1758978","fromID":"1342160","toID":"1342159","formEdgeID":null},{"edgeID":"1758979","fromID":"1342161","toID":"1342160","formEdgeID":null},{"edgeID":"1758980","fromID":"1342159","toID":"1342162","formEdgeID":null},{"edgeID":"1758981","fromID":"1342162","toID":"1150596","formEdgeID":null},{"edgeID":"1758982","fromID":"1342163","toID":"1342086","formEdgeID":null},{"edgeID":"1758983","fromID":"1342088","toID":"1342163","formEdgeID":null},{"edgeID":"1758984","fromID":"1342086","toID":"1342164","formEdgeID":null},{"edgeID":"1758985","fromID":"1342164","toID":"1342085","formEdgeID":null},{"edgeID":"1758986","fromID":"1342085","toID":"1342165","formEdgeID":null},{"edgeID":"1758987","fromID":"1342165","toID":"1342156","formEdgeID":null},{"edgeID":"1758988","fromID":"1342086","toID":"1342166","formEdgeID":null},{"edgeID":"1758989","fromID":"1342166","toID":"1342086","formEdgeID":null},{"edgeID":"1758990","fromID":"1342166","toID":"1342167","formEdgeID":null},{"edgeID":"1758991","fromID":"1342167","toID":"1342165","formEdgeID":null},{"edgeID":"1758992","fromID":"1150608","toID":"1342168","formEdgeID":null},{"edgeID":"1758993","fromID":"1342168","toID":"1150596","formEdgeID":null},{"edgeID":"1758994","fromID":"1342159","toID":"1342169","formEdgeID":null},{"edgeID":"1758995","fromID":"1342169","toID":"1342081","formEdgeID":null},{"edgeID":"1758996","fromID":"1342169","toID":"1342170","formEdgeID":null},{"edgeID":"1758997","fromID":"1342170","toID":"1342168","formEdgeID":null},{"edgeID":"1758998","fromID":"1342156","toID":"1342171","formEdgeID":null},{"edgeID":"1758999","fromID":"1342171","toID":"1150573","formEdgeID":null},{"edgeID":"1759000","fromID":"1342061","toID":"1342172","formEdgeID":null},{"edgeID":"1759001","fromID":"1342172","toID":"1342086","formEdgeID":null},{"edgeID":"1759002","fromID":"1342172","toID":"1342173","formEdgeID":null},{"edgeID":"1759003","fromID":"1342173","toID":"1342171","formEdgeID":null},{"edgeID":"1759004","fromID":"1342085","toID":"1342174","formEdgeID":null},{"edgeID":"1759005","fromID":"1342174","toID":"1342085","formEdgeID":null},{"edgeID":"1759006","fromID":"1342086","toID":"1342175","formEdgeID":null},{"edgeID":"1759007","fromID":"1342175","toID":"1342086","formEdgeID":null},{"edgeID":"1759008","fromID":"1342175","toID":"1342176","formEdgeID":null},{"edgeID":"1759009","fromID":"1342176","toID":"1342174","formEdgeID":null},{"edgeID":"1759010","fromID":"1342086","toID":"1342177","formEdgeID":null},{"edgeID":"1759011","fromID":"1342177","toID":"1342159","formEdgeID":null}],"locutions":[]}