{"nodes":[{"nodeID":"1352826","text":"politicians are uniquely now about xxx","type":"I","timestamp":"2023-11-09 14:12:32"},{"nodeID":"1352827","text":"Julia Hartley-Brewer: What are politicians uniquely now about","type":"L","timestamp":"2023-11-09 14:12:32"},{"nodeID":"1352828","text":"Analysing","type":"YA","timestamp":"2023-11-09 14:12:32"},{"nodeID":"1352829","text":"Lara: Julia Hartley-Brewer: What are politicians uniquely now about","type":"L","timestamp":"2023-11-09 14:12:32"},{"nodeID":"1352830","text":"Pure Questioning","type":"YA","timestamp":"2023-11-09 14:12:32"},{"nodeID":"1352831","text":"political satire is dead","type":"I","timestamp":"2023-11-09 14:12:33"},{"nodeID":"1352832","text":"Julia Hartley-Brewer: political satire is dead","type":"L","timestamp":"2023-11-09 14:12:33"},{"nodeID":"1352833","text":"Analysing","type":"YA","timestamp":"2023-11-09 14:12:33"},{"nodeID":"1352834","text":"Lara: Julia Hartley-Brewer: political satire is dead","type":"L","timestamp":"2023-11-09 14:12:33"},{"nodeID":"1352835","text":"Asserting","type":"YA","timestamp":"2023-11-09 14:12:33"},{"nodeID":"1352836","text":"we can safely say that political satire is dead","type":"I","timestamp":"2023-11-09 14:12:33"},{"nodeID":"1352837","text":"Julia Hartley-Brewer: we can safely say that","type":"L","timestamp":"2023-11-09 14:12:33"},{"nodeID":"1352838","text":"Analysing","type":"YA","timestamp":"2023-11-09 14:12:33"},{"nodeID":"1352839","text":"Lara: Julia Hartley-Brewer: we can safely say that","type":"L","timestamp":"2023-11-09 14:12:33"},{"nodeID":"1352840","text":"Asserting","type":"YA","timestamp":"2023-11-09 14:12:33"},{"nodeID":"1352841","text":"Default Transition","type":"TA","timestamp":"2023-11-09 14:12:33"},{"nodeID":"1352842","text":"Default Rephrase","type":"MA","timestamp":"2023-11-09 14:12:33"},{"nodeID":"1352843","text":"Restating","type":"YA","timestamp":"2023-11-09 14:12:33"},{"nodeID":"1352844","text":"Julia Hartley-Brewer is going to say something that\u2019s going to be among the many unpopular things she has said tonight","type":"I","timestamp":"2023-11-09 14:12:34"},{"nodeID":"1352845","text":"Julia Hartley-Brewer: I\u2019m going to say something that\u2019s going to be among the many unpopular things I\u2019ve said tonight","type":"L","timestamp":"2023-11-09 14:12:34"},{"nodeID":"1352846","text":"Analysing","type":"YA","timestamp":"2023-11-09 14:12:34"},{"nodeID":"1352847","text":"Lara: Julia Hartley-Brewer: I\u2019m going to say something that\u2019s going to be among the many unpopular things I\u2019ve said tonight","type":"L","timestamp":"2023-11-09 14:12:34"},{"nodeID":"1352848","text":"Asserting","type":"YA","timestamp":"2023-11-09 14:12:34"},{"nodeID":"1352849","text":"Default Transition","type":"TA","timestamp":"2023-11-09 14:12:34"},{"nodeID":"1352850","text":"Julia Hartley-Brewer includes both the politicians in what she is going to say","type":"I","timestamp":"2023-11-09 14:12:35"},{"nodeID":"1352851","text":"Julia Hartley-Brewer: I include both the politicians here","type":"L","timestamp":"2023-11-09 14:12:35"},{"nodeID":"1352852","text":"Analysing","type":"YA","timestamp":"2023-11-09 14:12:35"},{"nodeID":"1352853","text":"Lara: Julia Hartley-Brewer: I include both the politicians here","type":"L","timestamp":"2023-11-09 14:12:35"},{"nodeID":"1352854","text":"Asserting","type":"YA","timestamp":"2023-11-09 14:12:35"},{"nodeID":"1352855","text":"Julia Hartley-Brewer includes most of the politicians she has met in what she is going to say","type":"I","timestamp":"2023-11-09 14:12:36"},{"nodeID":"1352856","text":"Julia Hartley-Brewer: actually most of the politicians I\u2019ve met","type":"L","timestamp":"2023-11-09 14:12:36"},{"nodeID":"1352857","text":"Analysing","type":"YA","timestamp":"2023-11-09 14:12:36"},{"nodeID":"1352858","text":"Lara: Julia Hartley-Brewer: actually most of the politicians I\u2019ve met","type":"L","timestamp":"2023-11-09 14:12:36"},{"nodeID":"1352859","text":"Asserting","type":"YA","timestamp":"2023-11-09 14:12:36"},{"nodeID":"1352860","text":"Default Transition","type":"TA","timestamp":"2023-11-09 14:12:36"},{"nodeID":"1352861","text":"Default Transition","type":"TA","timestamp":"2023-11-09 14:12:36"},{"nodeID":"1352862","text":"Default Rephrase","type":"MA","timestamp":"2023-11-09 14:12:36"},{"nodeID":"1352863","text":"Restating","type":"YA","timestamp":"2023-11-09 14:12:36"},{"nodeID":"1352864","text":"Julia Hartley-Brewer has been working in the political world for about 25 years","type":"I","timestamp":"2023-11-09 14:12:36"},{"nodeID":"1352865","text":"Julia Hartley-Brewer: I\u2019ve been working in the political world for about 25 years","type":"L","timestamp":"2023-11-09 14:12:36"},{"nodeID":"1352866","text":"Analysing","type":"YA","timestamp":"2023-11-09 14:12:36"},{"nodeID":"1352867","text":"Lara: Julia Hartley-Brewer: I\u2019ve been working in the political world for about 25 years","type":"L","timestamp":"2023-11-09 14:12:36"},{"nodeID":"1352868","text":"Asserting","type":"YA","timestamp":"2023-11-09 14:12:36"},{"nodeID":"1352869","text":"Default Transition","type":"TA","timestamp":"2023-11-09 14:12:36"},{"nodeID":"1352870","text":"most politicians go into politics to try and make the country better","type":"I","timestamp":"2023-11-09 14:12:37"},{"nodeID":"1352871","text":"Julia Hartley-Brewer: most politicians go into politics to try and make the country better","type":"L","timestamp":"2023-11-09 14:12:37"},{"nodeID":"1352872","text":"Analysing","type":"YA","timestamp":"2023-11-09 14:12:37"},{"nodeID":"1352873","text":"Lara: Julia Hartley-Brewer: most politicians go into politics to try and make the country better","type":"L","timestamp":"2023-11-09 14:12:37"},{"nodeID":"1352874","text":"Asserting","type":"YA","timestamp":"2023-11-09 14:12:37"},{"nodeID":"1352875","text":"we may disagree with what the politicians want to do a lot of the time","type":"I","timestamp":"2023-11-09 14:12:38"},{"nodeID":"1352876","text":"Julia Hartley-Brewer: We may disagree with what they want to do a lot of the time","type":"L","timestamp":"2023-11-09 14:12:38"},{"nodeID":"1352877","text":"Analysing","type":"YA","timestamp":"2023-11-09 14:12:38"},{"nodeID":"1352878","text":"Lara: Julia Hartley-Brewer: We may disagree with what they want to do a lot of the time","type":"L","timestamp":"2023-11-09 14:12:38"},{"nodeID":"1352879","text":"Asserting","type":"YA","timestamp":"2023-11-09 14:12:38"},{"nodeID":"1352880","text":"we may not like the politicians' policies","type":"I","timestamp":"2023-11-09 14:12:38"},{"nodeID":"1352881","text":"Julia Hartley-Brewer: We may not like their policies","type":"L","timestamp":"2023-11-09 14:12:38"},{"nodeID":"1352882","text":"Analysing","type":"YA","timestamp":"2023-11-09 14:12:38"},{"nodeID":"1352883","text":"Lara: Julia Hartley-Brewer: We may not like their policies","type":"L","timestamp":"2023-11-09 14:12:38"},{"nodeID":"1352884","text":"Asserting","type":"YA","timestamp":"2023-11-09 14:12:38"},{"nodeID":"1352885","text":"we may not like the politicians' personalities a lot of the time","type":"I","timestamp":"2023-11-09 14:12:39"},{"nodeID":"1352886","text":"Julia Hartley-Brewer: we may not like their personalities a lot of the time","type":"L","timestamp":"2023-11-09 14:12:39"},{"nodeID":"1352887","text":"Analysing","type":"YA","timestamp":"2023-11-09 14:12:39"},{"nodeID":"1352888","text":"Lara: Julia Hartley-Brewer: we may not like their personalities a lot of the time","type":"L","timestamp":"2023-11-09 14:12:39"},{"nodeID":"1352889","text":"Asserting","type":"YA","timestamp":"2023-11-09 14:12:39"},{"nodeID":"1352890","text":"Default Transition","type":"TA","timestamp":"2023-11-09 14:12:39"},{"nodeID":"1352891","text":"Default Conflict","type":"CA","timestamp":"2023-11-09 14:12:39"},{"nodeID":"1352892","text":"Disagreeing","type":"YA","timestamp":"2023-11-09 14:12:39"},{"nodeID":"1352893","text":"Default Transition","type":"TA","timestamp":"2023-11-09 14:12:39"},{"nodeID":"1352894","text":"Default Transition","type":"TA","timestamp":"2023-11-09 14:12:39"},{"nodeID":"1352895","text":"Default Rephrase","type":"MA","timestamp":"2023-11-09 14:12:39"},{"nodeID":"1352896","text":"Restating","type":"YA","timestamp":"2023-11-09 14:12:39"},{"nodeID":"1352897","text":"Default Rephrase","type":"MA","timestamp":"2023-11-09 14:12:39"},{"nodeID":"1352898","text":"Restating","type":"YA","timestamp":"2023-11-09 14:12:39"},{"nodeID":"1352899","text":"most politicians are actually quite good people","type":"I","timestamp":"2023-11-09 14:12:40"},{"nodeID":"1352900","text":"Julia Hartley-Brewer: most politicians are actually quite good people","type":"L","timestamp":"2023-11-09 14:12:40"},{"nodeID":"1352901","text":"Analysing","type":"YA","timestamp":"2023-11-09 14:12:40"},{"nodeID":"1352902","text":"Lara: Julia Hartley-Brewer: most politicians are actually quite good people","type":"L","timestamp":"2023-11-09 14:12:40"},{"nodeID":"1352903","text":"Asserting","type":"YA","timestamp":"2023-11-09 14:12:40"},{"nodeID":"1352904","text":"Default Transition","type":"TA","timestamp":"2023-11-09 14:12:40"},{"nodeID":"1352905","text":"Default Conflict","type":"CA","timestamp":"2023-11-09 14:12:40"},{"nodeID":"1352906","text":"Disagreeing","type":"YA","timestamp":"2023-11-09 14:12:40"},{"nodeID":"1352907","text":"not all politicians are good people","type":"I","timestamp":"2023-11-09 14:12:40"},{"nodeID":"1352908","text":"Julia Hartley-Brewer: Not all of them","type":"L","timestamp":"2023-11-09 14:12:40"},{"nodeID":"1352909","text":"Analysing","type":"YA","timestamp":"2023-11-09 14:12:40"},{"nodeID":"1352910","text":"Lara: Julia Hartley-Brewer: Not all of them","type":"L","timestamp":"2023-11-09 14:12:40"},{"nodeID":"1352911","text":"Asserting","type":"YA","timestamp":"2023-11-09 14:12:40"},{"nodeID":"1352912","text":"Default Transition","type":"TA","timestamp":"2023-11-09 14:12:40"},{"nodeID":"1352913","text":"Default Conflict","type":"CA","timestamp":"2023-11-09 14:12:40"},{"nodeID":"1352914","text":"Disagreeing","type":"YA","timestamp":"2023-11-09 14:12:40"},{"nodeID":"1352915","text":"there are some horrors","type":"I","timestamp":"2023-11-09 14:12:41"},{"nodeID":"1352916","text":"Julia Hartley-Brewer: there are some horrors","type":"L","timestamp":"2023-11-09 14:12:41"},{"nodeID":"1352917","text":"Analysing","type":"YA","timestamp":"2023-11-09 14:12:41"},{"nodeID":"1352918","text":"Lara: Julia Hartley-Brewer: there are some horrors","type":"L","timestamp":"2023-11-09 14:12:41"},{"nodeID":"1352919","text":"Asserting","type":"YA","timestamp":"2023-11-09 14:12:41"},{"nodeID":"1352920","text":"Default Transition","type":"TA","timestamp":"2023-11-09 14:12:41"},{"nodeID":"1352921","text":"Default Inference","type":"RA","timestamp":"2023-11-09 14:12:41"},{"nodeID":"1352922","text":"Arguing","type":"YA","timestamp":"2023-11-09 14:12:41"},{"nodeID":"1352923","text":"we may not agree on many policies","type":"I","timestamp":"2023-11-09 14:12:42"},{"nodeID":"1352924","text":"Julia Hartley-Brewer: we may not agree on many policies","type":"L","timestamp":"2023-11-09 14:12:42"},{"nodeID":"1352925","text":"Analysing","type":"YA","timestamp":"2023-11-09 14:12:42"},{"nodeID":"1352926","text":"Lara: Julia Hartley-Brewer: we may not agree on many policies","type":"L","timestamp":"2023-11-09 14:12:42"},{"nodeID":"1352927","text":"Asserting","type":"YA","timestamp":"2023-11-09 14:12:42"},{"nodeID":"1352928","text":"Default Transition","type":"TA","timestamp":"2023-11-09 14:12:42"},{"nodeID":"1352929","text":"Default Rephrase","type":"MA","timestamp":"2023-11-09 14:12:42"},{"nodeID":"1352930","text":"Restating","type":"YA","timestamp":"2023-11-09 14:12:42"},{"nodeID":"1352931","text":"Julia Hartley-Brewer is right","type":"I","timestamp":"2023-11-09 14:12:42"},{"nodeID":"1352932","text":"Julia Hartley-Brewer: I\u2019m right","type":"L","timestamp":"2023-11-09 14:12:42"},{"nodeID":"1352933","text":"Analysing","type":"YA","timestamp":"2023-11-09 14:12:42"},{"nodeID":"1352934","text":"Lara: Julia Hartley-Brewer: I\u2019m right","type":"L","timestamp":"2023-11-09 14:12:42"},{"nodeID":"1352935","text":"Asserting","type":"YA","timestamp":"2023-11-09 14:12:42"},{"nodeID":"1352936","text":"Default Transition","type":"TA","timestamp":"2023-11-09 14:12:42"},{"nodeID":"1352937","text":"you\u2019re wrong","type":"I","timestamp":"2023-11-09 14:12:43"},{"nodeID":"1352938","text":"Julia Hartley-Brewer: you\u2019re wrong","type":"L","timestamp":"2023-11-09 14:12:43"},{"nodeID":"1352939","text":"Analysing","type":"YA","timestamp":"2023-11-09 14:12:43"},{"nodeID":"1352940","text":"Lara: Julia Hartley-Brewer: you\u2019re wrong","type":"L","timestamp":"2023-11-09 14:12:43"},{"nodeID":"1352941","text":"Asserting","type":"YA","timestamp":"2023-11-09 14:12:43"},{"nodeID":"1352942","text":"Default Transition","type":"TA","timestamp":"2023-11-09 14:12:43"},{"nodeID":"1352943","text":"Default Rephrase","type":"MA","timestamp":"2023-11-09 14:12:43"},{"nodeID":"1352944","text":"Restating","type":"YA","timestamp":"2023-11-09 14:12:43"},{"nodeID":"1352945","text":"the key thing is that actually most politicians are trying to do the right thing","type":"I","timestamp":"2023-11-09 14:12:44"},{"nodeID":"1352946","text":"Julia Hartley-Brewer: This is the key thing, is actually most politicians I think are trying to do the right thing","type":"L","timestamp":"2023-11-09 14:12:44"},{"nodeID":"1352947","text":"Analysing","type":"YA","timestamp":"2023-11-09 14:12:44"},{"nodeID":"1352948","text":"Lara: Julia Hartley-Brewer: This is the key thing, is actually most politicians I think are trying to do the right thing","type":"L","timestamp":"2023-11-09 14:12:44"},{"nodeID":"1352949","text":"Asserting","type":"YA","timestamp":"2023-11-09 14:12:44"},{"nodeID":"1352950","text":"Default Transition","type":"TA","timestamp":"2023-11-09 14:12:44"},{"nodeID":"1352951","text":"Default Rephrase","type":"MA","timestamp":"2023-11-09 14:12:44"},{"nodeID":"1352952","text":"Default Transition","type":"TA","timestamp":"2023-11-09 14:12:44"},{"nodeID":"1352953","text":"Default Conflict","type":"CA","timestamp":"2023-11-09 14:12:44"},{"nodeID":"1352954","text":"Disagreeing","type":"YA","timestamp":"2023-11-09 14:12:44"},{"nodeID":"1352955","text":"we get the politicians we deserve","type":"I","timestamp":"2023-11-09 14:12:44"},{"nodeID":"1352956","text":"Julia Hartley-Brewer: we get the politicians we deserve","type":"L","timestamp":"2023-11-09 14:12:44"},{"nodeID":"1352957","text":"Analysing","type":"YA","timestamp":"2023-11-09 14:12:44"},{"nodeID":"1352958","text":"Lara: Julia Hartley-Brewer: we get the politicians we deserve","type":"L","timestamp":"2023-11-09 14:12:44"},{"nodeID":"1352959","text":"Asserting","type":"YA","timestamp":"2023-11-09 14:12:44"},{"nodeID":"1352960","text":"Default Transition","type":"TA","timestamp":"2023-11-09 14:12:44"},{"nodeID":"1352961","text":"Fiona Bruce: We get the politicians we deserve","type":"L","timestamp":"2023-11-09 14:12:44"},{"nodeID":"1352962","text":"Analysing","type":"YA","timestamp":"2023-11-09 14:12:44"},{"nodeID":"1352963","text":"Lara: Fiona Bruce: We get the politicians we deserve","type":"L","timestamp":"2023-11-09 14:12:44"},{"nodeID":"1352964","text":"Asserting","type":"YA","timestamp":"2023-11-09 14:12:44"},{"nodeID":"1352965","text":"Default Transition","type":"TA","timestamp":"2023-11-09 14:12:44"},{"nodeID":"1352966","text":"Default Rephrase","type":"MA","timestamp":"2023-11-09 14:12:44"},{"nodeID":"1352967","text":"Restating","type":"YA","timestamp":"2023-11-09 14:12:44"},{"nodeID":"1352968","text":"Default Transition","type":"TA","timestamp":"2023-11-09 14:12:44"},{"nodeID":"1352969","text":"Default Transition","type":"TA","timestamp":"2023-11-09 14:12:44"},{"nodeID":"1352970","text":"Default Rephrase","type":"MA","timestamp":"2023-11-09 14:12:44"},{"nodeID":"1352971","text":"Default Illocuting","type":"YA","timestamp":"2023-11-09 14:12:44"}],"edges":[{"edgeID":"1771708","fromID":"1352828","toID":"1352827","formEdgeID":null},{"edgeID":"1771709","fromID":"1352829","toID":"1352828","formEdgeID":null},{"edgeID":"1771710","fromID":"1352827","toID":"1352830","formEdgeID":null},{"edgeID":"1771711","fromID":"1352830","toID":"1352826","formEdgeID":null},{"edgeID":"1771712","fromID":"1352833","toID":"1352832","formEdgeID":null},{"edgeID":"1771713","fromID":"1352834","toID":"1352833","formEdgeID":null},{"edgeID":"1771714","fromID":"1352832","toID":"1352835","formEdgeID":null},{"edgeID":"1771715","fromID":"1352835","toID":"1352831","formEdgeID":null},{"edgeID":"1771716","fromID":"1352838","toID":"1352837","formEdgeID":null},{"edgeID":"1771717","fromID":"1352839","toID":"1352838","formEdgeID":null},{"edgeID":"1771718","fromID":"1352837","toID":"1352840","formEdgeID":null},{"edgeID":"1771719","fromID":"1352840","toID":"1352836","formEdgeID":null},{"edgeID":"1771720","fromID":"1352832","toID":"1352841","formEdgeID":null},{"edgeID":"1771721","fromID":"1352841","toID":"1352837","formEdgeID":null},{"edgeID":"1771722","fromID":"1352836","toID":"1352842","formEdgeID":null},{"edgeID":"1771723","fromID":"1352842","toID":"1352831","formEdgeID":null},{"edgeID":"1771724","fromID":"1352841","toID":"1352843","formEdgeID":null},{"edgeID":"1771725","fromID":"1352843","toID":"1352842","formEdgeID":null},{"edgeID":"1771726","fromID":"1352846","toID":"1352845","formEdgeID":null},{"edgeID":"1771727","fromID":"1352847","toID":"1352846","formEdgeID":null},{"edgeID":"1771728","fromID":"1352845","toID":"1352848","formEdgeID":null},{"edgeID":"1771729","fromID":"1352848","toID":"1352844","formEdgeID":null},{"edgeID":"1771730","fromID":"1352837","toID":"1352849","formEdgeID":null},{"edgeID":"1771731","fromID":"1352849","toID":"1352845","formEdgeID":null},{"edgeID":"1771732","fromID":"1352852","toID":"1352851","formEdgeID":null},{"edgeID":"1771733","fromID":"1352853","toID":"1352852","formEdgeID":null},{"edgeID":"1771734","fromID":"1352851","toID":"1352854","formEdgeID":null},{"edgeID":"1771735","fromID":"1352854","toID":"1352850","formEdgeID":null},{"edgeID":"1771736","fromID":"1352857","toID":"1352856","formEdgeID":null},{"edgeID":"1771737","fromID":"1352858","toID":"1352857","formEdgeID":null},{"edgeID":"1771738","fromID":"1352856","toID":"1352859","formEdgeID":null},{"edgeID":"1771739","fromID":"1352859","toID":"1352855","formEdgeID":null},{"edgeID":"1771740","fromID":"1352845","toID":"1352860","formEdgeID":null},{"edgeID":"1771741","fromID":"1352860","toID":"1352851","formEdgeID":null},{"edgeID":"1771742","fromID":"1352851","toID":"1352861","formEdgeID":null},{"edgeID":"1771743","fromID":"1352861","toID":"1352856","formEdgeID":null},{"edgeID":"1771744","fromID":"1352855","toID":"1352862","formEdgeID":null},{"edgeID":"1771745","fromID":"1352862","toID":"1352850","formEdgeID":null},{"edgeID":"1771746","fromID":"1352861","toID":"1352863","formEdgeID":null},{"edgeID":"1771747","fromID":"1352863","toID":"1352862","formEdgeID":null},{"edgeID":"1771748","fromID":"1352866","toID":"1352865","formEdgeID":null},{"edgeID":"1771749","fromID":"1352867","toID":"1352866","formEdgeID":null},{"edgeID":"1771750","fromID":"1352865","toID":"1352868","formEdgeID":null},{"edgeID":"1771751","fromID":"1352868","toID":"1352864","formEdgeID":null},{"edgeID":"1771752","fromID":"1352856","toID":"1352869","formEdgeID":null},{"edgeID":"1771753","fromID":"1352869","toID":"1352865","formEdgeID":null},{"edgeID":"1771754","fromID":"1352872","toID":"1352871","formEdgeID":null},{"edgeID":"1771755","fromID":"1352873","toID":"1352872","formEdgeID":null},{"edgeID":"1771756","fromID":"1352871","toID":"1352874","formEdgeID":null},{"edgeID":"1771757","fromID":"1352874","toID":"1352870","formEdgeID":null},{"edgeID":"1771758","fromID":"1352877","toID":"1352876","formEdgeID":null},{"edgeID":"1771759","fromID":"1352878","toID":"1352877","formEdgeID":null},{"edgeID":"1771760","fromID":"1352876","toID":"1352879","formEdgeID":null},{"edgeID":"1771761","fromID":"1352879","toID":"1352875","formEdgeID":null},{"edgeID":"1771762","fromID":"1352882","toID":"1352881","formEdgeID":null},{"edgeID":"1771763","fromID":"1352883","toID":"1352882","formEdgeID":null},{"edgeID":"1771764","fromID":"1352881","toID":"1352884","formEdgeID":null},{"edgeID":"1771765","fromID":"1352884","toID":"1352880","formEdgeID":null},{"edgeID":"1771766","fromID":"1352887","toID":"1352886","formEdgeID":null},{"edgeID":"1771767","fromID":"1352888","toID":"1352887","formEdgeID":null},{"edgeID":"1771768","fromID":"1352886","toID":"1352889","formEdgeID":null},{"edgeID":"1771769","fromID":"1352889","toID":"1352885","formEdgeID":null},{"edgeID":"1771770","fromID":"1352871","toID":"1352890","formEdgeID":null},{"edgeID":"1771771","fromID":"1352890","toID":"1352876","formEdgeID":null},{"edgeID":"1771772","fromID":"1352875","toID":"1352891","formEdgeID":null},{"edgeID":"1771773","fromID":"1352891","toID":"1352870","formEdgeID":null},{"edgeID":"1771774","fromID":"1352890","toID":"1352892","formEdgeID":null},{"edgeID":"1771775","fromID":"1352892","toID":"1352891","formEdgeID":null},{"edgeID":"1771776","fromID":"1352876","toID":"1352893","formEdgeID":null},{"edgeID":"1771777","fromID":"1352893","toID":"1352881","formEdgeID":null},{"edgeID":"1771778","fromID":"1352881","toID":"1352894","formEdgeID":null},{"edgeID":"1771779","fromID":"1352894","toID":"1352886","formEdgeID":null},{"edgeID":"1771780","fromID":"1352880","toID":"1352895","formEdgeID":null},{"edgeID":"1771781","fromID":"1352895","toID":"1352875","formEdgeID":null},{"edgeID":"1771782","fromID":"1352893","toID":"1352896","formEdgeID":null},{"edgeID":"1771783","fromID":"1352896","toID":"1352895","formEdgeID":null},{"edgeID":"1771784","fromID":"1352885","toID":"1352897","formEdgeID":null},{"edgeID":"1771785","fromID":"1352897","toID":"1352880","formEdgeID":null},{"edgeID":"1771786","fromID":"1352894","toID":"1352898","formEdgeID":null},{"edgeID":"1771787","fromID":"1352898","toID":"1352897","formEdgeID":null},{"edgeID":"1771788","fromID":"1352901","toID":"1352900","formEdgeID":null},{"edgeID":"1771789","fromID":"1352902","toID":"1352901","formEdgeID":null},{"edgeID":"1771790","fromID":"1352900","toID":"1352903","formEdgeID":null},{"edgeID":"1771791","fromID":"1352903","toID":"1352899","formEdgeID":null},{"edgeID":"1771792","fromID":"1352886","toID":"1352904","formEdgeID":null},{"edgeID":"1771793","fromID":"1352904","toID":"1352900","formEdgeID":null},{"edgeID":"1771794","fromID":"1352899","toID":"1352905","formEdgeID":null},{"edgeID":"1771795","fromID":"1352905","toID":"1352885","formEdgeID":null},{"edgeID":"1771796","fromID":"1352904","toID":"1352906","formEdgeID":null},{"edgeID":"1771797","fromID":"1352906","toID":"1352905","formEdgeID":null},{"edgeID":"1771798","fromID":"1352909","toID":"1352908","formEdgeID":null},{"edgeID":"1771799","fromID":"1352910","toID":"1352909","formEdgeID":null},{"edgeID":"1771800","fromID":"1352908","toID":"1352911","formEdgeID":null},{"edgeID":"1771801","fromID":"1352911","toID":"1352907","formEdgeID":null},{"edgeID":"1771802","fromID":"1352900","toID":"1352912","formEdgeID":null},{"edgeID":"1771803","fromID":"1352912","toID":"1352908","formEdgeID":null},{"edgeID":"1771804","fromID":"1352907","toID":"1352913","formEdgeID":null},{"edgeID":"1771805","fromID":"1352913","toID":"1352899","formEdgeID":null},{"edgeID":"1771806","fromID":"1352912","toID":"1352914","formEdgeID":null},{"edgeID":"1771807","fromID":"1352914","toID":"1352913","formEdgeID":null},{"edgeID":"1771808","fromID":"1352917","toID":"1352916","formEdgeID":null},{"edgeID":"1771809","fromID":"1352918","toID":"1352917","formEdgeID":null},{"edgeID":"1771810","fromID":"1352916","toID":"1352919","formEdgeID":null},{"edgeID":"1771811","fromID":"1352919","toID":"1352915","formEdgeID":null},{"edgeID":"1771812","fromID":"1352908","toID":"1352920","formEdgeID":null},{"edgeID":"1771813","fromID":"1352920","toID":"1352916","formEdgeID":null},{"edgeID":"1771814","fromID":"1352915","toID":"1352921","formEdgeID":null},{"edgeID":"1771815","fromID":"1352921","toID":"1352907","formEdgeID":null},{"edgeID":"1771816","fromID":"1352920","toID":"1352922","formEdgeID":null},{"edgeID":"1771817","fromID":"1352922","toID":"1352921","formEdgeID":null},{"edgeID":"1771818","fromID":"1352925","toID":"1352924","formEdgeID":null},{"edgeID":"1771819","fromID":"1352926","toID":"1352925","formEdgeID":null},{"edgeID":"1771820","fromID":"1352924","toID":"1352927","formEdgeID":null},{"edgeID":"1771821","fromID":"1352927","toID":"1352923","formEdgeID":null},{"edgeID":"1771822","fromID":"1352881","toID":"1352928","formEdgeID":null},{"edgeID":"1771823","fromID":"1352928","toID":"1352924","formEdgeID":null},{"edgeID":"1771824","fromID":"1352923","toID":"1352929","formEdgeID":null},{"edgeID":"1771825","fromID":"1352929","toID":"1352880","formEdgeID":null},{"edgeID":"1771826","fromID":"1352928","toID":"1352930","formEdgeID":null},{"edgeID":"1771827","fromID":"1352930","toID":"1352929","formEdgeID":null},{"edgeID":"1771828","fromID":"1352933","toID":"1352932","formEdgeID":null},{"edgeID":"1771829","fromID":"1352934","toID":"1352933","formEdgeID":null},{"edgeID":"1771830","fromID":"1352932","toID":"1352935","formEdgeID":null},{"edgeID":"1771831","fromID":"1352935","toID":"1352931","formEdgeID":null},{"edgeID":"1771832","fromID":"1352924","toID":"1352936","formEdgeID":null},{"edgeID":"1771833","fromID":"1352936","toID":"1352932","formEdgeID":null},{"edgeID":"1771834","fromID":"1352939","toID":"1352938","formEdgeID":null},{"edgeID":"1771835","fromID":"1352940","toID":"1352939","formEdgeID":null},{"edgeID":"1771836","fromID":"1352938","toID":"1352941","formEdgeID":null},{"edgeID":"1771837","fromID":"1352941","toID":"1352937","formEdgeID":null},{"edgeID":"1771838","fromID":"1352932","toID":"1352942","formEdgeID":null},{"edgeID":"1771839","fromID":"1352942","toID":"1352938","formEdgeID":null},{"edgeID":"1771840","fromID":"1352937","toID":"1352943","formEdgeID":null},{"edgeID":"1771841","fromID":"1352943","toID":"1352931","formEdgeID":null},{"edgeID":"1771842","fromID":"1352942","toID":"1352944","formEdgeID":null},{"edgeID":"1771843","fromID":"1352944","toID":"1352943","formEdgeID":null},{"edgeID":"1771844","fromID":"1352947","toID":"1352946","formEdgeID":null},{"edgeID":"1771845","fromID":"1352948","toID":"1352947","formEdgeID":null},{"edgeID":"1771846","fromID":"1352946","toID":"1352949","formEdgeID":null},{"edgeID":"1771847","fromID":"1352949","toID":"1352945","formEdgeID":null},{"edgeID":"1771848","fromID":"1352871","toID":"1352950","formEdgeID":null},{"edgeID":"1771849","fromID":"1352950","toID":"1352946","formEdgeID":null},{"edgeID":"1771850","fromID":"1352945","toID":"1352951","formEdgeID":null},{"edgeID":"1771851","fromID":"1352951","toID":"1352870","formEdgeID":null},{"edgeID":"1771852","fromID":"1352924","toID":"1352952","formEdgeID":null},{"edgeID":"1771853","fromID":"1352952","toID":"1352946","formEdgeID":null},{"edgeID":"1771854","fromID":"1352945","toID":"1352953","formEdgeID":null},{"edgeID":"1771855","fromID":"1352953","toID":"1352923","formEdgeID":null},{"edgeID":"1771856","fromID":"1352952","toID":"1352954","formEdgeID":null},{"edgeID":"1771857","fromID":"1352954","toID":"1352953","formEdgeID":null},{"edgeID":"1771858","fromID":"1352957","toID":"1352956","formEdgeID":null},{"edgeID":"1771859","fromID":"1352958","toID":"1352957","formEdgeID":null},{"edgeID":"1771860","fromID":"1352956","toID":"1352959","formEdgeID":null},{"edgeID":"1771861","fromID":"1352959","toID":"1352955","formEdgeID":null},{"edgeID":"1771862","fromID":"1352946","toID":"1352960","formEdgeID":null},{"edgeID":"1771863","fromID":"1352960","toID":"1352956","formEdgeID":null},{"edgeID":"1771864","fromID":"1352962","toID":"1352961","formEdgeID":null},{"edgeID":"1771865","fromID":"1352963","toID":"1352962","formEdgeID":null},{"edgeID":"1771866","fromID":"1352961","toID":"1352964","formEdgeID":null},{"edgeID":"1771867","fromID":"1352964","toID":"1352955","formEdgeID":null},{"edgeID":"1771868","fromID":"1352956","toID":"1352965","formEdgeID":null},{"edgeID":"1771869","fromID":"1352965","toID":"1352961","formEdgeID":null},{"edgeID":"1771870","fromID":"1352955","toID":"1352966","formEdgeID":null},{"edgeID":"1771871","fromID":"1352966","toID":"1352955","formEdgeID":null},{"edgeID":"1771872","fromID":"1352965","toID":"1352967","formEdgeID":null},{"edgeID":"1771873","fromID":"1352967","toID":"1352966","formEdgeID":null},{"edgeID":"1771874","fromID":"1352827","toID":"1352968","formEdgeID":null},{"edgeID":"1771875","fromID":"1352968","toID":"1352871","formEdgeID":null},{"edgeID":"1771876","fromID":"1352827","toID":"1352969","formEdgeID":null},{"edgeID":"1771877","fromID":"1352969","toID":"1352832","formEdgeID":null},{"edgeID":"1771878","fromID":"1352870","toID":"1352970","formEdgeID":null},{"edgeID":"1771879","fromID":"1352970","toID":"1352826","formEdgeID":null},{"edgeID":"1771880","fromID":"1352968","toID":"1352971","formEdgeID":null},{"edgeID":"1771881","fromID":"1352971","toID":"1352970","formEdgeID":null}],"locutions":[]}