{"nodes":[{"nodeID":"817610","text":"Fiona Bruce is going to move on","type":"I","timestamp":"2022-01-06 16:50:04"},{"nodeID":"1340393","text":"Fiona Bruce: I\u2019m going to move on","type":"L","timestamp":"2023-11-09 13:53:44"},{"nodeID":"1340394","text":"Analysing","type":"YA","timestamp":"2023-11-09 13:53:44"},{"nodeID":"1340395","text":"Anon: Fiona Bruce: I\u2019m going to move on","type":"L","timestamp":"2023-11-09 13:53:44"},{"nodeID":"1340396","text":"Asserting","type":"YA","timestamp":"2023-11-09 13:53:44"},{"nodeID":"1340397","text":"the topic is worth talking about","type":"I","timestamp":"2023-11-09 13:53:45"},{"nodeID":"1340398","text":"Fiona Bruce: not because this isn\u2019t worth talking about","type":"L","timestamp":"2023-11-09 13:53:45"},{"nodeID":"1340399","text":"Anon: Fiona Bruce: not because this isn\u2019t worth talking about","type":"L","timestamp":"2023-11-09 13:53:45"},{"nodeID":"1340400","text":"Analysing","type":"YA","timestamp":"2023-11-09 13:53:45"},{"nodeID":"1340401","text":"Asserting","type":"YA","timestamp":"2023-11-09 13:53:45"},{"nodeID":"1340402","text":"Default Transition","type":"TA","timestamp":"2023-11-09 13:53:45"},{"nodeID":"1340403","text":"you asked quite a lot of other questions as well","type":"I","timestamp":"2023-11-09 13:53:45"},{"nodeID":"1340404","text":"Analysing","type":"YA","timestamp":"2023-11-09 13:53:45"},{"nodeID":"1340405","text":"Fiona Bruce: you asked quite a lot of other questions as well","type":"L","timestamp":"2023-11-09 13:53:45"},{"nodeID":"1340406","text":"Anon: Fiona Bruce: you asked quite a lot of other questions as well","type":"L","timestamp":"2023-11-09 13:53:45"},{"nodeID":"1340407","text":"Asserting","type":"YA","timestamp":"2023-11-09 13:53:45"},{"nodeID":"1340408","text":"Default Conflict","type":"CA","timestamp":"2023-11-09 13:53:45"},{"nodeID":"1340409","text":"Default Transition","type":"TA","timestamp":"2023-11-09 13:53:45"},{"nodeID":"1340410","text":"Disagreeing","type":"YA","timestamp":"2023-11-09 13:53:45"},{"nodeID":"1340411","text":"Fiona Bruce wants to try to fit all questions in","type":"I","timestamp":"2023-11-09 13:53:46"},{"nodeID":"1340412","text":"Fiona Bruce: I want to try to fit them all in","type":"L","timestamp":"2023-11-09 13:53:46"},{"nodeID":"1340413","text":"Analysing","type":"YA","timestamp":"2023-11-09 13:53:46"},{"nodeID":"1340414","text":"Anon: Fiona Bruce: I want to try to fit them all in","type":"L","timestamp":"2023-11-09 13:53:46"},{"nodeID":"1340415","text":"Asserting","type":"YA","timestamp":"2023-11-09 13:53:46"},{"nodeID":"1340416","text":"Default Transition","type":"TA","timestamp":"2023-11-09 13:53:46"},{"nodeID":"1340417","text":"Default Inference","type":"RA","timestamp":"2023-11-09 13:53:46"},{"nodeID":"1340418","text":"Arguing","type":"YA","timestamp":"2023-11-09 13:53:46"},{"nodeID":"1340419","text":"patients are not being discharged into the community","type":"I","timestamp":"2023-11-09 13:53:47"},{"nodeID":"1340420","text":"AudienceMember 20221027QT15: Patients are not being discharged into the community","type":"L","timestamp":"2023-11-09 13:53:47"},{"nodeID":"1340421","text":"Analysing","type":"YA","timestamp":"2023-11-09 13:53:47"},{"nodeID":"1340422","text":"Anon: AudienceMember 20221027QT15: Patients are not being discharged into the community","type":"L","timestamp":"2023-11-09 13:53:47"},{"nodeID":"1340423","text":"Asserting","type":"YA","timestamp":"2023-11-09 13:53:47"},{"nodeID":"1340424","text":"Default Transition","type":"TA","timestamp":"2023-11-09 13:53:47"},{"nodeID":"1340425","text":"there is social care crisis","type":"I","timestamp":"2023-11-09 13:53:47"},{"nodeID":"1340426","text":"AudienceMember 20221027QT15: social care crisis","type":"L","timestamp":"2023-11-09 13:53:47"},{"nodeID":"1340427","text":"Anon: AudienceMember 20221027QT15: social care crisis","type":"L","timestamp":"2023-11-09 13:53:47"},{"nodeID":"1340428","text":"Analysing","type":"YA","timestamp":"2023-11-09 13:53:47"},{"nodeID":"1340429","text":"Asserting","type":"YA","timestamp":"2023-11-09 13:53:47"},{"nodeID":"1340430","text":"Default Transition","type":"TA","timestamp":"2023-11-09 13:53:47"},{"nodeID":"1340431","text":"Default Inference","type":"RA","timestamp":"2023-11-09 13:53:47"},{"nodeID":"1340432","text":"Arguing","type":"YA","timestamp":"2023-11-09 13:53:47"},{"nodeID":"1340433","text":"patients not being discharged into the community due to social care crisis leaves no beds for patients who need them","type":"I","timestamp":"2023-11-09 13:53:48"},{"nodeID":"1340434","text":"AudienceMember 20221027QT15: leaving no beds for patients who need them","type":"L","timestamp":"2023-11-09 13:53:48"},{"nodeID":"1340435","text":"Anon: AudienceMember 20221027QT15: leaving no beds for patients who need them","type":"L","timestamp":"2023-11-09 13:53:48"},{"nodeID":"1340436","text":"Analysing","type":"YA","timestamp":"2023-11-09 13:53:48"},{"nodeID":"1340437","text":"Asserting","type":"YA","timestamp":"2023-11-09 13:53:48"},{"nodeID":"1340438","text":"Default Transition","type":"TA","timestamp":"2023-11-09 13:53:48"},{"nodeID":"1340439","text":"the Government going to tackle the issue of lack of beds by doing xxx","type":"I","timestamp":"2023-11-09 13:53:49"},{"nodeID":"1340440","text":"Analysing","type":"YA","timestamp":"2023-11-09 13:53:49"},{"nodeID":"1340441","text":"Anon: AudienceMember 20221027QT15: How is the Government going to tackle this","type":"L","timestamp":"2023-11-09 13:53:49"},{"nodeID":"1340442","text":"AudienceMember 20221027QT15: How is the Government going to tackle this","type":"L","timestamp":"2023-11-09 13:53:49"},{"nodeID":"1340443","text":"Pure Questioning","type":"YA","timestamp":"2023-11-09 13:53:49"},{"nodeID":"1340444","text":"Default Transition","type":"TA","timestamp":"2023-11-09 13:53:49"},{"nodeID":"1340445","text":"Default Inference","type":"RA","timestamp":"2023-11-09 13:53:49"},{"nodeID":"1340446","text":"Arguing","type":"YA","timestamp":"2023-11-09 13:53:49"}],"edges":[{"edgeID":"1756863","fromID":"1340394","toID":"1340393","formEdgeID":null},{"edgeID":"1756864","fromID":"1340395","toID":"1340394","formEdgeID":null},{"edgeID":"1756865","fromID":"1340393","toID":"1340396","formEdgeID":null},{"edgeID":"1756866","fromID":"1340396","toID":"817610","formEdgeID":null},{"edgeID":"1756867","fromID":"1340400","toID":"1340398","formEdgeID":null},{"edgeID":"1756868","fromID":"1340399","toID":"1340400","formEdgeID":null},{"edgeID":"1756869","fromID":"1340401","toID":"1340397","formEdgeID":null},{"edgeID":"1756870","fromID":"1340398","toID":"1340401","formEdgeID":null},{"edgeID":"1756871","fromID":"1340393","toID":"1340402","formEdgeID":null},{"edgeID":"1756872","fromID":"1340402","toID":"1340398","formEdgeID":null},{"edgeID":"1756873","fromID":"1340404","toID":"1340405","formEdgeID":null},{"edgeID":"1756874","fromID":"1340406","toID":"1340404","formEdgeID":null},{"edgeID":"1756875","fromID":"1340407","toID":"1340403","formEdgeID":null},{"edgeID":"1756876","fromID":"1340405","toID":"1340407","formEdgeID":null},{"edgeID":"1756877","fromID":"1340403","toID":"1340408","formEdgeID":null},{"edgeID":"1756878","fromID":"1340408","toID":"1340397","formEdgeID":null},{"edgeID":"1756879","fromID":"1340409","toID":"1340405","formEdgeID":null},{"edgeID":"1756880","fromID":"1340398","toID":"1340409","formEdgeID":null},{"edgeID":"1756881","fromID":"1340410","toID":"1340408","formEdgeID":null},{"edgeID":"1756882","fromID":"1340409","toID":"1340410","formEdgeID":null},{"edgeID":"1756883","fromID":"1340413","toID":"1340412","formEdgeID":null},{"edgeID":"1756884","fromID":"1340414","toID":"1340413","formEdgeID":null},{"edgeID":"1756885","fromID":"1340415","toID":"1340411","formEdgeID":null},{"edgeID":"1756886","fromID":"1340412","toID":"1340415","formEdgeID":null},{"edgeID":"1756887","fromID":"1340405","toID":"1340416","formEdgeID":null},{"edgeID":"1756888","fromID":"1340416","toID":"1340412","formEdgeID":null},{"edgeID":"1756889","fromID":"1340411","toID":"1340417","formEdgeID":null},{"edgeID":"1756890","fromID":"1340417","toID":"817610","formEdgeID":null},{"edgeID":"1756891","fromID":"1340403","toID":"1340417","formEdgeID":null},{"edgeID":"1756892","fromID":"1340393","toID":"1340416","formEdgeID":null},{"edgeID":"1756893","fromID":"1340416","toID":"1340418","formEdgeID":null},{"edgeID":"1756894","fromID":"1340418","toID":"1340417","formEdgeID":null},{"edgeID":"1756895","fromID":"1340421","toID":"1340420","formEdgeID":null},{"edgeID":"1756896","fromID":"1340422","toID":"1340421","formEdgeID":null},{"edgeID":"1756897","fromID":"1340423","toID":"1340419","formEdgeID":null},{"edgeID":"1756898","fromID":"1340420","toID":"1340423","formEdgeID":null},{"edgeID":"1756899","fromID":"1340412","toID":"1340424","formEdgeID":null},{"edgeID":"1756900","fromID":"1340424","toID":"1340420","formEdgeID":null},{"edgeID":"1756901","fromID":"1340428","toID":"1340426","formEdgeID":null},{"edgeID":"1756902","fromID":"1340427","toID":"1340428","formEdgeID":null},{"edgeID":"1756903","fromID":"1340429","toID":"1340425","formEdgeID":null},{"edgeID":"1756904","fromID":"1340426","toID":"1340429","formEdgeID":null},{"edgeID":"1756905","fromID":"1340430","toID":"1340426","formEdgeID":null},{"edgeID":"1756906","fromID":"1340420","toID":"1340430","formEdgeID":null},{"edgeID":"1756907","fromID":"1340425","toID":"1340431","formEdgeID":null},{"edgeID":"1756908","fromID":"1340431","toID":"1340419","formEdgeID":null},{"edgeID":"1756909","fromID":"1340432","toID":"1340431","formEdgeID":null},{"edgeID":"1756910","fromID":"1340430","toID":"1340432","formEdgeID":null},{"edgeID":"1756911","fromID":"1340436","toID":"1340434","formEdgeID":null},{"edgeID":"1756912","fromID":"1340435","toID":"1340436","formEdgeID":null},{"edgeID":"1756913","fromID":"1340437","toID":"1340433","formEdgeID":null},{"edgeID":"1756914","fromID":"1340434","toID":"1340437","formEdgeID":null},{"edgeID":"1756915","fromID":"1340426","toID":"1340438","formEdgeID":null},{"edgeID":"1756916","fromID":"1340438","toID":"1340434","formEdgeID":null},{"edgeID":"1756917","fromID":"1340441","toID":"1340440","formEdgeID":null},{"edgeID":"1756918","fromID":"1340440","toID":"1340442","formEdgeID":null},{"edgeID":"1756919","fromID":"1340443","toID":"1340439","formEdgeID":null},{"edgeID":"1756920","fromID":"1340442","toID":"1340443","formEdgeID":null},{"edgeID":"1756921","fromID":"1340434","toID":"1340444","formEdgeID":null},{"edgeID":"1756922","fromID":"1340444","toID":"1340442","formEdgeID":null},{"edgeID":"1756923","fromID":"1340445","toID":"1340439","formEdgeID":null},{"edgeID":"1756924","fromID":"1340433","toID":"1340445","formEdgeID":null},{"edgeID":"1756925","fromID":"1340446","toID":"1340445","formEdgeID":null},{"edgeID":"1756926","fromID":"1340444","toID":"1340446","formEdgeID":null}],"locutions":[]}