{"nodes":[{"nodeID":"1339400","text":"Armando Iannucci does or doesn't think Suella Braverman should stay in post","type":"I","timestamp":"2023-11-09 13:52:18"},{"nodeID":"1339401","text":"Fiona Bruce: do you think she should stay in post","type":"L","timestamp":"2023-11-09 13:52:18"},{"nodeID":"1339402","text":"Analysing","type":"YA","timestamp":"2023-11-09 13:52:18"},{"nodeID":"1339403","text":"Amelie: Fiona Bruce: do you think she should stay in post","type":"L","timestamp":"2023-11-09 13:52:18"},{"nodeID":"1339404","text":"Pure Questioning","type":"YA","timestamp":"2023-11-09 13:52:18"},{"nodeID":"1339405","text":"Suella Braverman was sacked under the previous prime minister\u2019s brief tenure, over breaching Ministerial Code, over sending emails from a private email account and thereby breaching security","type":"I","timestamp":"2023-11-09 13:52:19"},{"nodeID":"1339406","text":"Fiona Bruce: Suella Braverman, of course, was sacked under the previous prime minister\u2019s brief tenure, over breaching Ministerial Code, over sending emails from a private email account and thereby breaching security","type":"L","timestamp":"2023-11-09 13:52:19"},{"nodeID":"1339407","text":"Analysing","type":"YA","timestamp":"2023-11-09 13:52:19"},{"nodeID":"1339408","text":"Amelie: Fiona Bruce: Suella Braverman, of course, was sacked under the previous prime minister\u2019s brief tenure, over breaching Ministerial Code, over sending emails from a private email account and thereby breaching security","type":"L","timestamp":"2023-11-09 13:52:19"},{"nodeID":"1339409","text":"Asserting","type":"YA","timestamp":"2023-11-09 13:52:19"},{"nodeID":"1339410","text":"Default Transition","type":"TA","timestamp":"2023-11-09 13:52:19"},{"nodeID":"1339411","text":"the MI5 is teaching Suella Braverman what the principles of safety and security are and what she\u2019s allowed to email and what should be secure","type":"I","timestamp":"2023-11-09 13:52:19"},{"nodeID":"1339412","text":"Armando Iannucci: I\u2019m told today the MI5 is teaching her what the principles of safety and security are and what she\u2019s allowed to email and what should be secure","type":"L","timestamp":"2023-11-09 13:52:19"},{"nodeID":"1339413","text":"Analysing","type":"YA","timestamp":"2023-11-09 13:52:19"},{"nodeID":"1339414","text":"Amelie: Armando Iannucci: I\u2019m told today the MI5 is teaching her what the principles of safety and security are and what she\u2019s allowed to email and what should be secure","type":"L","timestamp":"2023-11-09 13:52:19"},{"nodeID":"1339415","text":"Unkown Speaker: the MI5 is teaching Suella Braverman what the principles of safety and security are and what she\u2019s allowed to email and what should be secure","type":"L","timestamp":"2023-11-09 13:52:19"},{"nodeID":"1339416","text":"Analysing","type":"YA","timestamp":"2023-11-09 13:52:19"},{"nodeID":"1339417","text":"Amelie: Unkown Speaker: I\u2019m told today the MI5 is teaching her what the principles of safety and security are and what she\u2019s allowed to email and what should be secure","type":"L","timestamp":"2023-11-09 13:52:19"},{"nodeID":"1339418","text":"Asserting","type":"YA","timestamp":"2023-11-09 13:52:19"},{"nodeID":"1339419","text":"Asserting","type":"YA","timestamp":"2023-11-09 13:52:19"},{"nodeID":"1339420","text":"Armando Iannucci wonders if Rishi Sunak is being very clever indeed by bringing Suella Braverman back to her post","type":"I","timestamp":"2023-11-09 13:52:20"},{"nodeID":"1339421","text":"Armando Iannucci: I just wonder if he\u2019s being very clever indeed","type":"L","timestamp":"2023-11-09 13:52:20"},{"nodeID":"1339422","text":"Analysing","type":"YA","timestamp":"2023-11-09 13:52:20"},{"nodeID":"1339423","text":"Amelie: Armando Iannucci: I just wonder if he\u2019s being very clever indeed","type":"L","timestamp":"2023-11-09 13:52:20"},{"nodeID":"1339424","text":"Asserting","type":"YA","timestamp":"2023-11-09 13:52:20"},{"nodeID":"1339425","text":"Rishi Sunak was naive in bringing Suella Braverman back to her post","type":"I","timestamp":"2023-11-09 13:52:20"},{"nodeID":"1339426","text":"Armando Iannucci: Some people say that Rishi Sunak was naive in bringing her back to her post","type":"L","timestamp":"2023-11-09 13:52:20"},{"nodeID":"1339427","text":"Analysing","type":"YA","timestamp":"2023-11-09 13:52:20"},{"nodeID":"1339428","text":"Amelie: Armando Iannucci: Some people say that Rishi Sunak was naive in bringing her back to her post","type":"L","timestamp":"2023-11-09 13:52:20"},{"nodeID":"1339429","text":"Unkown Speaker: Rishi Sunak was naive in bringing Suella Braverman back to her post","type":"L","timestamp":"2023-11-09 13:52:20"},{"nodeID":"1339430","text":"Analysing","type":"YA","timestamp":"2023-11-09 13:52:20"},{"nodeID":"1339431","text":"Amelie: Unkown Speaker: Some people say that Rishi Sunak was naive in bringing her back to her post","type":"L","timestamp":"2023-11-09 13:52:20"},{"nodeID":"1339432","text":"Asserting","type":"YA","timestamp":"2023-11-09 13:52:20"},{"nodeID":"1339433","text":"Asserting","type":"YA","timestamp":"2023-11-09 13:52:20"},{"nodeID":"1339434","text":"Default Conflict","type":"CA","timestamp":"2023-11-09 13:52:20"},{"nodeID":"1339435","text":"Default Transition","type":"TA","timestamp":"2023-11-09 13:52:20"},{"nodeID":"1339436","text":"Disagreeing","type":"YA","timestamp":"2023-11-09 13:52:20"},{"nodeID":"1339437","text":"in bringing Suella Braverman back to her post, Rishi Sunak got the promise from her to support him","type":"I","timestamp":"2023-11-09 13:52:21"},{"nodeID":"1339438","text":"Armando Iannucci: In that he got the promise from her to support him","type":"L","timestamp":"2023-11-09 13:52:21"},{"nodeID":"1339439","text":"Analysing","type":"YA","timestamp":"2023-11-09 13:52:21"},{"nodeID":"1339440","text":"Amelie: Armando Iannucci: In that he got the promise from her to support him","type":"L","timestamp":"2023-11-09 13:52:21"},{"nodeID":"1339441","text":"Asserting","type":"YA","timestamp":"2023-11-09 13:52:21"},{"nodeID":"1339442","text":"Rishi Sunak gets over the line, as long as Suella Braverman gets to the Home Office","type":"I","timestamp":"2023-11-09 13:52:22"},{"nodeID":"1339443","text":"Armando Iannucci: he gets over the line, as long as she gets to the Home Office","type":"L","timestamp":"2023-11-09 13:52:22"},{"nodeID":"1339444","text":"Analysing","type":"YA","timestamp":"2023-11-09 13:52:22"},{"nodeID":"1339445","text":"Amelie: Armando Iannucci: he gets over the line, as long as she gets to the Home Office","type":"L","timestamp":"2023-11-09 13:52:22"},{"nodeID":"1339446","text":"Asserting","type":"YA","timestamp":"2023-11-09 13:52:22"},{"nodeID":"1339447","text":"Default Inference","type":"RA","timestamp":"2023-11-09 13:52:22"},{"nodeID":"1339448","text":"Default Transition","type":"TA","timestamp":"2023-11-09 13:52:22"},{"nodeID":"1339449","text":"Arguing","type":"YA","timestamp":"2023-11-09 13:52:22"},{"nodeID":"1339450","text":"knowing that in six weeks\u2019 time, by the time Suella Braverman has said that tofu has to be criminalised as a Class A drug, or whatever, and has to go, Rishi Sunak has won","type":"I","timestamp":"2023-11-09 13:52:22"},{"nodeID":"1339451","text":"Armando Iannucci: Knowing that in six weeks\u2019 time, by the time she\u2019s said that tofu has to be criminalised as a Class A drug, or whatever, and has to go, he\u2019s won","type":"L","timestamp":"2023-11-09 13:52:22"},{"nodeID":"1339452","text":"Analysing","type":"YA","timestamp":"2023-11-09 13:52:22"},{"nodeID":"1339453","text":"Amelie: Armando Iannucci: Knowing that in six weeks\u2019 time, by the time she\u2019s said that tofu has to be criminalised as a Class A drug, or whatever, and has to go, he\u2019s won","type":"L","timestamp":"2023-11-09 13:52:22"},{"nodeID":"1339454","text":"Asserting","type":"YA","timestamp":"2023-11-09 13:52:22"},{"nodeID":"1339455","text":"Rishi Sunak has got rid of Suella Braverman in six week time","type":"I","timestamp":"2023-11-09 13:52:23"},{"nodeID":"1339456","text":"Armando Iannucci: he\u2019s then got rid of her","type":"L","timestamp":"2023-11-09 13:52:23"},{"nodeID":"1339457","text":"Analysing","type":"YA","timestamp":"2023-11-09 13:52:23"},{"nodeID":"1339458","text":"Amelie: Armando Iannucci: he\u2019s then got rid of her","type":"L","timestamp":"2023-11-09 13:52:23"},{"nodeID":"1339459","text":"Asserting","type":"YA","timestamp":"2023-11-09 13:52:23"},{"nodeID":"1339460","text":"Default Inference","type":"RA","timestamp":"2023-11-09 13:52:23"},{"nodeID":"1339461","text":"Default Transition","type":"TA","timestamp":"2023-11-09 13:52:23"},{"nodeID":"1339462","text":"Default Transition","type":"TA","timestamp":"2023-11-09 13:52:23"},{"nodeID":"1339463","text":"Default Transition","type":"TA","timestamp":"2023-11-09 13:52:23"},{"nodeID":"1339464","text":"Arguing","type":"YA","timestamp":"2023-11-09 13:52:23"},{"nodeID":"1339465","text":"Default Inference","type":"RA","timestamp":"2023-11-09 13:52:23"},{"nodeID":"1339466","text":"Default Transition","type":"TA","timestamp":"2023-11-09 13:52:23"},{"nodeID":"1339467","text":"Arguing","type":"YA","timestamp":"2023-11-09 13:52:23"},{"nodeID":"1339468","text":"Default Transition","type":"TA","timestamp":"2023-11-09 13:52:23"},{"nodeID":"1339469","text":"Default Transition","type":"TA","timestamp":"2023-11-09 13:52:23"},{"nodeID":"1339470","text":"Default Inference","type":"RA","timestamp":"2023-11-09 13:52:23"},{"nodeID":"1339471","text":"Arguing","type":"YA","timestamp":"2023-11-09 13:52:23"}],"edges":[{"edgeID":"1755703","fromID":"1339402","toID":"1339401","formEdgeID":null},{"edgeID":"1755704","fromID":"1339403","toID":"1339402","formEdgeID":null},{"edgeID":"1755705","fromID":"1339401","toID":"1339404","formEdgeID":null},{"edgeID":"1755706","fromID":"1339404","toID":"1339400","formEdgeID":null},{"edgeID":"1755707","fromID":"1339407","toID":"1339406","formEdgeID":null},{"edgeID":"1755708","fromID":"1339408","toID":"1339407","formEdgeID":null},{"edgeID":"1755709","fromID":"1339406","toID":"1339409","formEdgeID":null},{"edgeID":"1755710","fromID":"1339409","toID":"1339405","formEdgeID":null},{"edgeID":"1755711","fromID":"1339401","toID":"1339410","formEdgeID":null},{"edgeID":"1755712","fromID":"1339410","toID":"1339406","formEdgeID":null},{"edgeID":"1755713","fromID":"1339413","toID":"1339412","formEdgeID":null},{"edgeID":"1755714","fromID":"1339414","toID":"1339413","formEdgeID":null},{"edgeID":"1755715","fromID":"1339416","toID":"1339415","formEdgeID":null},{"edgeID":"1755716","fromID":"1339417","toID":"1339416","formEdgeID":null},{"edgeID":"1755717","fromID":"1339415","toID":"1339418","formEdgeID":null},{"edgeID":"1755718","fromID":"1339418","toID":"1339411","formEdgeID":null},{"edgeID":"1755719","fromID":"1339412","toID":"1339419","formEdgeID":null},{"edgeID":"1755720","fromID":"1339419","toID":"1339415","formEdgeID":null},{"edgeID":"1755721","fromID":"1339422","toID":"1339421","formEdgeID":null},{"edgeID":"1755722","fromID":"1339423","toID":"1339422","formEdgeID":null},{"edgeID":"1755723","fromID":"1339421","toID":"1339424","formEdgeID":null},{"edgeID":"1755724","fromID":"1339424","toID":"1339420","formEdgeID":null},{"edgeID":"1755725","fromID":"1339427","toID":"1339426","formEdgeID":null},{"edgeID":"1755726","fromID":"1339428","toID":"1339427","formEdgeID":null},{"edgeID":"1755727","fromID":"1339430","toID":"1339429","formEdgeID":null},{"edgeID":"1755728","fromID":"1339431","toID":"1339430","formEdgeID":null},{"edgeID":"1755729","fromID":"1339429","toID":"1339432","formEdgeID":null},{"edgeID":"1755730","fromID":"1339432","toID":"1339425","formEdgeID":null},{"edgeID":"1755731","fromID":"1339426","toID":"1339433","formEdgeID":null},{"edgeID":"1755732","fromID":"1339433","toID":"1339429","formEdgeID":null},{"edgeID":"1755733","fromID":"1339420","toID":"1339434","formEdgeID":null},{"edgeID":"1755734","fromID":"1339434","toID":"1339425","formEdgeID":null},{"edgeID":"1755735","fromID":"1339426","toID":"1339435","formEdgeID":null},{"edgeID":"1755736","fromID":"1339435","toID":"1339421","formEdgeID":null},{"edgeID":"1755737","fromID":"1339435","toID":"1339436","formEdgeID":null},{"edgeID":"1755738","fromID":"1339436","toID":"1339434","formEdgeID":null},{"edgeID":"1755739","fromID":"1339439","toID":"1339438","formEdgeID":null},{"edgeID":"1755740","fromID":"1339440","toID":"1339439","formEdgeID":null},{"edgeID":"1755741","fromID":"1339438","toID":"1339441","formEdgeID":null},{"edgeID":"1755742","fromID":"1339441","toID":"1339437","formEdgeID":null},{"edgeID":"1755743","fromID":"1339444","toID":"1339443","formEdgeID":null},{"edgeID":"1755744","fromID":"1339445","toID":"1339444","formEdgeID":null},{"edgeID":"1755745","fromID":"1339443","toID":"1339446","formEdgeID":null},{"edgeID":"1755746","fromID":"1339446","toID":"1339442","formEdgeID":null},{"edgeID":"1755747","fromID":"1339437","toID":"1339447","formEdgeID":null},{"edgeID":"1755748","fromID":"1339447","toID":"1339442","formEdgeID":null},{"edgeID":"1755749","fromID":"1339438","toID":"1339448","formEdgeID":null},{"edgeID":"1755750","fromID":"1339448","toID":"1339443","formEdgeID":null},{"edgeID":"1755751","fromID":"1339448","toID":"1339449","formEdgeID":null},{"edgeID":"1755752","fromID":"1339449","toID":"1339447","formEdgeID":null},{"edgeID":"1755753","fromID":"1339452","toID":"1339451","formEdgeID":null},{"edgeID":"1755754","fromID":"1339453","toID":"1339452","formEdgeID":null},{"edgeID":"1755755","fromID":"1339451","toID":"1339454","formEdgeID":null},{"edgeID":"1755756","fromID":"1339454","toID":"1339450","formEdgeID":null},{"edgeID":"1755757","fromID":"1339457","toID":"1339456","formEdgeID":null},{"edgeID":"1755758","fromID":"1339458","toID":"1339457","formEdgeID":null},{"edgeID":"1755759","fromID":"1339456","toID":"1339459","formEdgeID":null},{"edgeID":"1755760","fromID":"1339459","toID":"1339455","formEdgeID":null},{"edgeID":"1755761","fromID":"1339455","toID":"1339460","formEdgeID":null},{"edgeID":"1755762","fromID":"1339460","toID":"1339450","formEdgeID":null},{"edgeID":"1755763","fromID":"1339406","toID":"1339461","formEdgeID":null},{"edgeID":"1755764","fromID":"1339461","toID":"1339412","formEdgeID":null},{"edgeID":"1755765","fromID":"1339412","toID":"1339462","formEdgeID":null},{"edgeID":"1755766","fromID":"1339462","toID":"1339426","formEdgeID":null},{"edgeID":"1755767","fromID":"1339451","toID":"1339463","formEdgeID":null},{"edgeID":"1755768","fromID":"1339463","toID":"1339456","formEdgeID":null},{"edgeID":"1755769","fromID":"1339463","toID":"1339464","formEdgeID":null},{"edgeID":"1755770","fromID":"1339464","toID":"1339460","formEdgeID":null},{"edgeID":"1755771","fromID":"1339450","toID":"1339465","formEdgeID":null},{"edgeID":"1755772","fromID":"1339465","toID":"1339420","formEdgeID":null},{"edgeID":"1755773","fromID":"1339442","toID":"1339465","formEdgeID":null},{"edgeID":"1755774","fromID":"1339421","toID":"1339466","formEdgeID":null},{"edgeID":"1755775","fromID":"1339466","toID":"1339451","formEdgeID":null},{"edgeID":"1755776","fromID":"1339466","toID":"1339467","formEdgeID":null},{"edgeID":"1755777","fromID":"1339467","toID":"1339465","formEdgeID":null},{"edgeID":"1755778","fromID":"1339421","toID":"1339468","formEdgeID":null},{"edgeID":"1755779","fromID":"1339468","toID":"1339443","formEdgeID":null},{"edgeID":"1755780","fromID":"1339421","toID":"1339469","formEdgeID":null},{"edgeID":"1755781","fromID":"1339469","toID":"1339438","formEdgeID":null},{"edgeID":"1755782","fromID":"1339405","toID":"1339470","formEdgeID":null},{"edgeID":"1755783","fromID":"1339470","toID":"1339400","formEdgeID":null},{"edgeID":"1755784","fromID":"1339410","toID":"1339471","formEdgeID":null},{"edgeID":"1755785","fromID":"1339471","toID":"1339470","formEdgeID":null}],"locutions":[]}