{"nodes":[{"nodeID":"1340712","text":"Rishi Sunak, our now Prime Minister, had a leadership contest","type":"I","timestamp":"2023-11-09 13:54:12"},{"nodeID":"1340713","text":"Lucy Frazer: Rishi Sunak, our now Prime Minister, had a leadership contest","type":"L","timestamp":"2023-11-09 13:54:12"},{"nodeID":"1340714","text":"Analysing","type":"YA","timestamp":"2023-11-09 13:54:12"},{"nodeID":"1340715","text":"Tuuli: Lucy Frazer: Rishi Sunak, our now Prime Minister, had a leadership contest","type":"L","timestamp":"2023-11-09 13:54:12"},{"nodeID":"1340716","text":"Asserting","type":"YA","timestamp":"2023-11-09 13:54:12"},{"nodeID":"1340717","text":"Rishi Sunak is going to tell you the truth","type":"I","timestamp":"2023-11-09 13:54:12"},{"nodeID":"1340718","text":"Lucy Frazer: at the outset of that leadership contest, he said, I\u2019m going to tell you the truth","type":"L","timestamp":"2023-11-09 13:54:12"},{"nodeID":"1340719","text":"Analysing","type":"YA","timestamp":"2023-11-09 13:54:12"},{"nodeID":"1340720","text":"Tuuli: Lucy Frazer: at the outset of that leadership contest, he said, I\u2019m going to tell you the truth","type":"L","timestamp":"2023-11-09 13:54:12"},{"nodeID":"1340721","text":"Rishi Sunak: I\u2019m going to tell you the truth","type":"L","timestamp":"2023-11-09 13:54:12"},{"nodeID":"1340722","text":"Analysing","type":"YA","timestamp":"2023-11-09 13:54:12"},{"nodeID":"1340723","text":"Tuuli: Rishi Sunak: at the outset of that leadership contest, he said, I\u2019m going to tell you the truth","type":"L","timestamp":"2023-11-09 13:54:12"},{"nodeID":"1340724","text":"Asserting","type":"YA","timestamp":"2023-11-09 13:54:12"},{"nodeID":"1340725","text":"Asserting","type":"YA","timestamp":"2023-11-09 13:54:12"},{"nodeID":"1340726","text":"Default Transition","type":"TA","timestamp":"2023-11-09 13:54:12"},{"nodeID":"1340727","text":"the truth Rishi Sunak is going to tell you is an uncomfortable truth","type":"I","timestamp":"2023-11-09 13:54:13"},{"nodeID":"1340728","text":"Lucy Frazer: It\u2019s an uncomfortable truth","type":"L","timestamp":"2023-11-09 13:54:13"},{"nodeID":"1340729","text":"Analysing","type":"YA","timestamp":"2023-11-09 13:54:13"},{"nodeID":"1340730","text":"Tuuli: Lucy Frazer: It\u2019s an uncomfortable truth","type":"L","timestamp":"2023-11-09 13:54:13"},{"nodeID":"1340731","text":"Rishi Sunak: It\u2019s an uncomfortable truth","type":"L","timestamp":"2023-11-09 13:54:13"},{"nodeID":"1340732","text":"Analysing","type":"YA","timestamp":"2023-11-09 13:54:13"},{"nodeID":"1340733","text":"Tuuli: Rishi Sunak: It\u2019s an uncomfortable truth","type":"L","timestamp":"2023-11-09 13:54:13"},{"nodeID":"1340734","text":"Asserting","type":"YA","timestamp":"2023-11-09 13:54:13"},{"nodeID":"1340735","text":"Asserting","type":"YA","timestamp":"2023-11-09 13:54:13"},{"nodeID":"1340736","text":"Default Transition","type":"TA","timestamp":"2023-11-09 13:54:13"},{"nodeID":"1340737","text":"Rishi Sunak is going to tell you the uncomfortable truth","type":"I","timestamp":"2023-11-09 13:54:14"},{"nodeID":"1340738","text":"Lucy Frazer: I\u2019m going to tell you it","type":"L","timestamp":"2023-11-09 13:54:14"},{"nodeID":"1340739","text":"Analysing","type":"YA","timestamp":"2023-11-09 13:54:14"},{"nodeID":"1340740","text":"Tuuli: Lucy Frazer: I\u2019m going to tell you it","type":"L","timestamp":"2023-11-09 13:54:14"},{"nodeID":"1340741","text":"Rishi Sunak: I\u2019m going to tell you it","type":"L","timestamp":"2023-11-09 13:54:14"},{"nodeID":"1340742","text":"Analysing","type":"YA","timestamp":"2023-11-09 13:54:14"},{"nodeID":"1340743","text":"Tuuli: Rishi Sunak: I\u2019m going to tell you it","type":"L","timestamp":"2023-11-09 13:54:14"},{"nodeID":"1340744","text":"Asserting","type":"YA","timestamp":"2023-11-09 13:54:14"},{"nodeID":"1340745","text":"Asserting","type":"YA","timestamp":"2023-11-09 13:54:14"},{"nodeID":"1340746","text":"Default Transition","type":"TA","timestamp":"2023-11-09 13:54:14"},{"nodeID":"1340747","text":"Default Rephrase","type":"MA","timestamp":"2023-11-09 13:54:14"},{"nodeID":"1340748","text":"Restating","type":"YA","timestamp":"2023-11-09 13:54:14"},{"nodeID":"1340749","text":"Default Rephrase","type":"MA","timestamp":"2023-11-09 13:54:14"},{"nodeID":"1340750","text":"Restating","type":"YA","timestamp":"2023-11-09 13:54:14"},{"nodeID":"1340751","text":"saying that Rishi Sunak was going to tell you the uncomfortable truth was not in his interests","type":"I","timestamp":"2023-11-09 13:54:14"},{"nodeID":"1340752","text":"Lucy Frazer: Saying that was not in his interests","type":"L","timestamp":"2023-11-09 13:54:14"},{"nodeID":"1340753","text":"Analysing","type":"YA","timestamp":"2023-11-09 13:54:14"},{"nodeID":"1340754","text":"Tuuli: Lucy Frazer: Saying that was not in his interests","type":"L","timestamp":"2023-11-09 13:54:14"},{"nodeID":"1340755","text":"Asserting","type":"YA","timestamp":"2023-11-09 13:54:14"},{"nodeID":"1340756","text":"the uncomfortable truth is not what the Conservative members wanted to hear","type":"I","timestamp":"2023-11-09 13:54:15"},{"nodeID":"1340757","text":"Lucy Frazer: that is not what the Conservative members wanted to hear","type":"L","timestamp":"2023-11-09 13:54:15"},{"nodeID":"1340758","text":"Analysing","type":"YA","timestamp":"2023-11-09 13:54:15"},{"nodeID":"1340759","text":"Tuuli: Lucy Frazer: that is not what the Conservative members wanted to hear","type":"L","timestamp":"2023-11-09 13:54:15"},{"nodeID":"1340760","text":"Asserting","type":"YA","timestamp":"2023-11-09 13:54:15"},{"nodeID":"1340761","text":"Default Transition","type":"TA","timestamp":"2023-11-09 13:54:15"},{"nodeID":"1340762","text":"Default Inference","type":"RA","timestamp":"2023-11-09 13:54:15"},{"nodeID":"1340763","text":"Arguing","type":"YA","timestamp":"2023-11-09 13:54:15"},{"nodeID":"1340764","text":"what the Conservative members wanted to hear was about sunny uplands","type":"I","timestamp":"2023-11-09 13:54:15"},{"nodeID":"1340765","text":"Lucy Frazer: What they wanted to hear was about sunny uplands","type":"L","timestamp":"2023-11-09 13:54:15"},{"nodeID":"1340766","text":"Analysing","type":"YA","timestamp":"2023-11-09 13:54:15"},{"nodeID":"1340767","text":"Tuuli: Lucy Frazer: What they wanted to hear was about sunny uplands","type":"L","timestamp":"2023-11-09 13:54:15"},{"nodeID":"1340768","text":"Asserting","type":"YA","timestamp":"2023-11-09 13:54:15"},{"nodeID":"1340769","text":"Default Inference","type":"RA","timestamp":"2023-11-09 13:54:15"},{"nodeID":"1340770","text":"Default Transition","type":"TA","timestamp":"2023-11-09 13:54:15"},{"nodeID":"1340771","text":"Arguing","type":"YA","timestamp":"2023-11-09 13:54:15"},{"nodeID":"1340772","text":"we know that the Conservative members wanted to hear about sunny uplands","type":"I","timestamp":"2023-11-09 13:54:16"},{"nodeID":"1340773","text":"Lucy Frazer: we know that","type":"L","timestamp":"2023-11-09 13:54:16"},{"nodeID":"1340774","text":"Analysing","type":"YA","timestamp":"2023-11-09 13:54:16"},{"nodeID":"1340775","text":"Tuuli: Lucy Frazer: we know that","type":"L","timestamp":"2023-11-09 13:54:16"},{"nodeID":"1340776","text":"Asserting","type":"YA","timestamp":"2023-11-09 13:54:16"},{"nodeID":"1340777","text":"Default Transition","type":"TA","timestamp":"2023-11-09 13:54:16"},{"nodeID":"1340778","text":"Default Rephrase","type":"MA","timestamp":"2023-11-09 13:54:16"},{"nodeID":"1340779","text":"Restating","type":"YA","timestamp":"2023-11-09 13:54:16"},{"nodeID":"1340780","text":"Liz Truss won","type":"I","timestamp":"2023-11-09 13:54:17"},{"nodeID":"1340781","text":"Lucy Frazer: Liz Truss won","type":"L","timestamp":"2023-11-09 13:54:17"},{"nodeID":"1340782","text":"Analysing","type":"YA","timestamp":"2023-11-09 13:54:17"},{"nodeID":"1340783","text":"Tuuli: Lucy Frazer: Liz Truss won","type":"L","timestamp":"2023-11-09 13:54:17"},{"nodeID":"1340784","text":"Asserting","type":"YA","timestamp":"2023-11-09 13:54:17"},{"nodeID":"1340785","text":"Default Transition","type":"TA","timestamp":"2023-11-09 13:54:17"},{"nodeID":"1340786","text":"Default Inference","type":"RA","timestamp":"2023-11-09 13:54:17"},{"nodeID":"1340787","text":"Arguing","type":"YA","timestamp":"2023-11-09 13:54:17"},{"nodeID":"1340788","text":"even though the polling was saying that Liz Truss will win, and even though Rishi Sunak knew that at the start, he ran his campaign on honesty and levelling with the British public","type":"I","timestamp":"2023-11-09 13:54:17"},{"nodeID":"1340789","text":"Lucy Frazer: even though the polling was saying that, and even though Rishi knew that at the start, he ran his campaign on honesty and levelling with the British public","type":"L","timestamp":"2023-11-09 13:54:17"},{"nodeID":"1340790","text":"Analysing","type":"YA","timestamp":"2023-11-09 13:54:17"},{"nodeID":"1340791","text":"Tuuli: Lucy Frazer: even though the polling was saying that, and even though Rishi knew that at the start, he ran his campaign on honesty and levelling with the British public","type":"L","timestamp":"2023-11-09 13:54:17"},{"nodeID":"1340792","text":"Asserting","type":"YA","timestamp":"2023-11-09 13:54:17"},{"nodeID":"1340793","text":"Default Transition","type":"TA","timestamp":"2023-11-09 13:54:17"},{"nodeID":"1340794","text":"there are still other questions to answer","type":"I","timestamp":"2023-11-09 13:54:18"},{"nodeID":"1340795","text":"Fiona Bruce: what about these other questions","type":"L","timestamp":"2023-11-09 13:54:18"},{"nodeID":"1340796","text":"Analysing","type":"YA","timestamp":"2023-11-09 13:54:18"},{"nodeID":"1340797","text":"Tuuli: Fiona Bruce: what about these other questions","type":"L","timestamp":"2023-11-09 13:54:18"},{"nodeID":"1340798","text":"Assertive Questioning","type":"YA","timestamp":"2023-11-09 13:54:18"},{"nodeID":"1340799","text":"Default Transition","type":"TA","timestamp":"2023-11-09 13:54:18"},{"nodeID":"1340800","text":"someone who runs their campaign on honesty and levelling with the British public is a politician","type":"I","timestamp":"2023-11-09 13:54:19"},{"nodeID":"1340801","text":"Lucy Frazer: that is a politician","type":"L","timestamp":"2023-11-09 13:54:19"},{"nodeID":"1340802","text":"Analysing","type":"YA","timestamp":"2023-11-09 13:54:19"},{"nodeID":"1340803","text":"Tuuli: Lucy Frazer: that is a politician","type":"L","timestamp":"2023-11-09 13:54:19"},{"nodeID":"1340804","text":"Asserting","type":"YA","timestamp":"2023-11-09 13:54:19"},{"nodeID":"1340805","text":"Default Rephrase","type":"MA","timestamp":"2023-11-09 13:54:19"},{"nodeID":"1340806","text":"Default Transition","type":"TA","timestamp":"2023-11-09 13:54:19"},{"nodeID":"1340807","text":"Restating","type":"YA","timestamp":"2023-11-09 13:54:19"},{"nodeID":"1340808","text":"someone who runs their campaign on honesty and levelling with the British public is a politician who puts the country first","type":"I","timestamp":"2023-11-09 13:54:19"},{"nodeID":"1340809","text":"Lucy Frazer: That is a politician who puts the country first","type":"L","timestamp":"2023-11-09 13:54:19"},{"nodeID":"1340810","text":"Analysing","type":"YA","timestamp":"2023-11-09 13:54:19"},{"nodeID":"1340811","text":"Tuuli: Lucy Frazer: That is a politician who puts the country first","type":"L","timestamp":"2023-11-09 13:54:19"},{"nodeID":"1340812","text":"Asserting","type":"YA","timestamp":"2023-11-09 13:54:19"},{"nodeID":"1340813","text":"we are very lucky to have Rishi Sunak as Prime Minister","type":"I","timestamp":"2023-11-09 13:54:20"},{"nodeID":"1340814","text":"Lucy Frazer: we are very lucky to have him as Prime Minister","type":"L","timestamp":"2023-11-09 13:54:20"},{"nodeID":"1340815","text":"Analysing","type":"YA","timestamp":"2023-11-09 13:54:20"},{"nodeID":"1340816","text":"Tuuli: Lucy Frazer: we are very lucky to have him as Prime Minister","type":"L","timestamp":"2023-11-09 13:54:20"},{"nodeID":"1340817","text":"Asserting","type":"YA","timestamp":"2023-11-09 13:54:20"},{"nodeID":"1340818","text":"Default Inference","type":"RA","timestamp":"2023-11-09 13:54:20"},{"nodeID":"1340819","text":"Default Transition","type":"TA","timestamp":"2023-11-09 13:54:20"},{"nodeID":"1340820","text":"Arguing","type":"YA","timestamp":"2023-11-09 13:54:20"},{"nodeID":"1340821","text":"Lucy Frazer's party elected Liz Truss","type":"I","timestamp":"2023-11-09 13:54:21"},{"nodeID":"1340822","text":"AudienceMember 20221027QT13: Your party elected Liz Truss","type":"L","timestamp":"2023-11-09 13:54:21"},{"nodeID":"1340823","text":"Analysing","type":"YA","timestamp":"2023-11-09 13:54:21"},{"nodeID":"1340824","text":"Tuuli: AudienceMember 20221027QT13: Your party elected Liz Truss","type":"L","timestamp":"2023-11-09 13:54:21"},{"nodeID":"1340825","text":"Asserting","type":"YA","timestamp":"2023-11-09 13:54:21"},{"nodeID":"1340826","text":"xxx is why the Conservative Party elected Liz Truss","type":"I","timestamp":"2023-11-09 13:54:21"},{"nodeID":"1340827","text":"AudienceMember 20221027QT13: Why did they elect Liz Truss","type":"L","timestamp":"2023-11-09 13:54:21"},{"nodeID":"1340828","text":"Analysing","type":"YA","timestamp":"2023-11-09 13:54:21"},{"nodeID":"1340829","text":"Tuuli: AudienceMember 20221027QT13: Why did they elect Liz Truss","type":"L","timestamp":"2023-11-09 13:54:21"},{"nodeID":"1340830","text":"Pure Questioning","type":"YA","timestamp":"2023-11-09 13:54:21"},{"nodeID":"1340831","text":"Default Transition","type":"TA","timestamp":"2023-11-09 13:54:21"},{"nodeID":"1340832","text":"it was uppermost in most people\u2019s minds that Liz Truss was not fit for office","type":"I","timestamp":"2023-11-09 13:54:22"},{"nodeID":"1340833","text":"AudienceMember 20221027QT13: it was uppermost in most people\u2019s minds that she was not fit for office","type":"L","timestamp":"2023-11-09 13:54:22"},{"nodeID":"1340834","text":"Analysing","type":"YA","timestamp":"2023-11-09 13:54:22"},{"nodeID":"1340835","text":"Tuuli: AudienceMember 20221027QT13: it was uppermost in most people\u2019s minds that she was not fit for office","type":"L","timestamp":"2023-11-09 13:54:22"},{"nodeID":"1340836","text":"Asserting","type":"YA","timestamp":"2023-11-09 13:54:22"},{"nodeID":"1340837","text":"Default Transition","type":"TA","timestamp":"2023-11-09 13:54:22"},{"nodeID":"1340838","text":"Default Conflict","type":"CA","timestamp":"2023-11-09 13:54:22"},{"nodeID":"1340839","text":"Disagreeing","type":"YA","timestamp":"2023-11-09 13:54:22"},{"nodeID":"1340840","text":"Default Rephrase","type":"MA","timestamp":"2023-11-09 13:54:22"},{"nodeID":"1340841","text":"Restating","type":"YA","timestamp":"2023-11-09 13:54:22"},{"nodeID":"1340842","text":"xxx is why Liz Truss got the office","type":"I","timestamp":"2023-11-09 13:54:22"},{"nodeID":"1340843","text":"AudienceMember 20221027QT13: why did she get the office","type":"L","timestamp":"2023-11-09 13:54:22"},{"nodeID":"1340844","text":"Analysing","type":"YA","timestamp":"2023-11-09 13:54:22"},{"nodeID":"1340845","text":"Tuuli: AudienceMember 20221027QT13: why did she get the office","type":"L","timestamp":"2023-11-09 13:54:22"},{"nodeID":"1340846","text":"Pure Questioning","type":"YA","timestamp":"2023-11-09 13:54:22"},{"nodeID":"1340847","text":"Default Transition","type":"TA","timestamp":"2023-11-09 13:54:22"},{"nodeID":"1340848","text":"AudienceMember 20221027QT13 will tell you why Liz Truss got the office","type":"I","timestamp":"2023-11-09 13:54:23"},{"nodeID":"1340849","text":"AudienceMember 20221027QT13: I\u2019ll tell you why","type":"L","timestamp":"2023-11-09 13:54:23"},{"nodeID":"1340850","text":"Analysing","type":"YA","timestamp":"2023-11-09 13:54:23"},{"nodeID":"1340851","text":"Tuuli: AudienceMember 20221027QT13: I\u2019ll tell you why","type":"L","timestamp":"2023-11-09 13:54:23"},{"nodeID":"1340852","text":"Asserting","type":"YA","timestamp":"2023-11-09 13:54:23"},{"nodeID":"1340853","text":"Default Transition","type":"TA","timestamp":"2023-11-09 13:54:23"},{"nodeID":"1340854","text":"Default Rephrase","type":"MA","timestamp":"2023-11-09 13:54:23"},{"nodeID":"1340855","text":"Default Illocuting","type":"YA","timestamp":"2023-11-09 13:54:23"},{"nodeID":"1340856","text":"Default Conflict","type":"CA","timestamp":"2023-11-09 13:54:23"},{"nodeID":"1340857","text":"Default Transition","type":"TA","timestamp":"2023-11-09 13:54:23"},{"nodeID":"1340858","text":"Disagreeing","type":"YA","timestamp":"2023-11-09 13:54:23"},{"nodeID":"1340859","text":"electing Liz Truss was a decision for party members","type":"I","timestamp":"2023-11-09 13:54:24"},{"nodeID":"1340860","text":"Lucy Frazer: that was a decision for party members","type":"L","timestamp":"2023-11-09 13:54:24"},{"nodeID":"1340861","text":"Analysing","type":"YA","timestamp":"2023-11-09 13:54:24"},{"nodeID":"1340862","text":"Tuuli: Lucy Frazer: that was a decision for party members","type":"L","timestamp":"2023-11-09 13:54:24"},{"nodeID":"1340863","text":"Asserting","type":"YA","timestamp":"2023-11-09 13:54:24"},{"nodeID":"1340864","text":"Default Transition","type":"TA","timestamp":"2023-11-09 13:54:24"},{"nodeID":"1340865","text":"Lucy Frazer supported Rishi Sunak","type":"I","timestamp":"2023-11-09 13:54:24"},{"nodeID":"1340866","text":"Lucy Frazer: I supported Rishi Sunak","type":"L","timestamp":"2023-11-09 13:54:24"},{"nodeID":"1340867","text":"Analysing","type":"YA","timestamp":"2023-11-09 13:54:24"},{"nodeID":"1340868","text":"Tuuli: Lucy Frazer: I supported Rishi Sunak","type":"L","timestamp":"2023-11-09 13:54:24"},{"nodeID":"1340869","text":"Asserting","type":"YA","timestamp":"2023-11-09 13:54:24"},{"nodeID":"1340870","text":"Default Conflict","type":"CA","timestamp":"2023-11-09 13:54:24"},{"nodeID":"1340871","text":"Default Transition","type":"TA","timestamp":"2023-11-09 13:54:24"},{"nodeID":"1340872","text":"Disagreeing","type":"YA","timestamp":"2023-11-09 13:54:24"},{"nodeID":"1340873","text":"Default Rephrase","type":"MA","timestamp":"2023-11-09 13:54:24"},{"nodeID":"1340874","text":"Default Transition","type":"TA","timestamp":"2023-11-09 13:54:24"},{"nodeID":"1340875","text":"Restating","type":"YA","timestamp":"2023-11-09 13:54:24"},{"nodeID":"1340876","text":"Default Rephrase","type":"MA","timestamp":"2023-11-09 13:54:24"},{"nodeID":"1340877","text":"Default Transition","type":"TA","timestamp":"2023-11-09 13:54:24"},{"nodeID":"1340878","text":"Restating","type":"YA","timestamp":"2023-11-09 13:54:24"},{"nodeID":"1340879","text":"Default Conflict","type":"CA","timestamp":"2023-11-09 13:54:24"},{"nodeID":"1340880","text":"Disagreeing","type":"YA","timestamp":"2023-11-09 13:54:24"},{"nodeID":"1340881","text":"Default Rephrase","type":"MA","timestamp":"2023-11-09 13:54:24"},{"nodeID":"1340882","text":"Default Illocuting","type":"YA","timestamp":"2023-11-09 13:54:24"},{"nodeID":"1340883","text":"and do you know what","type":"I","timestamp":"2023-11-09 13:54:25"},{"nodeID":"1340884","text":"Lucy Frazer: And do you know what","type":"L","timestamp":"2023-11-09 13:54:25"},{"nodeID":"1340885","text":"Chris: Lucy Frazer: And do you know what","type":"L","timestamp":"2023-11-09 13:54:25"},{"nodeID":"1340886","text":"Analysing","type":"YA","timestamp":"2023-11-09 13:54:25"},{"nodeID":"1340887","text":"Rhetorical Questioning","type":"YA","timestamp":"2023-11-09 13:54:25"},{"nodeID":"1340888","text":"Default Transition","type":"TA","timestamp":"2023-11-09 13:54:25"},{"nodeID":"1340889","text":"Default Transition","type":"TA","timestamp":"2023-11-09 13:54:25"},{"nodeID":"1340890","text":"Default Rephrase","type":"MA","timestamp":"2023-11-09 13:54:25"},{"nodeID":"1340891","text":"Default Illocuting","type":"YA","timestamp":"2023-11-09 13:54:25"}],"edges":[{"edgeID":"1757239","fromID":"1340714","toID":"1340713","formEdgeID":null},{"edgeID":"1757240","fromID":"1340715","toID":"1340714","formEdgeID":null},{"edgeID":"1757241","fromID":"1340713","toID":"1340716","formEdgeID":null},{"edgeID":"1757242","fromID":"1340716","toID":"1340712","formEdgeID":null},{"edgeID":"1757243","fromID":"1340719","toID":"1340718","formEdgeID":null},{"edgeID":"1757244","fromID":"1340720","toID":"1340719","formEdgeID":null},{"edgeID":"1757245","fromID":"1340722","toID":"1340721","formEdgeID":null},{"edgeID":"1757246","fromID":"1340723","toID":"1340722","formEdgeID":null},{"edgeID":"1757247","fromID":"1340721","toID":"1340724","formEdgeID":null},{"edgeID":"1757248","fromID":"1340724","toID":"1340717","formEdgeID":null},{"edgeID":"1757249","fromID":"1340718","toID":"1340725","formEdgeID":null},{"edgeID":"1757250","fromID":"1340725","toID":"1340721","formEdgeID":null},{"edgeID":"1757251","fromID":"1340713","toID":"1340726","formEdgeID":null},{"edgeID":"1757252","fromID":"1340726","toID":"1340718","formEdgeID":null},{"edgeID":"1757253","fromID":"1340729","toID":"1340728","formEdgeID":null},{"edgeID":"1757254","fromID":"1340730","toID":"1340729","formEdgeID":null},{"edgeID":"1757255","fromID":"1340732","toID":"1340731","formEdgeID":null},{"edgeID":"1757256","fromID":"1340733","toID":"1340732","formEdgeID":null},{"edgeID":"1757257","fromID":"1340731","toID":"1340734","formEdgeID":null},{"edgeID":"1757258","fromID":"1340734","toID":"1340727","formEdgeID":null},{"edgeID":"1757259","fromID":"1340728","toID":"1340735","formEdgeID":null},{"edgeID":"1757260","fromID":"1340735","toID":"1340731","formEdgeID":null},{"edgeID":"1757261","fromID":"1340718","toID":"1340736","formEdgeID":null},{"edgeID":"1757262","fromID":"1340736","toID":"1340728","formEdgeID":null},{"edgeID":"1757263","fromID":"1340739","toID":"1340738","formEdgeID":null},{"edgeID":"1757264","fromID":"1340740","toID":"1340739","formEdgeID":null},{"edgeID":"1757265","fromID":"1340742","toID":"1340741","formEdgeID":null},{"edgeID":"1757266","fromID":"1340743","toID":"1340742","formEdgeID":null},{"edgeID":"1757267","fromID":"1340741","toID":"1340744","formEdgeID":null},{"edgeID":"1757268","fromID":"1340744","toID":"1340737","formEdgeID":null},{"edgeID":"1757269","fromID":"1340738","toID":"1340745","formEdgeID":null},{"edgeID":"1757270","fromID":"1340745","toID":"1340741","formEdgeID":null},{"edgeID":"1757271","fromID":"1340728","toID":"1340746","formEdgeID":null},{"edgeID":"1757272","fromID":"1340746","toID":"1340738","formEdgeID":null},{"edgeID":"1757273","fromID":"1340727","toID":"1340747","formEdgeID":null},{"edgeID":"1757274","fromID":"1340747","toID":"1340717","formEdgeID":null},{"edgeID":"1757275","fromID":"1340736","toID":"1340748","formEdgeID":null},{"edgeID":"1757276","fromID":"1340748","toID":"1340747","formEdgeID":null},{"edgeID":"1757277","fromID":"1340737","toID":"1340749","formEdgeID":null},{"edgeID":"1757278","fromID":"1340749","toID":"1340727","formEdgeID":null},{"edgeID":"1757279","fromID":"1340746","toID":"1340750","formEdgeID":null},{"edgeID":"1757280","fromID":"1340750","toID":"1340749","formEdgeID":null},{"edgeID":"1757281","fromID":"1340753","toID":"1340752","formEdgeID":null},{"edgeID":"1757282","fromID":"1340754","toID":"1340753","formEdgeID":null},{"edgeID":"1757283","fromID":"1340752","toID":"1340755","formEdgeID":null},{"edgeID":"1757284","fromID":"1340755","toID":"1340751","formEdgeID":null},{"edgeID":"1757285","fromID":"1340758","toID":"1340757","formEdgeID":null},{"edgeID":"1757286","fromID":"1340759","toID":"1340758","formEdgeID":null},{"edgeID":"1757287","fromID":"1340757","toID":"1340760","formEdgeID":null},{"edgeID":"1757288","fromID":"1340760","toID":"1340756","formEdgeID":null},{"edgeID":"1757289","fromID":"1340752","toID":"1340761","formEdgeID":null},{"edgeID":"1757290","fromID":"1340761","toID":"1340757","formEdgeID":null},{"edgeID":"1757291","fromID":"1340756","toID":"1340762","formEdgeID":null},{"edgeID":"1757292","fromID":"1340762","toID":"1340751","formEdgeID":null},{"edgeID":"1757293","fromID":"1340761","toID":"1340763","formEdgeID":null},{"edgeID":"1757294","fromID":"1340763","toID":"1340762","formEdgeID":null},{"edgeID":"1757295","fromID":"1340766","toID":"1340765","formEdgeID":null},{"edgeID":"1757296","fromID":"1340767","toID":"1340766","formEdgeID":null},{"edgeID":"1757297","fromID":"1340765","toID":"1340768","formEdgeID":null},{"edgeID":"1757298","fromID":"1340768","toID":"1340764","formEdgeID":null},{"edgeID":"1757299","fromID":"1340764","toID":"1340769","formEdgeID":null},{"edgeID":"1757300","fromID":"1340769","toID":"1340756","formEdgeID":null},{"edgeID":"1757301","fromID":"1340757","toID":"1340770","formEdgeID":null},{"edgeID":"1757302","fromID":"1340770","toID":"1340765","formEdgeID":null},{"edgeID":"1757303","fromID":"1340770","toID":"1340771","formEdgeID":null},{"edgeID":"1757304","fromID":"1340771","toID":"1340769","formEdgeID":null},{"edgeID":"1757305","fromID":"1340774","toID":"1340773","formEdgeID":null},{"edgeID":"1757306","fromID":"1340775","toID":"1340774","formEdgeID":null},{"edgeID":"1757307","fromID":"1340773","toID":"1340776","formEdgeID":null},{"edgeID":"1757308","fromID":"1340776","toID":"1340772","formEdgeID":null},{"edgeID":"1757309","fromID":"1340765","toID":"1340777","formEdgeID":null},{"edgeID":"1757310","fromID":"1340777","toID":"1340773","formEdgeID":null},{"edgeID":"1757311","fromID":"1340772","toID":"1340778","formEdgeID":null},{"edgeID":"1757312","fromID":"1340778","toID":"1340764","formEdgeID":null},{"edgeID":"1757313","fromID":"1340777","toID":"1340779","formEdgeID":null},{"edgeID":"1757314","fromID":"1340779","toID":"1340778","formEdgeID":null},{"edgeID":"1757315","fromID":"1340782","toID":"1340781","formEdgeID":null},{"edgeID":"1757316","fromID":"1340783","toID":"1340782","formEdgeID":null},{"edgeID":"1757317","fromID":"1340781","toID":"1340784","formEdgeID":null},{"edgeID":"1757318","fromID":"1340784","toID":"1340780","formEdgeID":null},{"edgeID":"1757319","fromID":"1340773","toID":"1340785","formEdgeID":null},{"edgeID":"1757320","fromID":"1340785","toID":"1340781","formEdgeID":null},{"edgeID":"1757321","fromID":"1340780","toID":"1340786","formEdgeID":null},{"edgeID":"1757322","fromID":"1340786","toID":"1340772","formEdgeID":null},{"edgeID":"1757323","fromID":"1340785","toID":"1340787","formEdgeID":null},{"edgeID":"1757324","fromID":"1340787","toID":"1340786","formEdgeID":null},{"edgeID":"1757325","fromID":"1340790","toID":"1340789","formEdgeID":null},{"edgeID":"1757326","fromID":"1340791","toID":"1340790","formEdgeID":null},{"edgeID":"1757327","fromID":"1340789","toID":"1340792","formEdgeID":null},{"edgeID":"1757328","fromID":"1340792","toID":"1340788","formEdgeID":null},{"edgeID":"1757329","fromID":"1340781","toID":"1340793","formEdgeID":null},{"edgeID":"1757330","fromID":"1340793","toID":"1340789","formEdgeID":null},{"edgeID":"1757331","fromID":"1340796","toID":"1340795","formEdgeID":null},{"edgeID":"1757332","fromID":"1340797","toID":"1340796","formEdgeID":null},{"edgeID":"1757333","fromID":"1340795","toID":"1340798","formEdgeID":null},{"edgeID":"1757334","fromID":"1340798","toID":"1340794","formEdgeID":null},{"edgeID":"1757335","fromID":"1340789","toID":"1340799","formEdgeID":null},{"edgeID":"1757336","fromID":"1340799","toID":"1340795","formEdgeID":null},{"edgeID":"1757337","fromID":"1340802","toID":"1340801","formEdgeID":null},{"edgeID":"1757338","fromID":"1340803","toID":"1340802","formEdgeID":null},{"edgeID":"1757339","fromID":"1340801","toID":"1340804","formEdgeID":null},{"edgeID":"1757340","fromID":"1340804","toID":"1340800","formEdgeID":null},{"edgeID":"1757341","fromID":"1340800","toID":"1340805","formEdgeID":null},{"edgeID":"1757342","fromID":"1340805","toID":"1340788","formEdgeID":null},{"edgeID":"1757343","fromID":"1340789","toID":"1340806","formEdgeID":null},{"edgeID":"1757344","fromID":"1340806","toID":"1340801","formEdgeID":null},{"edgeID":"1757345","fromID":"1340806","toID":"1340807","formEdgeID":null},{"edgeID":"1757346","fromID":"1340807","toID":"1340805","formEdgeID":null},{"edgeID":"1757347","fromID":"1340810","toID":"1340809","formEdgeID":null},{"edgeID":"1757348","fromID":"1340811","toID":"1340810","formEdgeID":null},{"edgeID":"1757349","fromID":"1340809","toID":"1340812","formEdgeID":null},{"edgeID":"1757350","fromID":"1340812","toID":"1340808","formEdgeID":null},{"edgeID":"1757351","fromID":"1340815","toID":"1340814","formEdgeID":null},{"edgeID":"1757352","fromID":"1340816","toID":"1340815","formEdgeID":null},{"edgeID":"1757353","fromID":"1340814","toID":"1340817","formEdgeID":null},{"edgeID":"1757354","fromID":"1340817","toID":"1340813","formEdgeID":null},{"edgeID":"1757355","fromID":"1340808","toID":"1340818","formEdgeID":null},{"edgeID":"1757356","fromID":"1340818","toID":"1340813","formEdgeID":null},{"edgeID":"1757357","fromID":"1340809","toID":"1340819","formEdgeID":null},{"edgeID":"1757358","fromID":"1340819","toID":"1340814","formEdgeID":null},{"edgeID":"1757359","fromID":"1340819","toID":"1340820","formEdgeID":null},{"edgeID":"1757360","fromID":"1340820","toID":"1340818","formEdgeID":null},{"edgeID":"1757361","fromID":"1340823","toID":"1340822","formEdgeID":null},{"edgeID":"1757362","fromID":"1340824","toID":"1340823","formEdgeID":null},{"edgeID":"1757363","fromID":"1340822","toID":"1340825","formEdgeID":null},{"edgeID":"1757364","fromID":"1340825","toID":"1340821","formEdgeID":null},{"edgeID":"1757365","fromID":"1340828","toID":"1340827","formEdgeID":null},{"edgeID":"1757366","fromID":"1340829","toID":"1340828","formEdgeID":null},{"edgeID":"1757367","fromID":"1340827","toID":"1340830","formEdgeID":null},{"edgeID":"1757368","fromID":"1340830","toID":"1340826","formEdgeID":null},{"edgeID":"1757369","fromID":"1340822","toID":"1340831","formEdgeID":null},{"edgeID":"1757370","fromID":"1340831","toID":"1340827","formEdgeID":null},{"edgeID":"1757371","fromID":"1340834","toID":"1340833","formEdgeID":null},{"edgeID":"1757372","fromID":"1340835","toID":"1340834","formEdgeID":null},{"edgeID":"1757373","fromID":"1340833","toID":"1340836","formEdgeID":null},{"edgeID":"1757374","fromID":"1340836","toID":"1340832","formEdgeID":null},{"edgeID":"1757375","fromID":"1340827","toID":"1340837","formEdgeID":null},{"edgeID":"1757376","fromID":"1340837","toID":"1340833","formEdgeID":null},{"edgeID":"1757377","fromID":"1340832","toID":"1340838","formEdgeID":null},{"edgeID":"1757378","fromID":"1340838","toID":"1340826","formEdgeID":null},{"edgeID":"1757379","fromID":"1340837","toID":"1340839","formEdgeID":null},{"edgeID":"1757380","fromID":"1340839","toID":"1340838","formEdgeID":null},{"edgeID":"1757381","fromID":"1340826","toID":"1340840","formEdgeID":null},{"edgeID":"1757382","fromID":"1340840","toID":"1340821","formEdgeID":null},{"edgeID":"1757383","fromID":"1340831","toID":"1340841","formEdgeID":null},{"edgeID":"1757384","fromID":"1340841","toID":"1340840","formEdgeID":null},{"edgeID":"1757385","fromID":"1340844","toID":"1340843","formEdgeID":null},{"edgeID":"1757386","fromID":"1340845","toID":"1340844","formEdgeID":null},{"edgeID":"1757387","fromID":"1340843","toID":"1340846","formEdgeID":null},{"edgeID":"1757388","fromID":"1340846","toID":"1340842","formEdgeID":null},{"edgeID":"1757389","fromID":"1340833","toID":"1340847","formEdgeID":null},{"edgeID":"1757390","fromID":"1340847","toID":"1340843","formEdgeID":null},{"edgeID":"1757391","fromID":"1340850","toID":"1340849","formEdgeID":null},{"edgeID":"1757392","fromID":"1340851","toID":"1340850","formEdgeID":null},{"edgeID":"1757393","fromID":"1340849","toID":"1340852","formEdgeID":null},{"edgeID":"1757394","fromID":"1340852","toID":"1340848","formEdgeID":null},{"edgeID":"1757395","fromID":"1340843","toID":"1340853","formEdgeID":null},{"edgeID":"1757396","fromID":"1340853","toID":"1340849","formEdgeID":null},{"edgeID":"1757397","fromID":"1340848","toID":"1340854","formEdgeID":null},{"edgeID":"1757398","fromID":"1340854","toID":"1340842","formEdgeID":null},{"edgeID":"1757399","fromID":"1340853","toID":"1340855","formEdgeID":null},{"edgeID":"1757400","fromID":"1340855","toID":"1340854","formEdgeID":null},{"edgeID":"1757401","fromID":"1340821","toID":"1340856","formEdgeID":null},{"edgeID":"1757402","fromID":"1340856","toID":"1340780","formEdgeID":null},{"edgeID":"1757403","fromID":"1340781","toID":"1340857","formEdgeID":null},{"edgeID":"1757404","fromID":"1340857","toID":"1340822","formEdgeID":null},{"edgeID":"1757405","fromID":"1340857","toID":"1340858","formEdgeID":null},{"edgeID":"1757406","fromID":"1340858","toID":"1340856","formEdgeID":null},{"edgeID":"1757407","fromID":"1340861","toID":"1340860","formEdgeID":null},{"edgeID":"1757408","fromID":"1340862","toID":"1340861","formEdgeID":null},{"edgeID":"1757409","fromID":"1340860","toID":"1340863","formEdgeID":null},{"edgeID":"1757410","fromID":"1340863","toID":"1340859","formEdgeID":null},{"edgeID":"1757411","fromID":"1340849","toID":"1340864","formEdgeID":null},{"edgeID":"1757412","fromID":"1340864","toID":"1340860","formEdgeID":null},{"edgeID":"1757413","fromID":"1340867","toID":"1340866","formEdgeID":null},{"edgeID":"1757414","fromID":"1340868","toID":"1340867","formEdgeID":null},{"edgeID":"1757415","fromID":"1340866","toID":"1340869","formEdgeID":null},{"edgeID":"1757416","fromID":"1340869","toID":"1340865","formEdgeID":null},{"edgeID":"1757417","fromID":"1340865","toID":"1340870","formEdgeID":null},{"edgeID":"1757418","fromID":"1340870","toID":"1340826","formEdgeID":null},{"edgeID":"1757419","fromID":"1340827","toID":"1340871","formEdgeID":null},{"edgeID":"1757420","fromID":"1340871","toID":"1340866","formEdgeID":null},{"edgeID":"1757421","fromID":"1340871","toID":"1340872","formEdgeID":null},{"edgeID":"1757422","fromID":"1340872","toID":"1340870","formEdgeID":null},{"edgeID":"1757423","fromID":"1340751","toID":"1340873","formEdgeID":null},{"edgeID":"1757424","fromID":"1340873","toID":"1340737","formEdgeID":null},{"edgeID":"1757425","fromID":"1340738","toID":"1340874","formEdgeID":null},{"edgeID":"1757426","fromID":"1340874","toID":"1340752","formEdgeID":null},{"edgeID":"1757427","fromID":"1340874","toID":"1340875","formEdgeID":null},{"edgeID":"1757428","fromID":"1340875","toID":"1340873","formEdgeID":null},{"edgeID":"1757429","fromID":"1340808","toID":"1340876","formEdgeID":null},{"edgeID":"1757430","fromID":"1340876","toID":"1340800","formEdgeID":null},{"edgeID":"1757431","fromID":"1340801","toID":"1340877","formEdgeID":null},{"edgeID":"1757432","fromID":"1340877","toID":"1340809","formEdgeID":null},{"edgeID":"1757433","fromID":"1340877","toID":"1340878","formEdgeID":null},{"edgeID":"1757434","fromID":"1340878","toID":"1340876","formEdgeID":null},{"edgeID":"1757435","fromID":"1340842","toID":"1340879","formEdgeID":null},{"edgeID":"1757436","fromID":"1340879","toID":"1340832","formEdgeID":null},{"edgeID":"1757437","fromID":"1340847","toID":"1340880","formEdgeID":null},{"edgeID":"1757438","fromID":"1340880","toID":"1340879","formEdgeID":null},{"edgeID":"1757439","fromID":"1340859","toID":"1340881","formEdgeID":null},{"edgeID":"1757440","fromID":"1340881","toID":"1340842","formEdgeID":null},{"edgeID":"1757441","fromID":"1340864","toID":"1340882","formEdgeID":null},{"edgeID":"1757442","fromID":"1340882","toID":"1340881","formEdgeID":null},{"edgeID":"1757443","fromID":"1340886","toID":"1340884","formEdgeID":null},{"edgeID":"1757444","fromID":"1340885","toID":"1340886","formEdgeID":null},{"edgeID":"1757445","fromID":"1340884","toID":"1340887","formEdgeID":null},{"edgeID":"1757446","fromID":"1340887","toID":"1340883","formEdgeID":null},{"edgeID":"1757447","fromID":"1340738","toID":"1340888","formEdgeID":null},{"edgeID":"1757448","fromID":"1340888","toID":"1340884","formEdgeID":null},{"edgeID":"1757449","fromID":"1340884","toID":"1340889","formEdgeID":null},{"edgeID":"1757450","fromID":"1340889","toID":"1340752","formEdgeID":null},{"edgeID":"1757451","fromID":"1340890","toID":"1340883","formEdgeID":null},{"edgeID":"1757452","fromID":"1340751","toID":"1340890","formEdgeID":null},{"edgeID":"1757453","fromID":"1340891","toID":"1340890","formEdgeID":null},{"edgeID":"1757454","fromID":"1340889","toID":"1340891","formEdgeID":null}],"locutions":[]}