{"nodes":[{"nodeID":"1339174","text":"Lucy Frazer isn't sure that any of you watched PMQs on Wednesday\u00a0","type":"I","timestamp":"2023-11-09 13:51:58"},{"nodeID":"1339175","text":"Lucy Frazer: I don\u2019t know whether any of you watched PMQs on Wednesday\u00a0","type":"L","timestamp":"2023-11-09 13:51:58"},{"nodeID":"1339176","text":"Analysing","type":"YA","timestamp":"2023-11-09 13:51:58"},{"nodeID":"1339177","text":"Anon: Lucy Frazer: I don\u2019t know whether any of you watched PMQs on Wednesday\u00a0","type":"L","timestamp":"2023-11-09 13:51:58"},{"nodeID":"1339178","text":"Asserting","type":"YA","timestamp":"2023-11-09 13:51:58"},{"nodeID":"1339179","text":"PMQs is Prime Minister\u2019s Questions","type":"I","timestamp":"2023-11-09 13:51:58"},{"nodeID":"1339180","text":"Fiona Bruce: Prime Minister\u2019s Questions","type":"L","timestamp":"2023-11-09 13:51:58"},{"nodeID":"1339181","text":"Analysing","type":"YA","timestamp":"2023-11-09 13:51:58"},{"nodeID":"1339182","text":"Anon: Fiona Bruce: Prime Minister\u2019s Questions","type":"L","timestamp":"2023-11-09 13:51:58"},{"nodeID":"1339183","text":"Asserting","type":"YA","timestamp":"2023-11-09 13:51:58"},{"nodeID":"1339184","text":"Lucy Frazer: Prime Minister\u2019s Questions","type":"L","timestamp":"2023-11-09 13:51:58"},{"nodeID":"1339185","text":"Analysing","type":"YA","timestamp":"2023-11-09 13:51:58"},{"nodeID":"1339186","text":"Anon: Lucy Frazer: Prime Minister\u2019s Questions","type":"L","timestamp":"2023-11-09 13:51:58"},{"nodeID":"1339187","text":"Default Transition","type":"TA","timestamp":"2023-11-09 13:51:58"},{"nodeID":"1339188","text":"Default Transition","type":"TA","timestamp":"2023-11-09 13:51:58"},{"nodeID":"1339189","text":"Asserting","type":"YA","timestamp":"2023-11-09 13:51:58"},{"nodeID":"1339190","text":"PMQs is not in the Westminster village","type":"I","timestamp":"2023-11-09 13:51:59"},{"nodeID":"1339191","text":"Fiona Bruce: Not in the Westminster village","type":"L","timestamp":"2023-11-09 13:51:59"},{"nodeID":"1339192","text":"Analysing","type":"YA","timestamp":"2023-11-09 13:51:59"},{"nodeID":"1339193","text":"Anon: Fiona Bruce: Not in the Westminster village","type":"L","timestamp":"2023-11-09 13:51:59"},{"nodeID":"1339194","text":"Asserting","type":"YA","timestamp":"2023-11-09 13:51:59"},{"nodeID":"1339195","text":"Default Transition","type":"TA","timestamp":"2023-11-09 13:51:59"},{"nodeID":"1339196","text":"Wednesday was the time when there was the debate between Rishi Sunak and the leader of the opposition","type":"I","timestamp":"2023-11-09 13:51:59"},{"nodeID":"1339197","text":"Lucy Frazer: Wednesday, the time when there was the debate between him and the leader of the opposition","type":"L","timestamp":"2023-11-09 13:51:59"},{"nodeID":"1339198","text":"Analysing","type":"YA","timestamp":"2023-11-09 13:51:59"},{"nodeID":"1339199","text":"Anon: Lucy Frazer: Wednesday, the time when there was the debate between him and the leader of the opposition","type":"L","timestamp":"2023-11-09 13:51:59"},{"nodeID":"1339200","text":"Asserting","type":"YA","timestamp":"2023-11-09 13:51:59"},{"nodeID":"1339201","text":"you saw behind Rishi Sunak a united party","type":"I","timestamp":"2023-11-09 13:52:00"},{"nodeID":"1339202","text":"Lucy Frazer: you saw behind him was a united party","type":"L","timestamp":"2023-11-09 13:52:00"},{"nodeID":"1339203","text":"Analysing","type":"YA","timestamp":"2023-11-09 13:52:00"},{"nodeID":"1339204","text":"Anon: Lucy Frazer: you saw behind him was a united party","type":"L","timestamp":"2023-11-09 13:52:00"},{"nodeID":"1339205","text":"Asserting","type":"YA","timestamp":"2023-11-09 13:52:00"},{"nodeID":"1339206","text":"Rishi Sunak wants to get on and deal with the issues that you have in the country, get the economy back on track","type":"I","timestamp":"2023-11-09 13:52:01"},{"nodeID":"1339207","text":"Lucy Frazer: wants to get on and deal with the issues that you have in the country, get the economy back on track","type":"L","timestamp":"2023-11-09 13:52:01"},{"nodeID":"1339208","text":"Analysing","type":"YA","timestamp":"2023-11-09 13:52:01"},{"nodeID":"1339209","text":"Anon: Lucy Frazer: wants to get on and deal with the issues that you have in the country, get the economy back on track","type":"L","timestamp":"2023-11-09 13:52:01"},{"nodeID":"1339210","text":"Asserting","type":"YA","timestamp":"2023-11-09 13:52:01"},{"nodeID":"1339211","text":"Default Transition","type":"TA","timestamp":"2023-11-09 13:52:01"},{"nodeID":"1339212","text":"Default Transition","type":"TA","timestamp":"2023-11-09 13:52:01"},{"nodeID":"1339213","text":"Default Transition","type":"TA","timestamp":"2023-11-09 13:52:01"},{"nodeID":"1339214","text":"Default Inference","type":"RA","timestamp":"2023-11-09 13:52:01"},{"nodeID":"1339215","text":"Arguing","type":"YA","timestamp":"2023-11-09 13:52:01"},{"nodeID":"1339216","text":"Rishi Sunak wants to ensure that we spend money on our schools and our hospitals and that we deliver for you in the country","type":"I","timestamp":"2023-11-09 13:52:01"},{"nodeID":"1339217","text":"Lucy Frazer: Ensure that we spend money on our schools and our hospitals and that we deliver for you in the country","type":"L","timestamp":"2023-11-09 13:52:01"},{"nodeID":"1339218","text":"Analysing","type":"YA","timestamp":"2023-11-09 13:52:01"},{"nodeID":"1339219","text":"Anon: Lucy Frazer: Ensure that we spend money on our schools and our hospitals and that we deliver for you in the country","type":"L","timestamp":"2023-11-09 13:52:01"},{"nodeID":"1339220","text":"Asserting","type":"YA","timestamp":"2023-11-09 13:52:01"},{"nodeID":"1339221","text":"Default Transition","type":"TA","timestamp":"2023-11-09 13:52:01"},{"nodeID":"1339222","text":"Default Rephrase","type":"MA","timestamp":"2023-11-09 13:52:01"},{"nodeID":"1339223","text":"Restating","type":"YA","timestamp":"2023-11-09 13:52:01"}],"edges":[{"edgeID":"1755445","fromID":"1339176","toID":"1339175","formEdgeID":null},{"edgeID":"1755446","fromID":"1339177","toID":"1339176","formEdgeID":null},{"edgeID":"1755447","fromID":"1339175","toID":"1339178","formEdgeID":null},{"edgeID":"1755448","fromID":"1339178","toID":"1339174","formEdgeID":null},{"edgeID":"1755449","fromID":"1339181","toID":"1339180","formEdgeID":null},{"edgeID":"1755450","fromID":"1339182","toID":"1339181","formEdgeID":null},{"edgeID":"1755451","fromID":"1339180","toID":"1339183","formEdgeID":null},{"edgeID":"1755452","fromID":"1339183","toID":"1339179","formEdgeID":null},{"edgeID":"1755453","fromID":"1339185","toID":"1339184","formEdgeID":null},{"edgeID":"1755454","fromID":"1339186","toID":"1339185","formEdgeID":null},{"edgeID":"1755455","fromID":"1339175","toID":"1339187","formEdgeID":null},{"edgeID":"1755456","fromID":"1339187","toID":"1339180","formEdgeID":null},{"edgeID":"1755457","fromID":"1339180","toID":"1339188","formEdgeID":null},{"edgeID":"1755458","fromID":"1339188","toID":"1339184","formEdgeID":null},{"edgeID":"1755459","fromID":"1339184","toID":"1339189","formEdgeID":null},{"edgeID":"1755460","fromID":"1339189","toID":"1339179","formEdgeID":null},{"edgeID":"1755461","fromID":"1339192","toID":"1339191","formEdgeID":null},{"edgeID":"1755462","fromID":"1339193","toID":"1339192","formEdgeID":null},{"edgeID":"1755463","fromID":"1339191","toID":"1339194","formEdgeID":null},{"edgeID":"1755464","fromID":"1339194","toID":"1339190","formEdgeID":null},{"edgeID":"1755465","fromID":"1339184","toID":"1339195","formEdgeID":null},{"edgeID":"1755466","fromID":"1339195","toID":"1339191","formEdgeID":null},{"edgeID":"1755467","fromID":"1339198","toID":"1339197","formEdgeID":null},{"edgeID":"1755468","fromID":"1339199","toID":"1339198","formEdgeID":null},{"edgeID":"1755469","fromID":"1339197","toID":"1339200","formEdgeID":null},{"edgeID":"1755470","fromID":"1339200","toID":"1339196","formEdgeID":null},{"edgeID":"1755471","fromID":"1339203","toID":"1339202","formEdgeID":null},{"edgeID":"1755472","fromID":"1339204","toID":"1339203","formEdgeID":null},{"edgeID":"1755473","fromID":"1339202","toID":"1339205","formEdgeID":null},{"edgeID":"1755474","fromID":"1339205","toID":"1339201","formEdgeID":null},{"edgeID":"1755475","fromID":"1339208","toID":"1339207","formEdgeID":null},{"edgeID":"1755476","fromID":"1339209","toID":"1339208","formEdgeID":null},{"edgeID":"1755477","fromID":"1339207","toID":"1339210","formEdgeID":null},{"edgeID":"1755478","fromID":"1339210","toID":"1339206","formEdgeID":null},{"edgeID":"1755479","fromID":"1339191","toID":"1339211","formEdgeID":null},{"edgeID":"1755480","fromID":"1339211","toID":"1339197","formEdgeID":null},{"edgeID":"1755481","fromID":"1339197","toID":"1339212","formEdgeID":null},{"edgeID":"1755482","fromID":"1339212","toID":"1339202","formEdgeID":null},{"edgeID":"1755483","fromID":"1339202","toID":"1339213","formEdgeID":null},{"edgeID":"1755484","fromID":"1339213","toID":"1339207","formEdgeID":null},{"edgeID":"1755485","fromID":"1339206","toID":"1339214","formEdgeID":null},{"edgeID":"1755486","fromID":"1339214","toID":"1339201","formEdgeID":null},{"edgeID":"1755487","fromID":"1339213","toID":"1339215","formEdgeID":null},{"edgeID":"1755488","fromID":"1339215","toID":"1339214","formEdgeID":null},{"edgeID":"1755489","fromID":"1339218","toID":"1339217","formEdgeID":null},{"edgeID":"1755490","fromID":"1339219","toID":"1339218","formEdgeID":null},{"edgeID":"1755491","fromID":"1339217","toID":"1339220","formEdgeID":null},{"edgeID":"1755492","fromID":"1339220","toID":"1339216","formEdgeID":null},{"edgeID":"1755493","fromID":"1339207","toID":"1339221","formEdgeID":null},{"edgeID":"1755494","fromID":"1339221","toID":"1339217","formEdgeID":null},{"edgeID":"1755495","fromID":"1339216","toID":"1339222","formEdgeID":null},{"edgeID":"1755496","fromID":"1339222","toID":"1339206","formEdgeID":null},{"edgeID":"1755497","fromID":"1339221","toID":"1339223","formEdgeID":null},{"edgeID":"1755498","fromID":"1339223","toID":"1339222","formEdgeID":null}],"locutions":[]}