{"nodes":[{"nodeID":"1351578","text":"David Lammy: I just hope that we can get back to a politics that isn\u2019t just about soundbites","type":"L","timestamp":"2023-11-09 14:10:38"},{"nodeID":"1351579","text":"Analysing","type":"YA","timestamp":"2023-11-09 14:10:38"},{"nodeID":"1351580","text":"Amelie: David Lammy: I just hope that we can get back to a politics that isn\u2019t just about soundbites","type":"L","timestamp":"2023-11-09 14:10:38"},{"nodeID":"1351581","text":"David Lammy has been in politics 22 years","type":"I","timestamp":"2023-11-09 14:10:39"},{"nodeID":"1351582","text":"David Lammy: I\u2019ve been in politics 22 years","type":"L","timestamp":"2023-11-09 14:10:39"},{"nodeID":"1351583","text":"Amelie: David Lammy: I\u2019ve been in politics 22 years","type":"L","timestamp":"2023-11-09 14:10:39"},{"nodeID":"1351584","text":"Analysing","type":"YA","timestamp":"2023-11-09 14:10:39"},{"nodeID":"1351585","text":"Asserting","type":"YA","timestamp":"2023-11-09 14:10:39"},{"nodeID":"1351586","text":"one gets these lines: we\u2019ve put record funding in","type":"I","timestamp":"2023-11-09 14:10:39"},{"nodeID":"1351587","text":"David Lammy: You get these lines: we\u2019ve put record funding in","type":"L","timestamp":"2023-11-09 14:10:39"},{"nodeID":"1351588","text":"Analysing","type":"YA","timestamp":"2023-11-09 14:10:39"},{"nodeID":"1351589","text":"Amelie: David Lammy: You get these lines: we\u2019ve put record funding in","type":"L","timestamp":"2023-11-09 14:10:39"},{"nodeID":"1351590","text":"Asserting","type":"YA","timestamp":"2023-11-09 14:10:39"},{"nodeID":"1351591","text":"record funding really means xxx","type":"I","timestamp":"2023-11-09 14:10:40"},{"nodeID":"1351592","text":"David Lammy: What does record funding really mean","type":"L","timestamp":"2023-11-09 14:10:40"},{"nodeID":"1351593","text":"Analysing","type":"YA","timestamp":"2023-11-09 14:10:40"},{"nodeID":"1351594","text":"Amelie: David Lammy: What does record funding really mean","type":"L","timestamp":"2023-11-09 14:10:40"},{"nodeID":"1351595","text":"Pure Questioning","type":"YA","timestamp":"2023-11-09 14:10:40"},{"nodeID":"1351596","text":"Asserting","type":"YA","timestamp":"2023-11-09 14:10:40"},{"nodeID":"1351597","text":"David Lammy just hopes that we can get back to a politics that isn\u2019t just about soundbites","type":"I","timestamp":"2023-11-09 14:10:41"},{"nodeID":"1351598","text":"one knows in real terms there\u2019s been a cut","type":"I","timestamp":"2023-11-09 14:10:41"},{"nodeID":"1351599","text":"David Lammy: you know in real terms there\u2019s been a cut","type":"L","timestamp":"2023-11-09 14:10:41"},{"nodeID":"1351600","text":"Analysing","type":"YA","timestamp":"2023-11-09 14:10:41"},{"nodeID":"1351601","text":"Amelie: David Lammy: you know in real terms there\u2019s been a cut","type":"L","timestamp":"2023-11-09 14:10:41"},{"nodeID":"1351602","text":"Asserting","type":"YA","timestamp":"2023-11-09 14:10:41"},{"nodeID":"1351603","text":"there has been a cut","type":"I","timestamp":"2023-11-09 14:10:42"},{"nodeID":"1351604","text":"David Lammy: there has been a cut","type":"L","timestamp":"2023-11-09 14:10:42"},{"nodeID":"1351605","text":"Analysing","type":"YA","timestamp":"2023-11-09 14:10:42"},{"nodeID":"1351606","text":"Amelie: David Lammy: there has been a cut","type":"L","timestamp":"2023-11-09 14:10:42"},{"nodeID":"1351607","text":"Asserting","type":"YA","timestamp":"2023-11-09 14:10:42"},{"nodeID":"1351608","text":"actually in the NHS you also had the botched Lansley reforms that messed up a system that was working very well in 2010","type":"I","timestamp":"2023-11-09 14:10:43"},{"nodeID":"1351609","text":"David Lammy: actually in the NHS you also had the botched Lansley reforms that messed up a system that was working very well in 2010","type":"L","timestamp":"2023-11-09 14:10:43"},{"nodeID":"1351610","text":"Asserting","type":"YA","timestamp":"2023-11-09 14:10:43"},{"nodeID":"1351611","text":"Amelie: David Lammy: actually in the NHS you also had the botched Lansley reforms that messed up a system that was working very well in 2010","type":"L","timestamp":"2023-11-09 14:10:43"},{"nodeID":"1351612","text":"Analysing","type":"YA","timestamp":"2023-11-09 14:10:43"},{"nodeID":"1351613","text":"Andrew Lansley was a previous Health Secretary","type":"I","timestamp":"2023-11-09 14:10:43"},{"nodeID":"1351614","text":"Fiona Bruce: Who was a previous Health Secretary, Andrew Lansley","type":"L","timestamp":"2023-11-09 14:10:43"},{"nodeID":"1351615","text":"Amelie: Fiona Bruce: Who was a previous Health Secretary, Andrew Lansley","type":"L","timestamp":"2023-11-09 14:10:43"},{"nodeID":"1351616","text":"Analysing","type":"YA","timestamp":"2023-11-09 14:10:43"},{"nodeID":"1351617","text":"Asserting","type":"YA","timestamp":"2023-11-09 14:10:43"},{"nodeID":"1351618","text":"we\u2019ve had 12 years of the Lansley reform","type":"I","timestamp":"2023-11-09 14:10:44"},{"nodeID":"1351619","text":"David Lammy: we\u2019ve had 12 years of this","type":"L","timestamp":"2023-11-09 14:10:44"},{"nodeID":"1351620","text":"Analysing","type":"YA","timestamp":"2023-11-09 14:10:44"},{"nodeID":"1351621","text":"Amelie: David Lammy: we\u2019ve had 12 years of this","type":"L","timestamp":"2023-11-09 14:10:44"},{"nodeID":"1351622","text":"Asserting","type":"YA","timestamp":"2023-11-09 14:10:44"},{"nodeID":"1351623","text":"the Lansley reform is not working","type":"I","timestamp":"2023-11-09 14:10:45"},{"nodeID":"1351624","text":"David Lammy: it\u2019s not working","type":"L","timestamp":"2023-11-09 14:10:45"},{"nodeID":"1351625","text":"Analysing","type":"YA","timestamp":"2023-11-09 14:10:45"},{"nodeID":"1351626","text":"Amelie: David Lammy: it\u2019s not working","type":"L","timestamp":"2023-11-09 14:10:45"},{"nodeID":"1351627","text":"Asserting","type":"YA","timestamp":"2023-11-09 14:10:45"},{"nodeID":"1351628","text":"we went from a four hour wait in A&E","type":"I","timestamp":"2023-11-09 14:10:45"},{"nodeID":"1351629","text":"David Lammy: We went from a four hour wait in A&E","type":"L","timestamp":"2023-11-09 14:10:45"},{"nodeID":"1351630","text":"Analysing","type":"YA","timestamp":"2023-11-09 14:10:45"},{"nodeID":"1351631","text":"Amelie: David Lammy: We went from a four hour wait in A&E","type":"L","timestamp":"2023-11-09 14:10:45"},{"nodeID":"1351632","text":"Asserting","type":"YA","timestamp":"2023-11-09 14:10:45"},{"nodeID":"1351633","text":"now you can be waiting 12 hours in A&E","type":"I","timestamp":"2023-11-09 14:10:46"},{"nodeID":"1351634","text":"David Lammy: now you can be waiting 12 hours","type":"L","timestamp":"2023-11-09 14:10:46"},{"nodeID":"1351635","text":"Analysing","type":"YA","timestamp":"2023-11-09 14:10:46"},{"nodeID":"1351636","text":"Amelie: David Lammy: now you can be waiting 12 hours","type":"L","timestamp":"2023-11-09 14:10:46"},{"nodeID":"1351637","text":"Asserting","type":"YA","timestamp":"2023-11-09 14:10:46"},{"nodeID":"1351638","text":"you ring 999, you might not get an ambulance","type":"I","timestamp":"2023-11-09 14:10:47"},{"nodeID":"1351639","text":"David Lammy: you ring 999, you might not get an ambulance","type":"L","timestamp":"2023-11-09 14:10:47"},{"nodeID":"1351640","text":"Analysing","type":"YA","timestamp":"2023-11-09 14:10:47"},{"nodeID":"1351641","text":"Amelie: David Lammy: you ring 999, you might not get an ambulance","type":"L","timestamp":"2023-11-09 14:10:47"},{"nodeID":"1351642","text":"Asserting","type":"YA","timestamp":"2023-11-09 14:10:47"},{"nodeID":"1351643","text":"you\u2019ve got to get to the hospital yourself","type":"I","timestamp":"2023-11-09 14:10:47"},{"nodeID":"1351644","text":"David Lammy: you\u2019ve got to get there yourself","type":"L","timestamp":"2023-11-09 14:10:47"},{"nodeID":"1351645","text":"Amelie: David Lammy: you\u2019ve got to get there yourself","type":"L","timestamp":"2023-11-09 14:10:47"},{"nodeID":"1351646","text":"Analysing","type":"YA","timestamp":"2023-11-09 14:10:47"},{"nodeID":"1351647","text":"Asserting","type":"YA","timestamp":"2023-11-09 14:10:47"},{"nodeID":"1351648","text":"the problematic health care situation has happened on the current government's watch","type":"I","timestamp":"2023-11-09 14:10:48"},{"nodeID":"1351649","text":"David Lammy: That\u2019s happened on your watch","type":"L","timestamp":"2023-11-09 14:10:48"},{"nodeID":"1351650","text":"Analysing","type":"YA","timestamp":"2023-11-09 14:10:48"},{"nodeID":"1351651","text":"Amelie: David Lammy: That\u2019s happened on your watch","type":"L","timestamp":"2023-11-09 14:10:48"},{"nodeID":"1351652","text":"Asserting","type":"YA","timestamp":"2023-11-09 14:10:48"},{"nodeID":"1351653","text":"the gap between children in state schools and those in private schools has grown","type":"I","timestamp":"2023-11-09 14:10:49"},{"nodeID":"1351654","text":"David Lammy: The gap between children in state schools and those in private schools has grown","type":"L","timestamp":"2023-11-09 14:10:49"},{"nodeID":"1351655","text":"Asserting","type":"YA","timestamp":"2023-11-09 14:10:49"},{"nodeID":"1351656","text":"Analysing","type":"YA","timestamp":"2023-11-09 14:10:49"},{"nodeID":"1351657","text":"Amelie: David Lammy: The gap between children in state schools and those in private schools has grown","type":"L","timestamp":"2023-11-09 14:10:49"},{"nodeID":"1351658","text":"David Lammy: It\u2019s grown","type":"L","timestamp":"2023-11-09 14:10:49"},{"nodeID":"1351659","text":"Analysing","type":"YA","timestamp":"2023-11-09 14:10:49"},{"nodeID":"1351660","text":"Amelie: David Lammy: It\u2019s grown","type":"L","timestamp":"2023-11-09 14:10:49"},{"nodeID":"1351661","text":"Asserting","type":"YA","timestamp":"2023-11-09 14:10:49"},{"nodeID":"1351662","text":"the average cost of a pupil in a state school in London is about \u00a38,000","type":"I","timestamp":"2023-11-09 14:10:50"},{"nodeID":"1351663","text":"David Lammy: The average cost of a pupil in a state school in London is about \u00a38,000","type":"L","timestamp":"2023-11-09 14:10:50"},{"nodeID":"1351664","text":"Analysing","type":"YA","timestamp":"2023-11-09 14:10:50"},{"nodeID":"1351665","text":"Amelie: David Lammy: The average cost of a pupil in a state school in London is about \u00a38,000","type":"L","timestamp":"2023-11-09 14:10:50"},{"nodeID":"1351666","text":"Asserting","type":"YA","timestamp":"2023-11-09 14:10:50"},{"nodeID":"1351667","text":"you go to a posh public school, it\u2019s about \u00a343,000","type":"I","timestamp":"2023-11-09 14:10:50"},{"nodeID":"1351668","text":"David Lammy: you go to a posh public school, it\u2019s about \u00a343,000","type":"L","timestamp":"2023-11-09 14:10:50"},{"nodeID":"1351669","text":"Analysing","type":"YA","timestamp":"2023-11-09 14:10:50"},{"nodeID":"1351670","text":"Amelie: David Lammy: you go to a posh public school, it\u2019s about \u00a343,000","type":"L","timestamp":"2023-11-09 14:10:50"},{"nodeID":"1351671","text":"Asserting","type":"YA","timestamp":"2023-11-09 14:10:50"},{"nodeID":"1351672","text":"the gap between children in state schools and those in private schools is unacceptable","type":"I","timestamp":"2023-11-09 14:10:51"},{"nodeID":"1351673","text":"David Lammy: That\u2019s unacceptable","type":"L","timestamp":"2023-11-09 14:10:51"},{"nodeID":"1351674","text":"Analysing","type":"YA","timestamp":"2023-11-09 14:10:51"},{"nodeID":"1351675","text":"Amelie: David Lammy: That\u2019s unacceptable","type":"L","timestamp":"2023-11-09 14:10:51"},{"nodeID":"1351676","text":"Asserting","type":"YA","timestamp":"2023-11-09 14:10:51"},{"nodeID":"1351677","text":"the current government has done nothing about the gap between children in state schools and those in private schools, nothing","type":"I","timestamp":"2023-11-09 14:10:52"},{"nodeID":"1351678","text":"David Lammy: You\u2019ve done nothing about it, nothing","type":"L","timestamp":"2023-11-09 14:10:52"},{"nodeID":"1351679","text":"Analysing","type":"YA","timestamp":"2023-11-09 14:10:52"},{"nodeID":"1351680","text":"Amelie: David Lammy: You\u2019ve done nothing about it, nothing","type":"L","timestamp":"2023-11-09 14:10:52"},{"nodeID":"1351681","text":"Asserting","type":"YA","timestamp":"2023-11-09 14:10:52"},{"nodeID":"1351682","text":"the current government had 12 years","type":"I","timestamp":"2023-11-09 14:10:53"},{"nodeID":"1351683","text":"David Lammy: you\u2019ve had 12 years","type":"L","timestamp":"2023-11-09 14:10:53"},{"nodeID":"1351684","text":"Analysing","type":"YA","timestamp":"2023-11-09 14:10:53"},{"nodeID":"1351685","text":"Amelie: David Lammy: you\u2019ve had 12 years","type":"L","timestamp":"2023-11-09 14:10:53"},{"nodeID":"1351686","text":"Asserting","type":"YA","timestamp":"2023-11-09 14:10:53"},{"nodeID":"1351687","text":"the current government sits there with records, significant funds","type":"I","timestamp":"2023-11-09 14:10:53"},{"nodeID":"1351688","text":"David Lammy: you sit there with records, significant funds","type":"L","timestamp":"2023-11-09 14:10:53"},{"nodeID":"1351689","text":"Analysing","type":"YA","timestamp":"2023-11-09 14:10:53"},{"nodeID":"1351690","text":"Amelie: David Lammy: you sit there with records, significant funds","type":"L","timestamp":"2023-11-09 14:10:53"},{"nodeID":"1351691","text":"Asserting","type":"YA","timestamp":"2023-11-09 14:10:53"},{"nodeID":"1351692","text":"record means nothing, significant means nothing","type":"I","timestamp":"2023-11-09 14:10:54"},{"nodeID":"1351693","text":"David Lammy: Record means nothing, significant means nothing","type":"L","timestamp":"2023-11-09 14:10:54"},{"nodeID":"1351694","text":"Analysing","type":"YA","timestamp":"2023-11-09 14:10:54"},{"nodeID":"1351695","text":"Amelie: David Lammy: Record means nothing, significant means nothing","type":"L","timestamp":"2023-11-09 14:10:54"},{"nodeID":"1351696","text":"Asserting","type":"YA","timestamp":"2023-11-09 14:10:54"},{"nodeID":"1351697","text":"what\u2019s happened is a cut, a real terms cut in the life chances of British people and British children","type":"I","timestamp":"2023-11-09 14:10:54"},{"nodeID":"1351698","text":"David Lammy: What\u2019s happened is a cut, a real terms cut in the life chances of British people and British children","type":"L","timestamp":"2023-11-09 14:10:54"},{"nodeID":"1351699","text":"Analysing","type":"YA","timestamp":"2023-11-09 14:10:54"},{"nodeID":"1351700","text":"Amelie: David Lammy: What\u2019s happened is a cut, a real terms cut in the life chances of British people and British children","type":"L","timestamp":"2023-11-09 14:10:54"},{"nodeID":"1351701","text":"Asserting","type":"YA","timestamp":"2023-11-09 14:10:54"},{"nodeID":"1351702","text":"Default Transition","type":"TA","timestamp":"2023-11-09 14:10:54"},{"nodeID":"1351703","text":"Default Transition","type":"TA","timestamp":"2023-11-09 14:10:54"},{"nodeID":"1351704","text":"Default Transition","type":"TA","timestamp":"2023-11-09 14:10:54"},{"nodeID":"1351705","text":"Default Rephrase","type":"MA","timestamp":"2023-11-09 14:10:54"},{"nodeID":"1351706","text":"Restating","type":"YA","timestamp":"2023-11-09 14:10:54"},{"nodeID":"1351707","text":"Default Rephrase","type":"MA","timestamp":"2023-11-09 14:10:54"},{"nodeID":"1351708","text":"Default Transition","type":"TA","timestamp":"2023-11-09 14:10:54"},{"nodeID":"1351709","text":"Restating","type":"YA","timestamp":"2023-11-09 14:10:54"},{"nodeID":"1351710","text":"Default Inference","type":"RA","timestamp":"2023-11-09 14:10:54"},{"nodeID":"1351711","text":"Default Transition","type":"TA","timestamp":"2023-11-09 14:10:54"},{"nodeID":"1351712","text":"Arguing","type":"YA","timestamp":"2023-11-09 14:10:54"},{"nodeID":"1351713","text":"Default Rephrase","type":"MA","timestamp":"2023-11-09 14:10:54"},{"nodeID":"1351714","text":"Default Transition","type":"TA","timestamp":"2023-11-09 14:10:54"},{"nodeID":"1351715","text":"Restating","type":"YA","timestamp":"2023-11-09 14:10:54"},{"nodeID":"1351716","text":"Default Inference","type":"RA","timestamp":"2023-11-09 14:10:54"},{"nodeID":"1351717","text":"Default Transition","type":"TA","timestamp":"2023-11-09 14:10:54"},{"nodeID":"1351718","text":"Default Transition","type":"TA","timestamp":"2023-11-09 14:10:54"},{"nodeID":"1351719","text":"Default Inference","type":"RA","timestamp":"2023-11-09 14:10:54"},{"nodeID":"1351720","text":"Default Transition","type":"TA","timestamp":"2023-11-09 14:10:54"},{"nodeID":"1351721","text":"Arguing","type":"YA","timestamp":"2023-11-09 14:10:54"},{"nodeID":"1351722","text":"Arguing","type":"YA","timestamp":"2023-11-09 14:10:54"},{"nodeID":"1351723","text":"Default Transition","type":"TA","timestamp":"2023-11-09 14:10:54"},{"nodeID":"1351724","text":"Default Rephrase","type":"MA","timestamp":"2023-11-09 14:10:54"},{"nodeID":"1351725","text":"Default Illocuting","type":"YA","timestamp":"2023-11-09 14:10:54"},{"nodeID":"1351726","text":"Default Inference","type":"RA","timestamp":"2023-11-09 14:10:54"},{"nodeID":"1351727","text":"Default Transition","type":"TA","timestamp":"2023-11-09 14:10:54"},{"nodeID":"1351728","text":"Arguing","type":"YA","timestamp":"2023-11-09 14:10:54"},{"nodeID":"1351729","text":"Default Conflict","type":"CA","timestamp":"2023-11-09 14:10:54"},{"nodeID":"1351730","text":"Default Transition","type":"TA","timestamp":"2023-11-09 14:10:54"},{"nodeID":"1351731","text":"Disagreeing","type":"YA","timestamp":"2023-11-09 14:10:54"},{"nodeID":"1351732","text":"Default Inference","type":"RA","timestamp":"2023-11-09 14:10:54"},{"nodeID":"1351733","text":"Default Transition","type":"TA","timestamp":"2023-11-09 14:10:54"},{"nodeID":"1351734","text":"Arguing","type":"YA","timestamp":"2023-11-09 14:10:54"},{"nodeID":"1351735","text":"Default Transition","type":"TA","timestamp":"2023-11-09 14:10:54"},{"nodeID":"1351736","text":"Default Rephrase","type":"MA","timestamp":"2023-11-09 14:10:54"},{"nodeID":"1351737","text":"Default Transition","type":"TA","timestamp":"2023-11-09 14:10:54"},{"nodeID":"1351738","text":"Restating","type":"YA","timestamp":"2023-11-09 14:10:54"},{"nodeID":"1351739","text":"Default Transition","type":"TA","timestamp":"2023-11-09 14:10:54"},{"nodeID":"1351740","text":"Default Inference","type":"RA","timestamp":"2023-11-09 14:10:54"},{"nodeID":"1351741","text":"Default Transition","type":"TA","timestamp":"2023-11-09 14:10:54"},{"nodeID":"1351742","text":"Arguing","type":"YA","timestamp":"2023-11-09 14:10:54"},{"nodeID":"1351743","text":"Default Inference","type":"RA","timestamp":"2023-11-09 14:10:54"},{"nodeID":"1351744","text":"Default Transition","type":"TA","timestamp":"2023-11-09 14:10:54"},{"nodeID":"1351745","text":"Arguing","type":"YA","timestamp":"2023-11-09 14:10:54"},{"nodeID":"1351746","text":"Default Transition","type":"TA","timestamp":"2023-11-09 14:10:54"},{"nodeID":"1351747","text":"Default Transition","type":"TA","timestamp":"2023-11-09 14:10:54"},{"nodeID":"1351748","text":"Default Transition","type":"TA","timestamp":"2023-11-09 14:10:54"},{"nodeID":"1351749","text":"Default Transition","type":"TA","timestamp":"2023-11-09 14:10:54"},{"nodeID":"1351750","text":"Default Inference","type":"RA","timestamp":"2023-11-09 14:10:54"},{"nodeID":"1351751","text":"Default Transition","type":"TA","timestamp":"2023-11-09 14:10:54"},{"nodeID":"1351752","text":"Arguing","type":"YA","timestamp":"2023-11-09 14:10:54"},{"nodeID":"1351753","text":"Default Inference","type":"RA","timestamp":"2023-11-09 14:10:54"},{"nodeID":"1351754","text":"Default Transition","type":"TA","timestamp":"2023-11-09 14:10:54"},{"nodeID":"1351755","text":"Arguing","type":"YA","timestamp":"2023-11-09 14:10:54"},{"nodeID":"1351756","text":"Default Transition","type":"TA","timestamp":"2023-11-09 14:10:54"},{"nodeID":"1351757","text":"Default Transition","type":"TA","timestamp":"2023-11-09 14:10:54"}],"edges":[{"edgeID":"1770229","fromID":"1351580","toID":"1351579","formEdgeID":null},{"edgeID":"1770230","fromID":"1351579","toID":"1351578","formEdgeID":null},{"edgeID":"1770231","fromID":"1351584","toID":"1351582","formEdgeID":null},{"edgeID":"1770232","fromID":"1351583","toID":"1351584","formEdgeID":null},{"edgeID":"1770233","fromID":"1351582","toID":"1351585","formEdgeID":null},{"edgeID":"1770234","fromID":"1351585","toID":"1351581","formEdgeID":null},{"edgeID":"1770235","fromID":"1351588","toID":"1351587","formEdgeID":null},{"edgeID":"1770236","fromID":"1351589","toID":"1351588","formEdgeID":null},{"edgeID":"1770237","fromID":"1351587","toID":"1351590","formEdgeID":null},{"edgeID":"1770238","fromID":"1351590","toID":"1351586","formEdgeID":null},{"edgeID":"1770239","fromID":"1351593","toID":"1351592","formEdgeID":null},{"edgeID":"1770240","fromID":"1351594","toID":"1351593","formEdgeID":null},{"edgeID":"1770241","fromID":"1351592","toID":"1351595","formEdgeID":null},{"edgeID":"1770242","fromID":"1351595","toID":"1351591","formEdgeID":null},{"edgeID":"1770243","fromID":"1351578","toID":"1351596","formEdgeID":null},{"edgeID":"1770244","fromID":"1351596","toID":"1351597","formEdgeID":null},{"edgeID":"1770245","fromID":"1351601","toID":"1351600","formEdgeID":null},{"edgeID":"1770246","fromID":"1351600","toID":"1351599","formEdgeID":null},{"edgeID":"1770247","fromID":"1351599","toID":"1351602","formEdgeID":null},{"edgeID":"1770248","fromID":"1351602","toID":"1351598","formEdgeID":null},{"edgeID":"1770249","fromID":"1351605","toID":"1351604","formEdgeID":null},{"edgeID":"1770250","fromID":"1351607","toID":"1351603","formEdgeID":null},{"edgeID":"1770251","fromID":"1351604","toID":"1351607","formEdgeID":null},{"edgeID":"1770252","fromID":"1351606","toID":"1351605","formEdgeID":null},{"edgeID":"1770253","fromID":"1351611","toID":"1351612","formEdgeID":null},{"edgeID":"1770254","fromID":"1351612","toID":"1351609","formEdgeID":null},{"edgeID":"1770255","fromID":"1351610","toID":"1351608","formEdgeID":null},{"edgeID":"1770256","fromID":"1351609","toID":"1351610","formEdgeID":null},{"edgeID":"1770257","fromID":"1351616","toID":"1351614","formEdgeID":null},{"edgeID":"1770258","fromID":"1351615","toID":"1351616","formEdgeID":null},{"edgeID":"1770259","fromID":"1351614","toID":"1351617","formEdgeID":null},{"edgeID":"1770260","fromID":"1351617","toID":"1351613","formEdgeID":null},{"edgeID":"1770261","fromID":"1351620","toID":"1351619","formEdgeID":null},{"edgeID":"1770262","fromID":"1351621","toID":"1351620","formEdgeID":null},{"edgeID":"1770263","fromID":"1351622","toID":"1351618","formEdgeID":null},{"edgeID":"1770264","fromID":"1351619","toID":"1351622","formEdgeID":null},{"edgeID":"1770265","fromID":"1351625","toID":"1351624","formEdgeID":null},{"edgeID":"1770266","fromID":"1351626","toID":"1351625","formEdgeID":null},{"edgeID":"1770267","fromID":"1351627","toID":"1351623","formEdgeID":null},{"edgeID":"1770268","fromID":"1351624","toID":"1351627","formEdgeID":null},{"edgeID":"1770269","fromID":"1351630","toID":"1351629","formEdgeID":null},{"edgeID":"1770270","fromID":"1351631","toID":"1351630","formEdgeID":null},{"edgeID":"1770271","fromID":"1351632","toID":"1351628","formEdgeID":null},{"edgeID":"1770272","fromID":"1351629","toID":"1351632","formEdgeID":null},{"edgeID":"1770273","fromID":"1351635","toID":"1351634","formEdgeID":null},{"edgeID":"1770274","fromID":"1351636","toID":"1351635","formEdgeID":null},{"edgeID":"1770275","fromID":"1351634","toID":"1351637","formEdgeID":null},{"edgeID":"1770276","fromID":"1351637","toID":"1351633","formEdgeID":null},{"edgeID":"1770277","fromID":"1351640","toID":"1351639","formEdgeID":null},{"edgeID":"1770278","fromID":"1351641","toID":"1351640","formEdgeID":null},{"edgeID":"1770279","fromID":"1351642","toID":"1351638","formEdgeID":null},{"edgeID":"1770280","fromID":"1351639","toID":"1351642","formEdgeID":null},{"edgeID":"1770281","fromID":"1351647","toID":"1351643","formEdgeID":null},{"edgeID":"1770282","fromID":"1351646","toID":"1351644","formEdgeID":null},{"edgeID":"1770283","fromID":"1351645","toID":"1351646","formEdgeID":null},{"edgeID":"1770284","fromID":"1351644","toID":"1351647","formEdgeID":null},{"edgeID":"1770285","fromID":"1351651","toID":"1351650","formEdgeID":null},{"edgeID":"1770286","fromID":"1351650","toID":"1351649","formEdgeID":null},{"edgeID":"1770287","fromID":"1351649","toID":"1351652","formEdgeID":null},{"edgeID":"1770288","fromID":"1351652","toID":"1351648","formEdgeID":null},{"edgeID":"1770289","fromID":"1351656","toID":"1351654","formEdgeID":null},{"edgeID":"1770290","fromID":"1351655","toID":"1351653","formEdgeID":null},{"edgeID":"1770291","fromID":"1351654","toID":"1351655","formEdgeID":null},{"edgeID":"1770292","fromID":"1351657","toID":"1351656","formEdgeID":null},{"edgeID":"1770293","fromID":"1351659","toID":"1351658","formEdgeID":null},{"edgeID":"1770294","fromID":"1351660","toID":"1351659","formEdgeID":null},{"edgeID":"1770295","fromID":"1351658","toID":"1351661","formEdgeID":null},{"edgeID":"1770296","fromID":"1351661","toID":"1351653","formEdgeID":null},{"edgeID":"1770297","fromID":"1351664","toID":"1351663","formEdgeID":null},{"edgeID":"1770298","fromID":"1351665","toID":"1351664","formEdgeID":null},{"edgeID":"1770299","fromID":"1351663","toID":"1351666","formEdgeID":null},{"edgeID":"1770300","fromID":"1351666","toID":"1351662","formEdgeID":null},{"edgeID":"1770301","fromID":"1351669","toID":"1351668","formEdgeID":null},{"edgeID":"1770302","fromID":"1351670","toID":"1351669","formEdgeID":null},{"edgeID":"1770303","fromID":"1351668","toID":"1351671","formEdgeID":null},{"edgeID":"1770304","fromID":"1351671","toID":"1351667","formEdgeID":null},{"edgeID":"1770305","fromID":"1351674","toID":"1351673","formEdgeID":null},{"edgeID":"1770306","fromID":"1351673","toID":"1351676","formEdgeID":null},{"edgeID":"1770307","fromID":"1351675","toID":"1351674","formEdgeID":null},{"edgeID":"1770308","fromID":"1351676","toID":"1351672","formEdgeID":null},{"edgeID":"1770309","fromID":"1351680","toID":"1351679","formEdgeID":null},{"edgeID":"1770310","fromID":"1351679","toID":"1351678","formEdgeID":null},{"edgeID":"1770311","fromID":"1351681","toID":"1351677","formEdgeID":null},{"edgeID":"1770312","fromID":"1351678","toID":"1351681","formEdgeID":null},{"edgeID":"1770313","fromID":"1351686","toID":"1351682","formEdgeID":null},{"edgeID":"1770314","fromID":"1351683","toID":"1351686","formEdgeID":null},{"edgeID":"1770315","fromID":"1351684","toID":"1351683","formEdgeID":null},{"edgeID":"1770316","fromID":"1351685","toID":"1351684","formEdgeID":null},{"edgeID":"1770317","fromID":"1351689","toID":"1351688","formEdgeID":null},{"edgeID":"1770318","fromID":"1351690","toID":"1351689","formEdgeID":null},{"edgeID":"1770319","fromID":"1351688","toID":"1351691","formEdgeID":null},{"edgeID":"1770320","fromID":"1351691","toID":"1351687","formEdgeID":null},{"edgeID":"1770321","fromID":"1351694","toID":"1351693","formEdgeID":null},{"edgeID":"1770322","fromID":"1351695","toID":"1351694","formEdgeID":null},{"edgeID":"1770323","fromID":"1351693","toID":"1351696","formEdgeID":null},{"edgeID":"1770324","fromID":"1351696","toID":"1351692","formEdgeID":null},{"edgeID":"1770325","fromID":"1351700","toID":"1351699","formEdgeID":null},{"edgeID":"1770326","fromID":"1351699","toID":"1351698","formEdgeID":null},{"edgeID":"1770327","fromID":"1351698","toID":"1351701","formEdgeID":null},{"edgeID":"1770328","fromID":"1351701","toID":"1351697","formEdgeID":null},{"edgeID":"1770329","fromID":"1351578","toID":"1351702","formEdgeID":null},{"edgeID":"1770330","fromID":"1351702","toID":"1351582","formEdgeID":null},{"edgeID":"1770331","fromID":"1351703","toID":"1351587","formEdgeID":null},{"edgeID":"1770332","fromID":"1351582","toID":"1351703","formEdgeID":null},{"edgeID":"1770333","fromID":"1351587","toID":"1351704","formEdgeID":null},{"edgeID":"1770334","fromID":"1351704","toID":"1351592","formEdgeID":null},{"edgeID":"1770335","fromID":"1351591","toID":"1351705","formEdgeID":null},{"edgeID":"1770336","fromID":"1351705","toID":"1351586","formEdgeID":null},{"edgeID":"1770337","fromID":"1351704","toID":"1351706","formEdgeID":null},{"edgeID":"1770338","fromID":"1351706","toID":"1351705","formEdgeID":null},{"edgeID":"1770339","fromID":"1351603","toID":"1351707","formEdgeID":null},{"edgeID":"1770340","fromID":"1351707","toID":"1351598","formEdgeID":null},{"edgeID":"1770341","fromID":"1351599","toID":"1351708","formEdgeID":null},{"edgeID":"1770342","fromID":"1351708","toID":"1351604","formEdgeID":null},{"edgeID":"1770343","fromID":"1351708","toID":"1351709","formEdgeID":null},{"edgeID":"1770344","fromID":"1351709","toID":"1351707","formEdgeID":null},{"edgeID":"1770345","fromID":"1351638","toID":"1351710","formEdgeID":null},{"edgeID":"1770346","fromID":"1351710","toID":"1351643","formEdgeID":null},{"edgeID":"1770347","fromID":"1351711","toID":"1351644","formEdgeID":null},{"edgeID":"1770348","fromID":"1351639","toID":"1351711","formEdgeID":null},{"edgeID":"1770349","fromID":"1351711","toID":"1351712","formEdgeID":null},{"edgeID":"1770350","fromID":"1351712","toID":"1351710","formEdgeID":null},{"edgeID":"1770351","fromID":"1351713","toID":"1351653","formEdgeID":null},{"edgeID":"1770352","fromID":"1351653","toID":"1351713","formEdgeID":null},{"edgeID":"1770353","fromID":"1351654","toID":"1351714","formEdgeID":null},{"edgeID":"1770354","fromID":"1351714","toID":"1351658","formEdgeID":null},{"edgeID":"1770355","fromID":"1351714","toID":"1351715","formEdgeID":null},{"edgeID":"1770356","fromID":"1351715","toID":"1351713","formEdgeID":null},{"edgeID":"1770357","fromID":"1351633","toID":"1351716","formEdgeID":null},{"edgeID":"1770358","fromID":"1351716","toID":"1351623","formEdgeID":null},{"edgeID":"1770359","fromID":"1351628","toID":"1351716","formEdgeID":null},{"edgeID":"1770360","fromID":"1351624","toID":"1351717","formEdgeID":null},{"edgeID":"1770361","fromID":"1351717","toID":"1351629","formEdgeID":null},{"edgeID":"1770362","fromID":"1351624","toID":"1351718","formEdgeID":null},{"edgeID":"1770363","fromID":"1351718","toID":"1351634","formEdgeID":null},{"edgeID":"1770364","fromID":"1351638","toID":"1351719","formEdgeID":null},{"edgeID":"1770365","fromID":"1351719","toID":"1351623","formEdgeID":null},{"edgeID":"1770366","fromID":"1351624","toID":"1351720","formEdgeID":null},{"edgeID":"1770367","fromID":"1351720","toID":"1351639","formEdgeID":null},{"edgeID":"1770368","fromID":"1351720","toID":"1351721","formEdgeID":null},{"edgeID":"1770369","fromID":"1351721","toID":"1351719","formEdgeID":null},{"edgeID":"1770370","fromID":"1351718","toID":"1351722","formEdgeID":null},{"edgeID":"1770371","fromID":"1351722","toID":"1351716","formEdgeID":null},{"edgeID":"1770372","fromID":"1351723","toID":"1351599","formEdgeID":null},{"edgeID":"1770373","fromID":"1351592","toID":"1351723","formEdgeID":null},{"edgeID":"1770374","fromID":"1351598","toID":"1351724","formEdgeID":null},{"edgeID":"1770375","fromID":"1351724","toID":"1351591","formEdgeID":null},{"edgeID":"1770376","fromID":"1351723","toID":"1351725","formEdgeID":null},{"edgeID":"1770377","fromID":"1351725","toID":"1351724","formEdgeID":null},{"edgeID":"1770378","fromID":"1351618","toID":"1351726","formEdgeID":null},{"edgeID":"1770379","fromID":"1351726","toID":"1351648","formEdgeID":null},{"edgeID":"1770380","fromID":"1351727","toID":"1351649","formEdgeID":null},{"edgeID":"1770381","fromID":"1351619","toID":"1351727","formEdgeID":null},{"edgeID":"1770382","fromID":"1351727","toID":"1351728","formEdgeID":null},{"edgeID":"1770383","fromID":"1351728","toID":"1351726","formEdgeID":null},{"edgeID":"1770384","fromID":"1351729","toID":"1351687","formEdgeID":null},{"edgeID":"1770385","fromID":"1351692","toID":"1351729","formEdgeID":null},{"edgeID":"1770386","fromID":"1351688","toID":"1351730","formEdgeID":null},{"edgeID":"1770387","fromID":"1351730","toID":"1351693","formEdgeID":null},{"edgeID":"1770388","fromID":"1351730","toID":"1351731","formEdgeID":null},{"edgeID":"1770389","fromID":"1351731","toID":"1351729","formEdgeID":null},{"edgeID":"1770390","fromID":"1351692","toID":"1351732","formEdgeID":null},{"edgeID":"1770391","fromID":"1351732","toID":"1351697","formEdgeID":null},{"edgeID":"1770392","fromID":"1351693","toID":"1351733","formEdgeID":null},{"edgeID":"1770393","fromID":"1351733","toID":"1351698","formEdgeID":null},{"edgeID":"1770394","fromID":"1351733","toID":"1351734","formEdgeID":null},{"edgeID":"1770395","fromID":"1351734","toID":"1351732","formEdgeID":null},{"edgeID":"1770396","fromID":"1351604","toID":"1351735","formEdgeID":null},{"edgeID":"1770397","fromID":"1351735","toID":"1351609","formEdgeID":null},{"edgeID":"1770398","fromID":"1351697","toID":"1351736","formEdgeID":null},{"edgeID":"1770399","fromID":"1351736","toID":"1351603","formEdgeID":null},{"edgeID":"1770400","fromID":"1351604","toID":"1351737","formEdgeID":null},{"edgeID":"1770401","fromID":"1351737","toID":"1351698","formEdgeID":null},{"edgeID":"1770402","fromID":"1351737","toID":"1351738","formEdgeID":null},{"edgeID":"1770403","fromID":"1351738","toID":"1351736","formEdgeID":null},{"edgeID":"1770404","fromID":"1351654","toID":"1351739","formEdgeID":null},{"edgeID":"1770405","fromID":"1351739","toID":"1351668","formEdgeID":null},{"edgeID":"1770406","fromID":"1351667","toID":"1351740","formEdgeID":null},{"edgeID":"1770407","fromID":"1351740","toID":"1351653","formEdgeID":null},{"edgeID":"1770408","fromID":"1351662","toID":"1351740","formEdgeID":null},{"edgeID":"1770409","fromID":"1351654","toID":"1351741","formEdgeID":null},{"edgeID":"1770410","fromID":"1351741","toID":"1351663","formEdgeID":null},{"edgeID":"1770411","fromID":"1351739","toID":"1351742","formEdgeID":null},{"edgeID":"1770412","fromID":"1351742","toID":"1351740","formEdgeID":null},{"edgeID":"1770413","fromID":"1351677","toID":"1351743","formEdgeID":null},{"edgeID":"1770414","fromID":"1351743","toID":"1351653","formEdgeID":null},{"edgeID":"1770415","fromID":"1351654","toID":"1351744","formEdgeID":null},{"edgeID":"1770416","fromID":"1351744","toID":"1351678","formEdgeID":null},{"edgeID":"1770417","fromID":"1351744","toID":"1351745","formEdgeID":null},{"edgeID":"1770418","fromID":"1351745","toID":"1351743","formEdgeID":null},{"edgeID":"1770419","fromID":"1351746","toID":"1351673","formEdgeID":null},{"edgeID":"1770420","fromID":"1351668","toID":"1351746","formEdgeID":null},{"edgeID":"1770421","fromID":"1351678","toID":"1351747","formEdgeID":null},{"edgeID":"1770422","fromID":"1351747","toID":"1351683","formEdgeID":null},{"edgeID":"1770423","fromID":"1351609","toID":"1351748","formEdgeID":null},{"edgeID":"1770424","fromID":"1351748","toID":"1351614","formEdgeID":null},{"edgeID":"1770425","fromID":"1351614","toID":"1351749","formEdgeID":null},{"edgeID":"1770426","fromID":"1351749","toID":"1351619","formEdgeID":null},{"edgeID":"1770427","fromID":"1351603","toID":"1351750","formEdgeID":null},{"edgeID":"1770428","fromID":"1351750","toID":"1351597","formEdgeID":null},{"edgeID":"1770429","fromID":"1351586","toID":"1351750","formEdgeID":null},{"edgeID":"1770430","fromID":"1351578","toID":"1351751","formEdgeID":null},{"edgeID":"1770431","fromID":"1351751","toID":"1351604","formEdgeID":null},{"edgeID":"1770432","fromID":"1351751","toID":"1351752","formEdgeID":null},{"edgeID":"1770433","fromID":"1351752","toID":"1351750","formEdgeID":null},{"edgeID":"1770434","fromID":"1351623","toID":"1351753","formEdgeID":null},{"edgeID":"1770435","fromID":"1351753","toID":"1351608","formEdgeID":null},{"edgeID":"1770436","fromID":"1351618","toID":"1351753","formEdgeID":null},{"edgeID":"1770437","fromID":"1351754","toID":"1351629","formEdgeID":null},{"edgeID":"1770438","fromID":"1351609","toID":"1351754","formEdgeID":null},{"edgeID":"1770439","fromID":"1351754","toID":"1351755","formEdgeID":null},{"edgeID":"1770440","fromID":"1351755","toID":"1351753","formEdgeID":null},{"edgeID":"1770441","fromID":"1351619","toID":"1351756","formEdgeID":null},{"edgeID":"1770442","fromID":"1351756","toID":"1351624","formEdgeID":null},{"edgeID":"1770443","fromID":"1351683","toID":"1351757","formEdgeID":null},{"edgeID":"1770444","fromID":"1351757","toID":"1351688","formEdgeID":null}],"locutions":[]}