{"nodes":[{"nodeID":"1341304","text":"AudienceMember 20221027QT25 is actually a founding member of a charity called Long-COVID Support","type":"I","timestamp":"2023-11-09 13:55:01"},{"nodeID":"1341305","text":"AudienceMember 20221027QT25: I\u2019m actually a founding member of a charity called Long-COVID Support","type":"L","timestamp":"2023-11-09 13:55:01"},{"nodeID":"1341306","text":"Analysing","type":"YA","timestamp":"2023-11-09 13:55:01"},{"nodeID":"1341307","text":"Dominika: AudienceMember 20221027QT25: I\u2019m actually a founding member of a charity called Long-COVID Support","type":"L","timestamp":"2023-11-09 13:55:01"},{"nodeID":"1341308","text":"Asserting","type":"YA","timestamp":"2023-11-09 13:55:01"},{"nodeID":"1341309","text":"AudienceMember 20221027QT25 and his charity have been desperately trying to do what they can to help and support people where they can","type":"I","timestamp":"2023-11-09 13:55:01"},{"nodeID":"1341310","text":"AudienceMember 20221027QT25: We\u2019ve been desperately trying to do what we can to help and support people where we can","type":"L","timestamp":"2023-11-09 13:55:01"},{"nodeID":"1341311","text":"Analysing","type":"YA","timestamp":"2023-11-09 13:55:01"},{"nodeID":"1341312","text":"Dominika: AudienceMember 20221027QT25: We\u2019ve been desperately trying to do what we can to help and support people where we can","type":"L","timestamp":"2023-11-09 13:55:01"},{"nodeID":"1341313","text":"Asserting","type":"YA","timestamp":"2023-11-09 13:55:01"},{"nodeID":"1341314","text":"reading all the peer research papers that are out there, trying to learn, trying to share that information","type":"I","timestamp":"2023-11-09 13:55:02"},{"nodeID":"1341315","text":"AudienceMember 20221027QT25: Reading all the peer research papers that are out there, trying to learn, trying to share that information","type":"L","timestamp":"2023-11-09 13:55:02"},{"nodeID":"1341316","text":"Analysing","type":"YA","timestamp":"2023-11-09 13:55:02"},{"nodeID":"1341317","text":"Dominika: AudienceMember 20221027QT25: Reading all the peer research papers that are out there, trying to learn, trying to share that information","type":"L","timestamp":"2023-11-09 13:55:02"},{"nodeID":"1341318","text":"Asserting","type":"YA","timestamp":"2023-11-09 13:55:02"},{"nodeID":"1341319","text":"Default Transition","type":"TA","timestamp":"2023-11-09 13:55:02"},{"nodeID":"1341320","text":"Default Transition","type":"TA","timestamp":"2023-11-09 13:55:02"},{"nodeID":"1341321","text":"Default Rephrase","type":"MA","timestamp":"2023-11-09 13:55:02"},{"nodeID":"1341322","text":"Restating","type":"YA","timestamp":"2023-11-09 13:55:02"},{"nodeID":"1341323","text":"AudienceMember 20221027QT25 is not getting support","type":"I","timestamp":"2023-11-09 13:55:03"},{"nodeID":"1341324","text":"Fiona Bruce:  the thing you\u2019re saying is you\u2019re not getting support","type":"L","timestamp":"2023-11-09 13:55:03"},{"nodeID":"1341325","text":"Analysing","type":"YA","timestamp":"2023-11-09 13:55:03"},{"nodeID":"1341326","text":"Dominika: Fiona Bruce:  the thing you\u2019re saying is you\u2019re not getting support","type":"L","timestamp":"2023-11-09 13:55:03"},{"nodeID":"1341327","text":"AudienceMember 20221027QT25: we're not getting support","type":"L","timestamp":"2023-11-09 13:55:03"},{"nodeID":"1341328","text":"Analysing","type":"YA","timestamp":"2023-11-09 13:55:03"},{"nodeID":"1341329","text":"Dominika: AudienceMember 20221027QT25:  the thing you\u2019re saying is you\u2019re not getting support","type":"L","timestamp":"2023-11-09 13:55:03"},{"nodeID":"1341330","text":"Default Transition","type":"TA","timestamp":"2023-11-09 13:55:03"},{"nodeID":"1341331","text":"Asserting","type":"YA","timestamp":"2023-11-09 13:55:03"},{"nodeID":"1341332","text":"Asserting","type":"YA","timestamp":"2023-11-09 13:55:03"},{"nodeID":"1341333","text":"there is no support from the experts","type":"I","timestamp":"2023-11-09 13:55:03"},{"nodeID":"1341334","text":"AudienceMember 20221027QT26: where is the support from the experts","type":"L","timestamp":"2023-11-09 13:55:03"},{"nodeID":"1341335","text":"Analysing","type":"YA","timestamp":"2023-11-09 13:55:03"},{"nodeID":"1341336","text":"Dominika: AudienceMember 20221027QT26: where is the support from the experts","type":"L","timestamp":"2023-11-09 13:55:03"},{"nodeID":"1341337","text":"Rhetorical Questioning","type":"YA","timestamp":"2023-11-09 13:55:03"},{"nodeID":"1341338","text":"Default Transition","type":"TA","timestamp":"2023-11-09 13:55:03"},{"nodeID":"1341339","text":"AudienceMember 20221027QT26 is not getting support","type":"I","timestamp":"2023-11-09 13:55:04"},{"nodeID":"1341340","text":"Fiona Bruce:  you\u2019re not getting support","type":"L","timestamp":"2023-11-09 13:55:04"},{"nodeID":"1341341","text":"Analysing","type":"YA","timestamp":"2023-11-09 13:55:04"},{"nodeID":"1341342","text":"Dominika: Fiona Bruce:  you\u2019re not getting support","type":"L","timestamp":"2023-11-09 13:55:04"},{"nodeID":"1341343","text":"Asserting","type":"YA","timestamp":"2023-11-09 13:55:04"},{"nodeID":"1341344","text":"Default Transition","type":"TA","timestamp":"2023-11-09 13:55:04"},{"nodeID":"1341345","text":"Default Rephrase","type":"MA","timestamp":"2023-11-09 13:55:04"},{"nodeID":"1341346","text":"Default Rephrase","type":"MA","timestamp":"2023-11-09 13:55:04"},{"nodeID":"1341347","text":"Restating","type":"YA","timestamp":"2023-11-09 13:55:04"},{"nodeID":"1341348","text":"Restating","type":"YA","timestamp":"2023-11-09 13:55:04"},{"nodeID":"1341349","text":"Long-COVID Support group are the ill people","type":"I","timestamp":"2023-11-09 13:55:05"},{"nodeID":"1341350","text":"AudienceMember 20221027QT27: we\u2019re the ill people","type":"L","timestamp":"2023-11-09 13:55:05"},{"nodeID":"1341351","text":"Analysing","type":"YA","timestamp":"2023-11-09 13:55:05"},{"nodeID":"1341352","text":"Dominika: AudienceMember 20221027QT27: we\u2019re the ill people","type":"L","timestamp":"2023-11-09 13:55:05"},{"nodeID":"1341353","text":"Asserting","type":"YA","timestamp":"2023-11-09 13:55:05"},{"nodeID":"1341354","text":"Long-COVID Support group are the most resilient you can be","type":"I","timestamp":"2023-11-09 13:55:05"},{"nodeID":"1341355","text":"AudienceMember 20221027QT27: We\u2019re being the most resilient you can be","type":"L","timestamp":"2023-11-09 13:55:05"},{"nodeID":"1341356","text":"Analysing","type":"YA","timestamp":"2023-11-09 13:55:05"},{"nodeID":"1341357","text":"Dominika: AudienceMember 20221027QT27: We\u2019re being the most resilient you can be","type":"L","timestamp":"2023-11-09 13:55:05"},{"nodeID":"1341358","text":"Asserting","type":"YA","timestamp":"2023-11-09 13:55:05"},{"nodeID":"1341359","text":"AudienceMember 20221027QT27 has met the most resilient people they've met in their life through this","type":"I","timestamp":"2023-11-09 13:55:06"},{"nodeID":"1341360","text":"AudienceMember 20221027QT27: I have met the most resilient people I\u2019ve met in my life through this","type":"L","timestamp":"2023-11-09 13:55:06"},{"nodeID":"1341361","text":"Analysing","type":"YA","timestamp":"2023-11-09 13:55:06"},{"nodeID":"1341362","text":"Dominika: AudienceMember 20221027QT27: I have met the most resilient people I\u2019ve met in my life through this","type":"L","timestamp":"2023-11-09 13:55:06"},{"nodeID":"1341363","text":"Asserting","type":"YA","timestamp":"2023-11-09 13:55:06"},{"nodeID":"1341364","text":"Default Transition","type":"TA","timestamp":"2023-11-09 13:55:06"},{"nodeID":"1341365","text":"Default Transition","type":"TA","timestamp":"2023-11-09 13:55:06"},{"nodeID":"1341366","text":"Default Transition","type":"TA","timestamp":"2023-11-09 13:55:06"},{"nodeID":"1341367","text":"Long-COVID Support group need help","type":"I","timestamp":"2023-11-09 13:55:07"},{"nodeID":"1341368","text":"AudienceMember 20221027QT27: we need help","type":"L","timestamp":"2023-11-09 13:55:07"},{"nodeID":"1341369","text":"Analysing","type":"YA","timestamp":"2023-11-09 13:55:07"},{"nodeID":"1341370","text":"Dominika: AudienceMember 20221027QT27: we need help","type":"L","timestamp":"2023-11-09 13:55:07"},{"nodeID":"1341371","text":"Asserting","type":"YA","timestamp":"2023-11-09 13:55:07"},{"nodeID":"1341372","text":"Default Rephrase","type":"MA","timestamp":"2023-11-09 13:55:07"},{"nodeID":"1341373","text":"Restating","type":"YA","timestamp":"2023-11-09 13:55:07"},{"nodeID":"1341374","text":"the constant underfunding of the NHS across the board is disgusting","type":"I","timestamp":"2023-11-09 13:55:07"},{"nodeID":"1341375","text":"AudienceMember 20221027QT27: the constant underfunding of the NHS across the board is disgusting","type":"L","timestamp":"2023-11-09 13:55:07"},{"nodeID":"1341376","text":"Analysing","type":"YA","timestamp":"2023-11-09 13:55:07"},{"nodeID":"1341377","text":"Dominika: AudienceMember 20221027QT27: the constant underfunding of the NHS across the board is disgusting","type":"L","timestamp":"2023-11-09 13:55:07"},{"nodeID":"1341378","text":"Asserting","type":"YA","timestamp":"2023-11-09 13:55:07"},{"nodeID":"1341379","text":"Default Transition","type":"TA","timestamp":"2023-11-09 13:55:07"},{"nodeID":"1341380","text":"people are dying","type":"I","timestamp":"2023-11-09 13:55:08"},{"nodeID":"1341381","text":"AudienceMember 20221027QT27: People are dying","type":"L","timestamp":"2023-11-09 13:55:08"},{"nodeID":"1341382","text":"Analysing","type":"YA","timestamp":"2023-11-09 13:55:08"},{"nodeID":"1341383","text":"Dominika: AudienceMember 20221027QT27: People are dying","type":"L","timestamp":"2023-11-09 13:55:08"},{"nodeID":"1341384","text":"Asserting","type":"YA","timestamp":"2023-11-09 13:55:08"},{"nodeID":"1341385","text":"people are killing themselves","type":"I","timestamp":"2023-11-09 13:55:08"},{"nodeID":"1341386","text":"AudienceMember 20221027QT27: people are killing themselves","type":"L","timestamp":"2023-11-09 13:55:08"},{"nodeID":"1341387","text":"Analysing","type":"YA","timestamp":"2023-11-09 13:55:08"},{"nodeID":"1341388","text":"Dominika: AudienceMember 20221027QT27: people are killing themselves","type":"L","timestamp":"2023-11-09 13:55:08"},{"nodeID":"1341389","text":"Asserting","type":"YA","timestamp":"2023-11-09 13:55:08"},{"nodeID":"1341390","text":"they don\u2019t want to live a disabled life","type":"I","timestamp":"2023-11-09 13:55:09"},{"nodeID":"1341391","text":"AudienceMember 20221027QT27: they don\u2019t want to live a disabled life","type":"L","timestamp":"2023-11-09 13:55:09"},{"nodeID":"1341392","text":"Analysing","type":"YA","timestamp":"2023-11-09 13:55:09"},{"nodeID":"1341393","text":"Dominika: AudienceMember 20221027QT27: they don\u2019t want to live a disabled life","type":"L","timestamp":"2023-11-09 13:55:09"},{"nodeID":"1341394","text":"Asserting","type":"YA","timestamp":"2023-11-09 13:55:09"},{"nodeID":"1341395","text":"Default Transition","type":"TA","timestamp":"2023-11-09 13:55:09"},{"nodeID":"1341396","text":"Default Inference","type":"RA","timestamp":"2023-11-09 13:55:09"},{"nodeID":"1341397","text":"Arguing","type":"YA","timestamp":"2023-11-09 13:55:09"},{"nodeID":"1341398","text":"Default Transition","type":"TA","timestamp":"2023-11-09 13:55:09"},{"nodeID":"1341399","text":"Default Rephrase","type":"MA","timestamp":"2023-11-09 13:55:09"},{"nodeID":"1341400","text":"Restating","type":"YA","timestamp":"2023-11-09 13:55:09"},{"nodeID":"1341401","text":"Default Transition","type":"TA","timestamp":"2023-11-09 13:55:09"},{"nodeID":"1341402","text":"Default Inference","type":"RA","timestamp":"2023-11-09 13:55:09"},{"nodeID":"1341403","text":"Arguing","type":"YA","timestamp":"2023-11-09 13:55:09"},{"nodeID":"1341404","text":"the fact that disabled people are looked less than is another issue","type":"I","timestamp":"2023-11-09 13:55:10"},{"nodeID":"1341405","text":"AudienceMember 20221027QT27: that\u2019s another issue. The fact that disabled people are looked less than","type":"L","timestamp":"2023-11-09 13:55:10"},{"nodeID":"1341406","text":"Analysing","type":"YA","timestamp":"2023-11-09 13:55:10"},{"nodeID":"1341407","text":"Dominika: AudienceMember 20221027QT27: that\u2019s another issue. The fact that disabled people are looked less than","type":"L","timestamp":"2023-11-09 13:55:10"},{"nodeID":"1341408","text":"Asserting","type":"YA","timestamp":"2023-11-09 13:55:10"},{"nodeID":"1341409","text":"Default Transition","type":"TA","timestamp":"2023-11-09 13:55:10"},{"nodeID":"1341410","text":"disabled people are hard working","type":"I","timestamp":"2023-11-09 13:55:10"},{"nodeID":"1341411","text":"AudienceMember 20221027QT27: We\u2019re hard working","type":"L","timestamp":"2023-11-09 13:55:10"},{"nodeID":"1341412","text":"Analysing","type":"YA","timestamp":"2023-11-09 13:55:10"},{"nodeID":"1341413","text":"Dominika: AudienceMember 20221027QT27: We\u2019re hard working","type":"L","timestamp":"2023-11-09 13:55:10"},{"nodeID":"1341414","text":"Asserting","type":"YA","timestamp":"2023-11-09 13:55:10"},{"nodeID":"1341415","text":"disabled people want to work","type":"I","timestamp":"2023-11-09 13:55:11"},{"nodeID":"1341416","text":"AudienceMember 20221027QT27: we want to work","type":"L","timestamp":"2023-11-09 13:55:11"},{"nodeID":"1341417","text":"Analysing","type":"YA","timestamp":"2023-11-09 13:55:11"},{"nodeID":"1341418","text":"Dominika: AudienceMember 20221027QT27: we want to work","type":"L","timestamp":"2023-11-09 13:55:11"},{"nodeID":"1341419","text":"Asserting","type":"YA","timestamp":"2023-11-09 13:55:11"},{"nodeID":"1341420","text":"disabled people want to do","type":"I","timestamp":"2023-11-09 13:55:12"},{"nodeID":"1341421","text":"AudienceMember 20221027QT27: we want to do","type":"L","timestamp":"2023-11-09 13:55:12"},{"nodeID":"1341422","text":"Analysing","type":"YA","timestamp":"2023-11-09 13:55:12"},{"nodeID":"1341423","text":"Dominika: AudienceMember 20221027QT27: we want to do","type":"L","timestamp":"2023-11-09 13:55:12"},{"nodeID":"1341424","text":"Asserting","type":"YA","timestamp":"2023-11-09 13:55:12"},{"nodeID":"1341425","text":"we want to get on with our lives","type":"I","timestamp":"2023-11-09 13:55:12"},{"nodeID":"1341426","text":"AudienceMember 20221027QT27: we want to get on with our lives","type":"L","timestamp":"2023-11-09 13:55:12"},{"nodeID":"1341427","text":"Analysing","type":"YA","timestamp":"2023-11-09 13:55:12"},{"nodeID":"1341428","text":"Dominika: AudienceMember 20221027QT27: we want to get on with our lives","type":"L","timestamp":"2023-11-09 13:55:12"},{"nodeID":"1341429","text":"Asserting","type":"YA","timestamp":"2023-11-09 13:55:12"},{"nodeID":"1341430","text":"AudienceMember 20221027QT27 didn\u2019t choose to suddenly stop","type":"I","timestamp":"2023-11-09 13:55:13"},{"nodeID":"1341431","text":"AudienceMember 20221027QT27: I didn\u2019t choose to suddenly stop","type":"L","timestamp":"2023-11-09 13:55:13"},{"nodeID":"1341432","text":"Analysing","type":"YA","timestamp":"2023-11-09 13:55:13"},{"nodeID":"1341433","text":"Dominika: AudienceMember 20221027QT27: I didn\u2019t choose to suddenly stop","type":"L","timestamp":"2023-11-09 13:55:13"},{"nodeID":"1341434","text":"Asserting","type":"YA","timestamp":"2023-11-09 13:55:13"},{"nodeID":"1341435","text":"Default Transition","type":"TA","timestamp":"2023-11-09 13:55:13"},{"nodeID":"1341436","text":"Default Transition","type":"TA","timestamp":"2023-11-09 13:55:13"},{"nodeID":"1341437","text":"Default Transition","type":"TA","timestamp":"2023-11-09 13:55:13"},{"nodeID":"1341438","text":"Default Inference","type":"RA","timestamp":"2023-11-09 13:55:13"},{"nodeID":"1341439","text":"Arguing","type":"YA","timestamp":"2023-11-09 13:55:13"},{"nodeID":"1341440","text":"Default Rephrase","type":"MA","timestamp":"2023-11-09 13:55:13"},{"nodeID":"1341441","text":"Default Rephrase","type":"MA","timestamp":"2023-11-09 13:55:13"},{"nodeID":"1341442","text":"Restating","type":"YA","timestamp":"2023-11-09 13:55:13"},{"nodeID":"1341443","text":"Restating","type":"YA","timestamp":"2023-11-09 13:55:13"},{"nodeID":"1341444","text":"Default Transition","type":"TA","timestamp":"2023-11-09 13:55:13"},{"nodeID":"1341445","text":"Default Transition","type":"TA","timestamp":"2023-11-09 13:55:13"},{"nodeID":"1341446","text":"Default Rephrase","type":"MA","timestamp":"2023-11-09 13:55:13"},{"nodeID":"1341447","text":"Default Rephrase","type":"MA","timestamp":"2023-11-09 13:55:13"},{"nodeID":"1341448","text":"Restating","type":"YA","timestamp":"2023-11-09 13:55:13"},{"nodeID":"1341449","text":"Restating","type":"YA","timestamp":"2023-11-09 13:55:13"},{"nodeID":"1341450","text":"Default Inference","type":"RA","timestamp":"2023-11-09 13:55:13"},{"nodeID":"1341451","text":"Arguing","type":"YA","timestamp":"2023-11-09 13:55:13"},{"nodeID":"1341452","text":"Default Rephrase","type":"MA","timestamp":"2023-11-09 13:55:13"},{"nodeID":"1341453","text":"Default Transition","type":"TA","timestamp":"2023-11-09 13:55:13"},{"nodeID":"1341454","text":"Restating","type":"YA","timestamp":"2023-11-09 13:55:13"}],"edges":[{"edgeID":"1757955","fromID":"1341306","toID":"1341305","formEdgeID":null},{"edgeID":"1757956","fromID":"1341307","toID":"1341306","formEdgeID":null},{"edgeID":"1757957","fromID":"1341305","toID":"1341308","formEdgeID":null},{"edgeID":"1757958","fromID":"1341308","toID":"1341304","formEdgeID":null},{"edgeID":"1757959","fromID":"1341311","toID":"1341310","formEdgeID":null},{"edgeID":"1757960","fromID":"1341312","toID":"1341311","formEdgeID":null},{"edgeID":"1757961","fromID":"1341310","toID":"1341313","formEdgeID":null},{"edgeID":"1757962","fromID":"1341313","toID":"1341309","formEdgeID":null},{"edgeID":"1757963","fromID":"1341316","toID":"1341315","formEdgeID":null},{"edgeID":"1757964","fromID":"1341317","toID":"1341316","formEdgeID":null},{"edgeID":"1757965","fromID":"1341315","toID":"1341318","formEdgeID":null},{"edgeID":"1757966","fromID":"1341318","toID":"1341314","formEdgeID":null},{"edgeID":"1757967","fromID":"1341305","toID":"1341319","formEdgeID":null},{"edgeID":"1757968","fromID":"1341319","toID":"1341310","formEdgeID":null},{"edgeID":"1757969","fromID":"1341310","toID":"1341320","formEdgeID":null},{"edgeID":"1757970","fromID":"1341320","toID":"1341315","formEdgeID":null},{"edgeID":"1757971","fromID":"1341309","toID":"1341321","formEdgeID":null},{"edgeID":"1757972","fromID":"1341321","toID":"1341304","formEdgeID":null},{"edgeID":"1757973","fromID":"1341319","toID":"1341322","formEdgeID":null},{"edgeID":"1757974","fromID":"1341322","toID":"1341321","formEdgeID":null},{"edgeID":"1757975","fromID":"1341325","toID":"1341324","formEdgeID":null},{"edgeID":"1757976","fromID":"1341326","toID":"1341325","formEdgeID":null},{"edgeID":"1757977","fromID":"1341328","toID":"1341327","formEdgeID":null},{"edgeID":"1757978","fromID":"1341329","toID":"1341328","formEdgeID":null},{"edgeID":"1757979","fromID":"1341315","toID":"1341330","formEdgeID":null},{"edgeID":"1757980","fromID":"1341330","toID":"1341324","formEdgeID":null},{"edgeID":"1757981","fromID":"1341324","toID":"1341331","formEdgeID":null},{"edgeID":"1757982","fromID":"1341331","toID":"1341327","formEdgeID":null},{"edgeID":"1757983","fromID":"1341327","toID":"1341332","formEdgeID":null},{"edgeID":"1757984","fromID":"1341332","toID":"1341323","formEdgeID":null},{"edgeID":"1757985","fromID":"1341335","toID":"1341334","formEdgeID":null},{"edgeID":"1757986","fromID":"1341336","toID":"1341335","formEdgeID":null},{"edgeID":"1757987","fromID":"1341334","toID":"1341337","formEdgeID":null},{"edgeID":"1757988","fromID":"1341337","toID":"1341333","formEdgeID":null},{"edgeID":"1757989","fromID":"1341324","toID":"1341338","formEdgeID":null},{"edgeID":"1757990","fromID":"1341338","toID":"1341334","formEdgeID":null},{"edgeID":"1757991","fromID":"1341341","toID":"1341340","formEdgeID":null},{"edgeID":"1757992","fromID":"1341342","toID":"1341341","formEdgeID":null},{"edgeID":"1757993","fromID":"1341340","toID":"1341343","formEdgeID":null},{"edgeID":"1757994","fromID":"1341343","toID":"1341339","formEdgeID":null},{"edgeID":"1757995","fromID":"1341334","toID":"1341344","formEdgeID":null},{"edgeID":"1757996","fromID":"1341344","toID":"1341340","formEdgeID":null},{"edgeID":"1757997","fromID":"1341333","toID":"1341345","formEdgeID":null},{"edgeID":"1757998","fromID":"1341345","toID":"1341323","formEdgeID":null},{"edgeID":"1757999","fromID":"1341339","toID":"1341346","formEdgeID":null},{"edgeID":"1758000","fromID":"1341346","toID":"1341333","formEdgeID":null},{"edgeID":"1758001","fromID":"1341344","toID":"1341347","formEdgeID":null},{"edgeID":"1758002","fromID":"1341347","toID":"1341346","formEdgeID":null},{"edgeID":"1758003","fromID":"1341338","toID":"1341348","formEdgeID":null},{"edgeID":"1758004","fromID":"1341348","toID":"1341345","formEdgeID":null},{"edgeID":"1758005","fromID":"1341351","toID":"1341350","formEdgeID":null},{"edgeID":"1758006","fromID":"1341352","toID":"1341351","formEdgeID":null},{"edgeID":"1758007","fromID":"1341350","toID":"1341353","formEdgeID":null},{"edgeID":"1758008","fromID":"1341353","toID":"1341349","formEdgeID":null},{"edgeID":"1758009","fromID":"1341356","toID":"1341355","formEdgeID":null},{"edgeID":"1758010","fromID":"1341357","toID":"1341356","formEdgeID":null},{"edgeID":"1758011","fromID":"1341355","toID":"1341358","formEdgeID":null},{"edgeID":"1758012","fromID":"1341358","toID":"1341354","formEdgeID":null},{"edgeID":"1758013","fromID":"1341361","toID":"1341360","formEdgeID":null},{"edgeID":"1758014","fromID":"1341362","toID":"1341361","formEdgeID":null},{"edgeID":"1758015","fromID":"1341360","toID":"1341363","formEdgeID":null},{"edgeID":"1758016","fromID":"1341363","toID":"1341359","formEdgeID":null},{"edgeID":"1758017","fromID":"1341340","toID":"1341364","formEdgeID":null},{"edgeID":"1758018","fromID":"1341364","toID":"1341350","formEdgeID":null},{"edgeID":"1758019","fromID":"1341350","toID":"1341365","formEdgeID":null},{"edgeID":"1758020","fromID":"1341365","toID":"1341355","formEdgeID":null},{"edgeID":"1758021","fromID":"1341355","toID":"1341366","formEdgeID":null},{"edgeID":"1758022","fromID":"1341366","toID":"1341360","formEdgeID":null},{"edgeID":"1758023","fromID":"1341369","toID":"1341368","formEdgeID":null},{"edgeID":"1758024","fromID":"1341370","toID":"1341369","formEdgeID":null},{"edgeID":"1758025","fromID":"1341368","toID":"1341371","formEdgeID":null},{"edgeID":"1758026","fromID":"1341371","toID":"1341367","formEdgeID":null},{"edgeID":"1758027","fromID":"1341359","toID":"1341372","formEdgeID":null},{"edgeID":"1758028","fromID":"1341372","toID":"1341354","formEdgeID":null},{"edgeID":"1758029","fromID":"1341366","toID":"1341373","formEdgeID":null},{"edgeID":"1758030","fromID":"1341373","toID":"1341372","formEdgeID":null},{"edgeID":"1758031","fromID":"1341376","toID":"1341375","formEdgeID":null},{"edgeID":"1758032","fromID":"1341377","toID":"1341376","formEdgeID":null},{"edgeID":"1758033","fromID":"1341375","toID":"1341378","formEdgeID":null},{"edgeID":"1758034","fromID":"1341378","toID":"1341374","formEdgeID":null},{"edgeID":"1758035","fromID":"1341368","toID":"1341379","formEdgeID":null},{"edgeID":"1758036","fromID":"1341379","toID":"1341375","formEdgeID":null},{"edgeID":"1758037","fromID":"1341382","toID":"1341381","formEdgeID":null},{"edgeID":"1758038","fromID":"1341383","toID":"1341382","formEdgeID":null},{"edgeID":"1758039","fromID":"1341381","toID":"1341384","formEdgeID":null},{"edgeID":"1758040","fromID":"1341384","toID":"1341380","formEdgeID":null},{"edgeID":"1758041","fromID":"1341387","toID":"1341386","formEdgeID":null},{"edgeID":"1758042","fromID":"1341388","toID":"1341387","formEdgeID":null},{"edgeID":"1758043","fromID":"1341386","toID":"1341389","formEdgeID":null},{"edgeID":"1758044","fromID":"1341389","toID":"1341385","formEdgeID":null},{"edgeID":"1758045","fromID":"1341392","toID":"1341391","formEdgeID":null},{"edgeID":"1758046","fromID":"1341393","toID":"1341392","formEdgeID":null},{"edgeID":"1758047","fromID":"1341391","toID":"1341394","formEdgeID":null},{"edgeID":"1758048","fromID":"1341394","toID":"1341390","formEdgeID":null},{"edgeID":"1758049","fromID":"1341375","toID":"1341395","formEdgeID":null},{"edgeID":"1758050","fromID":"1341395","toID":"1341381","formEdgeID":null},{"edgeID":"1758051","fromID":"1341380","toID":"1341396","formEdgeID":null},{"edgeID":"1758052","fromID":"1341396","toID":"1341374","formEdgeID":null},{"edgeID":"1758053","fromID":"1341395","toID":"1341397","formEdgeID":null},{"edgeID":"1758054","fromID":"1341397","toID":"1341396","formEdgeID":null},{"edgeID":"1758055","fromID":"1341381","toID":"1341398","formEdgeID":null},{"edgeID":"1758056","fromID":"1341398","toID":"1341386","formEdgeID":null},{"edgeID":"1758057","fromID":"1341385","toID":"1341399","formEdgeID":null},{"edgeID":"1758058","fromID":"1341399","toID":"1341380","formEdgeID":null},{"edgeID":"1758059","fromID":"1341398","toID":"1341400","formEdgeID":null},{"edgeID":"1758060","fromID":"1341400","toID":"1341399","formEdgeID":null},{"edgeID":"1758061","fromID":"1341386","toID":"1341401","formEdgeID":null},{"edgeID":"1758062","fromID":"1341401","toID":"1341391","formEdgeID":null},{"edgeID":"1758063","fromID":"1341390","toID":"1341402","formEdgeID":null},{"edgeID":"1758064","fromID":"1341402","toID":"1341385","formEdgeID":null},{"edgeID":"1758065","fromID":"1341401","toID":"1341403","formEdgeID":null},{"edgeID":"1758066","fromID":"1341403","toID":"1341402","formEdgeID":null},{"edgeID":"1758067","fromID":"1341406","toID":"1341405","formEdgeID":null},{"edgeID":"1758068","fromID":"1341407","toID":"1341406","formEdgeID":null},{"edgeID":"1758069","fromID":"1341405","toID":"1341408","formEdgeID":null},{"edgeID":"1758070","fromID":"1341408","toID":"1341404","formEdgeID":null},{"edgeID":"1758071","fromID":"1341391","toID":"1341409","formEdgeID":null},{"edgeID":"1758072","fromID":"1341409","toID":"1341405","formEdgeID":null},{"edgeID":"1758073","fromID":"1341412","toID":"1341411","formEdgeID":null},{"edgeID":"1758074","fromID":"1341413","toID":"1341412","formEdgeID":null},{"edgeID":"1758075","fromID":"1341411","toID":"1341414","formEdgeID":null},{"edgeID":"1758076","fromID":"1341414","toID":"1341410","formEdgeID":null},{"edgeID":"1758077","fromID":"1341417","toID":"1341416","formEdgeID":null},{"edgeID":"1758078","fromID":"1341418","toID":"1341417","formEdgeID":null},{"edgeID":"1758079","fromID":"1341416","toID":"1341419","formEdgeID":null},{"edgeID":"1758080","fromID":"1341419","toID":"1341415","formEdgeID":null},{"edgeID":"1758081","fromID":"1341422","toID":"1341421","formEdgeID":null},{"edgeID":"1758082","fromID":"1341423","toID":"1341422","formEdgeID":null},{"edgeID":"1758083","fromID":"1341421","toID":"1341424","formEdgeID":null},{"edgeID":"1758084","fromID":"1341424","toID":"1341420","formEdgeID":null},{"edgeID":"1758085","fromID":"1341427","toID":"1341426","formEdgeID":null},{"edgeID":"1758086","fromID":"1341428","toID":"1341427","formEdgeID":null},{"edgeID":"1758087","fromID":"1341426","toID":"1341429","formEdgeID":null},{"edgeID":"1758088","fromID":"1341429","toID":"1341425","formEdgeID":null},{"edgeID":"1758089","fromID":"1341432","toID":"1341431","formEdgeID":null},{"edgeID":"1758090","fromID":"1341433","toID":"1341432","formEdgeID":null},{"edgeID":"1758091","fromID":"1341431","toID":"1341434","formEdgeID":null},{"edgeID":"1758092","fromID":"1341434","toID":"1341430","formEdgeID":null},{"edgeID":"1758093","fromID":"1341405","toID":"1341435","formEdgeID":null},{"edgeID":"1758094","fromID":"1341435","toID":"1341411","formEdgeID":null},{"edgeID":"1758095","fromID":"1341411","toID":"1341436","formEdgeID":null},{"edgeID":"1758096","fromID":"1341436","toID":"1341416","formEdgeID":null},{"edgeID":"1758097","fromID":"1341416","toID":"1341437","formEdgeID":null},{"edgeID":"1758098","fromID":"1341437","toID":"1341421","formEdgeID":null},{"edgeID":"1758099","fromID":"1341410","toID":"1341438","formEdgeID":null},{"edgeID":"1758100","fromID":"1341438","toID":"1341404","formEdgeID":null},{"edgeID":"1758101","fromID":"1341435","toID":"1341439","formEdgeID":null},{"edgeID":"1758102","fromID":"1341439","toID":"1341438","formEdgeID":null},{"edgeID":"1758103","fromID":"1341415","toID":"1341440","formEdgeID":null},{"edgeID":"1758104","fromID":"1341440","toID":"1341410","formEdgeID":null},{"edgeID":"1758105","fromID":"1341420","toID":"1341441","formEdgeID":null},{"edgeID":"1758106","fromID":"1341441","toID":"1341415","formEdgeID":null},{"edgeID":"1758107","fromID":"1341436","toID":"1341442","formEdgeID":null},{"edgeID":"1758108","fromID":"1341442","toID":"1341440","formEdgeID":null},{"edgeID":"1758109","fromID":"1341437","toID":"1341443","formEdgeID":null},{"edgeID":"1758110","fromID":"1341443","toID":"1341441","formEdgeID":null},{"edgeID":"1758111","fromID":"1341421","toID":"1341444","formEdgeID":null},{"edgeID":"1758112","fromID":"1341444","toID":"1341426","formEdgeID":null},{"edgeID":"1758113","fromID":"1341426","toID":"1341445","formEdgeID":null},{"edgeID":"1758114","fromID":"1341445","toID":"1341431","formEdgeID":null},{"edgeID":"1758115","fromID":"1341425","toID":"1341446","formEdgeID":null},{"edgeID":"1758116","fromID":"1341446","toID":"1341420","formEdgeID":null},{"edgeID":"1758117","fromID":"1341430","toID":"1341447","formEdgeID":null},{"edgeID":"1758118","fromID":"1341447","toID":"1341425","formEdgeID":null},{"edgeID":"1758119","fromID":"1341444","toID":"1341448","formEdgeID":null},{"edgeID":"1758120","fromID":"1341448","toID":"1341446","formEdgeID":null},{"edgeID":"1758121","fromID":"1341445","toID":"1341449","formEdgeID":null},{"edgeID":"1758122","fromID":"1341449","toID":"1341447","formEdgeID":null},{"edgeID":"1758123","fromID":"1341309","toID":"1341450","formEdgeID":null},{"edgeID":"1758124","fromID":"1341450","toID":"1341314","formEdgeID":null},{"edgeID":"1758125","fromID":"1341320","toID":"1341451","formEdgeID":null},{"edgeID":"1758126","fromID":"1341451","toID":"1341450","formEdgeID":null},{"edgeID":"1758127","fromID":"1341367","toID":"1341452","formEdgeID":null},{"edgeID":"1758128","fromID":"1341452","toID":"1341339","formEdgeID":null},{"edgeID":"1758129","fromID":"1341340","toID":"1341453","formEdgeID":null},{"edgeID":"1758130","fromID":"1341453","toID":"1341368","formEdgeID":null},{"edgeID":"1758131","fromID":"1341453","toID":"1341454","formEdgeID":null},{"edgeID":"1758132","fromID":"1341454","toID":"1341452","formEdgeID":null}],"locutions":[]}