{"nodes":[{"nodeID":"1150718","text":"the manifesto, the Tory manifesto, made a very, very specific commitment to ringfencing a pot of money for social care","type":"I","timestamp":"2023-04-20 20:40:12"},{"nodeID":"1150749","text":"it means that the backlog that everyone is talking about is just going to remain","type":"I","timestamp":"2023-04-20 20:40:24"},{"nodeID":"1150757","text":"people are stuck in hospitals","type":"I","timestamp":"2023-04-20 20:40:26"},{"nodeID":"1150777","text":"the other thing that is a problem is the vast number of vacancies within hospitals and within social care","type":"I","timestamp":"2023-04-20 20:40:34"},{"nodeID":"1342679","text":"Armando Iannucci: part of the problem, Rishi Sunak says we don\u2019t need an election because he\u2019s standing by the 2019 manifesto","type":"L","timestamp":"2023-11-09 13:56:56"},{"nodeID":"1342680","text":"Analysing","type":"YA","timestamp":"2023-11-09 13:56:56"},{"nodeID":"1342681","text":"Chris: Armando Iannucci: part of the problem, Rishi Sunak says we don\u2019t need an election because he\u2019s standing by the 2019 manifesto.","type":"L","timestamp":"2023-11-09 13:56:56"},{"nodeID":"1342682","text":"part of the problem, Rishi Sunak says we don\u2019t need an election because he\u2019s standing by the 2019 manifesto","type":"L","timestamp":"2023-11-09 13:56:56"},{"nodeID":"1342683","text":"Analysing","type":"YA","timestamp":"2023-11-09 13:56:56"},{"nodeID":"1342684","text":"Asserting","type":"YA","timestamp":"2023-11-09 13:56:56"},{"nodeID":"1342685","text":"Armando Iannucci: the manifesto, the Tory manifesto, made a very, very specific commitment to ringfencing a pot of money for social care","type":"L","timestamp":"2023-11-09 13:56:57"},{"nodeID":"1342686","text":"Analysing","type":"YA","timestamp":"2023-11-09 13:56:57"},{"nodeID":"1342687","text":"Chris: Armando Iannucci: the manifesto, the Tory manifesto, made a very, very specific commitment to ringfencing a pot of money for social care","type":"L","timestamp":"2023-11-09 13:56:57"},{"nodeID":"1342688","text":"Asserting","type":"YA","timestamp":"2023-11-09 13:56:57"},{"nodeID":"1342689","text":"Default Transition","type":"TA","timestamp":"2023-11-09 13:56:57"},{"nodeID":"1342690","text":"Default Rephrase","type":"MA","timestamp":"2023-11-09 13:56:57"},{"nodeID":"1342691","text":"Restating","type":"YA","timestamp":"2023-11-09 13:56:57"},{"nodeID":"1342692","text":"Armando Iannucci: the first thing Boris Johnson said on the steps of Downing Street when he came in, I\u2019m going to sort social care out","type":"L","timestamp":"2023-11-09 13:56:57"},{"nodeID":"1342693","text":"Analysing","type":"YA","timestamp":"2023-11-09 13:56:57"},{"nodeID":"1342694","text":"Chris: Armando Iannucci: the first thing Boris Johnson said on the steps of Downing Street when he came in, I\u2019m going to sort social care out","type":"L","timestamp":"2023-11-09 13:56:57"},{"nodeID":"1342695","text":"the first thing Boris Johnson said on the steps of Downing Street when he came in, \"I\u2019m going to sort social care out\"","type":"L","timestamp":"2023-11-09 13:56:57"},{"nodeID":"1342696","text":"Analysing","type":"YA","timestamp":"2023-11-09 13:56:57"},{"nodeID":"1342697","text":"Asserting","type":"YA","timestamp":"2023-11-09 13:56:57"},{"nodeID":"1342698","text":"Default Rephrase","type":"MA","timestamp":"2023-11-09 13:56:57"},{"nodeID":"1342699","text":"Default Transition","type":"TA","timestamp":"2023-11-09 13:56:57"},{"nodeID":"1342700","text":"Restating","type":"YA","timestamp":"2023-11-09 13:56:57"},{"nodeID":"1342701","text":"social care being sorted has been the government's cast iron guaranteed commitment","type":"I","timestamp":"2023-11-09 13:56:58"},{"nodeID":"1342702","text":"Armando Iannucci: This has been the cast iron guaranteed commitment","type":"L","timestamp":"2023-11-09 13:56:58"},{"nodeID":"1342703","text":"Analysing","type":"YA","timestamp":"2023-11-09 13:56:58"},{"nodeID":"1342704","text":"Chris: Armando Iannucci: This has been the cast iron guaranteed commitment","type":"L","timestamp":"2023-11-09 13:56:58"},{"nodeID":"1342705","text":"Asserting","type":"YA","timestamp":"2023-11-09 13:56:58"},{"nodeID":"1342706","text":"Default Transition","type":"TA","timestamp":"2023-11-09 13:56:58"},{"nodeID":"1342707","text":"we thought we had it with National Insurance","type":"I","timestamp":"2023-11-09 13:56:58"},{"nodeID":"1342708","text":"Armando Iannucci: we thought we had it with national insurance","type":"L","timestamp":"2023-11-09 13:56:58"},{"nodeID":"1342709","text":"Analysing","type":"YA","timestamp":"2023-11-09 13:56:58"},{"nodeID":"1342710","text":"Chris: Armando Iannucci: we thought we had it with national insurance","type":"L","timestamp":"2023-11-09 13:56:58"},{"nodeID":"1342711","text":"Asserting","type":"YA","timestamp":"2023-11-09 13:56:58"},{"nodeID":"1342712","text":"Default Inference","type":"RA","timestamp":"2023-11-09 13:56:58"},{"nodeID":"1342713","text":"Arguing","type":"YA","timestamp":"2023-11-09 13:56:58"},{"nodeID":"1342714","text":"Default Conflict","type":"CA","timestamp":"2023-11-09 13:56:58"},{"nodeID":"1342715","text":"Default Transition","type":"TA","timestamp":"2023-11-09 13:56:58"},{"nodeID":"1342716","text":"Disagreeing","type":"YA","timestamp":"2023-11-09 13:56:58"},{"nodeID":"1342717","text":"National Insurance has been taken away","type":"I","timestamp":"2023-11-09 13:56:59"},{"nodeID":"1342718","text":"Armando Iannucci: the fact that that\u2019s been taken away","type":"L","timestamp":"2023-11-09 13:56:59"},{"nodeID":"1342719","text":"Analysing","type":"YA","timestamp":"2023-11-09 13:56:59"},{"nodeID":"1342720","text":"Chris: Armando Iannucci: the fact that that\u2019s been taken away","type":"L","timestamp":"2023-11-09 13:56:59"},{"nodeID":"1342721","text":"Asserting","type":"YA","timestamp":"2023-11-09 13:56:59"},{"nodeID":"1342722","text":"Default Transition","type":"TA","timestamp":"2023-11-09 13:56:59"},{"nodeID":"1342723","text":"National Insurance has not been replaced by anything of such significance","type":"I","timestamp":"2023-11-09 13:57:00"},{"nodeID":"1342724","text":"Armando Iannucci: not replaced by anything of such significance","type":"L","timestamp":"2023-11-09 13:57:00"},{"nodeID":"1342725","text":"Analysing","type":"YA","timestamp":"2023-11-09 13:57:00"},{"nodeID":"1342726","text":"Chris: Armando Iannucci: not replaced by anything of such significance","type":"L","timestamp":"2023-11-09 13:57:00"},{"nodeID":"1342727","text":"Asserting","type":"YA","timestamp":"2023-11-09 13:57:00"},{"nodeID":"1342728","text":"Default Transition","type":"TA","timestamp":"2023-11-09 13:57:00"},{"nodeID":"1342729","text":"scrapping National Insurance while failing to replace it is the problem","type":"I","timestamp":"2023-11-09 13:57:00"},{"nodeID":"1342730","text":"Armando Iannucci: is the problem","type":"L","timestamp":"2023-11-09 13:57:00"},{"nodeID":"1342731","text":"Analysing","type":"YA","timestamp":"2023-11-09 13:57:00"},{"nodeID":"1342732","text":"Chris: Armando Iannucci: is the problem","type":"L","timestamp":"2023-11-09 13:57:00"},{"nodeID":"1342733","text":"Asserting","type":"YA","timestamp":"2023-11-09 13:57:00"},{"nodeID":"1342734","text":"Default Transition","type":"TA","timestamp":"2023-11-09 13:57:00"},{"nodeID":"1342735","text":"Default Conflict","type":"CA","timestamp":"2023-11-09 13:57:00"},{"nodeID":"1342736","text":"Disagreeing","type":"YA","timestamp":"2023-11-09 13:57:00"},{"nodeID":"1342737","text":"Default Rephrase","type":"MA","timestamp":"2023-11-09 13:57:00"},{"nodeID":"1342738","text":"Restating","type":"YA","timestamp":"2023-11-09 13:57:00"},{"nodeID":"1342739","text":"Default Inference","type":"RA","timestamp":"2023-11-09 13:57:00"},{"nodeID":"1342740","text":"Arguing","type":"YA","timestamp":"2023-11-09 13:57:00"},{"nodeID":"1342741","text":"Default Transition","type":"TA","timestamp":"2023-11-09 13:57:00"},{"nodeID":"1342742","text":"Armando Iannucci: it means that the backlog that everyone is talking about is just going to remain","type":"L","timestamp":"2023-11-09 13:57:01"},{"nodeID":"1342743","text":"Analysing","type":"YA","timestamp":"2023-11-09 13:57:01"},{"nodeID":"1342744","text":"Chris: Armando Iannucci: it means that the backlog that everyone is talking about is just going to remain","type":"L","timestamp":"2023-11-09 13:57:01"},{"nodeID":"1342745","text":"Asserting","type":"YA","timestamp":"2023-11-09 13:57:01"},{"nodeID":"1342746","text":"Default Transition","type":"TA","timestamp":"2023-11-09 13:57:01"},{"nodeID":"1342747","text":"Default Inference","type":"RA","timestamp":"2023-11-09 13:57:01"},{"nodeID":"1342748","text":"Arguing","type":"YA","timestamp":"2023-11-09 13:57:01"},{"nodeID":"1342749","text":"Armando Iannucci: People are stuck in hospitals","type":"L","timestamp":"2023-11-09 13:57:01"},{"nodeID":"1342750","text":"Analysing","type":"YA","timestamp":"2023-11-09 13:57:01"},{"nodeID":"1342751","text":"Chris: Armando Iannucci: People are stuck in hospitals","type":"L","timestamp":"2023-11-09 13:57:01"},{"nodeID":"1342752","text":"Asserting","type":"YA","timestamp":"2023-11-09 13:57:01"},{"nodeID":"1342753","text":"Default Transition","type":"TA","timestamp":"2023-11-09 13:57:01"},{"nodeID":"1342754","text":"Default Rephrase","type":"MA","timestamp":"2023-11-09 13:57:01"},{"nodeID":"1342755","text":"Restating","type":"YA","timestamp":"2023-11-09 13:57:01"},{"nodeID":"1342756","text":"the Tory Government don\u2019t have a social care plan in place to get out","type":"I","timestamp":"2023-11-09 13:57:02"},{"nodeID":"1342757","text":"Armando Iannucci: they don\u2019t have a social care plan in place to get out","type":"L","timestamp":"2023-11-09 13:57:02"},{"nodeID":"1342758","text":"Analysing","type":"YA","timestamp":"2023-11-09 13:57:02"},{"nodeID":"1342759","text":"Chris: Armando Iannucci: they don\u2019t have a social care plan in place to get out","type":"L","timestamp":"2023-11-09 13:57:02"},{"nodeID":"1342760","text":"Asserting","type":"YA","timestamp":"2023-11-09 13:57:02"},{"nodeID":"1342761","text":"Default Transition","type":"TA","timestamp":"2023-11-09 13:57:02"},{"nodeID":"1342762","text":"Default Inference","type":"RA","timestamp":"2023-11-09 13:57:02"},{"nodeID":"1342763","text":"Arguing","type":"YA","timestamp":"2023-11-09 13:57:02"},{"nodeID":"1342764","text":"Armando Iannucci is going to mention the B word in a minute","type":"I","timestamp":"2023-11-09 13:57:03"},{"nodeID":"1342765","text":"Armando Iannucci: the other thing, I\u2019m going to mention the B word in a minute","type":"L","timestamp":"2023-11-09 13:57:03"},{"nodeID":"1342766","text":"Analysing","type":"YA","timestamp":"2023-11-09 13:57:03"},{"nodeID":"1342767","text":"Chris: Armando Iannucci: the other thing, I\u2019m going to mention the B word in a minute","type":"L","timestamp":"2023-11-09 13:57:03"},{"nodeID":"1342768","text":"Asserting","type":"YA","timestamp":"2023-11-09 13:57:03"},{"nodeID":"1342769","text":"Default Transition","type":"TA","timestamp":"2023-11-09 13:57:03"},{"nodeID":"1342770","text":"the \"B word\" is Brexit","type":"I","timestamp":"2023-11-09 13:57:03"},{"nodeID":"1342771","text":"Armando Iannucci: Brexit","type":"L","timestamp":"2023-11-09 13:57:03"},{"nodeID":"1342772","text":"Analysing","type":"YA","timestamp":"2023-11-09 13:57:03"},{"nodeID":"1342773","text":"Chris: Armando Iannucci: Brexit","type":"L","timestamp":"2023-11-09 13:57:03"},{"nodeID":"1342774","text":"Asserting","type":"YA","timestamp":"2023-11-09 13:57:03"},{"nodeID":"1342775","text":"Default Transition","type":"TA","timestamp":"2023-11-09 13:57:03"},{"nodeID":"1342776","text":"Default Rephrase","type":"MA","timestamp":"2023-11-09 13:57:03"},{"nodeID":"1342777","text":"Restating","type":"YA","timestamp":"2023-11-09 13:57:03"},{"nodeID":"1342778","text":"Armando Iannucci: the other thing that is a problem is the vast number of vacancies within hospitals and within social care","type":"L","timestamp":"2023-11-09 13:57:04"},{"nodeID":"1342779","text":"Analysing","type":"YA","timestamp":"2023-11-09 13:57:04"},{"nodeID":"1342780","text":"Chris: Armando Iannucci: the other thing that is a problem is the vast number of vacancies within hospitals and within social care","type":"L","timestamp":"2023-11-09 13:57:04"},{"nodeID":"1342781","text":"Asserting","type":"YA","timestamp":"2023-11-09 13:57:04"},{"nodeID":"1342782","text":"Default Transition","type":"TA","timestamp":"2023-11-09 13:57:04"},{"nodeID":"1342783","text":"the UK needs actually to encourage more people to come here to take up those posts, fully qualified people","type":"I","timestamp":"2023-11-09 13:57:05"},{"nodeID":"1342784","text":"Armando Iannucci: We need actually to encourage more people to come here to take up those posts, fully qualified people","type":"L","timestamp":"2023-11-09 13:57:05"},{"nodeID":"1342785","text":"Analysing","type":"YA","timestamp":"2023-11-09 13:57:05"},{"nodeID":"1342786","text":"Chris: Armando Iannucci: We need actually to encourage more people to come here to take up those posts, fully qualified people","type":"L","timestamp":"2023-11-09 13:57:05"},{"nodeID":"1342787","text":"Asserting","type":"YA","timestamp":"2023-11-09 13:57:05"},{"nodeID":"1342788","text":"Default Transition","type":"TA","timestamp":"2023-11-09 13:57:05"},{"nodeID":"1342789","text":"Default Rephrase","type":"MA","timestamp":"2023-11-09 13:57:05"},{"nodeID":"1342790","text":"Restating","type":"YA","timestamp":"2023-11-09 13:57:05"},{"nodeID":"1342791","text":"this backlog isn\u2019t going to get cleared without people to adequately fill vacancies","type":"I","timestamp":"2023-11-09 13:57:05"},{"nodeID":"1342792","text":"Armando Iannucci: otherwise this backlog isn\u2019t going to get cleared","type":"L","timestamp":"2023-11-09 13:57:05"},{"nodeID":"1342793","text":"Analysing","type":"YA","timestamp":"2023-11-09 13:57:05"},{"nodeID":"1342794","text":"Chris: Armando Iannucci: otherwise this backlog isn\u2019t going to get cleared","type":"L","timestamp":"2023-11-09 13:57:05"},{"nodeID":"1342795","text":"Asserting","type":"YA","timestamp":"2023-11-09 13:57:05"},{"nodeID":"1342796","text":"Default Transition","type":"TA","timestamp":"2023-11-09 13:57:05"},{"nodeID":"1342797","text":"Default Inference","type":"RA","timestamp":"2023-11-09 13:57:05"},{"nodeID":"1342798","text":"Default Transition","type":"TA","timestamp":"2023-11-09 13:57:05"},{"nodeID":"1342799","text":"Arguing","type":"YA","timestamp":"2023-11-09 13:57:05"},{"nodeID":"1342800","text":"Default Transition","type":"TA","timestamp":"2023-11-09 13:57:05"},{"nodeID":"1342801","text":"Default Rephrase","type":"MA","timestamp":"2023-11-09 13:57:05"},{"nodeID":"1342802","text":"Restating","type":"YA","timestamp":"2023-11-09 13:57:05"}],"edges":[{"edgeID":"1759624","fromID":"1342680","toID":"1342679","formEdgeID":null},{"edgeID":"1759625","fromID":"1342681","toID":"1342680","formEdgeID":null},{"edgeID":"1759626","fromID":"1342683","toID":"1342682","formEdgeID":null},{"edgeID":"1759627","fromID":"1342681","toID":"1342683","formEdgeID":null},{"edgeID":"1759628","fromID":"1342679","toID":"1342684","formEdgeID":null},{"edgeID":"1759629","fromID":"1342684","toID":"1342682","formEdgeID":null},{"edgeID":"1759630","fromID":"1342686","toID":"1342685","formEdgeID":null},{"edgeID":"1759631","fromID":"1342687","toID":"1342686","formEdgeID":null},{"edgeID":"1759632","fromID":"1342685","toID":"1342688","formEdgeID":null},{"edgeID":"1759633","fromID":"1342688","toID":"1150718","formEdgeID":null},{"edgeID":"1759634","fromID":"1342679","toID":"1342689","formEdgeID":null},{"edgeID":"1759635","fromID":"1342689","toID":"1342685","formEdgeID":null},{"edgeID":"1759636","fromID":"1150718","toID":"1342690","formEdgeID":null},{"edgeID":"1759637","fromID":"1342690","toID":"1342682","formEdgeID":null},{"edgeID":"1759638","fromID":"1342689","toID":"1342691","formEdgeID":null},{"edgeID":"1759639","fromID":"1342691","toID":"1342690","formEdgeID":null},{"edgeID":"1759640","fromID":"1342693","toID":"1342692","formEdgeID":null},{"edgeID":"1759641","fromID":"1342694","toID":"1342693","formEdgeID":null},{"edgeID":"1759642","fromID":"1342696","toID":"1342695","formEdgeID":null},{"edgeID":"1759643","fromID":"1342694","toID":"1342696","formEdgeID":null},{"edgeID":"1759644","fromID":"1342692","toID":"1342697","formEdgeID":null},{"edgeID":"1759645","fromID":"1342697","toID":"1342695","formEdgeID":null},{"edgeID":"1759646","fromID":"1342695","toID":"1342698","formEdgeID":null},{"edgeID":"1759647","fromID":"1342698","toID":"1150718","formEdgeID":null},{"edgeID":"1759648","fromID":"1342685","toID":"1342699","formEdgeID":null},{"edgeID":"1759649","fromID":"1342699","toID":"1342692","formEdgeID":null},{"edgeID":"1759650","fromID":"1342699","toID":"1342700","formEdgeID":null},{"edgeID":"1759651","fromID":"1342700","toID":"1342698","formEdgeID":null},{"edgeID":"1759652","fromID":"1342703","toID":"1342702","formEdgeID":null},{"edgeID":"1759653","fromID":"1342704","toID":"1342703","formEdgeID":null},{"edgeID":"1759654","fromID":"1342702","toID":"1342705","formEdgeID":null},{"edgeID":"1759655","fromID":"1342705","toID":"1342701","formEdgeID":null},{"edgeID":"1759656","fromID":"1342692","toID":"1342706","formEdgeID":null},{"edgeID":"1759657","fromID":"1342706","toID":"1342702","formEdgeID":null},{"edgeID":"1759658","fromID":"1342709","toID":"1342708","formEdgeID":null},{"edgeID":"1759659","fromID":"1342710","toID":"1342709","formEdgeID":null},{"edgeID":"1759660","fromID":"1342708","toID":"1342711","formEdgeID":null},{"edgeID":"1759661","fromID":"1342711","toID":"1342707","formEdgeID":null},{"edgeID":"1759662","fromID":"1342695","toID":"1342712","formEdgeID":null},{"edgeID":"1759663","fromID":"1342712","toID":"1342701","formEdgeID":null},{"edgeID":"1759664","fromID":"1150718","toID":"1342712","formEdgeID":null},{"edgeID":"1759665","fromID":"1342706","toID":"1342713","formEdgeID":null},{"edgeID":"1759666","fromID":"1342713","toID":"1342712","formEdgeID":null},{"edgeID":"1759667","fromID":"1342707","toID":"1342714","formEdgeID":null},{"edgeID":"1759668","fromID":"1342714","toID":"1342701","formEdgeID":null},{"edgeID":"1759669","fromID":"1342702","toID":"1342715","formEdgeID":null},{"edgeID":"1759670","fromID":"1342715","toID":"1342708","formEdgeID":null},{"edgeID":"1759671","fromID":"1342715","toID":"1342716","formEdgeID":null},{"edgeID":"1759672","fromID":"1342716","toID":"1342714","formEdgeID":null},{"edgeID":"1759673","fromID":"1342719","toID":"1342718","formEdgeID":null},{"edgeID":"1759674","fromID":"1342720","toID":"1342719","formEdgeID":null},{"edgeID":"1759675","fromID":"1342718","toID":"1342721","formEdgeID":null},{"edgeID":"1759676","fromID":"1342721","toID":"1342717","formEdgeID":null},{"edgeID":"1759677","fromID":"1342708","toID":"1342722","formEdgeID":null},{"edgeID":"1759678","fromID":"1342722","toID":"1342718","formEdgeID":null},{"edgeID":"1759679","fromID":"1342725","toID":"1342724","formEdgeID":null},{"edgeID":"1759680","fromID":"1342726","toID":"1342725","formEdgeID":null},{"edgeID":"1759681","fromID":"1342724","toID":"1342727","formEdgeID":null},{"edgeID":"1759682","fromID":"1342727","toID":"1342723","formEdgeID":null},{"edgeID":"1759683","fromID":"1342718","toID":"1342728","formEdgeID":null},{"edgeID":"1759684","fromID":"1342728","toID":"1342724","formEdgeID":null},{"edgeID":"1759685","fromID":"1342731","toID":"1342730","formEdgeID":null},{"edgeID":"1759686","fromID":"1342732","toID":"1342731","formEdgeID":null},{"edgeID":"1759687","fromID":"1342730","toID":"1342733","formEdgeID":null},{"edgeID":"1759688","fromID":"1342733","toID":"1342729","formEdgeID":null},{"edgeID":"1759689","fromID":"1342724","toID":"1342734","formEdgeID":null},{"edgeID":"1759690","fromID":"1342734","toID":"1342730","formEdgeID":null},{"edgeID":"1759691","fromID":"1342717","toID":"1342735","formEdgeID":null},{"edgeID":"1759692","fromID":"1342735","toID":"1342707","formEdgeID":null},{"edgeID":"1759693","fromID":"1342722","toID":"1342736","formEdgeID":null},{"edgeID":"1759694","fromID":"1342736","toID":"1342735","formEdgeID":null},{"edgeID":"1759695","fromID":"1342723","toID":"1342737","formEdgeID":null},{"edgeID":"1759696","fromID":"1342737","toID":"1342717","formEdgeID":null},{"edgeID":"1759697","fromID":"1342728","toID":"1342738","formEdgeID":null},{"edgeID":"1759698","fromID":"1342738","toID":"1342737","formEdgeID":null},{"edgeID":"1759699","fromID":"1342723","toID":"1342739","formEdgeID":null},{"edgeID":"1759700","fromID":"1342739","toID":"1342729","formEdgeID":null},{"edgeID":"1759701","fromID":"1342717","toID":"1342739","formEdgeID":null},{"edgeID":"1759702","fromID":"1342734","toID":"1342740","formEdgeID":null},{"edgeID":"1759703","fromID":"1342740","toID":"1342739","formEdgeID":null},{"edgeID":"1759704","fromID":"1342679","toID":"1342741","formEdgeID":null},{"edgeID":"1759705","fromID":"1342741","toID":"1342730","formEdgeID":null},{"edgeID":"1759706","fromID":"1342743","toID":"1342742","formEdgeID":null},{"edgeID":"1759707","fromID":"1342744","toID":"1342743","formEdgeID":null},{"edgeID":"1759708","fromID":"1342742","toID":"1342745","formEdgeID":null},{"edgeID":"1759709","fromID":"1342745","toID":"1150749","formEdgeID":null},{"edgeID":"1759710","fromID":"1342730","toID":"1342746","formEdgeID":null},{"edgeID":"1759711","fromID":"1342746","toID":"1342742","formEdgeID":null},{"edgeID":"1759712","fromID":"1150749","toID":"1342747","formEdgeID":null},{"edgeID":"1759713","fromID":"1342747","toID":"1342729","formEdgeID":null},{"edgeID":"1759714","fromID":"1342746","toID":"1342748","formEdgeID":null},{"edgeID":"1759715","fromID":"1342748","toID":"1342747","formEdgeID":null},{"edgeID":"1759716","fromID":"1342750","toID":"1342749","formEdgeID":null},{"edgeID":"1759717","fromID":"1342751","toID":"1342750","formEdgeID":null},{"edgeID":"1759718","fromID":"1342749","toID":"1342752","formEdgeID":null},{"edgeID":"1759719","fromID":"1342752","toID":"1150757","formEdgeID":null},{"edgeID":"1759720","fromID":"1342742","toID":"1342753","formEdgeID":null},{"edgeID":"1759721","fromID":"1342753","toID":"1342749","formEdgeID":null},{"edgeID":"1759722","fromID":"1150757","toID":"1342754","formEdgeID":null},{"edgeID":"1759723","fromID":"1342754","toID":"1150749","formEdgeID":null},{"edgeID":"1759724","fromID":"1342753","toID":"1342755","formEdgeID":null},{"edgeID":"1759725","fromID":"1342755","toID":"1342754","formEdgeID":null},{"edgeID":"1759726","fromID":"1342758","toID":"1342757","formEdgeID":null},{"edgeID":"1759727","fromID":"1342759","toID":"1342758","formEdgeID":null},{"edgeID":"1759728","fromID":"1342757","toID":"1342760","formEdgeID":null},{"edgeID":"1759729","fromID":"1342760","toID":"1342756","formEdgeID":null},{"edgeID":"1759730","fromID":"1342749","toID":"1342761","formEdgeID":null},{"edgeID":"1759731","fromID":"1342761","toID":"1342757","formEdgeID":null},{"edgeID":"1759732","fromID":"1342756","toID":"1342762","formEdgeID":null},{"edgeID":"1759733","fromID":"1342762","toID":"1150757","formEdgeID":null},{"edgeID":"1759734","fromID":"1342761","toID":"1342763","formEdgeID":null},{"edgeID":"1759735","fromID":"1342763","toID":"1342762","formEdgeID":null},{"edgeID":"1759736","fromID":"1342766","toID":"1342765","formEdgeID":null},{"edgeID":"1759737","fromID":"1342767","toID":"1342766","formEdgeID":null},{"edgeID":"1759738","fromID":"1342765","toID":"1342768","formEdgeID":null},{"edgeID":"1759739","fromID":"1342768","toID":"1342764","formEdgeID":null},{"edgeID":"1759740","fromID":"1342757","toID":"1342769","formEdgeID":null},{"edgeID":"1759741","fromID":"1342769","toID":"1342765","formEdgeID":null},{"edgeID":"1759742","fromID":"1342772","toID":"1342771","formEdgeID":null},{"edgeID":"1759743","fromID":"1342773","toID":"1342772","formEdgeID":null},{"edgeID":"1759744","fromID":"1342771","toID":"1342774","formEdgeID":null},{"edgeID":"1759745","fromID":"1342774","toID":"1342770","formEdgeID":null},{"edgeID":"1759746","fromID":"1342765","toID":"1342775","formEdgeID":null},{"edgeID":"1759747","fromID":"1342775","toID":"1342771","formEdgeID":null},{"edgeID":"1759748","fromID":"1342770","toID":"1342776","formEdgeID":null},{"edgeID":"1759749","fromID":"1342776","toID":"1342764","formEdgeID":null},{"edgeID":"1759750","fromID":"1342775","toID":"1342777","formEdgeID":null},{"edgeID":"1759751","fromID":"1342777","toID":"1342776","formEdgeID":null},{"edgeID":"1759752","fromID":"1342779","toID":"1342778","formEdgeID":null},{"edgeID":"1759753","fromID":"1342780","toID":"1342779","formEdgeID":null},{"edgeID":"1759754","fromID":"1342778","toID":"1342781","formEdgeID":null},{"edgeID":"1759755","fromID":"1342781","toID":"1150777","formEdgeID":null},{"edgeID":"1759756","fromID":"1342771","toID":"1342782","formEdgeID":null},{"edgeID":"1759757","fromID":"1342782","toID":"1342778","formEdgeID":null},{"edgeID":"1759758","fromID":"1342785","toID":"1342784","formEdgeID":null},{"edgeID":"1759759","fromID":"1342786","toID":"1342785","formEdgeID":null},{"edgeID":"1759760","fromID":"1342784","toID":"1342787","formEdgeID":null},{"edgeID":"1759761","fromID":"1342787","toID":"1342783","formEdgeID":null},{"edgeID":"1759762","fromID":"1342778","toID":"1342788","formEdgeID":null},{"edgeID":"1759763","fromID":"1342788","toID":"1342784","formEdgeID":null},{"edgeID":"1759764","fromID":"1342783","toID":"1342789","formEdgeID":null},{"edgeID":"1759765","fromID":"1342789","toID":"1150777","formEdgeID":null},{"edgeID":"1759766","fromID":"1342788","toID":"1342790","formEdgeID":null},{"edgeID":"1759767","fromID":"1342790","toID":"1342789","formEdgeID":null},{"edgeID":"1759768","fromID":"1342793","toID":"1342792","formEdgeID":null},{"edgeID":"1759769","fromID":"1342794","toID":"1342793","formEdgeID":null},{"edgeID":"1759770","fromID":"1342792","toID":"1342795","formEdgeID":null},{"edgeID":"1759771","fromID":"1342795","toID":"1342791","formEdgeID":null},{"edgeID":"1759772","fromID":"1342784","toID":"1342796","formEdgeID":null},{"edgeID":"1759773","fromID":"1342796","toID":"1342792","formEdgeID":null},{"edgeID":"1759774","fromID":"1342756","toID":"1342797","formEdgeID":null},{"edgeID":"1759775","fromID":"1342797","toID":"1342791","formEdgeID":null},{"edgeID":"1759776","fromID":"1150777","toID":"1342797","formEdgeID":null},{"edgeID":"1759777","fromID":"1342778","toID":"1342798","formEdgeID":null},{"edgeID":"1759778","fromID":"1342798","toID":"1342792","formEdgeID":null},{"edgeID":"1759779","fromID":"1342798","toID":"1342799","formEdgeID":null},{"edgeID":"1759780","fromID":"1342799","toID":"1342797","formEdgeID":null},{"edgeID":"1759781","fromID":"1342800","toID":"1342792","formEdgeID":null},{"edgeID":"1759782","fromID":"1342757","toID":"1342800","formEdgeID":null},{"edgeID":"1759783","fromID":"1342791","toID":"1342801","formEdgeID":null},{"edgeID":"1759784","fromID":"1342801","toID":"1342783","formEdgeID":null},{"edgeID":"1759785","fromID":"1342796","toID":"1342802","formEdgeID":null},{"edgeID":"1759786","fromID":"1342802","toID":"1342801","formEdgeID":null}],"locutions":[]}