{"nodes":[{"nodeID":"1341601","text":"AudienceMember 20221027QT16 is a doctor","type":"I","timestamp":"2023-11-09 13:55:26"},{"nodeID":"1341602","text":"Fiona Bruce: you are a doctor","type":"L","timestamp":"2023-11-09 13:55:26"},{"nodeID":"1341603","text":"Analysing","type":"YA","timestamp":"2023-11-09 13:55:26"},{"nodeID":"1341604","text":"Anon: Fiona Bruce: you are a doctor","type":"L","timestamp":"2023-11-09 13:55:26"},{"nodeID":"1341605","text":"Asserting","type":"YA","timestamp":"2023-11-09 13:55:26"},{"nodeID":"1341606","text":"AudienceMember 20221027QT16's experience of the social care crisis is xxx","type":"I","timestamp":"2023-11-09 13:55:27"},{"nodeID":"1341607","text":"Fiona Bruce: what\u2019s your experience of this","type":"L","timestamp":"2023-11-09 13:55:27"},{"nodeID":"1341608","text":"Analysing","type":"YA","timestamp":"2023-11-09 13:55:27"},{"nodeID":"1341609","text":"Anon: Fiona Bruce: what\u2019s your experience of this","type":"L","timestamp":"2023-11-09 13:55:27"},{"nodeID":"1341610","text":"Pure Questioning","type":"YA","timestamp":"2023-11-09 13:55:27"},{"nodeID":"1341611","text":"Default Transition","type":"TA","timestamp":"2023-11-09 13:55:27"},{"nodeID":"1341612","text":"Default Rephrase","type":"MA","timestamp":"2023-11-09 13:55:27"},{"nodeID":"1341613","text":"Restating","type":"YA","timestamp":"2023-11-09 13:55:27"},{"nodeID":"1341614","text":"the social care crisis affects AudienceMember 20221027QT16","type":"I","timestamp":"2023-11-09 13:55:27"},{"nodeID":"1341615","text":"AudienceMember 20221027QT16: it affects me","type":"L","timestamp":"2023-11-09 13:55:27"},{"nodeID":"1341616","text":"Analysing","type":"YA","timestamp":"2023-11-09 13:55:27"},{"nodeID":"1341617","text":"Anon: AudienceMember 20221027QT16: it affects me","type":"L","timestamp":"2023-11-09 13:55:27"},{"nodeID":"1341618","text":"Asserting","type":"YA","timestamp":"2023-11-09 13:55:27"},{"nodeID":"1341619","text":"Default Transition","type":"TA","timestamp":"2023-11-09 13:55:27"},{"nodeID":"1341620","text":"Default Rephrase","type":"MA","timestamp":"2023-11-09 13:55:27"},{"nodeID":"1341621","text":"Default Illocuting","type":"YA","timestamp":"2023-11-09 13:55:27"},{"nodeID":"1341622","text":"AudienceMember 20221027QT16 works in urgent care and they also work on 111 calls","type":"I","timestamp":"2023-11-09 13:55:28"},{"nodeID":"1341623","text":"AudienceMember 20221027QT16: I work in urgent care and I also work on 111 calls","type":"L","timestamp":"2023-11-09 13:55:28"},{"nodeID":"1341624","text":"Anon: AudienceMember 20221027QT16: I work in urgent care and I also work on 111 calls","type":"L","timestamp":"2023-11-09 13:55:28"},{"nodeID":"1341625","text":"Analysing","type":"YA","timestamp":"2023-11-09 13:55:28"},{"nodeID":"1341626","text":"Asserting","type":"YA","timestamp":"2023-11-09 13:55:28"},{"nodeID":"1341627","text":"Default Rephrase","type":"MA","timestamp":"2023-11-09 13:55:28"},{"nodeID":"1341628","text":"Default Transition","type":"TA","timestamp":"2023-11-09 13:55:28"},{"nodeID":"1341629","text":"Restating","type":"YA","timestamp":"2023-11-09 13:55:28"},{"nodeID":"1341630","text":"there\u2019s a knock-on effect that a lot of people probably don\u2019t realise","type":"I","timestamp":"2023-11-09 13:55:29"},{"nodeID":"1341631","text":"AudienceMember 20221027QT16: There\u2019s a knock-on effect I think that a lot of people probably don\u2019t realise","type":"L","timestamp":"2023-11-09 13:55:29"},{"nodeID":"1341632","text":"Analysing","type":"YA","timestamp":"2023-11-09 13:55:29"},{"nodeID":"1341633","text":"Anon: AudienceMember 20221027QT16: There\u2019s a knock-on effect I think that a lot of people probably don\u2019t realise","type":"L","timestamp":"2023-11-09 13:55:29"},{"nodeID":"1341634","text":"Asserting","type":"YA","timestamp":"2023-11-09 13:55:29"},{"nodeID":"1341635","text":"Default Rephrase","type":"MA","timestamp":"2023-11-09 13:55:29"},{"nodeID":"1341636","text":"Default Transition","type":"TA","timestamp":"2023-11-09 13:55:29"},{"nodeID":"1341637","text":"Restating","type":"YA","timestamp":"2023-11-09 13:55:29"},{"nodeID":"1341638","text":"when AudienceMember 20221027QT16 speaks to a patient, if the patient needs to go to the hospital, they then have to decide whether they're going to call an ambulance or not","type":"I","timestamp":"2023-11-09 13:55:29"},{"nodeID":"1341639","text":"AudienceMember 20221027QT16: when I speak to a patient, if the patient needs to go to the hospital, I then have to decide whether I\u2019m going to call an ambulance or not","type":"L","timestamp":"2023-11-09 13:55:29"},{"nodeID":"1341640","text":"Analysing","type":"YA","timestamp":"2023-11-09 13:55:29"},{"nodeID":"1341641","text":"Anon: AudienceMember 20221027QT16: when I speak to a patient, if the patient needs to go to the hospital, I then have to decide whether I\u2019m going to call an ambulance or not","type":"L","timestamp":"2023-11-09 13:55:29"},{"nodeID":"1341642","text":"Asserting","type":"YA","timestamp":"2023-11-09 13:55:29"},{"nodeID":"1341643","text":"Default Transition","type":"TA","timestamp":"2023-11-09 13:55:29"},{"nodeID":"1341644","text":"Default Inference","type":"RA","timestamp":"2023-11-09 13:55:29"},{"nodeID":"1341645","text":"Arguing","type":"YA","timestamp":"2023-11-09 13:55:29"},{"nodeID":"1341646","text":"it can take up to four hours for an ambulance to arrive for a patient","type":"I","timestamp":"2023-11-09 13:55:30"},{"nodeID":"1341647","text":"AudienceMember 20221027QT16: it can take up to four hours for an ambulance to arrive for a patient","type":"L","timestamp":"2023-11-09 13:55:30"},{"nodeID":"1341648","text":"Anon: AudienceMember 20221027QT16: it can take up to four hours for an ambulance to arrive for a patient","type":"L","timestamp":"2023-11-09 13:55:30"},{"nodeID":"1341649","text":"Analysing","type":"YA","timestamp":"2023-11-09 13:55:30"},{"nodeID":"1341650","text":"Asserting","type":"YA","timestamp":"2023-11-09 13:55:30"},{"nodeID":"1341651","text":"Default Transition","type":"TA","timestamp":"2023-11-09 13:55:30"},{"nodeID":"1341652","text":"Default Inference","type":"RA","timestamp":"2023-11-09 13:55:30"},{"nodeID":"1341653","text":"Arguing","type":"YA","timestamp":"2023-11-09 13:55:30"},{"nodeID":"1341654","text":"it does or does not take up to four hours for an ambulance to arrive for a patient that\u2019s seriously ill","type":"I","timestamp":"2023-11-09 13:55:30"},{"nodeID":"1341655","text":"Fiona Bruce: What even a patient that\u2019s seriously ill","type":"L","timestamp":"2023-11-09 13:55:30"},{"nodeID":"1341656","text":"Analysing","type":"YA","timestamp":"2023-11-09 13:55:30"},{"nodeID":"1341657","text":"Anon: Fiona Bruce: What even a patient that\u2019s seriously ill","type":"L","timestamp":"2023-11-09 13:55:30"},{"nodeID":"1341658","text":"Pure Questioning","type":"YA","timestamp":"2023-11-09 13:55:30"},{"nodeID":"1341659","text":"Default Transition","type":"TA","timestamp":"2023-11-09 13:55:30"},{"nodeID":"1341660","text":"Default Rephrase","type":"MA","timestamp":"2023-11-09 13:55:30"},{"nodeID":"1341661","text":"Restating","type":"YA","timestamp":"2023-11-09 13:55:30"},{"nodeID":"1341662","text":"it does take up to four hours for an ambulance to arrive for a patient that\u2019s seriously ill","type":"I","timestamp":"2023-11-09 13:55:31"},{"nodeID":"1341663","text":"AudienceMember 20221027QT17: Even a patient that\u2019s seriously ill","type":"L","timestamp":"2023-11-09 13:55:31"},{"nodeID":"1341664","text":"Analysing","type":"YA","timestamp":"2023-11-09 13:55:31"},{"nodeID":"1341665","text":"Anon: AudienceMember 20221027QT17: Even a patient that\u2019s seriously ill","type":"L","timestamp":"2023-11-09 13:55:31"},{"nodeID":"1341666","text":"Asserting","type":"YA","timestamp":"2023-11-09 13:55:31"},{"nodeID":"1341667","text":"Default Transition","type":"TA","timestamp":"2023-11-09 13:55:31"},{"nodeID":"1341668","text":"Default Rephrase","type":"MA","timestamp":"2023-11-09 13:55:31"},{"nodeID":"1341669","text":"Default Illocuting","type":"YA","timestamp":"2023-11-09 13:55:31"},{"nodeID":"1341670","text":"recently, we had a patient in urgent care who may have been having a heart attack","type":"I","timestamp":"2023-11-09 13:55:32"},{"nodeID":"1341671","text":"AudienceMember 20221027QT17: Recently, we had a patient in urgent care who may have been having a heart attack","type":"L","timestamp":"2023-11-09 13:55:32"},{"nodeID":"1341672","text":"Analysing","type":"YA","timestamp":"2023-11-09 13:55:32"},{"nodeID":"1341673","text":"Anon: AudienceMember 20221027QT17: Recently, we had a patient in urgent care who may have been having a heart attack","type":"L","timestamp":"2023-11-09 13:55:32"},{"nodeID":"1341674","text":"Asserting","type":"YA","timestamp":"2023-11-09 13:55:32"},{"nodeID":"1341675","text":"we waited four hours for an ambulance","type":"I","timestamp":"2023-11-09 13:55:32"},{"nodeID":"1341676","text":"AudienceMember 20221027QT17: we waited four hours for an ambulance","type":"L","timestamp":"2023-11-09 13:55:32"},{"nodeID":"1341677","text":"Analysing","type":"YA","timestamp":"2023-11-09 13:55:32"},{"nodeID":"1341678","text":"Anon: AudienceMember 20221027QT17: we waited four hours for an ambulance","type":"L","timestamp":"2023-11-09 13:55:32"},{"nodeID":"1341679","text":"Asserting","type":"YA","timestamp":"2023-11-09 13:55:32"},{"nodeID":"1341680","text":"Default Inference","type":"RA","timestamp":"2023-11-09 13:55:32"},{"nodeID":"1341681","text":"Default Transition","type":"TA","timestamp":"2023-11-09 13:55:32"},{"nodeID":"1341682","text":"Arguing","type":"YA","timestamp":"2023-11-09 13:55:32"},{"nodeID":"1341683","text":"it took four hours for an ambulance","type":"I","timestamp":"2023-11-09 13:55:33"},{"nodeID":"1341684","text":"Fiona Bruce: Four hours","type":"L","timestamp":"2023-11-09 13:55:33"},{"nodeID":"1341685","text":"Analysing","type":"YA","timestamp":"2023-11-09 13:55:33"},{"nodeID":"1341686","text":"Anon: Fiona Bruce: Four hours","type":"L","timestamp":"2023-11-09 13:55:33"},{"nodeID":"1341687","text":"Rhetorical Questioning","type":"YA","timestamp":"2023-11-09 13:55:33"},{"nodeID":"1341688","text":"Default Transition","type":"TA","timestamp":"2023-11-09 13:55:33"},{"nodeID":"1341689","text":"Default Rephrase","type":"MA","timestamp":"2023-11-09 13:55:33"},{"nodeID":"1341690","text":"Restating","type":"YA","timestamp":"2023-11-09 13:55:33"},{"nodeID":"1341691","text":"four hours, we had to wait four hours","type":"I","timestamp":"2023-11-09 13:55:33"},{"nodeID":"1341692","text":"AudienceMember 20221027QT18: Four hours, we had to wait four hours","type":"L","timestamp":"2023-11-09 13:55:33"},{"nodeID":"1341693","text":"Analysing","type":"YA","timestamp":"2023-11-09 13:55:33"},{"nodeID":"1341694","text":"Anon: AudienceMember 20221027QT18: Four hours, we had to wait four hours","type":"L","timestamp":"2023-11-09 13:55:33"},{"nodeID":"1341695","text":"Asserting","type":"YA","timestamp":"2023-11-09 13:55:33"},{"nodeID":"1341696","text":"Default Transition","type":"TA","timestamp":"2023-11-09 13:55:33"},{"nodeID":"1341697","text":"Default Rephrase","type":"MA","timestamp":"2023-11-09 13:55:33"},{"nodeID":"1341698","text":"Restating","type":"YA","timestamp":"2023-11-09 13:55:33"},{"nodeID":"1341699","text":"we have to ensure that the patient is stable","type":"I","timestamp":"2023-11-09 13:55:34"},{"nodeID":"1341700","text":"AudienceMember 20221027QT18: we have to ensure that the patient is stable","type":"L","timestamp":"2023-11-09 13:55:34"},{"nodeID":"1341701","text":"Analysing","type":"YA","timestamp":"2023-11-09 13:55:34"},{"nodeID":"1341702","text":"Anon: AudienceMember 20221027QT18: we have to ensure that the patient is stable","type":"L","timestamp":"2023-11-09 13:55:34"},{"nodeID":"1341703","text":"Asserting","type":"YA","timestamp":"2023-11-09 13:55:34"},{"nodeID":"1341704","text":"we don\u2019t have all the facilities that an A&E Department would have","type":"I","timestamp":"2023-11-09 13:55:35"},{"nodeID":"1341705","text":"AudienceMember 20221027QT18: we don\u2019t have all the facilities that an A&E Department would have","type":"L","timestamp":"2023-11-09 13:55:35"},{"nodeID":"1341706","text":"Analysing","type":"YA","timestamp":"2023-11-09 13:55:35"},{"nodeID":"1341707","text":"Anon: AudienceMember 20221027QT18: we don\u2019t have all the facilities that an A&E Department would have","type":"L","timestamp":"2023-11-09 13:55:35"},{"nodeID":"1341708","text":"Asserting","type":"YA","timestamp":"2023-11-09 13:55:35"},{"nodeID":"1341709","text":"Default Transition","type":"TA","timestamp":"2023-11-09 13:55:35"},{"nodeID":"1341710","text":"Default Conflict","type":"CA","timestamp":"2023-11-09 13:55:35"},{"nodeID":"1341711","text":"Disagreeing","type":"YA","timestamp":"2023-11-09 13:55:35"},{"nodeID":"1341712","text":"we had to wait four hours","type":"I","timestamp":"2023-11-09 13:55:35"},{"nodeID":"1341713","text":"AudienceMember 20221027QT18: we had to wait four hours","type":"L","timestamp":"2023-11-09 13:55:35"},{"nodeID":"1341714","text":"Analysing","type":"YA","timestamp":"2023-11-09 13:55:35"},{"nodeID":"1341715","text":"Anon: AudienceMember 20221027QT18: we had to wait four hours","type":"L","timestamp":"2023-11-09 13:55:35"},{"nodeID":"1341716","text":"Asserting","type":"YA","timestamp":"2023-11-09 13:55:35"},{"nodeID":"1341717","text":"Default Transition","type":"TA","timestamp":"2023-11-09 13:55:35"},{"nodeID":"1341718","text":"Default Inference","type":"RA","timestamp":"2023-11-09 13:55:35"},{"nodeID":"1341719","text":"Arguing","type":"YA","timestamp":"2023-11-09 13:55:35"},{"nodeID":"1341720","text":"It\u2019s just the knock-on effect","type":"I","timestamp":"2023-11-09 13:55:36"},{"nodeID":"1341721","text":"AudienceMember 20221027QT18: It\u2019s just the knock-on effect","type":"L","timestamp":"2023-11-09 13:55:36"},{"nodeID":"1341722","text":"Analysing","type":"YA","timestamp":"2023-11-09 13:55:36"},{"nodeID":"1341723","text":"Anon: AudienceMember 20221027QT18: It\u2019s just the knock-on effect","type":"L","timestamp":"2023-11-09 13:55:36"},{"nodeID":"1341724","text":"Asserting","type":"YA","timestamp":"2023-11-09 13:55:36"},{"nodeID":"1341725","text":"Default Rephrase","type":"MA","timestamp":"2023-11-09 13:55:36"},{"nodeID":"1341726","text":"Default Transition","type":"TA","timestamp":"2023-11-09 13:55:36"},{"nodeID":"1341727","text":"Restating","type":"YA","timestamp":"2023-11-09 13:55:36"},{"nodeID":"1341728","text":"Default Inference","type":"RA","timestamp":"2023-11-09 13:55:36"},{"nodeID":"1341729","text":"Default Transition","type":"TA","timestamp":"2023-11-09 13:55:36"},{"nodeID":"1341730","text":"Arguing","type":"YA","timestamp":"2023-11-09 13:55:36"},{"nodeID":"1341731","text":"the ambulances aren\u2019t able to offload their patients in A&E","type":"I","timestamp":"2023-11-09 13:55:37"},{"nodeID":"1341732","text":"AudienceMember 20221027QT18: the ambulances aren\u2019t able to offload their patients in A&E","type":"L","timestamp":"2023-11-09 13:55:37"},{"nodeID":"1341733","text":"Analysing","type":"YA","timestamp":"2023-11-09 13:55:37"},{"nodeID":"1341734","text":"Anon: AudienceMember 20221027QT18: the ambulances aren\u2019t able to offload their patients in A&E","type":"L","timestamp":"2023-11-09 13:55:37"},{"nodeID":"1341735","text":"Asserting","type":"YA","timestamp":"2023-11-09 13:55:37"},{"nodeID":"1341736","text":"Default Transition","type":"TA","timestamp":"2023-11-09 13:55:37"},{"nodeID":"1341737","text":"Default Inference","type":"RA","timestamp":"2023-11-09 13:55:37"},{"nodeID":"1341738","text":"Arguing","type":"YA","timestamp":"2023-11-09 13:55:37"},{"nodeID":"1341739","text":"A&E obviously have a full\u2026they don\u2019t have any capacity","type":"I","timestamp":"2023-11-09 13:55:37"},{"nodeID":"1341740","text":"AudienceMember 20221027QT18: A&E obviously have a full\u2026they don\u2019t have any capacity","type":"L","timestamp":"2023-11-09 13:55:37"},{"nodeID":"1341741","text":"Analysing","type":"YA","timestamp":"2023-11-09 13:55:37"},{"nodeID":"1341742","text":"Anon: AudienceMember 20221027QT18: A&E obviously have a full\u2026they don\u2019t have any capacity","type":"L","timestamp":"2023-11-09 13:55:37"},{"nodeID":"1341743","text":"Asserting","type":"YA","timestamp":"2023-11-09 13:55:37"},{"nodeID":"1341744","text":"Default Inference","type":"RA","timestamp":"2023-11-09 13:55:37"},{"nodeID":"1341745","text":"A&E Are not able to get the patients onto the wards","type":"I","timestamp":"2023-11-09 13:55:38"},{"nodeID":"1341746","text":"AudienceMember 20221027QT18: they\u2019re not able to get the patients onto the wards","type":"L","timestamp":"2023-11-09 13:55:38"},{"nodeID":"1341747","text":"Analysing","type":"YA","timestamp":"2023-11-09 13:55:38"},{"nodeID":"1341748","text":"Anon: AudienceMember 20221027QT18: they\u2019re not able to get the patients onto the wards","type":"L","timestamp":"2023-11-09 13:55:38"},{"nodeID":"1341749","text":"Asserting","type":"YA","timestamp":"2023-11-09 13:55:38"},{"nodeID":"1341750","text":"Default Transition","type":"TA","timestamp":"2023-11-09 13:55:38"},{"nodeID":"1341751","text":"Arguing","type":"YA","timestamp":"2023-11-09 13:55:38"},{"nodeID":"1341752","text":"the social care crisis also affects elective surgeries","type":"I","timestamp":"2023-11-09 13:55:38"},{"nodeID":"1341753","text":"AudienceMember 20221027QT18: This also affects elective surgeries","type":"L","timestamp":"2023-11-09 13:55:38"},{"nodeID":"1341754","text":"Analysing","type":"YA","timestamp":"2023-11-09 13:55:38"},{"nodeID":"1341755","text":"Anon: AudienceMember 20221027QT18: This also affects elective surgeries","type":"L","timestamp":"2023-11-09 13:55:38"},{"nodeID":"1341756","text":"Asserting","type":"YA","timestamp":"2023-11-09 13:55:38"},{"nodeID":"1341757","text":"Default Inference","type":"RA","timestamp":"2023-11-09 13:55:38"},{"nodeID":"1341758","text":"Default Transition","type":"TA","timestamp":"2023-11-09 13:55:38"},{"nodeID":"1341759","text":"Arguing","type":"YA","timestamp":"2023-11-09 13:55:38"},{"nodeID":"1341760","text":"people aren\u2019t being discharged then to social care","type":"I","timestamp":"2023-11-09 13:55:39"},{"nodeID":"1341761","text":"Fiona Bruce: people aren\u2019t being discharged then to social care","type":"L","timestamp":"2023-11-09 13:55:39"},{"nodeID":"1341762","text":"Analysing","type":"YA","timestamp":"2023-11-09 13:55:39"},{"nodeID":"1341763","text":"Anon: Fiona Bruce: people aren\u2019t being discharged then to social care","type":"L","timestamp":"2023-11-09 13:55:39"},{"nodeID":"1341764","text":"Asserting","type":"YA","timestamp":"2023-11-09 13:55:39"},{"nodeID":"1341765","text":"Default Transition","type":"TA","timestamp":"2023-11-09 13:55:39"},{"nodeID":"1341766","text":"Default Inference","type":"RA","timestamp":"2023-11-09 13:55:39"},{"nodeID":"1341767","text":"Arguing","type":"YA","timestamp":"2023-11-09 13:55:39"},{"nodeID":"1341768","text":"Default Transition","type":"TA","timestamp":"2023-11-09 13:55:39"},{"nodeID":"1341769","text":"Default Rephrase","type":"MA","timestamp":"2023-11-09 13:55:39"},{"nodeID":"1341770","text":"Default Transition","type":"TA","timestamp":"2023-11-09 13:55:39"},{"nodeID":"1341771","text":"Restating","type":"YA","timestamp":"2023-11-09 13:55:39"},{"nodeID":"1341772","text":"Default Transition","type":"TA","timestamp":"2023-11-09 13:55:39"}],"edges":[{"edgeID":"1758308","fromID":"1341603","toID":"1341602","formEdgeID":null},{"edgeID":"1758309","fromID":"1341604","toID":"1341603","formEdgeID":null},{"edgeID":"1758310","fromID":"1341602","toID":"1341605","formEdgeID":null},{"edgeID":"1758311","fromID":"1341605","toID":"1341601","formEdgeID":null},{"edgeID":"1758312","fromID":"1341608","toID":"1341607","formEdgeID":null},{"edgeID":"1758313","fromID":"1341609","toID":"1341608","formEdgeID":null},{"edgeID":"1758314","fromID":"1341607","toID":"1341610","formEdgeID":null},{"edgeID":"1758315","fromID":"1341610","toID":"1341606","formEdgeID":null},{"edgeID":"1758316","fromID":"1341602","toID":"1341611","formEdgeID":null},{"edgeID":"1758317","fromID":"1341611","toID":"1341607","formEdgeID":null},{"edgeID":"1758318","fromID":"1341612","toID":"1341601","formEdgeID":null},{"edgeID":"1758319","fromID":"1341606","toID":"1341612","formEdgeID":null},{"edgeID":"1758320","fromID":"1341613","toID":"1341612","formEdgeID":null},{"edgeID":"1758321","fromID":"1341611","toID":"1341613","formEdgeID":null},{"edgeID":"1758322","fromID":"1341616","toID":"1341615","formEdgeID":null},{"edgeID":"1758323","fromID":"1341617","toID":"1341616","formEdgeID":null},{"edgeID":"1758324","fromID":"1341615","toID":"1341618","formEdgeID":null},{"edgeID":"1758325","fromID":"1341618","toID":"1341614","formEdgeID":null},{"edgeID":"1758326","fromID":"1341607","toID":"1341619","formEdgeID":null},{"edgeID":"1758327","fromID":"1341619","toID":"1341615","formEdgeID":null},{"edgeID":"1758328","fromID":"1341614","toID":"1341620","formEdgeID":null},{"edgeID":"1758329","fromID":"1341620","toID":"1341606","formEdgeID":null},{"edgeID":"1758330","fromID":"1341619","toID":"1341621","formEdgeID":null},{"edgeID":"1758331","fromID":"1341621","toID":"1341620","formEdgeID":null},{"edgeID":"1758332","fromID":"1341625","toID":"1341623","formEdgeID":null},{"edgeID":"1758333","fromID":"1341624","toID":"1341625","formEdgeID":null},{"edgeID":"1758334","fromID":"1341623","toID":"1341626","formEdgeID":null},{"edgeID":"1758335","fromID":"1341626","toID":"1341622","formEdgeID":null},{"edgeID":"1758336","fromID":"1341622","toID":"1341627","formEdgeID":null},{"edgeID":"1758337","fromID":"1341627","toID":"1341601","formEdgeID":null},{"edgeID":"1758338","fromID":"1341602","toID":"1341628","formEdgeID":null},{"edgeID":"1758339","fromID":"1341628","toID":"1341623","formEdgeID":null},{"edgeID":"1758340","fromID":"1341628","toID":"1341629","formEdgeID":null},{"edgeID":"1758341","fromID":"1341629","toID":"1341627","formEdgeID":null},{"edgeID":"1758342","fromID":"1341632","toID":"1341631","formEdgeID":null},{"edgeID":"1758343","fromID":"1341633","toID":"1341632","formEdgeID":null},{"edgeID":"1758344","fromID":"1341631","toID":"1341634","formEdgeID":null},{"edgeID":"1758345","fromID":"1341634","toID":"1341630","formEdgeID":null},{"edgeID":"1758346","fromID":"1341630","toID":"1341635","formEdgeID":null},{"edgeID":"1758347","fromID":"1341635","toID":"1341614","formEdgeID":null},{"edgeID":"1758348","fromID":"1341615","toID":"1341636","formEdgeID":null},{"edgeID":"1758349","fromID":"1341636","toID":"1341631","formEdgeID":null},{"edgeID":"1758350","fromID":"1341636","toID":"1341637","formEdgeID":null},{"edgeID":"1758351","fromID":"1341637","toID":"1341635","formEdgeID":null},{"edgeID":"1758352","fromID":"1341640","toID":"1341639","formEdgeID":null},{"edgeID":"1758353","fromID":"1341641","toID":"1341640","formEdgeID":null},{"edgeID":"1758354","fromID":"1341639","toID":"1341642","formEdgeID":null},{"edgeID":"1758355","fromID":"1341642","toID":"1341638","formEdgeID":null},{"edgeID":"1758356","fromID":"1341631","toID":"1341643","formEdgeID":null},{"edgeID":"1758357","fromID":"1341643","toID":"1341639","formEdgeID":null},{"edgeID":"1758358","fromID":"1341638","toID":"1341644","formEdgeID":null},{"edgeID":"1758359","fromID":"1341644","toID":"1341630","formEdgeID":null},{"edgeID":"1758360","fromID":"1341643","toID":"1341645","formEdgeID":null},{"edgeID":"1758361","fromID":"1341645","toID":"1341644","formEdgeID":null},{"edgeID":"1758362","fromID":"1341649","toID":"1341647","formEdgeID":null},{"edgeID":"1758363","fromID":"1341648","toID":"1341649","formEdgeID":null},{"edgeID":"1758364","fromID":"1341647","toID":"1341650","formEdgeID":null},{"edgeID":"1758365","fromID":"1341650","toID":"1341646","formEdgeID":null},{"edgeID":"1758366","fromID":"1341639","toID":"1341651","formEdgeID":null},{"edgeID":"1758367","fromID":"1341651","toID":"1341647","formEdgeID":null},{"edgeID":"1758368","fromID":"1341646","toID":"1341652","formEdgeID":null},{"edgeID":"1758369","fromID":"1341652","toID":"1341638","formEdgeID":null},{"edgeID":"1758370","fromID":"1341651","toID":"1341653","formEdgeID":null},{"edgeID":"1758371","fromID":"1341653","toID":"1341652","formEdgeID":null},{"edgeID":"1758372","fromID":"1341656","toID":"1341655","formEdgeID":null},{"edgeID":"1758373","fromID":"1341657","toID":"1341656","formEdgeID":null},{"edgeID":"1758374","fromID":"1341655","toID":"1341658","formEdgeID":null},{"edgeID":"1758375","fromID":"1341658","toID":"1341654","formEdgeID":null},{"edgeID":"1758376","fromID":"1341647","toID":"1341659","formEdgeID":null},{"edgeID":"1758377","fromID":"1341659","toID":"1341655","formEdgeID":null},{"edgeID":"1758378","fromID":"1341654","toID":"1341660","formEdgeID":null},{"edgeID":"1758379","fromID":"1341660","toID":"1341646","formEdgeID":null},{"edgeID":"1758380","fromID":"1341659","toID":"1341661","formEdgeID":null},{"edgeID":"1758381","fromID":"1341661","toID":"1341660","formEdgeID":null},{"edgeID":"1758382","fromID":"1341664","toID":"1341663","formEdgeID":null},{"edgeID":"1758383","fromID":"1341665","toID":"1341664","formEdgeID":null},{"edgeID":"1758384","fromID":"1341663","toID":"1341666","formEdgeID":null},{"edgeID":"1758385","fromID":"1341666","toID":"1341662","formEdgeID":null},{"edgeID":"1758386","fromID":"1341655","toID":"1341667","formEdgeID":null},{"edgeID":"1758387","fromID":"1341667","toID":"1341663","formEdgeID":null},{"edgeID":"1758388","fromID":"1341662","toID":"1341668","formEdgeID":null},{"edgeID":"1758389","fromID":"1341668","toID":"1341654","formEdgeID":null},{"edgeID":"1758390","fromID":"1341667","toID":"1341669","formEdgeID":null},{"edgeID":"1758391","fromID":"1341669","toID":"1341668","formEdgeID":null},{"edgeID":"1758392","fromID":"1341672","toID":"1341671","formEdgeID":null},{"edgeID":"1758393","fromID":"1341673","toID":"1341672","formEdgeID":null},{"edgeID":"1758394","fromID":"1341671","toID":"1341674","formEdgeID":null},{"edgeID":"1758395","fromID":"1341674","toID":"1341670","formEdgeID":null},{"edgeID":"1758396","fromID":"1341678","toID":"1341677","formEdgeID":null},{"edgeID":"1758397","fromID":"1341677","toID":"1341676","formEdgeID":null},{"edgeID":"1758398","fromID":"1341676","toID":"1341679","formEdgeID":null},{"edgeID":"1758399","fromID":"1341679","toID":"1341675","formEdgeID":null},{"edgeID":"1758400","fromID":"1341675","toID":"1341680","formEdgeID":null},{"edgeID":"1758401","fromID":"1341680","toID":"1341662","formEdgeID":null},{"edgeID":"1758402","fromID":"1341663","toID":"1341681","formEdgeID":null},{"edgeID":"1758403","fromID":"1341681","toID":"1341676","formEdgeID":null},{"edgeID":"1758404","fromID":"1341681","toID":"1341682","formEdgeID":null},{"edgeID":"1758405","fromID":"1341682","toID":"1341680","formEdgeID":null},{"edgeID":"1758406","fromID":"1341685","toID":"1341684","formEdgeID":null},{"edgeID":"1758407","fromID":"1341686","toID":"1341685","formEdgeID":null},{"edgeID":"1758408","fromID":"1341684","toID":"1341687","formEdgeID":null},{"edgeID":"1758409","fromID":"1341687","toID":"1341683","formEdgeID":null},{"edgeID":"1758410","fromID":"1341676","toID":"1341688","formEdgeID":null},{"edgeID":"1758411","fromID":"1341688","toID":"1341684","formEdgeID":null},{"edgeID":"1758412","fromID":"1341683","toID":"1341689","formEdgeID":null},{"edgeID":"1758413","fromID":"1341689","toID":"1341675","formEdgeID":null},{"edgeID":"1758414","fromID":"1341688","toID":"1341690","formEdgeID":null},{"edgeID":"1758415","fromID":"1341690","toID":"1341689","formEdgeID":null},{"edgeID":"1758416","fromID":"1341693","toID":"1341692","formEdgeID":null},{"edgeID":"1758417","fromID":"1341694","toID":"1341693","formEdgeID":null},{"edgeID":"1758418","fromID":"1341692","toID":"1341695","formEdgeID":null},{"edgeID":"1758419","fromID":"1341695","toID":"1341691","formEdgeID":null},{"edgeID":"1758420","fromID":"1341684","toID":"1341696","formEdgeID":null},{"edgeID":"1758421","fromID":"1341696","toID":"1341692","formEdgeID":null},{"edgeID":"1758422","fromID":"1341691","toID":"1341697","formEdgeID":null},{"edgeID":"1758423","fromID":"1341697","toID":"1341683","formEdgeID":null},{"edgeID":"1758424","fromID":"1341696","toID":"1341698","formEdgeID":null},{"edgeID":"1758425","fromID":"1341698","toID":"1341697","formEdgeID":null},{"edgeID":"1758426","fromID":"1341701","toID":"1341700","formEdgeID":null},{"edgeID":"1758427","fromID":"1341702","toID":"1341701","formEdgeID":null},{"edgeID":"1758428","fromID":"1341700","toID":"1341703","formEdgeID":null},{"edgeID":"1758429","fromID":"1341703","toID":"1341699","formEdgeID":null},{"edgeID":"1758430","fromID":"1341706","toID":"1341705","formEdgeID":null},{"edgeID":"1758431","fromID":"1341707","toID":"1341706","formEdgeID":null},{"edgeID":"1758432","fromID":"1341705","toID":"1341708","formEdgeID":null},{"edgeID":"1758433","fromID":"1341708","toID":"1341704","formEdgeID":null},{"edgeID":"1758434","fromID":"1341700","toID":"1341709","formEdgeID":null},{"edgeID":"1758435","fromID":"1341709","toID":"1341705","formEdgeID":null},{"edgeID":"1758436","fromID":"1341704","toID":"1341710","formEdgeID":null},{"edgeID":"1758437","fromID":"1341710","toID":"1341699","formEdgeID":null},{"edgeID":"1758438","fromID":"1341709","toID":"1341711","formEdgeID":null},{"edgeID":"1758439","fromID":"1341711","toID":"1341710","formEdgeID":null},{"edgeID":"1758440","fromID":"1341714","toID":"1341713","formEdgeID":null},{"edgeID":"1758441","fromID":"1341715","toID":"1341714","formEdgeID":null},{"edgeID":"1758442","fromID":"1341713","toID":"1341716","formEdgeID":null},{"edgeID":"1758443","fromID":"1341716","toID":"1341712","formEdgeID":null},{"edgeID":"1758444","fromID":"1341705","toID":"1341717","formEdgeID":null},{"edgeID":"1758445","fromID":"1341717","toID":"1341713","formEdgeID":null},{"edgeID":"1758446","fromID":"1341704","toID":"1341718","formEdgeID":null},{"edgeID":"1758447","fromID":"1341718","toID":"1341712","formEdgeID":null},{"edgeID":"1758448","fromID":"1341717","toID":"1341719","formEdgeID":null},{"edgeID":"1758449","fromID":"1341719","toID":"1341718","formEdgeID":null},{"edgeID":"1758450","fromID":"1341722","toID":"1341721","formEdgeID":null},{"edgeID":"1758451","fromID":"1341723","toID":"1341722","formEdgeID":null},{"edgeID":"1758452","fromID":"1341721","toID":"1341724","formEdgeID":null},{"edgeID":"1758453","fromID":"1341724","toID":"1341720","formEdgeID":null},{"edgeID":"1758454","fromID":"1341720","toID":"1341725","formEdgeID":null},{"edgeID":"1758455","fromID":"1341725","toID":"1341630","formEdgeID":null},{"edgeID":"1758456","fromID":"1341631","toID":"1341726","formEdgeID":null},{"edgeID":"1758457","fromID":"1341726","toID":"1341721","formEdgeID":null},{"edgeID":"1758458","fromID":"1341726","toID":"1341727","formEdgeID":null},{"edgeID":"1758459","fromID":"1341727","toID":"1341725","formEdgeID":null},{"edgeID":"1758460","fromID":"1341712","toID":"1341728","formEdgeID":null},{"edgeID":"1758461","fromID":"1341728","toID":"1341720","formEdgeID":null},{"edgeID":"1758462","fromID":"1341713","toID":"1341729","formEdgeID":null},{"edgeID":"1758463","fromID":"1341729","toID":"1341721","formEdgeID":null},{"edgeID":"1758464","fromID":"1341729","toID":"1341730","formEdgeID":null},{"edgeID":"1758465","fromID":"1341730","toID":"1341728","formEdgeID":null},{"edgeID":"1758466","fromID":"1341733","toID":"1341732","formEdgeID":null},{"edgeID":"1758467","fromID":"1341734","toID":"1341733","formEdgeID":null},{"edgeID":"1758468","fromID":"1341732","toID":"1341735","formEdgeID":null},{"edgeID":"1758469","fromID":"1341735","toID":"1341731","formEdgeID":null},{"edgeID":"1758470","fromID":"1341721","toID":"1341736","formEdgeID":null},{"edgeID":"1758471","fromID":"1341736","toID":"1341732","formEdgeID":null},{"edgeID":"1758472","fromID":"1341731","toID":"1341737","formEdgeID":null},{"edgeID":"1758473","fromID":"1341737","toID":"1341720","formEdgeID":null},{"edgeID":"1758474","fromID":"1341736","toID":"1341738","formEdgeID":null},{"edgeID":"1758475","fromID":"1341738","toID":"1341737","formEdgeID":null},{"edgeID":"1758476","fromID":"1341741","toID":"1341740","formEdgeID":null},{"edgeID":"1758477","fromID":"1341742","toID":"1341741","formEdgeID":null},{"edgeID":"1758478","fromID":"1341740","toID":"1341743","formEdgeID":null},{"edgeID":"1758479","fromID":"1341743","toID":"1341739","formEdgeID":null},{"edgeID":"1758480","fromID":"1341739","toID":"1341744","formEdgeID":null},{"edgeID":"1758481","fromID":"1341744","toID":"1341731","formEdgeID":null},{"edgeID":"1758482","fromID":"1341747","toID":"1341746","formEdgeID":null},{"edgeID":"1758483","fromID":"1341748","toID":"1341747","formEdgeID":null},{"edgeID":"1758484","fromID":"1341746","toID":"1341749","formEdgeID":null},{"edgeID":"1758485","fromID":"1341749","toID":"1341745","formEdgeID":null},{"edgeID":"1758486","fromID":"1341745","toID":"1341744","formEdgeID":null},{"edgeID":"1758487","fromID":"1341732","toID":"1341750","formEdgeID":null},{"edgeID":"1758488","fromID":"1341750","toID":"1341746","formEdgeID":null},{"edgeID":"1758489","fromID":"1341750","toID":"1341751","formEdgeID":null},{"edgeID":"1758490","fromID":"1341751","toID":"1341744","formEdgeID":null},{"edgeID":"1758491","fromID":"1341754","toID":"1341753","formEdgeID":null},{"edgeID":"1758492","fromID":"1341755","toID":"1341754","formEdgeID":null},{"edgeID":"1758493","fromID":"1341753","toID":"1341756","formEdgeID":null},{"edgeID":"1758494","fromID":"1341756","toID":"1341752","formEdgeID":null},{"edgeID":"1758495","fromID":"1341720","toID":"1341757","formEdgeID":null},{"edgeID":"1758496","fromID":"1341757","toID":"1341752","formEdgeID":null},{"edgeID":"1758497","fromID":"1341721","toID":"1341758","formEdgeID":null},{"edgeID":"1758498","fromID":"1341758","toID":"1341753","formEdgeID":null},{"edgeID":"1758499","fromID":"1341758","toID":"1341759","formEdgeID":null},{"edgeID":"1758500","fromID":"1341759","toID":"1341757","formEdgeID":null},{"edgeID":"1758501","fromID":"1341762","toID":"1341761","formEdgeID":null},{"edgeID":"1758502","fromID":"1341763","toID":"1341762","formEdgeID":null},{"edgeID":"1758503","fromID":"1341761","toID":"1341764","formEdgeID":null},{"edgeID":"1758504","fromID":"1341764","toID":"1341760","formEdgeID":null},{"edgeID":"1758505","fromID":"1341753","toID":"1341765","formEdgeID":null},{"edgeID":"1758506","fromID":"1341765","toID":"1341761","formEdgeID":null},{"edgeID":"1758507","fromID":"1341760","toID":"1341766","formEdgeID":null},{"edgeID":"1758508","fromID":"1341766","toID":"1341752","formEdgeID":null},{"edgeID":"1758509","fromID":"1341765","toID":"1341767","formEdgeID":null},{"edgeID":"1758510","fromID":"1341767","toID":"1341766","formEdgeID":null},{"edgeID":"1758511","fromID":"1341670","toID":"1341680","formEdgeID":null},{"edgeID":"1758512","fromID":"1341663","toID":"1341768","formEdgeID":null},{"edgeID":"1758513","fromID":"1341768","toID":"1341671","formEdgeID":null},{"edgeID":"1758514","fromID":"1341712","toID":"1341769","formEdgeID":null},{"edgeID":"1758515","fromID":"1341769","toID":"1341691","formEdgeID":null},{"edgeID":"1758516","fromID":"1341692","toID":"1341770","formEdgeID":null},{"edgeID":"1758517","fromID":"1341770","toID":"1341713","formEdgeID":null},{"edgeID":"1758518","fromID":"1341770","toID":"1341771","formEdgeID":null},{"edgeID":"1758519","fromID":"1341771","toID":"1341769","formEdgeID":null},{"edgeID":"1758520","fromID":"1341732","toID":"1341772","formEdgeID":null},{"edgeID":"1758521","fromID":"1341772","toID":"1341740","formEdgeID":null}],"locutions":[]}