{"nodes":[{"nodeID":"1352388","text":"it\u2019s just sort of endless, every single day, over and over and over again","type":"I","timestamp":"2023-11-09 14:11:53"},{"nodeID":"1352389","text":"David Lammy: It\u2019s just sort of endless, every single day, over and over and over again","type":"L","timestamp":"2023-11-09 14:11:53"},{"nodeID":"1352390","text":"Analysing","type":"YA","timestamp":"2023-11-09 14:11:53"},{"nodeID":"1352391","text":"Anon: David Lammy: It\u2019s just sort of endless, every single day, over and over and over again","type":"L","timestamp":"2023-11-09 14:11:53"},{"nodeID":"1352392","text":"Asserting","type":"YA","timestamp":"2023-11-09 14:11:53"},{"nodeID":"1352393","text":"David Lammy would love to get back to a stage where we normalise the tone","type":"I","timestamp":"2023-11-09 14:11:53"},{"nodeID":"1352394","text":"David Lammy: I\u2019d love to get back to a stage where we normalise the tone","type":"L","timestamp":"2023-11-09 14:11:53"},{"nodeID":"1352395","text":"Analysing","type":"YA","timestamp":"2023-11-09 14:11:53"},{"nodeID":"1352396","text":"Anon: David Lammy: I\u2019d love to get back to a stage where we normalise the tone","type":"L","timestamp":"2023-11-09 14:11:53"},{"nodeID":"1352397","text":"Asserting","type":"YA","timestamp":"2023-11-09 14:11:53"},{"nodeID":"1352398","text":"Default Transition","type":"TA","timestamp":"2023-11-09 14:11:53"},{"nodeID":"1352399","text":"David Lammy would love to get back to a stage where we could agree on some things and make them happen","type":"I","timestamp":"2023-11-09 14:11:54"},{"nodeID":"1352400","text":"David Lammy: Where we could agree on some things and make them happen","type":"L","timestamp":"2023-11-09 14:11:54"},{"nodeID":"1352401","text":"Analysing","type":"YA","timestamp":"2023-11-09 14:11:54"},{"nodeID":"1352402","text":"Anon: David Lammy: Where we could agree on some things and make them happen","type":"L","timestamp":"2023-11-09 14:11:54"},{"nodeID":"1352403","text":"Asserting","type":"YA","timestamp":"2023-11-09 14:11:54"},{"nodeID":"1352404","text":"Default Transition","type":"TA","timestamp":"2023-11-09 14:11:54"},{"nodeID":"1352405","text":"Default Rephrase","type":"MA","timestamp":"2023-11-09 14:11:54"},{"nodeID":"1352406","text":"Restating","type":"YA","timestamp":"2023-11-09 14:11:54"},{"nodeID":"1352407","text":"David Lammy would love to get to a stage where it wasn\u2019t just silly soundbites","type":"I","timestamp":"2023-11-09 14:11:55"},{"nodeID":"1352408","text":"David Lammy: And it wasn\u2019t just silly soundbites","type":"L","timestamp":"2023-11-09 14:11:55"},{"nodeID":"1352409","text":"Analysing","type":"YA","timestamp":"2023-11-09 14:11:55"},{"nodeID":"1352410","text":"Anon: David Lammy: And it wasn\u2019t just silly soundbites","type":"L","timestamp":"2023-11-09 14:11:55"},{"nodeID":"1352411","text":"Asserting","type":"YA","timestamp":"2023-11-09 14:11:55"},{"nodeID":"1352412","text":"Default Transition","type":"TA","timestamp":"2023-11-09 14:11:55"},{"nodeID":"1352413","text":"Default Rephrase","type":"MA","timestamp":"2023-11-09 14:11:55"},{"nodeID":"1352414","text":"Restating","type":"YA","timestamp":"2023-11-09 14:11:55"},{"nodeID":"1352415","text":"Julia Hartley-Brewer would love to get back to a stage when we don\u2019t call politicians scum","type":"I","timestamp":"2023-11-09 14:11:55"},{"nodeID":"1352416","text":"Julia Hartley-Brewer: When we don\u2019t call politicians scum","type":"L","timestamp":"2023-11-09 14:11:55"},{"nodeID":"1352417","text":"Analysing","type":"YA","timestamp":"2023-11-09 14:11:55"},{"nodeID":"1352418","text":"Anon: Julia Hartley-Brewer: When we don\u2019t call politicians scum","type":"L","timestamp":"2023-11-09 14:11:55"},{"nodeID":"1352419","text":"Asserting","type":"YA","timestamp":"2023-11-09 14:11:55"},{"nodeID":"1352420","text":"Default Transition","type":"TA","timestamp":"2023-11-09 14:11:55"},{"nodeID":"1352421","text":"Default Rephrase","type":"MA","timestamp":"2023-11-09 14:11:55"},{"nodeID":"1352422","text":"Restating","type":"YA","timestamp":"2023-11-09 14:11:55"},{"nodeID":"1352423","text":"David Lammy would love to get back to a stage where there was actual action","type":"I","timestamp":"2023-11-09 14:11:56"},{"nodeID":"1352424","text":"David Lammy: there was actual action","type":"L","timestamp":"2023-11-09 14:11:56"},{"nodeID":"1352425","text":"Analysing","type":"YA","timestamp":"2023-11-09 14:11:56"},{"nodeID":"1352426","text":"Anon: David Lammy: there was actual action","type":"L","timestamp":"2023-11-09 14:11:56"},{"nodeID":"1352427","text":"Asserting","type":"YA","timestamp":"2023-11-09 14:11:56"},{"nodeID":"1352428","text":"Default Transition","type":"TA","timestamp":"2023-11-09 14:11:56"},{"nodeID":"1352429","text":"Default Rephrase","type":"MA","timestamp":"2023-11-09 14:11:56"},{"nodeID":"1352430","text":"Restating","type":"YA","timestamp":"2023-11-09 14:11:56"},{"nodeID":"1352431","text":"David Lammy would love to get back to a stage where there was action to deliver to the people","type":"I","timestamp":"2023-11-09 14:11:57"},{"nodeID":"1352432","text":"David Lammy: Action to deliver to the people","type":"L","timestamp":"2023-11-09 14:11:57"},{"nodeID":"1352433","text":"Analysing","type":"YA","timestamp":"2023-11-09 14:11:57"},{"nodeID":"1352434","text":"Anon: David Lammy: Action to deliver to the people","type":"L","timestamp":"2023-11-09 14:11:57"},{"nodeID":"1352435","text":"Asserting","type":"YA","timestamp":"2023-11-09 14:11:57"},{"nodeID":"1352436","text":"Default Transition","type":"TA","timestamp":"2023-11-09 14:11:57"},{"nodeID":"1352437","text":"Default Rephrase","type":"MA","timestamp":"2023-11-09 14:11:57"},{"nodeID":"1352438","text":"Restating","type":"YA","timestamp":"2023-11-09 14:11:57"},{"nodeID":"1352439","text":"David Lammy's Deputy Party Leader called Tories scum","type":"I","timestamp":"2023-11-09 14:11:57"},{"nodeID":"1352440","text":"Julia Hartley-Brewer: Your Deputy Party Leader called Tories scum","type":"L","timestamp":"2023-11-09 14:11:57"},{"nodeID":"1352441","text":"Analysing","type":"YA","timestamp":"2023-11-09 14:11:57"},{"nodeID":"1352442","text":"Anon: Julia Hartley-Brewer: Your Deputy Party Leader called Tories scum","type":"L","timestamp":"2023-11-09 14:11:57"},{"nodeID":"1352443","text":"Asserting","type":"YA","timestamp":"2023-11-09 14:11:57"},{"nodeID":"1352444","text":"Default Rephrase","type":"MA","timestamp":"2023-11-09 14:11:57"},{"nodeID":"1352445","text":"Default Transition","type":"TA","timestamp":"2023-11-09 14:11:57"},{"nodeID":"1352446","text":"Restating","type":"YA","timestamp":"2023-11-09 14:11:57"},{"nodeID":"1352447","text":"Default Conflict","type":"CA","timestamp":"2023-11-09 14:11:57"},{"nodeID":"1352448","text":"Default Transition","type":"TA","timestamp":"2023-11-09 14:11:57"},{"nodeID":"1352449","text":"Disagreeing","type":"YA","timestamp":"2023-11-09 14:11:57"}],"edges":[{"edgeID":"1771189","fromID":"1352390","toID":"1352389","formEdgeID":null},{"edgeID":"1771190","fromID":"1352391","toID":"1352390","formEdgeID":null},{"edgeID":"1771191","fromID":"1352389","toID":"1352392","formEdgeID":null},{"edgeID":"1771192","fromID":"1352392","toID":"1352388","formEdgeID":null},{"edgeID":"1771193","fromID":"1352395","toID":"1352394","formEdgeID":null},{"edgeID":"1771194","fromID":"1352396","toID":"1352395","formEdgeID":null},{"edgeID":"1771195","fromID":"1352394","toID":"1352397","formEdgeID":null},{"edgeID":"1771196","fromID":"1352397","toID":"1352393","formEdgeID":null},{"edgeID":"1771197","fromID":"1352389","toID":"1352398","formEdgeID":null},{"edgeID":"1771198","fromID":"1352398","toID":"1352394","formEdgeID":null},{"edgeID":"1771199","fromID":"1352401","toID":"1352400","formEdgeID":null},{"edgeID":"1771200","fromID":"1352402","toID":"1352401","formEdgeID":null},{"edgeID":"1771201","fromID":"1352400","toID":"1352403","formEdgeID":null},{"edgeID":"1771202","fromID":"1352403","toID":"1352399","formEdgeID":null},{"edgeID":"1771203","fromID":"1352394","toID":"1352404","formEdgeID":null},{"edgeID":"1771204","fromID":"1352404","toID":"1352400","formEdgeID":null},{"edgeID":"1771205","fromID":"1352399","toID":"1352405","formEdgeID":null},{"edgeID":"1771206","fromID":"1352405","toID":"1352393","formEdgeID":null},{"edgeID":"1771207","fromID":"1352404","toID":"1352406","formEdgeID":null},{"edgeID":"1771208","fromID":"1352406","toID":"1352405","formEdgeID":null},{"edgeID":"1771209","fromID":"1352409","toID":"1352408","formEdgeID":null},{"edgeID":"1771210","fromID":"1352410","toID":"1352409","formEdgeID":null},{"edgeID":"1771211","fromID":"1352408","toID":"1352411","formEdgeID":null},{"edgeID":"1771212","fromID":"1352411","toID":"1352407","formEdgeID":null},{"edgeID":"1771213","fromID":"1352400","toID":"1352412","formEdgeID":null},{"edgeID":"1771214","fromID":"1352412","toID":"1352408","formEdgeID":null},{"edgeID":"1771215","fromID":"1352407","toID":"1352413","formEdgeID":null},{"edgeID":"1771216","fromID":"1352413","toID":"1352399","formEdgeID":null},{"edgeID":"1771217","fromID":"1352412","toID":"1352414","formEdgeID":null},{"edgeID":"1771218","fromID":"1352414","toID":"1352413","formEdgeID":null},{"edgeID":"1771219","fromID":"1352417","toID":"1352416","formEdgeID":null},{"edgeID":"1771220","fromID":"1352418","toID":"1352417","formEdgeID":null},{"edgeID":"1771221","fromID":"1352416","toID":"1352419","formEdgeID":null},{"edgeID":"1771222","fromID":"1352419","toID":"1352415","formEdgeID":null},{"edgeID":"1771223","fromID":"1352408","toID":"1352420","formEdgeID":null},{"edgeID":"1771224","fromID":"1352420","toID":"1352416","formEdgeID":null},{"edgeID":"1771225","fromID":"1352415","toID":"1352421","formEdgeID":null},{"edgeID":"1771226","fromID":"1352421","toID":"1352407","formEdgeID":null},{"edgeID":"1771227","fromID":"1352420","toID":"1352422","formEdgeID":null},{"edgeID":"1771228","fromID":"1352422","toID":"1352421","formEdgeID":null},{"edgeID":"1771229","fromID":"1352425","toID":"1352424","formEdgeID":null},{"edgeID":"1771230","fromID":"1352426","toID":"1352425","formEdgeID":null},{"edgeID":"1771231","fromID":"1352424","toID":"1352427","formEdgeID":null},{"edgeID":"1771232","fromID":"1352427","toID":"1352423","formEdgeID":null},{"edgeID":"1771233","fromID":"1352416","toID":"1352428","formEdgeID":null},{"edgeID":"1771234","fromID":"1352428","toID":"1352424","formEdgeID":null},{"edgeID":"1771235","fromID":"1352423","toID":"1352429","formEdgeID":null},{"edgeID":"1771236","fromID":"1352429","toID":"1352415","formEdgeID":null},{"edgeID":"1771237","fromID":"1352428","toID":"1352430","formEdgeID":null},{"edgeID":"1771238","fromID":"1352430","toID":"1352429","formEdgeID":null},{"edgeID":"1771239","fromID":"1352433","toID":"1352432","formEdgeID":null},{"edgeID":"1771240","fromID":"1352434","toID":"1352433","formEdgeID":null},{"edgeID":"1771241","fromID":"1352432","toID":"1352435","formEdgeID":null},{"edgeID":"1771242","fromID":"1352435","toID":"1352431","formEdgeID":null},{"edgeID":"1771243","fromID":"1352424","toID":"1352436","formEdgeID":null},{"edgeID":"1771244","fromID":"1352436","toID":"1352432","formEdgeID":null},{"edgeID":"1771245","fromID":"1352431","toID":"1352437","formEdgeID":null},{"edgeID":"1771246","fromID":"1352437","toID":"1352423","formEdgeID":null},{"edgeID":"1771247","fromID":"1352436","toID":"1352438","formEdgeID":null},{"edgeID":"1771248","fromID":"1352438","toID":"1352437","formEdgeID":null},{"edgeID":"1771249","fromID":"1352441","toID":"1352440","formEdgeID":null},{"edgeID":"1771250","fromID":"1352442","toID":"1352441","formEdgeID":null},{"edgeID":"1771251","fromID":"1352440","toID":"1352443","formEdgeID":null},{"edgeID":"1771252","fromID":"1352443","toID":"1352439","formEdgeID":null},{"edgeID":"1771253","fromID":"1352439","toID":"1352444","formEdgeID":null},{"edgeID":"1771254","fromID":"1352444","toID":"1352415","formEdgeID":null},{"edgeID":"1771255","fromID":"1352416","toID":"1352445","formEdgeID":null},{"edgeID":"1771256","fromID":"1352445","toID":"1352440","formEdgeID":null},{"edgeID":"1771257","fromID":"1352446","toID":"1352444","formEdgeID":null},{"edgeID":"1771258","fromID":"1352445","toID":"1352446","formEdgeID":null},{"edgeID":"1771259","fromID":"1352439","toID":"1352447","formEdgeID":null},{"edgeID":"1771260","fromID":"1352447","toID":"1352407","formEdgeID":null},{"edgeID":"1771261","fromID":"1352448","toID":"1352440","formEdgeID":null},{"edgeID":"1771262","fromID":"1352408","toID":"1352448","formEdgeID":null},{"edgeID":"1771263","fromID":"1352449","toID":"1352447","formEdgeID":null},{"edgeID":"1771264","fromID":"1352448","toID":"1352449","formEdgeID":null}],"locutions":[]}