{"nodes":[{"nodeID":"23880","text":"yes","type":"I","timestamp":"2013-08-06 16:53:15"},{"nodeID":"1352450","text":"Fiona Bruce: Yes","type":"L","timestamp":"2023-11-09 14:11:58"},{"nodeID":"1352451","text":"Analysing","type":"YA","timestamp":"2023-11-09 14:11:58"},{"nodeID":"1352452","text":"Dominika: Fiona Bruce: Yes","type":"L","timestamp":"2023-11-09 14:11:58"},{"nodeID":"1352453","text":"Asserting","type":"YA","timestamp":"2023-11-09 14:11:58"},{"nodeID":"1352454","text":"the Prime Minister is not going to the COP 27 because xxx","type":"I","timestamp":"2023-11-09 14:11:59"},{"nodeID":"1352455","text":"Fiona Bruce: why is he not going","type":"L","timestamp":"2023-11-09 14:11:59"},{"nodeID":"1352456","text":"Analysing","type":"YA","timestamp":"2023-11-09 14:11:59"},{"nodeID":"1352457","text":"Dominika: Fiona Bruce: why is he not going","type":"L","timestamp":"2023-11-09 14:11:59"},{"nodeID":"1352458","text":"Pure Questioning","type":"YA","timestamp":"2023-11-09 14:11:59"},{"nodeID":"1352459","text":"Default Transition","type":"TA","timestamp":"2023-11-09 14:11:59"},{"nodeID":"1352460","text":"let\u2019s just get to answering why the Prime Minister is not going to the COP 27","type":"I","timestamp":"2023-11-09 14:11:59"},{"nodeID":"1352461","text":"Fiona Bruce: Let\u2019s just get to that","type":"L","timestamp":"2023-11-09 14:11:59"},{"nodeID":"1352462","text":"Analysing","type":"YA","timestamp":"2023-11-09 14:11:59"},{"nodeID":"1352463","text":"Dominika: Fiona Bruce: Let\u2019s just get to that","type":"L","timestamp":"2023-11-09 14:11:59"},{"nodeID":"1352464","text":"Asserting","type":"YA","timestamp":"2023-11-09 14:11:59"},{"nodeID":"1352465","text":"Default Transition","type":"TA","timestamp":"2023-11-09 14:11:59"},{"nodeID":"1352466","text":"Default Rephrase","type":"MA","timestamp":"2023-11-09 14:11:59"},{"nodeID":"1352467","text":"Restating","type":"YA","timestamp":"2023-11-09 14:11:59"},{"nodeID":"1352468","text":"Lucy Frazer: Why isn\u2019t he going","type":"L","timestamp":"2023-11-09 14:11:59"},{"nodeID":"1352469","text":"Analysing","type":"YA","timestamp":"2023-11-09 14:11:59"},{"nodeID":"1352470","text":"Dominika: Lucy Frazer: Why isn\u2019t he going","type":"L","timestamp":"2023-11-09 14:11:59"},{"nodeID":"1352471","text":"Pure Questioning","type":"YA","timestamp":"2023-11-09 14:11:59"},{"nodeID":"1352472","text":"Default Transition","type":"TA","timestamp":"2023-11-09 14:11:59"},{"nodeID":"1352473","text":"the Prime Minister is not going not the COP 27 because at the moment we\u2019ve discussed and highlighted that we\u2019ve got a fiscal statement on 17 November","type":"I","timestamp":"2023-11-09 14:12:00"},{"nodeID":"1352474","text":"Lucy Frazer: He\u2019s not going because at the moment we\u2019ve discussed and highlighted that we\u2019ve got a fiscal statement on 17 November","type":"L","timestamp":"2023-11-09 14:12:00"},{"nodeID":"1352475","text":"Analysing","type":"YA","timestamp":"2023-11-09 14:12:00"},{"nodeID":"1352476","text":"Dominika: Lucy Frazer: He\u2019s not going because at the moment we\u2019ve discussed and highlighted that we\u2019ve got a fiscal statement on 17 November","type":"L","timestamp":"2023-11-09 14:12:00"},{"nodeID":"1352477","text":"Asserting","type":"YA","timestamp":"2023-11-09 14:12:00"},{"nodeID":"1352478","text":"Default Transition","type":"TA","timestamp":"2023-11-09 14:12:00"},{"nodeID":"1352479","text":"Default Rephrase","type":"MA","timestamp":"2023-11-09 14:12:00"},{"nodeID":"1352480","text":"Restating","type":"YA","timestamp":"2023-11-09 14:12:00"},{"nodeID":"1352481","text":"Default Rephrase","type":"MA","timestamp":"2023-11-09 14:12:00"},{"nodeID":"1352482","text":"Default Illocuting","type":"YA","timestamp":"2023-11-09 14:12:00"},{"nodeID":"1352483","text":"the Prime Minister needs to prepare for a fiscal statement","type":"I","timestamp":"2023-11-09 14:12:01"},{"nodeID":"1352484","text":"Lucy Frazer: he needs to prepare for that","type":"L","timestamp":"2023-11-09 14:12:01"},{"nodeID":"1352485","text":"Analysing","type":"YA","timestamp":"2023-11-09 14:12:01"},{"nodeID":"1352486","text":"Dominika: Lucy Frazer: he needs to prepare for that","type":"L","timestamp":"2023-11-09 14:12:01"},{"nodeID":"1352487","text":"Asserting","type":"YA","timestamp":"2023-11-09 14:12:01"},{"nodeID":"1352488","text":"Default Transition","type":"TA","timestamp":"2023-11-09 14:12:01"},{"nodeID":"1352489","text":"we need domestic stability","type":"I","timestamp":"2023-11-09 14:12:01"},{"nodeID":"1352490","text":"Lucy Frazer: we have domestic stability","type":"L","timestamp":"2023-11-09 14:12:01"},{"nodeID":"1352491","text":"Analysing","type":"YA","timestamp":"2023-11-09 14:12:01"},{"nodeID":"1352492","text":"Dominika: Lucy Frazer: we have domestic stability","type":"L","timestamp":"2023-11-09 14:12:01"},{"nodeID":"1352493","text":"Asserting","type":"YA","timestamp":"2023-11-09 14:12:01"},{"nodeID":"1352494","text":"Default Transition","type":"TA","timestamp":"2023-11-09 14:12:01"},{"nodeID":"1352495","text":"Default Inference","type":"RA","timestamp":"2023-11-09 14:12:01"},{"nodeID":"1352496","text":"Arguing","type":"YA","timestamp":"2023-11-09 14:12:01"},{"nodeID":"1352497","text":"Lucy Frazer can assure you that government ministers across the board at all levels of seniority will be attending COP","type":"I","timestamp":"2023-11-09 14:12:02"},{"nodeID":"1352498","text":"Lucy Frazer: I can assure you that government ministers across the board at all levels of seniority will be attending COP","type":"L","timestamp":"2023-11-09 14:12:02"},{"nodeID":"1352499","text":"Analysing","type":"YA","timestamp":"2023-11-09 14:12:02"},{"nodeID":"1352500","text":"Dominika: Lucy Frazer: I can assure you that government ministers across the board at all levels of seniority will be attending COP","type":"L","timestamp":"2023-11-09 14:12:02"},{"nodeID":"1352501","text":"Asserting","type":"YA","timestamp":"2023-11-09 14:12:02"},{"nodeID":"1352502","text":"Default Transition","type":"TA","timestamp":"2023-11-09 14:12:02"},{"nodeID":"1352503","text":"Default Rephrase","type":"MA","timestamp":"2023-11-09 14:12:02"},{"nodeID":"1352504","text":"Restating","type":"YA","timestamp":"2023-11-09 14:12:02"},{"nodeID":"1352505","text":"Lucy Frazer is a Transport Minister","type":"I","timestamp":"2023-11-09 14:12:03"},{"nodeID":"1352506","text":"Lucy Frazer: As a Transport Minister","type":"L","timestamp":"2023-11-09 14:12:03"},{"nodeID":"1352507","text":"Analysing","type":"YA","timestamp":"2023-11-09 14:12:03"},{"nodeID":"1352508","text":"Dominika: Lucy Frazer: As a Transport Minister","type":"L","timestamp":"2023-11-09 14:12:03"},{"nodeID":"1352509","text":"Asserting","type":"YA","timestamp":"2023-11-09 14:12:03"},{"nodeID":"1352510","text":"Default Transition","type":"TA","timestamp":"2023-11-09 14:12:03"},{"nodeID":"1352511","text":"Lucy Frazer is involved","type":"I","timestamp":"2023-11-09 14:12:03"},{"nodeID":"1352512","text":"Lucy Frazer: I am involved","type":"L","timestamp":"2023-11-09 14:12:03"},{"nodeID":"1352513","text":"Analysing","type":"YA","timestamp":"2023-11-09 14:12:03"},{"nodeID":"1352514","text":"Dominika: Lucy Frazer: I am involved","type":"L","timestamp":"2023-11-09 14:12:03"},{"nodeID":"1352515","text":"Asserting","type":"YA","timestamp":"2023-11-09 14:12:03"},{"nodeID":"1352516","text":"Default Transition","type":"TA","timestamp":"2023-11-09 14:12:03"},{"nodeID":"1352517","text":"Default Inference","type":"RA","timestamp":"2023-11-09 14:12:03"},{"nodeID":"1352518","text":"Arguing","type":"YA","timestamp":"2023-11-09 14:12:03"},{"nodeID":"1352519","text":"Lucy Frazer's portfolio, as of two days ago, was decarbonisation of transport and the future of transport","type":"I","timestamp":"2023-11-09 14:12:04"},{"nodeID":"1352520","text":"Lucy Frazer: my portfolio, as of two days ago, was decarbonisation of transport and the future of transport","type":"L","timestamp":"2023-11-09 14:12:04"},{"nodeID":"1352521","text":"Analysing","type":"YA","timestamp":"2023-11-09 14:12:04"},{"nodeID":"1352522","text":"Dominika: Lucy Frazer: my portfolio, as of two days ago, was decarbonisation of transport and the future of transport","type":"L","timestamp":"2023-11-09 14:12:04"},{"nodeID":"1352523","text":"Asserting","type":"YA","timestamp":"2023-11-09 14:12:04"},{"nodeID":"1352524","text":"Default Transition","type":"TA","timestamp":"2023-11-09 14:12:04"},{"nodeID":"1352525","text":"Lucy Frazer was going to attend COP","type":"I","timestamp":"2023-11-09 14:12:05"},{"nodeID":"1352526","text":"Lucy Frazer:  I was going to attend COP","type":"L","timestamp":"2023-11-09 14:12:05"},{"nodeID":"1352527","text":"Analysing","type":"YA","timestamp":"2023-11-09 14:12:05"},{"nodeID":"1352528","text":"Dominika: Lucy Frazer:  I was going to attend COP","type":"L","timestamp":"2023-11-09 14:12:05"},{"nodeID":"1352529","text":"Asserting","type":"YA","timestamp":"2023-11-09 14:12:05"},{"nodeID":"1352530","text":"Default Rephrase","type":"MA","timestamp":"2023-11-09 14:12:05"},{"nodeID":"1352531","text":"Default Transition","type":"TA","timestamp":"2023-11-09 14:12:05"},{"nodeID":"1352532","text":"Restating","type":"YA","timestamp":"2023-11-09 14:12:05"},{"nodeID":"1352533","text":"Lucy Frazer is sure there will be ministers at every level attending COP, as well as Alok Sharma, the COP President","type":"I","timestamp":"2023-11-09 14:12:05"},{"nodeID":"1352534","text":"Lucy Frazer: I am sure there will be ministers at every level attending COP, as well as Alok Sharma, our COP President","type":"L","timestamp":"2023-11-09 14:12:05"},{"nodeID":"1352535","text":"Analysing","type":"YA","timestamp":"2023-11-09 14:12:05"},{"nodeID":"1352536","text":"Dominika: Lucy Frazer: I am sure there will be ministers at every level attending COP, as well as Alok Sharma, our COP President","type":"L","timestamp":"2023-11-09 14:12:05"},{"nodeID":"1352537","text":"Asserting","type":"YA","timestamp":"2023-11-09 14:12:05"},{"nodeID":"1352538","text":"Default Transition","type":"TA","timestamp":"2023-11-09 14:12:05"},{"nodeID":"1352539","text":"Default Rephrase","type":"MA","timestamp":"2023-11-09 14:12:05"},{"nodeID":"1352540","text":"Restating","type":"YA","timestamp":"2023-11-09 14:12:05"},{"nodeID":"1352541","text":"Lucy Frazer doesn't think the fact that the Prime Minister himself isn\u2019t going in any way diminishes commitment of other ministers","type":"I","timestamp":"2023-11-09 14:12:06"},{"nodeID":"1352542","text":"Lucy Frazer: I don\u2019t think the fact that the Prime Minister himself isn\u2019t going in any way diminishes our commitment","type":"L","timestamp":"2023-11-09 14:12:06"},{"nodeID":"1352543","text":"Analysing","type":"YA","timestamp":"2023-11-09 14:12:06"},{"nodeID":"1352544","text":"Dominika: Lucy Frazer: I don\u2019t think the fact that the Prime Minister himself isn\u2019t going in any way diminishes our commitment","type":"L","timestamp":"2023-11-09 14:12:06"},{"nodeID":"1352545","text":"Asserting","type":"YA","timestamp":"2023-11-09 14:12:06"},{"nodeID":"1352546","text":"Default Transition","type":"TA","timestamp":"2023-11-09 14:12:06"},{"nodeID":"1352547","text":"Default Rephrase","type":"MA","timestamp":"2023-11-09 14:12:06"},{"nodeID":"1352548","text":"Restating","type":"YA","timestamp":"2023-11-09 14:12:06"},{"nodeID":"1352549","text":"it\u2019s about the message the Prime Minister not going to the COP 27 sends","type":"I","timestamp":"2023-11-09 14:12:07"},{"nodeID":"1352550","text":"Armando Iannucci: it\u2019s the message it sends","type":"L","timestamp":"2023-11-09 14:12:07"},{"nodeID":"1352551","text":"Analysing","type":"YA","timestamp":"2023-11-09 14:12:07"},{"nodeID":"1352552","text":"Dominika: Armando Iannucci: it\u2019s the message it sends","type":"L","timestamp":"2023-11-09 14:12:07"},{"nodeID":"1352553","text":"Asserting","type":"YA","timestamp":"2023-11-09 14:12:07"},{"nodeID":"1352554","text":"Default Transition","type":"TA","timestamp":"2023-11-09 14:12:07"},{"nodeID":"1352555","text":"we\u2019re the president","type":"I","timestamp":"2023-11-09 14:12:07"},{"nodeID":"1352556","text":"Armando Iannucci: we\u2019re the president","type":"L","timestamp":"2023-11-09 14:12:07"},{"nodeID":"1352557","text":"Analysing","type":"YA","timestamp":"2023-11-09 14:12:07"},{"nodeID":"1352558","text":"Dominika: Armando Iannucci: we\u2019re the president","type":"L","timestamp":"2023-11-09 14:12:07"},{"nodeID":"1352559","text":"Asserting","type":"YA","timestamp":"2023-11-09 14:12:07"},{"nodeID":"1352560","text":"people look to us to set an example","type":"I","timestamp":"2023-11-09 14:12:08"},{"nodeID":"1352561","text":"Armando Iannucci: people look to us to set an example","type":"L","timestamp":"2023-11-09 14:12:08"},{"nodeID":"1352562","text":"Analysing","type":"YA","timestamp":"2023-11-09 14:12:08"},{"nodeID":"1352563","text":"Dominika: Armando Iannucci: people look to us to set an example","type":"L","timestamp":"2023-11-09 14:12:08"},{"nodeID":"1352564","text":"Asserting","type":"YA","timestamp":"2023-11-09 14:12:08"},{"nodeID":"1352565","text":"Default Inference","type":"RA","timestamp":"2023-11-09 14:12:08"},{"nodeID":"1352566","text":"Default Transition","type":"TA","timestamp":"2023-11-09 14:12:08"},{"nodeID":"1352567","text":"Default Transition","type":"TA","timestamp":"2023-11-09 14:12:08"},{"nodeID":"1352568","text":"Arguing","type":"YA","timestamp":"2023-11-09 14:12:08"},{"nodeID":"1352569","text":"Rishi Sunak is not going to COP","type":"I","timestamp":"2023-11-09 14:12:09"},{"nodeID":"1352570","text":"Armando Iannucci: if he\u2019s saying, no, I\u2019m not going","type":"L","timestamp":"2023-11-09 14:12:09"},{"nodeID":"1352571","text":"Analysing","type":"YA","timestamp":"2023-11-09 14:12:09"},{"nodeID":"1352572","text":"Dominika: Armando Iannucci: if he\u2019s saying, no, I\u2019m not going","type":"L","timestamp":"2023-11-09 14:12:09"},{"nodeID":"1352573","text":"Rishi Sunak: I'm not going","type":"L","timestamp":"2023-11-09 14:12:09"},{"nodeID":"1352574","text":"Analysing","type":"YA","timestamp":"2023-11-09 14:12:09"},{"nodeID":"1352575","text":"Dominika: Rishi Sunak: Rishi Sunak is not going","type":"L","timestamp":"2023-11-09 14:12:09"},{"nodeID":"1352576","text":"Default Transition","type":"TA","timestamp":"2023-11-09 14:12:09"},{"nodeID":"1352577","text":"Asserting","type":"YA","timestamp":"2023-11-09 14:12:09"},{"nodeID":"1352578","text":"Asserting","type":"YA","timestamp":"2023-11-09 14:12:09"},{"nodeID":"1352579","text":"COP is not quite high enough in Rishi Sunak's in-tray","type":"I","timestamp":"2023-11-09 14:12:09"},{"nodeID":"1352580","text":"Armando Iannucci: it\u2019s not quite high enough in my in-tray","type":"L","timestamp":"2023-11-09 14:12:09"},{"nodeID":"1352581","text":"Analysing","type":"YA","timestamp":"2023-11-09 14:12:09"},{"nodeID":"1352582","text":"Dominika: Armando Iannucci: it\u2019s not quite high enough in my in-tray","type":"L","timestamp":"2023-11-09 14:12:09"},{"nodeID":"1352583","text":"Default Transition","type":"TA","timestamp":"2023-11-09 14:12:09"},{"nodeID":"1352584","text":"Rishi Sunak: it\u2019s not quite high enough in my in-tray","type":"L","timestamp":"2023-11-09 14:12:09"},{"nodeID":"1352585","text":"Analysing","type":"YA","timestamp":"2023-11-09 14:12:09"},{"nodeID":"1352586","text":"Dominika: Rishi Sunak: it\u2019s not quite high enough in my in-tray","type":"L","timestamp":"2023-11-09 14:12:09"},{"nodeID":"1352587","text":"Asserting","type":"YA","timestamp":"2023-11-09 14:12:09"},{"nodeID":"1352588","text":"Asserting","type":"YA","timestamp":"2023-11-09 14:12:09"},{"nodeID":"1352589","text":"Default Inference","type":"RA","timestamp":"2023-11-09 14:12:09"},{"nodeID":"1352590","text":"Arguing","type":"YA","timestamp":"2023-11-09 14:12:09"},{"nodeID":"1352591","text":"if Alok Sharma today was told he no longer needs to attend and is allowed to attend Cabinet, that\u2019s a diminishing of his role","type":"I","timestamp":"2023-11-09 14:12:10"},{"nodeID":"1352592","text":"Armando Iannucci: If Alok Sharma, I think, today was told he no longer needs to attend and is allowed to attend Cabinet, that\u2019s a diminishing of his role","type":"L","timestamp":"2023-11-09 14:12:10"},{"nodeID":"1352593","text":"Analysing","type":"YA","timestamp":"2023-11-09 14:12:10"},{"nodeID":"1352594","text":"Dominika: Armando Iannucci: If Alok Sharma, I think, today was told he no longer needs to attend and is allowed to attend Cabinet, that\u2019s a diminishing of his role","type":"L","timestamp":"2023-11-09 14:12:10"},{"nodeID":"1352595","text":"Asserting","type":"YA","timestamp":"2023-11-09 14:12:10"},{"nodeID":"1352596","text":"Default Transition","type":"TA","timestamp":"2023-11-09 14:12:10"},{"nodeID":"1352597","text":"Default Inference","type":"RA","timestamp":"2023-11-09 14:12:10"},{"nodeID":"1352598","text":"Arguing","type":"YA","timestamp":"2023-11-09 14:12:10"}],"edges":[{"edgeID":"1771265","fromID":"1352451","toID":"1352450","formEdgeID":null},{"edgeID":"1771266","fromID":"1352452","toID":"1352451","formEdgeID":null},{"edgeID":"1771267","fromID":"1352450","toID":"1352453","formEdgeID":null},{"edgeID":"1771268","fromID":"1352453","toID":"23880","formEdgeID":null},{"edgeID":"1771269","fromID":"1352456","toID":"1352455","formEdgeID":null},{"edgeID":"1771270","fromID":"1352457","toID":"1352456","formEdgeID":null},{"edgeID":"1771271","fromID":"1352455","toID":"1352458","formEdgeID":null},{"edgeID":"1771272","fromID":"1352458","toID":"1352454","formEdgeID":null},{"edgeID":"1771273","fromID":"1352450","toID":"1352459","formEdgeID":null},{"edgeID":"1771274","fromID":"1352459","toID":"1352455","formEdgeID":null},{"edgeID":"1771275","fromID":"1352462","toID":"1352461","formEdgeID":null},{"edgeID":"1771276","fromID":"1352463","toID":"1352462","formEdgeID":null},{"edgeID":"1771277","fromID":"1352461","toID":"1352464","formEdgeID":null},{"edgeID":"1771278","fromID":"1352464","toID":"1352460","formEdgeID":null},{"edgeID":"1771279","fromID":"1352455","toID":"1352465","formEdgeID":null},{"edgeID":"1771280","fromID":"1352465","toID":"1352461","formEdgeID":null},{"edgeID":"1771281","fromID":"1352460","toID":"1352466","formEdgeID":null},{"edgeID":"1771282","fromID":"1352466","toID":"1352454","formEdgeID":null},{"edgeID":"1771283","fromID":"1352465","toID":"1352467","formEdgeID":null},{"edgeID":"1771284","fromID":"1352467","toID":"1352466","formEdgeID":null},{"edgeID":"1771285","fromID":"1352469","toID":"1352468","formEdgeID":null},{"edgeID":"1771286","fromID":"1352470","toID":"1352469","formEdgeID":null},{"edgeID":"1771287","fromID":"1352468","toID":"1352471","formEdgeID":null},{"edgeID":"1771288","fromID":"1352471","toID":"1352454","formEdgeID":null},{"edgeID":"1771289","fromID":"1352461","toID":"1352472","formEdgeID":null},{"edgeID":"1771290","fromID":"1352472","toID":"1352468","formEdgeID":null},{"edgeID":"1771291","fromID":"1352475","toID":"1352474","formEdgeID":null},{"edgeID":"1771292","fromID":"1352476","toID":"1352475","formEdgeID":null},{"edgeID":"1771293","fromID":"1352474","toID":"1352477","formEdgeID":null},{"edgeID":"1771294","fromID":"1352477","toID":"1352473","formEdgeID":null},{"edgeID":"1771295","fromID":"1352468","toID":"1352478","formEdgeID":null},{"edgeID":"1771296","fromID":"1352478","toID":"1352474","formEdgeID":null},{"edgeID":"1771297","fromID":"1352454","toID":"1352479","formEdgeID":null},{"edgeID":"1771298","fromID":"1352479","toID":"1352460","formEdgeID":null},{"edgeID":"1771299","fromID":"1352472","toID":"1352480","formEdgeID":null},{"edgeID":"1771300","fromID":"1352480","toID":"1352479","formEdgeID":null},{"edgeID":"1771301","fromID":"1352473","toID":"1352481","formEdgeID":null},{"edgeID":"1771302","fromID":"1352481","toID":"1352454","formEdgeID":null},{"edgeID":"1771303","fromID":"1352478","toID":"1352482","formEdgeID":null},{"edgeID":"1771304","fromID":"1352482","toID":"1352481","formEdgeID":null},{"edgeID":"1771305","fromID":"1352485","toID":"1352484","formEdgeID":null},{"edgeID":"1771306","fromID":"1352486","toID":"1352485","formEdgeID":null},{"edgeID":"1771307","fromID":"1352484","toID":"1352487","formEdgeID":null},{"edgeID":"1771308","fromID":"1352487","toID":"1352483","formEdgeID":null},{"edgeID":"1771309","fromID":"1352474","toID":"1352488","formEdgeID":null},{"edgeID":"1771310","fromID":"1352488","toID":"1352484","formEdgeID":null},{"edgeID":"1771311","fromID":"1352491","toID":"1352490","formEdgeID":null},{"edgeID":"1771312","fromID":"1352492","toID":"1352491","formEdgeID":null},{"edgeID":"1771313","fromID":"1352490","toID":"1352493","formEdgeID":null},{"edgeID":"1771314","fromID":"1352493","toID":"1352489","formEdgeID":null},{"edgeID":"1771315","fromID":"1352484","toID":"1352494","formEdgeID":null},{"edgeID":"1771316","fromID":"1352494","toID":"1352490","formEdgeID":null},{"edgeID":"1771317","fromID":"1352489","toID":"1352495","formEdgeID":null},{"edgeID":"1771318","fromID":"1352495","toID":"1352483","formEdgeID":null},{"edgeID":"1771319","fromID":"1352494","toID":"1352496","formEdgeID":null},{"edgeID":"1771320","fromID":"1352496","toID":"1352495","formEdgeID":null},{"edgeID":"1771321","fromID":"1352499","toID":"1352498","formEdgeID":null},{"edgeID":"1771322","fromID":"1352500","toID":"1352499","formEdgeID":null},{"edgeID":"1771323","fromID":"1352498","toID":"1352501","formEdgeID":null},{"edgeID":"1771324","fromID":"1352501","toID":"1352497","formEdgeID":null},{"edgeID":"1771325","fromID":"1352490","toID":"1352502","formEdgeID":null},{"edgeID":"1771326","fromID":"1352502","toID":"1352498","formEdgeID":null},{"edgeID":"1771327","fromID":"1352483","toID":"1352503","formEdgeID":null},{"edgeID":"1771328","fromID":"1352503","toID":"1352473","formEdgeID":null},{"edgeID":"1771329","fromID":"1352488","toID":"1352504","formEdgeID":null},{"edgeID":"1771330","fromID":"1352504","toID":"1352503","formEdgeID":null},{"edgeID":"1771331","fromID":"1352507","toID":"1352506","formEdgeID":null},{"edgeID":"1771332","fromID":"1352508","toID":"1352507","formEdgeID":null},{"edgeID":"1771333","fromID":"1352506","toID":"1352509","formEdgeID":null},{"edgeID":"1771334","fromID":"1352509","toID":"1352505","formEdgeID":null},{"edgeID":"1771335","fromID":"1352498","toID":"1352510","formEdgeID":null},{"edgeID":"1771336","fromID":"1352510","toID":"1352506","formEdgeID":null},{"edgeID":"1771337","fromID":"1352513","toID":"1352512","formEdgeID":null},{"edgeID":"1771338","fromID":"1352514","toID":"1352513","formEdgeID":null},{"edgeID":"1771339","fromID":"1352512","toID":"1352515","formEdgeID":null},{"edgeID":"1771340","fromID":"1352515","toID":"1352511","formEdgeID":null},{"edgeID":"1771341","fromID":"1352506","toID":"1352516","formEdgeID":null},{"edgeID":"1771342","fromID":"1352516","toID":"1352512","formEdgeID":null},{"edgeID":"1771343","fromID":"1352505","toID":"1352517","formEdgeID":null},{"edgeID":"1771344","fromID":"1352517","toID":"1352511","formEdgeID":null},{"edgeID":"1771345","fromID":"1352516","toID":"1352518","formEdgeID":null},{"edgeID":"1771346","fromID":"1352518","toID":"1352517","formEdgeID":null},{"edgeID":"1771347","fromID":"1352521","toID":"1352520","formEdgeID":null},{"edgeID":"1771348","fromID":"1352522","toID":"1352521","formEdgeID":null},{"edgeID":"1771349","fromID":"1352520","toID":"1352523","formEdgeID":null},{"edgeID":"1771350","fromID":"1352523","toID":"1352519","formEdgeID":null},{"edgeID":"1771351","fromID":"1352512","toID":"1352524","formEdgeID":null},{"edgeID":"1771352","fromID":"1352524","toID":"1352520","formEdgeID":null},{"edgeID":"1771353","fromID":"1352527","toID":"1352526","formEdgeID":null},{"edgeID":"1771354","fromID":"1352528","toID":"1352527","formEdgeID":null},{"edgeID":"1771355","fromID":"1352526","toID":"1352529","formEdgeID":null},{"edgeID":"1771356","fromID":"1352529","toID":"1352525","formEdgeID":null},{"edgeID":"1771357","fromID":"1352525","toID":"1352530","formEdgeID":null},{"edgeID":"1771358","fromID":"1352530","toID":"1352497","formEdgeID":null},{"edgeID":"1771359","fromID":"1352498","toID":"1352531","formEdgeID":null},{"edgeID":"1771360","fromID":"1352531","toID":"1352526","formEdgeID":null},{"edgeID":"1771361","fromID":"1352531","toID":"1352532","formEdgeID":null},{"edgeID":"1771362","fromID":"1352532","toID":"1352530","formEdgeID":null},{"edgeID":"1771363","fromID":"1352535","toID":"1352534","formEdgeID":null},{"edgeID":"1771364","fromID":"1352536","toID":"1352535","formEdgeID":null},{"edgeID":"1771365","fromID":"1352534","toID":"1352537","formEdgeID":null},{"edgeID":"1771366","fromID":"1352537","toID":"1352533","formEdgeID":null},{"edgeID":"1771367","fromID":"1352498","toID":"1352538","formEdgeID":null},{"edgeID":"1771368","fromID":"1352538","toID":"1352534","formEdgeID":null},{"edgeID":"1771369","fromID":"1352533","toID":"1352539","formEdgeID":null},{"edgeID":"1771370","fromID":"1352539","toID":"1352497","formEdgeID":null},{"edgeID":"1771371","fromID":"1352538","toID":"1352540","formEdgeID":null},{"edgeID":"1771372","fromID":"1352540","toID":"1352539","formEdgeID":null},{"edgeID":"1771373","fromID":"1352543","toID":"1352542","formEdgeID":null},{"edgeID":"1771374","fromID":"1352544","toID":"1352543","formEdgeID":null},{"edgeID":"1771375","fromID":"1352542","toID":"1352545","formEdgeID":null},{"edgeID":"1771376","fromID":"1352545","toID":"1352541","formEdgeID":null},{"edgeID":"1771377","fromID":"1352534","toID":"1352546","formEdgeID":null},{"edgeID":"1771378","fromID":"1352546","toID":"1352542","formEdgeID":null},{"edgeID":"1771379","fromID":"1352541","toID":"1352547","formEdgeID":null},{"edgeID":"1771380","fromID":"1352547","toID":"1352533","formEdgeID":null},{"edgeID":"1771381","fromID":"1352546","toID":"1352548","formEdgeID":null},{"edgeID":"1771382","fromID":"1352548","toID":"1352547","formEdgeID":null},{"edgeID":"1771383","fromID":"1352551","toID":"1352550","formEdgeID":null},{"edgeID":"1771384","fromID":"1352552","toID":"1352551","formEdgeID":null},{"edgeID":"1771385","fromID":"1352550","toID":"1352553","formEdgeID":null},{"edgeID":"1771386","fromID":"1352553","toID":"1352549","formEdgeID":null},{"edgeID":"1771387","fromID":"1352542","toID":"1352554","formEdgeID":null},{"edgeID":"1771388","fromID":"1352554","toID":"1352550","formEdgeID":null},{"edgeID":"1771389","fromID":"1352557","toID":"1352556","formEdgeID":null},{"edgeID":"1771390","fromID":"1352558","toID":"1352557","formEdgeID":null},{"edgeID":"1771391","fromID":"1352556","toID":"1352559","formEdgeID":null},{"edgeID":"1771392","fromID":"1352559","toID":"1352555","formEdgeID":null},{"edgeID":"1771393","fromID":"1352562","toID":"1352561","formEdgeID":null},{"edgeID":"1771394","fromID":"1352563","toID":"1352562","formEdgeID":null},{"edgeID":"1771395","fromID":"1352561","toID":"1352564","formEdgeID":null},{"edgeID":"1771396","fromID":"1352564","toID":"1352560","formEdgeID":null},{"edgeID":"1771397","fromID":"1352560","toID":"1352565","formEdgeID":null},{"edgeID":"1771398","fromID":"1352565","toID":"1352549","formEdgeID":null},{"edgeID":"1771399","fromID":"1352555","toID":"1352565","formEdgeID":null},{"edgeID":"1771400","fromID":"1352550","toID":"1352566","formEdgeID":null},{"edgeID":"1771401","fromID":"1352566","toID":"1352561","formEdgeID":null},{"edgeID":"1771402","fromID":"1352550","toID":"1352567","formEdgeID":null},{"edgeID":"1771403","fromID":"1352567","toID":"1352556","formEdgeID":null},{"edgeID":"1771404","fromID":"1352566","toID":"1352568","formEdgeID":null},{"edgeID":"1771405","fromID":"1352568","toID":"1352565","formEdgeID":null},{"edgeID":"1771406","fromID":"1352571","toID":"1352570","formEdgeID":null},{"edgeID":"1771407","fromID":"1352572","toID":"1352571","formEdgeID":null},{"edgeID":"1771408","fromID":"1352574","toID":"1352573","formEdgeID":null},{"edgeID":"1771409","fromID":"1352575","toID":"1352574","formEdgeID":null},{"edgeID":"1771410","fromID":"1352561","toID":"1352576","formEdgeID":null},{"edgeID":"1771411","fromID":"1352576","toID":"1352570","formEdgeID":null},{"edgeID":"1771412","fromID":"1352570","toID":"1352577","formEdgeID":null},{"edgeID":"1771413","fromID":"1352577","toID":"1352573","formEdgeID":null},{"edgeID":"1771414","fromID":"1352573","toID":"1352578","formEdgeID":null},{"edgeID":"1771415","fromID":"1352578","toID":"1352569","formEdgeID":null},{"edgeID":"1771416","fromID":"1352581","toID":"1352580","formEdgeID":null},{"edgeID":"1771417","fromID":"1352582","toID":"1352581","formEdgeID":null},{"edgeID":"1771418","fromID":"1352570","toID":"1352583","formEdgeID":null},{"edgeID":"1771419","fromID":"1352583","toID":"1352580","formEdgeID":null},{"edgeID":"1771420","fromID":"1352585","toID":"1352584","formEdgeID":null},{"edgeID":"1771421","fromID":"1352586","toID":"1352585","formEdgeID":null},{"edgeID":"1771422","fromID":"1352580","toID":"1352587","formEdgeID":null},{"edgeID":"1771423","fromID":"1352587","toID":"1352584","formEdgeID":null},{"edgeID":"1771424","fromID":"1352584","toID":"1352588","formEdgeID":null},{"edgeID":"1771425","fromID":"1352588","toID":"1352579","formEdgeID":null},{"edgeID":"1771426","fromID":"1352579","toID":"1352589","formEdgeID":null},{"edgeID":"1771427","fromID":"1352589","toID":"1352569","formEdgeID":null},{"edgeID":"1771428","fromID":"1352583","toID":"1352590","formEdgeID":null},{"edgeID":"1771429","fromID":"1352590","toID":"1352589","formEdgeID":null},{"edgeID":"1771430","fromID":"1352593","toID":"1352592","formEdgeID":null},{"edgeID":"1771431","fromID":"1352594","toID":"1352593","formEdgeID":null},{"edgeID":"1771432","fromID":"1352592","toID":"1352595","formEdgeID":null},{"edgeID":"1771433","fromID":"1352595","toID":"1352591","formEdgeID":null},{"edgeID":"1771434","fromID":"1352580","toID":"1352596","formEdgeID":null},{"edgeID":"1771435","fromID":"1352596","toID":"1352592","formEdgeID":null},{"edgeID":"1771436","fromID":"1352591","toID":"1352597","formEdgeID":null},{"edgeID":"1771437","fromID":"1352597","toID":"1352579","formEdgeID":null},{"edgeID":"1771438","fromID":"1352596","toID":"1352598","formEdgeID":null},{"edgeID":"1771439","fromID":"1352598","toID":"1352597","formEdgeID":null}],"locutions":[]}