{"nodes":[{"nodeID":"23880","text":"yes","type":"I","timestamp":"2013-08-06 16:53:15"},{"nodeID":"1339545","text":"Rishi Sunak can or cannot unite a fractious Tory Party","type":"I","timestamp":"2023-11-09 13:52:31"},{"nodeID":"1339546","text":"Chris: AudienceMember 20221027QT01: Can Rishi Sunak unite a fractious Tory Party","type":"L","timestamp":"2023-11-09 13:52:31"},{"nodeID":"1339547","text":"AudienceMember 20221027QT01: Can Rishi Sunak unite a fractious Tory Party","type":"L","timestamp":"2023-11-09 13:52:31"},{"nodeID":"1339548","text":"Rishi Sunak can or cannot bring stability to the Government of this country","type":"I","timestamp":"2023-11-09 13:52:31"},{"nodeID":"1339549","text":"AudienceMember 20221027QT01: bring stability to the Government of this country","type":"L","timestamp":"2023-11-09 13:52:31"},{"nodeID":"1339550","text":"Chris: AudienceMember 20221027QT01: bring stability to the Government of this country","type":"L","timestamp":"2023-11-09 13:52:31"},{"nodeID":"1339551","text":"Rishi Sunak has already united the fractious Tory Party and brought stability to the Government of the UK","type":"I","timestamp":"2023-11-09 13:52:32"},{"nodeID":"1339552","text":"Lucy Frazer: he\u2019s done that already","type":"L","timestamp":"2023-11-09 13:52:32"},{"nodeID":"1339553","text":"Chris: Lucy Frazer: he\u2019s done that already","type":"L","timestamp":"2023-11-09 13:52:32"},{"nodeID":"1339554","text":"Rishi Sunak's primary aim is to bring economic stability to the country","type":"I","timestamp":"2023-11-09 13:52:33"},{"nodeID":"1339555","text":"Lucy Frazer: his primary aim is to bring economic stability to the country","type":"L","timestamp":"2023-11-09 13:52:33"},{"nodeID":"1339556","text":"Chris: Lucy Frazer: his primary aim is to bring economic stability to the country","type":"L","timestamp":"2023-11-09 13:52:33"},{"nodeID":"1339557","text":"from economic stability all other policies flow","type":"I","timestamp":"2023-11-09 13:52:33"},{"nodeID":"1339558","text":"Lucy Frazer: from that all other policies flow","type":"L","timestamp":"2023-11-09 13:52:33"},{"nodeID":"1339559","text":"Chris: Lucy Frazer: from that all other policies flow","type":"L","timestamp":"2023-11-09 13:52:33"},{"nodeID":"1339560","text":"we will see that Rishi Sunak is prioritising economic stability when we have the fiscal statement on 17 November","type":"I","timestamp":"2023-11-09 13:52:34"},{"nodeID":"1339561","text":"Lucy Frazer: we will see that when we have the fiscal statement on 17 November","type":"L","timestamp":"2023-11-09 13:52:34"},{"nodeID":"1339562","text":"Chris: Lucy Frazer: we will see that when we have the fiscal statement on 17 November","type":"L","timestamp":"2023-11-09 13:52:34"},{"nodeID":"1339563","text":"Rishi Sunak has already stabilised the markets","type":"I","timestamp":"2023-11-09 13:52:34"},{"nodeID":"1339564","text":"Lucy Frazer: he\u2019s already stabilised the markets","type":"L","timestamp":"2023-11-09 13:52:34"},{"nodeID":"1339565","text":"Chris: Lucy Frazer: he\u2019s already stabilised the markets","type":"L","timestamp":"2023-11-09 13:52:34"},{"nodeID":"1339566","text":"Rishi Sunak has brought the party together","type":"I","timestamp":"2023-11-09 13:52:35"},{"nodeID":"1339567","text":"Lucy Frazer: he\u2019s brought the party together","type":"L","timestamp":"2023-11-09 13:52:35"},{"nodeID":"1339568","text":"Chris: Lucy Frazer: he\u2019s brought the party together","type":"L","timestamp":"2023-11-09 13:52:35"},{"nodeID":"1339569","text":"Lucy Frazer: yes","type":"L","timestamp":"2023-11-09 13:52:35"},{"nodeID":"1339570","text":"Chris: Lucy Frazer: yes","type":"L","timestamp":"2023-11-09 13:52:35"},{"nodeID":"1339571","text":"Analysing","type":"YA","timestamp":"2023-11-09 13:52:35"},{"nodeID":"1339572","text":"Pure Questioning","type":"YA","timestamp":"2023-11-09 13:52:35"},{"nodeID":"1339573","text":"Analysing","type":"YA","timestamp":"2023-11-09 13:52:35"},{"nodeID":"1339574","text":"Pure Questioning","type":"YA","timestamp":"2023-11-09 13:52:35"},{"nodeID":"1339575","text":"Default Transition","type":"TA","timestamp":"2023-11-09 13:52:35"},{"nodeID":"1339576","text":"Default Rephrase","type":"MA","timestamp":"2023-11-09 13:52:35"},{"nodeID":"1339577","text":"Restating","type":"YA","timestamp":"2023-11-09 13:52:35"},{"nodeID":"1339578","text":"Analysing","type":"YA","timestamp":"2023-11-09 13:52:35"},{"nodeID":"1339579","text":"Asserting","type":"YA","timestamp":"2023-11-09 13:52:35"},{"nodeID":"1339580","text":"Analysing","type":"YA","timestamp":"2023-11-09 13:52:35"},{"nodeID":"1339581","text":"Asserting","type":"YA","timestamp":"2023-11-09 13:52:35"},{"nodeID":"1339582","text":"Default Transition","type":"TA","timestamp":"2023-11-09 13:52:35"},{"nodeID":"1339583","text":"Default Rephrase","type":"MA","timestamp":"2023-11-09 13:52:35"},{"nodeID":"1339584","text":"Restating","type":"YA","timestamp":"2023-11-09 13:52:35"},{"nodeID":"1339585","text":"Analysing","type":"YA","timestamp":"2023-11-09 13:52:35"},{"nodeID":"1339586","text":"Asserting","type":"YA","timestamp":"2023-11-09 13:52:35"},{"nodeID":"1339587","text":"Default Transition","type":"TA","timestamp":"2023-11-09 13:52:35"},{"nodeID":"1339588","text":"Default Inference","type":"RA","timestamp":"2023-11-09 13:52:35"},{"nodeID":"1339589","text":"Arguing","type":"YA","timestamp":"2023-11-09 13:52:35"},{"nodeID":"1339590","text":"Analysing","type":"YA","timestamp":"2023-11-09 13:52:35"},{"nodeID":"1339591","text":"Asserting","type":"YA","timestamp":"2023-11-09 13:52:35"},{"nodeID":"1339592","text":"Default Rephrase","type":"MA","timestamp":"2023-11-09 13:52:35"},{"nodeID":"1339593","text":"Default Transition","type":"TA","timestamp":"2023-11-09 13:52:35"},{"nodeID":"1339594","text":"Restating","type":"YA","timestamp":"2023-11-09 13:52:35"},{"nodeID":"1339595","text":"Asserting","type":"YA","timestamp":"2023-11-09 13:52:35"},{"nodeID":"1339596","text":"Analysing","type":"YA","timestamp":"2023-11-09 13:52:35"},{"nodeID":"1339597","text":"Default Inference","type":"RA","timestamp":"2023-11-09 13:52:35"},{"nodeID":"1339598","text":"Default Transition","type":"TA","timestamp":"2023-11-09 13:52:35"},{"nodeID":"1339599","text":"Arguing","type":"YA","timestamp":"2023-11-09 13:52:35"},{"nodeID":"1339600","text":"Asserting","type":"YA","timestamp":"2023-11-09 13:52:35"},{"nodeID":"1339601","text":"Analysing","type":"YA","timestamp":"2023-11-09 13:52:35"},{"nodeID":"1339602","text":"Default Rephrase","type":"MA","timestamp":"2023-11-09 13:52:35"},{"nodeID":"1339603","text":"Default Transition","type":"TA","timestamp":"2023-11-09 13:52:35"},{"nodeID":"1339604","text":"Restating","type":"YA","timestamp":"2023-11-09 13:52:35"},{"nodeID":"1339605","text":"Analysing","type":"YA","timestamp":"2023-11-09 13:52:35"},{"nodeID":"1339606","text":"Asserting","type":"YA","timestamp":"2023-11-09 13:52:35"},{"nodeID":"1339607","text":"Default Transition","type":"TA","timestamp":"2023-11-09 13:52:35"},{"nodeID":"1339608","text":"Default Transition","type":"TA","timestamp":"2023-11-09 13:52:35"},{"nodeID":"1339609","text":"Default Rephrase","type":"MA","timestamp":"2023-11-09 13:52:35"},{"nodeID":"1339610","text":"Default Rephrase","type":"MA","timestamp":"2023-11-09 13:52:35"},{"nodeID":"1339611","text":"Default Transition","type":"TA","timestamp":"2023-11-09 13:52:35"},{"nodeID":"1339612","text":"Default Illocuting","type":"YA","timestamp":"2023-11-09 13:52:35"},{"nodeID":"1339613","text":"Default Illocuting","type":"YA","timestamp":"2023-11-09 13:52:35"},{"nodeID":"1339614","text":"Default Inference","type":"RA","timestamp":"2023-11-09 13:52:35"},{"nodeID":"1339615","text":"Arguing","type":"YA","timestamp":"2023-11-09 13:52:35"}],"edges":[{"edgeID":"1755872","fromID":"1339571","toID":"1339547","formEdgeID":null},{"edgeID":"1755873","fromID":"1339547","toID":"1339572","formEdgeID":null},{"edgeID":"1755874","fromID":"1339572","toID":"1339545","formEdgeID":null},{"edgeID":"1755875","fromID":"1339546","toID":"1339571","formEdgeID":null},{"edgeID":"1755876","fromID":"1339550","toID":"1339573","formEdgeID":null},{"edgeID":"1755877","fromID":"1339573","toID":"1339549","formEdgeID":null},{"edgeID":"1755878","fromID":"1339549","toID":"1339574","formEdgeID":null},{"edgeID":"1755879","fromID":"1339574","toID":"1339548","formEdgeID":null},{"edgeID":"1755880","fromID":"1339547","toID":"1339575","formEdgeID":null},{"edgeID":"1755881","fromID":"1339575","toID":"1339549","formEdgeID":null},{"edgeID":"1755882","fromID":"1339548","toID":"1339576","formEdgeID":null},{"edgeID":"1755883","fromID":"1339576","toID":"1339545","formEdgeID":null},{"edgeID":"1755884","fromID":"1339577","toID":"1339576","formEdgeID":null},{"edgeID":"1755885","fromID":"1339575","toID":"1339577","formEdgeID":null},{"edgeID":"1755886","fromID":"1339552","toID":"1339579","formEdgeID":null},{"edgeID":"1755887","fromID":"1339578","toID":"1339552","formEdgeID":null},{"edgeID":"1755888","fromID":"1339579","toID":"1339551","formEdgeID":null},{"edgeID":"1755889","fromID":"1339553","toID":"1339578","formEdgeID":null},{"edgeID":"1755890","fromID":"1339556","toID":"1339580","formEdgeID":null},{"edgeID":"1755891","fromID":"1339581","toID":"1339554","formEdgeID":null},{"edgeID":"1755892","fromID":"1339580","toID":"1339555","formEdgeID":null},{"edgeID":"1755893","fromID":"1339555","toID":"1339581","formEdgeID":null},{"edgeID":"1755894","fromID":"1339582","toID":"1339555","formEdgeID":null},{"edgeID":"1755895","fromID":"1339552","toID":"1339582","formEdgeID":null},{"edgeID":"1755896","fromID":"1339583","toID":"1339551","formEdgeID":null},{"edgeID":"1755897","fromID":"1339554","toID":"1339583","formEdgeID":null},{"edgeID":"1755898","fromID":"1339584","toID":"1339583","formEdgeID":null},{"edgeID":"1755899","fromID":"1339582","toID":"1339584","formEdgeID":null},{"edgeID":"1755900","fromID":"1339585","toID":"1339558","formEdgeID":null},{"edgeID":"1755901","fromID":"1339559","toID":"1339585","formEdgeID":null},{"edgeID":"1755902","fromID":"1339586","toID":"1339557","formEdgeID":null},{"edgeID":"1755903","fromID":"1339558","toID":"1339586","formEdgeID":null},{"edgeID":"1755904","fromID":"1339555","toID":"1339587","formEdgeID":null},{"edgeID":"1755905","fromID":"1339587","toID":"1339558","formEdgeID":null},{"edgeID":"1755906","fromID":"1339557","toID":"1339588","formEdgeID":null},{"edgeID":"1755907","fromID":"1339588","toID":"1339554","formEdgeID":null},{"edgeID":"1755908","fromID":"1339587","toID":"1339589","formEdgeID":null},{"edgeID":"1755909","fromID":"1339589","toID":"1339588","formEdgeID":null},{"edgeID":"1755910","fromID":"1339590","toID":"1339561","formEdgeID":null},{"edgeID":"1755911","fromID":"1339562","toID":"1339590","formEdgeID":null},{"edgeID":"1755912","fromID":"1339561","toID":"1339591","formEdgeID":null},{"edgeID":"1755913","fromID":"1339591","toID":"1339560","formEdgeID":null},{"edgeID":"1755914","fromID":"1339560","toID":"1339592","formEdgeID":null},{"edgeID":"1755915","fromID":"1339592","toID":"1339554","formEdgeID":null},{"edgeID":"1755916","fromID":"1339555","toID":"1339593","formEdgeID":null},{"edgeID":"1755917","fromID":"1339593","toID":"1339561","formEdgeID":null},{"edgeID":"1755918","fromID":"1339594","toID":"1339592","formEdgeID":null},{"edgeID":"1755919","fromID":"1339593","toID":"1339594","formEdgeID":null},{"edgeID":"1755920","fromID":"1339565","toID":"1339596","formEdgeID":null},{"edgeID":"1755921","fromID":"1339564","toID":"1339595","formEdgeID":null},{"edgeID":"1755922","fromID":"1339596","toID":"1339564","formEdgeID":null},{"edgeID":"1755923","fromID":"1339595","toID":"1339563","formEdgeID":null},{"edgeID":"1755924","fromID":"1339554","toID":"1339597","formEdgeID":null},{"edgeID":"1755925","fromID":"1339597","toID":"1339551","formEdgeID":null},{"edgeID":"1755926","fromID":"1339563","toID":"1339597","formEdgeID":null},{"edgeID":"1755927","fromID":"1339552","toID":"1339598","formEdgeID":null},{"edgeID":"1755928","fromID":"1339598","toID":"1339564","formEdgeID":null},{"edgeID":"1755929","fromID":"1339598","toID":"1339599","formEdgeID":null},{"edgeID":"1755930","fromID":"1339599","toID":"1339597","formEdgeID":null},{"edgeID":"1755931","fromID":"1339601","toID":"1339567","formEdgeID":null},{"edgeID":"1755932","fromID":"1339600","toID":"1339566","formEdgeID":null},{"edgeID":"1755933","fromID":"1339567","toID":"1339600","formEdgeID":null},{"edgeID":"1755934","fromID":"1339568","toID":"1339601","formEdgeID":null},{"edgeID":"1755935","fromID":"1339602","toID":"1339551","formEdgeID":null},{"edgeID":"1755936","fromID":"1339566","toID":"1339602","formEdgeID":null},{"edgeID":"1755937","fromID":"1339552","toID":"1339603","formEdgeID":null},{"edgeID":"1755938","fromID":"1339603","toID":"1339567","formEdgeID":null},{"edgeID":"1755939","fromID":"1339604","toID":"1339602","formEdgeID":null},{"edgeID":"1755940","fromID":"1339603","toID":"1339604","formEdgeID":null},{"edgeID":"1755941","fromID":"1339605","toID":"1339569","formEdgeID":null},{"edgeID":"1755942","fromID":"1339570","toID":"1339605","formEdgeID":null},{"edgeID":"1755943","fromID":"1339569","toID":"1339606","formEdgeID":null},{"edgeID":"1755944","fromID":"1339606","toID":"23880","formEdgeID":null},{"edgeID":"1755945","fromID":"1339549","toID":"1339607","formEdgeID":null},{"edgeID":"1755946","fromID":"1339607","toID":"1339569","formEdgeID":null},{"edgeID":"1755947","fromID":"1339569","toID":"1339608","formEdgeID":null},{"edgeID":"1755948","fromID":"1339608","toID":"1339552","formEdgeID":null},{"edgeID":"1755949","fromID":"23880","toID":"1339609","formEdgeID":null},{"edgeID":"1755950","fromID":"1339609","toID":"1339548","formEdgeID":null},{"edgeID":"1755951","fromID":"23880","toID":"1339610","formEdgeID":null},{"edgeID":"1755952","fromID":"1339610","toID":"1339545","formEdgeID":null},{"edgeID":"1755953","fromID":"1339547","toID":"1339611","formEdgeID":null},{"edgeID":"1755954","fromID":"1339611","toID":"1339569","formEdgeID":null},{"edgeID":"1755955","fromID":"1339611","toID":"1339612","formEdgeID":null},{"edgeID":"1755956","fromID":"1339612","toID":"1339610","formEdgeID":null},{"edgeID":"1755957","fromID":"1339607","toID":"1339613","formEdgeID":null},{"edgeID":"1755958","fromID":"1339613","toID":"1339609","formEdgeID":null},{"edgeID":"1755959","fromID":"1339551","toID":"1339614","formEdgeID":null},{"edgeID":"1755960","fromID":"1339614","toID":"23880","formEdgeID":null},{"edgeID":"1755961","fromID":"1339608","toID":"1339615","formEdgeID":null},{"edgeID":"1755962","fromID":"1339615","toID":"1339614","formEdgeID":null}],"locutions":[]}