{"nodes":[{"nodeID":"1343362","text":"Lucy Frazer: yes","type":"L","timestamp":"2023-11-09 13:57:53"},{"nodeID":"1343363","text":"we\u2019re being told, our fifth education secretary in the last year, that they\u2019re also going to have to make cuts in the education budget","type":"I","timestamp":"2023-11-09 13:57:54"},{"nodeID":"1343364","text":"AudienceMember 20221027QT45: we\u2019re being told, our fifth education secretary in the last year, being told that they\u2019re also going to have to make cuts in the education budget","type":"L","timestamp":"2023-11-09 13:57:54"},{"nodeID":"1343365","text":"Analysing","type":"YA","timestamp":"2023-11-09 13:57:54"},{"nodeID":"1343366","text":"Anon: AudienceMember 20221027QT45: we\u2019re being told, our fifth education secretary in the last year, being told that they\u2019re also going to have to make cuts in the education budget","type":"L","timestamp":"2023-11-09 13:57:54"},{"nodeID":"1343367","text":"Asserting","type":"YA","timestamp":"2023-11-09 13:57:54"},{"nodeID":"1343368","text":"it is just not possible for cuts to be made in the education budget","type":"I","timestamp":"2023-11-09 13:57:55"},{"nodeID":"1343369","text":"AudienceMember 20221027QT45: It is just not possible","type":"L","timestamp":"2023-11-09 13:57:55"},{"nodeID":"1343370","text":"Analysing","type":"YA","timestamp":"2023-11-09 13:57:55"},{"nodeID":"1343371","text":"Anon: AudienceMember 20221027QT45: It is just not possible","type":"L","timestamp":"2023-11-09 13:57:55"},{"nodeID":"1343372","text":"Asserting","type":"YA","timestamp":"2023-11-09 13:57:55"},{"nodeID":"1343373","text":"Default Transition","type":"TA","timestamp":"2023-11-09 13:57:55"},{"nodeID":"1343374","text":"Default Conflict","type":"CA","timestamp":"2023-11-09 13:57:55"},{"nodeID":"1343375","text":"Disagreeing","type":"YA","timestamp":"2023-11-09 13:57:55"},{"nodeID":"1343376","text":"you\u2019re the Levelling Up Secretary","type":"I","timestamp":"2023-11-09 13:57:55"},{"nodeID":"1343377","text":"AudienceMember 20221027QT45: you\u2019re the Levelling Up Secretary","type":"L","timestamp":"2023-11-09 13:57:55"},{"nodeID":"1343378","text":"Analysing","type":"YA","timestamp":"2023-11-09 13:57:55"},{"nodeID":"1343379","text":"Anon: AudienceMember 20221027QT45: you\u2019re the Levelling Up Secretary","type":"L","timestamp":"2023-11-09 13:57:55"},{"nodeID":"1343380","text":"Asserting","type":"YA","timestamp":"2023-11-09 13:57:55"},{"nodeID":"1343381","text":"Default Transition","type":"TA","timestamp":"2023-11-09 13:57:55"},{"nodeID":"1343382","text":"the answer to levelling up and social justice and tackling the disadvantaged gaps starts with education","type":"I","timestamp":"2023-11-09 13:57:56"},{"nodeID":"1343383","text":"AudienceMember 20221027QT45: the answer to levelling up is\u2026the answer around that and social justice and tackling the disadvantaged gaps starts with education","type":"L","timestamp":"2023-11-09 13:57:56"},{"nodeID":"1343384","text":"Analysing","type":"YA","timestamp":"2023-11-09 13:57:56"},{"nodeID":"1343385","text":"Anon: AudienceMember 20221027QT45: the answer to levelling up is\u2026the answer around that and social justice and tackling the disadvantaged gaps starts with education","type":"L","timestamp":"2023-11-09 13:57:56"},{"nodeID":"1343386","text":"Asserting","type":"YA","timestamp":"2023-11-09 13:57:56"},{"nodeID":"1343387","text":"Default Transition","type":"TA","timestamp":"2023-11-09 13:57:56"},{"nodeID":"1343388","text":"education needs to be a priority","type":"I","timestamp":"2023-11-09 13:57:57"},{"nodeID":"1343389","text":"AudienceMember 20221027QT45: it needs to be a priority","type":"L","timestamp":"2023-11-09 13:57:57"},{"nodeID":"1343390","text":"Analysing","type":"YA","timestamp":"2023-11-09 13:57:57"},{"nodeID":"1343391","text":"Anon: AudienceMember 20221027QT45: it needs to be a priority","type":"L","timestamp":"2023-11-09 13:57:57"},{"nodeID":"1343392","text":"Asserting","type":"YA","timestamp":"2023-11-09 13:57:57"},{"nodeID":"1343393","text":"Default Transition","type":"TA","timestamp":"2023-11-09 13:57:57"},{"nodeID":"1343394","text":"Default Inference","type":"RA","timestamp":"2023-11-09 13:57:57"},{"nodeID":"1343395","text":"Arguing","type":"YA","timestamp":"2023-11-09 13:57:57"},{"nodeID":"1343396","text":"we\u2019re in a private school here","type":"I","timestamp":"2023-11-09 13:57:57"},{"nodeID":"1343397","text":"AudienceMember 20221027QT45: we\u2019re in a private school here","type":"L","timestamp":"2023-11-09 13:57:57"},{"nodeID":"1343398","text":"Analysing","type":"YA","timestamp":"2023-11-09 13:57:57"},{"nodeID":"1343399","text":"Anon: AudienceMember 20221027QT45: we\u2019re in a private school here","type":"L","timestamp":"2023-11-09 13:57:57"},{"nodeID":"1343400","text":"Asserting","type":"YA","timestamp":"2023-11-09 13:57:57"},{"nodeID":"1343401","text":"Default Transition","type":"TA","timestamp":"2023-11-09 13:57:57"},{"nodeID":"1343402","text":"more of the Conservative Party\u2019s children went to state schools","type":"I","timestamp":"2023-11-09 13:57:58"},{"nodeID":"1343403","text":"AudienceMember 20221027QT45: more of the Conservative Party\u2019s children went to state schools","type":"L","timestamp":"2023-11-09 13:57:58"},{"nodeID":"1343404","text":"Analysing","type":"YA","timestamp":"2023-11-09 13:57:58"},{"nodeID":"1343405","text":"Anon: AudienceMember 20221027QT45: more of the Conservative Party\u2019s children went to state schools","type":"L","timestamp":"2023-11-09 13:57:58"},{"nodeID":"1343406","text":"Asserting","type":"YA","timestamp":"2023-11-09 13:57:58"},{"nodeID":"1343407","text":"Default Transition","type":"TA","timestamp":"2023-11-09 13:57:58"},{"nodeID":"1343408","text":"Conservatives would care about education a lot more","type":"I","timestamp":"2023-11-09 13:57:59"},{"nodeID":"1343409","text":"AudienceMember 20221027QT45: they\u2019d care about it a lot more","type":"L","timestamp":"2023-11-09 13:57:59"},{"nodeID":"1343410","text":"Analysing","type":"YA","timestamp":"2023-11-09 13:57:59"},{"nodeID":"1343411","text":"Anon: AudienceMember 20221027QT45: they\u2019d care about it a lot more","type":"L","timestamp":"2023-11-09 13:57:59"},{"nodeID":"1343412","text":"Asserting","type":"YA","timestamp":"2023-11-09 13:57:59"},{"nodeID":"1343413","text":"Default Transition","type":"TA","timestamp":"2023-11-09 13:57:59"},{"nodeID":"1343414","text":"Default Inference","type":"RA","timestamp":"2023-11-09 13:57:59"},{"nodeID":"1343415","text":"Arguing","type":"YA","timestamp":"2023-11-09 13:57:59"},{"nodeID":"1343416","text":"the question has been asked twice now","type":"I","timestamp":"2023-11-09 13:57:59"},{"nodeID":"1343417","text":"Fiona Bruce: you\u2019ve been asked twice now","type":"L","timestamp":"2023-11-09 13:57:59"},{"nodeID":"1343418","text":"Analysing","type":"YA","timestamp":"2023-11-09 13:57:59"},{"nodeID":"1343419","text":"Anon: Fiona Bruce: you\u2019ve been asked twice now","type":"L","timestamp":"2023-11-09 13:57:59"},{"nodeID":"1343420","text":"Asserting","type":"YA","timestamp":"2023-11-09 13:57:59"},{"nodeID":"1343421","text":"Default Transition","type":"TA","timestamp":"2023-11-09 13:57:59"},{"nodeID":"1343422","text":"the NHS is or is not safe in the Conservative Government\u2019s hands","type":"I","timestamp":"2023-11-09 13:58:00"},{"nodeID":"1343423","text":"Fiona Bruce: is the NHS safe in the Conservative Government\u2019s hands","type":"L","timestamp":"2023-11-09 13:58:00"},{"nodeID":"1343424","text":"Analysing","type":"YA","timestamp":"2023-11-09 13:58:00"},{"nodeID":"1343425","text":"Anon: Fiona Bruce: is the NHS safe in the Conservative Government\u2019s hands","type":"L","timestamp":"2023-11-09 13:58:00"},{"nodeID":"1343426","text":"Pure Questioning","type":"YA","timestamp":"2023-11-09 13:58:00"},{"nodeID":"1343427","text":"Default Transition","type":"TA","timestamp":"2023-11-09 13:58:00"},{"nodeID":"1343428","text":"Default Rephrase","type":"MA","timestamp":"2023-11-09 13:58:00"},{"nodeID":"1343429","text":"Restating","type":"YA","timestamp":"2023-11-09 13:58:00"},{"nodeID":"1343430","text":"the NHS is not safe in the Conservative Government's hands","type":"I","timestamp":"2023-11-09 13:58:00"},{"nodeID":"1343431","text":"David Lammy: No","type":"L","timestamp":"2023-11-09 13:58:00"},{"nodeID":"1343432","text":"Analysing","type":"YA","timestamp":"2023-11-09 13:58:00"},{"nodeID":"1343433","text":"Anon: David Lammy: No","type":"L","timestamp":"2023-11-09 13:58:00"},{"nodeID":"1343434","text":"Asserting","type":"YA","timestamp":"2023-11-09 13:58:00"},{"nodeID":"1343435","text":"Default Transition","type":"TA","timestamp":"2023-11-09 13:58:00"},{"nodeID":"1343436","text":"Default Rephrase","type":"MA","timestamp":"2023-11-09 13:58:00"},{"nodeID":"1343437","text":"Default Illocuting","type":"YA","timestamp":"2023-11-09 13:58:00"},{"nodeID":"1343438","text":"the NHS is safe in the Conservative Government's hands","type":"I","timestamp":"2023-11-09 13:58:01"},{"nodeID":"1343439","text":"Analysing","type":"YA","timestamp":"2023-11-09 13:58:01"},{"nodeID":"1343440","text":"Anon: Lucy Frazer: Yes","type":"L","timestamp":"2023-11-09 13:58:01"},{"nodeID":"1343441","text":"Asserting","type":"YA","timestamp":"2023-11-09 13:58:01"},{"nodeID":"1343442","text":"Default Transition","type":"TA","timestamp":"2023-11-09 13:58:01"},{"nodeID":"1343443","text":"Default Conflict","type":"CA","timestamp":"2023-11-09 13:58:01"},{"nodeID":"1343444","text":"Disagreeing","type":"YA","timestamp":"2023-11-09 13:58:01"},{"nodeID":"1343445","text":"Lucy Frazer will answer another question","type":"I","timestamp":"2023-11-09 13:58:02"},{"nodeID":"1343446","text":"Lucy Frazer: let me answer another question","type":"L","timestamp":"2023-11-09 13:58:02"},{"nodeID":"1343447","text":"Analysing","type":"YA","timestamp":"2023-11-09 13:58:02"},{"nodeID":"1343448","text":"Anon: Lucy Frazer: let me answer another question","type":"L","timestamp":"2023-11-09 13:58:02"},{"nodeID":"1343449","text":"Asserting","type":"YA","timestamp":"2023-11-09 13:58:02"},{"nodeID":"1343450","text":"Lucy Frazer will or will not answer the previous question","type":"I","timestamp":"2023-11-09 13:58:02"},{"nodeID":"1343451","text":"Fiona Bruce: Will you answer that one","type":"L","timestamp":"2023-11-09 13:58:02"},{"nodeID":"1343452","text":"Analysing","type":"YA","timestamp":"2023-11-09 13:58:02"},{"nodeID":"1343453","text":"Anon: Fiona Bruce: Will you answer that one","type":"L","timestamp":"2023-11-09 13:58:02"},{"nodeID":"1343454","text":"Pure Questioning","type":"YA","timestamp":"2023-11-09 13:58:02"},{"nodeID":"1343455","text":"Default Transition","type":"TA","timestamp":"2023-11-09 13:58:02"},{"nodeID":"1343456","text":"Lucy Frazer answered yes to the previous question","type":"I","timestamp":"2023-11-09 13:58:03"},{"nodeID":"1343457","text":"Lucy Frazer: the answer is yes","type":"L","timestamp":"2023-11-09 13:58:03"},{"nodeID":"1343458","text":"Analysing","type":"YA","timestamp":"2023-11-09 13:58:03"},{"nodeID":"1343459","text":"Anon: Lucy Frazer: the answer is yes","type":"L","timestamp":"2023-11-09 13:58:03"},{"nodeID":"1343460","text":"Asserting","type":"YA","timestamp":"2023-11-09 13:58:03"},{"nodeID":"1343461","text":"Default Transition","type":"TA","timestamp":"2023-11-09 13:58:03"},{"nodeID":"1343462","text":"Default Rephrase","type":"MA","timestamp":"2023-11-09 13:58:03"},{"nodeID":"1343463","text":"Default Illocuting","type":"YA","timestamp":"2023-11-09 13:58:03"},{"nodeID":"1343464","text":"Default Rephrase","type":"MA","timestamp":"2023-11-09 13:58:03"},{"nodeID":"1343465","text":"Default Transition","type":"TA","timestamp":"2023-11-09 13:58:03"},{"nodeID":"1343466","text":"Restating","type":"YA","timestamp":"2023-11-09 13:58:03"},{"nodeID":"1343467","text":"Lucy Frazer: another lady asked how do you know","type":"L","timestamp":"2023-11-09 13:58:03"},{"nodeID":"1343468","text":"Analysing","type":"YA","timestamp":"2023-11-09 13:58:03"},{"nodeID":"1343469","text":"Anon: Lucy Frazer: another lady asked how do you know","type":"L","timestamp":"2023-11-09 13:58:03"},{"nodeID":"1343470","text":"Default Transition","type":"TA","timestamp":"2023-11-09 13:58:03"},{"nodeID":"1343471","text":"Lucy Frazer does or does not know that the NHS is safe in the Conservative Government's hands","type":"I","timestamp":"2023-11-09 13:58:04"},{"nodeID":"1343472","text":"Unkown Speaker: how do you know","type":"L","timestamp":"2023-11-09 13:58:04"},{"nodeID":"1343473","text":"Analysing","type":"YA","timestamp":"2023-11-09 13:58:04"},{"nodeID":"1343474","text":"Anon: Unkown Speaker: how do you know","type":"L","timestamp":"2023-11-09 13:58:04"},{"nodeID":"1343475","text":"Pure Questioning","type":"YA","timestamp":"2023-11-09 13:58:04"},{"nodeID":"1343476","text":"Asserting","type":"YA","timestamp":"2023-11-09 13:58:04"},{"nodeID":"1343477","text":"it sounds like the audience member needs a bit of persuading","type":"I","timestamp":"2023-11-09 13:58:04"},{"nodeID":"1343478","text":"Fiona Bruce: It sounds like they need a bit of persuading","type":"L","timestamp":"2023-11-09 13:58:04"},{"nodeID":"1343479","text":"Analysing","type":"YA","timestamp":"2023-11-09 13:58:04"},{"nodeID":"1343480","text":"Anon: Fiona Bruce: It sounds like they need a bit of persuading","type":"L","timestamp":"2023-11-09 13:58:04"},{"nodeID":"1343481","text":"Asserting","type":"YA","timestamp":"2023-11-09 13:58:04"},{"nodeID":"1343482","text":"Default Transition","type":"TA","timestamp":"2023-11-09 13:58:04"},{"nodeID":"1343483","text":"Default Inference","type":"RA","timestamp":"2023-11-09 13:58:04"},{"nodeID":"1343484","text":"Arguing","type":"YA","timestamp":"2023-11-09 13:58:04"},{"nodeID":"1343485","text":"Default Rephrase","type":"MA","timestamp":"2023-11-09 13:58:04"},{"nodeID":"1343486","text":"Default Transition","type":"TA","timestamp":"2023-11-09 13:58:04"},{"nodeID":"1343487","text":"Default Illocuting","type":"YA","timestamp":"2023-11-09 13:58:04"},{"nodeID":"1343488","text":"Default Inference","type":"RA","timestamp":"2023-11-09 13:58:04"},{"nodeID":"1343489","text":"Arguing","type":"YA","timestamp":"2023-11-09 13:58:04"},{"nodeID":"1343490","text":"Challenging","type":"YA","timestamp":"2023-11-09 13:58:04"},{"nodeID":"1343491","text":"Default Conflict","type":"CA","timestamp":"2023-11-09 13:58:04"},{"nodeID":"1343492","text":"Default Transition","type":"TA","timestamp":"2023-11-09 13:58:04"},{"nodeID":"1343493","text":"Default Transition","type":"TA","timestamp":"2023-11-09 13:58:04"},{"nodeID":"1343494","text":"Default Transition","type":"TA","timestamp":"2023-11-09 13:58:04"},{"nodeID":"1343495","text":"Default Transition","type":"TA","timestamp":"2023-11-09 13:58:04"},{"nodeID":"1343496","text":"Disagreeing","type":"YA","timestamp":"2023-11-09 13:58:04"}],"edges":[{"edgeID":"1760452","fromID":"1343365","toID":"1343364","formEdgeID":null},{"edgeID":"1760453","fromID":"1343366","toID":"1343365","formEdgeID":null},{"edgeID":"1760454","fromID":"1343364","toID":"1343367","formEdgeID":null},{"edgeID":"1760455","fromID":"1343367","toID":"1343363","formEdgeID":null},{"edgeID":"1760456","fromID":"1343370","toID":"1343369","formEdgeID":null},{"edgeID":"1760457","fromID":"1343371","toID":"1343370","formEdgeID":null},{"edgeID":"1760458","fromID":"1343369","toID":"1343372","formEdgeID":null},{"edgeID":"1760459","fromID":"1343372","toID":"1343368","formEdgeID":null},{"edgeID":"1760460","fromID":"1343364","toID":"1343373","formEdgeID":null},{"edgeID":"1760461","fromID":"1343373","toID":"1343369","formEdgeID":null},{"edgeID":"1760462","fromID":"1343368","toID":"1343374","formEdgeID":null},{"edgeID":"1760463","fromID":"1343374","toID":"1343363","formEdgeID":null},{"edgeID":"1760464","fromID":"1343373","toID":"1343375","formEdgeID":null},{"edgeID":"1760465","fromID":"1343375","toID":"1343374","formEdgeID":null},{"edgeID":"1760466","fromID":"1343378","toID":"1343377","formEdgeID":null},{"edgeID":"1760467","fromID":"1343379","toID":"1343378","formEdgeID":null},{"edgeID":"1760468","fromID":"1343377","toID":"1343380","formEdgeID":null},{"edgeID":"1760469","fromID":"1343380","toID":"1343376","formEdgeID":null},{"edgeID":"1760470","fromID":"1343369","toID":"1343381","formEdgeID":null},{"edgeID":"1760471","fromID":"1343381","toID":"1343377","formEdgeID":null},{"edgeID":"1760472","fromID":"1343384","toID":"1343383","formEdgeID":null},{"edgeID":"1760473","fromID":"1343385","toID":"1343384","formEdgeID":null},{"edgeID":"1760474","fromID":"1343383","toID":"1343386","formEdgeID":null},{"edgeID":"1760475","fromID":"1343386","toID":"1343382","formEdgeID":null},{"edgeID":"1760476","fromID":"1343377","toID":"1343387","formEdgeID":null},{"edgeID":"1760477","fromID":"1343387","toID":"1343383","formEdgeID":null},{"edgeID":"1760478","fromID":"1343390","toID":"1343389","formEdgeID":null},{"edgeID":"1760479","fromID":"1343391","toID":"1343390","formEdgeID":null},{"edgeID":"1760480","fromID":"1343389","toID":"1343392","formEdgeID":null},{"edgeID":"1760481","fromID":"1343392","toID":"1343388","formEdgeID":null},{"edgeID":"1760482","fromID":"1343383","toID":"1343393","formEdgeID":null},{"edgeID":"1760483","fromID":"1343393","toID":"1343389","formEdgeID":null},{"edgeID":"1760484","fromID":"1343382","toID":"1343394","formEdgeID":null},{"edgeID":"1760485","fromID":"1343394","toID":"1343388","formEdgeID":null},{"edgeID":"1760486","fromID":"1343393","toID":"1343395","formEdgeID":null},{"edgeID":"1760487","fromID":"1343395","toID":"1343394","formEdgeID":null},{"edgeID":"1760488","fromID":"1343398","toID":"1343397","formEdgeID":null},{"edgeID":"1760489","fromID":"1343399","toID":"1343398","formEdgeID":null},{"edgeID":"1760490","fromID":"1343397","toID":"1343400","formEdgeID":null},{"edgeID":"1760491","fromID":"1343400","toID":"1343396","formEdgeID":null},{"edgeID":"1760492","fromID":"1343389","toID":"1343401","formEdgeID":null},{"edgeID":"1760493","fromID":"1343401","toID":"1343397","formEdgeID":null},{"edgeID":"1760494","fromID":"1343404","toID":"1343403","formEdgeID":null},{"edgeID":"1760495","fromID":"1343405","toID":"1343404","formEdgeID":null},{"edgeID":"1760496","fromID":"1343403","toID":"1343406","formEdgeID":null},{"edgeID":"1760497","fromID":"1343406","toID":"1343402","formEdgeID":null},{"edgeID":"1760498","fromID":"1343397","toID":"1343407","formEdgeID":null},{"edgeID":"1760499","fromID":"1343407","toID":"1343403","formEdgeID":null},{"edgeID":"1760500","fromID":"1343410","toID":"1343409","formEdgeID":null},{"edgeID":"1760501","fromID":"1343411","toID":"1343410","formEdgeID":null},{"edgeID":"1760502","fromID":"1343409","toID":"1343412","formEdgeID":null},{"edgeID":"1760503","fromID":"1343412","toID":"1343408","formEdgeID":null},{"edgeID":"1760504","fromID":"1343403","toID":"1343413","formEdgeID":null},{"edgeID":"1760505","fromID":"1343413","toID":"1343409","formEdgeID":null},{"edgeID":"1760506","fromID":"1343402","toID":"1343414","formEdgeID":null},{"edgeID":"1760507","fromID":"1343414","toID":"1343408","formEdgeID":null},{"edgeID":"1760508","fromID":"1343413","toID":"1343415","formEdgeID":null},{"edgeID":"1760509","fromID":"1343415","toID":"1343414","formEdgeID":null},{"edgeID":"1760510","fromID":"1343418","toID":"1343417","formEdgeID":null},{"edgeID":"1760511","fromID":"1343419","toID":"1343418","formEdgeID":null},{"edgeID":"1760512","fromID":"1343417","toID":"1343420","formEdgeID":null},{"edgeID":"1760513","fromID":"1343420","toID":"1343416","formEdgeID":null},{"edgeID":"1760514","fromID":"1343409","toID":"1343421","formEdgeID":null},{"edgeID":"1760515","fromID":"1343421","toID":"1343417","formEdgeID":null},{"edgeID":"1760516","fromID":"1343424","toID":"1343423","formEdgeID":null},{"edgeID":"1760517","fromID":"1343425","toID":"1343424","formEdgeID":null},{"edgeID":"1760518","fromID":"1343423","toID":"1343426","formEdgeID":null},{"edgeID":"1760519","fromID":"1343426","toID":"1343422","formEdgeID":null},{"edgeID":"1760520","fromID":"1343417","toID":"1343427","formEdgeID":null},{"edgeID":"1760521","fromID":"1343427","toID":"1343423","formEdgeID":null},{"edgeID":"1760522","fromID":"1343422","toID":"1343428","formEdgeID":null},{"edgeID":"1760523","fromID":"1343428","toID":"1343416","formEdgeID":null},{"edgeID":"1760524","fromID":"1343427","toID":"1343429","formEdgeID":null},{"edgeID":"1760525","fromID":"1343429","toID":"1343428","formEdgeID":null},{"edgeID":"1760526","fromID":"1343432","toID":"1343431","formEdgeID":null},{"edgeID":"1760527","fromID":"1343433","toID":"1343432","formEdgeID":null},{"edgeID":"1760528","fromID":"1343431","toID":"1343434","formEdgeID":null},{"edgeID":"1760529","fromID":"1343434","toID":"1343430","formEdgeID":null},{"edgeID":"1760530","fromID":"1343423","toID":"1343435","formEdgeID":null},{"edgeID":"1760531","fromID":"1343435","toID":"1343431","formEdgeID":null},{"edgeID":"1760532","fromID":"1343430","toID":"1343436","formEdgeID":null},{"edgeID":"1760533","fromID":"1343436","toID":"1343422","formEdgeID":null},{"edgeID":"1760534","fromID":"1343435","toID":"1343437","formEdgeID":null},{"edgeID":"1760535","fromID":"1343437","toID":"1343436","formEdgeID":null},{"edgeID":"1760536","fromID":"1343439","toID":"1343362","formEdgeID":null},{"edgeID":"1760537","fromID":"1343440","toID":"1343439","formEdgeID":null},{"edgeID":"1760538","fromID":"1343362","toID":"1343441","formEdgeID":null},{"edgeID":"1760539","fromID":"1343441","toID":"1343438","formEdgeID":null},{"edgeID":"1760540","fromID":"1343431","toID":"1343442","formEdgeID":null},{"edgeID":"1760541","fromID":"1343442","toID":"1343362","formEdgeID":null},{"edgeID":"1760542","fromID":"1343438","toID":"1343443","formEdgeID":null},{"edgeID":"1760543","fromID":"1343443","toID":"1343430","formEdgeID":null},{"edgeID":"1760544","fromID":"1343442","toID":"1343444","formEdgeID":null},{"edgeID":"1760545","fromID":"1343444","toID":"1343443","formEdgeID":null},{"edgeID":"1760546","fromID":"1343447","toID":"1343446","formEdgeID":null},{"edgeID":"1760547","fromID":"1343448","toID":"1343447","formEdgeID":null},{"edgeID":"1760548","fromID":"1343446","toID":"1343449","formEdgeID":null},{"edgeID":"1760549","fromID":"1343449","toID":"1343445","formEdgeID":null},{"edgeID":"1760550","fromID":"1343452","toID":"1343451","formEdgeID":null},{"edgeID":"1760551","fromID":"1343453","toID":"1343452","formEdgeID":null},{"edgeID":"1760552","fromID":"1343454","toID":"1343450","formEdgeID":null},{"edgeID":"1760553","fromID":"1343451","toID":"1343454","formEdgeID":null},{"edgeID":"1760554","fromID":"1343446","toID":"1343455","formEdgeID":null},{"edgeID":"1760555","fromID":"1343455","toID":"1343451","formEdgeID":null},{"edgeID":"1760556","fromID":"1343458","toID":"1343457","formEdgeID":null},{"edgeID":"1760557","fromID":"1343459","toID":"1343458","formEdgeID":null},{"edgeID":"1760558","fromID":"1343457","toID":"1343460","formEdgeID":null},{"edgeID":"1760559","fromID":"1343460","toID":"1343456","formEdgeID":null},{"edgeID":"1760560","fromID":"1343451","toID":"1343461","formEdgeID":null},{"edgeID":"1760561","fromID":"1343461","toID":"1343457","formEdgeID":null},{"edgeID":"1760562","fromID":"1343456","toID":"1343462","formEdgeID":null},{"edgeID":"1760563","fromID":"1343462","toID":"1343450","formEdgeID":null},{"edgeID":"1760564","fromID":"1343461","toID":"1343463","formEdgeID":null},{"edgeID":"1760565","fromID":"1343463","toID":"1343462","formEdgeID":null},{"edgeID":"1760566","fromID":"1343456","toID":"1343464","formEdgeID":null},{"edgeID":"1760567","fromID":"1343464","toID":"1343438","formEdgeID":null},{"edgeID":"1760568","fromID":"1343362","toID":"1343465","formEdgeID":null},{"edgeID":"1760569","fromID":"1343465","toID":"1343457","formEdgeID":null},{"edgeID":"1760570","fromID":"1343465","toID":"1343466","formEdgeID":null},{"edgeID":"1760571","fromID":"1343466","toID":"1343464","formEdgeID":null},{"edgeID":"1760572","fromID":"1343468","toID":"1343467","formEdgeID":null},{"edgeID":"1760573","fromID":"1343469","toID":"1343468","formEdgeID":null},{"edgeID":"1760574","fromID":"1343457","toID":"1343470","formEdgeID":null},{"edgeID":"1760575","fromID":"1343470","toID":"1343467","formEdgeID":null},{"edgeID":"1760576","fromID":"1343473","toID":"1343472","formEdgeID":null},{"edgeID":"1760577","fromID":"1343474","toID":"1343473","formEdgeID":null},{"edgeID":"1760578","fromID":"1343472","toID":"1343475","formEdgeID":null},{"edgeID":"1760579","fromID":"1343475","toID":"1343471","formEdgeID":null},{"edgeID":"1760580","fromID":"1343467","toID":"1343476","formEdgeID":null},{"edgeID":"1760581","fromID":"1343476","toID":"1343472","formEdgeID":null},{"edgeID":"1760582","fromID":"1343479","toID":"1343478","formEdgeID":null},{"edgeID":"1760583","fromID":"1343480","toID":"1343479","formEdgeID":null},{"edgeID":"1760584","fromID":"1343478","toID":"1343481","formEdgeID":null},{"edgeID":"1760585","fromID":"1343481","toID":"1343477","formEdgeID":null},{"edgeID":"1760586","fromID":"1343467","toID":"1343482","formEdgeID":null},{"edgeID":"1760587","fromID":"1343482","toID":"1343478","formEdgeID":null},{"edgeID":"1760588","fromID":"1343471","toID":"1343483","formEdgeID":null},{"edgeID":"1760589","fromID":"1343483","toID":"1343477","formEdgeID":null},{"edgeID":"1760590","fromID":"1343482","toID":"1343484","formEdgeID":null},{"edgeID":"1760591","fromID":"1343484","toID":"1343483","formEdgeID":null},{"edgeID":"1760592","fromID":"1343438","toID":"1343485","formEdgeID":null},{"edgeID":"1760593","fromID":"1343485","toID":"1343422","formEdgeID":null},{"edgeID":"1760594","fromID":"1343486","toID":"1343362","formEdgeID":null},{"edgeID":"1760595","fromID":"1343423","toID":"1343486","formEdgeID":null},{"edgeID":"1760596","fromID":"1343486","toID":"1343487","formEdgeID":null},{"edgeID":"1760597","fromID":"1343487","toID":"1343485","formEdgeID":null},{"edgeID":"1760598","fromID":"1343445","toID":"1343488","formEdgeID":null},{"edgeID":"1760599","fromID":"1343488","toID":"1343450","formEdgeID":null},{"edgeID":"1760600","fromID":"1343455","toID":"1343489","formEdgeID":null},{"edgeID":"1760601","fromID":"1343489","toID":"1343488","formEdgeID":null},{"edgeID":"1760602","fromID":"1343490","toID":"1343438","formEdgeID":null},{"edgeID":"1760603","fromID":"1343470","toID":"1343490","formEdgeID":null},{"edgeID":"1760604","fromID":"1343471","toID":"1343491","formEdgeID":null},{"edgeID":"1760605","fromID":"1343491","toID":"1343456","formEdgeID":null},{"edgeID":"1760606","fromID":"1343457","toID":"1343492","formEdgeID":null},{"edgeID":"1760607","fromID":"1343492","toID":"1343467","formEdgeID":null},{"edgeID":"1760608","fromID":"1343457","toID":"1343493","formEdgeID":null},{"edgeID":"1760609","fromID":"1343493","toID":"1343467","formEdgeID":null},{"edgeID":"1760610","fromID":"1343457","toID":"1343494","formEdgeID":null},{"edgeID":"1760611","fromID":"1343494","toID":"1343467","formEdgeID":null},{"edgeID":"1760612","fromID":"1343457","toID":"1343495","formEdgeID":null},{"edgeID":"1760613","fromID":"1343495","toID":"1343467","formEdgeID":null},{"edgeID":"1760614","fromID":"1343495","toID":"1343496","formEdgeID":null},{"edgeID":"1760615","fromID":"1343496","toID":"1343491","formEdgeID":null}],"locutions":[]}