{"nodes":[{"nodeID":"1350799","text":"there is no credible pathway now to reach 1.5","type":"I","timestamp":"2023-11-09 14:09:25"},{"nodeID":"1350800","text":"Fiona Bruce: you\u2019ve got the UN saying, as Armando was referring to, that there\u2019s no credible pathway now to reach 1.5","type":"L","timestamp":"2023-11-09 14:09:25"},{"nodeID":"1350801","text":"Analysing","type":"YA","timestamp":"2023-11-09 14:09:25"},{"nodeID":"1350802","text":"Calum: Fiona Bruce: you\u2019ve got the UN saying, as Armando was referring to, that there\u2019s no credible pathway now to reach 1.5","type":"L","timestamp":"2023-11-09 14:09:25"},{"nodeID":"1350803","text":"Armando Iannucci: you\u2019ve got the UN saying that there\u2019s no credible pathway now to reach 1.5","type":"L","timestamp":"2023-11-09 14:09:25"},{"nodeID":"1350804","text":"Analysing","type":"YA","timestamp":"2023-11-09 14:09:25"},{"nodeID":"1350805","text":"Calum: Armando Iannucci: you\u2019ve got the UN saying, as Armando was referring to, that there\u2019s no credible pathway now to reach 1.5","type":"L","timestamp":"2023-11-09 14:09:25"},{"nodeID":"1350806","text":"Asserting","type":"YA","timestamp":"2023-11-09 14:09:25"},{"nodeID":"1350807","text":"United Nations: there\u2019s no credible pathway now to reach 1.5","type":"L","timestamp":"2023-11-09 14:09:25"},{"nodeID":"1350808","text":"Analysing","type":"YA","timestamp":"2023-11-09 14:09:25"},{"nodeID":"1350809","text":"Calum: United Nations: you\u2019ve got the UN saying, as Armando was referring to, that there\u2019s no credible pathway now to reach 1.5","type":"L","timestamp":"2023-11-09 14:09:25"},{"nodeID":"1350810","text":"Asserting","type":"YA","timestamp":"2023-11-09 14:09:25"},{"nodeID":"1350811","text":"Asserting","type":"YA","timestamp":"2023-11-09 14:09:25"},{"nodeID":"1350812","text":"there being no credible pathway to reach 1.5 is a complete load of nonsense","type":"I","timestamp":"2023-11-09 14:09:26"},{"nodeID":"1350813","text":"Julia Hartley-Brewer: That\u2019s a complete load of nonsense","type":"L","timestamp":"2023-11-09 14:09:26"},{"nodeID":"1350814","text":"Analysing","type":"YA","timestamp":"2023-11-09 14:09:26"},{"nodeID":"1350815","text":"Calum: Julia Hartley-Brewer: That\u2019s a complete load of nonsense","type":"L","timestamp":"2023-11-09 14:09:26"},{"nodeID":"1350816","text":"Asserting","type":"YA","timestamp":"2023-11-09 14:09:26"},{"nodeID":"1350817","text":"Default Transition","type":"TA","timestamp":"2023-11-09 14:09:26"},{"nodeID":"1350818","text":"Default Conflict","type":"CA","timestamp":"2023-11-09 14:09:26"},{"nodeID":"1350819","text":"Disagreeing","type":"YA","timestamp":"2023-11-09 14:09:26"},{"nodeID":"1350820","text":"there being no credible pathway to reach 1.5 is not backed up by the likes of IPCC","type":"I","timestamp":"2023-11-09 14:09:27"},{"nodeID":"1350821","text":"Julia Hartley-Brewer: That\u2019s not backed up by the likes of IPCC","type":"L","timestamp":"2023-11-09 14:09:27"},{"nodeID":"1350822","text":"Analysing","type":"YA","timestamp":"2023-11-09 14:09:27"},{"nodeID":"1350823","text":"Calum: Julia Hartley-Brewer: That\u2019s not backed up by the likes of IPCC","type":"L","timestamp":"2023-11-09 14:09:27"},{"nodeID":"1350824","text":"Asserting","type":"YA","timestamp":"2023-11-09 14:09:27"},{"nodeID":"1350825","text":"Default Transition","type":"TA","timestamp":"2023-11-09 14:09:27"},{"nodeID":"1350826","text":"Default Inference","type":"RA","timestamp":"2023-11-09 14:09:27"},{"nodeID":"1350827","text":"Arguing","type":"YA","timestamp":"2023-11-09 14:09:27"},{"nodeID":"1350828","text":"there being no credible pathway to reach 1.5 is a load of nonsense","type":"I","timestamp":"2023-11-09 14:09:27"},{"nodeID":"1350829","text":"Julia Hartley-Brewer: It is a load of nonsense","type":"L","timestamp":"2023-11-09 14:09:27"},{"nodeID":"1350830","text":"Analysing","type":"YA","timestamp":"2023-11-09 14:09:27"},{"nodeID":"1350831","text":"Calum: Julia Hartley-Brewer: It is a load of nonsense","type":"L","timestamp":"2023-11-09 14:09:27"},{"nodeID":"1350832","text":"Asserting","type":"YA","timestamp":"2023-11-09 14:09:27"},{"nodeID":"1350833","text":"Default Transition","type":"TA","timestamp":"2023-11-09 14:09:27"},{"nodeID":"1350834","text":"Default Rephrase","type":"MA","timestamp":"2023-11-09 14:09:27"},{"nodeID":"1350835","text":"Restating","type":"YA","timestamp":"2023-11-09 14:09:27"},{"nodeID":"1350836","text":"maybe Julia Hartley-Brewer knows better than the United Nations","type":"I","timestamp":"2023-11-09 14:09:28"},{"nodeID":"1350837","text":"Fiona Bruce: maybe you know better than the UN","type":"L","timestamp":"2023-11-09 14:09:28"},{"nodeID":"1350838","text":"Analysing","type":"YA","timestamp":"2023-11-09 14:09:28"},{"nodeID":"1350839","text":"Calum: Fiona Bruce: maybe you know better than the UN","type":"L","timestamp":"2023-11-09 14:09:28"},{"nodeID":"1350840","text":"Asserting","type":"YA","timestamp":"2023-11-09 14:09:28"},{"nodeID":"1350841","text":"Default Transition","type":"TA","timestamp":"2023-11-09 14:09:28"},{"nodeID":"1350842","text":"there is no credible pathway to reach 1.5","type":"I","timestamp":"2023-11-09 14:09:29"},{"nodeID":"1350843","text":"Fiona Bruce: This is what the UN are saying","type":"L","timestamp":"2023-11-09 14:09:29"},{"nodeID":"1350844","text":"Analysing","type":"YA","timestamp":"2023-11-09 14:09:29"},{"nodeID":"1350845","text":"Calum: Fiona Bruce: This is what the UN are saying","type":"L","timestamp":"2023-11-09 14:09:29"},{"nodeID":"1350846","text":"United Nations: There is no credible pathway to reach 1.5","type":"L","timestamp":"2023-11-09 14:09:29"},{"nodeID":"1350847","text":"Analysing","type":"YA","timestamp":"2023-11-09 14:09:29"},{"nodeID":"1350848","text":"Calum: United Nations: This is what the UN are saying","type":"L","timestamp":"2023-11-09 14:09:29"},{"nodeID":"1350849","text":"Asserting","type":"YA","timestamp":"2023-11-09 14:09:29"},{"nodeID":"1350850","text":"Asserting","type":"YA","timestamp":"2023-11-09 14:09:29"},{"nodeID":"1350851","text":"Default Transition","type":"TA","timestamp":"2023-11-09 14:09:29"},{"nodeID":"1350852","text":"Default Rephrase","type":"MA","timestamp":"2023-11-09 14:09:29"},{"nodeID":"1350853","text":"Default Transition","type":"TA","timestamp":"2023-11-09 14:09:29"},{"nodeID":"1350854","text":"Restating","type":"YA","timestamp":"2023-11-09 14:09:29"},{"nodeID":"1350855","text":"the current policies may lead to 2.8 degrees warming this century","type":"I","timestamp":"2023-11-09 14:09:29"},{"nodeID":"1350856","text":"Fiona Bruce: the current policies may lead to 2.8 degrees warming this century","type":"L","timestamp":"2023-11-09 14:09:29"},{"nodeID":"1350857","text":"Analysing","type":"YA","timestamp":"2023-11-09 14:09:29"},{"nodeID":"1350858","text":"Calum: Fiona Bruce: the current policies may lead to 2.8 degrees warming this century","type":"L","timestamp":"2023-11-09 14:09:29"},{"nodeID":"1350859","text":"Asserting","type":"YA","timestamp":"2023-11-09 14:09:29"},{"nodeID":"1350860","text":"Default Conflict","type":"CA","timestamp":"2023-11-09 14:09:29"},{"nodeID":"1350861","text":"Default Transition","type":"TA","timestamp":"2023-11-09 14:09:29"},{"nodeID":"1350862","text":"Disagreeing","type":"YA","timestamp":"2023-11-09 14:09:29"},{"nodeID":"1350863","text":"Default Transition","type":"TA","timestamp":"2023-11-09 14:09:29"},{"nodeID":"1350864","text":"Default Inference","type":"RA","timestamp":"2023-11-09 14:09:29"},{"nodeID":"1350865","text":"Arguing","type":"YA","timestamp":"2023-11-09 14:09:29"},{"nodeID":"1350866","text":"those climate models have been exposed as complete nonsense again and again and again","type":"I","timestamp":"2023-11-09 14:09:30"},{"nodeID":"1350867","text":"Julia Hartley-Brewer: Those climate models have been\u2026they have been exposed as complete nonsense again and again and again","type":"L","timestamp":"2023-11-09 14:09:30"},{"nodeID":"1350868","text":"Analysing","type":"YA","timestamp":"2023-11-09 14:09:30"},{"nodeID":"1350869","text":"Calum: Julia Hartley-Brewer: Those climate models have been\u2026they have been exposed as complete nonsense again and again and again","type":"L","timestamp":"2023-11-09 14:09:30"},{"nodeID":"1350870","text":"Asserting","type":"YA","timestamp":"2023-11-09 14:09:30"},{"nodeID":"1350871","text":"the climate models are the most extreme end of the scientific models contained in those IPCC reports","type":"I","timestamp":"2023-11-09 14:09:31"},{"nodeID":"1350872","text":"Julia Hartley-Brewer: They are the most extreme end of the scientific models contained in those IPCC reports","type":"L","timestamp":"2023-11-09 14:09:31"},{"nodeID":"1350873","text":"Analysing","type":"YA","timestamp":"2023-11-09 14:09:31"},{"nodeID":"1350874","text":"Calum: Julia Hartley-Brewer: They are the most extreme end of the scientific models contained in those IPCC reports","type":"L","timestamp":"2023-11-09 14:09:31"},{"nodeID":"1350875","text":"Asserting","type":"YA","timestamp":"2023-11-09 14:09:31"},{"nodeID":"1350876","text":"even if it were true that the current policies may lead to 2.8 degrees warming this century that would not necessarily be an issue","type":"I","timestamp":"2023-11-09 14:09:31"},{"nodeID":"1350877","text":"Julia Hartley-Brewer: even if it were true, even if it were, would that necessarily be an issue","type":"L","timestamp":"2023-11-09 14:09:31"},{"nodeID":"1350878","text":"Analysing","type":"YA","timestamp":"2023-11-09 14:09:31"},{"nodeID":"1350879","text":"Calum: Julia Hartley-Brewer: even if it were true, even if it were, would that necessarily be an issue","type":"L","timestamp":"2023-11-09 14:09:31"},{"nodeID":"1350880","text":"Assertive Questioning","type":"YA","timestamp":"2023-11-09 14:09:31"},{"nodeID":"1350881","text":"that\u2019s beside the point for the kind of protests we\u2019re seeing","type":"I","timestamp":"2023-11-09 14:09:32"},{"nodeID":"1350882","text":"Julia Hartley-Brewer: that\u2019s beside the point for the kind of protests we\u2019re seeing","type":"L","timestamp":"2023-11-09 14:09:32"},{"nodeID":"1350883","text":"Analysing","type":"YA","timestamp":"2023-11-09 14:09:32"},{"nodeID":"1350884","text":"Calum: Julia Hartley-Brewer: that\u2019s beside the point for the kind of protests we\u2019re seeing","type":"L","timestamp":"2023-11-09 14:09:32"},{"nodeID":"1350885","text":"Asserting","type":"YA","timestamp":"2023-11-09 14:09:32"},{"nodeID":"1350886","text":"you\u2019ve got a lot of very entitled middle-class people who have had a very nice life who want to stop people living good lives","type":"I","timestamp":"2023-11-09 14:09:33"},{"nodeID":"1350887","text":"Julia Hartley-Brewer: you\u2019ve got a lot of very entitled middle-class people who have had a very nice life who want to stop","type":"L","timestamp":"2023-11-09 14:09:33"},{"nodeID":"1350888","text":"Analysing","type":"YA","timestamp":"2023-11-09 14:09:33"},{"nodeID":"1350889","text":"Calum: Julia Hartley-Brewer: you\u2019ve got a lot of very entitled middle-class people who have had a very nice life who want to stop","type":"L","timestamp":"2023-11-09 14:09:33"},{"nodeID":"1350890","text":"Asserting","type":"YA","timestamp":"2023-11-09 14:09:33"},{"nodeID":"1350891","text":"Default Transition","type":"TA","timestamp":"2023-11-09 14:09:33"},{"nodeID":"1350892","text":"Default Conflict","type":"CA","timestamp":"2023-11-09 14:09:33"},{"nodeID":"1350893","text":"Disagreeing","type":"YA","timestamp":"2023-11-09 14:09:33"},{"nodeID":"1350894","text":"Default Transition","type":"TA","timestamp":"2023-11-09 14:09:33"},{"nodeID":"1350895","text":"Default Inference","type":"RA","timestamp":"2023-11-09 14:09:33"},{"nodeID":"1350896","text":"Arguing","type":"YA","timestamp":"2023-11-09 14:09:33"},{"nodeID":"1350897","text":"Default Transition","type":"TA","timestamp":"2023-11-09 14:09:33"},{"nodeID":"1350898","text":"Default Conflict","type":"CA","timestamp":"2023-11-09 14:09:33"},{"nodeID":"1350899","text":"Disagreeing","type":"YA","timestamp":"2023-11-09 14:09:33"},{"nodeID":"1350900","text":"Default Transition","type":"TA","timestamp":"2023-11-09 14:09:33"},{"nodeID":"1350901","text":"Default Inference","type":"RA","timestamp":"2023-11-09 14:09:33"},{"nodeID":"1350902","text":"Arguing","type":"YA","timestamp":"2023-11-09 14:09:33"},{"nodeID":"1350903","text":"Default Transition","type":"TA","timestamp":"2023-11-09 14:09:33"},{"nodeID":"1350904","text":"Default Inference","type":"RA","timestamp":"2023-11-09 14:09:33"},{"nodeID":"1350905","text":"Arguing","type":"YA","timestamp":"2023-11-09 14:09:33"},{"nodeID":"1350906","text":"we do or do not know the protestors are middle-class people","type":"I","timestamp":"2023-11-09 14:09:33"},{"nodeID":"1350907","text":"Fiona Bruce: Do we know they\u2019re middle-class people","type":"L","timestamp":"2023-11-09 14:09:33"},{"nodeID":"1350908","text":"Analysing","type":"YA","timestamp":"2023-11-09 14:09:33"},{"nodeID":"1350909","text":"Calum: Fiona Bruce: Do we know they\u2019re middle-class people","type":"L","timestamp":"2023-11-09 14:09:33"},{"nodeID":"1350910","text":"Pure Questioning","type":"YA","timestamp":"2023-11-09 14:09:33"},{"nodeID":"1350911","text":"Default Transition","type":"TA","timestamp":"2023-11-09 14:09:33"},{"nodeID":"1350912","text":"the protesters are pretty much middle-class people","type":"I","timestamp":"2023-11-09 14:09:34"},{"nodeID":"1350913","text":"Julia Hartley-Brewer: They pretty much are, actually, yes","type":"L","timestamp":"2023-11-09 14:09:34"},{"nodeID":"1350914","text":"Analysing","type":"YA","timestamp":"2023-11-09 14:09:34"},{"nodeID":"1350915","text":"Calum: Julia Hartley-Brewer: They pretty much are, actually, yes","type":"L","timestamp":"2023-11-09 14:09:34"},{"nodeID":"1350916","text":"Asserting","type":"YA","timestamp":"2023-11-09 14:09:34"},{"nodeID":"1350917","text":"Default Transition","type":"TA","timestamp":"2023-11-09 14:09:34"},{"nodeID":"1350918","text":"Default Inference","type":"RA","timestamp":"2023-11-09 14:09:34"},{"nodeID":"1350919","text":"Default Illocuting","type":"YA","timestamp":"2023-11-09 14:09:34"},{"nodeID":"1350920","text":"we do know that the protesters are pretty much middle-class people","type":"I","timestamp":"2023-11-09 14:09:35"},{"nodeID":"1350921","text":"Julia Hartley-Brewer: we do","type":"L","timestamp":"2023-11-09 14:09:35"},{"nodeID":"1350922","text":"Analysing","type":"YA","timestamp":"2023-11-09 14:09:35"},{"nodeID":"1350923","text":"Calum: Julia Hartley-Brewer: we do","type":"L","timestamp":"2023-11-09 14:09:35"},{"nodeID":"1350924","text":"Asserting","type":"YA","timestamp":"2023-11-09 14:09:35"},{"nodeID":"1350925","text":"the protesters want to stop other people living good lives","type":"I","timestamp":"2023-11-09 14:09:35"},{"nodeID":"1350926","text":"Julia Hartley-Brewer: They want to stop other people living good lives","type":"L","timestamp":"2023-11-09 14:09:35"},{"nodeID":"1350927","text":"Analysing","type":"YA","timestamp":"2023-11-09 14:09:35"},{"nodeID":"1350928","text":"Calum: Julia Hartley-Brewer: They want to stop other people living good lives","type":"L","timestamp":"2023-11-09 14:09:35"},{"nodeID":"1350929","text":"Asserting","type":"YA","timestamp":"2023-11-09 14:09:35"},{"nodeID":"1350930","text":"Julia Hartley-Brewer has been checking out protesters individually","type":"I","timestamp":"2023-11-09 14:09:36"},{"nodeID":"1350931","text":"David Lammy: You\u2019ve been checking them out individually, Julia","type":"L","timestamp":"2023-11-09 14:09:36"},{"nodeID":"1350932","text":"Analysing","type":"YA","timestamp":"2023-11-09 14:09:36"},{"nodeID":"1350933","text":"Calum: David Lammy: You\u2019ve been checking them out individually, Julia","type":"L","timestamp":"2023-11-09 14:09:36"},{"nodeID":"1350934","text":"Asserting","type":"YA","timestamp":"2023-11-09 14:09:36"},{"nodeID":"1350935","text":"Julia Hartley-Brewer does or does not have the names of protesters","type":"I","timestamp":"2023-11-09 14:09:37"},{"nodeID":"1350936","text":"David Lammy: Do you have the names","type":"L","timestamp":"2023-11-09 14:09:37"},{"nodeID":"1350937","text":"Analysing","type":"YA","timestamp":"2023-11-09 14:09:37"},{"nodeID":"1350938","text":"Calum: David Lammy: Do you have the names","type":"L","timestamp":"2023-11-09 14:09:37"},{"nodeID":"1350939","text":"Pure Questioning","type":"YA","timestamp":"2023-11-09 14:09:37"},{"nodeID":"1350940","text":"Default Transition","type":"TA","timestamp":"2023-11-09 14:09:37"},{"nodeID":"1350941","text":"Default Transition","type":"TA","timestamp":"2023-11-09 14:09:37"},{"nodeID":"1350942","text":"Default Rephrase","type":"MA","timestamp":"2023-11-09 14:09:37"},{"nodeID":"1350943","text":"Restating","type":"YA","timestamp":"2023-11-09 14:09:37"},{"nodeID":"1350944","text":"Default Transition","type":"TA","timestamp":"2023-11-09 14:09:37"},{"nodeID":"1350945","text":"Default Rephrase","type":"MA","timestamp":"2023-11-09 14:09:37"},{"nodeID":"1350946","text":"Restating","type":"YA","timestamp":"2023-11-09 14:09:37"},{"nodeID":"1350947","text":"Default Transition","type":"TA","timestamp":"2023-11-09 14:09:37"}],"edges":[{"edgeID":"1769294","fromID":"1350801","toID":"1350800","formEdgeID":null},{"edgeID":"1769295","fromID":"1350802","toID":"1350801","formEdgeID":null},{"edgeID":"1769296","fromID":"1350804","toID":"1350803","formEdgeID":null},{"edgeID":"1769297","fromID":"1350805","toID":"1350804","formEdgeID":null},{"edgeID":"1769298","fromID":"1350800","toID":"1350806","formEdgeID":null},{"edgeID":"1769299","fromID":"1350806","toID":"1350803","formEdgeID":null},{"edgeID":"1769300","fromID":"1350808","toID":"1350807","formEdgeID":null},{"edgeID":"1769301","fromID":"1350809","toID":"1350808","formEdgeID":null},{"edgeID":"1769302","fromID":"1350807","toID":"1350810","formEdgeID":null},{"edgeID":"1769303","fromID":"1350810","toID":"1350799","formEdgeID":null},{"edgeID":"1769304","fromID":"1350803","toID":"1350811","formEdgeID":null},{"edgeID":"1769305","fromID":"1350811","toID":"1350807","formEdgeID":null},{"edgeID":"1769306","fromID":"1350814","toID":"1350813","formEdgeID":null},{"edgeID":"1769307","fromID":"1350815","toID":"1350814","formEdgeID":null},{"edgeID":"1769308","fromID":"1350813","toID":"1350816","formEdgeID":null},{"edgeID":"1769309","fromID":"1350816","toID":"1350812","formEdgeID":null},{"edgeID":"1769310","fromID":"1350800","toID":"1350817","formEdgeID":null},{"edgeID":"1769311","fromID":"1350817","toID":"1350813","formEdgeID":null},{"edgeID":"1769312","fromID":"1350812","toID":"1350818","formEdgeID":null},{"edgeID":"1769313","fromID":"1350818","toID":"1350799","formEdgeID":null},{"edgeID":"1769314","fromID":"1350817","toID":"1350819","formEdgeID":null},{"edgeID":"1769315","fromID":"1350819","toID":"1350818","formEdgeID":null},{"edgeID":"1769316","fromID":"1350822","toID":"1350821","formEdgeID":null},{"edgeID":"1769317","fromID":"1350823","toID":"1350822","formEdgeID":null},{"edgeID":"1769318","fromID":"1350821","toID":"1350824","formEdgeID":null},{"edgeID":"1769319","fromID":"1350824","toID":"1350820","formEdgeID":null},{"edgeID":"1769320","fromID":"1350813","toID":"1350825","formEdgeID":null},{"edgeID":"1769321","fromID":"1350825","toID":"1350821","formEdgeID":null},{"edgeID":"1769322","fromID":"1350820","toID":"1350826","formEdgeID":null},{"edgeID":"1769323","fromID":"1350826","toID":"1350812","formEdgeID":null},{"edgeID":"1769324","fromID":"1350825","toID":"1350827","formEdgeID":null},{"edgeID":"1769325","fromID":"1350827","toID":"1350826","formEdgeID":null},{"edgeID":"1769326","fromID":"1350830","toID":"1350829","formEdgeID":null},{"edgeID":"1769327","fromID":"1350831","toID":"1350830","formEdgeID":null},{"edgeID":"1769328","fromID":"1350829","toID":"1350832","formEdgeID":null},{"edgeID":"1769329","fromID":"1350832","toID":"1350828","formEdgeID":null},{"edgeID":"1769330","fromID":"1350813","toID":"1350833","formEdgeID":null},{"edgeID":"1769331","fromID":"1350833","toID":"1350829","formEdgeID":null},{"edgeID":"1769332","fromID":"1350828","toID":"1350834","formEdgeID":null},{"edgeID":"1769333","fromID":"1350834","toID":"1350812","formEdgeID":null},{"edgeID":"1769334","fromID":"1350833","toID":"1350835","formEdgeID":null},{"edgeID":"1769335","fromID":"1350835","toID":"1350834","formEdgeID":null},{"edgeID":"1769336","fromID":"1350838","toID":"1350837","formEdgeID":null},{"edgeID":"1769337","fromID":"1350839","toID":"1350838","formEdgeID":null},{"edgeID":"1769338","fromID":"1350837","toID":"1350840","formEdgeID":null},{"edgeID":"1769339","fromID":"1350840","toID":"1350836","formEdgeID":null},{"edgeID":"1769340","fromID":"1350829","toID":"1350841","formEdgeID":null},{"edgeID":"1769341","fromID":"1350841","toID":"1350837","formEdgeID":null},{"edgeID":"1769342","fromID":"1350844","toID":"1350843","formEdgeID":null},{"edgeID":"1769343","fromID":"1350845","toID":"1350844","formEdgeID":null},{"edgeID":"1769344","fromID":"1350847","toID":"1350846","formEdgeID":null},{"edgeID":"1769345","fromID":"1350848","toID":"1350847","formEdgeID":null},{"edgeID":"1769346","fromID":"1350846","toID":"1350849","formEdgeID":null},{"edgeID":"1769347","fromID":"1350849","toID":"1350842","formEdgeID":null},{"edgeID":"1769348","fromID":"1350843","toID":"1350850","formEdgeID":null},{"edgeID":"1769349","fromID":"1350850","toID":"1350846","formEdgeID":null},{"edgeID":"1769350","fromID":"1350837","toID":"1350851","formEdgeID":null},{"edgeID":"1769351","fromID":"1350851","toID":"1350843","formEdgeID":null},{"edgeID":"1769352","fromID":"1350842","toID":"1350852","formEdgeID":null},{"edgeID":"1769353","fromID":"1350852","toID":"1350799","formEdgeID":null},{"edgeID":"1769354","fromID":"1350800","toID":"1350853","formEdgeID":null},{"edgeID":"1769355","fromID":"1350853","toID":"1350843","formEdgeID":null},{"edgeID":"1769356","fromID":"1350853","toID":"1350854","formEdgeID":null},{"edgeID":"1769357","fromID":"1350854","toID":"1350852","formEdgeID":null},{"edgeID":"1769358","fromID":"1350857","toID":"1350856","formEdgeID":null},{"edgeID":"1769359","fromID":"1350858","toID":"1350857","formEdgeID":null},{"edgeID":"1769360","fromID":"1350856","toID":"1350859","formEdgeID":null},{"edgeID":"1769361","fromID":"1350859","toID":"1350855","formEdgeID":null},{"edgeID":"1769362","fromID":"1350842","toID":"1350860","formEdgeID":null},{"edgeID":"1769363","fromID":"1350860","toID":"1350828","formEdgeID":null},{"edgeID":"1769364","fromID":"1350829","toID":"1350861","formEdgeID":null},{"edgeID":"1769365","fromID":"1350861","toID":"1350843","formEdgeID":null},{"edgeID":"1769366","fromID":"1350861","toID":"1350862","formEdgeID":null},{"edgeID":"1769367","fromID":"1350862","toID":"1350860","formEdgeID":null},{"edgeID":"1769368","fromID":"1350843","toID":"1350863","formEdgeID":null},{"edgeID":"1769369","fromID":"1350863","toID":"1350856","formEdgeID":null},{"edgeID":"1769370","fromID":"1350855","toID":"1350864","formEdgeID":null},{"edgeID":"1769371","fromID":"1350864","toID":"1350842","formEdgeID":null},{"edgeID":"1769372","fromID":"1350863","toID":"1350865","formEdgeID":null},{"edgeID":"1769373","fromID":"1350865","toID":"1350864","formEdgeID":null},{"edgeID":"1769374","fromID":"1350868","toID":"1350867","formEdgeID":null},{"edgeID":"1769375","fromID":"1350869","toID":"1350868","formEdgeID":null},{"edgeID":"1769376","fromID":"1350867","toID":"1350870","formEdgeID":null},{"edgeID":"1769377","fromID":"1350870","toID":"1350866","formEdgeID":null},{"edgeID":"1769378","fromID":"1350873","toID":"1350872","formEdgeID":null},{"edgeID":"1769379","fromID":"1350874","toID":"1350873","formEdgeID":null},{"edgeID":"1769380","fromID":"1350872","toID":"1350875","formEdgeID":null},{"edgeID":"1769381","fromID":"1350875","toID":"1350871","formEdgeID":null},{"edgeID":"1769382","fromID":"1350878","toID":"1350877","formEdgeID":null},{"edgeID":"1769383","fromID":"1350879","toID":"1350878","formEdgeID":null},{"edgeID":"1769384","fromID":"1350877","toID":"1350880","formEdgeID":null},{"edgeID":"1769385","fromID":"1350880","toID":"1350876","formEdgeID":null},{"edgeID":"1769386","fromID":"1350883","toID":"1350882","formEdgeID":null},{"edgeID":"1769387","fromID":"1350884","toID":"1350883","formEdgeID":null},{"edgeID":"1769388","fromID":"1350882","toID":"1350885","formEdgeID":null},{"edgeID":"1769389","fromID":"1350885","toID":"1350881","formEdgeID":null},{"edgeID":"1769390","fromID":"1350888","toID":"1350887","formEdgeID":null},{"edgeID":"1769391","fromID":"1350889","toID":"1350888","formEdgeID":null},{"edgeID":"1769392","fromID":"1350887","toID":"1350890","formEdgeID":null},{"edgeID":"1769393","fromID":"1350890","toID":"1350886","formEdgeID":null},{"edgeID":"1769394","fromID":"1350856","toID":"1350891","formEdgeID":null},{"edgeID":"1769395","fromID":"1350891","toID":"1350867","formEdgeID":null},{"edgeID":"1769396","fromID":"1350866","toID":"1350892","formEdgeID":null},{"edgeID":"1769397","fromID":"1350892","toID":"1350855","formEdgeID":null},{"edgeID":"1769398","fromID":"1350891","toID":"1350893","formEdgeID":null},{"edgeID":"1769399","fromID":"1350893","toID":"1350892","formEdgeID":null},{"edgeID":"1769400","fromID":"1350867","toID":"1350894","formEdgeID":null},{"edgeID":"1769401","fromID":"1350894","toID":"1350872","formEdgeID":null},{"edgeID":"1769402","fromID":"1350871","toID":"1350895","formEdgeID":null},{"edgeID":"1769403","fromID":"1350895","toID":"1350866","formEdgeID":null},{"edgeID":"1769404","fromID":"1350894","toID":"1350896","formEdgeID":null},{"edgeID":"1769405","fromID":"1350896","toID":"1350895","formEdgeID":null},{"edgeID":"1769406","fromID":"1350856","toID":"1350897","formEdgeID":null},{"edgeID":"1769407","fromID":"1350897","toID":"1350877","formEdgeID":null},{"edgeID":"1769408","fromID":"1350876","toID":"1350898","formEdgeID":null},{"edgeID":"1769409","fromID":"1350898","toID":"1350855","formEdgeID":null},{"edgeID":"1769410","fromID":"1350897","toID":"1350899","formEdgeID":null},{"edgeID":"1769411","fromID":"1350899","toID":"1350898","formEdgeID":null},{"edgeID":"1769412","fromID":"1350877","toID":"1350900","formEdgeID":null},{"edgeID":"1769413","fromID":"1350900","toID":"1350882","formEdgeID":null},{"edgeID":"1769414","fromID":"1350881","toID":"1350901","formEdgeID":null},{"edgeID":"1769415","fromID":"1350901","toID":"1350876","formEdgeID":null},{"edgeID":"1769416","fromID":"1350900","toID":"1350902","formEdgeID":null},{"edgeID":"1769417","fromID":"1350902","toID":"1350901","formEdgeID":null},{"edgeID":"1769418","fromID":"1350882","toID":"1350903","formEdgeID":null},{"edgeID":"1769419","fromID":"1350903","toID":"1350887","formEdgeID":null},{"edgeID":"1769420","fromID":"1350886","toID":"1350904","formEdgeID":null},{"edgeID":"1769421","fromID":"1350904","toID":"1350881","formEdgeID":null},{"edgeID":"1769422","fromID":"1350903","toID":"1350905","formEdgeID":null},{"edgeID":"1769423","fromID":"1350905","toID":"1350904","formEdgeID":null},{"edgeID":"1769424","fromID":"1350908","toID":"1350907","formEdgeID":null},{"edgeID":"1769425","fromID":"1350909","toID":"1350908","formEdgeID":null},{"edgeID":"1769426","fromID":"1350907","toID":"1350910","formEdgeID":null},{"edgeID":"1769427","fromID":"1350910","toID":"1350906","formEdgeID":null},{"edgeID":"1769428","fromID":"1350887","toID":"1350911","formEdgeID":null},{"edgeID":"1769429","fromID":"1350911","toID":"1350907","formEdgeID":null},{"edgeID":"1769430","fromID":"1350914","toID":"1350913","formEdgeID":null},{"edgeID":"1769431","fromID":"1350915","toID":"1350914","formEdgeID":null},{"edgeID":"1769432","fromID":"1350913","toID":"1350916","formEdgeID":null},{"edgeID":"1769433","fromID":"1350916","toID":"1350912","formEdgeID":null},{"edgeID":"1769434","fromID":"1350907","toID":"1350917","formEdgeID":null},{"edgeID":"1769435","fromID":"1350917","toID":"1350913","formEdgeID":null},{"edgeID":"1769436","fromID":"1350912","toID":"1350918","formEdgeID":null},{"edgeID":"1769437","fromID":"1350918","toID":"1350906","formEdgeID":null},{"edgeID":"1769438","fromID":"1350917","toID":"1350919","formEdgeID":null},{"edgeID":"1769439","fromID":"1350919","toID":"1350918","formEdgeID":null},{"edgeID":"1769440","fromID":"1350922","toID":"1350921","formEdgeID":null},{"edgeID":"1769441","fromID":"1350923","toID":"1350922","formEdgeID":null},{"edgeID":"1769442","fromID":"1350921","toID":"1350924","formEdgeID":null},{"edgeID":"1769443","fromID":"1350924","toID":"1350920","formEdgeID":null},{"edgeID":"1769444","fromID":"1350927","toID":"1350926","formEdgeID":null},{"edgeID":"1769445","fromID":"1350928","toID":"1350927","formEdgeID":null},{"edgeID":"1769446","fromID":"1350926","toID":"1350929","formEdgeID":null},{"edgeID":"1769447","fromID":"1350929","toID":"1350925","formEdgeID":null},{"edgeID":"1769448","fromID":"1350932","toID":"1350931","formEdgeID":null},{"edgeID":"1769449","fromID":"1350933","toID":"1350932","formEdgeID":null},{"edgeID":"1769450","fromID":"1350931","toID":"1350934","formEdgeID":null},{"edgeID":"1769451","fromID":"1350934","toID":"1350930","formEdgeID":null},{"edgeID":"1769452","fromID":"1350937","toID":"1350936","formEdgeID":null},{"edgeID":"1769453","fromID":"1350938","toID":"1350937","formEdgeID":null},{"edgeID":"1769454","fromID":"1350936","toID":"1350939","formEdgeID":null},{"edgeID":"1769455","fromID":"1350939","toID":"1350935","formEdgeID":null},{"edgeID":"1769456","fromID":"1350936","toID":"1350940","formEdgeID":null},{"edgeID":"1769457","fromID":"1350940","toID":"1350931","formEdgeID":null},{"edgeID":"1769458","fromID":"1350913","toID":"1350941","formEdgeID":null},{"edgeID":"1769459","fromID":"1350941","toID":"1350921","formEdgeID":null},{"edgeID":"1769460","fromID":"1350920","toID":"1350942","formEdgeID":null},{"edgeID":"1769461","fromID":"1350942","toID":"1350912","formEdgeID":null},{"edgeID":"1769462","fromID":"1350941","toID":"1350943","formEdgeID":null},{"edgeID":"1769463","fromID":"1350943","toID":"1350942","formEdgeID":null},{"edgeID":"1769464","fromID":"1350887","toID":"1350944","formEdgeID":null},{"edgeID":"1769465","fromID":"1350944","toID":"1350926","formEdgeID":null},{"edgeID":"1769466","fromID":"1350925","toID":"1350945","formEdgeID":null},{"edgeID":"1769467","fromID":"1350945","toID":"1350886","formEdgeID":null},{"edgeID":"1769468","fromID":"1350944","toID":"1350946","formEdgeID":null},{"edgeID":"1769469","fromID":"1350946","toID":"1350945","formEdgeID":null},{"edgeID":"1769470","fromID":"1350926","toID":"1350947","formEdgeID":null},{"edgeID":"1769471","fromID":"1350947","toID":"1350936","formEdgeID":null}],"locutions":[]}