{"nodes":[{"nodeID":"1340447","text":"the NHS is really good at lots of things","type":"I","timestamp":"2023-11-09 13:53:49"},{"nodeID":"1340448","text":"Julia Hartley-Brewer: The NHS is really good at lots of things","type":"L","timestamp":"2023-11-09 13:53:49"},{"nodeID":"1340449","text":"Analysing","type":"YA","timestamp":"2023-11-09 13:53:49"},{"nodeID":"1340450","text":"Nette: Julia Hartley-Brewer: The NHS is really good at lots of things","type":"L","timestamp":"2023-11-09 13:53:49"},{"nodeID":"1340451","text":"Asserting","type":"YA","timestamp":"2023-11-09 13:53:49"},{"nodeID":"1340452","text":"the one thing the NHS is not really good at is saving lives","type":"I","timestamp":"2023-11-09 13:53:50"},{"nodeID":"1340453","text":"Julia Hartley-Brewer: The one thing it\u2019s not really good at is saving lives, unfortunately","type":"L","timestamp":"2023-11-09 13:53:50"},{"nodeID":"1340454","text":"Analysing","type":"YA","timestamp":"2023-11-09 13:53:50"},{"nodeID":"1340455","text":"Nette: Julia Hartley-Brewer: The one thing it\u2019s not really good at is saving lives, unfortunately","type":"L","timestamp":"2023-11-09 13:53:50"},{"nodeID":"1340456","text":"Asserting","type":"YA","timestamp":"2023-11-09 13:53:50"},{"nodeID":"1340457","text":"Default Conflict","type":"CA","timestamp":"2023-11-09 13:53:50"},{"nodeID":"1340458","text":"Default Transition","type":"TA","timestamp":"2023-11-09 13:53:50"},{"nodeID":"1340459","text":"Disagreeing","type":"YA","timestamp":"2023-11-09 13:53:50"},{"nodeID":"1340460","text":"the NHS has some very bad metrics on the front of saving lives","type":"I","timestamp":"2023-11-09 13:53:51"},{"nodeID":"1340461","text":"Julia Hartley-Brewer: We have some very bad metrics on that front","type":"L","timestamp":"2023-11-09 13:53:51"},{"nodeID":"1340462","text":"Analysing","type":"YA","timestamp":"2023-11-09 13:53:51"},{"nodeID":"1340463","text":"Nette: Julia Hartley-Brewer: We have some very bad metrics on that front","type":"L","timestamp":"2023-11-09 13:53:51"},{"nodeID":"1340464","text":"Asserting","type":"YA","timestamp":"2023-11-09 13:53:51"},{"nodeID":"1340465","text":"you\u2019ve got any serious diseases","type":"I","timestamp":"2023-11-09 13:53:51"},{"nodeID":"1340466","text":"Julia Hartley-Brewer: you\u2019ve got any serious diseases","type":"L","timestamp":"2023-11-09 13:53:51"},{"nodeID":"1340467","text":"Analysing","type":"YA","timestamp":"2023-11-09 13:53:51"},{"nodeID":"1340468","text":"Nette: Julia Hartley-Brewer: you\u2019ve got any serious diseases","type":"L","timestamp":"2023-11-09 13:53:51"},{"nodeID":"1340469","text":"Asserting","type":"YA","timestamp":"2023-11-09 13:53:51"},{"nodeID":"1340470","text":"Default Inference","type":"RA","timestamp":"2023-11-09 13:53:51"},{"nodeID":"1340471","text":"Default Transition","type":"TA","timestamp":"2023-11-09 13:53:51"},{"nodeID":"1340472","text":"Default Transition","type":"TA","timestamp":"2023-11-09 13:53:51"},{"nodeID":"1340473","text":"a lot of the bad metrics on saving lives is a long-term problem","type":"I","timestamp":"2023-11-09 13:53:52"},{"nodeID":"1340474","text":"Julia Hartley-Brewer: And a lot of that, I think you\u2019re quite right, is long-term","type":"L","timestamp":"2023-11-09 13:53:52"},{"nodeID":"1340475","text":"Analysing","type":"YA","timestamp":"2023-11-09 13:53:52"},{"nodeID":"1340476","text":"Nette: Julia Hartley-Brewer: And a lot of that, I think you\u2019re quite right, is long-term","type":"L","timestamp":"2023-11-09 13:53:52"},{"nodeID":"1340477","text":"Asserting","type":"YA","timestamp":"2023-11-09 13:53:52"},{"nodeID":"1340478","text":"Default Rephrase","type":"MA","timestamp":"2023-11-09 13:53:52"},{"nodeID":"1340479","text":"Default Transition","type":"TA","timestamp":"2023-11-09 13:53:52"},{"nodeID":"1340480","text":"Restating","type":"YA","timestamp":"2023-11-09 13:53:52"},{"nodeID":"1340481","text":"even when there was austerity under Cameron, funding for the NHS did go up","type":"I","timestamp":"2023-11-09 13:53:53"},{"nodeID":"1340482","text":"Julia Hartley-Brewer: even when there was austerity under Cameron, it did go up","type":"L","timestamp":"2023-11-09 13:53:53"},{"nodeID":"1340483","text":"Analysing","type":"YA","timestamp":"2023-11-09 13:53:53"},{"nodeID":"1340484","text":"Nette: Julia Hartley-Brewer: even when there was austerity under Cameron, it did go up","type":"L","timestamp":"2023-11-09 13:53:53"},{"nodeID":"1340485","text":"Asserting","type":"YA","timestamp":"2023-11-09 13:53:53"},{"nodeID":"1340486","text":"Default Transition","type":"TA","timestamp":"2023-11-09 13:53:53"},{"nodeID":"1340487","text":"funding for the NHS didn\u2019t go up by as much as it had gone up under Blair and Brown","type":"I","timestamp":"2023-11-09 13:53:53"},{"nodeID":"1340488","text":"Julia Hartley-Brewer: it didn\u2019t go up by as much as it had gone up under Blair and Brown","type":"L","timestamp":"2023-11-09 13:53:53"},{"nodeID":"1340489","text":"Analysing","type":"YA","timestamp":"2023-11-09 13:53:53"},{"nodeID":"1340490","text":"Nette: Julia Hartley-Brewer: it didn\u2019t go up by as much as it had gone up under Blair and Brown","type":"L","timestamp":"2023-11-09 13:53:53"},{"nodeID":"1340491","text":"Asserting","type":"YA","timestamp":"2023-11-09 13:53:53"},{"nodeID":"1340492","text":"Default Transition","type":"TA","timestamp":"2023-11-09 13:53:53"},{"nodeID":"1340493","text":"Default Conflict","type":"CA","timestamp":"2023-11-09 13:53:53"},{"nodeID":"1340494","text":"Disagreeing","type":"YA","timestamp":"2023-11-09 13:53:53"},{"nodeID":"1340495","text":"that funding didn't go up by as much as it had gone up under Blair and Brown is a simple fact","type":"I","timestamp":"2023-11-09 13:53:54"},{"nodeID":"1340496","text":"Julia Hartley-Brewer: That is a simple fact","type":"L","timestamp":"2023-11-09 13:53:54"},{"nodeID":"1340497","text":"Analysing","type":"YA","timestamp":"2023-11-09 13:53:54"},{"nodeID":"1340498","text":"Nette: Julia Hartley-Brewer: That is a simple fact","type":"L","timestamp":"2023-11-09 13:53:54"},{"nodeID":"1340499","text":"Asserting","type":"YA","timestamp":"2023-11-09 13:53:54"},{"nodeID":"1340500","text":"Default Transition","type":"TA","timestamp":"2023-11-09 13:53:54"},{"nodeID":"1340501","text":"Default Rephrase","type":"MA","timestamp":"2023-11-09 13:53:54"},{"nodeID":"1340502","text":"Restating","type":"YA","timestamp":"2023-11-09 13:53:54"},{"nodeID":"1340503","text":"at the same time, people were getting older and people were getting fatter and they needed more healthcare","type":"I","timestamp":"2023-11-09 13:53:55"},{"nodeID":"1340504","text":"Julia Hartley-Brewer: at the same time, people were getting older and people were getting fatter and they needed more healthcare","type":"L","timestamp":"2023-11-09 13:53:55"},{"nodeID":"1340505","text":"Analysing","type":"YA","timestamp":"2023-11-09 13:53:55"},{"nodeID":"1340506","text":"Nette: Julia Hartley-Brewer: at the same time, people were getting older and people were getting fatter and they needed more healthcare","type":"L","timestamp":"2023-11-09 13:53:55"},{"nodeID":"1340507","text":"Asserting","type":"YA","timestamp":"2023-11-09 13:53:55"},{"nodeID":"1340508","text":"Default Transition","type":"TA","timestamp":"2023-11-09 13:53:55"},{"nodeID":"1340509","text":"Default Conflict","type":"CA","timestamp":"2023-11-09 13:53:55"},{"nodeID":"1340510","text":"Disagreeing","type":"YA","timestamp":"2023-11-09 13:53:55"},{"nodeID":"1340511","text":"bed blocking is a horrible term","type":"I","timestamp":"2023-11-09 13:53:55"},{"nodeID":"1340512","text":"Julia Hartley-Brewer: It's a horrible term","type":"L","timestamp":"2023-11-09 13:53:55"},{"nodeID":"1340513","text":"Analysing","type":"YA","timestamp":"2023-11-09 13:53:55"},{"nodeID":"1340514","text":"Nette: Julia Hartley-Brewer: It's a horrible term","type":"L","timestamp":"2023-11-09 13:53:55"},{"nodeID":"1340515","text":"Asserting","type":"YA","timestamp":"2023-11-09 13:53:55"},{"nodeID":"1340516","text":"Default Transition","type":"TA","timestamp":"2023-11-09 13:53:55"},{"nodeID":"1340517","text":"basically one in seven patients in our hospitals right now don\u2019t need to be there","type":"I","timestamp":"2023-11-09 13:53:56"},{"nodeID":"1340518","text":"Julia Hartley-Brewer: basically one in seven patients in our hospitals right now don\u2019t need to be there","type":"L","timestamp":"2023-11-09 13:53:56"},{"nodeID":"1340519","text":"Analysing","type":"YA","timestamp":"2023-11-09 13:53:56"},{"nodeID":"1340520","text":"Nette: Julia Hartley-Brewer: basically one in seven patients in our hospitals right now don\u2019t need to be there","type":"L","timestamp":"2023-11-09 13:53:56"},{"nodeID":"1340521","text":"Asserting","type":"YA","timestamp":"2023-11-09 13:53:56"},{"nodeID":"1340522","text":"Default Transition","type":"TA","timestamp":"2023-11-09 13:53:56"},{"nodeID":"1340523","text":"there\u2019s a knock-on effect for all the hospital wards","type":"I","timestamp":"2023-11-09 13:53:57"},{"nodeID":"1340524","text":"Julia Hartley-Brewer: there\u2019s a knock-on effect for all the hospital wards","type":"L","timestamp":"2023-11-09 13:53:57"},{"nodeID":"1340525","text":"Analysing","type":"YA","timestamp":"2023-11-09 13:53:57"},{"nodeID":"1340526","text":"Nette: Julia Hartley-Brewer: there\u2019s a knock-on effect for all the hospital wards","type":"L","timestamp":"2023-11-09 13:53:57"},{"nodeID":"1340527","text":"Asserting","type":"YA","timestamp":"2023-11-09 13:53:57"},{"nodeID":"1340528","text":"there\u2019s a knock-on effect all the way back to A&E","type":"I","timestamp":"2023-11-09 13:53:57"},{"nodeID":"1340529","text":"Julia Hartley-Brewer: all the way back to A&E","type":"L","timestamp":"2023-11-09 13:53:57"},{"nodeID":"1340530","text":"Analysing","type":"YA","timestamp":"2023-11-09 13:53:57"},{"nodeID":"1340531","text":"Nette: Julia Hartley-Brewer: all the way back to A&E","type":"L","timestamp":"2023-11-09 13:53:57"},{"nodeID":"1340532","text":"Asserting","type":"YA","timestamp":"2023-11-09 13:53:57"},{"nodeID":"1340533","text":"Default Transition","type":"TA","timestamp":"2023-11-09 13:53:57"},{"nodeID":"1340534","text":"Default Rephrase","type":"MA","timestamp":"2023-11-09 13:53:57"},{"nodeID":"1340535","text":"Restating","type":"YA","timestamp":"2023-11-09 13:53:57"},{"nodeID":"1340536","text":"there\u2019s a knock-on effect all the way back to getting an ambulance","type":"I","timestamp":"2023-11-09 13:53:58"},{"nodeID":"1340537","text":"Julia Hartley-Brewer: all the way back to getting an ambulance","type":"L","timestamp":"2023-11-09 13:53:58"},{"nodeID":"1340538","text":"Analysing","type":"YA","timestamp":"2023-11-09 13:53:58"},{"nodeID":"1340539","text":"Nette: Julia Hartley-Brewer: all the way back to getting an ambulance","type":"L","timestamp":"2023-11-09 13:53:58"},{"nodeID":"1340540","text":"Asserting","type":"YA","timestamp":"2023-11-09 13:53:58"},{"nodeID":"1340541","text":"Default Transition","type":"TA","timestamp":"2023-11-09 13:53:58"},{"nodeID":"1340542","text":"Default Rephrase","type":"MA","timestamp":"2023-11-09 13:53:58"},{"nodeID":"1340543","text":"Restating","type":"YA","timestamp":"2023-11-09 13:53:58"},{"nodeID":"1340544","text":"Default Rephrase","type":"MA","timestamp":"2023-11-09 13:53:58"},{"nodeID":"1340545","text":"Restating","type":"YA","timestamp":"2023-11-09 13:53:58"},{"nodeID":"1340546","text":"Arguing","type":"YA","timestamp":"2023-11-09 13:53:58"},{"nodeID":"1340547","text":"the patients are elderly and they need to be somewhere else","type":"I","timestamp":"2023-11-09 13:53:59"},{"nodeID":"1340548","text":"Julia Hartley-Brewer: They are elderly, often, they need to be somewhere else","type":"L","timestamp":"2023-11-09 13:53:59"},{"nodeID":"1340549","text":"Analysing","type":"YA","timestamp":"2023-11-09 13:53:59"},{"nodeID":"1340550","text":"Nette: Julia Hartley-Brewer: They are elderly, often, they need to be somewhere else","type":"L","timestamp":"2023-11-09 13:53:59"},{"nodeID":"1340551","text":"Asserting","type":"YA","timestamp":"2023-11-09 13:53:59"},{"nodeID":"1340552","text":"Default Transition","type":"TA","timestamp":"2023-11-09 13:53:59"},{"nodeID":"1340553","text":"Default Inference","type":"RA","timestamp":"2023-11-09 13:53:59"},{"nodeID":"1340554","text":"Arguing","type":"YA","timestamp":"2023-11-09 13:53:59"},{"nodeID":"1340555","text":"the beds with elderly patients need to be freed up","type":"I","timestamp":"2023-11-09 13:53:59"},{"nodeID":"1340556","text":"Julia Hartley-Brewer: those beds be freed up","type":"L","timestamp":"2023-11-09 13:53:59"},{"nodeID":"1340557","text":"Analysing","type":"YA","timestamp":"2023-11-09 13:53:59"},{"nodeID":"1340558","text":"Nette: Julia Hartley-Brewer: those beds be freed up","type":"L","timestamp":"2023-11-09 13:53:59"},{"nodeID":"1340559","text":"Asserting","type":"YA","timestamp":"2023-11-09 13:53:59"},{"nodeID":"1340560","text":"Default Transition","type":"TA","timestamp":"2023-11-09 13:53:59"},{"nodeID":"1340561","text":"Default Inference","type":"RA","timestamp":"2023-11-09 13:53:59"},{"nodeID":"1340562","text":"Arguing","type":"YA","timestamp":"2023-11-09 13:53:59"},{"nodeID":"1340563","text":"Default Transition","type":"TA","timestamp":"2023-11-09 13:53:59"}],"edges":[{"edgeID":"1756927","fromID":"1340449","toID":"1340448","formEdgeID":null},{"edgeID":"1756928","fromID":"1340450","toID":"1340449","formEdgeID":null},{"edgeID":"1756929","fromID":"1340448","toID":"1340451","formEdgeID":null},{"edgeID":"1756930","fromID":"1340451","toID":"1340447","formEdgeID":null},{"edgeID":"1756931","fromID":"1340454","toID":"1340453","formEdgeID":null},{"edgeID":"1756932","fromID":"1340455","toID":"1340454","formEdgeID":null},{"edgeID":"1756933","fromID":"1340453","toID":"1340456","formEdgeID":null},{"edgeID":"1756934","fromID":"1340456","toID":"1340452","formEdgeID":null},{"edgeID":"1756935","fromID":"1340452","toID":"1340457","formEdgeID":null},{"edgeID":"1756936","fromID":"1340457","toID":"1340447","formEdgeID":null},{"edgeID":"1756937","fromID":"1340448","toID":"1340458","formEdgeID":null},{"edgeID":"1756938","fromID":"1340458","toID":"1340453","formEdgeID":null},{"edgeID":"1756939","fromID":"1340458","toID":"1340459","formEdgeID":null},{"edgeID":"1756940","fromID":"1340459","toID":"1340457","formEdgeID":null},{"edgeID":"1756941","fromID":"1340462","toID":"1340461","formEdgeID":null},{"edgeID":"1756942","fromID":"1340463","toID":"1340462","formEdgeID":null},{"edgeID":"1756943","fromID":"1340461","toID":"1340464","formEdgeID":null},{"edgeID":"1756944","fromID":"1340464","toID":"1340460","formEdgeID":null},{"edgeID":"1756945","fromID":"1340467","toID":"1340466","formEdgeID":null},{"edgeID":"1756946","fromID":"1340468","toID":"1340467","formEdgeID":null},{"edgeID":"1756947","fromID":"1340466","toID":"1340469","formEdgeID":null},{"edgeID":"1756948","fromID":"1340469","toID":"1340465","formEdgeID":null},{"edgeID":"1756949","fromID":"1340465","toID":"1340470","formEdgeID":null},{"edgeID":"1756950","fromID":"1340470","toID":"1340460","formEdgeID":null},{"edgeID":"1756951","fromID":"1340461","toID":"1340471","formEdgeID":null},{"edgeID":"1756952","fromID":"1340471","toID":"1340466","formEdgeID":null},{"edgeID":"1756953","fromID":"1340453","toID":"1340472","formEdgeID":null},{"edgeID":"1756954","fromID":"1340472","toID":"1340461","formEdgeID":null},{"edgeID":"1756955","fromID":"1340475","toID":"1340474","formEdgeID":null},{"edgeID":"1756956","fromID":"1340476","toID":"1340475","formEdgeID":null},{"edgeID":"1756957","fromID":"1340474","toID":"1340477","formEdgeID":null},{"edgeID":"1756958","fromID":"1340477","toID":"1340473","formEdgeID":null},{"edgeID":"1756959","fromID":"1340473","toID":"1340478","formEdgeID":null},{"edgeID":"1756960","fromID":"1340478","toID":"1340460","formEdgeID":null},{"edgeID":"1756961","fromID":"1340461","toID":"1340479","formEdgeID":null},{"edgeID":"1756962","fromID":"1340479","toID":"1340474","formEdgeID":null},{"edgeID":"1756963","fromID":"1340479","toID":"1340480","formEdgeID":null},{"edgeID":"1756964","fromID":"1340480","toID":"1340478","formEdgeID":null},{"edgeID":"1756965","fromID":"1340483","toID":"1340482","formEdgeID":null},{"edgeID":"1756966","fromID":"1340484","toID":"1340483","formEdgeID":null},{"edgeID":"1756967","fromID":"1340482","toID":"1340485","formEdgeID":null},{"edgeID":"1756968","fromID":"1340485","toID":"1340481","formEdgeID":null},{"edgeID":"1756969","fromID":"1340474","toID":"1340486","formEdgeID":null},{"edgeID":"1756970","fromID":"1340486","toID":"1340482","formEdgeID":null},{"edgeID":"1756971","fromID":"1340489","toID":"1340488","formEdgeID":null},{"edgeID":"1756972","fromID":"1340490","toID":"1340489","formEdgeID":null},{"edgeID":"1756973","fromID":"1340488","toID":"1340491","formEdgeID":null},{"edgeID":"1756974","fromID":"1340491","toID":"1340487","formEdgeID":null},{"edgeID":"1756975","fromID":"1340482","toID":"1340492","formEdgeID":null},{"edgeID":"1756976","fromID":"1340492","toID":"1340488","formEdgeID":null},{"edgeID":"1756977","fromID":"1340487","toID":"1340493","formEdgeID":null},{"edgeID":"1756978","fromID":"1340493","toID":"1340481","formEdgeID":null},{"edgeID":"1756979","fromID":"1340492","toID":"1340494","formEdgeID":null},{"edgeID":"1756980","fromID":"1340494","toID":"1340493","formEdgeID":null},{"edgeID":"1756981","fromID":"1340497","toID":"1340496","formEdgeID":null},{"edgeID":"1756982","fromID":"1340498","toID":"1340497","formEdgeID":null},{"edgeID":"1756983","fromID":"1340496","toID":"1340499","formEdgeID":null},{"edgeID":"1756984","fromID":"1340499","toID":"1340495","formEdgeID":null},{"edgeID":"1756985","fromID":"1340488","toID":"1340500","formEdgeID":null},{"edgeID":"1756986","fromID":"1340500","toID":"1340496","formEdgeID":null},{"edgeID":"1756987","fromID":"1340495","toID":"1340501","formEdgeID":null},{"edgeID":"1756988","fromID":"1340501","toID":"1340487","formEdgeID":null},{"edgeID":"1756989","fromID":"1340500","toID":"1340502","formEdgeID":null},{"edgeID":"1756990","fromID":"1340502","toID":"1340501","formEdgeID":null},{"edgeID":"1756991","fromID":"1340505","toID":"1340504","formEdgeID":null},{"edgeID":"1756992","fromID":"1340506","toID":"1340505","formEdgeID":null},{"edgeID":"1756993","fromID":"1340504","toID":"1340507","formEdgeID":null},{"edgeID":"1756994","fromID":"1340507","toID":"1340503","formEdgeID":null},{"edgeID":"1756995","fromID":"1340488","toID":"1340508","formEdgeID":null},{"edgeID":"1756996","fromID":"1340508","toID":"1340504","formEdgeID":null},{"edgeID":"1756997","fromID":"1340503","toID":"1340509","formEdgeID":null},{"edgeID":"1756998","fromID":"1340509","toID":"1340487","formEdgeID":null},{"edgeID":"1756999","fromID":"1340508","toID":"1340510","formEdgeID":null},{"edgeID":"1757000","fromID":"1340510","toID":"1340509","formEdgeID":null},{"edgeID":"1757001","fromID":"1340513","toID":"1340512","formEdgeID":null},{"edgeID":"1757002","fromID":"1340514","toID":"1340513","formEdgeID":null},{"edgeID":"1757003","fromID":"1340512","toID":"1340515","formEdgeID":null},{"edgeID":"1757004","fromID":"1340515","toID":"1340511","formEdgeID":null},{"edgeID":"1757005","fromID":"1340504","toID":"1340516","formEdgeID":null},{"edgeID":"1757006","fromID":"1340516","toID":"1340512","formEdgeID":null},{"edgeID":"1757007","fromID":"1340519","toID":"1340518","formEdgeID":null},{"edgeID":"1757008","fromID":"1340520","toID":"1340519","formEdgeID":null},{"edgeID":"1757009","fromID":"1340518","toID":"1340521","formEdgeID":null},{"edgeID":"1757010","fromID":"1340521","toID":"1340517","formEdgeID":null},{"edgeID":"1757011","fromID":"1340512","toID":"1340522","formEdgeID":null},{"edgeID":"1757012","fromID":"1340522","toID":"1340518","formEdgeID":null},{"edgeID":"1757013","fromID":"1340525","toID":"1340524","formEdgeID":null},{"edgeID":"1757014","fromID":"1340526","toID":"1340525","formEdgeID":null},{"edgeID":"1757015","fromID":"1340524","toID":"1340527","formEdgeID":null},{"edgeID":"1757016","fromID":"1340527","toID":"1340523","formEdgeID":null},{"edgeID":"1757017","fromID":"1340530","toID":"1340529","formEdgeID":null},{"edgeID":"1757018","fromID":"1340531","toID":"1340530","formEdgeID":null},{"edgeID":"1757019","fromID":"1340529","toID":"1340532","formEdgeID":null},{"edgeID":"1757020","fromID":"1340532","toID":"1340528","formEdgeID":null},{"edgeID":"1757021","fromID":"1340524","toID":"1340533","formEdgeID":null},{"edgeID":"1757022","fromID":"1340533","toID":"1340529","formEdgeID":null},{"edgeID":"1757023","fromID":"1340528","toID":"1340534","formEdgeID":null},{"edgeID":"1757024","fromID":"1340534","toID":"1340523","formEdgeID":null},{"edgeID":"1757025","fromID":"1340533","toID":"1340535","formEdgeID":null},{"edgeID":"1757026","fromID":"1340535","toID":"1340534","formEdgeID":null},{"edgeID":"1757027","fromID":"1340538","toID":"1340537","formEdgeID":null},{"edgeID":"1757028","fromID":"1340539","toID":"1340538","formEdgeID":null},{"edgeID":"1757029","fromID":"1340537","toID":"1340540","formEdgeID":null},{"edgeID":"1757030","fromID":"1340540","toID":"1340536","formEdgeID":null},{"edgeID":"1757031","fromID":"1340529","toID":"1340541","formEdgeID":null},{"edgeID":"1757032","fromID":"1340541","toID":"1340537","formEdgeID":null},{"edgeID":"1757033","fromID":"1340536","toID":"1340542","formEdgeID":null},{"edgeID":"1757034","fromID":"1340542","toID":"1340528","formEdgeID":null},{"edgeID":"1757035","fromID":"1340541","toID":"1340543","formEdgeID":null},{"edgeID":"1757036","fromID":"1340543","toID":"1340542","formEdgeID":null},{"edgeID":"1757037","fromID":"1340460","toID":"1340544","formEdgeID":null},{"edgeID":"1757038","fromID":"1340544","toID":"1340452","formEdgeID":null},{"edgeID":"1757039","fromID":"1340472","toID":"1340545","formEdgeID":null},{"edgeID":"1757040","fromID":"1340545","toID":"1340544","formEdgeID":null},{"edgeID":"1757041","fromID":"1340471","toID":"1340546","formEdgeID":null},{"edgeID":"1757042","fromID":"1340546","toID":"1340470","formEdgeID":null},{"edgeID":"1757043","fromID":"1340549","toID":"1340548","formEdgeID":null},{"edgeID":"1757044","fromID":"1340550","toID":"1340549","formEdgeID":null},{"edgeID":"1757045","fromID":"1340548","toID":"1340551","formEdgeID":null},{"edgeID":"1757046","fromID":"1340551","toID":"1340547","formEdgeID":null},{"edgeID":"1757047","fromID":"1340518","toID":"1340552","formEdgeID":null},{"edgeID":"1757048","fromID":"1340552","toID":"1340548","formEdgeID":null},{"edgeID":"1757049","fromID":"1340547","toID":"1340553","formEdgeID":null},{"edgeID":"1757050","fromID":"1340553","toID":"1340517","formEdgeID":null},{"edgeID":"1757051","fromID":"1340552","toID":"1340554","formEdgeID":null},{"edgeID":"1757052","fromID":"1340554","toID":"1340553","formEdgeID":null},{"edgeID":"1757053","fromID":"1340557","toID":"1340556","formEdgeID":null},{"edgeID":"1757054","fromID":"1340558","toID":"1340557","formEdgeID":null},{"edgeID":"1757055","fromID":"1340556","toID":"1340559","formEdgeID":null},{"edgeID":"1757056","fromID":"1340559","toID":"1340555","formEdgeID":null},{"edgeID":"1757057","fromID":"1340548","toID":"1340560","formEdgeID":null},{"edgeID":"1757058","fromID":"1340560","toID":"1340556","formEdgeID":null},{"edgeID":"1757059","fromID":"1340547","toID":"1340561","formEdgeID":null},{"edgeID":"1757060","fromID":"1340561","toID":"1340555","formEdgeID":null},{"edgeID":"1757061","fromID":"1340560","toID":"1340562","formEdgeID":null},{"edgeID":"1757062","fromID":"1340562","toID":"1340561","formEdgeID":null},{"edgeID":"1757063","fromID":"1340556","toID":"1340563","formEdgeID":null},{"edgeID":"1757064","fromID":"1340563","toID":"1340524","formEdgeID":null}],"locutions":[]}