{"nodes":[{"nodeID":"1351959","text":"David Lammy remembers protesting when he was young against apartheid","type":"I","timestamp":"2023-11-09 14:11:10"},{"nodeID":"1351960","text":"David Lammy: I remember protesting when I was young against apartheid","type":"L","timestamp":"2023-11-09 14:11:10"},{"nodeID":"1351961","text":"Analysing","type":"YA","timestamp":"2023-11-09 14:11:10"},{"nodeID":"1351962","text":"Chris: David Lammy: I remember protesting when I was young against apartheid","type":"L","timestamp":"2023-11-09 14:11:10"},{"nodeID":"1351963","text":"Asserting","type":"YA","timestamp":"2023-11-09 14:11:10"},{"nodeID":"1351964","text":"David Lammy remembers protesting against the poll tax","type":"I","timestamp":"2023-11-09 14:11:10"},{"nodeID":"1351965","text":"David Lammy: I remember protesting against the poll tax","type":"L","timestamp":"2023-11-09 14:11:10"},{"nodeID":"1351966","text":"Analysing","type":"YA","timestamp":"2023-11-09 14:11:10"},{"nodeID":"1351967","text":"Chris: David Lammy: I remember protesting against the poll tax","type":"L","timestamp":"2023-11-09 14:11:10"},{"nodeID":"1351968","text":"Asserting","type":"YA","timestamp":"2023-11-09 14:11:10"},{"nodeID":"1351969","text":"Default Transition","type":"TA","timestamp":"2023-11-09 14:11:10"},{"nodeID":"1351970","text":"Default Rephrase","type":"MA","timestamp":"2023-11-09 14:11:10"},{"nodeID":"1351971","text":"Restating","type":"YA","timestamp":"2023-11-09 14:11:10"},{"nodeID":"1351972","text":"the UK is a mature democracy defending freedom in Europe","type":"I","timestamp":"2023-11-09 14:11:11"},{"nodeID":"1351973","text":"David Lammy: We are a mature democracy defending freedom in Europe","type":"L","timestamp":"2023-11-09 14:11:11"},{"nodeID":"1351974","text":"Analysing","type":"YA","timestamp":"2023-11-09 14:11:11"},{"nodeID":"1351975","text":"Chris: David Lammy: We are a mature democracy defending freedom in Europe","type":"L","timestamp":"2023-11-09 14:11:11"},{"nodeID":"1351976","text":"Asserting","type":"YA","timestamp":"2023-11-09 14:11:11"},{"nodeID":"1351977","text":"Default Transition","type":"TA","timestamp":"2023-11-09 14:11:11"},{"nodeID":"1351978","text":"there must be a right to protest","type":"I","timestamp":"2023-11-09 14:11:12"},{"nodeID":"1351979","text":"David Lammy: there must be a right to protest","type":"L","timestamp":"2023-11-09 14:11:12"},{"nodeID":"1351980","text":"Analysing","type":"YA","timestamp":"2023-11-09 14:11:12"},{"nodeID":"1351981","text":"Chris: David Lammy: there must be a right to protest","type":"L","timestamp":"2023-11-09 14:11:12"},{"nodeID":"1351982","text":"Asserting","type":"YA","timestamp":"2023-11-09 14:11:12"},{"nodeID":"1351983","text":"Default Transition","type":"TA","timestamp":"2023-11-09 14:11:12"},{"nodeID":"1351984","text":"the UK doesn\u2019t need any more protest laws","type":"I","timestamp":"2023-11-09 14:11:12"},{"nodeID":"1351985","text":"David Lammy: We don\u2019t need any more laws","type":"L","timestamp":"2023-11-09 14:11:12"},{"nodeID":"1351986","text":"Analysing","type":"YA","timestamp":"2023-11-09 14:11:12"},{"nodeID":"1351987","text":"Chris: David Lammy: We don\u2019t need any more laws","type":"L","timestamp":"2023-11-09 14:11:12"},{"nodeID":"1351988","text":"Asserting","type":"YA","timestamp":"2023-11-09 14:11:12"},{"nodeID":"1351989","text":"absolutely right, the protest laws exist","type":"I","timestamp":"2023-11-09 14:11:13"},{"nodeID":"1351990","text":"David Lammy: Absolutely right, the laws exist","type":"L","timestamp":"2023-11-09 14:11:13"},{"nodeID":"1351991","text":"Analysing","type":"YA","timestamp":"2023-11-09 14:11:13"},{"nodeID":"1351992","text":"Chris: David Lammy: Absolutely right, the laws exist","type":"L","timestamp":"2023-11-09 14:11:13"},{"nodeID":"1351993","text":"Asserting","type":"YA","timestamp":"2023-11-09 14:11:13"},{"nodeID":"1351994","text":"David Lammy doesn\u2019t personally support stopping ambulances being able to get down the road","type":"I","timestamp":"2023-11-09 14:11:14"},{"nodeID":"1351995","text":"David Lammy: I don\u2019t personally support stopping ambulances being able to get down the road","type":"L","timestamp":"2023-11-09 14:11:14"},{"nodeID":"1351996","text":"Analysing","type":"YA","timestamp":"2023-11-09 14:11:14"},{"nodeID":"1351997","text":"Chris: David Lammy: I don\u2019t personally support stopping ambulances being able to get down the road","type":"L","timestamp":"2023-11-09 14:11:14"},{"nodeID":"1351998","text":"Asserting","type":"YA","timestamp":"2023-11-09 14:11:14"},{"nodeID":"1351999","text":"David Lammy doesn't personally support cementing yourself to the ground and that sort of thing","type":"I","timestamp":"2023-11-09 14:11:14"},{"nodeID":"1352000","text":"David Lammy: cementing yourself to the ground and that sort of thing","type":"L","timestamp":"2023-11-09 14:11:14"},{"nodeID":"1352001","text":"Analysing","type":"YA","timestamp":"2023-11-09 14:11:14"},{"nodeID":"1352002","text":"Chris: David Lammy: cementing yourself to the ground and that sort of thing","type":"L","timestamp":"2023-11-09 14:11:14"},{"nodeID":"1352003","text":"Asserting","type":"YA","timestamp":"2023-11-09 14:11:14"},{"nodeID":"1352004","text":"the right to protest must be sacrosanct in a civilised democracy","type":"I","timestamp":"2023-11-09 14:11:15"},{"nodeID":"1352005","text":"David Lammy:  the right to protest must be sacrosanct in a civilised democracy","type":"L","timestamp":"2023-11-09 14:11:15"},{"nodeID":"1352006","text":"Analysing","type":"YA","timestamp":"2023-11-09 14:11:15"},{"nodeID":"1352007","text":"Chris: David Lammy:  the right to protest must be sacrosanct in a civilised democracy","type":"L","timestamp":"2023-11-09 14:11:15"},{"nodeID":"1352008","text":"Asserting","type":"YA","timestamp":"2023-11-09 14:11:15"},{"nodeID":"1352009","text":"we should not let the government take the right to protest away","type":"I","timestamp":"2023-11-09 14:11:16"},{"nodeID":"1352010","text":"David Lammy: we should not let them take it away","type":"L","timestamp":"2023-11-09 14:11:16"},{"nodeID":"1352011","text":"Analysing","type":"YA","timestamp":"2023-11-09 14:11:16"},{"nodeID":"1352012","text":"Chris: David Lammy: we should not let them take it away","type":"L","timestamp":"2023-11-09 14:11:16"},{"nodeID":"1352013","text":"Asserting","type":"YA","timestamp":"2023-11-09 14:11:16"},{"nodeID":"1352014","text":"Default Transition","type":"TA","timestamp":"2023-11-09 14:11:16"},{"nodeID":"1352015","text":"Default Transition","type":"TA","timestamp":"2023-11-09 14:11:16"},{"nodeID":"1352016","text":"Default Transition","type":"TA","timestamp":"2023-11-09 14:11:16"},{"nodeID":"1352017","text":"Default Transition","type":"TA","timestamp":"2023-11-09 14:11:16"},{"nodeID":"1352018","text":"Default Transition","type":"TA","timestamp":"2023-11-09 14:11:16"},{"nodeID":"1352019","text":"Default Transition","type":"TA","timestamp":"2023-11-09 14:11:16"},{"nodeID":"1352020","text":"Default Inference","type":"RA","timestamp":"2023-11-09 14:11:16"},{"nodeID":"1352021","text":"Default Transition","type":"TA","timestamp":"2023-11-09 14:11:16"},{"nodeID":"1352022","text":"Arguing","type":"YA","timestamp":"2023-11-09 14:11:16"},{"nodeID":"1352023","text":"Default Inference","type":"RA","timestamp":"2023-11-09 14:11:16"},{"nodeID":"1352024","text":"Arguing","type":"YA","timestamp":"2023-11-09 14:11:16"},{"nodeID":"1352025","text":"Default Rephrase","type":"MA","timestamp":"2023-11-09 14:11:16"},{"nodeID":"1352026","text":"Restating","type":"YA","timestamp":"2023-11-09 14:11:16"},{"nodeID":"1352027","text":"Default Rephrase","type":"MA","timestamp":"2023-11-09 14:11:16"},{"nodeID":"1352028","text":"Restating","type":"YA","timestamp":"2023-11-09 14:11:16"},{"nodeID":"1352029","text":"AudienceMember 20221027QT47 almost doesn\u2019t want to give credence to what Julia Hartley-Brewer said","type":"I","timestamp":"2023-11-09 14:11:16"},{"nodeID":"1352030","text":"AudienceMember 20221027QT47:  I almost don\u2019t want to give credence to what Julia said","type":"L","timestamp":"2023-11-09 14:11:16"},{"nodeID":"1352031","text":"Analysing","type":"YA","timestamp":"2023-11-09 14:11:16"},{"nodeID":"1352032","text":"Chris: AudienceMember 20221027QT47:  I almost don\u2019t want to give credence to what Julia said","type":"L","timestamp":"2023-11-09 14:11:16"},{"nodeID":"1352033","text":"Asserting","type":"YA","timestamp":"2023-11-09 14:11:16"},{"nodeID":"1352034","text":"Default Transition","type":"TA","timestamp":"2023-11-09 14:11:16"},{"nodeID":"1352035","text":"a lot of us here do not believe what Julia Hartley-Brewer said","type":"I","timestamp":"2023-11-09 14:11:17"},{"nodeID":"1352036","text":"AudienceMember 20221027QT47: a lot of us here do not believe it","type":"L","timestamp":"2023-11-09 14:11:17"},{"nodeID":"1352037","text":"Analysing","type":"YA","timestamp":"2023-11-09 14:11:17"},{"nodeID":"1352038","text":"Chris: AudienceMember 20221027QT47: a lot of us here do not believe it","type":"L","timestamp":"2023-11-09 14:11:17"},{"nodeID":"1352039","text":"Asserting","type":"YA","timestamp":"2023-11-09 14:11:17"},{"nodeID":"1352040","text":"Default Transition","type":"TA","timestamp":"2023-11-09 14:11:17"},{"nodeID":"1352041","text":"Default Inference","type":"RA","timestamp":"2023-11-09 14:11:17"},{"nodeID":"1352042","text":"Arguing","type":"YA","timestamp":"2023-11-09 14:11:17"},{"nodeID":"1352043","text":"well, in that case it must be wrong","type":"I","timestamp":"2023-11-09 14:11:18"},{"nodeID":"1352044","text":"Julia Hartley-Brewer: Well, in that case it must be wrong","type":"L","timestamp":"2023-11-09 14:11:18"},{"nodeID":"1352045","text":"Analysing","type":"YA","timestamp":"2023-11-09 14:11:18"},{"nodeID":"1352046","text":"Chris: Julia Hartley-Brewer: Well, in that case it must be wrong","type":"L","timestamp":"2023-11-09 14:11:18"},{"nodeID":"1352047","text":"Asserting","type":"YA","timestamp":"2023-11-09 14:11:18"},{"nodeID":"1352048","text":"Default Transition","type":"TA","timestamp":"2023-11-09 14:11:18"},{"nodeID":"1352049","text":"Default Conflict","type":"CA","timestamp":"2023-11-09 14:11:18"},{"nodeID":"1352050","text":"Disagreeing","type":"YA","timestamp":"2023-11-09 14:11:18"},{"nodeID":"1352051","text":"AudienceMember 20221027QT47 is interested to know if Julia Hartley-Brewer does or does not want to live in a world with fossil fuels, the sort of lives that your children and children\u2019s children are going to lead","type":"I","timestamp":"2023-11-09 14:11:18"},{"nodeID":"1352052","text":"AudienceMember 20221027QT47: I\u2019m interested to know if you want to live in a world with fossil fuels, the sort of lives that your children and children\u2019s children are going to lead","type":"L","timestamp":"2023-11-09 14:11:18"},{"nodeID":"1352053","text":"Analysing","type":"YA","timestamp":"2023-11-09 14:11:18"},{"nodeID":"1352054","text":"Chris: AudienceMember 20221027QT47: I\u2019m interested to know if you want to live in a world with fossil fuels, the sort of lives that your children and children\u2019s children are going to lead","type":"L","timestamp":"2023-11-09 14:11:18"},{"nodeID":"1352055","text":"Pure Questioning","type":"YA","timestamp":"2023-11-09 14:11:18"},{"nodeID":"1352056","text":"Default Transition","type":"TA","timestamp":"2023-11-09 14:11:18"},{"nodeID":"1352057","text":"one hundred per cent","type":"I","timestamp":"2023-11-09 14:11:19"},{"nodeID":"1352058","text":"Julia Hartley-Brewer: One hundred per cent","type":"L","timestamp":"2023-11-09 14:11:19"},{"nodeID":"1352059","text":"Analysing","type":"YA","timestamp":"2023-11-09 14:11:19"},{"nodeID":"1352060","text":"Chris: Julia Hartley-Brewer: One hundred per cent","type":"L","timestamp":"2023-11-09 14:11:19"},{"nodeID":"1352061","text":"Asserting","type":"YA","timestamp":"2023-11-09 14:11:19"},{"nodeID":"1352062","text":"Default Transition","type":"TA","timestamp":"2023-11-09 14:11:19"},{"nodeID":"1352063","text":"Default Rephrase","type":"MA","timestamp":"2023-11-09 14:11:19"},{"nodeID":"1352064","text":"Default Illocuting","type":"YA","timestamp":"2023-11-09 14:11:19"}],"edges":[{"edgeID":"1770693","fromID":"1351961","toID":"1351960","formEdgeID":null},{"edgeID":"1770694","fromID":"1351962","toID":"1351961","formEdgeID":null},{"edgeID":"1770695","fromID":"1351960","toID":"1351963","formEdgeID":null},{"edgeID":"1770696","fromID":"1351963","toID":"1351959","formEdgeID":null},{"edgeID":"1770697","fromID":"1351966","toID":"1351965","formEdgeID":null},{"edgeID":"1770698","fromID":"1351967","toID":"1351966","formEdgeID":null},{"edgeID":"1770699","fromID":"1351965","toID":"1351968","formEdgeID":null},{"edgeID":"1770700","fromID":"1351968","toID":"1351964","formEdgeID":null},{"edgeID":"1770701","fromID":"1351960","toID":"1351969","formEdgeID":null},{"edgeID":"1770702","fromID":"1351969","toID":"1351965","formEdgeID":null},{"edgeID":"1770703","fromID":"1351964","toID":"1351970","formEdgeID":null},{"edgeID":"1770704","fromID":"1351970","toID":"1351959","formEdgeID":null},{"edgeID":"1770705","fromID":"1351969","toID":"1351971","formEdgeID":null},{"edgeID":"1770706","fromID":"1351971","toID":"1351970","formEdgeID":null},{"edgeID":"1770707","fromID":"1351974","toID":"1351973","formEdgeID":null},{"edgeID":"1770708","fromID":"1351975","toID":"1351974","formEdgeID":null},{"edgeID":"1770709","fromID":"1351973","toID":"1351976","formEdgeID":null},{"edgeID":"1770710","fromID":"1351976","toID":"1351972","formEdgeID":null},{"edgeID":"1770711","fromID":"1351965","toID":"1351977","formEdgeID":null},{"edgeID":"1770712","fromID":"1351977","toID":"1351973","formEdgeID":null},{"edgeID":"1770713","fromID":"1351980","toID":"1351979","formEdgeID":null},{"edgeID":"1770714","fromID":"1351981","toID":"1351980","formEdgeID":null},{"edgeID":"1770715","fromID":"1351979","toID":"1351982","formEdgeID":null},{"edgeID":"1770716","fromID":"1351982","toID":"1351978","formEdgeID":null},{"edgeID":"1770717","fromID":"1351973","toID":"1351983","formEdgeID":null},{"edgeID":"1770718","fromID":"1351983","toID":"1351979","formEdgeID":null},{"edgeID":"1770719","fromID":"1351986","toID":"1351985","formEdgeID":null},{"edgeID":"1770720","fromID":"1351987","toID":"1351986","formEdgeID":null},{"edgeID":"1770721","fromID":"1351985","toID":"1351988","formEdgeID":null},{"edgeID":"1770722","fromID":"1351988","toID":"1351984","formEdgeID":null},{"edgeID":"1770723","fromID":"1351991","toID":"1351990","formEdgeID":null},{"edgeID":"1770724","fromID":"1351992","toID":"1351991","formEdgeID":null},{"edgeID":"1770725","fromID":"1351990","toID":"1351993","formEdgeID":null},{"edgeID":"1770726","fromID":"1351993","toID":"1351989","formEdgeID":null},{"edgeID":"1770727","fromID":"1351996","toID":"1351995","formEdgeID":null},{"edgeID":"1770728","fromID":"1351997","toID":"1351996","formEdgeID":null},{"edgeID":"1770729","fromID":"1351995","toID":"1351998","formEdgeID":null},{"edgeID":"1770730","fromID":"1351998","toID":"1351994","formEdgeID":null},{"edgeID":"1770731","fromID":"1352001","toID":"1352000","formEdgeID":null},{"edgeID":"1770732","fromID":"1352002","toID":"1352001","formEdgeID":null},{"edgeID":"1770733","fromID":"1352000","toID":"1352003","formEdgeID":null},{"edgeID":"1770734","fromID":"1352003","toID":"1351999","formEdgeID":null},{"edgeID":"1770735","fromID":"1352006","toID":"1352005","formEdgeID":null},{"edgeID":"1770736","fromID":"1352007","toID":"1352006","formEdgeID":null},{"edgeID":"1770737","fromID":"1352005","toID":"1352008","formEdgeID":null},{"edgeID":"1770738","fromID":"1352008","toID":"1352004","formEdgeID":null},{"edgeID":"1770739","fromID":"1352011","toID":"1352010","formEdgeID":null},{"edgeID":"1770740","fromID":"1352012","toID":"1352011","formEdgeID":null},{"edgeID":"1770741","fromID":"1352010","toID":"1352013","formEdgeID":null},{"edgeID":"1770742","fromID":"1352013","toID":"1352009","formEdgeID":null},{"edgeID":"1770743","fromID":"1351979","toID":"1352014","formEdgeID":null},{"edgeID":"1770744","fromID":"1352014","toID":"1351985","formEdgeID":null},{"edgeID":"1770745","fromID":"1351985","toID":"1352015","formEdgeID":null},{"edgeID":"1770746","fromID":"1352015","toID":"1351990","formEdgeID":null},{"edgeID":"1770747","fromID":"1351990","toID":"1352016","formEdgeID":null},{"edgeID":"1770748","fromID":"1352016","toID":"1351995","formEdgeID":null},{"edgeID":"1770749","fromID":"1351995","toID":"1352017","formEdgeID":null},{"edgeID":"1770750","fromID":"1352017","toID":"1352000","formEdgeID":null},{"edgeID":"1770751","fromID":"1352000","toID":"1352018","formEdgeID":null},{"edgeID":"1770752","fromID":"1352018","toID":"1352005","formEdgeID":null},{"edgeID":"1770753","fromID":"1352005","toID":"1352019","formEdgeID":null},{"edgeID":"1770754","fromID":"1352019","toID":"1352010","formEdgeID":null},{"edgeID":"1770755","fromID":"1352004","toID":"1352020","formEdgeID":null},{"edgeID":"1770756","fromID":"1352020","toID":"1351978","formEdgeID":null},{"edgeID":"1770757","fromID":"1351979","toID":"1352021","formEdgeID":null},{"edgeID":"1770758","fromID":"1352021","toID":"1352005","formEdgeID":null},{"edgeID":"1770759","fromID":"1352021","toID":"1352022","formEdgeID":null},{"edgeID":"1770760","fromID":"1352022","toID":"1352020","formEdgeID":null},{"edgeID":"1770761","fromID":"1352004","toID":"1352023","formEdgeID":null},{"edgeID":"1770762","fromID":"1352023","toID":"1352009","formEdgeID":null},{"edgeID":"1770763","fromID":"1352019","toID":"1352024","formEdgeID":null},{"edgeID":"1770764","fromID":"1352024","toID":"1352023","formEdgeID":null},{"edgeID":"1770765","fromID":"1351989","toID":"1352025","formEdgeID":null},{"edgeID":"1770766","fromID":"1352025","toID":"1351984","formEdgeID":null},{"edgeID":"1770767","fromID":"1352015","toID":"1352026","formEdgeID":null},{"edgeID":"1770768","fromID":"1352026","toID":"1352025","formEdgeID":null},{"edgeID":"1770769","fromID":"1351999","toID":"1352027","formEdgeID":null},{"edgeID":"1770770","fromID":"1352027","toID":"1351994","formEdgeID":null},{"edgeID":"1770771","fromID":"1352017","toID":"1352028","formEdgeID":null},{"edgeID":"1770772","fromID":"1352028","toID":"1352027","formEdgeID":null},{"edgeID":"1770773","fromID":"1352031","toID":"1352030","formEdgeID":null},{"edgeID":"1770774","fromID":"1352032","toID":"1352031","formEdgeID":null},{"edgeID":"1770775","fromID":"1352030","toID":"1352033","formEdgeID":null},{"edgeID":"1770776","fromID":"1352033","toID":"1352029","formEdgeID":null},{"edgeID":"1770777","fromID":"1352010","toID":"1352034","formEdgeID":null},{"edgeID":"1770778","fromID":"1352034","toID":"1352030","formEdgeID":null},{"edgeID":"1770779","fromID":"1352037","toID":"1352036","formEdgeID":null},{"edgeID":"1770780","fromID":"1352038","toID":"1352037","formEdgeID":null},{"edgeID":"1770781","fromID":"1352036","toID":"1352039","formEdgeID":null},{"edgeID":"1770782","fromID":"1352039","toID":"1352035","formEdgeID":null},{"edgeID":"1770783","fromID":"1352030","toID":"1352040","formEdgeID":null},{"edgeID":"1770784","fromID":"1352040","toID":"1352036","formEdgeID":null},{"edgeID":"1770785","fromID":"1352035","toID":"1352041","formEdgeID":null},{"edgeID":"1770786","fromID":"1352041","toID":"1352029","formEdgeID":null},{"edgeID":"1770787","fromID":"1352040","toID":"1352042","formEdgeID":null},{"edgeID":"1770788","fromID":"1352042","toID":"1352041","formEdgeID":null},{"edgeID":"1770789","fromID":"1352045","toID":"1352044","formEdgeID":null},{"edgeID":"1770790","fromID":"1352046","toID":"1352045","formEdgeID":null},{"edgeID":"1770791","fromID":"1352044","toID":"1352047","formEdgeID":null},{"edgeID":"1770792","fromID":"1352047","toID":"1352043","formEdgeID":null},{"edgeID":"1770793","fromID":"1352036","toID":"1352048","formEdgeID":null},{"edgeID":"1770794","fromID":"1352048","toID":"1352044","formEdgeID":null},{"edgeID":"1770795","fromID":"1352043","toID":"1352049","formEdgeID":null},{"edgeID":"1770796","fromID":"1352049","toID":"1352035","formEdgeID":null},{"edgeID":"1770797","fromID":"1352048","toID":"1352050","formEdgeID":null},{"edgeID":"1770798","fromID":"1352050","toID":"1352049","formEdgeID":null},{"edgeID":"1770799","fromID":"1352053","toID":"1352052","formEdgeID":null},{"edgeID":"1770800","fromID":"1352054","toID":"1352053","formEdgeID":null},{"edgeID":"1770801","fromID":"1352052","toID":"1352055","formEdgeID":null},{"edgeID":"1770802","fromID":"1352055","toID":"1352051","formEdgeID":null},{"edgeID":"1770803","fromID":"1352044","toID":"1352056","formEdgeID":null},{"edgeID":"1770804","fromID":"1352056","toID":"1352052","formEdgeID":null},{"edgeID":"1770805","fromID":"1352059","toID":"1352058","formEdgeID":null},{"edgeID":"1770806","fromID":"1352060","toID":"1352059","formEdgeID":null},{"edgeID":"1770807","fromID":"1352058","toID":"1352061","formEdgeID":null},{"edgeID":"1770808","fromID":"1352061","toID":"1352057","formEdgeID":null},{"edgeID":"1770809","fromID":"1352052","toID":"1352062","formEdgeID":null},{"edgeID":"1770810","fromID":"1352062","toID":"1352058","formEdgeID":null},{"edgeID":"1770811","fromID":"1352057","toID":"1352063","formEdgeID":null},{"edgeID":"1770812","fromID":"1352063","toID":"1352051","formEdgeID":null},{"edgeID":"1770813","fromID":"1352062","toID":"1352064","formEdgeID":null},{"edgeID":"1770814","fromID":"1352064","toID":"1352063","formEdgeID":null}],"locutions":[]}