{"nodes":[{"nodeID":"1340564","text":"let Fiona Bruce come back to Lucy Frazer","type":"I","timestamp":"2023-11-09 13:54:00"},{"nodeID":"1340565","text":"Fiona Bruce: Let me come back to Lucy","type":"L","timestamp":"2023-11-09 13:54:00"},{"nodeID":"1340566","text":"Analysing","type":"YA","timestamp":"2023-11-09 13:54:00"},{"nodeID":"1340567","text":"Chris: Fiona Bruce: Let me come back to Lucy","type":"L","timestamp":"2023-11-09 13:54:00"},{"nodeID":"1340568","text":"Asserting","type":"YA","timestamp":"2023-11-09 13:54:00"},{"nodeID":"1340569","text":"there are a number of questions coming to Lucy Frazer","type":"I","timestamp":"2023-11-09 13:54:01"},{"nodeID":"1340570","text":"Fiona Bruce: there are a number of questions coming to you","type":"L","timestamp":"2023-11-09 13:54:01"},{"nodeID":"1340571","text":"Analysing","type":"YA","timestamp":"2023-11-09 13:54:01"},{"nodeID":"1340572","text":"Chris: Fiona Bruce: there are a number of questions coming to you","type":"L","timestamp":"2023-11-09 13:54:01"},{"nodeID":"1340573","text":"Asserting","type":"YA","timestamp":"2023-11-09 13:54:01"},{"nodeID":"1340574","text":"Default Transition","type":"TA","timestamp":"2023-11-09 13:54:01"},{"nodeID":"1340575","text":"Default Inference","type":"RA","timestamp":"2023-11-09 13:54:01"},{"nodeID":"1340576","text":"Arguing","type":"YA","timestamp":"2023-11-09 13:54:01"},{"nodeID":"1340577","text":"questions to Lucy Frazer, numerous, come in particular from that young man at the back","type":"I","timestamp":"2023-11-09 13:54:01"},{"nodeID":"1340578","text":"Lucy Frazer: in particular from that young man at the back","type":"L","timestamp":"2023-11-09 13:54:01"},{"nodeID":"1340579","text":"Analysing","type":"YA","timestamp":"2023-11-09 13:54:01"},{"nodeID":"1340580","text":"Chris: Lucy Frazer: in particular from that young man at the back","type":"L","timestamp":"2023-11-09 13:54:01"},{"nodeID":"1340581","text":"Asserting","type":"YA","timestamp":"2023-11-09 13:54:01"},{"nodeID":"1340582","text":"Default Transition","type":"TA","timestamp":"2023-11-09 13:54:01"},{"nodeID":"1340583","text":"Default Rephrase","type":"MA","timestamp":"2023-11-09 13:54:01"},{"nodeID":"1340584","text":"Restating","type":"YA","timestamp":"2023-11-09 13:54:01"},{"nodeID":"1340585","text":"you only got appointed last night, didn\u2019t you Lucy Frazer","type":"I","timestamp":"2023-11-09 13:54:02"},{"nodeID":"1340586","text":"Fiona Bruce: You only got appointed last night, hadn\u2019t you","type":"L","timestamp":"2023-11-09 13:54:02"},{"nodeID":"1340587","text":"Analysing","type":"YA","timestamp":"2023-11-09 13:54:02"},{"nodeID":"1340588","text":"Chris: Fiona Bruce: You only got appointed last night, hadn\u2019t you","type":"L","timestamp":"2023-11-09 13:54:02"},{"nodeID":"1340589","text":"Assertive Questioning","type":"YA","timestamp":"2023-11-09 13:54:02"},{"nodeID":"1340590","text":"not even 24 hours","type":"I","timestamp":"2023-11-09 13:54:03"},{"nodeID":"1340591","text":"Lucy Frazer: Not even 24 hours","type":"L","timestamp":"2023-11-09 13:54:03"},{"nodeID":"1340592","text":"Analysing","type":"YA","timestamp":"2023-11-09 13:54:03"},{"nodeID":"1340593","text":"Chris: Lucy Frazer: Not even 24 hours","type":"L","timestamp":"2023-11-09 13:54:03"},{"nodeID":"1340594","text":"Asserting","type":"YA","timestamp":"2023-11-09 13:54:03"},{"nodeID":"1340595","text":"Default Transition","type":"TA","timestamp":"2023-11-09 13:54:03"},{"nodeID":"1340596","text":"Agreeing","type":"YA","timestamp":"2023-11-09 13:54:03"},{"nodeID":"1340597","text":"Default Rephrase","type":"MA","timestamp":"2023-11-09 13:54:03"},{"nodeID":"1340598","text":"Default Illocuting","type":"YA","timestamp":"2023-11-09 13:54:03"},{"nodeID":"1340599","text":"among the numerous things Lucy Frazer has been asked there were two things","type":"I","timestamp":"2023-11-09 13:54:03"},{"nodeID":"1340600","text":"Fiona Bruce: two of the things, for example, that you were asked were","type":"L","timestamp":"2023-11-09 13:54:03"},{"nodeID":"1340601","text":"Analysing","type":"YA","timestamp":"2023-11-09 13:54:03"},{"nodeID":"1340602","text":"Chris: Fiona Bruce: two of the things, for example, that you were asked were","type":"L","timestamp":"2023-11-09 13:54:03"},{"nodeID":"1340603","text":"Asserting","type":"YA","timestamp":"2023-11-09 13:54:03"},{"nodeID":"1340604","text":"Default Transition","type":"TA","timestamp":"2023-11-09 13:54:03"},{"nodeID":"1340605","text":"is it dangerous to prioritise economic stability among the markets","type":"I","timestamp":"2023-11-09 13:54:04"},{"nodeID":"1340606","text":"Fiona Bruce: is it dangerous, you were saying, I think at the back there, to prioritise economic stability among the markets","type":"L","timestamp":"2023-11-09 13:54:04"},{"nodeID":"1340607","text":"Analysing","type":"YA","timestamp":"2023-11-09 13:54:04"},{"nodeID":"1340608","text":"Chris: Fiona Bruce: is it dangerous, you were saying, I think at the back there, to prioritise economic stability among the markets","type":"L","timestamp":"2023-11-09 13:54:04"},{"nodeID":"1340609","text":"Default Transition","type":"TA","timestamp":"2023-11-09 13:54:04"},{"nodeID":"1340610","text":"Unkown Speaker: is it dangerous to prioritise economic stability among the markets","type":"L","timestamp":"2023-11-09 13:54:04"},{"nodeID":"1340611","text":"Analysing","type":"YA","timestamp":"2023-11-09 13:54:04"},{"nodeID":"1340612","text":"Chris: Unkown Speaker: is it dangerous to prioritise economic stability among the markets","type":"L","timestamp":"2023-11-09 13:54:04"},{"nodeID":"1340613","text":"Pure Questioning","type":"YA","timestamp":"2023-11-09 13:54:04"},{"nodeID":"1340614","text":"Fiona Bruce: Unknown Speaker: may or may not have asked is it dangerous to prioritise economic stability among the markets","type":"L","timestamp":"2023-11-09 13:54:04"},{"nodeID":"1340615","text":"Analysing","type":"YA","timestamp":"2023-11-09 13:54:04"},{"nodeID":"1340616","text":"Chris: Fiona Bruce: Unkown Speaker: is it dangerous to prioritise economic stability among the markets","type":"L","timestamp":"2023-11-09 13:54:04"},{"nodeID":"1340617","text":"Asserting","type":"YA","timestamp":"2023-11-09 13:54:04"},{"nodeID":"1340618","text":"Pure Questioning","type":"YA","timestamp":"2023-11-09 13:54:04"},{"nodeID":"1340619","text":"Default Rephrase","type":"MA","timestamp":"2023-11-09 13:54:04"},{"nodeID":"1340620","text":"Restating","type":"YA","timestamp":"2023-11-09 13:54:04"},{"nodeID":"1340621","text":"xxx about levelling up","type":"I","timestamp":"2023-11-09 13:54:04"},{"nodeID":"1340622","text":"Fiona Bruce: what about levelling up","type":"L","timestamp":"2023-11-09 13:54:04"},{"nodeID":"1340623","text":"Analysing","type":"YA","timestamp":"2023-11-09 13:54:04"},{"nodeID":"1340624","text":"Chris: Fiona Bruce: what about levelling up","type":"L","timestamp":"2023-11-09 13:54:04"},{"nodeID":"1340625","text":"Unkown Speaker: xxx about levelling up","type":"L","timestamp":"2023-11-09 13:54:04"},{"nodeID":"1340626","text":"Analysing","type":"YA","timestamp":"2023-11-09 13:54:04"},{"nodeID":"1340627","text":"Chris: Unkown Speaker: xxx about levelling up","type":"L","timestamp":"2023-11-09 13:54:04"},{"nodeID":"1340628","text":"Pure Questioning","type":"YA","timestamp":"2023-11-09 13:54:04"},{"nodeID":"1340629","text":"Asserting","type":"YA","timestamp":"2023-11-09 13:54:04"},{"nodeID":"1340630","text":"you should know","type":"I","timestamp":"2023-11-09 13:54:05"},{"nodeID":"1340631","text":"Fiona Bruce: you should know","type":"L","timestamp":"2023-11-09 13:54:05"},{"nodeID":"1340632","text":"Analysing","type":"YA","timestamp":"2023-11-09 13:54:05"},{"nodeID":"1340633","text":"Chris: Fiona Bruce: you should know","type":"L","timestamp":"2023-11-09 13:54:05"},{"nodeID":"1340634","text":"Asserting","type":"YA","timestamp":"2023-11-09 13:54:05"},{"nodeID":"1340635","text":"Default Transition","type":"TA","timestamp":"2023-11-09 13:54:05"},{"nodeID":"1340636","text":"levelling up can or cannot continue if budgets are going to be cut","type":"I","timestamp":"2023-11-09 13:54:06"},{"nodeID":"1340637","text":"Fiona Bruce: Can levelling up continue if budgets are going to be cut","type":"L","timestamp":"2023-11-09 13:54:06"},{"nodeID":"1340638","text":"Analysing","type":"YA","timestamp":"2023-11-09 13:54:06"},{"nodeID":"1340639","text":"Chris: Fiona Bruce: Can levelling up continue if budgets are going to be cut","type":"L","timestamp":"2023-11-09 13:54:06"},{"nodeID":"1340640","text":"Unkown Speaker: levelling up can or cannot continue if budgets are going to be cut","type":"L","timestamp":"2023-11-09 13:54:06"},{"nodeID":"1340641","text":"Analysing","type":"YA","timestamp":"2023-11-09 13:54:06"},{"nodeID":"1340642","text":"Chris: Unkown Speaker: levelling up can or cannot continue if budgets are going to be cut","type":"L","timestamp":"2023-11-09 13:54:06"},{"nodeID":"1340643","text":"Pure Questioning","type":"YA","timestamp":"2023-11-09 13:54:06"},{"nodeID":"1340644","text":"Asserting","type":"YA","timestamp":"2023-11-09 13:54:06"},{"nodeID":"1340645","text":"Default Transition","type":"TA","timestamp":"2023-11-09 13:54:06"},{"nodeID":"1340646","text":"Default Rephrase","type":"MA","timestamp":"2023-11-09 13:54:06"},{"nodeID":"1340647","text":"Restating","type":"YA","timestamp":"2023-11-09 13:54:06"},{"nodeID":"1340648","text":"Default Transition","type":"TA","timestamp":"2023-11-09 13:54:06"},{"nodeID":"1340649","text":"Default Rephrase","type":"MA","timestamp":"2023-11-09 13:54:06"},{"nodeID":"1340650","text":"Restating","type":"YA","timestamp":"2023-11-09 13:54:06"},{"nodeID":"1340651","text":"Fiona Bruce just wonders what Lucy Frazer would say to the young man over there","type":"I","timestamp":"2023-11-09 13:54:06"},{"nodeID":"1340652","text":"Fiona Bruce:  I just wonder what you\u2019d say to the young man over there","type":"L","timestamp":"2023-11-09 13:54:06"},{"nodeID":"1340653","text":"Analysing","type":"YA","timestamp":"2023-11-09 13:54:06"},{"nodeID":"1340654","text":"Chris: Fiona Bruce:  I just wonder what you\u2019d say to the young man over there","type":"L","timestamp":"2023-11-09 13:54:06"},{"nodeID":"1340655","text":"Asserting","type":"YA","timestamp":"2023-11-09 13:54:06"},{"nodeID":"1340656","text":"Default Transition","type":"TA","timestamp":"2023-11-09 13:54:06"},{"nodeID":"1340657","text":"young man over there is a Conservative voter","type":"I","timestamp":"2023-11-09 13:54:07"},{"nodeID":"1340658","text":"Fiona Bruce: you are a Conservative voter","type":"L","timestamp":"2023-11-09 13:54:07"},{"nodeID":"1340659","text":"Analysing","type":"YA","timestamp":"2023-11-09 13:54:07"},{"nodeID":"1340660","text":"Chris: Fiona Bruce: you are a Conservative voter","type":"L","timestamp":"2023-11-09 13:54:07"},{"nodeID":"1340661","text":"Assertive Questioning","type":"YA","timestamp":"2023-11-09 13:54:07"},{"nodeID":"1340662","text":"Default Transition","type":"TA","timestamp":"2023-11-09 13:54:07"},{"nodeID":"1340663","text":"young man over there is thoroughly unimpressed with the Conservative party","type":"I","timestamp":"2023-11-09 13:54:08"},{"nodeID":"1340664","text":"Fiona Bruce:  you\u2019re thoroughly unimpressed","type":"L","timestamp":"2023-11-09 13:54:08"},{"nodeID":"1340665","text":"Analysing","type":"YA","timestamp":"2023-11-09 13:54:08"},{"nodeID":"1340666","text":"Chris: Fiona Bruce:  you\u2019re thoroughly unimpressed","type":"L","timestamp":"2023-11-09 13:54:08"},{"nodeID":"1340667","text":"Assertive Questioning","type":"YA","timestamp":"2023-11-09 13:54:08"},{"nodeID":"1340668","text":"Default Transition","type":"TA","timestamp":"2023-11-09 13:54:08"},{"nodeID":"1340669","text":"Default Conflict","type":"CA","timestamp":"2023-11-09 13:54:08"},{"nodeID":"1340670","text":"Disagreeing","type":"YA","timestamp":"2023-11-09 13:54:08"},{"nodeID":"1340671","text":"Default Inference","type":"RA","timestamp":"2023-11-09 13:54:08"},{"nodeID":"1340672","text":"Arguing","type":"YA","timestamp":"2023-11-09 13:54:08"},{"nodeID":"1340673","text":"people have raised some really interesting points","type":"I","timestamp":"2023-11-09 13:54:08"},{"nodeID":"1340674","text":"Lucy Frazer: People have raised some really interesting points","type":"L","timestamp":"2023-11-09 13:54:08"},{"nodeID":"1340675","text":"Analysing","type":"YA","timestamp":"2023-11-09 13:54:08"},{"nodeID":"1340676","text":"Chris: Lucy Frazer: People have raised some really interesting points","type":"L","timestamp":"2023-11-09 13:54:08"},{"nodeID":"1340677","text":"Asserting","type":"YA","timestamp":"2023-11-09 13:54:08"},{"nodeID":"1340678","text":"Default Transition","type":"TA","timestamp":"2023-11-09 13:54:08"},{"nodeID":"1340679","text":"Default Conflict","type":"CA","timestamp":"2023-11-09 13:54:08"},{"nodeID":"1340680","text":"Default Transition","type":"TA","timestamp":"2023-11-09 13:54:08"},{"nodeID":"1340681","text":"Disagreeing","type":"YA","timestamp":"2023-11-09 13:54:08"},{"nodeID":"1340682","text":"the gentleman who said politicians need to start putting the country first","type":"I","timestamp":"2023-11-09 13:54:09"},{"nodeID":"1340683","text":"Lucy Frazer: The gentleman who said politicians need to start putting the country first","type":"L","timestamp":"2023-11-09 13:54:09"},{"nodeID":"1340684","text":"Analysing","type":"YA","timestamp":"2023-11-09 13:54:09"},{"nodeID":"1340685","text":"Chris: Lucy Frazer: The gentleman who said politicians need to start putting the country first","type":"L","timestamp":"2023-11-09 13:54:09"},{"nodeID":"1340686","text":"Asserting","type":"YA","timestamp":"2023-11-09 13:54:09"},{"nodeID":"1340687","text":"Default Transition","type":"TA","timestamp":"2023-11-09 13:54:09"},{"nodeID":"1340688","text":"can Lucy Frazer just give gentleman who said politicians need to put the country first an example","type":"I","timestamp":"2023-11-09 13:54:10"},{"nodeID":"1340689","text":"Lucy Frazer: can I just give you an example","type":"L","timestamp":"2023-11-09 13:54:10"},{"nodeID":"1340690","text":"Analysing","type":"YA","timestamp":"2023-11-09 13:54:10"},{"nodeID":"1340691","text":"Chris: Lucy Frazer: can I just give you an example","type":"L","timestamp":"2023-11-09 13:54:10"},{"nodeID":"1340692","text":"Rhetorical Questioning","type":"YA","timestamp":"2023-11-09 13:54:10"},{"nodeID":"1340693","text":"Default Transition","type":"TA","timestamp":"2023-11-09 13:54:10"},{"nodeID":"1340694","text":"Default Rephrase","type":"MA","timestamp":"2023-11-09 13:54:10"},{"nodeID":"1340695","text":"Restating","type":"YA","timestamp":"2023-11-09 13:54:10"},{"nodeID":"1340696","text":"it\u2019s a really strong example","type":"I","timestamp":"2023-11-09 13:54:10"},{"nodeID":"1340697","text":"Lucy Frazer: it\u2019s a really strong one","type":"L","timestamp":"2023-11-09 13:54:10"},{"nodeID":"1340698","text":"Analysing","type":"YA","timestamp":"2023-11-09 13:54:10"},{"nodeID":"1340699","text":"Chris: Lucy Frazer: it\u2019s a really strong one","type":"L","timestamp":"2023-11-09 13:54:10"},{"nodeID":"1340700","text":"Asserting","type":"YA","timestamp":"2023-11-09 13:54:10"},{"nodeID":"1340701","text":"Default Transition","type":"TA","timestamp":"2023-11-09 13:54:10"},{"nodeID":"1340702","text":"Default Inference","type":"RA","timestamp":"2023-11-09 13:54:10"},{"nodeID":"1340703","text":"Arguing","type":"YA","timestamp":"2023-11-09 13:54:10"},{"nodeID":"1340704","text":"about a really incredible politician who put the country first and not his own interests, very recently","type":"I","timestamp":"2023-11-09 13:54:11"},{"nodeID":"1340705","text":"Lucy Frazer: About a really incredible politician who put the country first and not his own interests, very recently","type":"L","timestamp":"2023-11-09 13:54:11"},{"nodeID":"1340706","text":"Analysing","type":"YA","timestamp":"2023-11-09 13:54:11"},{"nodeID":"1340707","text":"Chris: Lucy Frazer: About a really incredible politician who put the country first and not his own interests, very recently","type":"L","timestamp":"2023-11-09 13:54:11"},{"nodeID":"1340708","text":"Asserting","type":"YA","timestamp":"2023-11-09 13:54:11"},{"nodeID":"1340709","text":"Default Transition","type":"TA","timestamp":"2023-11-09 13:54:11"},{"nodeID":"1340710","text":"Default Rephrase","type":"MA","timestamp":"2023-11-09 13:54:11"},{"nodeID":"1340711","text":"Restating","type":"YA","timestamp":"2023-11-09 13:54:11"}],"edges":[{"edgeID":"1757065","fromID":"1340566","toID":"1340565","formEdgeID":null},{"edgeID":"1757066","fromID":"1340567","toID":"1340566","formEdgeID":null},{"edgeID":"1757067","fromID":"1340565","toID":"1340568","formEdgeID":null},{"edgeID":"1757068","fromID":"1340568","toID":"1340564","formEdgeID":null},{"edgeID":"1757069","fromID":"1340571","toID":"1340570","formEdgeID":null},{"edgeID":"1757070","fromID":"1340572","toID":"1340571","formEdgeID":null},{"edgeID":"1757071","fromID":"1340570","toID":"1340573","formEdgeID":null},{"edgeID":"1757072","fromID":"1340573","toID":"1340569","formEdgeID":null},{"edgeID":"1757073","fromID":"1340565","toID":"1340574","formEdgeID":null},{"edgeID":"1757074","fromID":"1340574","toID":"1340570","formEdgeID":null},{"edgeID":"1757075","fromID":"1340569","toID":"1340575","formEdgeID":null},{"edgeID":"1757076","fromID":"1340575","toID":"1340564","formEdgeID":null},{"edgeID":"1757077","fromID":"1340574","toID":"1340576","formEdgeID":null},{"edgeID":"1757078","fromID":"1340576","toID":"1340575","formEdgeID":null},{"edgeID":"1757079","fromID":"1340579","toID":"1340578","formEdgeID":null},{"edgeID":"1757080","fromID":"1340580","toID":"1340579","formEdgeID":null},{"edgeID":"1757081","fromID":"1340578","toID":"1340581","formEdgeID":null},{"edgeID":"1757082","fromID":"1340581","toID":"1340577","formEdgeID":null},{"edgeID":"1757083","fromID":"1340570","toID":"1340582","formEdgeID":null},{"edgeID":"1757084","fromID":"1340582","toID":"1340578","formEdgeID":null},{"edgeID":"1757085","fromID":"1340577","toID":"1340583","formEdgeID":null},{"edgeID":"1757086","fromID":"1340583","toID":"1340569","formEdgeID":null},{"edgeID":"1757087","fromID":"1340582","toID":"1340584","formEdgeID":null},{"edgeID":"1757088","fromID":"1340584","toID":"1340583","formEdgeID":null},{"edgeID":"1757089","fromID":"1340587","toID":"1340586","formEdgeID":null},{"edgeID":"1757090","fromID":"1340588","toID":"1340587","formEdgeID":null},{"edgeID":"1757091","fromID":"1340586","toID":"1340589","formEdgeID":null},{"edgeID":"1757092","fromID":"1340589","toID":"1340585","formEdgeID":null},{"edgeID":"1757093","fromID":"1340592","toID":"1340591","formEdgeID":null},{"edgeID":"1757094","fromID":"1340593","toID":"1340592","formEdgeID":null},{"edgeID":"1757095","fromID":"1340591","toID":"1340594","formEdgeID":null},{"edgeID":"1757096","fromID":"1340594","toID":"1340590","formEdgeID":null},{"edgeID":"1757097","fromID":"1340586","toID":"1340595","formEdgeID":null},{"edgeID":"1757098","fromID":"1340595","toID":"1340591","formEdgeID":null},{"edgeID":"1757099","fromID":"1340595","toID":"1340596","formEdgeID":null},{"edgeID":"1757100","fromID":"1340596","toID":"1340585","formEdgeID":null},{"edgeID":"1757101","fromID":"1340590","toID":"1340597","formEdgeID":null},{"edgeID":"1757102","fromID":"1340597","toID":"1340585","formEdgeID":null},{"edgeID":"1757103","fromID":"1340595","toID":"1340598","formEdgeID":null},{"edgeID":"1757104","fromID":"1340598","toID":"1340597","formEdgeID":null},{"edgeID":"1757105","fromID":"1340601","toID":"1340600","formEdgeID":null},{"edgeID":"1757106","fromID":"1340602","toID":"1340601","formEdgeID":null},{"edgeID":"1757107","fromID":"1340600","toID":"1340603","formEdgeID":null},{"edgeID":"1757108","fromID":"1340603","toID":"1340599","formEdgeID":null},{"edgeID":"1757109","fromID":"1340578","toID":"1340604","formEdgeID":null},{"edgeID":"1757110","fromID":"1340604","toID":"1340600","formEdgeID":null},{"edgeID":"1757111","fromID":"1340607","toID":"1340606","formEdgeID":null},{"edgeID":"1757112","fromID":"1340608","toID":"1340607","formEdgeID":null},{"edgeID":"1757113","fromID":"1340600","toID":"1340609","formEdgeID":null},{"edgeID":"1757114","fromID":"1340609","toID":"1340606","formEdgeID":null},{"edgeID":"1757115","fromID":"1340611","toID":"1340610","formEdgeID":null},{"edgeID":"1757116","fromID":"1340612","toID":"1340611","formEdgeID":null},{"edgeID":"1757117","fromID":"1340610","toID":"1340613","formEdgeID":null},{"edgeID":"1757118","fromID":"1340613","toID":"1340605","formEdgeID":null},{"edgeID":"1757119","fromID":"1340615","toID":"1340614","formEdgeID":null},{"edgeID":"1757120","fromID":"1340616","toID":"1340615","formEdgeID":null},{"edgeID":"1757121","fromID":"1340614","toID":"1340617","formEdgeID":null},{"edgeID":"1757122","fromID":"1340617","toID":"1340610","formEdgeID":null},{"edgeID":"1757123","fromID":"1340606","toID":"1340618","formEdgeID":null},{"edgeID":"1757124","fromID":"1340618","toID":"1340614","formEdgeID":null},{"edgeID":"1757125","fromID":"1340605","toID":"1340619","formEdgeID":null},{"edgeID":"1757126","fromID":"1340619","toID":"1340599","formEdgeID":null},{"edgeID":"1757127","fromID":"1340609","toID":"1340600","formEdgeID":null},{"edgeID":"1757128","fromID":"1340609","toID":"1340620","formEdgeID":null},{"edgeID":"1757129","fromID":"1340620","toID":"1340619","formEdgeID":null},{"edgeID":"1757130","fromID":"1340623","toID":"1340622","formEdgeID":null},{"edgeID":"1757131","fromID":"1340624","toID":"1340623","formEdgeID":null},{"edgeID":"1757132","fromID":"1340626","toID":"1340625","formEdgeID":null},{"edgeID":"1757133","fromID":"1340627","toID":"1340626","formEdgeID":null},{"edgeID":"1757134","fromID":"1340625","toID":"1340628","formEdgeID":null},{"edgeID":"1757135","fromID":"1340628","toID":"1340621","formEdgeID":null},{"edgeID":"1757136","fromID":"1340622","toID":"1340629","formEdgeID":null},{"edgeID":"1757137","fromID":"1340629","toID":"1340625","formEdgeID":null},{"edgeID":"1757138","fromID":"1340632","toID":"1340631","formEdgeID":null},{"edgeID":"1757139","fromID":"1340633","toID":"1340632","formEdgeID":null},{"edgeID":"1757140","fromID":"1340631","toID":"1340634","formEdgeID":null},{"edgeID":"1757141","fromID":"1340634","toID":"1340630","formEdgeID":null},{"edgeID":"1757142","fromID":"1340622","toID":"1340635","formEdgeID":null},{"edgeID":"1757143","fromID":"1340635","toID":"1340631","formEdgeID":null},{"edgeID":"1757144","fromID":"1340638","toID":"1340637","formEdgeID":null},{"edgeID":"1757145","fromID":"1340639","toID":"1340638","formEdgeID":null},{"edgeID":"1757146","fromID":"1340641","toID":"1340640","formEdgeID":null},{"edgeID":"1757147","fromID":"1340642","toID":"1340641","formEdgeID":null},{"edgeID":"1757148","fromID":"1340640","toID":"1340643","formEdgeID":null},{"edgeID":"1757149","fromID":"1340643","toID":"1340636","formEdgeID":null},{"edgeID":"1757150","fromID":"1340637","toID":"1340644","formEdgeID":null},{"edgeID":"1757151","fromID":"1340644","toID":"1340640","formEdgeID":null},{"edgeID":"1757152","fromID":"1340622","toID":"1340645","formEdgeID":null},{"edgeID":"1757153","fromID":"1340645","toID":"1340637","formEdgeID":null},{"edgeID":"1757154","fromID":"1340636","toID":"1340646","formEdgeID":null},{"edgeID":"1757155","fromID":"1340646","toID":"1340621","formEdgeID":null},{"edgeID":"1757156","fromID":"1340645","toID":"1340647","formEdgeID":null},{"edgeID":"1757157","fromID":"1340647","toID":"1340646","formEdgeID":null},{"edgeID":"1757158","fromID":"1340606","toID":"1340648","formEdgeID":null},{"edgeID":"1757159","fromID":"1340648","toID":"1340622","formEdgeID":null},{"edgeID":"1757160","fromID":"1340621","toID":"1340649","formEdgeID":null},{"edgeID":"1757161","fromID":"1340649","toID":"1340605","formEdgeID":null},{"edgeID":"1757162","fromID":"1340648","toID":"1340650","formEdgeID":null},{"edgeID":"1757163","fromID":"1340650","toID":"1340649","formEdgeID":null},{"edgeID":"1757164","fromID":"1340653","toID":"1340652","formEdgeID":null},{"edgeID":"1757165","fromID":"1340654","toID":"1340653","formEdgeID":null},{"edgeID":"1757166","fromID":"1340652","toID":"1340655","formEdgeID":null},{"edgeID":"1757167","fromID":"1340655","toID":"1340651","formEdgeID":null},{"edgeID":"1757168","fromID":"1340637","toID":"1340656","formEdgeID":null},{"edgeID":"1757169","fromID":"1340656","toID":"1340652","formEdgeID":null},{"edgeID":"1757170","fromID":"1340659","toID":"1340658","formEdgeID":null},{"edgeID":"1757171","fromID":"1340660","toID":"1340659","formEdgeID":null},{"edgeID":"1757172","fromID":"1340658","toID":"1340661","formEdgeID":null},{"edgeID":"1757173","fromID":"1340661","toID":"1340657","formEdgeID":null},{"edgeID":"1757174","fromID":"1340652","toID":"1340662","formEdgeID":null},{"edgeID":"1757175","fromID":"1340662","toID":"1340658","formEdgeID":null},{"edgeID":"1757176","fromID":"1340665","toID":"1340664","formEdgeID":null},{"edgeID":"1757177","fromID":"1340666","toID":"1340665","formEdgeID":null},{"edgeID":"1757178","fromID":"1340664","toID":"1340667","formEdgeID":null},{"edgeID":"1757179","fromID":"1340667","toID":"1340663","formEdgeID":null},{"edgeID":"1757180","fromID":"1340658","toID":"1340668","formEdgeID":null},{"edgeID":"1757181","fromID":"1340668","toID":"1340664","formEdgeID":null},{"edgeID":"1757182","fromID":"1340663","toID":"1340669","formEdgeID":null},{"edgeID":"1757183","fromID":"1340669","toID":"1340657","formEdgeID":null},{"edgeID":"1757184","fromID":"1340668","toID":"1340670","formEdgeID":null},{"edgeID":"1757185","fromID":"1340670","toID":"1340669","formEdgeID":null},{"edgeID":"1757186","fromID":"1340657","toID":"1340671","formEdgeID":null},{"edgeID":"1757187","fromID":"1340671","toID":"1340651","formEdgeID":null},{"edgeID":"1757188","fromID":"1340663","toID":"1340671","formEdgeID":null},{"edgeID":"1757189","fromID":"1340668","toID":"1340672","formEdgeID":null},{"edgeID":"1757190","fromID":"1340672","toID":"1340671","formEdgeID":null},{"edgeID":"1757191","fromID":"1340675","toID":"1340674","formEdgeID":null},{"edgeID":"1757192","fromID":"1340676","toID":"1340675","formEdgeID":null},{"edgeID":"1757193","fromID":"1340674","toID":"1340677","formEdgeID":null},{"edgeID":"1757194","fromID":"1340677","toID":"1340673","formEdgeID":null},{"edgeID":"1757195","fromID":"1340664","toID":"1340678","formEdgeID":null},{"edgeID":"1757196","fromID":"1340678","toID":"1340674","formEdgeID":null},{"edgeID":"1757197","fromID":"1340585","toID":"1340679","formEdgeID":null},{"edgeID":"1757198","fromID":"1340679","toID":"1340630","formEdgeID":null},{"edgeID":"1757199","fromID":"1340631","toID":"1340680","formEdgeID":null},{"edgeID":"1757200","fromID":"1340680","toID":"1340586","formEdgeID":null},{"edgeID":"1757201","fromID":"1340680","toID":"1340681","formEdgeID":null},{"edgeID":"1757202","fromID":"1340681","toID":"1340679","formEdgeID":null},{"edgeID":"1757203","fromID":"1340684","toID":"1340683","formEdgeID":null},{"edgeID":"1757204","fromID":"1340685","toID":"1340684","formEdgeID":null},{"edgeID":"1757205","fromID":"1340683","toID":"1340686","formEdgeID":null},{"edgeID":"1757206","fromID":"1340686","toID":"1340682","formEdgeID":null},{"edgeID":"1757207","fromID":"1340674","toID":"1340687","formEdgeID":null},{"edgeID":"1757208","fromID":"1340687","toID":"1340683","formEdgeID":null},{"edgeID":"1757209","fromID":"1340690","toID":"1340689","formEdgeID":null},{"edgeID":"1757210","fromID":"1340691","toID":"1340690","formEdgeID":null},{"edgeID":"1757211","fromID":"1340689","toID":"1340692","formEdgeID":null},{"edgeID":"1757212","fromID":"1340692","toID":"1340688","formEdgeID":null},{"edgeID":"1757213","fromID":"1340683","toID":"1340693","formEdgeID":null},{"edgeID":"1757214","fromID":"1340693","toID":"1340689","formEdgeID":null},{"edgeID":"1757215","fromID":"1340688","toID":"1340694","formEdgeID":null},{"edgeID":"1757216","fromID":"1340694","toID":"1340682","formEdgeID":null},{"edgeID":"1757217","fromID":"1340693","toID":"1340695","formEdgeID":null},{"edgeID":"1757218","fromID":"1340695","toID":"1340694","formEdgeID":null},{"edgeID":"1757219","fromID":"1340698","toID":"1340697","formEdgeID":null},{"edgeID":"1757220","fromID":"1340699","toID":"1340698","formEdgeID":null},{"edgeID":"1757221","fromID":"1340697","toID":"1340700","formEdgeID":null},{"edgeID":"1757222","fromID":"1340700","toID":"1340696","formEdgeID":null},{"edgeID":"1757223","fromID":"1340689","toID":"1340701","formEdgeID":null},{"edgeID":"1757224","fromID":"1340701","toID":"1340697","formEdgeID":null},{"edgeID":"1757225","fromID":"1340696","toID":"1340702","formEdgeID":null},{"edgeID":"1757226","fromID":"1340702","toID":"1340688","formEdgeID":null},{"edgeID":"1757227","fromID":"1340701","toID":"1340703","formEdgeID":null},{"edgeID":"1757228","fromID":"1340703","toID":"1340702","formEdgeID":null},{"edgeID":"1757229","fromID":"1340706","toID":"1340705","formEdgeID":null},{"edgeID":"1757230","fromID":"1340707","toID":"1340706","formEdgeID":null},{"edgeID":"1757231","fromID":"1340705","toID":"1340708","formEdgeID":null},{"edgeID":"1757232","fromID":"1340708","toID":"1340704","formEdgeID":null},{"edgeID":"1757233","fromID":"1340697","toID":"1340709","formEdgeID":null},{"edgeID":"1757234","fromID":"1340709","toID":"1340705","formEdgeID":null},{"edgeID":"1757235","fromID":"1340704","toID":"1340710","formEdgeID":null},{"edgeID":"1757236","fromID":"1340710","toID":"1340696","formEdgeID":null},{"edgeID":"1757237","fromID":"1340709","toID":"1340711","formEdgeID":null},{"edgeID":"1757238","fromID":"1340711","toID":"1340710","formEdgeID":null}],"locutions":[]}