{"nodes":[{"nodeID":"1340014","text":"prime ministers don\u2019t call general elections when they\u2019re 28 or 30 points behind in the polls","type":"I","timestamp":"2023-11-09 13:53:10"},{"nodeID":"1340015","text":"Julia Hartley-Brewer: Prime ministers don\u2019t call general elections when they\u2019re 28 or 30 points behind in the polls","type":"L","timestamp":"2023-11-09 13:53:10"},{"nodeID":"1340016","text":"Analysing","type":"YA","timestamp":"2023-11-09 13:53:10"},{"nodeID":"1340017","text":"Zofia: Julia Hartley-Brewer: Prime ministers don\u2019t call general elections when they\u2019re 28 or 30 points behind in the polls","type":"L","timestamp":"2023-11-09 13:53:10"},{"nodeID":"1340018","text":"Asserting","type":"YA","timestamp":"2023-11-09 13:53:10"},{"nodeID":"1340019","text":"we are in a dire crisis","type":"I","timestamp":"2023-11-09 13:53:11"},{"nodeID":"1340020","text":"Julia Hartley-Brewer: we are in a dire crisis","type":"L","timestamp":"2023-11-09 13:53:11"},{"nodeID":"1340021","text":"Analysing","type":"YA","timestamp":"2023-11-09 13:53:11"},{"nodeID":"1340022","text":"Zofia: Julia Hartley-Brewer: we are in a dire crisis","type":"L","timestamp":"2023-11-09 13:53:11"},{"nodeID":"1340023","text":"Asserting","type":"YA","timestamp":"2023-11-09 13:53:11"},{"nodeID":"1340024","text":"Julia Hartley-Brewer would be more be with Brenda from Bristol, back in 2017","type":"I","timestamp":"2023-11-09 13:53:12"},{"nodeID":"1340025","text":"Julia Hartley-Brewer: I\u2019d more be with Brenda from Bristol, back in 2017","type":"L","timestamp":"2023-11-09 13:53:12"},{"nodeID":"1340026","text":"Analysing","type":"YA","timestamp":"2023-11-09 13:53:12"},{"nodeID":"1340027","text":"Zofia: Julia Hartley-Brewer: I\u2019d more be with Brenda from Bristol, back in 2017","type":"L","timestamp":"2023-11-09 13:53:12"},{"nodeID":"1340028","text":"Asserting","type":"YA","timestamp":"2023-11-09 13:53:12"},{"nodeID":"1340029","text":"there isn\u2019t going to be a general election","type":"I","timestamp":"2023-11-09 13:53:12"},{"nodeID":"1340030","text":"Julia Hartley-Brewer: there isn\u2019t going to be a general election","type":"L","timestamp":"2023-11-09 13:53:12"},{"nodeID":"1340031","text":"Analysing","type":"YA","timestamp":"2023-11-09 13:53:12"},{"nodeID":"1340032","text":"Zofia: Julia Hartley-Brewer: there isn\u2019t going to be a general election","type":"L","timestamp":"2023-11-09 13:53:12"},{"nodeID":"1340033","text":"Asserting","type":"YA","timestamp":"2023-11-09 13:53:12"},{"nodeID":"1340034","text":"there is no difference if someone supports the Tories, Rishi Sunak particularly, or Labour or anybody else","type":"I","timestamp":"2023-11-09 13:53:13"},{"nodeID":"1340035","text":"Julia Hartley-Brewer: Whether you support the Tories, Rishi Sunak particularly, or Labour or anybody else","type":"L","timestamp":"2023-11-09 13:53:13"},{"nodeID":"1340036","text":"Analysing","type":"YA","timestamp":"2023-11-09 13:53:13"},{"nodeID":"1340037","text":"Zofia: Julia Hartley-Brewer: Whether you support the Tories, Rishi Sunak particularly, or Labour or anybody else","type":"L","timestamp":"2023-11-09 13:53:13"},{"nodeID":"1340038","text":"Asserting","type":"YA","timestamp":"2023-11-09 13:53:13"},{"nodeID":"1340039","text":"Default Inference","type":"RA","timestamp":"2023-11-09 13:53:13"},{"nodeID":"1340040","text":"Default Transition","type":"TA","timestamp":"2023-11-09 13:53:13"},{"nodeID":"1340041","text":"Arguing","type":"YA","timestamp":"2023-11-09 13:53:13"},{"nodeID":"1340042","text":"Default Transition","type":"TA","timestamp":"2023-11-09 13:53:13"},{"nodeID":"1340043","text":"Default Transition","type":"TA","timestamp":"2023-11-09 13:53:13"},{"nodeID":"1340044","text":"Default Inference","type":"RA","timestamp":"2023-11-09 13:53:13"},{"nodeID":"1340045","text":"the crisis that we\u2019re in is not all created by Liz Truss","type":"I","timestamp":"2023-11-09 13:53:14"},{"nodeID":"1340046","text":"Brenda from Bristol: the crisis that we\u2019re in, and it\u2019s not all created by Liz Truss","type":"L","timestamp":"2023-11-09 13:53:14"},{"nodeID":"1340047","text":"Analysing","type":"YA","timestamp":"2023-11-09 13:53:14"},{"nodeID":"1340048","text":"Zofia: Brenda from Bristol: the crisis that we\u2019re in, and it\u2019s not all created by Liz Truss","type":"L","timestamp":"2023-11-09 13:53:14"},{"nodeID":"1340049","text":"Asserting","type":"YA","timestamp":"2023-11-09 13:53:14"},{"nodeID":"1340050","text":"oh no, not another one, there\u2019s too much politics","type":"I","timestamp":"2023-11-09 13:53:14"},{"nodeID":"1340051","text":"Julia Hartley-Brewer: oh no, not another one, there\u2019s too much politics. That\u2019s what she had to say","type":"L","timestamp":"2023-11-09 13:53:14"},{"nodeID":"1340052","text":"Analysing","type":"YA","timestamp":"2023-11-09 13:53:14"},{"nodeID":"1340053","text":"Zofia: Julia Hartley-Brewer: oh no, not another one, there\u2019s too much politics. That\u2019s what she had to say","type":"L","timestamp":"2023-11-09 13:53:14"},{"nodeID":"1340054","text":"Brenda Unknown: oh no, not another one, there\u2019s too much politics. That\u2019s what she had to say","type":"L","timestamp":"2023-11-09 13:53:14"},{"nodeID":"1340055","text":"Analysing","type":"YA","timestamp":"2023-11-09 13:53:14"},{"nodeID":"1340056","text":"Zofia: Brenda Unknown: oh no, not another one, there\u2019s too much politics. That\u2019s what she had to say","type":"L","timestamp":"2023-11-09 13:53:14"},{"nodeID":"1340057","text":"Asserting","type":"YA","timestamp":"2023-11-09 13:53:14"},{"nodeID":"1340058","text":"Default Transition","type":"TA","timestamp":"2023-11-09 13:53:14"},{"nodeID":"1340059","text":"Asserting","type":"YA","timestamp":"2023-11-09 13:53:14"},{"nodeID":"1340060","text":"Default Transition","type":"TA","timestamp":"2023-11-09 13:53:14"},{"nodeID":"1340061","text":"there are lots more reasons why we\u2019re in this crisis","type":"I","timestamp":"2023-11-09 13:53:15"},{"nodeID":"1340062","text":"Julia Hartley-Brewer: there are lots more reasons why we\u2019re in this crisis","type":"L","timestamp":"2023-11-09 13:53:15"},{"nodeID":"1340063","text":"Analysing","type":"YA","timestamp":"2023-11-09 13:53:15"},{"nodeID":"1340064","text":"Zofia: Julia Hartley-Brewer: there are lots more reasons why we\u2019re in this crisis","type":"L","timestamp":"2023-11-09 13:53:15"},{"nodeID":"1340065","text":"Asserting","type":"YA","timestamp":"2023-11-09 13:53:15"},{"nodeID":"1340066","text":"Default Transition","type":"TA","timestamp":"2023-11-09 13:53:15"},{"nodeID":"1340067","text":"the crisis exists for many different long-term reasons","type":"I","timestamp":"2023-11-09 13:53:15"},{"nodeID":"1340068","text":"Julia Hartley-Brewer: for many different long-term reasons","type":"L","timestamp":"2023-11-09 13:53:15"},{"nodeID":"1340069","text":"Analysing","type":"YA","timestamp":"2023-11-09 13:53:15"},{"nodeID":"1340070","text":"Zofia: Julia Hartley-Brewer: for many different long-term reasons","type":"L","timestamp":"2023-11-09 13:53:15"},{"nodeID":"1340071","text":"Asserting","type":"YA","timestamp":"2023-11-09 13:53:15"},{"nodeID":"1340072","text":"the crisis is a plague on all of your houses on that front","type":"I","timestamp":"2023-11-09 13:53:16"},{"nodeID":"1340073","text":"Julia Hartley-Brewer: a plague on all of your houses on that front","type":"L","timestamp":"2023-11-09 13:53:16"},{"nodeID":"1340074","text":"Analysing","type":"YA","timestamp":"2023-11-09 13:53:16"},{"nodeID":"1340075","text":"Zofia: Julia Hartley-Brewer: a plague on all of your houses on that front","type":"L","timestamp":"2023-11-09 13:53:16"},{"nodeID":"1340076","text":"Asserting","type":"YA","timestamp":"2023-11-09 13:53:16"},{"nodeID":"1340077","text":"Default Transition","type":"TA","timestamp":"2023-11-09 13:53:16"},{"nodeID":"1340078","text":"Default Transition","type":"TA","timestamp":"2023-11-09 13:53:16"},{"nodeID":"1340079","text":"Default Rephrase","type":"MA","timestamp":"2023-11-09 13:53:16"},{"nodeID":"1340080","text":"Default Rephrase","type":"MA","timestamp":"2023-11-09 13:53:16"},{"nodeID":"1340081","text":"the reality is, we need to have this work","type":"I","timestamp":"2023-11-09 13:53:17"},{"nodeID":"1340082","text":"Julia Hartley-Brewer: The reality is, we need to have this work","type":"L","timestamp":"2023-11-09 13:53:17"},{"nodeID":"1340083","text":"Analysing","type":"YA","timestamp":"2023-11-09 13:53:17"},{"nodeID":"1340084","text":"Zofia: Julia Hartley-Brewer: The reality is, we need to have this work","type":"L","timestamp":"2023-11-09 13:53:17"},{"nodeID":"1340085","text":"Asserting","type":"YA","timestamp":"2023-11-09 13:53:17"},{"nodeID":"1340086","text":"Default Transition","type":"TA","timestamp":"2023-11-09 13:53:17"},{"nodeID":"1340087","text":"we haven\u2019t got time to have a general election","type":"I","timestamp":"2023-11-09 13:53:17"},{"nodeID":"1340088","text":"Julia Hartley-Brewer: we haven\u2019t got time to have a general election","type":"L","timestamp":"2023-11-09 13:53:17"},{"nodeID":"1340089","text":"Analysing","type":"YA","timestamp":"2023-11-09 13:53:17"},{"nodeID":"1340090","text":"Zofia: Julia Hartley-Brewer: we haven\u2019t got time to have a general election","type":"L","timestamp":"2023-11-09 13:53:17"},{"nodeID":"1340091","text":"Asserting","type":"YA","timestamp":"2023-11-09 13:53:17"},{"nodeID":"1340092","text":"Default Transition","type":"TA","timestamp":"2023-11-09 13:53:17"},{"nodeID":"1340093","text":"Default Inference","type":"RA","timestamp":"2023-11-09 13:53:17"},{"nodeID":"1340094","text":"Arguing","type":"YA","timestamp":"2023-11-09 13:53:17"},{"nodeID":"1340095","text":"we need to have some action to help people who are facing a really, really rough winter ahead","type":"I","timestamp":"2023-11-09 13:53:18"},{"nodeID":"1340096","text":"Julia Hartley-Brewer: We need to have some action to help people who are facing a really, really rough winter ahead","type":"L","timestamp":"2023-11-09 13:53:18"},{"nodeID":"1340097","text":"Analysing","type":"YA","timestamp":"2023-11-09 13:53:18"},{"nodeID":"1340098","text":"Zofia: Julia Hartley-Brewer: We need to have some action to help people who are facing a really, really rough winter ahead","type":"L","timestamp":"2023-11-09 13:53:18"},{"nodeID":"1340099","text":"Asserting","type":"YA","timestamp":"2023-11-09 13:53:18"},{"nodeID":"1340100","text":"Default Transition","type":"TA","timestamp":"2023-11-09 13:53:18"},{"nodeID":"1340101","text":"Liz Truss was shocking","type":"I","timestamp":"2023-11-09 13:53:19"},{"nodeID":"1340102","text":"Julia Hartley-Brewer: Liz Truss was shocking","type":"L","timestamp":"2023-11-09 13:53:19"},{"nodeID":"1340103","text":"Analysing","type":"YA","timestamp":"2023-11-09 13:53:19"},{"nodeID":"1340104","text":"Zofia: Julia Hartley-Brewer: Liz Truss was shocking","type":"L","timestamp":"2023-11-09 13:53:19"},{"nodeID":"1340105","text":"Asserting","type":"YA","timestamp":"2023-11-09 13:53:19"},{"nodeID":"1340106","text":"Default Transition","type":"TA","timestamp":"2023-11-09 13:53:19"},{"nodeID":"1340107","text":"the bar is phenomenally low","type":"I","timestamp":"2023-11-09 13:53:19"},{"nodeID":"1340108","text":"David Lammy: The bar is phenomenally low","type":"L","timestamp":"2023-11-09 13:53:19"},{"nodeID":"1340109","text":"Analysing","type":"YA","timestamp":"2023-11-09 13:53:19"},{"nodeID":"1340110","text":"Zofia: David Lammy: The bar is phenomenally low","type":"L","timestamp":"2023-11-09 13:53:19"},{"nodeID":"1340111","text":"Asserting","type":"YA","timestamp":"2023-11-09 13:53:19"},{"nodeID":"1340112","text":"Default Transition","type":"TA","timestamp":"2023-11-09 13:53:19"},{"nodeID":"1340113","text":"it would be very hard for Rishi Sunak not to be moderately better","type":"I","timestamp":"2023-11-09 13:53:20"},{"nodeID":"1340114","text":"David Lammy: It would be very hard for Rishi Sunak not to be moderately better","type":"L","timestamp":"2023-11-09 13:53:20"},{"nodeID":"1340115","text":"Analysing","type":"YA","timestamp":"2023-11-09 13:53:20"},{"nodeID":"1340116","text":"Zofia: David Lammy: It would be very hard for Rishi Sunak not to be moderately better","type":"L","timestamp":"2023-11-09 13:53:20"},{"nodeID":"1340117","text":"Asserting","type":"YA","timestamp":"2023-11-09 13:53:20"},{"nodeID":"1340118","text":"Default Transition","type":"TA","timestamp":"2023-11-09 13:53:20"},{"nodeID":"1340119","text":"Default Inference","type":"RA","timestamp":"2023-11-09 13:53:20"},{"nodeID":"1340120","text":"Arguing","type":"YA","timestamp":"2023-11-09 13:53:20"},{"nodeID":"1340121","text":"Default Inference","type":"RA","timestamp":"2023-11-09 13:53:20"},{"nodeID":"1340122","text":"Arguing","type":"YA","timestamp":"2023-11-09 13:53:20"},{"nodeID":"1340123","text":"David Lammy is concerned that Rishi Sunak is more focused on his party than the actual country","type":"I","timestamp":"2023-11-09 13:53:21"},{"nodeID":"1340124","text":"David Lammy: I\u2019m concerned that he\u2019s more focused on his party than the actual country","type":"L","timestamp":"2023-11-09 13:53:21"},{"nodeID":"1340125","text":"Analysing","type":"YA","timestamp":"2023-11-09 13:53:21"},{"nodeID":"1340126","text":"Zofia: David Lammy: I\u2019m concerned that he\u2019s more focused on his party than the actual country","type":"L","timestamp":"2023-11-09 13:53:21"},{"nodeID":"1340127","text":"Asserting","type":"YA","timestamp":"2023-11-09 13:53:21"},{"nodeID":"1340128","text":"Default Transition","type":"TA","timestamp":"2023-11-09 13:53:21"},{"nodeID":"1340129","text":"Default Conflict","type":"CA","timestamp":"2023-11-09 13:53:21"},{"nodeID":"1340130","text":"Disagreeing","type":"YA","timestamp":"2023-11-09 13:53:21"},{"nodeID":"1340131","text":"Default Transition","type":"TA","timestamp":"2023-11-09 13:53:21"},{"nodeID":"1340132","text":"Arguing","type":"YA","timestamp":"2023-11-09 13:53:21"}],"edges":[{"edgeID":"1756432","fromID":"1340016","toID":"1340015","formEdgeID":null},{"edgeID":"1756433","fromID":"1340017","toID":"1340016","formEdgeID":null},{"edgeID":"1756434","fromID":"1340015","toID":"1340018","formEdgeID":null},{"edgeID":"1756435","fromID":"1340018","toID":"1340014","formEdgeID":null},{"edgeID":"1756436","fromID":"1340021","toID":"1340020","formEdgeID":null},{"edgeID":"1756437","fromID":"1340022","toID":"1340021","formEdgeID":null},{"edgeID":"1756438","fromID":"1340020","toID":"1340023","formEdgeID":null},{"edgeID":"1756439","fromID":"1340023","toID":"1340019","formEdgeID":null},{"edgeID":"1756440","fromID":"1340026","toID":"1340025","formEdgeID":null},{"edgeID":"1756441","fromID":"1340027","toID":"1340026","formEdgeID":null},{"edgeID":"1756442","fromID":"1340025","toID":"1340028","formEdgeID":null},{"edgeID":"1756443","fromID":"1340028","toID":"1340024","formEdgeID":null},{"edgeID":"1756444","fromID":"1340031","toID":"1340030","formEdgeID":null},{"edgeID":"1756445","fromID":"1340032","toID":"1340031","formEdgeID":null},{"edgeID":"1756446","fromID":"1340030","toID":"1340033","formEdgeID":null},{"edgeID":"1756447","fromID":"1340033","toID":"1340029","formEdgeID":null},{"edgeID":"1756448","fromID":"1340036","toID":"1340035","formEdgeID":null},{"edgeID":"1756449","fromID":"1340037","toID":"1340036","formEdgeID":null},{"edgeID":"1756450","fromID":"1340035","toID":"1340038","formEdgeID":null},{"edgeID":"1756451","fromID":"1340038","toID":"1340034","formEdgeID":null},{"edgeID":"1756452","fromID":"1340029","toID":"1340039","formEdgeID":null},{"edgeID":"1756453","fromID":"1340039","toID":"1340034","formEdgeID":null},{"edgeID":"1756454","fromID":"1340035","toID":"1340040","formEdgeID":null},{"edgeID":"1756455","fromID":"1340040","toID":"1340030","formEdgeID":null},{"edgeID":"1756456","fromID":"1340040","toID":"1340041","formEdgeID":null},{"edgeID":"1756457","fromID":"1340041","toID":"1340039","formEdgeID":null},{"edgeID":"1756458","fromID":"1340030","toID":"1340042","formEdgeID":null},{"edgeID":"1756459","fromID":"1340042","toID":"1340015","formEdgeID":null},{"edgeID":"1756460","fromID":"1340020","toID":"1340043","formEdgeID":null},{"edgeID":"1756461","fromID":"1340043","toID":"1340025","formEdgeID":null},{"edgeID":"1756462","fromID":"1340019","toID":"1340044","formEdgeID":null},{"edgeID":"1756463","fromID":"1340044","toID":"1340029","formEdgeID":null},{"edgeID":"1756464","fromID":"1340014","toID":"1340044","formEdgeID":null},{"edgeID":"1756465","fromID":"1340047","toID":"1340046","formEdgeID":null},{"edgeID":"1756466","fromID":"1340048","toID":"1340047","formEdgeID":null},{"edgeID":"1756467","fromID":"1340046","toID":"1340049","formEdgeID":null},{"edgeID":"1756468","fromID":"1340049","toID":"1340045","formEdgeID":null},{"edgeID":"1756469","fromID":"1340052","toID":"1340051","formEdgeID":null},{"edgeID":"1756470","fromID":"1340053","toID":"1340052","formEdgeID":null},{"edgeID":"1756471","fromID":"1340055","toID":"1340054","formEdgeID":null},{"edgeID":"1756472","fromID":"1340056","toID":"1340055","formEdgeID":null},{"edgeID":"1756473","fromID":"1340054","toID":"1340057","formEdgeID":null},{"edgeID":"1756474","fromID":"1340057","toID":"1340050","formEdgeID":null},{"edgeID":"1756475","fromID":"1340025","toID":"1340058","formEdgeID":null},{"edgeID":"1756476","fromID":"1340058","toID":"1340051","formEdgeID":null},{"edgeID":"1756477","fromID":"1340051","toID":"1340059","formEdgeID":null},{"edgeID":"1756478","fromID":"1340059","toID":"1340054","formEdgeID":null},{"edgeID":"1756479","fromID":"1340051","toID":"1340060","formEdgeID":null},{"edgeID":"1756480","fromID":"1340060","toID":"1340046","formEdgeID":null},{"edgeID":"1756481","fromID":"1340063","toID":"1340062","formEdgeID":null},{"edgeID":"1756482","fromID":"1340064","toID":"1340063","formEdgeID":null},{"edgeID":"1756483","fromID":"1340062","toID":"1340065","formEdgeID":null},{"edgeID":"1756484","fromID":"1340065","toID":"1340061","formEdgeID":null},{"edgeID":"1756485","fromID":"1340046","toID":"1340066","formEdgeID":null},{"edgeID":"1756486","fromID":"1340066","toID":"1340062","formEdgeID":null},{"edgeID":"1756487","fromID":"1340069","toID":"1340068","formEdgeID":null},{"edgeID":"1756488","fromID":"1340070","toID":"1340069","formEdgeID":null},{"edgeID":"1756489","fromID":"1340068","toID":"1340071","formEdgeID":null},{"edgeID":"1756490","fromID":"1340071","toID":"1340067","formEdgeID":null},{"edgeID":"1756491","fromID":"1340074","toID":"1340073","formEdgeID":null},{"edgeID":"1756492","fromID":"1340075","toID":"1340074","formEdgeID":null},{"edgeID":"1756493","fromID":"1340073","toID":"1340076","formEdgeID":null},{"edgeID":"1756494","fromID":"1340076","toID":"1340072","formEdgeID":null},{"edgeID":"1756495","fromID":"1340062","toID":"1340077","formEdgeID":null},{"edgeID":"1756496","fromID":"1340077","toID":"1340068","formEdgeID":null},{"edgeID":"1756497","fromID":"1340068","toID":"1340078","formEdgeID":null},{"edgeID":"1756498","fromID":"1340078","toID":"1340073","formEdgeID":null},{"edgeID":"1756499","fromID":"1340061","toID":"1340079","formEdgeID":null},{"edgeID":"1756500","fromID":"1340079","toID":"1340045","formEdgeID":null},{"edgeID":"1756501","fromID":"1340067","toID":"1340080","formEdgeID":null},{"edgeID":"1756502","fromID":"1340080","toID":"1340061","formEdgeID":null},{"edgeID":"1756503","fromID":"1340083","toID":"1340082","formEdgeID":null},{"edgeID":"1756504","fromID":"1340084","toID":"1340083","formEdgeID":null},{"edgeID":"1756505","fromID":"1340082","toID":"1340085","formEdgeID":null},{"edgeID":"1756506","fromID":"1340085","toID":"1340081","formEdgeID":null},{"edgeID":"1756507","fromID":"1340073","toID":"1340086","formEdgeID":null},{"edgeID":"1756508","fromID":"1340086","toID":"1340082","formEdgeID":null},{"edgeID":"1756509","fromID":"1340089","toID":"1340088","formEdgeID":null},{"edgeID":"1756510","fromID":"1340090","toID":"1340089","formEdgeID":null},{"edgeID":"1756511","fromID":"1340088","toID":"1340091","formEdgeID":null},{"edgeID":"1756512","fromID":"1340091","toID":"1340087","formEdgeID":null},{"edgeID":"1756513","fromID":"1340082","toID":"1340092","formEdgeID":null},{"edgeID":"1756514","fromID":"1340092","toID":"1340088","formEdgeID":null},{"edgeID":"1756515","fromID":"1340087","toID":"1340093","formEdgeID":null},{"edgeID":"1756516","fromID":"1340093","toID":"1340081","formEdgeID":null},{"edgeID":"1756517","fromID":"1340092","toID":"1340094","formEdgeID":null},{"edgeID":"1756518","fromID":"1340094","toID":"1340093","formEdgeID":null},{"edgeID":"1756519","fromID":"1340097","toID":"1340096","formEdgeID":null},{"edgeID":"1756520","fromID":"1340098","toID":"1340097","formEdgeID":null},{"edgeID":"1756521","fromID":"1340096","toID":"1340099","formEdgeID":null},{"edgeID":"1756522","fromID":"1340099","toID":"1340095","formEdgeID":null},{"edgeID":"1756523","fromID":"1340088","toID":"1340100","formEdgeID":null},{"edgeID":"1756524","fromID":"1340100","toID":"1340096","formEdgeID":null},{"edgeID":"1756525","fromID":"1340103","toID":"1340102","formEdgeID":null},{"edgeID":"1756526","fromID":"1340104","toID":"1340103","formEdgeID":null},{"edgeID":"1756527","fromID":"1340102","toID":"1340105","formEdgeID":null},{"edgeID":"1756528","fromID":"1340105","toID":"1340101","formEdgeID":null},{"edgeID":"1756529","fromID":"1340096","toID":"1340106","formEdgeID":null},{"edgeID":"1756530","fromID":"1340106","toID":"1340102","formEdgeID":null},{"edgeID":"1756531","fromID":"1340109","toID":"1340108","formEdgeID":null},{"edgeID":"1756532","fromID":"1340110","toID":"1340109","formEdgeID":null},{"edgeID":"1756533","fromID":"1340108","toID":"1340111","formEdgeID":null},{"edgeID":"1756534","fromID":"1340111","toID":"1340107","formEdgeID":null},{"edgeID":"1756535","fromID":"1340102","toID":"1340112","formEdgeID":null},{"edgeID":"1756536","fromID":"1340112","toID":"1340108","formEdgeID":null},{"edgeID":"1756537","fromID":"1340115","toID":"1340114","formEdgeID":null},{"edgeID":"1756538","fromID":"1340116","toID":"1340115","formEdgeID":null},{"edgeID":"1756539","fromID":"1340114","toID":"1340117","formEdgeID":null},{"edgeID":"1756540","fromID":"1340117","toID":"1340113","formEdgeID":null},{"edgeID":"1756541","fromID":"1340108","toID":"1340118","formEdgeID":null},{"edgeID":"1756542","fromID":"1340118","toID":"1340114","formEdgeID":null},{"edgeID":"1756543","fromID":"1340107","toID":"1340119","formEdgeID":null},{"edgeID":"1756544","fromID":"1340119","toID":"1340113","formEdgeID":null},{"edgeID":"1756545","fromID":"1340118","toID":"1340120","formEdgeID":null},{"edgeID":"1756546","fromID":"1340120","toID":"1340119","formEdgeID":null},{"edgeID":"1756547","fromID":"1340101","toID":"1340121","formEdgeID":null},{"edgeID":"1756548","fromID":"1340121","toID":"1340107","formEdgeID":null},{"edgeID":"1756549","fromID":"1340112","toID":"1340122","formEdgeID":null},{"edgeID":"1756550","fromID":"1340122","toID":"1340121","formEdgeID":null},{"edgeID":"1756551","fromID":"1340125","toID":"1340124","formEdgeID":null},{"edgeID":"1756552","fromID":"1340126","toID":"1340125","formEdgeID":null},{"edgeID":"1756553","fromID":"1340124","toID":"1340127","formEdgeID":null},{"edgeID":"1756554","fromID":"1340127","toID":"1340123","formEdgeID":null},{"edgeID":"1756555","fromID":"1340114","toID":"1340128","formEdgeID":null},{"edgeID":"1756556","fromID":"1340128","toID":"1340124","formEdgeID":null},{"edgeID":"1756557","fromID":"1340123","toID":"1340129","formEdgeID":null},{"edgeID":"1756558","fromID":"1340129","toID":"1340113","formEdgeID":null},{"edgeID":"1756559","fromID":"1340128","toID":"1340130","formEdgeID":null},{"edgeID":"1756560","fromID":"1340130","toID":"1340129","formEdgeID":null},{"edgeID":"1756561","fromID":"1340030","toID":"1340131","formEdgeID":null},{"edgeID":"1756562","fromID":"1340131","toID":"1340020","formEdgeID":null},{"edgeID":"1756563","fromID":"1340132","toID":"1340044","formEdgeID":null},{"edgeID":"1756564","fromID":"1340131","toID":"1340132","formEdgeID":null}],"locutions":[]}