{"nodes":[{"nodeID":"1150844","text":"we do not help people","type":"I","timestamp":"2023-04-20 20:42:32"},{"nodeID":"1150850","text":"we cannot provide something to narrow that treatment gap","type":"I","timestamp":"2023-04-20 20:42:35"},{"nodeID":"1150872","text":"we\u2019re not going to get economic stability, never mind economic growth","type":"I","timestamp":"2023-04-20 20:42:42"},{"nodeID":"1150880","text":"what\u2019s happening to the Maudsley is horrific","type":"I","timestamp":"2023-04-20 20:42:45"},{"nodeID":"1150903","text":"AudienceMember 20221027QT31 doesn\u2019t see the figures","type":"I","timestamp":"2023-04-20 20:42:55"},{"nodeID":"1150916","text":"we can all see what it will be for these potential 40 new hospitals, et cetera, et cetera, on 13 November","type":"I","timestamp":"2023-04-20 20:43:00"},{"nodeID":"1342803","text":"what we really need is for people to accept that there is more demand now than ever","type":"I","timestamp":"2023-11-09 13:57:06"},{"nodeID":"1342804","text":"AudienceMember 20221027QT30: what we really need is for people to accept that there is more demand now than ever","type":"L","timestamp":"2023-11-09 13:57:06"},{"nodeID":"1342805","text":"Analysing","type":"YA","timestamp":"2023-11-09 13:57:06"},{"nodeID":"1342806","text":"Anon: AudienceMember 20221027QT30: what we really need is for people to accept that there is more demand now than ever","type":"L","timestamp":"2023-11-09 13:57:06"},{"nodeID":"1342807","text":"Asserting","type":"YA","timestamp":"2023-11-09 13:57:06"},{"nodeID":"1342808","text":"the demand is there due to the pandemic","type":"I","timestamp":"2023-11-09 13:57:07"},{"nodeID":"1342809","text":"AudienceMember 20221027QT30: the pandemic","type":"L","timestamp":"2023-11-09 13:57:07"},{"nodeID":"1342810","text":"Analysing","type":"YA","timestamp":"2023-11-09 13:57:07"},{"nodeID":"1342811","text":"Anon: AudienceMember 20221027QT30: the pandemic","type":"L","timestamp":"2023-11-09 13:57:07"},{"nodeID":"1342812","text":"Asserting","type":"YA","timestamp":"2023-11-09 13:57:07"},{"nodeID":"1342813","text":"we know that 75 per cent of mental health conditions start before the age of 25","type":"I","timestamp":"2023-11-09 13:57:07"},{"nodeID":"1342814","text":"AudienceMember 20221027QT30: We know that mental health conditions affect\u202675 per cent of them start before the age of 25","type":"L","timestamp":"2023-11-09 13:57:07"},{"nodeID":"1342815","text":"Analysing","type":"YA","timestamp":"2023-11-09 13:57:07"},{"nodeID":"1342816","text":"Anon: AudienceMember 20221027QT30: We know that mental health conditions affect\u202675 per cent of them start before the age of 25","type":"L","timestamp":"2023-11-09 13:57:07"},{"nodeID":"1342817","text":"Asserting","type":"YA","timestamp":"2023-11-09 13:57:07"},{"nodeID":"1342818","text":"AudienceMember 20221027QT30: we do not help people","type":"L","timestamp":"2023-11-09 13:57:08"},{"nodeID":"1342819","text":"Analysing","type":"YA","timestamp":"2023-11-09 13:57:08"},{"nodeID":"1342820","text":"Anon: AudienceMember 20221027QT30: we do not help people","type":"L","timestamp":"2023-11-09 13:57:08"},{"nodeID":"1342821","text":"Asserting","type":"YA","timestamp":"2023-11-09 13:57:08"},{"nodeID":"1342822","text":"AudienceMember 20221027QT30: we cannot provide something to narrow that treatment gap","type":"L","timestamp":"2023-11-09 13:57:09"},{"nodeID":"1342823","text":"Analysing","type":"YA","timestamp":"2023-11-09 13:57:09"},{"nodeID":"1342824","text":"Anon: AudienceMember 20221027QT30: we cannot provide something to narrow that treatment gap","type":"L","timestamp":"2023-11-09 13:57:09"},{"nodeID":"1342825","text":"Asserting","type":"YA","timestamp":"2023-11-09 13:57:09"},{"nodeID":"1342826","text":"unfortunately we\u2019re going to have a whole heap of adults who aren\u2019t able to achieve their potential","type":"I","timestamp":"2023-11-09 13:57:09"},{"nodeID":"1342827","text":"AudienceMember 20221027QT30: unfortunately we\u2019re going to have a whole heap of adults who aren\u2019t able to achieve their potential","type":"L","timestamp":"2023-11-09 13:57:09"},{"nodeID":"1342828","text":"Analysing","type":"YA","timestamp":"2023-11-09 13:57:09"},{"nodeID":"1342829","text":"Anon: AudienceMember 20221027QT30: unfortunately we\u2019re going to have a whole heap of adults who aren\u2019t able to achieve their potential","type":"L","timestamp":"2023-11-09 13:57:09"},{"nodeID":"1342830","text":"Asserting","type":"YA","timestamp":"2023-11-09 13:57:09"},{"nodeID":"1342831","text":"Default Transition","type":"TA","timestamp":"2023-11-09 13:57:09"},{"nodeID":"1342832","text":"Default Inference","type":"RA","timestamp":"2023-11-09 13:57:09"},{"nodeID":"1342833","text":"Arguing","type":"YA","timestamp":"2023-11-09 13:57:09"},{"nodeID":"1342834","text":"Default Inference","type":"RA","timestamp":"2023-11-09 13:57:09"},{"nodeID":"1342835","text":"Default Transition","type":"TA","timestamp":"2023-11-09 13:57:09"},{"nodeID":"1342836","text":"Arguing","type":"YA","timestamp":"2023-11-09 13:57:09"},{"nodeID":"1342837","text":"Default Inference","type":"RA","timestamp":"2023-11-09 13:57:09"},{"nodeID":"1342838","text":"Default Transition","type":"TA","timestamp":"2023-11-09 13:57:09"},{"nodeID":"1342839","text":"Arguing","type":"YA","timestamp":"2023-11-09 13:57:09"},{"nodeID":"1342840","text":"Default Inference","type":"RA","timestamp":"2023-11-09 13:57:09"},{"nodeID":"1342841","text":"Default Transition","type":"TA","timestamp":"2023-11-09 13:57:09"},{"nodeID":"1342842","text":"Arguing","type":"YA","timestamp":"2023-11-09 13:57:09"},{"nodeID":"1342843","text":"adults who haven't had mental health issues addressed are not going to be able to contribute to the economy","type":"I","timestamp":"2023-11-09 13:57:10"},{"nodeID":"1342844","text":"AudienceMember 20221027QT30: They\u2019re not going to be able to contribute to the economy","type":"L","timestamp":"2023-11-09 13:57:10"},{"nodeID":"1342845","text":"Analysing","type":"YA","timestamp":"2023-11-09 13:57:10"},{"nodeID":"1342846","text":"Anon: AudienceMember 20221027QT30: They\u2019re not going to be able to contribute to the economy","type":"L","timestamp":"2023-11-09 13:57:10"},{"nodeID":"1342847","text":"Asserting","type":"YA","timestamp":"2023-11-09 13:57:10"},{"nodeID":"1342848","text":"AudienceMember 20221027QT30: we\u2019re not going to get economic stability, never mind economic growth","type":"L","timestamp":"2023-11-09 13:57:11"},{"nodeID":"1342849","text":"Analysing","type":"YA","timestamp":"2023-11-09 13:57:11"},{"nodeID":"1342850","text":"Anon: AudienceMember 20221027QT30: we\u2019re not going to get economic stability, never mind economic growth","type":"L","timestamp":"2023-11-09 13:57:11"},{"nodeID":"1342851","text":"Asserting","type":"YA","timestamp":"2023-11-09 13:57:11"},{"nodeID":"1342852","text":"AudienceMember 20221027QT31: what\u2019s happening to the Maudsley is horrific","type":"L","timestamp":"2023-11-09 13:57:11"},{"nodeID":"1342853","text":"Analysing","type":"YA","timestamp":"2023-11-09 13:57:11"},{"nodeID":"1342854","text":"Anon: AudienceMember 20221027QT31: what\u2019s happening to the Maudsley is horrific","type":"L","timestamp":"2023-11-09 13:57:11"},{"nodeID":"1342855","text":"Asserting","type":"YA","timestamp":"2023-11-09 13:57:11"},{"nodeID":"1342856","text":"what's happening to the Maudsley transforms over into teaching as well as the mental health does affect the children","type":"I","timestamp":"2023-11-09 13:57:12"},{"nodeID":"1342857","text":"AudienceMember 20221027QT31: That transforms over into teaching as well as the mental health does affect the children","type":"L","timestamp":"2023-11-09 13:57:12"},{"nodeID":"1342858","text":"Analysing","type":"YA","timestamp":"2023-11-09 13:57:12"},{"nodeID":"1342859","text":"Anon: AudienceMember 20221027QT31: That transforms over into teaching as well as the mental health does affect the children","type":"L","timestamp":"2023-11-09 13:57:12"},{"nodeID":"1342860","text":"Asserting","type":"YA","timestamp":"2023-11-09 13:57:12"},{"nodeID":"1342861","text":"AudienceMember 20221027QT31: I don\u2019t see the figures","type":"L","timestamp":"2023-11-09 13:57:13"},{"nodeID":"1342862","text":"Analysing","type":"YA","timestamp":"2023-11-09 13:57:13"},{"nodeID":"1342863","text":"Anon: AudienceMember 20221027QT31: I don\u2019t see the figures","type":"L","timestamp":"2023-11-09 13:57:13"},{"nodeID":"1342864","text":"Asserting","type":"YA","timestamp":"2023-11-09 13:57:13"},{"nodeID":"1342865","text":"Default Transition","type":"TA","timestamp":"2023-11-09 13:57:13"},{"nodeID":"1342866","text":"Default Inference","type":"RA","timestamp":"2023-11-09 13:57:13"},{"nodeID":"1342867","text":"Default Transition","type":"TA","timestamp":"2023-11-09 13:57:13"},{"nodeID":"1342868","text":"Arguing","type":"YA","timestamp":"2023-11-09 13:57:13"},{"nodeID":"1342869","text":"Default Transition","type":"TA","timestamp":"2023-11-09 13:57:13"},{"nodeID":"1342870","text":"Default Transition","type":"TA","timestamp":"2023-11-09 13:57:13"},{"nodeID":"1342871","text":"Default Transition","type":"TA","timestamp":"2023-11-09 13:57:13"},{"nodeID":"1342872","text":"AudienceMember 20221027QT31 obviously has to wait until the 17 November for the figures to come out","type":"I","timestamp":"2023-11-09 13:57:13"},{"nodeID":"1342873","text":"AudienceMember 20221027QT31: so obviously 17 November for the figures to come out","type":"L","timestamp":"2023-11-09 13:57:13"},{"nodeID":"1342874","text":"Analysing","type":"YA","timestamp":"2023-11-09 13:57:13"},{"nodeID":"1342875","text":"Anon: AudienceMember 20221027QT31: so obviously 17 November for the figures to come out","type":"L","timestamp":"2023-11-09 13:57:13"},{"nodeID":"1342876","text":"Asserting","type":"YA","timestamp":"2023-11-09 13:57:13"},{"nodeID":"1342877","text":"Default Inference","type":"RA","timestamp":"2023-11-09 13:57:13"},{"nodeID":"1342878","text":"Default Transition","type":"TA","timestamp":"2023-11-09 13:57:13"},{"nodeID":"1342879","text":"Arguing","type":"YA","timestamp":"2023-11-09 13:57:13"},{"nodeID":"1342880","text":"xxx was the last budget allocation to the NHS","type":"I","timestamp":"2023-11-09 13:57:14"},{"nodeID":"1342881","text":"AudienceMember 20221027QT31: what was the last budget allocation to the NHS","type":"L","timestamp":"2023-11-09 13:57:14"},{"nodeID":"1342882","text":"Analysing","type":"YA","timestamp":"2023-11-09 13:57:14"},{"nodeID":"1342883","text":"Anon: AudienceMember 20221027QT31: what was the last budget allocation to the NHS","type":"L","timestamp":"2023-11-09 13:57:14"},{"nodeID":"1342884","text":"Pure Questioning","type":"YA","timestamp":"2023-11-09 13:57:14"},{"nodeID":"1342885","text":"AudienceMember 20221027QT31: we can all see what it will be for these potential 40 new hospitals, et cetera, et cetera, on 13 November","type":"L","timestamp":"2023-11-09 13:57:14"},{"nodeID":"1342886","text":"Analysing","type":"YA","timestamp":"2023-11-09 13:57:14"},{"nodeID":"1342887","text":"Anon: AudienceMember 20221027QT31: we can all see what it will be for these potential 40 new hospitals, et cetera, et cetera, on 13 November","type":"L","timestamp":"2023-11-09 13:57:14"},{"nodeID":"1342888","text":"Asserting","type":"YA","timestamp":"2023-11-09 13:57:14"},{"nodeID":"1342889","text":"the budget allocation should be increased significantly","type":"I","timestamp":"2023-11-09 13:57:15"},{"nodeID":"1342890","text":"AudienceMember 20221027QT31: it should be increased significantly","type":"L","timestamp":"2023-11-09 13:57:15"},{"nodeID":"1342891","text":"Analysing","type":"YA","timestamp":"2023-11-09 13:57:15"},{"nodeID":"1342892","text":"Anon: AudienceMember 20221027QT31: it should be increased significantly","type":"L","timestamp":"2023-11-09 13:57:15"},{"nodeID":"1342893","text":"Asserting","type":"YA","timestamp":"2023-11-09 13:57:15"},{"nodeID":"1342894","text":"the budget allocation should be allocated to the NHS","type":"I","timestamp":"2023-11-09 13:57:16"},{"nodeID":"1342895","text":"AudienceMember 20221027QT31: should be allocated to the NHS","type":"L","timestamp":"2023-11-09 13:57:16"},{"nodeID":"1342896","text":"Analysing","type":"YA","timestamp":"2023-11-09 13:57:16"},{"nodeID":"1342897","text":"Anon: AudienceMember 20221027QT31: should be allocated to the NHS","type":"L","timestamp":"2023-11-09 13:57:16"},{"nodeID":"1342898","text":"Asserting","type":"YA","timestamp":"2023-11-09 13:57:16"},{"nodeID":"1342899","text":"you do or do not know what the last figures were","type":"I","timestamp":"2023-11-09 13:57:16"},{"nodeID":"1342900","text":"AudienceMember 20221027QT31: Do you know what the last figures were","type":"L","timestamp":"2023-11-09 13:57:16"},{"nodeID":"1342901","text":"Analysing","type":"YA","timestamp":"2023-11-09 13:57:16"},{"nodeID":"1342902","text":"Anon: AudienceMember 20221027QT31: Do you know what the last figures were","type":"L","timestamp":"2023-11-09 13:57:16"},{"nodeID":"1342903","text":"Pure Questioning","type":"YA","timestamp":"2023-11-09 13:57:16"},{"nodeID":"1342904","text":"Default Transition","type":"TA","timestamp":"2023-11-09 13:57:16"},{"nodeID":"1342905","text":"Default Transition","type":"TA","timestamp":"2023-11-09 13:57:16"},{"nodeID":"1342906","text":"Default Transition","type":"TA","timestamp":"2023-11-09 13:57:16"},{"nodeID":"1342907","text":"Default Transition","type":"TA","timestamp":"2023-11-09 13:57:16"},{"nodeID":"1342908","text":"Default Rephrase","type":"MA","timestamp":"2023-11-09 13:57:16"},{"nodeID":"1342909","text":"Restating","type":"YA","timestamp":"2023-11-09 13:57:16"},{"nodeID":"1342910","text":"Default Rephrase","type":"MA","timestamp":"2023-11-09 13:57:16"},{"nodeID":"1342911","text":"Default Transition","type":"TA","timestamp":"2023-11-09 13:57:16"},{"nodeID":"1342912","text":"Restating","type":"YA","timestamp":"2023-11-09 13:57:16"},{"nodeID":"1342913","text":"Default Transition","type":"TA","timestamp":"2023-11-09 13:57:16"},{"nodeID":"1342914","text":"Default Rephrase","type":"MA","timestamp":"2023-11-09 13:57:16"},{"nodeID":"1342915","text":"Restating","type":"YA","timestamp":"2023-11-09 13:57:16"},{"nodeID":"1342916","text":"Default Rephrase","type":"MA","timestamp":"2023-11-09 13:57:16"},{"nodeID":"1342917","text":"Restating","type":"YA","timestamp":"2023-11-09 13:57:16"},{"nodeID":"1342918","text":"Default Inference","type":"RA","timestamp":"2023-11-09 13:57:16"},{"nodeID":"1342919","text":"Arguing","type":"YA","timestamp":"2023-11-09 13:57:16"}],"edges":[{"edgeID":"1759787","fromID":"1342805","toID":"1342804","formEdgeID":null},{"edgeID":"1759788","fromID":"1342806","toID":"1342805","formEdgeID":null},{"edgeID":"1759789","fromID":"1342804","toID":"1342807","formEdgeID":null},{"edgeID":"1759790","fromID":"1342807","toID":"1342803","formEdgeID":null},{"edgeID":"1759791","fromID":"1342810","toID":"1342809","formEdgeID":null},{"edgeID":"1759792","fromID":"1342811","toID":"1342810","formEdgeID":null},{"edgeID":"1759793","fromID":"1342809","toID":"1342812","formEdgeID":null},{"edgeID":"1759794","fromID":"1342812","toID":"1342808","formEdgeID":null},{"edgeID":"1759795","fromID":"1342815","toID":"1342814","formEdgeID":null},{"edgeID":"1759796","fromID":"1342816","toID":"1342815","formEdgeID":null},{"edgeID":"1759797","fromID":"1342814","toID":"1342817","formEdgeID":null},{"edgeID":"1759798","fromID":"1342817","toID":"1342813","formEdgeID":null},{"edgeID":"1759799","fromID":"1342819","toID":"1342818","formEdgeID":null},{"edgeID":"1759800","fromID":"1342820","toID":"1342819","formEdgeID":null},{"edgeID":"1759801","fromID":"1342818","toID":"1342821","formEdgeID":null},{"edgeID":"1759802","fromID":"1342821","toID":"1150844","formEdgeID":null},{"edgeID":"1759803","fromID":"1342823","toID":"1342822","formEdgeID":null},{"edgeID":"1759804","fromID":"1342824","toID":"1342823","formEdgeID":null},{"edgeID":"1759805","fromID":"1342822","toID":"1342825","formEdgeID":null},{"edgeID":"1759806","fromID":"1342825","toID":"1150850","formEdgeID":null},{"edgeID":"1759807","fromID":"1342828","toID":"1342827","formEdgeID":null},{"edgeID":"1759808","fromID":"1342829","toID":"1342828","formEdgeID":null},{"edgeID":"1759809","fromID":"1342827","toID":"1342830","formEdgeID":null},{"edgeID":"1759810","fromID":"1342830","toID":"1342826","formEdgeID":null},{"edgeID":"1759811","fromID":"1342804","toID":"1342831","formEdgeID":null},{"edgeID":"1759812","fromID":"1342831","toID":"1342809","formEdgeID":null},{"edgeID":"1759813","fromID":"1342808","toID":"1342832","formEdgeID":null},{"edgeID":"1759814","fromID":"1342832","toID":"1342803","formEdgeID":null},{"edgeID":"1759815","fromID":"1342831","toID":"1342833","formEdgeID":null},{"edgeID":"1759816","fromID":"1342833","toID":"1342832","formEdgeID":null},{"edgeID":"1759817","fromID":"1342813","toID":"1342834","formEdgeID":null},{"edgeID":"1759818","fromID":"1342834","toID":"1150844","formEdgeID":null},{"edgeID":"1759819","fromID":"1342814","toID":"1342835","formEdgeID":null},{"edgeID":"1759820","fromID":"1342835","toID":"1342818","formEdgeID":null},{"edgeID":"1759821","fromID":"1342835","toID":"1342836","formEdgeID":null},{"edgeID":"1759822","fromID":"1342836","toID":"1342834","formEdgeID":null},{"edgeID":"1759823","fromID":"1150850","toID":"1342837","formEdgeID":null},{"edgeID":"1759824","fromID":"1342837","toID":"1150844","formEdgeID":null},{"edgeID":"1759825","fromID":"1342818","toID":"1342838","formEdgeID":null},{"edgeID":"1759826","fromID":"1342838","toID":"1342822","formEdgeID":null},{"edgeID":"1759827","fromID":"1342838","toID":"1342839","formEdgeID":null},{"edgeID":"1759828","fromID":"1342839","toID":"1342837","formEdgeID":null},{"edgeID":"1759829","fromID":"1150844","toID":"1342840","formEdgeID":null},{"edgeID":"1759830","fromID":"1342840","toID":"1342826","formEdgeID":null},{"edgeID":"1759831","fromID":"1342818","toID":"1342841","formEdgeID":null},{"edgeID":"1759832","fromID":"1342841","toID":"1342827","formEdgeID":null},{"edgeID":"1759833","fromID":"1342841","toID":"1342842","formEdgeID":null},{"edgeID":"1759834","fromID":"1342842","toID":"1342840","formEdgeID":null},{"edgeID":"1759835","fromID":"1342845","toID":"1342844","formEdgeID":null},{"edgeID":"1759836","fromID":"1342846","toID":"1342845","formEdgeID":null},{"edgeID":"1759837","fromID":"1342844","toID":"1342847","formEdgeID":null},{"edgeID":"1759838","fromID":"1342847","toID":"1342843","formEdgeID":null},{"edgeID":"1759839","fromID":"1342849","toID":"1342848","formEdgeID":null},{"edgeID":"1759840","fromID":"1342850","toID":"1342849","formEdgeID":null},{"edgeID":"1759841","fromID":"1342848","toID":"1342851","formEdgeID":null},{"edgeID":"1759842","fromID":"1342851","toID":"1150872","formEdgeID":null},{"edgeID":"1759843","fromID":"1342853","toID":"1342852","formEdgeID":null},{"edgeID":"1759844","fromID":"1342854","toID":"1342853","formEdgeID":null},{"edgeID":"1759845","fromID":"1342852","toID":"1342855","formEdgeID":null},{"edgeID":"1759846","fromID":"1342855","toID":"1150880","formEdgeID":null},{"edgeID":"1759847","fromID":"1342858","toID":"1342857","formEdgeID":null},{"edgeID":"1759848","fromID":"1342859","toID":"1342858","formEdgeID":null},{"edgeID":"1759849","fromID":"1342857","toID":"1342860","formEdgeID":null},{"edgeID":"1759850","fromID":"1342860","toID":"1342856","formEdgeID":null},{"edgeID":"1759851","fromID":"1342862","toID":"1342861","formEdgeID":null},{"edgeID":"1759852","fromID":"1342863","toID":"1342862","formEdgeID":null},{"edgeID":"1759853","fromID":"1342861","toID":"1342864","formEdgeID":null},{"edgeID":"1759854","fromID":"1342864","toID":"1150903","formEdgeID":null},{"edgeID":"1759855","fromID":"1342827","toID":"1342865","formEdgeID":null},{"edgeID":"1759856","fromID":"1342865","toID":"1342844","formEdgeID":null},{"edgeID":"1759857","fromID":"1342843","toID":"1342866","formEdgeID":null},{"edgeID":"1759858","fromID":"1342866","toID":"1150872","formEdgeID":null},{"edgeID":"1759859","fromID":"1342844","toID":"1342867","formEdgeID":null},{"edgeID":"1759860","fromID":"1342867","toID":"1342848","formEdgeID":null},{"edgeID":"1759861","fromID":"1342867","toID":"1342868","formEdgeID":null},{"edgeID":"1759862","fromID":"1342868","toID":"1342866","formEdgeID":null},{"edgeID":"1759863","fromID":"1342848","toID":"1342869","formEdgeID":null},{"edgeID":"1759864","fromID":"1342869","toID":"1342852","formEdgeID":null},{"edgeID":"1759865","fromID":"1342852","toID":"1342870","formEdgeID":null},{"edgeID":"1759866","fromID":"1342870","toID":"1342857","formEdgeID":null},{"edgeID":"1759867","fromID":"1342857","toID":"1342871","formEdgeID":null},{"edgeID":"1759868","fromID":"1342871","toID":"1342861","formEdgeID":null},{"edgeID":"1759869","fromID":"1342874","toID":"1342873","formEdgeID":null},{"edgeID":"1759870","fromID":"1342875","toID":"1342874","formEdgeID":null},{"edgeID":"1759871","fromID":"1342873","toID":"1342876","formEdgeID":null},{"edgeID":"1759872","fromID":"1342876","toID":"1342872","formEdgeID":null},{"edgeID":"1759873","fromID":"1150903","toID":"1342877","formEdgeID":null},{"edgeID":"1759874","fromID":"1342877","toID":"1342872","formEdgeID":null},{"edgeID":"1759875","fromID":"1342861","toID":"1342878","formEdgeID":null},{"edgeID":"1759876","fromID":"1342878","toID":"1342873","formEdgeID":null},{"edgeID":"1759877","fromID":"1342878","toID":"1342879","formEdgeID":null},{"edgeID":"1759878","fromID":"1342879","toID":"1342877","formEdgeID":null},{"edgeID":"1759879","fromID":"1342882","toID":"1342881","formEdgeID":null},{"edgeID":"1759880","fromID":"1342883","toID":"1342882","formEdgeID":null},{"edgeID":"1759881","fromID":"1342881","toID":"1342884","formEdgeID":null},{"edgeID":"1759882","fromID":"1342884","toID":"1342880","formEdgeID":null},{"edgeID":"1759883","fromID":"1342886","toID":"1342885","formEdgeID":null},{"edgeID":"1759884","fromID":"1342887","toID":"1342886","formEdgeID":null},{"edgeID":"1759885","fromID":"1342885","toID":"1342888","formEdgeID":null},{"edgeID":"1759886","fromID":"1342888","toID":"1150916","formEdgeID":null},{"edgeID":"1759887","fromID":"1342891","toID":"1342890","formEdgeID":null},{"edgeID":"1759888","fromID":"1342892","toID":"1342891","formEdgeID":null},{"edgeID":"1759889","fromID":"1342890","toID":"1342893","formEdgeID":null},{"edgeID":"1759890","fromID":"1342893","toID":"1342889","formEdgeID":null},{"edgeID":"1759891","fromID":"1342896","toID":"1342895","formEdgeID":null},{"edgeID":"1759892","fromID":"1342897","toID":"1342896","formEdgeID":null},{"edgeID":"1759893","fromID":"1342895","toID":"1342898","formEdgeID":null},{"edgeID":"1759894","fromID":"1342898","toID":"1342894","formEdgeID":null},{"edgeID":"1759895","fromID":"1342901","toID":"1342900","formEdgeID":null},{"edgeID":"1759896","fromID":"1342902","toID":"1342901","formEdgeID":null},{"edgeID":"1759897","fromID":"1342900","toID":"1342903","formEdgeID":null},{"edgeID":"1759898","fromID":"1342903","toID":"1342899","formEdgeID":null},{"edgeID":"1759899","fromID":"1342873","toID":"1342904","formEdgeID":null},{"edgeID":"1759900","fromID":"1342904","toID":"1342881","formEdgeID":null},{"edgeID":"1759901","fromID":"1342881","toID":"1342905","formEdgeID":null},{"edgeID":"1759902","fromID":"1342905","toID":"1342885","formEdgeID":null},{"edgeID":"1759903","fromID":"1342885","toID":"1342906","formEdgeID":null},{"edgeID":"1759904","fromID":"1342906","toID":"1342890","formEdgeID":null},{"edgeID":"1759905","fromID":"1342890","toID":"1342907","formEdgeID":null},{"edgeID":"1759906","fromID":"1342907","toID":"1342895","formEdgeID":null},{"edgeID":"1759907","fromID":"1342894","toID":"1342908","formEdgeID":null},{"edgeID":"1759908","fromID":"1342908","toID":"1342889","formEdgeID":null},{"edgeID":"1759909","fromID":"1342907","toID":"1342909","formEdgeID":null},{"edgeID":"1759910","fromID":"1342909","toID":"1342908","formEdgeID":null},{"edgeID":"1759911","fromID":"1342899","toID":"1342910","formEdgeID":null},{"edgeID":"1759912","fromID":"1342910","toID":"1342880","formEdgeID":null},{"edgeID":"1759913","fromID":"1342881","toID":"1342911","formEdgeID":null},{"edgeID":"1759914","fromID":"1342911","toID":"1342900","formEdgeID":null},{"edgeID":"1759915","fromID":"1342911","toID":"1342912","formEdgeID":null},{"edgeID":"1759916","fromID":"1342912","toID":"1342910","formEdgeID":null},{"edgeID":"1759917","fromID":"1342913","toID":"1342814","formEdgeID":null},{"edgeID":"1759918","fromID":"1342809","toID":"1342913","formEdgeID":null},{"edgeID":"1759919","fromID":"1342813","toID":"1342840","formEdgeID":null},{"edgeID":"1759920","fromID":"1342914","toID":"1342826","formEdgeID":null},{"edgeID":"1759921","fromID":"1342843","toID":"1342914","formEdgeID":null},{"edgeID":"1759922","fromID":"1342915","toID":"1342914","formEdgeID":null},{"edgeID":"1759923","fromID":"1342865","toID":"1342915","formEdgeID":null},{"edgeID":"1759924","fromID":"1342856","toID":"1342916","formEdgeID":null},{"edgeID":"1759925","fromID":"1342916","toID":"1150880","formEdgeID":null},{"edgeID":"1759926","fromID":"1342917","toID":"1342916","formEdgeID":null},{"edgeID":"1759927","fromID":"1342870","toID":"1342917","formEdgeID":null},{"edgeID":"1759928","fromID":"1342880","toID":"1342918","formEdgeID":null},{"edgeID":"1759929","fromID":"1342918","toID":"1150916","formEdgeID":null},{"edgeID":"1759930","fromID":"1342905","toID":"1342919","formEdgeID":null},{"edgeID":"1759931","fromID":"1342919","toID":"1342918","formEdgeID":null}],"locutions":[]}