{"nodes":[{"nodeID":"1339898","text":"AudienceMember 20221027QT06 is or is not talking about Charles Walker","type":"I","timestamp":"2023-11-09 13:53:00"},{"nodeID":"1339899","text":"Fiona Bruce: Are you talking about Charles Walker","type":"L","timestamp":"2023-11-09 13:53:00"},{"nodeID":"1339900","text":"Analysing","type":"YA","timestamp":"2023-11-09 13:53:00"},{"nodeID":"1339901","text":"Nette: Fiona Bruce: Are you talking about Charles Walker","type":"L","timestamp":"2023-11-09 13:53:00"},{"nodeID":"1339902","text":"Asserting","type":"YA","timestamp":"2023-11-09 13:53:00"},{"nodeID":"1339903","text":"the fractionalisation we\u2019ve seen in the Conservative Party is not a solution and handing out ministerial positions just so you can try and cobble things together for another few months, isn\u2019t working","type":"I","timestamp":"2023-11-09 13:53:01"},{"nodeID":"1339904","text":"AudienceMember 20221027QT07: the fractionalisation we\u2019ve seen is not a solution and handing out ministerial positions just so you can try and cobble things together for another few months, isn\u2019t working","type":"L","timestamp":"2023-11-09 13:53:01"},{"nodeID":"1339905","text":"Analysing","type":"YA","timestamp":"2023-11-09 13:53:01"},{"nodeID":"1339906","text":"Nette: AudienceMember 20221027QT07: the fractionalisation we\u2019ve seen is not a solution and handing out ministerial positions just so you can try and cobble things together for another few months, isn\u2019t working","type":"L","timestamp":"2023-11-09 13:53:01"},{"nodeID":"1339907","text":"Asserting","type":"YA","timestamp":"2023-11-09 13:53:01"},{"nodeID":"1339908","text":"given the events of this summer in the Conservative Party, Mr Iannucci will or will not need a new baseline for Omnishambles","type":"I","timestamp":"2023-11-09 13:53:02"},{"nodeID":"1339909","text":"AudienceMember 20221027QT08: given the events of this summer in the Conservative Party, whether Mr Iannucci will need a new baseline for Omnishambles","type":"L","timestamp":"2023-11-09 13:53:02"},{"nodeID":"1339910","text":"Analysing","type":"YA","timestamp":"2023-11-09 13:53:02"},{"nodeID":"1339911","text":"Nette: AudienceMember 20221027QT08: given the events of this summer in the Conservative Party, whether Mr Iannucci will need a new baseline for Omnishambles","type":"L","timestamp":"2023-11-09 13:53:02"},{"nodeID":"1339912","text":"Pure Questioning","type":"YA","timestamp":"2023-11-09 13:53:02"},{"nodeID":"1339913","text":"Default Transition","type":"TA","timestamp":"2023-11-09 13:53:02"},{"nodeID":"1339914","text":"xxx is when politicians are going to actually put the country first, the party second, and themselves third","type":"I","timestamp":"2023-11-09 13:53:02"},{"nodeID":"1339915","text":"AudienceMember 20221027QT09: when politicians are going to actually put the country first, the party second, and themselves third","type":"L","timestamp":"2023-11-09 13:53:02"},{"nodeID":"1339916","text":"Analysing","type":"YA","timestamp":"2023-11-09 13:53:02"},{"nodeID":"1339917","text":"Nette: AudienceMember 20221027QT09: when politicians are going to actually put the country first, the party second, and themselves third","type":"L","timestamp":"2023-11-09 13:53:02"},{"nodeID":"1339918","text":"Pure Questioning","type":"YA","timestamp":"2023-11-09 13:53:02"},{"nodeID":"1339919","text":"Default Transition","type":"TA","timestamp":"2023-11-09 13:53:02"},{"nodeID":"1339920","text":"at the moment it would appear it\u2019s the other way around","type":"I","timestamp":"2023-11-09 13:53:03"},{"nodeID":"1339921","text":"AudienceMember 20221027QT09: at the moment it would appear it\u2019s the other way around","type":"L","timestamp":"2023-11-09 13:53:03"},{"nodeID":"1339922","text":"Analysing","type":"YA","timestamp":"2023-11-09 13:53:03"},{"nodeID":"1339923","text":"Nette: AudienceMember 20221027QT09: at the moment it would appear it\u2019s the other way around","type":"L","timestamp":"2023-11-09 13:53:03"},{"nodeID":"1339924","text":"Asserting","type":"YA","timestamp":"2023-11-09 13:53:03"},{"nodeID":"1339925","text":"Default Transition","type":"TA","timestamp":"2023-11-09 13:53:03"},{"nodeID":"1339926","text":"Default Inference","type":"RA","timestamp":"2023-11-09 13:53:03"},{"nodeID":"1339927","text":"Arguing","type":"YA","timestamp":"2023-11-09 13:53:03"},{"nodeID":"1339928","text":"AudienceMember 20221027QT09 does or does not feel that politicians put themselves first, the party second and the country third across the board for all parties or one in particular","type":"I","timestamp":"2023-11-09 13:53:04"},{"nodeID":"1339929","text":"Fiona Bruce: do you feel that across the board for all parties or one in particular","type":"L","timestamp":"2023-11-09 13:53:04"},{"nodeID":"1339930","text":"Analysing","type":"YA","timestamp":"2023-11-09 13:53:04"},{"nodeID":"1339931","text":"Nette: Fiona Bruce: do you feel that across the board for all parties or one in particular","type":"L","timestamp":"2023-11-09 13:53:04"},{"nodeID":"1339932","text":"Pure Questioning","type":"YA","timestamp":"2023-11-09 13:53:04"},{"nodeID":"1339933","text":"Default Rephrase","type":"MA","timestamp":"2023-11-09 13:53:04"},{"nodeID":"1339934","text":"Default Transition","type":"TA","timestamp":"2023-11-09 13:53:04"},{"nodeID":"1339935","text":"Restating","type":"YA","timestamp":"2023-11-09 13:53:04"},{"nodeID":"1339936","text":"xxx is what it would mean that politicians are putting themselves first, the party second and the country third","type":"I","timestamp":"2023-11-09 13:53:04"},{"nodeID":"1339937","text":"Julia Hartley-Brewer: What would that mean","type":"L","timestamp":"2023-11-09 13:53:04"},{"nodeID":"1339938","text":"Analysing","type":"YA","timestamp":"2023-11-09 13:53:04"},{"nodeID":"1339939","text":"Nette: Julia Hartley-Brewer: What would that mean","type":"L","timestamp":"2023-11-09 13:53:04"},{"nodeID":"1339940","text":"Pure Questioning","type":"YA","timestamp":"2023-11-09 13:53:04"},{"nodeID":"1339941","text":"Default Transition","type":"TA","timestamp":"2023-11-09 13:53:04"},{"nodeID":"1339942","text":"it's obvious that it means that politicians are putting themselves first, the party second and the country third","type":"I","timestamp":"2023-11-09 13:53:05"},{"nodeID":"1339943","text":"AudienceMember 20221027QT10: What does that mean","type":"L","timestamp":"2023-11-09 13:53:05"},{"nodeID":"1339944","text":"Analysing","type":"YA","timestamp":"2023-11-09 13:53:05"},{"nodeID":"1339945","text":"Nette: AudienceMember 20221027QT10: What does that mean","type":"L","timestamp":"2023-11-09 13:53:05"},{"nodeID":"1339946","text":"Rhetorical Questioning","type":"YA","timestamp":"2023-11-09 13:53:05"},{"nodeID":"1339947","text":"Default Transition","type":"TA","timestamp":"2023-11-09 13:53:05"},{"nodeID":"1339948","text":"Default Rephrase","type":"MA","timestamp":"2023-11-09 13:53:05"},{"nodeID":"1339949","text":"Restating","type":"YA","timestamp":"2023-11-09 13:53:05"},{"nodeID":"1339950","text":"the politicians should have the best interests of the country uppermost in their minds","type":"I","timestamp":"2023-11-09 13:53:05"},{"nodeID":"1339951","text":"AudienceMember 20221027QT10: they should have the best interests of the country uppermost in their minds","type":"L","timestamp":"2023-11-09 13:53:05"},{"nodeID":"1339952","text":"Analysing","type":"YA","timestamp":"2023-11-09 13:53:05"},{"nodeID":"1339953","text":"Nette: AudienceMember 20221027QT10: they should have the best interests of the country uppermost in their minds","type":"L","timestamp":"2023-11-09 13:53:05"},{"nodeID":"1339954","text":"Asserting","type":"YA","timestamp":"2023-11-09 13:53:05"},{"nodeID":"1339955","text":"Default Transition","type":"TA","timestamp":"2023-11-09 13:53:05"},{"nodeID":"1339956","text":"Default Rephrase","type":"MA","timestamp":"2023-11-09 13:53:05"},{"nodeID":"1339957","text":"Default Illocuting","type":"YA","timestamp":"2023-11-09 13:53:05"},{"nodeID":"1339958","text":"the politicians should not have themselves uppermost in their minds","type":"I","timestamp":"2023-11-09 13:53:06"},{"nodeID":"1339959","text":"AudienceMember 20221027QT10: not themselves,","type":"L","timestamp":"2023-11-09 13:53:06"},{"nodeID":"1339960","text":"Analysing","type":"YA","timestamp":"2023-11-09 13:53:06"},{"nodeID":"1339961","text":"Nette: AudienceMember 20221027QT10: not themselves,","type":"L","timestamp":"2023-11-09 13:53:06"},{"nodeID":"1339962","text":"Asserting","type":"YA","timestamp":"2023-11-09 13:53:06"},{"nodeID":"1339963","text":"Default Transition","type":"TA","timestamp":"2023-11-09 13:53:06"},{"nodeID":"1339964","text":"Default Conflict","type":"CA","timestamp":"2023-11-09 13:53:06"},{"nodeID":"1339965","text":"Disagreeing","type":"YA","timestamp":"2023-11-09 13:53:06"},{"nodeID":"1339966","text":"the politicians should not have the party uppermost in their minds","type":"I","timestamp":"2023-11-09 13:53:07"},{"nodeID":"1339967","text":"AudienceMember 20221027QT10: not the party","type":"L","timestamp":"2023-11-09 13:53:07"},{"nodeID":"1339968","text":"Analysing","type":"YA","timestamp":"2023-11-09 13:53:07"},{"nodeID":"1339969","text":"Nette: AudienceMember 20221027QT10: not the party","type":"L","timestamp":"2023-11-09 13:53:07"},{"nodeID":"1339970","text":"Asserting","type":"YA","timestamp":"2023-11-09 13:53:07"},{"nodeID":"1339971","text":"Default Conflict","type":"CA","timestamp":"2023-11-09 13:53:07"},{"nodeID":"1339972","text":"Default Transition","type":"TA","timestamp":"2023-11-09 13:53:07"},{"nodeID":"1339973","text":"Disagreeing","type":"YA","timestamp":"2023-11-09 13:53:07"},{"nodeID":"1339974","text":"in terms of policies, xxx is what AudienceMember 20221027QT10 would  want","type":"I","timestamp":"2023-11-09 13:53:07"},{"nodeID":"1339975","text":"Julia Hartley-Brewer: in terms of policies, what would you want","type":"L","timestamp":"2023-11-09 13:53:07"},{"nodeID":"1339976","text":"Analysing","type":"YA","timestamp":"2023-11-09 13:53:07"},{"nodeID":"1339977","text":"Nette: Julia Hartley-Brewer: in terms of policies, what would you want","type":"L","timestamp":"2023-11-09 13:53:07"},{"nodeID":"1339978","text":"Pure Questioning","type":"YA","timestamp":"2023-11-09 13:53:07"},{"nodeID":"1339979","text":"Default Transition","type":"TA","timestamp":"2023-11-09 13:53:07"},{"nodeID":"1339980","text":"the politicians need to pull together","type":"I","timestamp":"2023-11-09 13:53:08"},{"nodeID":"1339981","text":"AudienceMember 20221027QT11: You need to pull together","type":"L","timestamp":"2023-11-09 13:53:08"},{"nodeID":"1339982","text":"Analysing","type":"YA","timestamp":"2023-11-09 13:53:08"},{"nodeID":"1339983","text":"Nette: AudienceMember 20221027QT11: You need to pull together","type":"L","timestamp":"2023-11-09 13:53:08"},{"nodeID":"1339984","text":"Asserting","type":"YA","timestamp":"2023-11-09 13:53:08"},{"nodeID":"1339985","text":"Default Transition","type":"TA","timestamp":"2023-11-09 13:53:08"},{"nodeID":"1339986","text":"the country is in a crisis","type":"I","timestamp":"2023-11-09 13:53:08"},{"nodeID":"1339987","text":"AudienceMember 20221027QT11: we\u2019re in a crisis, like we say we are","type":"L","timestamp":"2023-11-09 13:53:08"},{"nodeID":"1339988","text":"Analysing","type":"YA","timestamp":"2023-11-09 13:53:08"},{"nodeID":"1339989","text":"Nette: AudienceMember 20221027QT11: we\u2019re in a crisis, like we say we are","type":"L","timestamp":"2023-11-09 13:53:08"},{"nodeID":"1339990","text":"Asserting","type":"YA","timestamp":"2023-11-09 13:53:08"},{"nodeID":"1339991","text":"Default Rephrase","type":"MA","timestamp":"2023-11-09 13:53:08"},{"nodeID":"1339992","text":"Default Illocuting","type":"YA","timestamp":"2023-11-09 13:53:08"},{"nodeID":"1339993","text":"the country needs to pull together and pull all together and pull out of it","type":"I","timestamp":"2023-11-09 13:53:09"},{"nodeID":"1339994","text":"AudienceMember 20221027QT11: we need to pull together and pull all together and pull out of it","type":"L","timestamp":"2023-11-09 13:53:09"},{"nodeID":"1339995","text":"Analysing","type":"YA","timestamp":"2023-11-09 13:53:09"},{"nodeID":"1339996","text":"Nette: AudienceMember 20221027QT11: we need to pull together and pull all together and pull out of it","type":"L","timestamp":"2023-11-09 13:53:09"},{"nodeID":"1339997","text":"Asserting","type":"YA","timestamp":"2023-11-09 13:53:09"},{"nodeID":"1339998","text":"Default Transition","type":"TA","timestamp":"2023-11-09 13:53:09"},{"nodeID":"1339999","text":"Default Inference","type":"RA","timestamp":"2023-11-09 13:53:09"},{"nodeID":"1340000","text":"Arguing","type":"YA","timestamp":"2023-11-09 13:53:09"},{"nodeID":"1340001","text":"Default Rephrase","type":"MA","timestamp":"2023-11-09 13:53:09"},{"nodeID":"1340002","text":"Default Transition","type":"TA","timestamp":"2023-11-09 13:53:09"},{"nodeID":"1340003","text":"Restating","type":"YA","timestamp":"2023-11-09 13:53:09"},{"nodeID":"1340004","text":"Default Transition","type":"TA","timestamp":"2023-11-09 13:53:09"},{"nodeID":"1340005","text":"AudienceMember 20221027QT07 is talking about Chris Walker","type":"I","timestamp":"2023-11-09 13:53:10"},{"nodeID":"1340006","text":"AudienceMember 20221027QT07: Yeah","type":"L","timestamp":"2023-11-09 13:53:10"},{"nodeID":"1340007","text":"Analysing","type":"YA","timestamp":"2023-11-09 13:53:10"},{"nodeID":"1340008","text":"Nette: AudienceMember 20221027QT07: Yeah","type":"L","timestamp":"2023-11-09 13:53:10"},{"nodeID":"1340009","text":"Asserting","type":"YA","timestamp":"2023-11-09 13:53:10"},{"nodeID":"1340010","text":"Default Transition","type":"TA","timestamp":"2023-11-09 13:53:10"},{"nodeID":"1340011","text":"Default Transition","type":"TA","timestamp":"2023-11-09 13:53:10"},{"nodeID":"1340012","text":"Default Rephrase","type":"MA","timestamp":"2023-11-09 13:53:10"},{"nodeID":"1340013","text":"Default Illocuting","type":"YA","timestamp":"2023-11-09 13:53:10"}],"edges":[{"edgeID":"1756296","fromID":"1339900","toID":"1339899","formEdgeID":null},{"edgeID":"1756297","fromID":"1339901","toID":"1339900","formEdgeID":null},{"edgeID":"1756298","fromID":"1339899","toID":"1339902","formEdgeID":null},{"edgeID":"1756299","fromID":"1339902","toID":"1339898","formEdgeID":null},{"edgeID":"1756300","fromID":"1339905","toID":"1339904","formEdgeID":null},{"edgeID":"1756301","fromID":"1339906","toID":"1339905","formEdgeID":null},{"edgeID":"1756302","fromID":"1339904","toID":"1339907","formEdgeID":null},{"edgeID":"1756303","fromID":"1339907","toID":"1339903","formEdgeID":null},{"edgeID":"1756304","fromID":"1339910","toID":"1339909","formEdgeID":null},{"edgeID":"1756305","fromID":"1339911","toID":"1339910","formEdgeID":null},{"edgeID":"1756306","fromID":"1339909","toID":"1339912","formEdgeID":null},{"edgeID":"1756307","fromID":"1339912","toID":"1339908","formEdgeID":null},{"edgeID":"1756308","fromID":"1339904","toID":"1339913","formEdgeID":null},{"edgeID":"1756309","fromID":"1339913","toID":"1339909","formEdgeID":null},{"edgeID":"1756310","fromID":"1339916","toID":"1339915","formEdgeID":null},{"edgeID":"1756311","fromID":"1339917","toID":"1339916","formEdgeID":null},{"edgeID":"1756312","fromID":"1339915","toID":"1339918","formEdgeID":null},{"edgeID":"1756313","fromID":"1339918","toID":"1339914","formEdgeID":null},{"edgeID":"1756314","fromID":"1339909","toID":"1339919","formEdgeID":null},{"edgeID":"1756315","fromID":"1339919","toID":"1339915","formEdgeID":null},{"edgeID":"1756316","fromID":"1339922","toID":"1339921","formEdgeID":null},{"edgeID":"1756317","fromID":"1339923","toID":"1339922","formEdgeID":null},{"edgeID":"1756318","fromID":"1339921","toID":"1339924","formEdgeID":null},{"edgeID":"1756319","fromID":"1339924","toID":"1339920","formEdgeID":null},{"edgeID":"1756320","fromID":"1339915","toID":"1339925","formEdgeID":null},{"edgeID":"1756321","fromID":"1339925","toID":"1339921","formEdgeID":null},{"edgeID":"1756322","fromID":"1339920","toID":"1339926","formEdgeID":null},{"edgeID":"1756323","fromID":"1339926","toID":"1339914","formEdgeID":null},{"edgeID":"1756324","fromID":"1339925","toID":"1339927","formEdgeID":null},{"edgeID":"1756325","fromID":"1339927","toID":"1339926","formEdgeID":null},{"edgeID":"1756326","fromID":"1339930","toID":"1339929","formEdgeID":null},{"edgeID":"1756327","fromID":"1339931","toID":"1339930","formEdgeID":null},{"edgeID":"1756328","fromID":"1339929","toID":"1339932","formEdgeID":null},{"edgeID":"1756329","fromID":"1339932","toID":"1339928","formEdgeID":null},{"edgeID":"1756330","fromID":"1339928","toID":"1339933","formEdgeID":null},{"edgeID":"1756331","fromID":"1339933","toID":"1339914","formEdgeID":null},{"edgeID":"1756332","fromID":"1339915","toID":"1339934","formEdgeID":null},{"edgeID":"1756333","fromID":"1339934","toID":"1339929","formEdgeID":null},{"edgeID":"1756334","fromID":"1339934","toID":"1339935","formEdgeID":null},{"edgeID":"1756335","fromID":"1339935","toID":"1339933","formEdgeID":null},{"edgeID":"1756336","fromID":"1339938","toID":"1339937","formEdgeID":null},{"edgeID":"1756337","fromID":"1339939","toID":"1339938","formEdgeID":null},{"edgeID":"1756338","fromID":"1339937","toID":"1339940","formEdgeID":null},{"edgeID":"1756339","fromID":"1339940","toID":"1339936","formEdgeID":null},{"edgeID":"1756340","fromID":"1339929","toID":"1339941","formEdgeID":null},{"edgeID":"1756341","fromID":"1339941","toID":"1339937","formEdgeID":null},{"edgeID":"1756342","fromID":"1339944","toID":"1339943","formEdgeID":null},{"edgeID":"1756343","fromID":"1339945","toID":"1339944","formEdgeID":null},{"edgeID":"1756344","fromID":"1339943","toID":"1339946","formEdgeID":null},{"edgeID":"1756345","fromID":"1339946","toID":"1339942","formEdgeID":null},{"edgeID":"1756346","fromID":"1339937","toID":"1339947","formEdgeID":null},{"edgeID":"1756347","fromID":"1339947","toID":"1339943","formEdgeID":null},{"edgeID":"1756348","fromID":"1339942","toID":"1339948","formEdgeID":null},{"edgeID":"1756349","fromID":"1339948","toID":"1339936","formEdgeID":null},{"edgeID":"1756350","fromID":"1339947","toID":"1339949","formEdgeID":null},{"edgeID":"1756351","fromID":"1339949","toID":"1339948","formEdgeID":null},{"edgeID":"1756352","fromID":"1339952","toID":"1339951","formEdgeID":null},{"edgeID":"1756353","fromID":"1339953","toID":"1339952","formEdgeID":null},{"edgeID":"1756354","fromID":"1339951","toID":"1339954","formEdgeID":null},{"edgeID":"1756355","fromID":"1339954","toID":"1339950","formEdgeID":null},{"edgeID":"1756356","fromID":"1339943","toID":"1339955","formEdgeID":null},{"edgeID":"1756357","fromID":"1339955","toID":"1339951","formEdgeID":null},{"edgeID":"1756358","fromID":"1339950","toID":"1339956","formEdgeID":null},{"edgeID":"1756359","fromID":"1339956","toID":"1339942","formEdgeID":null},{"edgeID":"1756360","fromID":"1339955","toID":"1339957","formEdgeID":null},{"edgeID":"1756361","fromID":"1339957","toID":"1339956","formEdgeID":null},{"edgeID":"1756362","fromID":"1339960","toID":"1339959","formEdgeID":null},{"edgeID":"1756363","fromID":"1339961","toID":"1339960","formEdgeID":null},{"edgeID":"1756364","fromID":"1339959","toID":"1339962","formEdgeID":null},{"edgeID":"1756365","fromID":"1339962","toID":"1339958","formEdgeID":null},{"edgeID":"1756366","fromID":"1339951","toID":"1339963","formEdgeID":null},{"edgeID":"1756367","fromID":"1339963","toID":"1339959","formEdgeID":null},{"edgeID":"1756368","fromID":"1339958","toID":"1339964","formEdgeID":null},{"edgeID":"1756369","fromID":"1339964","toID":"1339950","formEdgeID":null},{"edgeID":"1756370","fromID":"1339963","toID":"1339965","formEdgeID":null},{"edgeID":"1756371","fromID":"1339965","toID":"1339964","formEdgeID":null},{"edgeID":"1756372","fromID":"1339968","toID":"1339967","formEdgeID":null},{"edgeID":"1756373","fromID":"1339969","toID":"1339968","formEdgeID":null},{"edgeID":"1756374","fromID":"1339967","toID":"1339970","formEdgeID":null},{"edgeID":"1756375","fromID":"1339970","toID":"1339966","formEdgeID":null},{"edgeID":"1756376","fromID":"1339966","toID":"1339971","formEdgeID":null},{"edgeID":"1756377","fromID":"1339971","toID":"1339950","formEdgeID":null},{"edgeID":"1756378","fromID":"1339951","toID":"1339972","formEdgeID":null},{"edgeID":"1756379","fromID":"1339972","toID":"1339967","formEdgeID":null},{"edgeID":"1756380","fromID":"1339972","toID":"1339973","formEdgeID":null},{"edgeID":"1756381","fromID":"1339973","toID":"1339971","formEdgeID":null},{"edgeID":"1756382","fromID":"1339976","toID":"1339975","formEdgeID":null},{"edgeID":"1756383","fromID":"1339977","toID":"1339976","formEdgeID":null},{"edgeID":"1756384","fromID":"1339975","toID":"1339978","formEdgeID":null},{"edgeID":"1756385","fromID":"1339978","toID":"1339974","formEdgeID":null},{"edgeID":"1756386","fromID":"1339967","toID":"1339979","formEdgeID":null},{"edgeID":"1756387","fromID":"1339979","toID":"1339975","formEdgeID":null},{"edgeID":"1756388","fromID":"1339982","toID":"1339981","formEdgeID":null},{"edgeID":"1756389","fromID":"1339983","toID":"1339982","formEdgeID":null},{"edgeID":"1756390","fromID":"1339981","toID":"1339984","formEdgeID":null},{"edgeID":"1756391","fromID":"1339984","toID":"1339980","formEdgeID":null},{"edgeID":"1756392","fromID":"1339975","toID":"1339985","formEdgeID":null},{"edgeID":"1756393","fromID":"1339985","toID":"1339981","formEdgeID":null},{"edgeID":"1756394","fromID":"1339988","toID":"1339987","formEdgeID":null},{"edgeID":"1756395","fromID":"1339989","toID":"1339988","formEdgeID":null},{"edgeID":"1756396","fromID":"1339987","toID":"1339990","formEdgeID":null},{"edgeID":"1756397","fromID":"1339990","toID":"1339986","formEdgeID":null},{"edgeID":"1756398","fromID":"1339980","toID":"1339991","formEdgeID":null},{"edgeID":"1756399","fromID":"1339991","toID":"1339974","formEdgeID":null},{"edgeID":"1756400","fromID":"1339985","toID":"1339992","formEdgeID":null},{"edgeID":"1756401","fromID":"1339992","toID":"1339991","formEdgeID":null},{"edgeID":"1756402","fromID":"1339995","toID":"1339994","formEdgeID":null},{"edgeID":"1756403","fromID":"1339996","toID":"1339995","formEdgeID":null},{"edgeID":"1756404","fromID":"1339994","toID":"1339997","formEdgeID":null},{"edgeID":"1756405","fromID":"1339997","toID":"1339993","formEdgeID":null},{"edgeID":"1756406","fromID":"1339987","toID":"1339998","formEdgeID":null},{"edgeID":"1756407","fromID":"1339998","toID":"1339994","formEdgeID":null},{"edgeID":"1756408","fromID":"1339986","toID":"1339999","formEdgeID":null},{"edgeID":"1756409","fromID":"1339999","toID":"1339993","formEdgeID":null},{"edgeID":"1756410","fromID":"1339998","toID":"1340000","formEdgeID":null},{"edgeID":"1756411","fromID":"1340000","toID":"1339999","formEdgeID":null},{"edgeID":"1756412","fromID":"1339993","toID":"1340001","formEdgeID":null},{"edgeID":"1756413","fromID":"1340001","toID":"1339980","formEdgeID":null},{"edgeID":"1756414","fromID":"1339981","toID":"1340002","formEdgeID":null},{"edgeID":"1756415","fromID":"1340002","toID":"1339994","formEdgeID":null},{"edgeID":"1756416","fromID":"1340002","toID":"1340003","formEdgeID":null},{"edgeID":"1756417","fromID":"1340003","toID":"1340001","formEdgeID":null},{"edgeID":"1756418","fromID":"1339981","toID":"1340004","formEdgeID":null},{"edgeID":"1756419","fromID":"1340004","toID":"1339987","formEdgeID":null},{"edgeID":"1756420","fromID":"1340007","toID":"1340006","formEdgeID":null},{"edgeID":"1756421","fromID":"1340008","toID":"1340007","formEdgeID":null},{"edgeID":"1756422","fromID":"1340006","toID":"1340009","formEdgeID":null},{"edgeID":"1756423","fromID":"1340009","toID":"1340005","formEdgeID":null},{"edgeID":"1756424","fromID":"1339899","toID":"1340010","formEdgeID":null},{"edgeID":"1756425","fromID":"1340010","toID":"1340006","formEdgeID":null},{"edgeID":"1756426","fromID":"1340006","toID":"1340011","formEdgeID":null},{"edgeID":"1756427","fromID":"1340011","toID":"1339904","formEdgeID":null},{"edgeID":"1756428","fromID":"1340005","toID":"1340012","formEdgeID":null},{"edgeID":"1756429","fromID":"1340012","toID":"1339898","formEdgeID":null},{"edgeID":"1756430","fromID":"1340010","toID":"1340013","formEdgeID":null},{"edgeID":"1756431","fromID":"1340013","toID":"1340012","formEdgeID":null}],"locutions":[]}