{"nodes":[{"nodeID":"1342389","text":"the question that Dr Ayesha was asking originally is in terms of social care and the knock-on impact of the lack of social care and people being stuck in hospital","type":"I","timestamp":"2023-11-09 13:56:33"},{"nodeID":"1342390","text":"Fiona Bruce: the question that Dr Ayesha was asking originally is in terms of social care and the knock-on impact of the lack of social care and people being stuck in hospital.","type":"L","timestamp":"2023-11-09 13:56:33"},{"nodeID":"1342391","text":"Analysing","type":"YA","timestamp":"2023-11-09 13:56:33"},{"nodeID":"1342392","text":"Freya : Fiona Bruce: the question that Dr Ayesha was asking originally is in terms of social care and the knock-on impact of the lack of social care and people being stuck in hospital.","type":"L","timestamp":"2023-11-09 13:56:33"},{"nodeID":"1342393","text":"Asserting","type":"YA","timestamp":"2023-11-09 13:56:33"},{"nodeID":"1342394","text":"one of Rishi Sunak's big ideas was the national insurance rise","type":"I","timestamp":"2023-11-09 13:56:34"},{"nodeID":"1342395","text":"Fiona Bruce: one of his big ideas, was the national insurance rise","type":"L","timestamp":"2023-11-09 13:56:34"},{"nodeID":"1342396","text":"Analysing","type":"YA","timestamp":"2023-11-09 13:56:34"},{"nodeID":"1342397","text":"Freya : Fiona Bruce: one of his big ideas, was the national insurance rise","type":"L","timestamp":"2023-11-09 13:56:34"},{"nodeID":"1342398","text":"Asserting","type":"YA","timestamp":"2023-11-09 13:56:34"},{"nodeID":"1342399","text":"Default Transition","type":"TA","timestamp":"2023-11-09 13:56:34"},{"nodeID":"1342400","text":"one of Rishi Sunak's big ideas was the social care levy coming out of the rise in national insurance","type":"I","timestamp":"2023-11-09 13:56:35"},{"nodeID":"1342401","text":"Fiona Bruce: course the social care levy coming out of that","type":"L","timestamp":"2023-11-09 13:56:35"},{"nodeID":"1342402","text":"Analysing","type":"YA","timestamp":"2023-11-09 13:56:35"},{"nodeID":"1342403","text":"Freya : Fiona Bruce: course the social care levy coming out of that","type":"L","timestamp":"2023-11-09 13:56:35"},{"nodeID":"1342404","text":"Asserting","type":"YA","timestamp":"2023-11-09 13:56:35"},{"nodeID":"1342405","text":"Default Transition","type":"TA","timestamp":"2023-11-09 13:56:35"},{"nodeID":"1342406","text":"Default Rephrase","type":"MA","timestamp":"2023-11-09 13:56:35"},{"nodeID":"1342407","text":"Restating","type":"YA","timestamp":"2023-11-09 13:56:35"},{"nodeID":"1342408","text":"we are not seeing a change in social care","type":"I","timestamp":"2023-11-09 13:56:35"},{"nodeID":"1342409","text":"Fiona Bruce: We\u2019re not seeing that now","type":"L","timestamp":"2023-11-09 13:56:35"},{"nodeID":"1342410","text":"Analysing","type":"YA","timestamp":"2023-11-09 13:56:35"},{"nodeID":"1342411","text":"Freya : Fiona Bruce: We\u2019re not seeing that now","type":"L","timestamp":"2023-11-09 13:56:35"},{"nodeID":"1342412","text":"Asserting","type":"YA","timestamp":"2023-11-09 13:56:35"},{"nodeID":"1342413","text":"Default Transition","type":"TA","timestamp":"2023-11-09 13:56:35"},{"nodeID":"1342414","text":"Default Conflict","type":"CA","timestamp":"2023-11-09 13:56:35"},{"nodeID":"1342415","text":"Disagreeing","type":"YA","timestamp":"2023-11-09 13:56:35"},{"nodeID":"1342416","text":"the social care levy from national insurance has not been enacted because xxx","type":"I","timestamp":"2023-11-09 13:56:36"},{"nodeID":"1342417","text":"Fiona Bruce: So what happened to that idea","type":"L","timestamp":"2023-11-09 13:56:36"},{"nodeID":"1342418","text":"Analysing","type":"YA","timestamp":"2023-11-09 13:56:36"},{"nodeID":"1342419","text":"Freya : Fiona Bruce: So what happened to that idea a","type":"L","timestamp":"2023-11-09 13:56:36"},{"nodeID":"1342420","text":"Pure Questioning","type":"YA","timestamp":"2023-11-09 13:56:36"},{"nodeID":"1342421","text":"Default Transition","type":"TA","timestamp":"2023-11-09 13:56:36"},{"nodeID":"1342422","text":"the social care levy is going to be paid for with money from xxx","type":"I","timestamp":"2023-11-09 13:56:37"},{"nodeID":"1342423","text":"Fiona Bruce: how else are we going to pay for it","type":"L","timestamp":"2023-11-09 13:56:37"},{"nodeID":"1342424","text":"Analysing","type":"YA","timestamp":"2023-11-09 13:56:37"},{"nodeID":"1342425","text":"Freya : Fiona Bruce: how else are we going to pay for it","type":"L","timestamp":"2023-11-09 13:56:37"},{"nodeID":"1342426","text":"Pure Questioning","type":"YA","timestamp":"2023-11-09 13:56:37"},{"nodeID":"1342427","text":"Default Transition","type":"TA","timestamp":"2023-11-09 13:56:37"},{"nodeID":"1342428","text":"Default Rephrase","type":"MA","timestamp":"2023-11-09 13:56:37"},{"nodeID":"1342429","text":"Restating","type":"YA","timestamp":"2023-11-09 13:56:37"},{"nodeID":"1342430","text":"Dr Ayesha is right to identify that we have backlogs of dealing with issues such as social care","type":"I","timestamp":"2023-11-09 13:56:37"},{"nodeID":"1342431","text":"Lucy Frazer: I think the lady is right to identify that we have backlogs","type":"L","timestamp":"2023-11-09 13:56:37"},{"nodeID":"1342432","text":"Analysing","type":"YA","timestamp":"2023-11-09 13:56:37"},{"nodeID":"1342433","text":"Freya : Lucy Frazer: I think the lady is right to identify that we have backlogs","type":"L","timestamp":"2023-11-09 13:56:37"},{"nodeID":"1342434","text":"Asserting","type":"YA","timestamp":"2023-11-09 13:56:37"},{"nodeID":"1342435","text":"Lucy Frazer thinks that everyone accepts that we had a pandemic and that has pushed the backlogs even further","type":"I","timestamp":"2023-11-09 13:56:38"},{"nodeID":"1342436","text":"Lucy Frazer: think everyone accepts that we had a pandemic and that has pushed the backlogs even further","type":"L","timestamp":"2023-11-09 13:56:38"},{"nodeID":"1342437","text":"Analysing","type":"YA","timestamp":"2023-11-09 13:56:38"},{"nodeID":"1342438","text":"Freya : Lucy Frazer: think everyone accepts that we had a pandemic and that has pushed the backlogs even further","type":"L","timestamp":"2023-11-09 13:56:38"},{"nodeID":"1342439","text":"Asserting","type":"YA","timestamp":"2023-11-09 13:56:38"},{"nodeID":"1342440","text":"Default Transition","type":"TA","timestamp":"2023-11-09 13:56:38"},{"nodeID":"1342441","text":"Default Rephrase","type":"MA","timestamp":"2023-11-09 13:56:38"},{"nodeID":"1342442","text":"Restating","type":"YA","timestamp":"2023-11-09 13:56:38"},{"nodeID":"1342443","text":"claiming that we\u2019re not funding the NHS isn\u2019t accurate","type":"I","timestamp":"2023-11-09 13:56:38"},{"nodeID":"1342444","text":"Lucy Frazer: But to say that we\u2019re not funding the NHS isn\u2019t accurate","type":"L","timestamp":"2023-11-09 13:56:38"},{"nodeID":"1342445","text":"Analysing","type":"YA","timestamp":"2023-11-09 13:56:38"},{"nodeID":"1342446","text":"Freya : Lucy Frazer: But to say that we\u2019re not funding the NHS isn\u2019t accurate","type":"L","timestamp":"2023-11-09 13:56:38"},{"nodeID":"1342447","text":"Asserting","type":"YA","timestamp":"2023-11-09 13:56:38"},{"nodeID":"1342448","text":"Default Conflict","type":"CA","timestamp":"2023-11-09 13:56:38"},{"nodeID":"1342449","text":"Default Transition","type":"TA","timestamp":"2023-11-09 13:56:38"},{"nodeID":"1342450","text":"Disagreeing","type":"YA","timestamp":"2023-11-09 13:56:38"},{"nodeID":"1342451","text":"the Prime Minister, Rishi Sunak, when he was Chancellor, came up with this idea, the social care levy","type":"I","timestamp":"2023-11-09 13:56:39"},{"nodeID":"1342452","text":"Fiona Bruce: No, but I\u2019m simply saying that the Prime Minister, when he was Chancellor, came up with this idea, the social care levy","type":"L","timestamp":"2023-11-09 13:56:39"},{"nodeID":"1342453","text":"Analysing","type":"YA","timestamp":"2023-11-09 13:56:39"},{"nodeID":"1342454","text":"Freya : Fiona Bruce: No, but I\u2019m simply saying that the Prime Minister, when he was Chancellor, came up with this idea, the social care levy","type":"L","timestamp":"2023-11-09 13:56:39"},{"nodeID":"1342455","text":"Asserting","type":"YA","timestamp":"2023-11-09 13:56:39"},{"nodeID":"1342456","text":"Default Conflict","type":"CA","timestamp":"2023-11-09 13:56:39"},{"nodeID":"1342457","text":"Default Transition","type":"TA","timestamp":"2023-11-09 13:56:39"},{"nodeID":"1342458","text":"Disagreeing","type":"YA","timestamp":"2023-11-09 13:56:39"},{"nodeID":"1342459","text":"Lucy Frazer: Yes, he did","type":"L","timestamp":"2023-11-09 13:56:39"},{"nodeID":"1342460","text":"Analysing","type":"YA","timestamp":"2023-11-09 13:56:39"},{"nodeID":"1342461","text":"Freya : Lucy Frazer: Yes, he did","type":"L","timestamp":"2023-11-09 13:56:39"},{"nodeID":"1342462","text":"Default Transition","type":"TA","timestamp":"2023-11-09 13:56:39"},{"nodeID":"1342463","text":"the idea of social care levy has now gone","type":"I","timestamp":"2023-11-09 13:56:40"},{"nodeID":"1342464","text":"Fiona Bruce: That idea has now gone","type":"L","timestamp":"2023-11-09 13:56:40"},{"nodeID":"1342465","text":"Analysing","type":"YA","timestamp":"2023-11-09 13:56:40"},{"nodeID":"1342466","text":"Freya : Fiona Bruce: That idea has now gone","type":"L","timestamp":"2023-11-09 13:56:40"},{"nodeID":"1342467","text":"Asserting","type":"YA","timestamp":"2023-11-09 13:56:40"},{"nodeID":"1342468","text":"Default Transition","type":"TA","timestamp":"2023-11-09 13:56:40"},{"nodeID":"1342469","text":"the idea of a social care levy has gone","type":"I","timestamp":"2023-11-09 13:56:40"},{"nodeID":"1342470","text":"Lucy Frazer: It has gone","type":"L","timestamp":"2023-11-09 13:56:40"},{"nodeID":"1342471","text":"Analysing","type":"YA","timestamp":"2023-11-09 13:56:40"},{"nodeID":"1342472","text":"Freya : Lucy Frazer: It has gone,","type":"L","timestamp":"2023-11-09 13:56:40"},{"nodeID":"1342473","text":"Asserting","type":"YA","timestamp":"2023-11-09 13:56:40"},{"nodeID":"1342474","text":"Default Rephrase","type":"MA","timestamp":"2023-11-09 13:56:40"},{"nodeID":"1342475","text":"Default Transition","type":"TA","timestamp":"2023-11-09 13:56:40"},{"nodeID":"1342476","text":"Restating","type":"YA","timestamp":"2023-11-09 13:56:40"},{"nodeID":"1342477","text":"Default Rephrase","type":"MA","timestamp":"2023-11-09 13:56:40"},{"nodeID":"1342478","text":"Default Transition","type":"TA","timestamp":"2023-11-09 13:56:40"},{"nodeID":"1342479","text":"Restating","type":"YA","timestamp":"2023-11-09 13:56:40"},{"nodeID":"1342480","text":"Agreeing","type":"YA","timestamp":"2023-11-09 13:56:40"},{"nodeID":"1342481","text":"Default Conflict","type":"CA","timestamp":"2023-11-09 13:56:40"},{"nodeID":"1342482","text":"Disagreeing","type":"YA","timestamp":"2023-11-09 13:56:40"},{"nodeID":"1342483","text":"we passed the legislation, Fiona Bruce is right","type":"I","timestamp":"2023-11-09 13:56:41"},{"nodeID":"1342484","text":"Julia Hartley-Brewer: we passed the legislation, you\u2019re right.","type":"L","timestamp":"2023-11-09 13:56:41"},{"nodeID":"1342485","text":"Analysing","type":"YA","timestamp":"2023-11-09 13:56:41"},{"nodeID":"1342486","text":"Freya : Julia Hartley-Brewer: we passed the legislation, you\u2019re right.","type":"L","timestamp":"2023-11-09 13:56:41"},{"nodeID":"1342487","text":"Asserting","type":"YA","timestamp":"2023-11-09 13:56:41"},{"nodeID":"1342488","text":"Default Transition","type":"TA","timestamp":"2023-11-09 13:56:41"},{"nodeID":"1342489","text":"Default Rephrase","type":"MA","timestamp":"2023-11-09 13:56:41"},{"nodeID":"1342490","text":"Restating","type":"YA","timestamp":"2023-11-09 13:56:41"}],"edges":[{"edgeID":"1759258","fromID":"1342391","toID":"1342390","formEdgeID":null},{"edgeID":"1759259","fromID":"1342392","toID":"1342391","formEdgeID":null},{"edgeID":"1759260","fromID":"1342390","toID":"1342393","formEdgeID":null},{"edgeID":"1759261","fromID":"1342393","toID":"1342389","formEdgeID":null},{"edgeID":"1759262","fromID":"1342396","toID":"1342395","formEdgeID":null},{"edgeID":"1759263","fromID":"1342397","toID":"1342396","formEdgeID":null},{"edgeID":"1759264","fromID":"1342395","toID":"1342398","formEdgeID":null},{"edgeID":"1759265","fromID":"1342398","toID":"1342394","formEdgeID":null},{"edgeID":"1759266","fromID":"1342390","toID":"1342399","formEdgeID":null},{"edgeID":"1759267","fromID":"1342399","toID":"1342395","formEdgeID":null},{"edgeID":"1759268","fromID":"1342402","toID":"1342401","formEdgeID":null},{"edgeID":"1759269","fromID":"1342403","toID":"1342402","formEdgeID":null},{"edgeID":"1759270","fromID":"1342401","toID":"1342404","formEdgeID":null},{"edgeID":"1759271","fromID":"1342404","toID":"1342400","formEdgeID":null},{"edgeID":"1759272","fromID":"1342395","toID":"1342405","formEdgeID":null},{"edgeID":"1759273","fromID":"1342405","toID":"1342401","formEdgeID":null},{"edgeID":"1759274","fromID":"1342400","toID":"1342406","formEdgeID":null},{"edgeID":"1759275","fromID":"1342406","toID":"1342394","formEdgeID":null},{"edgeID":"1759276","fromID":"1342405","toID":"1342407","formEdgeID":null},{"edgeID":"1759277","fromID":"1342407","toID":"1342406","formEdgeID":null},{"edgeID":"1759278","fromID":"1342410","toID":"1342409","formEdgeID":null},{"edgeID":"1759279","fromID":"1342411","toID":"1342410","formEdgeID":null},{"edgeID":"1759280","fromID":"1342409","toID":"1342412","formEdgeID":null},{"edgeID":"1759281","fromID":"1342412","toID":"1342408","formEdgeID":null},{"edgeID":"1759282","fromID":"1342401","toID":"1342413","formEdgeID":null},{"edgeID":"1759283","fromID":"1342413","toID":"1342409","formEdgeID":null},{"edgeID":"1759284","fromID":"1342408","toID":"1342414","formEdgeID":null},{"edgeID":"1759285","fromID":"1342414","toID":"1342400","formEdgeID":null},{"edgeID":"1759286","fromID":"1342413","toID":"1342415","formEdgeID":null},{"edgeID":"1759287","fromID":"1342415","toID":"1342414","formEdgeID":null},{"edgeID":"1759288","fromID":"1342418","toID":"1342417","formEdgeID":null},{"edgeID":"1759289","fromID":"1342419","toID":"1342418","formEdgeID":null},{"edgeID":"1759290","fromID":"1342417","toID":"1342420","formEdgeID":null},{"edgeID":"1759291","fromID":"1342420","toID":"1342416","formEdgeID":null},{"edgeID":"1759292","fromID":"1342409","toID":"1342421","formEdgeID":null},{"edgeID":"1759293","fromID":"1342421","toID":"1342417","formEdgeID":null},{"edgeID":"1759294","fromID":"1342424","toID":"1342423","formEdgeID":null},{"edgeID":"1759295","fromID":"1342425","toID":"1342424","formEdgeID":null},{"edgeID":"1759296","fromID":"1342423","toID":"1342426","formEdgeID":null},{"edgeID":"1759297","fromID":"1342426","toID":"1342422","formEdgeID":null},{"edgeID":"1759298","fromID":"1342417","toID":"1342427","formEdgeID":null},{"edgeID":"1759299","fromID":"1342427","toID":"1342423","formEdgeID":null},{"edgeID":"1759300","fromID":"1342422","toID":"1342428","formEdgeID":null},{"edgeID":"1759301","fromID":"1342428","toID":"1342416","formEdgeID":null},{"edgeID":"1759302","fromID":"1342427","toID":"1342429","formEdgeID":null},{"edgeID":"1759303","fromID":"1342429","toID":"1342428","formEdgeID":null},{"edgeID":"1759304","fromID":"1342432","toID":"1342431","formEdgeID":null},{"edgeID":"1759305","fromID":"1342433","toID":"1342432","formEdgeID":null},{"edgeID":"1759306","fromID":"1342431","toID":"1342434","formEdgeID":null},{"edgeID":"1759307","fromID":"1342434","toID":"1342430","formEdgeID":null},{"edgeID":"1759308","fromID":"1342437","toID":"1342436","formEdgeID":null},{"edgeID":"1759309","fromID":"1342438","toID":"1342437","formEdgeID":null},{"edgeID":"1759310","fromID":"1342436","toID":"1342439","formEdgeID":null},{"edgeID":"1759311","fromID":"1342439","toID":"1342435","formEdgeID":null},{"edgeID":"1759312","fromID":"1342431","toID":"1342440","formEdgeID":null},{"edgeID":"1759313","fromID":"1342440","toID":"1342436","formEdgeID":null},{"edgeID":"1759314","fromID":"1342435","toID":"1342441","formEdgeID":null},{"edgeID":"1759315","fromID":"1342441","toID":"1342430","formEdgeID":null},{"edgeID":"1759316","fromID":"1342440","toID":"1342442","formEdgeID":null},{"edgeID":"1759317","fromID":"1342442","toID":"1342441","formEdgeID":null},{"edgeID":"1759318","fromID":"1342445","toID":"1342444","formEdgeID":null},{"edgeID":"1759319","fromID":"1342446","toID":"1342445","formEdgeID":null},{"edgeID":"1759320","fromID":"1342444","toID":"1342447","formEdgeID":null},{"edgeID":"1759321","fromID":"1342447","toID":"1342443","formEdgeID":null},{"edgeID":"1759322","fromID":"1342443","toID":"1342448","formEdgeID":null},{"edgeID":"1759323","fromID":"1342448","toID":"1342430","formEdgeID":null},{"edgeID":"1759324","fromID":"1342431","toID":"1342449","formEdgeID":null},{"edgeID":"1759325","fromID":"1342449","toID":"1342444","formEdgeID":null},{"edgeID":"1759326","fromID":"1342449","toID":"1342450","formEdgeID":null},{"edgeID":"1759327","fromID":"1342450","toID":"1342448","formEdgeID":null},{"edgeID":"1759328","fromID":"1342453","toID":"1342452","formEdgeID":null},{"edgeID":"1759329","fromID":"1342454","toID":"1342453","formEdgeID":null},{"edgeID":"1759330","fromID":"1342452","toID":"1342455","formEdgeID":null},{"edgeID":"1759331","fromID":"1342455","toID":"1342451","formEdgeID":null},{"edgeID":"1759332","fromID":"1342451","toID":"1342456","formEdgeID":null},{"edgeID":"1759333","fromID":"1342456","toID":"1342443","formEdgeID":null},{"edgeID":"1759334","fromID":"1342444","toID":"1342457","formEdgeID":null},{"edgeID":"1759335","fromID":"1342457","toID":"1342452","formEdgeID":null},{"edgeID":"1759336","fromID":"1342457","toID":"1342458","formEdgeID":null},{"edgeID":"1759337","fromID":"1342458","toID":"1342456","formEdgeID":null},{"edgeID":"1759338","fromID":"1342460","toID":"1342459","formEdgeID":null},{"edgeID":"1759339","fromID":"1342461","toID":"1342460","formEdgeID":null},{"edgeID":"1759340","fromID":"1342452","toID":"1342462","formEdgeID":null},{"edgeID":"1759341","fromID":"1342462","toID":"1342459","formEdgeID":null},{"edgeID":"1759342","fromID":"1342465","toID":"1342464","formEdgeID":null},{"edgeID":"1759343","fromID":"1342466","toID":"1342465","formEdgeID":null},{"edgeID":"1759344","fromID":"1342464","toID":"1342467","formEdgeID":null},{"edgeID":"1759345","fromID":"1342467","toID":"1342463","formEdgeID":null},{"edgeID":"1759346","fromID":"1342459","toID":"1342468","formEdgeID":null},{"edgeID":"1759347","fromID":"1342468","toID":"1342464","formEdgeID":null},{"edgeID":"1759348","fromID":"1342471","toID":"1342470","formEdgeID":null},{"edgeID":"1759349","fromID":"1342472","toID":"1342471","formEdgeID":null},{"edgeID":"1759350","fromID":"1342470","toID":"1342473","formEdgeID":null},{"edgeID":"1759351","fromID":"1342473","toID":"1342469","formEdgeID":null},{"edgeID":"1759352","fromID":"1342469","toID":"1342474","formEdgeID":null},{"edgeID":"1759353","fromID":"1342474","toID":"1342463","formEdgeID":null},{"edgeID":"1759354","fromID":"1342464","toID":"1342475","formEdgeID":null},{"edgeID":"1759355","fromID":"1342475","toID":"1342470","formEdgeID":null},{"edgeID":"1759356","fromID":"1342475","toID":"1342476","formEdgeID":null},{"edgeID":"1759357","fromID":"1342476","toID":"1342474","formEdgeID":null},{"edgeID":"1759358","fromID":"1342430","toID":"1342477","formEdgeID":null},{"edgeID":"1759359","fromID":"1342477","toID":"1342389","formEdgeID":null},{"edgeID":"1759360","fromID":"1342390","toID":"1342478","formEdgeID":null},{"edgeID":"1759361","fromID":"1342478","toID":"1342431","formEdgeID":null},{"edgeID":"1759362","fromID":"1342478","toID":"1342479","formEdgeID":null},{"edgeID":"1759363","fromID":"1342479","toID":"1342477","formEdgeID":null},{"edgeID":"1759364","fromID":"1342462","toID":"1342480","formEdgeID":null},{"edgeID":"1759365","fromID":"1342480","toID":"1342451","formEdgeID":null},{"edgeID":"1759366","fromID":"1342463","toID":"1342481","formEdgeID":null},{"edgeID":"1759367","fromID":"1342481","toID":"1342451","formEdgeID":null},{"edgeID":"1759368","fromID":"1342468","toID":"1342482","formEdgeID":null},{"edgeID":"1759369","fromID":"1342482","toID":"1342481","formEdgeID":null},{"edgeID":"1759370","fromID":"1342485","toID":"1342484","formEdgeID":null},{"edgeID":"1759371","fromID":"1342486","toID":"1342485","formEdgeID":null},{"edgeID":"1759372","fromID":"1342484","toID":"1342487","formEdgeID":null},{"edgeID":"1759373","fromID":"1342487","toID":"1342483","formEdgeID":null},{"edgeID":"1759374","fromID":"1342470","toID":"1342488","formEdgeID":null},{"edgeID":"1759375","fromID":"1342488","toID":"1342484","formEdgeID":null},{"edgeID":"1759376","fromID":"1342483","toID":"1342489","formEdgeID":null},{"edgeID":"1759377","fromID":"1342489","toID":"1342408","formEdgeID":null},{"edgeID":"1759378","fromID":"1342488","toID":"1342490","formEdgeID":null},{"edgeID":"1759379","fromID":"1342490","toID":"1342489","formEdgeID":null}],"locutions":[]}