{"nodes":[{"nodeID":"1342920","text":"it\u2019s getting the treatment that's the problem","type":"I","timestamp":"2023-11-09 13:57:17"},{"nodeID":"1342921","text":"Julia Hartley-Brewer: It\u2019s getting it","type":"L","timestamp":"2023-11-09 13:57:17"},{"nodeID":"1342922","text":"Analysing","type":"YA","timestamp":"2023-11-09 13:57:17"},{"nodeID":"1342923","text":"Amelie: Julia Hartley-Brewer: It\u2019s getting it","type":"L","timestamp":"2023-11-09 13:57:17"},{"nodeID":"1342924","text":"Asserting","type":"YA","timestamp":"2023-11-09 13:57:17"},{"nodeID":"1342925","text":"Julia Hartley-Brewer is not maligning anyone","type":"I","timestamp":"2023-11-09 13:57:18"},{"nodeID":"1342926","text":"Julia Hartley-Brewer: I\u2019m not maligning anyone","type":"L","timestamp":"2023-11-09 13:57:18"},{"nodeID":"1342927","text":"Analysing","type":"YA","timestamp":"2023-11-09 13:57:18"},{"nodeID":"1342928","text":"Amelie: Julia Hartley-Brewer: I\u2019m not maligning anyone","type":"L","timestamp":"2023-11-09 13:57:18"},{"nodeID":"1342929","text":"Asserting","type":"YA","timestamp":"2023-11-09 13:57:18"},{"nodeID":"1342930","text":"Julia Hartley-Brewer's mother was an NHS GP","type":"I","timestamp":"2023-11-09 13:57:18"},{"nodeID":"1342931","text":"Julia Hartley-Brewer: My mother was an NHS GP","type":"L","timestamp":"2023-11-09 13:57:18"},{"nodeID":"1342932","text":"Analysing","type":"YA","timestamp":"2023-11-09 13:57:18"},{"nodeID":"1342933","text":"Amelie: Julia Hartley-Brewer: My mother was an NHS GP","type":"L","timestamp":"2023-11-09 13:57:18"},{"nodeID":"1342934","text":"Asserting","type":"YA","timestamp":"2023-11-09 13:57:18"},{"nodeID":"1342935","text":"Julia Hartley-Brewer is not maligning anyone working in the NHS","type":"I","timestamp":"2023-11-09 13:57:19"},{"nodeID":"1342936","text":"Julia Hartley-Brewer: I\u2019m not maligning anyone working in the NHS","type":"L","timestamp":"2023-11-09 13:57:19"},{"nodeID":"1342937","text":"Analysing","type":"YA","timestamp":"2023-11-09 13:57:19"},{"nodeID":"1342938","text":"Amelie: Julia Hartley-Brewer: I\u2019m not maligning anyone working in the NHS","type":"L","timestamp":"2023-11-09 13:57:19"},{"nodeID":"1342939","text":"Asserting","type":"YA","timestamp":"2023-11-09 13:57:19"},{"nodeID":"1342940","text":"it\u2019s getting to the point of actually getting treated that's the problem","type":"I","timestamp":"2023-11-09 13:57:20"},{"nodeID":"1342941","text":"Julia Hartley-Brewer: It\u2019s getting to the point of actually getting treated","type":"L","timestamp":"2023-11-09 13:57:20"},{"nodeID":"1342942","text":"Analysing","type":"YA","timestamp":"2023-11-09 13:57:20"},{"nodeID":"1342943","text":"Amelie: Julia Hartley-Brewer: It\u2019s getting to the point of actually getting treated","type":"L","timestamp":"2023-11-09 13:57:20"},{"nodeID":"1342944","text":"Asserting","type":"YA","timestamp":"2023-11-09 13:57:20"},{"nodeID":"1342945","text":"the longer you wait until you get treated, the less chance you have","type":"I","timestamp":"2023-11-09 13:57:20"},{"nodeID":"1342946","text":"Julia Hartley-Brewer: The longer you wait until you get treated, the less chance you have","type":"L","timestamp":"2023-11-09 13:57:20"},{"nodeID":"1342947","text":"Analysing","type":"YA","timestamp":"2023-11-09 13:57:20"},{"nodeID":"1342948","text":"Amelie: Julia Hartley-Brewer: The longer you wait until you get treated, the less chance you have","type":"L","timestamp":"2023-11-09 13:57:20"},{"nodeID":"1342949","text":"Asserting","type":"YA","timestamp":"2023-11-09 13:57:20"},{"nodeID":"1342950","text":"Default Inference","type":"RA","timestamp":"2023-11-09 13:57:20"},{"nodeID":"1342951","text":"Default Transition","type":"TA","timestamp":"2023-11-09 13:57:20"},{"nodeID":"1342952","text":"Arguing","type":"YA","timestamp":"2023-11-09 13:57:20"},{"nodeID":"1342953","text":"Default Rephrase","type":"MA","timestamp":"2023-11-09 13:57:20"},{"nodeID":"1342954","text":"Default Transition","type":"TA","timestamp":"2023-11-09 13:57:20"},{"nodeID":"1342955","text":"Restating","type":"YA","timestamp":"2023-11-09 13:57:20"},{"nodeID":"1342956","text":"Default Transition","type":"TA","timestamp":"2023-11-09 13:57:20"},{"nodeID":"1342957","text":"Default Rephrase","type":"MA","timestamp":"2023-11-09 13:57:20"},{"nodeID":"1342958","text":"Default Transition","type":"TA","timestamp":"2023-11-09 13:57:20"},{"nodeID":"1342959","text":"Restating","type":"YA","timestamp":"2023-11-09 13:57:20"},{"nodeID":"1342960","text":"Default Inference","type":"RA","timestamp":"2023-11-09 13:57:20"},{"nodeID":"1342961","text":"Default Transition","type":"TA","timestamp":"2023-11-09 13:57:20"},{"nodeID":"1342962","text":"Arguing","type":"YA","timestamp":"2023-11-09 13:57:20"},{"nodeID":"1342963","text":"Jeremy Hunt was responsible for a lot of the cuts and efficiency savings that were done at the NHS","type":"I","timestamp":"2023-11-09 13:57:21"},{"nodeID":"1342964","text":"AudienceMember 20221027QT43: Jeremy Hunt was responsible for a lot of the cuts and efficiency savings that were done at the NHS","type":"L","timestamp":"2023-11-09 13:57:21"},{"nodeID":"1342965","text":"Analysing","type":"YA","timestamp":"2023-11-09 13:57:21"},{"nodeID":"1342966","text":"Amelie: AudienceMember 20221027QT43: Jeremy Hunt was responsible for a lot of the cuts and efficiency savings that were done at the NHS","type":"L","timestamp":"2023-11-09 13:57:21"},{"nodeID":"1342967","text":"Asserting","type":"YA","timestamp":"2023-11-09 13:57:21"},{"nodeID":"1342968","text":"now Jeremy Hunt is our Chancellor","type":"I","timestamp":"2023-11-09 13:57:21"},{"nodeID":"1342969","text":"AudienceMember 20221027QT43: now he\u2019s our Chancellor","type":"L","timestamp":"2023-11-09 13:57:21"},{"nodeID":"1342970","text":"Analysing","type":"YA","timestamp":"2023-11-09 13:57:21"},{"nodeID":"1342971","text":"Amelie: AudienceMember 20221027QT43: now he\u2019s our Chancellor","type":"L","timestamp":"2023-11-09 13:57:21"},{"nodeID":"1342972","text":"Asserting","type":"YA","timestamp":"2023-11-09 13:57:21"},{"nodeID":"1342973","text":"the NHS is or isn't really safe","type":"I","timestamp":"2023-11-09 13:57:22"},{"nodeID":"1342974","text":"AudienceMember 20221027QT43: is the NHS really safe","type":"L","timestamp":"2023-11-09 13:57:22"},{"nodeID":"1342975","text":"Analysing","type":"YA","timestamp":"2023-11-09 13:57:22"},{"nodeID":"1342976","text":"Amelie: AudienceMember 20221027QT43: is the NHS really safe","type":"L","timestamp":"2023-11-09 13:57:22"},{"nodeID":"1342977","text":"Pure Questioning","type":"YA","timestamp":"2023-11-09 13:57:22"},{"nodeID":"1342978","text":"AudienceMember20221027QT44 doesn\u2019t know about the NHS budget","type":"I","timestamp":"2023-11-09 13:57:23"},{"nodeID":"1342979","text":"AudienceMember 20221027QT44: I don\u2019t know about the NHS budget","type":"L","timestamp":"2023-11-09 13:57:23"},{"nodeID":"1342980","text":"Analysing","type":"YA","timestamp":"2023-11-09 13:57:23"},{"nodeID":"1342981","text":"Amelie: AudienceMember 20221027QT44: I don\u2019t know about the NHS budget","type":"L","timestamp":"2023-11-09 13:57:23"},{"nodeID":"1342982","text":"Asserting","type":"YA","timestamp":"2023-11-09 13:57:23"},{"nodeID":"1342983","text":"AudienceMember20221027QT44 is in education","type":"I","timestamp":"2023-11-09 13:57:23"},{"nodeID":"1342984","text":"AudienceMember 20221027QT44: I\u2019m in education actually","type":"L","timestamp":"2023-11-09 13:57:23"},{"nodeID":"1342985","text":"Analysing","type":"YA","timestamp":"2023-11-09 13:57:23"},{"nodeID":"1342986","text":"Amelie: AudienceMember 20221027QT44: I\u2019m in education actually","type":"L","timestamp":"2023-11-09 13:57:23"},{"nodeID":"1342987","text":"Asserting","type":"YA","timestamp":"2023-11-09 13:57:23"},{"nodeID":"1342988","text":"Default Transition","type":"TA","timestamp":"2023-11-09 13:57:23"},{"nodeID":"1342989","text":"Default Transition","type":"TA","timestamp":"2023-11-09 13:57:23"},{"nodeID":"1342990","text":"Default Inference","type":"RA","timestamp":"2023-11-09 13:57:23"},{"nodeID":"1342991","text":"Default Transition","type":"TA","timestamp":"2023-11-09 13:57:23"},{"nodeID":"1342992","text":"Arguing","type":"YA","timestamp":"2023-11-09 13:57:23"},{"nodeID":"1342993","text":"AudienceMember20221027QT44 might be working in the NHS as well","type":"I","timestamp":"2023-11-09 13:57:24"},{"nodeID":"1342994","text":"Fiona Bruce: Don\u2019t tell me you work in the NHS as well","type":"L","timestamp":"2023-11-09 13:57:24"},{"nodeID":"1342995","text":"Analysing","type":"YA","timestamp":"2023-11-09 13:57:24"},{"nodeID":"1342996","text":"Amelie: Fiona Bruce: Don\u2019t tell me you work in the NHS as well","type":"L","timestamp":"2023-11-09 13:57:24"},{"nodeID":"1342997","text":"Asserting","type":"YA","timestamp":"2023-11-09 13:57:24"},{"nodeID":"1342998","text":"AudienceMember20221027QT44 does know the education budget will not be back up to 2010 levels in real terms","type":"I","timestamp":"2023-11-09 13:57:25"},{"nodeID":"1342999","text":"AudienceMember 20221027QT44: I do know the education budget will not be back up to 2010 levels in real terms","type":"L","timestamp":"2023-11-09 13:57:25"},{"nodeID":"1343000","text":"Analysing","type":"YA","timestamp":"2023-11-09 13:57:25"},{"nodeID":"1343001","text":"Amelie: AudienceMember 20221027QT44: I do know the education budget will not be back up to 2010 levels in real terms","type":"L","timestamp":"2023-11-09 13:57:25"},{"nodeID":"1343002","text":"Asserting","type":"YA","timestamp":"2023-11-09 13:57:25"},{"nodeID":"1343003","text":"Default Transition","type":"TA","timestamp":"2023-11-09 13:57:25"},{"nodeID":"1343004","text":"Default Transition","type":"TA","timestamp":"2023-11-09 13:57:25"},{"nodeID":"1343005","text":"you can\u2019t say you\u2019ve added more money to the budget when, in real terms with inflation and energy rises, salary increases we're losing money","type":"I","timestamp":"2023-11-09 13:57:25"},{"nodeID":"1343006","text":"AudienceMember 20221027QT44: you can\u2019t say you\u2019ve added more money to the budget when, in real terms with inflation and energy rises, salary increases we\u2019re","type":"L","timestamp":"2023-11-09 13:57:25"},{"nodeID":"1343007","text":"Analysing","type":"YA","timestamp":"2023-11-09 13:57:25"},{"nodeID":"1343008","text":"Amelie: AudienceMember 20221027QT44: you can\u2019t say you\u2019ve added more money to the budget when, in real terms with inflation and energy rises, salary increases we\u2019re","type":"L","timestamp":"2023-11-09 13:57:25"},{"nodeID":"1343009","text":"Asserting","type":"YA","timestamp":"2023-11-09 13:57:25"},{"nodeID":"1343010","text":"Default Inference","type":"RA","timestamp":"2023-11-09 13:57:25"},{"nodeID":"1343011","text":"Default Transition","type":"TA","timestamp":"2023-11-09 13:57:25"},{"nodeID":"1343012","text":"Arguing","type":"YA","timestamp":"2023-11-09 13:57:25"},{"nodeID":"1343013","text":"ninety per cent of schools are reporting they will run out of money next year","type":"I","timestamp":"2023-11-09 13:57:26"},{"nodeID":"1343014","text":"AudienceMember 20221027QT44: Ninety per cent of schools are reporting they will run out of money next year","type":"L","timestamp":"2023-11-09 13:57:26"},{"nodeID":"1343015","text":"Analysing","type":"YA","timestamp":"2023-11-09 13:57:26"},{"nodeID":"1343016","text":"Amelie: AudienceMember 20221027QT44: Ninety per cent of schools are reporting they will run out of money next year","type":"L","timestamp":"2023-11-09 13:57:26"},{"nodeID":"1343017","text":"Asserting","type":"YA","timestamp":"2023-11-09 13:57:26"},{"nodeID":"1343018","text":"Default Transition","type":"TA","timestamp":"2023-11-09 13:57:26"},{"nodeID":"1343019","text":"the school funding is at absolute crisis","type":"I","timestamp":"2023-11-09 13:57:27"},{"nodeID":"1343020","text":"AudienceMember 20221027QT44: It\u2019s at absolute crisis","type":"L","timestamp":"2023-11-09 13:57:27"},{"nodeID":"1343021","text":"Analysing","type":"YA","timestamp":"2023-11-09 13:57:27"},{"nodeID":"1343022","text":"Amelie: AudienceMember 20221027QT44: It\u2019s at absolute crisis","type":"L","timestamp":"2023-11-09 13:57:27"},{"nodeID":"1343023","text":"Asserting","type":"YA","timestamp":"2023-11-09 13:57:27"},{"nodeID":"1343024","text":"Default Transition","type":"TA","timestamp":"2023-11-09 13:57:27"},{"nodeID":"1343025","text":"we\u2019re also suffering recruitment issues","type":"I","timestamp":"2023-11-09 13:57:27"},{"nodeID":"1343026","text":"AudienceMember 20221027QT44: We\u2019re also suffering recruitment issues","type":"L","timestamp":"2023-11-09 13:57:27"},{"nodeID":"1343027","text":"Analysing","type":"YA","timestamp":"2023-11-09 13:57:27"},{"nodeID":"1343028","text":"Amelie: AudienceMember 20221027QT44: We\u2019re also suffering recruitment issues","type":"L","timestamp":"2023-11-09 13:57:27"},{"nodeID":"1343029","text":"Asserting","type":"YA","timestamp":"2023-11-09 13:57:27"},{"nodeID":"1343030","text":"something drastically has to happen","type":"I","timestamp":"2023-11-09 13:57:28"},{"nodeID":"1343031","text":"AudienceMember 20221027QT44: Something drastically has to happen","type":"L","timestamp":"2023-11-09 13:57:28"},{"nodeID":"1343032","text":"Analysing","type":"YA","timestamp":"2023-11-09 13:57:28"},{"nodeID":"1343033","text":"Amelie: AudienceMember 20221027QT44: Something drastically has to happen","type":"L","timestamp":"2023-11-09 13:57:28"},{"nodeID":"1343034","text":"Asserting","type":"YA","timestamp":"2023-11-09 13:57:28"},{"nodeID":"1343035","text":"Default Inference","type":"RA","timestamp":"2023-11-09 13:57:28"},{"nodeID":"1343036","text":"Default Inference","type":"RA","timestamp":"2023-11-09 13:57:28"},{"nodeID":"1343037","text":"Default Transition","type":"TA","timestamp":"2023-11-09 13:57:28"},{"nodeID":"1343038","text":"Arguing","type":"YA","timestamp":"2023-11-09 13:57:28"},{"nodeID":"1343039","text":"Arguing","type":"YA","timestamp":"2023-11-09 13:57:28"},{"nodeID":"1343040","text":"Default Transition","type":"TA","timestamp":"2023-11-09 13:57:28"},{"nodeID":"1343041","text":"Default Transition","type":"TA","timestamp":"2023-11-09 13:57:28"},{"nodeID":"1343042","text":"AudienceMember 20221027QT44: No","type":"L","timestamp":"2023-11-09 13:57:28"},{"nodeID":"1343043","text":"Analysing","type":"YA","timestamp":"2023-11-09 13:57:28"},{"nodeID":"1343044","text":"Amelie: AudienceMember 20221027QT44: No","type":"L","timestamp":"2023-11-09 13:57:28"},{"nodeID":"1343045","text":"Disagreeing","type":"YA","timestamp":"2023-11-09 13:57:28"},{"nodeID":"1343046","text":"Default Transition","type":"TA","timestamp":"2023-11-09 13:57:28"},{"nodeID":"1343047","text":"Default Conflict","type":"CA","timestamp":"2023-11-09 13:57:28"},{"nodeID":"1343048","text":"Default Transition","type":"TA","timestamp":"2023-11-09 13:57:28"},{"nodeID":"1343049","text":"Disagreeing","type":"YA","timestamp":"2023-11-09 13:57:28"},{"nodeID":"1343050","text":"Default Transition","type":"TA","timestamp":"2023-11-09 13:57:28"},{"nodeID":"1343051","text":"Default Inference","type":"RA","timestamp":"2023-11-09 13:57:28"},{"nodeID":"1343052","text":"Arguing","type":"YA","timestamp":"2023-11-09 13:57:28"},{"nodeID":"1343053","text":"Default Rephrase","type":"MA","timestamp":"2023-11-09 13:57:28"},{"nodeID":"1343054","text":"Restating","type":"YA","timestamp":"2023-11-09 13:57:28"},{"nodeID":"1343055","text":"Default Rephrase","type":"MA","timestamp":"2023-11-09 13:57:28"},{"nodeID":"1343056","text":"Restating","type":"YA","timestamp":"2023-11-09 13:57:28"}],"edges":[{"edgeID":"1759932","fromID":"1342922","toID":"1342921","formEdgeID":null},{"edgeID":"1759933","fromID":"1342923","toID":"1342922","formEdgeID":null},{"edgeID":"1759934","fromID":"1342921","toID":"1342924","formEdgeID":null},{"edgeID":"1759935","fromID":"1342924","toID":"1342920","formEdgeID":null},{"edgeID":"1759936","fromID":"1342927","toID":"1342926","formEdgeID":null},{"edgeID":"1759937","fromID":"1342928","toID":"1342927","formEdgeID":null},{"edgeID":"1759938","fromID":"1342926","toID":"1342929","formEdgeID":null},{"edgeID":"1759939","fromID":"1342929","toID":"1342925","formEdgeID":null},{"edgeID":"1759940","fromID":"1342932","toID":"1342931","formEdgeID":null},{"edgeID":"1759941","fromID":"1342933","toID":"1342932","formEdgeID":null},{"edgeID":"1759942","fromID":"1342931","toID":"1342934","formEdgeID":null},{"edgeID":"1759943","fromID":"1342934","toID":"1342930","formEdgeID":null},{"edgeID":"1759944","fromID":"1342937","toID":"1342936","formEdgeID":null},{"edgeID":"1759945","fromID":"1342938","toID":"1342937","formEdgeID":null},{"edgeID":"1759946","fromID":"1342936","toID":"1342939","formEdgeID":null},{"edgeID":"1759947","fromID":"1342939","toID":"1342935","formEdgeID":null},{"edgeID":"1759948","fromID":"1342942","toID":"1342941","formEdgeID":null},{"edgeID":"1759949","fromID":"1342943","toID":"1342942","formEdgeID":null},{"edgeID":"1759950","fromID":"1342941","toID":"1342944","formEdgeID":null},{"edgeID":"1759951","fromID":"1342944","toID":"1342940","formEdgeID":null},{"edgeID":"1759952","fromID":"1342947","toID":"1342946","formEdgeID":null},{"edgeID":"1759953","fromID":"1342948","toID":"1342947","formEdgeID":null},{"edgeID":"1759954","fromID":"1342946","toID":"1342949","formEdgeID":null},{"edgeID":"1759955","fromID":"1342949","toID":"1342945","formEdgeID":null},{"edgeID":"1759956","fromID":"1342930","toID":"1342950","formEdgeID":null},{"edgeID":"1759957","fromID":"1342950","toID":"1342925","formEdgeID":null},{"edgeID":"1759958","fromID":"1342926","toID":"1342951","formEdgeID":null},{"edgeID":"1759959","fromID":"1342951","toID":"1342931","formEdgeID":null},{"edgeID":"1759960","fromID":"1342951","toID":"1342952","formEdgeID":null},{"edgeID":"1759961","fromID":"1342952","toID":"1342950","formEdgeID":null},{"edgeID":"1759962","fromID":"1342935","toID":"1342953","formEdgeID":null},{"edgeID":"1759963","fromID":"1342953","toID":"1342925","formEdgeID":null},{"edgeID":"1759964","fromID":"1342926","toID":"1342954","formEdgeID":null},{"edgeID":"1759965","fromID":"1342954","toID":"1342936","formEdgeID":null},{"edgeID":"1759966","fromID":"1342954","toID":"1342955","formEdgeID":null},{"edgeID":"1759967","fromID":"1342955","toID":"1342953","formEdgeID":null},{"edgeID":"1759968","fromID":"1342921","toID":"1342956","formEdgeID":null},{"edgeID":"1759969","fromID":"1342956","toID":"1342926","formEdgeID":null},{"edgeID":"1759970","fromID":"1342940","toID":"1342957","formEdgeID":null},{"edgeID":"1759971","fromID":"1342957","toID":"1342920","formEdgeID":null},{"edgeID":"1759972","fromID":"1342921","toID":"1342958","formEdgeID":null},{"edgeID":"1759973","fromID":"1342958","toID":"1342941","formEdgeID":null},{"edgeID":"1759974","fromID":"1342958","toID":"1342959","formEdgeID":null},{"edgeID":"1759975","fromID":"1342959","toID":"1342957","formEdgeID":null},{"edgeID":"1759976","fromID":"1342945","toID":"1342960","formEdgeID":null},{"edgeID":"1759977","fromID":"1342960","toID":"1342940","formEdgeID":null},{"edgeID":"1759978","fromID":"1342941","toID":"1342961","formEdgeID":null},{"edgeID":"1759979","fromID":"1342961","toID":"1342946","formEdgeID":null},{"edgeID":"1759980","fromID":"1342961","toID":"1342962","formEdgeID":null},{"edgeID":"1759981","fromID":"1342962","toID":"1342960","formEdgeID":null},{"edgeID":"1759982","fromID":"1342965","toID":"1342964","formEdgeID":null},{"edgeID":"1759983","fromID":"1342966","toID":"1342965","formEdgeID":null},{"edgeID":"1759984","fromID":"1342964","toID":"1342967","formEdgeID":null},{"edgeID":"1759985","fromID":"1342967","toID":"1342963","formEdgeID":null},{"edgeID":"1759986","fromID":"1342970","toID":"1342969","formEdgeID":null},{"edgeID":"1759987","fromID":"1342971","toID":"1342970","formEdgeID":null},{"edgeID":"1759988","fromID":"1342969","toID":"1342972","formEdgeID":null},{"edgeID":"1759989","fromID":"1342972","toID":"1342968","formEdgeID":null},{"edgeID":"1759990","fromID":"1342975","toID":"1342974","formEdgeID":null},{"edgeID":"1759991","fromID":"1342976","toID":"1342975","formEdgeID":null},{"edgeID":"1759992","fromID":"1342974","toID":"1342977","formEdgeID":null},{"edgeID":"1759993","fromID":"1342977","toID":"1342973","formEdgeID":null},{"edgeID":"1759994","fromID":"1342980","toID":"1342979","formEdgeID":null},{"edgeID":"1759995","fromID":"1342981","toID":"1342980","formEdgeID":null},{"edgeID":"1759996","fromID":"1342979","toID":"1342982","formEdgeID":null},{"edgeID":"1759997","fromID":"1342982","toID":"1342978","formEdgeID":null},{"edgeID":"1759998","fromID":"1342985","toID":"1342984","formEdgeID":null},{"edgeID":"1759999","fromID":"1342986","toID":"1342985","formEdgeID":null},{"edgeID":"1760000","fromID":"1342984","toID":"1342987","formEdgeID":null},{"edgeID":"1760001","fromID":"1342987","toID":"1342983","formEdgeID":null},{"edgeID":"1760002","fromID":"1342946","toID":"1342988","formEdgeID":null},{"edgeID":"1760003","fromID":"1342988","toID":"1342964","formEdgeID":null},{"edgeID":"1760004","fromID":"1342964","toID":"1342989","formEdgeID":null},{"edgeID":"1760005","fromID":"1342989","toID":"1342969","formEdgeID":null},{"edgeID":"1760006","fromID":"1342963","toID":"1342990","formEdgeID":null},{"edgeID":"1760007","fromID":"1342990","toID":"1342973","formEdgeID":null},{"edgeID":"1760008","fromID":"1342968","toID":"1342990","formEdgeID":null},{"edgeID":"1760009","fromID":"1342964","toID":"1342991","formEdgeID":null},{"edgeID":"1760010","fromID":"1342991","toID":"1342974","formEdgeID":null},{"edgeID":"1760011","fromID":"1342991","toID":"1342992","formEdgeID":null},{"edgeID":"1760012","fromID":"1342992","toID":"1342990","formEdgeID":null},{"edgeID":"1760013","fromID":"1342995","toID":"1342994","formEdgeID":null},{"edgeID":"1760014","fromID":"1342996","toID":"1342995","formEdgeID":null},{"edgeID":"1760015","fromID":"1342994","toID":"1342997","formEdgeID":null},{"edgeID":"1760016","fromID":"1342997","toID":"1342993","formEdgeID":null},{"edgeID":"1760017","fromID":"1343000","toID":"1342999","formEdgeID":null},{"edgeID":"1760018","fromID":"1343001","toID":"1343000","formEdgeID":null},{"edgeID":"1760019","fromID":"1342999","toID":"1343002","formEdgeID":null},{"edgeID":"1760020","fromID":"1343002","toID":"1342998","formEdgeID":null},{"edgeID":"1760021","fromID":"1342979","toID":"1343003","formEdgeID":null},{"edgeID":"1760022","fromID":"1343003","toID":"1342999","formEdgeID":null},{"edgeID":"1760023","fromID":"1342984","toID":"1343004","formEdgeID":null},{"edgeID":"1760024","fromID":"1343004","toID":"1342979","formEdgeID":null},{"edgeID":"1760025","fromID":"1343007","toID":"1343006","formEdgeID":null},{"edgeID":"1760026","fromID":"1343008","toID":"1343007","formEdgeID":null},{"edgeID":"1760027","fromID":"1343006","toID":"1343009","formEdgeID":null},{"edgeID":"1760028","fromID":"1343009","toID":"1343005","formEdgeID":null},{"edgeID":"1760029","fromID":"1342998","toID":"1343010","formEdgeID":null},{"edgeID":"1760030","fromID":"1343010","toID":"1343005","formEdgeID":null},{"edgeID":"1760031","fromID":"1342999","toID":"1343011","formEdgeID":null},{"edgeID":"1760032","fromID":"1343011","toID":"1343006","formEdgeID":null},{"edgeID":"1760033","fromID":"1343011","toID":"1343012","formEdgeID":null},{"edgeID":"1760034","fromID":"1343012","toID":"1343010","formEdgeID":null},{"edgeID":"1760035","fromID":"1343015","toID":"1343014","formEdgeID":null},{"edgeID":"1760036","fromID":"1343016","toID":"1343015","formEdgeID":null},{"edgeID":"1760037","fromID":"1343014","toID":"1343017","formEdgeID":null},{"edgeID":"1760038","fromID":"1343017","toID":"1343013","formEdgeID":null},{"edgeID":"1760039","fromID":"1343006","toID":"1343018","formEdgeID":null},{"edgeID":"1760040","fromID":"1343018","toID":"1343014","formEdgeID":null},{"edgeID":"1760041","fromID":"1343021","toID":"1343020","formEdgeID":null},{"edgeID":"1760042","fromID":"1343022","toID":"1343021","formEdgeID":null},{"edgeID":"1760043","fromID":"1343020","toID":"1343023","formEdgeID":null},{"edgeID":"1760044","fromID":"1343023","toID":"1343019","formEdgeID":null},{"edgeID":"1760045","fromID":"1343014","toID":"1343024","formEdgeID":null},{"edgeID":"1760046","fromID":"1343024","toID":"1343020","formEdgeID":null},{"edgeID":"1760047","fromID":"1343027","toID":"1343026","formEdgeID":null},{"edgeID":"1760048","fromID":"1343028","toID":"1343027","formEdgeID":null},{"edgeID":"1760049","fromID":"1343026","toID":"1343029","formEdgeID":null},{"edgeID":"1760050","fromID":"1343029","toID":"1343025","formEdgeID":null},{"edgeID":"1760051","fromID":"1343032","toID":"1343031","formEdgeID":null},{"edgeID":"1760052","fromID":"1343033","toID":"1343032","formEdgeID":null},{"edgeID":"1760053","fromID":"1343031","toID":"1343034","formEdgeID":null},{"edgeID":"1760054","fromID":"1343034","toID":"1343030","formEdgeID":null},{"edgeID":"1760055","fromID":"1343019","toID":"1343035","formEdgeID":null},{"edgeID":"1760056","fromID":"1343035","toID":"1343030","formEdgeID":null},{"edgeID":"1760057","fromID":"1343025","toID":"1343036","formEdgeID":null},{"edgeID":"1760058","fromID":"1343036","toID":"1343030","formEdgeID":null},{"edgeID":"1760059","fromID":"1343026","toID":"1343037","formEdgeID":null},{"edgeID":"1760060","fromID":"1343037","toID":"1343031","formEdgeID":null},{"edgeID":"1760061","fromID":"1343037","toID":"1343038","formEdgeID":null},{"edgeID":"1760062","fromID":"1343038","toID":"1343036","formEdgeID":null},{"edgeID":"1760063","fromID":"1343037","toID":"1343039","formEdgeID":null},{"edgeID":"1760064","fromID":"1343039","toID":"1343035","formEdgeID":null},{"edgeID":"1760065","fromID":"1343020","toID":"1343040","formEdgeID":null},{"edgeID":"1760066","fromID":"1343040","toID":"1343026","formEdgeID":null},{"edgeID":"1760067","fromID":"1342974","toID":"1343041","formEdgeID":null},{"edgeID":"1760068","fromID":"1343041","toID":"1342994","formEdgeID":null},{"edgeID":"1760069","fromID":"1343043","toID":"1343042","formEdgeID":null},{"edgeID":"1760070","fromID":"1343044","toID":"1343043","formEdgeID":null},{"edgeID":"1760071","fromID":"1343042","toID":"1343045","formEdgeID":null},{"edgeID":"1760072","fromID":"1343045","toID":"1342993","formEdgeID":null},{"edgeID":"1760073","fromID":"1342994","toID":"1343046","formEdgeID":null},{"edgeID":"1760074","fromID":"1343046","toID":"1343042","formEdgeID":null},{"edgeID":"1760075","fromID":"1342983","toID":"1343047","formEdgeID":null},{"edgeID":"1760076","fromID":"1343047","toID":"1342993","formEdgeID":null},{"edgeID":"1760077","fromID":"1342994","toID":"1343048","formEdgeID":null},{"edgeID":"1760078","fromID":"1343048","toID":"1342984","formEdgeID":null},{"edgeID":"1760079","fromID":"1343048","toID":"1343049","formEdgeID":null},{"edgeID":"1760080","fromID":"1343049","toID":"1343047","formEdgeID":null},{"edgeID":"1760081","fromID":"1342999","toID":"1343050","formEdgeID":null},{"edgeID":"1760082","fromID":"1343050","toID":"1343020","formEdgeID":null},{"edgeID":"1760083","fromID":"1342983","toID":"1343051","formEdgeID":null},{"edgeID":"1760084","fromID":"1343051","toID":"1342978","formEdgeID":null},{"edgeID":"1760085","fromID":"1343004","toID":"1343052","formEdgeID":null},{"edgeID":"1760086","fromID":"1343052","toID":"1343051","formEdgeID":null},{"edgeID":"1760087","fromID":"1343019","toID":"1343053","formEdgeID":null},{"edgeID":"1760088","fromID":"1343053","toID":"1342998","formEdgeID":null},{"edgeID":"1760089","fromID":"1343050","toID":"1343054","formEdgeID":null},{"edgeID":"1760090","fromID":"1343054","toID":"1343053","formEdgeID":null},{"edgeID":"1760091","fromID":"1343019","toID":"1343055","formEdgeID":null},{"edgeID":"1760092","fromID":"1343055","toID":"1343013","formEdgeID":null},{"edgeID":"1760093","fromID":"1343024","toID":"1343056","formEdgeID":null},{"edgeID":"1760094","fromID":"1343056","toID":"1343055","formEdgeID":null}],"locutions":[]}