{"nodes":[{"nodeID":"1339224","text":"it's day two","type":"I","timestamp":"2023-11-09 13:52:02"},{"nodeID":"1339225","text":"Armando Iannucci: day two","type":"L","timestamp":"2023-11-09 13:52:02"},{"nodeID":"1339226","text":"Analysing","type":"YA","timestamp":"2023-11-09 13:52:02"},{"nodeID":"1339227","text":"Dominika: Armando Iannucci: day two","type":"L","timestamp":"2023-11-09 13:52:02"},{"nodeID":"1339228","text":"Asserting","type":"YA","timestamp":"2023-11-09 13:52:02"},{"nodeID":"1339229","text":"already we\u2019re talking about how long the Home Secretary is going to last","type":"I","timestamp":"2023-11-09 13:52:03"},{"nodeID":"1339230","text":"Armando Iannucci: already we\u2019re talking about how long the Home Secretary is going to last","type":"L","timestamp":"2023-11-09 13:52:03"},{"nodeID":"1339231","text":"Analysing","type":"YA","timestamp":"2023-11-09 13:52:03"},{"nodeID":"1339232","text":"Dominika: Armando Iannucci: already we\u2019re talking about how long the Home Secretary is going to last","type":"L","timestamp":"2023-11-09 13:52:03"},{"nodeID":"1339233","text":"Asserting","type":"YA","timestamp":"2023-11-09 13:52:03"},{"nodeID":"1339234","text":"there\u2019s always a danger when you get a new Prime Minister that you think you\u2019re getting a new government","type":"I","timestamp":"2023-11-09 13:52:03"},{"nodeID":"1339235","text":"Armando Iannucci: there\u2019s always a danger when you get a new Prime Minister that you think you\u2019re getting a new government","type":"L","timestamp":"2023-11-09 13:52:03"},{"nodeID":"1339236","text":"Analysing","type":"YA","timestamp":"2023-11-09 13:52:03"},{"nodeID":"1339237","text":"Dominika: Armando Iannucci: there\u2019s always a danger when you get a new Prime Minister that you think you\u2019re getting a new government","type":"L","timestamp":"2023-11-09 13:52:03"},{"nodeID":"1339238","text":"Asserting","type":"YA","timestamp":"2023-11-09 13:52:03"},{"nodeID":"1339239","text":"you\u2019re not getting a new government","type":"I","timestamp":"2023-11-09 13:52:04"},{"nodeID":"1339240","text":"Armando Iannucci: you\u2019re not","type":"L","timestamp":"2023-11-09 13:52:04"},{"nodeID":"1339241","text":"Analysing","type":"YA","timestamp":"2023-11-09 13:52:04"},{"nodeID":"1339242","text":"Dominika: Armando Iannucci: you\u2019re not","type":"L","timestamp":"2023-11-09 13:52:04"},{"nodeID":"1339243","text":"Asserting","type":"YA","timestamp":"2023-11-09 13:52:04"},{"nodeID":"1339244","text":"getting a new government is not how the constitution works","type":"I","timestamp":"2023-11-09 13:52:05"},{"nodeID":"1339245","text":"Armando Iannucci: that\u2019s not how the constitution works","type":"L","timestamp":"2023-11-09 13:52:05"},{"nodeID":"1339246","text":"Analysing","type":"YA","timestamp":"2023-11-09 13:52:05"},{"nodeID":"1339247","text":"Dominika: Armando Iannucci: that\u2019s not how the constitution works","type":"L","timestamp":"2023-11-09 13:52:05"},{"nodeID":"1339248","text":"Asserting","type":"YA","timestamp":"2023-11-09 13:52:05"},{"nodeID":"1339249","text":"Default Transition","type":"TA","timestamp":"2023-11-09 13:52:05"},{"nodeID":"1339250","text":"Default Transition","type":"TA","timestamp":"2023-11-09 13:52:05"},{"nodeID":"1339251","text":"Default Transition","type":"TA","timestamp":"2023-11-09 13:52:05"},{"nodeID":"1339252","text":"Default Transition","type":"TA","timestamp":"2023-11-09 13:52:05"},{"nodeID":"1339253","text":"Default Inference","type":"RA","timestamp":"2023-11-09 13:52:05"},{"nodeID":"1339254","text":"Arguing","type":"YA","timestamp":"2023-11-09 13:52:05"},{"nodeID":"1339255","text":"Default Conflict","type":"CA","timestamp":"2023-11-09 13:52:05"},{"nodeID":"1339256","text":"Disagreeing","type":"YA","timestamp":"2023-11-09 13:52:05"},{"nodeID":"1339257","text":"in the reshuffle, we saw the same old faces coming in, some left","type":"I","timestamp":"2023-11-09 13:52:05"},{"nodeID":"1339258","text":"Armando Iannucci: in the reshuffle, we saw the same old faces coming in, some left","type":"L","timestamp":"2023-11-09 13:52:05"},{"nodeID":"1339259","text":"Analysing","type":"YA","timestamp":"2023-11-09 13:52:05"},{"nodeID":"1339260","text":"Dominika: Armando Iannucci: in the reshuffle, we saw the same old faces coming in, some left","type":"L","timestamp":"2023-11-09 13:52:05"},{"nodeID":"1339261","text":"Asserting","type":"YA","timestamp":"2023-11-09 13:52:05"},{"nodeID":"1339262","text":"it\u2019s been like watching a giant tumble dryer go round","type":"I","timestamp":"2023-11-09 13:52:06"},{"nodeID":"1339263","text":"Armando Iannucci: it\u2019s been like watching a giant tumble dryer go round","type":"L","timestamp":"2023-11-09 13:52:06"},{"nodeID":"1339264","text":"Analysing","type":"YA","timestamp":"2023-11-09 13:52:06"},{"nodeID":"1339265","text":"Dominika: Armando Iannucci: it\u2019s been like watching a giant tumble dryer go round","type":"L","timestamp":"2023-11-09 13:52:06"},{"nodeID":"1339266","text":"Asserting","type":"YA","timestamp":"2023-11-09 13:52:06"},{"nodeID":"1339267","text":"Default Transition","type":"TA","timestamp":"2023-11-09 13:52:06"},{"nodeID":"1339268","text":"Default Transition","type":"TA","timestamp":"2023-11-09 13:52:06"},{"nodeID":"1339269","text":"it\u2019s the same old faces","type":"I","timestamp":"2023-11-09 13:52:07"},{"nodeID":"1339270","text":"Armando Iannucci: it\u2019s the same old faces","type":"L","timestamp":"2023-11-09 13:52:07"},{"nodeID":"1339271","text":"Analysing","type":"YA","timestamp":"2023-11-09 13:52:07"},{"nodeID":"1339272","text":"Dominika: Armando Iannucci: it\u2019s the same old faces","type":"L","timestamp":"2023-11-09 13:52:07"},{"nodeID":"1339273","text":"Asserting","type":"YA","timestamp":"2023-11-09 13:52:07"},{"nodeID":"1339274","text":"Default Transition","type":"TA","timestamp":"2023-11-09 13:52:07"},{"nodeID":"1339275","text":"Default Inference","type":"RA","timestamp":"2023-11-09 13:52:07"},{"nodeID":"1339276","text":"Default Rephrase","type":"MA","timestamp":"2023-11-09 13:52:07"},{"nodeID":"1339277","text":"Arguing","type":"YA","timestamp":"2023-11-09 13:52:07"},{"nodeID":"1339278","text":"Restating","type":"YA","timestamp":"2023-11-09 13:52:07"},{"nodeID":"1339279","text":"it\u2019s very difficult for a prime minister to relaunch a government","type":"I","timestamp":"2023-11-09 13:52:07"},{"nodeID":"1339280","text":"Armando Iannucci: it\u2019s very difficult for a prime minister to relaunch a government","type":"L","timestamp":"2023-11-09 13:52:07"},{"nodeID":"1339281","text":"Analysing","type":"YA","timestamp":"2023-11-09 13:52:07"},{"nodeID":"1339282","text":"Dominika: Armando Iannucci: it\u2019s very difficult for a prime minister to relaunch a government","type":"L","timestamp":"2023-11-09 13:52:07"},{"nodeID":"1339283","text":"Asserting","type":"YA","timestamp":"2023-11-09 13:52:07"},{"nodeID":"1339284","text":"the constitution just doesn\u2019t work that way","type":"I","timestamp":"2023-11-09 13:52:08"},{"nodeID":"1339285","text":"Armando Iannucci:  the constitution just doesn\u2019t work that way","type":"L","timestamp":"2023-11-09 13:52:08"},{"nodeID":"1339286","text":"Analysing","type":"YA","timestamp":"2023-11-09 13:52:08"},{"nodeID":"1339287","text":"Dominika: Armando Iannucci:  the constitution just doesn\u2019t work that way","type":"L","timestamp":"2023-11-09 13:52:08"},{"nodeID":"1339288","text":"Asserting","type":"YA","timestamp":"2023-11-09 13:52:08"},{"nodeID":"1339289","text":"Default Transition","type":"TA","timestamp":"2023-11-09 13:52:08"},{"nodeID":"1339290","text":"Default Transition","type":"TA","timestamp":"2023-11-09 13:52:08"},{"nodeID":"1339291","text":"Default Inference","type":"RA","timestamp":"2023-11-09 13:52:08"},{"nodeID":"1339292","text":"Arguing","type":"YA","timestamp":"2023-11-09 13:52:08"},{"nodeID":"1339293","text":"Default Rephrase","type":"MA","timestamp":"2023-11-09 13:52:08"},{"nodeID":"1339294","text":"Default Transition","type":"TA","timestamp":"2023-11-09 13:52:08"},{"nodeID":"1339295","text":"Restating","type":"YA","timestamp":"2023-11-09 13:52:08"}],"edges":[{"edgeID":"1755499","fromID":"1339226","toID":"1339225","formEdgeID":null},{"edgeID":"1755500","fromID":"1339227","toID":"1339226","formEdgeID":null},{"edgeID":"1755501","fromID":"1339225","toID":"1339228","formEdgeID":null},{"edgeID":"1755502","fromID":"1339228","toID":"1339224","formEdgeID":null},{"edgeID":"1755503","fromID":"1339231","toID":"1339230","formEdgeID":null},{"edgeID":"1755504","fromID":"1339232","toID":"1339231","formEdgeID":null},{"edgeID":"1755505","fromID":"1339230","toID":"1339233","formEdgeID":null},{"edgeID":"1755506","fromID":"1339233","toID":"1339229","formEdgeID":null},{"edgeID":"1755507","fromID":"1339236","toID":"1339235","formEdgeID":null},{"edgeID":"1755508","fromID":"1339237","toID":"1339236","formEdgeID":null},{"edgeID":"1755509","fromID":"1339235","toID":"1339238","formEdgeID":null},{"edgeID":"1755510","fromID":"1339238","toID":"1339234","formEdgeID":null},{"edgeID":"1755511","fromID":"1339241","toID":"1339240","formEdgeID":null},{"edgeID":"1755512","fromID":"1339242","toID":"1339241","formEdgeID":null},{"edgeID":"1755513","fromID":"1339240","toID":"1339243","formEdgeID":null},{"edgeID":"1755514","fromID":"1339243","toID":"1339239","formEdgeID":null},{"edgeID":"1755515","fromID":"1339246","toID":"1339245","formEdgeID":null},{"edgeID":"1755516","fromID":"1339247","toID":"1339246","formEdgeID":null},{"edgeID":"1755517","fromID":"1339245","toID":"1339248","formEdgeID":null},{"edgeID":"1755518","fromID":"1339248","toID":"1339244","formEdgeID":null},{"edgeID":"1755519","fromID":"1339225","toID":"1339249","formEdgeID":null},{"edgeID":"1755520","fromID":"1339249","toID":"1339230","formEdgeID":null},{"edgeID":"1755521","fromID":"1339230","toID":"1339250","formEdgeID":null},{"edgeID":"1755522","fromID":"1339250","toID":"1339235","formEdgeID":null},{"edgeID":"1755523","fromID":"1339235","toID":"1339251","formEdgeID":null},{"edgeID":"1755524","fromID":"1339251","toID":"1339240","formEdgeID":null},{"edgeID":"1755525","fromID":"1339240","toID":"1339252","formEdgeID":null},{"edgeID":"1755526","fromID":"1339252","toID":"1339245","formEdgeID":null},{"edgeID":"1755527","fromID":"1339244","toID":"1339253","formEdgeID":null},{"edgeID":"1755528","fromID":"1339253","toID":"1339239","formEdgeID":null},{"edgeID":"1755529","fromID":"1339252","toID":"1339254","formEdgeID":null},{"edgeID":"1755530","fromID":"1339254","toID":"1339253","formEdgeID":null},{"edgeID":"1755531","fromID":"1339239","toID":"1339255","formEdgeID":null},{"edgeID":"1755532","fromID":"1339255","toID":"1339234","formEdgeID":null},{"edgeID":"1755533","fromID":"1339251","toID":"1339256","formEdgeID":null},{"edgeID":"1755534","fromID":"1339256","toID":"1339255","formEdgeID":null},{"edgeID":"1755535","fromID":"1339259","toID":"1339258","formEdgeID":null},{"edgeID":"1755536","fromID":"1339260","toID":"1339259","formEdgeID":null},{"edgeID":"1755537","fromID":"1339258","toID":"1339261","formEdgeID":null},{"edgeID":"1755538","fromID":"1339261","toID":"1339257","formEdgeID":null},{"edgeID":"1755539","fromID":"1339264","toID":"1339263","formEdgeID":null},{"edgeID":"1755540","fromID":"1339265","toID":"1339264","formEdgeID":null},{"edgeID":"1755541","fromID":"1339263","toID":"1339266","formEdgeID":null},{"edgeID":"1755542","fromID":"1339266","toID":"1339262","formEdgeID":null},{"edgeID":"1755543","fromID":"1339245","toID":"1339267","formEdgeID":null},{"edgeID":"1755544","fromID":"1339267","toID":"1339258","formEdgeID":null},{"edgeID":"1755545","fromID":"1339258","toID":"1339268","formEdgeID":null},{"edgeID":"1755546","fromID":"1339268","toID":"1339263","formEdgeID":null},{"edgeID":"1755547","fromID":"1339271","toID":"1339270","formEdgeID":null},{"edgeID":"1755548","fromID":"1339272","toID":"1339271","formEdgeID":null},{"edgeID":"1755549","fromID":"1339270","toID":"1339273","formEdgeID":null},{"edgeID":"1755550","fromID":"1339273","toID":"1339269","formEdgeID":null},{"edgeID":"1755551","fromID":"1339263","toID":"1339274","formEdgeID":null},{"edgeID":"1755552","fromID":"1339274","toID":"1339270","formEdgeID":null},{"edgeID":"1755553","fromID":"1339257","toID":"1339275","formEdgeID":null},{"edgeID":"1755554","fromID":"1339275","toID":"1339262","formEdgeID":null},{"edgeID":"1755555","fromID":"1339269","toID":"1339276","formEdgeID":null},{"edgeID":"1755556","fromID":"1339276","toID":"1339257","formEdgeID":null},{"edgeID":"1755557","fromID":"1339268","toID":"1339277","formEdgeID":null},{"edgeID":"1755558","fromID":"1339277","toID":"1339275","formEdgeID":null},{"edgeID":"1755559","fromID":"1339274","toID":"1339278","formEdgeID":null},{"edgeID":"1755560","fromID":"1339278","toID":"1339276","formEdgeID":null},{"edgeID":"1755561","fromID":"1339281","toID":"1339280","formEdgeID":null},{"edgeID":"1755562","fromID":"1339282","toID":"1339281","formEdgeID":null},{"edgeID":"1755563","fromID":"1339280","toID":"1339283","formEdgeID":null},{"edgeID":"1755564","fromID":"1339283","toID":"1339279","formEdgeID":null},{"edgeID":"1755565","fromID":"1339286","toID":"1339285","formEdgeID":null},{"edgeID":"1755566","fromID":"1339287","toID":"1339286","formEdgeID":null},{"edgeID":"1755567","fromID":"1339285","toID":"1339288","formEdgeID":null},{"edgeID":"1755568","fromID":"1339288","toID":"1339284","formEdgeID":null},{"edgeID":"1755569","fromID":"1339270","toID":"1339289","formEdgeID":null},{"edgeID":"1755570","fromID":"1339289","toID":"1339280","formEdgeID":null},{"edgeID":"1755571","fromID":"1339280","toID":"1339290","formEdgeID":null},{"edgeID":"1755572","fromID":"1339290","toID":"1339285","formEdgeID":null},{"edgeID":"1755573","fromID":"1339284","toID":"1339291","formEdgeID":null},{"edgeID":"1755574","fromID":"1339291","toID":"1339279","formEdgeID":null},{"edgeID":"1755575","fromID":"1339290","toID":"1339292","formEdgeID":null},{"edgeID":"1755576","fromID":"1339292","toID":"1339291","formEdgeID":null},{"edgeID":"1755577","fromID":"1339284","toID":"1339293","formEdgeID":null},{"edgeID":"1755578","fromID":"1339293","toID":"1339244","formEdgeID":null},{"edgeID":"1755579","fromID":"1339245","toID":"1339294","formEdgeID":null},{"edgeID":"1755580","fromID":"1339294","toID":"1339285","formEdgeID":null},{"edgeID":"1755581","fromID":"1339294","toID":"1339295","formEdgeID":null},{"edgeID":"1755582","fromID":"1339295","toID":"1339293","formEdgeID":null}],"locutions":[]}