{"nodes":[{"nodeID":"1353143","text":"to deliver for the people, that\u2019s what David Lammy wants","type":"I","timestamp":"2023-11-09 14:13:00"},{"nodeID":"1353144","text":"David Lammy: To deliver for the people, that\u2019s what I want","type":"L","timestamp":"2023-11-09 14:13:00"},{"nodeID":"1353145","text":"Analysing","type":"YA","timestamp":"2023-11-09 14:13:00"},{"nodeID":"1353146","text":"Chris: David Lammy: To deliver for the people, that\u2019s what I want","type":"L","timestamp":"2023-11-09 14:13:00"},{"nodeID":"1353147","text":"Asserting","type":"YA","timestamp":"2023-11-09 14:13:00"},{"nodeID":"1353148","text":"politicians are derided quite a lot","type":"I","timestamp":"2023-11-09 14:13:01"},{"nodeID":"1353149","text":"Lucy Frazer: politicians are derided quite a lot","type":"L","timestamp":"2023-11-09 14:13:01"},{"nodeID":"1353150","text":"Analysing","type":"YA","timestamp":"2023-11-09 14:13:01"},{"nodeID":"1353151","text":"Chris: Lucy Frazer: politicians are derided quite a lot","type":"L","timestamp":"2023-11-09 14:13:01"},{"nodeID":"1353152","text":"Asserting","type":"YA","timestamp":"2023-11-09 14:13:01"},{"nodeID":"1353153","text":"Default Transition","type":"TA","timestamp":"2023-11-09 14:13:01"},{"nodeID":"1353154","text":"xxx is how public derision feels as a politician","type":"I","timestamp":"2023-11-09 14:13:02"},{"nodeID":"1353155","text":"Fiona Bruce: how does that feel as a politician","type":"L","timestamp":"2023-11-09 14:13:02"},{"nodeID":"1353156","text":"Analysing","type":"YA","timestamp":"2023-11-09 14:13:02"},{"nodeID":"1353157","text":"Chris: Fiona Bruce: how does that feel as a politician","type":"L","timestamp":"2023-11-09 14:13:02"},{"nodeID":"1353158","text":"Asserting","type":"YA","timestamp":"2023-11-09 14:13:02"},{"nodeID":"1353159","text":"Default Transition","type":"TA","timestamp":"2023-11-09 14:13:02"},{"nodeID":"1353160","text":"Fiona Bruce is not in any sense having a go at Lucy Frazer","type":"I","timestamp":"2023-11-09 14:13:02"},{"nodeID":"1353161","text":"Fiona Bruce: I\u2019m not in any sense having a go at you","type":"L","timestamp":"2023-11-09 14:13:02"},{"nodeID":"1353162","text":"Analysing","type":"YA","timestamp":"2023-11-09 14:13:02"},{"nodeID":"1353163","text":"Chris: Fiona Bruce: I\u2019m not in any sense having a go at you","type":"L","timestamp":"2023-11-09 14:13:02"},{"nodeID":"1353164","text":"Asserting","type":"YA","timestamp":"2023-11-09 14:13:02"},{"nodeID":"1353165","text":"Default Transition","type":"TA","timestamp":"2023-11-09 14:13:02"},{"nodeID":"1353166","text":"Default Rephrase","type":"MA","timestamp":"2023-11-09 14:13:02"},{"nodeID":"1353167","text":"Restating","type":"YA","timestamp":"2023-11-09 14:13:02"},{"nodeID":"1353168","text":"Fiona Bruce genuinely wants to know how politicians feel about being derided","type":"I","timestamp":"2023-11-09 14:13:03"},{"nodeID":"1353169","text":"Fiona Bruce: I genuinely want to know how that feels","type":"L","timestamp":"2023-11-09 14:13:03"},{"nodeID":"1353170","text":"Analysing","type":"YA","timestamp":"2023-11-09 14:13:03"},{"nodeID":"1353171","text":"Chris: Fiona Bruce: I genuinely want to know how that feels","type":"L","timestamp":"2023-11-09 14:13:03"},{"nodeID":"1353172","text":"Assertive Questioning","type":"YA","timestamp":"2023-11-09 14:13:03"},{"nodeID":"1353173","text":"Default Transition","type":"TA","timestamp":"2023-11-09 14:13:03"},{"nodeID":"1353174","text":"Default Rephrase","type":"MA","timestamp":"2023-11-09 14:13:03"},{"nodeID":"1353175","text":"Restating","type":"YA","timestamp":"2023-11-09 14:13:03"},{"nodeID":"1353176","text":"it\u2019s not great to be doing a job that you\u2019ve chosen to do to help people","type":"I","timestamp":"2023-11-09 14:13:03"},{"nodeID":"1353177","text":"Lucy Frazer: It\u2019s not great to be doing a job that you\u2019ve chosen to do to help people","type":"L","timestamp":"2023-11-09 14:13:04"},{"nodeID":"1353178","text":"Analysing","type":"YA","timestamp":"2023-11-09 14:13:04"},{"nodeID":"1353179","text":"Chris: Lucy Frazer: It\u2019s not great to be doing a job that you\u2019ve chosen to do, to help people","type":"L","timestamp":"2023-11-09 14:13:04"},{"nodeID":"1353180","text":"Asserting","type":"YA","timestamp":"2023-11-09 14:13:04"},{"nodeID":"1353181","text":"Default Transition","type":"TA","timestamp":"2023-11-09 14:13:04"},{"nodeID":"1353182","text":"Default Rephrase","type":"MA","timestamp":"2023-11-09 14:13:04"},{"nodeID":"1353183","text":"Default Illocuting","type":"YA","timestamp":"2023-11-09 14:13:04"},{"nodeID":"1353184","text":"people don\u2019t understand that you're doing the job to try and help","type":"I","timestamp":"2023-11-09 14:13:04"},{"nodeID":"1353185","text":"Lucy Frazer: people don\u2019t understand that","type":"L","timestamp":"2023-11-09 14:13:04"},{"nodeID":"1353186","text":"Analysing","type":"YA","timestamp":"2023-11-09 14:13:04"},{"nodeID":"1353187","text":"Chris: Lucy Frazer: people don\u2019t understand that","type":"L","timestamp":"2023-11-09 14:13:04"},{"nodeID":"1353188","text":"Asserting","type":"YA","timestamp":"2023-11-09 14:13:04"},{"nodeID":"1353189","text":"Default Transition","type":"TA","timestamp":"2023-11-09 14:13:04"},{"nodeID":"1353190","text":"Default Inference","type":"RA","timestamp":"2023-11-09 14:13:04"},{"nodeID":"1353191","text":"Arguing","type":"YA","timestamp":"2023-11-09 14:13:04"},{"nodeID":"1353192","text":"Lucy Frazer gets the dissatisfaction","type":"I","timestamp":"2023-11-09 14:13:05"},{"nodeID":"1353193","text":"Lucy Frazer: I get it","type":"L","timestamp":"2023-11-09 14:13:05"},{"nodeID":"1353194","text":"Analysing","type":"YA","timestamp":"2023-11-09 14:13:05"},{"nodeID":"1353195","text":"Chris: Lucy Frazer: I get it","type":"L","timestamp":"2023-11-09 14:13:05"},{"nodeID":"1353196","text":"Asserting","type":"YA","timestamp":"2023-11-09 14:13:05"},{"nodeID":"1353197","text":"Default Transition","type":"TA","timestamp":"2023-11-09 14:13:05"},{"nodeID":"1353198","text":"Default Conflict","type":"CA","timestamp":"2023-11-09 14:13:05"},{"nodeID":"1353199","text":"Disagreeing","type":"YA","timestamp":"2023-11-09 14:13:05"},{"nodeID":"1353200","text":"Lucy Frazer totally gets the dissatisfaction","type":"I","timestamp":"2023-11-09 14:13:05"},{"nodeID":"1353201","text":"Lucy Frazer: I totally get it","type":"L","timestamp":"2023-11-09 14:13:05"},{"nodeID":"1353202","text":"Analysing","type":"YA","timestamp":"2023-11-09 14:13:05"},{"nodeID":"1353203","text":"Chris: Lucy Frazer: I totally get it","type":"L","timestamp":"2023-11-09 14:13:05"},{"nodeID":"1353204","text":"Asserting","type":"YA","timestamp":"2023-11-09 14:13:05"},{"nodeID":"1353205","text":"Default Transition","type":"TA","timestamp":"2023-11-09 14:13:05"},{"nodeID":"1353206","text":"Default Rephrase","type":"MA","timestamp":"2023-11-09 14:13:05"},{"nodeID":"1353207","text":"Restating","type":"YA","timestamp":"2023-11-09 14:13:05"}],"edges":[{"edgeID":"1772089","fromID":"1353145","toID":"1353144","formEdgeID":null},{"edgeID":"1772090","fromID":"1353146","toID":"1353145","formEdgeID":null},{"edgeID":"1772091","fromID":"1353144","toID":"1353147","formEdgeID":null},{"edgeID":"1772092","fromID":"1353147","toID":"1353143","formEdgeID":null},{"edgeID":"1772093","fromID":"1353150","toID":"1353149","formEdgeID":null},{"edgeID":"1772094","fromID":"1353151","toID":"1353150","formEdgeID":null},{"edgeID":"1772095","fromID":"1353149","toID":"1353152","formEdgeID":null},{"edgeID":"1772096","fromID":"1353152","toID":"1353148","formEdgeID":null},{"edgeID":"1772097","fromID":"1353144","toID":"1353153","formEdgeID":null},{"edgeID":"1772098","fromID":"1353153","toID":"1353149","formEdgeID":null},{"edgeID":"1772099","fromID":"1353156","toID":"1353155","formEdgeID":null},{"edgeID":"1772100","fromID":"1353157","toID":"1353156","formEdgeID":null},{"edgeID":"1772101","fromID":"1353155","toID":"1353158","formEdgeID":null},{"edgeID":"1772102","fromID":"1353158","toID":"1353154","formEdgeID":null},{"edgeID":"1772103","fromID":"1353149","toID":"1353159","formEdgeID":null},{"edgeID":"1772104","fromID":"1353159","toID":"1353155","formEdgeID":null},{"edgeID":"1772105","fromID":"1353162","toID":"1353161","formEdgeID":null},{"edgeID":"1772106","fromID":"1353163","toID":"1353162","formEdgeID":null},{"edgeID":"1772107","fromID":"1353161","toID":"1353164","formEdgeID":null},{"edgeID":"1772108","fromID":"1353164","toID":"1353160","formEdgeID":null},{"edgeID":"1772109","fromID":"1353155","toID":"1353165","formEdgeID":null},{"edgeID":"1772110","fromID":"1353165","toID":"1353161","formEdgeID":null},{"edgeID":"1772111","fromID":"1353160","toID":"1353166","formEdgeID":null},{"edgeID":"1772112","fromID":"1353166","toID":"1353154","formEdgeID":null},{"edgeID":"1772113","fromID":"1353165","toID":"1353167","formEdgeID":null},{"edgeID":"1772114","fromID":"1353167","toID":"1353166","formEdgeID":null},{"edgeID":"1772115","fromID":"1353170","toID":"1353169","formEdgeID":null},{"edgeID":"1772116","fromID":"1353171","toID":"1353170","formEdgeID":null},{"edgeID":"1772117","fromID":"1353169","toID":"1353172","formEdgeID":null},{"edgeID":"1772118","fromID":"1353172","toID":"1353168","formEdgeID":null},{"edgeID":"1772119","fromID":"1353161","toID":"1353173","formEdgeID":null},{"edgeID":"1772120","fromID":"1353173","toID":"1353169","formEdgeID":null},{"edgeID":"1772121","fromID":"1353168","toID":"1353174","formEdgeID":null},{"edgeID":"1772122","fromID":"1353174","toID":"1353160","formEdgeID":null},{"edgeID":"1772123","fromID":"1353173","toID":"1353175","formEdgeID":null},{"edgeID":"1772124","fromID":"1353175","toID":"1353174","formEdgeID":null},{"edgeID":"1772125","fromID":"1353178","toID":"1353177","formEdgeID":null},{"edgeID":"1772126","fromID":"1353179","toID":"1353178","formEdgeID":null},{"edgeID":"1772127","fromID":"1353177","toID":"1353180","formEdgeID":null},{"edgeID":"1772128","fromID":"1353180","toID":"1353176","formEdgeID":null},{"edgeID":"1772129","fromID":"1353169","toID":"1353181","formEdgeID":null},{"edgeID":"1772130","fromID":"1353181","toID":"1353177","formEdgeID":null},{"edgeID":"1772131","fromID":"1353176","toID":"1353182","formEdgeID":null},{"edgeID":"1772132","fromID":"1353182","toID":"1353168","formEdgeID":null},{"edgeID":"1772133","fromID":"1353181","toID":"1353183","formEdgeID":null},{"edgeID":"1772134","fromID":"1353183","toID":"1353182","formEdgeID":null},{"edgeID":"1772135","fromID":"1353186","toID":"1353185","formEdgeID":null},{"edgeID":"1772136","fromID":"1353187","toID":"1353186","formEdgeID":null},{"edgeID":"1772137","fromID":"1353185","toID":"1353188","formEdgeID":null},{"edgeID":"1772138","fromID":"1353188","toID":"1353184","formEdgeID":null},{"edgeID":"1772139","fromID":"1353177","toID":"1353189","formEdgeID":null},{"edgeID":"1772140","fromID":"1353189","toID":"1353185","formEdgeID":null},{"edgeID":"1772141","fromID":"1353184","toID":"1353190","formEdgeID":null},{"edgeID":"1772142","fromID":"1353190","toID":"1353176","formEdgeID":null},{"edgeID":"1772143","fromID":"1353189","toID":"1353191","formEdgeID":null},{"edgeID":"1772144","fromID":"1353191","toID":"1353190","formEdgeID":null},{"edgeID":"1772145","fromID":"1353194","toID":"1353193","formEdgeID":null},{"edgeID":"1772146","fromID":"1353195","toID":"1353194","formEdgeID":null},{"edgeID":"1772147","fromID":"1353193","toID":"1353196","formEdgeID":null},{"edgeID":"1772148","fromID":"1353196","toID":"1353192","formEdgeID":null},{"edgeID":"1772149","fromID":"1353185","toID":"1353197","formEdgeID":null},{"edgeID":"1772150","fromID":"1353197","toID":"1353193","formEdgeID":null},{"edgeID":"1772151","fromID":"1353192","toID":"1353198","formEdgeID":null},{"edgeID":"1772152","fromID":"1353198","toID":"1353184","formEdgeID":null},{"edgeID":"1772153","fromID":"1353197","toID":"1353199","formEdgeID":null},{"edgeID":"1772154","fromID":"1353199","toID":"1353198","formEdgeID":null},{"edgeID":"1772155","fromID":"1353202","toID":"1353201","formEdgeID":null},{"edgeID":"1772156","fromID":"1353203","toID":"1353202","formEdgeID":null},{"edgeID":"1772157","fromID":"1353201","toID":"1353204","formEdgeID":null},{"edgeID":"1772158","fromID":"1353204","toID":"1353200","formEdgeID":null},{"edgeID":"1772159","fromID":"1353193","toID":"1353205","formEdgeID":null},{"edgeID":"1772160","fromID":"1353205","toID":"1353201","formEdgeID":null},{"edgeID":"1772161","fromID":"1353200","toID":"1353206","formEdgeID":null},{"edgeID":"1772162","fromID":"1353206","toID":"1353192","formEdgeID":null},{"edgeID":"1772163","fromID":"1353205","toID":"1353207","formEdgeID":null},{"edgeID":"1772164","fromID":"1353207","toID":"1353206","formEdgeID":null}],"locutions":[]}