{"nodes":[{"nodeID":"1339718","text":"Lucy Frazer: The IFS said that the package was one of the most comprehensive across the world","type":"L","timestamp":"2023-11-09 13:52:44"},{"nodeID":"1339719","text":"Analysing","type":"YA","timestamp":"2023-11-09 13:52:44"},{"nodeID":"1339720","text":"Lara: Lucy Frazer: The IFS said that the package was one of the most comprehensive across the world","type":"L","timestamp":"2023-11-09 13:52:44"},{"nodeID":"1339721","text":"what Rishi Sunak has delivered since he\u2019s been Prime Minister is stabilising the market","type":"I","timestamp":"2023-11-09 13:52:45"},{"nodeID":"1339722","text":"Lucy Frazer: what he has delivered since he\u2019s been Prime Minister, it\u2019s only been a few days, is stabilising the market","type":"L","timestamp":"2023-11-09 13:52:45"},{"nodeID":"1339723","text":"Analysing","type":"YA","timestamp":"2023-11-09 13:52:45"},{"nodeID":"1339724","text":"Lara: Lucy Frazer: what he has delivered since he\u2019s been Prime Minister, it\u2019s only been a few days, is stabilising the market","type":"L","timestamp":"2023-11-09 13:52:45"},{"nodeID":"1339725","text":"Asserting","type":"YA","timestamp":"2023-11-09 13:52:45"},{"nodeID":"1339726","text":"Rishi Sunak has only been Prime Minister a few days","type":"I","timestamp":"2023-11-09 13:52:45"},{"nodeID":"1339727","text":"Lucy Frazer:  it\u2019s only been a few days","type":"L","timestamp":"2023-11-09 13:52:45"},{"nodeID":"1339728","text":"Analysing","type":"YA","timestamp":"2023-11-09 13:52:45"},{"nodeID":"1339729","text":"Lara: Lucy Frazer:  it\u2019s only been a few days,","type":"L","timestamp":"2023-11-09 13:52:45"},{"nodeID":"1339730","text":"Asserting","type":"YA","timestamp":"2023-11-09 13:52:45"},{"nodeID":"1339731","text":"we\u2019re living in a world where the cost of living is going up","type":"I","timestamp":"2023-11-09 13:52:46"},{"nodeID":"1339732","text":"Lucy Frazer: we\u2019re living in a world where the cost of living is going up","type":"L","timestamp":"2023-11-09 13:52:46"},{"nodeID":"1339733","text":"Analysing","type":"YA","timestamp":"2023-11-09 13:52:46"},{"nodeID":"1339734","text":"Lara: Lucy Frazer: we\u2019re living in a world where the cost of living is going up","type":"L","timestamp":"2023-11-09 13:52:46"},{"nodeID":"1339735","text":"Asserting","type":"YA","timestamp":"2023-11-09 13:52:46"},{"nodeID":"1339736","text":"everybody can rest assured that the Government will do whatever it can","type":"I","timestamp":"2023-11-09 13:52:47"},{"nodeID":"1339737","text":"Lucy Frazer: everybody can rest assured that although we\u2019re living in a world where the cost of living is going up, the Government will do whatever it can","type":"L","timestamp":"2023-11-09 13:52:47"},{"nodeID":"1339738","text":"Analysing","type":"YA","timestamp":"2023-11-09 13:52:47"},{"nodeID":"1339739","text":"Lara: Lucy Frazer: everybody can rest assured that although we\u2019re living in a world where the cost of living is going up, the Government will do whatever it can","type":"L","timestamp":"2023-11-09 13:52:47"},{"nodeID":"1339740","text":"Asserting","type":"YA","timestamp":"2023-11-09 13:52:47"},{"nodeID":"1339741","text":"you should be asking yourself if Rishi Sunak is going to deliver for you","type":"I","timestamp":"2023-11-09 13:52:47"},{"nodeID":"1339742","text":"Lucy Frazer: that\u2019s what you should be asking yourself, is he going to deliver for me","type":"L","timestamp":"2023-11-09 13:52:47"},{"nodeID":"1339743","text":"Analysing","type":"YA","timestamp":"2023-11-09 13:52:47"},{"nodeID":"1339744","text":"Lara: Lucy Frazer: that\u2019s what you should be asking yourself, is he going to deliver for me","type":"L","timestamp":"2023-11-09 13:52:47"},{"nodeID":"1339745","text":"Asserting","type":"YA","timestamp":"2023-11-09 13:52:47"},{"nodeID":"1339746","text":"you should not be asking yourself what Rishi Sunak's private income is","type":"I","timestamp":"2023-11-09 13:52:48"},{"nodeID":"1339747","text":"Lucy Frazer: not what his private income is","type":"L","timestamp":"2023-11-09 13:52:48"},{"nodeID":"1339748","text":"Analysing","type":"YA","timestamp":"2023-11-09 13:52:48"},{"nodeID":"1339749","text":"Lara: Lucy Frazer: not what his private income is","type":"L","timestamp":"2023-11-09 13:52:48"},{"nodeID":"1339750","text":"Asserting","type":"YA","timestamp":"2023-11-09 13:52:48"},{"nodeID":"1339751","text":"what is important is what Rishi Sunak does","type":"I","timestamp":"2023-11-09 13:52:49"},{"nodeID":"1339752","text":"Armando Iannucci: it\u2019s therefore about what he does","type":"L","timestamp":"2023-11-09 13:52:49"},{"nodeID":"1339753","text":"Analysing","type":"YA","timestamp":"2023-11-09 13:52:49"},{"nodeID":"1339754","text":"Lara: Armando Iannucci: it\u2019s therefore about what he does","type":"L","timestamp":"2023-11-09 13:52:49"},{"nodeID":"1339755","text":"Asserting","type":"YA","timestamp":"2023-11-09 13:52:49"},{"nodeID":"1339756","text":"last year, or two years ago, the town fund put 580 towns in order of their greatest need","type":"I","timestamp":"2023-11-09 13:52:49"},{"nodeID":"1339757","text":"Armando Iannucci: last year, or two years ago, the town fund put towns in\u2026580 towns in order of their greatest need","type":"L","timestamp":"2023-11-09 13:52:49"},{"nodeID":"1339758","text":"Analysing","type":"YA","timestamp":"2023-11-09 13:52:49"},{"nodeID":"1339759","text":"Lara: Armando Iannucci: last year, or two years ago, the town fund put towns in\u2026580 towns in order of their greatest need","type":"L","timestamp":"2023-11-09 13:52:49"},{"nodeID":"1339760","text":"Asserting","type":"YA","timestamp":"2023-11-09 13:52:49"},{"nodeID":"1339761","text":"the town fund putting 580 towns in order of their greatest need is part of the levelling up process","type":"I","timestamp":"2023-11-09 13:52:50"},{"nodeID":"1339762","text":"Armando Iannucci: This is part of the levelling up process","type":"L","timestamp":"2023-11-09 13:52:50"},{"nodeID":"1339763","text":"Analysing","type":"YA","timestamp":"2023-11-09 13:52:50"},{"nodeID":"1339764","text":"Lara: Armando Iannucci: This is part of the levelling up process","type":"L","timestamp":"2023-11-09 13:52:50"},{"nodeID":"1339765","text":"Asserting","type":"YA","timestamp":"2023-11-09 13:52:50"},{"nodeID":"1339766","text":"the town fund was for money to go to towns","type":"I","timestamp":"2023-11-09 13:52:51"},{"nodeID":"1339767","text":"Fiona Bruce: And this was for money to go to towns","type":"L","timestamp":"2023-11-09 13:52:51"},{"nodeID":"1339768","text":"Analysing","type":"YA","timestamp":"2023-11-09 13:52:51"},{"nodeID":"1339769","text":"Lara: Fiona Bruce: And this was for money to go to towns","type":"L","timestamp":"2023-11-09 13:52:51"},{"nodeID":"1339770","text":"Asserting","type":"YA","timestamp":"2023-11-09 13:52:51"},{"nodeID":"1339771","text":"Rishi Sunak moved Conservative constituencies up the list","type":"I","timestamp":"2023-11-09 13:52:51"},{"nodeID":"1339772","text":"Armando Iannucci:  Rishi Sunak moved Conservative constituencies up the list","type":"L","timestamp":"2023-11-09 13:52:51"},{"nodeID":"1339773","text":"Analysing","type":"YA","timestamp":"2023-11-09 13:52:51"},{"nodeID":"1339774","text":"Lara: Armando Iannucci:  Rishi Sunak moved Conservative constituencies up the list","type":"L","timestamp":"2023-11-09 13:52:51"},{"nodeID":"1339775","text":"Asserting","type":"YA","timestamp":"2023-11-09 13:52:51"},{"nodeID":"1339776","text":"there is footage of Rishi Sunak saying he took money away from inner-cities and gave it to Tunbridge Wells","type":"I","timestamp":"2023-11-09 13:52:52"},{"nodeID":"1339777","text":"Armando Iannucci: hence that footage of him saying he took money away from inner-cities and gave it to Tunbridge Wells","type":"L","timestamp":"2023-11-09 13:52:52"},{"nodeID":"1339778","text":"Analysing","type":"YA","timestamp":"2023-11-09 13:52:52"},{"nodeID":"1339779","text":"Lara: Armando Iannucci: hence that footage of him saying he took money away from inner-cities and gave it to Tunbridge Wells","type":"L","timestamp":"2023-11-09 13:52:52"},{"nodeID":"1339780","text":"Asserting","type":"YA","timestamp":"2023-11-09 13:52:52"},{"nodeID":"1339781","text":"Default Transition","type":"TA","timestamp":"2023-11-09 13:52:52"},{"nodeID":"1339782","text":"Default Transition","type":"TA","timestamp":"2023-11-09 13:52:52"},{"nodeID":"1339783","text":"Default Inference","type":"RA","timestamp":"2023-11-09 13:52:52"},{"nodeID":"1339784","text":"Default Transition","type":"TA","timestamp":"2023-11-09 13:52:52"},{"nodeID":"1339785","text":"Arguing","type":"YA","timestamp":"2023-11-09 13:52:52"},{"nodeID":"1339786","text":"Default Transition","type":"TA","timestamp":"2023-11-09 13:52:52"},{"nodeID":"1339787","text":"Default Transition","type":"TA","timestamp":"2023-11-09 13:52:52"},{"nodeID":"1339788","text":"Default Rephrase","type":"MA","timestamp":"2023-11-09 13:52:52"},{"nodeID":"1339789","text":"Restating","type":"YA","timestamp":"2023-11-09 13:52:52"},{"nodeID":"1339790","text":"Default Transition","type":"TA","timestamp":"2023-11-09 13:52:52"},{"nodeID":"1339791","text":"Default Rephrase","type":"MA","timestamp":"2023-11-09 13:52:52"},{"nodeID":"1339792","text":"Restating","type":"YA","timestamp":"2023-11-09 13:52:52"},{"nodeID":"1339793","text":"Default Transition","type":"TA","timestamp":"2023-11-09 13:52:52"},{"nodeID":"1339794","text":"Default Transition","type":"TA","timestamp":"2023-11-09 13:52:52"},{"nodeID":"1339795","text":"Default Transition","type":"TA","timestamp":"2023-11-09 13:52:52"},{"nodeID":"1339796","text":"Default Transition","type":"TA","timestamp":"2023-11-09 13:52:52"},{"nodeID":"1339797","text":"Default Transition","type":"TA","timestamp":"2023-11-09 13:52:52"},{"nodeID":"1339798","text":"Default Inference","type":"RA","timestamp":"2023-11-09 13:52:52"},{"nodeID":"1339799","text":"Arguing","type":"YA","timestamp":"2023-11-09 13:52:52"},{"nodeID":"1339800","text":"Default Transition","type":"TA","timestamp":"2023-11-09 13:52:52"},{"nodeID":"1339801","text":"the package was one of the most comprehensive across the world","type":"I","timestamp":"2023-11-09 13:52:52"},{"nodeID":"1339802","text":"The IFS: the package was one of the most comprehensive across the world","type":"L","timestamp":"2023-11-09 13:52:52"},{"nodeID":"1339803","text":"Analysing","type":"YA","timestamp":"2023-11-09 13:52:52"},{"nodeID":"1339804","text":"Lara: The IFS: the package was one of the most comprehensive across the world","type":"L","timestamp":"2023-11-09 13:52:52"},{"nodeID":"1339805","text":"Asserting","type":"YA","timestamp":"2023-11-09 13:52:52"},{"nodeID":"1339806","text":"Asserting","type":"YA","timestamp":"2023-11-09 13:52:52"},{"nodeID":"1339807","text":"Default Rephrase","type":"MA","timestamp":"2023-11-09 13:52:52"},{"nodeID":"1339808","text":"Restating","type":"YA","timestamp":"2023-11-09 13:52:52"},{"nodeID":"1339809","text":"Default Rephrase","type":"MA","timestamp":"2023-11-09 13:52:52"},{"nodeID":"1339810","text":"Restating","type":"YA","timestamp":"2023-11-09 13:52:52"},{"nodeID":"1339811","text":"Default Conflict","type":"CA","timestamp":"2023-11-09 13:52:52"},{"nodeID":"1339812","text":"Default Transition","type":"TA","timestamp":"2023-11-09 13:52:52"},{"nodeID":"1339813","text":"Disagreeing","type":"YA","timestamp":"2023-11-09 13:52:52"}],"edges":[{"edgeID":"1756087","fromID":"1339719","toID":"1339718","formEdgeID":null},{"edgeID":"1756088","fromID":"1339720","toID":"1339719","formEdgeID":null},{"edgeID":"1756089","fromID":"1339723","toID":"1339722","formEdgeID":null},{"edgeID":"1756090","fromID":"1339724","toID":"1339723","formEdgeID":null},{"edgeID":"1756091","fromID":"1339722","toID":"1339725","formEdgeID":null},{"edgeID":"1756092","fromID":"1339725","toID":"1339721","formEdgeID":null},{"edgeID":"1756093","fromID":"1339728","toID":"1339727","formEdgeID":null},{"edgeID":"1756094","fromID":"1339729","toID":"1339728","formEdgeID":null},{"edgeID":"1756095","fromID":"1339727","toID":"1339730","formEdgeID":null},{"edgeID":"1756096","fromID":"1339730","toID":"1339726","formEdgeID":null},{"edgeID":"1756097","fromID":"1339733","toID":"1339732","formEdgeID":null},{"edgeID":"1756098","fromID":"1339734","toID":"1339733","formEdgeID":null},{"edgeID":"1756099","fromID":"1339732","toID":"1339735","formEdgeID":null},{"edgeID":"1756100","fromID":"1339735","toID":"1339731","formEdgeID":null},{"edgeID":"1756101","fromID":"1339738","toID":"1339737","formEdgeID":null},{"edgeID":"1756102","fromID":"1339739","toID":"1339738","formEdgeID":null},{"edgeID":"1756103","fromID":"1339737","toID":"1339740","formEdgeID":null},{"edgeID":"1756104","fromID":"1339740","toID":"1339736","formEdgeID":null},{"edgeID":"1756105","fromID":"1339743","toID":"1339742","formEdgeID":null},{"edgeID":"1756106","fromID":"1339744","toID":"1339743","formEdgeID":null},{"edgeID":"1756107","fromID":"1339742","toID":"1339745","formEdgeID":null},{"edgeID":"1756108","fromID":"1339745","toID":"1339741","formEdgeID":null},{"edgeID":"1756109","fromID":"1339748","toID":"1339747","formEdgeID":null},{"edgeID":"1756110","fromID":"1339749","toID":"1339748","formEdgeID":null},{"edgeID":"1756111","fromID":"1339747","toID":"1339750","formEdgeID":null},{"edgeID":"1756112","fromID":"1339750","toID":"1339746","formEdgeID":null},{"edgeID":"1756113","fromID":"1339753","toID":"1339752","formEdgeID":null},{"edgeID":"1756114","fromID":"1339754","toID":"1339753","formEdgeID":null},{"edgeID":"1756115","fromID":"1339752","toID":"1339755","formEdgeID":null},{"edgeID":"1756116","fromID":"1339755","toID":"1339751","formEdgeID":null},{"edgeID":"1756117","fromID":"1339758","toID":"1339757","formEdgeID":null},{"edgeID":"1756118","fromID":"1339759","toID":"1339758","formEdgeID":null},{"edgeID":"1756119","fromID":"1339757","toID":"1339760","formEdgeID":null},{"edgeID":"1756120","fromID":"1339760","toID":"1339756","formEdgeID":null},{"edgeID":"1756121","fromID":"1339763","toID":"1339762","formEdgeID":null},{"edgeID":"1756122","fromID":"1339764","toID":"1339763","formEdgeID":null},{"edgeID":"1756123","fromID":"1339762","toID":"1339765","formEdgeID":null},{"edgeID":"1756124","fromID":"1339765","toID":"1339761","formEdgeID":null},{"edgeID":"1756125","fromID":"1339768","toID":"1339767","formEdgeID":null},{"edgeID":"1756126","fromID":"1339769","toID":"1339768","formEdgeID":null},{"edgeID":"1756127","fromID":"1339767","toID":"1339770","formEdgeID":null},{"edgeID":"1756128","fromID":"1339770","toID":"1339766","formEdgeID":null},{"edgeID":"1756129","fromID":"1339773","toID":"1339772","formEdgeID":null},{"edgeID":"1756130","fromID":"1339774","toID":"1339773","formEdgeID":null},{"edgeID":"1756131","fromID":"1339772","toID":"1339775","formEdgeID":null},{"edgeID":"1756132","fromID":"1339775","toID":"1339771","formEdgeID":null},{"edgeID":"1756133","fromID":"1339778","toID":"1339777","formEdgeID":null},{"edgeID":"1756134","fromID":"1339779","toID":"1339778","formEdgeID":null},{"edgeID":"1756135","fromID":"1339777","toID":"1339780","formEdgeID":null},{"edgeID":"1756136","fromID":"1339780","toID":"1339776","formEdgeID":null},{"edgeID":"1756137","fromID":"1339727","toID":"1339781","formEdgeID":null},{"edgeID":"1756138","fromID":"1339781","toID":"1339732","formEdgeID":null},{"edgeID":"1756139","fromID":"1339732","toID":"1339782","formEdgeID":null},{"edgeID":"1756140","fromID":"1339782","toID":"1339737","formEdgeID":null},{"edgeID":"1756141","fromID":"1339721","toID":"1339783","formEdgeID":null},{"edgeID":"1756142","fromID":"1339783","toID":"1339736","formEdgeID":null},{"edgeID":"1756143","fromID":"1339731","toID":"1339783","formEdgeID":null},{"edgeID":"1756144","fromID":"1339722","toID":"1339784","formEdgeID":null},{"edgeID":"1756145","fromID":"1339784","toID":"1339737","formEdgeID":null},{"edgeID":"1756146","fromID":"1339782","toID":"1339785","formEdgeID":null},{"edgeID":"1756147","fromID":"1339785","toID":"1339783","formEdgeID":null},{"edgeID":"1756148","fromID":"1339737","toID":"1339786","formEdgeID":null},{"edgeID":"1756149","fromID":"1339786","toID":"1339742","formEdgeID":null},{"edgeID":"1756150","fromID":"1339742","toID":"1339787","formEdgeID":null},{"edgeID":"1756151","fromID":"1339787","toID":"1339747","formEdgeID":null},{"edgeID":"1756152","fromID":"1339746","toID":"1339788","formEdgeID":null},{"edgeID":"1756153","fromID":"1339788","toID":"1339741","formEdgeID":null},{"edgeID":"1756154","fromID":"1339787","toID":"1339789","formEdgeID":null},{"edgeID":"1756155","fromID":"1339789","toID":"1339788","formEdgeID":null},{"edgeID":"1756156","fromID":"1339742","toID":"1339790","formEdgeID":null},{"edgeID":"1756157","fromID":"1339790","toID":"1339752","formEdgeID":null},{"edgeID":"1756158","fromID":"1339751","toID":"1339791","formEdgeID":null},{"edgeID":"1756159","fromID":"1339791","toID":"1339741","formEdgeID":null},{"edgeID":"1756160","fromID":"1339790","toID":"1339792","formEdgeID":null},{"edgeID":"1756161","fromID":"1339792","toID":"1339791","formEdgeID":null},{"edgeID":"1756162","fromID":"1339752","toID":"1339793","formEdgeID":null},{"edgeID":"1756163","fromID":"1339793","toID":"1339757","formEdgeID":null},{"edgeID":"1756164","fromID":"1339757","toID":"1339794","formEdgeID":null},{"edgeID":"1756165","fromID":"1339794","toID":"1339762","formEdgeID":null},{"edgeID":"1756166","fromID":"1339762","toID":"1339795","formEdgeID":null},{"edgeID":"1756167","fromID":"1339795","toID":"1339767","formEdgeID":null},{"edgeID":"1756168","fromID":"1339767","toID":"1339796","formEdgeID":null},{"edgeID":"1756169","fromID":"1339796","toID":"1339772","formEdgeID":null},{"edgeID":"1756170","fromID":"1339772","toID":"1339797","formEdgeID":null},{"edgeID":"1756171","fromID":"1339797","toID":"1339777","formEdgeID":null},{"edgeID":"1756172","fromID":"1339776","toID":"1339798","formEdgeID":null},{"edgeID":"1756173","fromID":"1339798","toID":"1339771","formEdgeID":null},{"edgeID":"1756174","fromID":"1339797","toID":"1339799","formEdgeID":null},{"edgeID":"1756175","fromID":"1339799","toID":"1339798","formEdgeID":null},{"edgeID":"1756176","fromID":"1339718","toID":"1339800","formEdgeID":null},{"edgeID":"1756177","fromID":"1339800","toID":"1339722","formEdgeID":null},{"edgeID":"1756178","fromID":"1339803","toID":"1339802","formEdgeID":null},{"edgeID":"1756179","fromID":"1339804","toID":"1339803","formEdgeID":null},{"edgeID":"1756180","fromID":"1339802","toID":"1339805","formEdgeID":null},{"edgeID":"1756181","fromID":"1339805","toID":"1339801","formEdgeID":null},{"edgeID":"1756182","fromID":"1339718","toID":"1339806","formEdgeID":null},{"edgeID":"1756183","fromID":"1339806","toID":"1339802","formEdgeID":null},{"edgeID":"1756184","fromID":"1339761","toID":"1339807","formEdgeID":null},{"edgeID":"1756185","fromID":"1339807","toID":"1339756","formEdgeID":null},{"edgeID":"1756186","fromID":"1339794","toID":"1339808","formEdgeID":null},{"edgeID":"1756187","fromID":"1339808","toID":"1339807","formEdgeID":null},{"edgeID":"1756188","fromID":"1339766","toID":"1339809","formEdgeID":null},{"edgeID":"1756189","fromID":"1339809","toID":"1339761","formEdgeID":null},{"edgeID":"1756190","fromID":"1339795","toID":"1339810","formEdgeID":null},{"edgeID":"1756191","fromID":"1339810","toID":"1339809","formEdgeID":null},{"edgeID":"1756192","fromID":"1339771","toID":"1339811","formEdgeID":null},{"edgeID":"1756193","fromID":"1339811","toID":"1339756","formEdgeID":null},{"edgeID":"1756194","fromID":"1339757","toID":"1339812","formEdgeID":null},{"edgeID":"1756195","fromID":"1339812","toID":"1339772","formEdgeID":null},{"edgeID":"1756196","fromID":"1339812","toID":"1339813","formEdgeID":null},{"edgeID":"1756197","fromID":"1339813","toID":"1339811","formEdgeID":null}],"locutions":[]}