{"nodes":[{"nodeID":"1353208","text":"Lucy Frazer's colleagues on her side, and she's sure on the Labour benches as well, have come from a wide variety of backgrounds","type":"I","timestamp":"2023-11-09 14:13:06"},{"nodeID":"1353209","text":"Lucy Frazer: My colleagues on my side, and I'm sure on the Labour benches as well, have come from a wide variety of backgrounds","type":"L","timestamp":"2023-11-09 14:13:06"},{"nodeID":"1353210","text":"Analysing","type":"YA","timestamp":"2023-11-09 14:13:06"},{"nodeID":"1353211","text":"Anon: Lucy Frazer: My colleagues on my side, and I'm sure on the Labour benches as well, have come from a wide variety of backgrounds","type":"L","timestamp":"2023-11-09 14:13:06"},{"nodeID":"1353212","text":"Asserting","type":"YA","timestamp":"2023-11-09 14:13:06"},{"nodeID":"1353213","text":"Lucy Frazer was a barrister for 17 years before she became an MP","type":"I","timestamp":"2023-11-09 14:13:07"},{"nodeID":"1353214","text":"Lucy Frazer: I was a barrister for 17 years before I became an MP","type":"L","timestamp":"2023-11-09 14:13:07"},{"nodeID":"1353215","text":"Analysing","type":"YA","timestamp":"2023-11-09 14:13:07"},{"nodeID":"1353216","text":"Anon: Lucy Frazer: I was a barrister for 17 years before I became an MP","type":"L","timestamp":"2023-11-09 14:13:07"},{"nodeID":"1353217","text":"Asserting","type":"YA","timestamp":"2023-11-09 14:13:07"},{"nodeID":"1353218","text":"we have doctors, we have nurses, we have small business owners, we have a postman, we\u2019ve got someone who was in a band and a hairdresser, a lot of people who served in the forces","type":"I","timestamp":"2023-11-09 14:13:07"},{"nodeID":"1353219","text":"Lucy Frazer: we have doctors, we have nurses, we have small business owners, we have a postman, we\u2019ve got someone who was in a band and a hairdresser, a lot of people who served in the forces","type":"L","timestamp":"2023-11-09 14:13:07"},{"nodeID":"1353220","text":"Analysing","type":"YA","timestamp":"2023-11-09 14:13:07"},{"nodeID":"1353221","text":"Anon: Lucy Frazer: we have doctors, we have nurses, we have small business owners, we have a postman, we\u2019ve got someone who was in a band and a hairdresser, a lot of people who served in the forces","type":"L","timestamp":"2023-11-09 14:13:07"},{"nodeID":"1353222","text":"Asserting","type":"YA","timestamp":"2023-11-09 14:13:07"},{"nodeID":"1353223","text":"we have a wide variety of expertise that represents the whole of the UK","type":"I","timestamp":"2023-11-09 14:13:08"},{"nodeID":"1353224","text":"Lucy Frazer: We have a wide variety of expertise that represents the whole of the UK","type":"L","timestamp":"2023-11-09 14:13:08"},{"nodeID":"1353225","text":"Analysing","type":"YA","timestamp":"2023-11-09 14:13:08"},{"nodeID":"1353226","text":"Anon: Lucy Frazer: We have a wide variety of expertise that represents the whole of the UK","type":"L","timestamp":"2023-11-09 14:13:08"},{"nodeID":"1353227","text":"Asserting","type":"YA","timestamp":"2023-11-09 14:13:08"},{"nodeID":"1353228","text":"Lucy Frazer thinks it's a fantastic thing we have a wide variety of expertise that represents the whole of the UK in politics","type":"I","timestamp":"2023-11-09 14:13:09"},{"nodeID":"1353229","text":"Lucy Frazer: I think that\u2019s a fantastic thing","type":"L","timestamp":"2023-11-09 14:13:09"},{"nodeID":"1353230","text":"Analysing","type":"YA","timestamp":"2023-11-09 14:13:09"},{"nodeID":"1353231","text":"Anon: Lucy Frazer: I think that\u2019s a fantastic thing","type":"L","timestamp":"2023-11-09 14:13:09"},{"nodeID":"1353232","text":"Asserting","type":"YA","timestamp":"2023-11-09 14:13:09"},{"nodeID":"1353233","text":"Default Inference","type":"RA","timestamp":"2023-11-09 14:13:09"},{"nodeID":"1353234","text":"Default Rephrase","type":"MA","timestamp":"2023-11-09 14:13:09"},{"nodeID":"1353235","text":"Default Transition","type":"TA","timestamp":"2023-11-09 14:13:09"},{"nodeID":"1353236","text":"Restating","type":"YA","timestamp":"2023-11-09 14:13:09"},{"nodeID":"1353237","text":"Default Transition","type":"TA","timestamp":"2023-11-09 14:13:09"},{"nodeID":"1353238","text":"Default Transition","type":"TA","timestamp":"2023-11-09 14:13:09"},{"nodeID":"1353239","text":"Default Transition","type":"TA","timestamp":"2023-11-09 14:13:09"},{"nodeID":"1353240","text":"Default Transition","type":"TA","timestamp":"2023-11-09 14:13:09"},{"nodeID":"1353241","text":"Arguing","type":"YA","timestamp":"2023-11-09 14:13:09"}],"edges":[{"edgeID":"1772165","fromID":"1353210","toID":"1353209","formEdgeID":null},{"edgeID":"1772166","fromID":"1353211","toID":"1353210","formEdgeID":null},{"edgeID":"1772167","fromID":"1353209","toID":"1353212","formEdgeID":null},{"edgeID":"1772168","fromID":"1353212","toID":"1353208","formEdgeID":null},{"edgeID":"1772169","fromID":"1353215","toID":"1353214","formEdgeID":null},{"edgeID":"1772170","fromID":"1353216","toID":"1353215","formEdgeID":null},{"edgeID":"1772171","fromID":"1353214","toID":"1353217","formEdgeID":null},{"edgeID":"1772172","fromID":"1353217","toID":"1353213","formEdgeID":null},{"edgeID":"1772173","fromID":"1353220","toID":"1353219","formEdgeID":null},{"edgeID":"1772174","fromID":"1353221","toID":"1353220","formEdgeID":null},{"edgeID":"1772175","fromID":"1353219","toID":"1353222","formEdgeID":null},{"edgeID":"1772176","fromID":"1353222","toID":"1353218","formEdgeID":null},{"edgeID":"1772177","fromID":"1353225","toID":"1353224","formEdgeID":null},{"edgeID":"1772178","fromID":"1353226","toID":"1353225","formEdgeID":null},{"edgeID":"1772179","fromID":"1353224","toID":"1353227","formEdgeID":null},{"edgeID":"1772180","fromID":"1353227","toID":"1353223","formEdgeID":null},{"edgeID":"1772181","fromID":"1353230","toID":"1353229","formEdgeID":null},{"edgeID":"1772182","fromID":"1353231","toID":"1353230","formEdgeID":null},{"edgeID":"1772183","fromID":"1353229","toID":"1353232","formEdgeID":null},{"edgeID":"1772184","fromID":"1353232","toID":"1353228","formEdgeID":null},{"edgeID":"1772185","fromID":"1353218","toID":"1353233","formEdgeID":null},{"edgeID":"1772186","fromID":"1353233","toID":"1353223","formEdgeID":null},{"edgeID":"1772187","fromID":"1353223","toID":"1353234","formEdgeID":null},{"edgeID":"1772188","fromID":"1353234","toID":"1353208","formEdgeID":null},{"edgeID":"1772189","fromID":"1353209","toID":"1353235","formEdgeID":null},{"edgeID":"1772190","fromID":"1353235","toID":"1353224","formEdgeID":null},{"edgeID":"1772191","fromID":"1353235","toID":"1353236","formEdgeID":null},{"edgeID":"1772192","fromID":"1353236","toID":"1353234","formEdgeID":null},{"edgeID":"1772193","fromID":"1353214","toID":"1353237","formEdgeID":null},{"edgeID":"1772194","fromID":"1353237","toID":"1353219","formEdgeID":null},{"edgeID":"1772195","fromID":"1353209","toID":"1353238","formEdgeID":null},{"edgeID":"1772196","fromID":"1353238","toID":"1353214","formEdgeID":null},{"edgeID":"1772197","fromID":"1353224","toID":"1353239","formEdgeID":null},{"edgeID":"1772198","fromID":"1353239","toID":"1353229","formEdgeID":null},{"edgeID":"1772199","fromID":"1353213","toID":"1353233","formEdgeID":null},{"edgeID":"1772200","fromID":"1353240","toID":"1353224","formEdgeID":null},{"edgeID":"1772201","fromID":"1353214","toID":"1353240","formEdgeID":null},{"edgeID":"1772202","fromID":"1353241","toID":"1353233","formEdgeID":null},{"edgeID":"1772203","fromID":"1353240","toID":"1353241","formEdgeID":null}],"locutions":[]}