{"nodes":[{"nodeID":"1350948","text":"the basic standards of education judged by OECD standards, in terms of underlying numeracy and literacy, have gone up under this government","type":"I","timestamp":"2023-11-09 14:09:37"},{"nodeID":"1350949","text":"Lucy Frazer: the basic standards of education judged by OECD standards, in terms of underlying numeracy and literacy, have gone up under this government","type":"L","timestamp":"2023-11-09 14:09:37"},{"nodeID":"1350950","text":"Analysing","type":"YA","timestamp":"2023-11-09 14:09:37"},{"nodeID":"1350951","text":"Joanna: Lucy Frazer: the basic standards of education judged by OECD standards, in terms of underlying numeracy and literacy, have gone up under this government","type":"L","timestamp":"2023-11-09 14:09:37"},{"nodeID":"1350952","text":"Asserting","type":"YA","timestamp":"2023-11-09 14:09:37"},{"nodeID":"1350953","text":"basic standards of education have gone up under the reforms that Michael Gove put in, that were then implemented by successive Secretaries of State","type":"I","timestamp":"2023-11-09 14:09:38"},{"nodeID":"1350954","text":"Lucy Frazer: Under the reforms that Michael Gove put in, that were then implemented by successive Secretaries of State","type":"L","timestamp":"2023-11-09 14:09:38"},{"nodeID":"1350955","text":"Analysing","type":"YA","timestamp":"2023-11-09 14:09:38"},{"nodeID":"1350956","text":"Joanna: Lucy Frazer: Under the reforms that Michael Gove put in, that were then implemented by successive Secretaries of State","type":"L","timestamp":"2023-11-09 14:09:38"},{"nodeID":"1350957","text":"Asserting","type":"YA","timestamp":"2023-11-09 14:09:38"},{"nodeID":"1350958","text":"Default Transition","type":"TA","timestamp":"2023-11-09 14:09:38"},{"nodeID":"1350959","text":"Default Rephrase","type":"MA","timestamp":"2023-11-09 14:09:38"},{"nodeID":"1350960","text":"Restating","type":"YA","timestamp":"2023-11-09 14:09:38"},{"nodeID":"1350961","text":"more people have gone to university","type":"I","timestamp":"2023-11-09 14:09:39"},{"nodeID":"1350962","text":"Lucy Frazer: more people have gone to university","type":"L","timestamp":"2023-11-09 14:09:39"},{"nodeID":"1350963","text":"Analysing","type":"YA","timestamp":"2023-11-09 14:09:39"},{"nodeID":"1350964","text":"Joanna: Lucy Frazer: more people have gone to university","type":"L","timestamp":"2023-11-09 14:09:39"},{"nodeID":"1350965","text":"Asserting","type":"YA","timestamp":"2023-11-09 14:09:39"},{"nodeID":"1350966","text":"Default Transition","type":"TA","timestamp":"2023-11-09 14:09:39"},{"nodeID":"1350967","text":"Default Inference","type":"RA","timestamp":"2023-11-09 14:09:39"},{"nodeID":"1350968","text":"Default Transition","type":"TA","timestamp":"2023-11-09 14:09:39"},{"nodeID":"1350969","text":"Arguing","type":"YA","timestamp":"2023-11-09 14:09:39"},{"nodeID":"1350970","text":"people going to university is not totally the answer","type":"I","timestamp":"2023-11-09 14:09:39"},{"nodeID":"1350971","text":"Lucy Frazer: University is not totally the answer","type":"L","timestamp":"2023-11-09 14:09:39"},{"nodeID":"1350972","text":"Analysing","type":"YA","timestamp":"2023-11-09 14:09:39"},{"nodeID":"1350973","text":"Joanna: Lucy Frazer: University is not totally the answer","type":"L","timestamp":"2023-11-09 14:09:39"},{"nodeID":"1350974","text":"Asserting","type":"YA","timestamp":"2023-11-09 14:09:39"},{"nodeID":"1350975","text":"Default Transition","type":"TA","timestamp":"2023-11-09 14:09:39"},{"nodeID":"1350976","text":"we also need to improve technical education","type":"I","timestamp":"2023-11-09 14:09:40"},{"nodeID":"1350977","text":"Lucy Frazer: we also need to improve technical education","type":"L","timestamp":"2023-11-09 14:09:40"},{"nodeID":"1350978","text":"Analysing","type":"YA","timestamp":"2023-11-09 14:09:40"},{"nodeID":"1350979","text":"Joanna: Lucy Frazer: we also need to improve technical education","type":"L","timestamp":"2023-11-09 14:09:40"},{"nodeID":"1350980","text":"Asserting","type":"YA","timestamp":"2023-11-09 14:09:40"},{"nodeID":"1350981","text":"Default Transition","type":"TA","timestamp":"2023-11-09 14:09:40"},{"nodeID":"1350982","text":"Default Inference","type":"RA","timestamp":"2023-11-09 14:09:40"},{"nodeID":"1350983","text":"Default Rephrase","type":"MA","timestamp":"2023-11-09 14:09:40"},{"nodeID":"1350984","text":"Restating","type":"YA","timestamp":"2023-11-09 14:09:40"},{"nodeID":"1350985","text":"Arguing","type":"YA","timestamp":"2023-11-09 14:09:40"},{"nodeID":"1350986","text":"there was an announcement on technical education today","type":"I","timestamp":"2023-11-09 14:09:40"},{"nodeID":"1350987","text":"Lucy Frazer: There was an announcement on technical education today","type":"L","timestamp":"2023-11-09 14:09:40"},{"nodeID":"1350988","text":"Analysing","type":"YA","timestamp":"2023-11-09 14:09:40"},{"nodeID":"1350989","text":"Joanna: Lucy Frazer: There was an announcement on technical education today","type":"L","timestamp":"2023-11-09 14:09:40"},{"nodeID":"1350990","text":"Asserting","type":"YA","timestamp":"2023-11-09 14:09:40"},{"nodeID":"1350991","text":"Default Transition","type":"TA","timestamp":"2023-11-09 14:09:40"},{"nodeID":"1350992","text":"we absolutely need to ensure that this country is ready and has the skills","type":"I","timestamp":"2023-11-09 14:09:41"},{"nodeID":"1350993","text":"Lucy Frazer: we absolutely need to ensure that this country is ready and has the skills","type":"L","timestamp":"2023-11-09 14:09:41"},{"nodeID":"1350994","text":"Analysing","type":"YA","timestamp":"2023-11-09 14:09:41"},{"nodeID":"1350995","text":"Joanna: Lucy Frazer: we absolutely need to ensure that this country is ready and has the skills","type":"L","timestamp":"2023-11-09 14:09:41"},{"nodeID":"1350996","text":"Asserting","type":"YA","timestamp":"2023-11-09 14:09:41"},{"nodeID":"1350997","text":"Default Transition","type":"TA","timestamp":"2023-11-09 14:09:41"},{"nodeID":"1350998","text":"Default Inference","type":"RA","timestamp":"2023-11-09 14:09:41"},{"nodeID":"1350999","text":"Arguing","type":"YA","timestamp":"2023-11-09 14:09:41"},{"nodeID":"1351000","text":"Default Rephrase","type":"MA","timestamp":"2023-11-09 14:09:41"},{"nodeID":"1351001","text":"Default Transition","type":"TA","timestamp":"2023-11-09 14:09:41"},{"nodeID":"1351002","text":"Restating","type":"YA","timestamp":"2023-11-09 14:09:41"},{"nodeID":"1351003","text":"Lucy Frazer has or has not been to an further education college recently","type":"I","timestamp":"2023-11-09 14:09:42"},{"nodeID":"1351004","text":"David Lammy: Have you been to an FE college recently","type":"L","timestamp":"2023-11-09 14:09:42"},{"nodeID":"1351005","text":"Analysing","type":"YA","timestamp":"2023-11-09 14:09:42"},{"nodeID":"1351006","text":"Joanna: David Lammy: Have you been to an FE college recently","type":"L","timestamp":"2023-11-09 14:09:42"},{"nodeID":"1351007","text":"Pure Questioning","type":"YA","timestamp":"2023-11-09 14:09:42"},{"nodeID":"1351008","text":"Default Transition","type":"TA","timestamp":"2023-11-09 14:09:42"},{"nodeID":"1351009","text":"Lucy Frazer has been to further education collage many, many times","type":"I","timestamp":"2023-11-09 14:09:42"},{"nodeID":"1351010","text":"Lucy Frazer: I have many, many","type":"L","timestamp":"2023-11-09 14:09:42"},{"nodeID":"1351011","text":"Analysing","type":"YA","timestamp":"2023-11-09 14:09:42"},{"nodeID":"1351012","text":"Joanna: Lucy Frazer: I have many, many","type":"L","timestamp":"2023-11-09 14:09:42"},{"nodeID":"1351013","text":"Asserting","type":"YA","timestamp":"2023-11-09 14:09:42"},{"nodeID":"1351014","text":"Default Transition","type":"TA","timestamp":"2023-11-09 14:09:42"},{"nodeID":"1351015","text":"Default Rephrase","type":"MA","timestamp":"2023-11-09 14:09:42"},{"nodeID":"1351016","text":"Default Illocuting","type":"YA","timestamp":"2023-11-09 14:09:42"},{"nodeID":"1351017","text":"further education has been cut to the bone","type":"I","timestamp":"2023-11-09 14:09:43"},{"nodeID":"1351018","text":"David Lammy: FE has been cut to the bone","type":"L","timestamp":"2023-11-09 14:09:43"},{"nodeID":"1351019","text":"Analysing","type":"YA","timestamp":"2023-11-09 14:09:43"},{"nodeID":"1351020","text":"Joanna: David Lammy: FE has been cut to the bone","type":"L","timestamp":"2023-11-09 14:09:43"},{"nodeID":"1351021","text":"Asserting","type":"YA","timestamp":"2023-11-09 14:09:43"},{"nodeID":"1351022","text":"Default Transition","type":"TA","timestamp":"2023-11-09 14:09:43"},{"nodeID":"1351023","text":"look what the government has done to adult learning","type":"I","timestamp":"2023-11-09 14:09:44"},{"nodeID":"1351024","text":"David Lammy: Look what you\u2019ve done to adult learning","type":"L","timestamp":"2023-11-09 14:09:44"},{"nodeID":"1351025","text":"Analysing","type":"YA","timestamp":"2023-11-09 14:09:44"},{"nodeID":"1351026","text":"Joanna: David Lammy: Look what you\u2019ve done to adult learning","type":"L","timestamp":"2023-11-09 14:09:44"},{"nodeID":"1351027","text":"Asserting","type":"YA","timestamp":"2023-11-09 14:09:44"},{"nodeID":"1351028","text":"Default Transition","type":"TA","timestamp":"2023-11-09 14:09:44"},{"nodeID":"1351029","text":"Default Rephrase","type":"MA","timestamp":"2023-11-09 14:09:44"},{"nodeID":"1351030","text":"Restating","type":"YA","timestamp":"2023-11-09 14:09:44"},{"nodeID":"1351031","text":"there are less night schools","type":"I","timestamp":"2023-11-09 14:09:44"},{"nodeID":"1351032","text":"David Lammy: Where are the night schools","type":"L","timestamp":"2023-11-09 14:09:44"},{"nodeID":"1351033","text":"Analysing","type":"YA","timestamp":"2023-11-09 14:09:44"},{"nodeID":"1351034","text":"Joanna: David Lammy: Where are the night schools","type":"L","timestamp":"2023-11-09 14:09:44"},{"nodeID":"1351035","text":"Asserting","type":"YA","timestamp":"2023-11-09 14:09:44"},{"nodeID":"1351036","text":"Default Transition","type":"TA","timestamp":"2023-11-09 14:09:44"},{"nodeID":"1351037","text":"skills are falling apart","type":"I","timestamp":"2023-11-09 14:09:45"},{"nodeID":"1351038","text":"David Lammy:  Skills are falling apart","type":"L","timestamp":"2023-11-09 14:09:45"},{"nodeID":"1351039","text":"Analysing","type":"YA","timestamp":"2023-11-09 14:09:45"},{"nodeID":"1351040","text":"Joanna: David Lammy:  Skills are falling apart","type":"L","timestamp":"2023-11-09 14:09:45"},{"nodeID":"1351041","text":"Asserting","type":"YA","timestamp":"2023-11-09 14:09:45"},{"nodeID":"1351042","text":"Default Transition","type":"TA","timestamp":"2023-11-09 14:09:45"},{"nodeID":"1351043","text":"further education is madness","type":"I","timestamp":"2023-11-09 14:09:46"},{"nodeID":"1351044","text":"David Lammy: Madness","type":"L","timestamp":"2023-11-09 14:09:46"},{"nodeID":"1351045","text":"Analysing","type":"YA","timestamp":"2023-11-09 14:09:46"},{"nodeID":"1351046","text":"Joanna: David Lammy: Madness","type":"L","timestamp":"2023-11-09 14:09:46"},{"nodeID":"1351047","text":"Asserting","type":"YA","timestamp":"2023-11-09 14:09:46"},{"nodeID":"1351048","text":"Default Transition","type":"TA","timestamp":"2023-11-09 14:09:46"},{"nodeID":"1351049","text":"Default Inference","type":"RA","timestamp":"2023-11-09 14:09:46"},{"nodeID":"1351050","text":"Default Transition","type":"TA","timestamp":"2023-11-09 14:09:46"},{"nodeID":"1351051","text":"Arguing","type":"YA","timestamp":"2023-11-09 14:09:46"},{"nodeID":"1351052","text":"there\u2019s an adult skills lifetime guarantee brought in on education for adults","type":"I","timestamp":"2023-11-09 14:09:46"},{"nodeID":"1351053","text":"Lucy Frazer: There\u2019s an adult skills lifetime guarantee brought in on education for adults","type":"L","timestamp":"2023-11-09 14:09:46"},{"nodeID":"1351054","text":"Analysing","type":"YA","timestamp":"2023-11-09 14:09:46"},{"nodeID":"1351055","text":"Joanna: Lucy Frazer: There\u2019s an adult skills lifetime guarantee brought in on education for adults","type":"L","timestamp":"2023-11-09 14:09:46"},{"nodeID":"1351056","text":"Asserting","type":"YA","timestamp":"2023-11-09 14:09:46"},{"nodeID":"1351057","text":"Default Transition","type":"TA","timestamp":"2023-11-09 14:09:46"},{"nodeID":"1351058","text":"Default Conflict","type":"CA","timestamp":"2023-11-09 14:09:46"},{"nodeID":"1351059","text":"Default Transition","type":"TA","timestamp":"2023-11-09 14:09:46"},{"nodeID":"1351060","text":"Disagreeing","type":"YA","timestamp":"2023-11-09 14:09:46"},{"nodeID":"1351061","text":"how frustrating it is to have people sitting here who happily locked children in their homes, in their bedrooms, for the best part of 18 months, telling me that they care about poor children\u2019s education","type":"I","timestamp":"2023-11-09 14:09:47"},{"nodeID":"1351062","text":"Julia Hartley-Brewer: how frustrating it is to have people sitting here who happily locked children in their homes, in their bedrooms, for the best part of 18 months, telling me that they care about poor children\u2019s education","type":"L","timestamp":"2023-11-09 14:09:47"},{"nodeID":"1351063","text":"Analysing","type":"YA","timestamp":"2023-11-09 14:09:47"},{"nodeID":"1351064","text":"Joanna: Julia Hartley-Brewer: how frustrating it is to have people sitting here who happily locked children in their homes, in their bedrooms, for the best part of 18 months, telling me that they care about poor children\u2019s education","type":"L","timestamp":"2023-11-09 14:09:47"},{"nodeID":"1351065","text":"Asserting","type":"YA","timestamp":"2023-11-09 14:09:47"},{"nodeID":"1351066","text":"Default Transition","type":"TA","timestamp":"2023-11-09 14:09:47"},{"nodeID":"1351067","text":"Lucy Frazer and David Lammy are an outrage","type":"I","timestamp":"2023-11-09 14:09:47"},{"nodeID":"1351068","text":"Julia Hartley-Brewer: You\u2019re an outrage, both of you, an outrage","type":"L","timestamp":"2023-11-09 14:09:47"},{"nodeID":"1351069","text":"Analysing","type":"YA","timestamp":"2023-11-09 14:09:47"},{"nodeID":"1351070","text":"Joanna: Julia Hartley-Brewer: You\u2019re an outrage, both of you, an outrage","type":"L","timestamp":"2023-11-09 14:09:47"},{"nodeID":"1351071","text":"Asserting","type":"YA","timestamp":"2023-11-09 14:09:47"},{"nodeID":"1351072","text":"Default Inference","type":"RA","timestamp":"2023-11-09 14:09:47"},{"nodeID":"1351073","text":"Default Transition","type":"TA","timestamp":"2023-11-09 14:09:47"},{"nodeID":"1351074","text":"Arguing","type":"YA","timestamp":"2023-11-09 14:09:47"}],"edges":[{"edgeID":"1769472","fromID":"1350950","toID":"1350949","formEdgeID":null},{"edgeID":"1769473","fromID":"1350951","toID":"1350950","formEdgeID":null},{"edgeID":"1769474","fromID":"1350949","toID":"1350952","formEdgeID":null},{"edgeID":"1769475","fromID":"1350952","toID":"1350948","formEdgeID":null},{"edgeID":"1769476","fromID":"1350955","toID":"1350954","formEdgeID":null},{"edgeID":"1769477","fromID":"1350956","toID":"1350955","formEdgeID":null},{"edgeID":"1769478","fromID":"1350954","toID":"1350957","formEdgeID":null},{"edgeID":"1769479","fromID":"1350957","toID":"1350953","formEdgeID":null},{"edgeID":"1769480","fromID":"1350949","toID":"1350958","formEdgeID":null},{"edgeID":"1769481","fromID":"1350958","toID":"1350954","formEdgeID":null},{"edgeID":"1769482","fromID":"1350953","toID":"1350959","formEdgeID":null},{"edgeID":"1769483","fromID":"1350959","toID":"1350948","formEdgeID":null},{"edgeID":"1769484","fromID":"1350958","toID":"1350960","formEdgeID":null},{"edgeID":"1769485","fromID":"1350960","toID":"1350959","formEdgeID":null},{"edgeID":"1769486","fromID":"1350963","toID":"1350962","formEdgeID":null},{"edgeID":"1769487","fromID":"1350964","toID":"1350963","formEdgeID":null},{"edgeID":"1769488","fromID":"1350962","toID":"1350965","formEdgeID":null},{"edgeID":"1769489","fromID":"1350965","toID":"1350961","formEdgeID":null},{"edgeID":"1769490","fromID":"1350954","toID":"1350966","formEdgeID":null},{"edgeID":"1769491","fromID":"1350966","toID":"1350962","formEdgeID":null},{"edgeID":"1769492","fromID":"1350948","toID":"1350967","formEdgeID":null},{"edgeID":"1769493","fromID":"1350967","toID":"1350961","formEdgeID":null},{"edgeID":"1769494","fromID":"1350949","toID":"1350968","formEdgeID":null},{"edgeID":"1769495","fromID":"1350968","toID":"1350962","formEdgeID":null},{"edgeID":"1769496","fromID":"1350968","toID":"1350969","formEdgeID":null},{"edgeID":"1769497","fromID":"1350969","toID":"1350967","formEdgeID":null},{"edgeID":"1769498","fromID":"1350972","toID":"1350971","formEdgeID":null},{"edgeID":"1769499","fromID":"1350973","toID":"1350972","formEdgeID":null},{"edgeID":"1769500","fromID":"1350971","toID":"1350974","formEdgeID":null},{"edgeID":"1769501","fromID":"1350974","toID":"1350970","formEdgeID":null},{"edgeID":"1769502","fromID":"1350962","toID":"1350975","formEdgeID":null},{"edgeID":"1769503","fromID":"1350975","toID":"1350971","formEdgeID":null},{"edgeID":"1769504","fromID":"1350978","toID":"1350977","formEdgeID":null},{"edgeID":"1769505","fromID":"1350979","toID":"1350978","formEdgeID":null},{"edgeID":"1769506","fromID":"1350977","toID":"1350980","formEdgeID":null},{"edgeID":"1769507","fromID":"1350980","toID":"1350976","formEdgeID":null},{"edgeID":"1769508","fromID":"1350971","toID":"1350981","formEdgeID":null},{"edgeID":"1769509","fromID":"1350981","toID":"1350977","formEdgeID":null},{"edgeID":"1769510","fromID":"1350970","toID":"1350982","formEdgeID":null},{"edgeID":"1769511","fromID":"1350982","toID":"1350976","formEdgeID":null},{"edgeID":"1769512","fromID":"1350970","toID":"1350983","formEdgeID":null},{"edgeID":"1769513","fromID":"1350983","toID":"1350961","formEdgeID":null},{"edgeID":"1769514","fromID":"1350975","toID":"1350984","formEdgeID":null},{"edgeID":"1769515","fromID":"1350984","toID":"1350983","formEdgeID":null},{"edgeID":"1769516","fromID":"1350981","toID":"1350985","formEdgeID":null},{"edgeID":"1769517","fromID":"1350985","toID":"1350982","formEdgeID":null},{"edgeID":"1769518","fromID":"1350988","toID":"1350987","formEdgeID":null},{"edgeID":"1769519","fromID":"1350989","toID":"1350988","formEdgeID":null},{"edgeID":"1769520","fromID":"1350987","toID":"1350990","formEdgeID":null},{"edgeID":"1769521","fromID":"1350990","toID":"1350986","formEdgeID":null},{"edgeID":"1769522","fromID":"1350977","toID":"1350991","formEdgeID":null},{"edgeID":"1769523","fromID":"1350991","toID":"1350987","formEdgeID":null},{"edgeID":"1769524","fromID":"1350994","toID":"1350993","formEdgeID":null},{"edgeID":"1769525","fromID":"1350995","toID":"1350994","formEdgeID":null},{"edgeID":"1769526","fromID":"1350993","toID":"1350996","formEdgeID":null},{"edgeID":"1769527","fromID":"1350996","toID":"1350992","formEdgeID":null},{"edgeID":"1769528","fromID":"1350987","toID":"1350997","formEdgeID":null},{"edgeID":"1769529","fromID":"1350997","toID":"1350993","formEdgeID":null},{"edgeID":"1769530","fromID":"1350992","toID":"1350998","formEdgeID":null},{"edgeID":"1769531","fromID":"1350998","toID":"1350986","formEdgeID":null},{"edgeID":"1769532","fromID":"1350997","toID":"1350999","formEdgeID":null},{"edgeID":"1769533","fromID":"1350999","toID":"1350998","formEdgeID":null},{"edgeID":"1769534","fromID":"1350992","toID":"1351000","formEdgeID":null},{"edgeID":"1769535","fromID":"1351000","toID":"1350976","formEdgeID":null},{"edgeID":"1769536","fromID":"1350977","toID":"1351001","formEdgeID":null},{"edgeID":"1769537","fromID":"1351001","toID":"1350993","formEdgeID":null},{"edgeID":"1769538","fromID":"1351001","toID":"1351002","formEdgeID":null},{"edgeID":"1769539","fromID":"1351002","toID":"1351000","formEdgeID":null},{"edgeID":"1769540","fromID":"1351005","toID":"1351004","formEdgeID":null},{"edgeID":"1769541","fromID":"1351006","toID":"1351005","formEdgeID":null},{"edgeID":"1769542","fromID":"1351004","toID":"1351007","formEdgeID":null},{"edgeID":"1769543","fromID":"1351007","toID":"1351003","formEdgeID":null},{"edgeID":"1769544","fromID":"1350993","toID":"1351008","formEdgeID":null},{"edgeID":"1769545","fromID":"1351008","toID":"1351004","formEdgeID":null},{"edgeID":"1769546","fromID":"1351011","toID":"1351010","formEdgeID":null},{"edgeID":"1769547","fromID":"1351012","toID":"1351011","formEdgeID":null},{"edgeID":"1769548","fromID":"1351010","toID":"1351013","formEdgeID":null},{"edgeID":"1769549","fromID":"1351013","toID":"1351009","formEdgeID":null},{"edgeID":"1769550","fromID":"1351004","toID":"1351014","formEdgeID":null},{"edgeID":"1769551","fromID":"1351014","toID":"1351010","formEdgeID":null},{"edgeID":"1769552","fromID":"1351009","toID":"1351015","formEdgeID":null},{"edgeID":"1769553","fromID":"1351015","toID":"1351003","formEdgeID":null},{"edgeID":"1769554","fromID":"1351014","toID":"1351016","formEdgeID":null},{"edgeID":"1769555","fromID":"1351016","toID":"1351015","formEdgeID":null},{"edgeID":"1769556","fromID":"1351019","toID":"1351018","formEdgeID":null},{"edgeID":"1769557","fromID":"1351020","toID":"1351019","formEdgeID":null},{"edgeID":"1769558","fromID":"1351018","toID":"1351021","formEdgeID":null},{"edgeID":"1769559","fromID":"1351021","toID":"1351017","formEdgeID":null},{"edgeID":"1769560","fromID":"1351010","toID":"1351022","formEdgeID":null},{"edgeID":"1769561","fromID":"1351022","toID":"1351018","formEdgeID":null},{"edgeID":"1769562","fromID":"1351025","toID":"1351024","formEdgeID":null},{"edgeID":"1769563","fromID":"1351026","toID":"1351025","formEdgeID":null},{"edgeID":"1769564","fromID":"1351024","toID":"1351027","formEdgeID":null},{"edgeID":"1769565","fromID":"1351027","toID":"1351023","formEdgeID":null},{"edgeID":"1769566","fromID":"1351018","toID":"1351028","formEdgeID":null},{"edgeID":"1769567","fromID":"1351028","toID":"1351024","formEdgeID":null},{"edgeID":"1769568","fromID":"1351023","toID":"1351029","formEdgeID":null},{"edgeID":"1769569","fromID":"1351029","toID":"1351017","formEdgeID":null},{"edgeID":"1769570","fromID":"1351028","toID":"1351030","formEdgeID":null},{"edgeID":"1769571","fromID":"1351030","toID":"1351029","formEdgeID":null},{"edgeID":"1769572","fromID":"1351033","toID":"1351032","formEdgeID":null},{"edgeID":"1769573","fromID":"1351034","toID":"1351033","formEdgeID":null},{"edgeID":"1769574","fromID":"1351032","toID":"1351035","formEdgeID":null},{"edgeID":"1769575","fromID":"1351035","toID":"1351031","formEdgeID":null},{"edgeID":"1769576","fromID":"1351024","toID":"1351036","formEdgeID":null},{"edgeID":"1769577","fromID":"1351036","toID":"1351032","formEdgeID":null},{"edgeID":"1769578","fromID":"1351039","toID":"1351038","formEdgeID":null},{"edgeID":"1769579","fromID":"1351040","toID":"1351039","formEdgeID":null},{"edgeID":"1769580","fromID":"1351038","toID":"1351041","formEdgeID":null},{"edgeID":"1769581","fromID":"1351041","toID":"1351037","formEdgeID":null},{"edgeID":"1769582","fromID":"1351032","toID":"1351042","formEdgeID":null},{"edgeID":"1769583","fromID":"1351042","toID":"1351038","formEdgeID":null},{"edgeID":"1769584","fromID":"1351045","toID":"1351044","formEdgeID":null},{"edgeID":"1769585","fromID":"1351046","toID":"1351045","formEdgeID":null},{"edgeID":"1769586","fromID":"1351044","toID":"1351047","formEdgeID":null},{"edgeID":"1769587","fromID":"1351047","toID":"1351043","formEdgeID":null},{"edgeID":"1769588","fromID":"1351038","toID":"1351048","formEdgeID":null},{"edgeID":"1769589","fromID":"1351048","toID":"1351044","formEdgeID":null},{"edgeID":"1769590","fromID":"1351043","toID":"1351049","formEdgeID":null},{"edgeID":"1769591","fromID":"1351049","toID":"1351017","formEdgeID":null},{"edgeID":"1769592","fromID":"1351037","toID":"1351049","formEdgeID":null},{"edgeID":"1769593","fromID":"1351031","toID":"1351049","formEdgeID":null},{"edgeID":"1769594","fromID":"1351018","toID":"1351050","formEdgeID":null},{"edgeID":"1769595","fromID":"1351050","toID":"1351044","formEdgeID":null},{"edgeID":"1769596","fromID":"1351050","toID":"1351051","formEdgeID":null},{"edgeID":"1769597","fromID":"1351051","toID":"1351049","formEdgeID":null},{"edgeID":"1769598","fromID":"1351054","toID":"1351053","formEdgeID":null},{"edgeID":"1769599","fromID":"1351055","toID":"1351054","formEdgeID":null},{"edgeID":"1769600","fromID":"1351053","toID":"1351056","formEdgeID":null},{"edgeID":"1769601","fromID":"1351056","toID":"1351052","formEdgeID":null},{"edgeID":"1769602","fromID":"1351044","toID":"1351057","formEdgeID":null},{"edgeID":"1769603","fromID":"1351057","toID":"1351053","formEdgeID":null},{"edgeID":"1769604","fromID":"1351052","toID":"1351058","formEdgeID":null},{"edgeID":"1769605","fromID":"1351058","toID":"1351023","formEdgeID":null},{"edgeID":"1769606","fromID":"1351024","toID":"1351059","formEdgeID":null},{"edgeID":"1769607","fromID":"1351059","toID":"1351053","formEdgeID":null},{"edgeID":"1769608","fromID":"1351059","toID":"1351060","formEdgeID":null},{"edgeID":"1769609","fromID":"1351060","toID":"1351058","formEdgeID":null},{"edgeID":"1769610","fromID":"1351063","toID":"1351062","formEdgeID":null},{"edgeID":"1769611","fromID":"1351064","toID":"1351063","formEdgeID":null},{"edgeID":"1769612","fromID":"1351062","toID":"1351065","formEdgeID":null},{"edgeID":"1769613","fromID":"1351065","toID":"1351061","formEdgeID":null},{"edgeID":"1769614","fromID":"1351053","toID":"1351066","formEdgeID":null},{"edgeID":"1769615","fromID":"1351066","toID":"1351062","formEdgeID":null},{"edgeID":"1769616","fromID":"1351069","toID":"1351068","formEdgeID":null},{"edgeID":"1769617","fromID":"1351070","toID":"1351069","formEdgeID":null},{"edgeID":"1769618","fromID":"1351068","toID":"1351071","formEdgeID":null},{"edgeID":"1769619","fromID":"1351071","toID":"1351067","formEdgeID":null},{"edgeID":"1769620","fromID":"1351061","toID":"1351072","formEdgeID":null},{"edgeID":"1769621","fromID":"1351072","toID":"1351067","formEdgeID":null},{"edgeID":"1769622","fromID":"1351062","toID":"1351073","formEdgeID":null},{"edgeID":"1769623","fromID":"1351073","toID":"1351068","formEdgeID":null},{"edgeID":"1769624","fromID":"1351073","toID":"1351074","formEdgeID":null},{"edgeID":"1769625","fromID":"1351074","toID":"1351072","formEdgeID":null}],"locutions":[]}